name,r,a,s
RTHOL,211.0681646110629,-6.99242073112838,513.1403764767099
RTH2,217.55042413811623,26.81895417756175,436.2946033531224
RTH3,209.38717447986124,-22.225981919096043,455.4958193504258
RKNEL,206.41731814877286,-20.10746229543612,316.12306812596677
RKNEM,45.586128129937876,29.76791011909065,315.62396521106285
RGT,180.49148924050377,-65.80784984335669,694.7908804945989
femur_neck_center_r,110.97234513175779,-31.506665608225354,697.4124326556177
femur_shaft_center_r,124.02184755044861,-41.25393607523665,660.4336290532253
