name,r,a,s
RASI,117.94569648833297,42.102581269750196,775.9344093407154
RPSI,41.442784075904186,-136.28336760117654,814.4840499685561
LPSI,-45.86192593049746,-136.7134054311123,814.5844616848423
LASI,-129.51970592144284,50.076405313781166,784.9128303934783
PE01,-0.39202943970372817,-121.56444130011566,837.4396775582009
PE02,27.617244498408116,-147.2717070193566,797.1939891160359
PE03,-33.879366708141944,-147.49193173475396,797.2523464922043
