name,r,a,s
LTB1,-173.44725834606197,-64.8913724471551,199.73691289448465
LTB2,-190.2035210974521,-31.93008665731818,145.21175108044926
LTB3,-165.92203966218807,-69.62680688898998,99.96589366462682
LANK,-150.60409572147714,-66.78197097758347,-49.8841927688663
LMMA,-86.38323461995509,9.497050984041818,-53.47563874979488
