name,r,a,s
RSHAOL,188.20672776199692,-100.24758587219183,130.84982727604472
RSHA2,193.8829069777712,-52.47967226887402,57.84202162536387
RSHA3,175.53400369150356,-102.80839287329833,71.38148942941862
RMALL,147.09599204921736,-77.34362257389235,-86.70702380382355
RMALM,88.86823766614094,5.1972935042280595,-76.83146535788995
