time,addbrev_r,addlong_r,addmagDist_r,addmagIsch_r,addmagMid_r,addmagProx_r,bflh_r,bfsh_r,edl_r,ehl_r,fdl_r,fhl_r,gaslat_r,gasmed_r,glmax1_r,glmax2_r,glmax3_r,glmed1_r,glmed2_r,glmed3_r,glmin1_r,glmin2_r,glmin3_r,grac_r,iliacus_r,perbrev_r,perlong_r,piri_r,psoas_r,recfem_r,sart_r,semimem_r,semiten_r,soleus_r,tfl_r,tibant_r,tibpost_r,vasint_r,vaslat_r,vasmed_r,addbrev_l,addlong_l,addmagDist_l,addmagIsch_l,addmagMid_l,addmagProx_l,bflh_l,bfsh_l,edl_l,ehl_l,fdl_l,fhl_l,gaslat_l,gasmed_l,glmax1_l,glmax2_l,glmax3_l,glmed1_l,glmed2_l,glmed3_l,glmin1_l,glmin2_l,glmin3_l,grac_l,iliacus_l,perbrev_l,perlong_l,piri_l,psoas_l,recfem_l,sart_l,semimem_l,semiten_l,soleus_l,tfl_l,tibant_l,tibpost_l,vasint_l,vaslat_l,vasmed_l,
0.18,0.113525,0.108947,0.000431266,0,0.0103069,0.00985419,0.064851,0.064851,0.0250223,0.0210857,0.0416785,0.0337543,0.0436258,0.0344672,0.136978,0.136978,0.136978,0.00930519,0.000173712,9.03005e-05,0.0462481,0.046233,0.0421197,0.0224686,0.14003,0.0433699,0.0401493,0.0177155,0.145144,0.108987,0.108987,0.064851,0.064851,0.0379918,0.108987,0.0157632,0.0104321,0.0272308,0.108682,0.108682,0.0369737,0.0122354,0,4.05188e-05,0,0.00255075,0.057848,0.057848,0.0380158,0.00102333,0.0485727,0.0223585,0.00683603,0.00768493,0.159937,0.159937,0.159937,4.86871e-05,0.000655153,0.017523,0.0341255,0.015603,0.0602064,0.00343802,0.00182952,0.045904,0.0363073,0.0815734,0.00164466,0.055084,0.055084,0.057848,0.057848,0.00198372,0.055084,0.000382606,0.101344,0.00711658,0.013775,0.013775,
0.185,0.0727474,0.0534811,0.129586,0.0667931,0.0209899,0.0634604,0.064851,0.064851,0.0512134,0.0269581,0.0148132,0.0172655,0.0254815,0.0163592,0.136978,0.136978,0.136978,5.47444e-06,0.000829037,0.0172522,0.00180187,0.000645973,9.13355e-05,0.344343,0.0614466,0.0114037,0.000732861,0.0278435,0.0621037,0.108987,0.108987,0.064851,0.064851,0.0274015,0.108987,0.106251,0.0238051,4.73502e-05,0.108682,0.108682,0.00499779,0.00188758,9.27147e-05,5.53745e-06,0,5.2616e-05,0.057848,0.057848,0.00610132,0.00444684,0.0789468,0.0650641,0.00181959,0.0226263,0.159937,0.159937,0.159937,0.000327513,0.000440232,0.00906155,0.0178946,0.00732861,0.0274672,0.107967,0.00997649,0.0390424,0.0255158,0.164796,0.000193419,0.055084,0.055084,0.057848,0.057848,0.00426888,0.055084,0.000174993,0.166701,0.0722787,0.013775,0.013775,
0.19,0.0376982,0.0128754,0.122783,0.0635466,0.0184391,0.0811571,0.064851,0.064851,0.0594252,0.0296725,0.0123886,0.0179128,0.023283,0.0175887,0.136978,0.136978,0.136978,0.00773828,0.000918551,0.016855,0.00477121,0.000603352,4.91193e-05,0.405263,0.00996621,0.0116564,0.00187429,0.0363107,0.0117242,0.108987,0.108987,0.064851,0.064851,0.0305939,0.108987,0.136249,0.0248798,0.0109248,0.108682,0.108682,1.69773e-05,0,8.79534e-05,6.43009e-06,0,6.89317e-05,0.057848,0.057848,0.000517073,0.00566049,0.0731111,0.0662902,0.00263671,0.0231606,0.159937,0.159937,0.159937,0.00041984,0.000459241,0.00271101,0.0206725,0.00142877,0.0066001,0.102262,0.0244493,0.0334188,0.0204861,0.181326,0.0115882,0.055084,0.055084,0.057848,0.057848,0.00526471,0.055084,3.13971e-05,0.135338,0.0946917,0.013775,0.013775,
0.195,0.0247547,0.00387912,0.0589907,0.03075,0.00890325,0.06736,0.064851,0.064851,0.0480326,0.0242909,0.00679304,0.012143,0.0189378,0.011877,0.136978,0.136978,0.136978,0.0126379,0.000623008,0.00867162,0.00724966,0.000764484,4.5038e-05,0.295958,2.02218e-05,0.00944425,0.00271506,0.0303207,0.00162986,0.108987,0.108987,0.064851,0.064851,0.0216218,0.108987,0.113457,0.0157193,0.0177927,0.108682,0.108682,0,0,4.22675e-05,1.05028e-05,0,5.75752e-05,0.057848,0.057848,0.000663384,0.00471015,0.0454677,0.042499,0.00263118,0.0160913,0.159937,0.159937,0.159937,0.000349582,0.000411939,0.00101982,0.0215874,0.000224767,0.00348656,0.0491631,0.0295129,0.0224025,0.014056,0.133737,0.0187625,0.055084,0.055084,0.057848,0.057848,0.00440123,0.055084,4.94641e-06,0.0726944,0.0790912,0.013775,0.013775,
0.2,0.190371,0.171045,0.270337,0.139778,0.040461,0.0699291,0.054309,0.054309,0.0687657,0.0326216,0.0333076,0.0290942,0.05066,0.0442161,0.10686,0.10686,0.10686,0.0235984,0.00215247,0.0370806,0.0182239,0.002073,0.000133752,0.491307,0.205948,0.0213004,0.00486411,0.0292134,0.203722,0.114441,0.114441,0.054309,0.054309,0.0658389,0.114441,0.116878,0.0422181,0.0332785,0.119733,0.119733,0.000351201,0,0.000193247,1.96094e-05,0,5.49415e-05,0.061128,0.061128,0.00163994,0.00478967,0.149642,0.119471,0.0069303,0.0457863,0.139195,0.139195,0.139195,0.000360561,0.000625812,0.0278341,0.0389668,0.0241045,0.0985073,0.224616,0.0451464,0.0726185,0.0526996,0.248584,0.0352174,0.058307,0.058307,0.061128,0.061128,0.00427942,0.058307,0.000596087,0.369788,0.0754732,0.011208,0.011208,
0.205,0.0292177,0.00497864,0.184642,0.0962474,0.0278628,0.0800655,0.041959,0.041959,0.0656652,0.029846,0.0182828,0.0259634,0.037526,0.0434273,0.077886,0.077886,0.077886,0.055012,0.00683848,0.0292304,0.0317524,0.00277164,0.000181798,0.460783,9.15874e-05,0.0252667,0.0107441,0.0358386,0.00195207,0.110867,0.110867,0.041959,0.041959,0.0666451,0.110867,0.13412,0.0350658,0.0806445,0.111949,0.111949,0.000459101,0.000599639,0.000131751,4.52725e-05,0,6.84726e-05,0.063965,0.063965,0.00292174,0.00560964,0.103537,0.0941511,0.0107217,0.0345418,0.11529,0.11529,0.11529,0.000412926,0.000714474,0.00174685,0.0574772,0.000287603,0.014768,0.15327,0.0969956,0.043862,0.0305979,0.203275,0.0846533,0.068645,0.068645,0.063965,0.063965,0.00530333,0.068645,2.10782e-05,0.189479,0.0932306,0.014388,0.014388,
0.21,0.02131,0.0041288,0.277401,0.144104,0.0416492,0.0592735,0.032876,0.032876,0.0531913,0.0219968,0.0238539,0.0294575,0.0313157,0.0476406,0.056419,0.056419,0.056419,0.0385136,0.00250394,0.0389012,0.0217258,0.00196806,0.000160942,0.476267,6.16299e-05,0.0231826,0.0075031,0.0261975,0.00140306,0.09755,0.09755,0.032876,0.032876,0.0709325,0.09755,0.0976813,0.04332,0.0542626,0.086821,0.086821,0,0,0.000198761,3.20095e-05,0,4.95634e-05,0.065441,0.065441,0.00170364,0.0041309,0.12648,0.113507,0.00913965,0.0372173,0.093733,0.093733,0.093733,0.000300937,0.00051173,0.00191624,0.0398484,0.000230088,0.0105623,0.231019,0.0660946,0.0477998,0.0315713,0.202074,0.0572967,0.087469,0.087469,0.065441,0.065441,0.00381829,0.087469,1.50752e-05,0.258599,0.0680854,0.029374,0.029374,
0.215,0.0181066,0.00353558,0.237082,0.124526,0.0368513,0.0504226,0.030557,0.030557,0.0514225,0.0192083,0.0241732,0.0303039,0.0428408,0.0631269,0.044092,0.044092,0.044092,0.0893709,0.00329243,0.0369403,0.0518491,0.00457888,0.000283055,0.406573,0.000440463,0.0349119,0.0193115,0.0223553,0.00120154,0.080032,0.080032,0.030557,0.030557,0.091961,0.080032,0.0830217,0.0427555,0.125618,0.057343,0.057343,0.0010266,0.00179734,0.000171303,7.41899e-05,0,4.21143e-05,0.067029,0.067029,0.00504389,0.00355639,0.119332,0.108326,0.0167573,0.0400125,0.078576,0.078576,0.078576,0.000260549,0.000758876,0.00163451,0.0771195,0.000204569,0.024444,0.197498,0.140108,0.0463107,0.0351022,0.175294,0.133801,0.109388,0.109388,0.067029,0.067029,0.00330669,0.109388,3.49405e-05,0.231229,0.0578505,0.059884,0.059884,
0.22,0.0131371,0.00283497,0.262621,0.131978,0.0377987,0.036993,0.036188,0.036188,0.0455786,0.0196639,0.029679,0.0289801,0.0396996,0.0690713,0.039448,0.039448,0.039448,0.090962,0.0749246,0.0648449,0.0621468,0.0035388,0.000252869,0.373016,0.000133349,0.0372761,0.0173431,0.016253,0.000864948,0.065131,0.065131,0.036188,0.036188,0.100118,0.065131,0.0659024,0.0394436,0.178259,0.03257,0.03257,3.83839e-05,0.00661863,0.000179616,6.0508e-05,0,4.00016e-05,0.071189,0.071189,0.00307949,0.00259457,0.124707,0.106145,0.0188137,0.0394894,0.07138,0.07138,0.07138,0.00019876,0.00059439,0.00177598,0.0899319,0.000167856,0.0199413,0.21018,0.188817,0.0519961,0.0393438,0.160272,0.182626,0.129163,0.129163,0.071189,0.071189,0.00320914,0.129163,2.84968e-05,0.235526,0.0419729,0.109015,0.109015,
0.225,0.0118732,0.00266806,0.279826,0.137048,0.0393605,0.0334455,0.049332,0.049332,0.0486676,0.0231198,0.036559,0.0314325,0.0464853,0.0839795,0.041974,0.041974,0.041974,0.11836,0.131108,0.0880912,0.0862775,0.00436803,0.0004638,0.369058,0.000196419,0.0475764,0.0227648,0.0147105,0.000877891,0.059536,0.059536,0.049332,0.049332,0.121403,0.059536,0.0641823,0.0409284,0.255887,0.020365,0.020365,0.000975128,0.0121042,0.000185297,7.25446e-05,0,5.36732e-05,0.080197,0.080197,0.00468376,0.00236172,0.136239,0.111492,0.0246847,0.0436392,0.073394,0.073394,0.073394,0.000190168,0.000665814,0.00196275,0.121779,0.00016516,0.0235719,0.217926,0.266673,0.0609415,0.0475703,0.160979,0.260247,0.139854,0.139854,0.080197,0.080197,0.00365357,0.139854,3.36841e-05,0.244142,0.0377016,0.17019,0.17019,
0.23,0.0118627,0.00256616,0.254941,0.120262,0.0338697,0.0333837,0.067167,0.067167,0.0555408,0.0279898,0.0418119,0.0326373,0.0602434,0.106021,0.048437,0.048437,0.048437,0.176217,0.198252,0.111197,0.128787,0.00610594,0.000403793,0.335976,0.000248986,0.0631807,0.0335206,0.0147843,0.000781047,0.064771,0.064771,0.067167,0.067167,0.153039,0.064771,0.0697276,0.0386938,0.383692,0.022401,0.022401,0.000103735,0.0178873,0.000159548,0.000105668,0,5.31219e-05,0.093031,0.093031,0.00533054,0.00237496,0.138267,0.109239,0.0348754,0.0489771,0.081201,0.081201,0.081201,0.000203308,0.000885802,0.00200003,0.178189,0.000173303,0.0348184,0.18928,0.397378,0.0682075,0.0574102,0.152079,0.390047,0.1404,0.1404,0.093031,0.093031,0.00440824,0.1404,4.97655e-05,0.220795,0.0379015,0.227681,0.227681,
0.235,0.0090359,0.00218302,0.273524,0.126779,0.0358149,0.0258525,0.091202,0.091202,0.0536987,0.0288111,0.114182,0.0818356,0.0764272,0.162655,0.055172,0.055172,0.055172,0.170173,0.228505,0.12315,0.204545,0.0941654,0.0853093,0.323899,0.0113637,0.116803,0.105436,0.0405976,0.0230915,0.079166,0.079166,0.091202,0.091202,0.209814,0.079166,0.0592422,0.0480555,0.425608,0.038332,0.038332,0.0103547,0.0207263,0.000169166,8.78799e-05,0,0.00523242,0.108156,0.108156,0.00398052,0.00197065,0.139144,0.108642,0.0424546,0.0454735,0.089843,0.089843,0.089843,0.000169067,0.000660883,0.00239196,0.163741,0.000209238,0.0262852,0.205614,0.382102,0.0832095,0.0682788,0.200066,0.376453,0.135575,0.135575,0.108156,0.108156,0.00421662,0.135575,3.6954e-05,0.223778,0.0290316,0.269612,0.269612,
0.24,0.0212688,0.00365949,0.182591,0.0740097,0.0238138,0.0585122,0.124295,0.124295,0.0782017,0.0471857,0.0787155,0.0502768,0.0767198,0.1351,0.058899,0.058899,0.058899,0.211337,0.318751,0.147508,0.19755,0.0367903,0.0288454,0.340428,0.00499266,0.101313,0.0726759,0.0360829,0.00895438,0.096307,0.096307,0.124295,0.124295,0.190318,0.096307,0.122394,0.0418214,0.526836,0.064096,0.064096,0.00699487,0.0349964,9.8033e-05,0.00010703,0,0.00182372,0.122476,0.122476,0.00957049,0.00423017,0.127745,0.0918038,0.0460318,0.0490445,0.094418,0.094418,0.094418,0.000374524,0.00101149,0.00235412,0.227828,0.000275153,0.0343945,0.116379,0.528979,0.0848407,0.0713994,0.183544,0.518318,0.131708,0.131708,0.122476,0.122476,0.0074323,0.131708,4.8924e-05,0.150418,0.0680079,0.287693,0.287693,
0.245,0.022245,0.00392689,0.217836,0.0942282,0.0260371,0.0612447,0.166974,0.166974,0.084566,0.0468969,0.128916,0.0928163,0.102518,0.19337,0.058992,0.058992,0.058992,0.237562,0.295848,0.142766,0.263907,0.110017,0.0982253,0.387479,0.0131369,0.144203,0.129364,0.0612443,0.0273505,0.108612,0.108612,0.166974,0.166974,0.252841,0.108612,0.12507,0.0481483,0.571381,0.087845,0.087845,0.0119322,0.0268752,0.000121313,0.000128919,0,0.00605261,0.134494,0.134494,0.00602913,0.00450128,0.143868,0.110241,0.0549436,0.0540338,0.094254,0.094254,0.094254,0.000367904,0.00111338,0.00274708,0.232341,0.000337027,0.0394136,0.152039,0.528811,0.0979672,0.0835934,0.247775,0.516655,0.134225,0.134225,0.134494,0.134494,0.00735471,0.134225,5.56136e-05,0.18724,0.071259,0.287843,0.287843,
0.25,0.0439981,0.0163313,0.153011,0.0613319,0.017315,0.0897621,0.216158,0.216158,0.10419,0.0584533,0.208665,0.152218,0.131894,0.252309,0.056149,0.056149,0.056149,0.232968,0.279043,0.127367,0.350966,0.219476,0.202801,0.429303,0.0405335,0.207982,0.218692,0.110197,0.069308,0.11265,0.11265,0.216158,0.216158,0.309696,0.11265,0.172614,0.0554379,0.589279,0.100631,0.100631,0.0265674,0.0261861,7.66976e-05,0.000122985,0,0.0124552,0.149765,0.149765,0.0075422,0.00668004,0.129361,0.100495,0.0624325,0.0492941,0.092193,0.092193,0.092193,0.000515183,0.0011662,0.00486651,0.215326,0.00207299,0.0395355,0.10558,0.483537,0.11324,0.0953417,0.342112,0.468223,0.145116,0.145116,0.149765,0.149765,0.0091172,0.145116,8.52674e-05,0.14848,0.105038,0.279831,0.279831,
0.255,0.101743,0.0760901,0.248267,0.107963,0.0400336,0.0872423,0.253635,0.253635,0.103169,0.0611859,0.0783578,0.0462446,0.0842379,0.123198,0.052216,0.052216,0.052216,0.201873,0.317833,0.15892,0.178837,0.00837099,0.000490726,0.499634,0.0904101,0.0979232,0.0602819,0.0382174,0.0879628,0.107969,0.107969,0.253635,0.253635,0.183761,0.107969,0.170257,0.0638959,0.50212,0.096823,0.096823,0.00967357,0.0452999,0.000153357,0.000101015,0,0.000113255,0.175987,0.175987,0.0171295,0.00621793,0.171237,0.12402,0.0446934,0.062748,0.093866,0.093866,0.093866,0.000550458,0.00121094,0.0138274,0.233367,0.0104802,0.0723944,0.16979,0.530328,0.107247,0.0855343,0.250371,0.519588,0.159636,0.159636,0.175987,0.175987,0.00916897,0.159636,0.000296751,0.263602,0.0988583,0.275859,0.275859,
0.26,0.087516,0.0609533,0.23657,0.0980859,0.0679132,0.0914068,0.265853,0.265853,0.11891,0.0745462,0.278452,0.169566,0.128214,0.252103,0.047802,0.047802,0.047802,0.236196,0.37416,0.193699,0.397235,0.187805,0.165707,0.505571,0.101435,0.269255,0.274694,0.0965612,0.11333,0.098405,0.098405,0.265853,0.265853,0.326482,0.098405,0.17937,0.151718,0.641785,0.077842,0.077842,0.0584451,0.101116,0.000178487,0.000102892,0,0.0101864,0.2247,0.2247,0.0523003,0.00712253,0.173372,0.126899,0.074612,0.0623936,0.104562,0.104562,0.104562,0.000711391,0.00117307,0.0121744,0.239914,0.00841771,0.0593257,0.16358,0.584507,0.152702,0.115949,0.357837,0.596234,0.173788,0.173788,0.2247,0.2247,0.0100383,0.173788,0.000234854,0.232834,0.102896,0.283875,0.283875,
0.265,0.116863,0.096573,0.371652,0.158753,0.0526584,0.0721428,0.242116,0.242116,0.101244,0.0681068,0.0974508,0.0486874,0.0788088,0.136028,0.043101,0.043101,0.043101,0.183403,0.472168,0.227111,0.190163,0.0054719,0.000550105,0.539934,0.115872,0.102432,0.0530553,0.0309434,0.113147,0.08851,0.08851,0.242116,0.242116,0.202333,0.08851,0.156233,0.066435,0.584774,0.05308,0.05308,0.00799749,0.0563721,0.000220733,5.32848e-05,0,0.000129314,0.299888,0.299888,0.0125774,0.00508753,0.210789,0.141832,0.0467286,0.0674175,0.125348,0.125348,0.125348,0.000489696,0.000818982,0.0178609,0.247672,0.0134644,0.0683164,0.253999,0.605297,0.131721,0.100878,0.269092,0.592934,0.184083,0.184083,0.299888,0.299888,0.00978713,0.184083,0.000348436,0.345336,0.0798328,0.303542,0.303542,
0.27,0.0563267,0.0431676,0.390007,0.159122,0.108876,0.050477,0.193646,0.193646,0.101986,0.0815452,0.301265,0.154323,0.0928351,0.226625,0.038343,0.038343,0.038343,0.195057,0.599833,0.302892,0.388134,0.123689,0.104542,0.479788,0.0796082,0.279877,0.262029,0.0562699,0.0772495,0.080148,0.080148,0.193646,0.193646,0.310726,0.080148,0.124708,0.199983,0.718501,0.033103,0.033103,0.0765599,0.159869,0.000290204,2.93174e-05,0,0.00644457,0.397574,0.397574,0.0800239,0.00439344,0.215389,0.138953,0.0769704,0.0632007,0.153355,0.153355,0.153355,0.000627087,0.00057919,0.0103146,0.256718,0.00599134,0.0264339,0.262421,0.701561,0.180419,0.126076,0.298178,0.730661,0.192522,0.192522,0.397574,0.397574,0.00997605,0.192522,0.000144659,0.294094,0.0528524,0.328604,0.328604,
0.275,0.12831,0.12539,0.538067,0.220848,0.0681427,0.0179502,0.13511,0.13511,0.0845162,0.0745044,0.128355,0.0500354,0.0760356,0.170488,0.033794,0.033794,0.033794,0.194538,0.771023,0.351842,0.237576,0.00178078,0.000368189,0.460343,0.153749,0.119573,0.0474268,0.00578152,0.150344,0.072762,0.072762,0.13511,0.13511,0.250054,0.072762,0.0871612,0.062721,0.810243,0.019654,0.019654,0.0104058,0.079781,0.000299142,6.64233e-06,0,0.000111263,0.517432,0.517432,0.0124055,0.00124855,0.266292,0.156842,0.0571857,0.0731049,0.190114,0.190114,0.190114,0.000242151,0.000289743,0.0237014,0.311318,0.0178336,0.0681879,0.356962,0.815249,0.171829,0.130498,0.240842,0.803905,0.208311,0.208311,0.517432,0.517432,0.00970933,0.208311,0.000434323,0.441191,0.0141167,0.357596,0.357596,
0.28,0.0708961,0.0721396,0.570075,0.233028,0.148815,0.00833188,0.084897,0.084897,0.0942717,0.0906417,0.296525,0.120626,0.0740261,0.209219,0.03082,0.03082,0.03082,0.225608,0.859727,0.429469,0.387708,0.0230938,0.00629616,0.465327,0.109902,0.279224,0.223268,0.00223395,0.0878364,0.066558,0.066558,0.084897,0.084897,0.315297,0.066558,0.0711269,0.241826,0.906713,0.013035,0.013035,0.0842283,0.214869,0.000412496,8.28795e-06,0,0.000435885,0.630442,0.630442,0.103445,0.00146484,0.285957,0.17117,0.0870604,0.0797542,0.229068,0.229068,0.229068,0.000529041,0.00037565,0.0157241,0.341101,0.0102494,0.0389284,0.377178,0.955858,0.217752,0.14994,0.232407,0.999715,0.239373,0.239373,0.630442,0.630442,0.0100776,0.239373,0.000247541,0.41675,1.01006e-05,0.388037,0.388037,
0.285,0.137751,0.139444,0.715349,0.299167,0.0847121,0.00694252,0.052187,0.052187,0.092238,0.0823762,0.15018,0.0581794,0.0873229,0.214121,0.030104,0.030104,0.030104,0.238766,0.948587,0.437057,0.283591,0.000712748,0.000354101,0.564576,0.170192,0.135795,0.0468068,0.000393762,0.166943,0.062214,0.062214,0.052187,0.052187,0.311786,0.062214,0.0816944,0.0695723,0.99657,0.011153,0.011153,0.00183994,0.0874191,0.000399714,1.18309e-06,0,0.000124269,0.693917,0.693917,0.00192677,0.000359802,0.333387,0.201004,0.0691039,0.091136,0.257824,0.257824,0.257824,0.000196747,0.000155363,0.0269541,0.374298,0.0198685,0.0760518,0.483207,0.997068,0.205325,0.15652,0.28469,0.981925,0.287082,0.287082,0.693917,0.693917,0.0106672,0.287082,0.000484393,0.56882,9.31542e-05,0.424828,0.424828,
0.29,0.0832007,0.0852827,0.779096,0.335287,0.112378,0.00665526,0.033649,0.033649,0.0936152,0.0810787,0.184402,0.0785189,0.0848306,0.226891,0.031283,0.031283,0.031283,0.247746,0.918436,0.444345,0.308317,0.0049156,0.000710952,0.637655,0.107573,0.170359,0.0854371,0.000424971,0.101019,0.061475,0.061475,0.033649,0.033649,0.332073,0.061475,0.0763867,0.118669,0.985256,0.01224,0.01224,0.0178065,0.112805,0.000471718,1.36506e-05,0,0.000131219,0.68371,0.68371,0.0223963,0.000553913,0.352188,0.225124,0.0753165,0.0961754,0.270663,0.270663,0.270663,0.000258299,0.00022631,0.0187066,0.370748,0.0120825,0.0500773,0.540928,0.997605,0.211666,0.156338,0.299349,0.995368,0.352602,0.352602,0.68371,0.68371,0.0103415,0.352602,0.000298373,0.591326,5.1467e-05,0.479965,0.479965,
0.295,0.120423,0.122714,0.815304,0.366158,0.105576,0.00719192,0.025881,0.025881,0.0938579,0.0686198,0.145894,0.0724881,0.10368,0.235561,0.03365,0.03365,0.03365,0.279888,0.771533,0.390781,0.280895,0.00501762,0.000558882,0.688363,0.149464,0.141882,0.0575945,0.000488245,0.146012,0.067935,0.067935,0.025881,0.025881,0.339452,0.067935,0.0665578,0.0943817,0.928677,0.015177,0.015177,0.00232929,0.0732496,0.000494926,7.18801e-05,0,0.000100599,0.591231,0.591231,0.0061929,0.000424424,0.373367,0.254805,0.0724014,0.107162,0.269398,0.269398,0.269398,0.000167832,0.000617291,0.0242886,0.369216,0.0174181,0.0901517,0.587831,0.93575,0.202792,0.156374,0.325886,0.925543,0.422526,0.422526,0.591231,0.591231,0.00869849,0.422526,0.000457578,0.681089,0,0.546913,0.546913,
0.3,0.0619042,0.0646053,0.800844,0.37754,0.162405,0.00834226,0.023754,0.023754,0.102048,0.0629836,0.355853,0.212048,0.14965,0.357985,0.036926,0.036926,0.036926,0.334209,0.560814,0.344558,0.4902,0.179344,0.153074,0.727111,0.111737,0.33635,0.312232,0.0530168,0.11576,0.084591,0.084591,0.023754,0.023754,0.476113,0.084591,0.0469246,0.242447,0.900758,0.018487,0.018487,0.0703222,0.14124,0.000579689,0.000145903,0,0.00934043,0.450001,0.450001,0.0709892,0.00140613,0.373273,0.283665,0.103739,0.11219,0.27167,0.27167,0.27167,0.000355594,0.00107662,0.0151904,0.33649,0.00916858,0.0774602,0.611715,0.850168,0.229631,0.170631,0.420931,0.88389,0.483769,0.483769,0.450001,0.450001,0.00646798,0.483769,0.000278649,0.670711,0.000289631,0.606549,0.606549,
0.305,0.0688102,0.0714218,0.835382,0.422839,0.122207,0.00677333,0.023452,0.023452,0.0761048,0.0239383,0.193547,0.154805,0.13888,0.295344,0.041328,0.041328,0.041328,0.27198,0.184481,0.185334,0.292909,0.143207,0.127071,0.794886,0.101849,0.185506,0.161034,0.0443264,0.116736,0.118189,0.118189,0.023452,0.023452,0.381669,0.118189,0.0179373,0.128705,0.548217,0.021155,0.021155,0.0170949,0.0174548,0.000578145,0.000181128,0,0.00772699,0.301814,0.301814,0.0104205,0.000674348,0.365121,0.30667,0.0672451,0.108592,0.300548,0.300548,0.300548,4.69892e-05,0.00122433,0.0153956,0.22583,0.0100724,0.0931084,0.681387,0.481623,0.164971,0.130155,0.422714,0.483087,0.532609,0.532609,0.301814,0.301814,0.00227267,0.532609,0.000319623,0.765268,0.00052522,0.640514,0.640514,
0.31,0.0235468,0.0255125,0.76642,0.39576,0.205317,0.00947237,0.023426,0.023426,0.0948352,0.0399687,0.400369,0.261265,0.163161,0.358963,0.046599,0.046599,0.046599,0.326038,0.119363,0.201892,0.488453,0.218562,0.179657,0.769596,0.075487,0.391538,0.403079,0.0623269,0.0760003,0.179019,0.179019,0.023426,0.023426,0.469952,0.179019,0.00999246,0.333062,0.583355,0.021993,0.021993,0.117009,0.159067,0.000650583,0.000242721,0,0.0108695,0.195437,0.195437,0.128523,0.00208458,0.367405,0.316825,0.103059,0.113395,0.367393,0.367393,0.367393,0.000412018,0.0018709,0.00810522,0.246632,0.00353126,0.0817521,0.639187,0.543139,0.211299,0.151785,0.441098,0.608542,0.552574,0.552574,0.195437,0.195437,0.00230473,0.552574,0.000176978,0.703118,0.000339239,0.626256,0.626256,
0.315,0.0470947,0.0474884,0.742894,0.393294,0.210205,0.0104857,0.023865,0.023865,0.094014,0.0378074,0.246131,0.161777,0.136549,0.237221,0.052378,0.052378,0.052378,0.327538,0.0116891,0.162408,0.317232,0.0350503,0.00200663,0.759237,0.0793932,0.281199,0.250522,0.00132196,0.0568113,0.275379,0.275379,0.023865,0.023865,0.345204,0.275379,0.00246252,0.316018,0.448784,0.020921,0.020921,0.11396,0.155458,0.000646041,0.000301467,0,1.18275e-07,0.146019,0.146019,0.1532,0.00206847,0.383878,0.327986,0.0853579,0.120196,0.457495,0.457495,0.457495,0.000393191,0.00258948,0.0107341,0.274216,0.00655016,0.111791,0.623684,0.525439,0.189002,0.135573,0.336788,0.590461,0.540056,0.540056,0.146019,0.146019,0.00208972,0.540056,0.000281276,0.739959,0,0.570863,0.570863,
0.32,0.00614206,0.00317344,0.558089,0.295738,0.358607,0.0171631,0.026308,0.026308,0.135158,0.0925343,0.590691,0.312533,0.157202,0.28886,0.059359,0.059359,0.059359,0.370248,0.100695,0.257997,0.622553,0.0968698,0.0284715,0.627414,0.0725402,0.627034,0.633032,0.0105595,0.0137437,0.416601,0.416601,0.026308,0.026308,0.438583,0.416601,0.00725764,0.675966,0.556899,0.018602,0.018602,0.312453,0.448,0.000716376,0.000351127,0,0.00152092,0.140646,0.140646,0.394186,0.00484047,0.384198,0.310251,0.142957,0.118018,0.545651,0.545651,0.545651,0.00112537,0.00361908,0.00386865,0.341072,0.000256563,0.0869921,0.469786,0.72251,0.291486,0.183095,0.315708,0.902026,0.50179,0.50179,0.140646,0.140646,0.00544498,0.50179,0.000124267,0.573041,4.71543e-05,0.487166,0.487166,
0.325,0.036922,0.029158,0.542528,0.287356,0.29479,0.0157126,0.032276,0.032276,0.136824,0.0970105,0.410489,0.242822,0.179664,0.250932,0.066901,0.066901,0.066901,0.359497,0.0787793,0.20614,0.476101,0.0577843,0.00374562,0.586235,0.0810468,0.48372,0.445152,0.00278406,0.0421313,0.564157,0.564157,0.032276,0.032276,0.380909,0.564157,0.0069341,0.49854,0.528915,0.016214,0.016214,0.288716,0.337268,0.000604973,0.000414984,0,9.08263e-06,0.158106,0.158106,0.365561,0.00435445,0.415291,0.315462,0.11864,0.111981,0.589849,0.589849,0.589849,0.00077713,0.00436437,0.00846334,0.385145,0.00398404,0.103642,0.456404,0.660434,0.280144,0.188553,0.321374,0.784652,0.453747,0.453747,0.158106,0.158106,0.00766228,0.453747,0.000220402,0.618818,0,0.405892,0.405892,
0.33,0.0137777,0.00274145,0.39754,0.207217,0.394339,0.0208415,0.042736,0.042736,0.166138,0.140973,0.632471,0.33387,0.187315,0.266425,0.074573,0.074573,0.074573,0.367647,0.181287,0.282288,0.663775,0.0811785,0.00495554,0.472586,0.0788205,0.708487,0.686877,0.00352446,0.0136313,0.67219,0.67219,0.042736,0.042736,0.422242,0.67219,0.0143814,0.736853,0.597193,0.014316,0.014316,0.430599,0.543069,0.000633375,0.000434182,0,2.31424e-05,0.173883,0.173883,0.538861,0.00632716,0.414052,0.29353,0.154354,0.106038,0.573672,0.573672,0.573672,0.00128377,0.00506137,0.00446579,0.433874,0.000233812,0.0811648,0.33003,0.797886,0.353527,0.221898,0.293195,0.998522,0.408864,0.408864,0.173883,0.173883,0.0108688,0.408864,0.000116094,0.487284,0.000448199,0.343525,0.343525,
0.335,0.0407831,0.0284508,0.403927,0.211128,0.320534,0.0178954,0.056097,0.056097,0.153951,0.128039,0.46977,0.2692,0.193233,0.239742,0.081299,0.081299,0.081299,0.343712,0.141136,0.225777,0.526249,0.065284,0.0044712,0.453801,0.0895895,0.558828,0.513357,0.00349234,0.0454402,0.684066,0.684066,0.056097,0.056097,0.372377,0.684066,0.0119596,0.557451,0.546703,0.013101,0.013101,0.36911,0.414193,0.000539011,0.000443647,0,1.74783e-05,0.171084,0.171084,0.461275,0.00536012,0.413436,0.288318,0.127778,0.0993017,0.500681,0.500681,0.500681,0.000927468,0.00506987,0.00861545,0.426138,0.00392933,0.093899,0.336819,0.696155,0.318659,0.210136,0.299167,0.841416,0.376769,0.376769,0.171084,0.171084,0.0108841,0.376769,0.000205543,0.522928,0,0.314695,0.314695,
0.34,0.0121145,0.00211689,0.344938,0.175733,0.284679,0.0157931,0.068347,0.068347,0.141685,0.115187,0.440899,0.245945,0.17958,0.243476,0.088204,0.088204,0.088204,0.377426,0.209053,0.236149,0.532222,0.0612681,0.00400031,0.38351,0.0532446,0.526528,0.486842,0.00326744,0.0113693,0.59641,0.59641,0.068347,0.068347,0.375524,0.59641,0.0171768,0.512263,0.643781,0.012354,0.012354,0.321277,0.38394,0.000470225,0.000419402,0,2.70433e-05,0.148865,0.148865,0.404399,0.004744,0.36179,0.253559,0.128151,0.0955785,0.406381,0.406381,0.406381,0.000876948,0.00455303,0.00400611,0.435497,0.000192188,0.0844016,0.277746,0.785492,0.286329,0.192522,0.249836,0.919293,0.349606,0.349606,0.148865,0.148865,0.00998732,0.349606,0.000120721,0.42417,0.000846134,0.319315,0.319315,
0.345,0.0442084,0.0373422,0.372719,0.194567,0.214556,0.0121183,0.07583,0.07583,0.108312,0.0803679,0.311884,0.185883,0.146636,0.198524,0.100063,0.100063,0.100063,0.283911,0.102241,0.163858,0.376694,0.0549655,0.0140185,0.398984,0.0806508,0.371767,0.338881,0.00609297,0.0541932,0.439277,0.439277,0.07583,0.07583,0.297395,0.439277,0.00944122,0.363011,0.451352,0.011899,0.011899,0.224949,0.254803,0.000419089,0.000325452,0,0.000690192,0.11292,0.11292,0.282405,0.00336995,0.313181,0.229446,0.0923224,0.0828661,0.323649,0.323649,0.323649,0.000576592,0.0034588,0.00890827,0.316389,0.00523179,0.0867643,0.309473,0.540679,0.220082,0.151062,0.243986,0.63062,0.314123,0.314123,0.11292,0.11292,0.00674775,0.314123,0.000220854,0.447885,2.11789e-05,0.338935,0.338935,
0.35,0.00401689,0.00164847,0.275831,0.142653,0.200001,0.00977167,0.075347,0.075347,0.0938544,0.0630203,0.402378,0.225117,0.137738,0.252814,0.120728,0.120728,0.120728,0.324798,0.139492,0.17605,0.493754,0.131884,0.0850653,0.306843,0.0509887,0.435105,0.445078,0.029894,0.0264216,0.279428,0.279428,0.075347,0.075347,0.356533,0.279428,0.0105872,0.395871,0.556929,0.011736,0.011736,0.194169,0.26784,0.000370486,0.000279613,0,0.00505827,0.077687,0.077687,0.237213,0.00300175,0.230594,0.181905,0.107274,0.0768894,0.288877,0.288877,0.288877,0.000663413,0.00261184,0.00254825,0.290593,0.000207314,0.0712574,0.226963,0.614182,0.19311,0.133041,0.215398,0.717742,0.267677,0.267677,0.077687,0.077687,0.00439884,0.267677,0.000101339,0.298339,0.000157533,0.344259,0.344259,
0.355,0.0537242,0.0535014,0.228657,0.12411,0.189695,0.0103297,0.068302,0.068302,0.0798366,0.048352,0.453665,0.254304,0.129037,0.26361,0.148515,0.148515,0.148515,0.259765,0.0411471,0.133671,0.507808,0.200503,0.15262,0.276543,0.124761,0.450637,0.49693,0.0529073,0.105623,0.166658,0.166658,0.068302,0.068302,0.352118,0.166658,0.00563197,0.401501,0.420359,0.011664,0.011664,0.177917,0.254173,0.000352851,0.000208953,0,0.00919284,0.054148,0.054148,0.206174,0.00286493,0.182235,0.15446,0.0999858,0.0661567,0.305147,0.305147,0.305147,0.000670259,0.00189963,0.010047,0.189513,0.00767513,0.0849559,0.201737,0.433092,0.17519,0.117841,0.238094,0.541191,0.219057,0.219057,0.054148,0.054148,0.00191951,0.219057,0.000262433,0.279107,0.000287142,0.319498,0.319498,
0.36,4.62867e-05,0.0015148,0.128595,0.0703948,0.240239,0.0111542,0.057233,0.057233,0.0842809,0.0568459,0.632162,0.330796,0.123937,0.308204,0.181778,0.181778,0.181778,0.286501,0.0949753,0.179184,0.677855,0.261514,0.197901,0.198718,0.0860766,0.610833,0.695356,0.0680993,0.053732,0.100191,0.100191,0.057233,0.057233,0.414297,0.100191,0.00723713,0.558046,0.501094,0.011383,0.011383,0.231265,0.370994,0.000370065,0.000187452,0,0.011943,0.041932,0.041932,0.266867,0.00363234,0.136305,0.123856,0.128002,0.06148,0.356191,0.356191,0.356191,0.000994748,0.00166742,0.00154442,0.18709,0.000286112,0.0553428,0.117122,0.531789,0.194871,0.121123,0.213664,0.690934,0.172794,0.172794,0.041932,0.041932,0.00164151,0.172794,7.77737e-05,0.136754,0.000372864,0.259893,0.259893,
0.365,0.0595698,0.0607214,0.0499083,0.0296231,0.2623,0.0143571,0.046598,0.046598,0.0771011,0.0628914,0.537363,0.23267,0.0561322,0.141687,0.211322,0.211322,0.211322,0.190978,0.089559,0.182175,0.505016,0.0598277,0.00235581,0.133512,0.142777,0.526673,0.581937,0.000848852,0.0741558,0.071721,0.071721,0.046598,0.046598,0.237941,0.071721,0.0108507,0.599034,0.292806,0.010706,0.010706,0.239003,0.425986,0.000358301,0.000119967,0,1.20553e-05,0.039056,0.039056,0.303714,0.00384895,0.109315,0.0892825,0.1048,0.0536518,0.415063,0.415063,0.415063,0.0011567,0.00149282,0.00965383,0.146848,0.00863514,0.0722537,0.0430014,0.465586,0.17553,0.0947429,0.071394,0.645531,0.133856,0.133856,0.039056,0.039056,0.00163689,0.133856,0.000265369,0.103573,0.000707412,0.180155,0.180155,
0.37,0.000241055,0.00162136,0.0132368,0.0128337,0.323708,0.0158274,0.039533,0.039533,0.0904451,0.0751505,0.787748,0.37602,0.0893692,0.262067,0.229268,0.229268,0.229268,0.222874,0.0836112,0.210701,0.751856,0.23183,0.153476,0.12594,0.107279,0.74968,0.859367,0.052822,0.0426517,0.064987,0.064987,0.039533,0.039533,0.377084,0.064987,0.00750683,0.765305,0.375485,0.009824,0.009824,0.319165,0.534247,0.000419448,0.000131135,0,0.00919725,0.040723,0.040723,0.380685,0.00496072,0.100051,0.0912048,0.141284,0.0516285,0.453496,0.453496,0.453496,0.00143989,0.00155448,0.000823419,0.136163,0.000271851,0.0384307,0.0244215,0.494909,0.222081,0.118591,0.150724,0.723866,0.103529,0.103529,0.040723,0.040723,0.00166521,0.103529,5.38992e-05,0.0315481,0.00105724,0.109086,0.109086,
0.375,0.0251247,0.0266585,0.0139261,0.0119103,0.319659,0.0155768,0.035806,0.035806,0.0801645,0.0732055,0.657953,0.279791,0.0380526,0.135894,0.235979,0.235979,0.235979,0.153529,0.0868486,0.207854,0.576539,0.0705206,0.00272308,0.119568,0.117397,0.632558,0.708574,0.000514972,0.0331837,0.068323,0.068323,0.035806,0.035806,0.23965,0.068323,0.0079007,0.735577,0.230147,0.009087,0.009087,0.297399,0.528176,0.000414322,8.41318e-05,0,1.13741e-05,0.043,0.043,0.374687,0.00461725,0.093899,0.0781952,0.116392,0.0476475,0.465067,0.465067,0.465067,0.00142391,0.0013596,0.00416593,0.111061,0.00375105,0.0415695,0.0162371,0.43992,0.196018,0.0946799,0.0542441,0.663824,0.078379,0.078379,0.043,0.043,0.00163111,0.078379,0.000128046,0.0424628,0,0.057169,0.057169,
0.38,0.00734032,0.00875371,0.0151637,0.0121137,0.328287,0.015642,0.035258,0.035258,0.0907987,0.0783166,0.834269,0.404911,0.0939568,0.283755,0.229073,0.229073,0.229073,0.195977,0.0941254,0.215028,0.785532,0.279951,0.199963,0.126064,0.123277,0.781565,0.903014,0.0685597,0.0638196,0.075541,0.075541,0.035258,0.035258,0.396015,0.075541,0.00767764,0.77806,0.36081,0.008918,0.008918,0.33061,0.542613,0.000424634,0.000105009,0,0.0120355,0.043385,0.043385,0.386178,0.00506469,0.0977151,0.0870229,0.142837,0.0469081,0.450407,0.450407,0.450407,0.0014573,0.00137177,0.00216685,0.111636,0.00132506,0.0315391,0.027397,0.450548,0.232192,0.123523,0.182077,0.682604,0.061491,0.061491,0.043385,0.043385,0.00181827,0.061491,6.32746e-05,0.0306021,0.000375743,0.02927,0.02927,
0.385,0.0125261,0.0135642,0.0127645,0.0105657,0.2934,0.0140783,0.036856,0.036856,0.0724323,0.0680908,0.600112,0.255605,0.0316412,0.118883,0.212023,0.212023,0.212023,0.126901,0.0795912,0.189312,0.5191,0.0639602,0.0025058,0.109214,0.0939284,0.576583,0.645069,0.000501297,0.0175294,0.082529,0.082529,0.036856,0.036856,0.211782,0.082529,0.00669864,0.671766,0.191821,0.009295,0.009295,0.276103,0.484219,0.00037845,7.0719e-05,0,1.04565e-05,0.042342,0.042342,0.346973,0.00424952,0.0854444,0.0699244,0.104508,0.0409137,0.417075,0.417075,0.417075,0.00129897,0.00122729,0.00219185,0.0945253,0.00188035,0.0283304,0.0150081,0.382551,0.179233,0.0852105,0.0488666,0.586998,0.054006,0.054006,0.042342,0.042342,0.00169549,0.054006,7.37096e-05,0.0318039,0,0.018681,0.018681,
0.39,0.00181863,0.00146669,0.0183699,0.010708,0.273925,0.0158132,0.039371,0.039371,0.0915122,0.0742113,0.841441,0.447322,0.140339,0.380107,0.188936,0.188936,0.188936,0.223364,0.112858,0.192003,0.848334,0.424334,0.347429,0.117702,0.118542,0.779502,0.914613,0.120834,0.0943778,0.086698,0.086698,0.039371,0.039371,0.483869,0.086698,0.0134751,0.667298,0.470675,0.010023,0.010023,0.303298,0.4546,0.000350753,0.000126402,0,0.0210544,0.041838,0.041838,0.3293,0.00478137,0.097482,0.0864129,0.144839,0.0417871,0.375409,0.375409,0.375409,0.00122327,0.00134464,0.00180368,0.122207,0.000390498,0.0270271,0.0333998,0.430773,0.232574,0.136977,0.280257,0.624067,0.052157,0.052157,0.041838,0.041838,0.0024819,0.052157,3.61982e-05,0.0299414,0.00383981,0.01583,0.01583,
0.395,0.00582502,0.00283304,0.0106052,0.00914945,0.257917,0.0246992,0.041264,0.041264,0.0704044,0.063377,0.527201,0.225572,0.0273118,0.102105,0.162761,0.162761,0.162761,0.106377,0.0663924,0.164981,0.452902,0.0560145,0.0021856,0.140743,0.0705215,0.506269,0.566517,0.00610242,0.00380968,0.085931,0.085931,0.041264,0.041264,0.183783,0.085931,0.0264221,0.592081,0.158881,0.01079,0.01079,0.242285,0.425435,0.000332938,5.79131e-05,0,1.95519e-05,0.044471,0.044471,0.30436,0.00459607,0.075861,0.0638161,0.0910001,0.0363462,0.33168,0.33168,0.33168,0.0012062,0.00109932,0.000529141,0.0796255,0.000291789,0.0183261,0.0131187,0.328431,0.157678,0.0739028,0.0607515,0.506266,0.051985,0.051985,0.044471,0.044471,0.00223899,0.051985,2.86554e-05,0.0236902,0.0148598,0.014957,0.014957,
0.4,0.0017976,0.00163273,0.0196298,0.00963934,0.22761,0.0109446,0.04139,0.04139,0.0735912,0.0633188,0.589043,0.293069,0.0875706,0.228383,0.137224,0.137224,0.137224,0.18296,0.120871,0.169433,0.587296,0.212462,0.155142,0.0872929,0.0810888,0.563714,0.640223,0.0534069,0.0440869,0.080932,0.080932,0.04139,0.04139,0.314892,0.080932,0.00946027,0.534634,0.360937,0.011296,0.011296,0.240713,0.379063,0.000288415,0.000115197,0,0.00934531,0.052254,0.052254,0.280016,0.0036512,0.0910602,0.0724268,0.108567,0.0381959,0.284549,0.284549,0.284549,0.000999467,0.00133104,0.00123678,0.133084,0.000304902,0.0277247,0.0212659,0.41195,0.179189,0.102694,0.147209,0.569197,0.050903,0.050903,0.052254,0.052254,0.00257095,0.050903,4.00405e-05,0.0331693,0.000291564,0.013875,0.013875,
0.405,0.00538286,0.00172378,0.0156351,0.00730549,0.194048,0.0234236,0.039787,0.039787,0.0579993,0.0523803,0.402342,0.170558,0.0214996,0.0817094,0.111042,0.111042,0.111042,0.0859284,0.0959411,0.141803,0.351795,0.0418927,0.00162555,0.124321,0.0523368,0.385577,0.428337,0.00676711,0.00206451,0.07262,0.07262,0.039787,0.039787,0.14615,0.07262,0.0317408,0.446537,0.159993,0.011464,0.011464,0.181201,0.324499,0.000251103,3.69981e-05,0,2.49665e-05,0.067663,0.067663,0.227481,0.00378336,0.0614029,0.0486762,0.0706842,0.0288739,0.230572,0.230572,0.230572,0.00094344,0.000794146,0.000474273,0.0728078,0.000142402,0.0118342,0.0107464,0.288298,0.124125,0.0594975,0.0544671,0.420811,0.048544,0.048544,0.067663,0.067663,0.00243806,0.048544,1.69084e-05,0.0167207,0.0169437,0.013612,0.013612,
0.41,0.000672367,0.000549498,0.0348054,0.0073047,0.104442,0.00563008,0.0374,0.0374,0.0505872,0.0416182,0.331626,0.172069,0.07594,0.185396,0.086717,0.086717,0.086717,0.178604,0.211533,0.140059,0.393346,0.155621,0.124492,0.0465025,0.0440472,0.323093,0.357931,0.043195,0.0339151,0.06416,0.06416,0.0374,0.0374,0.245246,0.06416,0.0176606,0.254806,0.425224,0.011187,0.011187,0.115557,0.188024,0.000132682,9.3141e-05,0,0.00755218,0.089449,0.089449,0.128686,0.00181682,0.0678653,0.0465302,0.0732284,0.0296295,0.175899,0.175899,0.175899,0.000491564,0.000835655,0.00120845,0.15314,0.000166352,0.0247921,0.0156307,0.418218,0.113579,0.0764791,0.111563,0.488882,0.04807,0.04807,0.089449,0.089449,0.00292107,0.04807,3.45622e-05,0.0220793,0.000970759,0.017835,0.017835,
0.415,0.000494122,0.0010761,0.0140646,0.00660969,0.210139,0.0111484,0.035882,0.035882,0.0474384,0.0498411,0.437891,0.183123,0.00731553,0.0718628,0.064758,0.064758,0.064758,0.0432533,0.085662,0.144573,0.356153,0.0493014,0.00745678,0.0839122,0.0574858,0.40816,0.460409,0.00282114,0.00336487,0.057249,0.057249,0.035882,0.035882,0.132363,0.057249,0.00893851,0.480941,0.0930571,0.01029,0.01029,0.196329,0.350217,0.000272566,6.45041e-07,0,0.000367595,0.11802,0.11802,0.24372,0.00308223,0.0499346,0.0384665,0.0690554,0.0219584,0.120628,0.120628,0.120628,0.000946539,0.000506046,0.000307167,0.0329661,0.000104364,3.7911e-05,0.0115774,0.223212,0.125614,0.0547737,0.0356035,0.369411,0.054364,0.054364,0.11802,0.11802,0.00141661,0.054364,0,0.00445667,0.00158982,0.032157,0.032157,
0.42,0.00113898,0.000121648,0.0443377,0.00588583,0.0164033,0.00159367,0.037395,0.037395,0.0420368,0.0307754,0.192716,0.125813,0.0983171,0.20935,0.049494,0.049494,0.049494,0.207021,0.268671,0.114865,0.32297,0.185133,0.168557,0.0152369,0.0256995,0.196776,0.210547,0.0586092,0.045361,0.052667,0.052667,0.037395,0.037395,0.254116,0.052667,0.0221499,0.0561359,0.532771,0.008611,0.008611,0.0429831,0.0487973,1.58678e-05,0.000115363,0,0.0102822,0.147661,0.147661,0.0317187,0.000691492,0.0659484,0.0387593,0.057837,0.0255891,0.07693,0.07693,0.07693,0.000105932,0.000789464,0.00163616,0.190058,0.00016816,0.0285306,0.0152663,0.44115,0.0844556,0.0741286,0.136279,0.448281,0.071057,0.071057,0.147661,0.147661,0.00369298,0.071057,3.95854e-05,0.0267934,0.00101218,0.060632,0.060632,
0.425,0.00292254,0.000662753,0.140356,0.0607035,0.0500932,0.00541908,0.042461,0.042461,0.036998,0.0312348,0.206097,0.132518,0.0704106,0.16293,0.042897,0.042897,0.042897,0.0797,0.168709,0.0933013,0.246792,0.17152,0.156993,0.135536,0.0277268,0.188453,0.206055,0.0556561,0.043263,0.049601,0.049601,0.042461,0.042461,0.193741,0.049601,0.0180659,0.0954879,0.278967,0.006347,0.006347,0.0658051,0.0661097,0.000113816,4.33647e-05,0,0.00956588,0.166911,0.166911,0.0570978,0.0011349,0.0888805,0.0594889,0.0403632,0.0184433,0.051929,0.051929,0.051929,0.000158226,0.000449239,0.00197542,0.0849626,0.000163648,0.000794859,0.107349,0.19678,0.0897225,0.0642202,0.17367,0.213984,0.09599,0.09599,0.166911,0.166911,0.00322689,0.09599,0,0.112271,0.00359258,0.099284,0.099284,
0.43,0.000321284,0.000192375,0.0932539,0.0301662,0.00900909,0.000551696,0.050886,0.050886,0.0427635,0.0272075,0.267305,0.186495,0.125453,0.291999,0.043025,0.043025,0.043025,0.213347,0.270626,0.114717,0.411549,0.305722,0.286283,0.0580255,0.0377877,0.248074,0.286487,0.098898,0.0759723,0.047274,0.047274,0.050886,0.050886,0.336642,0.047274,0.021387,0.0464879,0.584924,0.0042,0.0042,0.0384928,0.0262401,3.47547e-05,0.000104166,0,0.0174739,0.17401,0.17401,0.00806402,0.000592424,0.0728337,0.0500171,0.0659996,0.0258644,0.042255,0.042255,0.042255,4.94779e-05,0.000529129,0.00220134,0.169921,0.000249113,0.0238521,0.061186,0.40946,0.0966002,0.0859626,0.224649,0.409537,0.122242,0.122242,0.17401,0.17401,0.00327855,0.122242,3.20543e-05,0.0586133,0.000544985,0.139834,0.139834,
0.435,0.00307561,0.000864503,0.168375,0.0725028,0.0415104,0.00774548,0.061386,0.061386,0.0420325,0.0301381,0.226565,0.149912,0.0876865,0.208397,0.047279,0.047279,0.047279,0.126767,0.211592,0.10962,0.299627,0.209944,0.194162,0.164842,0.0303596,0.206146,0.228684,0.0697148,0.0523749,0.04679,0.04679,0.061386,0.061386,0.246678,0.04679,0.0263541,0.0843135,0.388504,0.004723,0.004723,0.0514578,0.0523082,0.000118215,5.88163e-05,0,0.0118472,0.175823,0.175823,0.0354609,0.00117124,0.0969736,0.069244,0.0493554,0.0256419,0.043732,0.043732,0.043732,0.000145158,0.000426269,0.00222783,0.114433,0.000207587,0.00889534,0.126863,0.27989,0.0949454,0.0729682,0.206798,0.290807,0.136354,0.136354,0.175823,0.175823,0.00335708,0.136354,1.13163e-05,0.128096,0.00710272,0.164464,0.164464,
0.44,0.000979789,0.000350408,0.118696,0.0413611,0.0189741,0.00214706,0.074534,0.074534,0.0528054,0.0336902,0.350364,0.243509,0.154727,0.362888,0.052076,0.052076,0.052076,0.243824,0.300343,0.132232,0.513381,0.393304,0.367932,0.0860477,0.0501087,0.320912,0.374929,0.127585,0.0978541,0.050479,0.050479,0.074534,0.074534,0.41577,0.050479,0.0255666,0.0731773,0.67527,0.012258,0.012258,0.0569637,0.0396612,5.69846e-05,0.000120455,0,0.0224513,0.186454,0.186454,0.0188194,0.000935289,0.0901783,0.0639309,0.0807194,0.0299897,0.050527,0.050527,0.050527,8.59893e-05,0.000625471,0.00274933,0.187585,0.000319313,0.0254457,0.0836081,0.452348,0.122078,0.105682,0.291909,0.457034,0.132775,0.132775,0.186454,0.186454,0.00385014,0.132775,3.375e-05,0.0794021,0.00195607,0.163661,0.163661,
0.445,0.00926506,0.00157045,0.138995,0.0508744,0.0404875,0.0232039,0.094524,0.094524,0.0581203,0.0453174,0.231013,0.147398,0.0938478,0.209683,0.054781,0.054781,0.054781,0.146745,0.300033,0.139739,0.320203,0.199276,0.183148,0.179277,0.029909,0.217623,0.230945,0.0729103,0.0502573,0.062959,0.062959,0.094524,0.094524,0.254443,0.062959,0.0593403,0.087983,0.474303,0.034061,0.034061,0.0596479,0.0685087,9.1086e-05,6.44431e-05,0,0.0111939,0.220916,0.220916,0.0469512,0.00233938,0.102231,0.0644054,0.0546422,0.0275117,0.059179,0.059179,0.059179,0.000256765,0.000612811,0.00252338,0.156505,0.000252911,0.00877607,0.0916991,0.377493,0.108517,0.08305,0.21606,0.386689,0.112832,0.112832,0.220916,0.220916,0.00566551,0.112832,1.12025e-05,0.100101,0.0252083,0.139033,0.139033,
0.45,0.00709583,0.000878562,0.0787618,0.0075541,0.0222881,0.015907,0.122352,0.122352,0.0707806,0.0581495,0.327517,0.212345,0.146239,0.32731,0.053837,0.053837,0.053837,0.253381,0.47491,0.193999,0.50157,0.325056,0.301901,0.0716995,0.0439346,0.313239,0.340112,0.110937,0.0816971,0.08869,0.08869,0.122352,0.122352,0.388598,0.08869,0.0619045,0.0790196,0.787489,0.075661,0.075661,0.0717862,0.0757625,1.89702e-05,0.000112178,0,0.0184467,0.277479,0.277479,0.045478,0.00202544,0.0991487,0.0499287,0.0835712,0.0301391,0.066249,0.066249,0.066249,0.000226579,0.000831257,0.00308913,0.253982,0.000323458,0.0194293,0.0270045,0.613077,0.140676,0.116924,0.260166,0.617832,0.085514,0.085514,0.277479,0.277479,0.00738283,0.085514,2.558e-05,0.0319197,0.017561,0.102535,0.102535,
0.455,0.0257127,0.00351354,0.112406,0.0201556,0.0187591,0.0635799,0.15209,0.15209,0.094639,0.0786916,0.210911,0.134859,0.109807,0.217489,0.050014,0.050014,0.050014,0.169753,0.513576,0.203151,0.337268,0.191188,0.179332,0.262354,0.0248049,0.207966,0.19633,0.0903179,0.0511427,0.125616,0.125616,0.15209,0.15209,0.270136,0.125616,0.14577,0.0448204,0.65768,0.133267,0.133267,0.0584253,0.0655347,2.36556e-05,5.77997e-05,0,0.0110243,0.332911,0.332911,0.0439177,0.00511171,0.12257,0.0590372,0.0587723,0.0300348,0.070344,0.070344,0.070344,0.000433045,0.000869162,0.00357684,0.237942,0.000382877,0.000965903,0.0437318,0.557091,0.13489,0.104995,0.272468,0.543412,0.062852,0.062852,0.332911,0.332911,0.0114459,0.062852,0,0.0657166,0.0736729,0.071078,0.071078,
0.46,0.0248997,0.00321709,0.104982,0.00886454,0.0140272,0.0598918,0.178559,0.178559,0.106863,0.0891735,0.307605,0.203337,0.156012,0.322579,0.044941,0.044941,0.044941,0.239362,0.618946,0.239717,0.488449,0.31286,0.294315,0.228005,0.0391232,0.297888,0.301792,0.128429,0.0818793,0.169105,0.169105,0.178559,0.178559,0.387645,0.169105,0.14795,0.0499261,0.868506,0.200518,0.200518,0.0758105,0.0724034,1.53996e-06,9.27392e-05,0,0.01804,0.373129,0.373129,0.0486359,0.00508761,0.135139,0.0623192,0.0815532,0.0335528,0.072388,0.072388,0.072388,0.00041894,0.00105053,0.0042745,0.297139,0.00046099,0.00642067,0.0312996,0.693785,0.167635,0.135197,0.341454,0.678354,0.047501,0.047501,0.373129,0.373129,0.0127134,0.047501,6.97512e-06,0.0513721,0.069576,0.05008,0.05008,
0.465,0.0393517,0.00516823,0.110177,0.00990569,0.0195879,0.0958865,0.193448,0.193448,0.128313,0.107541,0.202571,0.130591,0.127829,0.220684,0.04118,0.04118,0.04118,0.19637,0.635596,0.245427,0.351733,0.173234,0.162004,0.354959,0.0218553,0.215482,0.181385,0.0990032,0.0487595,0.206349,0.206349,0.193448,0.193448,0.283383,0.206349,0.209398,0.0393083,0.77487,0.256012,0.256012,0.075895,0.0801436,3.29371e-06,8.13933e-05,0,0.00999551,0.394497,0.394497,0.0670165,0.00753394,0.158111,0.0719871,0.0645996,0.0367029,0.073791,0.073791,0.073791,0.00060753,0.00139039,0.00445747,0.309907,0.000480275,0.00090458,0.0271916,0.688664,0.164832,0.127232,0.322977,0.665338,0.039967,0.039967,0.394497,0.394497,0.0159942,0.039967,0,0.0724065,0.111286,0.040285,0.040285,
0.47,0.039127,0.00509867,0.116888,0.0102757,0.0224045,0.0946871,0.196945,0.196945,0.137301,0.113764,0.276691,0.182643,0.159612,0.293737,0.040353,0.040353,0.040353,0.240799,0.682831,0.265168,0.456817,0.2591,0.242346,0.351828,0.032922,0.283409,0.262639,0.126129,0.0702314,0.228859,0.228859,0.196945,0.196945,0.365279,0.228859,0.210736,0.0541385,0.897156,0.288855,0.288855,0.0908562,0.0886598,4.70045e-06,0.000106561,0,0.0148936,0.404232,0.404232,0.0739744,0.00764721,0.170476,0.0800585,0.0804218,0.0403932,0.075735,0.075735,0.075735,0.0006162,0.00152997,0.00493553,0.342084,0.000540058,0.00529188,0.0317075,0.761999,0.188241,0.147564,0.378133,0.740541,0.037744,0.037744,0.404232,0.404232,0.0166234,0.037744,5.70088e-06,0.0763116,0.109752,0.037321,0.037321,
0.475,0.0438922,0.0056772,0.113935,0.00924196,0.0235023,0.10568,0.19669,0.19669,0.139699,0.118451,0.187562,0.121015,0.130893,0.208938,0.042472,0.042472,0.042472,0.200074,0.670973,0.258716,0.339228,0.149141,0.138654,0.386833,0.018899,0.209919,0.162991,0.0953446,0.0436364,0.239591,0.239591,0.19669,0.19669,0.274676,0.239591,0.228127,0.0391098,0.79677,0.303565,0.303565,0.0859791,0.0883704,1.79105e-06,9.33837e-05,0,0.00857482,0.410913,0.410913,0.0823567,0.00830853,0.175631,0.0791013,0.0646939,0.0391207,0.0778,0.0778,0.0778,0.000663179,0.00164798,0.00475121,0.336163,0.000497038,0.000795459,0.0253734,0.72703,0.175714,0.134461,0.331224,0.701344,0.037841,0.037841,0.410913,0.410913,0.0176355,0.037841,0,0.0826055,0.12236,0.036278,0.036278,
0.48,0.0452869,0.00589448,0.114192,0.00866621,0.0236453,0.109641,0.199697,0.199697,0.147319,0.121667,0.223448,0.147211,0.149828,0.249059,0.046492,0.046492,0.046492,0.234216,0.687875,0.266337,0.396588,0.192028,0.178311,0.399738,0.0243163,0.244688,0.204867,0.110819,0.0541725,0.251319,0.251319,0.199697,0.199697,0.320909,0.251319,0.236137,0.0467946,0.869665,0.31075,0.31075,0.0906406,0.0907161,8.91226e-07,0.000114454,0,0.0109956,0.407357,0.407357,0.0831325,0.00866323,0.182173,0.0855559,0.0739912,0.0431679,0.078434,0.078434,0.078434,0.000689812,0.0017773,0.00497439,0.358751,0.000542475,0.00676927,0.0257496,0.777333,0.186639,0.144976,0.364338,0.751893,0.038273,0.038273,0.407357,0.407357,0.0180647,0.038273,8.26029e-06,0.0850521,0.127091,0.034442,0.034442,
0.485,0.0827279,0.0393462,0.097686,0.00725963,0.0247316,0.121742,0.217627,0.217627,0.148464,0.120769,0.182912,0.123809,0.136738,0.197969,0.052246,0.052246,0.052246,0.178525,0.583404,0.224844,0.317096,0.15231,0.141272,0.436944,0.0598645,0.204496,0.161467,0.103144,0.0848757,0.283068,0.283068,0.217627,0.217627,0.258569,0.283068,0.248399,0.0416237,0.706119,0.329724,0.329724,0.091166,0.0821792,4.81014e-07,9.91624e-05,0,0.00873345,0.373122,0.373122,0.0882345,0.00946908,0.179454,0.0856315,0.0594881,0.0398892,0.07735,0.07735,0.07735,0.000730841,0.00183624,0.00980971,0.310954,0.00524211,0.0189514,0.0224527,0.637141,0.176408,0.134169,0.363998,0.610536,0.037928,0.037928,0.373122,0.373122,0.0178927,0.037928,0.000115715,0.112459,0.14012,0.031045,0.031045,
0.49,0.0550761,0.00711137,0.0829678,0.00668204,0.0293886,0.13241,0.261694,0.261694,0.15658,0.122637,0.195514,0.14488,0.152258,0.215209,0.059515,0.059515,0.059515,0.190287,0.49868,0.193693,0.333837,0.182299,0.168069,0.474969,0.02298,0.225496,0.187978,0.11754,0.0532512,0.338834,0.338834,0.261694,0.261694,0.275856,0.338834,0.258805,0.0502793,0.671984,0.361638,0.361638,0.108225,0.0800425,5.11732e-07,0.0001404,0,0.0103532,0.304364,0.304364,0.105855,0.0104297,0.185976,0.0977213,0.0620376,0.0401487,0.075657,0.075657,0.075657,0.000768833,0.00223919,0.0048391,0.310675,0.00058767,0.00842535,0.0223733,0.589915,0.178955,0.136102,0.397529,0.563759,0.03702,0.03702,0.304364,0.304364,0.0183531,0.03702,1.07169e-05,0.106787,0.153266,0.026852,0.026852,
0.495,0.0691961,0.00899631,0.0576743,0.00561044,0.0351452,0.167323,0.331768,0.331768,0.171883,0.128716,0.179003,0.148468,0.151654,0.18073,0.067843,0.067843,0.067843,0.122531,0.328004,0.127272,0.27092,0.182915,0.168955,0.596743,0.023136,0.209551,0.176885,0.133551,0.0554642,0.400056,0.400056,0.331768,0.331768,0.228219,0.400056,0.303572,0.0554941,0.457945,0.395209,0.395209,0.125466,0.0708659,2.50008e-06,0.000139412,0,0.010408,0.218859,0.218859,0.125322,0.0130306,0.18921,0.108506,0.0479747,0.0352611,0.075491,0.075491,0.075491,0.000916212,0.00255383,0.00492882,0.246608,0.000677578,0.00161097,0.0222065,0.379161,0.174619,0.127296,0.457359,0.350134,0.036812,0.036812,0.218859,0.218859,0.0195219,0.036812,9.65171e-07,0.127508,0.193823,0.023416,0.023416,
0.5,0.0837469,0.011178,0.0368371,0.00323451,0.0361158,0.207132,0.428736,0.428736,0.19777,0.135955,0.242544,0.204293,0.184147,0.235808,0.07771,0.07771,0.07771,0.13577,0.222148,0.0884514,0.339358,0.273995,0.253987,0.734979,0.0348248,0.264674,0.256459,0.180849,0.0788493,0.448896,0.448896,0.428736,0.428736,0.284618,0.448896,0.362524,0.0755622,0.430886,0.42897,0.42897,0.135957,0.0636996,2.73754e-06,0.000164553,0,0.0156119,0.133329,0.133329,0.126716,0.0159744,0.193228,0.125749,0.0550423,0.0397535,0.079209,0.079209,0.079209,0.00111254,0.00285472,0.0053162,0.227374,0.000857663,0.00778252,0.0220398,0.307305,0.185426,0.135793,0.573714,0.276264,0.03803,0.03803,0.133329,0.133329,0.0208881,0.03803,9.18105e-06,0.139829,0.240875,0.021686,0.021686,
0.505,0.0992106,0.0134076,0.0244818,0.00235108,0.0354285,0.248109,0.532795,0.532795,0.227703,0.148146,0.333726,0.281616,0.228065,0.317829,0.088901,0.088901,0.088901,0.146991,0.14747,0.0590587,0.440773,0.405939,0.379086,0.88024,0.0507102,0.341551,0.361942,0.24254,0.11324,0.471582,0.471582,0.532795,0.532795,0.368253,0.471582,0.4259,0.091585,0.437183,0.459784,0.459784,0.153508,0.055112,0,0.000185567,0,0.0232641,0.073461,0.073461,0.129773,0.0190718,0.204041,0.144627,0.065391,0.0428019,0.087494,0.087494,0.087494,0.00130265,0.00314433,0.00606211,0.21149,0.00106899,0.00909623,0.0273711,0.239842,0.207619,0.153016,0.722891,0.203675,0.040621,0.040621,0.073461,0.073461,0.022947,0.040621,1.01572e-05,0.155994,0.289339,0.022185,0.022185,
0.51,0.109522,0.0153404,0.0198797,0.00384173,0.0619665,0.281312,0.610451,0.610451,0.257321,0.158378,0.491965,0.379277,0.269091,0.422294,0.101199,0.101199,0.101199,0.208708,0.120304,0.0682115,0.619716,0.534766,0.494059,1,0.0744923,0.480192,0.540391,0.296533,0.143408,0.479402,0.479402,0.610451,0.610451,0.490532,0.479402,0.478277,0.183599,0.538901,0.487902,0.487902,0.178506,0.0983901,4.24167e-05,0.000209801,0,0.0302919,0.042507,0.042507,0.14654,0.0217717,0.209949,0.165209,0.092498,0.0548963,0.099091,0.099091,0.099091,0.00160925,0.0033,0.00650356,0.220722,0.00127015,0.0206406,0.0337706,0.297459,0.23855,0.174397,0.8456,0.281232,0.043387,0.043387,0.042507,0.042507,0.0239039,0.043387,2.58413e-05,0.160345,0.327561,0.024217,0.024217,
0.515,0.112993,0.0181369,0.012301,0.00348135,0.0670522,0.281622,0.637241,0.637241,0.269351,0.162422,0.669361,0.513456,0.337224,0.580209,0.118246,0.118246,0.118246,0.251278,0.0741735,0.0522053,0.830744,0.765734,0.712026,1,0.107208,0.631321,0.740578,0.371735,0.205119,0.497398,0.497398,0.637241,0.637241,0.65394,0.497398,0.474474,0.216786,0.640085,0.5186,0.5186,0.216001,0.101116,4.51101e-05,0.000249181,0,0.0435695,0.029568,0.029568,0.160269,0.0222743,0.218492,0.178804,0.118044,0.0543314,0.113784,0.113784,0.113784,0.00160891,0.00349034,0.00772695,0.215228,0.00182162,0.0248013,0.0449865,0.262353,0.27698,0.206881,0.99321,0.251485,0.04466,0.04466,0.029568,0.029568,0.0238367,0.04466,3.79018e-05,0.169876,0.327661,0.026998,0.026998,
0.52,0.174126,0.0783578,0.0132623,0.00514104,0.103167,0.284345,0.601488,0.601488,0.268842,0.172103,0.418473,0.311214,0.246446,0.312047,0.145321,0.145321,0.145321,0.20053,0.0805665,0.0720813,0.508809,0.36104,0.32031,1,0.138607,0.439546,0.461838,0.236518,0.175442,0.542198,0.542198,0.601488,0.601488,0.386973,0.542198,0.476817,0.243967,0.435057,0.549907,0.549907,0.212612,0.158258,8.57131e-05,0.000248829,0,0.0196527,0.026462,0.026462,0.21539,0.0222862,0.247408,0.183154,0.0854866,0.0656586,0.127702,0.127702,0.127702,0.0017543,0.00404126,0.0158041,0.257396,0.0101654,0.0648019,0.0260419,0.327595,0.251174,0.176957,0.762522,0.333692,0.04248,0.04248,0.026462,0.026462,0.0246888,0.04248,0.000262101,0.229103,0.326238,0.029429,0.029429,
0.525,0.162862,0.0695966,0.0177542,0.00524525,0.110112,0.268526,0.523728,0.523728,0.255316,0.176104,0.202561,0.158718,0.180835,0.121217,0.184799,0.184799,0.184799,0.143695,0.108559,0.0802178,0.249771,0.0875866,0.0607969,0.951198,0.0941713,0.272114,0.223183,0.139949,0.0988401,0.602435,0.602435,0.523728,0.523728,0.188037,0.602435,0.450909,0.206769,0.286863,0.576624,0.576624,0.209909,0.167599,8.13602e-05,0.000251111,0,0.00379696,0.026605,0.026605,0.248862,0.0210269,0.266431,0.177942,0.0552777,0.0628171,0.136119,0.136119,0.136119,0.00165849,0.00442571,0.013946,0.287257,0.00880536,0.0575825,0.0136867,0.338831,0.225547,0.152323,0.581351,0.341369,0.037101,0.037101,0.026605,0.026605,0.025469,0.037101,0.000232173,0.239643,0.306526,0.030864,0.030864,
0.53,0.15081,0.0680139,0.0152891,0.00546079,0.114518,0.230684,0.427114,0.427114,0.242352,0.170477,0.285204,0.223999,0.219209,0.207117,0.233909,0.233909,0.233909,0.182673,0.0938837,0.0744558,0.36194,0.203326,0.169428,0.815693,0.108732,0.350378,0.320647,0.160308,0.128544,0.650336,0.650336,0.427114,0.427114,0.276733,0.650336,0.384797,0.215122,0.368144,0.593273,0.593273,0.240733,0.170541,7.87867e-05,0.000301028,0,0.0103708,0.027334,0.027334,0.270549,0.0187451,0.275107,0.181207,0.0708281,0.0595631,0.138934,0.138934,0.138934,0.00144664,0.00465318,0.0142179,0.305749,0.00883504,0.0635616,0.0198252,0.345255,0.246915,0.172983,0.600686,0.35465,0.032086,0.032086,0.027334,0.027334,0.0237597,0.032086,0.000241421,0.245351,0.261389,0.031033,0.031033,
0.535,0.255637,0.183453,0.0133952,0.00429251,0.106655,0.191184,0.352914,0.352914,0.223537,0.168273,0.237406,0.198358,0.22325,0.17254,0.272271,0.272271,0.272271,0.127535,0.0718183,0.0540925,0.289722,0.181145,0.15204,0.657781,0.247409,0.303756,0.258587,0.135479,0.267921,0.66095,0.66095,0.352914,0.352914,0.227099,0.66095,0.316817,0.168526,0.272283,0.59109,0.59109,0.253935,0.151128,5.58871e-05,0.000298787,0,0.0092631,0.02816,0.02816,0.285915,0.0159939,0.294632,0.174253,0.0568359,0.0524458,0.138723,0.138723,0.138723,0.00115819,0.0047827,0.032356,0.29012,0.0255499,0.116499,0.0198064,0.239011,0.257839,0.183971,0.560096,0.242516,0.039181,0.039181,0.02816,0.02816,0.0222587,0.039181,0.000639379,0.331137,0.210886,0.029897,0.029897,
0.54,0.109025,0.0359373,0.00840385,0.00583085,0.0957684,0.198181,0.321246,0.321246,0.215963,0.150165,0.236234,0.203292,0.213979,0.203596,0.28127,0.28127,0.28127,0.201287,0.0462976,0.0478906,0.33129,0.195119,0.163936,0.699467,0.0655448,0.311195,0.279341,0.144508,0.0893624,0.636684,0.636684,0.321246,0.321246,0.267442,0.636684,0.327308,0.170202,0.36138,0.569157,0.569157,0.22176,0.135314,5.54175e-05,0.000327604,0,0.0100081,0.029476,0.029476,0.24909,0.0162832,0.257484,0.172145,0.0665117,0.054973,0.137519,0.137519,0.137519,0.00118999,0.00460089,0.00898427,0.305121,0.00438417,0.0560265,0.018711,0.327215,0.221042,0.15967,0.536321,0.329436,0.075818,0.075818,0.029476,0.029476,0.0211544,0.075818,0.00014788,0.22056,0.225032,0.028288,0.028288,
0.545,0.11603,0.0470806,0.00243419,0.00626371,0.084171,0.187614,0.314021,0.314021,0.206845,0.137875,0.165753,0.157782,0.206081,0.174321,0.253379,0.253379,0.253379,0.246613,0.0189864,0.0362571,0.282697,0.126348,0.0977016,0.657847,0.0692535,0.258568,0.213604,0.117037,0.0849328,0.592113,0.592113,0.314021,0.314021,0.24104,0.592113,0.308524,0.145419,0.383728,0.524031,0.524031,0.194644,0.115561,4.45956e-05,0.000363203,0,0.00595901,0.031894,0.031894,0.228729,0.0152615,0.25247,0.173332,0.064023,0.0623176,0.133779,0.133779,0.133779,0.00110021,0.00473434,0.0101859,0.334769,0.00598664,0.0807746,0.0127664,0.389412,0.199792,0.149824,0.472797,0.387852,0.167483,0.167483,0.031894,0.031894,0.0196494,0.167483,0.00021578,0.228553,0.212977,0.02696,0.02696,
0.55,0.0922839,0.0276405,0.00990154,0.0129729,0.0564817,0.183683,0.304078,0.304078,0.20436,0.116191,0.126037,0.136203,0.224135,0.223285,0.199707,0.199707,0.199707,0.414078,0.0338061,0.043482,0.338181,0.108444,0.0779532,0.653278,0.0388622,0.239924,0.19525,0.109235,0.052941,0.551506,0.551506,0.304078,0.304078,0.310977,0.551506,0.306166,0.115081,0.622687,0.462643,0.462643,0.132532,0.0760988,3.07601e-05,0.000449446,0,0.00476929,0.03529,0.03529,0.163982,0.0144362,0.240886,0.185858,0.0819702,0.085199,0.125924,0.125924,0.125924,0.00103162,0.00488013,0.0065219,0.428389,0.00321599,0.116557,0.0142496,0.642921,0.171809,0.14521,0.435852,0.632308,0.323712,0.323712,0.03529,0.03529,0.0175479,0.323712,0.000214181,0.216965,0.211344,0.026675,0.026675,
0.555,0.0687157,0.0094328,0.0450625,0.0351118,0.0366752,0.169485,0.278528,0.278528,0.193201,0.0976195,0.0243679,0.0789004,0.220438,0.204912,0.150753,0.150753,0.150753,0.499543,0.0109288,0.0339502,0.283957,0.0286954,0.0022408,0.638253,0.001632,0.166091,0.100976,0.077416,0.00996829,0.51662,0.51662,0.278528,0.278528,0.300114,0.51662,0.282195,0.0661423,0.702457,0.397879,0.397879,0.0876478,0.0338117,3.22879e-05,0.000514337,0,0.000143057,0.038499,0.038499,0.124889,0.0129903,0.247246,0.201601,0.0814216,0.0989888,0.115556,0.115556,0.115556,0.000868609,0.00511058,0.00324462,0.4861,0.000613571,0.136735,0.0409809,0.762702,0.142823,0.133975,0.368764,0.739708,0.505823,0.505823,0.038499,0.038499,0.0157175,0.505823,0.000195517,0.242041,0.196518,0.027255,0.027255,
0.56,0.0555374,0.00810805,0.0717434,0.0529121,0.0281756,0.141613,0.238518,0.238518,0.182823,0.0733831,0.0510151,0.0972104,0.253162,0.293121,0.129006,0.129006,0.129006,0.675896,0.0144771,0.0468847,0.404338,0.0626242,0.0287545,0.56946,0.00501383,0.205546,0.153568,0.0741545,0.0136574,0.469391,0.469391,0.238518,0.238518,0.412953,0.469391,0.236866,0.0736801,0.959622,0.328834,0.328834,0.0510285,0.0184634,5.13806e-05,0.000613879,0,0.00173931,0.040354,0.040354,0.0845441,0.0107767,0.246599,0.220682,0.10901,0.122217,0.107856,0.107856,0.107856,0.000728771,0.00529585,0.00263233,0.578048,0.000575798,0.183489,0.0630981,1,0.133076,0.142034,0.337919,0.992542,0.655102,0.655102,0.040354,0.040354,0.0122003,0.655102,0.000262234,0.259376,0.164926,0.02794,0.02794,
0.565,0.0489097,0.00761391,0.131406,0.0837093,0.0295493,0.128452,0.207357,0.207357,0.167756,0.0592822,0.0329334,0.0787844,0.233162,0.279171,0.152637,0.152637,0.152637,0.66927,0.0145752,0.0545944,0.376362,0.0333309,0.00194415,0.581685,0.00130461,0.178772,0.127663,0.0588836,0.00474768,0.406093,0.406093,0.207357,0.207357,0.398863,0.406093,0.215199,0.0729623,0.941239,0.266631,0.266631,0.0245917,0.00948667,9.41542e-05,0.000584079,0,0.000109052,0.039591,0.039591,0.0568998,0.00957236,0.242617,0.224937,0.105157,0.125457,0.112555,0.112555,0.112555,0.000662138,0.00484921,0.00235165,0.555526,0.000524561,0.183168,0.110495,1,0.117347,0.129962,0.308429,0.990408,0.699096,0.699096,0.039591,0.039591,0.0102267,0.699096,0.000261971,0.289306,0.149805,0.027759,0.027759,
0.57,0.100188,0.0691174,0.0829802,0.0586968,0.015141,0.101746,0.206454,0.206454,0.149708,0.0447755,0.090901,0.111074,0.246858,0.329713,0.229826,0.229826,0.229826,0.690638,0.0142609,0.0485079,0.452572,0.109004,0.0740711,0.437597,0.0886896,0.216387,0.192071,0.0711907,0.0984203,0.323705,0.323705,0.206454,0.206454,0.447509,0.323705,0.171976,0.06978,0.995867,0.21062,0.21062,0.011524,0.00103149,5.92606e-05,0.000571687,0,0.00449893,0.036228,0.036228,0.0312384,0.00758568,0.208922,0.199764,0.113182,0.122265,0.134921,0.134921,0.134921,0.00052904,0.00444668,0.0116123,0.539673,0.00952842,0.219857,0.0729867,1,0.113486,0.133081,0.295045,1,0.621638,0.621638,0.036228,0.036228,0.00738817,0.621638,0.00048657,0.270288,0.117517,0.02633,0.02633,
0.575,0.12446,0.0870264,0.0855966,0.054281,0.0140108,0.122795,0.23931,0.23931,0.138015,0.0505842,0.0780151,0.0888382,0.180013,0.228093,0.353841,0.353841,0.353841,0.446733,0.0093403,0.0355605,0.30781,0.0872734,0.063725,0.512812,0.107815,0.154221,0.138031,0.0767525,0.116604,0.239577,0.239577,0.23931,0.23931,0.309995,0.239577,0.207726,0.0569519,0.649553,0.163949,0.163949,0.00771386,0,6.10927e-05,0.00036666,0,0.00392342,0.031394,0.031394,0.0182553,0.00887629,0.16898,0.158515,0.0749367,0.0914426,0.169785,0.169785,0.169785,0.000639591,0.00315057,0.0143995,0.357055,0.0119638,0.162978,0.0744806,0.658002,0.0963431,0.101511,0.313706,0.642407,0.452724,0.452724,0.031394,0.031394,0.00835956,0.452724,0.000451268,0.2448,0.141893,0.024104,0.024104,
0.58,0.42116,0.400697,0.00160655,0.00743213,0.0233492,0.0741306,0.285315,0.285315,0.121084,0.0548673,0.251075,0.178539,0.217926,0.288917,0.493598,0.493598,0.493598,0.341307,0.00606853,0.0270863,0.422609,0.249151,0.217903,0.233966,0.525132,0.262347,0.293321,0.104125,0.541568,0.172375,0.172375,0.285315,0.285315,0.352168,0.172375,0.126147,0.0967517,0.550923,0.126198,0.126198,0.0540672,0.0354383,2.55056e-05,0.000275968,0,0.0132811,0.026822,0.026822,0.0465949,0.00581605,0.156803,0.116159,0.0777653,0.0774809,0.20764,0.20764,0.20764,0.000475394,0.00255934,0.0633175,0.263803,0.0572695,0.300101,0.0129408,0.455462,0.152465,0.142893,0.363331,0.464205,0.277018,0.277018,0.026822,0.026822,0.00501176,0.277018,0.00151273,0.361259,0.0738636,0.021864,0.021864,
0.585,0.720747,0.717716,0.00765812,0.00241717,0.0231945,0.0208999,0.32347,0.32347,0.100814,0.0606947,0.430847,0.287932,0.262539,0.375168,0.614942,0.614942,0.614942,0.178103,0.0302215,0.0227358,0.526653,0.469844,0.435534,0.0149549,0.947996,0.358609,0.437756,0.151565,0.988095,0.121003,0.121003,0.32347,0.32347,0.409752,0.121003,0.0396577,0.0920503,0.416211,0.090394,0.090394,0.0964432,0.0356966,1.70097e-05,0.000143086,0,0.0265211,0.023723,0.023723,0.0565185,0.00232987,0.170277,0.0879592,0.0723748,0.0580775,0.247213,0.247213,0.247213,0.000179082,0.00165892,0.113612,0.133265,0.103092,0.418489,0.025645,0.154118,0.219688,0.191727,0.482027,0.169523,0.13895,0.13895,0.023723,0.023723,0.00219167,0.13895,0.00255633,0.545143,0.000828712,0.019956,0.019956,
0.59,0.712804,0.700068,0.0029283,0.0049859,0.103316,0.0639478,0.344074,0.344074,0.142744,0.0807642,0.752968,0.467638,0.310012,0.531966,0.66671,0.66671,0.66671,0.240297,0.00240635,0.0613188,0.844155,0.673827,0.612344,0.193304,0.970103,0.637387,0.790197,0.23026,1,0.086466,0.086466,0.344074,0.344074,0.598218,0.086466,0.104546,0.320652,0.531305,0.058175,0.058175,0.171018,0.167945,0.000133683,0.000146069,0,0.0373105,0.023171,0.023171,0.12571,0.00633476,0.173661,0.114305,0.120633,0.072357,0.280152,0.280152,0.280152,0.000775862,0.00168447,0.111071,0.118906,0.100478,0.414023,0.0375366,0.222564,0.281388,0.224655,0.653385,0.297504,0.062623,0.062623,0.023171,0.023171,0.00320331,0.062623,0.00249324,0.527452,0.0486321,0.018689,0.018689,
0.595,0.698215,0.687353,0.00330726,0.00188706,0.0336087,0.0523681,0.351224,0.351224,0.122723,0.0656602,0.675634,0.45373,0.318263,0.555386,0.641981,0.641981,0.641981,0.200456,0.00335501,0.0216643,0.789077,0.744851,0.69507,0.139701,0.94714,0.550185,0.703725,0.255242,1,0.066787,0.066787,0.351224,0.351224,0.597913,0.066787,0.0903983,0.165543,0.514962,0.034273,0.034273,0.11913,0.0541693,4.16865e-05,0.000116717,0,0.0423865,0.0251,0.0251,0.046149,0.0049087,0.150797,0.0936263,0.102042,0.0567532,0.30389,0.30389,0.30389,0.00042013,0.00123387,0.109503,0.081395,0.098768,0.393618,0.0389587,0.103618,0.251703,0.213698,0.683001,0.13078,0.035302,0.035302,0.0251,0.0251,0.00270842,0.035302,0.0024309,0.508506,0.0392047,0.018054,0.018054,
0.6,0.650047,0.642434,0.00277008,0.0044528,0.136161,0.048355,0.348746,0.348746,0.134135,0.0805682,0.914984,0.563573,0.318681,0.608064,0.555734,0.555734,0.555734,0.211478,0.00134898,0.075811,0.984122,0.808163,0.736352,0.151596,0.92485,0.76785,0.961436,0.265786,0.97352,0.05806,0.05806,0.348746,0.348746,0.676345,0.05806,0.0751102,0.40612,0.528308,0.018311,0.018311,0.216562,0.221764,0.000176523,0.000110258,0,0.0448526,0.028913,0.028913,0.161353,0.00580631,0.15595,0.105151,0.136478,0.0609203,0.321002,0.321002,0.321002,0.000830059,0.00128739,0.102517,0.0673365,0.0923707,0.366887,0.045672,0.155622,0.302424,0.231446,0.696406,0.257619,0.033179,0.033179,0.028913,0.028913,0.00215013,0.033179,0.00226943,0.471902,0.0303588,0.01787,0.01787,
0.605,0.579072,0.565542,0.0121525,0.0019066,0.0427131,0.0584354,0.33672,0.33672,0.111247,0.0658055,0.545998,0.352709,0.242831,0.41611,0.446792,0.446792,0.446792,0.137975,0.059179,0.0459686,0.616262,0.555494,0.515974,0.172765,0.774873,0.443722,0.557922,0.197303,0.821381,0.05756,0.05756,0.33672,0.33672,0.453811,0.05756,0.10364,0.163474,0.404538,0.010142,0.010142,0.105628,0.0743391,5.36966e-05,6.50508e-05,0,0.0314816,0.033125,0.033125,0.0545929,0.00517005,0.131494,0.0770407,0.0807176,0.0476954,0.321046,0.321046,0.321046,0.000498407,0.000958348,0.0901051,0.0686376,0.0811554,0.314809,0.0308813,0.111464,0.213754,0.174494,0.55213,0.140011,0.040377,0.040377,0.033125,0.033125,0.00384064,0.040377,0.00198517,0.417343,0.0494861,0.018176,0.018176,
0.61,0.426229,0.416737,0.00170624,0.00551445,0.137707,0.0488143,0.312912,0.312912,0.103219,0.0651261,0.543155,0.30146,0.170855,0.290544,0.35779,0.35779,0.35779,0.155916,0.00223399,0.0781875,0.559393,0.340641,0.292001,0.167671,0.587515,0.478232,0.57205,0.115213,0.581689,0.060858,0.060858,0.312912,0.312912,0.350966,0.060858,0.0744335,0.357976,0.29905,0.00683,0.00683,0.163887,0.224097,0.00017838,9.68695e-05,0,0.0177556,0.036288,0.036288,0.16407,0.00524375,0.123039,0.0847001,0.0889267,0.0539211,0.302564,0.302564,0.302564,0.000834482,0.00134302,0.065807,0.0885937,0.0597091,0.251608,0.0219054,0.212606,0.199934,0.143291,0.363109,0.308742,0.046616,0.046616,0.036288,0.036288,0.00254349,0.046616,0.00148996,0.32109,0.0373689,0.01889,0.01889,
0.615,0.366098,0.363442,0.00171525,0.0014651,0.0399966,0.0198641,0.275903,0.275903,0.0802638,0.0409243,0.698653,0.475108,0.271161,0.567167,0.291288,0.291288,0.291288,0.183375,0.00053771,0.0234472,0.812383,0.781274,0.73088,0.0563863,0.55511,0.576728,0.746976,0.256195,0.634219,0.065888,0.065888,0.275903,0.275903,0.605814,0.065888,0.0326382,0.182667,0.500465,0.00625,0.00625,0.126306,0.0650208,5.15903e-05,9.56994e-05,0,0.0445531,0.037813,0.037813,0.0486457,0.00288318,0.0845632,0.0641333,0.104203,0.029999,0.269583,0.269583,0.269583,0.000274958,0.000604304,0.059191,0.0356488,0.0525169,0.208691,0.0410277,0.0656531,0.202016,0.167607,0.586988,0.102448,0.049197,0.049197,0.037813,0.037813,0.000782386,0.049197,0.00128465,0.264689,0.0107454,0.019909,0.019909,
0.62,0.305421,0.298916,0.0145027,0.0054659,0.105823,0.0345452,0.232366,0.232366,0.0933507,0.0577175,0.60605,0.367113,0.201538,0.405698,0.245077,0.245077,0.245077,0.201812,0.0812571,0.0915272,0.682464,0.497526,0.447524,0.12528,0.45457,0.530168,0.646337,0.164377,0.480305,0.072666,0.072666,0.232366,0.232366,0.467048,0.072666,0.0582288,0.302511,0.476326,0.009117,0.009117,0.152923,0.179284,0.000136803,0.0001098,0,0.0272565,0.037378,0.037378,0.126661,0.00421175,0.105828,0.0764629,0.10268,0.0444372,0.226548,0.226548,0.226548,0.000638344,0.00107296,0.0483402,0.106887,0.0430089,0.186146,0.0303653,0.268984,0.197979,0.149195,0.420895,0.344939,0.048652,0.048652,0.037378,0.037378,0.00269446,0.048652,0.00107517,0.233388,0.0261637,0.020998,0.020998,
0.625,0.286423,0.28402,0.00148393,0.00200139,0.0560599,0.015966,0.196869,0.196869,0.0858768,0.0445483,0.842406,0.577971,0.310581,0.683547,0.208594,0.208594,0.208594,0.225787,0.000809745,0.0311175,0.984691,0.942137,0.880619,0.0539721,0.480327,0.70735,0.911882,0.306604,0.578191,0.083117,0.083117,0.196869,0.196869,0.731629,0.083117,0.0239834,0.232436,0.609077,0.017676,0.017676,0.165417,0.0898651,6.85779e-05,0.000129089,0,0.0536685,0.035805,0.035805,0.0746769,0.00313541,0.0855358,0.0725241,0.127993,0.0269123,0.185492,0.185492,0.185492,0.000305325,0.000734344,0.0475154,0.044448,0.0412599,0.167766,0.0499842,0.0880117,0.227762,0.18598,0.669168,0.136626,0.046693,0.046693,0.035805,0.035805,0.00104587,0.046693,0.00100828,0.215493,0.00777771,0.021569,0.021569,
0.63,0.243566,0.236248,0.017491,0.0103501,0.0576491,0.027465,0.171774,0.171774,0.0953035,0.0509626,0.841633,0.587029,0.318434,0.695133,0.171085,0.171085,0.171085,0.233468,0.00106556,0.0309449,0.991686,0.955085,0.893305,0.11277,0.420826,0.714253,0.914492,0.31674,0.523796,0.101229,0.101229,0.171774,0.171774,0.745273,0.101229,0.0427176,0.228178,0.624829,0.036005,0.036005,0.174918,0.0866398,7.36957e-05,0.00014936,0,0.0544453,0.034399,0.034399,0.0840996,0.00405703,0.0993628,0.084695,0.129656,0.0272921,0.150969,0.150969,0.150969,0.000340886,0.000975174,0.040414,0.0588553,0.0343659,0.142519,0.0643936,0.0950467,0.233142,0.18929,0.69967,0.138423,0.044226,0.044226,0.034399,0.034399,0.00246581,0.044226,0.000839569,0.208346,0.0225921,0.021008,0.021008,
0.635,0.213033,0.196956,0.0343243,0.0123118,0.0403509,0.0471437,0.151468,0.151468,0.080595,0.0570083,0.272121,0.187485,0.139143,0.217118,0.133036,0.133036,0.133036,0.0942357,0.0814326,0.0470652,0.323535,0.270399,0.248782,0.174323,0.279642,0.248064,0.282471,0.104313,0.30604,0.12508,0.12508,0.151468,0.151468,0.246084,0.12508,0.0830808,0.0963087,0.269965,0.063241,0.063241,0.0966691,0.0615221,4.34921e-05,9.26324e-05,0,0.0151679,0.035118,0.035118,0.0813996,0.00432242,0.112971,0.0668967,0.0476333,0.0267584,0.124901,0.124901,0.124901,0.000349808,0.00128107,0.0325613,0.100412,0.0281943,0.113269,0.0343797,0.134817,0.135686,0.105254,0.315596,0.146696,0.041924,0.041924,0.035118,0.035118,0.00582894,0.041924,0.000692001,0.202801,0.0468071,0.019121,0.019121,
0.64,0.172466,0.157871,0.00553895,0.002933,0.0386288,0.0399239,0.129703,0.129703,0.0930506,0.056527,0.672823,0.489223,0.276535,0.574937,0.094227,0.094227,0.094227,0.17078,0.000412584,0.0132461,0.798098,0.807999,0.759346,0.14277,0.298549,0.578929,0.732794,0.277559,0.394562,0.149167,0.149167,0.129703,0.129703,0.610734,0.149167,0.0640336,0.15322,0.494826,0.094389,0.094389,0.163244,0.0543263,3.05761e-05,0.000142862,0,0.046286,0.040092,0.040092,0.0866696,0.00473011,0.100578,0.0768631,0.101927,0.0166239,0.102073,0.102073,0.102073,0.000288551,0.00121807,0.0281487,0.0589636,0.0229855,0.0899264,0.0474499,0.03334,0.203097,0.163699,0.625189,0.0535385,0.04014,0.04014,0.040092,0.040092,0.00478444,0.04014,0.000549361,0.161779,0.0400917,0.01598,0.01598,
0.645,0.126516,0.11362,0.0213644,0.00252376,0.0459401,0.0279575,0.106509,0.106509,0.0747307,0.0616479,0.282115,0.201003,0.146086,0.234428,0.064477,0.064477,0.064477,0.112183,0.126241,0.0612645,0.352351,0.288882,0.265645,0.0926022,0.18015,0.273621,0.300243,0.102333,0.21209,0.16166,0.16166,0.106509,0.106509,0.266253,0.16166,0.0523621,0.0961327,0.332168,0.114617,0.114617,0.126824,0.07539,2.79068e-05,0.000130013,0,0.0161663,0.051234,0.051234,0.114798,0.00333245,0.118714,0.0638152,0.0539752,0.0194109,0.081917,0.081917,0.081917,0.000248131,0.00159818,0.0200823,0.136972,0.0163669,0.0687287,0.0204711,0.183379,0.144295,0.111024,0.288641,0.19717,0.039801,0.039801,0.051234,0.051234,0.0065605,0.039801,0.000403331,0.142919,0.0259028,0.012491,0.012491,
0.65,0.124752,0.110642,0.00708266,0.00237376,0.0158405,0.0371972,0.083808,0.083808,0.0853585,0.0489207,0.651532,0.486952,0.276343,0.591103,0.048391,0.048391,0.048391,0.178,0.0122001,0.00663058,0.795689,0.832929,0.787333,0.134137,0.238307,0.557232,0.71321,0.28698,0.344319,0.15658,0.15658,0.083808,0.083808,0.622921,0.15658,0.0619767,0.107786,0.525792,0.115392,0.115392,0.141637,0.0190897,3.09882e-06,0.000139951,0,0.0480076,0.068174,0.068174,0.0557945,0.00432624,0.0858603,0.069676,0.0995605,0.0121485,0.066128,0.066128,0.066128,0.000188859,0.00103234,0.0208969,0.0563272,0.0162508,0.0640468,0.0478115,0.0330189,0.187011,0.155509,0.626685,0.0386336,0.041675,0.041675,0.068174,0.068174,0.00457732,0.041675,0.000383423,0.123803,0.0397444,0.010374,0.010374,
0.655,0.128817,0.117304,0.0254032,0.00177232,0.0229187,0.0233788,0.065816,0.065816,0.0681804,0.0566459,0.268995,0.201058,0.149536,0.250608,0.042433,0.042433,0.042433,0.104351,0.149847,0.0580495,0.349884,0.319933,0.300108,0.0730301,0.183764,0.252953,0.282523,0.112591,0.225543,0.134735,0.134735,0.065816,0.065816,0.27642,0.134735,0.0484532,0.0490545,0.352776,0.096226,0.096226,0.106439,0.0407919,0,0.000112454,0,0.0182839,0.089184,0.089184,0.0836394,0.00277745,0.109549,0.0553832,0.0501714,0.0153241,0.055376,0.055376,0.055376,0.000140054,0.00134766,0.0208076,0.12708,0.0169417,0.065758,0.0216517,0.166466,0.136573,0.109227,0.301314,0.165615,0.047524,0.047524,0.089184,0.089184,0.00631546,0.047524,0.000409727,0.137478,0.0217685,0.012194,0.012194,
0.66,0.117162,0.112929,0.0429193,0.0193991,0.0137131,0.0117502,0.058149,0.058149,0.0676689,0.0337394,0.710985,0.52258,0.282942,0.647845,0.042836,0.042836,0.042836,0.19897,0.0323449,0.0189434,0.869453,0.90312,0.854691,0.0782049,0.251471,0.596107,0.774281,0.298646,0.364373,0.105356,0.105356,0.058149,0.058149,0.68231,0.105356,0.0213058,0.114961,0.592228,0.065381,0.065381,0.127374,0.012818,2.69019e-05,0.000122326,0,0.0521113,0.107906,0.107906,0.029193,0.00243107,0.0732779,0.0664886,0.108617,0.0125896,0.052382,0.052382,0.052382,6.41501e-05,0.00054333,0.0213267,0.0411587,0.0167333,0.0665634,0.0780073,0.0528528,0.184819,0.156737,0.630657,0.0633238,0.059047,0.059047,0.107906,0.107906,0.00204785,0.059047,0.000396245,0.130094,0.0102762,0.022648,0.022648,
0.665,0.124096,0.116894,0.0262934,0.00694675,0.0239999,0.0180235,0.061373,0.061373,0.0589119,0.0408759,0.331965,0.23788,0.154434,0.297912,0.045202,0.045202,0.045202,0.129728,0.0978898,0.0460612,0.420852,0.382839,0.358037,0.0683784,0.193595,0.29683,0.356359,0.130007,0.238435,0.080919,0.080919,0.061373,0.061373,0.326805,0.080919,0.0360159,0.0768545,0.37023,0.037893,0.037893,0.0903678,0.040053,2.01013e-05,0.000102583,0,0.0218204,0.119191,0.119191,0.0578213,0.00229893,0.0839365,0.0520737,0.0590976,0.0179977,0.057641,0.057641,0.057641,0.000149657,0.000957618,0.0203741,0.0972451,0.0169383,0.0726699,0.0309421,0.154309,0.125771,0.102882,0.316614,0.163072,0.075615,0.075615,0.119191,0.119191,0.00386324,0.075615,0.000418586,0.125698,0.016083,0.046111,0.046111,
0.67,0.100469,0.098968,0.114109,0.0509595,0.0210212,0.00457995,0.073435,0.073435,0.0638755,0.0334853,0.665871,0.48558,0.263239,0.614585,0.047429,0.047429,0.047429,0.200833,0.103064,0.0534878,0.821,0.831393,0.787055,0.111678,0.225432,0.557842,0.71552,0.272105,0.329308,0.064869,0.064869,0.073435,0.073435,0.653944,0.064869,0.0143017,0.111772,0.621164,0.019044,0.019044,0.114922,0.0171517,6.91021e-05,0.000109646,0,0.0479914,0.121332,0.121332,0.023971,0.00177175,0.093511,0.0788831,0.105232,0.0182859,0.069705,0.069705,0.069705,3.68896e-05,0.000423967,0.0192996,0.0623527,0.0147049,0.0583878,0.125211,0.123189,0.182823,0.15365,0.594455,0.132463,0.097255,0.097255,0.121332,0.121332,0.0021772,0.097255,0.000347367,0.165423,0.00192848,0.088324,0.088324,
0.675,0.100155,0.0975983,0.10028,0.0429406,0.0230319,0.00438682,0.087432,0.087432,0.0571675,0.0362833,0.486826,0.355963,0.204972,0.451636,0.048665,0.048665,0.048665,0.155095,0.115698,0.0558561,0.605076,0.599958,0.567132,0.0914464,0.19505,0.415633,0.518833,0.196198,0.27038,0.057617,0.057617,0.087432,0.087432,0.484486,0.057617,0.0144874,0.0845816,0.490943,0.010425,0.010425,0.101958,0.0234889,5.77122e-05,0.000100627,0,0.0345723,0.114824,0.114824,0.0400408,0.00152879,0.0974274,0.0700562,0.0796491,0.0172653,0.083359,0.083359,0.083359,3.6938e-05,0.00064157,0.018422,0.07855,0.0143612,0.0565807,0.100991,0.132263,0.154798,0.128122,0.451006,0.138417,0.121716,0.121716,0.114824,0.114824,0.00295743,0.121716,0.000342805,0.160584,0.00107997,0.146227,0.146227,
0.68,0.0827344,0.0822079,0.194086,0.0948078,0.0319282,0.00414454,0.09648,0.09648,0.0717372,0.0306081,0.800768,0.588072,0.31162,0.746832,0.049085,0.049085,0.049085,0.248289,0.0753024,0.0551705,0.984181,1,0.948337,0.195491,0.225613,0.668762,0.863177,0.327527,0.350879,0.056202,0.056202,0.09648,0.09648,0.795959,0.056202,0.0106559,0.143045,0.722652,0.008721,0.008721,0.127995,0.012541,0.000130273,0.000135625,0,0.0578233,0.103776,0.103776,0.0172167,0.00195555,0.118476,0.111952,0.126683,0.026096,0.092989,0.092989,0.092989,2.8541e-05,0.000404779,0.0174587,0.059099,0.0123902,0.0549156,0.203609,0.1239,0.210449,0.177043,0.723932,0.136356,0.144698,0.144698,0.103776,0.103776,0.00152323,0.144698,0.000294702,0.223367,0.00180677,0.204265,0.204265,
0.685,0.0787123,0.0770385,0.19602,0.0957511,0.0344403,0.00569705,0.099616,0.099616,0.0689924,0.0322858,0.686704,0.506843,0.276308,0.646569,0.049517,0.049517,0.049517,0.225047,0.0789413,0.0566165,0.848945,0.855354,0.808735,0.1999,0.200748,0.579196,0.738569,0.280135,0.308101,0.058178,0.058178,0.099616,0.099616,0.69284,0.058178,0.0131604,0.126906,0.644977,0.010175,0.010175,0.119019,0.0153823,0.000130792,0.000135271,0,0.0493054,0.09107,0.09107,0.0267993,0.00191494,0.125401,0.111372,0.111207,0.0272005,0.098851,0.098851,0.098851,3.45291e-05,0.000579935,0.0162649,0.0726931,0.0115445,0.0532309,0.197682,0.135156,0.193252,0.161476,0.638945,0.145219,0.164768,0.164768,0.09107,0.09107,0.00206838,0.164768,0.000278916,0.228364,0.00334188,0.251781,0.251781,
0.69,0.0710681,0.0715248,0.236949,0.11926,0.060043,0.00495934,0.097502,0.097502,0.0771792,0.0308982,0.834372,0.599609,0.312233,0.756063,0.049916,0.049916,0.049916,0.283975,0.0670681,0.0724697,1,0.98553,0.926816,0.247251,0.215697,0.705471,0.901806,0.319993,0.331463,0.062169,0.062169,0.097502,0.097502,0.817874,0.062169,0.00934388,0.202086,0.755597,0.012344,0.012344,0.139361,0.047704,0.000193407,0.000157375,0,0.0564979,0.080681,0.080681,0.0367907,0.00217672,0.136331,0.133154,0.136882,0.0368592,0.103748,0.103748,0.103748,0.000131023,0.000544444,0.015735,0.078728,0.0108262,0.059842,0.24008,0.188555,0.22011,0.181454,0.723621,0.218095,0.180858,0.180858,0.080681,0.080681,0.00108937,0.180858,0.00027195,0.254995,0.00176539,0.276837,0.276837,
0.695,0.0776462,0.0764951,0.215133,0.109155,0.0385441,0.00432786,0.092806,0.092806,0.0695453,0.0292352,0.692732,0.515521,0.284274,0.65946,0.049811,0.049811,0.049811,0.23996,0.0390549,0.045729,0.859376,0.866491,0.818293,0.219139,0.201342,0.58729,0.749473,0.282774,0.309948,0.066553,0.066553,0.092806,0.092806,0.707671,0.066553,0.00737227,0.132537,0.640863,0.013887,0.013887,0.120798,0.0119059,0.000149306,0.000156216,0,0.0498778,0.075497,0.075497,0.0285101,0.00185099,0.13479,0.123515,0.113551,0.0310044,0.111297,0.111297,0.111297,1.90142e-05,0.000713323,0.0161948,0.0749311,0.0114697,0.0592693,0.218933,0.126265,0.194725,0.163669,0.652129,0.137577,0.195661,0.195661,0.075497,0.075497,0.00157247,0.195661,0.000285975,0.253934,0.00155862,0.280362,0.280362,
0.7,0.0786591,0.0788138,0.279775,0.145108,0.0584509,0.00509475,0.086726,0.086726,0.0785293,0.0277853,0.820057,0.60177,0.322394,0.765915,0.048867,0.048867,0.048867,0.289723,0.0183801,0.0553802,1,0.9947,0.936595,0.292346,0.222951,0.693957,0.888362,0.323474,0.34299,0.07006,0.07006,0.086726,0.086726,0.826822,0.07006,0.00584635,0.186457,0.73403,0.014597,0.014597,0.135542,0.027388,0.000215797,0.000178517,0,0.0570864,0.078479,0.078479,0.03099,0.00213435,0.156347,0.152722,0.135045,0.0413604,0.123832,0.123832,0.123832,7.51552e-05,0.000706991,0.0170292,0.0775652,0.0118588,0.06852,0.281781,0.154965,0.221492,0.184652,0.751397,0.17801,0.217872,0.217872,0.078479,0.078479,0.000792068,0.217872,0.000303865,0.309585,0.00178399,0.274308,0.274308,
0.705,0.0695073,0.069504,0.284338,0.147085,0.0654094,0.00519734,0.078085,0.078085,0.0729218,0.0277864,0.723262,0.527239,0.281738,0.667304,0.046544,0.046544,0.046544,0.256144,0.0242452,0.0606174,0.881155,0.855186,0.803474,0.296061,0.195455,0.614881,0.779956,0.277568,0.296585,0.071617,0.071617,0.078085,0.078085,0.725043,0.071617,0.00586098,0.18355,0.644939,0.014746,0.014746,0.127011,0.038082,0.000225828,0.000161267,0,0.0489661,0.09251,0.09251,0.039961,0.00200451,0.156533,0.148544,0.120079,0.0409477,0.139652,0.139652,0.139652,0.000100171,0.000713346,0.015145,0.0765743,0.010428,0.0610465,0.27816,0.153438,0.20319,0.166411,0.664888,0.178537,0.258626,0.258626,0.09251,0.09251,0.000971315,0.258626,0.000268568,0.30662,0.00161203,0.273762,0.273762,
0.71,0.051307,0.0525462,0.341312,0.176779,0.0692506,0.00461625,0.067327,0.067327,0.0820826,0.0250858,0.782724,0.57311,0.317231,0.754232,0.043658,0.043658,0.043658,0.351539,0.0465794,0.0796314,0.993482,0.927086,0.869066,0.349612,0.182741,0.674953,0.852236,0.300086,0.292286,0.07126,0.07126,0.067327,0.067327,0.829138,0.07126,0.00653739,0.199819,0.815794,0.014731,0.014731,0.122295,0.0345394,0.000263642,0.000217674,0,0.0529652,0.117326,0.117326,0.028048,0.00198908,0.180508,0.177739,0.140875,0.0560909,0.157619,0.157619,0.157619,9.88113e-05,0.000927205,0.0128712,0.13117,0.00803783,0.0726045,0.326239,0.287472,0.218485,0.18428,0.721812,0.313321,0.322306,0.322306,0.117326,0.117326,0.000675011,0.322306,0.000237751,0.344837,0.00165508,0.285552,0.285552,
0.715,0.046624,0.0479695,0.451754,0.234304,0.0726397,0.0045793,0.056573,0.056573,0.0717211,0.0192,0.66217,0.495532,0.271629,0.65389,0.041728,0.041728,0.041728,0.270196,0.0195328,0.0740684,0.819183,0.797809,0.751149,0.454332,0.157291,0.559571,0.705402,0.259464,0.2552,0.069636,0.069636,0.056573,0.056573,0.717484,0.069636,0.00426817,0.164452,0.644739,0.014599,0.014599,0.0968723,0.00950405,0.000327383,0.000167998,0,0.0457819,0.154119,0.154119,0.0119965,0.00161734,0.206201,0.197309,0.114682,0.0565693,0.181209,0.181209,0.181209,3.0516e-05,0.000656477,0.012142,0.0864614,0.00725443,0.0564536,0.414536,0.17869,0.197652,0.163051,0.682543,0.193083,0.405481,0.405481,0.154119,0.154119,0.000410099,0.405481,0.000202109,0.430918,0.00155962,0.309977,0.309977,
0.72,0.0358382,0.0376188,0.498289,0.255662,0.0910715,0.00498296,0.049017,0.049017,0.0946042,0.028309,0.747011,0.55151,0.325142,0.760941,0.042463,0.042463,0.042463,0.425589,0.102538,0.123457,0.985457,0.862493,0.804874,0.494271,0.155143,0.659487,0.809518,0.277998,0.256471,0.068058,0.068058,0.049017,0.049017,0.856024,0.068058,0.00994548,0.213245,0.935603,0.014381,0.014381,0.113993,0.0384757,0.000369014,0.000272841,0,0.0490441,0.193555,0.193555,0.0304085,0.00192986,0.251338,0.236644,0.14952,0.0805239,0.208043,0.208043,0.208043,0.000103456,0.00133672,0.0110793,0.208391,0.00581612,0.084249,0.447201,0.452607,0.235479,0.199043,0.737745,0.476941,0.478148,0.478148,0.193555,0.193555,0.00134701,0.478148,0.000212625,0.47241,0.00153232,0.343002,0.343002,
0.725,0.0500168,0.0517312,0.589356,0.305272,0.0886406,0.00603009,0.044533,0.044533,0.0810109,0.0195107,0.629096,0.477481,0.27803,0.657267,0.046775,0.046775,0.046775,0.319337,0.0390003,0.0996544,0.801493,0.748386,0.702696,0.587303,0.154026,0.539233,0.665026,0.243185,0.246128,0.066789,0.066789,0.044533,0.044533,0.734554,0.066789,0.00726513,0.16997,0.71015,0.014158,0.014158,0.0854987,0.00438215,0.000419204,0.000206596,0,0.0428231,0.22774,0.22774,0.00752815,0.00158814,0.265279,0.248125,0.118828,0.0768064,0.235084,0.235084,0.235084,2.28487e-05,0.000937839,0.0131191,0.134535,0.0077161,0.0732963,0.524195,0.276344,0.209501,0.17377,0.705548,0.287624,0.518652,0.518652,0.22774,0.22774,0.000610497,0.518652,0.000235427,0.555615,0.00248357,0.379409,0.379409,
0.73,0.0341054,0.0365144,0.661454,0.341221,0.129962,0.00652817,0.042604,0.042604,0.0888394,0.0272281,0.756979,0.550612,0.290334,0.716442,0.053121,0.053121,0.053121,0.307009,0.0557916,0.130006,0.907734,0.830836,0.776684,0.664506,0.152837,0.643508,0.792229,0.268184,0.247056,0.06584,0.06584,0.042604,0.042604,0.802982,0.06584,0.0061869,0.256405,0.72548,0.01399,0.01399,0.123259,0.0565285,0.00050913,0.000184801,0,0.0473259,0.247915,0.247915,0.0420037,0.002064,0.289424,0.270376,0.133526,0.0797819,0.255256,0.255256,0.255256,0.00015489,0.000786047,0.0113416,0.112501,0.00555928,0.0552139,0.58761,0.262114,0.242896,0.190267,0.77767,0.295938,0.51281,0.51281,0.247915,0.247915,0.000748115,0.51281,0.000166574,0.596692,0.00147881,0.411595,0.411595,
0.735,0.0462809,0.0489324,0.694978,0.359655,0.186263,0.00927737,0.041803,0.041803,0.0738298,0.0312271,0.586604,0.390197,0.168624,0.447581,0.058095,0.058095,0.058095,0.140714,0.0289601,0.146572,0.595411,0.486357,0.444408,0.713594,0.137603,0.491333,0.583101,0.153399,0.174196,0.067494,0.067494,0.041803,0.041803,0.522092,0.067494,0.00455185,0.330692,0.35397,0.014086,0.014086,0.131403,0.137018,0.000601854,7.36793e-05,0,0.027049,0.252031,0.252031,0.0982708,0.00220514,0.289199,0.259608,0.0928992,0.0741961,0.262765,0.262765,0.262765,0.000374517,0.000419567,0.0120821,0.0346592,0.00706296,0.035363,0.603142,0.127207,0.21095,0.142442,0.576978,0.191886,0.48031,0.48031,0.252031,0.252031,0.000517847,0.48031,0.000173529,0.622334,0.000845227,0.443908,0.443908,
0.74,0.0388391,0.041807,0.769685,0.398653,0.216396,0.0105915,0.0409,0.0409,0.0654435,0.0307136,0.44277,0.2728,0.0946959,0.280237,0.06038,0.06038,0.06038,0.0645824,0.0227592,0.162586,0.379803,0.247689,0.215722,0.791779,0.103418,0.368258,0.412944,0.0745783,0.104654,0.076497,0.076497,0.0409,0.0409,0.351243,0.076497,0.00409091,0.354188,0.162249,0.014692,0.014692,0.120777,0.167312,0.000681062,2.60994e-05,0,0.0130976,0.244289,0.244289,0.118366,0.00209591,0.308784,0.271336,0.0671533,0.0780321,0.260725,0.260725,0.260725,0.000458138,0.000299718,0.0103835,0.0115574,0.00584384,0.0230975,0.654768,0.0908385,0.187453,0.1131,0.453997,0.165806,0.448993,0.448993,0.244289,0.244289,0.000432296,0.448993,0.000137146,0.676141,0.000811499,0.484065,0.484065,
0.745,0.00780076,0.0106888,0.752052,0.391662,0.237911,0.0104998,0.039829,0.039829,0.0676218,0.0336921,0.489782,0.296102,0.0947491,0.289216,0.059965,0.059965,0.059965,0.0706211,0.00545356,0.166374,0.419894,0.260367,0.223234,0.784379,0.072009,0.41566,0.468682,0.0769795,0.0691833,0.099549,0.099549,0.039829,0.039829,0.365301,0.099549,0.000538504,0.405788,0.157881,0.015543,0.015543,0.145971,0.20386,0.000699939,3.61734e-05,0,0.0135397,0.230049,0.230049,0.148726,0.00240202,0.305042,0.271407,0.0746299,0.0770916,0.263416,0.263416,0.263416,0.000547592,0.000412257,0.00548803,0.0108599,0.00139245,0.00773105,0.643802,0.0966168,0.194923,0.114278,0.44957,0.187993,0.443734,0.443734,0.230049,0.230049,0.000413241,0.443734,2.99794e-05,0.645538,0.000423133,0.536558,0.536558,
0.75,0.0054419,0.00700927,0.829861,0.431328,0.243861,0.010811,0.038901,0.038901,0.0684488,0.037429,0.394032,0.238483,0.0749122,0.221315,0.058271,0.058271,0.058271,0.0391303,0.00579807,0.169727,0.301618,0.157591,0.127699,0.854623,0.0516353,0.33787,0.357046,0.0442372,0.040299,0.144633,0.144633,0.038901,0.038901,0.29429,0.144633,0.000290182,0.379089,0.0827391,0.015963,0.015963,0.142165,0.191927,0.000740508,3.91312e-05,0,0.0077065,0.211819,0.211819,0.156869,0.00230926,0.343673,0.295274,0.0598985,0.0811488,0.282914,0.282914,0.282914,0.000495352,0.000632178,0.00513335,0.0195242,0.000772663,0.00262302,0.703674,0.0739843,0.192624,0.110069,0.423845,0.155952,0.461408,0.461408,0.211819,0.211819,0.00129161,0.461408,1.27255e-05,0.719603,0.000240836,0.59772,0.59772,
0.755,0.0266486,0.0280486,0.854886,0.445757,0.26469,0.0124909,0.0386,0.0386,0.0924734,0.0472587,0.622873,0.399974,0.164414,0.424126,0.057349,0.057349,0.057349,0.143386,0.00706973,0.184552,0.591082,0.412657,0.364213,0.889008,0.112796,0.5416,0.61323,0.125939,0.128553,0.227492,0.227492,0.0386,0.0386,0.518034,0.227492,0.00154609,0.450548,0.307418,0.015581,0.015581,0.189221,0.219025,0.000778659,0.000111493,0,0.0221112,0.189763,0.189763,0.181888,0.00304531,0.376353,0.328488,0.101663,0.0932392,0.326033,0.326033,0.326033,0.000567732,0.00104008,0.00942416,0.062548,0.0039453,0.0290519,0.737893,0.162393,0.253338,0.160974,0.600573,0.259032,0.480042,0.480042,0.189763,0.189763,0.0015755,0.480042,0.000105861,0.767609,0.000691006,0.655257,0.655257,
0.76,0.0193466,0.0167357,0.947846,0.493443,0.325011,0.0155274,0.039985,0.039985,0.0954971,0.0690631,0.396014,0.226465,0.0726679,0.159096,0.05884,0.05884,0.05884,0.0170146,0.00706986,0.208883,0.25205,0.0416857,0.00721245,0.984812,0.0595151,0.369272,0.347823,0.00325644,0.0234877,0.350953,0.350953,0.039985,0.039985,0.247648,0.350953,0.00073947,0.489202,0.00422015,0.014414,0.014414,0.227295,0.287055,0.000882897,9.20087e-05,0,0.000295331,0.165446,0.165446,0.277781,0.00348482,0.446505,0.358789,0.0627999,0.0958514,0.38915,0.38915,0.38915,0.000692882,0.00169765,0.0074161,0.0698726,0.00202613,0.00718908,0.799641,0.100852,0.250151,0.138253,0.429568,0.213043,0.475214,0.475214,0.165446,0.165446,0.00422286,0.475214,4.5003e-05,0.867367,9.22297e-06,0.691706,0.691706,
0.765,0.0113616,0.00432585,0.891871,0.466955,0.423092,0.0220032,0.043801,0.043801,0.127544,0.10775,0.575391,0.312334,0.095435,0.179209,0.062521,0.062521,0.062521,0.0258593,0.00741952,0.249301,0.39486,0.0653053,0.0109142,0.968554,0.0688124,0.559305,0.546426,0.00554156,0.0129788,0.49625,0.49625,0.043801,0.043801,0.290405,0.49625,0.00243397,0.695152,0.00506788,0.013053,0.013053,0.362674,0.453164,0.000959198,0.000150258,0,0.000444753,0.142148,0.142148,0.443038,0.00544823,0.487832,0.376862,0.0917898,0.0983552,0.461618,0.461618,0.461618,0.0010924,0.00274152,0.00590036,0.112758,0.000239976,3.66845e-05,0.759241,0.157491,0.32506,0.175978,0.450009,0.332857,0.443841,0.443841,0.142148,0.142148,0.00699105,0.443841,0,0.849471,0.00161688,0.69952,0.69952,
0.77,0.0141602,0.0041488,0.849821,0.445487,0.43869,0.022048,0.050488,0.050488,0.139418,0.124945,0.585111,0.321931,0.111229,0.172779,0.067882,0.067882,0.067882,0.0251347,0.00742051,0.248455,0.402968,0.0615636,0.00416823,0.926175,0.070629,0.58675,0.56196,0.00302192,0.0138069,0.632829,0.632829,0.050488,0.050488,0.285652,0.632829,0.000169275,0.71495,0.000310974,0.01209,0.01209,0.410176,0.483079,0.00094056,0.000194871,0,3.44488e-07,0.121844,0.121844,0.500954,0.00594145,0.509735,0.380336,0.0951101,0.0953663,0.536497,0.536497,0.536497,0.00112427,0.0034085,0.00620373,0.146542,0.000228132,0,0.725754,0.162835,0.350044,0.192193,0.451298,0.344772,0.394386,0.394386,0.121844,0.121844,0.00887896,0.394386,0,0.841965,0,0.685142,0.685142,
0.775,0.02709,0.0143014,0.781883,0.411837,0.493173,0.0256968,0.059312,0.059312,0.158982,0.149554,0.690281,0.370641,0.126775,0.180314,0.074127,0.074127,0.074127,0.030435,0.00743509,0.268231,0.48813,0.0744274,0.00495034,0.88079,0.0980004,0.699766,0.68026,0.00367413,0.0287806,0.698487,0.698487,0.059312,0.059312,0.305283,0.698487,0.00111827,0.834553,0.0002861,0.011728,0.011728,0.493455,0.583722,0.000961815,0.000232281,0,6.17062e-07,0.106357,0.106357,0.602782,0.0071186,0.526699,0.381992,0.112126,0.0950212,0.590202,0.590202,0.590202,0.00136428,0.00408569,0.00791003,0.175164,0.00169027,0.00558809,0.67286,0.197216,0.394858,0.215653,0.454129,0.417183,0.338164,0.338164,0.106357,0.106357,0.0106116,0.338164,3.56354e-05,0.816188,0.000274611,0.656981,0.656981,
0.78,0.0539122,0.0421843,0.71214,0.375363,0.461183,0.0250066,0.068134,0.068134,0.149731,0.140356,0.654545,0.347896,0.119679,0.1679,0.080879,0.080879,0.080879,0.0288865,0.00682943,0.250638,0.46388,0.0703921,0.00460639,0.807491,0.128425,0.660095,0.645182,0.0035185,0.0616419,0.668356,0.668356,0.068134,0.068134,0.284893,0.668356,0.00296323,0.787379,0.00026054,0.011659,0.011659,0.460937,0.551193,0.000891386,0.000211964,0,8.02283e-07,0.094012,0.094012,0.563337,0.00671527,0.487019,0.351798,0.105725,0.0894663,0.604964,0.604964,0.604964,0.001301,0.00378582,0.0117306,0.161534,0.00571063,0.0211564,0.613308,0.187235,0.370835,0.203164,0.42264,0.395912,0.286856,0.286856,0.094012,0.094012,0.009733,0.286856,0.000134916,0.764534,0.00055813,0.614227,0.614227,
0.785,0.0860244,0.0765973,0.62929,0.332515,0.44074,0.0241475,0.073728,0.073728,0.13963,0.129986,0.653185,0.336044,0.10738,0.158473,0.089755,0.089755,0.089755,0.0298576,0.00715497,0.240986,0.46691,0.0693639,0.00425674,0.724996,0.171513,0.647658,0.646745,0.00288411,0.101752,0.548605,0.548605,0.073728,0.073728,0.270945,0.548605,0.00400439,0.776577,0.00207311,0.011506,0.011506,0.432689,0.542538,0.000834037,0.00017858,0,5.27757e-07,0.082505,0.082505,0.529941,0.00636984,0.436145,0.315941,0.103919,0.0847544,0.574412,0.574412,0.574412,0.00131188,0.00333891,0.0163397,0.138806,0.0106696,0.0404889,0.543049,0.190074,0.347825,0.188988,0.381852,0.399724,0.237549,0.237549,0.082505,0.082505,0.00826913,0.237549,0.000257429,0.698137,0,0.544379,0.544379,
0.79,0.0932993,0.0872299,0.528045,0.279333,0.37197,0.0224299,0.072713,0.072713,0.112896,0.101433,0.572243,0.284999,0.0792261,0.13497,0.102409,0.102409,0.102409,0.0254876,0.00506244,0.20809,0.408754,0.0591483,0.00332255,0.619237,0.174956,0.552685,0.565337,0.00288535,0.111212,0.392531,0.392531,0.072713,0.072713,0.231155,0.392531,0.00768572,0.674179,0.00019311,0.011087,0.011087,0.344686,0.462859,0.000714994,0.000116318,0,1.99527e-06,0.072624,0.072624,0.423488,0.00532058,0.346047,0.257292,0.0890731,0.0737567,0.518573,0.518573,0.518573,0.00116556,0.00238302,0.0168786,0.0925782,0.0122281,0.0464354,0.455137,0.165575,0.282594,0.150858,0.313583,0.349185,0.19086,0.19086,0.072624,0.072624,0.00565453,0.19086,0.000296119,0.582239,0.00226023,0.449605,0.449605,
0.795,0.119374,0.116546,0.405811,0.215853,0.326912,0.0203547,0.065137,0.065137,0.093369,0.0818707,0.538941,0.254755,0.0576422,0.116265,0.119708,0.119708,0.119708,0.0242623,0.00400133,0.185415,0.38881,0.0544275,0.00268306,0.493985,0.208069,0.505883,0.535654,0.0021091,0.144256,0.243994,0.243994,0.065137,0.065137,0.201716,0.243994,0.00879079,0.624457,0.00014834,0.010513,0.010513,0.288674,0.425674,0.000611453,6.57527e-05,0,1.78045e-06,0.063004,0.063004,0.35634,0.00459758,0.264198,0.200479,0.0817274,0.064057,0.479338,0.479338,0.479338,0.00111535,0.00165586,0.020347,0.0562514,0.0164734,0.0629002,0.351025,0.157674,0.23688,0.123392,0.246941,0.332269,0.146326,0.146326,0.063004,0.063004,0.00344624,0.146326,0.000401119,0.468654,0.0019878,0.335625,0.335625,
0.8,0.143471,0.141952,0.291043,0.157128,0.319729,0.024194,0.054041,0.054041,0.0863231,0.0744589,0.573942,0.256298,0.0415419,0.107434,0.138355,0.138355,0.138355,0.0263225,0.00320002,0.181595,0.421026,0.0571048,0.00241932,0.403095,0.244978,0.526777,0.578659,0.00337183,0.173122,0.140918,0.140918,0.054041,0.054041,0.191816,0.140918,0.0166477,0.654134,0.000106308,0.009934,0.009934,0.273884,0.446957,0.000556725,2.65626e-05,0,5.14547e-06,0.055625,0.055625,0.339971,0.0047551,0.201021,0.156868,0.0849848,0.0582664,0.498886,0.498886,0.498886,0.00123321,0.00118834,0.0233593,0.0289416,0.020128,0.0769802,0.255053,0.171754,0.217021,0.108128,0.198809,0.360296,0.109122,0.109122,0.055625,0.055625,0.00205776,0.109122,0.000490898,0.367271,0.00657099,0.227545,0.227545,
0.805,0.180294,0.180316,0.232194,0.127901,0.34989,0.0269594,0.044914,0.044914,0.0894967,0.0771762,0.663955,0.285867,0.0348827,0.112332,0.155683,0.155683,0.155683,0.0308026,0.00293507,0.198271,0.4923,0.0656004,0.00251502,0.364309,0.304515,0.601737,0.675556,0.00339996,0.21859,0.08658,0.08658,0.044914,0.044914,0.204953,0.08658,0.019603,0.748622,8.472e-05,0.009436,0.009436,0.295475,0.513561,0.000573984,2.5637e-06,0,5.71326e-06,0.052021,0.052021,0.368143,0.005227,0.175723,0.140117,0.0969516,0.0597976,0.571623,0.571623,0.571623,0.00144428,0.00099385,0.0287637,0.0131915,0.0256273,0.0981441,0.207229,0.200981,0.227062,0.109503,0.180142,0.421484,0.081248,0.081248,0.052021,0.052021,0.0011595,0.081248,0.000625862,0.330972,0.00726602,0.145809,0.145809,
0.81,0.143534,0.143947,0.184763,0.10554,0.418921,0.029331,0.040237,0.040237,0.0990328,0.0898825,0.813235,0.346793,0.0276489,0.125889,0.17019,0.17019,0.17019,0.0383249,0.00299284,0.233001,0.610137,0.0810943,0.00306641,0.346647,0.280029,0.742772,0.840333,0.00342679,0.174709,0.062803,0.062803,0.040237,0.040237,0.235782,0.062803,0.0178748,0.918038,6.74145e-05,0.009174,0.009174,0.36468,0.637951,0.000639808,0,0,5.89979e-06,0.050205,0.050205,0.454484,0.00623245,0.165249,0.135557,0.119204,0.0602845,0.657468,0.657468,0.657468,0.00177686,0.00110343,0.0228352,0.00919175,0.0204149,0.0779405,0.171275,0.249852,0.256093,0.116611,0.16189,0.524318,0.060439,0.060439,0.050205,0.050205,0.00118066,0.060439,0.00049702,0.265023,0.00737998,0.089087,0.089087,
0.815,0.17426,0.175571,0.164348,0.0954625,0.435639,0.0281205,0.039878,0.039878,0.10273,0.0944269,0.85353,0.361884,0.0308153,0.129259,0.179362,0.179362,0.179362,0.040282,0.00303085,0.240863,0.641728,0.085306,0.0032159,0.323744,0.324621,0.779226,0.882842,0.002188,0.213343,0.056763,0.056763,0.039878,0.039878,0.243151,0.056763,0.0146729,0.960394,0.000135581,0.009316,0.009316,0.383178,0.670226,0.00065077,0,0,3.47564e-06,0.048297,0.048297,0.477544,0.00635134,0.165765,0.13337,0.124912,0.061901,0.69954,0.69954,0.69954,0.00185415,0.00116781,0.0276428,0.0104976,0.0249586,0.0954801,0.15507,0.262048,0.268719,0.123469,0.159441,0.550878,0.046877,0.046877,0.048297,0.048297,0.00104291,0.046877,0.000608881,0.269784,0.00400032,0.053386,0.053386,
0.82,0.221403,0.222137,0.205698,0.114104,0.343775,0.0256935,0.0414,0.0414,0.0894042,0.0772611,0.661596,0.282112,0.0382213,0.109598,0.181523,0.181523,0.181523,0.0306661,0.00275083,0.194006,0.491271,0.0653918,0.00247439,0.330351,0.35607,0.597365,0.672418,0.00246374,0.269381,0.057564,0.057564,0.0414,0.0414,0.200486,0.057564,0.0182176,0.741562,7.49659e-05,0.009804,0.009804,0.292004,0.510423,0.000553082,0,0,3.90756e-06,0.045449,0.045449,0.363972,0.00508407,0.169897,0.132268,0.0961494,0.0597614,0.672611,0.672611,0.672611,0.00143402,0.000985212,0.0351181,0.0132616,0.0316355,0.121361,0.184885,0.199752,0.227761,0.111874,0.175188,0.419573,0.040669,0.040669,0.045449,0.045449,0.000925781,0.040669,0.000773925,0.336133,0.0047881,0.031123,0.031123,
0.825,0.24163,0.242065,0.134709,0.0747707,0.233857,0.0198158,0.043054,0.043054,0.0679645,0.0573082,0.456922,0.19257,0.0381501,0.0759406,0.174736,0.174736,0.174736,0.0209446,0.00184072,0.131684,0.338126,0.0450893,0.00169427,0.219448,0.354883,0.40851,0.459271,0.00174998,0.293647,0.060215,0.060215,0.043054,0.043054,0.137995,0.060215,0.0169339,0.505655,4.89602e-05,0.010578,0.010578,0.199606,0.348578,0.000373334,0,0,2.57903e-06,0.04135,0.04135,0.248853,0.00358843,0.128359,0.093449,0.0656784,0.0459845,0.577603,0.577603,0.577603,0.00099341,0.000762972,0.0379964,0.0141498,0.0345472,0.132807,0.121177,0.136398,0.168735,0.0884394,0.138776,0.286528,0.042026,0.042026,0.04135,0.04135,0.000661872,0.042026,0.000846922,0.288645,0.00314691,0.018201,0.018201,
0.83,0.197668,0.195484,0.101241,0.0576565,0.233519,0.0251857,0.043789,0.043789,0.069758,0.0601575,0.457109,0.194271,0.0351103,0.0720263,0.159598,0.159598,0.159598,0.0212026,0.00168095,0.128697,0.341076,0.0457457,0.0017757,0.210931,0.297762,0.414847,0.465345,0.00471312,0.237419,0.063141,0.063141,0.043789,0.043789,0.133795,0.063141,0.0255109,0.509119,3.67785e-05,0.011385,0.011385,0.208195,0.35524,0.000352861,7.08665e-06,0,8.15985e-06,0.037118,0.037118,0.259173,0.00408138,0.116983,0.0853347,0.0663438,0.0413068,0.451576,0.451576,0.451576,0.00103115,0.000856985,0.0307245,0.017946,0.0278576,0.106941,0.0938158,0.139122,0.164644,0.0839171,0.129676,0.290031,0.051642,0.051642,0.037118,0.037118,0.0013787,0.051642,0.000681952,0.233738,0.0108085,0.013392,0.013392,
0.835,0.15002,0.145633,0.123819,0.0667127,0.134449,0.0261716,0.043257,0.043257,0.0501522,0.0378399,0.251869,0.109739,0.0278983,0.0473269,0.1389,0.1389,0.1389,0.0113077,0.00131963,0.0778638,0.183039,0.024534,0.000947964,0.220856,0.208863,0.224282,0.248139,0.00766913,0.175953,0.065818,0.065818,0.043257,0.043257,0.0844494,0.065818,0.0348478,0.281246,4.51095e-05,0.012012,0.012012,0.109512,0.188834,0.000238106,1.96183e-06,0,1.40706e-05,0.033794,0.033794,0.136468,0.00302346,0.0963132,0.0727174,0.0361547,0.0321002,0.335938,0.335938,0.335938,0.000615494,0.000528972,0.0231049,0.0125448,0.0207053,0.0794187,0.107993,0.0760334,0.103456,0.0557871,0.122918,0.154744,0.067292,0.067292,0.033794,0.033794,0.00141382,0.067292,0.000506419,0.214544,0.0191151,0.013222,0.013222,
0.84,0.0775465,0.0723125,0.130896,0.0700073,0.117899,0.0252447,0.041014,0.041014,0.0432411,0.0323718,0.210047,0.0950754,0.020202,0.0419854,0.114518,0.114518,0.114518,0.00946583,0.00129588,0.0688071,0.151923,0.0205102,0.000841617,0.227236,0.11316,0.190291,0.207975,0.00840488,0.0870678,0.06743,0.06743,0.041014,0.041014,0.0746878,0.06743,0.034031,0.239881,4.7801e-05,0.012379,0.012379,0.0954232,0.159545,0.000218961,6.01908e-06,0,1.55519e-05,0.031051,0.031051,0.118664,0.00282302,0.0873714,0.0696487,0.0307325,0.0266664,0.236419,0.236419,0.236419,0.000530003,0.000477881,0.0118105,0.0117506,0.0102001,0.0389031,0.113393,0.0643616,0.0855755,0.0440096,0.110795,0.129585,0.085096,0.085096,0.031051,0.031051,0.00163985,0.085096,0.000248041,0.171281,0.0211847,0.014794,0.014794,
0.845,0.0465967,0.0399024,0.107995,0.0569865,0.0673654,0.02568,0.037138,0.037138,0.0331096,0.0225174,0.110899,0.0536294,0.0159273,0.0264245,0.090705,0.090705,0.090705,0.00483287,0.00093401,0.0405851,0.0777557,0.0106742,0.000476302,0.200355,0.0604701,0.100867,0.106443,0.00995537,0.0475911,0.067122,0.067122,0.037138,0.037138,0.046123,0.067122,0.0384851,0.129418,3.94655e-05,0.012237,0.012237,0.0518669,0.08264,0.000141251,6.65465e-06,0,1.8595e-05,0.028758,0.028758,0.0643491,0.00236093,0.0666695,0.0538633,0.0163308,0.0189741,0.166797,0.166797,0.166797,0.00033554,0.000360518,0.00673547,0.0110284,0.00556285,0.0210615,0.0922886,0.03487,0.0535281,0.0285685,0.0949408,0.0662052,0.096366,0.096366,0.028758,0.028758,0.00180468,0.096366,0.000134253,0.129717,0.0254527,0.016311,0.016311,
0.85,0.0335225,0.0290309,0.099314,0.0519862,0.0487268,0.0149939,0.033666,0.033666,0.0244757,0.017946,0.0687186,0.0369649,0.016551,0.0203193,0.069905,0.069905,0.069905,0.0028581,0.000833365,0.0286368,0.0464945,0.00691337,0.000420571,0.150071,0.0424729,0.0657576,0.063658,0.00567389,0.0353872,0.065088,0.065088,0.033666,0.033666,0.0340505,0.065088,0.0215586,0.0823187,3.63032e-05,0.011435,0.011435,0.0418835,0.0531005,0.000108824,1.66852e-05,0,1.02412e-05,0.0269,0.0269,0.0513618,0.00148725,0.0628962,0.0475009,0.0106325,0.0144617,0.123661,0.123661,0.123661,0.000194396,0.000397208,0.00511954,0.0162463,0.00405952,0.0154155,0.0844968,0.0204534,0.0437803,0.0251213,0.0758161,0.0391946,0.096223,0.096223,0.0269,0.0269,0.00156211,0.096223,9.82741e-05,0.118016,0.0140145,0.017086,0.017086,
0.855,0.0231506,0.0192016,0.0835364,0.0440148,0.0512935,0.013728,0.034194,0.034194,0.0226368,0.017122,0.0786244,0.040014,0.0133372,0.0198171,0.052741,0.052741,0.052741,0.00346466,0.000748857,0.0296292,0.0552237,0.00812114,0.000628666,0.132838,0.0319896,0.0748202,0.0759985,0.005193,0.0234657,0.061655,0.061655,0.034194,0.034194,0.0340678,0.061655,0.0191799,0.093053,0.000159809,0.009736,0.009736,0.0446653,0.0614972,0.000105024,1.37787e-05,0,2.13826e-05,0.025425,0.025425,0.0549422,0.00144279,0.0540517,0.0416154,0.0120523,0.0128604,0.092268,0.092268,0.092268,0.000212398,0.000353425,0.00348759,0.0132951,0.00266121,0.010035,0.0715659,0.0239368,0.0416689,0.0226318,0.0650701,0.0468786,0.084848,0.084848,0.025425,0.025425,0.00136984,0.084848,6.39587e-05,0.0957766,0.012709,0.017354,0.017354,
0.86,0.0342145,0.0271825,0.0429637,0.0225995,0.0277288,0.0222368,0.043771,0.043771,0.0241357,0.0167533,0.0414986,0.0230464,0.0143223,0.0105777,0.042289,0.042289,0.042289,0.00174284,0.000409975,0.015162,0.0286987,0.0043935,0.000276287,0.120167,0.0368324,0.0411783,0.0390107,0.00932558,0.0327499,0.057716,0.057716,0.043771,0.043771,0.0192003,0.057716,0.0354343,0.0497326,1.56858e-05,0.0072,0.0072,0.0275848,0.0331392,5.37045e-05,1.2486e-05,0,1.73232e-05,0.024573,0.024573,0.0337806,0.00184082,0.0394027,0.0288297,0.00638715,0.00964278,0.068684,0.068684,0.068684,0.000187157,0.000349698,0.00458512,0.0144175,0.00377922,0.0142854,0.0369298,0.0145634,0.0301581,0.0178412,0.0641884,0.0238736,0.067632,0.067632,0.024573,0.024573,0.00190014,0.067632,9.10439e-05,0.0688011,0.0237641,0.017696,0.017696,
0.865,0.0287949,0.018631,0.0208695,0.0112334,0.0233225,0.0330005,0.064338,0.064338,0.0282613,0.0180451,0.0410152,0.0217512,0.0118391,0.00777856,0.038858,0.038858,0.038858,0.00181547,0.000245009,0.0126969,0.0294254,0.00423178,0.000208904,0.138904,0.0257441,0.0399028,0.0402878,0.0143167,0.021599,0.054285,0.054285,0.064338,0.064338,0.0161309,0.054285,0.0540417,0.0492061,7.61351e-06,0.004595,0.004595,0.0224696,0.0321624,3.89083e-05,5.89881e-06,0,2.70086e-05,0.024222,0.024222,0.0277684,0.00255115,0.028536,0.0227875,0.00605642,0.00880229,0.052913,0.052913,0.052913,0.000247909,0.000304944,0.00311877,0.0109522,0.00250978,0.00926558,0.0183854,0.0168821,0.0252293,0.0139454,0.0690763,0.02484,0.053143,0.053143,0.024222,0.024222,0.00235156,0.053143,5.90009e-05,0.0431483,0.0370675,0.018654,0.018654,
0.87,0.0508943,0.0381926,0.00253292,0.00140202,0.00797635,0.040662,0.095366,0.095366,0.0315867,0.018901,0.016144,0.0106007,0.0149812,0.00277869,0.040534,0.040534,0.040534,0.0006099,6.78608e-05,0.00372405,0.0109022,0.00176766,0.000100802,0.144339,0.0462082,0.0163937,0.0138417,0.0178616,0.0449892,0.051848,0.051848,0.095366,0.095366,0.00772077,0.051848,0.068331,0.0195458,8.76915e-07,0.003525,0.003525,0.0101719,0.0117543,9.74134e-06,4.9094e-06,0,3.37393e-05,0.024165,0.024165,0.0125252,0.002937,0.0244173,0.0181013,0.00213794,0.00843163,0.044469,0.044469,0.044469,0.000237836,0.00032063,0.0061017,0.0126833,0.00528425,0.0199037,0.00246686,0.01033,0.0205321,0.0132642,0.0776982,0.00832194,0.044194,0.044194,0.024165,0.024165,0.00280834,0.044194,0.00012682,0.0428975,0.0463363,0.020408,0.020408,
0.875,0.0632386,0.0499346,0.0209869,0.00979457,0.00937703,0.0441312,0.126525,0.126525,0.0394052,0.0213476,0.0228787,0.014636,0.0274173,0.0230547,0.044872,0.044872,0.044872,0.0438272,0.0277925,0.0182291,0.0402806,0.00344763,0.000154279,0.170111,0.0606046,0.0280818,0.0228785,0.0193186,0.0587468,0.051607,0.051607,0.126525,0.126525,0.0365036,0.051607,0.0764523,0.0244109,0.0795238,0.007637,0.007637,0.00650064,0.0135185,2.04613e-05,3.03405e-05,0,4.00154e-05,0.024398,0.024398,0.00969281,0.00315588,0.0389195,0.0302984,0.00960206,0.017085,0.04241,0.04241,0.04241,0.000263761,0.000487542,0.00801783,0.0485426,0.0069524,0.0362123,0.0144779,0.0931392,0.0286766,0.0222986,0.0916576,0.0907994,0.041068,0.041068,0.024398,0.024398,0.00315522,0.041068,0.000181581,0.0674874,0.0500974,0.022163,0.022163,
0.88,0.0855091,0.0683874,0.000248025,0.000243115,0.0102172,0.0557961,0.152343,0.152343,0.0435164,0.0256717,0.024074,0.0142191,0.0212705,0.00380389,0.049381,0.049381,0.049381,0.00089676,6.11836e-05,0.00500795,0.0162808,0.00249036,0.000112714,0.193819,0.083334,0.0225084,0.02014,0.0243295,0.0809761,0.055012,0.055012,0.152343,0.152343,0.0105001,0.055012,0.0939857,0.0274123,0,0.0233,0.0233,0.0119254,0.0161256,1.1821e-05,3.74056e-06,0,4.59923e-05,0.024966,0.024966,0.0148188,0.00400334,0.0325274,0.0236446,0.00296158,0.0123059,0.043191,0.043191,0.043191,0.00032984,0.00041264,0.010805,0.0159988,0.00954193,0.0361534,0.00057589,0.0145089,0.0287708,0.0190576,0.107169,0.0122288,0.041091,0.041091,0.024966,0.024966,0.00370857,0.041091,0.000230407,0.0655184,0.0631628,0.023241,0.023241,
0.885,0.0854833,0.0650841,0.000758995,0.000753492,0.0202145,0.0660066,0.16899,0.16899,0.0524226,0.0319921,0.0423215,0.0235418,0.0241934,0.00622766,0.051574,0.051574,0.051574,0.00177573,0.000122916,0.00988047,0.0301846,0.00449082,0.00021562,0.232502,0.0809782,0.0411981,0.0396438,0.0288069,0.0767755,0.063101,0.063101,0.16899,0.16899,0.0160945,0.063101,0.11038,0.0494947,1.92369e-07,0.057069,0.057069,0.0231996,0.0318612,2.38194e-05,7.07115e-06,0,5.44247e-05,0.025799,0.025799,0.0287123,0.0048463,0.0395887,0.0294357,0.00579176,0.0142503,0.04428,0.04428,0.04428,0.000419733,0.000527642,0.010353,0.0200146,0.00902078,0.0340118,0.00153961,0.0218044,0.0371473,0.0230274,0.125445,0.0242494,0.041928,0.041928,0.025799,0.025799,0.00450883,0.041928,0.000216723,0.0684609,0.0747299,0.023158,0.023158,
0.89,0.0999787,0.0758892,0.00228963,0.00157232,0.0227034,0.0778094,0.178964,0.178964,0.0616318,0.037506,0.0471082,0.0267205,0.0285687,0.00713236,0.051525,0.051525,0.051525,0.0019555,0.000148137,0.0110812,0.0333869,0.00501257,0.000246228,0.275185,0.0940483,0.0460722,0.0437267,0.0339922,0.0894958,0.075867,0.075867,0.178964,0.178964,0.0184808,0.075867,0.130198,0.0553421,7.38365e-07,0.10827,0.10827,0.0262603,0.03535,2.72533e-05,8.59023e-06,0,6.42174e-05,0.02701,0.02701,0.0324776,0.00569997,0.0469977,0.0349625,0.00643384,0.0167502,0.045298,0.045298,0.045298,0.00048884,0.000621838,0.0120848,0.0237508,0.0105141,0.0396324,0.00292322,0.0248203,0.0432248,0.0269372,0.148281,0.0267035,0.041968,0.041968,0.02701,0.02701,0.00532794,0.041968,0.000252535,0.0814406,0.0881788,0.021906,0.021906,
0.895,0.0996825,0.070121,0.000246698,0.000577451,0.0248407,0.094638,0.189019,0.189019,0.0732359,0.0443994,0.0510314,0.0305438,0.0321602,0.0076752,0.049993,0.049993,0.049993,0.00224085,0.000155355,0.0117959,0.0365371,0.00602546,0.000789175,0.333858,0.0863337,0.0515429,0.048183,0.041815,0.0820735,0.096209,0.096209,0.189019,0.189019,0.0207288,0.096209,0.158414,0.0613819,0.000330189,0.174282,0.174282,0.0300275,0.0390084,2.80774e-05,1.10134e-05,0,0.00010958,0.029385,0.029385,0.0370054,0.00692112,0.0528555,0.0404894,0.00709775,0.0186322,0.048547,0.048547,0.048547,0.000583451,0.000738916,0.0112542,0.028138,0.00961031,0.0359449,0.0014396,0.0286917,0.0480263,0.0293524,0.175569,0.0290784,0.040574,0.040574,0.029385,0.029385,0.00653514,0.040574,0.000228956,0.0816871,0.108089,0.019873,0.019873,
0.9,0.109353,0.0743446,0.000259621,0.000468939,0.0246841,0.109016,0.202261,0.202261,0.0859436,0.0536248,0.0433318,0.0311462,0.041134,0.00679462,0.047958,0.047958,0.047958,0.00173794,0.000201897,0.00966664,0.0303705,0.00533876,0.000391023,0.382631,0.0895725,0.0497218,0.0399955,0.0481959,0.0872696,0.126814,0.126814,0.202261,0.202261,0.0203743,0.126814,0.182484,0.0553854,0,0.2398,0.2398,0.0381965,0.0370126,2.28012e-05,2.45474e-05,0,9.08257e-05,0.033943,0.033943,0.0465865,0.00799953,0.0679642,0.0492321,0.00644153,0.0204328,0.057412,0.057412,0.057412,0.000639705,0.000999653,0.0121103,0.0410243,0.0101503,0.0378652,0.00168778,0.0284145,0.0572682,0.0361333,0.205799,0.0237196,0.037727,0.037727,0.033943,0.033943,0.0080393,0.037727,0.000241179,0.0968593,0.124735,0.017778,0.017778,
0.905,0.112113,0.0715644,0.000488583,0.000845104,0.0372869,0.124884,0.218688,0.218688,0.100741,0.0647171,0.0627916,0.0430158,0.0484633,0.00957557,0.047167,0.047167,0.047167,0.00266451,0.000301101,0.0147528,0.0452613,0.00780088,0.000575817,0.440552,0.0876784,0.0725245,0.0609974,0.0552268,0.0839353,0.167302,0.167302,0.218688,0.218688,0.0271249,0.167302,0.208078,0.0800492,8.88624e-08,0.288497,0.288497,0.0566628,0.0560843,3.51705e-05,3.5551e-05,0,0.000103918,0.040958,0.040958,0.0690548,0.00931051,0.0828749,0.0594466,0.00974873,0.0231537,0.072063,0.072063,0.072063,0.00075987,0.00125374,0.0118435,0.0517669,0.00967886,0.0358502,0.00269479,0.0368862,0.0715424,0.0439881,0.236946,0.0363903,0.034486,0.034486,0.040958,0.040958,0.00952678,0.034486,0.000228287,0.106165,0.142703,0.016096,0.016096,
0.91,0.116988,0.0712598,0.000242144,0.000590203,0.0376105,0.137325,0.234839,0.234839,0.113005,0.0745013,0.0536662,0.0439978,0.0585459,0.00891065,0.048242,0.048242,0.048242,0.0021993,0.00036443,0.0121666,0.0384145,0.00767162,0.000724004,0.482065,0.0853473,0.0711454,0.0518689,0.0609753,0.0841214,0.216271,0.216271,0.234839,0.234839,0.0268054,0.216271,0.228698,0.072651,0,0.31961,0.31961,0.0681701,0.0543544,2.86975e-05,5.36912e-05,0,0.000114393,0.049153,0.049153,0.0824764,0.0102879,0.100032,0.0687382,0.00911748,0.0243228,0.090179,0.090179,0.090179,0.000802004,0.00156391,0.0120464,0.0674763,0.00957993,0.0353313,0.00288193,0.0358147,0.0819791,0.0516597,0.265428,0.0300267,0.031782,0.031782,0.049153,0.049153,0.0110994,0.031782,0.000224944,0.120211,0.157101,0.015041,0.015041,
0.915,0.125099,0.0767611,0.000262668,0.000298879,0.0314644,0.141686,0.242325,0.242325,0.118948,0.0800041,0.0330606,0.0392118,0.0674393,0.00734127,0.051057,0.051057,0.051057,0.0013094,0.000393198,0.00635934,0.0230499,0.00704151,0.00157376,0.493423,0.0892142,0.0578845,0.0302723,0.0633885,0.0917801,0.263325,0.263325,0.242325,0.242325,0.0234309,0.263325,0.236228,0.0504211,0.000497985,0.341107,0.341107,0.072787,0.0422213,1.45324e-05,7.03868e-05,0,0.000164606,0.053934,0.053934,0.087264,0.0106188,0.113383,0.0743783,0.0067072,0.0242795,0.103827,0.103827,0.103827,0.000777158,0.00180376,0.0131204,0.080989,0.0103513,0.038275,0.00297954,0.0296115,0.0876466,0.0574337,0.281375,0.0155584,0.030557,0.030557,0.053934,0.053934,0.0120787,0.030557,0.00024368,0.135408,0.16215,0.014845,0.014845,
0.92,0.131021,0.0803177,0.000274565,0.000874569,0.0577357,0.147283,0.240818,0.240818,0.130772,0.0918257,0.0766825,0.0609726,0.0755721,0.0130101,0.055817,0.055817,0.055817,0.00326114,0.000574397,0.0178717,0.056398,0.0114538,0.00114409,0.51594,0.0990679,0.104405,0.0770322,0.0652021,0.0967578,0.302332,0.302332,0.240818,0.240818,0.0355409,0.302332,0.243282,0.102198,0,0.365017,0.365017,0.107246,0.0829644,4.25242e-05,8.66641e-05,0,0.00012157,0.052974,0.052974,0.129474,0.0113871,0.132241,0.0852897,0.0138027,0.0269606,0.106659,0.106659,0.106659,0.000893747,0.00211406,0.0138589,0.0941578,0.0108354,0.0400577,0.00447042,0.0440008,0.11013,0.0695206,0.29934,0.0445478,0.030769,0.030769,0.052974,0.052974,0.0130916,0.030769,0.000255062,0.149523,0.16694,0.015303,0.015303,
0.925,0.137991,0.0864254,0.000298244,6.83349e-05,0.0301782,0.146418,0.234348,0.234348,0.12812,0.0893295,0.0162623,0.0373769,0.0802987,0.00562894,0.063474,0.063474,0.063474,0.000308009,0.000476276,0.00176349,0.0101366,0.00570639,0.00100658,0.505365,0.0987087,0.0513496,0.0128026,0.0653617,0.104633,0.337431,0.337431,0.234348,0.234348,0.0207949,0.337431,0.24383,0.0343559,0,0.396387,0.396387,0.0872991,0.0368676,3.32265e-06,9.591e-05,0,0.000121639,0.046299,0.046299,0.104145,0.0110754,0.134909,0.0837095,0.0052018,0.0246899,0.098948,0.098948,0.098948,0.00076254,0.00218207,0.0149401,0.101465,0.0117176,0.0435071,0.00339843,0.0248273,0.10017,0.0676878,0.302019,0.00415853,0.031854,0.031854,0.046299,0.046299,0.0134465,0.031854,0.000277059,0.15916,0.167092,0.016073,0.016073,
0.93,0.144159,0.0902799,0.0333087,0.0172652,0.0492806,0.149107,0.231944,0.231944,0.139834,0.101318,0.032092,0.0511892,0.0940889,0.0121528,0.073268,0.073268,0.073268,0.000926639,0.000844928,0.00940766,0.0208118,0.00828794,0.00134765,0.544962,0.105101,0.0749953,0.02793,0.0663644,0.110795,0.375161,0.375161,0.231944,0.231944,0.0316215,0.375161,0.246344,0.0562837,1.20745e-05,0.425746,0.425746,0.117682,0.0564152,3.49592e-05,0.000123793,0,0.000122816,0.036758,0.036758,0.140558,0.0115705,0.171113,0.105595,0.00869372,0.0284777,0.086014,0.086014,0.086014,0.000797321,0.00260805,0.016002,0.122833,0.01225,0.0455165,0.0320825,0.0290115,0.124449,0.0832578,0.332527,0.0126597,0.033493,0.033493,0.036758,0.036758,0.0147519,0.033493,0.000289869,0.207389,0.168697,0.016941,0.016941,
0.935,0.157519,0.102271,0.00604097,0.00293369,0.0386987,0.151172,0.241443,0.241443,0.141634,0.10355,0.0133739,0.0436763,0.0985776,0.00720422,0.084536,0.084536,0.084536,7.71886e-05,0.000671866,0.00115807,0.00794593,0.00691878,0.00135404,0.522611,0.117657,0.0608099,0.00975095,0.0674159,0.12581,0.417374,0.417374,0.241443,0.241443,0.0236423,0.417374,0.250521,0.0341898,2.07972e-06,0.439826,0.439826,0.116437,0.0448408,4.07222e-06,0.000131546,0,0.000124606,0.029533,0.029533,0.138616,0.0116858,0.168352,0.0995456,0.00613182,0.0264164,0.076453,0.076453,0.076453,0.000771841,0.00272144,0.0178583,0.129682,0.0139692,0.0521521,0.00920118,0.02382,0.123415,0.0845738,0.331427,0.00100684,0.036091,0.036091,0.029533,0.029533,0.0152128,0.036091,0.000332179,0.198202,0.171171,0.018137,0.018137,
0.94,0.171361,0.113317,0.000398687,0,0.0427711,0.156728,0.262692,0.262692,0.150421,0.111913,0.0143956,0.0476548,0.10829,0.00760594,0.100561,0.100561,0.100561,0.000160471,0.000719584,0.000422059,0.00923353,0.00812738,0.0018596,0.534428,0.131193,0.0678039,0.0112444,0.0699553,0.140144,0.456215,0.456215,0.262692,0.262692,0.024835,0.456215,0.259279,0.0362804,0.000215775,0.437205,0.437205,0.131646,0.0506837,0,0.000148723,0,0.000148931,0.02678,0.02678,0.156642,0.0122215,0.183188,0.105933,0.00689279,0.0272801,0.074771,0.074771,0.074771,0.000798811,0.00300319,0.0197687,0.143998,0.0155308,0.0581217,0.00505988,0.0246413,0.135539,0.0932691,0.348794,0.00114139,0.041109,0.041109,0.02678,0.02678,0.0162737,0.041109,0.000370224,0.213218,0.176878,0.020322,0.020322,
0.945,0.201003,0.144028,0.0175702,0.00880339,0.0460889,0.153804,0.279943,0.279943,0.151718,0.113104,0.0172711,0.0490363,0.113275,0.010072,0.127794,0.127794,0.127794,8.90094e-05,0.000838273,0.00266162,0.00988844,0.00804073,0.00156238,0.537248,0.169322,0.0692822,0.011129,0.0681502,0.177577,0.475012,0.475012,0.279943,0.279943,0.0279956,0.475012,0.254246,0.038259,6.2408e-06,0.424601,0.424601,0.134036,0.051596,1.22199e-05,0.000151363,0,0.000125395,0.029009,0.029009,0.159541,0.0120231,0.195177,0.112718,0.00720214,0.0301488,0.08079,0.08079,0.08079,0.00078338,0.00305275,0.024629,0.147066,0.0199407,0.075168,0.0193297,0.024002,0.142917,0.0992588,0.357277,0.00117082,0.048884,0.048884,0.029009,0.029009,0.0161453,0.048884,0.000478952,0.249991,0.172256,0.023708,0.023708,
0.95,0.25767,0.202431,0.00220034,0.000754554,0.0444299,0.148949,0.282379,0.282379,0.152244,0.114589,0.0195761,0.0479748,0.120491,0.00950504,0.184236,0.184236,0.184236,9.15272e-05,0.000753036,0.000585428,0.0116685,0.00841589,0.00158665,0.499413,0.242022,0.0697056,0.0112969,0.0653632,0.248922,0.469344,0.469344,0.282379,0.282379,0.0264882,0.469344,0.246459,0.0358926,5.3491e-07,0.410961,0.410961,0.136248,0.0524015,1.04739e-06,0.000153726,0,0.0001199,0.035039,0.035039,0.162194,0.0116784,0.19883,0.109895,0.00718285,0.0316502,0.091358,0.091358,0.091358,0.000759537,0.00311325,0.0336501,0.151022,0.0283391,0.107647,0.00642168,0.0229649,0.150173,0.106474,0.356081,0.00117055,0.059076,0.059076,0.035039,0.035039,0.0158523,0.059076,0.000686095,0.278159,0.164708,0.02818,0.02818,
0.955,0.378458,0.33086,0.00123079,0,0.0449094,0.127226,0.268557,0.268557,0.146558,0.113055,0.0267873,0.0463839,0.134048,0.0120208,0.287993,0.287993,0.287993,9.53579e-05,0.000756013,0.000321505,0.0154697,0.00908991,0.00162029,0.408535,0.402487,0.0701431,0.0114239,0.0541568,0.405984,0.45174,0.45174,0.268557,0.268557,0.0275395,0.45174,0.210442,0.0331492,0,0.402315,0.402315,0.13872,0.0532495,0,0.000156214,0,9.82185e-05,0.041656,0.041656,0.165165,0.0101195,0.213048,0.109546,0.00740048,0.0362515,0.1004,0.1004,0.1004,0.000648904,0.00315117,0.0535586,0.155755,0.0468479,0.179341,0.00527312,0.0188616,0.165985,0.122197,0.346102,0.00118775,0.068207,0.068207,0.041656,0.041656,0.0143597,0.068207,0.00114337,0.362992,0.134923,0.032149,0.032149,
0.96,0.560453,0.520054,0.00195357,0,0.0481184,0.106606,0.244256,0.244256,0.147795,0.117468,0.0380287,0.0469522,0.159499,0.0162345,0.432762,0.432762,0.432762,0.000105364,0.000810394,0.000248387,0.021358,0.0104591,0.00174784,0.316575,0.638171,0.0744843,0.0121829,0.0428002,0.637328,0.450934,0.450934,0.244256,0.244256,0.0308214,0.450934,0.176283,0.0316261,0,0.397452,0.397452,0.149051,0.0570798,0,0.00016745,0,7.58813e-05,0.045171,0.045171,0.177508,0.00868566,0.244283,0.1159,0.0080899,0.0447138,0.103166,0.103166,0.103166,0.000544135,0.00337197,0.0830149,0.170354,0.0740611,0.284618,0.00563313,0.0146485,0.196274,0.149866,0.3544,0.00127319,0.072882,0.072882,0.045171,0.045171,0.0132193,0.072882,0.0018148,0.497483,0.104238,0.033823,0.033823,
0.965,0.747565,0.718469,0.00271434,0.000233607,0.0532575,0.0718233,0.218268,0.218268,0.143114,0.119586,0.0498825,0.048247,0.18905,0.0247503,0.590689,0.590689,0.590689,0.00996471,0.00109748,0.00067693,0.033263,0.0126164,0.00196819,0.172776,0.886309,0.0828236,0.0151644,0.0249594,0.880872,0.483975,0.483975,0.218268,0.218268,0.0391078,0.483975,0.117921,0.0298591,0.0138464,0.394289,0.394289,0.16529,0.0631814,0,0.000193533,0,4.09936e-05,0.044212,0.044212,0.197244,0.0063206,0.279634,0.122451,0.0105942,0.0532228,0.099408,0.099408,0.099408,0.000364785,0.00368043,0.113943,0.195457,0.102664,0.398117,0.00620653,0.0225655,0.229697,0.181212,0.344837,0.0159744,0.072198,0.072198,0.044212,0.044212,0.0114247,0.072198,0.00252539,0.640522,0.0563129,0.032536,0.032536,
0.97,0.805186,0.779189,0.00294774,7.08106e-06,0.0596357,0.0588971,0.198823,0.198823,0.143382,0.125172,0.0535126,0.0510371,0.201158,0.0230156,0.688854,0.688854,0.688854,0.000403229,0.0010103,0.000120562,0.0305072,0.0134583,0.00217692,0.119145,0.962563,0.0887804,0.0149039,0.0184624,0.956524,0.536568,0.536568,0.198823,0.198823,0.0358051,0.536568,0.0954353,0.0304992,0.000377467,0.392977,0.392977,0.185107,0.0708101,3.46526e-08,0.000207825,0,2.79613e-05,0.039189,0.039189,0.220391,0.0055785,0.300401,0.126974,0.0102022,0.0536433,0.091972,0.091972,0.091972,0.000295738,0.00393065,0.1236,0.205603,0.111428,0.429489,0.00693785,0.00604843,0.248069,0.195532,0.345292,0.00201131,0.067194,0.067194,0.039189,0.039189,0.0114068,0.067194,0.00273846,0.691668,0.0384105,0.028878,0.028878,
0.975,0.800834,0.776434,0.00293908,0,0.0639581,0.0506715,0.184537,0.184537,0.141853,0.127381,0.0533945,0.0533653,0.205559,0.0233939,0.684468,0.684468,0.684468,0.000140272,0.00107815,6.74149e-05,0.0307857,0.0141127,0.00233122,0.0887767,0.959859,0.0939309,0.0157786,0.0147855,0.954447,0.566395,0.566395,0.184537,0.184537,0.0360611,0.566395,0.080815,0.0313957,0,0.39096,0.39096,0.198486,0.0759389,0,0.000222776,0,2.0595e-05,0.033393,0.033393,0.236241,0.00513761,0.309225,0.129375,0.0108366,0.0522796,0.08689,0.08689,0.08689,0.000250524,0.00410136,0.123329,0.215122,0.111074,0.428149,0.00743559,0.00426561,0.254688,0.200278,0.338265,0.00169385,0.061482,0.061482,0.033393,0.033393,0.0114992,0.061482,0.0027303,0.696762,0.0282914,0.024723,0.024723,
0.98,0.756913,0.733223,0.00277518,0,0.0609982,0.0494845,0.172056,0.172056,0.135596,0.121595,0.0505096,0.0510014,0.19532,0.0221639,0.576122,0.576122,0.576122,0.000133637,0.00102824,6.81022e-05,0.0291505,0.0134276,0.00222282,0.0894669,0.90635,0.0896041,0.0150502,0.0147036,0.901387,0.543299,0.543299,0.172056,0.172056,0.0343235,0.543299,0.078987,0.030097,0,0.383693,0.383693,0.189282,0.0724235,0,0.000212463,0,2.0805e-05,0.029863,0.029863,0.225284,0.00498431,0.294164,0.123405,0.010328,0.0495821,0.088517,0.088517,0.088517,0.000244802,0.003911,0.116494,0.204989,0.104885,0.404275,0.00709213,0.00428852,0.24206,0.19016,0.32309,0.00161544,0.057038,0.057038,0.029863,0.029863,0.0110526,0.057038,0.00257805,0.659704,0.0285798,0.02136,0.02136,
0.985,0.551037,0.524771,0.00242928,0.000256918,0.0509701,0.0598312,0.161872,0.161872,0.121128,0.104732,0.0378674,0.0450816,0.158119,0.0208709,0.412158,0.412158,0.412158,0.0102715,0.00374908,0.00167542,0.027927,0.0112885,0.00187368,0.14881,0.647295,0.0778778,0.0145187,0.0216115,0.645633,0.463687,0.463687,0.161872,0.161872,0.0339747,0.463687,0.0969245,0.0280576,0.0161759,0.373649,0.373649,0.15785,0.0607163,0,0.000185269,0,3.56567e-05,0.030151,0.030151,0.188245,0.00550368,0.240251,0.106656,0.0101681,0.040146,0.098261,0.098261,0.098261,0.000299428,0.00333636,0.0837474,0.178137,0.0749573,0.291225,0.00598765,0.0237817,0.194151,0.150725,0.283702,0.0181736,0.054718,0.054718,0.030151,0.030151,0.0105991,0.054718,0.00184424,0.496,0.0484948,0.019668,0.019668,
0.99,0.338713,0.30496,0.00114004,0.00138378,0.0794895,0.0935686,0.152851,0.152851,0.120445,0.0949429,0.118575,0.0753791,0.109731,0.0266003,0.27098,0.27098,0.27098,0.0117782,0.000916275,0.0251042,0.0907337,0.019572,0.00420542,0.303956,0.38494,0.142058,0.110824,0.0391588,0.374443,0.362656,0.362656,0.152851,0.152851,0.0508694,0.362656,0.151468,0.129912,0.011023,0.373641,0.373641,0.146741,0.114662,5.96443e-05,0.000122351,0,0.000228936,0.03283,0.03283,0.17701,0.00793744,0.176736,0.0927549,0.0206427,0.0350661,0.116008,0.116008,0.116008,0.000669399,0.00253079,0.0489491,0.123676,0.0432875,0.167754,0.00617262,0.0522772,0.157597,0.109719,0.271527,0.0723264,0.053453,0.053453,0.03283,0.03283,0.0104977,0.053453,0.00106052,0.31272,0.0947094,0.019151,0.019151,
0.995,0.205431,0.165022,0.00551129,0.000347891,0.0292458,0.111606,0.142673,0.142673,0.116707,0.0850781,0.0790661,0.0782488,0.109776,0.0668301,0.18378,0.18378,0.18378,0.024086,0.0298298,0.0117069,0.0920344,0.0845375,0.0757646,0.374863,0.207545,0.101122,0.0763008,0.0745834,0.221676,0.275813,0.275813,0.142673,0.142673,0.083693,0.275813,0.187671,0.0341904,0.0796622,0.394689,0.394689,0.0990933,0.0373214,0,0.00010984,0,0.00464942,0.036108,0.036108,0.10729,0.00874884,0.144554,0.0816344,0.0158394,0.025539,0.145503,0.145503,0.145503,0.000576569,0.00215021,0.0274935,0.115061,0.0232012,0.0884054,0.00803309,0.0495645,0.122571,0.0898618,0.313078,0.0336873,0.051715,0.051715,0.036108,0.036108,0.0116215,0.051715,0.000561099,0.208537,0.123532,0.019029,0.019029,
1,0.192473,0.154971,0.00377276,0.00210923,0.0389154,0.108725,0.130978,0.130978,0.10425,0.0740376,0.0484159,0.0415426,0.0728348,0.0104064,0.161377,0.161377,0.161377,0.00171216,0.000460476,0.00978068,0.0336778,0.00791704,0.000903246,0.372686,0.189734,0.0684209,0.0422121,0.0472491,0.188226,0.23297,0.23297,0.130978,0.130978,0.0258539,0.23297,0.180286,0.0604872,1.17341e-06,0.434713,0.434713,0.0819112,0.0530988,2.43722e-05,7.44163e-05,0,8.7569e-05,0.038205,0.038205,0.0985029,0.00837357,0.120334,0.0709764,0.00864657,0.0252462,0.185333,0.185333,0.185333,0.000630557,0.00177697,0.0252305,0.0823127,0.0217126,0.0825077,0.00598932,0.0275231,0.0980934,0.0671555,0.245358,0.0233526,0.049398,0.049398,0.038205,0.038205,0.00997555,0.049398,0.000525881,0.186792,0.120262,0.018935,0.018935,
1.005,0.00041823,6.54332e-05,0.00699881,0.0030655,0.00201721,0.00090998,0,0,0.00371981,0.00222527,0.0332061,0.0240808,0.0125824,0.0300012,0,0,0,0.010322,0.00756188,0.00405317,0.0408797,0.0398719,0.0376229,0.00942698,0.00512578,0.0284856,0.0357296,0.0133512,0.0100851,0,0,0,0,0.0323642,0,0.00193549,0.0071079,0.0324489,0,0,0.00671293,0.00233983,4.93158e-06,5.96451e-06,0,0.00229431,0,0,0.0026274,0.000148396,0.0053578,0.00451408,0.0054324,0.000930105,0,0,0,8.23598e-06,3.13186e-05,0.000220792,0.00440601,3.09908e-05,0.000187778,0.00702794,0.0091816,0.00940222,0.00756655,0.0295231,0.00990784,0,0,0,0,0.000213711,0,0,0.0062019,0.0009902,0,0,
1.01,0.000101573,5.71418e-05,0.0165858,0.00855907,0.00288248,0.000137354,0,0,0.00153393,0.000714148,0.00913401,0.00730413,0.00395283,0.00914506,0,0,0,0.00214076,0.000109566,0.00220563,0.00967732,0.0102156,0.00964184,0.0163817,0.00127559,0.00768147,0.00876442,0.00334296,0.00263115,0,0,0,0,0.0102949,0,7.4386e-06,0.00342642,0.00628359,0,0,0.00239423,0.000476488,1.18807e-05,2.46403e-06,0,0.000586844,0,0,0.0014664,3.58733e-05,0.00725902,0.00612126,0.00143404,0.00141744,0,0,0,0,2.0092e-05,0.000128504,0.00105969,9.19911e-06,4.77873e-05,0.0143691,0.000186807,0.00432129,0.00309665,0.0133044,0.000346246,0,0,0,0,6.03434e-05,0,0,0.0148409,1.83399e-05,0,0,
1.015,0.00247494,0.000465693,0.0351287,0.0181582,0.00733311,0.00653284,0,0,0.00853531,0.00419952,0.0389979,0.0295178,0.0155716,0.0350485,0,0,0,0.00925907,0.000236825,0.00542344,0.0431933,0.0436931,0.0410827,0.0574913,0.00576571,0.0329826,0.0399984,0.0169963,0.0111843,0,0,0,0,0.0389535,0,0.0104856,0.01346,0.0267868,0,0,0.0085145,0.00304468,2.68581e-05,7.21015e-06,0,0.00250775,0,0,0.00432605,0.000558627,0.0177215,0.0159247,0.00594282,0.0039683,0,0,0,3.79889e-05,7.27261e-05,0.000414832,0.00312424,5.44339e-05,0.000207459,0.0315873,0.00263568,0.0144462,0.0104562,0.0519994,0.0031714,0,0,0,0,0.000521665,0,1.43029e-09,0.0331704,0.00736794,0,0,
1.02,0.000323264,0,0,0,0.00127691,0.000120738,0,0,0.00127965,0.00158338,9.79951e-05,0.000952562,0.00190916,0.000157251,0,0,0,2.43277e-06,2.153e-05,0,0.000163676,0.000206623,4.55355e-05,3.91508e-05,3.73463e-05,0.00170888,0.000301701,5.90716e-05,0.00026545,0,0,0,0,0.000326204,0,3.86439e-06,0.000572299,0,0,0,0.00393103,0.00151646,0,4.44872e-06,0,0,0,0,0.00466694,4.76465e-05,0.00352458,0.00156103,0.000201358,5.24114e-07,0,0,0,0,6.39444e-05,5.27343e-05,0.00333508,0,0,0.000147925,7.27164e-06,0.00259895,0.00180513,0.00226218,3.38254e-05,0,0,0,0,0.000192048,0,0,0.00275995,0,0,0,
1.025,0.00886892,0.00848767,3.21064e-05,0,0.00101748,0.0006918,0,0,0.00194061,0.00182543,0.000610895,0.000831687,0.00274381,0.000294807,0,0,0,2.14187e-06,1.71519e-05,1.04048e-06,0.00037743,0.00020601,3.68326e-05,0.00136398,0.0104948,0.00145954,0.000248244,0.000225121,0.0104953,0,0,0,0,0.000483468,0,0.00106681,0.000498165,0,0,0,0.0031495,0.00120809,0,3.54407e-06,0,3.17862e-07,0,0,0.00374587,7.55783e-05,0.0042927,0.00183745,0.000168656,0.00058611,0,0,0,3.30068e-06,6.13133e-05,0.00136162,0.00320166,0.00121371,0.00467714,0.00011822,6.60079e-05,0.00345434,0.00265169,0.00443866,2.6947e-05,0,0,0,0,0.000180634,0,2.98258e-05,0.0083337,0.000436648,0,0,
1.03,0.0100682,0.00975915,3.71215e-05,0,0.00118722,0.00037239,0,0,0.00198162,0.00197351,0.000898064,0.00107733,0.00317294,0.000528813,0,0,0,5.85052e-05,2.00177e-05,4.43727e-07,0.000687802,0.000504485,0.000294888,6.06893e-05,0.0121294,0.00184529,0.000514302,0.000154359,0.0121558,0,0,0,0,0.000724523,0,0.000507867,0.000563078,0.000164323,0,0,0.00370581,0.00140994,0,4.16413e-06,0,1.53615e-05,0,0,0.00437041,5.82634e-05,0.00485474,0.00201032,0.000227466,0.000616849,0,0,0,1.57981e-06,6.92431e-05,0.00156612,0.00365313,0.00139769,0.00539174,0.000151204,1.1591e-05,0.00396087,0.00306115,0.0046027,3.97271e-05,0,0,0,0,0.000182494,0,3.43759e-05,0.00950544,4.80073e-07,0,0,
1.035,0.00128124,0.000690071,2.59578e-06,0,0.000647684,0.001435,0,0,0.00162384,0.00132763,0.000584929,0.00095911,0.00148877,0.000509456,0,0,0,0.000126191,1.09062e-05,4.80554e-06,0.000666108,0.000703476,0.000584852,0.00485579,0.000853676,0.00133752,0.00066647,0.0008378,0.00106333,0,0,0,0,0.000717288,0,0.00233132,0.000513918,0.000366433,0,0,0.00206024,0.000768172,0,2.31576e-06,0,3.54212e-05,0,0,0.00236899,0.000120859,0.00233256,0.00128214,0.000171485,0.000225887,0,0,0,7.17806e-06,3.98954e-05,0.000139645,0.00196511,9.29111e-05,0.000343473,0.000105943,0.000235299,0.00179811,0.00124691,0.00390697,3.55934e-05,0,0,0,0,0.000186375,0,2.16883e-06,0.00225453,0.00160252,0,0,
1.04,0.00680204,0.00671897,3.91641e-05,0,0.000305579,0.000223944,0,0,0.00230619,0.00117211,0.0244333,0.0178984,0.0100371,0.022056,0,0,0,0.00654885,5.14506e-06,5.18692e-05,0.0296885,0.0311412,0.0294581,0.000538076,0.0121803,0.0203917,0.0266048,0.0101839,0.0160124,0,0,0,0,0.0230883,0,0.00036704,0.00375809,0.0192085,0,0,0.00450014,0.000362391,0,4.32556e-06,0,0.00179567,0,0,0.00113681,7.0938e-05,0.00241536,0.00199002,0.00365599,0.000424478,0,0,0,1.08767e-06,2.20213e-05,0.00116648,0.0011862,0.00098303,0.00385746,0.00161477,0.000566353,0.00653612,0.0056084,0.0215375,0.000975702,0,0,0,0,4.8604e-05,0,2.36671e-05,0.00543763,5.61178e-05,0,0,
1.045,0.0161633,0.0161035,0.000534681,0.000238828,0.000257154,0.000462207,0,0,0.00266308,0.0014163,0.020238,0.0143553,0.00941428,0.0179061,0,0,0,0.005239,6.03122e-06,0.000102565,0.0240543,0.0249541,0.0235643,0.00090263,0.0229998,0.0163492,0.0212771,0.00815798,0.0258142,0,0,0,0,0.0187795,0,0.000847549,0.00303858,0.0153663,0,0,0.00344854,0.000222764,3.31514e-07,3.26335e-06,0,0.00143648,0,0,0.000737187,6.96398e-05,0.00367295,0.00227137,0.00293154,0.00105657,0,0,0,2.60657e-06,2.55466e-05,0.00259943,0.00140852,0.00232255,0.00901087,0.00167064,0.000452742,0.00681864,0.00591842,0.0198687,0.000779572,0,0,0,0,3.47061e-05,0,5.67176e-05,0.0122451,4.48924e-05,0,0,
1.05,0.0269887,0.0267534,0.000107965,0,0.00083806,0.000799632,0,0,0.00367365,0.00261776,0.0131481,0.00914387,0.0090127,0.011067,0,0,0,0.00312253,1.41271e-05,2.47167e-05,0.0149205,0.0150641,0.0140636,0.000325618,0.0349325,0.0108513,0.0128579,0.00491505,0.0363531,0,0,0,0,0.0117237,0,0.00139357,0.00210116,0.00915324,0,0,0.00432578,0.000995035,0,4.47367e-06,0,0.000855676,0,0,0.00314802,9.23028e-05,0.00685973,0.00311811,0.00187414,0.00169002,0,0,0,4.33085e-06,6.87965e-05,0.00424337,0.00370651,0.00384103,0.014847,0.000850073,0.000273823,0.00815047,0.00690082,0.0171213,0.000483285,0,0,0,0,0.000136804,0,9.4237e-05,0.0208345,2.67413e-05,0,0,
1.055,0.0357777,0.0357468,0.000135544,0,0,0.000952336,0,0,0.00285464,0.00182225,0.00220388,0.000149246,0.00484865,0.000715716,0,0,0,8.27336e-07,0,0,0.00103899,0.000170941,2.35074e-06,7.28279e-05,0.0441803,0.000315012,2.51028e-05,4.58279e-05,0.043377,0,0,0,0,0.000826769,0,0.00184651,0,0,0,0,7.5354e-05,0,0,0,0,0,0,0,0.00011461,4.95737e-05,0.00576378,0.00200852,3.45874e-05,0.00225767,0,0,0,5.7867e-06,3.58611e-05,0.00555351,0.00202279,0.00511893,0.0197448,5.81438e-07,0,0.00550432,0.00493196,0.00854755,0,0,0,0,0,1.44187e-05,0,0.000125915,0.0254182,0,0,0,
1.06,0.0344967,0.0341704,0.000129383,0,8.0323e-05,0.00179595,0,0,0.00338705,0.00215297,0.00213548,0.000291033,0.0049243,0.000693012,0,0,0,9.60331e-07,1.34505e-06,2.47261e-06,0.00100421,0.000178251,5.08865e-06,0.00319825,0.0421747,0.000463416,4.74392e-05,0.000444789,0.0414436,0,0,0,0,0.000875541,0,0.0032513,0.000136143,0,0,0,0.000317514,9.47384e-05,0,2.77926e-07,0,7.55374e-07,0,0,0.000402869,0.000111795,0.00600617,0.00229542,4.57168e-05,0.00227609,0,0,0,1.01101e-05,4.26881e-05,0.00531424,0.00229517,0.0048891,0.0188478,1.03621e-05,0.00014355,0.00560682,0.00492846,0.00975435,2.11318e-06,0,0,0,0,8.33274e-05,0,0.000120193,0.0247066,0.00103766,0,0,
1.065,0.0434755,0.0433482,0.00017994,0,0.000354923,0.00120667,0,0,0.00548241,0.00316264,0.0300019,0.0205193,0.0162737,0.025811,0,0,0,0.00745211,5.97605e-06,5.90167e-05,0.0348181,0.0356043,0.03352,0.000685183,0.0579856,0.0235259,0.0302977,0.0116333,0.0615447,0,0,0,0,0.0270974,0,0.00226191,0.0042792,0.0218554,0,0,0.0052178,0.000420921,0,4.94682e-06,0,0.00204311,0,0,0.00143437,0.000130497,0.00852494,0.00427917,0.00419547,0.0027379,0,0,0,7.01722e-06,6.12358e-05,0.00687428,0.0033889,0.0062312,0.0241098,0.0018387,0.000644437,0.0129492,0.0113174,0.0330553,0.00111034,0,0,0,0,7.07911e-05,0,0.000152691,0.0315899,6.38508e-05,0,0,
1.07,0.0506325,0.050574,0.000191765,0,5.80863e-05,0.00135284,0,0,0.00409691,0.00265012,0.00312248,0.000254483,0.00694664,0.00101974,0,0,0,1.28117e-06,9.79394e-07,0,0.00147739,0.000251243,5.39718e-06,0.000104817,0.0625073,0.00052341,4.92393e-05,6.75238e-05,0.0613813,0,0,0,0,0.00118454,0,0.00261259,2.60337e-05,0,0,0,0.000285431,6.89833e-05,0,2.02371e-07,0,0,0,0,0.000374446,7.23036e-05,0.00831484,0.00291264,5.80934e-05,0.00319414,0,0,0,8.18693e-06,5.36446e-05,0.00785942,0.00301353,0.00724218,0.0279347,7.55167e-06,3.30784e-07,0.00790565,0.00705978,0.0121958,1.5387e-06,0,0,0,0,2.91356e-05,0,0.000178143,0.0360868,0,0,0,
1.075,0.0401423,0.039983,0.000657236,0.000258252,0.000574402,0.00112147,0,0,0.00428283,0.00283508,0.0118829,0.00744524,0.00956039,0.00944014,0,0,0,0.00255109,1.15217e-05,8.62319e-05,0.0126927,0.0123637,0.0114843,0.000786105,0.0509339,0.00879627,0.0104735,0.00403024,0.0516542,0,0,0,0,0.010032,0,0.00207417,0.00169586,0.00747813,0,0,0.00300231,0.000593053,3.58477e-07,3.00987e-06,0,0.000699064,0,0,0.00195332,9.37712e-05,0.00819636,0.00349713,0.00152531,0.00256808,0,0,0,6.47218e-06,6.51163e-05,0.00627712,0.00357046,0.00573351,0.0221407,0.00108992,0.000222651,0.00913034,0.0079111,0.0181823,0.000390512,0,0,0,0,9.12321e-05,0,0.000140831,0.0299303,2.18469e-05,0,0,
1.08,0.0390898,0.0390288,0.000157469,0,0.000108134,0.00106111,0,0,0.0042388,0.00243583,0.0190364,0.0124646,0.0114605,0.0159538,0,0,0,0.00453704,1.81819e-06,3.59301e-05,0.0215512,0.0217194,0.0204044,0.000439586,0.0509186,0.0142898,0.018429,0.00709371,0.0527822,0,0,0,0,0.016762,0,0.00202956,0.00255685,0.0133058,0,0,0.00287098,0.000128063,0,2.6356e-06,0,0.00124388,0,0,0.00051925,9.29462e-05,0.00692984,0.00318334,0.00254946,0.002465,0,0,0,6.31798e-06,4.45536e-05,0.00614406,0.00249639,0.00560337,0.0216589,0.00110713,0.000391727,0.00960988,0.00848123,0.0229552,0.000673133,0,0,0,0,3.19607e-05,0,0.000137476,0.0279853,3.88732e-05,0,0,
1.085,0.0432682,0.0432122,0.000190499,0,7.43868e-05,0.0011895,0,0,0.00637447,0.00317249,0.0493871,0.0345842,0.0228499,0.0434803,0,0,0,0.0127498,1.24001e-06,0.000100985,0.0586099,0.0606891,0.0573358,0.00109301,0.0609383,0.0392697,0.0516954,0.0198416,0.067629,0,0,0,0,0.0455148,0,0.00226944,0.00708338,0.0373972,0,0,0.00722238,8.73396e-05,0,6.60791e-06,0,0.00349602,0,0,0.000407335,0.000160472,0.00812394,0.00493101,0.00706497,0.0027292,0,0,0,6.9952e-06,4.70333e-05,0.00693058,0.00265486,0.00622862,0.024153,0.00308401,0.00109968,0.0163054,0.0143403,0.0482142,0.00188582,0,0,0,0,2.84908e-05,0,0.000152212,0.0308864,0.000109257,0,0,
1.09,0.0286085,0.0285668,0.000108319,0,6.6969e-05,0.000767385,0,0,0.00234838,0.00153928,0.00176636,0.000169227,0.00397489,0.000580207,0,0,0,7.88749e-07,1.12917e-06,0,0.000838884,0.000147443,4.26673e-06,6.02533e-05,0.0353083,0.000341364,3.58837e-05,3.97212e-05,0.0346784,0,0,0,0,0.000677815,0,0.00147583,3.00148e-05,0,0,0,0.000266385,7.95324e-05,0,2.33318e-07,0,0,0,0,0.000336352,4.21154e-05,0.00479094,0.00168697,3.82007e-05,0.00180423,0,0,0,4.6244e-06,3.20118e-05,0.00444082,0.00179141,0.00409076,0.0157789,8.22274e-06,3.81369e-07,0.00453505,0.00403602,0.00694936,1.77401e-06,0,0,0,0,2.15948e-05,0,0.000100624,0.0204575,0,0,0,
1.095,0.0161036,0.0157035,7.26509e-05,0,0.000278482,0.00146463,0,0,0.00361774,0.00194057,0.0243599,0.0175382,0.0111738,0.0216376,0,0,0,0.00637136,4.67777e-06,5.32901e-05,0.0291478,0.0303392,0.0286587,0.00411746,0.0231106,0.0199567,0.0258901,0.0103728,0.026655,0,0,0,0,0.0227431,0,0.00253028,0.00376225,0.0186873,0,0,0.00433742,0.000329477,0,4.14048e-06,0,0.00174782,0,0,0.00106633,0.000151268,0.00409037,0.00274526,0.00356269,0.00112682,0,0,0,7.77938e-06,3.46953e-05,0.00256084,0.00179725,0.00226437,0.0087861,0.0015695,0.000714557,0.00793992,0.00680928,0.0247605,0.000948714,0,0,0,0,0.000113885,0,5.51202e-05,0.0120373,0.00124153,0,0,
1.1,0.0103448,0.0103379,6.97681e-05,1.16198e-05,0.000436388,0.000331632,0,0,0.00418052,0.00162355,0.055122,0.0398257,0.020771,0.0492078,0,0,0,0.0146712,2.05907e-06,0.000348038,0.0667742,0.0695254,0.0657873,0.00133197,0.0215312,0.0454177,0.0602049,0.0227134,0.0299613,0,0,0,0,0.0515209,0,0.000576448,0.00908507,0.0429112,0,0,0.00835016,0.00070979,5.64989e-07,7.2882e-06,0,0.00401148,0,0,0.000538283,0.000132729,0.00284279,0.00342484,0.00818544,0.000691464,0,0,0,3.58841e-06,1.14038e-05,0.00185156,0.000605,0.0015269,0.00603567,0.00354819,0.00153819,0.01273,0.0110136,0.0458426,0.00274475,0,0,0,0,4.9638e-06,0,3.64072e-05,0.00735882,0.000125366,0,0,
1.105,0.0114306,0.0113511,6.34361e-05,0,0.000275861,0.000352405,0,0,0.00336352,0.00159227,0.0364766,0.026542,0.0148695,0.0328702,0,0,0,0.00975808,4.64041e-06,7.72898e-05,0.0442545,0.0463806,0.043889,0.000799007,0.0197997,0.030157,0.0396021,0.0151683,0.0254477,0,0,0,0,0.0343888,0,0.000615558,0.00551946,0.0286224,0,0,0.00615592,0.000326846,0,5.82017e-06,0,0.00267572,0,0,0.00104227,0.000100864,0.00331963,0.00282115,0.00542076,0.00071702,0,0,0,1.83752e-06,2.51695e-05,0.0019388,0.00137457,0.00165658,0.0064877,0.00238539,0.000842896,0.00958034,0.00828808,0.0320951,0.00144913,0,0,0,0,4.59709e-05,0,3.99835e-05,0.00866691,8.36207e-05,0,0,
1.11,0.00944324,0.00943442,6.88552e-05,0,3.62175e-06,0.000290476,0,0,0.00429407,0.00157472,0.058579,0.0426837,0.0222376,0.0530824,0,0,0,0.015827,4.34032e-08,0.000125367,0.0714648,0.0751166,0.0711734,0.00126413,0.0210074,0.0482429,0.0641252,0.0245716,0.0302912,0,0,0,0,0.0554591,0,0.000533379,0.00875389,0.0464267,0,0,0.00859987,3.05709e-06,0,7.89426e-06,0,0.00434013,0,0,3.96565e-05,0.000134595,0.00271196,0.00352901,0.00871403,0.000595854,0,0,0,1.52725e-06,9.5935e-06,0.00173176,0.000562365,0.00140146,0.00556454,0.00381764,0.00136469,0.013254,0.0115776,0.0491267,0.0023388,0,0,0,0,4.1926e-06,0,3.3232e-05,0.00671516,0.000135636,0,0,
1.115,0.00308181,0.00307914,1.36648e-05,0,6.29949e-08,8.43705e-05,0,0,0.000458651,0.000222546,0.00367744,0.00257712,0.00167771,0.00324233,0,0,0,0.000951798,0,7.53885e-06,0.00437046,0.00452905,0.0042801,8.11297e-05,0.00436766,0.00292297,0.00385784,0.0014808,0.00486946,0,0,0,0,0.00339304,0,0.000161822,0.000526337,0.00279183,0,0,0.000521963,0,0,4.74175e-07,0,0.00026099,0,0,9.87222e-06,1.15713e-05,0.000567656,0.000353157,0.000526416,0.000194471,0,0,0,4.98452e-07,3.08899e-06,0.000494359,0.000175548,0.000443966,0.00172202,0.000229593,8.20633e-05,0.00118347,0.00104254,0.00355452,0.000140637,0,0,0,0,1.242e-06,0,1.08461e-05,0.00218953,8.15637e-06,0,0,
1.12,0,0,3.08195e-05,0,9.75929e-07,3.62291e-05,0,0,0.0032961,0.00101601,0.0540306,0.039726,0.019521,0.0492757,0,0,0,0.0147443,0,0.000116793,0.0663214,0.0699368,0.066305,0.00115969,0.00870785,0.0448628,0.0597328,0.0228797,0.0175537,0,0,0,0,0.0514622,0,4.28853e-05,0.00815411,0.0432515,0,0,0.00798579,0,0,7.346e-06,0,0.0040433,0,0,0,0.000113111,0.0011027,0.00279087,0.00810917,0,0,0,0,0,0,0.000247763,2.02895e-05,4.70036e-05,0.000329249,0.00355612,0.00127134,0.0109893,0.00956971,0.043661,0.00217878,0,0,0,0,0,0,0,1.06663e-06,0.00012636,0,0,
1.125,5.39272e-05,7.99526e-06,2.11501e-05,5.10779e-06,0.000216588,0.000165371,0,0,0.00240939,0.000812762,0.037471,0.0274558,0.0134596,0.0338684,0,0,0,0.0101372,1.31715e-06,0.000182567,0.0458133,0.0480381,0.0455045,0.00132663,0.00602819,0.0311873,0.0414093,0.015761,0.0120562,0,0,0,0,0.0354309,0,0.000248302,0.00605894,0.0296816,0,0,0.00573373,0.000341028,2.48356e-07,5.12637e-06,0,0.00277485,0,0,0.000311644,9.0289e-05,0.000902101,0.00201943,0.00562601,3.47988e-05,0,0,0,1.51609e-06,2.33454e-06,0.000172484,0.000100674,3.27496e-05,0.000226005,0.00245206,0.00101534,0.00772274,0.00665861,0.0302432,0.00175217,0,0,0,0,1.24867e-05,0,0,9.70961e-05,0.000239247,0,0,
1.13,0,0,1.32942e-05,0,4.20974e-07,1.56277e-05,0,0,0.0014218,0.000438262,0.0233065,0.0171361,0.00842052,0.0212554,0,0,0,0.00636007,0,5.03796e-05,0.0286082,0.0301677,0.0286011,0.00050024,0.0037562,0.0193519,0.0257662,0.00986933,0.00757192,0,0,0,0,0.0221986,0,1.84989e-05,0.00351734,0.0186568,0,0,0.00344473,0,0,3.16875e-06,0,0.00174411,0,0,0,4.87913e-05,0.000475658,0.00120386,0.00349795,0,0,0,0,0,0,0.000106875,8.75202e-06,2.02753e-05,0.000142024,0.00153396,0.000548401,0.0047403,0.00412796,0.0188335,0.000939831,0,0,0,0,0,0,0,4.60098e-07,5.45063e-05,0,0,
1.135,0.000322985,3.48023e-05,3.3698e-05,0,0.0003505,0.000707873,0,0,0.00437433,0.00177099,0.0591223,0.043761,0.0219938,0.053921,0,0,0,0.0161221,5.88509e-06,0.000129488,0.072562,0.0765268,0.0725102,0.00353717,0.00953136,0.0495605,0.0653976,0.0253198,0.0192812,0,0,0,0,0.0564055,0,0.00112323,0.00914465,0.0472911,0,0,0.00980617,0.000414514,0,9.24813e-06,0,0.00442148,0,0,0.00127706,0.000181126,0.00237439,0.00368099,0.00892168,8.75513e-05,0,0,0,3.31331e-06,2.07021e-05,0.000292423,0.00104647,5.3426e-05,0.000360277,0.0039291,0.00149544,0.0128635,0.0110349,0.0494075,0.00239152,0,0,0,0,9.40815e-05,0,0,0.000951539,0.000887781,0,0,
1.14,0,3.88449e-06,0.00114051,0.000581844,0.000169088,2.20506e-05,0,0,0.00146822,0.000443581,0.023425,0.0172444,0.00846769,0.0214175,0,0,0,0.00636901,6.98841e-06,0.000199237,0.0286484,0.0302102,0.0286416,0.00160229,0.00376148,0.0194222,0.0258024,0.00988345,0.00758257,0,0,0,0,0.0224149,0,1.85249e-05,0.00366253,0.0186835,0,0,0.00344957,0,8.0765e-07,3.17321e-06,0,0.00174656,0,0,0,4.91648e-05,0.000883629,0.0015608,0.00351604,9.63459e-05,0,0,0,0,0,0.00011219,9.36445e-06,2.04654e-05,0.000142224,0.00247468,0.000549172,0.00487679,0.0042113,0.0192853,0.000942471,0,0,0,0,0,0,0,0.000950377,5.45829e-05,0,0,
1.145,0.000410325,6.24295e-05,0.000477427,0.000234363,6.93735e-05,0.00114107,0,0,0.00325606,0.0011708,0.0410903,0.0303089,0.0150591,0.0374664,0,0,0,0.0111948,2.81488e-06,0.000151731,0.0503581,0.0531031,0.050343,0.0052739,0.00661154,0.0341507,0.0453587,0.0178738,0.0133549,0,0,0,0,0.0392312,0,0.0019131,0.00637443,0.0328394,0,0,0.00606331,0,3.25316e-07,5.57754e-06,0,0.00307088,0,0,2.4115e-06,0.0001637,0.0013603,0.00261668,0.00616244,0.000191673,0,0,0,5.79456e-06,5.63728e-06,0.000202622,0.000212684,3.93075e-05,0.000250469,0.00307879,0.00114607,0.00863644,0.00743344,0.0351584,0.00165479,0,0,0,0,7.27296e-05,0,0,0.000726136,0.00140693,0,0,
1.15,0,0.000162807,0.0472565,0.0243863,0.00706959,0.000283885,0,0,0.00328199,0.000634841,0.0268736,0.0206469,0.00989166,0.0267696,0,0,0,0.00635288,0.000292899,0.00628627,0.0285759,0.0301337,0.0285803,0.0466595,0.00375195,0.0211339,0.0257371,0.00986855,0.00756337,0,0,0,0,0.0299325,0,1.8478e-05,0.00939154,0.0186531,0,0,0.00344084,0,3.38504e-05,3.16517e-06,0,0.00174214,0,0,0,6.15155e-05,0.017546,0.0160915,0.00404618,0.00403806,0,0,0,0,0,0.000323216,3.38947e-05,2.70249e-05,0.000141864,0.0408693,0.000547782,0.010176,0.00737284,0.0366386,0.000994015,0,0,0,0,0,0,0,0.0398135,5.44447e-05,0,0,
1.155,0.000107155,0.000148488,0.0409801,0.0211534,0.0063619,0.000387037,0,0,0.00193308,0.000503374,0.00313855,0.003247,0.00165463,0.00483224,0,0,0,4.4067e-07,0.000257944,0.00540961,2.97931e-05,3.75164e-05,1.81367e-05,0.0405188,6.72179e-06,0.00188077,5.49998e-05,7.95442e-05,5.10014e-05,0,0,0,0,0.00679899,0,0.000225139,0.00521704,1.49958e-05,0,0,0.000707527,0.000272941,2.93627e-05,8.00703e-07,0,1.13902e-07,0,0,0.000840268,2.89339e-05,0.015485,0.0132384,0.000515236,0.00352107,0,0,0,6.91584e-07,1.21819e-05,0.000198739,0.0006456,6.29887e-06,5.75864e-08,0.0341488,2.28861e-05,0.00521618,0.0031599,0.0160895,5.40098e-05,0,0,0,0,4.3246e-05,0,0,0.0350726,0.000156467,0,0,
1.16,0,0.000257023,0.0745925,0.0384985,0.0111604,0.000435198,0,0,0.00400132,0.00063851,0.0230834,0.018374,0.0086278,0.0246213,0,0,0,0.00475111,0.000462398,0.00988228,0.021371,0.022536,0.0213838,0.073246,0.00280596,0.0173041,0.0192479,0.00738898,0.00565639,0,0,0,0,0.0288318,0,1.38191e-05,0.0119074,0.0139644,0,0,0.00257329,0,5.34393e-05,2.36713e-06,0,0.00130288,0,0,0,5.66227e-05,0.0273051,0.0244044,0.00348477,0.00637486,0,0,0,0,0,0.000421565,4.62461e-05,2.58378e-05,0.000106095,0.063247,0.000409668,0.0121308,0.0082137,0.0422114,0.000789291,0,0,0,0,0,0,0,0.0628529,4.07174e-05,0,0,
1.165,0.000193988,0.0003229,0.0937399,0.0483678,0.0147874,0.000623107,0,0,0.00616003,0.00187373,0.0349054,0.0279446,0.0140997,0.0363675,0,0,0,0.0076001,0.000746811,0.0124866,0.034149,0.0359833,0.0340472,0.0921712,0.0044873,0.0276244,0.0308159,0.0117873,0.00915977,0,0,0,0,0.0420061,0,3.63594e-05,0.0161827,0.0223723,0,0,0.00645368,0.000924099,6.71363e-05,6.43622e-06,0,0.00207318,0,0,0.00280063,0.000111934,0.0365552,0.0319002,0.00538397,0.00801473,0,0,0,2.81756e-08,3.83725e-05,0.000588487,0.00212077,3.75482e-05,0.000168834,0.0799333,0.000817611,0.0180049,0.0124509,0.0591062,0.00140584,0,0,0,0,0.000116955,0,0,0.080619,6.47897e-05,0,0,
1.17,4.20051e-05,0.00036428,0.105353,0.054386,0.0161885,0.000631603,0,0,0.0048781,0.000855012,0.0169034,0.014358,0.00656933,0.0200567,0,0,0,0.00230561,0.000657158,0.0140616,0.0106775,0.0108945,0.0102864,0.103212,0.00142124,0.0116674,0.00983154,0.00356899,0.00275107,0,0,0,0,0.0254353,0,7.13359e-06,0.0150346,0.00672663,0,0,0.00198667,0.000618998,7.58188e-05,1.714e-06,0,0.000625225,0,0,0.000906718,5.58489e-05,0.0387438,0.03388,0.00258874,0.00902755,0,0,0,1.13856e-06,8.92418e-06,0.000527854,0.000492588,2.2478e-05,5.09126e-05,0.0882987,0.000362117,0.0143101,0.00901586,0.0468283,0.000811145,0,0,0,0,2.54272e-05,0,0,0.0891429,1.95393e-05,0,0,
1.175,0.000165648,0.000436859,0.123037,0.0635054,0.0187207,0.000973644,0,0,0.00625963,0.00127408,0.0248579,0.0208227,0.00995732,0.0285684,0,0,0,0.00422201,0.000767996,0.0162734,0.0190288,0.0200744,0.0190246,0.121385,0.00250223,0.0179736,0.0171767,0.00669833,0.00509617,0,0,0,0,0.0350365,0,0.000411382,0.0178085,0.0124283,0,0,0.00324428,0.00036952,8.8151e-05,3.18725e-06,0,0.00115783,0,0,0.00113772,9.37242e-05,0.0457056,0.0400274,0.00380877,0.0105482,0,0,0,1.22687e-06,1.67751e-05,0.000650114,0.000925695,3.18466e-05,9.43688e-05,0.103494,0.000404044,0.0179997,0.0116708,0.0598629,0.000775911,0,0,0,0,6.21956e-05,0,0,0.104424,0.00031375,0,0,
1.18,0.000527388,0.000497173,0.126855,0.0654774,0.0194662,0.00186968,0,0,0.0069121,0.00173842,0.0212262,0.0184126,0.00907823,0.0254255,0,0,0,0.00314152,0.000794605,0.0167715,0.0141915,0.0149778,0.0141712,0.128097,0.00186896,0.0151175,0.0128435,0.00541887,0.00386635,0,0,0,0,0.0320004,0,0.0018655,0.0178621,0.00925909,0,0,0.00319256,0.000575397,9.08884e-05,3.25271e-06,0,0.000862173,0,0,0.00177318,0.000153121,0.0477619,0.0415135,0.00328643,0.0109932,0,0,0,5.71555e-06,2.98231e-05,0.00066624,0.00153165,3.1702e-05,7.06069e-05,0.106435,0.000451881,0.0181732,0.0115828,0.059834,0.000625255,0,0,0,0,0.000144607,0,0,0.108284,0.00132003,0,0,
1.185,0.00165002,0.00072912,0.140755,0.0726741,0.0219265,0.00523882,0,0,0.00908315,0.00256498,0.0184212,0.0161415,0.0076576,0.02224,0,0,0,0.00172895,0.000878088,0.0190036,0.00863121,0.00803466,0.0074878,0.15354,0.00118311,0.0122472,0.00836408,0.00458911,0.00210741,0,0,0,0,0.0296382,0,0.00743567,0.0206922,0.00490721,0,0,0.0019432,0.00135577,0.000101822,1.21993e-06,0,0.000457699,0,0,0.00129314,0.000372626,0.0528562,0.046341,0.00279777,0.0127012,0,0,0,2.61906e-05,2.97355e-05,0.000726495,0.00115205,3.98098e-05,3.88702e-05,0.117646,0.00133399,0.0190304,0.0116148,0.0655633,0.00141535,0,0,0,0,0.000305802,0,0,0.120229,0.00519424,0,0,
1.19,0.00370812,0.00130277,0.13676,0.0705931,0.0204694,0.00992975,0,0,0.0114702,0.00385903,0.0106892,0.0111465,0.00616894,0.0160384,0,0,0,2.01205e-07,0.00084788,0.0180774,3.26257e-05,2.41557e-05,3.31967e-05,0.166134,0.000408487,0.00580677,4.83691e-05,0.0041625,0.000623425,0,0,0,0,0.0231541,0,0.0154955,0.01806,5.00441e-05,0,0,6.96717e-07,0,9.79895e-05,0,0,7.85509e-06,0,0,2.09084e-05,0.00067696,0.0524248,0.0460375,0.00160003,0.0129684,0,0,0,4.77477e-05,4.67312e-05,0.000780218,0.0017133,9.61893e-05,0.00018653,0.113878,0.00148805,0.0177804,0.0105741,0.066802,0.000159925,0,0,0,0,0.00059876,0,1.1642e-06,0.118306,0.0107906,0,0,
1.195,0.0024271,0.00086475,0.147977,0.0763836,0.0222853,0.00732971,0,0,0.0102587,0.00310673,0.011455,0.0118167,0.00614722,0.0173639,0,0,0,4.01874e-07,0.000919771,0.0195506,3.41181e-05,3.8478e-05,4.08524e-05,0.167612,4.06492e-06,0.00624839,6.69303e-05,0.00296535,0.000186377,0,0,0,0,0.0248242,0,0.0109627,0.0192135,5.4149e-05,0,0,0.000427869,0.000165058,0.000106027,4.84216e-07,0,5.56319e-06,0,0,0.000522026,0.000498131,0.0559464,0.0488726,0.00175237,0.0135393,0,0,0,3.37783e-05,3.98214e-05,0.000756172,0.00159038,4.19323e-05,2.81263e-06,0.123233,0.00105467,0.0187269,0.0111693,0.0667905,0.000176724,0,0,0,0,0.000444867,0,0,0.127002,0.00764216,0,0,
1.2,0.0040016,0.00110904,0.149577,0.0772096,0.0223885,0.011684,0,0,0.0130681,0.00450041,0.0116931,0.012274,0.00686557,0.0175343,0,0,0,2.29333e-07,0.000927348,0.0197741,2.72743e-05,2.67481e-05,3.62843e-05,0.184666,0,0.00640085,5.70349e-05,0.00492868,0.000263467,0,0,0,0,0.0253784,0,0.0183396,0.0198478,5.47345e-05,0,0,0,0,0.000107174,0,0,9.30706e-06,0,0,2.35176e-05,0.000798178,0.0575493,0.050598,0.00174976,0.0142757,0,0,0,5.65102e-05,5.49764e-05,0.000806503,0.0020012,5.61052e-05,4.70546e-06,0.124552,0.00176311,0.0195715,0.0116175,0.0743543,0.000174914,0,0,0,0,0.00070928,0,0,0.129394,0.0127851,0,0,
1.205,0.00254186,0.000824583,0.129867,0.0670355,0.0194367,0.00761973,0,0,0.00967455,0.0030041,0.0100787,0.010401,0.00545344,0.0152238,0,0,0,1.45675e-07,0.000805149,0.0171613,1.73249e-05,1.69907e-05,3.15031e-05,0.151357,0,0.00539673,3.62292e-05,0.0031384,0.000167357,0,0,0,0,0.0218449,0,0.0116495,0.0169442,4.7522e-05,0,0,0,0,9.30511e-05,0,0,5.91195e-06,0,0,1.49386e-05,0.00051644,0.0491501,0.0431248,0.00151884,0.0120472,0,0,0,3.58959e-05,3.49216e-05,0.000671996,0.00128974,4.06351e-05,2.98896e-06,0.108138,0.00111994,0.0164462,0.00977695,0.0603822,0.000151865,0,0,0,0,0.000450542,0,0,0.111565,0.00812126,0,0,
1.21,0.00443551,0.00109805,0.129909,0.0670926,0.0211476,0.0125903,0,0,0.0135337,0.00547837,0.0129403,0.0123026,0.00699335,0.0156194,0,0,0,0.000131285,0.000817951,0.0178902,0.00213815,0.000362442,5.49745e-05,0.169224,0.000370109,0.00870106,0.00300694,0.00535887,0.000374249,0,0,0,0,0.0229983,0,0.0198993,0.0207137,4.75373e-05,0,0,0.00238018,0.00260978,9.48081e-05,1.29118e-06,0,1.00998e-05,0,0,0.00292413,0.000889956,0.0520143,0.0453762,0.00197606,0.0128397,0,0,0,6.71672e-05,8.1371e-05,0.000741988,0.003122,5.67851e-05,5.10535e-06,0.10828,0.00276133,0.0189802,0.0111862,0.0692761,0.00194418,0,0,0,0,0.000827727,0,0,0.11393,0.0138717,0,0,
1.215,0.00182571,0.00064509,0.108607,0.0560616,0.0162544,0.00555996,0,0,0.00755292,0.00222166,0.00840508,0.00861603,0.00439741,0.0127316,0,0,0,1.04632e-07,0.000673344,0.0143497,1.24437e-05,1.22037e-05,2.63459e-05,0.123691,0,0.00446157,2.60218e-05,0.00225754,0.000120205,0,0,0,0,0.0182078,0,0.0083673,0.0140777,3.97426e-05,0,0,0,0,7.78184e-05,0,0,4.24628e-06,0,0,1.07297e-05,0.000375082,0.0408416,0.0358059,0.00127009,0.00996325,0,0,0,2.57824e-05,2.50826e-05,0.000552903,0.000934525,3.13839e-05,2.14683e-06,0.090435,0.000804405,0.0135781,0.00807677,0.0491542,0.000127004,0,0,0,0,0.000323604,0,0,0.0930509,0.00583313,0,0,
1.22,5.42109e-05,0.000307016,0.0890895,0.0459868,0.0135449,0.000526151,0,0,0.00372551,0.000637165,0.0067928,0.00681672,0.00311232,0.01047,0,0,0,4.07972e-07,0.000555949,0.0117595,2.74482e-05,3.46503e-05,2.92476e-05,0.0870531,6.26292e-06,0.00368831,5.05948e-05,2.94627e-05,4.45155e-05,0,0,0,0,0.0146862,0,6.48052e-07,0.0111808,3.26005e-05,0,0,0.000659227,0.000254308,6.38338e-05,7.46042e-07,0,0,0,0,0.000782638,3.20889e-05,0.0327828,0.0283388,0.00107505,0.00761492,0,0,0,0,1.07234e-05,0.00041704,0.000606719,1.27713e-05,0,0.0742052,1.21944e-06,0.0106964,0.00643058,0.0339957,0.000109853,0,0,0,0,3.22061e-05,0,0,0.0755408,0,0,0,
1.225,0.00685401,0.0070212,0.0638152,0.0329272,0.00972971,0.000560926,0,0,0.00324509,0.000842742,0.00533488,0.00496898,0.00321573,0.00768176,0,0,0,1.39904e-05,0.000398596,0.00842009,0.000281995,0.000126353,8.31315e-05,0.0623472,0.00841934,0.00278381,0.000103027,5.21853e-05,0.00830758,0,0,0,0,0.0107279,0,0.000351925,0.00802714,6.28884e-05,0,0,0.000590188,0.000219328,4.57059e-05,6.5014e-07,0,3.69689e-06,0,0,0.000696792,3.36818e-05,0.0246571,0.0207141,0.00078869,0.00588196,0,0,0,1.10101e-06,1.60715e-05,0.00135677,0.000901204,0.000983142,0.00375705,0.053139,2.21412e-06,0.0087799,0.00559584,0.0260632,8.14791e-05,0,0,0,0,3.05195e-05,0,2.39573e-05,0.0589923,1.15534e-07,0,0,
1.23,0.0280559,0.0280932,0.0229951,0.0118007,0.00348824,0.000882553,0,0,0.00321798,0.00162245,0.00349117,0.00187873,0.00462807,0.00327846,0,0,0,4.94943e-05,0.000335694,0.00309118,0.000879988,0.000144953,9.8489e-06,0.0223957,0.0346257,0.00123353,4.52324e-05,4.40829e-05,0.0340083,0,0,0,0,0.00446341,0,0.00146249,0.00287437,0.000211661,0,0,0.000268222,9.84048e-05,1.63772e-05,2.36597e-07,0,2.53417e-08,0,0,0.000338071,4.75672e-05,0.0129858,0.00886401,0.000317697,0.0037301,0,0,0,4.5705e-06,3.15048e-05,0.00446038,0.00184932,0.00401495,0.0154738,0.0190439,0.000203824,0.00710867,0.00555344,0.0154518,0.000228743,0,0,0,0,2.36673e-05,0,9.86788e-05,0.0393288,0,0,0,
1.235,0.00561872,0.00477307,0.00722159,0.00374321,0.00201268,0.0029766,0,0,0.00274726,0.00146987,0.0041297,0.00260948,0.00189051,0.00239454,0,0,0,0.000455458,4.90722e-05,0.001459,0.00322229,0.00194671,0.00164581,0.0172638,0.00614227,0.00334929,0.00349536,0.00182429,0.00608085,0,0,0,0,0.00324831,0,0.00492513,0.00354607,0.00107019,0,0,0.00107555,0.001521,6.37204e-06,1.81318e-07,0,0.000102179,0,0,0.0011032,0.000217983,0.00444148,0.00364194,0.000567919,0.0013696,0,0,0,1.92893e-05,2.08742e-05,0.000783498,0.000755264,0.000669026,0.00254578,0.00613016,0.00107523,0.00291211,0.0019045,0.00958709,0.00131176,0,0,0,0,0.000184819,0,1.61753e-05,0.0102078,0.00327049,0,0,
1.24,0.0265994,0.0265292,0.000660777,0.000265684,7.8556e-05,0.000918745,0,0,0.00710923,0.00291029,0.0814771,0.0588367,0.0324752,0.0733672,0,0,0,0.0217767,3.19108e-06,0.000240871,0.098722,0.103418,0.0979285,0.00282367,0.0456361,0.0665217,0.0882395,0.0338958,0.0581085,0,0,0,0,0.0767147,0,0.00169693,0.0121247,0.0638788,0,0,0.0118502,0,3.68793e-07,1.08494e-05,0,0.00597173,0,0,8.5362e-05,0.000214868,0.00614081,0.00582385,0.0120082,0.0017403,0,0,0,5.1056e-06,2.73944e-05,0.00448992,0.00155849,0.00386749,0.0151341,0.00568118,0.00190301,0.0204066,0.0178469,0.0712763,0.00321846,0,0,0,0,2.08973e-05,0,9.34109e-05,0.01934,0.000370495,0,0,
1.245,0.0715851,0.0715232,0.000271199,0,0,0.00190546,0,0,0.00571164,0.00364601,0.00440959,0.000298616,0.00970132,0.00143203,0,0,0,1.65536e-06,0,0,0.00207883,0.000342023,4.70342e-06,0.000145716,0.0883972,0.000630285,5.02263e-05,9.16939e-05,0.08679,0,0,0,0,0.00165422,0,0.00369455,0,0,0,0,0.00015077,0,0,0,0,0,0,0,0.000229315,9.91885e-05,0.0115323,0.00401871,6.92034e-05,0.00451722,0,0,0,1.15782e-05,7.1752e-05,0.0111116,0.00404726,0.0102421,0.039506,1.16336e-06,0,0.0110132,0.00986801,0.0171022,0,0,0,0,0,2.88494e-05,0,0.000251935,0.0508574,0,0,0,
1.25,0.0469801,0.0467381,0.000188963,0,2.86462e-05,0.00187936,0,0,0.00543677,0.00302806,0.0237121,0.0155808,0.0140204,0.0199195,0,0,0,0.00568063,4.70143e-07,4.67277e-05,0.0269095,0.0271689,0.0255446,0.00274168,0.0610779,0.0177693,0.0230516,0.00915388,0.0634558,0,0,0,0,0.0209569,0,0.00347608,0.00322406,0.0166604,0,0,0.0032604,3.31143e-05,0,2.92681e-06,0,0.001558,0,0,0.000252994,0.000152636,0.00823213,0.00393073,0.00317331,0.00303483,0,0,0,1.07865e-05,5.13884e-05,0.00735933,0.00283318,0.00670811,0.0259242,0.0013742,0.000590527,0.0116152,0.0102453,0.0290578,0.000839999,0,0,0,0,6.3523e-05,0,0.000164512,0.033461,0.000778541,0,0,
