CEINMS output
datacolumns 81
datarows 217
endheader
time	addbrev_r	addlong_r	addmagDist_r	addmagIsch_r	addmagMid_r	addmagProx_r	bflh_r	bfsh_r	edl_r	ehl_r	fdl_r	fhl_r	gaslat_r	gasmed_r	glmax1_r	glmax2_r	glmax3_r	glmed1_r	glmed2_r	glmed3_r	glmin1_r	glmin2_r	glmin3_r	grac_r	iliacus_r	perbrev_r	perlong_r	piri_r	psoas_r	recfem_r	sart_r	semimem_r	semiten_r	soleus_r	tfl_r	tibant_r	tibpost_r	vasint_r	vaslat_r	vasmed_r	addbrev_l	addlong_l	addmagDist_l	addmagIsch_l	addmagMid_l	addmagProx_l	bflh_l	bfsh_l	edl_l	ehl_l	fdl_l	fhl_l	gaslat_l	gasmed_l	glmax1_l	glmax2_l	glmax3_l	glmed1_l	glmed2_l	glmed3_l	glmin1_l	glmin2_l	glmin3_l	grac_l	iliacus_l	perbrev_l	perlong_l	piri_l	psoas_l	recfem_l	sart_l	semimem_l	semiten_l	soleus_l	tfl_l	tibant_l	tibpost_l	vasint_l	vaslat_l	vasmed_l	
0.175	0.635982	6.72959	0.0856068	0.0431004	0.0417154	1.19962	0.0616805	0.116776	9.80508e-10	0	48.3937	86.9772	0.519747	29.5648	0.143468	0.216487	0.222001	0.927651	0.161394	9.07537	55.9896	74.4784	52.3105	0.044386	20.6693	67.1455	370.803	0	0	0	96.4432	0.0173559	7.79642	1.95451	131.398	0	35.6609	0	1.28368e-08	1.03365e-13	0.0784191	2.62317	0.0792082	2.13534	0.0484593	0.0586982	5.23399e-11	34.8858	4.56874	82.6717	3.48662e-13	0	3.01494e-09	0	107.118	9.29562e-11	1.18165e-15	57.5801	7.75365	0.123084	2.96777	2.33013	0.26526	14.2935	0.937405	0.0385181	0	0.198553	0.131686	0	68.3662	0	131.202	3.63173e-12	0.0234909	0.13068	0	4.48348e-15	0	0	
0.18	0	11.8085	0	1.18817e-08	1.32661e-07	0	4.94774e-09	0	0	3.25226e-08	49.6593	88.1202	3.11863e-06	10.8821	84.6059	1.2364e-06	2.85289e-07	2.53626	2.24075	14.4408	57.9127	78.3346	58.6662	2.28853e-09	25.5179	59.9287	355.149	0	0	8.40575e-09	95.4064	3.44753e-06	29.3722	4.81946e-07	142.112	0	40.109	1.90459e-11	0	2.27792e-10	6.28668	12.3542	3.4441	4.55608	5.27619	4.60741	0	35.209	6.03645	85.5254	2.06456e-07	1.12056e-08	0	0	133.171	1.84486e-06	0	33.2334	3.98716	3.25186e-09	0	0	1.09141e-06	16.445	2.65201	2.61031e-09	0	6.18997e-07	2.61569	0	68.2537	0	126.473	0	0	6.76492	0	5.6111e-10	0	0	
0.185	2.83167e-07	24.8982	0	2.26755e-08	3.46487e-07	0	1.32087e-08	0	3.1735e-09	3.86001e-07	50.8444	89.2523	4.07341e-07	0.846579	207.864	1.51347e-06	7.50888e-07	3.82351	3.76264	19.3614	59.1468	81.1864	63.8553	5.99516e-07	40.7581	54.7389	340.724	8.30935e-10	1.32153e-08	0	104.166	0	63.5833	4.76068e-07	157.508	1.90385e-08	44.2812	4.72823e-06	0	0	7.52406	16.6959	4.55791	6.70319	6.36108	5.63551	4.93146e-06	47.4994	7.37289	88.2792	0	0	2.53661e-08	2.91919e-09	194.718	1.6793e-08	1.84113e-10	32.4457	5.30149	0	0	0	2.59249e-07	17.4649	3.56845	1.55235e-06	0	1.08714e-08	4.0846	5.40677e-06	83.7803	0	132.051	0	1.37084e-06	13.9295	0	1.26619e-08	0	1.42605e-05	
0.19	0	38.4639	3.46162e-06	4.57159e-08	2.26489e-11	4.64039e-07	0	4.96347e-10	1.23128e-08	1.88454e-09	51.9081	90.2394	6.73382e-08	2.1756e-05	342.878	9.42219e-07	3.70746e-08	4.40524	4.33551	17.3667	59.9368	82.7078	66.5059	2.3531e-08	40.3031	50.5752	326.698	3.61535e-09	5.11144e-08	8.49086e-09	91.657	0	99.9031	1.5756e-07	172.19	1.0367e-05	47.8923	2.30863e-09	1.93122e-10	0	7.25478	18.1529	4.45778	6.73881	6.13722	5.38179	3.11607e-10	50.2836	8.43657	91.079	4.81842e-11	0	1.53772e-07	1.55438e-08	220.731	5.4083e-08	0	34.5057	6.67326	6.2737e-10	3.07388e-11	4.24624e-10	3.95867e-07	18.0719	8.54755	4.67884e-06	3.38497e-06	2.82593e-07	4.1353	1.44718e-09	110.105	0	122.193	0	0	17.766	0	2.24099e-09	0	0	
0.195	4.50788e-10	49.257	3.06114e-10	4.5096e-08	1.53649e-10	0	5.65914e-10	1.00964e-09	1.8216e-08	0	52.9238	91.1481	7.11904e-08	1.78569e-06	405.985	2.5628e-09	1.00283e-07	4.8028	4.74195	13.9357	60.8572	84.4989	68.9282	2.98128e-08	28.6108	46.5461	312.424	2.57756e-10	5.34773e-08	6.73638e-11	68.2056	1.58667e-07	129.436	1.93833e-07	177.665	6.86494e-07	51.1328	2.72568e-09	3.30426e-10	0	7.24491	19.7537	4.46846	5.70496	6.1547	5.32837	1.44777e-10	38.4985	9.30894	94.1473	8.36295e-11	0	1.64034e-07	1.95842e-08	163.926	6.48843e-08	0	33.5703	6.98816	0	6.67772e-09	2.78917e-10	2.93193e-07	18.6729	18.6981	1.26437e-10	0	2.17504e-06	3.89964	7.16603e-11	135.222	0	86.9282	0	1.51785e-08	19.5638	0	1.47112e-06	0	0	
0.2	0.00101222	57.14	0.000270651	0.000208155	0.000188334	0.00156334	0.00042951	0.000181591	0.000122945	5.64725e-05	53.9709	92.0916	0.000589083	0.00851153	343.862	0.000347055	0.000277102	5.32656	5.25528	12.3745	61.9589	86.8882	72.4365	0.000102121	18.6771	42.4661	297.928	0.000109952	0.000295453	0	52.8729	0.000525134	154.2	0.00062754	164.953	0.000245113	54.3425	0.000231692	0.000868746	0.00039488	7.20056	21.7686	4.52501	4.88233	6.14744	5.26924	0	23.7373	10.146	97.5772	4.82926e-05	0.000101221	0.000301097	0.000606821	81.507	0	0	32.7258	7.53127	0.000320585	0.00178271	0.0016805	0.000337003	19.2614	30.1849	9.60568e-05	0.000127836	0.000287887	3.75572	0.000263386	150.093	0	47.6505	0.00103405	4.0526e-05	20.9631	0.000200227	0.000204113	0.000537519	0.0130661	
0.205	0.000915256	61.3573	0.000259775	0.000199912	0.000180887	0.00143007	0.000412697	0.00233893	0.000118108	5.42304e-05	55.0751	93.1174	0.00201789	0.0168073	208.405	0.00033821	0.000265967	5.95355	5.79944	12.0682	63.2138	89.73	76.8361	9.80354e-05	12.8574	38.4416	283.499	0.000109925	0.00028386	0.00710499	45.8818	0.000504372	173.506	0.0357397	148.04	0.000235345	57.71	0.000222622	0.000834598	0.000383533	7.07235	23.8317	4.52036	4.46964	6.0615	5.13865	0.00376957	13.3523	11.0323	101.369	4.63954e-05	9.72462e-05	0.000289265	0.000582985	29.4972	0.00244402	0.00327705	33.4137	8.57686	0.000307805	0.0016772	0.00151193	0.000267759	19.7942	43.2622	9.22006e-05	0.000122933	0.000279031	3.61714	0.000253066	156.4	0.00376199	22.4481	0.00099324	3.77756e-05	22.4386	0.000192442	0.000196105	0.00051639	0	
0.21	0.000290792	61.1971	9.30642e-05	7.16157e-05	6.4777e-05	0.000460615	0.000145239	0	4.23019e-05	1.9441e-05	56.2342	94.2303	0	0	141.112	0.000119934	9.52231e-05	6.64822	6.32818	12.2591	64.6206	92.9908	81.8547	3.5133e-05	9.24207	34.5402	269.349	3.93454e-05	0.00010169	0	42.4145	0.000180618	188.572	0	138.491	8.42958e-05	61.289	7.97332e-05	0.000298892	0.000136961	6.9059	25.8802	4.47874	4.28261	5.94155	4.97712	0	7.53148	11.9883	105.518	1.66159e-05	3.4827e-05	0.000103688	0.000208805	9.44937	0	0	34.2841	9.32475	0.000110309	0.00054777	0.000460992	7.03115e-05	20.2672	60.1266	3.17562e-05	4.40373e-05	9.90471e-05	4.19776	9.06361e-05	158.023	0.00433265	10.0223	0.000353202	1.35367e-05	23.9086	6.89387e-05	7.02182e-05	0.000184932	0	
0.215	0	56.662	1.39581e-05	1.07626e-05	9.7035e-06	0	2.21649e-05	0	6.33496e-06	2.90858e-06	57.4384	95.4235	0	0.000413298	174.286	1.79333e-05	1.42626e-05	7.41173	6.84344	12.685	66.1778	96.6717	87.4443	5.30624e-06	6.77113	30.79	255.651	5.92725e-06	1.52649e-05	0	40.6895	2.70384e-05	200.373	0.00242574	136.119	1.26247e-05	65.061	1.19431e-05	4.47537e-05	1.99569e-05	6.70829	27.9401	4.42017	4.17974	5.79401	4.79592	0	4.14795	13.001	110.024	2.48824e-06	5.21472e-06	1.56476e-05	3.12916e-05	3.33097	0	0	33.6498	9.00034	1.66169e-05	0	0	0	20.6754	81.2687	7.02181e-06	6.59089e-06	1.4885e-05	16.4385	1.35729e-05	157.611	0	4.8133	4.96405e-05	2.01805e-06	25.2169	1.03272e-05	1.05188e-05	2.76874e-05	0	
0.22	0	48.7835	0	0	0	0	0	0	0	0	58.683	96.696	0.000407473	0.0113022	279.446	0	0	8.2561	7.34452	13.2491	67.8868	100.779	93.6429	0	5.15016	27.2081	242.535	0	0	0	40.0072	0	209.643	0.0479562	137.714	0	69.0059	0	0	0	6.47741	29.9925	4.34304	4.12329	5.61756	4.59351	0	1.99038	14.0553	114.885	0	0	0	0	0.555913	0	0	30.9333	7.47315	0	0	0	0	21.0094	105.393	0	0	0	43.6951	0	156.218	0	2.41338	0	0	26.3212	0	0	0	0.00111843	
0.225	0	38.9537	0	0	0	0	0	0.00010339	0	0	59.966	98.0514	0.00376817	0	411.641	0	0	9.18088	7.81874	13.9122	69.7471	105.328	100.492	0	4.14774	23.8175	230.107	0	0	0.00177234	39.8671	0	209.671	0	141.174	0	73.114	0	4.36125e-06	0	6.21507	51.8523	4.2465	4.10219	5.41483	4.37323	0.000217911	0.626099	15.1406	120.087	0	0	0	0	0.00529374	0.000119929	6.68874e-06	26.8858	5.23869	0	0	0	0	21.26	129.176	0	0	0	76.5821	0	154.248	0	1.0404	0	0	27.2244	0	0	0	0.00191202	
0.23	0	28.3002	0	0	0	0	0	0.00254162	0	0	61.2849	99.4912	0	0	534.083	0	0	10.1856	8.25271	14.8312	71.7598	110.338	108.069	0	3.53922	20.639	218.469	0	0	0	39.997	0	194.873	0.00573086	145.853	0	77.3772	0	0	0	5.92424	92.2099	4.1331	4.10111	5.18725	4.13729	0.0126334	0	16.2454	125.614	0	0	0	0	0.00124971	0.00885891	0.00704895	22.7294	2.9485	0	0	0	0	22.3642	149.422	0	0	0	109.046	0	151.928	0	0.237113	0	0	27.9187	0	0	0	0	
0.235	0	17.7842	0	0	0	0	0	0	6.35382e-07	0	62.6361	101.014	0	0.00277197	629.828	0	0	11.267	8.63464	16.0686	73.9252	115.825	116.467	0	3.17309	17.6894	207.665	4.26191e-07	0	0.00295286	40.2683	0	165.314	0.0125038	161.99	0	81.7849	0	0	0	9.13148	137.621	4.00339	4.10504	4.93819	7.61849	0	0	17.3557	131.435	0	0	0	0	0.00643606	0	0	19.2395	0.944331	0	0	0	0	24.5555	165.193	0	0	0	137.849	0	149.435	0.0175631	0	0	0	28.3825	0	0	0	0.00247472	
0.24	0	8.90364	2.56011e-07	9.75063e-07	2.21415e-07	0	0	0	1.02936e-07	6.18056e-08	64.0159	102.615	0.00079382	0.0155611	695.756	3.55829e-07	2.84762e-07	30.3974	8.95492	17.6085	82.2341	121.806	125.764	1.68725e-07	2.9627	14.9794	197.697	2.53861e-07	3.42334e-07	0.00187027	40.616	0	125.777	0.0228471	187.304	2.24365e-07	86.3181	2.41852e-07	6.654e-07	0	17.8937	179.5	3.85966	4.10557	5.45747	15.1467	0.00252691	0	18.4551	137.5	0	1.89481e-07	4.33195e-07	6.70666e-07	0	0.00181592	6.18304e-07	16.5852	0	3.98958e-07	0	0	0	27.0811	176.5	9.9931e-08	1.2074e-07	2.96393e-07	160.931	2.84155e-07	146.886	0	0	0	5.14209e-08	28.5951	2.06945e-07	2.13038e-07	5.43417e-07	0.00156511	
0.245	0	2.83212	2.31852e-07	0	1.93432e-07	0	0.0137829	0.296889	3.78506e-06	5.78641e-08	65.4203	104.29	0.00399478	0	662.091	0	0	59.6435	9.20241	19.4296	93.7101	132.737	136.018	1.48712e-07	2.85467	12.5165	188.533	9.39596e-08	2.84742e-07	0.000546016	41.0069	0.0169819	85.4783	0	214.716	2.06966e-07	90.9525	1.97962e-07	7.49644e-07	0	28.8749	215.284	3.70184	4.09839	9.83003	23.877	0.00969776	0.00224712	19.5248	143.754	6.74392e-08	1.28568e-05	3.72119e-07	5.58518e-07	0	0.0103835	0.00532269	14.6689	0	3.28708e-07	0	0	0	29.1532	183.104	8.24226e-08	1.07212e-07	2.82295e-07	177.168	2.26571e-07	144.362	0	0	0	4.34273e-08	28.5429	7.60937e-07	1.7437e-07	4.51104e-07	0.00037608	
0.25	0	0	8.60201e-08	7.73753e-08	5.20873e-07	0	0	1.35214	1.20194e-06	0	66.8435	106.03	0	3.52365e-06	584.631	0.0201869	2.0957e-06	79.7359	13.9478	21.5096	100.395	144.356	148.763	9.27845e-08	2.81608	10.3045	180.132	3.46213e-08	1.26037e-07	0	41.4244	0	48.8486	0	243.261	0	95.6622	7.4701e-08	2.60584e-07	0	39.1045	240.525	3.53134	4.08089	17.4484	31.8878	0	0.000467338	20.5462	150.126	0	3.96343e-07	2.08118e-07	2.38593e-07	0	0	0	13.2692	0.00232195	1.49563e-07	0	0	0	30.5595	184.818	3.0638e-08	1.60964e-07	9.4286e-08	186.534	9.31456e-08	141.918	0	0.00133197	0	2.16119e-08	28.535	5.9572e-08	6.58031e-08	2.61198e-06	52.8418	
0.255	0	0	1.19488e-08	0	0	0	0	0.963534	4.24294e-06	0	68.2795	107.826	0	0.00752827	529.928	0	2.36522e-09	83.3367	19.4212	25.0503	101.332	152.942	163.007	6.19527e-08	2.82509	8.34091	172.449	0	4.31051e-08	0	41.8606	0	23.4331	0.00457026	267.329	1.10162e-07	100.416	1.08456e-08	3.96554e-08	0	47.1786	254.677	3.34787	4.05078	25.8811	38.376	0.000632878	0.000577181	21.5004	156.538	3.83579e-08	1.3668e-07	1.21357e-07	7.42104e-08	8.95185e-05	0.000556133	0	12.1813	0.00519953	5.29203e-08	0	0	0	31.5666	181.658	3.83495e-09	3.97785e-09	0	189.534	9.6116e-09	139.603	0.00446515	0.0103252	0	9.70577e-09	29.1581	1.48363e-08	9.56396e-09	0	232.591	
0.26	0	0	0	4.47811e-09	2.06539e-06	0	0.000642487	0.551766	4.5465e-06	6.12937e-09	69.7208	109.666	0.000591167	0.00355029	497.534	0	4.19467e-08	76.7546	22.3896	31.4263	100.799	160.114	177.485	5.12734e-08	2.86906	6.62078	165.444	1.67948e-05	2.12699e-08	0	42.3114	0	8.55288	0.0336253	288.046	0	105.18	0	0	0	52.2485	258.317	3.15223	4.00571	33.1421	42.8856	0.00751657	0	22.3688	162.901	0	0	9.68932e-08	3.52442e-08	0.00271866	0.011377	0.00686733	11.2681	0.00265036	2.30564e-08	0	0	0	32.0343	173.871	0	0	1.36778e-08	186.782	0	137.465	0.0127502	0	0	5.92202e-09	30.6337	0	0	0.0119915	265.714	
0.265	0	0.00687406	0	3.43117e-09	0	0	0.0472929	0.408805	1.84002e-06	0	71.1587	111.537	0.00313413	0	465.749	17.7299	4.86332e-09	68.3701	23.4937	39.1829	100.889	167.415	192.149	4.76202e-08	2.93969	5.14181	159.088	0	2.20099e-08	0	42.7747	0.0738209	1.99418	0	305.728	1.12637e-07	109.917	0	0	0	53.8591	252.181	2.94387	3.94378	37.9281	45.1174	0	0	23.1338	169.128	0	0	9.54926e-08	4.25785e-08	0	0	0.173452	10.4831	0.00102393	1.84466e-08	0	0	0	31.7312	161.926	0	0	0	178.88	0	135.551	0	0.000998064	0	5.00165e-09	32.8007	0	0	79.8627	197.612	
0.27	0	0.0027366	0	1.69905e-08	2.4753e-08	0	0	0.406817	1.01578e-07	0	72.5844	113.425	0	0	431.308	48.6087	3.43862e-08	59.8407	23.0897	46.6266	101.077	174.493	206.693	4.42813e-08	3.03181	3.90245	153.363	1.92105e-07	2.53713e-08	0	43.2494	0	0	0.00126894	320.749	4.65794e-08	114.586	4.23922e-10	0	0	51.1366	236.873	2.72312	3.86306	38.4552	44.5034	0	1.4659e-05	23.7798	175.125	0	4.51596e-10	9.68336e-08	5.52376e-08	0	0	16.2576	10.1074	8.12438e-05	1.7579e-08	0	3.39501e-07	0	30.5914	146.773	0	0	6.99974e-08	166.597	0	133.902	0	0.00648361	0	4.4207e-09	35.3852	0	3.88976e-10	123.142	135.949	
0.275	0	0.000841378	1.91282e-09	2.83893e-08	0	1.81888e-06	9.7107e-09	0.443351	3.56835e-06	0	73.9871	115.314	0	0.0038434	396.561	85.7696	4.33534e-08	50.0435	20.1866	51.6723	101.026	180.688	220.441	3.97086e-08	3.14145	2.88815	148.255	0	2.63772e-08	0	43.7347	5.04041e-07	0	0.0347978	333.235	5.16808e-08	119.149	2.32793e-09	0	0	45.3229	213.721	2.48993	3.76197	35.8277	41.578	0.00129875	7.4064e-05	24.2927	180.792	0	8.54227e-07	9.5829e-08	6.29692e-08	0.000574981	0.00170698	11.1813	9.92911	0	1.50644e-08	0	5.65106e-07	0	28.7544	128.94	1.07657e-10	0	1.16651e-06	150.468	7.3426e-08	132.551	0.00198086	0	0	3.7694e-09	38.1445	1.93447e-05	2.06692e-09	115.312	99.8721	
0.28	0	0	3.9468e-09	3.844e-08	2.93534e-09	0	0.0246585	0.497876	0	0.0454779	75.356	117.189	0.000682644	0.0176624	352.897	127.694	5.30842e-08	41.3941	15.8388	54.1689	101.816	187.339	233.809	3.42692e-08	3.26548	2.07995	143.742	1.28486e-08	2.58122e-08	0	44.2301	0.0509961	0	0	343.306	4.81133e-08	123.563	2.77804e-09	1.47606e-09	0	37.4161	184.572	2.24417	3.6391	30.7587	36.8251	0.00345373	3.09866e-05	24.6612	186.033	0	0	9.30282e-08	6.68877e-08	0.179953	4.09137	9.93783	9.75566	0	1.14571e-08	0	5.82451e-07	0	26.454	109.124	2.86835e-10	0	8.25889e-09	131.051	0	131.434	0.00411902	0	0	3.09084e-09	40.8899	0	2.46304e-09	106.7	78.8976	
0.285	0	0	5.97829e-09	5.06723e-08	4.87675e-10	4.1648e-06	0	0.574008	4.63962e-08	0.209741	76.6795	119.033	0.00384688	0	297.402	168.015	6.05479e-08	35.5271	12.1342	58.3382	103.479	194.669	247.409	2.8556e-08	3.40114	1.45766	139.802	1.09141e-09	2.46046e-08	0	44.7351	0	0.00885875	0.00301077	351.077	4.90252e-08	127.786	2.70068e-09	1.2856e-09	0	28.2062	152.32	1.98662	3.49375	23.6821	30.5812	0	0	24.8768	190.755	3.40885e-08	1.63103e-08	8.96354e-08	6.943e-08	3.86576	12.9017	10.6409	9.64536	0	7.97954e-09	0	4.45251e-07	0	23.9377	88.6941	2.56443e-10	0	3.092e-08	109.414	0	130.415	0	0.000202109	0	2.51926e-09	43.462	2.3156e-07	2.39621e-09	105.561	65.1754	
0.29	0	0	6.40201e-08	7.03182e-08	6.72409e-08	0	9.18544e-06	0.667744	0	0.404611	77.9463	120.829	0	0.000302404	244.261	191.354	6.79036e-08	32.068	9.62198	67.993	105.65	202.276	261.091	2.29594e-08	3.54587	0.999707	136.414	0	2.3357e-08	0	45.2491	0.000985416	0	0.0280137	356.693	4.80513e-08	131.78	2.56782e-09	8.52237e-10	0	19.1808	116.952	1.71759	3.32563	15.9443	22.79	0	0	24.9335	194.876	0	0	8.62587e-08	7.18331e-08	14.0435	10.1247	10.8086	9.88452	0	5.20208e-09	1.40519e-08	2.20207e-07	0	21.3347	68.6408	2.06149e-10	0	0	86.3877	0	129.35	0	0.00110776	0	2.28105e-09	45.7188	0	2.27989e-09	105.507	56.046	
0.295	0	0	3.88742e-08	1.02665e-06	4.25856e-09	0	0.03213	0.768559	1.13221e-08	0.584901	79.1449	122.563	0	0.00926623	214.176	180.381	7.46635e-08	30.1808	7.91304	82.6711	108.044	209.803	274.388	1.77022e-08	3.6971	0.683168	133.556	4.255e-08	2.22111e-08	5.48445e-07	45.7716	0.0357548	0	0	360.43	4.68049e-08	135.507	2.49319e-09	6.27082e-10	0	11.9929	83.3203	1.43898	3.13533	9.73326	15.2785	0.000184301	0	24.8292	198.324	0	6.71945e-07	8.30464e-08	7.44025e-08	37.054	9.86271	10.5749	10.756	0	3.18848e-09	3.90167e-08	8.84903e-08	4.84804e-08	18.7292	49.8677	1.83768e-10	0	0	62.8662	0.00107044	128.16	0.000334532	0.000656783	0	2.34005e-09	47.539	4.74224e-08	2.21479e-09	102.998	50.1821	
0.3	0	0	9.18371e-10	2.1604e-06	9.23104e-10	0	0	0.86797	5.58222e-11	0.709345	80.2644	124.219	0.000711363	0	210.354	135.954	8.05808e-08	29.1619	6.62519	100.017	110.456	216.97	286.9	1.29289e-08	3.94154	0.485726	131.207	0	2.11495e-08	0	46.3022	0	0.00379575	0.00096564	362.624	4.53057e-08	138.933	2.46283e-09	5.71226e-10	0	6.9284	59.7342	1.15273	2.92453	5.54796	9.53459	0.000566623	0	24.564	201.041	5.42786e-07	0	7.99775e-08	7.71082e-08	59.5023	10.8957	10.4147	13.5834	0	1.81273e-09	5.80921e-08	9.06464e-08	1.07029e-07	16.3219	33.2054	1.8284e-10	0	1.75251e-08	41.7007	0.00707855	126.871	0.000687831	0.000117687	0	2.39538e-09	48.8284	0	2.18782e-09	98.7524	46.2518	
0.305	0	0	9.24322e-09	1.25047e-09	9.91961e-09	0	0	0.962089	1.50077e-09	0.755908	81.2944	125.783	0.00271447	0	218.293	81.3453	8.53008e-08	28.6174	5.5611	117.356	112.746	223.556	298.297	8.7622e-09	5.38178	0.387766	129.348	2.21024e-05	2.45812e-08	0	46.84	0	0	0.018698	363.652	4.38304e-08	142.027	2.44661e-09	5.73553e-10	0	3.4909	45.6228	0.861287	2.69524	2.85042	5.57431	0.000241838	0	24.142	202.988	0	7.28424e-09	7.70132e-08	7.98835e-08	77.0369	11.6182	10.2871	20.2581	0	9.26043e-10	7.44458e-08	9.07131e-08	4.71931e-07	14.2702	20.1892	1.90792e-10	0	0	25.6687	0	125.253	0.000139372	0	0	2.35085e-09	49.5201	8.33592e-09	2.17429e-09	94.2323	43.3805	
0.31	0	0	0	4.75433e-08	2.77334e-11	0	0.00298156	1.04949	2.22131e-09	0.723769	82.2257	127.241	0	0.00147975	214.477	39.0245	0	28.2606	5.77979	134.096	114.814	229.39	310.48	5.303e-09	9.43764	0.377876	127.959	0	2.33186e-08	0	47.3846	0.0117397	0	0	363.893	4.23927e-08	144.764	2.4316e-09	5.80997e-10	0	1.1828	37.2604	0.569163	2.45084	1.09763	2.91751	0	0	23.5696	204.138	6.58801e-09	0	7.41343e-08	8.26977e-08	83.1933	12.0365	10.1153	31.8023	0	3.98044e-10	8.95121e-08	8.98593e-08	2.92011e-08	12.5561	11.3245	2.00173e-10	0	2.03016e-07	14.9835	0	123.217	0	0	0	2.23253e-09	49.5738	9.437e-10	2.16184e-09	89.8579	41.0521	
0.315	5.14162e-09	0	3.68822e-08	0	1.49313e-08	0	0.0256714	1.12889	6.1293e-09	0.626217	83.0502	128.581	0	0.0145376	187.455	15.7028	0.000344677	27.8967	12.0275	150.41	116.592	235.16	323.828	2.63732e-09	16.5742	0.455716	127.022	2.59568e-07	2.21607e-08	0	47.935	0	0	0	363.663	4.09905e-08	147.121	2.41477e-09	5.73401e-10	0	2.622e-05	31.606	0.28278	2.19514	0	1.13704	0	0	22.8566	204.484	0	0	7.13355e-08	2.04396e-07	74.2356	12.4604	9.89501	48.0521	0	1.20872e-10	1.05613e-06	8.70661e-08	3.55653e-06	11.0857	5.73835	1.9744e-09	0	0	8.21845	0.00132113	121.163	0	0	0	2.23041e-09	48.9718	5.77825e-11	6.59768e-09	85.4775	38.9795	
0.32	2.28336e-09	0	1.42494e-07	3.69694e-06	4.4253e-08	0	0	1.19999	1.0764e-08	0.48324	83.7613	129.793	0.000383471	0	143.91	5.32436	0.00604104	27.4073	23.5349	165.424	118.029	242.979	336.316	8.51479e-10	26.0258	0.629077	126.522	0	2.09524e-08	0	48.4906	0	0.000990904	0.00336573	363.186	3.96123e-08	149.083	2.39599e-09	5.52963e-10	0	0	27.141	0.0184772	1.93257	3.00166e-05	0	0	0	22.0149	204.034	1.43207e-09	0	6.86152e-08	6.13808e-07	53.5561	12.873	9.63486	68.3697	0	6.78853e-06	0	8.3792e-08	0	9.78328	2.28848	1.00027e-08	0	0	3.93281	0.00405138	119.671	0	0	0	2.56784e-09	47.717	0	4.83004e-09	84.623	38.4054	
0.325	3.5706e-09	0	0	0	7.0173e-08	0	0	1.26237	1.21661e-08	0.317572	84.3537	130.869	0.00235516	0	97.2452	0.560237	0	26.7267	35.3144	177.724	120.367	250.904	345.862	3.35879e-11	36.5703	0.903049	126.443	1.56556e-08	1.98182e-08	0	49.0504	0	0.00705432	0.00271071	362.597	3.82524e-08	150.639	2.37616e-09	5.15386e-10	0	0	23.2669	0	1.66776	0	0	0	0	21.0591	202.813	0	0	6.59738e-08	1.04889e-06	34.5325	13.2137	9.33698	91.719	0	1.00983e-06	4.00988e-08	8.01841e-08	3.89131e-08	8.60376	0.23692	1.96604e-09	0	7.91692e-08	1.23144	0.00243126	121.36	0	0	0	3.05771e-09	45.833	2.04151e-09	2.99594e-10	114.222	49.2657	
0.33	1.67694e-08	0	3.49842e-08	7.33993e-08	3.21753e-07	0	0.00216881	1.31614	1.4618e-08	0.155489	84.8235	131.801	0	0.00276001	57.4309	0	0	25.824	43.9159	185.685	122.923	256.526	351.389	2.00797e-10	47.0867	1.27045	126.77	1.72581e-09	1.87172e-08	0	49.6135	0	0	0.000605523	361.971	3.69102e-08	151.782	2.35619e-09	4.45157e-10	0	0.00289233	19.6971	0	1.40576	0.00248905	0	0	0	20.0051	200.862	2.93513e-10	0	6.34101e-08	1.31565e-06	22.6027	13.4734	9.00411	115.467	0	1.49495e-07	2.68586e-08	7.63397e-08	0	7.5201	0.000321785	3.58143e-10	0	0	0	0.000584977	126.506	0	0	0	3.66025e-09	43.3601	0	9.66413e-11	144.928	58.6612	
0.335	8.11203e-09	0	8.27181e-08	0	2.56278e-07	0	0.0133597	1.36182	1.58219e-08	0.0246273	85.3274	134.015	0.000209208	0.00583187	28.9526	0	0.00161649	24.6881	48.4071	188.382	124.544	259.138	352.957	1.22984e-09	56.3909	1.84651	128.166	8.84737e-09	1.76538e-08	0	50.179	0	0	0	361.353	3.55876e-08	155.488	2.33574e-09	1.94383e-05	0	0.00112777	16.2753	0	1.15131	0.000895693	0.00246967	0	0	18.8711	198.233	1.16691e-10	3.96384e-10	6.09225e-08	1.20398e-06	15.9578	13.6583	8.64275	134.991	0	4.6918e-08	4.56132e-08	7.22491e-08	9.36553e-09	6.51678	0	2.45446e-09	0	1.84574e-07	0	0	132.982	0	0	0	4.36783e-09	40.3557	2.77143e-08	0	173.494	66.9173	
0.34	0	0	0	0	3.81382e-07	0	0	1.39974	1.562e-08	0	85.966	137.802	0.000421775	0	17.1674	0.00759456	0.012479	23.3271	49.2048	185.69	124.801	258.974	351.115	3.17151e-09	63.8198	2.88611	131.194	2.372e-09	1.66244e-08	0	50.7458	0.0216923	3.38305e-08	0	360.769	6.28564e-09	162.243	2.31554e-09	0	0	0.000270493	12.9431	0.000794391	0.908871	0.000245717	0.000953037	0	0	17.676	194.99	0	0	5.85091e-08	5.00482e-07	12.209	13.7691	8.25954	146.323	0	9.20543e-08	5.17131e-08	6.79201e-08	1.37217e-08	5.58601	0.00304827	3.70091e-09	0	2.15439e-09	0	0	138.756	0	0	0	5.1766e-09	36.8904	0	5.37259e-06	198.149	73.3006	
0.345	7.33367e-08	0	0	1.51571e-08	4.7608e-08	0	0	1.43076	1.64891e-08	0	86.6591	142.295	0.000308527	0.645801	19.3276	0.00376297	0	21.756	47.4596	178.506	124.394	256.886	346.649	6.08771e-09	69.3325	4.57311	135.752	6.30725e-10	1.56307e-08	1.10844e-05	51.3129	0	0.0195006	0	360.237	3.84478e-08	170.186	2.29444e-09	2.12465e-07	0	0	11.2323	0.000113177	0.682656	0	0.000274412	0	0	16.4399	191.209	0	1.27436e-07	5.61692e-08	0	10.1061	13.8064	7.86212	147.972	0	1.0304e-07	5.94556e-08	6.33685e-08	2.3791e-08	4.82653	0.00186398	3.7711e-09	0	9.79281e-08	0.00488245	0	143.411	0	0	0	6.08023e-09	33.0463	0	0	216.953	78.3012	
0.35	0	0	0	0	2.19987e-08	0	0.000804341	1.45507	2.92504e-08	0	87.2672	146.726	4.04078e-05	8.87152	31.4459	0.00680383	0.000704757	20.2021	44.5918	168.483	124.099	253.708	340.324	1.0046e-08	73.3295	6.84435	141.382	1.69156e-05	1.46718e-08	3.70642e-07	51.8792	0	0	0	359.764	2.49542e-07	177.789	2.27354e-09	2.95435e-07	0	0	12.1981	1.48775e-05	0.476352	0	0	0	0	15.183	186.972	5.45079e-11	0	4.21461e-08	0	8.9731	13.7731	7.45714	141.149	0	1.10472e-07	6.58551e-08	5.86196e-08	3.39748e-08	4.49418	0.000484318	2.90019e-09	0	1.18024e-08	0.000965834	0	147.316	0	0	0	7.06834e-09	28.9165	5.94964e-06	6.24443e-08	229.645	81.7036	
0.355	1.39399e-07	0	1.50341e-07	2.49856e-08	0	4.15124e-06	0.0112477	1.47345	0	0.000192833	87.7032	150.637	0	17.4663	48.2685	0	0.01066	20.8035	41.6397	157.3	124.027	249.827	332.661	1.51157e-08	76.3839	9.48094	147.665	0	1.37485e-08	1.18775e-07	52.4437	0.00211009	2.51536e-06	0	359.351	6.74773e-07	184.076	2.25164e-09	1.05083e-08	0	0	14.7704	0	0.293112	0	0	0	0	13.925	182.364	0	8.04311e-08	4.05473e-08	0	8.3628	13.6736	7.05095	128.622	0	1.13645e-07	7.17116e-08	5.37064e-08	4.65867e-08	4.57385	0	7.784e-10	1.61728e-05	2.62201e-10	6.90421e-05	0	150.827	0	0	0	8.11648e-09	24.5983	0	0	237.01	82.6665	
0.36	9.86082e-09	9.93316	0	0	1.47349e-08	2.35317e-06	0	1.48646	2.9385e-09	0.000233598	87.9465	153.958	0	22.8225	75.2431	0	0	25.282	39.5991	146.792	124.695	245.72	324.106	2.13671e-08	79.0958	12.3523	154.374	1.8839e-07	1.28598e-08	0	53.0051	0.0312113	0.00729981	0	358.998	1.33237e-06	188.887	2.35018e-09	6.47248e-09	0	0	17.4861	0	0.136016	0	0	0	0	12.6846	177.475	1.05267e-10	0	3.88105e-08	0	8.01108	13.5132	6.65007	112.757	0	1.16567e-07	7.65274e-08	4.86705e-08	6.02457e-08	4.90411	0	4.53057e-10	1.17066e-05	1.0569e-08	0	0	154.114	0	0	0	9.17633e-09	20.1942	1.87809e-07	0	239.308	81.194	
0.365	1.92062e-08	11.6134	2.44822e-08	1.14585e-09	2.30964e-07	4.59222e-07	0	1.49431	1.61028e-06	0	87.9928	156.696	0	41.1121	94.5275	0.00150907	9.56027e-05	30.6149	38.0051	137.117	124.812	240.844	314.584	2.88714e-08	82.1121	15.358	161.365	0	1.46395e-07	3.71186e-09	53.5625	0	0	0	358.694	2.23472e-06	192.281	2.32556e-09	4.34238e-09	0	0	19.5247	0	0.00876846	0	0	0	0	11.4792	172.393	0	7.88293e-08	3.73456e-08	0	7.77674	13.2986	6.25901	94.9403	2.2926e-06	1.1866e-07	8.01574e-08	4.35656e-08	7.43351e-08	5.34693	0	7.35557e-09	7.46386e-06	0	0	0	157.235	0.00455919	0	0	1.01916e-08	15.8066	0	3.69943e-08	236.696	77.8343	
0.37	1.09336e-08	10.8287	0	9.80232e-10	2.34282e-08	0	0.000582102	1.49792	3.34528e-07	0	87.8247	158.789	0	79.5223	103.538	0.00777401	0.0201801	34.9742	36.3523	127.973	124.192	235.131	304.123	3.77021e-08	85.1704	18.3517	168.465	2.90076e-08	1.47313e-08	9.70858e-10	54.1147	0	2.2355e-05	0	358.425	3.93757e-08	194.228	2.30314e-09	2.24851e-09	0	0	20.685	1.83546e-07	0	0	0	0	0	10.3248	167.202	4.38458e-08	1.6548e-06	3.58261e-08	0	7.58906	13.0355	5.88219	75.2788	2.86604	1.19557e-07	8.24499e-08	3.84645e-08	8.82696e-08	5.81718	0	8.32993e-09	2.23817e-06	1.85441e-08	0	0	160.215	0	0	0	1.08351e-08	11.5572	2.84734e-09	0	229.329	73.3541	
0.375	1.17618e-08	11.2072	0	2.97421e-09	4.10957e-09	0	0.0188768	1.49742	4.00418e-06	0	87.3584	159.866	0	121.452	109.976	0	0	38.1522	34.5854	119.201	122.979	228.757	292.897	4.79349e-08	87.829	20.9497	175.222	1.37674e-05	3.52226e-06	4.43354e-09	54.6606	0.00368306	0.014578	69.009	358.178	7.25163e-08	194.258	2.2782e-09	5.45325e-10	0	0	21.2496	9.42057e-07	0	0	0	0	0	9.23443	161.98	0	0	3.43596e-08	0	7.41231	12.7323	5.52272	54.4715	18.4734	1.18811e-07	8.33408e-08	3.34432e-08	1.01767e-07	6.30418	0	3.38166e-10	0	2.03679e-08	0	0	163.074	0	0	0	1.13367e-08	7.60523	0	6.31e-08	217.921	68.241	
0.38	1.10729e-08	12.086	0	4.45977e-09	7.71249e-10	0	0	1.49302	0	0	86.4166	158.966	0	149.106	113.041	0.000318273	0.00121898	40.0077	32.6338	110.58	121.12	221.774	281.045	5.96481e-08	89.9926	22.2806	180.471	0	0	1.2493e-09	55.1993	0.0197316	0	242.304	357.931	4.29142e-08	190.976	2.25346e-09	4.24581e-11	0	0	21.324	5.43028e-07	0	0	0	0	2.52154e-06	8.21874	156.8	5.81539e-08	1.00735e-08	3.29341e-08	3.18736e-05	7.22951	12.3956	5.18324	38.1158	21.1594	1.16032e-07	8.2814e-08	2.85798e-08	8.84394e-07	6.76247	0	1.43453e-10	0	5.08011e-06	0	0	165.828	0.00112335	1.32403e-05	0	1.1711e-08	4.10775	6.10383e-08	1.03684e-08	203.563	62.6377	
0.385	1.08324e-08	12.6719	7.87683e-10	5.95178e-09	9.39574e-09	2.94123e-07	0	1.48525	4.34729e-08	0	84.9342	155.038	0	147.982	112.074	0.00836345	0.0205543	40.4907	30.4734	102.022	118.647	214.269	268.697	7.29228e-08	91.561	21.5531	182.693	1.53942e-07	7.09606e-08	2.76725e-10	55.7296	0	0	403.917	357.661	0	182.747	2.22937e-09	9.94515e-12	0	0	20.9656	1.50846e-07	0	0	0	0	7.44622e-07	7.28656	151.726	0	0	3.15565e-08	1.60881e-05	7.03398	12.0301	4.86432	27.9387	22.8118	1.10951e-07	8.09027e-08	2.3959e-08	1.88461e-06	7.15831	0	6.38218e-12	0	9.40217e-08	0	6.61624e-06	168.486	0.00569495	0.00241814	0	1.19696e-08	1.2894	0	2.00094e-08	187.237	56.6622	
0.39	1.0404e-08	13.0218	1.43022e-09	7.40825e-09	1.14835e-08	0	0.00236972	1.4753	0	5.47464e-07	83.1742	148.331	3.68705	122.709	109.657	0	0	39.7352	28.1457	93.5637	115.693	206.373	255.975	8.78433e-08	92.3643	19.3268	181.645	0	0	8.20857e-09	56.2512	0	0.0014877	520.993	357.349	2.16612e-08	169.622	2.20448e-09	9.37864e-11	0	0	20.3027	0	0.000911031	0	0	0	1.63023e-07	6.4439	146.816	0	2.92013e-06	3.02231e-08	5.45193e-07	6.82918	11.6511	4.56938	22.224	23.5932	1.03464e-07	7.76852e-08	1.96674e-08	3.41313e-06	7.48372	0	5.57021e-11	8.25173e-09	9.14841e-08	0	0	171.043	0	0	0	1.21292e-08	0	2.31265e-09	0	169.92	50.5218	
0.395	9.99116e-09	13.3223	1.36979e-09	8.88515e-09	1.27619e-08	0	0.012109	1.45909	2.87377e-08	0	81.5092	141.35	7.93303	90.5821	112.091	0	0.00110141	38.2397	25.8253	85.3495	112.554	198.274	243.045	1.04497e-07	92.1518	17.2203	179.637	1.23676e-08	7.12541	0	56.7615	0.00140826	0.00865098	569.807	356.979	0	155.336	2.18006e-09	1.49095e-10	0	0	19.4439	0	0	0	0	0	0	5.69471	142.123	0	0	2.89323e-08	0	6.61227	11.2553	4.29587	19.11	22.1771	9.36607e-08	7.32809e-08	1.57792e-08	4.47352e-08	7.73186	0	4.4924e-11	4.90589e-09	4.14835e-08	0	0	173.512	0	0	0	1.2215e-08	0	1.92594e-07	0	152.34	44.3893	
0.4	9.57308e-09	13.606	9.36264e-08	1.03316e-08	1.29771e-08	1.67257e-08	0	1.44398	5.59121e-10	0	80.1535	136.688	10.3854	65.0401	120.139	0.000922891	0.019129	36.6721	23.6853	77.473	109.419	190.132	230.055	1.22975e-07	90.9553	16.4952	179.651	9.76408e-10	17.8696	0	57.2621	0.0170862	0	606.653	356.533	3.49012e-08	144.441	2.15463e-09	1.68654e-10	0	0	18.3982	0	0	0	0	0	0	5.03821	137.682	0	1.97199e-06	2.76831e-08	0	6.3864	10.8509	4.04367	17.4852	19.4247	8.17964e-08	6.78471e-08	1.23395e-08	8.03484e-08	7.86533	0	3.7772e-11	1.8148e-09	1.34159e-07	0	0	175.864	0	0.000186843	0	1.22538e-08	0	1.38339e-09	0	135.109	38.4381	
0.405	9.16886e-09	13.8479	1.72193e-08	1.16918e-08	1.32681e-08	0	0	1.42518	0	0	79.0379	134.408	11.2693	49.5184	127.995	0.0063602	0	35.4275	21.8253	70.0765	106.412	182.057	217.134	1.43373e-07	89.2704	17.0892	182.419	0	21.5162	0	57.7503	0	0	655.629	356.009	0	137.584	2.12985e-09	1.68463e-10	0	0	17.0197	8.54207e-07	0	0	0	0	5.21883e-07	4.47054	133.515	0	0	2.64743e-08	0	6.15701	10.4453	3.81367	16.7149	16.6546	6.82994e-08	6.15735e-08	9.37233e-09	4.27634e-08	7.84594	0	0	1.02625e-10	7.22285e-08	0	0	177.059	0.00132797	0.00100699	0	1.22694e-08	0.00695263	2.36936e-09	0	118.331	32.6713	
0.41	8.7754e-09	14.0359	0	1.29121e-08	1.3569e-08	4.33576	0.000856539	1.40421	3.36951e-08	0	77.9836	133.127	11.4631	41.9295	141.222	0	0.000667855	35.1821	20.5195	63.4781	103.856	174.261	204.461	1.65789e-07	87.059	18.2367	186.832	7.79906e-06	24.8549	0	64.9716	0	0.000363202	708.201	355.411	6.2529e-09	132.848	2.10461e-09	1.61911e-10	0	0	15.0601	1.10947e-07	0	0	0	0	3.70336e-09	3.98672	129.631	1.86155e-10	2.33942e-08	2.53053e-08	1.08131e-08	5.92571	10.041	8.30521	16.3946	15.5403	5.38672e-08	5.46742e-08	6.88235e-09	7.99438e-08	7.60912	0	0	0	1.61882e-08	0	0	176.033	0.00121416	0.00058381	0	1.22785e-08	0.0015963	0	0	101.923	27.057	
0.415	1.71319e-10	14.1766	0	1.39524e-08	1.38866e-08	9.53538	0.0102619	1.38195	0	0	76.8921	131.76	11.4984	38.9416	160.546	5.17973e-05	0.0205398	36.0384	19.7113	57.5217	101.619	166.712	192.1	1.35166e-07	84.1069	19.3952	191.688	0	27.0483	0	81.3183	0.00192287	0.00981267	753.649	354.743	0	128.475	2.07957e-09	1.52074e-10	7.51215e-08	0	12.3526	9.61438e-08	0	0	0	0	4.67452e-08	3.58004	126.028	2.19724e-10	0	2.41744e-08	1.0378e-08	5.69424	9.6415	14.8104	16.2864	16.5124	3.94487e-08	4.7382e-08	4.85663e-09	8.76584e-08	7.08858	0	8.14461e-06	0	1.90588e-09	0	0	172.351	0	0.000140946	0	1.22896e-08	2.98707e-05	3.4275e-11	0	85.7938	21.5727	
0.42	9.21141e-10	14.2758	7.15707e-09	1.47859e-08	1.42008e-08	6.43991	0	1.35818	3.80984e-08	0	75.7749	130.149	11.5383	38.3582	173.321	0.0012524	0	36.9625	18.8611	51.689	99.1158	159.164	180.023	1.78802e-10	80.7791	20.5572	196.676	1.21301e-07	27.8383	0	98.7556	0.011053	0	784.909	354.002	1.8954e-08	123.942	2.05398e-09	1.41596e-10	1.26237e-05	2.19929e-08	8.9557	4.46661e-08	3.76115e-07	1.28873e-08	8.16554e-08	0	1.09483e-07	3.24338	122.705	1.4706e-10	5.39579e-09	2.30823e-08	4.27651e-09	5.46541	9.24979	19.2305	16.2654	18.2323	2.61538e-08	3.99388e-08	3.26634e-09	9.6395e-08	6.26778	0	5.45482e-06	0	5.04594e-09	0	0	165.517	0	0	0	1.23008e-08	0	2.08063e-11	0.000875115	69.5647	16.1177	
0.425	0	14.33	1.01338e-07	1.53981e-08	1.45094e-08	6.86893	0	1.33206	0	0	74.6782	128.635	11.5899	39.0595	179.72	0.00577126	0.000987972	37.8921	18.0843	46.3213	96.684	151.875	168.423	4.04151e-10	77.3389	21.9148	202.089	0	27.5479	0	114.841	0	0	810.04	353.2	1.68314e-09	119.587	2.02922e-09	1.26544e-10	0	7.32166e-08	5.13837	3.00595e-09	0	2.81483e-08	1.73409e-07	0	2.11843e-07	2.96922	119.656	5.6556e-11	0	2.20268e-08	1.75803e-09	5.23802	8.86457	21.0512	16.2577	19.5946	1.50859e-08	3.25882e-08	2.06897e-09	1.02293e-07	5.17416	0	3.65622e-06	0	0	0	0	154.294	0	0	0	1.23008e-08	0	1.41796e-06	0.000429686	52.6231	10.6016	
0.43	5.41007	14.3438	1.08003e-07	1.57856e-08	1.4811e-08	7.2994	0.00113724	1.30764	1.71576e-08	4.52094e-08	73.6179	127.382	11.6496	40.5972	186.632	0	0.0167148	39.4876	17.811	42.0098	94.6942	145.091	157.495	7.86842e-12	74.1216	23.5108	208.094	5.54631e-09	26.6045	0	130.898	0	0	835.773	352.368	2.40621e-08	115.659	2.00378e-09	1.12191e-10	1.23382e-07	1.06193e-07	1.52143	5.47288e-08	2.89556e-06	4.62477e-08	2.45769e-07	6.56007e-09	3.20625e-07	2.74973	116.874	2.89709e-11	3.24202e-09	2.10078e-08	1.25714e-09	13.068	8.49139	18.9038	16.2358	18.5535	7.09238e-09	2.55653e-08	1.21257e-09	1.07604e-07	3.92522	0	2.09516e-06	0	7.33061e-08	1.46575e-08	0	136.491	0	0	0	1.22697e-08	0	0	0	33.8424	4.98209	
0.435	9.54689	14.3153	7.95286e-09	1.59541e-08	1.51056e-08	7.27579	0.00674382	1.28266	6.33715e-09	3.54428e-07	72.5857	126.298	11.716	42.7304	189.522	1.60882e-06	0	41.6309	17.9263	38.648	92.8461	138.693	147.267	4.10227e-09	71.6388	25.2428	214.548	0	25.6561	0	145.041	0.000953108	0	862.716	351.527	3.08731e-11	112.091	1.97807e-09	9.38723e-11	0	1.28319e-07	0	1.12049e-08	1.74923e-06	7.77372e-08	3.08665e-07	2.98705e-09	4.37473e-07	2.57766	114.349	1.74797e-11	0	2.00242e-08	1.6182e-09	15.8908	15.3382	14.752	19.784	15.3618	2.46477e-09	1.90796e-08	6.3853e-10	1.11515e-07	2.77027	0	1.13634e-06	0	1.95025e-07	1.1041e-07	0	113.896	0	0	0	1.21799e-08	0	2.2742e-08	0	15.4064	0.471965	
0.44	6.4271	14.244	5.89244e-09	1.59184e-08	1.49845e-09	7.19617	0	1.25802	3.09276e-09	0	71.5739	125.258	11.7948	45.2941	180.738	0.00231401	0.000665079	43.3098	17.9151	35.7836	90.5723	132.426	137.679	1.13002e-08	69.8558	27.0187	221.239	8.12392e-08	25.1623	0	154.749	0.00713329	0.102749	889.01	350.67	4.07013e-10	108.726	1.95295e-09	7.63328e-11	0	1.43901e-07	0	1.08455e-07	1.19872e-06	2.28468e-06	3.67867e-07	3.42693e-10	5.71188e-07	2.44606	112.068	1.21103e-11	0	1.90752e-08	2.06531e-09	12.2838	27.5876	10.92	26.4393	12.1965	5.35404e-10	1.33169e-08	2.86014e-10	1.13833e-07	1.89622	1.64399e-06	5.30711e-07	0	1.74625e-06	1.68585e-07	1.74522e-07	95.7453	0	0	0	1.1965e-08	0	3.29627e-06	0	2.09815	0.00186872	
0.445	6.95058	14.1297	0	1.56992e-08	7.58327e-10	7.15046	0	1.23443	9.52962e-10	0	70.5868	124.234	11.8888	48.2079	171.191	0.00295079	0.0167517	44.3042	17.8041	33.5882	88.1202	126.463	128.835	0.041081	68.1281	28.8192	228.073	0	24.7793	0	160.481	0	0.219614	913.788	349.788	1.10358e-09	105.503	1.92737e-09	5.88515e-11	0	1.55432e-07	0	0	7.60213e-07	0	4.26842e-07	1.00391e-09	7.29812e-07	2.34875	110.018	8.45087e-12	0	1.81606e-08	2.44793e-09	8.64356	39.6751	8.1035	31.7523	10.0288	4.28036e-06	8.4362e-09	9.49795e-11	1.14375e-07	1.31011	0	1.86677e-07	1.75549e-06	1.98536e-07	2.06554e-07	1.77797e-05	87.7749	0	0	0	1.12939e-08	0	2.44023e-05	0	0	0	
0.45	7.21405	13.9709	0	1.53219e-08	0	7.08064	0.000522776	1.21248	2.56725e-10	0	69.6343	123.266	11.9951	51.3388	165.461	0	0	44.8811	17.7557	32.0947	85.7357	120.927	120.791	2.11933	66.3373	30.6566	235.046	0	24.4717	1.21887e-05	164.311	0	0.204055	937.911	348.891	4.73503e-08	102.454	1.90218e-09	4.24882e-11	0	1.6433e-07	0.00429692	1.14241e-09	4.75377e-07	2.40094e-08	4.87726e-07	4.53352e-09	9.08108e-07	2.27992	108.184	5.92173e-12	8.85966e-07	1.72788e-08	2.77618e-09	6.517	50.8313	6.15237	34.1289	8.67761	0	4.55882e-09	4.22644e-06	1.13136e-07	0.94564	0	6.33614e-06	1.37239e-05	1.9944e-07	2.33313e-07	0.000218664	87.8778	0	0	0	1.0422e-08	0	0	2.80395e-06	0	0.00364343	
0.455	7.05491	13.767	0	1.48153e-08	0	6.983	0.00576617	1.19258	4.62585e-11	0	68.7232	122.383	12.1096	54.6751	158.647	0	0.000667851	45.055	17.6892	31.0072	83.3157	115.747	113.491	1.75647	64.5619	32.5282	242.138	2.0934e-05	24.3821	0	167.25	0	0.143739	962.359	347.982	5.42017e-08	99.6185	1.94021e-09	2.65698e-11	0	1.71364e-07	0.00207323	0	2.57868e-07	0	5.51866e-07	0	1.07529e-06	2.23459	106.549	4.50161e-12	0	1.64306e-08	3.09424e-09	5.2901	60.0878	4.82182	35.1618	7.78727	1.63725e-07	1.79789e-09	7.35881e-07	1.10181e-07	0.740625	2.89873e-07	0	0	1.41866e-07	2.53596e-07	0.000914626	90.7811	4.72307e-06	0	0	9.3402e-09	0	3.444e-07	3.6862e-06	0	0.0117458	
0.46	6.87313	13.5163	3.88796e-08	1.42088e-08	2.70454e-06	6.86198	0	1.17483	7.6088e-07	0	67.8571	121.588	12.225	58.1578	149.606	0.000941258	0.017592	44.9481	17.6412	30.3361	80.9522	110.981	106.923	1.50095	62.6373	34.4159	249.301	0	24.3187	1.3025e-06	169.316	0.00150377	0.0950501	987.275	347.086	3.32053e-08	97.0075	2.09707e-09	1.34109e-11	0	2.27121e-09	0.000548692	6.2997e-07	1.10326e-07	1.88404e-09	8.9695e-07	6.23445e-06	1.17274e-06	2.20839	105.097	3.89598e-12	2.94373e-08	1.56142e-08	3.42053e-09	4.4786	66.7164	3.9475	36.2393	7.14674	0	2.67219e-10	2.05445e-07	1.05631e-07	0.649711	2.51987e-07	5.07231e-09	6.99461e-06	1.331e-07	2.71118e-07	0	93.4876	0	0	0	8.07603e-09	0	0	1.67433e-06	0.00400224	0	
0.465	6.71009	13.2178	0	1.35315e-08	8.64734e-07	6.71733	0	1.15962	1.79838e-06	0	67.0368	120.865	12.3364	61.8067	141.857	0.00117223	0	44.7385	17.6551	30.0936	78.7302	106.674	101.077	1.55778	60.5563	36.2944	256.468	0	24.2811	0	170.899	0.00101805	0.0673611	1012.42	346.207	2.05732e-08	94.6081	2.0605e-09	1.82966e-12	1.82965e-05	3.0047e-09	0	0	2.54792e-08	9.38379e-10	5.10359e-07	0	1.13038e-06	2.19762	103.812	4.19591e-12	0	1.48301e-08	3.75442e-09	3.93424	70.8651	3.4007	37.7549	6.65026	4.31361e-07	5.89726e-11	1.35664e-07	9.96482e-08	0.64006	3.52687e-07	0	0	1.10905e-07	2.88059e-07	0	95.3819	0	0	0	6.67876e-09	0	0	3.34406e-07	0.0106104	2.83348e-08	
0.47	6.51445	12.8712	1.02095e-06	1.28041e-08	1.91654e-07	6.54769	0	1.14737	1.56427e-06	0	66.2591	120.163	13.8107	68.5598	133.308	0.00351452	0	44.6477	17.8098	30.2838	76.7699	102.882	95.9584	1.60157	58.6195	38.1233	263.533	0	24.4568	2.0983e-08	172.256	0.0037069	0.0544881	1035.41	345.362	8.80086e-09	92.3535	2.04216e-09	0	0	4.12031e-10	0	0	0	1.95144e-09	3.62124e-09	7.14069e-06	9.01028e-07	2.19904	102.676	5.24224e-12	0	1.40775e-08	4.09605e-09	3.56609	64.0396	3.08104	51.0951	6.228	6.0023e-06	1.00885e-09	1.21932e-08	9.24341e-08	0.687233	3.27375e-07	0	2.14924e-07	9.25393e-08	1.57019e-07	0	94.2307	0	25.2286	0	5.23096e-09	0	3.83801e-05	1.16778e-06	0.0484819	0.00915486	
0.475	6.28835	12.4749	0	1.20402e-08	5.90503e-08	6.35137	0.000901893	1.13769	0	0	65.5208	119.433	16.977	78.9933	122.49	0	0.0027578	44.9362	18.2273	31.0716	75.1858	99.6829	91.5948	1.56332	57.0383	39.8717	270.4	0	24.8972	0	173.29	0	0.0494637	1052.88	344.604	1.94965e-09	90.1742	1.92794e-09	0	0	1.13863e-09	0	0	0	2.09659e-08	2.09936e-09	0	5.09393e-07	2.21016	101.675	7.28258e-12	0	1.33553e-08	4.43796e-09	3.29614	46.0543	2.91743	73.2861	5.83583	3.81865e-06	8.16261	4.11809e-09	8.42243e-08	0.773471	3.41253e-07	0	0	7.66526e-08	7.0928e-08	0.00121111	84.8038	0	62.1985	0	3.80984e-09	0	8.74544e-06	0	0	0	
0.48	6.03756	12.0302	1.37139e-08	1.12524e-08	5.382e-08	6.12919	0.0037677	1.13077	3.84251e-08	1.74162e-06	64.8252	118.695	21.1583	91.5993	109.932	0	0.0108041	45.8108	19.0171	32.6348	74.0636	97.1417	88.0139	1.51158	55.9391	41.5489	277.064	0	25.6414	5.50925e-09	173.98	0	0.0477294	1064.23	343.989	1.56798e-09	88.0789	1.76331e-09	0	0	6.28199e-10	0	0	0	2.67931e-08	7.44269e-09	7.9295e-08	1.95365e-07	2.22876	100.79	1.01746e-11	0	1.26632e-08	4.77935e-09	3.0788	29.212	2.86487	89.3381	5.45106	0.926193	9.21628	2.69252	7.52782e-08	0.886334	9.87287e-09	9.61936e-10	1.60314	6.51911e-08	2.11529e-08	0.00116856	70.6873	0	70.4972	0	2.44165e-09	0	5.87775e-07	0	0.003774	0	
0.485	5.76114	11.5369	0	1.04512e-08	4.03611e-08	5.87939	0	1.12612	0	0	64.1794	118.014	25.7246	105.227	95.8348	0.000756222	0	47.4525	20.2695	35.0878	73.4818	95.3213	85.2355	1.46466	55.423	43.1816	283.57	9.67796e-08	26.75	1.17453e-09	174.45	0.000132137	0.046461	1071.41	343.582	2.26865e-09	86.1399	1.59118e-09	0	7.28447e-09	3.58102e-10	0	3.14979e-10	1.04323e-06	3.03974e-08	2.56171e-08	0	1.87941e-07	2.25319	100.008	1.43163e-11	0	1.20009e-08	5.11544e-09	2.89476	19.8267	2.89437	95.0648	5.06427	1.31505	9.17419	4.79189	6.58737e-08	1.01816	1.13331e-08	6.74348e-06	0	5.77866e-08	1.98483e-09	0.000550826	58.3535	0	68.9896	0	2.10205e-09	0	0	0	0.00928036	0.00197303	
0.49	5.45905	10.9958	1.51231e-09	9.64646e-09	2.13132e-08	5.60305	0	1.12343	5.80795e-08	1.94948e-08	63.5877	117.442	30.1236	118.711	80.2664	0.00442842	1.11656e-07	49.9992	22.0492	38.4733	73.5141	94.2773	83.2711	1.41345	55.5366	44.784	289.944	0	28.2598	5.87383e-10	174.866	0.00403906	0.0434966	1076.93	343.43	9.12485e-10	84.4238	1.45637e-09	0	0	1.36413e-10	0	3.70103e-09	0	2.95919e-08	4.34085e-08	9.99576e-09	1.8084e-07	2.28237	99.3129	1.92001e-11	0	1.13676e-08	5.44606e-09	2.73323	15.0355	2.98878	96.3762	4.67166	0.790665	10.1784	3.11657	5.62952e-08	1.16466	4.92342e-09	1.48032e-06	15.904	5.41576e-08	6.96792e-06	0.000194612	56.8496	0	66.7964	0	2.91746e-07	0	3.64772e-05	6.8212e-09	0.0145643	0.00346618	
0.495	5.13282	10.4088	1.08967e-09	8.84692e-09	7.9054e-09	5.29965	0.000232076	1.12246	0	0	63.0501	116.989	33.9944	131.151	63.1934	0	0.0147475	53.5532	24.3955	42.8066	74.208	94.062	82.1413	1.35392	56.2701	46.3508	296.174	0	30.1731	0	175.372	0	0.0372517	1082.31	343.564	6.2166e-06	82.9513	1.3773e-09	0	0	3.48587e-11	0	4.15892e-08	3.83743e-08	2.48496e-08	5.82613e-08	1.41897e-09	2.85335e-08	2.31537	98.6902	2.27594e-11	0	1.07628e-08	5.76702e-09	2.58992	11.3349	3.13632	95.4876	4.27487	0.455092	10.4967	3.04131	4.68218e-08	1.32364	5.02209e-09	6.74016e-08	0	5.40428e-08	0	0	61.2106	9.52262e-06	63.4345	0	4.28375e-10	0	0	0	0	0	
0.5	4.78385	9.77865	1.59537e-09	8.06005e-09	5.62667e-08	4.97064	0.00386608	1.12217	1.5251e-09	1.16869e-09	62.5636	116.643	37.2147	142.181	44.4804	0	0	58.1469	27.2999	48.0654	75.5798	94.7009	81.8579	1.28744	57.5598	47.8717	302.23	0	32.4693	0	175.93	0	0.0265464	1088.17	343.998	2.03324e-08	81.7081	1.0923e-09	0	0	0	0	9.49671e-08	1.00624e-07	1.772e-08	6.34252e-08	8.22097e-06	4.02348e-08	2.35168	98.1261	0	0	1.01854e-08	6.07799e-09	2.46458	9.0422	3.33079	92.6838	3.87612	0.241933	10.3496	3.26753	3.7705e-08	1.49427	2.96074e-09	0	0.374348	5.74138e-08	0	0	66.8084	0	58.3087	0	1.34174e-08	0	4.14661e-07	8.82341e-09	0	0	
0.505	4.4122	9.10631	1.26288e-09	7.2926e-09	1.11373e-07	4.61545	0	1.1221	0	1.4499e-10	62.1255	116.391	39.9464	152.053	25.8715	0.000781008	0.000751932	63.6869	30.659	54.0688	77.5839	96.1759	82.4136	1.21478	59.419	49.3384	308.087	0	35.208	0	176.536	0.000347606	0.0108411	1094.64	344.73	1.25739e-07	80.6738	3.49777e-10	5.04702e-06	0	0	0	3.66056e-08	1.05082e-09	1.05601e-08	5.66137e-08	0	0	2.39109	97.6073	0	0	9.63534e-09	6.37675e-09	2.35646	8.442	3.56597	88.9024	3.47915	0.0354858	10.1334	3.47994	2.91778e-08	1.67651	1.70602e-09	0	0	6.44627e-08	0	0	72.9658	0	52.3321	0	1.54802e-09	0	0	0	0.00044755	0.000241082	
0.51	4.02298	8.39819	1.05739e-09	6.54929e-09	1.74474e-07	4.23876	0	1.12164	9.56523e-10	8.58845e-10	61.7315	116.211	42.3469	161.157	12.3361	0.00402007	0.0116437	69.8952	34.1213	60.061	80.1265	98.351	83.6876	1.13664	62.3033	50.7465	313.724	0	38.8968	0	177.245	0.00296077	0	1101.44	345.767	0	79.8124	1.11684e-05	2.74342e-05	0	2.86344e-06	0	0	0.0436237	5.20602e-09	4.13312e-08	9.00022e-08	1.21683e-08	2.43352	97.1214	0	0	9.11189e-09	6.66164e-09	2.26763	9.5701	3.83936	85.2302	3.08944	0	9.95751	3.74464	2.14533e-08	1.87103	8.13009e-10	0	0.182248	7.55615e-08	0	1.61713e-05	79.1184	0	46.8813	0	1.0071e-08	2.43832e-06	2.40486e-08	1.00292e-08	0.00853701	0.0015487	
0.515	3.61737	7.65887	8.31131e-10	5.83458e-09	2.02944	3.8415	0	1.11991	1.29201e-09	3.17892e-10	61.3779	116.087	44.4181	169.461	5.0823	0	0	76.8943	37.4632	65.2031	83.5031	101.296	85.5879	1.05316	66.7752	52.0927	319.127	0	43.9847	0	178.057	0.000292595	0	1108.25	347.12	4.29029e-09	79.0923	0	0	0	9.80301e-07	0	0	1.23205	2.04803e-09	2.29074e-08	0	1.07586e-06	2.47934	96.6564	0	0	8.61373e-09	6.93065e-09	2.19856	12.0787	4.14667	82.4523	2.71137	0.000179457	9.89384	4.09631	0.275737	2.07872	3.43445e-10	0	0.0478858	9.11763e-08	9.17408e-09	7.07436e-06	85.2782	0	41.8788	0	5.2129e-12	0	0	5.1573e-10	0	0	
0.52	3.19875	8.60559	6.2672e-10	5.1518e-09	3.95897	3.42687	0.000752214	1.11602	1.17298e-09	4.20731e-11	61.0615	116.014	46.1092	176.831	1.64514	0	0.000501579	85.0926	40.695	69.1021	88.0172	105.158	88.0865	0.96505	72.9141	53.3785	324.298	0	50.4302	0	178.847	0	0	1114.98	348.793	0	78.4977	1.21999e-07	0	0	2.87947e-07	0	2.11278e-06	1.91969	5.77243e-10	6.89659e-09	5.18242e-09	1.4934e-08	2.52903	96.2011	0	3.47302e-07	8.14117e-09	7.18252e-09	2.14987	16.2577	4.48378	80.8115	2.35091	0	9.94817	4.4407	1.28068	2.30055	1.05207e-10	0	0.0293598	1.11883e-07	3.19449e-08	0	90.9367	0	38.9474	0	2.28084e-09	0	1.38941e-08	1.19011e-09	0	0	
0.525	2.77206	13.1092	4.32177e-10	4.50433e-09	2.17301	3.06819	0.00301405	1.1096	6.96416e-10	7.77229e-11	60.779	115.989	47.437	183.314	0.0394586	0.0003349	0.0150674	94.4124	43.7497	71.7166	93.4492	109.821	91.0981	0.873259	80.2637	54.6084	329.242	4.34869e-08	57.804	0	179.408	0	0	1121.76	350.76	1.38318e-05	78.016	0	0	0	0	1.39973e-06	0	2.10808	8.53582e-11	1.30983e-06	1.45713e-09	3.906e-08	2.58312	95.7456	1.56029e-11	0	7.69256e-09	7.41696e-09	2.1225	23.4365	4.84578	80.569	2.22956	0.00143496	10.1883	4.78862	1.16239	2.53746	4.70331e-13	0	8.32629e-05	1.38607e-07	1.16501e-11	0	96.0817	0	37.7274	0	1.86116e-08	0	0	8.57128e-10	0.00158375	0.000220199	
0.53	2.34138	19.9811	2.64306e-10	3.89457e-09	1.79883	3.69866	0	1.09978	2.86851e-10	5.59433e-10	60.527	116.007	48.5562	189.289	0.000583113	0.0138902	0	105.269	46.9853	73.7516	100.104	115.485	94.6905	0.778929	88.0539	55.7871	333.976	9.21614e-08	65.3637	0	179.713	0	0	1128.68	352.975	0	77.6326	1.10911e-08	0	0	0	0	3.30151e-08	2.26298	7.00204e-07	2.90135e-09	0	0	2.64259	95.2805	0	6.79185e-09	7.2677e-09	7.6339e-09	2.11601	33.8427	5.22707	81.9518	2.43616	4.20381e-05	10.6646	5.17798	0.755484	2.79025	0	0	0	1.7248e-07	7.6147e-08	0	100.853	0	38.7734	0	6.87411e-09	0	4.54709e-09	1.19075e-09	0.0169437	0.0031542	
0.535	2.73444	27.0644	1.31793e-10	3.32495e-09	1.57177	5.54526	0	1.0859	5.98072e-11	1.43089e-09	60.3013	116.058	49.7294	195.385	0	0	0.00012952	117.957	50.6624	75.7878	107.937	122.134	98.8891	0.683189	95.5912	56.9192	338.509	0	72.5191	0	179.846	0.00122301	0	1135.66	355.388	1.56727e-07	77.3298	5.87463e-09	0	0	0	0	0	2.5072	9.81972e-08	5.45174e-08	5.21922e-09	16.8393	2.70834	94.7978	5.38029e-12	0	6.86561e-09	7.83012e-09	2.12982	48.59	5.62123	84.502	2.67169	1.0685e-05	11.2328	5.48208	0.457352	3.0594	4.62593e-06	0	0	2.14589e-07	6.24336e-08	0	103.126	0	38.7956	0	4.07497e-09	0	0	1.25715e-09	0	0	
0.54	4.27729	33.2321	0	2.79729e-09	1.16022	8.27978	0	1.06764	1.65375e-06	2.62445e-09	60.0977	116.133	51.2872	202.43	0.00236439	0.000983833	0.0273322	131.988	54.5573	77.7368	116.351	129.329	103.561	0.587361	102.465	58.0112	342.859	7.26233e-08	79.022	0	179.875	0.00503059	0	1142.57	357.955	0	77.0872	5.39824e-09	0	0	1.99434e-06	0	1.25669e-09	2.77493	1.04515e-07	8.12865e-08	0	56.2233	2.78157	94.2906	1.5194e-08	0	6.48584e-09	8.00837e-09	2.1632	68.3705	6.02116	87.706	2.61209	0	11.82	5.6382	0.256877	3.3453	1.39013e-06	0	0	3.85408e-06	1.86505e-09	0	99.9687	0	35.9356	0	0	0	2.63625e-09	1.27275e-09	0	0	
0.545	6.64926	38.2347	4.92829e-07	2.31311e-09	0.705712	11.395	0.000665457	1.04457	4.11524e-08	4.04971e-09	59.9124	116.225	53.5256	211.127	0.00106555	0.0166366	0	146.425	58.3048	79.2265	124.754	136.602	108.519	0.492926	108.529	59.0713	347.051	4.32322e-06	84.8334	1.91859e-05	179.83	0	0	1149.35	360.641	8.97428e-09	76.8884	2.58667e-06	0	0	8.17468e-10	0	0	3.01907	8.80494e-08	1.775e-07	0	92.0081	2.8634	93.7532	0	0	6.12736e-09	8.1658e-09	2.21403	91.6974	6.41917	92.1157	2.56599	0	12.7058	5.91931	0.0936033	3.64783	3.22327e-07	0	0	0	1.47504e-09	0	93.8824	0	35.9163	0	4.86308e-09	0	0	1.24542e-09	0.00341609	0.000821862	
0.55	9.34344	42.1851	2.73736e-06	1.87386e-09	0.302468	14.5132	0.00507139	1.01642	5.92602e-08	5.62407e-09	59.7415	116.331	56.6442	221.894	0.000820956	0	0.0017801	160.451	61.6534	79.9699	132.879	143.671	113.601	0.40139	113.804	60.1087	351.111	0	90.0144	3.83172e-06	179.728	0	0	1156.12	363.421	3.05041e-09	76.72	0	0	0	7.6301e-08	6.80582e-08	1.07872e-09	3.241	8.8102e-08	2.39107e-09	5.09956e-08	124.598	2.95517	93.1819	1.49538e-10	2.60127e-11	5.78998e-09	8.30414e-09	2.28016	117.903	6.80703	98.1242	2.87583	0	13.9556	6.4563	0	3.9665	0	0	9.80036e-05	0	8.5866e-10	0	88.0123	0	40.0474	0	0	0	0	1.21765e-09	0.016329	0.00353521	
0.555	12.0338	45.233	0	1.47987e-09	0	17.4162	0	0.982824	1.26078e-08	5.59947e-09	59.5829	116.456	60.7425	234.871	0	0.00119273	0.0235791	173.587	64.5399	79.8794	140.653	150.43	118.694	0.31417	118.411	61.137	355.073	5.42016e-08	94.6918	5.09825e-07	179.574	0.000435694	0.000450009	1163.33	366.275	1.40175e-05	76.5869	2.95805e-08	0	0	1.29278e-07	1.16643e-07	7.10103e-10	3.45055	8.24507e-08	5.00729e-08	0	154.073	3.05806	92.574	0	1.25266e-11	5.47201e-09	8.42243e-09	2.3587	147.193	7.17621	105.471	3.61159	1.68436e-06	15.4665	7.19902	0	4.30045	0	0	6.38558e-05	3.54111e-08	1.16366e-09	0	82.7063	6.32452e-08	48.2667	0	7.11553e-09	0	4.42916e-06	1.1936e-09	0	0	
0.56	14.5748	47.541	0	1.13245e-09	0	20.006	0	0.944163	2.18084e-08	6.81983e-09	59.4346	116.61	65.7752	249.995	0	0.0185651	0	185.695	66.9724	78.9795	148.122	156.871	123.701	0.329633	122.533	62.1681	358.973	0	99.0327	0	179.373	0.00252087	0	1171.63	369.177	0	76.5	0	0	0	2.78434e-07	1.47542e-07	7.56097e-10	3.64691	7.69844e-08	8.24964e-08	4.29011e-08	176.762	3.17318	91.929	0	0	5.17295e-09	8.5197e-09	2.44677	172.17	7.51862	114.175	5.25743	1.87182e-06	17.3995	8.35586	0	4.64815	1.61754e-06	0	2.7345e-05	1.9466e-08	9.73681e-10	0	77.7784	29.8665	45.1251	0	5.24033e-10	0	0	1.17198e-09	0	0	
0.565	16.9456	49.3194	2.93457e-06	8.32053e-10	0	22.3198	0.000549783	0.900366	1.70617e-08	7.98621e-09	59.2946	116.798	71.562	266.886	0.000330534	0	0.00127117	196.817	68.9403	77.2409	155.341	162.989	128.507	0.574436	126.408	63.2141	362.846	2.39071e-08	103.259	0	179.131	0.00316795	0	1181.67	372.104	1.57328e-07	76.4673	8.51155e-09	0	0	4.43224e-07	1.69839e-07	8.43735e-10	3.82368	7.07367e-08	4.22093e-08	1.03403e-06	188.62	3.30136	91.2478	0	0	4.89253e-09	8.5987e-09	2.54064	194.465	7.82523	123.659	7.92537	9.72549e-07	19.5584	9.85295	0	5.00746	1.85001e-08	1.72264e-06	6.58755e-07	0	7.81039e-10	0	73.587	79.2674	32.7744	0	2.29301e-09	0	3.13605e-08	1.15183e-09	0.00372124	0.000905468	
0.57	19.2004	50.8143	1.9062e-06	5.78582e-10	0.00111372	24.4557	0.00380908	0.851722	1.43363e-08	9.12476e-09	59.1609	117.025	77.8175	284.95	0.00115366	0.00102324	0.0171463	207.182	70.4755	74.656	162.468	168.853	133.02	1.10868	130.312	64.2855	366.724	0	107.632	0	178.855	0	0.13178	1194.05	375.037	0	76.4945	9.74892e-09	0	0	6.33355e-07	1.85806e-07	1.00214e-09	3.97617	6.42289e-08	1.01206e-09	3.86263e-07	194.662	3.44335	90.5329	0	0	4.6293e-09	8.65699e-09	2.63714	219.812	8.08986	132.465	10.7644	2.16779e-07	21.4504	11.252	0.000779359	5.3763	8.39623e-08	0	0	0	5.58877e-10	6.49093e-07	70.2243	124.7	21.9169	0	4.3715e-10	0	0	1.1322e-09	0.00590003	0.00133381	
0.575	21.4421	52.2789	9.48261e-07	3.72567e-10	0.000365637	26.5565	0	0.79866	1.09455e-08	2.09222e-08	59.0309	117.29	84.1907	303.574	0.00150604	0.022253	0	217.096	71.5976	71.2056	169.595	174.501	137.156	1.86284	134.513	65.3902	370.634	6.42737e-08	112.424	0	178.549	0	0.073971	1209.13	377.962	9.90509e-09	76.5794	1.25112e-08	2.49564e-07	0	8.34926e-07	1.96955e-07	1.14505e-09	4.10048	5.73827e-08	4.52717e-08	2.67716e-05	199.584	3.59919	89.7888	0	8.78655e-07	4.38341e-09	8.69714e-09	2.73238	245.019	8.30352	140.01	13.3762	1.74732e-08	23.089	12.4985	0	5.75113	1.76448e-07	7.01682e-08	0	7.84958e-06	3.56549e-10	1.35677e-05	68.3572	170.778	15.4331	0	1.72169e-09	0	1.82485e-05	1.11191e-09	0.010272	0.00254384	
0.58	23.8207	53.961	1.74071e-07	2.13919e-10	0.000161919	28.7913	0	0.741785	8.33313e-09	0	58.9018	117.587	90.3346	322.119	0	0	0	226.815	72.2787	66.8093	176.731	179.914	140.825	2.7344	139.235	66.5321	374.594	2.42495e-06	117.905	0	178.219	0.000763551	0	1227.08	380.861	5.14185e-09	76.7151	4.92285e-07	0	0	1.02637e-06	2.03879e-07	1.4865e-08	4.19354	5.01886e-08	1.93275e-06	0.000162087	204.577	3.76872	89.0212	2.19907e-08	0	4.15266e-09	8.71818e-09	2.82261	268.446	8.45989	146.192	15.7451	1.53935e-08	24.5227	13.6184	0	6.12874	3.56056e-07	0	0	0	1.83645e-10	0	67.0044	214.459	11.9711	0	2.43581e-09	0	2.06799e-05	1.09169e-09	0	0	
0.585	26.4522	56.0725	1.06612e-07	1.02498e-10	0	31.2889	0	0.681878	6.18825e-09	2.25713e-06	58.7733	117.92	95.9837	340.114	0	0.00130185	0.0273807	236.553	72.5135	61.4187	183.838	185.062	143.954	3.66338	144.64	67.7217	378.629	2.35909e-06	124.271	0	177.867	0.00583258	0	1247.99	383.713	1.77831e-08	76.8971	9.9914e-07	4.27559e-07	0	1.1734e-06	2.06925e-07	9.53906e-08	4.25246	4.2671e-08	7.0628e-08	0	209.422	3.95105	88.2374	0	2.6631e-09	3.93791e-09	8.72118e-09	2.90444	288.277	8.55328	150.909	17.8469	5.72689e-08	25.597	14.573	0	6.5053	5.42958e-07	1.84891e-08	6.28514e-06	2.57439e-07	6.35573e-11	0	65.3671	258.996	9.98633	0	6.26185e-11	0	1.7591e-07	1.0722e-09	0	0	
0.59	29.417	58.7767	1.02309e-07	3.7834e-11	0	34.1222	0.000303009	0.619396	4.4976e-09	0	58.6449	118.288	100.983	357.15	0	0.024533	0	246.548	72.4108	55.1039	190.913	189.934	146.55	4.6176	150.813	68.9658	382.757	0	131.63	0	177.499	0	0	1272.01	386.488	2.42598e-08	77.1381	1.04977e-06	0	0	1.23533e-06	2.06308e-07	6.33119e-08	4.2745	3.4986e-08	4.1861e-08	0	213.423	4.14477	87.4456	2.83211e-06	0	3.73706e-09	8.70668e-09	2.97465	302.947	8.57875	153.981	19.626	8.81756e-08	26.2187	15.3092	0	6.8764	7.45661e-07	0	0	0	0	0	63.5001	305.168	8.799	0	3.74945e-07	2.35728e-06	8.24484e-08	1.05209e-09	6.10142e-05	0.000757942	
0.595	32.7705	62.2025	1.04955e-07	0	0	37.3466	0.00760629	0.555385	3.17822e-09	2.96065e-08	58.516	118.691	105.219	372.883	0.000887992	0	0.000558549	257.048	72.1508	48.0083	197.886	194.52	148.639	5.57811	157.826	70.264	386.982	0	139.993	0	177.122	0	0	1299.1	389.151	3.19996e-08	77.4487	8.73214e-07	3.13057e-07	0	1.17082e-06	2.02234e-07	2.56484e-09	4.25737	2.73884e-08	0	0.000103428	215.909	4.3478	86.6548	0	0	3.55046e-09	8.67625e-09	3.0305	311.122	8.53201	155.168	21.0089	1.05167e-07	26.383	15.8244	0	7.23749	9.77946e-07	2.20037e-10	1.49719e-07	1.51915e-07	1.76859e-09	0	61.4009	353.603	8.21363	0	0	0	0	1.03286e-09	0.0199894	0.00366901	
0.6	36.5525	66.4638	1.01569e-07	8.68212e-09	0	40.9986	0	0.490705	2.18673e-09	0	58.3978	119.128	108.608	387.052	0.00571121	0.00217662	0.0454999	268.154	71.8898	40.2677	204.582	198.729	150.212	6.53171	165.794	71.6429	391.326	0	149.291	0	176.745	0.000523707	0.000843598	1329.23	391.671	0	77.8273	1.09513e-07	3.51723e-07	0	9.54575e-07	1.94943e-07	4.19895e-08	4.19982	2.02023e-08	2.37616e-08	0.000376705	216.845	4.55785	85.8748	3.013e-08	0	3.37625e-09	8.62907e-09	3.06869	313.087	8.41048	154.198	21.8533	1.14641e-07	26.0091	15.9951	1.54984e-06	7.58379	1.2517e-06	0	0	0	0	0	59.4685	403.307	8.0628	0	4.15153e-09	0	1.07619e-08	1.01315e-09	0	0	
0.605	40.8542	71.6837	9.7562e-08	0	6.06143e-08	45.1507	0	0.425992	1.47352e-09	1.44124e-09	58.2767	119.593	111.146	399.455	0	0.00818654	0	279.724	71.8598	32.2994	210.789	202.469	151.328	7.4668	174.874	73.0639	395.754	2.75819e-08	159.45	0	176.393	0.00235173	0.0010629	1362.18	394.02	0	78.2681	1.19897e-08	9.3745e-07	0	6.04076e-07	1.8474e-07	0	4.10052	1.378e-08	5.45238e-08	0	215.144	4.7717	85.1154	0	1.29168e-09	3.21442e-09	8.56707e-09	3.08749	306.356	8.21183	151.081	22.2487	1.20934e-07	25.1472	15.857	1.17409e-06	7.91065	1.55267e-06	1.09944e-07	1.12571e-07	3.4967e-09	3.3832e-09	2.95065e-09	57.3708	456.077	8.17509	0	0	0	0	9.94034e-10	0.00137576	0	
0.61	45.7257	77.9862	9.34227e-08	1.42209e-08	7.88729e-07	49.8478	3.34657e-06	0.362426	9.83578e-10	0	58.1449	120.083	112.789	409.794	0	0	0	291.547	72.2819	24.4439	216.302	205.636	152.029	8.36695	185.206	74.5028	400.229	8.61942e-09	170.295	0	176.063	0.00745005	0	1397.57	396.173	3.77632e-06	78.7689	3.28268e-09	1.99475e-06	0	2.14724e-07	1.72001e-07	4.00771e-09	3.9597	8.44856e-09	8.36325e-08	0	210.105	4.98636	84.3862	0	0	3.06378e-09	8.49062e-09	3.08513	292.679	7.93678	145.82	22.2361	1.25255e-07	23.8343	15.4411	4.67615e-07	8.21368	1.82175e-06	4.85001e-08	0	0	9.45866e-10	0	55.1264	509.671	8.4376	0	5.4321e-09	0	0	9.74875e-10	0.0160545	0	
0.615	51.1256	85.4569	8.93585e-08	0	4.7595e-07	55.0431	0.00916104	0.300407	6.61993e-10	8.55046e-10	58.0091	120.59	113.497	417.808	0.00152318	0	0.00633206	303.409	73.3525	17.0596	220.932	208.139	152.327	9.19808	196.817	75.9632	404.729	7.69123e-09	181.543	0	175.753	0	0.112992	1435.08	398.107	4.80309e-09	79.3273	5.09697e-09	3.83068e-06	0	1.55474e-07	1.57162e-07	0	3.77794	4.4799e-09	1.22663e-07	9.79056e-05	202.29	5.19822	83.6969	0	8.50176e-06	2.92362e-09	8.40114e-09	3.06021	273.036	7.58569	138.295	21.712	1.27496e-07	22.0839	14.7187	6.41641e-08	8.48841	1.95381e-06	1.34714e-09	1.95292e-07	1.94803e-09	1.62162e-09	0	53.388	562.906	8.78653	0	5.55126e-09	0	0	9.55796e-10	0	0.000962447	
0.62	56.9224	94.0917	8.50484e-08	4.54438e-10	1.81883e-07	60.608	0	0.240865	4.58807e-10	2.14783e-10	57.8751	121.11	113.328	423.456	0.00584253	0.0180358	0.00766051	314.968	75.2093	10.5767	224.449	209.854	152.218	9.91282	209.524	77.4361	409.216	2.33711e-08	192.9	0	175.469	0	0.693429	1474.23	399.802	4.0203e-08	79.9439	2.54731e-09	6.75529e-06	0	1.49576e-07	1.40721e-07	1.17589e-08	3.55664	1.97505e-09	3.71451e-07	0.000103142	192.393	5.40406	83.0562	1.62024e-07	1.03678e-05	2.79347e-09	8.29851e-09	3.01191	249.563	7.16124	128.591	20.6384	1.27348e-07	19.9979	13.7081	0	8.73099	1.83051e-06	0.248336	0	2.80239e-09	1.91666e-09	0	52.7016	614.7	9.18004	0	0	0	0	9.36813e-10	0	0.0020587	
0.625	62.8893	103.802	8.02704e-08	1.30429e-10	6.7845e-08	66.3183	0	0.184303	3.32854e-10	1.02063e-06	57.7472	121.64	112.465	427.091	0	0	0.00468539	325.584	77.7698	5.86354	226.513	210.573	151.641	10.4617	222.893	78.9006	413.635	0	204.101	1.10963e-05	175.216	0	0.669038	1514.42	401.241	0	80.6244	5.30238e-10	1.1168e-05	0	1.4693e-07	1.23213e-07	7.01704e-09	3.29824	4.60001e-08	4.87051e-07	6.66249e-05	181.425	5.60048	82.4724	0	3.0847e-07	2.67189e-09	8.18316e-09	2.93974	224.203	6.66713	117.109	19.1102	1.24685e-07	17.7337	12.4957	0	8.93808	1.38535e-06	6.68525	0	2.79972e-09	2.27692e-09	0	52.6923	662.941	9.58356	0	1.12171e-08	0	4.06127e-08	1.59333e-09	0.00339524	0	
0.63	68.7261	114.367	7.48797e-08	9.60001e-10	5.58817e-08	71.8607	0.000813096	0.131067	2.53896e-10	0	57.6278	122.172	111.158	429.226	0	2.93323e-06	0.00023938	334.421	80.8022	2.96749	226.796	210.075	150.504	10.7926	236.403	80.3269	417.909	0	214.974	0	174.998	0.0116168	0.351464	1554.8	402.406	1.8786e-09	81.3698	2.97499e-09	1.74648e-05	0	1.41969e-07	1.05198e-07	5.34602e-09	3.00574	2.74316e-08	5.61939e-07	0	170.307	5.78487	81.953	1.57337e-09	4.58476e-08	2.55661e-09	8.05821e-09	2.84411	198.499	6.10835	104.577	17.3305	1.19571e-07	15.4657	11.2036	0	9.10665	6.94559e-07	9.23452	0	1.87335e-09	2.38496e-09	0	53.8014	706.845	9.96725	0	0	0	0	9.69983e-10	0.00846704	0	
0.635	74.0102	125.497	6.88234e-08	1.424e-09	7.21596e-08	76.8112	0.0121425	0.0815302	2.07265e-10	0	57.5184	122.699	109.629	430.392	0.000268733	0.0405841	0.0463746	340.668	84.0924	1.3096	225.135	208.26	148.758	10.8378	249.626	81.6767	421.949	0	225.496	1.22453e-07	174.812	0	0.0874547	1594.22	403.285	3.86913e-10	82.1824	1.70117e-11	2.60325e-05	0	1.36435e-07	8.72409e-08	2.0489e-07	2.68348	0	8.12879e-07	0	159.363	5.95471	81.5046	0	0	2.44661e-09	7.92136e-09	2.7256	173.905	5.49206	91.9594	15.5635	1.12208e-07	13.3731	9.97205	0.764372	9.23466	3.53159e-07	8.80415	0	9.34926e-10	2.31362e-09	0	56.0416	741.533	13.3179	0	0	0	2.79744e-05	3.07584e-09	0	0.000327872	
0.64	78.2742	136.971	6.21349e-08	1.84962e-09	8.6849e-08	80.6735	0	0.0356978	1.86806e-10	0	57.4218	123.216	108.061	431.092	0.00668689	0	0	343.62	87.4534	0.38866	221.505	205.103	146.424	10.5183	262.193	82.9095	425.656	0	235.707	0	174.659	0	0	1631.32	403.868	1.66001e-09	83.0683	3.86907e-09	3.72555e-05	0	1.30622e-07	6.9891e-08	9.97162e-07	2.33584	5.10968e-08	1.72608e-06	0	148.673	6.10859	81.1332	0	3.71645e-09	2.34004e-09	7.77637e-09	2.585	152.698	4.82559	80.2466	14.0405	1.02889e-07	11.5892	8.9165	2.189	9.32062	3.37984e-07	7.89554	1.02643e-05	2.85921e-10	2.0967e-09	0	59.5703	763.206	20.8271	0	0	4.58553e-07	0	6.4577e-09	0	0.00113974	
0.645	81.12	148.808	5.49341e-08	2.24308e-09	9.51798e-08	82.9878	0	0	1.92111e-10	0	57.341	123.725	106.606	431.697	0	0.00350141	0.00304708	342.738	90.6416	0	215.964	200.652	143.526	9.76878	273.869	83.9791	428.917	2.87206e-08	245.614	0	174.533	5.98915e-05	0	1664.54	404.148	5.65526e-10	84.0428	1.52393e-09	0	0	1.24612e-07	5.3638e-08	1.46119e-06	1.96861	8.49474e-08	0	0	139.104	6.2455	80.8444	1.6382e-08	0	2.23701e-09	7.62195e-09	5.94059	134.072	4.11775	70.2765	12.9073	9.19856e-08	10.2024	8.11581	3.0176	9.36382	3.26369e-07	7.25858	1.49415e-06	2.64641e-05	1.7911e-09	0	64.6576	772.497	30.7404	0	1.23314e-08	5.95618e-07	3.03376e-07	1.99405e-07	0.000907106	0	
0.65	82.2477	161.306	4.74006e-08	2.67135e-09	9.94161e-08	83.3886	0.00100251	0	2.27932e-10	0	57.2828	124.23	105.345	432.402	0.000213194	0.0354052	0.0450776	337.679	93.3884	0	208.697	195.017	140.119	8.54382	284.525	84.8433	431.622	4.67786e-06	255.164	9.08659e-10	174.427	0.0146018	0	1692.27	404.121	1.48431e-10	85.127	0	0	0	1.18321e-07	3.89258e-08	1.99745e-06	1.58806	9.1432e-08	2.918e-08	0	131.72	6.36557	80.6431	0	0	2.13494e-09	7.46119e-09	17.5017	114.16	3.37903	62.6512	12.1864	7.99247e-08	9.24017	7.60256	3.51504	9.36421	3.14988e-07	6.68503	6.73428e-07	2.59984e-06	1.44471e-09	0	70.7201	771.911	40.9453	0	0	2.65601e-07	0	2.35605e-09	0.0106074	0	
0.655	81.4729	174.674	3.9781e-08	3.13988e-09	1.01586e-07	81.6246	0.0176952	0	3.08969e-10	0	57.2561	124.743	104.343	433.4	0.0102598	0	0	328.387	95.4843	0	200.04	188.396	136.279	6.82247	294.057	85.4603	433.657	0	264.217	4.26688e-09	174.334	0	0	1712.93	403.788	0	86.3586	0	0	0	1.11706e-07	2.61464e-08	0	1.20141	8.37976e-08	0	0	127.213	6.46955	80.5345	2.64449e-08	0	2.03454e-09	7.29216e-09	36.1894	94.0091	2.62092	57.7177	11.911	6.7184e-08	8.73564	7.40989	3.98497	9.32258	3.0071e-07	5.96008	0	0	1.09883e-09	0	77.4255	763.372	49.1281	0	1.26873e-08	5.51063e-08	1.66878e-08	7.58808e-09	0	0.00014597	
0.66	78.7666	188.818	3.23418e-08	3.64747e-09	1.02354e-07	77.6014	0	0	4.75838e-10	0	57.2702	125.288	103.612	434.619	0	0.00170107	0.00205555	315.214	96.8061	0	190.443	181.065	132.112	5.06048	302.413	85.7865	434.906	5.48785e-06	272.606	1.0143e-09	174.248	0	0	1725.15	403.155	2.12527e-08	87.7878	1.31792e-08	1.19079e-07	0	1.04759e-07	1.56048e-08	0	0.817678	4.63893e-08	2.87657e-08	0	125.779	6.55915	80.5232	0	0	1.93406e-09	7.11789e-09	59.5545	76.2637	1.85659	55.5498	12.1605	5.4273e-08	8.69485	7.57751	4.53581	9.24039	2.86075e-07	5.06009	5.80914e-08	8.0422e-06	7.85176e-10	0	85.0971	747.601	53.7356	0	0	0	2.0443e-09	2.04193e-08	0	0.00136903	
0.665	73.9043	203.199	2.53402e-08	4.19101e-09	3.06997	71.0138	0	0	8.42471e-10	0	57.3359	125.888	103.055	435.591	0.00111173	0.0398159	0.0449551	299.024	97.4576	0.0017955	180.47	173.405	127.784	3.703	309.597	85.7794	435.249	2.21247e-05	280.16	0	174.16	0.00188017	0	1727.58	402.235	0	89.4758	0	1.12869e-07	0	9.74976e-08	7.56198e-09	0	0.44908	0	3.46977e-09	0	127.288	6.63694	80.6148	0	0	1.83335e-09	6.93745e-09	86.8009	61.5503	1.10373	55.9263	12.9709	4.17158e-08	9.0889	8.11352	5.1998	9.11942	2.71075e-07	4.04265	7.87167e-07	1.39959e-07	5.24014e-10	0	93.8367	725.336	53.8238	0	5.00823e-10	0	1.0954e-08	8.45845e-10	0.00200967	0.000332426	
0.67	67.5375	217.404	1.89973e-08	4.76792e-09	6.31937	62.5396	0.00233144	0	1.64964e-09	3.08365e-06	57.4641	126.569	102.492	435.707	0.00547987	0	0	280.726	97.4903	0	170.554	165.71	123.424	2.81657	315.739	85.3973	434.568	1.04098e-05	286.908	0	174.058	0.00913777	0	1719.06	401.045	3.46508e-08	91.4871	6.58689e-08	4.73474e-09	0	8.99591e-08	2.28195e-09	1.04321e-08	0.118569	1.46974e-08	1.50829e-08	0	131.518	6.70603	80.8143	0	0	1.73251e-09	6.75307e-09	116.824	48.5182	0.394101	58.4542	14.2653	1.68802	9.87546	8.97803	5.98362	8.96228	2.5571e-07	2.96308	1.60038e-06	0	3.24221e-10	0	103.603	697.932	49.3704	0	2.10279e-10	0	3.41688e-05	8.08808e-10	0.0117059	0	
0.675	61.5699	231.695	1.34768e-08	5.37731e-09	5.26227	54.3265	0.00878505	0	3.33081e-09	0	57.6654	127.352	101.724	434.307	0	0.00221337	0.00131645	261.141	96.7848	0	160.951	158.156	119.094	2.27859	321.072	84.6021	432.746	0	293.177	0	173.927	0	0	1698.75	399.606	0	93.8897	0	0	0	8.21965e-08	3.15371e-11	8.53299e-09	0	2.10893e-08	3.04353e-06	0	137.914	6.76978	81.1273	0	0	1.63094e-09	6.56419e-09	146.899	40.0672	0	62.7164	16.0094	3.0235	11.0107	10.1543	6.91864	8.77178	2.39855e-07	1.87143	1.75727e-06	0	1.85836e-10	0	114.372	665.917	39.1995	0	1.13955e-09	6.71147e-09	0	6.05657e-11	0	0	
0.68	56.0079	246.145	8.88318e-09	6.01792e-09	5.90287	46.4425	0	0	6.49289e-09	3.8336e-08	57.9519	128.258	100.581	430.754	0	0.0313137	0.0414226	241.321	95.5576	0	152.1	151.002	114.919	1.96647	325.763	83.3619	429.675	1.24318e-06	299.132	3.80099e-09	173.756	0	0	1666	397.946	2.2774e-10	96.7535	0	0	0	7.42915e-08	7.98414e-10	2.30234e-09	0	3.41924e-10	0	0	145.886	6.83216	81.5597	0	9.81296e-06	1.5285e-09	6.37321e-09	179.46	33.0895	0	68.2247	18.1673	3.46323	12.4134	11.5968	8.02144	8.55102	2.23485e-07	0.840973	1.14444e-06	1.57668e-05	1.01175e-10	0	126.113	626.458	27.0144	0	2.49612e-09	1.23991e-08	3.72811e-07	3.82541e-11	0	0	
0.685	50.6038	260.586	5.26307e-09	1.63045e-08	6.5997	38.6644	0	0.000343037	1.17536e-08	0	58.3336	129.302	98.9262	424.542	0.000400958	0	0	222.473	94.1696	0	144.191	144.498	111.048	1.79915	329.893	81.6505	425.254	3.04125e-06	304.771	0	173.534	9.94516e-05	0	1620.58	396.099	0	100.146	0	0	2.17978e-10	6.63307e-08	4.2307e-09	0	0	7.19627e-10	3.78282e-08	0	154.509	6.8968	82.1167	0	0	1.4258e-09	6.17873e-09	216.364	22.9826	0	74.3669	20.5115	4.64349	13.9316	13.1602	9.21271	8.30338	2.06627e-07	0.0448876	2.72603e-07	0	5.65841e-11	0	137.472	576.783	17.5499	0	5.41328e-09	1.66571e-08	0	0	0.00147028	0.00770117	
0.69	45.7936	274.898	2.61619e-09	1.74395e-08	6.99952	31.5564	0.000160035	0	1.95475e-08	2.50493e-07	58.8187	130.485	96.6576	415.222	0.00828024	0.00182591	0.00105189	205.685	92.8372	0	137.277	138.717	107.551	1.72085	333.527	79.4493	419.387	2.25514e-06	310.105	0	173.248	0.0149425	0	1562.52	394.102	2.56269e-09	104.12	2.77623e-10	0	0	5.84094e-08	1.05008e-08	6.21353e-09	0.0013302	1.0607e-09	0	0	163.046	6.96751	82.8034	0	1.36697e-05	1.3226e-09	5.98198e-09	252.363	13.0203	0.00244005	80.573	22.7984	6.17819	15.4375	14.7147	10.3915	8.03197	1.89353e-07	0	1.52371e-09	2.76105e-07	0	0	147.413	516.031	12.0577	0	6.45324e-10	2.10134e-08	2.15599e-08	0	0.0417667	0	
0.695	41.8196	288.929	1.2015e-09	1.89279e-08	7.30441	25.4184	0.0129649	0.374801	5.57317e-07	7.05024e-09	59.4111	131.793	93.6962	402.584	0	0.0220884	0.0407613	191.888	91.651	6.31451e-07	131.347	133.635	104.449	1.6906	336.67	76.7498	411.995	5.05443e-07	315.108	0	172.884	0	0.112294	1492.55	391.995	2.57576e-08	108.714	6.51713e-10	1.9916e-10	0	5.0639e-08	1.97999e-08	3.09442e-08	0.000178891	2.15745e-09	2.34571e-09	1.14579e-07	171.243	7.04674	83.6235	0	0	1.21968e-09	5.78463e-09	282.296	6.50526	0.000659736	86.2634	24.8415	7.65411	16.7851	16.139	11.4796	7.74033	1.7177e-07	0	1.11706e-07	0	4.33976e-06	0	155.775	447.13	9.15542	0	5.0973e-08	2.59327e-08	2.82522e-07	0	0	0	
0.7	38.5311	302.361	4.86071e-10	2.0334e-08	7.56946	20.0557	0	0.286822	0	9.01394e-09	60.1084	133.197	89.9547	386.479	0.000807603	0	0	181.476	90.6216	0.36745	126.292	129.181	101.711	1.68132	339.243	73.5538	403.022	0	319.624	0	172.431	0	0.21722	1411.47	389.819	3.05649e-09	113.949	9.13211e-10	4.85671e-11	0	4.31413e-08	3.23356e-08	5.27916e-08	6.2451e-05	3.3745e-09	2.78644e-10	0	178.44	7.1368	84.5795	0	2.44318e-07	1.1171e-09	5.5859e-09	303.178	2.94522	0.000900077	90.9337	26.5663	9.10575	17.8562	17.3476	12.44	7.43138	1.54016e-07	0.00186461	3.14849e-06	2.04638e-06	4.53809e-07	0	162.412	375.48	7.33297	0	0	3.14049e-08	1.17931e-08	0	0.00443028	0.00170032	
0.705	35.5066	314.701	8.80552e-11	2.15051e-08	7.76	15.7721	0	0	7.09886e-09	9.18467e-10	60.9074	134.665	85.3804	366.99	0.00309633	1.21295e-07	0.000981019	174.209	89.6892	1.77264	121.971	125.254	99.2753	1.67564	341.074	69.8913	392.432	0	323.351	8.92895e-08	171.872	0.00177486	0.275085	1320.22	387.618	3.31198e-10	119.83	3.31979e-09	0	8.79037e-08	3.60458e-08	4.83172e-08	3.71488e-08	0	4.79019e-09	1.63106e-09	2.80702e-08	184.621	7.23878	85.6711	1.61051e-08	9.93153e-06	1.01601e-09	5.38692e-09	315.995	0.9852	0	93.9863	27.8249	10.4569	18.4872	18.2041	13.197	7.10814	1.36267e-07	0.00100734	4.03108e-08	0	0	0	167.538	304.483	5.93602	0	8.44853e-09	3.73346e-08	6.34301e-09	5.11322e-08	0.0167938	0.00330682	
0.71	32.4335	325.401	3.89158e-12	2.23229e-08	7.87033	12.7453	0.00161122	0	0	2.72976e-10	61.7994	136.152	79.9816	344.299	0.00186534	0.0396356	0.0408967	169.459	88.7702	2.05788	118.244	121.761	97.0512	1.66279	341.947	65.8207	380.237	0	325.937	0	171.194	0.014889	0.289103	1219.93	385.434	4.20136e-10	126.351	3.33472e-09	0	0	2.94829e-08	6.79561e-08	2.80202e-08	0	6.24561e-09	6.42237e-10	0	189.333	7.35232	86.8961	0	0	9.16462e-10	5.18789e-09	320.295	0	0	94.92	28.4302	11.4802	18.5795	18.5933	13.6593	6.7731	1.18733e-07	0.000380928	3.42931e-08	4.28287e-06	0	0	170.958	236.797	4.77781	0	0	4.36636e-08	0	0	0.0102031	0.00775191	
0.715	29.8027	334.133	2.30202e-10	2.27774e-08	7.90227	10.7295	0.0122463	0	0	3.26306e-12	62.7757	137.616	73.8468	318.731	5.49265e-05	0	0	166.451	87.6536	2.08669	114.9	118.526	94.9078	1.63611	341.635	61.3988	366.499	7.83374e-06	327.098	0	170.383	0	0.267413	1112.87	383.304	2.35556e-10	133.51	3.42505e-09	0	8.55349e-08	2.3562e-08	9.14686e-08	1.88376e-08	0	7.62052e-09	3.09749e-10	0	191.785	7.47608	88.2482	1.65089e-10	1.05392e-07	8.19907e-10	4.98976e-09	314.832	0.000357309	0.000124915	93.525	28.3196	12.0858	18.1362	18.4957	13.7877	6.42873	1.01658e-07	0	0	0	0	0	172.63	175.528	3.7715	0	2.96857e-09	5.0373e-08	0	0	0.00596631	0	
0.72	28.5431	340.886	7.59027e-10	2.28744e-08	7.85922	9.39056	0	4.63109e-05	7.61325e-09	5.36026e-10	63.8194	139.009	67.1496	290.85	0	0.00319599	0.00155443	164.421	85.9929	2.20181	111.682	115.319	92.654	1.59134	339.926	56.6882	351.322	0	326.625	9.83858e-07	169.422	0	0.213934	1003.15	381.263	7.44372e-11	141.275	3.52269e-09	0	0	1.83467e-08	1.19077e-07	5.19651e-11	0	8.81204e-09	9.14672e-11	0	190.808	7.60749	89.7182	0	0	7.26226e-10	4.79305e-09	301.783	0	0.000995777	89.7597	27.434	12.1539	17.1635	17.8985	13.5462	6.07692	8.53151e-08	0	0	2.24206e-07	0	0	172.125	121.789	2.85701	0	0	5.7465e-08	0	0	0	0	
0.725	29.3993	345.682	4.31203e-07	2.26361e-08	7.74199	8.47152	0	0.00343539	0	1.97059e-10	64.9121	140.257	60.0881	261.449	0	0.0219763	0.0322649	162.662	83.3622	2.29054	108.292	111.878	90.0697	1.52639	336.577	51.7533	334.85	2.49927e-06	324.295	0	168.294	0.00156599	0.130728	896.29	379.341	9.57479e-06	149.582	3.63875e-09	0	0	1.38686e-08	1.51009e-07	2.75861e-09	1.16966e-06	9.75215e-09	9.86077e-12	5.42013e-10	185.342	7.74251	91.2926	9.33371e-09	0	6.36079e-10	4.59789e-09	280.925	0.00300733	0.000181484	83.7707	25.7936	11.6427	15.7354	16.8471	12.9347	5.71955	6.99967e-08	0	2.2677e-06	0	1.35519e-09	0	169.03	77.498	2.00807	0	7.44298e-10	6.49412e-08	0	8.24723e-09	0	0.000598364	
0.73	32.2124	348.256	3.30877e-06	2.20911e-08	7.55618	9.24602	4.14987e-06	0	1.24397e-09	1.58626e-10	66.0303	141.277	52.7916	231.529	0.00120886	0	0	160.542	79.4033	2.25328	104.461	107.96	86.941	1.4401	331.283	46.641	317.253	2.2383e-05	319.776	9.18268e-09	166.983	0.012271	0.0236044	797.97	377.559	0	158.305	3.74513e-09	0	0	1.01293e-08	1.87503e-07	9.95737e-08	8.30125e-07	1.04047e-08	0	6.48051e-10	174.892	7.87653	92.9542	0	0	5.51213e-10	4.40481e-09	252.837	0.000693287	0	75.9338	23.5181	10.6466	13.9757	15.4481	12.0076	5.35828	5.59984e-08	0	0	0	2.48822e-09	0	163.135	43.4739	1.22627	0	3.82319e-09	7.27862e-08	0	8.79795e-09	0.00883262	0.0121074	
0.735	36.4672	348.366	0	2.1275e-08	7.30654	12.3426	0.00674606	0	8.08578e-09	6.28559e-11	67.1349	141.978	45.23	202.31	0.00715301	0.00152252	0.00133205	157.472	73.8529	2.09966	99.9068	103.335	83.0719	1.33248	323.658	41.3957	298.744	4.50612e-08	312.599	0	165.467	0	0	710.848	375.931	1.9151e-07	167.248	3.84129e-09	0	0	7.10333e-09	2.28802e-07	3.31683e-08	3.30646e-07	1.0766e-08	4.59967e-12	3.46107e-11	160.3	8.00408	94.6828	0	0	4.7162e-10	4.21372e-09	218.168	5.7504e-05	0	66.8178	20.8085	9.38618	12.0285	13.837	10.8561	4.99442	4.3581e-08	0	6.56888e-08	1.10027e-07	3.41183e-08	0	154.863	20.3892	0.533222	0	7.474e-10	8.10633e-08	2.65092e-09	2.1689e-10	0.013842	0	
0.74	41.5519	345.28	2.08969	2.02276e-08	7.00153	17.3039	0	7.89306e-05	1.44915e-09	1.19472e-09	68.1953	142.283	37.2111	174.737	0	0.017429	0.0193952	153.001	66.7305	1.85163	94.5048	97.9079	78.3635	1.20405	313.461	36.0746	279.602	7.98934e-08	302.496	0	163.74	0	0	632.096	374.469	0	176.192	3.92689e-09	0	0	4.74211e-09	2.75161e-07	3.07221e-08	7.4959e-08	1.08586e-08	7.96998e-11	1.91689e-11	140.287	8.11933	96.4548	0	0	3.98116e-10	4.02503e-09	179.732	0	0.000174583	56.623	17.6832	8.02288	9.94686	12.0594	9.50964	4.62945	3.28776e-08	0	0	0	9.19472e-08	0	141.727	6.24319	0	0	3.88015e-11	8.9795e-08	0	0	0.0112802	0	
0.745	47.2414	338.67	6.62294	1.67935e-10	6.64831	23.7457	0	0.00791669	8.82353e-07	2.21909e-09	69.1846	142.138	28.5245	148.688	0	0	0	146.737	58.1747	1.5169	88.1777	91.6508	72.7918	1.05616	300.613	30.7382	260.143	0	289.433	0	161.782	0	0	557.122	373.176	1.13761e-07	184.921	4.00127e-09	0	2.23982e-06	2.97676e-09	3.26843e-07	2.56967e-08	2.31538e-08	1.07255e-08	1.73388e-10	5.59429e-09	115.384	8.21667	98.2444	0	0	3.31039e-10	3.8397e-09	137.302	0	0.000293644	45.874	14.4096	6.90326	7.90614	10.2974	8.11353	4.26475	2.39255e-08	0	0	2.34477e-07	3.63332e-08	0	123.599	0	0	0	4.1366e-12	9.89916e-08	0	0	0	0.00199156	
0.75	54.8068	329.418	4.62782	0	6.25618	32.8651	0	0	0	6.79903e-10	70.0767	141.51	19.1307	123.398	0.000551667	0.000232281	0.000192562	138.138	48.1172	1.103	80.811	84.4998	66.3416	0.890554	285.286	25.4616	240.769	0	273.858	7.41394e-12	159.575	0.00620703	0	483.559	372.047	0	193.225	4.06541e-09	0	0	1.72444e-09	3.84122e-07	2.28744e-08	3.71037e-08	1.04226e-08	2.53272e-10	1.31852e-11	89.6626	8.29035	100.024	0	0	2.70959e-10	3.65731e-09	94.0902	0	0.000200965	34.9918	11.1852	6.17974	5.96634	8.62743	6.75935	3.90187	1.66862e-08	0	0	0	0	0	102.377	0	0	8.49085e-05	1.08932e-10	1.08667e-07	0	1.62054e-08	0	0.00158391	
0.755	63.0953	317.946	4.15629	7.36542e-09	9.11625	43.179	0.000560482	0	1.03514e-08	0.13215	70.852	140.391	9.45794	98.2133	0.00638809	0.0256484	0.0236664	127.15	37.2021	0.628625	72.6863	76.6891	59.2882	0.833856	267.825	20.3299	221.863	0	256.324	6.96464e-08	157.093	0	0.000440407	411.496	371.07	2.69574e-09	200.91	4.11935e-09	0	1.02923e-07	8.9359e-10	4.47284e-07	1.97031e-08	5.68836e-08	1.0013e-08	2.99003e-10	2.98133e-10	67.571	8.33547	101.766	3.3398e-07	0	2.18176e-10	3.47908e-09	57.2946	0	5.43379e-05	24.3702	8.4816	5.80445	4.28381	7.2597	5.7097	3.67081	1.10549e-08	7.80452e-06	6.28579e-08	8.32926e-08	0	0	82.4438	0	0.00156093	4.35667e-05	2.24458e-09	1.18843e-07	0	0	0	0.000330603	
0.76	70.6523	304.406	4.25775	1.25408e-08	17.4309	53.1189	0.00600155	0.000983774	6.42312e-06	3.23921	71.4925	138.789	0.949945	73.2553	0	0	0	114.369	26.6485	0.133546	64.3118	68.6916	52.1549	1.10334	248.867	15.4322	203.797	0	237.648	0	154.327	0	0.0127471	342.404	370.232	0	207.783	4.16338e-09	0	0	3.90139e-10	5.16626e-07	1.68161e-08	6.89557e-08	9.56047e-09	3.03541e-10	9.03127e-10	51.8615	8.34811	103.441	0	0	1.72239e-10	3.30342e-09	31.2917	0	0	16.3256	6.70624	5.6852	3.17554	6.46654	5.11497	3.80579	6.8691e-09	0	0	1.42563e-07	0	0	67.1237	0.020186	0.00064945	1.51964e-05	5.8833e-11	1.2954e-07	0	5.50059e-08	0	0	
0.765	77.6428	289.573	4.13025	2.49365e-09	30.3677	62.8031	0	0.00381858	0	5.56851	71.9751	136.707	0	48.7457	0.000512717	0.00226256	0.00100625	100.654	17.3803	0	56.1136	60.906	45.3838	1.82275	229.492	10.8625	186.725	1.31762e-08	219.233	7.00473e-10	151.324	0	0	277.632	369.519	0	213.6	4.19678e-09	0	1.36841e-07	1.22928e-10	2.46478e-06	1.41026e-08	7.68858e-08	9.12285e-09	2.72207e-10	1.7365e-10	42.2354	8.32509	105.025	4.08996e-09	0	1.33671e-10	3.13236e-09	16.2313	1.86317e-06	0	11.6577	5.77314	5.73939	2.58225	6.20427	4.90038	4.43456	3.9267e-09	5.93747e-09	6.32531e-07	1.88693e-07	0	0	57.1	0.0113125	0.000197406	0	0	1.40756e-07	0	0	0	0	
0.77	84.7318	274.658	3.84684	1.6558e-08	46.0752	72.7432	0	0	7.39855e-08	6.41171	72.2736	134.128	0	25.6829	0.00348221	0.0138368	0.0186853	86.8958	9.79834	0	48.4067	53.5721	39.1949	3.11681	211.035	6.71836	170.579	2.70755e-05	202.816	0	148.344	0.00026471	1.17694e-05	217.782	368.915	0	218.075	4.21984e-09	0	41.2866	0	0	1.16256e-08	8.53511e-08	8.72072e-09	2.17335e-10	0	35.7613	8.26471	106.491	0	2.97705e-06	1.01205e-10	2.96523e-09	8.72878	0	0	9.40915	5.39463	5.90413	2.32704	6.30339	4.92298	5.50676	1.99996e-09	0	6.61203e-07	3.37339e-07	3.7978e-06	2.20937e-05	50.8944	0	0	0	9.26906e-07	1.52469e-07	1.71148e-05	0	0	0	
0.775	92.1095	260.688	3.59728	1.01377e-08	63.1606	82.8719	0.000631367	0	4.83588e-07	6.56656	72.3668	131.041	0.0436084	6.8641	0	0	0	73.9413	4.07927	0	41.4437	46.8591	33.6456	5.40135	194.562	3.14409	155.206	0	189.895	1.25207e-09	145.619	0.0067535	0.00806619	162.704	368.367	1.48668e-09	220.89	4.2331e-09	0	281.984	8.81431e-07	5.20878e-08	9.3797e-09	9.70473e-08	8.35557e-09	1.53261e-10	1.70225e-10	31.3765	8.16651	107.82	4.94625e-06	2.99277e-08	7.45789e-11	2.80225e-09	5.02634	0	0	8.51892	5.3353	6.12746	2.28411	6.63873	5.09637	6.85813	8.53135e-10	0	1.23601e-07	1.17128e-06	0	0.0009007	47.0974	0	0	0	0.00011846	1.65938e-07	0	7.39394e-10	0	0	
0.78	99.4825	248.06	4.4017	2.72302e-09	80.1321	92.4808	0.00356744	0.000233253	3.27622e-09	6.57188	72.2324	127.403	0.0239853	0	0.445206	0.000944845	0.000773913	62.4185	0.314452	0.00237391	35.3061	40.8101	28.6637	8.36234	180.478	0.519017	140.659	3.19121e-07	180.955	7.15292e-06	142.983	0	0	111.515	367.813	3.09724e-09	221.621	4.23669e-09	0	504.873	1.86655e-07	0	7.36965e-09	6.81012e-07	8.02643e-09	9.31513e-11	1.18943e-09	29.935	8.03136	108.992	0	1.14203e-05	5.2991e-11	2.64271e-09	3.09539	0	0	8.40221	5.45078	6.37127	2.37343	7.13561	5.41743	8.31137	2.59976e-10	0	0	2.21397e-08	9.83839e-08	0.00176926	44.8607	0	0	0	0.000475483	2.03373e-07	0	2.97782e-09	0	0	
0.785	106.228	236.476	8.35516	8.85142e-11	95.1271	100.626	0	0.000603181	6.73509e-09	6.55394	71.8556	123.149	0.00764675	0	1.6617	0.0130136	0.807361	52.4647	0	0.000207181	29.8818	35.3074	24.0899	11.0084	168.469	0	127.158	4.04098e-08	175.123	0	140.238	0	0.000493644	63.7345	367.234	1.74487e-08	219.708	4.23028e-09	0	533.624	2.48641e-07	6.4703e-08	5.5958e-09	2.36049e-06	7.73091e-09	4.49973e-11	0	31.7024	7.86118	109.995	9.72086e-08	0	3.59037e-11	2.48853e-09	2.10774	0	0	8.76859	5.65472	6.60768	2.54787	7.74982	5.88541	9.72964	0	2.56896e-09	1.22824e-07	0.418847	0	0	43.6159	0	0	0	0	7.01075e-07	0	3.60345e-09	0	0	
0.79	110.582	224.896	13.7204	2.14782e-08	105.921	105.838	0	0.000405937	0	6.47719	71.2539	118.221	0.000732688	0.060588	1.61556	0	18.6569	44.8536	0	7.43521e-05	25.4272	30.5303	19.9626	12.6218	158.021	0	114.838	5.47113e-08	170.81	0	137.376	4.62613e-06	0.00288188	22.1087	366.674	0	214.512	4.21528e-09	94.5158	410.85	2.09613e-07	4.11708e-08	4.06125e-09	2.27613e-06	7.46598e-09	1.2549e-11	1.76001e-08	38.8094	7.65927	110.818	0	0	0	2.33808e-09	1.64037	0	0	9.44429	5.89009	6.81423	2.77879	8.45282	6.48636	11.0905	1.50588e-06	3.06324e-10	0	10.4686	4.62974e-10	4.10334	42.9787	0	0	0	0	0	0	3.79071e-09	0	0	
0.795	112.698	212.657	21.0101	1.43403e-08	113.682	108.563	0	0.000118628	1.43366e-09	6.30908	70.4988	112.624	0	0.0673221	1.64473	0.000689616	11.8719	37.6277	0.00556313	0	20.8778	25.7876	15.9697	13.0988	148.064	0.00472042	103.698	4.09523e-09	166.209	0	134.501	0.00131755	0	0	366.121	16.0522	205.302	4.19087e-09	125.16	288.578	2.13207e-07	8.48243e-08	3.11277e-09	1.03501e-06	7.22816e-09	0	0	47.6427	7.43	111.457	5.63065e-08	0	0	2.19251e-09	1.4354	0	0	10.3169	6.11949	6.97691	3.05064	9.2274	7.20783	12.3545	1.88403e-07	1.5583e-08	5.88519e-08	17.5938	0	0	42.7112	0	0	0	0	8.13301e-09	1.01437e-07	3.72064e-09	0	0	
0.8	112.627	199.295	29.8114	3.16834e-10	119.131	109.154	0.000336061	0	3.44618e-06	6.05121	69.7017	106.39	0	0.0217982	1.9163	0.0126631	9.86275	29.0769	0.00330269	0	16.0059	20.9232	12.0628	12.6604	137.488	0.00363932	93.651	9.302e-09	159.827	0	131.728	0.00201172	0	0	365.508	33.0218	190.825	4.15821e-09	119.566	209.483	2.07567e-07	1.25466e-07	3.03001e-09	1.85679e-07	7.01357e-09	3.82516e-06	9.69882e-09	67.3616	7.17816	111.91	0	0	0	2.051e-09	29.2795	0	0	11.3224	6.31871	7.0835	3.35267	10.0608	8.04266	13.6444	2.56992e-07	1.15109e-08	0	19.7502	1.4338e-09	34.2012	42.6703	0	0	0	0.000332303	0	0	3.63668e-09	0	0	
0.805	110.267	184.612	38.7838	1.75847e-10	122.193	107.709	0.00163834	0	0	5.71946	69.0261	99.7652	0	0.00290995	2.23904	0	10.4741	19.1931	0.000866062	0	11.2189	16.2246	8.41152	11.6378	125.901	0.000911395	84.6274	1.17636e-05	151.195	5.31572e-07	129.144	0.000332302	2.20036e-05	0.0505036	364.772	35.7677	170.711	4.11781e-09	117.503	157.425	2.03166e-07	1.61057e-07	3.18072e-09	4.77791e-07	6.81829e-09	3.20814e-07	1.52537e-07	85.7711	6.90914	112.182	1.36096e-06	6.77322e-08	1.41371e-05	1.91448e-09	55.6874	0	0	12.4197	6.47054	7.12677	3.67824	10.9422	8.9819	14.8801	2.23051e-07	4.12107e-10	1.31749e-05	19.9062	1.252e-09	0	42.7701	0	0	0	0.00238857	0	0	3.56808e-09	0	0	
0.81	98.8719	164.863	43.7689	1.89758e-08	114.822	98.2511	0	0	4.45585e-08	5.67779	68.7104	93.6397	0	0	2.53241	0.00136498	10.7856	9.70971	0	3.69837e-07	5.7692	11.5013	5.25382	10.0719	108.363	0	76.5898	8.89992e-06	133.413	2.21832	126.806	0	0.00398318	0.100613	362.976	40.1941	149.192	4.06929e-09	121.818	120.993	1.96566e-07	1.75884e-07	3.65364e-09	1.21583e-07	6.63839e-09	0	0	92.5929	6.62878	112.278	0	3.2545e-06	9.86113e-06	1.78219e-09	63.9799	0	0	13.5813	6.56409	7.10265	4.0213	11.8597	10.0133	15.9305	2.40826e-07	9.84169e-10	0	19.8303	1.46422e-09	0.802027	42.9593	0	0	0	0	0	1.53156e-07	3.51155e-09	0	0	
0.815	84.8379	141.873	47.7333	5.44459e-10	103.778	85.7887	0	0	0	5.94786	68.8771	89.1085	0	0	2.82774	0.00349955	29.4812	2.80209	0	3.40832e-06	1.35407	7.31793	2.4652	8.54428	86.4342	0	69.5188	8.57763e-08	109.995	26.6492	124.76	0	0	0.0232	358.915	51.281	132.262	4.01394e-09	125.354	96.2795	1.88793e-07	1.69337e-07	4.6182e-09	1.02567e-07	6.47007e-09	0	1.66953e-09	91.9811	6.34259	112.209	1.34645e-08	0	7.09969e-06	1.65507e-09	86.0434	0	0	14.7796	6.6181	7.0089	4.37575	12.8021	11.1213	16.802	2.43038e-07	1.37522e-09	2.6829e-07	19.8119	1.55646e-09	0	43.2076	0	0	0	6.20167e-05	0	0	3.45538e-09	0	0	
0.82	73.8175	119.142	52.251	6.52245e-10	95.2814	75.771	0.000154175	0	7.02835e-08	6.23814	69.4698	86.5776	0	0	3.13846	0.000480278	60.0635	0	0	1.74564e-06	0.00142339	4.06041	0.298146	7.40985	66.2256	0	63.3761	2.14281e-06	88.7564	43.7962	123.049	0.000353421	0	0.00126362	352.23	64.3147	122.372	3.95135e-09	125.825	80.5392	1.79704e-07	1.47237e-07	6.42487e-09	7.66466e-08	6.30955e-09	0	1.21373e-06	90.5753	6.05609	111.986	1.55026e-06	0	4.45712e-06	1.53247e-09	109.469	0	0	15.9906	6.68877	6.84676	4.73602	13.7553	12.2839	17.5597	2.45024e-07	1.626e-09	3.04198e-06	19.6563	1.80015e-09	0.391192	43.4974	0	0	0	0.00215499	6.68235e-08	2.65706e-07	3.39461e-09	0	0.000428598	
0.825	65.1858	98.294	55.5283	7.82393e-10	88.3411	67.7033	0.000394511	0	0	6.31426	70.3601	85.6996	0	0	3.45462	0.00054531	80.5997	0	0	7.08404e-07	0	1.65512	0.000263659	6.53239	50.5037	0	58.1007	2.40579e-05	72.1439	49.3724	121.711	0.000634926	0.000558094	0	344.075	74.6317	118.697	3.88298e-09	124.353	70.682	1.69352e-07	1.14886e-07	9.74928e-09	0	6.1533e-09	0	0	91.452	5.77414	111.625	0	0	2.76821e-06	1.41513e-09	127.526	0	0	17.1868	6.79113	6.62842	5.09529	14.7041	13.4784	18.2307	2.42835e-07	1.47905e-09	0	19.2451	2.0654e-09	0.102848	43.8184	0	0	0	0	1.26438e-07	3.77202e-05	3.32767e-09	0	0.00338976	
0.83	56.6345	80.3023	55.9364	1.09903e-09	80.3546	59.4658	0.000255252	0	7.02974e-08	6.08884	71.4426	85.8951	0	0	3.76714	0	93.3241	0	0	2.46608e-07	0.00105479	0.0227047	0	5.69249	38.917	0	53.616	0	59.0533	49.246	120.776	0.000433325	0.000725456	0	336.655	80.2238	119.181	4.15133e-10	121.886	64.2053	1.57525e-07	7.78663e-08	1.59485e-08	2.85748e-08	5.99819e-09	1.96057e-09	7.35669e-07	92.3433	5.50104	111.14	1.71609e-08	0	1.58401e-06	1.30232e-09	141.605	0	0	18.3405	6.91116	6.41809	5.44587	15.6328	14.6768	18.7916	2.37665e-07	1.13284e-09	9.95385e-08	18.597	2.31819e-09	0.0630301	44.1647	0	0	0	0	2.66611e-07	0	3.25537e-09	0.000108189	0	
0.835	47.6871	64.756	53.5652	1.35563e-09	70.8075	50.5416	5.77234e-05	0	1.21662e-08	5.60816	72.6627	86.7445	0	0	4.0722	0	100.847	0.00694582	0	1.60008e-07	0.00449988	0	0.00434192	4.82736	30.2394	0	49.8434	2.30319e-05	48.0829	47.499	120.264	7.22029e-06	0.000341614	0	331.265	81.5558	121.983	0	118.711	59.6541	1.44075e-07	4.25258e-08	2.77957e-08	8.00076e-09	5.84068e-09	2.49768e-09	0	89.5341	5.2404	110.547	0	3.17347e-09	8.21075e-07	1.19365e-09	150.534	0	0	19.4207	7.0303	6.2339	5.78064	16.5238	15.8516	19.1999	2.2883e-07	7.31242e-10	0	17.7674	2.52751e-09	0.000160212	44.5324	0	0	0	0.000321033	2.56581e-07	0	3.17972e-09	0.000254464	0	
0.84	39.283	51.1629	49.7421	1.50367e-09	61.0872	41.8304	0	0	1.60818e-08	4.95647	73.9976	88.0493	0	0	4.36769	0.000404632	102.402	0.00309722	0	6.86093e-08	0.00168943	0	0.00269667	3.99779	23.6121	0	46.7079	0	38.802	45.3938	120.186	0	4.97088e-05	0	327.728	79.6812	126.012	3.44829e-08	115.055	56.3061	1.29014e-07	1.53083e-08	5.07663e-08	4.37264e-09	5.67825e-09	2.03513e-08	8.72925e-09	80.3621	4.99514	109.862	9.33803e-08	0	3.56204e-07	1.09005e-09	153.783	0	1.99716e-09	20.3966	7.1336	6.06243	6.09129	17.3611	16.9733	19.4156	2.15825e-07	4.04284e-10	0	16.7983	2.68198e-09	0	44.9196	0	0	0	0.0020159	2.54133e-07	0	3.09973e-09	0.00537101	0.00185421	
0.845	32.2441	39.503	45.7695	1.52468e-09	52.5502	34.264	0	0	9.22216e-09	4.20615	75.4348	89.729	0	0	4.65008	0.00187691	97.8474	0.000735618	0	1.86314e-08	2.48935e-05	0.004386	0.000639198	3.2678	18.6449	0	44.1377	2.66866e-07	31.2878	43.1106	120.553	0	0	0	325.246	75.3922	130.754	0	111.001	53.6419	1.1254e-07	1.06465e-09	8.77257e-08	1.18941e-09	5.50818e-09	0	0	63.9432	4.76722	109.099	0	0	1.10656e-07	9.92225e-10	151.026	4.48224e-13	6.68128e-09	21.2362	7.20467	5.89131	6.36923	18.1271	18.014	19.4075	1.98353e-07	1.92619e-10	0	15.7107	2.77314e-09	0	45.3246	0	0	0	0	2.98068e-07	1.12682e-07	3.01706e-09	0	0.00185198	
0.85	26.8265	29.9907	42.4419	1.4675e-09	45.7738	28.2536	0	0	1.21402e-08	3.40835	76.9623	91.7357	0	0	4.91751	0	87.5968	0	0	3.43209e-09	0	0.00163023	0	2.65913	15.1014	0	42.0692	0	25.5306	40.6014	121.368	0	0	0	323.269	69.2052	135.965	0	106.649	51.3213	9.49953e-08	4.22402e-09	9.08951e-07	2.87663e-10	5.32823e-09	0	9.32e-10	45.1258	4.55828	108.274	1.96023e-08	0	1.33498e-08	8.98421e-10	142.681	0	5.64969e-09	21.9084	7.22803	5.70937	6.60646	18.8068	18.9467	19.1538	1.76584e-07	8.03069e-11	0	14.5214	2.79838e-09	0	45.7462	0	0	0	0	2.42341e-07	0	2.93114e-09	0.000136782	0.000836289	
0.855	23.0248	22.7081	40.2496	1.36648e-09	40.9878	23.8979	0	0	1.33573e-08	2.60421	78.5684	94.024	0	0	5.16808	2.00032	72.2435	0	3.24489e-06	2.43489e-09	0	0.000255599	0	2.1747	12.8296	0	40.4475	9.25611e-06	21.4552	37.9183	122.631	0	0	0	321.593	61.5586	141.487	1.24635e-06	102.095	49.1599	7.68659e-08	1.39297e-06	1.66733e-08	0	5.13599e-09	0	1.98173e-10	29.7215	4.36881	107.4	0	0	1.55228e-09	8.09133e-10	129.302	3.14912e-06	2.62776e-09	22.3846	7.18839	5.50871	6.79561	19.385	19.7487	18.6431	1.51157e-07	6.95563e-06	0	13.2502	2.75825e-09	0	46.1834	0	0	0	0.000365335	8.04207e-08	4.5637e-08	2.84307e-09	0.00226886	1.66972e-05	
0.86	21.0662	17.6646	39.8646	1.2447e-09	38.7576	21.452	0	0	0	1.83058	80.241	96.5526	0	0	5.40036	16.7837	52.0583	0	0	1.57741e-09	0	0	0	1.85963	12.0712	0	39.227	0	19.3822	35.1129	123.89	0	0	0	320.134	52.9126	147.196	3.87714	97.2506	46.9713	5.88694e-08	4.99731e-09	9.16777e-08	1.55937e-07	4.93009e-09	0	7.35395e-10	18.944	4.19913	106.488	0	0	1.33613e-09	7.25007e-10	111.795	3.34169e-08	0	22.6399	7.07291	5.28173	6.92968	19.8498	20.4003	17.8813	1.2306e-07	1.85902e-06	0	11.9185	2.65703e-09	0.000196596	46.6353	9.39852e-08	0	0	0.000539721	1.16651e-09	0	2.75321e-09	0.00167489	0	
0.865	19.9776	14.2055	40.5665	1.1138e-09	37.8561	20.0173	0	0	2.53993e-06	1.11981	81.9661	99.2846	0	0	5.61423	12.3628	34.9385	0	0	0	0	0	0	1.68611	12.3097	0	38.3729	1.18383e-07	18.5888	32.1468	125.149	0	0	0	318.831	43.7314	152.988	29.2779	91.8414	44.5333	4.19177e-08	1.5702e-07	6.56767e-08	1.16332e-07	4.7091e-09	1.20925e-06	0	12.0578	4.04898	105.549	0	4.40475e-06	1.32653e-09	6.4545e-10	91.3116	1.4667e-07	0	22.6544	6.87139	5.02202	7.00306	20.1898	20.8851	16.9041	9.38098e-08	2.35767e-07	7.97564e-10	10.5511	2.50021e-09	0.000136987	47.1009	0	0	0	0.000180827	0	7.27408e-08	2.66203e-09	0.000450207	0	
0.87	19.0949	11.6496	41.49	9.80203e-10	37.2205	18.9097	0	0	0	0.508616	83.7278	102.186	0	0	5.80908	11.3038	23.9689	0	0	1.91539e-08	0	0	0	1.59928	13.2403	0	37.8606	0	18.5726	29.0275	126.736	0	0	0	317.646	34.438	158.779	28.8558	85.9365	41.8493	2.70199e-08	2.48139e-07	2.01251e-08	1.45403e-07	4.4718e-09	0	1.6753e-08	7.80127	3.91756	104.592	0	5.65637e-09	1.07131e-09	5.71537e-10	69.1127	1.79033e-08	0	22.4131	6.57725	4.72545	7.01135	20.3984	21.1917	15.7863	6.54708e-08	0	3.09665e-08	9.16841	2.29775e-09	4.35275e-05	47.579	3.41414e-09	0	0	0	0	0	2.56931e-09	0	0	
0.875	18.4429	9.72314	42.4797	8.49197e-10	36.7796	18.1017	0	0	0	0.0624421	85.5084	105.223	0	0	5.9848	12.1583	17.5586	0	0	0	0	0	0	1.58666	14.9661	0	37.6736	6.17671e-09	19.372	25.7991	128.516	0	0	0	316.563	25.4348	164.496	23.5646	79.6988	38.9832	1.51176e-08	2.19549e-07	1.07305e-07	1.19253e-07	4.21914e-09	3.73421e-08	0	5.15831	3.80412	103.625	0	0	8.94482e-10	5.01489e-10	46.4597	1.05839e-08	3.07465e-06	21.9088	6.18676	4.39024	6.95257	20.4701	21.3121	14.6415	4.04072e-08	6.80131e-09	0	7.79025	2.05944e-09	1.9061e-06	48.0686	0	0	0	0	5.43452e-07	0	2.47633e-09	0	0	
0.88	18.0466	8.33679	43.6574	7.29899e-10	36.6007	17.5989	0	0	1.4401e-06	0	87.2889	108.363	0	0	6.14166	12.5174	13.7693	0	0	0	0	0	0	1.67021	17.3291	0	37.8016	4.92179e-10	20.8161	34.6358	130.452	0	0	0	315.577	17.1083	170.072	21.1317	73.2657	35.9902	6.84603e-09	1.07622e-07	1.00729e-07	1.11405e-07	4.06079e-09	0	3.10305e-08	3.53535	3.70727	102.653	0	0	7.93708e-10	4.35966e-10	26.1987	4.83785e-08	0	21.1413	5.70077	4.01584	6.82535	20.403	21.2438	13.6292	2.08325e-08	1.21948e-08	1.15015e-09	6.43562	1.79753e-09	0	48.5684	0	6.22672e-07	0	0	0	0	2.3823e-09	0	0	
0.885	17.7946	7.37136	45.1075	2.21725e-10	36.5691	17.2629	0	7.96998e-09	0	0	89.0483	111.571	0	2.06487e-05	6.27958	12.3739	11.4615	0	0	0	0	0	0	1.88144	19.8052	0	38.2387	4.4068e-06	22.4159	59.881	132.764	0	0	21.8392	314.685	9.89186	175.442	20.1337	66.749	32.9167	2.26149e-09	1.76645e-08	9.55863e-08	1.0161e-07	3.77294e-09	2.70251e-10	0	2.54749	3.62581	101.681	0	0	7.2851e-10	2.93765e-09	12.3313	1.97096e-08	5.48155e-08	20.1173	5.1233	3.60391	6.63085	20.1986	20.9876	12.962	8.1386e-09	1.13726e-08	2.25173e-06	5.12252	1.52387e-09	0	49.077	5.20142e-08	0	0	7.2018e-05	4.7633e-06	0	2.28863e-09	0	0	
0.89	17.5869	6.63503	46.8177	2.05254e-07	36.5389	16.9742	0	1.88099e-08	2.44722e-08	0.000850009	90.7664	114.816	0	0	6.39854	12.2557	10.0005	0	0	0	0	0	0	2.2328	21.9209	0	38.9802	0	23.7631	85.5741	135.441	0.945934	0	124.62	313.882	4.44177	180.549	18.6384	60.2585	29.8196	4.51525e-10	1.56681e-06	8.82137e-08	9.28265e-08	3.48015e-09	0	7.67608e-09	1.95218	3.55845	100.714	0	0	6.67709e-10	2.85611e-09	4.90504	7.15972e-10	0	18.8498	4.4623	3.15688	6.37134	19.8592	20.5486	12.8445	2.07297e-09	7.13107e-09	0	3.87755	1.25058e-09	0	49.5931	0	0	0	0.000375163	8.64279e-06	0	2.19455e-09	0	0	
0.895	17.2238	5.94112	48.4363	1.43183e-06	36.2165	16.5309	0	2.16319e-08	0	0.000791503	92.4232	118.067	0	0	6.49856	12.1817	14.9452	0	2.71099e-06	5.58203e-10	0	0	0	2.68031	23.5359	0	40.0207	0	24.6534	101.817	138.31	0	0	176.095	313.162	0.899556	185.337	16.6559	53.929	26.7706	2.31382e-06	1.72651e-07	8.13373e-08	8.6893e-08	3.18144e-09	8.82359e-10	0	1.59808	3.50363	99.7529	0	0	6.02972e-10	2.81607e-09	1.26376	8.18129e-11	1.6633e-06	17.3593	3.72935	2.67947	6.05122	19.3921	19.9345	13.3699	2.28316e-10	3.98269e-09	0	2.72056	9.89303e-10	0	50.1151	2.74242e-09	0	0	0	1.35576e-08	0	2.10158e-09	0	0	
0.9	16.4905	5.13813	49.3869	2.73895e-06	35.2244	15.6904	0	2.03098e-08	1.38599e-09	0.000305775	94	121.293	0	0	6.57998	12.0781	21.907	0	1.23467e-07	0	2.22706e-06	0	0	3.13076	24.6984	0	41.353	0	24.9706	123.807	141.086	29.5283	0	190.019	312.516	0	189.768	14.6538	47.826	23.8041	3.59689e-07	2.59945e-07	7.4082e-08	8.13906e-08	2.88288e-09	1.14754e-09	4.67824e-08	1.39068	3.45991	98.8003	0	0	5.3441e-10	2.66624e-09	0	0	0	15.67	2.9386	2.17773	5.67529	18.8041	19.1566	14.4967	0	2.03164e-09	0	1.66807	7.49848e-10	1.96573e-07	50.6416	2.95967e-09	0	0	0	5.93738e-08	0	2.00905e-09	0	0	
0.905	15.2648	4.1147	49.2326	3.43108e-06	33.336	14.2957	0	1.71136e-08	2.87833e-09	2.46255e-05	95.48	124.467	1.49571e-07	4.68918e-07	6.64258	11.9393	47.3374	2.40426	3.92235e-07	5.73182e-09	0	1.79865	0	3.53837	25.3168	0	42.9661	0	24.4839	145.61	144.36	0	0	194.285	311.93	0	193.805	12.7939	41.9676	20.9319	1.42042e-07	1.22823e-06	6.65427e-08	7.55768e-08	2.5861e-09	1.56744e-09	0	1.2716	3.42587	97.8574	0	0	4.65862e-10	2.51818e-09	0	0.000101709	1.98305e-08	13.8124	2.11094	1.65835	5.25009	18.1053	18.2289	16.1018	2.67675e-07	9.70838e-10	0	0.753157	5.39912e-10	1.2019e-07	51.171	7.63099e-08	0	0	0.346023	0	0	1.91808e-09	0	0	
0.91	13.8639	2.92809	48.2723	3.39129e-06	31.021	12.6453	0	1.33483e-08	0	0	96.8491	127.562	0	3.12629e-08	6.6861	11.7792	73.8625	16.8745	1.70298e-07	0	0	7.88722	0	3.92452	25.5788	0	44.8454	0	23.4397	152.466	148.296	0.697582	0	199.719	311.39	0.00434211	197.429	11.0349	36.361	18.1607	0	2.23712e-06	5.86709e-08	6.94553e-08	2.29412e-09	1.9735e-09	0	1.20444	3.40015	96.9247	0	0	3.98965e-10	2.36812e-09	0	0.00497107	0	11.8214	1.27283	1.13203	4.78266	17.3062	17.1663	18.0247	0	4.08597e-10	0	0.0579713	6.20198e-08	3.31322e-08	51.7017	9.3126e-08	0	0	0.783048	6.20509e-09	0	1.82806e-09	0	0	
0.915	12.3591	1.61831	46.7192	2.86106e-06	28.5003	10.8853	0	9.73378e-09	1.8469e-08	0	98.0951	130.555	9.45859e-08	1.96754e-08	6.7109	11.6016	86.4659	13.643	5.61465e-08	1.20704e-09	0	7.03587	0	4.24837	25.5203	0	46.9728	0	21.9837	142.094	151.588	0	0	205.167	310.876	0.00725109	200.623	9.33416	31.01	15.4969	3.55817e-07	3.17228e-06	5.04795e-08	6.29991e-08	2.00949e-09	2.46935e-09	1.20952e-08	1.16722	3.38129	96.0022	0	0	3.36246e-10	2.22071e-09	0.00472587	0	7.44895e-09	9.73552	0.473761	0.612017	4.28072	16.4194	15.9866	20.1051	3.99752e-06	2.54968e-08	5.6276e-08	0	8.25961e-08	0	52.2321	3.72835e-07	0	0	1.01958	2.69093e-09	0	1.73948e-09	0	0	
0.92	10.7934	0.237323	44.7129	2.16055e-06	25.8759	9.10312	0	6.63331e-09	0	0	99.21	133.422	1.18019e-07	1.06506e-06	6.71686	11.4055	99.0765	14.1037	4.1118e-09	3.88948e-08	0	8.2627	0	4.46945	25.1477	0	49.3265	0	20.2281	121.664	152.207	0	0	208.248	310.369	0.00349074	203.381	7.68852	25.9144	12.9436	0	3.9106e-06	4.20725e-08	5.62065e-08	1.73512e-09	2.9993e-09	0	1.1467	3.36779	95.09	0	0	2.77624e-10	2.07377e-09	0.000650559	0	1.41097e-08	7.59781	0	0.127745	3.7524	15.4572	14.7082	22.1784	6.3156	0	0	0	6.20226e-09	0	52.7607	1.98001e-07	0	0	1.06052	0	1.86858e-05	3.1681e-09	2.53816e-07	0	
0.925	9.21637	0	42.3917	1.5115e-06	23.233	7.32135	0	4.18787e-09	3.53343e-08	0	100.188	136.146	3.65444e-07	3.61809e-07	6.70378	11.1924	113.322	15.9627	1.47088e-09	4.7328e-08	0	10.0497	7.48207	4.58963	24.4295	0	51.8824	1.9601e-06	18.2043	109.709	148.209	0.207434	0	208.429	309.848	0.0012732	205.702	6.10775	21.0657	10.4995	5.19878e-09	4.48105e-06	3.36685e-08	4.90773e-08	1.47318e-09	3.532e-09	1.19885e-08	1.13453	3.35835	94.1878	6.32853e-08	0	2.24975e-10	1.93098e-09	0.00353501	0	2.67299e-08	5.45392	0	0	3.20643	14.4323	13.3515	24.1148	10.1929	5.25422e-08	0	0	1.12007e-07	0	53.2859	1.67398e-08	0	0	0.996637	1.1267e-05	0	7.29834e-10	5.65092e-07	0	
0.93	7.66541	0	39.866	1.00859e-06	20.6193	5.55957	0	2.40426e-09	0	0	101.027	138.712	5.49806e-08	0.000267862	6.67207	10.963	126.894	17.1134	1.8064e-09	8.92895e-09	7.38351	11.7011	11.0356	4.63799	23.3326	0	54.6142	0	15.932	99.4711	137.421	0	0	206.275	309.291	0.000116066	207.593	4.59788	16.4577	8.16596	0	3.65833e-08	2.55739e-08	4.1697e-08	1.22627e-09	4.0338e-09	0	1.12613	3.35156	93.2954	0	1.2954e-06	1.78109e-10	1.79099e-09	0	0.0021839	4.31443e-08	3.35889	0	0	2.65082	13.3596	11.9365	25.8129	12.6212	2.3033e-08	2.9605e-08	0.00240597	1.47874e-07	0	53.8063	1.51215e-08	0	6.98534e-05	0.894747	4.65035e-06	2.92523e-07	1.10955e-09	6.99477e-07	0	
0.935	6.18981	0.00397392	37.2641	6.60094e-07	18.1307	3.89004	0	1.2106e-09	0	0	101.729	141.107	1.11702e-07	0.000336422	6.62165	10.7179	128.818	17.8058	2.67473e-09	9.8888e-10	8.64224	13.4379	11.2839	4.6462	21.9666	0	57.4937	1.47254e-07	13.5813	83.3212	113.835	8.47368	0	202.368	308.676	0	209.07	3.166	12.0944	5.9477	5.3219e-09	0	1.81493e-08	3.42061e-08	9.96725e-10	4.47629e-09	0	1.11952	3.34611	92.4125	5.59825e-09	0	1.37157e-10	1.65555e-09	0	0.00704119	6.469e-08	1.40034	0.00256741	0	2.09458	12.2518	10.4863	27.181	16.4358	3.91175e-09	1.06606e-06	0.000287769	0	0	54.3209	2.7899e-10	0	9.20617e-06	0.784213	1.67529e-06	0	1.06661e-09	7.3948e-07	0	
0.94	4.8494	0.00404553	34.734	4.36042e-07	15.9717	2.38364	0	4.93116e-10	4.85787e-06	0	102.295	143.321	1.49443e-08	0	6.55016	10.4542	128.788	18.4475	3.52241e-09	1.67916e-08	7.95822	15.398	12.581	4.66253	20.507	0	60.4912	0	11.3383	60.4738	83.2638	0	0	196.989	307.977	0	210.15	1.82199	7.97811	3.84929	1.13047e-08	0	1.17593e-08	2.68032e-08	7.8647e-10	4.83798e-09	0	1.10902	3.34073	91.5394	0	5.87219e-08	1.01988e-10	1.52347e-09	0.000983012	0	9.07305e-08	0	0.000639376	0.00203831	1.54727	11.1248	9.0237	28.1462	21.073	0	0	2.38121e-05	1.18265e-08	0	54.8261	1.00262e-09	0	0	0.675939	2.70054e-07	0	7.92134e-10	7.34561e-07	0	
0.945	3.64574	0.00228553	32.3831	2.99163e-07	13.8356	1.01837	8.92097e-06	1.23587e-10	0	0	102.733	145.349	1.08275e-09	0	6.46503	10.1833	125.869	19.0118	5.52638e-09	4.4844e-08	9.65439	17.5625	14.7149	4.68462	19.0404	0	63.5821	8.96831e-08	9.26767	35.2834	57.3386	0.200408	0	190.4	307.177	0	210.862	0.625188	4.20341	1.92517	2.1237e-08	1.04695e-07	6.71444e-09	1.97631e-08	5.97632e-10	5.10555e-09	0	1.10003	3.33388	90.6755	4.17375e-09	0	7.28763e-11	1.39746e-09	0.00219497	0	1.20954e-07	0	0.000199042	0.000226976	1.01423	9.98804	7.56757	28.7064	26.3058	3.24117e-08	1.07417e-07	0	0	0	55.3248	1.90419e-09	2.36196e-07	0	0.572198	0	1.2575e-05	3.44867e-10	7.1018e-07	0	
0.95	2.56622	0.000868928	30.2555	2.1766e-07	12.0803	0.000226777	0	0	5.47541e-08	0	103.05	147.186	5.63489e-10	0.000418568	6.35947	9.8948	125.731	19.4252	7.89594	7.59585e-08	11.0166	19.908	16.9398	4.67994	17.4977	0	66.7353	0	7.30771	14.8718	42.34	0	1.13491e-09	182.726	306.253	0	211.234	0	0.960398	0.289744	3.45079e-08	2.50908e-07	4.50997e-08	1.34181e-08	4.31788e-10	5.26939e-09	6.31832e-10	1.08863	3.3245	89.8212	0	6.10732e-08	4.91588e-11	1.27752e-09	0.000317029	0.00431633	1.55144e-07	0	0	3.98854e-05	0.509858	8.85912	6.14327	28.8643	32.2059	0	0	0	3.29888e-08	0	55.8124	2.97265e-09	2.34056e-06	0	0.475087	0	0	0	6.77899e-07	0	
0.955	1.5064	0.000349066	28.1639	1.69042e-07	10.383	0	1.67925e-06	1.17216e-06	0	0	103.256	148.832	1.89499e-09	0.00118068	6.23725	9.58671	125.213	19.6922	11.0719	1.06282e-07	12.3599	22.4299	19.2095	4.58032	15.5811	0	69.9188	1.33591e-07	5.27884	3.03624	34.7608	0.0988142	1.67558e-09	174.115	305.187	0	211.298	0	0	0	5.08726e-08	2.04752e-07	4.26733e-09	8.11522e-09	2.90973e-10	5.32454e-09	3.13022e-11	1.07302	3.31141	88.9775	2.21889e-08	0	2.98981e-11	1.16244e-09	0.000399801	0	1.93326e-07	0.00523398	0	0	0.0560959	7.75153	4.77703	28.6259	38.6527	7.00771e-08	4.10822e-07	0	0	0	56.2883	4.23287e-09	0	0	0.386482	2.36365e-09	2.55675e-07	4.65978e-08	6.42633e-07	1.98947e-05	
0.96	0.358936	6.71879e-05	25.8222	1.40027e-07	8.51607	0	0	1.52055e-07	3.23009e-09	0	103.359	150.289	6.8596e-09	0	6.11513	9.26791	124.626	19.8395	8.91948	1.34146e-07	13.9005	25.1221	21.6914	4.33333	12.961	0	73.1065	0	3.07815	0	30.7479	0.0261039	4.88588e-08	164.818	303.957	0	211.09	0	0	0	6.93803e-08	7.56632e-08	2.13391e-08	4.19418e-09	1.76462e-10	5.27094e-09	1.86948e-11	1.05683	3.29345	88.1445	0	0	8.82121e-06	1.0526e-09	0	0	2.35764e-07	0.00171605	0	0	2.99348e-05	6.67587	3.49514	28.0327	45.3508	0	4.66759e-06	0	1.0981e-06	0	56.8935	5.84148e-09	0	0	0.306884	3.92144e-09	0	0	6.06466e-07	8.81953e-06	
0.965	0.000114067	0	23.1594	1.22882e-07	6.50747	0.00361633	9.90629e-09	1.94647e-07	3.6918e-10	0	103.372	151.562	1.74847e-08	0	5.97098	8.93579	124.871	19.8621	9.00643	1.13697e-06	15.5963	27.9593	24.4037	3.93797	9.57364	0	76.2701	0	0.961606	0	28.7267	0.0159675	5.05556e-08	155.033	302.547	0	210.646	0.00409287	0	0	8.9157e-08	7.75061e-09	1.15669e-07	1.76033e-09	9.02635e-11	5.11243e-09	4.36889e-13	1.03936	3.26968	87.3228	3.82255e-08	0	1.69907e-05	9.50741e-10	0	0	1.35404e-06	0.00048369	0	0	0	5.64548	2.32447	27.1436	51.3081	2.83546e-08	0	2.89028e-06	0	0	64.7248	0	0	0	0.236868	3.4471e-08	0	7.90239e-08	5.70374e-07	3.16619e-06	
0.97	0	0	20.2996	1.12939e-07	4.49157	0.00199997	0	1.7017e-07	1.82487e-09	0	103.306	152.659	3.51576e-08	0.000206031	5.80692	8.58923	124.878	19.7622	9.45526	0	17.417	30.9155	27.291	3.42081	6.08982	0	79.3829	0	0	0	27.7569	4.85851e-05	4.77056e-08	144.911	300.939	0	210	0.00083134	0.0114868	0.00662419	1.09474e-07	0	9.5933e-08	5.5616e-10	3.4105e-11	4.85728e-09	1.11313e-10	1.02079	3.23931	86.5132	7.14049e-07	0	0	8.5418e-10	0	0	1.72435e-06	0	0	0	0.000862634	4.67237	1.29269	26.0337	55.7381	1.31075e-07	0	1.60678e-06	2.74829e-08	0	73.9095	0.000504217	0	0	0.176571	1.42735e-07	0	0	5.34843e-07	3.23983e-07	
0.975	0.00140745	0	17.4046	1.07034e-07	2.57194	0.000924238	6.82766e-06	1.81882e-07	5.10105e-10	0	103.171	153.587	5.96348e-08	0.000227178	5.62602	8.23034	124.62	19.5463	9.43486	0	19.3476	33.9668	30.3086	2.80629	3.27207	0	82.419	3.39788e-11	0	0.0161574	27.3416	0	8.26647e-09	134.591	299.118	0	209.189	0.000327026	0.0507305	0.0120437	1.29813e-07	2.6753e-08	4.59945e-08	1.13951e-10	9.59354e-12	4.51787e-09	0	1.00156	3.20173	85.7164	0	0	0	7.63722e-10	0.00150059	0.00126071	5.80631e-08	0	0	1.65357e-07	0.000609543	3.76839	0.442767	24.6811	58.1899	6.38011e-07	0	0	12.8563	0	78.2953	0.00372456	0	0	0.125776	3.37162e-07	2.61001e-09	2.43033e-09	5.00127e-07	0	
0.98	0.00249268	0	14.6278	1.0264e-07	0.828613	0.00020166	0	1.8203e-07	1.0967e-10	5.52684e-09	102.979	154.356	6.38405e-09	7.70802e-05	5.4286	7.86072	124.364	19.2215	9.22031	1.23038	21.3662	37.0826	33.4223	2.11972	1.31916	0	85.3545	0	0	0.00324951	27.2262	0	1.75012e-09	124.191	297.069	0	208.243	0	0	0	1.49909e-07	0	1.09674e-08	2.41888e-06	1.85854e-11	4.10905e-09	8.28098e-07	0.981615	3.15629	84.9333	5.21568e-09	0	0	6.80992e-10	0.00545909	0.01551	1.75779e-08	0	0	0	0.000224747	2.94326	0	23.0461	58.6033	5.78591e-08	1.82717e-07	0	32.4834	0	78.1967	0	0.000313375	0	0.0841726	6.012e-07	2.35448e-06	0	5.27079e-07	0	
0.985	0.00142988	0	12.0577	9.7486e-08	0.000108008	0	0	1.81901e-07	1.25019e-09	9.56497e-07	102.739	154.977	1.30519e-08	3.47582	5.21505	7.48149	124.203	18.795	9.00469	7.16873	23.4453	40.23	36.5961	1.50729	0.122806	0	88.1676	0	0.00488903	0.0421486	27.2789	0	0	113.814	294.776	0	207.194	0	0	0	2.30123e-06	4.49115e-08	0	0	6.28834e-11	3.64886e-09	7.36374e-07	0.961105	3.10299	84.1644	0	0	0	6.03138e-10	0	0	9.13282e-07	0	0	0	0	2.20454	0	21.2886	57.6371	5.36215e-08	0	0	43.1038	0	77.9589	0	2.5549e-05	0	0.0512897	9.14242e-07	0	7.22378e-08	4.88746e-07	0	
0.99	0.000585609	0	9.67011	8.93735e-08	0	0	0	1.78858e-07	3.38194e-09	3.31801e-07	102.462	155.46	9.19052e-09	40.6732	4.98639	7.09493	123.085	18.2725	8.75651	5.54961	25.5577	43.376	39.7885	1.07777	0	0	90.8396	2.00438e-09	0.00102646	0	27.4314	0	4.39641e-09	103.554	292.226	0	206.069	0	0.0427815	0	0	0	3.04274e-09	1.24334e-07	1.4411e-10	1.3668e-09	4.16186e-05	0.939964	3.04164	83.4104	0	0	0	5.32876e-10	0	0.00102591	0	0	0	0	0	1.55881	0	19.641	55.9105	3.43638e-08	2.71206e-08	0	49.7697	0	77.4512	0.000137361	0	0	0.0265618	1.26525e-06	0	4.13332e-09	4.52733e-07	0	
0.995	7.30604e-05	0	7.3838	7.64691e-08	0	0	0	1.73784e-07	3.83627e-09	0	102.156	155.816	2.96354e-10	67.9545	4.74394	6.70379	122.225	17.6643	8.44951	4.7183	27.6772	46.4843	42.9544	0.829709	0	0	93.3549	1.30006e-09	8.50963e-05	0.00371795	27.649	5.34723e-05	1.59187e-09	93.4949	289.407	0	204.891	0	0	0.00302797	8.21677e-08	5.50281	1.00946e-08	1.79826e-06	2.63965e-10	2.7163e-08	8.06084e-05	0.918494	2.97249	82.6721	0	0	0	4.67636e-10	0.000881883	0.0121181	2.18783e-08	0	0	0	0	1.01089	0.00220917	18.0074	53.1053	3.20252e-08	0	1.68988e-05	52.7527	0	74.1737	0.00872368	0	0	0.00955667	1.65177e-06	0	2.33395e-09	4.16898e-07	4.8682e-06	
1	0	0	5.31054	5.81014e-08	0.0026399	0	1.32893e-08	1.66175e-07	4.51625e-09	0	101.827	156.055	5.85039e-08	77.5376	4.48938	6.31101	121.61	16.9764	8.0904	4.73472	29.7787	49.5202	46.0509	0.718505	0.00199728	0	95.7016	2.53409e-10	0	0.03749	27.9135	3.48781e-05	1.12029e-07	83.6992	286.305	0	203.678	2.35768e-06	0	0.0260748	3.83012e-08	32.0558	1.38932e-08	0	4.24031e-10	1.77761e-06	0	0.89665	2.89606	81.9497	0	0	0	4.07575e-10	0.00366088	0	5.8894e-07	0	0	2.74894e-06	0	0.63123	0.000516298	15.6487	45.965	2.59431e-08	8.35151e-06	3.17343e-07	47.3615	0	70.1201	0	0.000333308	0	0	2.05738e-06	0	2.29723e-09	3.83001e-07	0	
1.005	0	0	3.60677	3.584e-08	0.00133312	0	1.60757e-09	1.55718e-07	4.63384e-09	8.3904e-08	101.482	156.187	1.90974e-09	78.5339	4.22462	5.91965	120.939	16.2179	7.68709	4.63017	31.8352	52.4483	49.031	0.702539	0.00111474	0	97.8713	4.49249e-11	0	0	28.2153	1.10227e-05	7.38971e-08	74.2135	282.908	0	202.447	2.63235e-06	0.0707493	0	8.94113e-08	33.0735	1.18107e-08	4.44308e-07	6.26136e-10	2.11825e-06	0	0.874646	2.81293	81.2438	0	0	0	3.53758e-10	0	0.00136516	0	0	0	0	0	0.305486	4.26586e-05	13.1233	36.8287	2.07778e-08	0	3.24084e-07	37.3916	0	67.007	0	0.000809984	8.64978e-08	0	2.45013e-06	0	7.86966e-10	3.5048e-07	2.07737e-08	
1.01	0	0	2.38951	1.42636e-08	0.000388041	0	5.05535e-07	1.42257e-07	4.33216e-09	7.57893e-08	101.125	156.219	4.4016e-08	77.6742	3.95214	5.5343	120.04	15.399	7.24437	4.25628	33.824	55.2362	51.8503	0.750759	0.000236541	0	99.8622	5.95367e-10	0	0.00286662	28.5482	4.55119e-06	1.24238e-09	65.0845	279.205	0	201.206	0	0	0	9.3246e-08	32.7127	6.48901e-09	0	4.19095e-08	9.58855e-09	8.93465e-05	0.852637	2.72391	80.5548	0	0	0	3.06256e-10	0	0.00236045	1.70194e-07	0	0	0	0	0.0426743	0	11.1922	28.8033	1.54381e-08	9.37297e-07	0	28.4794	0	64.9379	0.00070065	0	1.34654e-07	0.189667	2.77344e-06	0	4.10146e-07	3.19391e-07	0	
1.015	0	0	1.73483	0	0	0	0	1.25963e-07	3.65594e-09	8.97893e-09	100.761	156.159	3.07167e-05	76.9965	3.6746	5.15853	118.733	14.5255	6.76504	3.82789	35.7201	57.852	54.4681	0.839827	0	0	101.677	8.69909e-10	0	0.0354171	28.9082	0	4.03678e-08	56.355	275.185	0	199.96	1.98106e-07	1.96947e-06	0.00314004	1.07289e-07	34.3674	2.18553e-09	1.05908e-08	4.26183e-08	1.03849e-08	8.68181e-05	0.830607	2.63004	79.8828	0	0	0	2.62018e-10	0	0.000947766	1.85014e-07	0	0	0	0	0	0	10.0435	21.6978	1.05295e-08	3.28091e-06	0	21.3481	0	63.6535	0.00404979	0	1.10576e-08	0.65072	2.94283e-06	0	0	2.89724e-07	0	
1.02	0	0	1.72316	0	0	0	0	1.07322e-07	2.74581e-09	0	100.388	156.013	0	76.4302	3.39518	4.79737	116.81	13.612	6.25454	3.39688	37.5054	60.2701	56.8442	0.95248	0	0	103.326	2.47059e-10	0	0	29.292	0	0	48.0669	270.839	0	198.709	0	0.0577978	0.0218012	1.18036e-07	33.9977	3.46232e-10	0	4.25564e-08	0	3.9392e-05	0.809085	2.53249	79.2281	0	0	1.37363e-08	2.23772e-10	0.000796481	0	1.61796e-07	0	0	0	0	0	0	9.56387	15.7558	6.36019e-09	0	0	15.7754	0	62.9338	0	0.000123465	0	1.05557	2.86158e-06	0	2.67077e-08	2.6149e-07	0	
1.025	0	0	2.33072	0	0	0	0	8.70462e-08	4.90226e-09	6.73255e-09	100.009	155.785	9.27056	75.6586	3.11542	4.45365	101.184	12.6601	5.71596	2.93885	39.1564	62.463	58.9403	1.07713	0	0	104.823	8.54536e-06	0	0.00199758	29.6963	0	23.4057	40.255	266.162	0	197.446	1.64507e-06	0	0	1.2844e-07	30.9497	2.15567e-12	8.54802e-09	4.04883e-08	1.97571e-09	1.56997e-07	0.787672	2.43255	78.5909	0	0	9.36472e-08	1.88267e-10	0.000439851	0	1.13562e-07	0	0	0	0	0	0	9.635	11.3614	3.32439e-09	0	1.39946e-08	11.7126	0	62.5952	0.000263285	0.000152592	0	1.21347	2.45623e-06	0	0	2.34712e-07	0	
1.03	0	0	2.47713	8.10397e-10	0	0	2.39702e-08	6.61878e-08	3.58184e-10	0	99.6202	155.478	20.9032	74.6486	2.84101	4.13383	70.5382	11.6915	5.1594	2.44755	40.6652	64.4154	60.7326	1.20658	0	0	106.192	4.54758e-08	0	0.030754	30.1182	4.00276	84.7217	32.9681	261.148	0	196.158	0	0.00347029	0.000256939	1.36912e-07	26.6617	4.06163e-08	1.17767e-09	3.7676e-08	1.17676e-09	0	0.766917	2.3314	77.9711	0	0	5.26113e-07	1.58217e-10	7.85414e-05	0	8.53809e-08	0	0	0	0	0.000918067	0	10.1002	8.37284	1.4952e-09	0	1.67473e-08	8.91901	0	62.4992	0.000397276	7.30139e-05	0	1.12934	1.72955e-06	0	3.64826e-08	2.09393e-07	0	
1.035	0	0	2.06778	2.05115e-08	0	0	0	0	0	7.83115e-08	99.2178	155.093	25.3969	73.5095	2.57442	3.84177	41.1501	17.4721	4.58866	1.93167	42.0151	66.1143	62.1949	1.33611	0	2.27404e-07	107.463	0	0	0	30.5541	20.082	134.355	26.2453	255.796	0	194.827	1.58386e-08	0.00848793	0.00304444	1.43354e-07	21.5764	1.75857e-09	2.9169e-09	3.40084e-08	1.19989e-09	0	0.912952	2.23042	77.3686	0	0	1.52366e-06	1.3139e-10	0	0	7.08453e-08	0	0	0	0	2.62097e-05	0	10.7729	6.38523	5.72015e-10	2.588e-07	2.06698e-08	7.03413	0	62.552	0.000251589	0	0	0.977296	8.26224e-07	0	0	1.85541e-07	0	
1.04	0	0	3.27036	6.12901e-08	0	0	3.93683e-08	0.000103508	0	6.67731e-08	98.7961	154.628	25.7702	72.3374	2.31863	3.58068	22.4204	19.2399	4.01084	1.40071	43.2009	67.5533	63.3106	1.46262	0	0	108.672	0	0	0.00298264	31.0006	23.5249	142.144	20.1274	250.11	0	193.429	0	0.00751087	0.00298467	1.47496e-07	16.3999	0	3.97346e-09	2.97817e-08	3.44708e-10	0	5.26266	2.13094	76.7835	0	0	3.42276e-06	1.0706e-10	0	0	6.26211e-08	0	9.51008e-07	0	0	0	0	11.4668	5.05763	1.81801e-10	4.73825e-07	2.46987e-08	5.75265	0	62.6934	0	0	0	0.858149	3.18393e-07	0	2.1051e-10	1.63159e-07	1.14191e-05	
1.045	0	0	7.67087	0	0	0	0	0.000277654	0	1.3411e-07	98.3477	154.082	25.2444	71.1704	2.07807	3.35543	25.6233	16.2265	3.43419	0.866224	44.2185	68.731	64.0717	1.65616	0	0.476642	109.862	0	0	0.00499202	31.4536	24.3643	107.606	14.6582	244.097	0	191.934	3.44692e-08	0.00228231	0.000963126	1.49256e-07	12.1798	1.76773e-06	5.85006e-09	2.52382e-08	3.40726e-06	0	13.8501	2.03399	76.2156	0	0	6.49047e-06	8.66187e-11	0	0	5.49688e-08	0	0	0	0	0	0	11.9922	4.16816	0	9.54149e-07	2.97152e-08	4.86679	0	62.8853	0	0	0	0.799628	3.08245e-07	0	0	1.4225e-07	0	
1.05	0	0	13.5054	0	0	0	0	0	0	9.06109e-08	97.863	153.451	24.9491	70.0135	1.85558	3.16922	27.3968	12.7652	2.866	0.346923	45.0679	69.6455	64.4753	2.60356	0	1.83483	111.085	0	0	0.00377963	31.909	26.7656	88.3613	9.88135	237.768	0	190.306	1.04424e-08	0	0	1.48608e-07	9.21747	0	7.47421e-09	9.75568e-10	0	0	21.9949	1.94091	75.6646	0	0	1.09719e-05	6.87483e-11	0	0	4.62466e-08	0	0	0	0	0	0	12.1948	3.56587	1.50792e-06	0	3.53333e-08	4.23499	5.2652e-06	63.1046	0	0	0	0.794378	3.00798e-07	0	0	1.11283e-07	2.3226e-07	
1.055	0	0	18.8511	1.29546e-08	0	0	0	0	0	5.31573e-08	97.3318	152.728	24.8352	68.8756	1.65471	3.02484	20.4008	10.1086	2.31396	0	45.7548	70.3003	64.5286	4.42474	0	2.84128	112.395	7.78604e-07	0	0.000643604	32.3628	30.1561	80.564	5.84215	231.139	0	188.507	2.93911e-07	0	0	1.45604e-07	7.21547	2.01618e-08	8.86612e-09	9.4012e-10	6.90201e-07	0	28.2769	1.85253	75.1304	0	0	1.70627e-05	0	0	0	3.66145e-08	0	0	0	0	0.661376	0	12.015	3.14594	0	0	4.1466e-08	3.76303	8.9908e-07	63.3368	0	0	0	0.82843	2.95145e-07	0	1.61368e-10	0	0	
1.06	0	0	23.4976	0	0	0	1.04696e-08	2.37511e-05	0	1.85107e-08	96.7417	151.908	24.7072	67.7674	1.47846	2.92503	13.0516	8.10413	1.78752	0	46.2866	70.7053	64.2441	6.73822	0	3.46993	113.853	0	0	0	32.8102	33.4118	73.605	2.5895	224.232	9.81953e-10	186.493	7.65804e-09	0	0	1.40368e-07	5.7969	0	9.93285e-09	6.00816e-10	1.46981e-06	0	32.7942	1.76981	74.6127	0	0	0	0	0	0	2.68414e-08	0	5.01495e-07	0	0	1.26084	0	11.4545	2.83906	1.01332e-07	0	4.80607e-08	3.3898	2.30134e-07	63.5733	0	0	9.45977e-05	0.889687	2.85336e-07	0	2.60351e-10	2.45682e-07	3.0683e-09	
1.065	0	0	27.4181	2.83776e-08	0	0	1.27723e-06	8.84985e-05	7.955e-10	0	96.0796	150.981	24.5194	66.7043	1.32914	2.87156	8.96697	6.54391	1.2949	0	46.6766	70.874	63.6447	9.18684	0	3.96572	115.524	9.16688e-09	0	0	33.2468	36.3822	64.845	0.180547	217.08	1.59266e-09	184.217	5.19645e-09	0	0	1.3309e-07	4.72413	4.96749e-09	1.06743e-08	6.93783e-10	1.45327e-06	9.18998e-06	36.0315	1.69328	74.1114	0	0	0	0	0	0	1.77245e-08	0	0	0	0	1.45869	0	10.8102	2.60282	5.53729e-09	0	5.51267e-08	3.07733	0	63.8087	0	0	6.80132e-05	0.968731	2.7531e-07	0	1.934e-10	0.000457927	0	
1.07	0	0	30.6352	2.00398e-09	0	0	0	5.98653e-05	3.44318e-09	3.78316e-09	95.3322	149.94	24.3212	65.7006	1.20958	2.86512	7.11953	5.34694	0.844501	0.00178118	46.9412	70.8281	62.7571	11.4	0	4.45844	117.475	0	0	0	43.5705	39.2638	57.3898	0	209.729	1.65053e-09	181.634	0	0	0	1.24025e-07	3.86391	7.66409e-09	1.10977e-08	5.92779e-10	8.08931e-07	0	37.8921	1.62359	73.626	0	0	0	0	0	0	9.95005e-09	0	0	0	0	1.78593	0	10.2926	2.41035	2.00043e-08	0	6.27953e-08	2.80166	0	64.0397	0	0	4.55365e-05	1.05794	2.64947e-07	0	1.34032e-10	2.80711e-05	3.2014e-09	
1.075	0	0	33.0449	5.62967e-09	0	0	1.05247e-08	0	3.84835e-09	0	94.4854	148.775	24.1544	64.7632	1.1215	2.90604	6.26794	4.43913	0.446993	0.000410768	47.0991	70.594	61.6191	13.0297	0	4.95651	119.775	0	0	0	56.4114	42.1441	52.4185	0	202.23	1.43701e-09	178.697	1.83675e-09	0	0	1.13477e-07	3.13619	1.30913e-08	1.12355e-08	5.01535e-10	2.01572e-07	0	38.5297	1.56097	73.1563	0	0	8.68561e-08	0	0	0	4.08804e-09	0	0	0	0	2.84598	0	9.92069	2.2458	1.40004e-08	0	7.03215e-08	2.54994	0	64.2642	0	0	2.18944e-05	1.15081	2.54261e-07	0	9.58252e-11	0.00134031	1.21161e-09	
1.08	0	0	34.1312	1.35608e-09	0	0	0	4.20071e-05	2.20807e-09	9.36476e-09	93.5257	147.478	24.0332	54.4942	1.06637	2.99357	5.98012	3.75147	0.114267	0.000184	47.1716	70.2019	60.2687	13.7764	0	5.4378	122.495	0	0	0	69.5768	44.9832	52.7119	0	194.637	1.11372e-09	175.363	1.54734e-09	0	0	1.01794e-07	2.49282	1.83533e-08	1.11333e-08	3.97932e-10	1.88878e-07	0	37.9146	1.50559	72.702	0	0	9.48577e-09	0	0	0	6.00763e-10	0	0	0	0	4.91663	0	9.65285	2.09942	1.37927e-08	0	6.96173e-08	2.31457	0	64.4804	0	0	4.24277e-06	1.24204	2.43037e-07	0	7.72814e-11	0	8.89418e-10	
1.085	0	0	33.2249	2.04437e-10	2.65277e-07	0	6.18822e-10	2.81686e-05	2.4803e-09	0	92.4409	146.038	23.96	44.9709	1.04555	3.12587	6.06699	3.23957	0	0	47.1819	69.6877	58.7536	13.4276	4.6013e-06	5.89995	125.699	1.11586e-05	0	0	80.8457	47.7168	57.4802	0	186.991	1.01946e-09	171.591	1.44932e-09	0	0	8.93519e-08	1.90923	2.46652e-08	1.08442e-08	2.97696e-10	1.79311e-07	4.27026e-06	36.5082	1.45762	72.2628	0	0	6.24638e-09	3.73752e-05	0	0	1.04699e-10	0	0	0	0	7.24892	4.27162	9.45196	1.96607	1.07084e-08	0	6.56321e-08	2.09215	7.08035e-08	64.6872	0	0	0	1.32748	2.31193e-07	0	6.97125e-11	0	5.12257e-10	
1.09	0	0	29.5671	3.30586e-07	6.53083e-07	0	0	1.04835e-05	2.67015e-09	5.64045e-09	91.2202	144.448	23.9306	40.1275	1.05934	3.30045	6.36918	2.87723	0	0	47.1544	69.0876	57.1195	11.799	0	6.3607	129.454	0	0	0	87.7138	50.3031	66.6683	0.00413172	179.318	5.91144e-09	167.349	1.18722e-09	0	0	7.65451e-08	1.37529	3.14453e-08	1.04221e-08	2.03275e-10	1.75614e-07	0	34.9761	1.41679	71.8386	0	0	0	3.19067e-05	0	0	1.3901e-10	0	0	0	0	9.21093	9.89908	9.29125	1.84208	7.68446e-09	3.33247e-06	9.93293e-10	1.88051	9.52322e-06	64.8837	0	0	0	1.40409	2.18703e-07	0	6.86237e-11	0.00155675	6.00686e-10	
1.095	0	0	23.689	0	9.4239e-07	0	4.57753e-09	0	2.82593e-09	9.07304e-08	89.8554	142.703	23.9457	37.5821	1.10811	3.51324	6.77491	8.74113	0	0	49.408	68.7223	55.4169	9.28863	2.13519e-08	6.9413	133.816	2.4623e-07	0	0	88.6249	52.7105	84.1971	0.0111549	171.647	1.48367e-08	162.614	9.97003e-10	0	0	6.37696e-08	0.890669	3.84508e-08	9.91732e-09	1.15866e-10	1.67094e-07	1.21783e-07	33.8286	1.38306	71.4287	0	0	0	2.82941e-05	1.23285e-06	0	4.70083e-10	0	0	0	0	10.8849	13.3784	9.15123	1.72665	4.75765e-09	0	2.8477e-09	1.6802	0	65.0691	0	3.00132e-08	2.56227e-08	1.46983	2.0558e-07	0	7.16264e-11	0.00167483	7.76917e-10	
1.1	1.00656e-08	0	17.8361	6.30149e-09	1.18267e-06	4.61565e-06	0	18.9473	2.8999e-09	5.81445e-07	88.3417	140.797	24.0015	35.7643	1.19017	9.65572	7.22489	21.9861	3.99854e-05	0	52.9874	69.6587	53.7959	6.92924	4.55902e-06	7.77379	138.841	0	0	0	80.5454	54.9089	104.271	0	164.548	1.59032e-08	157.372	8.33511e-10	0	0	5.14038e-08	0.46049	4.54054e-08	9.36863e-09	4.89103e-11	1.58651e-07	0	33.4528	1.35609	71.0335	0	0	0	2.3633e-05	5.33115e-06	0	1.46302e-09	0	0	9.33789	0	11.5338	15.1934	9.01913	1.61941	2.46911e-09	0	5.80774e-10	1.49169	9.91198e-08	65.2427	0	4.87841e-08	1.59525e-05	1.52344	1.91859e-07	0	7.87862e-11	0.00086886	9.85209e-10	
1.105	2.53626e-08	2.75916e-06	13.3657	1.00483e-06	1.40198e-06	1.70499e-06	2.47235e-08	71.1899	2.91507e-09	2.93634e-06	86.6779	138.729	24.0947	34.3444	1.30416	33.9198	7.68749	35.413	0.00119252	8.48515e-07	55.9561	70.7008	52.2525	5.21666	0	8.92479	144.577	3.0617e-09	0	0	65.5987	56.8666	115.171	0	157.853	1.16842e-06	151.625	6.9505e-10	0	0	3.97844e-08	0.0995164	5.21282e-08	8.80774e-09	1.33624e-11	1.50252e-07	0	34.1073	1.33559	70.6525	0	0	3.26404e-10	2.01297e-05	0	0	3.9752e-09	0	0	20.4349	0	10.8079	15.2756	8.88787	1.51976	9.79897e-10	2.94187e-08	2.44793e-05	1.31675	0	65.404	0	6.01872e-08	5.0354e-05	1.56425	1.77598e-07	0	9.11128e-11	0.000389524	1.19283e-09	
1.11	3.77759e-08	0	10.296	0	1.61629e-06	4.78083e-07	0	115.465	2.87459e-09	0	84.8678	136.499	24.2202	33.3153	1.44619	68.036	8.14128	47.5563	0	1.12567e-06	58.8628	71.7322	50.864	4.08057	9.15898e-07	10.4073	151.067	0	0	0	53.7746	58.6003	127.033	0.00140518	151.325	5.84025e-09	145.393	5.70888e-10	0	0	2.92201e-08	0	5.85052e-08	8.26019e-09	1.95813e-11	1.42173e-07	0	35.813	1.32117	70.2856	0	0	5.49998e-10	1.7005e-05	0	0	9.15329e-09	0	0	24.3302	0	9.83364	14.3629	8.75458	1.42932	2.52118e-10	0	0	1.1564	7.69475e-08	65.5528	2.88488e-08	6.82287e-08	0	1.59211	1.62882e-07	0	1.09252e-10	0	1.39832e-09	
1.115	4.85816e-08	0	8.25704	0.630551	1.83479e-06	0	2.27862e-06	155.349	2.77824e-09	2.80202e-08	82.9196	134.112	24.3716	32.9054	1.61225	107.518	8.56948	59.9659	0	5.23137e-07	62.2428	73.0178	49.6836	3.33795	0	12.2196	158.351	9.28491e-09	0	0	46.2615	60.4268	142.241	0.00165677	144.978	2.41325e-08	138.71	4.6033e-10	0	0	1.99822e-08	0	6.44914e-08	7.7426e-09	7.59383e-11	1.34268e-07	0	38.444	1.31237	69.9331	0	0	6.51404e-10	1.4294e-05	0	0	1.78166e-08	3.70959e-06	0	25.964	0	9.17306	13.2726	8.6189	1.3479	0	1.01968e-07	2.86103e-07	1.01275	3.28037e-07	65.689	4.69314e-08	7.48562e-08	4.90118e-07	1.60707	1.47826e-07	0	1.33426e-10	0	1.60239e-09	
1.12	5.84561e-08	0	6.9423	5.53726	0	0	0	191.998	2.61921e-09	2.33308e-08	80.8461	131.578	24.542	33.2163	1.79648	150.664	8.95748	73.4389	0	4.08072e-07	66.1278	74.6528	48.7568	2.85479	1.52248e-08	14.3656	166.469	0	0	0	41.6193	64.0827	157.246	0.00216396	138.859	0	131.627	3.63318e-10	0.00063871	0	1.22748e-08	0	7.0032e-08	7.2564e-09	1.86109e-10	1.26498e-07	2.55162e-08	41.7927	1.30889	69.5951	0	0	7.39057e-10	1.19108e-05	3.34534e-07	0	2.93566e-08	0	0	25.985	7.70801e-07	8.6004	12.2446	8.48242	1.27699	9.13507e-08	0	0.0150376	0.887322	0	65.8127	5.83356e-08	8.09397e-08	0	1.60955	1.32572e-07	0	1.64036e-10	0	1.79958e-09	
1.125	6.7784e-08	0	6.12184	6.58532	5.63869	0	12.9295	224.399	2.38536e-09	3.75766e-08	78.6646	128.908	24.7208	34.1782	1.99285	194.605	9.29665	88.3179	0	2.34671e-07	70.6588	76.7836	48.1723	2.53915	0	16.8575	175.483	9.4293e-08	0	0	38.9609	74.7302	161.639	0.00222053	133.073	6.06309e-08	124.203	2.79874e-10	0.00451082	0	6.27954e-09	0.00168256	7.5127e-08	6.79785e-09	3.37656e-10	1.18849e-07	0	45.4565	1.31031	69.2717	0	0	8.56319e-10	9.84136e-06	2.2827e-07	0	4.03217e-08	0	0	24.182	0	7.82817	11.0523	8.34766	1.2179	0	0	2.13771	0.782526	0	65.9244	6.69023e-08	8.68493e-08	4.42669e-07	1.60015	1.17299e-07	0	2.01368e-10	0.000751378	1.98651e-09	
1.13	7.70023e-08	9.60467e-08	5.61765	6.21996	3.99581	0	32.4477	243.795	2.06495e-09	2.05615e-08	76.3968	126.122	24.893	35.7229	2.19422	224.582	9.57292	102.528	2.61863e-06	1.9647e-07	74.494	78.6249	47.636	2.32449	1.61872e-08	19.7024	185.48	0	0	0	37.5282	100.787	162.469	0	127.462	4.22262e-10	116.519	1.4782e-06	0	9.91821e-07	2.17939e-09	0.000154398	7.97754e-08	6.36496e-09	5.03518e-10	1.11334e-07	0	48.9627	1.31625	68.9634	0	1.13787e-05	9.99857e-10	8.05843e-06	2.18478e-07	0	4.41656e-08	0	3.39031e-06	20.9209	0	7.22905	9.55806	8.21817	1.17171	1.49885e-07	0	4.01758	0.700336	0	66.0247	7.42854e-08	9.27403e-08	8.76429e-07	1.57944	1.02208e-07	0	2.43096e-10	0.00627736	2.16115e-09	
1.135	8.79166e-08	0	5.30303	6.1855	3.69163	3.15878e-07	38.0175	245.306	2.20106e-09	2.46136e-08	74.066	123.242	25.037	37.9676	2.39272	248.71	9.7773	113.961	7.0385e-06	1.85531e-07	77.1322	79.9616	47.1312	2.16741	1.5366e-09	22.9011	196.538	8.07341e-07	0	0	36.7418	144.673	166.765	0	121.924	2.93806e-09	108.664	8.02616e-06	0	0	1.60336e-10	4.66509e-05	8.40441e-08	5.95528e-09	6.53039e-10	1.03968e-07	7.16082e-09	51.702	1.32631	68.6707	0	7.08615e-06	1.16142e-09	6.53637e-06	2.0524e-07	0	3.47444e-08	0	0	16.6603	2.41041	6.9442	8.24284	8.09779	1.13972	6.224e-06	0	4.62379	0.642608	0	66.1147	8.12059e-08	9.86763e-08	1.72607e-06	1.54812	8.75328e-08	0	2.86275e-10	0	2.32114e-09	
1.14	9.89237e-08	9.64807e-09	5.09248	6.42849	3.99117	1.85614e-09	37.5726	234.531	2.21001e-09	2.80711e-09	71.6985	120.297	25.1282	40.6467	2.58087	265.015	9.89922	121.445	4.76574e-06	1.78258e-07	78.5583	80.8539	46.7812	2.04116	5.88708e-09	26.4421	208.706	0	8.25457e-11	0.000533752	36.2739	200.569	171.921	6.68582	116.525	3.01269e-09	100.739	0	0.00199295	1.56212e-05	3.03164e-10	0	8.80297e-08	5.56487e-09	7.60567e-10	9.67638e-08	0	53.1597	1.34017	68.3942	0	5.71399e-06	1.33656e-09	5.24827e-06	1.98103e-07	0	1.53507e-08	0	5.24402e-08	12.1966	2.01863	6.86257	7.41309	7.99059	1.123	0	0	4.34073	0.611729	0	66.1955	8.79964e-08	1.04676e-07	3.17702e-06	1.50685	7.35202e-08	0	3.25958e-10	0	2.4656e-09	
1.145	1.09935e-07	0	4.93008	6.57286	4.0148	1.37966e-08	36.46	215.928	0	3.75534e-09	69.3203	117.316	25.1434	43.9052	2.75114	269.916	9.93198	123.949	2.48123e-06	1.70706e-07	78.5344	81.14	46.5356	1.92993	8.93867e-09	30.3023	221.987	1.23366e-07	1.8313e-10	0	35.9587	261.942	178.405	18.2699	111.312	2.29378e-10	92.8508	0	0.00352784	0	2.32452e-09	0	9.19099e-08	5.19124e-09	8.12691e-10	8.97348e-08	1.54039e-08	52.8741	1.35769	68.1349	0	5.32183e-06	1.52277e-09	4.1687e-06	1.90379e-07	0	1.97567e-09	6.15372e-06	3.71193e-07	8.4807	1.66166	6.87371	6.97341	7.90075	1.12295	6.70549e-08	0	3.72044	0.609914	0	66.2685	9.48176e-08	1.10736e-07	5.62502e-06	1.45633	6.04289e-08	0	3.55386e-10	0.00188918	2.59342e-09	
1.15	1.20773e-07	2.39559e-06	4.77852	6.55094	3.87149	0	35.9107	189.316	0	1.20628e-08	66.9565	114.333	25.0545	47.5653	2.89597	263.658	9.86689	120.78	1.11509e-06	1.62513e-07	76.9887	80.6339	46.2381	1.82407	1.412e-08	34.447	236.32	0	2.34348e-10	0	35.7118	322.599	189.091	29.9593	106.239	9.1676e-09	85.1104	0	0.00154371	8.55682e-07	6.3125e-09	0	9.59522e-08	4.83308e-09	8.09186e-10	8.28929e-08	0	49.775	1.37851	67.8938	0	6.4332e-06	1.72069e-09	3.2739e-06	1.82767e-07	1.41722e-08	5.22316e-07	0	2.61987e-07	5.79259	1.75626	6.91131	6.72085	7.83247	1.14027	0	9.27921e-08	3.03127	0.638853	0	66.3354	1.01746e-07	1.16838e-07	9.55427e-06	1.39719	4.85101e-08	0	3.66325e-10	0.0020141	2.70404e-09	
1.155	1.31283e-07	8.1551e-07	4.61446	6.49089	3.7211	0	35.3254	153.909	0	1.82177e-06	64.6332	111.385	24.8307	51.5038	3.00855	246.424	9.69908	111.802	5.12535e-07	1.05038e-07	74.0708	79.2772	45.744	1.71804	1.94103e-08	38.8285	251.578	3.41909e-06	2.58295e-10	0.000244787	35.4933	378.7	206.357	39.3684	101.143	0	77.6294	9.35633e-07	0.000494233	0	1.24008e-08	2.45275e-06	1.00534e-07	4.48839e-09	7.57312e-10	7.62492e-08	2.83311e-09	43.3517	1.40256	67.672	0	9.36589e-06	1.92845e-09	2.54134e-06	1.75028e-07	3.1927e-07	1.33101e-09	0	1.13413e-07	3.91876	1.69854	6.93191	6.51996	7.92489	1.17582	9.33667e-08	1.09187e-08	2.34661	0.700857	9.81631e-08	66.3979	1.08817e-07	1.2296e-07	1.56221e-05	1.3301	3.7947e-08	0	3.52008e-10	0.000930274	2.79719e-09	
1.16	1.4127e-07	4.97378e-06	4.42352	6.48691	3.5452	0	34.2734	116.16	1.33548e-10	2.54967e-08	62.375	108.506	24.4432	55.6923	3.08382	215.578	14.2213	98.0174	4.77898e-07	7.15809e-08	70.3494	77.3864	45.1346	1.60878	2.49861e-08	43.3822	267.607	0	2.67011e-10	0.000277457	35.2868	428.494	226.907	46.2248	95.9134	3.18583e-08	70.5153	2.83784e-06	0	0	2.07358e-08	0	1.06231e-07	4.15487e-09	6.69657e-10	6.98147e-08	0	33.7539	1.42972	67.4711	0	0	2.14654e-09	1.94772e-06	1.67381e-07	4.57386e-06	5.4156e-08	0	6.69395e-08	2.60379	1.55927	6.90689	6.30666	8.32075	1.22992	1.77237e-07	1.21942e-08	1.68113	0.796191	0	66.4579	1.16039e-07	1.29074e-07	2.46781e-05	1.25559	2.88266e-08	0	3.05301e-10	0	2.87412e-09	
1.165	1.50527e-07	2.93734e-06	4.19686	6.40769	3.32601	0	32.9648	88.6499	6.08804e-06	2.0505e-08	60.2069	105.731	23.8613	59.9505	3.11685	167.572	30.6477	81.4037	0.820573	5.1784e-08	66.5381	75.4973	44.748	1.4945	3.06814e-08	48.0247	284.178	0	2.67586e-10	0.000139335	35.0883	470.06	244.236	51.0448	90.6872	0	63.8641	3.99414e-06	0	3.33294e-09	3.14636e-08	0	1.13747e-07	3.83197e-09	5.60644e-10	6.36006e-08	4.40976e-08	23.5521	1.4599	67.2926	0	1.18649e-07	6.34386e-09	1.47151e-06	0	0	9.21528e-08	0	7.75748e-08	1.66521	1.40314	6.81717	6.04596	8.97947	2.16019	0	0	1.0515	2.04516	0	66.5173	1.23417e-07	1.35152e-07	3.77966e-05	1.17432	2.11729e-08	0	2.29258e-10	0	2.93263e-09	
1.17	1.58834e-07	6.41432e-07	4.16414	6.2389	3.29052	0	40.522	74.6269	1.27402e-07	8.9247e-09	58.1557	103.093	23.0575	64.1669	3.10517	110.488	53.1224	62.5273	2.63854	4.21061e-08	62.4902	73.4651	44.725	1.3958	3.64808e-08	52.6527	300.989	6.35821e-07	2.63346e-10	1.0043e-05	34.899	498.498	255.389	54.2311	85.799	3.91444e-08	57.7586	4.47289e-06	0	7.5133e-07	4.47329e-08	0	1.08032e-06	3.51927e-09	4.44484e-10	5.76175e-08	0	15.3187	1.49324	67.1386	0	0	0	1.09378e-06	0	0	8.29202e-09	0	8.39743e-08	0.976631	1.21956	6.65117	5.71541	9.69963	5.3284	0.548017	0	0.48817	5.70995	2.10256e-06	78.4251	1.30944e-07	1.41161e-07	5.63047e-05	1.08688	1.49485e-08	0	1.3739e-10	0	2.97578e-09	
1.175	1.65961e-07	1.54362e-07	5.87036	6.41325	5.33023	0	57.8888	71.5111	3.87883e-06	4.42294e-08	56.2464	100.618	22.0116	68.1807	3.04732	64.1594	75.9707	44.1743	2.54572	4.03499e-08	59.2981	72.0859	44.9946	1.76886	4.23865e-08	57.1657	317.727	0	2.56548e-10	0	39.1814	502.649	264.937	55.9016	81.5736	6.1767e-09	52.2627	4.39458e-06	0	7.86309e-09	6.06953e-08	0	1.55328e-06	3.21553e-09	3.32985e-10	5.18763e-08	3.93392e-08	9.75499	1.5299	67.0111	0	1.0299e-07	0	7.97993e-07	1.37641e-07	4.50912e-08	0	0	1.98219e-09	0.453235	1.0007	6.40121	5.30288	10.3172	10.3913	1.45088	0	0.0398971	10.9965	6.84459e-07	95.3499	0	0	8.18112e-05	2.37829	1.00646e-08	0	5.28042e-11	0	3.00284e-09	
1.18	1.71673e-07	1.44541e-07	10.6037	7.47091	10.9635	2.35979e-06	80.2361	77.2569	0	7.62642e-07	54.4983	98.3325	20.706	71.8147	2.94404	35.3032	99.7355	29.8904	2.3023	4.6608e-08	57.4854	71.5548	45.4537	3.01959	4.84786e-08	61.4618	334.041	2.06207e-08	2.48429e-10	0	51.0711	473.198	279.651	56.019	78.1461	1.34601e-08	47.421	0	0	3.25762e-08	7.95071e-08	0	3.96598e-09	2.92009e-09	2.34843e-10	4.63868e-08	1.41105e-07	6.2285	1.57007	66.9128	0	0	0	5.69749e-07	0.000828685	8.85562e-06	0	0	1.17823e-07	0.0521988	0.748402	6.06289	4.80309	10.8176	15.6654	1.89746	3.48109e-08	0	16.182	2.68495e-08	109.776	0	0	0	5.84682	6.39075e-09	0	0	0	3.01254e-09	
1.185	1.75736e-07	1.56088e-07	17.7135	9.47098	19.3813	0	104.097	90.4992	4.50496e-08	6.51772e-08	52.9272	96.253	19.1363	74.9188	2.79805	20.1999	121.251	20.343	2.29645	6.3299e-08	56.6942	71.5845	46.0366	4.99998	5.49688e-08	65.4481	349.592	0	2.39076e-10	8.40603	68.1156	423.34	301.378	54.5343	75.4739	3.33998e-09	43.257	1.86109e-08	0	0	1.0133e-07	4.77029e-09	9.10321e-09	2.63237e-09	1.5503e-10	4.11595e-08	0	3.98988	1.6142	66.8467	0	1.99822e-09	0	3.96597e-07	0.000107856	0.00374565	0.000414323	7.19042e-07	3.18506e-08	0	0.465165	5.63589	4.21845	11.265	20.1931	1.94618	6.21327e-07	0	20.537	4.12785e-07	119.355	5.4682e-05	1.47756e-05	0	10.3398	3.76251e-09	0	5.18799e-07	0	3.00723e-09	
1.19	1.77937e-07	1.82973e-06	25.6055	11.9331	28.805	6.19198e-08	119.94	102.239	0	7.39369e-09	51.5432	94.3926	17.306	77.3349	2.61274	12.3826	137.225	14.2786	2.3346	9.57513e-08	56.5013	71.9315	46.7041	7.19139	6.21815e-08	69.0741	364.047	3.20073e-10	2.28494e-10	0	83.0806	353.68	326.071	51.4489	73.4518	0	39.7708	0	0	2.04802e-09	1.26329e-07	3.38565e-06	0	2.35202e-09	9.52385e-11	3.62038e-08	6.40154e-05	2.5691	1.66276	66.8161	3.38283e-06	0	0	2.67824e-07	0	0	0.000834261	5.14576e-07	2.18199e-06	0	0.159381	5.12143	3.55454	11.7051	23.5092	1.82878	2.06929e-06	0	23.7702	0	123.729	0.00210957	0.00086329	0	14.8321	1.99946e-09	0	0	0	2.98743e-09	
1.195	1.78057e-07	5.15559e-06	32.4329	14.1216	36.9966	0	135.315	119.334	0	0	50.3519	92.7589	15.2299	78.8486	2.39428	8.0155	148.105	10.458	2.30337	9.30249e-08	56.6278	72.4475	47.4301	9.13434	7.059e-08	72.2976	377.09	1.8128e-10	2.16796e-10	48.3568	98.6205	320.546	352.837	46.826	71.9891	4.11847e-08	36.9459	9.71374e-09	0	0	1.54679e-07	6.52977	1.23276e-09	2.07765e-09	5.45198e-11	3.15294e-08	6.47479e-05	1.67338	1.71665	66.8252	0	0	0	1.74295e-07	0	0	0	2.37311e-07	8.61554e-08	0	6.10825e-06	4.52369	2.82281	11.825	24.4315	1.66466	3.68987e-06	0.00208664	24.3818	3.05083e-09	122.181	0.000554262	0	2.9753e-07	18.4196	9.1169e-10	0	6.59116e-08	0	2.95137e-09	
1.2	1.75862e-07	1.34885e-06	36.5206	14.5777	43.0029	0	145.163	126.288	2.37219e-06	5.97575e-09	49.3549	91.3542	12.939	79.3579	2.14928	5.42801	127.532	8.046	2.23475	6.70246e-08	56.9037	73.0449	48.2021	10.125	8.07887e-08	75.0621	388.446	3.03604e-10	2.03509e-10	0	104.02	303.435	361.061	40.7933	71.5829	7.1703e-07	34.7509	5.21289e-06	0	0.002867	1.86558e-07	13.8728	2.49561e-06	1.80882e-09	3.02992e-11	2.71451e-08	0	1.11253	1.77672	66.8788	2.05307e-08	0	0	1.08279e-07	0.00103863	0.00162235	0	7.45284e-08	8.66217e-08	0.00176384	0	3.85163	2.03925	11.54	21.9021	1.47328	4.84002e-06	0.00013788	21.2107	0	112.955	0	0	2.75205e-07	20.7693	3.17678e-10	0	0	1.117e-05	2.90188e-09	
1.205	1.711e-07	3.666e-08	39.343	14.3961	47.4322	0	137.719	110.108	0	0	48.5503	90.1762	10.4759	78.6594	1.88598	3.82472	129.239	6.51482	2.16183	4.21697e-08	57.2351	73.6775	49.015	10.7608	9.35147e-08	77.2968	397.873	0	1.8858e-10	1.13204	98.7268	263.319	338.238	33.5524	71.6584	0	33.1461	0	5.37449e-06	0	2.22152e-07	13.1855	5.29321e-07	1.54446e-09	1.80504e-11	2.30605e-08	0	6.91176	1.8443	66.9824	0	0	0	6.33049e-08	0.00107878	0.00216601	0.00037395	6.13845e-09	1.57874e-08	7.36697e-05	0	3.11462	1.23126	11.1954	17.3256	1.24633	5.3837e-06	1.54854e-05	16.5339	1.92562e-08	100.381	0	0.00035758	4.29262e-09	20.9396	0	0	0	0	2.83899e-09	
1.21	1.63503e-07	0	40.5328	14.0505	48.7728	6.66395e-10	131.682	104.167	3.35879e-08	1.19756e-08	47.9328	89.2191	7.90566	76.749	1.61216	2.73873	143.273	5.52587	2.09132	2.10514e-08	57.5779	74.325	49.8736	11.1709	1.09605e-07	78.9317	405.184	1.45105e-09	1.71054e-10	0	105.055	210.495	320.489	25.3966	71.7333	0	32.0852	6.7661e-08	0	4.76996e-06	2.61656e-07	11.2572	2.37186e-06	1.28395e-09	0	1.92836e-08	8.79114e-05	24.3612	1.92097	67.1429	2.51581e-08	0	0	3.40197e-08	0.00055592	0.000227758	0.000631432	0	1.10266e-08	0	0.000556434	2.32782	0.451967	11.0256	12.9239	0.981596	5.55089e-06	0	12.5349	3.14942e-07	89.3575	0.00246497	0.000345503	0	18.3542	3.12015e-06	0	2.27951e-08	0	2.76224e-09	
1.215	1.52774e-07	0	38.7902	13.0402	45.6365	5.00299e-10	127.497	109.614	0	2.11735e-09	47.4953	88.4735	5.3152	73.544	1.33709	1.91219	143.903	4.86723	2.02658	6.57709e-09	57.913	74.9842	50.7886	10.8414	1.29974e-07	79.9083	410.246	2.39659e-05	1.51328e-10	0.552005	114.997	155.664	313.594	16.7512	71.8805	9.45479e-08	31.52	0	0	0.00203012	3.05272e-07	10.401	2.52923e-06	1.02821e-09	1.22789e-06	1.69162e-08	6.8014e-05	49.0852	2.00865	67.3682	0	0	0	1.60688e-08	4.07463e-05	0.000106868	0.000421404	0	5.43438e-10	0	0.000270484	1.50846	0	11.0559	9.62063	0.686218	5.54346e-06	0	9.69335	0	81.4663	0.00221913	0.000144496	0	13.777	2.07555e-07	0	0	0	2.67184e-09	
1.22	1.38595e-07	7.11316e-09	34.0577	11.102	38.6933	5.49325e-10	115.821	110.97	2.61284e-09	2.08311e-09	47.2287	87.9265	2.84081	69.054	1.06905	1.22485	133.776	4.41513	1.97609	1.06366e-10	58.24	75.6644	51.7771	9.58734	1.5581e-07	80.1882	412.987	1.07587e-05	1.29964e-10	0.145055	112.745	105.868	304.431	8.27336	72.2968	4.0492e-06	31.4015	1.70089e-08	0	0	1.1623e-07	10.2455	1.55866e-06	7.79917e-10	0	1.34939e-08	2.24157e-05	77.4211	2.1099	67.6678	3.90774e-08	0	0	5.96884e-09	0	0	0.00013877	0	1.18066e-09	0	9.45494e-05	0.686337	0	11.2498	7.35233	0.375992	5.24884e-06	0	7.76866	0	76.248	0.000968272	0	0	8.92751	4.45206e-07	0	5.75304e-08	0	2.5699e-09	
1.225	1.20612e-07	8.20101e-09	27.3475	8.37211	29.783	5.12349e-10	96.4497	103.214	1.66311e-09	4.10824e-10	47.123	87.5648	0.728084	63.2808	0.816094	0.631945	114.321	4.1047	1.9488	2.88369e-09	58.5648	76.3799	52.8574	7.70496	1.88633e-07	79.7596	413.396	0	1.06473e-10	0.0888881	100.894	65.9259	289.063	1.16667	73.1249	9.39337e-08	31.6844	1.26598e-08	0	4.16054e-05	4.09811e-06	10.3011	2.88682e-07	5.43899e-10	0	1.04779e-08	0	105.588	2.2276	68.0528	0	0	0	0	0	0	0	9.66871e-09	4.5566e-08	0	0	0	0	11.5733	5.83867	0.0835733	4.19483e-06	1.6303e-06	6.50024	0	72.9042	0	0	0	5.12543	3.06983e-07	0	0	0	2.45718e-09	
1.23	9.84198e-08	7.92242e-09	19.9926	5.33488	20.7017	5.69849e-10	74.4097	87.9657	3.18999e-09	0	47.167	87.3719	0	56.3755	0.585647	0.128132	91.2001	3.8993	1.95335	1.43817e-08	58.8997	77.1493	54.0557	5.63297	2.30521e-07	78.638	411.521	5.14607e-08	8.28749e-11	0.000205971	89.8169	35.8602	260.398	0	74.3832	9.99709e-06	32.3255	2.44453e-08	0	0.000323144	0	10.4953	8.48604e-08	3.33432e-10	0	7.83007e-09	0	136.188	2.36526	68.5364	1.10886e-07	0	1.48941e-05	1.93681e-05	0	0	0	0	0	0	0	0	0.00222944	11.9982	4.86659	0	2.12128e-06	2.63901e-05	5.7026	7.95124e-08	70.8301	0	0	0	2.70782	3.33594e-07	0	4.19458e-09	0.00369678	2.33278e-09	
1.235	7.15764e-08	7.9376e-09	13.1866	2.55543	12.8498	6.44969e-10	53.0312	67.4499	2.64049e-09	3.95769e-08	47.3491	87.3319	0	48.4653	0.38374	0	67.2738	3.78291	1.99635	3.34308e-08	59.2589	77.9943	55.3955	3.72491	2.8448e-07	76.8653	407.468	7.03183e-06	5.95562e-11	0	84.2212	14.8625	214.724	0	76.0472	0	33.2865	1.74096e-09	0	0.000259568	5.3657e-08	10.8046	3.0583e-07	1.58904e-10	0	5.58637e-09	0	166.462	2.52708	69.134	0	0	9.19232e-06	3.25622e-05	0	0	0	1.30783e-08	2.30038e-09	0	0	0	0.000622684	12.4989	4.27125	0	2.59805e-07	1.20514e-06	5.22411	0	69.576	0	0	0	1.37294	3.24859e-07	0	0	0.0535099	2.19967e-09	
1.24	3.96089e-08	8.40513e-09	7.82326	0.512102	7.18451	7.20749e-10	32.9187	46.7297	2.29333e-09	8.73111e-08	47.6573	87.4279	0	39.85	0.215047	0	41.483	3.74858	2.08249	5.79874e-08	59.6559	78.937	56.9059	2.21974	0	74.5034	401.39	8.76601e-06	3.85887e-11	0	84.2939	2.70859	156.082	0	78.5728	2.24847e-07	34.5332	5.72622e-10	0	6.88076e-05	0	11.1567	8.03136e-08	4.41446e-11	0	3.73251e-09	0	194.816	2.71779	69.8632	1.57719e-08	0	3.24335e-06	3.04382e-05	0	0	0	1.32319e-08	3.15652e-08	0	0	0.00222698	0.00016559	13.0548	3.92341	0	0	6.03882e-07	4.94349	0	68.824	0	0	0	0.637455	3.22619e-07	0	0	0	2.05784e-09	
1.245	1.81538e-07	8.94117e-09	3.85793	0	3.81654	7.82401e-10	15.7991	29.8631	2.35327e-09	3.2408e-07	48.0797	87.6439	0.00672756	30.8389	0.0823774	0	19.3211	3.79306	2.21548	8.56386e-08	60.1047	80.001	58.6123	1.11283	8.22052e-09	71.6342	393.479	2.59087e-05	2.11432e-11	0	99.0533	0	102.298	0.0227294	87.9138	0	36.0361	0	0	0	3.71325e-08	11.4852	3.31292e-07	7.67896e-12	0	4.23104e-09	0	220.955	2.94277	70.7441	0	0	0	1.90494e-05	0	0	0	1.634e-08	3.40162e-08	0	0	0.000840936	0	13.6495	3.73054	0.00118995	0	0	4.77619	0	68.3666	0	0	0	0.214449	3.1399e-07	0	0	0.00902723	1.90895e-09	
1.25	7.76567e-07	9.32054e-09	1.11215	0	2.24309	8.26265e-10	3.92677	18.0483	1.30171e-09	4.57095e-08	48.6043	87.9651	0.00127665	21.7913	0	0.00187767	5.94018	3.91605	2.39675	1.14279e-07	60.6186	81.2078	60.5429	0.348903	0	68.35	383.96	1.40427e-05	7.67771e-12	0	128.971	0	59.9203	0.00339196	104.364	1.0747e-08	37.7693	0	9.88941e-09	0	4.54303e-08	11.882	1.76828e-07	6.68873e-11	5.34134e-08	1.23425e-08	0	245.107	3.20762	71.799	2.43529e-08	0	0	6.53107e-06	0	0	0	1.9228e-08	3.79583e-08	0	0	0.000284119	0	14.2694	3.62922	0.000144373	1.31792e-08	1.4139e-08	4.66563	1.14603e-07	68.0709	0	0	0	0	3.03018e-07	0	1.68955e-08	0.0748268	1.75565e-09	
1.255	2.03608e-06	9.46298e-09	0	0.00124535	1.70706	8.51306e-10	0	10.6647	2.27754e-10	3.12549e-08	49.2195	88.3775	0.000399399	13.2316	0	0	0.148719	4.11535	2.62566	1.41806e-07	61.2086	82.5788	62.7236	0	1.00056e-08	64.7506	373.078	1.98964e-05	0	0.000286463	159.574	0.0118303	32.2507	0.0020724	124.383	1.9402e-09	39.7115	0	2.89763e-08	0	7.86034e-08	12.4747	5.25487e-08	2.36869e-10	0	0.202913	0	267.38	3.51873	73.0525	0	1.10689e-06	0	1.30068e-08	0	0	0	2.2567e-08	4.16454e-08	0	0	0	0	14.9028	3.57821	4.74554e-05	0	5.12739e-08	4.57674	3.59658e-07	67.8523	0	0	0	0	2.89096e-07	0	0	0	1.59802e-09	
