time,Channel_01,Channel_02,Channel_03,Channel_04,Channel_05,Channel_06,Channel_07,Channel_08,Channel_09,Channel_10,Channel_11,Channel_12,Channel_13,Channel_14,Channel_15,Channel_16,Channel_17,Channel_18,Channel_19,Channel_20,Channel_21,Channel_22,Channel_23,Channel_24,1_GLUT_MED_1(3),1_GLUT_MED_1(3)_ACC_X,1_GLUT_MED_1(3)_ACC_Y,1_GLUT_MED_1(3)_ACC_Z,2_BICEP_FEM_1(3),2_BICEP_FEM_1(3)_ACC_X,2_BICEP_FEM_1(3)_ACC_Y,2_BICEP_FEM_1(3)_ACC_Z,3_RECT_FEM_1(3),3_RECT_FEM_1(3)_ACC_X,3_RECT_FEM_1(3)_ACC_Y,3_RECT_FEM_1(3)_ACC_Z,4_TIBIAL_ANT_1(3),4_TIBIAL_ANT_1(3)_ACC_X,4_TIBIAL_ANT_1(3)_ACC_Y,4_TIBIAL_ANT_1(3)_ACC_Z,5_GLUT_MED_2(4),5_GLUT_MED_2(4)_ACC_X,5_GLUT_MED_2(4)_ACC_Y,5_GLUT_MED_2(4)_ACC_Z,6_BICEP_FEM_2(4),6_BICEP_FEM_2(4)_ACC_X,6_BICEP_FEM_2(4)_ACC_Y,6_BICEP_FEM_2(4)_ACC_Z,7_RECT_FEM_2(4),7_RECT_FEM_2(4)_ACC_X,7_RECT_FEM_2(4)_ACC_Y,7_RECT_FEM_2(4)_ACC_Z,8_TIBIAL_ANT_2(4),8_TIBIAL_ANT_2(4)_ACC_X,8_TIBIAL_ANT_2(4)_ACC_Y,8_TIBIAL_ANT_2(4)_ACC_Z
0.45416666666666666,0.8316495548933744,-0.47547513619065285,1.9344906928017735,-0.0789179652929306,1.2545767426490784,1.02196941152215,2.1921297162771225,-0.15787675976753235,-0.6869687791913748,1.3739375583827496,-1.2480803299695253,1.5331411827355623,-0.8701227605342865,1.5076286997646093,-0.0791430938988924,0.8678731601685286,0.5455134203657508,-0.2342700446024537,-0.1944290124811232,-0.8975758100859821,-0.0,2.4469993263483047,1.0517257824540138,-0.5222631432116032,-2.5662319118558482e-05,-7280.0,-1680.0,-23520.0,-2.6845663002899927e-05,1680.0,,-240.0,-1.0583182308179936e-05,-21760.0,80.0,-160.0,1.09266700468757e-05,-22400.0,80.0,-160.0,-2.566494935231649e-05,-21680.0,-80.0,-560.0,-1.575042148428186e-05,-21760.0,,,-1.8296443893014904e-05,,,,-2.4314548431043307e-05,,,
0.4583333333333333,0.9900589939206839,-0.47547513619065285,1.855531889013946,-0.1183769479393959,1.2545767426490784,1.2578085064888,2.035549022257328,-0.0,-0.9294283483177423,1.2931177020072937,-1.1675590183585882,1.6138328239321709,-0.8701227605342865,1.269582062959671,-0.0791430938988924,0.3944878000766039,0.42861768743023276,-0.11713502230122685,-0.1944290124811232,-0.9756258805282414,-0.17599526792764664,2.621784992516041,1.139369597658515,-0.6963508576154709,-2.734176628839055e-05,-2000.0001220703125,4480.0,-22000.0,8.636574723372968e-06,2400.0,,-240.0,-9.271825766996164e-06,-21680.0,80.0,-160.0,1.3626947368549367e-06,-22320.0,80.0,-160.0,-2.569734376141439e-05,-21680.0,-80.0,-560.0,-1.6029046971859648e-05,-21760.0,,,-1.8462364150164355e-05,,,,-2.451691621312515e-05,,,
0.4625,0.8712519146502018,-0.3169834241271019,1.9344906928017735,-0.1183769479393959,1.4898098818957806,1.17919547483325,2.1138393692672253,-0.07893837988376617,-0.9294283483177423,1.4143474865704775,-1.2078196741640568,1.4121037209406495,-0.8701227605342865,1.5076286997646093,0.1582861877977848,0.7889756001532078,0.7403396419249475,-0.3123600594699383,-0.15554320998489857,-0.8195257396437228,-0.26399290189146996,2.4469993263483047,1.3146572280675173,-1.0445262864232063,-2.9018848345923904e-05,-2000.0001220703125,4480.0,-22000.0,3.4204487714240115e-06,2400.0,,-240.0,-7.375960808251268e-06,-21680.0,80.0,-160.0,-2.0581687875282327e-05,-22320.0,80.0,-160.0,-2.5768936092166253e-05,-21680.0,-80.0,-560.0,-1.5920876462794374e-05,-21760.0,,,-1.8289112044888884e-05,,,,-2.4141858993613095e-05,,,
0.4666666666666667,0.9900589939206839,-0.35660635214298964,2.0924083003774285,-0.1972949132323265,1.3329877890646458,1.2578085064888,2.2704200632870197,-0.39469189941883087,-0.9698382765054703,1.2931177020072937,-1.3286016415804625,1.5331411827355623,-1.1074289679527283,1.5869775786995888,0.1582861877977848,1.0256682801991701,0.7013743976131082,-0.273315052036196,-0.07777160499244928,-0.6244005635380745,-0.08799763396382332,2.3596064932644367,1.0517257824540138,-0.5222631432116032,-2.9983236237165816e-05,5920.0,19360.0,-17040.0,-2.5847015315601934e-05,-1600.0001220703125,,-240.0,-1.0118349049771007e-05,-21760.0,,-240.0,-1.0804268809696941e-05,-22320.0,80.0,-160.0,-2.57629031484559e-05,-21600.0,,-480.0,-1.6273372609060168e-05,-21760.0,,,-1.8467077208624135e-05,,,,-2.4555484709731876e-05,,,
0.4708333333333333,1.108866073191166,-0.3962292801588774,1.8950112909078598,-0.1578359305858612,1.4898098818957806,1.1005824431777,1.9572586752474308,-0.3157535195350647,-1.0506581328809261,1.3335276301950216,-1.3286016415804625,1.6138328239321709,-1.2656331062316895,1.6663264576345682,0.1582861877977848,0.3155902400612831,0.4675829317420721,-0.15618002973496914,-0.03888580249622464,-0.6244005635380745,-0.26399290189146996,2.4469993263483047,1.2270134128630161,-0.7833947148174047,-2.7071645668345e-05,21040.0,34640.0,-9120.0,1.1428822250121438e-06,-14240.0009765625,-80.0,-320.0,-9.29289720096396e-06,-21680.0,80.0,-240.0,-3.861302842881763e-06,-22320.0,80.0,-80.0,-2.6012514048704598e-05,-21680.0,-80.0,-480.0,-1.586709399985643e-05,-21680.0,,,-1.8533895445760123e-05,,,,-2.434782403520734e-05,,,
0.475,0.9504566341638565,-0.4358522081747651,1.9739700946956873,-0.1972949132323265,1.2545767426490784,1.17919547483325,2.1921297162771225,-0.23681513965129852,-1.0102482046931982,1.3739375583827496,-1.4493836089968681,1.5331411827355623,-1.0283268988132477,2.2217686101794243,-0.0791430938988924,0.3944878000766039,0.7793048862367868,-0.2342700446024537,0.2722006174735725,-0.46830042265355587,-0.6159834377467632,2.3596064932644367,0.9640819672495127,-1.0445262864232063,-2.981369201762317e-05,21040.0,34640.0,-9120.0,-9.72073075701269e-06,-14240.0009765625,-80.0,-320.0,-7.693263988144735e-06,-21680.0,80.0,-240.0,1.1957397430747974e-05,-22320.0,80.0,-80.0,-2.5679353649155122e-05,-21680.0,-80.0,-480.0,-1.5771406133887082e-05,-21680.0,,,-1.837279505859362e-05,,,,-2.433829301411324e-05,,,
0.4791666666666667,1.1484684329479933,-0.4358522081747651,1.9739700946956873,-0.1972949132323265,1.2545767426490784,0.9433563798666,2.1921297162771225,-0.15787675976753235,-1.131477989256382,1.2527077738195658,-1.4493836089968681,1.5331411827355623,-1.0283268988132477,1.5076286997646093,-0.0791430938988924,0.8678731601685286,0.5065481760539114,-0.3123600594699383,0.11665740748867393,-0.4292753874324262,-0.08799763396382332,2.3596064932644367,1.2270134128630161,-0.5222631432116032,-2.7106428077925153e-05,40880.0,28800.001953125,-6400.00048828125,-3.259396354075503e-05,8400.0,-80.0,-240.0,-4.642803657253878e-06,-21680.0,80.0,-160.0,-7.869400004545737e-06,-22400.0,80.0,-80.0,-2.5597564632637987e-05,-21680.0,-80.0,-560.0,-1.610234637963357e-05,-21760.0,,,-1.840111537102212e-05,,,,-2.4283870635710605e-05,,,
0.48333333333333334,1.227673152461648,-0.5547209922224283,1.8950112909078598,-0.2367538958787918,1.3329877890646458,1.1005824431777,2.1921297162771225,-0.39469189941883087,-1.0102482046931982,1.4951673429459333,-1.3286016415804625,1.7348702857270837,-1.5029393136501312,1.5076286997646093,-0.0,0.8678731601685286,0.4675829317420721,-0.3123600594699383,0.42774382745847106,-0.3512253169901669,-0.3519905358552933,2.3596064932644367,1.4023010432720184,-0.7833947148174047,-2.5464143688760975e-05,40880.0,23626.66796875,-8986.6669921875,-2.446296494983363e-05,11253.3330078125,,-240.0,-3.4221491727258707e-06,-21680.0,80.0,-186.6666717529297,1.6288566548230791e-07,-22400.0,106.66666412353516,-106.66666412353516,-2.5921316081405554e-05,-21680.0,-80.0,-533.3333129882812,-1.5782604177682052e-05,-21760.0,,,-1.8258840514813945e-05,,,,-2.4162465988189974e-05,,,
0.4875,1.227673152461648,-0.47547513619065285,1.8950112909078598,-0.2367538958787918,1.4898098818957806,1.1005824431777,2.1921297162771225,-0.07893837988376617,-1.0506581328809261,1.3739375583827496,-1.288340985774994,1.936599388718605,-1.5820413827896118,1.6663264576345682,-0.395715469494462,0.5522829201072454,0.5065481760539114,-0.3123600594699383,0.4666296299546957,-0.23415021132677794,-0.0,2.3596064932644367,1.139369597658515,-0.6963508576154709,-2.6659061364577106e-05,40880.0,13280.0,-14160.0009765625,-2.3724307954017896e-05,16960.0,,-240.0,9.276858544769712e-07,-21680.0,80.0,-240.0,2.0370180078575122e-05,-22400.0,160.0,-160.0,-2.578214638876376e-05,-21680.0,-80.0,-480.0,-1.569357009740147e-05,-21760.0,,,-1.839629550103917e-05,,,,-2.4358768401634787e-05,,,
0.4916666666666667,1.108866073191166,-0.6339668482542038,2.013449496589601,-0.1972949132323265,1.2545767426490784,1.17919547483325,2.2704200632870197,-0.07893837988376617,-0.9698382765054703,1.697216983884573,-1.5299049206078053,1.8155619269236922,-1.0283268988132477,1.825024215504527,-0.0791430938988924,0.6311804801225662,0.6234439089894295,-0.35140506690368056,0.5055154324509203,-0.23415021132677794,-0.26399290189146996,2.3596064932644367,1.4023010432720184,-0.8704385720193386,-2.6369104318800388e-05,40880.0,3120.0,-9760.0,-1.723753352581535e-05,9680.0,,-320.0,-5.62516211043162e-07,-21680.0,,-160.0,-5.115131365259363e-06,-22400.0,160.0,-160.0,-2.5682409221657173e-05,-21680.0,-80.0,-480.0,-1.5533146818997906e-05,-21760.0,,,-1.8522800398791065e-05,,,,-2.4154199539236235e-05,,,
0.49583333333333335,1.2672755122184753,-0.6339668482542038,2.013449496589601,-0.2367538958787918,1.8034540675580502,0.70751728489995,2.427000757306814,-0.15787675976753235,-1.091068061068654,1.4951673429459333,-1.4091229531913996,1.7348702857270837,-1.34473517537117,1.9043730944395065,0.1582861877977848,0.9467707201838493,0.4675829317420721,-0.3123600594699383,0.5832870374433696,-0.2731752465479076,-0.0,2.3596064932644367,1.0517257824540138,-0.609307000413537,-2.119639772785631e-05,40880.0,3120.0,-9760.0,-7.83708618092737e-06,9680.0,,-320.0,-6.114635452091326e-06,-21680.0,,-160.0,-4.3506801495380495e-05,-22400.0,160.0,-160.0,-2.5890218669374692e-05,-21680.0,-80.0,-480.0,-1.5880824048955067e-05,-21760.0,,,-1.8499128294968996e-05,,,,-2.4720729765467016e-05,,,
0.5,1.0296613536775112,-0.27736049611121416,2.013449496589601,-0.2762128785252571,1.0193436034023762,1.02196941152215,2.1138393692672253,-0.07893837988376617,-0.9294283483177423,1.5355772711336613,-1.5701655764132738,1.775216106325388,-1.34473517537117,1.825024215504527,-0.1582861877977848,0.9467707201838493,0.5455134203657508,-0.35140506690368056,0.5832870374433696,-0.23415021132677794,-0.08799763396382332,2.621784992516041,1.3146572280675173,-0.6963508576154709,-2.4216880737198097e-05,38160.0,-15280.0,3440.0,-3.720313635016291e-05,6480.0,,-240.0,-1.0034092877803558e-05,-21760.0,80.0,-160.0,-5.56555222059799e-06,-22400.0,80.0,-160.0,-2.5774627620472196e-05,-21760.0,-80.0,-480.0,-1.609657474268525e-05,-21680.0,,,-1.826079745450627e-05,,,,-2.441089814698657e-05,,,
0.5041666666666667,1.227673152461648,-0.5150980642065406,1.8950112909078598,-0.2762128785252571,1.2545767426490784,0.86474334821105,2.035549022257328,-0.3157535195350647,-1.0506581328809261,1.5355772711336613,-1.5299049206078053,1.8962535681203008,-1.0283268988132477,1.5869775786995888,0.0791430938988924,0.9467707201838493,0.5844786646775901,-0.273315052036196,0.5055154324509203,-0.23415021132677794,-0.08799763396382332,2.4469993263483047,1.4023010432720184,-1.3927017152309418,-2.5321239407505563e-05,27839.998046875,-17840.0,-5360.0,-1.0373510334527178e-05,1760.0001220703125,,-320.0,-2.2818782748784596e-05,-21680.0,,-160.0,2.3590955674691492e-05,-22400.0,80.0,-160.0,-2.6068326884257044e-05,-21680.0,-160.0,-480.0,-1.623515887929825e-05,-21760.0,,,-1.819602008040224e-05,,,,-2.4537147460022314e-05,,,
0.5083333333333333,1.1880707927048206,-0.5547209922224283,2.0924083003774285,-0.1578359305858612,1.4113988354802132,1.2578085064888,2.2704200632870197,-0.07893837988376617,-1.131477989256382,1.5759871993213892,-1.4493836089968681,1.8962535681203008,-1.2656331062316895,1.6663264576345682,-0.0,1.0256682801991701,0.5065481760539114,-0.273315052036196,0.7777160499244928,-0.0,-0.08799763396382332,2.4469993263483047,1.0517257824540138,-0.7833947148174047,-2.53175086335892e-05,27839.998046875,-17840.0,-5360.0,-2.7578759123790737e-06,1760.0001220703125,,-320.0,-1.2049520462131596e-05,-21680.0,,-160.0,3.8654377362886815e-06,-22400.0,80.0,-160.0,-2.5996272975137204e-05,-21680.0,-160.0,-480.0,-1.6063222844576097e-05,-21760.0,,,-1.818621058640845e-05,,,,-2.463397973516846e-05,,,
0.5125,1.227673152461648,-0.5150980642065406,2.013449496589601,-0.2762128785252571,1.2545767426490784,1.02196941152215,2.1138393692672253,-0.39469189941883087,-1.0506581328809261,1.5759871993213892,-1.4493836089968681,1.8559077475219965,-1.2656331062316895,1.983721973374486,-0.2374292816966772,0.5522829201072454,0.5065481760539114,-0.35140506690368056,0.7777160499244928,-0.15610014088451862,-0.17599526792764664,2.0974279940128326,1.0517257824540138,-0.5222631432116032,-2.1599163000887277e-05,34240.0,-14080.0009765625,-18480.0,1.6790404277371488e-06,-14000.0009765625,,-240.0,-1.0869246455406912e-05,-21760.0,,-160.0,-6.39349706942926e-05,-22400.0,80.0,-160.0,-2.6114032679429734e-05,-21600.0,-80.0,-480.0,-1.5605715712247305e-05,-21680.0,,,-1.842690081712401e-05,,,,-2.4681747374208016e-05,,,
0.5166666666666667,1.227673152461648,-0.752835632301867,2.171367104165256,-0.4340488091111183,1.568220928311348,0.9433563798666,2.1138393692672253,-0.47363027930259705,-1.17188791744411,1.5759871993213892,-1.5299049206078053,1.775216106325388,-1.34473517537117,1.9043730944395065,-0.1582861877977848,1.104565840214491,0.5455134203657508,-0.2342700446024537,0.8554876549169421,0.039025035221129656,-0.26399290189146996,2.2722136601805687,1.139369597658515,-0.8704385720193386,-2.2855331363194273e-05,34240.0,-14080.0009765625,-18480.0,-1.8942752790308912e-05,-14000.0009765625,,-240.0,4.722119796274815e-06,-21760.0,,-160.0,2.19259089870008e-05,-22400.0,80.0,-160.0,-2.560459702702941e-05,-21600.0,-80.0,-480.0,-1.5690449675046067e-05,-21680.0,,,-1.845180888285702e-05,,,,-2.4673274931602453e-05,,,
0.5208333333333334,1.1880707927048206,-0.7132127042859793,1.9344906928017735,-0.394589826464653,1.4113988354802132,1.1005824431777,2.2704200632870197,-0.07893837988376617,-1.0102482046931982,1.3739375583827496,-1.288340985774994,1.7348702857270837,-0.8701227605342865,1.983721973374486,0.0791430938988924,0.8678731601685286,5.260307982098311,2.4207904608920217,1.1276882723905146,-8.546482713427395,-3.7838982604444027,-3.408320490270853,-12.270134128630161,-19.062604727223516,-2.2465480747723473e-05,29440.0,-13840.0,-22640.0,-2.5209442075024152e-05,-15040.0,,-240.0,-4.660278308546428e-06,-21760.0,80.0,-160.0,3.987820424502034e-05,-22400.0,160.0,-240.0,-2.5810157710714522e-05,-21600.0,-80.0,-560.0,-1.5715604742426404e-05,-21760.0,,,-1.847983164889955e-05,,,,-2.460429185377369e-05,,,
0.525,0.9504566341638565,-0.6735897762700915,2.2108465060591698,-0.2367538958787918,1.2545767426490784,0.9433563798666,2.348710410296917,0.07893837988376617,-1.0506581328809261,1.4951673429459333,-1.731208199635148,1.7348702857270837,-1.5029393136501312,1.7456753365695477,0.3165723755955696,1.104565840214491,2.8054975904524326,-1.7179803270846605,7.62161728926003,-1.248801127076149,-1.0559716075658798,-1.3982853293418884,-17.265831595286727,-30.726481592282653,-2.890585510585274e-05,25360.0,-14480.0009765625,-16960.0,-1.810695071417204e-05,-18560.0,,-240.0,2.5131535466639304e-06,-21760.0,80.0,-160.0,8.067385843889621e-05,-22320.0,80.0,-160.0,-2.597977440950503e-05,-21600.0,-80.0,-480.0,-1.5848161657374934e-05,-21760.0,,,-1.8383367492038607e-05,,,,-2.4456588683370237e-05,,,
0.5291666666666667,1.1880707927048206,-0.5547209922224283,2.1318877022713423,-0.3551308438181877,1.568220928311348,1.49364760145545,2.035549022257328,-0.23681513965129852,-0.9698382765054703,1.4951673429459333,-1.7714688554406166,1.8155619269236922,-1.5820413827896118,1.6663264576345682,0.1582861877977848,1.1834634002298117,4.013420164119452,-3.553095676470548,16.17649383842945,2.380527148488909,-4.311884064227343,-7.166212312877178,-34.44401937536895,-59.97321761213243,-3.6881427671775924e-05,25360.0,-14480.0009765625,-16960.0,-5.768105969171063e-06,-18560.0,,-240.0,8.72399423303995e-06,-21760.0,80.0,-160.0,5.020079409322588e-05,-22320.0,80.0,-160.0,-2.568545144271883e-05,-21600.0,-80.0,-480.0,-1.5917892415865872e-05,-21760.0,,,-1.865641017018225e-05,,,,-2.4408878264789522e-05,,,
0.5333333333333333,1.2672755122184753,-0.7924585603177547,2.0924083003774285,-0.4340488091111183,1.176165696233511,1.1005824431777,2.1921297162771225,0.15787675976753235,-1.131477989256382,1.3739375583827496,-1.6909475438296795,1.9769452093169093,-1.5820413827896118,1.983721973374486,-0.1582861877977848,1.420156080275774,2.298949414398521,-10.854512066580355,25.159114215057343,10.653834615368396,-10.119727905839682,-13.982853293418884,-54.51445305719972,-100.18747963942587,-2.862458221837929e-05,16800.0,-13280.0,-13600.0,-6.820559484427692e-06,-21200.0,,-240.0,1.2095630138376264e-06,-21760.0,80.0,-160.0,2.017198176059408e-05,-22400.0,80.0,-240.0,-2.6065353327745996e-05,-21680.0,-80.0,-560.0,-1.594159980563756e-05,-21760.0,,,-1.82288684384736e-05,,,,-2.43388556819585e-05,,,
0.5375,1.3068778719753027,-0.8320814883336425,2.2898053098469973,-0.6708027049899101,1.176165696233511,0.7861303165555,2.035549022257328,-0.39469189941883087,-1.2122978456318378,1.5759871993213892,-1.8922508228570223,2.0172910299152136,-1.4238372445106506,2.380466368049383,-0.4748585633933544,1.1834634002298117,-0.9741311077959836,-17.531208337750286,29.31989508215338,19.707642786670476,-13.903626166284084,-17.828137949109077,-70.81620268523693,-138.39973295107484,-2.122222132093076e-05,13386.6669921875,-12533.3330078125,-20000.0,-2.165371126429936e-05,-15013.333984375,,-293.3333435058594,-8.023491839178666e-06,-21760.0,,-160.0,-5.991975292336316e-06,-22346.666015625,80.0,-186.6666717529297,-2.5681417400370615e-05,-21680.0,-80.0,-506.6666564941406,-1.563492771015939e-05,-21760.0,,,-1.8330245925400265e-05,,,,-2.4420627532337983e-05,,,
0.5416666666666667,1.5444920305162668,-0.9905732003971934,2.3687641136348248,-0.7102616876363754,1.6466319747269154,1.2578085064888,2.348710410296917,-0.47363027930259705,-1.3335276301950216,1.5759871993213892,-2.093554101884365,2.1786743123084307,-1.9775517284870148,2.3011174891144037,-0.4748585633933544,1.4990536402910948,-6.351334822829813,-32.29022114770487,25.275771622546017,22.985745745245367,-23.58336590230465,-24.38260043039918,-89.57197913900018,-188.53699469938874,-2.9527563020542843e-05,11680.0,-12160.0,-23200.0,-2.6104055338756682e-05,-11920.0009765625,,-320.0,-6.694846136356416e-06,-21760.0,,-160.0,8.166673258189726e-05,-22320.0,80.0,-160.0,-2.558539384104274e-05,-21680.0,-80.0,-480.0,-1.598716731803472e-05,-21760.0,,,-1.8425075484487016e-05,,,,-2.4392538009093473e-05,,,
0.5458333333333334,1.6632991097867489,-0.9905732003971934,2.4477229174226522,-0.7497206702828407,1.7250430211424828,0.86474334821105,2.1138393692672253,-0.5525686591863632,-1.5355772711336613,1.737626912072301,-2.0532934460788965,2.501440877094865,-1.8984496593475342,2.697861883789301,-0.791430938988924,1.3412585202604532,-9.975102543830872,-45.64361369004473,14.07666050363332,15.688064158894122,-33.263105638325214,-31.286634244024754,-105.08493443019688,-231.1014408711344,-2.9703348084796294e-05,9520.0,-11760.0,-39680.0,-5.754163250700406e-06,16080.0009765625,,-320.0,1.1857883423430863e-05,-21760.0,80.0,-160.0,-0.0001192113720745085,-22400.0,160.0,-160.0,-2.567397492602417e-05,-21600.0,-80.0,-480.0,-1.5955243070373622e-05,-21760.0,,,-1.8803821516245618e-05,,,,-2.457049745078284e-05,,,
0.55,1.5840943902730942,-1.347179552540183,2.3687641136348248,-0.9470155835151672,1.568220928311348,0.6289042532444,2.5052911043167114,-0.7104454189538956,-1.5355772711336613,1.656807055696845,-2.2143360693007708,2.3400575947016478,-2.0566537976264954,2.539164125919342,-0.9497171267867088,1.2623609602451324,-10.130963521078229,-55.287730526179075,-1.0110308649018407,-0.23415021132677794,-42.67885247245431,-36.44281139597297,-117.79328763484955,-266.0060276091099,-2.821737282304509e-05,9520.0,-11760.0,-39680.0,2.8807873653158224e-06,16080.0009765625,,-320.0,-4.8742127295456025e-06,-21760.0,80.0,-160.0,-2.1718255941870776e-05,-22400.0,160.0,-160.0,-2.5742774898384647e-05,-21600.0,-80.0,-480.0,-1.6096588094125647e-05,-21760.0,,,-1.832577700756487e-05,,,,-2.4424777922952504e-05,,,
0.5541666666666667,1.5840943902730942,-1.1886878404766321,2.5661611231043935,-0.8680976182222366,1.8818651139736176,0.86474334821105,2.1921297162771225,-0.3157535195350647,-1.3739375583827496,1.737626912072301,-2.013032790273428,2.541786697693169,-1.9775517284870148,2.539164125919342,-1.2662895023822784,1.4990536402910948,-7.09167446475476,-65.24420742178336,-17.77081174077466,-26.302873739041388,-56.846471540629864,-47.80387969687581,-135.40969449095428,-305.1757633499801,-2.4583042082709176e-05,7600.0,-8880.0,-40960.0,-2.582861321603902e-05,31840.001953125,80.0,-320.0,-2.2144515458464252e-06,-21760.0,80.0,-160.0,2.3849504410610985e-05,-22400.0,80.0,-80.0,-2.5440538342140885e-05,-21680.0,,-480.0,-1.590386768140421e-05,-21760.0,,,-1.827118487513434e-05,,,,-2.4815418180755295e-05,,,
0.5583333333333333,1.7425038293004036,-1.1490649124607444,2.5266817212104797,-0.9075566008687019,1.6466319747269154,0.55029122158885,2.2704200632870197,-0.47363027930259705,-1.5355772711336613,1.737626912072301,-2.0532934460788965,2.3400575947016478,-2.0566537976264954,2.3011174891144037,-1.0288602206856012,1.4990536402910948,-4.364107362926006,-68.17258297931403,-36.902626568917185,-49.91302004782483,-70.22211190313101,-57.854055501520634,-149.87092399969697,-333.55206079781055,-2.3256977022580606e-05,640.0,11760.0,-40960.0,-2.0365911432345665e-05,33200.0,,-240.0,-5.721152767995663e-06,-21760.0,80.0,-160.0,3.2743039048496324e-06,-22400.0,80.0,-160.0,-2.5931863719318377e-05,-21680.0,-80.0,-480.0,-1.5883361776304616e-05,-21760.0,,,-1.8392843200022496e-05,,,,-2.44764384605418e-05,,,
0.5625,1.5840943902730942,-0.9905732003971934,2.5661611231043935,-0.9470155835151672,1.6466319747269154,0.70751728489995,2.427000757306814,-0.6315070390701294,-1.2527077738195658,1.7780368402600288,-2.1338147576898336,2.097982671111822,-1.9775517284870148,2.3011174891144037,-0.5540016572922468,1.5779512003064156,-4.247211629990488,-66.10319758532569,-57.62875929940492,-66.26450980547816,-83.06976646184921,-67.64205280691385,-165.03330403007567,-358.27251624315977,-2.3242734850375353e-05,640.0,11760.0,-40960.0,-2.2479049625863043e-05,33200.0,,-240.0,-2.9895751877645482e-05,-21760.0,80.0,-160.0,-1.0703711482680316e-05,-22400.0,80.0,-160.0,-2.5905042582911484e-05,-21680.0,-80.0,-480.0,-1.598824306266091e-05,-21760.0,,,-1.8354042006883155e-05,,,,-2.4438072142889643e-05,,,
0.5666666666666667,1.3860825914889574,-1.1886878404766321,2.5661611231043935,-0.9075566008687019,1.6466319747269154,1.1005824431777,2.427000757306814,-0.3157535195350647,-1.131477989256382,1.6163971275091171,-1.8922508228570223,1.8559077475219965,-2.135755866765976,2.2217686101794243,-0.6331447511911392,1.9724390003830194,-4.909620783291757,-65.0099373771809,-69.83890128321946,-77.07444456173107,-96.09341628849506,-77.77962144464254,-180.89683458209038,-381.7743576876819,-2.2525114002577796e-05,-7280.0,21360.0,-40960.0,-2.0387487360025566e-05,20480.0,,-240.0,-1.2308515279211462e-06,-21760.0,80.0,-160.0,1.018285748771849e-05,-22400.0,80.0,-160.0,-2.5690690929399936e-05,-21680.0,-160.0,-480.0,-1.598871989981791e-05,-21760.0,,,-1.8309356643226443e-05,,,,-2.4328453002541404e-05,,,
0.5708333333333333,1.5444920305162668,-1.0301961284130812,2.6056405249983072,-0.789179652929306,1.176165696233511,0.86474334821105,2.661871798336506,-0.39469189941883087,-1.17188791744411,1.6163971275091171,-1.8922508228570223,1.7348702857270837,-1.740245521068573,1.9043730944395065,-0.5540016572922468,1.7357463203370571,-5.572029936593026,-64.07285719877109,-76.64391672005877,-83.98187579587102,-109.46905665099621,-87.91719008237123,-197.9873785469681,-405.6243745610118,-2.2391227665635553e-05,-7280.0,21360.0,-40960.0,-2.014787096658757e-05,20480.0,,-240.0,-1.7873717501336214e-06,-21760.0,80.0,-160.0,-2.0442113824731397e-05,-22400.0,80.0,-160.0,-2.5929199153285065e-05,-21680.0,-160.0,-480.0,-1.585719581415144e-05,-21760.0,,,-1.8440166426831727e-05,,,,-2.4547964034091685e-05,,,
0.5750000000000001,1.4652873110026121,-1.1490649124607444,2.4477229174226522,-0.7497206702828407,1.3329877890646458,0.55029122158885,2.1921297162771225,-0.3157535195350647,-1.091068061068654,1.3335276301950216,-1.6104262322187424,1.8559077475219965,-1.5820413827896118,2.0630708523094654,-0.5540016572922468,1.7357463203370571,-3.896524431183934,-59.231276276987046,-81.97127166204154,-90.46003164257854,-121.70072777196765,-98.57911571860313,-214.81499106623232,-427.90760200470686,-2.2369108143596673e-05,-10400.0,16240.0,-27600.0,-1.77147197276135e-05,6000.0,-80.0,-240.0,4.0995120898694535e-06,-21760.0,,-160.0,-5.316700731205527e-05,-22320.0,80.0,-160.0,-2.5737567836630216e-05,-21680.0,-80.0,-400.0000305175781,-1.5617209395079614e-05,-21760.0,,,-1.843527026290366e-05,,,,-2.4748094496232888e-05,,,
0.5791666666666667,1.6632991097867489,-0.8717044163495302,2.2108465060591698,-0.6313437223434448,1.6466319747269154,1.02196941152215,2.2704200632870197,-0.6315070390701294,-1.0506581328809261,1.131477989256382,-1.0467770509421825,1.492795362137258,-1.2656331062316895,1.6663264576345682,-0.395715469494462,0.9467707201838493,3.623767721001059,-46.229288801550865,-90.29283339623362,-99.04553939122707,-135.95634447410703,-113.6980758421123,-237.77767064981163,-451.1483118776232,-2.2630439701164413e-05,-4000.000244140625,25440.001953125,-7440.0,-2.191536897848249e-05,-13120.0,-80.0,-320.0,-1.7013492541273576e-05,-21760.0,80.0,-160.0,3.698957052428609e-05,-22400.0,80.0,-160.0,-2.5917365962396972e-05,-21600.0,-160.0,-480.0,-1.558084293246391e-05,-21680.0,,,-1.839549632196404e-05,,,,-2.469919579945693e-05,,,
0.5833333333333334,1.2672755122184753,-0.752835632301867,2.171367104165256,-0.4340488091111183,1.3329877890646458,0.7861303165555,2.1921297162771225,-0.6315070390701294,-0.6465588510036469,1.131477989256382,-0.8052131161093712,1.0086455149576068,-1.2656331062316895,1.3489309418946505,0.1582861877977848,0.6311804801225662,12.624739157035947,-30.142745738849044,-100.6753426627256,-106.38224601279944,-145.6360842101276,-124.53478714451194,-253.55355738662183,-465.5975921731442,-2.1062107033004932e-05,-4000.000244140625,25440.001953125,-7440.0,-1.541418548506974e-05,-13120.0,-80.0,-320.0,-3.518613568005393e-06,-21760.0,80.0,-160.0,2.4974567350275357e-05,-22400.0,80.0,-160.0,-2.5922950679179747e-05,-21600.0,-160.0,-480.0,-1.6094760854140026e-05,-21680.0,,,-1.8927331876651557e-05,,,,-2.4414514479985253e-05,,,
0.5875,1.227673152461648,-0.8320814883336425,2.0924083003774285,-0.3551308438181877,1.4898098818957806,1.17919547483325,1.9572586752474308,-0.47363027930259705,-0.48491913825273514,0.8081985637545586,-0.5636491812765598,0.7262247707694769,-0.5537144839763641,1.0315354261547327,0.395715469494462,0.6311804801225662,20.300892286468297,-17.492163330316544,-109.61907723685727,-112.19697626074776,-153.46787363290787,-133.27407045289874,-265.297828624025,-475.3465041797608,-3.120404807795563e-05,-5040.0,33200.0,-7759.99951171875,-1.2880207982922495e-05,-15120.0,,-320.0,-1.2765632597164407e-05,-21760.0,,-160.0,2.5729551250346745e-05,-22400.0,80.0,-160.0,-2.6194549494411995e-05,-21600.0,-80.0,-480.0,-1.5744134863203982e-05,-21760.0,,,-1.8292959167071554e-05,,,,-2.4403770385163746e-05,,,
0.5916666666666667,1.1880707927048206,-0.5150980642065406,1.9739700946956873,-0.2367538958787918,1.568220928311348,0.86474334821105,2.1921297162771225,0.07893837988376617,-0.3232794255018234,0.7677886355668306,-0.16104262322187424,0.4034582059830427,-0.07910206913948059,0.9521865472197533,0.395715469494462,0.23669268004596233,26.340505154803395,-8.472766613122076,-114.63534575887024,-115.94337964197621,-160.50768435001373,-142.27553226053715,-274.1498539596796,-481.0043548978865,-2.9306051180281794e-05,-12960.0,31760.001953125,-22160.001953125,-1.2818844762862579e-05,-21040.0,,-320.0,-9.812704061529015e-06,-21680.0,80.0,-160.0,-5.907501205788118e-06,-22400.0,80.0,-160.0,-2.6336276941563933e-05,-21680.0,-80.0,-400.0000305175781,-1.5946199376853975e-05,-21760.0,,,-1.8358705474278607e-05,,,,-2.422849458299397e-05,,,
0.5958333333333333,1.108866073191166,-0.4358522081747651,1.7765730852261186,-0.0789179652929306,1.4113988354802132,0.86474334821105,1.8789683282375336,-0.15787675976753235,-0.08081985637545586,0.7677886355668306,-0.2013032790273428,0.12103746179491282,-0.39551034569740295,0.5554421525448561,0.6331447511911392,0.5522829201072454,29.10703750094399,-2.069385393988341,-117.59066674858332,-118.40195686090738,-164.02758970856667,-147.25692374631763,-277.12974367663264,-480.30800404027104,-2.7169061592171315e-05,-12960.0,31760.001953125,-22160.001953125,-1.4035340273707239e-05,-21040.0,,-320.0,-1.819109721359338e-05,-21680.0,80.0,-160.0,3.006640665092678e-06,-22400.0,80.0,-160.0,-2.6025770121669177e-05,-21680.0,-80.0,-400.0000305175781,-1.5953137357488313e-05,-21760.0,,,-1.845449442972524e-05,,,,-2.4422902999251183e-05,,,
0.6000000000000001,0.9504566341638565,-0.27736049611121416,1.8950112909078598,-0.1578359305858612,1.176165696233511,1.17919547483325,2.1138393692672253,-0.15787675976753235,0.08081985637545586,0.7273787073791027,0.08052131161093712,0.08069164119660854,-0.15820413827896118,0.31739551573991776,0.6331447511911392,0.23669268004596233,28.210836881771684,0.7028101338073611,-121.59590440569445,-121.87518499558792,-167.72349033504725,-151.4517797343433,-277.56796275265515,-478.1319076102227,-2.8223150182039294e-05,-19280.0,22000.0,-31760.001953125,-1.1225019426615605e-05,-24240.0,,-320.0,-1.566893192149932e-05,-21680.0,,-160.0,-3.3074078476371467e-06,-22400.0,80.0,-160.0,-2.574973290617958e-05,-21680.0,,-480.0,-1.586445327568097e-05,-21760.0,,,-1.8456157637728853e-05,,,,-2.435657495071259e-05,,,
0.6041666666666667,0.8712519146502018,-0.3169834241271019,1.697614281438291,-0.1183769479393959,1.4113988354802132,0.9433563798666,2.348710410296917,-0.0,0.04040992818772793,0.7273787073791027,0.04026065580546856,-0.0,-0.07910206913948059,0.5554421525448561,0.7122878450900316,0.23669268004596233,24.82086062664166,-1.093260208144784,-126.18442910024896,-125.66061341203749,-171.94737676531076,-155.12227872386575,-277.30503130704165,-476.9132936093956,-3.0360988540289232e-05,-19280.0,22000.0,-31760.001953125,-1.624287982654438e-05,-24240.0,,-320.0,1.3537174429094015e-06,-21680.0,,-160.0,6.487382395577721e-06,-22400.0,80.0,-160.0,-2.575255196745176e-05,-21680.0,,-480.0,-1.6068006474935113e-05,-21760.0,,,-1.86169681079039e-05,,,,-2.4337257323808238e-05,,,
0.6083333333333334,1.0692637134343386,-0.4358522081747651,1.7370936833322048,-0.0789179652929306,1.2545767426490784,1.1005824431777,1.9572586752474308,-0.47363027930259705,-0.08081985637545586,0.565738994628191,0.24156393483281136,-0.12103746179491282,0.07910206913948059,0.5554421525448561,0.7122878450900316,0.3155902400612831,22.288119746372104,-2.73315052036196,-130.07300934987143,-128.74359119450673,-175.819272659719,-158.70538488030434,-277.12974367663264,-476.73920589499176,-2.5444967205655094e-05,-14080.0009765625,16800.0,-27360.0,-8.223361948232148e-06,-29360.0,,-240.0,5.240459905744941e-06,-21680.0,80.0,-240.0,3.2310625829182484e-07,-22320.0,,-160.0,-2.5580665523793934e-05,-21680.0,-160.0,-480.0,-1.625460429856068e-05,-21760.0,,,-1.828145213279885e-05,,,,-2.4487707076236006e-05,,,
0.6125,0.7920471951365471,-0.27736049611121416,1.697614281438291,-0.1578359305858612,1.176165696233511,1.33642153814435,2.1138393692672253,-0.23681513965129852,0.04040992818772793,0.48491913825273514,0.36234590224921703,0.08069164119660854,0.15820413827896118,0.31739551573991776,0.7122878450900316,0.3944878000766039,22.872598411049694,-1.8741603568196297,-133.57273157453164,-130.8119180612266,-180.92313542962074,-163.51199069991708,-279.8467019479722,-479.78574089705944,-2.2788820209187393e-05,-10320.0009765625,15600.0009765625,-14640.0,-9.558376288123279e-06,-29520.0,-80.0,-240.0,-1.4072040522332841e-05,-21760.0,,-160.0,-1.5817923505900985e-06,-22400.0,80.0,-160.0,-2.5672122890506386e-05,-21680.0,-80.0,-480.0,-1.560154529447219e-05,-21680.0,,,-1.8286333037937893e-05,,,,-2.4671415266690156e-05,,,
0.6166666666666667,0.7920471951365471,-0.11886878404766321,1.539696673862636,0.0394589826464653,1.3329877890646458,0.86474334821105,2.035549022257328,-0.0,0.1616397127509117,0.48491913825273514,0.2818245906382799,-0.20172910299152136,0.23730620741844177,0.31739551573991776,0.8705740328878164,0.15779512003064156,26.535331376362592,2.576970490626991,-135.711450711824,-131.90461904741824,-185.23501949384809,-169.01773918420076,-284.57946796901524,-483.2674951851368,-2.9862165375655085e-05,-10320.0009765625,15600.0009765625,-14640.0,-1.3251987423817339e-05,-29520.0,-80.0,-240.0,-1.3539274181514861e-05,-21760.0,,-160.0,-4.167297471969125e-07,-22400.0,80.0,-160.0,-2.5668611461682244e-05,-21680.0,-80.0,-480.0,-1.615176387523634e-05,-21680.0,,,-1.8375329924920228e-05,,,,-2.449229234233771e-05,,,
0.6208333333333333,0.7524448353797197,-0.23773756809532642,1.6581348795443773,0.0394589826464653,1.2545767426490784,1.1005824431777,1.5658069401979446,-0.3157535195350647,0.1616397127509117,0.3232794255018234,0.4026065580546856,-0.3227665647864342,0.15820413827896118,0.31739551573991776,1.187146408483386,0.3155902400612831,31.40598691534251,10.034566910471767,-136.91691058920696,-132.33389443485066,-189.54690355807543,-174.78566616773605,-290.9774664789438,-488.4030827600509,-2.7886053014921633e-05,-21600.0,17920.0,-9680.0,-2.2127675954264825e-05,-30560.0,-80.0,-240.0,6.062693580579401e-06,-21760.0,80.0,-160.0,9.424833035515497e-07,-22400.0,160.0,-240.0,-2.5867237025755958e-05,-21680.0,-80.0,-480.0,-1.6061111409644904e-05,-21760.0,,,-1.831152911331373e-05,,,,-2.43345908504263e-05,,,
0.625,0.8316495548933744,-0.03962292801588774,1.381779066286981,0.0789179652929306,1.2545767426490784,1.33642153814435,2.035549022257328,-0.39469189941883087,0.20204964093863964,0.3232794255018234,0.5233885254710913,-0.5648414883762598,0.31640827655792236,-0.0,1.2662895023822784,-0.0,35.224580857902765,17.10171325597912,-136.87802478671074,-131.5924187656492,-193.85878762230277,-179.94184331968427,-297.4631088040769,-493.7998019065708,-2.7011737755288246e-05,-21600.0,17920.0,-9680.0,-1.0675130817164096e-05,-30560.0,-80.0,-240.0,3.0102395935351295e-06,-21760.0,80.0,-160.0,-5.180643783840908e-07,-22400.0,160.0,-240.0,-2.5848995143477795e-05,-21680.0,-80.0,-480.0,-1.5778842886187642e-05,-21760.0,,,-1.837192912231651e-05,,,,-2.4338125167433977e-05,,,
0.6291666666666667,0.8712519146502018,0.03962292801588774,1.5002172719687223,0.1972949132323265,1.2545767426490784,1.17919547483325,1.8006779812276363,-0.3157535195350647,0.24245956912636757,0.2828694973140955,0.8454737719148397,-0.5244956677779555,0.15820413827896118,0.07934887893497944,1.187146408483386,-0.15779512003064156,36.354572942946106,21.86520416289568,-135.2448210818693,-130.1484924624674,-198.5226622223854,-184.4862706400454,-303.422888237983,-500.06695962511003,-2.6355329447008994e-05,-28160.001953125,23680.0,-10800.0,-1.3930770838851622e-05,-27440.0,-80.0,-240.0,-7.224998932716883e-06,-21760.0,,-160.0,-2.378627055838416e-06,-22400.0,80.0,-80.0,-2.578049843954917e-05,-21600.0,,-480.0,-1.5975271184641903e-05,-21760.0,,,-1.828271670493921e-05,,,,-2.450216668618485e-05,,,
0.6333333333333333,0.7920471951365471,0.03962292801588774,1.5002172719687223,0.1972949132323265,1.4898098818957806,1.33642153814435,2.1138393692672253,-0.39469189941883087,0.3232794255018234,0.08081985637545586,0.9259950835257769,-0.6858789501711726,0.5537144839763641,-0.23804663680493832,1.3454325962811708,-0.23669268004596233,35.57526805670932,23.661274504847825,-132.98944453708827,-128.19724070141092,-202.57055338472128,-187.8071982972324,-308.41858570463955,-507.1175120584667,-2.706410591921853e-05,-23120.0,26640.0,-19840.0,-1.932982439882872e-05,-28640.001953125,-80.0,-240.0,-6.7078990766921125e-06,-21760.0,80.0,-160.0,-6.041428073888706e-06,-22320.0,80.0,-160.0,-2.5744291240543905e-05,-21600.0,-80.0,-480.0,-1.5848000486415868e-05,-21840.0,,,-1.8309266997840927e-05,,,,-2.4554885802262685e-05,,,
0.6375000000000001,0.7524448353797197,-0.15849171206355095,1.5002172719687223,0.2762128785252571,1.176165696233511,1.17919547483325,2.1138393692672253,-0.47363027930259705,0.4445092100650072,0.08081985637545586,0.8857344277203083,-0.48414984717965126,0.39551034569740295,-0.07934887893497944,1.2662895023822784,-0.07889756001532078,34.016658284235746,23.42700446024537,-130.57852478232235,-126.16793886991218,-206.35445164516568,-190.7785546220839,-312.6254888344556,-515.2125907782465,-2.7408395698012367e-05,-23120.0,26640.0,-19840.0,-8.921208359128946e-06,-28640.001953125,-80.0,-240.0,8.695960976579965e-06,-21760.0,80.0,-160.0,7.134368401634668e-06,-22320.0,80.0,-160.0,-2.568878358077194e-05,-21600.0,-80.0,-480.0,-1.585968585778529e-05,-21840.0,,,-1.8397178603453933e-05,,,,-2.4497877059120486e-05,,,
0.6416666666666667,0.8316495548933744,-0.0,1.5791760757565498,0.1578359305858612,1.4898098818957806,1.17919547483325,2.035549022257328,-0.23681513965129852,0.3232794255018234,0.20204964093863964,0.8052131161093712,-0.443804026581347,0.5537144839763641,0.07934887893497944,1.5037187840789557,0.07889756001532078,32.224257045891136,21.35761906625703,-128.01206181757152,-123.63131158053875,-211.45831441506743,-193.57512528076768,-317.09532340988517,-523.5688010696322,-2.7134294441380187e-05,-13440.0,22640.0,-19600.0,-2.1375377601061656e-05,-30800.0,,-320.0,-4.447485122776726e-08,-21840.0,80.0,-160.0,6.768495423394285e-07,-22400.0,80.0,-240.0,-2.5844957286432326e-05,-21680.0,-80.0,-480.0,-1.5763791044489804e-05,-21840.0,,,-1.8654899550068875e-05,,,,-2.44247912743929e-05,,,
0.6458333333333334,0.8316495548933744,-0.11886878404766321,1.6581348795443773,0.2762128785252571,1.176165696233511,1.1005824431777,1.8006779812276363,0.07893837988376617,0.2828694973140955,0.1616397127509117,0.7246918044984341,-0.443804026581347,0.31640827655792236,0.07934887893497944,1.2662895023822784,0.07889756001532078,31.211160693783313,19.249188664834946,-125.6011420628056,-121.40688457293436,-214.89022213965654,-195.84733894094825,-319.9875693116337,-531.663879789412,-2.6921935967184896e-05,-3360.0,15040.0,-15360.0,-1.99920253248912e-05,-26880.0,,-240.0,-2.4380738673643527e-06,-21760.0,80.0,-160.0,2.7118575504499708e-06,-22320.0,80.0,-160.0,-2.5932910853715147e-05,-21680.0,-80.0,-480.0,-1.5606133421596836e-05,-21760.0,,,-1.8405748320839523e-05,,,,-2.4660551008905086e-05,,,
0.65,0.9504566341638565,-0.15849171206355095,1.697614281438291,0.1578359305858612,1.4113988354802132,1.17919547483325,1.9572586752474308,-0.15787675976753235,0.4040992818772793,0.20204964093863964,0.7246918044984341,-0.48414984717965126,0.15820413827896118,-0.0,1.2662895023822784,-0.0,30.470821051858366,17.375028308015317,-121.71256181318313,-117.97268147347495,-217.61814879253507,-196.63387443870306,-322.87981521338224,-538.4533006511629,-2.676682846940756e-05,-3360.0,15040.0,-15360.0,-1.2274719207290563e-05,-26880.0,,-240.0,-5.0265731684614665e-06,-21760.0,80.0,-160.0,1.4002304041796018e-06,-22320.0,80.0,-160.0,-2.602402299032593e-05,-21680.0,-80.0,-480.0,-1.571741195525143e-05,-21760.0,,,-1.836039729251164e-05,,,,-2.4779472288512065e-05,,,
0.6541666666666667,0.7128424756228924,-0.15849171206355095,1.539696673862636,0.1183769479393959,1.2545767426490784,1.1005824431777,2.035549022257328,-0.07893837988376617,0.4040992818772793,0.4445092100650072,0.8454737719148397,-0.5244956677779555,0.31640827655792236,0.15869775786995888,1.2662895023822784,0.15779512003064156,29.146002745255828,15.89131802553311,-116.81295069865882,-114.03115291614085,-219.642094373703,-197.76998126879334,-324.89562296308577,-543.501844368875,-2.637154953974148e-05,-9840.0,10320.0009765625,-13600.0,-1.1618596047631197e-05,-22320.0,,-320.0,-6.831419450678349e-06,-21760.0,,-160.0,1.6484582382544249e-06,-22400.0,80.0,-160.0,-2.5773931438222977e-05,-21680.0,-80.0,-480.0,-1.5758580168038117e-05,-21760.0,,,-1.851656718347477e-05,,,,-2.470872872789966e-05,,,
0.6583333333333334,0.9900589939206839,-0.03962292801588774,1.5791760757565498,0.0789179652929306,1.568220928311348,1.17919547483325,1.8789683282375336,-0.39469189941883087,0.24245956912636757,0.4040992818772793,0.5233885254710913,-0.5244956677779555,0.39551034569740295,0.31739551573991776,1.0288602206856012,0.07889756001532078,27.704288705717772,14.212382705882192,-111.5633673616685,-109.73839904181659,-220.52207071334124,-197.94476693496108,-325.5091296695173,-546.6354232281446,-2.561034959049145e-05,-9840.0,10320.0009765625,-13600.0,-1.5113431892384245e-05,-22320.0,,-320.0,-7.512554149733796e-06,-21760.0,,-160.0,1.1390235395284168e-06,-22400.0,80.0,-160.0,-2.5442375118869646e-05,-21680.0,-80.0,-480.0,-1.5943804700651524e-05,-21760.0,,,-1.8451869918013116e-05,,,,-2.4471548018659616e-05,,,
0.6625000000000001,0.8712519146502018,-0.07924585603177547,1.5002172719687223,0.0394589826464653,1.568220928311348,1.33642153814435,1.722387634217739,-0.07893837988376617,0.12122978456318378,0.4040992818772793,0.644170492887497,-0.443804026581347,0.23730620741844177,0.15869775786995888,1.3454325962811708,0.3155902400612831,25.093617336824536,12.025862289592624,-106.62487044464797,-105.36759509705007,-220.69806598126888,-197.5951956026256,-324.80797914788127,-547.1576863713562,-2.5641008312337872e-05,-16640.0,9200.0,-20560.001953125,-1.5019012413252514e-05,-20000.0,,-240.0,-9.197117782260467e-06,-21680.0,80.0,-160.0,2.584904664189075e-06,-22400.0,80.0,-160.0,-2.569124978254794e-05,-21680.0,-80.0,-480.0,-1.564017959460658e-05,-21760.0,,,-1.8202339126406793e-05,,,,-2.4331729827484303e-05,,,
0.6666666666666667,0.8316495548933744,-0.23773756809532642,1.697614281438291,0.0789179652929306,1.4898098818957806,1.17919547483325,2.1138393692672253,0.07893837988376617,0.2828694973140955,0.4040992818772793,0.4831278696656227,-0.4034582059830427,0.31640827655792236,0.23804663680493832,0.9497171267867088,0.3155902400612831,23.379146587103605,10.307881962507963,-101.76414513261989,-100.48946569440886,-220.4340730793774,-197.0708386041224,-323.58096573501825,-546.200203942135,-2.459700578201474e-05,-17440.0,10960.0,-31760.001953125,-2.119795984638264e-05,-15920.0009765625,,-240.0,-1.053943345269957e-05,-21760.0,,-160.0,1.0684254142488963e-06,-22400.0,80.0,-160.0,-2.578049843954917e-05,-21680.0,-80.0,-480.0,-1.5844186742834188e-05,-21680.0,,,-1.8323684646119956e-05,,,,-2.430259507719165e-05,,,
0.6708333333333334,0.9504566341638565,-0.11886878404766321,1.539696673862636,0.0789179652929306,1.4113988354802132,1.02196941152215,2.1138393692672253,-0.15787675976753235,0.12122978456318378,0.2828694973140955,0.644170492887497,-0.4034582059830427,0.31640827655792236,0.31739551573991776,1.1080033145844936,0.15779512003064156,21.3919191271998,9.05844172462821,-97.25339204305783,-95.22108593955636,-219.2901038378477,-195.93473177403212,-321.1269389092922,-542.283230368048,-2.307595056429742e-05,-17440.0,10960.0,-31760.001953125,-1.5372075042060823e-05,-15920.0009765625,,-240.0,-7.359006386297004e-06,-21760.0,,-160.0,-4.324239243080148e-06,-22400.0,80.0,-160.0,-2.5513132030922448e-05,-21680.0,-80.0,-480.0,-1.5774538954008567e-05,-21680.0,,,-1.8123792602557252e-05,,,,-2.4343223510316613e-05,,,
0.675,0.9108542744070292,-0.1981146400794387,1.6581348795443773,0.1578359305858612,1.568220928311348,1.2578085064888,2.1921297162771225,-0.15787675976753235,0.1616397127509117,0.2828694973140955,0.4026065580546856,-0.36311238538473845,0.23730620741844177,-0.07934887893497944,1.0288602206856012,0.3944878000766039,19.56055264454335,8.902261694893241,-93.09261117596179,-89.99173121992499,-217.26615825667977,-194.27426794543862,-317.35825485549867,-535.1456340774894,-2.3186067522637565e-05,-16320.0,15200.0,-34080.0,-9.598568892086744e-06,-14880.0,,-240.0,-4.751112925931839e-06,-21760.0,,-160.0,-2.97629903995566e-06,-22320.0,80.0,-160.0,-2.5914670878785613e-05,-21760.0,,-480.0,-1.6141313512103546e-05,-21760.0,,,-1.8555982542872327e-05,,,,-2.4219732223396953e-05,,,
0.6791666666666667,0.7920471951365471,-0.1981146400794387,1.5791760757565498,-0.0,1.4113988354802132,0.9433563798666,2.1138393692672253,-0.07893837988376617,0.08081985637545586,0.48491913825273514,0.5636491812765598,-0.36311238538473845,0.39551034569740295,0.31739551573991776,1.3454325962811708,0.3944878000766039,18.43056055950001,9.253666761796921,-89.20403092633933,-84.76237650029361,-214.62622923776507,-192.701196949929,-312.2749135736376,-526.0930729284883,-2.2771852435792732e-05,-16320.0,15200.0,-34080.0,-1.1872673958366665e-05,-14880.0,,-240.0,-7.934417227739739e-06,-21760.0,,-160.0,-3.844038476775449e-06,-22320.0,80.0,-160.0,-2.5922258311627784e-05,-21760.0,,-480.0,-1.5693585356190494e-05,-21760.0,,,-1.8314189864649787e-05,,,,-2.4351705489665315e-05,,,
0.6833333333333333,0.7128424756228924,-0.1981146400794387,1.539696673862636,0.1578359305858612,1.2545767426490784,1.2578085064888,2.035549022257328,0.07893837988376617,0.12122978456318378,0.4445092100650072,0.44286721386015415,-0.3227665647864342,0.31640827655792236,0.3967443946748972,0.9497171267867088,0.23669268004596233,16.832985542714596,9.487936806399375,-85.58765129419044,-79.41594667499885,-210.66633570939302,-190.95334028825164,-306.84099703095853,-515.8218977786601,-2.470446198901883e-05,-14080.0009765625,15200.0,-31840.001953125,-1.633936877893749e-05,-13680.0,-80.0,-240.0,-1.0368269894171756e-05,-21760.0,,-160.0,-1.372346397749758e-05,-22400.0,80.0,-240.0,-2.5859260493793675e-05,-21680.0,-80.0,-480.0,-1.5678487738125585e-05,-21680.0,,,-1.8184280349596918e-05,,,,-2.441913407836226e-05,,,
0.6875,0.9108542744070292,-0.15849171206355095,1.6581348795443773,0.1578359305858612,1.2545767426490784,1.1005824431777,2.035549022257328,-0.07893837988376617,0.20204964093863964,0.48491913825273514,0.5636491812765598,-0.443804026581347,-0.0,0.15869775786995888,0.8705740328878164,0.15779512003064156,15.235410525929183,10.229791947640479,-81.5824136370793,-73.83536663837731,-206.70644218102098,-187.89459113031626,-300.53064233623445,-503.5487139131874,-2.5775602275621102e-05,-11760.0,9840.0,-26240.0,-2.274694627740835e-05,-10000.0,-80.0,-240.0,-7.672256927193134e-06,-21680.0,,-80.0,-1.0514142963566646e-05,-22400.0,80.0,-160.0,-2.5764404231826132e-05,-21680.0,-80.0,-480.0,-1.5613619764961724e-05,-21760.0,,,-1.8315639449607065e-05,,,,-2.4512529311280758e-05,,,
0.6916666666666667,0.8316495548933744,-0.15849171206355095,1.6186554776504636,0.1578359305858612,1.0193436034023762,1.17919547483325,2.035549022257328,-0.23681513965129852,0.2828694973140955,0.24245956912636757,0.6039098370820284,-0.443804026581347,0.23730620741844177,-0.0,1.187146408483386,0.15779512003064156,13.676800753455609,11.362097163219005,-77.9660340049304,-68.6840619891882,-202.92254392057657,-185.97194880247116,-293.78206856548786,-489.88282833248377,-2.625431435632165e-05,-11760.0,9840.0,-26240.0,-2.3996055542443127e-05,-10000.0,-80.0,-240.0,-6.472125037065217e-06,-21680.0,,-80.0,-5.309724794333491e-06,-22400.0,80.0,-160.0,-2.5751111919237622e-05,-21680.0,-80.0,-480.0,-1.5555396994417804e-05,-21760.0,,,-1.84933719168097e-05,,,,-2.4253618179121946e-05,,,
0.6958333333333334,0.7128424756228924,-0.11886878404766321,1.539696673862636,0.2367538958787918,1.0977546498179436,1.17919547483325,2.1138393692672253,-0.3157535195350647,0.20204964093863964,0.36368935368955135,0.6039098370820284,-0.2824207441881299,0.39551034569740295,-0.0,0.9497171267867088,0.07889756001532078,13.131287333089858,13.041032482869923,-74.54408338526264,-63.923007692210376,-197.81868115067482,-183.26277097687125,-286.59527571871877,-475.3465041797608,-2.7206748893711906e-05,-8080.0,2080.0,-21600.0,-1.7809266999103306e-05,-8240.0,,-320.0,-7.855958441927086e-06,-21760.0,80.0,-240.0,1.0762366029269899e-06,-22400.0,80.0,-160.0,-2.6112649851674436e-05,-21760.0,-80.0,-480.0,-1.5704760511801928e-05,-21760.0,,,-1.84880103598164e-05,,,,-2.4256515441687873e-05,,,
0.7000000000000001,0.7524448353797197,-0.0,1.4607378700748086,0.1183769479393959,1.4113988354802132,1.572260633111,2.1921297162771225,-0.07893837988376617,0.1616397127509117,0.4040992818772793,0.6039098370820284,-0.36311238538473845,0.23730620741844177,-0.07934887893497944,1.187146408483386,-0.0,12.546808668412268,15.38373292889446,-71.54987659305334,-59.82537899399176,-192.27483021095395,-180.20402181893587,-278.61968853510916,-459.4174783118069,-2.8291137623884244e-05,-3440.0,-1600.0001220703125,-21040.0,-1.7064199404548874e-05,-9360.0,-80.0,-240.0,-7.206204873010916e-06,-21760.0,80.0,-160.0,7.089282494766077e-06,-22400.0,80.0,-160.0,-2.5719621593389393e-05,-21680.0,-80.0,-480.0,-1.5947238881856233e-05,-21760.0,,,-1.842893786545871e-05,,,,-2.4374565062971858e-05,,,
0.7041666666666667,0.7524448353797197,-0.07924585603177547,1.5791760757565498,0.1183769479393959,1.0977546498179436,1.33642153814435,2.348710410296917,-0.15787675976753235,0.3232794255018234,0.2828694973140955,0.6039098370820284,-0.36311238538473845,0.39551034569740295,0.23804663680493832,1.3454325962811708,0.07889756001532078,12.118190980982035,17.76547838235274,-68.82787041831762,-56.196050718426704,-187.25896507501602,-177.84441532567143,-270.90703279711306,-442.53097001463175,-2.6958322456961193e-05,-3440.0,-1600.0001220703125,-21040.0,-6.480202658504784e-06,-9360.0,-80.0,-240.0,-6.882573110369755e-06,-21760.0,80.0,-160.0,5.923157677001031e-06,-22400.0,80.0,-160.0,-2.5651254589167472e-05,-21680.0,-80.0,-480.0,-1.6054092366693876e-05,-21760.0,,,-1.8149869872999226e-05,,,,-2.4506835875626187e-05,,,
0.7083333333333334,0.7920471951365471,0.03962292801588774,1.539696673862636,0.1972949132323265,1.4898098818957806,1.1005824431777,1.8006779812276363,-0.07893837988376617,0.20204964093863964,0.24245956912636757,0.7246918044984341,-0.5648414883762598,0.07910206913948059,-0.0,1.5037187840789557,0.07889756001532078,11.728538537863642,19.63963873917237,-66.18363584857434,-52.683797548525035,-181.8911094032228,-174.9604518339038,-262.58087035268545,-425.2092424314469,-2.5290321286245733e-05,-1760.0001220703125,,-22560.0,-1.0793055507112947e-05,-9600.0,-80.0,-240.0,-6.1793050609978755e-06,-21760.0,,-160.0,1.5844891508152233e-05,-22400.0,,-160.0,-2.573717492281285e-05,-21760.0,-80.0,-480.0,-1.5676761587617247e-05,-21760.0,,,-1.8391046477614923e-05,,,,-2.4520933089335712e-05,,,
0.7125,0.6336377561092377,-0.11886878404766321,1.4607378700748086,0.394589826464653,1.0193436034023762,1.17919547483325,1.9572586752474308,-0.3157535195350647,0.3232794255018234,0.24245956912636757,0.644170492887497,-0.5244956677779555,0.31640827655792236,0.23804663680493832,1.5037187840789557,-0.15779512003064156,11.144059873186052,21.16239402908832,-63.111657451372594,-48.85934409685433,-176.17126319557428,-171.98909550905228,-254.42999553866684,-408.9320411346853,-2.511775773382497e-05,-1760.0001220703125,,-22560.0,-1.7828386261750347e-05,-9600.0,-80.0,-240.0,-5.416824327144146e-06,-21760.0,,-160.0,1.2737938848760206e-05,-22400.0,,-160.0,-2.5715724880142395e-05,-21760.0,-80.0,-480.0,-1.595095916535514e-05,-21760.0,,,-1.8384038878755662e-05,,,,-2.4554241118426422e-05,,,
0.7166666666666668,0.7524448353797197,-0.0,1.539696673862636,0.4340488091111183,1.176165696233511,0.9433563798666,1.8006779812276363,0.23681513965129852,0.24245956912636757,0.1616397127509117,0.7649524603039026,-0.5244956677779555,0.47461241483688354,-0.23804663680493832,1.3454325962811708,-0.07889756001532078,10.598546452820301,22.255654237233102,-59.88413584418595,-44.52756518730894,-170.71540988981724,-168.75556068494916,-245.75325783342123,-392.39370826631784,-2.3331525743705865e-05,-480.0,3440.0,-21440.0,-2.151547235778803e-05,-9680.0,,-320.0,-5.662772641189934e-06,-21760.0,80.0,-240.0,9.305956817019854e-06,-22400.0,,-160.0,-2.561582558840243e-05,-21680.0,-80.0,-480.0,-1.5633174856770262e-05,-21760.0,,,-1.8347116424014898e-05,,,,-2.4387775359569364e-05,,,
0.7208333333333334,0.673240115866065,0.27736049611121416,1.2633408606052399,0.394589826464653,1.0977546498179436,1.33642153814435,2.1138393692672253,-0.0,0.36368935368955135,0.20204964093863964,0.9259950835257769,-0.6858789501711726,0.39551034569740295,-0.31739551573991776,1.582861877977848,-0.07889756001532078,9.42958912346512,23.42700446024537,-56.423299422021955,-40.50798655953258,-165.52354948595166,-165.87159719318151,-237.60238301940262,-376.6387701127678,-2.384969896017104e-05,-960.0,6720.0,-21280.0,-7.550830345163281e-06,-9040.0,,-240.0,-5.798268780374206e-06,-21760.0,80.0,-240.0,4.9525475376974355e-06,-22400.0,,-160.0,-2.5713020259787896e-05,-21680.0,-80.0,-480.0,-1.5406070670331926e-05,-21760.0,,,-1.838574595577772e-05,,,,-2.4274627624259332e-05,,,
0.7250000000000001,0.47522831708192825,0.15849171206355095,1.2238614587113261,0.4340488091111183,1.4898098818957806,1.02196941152215,1.8789683282375336,-0.15787675976753235,0.48491913825273514,0.08081985637545586,0.7649524603039026,-0.5244956677779555,0.31640827655792236,-0.31739551573991776,1.582861877977848,-0.15779512003064156,9.312693390529603,24.910714742727578,-53.04023460485041,-36.41035786131397,-159.89170091226697,-162.6380623690784,-229.88972728140652,-361.4931389596313,-2.3268062532806524e-05,-960.0,6720.0,-21280.0,-1.1349107713655828e-05,-9040.0,,-240.0,-6.325590594533569e-06,-21760.0,80.0,-240.0,5.710062489398175e-06,-22400.0,,-160.0,-2.5950159007358123e-05,-21680.0,-80.0,-480.0,-1.580029674355535e-05,-21760.0,,,-1.8421688033323693e-05,,,,-2.4632940230166203e-05,,,
0.7291666666666667,0.6336377561092377,-0.0,1.2633408606052399,0.2762128785252571,1.3329877890646458,1.33642153814435,1.8006779812276363,-0.0,0.3232794255018234,0.20204964093863964,0.8052131161093712,-0.8472622325643897,0.7119186222553253,-0.07934887893497944,1.3454325962811708,-0.5522829201072454,8.611318992916495,25.847794921137393,-50.08491361513734,-33.405430149286985,-156.1958002857864,-160.4532415419817,-222.52764680422843,-347.91429723612964,-2.578043358969582e-05,-1920.0,8320.0,-22320.0,-1.6187770802635667e-05,-7120.00048828125,,-320.0,-3.1401197831028434e-06,-21760.0,80.0,-240.0,3.8027562999082406e-06,-22400.0,80.0,-160.0,-2.585844605592952e-05,-21680.0,-80.0,-480.0,-1.561246963373904e-05,-21680.0,,,-1.8326209975703424e-05,,,,-2.453453248505333e-05,,,
0.7333333333333334,0.6336377561092377,0.15849171206355095,1.2238614587113261,0.4340488091111183,1.2545767426490784,1.572260633111,1.9572586752474308,0.07893837988376617,0.4445092100650072,0.04040992818772793,0.8454737719148397,-0.7262247707694769,0.7910206913948059,-0.23804663680493832,1.2662895023822784,-0.07889756001532078,8.377527527045459,26.745830092113465,-47.40179324289784,-30.283427331596613,-151.09193751588464,-158.09363504871726,-215.25321014225483,-334.1613677982241,-2.7449544837312772e-05,-2320.0,8213.333984375,-22266.66796875,-2.2935840548782022e-05,-7040.00048828125,,-293.3333435058594,-4.707824695145135e-06,-21760.0,80.0,-240.0,-2.7974912453593463e-07,-22400.0,,-160.0,-2.5183080609636607e-05,-21680.0,-80.0,-480.0,-1.583967967802623e-05,-21706.666015625,,,-1.8316066695699736e-05,,,,-2.433651155049469e-05,,,
0.7375,0.39602359756827354,0.3962292801588774,1.1843820568174124,0.4340488091111183,1.3329877890646458,1.4150345697999,2.1921297162771225,-0.07893837988376617,0.3232794255018234,0.1616397127509117,0.8052131161093712,-0.8069164119660854,0.7119186222553253,-0.15869775786995888,1.8202911596745253,-0.3944878000766039,7.793048862367868,27.448640225920826,-44.83533027814701,-27.2394745843485,-146.69205581769347,-154.947493057698,-207.89112966507673,-320.66956993192434,-2.6523790292530937e-05,-3120.0,8000.00048828125,-22160.001953125,-1.4003110850265661e-05,-6880.0,,-240.0,-5.901858791709346e-06,-21760.0,80.0,-240.0,-1.7531977847658008e-06,-22400.0,,-160.0,-2.568251794052897e-05,-21680.0,-80.0,-480.0,-1.529435344649289e-05,-21760.0,,,-1.812112994387257e-05,,,,-2.4585872588073123e-05,,,
0.7416666666666667,0.5148306768387556,0.23773756809532642,1.3028202624991536,0.4340488091111183,1.176165696233511,1.572260633111,2.035549022257328,-0.0,0.48491913825273514,0.12122978456318378,0.9259950835257769,-0.8069164119660854,0.7119186222553253,-0.15869775786995888,1.7411480657756329,-0.15779512003064156,7.637187885120511,28.073360344860703,-42.38552472088486,-24.273571907542646,-142.02818121761084,-152.2383152320981,-200.70433681830764,-308.04821063764393,-2.4190631805379604e-05,-3600.000244140625,7759.99951171875,-21760.0,-9.801138853123155e-06,-7360.0,-80.0,-240.0,-4.106461037758403e-06,-21840.0,80.0,-160.0,-2.2238306943060215e-06,-22400.0,80.0,-80.0,-2.5666353160906695e-05,-21680.0,-80.0,-480.0,-1.5822412450896975e-05,-21760.0,,,-1.8075704528948194e-05,,,,-2.4616014418441358e-05,,,
0.7458333333333333,0.5940353963524103,0.23773756809532642,1.1449026549234986,0.5129667744040489,1.176165696233511,1.33642153814435,1.8789683282375336,0.15787675976753235,0.48491913825273514,0.20204964093863964,0.8052131161093712,-0.6455331295728683,1.0283268988132477,-0.31739551573991776,1.582861877977848,-0.47338536009192467,7.013743976131082,28.3466753968969,-40.05237657111138,-21.46376937162131,-138.0682876892388,-149.7913159057498,-193.69283160194755,-295.51389520056546,-2.4511268553837652e-05,-3600.000244140625,7759.99951171875,-21760.0,-1.631230540925484e-05,-7360.0,-80.0,-240.0,-2.317688697685386e-06,-21840.0,80.0,-160.0,-4.242948998229234e-06,-22400.0,80.0,-80.0,-2.5423711712544697e-05,-21680.0,-80.0,-480.0,-1.624054904652097e-05,-21760.0,,,-1.851141543483055e-05,,,,-2.40985850679411e-05,,,
0.75,0.39602359756827354,0.35660635214298964,1.0659438511356711,0.4735077917575836,1.2545767426490784,1.49364760145545,2.035549022257328,0.23681513965129852,0.48491913825273514,0.08081985637545586,0.9662557393312454,-0.7262247707694769,0.6328165531158447,-0.31739551573991776,2.0577204413712025,-0.3944878000766039,6.390300067141652,28.463810419198126,-37.52479940885678,-18.771041941363364,-133.49241072311997,-146.81995958089828,-186.76897020079195,-283.5018429066986,-2.6288797312167206e-05,-4400.0,7759.99951171875,-21200.0,-1.750330157629181e-05,-7520.0,,-240.0,-4.350607384187891e-06,-21760.0,,-160.0,-3.913252105369622e-06,-22400.0,80.0,-160.0,-2.546000664958685e-05,-21680.0,-80.0,-480.0,-1.5865119894026454e-05,-21760.0,,,-1.831593127394715e-05,,,,-2.437239259288457e-05,,,
0.7541666666666667,0.4356259573251009,0.27736049611121416,1.2238614587113261,0.6708027049899101,1.0977546498179436,1.65087366476655,1.9572586752474308,0.23681513965129852,0.6061489228159189,0.2828694973140955,0.9662557393312454,-0.7262247707694769,0.8701227605342865,-0.07934887893497944,1.7411480657756329,-0.710078040137887,5.883751891087741,28.38572040433064,-35.152765456587076,-16.156364581547678,-129.18052665889263,-144.19817458838224,-180.19568406045437,-272.2731853276491,-2.766768829989678e-05,-4480.0,7280.0,-20880.0,-1.9057119321392235e-05,-6640.0,,-240.0,-6.89554689573739e-06,-21760.0,,-160.0,-2.4390530524662506e-06,-22400.0,80.0,-160.0,-2.5922584468243172e-05,-21680.0,,-400.0000305175781,-1.5858313520447447e-05,-21760.0,,,-1.8388328505820027e-05,,,,-2.414430039985693e-05,,,
0.7583333333333334,0.6336377561092377,0.3169834241271019,1.1843820568174124,0.5524257570505142,0.9409325569868088,1.4150345697999,1.8006779812276363,0.23681513965129852,0.4040992818772793,-0.0,1.087037706747651,-0.8472622325643897,0.6328165531158447,-0.23804663680493832,1.582861877977848,-0.6311804801225662,5.2992732264101505,28.3466753968969,-32.625188294332474,-13.502662186510861,-125.48462603241205,-141.40160392969847,-173.88532936573029,-262.0020101778209,-2.7997438360099396e-05,-4480.0,7280.0,-20880.0,-1.6070709187940985e-05,-6640.0,,-240.0,-4.892354952857952e-06,-21760.0,,-160.0,-1.4233227932280496e-06,-22400.0,80.0,-160.0,-2.5122713025560505e-05,-21680.0,,-400.0000305175781,-1.568326373909009e-05,-21760.0,,,-1.84455260764764e-05,,,,-2.4305478988317182e-05,,,
0.7625000000000001,0.5148306768387556,0.35660635214298964,1.0264644492417574,0.5129667744040489,0.8625215105712414,1.1005824431777,1.5658069401979446,0.3157535195350647,0.3232794255018234,0.08081985637545586,0.9662557393312454,-0.887608053162694,0.7119186222553253,-0.23804663680493832,1.582861877977848,-0.3944878000766039,5.0654817605391145,28.03431533742696,-30.40869755204767,-10.848959791474044,-121.61273013800383,-138.6050332710147,-168.1008375622332,-251.99196659959853,-2.6378580026784277e-05,-4240.0,6000.0,-20400.0,-1.2101132362330879e-05,-6160.0,,-320.0,-8.697619416212009e-06,-21680.0,80.0,-240.0,-6.869064552130546e-07,-22400.0,80.0,-80.0,-2.5865459376834665e-05,-21600.0,-80.0,-480.0,-1.607709308379889e-05,-21760.0,,,-1.8521732283559387e-05,,,,-2.446727937243016e-05,,,
0.7666666666666667,0.673240115866065,0.3169834241271019,1.0659438511356711,0.6313437223434448,1.0193436034023762,1.33642153814435,1.6440972872078419,0.07893837988376617,0.3232794255018234,0.20204964093863964,0.9662557393312454,-0.8472622325643897,0.8701227605342865,-0.3967443946748972,1.6620049718767405,-0.47338536009192467,4.792725050356239,27.3315052036196,-28.036663599777967,-8.507457678206265,-117.91682951152325,-136.33281961083412,-162.66692101955414,-243.11349316500127,-2.7713071753151337e-05,-4240.0,6000.0,-20400.0,-1.3602141345967953e-05,-6160.0,,-320.0,-6.011745437702661e-06,-21680.0,,-240.0,1.5993386466654883e-06,-22400.0,80.0,-80.0,-2.570928376382565e-05,-21600.0,,-480.0,-1.5750188787749244e-05,-21760.0,,,-1.8636131239569385e-05,,,,-2.475230973670076e-05,,,
0.7708333333333334,0.2772165182977915,0.23773756809532642,1.0659438511356711,0.6313437223434448,1.176165696233511,1.33642153814435,1.722387634217739,0.23681513965129852,0.48491913825273514,0.04040992818772793,0.9259950835257769,-0.8069164119660854,0.7910206913948059,-0.31739551573991776,1.582861877977848,-0.3944878000766039,4.16928114136681,26.47251504007727,-25.936830264981836,-6.361080741044134,-114.74891468882561,-134.41017728298903,-157.32064829207957,-233.88684430159628,-3.1162788312434804e-05,-4080.0,5280.0,-20640.001953125,-1.3750354732129395e-05,-6560.0,,-320.0,-6.419744952206009e-06,-21760.0,,-160.0,-4.320741642533559e-06,-22320.0,80.0,-160.0,-2.523613351172434e-05,-21680.0,,-480.0,-1.583012004670271e-05,-21760.0,,,-1.8244640304278508e-05,,,,-2.4438928542423613e-05,,,
0.7750000000000001,0.3564212378114462,0.3962292801588774,1.0659438511356711,0.6313437223434448,1.3329877890646458,1.17919547483325,1.8789683282375336,0.15787675976753235,0.4445092100650072,0.20204964093863964,0.9259950835257769,-0.7665705913677812,1.0283268988132477,-0.47609327360987663,1.7411480657756329,-0.15779512003064156,3.857559186872095,25.26211980963126,-23.992540140170604,-4.175678768660873,-111.58099986612797,-132.0505707897246,-151.799087934196,-225.7047217246145,-2.8877807544278045e-05,-4080.0,4480.0,-21040.0,-1.136254117004281e-05,-5600.0,,-320.0,-6.737271768726108e-06,-21840.0,80.0,-240.0,-8.294462540665856e-07,-22320.0,80.0,-160.0,-2.534597962655931e-05,-21680.0,-80.0,-480.0,-1.5614655455266726e-05,-21760.0,,,-1.8285552932349042e-05,,,,-2.4341249404486636e-05,,,
0.7791666666666668,0.3564212378114462,0.35660635214298964,0.8290674397721887,0.5524257570505142,0.9409325569868088,1.572260633111,1.9572586752474308,0.3157535195350647,0.36368935368955135,0.04040992818772793,1.0467770509421825,-0.7262247707694769,0.6328165531158447,-0.31739551573991776,1.8202911596745253,-0.5522829201072454,3.54583723237738,24.325039631221443,-22.20379322534427,-2.6927274302579463,-108.58908031135798,-129.69096429646015,-146.89103428274393,-217.17442371882498,-2.7099494865662384e-05,-4080.0,4480.0,-21040.0,-2.046923060017563e-05,-5600.0,,-320.0,-7.263170223971828e-06,-21840.0,80.0,-240.0,5.084604250468272e-06,-22320.0,80.0,-160.0,-2.567597573473494e-05,-21680.0,-80.0,-480.0,-1.5867004354470915e-05,-21760.0,,,-1.807369990554017e-05,,,,-2.464733117556444e-05,,,
0.7833333333333334,0.47522831708192825,0.3962292801588774,1.0264644492417574,0.5918847396969795,1.0977546498179436,1.1005824431777,1.5658069401979446,-0.0,0.3232794255018234,0.08081985637545586,1.006516395136714,-0.7665705913677812,0.8701227605342865,-0.15869775786995888,1.6620049718767405,-0.3944878000766039,3.078254300635308,22.763239333871752,-20.648361125495285,-0.9366008453071117,-105.59716075658798,-128.2052861340344,-141.45711774006486,-210.2979589998722,-2.730529778262325e-05,-4080.0,2720.0,-21040.0,-4.2598523986076995e-06,-2560.0,,-320.0,-5.701251969248301e-06,-21760.0,,-160.0,1.427062388631816e-06,-22400.0,80.0,-240.0,-2.5371425564605418e-05,-21760.0,-80.0,-480.0,-1.572592922054975e-05,-21760.0,,,-1.8398185683529515e-05,,,,-2.4322900710685305e-05,,,
0.7875000000000001,0.5148306768387556,0.23773756809532642,1.1449026549234986,0.6313437223434448,0.9409325569868088,1.4150345697999,2.035549022257328,0.23681513965129852,0.4040992818772793,0.04040992818772793,0.8857344277203083,-0.6858789501711726,0.6328165531158447,-0.714139910414815,1.8202911596745253,-0.5522829201072454,2.727567101828754,21.123349021654576,-18.9373858156614,0.6634255987592041,-103.57321517542005,-126.45742947235703,-137.8637213166803,-203.50853813812137,-2.6524423532275432e-05,-3813.333251953125,1600.0,-20560.0,-1.023878094949136e-05,-1813.3333740234375,,-266.6666564941406,-6.111907466716134e-06,-21760.0,,-213.3333282470703,-2.701294176910967e-06,-22346.666015625,80.0,-186.6666717529297,-2.5354181225659697e-05,-21706.666015625,-80.0,-480.0,-1.5714700659176734e-05,-21706.666015625,,,-1.8161411239547235e-05,,,,-2.4409057555560554e-05,,,
0.7916666666666667,0.4356259573251009,0.47547513619065285,1.0264644492417574,0.7102616876363754,0.9409325569868088,1.49364760145545,2.1921297162771225,0.3157535195350647,0.565738994628191,0.1616397127509117,0.9259950835257769,-0.8069164119660854,0.7910206913948059,-0.23804663680493832,1.6620049718767405,-0.5522829201072454,2.298949414398521,19.63963873917237,-17.77081174077466,1.7561265849508345,-101.54926959425211,-125.14653697609901,-133.21859911084175,-197.06729270517826,-2.5737272197592876e-05,-3680.0,1040.0,-20320.0,-8.450196244839622e-06,-1440.0,,-240.0,-8.384164789012683e-06,-21760.0,80.0,-240.0,-5.181295858653105e-07,-22320.0,80.0,-160.0,-2.5497974331375756e-05,-21680.0,-80.0,-480.0,-1.5680548628318135e-05,-21680.0,,,-1.854098124591313e-05,,,,-2.4327823577494165e-05,,,
0.7958333333333334,0.31681887805461884,0.27736049611121416,1.3028202624991536,0.5129667744040489,1.176165696233511,1.65087366476655,1.8789683282375336,-0.0,0.4040992818772793,0.24245956912636757,0.9662557393312454,-0.6455331295728683,0.8701227605342865,-0.0,1.7411480657756329,-0.47338536009192467,2.026192704215646,18.11688344925642,-16.643123468384147,2.7707775007002056,-99.96531218290329,-123.74825164675713,-129.5375588722527,-191.40944198705256,-2.4264884887467524e-05,-3120.0,-1120.0,-19760.0,-1.6579595523936444e-05,-1200.0,,-320.0,-7.670427779858885e-06,-21760.0,80.0,-240.0,1.3735390866887023e-06,-22320.0,80.0,-160.0,-2.567678635790184e-05,-21680.0,,-400.0000305175781,-1.5778982122637486e-05,-21760.0,,,-1.839603037957988e-05,,,,-2.4531335768752808e-05,,,
0.8,0.5148306768387556,0.3962292801588774,1.0659438511356711,0.6313437223434448,1.0193436034023762,1.33642153814435,1.8789683282375336,0.07893837988376617,0.48491913825273514,0.12122978456318378,0.9662557393312454,-0.8472622325643897,0.8701227605342865,-0.23804663680493832,1.97857734747231,-0.47338536009192467,1.5196445281617343,16.516038144472986,-15.67097840597853,3.863478486891836,-98.73334530740976,-123.04910898208618,-126.11945007927716,-186.53498598374426,-2.6460384302090436e-05,-3120.0,-1120.0,-19760.0,-2.3949962555498954e-05,-1200.0,,-320.0,-5.374562726756461e-06,-21760.0,80.0,-240.0,-2.3331565798027053e-06,-22320.0,80.0,-160.0,-2.5665744716694364e-05,-21680.0,,-400.0000305175781,-1.586802383231258e-05,-21760.0,,,-1.8285572005835322e-05,,,,-2.4491681990776752e-05,,,
0.8041666666666667,0.47522831708192825,0.47547513619065285,0.9475056454539299,0.6313437223434448,1.4113988354802132,1.572260633111,1.5658069401979446,-0.15787675976753235,0.4040992818772793,0.12122978456318378,1.006516395136714,-0.8472622325643897,0.7119186222553253,-0.23804663680493832,2.136863535270095,-0.9467707201838493,1.246887817978859,15.071372869424522,-14.465518528595567,4.800079332198948,-98.02936423569918,-122.34996631741524,-123.92835469916463,-182.35688083805144,-2.6169366770476552e-05,-2720.0,-2560.0,-19600.0,-2.055401415403872e-05,-560.0,,-320.0,-4.4171123393117306e-06,-21760.0,80.0,-240.0,2.5506730015252576e-06,-22400.0,80.0,-160.0,-2.595825570228397e-05,-21680.0,-80.0,-480.0,-1.5607121428186138e-05,-21760.0,,,-1.8362592650782465e-05,,,,-2.4499582228793915e-05,,,
0.8083333333333333,0.19801179878413677,0.35660635214298964,0.9869850473478436,0.789179652929306,0.9409325569868088,1.02196941152215,2.1138393692672253,0.15787675976753235,0.36368935368955135,0.20204964093863964,1.006516395136714,-0.6858789501711726,0.6328165531158447,-0.23804663680493832,1.6620049718767405,-0.47338536009192467,0.9741311077959836,13.704797609243542,-13.5711450711824,5.6586301070638,-97.23738553002477,-122.34996631741524,-120.86082116700709,-179.31034583598375,-2.630690377269278e-05,-2800.0,-5360.0,-18800.0,-1.7960903122377688e-05,400.0000305175781,,-320.0,-2.345340961256928e-06,-21760.0,,-160.0,-2.539711230541581e-06,-22400.0,80.0,-160.0,-2.5749061519462525e-05,-21680.0,-80.0,-400.0000305175781,-1.5713326414490262e-05,-21680.0,,,-1.8380510283793868e-05,,,,-2.4400506911661244e-05,,,
0.8125,0.4356259573251009,0.4358522081747651,1.0659438511356711,0.5918847396969795,1.176165696233511,1.33642153814435,1.8006779812276363,0.47363027930259705,0.48491913825273514,0.04040992818772793,1.006516395136714,-0.6455331295728683,0.5537144839763641,-0.07934887893497944,1.7411480657756329,-0.5522829201072454,0.9741311077959836,12.338222349062562,-12.326799391303211,6.7513310932554305,-97.50137843191624,-122.4373591504991,-119.28323249332607,-175.8285915479064,-2.5657524044107698e-05,-2800.0,-5360.0,-18800.0,-1.6298095661976264e-05,400.0000305175781,,-320.0,-3.3188064014566347e-06,-21760.0,,-160.0,1.1642004222086867e-06,-22400.0,80.0,-160.0,-2.5681455547343175e-05,-21680.0,-80.0,-400.0000305175781,-1.5938531835369427e-05,-21680.0,,,-1.829500003010351e-05,,,,-2.4198427139222227e-05,,,
0.8166666666666667,0.31681887805461884,0.35660635214298964,1.1843820568174124,0.4735077917575836,1.176165696233511,1.4150345697999,1.6440972872078419,-0.07893837988376617,0.36368935368955135,0.2828694973140955,0.9662557393312454,-0.6858789501711726,0.7119186222553253,-0.23804663680493832,1.7411480657756329,-0.8678731601685286,0.8182701305486262,11.596367207821459,-11.237996921408921,7.375731656793505,-97.50137843191624,-122.78693048283458,-118.14386289566755,-173.82658283226192,-2.6113424235217403e-05,-3120.0,-7280.0,-18720.0,-1.5515253981518667e-05,1520.0,-80.0,-320.0,-3.2147095122236045e-06,-21760.0,80.0,-160.0,-2.307614559069463e-06,-22400.0,80.0,-240.0,-2.5994207316573084e-05,-21600.0,-80.0,-400.0000305175781,-1.5866182287212248e-05,-21680.0,,,-1.829483790547013e-05,,,,-2.4807220396352164e-05,,,
0.8208333333333334,0.47522831708192825,0.23773756809532642,1.1449026549234986,0.5918847396969795,1.3329877890646458,1.65087366476655,1.4875165931880474,0.07893837988376617,0.48491913825273514,0.04040992818772793,1.0467770509421825,-0.6455331295728683,0.7910206913948059,-0.07934887893497944,1.8202911596745253,-0.6311804801225662,1.013096352107823,10.971647088881582,-10.343623463995755,8.039157255552709,-97.94136660173535,-123.31128748133779,-116.56627422198653,-171.7375302594155,-2.665744965498645e-05,-3493.333251953125,-7466.6669921875,-18853.333984375,-1.621087642391522e-05,1680.0,,-293.3333435058594,-3.352880469440064e-06,-21760.0,,-160.0,1.3753811086261904e-06,-22400.0,80.0,-213.3333282470703,-2.5536485607523642e-05,-21626.666015625,,-426.66668701171875,-1.5611092528029628e-05,-21680.0,,,-1.8294515563552e-05,,,,-2.4345180450008937e-05,,,
0.8250000000000001,0.31681887805461884,0.3962292801588774,1.1054232530295849,0.6708027049899101,1.0193436034023762,1.17919547483325,1.9572586752474308,0.15787675976753235,0.48491913825273514,-0.0,0.9662557393312454,-0.7262247707694769,0.9492248296737671,-0.31739551573991776,1.7411480657756329,-0.3944878000766039,1.2079225736670196,10.385971977375448,-9.527021611575037,8.780632924754173,-98.90934057533741,-124.3600014783442,-116.30334277637303,-170.4318724013865,-2.576315110377754e-05,-4240.0,-7840.00048828125,-19120.0,-1.3393034901183396e-05,2000.0001220703125,,-240.0,-3.2430055059570956e-06,-21760.0,,-160.0,1.340600725603956e-06,-22400.0,80.0,-160.0,-2.5678703243272975e-05,-21680.0,,-480.0,-1.595491119171235e-05,-21680.0,,,-1.8847127866844287e-05,,,,-2.4652004179703032e-05,,,
0.8291666666666667,0.3564212378114462,0.3169834241271019,0.9869850473478436,0.5918847396969795,0.9409325569868088,1.33642153814435,1.722387634217739,0.23681513965129852,0.5253290664404631,0.12122978456318378,1.087037706747651,-0.6858789501711726,0.7910206913948059,-0.3967443946748972,1.8994342535734177,-0.8678731601685286,1.2858530622906983,10.307881962507963,-8.321561734192073,9.209908312186599,-99.52532401308417,-125.40871547535062,-115.77747988514602,-168.77803911454976,-2.5697845394103552e-05,-5920.0,-6720.0,-19840.0,-1.4037039721334784e-05,2080.0,,-320.0,-2.085703129270849e-06,-21760.0,80.0,-240.0,4.192644347095865e-07,-22400.0,80.0,-160.0,-2.5918504649527887e-05,-21680.0,-80.0,-480.0,-1.5541241606575125e-05,-21760.0,,,-1.8519992781610654e-05,,,,-2.447693437118508e-05,,,
0.8333333333333335,0.31681887805461884,0.27736049611121416,0.9080262435600162,0.6708027049899101,0.8625215105712414,1.1005824431777,1.722387634217739,0.07893837988376617,0.36368935368955135,-0.0,1.0467770509421825,-0.8472622325643897,0.6328165531158447,-0.23804663680493832,1.8202911596745253,-0.9467707201838493,1.831366482656449,10.034566910471767,-7.5438456842675805,9.951383981388062,-100.7572908885777,-126.5448223054409,-115.25161699391901,-167.38533739931881,-2.817555229702763e-05,-5920.0,-6720.0,-19840.0,-1.5533697089077083e-05,2080.0,,-320.0,-5.9455830453726425e-08,-21760.0,80.0,-240.0,-1.7695182517198348e-06,-22400.0,80.0,-160.0,-2.6012983256467085e-05,-21680.0,-80.0,-480.0,-1.5671346624862364e-05,-21760.0,,,-1.8510200453754518e-05,,,,-2.4335308013510425e-05,,,
0.8375000000000001,0.2772165182977915,0.47547513619065285,1.0264644492417574,0.6313437223434448,1.0193436034023762,1.33642153814435,1.8789683282375336,-0.0,0.565738994628191,-0.08081985637545586,1.0467770509421825,-0.8472622325643897,0.7119186222553253,-0.6347910314798355,1.8202911596745253,-0.8678731601685286,2.493775635957718,10.268836955074221,-6.4550432143732905,10.30260929837823,-101.81326249614358,-128.11789330095053,-115.68983606994152,-166.6019426845014,-2.4356779037015787e-05,-7600.0,-3920.000244140625,-20160.0,-1.396168609908851e-05,2240.0,-80.0,-240.0,-1.3710019553855987e-06,-21680.0,80.0,-160.0,-2.9191422388762122e-06,-22480.0,80.0,-160.0,-2.565152352532402e-05,-21680.0,-80.0,-480.0,-1.5603033026402027e-05,-21680.0,,,-1.8323631240358372e-05,,,,-2.4230127273419536e-05,,,
0.8416666666666668,0.31681887805461884,0.3962292801588774,1.0659438511356711,0.7102616876363754,1.0193436034023762,1.17919547483325,1.722387634217739,0.23681513965129852,0.3232794255018234,0.08081985637545586,1.2078196741640568,-0.7262247707694769,0.9492248296737671,-0.15869775786995888,2.136863535270095,-0.710078040137887,3.078254300635308,10.307881962507963,-5.521783954463899,10.731884685810655,-103.30922227352858,-130.04053562879562,-116.12805514596403,-165.90559182688594,-2.6447185449584697e-05,-7440.0,-1040.0,-19120.0,-1.2459950415624169e-05,2240.0,-80.0,-240.0,-4.904598700538221e-06,-21760.0,80.0,-160.0,8.154343584453765e-06,-22400.0,80.0,-160.0,-2.5591588909386473e-05,-21680.0,-80.0,-480.0,-1.5561551054766036e-05,-21760.0,,,-1.838112635740071e-05,,,,-2.4589015898612062e-05,,,
0.8458333333333334,0.31681887805461884,0.35660635214298964,0.9869850473478436,0.6313437223434448,0.8625215105712414,1.4150345697999,2.1138393692672253,0.15787675976753235,0.4445092100650072,-0.0,1.1272983625531197,-0.9279538737609982,0.7119186222553253,-0.47609327360987663,1.8994342535734177,-0.6311804801225662,3.779628698248416,10.77642205171287,-4.277438274584711,11.3172602141276,-104.5411891490221,-131.78839229047298,-116.74156185239553,-165.73150411248207,-2.4949115690183366e-05,-7440.0,-1040.0,-19120.0,-1.6203094441512994e-05,2240.0,-80.0,-240.0,-1.069130990190108e-05,-21760.0,80.0,-160.0,-1.9361026536220188e-07,-22400.0,80.0,-160.0,-2.6325933389954306e-05,-21680.0,-80.0,-480.0,-1.5605091055571636e-05,-21760.0,,,-1.8309793426062254e-05,,,,-2.4340961394843808e-05,,,
0.8500000000000001,0.2772165182977915,0.4358522081747651,0.9475056454539299,0.789179652929306,1.0193436034023762,1.4150345697999,1.5658069401979446,0.15787675976753235,0.6465588510036469,-0.04040992818772793,1.006516395136714,-0.887608053162694,0.8701227605342865,-0.3967443946748972,2.0577204413712025,-0.710078040137887,4.831690294668078,10.77642205171287,-3.1886358046904206,12.019710848107934,-106.91712526604533,-134.06060595065355,-117.53035618923604,-165.818547969684,-2.64450873660939e-05,-6640.0,720.0,-17680.0,-1.532203670447964e-05,2080.0,,-320.0,-1.1938219040293465e-05,-21760.0,80.0,-160.0,-7.807567099886177e-06,-22400.0,80.0,-160.0,-2.636877053279049e-05,-21680.0,-80.0,-480.0,-1.594483657625927e-05,-21760.0,,,-1.8389768554034165e-05,,,,-2.4357749877467437e-05,,,
0.8541666666666667,0.2772165182977915,0.23773756809532642,0.9869850473478436,0.6708027049899101,1.0193436034023762,1.65087366476655,2.035549022257328,0.23681513965129852,0.6061489228159189,-0.04040992818772793,1.0467770509421825,-0.8069164119660854,0.5537144839763641,-0.23804663680493832,1.7411480657756329,-0.710078040137887,5.844786646775901,11.010692096315324,-2.2553765447810292,12.370936165098101,-108.85307321324944,-136.33281961083412,-118.31915052607656,-166.16672339849174,-2.2210643712234062e-05,-6640.0,720.0,-17680.0,-1.556667514685515e-05,2080.0,,-320.0,-1.1553045243658513e-05,-21760.0,80.0,-160.0,2.3923425614037633e-06,-22400.0,80.0,-160.0,-2.5755042964759924e-05,-21680.0,-80.0,-480.0,-1.603472896342245e-05,-21760.0,,,-1.84099025261513e-05,,,,-2.4690250334391626e-05,,,
0.8583333333333334,0.3564212378114462,0.35660635214298964,1.1843820568174124,0.5524257570505142,0.9409325569868088,1.49364760145545,1.8006779812276363,0.39469189941883087,0.6465588510036469,-0.20204964093863964,1.2480803299695253,-0.887608053162694,0.6328165531158447,-0.3967443946748972,2.0577204413712025,-0.7889756001532078,6.818917754571885,10.854512066580355,-1.2832314823754132,12.878261622972786,-111.58099986612797,-138.8672117702663,-119.19558867812157,-167.124205827713,-2.3472307145938317e-05,-4160.0,1360.0,-17280.001953125,-1.4380520784310351e-05,1840.0,-80.0,-320.0,-1.2796635595438183e-05,-21680.0,,-240.0,6.539267046630807e-06,-22400.0,160.0,-160.0,-2.578275483297609e-05,-21680.0,-80.0,-480.0,-1.56346149049844e-05,-21680.0,,,-1.8292121841023863e-05,,,,-2.4783613142383447e-05,,,
0.8625,0.39602359756827354,0.47547513619065285,0.9869850473478436,0.6313437223434448,1.0977546498179436,1.2578085064888,1.8006779812276363,0.47363027930259705,0.4445092100650072,0.08081985637545586,0.9662557393312454,-1.1700287973508239,1.1074289679527283,-0.15869775786995888,1.582861877977848,-0.6311804801225662,7.520292152184993,10.58119701454416,-0.03888580249622464,13.151436869520694,-113.69294308125973,-141.40160392969847,-120.77317735180259,-167.82055668532848,-2.4639356550950784e-05,-1200.0,240.0,-17600.0,-1.4599678002690138e-05,1280.0,,-320.0,-1.0794915172025244e-05,-21760.0,,-240.0,5.852711185937436e-06,-22400.0,80.0,-160.0,-2.5946613246258677e-05,-21680.0,-80.0,-480.0,-1.5669932325854704e-05,-21760.0,,,-1.833057398936428e-05,,,,-2.4524728713105426e-05,,,
0.8666666666666667,0.39602359756827354,0.3962292801588774,1.0659438511356711,0.4735077917575836,1.0193436034023762,1.8867127597332,1.5658069401979446,-0.23681513965129852,0.6061489228159189,0.04040992818772793,1.006516395136714,-0.9279538737609982,1.1074289679527283,-0.9521865472197533,1.97857734747231,-0.710078040137887,8.494423259980977,10.346926969941705,0.972145062405616,13.502662186510861,-117.12485080584884,-144.8973172530532,-122.1754783950746,-169.21325840055943,-2.6229858332213474e-05,-1200.0,240.0,-17600.0,-1.5568186720642837e-05,1280.0,,-320.0,-8.94060514100136e-06,-21760.0,,-240.0,-3.992134024554467e-07,-22400.0,80.0,-160.0,-2.5722679073240072e-05,-21680.0,-80.0,-480.0,-1.596524616025315e-05,-21760.0,,,-1.8278301192865398e-05,,,,-2.433587640340157e-05,,,
0.8708333333333333,0.3564212378114462,0.5150980642065406,0.9869850473478436,0.6708027049899101,1.176165696233511,1.4150345697999,1.8789683282375336,0.15787675976753235,0.565738994628191,-0.0,1.3286016415804625,-1.0893371561542153,1.2656331062316895,-0.31739551573991776,2.2951497230678797,-0.8678731601685286,9.117867168970406,9.995521903038025,2.1387191372923553,13.424612116068602,-120.82075143232942,-147.51910224556923,-123.84071088396013,-170.9541355445981,-2.6906759194151924e-05,1360.0,-1040.0,-18080.0,-1.56617908082361e-05,1040.0,,-240.0,-9.19838998379534e-06,-21760.0,80.0,-160.0,-3.538587084419198e-06,-22400.0,,-160.0,-2.588749688288254e-05,-21600.0,-80.0,-480.0,-1.5862968404774073e-05,-21760.0,,,-1.8434894515223944e-05,,,,-2.4383834777303923e-05,,,
0.875,0.31681887805461884,0.27736049611121416,1.0264644492417574,0.5524257570505142,0.9409325569868088,1.7294866964221,1.8006779812276363,0.07893837988376617,0.7273787073791027,-0.12122978456318378,1.3286016415804625,-1.1700287973508239,1.0283268988132477,-0.47609327360987663,2.0577204413712025,-0.8678731601685286,9.741311077959836,9.40984679153189,3.0719783972017467,13.268511975184083,-124.42865442484617,-151.10220840200782,-125.68123100325465,-172.95614426024258,-2.255834383037476e-05,2480.0,-3013.33349609375,-18613.333984375,-1.3919045413161011e-05,773.3333129882812,,-293.3333435058594,-8.899591423453543e-06,-21760.0,80.0,-213.3333282470703,-4.107617844701283e-06,-22346.666015625,,-160.0,-2.5682157451638278e-05,-21653.333984375,,-480.0,-1.5864228208542865e-05,-21760.0,,,-1.8419048262822545e-05,,,,-2.4414911208499876e-05,,,
0.8791666666666668,0.31681887805461884,0.3962292801588774,0.9475056454539299,0.5129667744040489,1.0977546498179436,1.80809972807765,1.8789683282375336,0.5525686591863632,0.565738994628191,-0.04040992818772793,1.1675590183585882,-1.1700287973508239,0.7119186222553253,-0.07934887893497944,2.0577204413712025,-0.9467707201838493,10.442685475572944,8.785126672592014,4.277438274584711,13.463637151289731,-128.6525408551097,-154.1609575599432,-127.52175112254918,-175.48041611909866,-3.005915061990872e-05,3040.0,-4000.000244140625,-18880.001953125,-1.620618434629035e-05,640.0,,-320.0,-6.94930122528307e-06,-21760.0,80.0,-240.0,6.988082391261817e-06,-22320.0,80.0,-160.0,-2.5683200771337792e-05,-21680.0,,-480.0,-1.562332149375803e-05,-21760.0,,,-1.850160975553402e-05,,,,-2.4379260955293986e-05,,,
0.8833333333333334,0.39602359756827354,0.5943439202383161,1.0264644492417574,0.7497206702828407,1.3329877890646458,1.33642153814435,1.6440972872078419,0.07893837988376617,0.5253290664404631,-0.08081985637545586,1.1675590183585882,-1.2507204385474324,1.2656331062316895,-0.5554421525448561,2.136863535270095,-1.104565840214491,11.338886094745249,8.316586583387107,5.599555559456348,13.814862468279898,-133.05242255330086,-157.91884938254952,-129.9757779482752,-178.35286340676248,-2.604191582780517e-05,3280.0,-6080.0,-19360.0,-1.4924101791849074e-05,480.0,,-240.0,-9.284067130490648e-06,-21760.0,80.0,-240.0,-1.9173484992256277e-06,-22400.0,80.0,-240.0,-2.5680343563093053e-05,-21680.0,-80.0,-480.0,-1.5849863012351107e-05,-21680.0,,,-1.8192169143522313e-05,,,,-2.4179149566639063e-05,,,
0.8875000000000001,0.31681887805461884,0.47547513619065285,0.9475056454539299,0.7497206702828407,1.0193436034023762,1.65087366476655,1.5658069401979446,0.5525686591863632,0.7273787073791027,-0.08081985637545586,1.368862297385931,-1.2103746179491282,1.0283268988132477,-0.6347910314798355,2.0577204413712025,-1.0256682801991701,11.767503782175481,7.262371382676065,7.193873461801559,14.049012679606676,-137.45230425149202,-162.3758838698268,-132.16687332838774,-181.31235455162823,-2.609737198916418e-05,3280.0,-6080.0,-19360.0,-1.8078296615733642e-05,480.0,,-240.0,-5.9079174846261785e-06,-21760.0,80.0,-240.0,2.815079681918486e-07,-22400.0,80.0,-240.0,-2.568130868149882e-05,-21680.0,-80.0,-480.0,-1.5691782911737037e-05,-21680.0,,,-1.8375467254021444e-05,,,,-2.43454913478353e-05,,,
0.8916666666666668,0.4356259573251009,0.47547513619065285,1.0659438511356711,0.7497206702828407,1.0977546498179436,1.65087366476655,2.1921297162771225,0.07893837988376617,0.7677886355668306,-0.12122978456318378,1.4896442648023367,-1.2103746179491282,0.8701227605342865,-0.5554421525448561,2.2160066291689873,-1.104565840214491,12.507843424100429,6.676696271169931,8.982620376627892,14.361212961375713,-141.940183583647,-166.30856135860085,-135.23440686054528,-184.7941088397056,-2.4950412687250404e-05,2000.0001220703125,-6320.0,-19200.0,-1.5859324415220285e-05,640.0,80.0,-320.0,-4.297750462171684e-06,-21680.0,,-240.0,-1.7899839832889524e-06,-22400.0,160.0,-160.0,-2.5678941661851475e-05,-21680.0,-80.0,-400.0000305175781,-1.572483630978591e-05,-21680.0,,,-1.847930903537548e-05,,,,-2.435011094621231e-05,,,
0.8958333333333335,0.31681887805461884,0.6339668482542038,1.1054232530295849,0.7102616876363754,0.9409325569868088,1.33642153814435,1.8006779812276363,0.47363027930259705,0.7273787073791027,-0.1616397127509117,1.3286016415804625,-1.1700287973508239,0.8701227605342865,-0.8728376682847738,2.0577204413712025,-0.710078040137887,13.326113554649055,5.934841129928827,10.499166673980653,14.82951338402927,-147.74802742525935,-171.02777434512973,-138.47722802311182,-188.7110824137926,-2.5605544979297526e-05,-560.0,-4560.0,-18320.0,-1.5446108779056523e-05,400.0000305175781,,-320.0,-6.286149009092378e-06,-21760.0,80.0,-240.0,-4.014276017544371e-06,-22400.0,160.0,-160.0,-2.5880493098720536e-05,-21680.0,-80.0,-480.0,-1.5597176512439762e-05,-21680.0,,,-1.8280462218860918e-05,,,,-2.426066011025651e-05,,,
0.9000000000000001,0.47522831708192825,0.27736049611121416,0.9869850473478436,0.6708027049899101,1.0977546498179436,1.65087366476655,1.8006779812276363,0.39469189941883087,0.6465588510036469,-0.12122978456318378,1.650686888024211,-1.2507204385474324,1.1074289679527283,-0.714139910414815,2.0577204413712025,-0.710078040137887,14.144383685197681,5.388211025856435,12.210141983814538,15.336838841903955,-153.6438689008355,-175.83438016474247,-141.45711774006486,-192.97623141668737,-2.6916578224888852e-05,-560.0,-4560.0,-18320.0,-1.4456533395507598e-05,400.0000305175781,,-320.0,-6.10783527739536e-06,-21760.0,80.0,-240.0,-2.596584313512614e-06,-22400.0,160.0,-160.0,-2.6499494485707513e-05,-21680.0,-80.0,-480.0,-1.5760521848941418e-05,-21680.0,,,-1.8384248687104742e-05,,,,-2.4332643447477114e-05,,,
0.9041666666666668,0.2772165182977915,0.5150980642065406,0.9475056454539299,0.6313437223434448,0.8625215105712414,1.572260633111,2.035549022257328,0.15787675976753235,0.8081985637545586,-0.08081985637545586,1.4091229531913996,-1.2103746179491282,0.8701227605342865,-0.8728376682847738,2.136863535270095,-1.2623609602451324,14.728862349875271,4.919670936651528,13.882231491152197,15.649039123672992,-159.09972220659256,-180.81577165052295,-144.7875827178359,-197.06729270517826,-2.5926587993013337e-05,-2720.0,-1520.0,-17760.0,-1.735302348524056e-05,320.0,,-320.0,-6.744798643249341e-06,-21680.0,,-160.0,2.1331953948522365e-06,-22320.0,80.0,-160.0,-2.5983962947092112e-05,-21600.0,,-480.0,-1.5662850340398952e-05,-21680.0,,,-1.8424968672963848e-05,,,,-2.444007485894904e-05,,,
0.9083333333333334,0.39602359756827354,0.35660635214298964,1.0264644492417574,0.7497206702828407,1.0193436034023762,1.572260633111,1.722387634217739,0.47363027930259705,0.8081985637545586,-0.24245956912636757,1.6104262322187424,-1.2507204385474324,1.2656331062316895,-0.8728376682847738,2.374292816966772,-0.7889756001532078,15.664028213359416,4.412085840012878,15.74875001097098,16.195389616768807,-165.34755421802402,-185.70977030321956,-148.64391058683395,-201.59357327967882,-2.7451932837795024e-05,-2720.0,-1520.0,-17760.0,-1.6773054080576914e-05,320.0,,-320.0,-6.879556161677421e-06,-21680.0,,-160.0,4.4193482287409e-06,-22320.0,80.0,-160.0,-2.6015298777701474e-05,-21600.0,,-480.0,-1.5623429258955512e-05,-21680.0,,,-1.8547018004320742e-05,,,,-2.4564626631705866e-05,,,
0.9125000000000001,0.47522831708192825,0.3962292801588774,1.1054232530295849,0.6708027049899101,1.0193436034023762,1.49364760145545,2.035549022257328,0.47363027930259705,0.8486084919422865,-0.24245956912636757,1.5701655764132738,-1.2910662591457367,1.1074289679527283,-0.9521865472197533,2.136863535270095,-0.9467707201838493,16.716089809779078,3.982590758241713,17.693040135782212,16.741740109864622,-171.50738859549165,-191.3029116205871,-152.675526086241,-206.55507314018905,-2.9815856858315948e-05,-3920.000244140625,1040.0,-17200.0,-1.6970418887207522e-05,80.0,,-240.0,-8.54866979348016e-06,-21760.0,80.0,-160.0,-2.129889482842761e-06,-22400.0,80.0,-80.0,-2.6018276148909777e-05,-21680.0,-80.0,-480.0,-1.592480655464236e-05,-21760.0,,,-1.8296512557565512e-05,,,,-2.462063020212111e-05,,,
0.9166666666666667,0.23761415854096413,0.3962292801588774,0.9869850473478436,0.6708027049899101,1.0977546498179436,1.65087366476655,1.8006779812276363,0.15787675976753235,0.7677886355668306,-0.2828694973140955,1.6104262322187424,-1.5331411827355623,1.2656331062316895,-0.9521865472197533,2.2160066291689873,-1.2623609602451324,17.76815140619874,3.6311856913380325,19.559558655600995,17.873466131277382,-178.1072111427784,-196.72126727178693,-156.61949777044356,-211.60361685790122,-2.54023608520029e-05,-4080.0,3040.0,-17680.0,-1.491391655017557e-05,-160.0,-80.0,-240.0,-7.003114682636218e-06,-21840.0,,-160.0,3.1717710414915596e-06,-22400.0,80.0,-160.0,-2.599323838347006e-05,-21680.0,-80.0,-480.0,-1.5655980070640907e-05,-21760.0,,,-1.8252086593322208e-05,,,,-2.4350820479901924e-05,,,
0.9208333333333334,0.4356259573251009,0.3962292801588774,1.0659438511356711,0.5129667744040489,1.4113988354802132,1.572260633111,1.9572586752474308,0.3157535195350647,0.7273787073791027,-0.48491913825273514,1.4896442648023367,-1.2910662591457367,1.1865310370922089,-1.0315354261547327,2.374292816966772,-0.710078040137887,18.547456292435527,3.553095676470548,21.581620385404676,18.732016906142235,-184.8830289579928,-202.40180142223835,-160.91404471546412,-216.2169412896037,-2.614740174367654e-05,-4080.0,3040.0,-17680.0,-1.4119496309871718e-05,-160.0,-80.0,-240.0,-5.461706624546698e-06,-21840.0,,-160.0,2.5105908449682827e-07,-22400.0,80.0,-160.0,-2.6423166208312332e-05,-21680.0,-80.0,-480.0,-1.5678403814785953e-05,-21760.0,,,-1.8362155867946654e-05,,,,-2.453306764130703e-05,,,
0.925,0.3564212378114462,0.5150980642065406,1.0659438511356711,0.789179652929306,1.0193436034023762,1.572260633111,1.9572586752474308,0.23681513965129852,0.9698382765054703,-0.3232794255018234,1.650686888024211,-1.4121037209406495,1.34473517537117,-1.1108843050897121,2.136863535270095,-1.0256682801991701,19.48262215591967,3.3969156467355788,23.95365433767438,19.902767962776124,-191.92283967509866,-208.2571212388575,-165.20859166048467,-221.17844115011394,-2.5212608273746627e-05,-4160.0,4640.0,-18720.0,-1.4967999420522423e-05,-160.0,-80.0,-240.0,-5.956132396918998e-06,-21760.0,,-160.0,-2.6756551198162755e-06,-22400.0,80.0,-160.0,-2.592205231797596e-05,-21680.0,-2.0625314712524414,0.9708399772644043,-1.635416408224486e-05,2.038361072540283,,,-1.8284891082375127e-05,,,,-2.4260389266751335e-05,,,
0.9291666666666667,0.3564212378114462,0.35660635214298964,1.2238614587113261,0.5918847396969795,1.2545767426490784,1.7294866964221,1.8789683282375336,-0.0,0.8890184201300144,-0.3232794255018234,1.7714688554406166,-1.5734870033338666,1.1074289679527283,-1.3489309418946505,2.4534359108656645,-0.8678731601685286,20.417788019403815,2.850285542663187,25.859058659989387,21.073519019410014,-199.13864566013217,-214.2872267216444,-169.59078242070973,-227.2715111542493,-2.5994394236738627e-05,-3920.000244140625,5120.0,-19120.0,-1.2469796149241889e-05,-400.0000305175781,,-320.0,-6.069837554865563e-06,-21680.0,,-240.0,1.936579192755795e-07,-22400.0,,-240.0,-2.568604844283939e-05,-21680.0,2.038361072540283,-2.0625314712524414,-1.595822139525624e-05,0.9668115973472595,,,-1.836686320436055e-05,,,,-2.43706302027523e-05,,,
0.9333333333333333,0.2772165182977915,0.35660635214298964,1.1054232530295849,0.6313437223434448,1.0193436034023762,1.33642153814435,1.8789683282375336,0.3157535195350647,0.8890184201300144,-0.4445092100650072,1.5299049206078053,-1.492795362137258,1.2656331062316895,-0.9521865472197533,2.2160066291689873,-0.710078040137887,21.119162417016923,2.6550605054944754,28.036663599777967,22.67354546347633,-206.7944398149848,-220.75429636985064,-174.4988360721618,-232.32005487196147,-2.5281204159803908e-05,-3920.000244140625,5120.0,-19120.0,-1.5105830154427363e-05,-400.0000305175781,,-320.0,-8.242227533511665e-06,-21680.0,,-240.0,4.932388293210979e-06,-22400.0,,-240.0,-2.550123589752963e-05,-21680.0,2.038361072540283,-2.0625314712524414,-1.603747173074951e-05,0.9668115973472595,,,-1.8316060973653852e-05,,,,-2.448076241988147e-05,,,
0.9375000000000001,0.47522831708192825,0.47547513619065285,1.2238614587113261,0.8286386355757713,1.2545767426490784,1.65087366476655,1.8006779812276363,0.6315070390701294,0.9698382765054703,-0.3232794255018234,1.6909475438296795,-1.5331411827355623,1.4238372445106506,-0.7934887893497944,2.374292816966772,-1.0256682801991701,22.093293524812907,2.4988804757595062,30.48646915704012,24.468697083648294,-213.30626472830772,-226.78440185263753,-178.53045157156885,-238.0649494472891,-2.5010574277674683e-05,-3680.0,5040.0,-20160.0,-2.960995763515053e-08,160.0,,-240.0,-8.300422647500479e-06,-21760.0,80.0,-160.0,-5.067560183128492e-06,-22400.0,80.0,-160.0,-2.596081727149137e-05,-21680.0,,,-1.6115251500450596e-05,,,,-1.8423055602289967e-05,,,,-6.185849367855628e-08,,,
0.9416666666666668,0.39602359756827354,0.1981146400794387,1.1449026549234986,0.5129667744040489,0.9409325569868088,1.2578085064888,2.348710410296917,0.39469189941883087,1.131477989256382,-0.36368935368955135,1.6909475438296795,-1.5331411827355623,1.2656331062316895,-1.1108843050897121,2.0577204413712025,-0.8678731601685286,22.52191121224314,2.2255654237233102,32.78073150431737,26.22482366859913,-220.52207071334124,-233.25147150084376,-182.7373547013849,-243.37462473660707,-2.401688760415811e-05,-3680.0,5040.0,-20160.0,4.2102807653939277e-07,160.0,,-240.0,-7.052471143082894e-06,-21760.0,80.0,-160.0,1.1647691697276976e-05,-22400.0,80.0,-160.0,-2.592013924730208e-05,-21680.0,,,-1.5876659353225835e-05,,,,-1.804267497275717e-05,,,,6.050546750051292e-07,,,
0.9458333333333334,0.4356259573251009,0.3962292801588774,1.1054232530295849,0.5524257570505142,0.8625215105712414,1.65087366476655,1.9572586752474308,0.3157535195350647,0.9698382765054703,-0.20204964093863964,1.8922508228570223,-1.5331411827355623,1.34473517537117,-1.42827982082963,2.4534359108656645,-0.8678731601685286,22.755702678114176,2.030340386554599,35.69716669153422,28.800475993193686,-227.82587433233857,-239.36896981671453,-188.17127124406397,-248.94543159753084,-2.5089404996469795e-05,-3200.000244140625,4320.00048828125,-20960.0,4.9082703764494376e-08,240.0,,-240.0,-6.0165262070387355e-06,-21760.0,,-160.0,-2.0019290396691258e-06,-22400.0,80.0,-160.0,-2.5578588421138046e-05,-21680.0,,,-1.6122556645695825e-05,,,,-1.8318410827163545e-05,,,,7.61037616000394e-08,,,
0.9500000000000001,0.2772165182977915,0.6339668482542038,1.2238614587113261,0.5129667744040489,1.176165696233511,1.33642153814435,1.9572586752474308,-0.0,1.2122978456318378,-0.4040992818772793,1.9727721344679594,-1.6541786445304751,1.5820413827896118,-1.1108843050897121,2.2951497230678797,-1.0256682801991701,23.14535512123257,2.1084304014220834,38.652487681247294,31.76637866999954,-235.21767558529973,-245.13689680024981,-192.37817437388003,-254.42919460125268,-2.6312393122044156e-05,-2960.0,3360.0,-21840.0,-1.4394214593785055e-05,1200.0,-80.0,-240.0,-6.175535663271797e-06,-21760.0,80.0,-240.0,-1.1787483185571497e-05,-22400.0,160.0,-160.0,-2.537185090334946e-05,-21600.0,,-480.0,-1.6103343922966012e-05,-21760.0,,,-1.8299173308901568e-05,,,,-2.396027940422779e-05,,,
0.9541666666666668,0.23761415854096413,0.3169834241271019,1.2238614587113261,0.7497206702828407,1.0977546498179436,1.65087366476655,2.1921297162771225,-0.0,0.9294283483177423,-0.48491913825273514,1.7714688554406166,-1.775216106325388,1.8984496593475342,-1.5869775786995888,2.2951497230678797,-1.420156080275774,23.457077075727284,2.5379254831932485,41.60780867096037,35.20058176945895,-242.16948866844177,-250.81743095070124,-196.8480089493096,-259.04251903295517,-2.7425918509857775e-05,-2960.0,3360.0,-21840.0,-1.611589618428686e-05,1200.0,-80.0,-240.0,-5.235966669214537e-06,-21760.0,80.0,-240.0,1.1056427927712644e-06,-22400.0,160.0,-160.0,-2.5260042126776282e-05,-21600.0,,-480.0,-1.593538184911029e-05,-21760.0,,,-1.848023219211143e-05,,,,-2.5040737088877826e-05,,,
0.9583333333333335,0.47522831708192825,0.27736049611121416,1.1449026549234986,0.6708027049899101,1.4113988354802132,1.572260633111,1.8789683282375336,-0.07893837988376617,1.0506581328809261,-0.6869687791913748,1.9325114786624908,-1.936599388718605,1.2656331062316895,-1.0315354261547327,2.770008286461234,-0.7889756001532078,23.807764274533838,3.3578706393018365,44.602015463169664,38.32258458714932,-248.85730884969234,-256.84753643348813,-201.05491207912564,-264.526282036677,-2.854440681880144e-05,-2720.0,2640.0,-22080.0,-1.4856250725431026e-05,1840.0,,-240.0,-1.8029029323835325e-06,-21760.0,80.0,-240.0,9.46106908316876e-06,-22400.0,80.0,-160.0,-2.5239063199216944e-05,-21680.0,,-480.0,-1.5954699476014643e-05,-21680.0,,,-1.864895434439541e-05,,,,-2.454614823819783e-05,,,
0.9625000000000001,0.39602359756827354,0.3169834241271019,1.1054232530295849,0.6313437223434448,1.0193436034023762,1.8867127597332,1.8789683282375336,0.23681513965129852,1.17188791744411,-0.5253290664404631,1.9325114786624908,-1.8155619269236922,1.4238372445106506,-1.3489309418946505,2.2951497230678797,-0.710078040137887,24.470173427835107,4.529220862314105,47.09070682292804,41.483612440060824,-255.28113612905145,-262.79024908319116,-205.1741713937372,-269.22665032558143,-2.812475388101819e-05,-2720.0,2640.0,-22080.0,-1.672558017322607e-05,1840.0,,-240.0,-3.466945162603006e-06,-21760.0,80.0,-240.0,5.919337257699153e-09,-22400.0,80.0,-160.0,-2.5658668453284496e-05,-21680.0,,-480.0,-1.6283462483302272e-05,-21680.0,,,-1.8286113692845673e-05,,,,-2.4381793914271966e-05,,,
0.9666666666666668,0.2772165182977915,0.4358522081747651,1.0659438511356711,0.4340488091111183,1.3329877890646458,1.572260633111,1.8789683282375336,-0.0,1.091068061068654,-0.5253290664404631,2.013032790273428,-1.775216106325388,1.1865310370922089,-1.5076286997646093,2.6117220986634493,-0.8678731601685286,25.093617336824536,5.739616092760116,50.59042904758826,45.38611596217379,-261.8809586763382,-268.3833904005587,-209.46871833875775,-273.92701861448586,-2.7934766698880674e-05,-2000.0001220703125,2480.0,-21840.0,-1.7135259585033527e-05,3200.000244140625,,-240.0,-4.575345504653197e-06,-21760.0,80.0,-240.0,2.4149010120456612e-06,-22320.0,80.0,-160.0,-2.583826058539943e-05,-21760.0,-80.0,-480.0,-1.5863333662036335e-05,-21760.0,,,-1.8131599380491643e-05,,,,-2.4424732146585432e-05,,,
0.9708333333333334,0.39602359756827354,0.4358522081747651,1.0659438511356711,0.7102616876363754,1.0193436034023762,1.4150345697999,2.1138393692672253,0.15787675976753235,1.091068061068654,-0.48491913825273514,1.9325114786624908,-1.6945244651287794,1.1865310370922089,-1.269582062959671,2.374292816966772,-1.0256682801991701,25.171547825448215,7.18428136780858,53.46797843230888,49.288619484286755,-268.3927835896611,-273.71435321867466,-213.4126900229603,-277.8439921885729,-2.630448525463248e-05,-1120.0,2880.0,-21200.0,-1.840290446403518e-05,2880.0,,-240.0,-2.604330294709488e-06,-21760.0,,-160.0,-1.2322783439041771e-05,-22320.0,80.0,-160.0,-2.6076820307697514e-05,-21680.0,-80.0,-480.0,-1.5794322927652465e-05,-21760.0,,,-1.828494448813671e-05,,,,-2.435510819961766e-05,,,
0.9750000000000001,0.3564212378114462,0.5547209922224283,1.381779066286981,0.7102616876363754,1.2545767426490784,1.4150345697999,1.722387634217739,0.15787675976753235,0.9698382765054703,-0.4040992818772793,2.2143360693007708,-1.8155619269236922,1.6611434519290924,-1.7456753365695477,2.6117220986634493,-0.8678731601685286,25.756026490125805,9.019396717194468,56.61772843450308,53.26917307684198,-274.46462033316493,-279.6570658683777,-217.09373026154935,-282.37027276307344,-2.507974618301762e-05,-1120.0,2880.0,-21200.0,-1.6667453723787865e-05,2880.0,,-240.0,-1.8405084265493757e-07,-21760.0,,-160.0,5.2572250233478765e-06,-22320.0,80.0,-160.0,-2.5943920069995945e-05,-21680.0,-80.0,-480.0,-1.5683874090651048e-05,-21760.0,,,-1.8295946075022997e-05,,,,-2.4355503020783657e-05,,,
0.9791666666666667,0.3564212378114462,0.47547513619065285,0.9475056454539299,0.6313437223434448,1.0977546498179436,1.4150345697999,1.8789683282375336,0.15787675976753235,1.17188791744411,-0.4040992818772793,2.2143360693007708,-2.097982671111822,1.4238372445106506,-1.7456753365695477,2.532579004764557,-0.8678731601685286,25.756026490125805,10.698332036845386,59.4952778192237,57.210701634176075,-280.18446654081345,-284.2888860218227,-220.4241952393204,-285.590895479545,-2.4981862958777445e-05,-960.0,2000.0001220703125,-22000.0,-1.576977630448446e-05,2800.0,,-240.0,-1.1929957836548453e-06,-21760.0,,-160.0,2.092802042445675e-06,-22400.0,80.0,-160.0,-2.5730262691384988e-05,-21680.0,2.0585029125213623,0.9627832174301147,-1.5819519956702618e-05,2.038361072540283,,,-1.8445451689879907e-05,,,,-2.4430290160487415e-05,,,
0.9833333333333334,0.3564212378114462,0.4358522081747651,1.2238614587113261,0.5918847396969795,1.176165696233511,1.33642153814435,2.035549022257328,0.39469189941883087,1.2931177020072937,-0.6465588510036469,2.013032790273428,-2.1383284917101264,1.5820413827896118,-1.6663264576345682,2.4534359108656645,-0.6311804801225662,25.52223502425477,12.767717430833727,62.450598808936775,61.54248054372147,-285.7283174805343,-289.1828846745193,-223.57937258668244,-289.1596936248243,-2.5469497616359763e-05,-1200.0,880.0000610351562,-23520.0,-1.3895463908398771e-05,2880.0,,-240.0,-3.041314594219612e-06,-21680.0,80.0,-160.0,-1.1325062723176985e-05,-22320.0,80.0,-160.0,-2.586940568114599e-05,-21680.0,2.042389392852783,2.0585029125213623,-1.578804870434067e-05,0.9668115973472595,,,-1.844914431682371e-05,,,,-2.4182849822977377e-05,,,
0.9875,0.3564212378114462,0.47547513619065285,1.0659438511356711,0.6708027049899101,1.0193436034023762,1.49364760145545,1.9572586752474308,-0.07893837988376617,1.131477989256382,-0.4445092100650072,2.174075413495302,-2.097982671111822,1.8984496593475342,-1.7456753365695477,2.6908651925623417,-0.8678731601685286,25.36637404700741,14.446652750484645,65.60034881113097,66.06938462937251,-290.6561849825084,-293.37774066254497,-226.38397467322648,-292.8155356273055,-2.549516289949809e-05,-1200.0,880.0000610351562,-23520.0,-1.5027303657738416e-05,2880.0,,-240.0,-4.654687869717769e-06,-21680.0,80.0,-160.0,-5.177870737354379e-06,-22320.0,80.0,-160.0,-2.5678016597766896e-05,-21680.0,2.042389392852783,2.0585029125213623,-1.5944110830106318e-05,0.9668115973472595,,,-1.8389909697832637e-05,,,,-2.441296571289932e-05,,,
0.9916666666666667,0.3564212378114462,0.3962292801588774,1.1843820568174124,0.6313437223434448,1.176165696233511,1.4150345697999,1.8789683282375336,0.07893837988376617,1.17188791744411,-0.565738994628191,2.1338147576898336,-2.057636850513518,1.5029393136501312,-1.825024215504527,2.6117220986634493,-0.9467707201838493,24.82086062664166,15.930363032966852,68.71121301082894,70.63531375024468,-295.4080572165549,-297.48520381748676,-228.6627138685435,-294.81754434295,-2.5244949277082943e-05,-1360.0,720.0,-23840.001953125,-1.4622538529670995e-05,2800.0,-80.0,-240.0,-4.435162056215622e-06,-21760.0,,-240.0,1.3906242335495582e-05,-22400.0,80.0,-160.0,-2.5796470576960016e-05,-21760.0,,,-1.6007814366932787e-05,,,,-1.847524256810059e-05,,,,-6.174790247586118e-07,,,
0.9958333333333333,0.31681887805461884,0.5547209922224283,1.1054232530295849,0.7102616876363754,1.176165696233511,1.7294866964221,2.035549022257328,0.23681513965129852,1.091068061068654,-0.4445092100650072,2.174075413495302,-2.097982671111822,1.6611434519290924,-1.9043730944395065,2.6117220986634493,-0.8678731601685286,24.392242939211428,17.375028308015317,72.36647844547406,75.31831797678024,-299.6319436468184,-301.2430956400931,-230.67852161824703,-297.428860059008,-2.457873338215853e-05,-1360.0,720.0,-23840.001953125,-1.3710146869376906e-05,2800.0,-80.0,-240.0,-2.761805288971326e-06,-21760.0,,-240.0,4.849018561518391e-06,-22400.0,80.0,-160.0,-2.5758907253080245e-05,-21760.0,,,-1.5940278013038358e-05,,,,-1.8301120711850753e-05,,,,2.190039599372949e-07,,,
1.0,0.2772165182977915,0.35660635214298964,1.1449026549234986,0.7497206702828407,1.0977546498179436,1.17919547483325,1.722387634217739,0.23681513965129852,1.091068061068654,-0.5253290664404631,2.093554101884365,-2.097982671111822,1.4238372445106506,-1.5869775786995888,2.770008286461234,-0.9467707201838493,24.19741671765223,18.390198501292616,76.2161728926003,79.33789660455659,-303.7678324431181,-304.7388089634478,-231.99317884631455,-299.2567810602486,-2.5073238309498893e-05,-1200.0,1280.0,-23600.0,-1.3599294628140668e-05,3120.0,-80.0,-240.0,-2.801868193228087e-06,-21760.0,,-240.0,-2.1893348638572264e-05,-22400.0,80.0,-160.0,-2.568407052231216e-05,-21680.0,,,-1.560924907558067e-05,,,,-1.8207580520436528e-05,,,,-1.030686029424774e-08,,,
1.0041666666666669,0.3564212378114462,0.27736049611121416,1.0659438511356711,0.789179652929306,1.0193436034023762,1.8867127597332,2.1921297162771225,0.39469189941883087,1.131477989256382,-0.6869687791913748,2.2545967251062393,-2.057636850513518,1.8193475902080536,-1.42827982082963,2.532579004764557,-1.0256682801991701,24.002590496093035,19.4834587094374,79.32703709229827,82.57697452791035,-307.4637330695987,-307.27320112288,-233.22019225917757,-300.7365266326815,-2.448171418684684e-05,-480.0,2320.0,-23280.0,-1.355936142359061e-05,3520.000244140625,-80.0,-240.0,-6.119670375632081e-06,-21760.0,,-240.0,1.8105411483829246e-05,-22400.0,80.0,-160.0,-2.5743575984808406e-05,-21680.0,-2.0625314712524414,0.9668115973472595,-1.6295612294062612e-05,2.038361072540283,,,-1.8354471160324454e-05,,,,-2.2675907077758604e-05,,,
1.0083333333333335,0.39602359756827354,0.3962292801588774,1.1449026549234986,0.6708027049899101,1.0193436034023762,1.49364760145545,1.9572586752474308,0.6315070390701294,1.091068061068654,-0.6465588510036469,2.2545967251062393,-1.9769452093169093,1.8984496593475342,-1.7456753365695477,2.2951497230678797,-1.104565840214491,24.19741671765223,20.615763925015926,82.90453092195094,86.01117762736976,-311.15963369607925,-309.9823789484799,-234.53484948724508,-302.99966691993177,-2.5559221203169365e-05,-480.0,2320.0,-23280.0,-1.2442797629412593e-05,3520.000244140625,-80.0,-240.0,-7.355358105208803e-06,-21760.0,,-240.0,1.3366446461309119e-05,-22400.0,80.0,-160.0,-2.589016526361311e-05,-21680.0,-2.0625314712524414,0.9668115973472595,-1.615349956248782e-05,2.038361072540283,,,-1.8436815215292337e-05,,,,-2.4505697188495273e-05,,,
1.0125000000000002,0.2772165182977915,0.4358522081747651,0.9869850473478436,0.6708027049899101,1.0193436034023762,1.2578085064888,2.035549022257328,0.15787675976753235,1.2527077738195658,-0.6465588510036469,2.1338147576898336,-2.057636850513518,1.740245521068573,-1.42827982082963,2.532579004764557,-0.7889756001532078,23.807764274533838,21.630934118293226,86.52091055409983,89.32830562116578,-314.0635556168854,-312.60416394099593,-234.9730685632676,-303.5219300631434,-2.515981667842093e-05,160.0,2320.0,-23040.0,-1.4114066088327811e-05,2720.0,,-320.0,-6.741570455696456e-06,-21680.0,80.0,-160.0,-7.542003970177936e-07,-22400.0,160.0,-80.0,-2.5952058726591608e-05,-21680.0,2.042389392852783,2.0585029125213623,-1.60756358694471e-05,0.9668115973472595,,,-1.828742976339899e-05,,,,-2.4222742019531932e-05,,,
1.0166666666666668,0.4356259573251009,0.35660635214298964,1.1054232530295849,0.7497206702828407,1.3329877890646458,1.17919547483325,1.8789683282375336,0.39469189941883087,1.131477989256382,-0.565738994628191,2.174075413495302,-2.097982671111822,1.9775517284870148,-1.7456753365695477,2.4534359108656645,-0.8678731601685286,23.496042320039123,22.997509378474206,90.48726240871474,92.76250872062519,-315.64751302823424,-314.43941343575716,-235.1483561936766,-303.8701054919511,-2.7414110114501846e-05,160.0,2320.0,-23040.0,-1.571515746917314e-05,2720.0,,-320.0,-7.589521865756512e-06,-21680.0,,-160.0,1.9294174860878566e-06,-22400.0,160.0,-80.0,-2.5868879252924663e-05,-21680.0,,,-1.5595596274101467e-05,,,,-1.842015643237541e-05,,,,-2.9339954778981596e-06,,,
1.0208333333333335,0.3564212378114462,0.5150980642065406,1.1054232530295849,0.6313437223434448,1.176165696233511,1.7294866964221,1.9572586752474308,0.3157535195350647,1.2122978456318378,-0.7273787073791027,2.2545967251062393,-1.9769452093169093,1.740245521068573,-1.3489309418946505,2.770008286461234,-0.710078040137887,23.379146587103605,24.2859946237877,94.686929078307,96.27476189052686,-317.58346097543836,-315.4881274327636,-234.44720567204058,-303.43488620594144,-2.5313146527276972e-05,-560.0,-80.0,-23360.0,-1.5851916273149145e-05,1760.0001220703125,,-240.0,-7.931971053124333e-06,-21760.0,,-160.0,-2.4474246440131075e-06,-22400.0,160.0,-160.0,-2.5902177745272233e-05,-21680.0,,,-1.6089218099027067e-05,,,,-1.8374057723385354e-05,,,,3.890080367638017e-08,,,
1.0250000000000001,0.47522831708192825,0.35660635214298964,1.1054232530295849,0.7497206702828407,1.3329877890646458,1.65087366476655,1.722387634217739,0.39469189941883087,1.17188791744411,-0.48491913825273514,2.1338147576898336,-2.1786743123084307,1.6611434519290924,-1.9043730944395065,2.4534359108656645,-1.2623609602451324,22.833633166737854,25.379254831932485,99.00325315538794,100.64556583529338,-317.58346097543836,-315.1385561004281,-233.22019225917757,-302.21627220511436,-2.770657532372438e-05,-3200.000244140625,-2400.0,-25200.0,-1.543770786202451e-05,2000.0001220703125,,-320.0,-7.289393883421001e-06,-21760.0,80.0,-160.0,-2.038732463934574e-07,-22400.0,160.0,-160.0,-2.5677043849966618e-05,-21600.0,,,-1.5852548559219326e-05,,,,-1.832666201732826e-05,,,,-1.08757383846832e-07,,,
1.0291666666666668,0.39602359756827354,0.4358522081747651,1.1054232530295849,0.6313437223434448,1.0193436034023762,1.33642153814435,2.2704200632870197,0.23681513965129852,1.131477989256382,-0.5253290664404631,2.1338147576898336,-2.0172910299152136,1.5820413827896118,-1.5869775786995888,2.770008286461234,-0.8678731601685286,21.625710593070835,26.277290002908558,103.12514821998775,105.17246992094442,-317.4074657075107,-314.3520206026733,-231.55495977029204,-300.9976582042873,-2.8414291310096748e-05,-3200.000244140625,-2400.0,-25200.0,-1.546525569825867e-05,2000.0001220703125,,-320.0,-3.0052466316641906e-06,-21760.0,80.0,-160.0,1.968634004390944e-06,-22400.0,160.0,-160.0,-2.590187638418901e-05,-21600.0,,,-1.6015785176849186e-05,,,,-1.835505671635325e-05,,,,-1.9751939723690716e-05,,,
1.0333333333333334,0.39602359756827354,0.1981146400794387,0.9475056454539299,0.7497206702828407,1.4113988354802132,1.2578085064888,2.2704200632870197,0.23681513965129852,1.2931177020072937,-0.6465588510036469,2.294857380911708,-2.0172910299152136,1.5820413827896118,-1.5076286997646093,2.6908651925623417,-0.8678731601685286,20.534683752339333,27.214370181318372,106.66375624714419,109.77742407703772,-316.5274893678725,-313.0411281064153,-228.8380014989525,-298.56043020263314,-2.8795772479787898e-05,-6640.0,-2480.0,-27680.0,-1.5672827681072004e-05,3440.0,-80.0,-320.0,-1.288351413335055e-06,-21760.0,,-240.0,-6.363747699883094e-07,-22400.0,80.0,-160.0,-2.6698472909277406e-05,-21680.0,-80.0,-400.0000305175781,-1.593476672917776e-05,-21760.0,,,-1.814074511716289e-05,,,,-2.4373884139511663e-05,,,
1.0375,0.3564212378114462,0.47547513619065285,1.1449026549234986,0.6313437223434448,1.176165696233511,1.65087366476655,1.8789683282375336,0.47363027930259705,1.2122978456318378,-0.5253290664404631,2.2143360693007708,-1.936599388718605,1.5820413827896118,-1.5869775786995888,2.6117220986634493,-0.9467707201838493,18.39159531518817,27.48768523335457,109.61907723685727,114.81165362056345,-314.59154142066836,-310.68152161315084,-225.59518033638597,-296.123202200979,-2.814035980749246e-05,-9280.0,1040.0,-29600.0,-1.4833411179285077e-05,5920.0,,-320.0,-1.456149455208769e-06,-21760.0,,-240.0,8.757142998520222e-06,-22400.0,80.0,-160.0,-2.610093300905265e-05,-21680.0,-80.0,-400.0000305175781,-1.573376842341082e-05,-21760.0,,,-1.8331207229108776e-05,,,,-2.4191837249712498e-05,,,
1.0416666666666667,0.554433036595583,0.47547513619065285,0.9475056454539299,0.7102616876363754,1.3329877890646458,1.49364760145545,1.6440972872078419,-0.07893837988376617,0.6061489228159189,1.6163971275091171,3.5026770550757647,-0.5244956677779555,-6.407267600297928,-0.15869775786995888,3.4031530376523733,-7.810858441516757,15.819889190606773,27.48768523335457,112.10776859661564,119.53368288232014,-312.0396100357175,-307.5353796221316,-221.5635648369789,-292.2932724840939,-2.648126214017249e-05,-9280.0,1040.0,-29600.0,-1.6124372441589678e-05,5920.0,,-320.0,1.0795104476376573e-06,-21760.0,,-240.0,4.648697066491165e-07,-22400.0,80.0,-160.0,-2.5983856135568945e-05,-21680.0,-80.0,-400.0000305175781,-1.5798592527556236e-05,-21760.0,,,-1.8626970244109116e-05,,,,-2.4616113600570014e-05,,,
1.0458333333333334,0.7128424756228924,0.15849171206355095,1.9739700946956873,0.5524257570505142,1.4898098818957806,1.1005824431777,2.427000757306814,-0.23681513965129852,-13.25445644557476,9.819612549617887,28.26298037543893,11.216138126328588,-40.42115733027458,7.855539014562964,7.122878450900316,-45.91837992891669,13.326113554649055,26.941055129282176,114.12983032641932,124.0996120031923,-309.31168338283896,-303.51530930027366,-217.70723696798086,-288.9856059104204,-2.5840890819157436e-05,-9920.0,5520.0,-30640.0,-1.5512215575154268e-05,8560.0,,-240.0,3.161637298231012e-06,-21760.0,80.0,-160.0,-3.4391195687248947e-06,-22400.0,160.0,-80.0,-2.6066404276840023e-05,-21600.0,-160.0,-480.0,-1.6026136357853325e-05,-21760.0,,,-1.8483625365320637e-05,,,,-2.4455598769432306e-05,,,
1.05,0.8316495548933744,-0.03962292801588774,1.8950112909078598,0.6708027049899101,1.6466319747269154,1.02196941152215,2.661871798336506,-0.3157535195350647,-15.517412424087524,23.23570870794356,44.40750335343182,22.795388638041914,-77.52002775669098,10.474052019417286,6.410590605810285,-83.78920873627067,9.819241566583514,25.26211980963126,116.3074352662079,128.19724070141092,-304.73580641672015,-298.00956081598997,-211.57216990366578,-284.45932533591986,-2.5757612163361835e-05,-9920.0,5520.0,-30640.0,-1.7069007830440054e-05,8560.0,,-240.0,4.701027381472111e-06,-21760.0,80.0,-160.0,3.2781622327054916e-06,-22400.0,160.0,-80.0,-2.5969459468124824e-05,-21600.0,-160.0,-480.0,-1.606539149996613e-05,-21760.0,,,-1.85217875966696e-05,,,,-2.4356077132720684e-05,,,
1.0541666666666667,0.8316495548933744,-0.3169834241271019,1.3422996643930674,-0.3551308438181877,1.8034540675580502,0.7861303165555,2.5052911043167114,-0.7893837988376617,-13.416096158325672,34.18679924681783,49.6816492639482,30.057636345736682,-115.7263271510601,10.077307624742389,5.302587291225791,-115.66382298246026,6.7799525102600455,22.997509378474206,117.97952477354556,131.74851890653372,-300.24792708456516,-292.32902666553855,-205.7000342849642,-279.2366939038038,-2.7350929191199448e-05,-7680.0,7759.99951171875,-31360.001953125,-1.701976390356243e-05,10080.0,,-320.0,3.537672272333495e-06,-21760.0,80.0,-160.0,-7.782009820363911e-07,-22400.0,80.0,-160.0,-2.6022287303074454e-05,-21680.0,-160.0,-480.0,-1.625663943954675e-05,-21760.0,,,-1.826859469569752e-05,,,,-2.4470453200547146e-05,,,
1.0583333333333333,1.1880707927048206,-0.0,1.855531889013946,0.1578359305858612,2.352331392467022,0.3144521266222,2.5052911043167114,-0.8683221787214279,-1.3739375583827496,48.087814543396235,47.346531227231026,37.03746330924332,-154.32813689112663,3.650048431009054,0.1582861877977848,-143.43576410785317,2.9223933233879507,20.069133820943534,119.34052786091343,134.6363715128973,-293.6481045372784,-284.4636716879904,-199.03910432942212,-273.66588704288006,-2.5292243893662754e-05,-5360.0,11840.0,-33200.0,-1.637901683486766e-05,11920.0009765625,,-240.0,5.913567528099462e-07,-21680.0,80.0,-160.0,-1.2211468188926087e-06,-22400.0,,-160.0,-2.608079522223826e-05,-21680.0,-160.0,-480.0,-1.6203681904890417e-05,-21760.0,,,-1.828015704308044e-05,,,,-2.4260179458402255e-05,,,
1.0625000000000002,1.1484684329479933,-0.23773756809532642,2.2898053098469973,0.3156718611717224,2.5091534852981567,0.4716781899333,3.1316138803958893,-1.4208908379077911,10.223711831495166,47.15838619507849,24.760303320363164,33.89048930257559,-184.6242293715477,-2.9359085205942392,0.3165723755955696,-155.6648859102279,-0.8962006191723049,16.75030818907544,121.05150317074731,138.0315495771356,-286.16830565035343,-275.8117812126875,-191.0635171458125,-266.5282907523215,-2.422305673205555e-05,-5360.0,11840.0,-33200.0,-1.4846922836965807e-05,11920.0009765625,,-240.0,-2.917721502566933e-06,-21680.0,80.0,-160.0,5.9992489663291825e-06,-22400.0,,-160.0,-2.617391961165158e-05,-21680.0,-160.0,-480.0,-1.5698647459449198e-05,-21760.0,,,-1.846107478249183e-05,,,,-2.4371927199819338e-05,,,
1.0666666666666669,0.8712519146502018,-0.11886878404766321,1.7765730852261186,-0.1183769479393959,2.352331392467022,0.4716781899333,2.975033186376095,-1.2630140781402588,23.680217918008566,42.87493380717933,-4.831278696656227,27.11239144206047,-210.09509563446045,-9.759912109002471,1.3454325962811708,-159.4519687909633,-4.987551271915436,13.314347534906119,122.25696304813027,140.64622693695128,-276.40056828036904,-265.9363910742104,-181.7732727341354,-258.25912431813776,-2.454119866850818e-05,240.0,12560.0,-36800.0,-1.6603429752391893e-05,15920.0009765625,,-240.0,-4.077790250019511e-06,-21680.0,80.0,-160.0,7.622328977413794e-07,-22400.0,160.0,-160.0,-2.6261087351299667e-05,-21680.0,-80.0,-400.0000305175781,-1.6079069096977495e-05,-21680.0,,,-1.8530410719816773e-05,,,,-2.465841477844173e-05,,,
1.0708333333333335,1.108866073191166,-0.07924585603177547,1.8160524871200323,-0.0394589826464653,2.979619763791561,-0.07861303165555,3.1316138803958893,-1.5787675976753235,37.25795378908515,35.31827723607421,-39.21387875452638,18.115273448638618,-235.80326810479164,-15.949124665930867,4.669442540034652,-160.39873951114714,-8.88407570309937,10.58119701454416,122.4513920606114,142.48040359234437,-265.40086403489113,-253.70139444246888,-171.69423398561776,-248.42316845431924,-2.63175124457617e-05,1840.0,12346.6669921875,-38186.66796875,-1.5681037863241216e-05,16613.333984375,,-240.0,-6.441895468660094e-06,-21706.666015625,80.0,-160.0,-1.1449936748444975e-07,-22400.0,133.3333282470703,-133.3333282470703,-2.6080827647164935e-05,-21680.0,,-426.66668701171875,-1.5820702512851976e-05,-21680.0,,,-1.8213746978550842e-05,,,,-2.435675614883225e-05,,,
1.0750000000000002,1.2672755122184753,-0.11886878404766321,2.013449496589601,-0.1183769479393959,2.9012087173759937,-0.39306515827775,3.2099042274057865,-1.6577059775590897,50.229540737345815,28.367769587785006,-71.38214274309576,10.409221714362502,-264.2009109258652,-21.900290586054325,8.23088176548481,-161.345510231331,-12.42991293547675,7.6137764495797455,121.518132800702,142.28527841623873,-251.23324496671557,-241.3790049776435,-160.91404471546412,-237.45564244687557,-2.6640447549316484e-05,5040.0,11920.0009765625,-40960.0,-1.3749720538710586e-05,18000.0,,-240.0,-1.1215171785649257e-05,-21760.0,80.0,-160.0,-3.351918450475818e-06,-22400.0,80.0,-80.0,-2.635755150816061e-05,-21680.0,,-480.0,-1.5939228017618646e-05,-21680.0,,,-1.8184101058825886e-05,,,,-2.4648876127953117e-05,,,
1.0791666666666668,0.9108542744070292,-0.3962292801588774,2.013449496589601,-0.0,3.0580308102071285,0.23583909496665,3.2099042274057865,-1.8945211172103882,58.028656877577305,20.6898832321167,-97.39052639342844,5.00288175418973,-298.2939027249813,-24.915547985583544,13.85004143230617,-167.57841747254133,-15.469201991800219,4.95871594408527,120.11824391083792,141.27062750048935,-235.30567321926355,-226.43483052030206,-148.46862295642495,-223.8768007233739,-2.7328962257050808e-05,7680.0,8800.0,-40960.0,-1.63604411665796e-05,21200.0,,-240.0,-1.3199686017089035e-05,-21680.0,,-240.0,-3.7887816333480643e-06,-22400.0,,-240.0,-2.628001397173528e-05,-21680.0,-80.0,-480.0,-1.5613068541208233e-05,-21760.0,,,-1.8300748778868293e-05,,,,-2.4516607222647415e-05,,,
1.0833333333333335,1.4652873110026121,-0.23773756809532642,2.0924083003774285,-0.1578359305858612,3.371674995869398,-0.23583909496665,3.366484921425581,-1.9734594970941544,59.72587386146188,15.274952854961157,-109.71028706990182,5.083573395386338,-337.4494269490242,-24.20140807516873,19.944059662520885,-180.12312951497734,-18.157803849317133,2.303655438590795,117.55178094608709,138.1876497180201,-217.53015115857124,-210.09237073361874,-134.97147541493177,-209.07934499904513,-2.7772537161326397e-05,7680.0,8800.0,-40960.0,-1.787465091007104e-05,21200.0,,-240.0,-1.2204086272898582e-05,-21680.0,,-240.0,-3.58887218522913e-06,-22400.0,,-240.0,-2.651008599263878e-05,-21680.0,-80.0,-480.0,-1.5829318006604638e-05,-21760.0,,,-1.8291646911215492e-05,,,,-2.443298905879603e-05,,,
1.0875000000000001,1.2672755122184753,-0.6339668482542038,2.5266817212104797,-0.2367538958787918,3.6069081351161003,-0.6289042532444,3.9145173504948616,-2.1313362568616867,58.51357601583004,12.567487666383386,-116.23251331038773,7.665705913677812,-387.36283257603645,-22.297034980729222,26.750365737825632,-198.42736343853176,-19.833309354726225,-0.39045007433742285,113.97428711643443,132.33389443485066,-196.9387048110366,-192.35162561759353,-119.28323249332607,-191.7576174158603,-2.7074813774416104e-05,7680.0,3600.000244140625,-40960.0,-1.4639252625698131e-05,25120.0,,-320.0,-8.715538002897726e-06,-21760.0,,-160.0,-1.3887646759256215e-07,-22320.0,80.0,-240.0,-2.6325355463320023e-05,-21680.0,-2.0625314712524414,0.9668115973472595,-1.5879139860116545e-05,2.038361072540283,,,-1.8300153686096358e-05,,,,-2.4357227263943366e-05,,,
1.0916666666666668,1.6236967500299215,-0.9509502723813057,2.6845993287861347,-0.7102616876363754,4.077374413609505,-0.7861303165555,4.2276787385344505,-2.289213016629219,54.715042766183615,8.688134560361505,-125.29116086661816,8.31123904325068,-453.01754996180534,-19.043730944395065,36.24753700569272,-221.93883632309735,-20.18399655353278,-2.069385393988341,107.48035809956491,124.0996120031923,-175.37928448989987,-174.3487020023167,-103.15677049569786,-172.86910040304065,-2.7465736319815838e-05,6560.0,-2640.0,-40960.0,-1.4444815599211499e-05,26640.0,,-240.0,-1.1135647745627868e-05,-21760.0,80.0,-160.0,9.326401329335485e-07,-22400.0,160.0,-160.0,-2.6024917536832462e-05,-21680.0,2.038361072540283,-2.0625314712524414,-1.617081065863552e-05,0.9668115973472595,,,-1.844870371929064e-05,,,,-2.456526177879899e-05,,,
1.0958333333333334,2.138527426868677,-0.9905732003971934,2.763558132573962,-1.0653925314545631,4.547840692102909,-1.4150345697999,4.697420820593834,-3.236473575234413,47.44125569239259,2.262955978512764,-140.14734285883605,4.841498471796513,-522.2318604588509,-15.711078029125929,47.881571808829904,-243.3989726472646,-20.14503130922094,-3.279780624434352,97.3700494505465,112.86040185950696,-154.52384524047375,-156.78274255245924,-87.46852757409215,-153.80649567581713,-2.648132889737447e-05,6560.0,-2640.0,-40960.0,-1.3776903117682484e-05,26640.0,,-240.0,-9.92277810452503e-06,-21760.0,80.0,-160.0,2.0565633721880477e-06,-22400.0,160.0,-160.0,-2.6388713770044824e-05,-21680.0,2.038361072540283,-2.0625314712524414,-1.5910518606070036e-05,0.9668115973472595,,,-1.8501945448892547e-05,,,,-2.488303750431504e-05,,,
1.1,2.2969368658959866,-1.3075566245242953,3.3557491609826684,-1.1443104967474937,4.783073831349611,-1.7294866964221,4.619130473583937,-3.631165474653244,39.39967998303473,-4.727961597964168,-157.70098879002035,-1.2103746179491282,-588.8358026742935,-12.140378477051854,59.99046517536044,-261.939899250865,-18.586421536747366,-1.8351153493858874,81.4268704270944,99.12358946166933,-133.14042018726468,-139.9159257672727,-71.86792846769094,-133.9604962337762,-2.5409706051569315e-05,6720.0,-9520.0,-40960.0,-1.4565161668243592e-05,22480.0,,-320.0,-9.984094594543561e-06,-21760.0,,-160.0,5.3059530124216275e-06,-22400.0,80.0,-160.0,-2.61034297284067e-05,-21680.0,,,-1.6060464818460013e-05,,,,-1.828437419089694e-05,,,,-2.7547776629514712e-08,,,
1.1041666666666667,2.5345510244369507,-1.5452941926196218,3.6715843761339784,-1.4994413405656815,5.331951156258583,-2.0439388230443,5.167162902653217,-3.9469189941883087,25.1753852609545,-11.355189820751548,-170.302574057132,-8.391930684447289,-668.7288925051689,-6.109863677993417,74.55279445275664,-284.0312160551548,-17.885047139134258,0.819945156108588,65.1726049836725,87.25997875444591,-111.84499276801944,-122.4373591504991,-56.617904622107744,-113.50518979132175,-2.5379629071054432e-05,6720.0,-9520.0,-40960.0,-1.3828656161680238e-05,22480.0,,-320.0,-8.236276605792315e-06,-21760.0,,-160.0,3.4016559038109364e-06,-22400.0,80.0,-160.0,-2.623130982451938e-05,-21680.0,,,-1.582614608583628e-05,,,,-1.8482017470427235e-05,,,,-6.023159607939041e-07,,,
1.1083333333333334,3.009779341518879,-1.9019005447626114,4.066378395073116,-2.0124081149697304,6.03765057399869,-2.6728430762887,5.793485678732395,-4.34161089360714,-0.7677886355668306,-21.376852011308074,-177.42871013469994,-18.438040013425052,-756.136678904295,4.919630493968725,93.38885080069304,-308.2527669798583,-17.027811764273793,3.709275706205517,49.73494139267132,76.56711910385638,-94.42146124318242,-108.54189869016409,-44.08483904786408,-96.53163763694465,-2.5008031781953563e-05,9520.0,-17760.0,-40960.0,-1.3066992726713605e-05,17040.0,80.0,-240.0,6.071374401022572e-07,-21760.0,,-160.0,2.888503544190384e-06,-22400.0,80.0,-160.0,-2.6334934168129823e-05,-21680.0,,,-1.5621829947130936e-05,,,,-1.8181673004022446e-05,,,,-5.304590971786143e-08,,,
1.1125,3.366200579330325,-2.2981298249214888,4.303254806436598,-2.209703028202057,6.351294759660959,-3.22313429787755,6.028356719762087,-5.130994692444801,-19.841274740174413,-32.085482981055975,-189.22508228570223,-30.50144037231803,-837.8491163253784,13.092565024271607,110.87947455234826,-326.1625131033361,-15.3523062588647,5.895796122495085,32.43075928185135,62.67420656513423,-77.26192262023687,-94.90861672908068,-32.07763636484742,-80.86374334059656,-2.5005762037086246e-05,10720.0,-20320.0,-40960.0,-1.3188649144253131e-05,12640.0,,-240.0,1.5293717345725454e-05,-21760.0,,-160.0,1.5918859799248135e-07,-22400.0,80.0,-240.0,-2.608321374029856e-05,-21680.0,-80.0,-480.0,-1.5756134947097025e-05,-21760.0,,,-1.8217361404200896e-05,,,,-2.5019695218813764e-05,,,
1.1166666666666667,3.44540529884398,-2.2188839688897133,4.5796106196939945,-2.5253748893737793,6.664938945323229,-3.7734255194664,6.5763891488313675,-5.052056312561035,-21.134392442181706,-41.258536679670215,-207.3021167423576,-39.054754339158535,-900.3397509455681,14.520844845101237,122.43436626158655,-334.28896178491414,-12.351982446853071,7.223326375242323,22.94262347277254,51.94232187932357,-62.83031065016985,-83.98451259359717,-22.962679583579302,-68.41647176072001,-2.5631334240096672e-05,10720.0,-20320.0,-40960.0,-1.560708328121358e-05,12640.0,,-240.0,-1.9123401593563755e-05,-21760.0,,-160.0,5.332359300501931e-06,-22400.0,80.0,-240.0,-2.6146530085353545e-05,-21680.0,-80.0,-480.0,-1.5708494146741232e-05,-21760.0,,,-1.8475675536239146e-05,,,,-2.3895343720187635e-05,,,
1.1208333333333333,3.801826536655426,-2.3773756809532642,4.816487031057477,-2.4464569240808487,7.135405223816633,-3.4589733928442,6.419808454811573,-5.525686591863632,-9.94084233418107,-45.46116921119392,-218.29327577725053,-40.951007907278836,-933.9581303298473,10.315354261547327,125.75837620534003,-334.9201422650367,-9.117867168970406,6.715741278603673,14.193317911121994,39.142110326793045,-49.718663189560175,-73.49737262353301,-15.337667660787702,-57.53598961047828,-2.6024457865813115e-05,7680.0,-22400.0,-38000.0,-1.5893486936496338e-05,-960.0,,-240.0,-1.71816386742719e-05,-21760.0,,-160.0,5.493903146224443e-06,-22320.0,80.0,-160.0,-2.603391640765935e-05,-21760.0,-80.0,-400.0000305175781,-1.5709279020701653e-05,-21680.0,,,-1.8303440047782397e-05,,,,-2.431740182459079e-05,,,
1.1250000000000002,3.4058029390871525,-2.416998608969152,4.619090021587908,-2.2886209934949875,7.135405223816633,-3.6161994561553,6.49809880182147,-5.999316871166229,7.152557289227843,-42.06673524342477,-215.91789708472788,-34.77809735573828,-940.5236020684242,4.20549058355391,121.72207841649652,-329.71290330402553,-5.92271713539958,6.520516241434962,9.72145062405616,30.400502437260002,-38.71895894408226,-64.4959108158946,-9.11495678126812,-49.266823176294565,-2.685105126277402e-05,5760.0,-21013.333984375,-38320.0,-1.612394328814838e-05,-7573.33349609375,,-293.3333435058594,-2.0921503014194884e-05,-21760.0,,-160.0,8.701217629398725e-06,-22373.333984375,,-213.3333282470703,-2.6771629265904227e-05,-21706.666015625,-80.0,-453.3333435058594,-1.595538802886935e-05,-21733.333984375,,,-1.8368059111950304e-05,,,,-2.4374446807356922e-05,,,
1.1291666666666669,3.2077911403030157,-2.0603922568261623,4.461172414012253,-2.1307850629091263,6.978583130985498,-3.3017473295331,6.49809880182147,-5.446748211979866,20.609063375741243,-36.8942644353956,-208.10732985846698,-28.04034531582147,-934.2745386064053,-1.5869775786995888,115.70720328018069,-322.0598399825394,-2.3768799030222,6.012931144796312,6.299500004388392,22.985745745245367,-28.687228672206402,-56.54316300526261,-4.119259314611554,-42.82557774335146,-2.6726118020291593e-05,4800.0,-20320.0,-38480.0,-1.4593871079792201e-05,-10880.0,,-320.0,-4.142830838234205e-06,-21760.0,,-160.0,3.558830609873154e-07,-22400.0,,-240.0,-2.59498576462749e-05,-21680.0,-80.0,-480.0,-1.5950613935253473e-05,-21760.0,,,-1.83215007319409e-05,,,,-2.4048683105786818e-05,,,
1.1333333333333335,3.128586420789361,-2.0603922568261623,4.461172414012253,-2.1307850629091263,6.664938945323229,-3.53758642449975,6.419808454811573,-5.762501731514931,25.94317389652133,-35.1566375233233,-204.40334952436388,-27.273774724453688,-933.5626199841499,-5.63377040438354,113.72862593270838,-314.4067766610533,-0.3506871988065541,6.012931144796312,5.210697534494102,19.35641746968031,-19.271481838077307,-48.67780802771449,0.26293144561350346,-36.645463882014155,-2.70260276112092e-05,-2480.0,-12640.0,-40960.0,-1.5417886695082367e-05,-20400.0,,-240.0,1.5092170200390806e-06,-21760.0,80.0,-240.0,-2.4894220289320987e-05,-22400.0,80.0,-160.0,-2.594873231058438e-05,-21680.0,-80.0,-480.0,-1.5926305730663967e-05,-21760.0,,,-1.8302135421320847e-05,,,,-2.4512853560547518e-05,,,
1.1375000000000002,3.128586420789361,-2.2188839688897133,4.619090021587908,-2.249162010848522,7.056994177401066,-3.69481248781085,6.49809880182147,-5.525686591863632,19.962504524737597,-38.146972209215164,-204.16178558953106,-33.16426453180611,-941.8683372437954,-4.20549058355391,117.13177897036076,-309.67292306013405,1.1689573293551803,5.505346048157662,3.8496944471262395,14.985613524913788,-11.087701879441738,-41.33681004866958,3.943971684202552,-31.509876307100058,-2.6276771479067686e-05,-2480.0,-12640.0,-40960.0,-1.4250377619050552e-05,-20400.0,,-240.0,-1.1986431091563342e-05,-21760.0,80.0,-240.0,-1.186082360134092e-05,-22400.0,80.0,-160.0,-2.619124024454242e-05,-21680.0,-80.0,-480.0,-1.628113170327886e-05,-21760.0,,,-1.8372545195923353e-05,,,,-2.430957597317012e-05,,,
1.1416666666666668,3.2869958598166704,-2.535867393016815,4.619090021587908,-2.209703028202057,7.292227316647768,-3.7734255194664,6.654679495841265,-5.525686591863632,6.182719012722373,-44.28928129374981,-203.2357905060053,-42.20172834582627,-959.1916903853416,0.5554421525448561,124.17551432736218,-309.1206401400268,3.0392890563234687,4.802535914350301,2.0998333347961307,10.575784544926137,-4.047891162335873,-34.432776235044,7.362080477178097,-26.896551875397563,-2.703433792918138e-05,-10480.0,-5840.0,-40960.0,-1.643281741761757e-05,-24400.0,-80.0,-240.0,-7.383245449498746e-06,-21680.0,80.0,-240.0,-1.5655698736718278e-06,-22400.0,160.0,-240.0,-2.580324547928666e-05,-21680.0,,-480.0,-1.5668327291984245e-05,-21760.0,,,-1.8355701400189512e-05,,,,-2.429273980683079e-05,,,
1.1458333333333335,3.801826536655426,-2.3377527529373765,4.777007629163563,-2.722669802606106,7.370638363063335,-3.6161994561553,6.811260189861059,-5.446748211979866,-6.788867935538292,-51.401428654789925,-199.81363476254046,-49.38328441232443,-979.7582283616066,5.395723767578602,132.1689668111503,-310.06741086021066,4.636864073108882,4.09972578054294,0.9332592599093914,6.5171808819286525,1.4959597773849964,-29.101813416928053,9.202600596472621,-24.11114844493568,-2.6371799402411748e-05,-18640.0,160.0,-40960.0,-1.536382671291905e-05,-22720.0,,-320.0,-1.0214367840727314e-05,-21760.0,,-160.0,-6.359304412044886e-05,-22400.0,80.0,-160.0,-2.5942804271048567e-05,-21680.0,-80.0,-480.0,-1.5644906004506757e-05,-21680.0,,,-1.862668223446629e-05,,,,-2.4574069914763078e-05,,,
1.1500000000000001,3.7622241768985987,-2.4962444650009274,4.816487031057477,-2.6832108199596405,7.684282548725605,-3.9306515827775,7.202711924910545,-5.6835633516311646,-11.395599748939276,-56.856768960133195,-198.00190525129437,-52.61095006018877,-994.2339070141315,8.331632288172841,137.15498172678053,-309.5151279401034,6.234439089894295,3.6311856913380325,0.5832870374433696,3.3171279937960207,5.719846207648516,-24.994350261986256,11.744271237403154,-21.238701157271862,-2.6838209084461715e-05,-18640.0,160.0,-40960.0,-1.4455344163638042e-05,-22720.0,,-320.0,-9.895400022318763e-06,-21760.0,,-160.0,3.8380279444114734e-05,-22400.0,80.0,-160.0,-2.6231256418757795e-05,-21680.0,-80.0,-480.0,-1.5761861761352585e-05,-21680.0,,,-1.8296611739694168e-05,,,,-2.4342403350406574e-05,,,
1.1541666666666668,3.7226218171417713,-2.535867393016815,4.934925236739218,-2.6832108199596405,7.684282548725605,-3.69481248781085,6.654679495841265,-5.6835633516311646,-9.37510333955288,-60.25120292790234,-196.75382492132485,-52.97406244557351,-1000.9575828909874,7.934887893497944,138.89612979255617,-307.6215864997357,7.09167446475476,2.616015498060733,-0.544401234947145,-0.6244005635380745,9.591742102056742,-20.79949427396059,12.97128465026617,-18.97556087002158,-2.5793338710512845e-05,-24720.0,6240.0,-40000.0,-1.676926799355034e-05,-20560.001953125,,-240.0,-8.013154009614922e-06,-21760.0,80.0,-160.0,6.420648558618522e-06,-22400.0,80.0,-160.0,-2.5928497248989962e-05,-21680.0,-80.0,-400.0000305175781,-1.5539295157300254e-05,-21760.0,,,-1.827225108301739e-05,,,,-2.4504590926291035e-05,,,
1.1583333333333334,3.7622241768985987,-2.4962444650009274,4.698048825375736,-2.60429285466671,7.449049409478903,-3.7734255194664,6.654679495841265,-5.6835633516311646,-7.920345924794674,-60.170383071526885,-192.48619540594518,-51.64265036582947,-1003.2515428960323,7.06205022521317,138.97527288645506,-305.88584017939866,6.50719580007717,1.36657526018098,-0.972145062405616,-3.1220028176903725,11.263697147369385,-17.915530782192945,14.023010432720184,-17.84399072639644,-2.307702440157498e-05,-25226.666015625,7333.33349609375,-38160.0,-1.5421247443364898e-05,-18133.333984375,,-266.6666564941406,-9.544355368358874e-06,-21733.333984375,80.0,-160.0,6.521920187696332e-06,-22400.0,80.0,-160.0,-2.54974459958058e-05,-21653.333984375,-80.0,-426.66668701171875,-1.6078437764581628e-05,-21760.0,,,-1.831739611769345e-05,,,,-2.4420785842274107e-05,,,
1.1625,3.7622241768985987,-2.3773756809532642,4.8954458348453045,-2.60429285466671,7.684282548725605,-3.9306515827775,6.811260189861059,-5.525686591863632,-10.829860754311085,-59.0389050822705,-185.682144574821,-50.63400485087186,-1009.7379125654697,7.617492377758026,139.13355907425284,-306.7537133395672,5.221342737786472,0.07809001486748457,-1.205459877382964,-5.229354719631374,13.023649826645851,-15.643317122012377,14.899448584765196,-16.7124205827713,-2.1924173299749323e-05,-26240.0,9520.0,-34480.00390625,-1.5213935813639286e-05,-13280.0,80.0,-320.0,4.943847166930828e-06,-21680.0,80.0,-160.0,1.674276586120148e-07,-22400.0,80.0,-160.0,-2.535736840521708e-05,-21600.0,-80.0,-480.0,-1.59073209360952e-05,-21760.0,,,-1.8388444854086335e-05,,,,-2.4335288940024145e-05,,,
1.1666666666666667,3.8414288964122534,-2.733982033096254,4.934925236739218,-2.762128785252571,7.449049409478903,-3.85203855112195,7.124421577900648,-6.39400877058506,-15.59823228046298,-58.95808522589505,-179.88461013883352,-50.91642559505999,-1024.0553870797157,8.4903300460428,141.27042260952294,-310.5407962203026,1.948262215591967,-1.639890312217176,-0.5055154324509203,-5.463504930958152,15.223590675741434,-12.497175130993128,15.688242921605706,-15.145631153136492,-2.3850973069054543e-05,-22000.0,13760.0,-28960.001953125,-1.4315145456411443e-05,-8000.00048828125,-80.0,-240.0,-3.02124046516568e-06,-21760.0,80.0,-160.0,-2.9502349779029352e-05,-22400.0,80.0,-160.0,-2.5962249690310996e-05,-21680.0,,-480.0,-1.55607652271313e-05,-21760.0,,,-1.8154783203064946e-05,,,,-2.4310550628319025e-05,,,
1.1708333333333334,3.920633615925908,-2.733982033096254,5.132322246208787,-2.9199647158384323,7.919515687972307,-3.9306515827775,7.202711924910545,-6.236132010817528,-17.861188258975744,-58.392346231266856,-175.25463472120464,-50.63400485087186,-1040.7459236681461,8.56967892497778,143.24899995699525,-314.4067766610533,2.4548103916458786,-1.8741603568196297,-0.07777160499244928,-5.580580036621541,14.079621434211731,-12.934139296412468,15.1623800303787,-15.580850439146161,-2.6980775765009972e-05,-22000.0,13760.0,-28960.001953125,-1.4762703858296603e-05,-8000.00048828125,-80.0,-240.0,-1.0638236018978438e-05,-21760.0,80.0,-160.0,-1.2853505102130539e-05,-22400.0,80.0,-160.0,-2.6131866389101505e-05,-21680.0,,-480.0,-1.5793703039348366e-05,-21760.0,,,-1.838053698667466e-05,,,,-2.4521099028666348e-05,,,
1.175,3.920633615925908,-2.694359105080366,5.250760451890528,-2.8015877678990364,7.52746045589447,-4.2451037093997,7.281002271920443,-5.920378491282463,-16.891349982470274,-56.654719319194555,-170.98700520582497,-49.02017202693969,-1053.244050592184,7.379445740953088,143.8821447081864,-316.93149858154356,2.259984170086682,-1.8741603568196297,-0.11665740748867393,-5.736680177506059,13.991623800247908,-12.40978229790926,15.337667660787702,-14.971543438732624,-2.6351177149045845e-05,-16080.0009765625,21280.0,-22400.0,-1.3231267895671408e-05,-16720.0,,-240.0,1.8868917179151945e-06,-21760.0,80.0,-240.0,1.8442698670553971e-06,-22400.0,80.0,-160.0,-2.6031446391186095e-05,-21600.0,-80.0,-400.0000305175781,-1.606357188937502e-05,-21760.0,,,-1.8421459151488333e-05,,,,-2.4594200072182958e-05,,,
1.1791666666666667,3.920633615925908,-2.733982033096254,5.132322246208787,-2.8015877678990364,7.997926734387875,-4.4023297727108,7.281002271920443,-6.236132010817528,-14.143474865704775,-53.58356477692723,-166.0752051975578,-46.43803950864822,-1060.4423388838768,5.71311928331852,142.06185354851186,-317.7993717417121,2.493775635957718,-1.6789353196509182,0.11665740748867393,-5.541555001400411,14.343614336103201,-11.885425299406052,15.1623800303787,-14.275192581117153,-2.9288473055326175e-05,-12000.0,26080.0,-18560.0,-1.335890957320559e-05,-25600.001953125,,-320.0,-1.028390500333251e-05,-21760.0,80.0,-160.0,-1.2008212059220753e-05,-22400.0,160.0,-240.0,-2.593455498823248e-05,-21680.0,-80.0,-480.0,-1.6052062947753687e-05,-21760.0,,,-1.851601595972128e-05,,,,-2.4371700225332606e-05,,,
1.1833333333333336,3.683019457384944,-2.4962444650009274,4.974404638633132,-2.880505733191967,7.762693595141172,-3.85203855112195,7.281002271920443,-6.39400877058506,-12.001748671755195,-50.47200030647218,-160.39845272898674,-43.53314042557031,-1063.290013372898,3.412001794204116,141.03299332782626,-317.0103961415589,2.3379146587103605,-1.8741603568196297,0.2722006174735725,-5.61960507184267,13.727630898356438,-11.798032466322184,14.987092399969697,-14.536324152722955,-2.9164743349828015e-05,-12000.0,26080.0,-18560.0,-1.363753792180632e-05,-25600.001953125,,-320.0,4.121540536011347e-06,-21760.0,80.0,-160.0,-6.39896629625261e-06,-22400.0,160.0,-240.0,-2.5815494472175658e-05,-21680.0,-80.0,-480.0,-1.6176004368949554e-05,-21760.0,,,-1.836271281374603e-05,,,,-2.435506242325059e-05,,,
1.1875000000000002,3.6434170976281166,-2.575490321032703,5.132322246208787,-2.880505733191967,7.84110464155674,-3.9306515827775,7.281002271920443,-6.157193630933762,-10.789450826123357,-47.481665620580316,-154.1580510791391,-41.314120292663574,-1064.3974423408508,1.7456753365695477,139.37098835594952,-315.5902400612831,2.3379146587103605,-1.8741603568196297,0.3888580249622464,-5.61960507184267,13.639633264392614,-11.885425299406052,14.811804769560695,-14.449280295521021,-3.094316474731547e-05,-8880.0,30480.0,-16080.0009765625,-1.2207076041872967e-05,-30240.0,,-320.0,6.999968987911494e-06,-21760.0,,-160.0,2.5322680409394015e-06,-22400.0,160.0,-160.0,-2.5775596553575218e-05,-21680.0,-80.0,-480.0,-1.5902465780162633e-05,-21760.0,,,-1.8404993010782836e-05,,,,-2.4591403899094314e-05,,,
1.1916666666666669,3.9602359756827354,-2.7736049611121416,5.250760451890528,-2.8015877678990364,7.762693595141172,-4.32371674105525,7.281002271920443,-6.157193630933762,-10.183301903307438,-45.339939426630735,-148.07869205251336,-40.30547477770597,-1063.922829926014,1.0315354261547327,138.81698669865727,-313.85449374094605,2.298949414398521,-1.8351153493858874,0.2722006174735725,-5.346429825294763,13.551635630428791,-11.53585396707058,14.46122950874269,-13.927017152309418,-3.322886267855636e-05,-8880.0,30480.0,-16080.0009765625,-1.3664266551804754e-05,-30240.0,,-320.0,1.3530526127032553e-06,-21760.0,,-160.0,-1.0252509091241368e-06,-22400.0,160.0,-160.0,-2.575546448880671e-05,-21680.0,-80.0,-480.0,-1.5942544896882732e-05,-21760.0,,,-1.8348207427430112e-05,,,,-2.470978539903957e-05,,,
1.1958333333333335,3.8414288964122534,-2.575490321032703,5.013884040527046,-2.762128785252571,7.919515687972307,-4.2451037093997,7.281002271920443,-6.157193630933762,-9.819612549617887,-43.400262873619795,-142.16037564910948,-38.81267941556871,-1060.9960533678532,0.31739551573991776,137.550697196275,-310.5407962203026,2.493775635957718,-1.8351153493858874,0.3499722224660218,-5.541555001400411,13.287642728537321,-11.448461133986712,14.198298063129187,-14.362236438319087,-3.0252805633457875e-05,-7920.00048828125,33040.0,-19440.0,-1.4997145614906843e-05,-30160.0,,-240.0,-2.4383327899406033e-06,-21760.0,,-240.0,7.72774074510725e-06,-22400.0,80.0,-160.0,-2.5782010967011172e-05,-21680.0,-160.0,-480.0,-1.6205701787087466e-05,-21680.0,,,-1.838057513364722e-05,,,,-2.501095765474891e-05,,,
1.2000000000000002,3.920633615925908,-2.535867393016815,5.013884040527046,-2.722669802606106,7.919515687972307,-4.2451037093997,7.281002271920443,-6.078255251049995,-9.577152980491519,-41.662635961547494,-135.2355428505689,-37.440921515226364,-1054.5887857675552,-0.6347910314798355,136.04697841219604,-306.8326108995825,2.493775635957718,-1.9522503716871142,0.31108641996979713,-5.5025299661792815,13.199645094573498,-11.09888980165124,14.46122950874269,-13.665885580703616,-2.7880212713422706e-05,-8480.0,26000.0,-18560.0,-1.7373865083698684e-05,-28960.001953125,,-240.0,-4.730917441821451e-06,-21680.0,80.0,-160.0,4.3734750041214587e-07,-22400.0,160.0,-160.0,-2.6359405451027024e-05,-21600.0,-80.0,-480.0,-1.6276082951460552e-05,-21680.0,,,-1.8295150710645122e-05,,,,-2.4350002227340514e-05,,,
1.2041666666666668,3.7622241768985987,-2.733982033096254,5.013884040527046,-2.762128785252571,7.52746045589447,-3.9306515827775,7.35929261893034,-6.157193630933762,-9.698382765054703,-39.884599121287465,-127.74706087075174,-35.665705408900976,-1046.3621705770493,-1.5076286997646093,134.4641165342182,-301.8620646186173,2.3768799030222,-1.8741603568196297,0.15554320998489857,-5.541555001400411,13.023649826645851,-11.011496968567371,14.023010432720184,-13.578841723501682,-2.4053939758605578e-05,-8480.0,26000.0,-18560.0,-1.991288561561835e-05,-28960.001953125,,-240.0,-3.4791607768910123e-06,-21680.0,80.0,-160.0,7.523078899463083e-06,-22400.0,160.0,-160.0,-2.5974792414888703e-05,-21600.0,-80.0,-480.0,-1.58233270245641e-05,-21680.0,,,-1.8502658797279418e-05,,,,-2.4716007170264096e-05,,,
1.2083333333333335,3.683019457384944,-2.733982033096254,4.855966432951391,-2.60429285466671,7.370638363063335,-4.0878776460886,7.124421577900648,-5.841440111398697,-10.021662190556526,-38.59148141928017,-120.78196741640568,-34.73775153513998,-1036.7117181420326,-1.5869775786995888,132.64382537454367,-296.8915183376521,2.493775635957718,-1.913205364253372,0.2722006174735725,-5.307404790073633,12.583661656826735,-10.836711302399635,14.023010432720184,-13.404754009097815,-2.2136627141376014e-05,-9600.0,12640.0,-24080.0,-1.7552585557490622e-05,-22080.0,80.0,-240.0,-3.211565963266087e-06,-21760.0,,-160.0,2.898132507636532e-05,-22400.0,80.0,-160.0,-2.57694434469013e-05,-21680.0,-80.0,-480.0,-1.5893953283235883e-05,-21680.0,,,-1.8519498778316002e-05,,,,-2.4364789901253374e-05,,,
1.2125000000000001,3.7622241768985987,-2.7736049611121416,4.8954458348453045,-2.762128785252571,7.213816270232201,-4.0878776460886,6.967840883880854,-5.525686591863632,-10.223711831495166,-37.78328285552561,-114.58182642236352,-34.21325586736202,-1023.9762850105762,-2.0630708523094654,131.61496515385807,-289.3962501361966,2.3379146587103605,-1.7570253345184028,0.544401234947145,-5.463504930958152,12.495664022862911,-10.749318469315767,13.497147541493177,-13.230666294693947,-1.9136825513207598e-05,-8000.00048828125,9440.0,-22000.0,-1.6722217517594912e-05,-17120.0,,-240.0,-3.5620254188250487e-07,-21760.0,,-160.0,-5.2473673688012315e-06,-22400.0,80.0,-160.0,-2.5349430020227357e-05,-21680.0,-80.0,-480.0,-1.627029605572321e-05,-21733.333984375,,,-1.838618464596216e-05,,,,-2.4755365309202812e-05,,,
1.2166666666666668,3.564212378114462,-2.416998608969152,4.855966432951391,-2.4464569240808487,7.52746045589447,-4.0878776460886,7.124421577900648,-5.6835633516311646,-10.183301903307438,-37.29836371727288,-108.78429198637605,-34.53602243214846,-1007.4439525604248,-1.983721973374486,130.3486756514758,-281.11200633458793,2.298949414398521,-1.8351153493858874,0.3888580249622464,-5.3854548605158925,12.671659290790558,-10.836711302399635,13.584791356697679,-13.491797866299748,-1.79641875767151e-05,-7200.00048828125,7840.00048828125,-20960.0,-1.8269018127092937e-05,-14640.0,,-240.0,-4.429657150052e-07,-21760.0,,-160.0,-5.539168343864065e-06,-22400.0,80.0,-160.0,-2.596279709936723e-05,-21680.0,-80.0,-480.0,-1.6294578511106238e-05,-21760.0,,,-1.8229989959466864e-05,,,,-2.4746776518330942e-05,,,
1.2208333333333334,3.6038147378712893,-2.4566215369850397,4.698048825375736,-2.5648338720202446,7.52746045589447,-3.9306515827775,6.811260189861059,-5.841440111398697,-9.73879269324243,-36.975084291771054,-103.30884279683232,-34.979826458729804,-987.8266394138336,-3.094606278464198,128.2118121162057,-271.24981133267283,2.3768799030222,-1.8741603568196297,0.3499722224660218,-5.346429825294763,11.967678219079971,-10.137568637728691,13.321859911084175,-13.05657858029008,-2.039716715431265e-05,-5120.0,5600.0,-15680.0009765625,-1.6759530978804416e-05,-23520.0,,-240.0,-3.686161747208839e-06,-21760.0,,-160.0,-1.0904153796322197e-05,-22320.0,80.0,-160.0,-2.5712278301171605e-05,-21680.0,-80.0,-480.0,-1.571004672852442e-05,-21760.0,,,-1.8287883712372454e-05,,,,-2.4538976607356563e-05,,,
1.225,3.4058029390871525,-2.2981298249214888,4.540131217800081,-2.5253748893737793,6.978583130985498,-3.85203855112195,6.49809880182147,-5.2099330723285675,-9.092233842238784,-36.166885728016496,-97.55156901665032,-34.9394806381315,-965.7571621239185,-3.808746188879013,125.83751929923892,-260.75643585063517,2.298949414398521,-1.913205364253372,0.3499722224660218,-5.463504930958152,12.055675853043795,-10.312354303896427,13.146572280675173,-13.05657858029008,-2.3845676361914595e-05,-5120.0,5600.0,-15680.0009765625,-1.6624433475483395e-05,-23520.0,,-240.0,-7.216302376647531e-06,-21760.0,,-160.0,4.883085238525887e-06,-22320.0,80.0,-160.0,-2.5770763332151874e-05,-21680.0,-80.0,-480.0,-1.6183526951938374e-05,-21760.0,,,-1.8340360595174533e-05,,,,-2.4332309661467214e-05,,,
1.2291666666666667,3.4058029390871525,-2.3377527529373765,4.500651815906167,-2.209703028202057,6.743349991738796,-3.6161994561553,6.263227760791779,-5.446748211979866,-7.960755852982402,-35.07581766694784,-91.4319493342191,-34.616714073345065,-942.1847455203533,-4.364188341423869,123.06751101277769,-249.8685725685209,2.493775635957718,-1.9522503716871142,0.42774382745847106,-5.346429825294763,12.407666388899088,-9.875390138477087,13.234216095879674,-12.534315437078476,-2.5991771632375132e-05,-2720.0,5360.0,-13600.0,-1.2669524160822585e-05,-20000.0,,-320.0,-7.659658889505214e-06,-21760.0,,-240.0,3.2452826418003454e-06,-22400.0,80.0,-160.0,-2.5738836223467834e-05,-21680.0,,-400.0000305175781,-1.576832385850424e-05,-21760.0,,,-1.832706256054014e-05,,,,-2.440188973941654e-05,,,
1.2333333333333334,3.247393500059843,-2.139638112857938,4.4216930121183395,-2.249162010848522,6.586527898907661,-3.53758642449975,6.184937413781881,-5.2099330723285675,-7.0313275046646595,-34.025159534066916,-84.78894112631679,-34.09221840556711,-917.9795123636723,-5.237026009708643,120.45578891411424,-240.0063775666058,2.415845147334039,-1.796070341952145,0.3499722224660218,-5.229354719631374,11.703685317188501,-10.050175804644823,12.795997019857168,-12.62135929428041,-2.7855932165388305e-05,-5920.0,6160.0,-11040.0,-1.2607872931119841e-05,-17040.0,,-240.0,-1.2152589767291293e-05,-21760.0,80.0,-160.0,-9.508441066577295e-07,-22400.0,80.0,-160.0,-2.5935390406931543e-05,-21680.0,-80.0,-480.0,-1.6149772603268713e-05,-21760.0,,,-1.8234828902936092e-05,,,,-2.4451169905918098e-05,,,
1.2375,3.2077911403030157,-2.139638112857938,4.303254806436598,-2.2886209934949875,6.586527898907661,-3.3017473295331,6.263227760791779,-5.052056312561035,-6.142309084534645,-32.97450140118599,-78.6290607880801,-33.64841437898576,-895.8309330046177,-6.030514799058437,117.7649237215519,-229.82859232462943,2.1041231928393245,-1.8741603568196297,0.4666296299546957,-5.112279613967985,11.439692415297031,-9.875390138477087,12.795997019857168,-12.708403151482344,-2.770101349512514e-05,-5920.0,6160.0,-11040.0,-1.279210564244669e-05,-17040.0,,-240.0,-1.637915988601476e-05,-21760.0,80.0,-160.0,-5.591465459057956e-06,-22400.0,80.0,-160.0,-2.56801833458083e-05,-21680.0,-80.0,-480.0,-1.626902957623422e-05,-21760.0,,,-1.8385209990813252e-05,,,,-2.457044976706714e-05,,,
1.241666666666667,3.128586420789361,-1.9811464007943869,4.2637754045426846,-2.091326080262661,6.351294759660959,-3.06590823456645,6.419808454811573,-4.815241172909737,-4.849191382527351,-31.96425319649279,-72.71074438467622,-33.36599363479763,-873.0495370924473,-7.458794619888067,114.99491543509066,-220.04529488272965,2.3768799030222,-1.8741603568196297,0.3499722224660218,-5.229354719631374,11.439692415297031,-9.525818806141615,12.708353204652667,-12.273183865472674,-2.703257744639774e-05,-5360.0,5760.0,-9360.0,-1.2576225249009802e-05,-16720.0,,-320.0,-1.432760235030089e-05,-21760.0,80.0,-160.0,-1.2118101089399853e-05,-22320.0,,-160.0,-2.567382424548256e-05,-21680.0,-80.0,-480.0,-1.5629331549284848e-05,-21760.0,,,-1.829883761554304e-05,,,,-2.4345001159237906e-05,,,
1.2458333333333336,2.9305746220052242,-1.8622776167467237,4.224296002648771,-2.209703028202057,6.508116852492094,-3.06590823456645,6.028356719762087,-4.7363027930259705,-4.121812675148249,-31.23687448911369,-67.43659847415984,-33.16426453180611,-851.0591618716717,-7.934887893497944,112.69976571202278,-210.81428036093712,2.415845147334039,-1.8741603568196297,0.5832870374433696,-5.151304649189115,11.527690049260855,-9.700604472309351,12.620709389448166,-12.099096151068807,-3.029386894207002e-05,-5360.0,5760.0,-9360.0,-1.616030498239251e-05,-16720.0,,-320.0,-1.3433693851886406e-05,-21760.0,80.0,-160.0,5.004023539306973e-06,-22320.0,,-160.0,-2.587760537289775e-05,-21680.0,-80.0,-480.0,-1.5710178335579753e-05,-21760.0,,,-1.8514594984993422e-05,,,,-2.4414577422489977e-05,,,
1.2500000000000002,3.0493817012757063,-1.822654688730836,4.066378395073116,-2.0518670976161957,6.03765057399869,-2.8300691395998,5.793485678732395,-4.578426033258438,-3.879353106021881,-30.873185135424137,-61.880627973005176,-33.0835728906095,-828.6732763051987,-8.252283409237862,110.64204527065158,-201.10988047905266,2.298949414398521,-1.796070341952145,0.4666296299546957,-5.2683797548525035,11.175699513405561,-9.351033139973879,12.620709389448166,-12.099096151068807,-3.160131065019483e-05,-6000.0,5360.0,-8160.0,-1.616526599617393e-05,-17040.0,,-240.0,-1.3747003520590004e-05,-21760.0,,-160.0,9.682090734832415e-06,-22320.0,80.0,-160.0,-2.5922878199931883e-05,-21680.0,-80.0,-480.0,-1.571620937194148e-05,-21760.0,,,-1.8053373291211606e-05,,,,-2.4237253127893732e-05,,,
1.2541666666666669,2.772165182977915,-1.9811464007943869,3.908460787497461,-1.972949132323265,5.880828481167555,-2.75145610794425,5.636904984712601,-4.420549273490906,-4.2026325315237045,-30.145806428045034,-55.92205091379583,-32.55907722283155,-805.8918803930283,-8.331632288172841,108.18860935978591,-192.43114887736738,2.3379146587103605,-1.8741603568196297,0.3888580249622464,-5.229354719631374,10.823708977550268,-9.525818806141615,12.094846498221159,-12.273183865472674,-3.305827704666283e-05,-6720.0,6320.0,-7040.00048828125,-1.3080377545710573e-05,-15840.0009765625,,-240.0,-1.2155723541087092e-05,-21760.0,,-160.0,-2.5258052285320124e-06,-22400.0,80.0,-160.0,-2.5899204188761186e-05,-21680.0,-80.0,-560.0,-1.5623938521039187e-05,-21760.0,,,-1.8493169737855133e-05,,,,-2.4560047087650045e-05,,,
1.2583333333333335,2.69296046346426,-1.822654688730836,3.9874195912852883,-1.8151132017374039,5.959239527583122,-2.6728430762887,5.636904984712601,-4.262672513723373,-4.930011238902807,-29.499247577041388,-49.882952542975545,-32.03458155505359,-783.6641989648342,-8.331632288172841,106.05174582451582,-184.22580263577402,2.298949414398521,-1.8351153493858874,0.4666296299546957,-5.034229543525726,11.175699513405561,-9.088854640722275,12.357777943834662,-12.099096151068807,-3.1440629879726486e-05,-6720.0,6320.0,-7040.00048828125,-1.5133219680725399e-05,-15840.0009765625,,-240.0,-9.84734914200795e-06,-21760.0,,-160.0,2.014656777063749e-06,-22400.0,80.0,-160.0,-2.5785730296835766e-05,-21680.0,-80.0,-560.0,-1.5768227537398525e-05,-21760.0,,,-1.827360339319464e-05,,,,-2.438587564033588e-05,,,
1.2625000000000002,2.8513699024915695,-1.822654688730836,3.7900225818157196,-1.7361952364444733,5.645595341920853,-2.59423004463315,5.480324290692806,-3.9469189941883087,-5.495750233530998,-28.933508582413197,-44.40750335343182,-31.55043170787394,-761.1992113292217,-8.093585651367903,103.67745300754905,-176.1782515142113,2.3379146587103605,-1.8351153493858874,0.5055154324509203,-5.073254578746855,10.911706611514091,-8.564497642219067,12.094846498221159,-11.750920722261071,-2.8309049534849763e-05,-6000.0,7280.0,-5440.0,-1.3070518460652457e-05,-14320.0009765625,,-240.0,-8.582955338742719e-06,-21760.0,80.0,-240.0,5.677808747261591e-06,-22320.0,160.0,-160.0,-2.5837409907911342e-05,-21680.0,-80.0,-480.0,-1.5935550649463868e-05,-21760.0,,,-1.7991308166856587e-05,,,,-2.4500171599519966e-05,,,
1.2666666666666668,2.7325628232210875,-1.822654688730836,3.868981385603547,-1.7756542190909386,5.488773249089718,-2.6728430762887,5.5586146377027035,-4.104795753955841,-5.616980018094182,-27.963670305907726,-39.012575475499034,-31.06628186069429,-739.841652661562,-7.934887893497944,101.54058947227895,-168.28849551267922,2.415845147334039,-1.9522503716871142,0.544401234947145,-5.073254578746855,10.999704245477915,-9.176247473806143,11.919558867812157,-11.837964579463005,-2.6465347223220484e-05,-5920.0,7360.0,-3920.000244140625,-1.423896213751199e-05,-14640.0,,-320.0,-9.518389677811638e-06,-21760.0,,-240.0,2.0420265146197693e-05,-22400.0,160.0,-160.0,-2.5674903804806005e-05,-21600.0,-80.0,-400.0000305175781,-1.5945092160975422e-05,-21760.0,,,-1.8589055968081794e-05,,,,-2.432919114646044e-05,,,
1.2708333333333335,2.6533581037074327,-1.664162976667285,3.7900225818157196,-1.696736253798008,5.488773249089718,-2.43700398132205,5.323743596673012,-3.8679806143045425,-6.061489228159189,-27.195881670340896,-33.81895087659359,-30.945244398899376,-719.7497271001339,-8.093585651367903,98.77058118581772,-160.79322731122375,2.3768799030222,-1.7179803270846605,0.42774382745847106,-5.073254578746855,10.735711343586445,-8.82667614147067,11.744271237403154,-11.837964579463005,-2.1947803441901576e-05,-5920.0,7360.0,-3920.000244140625,-1.3917446101336436e-05,-14640.0,,-320.0,-1.1523900002948406e-05,-21760.0,,-240.0,-3.4100289258692643e-06,-22400.0,160.0,-160.0,-2.5668552333874776e-05,-21600.0,-80.0,-400.0000305175781,-1.592152686867652e-05,-21760.0,,,-1.8376996947621098e-05,,,,-2.4339452682079063e-05,,,
1.2750000000000001,2.5345510244369507,-1.6245400486513972,3.6321049742400646,-1.7361952364444733,5.253540109843016,-2.3583909496665,5.010582208633423,-3.9469189941883087,-6.384768653661013,-26.50891289114952,-29.188975458964705,-30.380402910523117,-700.2906180918217,-7.696841256693006,96.71286074444652,-153.7713444698602,2.259984170086682,-1.639890312217176,0.5055154324509203,-5.112279613967985,10.647713709622622,-8.739283308386803,11.744271237403154,-11.576833007857203,-2.108790583054722e-05,-6560.0,6800.0,-3120.0,-1.5005245170855632e-05,-15120.0,-80.0,-320.0,-1.0190363858243972e-05,-21760.0,80.0,-160.0,1.7548019364875198e-05,-22400.0,80.0,-160.0,-2.5915243083374012e-05,-21600.0,-80.0,-480.0,-1.5616897543578936e-05,-21760.0,,,-1.8790159178023276e-05,,,,-2.4497085509439867e-05,,,
1.2791666666666668,2.6137557439506054,-1.5849171206355095,3.395228562876582,-1.4599823579192162,5.175129063427448,-1.96532579138875,5.402033943682909,-3.71010385453701,-6.708048079162836,-25.862354040145874,-24.196654139086604,-30.13832798693329,-681.9389380514622,-7.379445740953088,95.12999886646867,-147.3017445486039,2.259984170086682,-1.796070341952145,0.42774382745847106,-5.034229543525726,10.559716075658798,-8.651890475302935,11.656627422198653,-11.315701436251402,-2.3267167986299993e-05,-6560.0,6800.0,-3120.0,-1.534645839631251e-05,-15120.0,-80.0,-320.0,-8.17875383219487e-06,-21760.0,80.0,-160.0,-1.7433252290579996e-05,-22400.0,80.0,-160.0,-2.576805489710012e-05,-21600.0,-80.0,-480.0,-1.5716334303276613e-05,-21760.0,,,-1.8372402144776253e-05,,,,-2.432774156150316e-05,,,
1.2833333333333334,2.257334506139159,-1.5452941926196218,3.553146170452237,-1.4994413405656815,5.253540109843016,-1.96532579138875,5.08887255564332,-3.7890422344207764,-7.395016858354211,-25.094565404579043,-19.52641806565225,-29.73486978095025,-664.7737890481949,-7.458794619888067,93.07227842509747,-141.38442754745483,2.1041231928393245,-1.7570253345184028,0.42774382745847106,-4.956179473083466,10.471718441694975,-8.82667614147067,11.656627422198653,-11.0545698646456,-2.3683542191791718e-05,-7680.0,6480.0,-2880.0,-1.3940103495688411e-05,-14320.0009765625,,-240.0,-7.202321988041471e-06,-21680.0,160.0,-160.0,1.6173578221494742e-05,-22400.0,80.0,-80.0,-2.5681884700784474e-05,-21680.0,-80.0,-480.0,-1.591632266794503e-05,-21680.0,,,-1.847889132602595e-05,,,,-2.4375331817120312e-05,,,
1.2875,2.5345510244369507,-1.347179552540183,3.434707964770496,-1.4599823579192162,5.096718017011881,-1.7294866964221,5.167162902653217,-3.71010385453701,-7.879935996606946,-24.084317199885845,-14.775660680606961,-29.533140677958727,-648.8742731511593,-7.300096862018108,91.09370107762516,-135.07262274622917,2.259984170086682,-1.8351153493858874,0.5055154324509203,-5.112279613967985,10.559716075658798,-8.38971197605133,11.831915052607656,-11.0545698646456,-2.4160407959020365e-05,-8400.0,6480.0,-3840.0,-1.4291613542713531e-05,-14320.0009765625,,-320.0,-6.780512792634269e-06,-21760.0,80.0,-160.0,-2.3922233521145135e-06,-22400.0,80.0,-160.0,-2.600673287501314e-05,-21600.0,2.0585029125213623,0.9708399772644043,-1.5617336233763376e-05,2.038361072540283,,,-1.8364408446676318e-05,,,,-2.4426326690038438e-05,,,
1.2916666666666667,2.455346304923296,-1.5452941926196218,3.434707964770496,-1.4205233752727509,5.0183069705963135,-1.96532579138875,4.775711167603731,-3.3943503350019455,-7.879935996606946,-23.074068995192647,-10.508031165227294,-29.250719933770597,-633.1329613924026,-7.300096862018108,89.51083919964731,-129.62869110517204,2.259984170086682,-1.6789353196509182,0.6610586424358189,-5.073254578746855,10.207725539803505,-8.214926309883595,11.306052161380649,-11.315701436251402,-2.5496711666584022e-05,-8400.0,6480.0,-3840.0,-1.6918903308113954e-05,-14320.0009765625,,-320.0,-7.64997432684656e-06,-21760.0,80.0,-160.0,-8.77057550123289e-07,-22400.0,80.0,-160.0,-2.5922693187114968e-05,-21600.0,2.0585029125213623,0.9708399772644043,-1.5913463552351664e-05,2.038361072540283,,,-1.853680224506919e-05,,,,-2.4656684813236136e-05,,,
1.2958333333333334,2.3761415854096413,-1.347179552540183,3.276790357194841,-1.3810643926262856,5.0183069705963135,-1.80809972807765,5.010582208633423,-3.236473575234413,-7.839526068419218,-22.02341086231172,-6.522226240485907,-29.048990830779076,-618.3408744633198,-7.458794619888067,87.76969113387167,-123.63247654400766,2.2210189257748425,-1.8351153493858874,0.544401234947145,-4.878129402641207,9.679739736020565,-8.040140643715858,11.130764530971646,-11.402745293453336,-2.5748773509819698e-05,-8480.0,7280.0,-2160.000244140625,-1.5189499816691703e-05,-14400.0009765625,-80.0,-240.0,-5.435880170449306e-06,-21760.0,80.0,-160.0,-5.4675431113483685e-06,-22400.0,80.0,-160.0,-2.5860267573869257e-05,-21600.0,2.034332752227783,2.0585029125213623,-1.612122913105074e-05,0.9668115973472595,,,-1.854221148577819e-05,,,,-2.4525138793060446e-05,,,
1.3000000000000003,2.2969368658959866,-1.4660483365878463,3.237310955300927,-1.3810643926262856,4.783073831349611,-1.96532579138875,4.462549779564142,-2.9996584355831146,-7.233377145603299,-20.89193287305534,-2.9792885296046734,-28.968299189582467,-603.8651958107948,-7.776190135627985,86.02854306809604,-118.1096473429352,2.143088437151164,-1.796070341952145,0.42774382745847106,-5.034229543525726,9.855735003948212,-8.127533476799726,11.218408346176147,-10.967526007443666,-2.677552979384848e-05,-8480.0,7280.0,-2160.000244140625,-4.340468336113972e-07,-14400.0009765625,-80.0,-240.0,-4.0297803777042005e-06,-21760.0,80.0,-160.0,5.821424946392403e-06,-22400.0,80.0,-160.0,-2.6114347391953353e-05,-21600.0,2.034332752227783,2.0585029125213623,-1.5860888441095243e-05,0.9668115973472595,,,-1.829769511371487e-05,,,,-6.830010992925863e-07,,,
1.304166666666667,2.336539225652814,-1.4660483365878463,3.276790357194841,-1.2626874446868896,4.704662784934044,-1.2578085064888,4.932291861623526,-3.4732887148857117,-6.748458007350564,-19.841274740174413,0.24156393483281136,-28.968299189582467,-590.0223337113857,-8.649027803912759,83.97082262672484,-112.50792058184743,2.259984170086682,-1.8351153493858874,0.4666296299546957,-5.112279613967985,9.679739736020565,-7.865354977548122,11.130764530971646,-10.967526007443666,-2.727322762279211e-05,-8400.0,8080.0,-1440.0,2.851072244598457e-07,-14320.0009765625,,-320.0,-5.053471552487793e-06,-21760.0,80.0,-160.0,-2.3238922060467987e-05,-22400.0,80.0,-240.0,-2.5430671627688257e-05,-21680.0,,,-1.573441501459571e-05,,,,-1.8211688949381234e-05,,,,4.1178074375138445e-07,,,
1.3083333333333336,2.1781297866255045,-1.3075566245242953,3.0399139458313584,-1.302146427333355,4.704662784934044,-1.49364760145545,4.619130473583937,-3.078596815466881,-5.778619730845094,-18.70979675091803,3.8650229573249817,-29.08933665137738,-577.2869005799294,-9.125121077522635,82.78367621824145,-106.82729626074433,2.298949414398521,-1.913205364253372,0.4666296299546957,-4.761054296977818,9.503744468092918,-8.040140643715858,11.130764530971646,-10.967526007443666,-2.7264606406993564e-05,-8320.0,9440.0009765625,-1440.0,1.1584508389788793e-07,-14320.0009765625,-80.0,-320.0,-5.088956343200204e-06,-21760.0,,-160.0,4.456212223246216e-05,-22400.0,,-240.0,-2.6015418940665037e-05,-21680.0,,,-1.5865828474041755e-05,,,,-1.7996040298802647e-05,,,,1.7810174777840943e-07,,,
1.3125000000000002,2.0593227073550224,-1.2679336965084076,3.0399139458313584,-1.1048515141010284,4.783073831349611,-1.7294866964221,4.305969085544348,-2.9207200556993484,-4.930011238902807,-17.699548546224833,6.8040508311241865,-29.129682471975684,-565.9753046929836,-9.759912109002471,81.12167124636471,-101.62005729973316,2.259984170086682,-1.7179803270846605,0.6610586424358189,-4.800079332198948,9.503744468092918,-7.777962144464254,11.130764530971646,-10.532306721433997,-2.646131318087227e-05,-8320.0,9440.0009765625,-1440.0,-8.434471109076101e-06,-14320.0009765625,-80.0,-320.0,-2.3807132184002877e-06,-21760.0,,-160.0,1.9178470563151282e-05,-22400.0,,-240.0,-2.5857852870506213e-05,-21680.0,,,-1.5932768781489934e-05,,,,-1.8291589690756652e-05,,,,-1.3245546307500593e-05,,,
1.3166666666666669,2.09892506711185,-1.1490649124607444,3.079393347725272,-0.9864745661616325,4.2341965064406395,-1.1005824431777,4.462549779564142,-2.9996584355831146,-4.000582890585065,-16.56807055696845,9.904121328145266,-29.00864501018077,-555.3756274282932,-10.632749777287245,79.61795246228576,-96.96510125882924,2.182053681463003,-1.796070341952145,0.5055154324509203,-4.956179473083466,9.767737369984388,-8.040140643715858,10.955476900562644,-10.619350578635931,-2.5583152706404842e-05,-7759.99951171875,9280.0,-1840.0,-1.5815807302598222e-05,-14640.0,,-320.0,-3.7609605694229444e-06,-21760.0,,-160.0,-3.3137607490798474e-05,-22400.0,,-160.0,-2.5820753032343045e-05,-21760.0,,-480.0,-1.5839992483201223e-05,-21680.0,,,-1.8626630736053333e-05,,,,-2.4280918060034466e-05,,,
1.3208333333333335,2.09892506711185,-1.1490649124607444,2.8819963382557034,-1.0259335488080978,4.2341965064406395,-1.49364760145545,4.5408401265740395,-2.9207200556993484,-2.9499247577041388,-15.679052136838436,12.762627890333533,-29.250719933770597,-546.7535018920898,-11.029494171962142,78.43080605380237,-92.46794033795595,2.3768799030222,-1.5618002973496914,0.4666296299546957,-4.995204508304596,9.503744468092918,-7.603176478296518,11.043120715767145,-10.445262864232063,-2.6310510568948323e-05,-7200.00048828125,8720.0,-2640.0,-1.6112806279509504e-05,-13520.0,-80.0,-240.0,-4.904841887488291e-06,-21680.0,80.0,-160.0,6.707249147647123e-06,-22400.0,80.0,-160.0,-2.585366433291913e-05,-21680.0,,-480.0,-1.5797841032196805e-05,-21760.0,,,-1.8393875075630242e-05,,,,-2.4913835462611307e-05,,,
1.3250000000000002,1.9405156280845404,-1.1094419844448566,2.921475740149617,-0.9075566008687019,4.155785460025072,-1.7294866964221,4.149388391524553,-2.8417816758155823,-2.303365906700492,-14.83044364489615,15.94321969896555,-29.57348649855703,-538.6850908398628,-12.219727355986834,77.40194583311677,-88.12857453711331,2.182053681463003,-1.7179803270846605,0.6221728399395943,-4.917154437862337,9.415746834129095,-7.777962144464254,11.130764530971646,-10.706394435837865,-2.6287563257604892e-05,-7200.00048828125,8720.0,-2640.0,-1.768371386831678e-05,-13520.0,-80.0,-240.0,-6.02065227895825e-06,-21680.0,80.0,-160.0,-3.948554029032324e-06,-22400.0,80.0,-160.0,-2.568392556381643e-05,-21680.0,,-480.0,-1.5754930456438445e-05,-21760.0,,,-1.8150831176707736e-05,,,,-2.451411622533925e-05,,,
1.3291666666666668,1.9801179878413677,-1.0301961284130812,3.0004345439374447,-0.9470155835151672,4.312607552856207,-0.9433563798666,4.384259432554245,-2.8417816758155823,-1.8184467684477568,-14.385934434831142,18.68094429373741,-29.93659888394177,-532.5942315161228,-13.171913903206587,76.76880108192563,-84.34149165637791,2.259984170086682,-1.8351153493858874,0.42774382745847106,-4.956179473083466,9.239751566201448,-7.865354977548122,10.429614009335637,-10.184131292626262,-6.300066097565847e-07,-7680.0,8400.0,-3120.0,-5.240542875410259e-07,-12240.0,-80.0,-320.0,-5.551097855857872e-06,-21760.0,,-160.0,-1.7200153307403866e-05,-22400.0,160.0,-160.0,-2.5960981303473378e-05,-21680.0,2.0585029125213623,0.9668115973472595,-1.5650708159033124e-05,2.038361072540283,,,-1.817929835498059e-05,,,,-2.462032502634063e-05,,,
1.3333333333333335,2.0593227073550224,-1.1886878404766321,2.8819963382557034,-0.9864745661616325,4.077374413609505,-1.1005824431777,3.9145173504948616,-2.68390491604805,-0.6869687791913748,-13.941425224766135,20.93554101884365,-30.42074873112142,-527.3734949529171,-14.04475157149136,76.61051489412785,-80.39661365561187,2.2210189257748425,-1.5618002973496914,0.7388302474282682,-4.956179473083466,9.591742102056742,-7.603176478296518,10.867833085358143,-10.184131292626262,2.3555995464456424e-07,-7680.0,8400.0,-3120.0,1.242852878412887e-07,-12240.0,-80.0,-320.0,-3.786090126015382e-06,-21760.0,,-160.0,-8.227209070414817e-06,-22400.0,160.0,-160.0,-2.530492203999305e-05,-21680.0,2.0585029125213623,0.9668115973472595,-1.564525218828274e-05,2.038361072540283,,,-1.8371673537600358e-05,,,,-2.4217786727796396e-05,,,
1.3375000000000001,1.8217085488140583,-0.7924585603177547,2.803037534467876,-0.9864745661616325,4.312607552856207,-1.2578085064888,4.384259432554245,-2.8417816758155823,0.4445092100650072,-13.739375583827496,23.069355776533484,-31.146973501890898,-523.4183914959431,-14.917589239776134,75.89822704903781,-76.60953077487648,2.298949414398521,-1.5618002973496914,0.4666296299546957,-4.761054296977818,9.415746834129095,-7.51578364521265,10.429614009335637,-10.271175149828196,-6.759425142477845e-09,-8080.0,8480.0,-2960.0,-1.5732338612294396e-08,-12240.0,-80.0,-320.0,-3.927575101472986e-06,-21760.0,,-160.0,2.988035766686892e-05,-22400.0,80.0,-160.0,-2.5086059506976288e-05,-21680.0,2.038361072540283,-2.0625314712524414,-1.5714789350887936e-05,0.9668115973472595,,,-1.8381635619484386e-05,,,,-2.4224441467159477e-05,,,
1.3416666666666668,1.7425038293004036,-0.9509502723813057,2.763558132573962,-0.8680976182222366,3.8421412743628025,-1.02196941152215,4.149388391524553,-2.9207200556993484,1.6163971275091171,-13.981835152953863,24.800563976168633,-32.03458155505359,-520.6498190760612,-16.266520181670785,75.66079776734114,-73.37473081424832,2.415845147334039,-1.6008453047834337,0.5832870374433696,-4.761054296977818,9.503744468092918,-7.603176478296518,10.166682563722134,-10.010043578222394,-2.392346566835882e-05,-8560.0,8320.0,-2960.0,-1.3412807430735526e-05,-12640.0,,-320.0,-3.733566274753339e-06,-21760.0,80.0,-160.0,-5.051935898423677e-07,-22320.0,80.0,-160.0,-2.522245972941023e-05,-21600.0,,,-1.57078923782491e-05,,,,-1.8331188155622496e-05,,,,-1.5707135160843784e-06,,,
1.3458333333333334,1.782106189057231,-0.9905732003971934,2.8425169363617897,-0.9864745661616325,4.155785460025072,-1.02196941152215,3.992807697504759,-2.762843295931816,2.909514829516411,-13.86060536839068,26.773336110636592,-32.96253542881459,-519.2259818315506,-16.9806600920856,75.89822704903781,-70.77111133374274,2.1041231928393245,-1.796070341952145,0.6610586424358189,-4.761054296977818,9.327749200165272,-7.51578364521265,10.517257824540138,-9.92299972102046,-2.6065933161728908e-05,-8560.0,8320.0,-2960.0,-1.4034775698513352e-05,-12640.0,,-320.0,-4.430356014510227e-06,-21760.0,80.0,-160.0,-1.0594066354707021e-06,-22320.0,80.0,-160.0,-2.549846451997315e-05,-21600.0,,,-1.5509169539395357e-05,,,,-1.8590551329406143e-05,,,,1.759773637381721e-07,,,
1.35,1.900913268327713,-0.911327344365418,2.7240787306800485,-0.9075566008687019,4.2341965064406395,-1.65087366476655,4.149388391524553,-2.8417816758155823,3.6368935368955135,-14.143474865704775,28.705847589299083,-33.93083512317389,-518.9886756241322,-18.48828879185021,76.37308561243117,-67.85190161317587,2.3768799030222,-1.6008453047834337,0.544401234947145,-4.683004226535559,9.239751566201448,-7.428390812128782,10.60490163974464,-10.097087435424328,-2.7181135108986535e-05,-8880.0,8400.0,-2960.0,-1.4412735902637219e-05,-12480.0,,-240.0,-1.6395205217929206e-06,-21760.0,,-160.0,6.582237018417536e-08,-22400.0,80.0,-160.0,-2.5675872737909028e-05,-21600.0,,,-1.5631284674279917e-05,,,,-1.829943652301223e-05,,,,-5.930127561021405e-08,,,
1.3541666666666667,1.8613109085708857,-0.9905732003971934,2.5661611231043935,-0.8680976182222366,4.077374413609505,-1.1005824431777,4.149388391524553,-2.5260281562805176,4.404682172462344,-14.264704650267959,30.557837756350636,-35.06051809992641,-520.4916149377823,-19.123079823330045,76.53137180022895,-65.24828213267028,2.3379146587103605,-1.8351153493858874,0.6221728399395943,-4.917154437862337,8.975758664309978,-7.166212312877178,10.60490163974464,-9.92299972102046,-2.585003846317731e-05,-8880.0,8400.0,-2960.0,-1.5042033157518122e-05,-12480.0,,-240.0,-3.1111786286959324e-06,-21760.0,,-160.0,4.537055480946159e-06,-22400.0,80.0,-160.0,-2.5659862453525622e-05,-21600.0,,,-1.5802594144977773e-05,,,,-1.828596301230406e-05,,,,-2.1713123266712837e-05,,,
1.3583333333333336,1.900913268327713,-0.9509502723813057,2.803037534467876,-0.9470155835151672,3.8421412743628025,-1.02196941152215,4.384259432554245,-2.8417816758155823,4.889601310715079,-14.790033716708422,32.852695137262344,-36.14985525608063,-522.4691666662693,-20.075266370549798,77.48108892701566,-63.512535812333226,2.1041231928393245,-1.796070341952145,0.5055154324509203,-4.604954156093299,9.239751566201448,-7.340997979044914,10.429614009335637,-9.748912006616592,-2.5645053798777854e-05,-9280.0,8960.0,-3120.0,-1.033754346144904e-05,-12880.0,,-320.0,-5.447054372386426e-06,-21760.0,,-240.0,-6.429985983826881e-06,-22400.0,80.0,-80.0,-2.5708257610263787e-05,-21680.0,-80.0,-480.0,-1.6208518941011017e-05,-21760.0,,,-1.8409629775297497e-05,,,,-2.4365037856575013e-05,,,
1.3625000000000003,1.6632991097867489,-0.9509502723813057,2.6056405249983072,-0.9470155835151672,4.077374413609505,-1.02196941152215,4.2276787385344505,-2.68390491604805,4.970421167090535,-14.911263501271605,35.71120169945061,-37.31988405343145,-525.7914535701275,-20.948104038834572,78.27251986600459,-61.61899437196553,2.415845147334039,-1.6008453047834337,0.5055154324509203,-4.683004226535559,8.887761030346155,-7.07881947979331,10.60490163974464,-9.835955863818526,-2.5642908031571357e-05,-9680.0,9200.0,-3040.0,-2.213662141933013e-05,-13200.0,-80.0,-320.0,-5.232144819401188e-06,-21760.0,,-240.0,-1.6355529743862507e-05,-22400.0,160.0,-160.0,-2.582696717417306e-05,-21680.0,-80.0,-480.0,-1.6051834065918327e-05,-21760.0,,,-1.85829658039126e-05,,,,-2.454603570462878e-05,,,
1.366666666666667,1.8217085488140583,-1.0301961284130812,2.8425169363617897,-0.789179652929306,4.2341965064406395,-1.7294866964221,4.384259432554245,-2.9207200556993484,4.849191382527351,-15.355772711336613,38.65022957324982,-38.12680046539754,-530.1420673727989,-21.503546191379428,79.2222369927913,-60.51442853175104,2.259984170086682,-1.7179803270846605,0.6999444449320436,-4.604954156093299,8.799763396382332,-6.904033813625574,9.991394933313131,-9.313692720606923,-2.443150514156345e-05,-9680.0,9200.0,-3040.0,-2.223495668519514e-05,-13200.0,-80.0,-320.0,-3.841938485936024e-06,-21760.0,,-240.0,3.8375812433627966e-05,-22400.0,160.0,-160.0,-2.5702241832691085e-05,-21680.0,-80.0,-480.0,-1.6109567601539166e-05,-21760.0,,,-1.8403697921064426e-05,,,,-2.430617707791503e-05,,,
1.3708333333333336,1.8217085488140583,-1.069819056428969,2.8819963382557034,-0.9864745661616325,4.077374413609505,-1.572260633111,3.992807697504759,-2.6049665361642838,4.445092100650072,-15.59823228046298,41.8710820376873,-39.29682926274836,-535.3628039360046,-22.45573273859918,80.88424196466804,-59.17317001149058,2.143088437151164,-1.5618002973496914,0.544401234947145,-4.839104367420077,9.151753932237625,-6.904033813625574,9.991394933313131,-9.748912006616592,-2.5673238689453764e-05,-10000.0,9360.0,-2880.0,-8.80605886143383e-06,-13760.0,,-240.0,-5.296902166344625e-06,-21760.0,,-240.0,2.4797370848037188e-05,-22400.0,,-160.0,-2.6034690791202318e-05,-21600.0,-80.0,-480.0,-1.576215358569267e-05,-21760.0,,,-1.8248889877021685e-05,,,,-2.442592423947793e-05,,,
1.3750000000000002,1.782106189057231,-1.0301961284130812,2.7240787306800485,-0.9864745661616325,4.155785460025072,-0.9433563798666,4.071098044514656,-2.8417816758155823,4.000582890585065,-15.840691849589348,45.091934502124786,-40.42651223950088,-542.165581882,-23.090523770079017,82.07138837315142,-58.305296851322055,2.2210189257748425,-1.7179803270846605,0.6999444449320436,-4.604954156093299,8.975758664309978,-7.166212312877178,10.166682563722134,-9.22664886340499,-2.6099140101342334e-05,-10160.0,9360.0,-2800.0,-1.7184101061350644e-05,-14480.0009765625,,-240.0,-7.269552689318263e-06,-21760.0,,-240.0,-4.59895037443613e-06,-22400.0,80.0,-160.0,-2.5816522533086148e-05,-21680.0,-80.0,-560.0,-1.575336261586623e-05,-21760.0,,,-1.8266515685693005e-05,,,,-2.42674311978859e-05,,,
1.3791666666666669,2.0593227073550224,-1.069819056428969,2.803037534467876,-0.8680976182222366,4.155785460025072,-1.02196941152215,4.149388391524553,-3.078596815466881,3.31361411139369,-16.16397127509117,48.473829589784145,-41.798270139843225,-549.8384825885296,-23.249221527948976,83.41682096943259,-57.98970661126077,2.143088437151164,-1.796070341952145,0.6610586424358189,-4.722029261756688,8.799763396382332,-6.904033813625574,10.341970194131136,-9.661868149414659,-2.6556379251188892e-05,-10160.0,9360.0,-2800.0,-1.4262050592653893e-05,-14480.0009765625,,-240.0,-5.929196819594426e-06,-21760.0,,-240.0,1.2981420484192837e-05,-22400.0,80.0,-160.0,-2.603026955708262e-05,-21680.0,-80.0,-560.0,-1.6273975331226615e-05,-21760.0,,,-1.8209382964889985e-05,,,,-2.4586687025937278e-05,,,
1.3833333333333335,1.900913268327713,-1.1490649124607444,2.763558132573962,-0.9470155835151672,4.312607552856207,-1.4150345697999,4.384259432554245,-2.9207200556993484,2.828694973140955,-16.36602091602981,51.7349427100271,-42.96829893719405,-557.7486895024776,-23.725314801558852,84.84139665961266,-57.358526131138206,2.4548103916458786,-1.639890312217176,0.544401234947145,-4.604954156093299,8.799763396382332,-7.07881947979331,9.991394933313131,-10.010043578222394,-2.60221881209458e-05,-10480.0,9360.0,-3600.000244140625,-1.527199073750394e-05,-15600.0009765625,,-240.0,-5.290853010170933e-06,-21680.0,,-160.0,-6.30991457299722e-06,-22400.0,80.0,-160.0,-2.6157005244018504e-05,-21680.0,,-480.0,-1.5675081213475982e-05,-21760.0,,,-1.830023760943599e-05,,,,-2.4145061431959502e-05,,,
1.3875000000000002,1.8613109085708857,-1.0301961284130812,2.803037534467876,-1.0259335488080978,4.391018599271774,-1.572260633111,4.384259432554245,-3.078596815466881,1.9800864811986685,-16.931759910658002,55.11683779768646,-44.3804026581347,-567.2409377992153,-24.20140807516873,87.13654638268054,-56.88514077104628,2.259984170086682,-1.639890312217176,0.6999444449320436,-4.683004226535559,8.623768128454685,-6.554462481290102,9.553175857290626,-9.48778043501079,-2.5881681376915778e-05,-10480.0,9360.0,-3600.000244140625,-1.0024773572407165e-05,-15600.0009765625,,-240.0,-4.247931469682719e-06,-21680.0,,-160.0,1.3311153378257803e-05,-22400.0,80.0,-160.0,-2.5680370265973845e-05,-21680.0,,-480.0,-1.5807607610846463e-05,-21760.0,,,-1.8335254622897385e-05,,,,-2.442453568967675e-05,,,
1.3916666666666668,1.8613109085708857,-1.1886878404766321,2.8425169363617897,-0.9864745661616325,4.469429645687342,-1.572260633111,4.462549779564142,-2.9996584355831146,1.4143474865704775,-17.052989695221186,59.02212141081691,-45.79250637907535,-576.8122881650925,-24.756850227713585,88.71940826065838,-56.80624321103096,2.143088437151164,-1.796070341952145,0.6610586424358189,-4.56592912087217,8.887761030346155,-6.904033813625574,10.079038748517632,-9.22664886340499,-2.5911003047373975e-05,-10800.0,9120.0,-4560.0,-1.3057454076224992e-05,-16960.0,,-320.0,-6.6018442940924435e-06,-21760.0,,-160.0,-1.2281989066586173e-05,-22400.0,80.0,-160.0,-2.566302674489947e-05,-21680.0,-80.0,-480.0,-1.5563158949659438e-05,-21760.0,,,-1.8302566482110774e-05,,,,-2.4393459258480795e-05,,,
1.3958333333333335,1.8217085488140583,-1.069819056428969,2.960955142043531,-1.1048515141010284,4.6262517385184765,-1.65087366476655,4.462549779564142,-2.9996584355831146,0.7273787073791027,-17.13380955159664,62.92740502394736,-46.84149771463126,-587.2537612915039,-26.026432290673256,90.6979856081307,-56.332857850939035,2.2210189257748425,-1.639890312217176,0.6610586424358189,-4.761054296977818,8.799763396382332,-6.729248147457838,9.90375111810863,-9.313692720606923,-2.5763126308245374e-05,-10720.0,8960.0,-6160.0,-1.9992103526184947e-05,-17760.0,,-320.0,-1.049569508763666e-05,-21760.0,,-160.0,-3.601827993835946e-05,-22400.0,160.0,-160.0,-2.560559838505911e-05,-21680.0,-80.0,-480.0,-1.5576586684000536e-05,-21760.0,,,-1.811061473088642e-05,,,,-2.4405349669827728e-05,,,
1.4000000000000001,1.900913268327713,-1.1490649124607444,2.8819963382557034,-1.0653925314545631,4.469429645687342,-1.7294866964221,4.462549779564142,-3.3943503350019455,0.08081985637545586,-17.33585919253528,66.99373126029968,-48.01152651198208,-598.4071530401707,-26.502525564283133,92.51827676780522,-56.49065297096968,2.298949414398521,-1.639890312217176,0.544401234947145,-4.839104367420077,8.535770494490862,-6.729248147457838,10.079038748517632,-9.48778043501079,-2.6105604105842615e-05,-10720.0,8960.0,-6160.0,-2.294996255802371e-05,-17760.0,,-320.0,-7.132460576169514e-06,-21760.0,,-160.0,2.8284868168944018e-05,-22400.0,160.0,-160.0,-2.5614114696683116e-05,-21680.0,-80.0,-480.0,-1.5785483320436013e-05,-21760.0,,,-1.8198556854077475e-05,,,,-2.4522113738136442e-05,,,
1.4041666666666668,2.09892506711185,-1.2283107684925199,2.960955142043531,-0.8680976182222366,4.6262517385184765,-1.80809972807765,4.697420820593834,-3.157535195350647,-0.5253290664404631,-17.214629407972097,71.30162143148482,-49.1008636681363,-609.481442719698,-28.010154264047742,94.57599720917642,-56.411755410954356,2.2210189257748425,-1.6008453047834337,0.6610586424358189,-4.604954156093299,8.535770494490862,-6.64185531437397,10.079038748517632,-9.313692720606923,-2.678216736707391e-05,-10320.0009765625,9360.0,-8080.0,-2.7505521704847226e-05,-17840.0,,-240.0,-3.7233791257312073e-06,-21760.0,80.0,-240.0,2.604632371048447e-05,-22400.0,160.0,-160.0,-2.5988971644589232e-05,-21680.0,-80.0,-480.0,-1.6319194752499166e-05,-21760.0,,,-1.841659541248694e-05,,,,-2.427598184178521e-05,,,
1.4083333333333334,2.0593227073550224,-1.2679336965084076,3.0399139458313584,-1.0653925314545631,4.312607552856207,-1.7294866964221,4.462549779564142,-2.762843295931816,-1.4547574147582054,-17.53790883347392,75.9315968491137,-50.55331320967525,-622.3750799894333,-28.40689865872264,96.9502900261432,-56.64844809100032,2.3768799030222,-1.639890312217176,0.6999444449320436,-4.56592912087217,8.447772860527039,-6.816640980541706,9.640819672495127,-9.574824292212725,-2.569713204571668e-05,-10266.6669921875,9866.6669921875,-8426.6669921875,-1.2259384124321468e-05,-18000.0,,-240.0,-5.513740525629925e-06,-21760.0,80.0,-240.0,2.1959409658302937e-06,-22373.333984375,133.3333282470703,-160.0,-2.5880453044399348e-05,-21680.0,-80.0,-506.6666564941406,-1.5716608961479045e-05,-21760.0,,,-1.8377901030870768e-05,,,,-2.4356468139189423e-05,,,
1.4125,2.0593227073550224,-1.1490649124607444,3.0399139458313584,-1.2232284620404243,4.861484877765179,-1.96532579138875,4.619130473583937,-2.9996584355831146,-2.303365906700492,-17.659138618037105,80.44079029932618,-51.723342007026076,-635.7433296740055,-29.59713184274733,99.32458284310997,-57.200731011107564,2.182053681463003,-1.8741603568196297,0.7388302474282682,-4.604954156093299,8.359775226563215,-7.166212312877178,9.728463487699628,-9.400736577808857,-2.6698675088231974e-05,-10160.0,10880.0,-9120.0,-1.6393608051871837e-05,-18320.0,-80.0,-240.0,-7.30407999101942e-06,-21760.0,80.0,-240.0,-2.49592995013454e-06,-22320.0,80.0,-160.0,-2.5822069102896363e-05,-21680.0,-80.0,-560.0,-1.569545169682299e-05,-21760.0,,,-1.8630182219198663e-05,,,,-2.447239297410182e-05,,,
1.4166666666666667,2.1781297866255045,-1.347179552540183,3.1978315534070134,-0.9864745661616325,5.0183069705963135,-1.8867127597332,4.5408401265740395,-3.078596815466881,-3.273204183205962,-17.618728689849377,85.59415424242616,-53.17579154856503,-650.6936207413673,-30.549318389967084,101.30316019058228,-57.51632125116885,2.182053681463003,-1.639890312217176,0.6221728399395943,-4.683004226535559,8.359775226563215,-6.729248147457838,9.640819672495127,-9.400736577808857,-2.695243065704931e-05,-10000.0,13200.0,-10080.0,-3.6633007433908252e-06,-18320.0,,-240.0,-5.5409555295284985e-06,-21760.0,80.0,-160.0,-1.3837441409460791e-05,-22400.0,80.0,-80.0,-2.591441529406946e-05,-21680.0,-80.0,-480.0,-1.5892093618323586e-05,-21760.0,,,-1.8441320372751665e-05,,,,-2.4269910751102295e-05,,,
1.4208333333333336,2.138527426868677,-1.347179552540183,3.1583521515130997,-1.1443104967474937,5.175129063427448,-1.8867127597332,4.697420820593834,-3.4732887148857117,-4.445092100650072,-17.73995847441256,90.54621490649879,-54.66858691070229,-665.8812180161476,-31.580853816121817,103.91488228924572,-57.67411637119949,2.1041231928393245,-1.7179803270846605,0.6999444449320436,-4.604954156093299,8.359775226563215,-6.554462481290102,9.640819672495127,-9.22664886340499,-2.5252954419274646e-05,-10000.0,13200.0,-10080.0,-2.3661252915724946e-05,-18320.0,,-240.0,-5.558125958714884e-06,-21760.0,80.0,-160.0,-2.0952487892656694e-05,-22400.0,80.0,-80.0,-2.5686271602628867e-05,-21680.0,-80.0,-480.0,-1.5874481161092663e-05,-21760.0,,,-1.8338794661950947e-05,,,,-2.407967561364314e-05,,,
1.4250000000000003,2.257334506139159,-1.4264254085719585,3.1583521515130997,-1.2626874446868896,5.175129063427448,-1.8867127597332,4.932291861623526,-3.3154119551181793,-5.45534030534327,-17.820778330788016,96.10218540765345,-56.20172809343785,-683.1254690885544,-32.77108700014651,107.2388922329992,-58.226399291306734,2.026192704215646,-1.6789353196509182,0.6610586424358189,-4.448854015208781,8.271777592599392,-6.554462481290102,9.553175857290626,-8.617341862991452,-2.515272134152478e-05,-9920.0,15360.0,-11040.0,-1.9548339794395186e-05,-16880.0,,-320.0,-7.371098499761347e-06,-21760.0,80.0,-160.0,-4.499907005392977e-06,-22320.0,160.0,-160.0,-2.588978188653888e-05,-21600.0,-80.0,-480.0,-1.5629836996671267e-05,-21680.0,,,-1.8296340896188992e-05,,,,-2.4334308562829355e-05,,,
1.429166666666667,2.336539225652814,-1.2679336965084076,3.1978315534070134,-1.4599823579192162,5.175129063427448,-2.2011648863554,5.010582208633423,-3.631165474653244,-6.344358725473285,-18.184467684477568,101.4165919739753,-57.49279435258359,-700.6861284375191,-34.04066906310618,109.3757557682693,-59.48876025155187,2.298949414398521,-1.7179803270846605,0.544401234947145,-4.48787905042991,8.007784690707922,-6.20489114895463,9.290244411677122,-9.313692720606923,-2.5417524273595475e-05,-10080.0,16080.0009765625,-11200.0,-1.5036501846496931e-06,-16080.0009765625,,-240.0,-6.313405974660768e-06,-21760.0,80.0,-240.0,1.119875809703103e-05,-22400.0,80.0,-80.0,-2.5690118724811537e-05,-21680.0,-80.0,-480.0,-1.5928611715155215e-05,-21680.0,,,-1.7955545380081645e-05,,,,-2.4265195785293887e-05,,,
1.4333333333333336,2.4949486646801233,-1.3075566245242953,3.395228562876582,-1.4994413405656815,5.253540109843016,-2.3583909496665,5.480324290692806,-3.4732887148857117,-7.152557289227843,-17.618728689849377,107.09334444254637,-58.90489807352424,-719.5124208927155,-35.54829776287079,112.22490714862943,-60.19883829168975,2.2210189257748425,-1.4446652750484645,0.6221728399395943,-4.604954156093299,8.271777592599392,-6.292283982038498,9.377888226881623,-9.139605006203055,-2.5571702892590977e-05,-10080.0,16080.0009765625,-11200.0,3.1098849694889935e-06,-16080.0009765625,,-240.0,-4.5775637511075574e-06,-21760.0,80.0,-240.0,3.531651964807801e-06,-22400.0,80.0,-80.0,-2.578684037373726e-05,-21680.0,-80.0,-480.0,-1.6206167180152697e-05,-21680.0,,,-1.8274846984500095e-05,,,,-2.4802429136598636e-05,,,
1.4375000000000002,2.3761415854096413,-1.2679336965084076,3.3557491609826684,-1.6178182885050774,5.4103622026741505,-2.3583909496665,5.2454532496631145,-3.552227094769478,-8.00116578117013,-17.13380955159664,113.05192150175571,-59.832851947285235,-738.8133257627487,-36.97657758370042,115.23234471678734,-60.90891633182764,2.182053681463003,-1.796070341952145,0.544401234947145,-4.56592912087217,8.007784690707922,-6.20489114895463,9.816107302904129,-8.965517291799188,-2.4390842376163183e-05,-10560.0,16800.0,-11920.0009765625,-1.3883336032147653e-05,-14800.0,,-240.0,-5.17801521901295e-06,-21760.0,,-240.0,-3.5425901323522064e-06,-22400.0,80.0,-80.0,-2.594794457560102e-05,-21680.0,-80.0,-480.0,-1.574900241690263e-05,-21760.0,,,-1.8292165710042307e-05,,,,-2.434632104448848e-05,,,
1.4416666666666669,2.2969368658959866,-1.5849171206355095,3.395228562876582,-1.4994413405656815,5.488773249089718,-2.3583909496665,5.2454532496631145,-3.7890422344207764,-8.647724632173777,-16.527660628780723,119.33258380740881,-60.80115164164454,-758.114230632782,-38.722252920269966,118.00235300324857,-62.09237973205745,2.298949414398521,-1.6008453047834337,0.5055154324509203,-4.683004226535559,8.535770494490862,-6.554462481290102,9.377888226881623,-8.878473434597254,-2.503865617152468e-05,-10560.0,16800.0,-11920.0009765625,-3.081196395724145e-05,-14800.0,,-240.0,-4.098706711911282e-06,-21760.0,,-240.0,-1.4508864842976792e-06,-22400.0,80.0,-80.0,-2.5675455028559497e-05,-21680.0,-80.0,-480.0,-1.5802905042804137e-05,-21760.0,,,-1.818766017136573e-05,,,,-2.4338140426223e-05,,,
1.4458333333333335,2.6137557439506054,-1.347179552540183,3.5136667685583234,-1.4994413405656815,5.488773249089718,-2.59423004463315,5.5586146377027035,-4.025857374072075,-9.37510333955288,-16.2043812032789,125.69376742467284,-61.85014297720045,-777.6524417102337,-40.309230498969555,120.37664582021534,-62.96025289222598,2.182053681463003,-1.6789353196509182,0.7388302474282682,-4.604954156093299,8.359775226563215,-6.117498315870762,9.290244411677122,-9.22664886340499,-2.5940130168272115e-05,-10640.0,16000.0009765625,-13680.0,-1.9564817379192452e-05,-13919.9990234375,,-240.0,-5.179398046768248e-06,-21760.0,,-240.0,-5.224290357751097e-06,-22400.0,80.0,-160.0,-2.5356090481636322e-05,-21680.0,-80.0,-480.0,-1.571217151489601e-05,-21760.0,,,-1.861558718749723e-05,,,,-2.441486161743555e-05,,,
1.4500000000000002,2.6533581037074327,-1.5452941926196218,3.553146170452237,-1.578359305858612,5.880828481167555,-2.2011648863554,5.2454532496631145,-4.104795753955841,-10.425761472433805,-15.355772711336613,132.57833956740797,-62.657059389166534,-797.5070610642433,-41.816859198734164,123.14665410667658,-64.14371629245579,2.026192704215646,-1.5618002973496914,0.6221728399395943,-4.839104367420077,7.831789422780275,-6.20489114895463,9.290244411677122,-8.79142957739532,-2.5025691922900186e-05,-11200.0,12960.0,-16160.0,-7.3876008800907765e-06,-13440.0,,-240.0,-5.6532473421417174e-06,-21760.0,,-160.0,-3.365638962831314e-06,-22400.0,80.0,-160.0,-2.534932130135556e-05,-21600.0,-160.0,-480.0,-1.5616072615297328e-05,-21760.0,,,-1.8121742202782155e-05,,,,-2.4346466002984207e-05,,,
1.4541666666666668,2.455346304923296,-1.505671264603734,3.6321049742400646,-1.6178182885050774,6.116061620414257,-2.6728430762887,5.480324290692806,-4.025857374072075,-11.597649389877915,-14.951673429459333,139.26160843111575,-63.46397580113262,-818.0735990405083,-43.48318565636873,126.54980714432895,-65.3271796926856,2.065157948527485,-1.4446652750484645,0.5832870374433696,-4.48787905042991,8.007784690707922,-6.379676815122366,9.290244411677122,-8.965517291799188,-2.454567330838946e-05,-11200.0,12960.0,-16160.0,-6.899244291052762e-06,-13440.0,,-240.0,-5.937646374016452e-06,-21760.0,,-160.0,-1.6648374515462012e-05,-22400.0,80.0,-160.0,-2.59763182937911e-05,-21600.0,-160.0,-480.0,-1.5764881094230705e-05,-21760.0,,,-1.838974566585063e-05,,,,-2.4689086851728548e-05,,,
1.4583333333333335,2.6533581037074327,-1.6245400486513972,3.711063778027892,-1.5389003232121468,5.880828481167555,-2.90868217125535,5.2454532496631145,-4.104795753955841,-12.68871745094657,-14.547574147582054,146.3474838528782,-64.51296713668853,-839.3520556390285,-44.91146547719836,129.39895852468908,-66.66843821294606,2.065157948527485,-1.6008453047834337,0.6999444449320436,-4.56592912087217,8.007784690707922,-6.117498315870762,9.202600596472621,-8.704385720193386,-2.7988124776748887e-05,-12000.0,7759.99951171875,-17680.0,1.72994696657194e-06,-13040.0,-80.0,-240.0,-4.633984554035177e-06,-21760.0,80.0,-160.0,3.0417652053329764e-05,-22400.0,80.0,-160.0,-2.5739528591019797e-05,-21600.0,-160.0,-480.0,-1.571612830962479e-05,-21680.0,,,-1.8471771193597636e-05,,,,-2.46095179890144e-05,,,
1.4625000000000001,2.811767542734742,-1.7037859046831727,3.908460787497461,-1.7756542190909386,5.959239527583122,-2.75145610794425,5.2454532496631145,-4.499487653374672,-14.062655009329319,-13.981835152953863,153.2723166514188,-65.27953772805631,-860.6305122375488,-46.33974529802799,132.406396092847,-67.85190161317587,2.2210189257748425,-1.6008453047834337,0.6999444449320436,-4.56592912087217,7.831789422780275,-5.593141317367554,9.290244411677122,-8.79142957739532,-2.768272202178265e-05,-12000.0,4666.66650390625,-18906.666015625,-1.4199754679114886e-05,-12080.0,-80.0,-293.3333435058594,-6.965858441885554e-06,-21760.0,,-160.0,1.0810351344471623e-05,-22400.0,80.0,-106.66666412353516,-2.509319108349637e-05,-21653.333984375,-106.66666412353516,-426.66668701171875,-1.5769897421122336e-05,-21786.666015625,,,-1.829063983113991e-05,,,,-2.4427535949068588e-05,,,
1.4666666666666668,2.7325628232210875,-1.664162976667285,3.908460787497461,-1.8151132017374039,5.959239527583122,-2.9872952029109,5.636904984712601,-4.183734133839607,-15.719462065026164,-13.618145799264312,160.68027731962502,-66.32852906361222,-882.225377112627,-48.00607175566256,135.65126294270158,-68.95646745339036,2.259984170086682,-1.5618002973496914,0.7777160499244928,-4.52690408565104,8.095782324671745,-5.680534150451422,9.11495678126812,-8.878473434597254,-2.8417865681425614e-05,-12000.0,3120.0,-19520.0,-3.709957494905719e-05,-11600.0,-80.0,-320.0,-1.0805862399475633e-05,-21760.0,,-160.0,-1.6165208775715091e-06,-22400.0,80.0,-80.0,-2.4995035108402392e-05,-21680.0,-80.0,-400.0000305175781,-1.5847566564603e-05,-21840.0,,,-1.8361221267118935e-05,,,,-2.43963412622577e-05,,,
1.4708333333333334,2.772165182977915,-1.822654688730836,4.066378395073116,-1.6572772711515427,5.8024174347519875,-2.75145610794425,6.106647066771984,-5.052056312561035,-17.618728689849377,-13.537325942888856,167.4843281507492,-67.53890368156135,-903.5829357802868,-49.27565381862223,139.13355907425284,-70.6133162137121,2.259984170086682,-1.5618002973496914,0.5832870374433696,-4.448854015208781,7.479798886924982,-6.20489114895463,9.465532042086124,-8.617341862991452,-2.619607728066302e-05,-9040.0,720.0,-22240.001953125,-1.6723833041882826e-05,-8240.0,,-240.0,-8.854858376081132e-06,-21760.0,,-240.0,-1.3991840327222827e-05,-22320.0,80.0,-160.0,-2.530654900837273e-05,-21680.0,-80.0,-480.0,-1.575468631581406e-05,-21760.0,,,-1.847998423678979e-05,,,,-2.4398067412766036e-05,,,
1.475,2.890972262248397,-2.0207693288102746,3.9479401893913746,-2.0518670976161957,4.704662784934044,-2.59423004463315,6.106647066771984,-5.446748211979866,-19.639225099235773,-13.416096158325672,174.24811832606792,-68.66858665831387,-923.5166572034359,-50.307189244776964,142.29928283020854,-71.95457473397255,2.298949414398521,-1.4056202676147223,0.6221728399395943,-4.409828979987651,7.919787056744099,-5.680534150451422,8.939669150859118,-8.79142957739532,-2.849187653023778e-05,-9040.0,720.0,-22240.001953125,-2.476484292453533e-05,-8240.0,,-240.0,-8.393730142382087e-06,-21760.0,,-240.0,6.266495211992341e-06,-22320.0,80.0,-160.0,-2.5603965694633544e-05,-21680.0,-80.0,-480.0,-1.6284622151268094e-05,-21760.0,,,-1.8111551239062768e-05,,,,-2.4671142515836353e-05,,,
1.4791666666666667,2.772165182977915,-1.9019005447626114,3.908460787497461,-1.8940311670303345,3.528497088700533,-2.75145610794425,6.263227760791779,-6.39400877058506,-21.780951293185353,-13.25445644557476,181.25347243621945,-69.35446560848504,-942.7384600043297,-51.3387246709317,145.30672039836645,-73.05914057418704,2.3768799030222,-1.6008453047834337,0.544401234947145,-4.56592912087217,7.919787056744099,-6.20489114895463,9.202600596472621,-8.79142957739532,-2.921960632576372e-05,-6640.0,1680.0,-24320.0,-1.0862900706521566e-05,-4400.0,,-240.0,-9.776747678868331e-06,-21760.0,80.0,-160.0,-8.993858821334514e-08,-22400.0,160.0,-80.0,-2.5681655818949115e-05,-21680.0,-160.0,-480.0,-1.5810197790283283e-05,-21760.0,,,-1.830432315019716e-05,,,,-2.407427781702591e-05,,,
1.4833333333333334,2.6533581037074327,-2.2188839688897133,3.7900225818157196,-2.1702440455555916,2.1170982532203197,-2.8300691395998,6.49809880182147,-7.341269329190254,-24.124727128073573,-13.092816732823849,188.25882654637098,-70.40345694404095,-961.4065483212471,-51.97351570241153,148.31415796652436,-74.63709177449346,2.1041231928393245,-1.7179803270846605,0.6999444449320436,-4.409828979987651,7.479798886924982,-6.20489114895463,9.290244411677122,-8.79142957739532,-2.5625392849120462e-05,-2320.0,5200.0,-23840.001953125,-1.8631532145190128e-06,560.0,-80.0,-320.0,-8.480290391492157e-06,-21760.0,80.0,-160.0,-8.745329834792723e-06,-22320.0,80.0,-160.0,-2.5752204830001464e-05,-21680.0,-80.0,-400.0000305175781,-1.604967113257418e-05,-21680.0,,,-1.831341548110682e-05,,,,-2.4259818969511564e-05,,,
1.4875,2.5345510244369507,-2.3773756809532642,3.908460787497461,-2.091326080262661,0.0784110464155674,-2.8300691395998,7.124421577900648,-8.762160167098045,-26.670552603900433,-13.05240680463612,195.2641806565225,-70.8876067912206,-979.1254118084908,-52.21156233921647,151.32159553468227,-75.74165761470795,2.143088437151164,-1.5618002973496914,0.6610586424358189,-4.52690408565104,7.831789422780275,-6.117498315870762,9.11495678126812,-8.530298005789518,-2.652633851029794e-05,-2320.0,5200.0,-23840.001953125,-1.7909755661569323e-05,560.0,-80.0,-320.0,-4.45800970859324e-06,-21760.0,80.0,-160.0,-3.871994008778842e-06,-22320.0,80.0,-160.0,-2.5845540935112493e-05,-21680.0,-80.0,-400.0000305175781,-1.5778650243976214e-05,-21680.0,,,-1.863483042780509e-05,,,,-2.4431108413048826e-05,,,
1.491666666666667,2.138527426868677,-2.852850817143917,3.908460787497461,-2.0124081149697304,-3.2932639494538307,-2.3583909496665,7.515873312950134,-10.340927764773369,-29.297197936102748,-13.011996876448393,201.06171509250998,-71.7752148443833,-994.0757028758526,-53.2430977653712,154.01246072724462,-77.16181369498372,2.3379146587103605,-1.6789353196509182,0.6610586424358189,-4.48787905042991,8.007784690707922,-5.680534150451422,9.027312966063619,-8.443254148587584,-2.515815728511457e-05,1440.0,8800.0,-22480.0,-1.1127074213545022e-05,160.0,,-240.0,-7.1458716212101175e-06,-21680.0,,-160.0,-3.330921927625387e-05,-22400.0,160.0,-160.0,-2.566459649282031e-05,-21680.0,-80.0,-480.0,-1.574598308402451e-05,-21760.0,,,-1.829509539753491e-05,,,,-2.449540704264723e-05,,,
1.4958333333333336,1.34648023173213,-3.2094571692869067,3.9479401893913746,-2.328079976141453,-7.292227316647768,-1.96532579138875,7.672454006969929,-12.551202401518822,-31.519743986427784,-13.092816732823849,206.77872821688652,-72.54178543575108,-1007.3648504912853,-53.005051128566265,156.07018116861582,-78.10858441516757,2.026192704215646,-1.6008453047834337,0.6999444449320436,-4.48787905042991,7.567796520888805,-5.942712649703026,9.027312966063619,-8.35621029138565,-2.5621545726937792e-05,4293.33349609375,12933.3330078125,-21093.333984375,-1.2700934378028438e-05,-1600.0,,-240.0,-6.242423995469863e-06,-21680.0,,-160.0,1.057012746049561e-05,-22373.333984375,133.3333282470703,-160.0,-2.6110774927973115e-05,-21680.0,-80.0,-480.0,-1.572627445065142e-05,-21760.0,,,-1.8103744461128377e-05,,,,-2.434283631854513e-05,,,
1.5000000000000002,0.15840943902730942,-3.803801089525223,3.9874195912852883,-2.249162010848522,-11.055957544595003,-1.65087366476655,8.298776783049107,-14.524661898612976,-34.1463893186301,-12.850357163697481,212.89834789931774,-72.90489782113582,-1019.5465691387653,-53.56049328111112,158.2070447038859,-79.21315025538206,2.026192704215646,-1.6008453047834337,0.6221728399395943,-4.604954156093299,7.655794154852629,-5.76792698353529,8.676737705245614,-8.617341862991452,-2.8045230794671114e-05,10000.0,21200.0,-18320.0,-2.2600608768622542e-05,-5120.0,,-240.0,-7.955480555475866e-06,-21680.0,,-160.0,-4.882944571564572e-06,-22320.0,80.0,-160.0,-2.5751594478440505e-05,-21680.0,-80.0,-480.0,-1.6155885655621443e-05,-21760.0,,,-1.82846984401637e-05,,,,-2.4395973143972495e-05,,,
1.5041666666666669,-1.0296613536775112,-4.398145009763539,4.145337198860943,-2.4464569240808487,-15.211743004620075,-0.9433563798666,8.611938171088696,-16.971751675009727,-36.166885728016496,-12.68871745094657,218.2127544656396,-73.22766438592225,-1030.1462464034557,-54.353982070460916,159.94819276966155,-80.15992097556591,2.065157948527485,-1.4446652750484645,0.6999444449320436,-4.48787905042991,7.303803618997335,-6.030105482786894,9.202600596472621,-8.704385720193386,-2.5783254558316626e-05,26400.0,33680.0,-13040.0,-1.2604766813879148e-05,-18960.001953125,-80.0,-240.0,-8.246081331414533e-06,-21760.0,80.0,-160.0,-1.1650787324100215e-05,-22400.0,160.0,-160.0,-2.560143655035282e-05,-21600.0,-80.0,-480.0,-1.5580235441925894e-05,-21760.0,,,-1.8301786376521923e-05,,,,-2.4343820510437176e-05,,,
1.5083333333333335,-2.138527426868677,-5.150980642065406,4.540131217800081,-2.4464569240808487,-19.524350557476282,-0.55029122158885,9.081680253148079,-19.57671821117401,-38.6318913474679,-12.446257881820202,223.40637906454504,-73.38904766831547,-1039.7175967693329,-54.11593543365598,161.84762702323496,-80.55440877564251,2.259984170086682,-1.7570253345184028,0.544401234947145,-4.409828979987651,7.303803618997335,-5.76792698353529,8.676737705245614,-8.617341862991452,-2.4907318052349442e-05,26400.0,33680.0,-13040.0,-1.1752521485220314e-05,-18960.001953125,-80.0,-240.0,-6.158828719802015e-06,-21760.0,80.0,-160.0,1.889734454152219e-05,-22400.0,160.0,-160.0,-2.5989095622250052e-05,-21600.0,-80.0,-480.0,-1.5693605383351088e-05,-21760.0,,,-1.8153963043154907e-05,,,,-2.4341661391790283e-05,,,
1.5125000000000002,-3.5246100183576345,-5.745324562303722,4.855966432951391,-2.485915906727314,-23.915369156748056,0.3144521266222,9.62971268221736,-21.944869607686996,-40.3695182595402,-12.365438025444746,228.11687579378486,-73.38904766831547,-1048.5770285129547,-54.90942422300577,163.35134580731392,-81.10669169574976,2.182053681463003,-1.522755289915949,0.5055154324509203,-4.3708039447665215,7.567796520888805,-5.76792698353529,8.939669150859118,-8.617341862991452,-2.6937686852154894e-05,40880.0,24080.0,-6560.0,-1.8761249494868727e-05,2160.000244140625,,-240.0,3.7354969884020287e-07,-21760.0,,-160.0,-1.6227872807539302e-05,-22240.001953125,80.0,-160.0,-2.5812333995499067e-05,-21680.0,-80.0,-480.0,-1.5732665975903837e-05,-21760.0,,,-1.8252244903258332e-05,,,,-2.4475492415622314e-05,,,
1.5166666666666668,-4.79188553057611,-6.181176770478487,5.171801648102701,-2.5648338720202446,-28.384798802435398,0.4716781899333,10.099454764276743,-24.234082624316216,-41.90509553067386,-12.244208240881562,232.18320203013718,-73.6311225919053,-1055.9335209429264,-55.54421525448561,164.38020602799952,-81.10669169574976,2.1041231928393245,-1.7570253345184028,0.544401234947145,-4.48787905042991,7.831789422780275,-5.680534150451422,8.764381520450115,-8.35621029138565,-2.7055883339283235e-05,40880.0,3920.000244140625,-14800.0,-2.4565605101552028e-05,21440.0,,-240.0,-4.935563995148981e-09,-21760.0,80.0,-160.0,-3.500645390255348e-06,-22400.0,80.0,-160.0,-2.5915973597898535e-05,-21680.0,-80.0,-480.0,-1.6141925771013133e-05,-21760.0,,,-1.8414962722061376e-05,,,,-2.447110551377792e-05,,,
1.5208333333333335,-6.13836576230824,-6.65665190666914,5.724513274617493,-2.5648338720202446,-32.93263949453831,0.6289042532444,10.72577754035592,-26.365418881177902,-42.996163591742516,-12.244208240881562,236.0079643316567,-73.42939348891377,-1062.2616864740849,-56.25835516490042,165.488209342584,-81.02779413573444,1.948262215591967,-1.7179803270846605,0.5832870374433696,-4.448854015208781,7.303803618997335,-5.593141317367554,8.764381520450115,-8.182122576981783,-2.6064685755726198e-05,40880.0,3920.000244140625,-14800.0,-2.76297702091722e-05,21440.0,,-240.0,-2.900158397981759e-06,-21760.0,80.0,-160.0,9.715571378973958e-07,-22400.0,80.0,-160.0,-2.58481234851548e-05,-21680.0,-80.0,-480.0,-1.6117435414629653e-05,-21760.0,,,-1.8561761809215158e-05,,,,-2.4722623762654617e-05,,,
1.5250000000000001,-7.564050713554025,-7.686848035082221,5.803472078405321,-2.5648338720202446,-37.480480186641216,1.49364760145545,11.117229275405407,-29.28613893687725,-44.168051509186625,-12.122978456318378,239.5911626983434,-73.38904766831547,-1066.8496064841747,-56.81379731744528,166.83364193886518,-80.79110145568848,2.065157948527485,-1.639890312217176,0.7777160499244928,-4.48787905042991,7.303803618997335,-5.76792698353529,8.676737705245614,-8.182122576981783,-2.2460611286676197e-05,40880.0,-17120.0,-5360.0,-1.1609844178451633e-05,14640.0,,-240.0,-3.839616527400016e-06,-21760.0,80.0,-240.0,7.849703768938727e-06,-22320.0,80.0,-160.0,-2.6023513728242256e-05,-21680.0,-80.0,-560.0,-1.5970088918419636e-05,-21760.0,,,-1.8466905547247616e-05,,,,-2.4337253509110982e-05,,,
1.5291666666666668,-9.346156902611256,-8.04345438722521,6.593060116283596,-2.5253748893737793,-42.49878715723753,2.12255185469985,11.430390663444996,-31.81216709315777,-45.50157913938165,-11.88051888719201,243.1743610650301,-72.82420617993921,-1070.2509954571724,-57.52793722786009,167.6250728778541,-80.79110145568848,2.1041231928393245,-1.5618002973496914,0.6610586424358189,-4.448854015208781,7.215805985033512,-5.942712649703026,8.764381520450115,-8.269166434183717,-2.3121583880222245e-05,40880.0,-17120.0,-5360.0,-2.986314956754713e-05,14640.0,,-240.0,-1.2514446226948982e-05,-21760.0,80.0,-240.0,-4.1302825823454764e-05,-22320.0,80.0,-160.0,-2.5654125148852607e-05,-21680.0,-80.0,-560.0,-1.5763736685053906e-05,-21760.0,,,-1.8051219894610598e-05,,,,-2.426830667090615e-05,,,
1.5333333333333334,-11.207467811182141,-8.360437811352313,7.422127556055784,-2.5648338720202446,-47.59550517424941,2.90868217125535,12.056713439524174,-34.49607200920582,-46.99674648232758,-12.042158599942923,245.71078238077462,-72.7031687181443,-1071.5957306325436,-57.84533274360001,168.17907453514636,-80.15992097556591,1.8703317269682884,-1.6789353196509182,0.6610586424358189,-4.409828979987651,7.215805985033512,-5.76792698353529,8.676737705245614,-8.617341862991452,-2.5712459499291265e-05,35920.0,-25280.0,1280.0,-2.446937554857233e-06,11040.0,80.0,-240.0,-1.6699258762159714e-05,-21760.0,,-160.0,-1.6443809229342137e-06,-22400.0,80.0,-160.0,-2.5519172604027314e-05,-21680.0,-80.0,-480.0,-1.603931995157004e-05,-21680.0,,,-1.8086664154164664e-05,,,,-2.4418634353021726e-05,,,
1.5375,-13.227188158780336,-9.351011011749506,8.251194995827973,-2.6832108199596405,-52.45699005201459,3.53758642449975,12.683036215603352,-37.41679206490517,-49.09806274808943,-11.840108959004283,249.01215615682304,-71.734869023785,-1070.6465058028698,-58.08337938040495,168.57479000464082,-80.00212585553527,2.2210189257748425,-1.4837102824822068,0.544401234947145,-4.175678768660873,7.391801252961159,-5.76792698353529,8.764381520450115,-8.443254148587584,-2.7378850867764695e-05,31600.001953125,-18160.0,-9600.0,-5.2035632002106545e-06,-4640.0,,-240.0,-1.4306170427442404e-05,-21760.0,80.0,-240.0,9.307428336486354e-06,-22400.0,80.0,-160.0,-2.587491028928639e-05,-21680.0,-80.0,-480.0,-1.6142200429215565e-05,-21680.0,,,-1.8299510909608723e-05,,,,-2.4340085921823558e-05,,,
1.5416666666666667,-15.444920305162668,-9.98497786000371,9.59349466022104,-2.328079976141453,-57.710530161857605,4.00926461443305,12.917907256633043,-40.25857374072075,-52.00757757760584,-11.759289102628827,252.9174397699535,-70.76656932942569,-1068.4316478669643,-57.448588348925114,168.25821762904525,-79.7654331754893,2.065157948527485,-1.6008453047834337,0.6610586424358189,-4.331778909545392,7.127808351069689,-5.680534150451422,8.676737705245614,-8.095078719779849,-2.452308839328535e-05,31600.001953125,-18160.0,-9600.0,-2.9554409906156214e-06,-4640.0,,-240.0,-1.0558145496414534e-05,-21760.0,80.0,-240.0,-1.38428649552845e-05,-22400.0,80.0,-160.0,-2.563795273983582e-05,-21680.0,-80.0,-480.0,-1.5777823408345978e-05,-21680.0,,,-1.859444041325863e-05,,,,-2.4322360931023582e-05,,,
1.5458333333333334,-8.593712067231536,-3.764178161509335,17.29197802953422,3.7486033514142036,-65.08116852492094,-4.48094280436635,0.7046131230890751,-48.23135010898113,-55.15955197624862,-11.233960036188364,256.742202071473,-69.27377396728843,-1062.5780947506428,-56.65509955957532,167.94164525344968,-79.68653561547399,2.065157948527485,-1.6008453047834337,0.6221728399395943,-4.331778909545392,7.567796520888805,-5.680534150451422,8.676737705245614,-8.008034862577915,-2.3481944978555585e-05,29280.0,-10800.0,-22480.0,-9.026787735083087e-06,-13600.0,,-240.0,-1.2828347650564417e-06,-21760.0,80.0,-160.0,-1.515107723225502e-05,-22400.0,160.0,-160.0,-2.598583214874755e-05,-21680.0,,-480.0,-1.5847246130033495e-05,-21760.0,,,-1.8218551589744766e-05,,,,-2.4302591262494394e-05,,,
1.55,-14.019235353916883,-8.04345438722521,18.792195301502943,3.906439282000065,-72.29498479515314,-8.9618856087327,-4.697420820593834,-54.23066698014736,-59.24095472320914,-10.466171400621533,260.6877463404089,-67.65994114335626,-1053.9559692144394,-55.702913012355566,166.99192812666297,-78.81866245530546,2.2210189257748425,-1.522755289915949,0.5055154324509203,-4.292753874324262,6.599822547286749,-5.593141317367554,8.32616244442761,-8.182122576981783,-3.112194244156625e-05,25813.333984375,-9840.0,-24133.333984375,-1.1701607674618878e-05,-13013.333984375,,-240.0,4.1686472787513e-06,-21706.666015625,80.0,-213.3333282470703,2.9521573945850933e-05,-22400.0,106.66666412353516,-160.0,-2.58100470844941e-05,-21626.666015625,,-426.66668701171875,-1.565065952164311e-05,-21760.0,,,-1.842463297960532e-05,,,,-2.4402854857822308e-05,,,
1.554166666666667,-23.20698281750083,-16.12653170246631,18.55531889013946,1.8151132017374039,-82.41000978276134,-18.47406243905425,-16.519263219088316,-63.9400877058506,-62.35251919366419,-8.890184201300144,264.8345938883722,-64.83573370147496,-1042.2488629817963,-54.512679828330874,164.5384922157973,-78.42417465522885,1.948262215591967,-1.639890312217176,0.5832870374433696,-4.52690408565104,6.599822547286749,-5.76792698353529,8.764381520450115,-8.35621029138565,-2.6512184076129576e-05,24080.0,-9360.0,-24960.0,-3.194936934987759e-05,-12720.0009765625,,-240.0,2.480348342355276e-06,-21680.0,80.0,-240.0,2.169113535172929e-05,-22400.0,80.0,-160.0,-2.5735528880946887e-05,-21600.0,,-400.0000305175781,-1.5744366606062284e-05,-21760.0,,,-1.803569789147596e-05,,,,-2.4954294141708378e-05,,,
1.5583333333333336,-31.681887805461884,-25.160559290088713,19.779180348850787,1.3810643926262856,-96.05353185907006,-35.29725121334195,-35.230656154453754,-76.96492038667202,-65.9894127305597,-7.435426786541939,268.7801381573081,-61.85014297720045,-1026.8239594995975,-53.2430977653712,162.6390579622239,-78.81866245530546,2.2210189257748425,-1.4837102824822068,0.4666296299546957,-4.331778909545392,7.0398107171058655,-5.593141317367554,8.150874814018607,-8.443254148587584,-2.2581678333489673e-05,21040.0,-8960.0,-22800.0,-1.9059614133397655e-05,-18560.0,-80.0,-240.0,-9.969468687636213e-07,-21760.0,80.0,-160.0,9.517417120746222e-05,-22400.0,80.0,-160.0,-2.566882508472858e-05,-21600.0,-80.0,-400.0000305175781,-1.5917119939671534e-05,-21760.0,,,-1.8227924300902743e-05,,,,-2.432771485862237e-05,,,
1.5625000000000002,-43.52299337275326,-36.37384791858494,15.633843149989843,-6.076683327555656,-109.54023184254766,-53.84992668405175,-53.55059735476971,-89.51612278819084,-67.72703964263201,-5.980669371783733,270.39056438952684,-59.066281355917454,-1008.2349732518196,-52.68765561282635,159.4733342062682,-77.39850637502968,1.9092969712801278,-1.6008453047834337,0.3499722224660218,-4.448854015208781,7.127808351069689,-5.156177151948214,8.32616244442761,-8.269166434183717,-2.7664085318338492e-05,21040.0,-8960.0,-22800.0,-1.0239481900112149e-05,-18560.0,-80.0,-240.0,3.484586468481928e-06,-21760.0,80.0,-160.0,-0.00015392475852251016,-22400.0,80.0,-160.0,-2.5814182216319596e-05,-21600.0,-80.0,-400.0000305175781,-1.5724098165866875e-05,-21760.0,,,-1.8332185698954938e-05,,,,-2.4332025466521643e-05,,,
1.5666666666666669,-49.621756775304675,-42.634270545095205,13.975708270445466,-11.00905615836382,-122.55646554753184,-72.4812151864171,-71.24421577900648,-100.96218787133694,-68.97974741645157,-4.081402746960521,271.7594266869128,-55.394811681471765,-986.6401083767414,-51.81481794454157,155.75360879302025,-75.97835029475391,1.9092969712801278,-1.4837102824822068,0.6610586424358189,-4.3708039447665215,7.0398107171058655,-5.0687843188643456,8.41380625963211,-8.008034862577915,-1.9572706173117847e-05,16960.0,-14560.0,-26400.0,-1.3140660252772729e-05,-14320.0009765625,,-240.0,-1.6352732140262392e-06,-21760.0,80.0,-160.0,5.7957801672518273e-05,-22400.0,,-160.0,-2.5710269863066324e-05,-21680.0,,-480.0,-1.626996989910782e-05,-21760.0,,,-1.82794322506018e-05,,,,-2.4301711974776888e-05,,,
1.5708333333333335,-49.186130817979574,-41.48520563263446,8.685468416661024,-23.00458688288927,-137.76820855215192,-101.01774567738175,-95.74909439310431,-112.4871913343668,-68.85851763188839,-1.656807055696845,272.44385783560574,-50.91642559505999,-960.6155276298523,-51.497422428801656,151.63816791027784,-74.32150153443217,2.143088437151164,-1.639890312217176,0.4666296299546957,-4.292753874324262,6.7758178152143955,-5.33096281811595,8.852025335654616,-8.095078719779849,-2.3231912554260098e-05,14080.0009765625,-15840.0009765625,-32240.001953125,-1.3445550884632349e-05,-3680.0,,-240.0,-4.410484302829441e-06,-21680.0,80.0,-240.0,6.254859145584952e-05,-22400.0,80.0,-160.0,-2.5623893673098856e-05,-21680.0,,-480.0,-1.570582481233635e-05,-21760.0,,,-1.8295766784251965e-05,,,,-2.4516273436637516e-05,,,
1.5750000000000002,-38.097470086067915,-29.95493358001113,7.185251144692302,-31.014760360121727,-145.13884691521525,-122.40049028769135,-115.55655218660831,-118.96013848483562,-67.36335028894246,1.6163971275091171,272.4841184914112,-45.469739814288914,-929.6866185963154,-51.576771307736635,145.46500658616424,-71.71788205392659,1.8703317269682884,-1.4837102824822068,0.544401234947145,-4.448854015208781,6.951813083142042,-5.33096281811595,8.41380625963211,-8.182122576981783,-3.2432281412256986e-05,14080.0009765625,-15840.0009765625,-32240.001953125,-1.2418601958392138e-05,-3680.0,,-240.0,-7.444191437046288e-06,-21680.0,80.0,-240.0,-7.905393961974393e-05,-22400.0,80.0,-160.0,-2.5375820095844322e-05,-21680.0,,-480.0,-1.564392181261471e-05,-21760.0,,,-1.824367518587274e-05,,,,-2.4339878020823106e-05,,,
1.5791666666666668,-21.147660110145807,-13.709533093497157,6.119307293556631,-39.103851802647114,-153.4504178352654,-150.54395562037826,-142.17527016997337,-125.66990077495575,-64.93875459767878,4.2026325315237045,270.9542135708034,-39.45821254514158,-895.0399123132229,-51.25937579199672,139.29184526205063,-69.27205769345164,1.8703317269682884,-1.7179803270846605,0.5832870374433696,-4.175678768660873,7.0398107171058655,-5.505748484283686,8.238518629223108,-7.746903290972114,-3.0993913572260586e-05,11520.0,-14400.0009765625,-40960.0,-3.9277551074997535e-06,28560.001953125,,-240.0,1.5842646320398502e-06,-21760.0,80.0,-240.0,-1.657891269312762e-05,-22400.0,160.0,-160.0,-2.5666868145036255e-05,-21680.0,-80.0,-480.0,-1.5576288183940254e-05,-21760.0,,,-1.8164840652380373e-05,,,,-2.432731431541049e-05,,,
1.5833333333333335,0.7128424756228924,6.617028978653252,5.842951480299234,-45.654042921960354,-158.86078003793955,-180.3382946178317,-171.14269856363535,-131.03771060705185,-60.534072425216436,7.233377145603299,267.69310045056045,-33.0432270700112,-856.8336129188538,-51.497422428801656,132.406396092847,-65.87946261279285,1.9872274599038064,-1.522755289915949,0.31108641996979713,-4.2537288391031325,6.951813083142042,-5.243569985032082,8.32616244442761,-8.095078719779849,-2.6640321664307036e-05,11520.0,-14400.0009765625,-40960.0,-3.0386665267519326e-05,28560.001953125,,-240.0,-5.596318707641894e-06,-21760.0,80.0,-240.0,4.425444782527998e-05,-22400.0,160.0,-160.0,-2.5623769695438036e-05,-21680.0,-80.0,-480.0,-1.58337573605363e-05,-21760.0,,,-1.827721400414744e-05,,,,-2.4351341186077367e-05,,,
1.5875000000000001,21.226864829659462,25.477542714215815,6.672018920071423,-49.87615406513214,-160.27217887341976,-204.2366562411189,-196.66535168886185,-133.32692362368107,-54.95750233530998,9.94084233418107,262.9020824097097,-25.942362644709647,-815.3050266206264,-52.05286458134651,124.33380051515996,-62.17127729207277,1.9872274599038064,-1.639890312217176,0.3499722224660218,-4.331778909545392,6.863815449178219,-5.418355651199818,8.32616244442761,-7.8339471481740475,-3.69122466109071e-05,7440.0,960.0,-40960.0,-1.6352865177829195e-05,39600.0,,-240.0,-9.483753180401528e-06,-21760.0,,-160.0,-3.3155345833038845e-05,-22320.0,80.0,-160.0,-2.5677591259022853e-05,-21680.0,-80.0,-480.0,-1.6279460865880734e-05,-21760.0,,,-1.8335369063815065e-05,,,,-2.4497247634073247e-05,,,
1.5916666666666668,39.04792672023177,41.32671392057091,8.251194995827973,-51.9674801453948,-160.8994672447443,-227.89917876943946,-222.97090828418732,-135.53719826042652,-48.04740461520851,12.931177020072937,256.05777092278004,-18.559077475219965,-769.1094182431698,-52.29091121815145,115.54891709238291,-57.91080905124545,1.9872274599038064,-1.639890312217176,0.544401234947145,-4.2537288391031325,6.863815449178219,-5.33096281811595,8.238518629223108,-7.572815576568246,-2.3180459917671254e-05,3840.0,17360.0,-40960.0,-2.44958819724556e-05,24720.0,,-240.0,-5.905943498005491e-07,-21760.0,,-240.0,-2.0732946343528366e-05,-22400.0,80.0,-80.0,-2.5748413020929006e-05,-21680.0,,-480.0,-1.592872997077015e-05,-21760.0,,,-1.8308601333169756e-05,,,,-2.434102624469716e-05,,,
1.5958333333333334,48.98811901919544,50.12300394009799,9.119741837494075,-54.17718317359686,-161.44834456965327,-251.95476645603776,-250.84227181971073,-138.53685669600964,-40.3695182595402,15.274952854961157,247.56277254782617,-10.812679920345545,-719.9870333075523,-52.29091121815145,106.36831820011139,-53.57144325040281,2.143088437151164,-1.5618002973496914,0.4666296299546957,-4.097628698218614,6.687820181250572,-5.418355651199818,8.676737705245614,-8.182122576981783,-3.2507133401814096e-05,3840.0,17360.0,-40960.0,-2.0701940484231648e-05,24720.0,,-240.0,-1.735775752453525e-05,-21760.0,,-240.0,-3.616276541162748e-05,-22400.0,80.0,-80.0,-2.5963762217772997e-05,-21680.0,,-480.0,-1.6151430089226442e-05,-21760.0,,,-1.828818316610705e-05,,,,-2.4313064513810725e-05,,,
1.6,53.78000454977155,53.17396939732134,9.751412267796695,-55.16365773975849,-161.99722189456224,-274.3594804778695,-277.9307318851352,-141.69439189136028,-32.287532621994615,17.497498905286193,236.33004957810044,-3.429394750855863,-665.1692993938923,-51.418073549866676,97.02943312004209,-48.285306729376316,2.143088437151164,-1.639890312217176,0.6221728399395943,-4.1366537334397435,6.7758178152143955,-5.156177151948214,8.238518629223108,-7.8339471481740475,-1.8703222227559177e-05,-1920.0,16080.0009765625,-28000.001953125,-1.7200887636625644e-05,4800.0,,-240.0,-1.4000895464834242e-05,-21840.0,,-240.0,-2.9168134615688594e-05,-22400.0,80.0,-160.0,-2.513678162904061e-05,-21600.0,-80.0,-480.0,-1.599679370656022e-05,-21760.0,,,-1.8303962661306468e-05,,,,-2.4334020553186527e-05,,,
1.6041666666666667,60.0767797511071,56.06644314248115,11.449026549234986,-52.519905902445316,-162.0756329409778,-293.6982862651348,-303.218513969332,-144.4572351872921,-23.154888851568103,19.235125817358494,222.19855939038098,3.7521613156422973,-605.9218496084213,-50.227840365841985,86.26597234979272,-43.235862888395786,1.9092969712801278,-1.4837102824822068,0.3499722224660218,-4.2537288391031325,6.863815449178219,-5.243569985032082,8.589093890041113,-7.485771719366312,-1.3902719462579672e-05,-5200.0,24720.0,-11120.0009765625,-1.288704964245112e-05,-7600.0,,-240.0,-5.656397805238011e-06,-21760.0,80.0,-160.0,-2.4002656876044625e-05,-22400.0,160.0,-160.0,-2.5040613111217006e-05,-21680.0,,-480.0,-1.558374782442435e-05,-21760.0,,,-1.8184795333726477e-05,,,,-2.4404550490752597e-05,,,
1.6083333333333334,71.48225936107337,60.02873594406992,18.081566067412496,-40.524375177919865,-162.23245503380895,-314.21628752723336,-334.0649106912315,-148.24627742171288,-13.901015296578407,20.44742366299033,204.28256755694747,10.00576350837946,-541.0581529140472,-48.32346727140248,75.26508229784667,-37.71303368732333,2.1041231928393245,-1.4056202676147223,0.42774382745847106,-4.058603662997484,6.863815449178219,-4.8939986526966095,8.238518629223108,-7.920991005375981,-2.8036563802505497e-05,-5200.0,24720.0,-11120.0009765625,-1.9159530591275273e-05,-7600.0,,-240.0,-7.948019961317456e-06,-21760.0,80.0,-160.0,-2.017356295260669e-05,-22400.0,160.0,-160.0,-2.592206376206773e-05,-21680.0,,-480.0,-1.5911982496142024e-05,-21760.0,,,-1.8490655852363433e-05,,,,-2.4336309371540124e-05,,,
1.6125000000000003,84.19461684301496,63.87215996161103,26.214322857558727,-24.70132313668728,-162.23245503380895,-329.2313765734434,-359.587563816458,-151.56168937683105,-5.253290664404631,20.28578395023942,182.4612921103835,14.968299441970885,-472.16025069355965,-45.863652024418116,64.73905080929399,-31.48012644611299,1.9872274599038064,-1.4837102824822068,0.4666296299546957,-4.1366537334397435,6.7758178152143955,-5.0687843188643456,8.41380625963211,-7.398727862164378,-1.9087741803614725e-05,2560.0,31039.998046875,-8320.0,-1.1156844110930797e-05,-12400.0,,-320.0,6.39494131381038e-06,-21760.0,80.0,-240.0,1.0487060520397717e-05,-22400.0,160.0,-160.0,-2.5906948024190853e-05,-21760.0,-80.0,-400.0000305175781,-1.6132333714762937e-05,-21760.0,,,-1.8293317748613617e-05,,,,-2.4412692962045516e-05,,,
1.616666666666667,95.44168701395392,67.31935469899327,31.780918524600565,-11.561481915414333,-163.40862073004246,-339.37245765700936,-379.1601505689323,-154.16665591299534,2.747875116765499,19.194715889170766,156.89577567391098,18.51873165462166,-400.0982657074928,-42.13425471447408,53.65901766344905,-25.089424084872007,2.1041231928393245,-1.4446652750484645,0.3888580249622464,-3.980553592555225,6.951813083142042,-4.719212986528873,8.238518629223108,-7.572815576568246,-2.633049195317522e-05,2560.0,31039.998046875,-8320.0,-1.4875693283670512e-05,-12400.0,,-320.0,-1.4621023141186051e-05,-21760.0,80.0,-240.0,7.200555783211946e-06,-22400.0,160.0,-160.0,-2.60260237990367e-05,-21760.0,-80.0,-400.0000305175781,-1.5991561849273625e-05,-21760.0,,,-1.827247996485275e-05,,,,-2.4430395064661955e-05,,,
1.6208333333333336,103.9561943616718,69.7759762359783,35.373544096946716,-1.3416054099798203,-166.07459630817175,-345.03259593620896,-392.15634817257524,-155.58754675090313,8.284035278484225,17.255039336159825,129.43800841458142,20.616714325733483,-325.2677083015442,-36.97657758370042,42.7372707054019,-19.014311963692307,1.948262215591967,-1.36657526018098,0.3499722224660218,-4.058603662997484,6.951813083142042,-4.719212986528873,8.150874814018607,-7.485771719366312,-2.8572233127935288e-05,-2480.0,37920.00390625,-15519.9990234375,-1.7806766465052002e-05,-13760.0,,-320.0,-1.1747051209355219e-05,-21680.0,,-240.0,7.877608279366322e-06,-22400.0,80.0,-160.0,-2.575321953947156e-05,-21680.0,-80.0,-480.0,-1.5847791631741102e-05,-21760.0,,,-1.811819453433408e-05,,,,-2.4546525893226175e-05,,,
1.6250000000000002,110.76780023984611,73.3420397574082,38.25554043520242,5.761011466383934,-168.50533874705434,-348.01989113911986,-401.0814477317035,-155.98223865032196,11.597649389877915,14.507164219394326,101.49711328558624,20.57636850513518,-254.15494814515114,-31.10476054251194,33.3192425314337,-13.412585202604532,1.9872274599038064,-1.4446652750484645,0.3499722224660218,-4.058603662997484,6.599822547286749,-4.9813914857804775,8.238518629223108,-7.485771719366312,-3.199993125465716e-05,-18800.0,34320.0,-23040.0,-8.814717270530623e-06,-22800.0,-80.0,-240.0,-8.547037222263884e-07,-21680.0,,-160.0,5.7260198448571544e-06,-22400.0,80.0,-160.0,-2.592493813645012e-05,-21600.0,,-400.0000305175781,-1.5610397299454723e-05,-21680.0,,,-1.797375483743313e-05,,,,-2.4181642471295854e-05,,,
1.6291666666666669,116.19332352653146,78.65151211153716,39.9136753147468,7.615583650767803,-171.4849585108459,-352.26499484851956,-409.7716762498021,-156.3769305497408,13.4565060865134,12.122978456318378,75.00560176558793,19.64841463137418,-187.0763935148716,-24.28075695410371,24.296929826959968,-8.520936481654644,1.9872274599038064,-1.4056202676147223,0.3888580249622464,-4.0195786277763546,6.599822547286749,-4.719212986528873,8.32616244442761,-7.746903290972114,-2.8829873965907854e-05,-18800.0,34320.0,-23040.0,-1.532775207464343e-05,-22800.0,-80.0,-240.0,-3.802851095135052e-05,-21680.0,,-160.0,7.814170340836302e-06,-22400.0,80.0,-160.0,-2.5862985545664153e-05,-21600.0,,-400.0000305175781,-1.5975130994517746e-05,-21680.0,,,-1.8305042220629914e-05,,,,-2.4331746993621955e-05,,,
1.6333333333333335,122.68811052665114,86.21949136257172,41.01909856777638,6.55019111931324,-175.87597711011767,-358.71126344427466,-419.1665178909898,-157.71888300776482,12.648307522758842,9.577152980491519,50.28555910103023,17.631123601458967,-123.8738402724266,-17.218706728890538,16.224334249272943,-5.443931641057134,1.9872274599038064,-1.4446652750484645,0.2722006174735725,-4.0195786277763546,6.335829645395279,-4.631820153445005,8.063230998814106,-7.65985943377018,-3.06782340228867e-05,-28480.001953125,23600.0,-24160.0,-7.858170489498406e-06,-24800.0,,-240.0,-7.768856982643822e-06,-21760.0,,-160.0,7.828325251841824e-06,-22400.0,80.0,-160.0,-2.5741718227244737e-05,-21680.0,-80.0,-400.0000305175781,-1.5698592146338986e-05,-21760.0,,,-1.8297767592962734e-05,,,,-2.434048455768681e-05,,,
1.6375000000000002,129.65812584385276,94.3421916058287,41.571810194291174,4.7745369002223015,-180.65905094146729,-369.481248781085,-432.7890382707119,-158.82402032613754,9.536743052303791,7.839526068419218,29.953927919268608,15.371757647953928,-70.4799436032772,-10.315354261547327,8.54745414108038,-2.840312160551548,2.026192704215646,-1.2494402378797531,0.5055154324509203,-3.9025035221129656,6.7758178152143955,-4.369641654193401,8.501450074836612,-7.398727862164378,-2.7950382162098084e-05,-28480.001953125,23600.0,-24160.0,-1.1953454941133904e-05,-24800.0,,-240.0,4.704512107415462e-06,-21760.0,,-160.0,5.038391577397692e-06,-22400.0,80.0,-160.0,-2.592846100936603e-05,-21680.0,-80.0,-400.0000305175781,-1.5850182493246296e-05,-21760.0,,,-1.846466250526109e-05,,,,-2.4345809875056176e-05,,,
1.6416666666666668,132.82631462439895,98.02712391130626,44.76964174769819,6.786945015192032,-186.30464628338814,-381.66626868769526,-448.76026906073093,-161.90261714160442,3.7177133932709694,5.091650951653719,9.78333936072886,10.328530073165894,-24.917151778936386,-3.650048431009054,3.561439225450158,-0.8678731601685286,2.182053681463003,-1.3275302527472377,0.3499722224660218,-4.097628698218614,6.423827279359102,-4.719212986528873,8.150874814018607,-7.311684004962444,-2.5486480648543447e-05,-16800.0,16000.0009765625,-16560.0,-1.4442612611546162e-05,-29440.0,,-240.0,-3.928098430252793e-06,-21680.0,80.0,-160.0,1.6204408366299105e-06,-22320.0,80.0,-160.0,-2.582530968821533e-05,-21680.0,-80.0,-480.0,-1.5636025389294803e-05,-21760.0,,,-1.8388799620931142e-05,,,,-2.449587243571246e-05,,,
1.6458333333333335,136.8261529598385,100.32525373622775,51.1258254526183,12.626874446868896,-181.75680559128523,-395.65938832238317,-468.33285581320524,-161.7447403818369,-1.737626912072301,3.354024039581418,-2.4156393483281136,5.043227574788034,-2.68947035074234,0.5554421525448561,1.2662895023822784,-0.07889756001532078,2.065157948527485,-1.4446652750484645,0.2722006174735725,-4.097628698218614,6.511824913322926,-4.369641654193401,8.150874814018607,-7.572815576568246,-2.939037315577691e-05,-16880.0,10560.0,-6320.0,-2.1417028373051225e-05,-32560.0,,-240.0,-2.0144226500196625e-06,-21680.0,80.0,-240.0,1.8265347434658357e-06,-22480.0,80.0,-160.0,-2.5763370448869758e-05,-21680.0,-80.0,-480.0,-1.5918325384004428e-05,-21760.0,,,-1.839663691644358e-05,,,,-2.441683190856827e-05,,,
1.6500000000000001,146.68714053928852,102.18753135297447,54.007821790874004,20.32137606292963,-163.64385386928916,-410.5172513052821,-488.6883460357785,-155.11391647160053,-2.5458254758268595,3.1519743986427784,-4.026065580546856,4.317002804018557,-0.6328165531158447,1.1902331840246916,0.9497171267867088,0.3944878000766039,1.948262215591967,-1.2494402378797531,0.4666296299546957,-3.8244534516707063,7.0398107171058655,-4.8066058196127415,8.063230998814106,-7.485771719366312,-2.554409402120072e-05,-16880.0,10560.0,-6320.0,-1.4163921320440708e-05,-32560.0,,-240.0,-1.118584057844792e-05,-21680.0,80.0,-240.0,8.107021430528137e-07,-22480.0,80.0,-160.0,-2.593955414898646e-05,-21680.0,-80.0,-480.0,-1.5860485990534736e-05,-21760.0,,,-1.846454997169204e-05,,,,-2.5020713742981114e-05,,,
1.6541666666666668,154.21158889308572,101.71205621678382,55.46855966094881,26.79264921694994,-145.13884691521525,-424.6675970032811,-507.16486793011427,-148.32521580159664,-2.6670552603900433,3.1115644704550505,-4.0663262363523245,4.43804026581347,-0.7910206913948059,0.8728376682847738,0.7122878450900316,0.3944878000766039,2.143088437151164,-1.4446652750484645,0.23331481497734785,-4.097628698218614,6.511824913322926,-4.8066058196127415,7.537368107587099,-7.572815576568246,-2.5067760404239286e-05,-15600.0009765625,11680.0,-8000.00048828125,-1.1060480089872824e-05,-28320.001953125,-80.0,-320.0,-1.2287991015881323e-06,-21760.0,,-160.0,-1.1734861105855112e-06,-22400.0,160.0,-160.0,-2.5943342143361662e-05,-21680.0,-80.0,-480.0,-1.5902907331370015e-05,-21760.0,,,-1.8220170928729936e-05,,,,-2.4253141341964947e-05,,,
1.6583333333333334,157.30057295411825,100.56299130432308,57.00825633481145,30.89638341218233,-129.6134597249329,-437.2456820681691,-523.2926794141531,-142.64165244996548,-2.5862354040145874,2.9903346858918667,-4.307890171185136,4.599423548206687,-0.7119186222553253,1.5869775786995888,0.7122878450900316,0.07889756001532078,1.948262215591967,-1.4446652750484645,0.1944290124811232,-3.9415285573340952,6.511824913322926,-4.719212986528873,8.063230998814106,-7.398727862164378,-2.609704964724605e-05,-21760.0,17360.0,-20080.0,-1.2869473424844129e-05,-29520.0,,-240.0,4.748421180180578e-06,-21760.0,,-160.0,-7.658377866482936e-07,-22400.0,80.0,-160.0,-2.592682450424321e-05,-21680.0,-80.0,-560.0,-1.5651823957980502e-05,-21680.0,,,-1.8301727248714456e-05,,,,-2.4189315734826286e-05,,,
1.6625,159.28069094195962,99.81015567202121,57.32409154996276,31.48826815187931,-116.04834869503975,-449.0376368165016,-536.9934901408851,-137.58959613740444,-2.828694973140955,3.434843895956874,-4.267629515379667,4.478386086411774,-0.7910206913948059,1.825024215504527,0.3165723755955696,0.8678731601685286,2.143088437151164,-1.4446652750484645,0.4666296299546957,-4.058603662997484,6.863815449178219,-4.631820153445005,7.887943368405104,-7.485771719366312,-2.5293233807600684e-05,-21760.0,17360.0,-20080.0,-2.2622190418348327e-05,-29520.0,,-240.0,-6.007143482300462e-06,-21760.0,,-160.0,-2.4559123454076937e-06,-22400.0,80.0,-160.0,-2.5671121532476688e-05,-21680.0,-80.0,-560.0,-1.626380916303939e-05,-21680.0,,,-1.8140527679419297e-05,,,,-2.4255296645914583e-05,,,
1.6666666666666667,160.5479664541781,99.88940152805299,56.297627100721,29.357483088970184,-106.40378998592496,-461.1440436914563,-549.6765263564885,-134.03736904263496,-2.788285044953227,3.0711545422673225,-4.267629515379667,4.639769368804991,-1.2656331062316895,1.5076286997646093,0.395715469494462,0.710078040137887,1.7534359940327704,-1.2884852453134954,0.3888580249622464,-3.980553592555225,6.423827279359102,-4.457034487277269,8.238518629223108,-7.485771719366312,-2.6678598336573678e-05,-10640.0,20880.0,-27200.0,-1.6394105869863744e-05,-31200.001953125,,-240.0,-8.529134728832216e-06,-21680.0,80.0,-160.0,2.3066403807577138e-06,-22400.0,80.0,-160.0,-2.5863059932260644e-05,-21680.0,,-480.0,-1.5787525137142284e-05,-21760.0,,,-1.7936466171755792e-05,,,,-2.4332887588101497e-05,,,
1.6708333333333336,161.53802544809878,99.45354931987822,54.955327436327934,26.989944130182266,-100.44455045834184,-471.59957690164447,-559.932561814785,-132.37966306507587,-2.747875116765499,3.0711545422673225,-4.348150826990604,4.559077727608383,-1.0283268988132477,1.5076286997646093,0.4748585633933544,0.710078040137887,1.7534359940327704,-1.4446652750484645,0.42774382745847106,-4.175678768660873,6.511824913322926,-4.719212986528873,7.975587183609605,-7.65985943377018,-2.7999883581040488e-05,-10640.0,20880.0,-27200.0,-1.5695401152084347e-05,-31200.001953125,,-240.0,-1.3833885157943891e-05,-21680.0,80.0,-160.0,3.856034984389814e-06,-22400.0,80.0,-160.0,-2.568760293197121e-05,-21680.0,,-480.0,-1.5677324255462506e-05,-21760.0,,,-1.816945262136287e-05,,,,-2.4298746047660353e-05,,,
1.6750000000000003,161.65683252736926,98.26486147940159,53.494589566253126,25.411584824323654,-97.07287546247244,-481.03314070031047,-568.6227903328836,-131.8270944058895,-2.788285044953227,3.1923843268305063,-4.267629515379667,4.518731907010078,-1.2656331062316895,1.5076286997646093,0.395715469494462,0.9467707201838493,2.065157948527485,-1.522755289915949,0.3499722224660218,-3.980553592555225,6.687820181250572,-4.544427320361137,7.887943368405104,-7.65985943377018,-2.9459800645835997e-05,-2800.0,20960.0,-27120.0,-1.2014839142028728e-05,-29440.0,-80.0,-320.0,-1.0261740658600873e-06,-21680.0,,-240.0,-7.962813953322646e-07,-22400.0,80.0,-160.0,-2.5018487867132242e-05,-21600.0,-80.0,-400.0000305175781,-1.570035549014557e-05,-21760.0,,,-1.830154223589754e-05,,,,-2.4535039839788378e-05,,,
1.679166666666667,158.6866555456072,95.05540431011468,54.323657006025314,24.93807703256607,-94.72054407000542,-488.10831354930997,-575.6689215637743,-132.61647820472717,-2.6670552603900433,3.31361411139369,-4.388411482796073,4.559077727608383,-0.9492248296737671,1.9043730944395065,0.3165723755955696,1.0256682801991701,2.2210189257748425,-1.522755289915949,0.3499722224660218,-4.097628698218614,6.423827279359102,-4.544427320361137,7.449724292382598,-7.746903290972114,-2.9146852419697404e-05,-14000.0009765625,18000.0,-19360.0,-1.5487610777853108e-05,-26000.0,-80.0,-240.0,3.1352655808445913e-06,-21760.0,80.0,-160.0,-2.74883960983536e-06,-22400.0,,-160.0,-2.5106904920131666e-05,-21600.0,,-480.0,-1.583348270233387e-05,-21680.0,,,-1.8240472747526335e-05,,,,-2.4435806212719582e-05,,,
1.6833333333333336,151.5978331491351,90.73650515638292,56.652941717766225,23.833225518465042,-91.50569116696715,-492.51064332202077,-580.2097616903484,-131.90603278577328,-2.788285044953227,3.273204183205962,-4.388411482796073,4.6801151894032955,-1.4238372445106506,1.6663264576345682,0.3165723755955696,0.8678731601685286,1.9872274599038064,-1.4056202676147223,0.3499722224660218,-4.058603662997484,6.335829645395279,-4.194855988025665,7.887943368405104,-7.572815576568246,-2.725802986892423e-05,-14000.0009765625,18000.0,-19360.0,-1.2691793409728763e-05,-26000.0,-80.0,-240.0,6.910572630600882e-07,-21760.0,80.0,-160.0,-2.3264238775644547e-06,-22400.0,,-160.0,-2.5133199628317232e-05,-21600.0,,-480.0,-1.5898611982259766e-05,-21680.0,,,-1.8294145537918168e-05,,,,-2.4847326215953055e-05,,,
1.6875000000000002,147.0831641368568,86.9327040668577,55.705436072312295,21.268391646444798,-93.0739120952785,-495.49793852493167,-582.1670203655958,-133.09010848402977,-2.788285044953227,3.1115644704550505,-4.307890171185136,4.7204610100016,-1.1074289679527283,1.1902331840246916,0.2374292816966772,0.8678731601685286,1.9092969712801278,-1.522755289915949,0.42774382745847106,-4.058603662997484,6.599822547286749,-4.544427320361137,7.975587183609605,-7.311684004962444,-2.6807260445623838e-05,-20640.001953125,14080.0009765625,-13120.0,-1.0415759060311623e-05,-21520.0,-80.0,-320.0,-4.684308993910561e-06,-21760.0,80.0,-160.0,-2.134023660993944e-06,-22400.0,80.0,-160.0,-2.5336898739741417e-05,-21680.0,,-480.0,-1.560633464687709e-05,-21760.0,,,-1.8259143783245797e-05,,,,-2.4472484526835963e-05,,,
1.6916666666666669,142.0140620879829,82.97041126526892,54.2841776041314,18.23004998266697,-94.56372197717428,-497.54187734797597,-582.4018914066255,-134.27418418228626,-2.828694973140955,3.1519743986427784,-4.227368859574199,4.599423548206687,-1.1074289679527283,1.6663264576345682,0.0791430938988924,0.8678731601685286,2.026192704215646,-1.4056202676147223,0.3499722224660218,-4.0195786277763546,6.423827279359102,-4.282248821109533,7.8002995532006025,-7.2246401477605104,-2.512697404239545e-05,-20640.001953125,14080.0009765625,-13120.0,-1.7707782700653475e-05,-21520.0,,-320.0,-8.945069290465187e-06,-21760.0,,-160.0,-3.1985914626427166e-06,-22400.0,,-160.0,-2.568591683578406e-05,-21680.0,,-480.0,-1.5933875997368487e-05,-21760.0,,,-1.826706309474924e-05,,,,-2.4262124954002812e-05,,,
1.6958333333333335,136.5093340817839,78.29490575939417,52.62604272458702,15.389003232121468,-94.64213302358985,-497.22742522135377,-581.0709555074573,-134.27418418228626,-2.828694973140955,3.1923843268305063,-4.18710820376873,4.559077727608383,-1.4238372445106506,1.5869775786995888,0.5540016572922468,0.710078040137887,1.9872274599038064,-1.4446652750484645,0.5055154324509203,-4.058603662997484,6.071836743503809,-4.194855988025665,7.537368107587099,-7.137596290558577,-2.422375291430477e-05,-24080.0,13360.0,-20160.0,-1.403889938624708e-05,-18000.0,,-240.0,-6.8713884180151815e-06,-21760.0,,-160.0,-1.1029312582779883e-06,-22400.0,,-160.0,-2.5688180858605492e-05,-21680.0,-80.0,-480.0,-1.5971767385212273e-05,-21760.0,,,-1.8206495239067198e-05,,,,-2.451831811436673e-05,,,
1.7000000000000002,131.3214249536395,73.81751489359885,51.24426365830004,13.376595117151737,-94.87736616283655,-495.4193254932761,-577.9393416270614,-133.56373876333237,-2.828694973140955,3.1115644704550505,-4.106586892157793,4.559077727608383,-1.0283268988132477,1.7456753365695477,0.1582861877977848,0.8678731601685286,2.026192704215646,-1.36657526018098,0.31108641996979713,-4.175678768660873,5.895841475576162,-4.457034487277269,7.449724292382598,-7.920991005375981,-2.2656309070605936e-05,-20640.001953125,14560.0,-30400.0,-1.6197973210446822e-05,-16080.0009765625,,-240.0,-4.100870598929744e-06,-21760.0,,-160.0,-5.024287091921523e-07,-22400.0,80.0,-160.0,-2.56864508933999e-05,-21680.0,-80.0,-560.0,-1.585104461482615e-05,-21760.0,,,-1.85232524404159e-05,,,,-2.4549505171783106e-05,,,
1.7041666666666668,126.5295394230634,69.61748452391475,49.9809227976948,11.798235811293125,-94.32848883792758,-491.88173906877637,-572.928759418428,-132.7743549644947,-2.6266453322023153,3.1115644704550505,-4.106586892157793,4.478386086411774,-0.9492248296737671,1.6663264576345682,0.395715469494462,0.7889756001532078,2.065157948527485,-1.4837102824822068,0.4666296299546957,-4.058603662997484,6.159834377467632,-4.194855988025665,7.6250119227916,-7.311684004962444,-2.297159952085971e-05,-20640.001953125,14560.0,-30400.0,-1.9158138226776835e-05,-16080.0009765625,,-240.0,-8.316443422301339e-06,-21760.0,,-160.0,1.2323011128784238e-06,-22400.0,80.0,-160.0,-2.5682187969216326e-05,-21680.0,-80.0,-560.0,-1.5820213277928895e-05,-21760.0,,,-1.8257305099168408e-05,,,,-2.42890548092815e-05,,,
1.7083333333333335,121.8960633315146,65.65519172232598,48.79654074087739,10.535548366606236,-92.8386789560318,-485.27824440971017,-565.4128861054778,-130.95877222716808,-2.5458254758268595,3.0307446140795946,-4.227368859574199,4.397694445215166,-1.34473517537117,1.42827982082963,0.2374292816966772,0.8678731601685286,1.9092969712801278,-1.4446652750484645,0.5055154324509203,-3.980553592555225,6.335829645395279,-4.457034487277269,7.449724292382598,-7.311684004962444,-2.3709112107498645e-05,-18640.0,16880.0,-31840.001953125,-1.8889768552771786e-05,-15280.0,,-240.0,-1.439992328822865e-05,-21680.0,,-160.0,5.509011135497517e-07,-22400.0,80.0,-160.0,-2.5613752300443797e-05,-21680.0,-80.0,-480.0,-1.5367524108234423e-05,-21760.0,,,-1.8307029677900287e-05,,,,-2.4360570846088244e-05,,,
1.7125000000000001,117.14378016069531,62.0495052728802,47.61215868405998,8.917730078101158,-91.58410221338272,-477.88861943408847,-556.4094961993396,-128.51168245077133,-2.5862354040145874,3.1923843268305063,-4.18710820376873,4.43804026581347,-1.34473517537117,1.5076286997646093,0.5540016572922468,0.710078040137887,1.948262215591967,-1.36657526018098,0.5055154324509203,-4.058603662997484,6.159834377467632,-4.369641654193401,7.975587183609605,-6.789420861750841,-2.470040505848708e-05,-14640.0,14880.0,-28160.001953125,-1.625540347763581e-05,-12320.0,-80.0,-240.0,-5.998914226644969e-06,-21760.0,,-160.0,3.916928043012929e-06,-22400.0,,-160.0,-2.567901223375071e-05,-21680.0,-80.0,-480.0,-1.572384448849935e-05,-21680.0,,,-1.8298576308781005e-05,,,,-2.4308925567287972e-05,,,
1.7166666666666668,112.15388283133507,58.047589543275535,46.309338421560824,7.457747720181942,-89.4670039601624,-468.92673382535577,-546.231751088053,-126.14353105425835,-2.5862354040145874,3.0307446140795946,-4.227368859574199,4.357348624616861,-1.0283268988132477,1.42827982082963,0.1582861877977848,0.6311804801225662,1.9872274599038064,-1.522755289915949,0.3888580249622464,-4.1366537334397435,6.511824913322926,-3.845284655690193,7.537368107587099,-6.702377004548907,-2.549476998568072e-05,-14640.0,14880.0,-28160.001953125,-2.0243818231970327e-05,-12320.0,-80.0,-240.0,-5.054014193172458e-06,-21760.0,,-160.0,1.1869251698090881e-06,-22400.0,,-160.0,-2.5567207271874788e-05,-21680.0,-80.0,-480.0,-1.5790368993946627e-05,-21680.0,,,-1.8269752456314715e-05,,,,-2.441423028503968e-05,,,
1.7208333333333334,106.92637134343386,53.76831331755966,45.00651815906167,6.431814171373844,-87.27149466052651,-459.49317002668977,-535.3493928536773,-123.38068775832653,-2.5458254758268595,3.0307446140795946,-4.106586892157793,4.276656983420253,-1.1074289679527283,1.5076286997646093,0.2374292816966772,0.6311804801225662,2.065157948527485,-1.4446652750484645,0.4666296299546957,-4.097628698218614,6.335829645395279,-4.107463154941797,7.8002995532006025,-6.963508576154709,-2.5720788890749727e-05,-9520.0,8560.0,-23520.0,-1.544056220924631e-05,-10400.0,,-240.0,-7.892453173738022e-06,-21680.0,,-160.0,-2.171113008739658e-06,-22400.0,80.0,-160.0,-2.5683456356053944e-05,-21680.0,-80.0,-400.0000305175781,-1.5713334043884774e-05,-21680.0,,,-1.8339975310751678e-05,,,,-2.441889756713239e-05,,,
1.725,102.01567873358727,50.04375808406621,44.216930121183395,6.037224344909191,-84.37028594315052,-448.8804107531905,-524.3104539252818,-120.14421418309212,-2.6266453322023153,2.9903346858918667,-4.0663262363523245,4.2363111628219485,-1.2656331062316895,1.7456753365695477,0.2374292816966772,0.710078040137887,2.026192704215646,-1.4056202676147223,0.5055154324509203,-3.980553592555225,6.247832011431456,-4.020070321857929,7.8002995532006025,-7.2246401477605104,-2.636052315732303e-05,-9520.0,8560.0,-23520.0,-1.5712578733828087e-05,-10400.0,,-240.0,-7.204953175473793e-06,-21680.0,,-160.0,-2.1383850520504376e-06,-22400.0,80.0,-160.0,-2.572352975072816e-05,-21680.0,-80.0,-400.0000305175781,-1.5782587965218714e-05,-21680.0,,,-1.8077501251355767e-05,,,,-2.4433452544512634e-05,,,
1.729166666666667,97.42180500179529,46.00221942644566,43.466821485199034,6.392355188727379,-81.46907722577453,-437.5601341947913,-512.4103211797774,-117.06561736762524,-2.5458254758268595,3.1923843268305063,-3.8650229573249817,4.317002804018557,-1.2656331062316895,1.9043730944395065,0.2374292816966772,0.710078040137887,2.065157948527485,-1.3275302527472377,0.544401234947145,-4.1366537334397435,6.159834377467632,-4.107463154941797,7.975587183609605,-7.050552433356643,-2.5898748332439095e-05,-4560.0,2720.0,-21360.0,-1.4586254083046295e-05,-10000.0,-80.0,-240.0,-8.606934525693896e-06,-21680.0,,-160.0,-2.848986618478387e-06,-22400.0,80.0,-80.0,-2.583085244332829e-05,-21680.0,-80.0,-480.0,-1.5601351698586448e-05,-21760.0,,,-1.8260662032753682e-05,,,,-2.409531205769546e-05,,,
1.7333333333333336,93.3823643065989,42.39653297699988,43.03254806436598,7.14207585901022,-78.95992374047637,-425.53234035149217,-500.2753173932433,-113.90808217227459,-2.4650056194514036,3.1115644704550505,-4.0663262363523245,4.397694445215166,-1.2656331062316895,1.825024215504527,0.3165723755955696,1.0256682801991701,2.1041231928393245,-1.522755289915949,0.544401234947145,-4.058603662997484,5.983839109539986,-4.020070321857929,7.537368107587099,-7.485771719366312,-2.609893410769051e-05,-1360.0,1040.0,-21680.0,-2.0132982203197427e-05,-9680.0,,-240.0,-8.133848169771625e-06,-21680.0,,-240.0,6.422075255392264e-06,-22320.0,80.0,-160.0,-2.5520498211323772e-05,-21600.0,,-480.0,-1.6240085560804366e-05,-21680.0,,,-1.8336446715789883e-05,,,,-2.4349540648972538e-05,,,
1.7375000000000003,89.38252597115934,39.06820702366531,42.7956716530025,8.325845338404179,-75.11778246611357,-412.8756422549486,-487.90544256567955,-110.27691669762135,-2.5054155476391315,2.9903346858918667,-4.026065580546856,4.2363111628219485,-1.34473517537117,1.3489309418946505,-0.0,0.710078040137887,1.9872274599038064,-1.36657526018098,0.5832870374433696,-3.863478486891836,6.159834377467632,-4.544427320361137,7.887943368405104,-7.398727862164378,-2.5931219035482114e-05,-1360.0,1040.0,-21680.0,-2.6303155832638767e-05,-9680.0,,-240.0,-8.212734201676949e-06,-21680.0,,-240.0,6.962297898834241e-06,-22320.0,80.0,-160.0,-2.5652193004692446e-05,-21600.0,,-480.0,-1.58245601254521e-05,-21680.0,,,-1.8343728972851575e-05,,,,-2.4413762984625822e-05,,,
1.741666666666667,85.8579159528017,36.01724156644195,42.321918830275536,8.957189060747623,-71.98134060949087,-400.69062234833837,-474.9092449620366,-106.32999770343304,-2.5862354040145874,2.909514829516411,-4.0663262363523245,4.15561952162534,-1.1074289679527283,1.6663264576345682,0.2374292816966772,0.9467707201838493,1.831366482656449,-1.4837102824822068,0.42774382745847106,-4.2537288391031325,6.159834377467632,-4.369641654193401,7.537368107587099,-7.050552433356643,-2.438877099555318e-05,-800.0000610351562,1520.0,-21680.0,-1.3461639370309503e-05,-9520.0,,-240.0,-6.426951868996895e-06,-21680.0,,-160.0,6.942678434009508e-06,-22400.0,80.0,-240.0,-2.5120218213555085e-05,-21680.0,,-480.0,-1.5745537718119874e-05,-21680.0,,,-1.8280420257191102e-05,,,,-2.4265905318983502e-05,,,
1.7458333333333336,81.9372823368758,33.04552196525037,41.72972780186683,9.785827696323395,-68.68807666003704,-387.7194721251726,-461.99133770540357,-102.38307870924473,-2.6266453322023153,2.909514829516411,-4.0663262363523245,4.357348624616861,-1.34473517537117,1.825024215504527,0.0791430938988924,0.7889756001532078,1.948262215591967,-1.522755289915949,0.5832870374433696,-4.0195786277763546,6.159834377467632,-4.544427320361137,7.887943368405104,-6.876464718952775,-2.3759435593699715e-05,-1066.666748046875,2266.666748046875,-21626.666015625,-4.536144245139134e-06,-9520.0,,-240.0,-5.156352030133318e-06,-21706.666015625,,-186.6666717529297,4.860416876919301e-06,-22400.0,80.0,-213.3333282470703,-2.5728525096784883e-05,-21680.0,,-506.6666564941406,-1.5692235907036186e-05,-21680.0,,,-1.824886698883815e-05,,,,-2.4378320632420384e-05,,,
1.7500000000000002,77.93744400143623,29.91531065199524,41.058577969670296,10.062040574848652,-65.47322375699878,-375.37722615525126,-448.60368836671114,-98.51509809494019,-2.5054155476391315,2.9903346858918667,-4.106586892157793,4.357348624616861,-0.8701227605342865,1.825024215504527,0.1582861877977848,0.710078040137887,2.182053681463003,-1.3275302527472377,0.6221728399395943,-3.980553592555225,6.247832011431456,-4.369641654193401,7.362080477178097,-7.398727862164378,-2.786865036603979e-05,-1600.0001220703125,3760.0,-21520.0,-5.676082119916096e-06,-9520.0,-80.0,-240.0,-6.120407565876802e-06,-21760.0,80.0,-240.0,6.442275031037065e-06,-22400.0,80.0,-160.0,-2.5507709438773053e-05,-21680.0,-80.0,-560.0,-1.5591021498417216e-05,-21680.0,,,-1.8302326156183647e-05,,,,-2.4342544494205046e-05,,,
1.7541666666666669,73.85840094648302,26.666230554692447,40.19003112800419,10.140958540141582,-62.10154876112938,-363.3494323119521,-435.764071457088,-94.96287100017071,-2.5458254758268595,2.9903346858918667,-3.945544268935919,4.2363111628219485,-1.2656331062316895,2.0630708523094654,0.3165723755955696,0.3944878000766039,1.948262215591967,-1.4056202676147223,0.5055154324509203,-4.058603662997484,6.335829645395279,-4.457034487277269,7.537368107587099,-7.137596290558577,-2.7719795157065026e-05,-2480.0,6560.0,-22240.001953125,-1.2969342199006047e-05,-10080.0,-80.0,-240.0,-4.643905151086546e-06,-21760.0,80.0,-160.0,3.8431904218917256e-06,-22400.0,160.0,-160.0,-2.5780828410861814e-05,-21600.0,-80.0,-480.0,-1.594999786164663e-05,-21760.0,,,-1.8533273650107396e-05,,,,-2.444048303155543e-05,,,
1.7583333333333335,69.54174373298883,23.575642169453204,39.12408727686852,10.062040574848652,-59.200340043753386,-351.47886453196406,-423.39419662952423,-91.17382876574993,-2.5054155476391315,3.1115644704550505,-3.9052836131304502,4.2363111628219485,-1.34473517537117,1.7456753365695477,0.0791430938988924,0.7889756001532078,2.026192704215646,-1.6008453047834337,0.544401234947145,-4.1366537334397435,5.983839109539986,-4.544427320361137,7.274436661973596,-6.963508576154709,-2.6659118585035946e-05,-2480.0,6560.0,-22240.001953125,-1.501859661125161e-05,-10080.0,-80.0,-240.0,-2.743692152725553e-06,-21760.0,80.0,-160.0,2.512190812443949e-06,-22400.0,160.0,-160.0,-2.5673549587280128e-05,-21600.0,-80.0,-480.0,-1.584455200009645e-05,-21760.0,,,-1.8313913299098728e-05,,,,-2.456508058067933e-05,,,
1.7625000000000002,65.93792899511755,20.603922568261623,38.4924168465659,10.377712436020374,-56.37754237279296,-340.2372010052204,-410.5545797199011,-87.70054005086422,-2.4245956912636757,2.828694973140955,-3.7845016457140446,4.317002804018557,-1.0283268988132477,1.5869775786995888,0.2374292816966772,0.710078040137887,1.9872274599038064,-1.4056202676147223,0.4666296299546957,-4.0195786277763546,6.511824913322926,-4.020070321857929,7.274436661973596,-7.050552433356643,-2.5689313823690522e-05,-2960.0,8400.0,-23360.0,-1.7696653321409113e-05,-8400.0,-80.0,-240.0,-2.975622408029878e-06,-21760.0,,-160.0,-1.2320337264426365e-06,-22400.0,160.0,-160.0,-2.568523972702112e-05,-21680.0,-160.0,-480.0,-1.5698813398779834e-05,-21760.0,,,-1.796317858929089e-05,,,,-2.4374893126935873e-05,,,
1.7666666666666668,62.37371661700308,18.22654688730836,37.6238700048998,10.180417522788048,-53.476333655416965,-329.2313765734434,-398.7327373214066,-84.14831295609474,-2.222546050325036,2.909514829516411,-3.8650229573249817,4.074927880428731,-1.0283268988132477,1.5869775786995888,0.0791430938988924,0.7889756001532078,1.9092969712801278,-1.4446652750484645,0.42774382745847106,-4.0195786277763546,6.159834377467632,-4.544427320361137,7.274436661973596,-7.050552433356643,-2.597130196689947e-05,-3840.0,7840.00048828125,-22480.0,-1.746566958786143e-05,-7040.00048828125,,-240.0,-3.5072481543683162e-06,-21760.0,80.0,-160.0,-2.116416210553169e-06,-22480.0,80.0,-160.0,-2.6013715678340236e-05,-21600.0,-80.0,-480.0,-1.5802698095478e-05,-21760.0,,,-1.8191490127410746e-05,,,,-2.4492757735402942e-05,,,
1.7708333333333335,58.80950423888862,15.41331899818033,36.7553231632337,10.535548366606236,-50.88876912370324,-318.0683260783553,-387.1457659639418,-81.2275929003954,-2.3841857630759478,2.9499247577041388,-3.945544268935919,4.115273701027036,-1.4238372445106506,1.5076286997646093,0.2374292816966772,0.7889756001532078,2.1041231928393245,-1.522755289915949,0.31108641996979713,-4.0195786277763546,6.071836743503809,-4.282248821109533,7.362080477178097,-6.963508576154709,-2.703344529002348e-05,-3840.0,7840.00048828125,-22480.0,-2.144769472429216e-05,-7040.00048828125,,-240.0,-3.2480065740597035e-06,-21760.0,80.0,-160.0,-1.84402310382665e-06,-22480.0,80.0,-160.0,-2.5355134899973696e-05,-21600.0,-80.0,-480.0,-1.573578639825924e-05,-21760.0,,,-1.8022895767484844e-05,,,,-2.4392476973937377e-05,,,
1.7750000000000001,55.56211073882878,13.075566245242953,36.12365273293108,10.732843279838562,-48.14438249915838,-306.98388861492276,-375.558794606477,-77.83324256539345,-2.4245956912636757,2.9499247577041388,-3.9052836131304502,4.15561952162534,-1.1074289679527283,1.6663264576345682,0.3165723755955696,0.710078040137887,1.948262215591967,-1.4446652750484645,0.6221728399395943,-4.1366537334397435,6.335829645395279,-4.194855988025665,7.6250119227916,-7.050552433356643,-2.9784265442990435e-05,-4160.0,6880.0,-21040.0,-1.5221415481283976e-05,-7280.0,,-240.0,-5.628657326792424e-06,-21760.0,80.0,-80.0,-4.906108366977281e-06,-22400.0,80.0,-160.0,-2.5680795604717888e-05,-21600.0,-80.0,-480.0,-1.586823364066166e-05,-21760.0,,,-1.829285807759427e-05,,,,-2.433522599751942e-05,,,
1.7791666666666668,52.19591015949845,10.658567636273801,35.255105891264975,10.811761245131493,-45.79205110669136,-296.3711293414235,-363.97182324901223,-74.6757073700428,-2.5054155476391315,2.869104901328683,-3.824762301519513,4.195965342223644,-1.4238372445106506,1.6663264576345682,0.2374292816966772,0.9467707201838493,2.1041231928393245,-1.4056202676147223,0.6610586424358189,-4.0195786277763546,5.983839109539986,-4.020070321857929,7.537368107587099,-7.050552433356643,-2.7975183416307928e-05,-4160.0,6880.0,-21040.0,-1.585825725366292e-05,-7280.0,,-240.0,-4.217671383699548e-06,-21760.0,,-80.0,-3.7859661483545623e-06,-22400.0,80.0,-160.0,-2.5571933681774964e-05,-21600.0,-80.0,-480.0,-1.5625081022867357e-05,-21760.0,,,-1.8626659346282753e-05,,,,-2.445519441152317e-05,,,
1.7833333333333334,48.7901072204113,8.281191955320537,34.426038451492786,10.890679210424423,-43.67495285347104,-286.07282219454646,-353.0111746676266,-71.67604893445969,-2.4245956912636757,2.747875116765499,-3.7845016457140446,4.034582059830427,-1.4238372445106506,1.7456753365695477,0.4748585633933544,0.7889756001532078,2.182053681463003,-1.4446652750484645,0.42774382745847106,-4.0195786277763546,5.983839109539986,-4.369641654193401,7.6250119227916,-6.876464718952775,-2.8224109578399176e-05,-4480.0,7120.00048828125,-20640.001953125,-1.5723094900488548e-05,-7600.0,,-160.0,-6.4062928991699035e-06,-21760.0,,-160.0,-1.281380888564751e-06,-22400.0,80.0,-160.0,-2.5453433926214773e-05,-21680.0,-80.0,-480.0,-1.5597344359119026e-05,-21760.0,,,-1.8336366607147507e-05,,,,-2.4668199476903354e-05,,,
1.7875,45.423906641080976,5.903816274367273,33.43905340414494,10.614466331899166,-41.165799368172884,-276.01035414263606,-341.7373646982014,-69.15002077817917,-2.4650056194514036,2.869104901328683,-3.744240989908576,4.074927880428731,-1.34473517537117,1.9043730944395065,0.0791430938988924,0.9467707201838493,1.9092969712801278,-1.4056202676147223,0.4666296299546957,-4.058603662997484,5.983839109539986,-4.020070321857929,7.362080477178097,-6.963508576154709,-2.6790540627550817e-05,-4240.0,7520.0,-21280.0,-2.2482990208128485e-05,-6640.0,-80.0,-240.0,-6.953495484916035e-06,-21840.0,80.0,-160.0,-1.4788665734146583e-06,-22320.0,160.0,-80.0,-2.561243432254185e-05,-21680.0,-80.0,-560.0,-1.59569720819049e-05,-21760.0,,,-1.82987803950842e-05,,,,-2.4340784011421404e-05,,,
1.791666666666667,42.33492258004844,3.5660635214298964,32.37310955300927,10.890679210424423,-39.048701114952564,-266.3409512490034,-331.6379099339247,-66.07142396271229,-2.3841857630759478,2.9903346858918667,-3.8650229573249817,4.15561952162534,-1.2656331062316895,1.5869775786995888,-0.0,0.7889756001532078,1.9092969712801278,-1.4056202676147223,0.5832870374433696,-4.1366537334397435,6.247832011431456,-3.932677488774061,7.449724292382598,-7.050552433356643,-2.6052003794698646e-05,-4240.0,7520.0,-21280.0,-1.3656796420903204e-05,-6640.0,-80.0,-240.0,-7.03437088144036e-06,-21840.0,80.0,-160.0,2.6875939301346436e-06,-22320.0,160.0,-80.0,-2.5376481945818237e-05,-21680.0,-80.0,-560.0,-1.592174144539717e-05,-21760.0,,,-1.8470897627926013e-05,,,,-2.44584597923743e-05,,,
1.7958333333333336,39.36474559828639,1.347179552540183,31.583521515130997,10.772302262485027,-37.16683600097895,-257.0646135136485,-321.38187447562814,-63.78221094608307,-2.4650056194514036,2.909514829516411,-3.7039803341031075,4.034582059830427,-1.2656331062316895,1.5869775786995888,0.2374292816966772,0.710078040137887,1.9872274599038064,-1.4837102824822068,0.5055154324509203,-3.980553592555225,5.807843841612339,-4.194855988025665,7.8002995532006025,-6.702377004548907,-2.768973915738505e-05,-3760.0,7040.00048828125,-21440.0,-9.22357175405647e-06,-5440.0,-80.0,-320.0,-5.468862996598942e-06,-21760.0,,-160.0,-5.558403716358836e-07,-22400.0,80.0,-160.0,-2.583903878363965e-05,-21680.0,-80.0,-480.0,-1.5831268270576765e-05,-21760.0,,,-1.8305307342089206e-05,,,,-2.4406492171655898e-05,,,
1.8000000000000003,36.55297805555165,-0.6735897762700915,30.636015869677067,10.5750073492527,-35.128148794174194,-248.49579306319356,-311.595581099391,-61.414059549570084,-2.4650056194514036,2.909514829516411,-3.7039803341031075,4.034582059830427,-1.2656331062316895,1.6663264576345682,0.3165723755955696,0.710078040137887,2.143088437151164,-1.2494402378797531,0.5832870374433696,-3.980553592555225,5.807843841612339,-3.932677488774061,7.449724292382598,-7.050552433356643,-2.4930681165693776e-05,-3333.333251953125,6826.6669921875,-21280.0,-1.5639450033756372e-05,-5173.33349609375,,-320.0,-6.84921978174913e-06,-21760.0,,-160.0,3.0290332360085847e-07,-22346.666015625,133.3333282470703,-160.0,-2.5765869075572434e-05,-21626.666015625,,-426.66668701171875,-1.57889842588427e-05,-21760.0,,,-1.829198069722539e-05,,,,-2.433941834980376e-05,,,
1.804166666666667,33.86001759208739,-2.6151132490485907,29.767469028010964,10.535548366606236,-33.48151681944728,-240.32003777101636,-303.0619332753122,-58.888031393289566,-2.262955978512764,2.707465188577771,-3.7845016457140446,4.034582059830427,-0.9492248296737671,1.6663264576345682,0.2374292816966772,0.9467707201838493,2.065157948527485,-1.522755289915949,0.3499722224660218,-4.1366537334397435,6.159834377467632,-4.107463154941797,7.1867928467690945,-6.963508576154709,-2.2818666400518288e-05,-3120.0,6720.0,-21200.0,-6.7165531942544915e-06,-5040.0,,-320.0,-8.689002015110719e-06,-21760.0,80.0,-160.0,1.1607129544516836e-06,-22320.0,160.0,-160.0,-2.5767898494512623e-05,-21600.0,,-400.0000305175781,-1.5692538221793724e-05,-21760.0,,,-1.804057307456912e-05,,,,-2.4434507308303917e-05,,,
1.8083333333333336,31.44427364692092,-4.318899153731763,28.701525176875293,10.219876505434513,-31.834884844720364,-232.5373476371169,-294.6848661452532,-56.91457189619541,-2.5054155476391315,2.909514829516411,-3.824762301519513,4.074927880428731,-1.4238372445106506,1.825024215504527,0.5540016572922468,0.5522829201072454,1.9872274599038064,-1.522755289915949,0.6221728399395943,-4.058603662997484,5.807843841612339,-4.194855988025665,7.362080477178097,-6.876464718952775,-2.6128219538524775e-05,-2960.0,5760.0,-20560.001953125,-1.0401663753950726e-05,-4480.0,,-320.0,-6.411404593492935e-06,-21760.0,80.0,-160.0,-1.30010202198802e-07,-22320.0,80.0,-160.0,-2.568585007858208e-05,-21680.0,,-400.0000305175781,-1.5923922498553285e-05,-21760.0,,,-1.8168235732938208e-05,,,,-2.452637094027413e-05,,,
1.8125000000000002,28.988927341997623,-6.141553842462599,27.359225512482226,9.74636871367693,-29.953019730746746,-225.38356175646186,-286.62096040323377,-54.30960536003113,-2.4245956912636757,2.788285044953227,-3.744240989908576,4.115273701027036,-1.34473517537117,1.3489309418946505,0.0791430938988924,0.9467707201838493,2.143088437151164,-1.4446652750484645,0.42774382745847106,-4.097628698218614,5.807843841612339,-4.369641654193401,6.83621758595109,-6.702377004548907,-3.092632285893026e-05,-2960.0,5760.0,-20560.001953125,-3.518583670315649e-05,-4480.0,,-320.0,-5.882330879618757e-06,-21760.0,80.0,-160.0,-6.167258723900604e-06,-22320.0,80.0,-160.0,-2.576203530483016e-05,-21680.0,,-400.0000305175781,-1.610501285301551e-05,-21760.0,,,-1.8380506469096612e-05,,,,-2.4399965224650893e-05,,,
1.8166666666666669,26.691990476101637,-7.726470963098109,26.530158072710037,9.115024991333485,-28.541620895266533,-219.25174528732896,-279.7314098663628,-52.099330723285675,-2.34377583488822,2.747875116765499,-3.9052836131304502,3.9538904186338186,-1.0283268988132477,1.5869775786995888,0.0791430938988924,1.104565840214491,2.065157948527485,-1.4837102824822068,0.4666296299546957,-4.0195786277763546,6.159834377467632,-4.194855988025665,7.099149031564593,-6.702377004548907,-2.9132566378473708e-05,-2880.0,4240.0,-20160.0,-1.198332974269422e-05,-2640.0,-80.0,-240.0,-7.2920241171790085e-06,-21760.0,80.0,-160.0,5.611056790490426e-06,-22400.0,,-160.0,-2.6031543665966123e-05,-21680.0,-80.0,-480.0,-1.5431669196268273e-05,-21760.0,,,-1.8326953841668343e-05,,,,-2.435665124465771e-05,,,
1.8208333333333335,24.909884287044406,-8.598175379447639,25.18785840831697,8.286386355757713,-27.13022205978632,-213.27715488150716,-272.52869794145226,-50.20480960607529,-2.5862354040145874,2.707465188577771,-3.6234590224921703,4.115273701027036,-1.2656331062316895,1.7456753365695477,-0.0,1.0256682801991701,1.9872274599038064,-1.5618002973496914,0.4666296299546957,-4.0195786277763546,5.895841475576162,-3.932677488774061,7.011505216360092,-6.52828929014504,-2.5504394466857594e-05,-2400.0,2480.0,-20000.0,-7.256799202717162e-06,-160.0,,-320.0,-7.844746093017406e-06,-21760.0,,-160.0,2.1691126768660462e-06,-22400.0,80.0,-160.0,-2.5691415721878575e-05,-21680.0,-80.0,-480.0,-1.5613525351204638e-05,-21760.0,,,-1.8320686294076745e-05,,,,-2.434500497393516e-05,,,
1.8250000000000002,23.167380457744002,-9.905732003971934,24.082435155287385,7.6550426334142685,-25.95405636355281,-207.93146872892976,-266.97008330374956,-48.3102884888649,-2.182136122137308,2.788285044953227,-3.6234590224921703,3.9135445980355144,-1.2656331062316895,1.6663264576345682,0.3165723755955696,1.104565840214491,2.026192704215646,-1.4837102824822068,0.5832870374433696,-3.980553592555225,5.983839109539986,-4.020070321857929,7.362080477178097,-7.050552433356643,-2.3751296937104052e-05,-2400.0,2480.0,-20000.0,-7.069582921298968e-06,-160.0,,-320.0,-6.3323049385412755e-06,-21760.0,,-160.0,1.6425396162524612e-06,-22400.0,80.0,-160.0,-2.5684322292331054e-05,-21680.0,-80.0,-480.0,-1.56063422762716e-05,-21760.0,,,-1.8377502395007517e-05,,,,-2.4431520400352473e-05,,,
1.8291666666666668,21.820900226011872,-10.777436420321465,23.09545010793954,7.063157893717289,-24.856301713734865,-203.37191289290786,-261.80292040109634,-46.731520891189575,-2.222546050325036,2.869104901328683,-3.6234590224921703,3.9538904186338186,-1.2656331062316895,1.7456753365695477,0.5540016572922468,0.6311804801225662,2.065157948527485,-1.3275302527472377,0.3499722224660218,-4.097628698218614,5.895841475576162,-3.932677488774061,7.099149031564593,-7.050552433356643,-2.4227279601917937e-05,-2160.000244140625,400.0000305175781,-19760.0,-1.8560165358413525e-05,880.0000610351562,,-240.0,-7.087597352253242e-06,-21760.0,,-160.0,-1.698947186948974e-06,-22320.0,80.0,-160.0,-2.6009515696661387e-05,-21680.0,,-400.0000305175781,-1.570426269381002e-05,-21760.0,,,-1.8302679015679826e-05,,,,-2.428154176303582e-05,,,
1.8333333333333335,20.553624713793397,-11.609517908655107,22.305862070061266,6.510732136666775,-23.52331392467022,-199.44126131013036,-256.9489188864827,-44.83699977397919,-2.262955978512764,2.828694973140955,-3.663719678297639,3.9135445980355144,-1.34473517537117,1.5869775786995888,-0.1582861877977848,0.3944878000766039,1.948262215591967,-1.36657526018098,0.3499722224660218,-4.0195786277763546,5.719846207648516,-4.194855988025665,6.748573770746589,-6.441245432943106,-2.443243783504254e-05,-2080.000244140625,-400.0000305175781,-19626.666015625,-1.9382972668347855e-05,960.0000610351562,,-240.0,-4.245497692833395e-06,-21760.0,,-186.6666717529297,3.4509670647276975e-07,-22346.666015625,80.0,-160.0,-2.5754215175455373e-05,-21680.0,,-426.66668701171875,-1.55323628987118e-05,-21733.333984375,,,-1.8285406066504686e-05,,,,-2.4144618927077807e-05,,,
1.8375000000000001,19.365553921088576,-12.401976468972862,21.358356424607337,5.9583063796162605,-22.34714822843671,-195.51060972735286,-252.87782084196806,-43.416108936071396,-2.4245956912636757,2.707465188577771,-3.663719678297639,3.9538904186338186,-1.5820413827896118,1.7456753365695477,-0.0,0.710078040137887,1.9092969712801278,-1.5618002973496914,0.4666296299546957,-4.097628698218614,6.071836743503809,-3.845284655690193,7.274436661973596,-6.52828929014504,-2.661508553461001e-05,-1920.0,-2000.0001220703125,-19360.0,-1.63843402448884e-05,1120.0,,-240.0,-4.74447535270641e-06,-21760.0,,-240.0,-2.597567313311768e-06,-22400.0,80.0,-160.0,-2.586291115906766e-05,-21680.0,-80.0,-480.0,-1.5777543028097662e-05,-21680.0,,,-1.8396120024965395e-05,,,,-2.4334308562829355e-05,,,
1.8416666666666668,18.177483128383756,-13.392549669370055,20.489809582941234,5.326962657272816,-21.327804625034332,-192.68054058775306,-249.58962626755238,-41.995218098163605,-2.222546050325036,2.788285044953227,-3.9052836131304502,3.9538904186338186,-1.34473517537117,1.7456753365695477,0.2374292816966772,1.104565840214491,2.2210189257748425,-1.4446652750484645,0.3499722224660218,-4.058603662997484,5.455853305757046,-4.107463154941797,7.449724292382598,-7.137596290558577,-2.7865434576252986e-05,-1920.0,-4080.0,-18640.0,-1.4741426430676984e-05,1520.0,-80.0,-240.0,-5.961933597771051e-06,-21760.0,,-240.0,1.9854930589138087e-06,-22400.0,,-160.0,-2.5677276546499234e-05,-21680.0,-80.0,-480.0,-1.5606774290735843e-05,-21680.0,,,-1.8296764327584408e-05,,,,-2.4299592910451183e-05,,,
1.8458333333333334,16.949809975922108,-14.224631157703698,19.463345133699477,4.735077917575836,-20.308461021631956,-190.4007626697421,-246.92775446921587,-40.732204020023346,-2.3841857630759478,2.828694973140955,-3.5831983666867018,3.832852956838906,-0.8701227605342865,1.825024215504527,0.2374292816966772,1.0256682801991701,2.065157948527485,-1.522755289915949,0.42774382745847106,-4.1366537334397435,5.543850939720869,-3.757891822606325,7.099149031564593,-6.876464718952775,-2.7556930472417626e-05,-1920.0,-4080.0,-18640.0,-1.5835427244260112e-05,1520.0,-80.0,-240.0,-3.84007524474505e-06,-21760.0,,-240.0,8.194437006288574e-07,-22400.0,,-160.0,-2.5889827662905953e-05,-21680.0,-80.0,-480.0,-1.576022430255545e-05,-21680.0,,,-1.8341627074663523e-05,,,,-2.4463685927615013e-05,,,
1.8500000000000003,16.03895570151508,-15.135958502069116,18.87115410529077,4.53778300434351,-19.681172650307417,-188.1995977833867,-244.50075371190906,-39.54812832176685,-2.303365906700492,2.747875116765499,-3.5026770550757647,3.9135445980355144,-1.1074289679527283,1.6663264576345682,0.0791430938988924,1.104565840214491,1.948262215591967,-1.4446652750484645,0.5832870374433696,-4.058603662997484,5.895841475576162,-3.757891822606325,7.099149031564593,-6.963508576154709,-2.7638812949017533e-05,-2480.0,-6080.0,-18400.0,-1.5010168037664492e-05,2400.0,,-240.0,-4.5096468811618435e-06,-21680.0,80.0,-160.0,-1.8043493806463867e-08,-22320.0,80.0,-80.0,-2.5796300822932125e-05,-21600.0,-80.0,-480.0,-1.5525848349472876e-05,-21760.0,,,-1.8291427566123272e-05,,,,-2.4477100310515715e-05,,,
1.854166666666667,14.96969198808074,-16.047285846434534,18.357921880669892,4.222111143171787,-18.897062186151743,-187.33485443517566,-243.6395598948002,-39.074498042464256,-2.262955978512764,2.747875116765499,-3.663719678297639,3.9135445980355144,-1.2656331062316895,1.9043730944395065,0.3165723755955696,0.5522829201072454,1.8703317269682884,-1.4837102824822068,0.6610586424358189,-4.097628698218614,5.807843841612339,-3.670498989522457,7.099149031564593,-6.702377004548907,-2.40549563754243e-05,-3520.000244140625,-8080.0,-18960.001953125,-1.5919080694061115e-05,3600.000244140625,,-240.0,-2.655266278238724e-06,-21760.0,80.0,-240.0,2.1024589485492233e-06,-22320.0,80.0,-160.0,-2.579987710160962e-05,-21680.0,,-480.0,-1.5723130186438166e-05,-21760.0,,,-1.823335642979528e-05,,,,-2.410922235123944e-05,,,
1.8583333333333336,14.019235353916883,-16.95861319079995,18.002607263624668,4.261570125818253,-18.34818486124277,-186.6273371502757,-243.0915274657309,-38.048299103975296,-2.34377583488822,2.788285044953227,-3.7845016457140446,3.7521613156422973,-0.9492248296737671,1.9043730944395065,0.0791430938988924,0.8678731601685286,1.9872274599038064,-1.4056202676147223,0.4666296299546957,-4.058603662997484,5.543850939720869,-4.107463154941797,7.011505216360092,-6.52828929014504,-2.305943864722485e-05,-3520.000244140625,-8080.0,-18960.001953125,-1.4544870339864647e-05,3600.000244140625,,-240.0,-2.7969753671601178e-06,-21760.0,80.0,-240.0,2.2337870541441654e-06,-22320.0,80.0,-160.0,-2.5561784679725393e-05,-21680.0,,-480.0,-1.5996648748064493e-05,-21760.0,,,-1.8439712477858264e-05,,,,-2.4480489669027666e-05,,,
1.8625000000000003,12.989574000239372,-18.22654688730836,17.568333842791617,4.301029108464718,-18.0345406755805,-186.39149805530906,-243.4829792007804,-37.258915305137634,-2.3841857630759478,2.707465188577771,-3.7039803341031075,3.87319877743721,-1.2656331062316895,1.5076286997646093,0.1582861877977848,0.6311804801225662,2.026192704215646,-1.4837102824822068,0.3499722224660218,-3.980553592555225,5.455853305757046,-4.020070321857929,7.011505216360092,-6.52828929014504,-2.8087358403817682e-05,-4880.0,-8400.0,-19360.0,-1.642496295596748e-05,4160.0,,-240.0,5.856516942496736e-07,-21680.0,80.0,-160.0,-6.948119384389448e-07,-22400.0,80.0,-160.0,-2.5732704097628824e-05,-21680.0,-80.0,-480.0,-1.559895797605831e-05,-21680.0,,,-1.8285749389257725e-05,,,,-2.447778314132454e-05,,,
1.866666666666667,12.157924445345998,-19.45485765580088,17.449895637109876,4.892913848161697,-17.17201916500926,-186.7845632135868,-244.26588267087936,-36.78528502583504,-2.4245956912636757,2.747875116765499,-3.663719678297639,3.7925071362406015,-1.5820413827896118,2.2217686101794243,0.1582861877977848,0.3944878000766039,1.9092969712801278,-1.2494402378797531,0.6221728399395943,-4.058603662997484,5.807843841612339,-3.845284655690193,7.1867928467690945,-6.789420861750841,-2.6909353188286e-05,-4880.0,-8400.0,-19360.0,-1.5846848447844558e-05,4160.0,,-240.0,-7.433252315827569e-07,-21680.0,80.0,-160.0,4.136043061304321e-06,-22400.0,80.0,-160.0,-2.56267852136189e-05,-21680.0,-80.0,-480.0,-1.574511237937583e-05,-21680.0,,,-1.8221818877944525e-05,,,,-2.4423320708600715e-05,,,
1.8708333333333336,11.247070170938969,-20.564299640245736,17.528854440897703,5.28750367462635,-16.779963932931423,-187.33485443517566,-246.3014316931367,-36.232716366648674,-2.303365906700492,2.747875116765499,-3.542937710881233,3.832852956838906,-1.4238372445106506,1.825024215504527,0.0791430938988924,1.0256682801991701,1.948262215591967,-1.4056202676147223,0.4666296299546957,-4.0195786277763546,5.455853305757046,-3.932677488774061,7.099149031564593,-6.876464718952775,-2.5378356869519558e-05,-6160.0,-7680.0,-19200.0,-1.3125504460574666e-05,4240.0,,-320.0,-3.6873278524762808e-06,-21760.0,80.0,-240.0,-4.008736600291511e-06,-22400.0,,-160.0,-2.4998367246455502e-05,-21680.0,-80.0,-480.0,-1.6006509740471237e-05,-21760.0,,,-1.8388427687948683e-05,,,,-2.4608596739627078e-05,,,
1.8750000000000002,10.494625335559249,-21.990725048817694,17.410416235215962,5.918847396969795,-16.466319747269154,-188.74988900497556,-248.33698071539402,-35.75908608734608,-2.5054155476391315,2.788285044953227,-3.5831983666867018,3.994236239232123,-1.1074289679527283,1.5869775786995888,-0.0791430938988924,0.6311804801225662,2.026192704215646,-1.2103952304460108,0.42774382745847106,-3.9025035221129656,5.631848573684692,-3.583106156438589,7.011505216360092,-6.702377004548907,-2.335594552819011e-05,-5920.0,-6240.0,-18640.0,-1.5072944603057754e-05,4080.0,-80.0,-320.0,-5.484318242531601e-06,-21680.0,80.0,-240.0,-1.447819348494571e-06,-22400.0,80.0,-160.0,-2.534744828500287e-05,-21680.0,-80.0,-480.0,-1.5633414229023076e-05,-21760.0,,,-1.8294473601882183e-05,,,,-2.4335853515218032e-05,,,
1.8791666666666669,9.821385219693184,-23.10016703326255,17.568333842791617,6.944780945777893,-15.68220928311348,-190.7152147963643,-251.6251752898097,-35.75908608734608,-2.4245956912636757,2.869104901328683,-3.5026770550757647,3.994236239232123,-1.4238372445106506,1.7456753365695477,0.3165723755955696,0.710078040137887,1.7534359940327704,-1.36657526018098,0.5832870374433696,-3.980553592555225,5.455853305757046,-3.845284655690193,7.099149031564593,-7.050552433356643,-2.2918916644405806e-05,-5920.0,-6240.0,-18640.0,-1.503777977007769e-05,4080.0,-80.0,-320.0,-8.622628190205054e-06,-21680.0,80.0,-240.0,-2.7147385409479155e-07,-22400.0,80.0,-160.0,-2.5462961132611617e-05,-21680.0,-80.0,-480.0,-1.5924848516312177e-05,-21760.0,,,-1.8298158599431473e-05,,,,-2.4429033217741565e-05,,,
1.8833333333333335,9.227349823340774,-24.32847780175507,17.765730852261186,7.418288737535477,-15.839031375944614,-193.0736057460308,-255.14824090525508,-34.969702288508415,-2.262955978512764,2.828694973140955,-3.7845016457140446,3.9538904186338186,-1.6611434519290924,1.9043730944395065,0.1582861877977848,1.104565840214491,1.9872274599038064,-1.4446652750484645,0.3888580249622464,-4.058603662997484,5.807843841612339,-3.845284655690193,6.923861401155591,-7.050552433356643,-2.4532283721020922e-05,-4000.000244140625,-4800.0,-18160.0,-1.5432131728310562e-05,4960.0,,-240.0,-1.1450457544027385e-05,-21680.0,80.0,-240.0,-3.737304201227056e-07,-22320.0,160.0,-160.0,-2.518163865407384e-05,-21600.0,,-480.0,-1.5729224165304616e-05,-21680.0,,,-1.840929217459034e-05,,,,-2.4323463378530565e-05,,,
1.8875000000000002,8.791723866015673,-25.59641149826348,17.60781324468553,8.365304321050644,-15.525387190282345,-196.13951398059726,-259.37591964378953,-34.969702288508415,-2.4650056194514036,2.828694973140955,-3.663719678297639,3.994236239232123,-1.5029393136501312,1.5869775786995888,0.2374292816966772,0.710078040137887,2.065157948527485,-1.4446652750484645,0.3888580249622464,-3.980553592555225,5.807843841612339,-3.495713323354721,7.362080477178097,-6.876464718952775,-2.845470039812949e-05,-1973.3333740234375,-3786.666748046875,-17680.0,-1.6552562671831843e-05,4906.66650390625,,-293.3333435058594,-1.165151593127611e-05,-21680.0,,-240.0,5.213900552937241e-06,-22373.333984375,106.66666412353516,-160.0,-2.5775514537584214e-05,-21653.333984375,,-480.0,-1.542191120068744e-05,-21680.0,,,-1.8211669875894954e-05,,,,-2.4341566024358883e-05,,,
1.8916666666666668,8.039279030635953,-26.98321397881955,17.765730852261186,9.115024991333485,-14.506043586879969,-199.3626482784748,-264.38650185242295,-35.12757904827595,-2.262955978512764,2.747875116765499,-3.6234590224921703,4.034582059830427,-0.8701227605342865,1.6663264576345682,-0.1582861877977848,0.7889756001532078,1.9092969712801278,-1.5618002973496914,0.42774382745847106,-4.0195786277763546,5.895841475576162,-3.932677488774061,7.011505216360092,-6.876464718952775,-2.7519662787575195e-05,-960.0,-3280.0,-17440.0,-1.5308387717697693e-05,4880.0,,-320.0,-1.2123801200774622e-05,-21680.0,,-240.0,-2.44644855835273e-06,-22400.0,80.0,-160.0,-2.5812856609023138e-05,-21680.0,,-480.0,-1.5590387304998407e-05,-21680.0,,,-1.8095064117522363e-05,,,,-2.4343089995912653e-05,,,
1.8958333333333335,7.643255433067679,-28.21152474731207,17.884169057942927,9.785827696323395,-14.506043586879969,-203.6077519878745,-270.02340683713555,-34.49607200920582,-2.3841857630759478,2.869104901328683,-3.5831983666867018,3.832852956838906,-1.0283268988132477,1.825024215504527,0.1582861877977848,0.8678731601685286,1.948262215591967,-1.4056202676147223,0.42774382745847106,-3.980553592555225,5.455853305757046,-3.670498989522457,7.099149031564593,-6.789420861750841,-2.4986844953393773e-05,800.0000610351562,-2800.0,-17360.0,-1.486187358918636e-05,4560.0,,-320.0,-1.0763064357286324e-05,-21680.0,,-240.0,5.152759538992486e-06,-22400.0,80.0,-160.0,-2.5890455180604564e-05,-21680.0,,-480.0,-1.5957256276850473e-05,-21680.0,,,-1.8293930007523204e-05,,,,-2.441661065612742e-05,,,
1.9000000000000001,7.366038914769888,-29.281343803741038,18.200004273094237,10.41717141866684,-14.192399401217699,-208.3245338872075,-276.36492494493723,-34.575010389089584,-2.3841857630759478,2.747875116765499,-3.663719678297639,3.994236239232123,-1.0283268988132477,1.5869775786995888,0.2374292816966772,1.2623609602451324,1.9092969712801278,-1.4837102824822068,0.544401234947145,-4.097628698218614,5.455853305757046,-3.845284655690193,6.923861401155591,-6.52828929014504,-2.5493520672329384e-05,800.0000610351562,-2800.0,-17360.0,-1.4487322770735038e-05,4560.0,,-320.0,-8.198451975150508e-06,-21680.0,,-240.0,-1.7423574582455473e-07,-22400.0,80.0,-160.0,-2.6040635996875785e-05,-21680.0,,-480.0,-1.609317584743016e-05,-21680.0,,,-1.863130755488918e-05,,,,-2.4254083572187177e-05,,,
1.9041666666666668,7.247231835499406,-30.153048220090568,18.23948367498815,11.16689208894968,-13.721933122724295,-213.3557679131627,-283.6459272168577,-34.338195249438286,-2.34377583488822,2.788285044953227,-3.744240989908576,3.9135445980355144,-0.9492248296737671,1.7456753365695477,0.1582861877977848,0.9467707201838493,2.065157948527485,-1.4056202676147223,0.42774382745847106,-4.1366537334397435,5.543850939720869,-3.670498989522457,7.011505216360092,-6.354201575741172,-2.7397771766154424e-05,3680.0,-3440.0,-17680.0,-1.4305270158889989e-05,3760.0,,-320.0,-7.2427244003540154e-06,-21680.0,,-160.0,-1.4482654296549437e-06,-22400.0,,-160.0,-2.5679647380843834e-05,-21680.0,,-480.0,-1.6186780888697736e-05,-21680.0,,,-1.8113737060590452e-05,,,,-2.4355697570343712e-05,,,
1.9083333333333337,7.366038914769888,-30.82663799636066,18.673757095821202,11.956071741878986,-13.721933122724295,-219.4875843822956,-291.788123305887,-34.338195249438286,-2.262955978512764,2.909514829516411,-3.542937710881233,3.87319877743721,-1.1074289679527283,1.6663264576345682,-0.0791430938988924,0.8678731601685286,2.065157948527485,-1.4446652750484645,0.5832870374433696,-3.980553592555225,5.543850939720869,-4.107463154941797,7.011505216360092,-6.52828929014504,-2.5333885128909182e-05,5040.0,-4800.0,-18080.0,-1.4926997147066373e-05,3360.0,-80.0,-240.0,-8.257506349696234e-06,-21760.0,80.0,-240.0,-2.702169411512639e-06,-22400.0,80.0,-240.0,-2.5518220837061944e-05,-21680.0,-80.0,-400.0000305175781,-1.6274421650805566e-05,-21760.0,,,-1.8207773162647956e-05,,,,-2.4565000472036953e-05,,,
1.9125000000000003,7.643255433067679,-31.619096556678414,18.634277693927288,12.5084974989295,-13.173055797815323,-226.2483051046729,-300.71322286501527,-34.575010389089584,-2.4245956912636757,2.6670552603900433,-3.6234590224921703,3.9135445980355144,-1.4238372445106506,1.7456753365695477,0.3165723755955696,0.9467707201838493,1.8703317269682884,-1.522755289915949,0.5055154324509203,-4.0195786277763546,5.719846207648516,-3.845284655690193,7.1867928467690945,-6.615333147346973,-2.570934098428449e-05,5040.0,-4800.0,-18080.0,-1.4179089510404854e-05,3360.0,-80.0,-240.0,-9.3370599510966e-06,-21760.0,80.0,-240.0,1.671351309371247e-06,-22400.0,80.0,-240.0,-2.586668389465384e-05,-21680.0,-80.0,-400.0000305175781,-1.609787173975229e-05,-21760.0,,,-1.835040087835231e-05,,,,-2.47549762100827e-05,,,
1.916666666666667,7.564050713554025,-32.41155511699617,18.792195301502943,12.824169360101223,-12.93782265856862,-233.55931704863906,-310.10806450620294,-34.65394876897335,-2.303365906700492,2.869104901328683,-3.663719678297639,3.9135445980355144,-1.2656331062316895,1.983721973374486,0.0791430938988924,0.7889756001532078,2.182053681463003,-1.4056202676147223,0.3499722224660218,-4.097628698218614,5.631848573684692,-3.757891822606325,7.011505216360092,-6.876464718952775,-2.5853435451083772e-05,4560.0,-5760.0,-18080.0,-1.6415996510067265e-05,2400.0,,-240.0,-6.689128858843995e-06,-21680.0,-80.0,-240.0,2.1654070859120383e-07,-22320.0,80.0,-160.0,-2.5626834804683227e-05,-21680.0,-80.0,-400.0000305175781,-1.5991654355682083e-05,-21760.0,,,-1.8402477217942508e-05,,,,-2.447968476790665e-05,,,
1.9208333333333336,7.524448353797197,-33.24363660532981,18.98959231097251,13.218759186565876,-12.624178472906351,-240.7131029292941,-319.8160675354302,-34.81182552874088,-2.303365906700492,2.869104901328683,-3.7845016457140446,3.994236239232123,-1.2656331062316895,1.825024215504527,0.1582861877977848,0.710078040137887,2.1041231928393245,-1.4837102824822068,0.42774382745847106,-3.9415285573340952,5.1038627699017525,-3.757891822606325,6.748573770746589,-6.876464718952775,-2.687045472036663e-05,4560.0,-5760.0,-18080.0,-1.6577487903702507e-05,2400.0,,-240.0,-7.0823321163656565e-06,-21680.0,-80.0,-240.0,-1.756765003537312e-06,-22320.0,80.0,-160.0,-2.542373650807686e-05,-21680.0,-80.0,-400.0000305175781,-1.5744457205122114e-05,-21760.0,,,-1.8456935835969076e-05,,,,-2.436847871349992e-05,,,
1.9250000000000003,7.247231835499406,-34.234209805727005,19.226468722335994,13.652807995676994,-12.388945333659649,-248.417180031538,-329.83723195269704,-34.65394876897335,-2.34377583488822,2.909514829516411,-3.6234590224921703,3.9538904186338186,-1.2656331062316895,1.9043730944395065,-0.1582861877977848,0.710078040137887,2.1041231928393245,-1.4446652750484645,0.4666296299546957,-4.058603662997484,5.367855671793222,-3.845284655690193,6.923861401155591,-6.441245432943106,-2.7048513344184654e-05,2240.0,-5920.0,-18000.0,-1.5431676825662785e-05,1840.0,-80.0,-320.0,-6.8059797115152835e-06,-21760.0,,-240.0,-2.9679820462632795e-06,-22320.0,80.0,-240.0,-2.5681348735820007e-05,-21680.0,-80.0,-480.0,-1.5907882650266145e-05,-21680.0,,,-1.8388404799765147e-05,,,,-2.4065484939850843e-05,,,
1.929166666666667,7.009617676958442,-35.50214350223541,19.226468722335994,13.810643926262856,-12.153712194412947,-256.9073874503374,-340.79788053408265,-34.65394876897335,-2.5054155476391315,2.828694973140955,-3.7845016457140446,3.994236239232123,-1.2656331062316895,1.6663264576345682,-0.0791430938988924,0.8678731601685286,1.9092969712801278,-1.4446652750484645,0.42774382745847106,-3.980553592555225,5.455853305757046,-3.757891822606325,7.011505216360092,-6.267157718539238,-2.81759928945607e-05,-560.0,-5120.0,-18240.0,-1.6966180758556113e-05,560.0,-80.0,-240.0,-5.75844191051016e-06,-21760.0,80.0,-240.0,2.992668144299708e-07,-22400.0,80.0,-160.0,-2.5688091213219976e-05,-21600.0,-80.0,-400.0000305175781,-1.598069663781424e-05,-21680.0,,,-1.850458140469644e-05,,,,-2.4341134963568956e-05,,,
1.9333333333333336,6.6531964391469955,-36.65120841469616,19.463345133699477,14.086856804788113,-11.604834869503975,-265.79066002741456,-352.22827119752765,-34.73288714885712,-2.4650056194514036,2.9903346858918667,-3.8650229573249817,4.034582059830427,-1.0283268988132477,1.5076286997646093,0.1582861877977848,1.2623609602451324,1.948262215591967,-1.36657526018098,0.3888580249622464,-4.0195786277763546,5.455853305757046,-3.845284655690193,7.537368107587099,-6.702377004548907,-2.7168956687996775e-05,-560.0,-5120.0,-18240.0,-1.3941155398456751e-05,560.0,-80.0,-240.0,-1.4982618055663126e-06,-21760.0,80.0,-240.0,4.44132946800425e-06,-22400.0,80.0,-160.0,-2.6010166102543534e-05,-21600.0,-80.0,-400.0000305175781,-1.6190078694475543e-05,-21680.0,,,-1.820030398542072e-05,,,,-2.419448274225953e-05,,,
1.9375000000000002,6.415582280606031,-37.919142111204565,19.581783339381218,14.520905613899231,-11.76165696233511,-274.75254563614726,-363.73695220798254,-34.969702288508415,-2.5054155476391315,2.909514829516411,-3.8650229573249817,4.034582059830427,-1.5029393136501312,1.7456753365695477,-0.3165723755955696,1.0256682801991701,2.065157948527485,-1.4837102824822068,0.3888580249622464,-3.9415285573340952,5.719846207648516,-3.320927657186985,6.748573770746589,-6.180113861337304,-2.9905641480281646e-05,-2400.0,-2560.0,-18160.0,-1.686330600295647e-05,-400.0000305175781,,-320.0,-4.997277247209748e-06,-21760.0,80.0,-160.0,5.34990404685656e-06,-22400.0,,-160.0,-2.5747236186825532e-05,-21600.0,-80.0,-480.0,-1.6161329228605746e-05,-21680.0,,,-1.8356719924356862e-05,,,,-2.4437726912787975e-05,,,
1.9416666666666669,6.6531964391469955,-38.55310895945877,19.70022154506296,14.797118492424488,-11.840068008750677,-284.1074964031577,-375.6370849534869,-34.81182552874088,-2.5054155476391315,2.869104901328683,-3.824762301519513,4.074927880428731,-1.5029393136501312,1.983721973374486,-0.0,0.9467707201838493,1.831366482656449,-1.4056202676147223,0.4666296299546957,-4.058603662997484,5.631848573684692,-3.670498989522457,7.274436661973596,-6.267157718539238,-2.765118591956735e-05,-2880.0,1200.0,-17920.0,-1.6199485737908824e-05,-960.0,,-320.0,-7.949898699716033e-06,-21760.0,,-160.0,2.6677310399412623e-06,-22400.0,80.0,-160.0,-2.579252617999732e-05,-21600.0,-80.0,-480.0,-1.5899196584614247e-05,-21760.0,,,-1.8389217330280674e-05,,,,-2.447037309190477e-05,,,
1.9458333333333335,6.019558683037758,-40.29651779215783,19.858139152638614,15.231167301535606,-11.526423823088408,-293.0693820118904,-387.5372176989913,-35.364394187927246,-2.4650056194514036,3.0307446140795946,-3.7845016457140446,4.115273701027036,-1.2656331062316895,1.825024215504527,-0.4748585633933544,1.0256682801991701,2.026192704215646,-1.522755289915949,0.6610586424358189,-3.980553592555225,5.719846207648516,-3.495713323354721,6.83621758595109,-6.963508576154709,-2.476724046176072e-05,-2880.0,1200.0,-17920.0,-1.5141086540141572e-05,-960.0,,-320.0,-8.33193490785793e-06,-21760.0,,-160.0,-2.0489494748836626e-06,-22400.0,80.0,-160.0,-2.579622834368426e-05,-21600.0,-80.0,-480.0,-1.5926828344188038e-05,-21760.0,,,-1.845203776469238e-05,,,,-2.4365550933355944e-05,,,
1.9500000000000002,5.623535085469484,-41.921057840809226,19.93709795642644,15.980887971818447,-11.212779637426138,-302.6601718738675,-399.4373504444957,-35.04864066839218,-2.4650056194514036,2.828694973140955,-3.945544268935919,4.115273701027036,-1.4238372445106506,1.9043730944395065,0.395715469494462,1.1834634002298117,1.948262215591967,-1.4056202676147223,0.544401234947145,-3.863478486891836,5.631848573684692,-3.408320490270853,6.923861401155591,-6.615333147346973,-2.4146257339549256e-05,-2800.0,4960.0,-18000.0,-1.6033056218675698e-05,-1760.0001220703125,-80.0,-240.0,-9.355736708861946e-06,-21680.0,,-160.0,4.419264305401268e-06,-22400.0,80.0,-160.0,-2.567798608018885e-05,-21680.0,-80.0,-480.0,-1.5935225446522794e-05,-21760.0,,,-1.828943820150427e-05,,,,-2.4343202529481705e-05,,,
1.9541666666666668,4.989897329360247,-43.42672910541296,20.25293317157775,16.691149659454823,-10.742313358932734,-311.54344445094466,-411.41577353700995,-35.28545580804348,-2.5862354040145874,2.9903346858918667,-3.744240989908576,4.195965342223644,-1.5029393136501312,1.5076286997646093,-0.3165723755955696,1.0256682801991701,1.9092969712801278,-1.36657526018098,0.4666296299546957,-3.9415285573340952,5.367855671793222,-3.845284655690193,7.011505216360092,-6.52828929014504,-2.509765427928588e-05,-2800.0,4960.0,-18000.0,-1.5322775802072987e-05,-1760.0001220703125,-80.0,-240.0,-8.903801895549846e-06,-21680.0,,-160.0,-5.892854318045862e-07,-22400.0,80.0,-160.0,-2.568706887435537e-05,-21680.0,-80.0,-480.0,-1.5847932775539574e-05,-21760.0,,,-1.8299022628359956e-05,,,,-2.4283786712370973e-05,,,
1.9583333333333335,4.356259573251009,-45.5663672182709,20.45033018104732,17.519788295030594,-10.507080219686031,-320.50533005967736,-423.6290676705539,-35.28545580804348,-2.4245956912636757,2.909514829516411,-3.945544268935919,4.276656983420253,-1.34473517537117,1.825024215504527,-0.0,0.9467707201838493,1.6755055054090917,-1.3275302527472377,0.4666296299546957,-3.9415285573340952,5.455853305757046,-3.932677488774061,7.011505216360092,-6.52828929014504,-2.4955388959820848e-05,-2240.0,8000.00048828125,-18800.0,-1.4738272629720591e-05,-2240.0,,-320.0,-6.653486711869774e-06,-21760.0,80.0,-160.0,-6.784621221578974e-06,-22400.0,80.0,-160.0,-2.5946414882001365e-05,-21680.0,-80.0,-480.0,-1.581608863652085e-05,-21680.0,,,-1.808017344678359e-05,,,,-2.432719987449281e-05,,,
1.9625000000000001,3.7226218171417713,-47.547513619065285,20.529288984835148,18.703557774424553,-9.801380801945925,-329.5458287000656,-434.9028776399791,-35.206517428159714,-2.5054155476391315,2.909514829516411,-3.9052836131304502,4.15561952162534,-1.5820413827896118,1.5869775786995888,-0.0791430938988924,0.9467707201838493,2.065157948527485,-1.4056202676147223,0.3499722224660218,-3.8244534516707063,5.367855671793222,-3.932677488774061,6.923861401155591,-6.354201575741172,-2.610762780273692e-05,-1360.0,9280.0,-20000.0,-1.2590765921275337e-05,-1840.0,,-320.0,-7.647599200967547e-06,-21760.0,80.0,-240.0,7.239044648013452e-06,-22320.0,80.0,-80.0,-2.586566346313786e-05,-21680.0,,-480.0,-1.5878097494091345e-05,-21760.0,,,-1.8470478011227854e-05,,,,-2.4491298613702524e-05,,,
1.966666666666667,3.009779341518879,-49.60790587589145,21.08200061134994,20.202999114990234,-9.64455870911479,-338.1932621821761,-447.0378814265132,-35.206517428159714,-2.5054155476391315,2.909514829516411,-4.026065580546856,4.276656983420253,-1.2656331062316895,1.5076286997646093,-0.0791430938988924,0.9467707201838493,1.9092969712801278,-1.2884852453134954,0.4666296299546957,-3.9415285573340952,5.367855671793222,-3.495713323354721,6.923861401155591,-6.702377004548907,-2.4973789152035134e-05,-1360.0,9280.0,-20000.0,-1.330528542020377e-05,-1840.0,,-320.0,-8.533080079469227e-06,-21760.0,80.0,-240.0,-7.94847867866249e-06,-22320.0,80.0,-80.0,-2.5688188488000004e-05,-21680.0,,-480.0,-1.6272853810233353e-05,-21760.0,,,-1.8482334090299483e-05,,,,-2.4422767577498596e-05,,,
1.9708333333333337,2.2969368658959866,-51.906035700812936,21.437315228395164,21.702440455555916,-8.938859291374683,-346.44763050600886,-458.7814334779978,-34.65394876897335,-2.5054155476391315,3.0711545422673225,-3.9858049247413874,4.276656983420253,-1.5820413827896118,2.2217686101794243,0.0791430938988924,1.420156080275774,2.065157948527485,-1.36657526018098,0.3499722224660218,-3.980553592555225,5.367855671793222,-3.320927657186985,7.362080477178097,-6.615333147346973,-2.4916635450397207e-05,-1440.0,8800.0,-20080.0,-1.3387456860120819e-05,-2160.000244140625,,-320.0,-7.448621731071968e-06,-21680.0,80.0,-160.0,-9.840188001584136e-06,-22320.0,80.0,-160.0,-2.591853898180319e-05,-21680.0,,-480.0,-1.6244249302859283e-05,-21760.0,,,-1.8632867766066883e-05,,,,-2.431122392238471e-05,,,
1.9750000000000003,1.4652873110026121,-54.560771877877414,22.02950625680387,23.241340778768063,-8.546804059296846,-355.25229005143046,-470.44669518247247,-34.81182552874088,-2.5054155476391315,3.0307446140795946,-4.026065580546856,4.276656983420253,-1.5820413827896118,2.0630708523094654,0.1582861877977848,1.104565840214491,1.948262215591967,-1.4446652750484645,0.4666296299546957,-3.980553592555225,5.455853305757046,-3.495713323354721,6.923861401155591,-6.702377004548907,-2.5509746487107753e-05,-1440.0,8800.0,-20080.0,-1.4511187516768535e-05,-2160.000244140625,,-320.0,-1.0070824597681522e-05,-21680.0,80.0,-160.0,9.962524388909544e-06,-22320.0,80.0,-160.0,-2.5691526348099e-05,-21680.0,,-480.0,-1.5946227987083395e-05,-21760.0,,,-1.8303163482231337e-05,,,,-2.4608249602176783e-05,,,
1.979166666666667,0.07920471951365471,-57.175885126926005,22.305862070061266,24.504028223454952,-7.997926734387875,-363.9783365651965,-482.73827966302633,-34.65394876897335,-2.5458254758268595,2.9903346858918667,-4.106586892157793,4.317002804018557,-1.5029393136501312,2.142419731244445,0.1582861877977848,1.0256682801991701,2.065157948527485,-1.36657526018098,0.2722006174735725,-4.0195786277763546,5.1038627699017525,-3.495713323354721,7.011505216360092,-6.52828929014504,-2.543006890552181e-05,-1840.0,6160.0,-19600.0,-1.440316482722193e-05,-1520.0,-80.0,-320.0,-1.1654477090021075e-05,-21760.0,,-160.0,8.445471742288073e-06,-22320.0,,-160.0,-2.569779198834197e-05,-21680.0,-80.0,-560.0,-1.590507407941142e-05,-21760.0,,,-1.8435600234216303e-05,,,,-2.416414636233124e-05,,,
1.9833333333333336,-1.782106189057231,-60.38534229621291,22.54273848142475,25.766715668141842,-7.605871502310038,-372.9402221739292,-494.8732834495604,-34.81182552874088,-2.6266453322023153,3.0711545422673225,-4.026065580546856,4.357348624616861,-1.5820413827896118,2.0630708523094654,-0.0791430938988924,1.104565840214491,2.065157948527485,-1.4446652750484645,0.42774382745847106,-3.9025035221129656,5.279858037829399,-3.757891822606325,6.748573770746589,-6.615333147346973,-2.653337471938662e-05,-2720.0,3360.0,-19440.0,-1.676132579386336e-05,-1280.0,-80.0,-240.0,-1.1356801004346853e-05,-21760.0,,-160.0,-6.075530513682977e-06,-22400.0,80.0,-160.0,-2.5538301403417495e-05,-21680.0,-80.0,-480.0,-1.6090969045067568e-05,-21760.0,,,-1.8546680403613586e-05,,,,-2.4330129561985414e-05,,,
1.9875000000000003,-3.7226218171417713,-63.55517653748393,23.055970706045628,27.345074974000454,-7.605871502310038,-382.059333845973,-506.6951258480549,-35.12757904827595,-2.5862354040145874,3.1519743986427784,-4.106586892157793,4.317002804018557,-1.5820413827896118,2.0630708523094654,0.1582861877977848,0.9467707201838493,1.831366482656449,-1.2884852453134954,0.42774382745847106,-3.9415285573340952,5.631848573684692,-3.583106156438589,6.923861401155591,-5.9189822897315025,-2.720341103361291e-05,-2720.0,3360.0,-19440.0,-1.7412069276717462e-05,-1280.0,-80.0,-240.0,-9.049335456888952e-06,-21760.0,,-160.0,-5.207793222630395e-06,-22400.0,80.0,-160.0,-2.569634431073332e-05,-21680.0,-80.0,-480.0,-1.6120519597361124e-05,-21760.0,,,-1.8229301406612157e-05,,,,-2.452037423618771e-05,,,
1.991666666666667,-5.900751603767276,-67.35897762700915,23.49024412687868,28.96289326250553,-6.821761038154364,-391.09983248636127,-518.830129634589,-35.364394187927246,-2.6266453322023153,2.9903346858918667,-4.0663262363523245,4.397694445215166,-1.4238372445106506,2.2217686101794243,-0.0791430938988924,1.1834634002298117,1.7534359940327704,-1.4837102824822068,0.3888580249622464,-3.980553592555225,5.631848573684692,-3.845284655690193,6.923861401155591,-6.267157718539238,-2.7732042242605394e-05,-3760.0,2000.0001220703125,-19680.0,-1.5194571456693547e-05,-800.0000610351562,,-240.0,-6.957293492871534e-06,-21760.0,,-160.0,2.9715583249407737e-06,-22400.0,,-160.0,-2.554073327291819e-05,-21600.0,-80.0,-480.0,-1.6100913960813944e-05,-21760.0,,,-1.849044032196847e-05,,,,-2.4358884749901095e-05,,,
1.9958333333333336,-8.435302628204226,-71.63825385272503,23.529723528772593,29.949367828667164,-7.135405223816633,-400.53339628502727,-531.8263272382319,-35.364394187927246,-2.6266453322023153,2.9903346858918667,-4.026065580546856,4.397694445215166,-1.6611434519290924,1.9043730944395065,-0.0791430938988924,1.1834634002298117,1.9872274599038064,-1.4446652750484645,0.5055154324509203,-3.863478486891836,5.279858037829399,-3.495713323354721,6.397998509928584,-6.702377004548907,-2.6376508646174272e-05,-4560.0,400.0000305175781,-20160.0,-1.398066421793708e-05,,,-320.0,-7.131570321197397e-06,-21840.0,,-160.0,1.241151925768065e-06,-22400.0,80.0,-160.0,-2.5774084026113217e-05,-21680.0,,-480.0,-1.5855304677986782e-05,-21760.0,,,-1.851890177819544e-05,,,,-2.4500232634676062e-05,,,
2.0000000000000004,-10.969853652641177,-75.48167787026614,24.161393959075212,31.725022047758102,-6.900172084569931,-409.49528189375997,-543.4132985956967,-35.83802446722984,-2.788285044953227,3.0711545422673225,-4.307890171185136,4.276656983420253,-1.740245521068573,1.983721973374486,-0.395715469494462,0.9467707201838493,2.026192704215646,-1.4056202676147223,0.4666296299546957,-3.9025035221129656,5.1038627699017525,-3.670498989522457,6.923861401155591,-6.267157718539238,-2.70209998402258e-05,-4560.0,400.0000305175781,-20160.0,-1.620491786680136e-05,,,-320.0,-5.7741384360442604e-06,-21840.0,,-160.0,-9.69554123814776e-07,-22400.0,80.0,-160.0,-2.5953023844997375e-05,-21680.0,,-480.0,-1.609222408046479e-05,-21760.0,,,-1.8290235473230774e-05,,,,-2.4850219663821727e-05,,,
2.004166666666667,-14.256849512457848,-80.117560448125,24.319311566650867,33.02716847509146,-7.056994177401066,-418.5357805341482,-554.7653989121318,-36.31165474653244,-2.6266453322023153,3.0307446140795946,-4.146847547963262,4.276656983420253,-1.5820413827896118,2.142419731244445,-0.4748585633933544,1.3412585202604532,2.026192704215646,-1.3275302527472377,0.5055154324509203,-3.863478486891836,5.631848573684692,-3.670498989522457,6.748573770746589,-6.354201575741172,-2.6809488228821338e-05,-5040.0,-480.0,-20400.0,-1.5194984397671508e-05,640.0,-80.0,-240.0,-3.533378830571874e-06,-21760.0,,-160.0,-9.923104261140418e-06,-22400.0,80.0,-160.0,-2.5954944545065767e-05,-21760.0,,-480.0,-1.6039012868440932e-05,-21760.0,,,-1.8144321395840383e-05,,,,-2.4630384383004687e-05,,,
2.0083333333333337,-17.82106189057231,-85.14967230614275,24.635146781802177,34.723904728889465,-6.821761038154364,-426.5543097630143,-565.7260474935174,-36.54846988618374,-2.6670552603900433,3.0711545422673225,-4.18710820376873,4.639769368804991,-1.8193475902080536,2.142419731244445,-0.0791430938988924,1.104565840214491,1.831366482656449,-1.4056202676147223,0.42774382745847106,-3.980553592555225,5.631848573684692,-3.233534824103117,6.923861401155591,-6.267157718539238,-2.683638756652198e-05,-5040.0,-480.0,-20400.0,-1.5493110617621937e-05,640.0,-80.0,-240.0,-1.371910210960393e-06,-21760.0,,-160.0,-7.021573048983658e-06,-22400.0,80.0,-160.0,-2.5792797023502494e-05,-21760.0,,-480.0,-1.611460872396296e-05,-21760.0,,,-1.8346002532416148e-05,,,,-2.4482992110427598e-05,,,
2.0125,-21.226864829659462,-89.70630902796984,24.911502595059574,36.22334606945515,-6.821761038154364,-434.2583868652582,-576.0603732988238,-36.627408266067505,-2.6670552603900433,3.1923843268305063,-4.227368859574199,4.397694445215166,-1.4238372445106506,2.2217686101794243,-0.0,1.0256682801991701,1.9872274599038064,-1.522755289915949,0.544401234947145,-3.9415285573340952,5.279858037829399,-3.845284655690193,6.485642325133085,-6.702377004548907,-2.701006691789012e-05,-5440.0,-240.0,-21440.0,-1.4197495424665024e-05,1360.0,,-320.0,1.1461157769830448e-06,-21760.0,80.0,-160.0,9.736706709120792e-06,-22400.0,80.0,-160.0,-2.568532555770938e-05,-21680.0,-80.0,-480.0,-1.6096900899300638e-05,-21760.0,,,-1.828481288108138e-05,,,,-2.4349636016403938e-05,,,
2.016666666666667,-25.068293726071715,-94.61955210193992,25.345776015892625,37.56495147943497,-6.900172084569931,-441.805237904191,-586.3164087571204,-37.022100165486336,-2.6670552603900433,2.9499247577041388,-4.267629515379667,4.43804026581347,-1.8193475902080536,2.142419731244445,-0.4748585633933544,1.1834634002298117,2.065157948527485,-1.4056202676147223,0.42774382745847106,-3.9415285573340952,5.191860403865576,-3.583106156438589,6.6609299555420876,-6.354201575741172,-2.6805559090647664e-05,-5600.0,1520.0,-23200.0,-1.6148817021606086e-05,2240.0,-80.0,-240.0,1.2525135247078856e-06,-21760.0,80.0,-160.0,7.111628991291689e-06,-22400.0,160.0,-160.0,-2.6018428736800017e-05,-21680.0,-80.0,-480.0,-1.6291360813970807e-05,-21760.0,,,-1.8286281539524937e-05,,,,-2.453983682158779e-05,,,
2.0208333333333335,-28.236482506617904,-99.45354931987822,25.780049436725676,39.261687733232975,-6.900172084569931,-448.80179772153497,-595.4763793572783,-36.94316178560257,-2.6266453322023153,3.1923843268305063,-4.307890171185136,4.357348624616861,-1.8193475902080536,2.3011174891144037,-0.0,1.3412585202604532,1.7534359940327704,-1.1713502230122685,0.544401234947145,-4.058603662997484,5.191860403865576,-3.845284655690193,6.6609299555420876,-5.9189822897315025,-2.6301702432984233e-05,-5600.0,1520.0,-23200.0,-1.3635530437375353e-05,2240.0,-80.0,-240.0,2.308034891023358e-06,-21760.0,80.0,-160.0,-2.6168074541781084e-06,-22400.0,160.0,-160.0,-2.59185599626381e-05,-21680.0,-80.0,-480.0,-1.589209934036947e-05,-21760.0,,,-1.8429811431130332e-05,,,,-2.4545461592691753e-05,,,
2.0250000000000004,-32.03830904327333,-104.0498089697212,25.859008240513504,40.40599822998047,-7.135405223816633,-455.40529238060117,-604.4797692634165,-36.94316178560257,-2.6670552603900433,3.1923843268305063,-4.267629515379667,4.639769368804991,-1.6611434519290924,1.983721973374486,-0.2374292816966772,1.0256682801991701,1.948262215591967,-1.4056202676147223,0.42774382745847106,-3.9025035221129656,5.631848573684692,-3.757891822606325,6.748573770746589,-6.615333147346973,-2.589563744682683e-05,-4800.0,3680.0,-23920.001953125,-1.4076293909773274e-05,3440.0,,-240.0,4.818928706400269e-06,-21680.0,,-160.0,1.4018810952078439e-06,-22400.0,,-160.0,-2.581333153883151e-05,-21680.0,-80.0,-480.0,-1.628801723182593e-05,-21760.0,,,-1.831318659927146e-05,,,,-2.452919190889494e-05,,,
2.0291666666666672,-35.48371434211731,-108.5668227635324,26.25380225945264,41.195177882909775,-6.743349991738796,-461.6157218813896,-613.0134170874953,-37.3378536850214,-2.788285044953227,3.1519743986427784,-4.227368859574199,4.599423548206687,-1.740245521068573,1.9043730944395065,-0.3165723755955696,1.0256682801991701,2.065157948527485,-1.4837102824822068,0.544401234947145,-3.9025035221129656,5.367855671793222,-3.495713323354721,6.6609299555420876,-6.52828929014504,-2.4634015974792393e-05,-4800.0,3680.0,-23920.001953125,-1.4962861976992913e-05,3440.0,,-240.0,4.230771054076631e-06,-21680.0,,-160.0,1.0194335911761776e-05,-22400.0,,-160.0,-2.5906906062521037e-05,-21680.0,-80.0,-480.0,-1.6222297627499667e-05,-21760.0,,,-1.8361204100981283e-05,,,,-2.4549884734160077e-05,,,
2.0333333333333337,-39.68156447634101,-113.55931169353426,26.490678670816123,42.33948837965727,-6.821761038154364,-467.82615138217807,-620.5292904004455,-37.258915305137634,-2.6670552603900433,3.1923843268305063,-4.106586892157793,4.6801151894032955,-1.6611434519290924,1.983721973374486,-0.3165723755955696,1.4990536402910948,1.9092969712801278,-1.4056202676147223,0.3499722224660218,-3.980553592555225,5.191860403865576,-3.670498989522457,6.748573770746589,-6.441245432943106,-2.442255395445226e-05,-3120.0,4560.0,-22640.0,-1.4469956361477126e-05,3520.000244140625,,-320.0,5.463952527556164e-06,-21680.0,80.0,-160.0,-4.748844134738837e-06,-22320.0,80.0,-160.0,-2.5959077769542637e-05,-21680.0,-80.0,-480.0,-1.599702735676715e-05,-21760.0,,,-1.8297677947577218e-05,,,,-2.423640817245153e-05,,,
2.0375000000000005,-43.641800452023745,-117.87821084726602,26.214322857558727,42.33948837965727,-6.429705806076527,-472.70015934482217,-627.0273892022669,-37.258915305137634,-2.828694973140955,3.1115644704550505,-4.227368859574199,4.518731907010078,-1.5820413827896118,2.142419731244445,-0.395715469494462,1.4990536402910948,1.7534359940327704,-1.4837102824822068,0.42774382745847106,-4.0195786277763546,5.279858037829399,-3.320927657186985,7.099149031564593,-6.615333147346973,-2.5277427609520474e-05,-2080.0,4160.0,-22960.0,-1.4797326050592003e-05,3520.000244140625,,-320.0,4.465566623857364e-06,-21680.0,80.0,-240.0,-5.0555205217514185e-06,-22400.0,80.0,-160.0,-2.5846187526297384e-05,-21680.0,-80.0,-480.0,-1.5855589826606667e-05,-21760.0,,,-1.8399969054496692e-05,,,,-2.4311283050192176e-05,,,
2.041666666666667,-47.12680811062455,-122.117864144966,26.372240465134382,43.3259629458189,-6.272883713245392,-477.0238760858774,-632.6642941869795,-37.258915305137634,-2.5862354040145874,3.0711545422673225,-4.388411482796073,4.397694445215166,-1.740245521068573,2.380466368049383,-0.2374292816966772,1.1834634002298117,1.9092969712801278,-1.4446652750484645,0.42774382745847106,-3.7854284164495766,5.1038627699017525,-3.495713323354721,6.83621758595109,-6.441245432943106,-2.498293298135775e-05,-2080.0,4160.0,-22960.0,-1.4584913216960814e-05,3520.000244140625,,-320.0,2.1743252222477833e-06,-21680.0,80.0,-240.0,-3.7509417439172336e-06,-22400.0,80.0,-160.0,-2.5934226924268465e-05,-21680.0,-80.0,-480.0,-1.6485546070438544e-05,-21760.0,,,-1.8230209304559084e-05,,,,-2.433421891744384e-05,,,
2.045833333333334,-50.691020488739014,-126.6745008667931,26.293281661346555,44.391355477273464,-6.351294759660959,-480.40423644706607,-637.0485536195338,-36.78528502583504,-2.747875116765499,3.273204183205962,-4.267629515379667,4.518731907010078,-2.135755866765976,2.2217686101794243,-0.3165723755955696,1.2623609602451324,1.7534359940327704,-1.5618002973496914,0.5055154324509203,-3.9415285573340952,5.279858037829399,-3.757891822606325,7.011505216360092,-6.180113861337304,-2.4758714613393575e-05,-320.0,1920.0,-24400.0,-1.432886882978988e-05,2960.0,-80.0,-320.0,-2.5291776593248895e-06,-21680.0,80.0,-160.0,6.1250557744832305e-06,-22400.0,160.0,-240.0,-2.5954860621726136e-05,-21680.0,-80.0,-560.0,-1.5968715627407478e-05,-21760.0,,,-1.8368722869272847e-05,,,,-2.4326539931867524e-05,,,
2.0500000000000003,-53.89881162904203,-130.31981024425477,26.845993287861347,45.10161716490984,-5.72400638833642,-483.07707952335477,-640.649909581989,-36.70634664595127,-2.5862354040145874,3.1519743986427784,-4.146847547963262,4.559077727608383,-1.5820413827896118,1.983721973374486,-0.3165723755955696,1.3412585202604532,1.9872274599038064,-1.4056202676147223,0.4666296299546957,-3.9025035221129656,5.279858037829399,-3.583106156438589,6.6609299555420876,-6.52828929014504,-2.5524293835093486e-05,400.0000305175781,400.0000305175781,-25120.0,-1.3694668735260711e-05,2880.0,-80.0,-320.0,-6.904908639640756e-06,-21760.0,80.0,-160.0,1.065039822750486e-05,-22400.0,160.0,-160.0,-2.5764081889908e-05,-21680.0,,-480.0,-1.5836235960078383e-05,-21760.0,,,-1.8300035430481422e-05,,,,-2.442049592528265e-05,,,
2.054166666666667,-57.81944524496794,-134.4405947579071,27.2802667086944,46.12755071371794,-5.72400638833642,-484.0990489348769,-641.9808454811573,-36.232716366648674,-2.788285044953227,3.1519743986427784,-4.348150826990604,4.478386086411774,-1.8193475902080536,1.983721973374486,-0.7122878450900316,1.0256682801991701,1.8703317269682884,-1.522755289915949,0.31108641996979713,-3.9025035221129656,5.367855671793222,-3.495713323354721,6.573286140337586,-6.267157718539238,-2.6317859583211995e-05,400.0000305175781,400.0000305175781,-25120.0,-1.5481203993811666e-05,2880.0,-80.0,-320.0,-9.27273843331466e-06,-21760.0,80.0,-160.0,-5.201906191090082e-06,-22400.0,160.0,-160.0,-2.5753080303021715e-05,-21680.0,,-480.0,-1.5955038030396112e-05,-21760.0,,,-1.8011714889827526e-05,,,,-2.4362607894422945e-05,,,
2.0583333333333336,-61.898488299921155,-138.9179856237024,27.438184316270053,46.71943545341492,-5.4103622026741505,-483.86320983991027,-642.215716522187,-35.601209327578545,-2.869104901328683,3.1923843268305063,-4.388411482796073,4.559077727608383,-1.4238372445106506,2.0630708523094654,-0.4748585633933544,1.6568487603217363,1.9872274599038064,-1.4056202676147223,0.5055154324509203,-3.8244534516707063,5.455853305757046,-3.845284655690193,6.748573770746589,-6.354201575741172,-2.612175934872175e-05,-1360.0,-2400.0,-25680.0,-1.6160499531952567e-05,2320.0,-80.0,-240.0,-9.060140586866555e-06,-21760.0,,-160.0,-1.01404285174887e-05,-22400.0,80.0,-160.0,-2.586282723572803e-05,-21680.0,-80.0,-480.0,-1.5977709729862797e-05,-21760.0,,,-1.853653521626127e-05,,,,-2.4475793776705538e-05,,,
2.0625000000000004,-66.0171337146312,-143.4746223455295,27.71454012952745,47.62699205428362,-5.096718017011881,-482.3695622384548,-639.9452964589,-35.28545580804348,-2.788285044953227,3.0307446140795946,-4.0663262363523245,4.559077727608383,-1.6611434519290924,1.825024215504527,-0.395715469494462,1.2623609602451324,1.7924012383446097,-1.2884852453134954,0.5055154324509203,-4.1366537334397435,5.1038627699017525,-3.670498989522457,6.573286140337586,-6.267157718539238,-2.736286728626208e-05,-1360.0,-2400.0,-25680.0,-1.5893225629734302e-05,2320.0,-80.0,-240.0,-6.311886771478569e-06,-21760.0,,-160.0,1.5924381215898318e-05,-22400.0,80.0,-160.0,-2.5816457683232796e-05,-21680.0,-80.0,-480.0,-1.5852329214127107e-05,-21760.0,,,-1.829751391559521e-05,,,,-2.4163766799954267e-05,,,
2.066666666666667,-71.44265700131655,-148.3482424914837,27.20130790490657,47.03510731458664,-5.175129063427448,-479.539493098855,-635.326165985316,-34.89076390862465,-2.828694973140955,3.1923843268305063,-4.307890171185136,4.559077727608383,-1.6611434519290924,2.4598152469843626,-0.395715469494462,1.5779512003064156,1.7924012383446097,-1.522755289915949,0.42774382745847106,-3.9025035221129656,5.367855671793222,-3.233534824103117,6.83621758595109,-6.354201575741172,-2.9801269456009027e-05,-5040.0,-3360.0,-26880.0,-1.6322233158863565e-05,2880.0,,-240.0,-6.8399567431372634e-06,-21760.0,80.0,-160.0,3.1248242776177792e-06,-22400.0,,-160.0,-2.561985200135613e-05,-21760.0,-80.0,-480.0,-1.5820769270053956e-05,-21760.0,,,-1.7830015137478656e-05,,,,-2.4421684203477893e-05,,,
2.0708333333333337,-75.79891657456756,-152.5086499331519,26.56963747460395,46.20646867901087,-4.861484877765179,-475.2943893894553,-629.3760996125638,-34.41713362932205,-2.747875116765499,3.1519743986427784,-4.146847547963262,4.599423548206687,-1.6611434519290924,2.3011174891144037,-0.7122878450900316,1.2623609602451324,1.9872274599038064,-1.4056202676147223,0.5832870374433696,-3.863478486891836,5.279858037829399,-3.845284655690193,6.923861401155591,-6.267157718539238,-2.8657056736119567e-05,-8400.0,-1440.0,-29040.0,-1.5711131056219438e-05,4480.0,,-240.0,-4.160629738793515e-06,-21680.0,80.0,-240.0,2.215928131707718e-07,-22400.0,80.0,-160.0,-2.5707832271519744e-05,-21680.0,-80.0,-480.0,-1.5858436544433953e-05,-21760.0,,,-1.8542453719053945e-05,,,,-2.431924050866818e-05,,,
2.075,-79.67994783073664,-155.79735295847058,25.898487642407417,44.78594530373812,-4.939895924180746,-470.5776074901223,-621.625355258584,-33.78562659025192,-2.869104901328683,3.2327942550182343,-4.106586892157793,4.518731907010078,-1.6611434519290924,2.3011174891144037,-0.395715469494462,1.5779512003064156,1.9092969712801278,-1.2884852453134954,0.42774382745847106,-3.8244534516707063,5.191860403865576,-3.670498989522457,6.6609299555420876,-6.267157718539238,-2.671159165314077e-05,-8400.0,-1440.0,-29040.0,-1.5281875571768536e-05,4480.0,,-240.0,-3.633454313641351e-06,-21680.0,80.0,-240.0,-1.0432035419828635e-05,-22400.0,80.0,-160.0,-2.5727519924057928e-05,-21680.0,-80.0,-480.0,-1.555369087107006e-05,-21760.0,,,-1.8353698684130115e-05,,,,-2.43345908504263e-05,,,
2.079166666666667,-83.2441602088511,-158.6898267036304,24.9904613988474,42.65516024082899,-4.783073831349611,-465.0746952742338,-612.7002556994557,-32.2068589925766,-2.5458254758268595,2.9903346858918667,-4.18710820376873,4.478386086411774,-1.4238372445106506,1.825024215504527,-0.0791430938988924,1.3412585202604532,1.9092969712801278,-1.4837102824822068,0.42774382745847106,-3.9415285573340952,5.191860403865576,-3.757891822606325,6.923861401155591,-6.702377004548907,-2.6291418009182074e-05,-9680.0,2800.0,-31039.998046875,-1.5152419052014816e-05,7120.00048828125,,-240.0,-3.371676198076081e-07,-21760.0,80.0,-160.0,-2.078604216096023e-06,-22400.0,80.0,-160.0,-2.571448128883694e-05,-21680.0,-80.0,-400.0000305175781,-1.5798995931791057e-05,-21760.0,,,-1.8295177413525914e-05,,,,-2.4536937651673234e-05,,,
2.0833333333333335,-87.40240798331797,-161.66154630482197,24.04295575339347,39.89303145557642,-4.2341965064406395,-458.3139745518565,-602.1310588531196,-31.733228713274002,-2.5458254758268595,3.1519743986427784,-3.9858049247413874,4.43804026581347,-1.5029393136501312,1.825024215504527,-0.0791430938988924,1.1834634002298117,1.7924012383446097,-1.2103952304460108,0.42774382745847106,-3.9025035221129656,5.367855671793222,-3.845284655690193,6.310354694724083,-6.006026146933436,-2.497860139262357e-05,-9146.6669921875,4026.666748046875,-31440.0,-1.4179353678189831e-05,7946.6669921875,,-266.6666564941406,-1.7519403651827938e-06,-21760.0,80.0,-160.0,4.517538536110181e-06,-22373.333984375,80.0,-160.0,-2.6198871546403036e-05,-21680.0,-80.0,-400.0000305175781,-1.582540889559156e-05,-21760.0,,,-1.82091388242656e-05,,,,-2.4682584700255706e-05,,,
2.0875000000000004,-90.9270180016756,-163.40495513752103,22.424300275743008,35.986592173576355,-4.391018599271774,-450.9243495762348,-589.7611840255558,-31.101721674203873,-2.5054155476391315,2.9903346858918667,-4.0663262363523245,4.43804026581347,-1.8193475902080536,1.9043730944395065,-0.3165723755955696,1.0256682801991701,1.9092969712801278,-1.36657526018098,0.3499722224660218,-3.746403381228447,5.543850939720869,-3.408320490270853,6.83621758595109,-6.52828929014504,-2.542286103505661e-05,-8080.0,6480.0,-32240.001953125,-1.5304350814326537e-05,9600.0,,-320.0,-3.993029107502799e-06,-21760.0,80.0,-160.0,-3.668138017930004e-06,-22320.0,80.0,-160.0,-2.5686895305630222e-05,-21680.0,-80.0,-400.0000305175781,-1.577825351546159e-05,-21760.0,,,-1.8246959640210152e-05,,,,-2.433941644245513e-05,,,
2.0916666666666672,-94.17441150173545,-165.26723275426775,20.529288984835148,31.527727134525776,-4.077374413609505,-442.35552912577987,-574.8860180936754,-30.15446111559868,-2.4245956912636757,2.9903346858918667,-3.9052836131304502,4.2363111628219485,-1.5029393136501312,1.7456753365695477,-0.0791430938988924,1.3412585202604532,1.8703317269682884,-1.4446652750484645,0.5055154324509203,-3.9025035221129656,5.1038627699017525,-3.583106156438589,6.6609299555420876,-6.354201575741172,-2.509135049207035e-05,-3840.0,9360.0,-33920.0,-1.5563616713330157e-05,10400.0,-80.0,-240.0,-3.298500529544401e-06,-21760.0,,-160.0,9.077470875709824e-07,-22400.0,80.0,-240.0,-2.569975083538292e-05,-21600.0,-80.0,-480.0,-1.594252486972214e-05,-21760.0,,,-1.8387788726158304e-05,,,,-2.4379369674165782e-05,,,
2.0958333333333337,-97.93663567863405,-166.6936581628397,18.673757095821202,26.674272269010544,-4.2341965064406395,-431.82138288393617,-558.6799162626266,-28.89144703745842,-2.4245956912636757,3.0711545422673225,-3.9858049247413874,4.2363111628219485,-1.5029393136501312,1.825024215504527,-0.1582861877977848,0.8678731601685286,1.7924012383446097,-1.36657526018098,0.3499722224660218,-3.9415285573340952,5.543850939720869,-3.757891822606325,6.6609299555420876,-6.09307000413537,-2.5395709927337074e-05,-3840.0,9360.0,-33920.0,-1.8431102706151486e-05,10400.0,-80.0,-240.0,-4.115944851973961e-06,-21760.0,,-160.0,2.5778636867288245e-06,-22400.0,80.0,-240.0,-2.579363053485293e-05,-21600.0,-80.0,-480.0,-1.5520933112058528e-05,-21760.0,,,-1.8304975463427934e-05,,,,-2.433175080831921e-05,,,
2.1000000000000005,-101.58005277626216,-167.84272307530046,16.462910589762032,21.66298147290945,-3.6853191815316677,-419.0074587240815,-538.7158777751029,-27.944186478853226,-2.6670552603900433,2.9499247577041388,-3.9052836131304502,4.2363111628219485,-1.6611434519290924,1.983721973374486,-0.0,0.8678731601685286,1.714470749720931,-1.3275302527472377,0.42774382745847106,-3.7854284164495766,5.367855671793222,-3.233534824103117,6.923861401155591,-6.09307000413537,-2.4401641784094902e-05,960.0,9920.0,-37920.00390625,-1.5595121344293096e-05,13520.0,-80.0,-320.0,-7.072219830777174e-06,-21760.0,,-160.0,-1.692874874370845e-07,-22400.0,80.0,-160.0,-2.6352205209956335e-05,-21600.0,,-480.0,-1.593200202734148e-05,-21680.0,,,-1.828738398703192e-05,,,,-2.4371799407461262e-05,,,
2.104166666666667,-105.5402887519449,-168.55593577958643,14.054667074233294,16.29655983299017,-4.312607552856207,-403.83514361456037,-516.4031288772821,-26.99692592024803,-2.34377583488822,2.869104901328683,-3.7039803341031075,3.994236239232123,-1.4238372445106506,1.825024215504527,0.1582861877977848,1.2623609602451324,1.9092969712801278,-1.36657526018098,0.5832870374433696,-3.980553592555225,4.8398698680102825,-3.670498989522457,6.573286140337586,-6.267157718539238,-2.5993711405929805e-05,3200.000244140625,9200.0,-40960.0,-1.5732350309705903e-05,15440.0,-80.0,-240.0,-9.275508857196826e-06,-21760.0,,-160.0,1.2684437004489157e-06,-22400.0,,-160.0,-2.5425577099502878e-05,-21600.0,,-480.0,-1.5650166472022773e-05,-21760.0,,,-1.828871722372289e-05,,,,-2.4352781234291505e-05,,,
2.108333333333334,-108.4312610141933,-167.44649379514158,11.764861764386296,10.41717141866684,-4.547840692102909,-387.2477939352393,-491.5850888751447,-25.733911842107773,-2.222546050325036,2.869104901328683,-3.7039803341031075,4.034582059830427,-1.5820413827896118,1.6663264576345682,-0.3165723755955696,0.8678731601685286,1.8703317269682884,-1.2494402378797531,0.2722006174735725,-3.980553592555225,5.1038627699017525,-3.495713323354721,6.485642325133085,-6.09307000413537,-2.6876371315810678e-05,3200.000244140625,9200.0,-40960.0,-1.689303393867243e-05,15440.0,-80.0,-240.0,-9.816229795467867e-06,-21760.0,,-160.0,-1.53563820928054e-06,-22400.0,,-160.0,-2.5763019496722207e-05,-21600.0,,-480.0,-1.5941474874302426e-05,-21760.0,,,-1.838729853756091e-05,,,,-2.4345714507624776e-05,,,
2.1125000000000003,-110.53018608130515,-165.82195374649018,9.869850473478436,5.1691267266869545,-4.861484877765179,-367.83037511631846,-463.4788542985916,-24.628774523735046,-2.262955978512764,2.788285044953227,-3.462416399270296,4.074927880428731,-1.4238372445106506,1.9043730944395065,0.0791430938988924,0.7889756001532078,1.9092969712801278,-1.36657526018098,0.2722006174735725,-3.980553592555225,5.1038627699017525,-3.408320490270853,6.485642325133085,-6.354201575741172,-2.7841974188128624e-05,6240.0,8160.0,-40960.0,-1.539820285724144e-05,16560.0,,-240.0,-1.3012015309860222e-05,-21680.0,,-160.0,-1.0012240384572597e-06,-22400.0,80.0,-160.0,-2.534690469064389e-05,-21680.0,,-480.0,-1.5694370230150915e-05,-21760.0,,,-1.852290148826835e-05,,,,-2.434662431292033e-05,,,
2.116666666666667,-112.39149698987603,-163.04834878537804,7.303689350374043,-0.1578359305858612,-4.704662784934044,-345.18982199952006,-431.84955410659313,-23.444698825478554,-2.303365906700492,2.788285044953227,-3.542937710881233,3.87319877743721,-1.2656331062316895,1.5869775786995888,0.0791430938988924,1.0256682801991701,1.8703317269682884,-1.522755289915949,0.5055154324509203,-4.058603662997484,5.367855671793222,-3.146141991019249,6.310354694724083,-6.09307000413537,-2.750117676467265e-05,6240.0,8160.0,-40960.0,-1.654389949436348e-05,16560.0,,-240.0,-1.241500565255405e-05,-21680.0,,-160.0,-6.1185169065493e-07,-22400.0,80.0,-160.0,-2.532364075942821e-05,-21680.0,,-480.0,-1.5722707708717065e-05,-21760.0,,,-1.8751136732443087e-05,,,,-2.432407563744015e-05,,,
2.1208333333333336,-112.43109934963286,-158.6898267036304,5.290239853784442,-4.892913848161697,-5.4103622026741505,-320.5839430913329,-398.0281241983175,-22.181684747338295,-2.222546050325036,2.5862354040145874,-3.4221557434648275,3.59077803324908,-1.1074289679527283,1.5076286997646093,0.3165723755955696,0.9467707201838493,2.143088437151164,-1.4056202676147223,0.23331481497734785,-3.9025035221129656,5.015865135937929,-3.146141991019249,6.222710879519582,-6.354201575741172,-2.7632614065976543e-05,7120.00048828125,5440.0,-40960.0,-1.559316917297234e-05,22800.0,-80.0,-240.0,-1.2324386565563603e-05,-21680.0,80.0,-160.0,1.5825960596182206e-06,-22400.0,80.0,-240.0,-2.591567223681531e-05,-21680.0,-80.0,-560.0,-1.560320564145286e-05,-21760.0,,,-1.847993655307409e-05,,,,-2.4332748351651654e-05,,,
2.1250000000000004,-110.25296956300735,-151.5576996607706,3.6321049742400646,-9.07556600868702,-5.0183069705963135,-293.0693820118904,-361.5448224917054,-19.971410110592842,-2.1013162657618523,2.5458254758268595,-3.3416344318538904,3.6311238538473845,-1.0283268988132477,1.42827982082963,0.3165723755955696,0.6311804801225662,1.7924012383446097,-1.4446652750484645,0.3499722224660218,-3.9025035221129656,5.1038627699017525,-3.408320490270853,6.397998509928584,-6.09307000413537,-2.726799004345963e-05,6800.0,3120.0,-40960.0,-1.5241335830354775e-05,25600.001953125,,-240.0,-1.0577599498745789e-05,-21760.0,80.0,-160.0,1.12235390856617e-06,-22400.0,80.0,-160.0,-2.5854690486480994e-05,-21600.0,-80.0,-480.0,-1.577368827652048e-05,-21760.0,,,-1.821190066507894e-05,,,,-2.4426338134130206e-05,,,
2.129166666666667,-106.01551706902683,-142.2066886490211,2.0924083003774285,-12.42957953363657,-4.155785460025072,-264.37562545761466,-323.80887523293495,-18.076888993382454,-2.0609063375741243,2.5862354040145874,-3.2208524644374847,3.268011468462646,-0.8701227605342865,1.42827982082963,0.1582861877977848,0.710078040137887,1.9092969712801278,-1.4446652750484645,0.5055154324509203,-3.863478486891836,5.015865135937929,-3.408320490270853,6.397998509928584,-6.267157718539238,-2.6918641976104345e-05,6800.0,3120.0,-40960.0,-1.3929212535022549e-05,25600.001953125,,-240.0,-9.415708518097738e-06,-21760.0,80.0,-160.0,8.447948672900106e-07,-22400.0,80.0,-160.0,-2.6031240397534272e-05,-21600.0,-80.0,-480.0,-1.6079566914969402e-05,-21760.0,,,-1.8309926940466214e-05,,,,-2.44123172143658e-05,,,
2.1333333333333337,-98.33265927620232,-129.76508925203234,0.9475056454539299,-14.244692735373974,-3.528497088700533,-234.03099523857236,-285.4466051980853,-15.392984077334404,-1.9800864811986685,2.5862354040145874,-3.019549185410142,3.2276656478643417,-0.7119186222553253,1.6663264576345682,0.3165723755955696,0.6311804801225662,1.714470749720931,-1.36657526018098,0.31108641996979713,-3.8244534516707063,4.751872234046459,-3.408320490270853,6.6609299555420876,-6.354201575741172,-2.5689006740561415e-05,7200.00048828125,1040.0,-40960.0,-1.4113771402964785e-05,25840.0,,-240.0,-6.5206508471844e-06,-21680.0,80.0,-160.0,4.073789586272287e-06,-22400.0,,-160.0,-2.5801597530072072e-05,-21680.0,-80.0,-480.0,-1.595841689849061e-05,-21680.0,,,-1.8371717406618802e-05,,,,-2.4402790007968956e-05,,,
2.1375,-87.79843158088624,-115.50083516631275,0.8685468416661024,-14.323610700666904,-2.1170982532203197,-204.00081714615226,-247.31920620426536,-12.551202401518822,-1.7780368402600288,2.34377583488822,-2.939027873799205,3.3083572890609503,-0.8701227605342865,1.3489309418946505,0.4748585633933544,0.47338536009192467,1.8703317269682884,-1.3275302527472377,0.31108641996979713,-3.7854284164495766,5.279858037829399,-3.233534824103117,6.748573770746589,-6.267157718539238,-2.574163048920785e-05,8426.6669921875,-2000.0001220703125,-40960.0,-1.318694588192833e-05,23600.0,,-240.0,-5.350874410471054e-06,-21733.333984375,80.0,-160.0,3.894560088815252e-06,-22346.666015625,,-160.0,-2.5925390178074955e-05,-21680.0,,-480.0,-1.593074508459563e-05,-21733.333984375,,,-1.804767413351115e-05,,,,-2.4420427260732043e-05,,,
2.141666666666667,-74.80885758064687,-99.176188823767,1.3422996643930674,-12.034989707171917,-0.6272883713245392,-173.18450873717666,-211.14906588569283,-9.551543965935707,-1.7780368402600288,2.262955978512764,-2.7779852505773306,3.0662823654711246,-0.5537144839763641,1.1108843050897121,0.4748585633933544,0.3155902400612831,1.8703317269682884,-1.4837102824822068,0.3888580249622464,-3.9025035221129656,5.191860403865576,-3.670498989522457,6.573286140337586,-6.09307000413537,-2.6151691370740904e-05,9040.0,-3520.000244140625,-40960.0,-1.4820815048945785e-05,22480.0,,-240.0,-1.4375240766470899e-06,-21760.0,80.0,-160.0,1.0104664538620865e-06,-22320.0,,-160.0,-2.572444337072097e-05,-21680.0,,-480.0,-1.5699809988437962e-05,-21760.0,,,-1.861764521666684e-05,,,,-2.4505454955219517e-05,,,
2.145833333333334,-61.02723638527095,-82.45531320106238,1.8950112909078598,-9.667450748383999,0.9409325569868088,-146.220238879323,-178.5802815295756,-6.315070390701294,-1.6163971275091171,2.0609063375741243,-2.6169426273554564,2.9048990830779076,-0.6328165531158447,1.0315354261547327,0.6331447511911392,0.3944878000766039,1.9092969712801278,-1.2884852453134954,0.07777160499244928,-3.746403381228447,5.367855671793222,-3.146141991019249,6.0474232491105795,-6.52828929014504,-2.567356675341778e-05,10240.0,-9280.0,-40960.0,-1.5238328895242738e-05,15440.0,-80.0,-320.0,-1.164151760976815e-05,-21760.0,80.0,-240.0,6.17334543100041e-07,-22400.0,80.0,-160.0,-2.5702501232104493e-05,-21680.0,,-480.0,-1.562034698357267e-05,-21760.0,,,-1.8660858107182737e-05,,,,-2.4355525908967193e-05,,,
2.1500000000000004,-48.116867104545236,-67.43822348304093,2.6845993287861347,-6.510732136666775,1.960276160389185,-122.08603816106915,-150.1608855649829,-4.104795753955841,-1.8588566966354847,2.0609063375741243,-2.657203283160925,2.703169980086386,-0.7119186222553253,1.1108843050897121,0.4748585633933544,0.47338536009192467,1.7924012383446097,-1.4446652750484645,0.23331481497734785,-3.7073783460073173,5.191860403865576,-2.971356324851513,6.573286140337586,-6.702377004548907,-2.5079273160557875e-05,10240.0,-9280.0,-40960.0,-1.5360997161229417e-05,15440.0,-80.0,-320.0,-3.499727240309546e-07,-21760.0,80.0,-240.0,-3.7885132336333183e-07,-22400.0,80.0,-160.0,-2.6016965800402343e-05,-21680.0,,-480.0,-1.5684493025280833e-05,-21760.0,,,-1.8464990569225107e-05,,,,-2.4331251082978676e-05,,,
2.1541666666666672,-34.29564354941249,-51.86641277279705,3.908460787497461,-3.6302264034748077,3.92055232077837,-101.5680368989706,-126.67378146201372,-1.6577059775590897,-1.697216983884573,2.0609063375741243,-2.576681971549988,2.662824159488082,-0.8701227605342865,1.0315354261547327,0.7122878450900316,0.3944878000766039,1.7534359940327704,-1.4056202676147223,0.3888580249622464,-3.746403381228447,5.191860403865576,-3.495713323354721,6.573286140337586,-5.657850718125701,-2.706055252872457e-05,8640.0009765625,-13120.0,-39920.0,-1.5793206175030773e-05,3760.0,,-240.0,-2.110262150204937e-06,-21760.0,,-160.0,9.464362120574998e-06,-22320.0,160.0,-160.0,-2.58343276325285e-05,-21680.0,-80.0,-560.0,-1.570960517731704e-05,-21760.0,,,-1.8538890791816847e-05,,,,-2.3907968460756346e-05,,,
2.1583333333333337,-24.474258329719305,-40.61350121628493,4.816487031057477,-1.1048515141010284,4.704662784934044,-83.1725874915719,-104.7524842992425,-0.9472605586051941,-1.6163971275091171,2.1013162657618523,-2.4156393483281136,2.824207441881299,-0.6328165531158447,1.1108843050897121,0.7122878450900316,0.3944878000766039,1.7534359940327704,-1.2494402378797531,0.11665740748867393,-3.8244534516707063,5.191860403865576,-3.495713323354721,6.573286140337586,-6.180113861337304,-2.604861062148944e-05,4160.0,-15840.0009765625,-37200.0,-1.5013350448850305e-05,-8480.0,,-320.0,-1.8590833617003087e-05,-21680.0,,-160.0,2.1397035067895404e-06,-22320.0,80.0,-160.0,-2.6047227793734142e-05,-21600.0,-80.0,-480.0,-1.561958881249304e-05,-21760.0,,,-1.8552671385654125e-05,,,,-2.436031716872072e-05,,,
2.1625000000000005,-15.524125024676323,-30.549277500249445,5.369198657572269,0.9470155835151672,5.0183069705963135,-68.7077896669507,-87.99835003912449,0.6315070390701294,-1.737626912072301,2.0609063375741243,-2.4156393483281136,2.662824159488082,-0.31640827655792236,1.1902331840246916,0.5540016572922468,0.3944878000766039,1.9092969712801278,-1.2884852453134954,0.3888580249622464,-3.8244534516707063,5.1038627699017525,-3.495713323354721,6.397998509928584,-6.09307000413537,-2.6568534783995117e-05,4160.0,-15840.0009765625,-37200.0,-1.6183143574864146e-05,-8480.0,,-320.0,-2.554244511831182e-06,-21680.0,,-160.0,7.693957309371012e-06,-22320.0,80.0,-160.0,-2.5858861857930423e-05,-21600.0,-80.0,-480.0,-1.578182884046477e-05,-21760.0,,,-1.852691836447891e-05,,,,-2.4341583190496535e-05,,,
2.166666666666667,-10.296613536775112,-24.605838297866285,5.487636863254011,2.8015877678990364,5.175129063427448,-55.3435742855072,-72.10540959611535,1.0261989384889603,-1.5355772711336613,2.1013162657618523,-2.4156393483281136,2.662824159488082,-0.7910206913948059,1.1902331840246916,0.7122878450900316,0.15779512003064156,1.8703317269682884,-1.2494402378797531,0.31108641996979713,-3.746403381228447,5.191860403865576,-3.233534824103117,6.310354694724083,-6.180113861337304,-2.7713676382666412e-05,-1760.0001220703125,-12560.0,-38960.0,-1.7090537981752883e-05,-19520.0,,-240.0,6.959697705817124e-06,-21760.0,,-160.0,6.093285545223843e-06,-22400.0,80.0,-160.0,-2.586588280823008e-05,-21680.0,-80.0,-400.0000305175781,-1.558176132082829e-05,-21760.0,,,-1.8373321486814947e-05,,,,-2.427399056981758e-05,,,
2.170833333333334,-7.326436555013061,-20.247316216118634,5.013884040527046,4.222111143171787,4.391018599271774,-43.47300650551915,-57.62169539928436,0.9472605586051941,-1.5355772711336613,1.9396765530109406,-2.375378692522645,2.541786697693169,-0.47461241483688354,0.8728376682847738,0.8705740328878164,0.3944878000766039,1.8703317269682884,-1.2494402378797531,0.3499722224660218,-3.7854284164495766,5.1038627699017525,-3.583106156438589,6.485642325133085,-6.180113861337304,-2.6877784661144023e-05,-4000.0,-11546.6669921875,-39493.33203125,-1.6529745060195116e-05,-20826.666015625,,-266.6666564941406,6.056797489133105e-06,-21760.0,,-160.0,-4.486736286279502e-05,-22400.0,106.66666412353516,-160.0,-2.5926950389252657e-05,-21653.333984375,-80.0,-426.66668701171875,-1.5785171468935336e-05,-21760.0,,,-1.8368465377208067e-05,,,,-2.437760156198763e-05,,,
2.1750000000000003,-5.3067162074148655,-16.681252694688737,4.540131217800081,5.405880622565746,3.6853191815316677,-31.7596647888422,-43.84259432554245,0.6315070390701294,-1.4547574147582054,2.1013162657618523,-2.294857380911708,2.4207492358982563,-0.47461241483688354,1.0315354261547327,0.791430938988924,0.3944878000766039,1.7534359940327704,-1.2494402378797531,0.31108641996979713,-3.746403381228447,5.279858037829399,-3.495713323354721,6.485642325133085,-6.09307000413537,-2.6431697778725362e-05,-8480.0,-9520.0,-40560.0,-1.4854921303437312e-05,-23440.0,-80.0,-320.0,-1.4413585626450991e-05,-21760.0,,-160.0,7.570151500662595e-05,-22400.0,160.0,-160.0,-2.5685169155121885e-05,-21600.0,-80.0,-480.0,-1.5859710653317455e-05,-21760.0,,,-1.8306457473311888e-05,,,,-2.437950509591837e-05,,,
2.179166666666667,-2.890972262248397,-12.996320389211178,4.303254806436598,6.589650101959705,3.136441856622696,-22.56194008514285,-31.864171233028173,0.15787675976753235,-1.6163971275091171,2.0204964093863964,-2.1338147576898336,2.4207492358982563,-0.5537144839763641,0.7934887893497944,1.1080033145844936,0.3155902400612831,1.7924012383446097,-1.3275302527472377,0.1944290124811232,-3.629328275565058,4.8398698680102825,-3.058749157935381,6.135067064315081,-6.354201575741172,-2.6895934990688042e-05,-11600.0,-4080.0,-40960.0,-1.4485262834216801e-05,-26960.0,,-240.0,-1.7709278061977824e-05,-21760.0,80.0,-160.0,1.1131955118684066e-05,-22400.0,80.0,-160.0,-2.568897240828611e-05,-21600.0,,-480.0,-1.6254119832009167e-05,-21760.0,,,-1.8254505111382508e-05,,,,-2.4240213332964384e-05,,,
2.1833333333333336,-1.34648023173213,-9.945354931987822,3.8295019837096334,7.102616876363754,2.4307424388825893,-15.01508904621005,-22.39103924483061,0.39469189941883087,-1.3739375583827496,1.8588566966354847,-2.294857380911708,2.541786697693169,-0.5537144839763641,0.9521865472197533,1.0288602206856012,0.3155902400612831,1.7924012383446097,-1.3275302527472377,0.42774382745847106,-3.8244534516707063,4.927867501974106,-3.233534824103117,6.397998509928584,-6.006026146933436,-2.6553279809668397e-05,-11600.0,-4080.0,-40960.0,-1.4859267197286203e-05,-26960.0,,-240.0,-1.1843438118596728e-05,-21760.0,80.0,-160.0,-9.637486433492393e-06,-22400.0,80.0,-160.0,-2.5684513027193854e-05,-21600.0,,-480.0,-1.57102088531578e-05,-21760.0,,,-1.8482303572721435e-05,,,,-2.431216424525831e-05,,,
2.1875000000000004,-0.11880707927048206,-7.449110466986895,3.5136667685583234,7.378829754889011,2.2739203460514545,-8.25436832383275,-14.327133502811193,0.47363027930259705,-1.4547574147582054,1.9396765530109406,-2.2545967251062393,2.4207492358982563,-0.5537144839763641,0.9521865472197533,1.0288602206856012,0.23669268004596233,1.714470749720931,-1.36657526018098,0.1944290124811232,-3.863478486891836,5.1038627699017525,-3.233534824103117,7.099149031564593,-6.180113861337304,-2.5554393703791905e-05,-17440.0,-1440.0,-40960.0,-1.5299355468269813e-05,-24480.0,,-240.0,-1.0118689511501105e-05,-21760.0,,-160.0,-6.68525551061769e-06,-22400.0,,-160.0,-2.5709819728790117e-05,-21680.0,-80.0,-480.0,-1.5844632108738825e-05,-21760.0,,,-1.8294122649734632e-05,,,,-2.4273624358881005e-05,,,
2.191666666666667,1.7029014695435762,-4.675505505874753,3.1583521515130997,7.14207585901022,1.960276160389185,-4.4023297727108,-8.690228518098593,0.47363027930259705,-1.4951673429459333,1.9800864811986685,-2.1338147576898336,2.541786697693169,-0.47461241483688354,0.9521865472197533,0.6331447511911392,0.3944878000766039,1.8703317269682884,-1.4056202676147223,0.23331481497734785,-3.9025035221129656,5.1038627699017525,-3.495713323354721,6.573286140337586,-6.180113861337304,-2.4407579360373856e-05,-22160.001953125,1600.0001220703125,-40320.0,-1.4974904022555771e-05,-18400.0,-80.0,-240.0,-7.171587925924243e-06,-21760.0,80.0,-160.0,-3.96359213782004e-05,-22400.0,,-160.0,-2.5859662944354182e-05,-21680.0,,-480.0,-1.6047672231212038e-05,-21680.0,,,-1.8314268065943535e-05,,,,-2.4380958495572903e-05,,,
2.1958333333333337,2.138527426868677,-2.3377527529373765,2.5661611231043935,6.116142310202122,1.568220928311348,-1.572260633111,-4.932291861623526,0.3157535195350647,-1.4547574147582054,1.9800864811986685,-2.174075413495302,2.4610950564965606,-0.15820413827896118,0.9521865472197533,0.8705740328878164,0.23669268004596233,1.831366482656449,-1.3275302527472377,0.31108641996979713,-3.7854284164495766,4.927867501974106,-3.146141991019249,6.310354694724083,-6.52828929014504,-2.3736772477301856e-05,-22160.001953125,1600.0001220703125,-40320.0,-1.423098369820108e-05,-18400.0,-80.0,-240.0,-6.062949642132709e-06,-21760.0,80.0,-160.0,8.260982492570759e-06,-22400.0,,-160.0,-2.5878532344330955e-05,-21680.0,,-480.0,-1.5679460485925863e-05,-21680.0,,,-1.82981605067801e-05,,,,-2.4427507338839168e-05,,,
2.2,1.1880707927048206,-0.47547513619065285,1.381779066286981,2.998882681131363,1.2545767426490784,0.4716781899333,-0.39145173504948616,0.15787675976753235,-1.4951673429459333,1.9800864811986685,-2.093554101884365,2.380403415299952,-0.39551034569740295,1.0315354261547327,1.0288602206856012,0.23669268004596233,2.065157948527485,-1.2884852453134954,0.3888580249622464,-3.7854284164495766,5.191860403865576,-3.146141991019249,6.310354694724083,-6.180113861337304,-2.3093696535932302e-05,-23520.0,5520.0,-32880.0,-1.4896360359729173e-05,-12880.0,,-240.0,-2.570837968057598e-06,-21680.0,,-240.0,-7.474300842487847e-06,-22400.0,,-240.0,-2.5678241664905e-05,-21680.0,-80.0,-480.0,-1.5609321554828533e-05,-21760.0,,,-1.83933066857391e-05,,,,-2.4490467009700718e-05,,,
2.204166666666667,0.039602359756827354,0.7132127042859793,0.7106292340904474,0.9075566008687019,1.0193436034023762,1.96532579138875,1.5658069401979446,0.3157535195350647,-1.4951673429459333,1.9396765530109406,-2.2143360693007708,2.4207492358982563,-0.15820413827896118,0.7934887893497944,0.8705740328878164,0.3155902400612831,1.9092969712801278,-1.2494402378797531,0.23331481497734785,-3.8244534516707063,4.927867501974106,-2.971356324851513,6.222710879519582,-6.006026146933436,-2.433315080221216e-05,-23520.0,5520.0,-32880.0,-1.5156831703065686e-05,-12880.0,,-240.0,-2.1160364097576193e-06,-21680.0,,-240.0,-8.93619725832206e-06,-22400.0,,-240.0,-2.5452127392404595e-05,-21680.0,-80.0,-480.0,-1.5803195913469906e-05,-21760.0,,,-1.8657859755139526e-05,,,,-2.4671863493617736e-05,,,
2.208333333333334,0.15840943902730942,0.6735897762700915,0.7501086359843612,1.1048515141010284,0.9409325569868088,1.8867127597332,1.5658069401979446,0.23681513965129852,-1.4547574147582054,1.737626912072301,-2.2143360693007708,2.4207492358982563,-0.31640827655792236,0.9521865472197533,1.2662895023822784,0.23669268004596233,2.026192704215646,-1.3275302527472377,0.15554320998489857,-3.746403381228447,5.015865135937929,-3.058749157935381,6.573286140337586,-6.180113861337304,-2.7127002647575355e-05,-20160.0,12560.0,-27280.0,-1.4343679391886277e-05,-13680.0,-80.0,-320.0,-2.17721938537219e-06,-21680.0,-80.0,-160.0,1.7763286545728185e-05,-22400.0,80.0,-160.0,-2.5667068416642194e-05,-21680.0,-80.0,-480.0,-1.560105415220048e-05,-21760.0,,,-1.832056803846181e-05,,,,-2.444042581109659e-05,,,
2.2125000000000004,-0.0,0.752835632301867,0.8290674397721887,1.0653925314545631,1.0193436034023762,1.572260633111,1.4875165931880474,0.3157535195350647,-1.4951673429459333,1.8184467684477568,-2.2143360693007708,2.3400575947016478,-0.5537144839763641,1.0315354261547327,0.9497171267867088,0.15779512003064156,1.6755055054090917,-1.3275302527472377,0.3499722224660218,-3.746403381228447,5.279858037829399,-3.058749157935381,6.485642325133085,-6.180113861337304,-2.6657836846757932e-05,-15600.0009765625,22480.0,-20640.001953125,-1.2860774007751835e-05,-22560.0,,-320.0,-7.237249594535929e-07,-21760.0,80.0,-160.0,1.1359418840338779e-05,-22400.0,160.0,-240.0,-2.5608268673138306e-05,-21680.0,,-480.0,-1.5947058637410887e-05,-21760.0,,,-1.8444881392640135e-05,,,,-2.473771470499933e-05,,,
2.2166666666666672,-0.039602359756827354,0.6339668482542038,0.7895880378782749,0.9470155835151672,1.0193436034023762,1.572260633111,1.330935899168253,0.3157535195350647,-1.2527077738195658,1.9396765530109406,-2.093554101884365,2.4207492358982563,-0.39551034569740295,1.1108843050897121,0.791430938988924,0.07889756001532078,1.7534359940327704,-1.36657526018098,0.2722006174735725,-3.629328275565058,4.663874600082636,-3.233534824103117,6.222710879519582,-6.006026146933436,-2.7074991157838508e-05,-15600.0009765625,22480.0,-20640.001953125,-1.3985921824430153e-05,-22560.0,,-320.0,2.964910976553626e-06,-21760.0,80.0,-160.0,1.7737963154831427e-06,-22400.0,160.0,-240.0,-2.564450448237299e-05,-21680.0,,-480.0,-1.5599643667890076e-05,-21760.0,,,-1.8335294677218573e-05,,,,-2.4694766935942723e-05,,,
2.2208333333333337,0.23761415854096413,0.6735897762700915,0.7895880378782749,0.9864745661616325,0.9409325569868088,1.572260633111,1.9572586752474308,0.39469189941883087,-1.4547574147582054,1.8184467684477568,-2.174075413495302,2.380403415299952,-0.39551034569740295,1.0315354261547327,0.8705740328878164,0.15779512003064156,1.9092969712801278,-1.2884852453134954,0.3888580249622464,-3.746403381228447,5.015865135937929,-3.408320490270853,6.397998509928584,-5.744894575327635,-2.6702043465909016e-05,-12880.0,29760.0,-16480.0,-1.3290661778272918e-05,-27759.998046875,,-240.0,1.7073769526289848e-06,-21760.0,,-160.0,7.735916118164002e-06,-22400.0,80.0,-160.0,-2.5418874676424097e-05,-21680.0,-80.0,-480.0,-1.6272064167901362e-05,-21760.0,,,-1.8290523482873602e-05,,,,-2.4690004286418614e-05,,,
2.2250000000000005,0.15840943902730942,0.6339668482542038,0.9080262435600162,0.9470155835151672,0.9409325569868088,1.65087366476655,1.330935899168253,0.07893837988376617,-1.4547574147582054,1.8992666248232126,-2.1338147576898336,2.380403415299952,-0.39551034569740295,0.8728376682847738,0.8705740328878164,-0.15779512003064156,2.026192704215646,-1.2884852453134954,0.1944290124811232,-3.863478486891836,4.751872234046459,-3.320927657186985,6.310354694724083,-6.006026146933436,-3.484060660148905e-05,-11600.0,32426.666015625,-16693.333984375,-1.4294105493696009e-05,-27600.0,,-293.3333435058594,1.7894885494828302e-06,-21706.666015625,,-160.0,-1.670916076256196e-06,-22346.666015625,80.0,-160.0,-2.5680780345928864e-05,-21626.666015625,-80.0,-480.0,-1.571804614867024e-05,-21760.0,,,-1.825928301969564e-05,,,,-2.4338819442334568e-05,,,
2.229166666666667,-0.07920471951365471,0.6339668482542038,0.9475056454539299,0.9864745661616325,1.0977546498179436,1.80809972807765,1.6440972872078419,0.15787675976753235,-1.4143474865704775,2.14172619394958,-2.1338147576898336,2.2997117741033435,-0.47461241483688354,1.42827982082963,0.8705740328878164,0.3944878000766039,1.9872274599038064,-1.3275302527472377,0.3499722224660218,-3.746403381228447,4.927867501974106,-3.146141991019249,6.748573770746589,-6.180113861337304,-3.374341956202285e-05,-10960.0,33760.0,-16800.0,-1.3577088321739214e-05,-27520.0,-80.0,-320.0,8.852637387813119e-07,-21680.0,80.0,-160.0,-7.442222099587881e-06,-22320.0,80.0,-160.0,-2.5743690425726086e-05,-21600.0,-80.0,-480.0,-1.6327981907628348e-05,-21760.0,,,-1.8289133025723792e-05,,,,-2.431448739588721e-05,,,
2.233333333333334,0.11880707927048206,0.6735897762700915,0.7895880378782749,1.0259335488080978,0.8625215105712414,1.8867127597332,1.330935899168253,0.39469189941883087,-1.4547574147582054,1.7780368402600288,-2.174075413495302,2.4207492358982563,-0.6328165531158447,0.9521865472197533,1.187146408483386,0.23669268004596233,1.7924012383446097,-1.4056202676147223,0.2722006174735725,-3.8244534516707063,4.575876966118813,-3.495713323354721,6.397998509928584,-6.006026146933436,-2.9533931657611725e-05,-10000.0,33680.0,-17040.0,-1.740265460388967e-05,-29920.0,,-320.0,1.9158307414560603e-08,-21680.0,80.0,-160.0,1.1036128016264873e-05,-22320.0,160.0,-160.0,-2.5430425579715246e-05,-21680.0,-80.0,-480.0,-1.5917569120273427e-05,-21760.0,,,-1.8481862975188368e-05,,,,-2.434080880695357e-05,,,
2.2375000000000003,0.11880707927048206,0.4358522081747651,0.7501086359843612,0.8680976182222366,1.0977546498179436,1.4150345697999,1.4092262461781502,0.15787675976753235,-1.6163971275091171,1.8184467684477568,-2.093554101884365,2.380403415299952,-0.5537144839763641,1.1108843050897121,0.8705740328878164,0.23669268004596233,1.948262215591967,-1.3275302527472377,0.23331481497734785,-3.863478486891836,4.927867501974106,-3.233534824103117,5.959779433906078,-6.180113861337304,-2.3526735246386836e-05,-10000.0,33680.0,-17040.0,-1.7573747590518248e-05,-29920.0,,-320.0,-8.633680321829982e-07,-21680.0,80.0,-160.0,1.489288230950602e-05,-22320.0,160.0,-160.0,-2.5688150341027444e-05,-21680.0,-80.0,-480.0,-1.6277698475748465e-05,-21760.0,,,-1.8967899274620423e-05,,,,-2.4492929396779462e-05,,,
2.241666666666667,0.039602359756827354,0.5943439202383161,0.7106292340904474,0.9470155835151672,1.0193436034023762,1.65087366476655,1.330935899168253,0.07893837988376617,-1.3739375583827496,1.9800864811986685,-2.2143360693007708,2.541786697693169,-0.6328165531158447,0.9521865472197533,1.0288602206856012,0.3944878000766039,1.831366482656449,-1.4056202676147223,0.42774382745847106,-3.7854284164495766,4.927867501974106,-3.146141991019249,6.485642325133085,-6.180113861337304,-2.500809090976103e-05,-10560.0,25680.0,-14640.0,-1.657138248074429e-05,-26160.0,,-320.0,-2.4928865369799923e-06,-21680.0,80.0,-240.0,7.766668180883907e-07,-22320.0,80.0,-240.0,-2.569107812117142e-05,-21600.0,-80.0,-480.0,-1.5656878431844694e-05,-21760.0,,,-1.861747164794169e-05,,,,-2.4456733641865964e-05,,,
2.2458333333333336,-0.0,0.5150980642065406,0.7895880378782749,0.8286386355757713,1.176165696233511,2.12255185469985,1.722387634217739,0.39469189941883087,-1.4951673429459333,1.9800864811986685,-2.013032790273428,2.5821325182914734,-0.23730620741844177,1.1902331840246916,0.9497171267867088,0.23669268004596233,1.7924012383446097,-1.2494402378797531,0.2722006174735725,-3.7073783460073173,5.191860403865576,-3.058749157935381,6.310354694724083,-6.09307000413537,-2.5346107418917387e-05,-10080.0,14720.0,-22160.001953125,-1.677598186072089e-05,-21120.0,-80.0,-320.0,-2.770133488336896e-06,-21680.0,,-160.0,-2.9786634369986407e-06,-22400.0,80.0,-80.0,-2.5581932003282924e-05,-21680.0,-80.0,-480.0,-1.5896348913112647e-05,-21760.0,,,-1.8416498137706913e-05,,,,-2.4554769453996378e-05,,,
2.2500000000000004,0.039602359756827354,0.6735897762700915,0.7895880378782749,1.0259335488080978,1.0977546498179436,1.80809972807765,1.722387634217739,0.23681513965129852,-1.5759871993213892,2.0204964093863964,-2.2545967251062393,2.3400575947016478,-0.07910206913948059,0.8728376682847738,1.1080033145844936,0.3944878000766039,1.7534359940327704,-1.3275302527472377,0.4666296299546957,-3.8244534516707063,4.575876966118813,-2.796570658683777,6.222710879519582,-6.180113861337304,-2.3837171494382357e-05,-10080.0,14720.0,-22160.001953125,-1.688280864267774e-05,-21120.0,-80.0,-320.0,-6.881182176382789e-06,-21680.0,,-160.0,4.6117776515872767e-07,-22400.0,80.0,-80.0,-2.5619535381483883e-05,-21680.0,-80.0,-480.0,-1.5798167188812193e-05,-21760.0,,,-1.8197149230790013e-05,,,,-2.4241792617628365e-05,,,
2.254166666666667,0.07920471951365471,0.6735897762700915,0.7895880378782749,0.8680976182222366,1.0193436034023762,1.49364760145545,1.5658069401979446,0.07893837988376617,-1.5355772711336613,1.8588566966354847,-2.2143360693007708,2.219020132906735,-0.47461241483688354,0.6347910314798355,0.9497171267867088,0.07889756001532078,1.8703317269682884,-1.1713502230122685,0.1944290124811232,-3.8244534516707063,4.663874600082636,-3.058749157935381,6.485642325133085,-6.441245432943106,-2.3554494798318703e-05,-7440.0,9920.0,-19280.0,-1.6105701405870216e-05,-15120.0,,-320.0,-6.941894036886244e-06,-21760.0,80.0,-160.0,-4.732288825484981e-06,-22400.0,80.0,-160.0,-2.5439645702982983e-05,-21680.0,-80.0,-480.0,-1.5659339865249124e-05,-21760.0,,,-1.8481504393646304e-05,,,,-2.450693696510347e-05,,,
