[2025-11-03 15:53:20.083] [info] Loaded model Athlete_03 from file C:\Git\1_current_projects\powerlifing_model\models\Athlete_03\25_03_31\scaled_increasedForce3.osim
[2025-11-03 15:53:21.325] [cout] [info] 
               MODEL: Athlete_03
         coordinates: 39
              forces: 97
           actuators: 97
             muscles: 80
            analyses: 0
              probes: 0
              bodies: 22
              joints: 22
         constraints: 2
             markers: 45
         controllers: 0
  contact geometries: 0
misc modelcomponents: 0
[2025-11-03 15:53:21.327] [info] Running tool .
[2025-11-03 15:53:21.912] [info] Frame 0 (t = 3.47):	 total squared error = 0.00113271, marker error: RMS = 0.00772116, max = 0.0167838 (RTHOL)
[2025-11-03 15:53:21.935] [info] Frame 1 (t = 3.475):	 total squared error = 0.00118159, marker error: RMS = 0.00788601, max = 0.0173378 (RTHOL)
[2025-11-03 15:53:21.952] [info] Frame 2 (t = 3.48):	 total squared error = 0.00123657, marker error: RMS = 0.00806737, max = 0.0179059 (RTHOL)
[2025-11-03 15:53:21.969] [info] Frame 3 (t = 3.485):	 total squared error = 0.00129801, marker error: RMS = 0.00826537, max = 0.0184822 (RTHOL)
[2025-11-03 15:53:21.991] [info] Frame 4 (t = 3.49):	 total squared error = 0.00135295, marker error: RMS = 0.00843846, max = 0.0189586 (RTHOL)
[2025-11-03 15:53:22.012] [info] Frame 5 (t = 3.495):	 total squared error = 0.00143715, marker error: RMS = 0.00869710, max = 0.0196648 (RTHOL)
[2025-11-03 15:53:22.054] [info] Frame 6 (t = 3.5):	 total squared error = 0.00147076, marker error: RMS = 0.00879821, max = 0.0195644 (RTHOL)
[2025-11-03 15:53:22.079] [info] Frame 7 (t = 3.50500):	 total squared error = 0.00155198, marker error: RMS = 0.00903787, max = 0.0202071 (RTHOL)
[2025-11-03 15:53:22.101] [info] Frame 8 (t = 3.51):	 total squared error = 0.00162505, marker error: RMS = 0.00924819, max = 0.0207147 (RTHOL)
[2025-11-03 15:53:22.127] [info] Frame 9 (t = 3.515):	 total squared error = 0.00169032, marker error: RMS = 0.00943208, max = 0.0211203 (RTHOL)
[2025-11-03 15:53:22.151] [info] Frame 10 (t = 3.52):	 total squared error = 0.00174024, marker error: RMS = 0.00957035, max = 0.0213447 (RTHOL)
[2025-11-03 15:53:22.222] [info] Frame 11 (t = 3.525):	 total squared error = 0.00177393, marker error: RMS = 0.00966255, max = 0.0214208 (RTHOL)
[2025-11-03 15:53:22.325] [info] Frame 12 (t = 3.53):	 total squared error = 0.00175273, marker error: RMS = 0.00960463, max = 0.0207178 (RTHOL)
[2025-11-03 15:53:22.366] [info] Frame 13 (t = 3.535):	 total squared error = 0.00176328, marker error: RMS = 0.00963349, max = 0.0207028 (RTHOL)
[2025-11-03 15:53:22.386] [info] Frame 14 (t = 3.54):	 total squared error = 0.00174258, marker error: RMS = 0.00957678, max = 0.0203976 (RTHOL)
[2025-11-03 15:53:22.404] [info] Frame 15 (t = 3.545):	 total squared error = 0.00170312, marker error: RMS = 0.00946774, max = 0.0199376 (RTHOL)
[2025-11-03 15:53:22.429] [info] Frame 16 (t = 3.55):	 total squared error = 0.00165098, marker error: RMS = 0.00932169, max = 0.0193698 (RTHOL)
[2025-11-03 15:53:22.458] [info] Frame 17 (t = 3.555):	 total squared error = 0.00158774, marker error: RMS = 0.00914139, max = 0.018697 (RTHOL)
[2025-11-03 15:53:22.480] [info] Frame 18 (t = 3.56):	 total squared error = 0.00151731, marker error: RMS = 0.00893636, max = 0.0179482 (RTHOL)
[2025-11-03 15:53:22.512] [info] Frame 19 (t = 3.565):	 total squared error = 0.00143004, marker error: RMS = 0.00867557, max = 0.01693 (RTHOL)
[2025-11-03 15:53:22.538] [info] Frame 20 (t = 3.57):	 total squared error = 0.00139090, marker error: RMS = 0.00855602, max = 0.0165524 (RTHOL)
[2025-11-03 15:53:22.557] [info] Frame 21 (t = 3.575):	 total squared error = 0.00136501, marker error: RMS = 0.00847600, max = 0.0163105 (RTHOL)
[2025-11-03 15:53:22.584] [info] Frame 22 (t = 3.58):	 total squared error = 0.00135965, marker error: RMS = 0.00845934, max = 0.0162371 (RTHOL)
[2025-11-03 15:53:22.621] [info] Frame 23 (t = 3.585):	 total squared error = 0.00137119, marker error: RMS = 0.00849516, max = 0.0165102 (RTHOL)
[2025-11-03 15:53:22.640] [info] Frame 24 (t = 3.59):	 total squared error = 0.00139337, marker error: RMS = 0.00856359, max = 0.0166039 (RTHOL)
[2025-11-03 15:53:22.672] [info] Frame 25 (t = 3.595):	 total squared error = 0.00145037, marker error: RMS = 0.00873701, max = 0.0173365 (RTHOL)
[2025-11-03 15:53:22.708] [info] Frame 26 (t = 3.6):	 total squared error = 0.00150960, marker error: RMS = 0.00891363, max = 0.0179182 (RTHOL)
[2025-11-03 15:53:22.729] [info] Frame 27 (t = 3.60500):	 total squared error = 0.00156819, marker error: RMS = 0.00908496, max = 0.0181884 (RTHOL)
[2025-11-03 15:53:22.766] [info] Frame 28 (t = 3.61):	 total squared error = 0.00166460, marker error: RMS = 0.00936005, max = 0.0193103 (RTHOL)
[2025-11-03 15:53:22.801] [info] Frame 29 (t = 3.615):	 total squared error = 0.00175143, marker error: RMS = 0.00960107, max = 0.0200499 (RTHOL)
[2025-11-03 15:53:22.836] [info] Frame 30 (t = 3.62):	 total squared error = 0.00184261, marker error: RMS = 0.00984782, max = 0.0207412 (RTHOL)
[2025-11-03 15:53:22.867] [info] Frame 31 (t = 3.625):	 total squared error = 0.00194430, marker error: RMS = 0.0101159, max = 0.0215335 (RTHOL)
[2025-11-03 15:53:22.903] [info] Frame 32 (t = 3.63):	 total squared error = 0.00205574, marker error: RMS = 0.0104018, max = 0.0224803 (RTHOL)
[2025-11-03 15:53:22.934] [info] Frame 33 (t = 3.635):	 total squared error = 0.00217368, marker error: RMS = 0.0106960, max = 0.0233331 (RTHOL)
[2025-11-03 15:53:22.968] [info] Frame 34 (t = 3.64):	 total squared error = 0.00230130, marker error: RMS = 0.0110055, max = 0.0242357 (RTHOL)
[2025-11-03 15:53:23.001] [info] Frame 35 (t = 3.645):	 total squared error = 0.00244363, marker error: RMS = 0.0113407, max = 0.02518 (RTHOL)
[2025-11-03 15:53:23.047] [info] Frame 36 (t = 3.65):	 total squared error = 0.00259606, marker error: RMS = 0.0116891, max = 0.026168 (RTHOL)
[2025-11-03 15:53:23.077] [info] Frame 37 (t = 3.655):	 total squared error = 0.00275715, marker error: RMS = 0.0120463, max = 0.0271472 (RTHOL)
[2025-11-03 15:53:23.110] [info] Frame 38 (t = 3.66):	 total squared error = 0.00293408, marker error: RMS = 0.0124268, max = 0.0281659 (RTHOL)
[2025-11-03 15:53:23.138] [info] Frame 39 (t = 3.665):	 total squared error = 0.00311435, marker error: RMS = 0.0128028, max = 0.0291533 (RTHOL)
[2025-11-03 15:53:23.164] [info] Frame 40 (t = 3.67):	 total squared error = 0.00328202, marker error: RMS = 0.013143, max = 0.0299072 (RTHOL)
[2025-11-03 15:53:23.205] [info] Frame 41 (t = 3.675):	 total squared error = 0.00347964, marker error: RMS = 0.0135329, max = 0.0311162 (RTHOL)
[2025-11-03 15:53:23.232] [info] Frame 42 (t = 3.68):	 total squared error = 0.00365196, marker error: RMS = 0.0138639, max = 0.0319391 (RTHOL)
[2025-11-03 15:53:23.260] [info] Frame 43 (t = 3.685):	 total squared error = 0.00382232, marker error: RMS = 0.0141836, max = 0.0328051 (RTHOL)
[2025-11-03 15:53:23.286] [info] Frame 44 (t = 3.69):	 total squared error = 0.00396625, marker error: RMS = 0.0144482, max = 0.0333333 (RTHOL)
[2025-11-03 15:53:23.318] [info] Frame 45 (t = 3.695):	 total squared error = 0.00413556, marker error: RMS = 0.0147533, max = 0.0342779 (RTHOL)
[2025-11-03 15:53:23.350] [info] Frame 46 (t = 3.7):	 total squared error = 0.00427159, marker error: RMS = 0.014994, max = 0.0348656 (RTHOL)
[2025-11-03 15:53:23.370] [info] Frame 47 (t = 3.70500):	 total squared error = 0.00438757, marker error: RMS = 0.0151962, max = 0.0352036 (RTHOL)
[2025-11-03 15:53:23.399] [info] Frame 48 (t = 3.71):	 total squared error = 0.00451282, marker error: RMS = 0.0154116, max = 0.0357778 (RTHOL)
[2025-11-03 15:53:23.417] [info] Frame 49 (t = 3.715):	 total squared error = 0.00460265, marker error: RMS = 0.0155642, max = 0.0359606 (RTHOL)
[2025-11-03 15:53:23.436] [info] Frame 50 (t = 3.72):	 total squared error = 0.00467171, marker error: RMS = 0.0156805, max = 0.0360795 (RTHOL)
[2025-11-03 15:53:23.470] [info] Frame 51 (t = 3.725):	 total squared error = 0.00475342, marker error: RMS = 0.0158171, max = 0.0364284 (RTHOL)
[2025-11-03 15:53:23.495] [info] Frame 52 (t = 3.73):	 total squared error = 0.00479254, marker error: RMS = 0.015882, max = 0.0363745 (RTHOL)
[2025-11-03 15:53:23.529] [info] Frame 53 (t = 3.735):	 total squared error = 0.00479552, marker error: RMS = 0.015887, max = 0.0362409 (RTHOL)
[2025-11-03 15:53:23.555] [info] Frame 54 (t = 3.74):	 total squared error = 0.00478490, marker error: RMS = 0.0158694, max = 0.0360425 (RTHOL)
[2025-11-03 15:53:23.578] [info] Frame 55 (t = 3.745):	 total squared error = 0.00474303, marker error: RMS = 0.0157998, max = 0.0357635 (RTHOL)
[2025-11-03 15:53:23.609] [info] Frame 56 (t = 3.75):	 total squared error = 0.00465242, marker error: RMS = 0.0156481, max = 0.0352924 (RTHOL)
[2025-11-03 15:53:23.647] [info] Frame 57 (t = 3.755):	 total squared error = 0.00454593, marker error: RMS = 0.015468, max = 0.0348267 (RTHOL)
[2025-11-03 15:53:23.680] [info] Frame 58 (t = 3.76):	 total squared error = 0.00441144, marker error: RMS = 0.0152375, max = 0.0342668 (RTHOL)
[2025-11-03 15:53:23.708] [info] Frame 59 (t = 3.765):	 total squared error = 0.00425187, marker error: RMS = 0.0149594, max = 0.0336346 (RTHOL)
[2025-11-03 15:53:23.744] [info] Frame 60 (t = 3.77):	 total squared error = 0.00407288, marker error: RMS = 0.0146411, max = 0.0329282 (RTHOL)
[2025-11-03 15:53:23.775] [info] Frame 61 (t = 3.775):	 total squared error = 0.00387867, marker error: RMS = 0.0142878, max = 0.0321524 (RTHOL)
[2025-11-03 15:53:23.800] [info] Frame 62 (t = 3.78):	 total squared error = 0.00368423, marker error: RMS = 0.0139251, max = 0.0313905 (RTHOL)
[2025-11-03 15:53:23.825] [info] Frame 63 (t = 3.785):	 total squared error = 0.00348213, marker error: RMS = 0.0135377, max = 0.0305581 (RTHOL)
[2025-11-03 15:53:23.858] [info] Frame 64 (t = 3.79):	 total squared error = 0.00327980, marker error: RMS = 0.0131385, max = 0.0296215 (RTHOL)
[2025-11-03 15:53:23.885] [info] Frame 65 (t = 3.795):	 total squared error = 0.00310772, marker error: RMS = 0.0127892, max = 0.0289195 (RTHOL)
[2025-11-03 15:53:23.920] [info] Frame 66 (t = 3.8):	 total squared error = 0.00292751, marker error: RMS = 0.0124129, max = 0.0279826 (RTHOL)
[2025-11-03 15:53:23.947] [info] Frame 67 (t = 3.80500):	 total squared error = 0.00278432, marker error: RMS = 0.0121055, max = 0.0273246 (RTHOL)
[2025-11-03 15:53:23.974] [info] Frame 68 (t = 3.81):	 total squared error = 0.00264906, marker error: RMS = 0.0118078, max = 0.0265976 (RTHOL)
[2025-11-03 15:53:24.006] [info] Frame 69 (t = 3.815):	 total squared error = 0.00252603, marker error: RMS = 0.0115303, max = 0.0257887 (RTHOL)
[2025-11-03 15:53:24.026] [info] Frame 70 (t = 3.82):	 total squared error = 0.00244291, marker error: RMS = 0.0113391, max = 0.0253007 (RTHOL)
[2025-11-03 15:53:24.061] [info] Frame 71 (t = 3.825):	 total squared error = 0.00235149, marker error: RMS = 0.0111249, max = 0.0244895 (RTHOL)
[2025-11-03 15:53:24.092] [info] Frame 72 (t = 3.83):	 total squared error = 0.00229350, marker error: RMS = 0.0109868, max = 0.0239272 (RTHOL)
[2025-11-03 15:53:24.125] [info] Frame 73 (t = 3.835):	 total squared error = 0.00225092, marker error: RMS = 0.0108844, max = 0.0234024 (RTHOL)
[2025-11-03 15:53:24.139] [info] Frame 74 (t = 3.84):	 total squared error = 0.00223931, marker error: RMS = 0.0108563, max = 0.0231567 (RTHOL)
[2025-11-03 15:53:24.171] [info] Frame 75 (t = 3.845):	 total squared error = 0.00220716, marker error: RMS = 0.0107780, max = 0.0225197 (RTHOL)
[2025-11-03 15:53:24.194] [info] Frame 76 (t = 3.85):	 total squared error = 0.00221150, marker error: RMS = 0.0107886, max = 0.022247 (RTHOL)
[2025-11-03 15:53:24.267] [info] Frame 77 (t = 3.855):	 total squared error = 0.00221237, marker error: RMS = 0.0107908, max = 0.02179 (RTHOL)
[2025-11-03 15:53:24.386] [info] Frame 78 (t = 3.86):	 total squared error = 0.00222604, marker error: RMS = 0.0108241, max = 0.0214667 (RTHOL)
[2025-11-03 15:53:24.478] [info] Frame 79 (t = 3.865):	 total squared error = 0.00224856, marker error: RMS = 0.0108787, max = 0.0212422 (RTHOL)
[2025-11-03 15:53:24.531] [info] Frame 80 (t = 3.87):	 total squared error = 0.00226606, marker error: RMS = 0.0109209, max = 0.0209344 (RTHOL)
[2025-11-03 15:53:24.596] [info] Frame 81 (t = 3.875):	 total squared error = 0.00230050, marker error: RMS = 0.0110036, max = 0.0208597 (RTHOL)
[2025-11-03 15:53:24.658] [info] Frame 82 (t = 3.88):	 total squared error = 0.00232433, marker error: RMS = 0.0110604, max = 0.0206596 (RTHOL)
[2025-11-03 15:53:24.715] [info] Frame 83 (t = 3.885):	 total squared error = 0.00234936, marker error: RMS = 0.0111198, max = 0.0205501 (RTHOL)
[2025-11-03 15:53:24.775] [info] Frame 84 (t = 3.89):	 total squared error = 0.00236737, marker error: RMS = 0.0111624, max = 0.0204609 (RTHOL)
[2025-11-03 15:53:24.823] [info] Frame 85 (t = 3.895):	 total squared error = 0.00238225, marker error: RMS = 0.0111974, max = 0.0204463 (RTHOL)
[2025-11-03 15:53:24.851] [info] Frame 86 (t = 3.9):	 total squared error = 0.00238065, marker error: RMS = 0.0111936, max = 0.0203440 (RTHOL)
[2025-11-03 15:53:24.911] [info] Frame 87 (t = 3.90500):	 total squared error = 0.00238287, marker error: RMS = 0.0111988, max = 0.0204983 (RTHOL)
[2025-11-03 15:53:24.945] [info] Frame 88 (t = 3.91):	 total squared error = 0.00235834, marker error: RMS = 0.0111411, max = 0.0204367 (RTHOL)
[2025-11-03 15:53:25.016] [info] Frame 89 (t = 3.915):	 total squared error = 0.00233655, marker error: RMS = 0.0110895, max = 0.0206363 (RTHOL)
[2025-11-03 15:53:25.061] [info] Frame 90 (t = 3.92):	 total squared error = 0.00229072, marker error: RMS = 0.0109802, max = 0.0206809 (RTHOL)
[2025-11-03 15:53:25.117] [info] Frame 91 (t = 3.925):	 total squared error = 0.00224265, marker error: RMS = 0.0108644, max = 0.0208967 (RTHOL)
[2025-11-03 15:53:25.155] [info] Frame 92 (t = 3.93):	 total squared error = 0.00217206, marker error: RMS = 0.0106920, max = 0.0209817 (RTHOL)
[2025-11-03 15:53:25.193] [info] Frame 93 (t = 3.935):	 total squared error = 0.00209295, marker error: RMS = 0.0104955, max = 0.0211048 (RTHOL)
[2025-11-03 15:53:25.229] [info] Frame 94 (t = 3.94):	 total squared error = 0.00201131, marker error: RMS = 0.0102888, max = 0.021297 (RTHOL)
[2025-11-03 15:53:25.294] [info] Frame 95 (t = 3.945):	 total squared error = 0.00193555, marker error: RMS = 0.0100931, max = 0.0216551 (RTHOL)
[2025-11-03 15:53:25.339] [info] Frame 96 (t = 3.95):	 total squared error = 0.00184317, marker error: RMS = 0.00984933, max = 0.0218435 (RTHOL)
[2025-11-03 15:53:25.374] [info] Frame 97 (t = 3.955):	 total squared error = 0.00175379, marker error: RMS = 0.00960754, max = 0.0220397 (RTHOL)
[2025-11-03 15:53:25.409] [info] Frame 98 (t = 3.96):	 total squared error = 0.00167448, marker error: RMS = 0.00938779, max = 0.0222825 (RTHOL)
[2025-11-03 15:53:25.491] [info] Frame 99 (t = 3.965):	 total squared error = 0.00160630, marker error: RMS = 0.00919467, max = 0.0224070 (RTHOL)
[2025-11-03 15:53:25.531] [info] Frame 100 (t = 3.97):	 total squared error = 0.00153543, marker error: RMS = 0.00898957, max = 0.0225173 (RTHOL)
[2025-11-03 15:53:25.571] [info] Frame 101 (t = 3.975):	 total squared error = 0.00149713, marker error: RMS = 0.00887673, max = 0.0228048 (RTHOL)
[2025-11-03 15:53:25.619] [info] Frame 102 (t = 3.98):	 total squared error = 0.00147024, marker error: RMS = 0.00879666, max = 0.022977 (RTHOL)
[2025-11-03 15:53:25.664] [info] Frame 103 (t = 3.985):	 total squared error = 0.00143636, marker error: RMS = 0.00869470, max = 0.022952 (RTHOL)
[2025-11-03 15:53:25.748] [info] Frame 104 (t = 3.99):	 total squared error = 0.00143578, marker error: RMS = 0.00869296, max = 0.0229651 (RTHOL)
[2025-11-03 15:53:25.801] [info] Frame 105 (t = 3.995):	 total squared error = 0.00144261, marker error: RMS = 0.00871361, max = 0.0231095 (RTHOL)
[2025-11-03 15:53:25.848] [info] Frame 106 (t = 4.0):	 total squared error = 0.00145731, marker error: RMS = 0.00875789, max = 0.0232171 (RTHOL)
[2025-11-03 15:53:25.901] [info] Frame 107 (t = 4.00500):	 total squared error = 0.00148263, marker error: RMS = 0.00883362, max = 0.0233653 (RTHOL)
[2025-11-03 15:53:25.963] [info] Frame 108 (t = 4.01):	 total squared error = 0.00151037, marker error: RMS = 0.00891590, max = 0.0234987 (RTHOL)
[2025-11-03 15:53:26.025] [info] Frame 109 (t = 4.015):	 total squared error = 0.00153348, marker error: RMS = 0.00898383, max = 0.0235717 (RTHOL)
[2025-11-03 15:53:26.099] [info] Frame 110 (t = 4.02):	 total squared error = 0.00153971, marker error: RMS = 0.00900206, max = 0.0232867 (RTHOL)
[2025-11-03 15:53:26.136] [info] Frame 111 (t = 4.025):	 total squared error = 0.00156520, marker error: RMS = 0.00907627, max = 0.0234912 (RTHOL)
[2025-11-03 15:53:26.184] [info] Frame 112 (t = 4.03):	 total squared error = 0.00157735, marker error: RMS = 0.00911144, max = 0.0235797 (RTHOL)
[2025-11-03 15:53:26.253] [info] Frame 113 (t = 4.035):	 total squared error = 0.00159852, marker error: RMS = 0.00917239, max = 0.0236534 (RTHOL)
[2025-11-03 15:53:26.307] [info] Frame 114 (t = 4.04):	 total squared error = 0.00160635, marker error: RMS = 0.00919481, max = 0.0237427 (RTHOL)
[2025-11-03 15:53:26.368] [info] Frame 115 (t = 4.045):	 total squared error = 0.00162131, marker error: RMS = 0.00923752, max = 0.0238781 (RTHOL)
[2025-11-03 15:53:26.466] [info] Frame 116 (t = 4.05):	 total squared error = 0.00165901, marker error: RMS = 0.00934432, max = 0.0241404 (RTHOL)
[2025-11-03 15:53:26.524] [info] Frame 117 (t = 4.055):	 total squared error = 0.00166983, marker error: RMS = 0.00937475, max = 0.0242078 (RTHOL)
[2025-11-03 15:53:26.581] [info] Frame 118 (t = 4.06):	 total squared error = 0.00168896, marker error: RMS = 0.00942829, max = 0.024312 (RTHOL)
[2025-11-03 15:53:26.637] [info] Frame 119 (t = 4.065):	 total squared error = 0.00171646, marker error: RMS = 0.00950472, max = 0.0244659 (RTHOL)
[2025-11-03 15:53:26.721] [info] Frame 120 (t = 4.07):	 total squared error = 0.00177366, marker error: RMS = 0.00966181, max = 0.0248482 (RTHOL)
[2025-11-03 15:53:26.791] [info] Frame 121 (t = 4.075):	 total squared error = 0.00178213, marker error: RMS = 0.00968485, max = 0.0248176 (RTHOL)
[2025-11-03 15:53:26.852] [info] Frame 122 (t = 4.08):	 total squared error = 0.00180023, marker error: RMS = 0.00973390, max = 0.024881 (RTHOL)
[2025-11-03 15:53:26.910] [info] Frame 123 (t = 4.085):	 total squared error = 0.00182865, marker error: RMS = 0.00981043, max = 0.0250703 (RTHOL)
[2025-11-03 15:53:26.971] [info] Frame 124 (t = 4.09):	 total squared error = 0.00183743, marker error: RMS = 0.00983395, max = 0.0251321 (RTHOL)
[2025-11-03 15:53:27.019] [info] Frame 125 (t = 4.095):	 total squared error = 0.00184536, marker error: RMS = 0.00985517, max = 0.0252391 (RTHOL)
[2025-11-03 15:53:27.067] [info] Frame 126 (t = 4.1):	 total squared error = 0.00184441, marker error: RMS = 0.00985263, max = 0.0253138 (RTHOL)
[2025-11-03 15:53:27.144] [info] Frame 127 (t = 4.10500):	 total squared error = 0.00184285, marker error: RMS = 0.00984847, max = 0.0254457 (RTHOL)
[2025-11-03 15:53:27.198] [info] Frame 128 (t = 4.11):	 total squared error = 0.00181962, marker error: RMS = 0.00978619, max = 0.0254399 (RTHOL)
[2025-11-03 15:53:27.302] [info] Frame 129 (t = 4.115):	 total squared error = 0.00180017, marker error: RMS = 0.00973375, max = 0.0254933 (RTHOL)
[2025-11-03 15:53:27.374] [info] Frame 130 (t = 4.12):	 total squared error = 0.00176024, marker error: RMS = 0.00962520, max = 0.0254034 (RTHOL)
[2025-11-03 15:53:27.472] [info] Frame 131 (t = 4.125):	 total squared error = 0.00174276, marker error: RMS = 0.00957728, max = 0.0254848 (RTHOL)
[2025-11-03 15:53:27.531] [info] Frame 132 (t = 4.13):	 total squared error = 0.00170812, marker error: RMS = 0.00948160, max = 0.0255418 (RTHOL)
[2025-11-03 15:53:27.606] [info] Frame 133 (t = 4.135):	 total squared error = 0.00167255, marker error: RMS = 0.00938236, max = 0.0254225 (RTHOL)
[2025-11-03 15:53:27.682] [info] Frame 134 (t = 4.14):	 total squared error = 0.00163856, marker error: RMS = 0.00928654, max = 0.0254127 (RTHOL)
[2025-11-03 15:53:27.751] [info] Frame 135 (t = 4.145):	 total squared error = 0.00161129, marker error: RMS = 0.00920894, max = 0.0254697 (RTHOL)
[2025-11-03 15:53:27.812] [info] Frame 136 (t = 4.15):	 total squared error = 0.00158950, marker error: RMS = 0.00914647, max = 0.0255603 (RTHOL)
[2025-11-03 15:53:27.885] [info] Frame 137 (t = 4.155):	 total squared error = 0.00155990, marker error: RMS = 0.00906090, max = 0.0253103 (RTHOL)
[2025-11-03 15:53:27.971] [info] Frame 138 (t = 4.16):	 total squared error = 0.00154076, marker error: RMS = 0.00900516, max = 0.0250463 (RTHOL)
[2025-11-03 15:53:28.045] [info] Frame 139 (t = 4.165):	 total squared error = 0.00153717, marker error: RMS = 0.00899466, max = 0.0248748 (RTHOL)
[2025-11-03 15:53:28.093] [info] Frame 140 (t = 4.17):	 total squared error = 0.00161267, marker error: RMS = 0.00921289, max = 0.0255866 (RTHOL)
[2025-11-03 15:53:28.163] [info] Frame 141 (t = 4.175):	 total squared error = 0.00158834, marker error: RMS = 0.00914313, max = 0.0246833 (RTHOL)
[2025-11-03 15:53:28.250] [info] Frame 142 (t = 4.18):	 total squared error = 0.00160224, marker error: RMS = 0.00918304, max = 0.0239968 (RTHOL)
[2025-11-03 15:53:28.333] [info] Frame 143 (t = 4.185):	 total squared error = 0.00165013, marker error: RMS = 0.00931929, max = 0.0236227 (RTHOL)
[2025-11-03 15:53:28.421] [info] Frame 144 (t = 4.19):	 total squared error = 0.00170144, marker error: RMS = 0.00946306, max = 0.0231085 (RTHOL)
[2025-11-03 15:53:28.504] [info] Frame 145 (t = 4.195):	 total squared error = 0.00176210, marker error: RMS = 0.00963028, max = 0.0225948 (RTHOL)
[2025-11-03 15:53:28.553] [info] Frame 146 (t = 4.2):	 total squared error = 0.00192291, marker error: RMS = 0.0100601, max = 0.0234054 (RTHOL)
[2025-11-03 15:53:28.635] [info] Frame 147 (t = 4.20500):	 total squared error = 0.00189555, marker error: RMS = 0.00998828, max = 0.0215372 (RTHOL)
[2025-11-03 15:53:28.705] [info] Frame 148 (t = 4.21):	 total squared error = 0.00196799, marker error: RMS = 0.0101774, max = 0.0211162 (RTHOL)
[2025-11-03 15:53:28.773] [info] Frame 149 (t = 4.215):	 total squared error = 0.00203950, marker error: RMS = 0.0103606, max = 0.0207336 (RTHOL)
[2025-11-03 15:53:28.818] [info] Frame 150 (t = 4.22):	 total squared error = 0.00217397, marker error: RMS = 0.0106967, max = 0.0214062 (RTHOL)
[2025-11-03 15:53:28.878] [info] Frame 151 (t = 4.225):	 total squared error = 0.00222257, marker error: RMS = 0.0108156, max = 0.0208731 (RTHOL)
[2025-11-03 15:53:28.952] [info] Frame 152 (t = 4.23):	 total squared error = 0.00227442, marker error: RMS = 0.0109410, max = 0.0204735 (RTHOL)
[2025-11-03 15:53:29.005] [info] Frame 153 (t = 4.235):	 total squared error = 0.00238519, marker error: RMS = 0.0112043, max = 0.0210454 (RTHOL)
[2025-11-03 15:53:29.051] [info] Frame 154 (t = 4.24):	 total squared error = 0.00249316, marker error: RMS = 0.0114551, max = 0.0215942 (RTHOL)
[2025-11-03 15:53:29.099] [info] Frame 155 (t = 4.245):	 total squared error = 0.00259571, marker error: RMS = 0.0116883, max = 0.0220866 (RTHOL)
[2025-11-03 15:53:29.167] [info] Frame 156 (t = 4.25):	 total squared error = 0.00269541, marker error: RMS = 0.0119107, max = 0.0225377 (RTHOL)
[2025-11-03 15:53:29.212] [info] Frame 157 (t = 4.255):	 total squared error = 0.00278689, marker error: RMS = 0.0121111, max = 0.0229261 (RTHOL)
[2025-11-03 15:53:29.276] [info] Frame 158 (t = 4.26):	 total squared error = 0.00289137, marker error: RMS = 0.012336, max = 0.0235471 (RTHOL)
[2025-11-03 15:53:29.324] [info] Frame 159 (t = 4.265):	 total squared error = 0.00296386, marker error: RMS = 0.0124897, max = 0.0238452 (RTHOL)
[2025-11-03 15:53:29.375] [info] Frame 160 (t = 4.27):	 total squared error = 0.00302983, marker error: RMS = 0.0126279, max = 0.0241703 (RTHOL)
[2025-11-03 15:53:29.420] [info] Frame 161 (t = 4.275):	 total squared error = 0.00305618, marker error: RMS = 0.0126827, max = 0.024177 (RTHOL)
[2025-11-03 15:53:29.468] [info] Frame 162 (t = 4.28):	 total squared error = 0.00306342, marker error: RMS = 0.0126978, max = 0.0241361 (RTHOL)
[2025-11-03 15:53:29.514] [info] Frame 163 (t = 4.285):	 total squared error = 0.00306594, marker error: RMS = 0.0127030, max = 0.0242262 (RTHOL)
[2025-11-03 15:53:29.558] [info] Frame 164 (t = 4.29):	 total squared error = 0.00301254, marker error: RMS = 0.0125918, max = 0.0238614 (RTHOL)
[2025-11-03 15:53:29.611] [info] Frame 165 (t = 4.295):	 total squared error = 0.00294867, marker error: RMS = 0.0124576, max = 0.0235707 (RTHOL)
[2025-11-03 15:53:29.652] [info] Frame 166 (t = 4.3):	 total squared error = 0.00283489, marker error: RMS = 0.0122149, max = 0.0228396 (RTHOL)
[2025-11-03 15:53:29.696] [info] Frame 167 (t = 4.30500):	 total squared error = 0.00271340, marker error: RMS = 0.0119503, max = 0.0221441 (RTHOL)
[2025-11-03 15:53:29.734] [info] Frame 168 (t = 4.31):	 total squared error = 0.00256253, marker error: RMS = 0.0116133, max = 0.0211841 (RTHOL)
[2025-11-03 15:53:29.786] [info] Frame 169 (t = 4.315):	 total squared error = 0.00240887, marker error: RMS = 0.0112598, max = 0.0202319 (RTHOL)
[2025-11-03 15:53:29.829] [info] Frame 170 (t = 4.32):	 total squared error = 0.00225151, marker error: RMS = 0.0108858, max = 0.0192147 (RTHOL)
[2025-11-03 15:53:29.871] [info] Frame 171 (t = 4.325):	 total squared error = 0.00209426, marker error: RMS = 0.0104988, max = 0.0181491 (RTHOL)
[2025-11-03 15:53:29.920] [info] Frame 172 (t = 4.33):	 total squared error = 0.00194590, marker error: RMS = 0.0101201, max = 0.017134 (RTHOL)
[2025-11-03 15:53:29.959] [info] Frame 173 (t = 4.335):	 total squared error = 0.00180539, marker error: RMS = 0.00974785, max = 0.016426 (RM5)
[2025-11-03 15:53:30.003] [info] Frame 174 (t = 4.34):	 total squared error = 0.00168348, marker error: RMS = 0.00941299, max = 0.0160960 (RM5)
[2025-11-03 15:53:30.054] [info] Frame 175 (t = 4.345):	 total squared error = 0.00157654, marker error: RMS = 0.00910909, max = 0.015686 (RM5)
[2025-11-03 15:53:30.079] [info] Frame 176 (t = 4.35):	 total squared error = 0.00150347, marker error: RMS = 0.00889549, max = 0.0152613 (RM5)
[2025-11-03 15:53:30.121] [info] Frame 177 (t = 4.355):	 total squared error = 0.00143912, marker error: RMS = 0.00870304, max = 0.015216 (RM5)
[2025-11-03 15:53:30.172] [info] Frame 178 (t = 4.36):	 total squared error = 0.00140751, marker error: RMS = 0.00860695, max = 0.0148751 (RM5)
[2025-11-03 15:53:30.209] [info] Frame 179 (t = 4.365):	 total squared error = 0.00139594, marker error: RMS = 0.00857150, max = 0.0146416 (RTH3)
[2025-11-03 15:53:30.247] [info] Frame 180 (t = 4.37):	 total squared error = 0.00141126, marker error: RMS = 0.00861842, max = 0.0151463 (RTH3)
[2025-11-03 15:53:30.293] [info] Frame 181 (t = 4.375):	 total squared error = 0.00144999, marker error: RMS = 0.00873586, max = 0.0158589 (RTH3)
[2025-11-03 15:53:30.332] [info] Frame 182 (t = 4.38):	 total squared error = 0.00151189, marker error: RMS = 0.00892037, max = 0.0166737 (RTH3)
[2025-11-03 15:53:30.381] [info] Frame 183 (t = 4.385):	 total squared error = 0.00160390, marker error: RMS = 0.00918781, max = 0.0177080 (RTH3)
[2025-11-03 15:53:30.421] [info] Frame 184 (t = 4.39):	 total squared error = 0.00169896, marker error: RMS = 0.00945617, max = 0.0186432 (RTH3)
[2025-11-03 15:53:30.447] [info] Frame 185 (t = 4.395):	 total squared error = 0.00183869, marker error: RMS = 0.00983735, max = 0.0198794 (RTH2)
[2025-11-03 15:53:30.518] [info] Frame 186 (t = 4.4):	 total squared error = 0.00194231, marker error: RMS = 0.0101107, max = 0.0209287 (RTH2)
[2025-11-03 15:53:30.553] [info] Frame 187 (t = 4.40500):	 total squared error = 0.00208648, marker error: RMS = 0.0104793, max = 0.0221663 (RTH2)
[2025-11-03 15:53:30.592] [info] Frame 188 (t = 4.41):	 total squared error = 0.00223096, marker error: RMS = 0.0108360, max = 0.0233142 (RTH2)
[2025-11-03 15:53:30.642] [info] Frame 189 (t = 4.415):	 total squared error = 0.00237316, marker error: RMS = 0.011176, max = 0.0244163 (RTH2)
[2025-11-03 15:53:30.678] [info] Frame 190 (t = 4.42):	 total squared error = 0.00252324, marker error: RMS = 0.011524, max = 0.0255395 (RTHOL)
[2025-11-03 15:53:30.720] [info] Frame 191 (t = 4.425):	 total squared error = 0.00266626, marker error: RMS = 0.0118461, max = 0.0265988 (RTHOL)
[2025-11-03 15:53:30.776] [info] Frame 192 (t = 4.43):	 total squared error = 0.00276399, marker error: RMS = 0.0120612, max = 0.0271581 (RTHOL)
[2025-11-03 15:53:30.816] [info] Frame 193 (t = 4.435):	 total squared error = 0.00287033, marker error: RMS = 0.0122911, max = 0.0279843 (RTHOL)
[2025-11-03 15:53:30.854] [info] Frame 194 (t = 4.44):	 total squared error = 0.00295831, marker error: RMS = 0.012478, max = 0.0287029 (RTHOL)
[2025-11-03 15:53:30.920] [info] Frame 195 (t = 4.445):	 total squared error = 0.00297274, marker error: RMS = 0.0125084, max = 0.0286855 (RTHOL)
[2025-11-03 15:53:30.953] [info] Frame 196 (t = 4.45):	 total squared error = 0.00300445, marker error: RMS = 0.0125749, max = 0.0291633 (RTHOL)
[2025-11-03 15:53:30.991] [info] Frame 197 (t = 4.455):	 total squared error = 0.00298632, marker error: RMS = 0.0125369, max = 0.0293101 (RTHOL)
[2025-11-03 15:53:31.036] [info] Frame 198 (t = 4.46):	 total squared error = 0.00294092, marker error: RMS = 0.0124413, max = 0.0292187 (RTHOL)
[2025-11-03 15:53:31.080] [info] Frame 199 (t = 4.465):	 total squared error = 0.00285180, marker error: RMS = 0.0122513, max = 0.0289829 (RTHOL)
[2025-11-03 15:53:31.112] [info] Frame 200 (t = 4.47):	 total squared error = 0.00272359, marker error: RMS = 0.0119727, max = 0.028549 (RTHOL)
[2025-11-03 15:53:31.147] [info] Frame 201 (t = 4.475):	 total squared error = 0.00257087, marker error: RMS = 0.0116322, max = 0.0279257 (RTHOL)
[2025-11-03 15:53:31.187] [info] Frame 202 (t = 4.48):	 total squared error = 0.00241165, marker error: RMS = 0.0112663, max = 0.0272824 (RTHOL)
[2025-11-03 15:53:31.221] [info] Frame 203 (t = 4.485):	 total squared error = 0.00222695, marker error: RMS = 0.0108263, max = 0.026391 (RTHOL)
[2025-11-03 15:53:31.262] [info] Frame 204 (t = 4.49):	 total squared error = 0.00203952, marker error: RMS = 0.0103607, max = 0.0254096 (RTHOL)
[2025-11-03 15:53:31.318] [info] Frame 205 (t = 4.495):	 total squared error = 0.00182263, marker error: RMS = 0.00979427, max = 0.0239084 (RTHOL)
[2025-11-03 15:53:31.358] [info] Frame 206 (t = 4.5):	 total squared error = 0.00164292, marker error: RMS = 0.00929889, max = 0.0228053 (RTHOL)
[2025-11-03 15:53:31.399] [info] Frame 207 (t = 4.50500):	 total squared error = 0.00149043, marker error: RMS = 0.00885685, max = 0.0217956 (RTHOL)
[2025-11-03 15:53:31.443] [info] Frame 208 (t = 4.51):	 total squared error = 0.00135794, marker error: RMS = 0.00845401, max = 0.0208199 (RTHOL)
[2025-11-03 15:53:31.489] [info] Frame 209 (t = 4.515):	 total squared error = 0.00124778, marker error: RMS = 0.00810387, max = 0.0199 (RTHOL)
[2025-11-03 15:53:31.547] [info] Frame 210 (t = 4.52):	 total squared error = 0.00117176, marker error: RMS = 0.00785311, max = 0.0192426 (RTHOL)
[2025-11-03 15:53:31.587] [info] Frame 211 (t = 4.525):	 total squared error = 0.00110445, marker error: RMS = 0.00762422, max = 0.0184871 (RTHOL)
[2025-11-03 15:53:31.656] [info] Frame 212 (t = 4.53):	 total squared error = 0.00107990, marker error: RMS = 0.00753901, max = 0.0181929 (RTHOL)
[2025-11-03 15:53:31.695] [info] Frame 213 (t = 4.535):	 total squared error = 0.00106403, marker error: RMS = 0.00748343, max = 0.0178865 (RTHOL)
[2025-11-03 15:53:31.730] [info] Frame 214 (t = 4.54):	 total squared error = 0.00105159, marker error: RMS = 0.00743954, max = 0.0175404 (RTHOL)
[2025-11-03 15:53:31.761] [info] Frame 215 (t = 4.545):	 total squared error = 0.00107201, marker error: RMS = 0.00751142, max = 0.017631 (RTHOL)
[2025-11-03 15:53:31.798] [info] Frame 216 (t = 4.55):	 total squared error = 0.00109848, marker error: RMS = 0.00760359, max = 0.0178029 (RTHOL)
[2025-11-03 15:53:31.817] [info] Frame 217 (t = 4.555):	 total squared error = 0.00112242, marker error: RMS = 0.00768602, max = 0.0179748 (RTHOL)
[2025-11-03 15:53:31.877] [info] Frame 218 (t = 4.56):	 total squared error = 0.00115520, marker error: RMS = 0.00779744, max = 0.0181841 (RTHOL)
[2025-11-03 15:53:31.906] [info] Frame 219 (t = 4.565):	 total squared error = 0.00120239, marker error: RMS = 0.00795509, max = 0.0186247 (RTHOL)
[2025-11-03 15:53:31.947] [info] Frame 220 (t = 4.57):	 total squared error = 0.00125269, marker error: RMS = 0.00811980, max = 0.0190615 (RTHOL)
[2025-11-03 15:53:31.990] [info] Frame 221 (t = 4.575):	 total squared error = 0.00130905, marker error: RMS = 0.00830044, max = 0.0195393 (RTHOL)
[2025-11-03 15:53:32.064] [info] Frame 222 (t = 4.58):	 total squared error = 0.00135502, marker error: RMS = 0.00844494, max = 0.0197183 (RTHOL)
[2025-11-03 15:53:32.096] [info] Frame 223 (t = 4.585):	 total squared error = 0.00144282, marker error: RMS = 0.00871425, max = 0.0204136 (RTHOL)
[2025-11-03 15:53:32.150] [info] Frame 224 (t = 4.59):	 total squared error = 0.00148964, marker error: RMS = 0.00885449, max = 0.0206235 (RTHOL)
[2025-11-03 15:53:32.195] [info] Frame 225 (t = 4.595):	 total squared error = 0.00157653, marker error: RMS = 0.00910909, max = 0.0212822 (RTHOL)
[2025-11-03 15:53:32.234] [info] Frame 226 (t = 4.6):	 total squared error = 0.00165865, marker error: RMS = 0.00934331, max = 0.0218387 (RTHOL)
[2025-11-03 15:53:32.268] [info] Frame 227 (t = 4.60500):	 total squared error = 0.00175491, marker error: RMS = 0.00961061, max = 0.0224855 (RTHOL)
[2025-11-03 15:53:32.308] [info] Frame 228 (t = 4.61):	 total squared error = 0.00183936, marker error: RMS = 0.00983913, max = 0.0229738 (RTHOL)
[2025-11-03 15:53:32.381] [info] Frame 229 (t = 4.615):	 total squared error = 0.00187622, marker error: RMS = 0.00993723, max = 0.0227813 (RTHOL)
[2025-11-03 15:53:32.422] [info] Frame 230 (t = 4.62):	 total squared error = 0.00196248, marker error: RMS = 0.0101631, max = 0.0233023 (RTHOL)
[2025-11-03 15:53:32.467] [info] Frame 231 (t = 4.625):	 total squared error = 0.00203143, marker error: RMS = 0.0103401, max = 0.0236631 (RTHOL)
[2025-11-03 15:53:32.487] [info] Frame 232 (t = 4.63):	 total squared error = 0.00210329, marker error: RMS = 0.0105214, max = 0.0239536 (RTHOL)
[2025-11-03 15:53:32.551] [info] Frame 233 (t = 4.635):	 total squared error = 0.00210657, marker error: RMS = 0.0105296, max = 0.0237571 (RTHOL)
[2025-11-03 15:53:32.597] [info] Frame 234 (t = 4.64):	 total squared error = 0.00214548, marker error: RMS = 0.0106264, max = 0.0239582 (RTHOL)
[2025-11-03 15:53:32.646] [info] Frame 235 (t = 4.645):	 total squared error = 0.00215773, marker error: RMS = 0.0106567, max = 0.0239551 (RTHOL)
[2025-11-03 15:53:32.668] [info] Frame 236 (t = 4.65):	 total squared error = 0.00217506, marker error: RMS = 0.0106994, max = 0.0240239 (RTHOL)
[2025-11-03 15:53:32.739] [info] Frame 237 (t = 4.655):	 total squared error = 0.00217754, marker error: RMS = 0.0107055, max = 0.0240349 (RTHOL)
[2025-11-03 15:53:32.833] [info] Frame 238 (t = 4.66):	 total squared error = 0.00216224, marker error: RMS = 0.0106678, max = 0.0238564 (RTHOL)
[2025-11-03 15:53:32.859] [info] InverseKinematicsTool completed 239 frames in 11 second(s).
[2025-11-04 08:02:28.041] [info] Loaded model Athlete_03 from file C:\Git\1_current_projects\powerlifing_model\models\Athlete_03\25_03_31\scaled_increasedForce3.osim
[2025-11-04 08:02:29.273] [cout] [info] 
               MODEL: Athlete_03
         coordinates: 39
              forces: 97
           actuators: 97
             muscles: 80
            analyses: 0
              probes: 0
              bodies: 22
              joints: 22
         constraints: 2
             markers: 45
         controllers: 0
  contact geometries: 0
misc modelcomponents: 0
[2025-11-04 08:02:29.274] [info] Running tool .
[2025-11-04 08:02:29.695] [info] Frame 14 (t = 3.54):	 total squared error = 0.00171823, marker error: RMS = 0.00950964, max = 0.0200226 (RTHOL)
[2025-11-04 08:02:29.713] [info] Frame 15 (t = 3.545):	 total squared error = 0.00168531, marker error: RMS = 0.00941809, max = 0.0196456 (RTHOL)
[2025-11-04 08:02:29.742] [info] Frame 16 (t = 3.55):	 total squared error = 0.00161410, marker error: RMS = 0.00921698, max = 0.0187916 (RTHOL)
[2025-11-04 08:02:29.761] [info] Frame 17 (t = 3.555):	 total squared error = 0.00156539, marker error: RMS = 0.00907683, max = 0.0183297 (RTHOL)
[2025-11-04 08:02:29.784] [info] Frame 18 (t = 3.56):	 total squared error = 0.00150233, marker error: RMS = 0.00889212, max = 0.0177122 (RTHOL)
[2025-11-04 08:02:29.803] [info] Frame 19 (t = 3.565):	 total squared error = 0.00144479, marker error: RMS = 0.00872018, max = 0.0171217 (RTHOL)
[2025-11-04 08:02:29.832] [info] Frame 20 (t = 3.57):	 total squared error = 0.00138601, marker error: RMS = 0.00854096, max = 0.016516 (RTHOL)
[2025-11-04 08:02:29.852] [info] Frame 21 (t = 3.575):	 total squared error = 0.00135992, marker error: RMS = 0.00846019, max = 0.0162475 (RTHOL)
[2025-11-04 08:02:29.876] [info] Frame 22 (t = 3.58):	 total squared error = 0.00135562, marker error: RMS = 0.00844680, max = 0.0163105 (RTHOL)
[2025-11-04 08:02:29.891] [info] Frame 23 (t = 3.585):	 total squared error = 0.00136522, marker error: RMS = 0.00847665, max = 0.0163368 (RTHOL)
[2025-11-04 08:02:29.907] [info] Frame 24 (t = 3.59):	 total squared error = 0.00139421, marker error: RMS = 0.00856619, max = 0.0165361 (RTHOL)
[2025-11-04 08:02:29.933] [info] Frame 25 (t = 3.595):	 total squared error = 0.00145281, marker error: RMS = 0.00874436, max = 0.0173818 (RTHOL)
[2025-11-04 08:02:29.948] [info] Frame 26 (t = 3.6):	 total squared error = 0.00150032, marker error: RMS = 0.00888617, max = 0.0176005 (RTHOL)
[2025-11-04 08:02:29.990] [info] Frame 27 (t = 3.60500):	 total squared error = 0.00158126, marker error: RMS = 0.00912272, max = 0.0185782 (RTHOL)
[2025-11-04 08:02:30.017] [info] Frame 28 (t = 3.61):	 total squared error = 0.00166243, marker error: RMS = 0.00935395, max = 0.0192675 (RTHOL)
[2025-11-04 08:02:30.032] [info] Frame 29 (t = 3.615):	 total squared error = 0.00173510, marker error: RMS = 0.00955620, max = 0.0195609 (RTHOL)
[2025-11-04 08:02:30.057] [info] Frame 30 (t = 3.62):	 total squared error = 0.00185034, marker error: RMS = 0.00986845, max = 0.0208546 (RTHOL)
[2025-11-04 08:02:30.073] [info] Frame 31 (t = 3.625):	 total squared error = 0.00193307, marker error: RMS = 0.0100867, max = 0.0212066 (RTHOL)
[2025-11-04 08:02:30.100] [info] Frame 32 (t = 3.63):	 total squared error = 0.00206193, marker error: RMS = 0.0104174, max = 0.0225377 (RTHOL)
[2025-11-04 08:02:30.125] [info] Frame 33 (t = 3.635):	 total squared error = 0.00217223, marker error: RMS = 0.0106924, max = 0.023332 (RTHOL)
[2025-11-04 08:02:30.149] [info] Frame 34 (t = 3.64):	 total squared error = 0.00230573, marker error: RMS = 0.0110161, max = 0.0242625 (RTHOL)
[2025-11-04 08:02:30.176] [info] Frame 35 (t = 3.645):	 total squared error = 0.00244403, marker error: RMS = 0.0113417, max = 0.0251965 (RTHOL)
[2025-11-04 08:02:30.197] [info] Frame 36 (t = 3.65):	 total squared error = 0.00258719, marker error: RMS = 0.0116691, max = 0.0258917 (RTHOL)
[2025-11-04 08:02:30.227] [info] Frame 37 (t = 3.655):	 total squared error = 0.00276478, marker error: RMS = 0.0120630, max = 0.0272078 (RTHOL)
[2025-11-04 08:02:30.256] [info] Frame 38 (t = 3.66):	 total squared error = 0.00293209, marker error: RMS = 0.0124226, max = 0.0281888 (RTHOL)
[2025-11-04 08:02:30.280] [info] Frame 39 (t = 3.665):	 total squared error = 0.00310913, marker error: RMS = 0.0127921, max = 0.0290400 (RTHOL)
[2025-11-04 08:02:30.307] [info] Frame 40 (t = 3.67):	 total squared error = 0.00329908, marker error: RMS = 0.0131771, max = 0.0301746 (RTHOL)
[2025-11-04 08:02:30.327] [info] Frame 41 (t = 3.675):	 total squared error = 0.00347005, marker error: RMS = 0.0135142, max = 0.0309727 (RTHOL)
[2025-11-04 08:02:30.355] [info] Frame 42 (t = 3.68):	 total squared error = 0.00365825, marker error: RMS = 0.0138759, max = 0.0320165 (RTHOL)
[2025-11-04 08:02:30.375] [info] Frame 43 (t = 3.685):	 total squared error = 0.00382867, marker error: RMS = 0.0141954, max = 0.032814 (RTHOL)
[2025-11-04 08:02:30.398] [info] Frame 44 (t = 3.69):	 total squared error = 0.00398560, marker error: RMS = 0.0144834, max = 0.0335919 (RTHOL)
[2025-11-04 08:02:30.409] [info] Frame 45 (t = 3.695):	 total squared error = 0.00416102, marker error: RMS = 0.0147987, max = 0.0341686 (RTHOL)
[2025-11-04 08:02:30.440] [info] Frame 46 (t = 3.7):	 total squared error = 0.00427818, marker error: RMS = 0.0150056, max = 0.0349123 (RTHOL)
[2025-11-04 08:02:30.466] [info] Frame 47 (t = 3.70500):	 total squared error = 0.00438989, marker error: RMS = 0.0152002, max = 0.035297 (RTHOL)
[2025-11-04 08:02:30.489] [info] Frame 48 (t = 3.71):	 total squared error = 0.00449789, marker error: RMS = 0.0153861, max = 0.0356625 (RTHOL)
[2025-11-04 08:02:30.515] [info] Frame 49 (t = 3.715):	 total squared error = 0.00460910, marker error: RMS = 0.0155751, max = 0.0360959 (RTHOL)
[2025-11-04 08:02:30.531] [info] Frame 50 (t = 3.72):	 total squared error = 0.00469057, marker error: RMS = 0.0157122, max = 0.0362332 (RTHOL)
[2025-11-04 08:02:30.558] [info] Frame 51 (t = 3.725):	 total squared error = 0.00475051, marker error: RMS = 0.0158122, max = 0.0364086 (RTHOL)
[2025-11-04 08:02:30.577] [info] Frame 52 (t = 3.73):	 total squared error = 0.00479179, marker error: RMS = 0.0158808, max = 0.0363736 (RTHOL)
[2025-11-04 08:02:30.607] [info] Frame 53 (t = 3.735):	 total squared error = 0.00480085, marker error: RMS = 0.0158958, max = 0.0362831 (RTHOL)
[2025-11-04 08:02:30.626] [info] Frame 54 (t = 3.74):	 total squared error = 0.00479154, marker error: RMS = 0.0158804, max = 0.0360949 (RTHOL)
[2025-11-04 08:02:30.661] [info] Frame 55 (t = 3.745):	 total squared error = 0.00473112, marker error: RMS = 0.0157799, max = 0.0357109 (RTHOL)
[2025-11-04 08:02:30.688] [info] Frame 56 (t = 3.75):	 total squared error = 0.00465568, marker error: RMS = 0.0156536, max = 0.0353295 (RTHOL)
[2025-11-04 08:02:30.707] [info] Frame 57 (t = 3.755):	 total squared error = 0.00456720, marker error: RMS = 0.0155042, max = 0.034966 (RTHOL)
[2025-11-04 08:02:30.735] [info] Frame 58 (t = 3.76):	 total squared error = 0.00440859, marker error: RMS = 0.0152326, max = 0.034247 (RTHOL)
[2025-11-04 08:02:30.757] [info] Frame 59 (t = 3.765):	 total squared error = 0.00425062, marker error: RMS = 0.0149572, max = 0.0336248 (RTHOL)
[2025-11-04 08:02:30.782] [info] Frame 60 (t = 3.77):	 total squared error = 0.00407383, marker error: RMS = 0.0146428, max = 0.0329392 (RTHOL)
[2025-11-04 08:02:30.809] [info] Frame 61 (t = 3.775):	 total squared error = 0.00387940, marker error: RMS = 0.0142891, max = 0.0321615 (RTHOL)
[2025-11-04 08:02:30.825] [info] Frame 62 (t = 3.78):	 total squared error = 0.00372530, marker error: RMS = 0.0140024, max = 0.0316828 (RTHOL)
[2025-11-04 08:02:30.852] [info] Frame 63 (t = 3.785):	 total squared error = 0.00348596, marker error: RMS = 0.0135452, max = 0.0306071 (RTHOL)
[2025-11-04 08:02:30.884] [info] Frame 64 (t = 3.79):	 total squared error = 0.00328043, marker error: RMS = 0.0131398, max = 0.0296314 (RTHOL)
[2025-11-04 08:02:30.905] [info] Frame 65 (t = 3.795):	 total squared error = 0.00310725, marker error: RMS = 0.0127883, max = 0.0289187 (RTHOL)
[2025-11-04 08:02:30.937] [info] Frame 66 (t = 3.8):	 total squared error = 0.00292704, marker error: RMS = 0.0124119, max = 0.0279812 (RTHOL)
[2025-11-04 08:02:30.966] [info] Frame 67 (t = 3.80500):	 total squared error = 0.00277619, marker error: RMS = 0.0120878, max = 0.027227 (RTHOL)
[2025-11-04 08:02:30.988] [info] Frame 68 (t = 3.81):	 total squared error = 0.00266254, marker error: RMS = 0.0118378, max = 0.0267393 (RTHOL)
[2025-11-04 08:02:31.020] [info] Frame 69 (t = 3.815):	 total squared error = 0.00252537, marker error: RMS = 0.0115288, max = 0.0257466 (RTHOL)
[2025-11-04 08:02:31.047] [info] Frame 70 (t = 3.82):	 total squared error = 0.00242891, marker error: RMS = 0.0113065, max = 0.0250964 (RTHOL)
[2025-11-04 08:02:31.071] [info] Frame 71 (t = 3.825):	 total squared error = 0.00235368, marker error: RMS = 0.0111301, max = 0.0245083 (RTHOL)
[2025-11-04 08:02:31.094] [info] Frame 72 (t = 3.83):	 total squared error = 0.00229395, marker error: RMS = 0.0109879, max = 0.0239351 (RTHOL)
[2025-11-04 08:02:31.117] [info] Frame 73 (t = 3.835):	 total squared error = 0.00225071, marker error: RMS = 0.0108839, max = 0.0234233 (RTHOL)
[2025-11-04 08:02:31.127] [info] Frame 74 (t = 3.84):	 total squared error = 0.00224511, marker error: RMS = 0.0108703, max = 0.0232426 (RTHOL)
[2025-11-04 08:02:31.156] [info] Frame 75 (t = 3.845):	 total squared error = 0.00220765, marker error: RMS = 0.0107792, max = 0.0225151 (RTHOL)
[2025-11-04 08:02:31.174] [info] Frame 76 (t = 3.85):	 total squared error = 0.00221124, marker error: RMS = 0.0107880, max = 0.0222467 (RTHOL)
[2025-11-04 08:02:31.201] [info] Frame 77 (t = 3.855):	 total squared error = 0.00221224, marker error: RMS = 0.0107904, max = 0.0217924 (RTHOL)
[2025-11-04 08:02:31.213] [info] Frame 78 (t = 3.86):	 total squared error = 0.00222163, marker error: RMS = 0.0108133, max = 0.0214505 (RTHOL)
[2025-11-04 08:02:31.239] [info] Frame 79 (t = 3.865):	 total squared error = 0.00224606, marker error: RMS = 0.0108726, max = 0.0212301 (RTHOL)
[2025-11-04 08:02:31.256] [info] Frame 80 (t = 3.87):	 total squared error = 0.00226678, marker error: RMS = 0.0109226, max = 0.0209659 (RTHOL)
[2025-11-04 08:02:31.283] [info] Frame 81 (t = 3.875):	 total squared error = 0.00229910, marker error: RMS = 0.0110002, max = 0.0208414 (RTHOL)
[2025-11-04 08:02:31.303] [info] Frame 82 (t = 3.88):	 total squared error = 0.00232468, marker error: RMS = 0.0110613, max = 0.0206671 (RTHOL)
[2025-11-04 08:02:31.328] [info] Frame 83 (t = 3.885):	 total squared error = 0.00235116, marker error: RMS = 0.0111241, max = 0.0205948 (RTHOL)
[2025-11-04 08:02:31.358] [info] Frame 84 (t = 3.89):	 total squared error = 0.00236881, marker error: RMS = 0.0111658, max = 0.0204825 (RTHOL)
[2025-11-04 08:02:31.376] [info] Frame 85 (t = 3.895):	 total squared error = 0.00237558, marker error: RMS = 0.0111817, max = 0.0203454 (RTHOL)
[2025-11-04 08:02:31.402] [info] Frame 86 (t = 3.9):	 total squared error = 0.00238803, marker error: RMS = 0.011211, max = 0.0204733 (RTHOL)
[2025-11-04 08:02:31.421] [info] Frame 87 (t = 3.90500):	 total squared error = 0.00237595, marker error: RMS = 0.0111826, max = 0.0203919 (RTHOL)
[2025-11-04 08:02:31.452] [info] Frame 88 (t = 3.91):	 total squared error = 0.00236636, marker error: RMS = 0.01116, max = 0.0205626 (RTHOL)
[2025-11-04 08:02:31.472] [info] Frame 89 (t = 3.915):	 total squared error = 0.00233009, marker error: RMS = 0.0110741, max = 0.0205331 (RTHOL)
[2025-11-04 08:02:31.505] [info] Frame 90 (t = 3.92):	 total squared error = 0.00229610, marker error: RMS = 0.0109931, max = 0.0207587 (RTHOL)
[2025-11-04 08:02:31.524] [info] Frame 91 (t = 3.925):	 total squared error = 0.00223754, marker error: RMS = 0.0108520, max = 0.0208224 (RTHOL)
[2025-11-04 08:02:31.543] [info] Frame 92 (t = 3.93):	 total squared error = 0.00216931, marker error: RMS = 0.0106852, max = 0.0209271 (RTHOL)
[2025-11-04 08:02:31.574] [info] Frame 93 (t = 3.935):	 total squared error = 0.00210369, marker error: RMS = 0.0105224, max = 0.0212422 (RTHOL)
[2025-11-04 08:02:31.591] [info] Frame 94 (t = 3.94):	 total squared error = 0.00201603, marker error: RMS = 0.0103008, max = 0.0213825 (RTHOL)
[2025-11-04 08:02:31.620] [info] Frame 95 (t = 3.945):	 total squared error = 0.00193432, marker error: RMS = 0.0100899, max = 0.0216217 (RTHOL)
[2025-11-04 08:02:31.640] [info] Frame 96 (t = 3.95):	 total squared error = 0.00184217, marker error: RMS = 0.00984663, max = 0.0218104 (RTHOL)
[2025-11-04 08:02:31.657] [info] Frame 97 (t = 3.955):	 total squared error = 0.00175501, marker error: RMS = 0.00961089, max = 0.0220359 (RTHOL)
[2025-11-04 08:02:31.675] [info] Frame 98 (t = 3.96):	 total squared error = 0.00167531, marker error: RMS = 0.00939011, max = 0.02227 (RTHOL)
[2025-11-04 08:02:31.701] [info] Frame 99 (t = 3.965):	 total squared error = 0.00160487, marker error: RMS = 0.00919060, max = 0.0223889 (RTHOL)
[2025-11-04 08:02:31.717] [info] Frame 100 (t = 3.97):	 total squared error = 0.00154514, marker error: RMS = 0.00901793, max = 0.022628 (RTHOL)
[2025-11-04 08:02:31.736] [info] Frame 101 (t = 3.975):	 total squared error = 0.00149840, marker error: RMS = 0.00888048, max = 0.0228079 (RTHOL)
[2025-11-04 08:02:31.755] [info] Frame 102 (t = 3.98):	 total squared error = 0.00146759, marker error: RMS = 0.00878873, max = 0.0229749 (RTHOL)
[2025-11-04 08:02:31.783] [info] Frame 103 (t = 3.985):	 total squared error = 0.00144071, marker error: RMS = 0.00870787, max = 0.0228624 (RTHOL)
[2025-11-04 08:02:31.801] [info] Frame 104 (t = 3.99):	 total squared error = 0.00144106, marker error: RMS = 0.00870893, max = 0.0230711 (RTHOL)
[2025-11-04 08:02:31.819] [info] Frame 105 (t = 3.995):	 total squared error = 0.00144968, marker error: RMS = 0.00873492, max = 0.0232129 (RTHOL)
[2025-11-04 08:02:31.837] [info] Frame 106 (t = 4.0):	 total squared error = 0.00146251, marker error: RMS = 0.00877349, max = 0.0232937 (RTHOL)
[2025-11-04 08:02:31.858] [info] Frame 107 (t = 4.00500):	 total squared error = 0.00148176, marker error: RMS = 0.00883104, max = 0.0233721 (RTHOL)
[2025-11-04 08:02:31.875] [info] Frame 108 (t = 4.01):	 total squared error = 0.00151148, marker error: RMS = 0.00891918, max = 0.0235277 (RTHOL)
[2025-11-04 08:02:31.893] [info] Frame 109 (t = 4.015):	 total squared error = 0.00153575, marker error: RMS = 0.00899049, max = 0.0236159 (RTHOL)
[2025-11-04 08:02:31.910] [info] Frame 110 (t = 4.02):	 total squared error = 0.00155756, marker error: RMS = 0.00905412, max = 0.0236818 (RTHOL)
[2025-11-04 08:02:31.932] [info] Frame 111 (t = 4.025):	 total squared error = 0.00157300, marker error: RMS = 0.00909887, max = 0.0235697 (RTHOL)
[2025-11-04 08:02:31.940] [info] Frame 112 (t = 4.03):	 total squared error = 0.00157557, marker error: RMS = 0.00910629, max = 0.0235964 (RTHOL)
[2025-11-04 08:02:31.949] [info] Frame 113 (t = 4.035):	 total squared error = 0.00160457, marker error: RMS = 0.00918972, max = 0.0239067 (RTHOL)
[2025-11-04 08:02:31.973] [info] Frame 114 (t = 4.04):	 total squared error = 0.00162041, marker error: RMS = 0.00923497, max = 0.0238575 (RTHOL)
[2025-11-04 08:02:31.988] [info] Frame 115 (t = 4.045):	 total squared error = 0.00162890, marker error: RMS = 0.00925913, max = 0.0239425 (RTHOL)
[2025-11-04 08:02:32.012] [info] Frame 116 (t = 4.05):	 total squared error = 0.00165976, marker error: RMS = 0.00934643, max = 0.0241574 (RTHOL)
[2025-11-04 08:02:32.035] [info] Frame 117 (t = 4.055):	 total squared error = 0.00168106, marker error: RMS = 0.00940621, max = 0.024278 (RTHOL)
[2025-11-04 08:02:32.051] [info] Frame 118 (t = 4.06):	 total squared error = 0.00169396, marker error: RMS = 0.00944223, max = 0.0243401 (RTHOL)
[2025-11-04 08:02:32.066] [info] Frame 119 (t = 4.065):	 total squared error = 0.00171732, marker error: RMS = 0.00950710, max = 0.0244592 (RTHOL)
[2025-11-04 08:02:32.086] [info] Frame 120 (t = 4.07):	 total squared error = 0.00177311, marker error: RMS = 0.00966031, max = 0.0248367 (RTHOL)
[2025-11-04 08:02:32.105] [info] Frame 121 (t = 4.075):	 total squared error = 0.00178547, marker error: RMS = 0.00969392, max = 0.0248468 (RTHOL)
[2025-11-04 08:02:32.120] [info] Frame 122 (t = 4.08):	 total squared error = 0.00179877, marker error: RMS = 0.00972995, max = 0.0248691 (RTHOL)
[2025-11-04 08:02:32.137] [info] Frame 123 (t = 4.085):	 total squared error = 0.00182613, marker error: RMS = 0.00980368, max = 0.0250449 (RTHOL)
[2025-11-04 08:02:32.156] [info] Frame 124 (t = 4.09):	 total squared error = 0.00183672, marker error: RMS = 0.00983206, max = 0.0251247 (RTHOL)
[2025-11-04 08:02:32.175] [info] Frame 125 (t = 4.095):	 total squared error = 0.00184857, marker error: RMS = 0.00986374, max = 0.0252658 (RTHOL)
[2025-11-04 08:02:32.193] [info] Frame 126 (t = 4.1):	 total squared error = 0.00184371, marker error: RMS = 0.00985076, max = 0.0253188 (RTHOL)
[2025-11-04 08:02:32.210] [info] Frame 127 (t = 4.10500):	 total squared error = 0.00183630, marker error: RMS = 0.00983094, max = 0.0253808 (RTHOL)
[2025-11-04 08:02:32.226] [info] Frame 128 (t = 4.11):	 total squared error = 0.00181712, marker error: RMS = 0.00977947, max = 0.0253991 (RTHOL)
[2025-11-04 08:02:32.258] [info] Frame 129 (t = 4.115):	 total squared error = 0.00180057, marker error: RMS = 0.00973484, max = 0.0255048 (RTHOL)
[2025-11-04 08:02:32.275] [info] Frame 130 (t = 4.12):	 total squared error = 0.00177256, marker error: RMS = 0.00965880, max = 0.025549 (RTHOL)
[2025-11-04 08:02:32.293] [info] Frame 131 (t = 4.125):	 total squared error = 0.00174475, marker error: RMS = 0.00958273, max = 0.0255658 (RTHOL)
[2025-11-04 08:02:32.320] [info] Frame 132 (t = 4.13):	 total squared error = 0.00170716, marker error: RMS = 0.00947895, max = 0.0254416 (RTHOL)
[2025-11-04 08:02:32.395] [info] Frame 133 (t = 4.135):	 total squared error = 0.00167507, marker error: RMS = 0.00938945, max = 0.0254663 (RTHOL)
[2025-11-04 08:02:32.465] [info] Frame 134 (t = 4.14):	 total squared error = 0.00163810, marker error: RMS = 0.00928525, max = 0.0254066 (RTHOL)
[2025-11-04 08:02:32.491] [info] Frame 135 (t = 4.145):	 total squared error = 0.00160422, marker error: RMS = 0.00918874, max = 0.0253379 (RTHOL)
[2025-11-04 08:02:32.515] [info] Frame 136 (t = 4.15):	 total squared error = 0.00158352, marker error: RMS = 0.00912926, max = 0.0254050 (RTHOL)
[2025-11-04 08:02:32.543] [info] Frame 137 (t = 4.155):	 total squared error = 0.00155849, marker error: RMS = 0.00905682, max = 0.0252839 (RTHOL)
[2025-11-04 08:02:32.569] [info] Frame 138 (t = 4.16):	 total squared error = 0.00153914, marker error: RMS = 0.00900042, max = 0.0250391 (RTHOL)
[2025-11-04 08:02:32.599] [info] Frame 139 (t = 4.165):	 total squared error = 0.00153893, marker error: RMS = 0.00899980, max = 0.024897 (RTHOL)
[2025-11-04 08:02:32.623] [info] Frame 140 (t = 4.17):	 total squared error = 0.00154879, marker error: RMS = 0.00902858, max = 0.0246627 (RTHOL)
[2025-11-04 08:02:32.650] [info] Frame 141 (t = 4.175):	 total squared error = 0.00159167, marker error: RMS = 0.00915272, max = 0.0247362 (RTHOL)
[2025-11-04 08:02:32.681] [info] Frame 142 (t = 4.18):	 total squared error = 0.00160321, marker error: RMS = 0.00918582, max = 0.0240112 (RTHOL)
[2025-11-04 08:02:32.720] [info] Frame 143 (t = 4.185):	 total squared error = 0.00164775, marker error: RMS = 0.00931255, max = 0.0235861 (RTHOL)
[2025-11-04 08:02:32.753] [info] Frame 144 (t = 4.19):	 total squared error = 0.00170333, marker error: RMS = 0.00946831, max = 0.0231345 (RTHOL)
[2025-11-04 08:02:32.761] [info] InverseKinematicsTool completed 131 frames in 3 second(s).
[2025-11-04 08:02:57.723] [info] Loaded model Athlete_03 from file C:\Git\1_current_projects\powerlifing_model\models\Athlete_03\25_03_31\scaled_increasedForce3.osim
[2025-11-04 08:02:57.820] [info] Storage: read data file = C:\Git\1_current_projects\powerlifing_model\simulations\Athlete_03\25_03_31\Walking_01\joint_angles.mot (nr=131 nc=40)
[2025-11-04 08:02:57.898] [info] Loaded model Athlete_03 from file ..\..\..\..\models\Athlete_03\25_03_31\scaled_increasedForce3.osim
[2025-11-04 08:02:57.971] [cout] [info] 
               MODEL: Athlete_03
         coordinates: 39
              forces: 97
           actuators: 97
             muscles: 80
            analyses: 0
              probes: 0
              bodies: 22
              joints: 22
         constraints: 2
             markers: 45
         controllers: 0
  contact geometries: 0
misc modelcomponents: 0
[2025-11-04 08:02:57.971] [info] Running tool ...
[2025-11-04 08:02:58.047] [info] Storage: read data file = C:\Git\1_current_projects\powerlifing_model\simulations\Athlete_03\25_03_31\Walking_01\c3dfile.mot (nr=2390 nc=46)
[2025-11-04 08:02:58.085] [info] ExternalForce::grf_r_2 Data source being set to c3dfile
[2025-11-04 08:02:58.085] [info] ExternalForce::grf_l_3 Data source being set to c3dfile
[2025-11-04 08:02:58.085] [info] ExternalForce::grf_l_4 Data source being set to c3dfile
[2025-11-04 08:02:58.102] [info] Storage: read data file = joint_angles.mot (nr=131 nc=40)
[2025-11-04 08:02:58.104] [info] Low-pass filtering coordinates data with a cutoff frequency of 6.0...
[2025-11-04 08:02:58.543] [info] InverseDynamicsTool: 131 time frames in 290 millisecond(s).
[2025-11-04 08:07:29.325] [info] Loaded model Athlete_03 from file C:\Git\1_current_projects\powerlifing_model\models\Athlete_03\25_03_31\scaled_increasedForce3.osim
[2025-11-04 08:07:29.415] [info] Storage: read data file = C:\Git\1_current_projects\powerlifing_model\simulations\Athlete_03\25_03_31\Walking_01\joint_angles.mot (nr=131 nc=40)
[2025-11-04 08:07:29.466] [info] AbstractTool  loading model ..\..\..\..\models\Athlete_03\25_03_31\scaled_increasedForce3.osim
[2025-11-04 08:07:29.502] [info] Loaded model Athlete_03 from file ..\..\..\..\models\Athlete_03\25_03_31\scaled_increasedForce3.osim
[2025-11-04 08:07:29.690] [info] Storage: read data file = C:\Git\1_current_projects\powerlifing_model\simulations\Athlete_03\25_03_31\Walking_01\c3dfile.mot (nr=2390 nc=46)
[2025-11-04 08:07:29.727] [info] ExternalForce::grf_r_2 Data source being set to c3dfile
[2025-11-04 08:07:29.727] [info] ExternalForce::grf_l_3 Data source being set to c3dfile
[2025-11-04 08:07:29.727] [info] ExternalForce::grf_l_4 Data source being set to c3dfile
[2025-11-04 08:07:29.747] [info] Loading coordinates from file 'joint_angles.mot'.
[2025-11-04 08:07:29.747] [info] Storage: read data file = joint_angles.mot (nr=131 nc=40)
[2025-11-04 08:07:29.750] [info] Low-pass filtering coordinates data with a cutoff frequency of 6.0...
[2025-11-04 08:07:29.961] [info] AssemblySolver::track() attempt Failed: SimTK Exception thrown at Assembler.cpp:973:
  Method Assembler::track() failed because:
Unable to achieve required assembly error tolerance.
Assembly error tolerance achieved: 9.8385145170651483e-09 required: 1e-10.
[2025-11-04 08:07:29.971] [error] Model unable to assemble: AssemblySolver::assemble() Failed: SimTK Exception thrown at Assembler.cpp:897:
  Method Assembler::assemble() failed because:
Unable to achieve required assembly error tolerance.
Assembly error tolerance achieved: 9.8385145171826047e-09 required: 1e-10..Model relaxing constraints and trying again.
[2025-11-04 08:07:30.167] [info] Found 261 state vectors with time stamps ranging from 3.215 to 4.515.
[2025-11-04 08:07:30.168] [info] Executing the analyses from 3.54 to 4.19...
[2025-11-04 08:07:30.179] [warning] MuscleAnalysis: coordinate mtp_angle_r is locked and can't be varied.
[2025-11-04 08:07:30.179] [warning] MuscleAnalysis: coordinate mtp_angle_l is locked and can't be varied.
[2025-11-04 08:07:30.179] [warning] MuscleAnalysis: coordinate wrist_flex_r is locked and can't be varied.
[2025-11-04 08:07:30.180] [warning] MuscleAnalysis: coordinate wrist_dev_r is locked and can't be varied.
[2025-11-04 08:07:30.180] [warning] MuscleAnalysis: coordinate wrist_flex_l is locked and can't be varied.
[2025-11-04 08:07:30.180] [warning] MuscleAnalysis: coordinate wrist_dev_l is locked and can't be varied.
[2025-11-04 08:08:26.231] [info] Printing results of investigation  to muscleAnalysis
[2025-11-04 08:08:28.502] [info] Storage: read data file = C:\Git\1_current_projects\powerlifing_model\simulations\Athlete_03\25_03_31\Walking_01\joint_angles.mot (nr=131 nc=40)
[2025-11-04 08:08:28.604] [info] Loaded model Athlete_03 from file C:\Git\1_current_projects\powerlifing_model\models\Athlete_03\25_03_31\scaled_increasedForce3.osim
[2025-11-04 08:08:50.934] [info] Storage: read data file = C:\Git\1_current_projects\powerlifing_model\simulations\Athlete_03\25_03_31\Walking_01\joint_angles.mot (nr=131 nc=40)
[2025-11-04 08:08:51.009] [info] Loaded model Athlete_03 from file C:\Git\1_current_projects\powerlifing_model\models\Athlete_03\25_03_31\scaled_increasedForce3.osim
[2025-11-04 08:09:14.004] [info] Loaded model Athlete_03 from file C:\Git\1_current_projects\powerlifing_model\models\Athlete_03\25_03_31\scaled_increasedForce3.osim
[2025-11-04 08:09:14.157] [info] Storage: read data file = C:\Git\1_current_projects\powerlifing_model\simulations\Athlete_03\25_03_31\Walking_01\joint_angles.mot (nr=131 nc=40)
[2025-11-04 08:09:14.218] [info] AbstractTool SO loading model ..\..\..\..\models\Athlete_03\25_03_31\scaled_increasedForce3.osim
[2025-11-04 08:09:14.277] [info] Loaded model Athlete_03 from file ..\..\..\..\models\Athlete_03\25_03_31\scaled_increasedForce3.osim
[2025-11-04 08:09:14.460] [info] Adding force object set from actuators_so.xml
[2025-11-04 08:09:14.623] [info] Storage: read data file = C:\Git\1_current_projects\powerlifing_model\simulations\Athlete_03\25_03_31\Walking_01\c3dfile.mot (nr=2390 nc=46)
[2025-11-04 08:09:14.689] [info] ExternalForce::grf_r_2 Data source being set to c3dfile
[2025-11-04 08:09:14.690] [info] ExternalForce::grf_l_3 Data source being set to c3dfile
[2025-11-04 08:09:14.690] [info] ExternalForce::grf_l_4 Data source being set to c3dfile
[2025-11-04 08:09:14.701] [info] Loading coordinates from file 'joint_angles.mot'.
[2025-11-04 08:09:14.702] [info] Storage: read data file = joint_angles.mot (nr=131 nc=40)
[2025-11-04 08:09:14.705] [info] Low-pass filtering coordinates data with a cutoff frequency of 6.0...
[2025-11-04 08:09:15.232] [info] AssemblySolver::track() attempt Failed: SimTK Exception thrown at Assembler.cpp:973:
  Method Assembler::track() failed because:
Unable to achieve required assembly error tolerance.
Assembly error tolerance achieved: 9.8385145170651483e-09 required: 1e-10.
[2025-11-04 08:09:15.253] [error] Model unable to assemble: AssemblySolver::assemble() Failed: SimTK Exception thrown at Assembler.cpp:897:
  Method Assembler::assemble() failed because:
Unable to achieve required assembly error tolerance.
Assembly error tolerance achieved: 9.8385145171826047e-09 required: 1e-10..Model relaxing constraints and trying again.
[2025-11-04 08:09:15.721] [info] Found 261 state vectors with time stamps ranging from 3.215 to 4.515.
[2025-11-04 08:09:15.721] [info] Executing the analyses from 3.54 to 4.19...
[2025-11-04 08:09:15.931] [info] Storage: read data file = C:\Git\1_current_projects\powerlifing_model\simulations\Athlete_03\25_03_31\Walking_01\c3dfile.mot (nr=2390 nc=46)
[2025-11-04 08:09:16.017] [info] ExternalForce::grf_r_2 Data source being set to c3dfile
[2025-11-04 08:09:16.017] [info] ExternalForce::grf_l_3 Data source being set to c3dfile
[2025-11-04 08:09:16.017] [info] ExternalForce::grf_l_4 Data source being set to c3dfile
[2025-11-04 08:09:16.120] [info] Storage: read data file = C:\Git\1_current_projects\powerlifing_model\simulations\Athlete_03\25_03_31\Walking_01\c3dfile.mot (nr=2390 nc=46)
[2025-11-04 08:09:16.194] [info] ExternalForce::grf_r_2 Data source being set to c3dfile
[2025-11-04 08:09:16.195] [info] ExternalForce::grf_l_3 Data source being set to c3dfile
[2025-11-04 08:09:16.195] [info] ExternalForce::grf_l_4 Data source being set to c3dfile
[2025-11-04 08:09:17.539] [cout] [info] time = 3.54 Performance = 13.9073 Constraint violation = 1.43268e-12
[2025-11-04 08:09:17.544] [info] Bounds for 'addbrev_r': 0.01 to 1.0.
[2025-11-04 08:09:17.544] [info] Bounds for 'addlong_r': 0.01 to 1.0.
[2025-11-04 08:09:17.544] [info] Bounds for 'addmagDist_r': 0.01 to 1.0.
[2025-11-04 08:09:17.544] [info] Bounds for 'addmagIsch_r': 0.01 to 1.0.
[2025-11-04 08:09:17.545] [info] Bounds for 'addmagMid_r': 0.01 to 1.0.
[2025-11-04 08:09:17.545] [info] Bounds for 'addmagProx_r': 0.01 to 1.0.
[2025-11-04 08:09:17.545] [info] Bounds for 'bflh_r': 0.01 to 1.0.
[2025-11-04 08:09:17.545] [info] Bounds for 'bfsh_r': 0.01 to 1.0.
[2025-11-04 08:09:17.545] [info] Bounds for 'edl_r': 0.01 to 1.0.
[2025-11-04 08:09:17.545] [info] Bounds for 'ehl_r': 0.01 to 1.0.
[2025-11-04 08:09:17.546] [info] Bounds for 'fdl_r': 0.01 to 1.0.
[2025-11-04 08:09:17.546] [info] Bounds for 'fhl_r': 0.01 to 1.0.
[2025-11-04 08:09:17.546] [info] Bounds for 'gaslat_r': 0.01 to 1.0.
[2025-11-04 08:09:17.546] [info] Bounds for 'gasmed_r': 0.01 to 1.0.
[2025-11-04 08:09:17.547] [info] Bounds for 'glmax1_r': 0.01 to 1.0.
[2025-11-04 08:09:17.547] [info] Bounds for 'glmax2_r': 0.01 to 1.0.
[2025-11-04 08:09:17.547] [info] Bounds for 'glmax3_r': 0.01 to 1.0.
[2025-11-04 08:09:17.548] [info] Bounds for 'glmed1_r': 0.01 to 1.0.
[2025-11-04 08:09:17.548] [info] Bounds for 'glmed2_r': 0.01 to 1.0.
[2025-11-04 08:09:17.548] [info] Bounds for 'glmed3_r': 0.01 to 1.0.
[2025-11-04 08:09:17.548] [info] Bounds for 'glmin1_r': 0.01 to 1.0.
[2025-11-04 08:09:17.548] [info] Bounds for 'glmin2_r': 0.01 to 1.0.
[2025-11-04 08:09:17.548] [info] Bounds for 'glmin3_r': 0.01 to 1.0.
[2025-11-04 08:09:17.549] [info] Bounds for 'grac_r': 0.01 to 1.0.
[2025-11-04 08:09:17.549] [info] Bounds for 'iliacus_r': 0.01 to 1.0.
[2025-11-04 08:09:17.549] [info] Bounds for 'perbrev_r': 0.01 to 1.0.
[2025-11-04 08:09:17.549] [info] Bounds for 'perlong_r': 0.01 to 1.0.
[2025-11-04 08:09:17.549] [info] Bounds for 'piri_r': 0.01 to 1.0.
[2025-11-04 08:09:17.549] [info] Bounds for 'psoas_r': 0.01 to 1.0.
[2025-11-04 08:09:17.549] [info] Bounds for 'recfem_r': 0.01 to 1.0.
[2025-11-04 08:09:17.550] [info] Bounds for 'sart_r': 0.01 to 1.0.
[2025-11-04 08:09:17.550] [info] Bounds for 'semimem_r': 0.01 to 1.0.
[2025-11-04 08:09:17.550] [info] Bounds for 'semiten_r': 0.01 to 1.0.
[2025-11-04 08:09:17.550] [info] Bounds for 'soleus_r': 0.01 to 1.0.
[2025-11-04 08:09:17.550] [info] Bounds for 'tfl_r': 0.01 to 1.0.
[2025-11-04 08:09:17.550] [info] Bounds for 'tibant_r': 0.01 to 1.0.
[2025-11-04 08:09:17.550] [info] Bounds for 'tibpost_r': 0.01 to 1.0.
[2025-11-04 08:09:17.550] [info] Bounds for 'vasint_r': 0.01 to 1.0.
[2025-11-04 08:09:17.551] [info] Bounds for 'vaslat_r': 0.01 to 1.0.
[2025-11-04 08:09:17.551] [info] Bounds for 'vasmed_r': 0.01 to 1.0.
[2025-11-04 08:09:17.551] [info] Bounds for 'addbrev_l': 0.01 to 1.0.
[2025-11-04 08:09:17.551] [info] Bounds for 'addlong_l': 0.01 to 1.0.
[2025-11-04 08:09:17.551] [info] Bounds for 'addmagDist_l': 0.01 to 1.0.
[2025-11-04 08:09:17.551] [info] Bounds for 'addmagIsch_l': 0.01 to 1.0.
[2025-11-04 08:09:17.551] [info] Bounds for 'addmagMid_l': 0.01 to 1.0.
[2025-11-04 08:09:17.552] [info] Bounds for 'addmagProx_l': 0.01 to 1.0.
[2025-11-04 08:09:17.552] [info] Bounds for 'bflh_l': 0.01 to 1.0.
[2025-11-04 08:09:17.552] [info] Bounds for 'bfsh_l': 0.01 to 1.0.
[2025-11-04 08:09:17.552] [info] Bounds for 'edl_l': 0.01 to 1.0.
[2025-11-04 08:09:17.552] [info] Bounds for 'ehl_l': 0.01 to 1.0.
[2025-11-04 08:09:17.552] [info] Bounds for 'fdl_l': 0.01 to 1.0.
[2025-11-04 08:09:17.552] [info] Bounds for 'fhl_l': 0.01 to 1.0.
[2025-11-04 08:09:17.553] [info] Bounds for 'gaslat_l': 0.01 to 1.0.
[2025-11-04 08:09:17.553] [info] Bounds for 'gasmed_l': 0.01 to 1.0.
[2025-11-04 08:09:17.553] [info] Bounds for 'glmax1_l': 0.01 to 1.0.
[2025-11-04 08:09:17.553] [info] Bounds for 'glmax2_l': 0.01 to 1.0.
[2025-11-04 08:09:17.553] [info] Bounds for 'glmax3_l': 0.01 to 1.0.
[2025-11-04 08:09:17.554] [info] Bounds for 'glmed1_l': 0.01 to 1.0.
[2025-11-04 08:09:17.554] [info] Bounds for 'glmed2_l': 0.01 to 1.0.
[2025-11-04 08:09:17.554] [info] Bounds for 'glmed3_l': 0.01 to 1.0.
[2025-11-04 08:09:17.554] [info] Bounds for 'glmin1_l': 0.01 to 1.0.
[2025-11-04 08:09:17.554] [info] Bounds for 'glmin2_l': 0.01 to 1.0.
[2025-11-04 08:09:17.554] [info] Bounds for 'glmin3_l': 0.01 to 1.0.
[2025-11-04 08:09:17.555] [info] Bounds for 'grac_l': 0.01 to 1.0.
[2025-11-04 08:09:17.555] [info] Bounds for 'iliacus_l': 0.01 to 1.0.
[2025-11-04 08:09:17.555] [info] Bounds for 'perbrev_l': 0.01 to 1.0.
[2025-11-04 08:09:17.555] [info] Bounds for 'perlong_l': 0.01 to 1.0.
[2025-11-04 08:09:17.555] [info] Bounds for 'piri_l': 0.01 to 1.0.
[2025-11-04 08:09:17.556] [info] Bounds for 'psoas_l': 0.01 to 1.0.
[2025-11-04 08:09:17.556] [info] Bounds for 'recfem_l': 0.01 to 1.0.
[2025-11-04 08:09:17.556] [info] Bounds for 'sart_l': 0.01 to 1.0.
[2025-11-04 08:09:17.556] [info] Bounds for 'semimem_l': 0.01 to 1.0.
[2025-11-04 08:09:17.556] [info] Bounds for 'semiten_l': 0.01 to 1.0.
[2025-11-04 08:09:17.556] [info] Bounds for 'soleus_l': 0.01 to 1.0.
[2025-11-04 08:09:17.557] [info] Bounds for 'tfl_l': 0.01 to 1.0.
[2025-11-04 08:09:17.557] [info] Bounds for 'tibant_l': 0.01 to 1.0.
[2025-11-04 08:09:17.557] [info] Bounds for 'tibpost_l': 0.01 to 1.0.
[2025-11-04 08:09:17.557] [info] Bounds for 'vasint_l': 0.01 to 1.0.
[2025-11-04 08:09:17.557] [info] Bounds for 'vaslat_l': 0.01 to 1.0.
[2025-11-04 08:09:17.558] [info] Bounds for 'vasmed_l': 0.01 to 1.0.
[2025-11-04 08:09:17.558] [info] Bounds for 'lumbar_ext': -inf to inf.
[2025-11-04 08:09:17.558] [info] Bounds for 'lumbar_bend': -inf to inf.
[2025-11-04 08:09:17.558] [info] Bounds for 'lumbar_rot': -inf to inf.
[2025-11-04 08:09:17.558] [info] Bounds for 'shoulder_flex_r': -inf to inf.
[2025-11-04 08:09:17.559] [info] Bounds for 'shoulder_add_r': -inf to inf.
[2025-11-04 08:09:17.559] [info] Bounds for 'shoulder_rot_r': -inf to inf.
[2025-11-04 08:09:17.559] [info] Bounds for 'elbow_flex_r': -inf to inf.
[2025-11-04 08:09:17.559] [info] Bounds for 'pro_sup_r': -inf to inf.
[2025-11-04 08:09:17.559] [info] Bounds for 'wrist_flex_r': -inf to inf.
[2025-11-04 08:09:17.559] [info] Bounds for 'wrist_dev_r': -inf to inf.
[2025-11-04 08:09:17.560] [info] Bounds for 'shoulder_flex_l': -inf to inf.
[2025-11-04 08:09:17.560] [info] Bounds for 'shoulder_add_l': -inf to inf.
[2025-11-04 08:09:17.560] [info] Bounds for 'shoulder_rot_l': -inf to inf.
[2025-11-04 08:09:17.560] [info] Bounds for 'elbow_flex_l': -inf to inf.
[2025-11-04 08:09:17.560] [info] Bounds for 'pro_sup_l': -inf to inf.
[2025-11-04 08:09:17.560] [info] Bounds for 'wrist_flex_l': -inf to inf.
[2025-11-04 08:09:17.560] [info] Bounds for 'wrist_dev_l': -inf to inf.
[2025-11-04 08:09:17.560] [info] Bounds for 'FX': -inf to inf.
[2025-11-04 08:09:17.560] [info] Bounds for 'FY': -inf to inf.
[2025-11-04 08:09:17.560] [info] Bounds for 'FZ': -inf to inf.
[2025-11-04 08:09:17.560] [info] Bounds for 'MX': -inf to inf.
[2025-11-04 08:09:17.560] [info] Bounds for 'MY': -inf to inf.
[2025-11-04 08:09:17.560] [info] Bounds for 'MZ': -inf to inf.
[2025-11-04 08:09:17.560] [info] Bounds for 'hip_flexion_r_reserve': -1.0 to 1.0.
[2025-11-04 08:09:17.561] [info] Bounds for 'hip_adduction_r_reserve': -1.0 to 1.0.
[2025-11-04 08:09:17.561] [info] Bounds for 'hip_rotation_r_reserve': -1.0 to 1.0.
[2025-11-04 08:09:17.561] [info] Bounds for 'knee_angle_r_reserve': -1.0 to 1.0.
[2025-11-04 08:09:17.561] [info] Bounds for 'ankle_angle_r_reserve': -1.0 to 1.0.
[2025-11-04 08:09:17.561] [info] Bounds for 'hip_flexion_l_reserve': -1.0 to 1.0.
[2025-11-04 08:09:17.561] [info] Bounds for 'hip_adduction_l_reserve': -1.0 to 1.0.
[2025-11-04 08:09:17.561] [info] Bounds for 'hip_rotation_l_reserve': -1.0 to 1.0.
[2025-11-04 08:09:17.561] [info] Bounds for 'knee_angle_l_reserve': -1.0 to 1.0.
[2025-11-04 08:09:17.562] [info] Bounds for 'ankle_angle_l_reserve': -1.0 to 1.0.
[2025-11-04 08:09:18.096] [cout] [info] time = 3.545 Performance = 58.5957 Constraint violation = 1.94709e-11
[2025-11-04 08:09:18.599] [cout] [info] time = 3.55 Performance = 146.089 Constraint violation = 8.19164e-12
[2025-11-04 08:09:19.084] [cout] [info] time = 3.555 Performance = 267.71 Constraint violation = 9.52422e-11
[2025-11-04 08:09:19.528] [cout] [info] time = 3.56 Performance = 410.632 Constraint violation = 1.17263e-09
[2025-11-04 08:09:19.972] [cout] [info] time = 3.565 Performance = 559.689 Constraint violation = 4.46567e-10
[2025-11-04 08:09:20.359] [cout] [info] time = 3.57 Performance = 699.184 Constraint violation = 1.67919e-09
[2025-11-04 08:09:20.848] [cout] [info] time = 3.575 Performance = 814.728 Constraint violation = 7.32249e-10
[2025-11-04 08:09:21.276] [cout] [info] time = 3.58 Performance = 894.677 Constraint violation = 1.81659e-11
[2025-11-04 08:09:21.645] [cout] [info] time = 3.585 Performance = 931.288 Constraint violation = 4.32584e-09
[2025-11-04 08:09:22.120] [cout] [info] time = 3.59 Performance = 921.62 Constraint violation = 3.19045e-10
[2025-11-04 08:09:22.572] [cout] [info] time = 3.595 Performance = 868.107 Constraint violation = 3.70231e-09
[2025-11-04 08:09:23.035] [cout] [info] time = 3.6 Performance = 778.54 Constraint violation = 5.08399e-11
[2025-11-04 08:09:23.448] [cout] [info] time = 3.60500 Performance = 665.277 Constraint violation = 8.17105e-10
[2025-11-04 08:09:23.800] [cout] [info] time = 3.61 Performance = 543.961 Constraint violation = 2.25887e-09
[2025-11-04 08:09:24.190] [cout] [info] time = 3.615 Performance = 431.953 Constraint violation = 1.3912e-10
[2025-11-04 08:09:24.596] [cout] [info] time = 3.62 Performance = 346.657 Constraint violation = 4.38741e-10
[2025-11-04 08:09:25.028] [cout] [info] time = 3.625 Performance = 303.667 Constraint violation = 5.20373e-10
[2025-11-04 08:09:25.402] [cout] [info] time = 3.63 Performance = 314.805 Constraint violation = 2.42007e-10
[2025-11-04 08:09:25.808] [cout] [info] time = 3.635 Performance = 386.417 Constraint violation = 4.76959e-10
[2025-11-04 08:09:26.190] [cout] [info] time = 3.64 Performance = 518.442 Constraint violation = 7.07408e-10
[2025-11-04 08:09:26.540] [cout] [info] time = 3.645 Performance = 704.543 Constraint violation = 1.88484e-09
[2025-11-04 08:09:26.976] [cout] [info] time = 3.65 Performance = 933.085 Constraint violation = 1.66268e-09
[2025-11-04 08:09:27.308] [cout] [info] time = 3.655 Performance = 1188.55 Constraint violation = 1.28941e-09
[2025-11-04 08:09:27.682] [cout] [info] time = 3.66 Performance = 1453.24 Constraint violation = 5.63877e-09
[2025-11-04 08:09:28.115] [cout] [info] time = 3.665 Performance = 1709.37 Constraint violation = 1.21264e-09
[2025-11-04 08:09:28.527] [cout] [info] time = 3.67 Performance = 1941.08 Constraint violation = 1.66828e-09
[2025-11-04 08:09:28.948] [cout] [info] time = 3.675 Performance = 2136.04 Constraint violation = 1.37197e-09
[2025-11-04 08:09:29.397] [cout] [info] time = 3.68 Performance = 2286.31 Constraint violation = 1.91105e-10
[2025-11-04 08:09:29.745] [cout] [info] time = 3.685 Performance = 2388.75 Constraint violation = 1.01497e-08
[2025-11-04 08:09:30.152] [cout] [info] time = 3.69 Performance = 2444.74 Constraint violation = 1.21824e-10
[2025-11-04 08:09:30.534] [cout] [info] time = 3.695 Performance = 2459.24 Constraint violation = 5.5247e-09
[2025-11-04 08:09:31.008] [cout] [info] time = 3.7 Performance = 2439.35 Constraint violation = 6.19073e-10
[2025-11-04 08:09:31.516] [cout] [info] time = 3.70500 Performance = 2392.94 Constraint violation = 5.54803e-10
[2025-11-04 08:09:31.944] [cout] [info] time = 3.71 Performance = 2327.71 Constraint violation = 1.71060e-09
[2025-11-04 08:09:32.396] [cout] [info] time = 3.715 Performance = 2250.62 Constraint violation = 7.38706e-09
[2025-11-04 08:09:32.843] [cout] [info] time = 3.72 Performance = 2167.42 Constraint violation = 6.10909e-09
[2025-11-04 08:09:33.336] [cout] [info] time = 3.725 Performance = 2082.21 Constraint violation = 3.72894e-09
[2025-11-04 08:09:33.764] [cout] [info] time = 3.73 Performance = 1997.36 Constraint violation = 1.51606e-09
[2025-11-04 08:09:34.177] [cout] [info] time = 3.735 Performance = 1913.69 Constraint violation = 2.4377e-08
[2025-11-04 08:09:34.601] [cout] [info] time = 3.74 Performance = 1830.81 Constraint violation = 3.48283e-09
[2025-11-04 08:09:35.019] [cout] [info] time = 3.745 Performance = 1747.43 Constraint violation = 1.0773e-08
[2025-11-04 08:09:35.402] [cout] [info] time = 3.75 Performance = 1661.72 Constraint violation = 4.66905e-10
[2025-11-04 08:09:35.767] [cout] [info] time = 3.755 Performance = 1571.5 Constraint violation = 8.26067e-09
[2025-11-04 08:09:36.287] [cout] [info] time = 3.76 Performance = 1474.64 Constraint violation = 6.13046e-10
[2025-11-04 08:09:36.759] [cout] [info] time = 3.765 Performance = 1369.24 Constraint violation = 2.228e-09
[2025-11-04 08:09:37.205] [cout] [info] time = 3.77 Performance = 1253.92 Constraint violation = 7.62826e-09
[2025-11-04 08:09:37.621] [cout] [info] time = 3.775 Performance = 1128.1 Constraint violation = 9.91686e-09
[2025-11-04 08:09:38.134] [cout] [info] time = 3.78 Performance = 992.348 Constraint violation = 1.27191e-08
[2025-11-04 08:09:38.553] [cout] [info] time = 3.785 Performance = 848.6 Constraint violation = 2.7524e-08
[2025-11-04 08:09:39.047] [cout] [info] time = 3.79 Performance = 700.31 Constraint violation = 3.052e-09
[2025-11-04 08:09:39.473] [cout] [info] time = 3.795 Performance = 552.215 Constraint violation = 5.62525e-10
[2025-11-04 08:09:39.895] [cout] [info] time = 3.8 Performance = 410.029 Constraint violation = 3.17724e-09
[2025-11-04 08:09:40.292] [cout] [info] time = 3.80500 Performance = 280.078 Constraint violation = 1.24301e-10
[2025-11-04 08:09:40.697] [cout] [info] time = 3.81 Performance = 168.939 Constraint violation = 1.99883e-10
[2025-11-04 08:09:41.136] [cout] [info] time = 3.815 Performance = 83.0664 Constraint violation = 2.32804e-11
[2025-11-04 08:09:41.589] [cout] [info] time = 3.82 Performance = 28.3552 Constraint violation = 9.09211e-12
[2025-11-04 08:09:41.974] [cout] [info] time = 3.825 Performance = 9.63889 Constraint violation = 2.46621e-12
[2025-11-04 08:09:42.395] [cout] [info] time = 3.83 Performance = 30.4129 Constraint violation = 1.23395e-12
[2025-11-04 08:09:42.777] [cout] [info] time = 3.835 Performance = 92.7646 Constraint violation = 9.37667e-12
[2025-11-04 08:09:43.206] [cout] [info] time = 3.84 Performance = 197.331 Constraint violation = 1.61748e-10
[2025-11-04 08:09:43.569] [cout] [info] time = 3.845 Performance = 343.184 Constraint violation = 1.0936e-09
[2025-11-04 08:09:43.996] [cout] [info] time = 3.85 Performance = 527.622 Constraint violation = 2.87954e-09
[2025-11-04 08:09:44.442] [cout] [info] time = 3.855 Performance = 745.973 Constraint violation = 1.00615e-09
[2025-11-04 08:09:44.888] [cout] [info] time = 3.86 Performance = 991.736 Constraint violation = 3.94503e-10
[2025-11-04 08:09:45.283] [cout] [info] time = 3.865 Performance = 1256.66 Constraint violation = 5.06896e-10
[2025-11-04 08:09:45.704] [cout] [info] time = 3.87 Performance = 1530.96 Constraint violation = 5.75157e-11
[2025-11-04 08:09:46.219] [cout] [info] time = 3.875 Performance = 1803.54 Constraint violation = 5.14342e-09
[2025-11-04 08:09:46.776] [cout] [info] time = 3.88 Performance = 2062.44 Constraint violation = 2.58492e-09
[2025-11-04 08:09:47.260] [cout] [info] time = 3.885 Performance = 2295.31 Constraint violation = 5.78513e-10
[2025-11-04 08:09:47.654] [cout] [info] time = 3.89 Performance = 2490.17 Constraint violation = 2.15774e-09
[2025-11-04 08:09:48.134] [cout] [info] time = 3.895 Performance = 2636.22 Constraint violation = 1.53596e-09
[2025-11-04 08:09:48.560] [cout] [info] time = 3.9 Performance = 2724.45 Constraint violation = 3.21519e-09
[2025-11-04 08:09:49.024] [cout] [info] time = 3.90500 Performance = 2748.02 Constraint violation = 2.72436e-09
[2025-11-04 08:09:49.555] [cout] [info] time = 3.91 Performance = 2702.68 Constraint violation = 7.55983e-11
[2025-11-04 08:09:49.989] [cout] [info] time = 3.915 Performance = 2587.29 Constraint violation = 5.4276e-10
[2025-11-04 08:09:50.288] [cout] [info] time = 3.92 Performance = 2404.4 Constraint violation = 4.6544e-09
[2025-11-04 08:09:50.685] [cout] [info] time = 3.925 Performance = 2160.68 Constraint violation = 5.56695e-09
[2025-11-04 08:09:51.124] [cout] [info] time = 3.93 Performance = 1867.09 Constraint violation = 4.82998e-11
[2025-11-04 08:09:51.643] [cout] [info] time = 3.935 Performance = 1538.73 Constraint violation = 4.6948e-10
[2025-11-04 08:09:52.168] [cout] [info] time = 3.94 Performance = 1194.6 Constraint violation = 7.25645e-09
[2025-11-04 08:09:52.650] [cout] [info] time = 3.945 Performance = 857.088 Constraint violation = 8.03695e-11
[2025-11-04 08:09:53.095] [cout] [info] time = 3.95 Performance = 551.017 Constraint violation = 6.49062e-10
[2025-11-04 08:09:53.526] [cout] [info] time = 3.955 Performance = 301.866 Constraint violation = 1.16006e-10
[2025-11-04 08:09:53.830] [cout] [info] time = 3.96 Performance = 133.488 Constraint violation = 9.15356e-11
[2025-11-04 08:09:54.268] [cout] [info] time = 3.965 Performance = 65.7206 Constraint violation = 3.04094e-10
[2025-11-04 08:09:54.713] [cout] [info] time = 3.97 Performance = 112.164 Constraint violation = 2.74057e-11
[2025-11-04 08:09:55.144] [cout] [info] time = 3.975 Performance = 278.073 Constraint violation = 2.18835e-09
[2025-11-04 08:09:55.613] [cout] [info] time = 3.98 Performance = 558.663 Constraint violation = 2.17567e-10
[2025-11-04 08:09:56.150] [cout] [info] time = 3.985 Performance = 938.24 Constraint violation = 2.8123e-09
[2025-11-04 08:09:56.599] [cout] [info] time = 3.99 Performance = 1390.47 Constraint violation = 7.9387e-12
[2025-11-04 08:09:57.052] [cout] [info] time = 3.995 Performance = 1879.93 Constraint violation = 1.96394e-08
[2025-11-04 08:09:57.596] [cout] [info] time = 4.0 Performance = 2364.94 Constraint violation = 5.78212e-08
[2025-11-04 08:09:58.151] [cout] [info] time = 4.00500 Performance = 2801.54 Constraint violation = 8.52377e-10
[2025-11-04 08:09:58.849] [cout] [info] time = 4.01 Performance = 3148.25 Constraint violation = 4.01819e-08
[2025-11-04 08:09:59.340] [cout] [info] time = 4.015 Performance = 3371.01 Constraint violation = 1.73656e-09
[2025-11-04 08:09:59.924] [cout] [info] time = 4.02 Performance = 3447.59 Constraint violation = 3.57072e-09
[2025-11-04 08:10:00.428] [cout] [info] time = 4.025 Performance = 3370.6 Constraint violation = 5.55967e-09
[2025-11-04 08:10:00.868] [cout] [info] time = 4.03 Performance = 3148.44 Constraint violation = 3.82064e-09
[2025-11-04 08:10:01.313] [cout] [info] time = 4.035 Performance = 2804.28 Constraint violation = 1.51979e-08
[2025-11-04 08:10:01.711] [cout] [info] time = 4.04 Performance = 2373.14 Constraint violation = 3.5528e-09
[2025-11-04 08:10:02.219] [cout] [info] time = 4.045 Performance = 1897.1 Constraint violation = 2.95213e-09
[2025-11-04 08:10:02.725] [cout] [info] time = 4.05 Performance = 1419.58 Constraint violation = 2.75889e-10
[2025-11-04 08:10:03.148] [cout] [info] time = 4.055 Performance = 979.677 Constraint violation = 1.46020e-09
[2025-11-04 08:10:03.556] [cout] [info] time = 4.06 Performance = 607.914 Constraint violation = 1.68172e-09
[2025-11-04 08:10:04.075] [cout] [info] time = 4.065 Performance = 323.471 Constraint violation = 1.37799e-10
[2025-11-04 08:10:04.683] [cout] [info] time = 4.07 Performance = 133.527 Constraint violation = 3.14424e-12
[2025-11-04 08:10:05.257] [cout] [info] time = 4.075 Performance = 33.3176 Constraint violation = 7.53575e-12
[2025-11-04 08:10:05.963] [cout] [info] time = 4.08 Performance = 8.58864 Constraint violation = 4.70153e-12
[2025-11-04 08:10:06.534] [cout] [info] time = 4.085 Performance = 39.115 Constraint violation = 1.99316e-12
[2025-11-04 08:10:07.124] [cout] [info] time = 4.09 Performance = 101.754 Constraint violation = 1.89733e-11
[2025-11-04 08:10:07.616] [cout] [info] time = 4.095 Performance = 174.427 Constraint violation = 1.58486e-10
[2025-11-04 08:10:08.170] [cout] [info] time = 4.1 Performance = 239.184 Constraint violation = 2.60024e-10
[2025-11-04 08:10:08.589] [cout] [info] time = 4.10500 Performance = 284.205 Constraint violation = 4.55583e-10
[2025-11-04 08:10:09.038] [cout] [info] time = 4.11 Performance = 304.641 Constraint violation = 7.16567e-10
[2025-11-04 08:10:09.429] [cout] [info] time = 4.115 Performance = 302.065 Constraint violation = 7.30052e-10
[2025-11-04 08:10:09.884] [cout] [info] time = 4.12 Performance = 282.643 Constraint violation = 1.78188e-09
[2025-11-04 08:10:10.360] [cout] [info] time = 4.125 Performance = 254.685 Constraint violation = 6.77111e-10
[2025-11-04 08:10:10.847] [cout] [info] time = 4.13 Performance = 226.115 Constraint violation = 9.7866e-10
[2025-11-04 08:10:11.251] [cout] [info] time = 4.135 Performance = 202.567 Constraint violation = 7.20047e-11
[2025-11-04 08:10:11.702] [cout] [info] time = 4.14 Performance = 186.145 Constraint violation = 5.90090e-11
[2025-11-04 08:10:12.230] [cout] [info] time = 4.145 Performance = 175.471 Constraint violation = 3.12542e-11
[2025-11-04 08:10:12.712] [cout] [info] time = 4.15 Performance = 166.664 Constraint violation = 3.18955e-10
[2025-11-04 08:10:13.174] [cout] [info] time = 4.155 Performance = 155.065 Constraint violation = 1.33417e-10
[2025-11-04 08:10:13.570] [cout] [info] time = 4.16 Performance = 137.028 Constraint violation = 5.64731e-11
[2025-11-04 08:10:13.983] [cout] [info] time = 4.165 Performance = 111.333 Constraint violation = 8.23774e-11
[2025-11-04 08:10:14.467] [cout] [info] time = 4.17 Performance = 79.853 Constraint violation = 3.61995e-11
[2025-11-04 08:10:14.925] [cout] [info] time = 4.175 Performance = 47.2359 Constraint violation = 1.75115e-11
[2025-11-04 08:10:15.407] [cout] [info] time = 4.18 Performance = 19.8412 Constraint violation = 2.07010e-12
[2025-11-04 08:10:15.877] [cout] [info] time = 4.185 Performance = 4.02296 Constraint violation = 5.31773e-12
[2025-11-04 08:10:16.317] [cout] [info] time = 4.19 Performance = 4.33679 Constraint violation = 8.00446e-13
[2025-11-04 08:10:16.319] [info] Printing results of investigation SO to .
[2025-11-04 08:20:02.788] [info] Loaded model Athlete_03 from file C:\Git\1_current_projects\powerlifing_model\models\Athlete_03\25_03_31\scaled_increasedForce3.osim
[2025-11-04 08:20:02.840] [info] Storage: read data file = C:\Git\1_current_projects\powerlifing_model\simulations\Athlete_03\25_03_31\Walking_01\joint_angles.mot (nr=131 nc=40)
[2025-11-04 08:20:02.858] [info] Storage: read data file = C:\Git\1_current_projects\powerlifing_model\simulations\Athlete_03\25_03_31\Walking_01\joint_angles.mot (nr=131 nc=40)
[2025-11-04 08:20:02.900] [info] Loaded model Athlete_03 from file C:\Git\1_current_projects\powerlifing_model\models\Athlete_03\25_03_31\scaled_increasedForce3.osim
[2025-11-04 08:21:12.337] [info] Loaded model Athlete_03 from file C:\Git\1_current_projects\powerlifing_model\models\Athlete_03\25_03_31\scaled_increasedForce3.osim
[2025-11-04 08:21:12.397] [info] Storage: read data file = C:\Git\1_current_projects\powerlifing_model\simulations\Athlete_03\25_03_31\Walking_01\joint_angles.mot (nr=131 nc=40)
[2025-11-04 08:21:12.401] [info] Storage: read data file = C:\Git\1_current_projects\powerlifing_model\simulations\Athlete_03\25_03_31\Walking_01\joint_angles.mot (nr=131 nc=40)
[2025-11-04 08:21:12.455] [info] Loaded model Athlete_03 from file C:\Git\1_current_projects\powerlifing_model\models\Athlete_03\25_03_31\scaled_increasedForce3.osim
[2025-11-04 08:21:36.991] [info] Loaded model Athlete_03 from file C:\Git\1_current_projects\powerlifing_model\models\Athlete_03\25_03_31\scaled_increasedForce3.osim
[2025-11-04 08:21:37.049] [info] Storage: read data file = C:\Git\1_current_projects\powerlifing_model\simulations\Athlete_03\25_03_31\Walking_01\joint_angles.mot (nr=131 nc=40)
[2025-11-04 08:22:16.963] [info] Storage: read data file = C:\Git\1_current_projects\powerlifing_model\simulations\Athlete_03\25_03_31\Walking_01\joint_angles.mot (nr=131 nc=40)
[2025-11-04 08:22:17.044] [info] Loaded model Athlete_03 from file C:\Git\1_current_projects\powerlifing_model\models\Athlete_03\25_03_31\scaled_increasedForce3.osim
[2025-11-04 08:23:41.878] [info] Loaded model Athlete_03 from file C:\Git\1_current_projects\powerlifing_model\models\Athlete_03\25_03_31\scaled_increasedForce3.osim
[2025-11-04 08:23:43.394] [info] Storage: read data file = C:\Git\1_current_projects\powerlifing_model\simulations\Athlete_03\25_03_31\Walking_01\joint_angles.mot (nr=131 nc=40)
[2025-11-04 08:23:52.104] [info] Storage: read data file = C:\Git\1_current_projects\powerlifing_model\simulations\Athlete_03\25_03_31\Walking_01\joint_angles.mot (nr=131 nc=40)
[2025-11-04 08:23:52.149] [info] Loaded model Athlete_03 from file C:\Git\1_current_projects\powerlifing_model\models\Athlete_03\25_03_31\scaled_increasedForce3.osim
[2025-11-04 08:23:52.213] [info] AbstractTool Analyse loading model ..\..\..\..\models\Athlete_03\25_03_31\scaled_increasedForce3.osim
[2025-11-04 08:23:52.253] [info] Loaded model Athlete_03 from file ..\..\..\..\models\Athlete_03\25_03_31\scaled_increasedForce3.osim
[2025-11-04 08:23:52.331] [info] Adding force object set from a
[2025-11-04 09:06:07.856] [info] Loaded model Athlete_03 from file C:\Git\1_current_projects\powerlifing_model\models\Athlete_03\25_03_31\scaled_increasedForce3.osim
[2025-11-04 09:06:07.943] [info] Storage: read data file = C:\Git\1_current_projects\powerlifing_model\simulations\Athlete_03\25_03_31\Walking_01\joint_angles.mot (nr=131 nc=40)
[2025-11-04 09:06:07.954] [info] Storage: read data file = C:\Git\1_current_projects\powerlifing_model\simulations\Athlete_03\25_03_31\Walking_01\joint_angles.mot (nr=131 nc=40)
[2025-11-04 09:06:07.998] [info] Loaded model Athlete_03 from file C:\Git\1_current_projects\powerlifing_model\models\Athlete_03\25_03_31\scaled_increasedForce3.osim
[2025-11-04 09:06:08.079] [info] AbstractTool Analyse loading model ..\..\..\..\models\Athlete_03\25_03_31\scaled_increasedForce3.osim
[2025-11-04 09:06:08.119] [info] Loaded model Athlete_03 from file ..\..\..\..\models\Athlete_03\25_03_31\scaled_increasedForce3.osim
[2025-11-04 09:06:08.196] [info] Adding force object set from a
[2025-11-04 09:07:36.364] [info] Loaded model Athlete_03 from file C:\Git\1_current_projects\powerlifing_model\models\Athlete_03\25_03_31\scaled_increasedForce3.osim
[2025-11-04 09:07:36.442] [info] Storage: read data file = C:\Git\1_current_projects\powerlifing_model\simulations\Athlete_03\25_03_31\Walking_01\joint_angles.mot (nr=131 nc=40)
[2025-11-04 09:07:43.877] [info] Storage: read data file = C:\Git\1_current_projects\powerlifing_model\simulations\Athlete_03\25_03_31\Walking_01\joint_angles.mot (nr=131 nc=40)
[2025-11-04 09:07:43.928] [info] Loaded model Athlete_03 from file C:\Git\1_current_projects\powerlifing_model\models\Athlete_03\25_03_31\scaled_increasedForce3.osim
[2025-11-04 09:07:54.508] [info] AbstractTool Analyse loading model ..\..\..\..\models\Athlete_03\25_03_31\scaled_increasedForce3.osim
[2025-11-04 09:07:54.556] [info] Loaded model Athlete_03 from file ..\..\..\..\models\Athlete_03\25_03_31\scaled_increasedForce3.osim
[2025-11-04 09:07:54.638] [info] Adding force object set from a
[2025-11-04 09:12:04.842] [info] Loaded model Athlete_03 from file C:\Git\1_current_projects\powerlifing_model\models\Athlete_03\25_03_31\scaled_increasedForce3.osim
[2025-11-04 09:12:04.912] [info] Storage: read data file = C:\Git\1_current_projects\powerlifing_model\simulations\Athlete_03\25_03_31\Walking_01\joint_angles.mot (nr=131 nc=40)
[2025-11-04 09:12:15.932] [info] Storage: read data file = C:\Git\1_current_projects\powerlifing_model\simulations\Athlete_03\25_03_31\Walking_01\joint_angles.mot (nr=131 nc=40)
[2025-11-04 09:12:15.981] [info] Loaded model Athlete_03 from file C:\Git\1_current_projects\powerlifing_model\models\Athlete_03\25_03_31\scaled_increasedForce3.osim
[2025-11-04 09:12:16.067] [info] AbstractTool Analyse loading model ..\..\..\..\models\Athlete_03\25_03_31\scaled_increasedForce3.osim
[2025-11-04 09:12:16.111] [info] Loaded model Athlete_03 from file ..\..\..\..\models\Athlete_03\25_03_31\scaled_increasedForce3.osim
[2025-11-04 09:12:16.288] [info] Storage: read data file = C:\Git\1_current_projects\powerlifing_model\simulations\Athlete_03\25_03_31\Walking_01\c3dfile.mot (nr=2390 nc=46)
[2025-11-04 09:12:16.329] [info] ExternalForce::grf_r_2 Data source being set to c3dfile
[2025-11-04 09:12:16.330] [info] ExternalForce::grf_l_3 Data source being set to c3dfile
[2025-11-04 09:12:16.330] [info] ExternalForce::grf_l_4 Data source being set to c3dfile
[2025-11-04 09:12:16.367] [info] Loading coordinates from file 'joint_angles.mot'.
[2025-11-04 09:12:16.368] [info] Storage: read data file = joint_angles.mot (nr=131 nc=40)
[2025-11-04 09:12:16.371] [info] Low-pass filtering coordinates data with a cutoff frequency of 6.0...
[2025-11-04 09:12:16.636] [info] AssemblySolver::track() attempt Failed: SimTK Exception thrown at Assembler.cpp:973:
  Method Assembler::track() failed because:
Unable to achieve required assembly error tolerance.
Assembly error tolerance achieved: 9.8385145170651483e-09 required: 1e-10.
[2025-11-04 09:12:16.649] [error] Model unable to assemble: AssemblySolver::assemble() Failed: SimTK Exception thrown at Assembler.cpp:897:
  Method Assembler::assemble() failed because:
Unable to achieve required assembly error tolerance.
Assembly error tolerance achieved: 9.8385145171826047e-09 required: 1e-10..Model relaxing constraints and trying again.
[2025-11-04 09:12:16.911] [info] Found 261 state vectors with time stamps ranging from 3.215 to 4.515.
[2025-11-04 09:12:16.912] [info] Executing the analyses from 3.54 to 4.19...
[2025-11-04 09:12:16.915] [info] Loading actuator forces from file SO_StaticOptimization_force.sto.
[2025-11-04 09:12:16.915] [info] Storage: read data file = SO_StaticOptimization_force.sto (nr=131 nc=141)
[2025-11-04 09:12:16.926] [info] Found 140 actuator forces with time stamps ranging from 3.54to 4.19.
[2025-11-04 09:12:16.926] [warning] The forces file contains actuators that are not in the model's actuator set.
[2025-11-04 09:12:16.927] [warning] Ignoring fiber lengths and activations from the states since forces_file is also set. Actuator forces will be constructed from SO_StaticOptimization_force.sto.
[2025-11-04 09:12:18.009] [info] Printing results of investigation Analyse to .
[2025-11-04 20:19:08.686] [info] Loaded model Athlete_03 from file C:\Git\1_current_projects\powerlifing_model\models\Athlete_03\25_03_31\scaled.osim
[2025-11-05 12:31:02.582] [info] Loaded model Athlete_03 from file C:\Git\1_current_projects\powerlifing_model\models\Athlete_03\25_03_31\scaled.osim
[2025-11-05 12:31:03.028] [info] Loaded model Athlete_03 from file C:\Git\1_current_projects\powerlifing_model\models\Athlete_03\25_03_31\scaled.osim
[2025-11-05 12:31:05.682] [cout] [info] 
               MODEL: Athlete_03
         coordinates: 39
              forces: 97
           actuators: 97
             muscles: 80
            analyses: 0
              probes: 0
              bodies: 22
              joints: 22
         constraints: 2
             markers: 45
         controllers: 0
  contact geometries: 0
misc modelcomponents: 0
[2025-11-05 12:31:05.685] [info] Running tool .
[2025-11-05 12:31:06.706] [info] Frame 0 (t = 0.0):	 total squared error = 0.00167100, marker error: RMS = 0.00852362, max = 0.0164086 (XIPH)
[2025-11-05 12:31:06.728] [info] Frame 1 (t = 0.00500000):	 total squared error = 0.00170854, marker error: RMS = 0.00861883, max = 0.0166528 (XIPH)
[2025-11-05 12:31:06.792] [info] Frame 2 (t = 0.01):	 total squared error = 0.00172574, marker error: RMS = 0.00866210, max = 0.0165933 (XIPH)
[2025-11-05 12:31:06.944] [info] Frame 3 (t = 0.015):	 total squared error = 0.00175653, marker error: RMS = 0.00873904, max = 0.0169833 (XIPH)
[2025-11-05 12:31:06.989] [info] Frame 4 (t = 0.02):	 total squared error = 0.00179554, marker error: RMS = 0.00883556, max = 0.0171505 (XIPH)
[2025-11-05 12:31:07.075] [info] Frame 5 (t = 0.025):	 total squared error = 0.00181811, marker error: RMS = 0.00889092, max = 0.0176697 (XIPH)
[2025-11-05 12:31:07.151] [info] Frame 6 (t = 0.03):	 total squared error = 0.00186877, marker error: RMS = 0.00901392, max = 0.0177857 (XIPH)
[2025-11-05 12:31:07.234] [info] Frame 7 (t = 0.035):	 total squared error = 0.00191951, marker error: RMS = 0.00913548, max = 0.0179373 (XIPH)
[2025-11-05 12:31:07.280] [info] Frame 8 (t = 0.04):	 total squared error = 0.00196206, marker error: RMS = 0.00923617, max = 0.0181364 (XIPH)
[2025-11-05 12:31:07.446] [info] Frame 9 (t = 0.045):	 total squared error = 0.00197192, marker error: RMS = 0.00925936, max = 0.0186207 (XIPH)
[2025-11-05 12:31:07.535] [info] Frame 10 (t = 0.05):	 total squared error = 0.00200728, marker error: RMS = 0.00934201, max = 0.0186744 (XIPH)
[2025-11-05 12:31:07.624] [info] Frame 11 (t = 0.055):	 total squared error = 0.00202564, marker error: RMS = 0.00938463, max = 0.0187344 (XIPH)
[2025-11-05 12:31:07.727] [info] Frame 12 (t = 0.06):	 total squared error = 0.00203771, marker error: RMS = 0.00941256, max = 0.018796 (STRN)
[2025-11-05 12:31:07.809] [info] Frame 13 (t = 0.065):	 total squared error = 0.00203268, marker error: RMS = 0.00940092, max = 0.0189111 (STRN)
[2025-11-05 12:31:07.970] [info] Frame 14 (t = 0.07):	 total squared error = 0.00198939, marker error: RMS = 0.00930028, max = 0.0195188 (STRN)
[2025-11-05 12:31:08.054] [info] Frame 15 (t = 0.075):	 total squared error = 0.00196421, marker error: RMS = 0.00924124, max = 0.0194799 (STRN)
[2025-11-05 12:31:08.158] [info] Frame 16 (t = 0.08):	 total squared error = 0.00193415, marker error: RMS = 0.00917025, max = 0.0194282 (STRN)
[2025-11-05 12:31:08.223] [info] Frame 17 (t = 0.085):	 total squared error = 0.00189906, marker error: RMS = 0.00908668, max = 0.0193313 (STRN)
[2025-11-05 12:31:08.282] [info] Frame 18 (t = 0.09):	 total squared error = 0.00187109, marker error: RMS = 0.00901951, max = 0.0192098 (STRN)
[2025-11-05 12:31:08.376] [info] Frame 19 (t = 0.095):	 total squared error = 0.00188805, marker error: RMS = 0.00906030, max = 0.0193147 (STRN)
[2025-11-05 12:31:08.421] [info] Frame 20 (t = 0.1):	 total squared error = 0.00187370, marker error: RMS = 0.00902581, max = 0.0189852 (STRN)
[2025-11-05 12:31:08.500] [info] Frame 21 (t = 0.105000):	 total squared error = 0.00187379, marker error: RMS = 0.00902603, max = 0.018658 (STRN)
[2025-11-05 12:31:08.600] [info] Frame 22 (t = 0.11):	 total squared error = 0.00196476, marker error: RMS = 0.00924253, max = 0.0184313 (STRN)
[2025-11-05 12:31:08.677] [info] Frame 23 (t = 0.115):	 total squared error = 0.00198029, marker error: RMS = 0.00927899, max = 0.0179318 (STRN)
[2025-11-05 12:31:08.791] [info] Frame 24 (t = 0.12):	 total squared error = 0.00210767, marker error: RMS = 0.00957276, max = 0.0175939 (STRN)
[2025-11-05 12:31:08.871] [info] Frame 25 (t = 0.125):	 total squared error = 0.00219604, marker error: RMS = 0.00977139, max = 0.0177609 (LM5)
[2025-11-05 12:31:08.921] [info] Frame 26 (t = 0.13):	 total squared error = 0.00220865, marker error: RMS = 0.00979941, max = 0.0171899 (LM5)
[2025-11-05 12:31:09.030] [info] Frame 27 (t = 0.135):	 total squared error = 0.00238556, marker error: RMS = 0.0101843, max = 0.0180037 (RTHOL)
[2025-11-05 12:31:09.096] [info] Frame 28 (t = 0.14):	 total squared error = 0.00239668, marker error: RMS = 0.0102080, max = 0.0184494 (RTHOL)
[2025-11-05 12:31:09.179] [info] Frame 29 (t = 0.145):	 total squared error = 0.00255650, marker error: RMS = 0.0105429, max = 0.0199465 (RTHOL)
[2025-11-05 12:31:09.269] [info] Frame 30 (t = 0.15):	 total squared error = 0.00263699, marker error: RMS = 0.0107076, max = 0.0208278 (RTHOL)
[2025-11-05 12:31:09.343] [info] Frame 31 (t = 0.155):	 total squared error = 0.00272294, marker error: RMS = 0.0108807, max = 0.021682 (RTHOL)
[2025-11-05 12:31:09.398] [info] Frame 32 (t = 0.16):	 total squared error = 0.00281093, marker error: RMS = 0.0110551, max = 0.0224751 (RTHOL)
[2025-11-05 12:31:09.452] [info] Frame 33 (t = 0.165):	 total squared error = 0.00290691, marker error: RMS = 0.0112422, max = 0.0232441 (RTHOL)
[2025-11-05 12:31:09.531] [info] Frame 34 (t = 0.17):	 total squared error = 0.00300477, marker error: RMS = 0.0114299, max = 0.0240082 (RTHOL)
[2025-11-05 12:31:09.600] [info] Frame 35 (t = 0.175):	 total squared error = 0.00308382, marker error: RMS = 0.0115793, max = 0.0245305 (RTHOL)
[2025-11-05 12:31:09.681] [info] Frame 36 (t = 0.18):	 total squared error = 0.00325216, marker error: RMS = 0.0118911, max = 0.0255588 (RTHOL)
[2025-11-05 12:31:09.761] [info] Frame 37 (t = 0.185):	 total squared error = 0.00337052, marker error: RMS = 0.0121056, max = 0.0262060 (RTHOL)
[2025-11-05 12:31:09.923] [info] Frame 38 (t = 0.19):	 total squared error = 0.00353901, marker error: RMS = 0.0124044, max = 0.0271795 (RTHOL)
[2025-11-05 12:31:10.014] [info] Frame 39 (t = 0.195):	 total squared error = 0.00370010, marker error: RMS = 0.0126836, max = 0.0279723 (RTHOL)
[2025-11-05 12:31:10.094] [info] Frame 40 (t = 0.2):	 total squared error = 0.00386826, marker error: RMS = 0.0129686, max = 0.0287725 (RTHOL)
[2025-11-05 12:31:10.150] [info] Frame 41 (t = 0.205000):	 total squared error = 0.00399060, marker error: RMS = 0.0131721, max = 0.0295374 (RTHOL)
[2025-11-05 12:31:10.253] [info] Frame 42 (t = 0.21):	 total squared error = 0.00419712, marker error: RMS = 0.0135086, max = 0.0302174 (RTHOL)
[2025-11-05 12:31:10.309] [info] Frame 43 (t = 0.215):	 total squared error = 0.00432799, marker error: RMS = 0.0137176, max = 0.0310201 (RTHOL)
[2025-11-05 12:31:10.364] [info] Frame 44 (t = 0.22):	 total squared error = 0.00452265, marker error: RMS = 0.0140227, max = 0.0318253 (RTHOL)
[2025-11-05 12:31:10.413] [info] Frame 45 (t = 0.225):	 total squared error = 0.00464363, marker error: RMS = 0.0142090, max = 0.0324918 (RTHOL)
[2025-11-05 12:31:10.515] [info] Frame 46 (t = 0.23):	 total squared error = 0.00481234, marker error: RMS = 0.0144649, max = 0.0329829 (RTHOL)
[2025-11-05 12:31:10.552] [info] Frame 47 (t = 0.235):	 total squared error = 0.00492825, marker error: RMS = 0.014638, max = 0.0335784 (RTHOL)
[2025-11-05 12:31:10.646] [info] Frame 48 (t = 0.24):	 total squared error = 0.00506785, marker error: RMS = 0.0148439, max = 0.0339758 (RTHOL)
[2025-11-05 12:31:10.698] [info] Frame 49 (t = 0.245):	 total squared error = 0.00517322, marker error: RMS = 0.0149974, max = 0.0343768 (RTHOL)
[2025-11-05 12:31:10.774] [info] Frame 50 (t = 0.25):	 total squared error = 0.00527773, marker error: RMS = 0.0151482, max = 0.0346955 (RTHOL)
[2025-11-05 12:31:10.923] [info] Frame 51 (t = 0.255):	 total squared error = 0.00535832, marker error: RMS = 0.0152634, max = 0.0347080 (RTHOL)
[2025-11-05 12:31:10.995] [info] Frame 52 (t = 0.26):	 total squared error = 0.00543186, marker error: RMS = 0.0153677, max = 0.0348719 (RTHOL)
[2025-11-05 12:31:11.069] [info] Frame 53 (t = 0.265):	 total squared error = 0.00548775, marker error: RMS = 0.0154466, max = 0.0349471 (RTHOL)
[2025-11-05 12:31:11.197] [info] Frame 54 (t = 0.27):	 total squared error = 0.00545238, marker error: RMS = 0.0153968, max = 0.0345232 (RTHOL)
[2025-11-05 12:31:11.238] [info] Frame 55 (t = 0.275):	 total squared error = 0.00545639, marker error: RMS = 0.0154024, max = 0.0343979 (RTHOL)
[2025-11-05 12:31:11.358] [info] Frame 56 (t = 0.28):	 total squared error = 0.00537270, marker error: RMS = 0.0152838, max = 0.0338445 (RTHOL)
[2025-11-05 12:31:11.458] [info] Frame 57 (t = 0.285):	 total squared error = 0.00529837, marker error: RMS = 0.0151777, max = 0.0334547 (RTHOL)
[2025-11-05 12:31:11.639] [info] Frame 58 (t = 0.29):	 total squared error = 0.00518079, marker error: RMS = 0.0150084, max = 0.0329124 (RTHOL)
[2025-11-05 12:31:11.763] [info] Frame 59 (t = 0.295):	 total squared error = 0.00499843, marker error: RMS = 0.0147419, max = 0.0318266 (RTHOL)
[2025-11-05 12:31:11.805] [info] Frame 60 (t = 0.3):	 total squared error = 0.00487531, marker error: RMS = 0.0145592, max = 0.0314191 (RTHOL)
[2025-11-05 12:31:11.917] [info] Frame 61 (t = 0.305000):	 total squared error = 0.00464008, marker error: RMS = 0.0142036, max = 0.0302762 (RTHOL)
[2025-11-05 12:31:11.977] [info] Frame 62 (t = 0.31):	 total squared error = 0.00443285, marker error: RMS = 0.0138828, max = 0.0291894 (RTHOL)
[2025-11-05 12:31:12.016] [info] Frame 63 (t = 0.315):	 total squared error = 0.00429784, marker error: RMS = 0.0136698, max = 0.0287653 (RTHOL)
[2025-11-05 12:31:12.063] [info] Frame 64 (t = 0.32):	 total squared error = 0.00415935, marker error: RMS = 0.0134477, max = 0.0284295 (RTHOL)
[2025-11-05 12:31:12.173] [info] Frame 65 (t = 0.325):	 total squared error = 0.00386858, marker error: RMS = 0.0129692, max = 0.0267687 (RTHOL)
[2025-11-05 12:31:12.260] [info] Frame 66 (t = 0.33):	 total squared error = 0.00369230, marker error: RMS = 0.0126702, max = 0.0255801 (RTHOL)
[2025-11-05 12:31:12.316] [info] Frame 67 (t = 0.335):	 total squared error = 0.00357898, marker error: RMS = 0.0124743, max = 0.0251275 (RTHOL)
[2025-11-05 12:31:12.400] [info] Frame 68 (t = 0.34):	 total squared error = 0.00339465, marker error: RMS = 0.0121488, max = 0.0237765 (RTHOL)
[2025-11-05 12:31:12.449] [info] Frame 69 (t = 0.345):	 total squared error = 0.00331821, marker error: RMS = 0.0120112, max = 0.0234386 (RTHOL)
[2025-11-05 12:31:12.513] [info] Frame 70 (t = 0.35):	 total squared error = 0.00317846, marker error: RMS = 0.0117556, max = 0.0225154 (RTHOL)
[2025-11-05 12:31:12.596] [info] Frame 71 (t = 0.355):	 total squared error = 0.00308720, marker error: RMS = 0.0115856, max = 0.0216137 (RTHOL)
[2025-11-05 12:31:12.662] [info] Frame 72 (t = 0.36):	 total squared error = 0.00305858, marker error: RMS = 0.0115318, max = 0.0213561 (RTHOL)
[2025-11-05 12:31:12.716] [info] Frame 73 (t = 0.365):	 total squared error = 0.00302936, marker error: RMS = 0.0114766, max = 0.0208972 (RTHOL)
[2025-11-05 12:31:12.787] [info] Frame 74 (t = 0.37):	 total squared error = 0.00294423, marker error: RMS = 0.0113141, max = 0.0208802 (LM5)
[2025-11-05 12:31:12.872] [info] Frame 75 (t = 0.375):	 total squared error = 0.00293321, marker error: RMS = 0.011293, max = 0.0208933 (LM5)
[2025-11-05 12:31:12.938] [info] Frame 76 (t = 0.38):	 total squared error = 0.00295522, marker error: RMS = 0.0113352, max = 0.0212653 (LM5)
[2025-11-05 12:31:13.064] [info] Frame 77 (t = 0.385):	 total squared error = 0.00293598, marker error: RMS = 0.0112983, max = 0.0212489 (LM5)
[2025-11-05 12:31:13.176] [info] Frame 78 (t = 0.39):	 total squared error = 0.00296980, marker error: RMS = 0.0113632, max = 0.021451 (LM5)
[2025-11-05 12:31:13.286] [info] Frame 79 (t = 0.395):	 total squared error = 0.00298562, marker error: RMS = 0.0113934, max = 0.0216423 (LM5)
[2025-11-05 12:31:13.376] [info] Frame 80 (t = 0.4):	 total squared error = 0.00302161, marker error: RMS = 0.0114619, max = 0.0218009 (LM5)
[2025-11-05 12:31:13.440] [info] Frame 81 (t = 0.405000):	 total squared error = 0.00306743, marker error: RMS = 0.0115484, max = 0.0219663 (LM5)
[2025-11-05 12:31:13.509] [info] Frame 82 (t = 0.41):	 total squared error = 0.00310718, marker error: RMS = 0.011623, max = 0.0220478 (LM5)
[2025-11-05 12:31:13.573] [info] Frame 83 (t = 0.415):	 total squared error = 0.00314712, marker error: RMS = 0.0116975, max = 0.0222453 (LM5)
[2025-11-05 12:31:13.665] [info] Frame 84 (t = 0.42):	 total squared error = 0.00317588, marker error: RMS = 0.0117508, max = 0.0220718 (LM5)
[2025-11-05 12:31:13.720] [info] Frame 85 (t = 0.425):	 total squared error = 0.00320631, marker error: RMS = 0.0118070, max = 0.0224233 (LM5)
[2025-11-05 12:31:13.794] [info] Frame 86 (t = 0.43):	 total squared error = 0.00323050, marker error: RMS = 0.0118514, max = 0.0223083 (LM5)
[2025-11-05 12:31:13.916] [info] Frame 87 (t = 0.435):	 total squared error = 0.00323040, marker error: RMS = 0.0118513, max = 0.0216494 (LM5)
[2025-11-05 12:31:13.971] [info] Frame 88 (t = 0.44):	 total squared error = 0.00322498, marker error: RMS = 0.0118413, max = 0.0216508 (LM5)
[2025-11-05 12:31:14.088] [info] Frame 89 (t = 0.445):	 total squared error = 0.00320199, marker error: RMS = 0.011799, max = 0.0208296 (LM5)
[2025-11-05 12:31:14.196] [info] Frame 90 (t = 0.45):	 total squared error = 0.00316595, marker error: RMS = 0.0117324, max = 0.0203858 (LM5)
[2025-11-05 12:31:14.256] [info] Frame 91 (t = 0.455):	 total squared error = 0.00311914, marker error: RMS = 0.0116454, max = 0.0204724 (XIPH)
[2025-11-05 12:31:14.377] [info] Frame 92 (t = 0.46):	 total squared error = 0.00304755, marker error: RMS = 0.011511, max = 0.0205956 (XIPH)
[2025-11-05 12:31:14.464] [info] Frame 93 (t = 0.465):	 total squared error = 0.00296517, marker error: RMS = 0.0113543, max = 0.0207506 (XIPH)
[2025-11-05 12:31:14.520] [info] Frame 94 (t = 0.47):	 total squared error = 0.00288966, marker error: RMS = 0.0112088, max = 0.0209699 (XIPH)
[2025-11-05 12:31:14.573] [info] Frame 95 (t = 0.475):	 total squared error = 0.00279635, marker error: RMS = 0.0110263, max = 0.0212129 (XIPH)
[2025-11-05 12:31:14.626] [info] Frame 96 (t = 0.48):	 total squared error = 0.00270172, marker error: RMS = 0.0108382, max = 0.0214576 (XIPH)
[2025-11-05 12:31:14.700] [info] Frame 97 (t = 0.485):	 total squared error = 0.00260861, marker error: RMS = 0.0106498, max = 0.0216695 (XIPH)
[2025-11-05 12:31:14.816] [info] Frame 98 (t = 0.49):	 total squared error = 0.00250949, marker error: RMS = 0.0104455, max = 0.0217892 (XIPH)
[2025-11-05 12:31:14.886] [info] Frame 99 (t = 0.495):	 total squared error = 0.00244108, marker error: RMS = 0.0103021, max = 0.0219622 (XIPH)
[2025-11-05 12:31:14.956] [info] Frame 100 (t = 0.5):	 total squared error = 0.00237753, marker error: RMS = 0.0101671, max = 0.0221522 (XIPH)
[2025-11-05 12:31:15.058] [info] Frame 101 (t = 0.505000):	 total squared error = 0.00232413, marker error: RMS = 0.0100523, max = 0.0223505 (XIPH)
[2025-11-05 12:31:15.121] [info] Frame 102 (t = 0.51):	 total squared error = 0.00230265, marker error: RMS = 0.0100058, max = 0.0224384 (XIPH)
[2025-11-05 12:31:15.194] [info] Frame 103 (t = 0.515):	 total squared error = 0.00228102, marker error: RMS = 0.00995865, max = 0.0226162 (XIPH)
[2025-11-05 12:31:15.272] [info] Frame 104 (t = 0.52):	 total squared error = 0.00228902, marker error: RMS = 0.00997610, max = 0.02274 (XIPH)
[2025-11-05 12:31:15.357] [info] Frame 105 (t = 0.525):	 total squared error = 0.00230086, marker error: RMS = 0.0100019, max = 0.0228913 (XIPH)
[2025-11-05 12:31:15.430] [info] Frame 106 (t = 0.53):	 total squared error = 0.00232923, marker error: RMS = 0.0100633, max = 0.0229641 (XIPH)
[2025-11-05 12:31:15.506] [info] Frame 107 (t = 0.535):	 total squared error = 0.00236062, marker error: RMS = 0.0101309, max = 0.0230893 (XIPH)
[2025-11-05 12:31:15.572] [info] Frame 108 (t = 0.54):	 total squared error = 0.00239429, marker error: RMS = 0.0102029, max = 0.023199 (XIPH)
[2025-11-05 12:31:15.633] [info] Frame 109 (t = 0.545):	 total squared error = 0.00243265, marker error: RMS = 0.0102843, max = 0.0233521 (XIPH)
[2025-11-05 12:31:15.671] [info] Frame 110 (t = 0.55):	 total squared error = 0.00244975, marker error: RMS = 0.0103204, max = 0.0232726 (XIPH)
[2025-11-05 12:31:15.746] [info] Frame 111 (t = 0.555):	 total squared error = 0.00249049, marker error: RMS = 0.0104059, max = 0.0235528 (XIPH)
[2025-11-05 12:31:15.781] [info] Frame 112 (t = 0.56):	 total squared error = 0.00251157, marker error: RMS = 0.0104498, max = 0.0236099 (XIPH)
[2025-11-05 12:31:15.837] [info] Frame 113 (t = 0.565):	 total squared error = 0.00254698, marker error: RMS = 0.0105232, max = 0.0238165 (XIPH)
[2025-11-05 12:31:15.912] [info] Frame 114 (t = 0.57):	 total squared error = 0.00255380, marker error: RMS = 0.0105373, max = 0.0236834 (XIPH)
[2025-11-05 12:31:15.960] [info] Frame 115 (t = 0.575):	 total squared error = 0.00256529, marker error: RMS = 0.0105610, max = 0.0237849 (XIPH)
[2025-11-05 12:31:16.090] [info] Frame 116 (t = 0.58):	 total squared error = 0.00259955, marker error: RMS = 0.0106313, max = 0.0237079 (XIPH)
[2025-11-05 12:31:16.158] [info] Frame 117 (t = 0.585):	 total squared error = 0.00261244, marker error: RMS = 0.0106576, max = 0.0237338 (XIPH)
[2025-11-05 12:31:16.257] [info] Frame 118 (t = 0.59):	 total squared error = 0.00265583, marker error: RMS = 0.0107457, max = 0.0235851 (XIPH)
[2025-11-05 12:31:16.352] [info] Frame 119 (t = 0.595):	 total squared error = 0.00270088, marker error: RMS = 0.0108365, max = 0.0234711 (XIPH)
[2025-11-05 12:31:16.429] [info] Frame 120 (t = 0.6):	 total squared error = 0.00269797, marker error: RMS = 0.0108307, max = 0.0232946 (XIPH)
[2025-11-05 12:31:16.489] [info] Frame 121 (t = 0.605000):	 total squared error = 0.00271342, marker error: RMS = 0.0108616, max = 0.0230478 (XIPH)
[2025-11-05 12:31:16.580] [info] Frame 122 (t = 0.61):	 total squared error = 0.00272532, marker error: RMS = 0.0108854, max = 0.0227763 (XIPH)
[2025-11-05 12:31:16.663] [info] Frame 123 (t = 0.615):	 total squared error = 0.00272903, marker error: RMS = 0.0108928, max = 0.0226261 (RTHOL)
[2025-11-05 12:31:16.749] [info] Frame 124 (t = 0.62):	 total squared error = 0.00272838, marker error: RMS = 0.0108915, max = 0.0227911 (RTHOL)
[2025-11-05 12:31:16.857] [info] Frame 125 (t = 0.625):	 total squared error = 0.00276676, marker error: RMS = 0.0109679, max = 0.0233924 (RTHOL)
[2025-11-05 12:31:16.930] [info] Frame 126 (t = 0.63):	 total squared error = 0.00271248, marker error: RMS = 0.0108597, max = 0.0232772 (RTHOL)
[2025-11-05 12:31:17.015] [info] Frame 127 (t = 0.635):	 total squared error = 0.00268504, marker error: RMS = 0.0108047, max = 0.0233882 (RTHOL)
[2025-11-05 12:31:17.090] [info] Frame 128 (t = 0.64):	 total squared error = 0.00263787, marker error: RMS = 0.0107093, max = 0.0234396 (RTHOL)
[2025-11-05 12:31:17.161] [info] Frame 129 (t = 0.645):	 total squared error = 0.00259144, marker error: RMS = 0.0106147, max = 0.0235327 (RTHOL)
[2025-11-05 12:31:17.232] [info] Frame 130 (t = 0.65):	 total squared error = 0.00254301, marker error: RMS = 0.0105150, max = 0.0236282 (RTHOL)
[2025-11-05 12:31:17.309] [info] Frame 131 (t = 0.655):	 total squared error = 0.00253199, marker error: RMS = 0.0104922, max = 0.023963 (RTHOL)
[2025-11-05 12:31:17.386] [info] Frame 132 (t = 0.66):	 total squared error = 0.00246011, marker error: RMS = 0.0103422, max = 0.023985 (RTHOL)
[2025-11-05 12:31:17.440] [info] Frame 133 (t = 0.665):	 total squared error = 0.00239304, marker error: RMS = 0.0102003, max = 0.0240913 (RTHOL)
[2025-11-05 12:31:17.515] [info] Frame 134 (t = 0.67):	 total squared error = 0.00235420, marker error: RMS = 0.0101171, max = 0.024328 (RTHOL)
[2025-11-05 12:31:17.599] [info] Frame 135 (t = 0.675):	 total squared error = 0.00229661, marker error: RMS = 0.00999262, max = 0.0243967 (RTHOL)
[2025-11-05 12:31:17.670] [info] Frame 136 (t = 0.68):	 total squared error = 0.00223976, marker error: RMS = 0.00986818, max = 0.0246257 (RTHOL)
[2025-11-05 12:31:17.781] [info] Frame 137 (t = 0.685):	 total squared error = 0.00221421, marker error: RMS = 0.00981173, max = 0.0246327 (RTHOL)
[2025-11-05 12:31:17.885] [info] Frame 138 (t = 0.69):	 total squared error = 0.00219634, marker error: RMS = 0.00977206, max = 0.0248871 (RTHOL)
[2025-11-05 12:31:17.980] [info] Frame 139 (t = 0.695):	 total squared error = 0.00219806, marker error: RMS = 0.00977588, max = 0.0252294 (RTHOL)
[2025-11-05 12:31:18.087] [info] Frame 140 (t = 0.7):	 total squared error = 0.00221980, marker error: RMS = 0.00982410, max = 0.0253133 (RTHOL)
[2025-11-05 12:31:18.213] [info] Frame 141 (t = 0.705000):	 total squared error = 0.00223795, marker error: RMS = 0.00986418, max = 0.0251878 (RTHOL)
[2025-11-05 12:31:18.325] [info] Frame 142 (t = 0.71):	 total squared error = 0.00231235, marker error: RMS = 0.0100268, max = 0.0254409 (RTHOL)
[2025-11-05 12:31:18.412] [info] Frame 143 (t = 0.715):	 total squared error = 0.00243308, marker error: RMS = 0.0102852, max = 0.0260427 (RTHOL)
[2025-11-05 12:31:18.583] [info] Frame 144 (t = 0.72):	 total squared error = 0.00244605, marker error: RMS = 0.0103126, max = 0.0250857 (RTHOL)
[2025-11-05 12:31:18.728] [info] Frame 145 (t = 0.725):	 total squared error = 0.00253814, marker error: RMS = 0.0105050, max = 0.0249243 (RTHOL)
[2025-11-05 12:31:18.872] [info] Frame 146 (t = 0.73):	 total squared error = 0.00266153, marker error: RMS = 0.0107573, max = 0.0248647 (RTHOL)
[2025-11-05 12:31:18.996] [info] Frame 147 (t = 0.735):	 total squared error = 0.00278700, marker error: RMS = 0.0110079, max = 0.0255093 (RM5)
[2025-11-05 12:31:19.097] [info] Frame 148 (t = 0.74):	 total squared error = 0.00295987, marker error: RMS = 0.0113442, max = 0.0273362 (RM5)
[2025-11-05 12:31:19.241] [info] Frame 149 (t = 0.745):	 total squared error = 0.00300122, marker error: RMS = 0.0114231, max = 0.0284793 (RM5)
[2025-11-05 12:31:19.332] [info] Frame 150 (t = 0.75):	 total squared error = 0.00316693, marker error: RMS = 0.0117342, max = 0.0297027 (RM5)
[2025-11-05 12:31:19.496] [info] Frame 151 (t = 0.755):	 total squared error = 0.00324722, marker error: RMS = 0.0118821, max = 0.0306987 (RM5)
[2025-11-05 12:31:19.627] [info] Frame 152 (t = 0.76):	 total squared error = 0.00338454, marker error: RMS = 0.0121307, max = 0.0314172 (RM5)
[2025-11-05 12:31:19.729] [info] Frame 153 (t = 0.765):	 total squared error = 0.00350907, marker error: RMS = 0.0123518, max = 0.0318386 (RM5)
[2025-11-05 12:31:19.823] [info] Frame 154 (t = 0.77):	 total squared error = 0.00363100, marker error: RMS = 0.0125646, max = 0.0321512 (RM5)
[2025-11-05 12:31:19.926] [info] Frame 155 (t = 0.775):	 total squared error = 0.00373505, marker error: RMS = 0.0127434, max = 0.0321806 (RM5)
[2025-11-05 12:31:20.018] [info] Frame 156 (t = 0.78):	 total squared error = 0.00384407, marker error: RMS = 0.012928, max = 0.0322598 (RM5)
[2025-11-05 12:31:20.138] [info] Frame 157 (t = 0.785):	 total squared error = 0.00394881, marker error: RMS = 0.0131029, max = 0.0317929 (RM5)
[2025-11-05 12:31:20.243] [info] Frame 158 (t = 0.79):	 total squared error = 0.00402478, marker error: RMS = 0.0132284, max = 0.0317451 (RM5)
[2025-11-05 12:31:20.339] [info] Frame 159 (t = 0.795):	 total squared error = 0.00410265, marker error: RMS = 0.0133558, max = 0.0317703 (RM5)
[2025-11-05 12:31:20.450] [info] Frame 160 (t = 0.8):	 total squared error = 0.00431968, marker error: RMS = 0.0137045, max = 0.0314479 (RM5)
[2025-11-05 12:31:20.543] [info] Frame 161 (t = 0.805000):	 total squared error = 0.00433686, marker error: RMS = 0.0137317, max = 0.0313825 (RM5)
[2025-11-05 12:31:20.622] [info] Frame 162 (t = 0.81):	 total squared error = 0.00433921, marker error: RMS = 0.0137354, max = 0.0311795 (RM5)
[2025-11-05 12:31:20.721] [info] Frame 163 (t = 0.815):	 total squared error = 0.00432203, marker error: RMS = 0.0137082, max = 0.0303614 (RM5)
[2025-11-05 12:31:20.821] [info] Frame 164 (t = 0.82):	 total squared error = 0.00426206, marker error: RMS = 0.0136127, max = 0.0304500 (RM5)
[2025-11-05 12:31:20.905] [info] Frame 165 (t = 0.825):	 total squared error = 0.00417079, marker error: RMS = 0.0134662, max = 0.0302966 (RM5)
[2025-11-05 12:31:21.046] [info] Frame 166 (t = 0.83):	 total squared error = 0.00415115, marker error: RMS = 0.0134345, max = 0.0295482 (RM5)
[2025-11-05 12:31:21.089] [info] Frame 167 (t = 0.835):	 total squared error = 0.00399270, marker error: RMS = 0.0131756, max = 0.0294038 (RM5)
[2025-11-05 12:31:21.187] [info] Frame 168 (t = 0.84):	 total squared error = 0.00380696, marker error: RMS = 0.0128655, max = 0.0284941 (RM5)
[2025-11-05 12:31:21.266] [info] Frame 169 (t = 0.845):	 total squared error = 0.00362252, marker error: RMS = 0.0125499, max = 0.02822 (RM5)
[2025-11-05 12:31:21.297] [info] Frame 170 (t = 0.85):	 total squared error = 0.00342776, marker error: RMS = 0.0122079, max = 0.0278841 (RM5)
[2025-11-05 12:31:21.328] [info] Frame 171 (t = 0.855):	 total squared error = 0.00321880, marker error: RMS = 0.01183, max = 0.0269841 (RM5)
[2025-11-05 12:31:21.362] [info] Frame 172 (t = 0.86):	 total squared error = 0.00300677, marker error: RMS = 0.0114337, max = 0.026463 (RM5)
[2025-11-05 12:31:21.439] [info] Frame 173 (t = 0.865):	 total squared error = 0.00281990, marker error: RMS = 0.0110727, max = 0.0255536 (RM5)
[2025-11-05 12:31:21.481] [info] Frame 174 (t = 0.87):	 total squared error = 0.00265272, marker error: RMS = 0.0107394, max = 0.0253017 (RM5)
[2025-11-05 12:31:21.524] [info] Frame 175 (t = 0.875):	 total squared error = 0.00250163, marker error: RMS = 0.0104291, max = 0.0249057 (RM5)
[2025-11-05 12:31:21.588] [info] Frame 176 (t = 0.88):	 total squared error = 0.00236524, marker error: RMS = 0.0101408, max = 0.0244468 (RM5)
[2025-11-05 12:31:21.704] [info] Frame 177 (t = 0.885):	 total squared error = 0.00224038, marker error: RMS = 0.00986954, max = 0.0234971 (RM5)
[2025-11-05 12:31:21.786] [info] Frame 178 (t = 0.89):	 total squared error = 0.00215038, marker error: RMS = 0.00966927, max = 0.023264 (RM5)
[2025-11-05 12:31:21.865] [info] Frame 179 (t = 0.895):	 total squared error = 0.00207781, marker error: RMS = 0.00950470, max = 0.022968 (RM5)
[2025-11-05 12:31:21.959] [info] Frame 180 (t = 0.9):	 total squared error = 0.00203370, marker error: RMS = 0.00940328, max = 0.0221152 (RM5)
[2025-11-05 12:31:22.027] [info] Frame 181 (t = 0.905000):	 total squared error = 0.00201107, marker error: RMS = 0.00935082, max = 0.0221015 (RM5)
[2025-11-05 12:31:22.148] [info] Frame 182 (t = 0.91):	 total squared error = 0.00201418, marker error: RMS = 0.00935804, max = 0.0213282 (RM5)
[2025-11-05 12:31:22.241] [info] Frame 183 (t = 0.915):	 total squared error = 0.00203340, marker error: RMS = 0.00940258, max = 0.0212070 (RM5)
[2025-11-05 12:31:22.325] [info] Frame 184 (t = 0.92):	 total squared error = 0.00206434, marker error: RMS = 0.00947384, max = 0.0211741 (RM5)
[2025-11-05 12:31:22.431] [info] Frame 185 (t = 0.925):	 total squared error = 0.00211299, marker error: RMS = 0.00958483, max = 0.0205393 (RM5)
[2025-11-05 12:31:22.509] [info] Frame 186 (t = 0.93):	 total squared error = 0.00216672, marker error: RMS = 0.00970594, max = 0.0205554 (RM5)
[2025-11-05 12:31:22.622] [info] Frame 187 (t = 0.935):	 total squared error = 0.00224118, marker error: RMS = 0.00987129, max = 0.0200857 (RM5)
[2025-11-05 12:31:22.694] [info] Frame 188 (t = 0.94):	 total squared error = 0.00230665, marker error: RMS = 0.0100145, max = 0.0201847 (RM5)
[2025-11-05 12:31:22.813] [info] Frame 189 (t = 0.945):	 total squared error = 0.00237836, marker error: RMS = 0.0101689, max = 0.0200582 (RTH3)
[2025-11-05 12:31:22.906] [info] Frame 190 (t = 0.95):	 total squared error = 0.00244310, marker error: RMS = 0.0103064, max = 0.0204846 (RTH3)
[2025-11-05 12:31:22.980] [info] Frame 191 (t = 0.955):	 total squared error = 0.00250246, marker error: RMS = 0.0104308, max = 0.0208764 (RTH3)
[2025-11-05 12:31:23.092] [info] Frame 192 (t = 0.96):	 total squared error = 0.00255111, marker error: RMS = 0.0105318, max = 0.0213894 (RTH3)
[2025-11-05 12:31:23.146] [info] Frame 193 (t = 0.965):	 total squared error = 0.00257855, marker error: RMS = 0.0105883, max = 0.0214602 (RTH3)
[2025-11-05 12:31:23.257] [info] Frame 194 (t = 0.97):	 total squared error = 0.00259699, marker error: RMS = 0.0106260, max = 0.0216145 (RTH3)
[2025-11-05 12:31:23.327] [info] Frame 195 (t = 0.975):	 total squared error = 0.00258712, marker error: RMS = 0.0106058, max = 0.0214205 (RTH3)
[2025-11-05 12:31:23.391] [info] Frame 196 (t = 0.98):	 total squared error = 0.00256345, marker error: RMS = 0.0105572, max = 0.0212904 (RTH3)
[2025-11-05 12:31:23.496] [info] Frame 197 (t = 0.985):	 total squared error = 0.00251075, marker error: RMS = 0.0104481, max = 0.0207663 (RTH3)
[2025-11-05 12:31:23.677] [info] Frame 198 (t = 0.99):	 total squared error = 0.00244174, marker error: RMS = 0.0103035, max = 0.0202952 (RTH3)
[2025-11-05 12:31:23.803] [info] Frame 199 (t = 0.995):	 total squared error = 0.00234781, marker error: RMS = 0.0101034, max = 0.0195255 (RTH3)
[2025-11-05 12:31:23.898] [info] Frame 200 (t = 1.0):	 total squared error = 0.00223562, marker error: RMS = 0.00985905, max = 0.0194065 (XIPH)
[2025-11-05 12:31:24.038] [info] Frame 201 (t = 1.00500):	 total squared error = 0.00211948, marker error: RMS = 0.00959954, max = 0.0195457 (XIPH)
[2025-11-05 12:31:24.144] [info] Frame 202 (t = 1.01):	 total squared error = 0.00198848, marker error: RMS = 0.00929815, max = 0.0195885 (XIPH)
[2025-11-05 12:31:24.249] [info] Frame 203 (t = 1.015):	 total squared error = 0.00186421, marker error: RMS = 0.00900292, max = 0.019693 (XIPH)
[2025-11-05 12:31:24.391] [info] Frame 204 (t = 1.02):	 total squared error = 0.00174291, marker error: RMS = 0.00870510, max = 0.0197927 (XIPH)
[2025-11-05 12:31:24.507] [info] Frame 205 (t = 1.025):	 total squared error = 0.00163145, marker error: RMS = 0.00842214, max = 0.0198475 (XIPH)
[2025-11-05 12:31:24.767] [info] Frame 206 (t = 1.03):	 total squared error = 0.00154340, marker error: RMS = 0.00819173, max = 0.0197778 (XIPH)
[2025-11-05 12:31:24.907] [info] Frame 207 (t = 1.035):	 total squared error = 0.00146188, marker error: RMS = 0.00797245, max = 0.0198265 (XIPH)
[2025-11-05 12:31:25.027] [info] Frame 208 (t = 1.04):	 total squared error = 0.00140194, marker error: RMS = 0.00780729, max = 0.0198498 (XIPH)
[2025-11-05 12:31:25.189] [info] Frame 209 (t = 1.045):	 total squared error = 0.00136168, marker error: RMS = 0.00769437, max = 0.0197041 (XIPH)
[2025-11-05 12:31:25.281] [info] Frame 210 (t = 1.05):	 total squared error = 0.00134485, marker error: RMS = 0.00764668, max = 0.0197573 (XIPH)
[2025-11-05 12:31:25.374] [info] Frame 211 (t = 1.055):	 total squared error = 0.00133936, marker error: RMS = 0.00763105, max = 0.0197074 (XIPH)
[2025-11-05 12:31:25.581] [info] Frame 212 (t = 1.06):	 total squared error = 0.00135301, marker error: RMS = 0.00766984, max = 0.0193577 (XIPH)
[2025-11-05 12:31:25.731] [info] Frame 213 (t = 1.065):	 total squared error = 0.00136624, marker error: RMS = 0.00770725, max = 0.019314 (XIPH)
[2025-11-05 12:31:25.802] [info] Frame 214 (t = 1.07):	 total squared error = 0.00138473, marker error: RMS = 0.00775924, max = 0.019217 (XIPH)
[2025-11-05 12:31:26.012] [info] Frame 215 (t = 1.075):	 total squared error = 0.00141879, marker error: RMS = 0.00785407, max = 0.0191773 (XIPH)
[2025-11-05 12:31:26.108] [info] Frame 216 (t = 1.08):	 total squared error = 0.00144166, marker error: RMS = 0.00791711, max = 0.0191668 (XIPH)
[2025-11-05 12:31:26.216] [info] Frame 217 (t = 1.085):	 total squared error = 0.00146419, marker error: RMS = 0.00797874, max = 0.0191243 (XIPH)
[2025-11-05 12:31:26.279] [info] Frame 218 (t = 1.09):	 total squared error = 0.00148114, marker error: RMS = 0.00802480, max = 0.0191009 (XIPH)
[2025-11-05 12:31:26.355] [info] Frame 219 (t = 1.095):	 total squared error = 0.00150141, marker error: RMS = 0.00807951, max = 0.0191152 (XIPH)
[2025-11-05 12:31:26.424] [info] Frame 220 (t = 1.1):	 total squared error = 0.00152669, marker error: RMS = 0.00814727, max = 0.0191239 (XIPH)
[2025-11-05 12:31:26.597] [info] Frame 221 (t = 1.10500):	 total squared error = 0.00154952, marker error: RMS = 0.00820796, max = 0.0195658 (XIPH)
[2025-11-05 12:31:26.682] [info] Frame 222 (t = 1.11):	 total squared error = 0.00157633, marker error: RMS = 0.00827864, max = 0.0196611 (XIPH)
[2025-11-05 12:31:26.838] [info] Frame 223 (t = 1.115):	 total squared error = 0.00160999, marker error: RMS = 0.00836658, max = 0.0196082 (XIPH)
[2025-11-05 12:31:27.052] [info] Frame 224 (t = 1.12):	 total squared error = 0.00161828, marker error: RMS = 0.00838808, max = 0.0200831 (XIPH)
[2025-11-05 12:31:27.127] [info] Frame 225 (t = 1.125):	 total squared error = 0.00165545, marker error: RMS = 0.00848388, max = 0.0201688 (XIPH)
[2025-11-05 12:31:27.316] [info] Frame 226 (t = 1.13):	 total squared error = 0.00167912, marker error: RMS = 0.00854430, max = 0.0204303 (XIPH)
[2025-11-05 12:31:27.432] [info] Frame 227 (t = 1.135):	 total squared error = 0.00172198, marker error: RMS = 0.00865266, max = 0.0204722 (XIPH)
[2025-11-05 12:31:27.515] [info] Frame 228 (t = 1.14):	 total squared error = 0.00176813, marker error: RMS = 0.00876785, max = 0.0205544 (XIPH)
[2025-11-05 12:31:27.734] [info] Frame 229 (t = 1.145):	 total squared error = 0.00178597, marker error: RMS = 0.00881197, max = 0.0208490 (XIPH)
[2025-11-05 12:31:27.863] [info] Frame 230 (t = 1.15):	 total squared error = 0.00181840, marker error: RMS = 0.00889161, max = 0.0209130 (XIPH)
[2025-11-05 12:31:27.924] [info] Frame 231 (t = 1.155):	 total squared error = 0.00185545, marker error: RMS = 0.00898176, max = 0.0209323 (XIPH)
[2025-11-05 12:31:28.024] [info] Frame 232 (t = 1.16):	 total squared error = 0.00189384, marker error: RMS = 0.00907418, max = 0.0208861 (XIPH)
[2025-11-05 12:31:28.089] [info] Frame 233 (t = 1.165):	 total squared error = 0.00191396, marker error: RMS = 0.00912226, max = 0.0209213 (XIPH)
[2025-11-05 12:31:28.288] [info] Frame 234 (t = 1.17):	 total squared error = 0.00191337, marker error: RMS = 0.00912087, max = 0.0212002 (XIPH)
[2025-11-05 12:31:28.350] [info] Frame 235 (t = 1.175):	 total squared error = 0.00192007, marker error: RMS = 0.00913680, max = 0.0211796 (XIPH)
[2025-11-05 12:31:28.425] [info] Frame 236 (t = 1.18):	 total squared error = 0.00193802, marker error: RMS = 0.00917942, max = 0.0212223 (XIPH)
[2025-11-05 12:31:28.553] [info] Frame 237 (t = 1.185):	 total squared error = 0.00193914, marker error: RMS = 0.00918208, max = 0.0212006 (XIPH)
[2025-11-05 12:31:28.748] [info] Frame 238 (t = 1.19):	 total squared error = 0.00192985, marker error: RMS = 0.00916005, max = 0.0212197 (XIPH)
[2025-11-05 12:31:28.777] [info] InverseKinematicsTool completed 239 frames in 22 second(s).
[2025-11-05 13:52:53.534] [info] Loaded model Athlete_03 from file C:\Git\1_current_projects\powerlifing_model\models\Athlete_03\25_03_31\scaled.osim
[2025-11-05 13:52:53.751] [info] Storage: read data file = joint_angles.mot (nr=239 nc=40)
[2025-11-05 13:52:53.960] [info] Loaded model Athlete_03 from file ..\..\..\..\models\Athlete_03\25_03_31\scaled.osim
[2025-11-05 13:52:54.088] [cout] [info] 
               MODEL: Athlete_03
         coordinates: 39
              forces: 97
           actuators: 97
             muscles: 80
            analyses: 0
              probes: 0
              bodies: 22
              joints: 22
         constraints: 2
             markers: 45
         controllers: 0
  contact geometries: 0
misc modelcomponents: 0
[2025-11-05 13:52:54.089] [info] Running tool ...
[2025-11-05 13:52:54.324] [info] Storage: read data file = grf.mot (nr=2390 nc=46)
[2025-11-05 13:52:54.453] [info] ExternalForce::grf_r_2 Data source being set to grf
[2025-11-05 13:52:54.454] [info] ExternalForce::grf_l_3 Data source being set to grf
[2025-11-05 13:52:54.454] [info] ExternalForce::grf_l_4 Data source being set to grf
[2025-11-05 13:52:54.454] [warning] Storage grf could not locate data for identifier ground_force2_v.
[2025-11-05 13:52:54.466] [error] InverseDynamicsTool Failed: ExternalForce: 3 unique force components could not be found, for force identifier: ground_force2_v
. Please make sure data file contains exactly 3 unique columns with this common prefix.
[2025-11-05 14:08:44.847] [info] Loaded model Athlete_03 from file C:\Git\1_current_projects\powerlifing_model\models\Athlete_03\25_03_31\scaled.osim
[2025-11-05 14:08:44.971] [info] Storage: read data file = joint_angles.mot (nr=239 nc=40)
[2025-11-05 14:08:45.050] [info] Loaded model Athlete_03 from file ..\..\..\..\models\Athlete_03\25_03_31\scaled.osim
[2025-11-05 14:08:45.148] [cout] [info] 
               MODEL: Athlete_03
         coordinates: 39
              forces: 97
           actuators: 97
             muscles: 80
            analyses: 0
              probes: 0
              bodies: 22
              joints: 22
         constraints: 2
             markers: 45
         controllers: 0
  contact geometries: 0
misc modelcomponents: 0
[2025-11-05 14:08:45.149] [info] Running tool ...
[2025-11-05 14:08:45.263] [info] Storage: read data file = grf.mot (nr=2390 nc=46)
[2025-11-05 14:08:45.315] [info] ExternalForce::grf_r_2 Data source being set to grf
[2025-11-05 14:08:45.315] [info] ExternalForce::grf_l_3 Data source being set to grf
[2025-11-05 14:08:45.315] [info] ExternalForce::grf_l_4 Data source being set to grf
[2025-11-05 14:08:45.336] [info] Storage: read data file = joint_angles.mot (nr=239 nc=40)
[2025-11-05 14:08:45.344] [info] Low-pass filtering coordinates data with a cutoff frequency of 6.0...
[2025-11-05 14:08:45.927] [info] InverseDynamicsTool: 239 time frames in 445 millisecond(s).
[2025-11-05 14:11:22.029] [info] Loaded model Athlete_03 from file C:\Git\1_current_projects\powerlifing_model\models\Athlete_03\25_03_31\scaled.osim
[2025-11-05 14:11:22.246] [info] Storage: read data file = joint_angles.mot (nr=239 nc=40)
[2025-11-05 14:11:22.360] [info] Loaded model Athlete_03 from file ..\..\..\..\models\Athlete_03\25_03_31\scaled.osim
[2025-11-05 14:11:22.517] [cout] [info] 
               MODEL: Athlete_03
         coordinates: 39
              forces: 97
           actuators: 97
             muscles: 80
            analyses: 0
              probes: 0
              bodies: 22
              joints: 22
         constraints: 2
             markers: 45
         controllers: 0
  contact geometries: 0
misc modelcomponents: 0
[2025-11-05 14:11:22.518] [info] Running tool ...
[2025-11-05 14:11:22.684] [info] Storage: read data file = grf.mot (nr=2390 nc=46)
[2025-11-05 14:11:22.753] [info] ExternalForce::grf_r_2 Data source being set to grf
[2025-11-05 14:11:22.753] [info] ExternalForce::grf_l_3 Data source being set to grf
[2025-11-05 14:11:22.753] [info] ExternalForce::grf_l_4 Data source being set to grf
[2025-11-05 14:11:22.790] [info] Storage: read data file = joint_angles.mot (nr=239 nc=40)
[2025-11-05 14:11:22.801] [info] Low-pass filtering coordinates data with a cutoff frequency of 6.0...
[2025-11-05 14:11:23.677] [info] InverseDynamicsTool: 239 time frames in 684 millisecond(s).
[2025-11-05 14:13:56.272] [info] Loaded model Athlete_03 from file C:\Git\1_current_projects\powerlifing_model\models\Athlete_03\25_03_31\scaled.osim
[2025-11-05 14:13:56.442] [info] Storage: read data file = joint_angles.mot (nr=239 nc=40)
[2025-11-05 14:13:56.524] [info] AbstractTool  loading model ..\..\..\..\models\Athlete_03\25_03_31\scaled.osim
[2025-11-05 14:13:56.582] [info] Loaded model Athlete_03 from file ..\..\..\..\models\Athlete_03\25_03_31\scaled.osim
[2025-11-05 14:13:56.866] [info] Storage: read data file = grf.mot (nr=2390 nc=46)
[2025-11-05 14:13:56.914] [info] ExternalForce::grf_r_2 Data source being set to grf
[2025-11-05 14:13:56.914] [info] ExternalForce::grf_l_3 Data source being set to grf
[2025-11-05 14:13:56.914] [info] ExternalForce::grf_l_4 Data source being set to grf
[2025-11-05 14:13:56.938] [info] Loading coordinates from file 'joint_angles.mot'.
[2025-11-05 14:13:56.939] [info] Storage: read data file = joint_angles.mot (nr=239 nc=40)
[2025-11-05 14:13:56.945] [info] Low-pass filtering coordinates data with a cutoff frequency of 6.0...
[2025-11-05 14:13:57.470] [info] AssemblySolver::track() attempt Failed: SimTK Exception thrown at Assembler.cpp:973:
  Method Assembler::track() failed because:
Unable to achieve required assembly error tolerance.
Assembly error tolerance achieved: 2.2901811603529925e-09 required: 1e-10.
[2025-11-05 14:13:57.489] [error] Model unable to assemble: AssemblySolver::assemble() Failed: SimTK Exception thrown at Assembler.cpp:897:
  Method Assembler::assemble() failed because:
Unable to achieve required assembly error tolerance.
Assembly error tolerance achieved: 2.2901812257193353e-09 required: 1e-10..Model relaxing constraints and trying again.
[2025-11-05 14:13:58.148] [info] Found 477 state vectors with time stamps ranging from -0.595 to 1.785.
[2025-11-05 14:13:58.148] [info] Executing the analyses from 0.0 to 1.19...
[2025-11-05 14:13:58.167] [warning] MuscleAnalysis: coordinate mtp_angle_r is locked and can't be varied.
[2025-11-05 14:13:58.167] [warning] MuscleAnalysis: coordinate mtp_angle_l is locked and can't be varied.
[2025-11-05 14:13:58.167] [warning] MuscleAnalysis: coordinate wrist_flex_r is locked and can't be varied.
[2025-11-05 14:13:58.167] [warning] MuscleAnalysis: coordinate wrist_dev_r is locked and can't be varied.
[2025-11-05 14:13:58.167] [warning] MuscleAnalysis: coordinate wrist_flex_l is locked and can't be varied.
[2025-11-05 14:13:58.167] [warning] MuscleAnalysis: coordinate wrist_dev_l is locked and can't be varied.
[2025-11-05 14:15:53.225] [info] Printing results of investigation  to muscleAnalysis
[2025-11-05 14:15:58.628] [info] Loaded model Athlete_03 from file C:\Git\1_current_projects\powerlifing_model\models\Athlete_03\25_03_31\scaled.osim
[2025-11-05 14:15:58.854] [info] Storage: read data file = joint_angles.mot (nr=239 nc=40)
[2025-11-05 14:15:58.928] [info] AbstractTool SO loading model ..\..\..\..\models\Athlete_03\25_03_31\scaled.osim
[2025-11-05 14:15:59.035] [info] Loaded model Athlete_03 from file ..\..\..\..\models\Athlete_03\25_03_31\scaled.osim
[2025-11-05 14:15:59.230] [info] Adding force object set from actuators_so.xml
[2025-11-05 14:15:59.403] [info] Storage: read data file = grf.mot (nr=2390 nc=46)
[2025-11-05 14:15:59.482] [info] ExternalForce::grf_r_2 Data source being set to grf
[2025-11-05 14:15:59.483] [info] ExternalForce::grf_l_3 Data source being set to grf
[2025-11-05 14:15:59.483] [info] ExternalForce::grf_l_4 Data source being set to grf
[2025-11-05 14:15:59.501] [info] Loading coordinates from file 'joint_angles.mot'.
[2025-11-05 14:15:59.501] [info] Storage: read data file = joint_angles.mot (nr=239 nc=40)
[2025-11-05 14:15:59.515] [info] Low-pass filtering coordinates data with a cutoff frequency of 6.0...
[2025-11-05 14:16:00.403] [info] AssemblySolver::track() attempt Failed: SimTK Exception thrown at Assembler.cpp:973:
  Method Assembler::track() failed because:
Unable to achieve required assembly error tolerance.
Assembly error tolerance achieved: 2.2901811603529925e-09 required: 1e-10.
[2025-11-05 14:16:00.450] [error] Model unable to assemble: AssemblySolver::assemble() Failed: SimTK Exception thrown at Assembler.cpp:897:
  Method Assembler::assemble() failed because:
Unable to achieve required assembly error tolerance.
Assembly error tolerance achieved: 2.2901812257193353e-09 required: 1e-10..Model relaxing constraints and trying again.
[2025-11-05 14:16:01.685] [info] Found 477 state vectors with time stamps ranging from -0.595 to 1.785.
[2025-11-05 14:16:01.685] [info] Executing the analyses from 0.0 to 1.19...
[2025-11-05 14:16:01.875] [info] Storage: read data file = grf.mot (nr=2390 nc=46)
[2025-11-05 14:16:01.949] [info] ExternalForce::grf_r_2 Data source being set to grf
[2025-11-05 14:16:01.949] [info] ExternalForce::grf_l_3 Data source being set to grf
[2025-11-05 14:16:01.949] [info] ExternalForce::grf_l_4 Data source being set to grf
[2025-11-05 14:16:02.024] [info] Storage: read data file = grf.mot (nr=2390 nc=46)
[2025-11-05 14:16:02.098] [info] ExternalForce::grf_r_2 Data source being set to grf
[2025-11-05 14:16:02.098] [info] ExternalForce::grf_l_3 Data source being set to grf
[2025-11-05 14:16:02.098] [info] ExternalForce::grf_l_4 Data source being set to grf
[2025-11-05 14:16:03.563] [cout] [info] time = 0.0 Performance = 6.4975 Constraint violation = 1.50038e-13
[2025-11-05 14:16:03.566] [info] Bounds for 'addbrev_r': 0.01 to 1.0.
[2025-11-05 14:16:03.566] [info] Bounds for 'addlong_r': 0.01 to 1.0.
[2025-11-05 14:16:03.566] [info] Bounds for 'addmagDist_r': 0.01 to 1.0.
[2025-11-05 14:16:03.566] [info] Bounds for 'addmagIsch_r': 0.01 to 1.0.
[2025-11-05 14:16:03.567] [info] Bounds for 'addmagMid_r': 0.01 to 1.0.
[2025-11-05 14:16:03.567] [info] Bounds for 'addmagProx_r': 0.01 to 1.0.
[2025-11-05 14:16:03.567] [info] Bounds for 'bflh_r': 0.01 to 1.0.
[2025-11-05 14:16:03.567] [info] Bounds for 'bfsh_r': 0.01 to 1.0.
[2025-11-05 14:16:03.567] [info] Bounds for 'edl_r': 0.01 to 1.0.
[2025-11-05 14:16:03.568] [info] Bounds for 'ehl_r': 0.01 to 1.0.
[2025-11-05 14:16:03.568] [info] Bounds for 'fdl_r': 0.01 to 1.0.
[2025-11-05 14:16:03.568] [info] Bounds for 'fhl_r': 0.01 to 1.0.
[2025-11-05 14:16:03.568] [info] Bounds for 'gaslat_r': 0.01 to 1.0.
[2025-11-05 14:16:03.568] [info] Bounds for 'gasmed_r': 0.01 to 1.0.
[2025-11-05 14:16:03.568] [info] Bounds for 'glmax1_r': 0.01 to 1.0.
[2025-11-05 14:16:03.568] [info] Bounds for 'glmax2_r': 0.01 to 1.0.
[2025-11-05 14:16:03.568] [info] Bounds for 'glmax3_r': 0.01 to 1.0.
[2025-11-05 14:16:03.568] [info] Bounds for 'glmed1_r': 0.01 to 1.0.
[2025-11-05 14:16:03.568] [info] Bounds for 'glmed2_r': 0.01 to 1.0.
[2025-11-05 14:16:03.568] [info] Bounds for 'glmed3_r': 0.01 to 1.0.
[2025-11-05 14:16:03.569] [info] Bounds for 'glmin1_r': 0.01 to 1.0.
[2025-11-05 14:16:03.569] [info] Bounds for 'glmin2_r': 0.01 to 1.0.
[2025-11-05 14:16:03.569] [info] Bounds for 'glmin3_r': 0.01 to 1.0.
[2025-11-05 14:16:03.569] [info] Bounds for 'grac_r': 0.01 to 1.0.
[2025-11-05 14:16:03.569] [info] Bounds for 'iliacus_r': 0.01 to 1.0.
[2025-11-05 14:16:03.569] [info] Bounds for 'perbrev_r': 0.01 to 1.0.
[2025-11-05 14:16:03.569] [info] Bounds for 'perlong_r': 0.01 to 1.0.
[2025-11-05 14:16:03.569] [info] Bounds for 'piri_r': 0.01 to 1.0.
[2025-11-05 14:16:03.569] [info] Bounds for 'psoas_r': 0.01 to 1.0.
[2025-11-05 14:16:03.569] [info] Bounds for 'recfem_r': 0.01 to 1.0.
[2025-11-05 14:16:03.570] [info] Bounds for 'sart_r': 0.01 to 1.0.
[2025-11-05 14:16:03.570] [info] Bounds for 'semimem_r': 0.01 to 1.0.
[2025-11-05 14:16:03.570] [info] Bounds for 'semiten_r': 0.01 to 1.0.
[2025-11-05 14:16:03.570] [info] Bounds for 'soleus_r': 0.01 to 1.0.
[2025-11-05 14:16:03.570] [info] Bounds for 'tfl_r': 0.01 to 1.0.
[2025-11-05 14:16:03.570] [info] Bounds for 'tibant_r': 0.01 to 1.0.
[2025-11-05 14:16:03.570] [info] Bounds for 'tibpost_r': 0.01 to 1.0.
[2025-11-05 14:16:03.570] [info] Bounds for 'vasint_r': 0.01 to 1.0.
[2025-11-05 14:16:03.570] [info] Bounds for 'vaslat_r': 0.01 to 1.0.
[2025-11-05 14:16:03.570] [info] Bounds for 'vasmed_r': 0.01 to 1.0.
[2025-11-05 14:16:03.570] [info] Bounds for 'addbrev_l': 0.01 to 1.0.
[2025-11-05 14:16:03.571] [info] Bounds for 'addlong_l': 0.01 to 1.0.
[2025-11-05 14:16:03.571] [info] Bounds for 'addmagDist_l': 0.01 to 1.0.
[2025-11-05 14:16:03.571] [info] Bounds for 'addmagIsch_l': 0.01 to 1.0.
[2025-11-05 14:16:03.571] [info] Bounds for 'addmagMid_l': 0.01 to 1.0.
[2025-11-05 14:16:03.571] [info] Bounds for 'addmagProx_l': 0.01 to 1.0.
[2025-11-05 14:16:03.571] [info] Bounds for 'bflh_l': 0.01 to 1.0.
[2025-11-05 14:16:03.572] [info] Bounds for 'bfsh_l': 0.01 to 1.0.
[2025-11-05 14:16:03.572] [info] Bounds for 'edl_l': 0.01 to 1.0.
[2025-11-05 14:16:03.572] [info] Bounds for 'ehl_l': 0.01 to 1.0.
[2025-11-05 14:16:03.572] [info] Bounds for 'fdl_l': 0.01 to 1.0.
[2025-11-05 14:16:03.572] [info] Bounds for 'fhl_l': 0.01 to 1.0.
[2025-11-05 14:16:03.573] [info] Bounds for 'gaslat_l': 0.01 to 1.0.
[2025-11-05 14:16:03.573] [info] Bounds for 'gasmed_l': 0.01 to 1.0.
[2025-11-05 14:16:03.573] [info] Bounds for 'glmax1_l': 0.01 to 1.0.
[2025-11-05 14:16:03.573] [info] Bounds for 'glmax2_l': 0.01 to 1.0.
[2025-11-05 14:16:03.573] [info] Bounds for 'glmax3_l': 0.01 to 1.0.
[2025-11-05 14:16:03.573] [info] Bounds for 'glmed1_l': 0.01 to 1.0.
[2025-11-05 14:16:03.574] [info] Bounds for 'glmed2_l': 0.01 to 1.0.
[2025-11-05 14:16:03.574] [info] Bounds for 'glmed3_l': 0.01 to 1.0.
[2025-11-05 14:16:03.574] [info] Bounds for 'glmin1_l': 0.01 to 1.0.
[2025-11-05 14:16:03.574] [info] Bounds for 'glmin2_l': 0.01 to 1.0.
[2025-11-05 14:16:03.574] [info] Bounds for 'glmin3_l': 0.01 to 1.0.
[2025-11-05 14:16:03.574] [info] Bounds for 'grac_l': 0.01 to 1.0.
[2025-11-05 14:16:03.574] [info] Bounds for 'iliacus_l': 0.01 to 1.0.
[2025-11-05 14:16:03.574] [info] Bounds for 'perbrev_l': 0.01 to 1.0.
[2025-11-05 14:16:03.574] [info] Bounds for 'perlong_l': 0.01 to 1.0.
[2025-11-05 14:16:03.574] [info] Bounds for 'piri_l': 0.01 to 1.0.
[2025-11-05 14:16:03.574] [info] Bounds for 'psoas_l': 0.01 to 1.0.
[2025-11-05 14:16:03.575] [info] Bounds for 'recfem_l': 0.01 to 1.0.
[2025-11-05 14:16:03.575] [info] Bounds for 'sart_l': 0.01 to 1.0.
[2025-11-05 14:16:03.575] [info] Bounds for 'semimem_l': 0.01 to 1.0.
[2025-11-05 14:16:03.575] [info] Bounds for 'semiten_l': 0.01 to 1.0.
[2025-11-05 14:16:03.575] [info] Bounds for 'soleus_l': 0.01 to 1.0.
[2025-11-05 14:16:03.575] [info] Bounds for 'tfl_l': 0.01 to 1.0.
[2025-11-05 14:16:03.575] [info] Bounds for 'tibant_l': 0.01 to 1.0.
[2025-11-05 14:16:03.575] [info] Bounds for 'tibpost_l': 0.01 to 1.0.
[2025-11-05 14:16:03.575] [info] Bounds for 'vasint_l': 0.01 to 1.0.
[2025-11-05 14:16:03.575] [info] Bounds for 'vaslat_l': 0.01 to 1.0.
[2025-11-05 14:16:03.575] [info] Bounds for 'vasmed_l': 0.01 to 1.0.
[2025-11-05 14:16:03.575] [info] Bounds for 'lumbar_ext': -inf to inf.
[2025-11-05 14:16:03.576] [info] Bounds for 'lumbar_bend': -inf to inf.
[2025-11-05 14:16:03.576] [info] Bounds for 'lumbar_rot': -inf to inf.
[2025-11-05 14:16:03.576] [info] Bounds for 'shoulder_flex_r': -inf to inf.
[2025-11-05 14:16:03.576] [info] Bounds for 'shoulder_add_r': -inf to inf.
[2025-11-05 14:16:03.576] [info] Bounds for 'shoulder_rot_r': -inf to inf.
[2025-11-05 14:16:03.576] [info] Bounds for 'elbow_flex_r': -inf to inf.
[2025-11-05 14:16:03.576] [info] Bounds for 'pro_sup_r': -inf to inf.
[2025-11-05 14:16:03.576] [info] Bounds for 'wrist_flex_r': -inf to inf.
[2025-11-05 14:16:03.576] [info] Bounds for 'wrist_dev_r': -inf to inf.
[2025-11-05 14:16:03.576] [info] Bounds for 'shoulder_flex_l': -inf to inf.
[2025-11-05 14:16:03.576] [info] Bounds for 'shoulder_add_l': -inf to inf.
[2025-11-05 14:16:03.576] [info] Bounds for 'shoulder_rot_l': -inf to inf.
[2025-11-05 14:16:03.576] [info] Bounds for 'elbow_flex_l': -inf to inf.
[2025-11-05 14:16:03.577] [info] Bounds for 'pro_sup_l': -inf to inf.
[2025-11-05 14:16:03.577] [info] Bounds for 'wrist_flex_l': -inf to inf.
[2025-11-05 14:16:03.577] [info] Bounds for 'wrist_dev_l': -inf to inf.
[2025-11-05 14:16:03.577] [info] Bounds for 'FX': -inf to inf.
[2025-11-05 14:16:03.577] [info] Bounds for 'FY': -inf to inf.
[2025-11-05 14:16:03.577] [info] Bounds for 'FZ': -inf to inf.
[2025-11-05 14:16:03.577] [info] Bounds for 'MX': -inf to inf.
[2025-11-05 14:16:03.577] [info] Bounds for 'MY': -inf to inf.
[2025-11-05 14:16:03.577] [info] Bounds for 'MZ': -inf to inf.
[2025-11-05 14:16:03.577] [info] Bounds for 'hip_flexion_r_reserve': -1.0 to 1.0.
[2025-11-05 14:16:03.577] [info] Bounds for 'hip_adduction_r_reserve': -1.0 to 1.0.
[2025-11-05 14:16:03.577] [info] Bounds for 'hip_rotation_r_reserve': -1.0 to 1.0.
[2025-11-05 14:16:03.578] [info] Bounds for 'knee_angle_r_reserve': -1.0 to 1.0.
[2025-11-05 14:16:03.578] [info] Bounds for 'ankle_angle_r_reserve': -1.0 to 1.0.
[2025-11-05 14:16:03.578] [info] Bounds for 'hip_flexion_l_reserve': -1.0 to 1.0.
[2025-11-05 14:16:03.578] [info] Bounds for 'hip_adduction_l_reserve': -1.0 to 1.0.
[2025-11-05 14:16:03.578] [info] Bounds for 'hip_rotation_l_reserve': -1.0 to 1.0.
[2025-11-05 14:16:03.578] [info] Bounds for 'knee_angle_l_reserve': -1.0 to 1.0.
[2025-11-05 14:16:03.578] [info] Bounds for 'ankle_angle_l_reserve': -1.0 to 1.0.
[2025-11-05 14:16:03.994] [cout] [info] time = 0.00500000 Performance = 18.2878 Constraint violation = 4.38553e-13
[2025-11-05 14:16:04.384] [cout] [info] time = 0.01 Performance = 37.6808 Constraint violation = 3.43501e-12
[2025-11-05 14:16:04.804] [cout] [info] time = 0.015 Performance = 62.8597 Constraint violation = 6.98728e-12
[2025-11-05 14:16:05.176] [cout] [info] time = 0.02 Performance = 91.1259 Constraint violation = 4.0964e-12
[2025-11-05 14:16:05.679] [cout] [info] time = 0.025 Performance = 119.276 Constraint violation = 8.99336e-11
[2025-11-05 14:16:06.253] [cout] [info] time = 0.03 Performance = 144.047 Constraint violation = 1.86504e-11
[2025-11-05 14:16:06.677] [cout] [info] time = 0.035 Performance = 162.541 Constraint violation = 3.92921e-12
[2025-11-05 14:16:07.148] [cout] [info] time = 0.04 Performance = 172.6 Constraint violation = 2.27518e-11
[2025-11-05 14:16:07.607] [cout] [info] time = 0.045 Performance = 173.081 Constraint violation = 1.04238e-10
[2025-11-05 14:16:08.051] [cout] [info] time = 0.05 Performance = 164.004 Constraint violation = 6.77792e-11
[2025-11-05 14:16:08.535] [cout] [info] time = 0.055 Performance = 146.542 Constraint violation = 3.6598e-11
[2025-11-05 14:16:09.027] [cout] [info] time = 0.06 Performance = 122.592 Constraint violation = 5.77349e-11
[2025-11-05 14:16:09.633] [cout] [info] time = 0.065 Performance = 95.6127 Constraint violation = 6.34294e-12
[2025-11-05 14:16:10.171] [cout] [info] time = 0.07 Performance = 68.9809 Constraint violation = 1.33657e-12
[2025-11-05 14:16:10.618] [cout] [info] time = 0.075 Performance = 46.2368 Constraint violation = 7.73986e-13
[2025-11-05 14:16:11.059] [cout] [info] time = 0.08 Performance = 30.5371 Constraint violation = 6.83367e-13
[2025-11-05 14:16:11.461] [cout] [info] time = 0.085 Performance = 24.2911 Constraint violation = 2.87681e-12
[2025-11-05 14:16:11.874] [cout] [info] time = 0.09 Performance = 28.8059 Constraint violation = 2.7879e-12
[2025-11-05 14:16:12.266] [cout] [info] time = 0.095 Performance = 44.074 Constraint violation = 1.94090e-12
[2025-11-05 14:16:12.815] [cout] [info] time = 0.1 Performance = 68.6865 Constraint violation = 6.95193e-12
[2025-11-05 14:16:13.756] [cout] [info] time = 0.105000 Performance = 99.9388 Constraint violation = 1.01189e-11
[2025-11-05 14:16:14.419] [cout] [info] time = 0.11 Performance = 134.128 Constraint violation = 2.93846e-10
[2025-11-05 14:16:14.921] [cout] [info] time = 0.115 Performance = 167.023 Constraint violation = 5.41811e-11
[2025-11-05 14:16:15.359] [cout] [info] time = 0.12 Performance = 194.43 Constraint violation = 1.99197e-10
[2025-11-05 14:16:15.721] [cout] [info] time = 0.125 Performance = 212.793 Constraint violation = 1.12757e-11
[2025-11-05 14:16:16.110] [cout] [info] time = 0.13 Performance = 219.752 Constraint violation = 1.44525e-10
[2025-11-05 14:16:16.592] [cout] [info] time = 0.135 Performance = 214.528 Constraint violation = 1.73998e-11
[2025-11-05 14:16:17.095] [cout] [info] time = 0.14 Performance = 198.057 Constraint violation = 1.78090e-11
[2025-11-05 14:16:17.695] [cout] [info] time = 0.145 Performance = 172.832 Constraint violation = 4.54137e-11
[2025-11-05 14:16:18.268] [cout] [info] time = 0.15 Performance = 142.434 Constraint violation = 4.72448e-11
[2025-11-05 14:16:18.776] [cout] [info] time = 0.155 Performance = 110.877 Constraint violation = 6.47625e-11
[2025-11-05 14:16:19.199] [cout] [info] time = 0.16 Performance = 81.8843 Constraint violation = 2.40407e-12
[2025-11-05 14:16:19.642] [cout] [info] time = 0.165 Performance = 58.2733 Constraint violation = 9.95582e-12
[2025-11-05 14:16:20.043] [cout] [info] time = 0.17 Performance = 41.5775 Constraint violation = 8.51152e-12
[2025-11-05 14:16:20.452] [cout] [info] time = 0.175 Performance = 31.9637 Constraint violation = 1.06905e-12
[2025-11-05 14:16:20.834] [cout] [info] time = 0.18 Performance = 28.43 Constraint violation = 1.10620e-12
[2025-11-05 14:16:21.245] [cout] [info] time = 0.185 Performance = 29.2137 Constraint violation = 2.16086e-12
[2025-11-05 14:16:21.707] [cout] [info] time = 0.19 Performance = 32.3018 Constraint violation = 1.48786e-12
[2025-11-05 14:16:22.148] [cout] [info] time = 0.195 Performance = 35.8957 Constraint violation = 2.44848e-11
[2025-11-05 14:16:22.706] [cout] [info] time = 0.2 Performance = 38.7076 Constraint violation = 6.40215e-12
[2025-11-05 14:16:23.244] [cout] [info] time = 0.205000 Performance = 40.0713 Constraint violation = 6.25169e-12
[2025-11-05 14:16:23.723] [cout] [info] time = 0.21 Performance = 39.8789 Constraint violation = 2.61509e-12
[2025-11-05 14:16:24.194] [cout] [info] time = 0.215 Performance = 38.4033 Constraint violation = 6.71756e-12
[2025-11-05 14:16:24.730] [cout] [info] time = 0.22 Performance = 36.1016 Constraint violation = 6.44929e-12
[2025-11-05 14:16:25.170] [cout] [info] time = 0.225 Performance = 33.4554 Constraint violation = 5.28931e-12
[2025-11-05 14:16:25.543] [cout] [info] time = 0.23 Performance = 30.8354 Constraint violation = 5.73258e-12
[2025-11-05 14:16:25.942] [cout] [info] time = 0.235 Performance = 28.4646 Constraint violation = 5.4939e-12
[2025-11-05 14:16:26.352] [cout] [info] time = 0.24 Performance = 26.4314 Constraint violation = 3.04109e-12
[2025-11-05 14:16:26.734] [cout] [info] time = 0.245 Performance = 24.7124 Constraint violation = 1.5591e-12
[2025-11-05 14:16:27.079] [cout] [info] time = 0.25 Performance = 23.2102 Constraint violation = 3.98918e-12
[2025-11-05 14:16:27.429] [cout] [info] time = 0.255 Performance = 21.8025 Constraint violation = 2.49614e-12
[2025-11-05 14:16:27.815] [cout] [info] time = 0.26 Performance = 20.3848 Constraint violation = 7.83545e-13
[2025-11-05 14:16:28.148] [cout] [info] time = 0.265 Performance = 18.8946 Constraint violation = 2.00166e-12
[2025-11-05 14:16:28.602] [cout] [info] time = 0.27 Performance = 17.3438 Constraint violation = 1.80674e-12
[2025-11-05 14:16:29.016] [cout] [info] time = 0.275 Performance = 15.7162 Constraint violation = 2.7899e-12
[2025-11-05 14:16:29.423] [cout] [info] time = 0.28 Performance = 14.0945 Constraint violation = 4.31682e-12
[2025-11-05 14:16:29.830] [cout] [info] time = 0.285 Performance = 12.5554 Constraint violation = 5.02531e-12
[2025-11-05 14:16:30.229] [cout] [info] time = 0.29 Performance = 11.1724 Constraint violation = 3.17587e-12
[2025-11-05 14:16:30.746] [cout] [info] time = 0.295 Performance = 10.0004 Constraint violation = 6.60496e-12
[2025-11-05 14:16:31.239] [cout] [info] time = 0.3 Performance = 9.0691 Constraint violation = 1.07559e-12
[2025-11-05 14:16:31.750] [cout] [info] time = 0.305000 Performance = 8.38055 Constraint violation = 1.67468e-12
[2025-11-05 14:16:32.212] [cout] [info] time = 0.31 Performance = 7.91253 Constraint violation = 1.41143e-12
[2025-11-05 14:16:32.611] [cout] [info] time = 0.315 Performance = 7.62673 Constraint violation = 2.776e-12
[2025-11-05 14:16:33.024] [cout] [info] time = 0.32 Performance = 7.478 Constraint violation = 2.06696e-12
[2025-11-05 14:16:33.421] [cout] [info] time = 0.325 Performance = 7.42879 Constraint violation = 9.67005e-11
[2025-11-05 14:16:33.805] [cout] [info] time = 0.33 Performance = 7.45504 Constraint violation = 7.48369e-11
[2025-11-05 14:16:34.239] [cout] [info] time = 0.335 Performance = 7.54687 Constraint violation = 2.86346e-12
[2025-11-05 14:16:34.601] [cout] [info] time = 0.34 Performance = 7.70344 Constraint violation = 1.70810e-12
[2025-11-05 14:16:34.966] [cout] [info] time = 0.345 Performance = 7.92518 Constraint violation = 6.53981e-12
[2025-11-05 14:16:35.345] [cout] [info] time = 0.35 Performance = 8.20690 Constraint violation = 1.30995e-10
[2025-11-05 14:16:35.739] [cout] [info] time = 0.355 Performance = 8.53246 Constraint violation = 2.76338e-12
[2025-11-05 14:16:36.091] [cout] [info] time = 0.36 Performance = 8.87268 Constraint violation = 2.71595e-12
[2025-11-05 14:16:36.445] [cout] [info] time = 0.365 Performance = 9.19475 Constraint violation = 7.97339e-13
[2025-11-05 14:16:36.814] [cout] [info] time = 0.37 Performance = 9.47324 Constraint violation = 1.57372e-12
[2025-11-05 14:16:37.373] [cout] [info] time = 0.375 Performance = 9.69761 Constraint violation = 1.00952e-12
[2025-11-05 14:16:37.782] [cout] [info] time = 0.38 Performance = 9.87616 Constraint violation = 3.22653e-12
[2025-11-05 14:16:38.179] [cout] [info] time = 0.385 Performance = 10.0325 Constraint violation = 2.33834e-12
[2025-11-05 14:16:38.601] [cout] [info] time = 0.39 Performance = 10.2052 Constraint violation = 1.47872e-12
[2025-11-05 14:16:39.152] [cout] [info] time = 0.395 Performance = 10.4406 Constraint violation = 7.97027e-13
[2025-11-05 14:16:39.800] [cout] [info] time = 0.4 Performance = 10.7785 Constraint violation = 3.80228e-12
[2025-11-05 14:16:40.349] [cout] [info] time = 0.405000 Performance = 11.2402 Constraint violation = 3.69072e-13
[2025-11-05 14:16:40.859] [cout] [info] time = 0.41 Performance = 11.8217 Constraint violation = 6.44886e-12
[2025-11-05 14:16:41.371] [cout] [info] time = 0.415 Performance = 12.4915 Constraint violation = 5.94959e-12
[2025-11-05 14:16:42.180] [cout] [info] time = 0.42 Performance = 13.1889 Constraint violation = 1.71074e-12
[2025-11-05 14:16:42.741] [cout] [info] time = 0.425 Performance = 13.8246 Constraint violation = 1.89534e-12
[2025-11-05 14:16:43.255] [cout] [info] time = 0.43 Performance = 14.286 Constraint violation = 4.05258e-12
[2025-11-05 14:16:43.686] [cout] [info] time = 0.435 Performance = 14.4507 Constraint violation = 2.79186e-12
[2025-11-05 14:16:44.318] [cout] [info] time = 0.44 Performance = 14.2071 Constraint violation = 1.18575e-12
[2025-11-05 14:16:44.822] [cout] [info] time = 0.445 Performance = 13.4842 Constraint violation = 4.60011e-12
[2025-11-05 14:16:45.386] [cout] [info] time = 0.45 Performance = 12.2806 Constraint violation = 9.55769e-13
[2025-11-05 14:16:45.772] [cout] [info] time = 0.455 Performance = 10.6831 Constraint violation = 4.56323e-12
[2025-11-05 14:16:46.180] [cout] [info] time = 0.46 Performance = 8.8665 Constraint violation = 3.70637e-12
[2025-11-05 14:16:46.629] [cout] [info] time = 0.465 Performance = 7.07066 Constraint violation = 1.93451e-12
[2025-11-05 14:16:47.352] [cout] [info] time = 0.47 Performance = 5.5563 Constraint violation = 1.90244e-12
[2025-11-05 14:16:47.890] [cout] [info] time = 0.475 Performance = 4.54695 Constraint violation = 2.85243e-12
[2025-11-05 14:16:48.381] [cout] [info] time = 0.48 Performance = 4.18093 Constraint violation = 3.65040e-12
[2025-11-05 14:16:49.045] [cout] [info] time = 0.485 Performance = 4.48446 Constraint violation = 3.51725e-13
[2025-11-05 14:16:50.033] [cout] [info] time = 0.49 Performance = 5.38251 Constraint violation = 5.73494e-13
[2025-11-05 14:16:50.611] [cout] [info] time = 0.495 Performance = 6.74061 Constraint violation = 4.13928e-13
[2025-11-05 14:16:51.088] [cout] [info] time = 0.5 Performance = 8.42341 Constraint violation = 6.33821e-13
[2025-11-05 14:16:51.561] [cout] [info] time = 0.505000 Performance = 10.3458 Constraint violation = 1.10896e-12
[2025-11-05 14:16:52.067] [cout] [info] time = 0.51 Performance = 12.4954 Constraint violation = 4.5633e-12
[2025-11-05 14:16:52.660] [cout] [info] time = 0.515 Performance = 14.9129 Constraint violation = 2.77533e-12
[2025-11-05 14:16:53.216] [cout] [info] time = 0.52 Performance = 17.6284 Constraint violation = 5.28003e-13
[2025-11-05 14:16:53.843] [cout] [info] time = 0.525 Performance = 20.581 Constraint violation = 2.18418e-12
[2025-11-05 14:16:54.288] [cout] [info] time = 0.53 Performance = 23.564 Constraint violation = 4.58281e-12
[2025-11-05 14:16:55.045] [cout] [info] time = 0.535 Performance = 26.2323 Constraint violation = 2.02429e-12
[2025-11-05 14:16:55.826] [cout] [info] time = 0.54 Performance = 28.1902 Constraint violation = 3.77018e-12
[2025-11-05 14:16:56.383] [cout] [info] time = 0.545 Performance = 29.1373 Constraint violation = 4.60654e-12
[2025-11-05 14:16:56.949] [cout] [info] time = 0.55 Performance = 29.0208 Constraint violation = 1.87664e-12
[2025-11-05 14:16:57.489] [cout] [info] time = 0.555 Performance = 28.1236 Constraint violation = 1.53231e-12
[2025-11-05 14:16:58.214] [cout] [info] time = 0.56 Performance = 27.0322 Constraint violation = 2.8592e-12
[2025-11-05 14:16:58.803] [cout] [info] time = 0.565 Performance = 26.4461 Constraint violation = 3.68066e-12
[2025-11-05 14:16:59.423] [cout] [info] time = 0.57 Performance = 26.9395 Constraint violation = 9.4468e-13
[2025-11-05 14:16:59.928] [cout] [info] time = 0.575 Performance = 28.7399 Constraint violation = 1.07101e-12
[2025-11-05 14:17:00.574] [cout] [info] time = 0.58 Performance = 31.6415 Constraint violation = 1.9245e-12
[2025-11-05 14:17:01.211] [cout] [info] time = 0.585 Performance = 35.0914 Constraint violation = 1.00598e-12
[2025-11-05 14:17:01.758] [cout] [info] time = 0.59 Performance = 38.3996 Constraint violation = 4.56884e-12
[2025-11-05 14:17:02.312] [cout] [info] time = 0.595 Performance = 40.9844 Constraint violation = 9.60756e-13
[2025-11-05 14:17:02.847] [cout] [info] time = 0.6 Performance = 42.5514 Constraint violation = 2.88134e-12
[2025-11-05 14:17:03.257] [cout] [info] time = 0.605000 Performance = 43.1566 Constraint violation = 5.55878e-12
[2025-11-05 14:17:03.661] [cout] [info] time = 0.61 Performance = 43.1363 Constraint violation = 1.10057e-12
[2025-11-05 14:17:04.235] [cout] [info] time = 0.615 Performance = 42.9586 Constraint violation = 1.13456e-12
[2025-11-05 14:17:04.725] [cout] [info] time = 0.62 Performance = 43.0542 Constraint violation = 3.15591e-12
[2025-11-05 14:17:05.208] [cout] [info] time = 0.625 Performance = 43.6834 Constraint violation = 1.01984e-12
[2025-11-05 14:17:05.652] [cout] [info] time = 0.63 Performance = 44.8744 Constraint violation = 2.76713e-12
[2025-11-05 14:17:06.320] [cout] [info] time = 0.635 Performance = 46.4447 Constraint violation = 2.17557e-12
[2025-11-05 14:17:06.811] [cout] [info] time = 0.64 Performance = 48.0713 Constraint violation = 1.6216e-11
[2025-11-05 14:17:07.268] [cout] [info] time = 0.645 Performance = 49.3941 Constraint violation = 2.51761e-12
[2025-11-05 14:17:07.684] [cout] [info] time = 0.65 Performance = 50.1237 Constraint violation = 1.37338e-12
[2025-11-05 14:17:08.100] [cout] [info] time = 0.655 Performance = 50.0946 Constraint violation = 1.78838e-11
[2025-11-05 14:17:08.547] [cout] [info] time = 0.66 Performance = 49.2759 Constraint violation = 3.19125e-12
[2025-11-05 14:17:08.988] [cout] [info] time = 0.665 Performance = 47.7493 Constraint violation = 4.88699e-12
[2025-11-05 14:17:09.357] [cout] [info] time = 0.67 Performance = 45.677 Constraint violation = 5.54949e-12
[2025-11-05 14:17:09.703] [cout] [info] time = 0.675 Performance = 43.2745 Constraint violation = 7.5928e-12
[2025-11-05 14:17:10.089] [cout] [info] time = 0.68 Performance = 40.7845 Constraint violation = 8.14001e-12
[2025-11-05 14:17:10.441] [cout] [info] time = 0.685 Performance = 38.4379 Constraint violation = 1.08027e-12
[2025-11-05 14:17:10.773] [cout] [info] time = 0.69 Performance = 36.4111 Constraint violation = 6.43937e-13
[2025-11-05 14:17:11.387] [cout] [info] time = 0.695 Performance = 34.7927 Constraint violation = 5.14373e-13
[2025-11-05 14:17:11.851] [cout] [info] time = 0.7 Performance = 33.5755 Constraint violation = 5.58171e-13
[2025-11-05 14:17:12.304] [cout] [info] time = 0.705000 Performance = 32.6647 Constraint violation = 6.41908e-13
[2025-11-05 14:17:12.684] [cout] [info] time = 0.71 Performance = 31.9166 Constraint violation = 3.45674e-12
[2025-11-05 14:17:13.077] [cout] [info] time = 0.715 Performance = 31.2093 Constraint violation = 6.20833e-13
[2025-11-05 14:17:13.562] [cout] [info] time = 0.72 Performance = 30.319 Constraint violation = 1.84628e-12
[2025-11-05 14:17:14.008] [cout] [info] time = 0.725 Performance = 29.1948 Constraint violation = 4.00235e-13
[2025-11-05 14:17:14.514] [cout] [info] time = 0.73 Performance = 27.7902 Constraint violation = 3.72548e-13
[2025-11-05 14:17:15.002] [cout] [info] time = 0.735 Performance = 26.1157 Constraint violation = 2.34402e-12
[2025-11-05 14:17:15.517] [cout] [info] time = 0.74 Performance = 24.2295 Constraint violation = 3.82218e-13
[2025-11-05 14:17:16.031] [cout] [info] time = 0.745 Performance = 22.2283 Constraint violation = 7.42030e-13
[2025-11-05 14:17:16.901] [cout] [info] time = 0.75 Performance = 20.2322 Constraint violation = 4.72927e-13
[2025-11-05 14:17:17.547] [cout] [info] time = 0.755 Performance = 18.3649 Constraint violation = 2.52994e-12
[2025-11-05 14:17:18.066] [cout] [info] time = 0.76 Performance = 16.717 Constraint violation = 4.02023e-13
[2025-11-05 14:17:18.694] [cout] [info] time = 0.765 Performance = 15.2974 Constraint violation = 3.33463e-13
[2025-11-05 14:17:19.202] [cout] [info] time = 0.77 Performance = 14.0025 Constraint violation = 3.44135e-13
[2025-11-05 14:17:19.654] [cout] [info] time = 0.775 Performance = 12.6286 Constraint violation = 5.39189e-13
[2025-11-05 14:17:20.052] [cout] [info] time = 0.78 Performance = 10.9439 Constraint violation = 3.86898e-13
[2025-11-05 14:17:20.429] [cout] [info] time = 0.785 Performance = 8.80953 Constraint violation = 4.50788e-13
[2025-11-05 14:17:20.790] [cout] [info] time = 0.79 Performance = 6.3153 Constraint violation = 8.01237e-13
[2025-11-05 14:17:21.141] [cout] [info] time = 0.795 Performance = 3.87124 Constraint violation = 5.4583e-13
[2025-11-05 14:17:21.501] [cout] [info] time = 0.8 Performance = 2.20321 Constraint violation = 1.46759e-12
[2025-11-05 14:17:22.018] [cout] [info] time = 0.805000 Performance = 2.22748 Constraint violation = 3.69547e-13
[2025-11-05 14:17:22.431] [cout] [info] time = 0.81 Performance = 4.85441 Constraint violation = 8.54924e-13
[2025-11-05 14:17:22.820] [cout] [info] time = 0.815 Performance = 10.7762 Constraint violation = 1.02785e-12
[2025-11-05 14:17:23.191] [cout] [info] time = 0.82 Performance = 20.284 Constraint violation = 7.62064e-13
[2025-11-05 14:17:23.550] [cout] [info] time = 0.825 Performance = 33.1319 Constraint violation = 4.52665e-12
[2025-11-05 14:17:23.905] [cout] [info] time = 0.83 Performance = 48.4996 Constraint violation = 2.27808e-12
[2025-11-05 14:17:24.264] [cout] [info] time = 0.835 Performance = 65.0784 Constraint violation = 1.33152e-12
[2025-11-05 14:17:24.650] [cout] [info] time = 0.84 Performance = 81.2928 Constraint violation = 2.18076e-12
[2025-11-05 14:17:25.061] [cout] [info] time = 0.845 Performance = 95.5738 Constraint violation = 3.88351e-11
[2025-11-05 14:17:25.475] [cout] [info] time = 0.85 Performance = 106.605 Constraint violation = 7.75647e-13
[2025-11-05 14:17:25.920] [cout] [info] time = 0.855 Performance = 113.483 Constraint violation = 8.09718e-12
[2025-11-05 14:17:26.285] [cout] [info] time = 0.86 Performance = 115.796 Constraint violation = 2.45852e-11
[2025-11-05 14:17:26.648] [cout] [info] time = 0.865 Performance = 113.614 Constraint violation = 3.29434e-11
[2025-11-05 14:17:27.005] [cout] [info] time = 0.87 Performance = 107.404 Constraint violation = 1.00547e-11
[2025-11-05 14:17:27.367] [cout] [info] time = 0.875 Performance = 97.9178 Constraint violation = 3.07203e-12
[2025-11-05 14:17:27.720] [cout] [info] time = 0.88 Performance = 86.0789 Constraint violation = 3.20317e-12
[2025-11-05 14:17:28.073] [cout] [info] time = 0.885 Performance = 72.8796 Constraint violation = 1.0527e-11
[2025-11-05 14:17:28.447] [cout] [info] time = 0.89 Performance = 59.2951 Constraint violation = 9.58017e-12
[2025-11-05 14:17:28.822] [cout] [info] time = 0.895 Performance = 46.2078 Constraint violation = 1.17046e-11
[2025-11-05 14:17:29.200] [cout] [info] time = 0.9 Performance = 34.3478 Constraint violation = 7.60037e-12
[2025-11-05 14:17:29.574] [cout] [info] time = 0.905000 Performance = 24.2461 Constraint violation = 2.10208e-12
[2025-11-05 14:17:29.941] [cout] [info] time = 0.91 Performance = 16.2013 Constraint violation = 1.33148e-12
[2025-11-05 14:17:30.297] [cout] [info] time = 0.915 Performance = 10.2723 Constraint violation = 2.08117e-12
[2025-11-05 14:17:30.653] [cout] [info] time = 0.92 Performance = 6.30507 Constraint violation = 1.86634e-12
[2025-11-05 14:17:31.009] [cout] [info] time = 0.925 Performance = 3.98592 Constraint violation = 6.95269e-13
[2025-11-05 14:17:31.388] [cout] [info] time = 0.93 Performance = 2.90883 Constraint violation = 2.28836e-12
[2025-11-05 14:17:31.767] [cout] [info] time = 0.935 Performance = 2.63921 Constraint violation = 1.46177e-12
[2025-11-05 14:17:32.125] [cout] [info] time = 0.94 Performance = 2.77824 Constraint violation = 4.64213e-12
[2025-11-05 14:17:32.493] [cout] [info] time = 0.945 Performance = 3.01649 Constraint violation = 1.0416e-12
[2025-11-05 14:17:32.874] [cout] [info] time = 0.95 Performance = 3.16669 Constraint violation = 2.7748e-12
[2025-11-05 14:17:33.243] [cout] [info] time = 0.955 Performance = 3.17087 Constraint violation = 3.6765e-12
[2025-11-05 14:17:33.611] [cout] [info] time = 0.96 Performance = 3.08758 Constraint violation = 2.0397e-12
[2025-11-05 14:17:33.975] [cout] [info] time = 0.965 Performance = 3.06193 Constraint violation = 4.08389e-12
[2025-11-05 14:17:34.343] [cout] [info] time = 0.97 Performance = 3.29254 Constraint violation = 3.29507e-12
[2025-11-05 14:17:34.750] [cout] [info] time = 0.975 Performance = 4.00358 Constraint violation = 2.05736e-12
[2025-11-05 14:17:35.166] [cout] [info] time = 0.98 Performance = 5.42328 Constraint violation = 3.75503e-12
[2025-11-05 14:17:35.553] [cout] [info] time = 0.985 Performance = 7.7741 Constraint violation = 2.60309e-12
[2025-11-05 14:17:35.942] [cout] [info] time = 0.99 Performance = 11.2595 Constraint violation = 2.81737e-12
[2025-11-05 14:17:36.333] [cout] [info] time = 0.995 Performance = 16.0376 Constraint violation = 2.11784e-12
[2025-11-05 14:17:36.715] [cout] [info] time = 1.0 Performance = 22.1623 Constraint violation = 7.37339e-12
[2025-11-05 14:17:37.115] [cout] [info] time = 1.00500 Performance = 29.5154 Constraint violation = 1.38167e-11
[2025-11-05 14:17:37.551] [cout] [info] time = 1.01 Performance = 37.7393 Constraint violation = 9.54048e-12
[2025-11-05 14:17:37.913] [cout] [info] time = 1.015 Performance = 46.2025 Constraint violation = 1.56532e-11
[2025-11-05 14:17:38.282] [cout] [info] time = 1.02 Performance = 54.0256 Constraint violation = 1.79701e-11
[2025-11-05 14:17:38.658] [cout] [info] time = 1.025 Performance = 60.1896 Constraint violation = 3.05204e-11
[2025-11-05 14:17:39.058] [cout] [info] time = 1.03 Performance = 63.7106 Constraint violation = 9.25521e-12
[2025-11-05 14:17:39.508] [cout] [info] time = 1.035 Performance = 63.8475 Constraint violation = 1.24394e-12
[2025-11-05 14:17:39.908] [cout] [info] time = 1.04 Performance = 60.3049 Constraint violation = 5.38395e-11
[2025-11-05 14:17:40.276] [cout] [info] time = 1.045 Performance = 53.3907 Constraint violation = 3.01862e-11
[2025-11-05 14:17:40.655] [cout] [info] time = 1.05 Performance = 44.093 Constraint violation = 7.41592e-12
[2025-11-05 14:17:41.038] [cout] [info] time = 1.055 Performance = 34.0415 Constraint violation = 1.44022e-12
[2025-11-05 14:17:41.431] [cout] [info] time = 1.06 Performance = 25.3543 Constraint violation = 2.66028e-12
[2025-11-05 14:17:41.816] [cout] [info] time = 1.065 Performance = 20.4070 Constraint violation = 3.21314e-13
[2025-11-05 14:17:42.208] [cout] [info] time = 1.07 Performance = 21.5847 Constraint violation = 3.99009e-12
[2025-11-05 14:17:42.614] [cout] [info] time = 1.075 Performance = 31.0529 Constraint violation = 1.09613e-12
[2025-11-05 14:17:43.020] [cout] [info] time = 1.08 Performance = 50.6132 Constraint violation = 2.83578e-12
[2025-11-05 14:17:43.413] [cout] [info] time = 1.085 Performance = 81.6368 Constraint violation = 1.31996e-11
[2025-11-05 14:17:43.817] [cout] [info] time = 1.09 Performance = 125.037 Constraint violation = 5.76937e-12
[2025-11-05 14:17:44.228] [cout] [info] time = 1.095 Performance = 181.208 Constraint violation = 1.7724e-11
[2025-11-05 14:17:44.614] [cout] [info] time = 1.1 Performance = 249.864 Constraint violation = 2.67673e-11
[2025-11-05 14:17:45.029] [cout] [info] time = 1.10500 Performance = 329.804 Constraint violation = 1.30914e-11
[2025-11-05 14:17:45.437] [cout] [info] time = 1.11 Performance = 418.658 Constraint violation = 5.30748e-11
[2025-11-05 14:17:45.830] [cout] [info] time = 1.115 Performance = 512.728 Constraint violation = 5.0815e-10
[2025-11-05 14:17:46.229] [cout] [info] time = 1.12 Performance = 606.95 Constraint violation = 3.26142e-11
[2025-11-05 14:17:46.615] [cout] [info] time = 1.125 Performance = 695.045 Constraint violation = 3.09329e-11
[2025-11-05 14:17:47.007] [cout] [info] time = 1.13 Performance = 771.29 Constraint violation = 6.10585e-12
[2025-11-05 14:17:50.716] [warning] SimTK Exception thrown at InteriorPointOptimizer.cpp:264:
  Optimizer failed: Ipopt: Maximum iterations exceeded (status -1)
[2025-11-05 14:17:50.716] [warning] OPTIMIZATION FAILED...
[2025-11-05 14:17:50.717] [warning] StaticOptimization.record: The optimizer could not find a solution at time = 1.135.
[2025-11-05 14:17:50.718] [warning] The model appears too weak for static optimization.
Try increasing the strength and/or range of the following force(s):
   bflh_r approaching upper bound of 1
   semimem_r approaching upper bound of 1
   edl_l approaching upper bound of 1
   gasmed_l approaching upper bound of 1
   perbrev_l approaching upper bound of 1
   perlong_l approaching upper bound of 1
   soleus_l approaching upper bound of 1
   ankle_angle_l_reserve approaching upper bound of 1

[2025-11-05 14:17:50.718] [cout] [info] time = 1.135 Performance = 6121.16 Constraint violation = 4341.74
[2025-11-05 14:17:54.312] [warning] SimTK Exception thrown at InteriorPointOptimizer.cpp:264:
  Optimizer failed: Ipopt: Maximum iterations exceeded (status -1)
[2025-11-05 14:17:54.313] [warning] OPTIMIZATION FAILED...
[2025-11-05 14:17:54.313] [warning] StaticOptimization.record: The optimizer could not find a solution at time = 1.14.
[2025-11-05 14:17:54.313] [warning] The model appears too weak for static optimization.
Try increasing the strength and/or range of the following force(s):
   iliacus_r approaching upper bound of 1
   psoas_r approaching upper bound of 1
   recfem_r approaching upper bound of 1
   tfl_r approaching upper bound of 1
   addbrev_l approaching upper bound of 1
   addlong_l approaching upper bound of 1
   addmagDist_l approaching upper bound of 1
   addmagIsch_l approaching upper bound of 1
   addmagMid_l approaching upper bound of 1
   addmagProx_l approaching upper bound of 1
   bflh_l approaching upper bound of 1
   edl_l approaching upper bound of 1
   gaslat_l approaching upper bound of 1
   gasmed_l approaching upper bound of 1
   glmax3_l approaching upper bound of 1
   grac_l approaching upper bound of 1
   perbrev_l approaching upper bound of 1
   perlong_l approaching upper bound of 1
   semimem_l approaching upper bound of 1
   semiten_l approaching upper bound of 1
   soleus_l approaching upper bound of 1
   hip_flexion_r_reserve approaching upper bound of 1
   hip_adduction_r_reserve approaching lower bound of -1
   hip_adduction_l_reserve approaching upper bound of 1
   hip_rotation_l_reserve approaching lower bound of -1
   ankle_angle_l_reserve approaching upper bound of 1

[2025-11-05 14:17:54.314] [cout] [info] time = 1.14 Performance = 110.764 Constraint violation = 2155.61
[2025-11-05 14:17:57.403] [warning] SimTK Exception thrown at InteriorPointOptimizer.cpp:264:
  Optimizer failed: Ipopt: Maximum iterations exceeded (status -1)
[2025-11-05 14:17:57.403] [warning] OPTIMIZATION FAILED...
[2025-11-05 14:17:57.404] [warning] StaticOptimization.record: The optimizer could not find a solution at time = 1.145.
[2025-11-05 14:17:57.404] [warning] The model appears too weak for static optimization.
Try increasing the strength and/or range of the following force(s):
   bfsh_r approaching upper bound of 1
   edl_r approaching upper bound of 1
   ehl_r approaching upper bound of 1
   fdl_r approaching upper bound of 1
   glmin3_r approaching upper bound of 1
   iliacus_r approaching upper bound of 1
   piri_r approaching upper bound of 1
   psoas_r approaching upper bound of 1
   recfem_r approaching upper bound of 1
   sart_r approaching upper bound of 1
   tfl_r approaching upper bound of 1
   tibant_r approaching upper bound of 1
   tibpost_r approaching upper bound of 1
   addbrev_l approaching upper bound of 1
   addlong_l approaching upper bound of 1
   addmagDist_l approaching upper bound of 1
   addmagIsch_l approaching upper bound of 1
   addmagMid_l approaching upper bound of 1
   addmagProx_l approaching upper bound of 1
   bflh_l approaching upper bound of 1
   edl_l approaching upper bound of 1
   gaslat_l approaching upper bound of 1
   gasmed_l approaching upper bound of 1
   glmax3_l approaching upper bound of 1
   grac_l approaching upper bound of 1
   perbrev_l approaching upper bound of 1
   perlong_l approaching upper bound of 1
   psoas_l approaching upper bound of 1
   semimem_l approaching upper bound of 1
   semiten_l approaching upper bound of 1
   soleus_l approaching upper bound of 1
   hip_flexion_r_reserve approaching upper bound of 1
   hip_adduction_r_reserve approaching lower bound of -1
   hip_rotation_r_reserve approaching lower bound of -1
   knee_angle_r_reserve approaching upper bound of 1
   ankle_angle_r_reserve approaching upper bound of 1
   hip_flexion_l_reserve approaching upper bound of 1
   hip_adduction_l_reserve approaching upper bound of 1
   hip_rotation_l_reserve approaching lower bound of -1
   ankle_angle_l_reserve approaching lower bound of -1

[2025-11-05 14:17:57.405] [cout] [info] time = 1.145 Performance = 504.428 Constraint violation = 15922.1
[2025-11-05 14:17:59.392] [warning] SimTK Exception thrown at InteriorPointOptimizer.cpp:264:
  Optimizer failed: Ipopt: Maximum iterations exceeded (status -1)
[2025-11-05 14:17:59.393] [warning] OPTIMIZATION FAILED...
[2025-11-05 14:17:59.393] [warning] StaticOptimization.record: The optimizer could not find a solution at time = 1.15.
[2025-11-05 14:17:59.393] [warning] The model appears too weak for static optimization.
Try increasing the strength and/or range of the following force(s):
   addbrev_l approaching upper bound of 1
   addlong_l approaching upper bound of 1
   addmagDist_l approaching upper bound of 1
   addmagMid_l approaching upper bound of 1
   addmagProx_l approaching upper bound of 1
   edl_l approaching upper bound of 1
   gaslat_l approaching upper bound of 1
   gasmed_l approaching upper bound of 1
   perbrev_l approaching upper bound of 1
   perlong_l approaching upper bound of 1
   soleus_l approaching upper bound of 1
   hip_adduction_l_reserve approaching upper bound of 1

[2025-11-05 14:17:59.393] [cout] [info] time = 1.15 Performance = 580.173 Constraint violation = 6509.71
[2025-11-05 14:18:01.932] [warning] SimTK Exception thrown at InteriorPointOptimizer.cpp:264:
  Optimizer failed: Ipopt: Maximum iterations exceeded (status -1)
[2025-11-05 14:18:01.932] [warning] OPTIMIZATION FAILED...
[2025-11-05 14:18:01.932] [warning] StaticOptimization.record: The optimizer could not find a solution at time = 1.155.
[2025-11-05 14:18:01.932] [warning] The model appears too weak for static optimization.
Try increasing the strength and/or range of the following force(s):
   addbrev_l approaching upper bound of 1
   addlong_l approaching upper bound of 1
   addmagDist_l approaching upper bound of 1
   addmagMid_l approaching upper bound of 1
   addmagProx_l approaching upper bound of 1
   edl_l approaching upper bound of 1
   gasmed_l approaching upper bound of 1
   glmax3_l approaching upper bound of 1
   perbrev_l approaching upper bound of 1
   perlong_l approaching upper bound of 1
   soleus_l approaching upper bound of 1
   vaslat_l approaching upper bound of 1
   vasmed_l approaching upper bound of 1
   hip_adduction_l_reserve approaching upper bound of 1
   ankle_angle_l_reserve approaching lower bound of -1

[2025-11-05 14:18:01.933] [cout] [info] time = 1.155 Performance = 385.736 Constraint violation = 14097.9
[2025-11-05 14:18:03.943] [warning] SimTK Exception thrown at InteriorPointOptimizer.cpp:264:
  Optimizer failed: Ipopt: Maximum iterations exceeded (status -1)
[2025-11-05 14:18:03.943] [warning] OPTIMIZATION FAILED...
[2025-11-05 14:18:03.943] [warning] StaticOptimization.record: The optimizer could not find a solution at time = 1.16.
[2025-11-05 14:18:03.944] [warning] The model appears too weak for static optimization.
Try increasing the strength and/or range of the following force(s):
   addlong_l approaching upper bound of 1
   edl_l approaching upper bound of 1
   gaslat_l approaching upper bound of 1
   gasmed_l approaching upper bound of 1
   perbrev_l approaching upper bound of 1
   perlong_l approaching upper bound of 1
   soleus_l approaching upper bound of 1
   ankle_angle_r_reserve approaching upper bound of 1
   hip_adduction_l_reserve approaching upper bound of 1
   ankle_angle_l_reserve approaching lower bound of -1

[2025-11-05 14:18:03.944] [cout] [info] time = 1.16 Performance = 84.7326 Constraint violation = 18892.3
[2025-11-05 14:18:08.725] [warning] SimTK Exception thrown at InteriorPointOptimizer.cpp:264:
  Optimizer failed: Ipopt: Maximum iterations exceeded (status -1)
[2025-11-05 14:18:08.725] [warning] OPTIMIZATION FAILED...
[2025-11-05 14:18:08.726] [warning] StaticOptimization.record: The optimizer could not find a solution at time = 1.165.
[2025-11-05 14:18:08.726] [warning] The model appears too weak for static optimization.
Try increasing the strength and/or range of the following force(s):
   glmed2_r approaching upper bound of 1
   glmin3_r approaching upper bound of 1
   psoas_r approaching upper bound of 1
   sart_r approaching upper bound of 1
   addbrev_l approaching upper bound of 1
   addlong_l approaching upper bound of 1
   addmagDist_l approaching upper bound of 1
   addmagIsch_l approaching upper bound of 1
   addmagMid_l approaching upper bound of 1
   addmagProx_l approaching upper bound of 1
   bflh_l approaching upper bound of 1
   edl_l approaching upper bound of 1
   gasmed_l approaching upper bound of 1
   glmax3_l approaching upper bound of 1
   grac_l approaching upper bound of 1
   perbrev_l approaching upper bound of 1
   perlong_l approaching upper bound of 1
   psoas_l approaching upper bound of 1
   semimem_l approaching upper bound of 1
   semiten_l approaching upper bound of 1
   soleus_l approaching upper bound of 1
   hip_adduction_r_reserve approaching lower bound of -1
   ankle_angle_r_reserve approaching upper bound of 1
   hip_flexion_l_reserve approaching upper bound of 1
   knee_angle_l_reserve approaching upper bound of 1

[2025-11-05 14:18:08.726] [cout] [info] time = 1.165 Performance = 1500.45 Constraint violation = 25632.5
[2025-11-05 14:18:10.096] [warning] SimTK Exception thrown at InteriorPointOptimizer.cpp:264:
  Optimizer failed: Ipopt: Maximum iterations exceeded (status -1)
[2025-11-05 14:18:10.096] [warning] OPTIMIZATION FAILED...
[2025-11-05 14:18:10.096] [warning] StaticOptimization.record: The optimizer could not find a solution at time = 1.17.
[2025-11-05 14:18:10.096] [warning] The model appears too weak for static optimization.
Try increasing the strength and/or range of the following force(s):
   addbrev_l approaching upper bound of 1
   addlong_l approaching upper bound of 1
   addmagMid_l approaching upper bound of 1
   edl_l approaching upper bound of 1
   gaslat_l approaching upper bound of 1
   gasmed_l approaching upper bound of 1
   perbrev_l approaching upper bound of 1
   perlong_l approaching upper bound of 1
   soleus_l approaching upper bound of 1
   ankle_angle_l_reserve approaching lower bound of -1

[2025-11-05 14:18:10.097] [cout] [info] time = 1.17 Performance = 45.5288 Constraint violation = 22260.9
[2025-11-05 14:18:11.972] [warning] SimTK Exception thrown at InteriorPointOptimizer.cpp:264:
  Optimizer failed: Ipopt: Maximum iterations exceeded (status -1)
[2025-11-05 14:18:11.972] [warning] OPTIMIZATION FAILED...
[2025-11-05 14:18:11.973] [warning] StaticOptimization.record: The optimizer could not find a solution at time = 1.175.
[2025-11-05 14:18:11.973] [warning] The model appears too weak for static optimization.
Try increasing the strength and/or range of the following force(s):
   addlong_l approaching upper bound of 1
   addmagProx_l approaching upper bound of 1
   edl_l approaching upper bound of 1
   gaslat_l approaching upper bound of 1
   gasmed_l approaching upper bound of 1
   perbrev_l approaching upper bound of 1
   perlong_l approaching upper bound of 1
   soleus_l approaching upper bound of 1
   hip_adduction_l_reserve approaching upper bound of 1
   ankle_angle_l_reserve approaching lower bound of -1

[2025-11-05 14:18:11.973] [cout] [info] time = 1.175 Performance = 180.661 Constraint violation = 22578.0
[2025-11-05 14:18:15.460] [warning] SimTK Exception thrown at InteriorPointOptimizer.cpp:264:
  Optimizer failed: Ipopt: Maximum iterations exceeded (status -1)
[2025-11-05 14:18:15.460] [warning] OPTIMIZATION FAILED...
[2025-11-05 14:18:15.460] [warning] StaticOptimization.record: The optimizer could not find a solution at time = 1.18.
[2025-11-05 14:18:15.461] [warning] The model appears too weak for static optimization.
Try increasing the strength and/or range of the following force(s):
   edl_r approaching upper bound of 1
   perlong_r approaching upper bound of 1
   addbrev_l approaching upper bound of 1
   addlong_l approaching upper bound of 1
   addmagDist_l approaching upper bound of 1
   addmagIsch_l approaching upper bound of 1
   addmagMid_l approaching upper bound of 1
   addmagProx_l approaching upper bound of 1
   bflh_l approaching upper bound of 1
   edl_l approaching upper bound of 1
   gaslat_l approaching upper bound of 1
   gasmed_l approaching upper bound of 1
   glmax3_l approaching upper bound of 1
   grac_l approaching upper bound of 1
   perbrev_l approaching upper bound of 1
   perlong_l approaching upper bound of 1
   psoas_l approaching upper bound of 1
   semimem_l approaching upper bound of 1
   semiten_l approaching upper bound of 1
   soleus_l approaching upper bound of 1
   hip_flexion_l_reserve approaching upper bound of 1
   hip_adduction_l_reserve approaching upper bound of 1
   hip_rotation_l_reserve approaching upper bound of 1
   knee_angle_l_reserve approaching upper bound of 1
   ankle_angle_l_reserve approaching lower bound of -1

[2025-11-05 14:18:15.461] [cout] [info] time = 1.18 Performance = 187.657 Constraint violation = 22972.7
[2025-11-05 14:18:20.762] [warning] SimTK Exception thrown at InteriorPointOptimizer.cpp:264:
  Optimizer failed: Ipopt: Maximum iterations exceeded (status -1)
[2025-11-05 14:18:20.762] [warning] OPTIMIZATION FAILED...
[2025-11-05 14:18:20.763] [warning] StaticOptimization.record: The optimizer could not find a solution at time = 1.185.
[2025-11-05 14:18:20.763] [warning] The model appears too weak for static optimization.
Try increasing the strength and/or range of the following force(s):
   gasmed_l approaching upper bound of 1
   perlong_l approaching upper bound of 1
   soleus_l approaching upper bound of 1

[2025-11-05 14:18:20.763] [cout] [info] time = 1.185 Performance = 127.276 Constraint violation = 29991.7
[2025-11-05 14:18:25.595] [warning] SimTK Exception thrown at InteriorPointOptimizer.cpp:264:
  Optimizer failed: Ipopt: Maximum iterations exceeded (status -1)
[2025-11-05 14:18:25.595] [warning] OPTIMIZATION FAILED...
[2025-11-05 14:18:25.595] [warning] StaticOptimization.record: The optimizer could not find a solution at time = 1.19.
[2025-11-05 14:18:25.596] [warning] The model appears too weak for static optimization.
Try increasing the strength and/or range of the following force(s):
   addbrev_l approaching upper bound of 1
   addlong_l approaching upper bound of 1
   addmagMid_l approaching upper bound of 1
   addmagProx_l approaching upper bound of 1
   edl_l approaching upper bound of 1
   gasmed_l approaching upper bound of 1
   perbrev_l approaching upper bound of 1
   perlong_l approaching upper bound of 1
   soleus_l approaching upper bound of 1
   hip_adduction_l_reserve approaching upper bound of 1
   ankle_angle_l_reserve approaching lower bound of -1

[2025-11-05 14:18:25.596] [cout] [info] time = 1.19 Performance = 137.46 Constraint violation = 23690.9
[2025-11-05 14:18:25.601] [info] Printing results of investigation SO to .
[2025-11-05 14:18:26.196] [info] Loaded model Athlete_03 from file C:\Git\1_current_projects\powerlifing_model\models\Athlete_03\25_03_31\scaled.osim
[2025-11-05 14:18:26.314] [info] Storage: read data file = joint_angles.mot (nr=239 nc=40)
[2025-11-05 14:18:26.340] [info] Storage: read data file = joint_angles.mot (nr=239 nc=40)
[2025-11-05 14:18:26.436] [info] Loaded model Athlete_03 from file C:\Git\1_current_projects\powerlifing_model\models\Athlete_03\25_03_31\scaled.osim
[2025-11-05 14:18:26.631] [info] AbstractTool Analyse loading model ..\..\..\..\models\Athlete_03\25_03_31\scaled.osim
[2025-11-05 14:18:26.770] [info] Loaded model Athlete_03 from file ..\..\..\..\models\Athlete_03\25_03_31\scaled.osim
[2025-11-05 14:18:27.261] [info] Storage: read data file = grf.mot (nr=2390 nc=46)
[2025-11-05 14:18:27.413] [info] ExternalForce::grf_r_2 Data source being set to grf
[2025-11-05 14:18:27.414] [info] ExternalForce::grf_l_3 Data source being set to grf
[2025-11-05 14:18:27.414] [info] ExternalForce::grf_l_4 Data source being set to grf
[2025-11-05 14:18:27.437] [info] Loading coordinates from file 'joint_angles.mot'.
[2025-11-05 14:18:27.438] [info] Storage: read data file = joint_angles.mot (nr=239 nc=40)
[2025-11-05 14:18:27.455] [info] Low-pass filtering coordinates data with a cutoff frequency of 6.0...
[2025-11-05 14:18:28.409] [info] AssemblySolver::track() attempt Failed: SimTK Exception thrown at Assembler.cpp:973:
  Method Assembler::track() failed because:
Unable to achieve required assembly error tolerance.
Assembly error tolerance achieved: 2.2901811603529925e-09 required: 1e-10.
[2025-11-05 14:18:28.439] [error] Model unable to assemble: AssemblySolver::assemble() Failed: SimTK Exception thrown at Assembler.cpp:897:
  Method Assembler::assemble() failed because:
Unable to achieve required assembly error tolerance.
Assembly error tolerance achieved: 2.2901812257193353e-09 required: 1e-10..Model relaxing constraints and trying again.
[2025-11-05 14:18:29.440] [info] Found 477 state vectors with time stamps ranging from -0.595 to 1.785.
[2025-11-05 14:18:29.441] [info] Executing the analyses from 0.0 to 1.19...
[2025-11-05 14:18:29.446] [info] Loading actuator forces from file SO_StaticOptimization_force.sto.
[2025-11-05 14:18:29.477] [info] Storage: read data file = SO_StaticOptimization_force.sto (nr=239 nc=141)
[2025-11-05 14:18:29.524] [info] Found 140 actuator forces with time stamps ranging from 0.0to 1.19.
[2025-11-05 14:18:29.524] [warning] The forces file contains actuators that are not in the model's actuator set.
[2025-11-05 14:18:29.525] [warning] Ignoring fiber lengths and activations from the states since forces_file is also set. Actuator forces will be constructed from SO_StaticOptimization_force.sto.
[2025-11-05 14:18:31.638] [info] Printing results of investigation Analyse to .
[2025-11-05 14:18:31.814] [info] Loaded model Athlete_03 from file C:\Git\1_current_projects\powerlifing_model\models\Athlete_03\25_03_31\scaled.osim
