
+-+-+-+-+-+-+-+-+-+-+-+-+-+-+-+-+-+-+-+
|A|u|t|o|-|D|i|f|f|e|r|e|n|t|i|a|b|l|e|
+-+-+-+-+-+-+-+-+-+-+-+-+-+-+-+-+-+-+-+
|C|a|l|i|b|r|a|t|e|d|
+-+-+-+-+-+-+-+-+-+-+-+-+
|E|M|G|-|I|n|f|o|r|m|e|d|
+-+-+-+-+-+-+-+-+-+-+-+-+-+-+-+-+-+-+-+-+
|N|e|u|r|o|m|u|s|c|u|l|o|s|k|e|l|e|t|a|l|
+-+-+-+-+-+-+-+-+-+-+-+-+-+-+-+-+-+-+-+-+
|M|o|d|e|l|l|i|n|g|
+-+-+-+-+-+-+-+-+-+
|T|o|o|l|b|o|x|
+-+-+-+-+-+-+-+

ceinms-nn-calibrate version 0.6.0
Software developers: Matthew Hambly

Successfully loaded subject file 'C:\Git\1_current_projects\powerlifing_model\simulations\Athlete_03\22_07_06/subjectUncalibrated.xml'
Successfully loaded excitation generator file 'C:\Git\1_current_projects\powerlifing_model\simulations\Athlete_03\22_07_06/excitationGenerator.xml'
Successfully loaded calibration file 'C:\Git\1_current_projects\powerlifing_model\simulations\Athlete_03\22_07_06/calibrationCfg_ceinms-nn_hybrid.xml'
Loading input data
  Lmt: 
      Reading from C:\Git\1_current_projects\powerlifing_model\simulations\Athlete_03\22_07_06/.\sq_70/./muscleAnalysis/_MuscleAnalysis_Length.sto DONE

  EMG: 
      Reading from C:\Git\1_current_projects\powerlifing_model\simulations\Athlete_03\22_07_06/.\sq_70/EMG_filtered_normalised.sto DONE

  Ma: 
      Reading from C:\Git\1_current_projects\powerlifing_model\simulations\Athlete_03\22_07_06/.\sq_70/./muscleAnalysis/_MuscleAnalysis_MomentArm_hip_flexion_r.sto DONE

      Reading from C:\Git\1_current_projects\powerlifing_model\simulations\Athlete_03\22_07_06/.\sq_70/./muscleAnalysis/_MuscleAnalysis_MomentArm_hip_adduction_r.sto DONE

      Reading from C:\Git\1_current_projects\powerlifing_model\simulations\Athlete_03\22_07_06/.\sq_70/./muscleAnalysis/_MuscleAnalysis_MomentArm_hip_rotation_r.sto DONE

      Reading from C:\Git\1_current_projects\powerlifing_model\simulations\Athlete_03\22_07_06/.\sq_70/./muscleAnalysis/_MuscleAnalysis_MomentArm_ankle_angle_r.sto DONE

      Reading from C:\Git\1_current_projects\powerlifing_model\simulations\Athlete_03\22_07_06/.\sq_70/./muscleAnalysis/_MuscleAnalysis_MomentArm_hip_flexion_l.sto DONE

      Reading from C:\Git\1_current_projects\powerlifing_model\simulations\Athlete_03\22_07_06/.\sq_70/./muscleAnalysis/_MuscleAnalysis_MomentArm_hip_adduction_l.sto DONE

      Reading from C:\Git\1_current_projects\powerlifing_model\simulations\Athlete_03\22_07_06/.\sq_70/./muscleAnalysis/_MuscleAnalysis_MomentArm_hip_rotation_l.sto DONE

      Reading from C:\Git\1_current_projects\powerlifing_model\simulations\Athlete_03\22_07_06/.\sq_70/./muscleAnalysis/_MuscleAnalysis_MomentArm_knee_angle_l.sto DONE

      Reading from C:\Git\1_current_projects\powerlifing_model\simulations\Athlete_03\22_07_06/.\sq_70/./muscleAnalysis/_MuscleAnalysis_MomentArm_ankle_angle_l.sto DONE

  externalTorques: 
      Reading from C:\Git\1_current_projects\powerlifing_model\simulations\Athlete_03\22_07_06/.\sq_70/inverse_dynamics.sto DONE

  Cropping trial between 3.6s and 5.97s DONE

Iteration 1:
 Total loss = 3968.54 (best: 1.79769e+308, iterations without improvement: 1)
  - Moment error = 3884.78
  - Normalised fiber length penalty = 83.7024
  - Tendon strain penalty = 0.0307726
  - Synthesised excitations squared = 0.0303362
  - Synergy exctraction = 5.36939e-05
    - EMG tracking error = 5.36939e-05
    - Primitives range penalty = 0
    - Muscle weightings range penalty = 0
    - Synthesised excitations range penalty = 0
  - Parameters penalty = 0
 Model accuracy:
  - Trial inputData: 
    - hip_flexion_r: RMSE = 751.153 Nm, R2 = 0.463815
    - hip_adduction_r: RMSE = 198.257 Nm, R2 = 0.00383339
    - hip_rotation_r: RMSE = 521.358 Nm, R2 = 0.416738
    - ankle_angle_r: RMSE = 83.3739 Nm, R2 = 0.160691
    - hip_flexion_l: RMSE = 988.912 Nm, R2 = 0.308913
    - hip_adduction_l: RMSE = 232.717 Nm, R2 = 0.0111414
    - hip_rotation_l: RMSE = 537.886 Nm, R2 = 0.577133
    - knee_angle_l: RMSE = 353.261 Nm, R2 = 0.0022434
    - ankle_angle_l: RMSE = 217.861 Nm, R2 = 0.0429145
 Synergy accuracy:
  - Mean RMSE = 2.28219e-05
  - Mean R2 = 0.999999
=====================================================


Iteration 2:
 Total loss = 3623.62 (best: 3968.54, iterations without improvement: 1)
  - Moment error = 3540.58
  - Normalised fiber length penalty = 78.9892
  - Tendon strain penalty = 0.030358
  - Synthesised excitations squared = 0.0304718
  - Synergy exctraction = 2.34695
    - EMG tracking error = 1.07956
    - Primitives range penalty = 0.963885
    - Muscle weightings range penalty = 0.303506
    - Synthesised excitations range penalty = 0
  - Parameters penalty = 1.64658
 Model accuracy:
  - Trial inputData: 
    - hip_flexion_r: RMSE = 691.989 Nm, R2 = 0.437807
    - hip_adduction_r: RMSE = 159.293 Nm, R2 = 0.0108667
    - hip_rotation_r: RMSE = 489.999 Nm, R2 = 0.414238
    - ankle_angle_r: RMSE = 80.4226 Nm, R2 = 0.0012461
    - hip_flexion_l: RMSE = 890.373 Nm, R2 = 0.29526
    - hip_adduction_l: RMSE = 210.016 Nm, R2 = 0.00473487
    - hip_rotation_l: RMSE = 505.749 Nm, R2 = 0.573382
    - knee_angle_l: RMSE = 325.391 Nm, R2 = 0.000904967
    - ankle_angle_l: RMSE = 187.347 Nm, R2 = 0.0271136
 Synergy accuracy:
  - Mean RMSE = 0.0103679
  - Mean R2 = 0.997748
=====================================================


Iteration 3:
 Total loss = 3300.14 (best: 3623.62, iterations without improvement: 1)
  - Moment error = 3219.82
  - Normalised fiber length penalty = 74.9521
  - Tendon strain penalty = 0.0292899
  - Synthesised excitations squared = 0.0375149
  - Synergy exctraction = 3.82556
    - EMG tracking error = 3.59271
    - Primitives range penalty = 0.0752084
    - Muscle weightings range penalty = 0.157644
    - Synthesised excitations range penalty = 0
  - Parameters penalty = 1.47028
 Model accuracy:
  - Trial inputData: 
    - hip_flexion_r: RMSE = 626.052 Nm, R2 = 0.419444
    - hip_adduction_r: RMSE = 133.955 Nm, R2 = 0.0238158
    - hip_rotation_r: RMSE = 458.974 Nm, R2 = 0.411854
    - ankle_angle_r: RMSE = 77.4804 Nm, R2 = 0.0668546
    - hip_flexion_l: RMSE = 795.379 Nm, R2 = 0.280504
    - hip_adduction_l: RMSE = 188.93 Nm, R2 = 0.000709277
    - hip_rotation_l: RMSE = 474.026 Nm, R2 = 0.569775
    - knee_angle_l: RMSE = 305.15 Nm, R2 = 0.000366147
    - ankle_angle_l: RMSE = 159.876 Nm, R2 = 0.0134606
 Synergy accuracy:
  - Mean RMSE = 0.0193842
  - Mean R2 = 0.997751
=====================================================


Iteration 4:
 Total loss = 2988.64 (best: 3300.14, iterations without improvement: 1)
  - Moment error = 2914.73
  - Normalised fiber length penalty = 71.3972
  - Tendon strain penalty = 0.0286176
  - Synthesised excitations squared = 0.0465542
  - Synergy exctraction = 1.36949
    - EMG tracking error = 1.07141
    - Primitives range penalty = 0.00105379
    - Muscle weightings range penalty = 0.297024
    - Synthesised excitations range penalty = 0
  - Parameters penalty = 1.07249
 Model accuracy:
  - Trial inputData: 
    - hip_flexion_r: RMSE = 559.259 Nm, R2 = 0.402432
    - hip_adduction_r: RMSE = 114.608 Nm, R2 = 0.0449248
    - hip_rotation_r: RMSE = 427.951 Nm, R2 = 0.409248
    - ankle_angle_r: RMSE = 74.8799 Nm, R2 = 0.144017
    - hip_flexion_l: RMSE = 703.46 Nm, R2 = 0.264419
    - hip_adduction_l: RMSE = 169.157 Nm, R2 = 0.000428413
    - hip_rotation_l: RMSE = 442.316 Nm, R2 = 0.565818
    - knee_angle_l: RMSE = 286.859 Nm, R2 = 9.4406e-05
    - ankle_angle_l: RMSE = 136.241 Nm, R2 = 0.00406928
 Synergy accuracy:
  - Mean RMSE = 0.0106934
  - Mean R2 = 0.998041
=====================================================


Iteration 5:
 Total loss = 2698.1 (best: 2988.64, iterations without improvement: 1)
  - Moment error = 2627.13
  - Normalised fiber length penalty = 68.0335
  - Tendon strain penalty = 0.0283929
  - Synthesised excitations squared = 0.0578764
  - Synergy exctraction = 2.17936
    - EMG tracking error = 1.84864
    - Primitives range penalty = 0.000748864
    - Muscle weightings range penalty = 0.329975
    - Synthesised excitations range penalty = 0
  - Parameters penalty = 0.678835
 Model accuracy:
  - Trial inputData: 
    - hip_flexion_r: RMSE = 493.415 Nm, R2 = 0.384565
    - hip_adduction_r: RMSE = 100.364 Nm, R2 = 0.0775063
    - hip_rotation_r: RMSE = 397.063 Nm, R2 = 0.406297
    - ankle_angle_r: RMSE = 72.5473 Nm, R2 = 0.164554
    - hip_flexion_l: RMSE = 614.855 Nm, R2 = 0.246513
    - hip_adduction_l: RMSE = 151.243 Nm, R2 = 0.00568416
    - hip_rotation_l: RMSE = 410.98 Nm, R2 = 0.561841
    - knee_angle_l: RMSE = 269.917 Nm, R2 = 1.51459e-06
    - ankle_angle_l: RMSE = 116.743 Nm, R2 = 6.0811e-05
 Synergy accuracy:
  - Mean RMSE = 0.0137807
  - Mean R2 = 0.998322
=====================================================


Iteration 6:
 Total loss = 2424.69 (best: 2698.1, iterations without improvement: 1)
  - Moment error = 2356.82
  - Normalised fiber length penalty = 64.6051
  - Tendon strain penalty = 0.0280363
  - Synthesised excitations squared = 0.0711056
  - Synergy exctraction = 2.75746
    - EMG tracking error = 2.45905
    - Primitives range penalty = 0.000348249
    - Muscle weightings range penalty = 0.298066
    - Synthesised excitations range penalty = 0
  - Parameters penalty = 0.403998
 Model accuracy:
  - Trial inputData: 
    - hip_flexion_r: RMSE = 429.046 Nm, R2 = 0.364578
    - hip_adduction_r: RMSE = 91.694 Nm, R2 = 0.124515
    - hip_rotation_r: RMSE = 366.461 Nm, R2 = 0.403006
    - ankle_angle_r: RMSE = 70.6181 Nm, R2 = 0.159375
    - hip_flexion_l: RMSE = 529.364 Nm, R2 = 0.226389
    - hip_adduction_l: RMSE = 135.224 Nm, R2 = 0.0189518
    - hip_rotation_l: RMSE = 379.888 Nm, R2 = 0.557645
    - knee_angle_l: RMSE = 253.353 Nm, R2 = 3.26592e-05
    - ankle_angle_l: RMSE = 101.171 Nm, R2 = 0.00282622
 Synergy accuracy:
  - Mean RMSE = 0.0160452
  - Mean R2 = 0.998391
=====================================================


Iteration 7:
 Total loss = 2169.85 (best: 2424.69, iterations without improvement: 1)
  - Moment error = 2107.02
  - Normalised fiber length penalty = 61.0442
  - Tendon strain penalty = 0.0270573
  - Synthesised excitations squared = 0.0859505
  - Synergy exctraction = 1.4295
    - EMG tracking error = 1.09492
    - Primitives range penalty = 0.00157789
    - Muscle weightings range penalty = 0.332996
    - Synthesised excitations range penalty = 0
  - Parameters penalty = 0.241532
 Model accuracy:
  - Trial inputData: 
    - hip_flexion_r: RMSE = 366.902 Nm, R2 = 0.341794
    - hip_adduction_r: RMSE = 88.4986 Nm, R2 = 0.185425
    - hip_rotation_r: RMSE = 336.553 Nm, R2 = 0.399701
    - ankle_angle_r: RMSE = 69.0989 Nm, R2 = 0.144654
    - hip_flexion_l: RMSE = 447.082 Nm, R2 = 0.202944
    - hip_adduction_l: RMSE = 121.638 Nm, R2 = 0.0432216
    - hip_rotation_l: RMSE = 349.227 Nm, R2 = 0.553421
    - knee_angle_l: RMSE = 238.157 Nm, R2 = 0.000176983
    - ankle_angle_l: RMSE = 89.8637 Nm, R2 = 0.0142276
 Synergy accuracy:
  - Mean RMSE = 0.0109533
  - Mean R2 = 0.998691
=====================================================


Iteration 8:
 Total loss = 1933.5 (best: 2169.85, iterations without improvement: 1)
  - Moment error = 1874.74
  - Normalised fiber length penalty = 57.4165
  - Tendon strain penalty = 0.0276591
  - Synthesised excitations squared = 0.100795
  - Synergy exctraction = 1.07527
    - EMG tracking error = 0.307763
    - Primitives range penalty = 0.0646887
    - Muscle weightings range penalty = 0.70282
    - Synthesised excitations range penalty = 0
  - Parameters penalty = 0.144624
 Model accuracy:
  - Trial inputData: 
    - hip_flexion_r: RMSE = 306.973 Nm, R2 = 0.315036
    - hip_adduction_r: RMSE = 89.3381 Nm, R2 = 0.250642
    - hip_rotation_r: RMSE = 307.28 Nm, R2 = 0.396508
    - ankle_angle_r: RMSE = 67.7213 Nm, R2 = 0.129518
    - hip_flexion_l: RMSE = 367.841 Nm, R2 = 0.174909
    - hip_adduction_l: RMSE = 110.64 Nm, R2 = 0.0809567
    - hip_rotation_l: RMSE = 318.961 Nm, R2 = 0.54916
    - knee_angle_l: RMSE = 222.447 Nm, R2 = 0.000366959
    - ankle_angle_l: RMSE = 83.534 Nm, R2 = 0.0347053
 Synergy accuracy:
  - Mean RMSE = 0.00540416
  - Mean R2 = 0.999091
=====================================================


Iteration 9:
 Total loss = 1714.41 (best: 1933.5, iterations without improvement: 1)
  - Moment error = 1658.38
  - Normalised fiber length penalty = 53.8468
  - Tendon strain penalty = 0.026253
  - Synthesised excitations squared = 0.114266
  - Synergy exctraction = 1.95494
    - EMG tracking error = 0.863248
    - Primitives range penalty = 0.205771
    - Muscle weightings range penalty = 0.885919
    - Synthesised excitations range penalty = 0
  - Parameters penalty = 0.0858472
 Model accuracy:
  - Trial inputData: 
    - hip_flexion_r: RMSE = 249.211 Nm, R2 = 0.281756
    - hip_adduction_r: RMSE = 92.531 Nm, R2 = 0.30188
    - hip_rotation_r: RMSE = 278.44 Nm, R2 = 0.393101
    - ankle_angle_r: RMSE = 66.5794 Nm, R2 = 0.115787
    - hip_flexion_l: RMSE = 291.59 Nm, R2 = 0.140058
    - hip_adduction_l: RMSE = 102.013 Nm, R2 = 0.130433
    - hip_rotation_l: RMSE = 288.783 Nm, R2 = 0.544135
    - knee_angle_l: RMSE = 207.706 Nm, R2 = 0.00068079
    - ankle_angle_l: RMSE = 81.529 Nm, R2 = 0.0621321
 Synergy accuracy:
  - Mean RMSE = 0.00958217
  - Mean R2 = 0.999333
=====================================================


Iteration 10:
 Total loss = 1602.07 (best: 1714.41, iterations without improvement: 1)
  - Moment error = 1548.99
  - Normalised fiber length penalty = 50.4427
  - Tendon strain penalty = 0.0259617
  - Synthesised excitations squared = 0.124479
  - Synergy exctraction = 2.27908
    - EMG tracking error = 1.1998
    - Primitives range penalty = 0.274694
    - Muscle weightings range penalty = 0.804586
    - Synthesised excitations range penalty = 0
  - Parameters penalty = 0.206734
 Model accuracy:
  - Trial inputData: 
    - hip_flexion_r: RMSE = 215.06 Nm, R2 = 0.263378
    - hip_adduction_r: RMSE = 94.1307 Nm, R2 = 0.336553
    - hip_rotation_r: RMSE = 267.201 Nm, R2 = 0.389253
    - ankle_angle_r: RMSE = 65.8518 Nm, R2 = 0.103499
    - hip_flexion_l: RMSE = 250.982 Nm, R2 = 0.105625
    - hip_adduction_l: RMSE = 101.368 Nm, R2 = 0.199497
    - hip_rotation_l: RMSE = 278.622 Nm, R2 = 0.540866
    - knee_angle_l: RMSE = 193.877 Nm, R2 = 0.00106238
    - ankle_angle_l: RMSE = 81.9016 Nm, R2 = 0.0892615
 Synergy accuracy:
  - Mean RMSE = 0.0113147
  - Mean R2 = 0.99939
=====================================================


Iteration 11:
 Total loss = 1555.73 (best: 1602.07, iterations without improvement: 1)
  - Moment error = 1505.9
  - Normalised fiber length penalty = 47.284
  - Tendon strain penalty = 0.0249566
  - Synthesised excitations squared = 0.131732
  - Synergy exctraction = 1.48587
    - EMG tracking error = 0.709409
    - Primitives range penalty = 0.200768
    - Muscle weightings range penalty = 0.575694
    - Synthesised excitations range penalty = 0
  - Parameters penalty = 0.902939
 Model accuracy:
  - Trial inputData: 
    - hip_flexion_r: RMSE = 202.071 Nm, R2 = 0.276646
    - hip_adduction_r: RMSE = 90.4858 Nm, R2 = 0.346366
    - hip_rotation_r: RMSE = 266.548 Nm, R2 = 0.386394
    - ankle_angle_r: RMSE = 65.4698 Nm, R2 = 0.0924925
    - hip_flexion_l: RMSE = 237.718 Nm, R2 = 0.0857762
    - hip_adduction_l: RMSE = 102.932 Nm, R2 = 0.242001
    - hip_rotation_l: RMSE = 278.065 Nm, R2 = 0.539354
    - knee_angle_l: RMSE = 181.191 Nm, R2 = 0.00128606
    - ankle_angle_l: RMSE = 81.4161 Nm, R2 = 0.0886385
 Synergy accuracy:
  - Mean RMSE = 0.00847771
  - Mean R2 = 0.99945
=====================================================


Iteration 12:
 Total loss = 1513.32 (best: 1555.73, iterations without improvement: 1)
  - Moment error = 1466.04
  - Normalised fiber length penalty = 44.4022
  - Tendon strain penalty = 0.0261384
  - Synthesised excitations squared = 0.136164
  - Synergy exctraction = 0.673977
    - EMG tracking error = 0.27906
    - Primitives range penalty = 0.0697205
    - Muscle weightings range penalty = 0.325196
    - Synthesised excitations range penalty = 0
  - Parameters penalty = 2.04127
 Model accuracy:
  - Trial inputData: 
    - hip_flexion_r: RMSE = 189.823 Nm, R2 = 0.290799
    - hip_adduction_r: RMSE = 87.6089 Nm, R2 = 0.353168
    - hip_rotation_r: RMSE = 266.016 Nm, R2 = 0.383614
    - ankle_angle_r: RMSE = 65.2839 Nm, R2 = 0.082692
    - hip_flexion_l: RMSE = 224.251 Nm, R2 = 0.0663052
    - hip_adduction_l: RMSE = 104.921 Nm, R2 = 0.280895
    - hip_rotation_l: RMSE = 277.381 Nm, R2 = 0.537625
    - knee_angle_l: RMSE = 170.114 Nm, R2 = 0.00163688
    - ankle_angle_l: RMSE = 80.6455 Nm, R2 = 0.0808609
 Synergy accuracy:
  - Mean RMSE = 0.00521032
  - Mean R2 = 0.999547
=====================================================


Iteration 13:
 Total loss = 1478.37 (best: 1513.32, iterations without improvement: 1)
  - Moment error = 1432.33
  - Normalised fiber length penalty = 41.8434
  - Tendon strain penalty = 0.024306
  - Synthesised excitations squared = 0.138133
  - Synergy exctraction = 0.556724
    - EMG tracking error = 0.400842
    - Primitives range penalty = 0.00401262
    - Muscle weightings range penalty = 0.15187
    - Synthesised excitations range penalty = 0
  - Parameters penalty = 3.4788
 Model accuracy:
  - Trial inputData: 
    - hip_flexion_r: RMSE = 178.311 Nm, R2 = 0.304637
    - hip_adduction_r: RMSE = 85.8074 Nm, R2 = 0.358052
    - hip_rotation_r: RMSE = 265.57 Nm, R2 = 0.380963
    - ankle_angle_r: RMSE = 65.0967 Nm, R2 = 0.0739418
    - hip_flexion_l: RMSE = 210.447 Nm, R2 = 0.0470976
    - hip_adduction_l: RMSE = 107.475 Nm, R2 = 0.315114
    - hip_rotation_l: RMSE = 276.661 Nm, R2 = 0.535724
    - knee_angle_l: RMSE = 163.096 Nm, R2 = 0.00227451
    - ankle_angle_l: RMSE = 79.8636 Nm, R2 = 0.0688117
 Synergy accuracy:
  - Mean RMSE = 0.00643885
  - Mean R2 = 0.999628
=====================================================


Iteration 14:
 Total loss = 1457.93 (best: 1478.37, iterations without improvement: 1)
  - Moment error = 1412.21
  - Normalised fiber length penalty = 39.6231
  - Tendon strain penalty = 0.0249892
  - Synthesised excitations squared = 0.137959
  - Synergy exctraction = 0.777119
    - EMG tracking error = 0.701491
    - Primitives range penalty = 0.00034297
    - Muscle weightings range penalty = 0.075285
    - Synthesised excitations range penalty = 0
  - Parameters penalty = 5.15881
 Model accuracy:
  - Trial inputData: 
    - hip_flexion_r: RMSE = 170.621 Nm, R2 = 0.296482
    - hip_adduction_r: RMSE = 88.0958 Nm, R2 = 0.36444
    - hip_rotation_r: RMSE = 265.39 Nm, R2 = 0.3791
    - ankle_angle_r: RMSE = 64.3684 Nm, R2 = 0.0660886
    - hip_flexion_l: RMSE = 196.406 Nm, R2 = 0.0293939
    - hip_adduction_l: RMSE = 110.746 Nm, R2 = 0.344732
    - hip_rotation_l: RMSE = 276.12 Nm, R2 = 0.534115
    - knee_angle_l: RMSE = 161.28 Nm, R2 = 0.00330898
    - ankle_angle_l: RMSE = 79.185 Nm, R2 = 0.0507726
 Synergy accuracy:
  - Mean RMSE = 0.00881441
  - Mean R2 = 0.999661
=====================================================


Iteration 15:
 Total loss = 1439.12 (best: 1457.93, iterations without improvement: 1)
  - Moment error = 1393.4
  - Normalised fiber length penalty = 37.7487
  - Tendon strain penalty = 0.0242654
  - Synthesised excitations squared = 0.136475
  - Synergy exctraction = 0.766661
    - EMG tracking error = 0.702103
    - Primitives range penalty = 0.000179548
    - Muscle weightings range penalty = 0.0643782
    - Synthesised excitations range penalty = 0
  - Parameters penalty = 7.04279
 Model accuracy:
  - Trial inputData: 
    - hip_flexion_r: RMSE = 163.36 Nm, R2 = 0.284821
    - hip_adduction_r: RMSE = 90.8665 Nm, R2 = 0.367408
    - hip_rotation_r: RMSE = 264.994 Nm, R2 = 0.377098
    - ankle_angle_r: RMSE = 63.6898 Nm, R2 = 0.0580918
    - hip_flexion_l: RMSE = 182.166 Nm, R2 = 0.0144429
    - hip_adduction_l: RMSE = 114.606 Nm, R2 = 0.369235
    - hip_rotation_l: RMSE = 275.715 Nm, R2 = 0.532531
    - knee_angle_l: RMSE = 159.886 Nm, R2 = 0.00473971
    - ankle_angle_l: RMSE = 78.1205 Nm, R2 = 0.0324836
 Synergy accuracy:
  - Mean RMSE = 0.0083805
  - Mean R2 = 0.999658
=====================================================


Iteration 16:
 Total loss = 1421.16 (best: 1439.12, iterations without improvement: 1)
  - Moment error = 1375.21
  - Normalised fiber length penalty = 36.2365
  - Tendon strain penalty = 0.0240886
  - Synthesised excitations squared = 0.134531
  - Synergy exctraction = 0.503699
    - EMG tracking error = 0.424714
    - Primitives range penalty = 5.72798e-05
    - Muscle weightings range penalty = 0.0789272
    - Synthesised excitations range penalty = 0
  - Parameters penalty = 9.05104
 Model accuracy:
  - Trial inputData: 
    - hip_flexion_r: RMSE = 156.237 Nm, R2 = 0.272669
    - hip_adduction_r: RMSE = 93.7568 Nm, R2 = 0.368032
    - hip_rotation_r: RMSE = 264.59 Nm, R2 = 0.375212
    - ankle_angle_r: RMSE = 63.2645 Nm, R2 = 0.0501785
    - hip_flexion_l: RMSE = 167.461 Nm, R2 = 0.0037552
    - hip_adduction_l: RMSE = 118.843 Nm, R2 = 0.388712
    - hip_rotation_l: RMSE = 275.235 Nm, R2 = 0.530536
    - knee_angle_l: RMSE = 159.031 Nm, R2 = 0.00671443
    - ankle_angle_l: RMSE = 76.7954 Nm, R2 = 0.0170118
 Synergy accuracy:
  - Mean RMSE = 0.00637172
  - Mean R2 = 0.999672
=====================================================


Iteration 17:
 Total loss = 1404.55 (best: 1421.16, iterations without improvement: 1)
  - Moment error = 1357.82
  - Normalised fiber length penalty = 35.1098
  - Tendon strain penalty = 0.0244442
  - Synthesised excitations squared = 0.132332
  - Synergy exctraction = 0.387861
    - EMG tracking error = 0.287243
    - Primitives range penalty = 0.00383403
    - Muscle weightings range penalty = 0.0967841
    - Synthesised excitations range penalty = 0
  - Parameters penalty = 11.0814
 Model accuracy:
  - Trial inputData: 
    - hip_flexion_r: RMSE = 149.262 Nm, R2 = 0.259578
    - hip_adduction_r: RMSE = 96.7689 Nm, R2 = 0.367123
    - hip_rotation_r: RMSE = 264.238 Nm, R2 = 0.373498
    - ankle_angle_r: RMSE = 62.958 Nm, R2 = 0.0423374
    - hip_flexion_l: RMSE = 152.267 Nm, R2 = 4.5572e-05
    - hip_adduction_l: RMSE = 123.364 Nm, R2 = 0.403577
    - hip_rotation_l: RMSE = 274.627 Nm, R2 = 0.528186
    - knee_angle_l: RMSE = 158.755 Nm, R2 = 0.009395
    - ankle_angle_l: RMSE = 75.5769 Nm, R2 = 0.00598128
 Synergy accuracy:
  - Mean RMSE = 0.00531304
  - Mean R2 = 0.999743
=====================================================


Iteration 18:
 Total loss = 1389.39 (best: 1404.55, iterations without improvement: 1)
  - Moment error = 1341.33
  - Normalised fiber length penalty = 34.3465
  - Tendon strain penalty = 0.0251129
  - Synthesised excitations squared = 0.129909
  - Synergy exctraction = 0.504076
    - EMG tracking error = 0.359997
    - Primitives range penalty = 0.0289502
    - Muscle weightings range penalty = 0.11513
    - Synthesised excitations range penalty = 0
  - Parameters penalty = 13.0523
 Model accuracy:
  - Trial inputData: 
    - hip_flexion_r: RMSE = 142.347 Nm, R2 = 0.245256
    - hip_adduction_r: RMSE = 99.8837 Nm, R2 = 0.364968
    - hip_rotation_r: RMSE = 263.876 Nm, R2 = 0.37195
    - ankle_angle_r: RMSE = 62.4376 Nm, R2 = 0.0346548
    - hip_flexion_l: RMSE = 136.636 Nm, R2 = 0.00749583
    - hip_adduction_l: RMSE = 128.163 Nm, R2 = 0.41492
    - hip_rotation_l: RMSE = 273.979 Nm, R2 = 0.52564
    - knee_angle_l: RMSE = 159.104 Nm, R2 = 0.0130004
    - ankle_angle_l: RMSE = 74.9034 Nm, R2 = 0.000510591
 Synergy accuracy:
  - Mean RMSE = 0.00603801
  - Mean R2 = 0.999801
=====================================================


Iteration 19:
 Total loss = 1375 (best: 1389.39, iterations without improvement: 1)
  - Moment error = 1325.46
  - Normalised fiber length penalty = 33.8764
  - Tendon strain penalty = 0.0249765
  - Synthesised excitations squared = 0.127018
  - Synergy exctraction = 0.591123
    - EMG tracking error = 0.366032
    - Primitives range penalty = 0.0751674
    - Muscle weightings range penalty = 0.149924
    - Synthesised excitations range penalty = 0
  - Parameters penalty = 14.9225
 Model accuracy:
  - Trial inputData: 
    - hip_flexion_r: RMSE = 135.411 Nm, R2 = 0.229503
    - hip_adduction_r: RMSE = 103.081 Nm, R2 = 0.361674
    - hip_rotation_r: RMSE = 263.427 Nm, R2 = 0.370517
    - ankle_angle_r: RMSE = 61.7779 Nm, R2 = 0.0267042
    - hip_flexion_l: RMSE = 120.449 Nm, R2 = 0.0331537
    - hip_adduction_l: RMSE = 133.151 Nm, R2 = 0.423432
    - hip_rotation_l: RMSE = 273.264 Nm, R2 = 0.522852
    - knee_angle_l: RMSE = 160.132 Nm, R2 = 0.017802
    - ankle_angle_l: RMSE = 74.7688 Nm, R2 = 0.000929366
 Synergy accuracy:
  - Mean RMSE = 0.00619303
  - Mean R2 = 0.999777
=====================================================


Iteration 20:
 Total loss = 1361.5 (best: 1375, iterations without improvement: 1)
  - Moment error = 1310.35
  - Normalised fiber length penalty = 33.718
  - Tendon strain penalty = 0.0257577
  - Synthesised excitations squared = 0.124228
  - Synergy exctraction = 0.594556
    - EMG tracking error = 0.299796
    - Primitives range penalty = 0.0991022
    - Muscle weightings range penalty = 0.195658
    - Synthesised excitations range penalty = 0
  - Parameters penalty = 16.6869
 Model accuracy:
  - Trial inputData: 
    - hip_flexion_r: RMSE = 128.432 Nm, R2 = 0.212061
    - hip_adduction_r: RMSE = 106.358 Nm, R2 = 0.357924
    - hip_rotation_r: RMSE = 262.955 Nm, R2 = 0.369164
    - ankle_angle_r: RMSE = 61.1388 Nm, R2 = 0.0191574
    - hip_flexion_l: RMSE = 103.628 Nm, R2 = 0.0888905
    - hip_adduction_l: RMSE = 138.31 Nm, R2 = 0.43047
    - hip_rotation_l: RMSE = 272.635 Nm, R2 = 0.520141
    - knee_angle_l: RMSE = 161.841 Nm, R2 = 0.0240844
    - ankle_angle_l: RMSE = 75.0499 Nm, R2 = 0.00618349
 Synergy accuracy:
  - Mean RMSE = 0.00519073
  - Mean R2 = 0.999724
=====================================================


Iteration 21:
 Total loss = 1348.2 (best: 1361.5, iterations without improvement: 1)
  - Moment error = 1295.29
  - Normalised fiber length penalty = 33.8784
  - Tendon strain penalty = 0.025748
  - Synthesised excitations squared = 0.121809
  - Synergy exctraction = 0.535633
    - EMG tracking error = 0.264922
    - Primitives range penalty = 0.0796469
    - Muscle weightings range penalty = 0.191065
    - Synthesised excitations range penalty = 0
  - Parameters penalty = 18.3496
 Model accuracy:
  - Trial inputData: 
    - hip_flexion_r: RMSE = 121.48 Nm, R2 = 0.192765
    - hip_adduction_r: RMSE = 109.781 Nm, R2 = 0.354381
    - hip_rotation_r: RMSE = 262.553 Nm, R2 = 0.367885
    - ankle_angle_r: RMSE = 60.5342 Nm, R2 = 0.01255
    - hip_flexion_l: RMSE = 85.6913 Nm, R2 = 0.195684
    - hip_adduction_l: RMSE = 143.382 Nm, R2 = 0.436471
    - hip_rotation_l: RMSE = 271.943 Nm, R2 = 0.517292
    - knee_angle_l: RMSE = 164.261 Nm, R2 = 0.0321006
    - ankle_angle_l: RMSE = 75.6616 Nm, R2 = 0.0145102
 Synergy accuracy:
  - Mean RMSE = 0.00520143
  - Mean R2 = 0.999718
=====================================================


Iteration 22:
 Total loss = 1334 (best: 1348.2, iterations without improvement: 1)
  - Moment error = 1279.12
  - Normalised fiber length penalty = 34.3604
  - Tendon strain penalty = 0.0256241
  - Synthesised excitations squared = 0.119596
  - Synergy exctraction = 0.493593
    - EMG tracking error = 0.263467
    - Primitives range penalty = 0.0385511
    - Muscle weightings range penalty = 0.191576
    - Synthesised excitations range penalty = 0
  - Parameters penalty = 19.8836
 Model accuracy:
  - Trial inputData: 
    - hip_flexion_r: RMSE = 114.338 Nm, R2 = 0.171272
    - hip_adduction_r: RMSE = 113.334 Nm, R2 = 0.35099
    - hip_rotation_r: RMSE = 262.108 Nm, R2 = 0.366835
    - ankle_angle_r: RMSE = 59.9489 Nm, R2 = 0.00763477
    - hip_flexion_l: RMSE = 66.4686 Nm, R2 = 0.376116
    - hip_adduction_l: RMSE = 147.962 Nm, R2 = 0.442246
    - hip_rotation_l: RMSE = 271.115 Nm, R2 = 0.514581
    - knee_angle_l: RMSE = 167.34 Nm, R2 = 0.0418024
    - ankle_angle_l: RMSE = 76.5063 Nm, R2 = 0.0243448
 Synergy accuracy:
  - Mean RMSE = 0.00502852
  - Mean R2 = 0.999754
=====================================================


Iteration 23:
 Total loss = 1317.61 (best: 1334, iterations without improvement: 1)
  - Moment error = 1260.59
  - Normalised fiber length penalty = 35.1707
  - Tendon strain penalty = 0.0263755
  - Synthesised excitations squared = 0.118094
  - Synergy exctraction = 0.435734
    - EMG tracking error = 0.249332
    - Primitives range penalty = 0.00942362
    - Muscle weightings range penalty = 0.176978
    - Synthesised excitations range penalty = 0
  - Parameters penalty = 21.2737
 Model accuracy:
  - Trial inputData: 
    - hip_flexion_r: RMSE = 106.84 Nm, R2 = 0.146765
    - hip_adduction_r: RMSE = 117.115 Nm, R2 = 0.348389
    - hip_rotation_r: RMSE = 261.6 Nm, R2 = 0.366195
    - ankle_angle_r: RMSE = 59.3257 Nm, R2 = 0.00453991
    - hip_flexion_l: RMSE = 47.9708 Nm, R2 = 0.598714
    - hip_adduction_l: RMSE = 151.033 Nm, R2 = 0.448252
    - hip_rotation_l: RMSE = 270.028 Nm, R2 = 0.512671
    - knee_angle_l: RMSE = 169.169 Nm, R2 = 0.0511562
    - ankle_angle_l: RMSE = 77.5033 Nm, R2 = 0.0343317
 Synergy accuracy:
  - Mean RMSE = 0.00506027
  - Mean R2 = 0.999778
=====================================================


Iteration 24:
 Total loss = 1301.95 (best: 1317.61, iterations without improvement: 1)
  - Moment error = 1242.6
  - Normalised fiber length penalty = 36.3232
  - Tendon strain penalty = 0.0271146
  - Synthesised excitations squared = 0.117585
  - Synergy exctraction = 0.36323
    - EMG tracking error = 0.218087
    - Primitives range penalty = 0.00131341
    - Muscle weightings range penalty = 0.143829
    - Synthesised excitations range penalty = 0
  - Parameters penalty = 22.5199
 Model accuracy:
  - Trial inputData: 
    - hip_flexion_r: RMSE = 98.9634 Nm, R2 = 0.117359
    - hip_adduction_r: RMSE = 121.238 Nm, R2 = 0.348162
    - hip_rotation_r: RMSE = 260.926 Nm, R2 = 0.366455
    - ankle_angle_r: RMSE = 58.5761 Nm, R2 = 0.00295028
    - hip_flexion_l: RMSE = 40.6535 Nm, R2 = 0.733807
    - hip_adduction_l: RMSE = 150.051 Nm, R2 = 0.447809
    - hip_rotation_l: RMSE = 268.128 Nm, R2 = 0.513735
    - knee_angle_l: RMSE = 165.545 Nm, R2 = 0.0552099
    - ankle_angle_l: RMSE = 78.5196 Nm, R2 = 0.0435037
 Synergy accuracy:
  - Mean RMSE = 0.00468867
  - Mean R2 = 0.999781
=====================================================


Iteration 25:
 Total loss = 1299.1 (best: 1301.95, iterations without improvement: 1)
  - Moment error = 1237.13
  - Normalised fiber length penalty = 37.8195
  - Tendon strain penalty = 0.0272791
  - Synthesised excitations squared = 0.118009
  - Synergy exctraction = 0.326261
    - EMG tracking error = 0.218944
    - Primitives range penalty = 0.000512721
    - Muscle weightings range penalty = 0.106805
    - Synthesised excitations range penalty = 0
  - Parameters penalty = 23.6849
 Model accuracy:
  - Trial inputData: 
    - hip_flexion_r: RMSE = 92.6322 Nm, R2 = 0.0845297
    - hip_adduction_r: RMSE = 125.625 Nm, R2 = 0.355106
    - hip_rotation_r: RMSE = 259.916 Nm, R2 = 0.368682
    - ankle_angle_r: RMSE = 57.7465 Nm, R2 = 0.00270576
    - hip_flexion_l: RMSE = 53.1457 Nm, R2 = 0.709391
    - hip_adduction_l: RMSE = 144.023 Nm, R2 = 0.403401
    - hip_rotation_l: RMSE = 265.648 Nm, R2 = 0.5189
    - knee_angle_l: RMSE = 159.03 Nm, R2 = 0.0552597
    - ankle_angle_l: RMSE = 79.364 Nm, R2 = 0.0512801
 Synergy accuracy:
  - Mean RMSE = 0.00462434
  - Mean R2 = 0.999794
=====================================================


Iteration 26:
 Total loss = 1290.14 (best: 1299.1, iterations without improvement: 1)
  - Moment error = 1224.68
  - Normalised fiber length penalty = 39.7245
  - Tendon strain penalty = 0.0276281
  - Synthesised excitations squared = 0.119333
  - Synergy exctraction = 0.314772
    - EMG tracking error = 0.233796
    - Primitives range penalty = 0.00607698
    - Muscle weightings range penalty = 0.0748991
    - Synthesised excitations range penalty = 0
  - Parameters penalty = 25.2742
 Model accuracy:
  - Trial inputData: 
    - hip_flexion_r: RMSE = 89.2424 Nm, R2 = 0.065902
    - hip_adduction_r: RMSE = 128.616 Nm, R2 = 0.356996
    - hip_rotation_r: RMSE = 259.289 Nm, R2 = 0.369245
    - ankle_angle_r: RMSE = 56.8359 Nm, R2 = 0.00332718
    - hip_flexion_l: RMSE = 52.3951 Nm, R2 = 0.69619
    - hip_adduction_l: RMSE = 140.758 Nm, R2 = 0.395282
    - hip_rotation_l: RMSE = 265.255 Nm, R2 = 0.517563
    - knee_angle_l: RMSE = 152.333 Nm, R2 = 0.0530925
    - ankle_angle_l: RMSE = 79.9548 Nm, R2 = 0.0572997
 Synergy accuracy:
  - Mean RMSE = 0.00491745
  - Mean R2 = 0.999803
=====================================================


Iteration 27:
 Total loss = 1277.33 (best: 1290.14, iterations without improvement: 1)
  - Moment error = 1208.09
  - Normalised fiber length penalty = 41.9221
  - Tendon strain penalty = 0.0276709
  - Synthesised excitations squared = 0.121679
  - Synergy exctraction = 0.276967
    - EMG tracking error = 0.206164
    - Primitives range penalty = 0.0185421
    - Muscle weightings range penalty = 0.0522608
    - Synthesised excitations range penalty = 0
  - Parameters penalty = 26.8919
 Model accuracy:
  - Trial inputData: 
    - hip_flexion_r: RMSE = 86.4487 Nm, R2 = 0.0531344
    - hip_adduction_r: RMSE = 131.078 Nm, R2 = 0.355806
    - hip_rotation_r: RMSE = 258.831 Nm, R2 = 0.368858
    - ankle_angle_r: RMSE = 56.9554 Nm, R2 = 0.00321608
    - hip_flexion_l: RMSE = 46.4958 Nm, R2 = 0.692323
    - hip_adduction_l: RMSE = 136.376 Nm, R2 = 0.385945
    - hip_rotation_l: RMSE = 264.997 Nm, R2 = 0.516253
    - knee_angle_l: RMSE = 146.685 Nm, R2 = 0.0500177
    - ankle_angle_l: RMSE = 80.2237 Nm, R2 = 0.0612062
 Synergy accuracy:
  - Mean RMSE = 0.00446154
  - Mean R2 = 0.999796
=====================================================


Iteration 28:
 Total loss = 1268.69 (best: 1277.33, iterations without improvement: 1)
  - Moment error = 1195.19
  - Normalised fiber length penalty = 44.4501
  - Tendon strain penalty = 0.0280849
  - Synthesised excitations squared = 0.125162
  - Synergy exctraction = 0.226134
    - EMG tracking error = 0.153448
    - Primitives range penalty = 0.0331049
    - Muscle weightings range penalty = 0.0395815
    - Synthesised excitations range penalty = 0
  - Parameters penalty = 28.6671
 Model accuracy:
  - Trial inputData: 
    - hip_flexion_r: RMSE = 83.919 Nm, R2 = 0.0473863
    - hip_adduction_r: RMSE = 132.432 Nm, R2 = 0.34972
    - hip_rotation_r: RMSE = 258.69 Nm, R2 = 0.367035
    - ankle_angle_r: RMSE = 57.0723 Nm, R2 = 0.00224999
    - hip_flexion_l: RMSE = 42.2528 Nm, R2 = 0.676582
    - hip_adduction_l: RMSE = 133.35 Nm, R2 = 0.408044
    - hip_rotation_l: RMSE = 265.552 Nm, R2 = 0.512498
    - knee_angle_l: RMSE = 141.891 Nm, R2 = 0.0471706
    - ankle_angle_l: RMSE = 80.0347 Nm, R2 = 0.0622618
 Synergy accuracy:
  - Mean RMSE = 0.00397877
  - Mean R2 = 0.999803
=====================================================


Iteration 29:
 Total loss = 1270.08 (best: 1268.69, iterations without improvement: 1)
  - Moment error = 1191.81
  - Normalised fiber length penalty = 47.1635
  - Tendon strain penalty = 0.0285621
  - Synthesised excitations squared = 0.129369
  - Synergy exctraction = 0.204555
    - EMG tracking error = 0.13014
    - Primitives range penalty = 0.0415226
    - Muscle weightings range penalty = 0.0328915
    - Synthesised excitations range penalty = 0
  - Parameters penalty = 30.7431
 Model accuracy:
  - Trial inputData: 
    - hip_flexion_r: RMSE = 82.3638 Nm, R2 = 0.0453022
    - hip_adduction_r: RMSE = 132.623 Nm, R2 = 0.342605
    - hip_rotation_r: RMSE = 258.48 Nm, R2 = 0.365363
    - ankle_angle_r: RMSE = 57.4995 Nm, R2 = 0.000854862
    - hip_flexion_l: RMSE = 47.5054 Nm, R2 = 0.610813
    - hip_adduction_l: RMSE = 129.985 Nm, R2 = 0.416421
    - hip_rotation_l: RMSE = 265.773 Nm, R2 = 0.5107
    - knee_angle_l: RMSE = 138.419 Nm, R2 = 0.0447402
    - ankle_angle_l: RMSE = 79.1655 Nm, R2 = 0.060022
 Synergy accuracy:
  - Mean RMSE = 0.00353822
  - Mean R2 = 0.999835
=====================================================


Iteration 30:
 Total loss = 1273.43 (best: 1268.69, iterations without improvement: 2)
  - Moment error = 1189.8
  - Normalised fiber length penalty = 50.0118
  - Tendon strain penalty = 0.0288604
  - Synthesised excitations squared = 0.134296
  - Synergy exctraction = 0.23414
    - EMG tracking error = 0.163278
    - Primitives range penalty = 0.0372301
    - Muscle weightings range penalty = 0.0336325
    - Synthesised excitations range penalty = 0
  - Parameters penalty = 33.2255
 Model accuracy:
  - Trial inputData: 
    - hip_flexion_r: RMSE = 81.7959 Nm, R2 = 0.0445898
    - hip_adduction_r: RMSE = 132.26 Nm, R2 = 0.337854
    - hip_rotation_r: RMSE = 258.187 Nm, R2 = 0.364678
    - ankle_angle_r: RMSE = 57.8849 Nm, R2 = 7.08902e-07
    - hip_flexion_l: RMSE = 53.5842 Nm, R2 = 0.547199
    - hip_adduction_l: RMSE = 126.225 Nm, R2 = 0.416569
    - hip_rotation_l: RMSE = 265.97 Nm, R2 = 0.509392
    - knee_angle_l: RMSE = 136.883 Nm, R2 = 0.0430155
    - ankle_angle_l: RMSE = 77.0092 Nm, R2 = 0.0552134
 Synergy accuracy:
  - Mean RMSE = 0.00411186
  - Mean R2 = 0.999857
=====================================================


Iteration 31:
 Total loss = 1274.66 (best: 1268.69, iterations without improvement: 3)
  - Moment error = 1185.3
  - Normalised fiber length penalty = 52.9688
  - Tendon strain penalty = 0.0294866
  - Synthesised excitations squared = 0.14
  - Synergy exctraction = 0.24031
    - EMG tracking error = 0.177104
    - Primitives range penalty = 0.0228141
    - Muscle weightings range penalty = 0.0375462
    - Synthesised excitations range penalty = 0.0028464
  - Parameters penalty = 35.9795
 Model accuracy:
  - Trial inputData: 
    - hip_flexion_r: RMSE = 81.7037 Nm, R2 = 0.0442805
    - hip_adduction_r: RMSE = 131.657 Nm, R2 = 0.335131
    - hip_rotation_r: RMSE = 257.903 Nm, R2 = 0.364455
    - ankle_angle_r: RMSE = 58.1419 Nm, R2 = 0.00101829
    - hip_flexion_l: RMSE = 56.0583 Nm, R2 = 0.528254
    - hip_adduction_l: RMSE = 121.915 Nm, R2 = 0.407279
    - hip_rotation_l: RMSE = 266.288 Nm, R2 = 0.506609
    - knee_angle_l: RMSE = 135.654 Nm, R2 = 0.0419147
    - ankle_angle_l: RMSE = 75.9752 Nm, R2 = 0.0526119
 Synergy accuracy:
  - Mean RMSE = 0.00403679
  - Mean R2 = 0.999862
=====================================================


Iteration 32:
 Total loss = 1271.64 (best: 1268.69, iterations without improvement: 4)
  - Moment error = 1176.65
  - Normalised fiber length penalty = 56.0434
  - Tendon strain penalty = 0.0296564
  - Synthesised excitations squared = 0.146366
  - Synergy exctraction = 0.343382
    - EMG tracking error = 0.12884
    - Primitives range penalty = 0.00906285
    - Muscle weightings range penalty = 0.0346926
    - Synthesised excitations range penalty = 0.170786
  - Parameters penalty = 38.4248
 Model accuracy:
  - Trial inputData: 
    - hip_flexion_r: RMSE = 81.7649 Nm, R2 = 0.0443324
    - hip_adduction_r: RMSE = 130.808 Nm, R2 = 0.333805
    - hip_rotation_r: RMSE = 257.551 Nm, R2 = 0.364449
    - ankle_angle_r: RMSE = 58.3253 Nm, R2 = 0.00319858
    - hip_flexion_l: RMSE = 54.8338 Nm, R2 = 0.541201
    - hip_adduction_l: RMSE = 116.544 Nm, R2 = 0.372364
    - hip_rotation_l: RMSE = 267.129 Nm, R2 = 0.500597
    - knee_angle_l: RMSE = 134.796 Nm, R2 = 0.0413731
    - ankle_angle_l: RMSE = 74.9007 Nm, R2 = 0.0470352
 Synergy accuracy:
  - Mean RMSE = 0.00344186
  - Mean R2 = 0.999882
=====================================================


Iteration 33:
 Total loss = 1273.88 (best: 1268.69, iterations without improvement: 5)
  - Moment error = 1173.07
  - Normalised fiber length penalty = 59.2709
  - Tendon strain penalty = 0.0300589
  - Synthesised excitations squared = 0.146717
  - Synergy exctraction = 0.250588
    - EMG tracking error = 0.086296
    - Primitives range penalty = 0.00585807
    - Muscle weightings range penalty = 0.0456301
    - Synthesised excitations range penalty = 0.112803
  - Parameters penalty = 41.1038
 Model accuracy:
  - Trial inputData: 
    - hip_flexion_r: RMSE = 81.749 Nm, R2 = 0.0433998
    - hip_adduction_r: RMSE = 130.155 Nm, R2 = 0.331626
    - hip_rotation_r: RMSE = 257.325 Nm, R2 = 0.364515
    - ankle_angle_r: RMSE = 58.4802 Nm, R2 = 0.00443496
    - hip_flexion_l: RMSE = 56.8124 Nm, R2 = 0.518384
    - hip_adduction_l: RMSE = 113.337 Nm, R2 = 0.359965
    - hip_rotation_l: RMSE = 266.759 Nm, R2 = 0.500759
    - knee_angle_l: RMSE = 133.846 Nm, R2 = 0.0412732
    - ankle_angle_l: RMSE = 74.6101 Nm, R2 = 0.0450245
 Synergy accuracy:
  - Mean RMSE = 0.00290991
  - Mean R2 = 0.999898
=====================================================


Iteration 34:
 Total loss = 1275.35 (best: 1268.69, iterations without improvement: 6)
  - Moment error = 1168.46
  - Normalised fiber length penalty = 62.6306
  - Tendon strain penalty = 0.030486
  - Synthesised excitations squared = 0.143589
  - Synergy exctraction = 0.280673
    - EMG tracking error = 0.169121
    - Primitives range penalty = 0.015171
    - Muscle weightings range penalty = 0.0655818
    - Synthesised excitations range penalty = 0.0307991
  - Parameters penalty = 43.8044
 Model accuracy:
  - Trial inputData: 
    - hip_flexion_r: RMSE = 81.5887 Nm, R2 = 0.0421117
    - hip_adduction_r: RMSE = 129.299 Nm, R2 = 0.32983
    - hip_rotation_r: RMSE = 257.053 Nm, R2 = 0.364574
    - ankle_angle_r: RMSE = 58.5728 Nm, R2 = 0.00406633
    - hip_flexion_l: RMSE = 57.7696 Nm, R2 = 0.505483
    - hip_adduction_l: RMSE = 110.458 Nm, R2 = 0.34772
    - hip_rotation_l: RMSE = 266.109 Nm, R2 = 0.501887
    - knee_angle_l: RMSE = 132.639 Nm, R2 = 0.0413224
    - ankle_angle_l: RMSE = 74.9719 Nm, R2 = 0.0449491
 Synergy accuracy:
  - Mean RMSE = 0.00421105
  - Mean R2 = 0.99977
=====================================================


Iteration 35:
 Total loss = 1278.82 (best: 1268.69, iterations without improvement: 7)
  - Moment error = 1165.58
  - Normalised fiber length penalty = 66.0619
  - Tendon strain penalty = 0.0314595
  - Synthesised excitations squared = 0.139926
  - Synergy exctraction = 0.346686
    - EMG tracking error = 0.228824
    - Primitives range penalty = 0.0325806
    - Muscle weightings range penalty = 0.0840203
    - Synthesised excitations range penalty = 0.00126133
  - Parameters penalty = 46.6553
 Model accuracy:
  - Trial inputData: 
    - hip_flexion_r: RMSE = 81.2387 Nm, R2 = 0.0404856
    - hip_adduction_r: RMSE = 128.306 Nm, R2 = 0.329374
    - hip_rotation_r: RMSE = 256.776 Nm, R2 = 0.364571
    - ankle_angle_r: RMSE = 58.7182 Nm, R2 = 0.00288735
    - hip_flexion_l: RMSE = 60.4258 Nm, R2 = 0.478228
    - hip_adduction_l: RMSE = 109.279 Nm, R2 = 0.362414
    - hip_rotation_l: RMSE = 264.27 Nm, R2 = 0.508662
    - knee_angle_l: RMSE = 131.827 Nm, R2 = 0.0413892
    - ankle_angle_l: RMSE = 74.7412 Nm, R2 = 0.0433598
 Synergy accuracy:
  - Mean RMSE = 0.00473229
  - Mean R2 = 0.999708
=====================================================


Iteration 36:
 Total loss = 1279.5 (best: 1268.69, iterations without improvement: 8)
  - Moment error = 1160.3
  - Normalised fiber length penalty = 69.5373
  - Tendon strain penalty = 0.0311464
  - Synthesised excitations squared = 0.136357
  - Synergy exctraction = 0.30101
    - EMG tracking error = 0.157592
    - Primitives range penalty = 0.0489326
    - Muscle weightings range penalty = 0.094485
    - Synthesised excitations range penalty = 0
  - Parameters penalty = 49.1927
 Model accuracy:
  - Trial inputData: 
    - hip_flexion_r: RMSE = 80.6189 Nm, R2 = 0.0382882
    - hip_adduction_r: RMSE = 127.122 Nm, R2 = 0.33046
    - hip_rotation_r: RMSE = 256.535 Nm, R2 = 0.364439
    - ankle_angle_r: RMSE = 58.9147 Nm, R2 = 0.0015853
    - hip_flexion_l: RMSE = 62.0445 Nm, R2 = 0.446547
    - hip_adduction_l: RMSE = 107.41 Nm, R2 = 0.353075
    - hip_rotation_l: RMSE = 262.318 Nm, R2 = 0.515108
    - knee_angle_l: RMSE = 131.151 Nm, R2 = 0.0415966
    - ankle_angle_l: RMSE = 74.1883 Nm, R2 = 0.0403423
 Synergy accuracy:
  - Mean RMSE = 0.00381961
  - Mean R2 = 0.999786
=====================================================


Iteration 37:
 Total loss = 1276 (best: 1268.69, iterations without improvement: 9)
  - Moment error = 1151.25
  - Normalised fiber length penalty = 73.0421
  - Tendon strain penalty = 0.0319555
  - Synthesised excitations squared = 0.133011
  - Synergy exctraction = 0.239739
    - EMG tracking error = 0.0947455
    - Primitives range penalty = 0.0518122
    - Muscle weightings range penalty = 0.0931534
    - Synthesised excitations range penalty = 2.81674e-05
  - Parameters penalty = 51.3019
 Model accuracy:
  - Trial inputData: 
    - hip_flexion_r: RMSE = 79.5193 Nm, R2 = 0.0348513
    - hip_adduction_r: RMSE = 125.669 Nm, R2 = 0.333061
    - hip_rotation_r: RMSE = 256.254 Nm, R2 = 0.3642
    - ankle_angle_r: RMSE = 59.1549 Nm, R2 = 0.000808219
    - hip_flexion_l: RMSE = 61.4805 Nm, R2 = 0.43157
    - hip_adduction_l: RMSE = 104.752 Nm, R2 = 0.314601
    - hip_rotation_l: RMSE = 260.444 Nm, R2 = 0.521255
    - knee_angle_l: RMSE = 130.563 Nm, R2 = 0.0419965
    - ankle_angle_l: RMSE = 73.4159 Nm, R2 = 0.0361172
 Synergy accuracy:
  - Mean RMSE = 0.00306729
  - Mean R2 = 0.999867
=====================================================


Iteration 38:
 Total loss = 1274.61 (best: 1268.69, iterations without improvement: 10)
  - Moment error = 1144.54
  - Normalised fiber length penalty = 76.5083
  - Tendon strain penalty = 0.0322929
  - Synthesised excitations squared = 0.130128
  - Synergy exctraction = 0.238619
    - EMG tracking error = 0.118308
    - Primitives range penalty = 0.0407185
    - Muscle weightings range penalty = 0.0794402
    - Synthesised excitations range penalty = 0.000152247
  - Parameters penalty = 53.1606
 Model accuracy:
  - Trial inputData: 
    - hip_flexion_r: RMSE = 77.6898 Nm, R2 = 0.0293375
    - hip_adduction_r: RMSE = 123.832 Nm, R2 = 0.337414
    - hip_rotation_r: RMSE = 255.908 Nm, R2 = 0.363982
    - ankle_angle_r: RMSE = 59.394 Nm, R2 = 0.000399505
    - hip_flexion_l: RMSE = 61.921 Nm, R2 = 0.414151
    - hip_adduction_l: RMSE = 103.682 Nm, R2 = 0.302836
    - hip_rotation_l: RMSE = 259.595 Nm, R2 = 0.52342
    - knee_angle_l: RMSE = 130.204 Nm, R2 = 0.04252
    - ankle_angle_l: RMSE = 72.3196 Nm, R2 = 0.0309685
 Synergy accuracy:
  - Mean RMSE = 0.00352621
  - Mean R2 = 0.999878
=====================================================


Iteration 39:
 Total loss = 1271.5 (best: 1268.69, iterations without improvement: 11)
  - Moment error = 1136.63
  - Normalised fiber length penalty = 79.8665
  - Tendon strain penalty = 0.0323499
  - Synthesised excitations squared = 0.127902
  - Synergy exctraction = 0.228693
    - EMG tracking error = 0.146103
    - Primitives range penalty = 0.0255413
    - Muscle weightings range penalty = 0.0569973
    - Synthesised excitations range penalty = 5.07905e-05
  - Parameters penalty = 54.6113
 Model accuracy:
  - Trial inputData: 
    - hip_flexion_r: RMSE = 74.8113 Nm, R2 = 0.0206141
    - hip_adduction_r: RMSE = 121.368 Nm, R2 = 0.343897
    - hip_rotation_r: RMSE = 255.436 Nm, R2 = 0.364004
    - ankle_angle_r: RMSE = 59.6387 Nm, R2 = 0.000162234
    - hip_flexion_l: RMSE = 62.0492 Nm, R2 = 0.40597
    - hip_adduction_l: RMSE = 102.911 Nm, R2 = 0.298327
    - hip_rotation_l: RMSE = 259.076 Nm, R2 = 0.524168
    - knee_angle_l: RMSE = 129.848 Nm, R2 = 0.0425039
    - ankle_angle_l: RMSE = 71.4926 Nm, R2 = 0.025845
 Synergy accuracy:
  - Mean RMSE = 0.00366097
  - Mean R2 = 0.999864
=====================================================


Iteration 40:
 Total loss = 1266.47 (best: 1268.69, iterations without improvement: 12)
  - Moment error = 1127.31
  - Normalised fiber length penalty = 83.0788
  - Tendon strain penalty = 0.0334083
  - Synthesised excitations squared = 0.126346
  - Synergy exctraction = 0.182405
    - EMG tracking error = 0.124432
    - Primitives range penalty = 0.0184339
    - Muscle weightings range penalty = 0.0395387
    - Synthesised excitations range penalty = 7.23367e-07
  - Parameters penalty = 55.7464
 Model accuracy:
  - Trial inputData: 
    - hip_flexion_r: RMSE = 70.8309 Nm, R2 = 0.00855811
    - hip_adduction_r: RMSE = 117.694 Nm, R2 = 0.350687
    - hip_rotation_r: RMSE = 254.677 Nm, R2 = 0.365325
    - ankle_angle_r: RMSE = 59.9585 Nm, R2 = 4.33091e-05
    - hip_flexion_l: RMSE = 61.9567 Nm, R2 = 0.404963
    - hip_adduction_l: RMSE = 102.814 Nm, R2 = 0.308311
    - hip_rotation_l: RMSE = 258.952 Nm, R2 = 0.523242
    - knee_angle_l: RMSE = 129.246 Nm, R2 = 0.0425176
    - ankle_angle_l: RMSE = 71.1776 Nm, R2 = 0.0215589
 Synergy accuracy:
  - Mean RMSE = 0.00332454
  - Mean R2 = 0.999873
=====================================================


Iteration 41:
 Total loss = 1262.6 (best: 1266.47, iterations without improvement: 1)
  - Moment error = 1119.55
  - Normalised fiber length penalty = 86.1137
  - Tendon strain penalty = 0.0334582
  - Synthesised excitations squared = 0.125305
  - Synergy exctraction = 0.128205
    - EMG tracking error = 0.0872092
    - Primitives range penalty = 0.0174106
    - Muscle weightings range penalty = 0.0235242
    - Synthesised excitations range penalty = 6.14701e-05
  - Parameters penalty = 56.6571
 Model accuracy:
  - Trial inputData: 
    - hip_flexion_r: RMSE = 69.1113 Nm, R2 = 0.000450916
    - hip_adduction_r: RMSE = 111.779 Nm, R2 = 0.334535
    - hip_rotation_r: RMSE = 253.056 Nm, R2 = 0.371662
    - ankle_angle_r: RMSE = 60.2459 Nm, R2 = 2.27277e-06
    - hip_flexion_l: RMSE = 62.4489 Nm, R2 = 0.400232
    - hip_adduction_l: RMSE = 103.851 Nm, R2 = 0.335775
    - hip_rotation_l: RMSE = 259.341 Nm, R2 = 0.520479
    - knee_angle_l: RMSE = 128.254 Nm, R2 = 0.0426105
    - ankle_angle_l: RMSE = 71.4585 Nm, R2 = 0.0182912
 Synergy accuracy:
  - Mean RMSE = 0.00290502
  - Mean R2 = 0.999892
=====================================================


Iteration 42:
 Total loss = 1263.03 (best: 1262.6, iterations without improvement: 1)
  - Moment error = 1116.56
  - Normalised fiber length penalty = 88.9856
  - Tendon strain penalty = 0.0342696
  - Synthesised excitations squared = 0.124545
  - Synergy exctraction = 0.133255
    - EMG tracking error = 0.0913753
    - Primitives range penalty = 0.0206975
    - Muscle weightings range penalty = 0.0207987
    - Synthesised excitations range penalty = 0.000383391
  - Parameters penalty = 57.1868
 Model accuracy:
  - Trial inputData: 
    - hip_flexion_r: RMSE = 73.3079 Nm, R2 = 1.29825e-05
    - hip_adduction_r: RMSE = 107.12 Nm, R2 = 0.268004
    - hip_rotation_r: RMSE = 251.202 Nm, R2 = 0.381357
    - ankle_angle_r: RMSE = 60.4842 Nm, R2 = 0.000141723
    - hip_flexion_l: RMSE = 61.5923 Nm, R2 = 0.408124
    - hip_adduction_l: RMSE = 104.429 Nm, R2 = 0.346791
    - hip_rotation_l: RMSE = 259.447 Nm, R2 = 0.518707
    - knee_angle_l: RMSE = 127.322 Nm, R2 = 0.042808
    - ankle_angle_l: RMSE = 71.6578 Nm, R2 = 0.0155961
 Synergy accuracy:
  - Mean RMSE = 0.00313997
  - Mean R2 = 0.999892
=====================================================


Iteration 43:
 Total loss = 1260.3 (best: 1262.6, iterations without improvement: 2)
  - Moment error = 1110.94
  - Normalised fiber length penalty = 91.6988
  - Tendon strain penalty = 0.0345237
  - Synthesised excitations squared = 0.123862
  - Synergy exctraction = 0.169275
    - EMG tracking error = 0.117262
    - Primitives range penalty = 0.0305298
    - Muscle weightings range penalty = 0.0212029
    - Synthesised excitations range penalty = 0.000280724
  - Parameters penalty = 57.3345
 Model accuracy:
  - Trial inputData: 
    - hip_flexion_r: RMSE = 73.7682 Nm, R2 = 0.000374046
    - hip_adduction_r: RMSE = 104.245 Nm, R2 = 0.265344
    - hip_rotation_r: RMSE = 251.187 Nm, R2 = 0.381901
    - ankle_angle_r: RMSE = 60.7066 Nm, R2 = 0.000610522
    - hip_flexion_l: RMSE = 59.0158 Nm, R2 = 0.437028
    - hip_adduction_l: RMSE = 104.437 Nm, R2 = 0.346873
    - hip_rotation_l: RMSE = 259.366 Nm, R2 = 0.517562
    - knee_angle_l: RMSE = 126.499 Nm, R2 = 0.0432854
    - ankle_angle_l: RMSE = 71.7183 Nm, R2 = 0.0138551
 Synergy accuracy:
  - Mean RMSE = 0.00333274
  - Mean R2 = 0.999889
=====================================================


Iteration 44:
 Total loss = 1255.29 (best: 1260.3, iterations without improvement: 1)
  - Moment error = 1103.47
  - Normalised fiber length penalty = 94.2594
  - Tendon strain penalty = 0.0349144
  - Synthesised excitations squared = 0.123202
  - Synergy exctraction = 0.166823
    - EMG tracking error = 0.0995267
    - Primitives range penalty = 0.042198
    - Muscle weightings range penalty = 0.0250423
    - Synthesised excitations range penalty = 5.61015e-05
  - Parameters penalty = 57.243
 Model accuracy:
  - Trial inputData: 
    - hip_flexion_r: RMSE = 72.7456 Nm, R2 = 0.00276541
    - hip_adduction_r: RMSE = 102.19 Nm, R2 = 0.304285
    - hip_rotation_r: RMSE = 252.191 Nm, R2 = 0.377425
    - ankle_angle_r: RMSE = 60.8235 Nm, R2 = 0.00201525
    - hip_flexion_l: RMSE = 55.0206 Nm, R2 = 0.485233
    - hip_adduction_l: RMSE = 103.764 Nm, R2 = 0.33666
    - hip_rotation_l: RMSE = 259.149 Nm, R2 = 0.516963
    - knee_angle_l: RMSE = 125.847 Nm, R2 = 0.0440904
    - ankle_angle_l: RMSE = 71.7364 Nm, R2 = 0.0131964
 Synergy accuracy:
  - Mean RMSE = 0.00294797
  - Mean R2 = 0.999903
=====================================================


Iteration 45:
 Total loss = 1251.69 (best: 1255.29, iterations without improvement: 1)
  - Moment error = 1097.82
  - Normalised fiber length penalty = 96.6473
  - Tendon strain penalty = 0.0348153
  - Synthesised excitations squared = 0.122439
  - Synergy exctraction = 0.127726
    - EMG tracking error = 0.0572679
    - Primitives range penalty = 0.0452985
    - Muscle weightings range penalty = 0.0251592
    - Synthesised excitations range penalty = 0
  - Parameters penalty = 56.9368
 Model accuracy:
  - Trial inputData: 
    - hip_flexion_r: RMSE = 73.4776 Nm, R2 = 0.0095748
    - hip_adduction_r: RMSE = 101.13 Nm, R2 = 0.331292
    - hip_rotation_r: RMSE = 253.14 Nm, R2 = 0.373529
    - ankle_angle_r: RMSE = 60.8416 Nm, R2 = 0.00496738
    - hip_flexion_l: RMSE = 51.09 Nm, R2 = 0.535727
    - hip_adduction_l: RMSE = 102.414 Nm, R2 = 0.313313
    - hip_rotation_l: RMSE = 258.778 Nm, R2 = 0.516459
    - knee_angle_l: RMSE = 125.249 Nm, R2 = 0.0451139
    - ankle_angle_l: RMSE = 71.6985 Nm, R2 = 0.013641
 Synergy accuracy:
  - Mean RMSE = 0.00235532
  - Mean R2 = 0.999918
=====================================================


Iteration 46:
 Total loss = 1251.27 (best: 1251.69, iterations without improvement: 1)
  - Moment error = 1095.82
  - Normalised fiber length penalty = 98.8532
  - Tendon strain penalty = 0.0352633
  - Synthesised excitations squared = 0.121537
  - Synergy exctraction = 0.125797
    - EMG tracking error = 0.0594586
    - Primitives range penalty = 0.0367429
    - Muscle weightings range penalty = 0.0295955
    - Synthesised excitations range penalty = 0
  - Parameters penalty = 56.3161
 Model accuracy:
  - Trial inputData: 
    - hip_flexion_r: RMSE = 75.7051 Nm, R2 = 0.0196331
    - hip_adduction_r: RMSE = 100.217 Nm, R2 = 0.33935
    - hip_rotation_r: RMSE = 253.755 Nm, R2 = 0.371466
    - ankle_angle_r: RMSE = 60.8281 Nm, R2 = 0.00916161
    - hip_flexion_l: RMSE = 50.0595 Nm, R2 = 0.564734
    - hip_adduction_l: RMSE = 100.465 Nm, R2 = 0.272646
    - hip_rotation_l: RMSE = 258.498 Nm, R2 = 0.516003
    - knee_angle_l: RMSE = 124.731 Nm, R2 = 0.0462292
    - ankle_angle_l: RMSE = 71.5603 Nm, R2 = 0.0152958
 Synergy accuracy:
  - Mean RMSE = 0.00253679
  - Mean R2 = 0.999924
=====================================================


Iteration 47:
 Total loss = 1256.15 (best: 1251.27, iterations without improvement: 1)
  - Moment error = 1099.72
  - Normalised fiber length penalty = 100.835
  - Tendon strain penalty = 0.0361329
  - Synthesised excitations squared = 0.120565
  - Synergy exctraction = 0.143588
    - EMG tracking error = 0.0856172
    - Primitives range penalty = 0.0239819
    - Muscle weightings range penalty = 0.0339887
    - Synthesised excitations range penalty = 0
  - Parameters penalty = 55.2976
 Model accuracy:
  - Trial inputData: 
    - hip_flexion_r: RMSE = 78.2154 Nm, R2 = 0.0297976
    - hip_adduction_r: RMSE = 99.3344 Nm, R2 = 0.338728
    - hip_rotation_r: RMSE = 254.152 Nm, R2 = 0.370331
    - ankle_angle_r: RMSE = 60.8088 Nm, R2 = 0.013632
    - hip_flexion_l: RMSE = 55.0313 Nm, R2 = 0.557825
    - hip_adduction_l: RMSE = 98.0295 Nm, R2 = 0.209551
    - hip_rotation_l: RMSE = 258.436 Nm, R2 = 0.514954
    - knee_angle_l: RMSE = 124.315 Nm, R2 = 0.0472618
    - ankle_angle_l: RMSE = 71.3955 Nm, R2 = 0.0182547
 Synergy accuracy:
  - Mean RMSE = 0.00286113
  - Mean R2 = 0.99993
=====================================================


Iteration 48:
 Total loss = 1262.16 (best: 1251.27, iterations without improvement: 2)
  - Moment error = 1105.88
  - Normalised fiber length penalty = 101.993
  - Tendon strain penalty = 0.0360049
  - Synthesised excitations squared = 0.119678
  - Synergy exctraction = 0.125693
    - EMG tracking error = 0.0740527
    - Primitives range penalty = 0.0182365
    - Muscle weightings range penalty = 0.0334043
    - Synthesised excitations range penalty = 0
  - Parameters penalty = 54.0138
 Model accuracy:
  - Trial inputData: 
    - hip_flexion_r: RMSE = 80.3926 Nm, R2 = 0.0378948
    - hip_adduction_r: RMSE = 98.4411 Nm, R2 = 0.33473
    - hip_rotation_r: RMSE = 254.38 Nm, R2 = 0.369658
    - ankle_angle_r: RMSE = 60.7149 Nm, R2 = 0.013893
    - hip_flexion_l: RMSE = 61.6484 Nm, R2 = 0.532495
    - hip_adduction_l: RMSE = 95.974 Nm, R2 = 0.165478
    - hip_rotation_l: RMSE = 259.146 Nm, R2 = 0.511402
    - knee_angle_l: RMSE = 123.97 Nm, R2 = 0.0479419
    - ankle_angle_l: RMSE = 71.2088 Nm, R2 = 0.0224311
 Synergy accuracy:
  - Mean RMSE = 0.00253584
  - Mean R2 = 0.999935
=====================================================


Iteration 49:
 Total loss = 1259.77 (best: 1251.27, iterations without improvement: 3)
  - Moment error = 1104.41
  - Normalised fiber length penalty = 102.473
  - Tendon strain penalty = 0.0366727
  - Synthesised excitations squared = 0.118992
  - Synergy exctraction = 0.0936241
    - EMG tracking error = 0.0453374
    - Primitives range penalty = 0.0207013
    - Muscle weightings range penalty = 0.0275854
    - Synthesised excitations range penalty = 0
  - Parameters penalty = 52.6319
 Model accuracy:
  - Trial inputData: 
    - hip_flexion_r: RMSE = 81.8316 Nm, R2 = 0.0424447
    - hip_adduction_r: RMSE = 97.5417 Nm, R2 = 0.329646
    - hip_rotation_r: RMSE = 254.47 Nm, R2 = 0.369257
    - ankle_angle_r: RMSE = 60.5604 Nm, R2 = 0.0106125
    - hip_flexion_l: RMSE = 62.1271 Nm, R2 = 0.52617
    - hip_adduction_l: RMSE = 94.1545 Nm, R2 = 0.157836
    - hip_rotation_l: RMSE = 258.974 Nm, R2 = 0.512062
    - knee_angle_l: RMSE = 123.68 Nm, R2 = 0.0481217
    - ankle_angle_l: RMSE = 71.0713 Nm, R2 = 0.0274761
 Synergy accuracy:
  - Mean RMSE = 0.00209319
  - Mean R2 = 0.999933
=====================================================


Iteration 50:
 Total loss = 1255.53 (best: 1251.27, iterations without improvement: 4)
  - Moment error = 1101.28
  - Normalised fiber length penalty = 102.799
  - Tendon strain penalty = 0.0365855
  - Synthesised excitations squared = 0.118534
  - Synergy exctraction = 0.0959264
    - EMG tracking error = 0.048017
    - Primitives range penalty = 0.0261983
    - Muscle weightings range penalty = 0.0217111
    - Synthesised excitations range penalty = 0
  - Parameters penalty = 51.1977
 Model accuracy:
  - Trial inputData: 
    - hip_flexion_r: RMSE = 82.3773 Nm, R2 = 0.0428222
    - hip_adduction_r: RMSE = 96.689 Nm, R2 = 0.324324
    - hip_rotation_r: RMSE = 254.446 Nm, R2 = 0.368966
    - ankle_angle_r: RMSE = 60.4431 Nm, R2 = 0.00706892
    - hip_flexion_l: RMSE = 61.3759 Nm, R2 = 0.520213
    - hip_adduction_l: RMSE = 92.3399 Nm, R2 = 0.157912
    - hip_rotation_l: RMSE = 259.147 Nm, R2 = 0.511942
    - knee_angle_l: RMSE = 123.465 Nm, R2 = 0.0477511
    - ankle_angle_l: RMSE = 70.9943 Nm, R2 = 0.0314469
 Synergy accuracy:
  - Mean RMSE = 0.00226518
  - Mean R2 = 0.999935
=====================================================


Iteration 51:
 Total loss = 1248.47 (best: 1251.27, iterations without improvement: 5)
  - Moment error = 1095.29
  - Normalised fiber length penalty = 103.02
  - Tendon strain penalty = 0.03695
  - Synthesised excitations squared = 0.118246
  - Synergy exctraction = 0.114376
    - EMG tracking error = 0.0639774
    - Primitives range penalty = 0.0327099
    - Muscle weightings range penalty = 0.0176887
    - Synthesised excitations range penalty = 0
  - Parameters penalty = 49.8915
 Model accuracy:
  - Trial inputData: 
    - hip_flexion_r: RMSE = 82.0261 Nm, R2 = 0.0392077
    - hip_adduction_r: RMSE = 95.8822 Nm, R2 = 0.31894
    - hip_rotation_r: RMSE = 254.293 Nm, R2 = 0.36873
    - ankle_angle_r: RMSE = 60.3767 Nm, R2 = 0.00385855
    - hip_flexion_l: RMSE = 57.9979 Nm, R2 = 0.521538
    - hip_adduction_l: RMSE = 90.7031 Nm, R2 = 0.182909
    - hip_rotation_l: RMSE = 259.738 Nm, R2 = 0.51084
    - knee_angle_l: RMSE = 123.336 Nm, R2 = 0.0465798
    - ankle_angle_l: RMSE = 70.9399 Nm, R2 = 0.0352511
 Synergy accuracy:
  - Mean RMSE = 0.00249479
  - Mean R2 = 0.999945
=====================================================


Iteration 52:
 Total loss = 1239.87 (best: 1248.47, iterations without improvement: 1)
  - Moment error = 1088.01
  - Normalised fiber length penalty = 103.128
  - Tendon strain penalty = 0.0367306
  - Synthesised excitations squared = 0.11807
  - Synergy exctraction = 0.104734
    - EMG tracking error = 0.0502613
    - Primitives range penalty = 0.0385096
    - Muscle weightings range penalty = 0.0159636
    - Synthesised excitations range penalty = 0
  - Parameters penalty = 48.4746
 Model accuracy:
  - Trial inputData: 
    - hip_flexion_r: RMSE = 80.7726 Nm, R2 = 0.0320466
    - hip_adduction_r: RMSE = 95.1449 Nm, R2 = 0.313721
    - hip_rotation_r: RMSE = 254.054 Nm, R2 = 0.368576
    - ankle_angle_r: RMSE = 60.3267 Nm, R2 = 0.00159638
    - hip_flexion_l: RMSE = 54.0434 Nm, R2 = 0.525404
    - hip_adduction_l: RMSE = 89.9833 Nm, R2 = 0.231041
    - hip_rotation_l: RMSE = 259.473 Nm, R2 = 0.513485
    - knee_angle_l: RMSE = 123.236 Nm, R2 = 0.0446892
    - ankle_angle_l: RMSE = 70.9753 Nm, R2 = 0.0387459
 Synergy accuracy:
  - Mean RMSE = 0.00210487
  - Mean R2 = 0.999955
=====================================================


Iteration 53:
 Total loss = 1234.67 (best: 1239.87, iterations without improvement: 1)
  - Moment error = 1084.34
  - Normalised fiber length penalty = 103.125
  - Tendon strain penalty = 0.0376428
  - Synthesised excitations squared = 0.118019
  - Synergy exctraction = 0.0866754
    - EMG tracking error = 0.0292258
    - Primitives range penalty = 0.0383501
    - Muscle weightings range penalty = 0.0190995
    - Synthesised excitations range penalty = 0
  - Parameters penalty = 46.9628
 Model accuracy:
  - Trial inputData: 
    - hip_flexion_r: RMSE = 78.8123 Nm, R2 = 0.022544
    - hip_adduction_r: RMSE = 94.3433 Nm, R2 = 0.307866
    - hip_rotation_r: RMSE = 253.724 Nm, R2 = 0.368625
    - ankle_angle_r: RMSE = 60.2272 Nm, R2 = 0.000539074
    - hip_flexion_l: RMSE = 54.9599 Nm, R2 = 0.50389
    - hip_adduction_l: RMSE = 88.9939 Nm, R2 = 0.253653
    - hip_rotation_l: RMSE = 259.214 Nm, R2 = 0.515981
    - knee_angle_l: RMSE = 123.054 Nm, R2 = 0.0421895
    - ankle_angle_l: RMSE = 71.0089 Nm, R2 = 0.0413343
 Synergy accuracy:
  - Mean RMSE = 0.0017006
  - Mean R2 = 0.999954
=====================================================


Iteration 54:
 Total loss = 1229.1 (best: 1234.67, iterations without improvement: 1)
  - Moment error = 1080.41
  - Normalised fiber length penalty = 102.997
  - Tendon strain penalty = 0.0376669
  - Synthesised excitations squared = 0.118251
  - Synergy exctraction = 0.0982848
    - EMG tracking error = 0.0376727
    - Primitives range penalty = 0.0320425
    - Muscle weightings range penalty = 0.0285696
    - Synthesised excitations range penalty = 0
  - Parameters penalty = 45.445
 Model accuracy:
  - Trial inputData: 
    - hip_flexion_r: RMSE = 76.4303 Nm, R2 = 0.0133965
    - hip_adduction_r: RMSE = 93.5947 Nm, R2 = 0.30145
    - hip_rotation_r: RMSE = 253.273 Nm, R2 = 0.36896
    - ankle_angle_r: RMSE = 59.9842 Nm, R2 = 0.000439597
    - hip_flexion_l: RMSE = 57.1814 Nm, R2 = 0.478137
    - hip_adduction_l: RMSE = 87.2465 Nm, R2 = 0.250413
    - hip_rotation_l: RMSE = 259.01 Nm, R2 = 0.518124
    - knee_angle_l: RMSE = 122.688 Nm, R2 = 0.0391532
    - ankle_angle_l: RMSE = 70.9971 Nm, R2 = 0.0430767
 Synergy accuracy:
  - Mean RMSE = 0.00198611
  - Mean R2 = 0.999948
=====================================================


Iteration 55:
 Total loss = 1220.81 (best: 1229.1, iterations without improvement: 1)
  - Moment error = 1073.85
  - Normalised fiber length penalty = 102.753
  - Tendon strain penalty = 0.038284
  - Synthesised excitations squared = 0.118945
  - Synergy exctraction = 0.113812
    - EMG tracking error = 0.0475823
    - Primitives range penalty = 0.0257322
    - Muscle weightings range penalty = 0.0404974
    - Synthesised excitations range penalty = 0
  - Parameters penalty = 43.9379
 Model accuracy:
  - Trial inputData: 
    - hip_flexion_r: RMSE = 73.9357 Nm, R2 = 0.00597684
    - hip_adduction_r: RMSE = 92.8786 Nm, R2 = 0.292484
    - hip_rotation_r: RMSE = 252.718 Nm, R2 = 0.369756
    - ankle_angle_r: RMSE = 59.6319 Nm, R2 = 0.000947892
    - hip_flexion_l: RMSE = 58.1941 Nm, R2 = 0.469269
    - hip_adduction_l: RMSE = 84.6594 Nm, R2 = 0.222846
    - hip_rotation_l: RMSE = 258.793 Nm, R2 = 0.520012
    - knee_angle_l: RMSE = 122.091 Nm, R2 = 0.0357705
    - ankle_angle_l: RMSE = 70.9456 Nm, R2 = 0.0437145
 Synergy accuracy:
  - Mean RMSE = 0.00218751
  - Mean R2 = 0.999951
=====================================================


Iteration 56:
 Total loss = 1210.69 (best: 1220.81, iterations without improvement: 1)
  - Moment error = 1065.56
  - Normalised fiber length penalty = 102.406
  - Tendon strain penalty = 0.0379133
  - Synthesised excitations squared = 0.120192
  - Synergy exctraction = 0.0998098
    - EMG tracking error = 0.0332582
    - Primitives range penalty = 0.0224602
    - Muscle weightings range penalty = 0.0440914
    - Synthesised excitations range penalty = 0
  - Parameters penalty = 42.4615
 Model accuracy:
  - Trial inputData: 
    - hip_flexion_r: RMSE = 71.7916 Nm, R2 = 0.00131049
    - hip_adduction_r: RMSE = 91.959 Nm, R2 = 0.277455
    - hip_rotation_r: RMSE = 252.036 Nm, R2 = 0.371214
    - ankle_angle_r: RMSE = 59.2963 Nm, R2 = 0.00169041
    - hip_flexion_l: RMSE = 58.1933 Nm, R2 = 0.476141
    - hip_adduction_l: RMSE = 81.6066 Nm, R2 = 0.16939
    - hip_rotation_l: RMSE = 258.528 Nm, R2 = 0.52185
    - knee_angle_l: RMSE = 121.346 Nm, R2 = 0.0323552
    - ankle_angle_l: RMSE = 70.8064 Nm, R2 = 0.0432899
 Synergy accuracy:
  - Mean RMSE = 0.00176991
  - Mean R2 = 0.99996
=====================================================


Iteration 57:
 Total loss = 1201.68 (best: 1210.69, iterations without improvement: 1)
  - Moment error = 1058.48
  - Normalised fiber length penalty = 101.947
  - Tendon strain penalty = 0.038584
  - Synthesised excitations squared = 0.121935
  - Synergy exctraction = 0.0810331
    - EMG tracking error = 0.0228577
    - Primitives range penalty = 0.0211695
    - Muscle weightings range penalty = 0.0370059
    - Synthesised excitations range penalty = 0
  - Parameters penalty = 41.005
 Model accuracy:
  - Trial inputData: 
    - hip_flexion_r: RMSE = 70.3613 Nm, R2 = 1.63283e-05
    - hip_adduction_r: RMSE = 91.0506 Nm, R2 = 0.253278
    - hip_rotation_r: RMSE = 251.272 Nm, R2 = 0.373406
    - ankle_angle_r: RMSE = 59.0493 Nm, R2 = 0.00201698
    - hip_flexion_l: RMSE = 59.291 Nm, R2 = 0.471204
    - hip_adduction_l: RMSE = 78.2289 Nm, R2 = 0.09941
    - hip_rotation_l: RMSE = 258.235 Nm, R2 = 0.523581
    - knee_angle_l: RMSE = 120.533 Nm, R2 = 0.0290911
    - ankle_angle_l: RMSE = 70.4622 Nm, R2 = 0.0396669
 Synergy accuracy:
  - Mean RMSE = 0.0015032
  - Mean R2 = 0.999964
=====================================================


Iteration 58:
 Total loss = 1197.25 (best: 1201.68, iterations without improvement: 1)
  - Moment error = 1056.01
  - Normalised fiber length penalty = 101.396
  - Tendon strain penalty = 0.0380987
  - Synthesised excitations squared = 0.124084
  - Synergy exctraction = 0.0892058
    - EMG tracking error = 0.0320419
    - Primitives range penalty = 0.0228931
    - Muscle weightings range penalty = 0.0248431
    - Synthesised excitations range penalty = 0.00942772
  - Parameters penalty = 39.5847
 Model accuracy:
  - Trial inputData: 
    - hip_flexion_r: RMSE = 70.0129 Nm, R2 = 0.00137445
    - hip_adduction_r: RMSE = 90.1164 Nm, R2 = 0.219187
    - hip_rotation_r: RMSE = 250.406 Nm, R2 = 0.376457
    - ankle_angle_r: RMSE = 58.8625 Nm, R2 = 0.00229325
    - hip_flexion_l: RMSE = 61.4157 Nm, R2 = 0.4618
    - hip_adduction_l: RMSE = 76.4501 Nm, R2 = 0.0691511
    - hip_rotation_l: RMSE = 258.837 Nm, R2 = 0.522106
    - knee_angle_l: RMSE = 119.856 Nm, R2 = 0.0264042
    - ankle_angle_l: RMSE = 70.0565 Nm, R2 = 0.0352794
 Synergy accuracy:
  - Mean RMSE = 0.00180441
  - Mean R2 = 0.999963
=====================================================


Iteration 59:
 Total loss = 1193.74 (best: 1197.25, iterations without improvement: 1)
  - Moment error = 1054.64
  - Normalised fiber length penalty = 100.657
  - Tendon strain penalty = 0.0376114
  - Synthesised excitations squared = 0.125081
  - Synergy exctraction = 0.078372
    - EMG tracking error = 0.0372014
    - Primitives range penalty = 0.0247443
    - Muscle weightings range penalty = 0.013574
    - Synthesised excitations range penalty = 0.00285234
  - Parameters penalty = 38.2013
 Model accuracy:
  - Trial inputData: 
    - hip_flexion_r: RMSE = 70.7167 Nm, R2 = 0.00362755
    - hip_adduction_r: RMSE = 89.3339 Nm, R2 = 0.177601
    - hip_rotation_r: RMSE = 249.491 Nm, R2 = 0.380264
    - ankle_angle_r: RMSE = 58.7162 Nm, R2 = 0.00204344
    - hip_flexion_l: RMSE = 63.1895 Nm, R2 = 0.451743
    - hip_adduction_l: RMSE = 75.144 Nm, R2 = 0.0537466
    - hip_rotation_l: RMSE = 259.221 Nm, R2 = 0.521741
    - knee_angle_l: RMSE = 119.146 Nm, R2 = 0.0232877
    - ankle_angle_l: RMSE = 69.6826 Nm, R2 = 0.0313362
 Synergy accuracy:
  - Mean RMSE = 0.00192387
  - Mean R2 = 0.999964
=====================================================


Iteration 60:
 Total loss = 1189.34 (best: 1193.74, iterations without improvement: 1)
  - Moment error = 1052.45
  - Normalised fiber length penalty = 99.8543
  - Tendon strain penalty = 0.0390867
  - Synthesised excitations squared = 0.125708
  - Synergy exctraction = 0.0587747
    - EMG tracking error = 0.0284299
    - Primitives range penalty = 0.022919
    - Muscle weightings range penalty = 0.00734365
    - Synthesised excitations range penalty = 8.20624e-05
  - Parameters penalty = 36.8061
 Model accuracy:
  - Trial inputData: 
    - hip_flexion_r: RMSE = 70.7468 Nm, R2 = 0.00507552
    - hip_adduction_r: RMSE = 89.0832 Nm, R2 = 0.163225
    - hip_rotation_r: RMSE = 249.233 Nm, R2 = 0.381224
    - ankle_angle_r: RMSE = 58.5282 Nm, R2 = 0.00111735
    - hip_flexion_l: RMSE = 62.6445 Nm, R2 = 0.453822
    - hip_adduction_l: RMSE = 74.7203 Nm, R2 = 0.066845
    - hip_rotation_l: RMSE = 259.758 Nm, R2 = 0.520798
    - knee_angle_l: RMSE = 118.484 Nm, R2 = 0.0198229
    - ankle_angle_l: RMSE = 69.2544 Nm, R2 = 0.0274229
 Synergy accuracy:
  - Mean RMSE = 0.00165519
  - Mean R2 = 0.99996
=====================================================


Iteration 61:
 Total loss = 1185.01 (best: 1189.34, iterations without improvement: 1)
  - Moment error = 1050.2
  - Normalised fiber length penalty = 99.0469
  - Tendon strain penalty = 0.038941
  - Synthesised excitations squared = 0.126509
  - Synergy exctraction = 0.0587742
    - EMG tracking error = 0.0245069
    - Primitives range penalty = 0.0214351
    - Muscle weightings range penalty = 0.0128322
    - Synthesised excitations range penalty = 0
  - Parameters penalty = 35.5405
 Model accuracy:
  - Trial inputData: 
    - hip_flexion_r: RMSE = 70.5962 Nm, R2 = 0.00575286
    - hip_adduction_r: RMSE = 88.5293 Nm, R2 = 0.158069
    - hip_rotation_r: RMSE = 249.159 Nm, R2 = 0.381291
    - ankle_angle_r: RMSE = 58.3395 Nm, R2 = 0.00021586
    - hip_flexion_l: RMSE = 61.7718 Nm, R2 = 0.45722
    - hip_adduction_l: RMSE = 74.8261 Nm, R2 = 0.0901299
    - hip_rotation_l: RMSE = 260.524 Nm, R2 = 0.519044
    - knee_angle_l: RMSE = 117.654 Nm, R2 = 0.0161087
    - ankle_angle_l: RMSE = 68.7962 Nm, R2 = 0.0232143
 Synergy accuracy:
  - Mean RMSE = 0.00155664
  - Mean R2 = 0.999957
=====================================================


Iteration 62:
 Total loss = 1180.63 (best: 1185.01, iterations without improvement: 1)
  - Moment error = 1047.74
  - Normalised fiber length penalty = 98.2808
  - Tendon strain penalty = 0.0394066
  - Synthesised excitations squared = 0.127518
  - Synergy exctraction = 0.0694165
    - EMG tracking error = 0.0321105
    - Primitives range penalty = 0.0242827
    - Muscle weightings range penalty = 0.0130233
    - Synthesised excitations range penalty = 0
  - Parameters penalty = 34.3728
 Model accuracy:
  - Trial inputData: 
    - hip_flexion_r: RMSE = 70.1714 Nm, R2 = 0.00544502
    - hip_adduction_r: RMSE = 87.6979 Nm, R2 = 0.164388
    - hip_rotation_r: RMSE = 249.396 Nm, R2 = 0.380224
    - ankle_angle_r: RMSE = 58.2537 Nm, R2 = 1.95701e-06
    - hip_flexion_l: RMSE = 61.1036 Nm, R2 = 0.459803
    - hip_adduction_l: RMSE = 75.1991 Nm, R2 = 0.115939
    - hip_rotation_l: RMSE = 260.615 Nm, R2 = 0.519942
    - knee_angle_l: RMSE = 116.983 Nm, R2 = 0.0132784
    - ankle_angle_l: RMSE = 68.3245 Nm, R2 = 0.0189002
 Synergy accuracy:
  - Mean RMSE = 0.00180658
  - Mean R2 = 0.99996
=====================================================


Iteration 63:
 Total loss = 1176.56 (best: 1180.63, iterations without improvement: 1)
  - Moment error = 1045.43
  - Normalised fiber length penalty = 97.5768
  - Tendon strain penalty = 0.0394665
  - Synthesised excitations squared = 0.128676
  - Synergy exctraction = 0.0891221
    - EMG tracking error = 0.0327765
    - Primitives range penalty = 0.0277949
    - Muscle weightings range penalty = 0.0285412
    - Synthesised excitations range penalty = 9.46283e-06
  - Parameters penalty = 33.2973
 Model accuracy:
  - Trial inputData: 
    - hip_flexion_r: RMSE = 69.292 Nm, R2 = 0.00400498
    - hip_adduction_r: RMSE = 87.1931 Nm, R2 = 0.190041
    - hip_rotation_r: RMSE = 250.083 Nm, R2 = 0.377141
    - ankle_angle_r: RMSE = 58.1479 Nm, R2 = 4.5465e-05
    - hip_flexion_l: RMSE = 60.9738 Nm, R2 = 0.459283
    - hip_adduction_l: RMSE = 75.2545 Nm, R2 = 0.12949
    - hip_rotation_l: RMSE = 260.265 Nm, R2 = 0.522377
    - knee_angle_l: RMSE = 116.365 Nm, R2 = 0.0110269
    - ankle_angle_l: RMSE = 67.8566 Nm, R2 = 0.0147544
 Synergy accuracy:
  - Mean RMSE = 0.00176281
  - Mean R2 = 0.999964
=====================================================


Iteration 64:
 Total loss = 1173 (best: 1176.56, iterations without improvement: 1)
  - Moment error = 1043.54
  - Normalised fiber length penalty = 96.9364
  - Tendon strain penalty = 0.0390236
  - Synthesised excitations squared = 0.129891
  - Synergy exctraction = 0.0816025
    - EMG tracking error = 0.025465
    - Primitives range penalty = 0.0264629
    - Muscle weightings range penalty = 0.0290831
    - Synthesised excitations range penalty = 0.000591539
  - Parameters penalty = 32.2783
 Model accuracy:
  - Trial inputData: 
    - hip_flexion_r: RMSE = 69.1292 Nm, R2 = 0.00236934
    - hip_adduction_r: RMSE = 86.8355 Nm, R2 = 0.209461
    - hip_rotation_r: RMSE = 250.673 Nm, R2 = 0.374787
    - ankle_angle_r: RMSE = 57.9643 Nm, R2 = 2.16655e-05
    - hip_flexion_l: RMSE = 61.579 Nm, R2 = 0.454338
    - hip_adduction_l: RMSE = 74.4197 Nm, R2 = 0.118124
    - hip_rotation_l: RMSE = 259.828 Nm, R2 = 0.525247
    - knee_angle_l: RMSE = 115.765 Nm, R2 = 0.00923163
    - ankle_angle_l: RMSE = 67.3436 Nm, R2 = 0.0110958
 Synergy accuracy:
  - Mean RMSE = 0.00153694
  - Mean R2 = 0.999965
=====================================================


Iteration 65:
 Total loss = 1170.23 (best: 1173, iterations without improvement: 1)
  - Moment error = 1042.25
  - Normalised fiber length penalty = 96.3323
  - Tendon strain penalty = 0.0387173
  - Synthesised excitations squared = 0.131384
  - Synergy exctraction = 0.0794803
    - EMG tracking error = 0.0223684
    - Primitives range penalty = 0.0227356
    - Muscle weightings range penalty = 0.0324214
    - Synthesised excitations range penalty = 0.00195485
  - Parameters penalty = 31.4055
 Model accuracy:
  - Trial inputData: 
    - hip_flexion_r: RMSE = 69.4856 Nm, R2 = 0.00110042
    - hip_adduction_r: RMSE = 86.5307 Nm, R2 = 0.222148
    - hip_rotation_r: RMSE = 251.127 Nm, R2 = 0.373138
    - ankle_angle_r: RMSE = 57.8207 Nm, R2 = 4.56964e-06
    - hip_flexion_l: RMSE = 63.3577 Nm, R2 = 0.444304
    - hip_adduction_l: RMSE = 72.7051 Nm, R2 = 0.0825769
    - hip_rotation_l: RMSE = 259.193 Nm, R2 = 0.528675
    - knee_angle_l: RMSE = 115.189 Nm, R2 = 0.00776383
    - ankle_angle_l: RMSE = 66.8376 Nm, R2 = 0.00802791
 Synergy accuracy:
  - Mean RMSE = 0.00148526
  - Mean R2 = 0.999959
=====================================================


Iteration 66:
 Total loss = 1168.6 (best: 1170.23, iterations without improvement: 1)
  - Moment error = 1042.08
  - Normalised fiber length penalty = 95.7476
  - Tendon strain penalty = 0.0395857
  - Synthesised excitations squared = 0.132769
  - Synergy exctraction = 0.0813854
    - EMG tracking error = 0.0292956
    - Primitives range penalty = 0.0199792
    - Muscle weightings range penalty = 0.0303675
    - Synthesised excitations range penalty = 0.0017432
  - Parameters penalty = 30.5143
 Model accuracy:
  - Trial inputData: 
    - hip_flexion_r: RMSE = 70.0628 Nm, R2 = 0.000385067
    - hip_adduction_r: RMSE = 86.1964 Nm, R2 = 0.229496
    - hip_rotation_r: RMSE = 251.466 Nm, R2 = 0.372042
    - ankle_angle_r: RMSE = 57.754 Nm, R2 = 0.000103937
    - hip_flexion_l: RMSE = 64.4911 Nm, R2 = 0.441049
    - hip_adduction_l: RMSE = 71.9016 Nm, R2 = 0.0677054
    - hip_rotation_l: RMSE = 259.179 Nm, R2 = 0.52989
    - knee_angle_l: RMSE = 114.687 Nm, R2 = 0.00654315
    - ankle_angle_l: RMSE = 66.3413 Nm, R2 = 0.00568542
 Synergy accuracy:
  - Mean RMSE = 0.00171239
  - Mean R2 = 0.999957
=====================================================


Iteration 67:
 Total loss = 1166.81 (best: 1168.6, iterations without improvement: 1)
  - Moment error = 1041.75
  - Normalised fiber length penalty = 95.1231
  - Tendon strain penalty = 0.0399854
  - Synthesised excitations squared = 0.133865
  - Synergy exctraction = 0.0769655
    - EMG tracking error = 0.0292225
    - Primitives range penalty = 0.0186349
    - Muscle weightings range penalty = 0.0286677
    - Synthesised excitations range penalty = 0.000440362
  - Parameters penalty = 29.6841
 Model accuracy:
  - Trial inputData: 
    - hip_flexion_r: RMSE = 70.592 Nm, R2 = 0.000114064
    - hip_adduction_r: RMSE = 85.8287 Nm, R2 = 0.232756
    - hip_rotation_r: RMSE = 251.705 Nm, R2 = 0.371392
    - ankle_angle_r: RMSE = 57.7072 Nm, R2 = 0.00066438
    - hip_flexion_l: RMSE = 65.1148 Nm, R2 = 0.442012
    - hip_adduction_l: RMSE = 71.2715 Nm, R2 = 0.0597293
    - hip_rotation_l: RMSE = 259.426 Nm, R2 = 0.529982
    - knee_angle_l: RMSE = 114.243 Nm, R2 = 0.00553438
    - ankle_angle_l: RMSE = 65.8586 Nm, R2 = 0.0038392
 Synergy accuracy:
  - Mean RMSE = 0.00164193
  - Mean R2 = 0.999959
=====================================================


Iteration 68:
 Total loss = 1164.81 (best: 1166.81, iterations without improvement: 1)
  - Moment error = 1041.1
  - Normalised fiber length penalty = 94.6208
  - Tendon strain penalty = 0.0402728
  - Synthesised excitations squared = 0.134729
  - Synergy exctraction = 0.0670309
    - EMG tracking error = 0.0215784
    - Primitives range penalty = 0.0197949
    - Muscle weightings range penalty = 0.0256084
    - Synthesised excitations range penalty = 4.91852e-05
  - Parameters penalty = 28.8486
 Model accuracy:
  - Trial inputData: 
    - hip_flexion_r: RMSE = 70.8399 Nm, R2 = 7.05773e-05
    - hip_adduction_r: RMSE = 85.4248 Nm, R2 = 0.232434
    - hip_rotation_r: RMSE = 251.814 Nm, R2 = 0.371137
    - ankle_angle_r: RMSE = 57.6284 Nm, R2 = 0.000786154
    - hip_flexion_l: RMSE = 65.2213 Nm, R2 = 0.44613
    - hip_adduction_l: RMSE = 70.7802 Nm, R2 = 0.0563474
    - hip_rotation_l: RMSE = 259.887 Nm, R2 = 0.529404
    - knee_angle_l: RMSE = 113.854 Nm, R2 = 0.00467387
    - ankle_angle_l: RMSE = 65.6538 Nm, R2 = 0.00288344
 Synergy accuracy:
  - Mean RMSE = 0.00142988
  - Mean R2 = 0.999961
=====================================================


Iteration 69:
 Total loss = 1162.52 (best: 1164.81, iterations without improvement: 1)
  - Moment error = 1039.73
  - Normalised fiber length penalty = 94.5307
  - Tendon strain penalty = 0.0401279
  - Synthesised excitations squared = 0.135552
  - Synergy exctraction = 0.0591841
    - EMG tracking error = 0.0220217
    - Primitives range penalty = 0.0234713
    - Muscle weightings range penalty = 0.0134142
    - Synthesised excitations range penalty = 0.000276892
  - Parameters penalty = 28.0218
 Model accuracy:
  - Trial inputData: 
    - hip_flexion_r: RMSE = 70.7845 Nm, R2 = 0.000178276
    - hip_adduction_r: RMSE = 84.9436 Nm, R2 = 0.228691
    - hip_rotation_r: RMSE = 251.835 Nm, R2 = 0.371266
    - ankle_angle_r: RMSE = 57.4809 Nm, R2 = 5.50956e-06
    - hip_flexion_l: RMSE = 63.7797 Nm, R2 = 0.458259
    - hip_adduction_l: RMSE = 70.9943 Nm, R2 = 0.0690874
    - hip_rotation_l: RMSE = 260.737 Nm, R2 = 0.527166
    - knee_angle_l: RMSE = 113.508 Nm, R2 = 0.00394313
    - ankle_angle_l: RMSE = 65.6692 Nm, R2 = 0.00247258
 Synergy accuracy:
  - Mean RMSE = 0.00146406
  - Mean R2 = 0.999961
=====================================================


Iteration 70:
 Total loss = 1160.08 (best: 1162.52, iterations without improvement: 1)
  - Moment error = 1038.43
  - Normalised fiber length penalty = 94.2233
  - Tendon strain penalty = 0.040029
  - Synthesised excitations squared = 0.136412
  - Synergy exctraction = 0.0703603
    - EMG tracking error = 0.0241976
    - Primitives range penalty = 0.0254238
    - Muscle weightings range penalty = 0.0200448
    - Synthesised excitations range penalty = 0.000694068
  - Parameters penalty = 27.1842
 Model accuracy:
  - Trial inputData: 
    - hip_flexion_r: RMSE = 70.3999 Nm, R2 = 0.000676404
    - hip_adduction_r: RMSE = 84.4716 Nm, R2 = 0.220973
    - hip_rotation_r: RMSE = 251.8 Nm, R2 = 0.371762
    - ankle_angle_r: RMSE = 57.4999 Nm, R2 = 0.000535743
    - hip_flexion_l: RMSE = 63.2483 Nm, R2 = 0.465912
    - hip_adduction_l: RMSE = 70.4376 Nm, R2 = 0.0643032
    - hip_rotation_l: RMSE = 261.383 Nm, R2 = 0.525734
    - knee_angle_l: RMSE = 113.203 Nm, R2 = 0.0033275
    - ankle_angle_l: RMSE = 65.986 Nm, R2 = 0.00250879
 Synergy accuracy:
  - Mean RMSE = 0.0015231
  - Mean R2 = 0.999962
=====================================================


Iteration 71:
 Total loss = 1157.07 (best: 1160.08, iterations without improvement: 1)
  - Moment error = 1036.7
  - Normalised fiber length penalty = 93.7771
  - Tendon strain penalty = 0.039934
  - Synthesised excitations squared = 0.137225
  - Synergy exctraction = 0.0649227
    - EMG tracking error = 0.0213427
    - Primitives range penalty = 0.0223339
    - Muscle weightings range penalty = 0.0199625
    - Synthesised excitations range penalty = 0.00128357
  - Parameters penalty = 26.3458
 Model accuracy:
  - Trial inputData: 
    - hip_flexion_r: RMSE = 69.8403 Nm, R2 = 0.0019218
    - hip_adduction_r: RMSE = 83.811 Nm, R2 = 0.209853
    - hip_rotation_r: RMSE = 251.632 Nm, R2 = 0.372682
    - ankle_angle_r: RMSE = 57.5986 Nm, R2 = 0.00126556
    - hip_flexion_l: RMSE = 63.6269 Nm, R2 = 0.468719
    - hip_adduction_l: RMSE = 69.3021 Nm, R2 = 0.0464886
    - hip_rotation_l: RMSE = 261.798 Nm, R2 = 0.525521
    - knee_angle_l: RMSE = 112.867 Nm, R2 = 0.00278378
    - ankle_angle_l: RMSE = 66.2279 Nm, R2 = 0.00269079
 Synergy accuracy:
  - Mean RMSE = 0.00139815
  - Mean R2 = 0.999966
=====================================================


Iteration 72:
 Total loss = 1152.84 (best: 1157.07, iterations without improvement: 1)
  - Moment error = 1033.94
  - Normalised fiber length penalty = 93.1506
  - Tendon strain penalty = 0.0410724
  - Synthesised excitations squared = 0.138377
  - Synergy exctraction = 0.075513
    - EMG tracking error = 0.0187369
    - Primitives range penalty = 0.0184018
    - Muscle weightings range penalty = 0.0239221
    - Synthesised excitations range penalty = 0.0144522
  - Parameters penalty = 25.4986
 Model accuracy:
  - Trial inputData: 
    - hip_flexion_r: RMSE = 69.3186 Nm, R2 = 0.00411902
    - hip_adduction_r: RMSE = 82.9575 Nm, R2 = 0.194395
    - hip_rotation_r: RMSE = 251.365 Nm, R2 = 0.374079
    - ankle_angle_r: RMSE = 57.7188 Nm, R2 = 0.00152949
    - hip_flexion_l: RMSE = 63.9366 Nm, R2 = 0.469339
    - hip_adduction_l: RMSE = 67.911 Nm, R2 = 0.0286347
    - hip_rotation_l: RMSE = 261.738 Nm, R2 = 0.527453
    - knee_angle_l: RMSE = 112.571 Nm, R2 = 0.00233362
    - ankle_angle_l: RMSE = 66.4187 Nm, R2 = 0.00290742
 Synergy accuracy:
  - Mean RMSE = 0.00132466
  - Mean R2 = 0.999968
=====================================================


Iteration 73:
 Total loss = 1148.56 (best: 1152.84, iterations without improvement: 1)
  - Moment error = 1031.26
  - Normalised fiber length penalty = 92.3614
  - Tendon strain penalty = 0.0402937
  - Synthesised excitations squared = 0.139309
  - Synergy exctraction = 0.141162
    - EMG tracking error = 0.0250919
    - Primitives range penalty = 0.0185305
    - Muscle weightings range penalty = 0.0775719
    - Synthesised excitations range penalty = 0.0199671
  - Parameters penalty = 24.6087
 Model accuracy:
  - Trial inputData: 
    - hip_flexion_r: RMSE = 68.9549 Nm, R2 = 0.00726923
    - hip_adduction_r: RMSE = 81.9296 Nm, R2 = 0.174477
    - hip_rotation_r: RMSE = 251.032 Nm, R2 = 0.376017
    - ankle_angle_r: RMSE = 57.7951 Nm, R2 = 0.00139586
    - hip_flexion_l: RMSE = 65.0888 Nm, R2 = 0.46422
    - hip_adduction_l: RMSE = 66.0744 Nm, R2 = 0.00924514
    - hip_rotation_l: RMSE = 261.479 Nm, R2 = 0.530372
    - knee_angle_l: RMSE = 112.301 Nm, R2 = 0.00197853
    - ankle_angle_l: RMSE = 66.6094 Nm, R2 = 0.00316919
 Synergy accuracy:
  - Mean RMSE = 0.00153346
  - Mean R2 = 0.999959
=====================================================


Iteration 74:
 Total loss = 1143.26 (best: 1148.56, iterations without improvement: 1)
  - Moment error = 1027.87
  - Normalised fiber length penalty = 91.3986
  - Tendon strain penalty = 0.0402382
  - Synthesised excitations squared = 0.139576
  - Synergy exctraction = 0.0867324
    - EMG tracking error = 0.0308252
    - Primitives range penalty = 0.0208689
    - Muscle weightings range penalty = 0.027937
    - Synthesised excitations range penalty = 0.00710133
  - Parameters penalty = 23.729
 Model accuracy:
  - Trial inputData: 
    - hip_flexion_r: RMSE = 68.8467 Nm, R2 = 0.0111564
    - hip_adduction_r: RMSE = 80.9619 Nm, R2 = 0.149383
    - hip_rotation_r: RMSE = 250.638 Nm, R2 = 0.37845
    - ankle_angle_r: RMSE = 57.6309 Nm, R2 = 0.000683303
    - hip_flexion_l: RMSE = 64.0271 Nm, R2 = 0.470816
    - hip_adduction_l: RMSE = 65.2348 Nm, R2 = 0.00649126
    - hip_rotation_l: RMSE = 261.694 Nm, R2 = 0.531512
    - knee_angle_l: RMSE = 112.068 Nm, R2 = 0.00168886
    - ankle_angle_l: RMSE = 66.766 Nm, R2 = 0.00347059
 Synergy accuracy:
  - Mean RMSE = 0.00166827
  - Mean R2 = 0.999945
=====================================================


Iteration 75:
 Total loss = 1138.12 (best: 1143.26, iterations without improvement: 1)
  - Moment error = 1024.6
  - Normalised fiber length penalty = 90.3241
  - Tendon strain penalty = 0.0412171
  - Synthesised excitations squared = 0.139485
  - Synergy exctraction = 0.0811534
    - EMG tracking error = 0.0303867
    - Primitives range penalty = 0.0238778
    - Muscle weightings range penalty = 0.0257505
    - Synthesised excitations range penalty = 0.00113851
  - Parameters penalty = 22.9332
 Model accuracy:
  - Trial inputData: 
    - hip_flexion_r: RMSE = 69.1292 Nm, R2 = 0.0148684
    - hip_adduction_r: RMSE = 80.0118 Nm, R2 = 0.121607
    - hip_rotation_r: RMSE = 250.214 Nm, R2 = 0.381207
    - ankle_angle_r: RMSE = 57.2561 Nm, R2 = 7.62549e-05
    - hip_flexion_l: RMSE = 62.8008 Nm, R2 = 0.479333
    - hip_adduction_l: RMSE = 64.6545 Nm, R2 = 0.00629297
    - hip_rotation_l: RMSE = 261.785 Nm, R2 = 0.533132
    - knee_angle_l: RMSE = 111.855 Nm, R2 = 0.00145915
    - ankle_angle_l: RMSE = 66.8907 Nm, R2 = 0.00373498
 Synergy accuracy:
  - Mean RMSE = 0.00166783
  - Mean R2 = 0.999941
=====================================================


Iteration 76:
 Total loss = 1134.06 (best: 1138.12, iterations without improvement: 1)
  - Moment error = 1022.68
  - Normalised fiber length penalty = 89.1585
  - Tendon strain penalty = 0.0414261
  - Synthesised excitations squared = 0.139423
  - Synergy exctraction = 0.0801141
    - EMG tracking error = 0.0316097
    - Primitives range penalty = 0.0259342
    - Muscle weightings range penalty = 0.0218387
    - Synthesised excitations range penalty = 0.000731474
  - Parameters penalty = 21.959
 Model accuracy:
  - Trial inputData: 
    - hip_flexion_r: RMSE = 69.7412 Nm, R2 = 0.0175215
    - hip_adduction_r: RMSE = 79.1672 Nm, R2 = 0.0943201
    - hip_rotation_r: RMSE = 249.775 Nm, R2 = 0.384116
    - ankle_angle_r: RMSE = 56.5601 Nm, R2 = 0.000382795
    - hip_flexion_l: RMSE = 61.9212 Nm, R2 = 0.488384
    - hip_adduction_l: RMSE = 64.6743 Nm, R2 = 0.0109336
    - hip_rotation_l: RMSE = 262.238 Nm, R2 = 0.533191
    - knee_angle_l: RMSE = 111.657 Nm, R2 = 0.00130339
    - ankle_angle_l: RMSE = 66.9459 Nm, R2 = 0.00349894
 Synergy accuracy:
  - Mean RMSE = 0.00172008
  - Mean R2 = 0.999949
=====================================================


Iteration 77:
 Total loss = 1131.78 (best: 1134.06, iterations without improvement: 1)
  - Moment error = 1022.35
  - Normalised fiber length penalty = 88.0157
  - Tendon strain penalty = 0.0411086
  - Synthesised excitations squared = 0.139613
  - Synergy exctraction = 0.100253
    - EMG tracking error = 0.0334974
    - Primitives range penalty = 0.0241063
    - Muscle weightings range penalty = 0.0409973
    - Synthesised excitations range penalty = 0.00165208
  - Parameters penalty = 21.1303
 Model accuracy:
  - Trial inputData: 
    - hip_flexion_r: RMSE = 70.3577 Nm, R2 = 0.0188217
    - hip_adduction_r: RMSE = 78.3403 Nm, R2 = 0.0762348
    - hip_rotation_r: RMSE = 249.578 Nm, R2 = 0.386241
    - ankle_angle_r: RMSE = 55.9723 Nm, R2 = 0.00245559
    - hip_flexion_l: RMSE = 62.1136 Nm, R2 = 0.491727
    - hip_adduction_l: RMSE = 64.7897 Nm, R2 = 0.0154977
    - hip_rotation_l: RMSE = 262.73 Nm, R2 = 0.532733
    - knee_angle_l: RMSE = 111.531 Nm, R2 = 0.00125397
    - ankle_angle_l: RMSE = 66.9417 Nm, R2 = 0.00286297
 Synergy accuracy:
  - Mean RMSE = 0.00175915
  - Mean R2 = 0.999951
=====================================================


Iteration 78:
 Total loss = 1128.96 (best: 1131.78, iterations without improvement: 1)
  - Moment error = 1021.41
  - Normalised fiber length penalty = 86.9728
  - Tendon strain penalty = 0.0408396
  - Synthesised excitations squared = 0.139828
  - Synergy exctraction = 0.0766714
    - EMG tracking error = 0.0323318
    - Primitives range penalty = 0.0191126
    - Muscle weightings range penalty = 0.0226751
    - Synthesised excitations range penalty = 0.00255188
  - Parameters penalty = 20.3196
 Model accuracy:
  - Trial inputData: 
    - hip_flexion_r: RMSE = 70.5634 Nm, R2 = 0.0190129
    - hip_adduction_r: RMSE = 77.4037 Nm, R2 = 0.0718647
    - hip_rotation_r: RMSE = 249.697 Nm, R2 = 0.386779
    - ankle_angle_r: RMSE = 55.4845 Nm, R2 = 0.00631968
    - hip_flexion_l: RMSE = 63.1531 Nm, R2 = 0.485326
    - hip_adduction_l: RMSE = 63.8798 Nm, R2 = 0.00764601
    - hip_rotation_l: RMSE = 262.853 Nm, R2 = 0.533609
    - knee_angle_l: RMSE = 111.494 Nm, R2 = 0.00143075
    - ankle_angle_l: RMSE = 66.8802 Nm, R2 = 0.00223839
 Synergy accuracy:
  - Mean RMSE = 0.00170163
  - Mean R2 = 0.999951
=====================================================


Iteration 79:
 Total loss = 1125.62 (best: 1128.96, iterations without improvement: 1)
  - Moment error = 1019.88
  - Normalised fiber length penalty = 86.0742
  - Tendon strain penalty = 0.0415286
  - Synthesised excitations squared = 0.14004
  - Synergy exctraction = 0.0711745
    - EMG tracking error = 0.0279924
    - Primitives range penalty = 0.0164902
    - Muscle weightings range penalty = 0.0251679
    - Synthesised excitations range penalty = 0.00152395
  - Parameters penalty = 19.4069
 Model accuracy:
  - Trial inputData: 
    - hip_flexion_r: RMSE = 70.9792 Nm, R2 = 0.0184065
    - hip_adduction_r: RMSE = 76.1798 Nm, R2 = 0.0674224
    - hip_rotation_r: RMSE = 249.879 Nm, R2 = 0.387377
    - ankle_angle_r: RMSE = 55.1014 Nm, R2 = 0.0111604
    - hip_flexion_l: RMSE = 63.8504 Nm, R2 = 0.478914
    - hip_adduction_l: RMSE = 62.8394 Nm, R2 = 0.00121804
    - hip_rotation_l: RMSE = 262.849 Nm, R2 = 0.53486
    - knee_angle_l: RMSE = 111.461 Nm, R2 = 0.00154314
    - ankle_angle_l: RMSE = 66.7449 Nm, R2 = 0.00160146
 Synergy accuracy:
  - Mean RMSE = 0.00161129
  - Mean R2 = 0.999953
=====================================================


Iteration 80:
 Total loss = 1122.5 (best: 1125.62, iterations without improvement: 1)
  - Moment error = 1018.4
  - Normalised fiber length penalty = 85.3575
  - Tendon strain penalty = 0.0413609
  - Synthesised excitations squared = 0.140186
  - Synergy exctraction = 0.074593
    - EMG tracking error = 0.0274561
    - Primitives range penalty = 0.0198173
    - Muscle weightings range penalty = 0.0271378
    - Synthesised excitations range penalty = 0.000181738
  - Parameters penalty = 18.4845
 Model accuracy:
  - Trial inputData: 
    - hip_flexion_r: RMSE = 71.0352 Nm, R2 = 0.0168753
    - hip_adduction_r: RMSE = 75.0725 Nm, R2 = 0.0767512
    - hip_rotation_r: RMSE = 250.385 Nm, R2 = 0.386307
    - ankle_angle_r: RMSE = 54.8501 Nm, R2 = 0.0166372
    - hip_flexion_l: RMSE = 63.3757 Nm, R2 = 0.480035
    - hip_adduction_l: RMSE = 62.7063 Nm, R2 = 0.000681522
    - hip_rotation_l: RMSE = 262.991 Nm, R2 = 0.535267
    - knee_angle_l: RMSE = 111.401 Nm, R2 = 0.0013402
    - ankle_angle_l: RMSE = 66.5819 Nm, R2 = 0.00102584
 Synergy accuracy:
  - Mean RMSE = 0.00161173
  - Mean R2 = 0.999949
=====================================================


Iteration 81:
 Total loss = 1120.92 (best: 1122.5, iterations without improvement: 1)
  - Moment error = 1018.25
  - Normalised fiber length penalty = 84.8545
  - Tendon strain penalty = 0.0414852
  - Synthesised excitations squared = 0.140272
  - Synergy exctraction = 0.0854676
    - EMG tracking error = 0.0297145
    - Primitives range penalty = 0.0248958
    - Muscle weightings range penalty = 0.0307996
    - Synthesised excitations range penalty = 5.77406e-05
  - Parameters penalty = 17.5436
 Model accuracy:
  - Trial inputData: 
    - hip_flexion_r: RMSE = 71.3887 Nm, R2 = 0.0150389
    - hip_adduction_r: RMSE = 73.974 Nm, R2 = 0.084981
    - hip_rotation_r: RMSE = 250.865 Nm, R2 = 0.38546
    - ankle_angle_r: RMSE = 54.7254 Nm, R2 = 0.020847
    - hip_flexion_l: RMSE = 63.3111 Nm, R2 = 0.477746
    - hip_adduction_l: RMSE = 62.9221 Nm, R2 = 0.00133928
    - hip_rotation_l: RMSE = 262.949 Nm, R2 = 0.536405
    - knee_angle_l: RMSE = 111.725 Nm, R2 = 0.00142265
    - ankle_angle_l: RMSE = 66.3906 Nm, R2 = 0.000557801
 Synergy accuracy:
  - Mean RMSE = 0.00164302
  - Mean R2 = 0.999943
=====================================================


Iteration 82:
 Total loss = 1120.79 (best: 1120.92, iterations without improvement: 1)
  - Moment error = 1019.3
  - Normalised fiber length penalty = 84.5546
  - Tendon strain penalty = 0.0410755
  - Synthesised excitations squared = 0.140334
  - Synergy exctraction = 0.0872756
    - EMG tracking error = 0.0266999
    - Primitives range penalty = 0.0286064
    - Muscle weightings range penalty = 0.0318817
    - Synthesised excitations range penalty = 8.76611e-05
  - Parameters penalty = 16.6713
 Model accuracy:
  - Trial inputData: 
    - hip_flexion_r: RMSE = 71.9776 Nm, R2 = 0.0134258
    - hip_adduction_r: RMSE = 72.9697 Nm, R2 = 0.0903291
    - hip_rotation_r: RMSE = 251.307 Nm, R2 = 0.385033
    - ankle_angle_r: RMSE = 54.6405 Nm, R2 = 0.0214984
    - hip_flexion_l: RMSE = 62.7955 Nm, R2 = 0.479264
    - hip_adduction_l: RMSE = 63.957 Nm, R2 = 0.00866823
    - hip_rotation_l: RMSE = 263.332 Nm, R2 = 0.535532
    - knee_angle_l: RMSE = 112.15 Nm, R2 = 0.00166249
    - ankle_angle_l: RMSE = 66.1667 Nm, R2 = 0.000239886
 Synergy accuracy:
  - Mean RMSE = 0.00154349
  - Mean R2 = 0.99995
=====================================================


Iteration 83:
 Total loss = 1120.78 (best: 1120.79, iterations without improvement: 1)
  - Moment error = 1020.19
  - Normalised fiber length penalty = 84.4415
  - Tendon strain penalty = 0.0414953
  - Synthesised excitations squared = 0.140298
  - Synergy exctraction = 0.0844764
    - EMG tracking error = 0.0218237
    - Primitives range penalty = 0.0289298
    - Muscle weightings range penalty = 0.0336449
    - Synthesised excitations range penalty = 7.79881e-05
  - Parameters penalty = 15.8798
 Model accuracy:
  - Trial inputData: 
    - hip_flexion_r: RMSE = 72.5993 Nm, R2 = 0.0125212
    - hip_adduction_r: RMSE = 71.9789 Nm, R2 = 0.0913456
    - hip_rotation_r: RMSE = 251.626 Nm, R2 = 0.385019
    - ankle_angle_r: RMSE = 54.6339 Nm, R2 = 0.019366
    - hip_flexion_l: RMSE = 63.1601 Nm, R2 = 0.474805
    - hip_adduction_l: RMSE = 64.418 Nm, R2 = 0.0137006
    - hip_rotation_l: RMSE = 263.263 Nm, R2 = 0.536685
    - knee_angle_l: RMSE = 112.542 Nm, R2 = 0.00193534
    - ankle_angle_l: RMSE = 65.9736 Nm, R2 = 6.78277e-05
 Synergy accuracy:
  - Mean RMSE = 0.00142831
  - Mean R2 = 0.99996
=====================================================


Iteration 84:
 Total loss = 1120.66 (best: 1120.79, iterations without improvement: 2)
  - Moment error = 1020.71
  - Normalised fiber length penalty = 84.4979
  - Tendon strain penalty = 0.0416548
  - Synthesised excitations squared = 0.140119
  - Synergy exctraction = 0.0945601
    - EMG tracking error = 0.0235957
    - Primitives range penalty = 0.0248279
    - Muscle weightings range penalty = 0.0461012
    - Synthesised excitations range penalty = 3.53367e-05
  - Parameters penalty = 15.1765
 Model accuracy:
  - Trial inputData: 
    - hip_flexion_r: RMSE = 73.1291 Nm, R2 = 0.012379
    - hip_adduction_r: RMSE = 71.0072 Nm, R2 = 0.0876983
    - hip_rotation_r: RMSE = 251.816 Nm, R2 = 0.385472
    - ankle_angle_r: RMSE = 54.6605 Nm, R2 = 0.0150645
    - hip_flexion_l: RMSE = 64.6618 Nm, R2 = 0.464142
    - hip_adduction_l: RMSE = 64.0059 Nm, R2 = 0.00956109
    - hip_rotation_l: RMSE = 262.81 Nm, R2 = 0.53956
    - knee_angle_l: RMSE = 112.86 Nm, R2 = 0.00221666
    - ankle_angle_l: RMSE = 65.7541 Nm, R2 = 3.62743e-06
 Synergy accuracy:
  - Mean RMSE = 0.00145912
  - Mean R2 = 0.99996
=====================================================


Iteration 85:
 Total loss = 1120.51 (best: 1120.66, iterations without improvement: 1)
  - Moment error = 1020.99
  - Normalised fiber length penalty = 84.7066
  - Tendon strain penalty = 0.0416522
  - Synthesised excitations squared = 0.139873
  - Synergy exctraction = 0.0997266
    - EMG tracking error = 0.0259603
    - Primitives range penalty = 0.0205295
    - Muscle weightings range penalty = 0.0532363
    - Synthesised excitations range penalty = 4.81612e-07
  - Parameters penalty = 14.5361
 Model accuracy:
  - Trial inputData: 
    - hip_flexion_r: RMSE = 73.4741 Nm, R2 = 0.0130745
    - hip_adduction_r: RMSE = 70.1577 Nm, R2 = 0.0792558
    - hip_rotation_r: RMSE = 251.845 Nm, R2 = 0.386335
    - ankle_angle_r: RMSE = 54.7566 Nm, R2 = 0.00889654
    - hip_flexion_l: RMSE = 65.4894 Nm, R2 = 0.458807
    - hip_adduction_l: RMSE = 63.9525 Nm, R2 = 0.00953197
    - hip_rotation_l: RMSE = 262.608 Nm, R2 = 0.541082
    - knee_angle_l: RMSE = 113.146 Nm, R2 = 0.00251425
    - ankle_angle_l: RMSE = 65.5586 Nm, R2 = 9.1091e-06
 Synergy accuracy:
  - Mean RMSE = 0.00152037
  - Mean R2 = 0.999956
=====================================================


Iteration 86:
 Total loss = 1120.46 (best: 1120.51, iterations without improvement: 1)
  - Moment error = 1021.19
  - Normalised fiber length penalty = 85.0393
  - Tendon strain penalty = 0.0419202
  - Synthesised excitations squared = 0.139691
  - Synergy exctraction = 0.0865863
    - EMG tracking error = 0.0232421
    - Primitives range penalty = 0.0189756
    - Muscle weightings range penalty = 0.0443687
    - Synthesised excitations range penalty = 0
  - Parameters penalty = 13.9624
 Model accuracy:
  - Trial inputData: 
    - hip_flexion_r: RMSE = 73.5607 Nm, R2 = 0.0148905
    - hip_adduction_r: RMSE = 69.8091 Nm, R2 = 0.0654256
    - hip_rotation_r: RMSE = 251.574 Nm, R2 = 0.38736
    - ankle_angle_r: RMSE = 54.9565 Nm, R2 = 0.00363846
    - hip_flexion_l: RMSE = 65.975 Nm, R2 = 0.455832
    - hip_adduction_l: RMSE = 64.0175 Nm, R2 = 0.0107391
    - hip_rotation_l: RMSE = 262.597 Nm, R2 = 0.542011
    - knee_angle_l: RMSE = 113.362 Nm, R2 = 0.00276848
    - ankle_angle_l: RMSE = 65.34 Nm, R2 = 4.84473e-05
 Synergy accuracy:
  - Mean RMSE = 0.00145034
  - Mean R2 = 0.999958
=====================================================


Iteration 87:
 Total loss = 1120.15 (best: 1120.51, iterations without improvement: 2)
  - Moment error = 1020.99
  - Normalised fiber length penalty = 85.4238
  - Tendon strain penalty = 0.0419832
  - Synthesised excitations squared = 0.139734
  - Synergy exctraction = 0.0809138
    - EMG tracking error = 0.0195049
    - Primitives range penalty = 0.0216165
    - Muscle weightings range penalty = 0.0397924
    - Synthesised excitations range penalty = 0
  - Parameters penalty = 13.4687
 Model accuracy:
  - Trial inputData: 
    - hip_flexion_r: RMSE = 73.6559 Nm, R2 = 0.0171762
    - hip_adduction_r: RMSE = 69.3658 Nm, R2 = 0.0490926
    - hip_rotation_r: RMSE = 251.145 Nm, R2 = 0.388858
    - ankle_angle_r: RMSE = 55.2388 Nm, R2 = 0.000917674
    - hip_flexion_l: RMSE = 65.7552 Nm, R2 = 0.456794
    - hip_adduction_l: RMSE = 64.4039 Nm, R2 = 0.0159159
    - hip_rotation_l: RMSE = 262.795 Nm, R2 = 0.542009
    - knee_angle_l: RMSE = 113.512 Nm, R2 = 0.00296176
    - ankle_angle_l: RMSE = 65.1197 Nm, R2 = 0.000102062
 Synergy accuracy:
  - Mean RMSE = 0.00133041
  - Mean R2 = 0.999964
=====================================================


Iteration 88:
 Total loss = 1119.83 (best: 1120.15, iterations without improvement: 1)
  - Moment error = 1020.85
  - Normalised fiber length penalty = 85.7125
  - Tendon strain penalty = 0.0418124
  - Synthesised excitations squared = 0.14013
  - Synergy exctraction = 0.0692323
    - EMG tracking error = 0.0180276
    - Primitives range penalty = 0.0253557
    - Muscle weightings range penalty = 0.0258489
    - Synthesised excitations range penalty = 0
  - Parameters penalty = 13.0125
 Model accuracy:
  - Trial inputData: 
    - hip_flexion_r: RMSE = 73.8405 Nm, R2 = 0.0197333
    - hip_adduction_r: RMSE = 69.0802 Nm, R2 = 0.0325207
    - hip_rotation_r: RMSE = 250.662 Nm, R2 = 0.390704
    - ankle_angle_r: RMSE = 55.4651 Nm, R2 = 7.22879e-05
    - hip_flexion_l: RMSE = 65.3958 Nm, R2 = 0.458264
    - hip_adduction_l: RMSE = 64.831 Nm, R2 = 0.0227281
    - hip_rotation_l: RMSE = 263.092 Nm, R2 = 0.541679
    - knee_angle_l: RMSE = 113.588 Nm, R2 = 0.00309373
    - ankle_angle_l: RMSE = 64.8941 Nm, R2 = 0.000155375
 Synergy accuracy:
  - Mean RMSE = 0.00126704
  - Mean R2 = 0.999967
=====================================================


Iteration 89:
 Total loss = 1119.7 (best: 1119.83, iterations without improvement: 1)
  - Moment error = 1021.02
  - Normalised fiber length penalty = 85.8313
  - Tendon strain penalty = 0.0417887
  - Synthesised excitations squared = 0.140871
  - Synergy exctraction = 0.0634754
    - EMG tracking error = 0.0178784
    - Primitives range penalty = 0.0288597
    - Muscle weightings range penalty = 0.016724
    - Synthesised excitations range penalty = 1.32839e-05
  - Parameters penalty = 12.6
 Model accuracy:
  - Trial inputData: 
    - hip_flexion_r: RMSE = 73.696 Nm, R2 = 0.0213706
    - hip_adduction_r: RMSE = 69.2172 Nm, R2 = 0.0302164
    - hip_rotation_r: RMSE = 250.575 Nm, R2 = 0.390652
    - ankle_angle_r: RMSE = 55.5817 Nm, R2 = 1.88709e-05
    - hip_flexion_l: RMSE = 66.5043 Nm, R2 = 0.451912
    - hip_adduction_l: RMSE = 64.1513 Nm, R2 = 0.0157863
    - hip_rotation_l: RMSE = 263.056 Nm, R2 = 0.542707
    - knee_angle_l: RMSE = 113.596 Nm, R2 = 0.0031739
    - ankle_angle_l: RMSE = 64.6465 Nm, R2 = 0.00020699
 Synergy accuracy:
  - Mean RMSE = 0.00127939
  - Mean R2 = 0.999965
=====================================================


Iteration 90:
 Total loss = 1119.39 (best: 1119.7, iterations without improvement: 1)
  - Moment error = 1021.15
  - Normalised fiber length penalty = 85.751
  - Tendon strain penalty = 0.0417526
  - Synthesised excitations squared = 0.141924
  - Synergy exctraction = 0.0685296
    - EMG tracking error = 0.0179118
    - Primitives range penalty = 0.0310201
    - Muscle weightings range penalty = 0.0163028
    - Synthesised excitations range penalty = 0.00329491
  - Parameters penalty = 12.2396
 Model accuracy:
  - Trial inputData: 
    - hip_flexion_r: RMSE = 73.585 Nm, R2 = 0.0228858
    - hip_adduction_r: RMSE = 69.3196 Nm, R2 = 0.0279014
    - hip_rotation_r: RMSE = 250.471 Nm, R2 = 0.390563
    - ankle_angle_r: RMSE = 55.5273 Nm, R2 = 4.39758e-05
    - hip_flexion_l: RMSE = 68.4391 Nm, R2 = 0.441945
    - hip_adduction_l: RMSE = 62.9548 Nm, R2 = 0.00568087
    - hip_rotation_l: RMSE = 262.854 Nm, R2 = 0.54434
    - knee_angle_l: RMSE = 113.584 Nm, R2 = 0.00321495
    - ankle_angle_l: RMSE = 64.4131 Nm, R2 = 0.000245299
 Synergy accuracy:
  - Mean RMSE = 0.00127512
  - Mean R2 = 0.999967
=====================================================


Iteration 91:
 Total loss = 1118.69 (best: 1119.39, iterations without improvement: 1)
  - Moment error = 1021.09
  - Normalised fiber length penalty = 85.4693
  - Tendon strain penalty = 0.0414341
  - Synthesised excitations squared = 0.143037
  - Synergy exctraction = 0.0726702
    - EMG tracking error = 0.0154372
    - Primitives range penalty = 0.0287768
    - Muscle weightings range penalty = 0.0147827
    - Synthesised excitations range penalty = 0.0136735
  - Parameters penalty = 11.8795
 Model accuracy:
  - Trial inputData: 
    - hip_flexion_r: RMSE = 73.1625 Nm, R2 = 0.0236606
    - hip_adduction_r: RMSE = 69.6315 Nm, R2 = 0.0353593
    - hip_rotation_r: RMSE = 250.669 Nm, R2 = 0.388937
    - ankle_angle_r: RMSE = 55.3362 Nm, R2 = 1.85247e-08
    - hip_flexion_l: RMSE = 69.1676 Nm, R2 = 0.437739
    - hip_adduction_l: RMSE = 62.4298 Nm, R2 = 0.00336876
    - hip_rotation_l: RMSE = 262.95 Nm, R2 = 0.544645
    - knee_angle_l: RMSE = 113.563 Nm, R2 = 0.00321551
    - ankle_angle_l: RMSE = 64.1764 Nm, R2 = 0.000250437
 Synergy accuracy:
  - Mean RMSE = 0.00117071
  - Mean R2 = 0.999973
=====================================================


Iteration 92:
 Total loss = 1117.38 (best: 1118.69, iterations without improvement: 1)
  - Moment error = 1020.61
  - Normalised fiber length penalty = 85.0145
  - Tendon strain penalty = 0.0417599
  - Synthesised excitations squared = 0.143346
  - Synergy exctraction = 0.061397
    - EMG tracking error = 0.0138173
    - Primitives range penalty = 0.0237511
    - Muscle weightings range penalty = 0.0194661
    - Synthesised excitations range penalty = 0.00436252
  - Parameters penalty = 11.5109
 Model accuracy:
  - Trial inputData: 
    - hip_flexion_r: RMSE = 72.7448 Nm, R2 = 0.0242338
    - hip_adduction_r: RMSE = 70.0599 Nm, R2 = 0.0446426
    - hip_rotation_r: RMSE = 250.884 Nm, R2 = 0.387168
    - ankle_angle_r: RMSE = 55.0237 Nm, R2 = 0.000227759
    - hip_flexion_l: RMSE = 69.4594 Nm, R2 = 0.435197
    - hip_adduction_l: RMSE = 62.0185 Nm, R2 = 0.00226134
    - hip_rotation_l: RMSE = 262.963 Nm, R2 = 0.545391
    - knee_angle_l: RMSE = 113.523 Nm, R2 = 0.00317543
    - ankle_angle_l: RMSE = 63.9302 Nm, R2 = 0.000217932
 Synergy accuracy:
  - Mean RMSE = 0.00111287
  - Mean R2 = 0.999972
=====================================================


Iteration 93:
 Total loss = 1115.72 (best: 1117.38, iterations without improvement: 1)
  - Moment error = 1019.88
  - Normalised fiber length penalty = 84.4562
  - Tendon strain penalty = 0.0420249
  - Synthesised excitations squared = 0.143672
  - Synergy exctraction = 0.068571
    - EMG tracking error = 0.0161649
    - Primitives range penalty = 0.0212933
    - Muscle weightings range penalty = 0.0271661
    - Synthesised excitations range penalty = 0.00394667
  - Parameters penalty = 11.1249
 Model accuracy:
  - Trial inputData: 
    - hip_flexion_r: RMSE = 72.439 Nm, R2 = 0.0251134
    - hip_adduction_r: RMSE = 70.4358 Nm, R2 = 0.0506405
    - hip_rotation_r: RMSE = 251.022 Nm, R2 = 0.385968
    - ankle_angle_r: RMSE = 54.6755 Nm, R2 = 0.00123098
    - hip_flexion_l: RMSE = 68.7016 Nm, R2 = 0.437403
    - hip_adduction_l: RMSE = 62.2163 Nm, R2 = 0.00455097
    - hip_rotation_l: RMSE = 263.239 Nm, R2 = 0.544922
    - knee_angle_l: RMSE = 113.51 Nm, R2 = 0.00311714
    - ankle_angle_l: RMSE = 63.643 Nm, R2 = 0.000196792
 Synergy accuracy:
  - Mean RMSE = 0.00121965
  - Mean R2 = 0.999964
=====================================================


Iteration 94:
 Total loss = 1114.17 (best: 1115.72, iterations without improvement: 1)
  - Moment error = 1019.33
  - Normalised fiber length penalty = 83.854
  - Tendon strain penalty = 0.0415236
  - Synthesised excitations squared = 0.143645
  - Synergy exctraction = 0.0792558
    - EMG tracking error = 0.019965
    - Primitives range penalty = 0.0231727
    - Muscle weightings range penalty = 0.035213
    - Synthesised excitations range penalty = 0.000905066
  - Parameters penalty = 10.7167
 Model accuracy:
  - Trial inputData: 
    - hip_flexion_r: RMSE = 72.178 Nm, R2 = 0.0264452
    - hip_adduction_r: RMSE = 70.7178 Nm, R2 = 0.0528712
    - hip_rotation_r: RMSE = 251.065 Nm, R2 = 0.38533
    - ankle_angle_r: RMSE = 54.3577 Nm, R2 = 0.00325318
    - hip_flexion_l: RMSE = 68.9156 Nm, R2 = 0.434982
    - hip_adduction_l: RMSE = 61.8088 Nm, R2 = 0.00324885
    - hip_rotation_l: RMSE = 263.207 Nm, R2 = 0.545764
    - knee_angle_l: RMSE = 113.513 Nm, R2 = 0.00306093
    - ankle_angle_l: RMSE = 63.5703 Nm, R2 = 0.000164839
 Synergy accuracy:
  - Mean RMSE = 0.00133956
  - Mean R2 = 0.99996
=====================================================


Iteration 95:
 Total loss = 1112.65 (best: 1114.17, iterations without improvement: 1)
  - Moment error = 1018.79
  - Normalised fiber length penalty = 83.2926
  - Tendon strain penalty = 0.0420804
  - Synthesised excitations squared = 0.143432
  - Synergy exctraction = 0.0815621
    - EMG tracking error = 0.0200527
    - Primitives range penalty = 0.0255673
    - Muscle weightings range penalty = 0.0359083
    - Synthesised excitations range penalty = 3.37978e-05
  - Parameters penalty = 10.298
 Model accuracy:
  - Trial inputData: 
    - hip_flexion_r: RMSE = 71.9194 Nm, R2 = 0.0284198
    - hip_adduction_r: RMSE = 70.9612 Nm, R2 = 0.051727
    - hip_rotation_r: RMSE = 251.028 Nm, R2 = 0.385159
    - ankle_angle_r: RMSE = 54.14 Nm, R2 = 0.0062903
    - hip_flexion_l: RMSE = 69.9083 Nm, R2 = 0.42891
    - hip_adduction_l: RMSE = 60.815 Nm, R2 = 0.000297225
    - hip_rotation_l: RMSE = 262.879 Nm, R2 = 0.547733
    - knee_angle_l: RMSE = 113.48 Nm, R2 = 0.00296801
    - ankle_angle_l: RMSE = 63.6611 Nm, R2 = 0.000126979
 Synergy accuracy:
  - Mean RMSE = 0.0013279
  - Mean R2 = 0.999964
=====================================================


Iteration 96:
 Total loss = 1111.47 (best: 1112.65, iterations without improvement: 1)
  - Moment error = 1018.43
  - Normalised fiber length penalty = 82.8386
  - Tendon strain penalty = 0.0422347
  - Synthesised excitations squared = 0.143284
  - Synergy exctraction = 0.0707762
    - EMG tracking error = 0.016627
    - Primitives range penalty = 0.02755
    - Muscle weightings range penalty = 0.0265506
    - Synthesised excitations range penalty = 4.86011e-05
  - Parameters penalty = 9.94112
 Model accuracy:
  - Trial inputData: 
    - hip_flexion_r: RMSE = 71.66 Nm, R2 = 0.0310065
    - hip_adduction_r: RMSE = 71.1329 Nm, R2 = 0.0473825
    - hip_rotation_r: RMSE = 250.873 Nm, R2 = 0.385388
    - ankle_angle_r: RMSE = 54.0311 Nm, R2 = 0.00984644
    - hip_flexion_l: RMSE = 70.1031 Nm, R2 = 0.426691
    - hip_adduction_l: RMSE = 60.4163 Nm, R2 = 2.77025e-05
    - hip_rotation_l: RMSE = 262.869 Nm, R2 = 0.548319
    - knee_angle_l: RMSE = 113.468 Nm, R2 = 0.00287439
    - ankle_angle_l: RMSE = 63.8774 Nm, R2 = 9.18712e-05
 Synergy accuracy:
  - Mean RMSE = 0.00121829
  - Mean R2 = 0.999969
=====================================================


Iteration 97:
 Total loss = 1110.55 (best: 1111.47, iterations without improvement: 1)
  - Moment error = 1018.18
  - Normalised fiber length penalty = 82.5303
  - Tendon strain penalty = 0.0419857
  - Synthesised excitations squared = 0.143296
  - Synergy exctraction = 0.0624551
    - EMG tracking error = 0.0144605
    - Primitives range penalty = 0.0311421
    - Muscle weightings range penalty = 0.0153086
    - Synthesised excitations range penalty = 0.00154394
  - Parameters penalty = 9.59148
 Model accuracy:
  - Trial inputData: 
    - hip_flexion_r: RMSE = 71.4625 Nm, R2 = 0.0338142
    - hip_adduction_r: RMSE = 71.275 Nm, R2 = 0.0411278
    - hip_rotation_r: RMSE = 250.678 Nm, R2 = 0.38595
    - ankle_angle_r: RMSE = 54.0146 Nm, R2 = 0.0129283
    - hip_flexion_l: RMSE = 70.433 Nm, R2 = 0.423937
    - hip_adduction_l: RMSE = 59.9611 Nm, R2 = 0.000109601
    - hip_rotation_l: RMSE = 262.879 Nm, R2 = 0.548608
    - knee_angle_l: RMSE = 113.451 Nm, R2 = 0.0027751
    - ankle_angle_l: RMSE = 64.0218 Nm, R2 = 9.64771e-05
 Synergy accuracy:
  - Mean RMSE = 0.00114193
  - Mean R2 = 0.99997
=====================================================


Iteration 98:
 Total loss = 1110.01 (best: 1110.55, iterations without improvement: 1)
  - Moment error = 1018.12
  - Normalised fiber length penalty = 82.4041
  - Tendon strain penalty = 0.0426182
  - Synthesised excitations squared = 0.143228
  - Synergy exctraction = 0.0653884
    - EMG tracking error = 0.0146517
    - Primitives range penalty = 0.0340898
    - Muscle weightings range penalty = 0.0118023
    - Synthesised excitations range penalty = 0.00484463
  - Parameters penalty = 9.23721
 Model accuracy:
  - Trial inputData: 
    - hip_flexion_r: RMSE = 71.3717 Nm, R2 = 0.0365164
    - hip_adduction_r: RMSE = 71.371 Nm, R2 = 0.0338213
    - hip_rotation_r: RMSE = 250.43 Nm, R2 = 0.38675
    - ankle_angle_r: RMSE = 54.0634 Nm, R2 = 0.01415
    - hip_flexion_l: RMSE = 70.2113 Nm, R2 = 0.424158
    - hip_adduction_l: RMSE = 59.9983 Nm, R2 = 2.00648e-05
    - hip_rotation_l: RMSE = 263.165 Nm, R2 = 0.547669
    - knee_angle_l: RMSE = 113.438 Nm, R2 = 0.00268048
    - ankle_angle_l: RMSE = 64.0732 Nm, R2 = 0.000137841
 Synergy accuracy:
  - Mean RMSE = 0.0011465
  - Mean R2 = 0.999971
=====================================================


Iteration 99:
 Total loss = 1109.56 (best: 1110.01, iterations without improvement: 1)
  - Moment error = 1017.91
  - Normalised fiber length penalty = 82.4739
  - Tendon strain penalty = 0.0420902
  - Synthesised excitations squared = 0.142797
  - Synergy exctraction = 0.0708495
    - EMG tracking error = 0.0157173
    - Primitives range penalty = 0.0344976
    - Muscle weightings range penalty = 0.0177036
    - Synthesised excitations range penalty = 0.00293099
  - Parameters penalty = 8.92169
 Model accuracy:
  - Trial inputData: 
    - hip_flexion_r: RMSE = 71.4413 Nm, R2 = 0.0386951
    - hip_adduction_r: RMSE = 71.4369 Nm, R2 = 0.0266327
    - hip_rotation_r: RMSE = 250.202 Nm, R2 = 0.387689
    - ankle_angle_r: RMSE = 54.1647 Nm, R2 = 0.0130628
    - hip_flexion_l: RMSE = 70.7533 Nm, R2 = 0.420432
    - hip_adduction_l: RMSE = 59.3487 Nm, R2 = 0.00107771
    - hip_rotation_l: RMSE = 263.07 Nm, R2 = 0.54828
    - knee_angle_l: RMSE = 113.41 Nm, R2 = 0.00258302
    - ankle_angle_l: RMSE = 64.0806 Nm, R2 = 0.000216191
 Synergy accuracy:
  - Mean RMSE = 0.00118576
  - Mean R2 = 0.999969
=====================================================


Iteration 100:
 Total loss = 1109.24 (best: 1109.56, iterations without improvement: 1)
  - Moment error = 1017.6
  - Normalised fiber length penalty = 82.7136
  - Tendon strain penalty = 0.0420937
  - Synthesised excitations squared = 0.142206
  - Synergy exctraction = 0.0694521
    - EMG tracking error = 0.0168128
    - Primitives range penalty = 0.0324304
    - Muscle weightings range penalty = 0.0193068
    - Synthesised excitations range penalty = 0.000902174
  - Parameters penalty = 8.67273
 Model accuracy:
  - Trial inputData: 
    - hip_flexion_r: RMSE = 71.5798 Nm, R2 = 0.0403021
    - hip_adduction_r: RMSE = 71.6135 Nm, R2 = 0.0201316
    - hip_rotation_r: RMSE = 249.882 Nm, R2 = 0.388542
    - ankle_angle_r: RMSE = 54.2601 Nm, R2 = 0.0101442
    - hip_flexion_l: RMSE = 71.0743 Nm, R2 = 0.418135
    - hip_adduction_l: RMSE = 58.8585 Nm, R2 = 0.00310376
    - hip_rotation_l: RMSE = 262.985 Nm, R2 = 0.548639
    - knee_angle_l: RMSE = 113.328 Nm, R2 = 0.00246258
    - ankle_angle_l: RMSE = 64.0166 Nm, R2 = 0.000366952
 Synergy accuracy:
  - Mean RMSE = 0.00121799
  - Mean R2 = 0.999966
=====================================================


Iteration 101:
 Total loss = 1109.07 (best: 1109.24, iterations without improvement: 1)
  - Moment error = 1017.25
  - Normalised fiber length penalty = 83.0918
  - Tendon strain penalty = 0.0421206
  - Synthesised excitations squared = 0.141629
  - Synergy exctraction = 0.0653468
    - EMG tracking error = 0.0141821
    - Primitives range penalty = 0.0305212
    - Muscle weightings range penalty = 0.0194128
    - Synthesised excitations range penalty = 0.00123074
  - Parameters penalty = 8.48273
 Model accuracy:
  - Trial inputData: 
    - hip_flexion_r: RMSE = 71.8038 Nm, R2 = 0.0410469
    - hip_adduction_r: RMSE = 71.7762 Nm, R2 = 0.0151858
    - hip_rotation_r: RMSE = 249.583 Nm, R2 = 0.389245
    - ankle_angle_r: RMSE = 54.3667 Nm, R2 = 0.00677576
    - hip_flexion_l: RMSE = 70.899 Nm, R2 = 0.418799
    - hip_adduction_l: RMSE = 58.6831 Nm, R2 = 0.00423536
    - hip_rotation_l: RMSE = 262.916 Nm, R2 = 0.548548
    - knee_angle_l: RMSE = 113.262 Nm, R2 = 0.00234859
    - ankle_angle_l: RMSE = 63.9609 Nm, R2 = 0.000558189
 Synergy accuracy:
  - Mean RMSE = 0.00111812
  - Mean R2 = 0.999969
=====================================================


Iteration 102:
 Total loss = 1109.08 (best: 1109.07, iterations without improvement: 1)
  - Moment error = 1016.97
  - Normalised fiber length penalty = 83.5509
  - Tendon strain penalty = 0.0418571
  - Synthesised excitations squared = 0.140833
  - Synergy exctraction = 0.065927
    - EMG tracking error = 0.0114947
    - Primitives range penalty = 0.0284772
    - Muscle weightings range penalty = 0.022268
    - Synthesised excitations range penalty = 0.00368714
  - Parameters penalty = 8.31509
 Model accuracy:
  - Trial inputData: 
    - hip_flexion_r: RMSE = 71.9478 Nm, R2 = 0.040896
    - hip_adduction_r: RMSE = 71.7078 Nm, R2 = 0.0138208
    - hip_rotation_r: RMSE = 249.498 Nm, R2 = 0.389312
    - ankle_angle_r: RMSE = 54.5219 Nm, R2 = 0.00370701
    - hip_flexion_l: RMSE = 70.2465 Nm, R2 = 0.422439
    - hip_adduction_l: RMSE = 58.9791 Nm, R2 = 0.0029456
    - hip_rotation_l: RMSE = 263.034 Nm, R2 = 0.547679
    - knee_angle_l: RMSE = 113.145 Nm, R2 = 0.00222701
    - ankle_angle_l: RMSE = 63.8853 Nm, R2 = 0.000778467
 Synergy accuracy:
  - Mean RMSE = 0.00100831
  - Mean R2 = 0.999974
=====================================================


Iteration 103:
 Total loss = 1109.04 (best: 1109.07, iterations without improvement: 2)
  - Moment error = 1016.55
  - Normalised fiber length penalty = 84.0812
  - Tendon strain penalty = 0.0422031
  - Synthesised excitations squared = 0.139431
  - Synergy exctraction = 0.068307
    - EMG tracking error = 0.0131673
    - Primitives range penalty = 0.0296585
    - Muscle weightings range penalty = 0.0251141
    - Synthesised excitations range penalty = 0.000367185
  - Parameters penalty = 8.15983
 Model accuracy:
  - Trial inputData: 
    - hip_flexion_r: RMSE = 72.2026 Nm, R2 = 0.0398137
    - hip_adduction_r: RMSE = 71.338 Nm, R2 = 0.0130118
    - hip_rotation_r: RMSE = 249.496 Nm, R2 = 0.389353
    - ankle_angle_r: RMSE = 54.6959 Nm, R2 = 0.00153003
    - hip_flexion_l: RMSE = 70.152 Nm, R2 = 0.423183
    - hip_adduction_l: RMSE = 58.8422 Nm, R2 = 0.00430678
    - hip_rotation_l: RMSE = 263.085 Nm, R2 = 0.546955
    - knee_angle_l: RMSE = 112.967 Nm, R2 = 0.00209529
    - ankle_angle_l: RMSE = 63.7737 Nm, R2 = 0.000959226
 Synergy accuracy:
  - Mean RMSE = 0.0010617
  - Mean R2 = 0.999976
=====================================================


Iteration 104:
 Total loss = 1108.64 (best: 1109.07, iterations without improvement: 3)
  - Moment error = 1015.81
  - Normalised fiber length penalty = 84.5704
  - Tendon strain penalty = 0.0421194
  - Synthesised excitations squared = 0.138097
  - Synergy exctraction = 0.0730279
    - EMG tracking error = 0.0142683
    - Primitives range penalty = 0.0349308
    - Muscle weightings range penalty = 0.0237687
    - Synthesised excitations range penalty = 6.0045e-05
  - Parameters penalty = 8.00788
 Model accuracy:
  - Trial inputData: 
    - hip_flexion_r: RMSE = 72.4686 Nm, R2 = 0.0379531
    - hip_adduction_r: RMSE = 70.7724 Nm, R2 = 0.0139154
    - hip_rotation_r: RMSE = 249.648 Nm, R2 = 0.389112
    - ankle_angle_r: RMSE = 54.8654 Nm, R2 = 0.000436427
    - hip_flexion_l: RMSE = 70.4289 Nm, R2 = 0.421744
    - hip_adduction_l: RMSE = 58.3023 Nm, R2 = 0.0094038
    - hip_rotation_l: RMSE = 262.928 Nm, R2 = 0.546894
    - knee_angle_l: RMSE = 112.732 Nm, R2 = 0.00195388
    - ankle_angle_l: RMSE = 63.6633 Nm, R2 = 0.00112242
 Synergy accuracy:
  - Mean RMSE = 0.00109643
  - Mean R2 = 0.999977
=====================================================


Iteration 105:
 Total loss = 1108.02 (best: 1108.64, iterations without improvement: 1)
  - Moment error = 1014.93
  - Normalised fiber length penalty = 84.9763
  - Tendon strain penalty = 0.0423534
  - Synthesised excitations squared = 0.136987
  - Synergy exctraction = 0.0656943
    - EMG tracking error = 0.0107194
    - Primitives range penalty = 0.0373742
    - Muscle weightings range penalty = 0.0175763
    - Synthesised excitations range penalty = 2.44151e-05
  - Parameters penalty = 7.87533
 Model accuracy:
  - Trial inputData: 
    - hip_flexion_r: RMSE = 72.7253 Nm, R2 = 0.0357971
    - hip_adduction_r: RMSE = 70.1959 Nm, R2 = 0.015967
    - hip_rotation_r: RMSE = 249.812 Nm, R2 = 0.388547
    - ankle_angle_r: RMSE = 54.989 Nm, R2 = 5.89204e-05
    - hip_flexion_l: RMSE = 69.9848 Nm, R2 = 0.424409
    - hip_adduction_l: RMSE = 58.3325 Nm, R2 = 0.0105858
    - hip_rotation_l: RMSE = 262.903 Nm, R2 = 0.546231
    - knee_angle_l: RMSE = 112.462 Nm, R2 = 0.00180228
    - ankle_angle_l: RMSE = 63.5234 Nm, R2 = 0.00125982
 Synergy accuracy:
  - Mean RMSE = 0.000964214
  - Mean R2 = 0.999978
=====================================================


Iteration 106:
 Total loss = 1107.2 (best: 1108.02, iterations without improvement: 1)
  - Moment error = 1014.02
  - Normalised fiber length penalty = 85.2032
  - Tendon strain penalty = 0.0425352
  - Synthesised excitations squared = 0.136145
  - Synergy exctraction = 0.0558522
    - EMG tracking error = 0.00949373
    - Primitives range penalty = 0.0344278
    - Muscle weightings range penalty = 0.0119303
    - Synthesised excitations range penalty = 2.99565e-07
  - Parameters penalty = 7.74054
 Model accuracy:
  - Trial inputData: 
    - hip_flexion_r: RMSE = 73.0275 Nm, R2 = 0.0336015
    - hip_adduction_r: RMSE = 69.7785 Nm, R2 = 0.0176812
    - hip_rotation_r: RMSE = 249.902 Nm, R2 = 0.388
    - ankle_angle_r: RMSE = 55.0607 Nm, R2 = 5.5375e-07
    - hip_flexion_l: RMSE = 69.3372 Nm, R2 = 0.427233
    - hip_adduction_l: RMSE = 58.534 Nm, R2 = 0.00996774
    - hip_rotation_l: RMSE = 262.86 Nm, R2 = 0.545912
    - knee_angle_l: RMSE = 112.17 Nm, R2 = 0.00165612
    - ankle_angle_l: RMSE = 63.3544 Nm, R2 = 0.00140789
 Synergy accuracy:
  - Mean RMSE = 0.000913903
  - Mean R2 = 0.999977
=====================================================


Iteration 107:
 Total loss = 1105.79 (best: 1107.2, iterations without improvement: 1)
  - Moment error = 1012.78
  - Normalised fiber length penalty = 85.1854
  - Tendon strain penalty = 0.0427277
  - Synthesised excitations squared = 0.13555
  - Synergy exctraction = 0.0543616
    - EMG tracking error = 0.0114453
    - Primitives range penalty = 0.0301733
    - Muscle weightings range penalty = 0.012743
    - Synthesised excitations range penalty = 0
  - Parameters penalty = 7.59782
 Model accuracy:
  - Trial inputData: 
    - hip_flexion_r: RMSE = 73.3741 Nm, R2 = 0.0315805
    - hip_adduction_r: RMSE = 69.3552 Nm, R2 = 0.0187344
    - hip_rotation_r: RMSE = 249.947 Nm, R2 = 0.387614
    - ankle_angle_r: RMSE = 55.0728 Nm, R2 = 9.30715e-06
    - hip_flexion_l: RMSE = 68.7067 Nm, R2 = 0.429231
    - hip_adduction_l: RMSE = 58.6806 Nm, R2 = 0.00988621
    - hip_rotation_l: RMSE = 262.679 Nm, R2 = 0.54614
    - knee_angle_l: RMSE = 111.801 Nm, R2 = 0.00148931
    - ankle_angle_l: RMSE = 63.1593 Nm, R2 = 0.00152533
 Synergy accuracy:
  - Mean RMSE = 0.000994732
  - Mean R2 = 0.999976
=====================================================


Iteration 108:
 Total loss = 1104.13 (best: 1105.79, iterations without improvement: 1)
  - Moment error = 1011.56
  - Normalised fiber length penalty = 84.8585
  - Tendon strain penalty = 0.0426598
  - Synthesised excitations squared = 0.135237
  - Synergy exctraction = 0.0596032
    - EMG tracking error = 0.0116558
    - Primitives range penalty = 0.0290807
    - Muscle weightings range penalty = 0.0188163
    - Synthesised excitations range penalty = 5.02928e-05
  - Parameters penalty = 7.48249
 Model accuracy:
  - Trial inputData: 
    - hip_flexion_r: RMSE = 73.7292 Nm, R2 = 0.0297237
    - hip_adduction_r: RMSE = 69.0005 Nm, R2 = 0.018987
    - hip_rotation_r: RMSE = 249.971 Nm, R2 = 0.387462
    - ankle_angle_r: RMSE = 55.0139 Nm, R2 = 0.0002233
    - hip_flexion_l: RMSE = 67.9683 Nm, R2 = 0.43188
    - hip_adduction_l: RMSE = 58.9629 Nm, R2 = 0.00881272
    - hip_rotation_l: RMSE = 262.559 Nm, R2 = 0.546336
    - knee_angle_l: RMSE = 111.396 Nm, R2 = 0.0013254
    - ankle_angle_l: RMSE = 62.9547 Nm, R2 = 0.00163493
 Synergy accuracy:
  - Mean RMSE = 0.000995975
  - Mean R2 = 0.999976
=====================================================


Iteration 109:
 Total loss = 1102.29 (best: 1104.13, iterations without improvement: 1)
  - Moment error = 1010.24
  - Normalised fiber length penalty = 84.4432
  - Tendon strain penalty = 0.0427535
  - Synthesised excitations squared = 0.135149
  - Synergy exctraction = 0.0666399
    - EMG tracking error = 0.0102691
    - Primitives range penalty = 0.0317641
    - Muscle weightings range penalty = 0.0236595
    - Synthesised excitations range penalty = 0.000947154
  - Parameters penalty = 7.36868
 Model accuracy:
  - Trial inputData: 
    - hip_flexion_r: RMSE = 74.0819 Nm, R2 = 0.0281717
    - hip_adduction_r: RMSE = 68.6715 Nm, R2 = 0.0182313
    - hip_rotation_r: RMSE = 249.97 Nm, R2 = 0.387546
    - ankle_angle_r: RMSE = 54.9442 Nm, R2 = 0.000865642
    - hip_flexion_l: RMSE = 67.0339 Nm, R2 = 0.436629
    - hip_adduction_l: RMSE = 59.3447 Nm, R2 = 0.00728083
    - hip_rotation_l: RMSE = 262.46 Nm, R2 = 0.546182
    - knee_angle_l: RMSE = 110.973 Nm, R2 = 0.00117318
    - ankle_angle_l: RMSE = 62.7578 Nm, R2 = 0.00176525
 Synergy accuracy:
  - Mean RMSE = 0.000933804
  - Mean R2 = 0.999977
=====================================================


Iteration 110:
 Total loss = 1100.11 (best: 1102.29, iterations without improvement: 1)
  - Moment error = 1008.6
  - Normalised fiber length penalty = 83.9925
  - Tendon strain penalty = 0.0422199
  - Synthesised excitations squared = 0.135081
  - Synergy exctraction = 0.0730958
    - EMG tracking error = 0.00871634
    - Primitives range penalty = 0.0362831
    - Muscle weightings range penalty = 0.0255164
    - Synthesised excitations range penalty = 0.00257997
  - Parameters penalty = 7.2621
 Model accuracy:
  - Trial inputData: 
    - hip_flexion_r: RMSE = 74.3819 Nm, R2 = 0.0271598
    - hip_adduction_r: RMSE = 68.3436 Nm, R2 = 0.0161848
    - hip_rotation_r: RMSE = 249.871 Nm, R2 = 0.387868
    - ankle_angle_r: RMSE = 54.8903 Nm, R2 = 0.0019655
    - hip_flexion_l: RMSE = 66.144 Nm, R2 = 0.441615
    - hip_adduction_l: RMSE = 59.681 Nm, R2 = 0.0065489
    - hip_rotation_l: RMSE = 262.301 Nm, R2 = 0.546309
    - knee_angle_l: RMSE = 110.53 Nm, R2 = 0.00103735
    - ankle_angle_l: RMSE = 62.4619 Nm, R2 = 0.00192582
 Synergy accuracy:
  - Mean RMSE = 0.000869318
  - Mean R2 = 0.999978
=====================================================


Iteration 111:
 Total loss = 1098.18 (best: 1100.11, iterations without improvement: 1)
  - Moment error = 1007.21
  - Normalised fiber length penalty = 83.5479
  - Tendon strain penalty = 0.0427498
  - Synthesised excitations squared = 0.134835
  - Synergy exctraction = 0.0800171
    - EMG tracking error = 0.00986629
    - Primitives range penalty = 0.0408445
    - Muscle weightings range penalty = 0.0270296
    - Synthesised excitations range penalty = 0.00227672
  - Parameters penalty = 7.16126
 Model accuracy:
  - Trial inputData: 
    - hip_flexion_r: RMSE = 74.6698 Nm, R2 = 0.0264477
    - hip_adduction_r: RMSE = 68.0584 Nm, R2 = 0.0134336
    - hip_rotation_r: RMSE = 249.749 Nm, R2 = 0.388419
    - ankle_angle_r: RMSE = 54.8265 Nm, R2 = 0.00319216
    - hip_flexion_l: RMSE = 65.3883 Nm, R2 = 0.446344
    - hip_adduction_l: RMSE = 60.0494 Nm, R2 = 0.00588016
    - hip_rotation_l: RMSE = 262.245 Nm, R2 = 0.545982
    - knee_angle_l: RMSE = 110.064 Nm, R2 = 0.000922674
    - ankle_angle_l: RMSE = 62.1609 Nm, R2 = 0.00212647
 Synergy accuracy:
  - Mean RMSE = 0.000928674
  - Mean R2 = 0.999978
=====================================================


Iteration 112:
 Total loss = 1096.62 (best: 1098.18, iterations without improvement: 1)
  - Moment error = 1006.2
  - Normalised fiber length penalty = 83.1213
  - Tendon strain penalty = 0.0421232
  - Synthesised excitations squared = 0.134319
  - Synergy exctraction = 0.0810418
    - EMG tracking error = 0.0117163
    - Primitives range penalty = 0.0400796
    - Muscle weightings range penalty = 0.0279461
    - Synthesised excitations range penalty = 0.00129985
  - Parameters penalty = 7.04221
 Model accuracy:
  - Trial inputData: 
    - hip_flexion_r: RMSE = 74.9124 Nm, R2 = 0.0261932
    - hip_adduction_r: RMSE = 67.897 Nm, R2 = 0.0103044
    - hip_rotation_r: RMSE = 249.608 Nm, R2 = 0.389138
    - ankle_angle_r: RMSE = 54.7522 Nm, R2 = 0.00410328
    - hip_flexion_l: RMSE = 64.5237 Nm, R2 = 0.45261
    - hip_adduction_l: RMSE = 60.7116 Nm, R2 = 0.00327769
    - hip_rotation_l: RMSE = 262.366 Nm, R2 = 0.544896
    - knee_angle_l: RMSE = 109.591 Nm, R2 = 0.000845014
    - ankle_angle_l: RMSE = 61.8403 Nm, R2 = 0.00246142
 Synergy accuracy:
  - Mean RMSE = 0.00100057
  - Mean R2 = 0.999975
=====================================================


Iteration 113:
 Total loss = 1095.09 (best: 1096.62, iterations without improvement: 1)
  - Moment error = 1005.18
  - Normalised fiber length penalty = 82.747
  - Tendon strain penalty = 0.0420811
  - Synthesised excitations squared = 0.133518
  - Synergy exctraction = 0.0757131
    - EMG tracking error = 0.0121286
    - Primitives range penalty = 0.0343391
    - Muscle weightings range penalty = 0.0258765
    - Synthesised excitations range penalty = 0.00336885
  - Parameters penalty = 6.91926
 Model accuracy:
  - Trial inputData: 
    - hip_flexion_r: RMSE = 75.1152 Nm, R2 = 0.0255025
    - hip_adduction_r: RMSE = 67.6602 Nm, R2 = 0.00908136
    - hip_rotation_r: RMSE = 249.538 Nm, R2 = 0.389513
    - ankle_angle_r: RMSE = 54.679 Nm, R2 = 0.0045738
    - hip_flexion_l: RMSE = 64.2403 Nm, R2 = 0.454623
    - hip_adduction_l: RMSE = 60.9607 Nm, R2 = 0.00394137
    - hip_rotation_l: RMSE = 262.224 Nm, R2 = 0.544941
    - knee_angle_l: RMSE = 109.124 Nm, R2 = 0.000836956
    - ankle_angle_l: RMSE = 61.6357 Nm, R2 = 0.00271835
 Synergy accuracy:
  - Mean RMSE = 0.0010172
  - Mean R2 = 0.999973
=====================================================


Iteration 114:
 Total loss = 1094.21 (best: 1095.09, iterations without improvement: 1)
  - Moment error = 1004.76
  - Normalised fiber length penalty = 82.42
  - Tendon strain penalty = 0.0424186
  - Synthesised excitations squared = 0.132164
  - Synergy exctraction = 0.0617824
    - EMG tracking error = 0.0112026
    - Primitives range penalty = 0.0289246
    - Muscle weightings range penalty = 0.0193576
    - Synthesised excitations range penalty = 0.00229769
  - Parameters penalty = 6.79218
 Model accuracy:
  - Trial inputData: 
    - hip_flexion_r: RMSE = 75.1779 Nm, R2 = 0.0250721
    - hip_adduction_r: RMSE = 67.5412 Nm, R2 = 0.00907556
    - hip_rotation_r: RMSE = 249.512 Nm, R2 = 0.389457
    - ankle_angle_r: RMSE = 54.5838 Nm, R2 = 0.00477502
    - hip_flexion_l: RMSE = 63.9789 Nm, R2 = 0.457069
    - hip_adduction_l: RMSE = 61.48 Nm, R2 = 0.00289198
    - hip_rotation_l: RMSE = 262.147 Nm, R2 = 0.544562
    - knee_angle_l: RMSE = 108.797 Nm, R2 = 0.000955953
    - ankle_angle_l: RMSE = 61.5465 Nm, R2 = 0.00283684
 Synergy accuracy:
  - Mean RMSE = 0.000985054
  - Mean R2 = 0.999973
=====================================================


Iteration 115:
 Total loss = 1093.64 (best: 1094.21, iterations without improvement: 1)
  - Moment error = 1004.58
  - Normalised fiber length penalty = 82.1594
  - Tendon strain penalty = 0.0420817
  - Synthesised excitations squared = 0.130597
  - Synergy exctraction = 0.0567771
    - EMG tracking error = 0.0116926
    - Primitives range penalty = 0.0292225
    - Muscle weightings range penalty = 0.0140333
    - Synthesised excitations range penalty = 0.00182876
  - Parameters penalty = 6.6686
 Model accuracy:
  - Trial inputData: 
    - hip_flexion_r: RMSE = 75.1667 Nm, R2 = 0.0245113
    - hip_adduction_r: RMSE = 67.4818 Nm, R2 = 0.0104748
    - hip_rotation_r: RMSE = 249.577 Nm, R2 = 0.389005
    - ankle_angle_r: RMSE = 54.4913 Nm, R2 = 0.00490599
    - hip_flexion_l: RMSE = 63.5584 Nm, R2 = 0.459534
    - hip_adduction_l: RMSE = 62.0502 Nm, R2 = 0.00179906
    - hip_rotation_l: RMSE = 262.095 Nm, R2 = 0.544248
    - knee_angle_l: RMSE = 108.58 Nm, R2 = 0.00103097
    - ankle_angle_l: RMSE = 61.583 Nm, R2 = 0.00288077
 Synergy accuracy:
  - Mean RMSE = 0.00101229
  - Mean R2 = 0.999972
=====================================================


Iteration 116:
 Total loss = 1093.02 (best: 1093.64, iterations without improvement: 1)
  - Moment error = 1004.25
  - Normalised fiber length penalty = 81.9691
  - Tendon strain penalty = 0.0423195
  - Synthesised excitations squared = 0.128946
  - Synergy exctraction = 0.0605027
    - EMG tracking error = 0.0116869
    - Primitives range penalty = 0.0348313
    - Muscle weightings range penalty = 0.013346
    - Synthesised excitations range penalty = 0.000638498
  - Parameters penalty = 6.56362
 Model accuracy:
  - Trial inputData: 
    - hip_flexion_r: RMSE = 75.0772 Nm, R2 = 0.024105
    - hip_adduction_r: RMSE = 67.5007 Nm, R2 = 0.0126229
    - hip_rotation_r: RMSE = 249.654 Nm, R2 = 0.38845
    - ankle_angle_r: RMSE = 54.4035 Nm, R2 = 0.0048175
    - hip_flexion_l: RMSE = 62.3764 Nm, R2 = 0.467683
    - hip_adduction_l: RMSE = 62.9758 Nm, R2 = 0.000113388
    - hip_rotation_l: RMSE = 262.32 Nm, R2 = 0.542915
    - knee_angle_l: RMSE = 108.402 Nm, R2 = 0.000929453
    - ankle_angle_l: RMSE = 61.5424 Nm, R2 = 0.00303475
 Synergy accuracy:
  - Mean RMSE = 0.00100196
  - Mean R2 = 0.999971
=====================================================


Iteration 117:
 Total loss = 1092.49 (best: 1093.02, iterations without improvement: 1)
  - Moment error = 1003.96
  - Normalised fiber length penalty = 81.8247
  - Tendon strain penalty = 0.0421776
  - Synthesised excitations squared = 0.127385
  - Synergy exctraction = 0.068266
    - EMG tracking error = 0.0112283
    - Primitives range penalty = 0.0422617
    - Muscle weightings range penalty = 0.0146017
    - Synthesised excitations range penalty = 0.000174185
  - Parameters penalty = 6.46673
 Model accuracy:
  - Trial inputData: 
    - hip_flexion_r: RMSE = 75.0066 Nm, R2 = 0.0239508
    - hip_adduction_r: RMSE = 67.5259 Nm, R2 = 0.0136486
    - hip_rotation_r: RMSE = 249.686 Nm, R2 = 0.388226
    - ankle_angle_r: RMSE = 54.3605 Nm, R2 = 0.00414485
    - hip_flexion_l: RMSE = 61.4917 Nm, R2 = 0.473103
    - hip_adduction_l: RMSE = 63.7172 Nm, R2 = 0.000140767
    - hip_rotation_l: RMSE = 262.248 Nm, R2 = 0.542514
    - knee_angle_l: RMSE = 108.49 Nm, R2 = 0.00092317
    - ankle_angle_l: RMSE = 61.4386 Nm, R2 = 0.00324657
 Synergy accuracy:
  - Mean RMSE = 0.000980023
  - Mean R2 = 0.999972
=====================================================


Iteration 118:
 Total loss = 1092.38 (best: 1092.49, iterations without improvement: 1)
  - Moment error = 1004.11
  - Normalised fiber length penalty = 81.6829
  - Tendon strain penalty = 0.0427147
  - Synthesised excitations squared = 0.126041
  - Synergy exctraction = 0.0760698
    - EMG tracking error = 0.011726
    - Primitives range penalty = 0.0462579
    - Muscle weightings range penalty = 0.0176972
    - Synthesised excitations range penalty = 0.000388635
  - Parameters penalty = 6.33717
 Model accuracy:
  - Trial inputData: 
    - hip_flexion_r: RMSE = 74.93 Nm, R2 = 0.0241312
    - hip_adduction_r: RMSE = 67.5556 Nm, R2 = 0.0134441
    - hip_rotation_r: RMSE = 249.658 Nm, R2 = 0.388324
    - ankle_angle_r: RMSE = 54.3696 Nm, R2 = 0.00299987
    - hip_flexion_l: RMSE = 62.0348 Nm, R2 = 0.46935
    - hip_adduction_l: RMSE = 63.7093 Nm, R2 = 3.57673e-05
    - hip_rotation_l: RMSE = 261.847 Nm, R2 = 0.543819
    - knee_angle_l: RMSE = 108.692 Nm, R2 = 0.00105065
    - ankle_angle_l: RMSE = 61.3163 Nm, R2 = 0.00348946
 Synergy accuracy:
  - Mean RMSE = 0.00100422
  - Mean R2 = 0.99997
=====================================================


Iteration 119:
 Total loss = 1092.47 (best: 1092.38, iterations without improvement: 1)
  - Moment error = 1004.41
  - Normalised fiber length penalty = 81.6152
  - Tendon strain penalty = 0.0424674
  - Synthesised excitations squared = 0.124869
  - Synergy exctraction = 0.0779651
    - EMG tracking error = 0.0123053
    - Primitives range penalty = 0.0443682
    - Muscle weightings range penalty = 0.0200247
    - Synthesised excitations range penalty = 0.0012669
  - Parameters penalty = 6.20086
 Model accuracy:
  - Trial inputData: 
    - hip_flexion_r: RMSE = 74.8585 Nm, R2 = 0.02459
    - hip_adduction_r: RMSE = 67.585 Nm, R2 = 0.012138
    - hip_rotation_r: RMSE = 249.568 Nm, R2 = 0.388706
    - ankle_angle_r: RMSE = 54.4533 Nm, R2 = 0.00149921
    - hip_flexion_l: RMSE = 62.3267 Nm, R2 = 0.467889
    - hip_adduction_l: RMSE = 63.9674 Nm, R2 = 7.42666e-06
    - hip_rotation_l: RMSE = 261.635 Nm, R2 = 0.544427
    - knee_angle_l: RMSE = 108.844 Nm, R2 = 0.00118744
    - ankle_angle_l: RMSE = 61.1703 Nm, R2 = 0.00368283
 Synergy accuracy:
  - Mean RMSE = 0.00102473
  - Mean R2 = 0.999969
=====================================================


Iteration 120:
 Total loss = 1092.71 (best: 1092.38, iterations without improvement: 2)
  - Moment error = 1004.85
  - Normalised fiber length penalty = 81.5788
  - Tendon strain penalty = 0.0418422
  - Synthesised excitations squared = 0.12378
  - Synergy exctraction = 0.0788171
    - EMG tracking error = 0.0125791
    - Primitives range penalty = 0.0390929
    - Muscle weightings range penalty = 0.0254312
    - Synthesised excitations range penalty = 0.0017139
  - Parameters penalty = 6.04281
 Model accuracy:
  - Trial inputData: 
    - hip_flexion_r: RMSE = 74.7514 Nm, R2 = 0.0252236
    - hip_adduction_r: RMSE = 67.744 Nm, R2 = 0.0105243
    - hip_rotation_r: RMSE = 249.413 Nm, R2 = 0.38911
    - ankle_angle_r: RMSE = 54.5082 Nm, R2 = 0.000729624
    - hip_flexion_l: RMSE = 62.6579 Nm, R2 = 0.46657
    - hip_adduction_l: RMSE = 64.1744 Nm, R2 = 4.77863e-06
    - hip_rotation_l: RMSE = 261.606 Nm, R2 = 0.544384
    - knee_angle_l: RMSE = 108.999 Nm, R2 = 0.00132587
    - ankle_angle_l: RMSE = 60.9934 Nm, R2 = 0.00382563
 Synergy accuracy:
  - Mean RMSE = 0.0010288
  - Mean R2 = 0.999968
=====================================================


Iteration 121:
 Total loss = 1092.81 (best: 1092.38, iterations without improvement: 3)
  - Moment error = 1005.17
  - Normalised fiber length penalty = 81.525
  - Tendon strain penalty = 0.0425981
  - Synthesised excitations squared = 0.122751
  - Synergy exctraction = 0.0720988
    - EMG tracking error = 0.013807
    - Primitives range penalty = 0.0348012
    - Muscle weightings range penalty = 0.0216288
    - Synthesised excitations range penalty = 0.0018618
  - Parameters penalty = 5.87287
 Model accuracy:
  - Trial inputData: 
    - hip_flexion_r: RMSE = 74.5963 Nm, R2 = 0.0255509
    - hip_adduction_r: RMSE = 67.8658 Nm, R2 = 0.0109415
    - hip_rotation_r: RMSE = 249.414 Nm, R2 = 0.389082
    - ankle_angle_r: RMSE = 54.5155 Nm, R2 = 0.000488455
    - hip_flexion_l: RMSE = 62.3997 Nm, R2 = 0.468724
    - hip_adduction_l: RMSE = 64.5537 Nm, R2 = 0.000497258
    - hip_rotation_l: RMSE = 261.899 Nm, R2 = 0.543047
    - knee_angle_l: RMSE = 109.092 Nm, R2 = 0.00143613
    - ankle_angle_l: RMSE = 60.8357 Nm, R2 = 0.00387096
 Synergy accuracy:
  - Mean RMSE = 0.00107683
  - Mean R2 = 0.999964
=====================================================


Iteration 122:
 Total loss = 1092.74 (best: 1092.38, iterations without improvement: 4)
  - Moment error = 1005.27
  - Normalised fiber length penalty = 81.5294
  - Tendon strain penalty = 0.0426526
  - Synthesised excitations squared = 0.121799
  - Synergy exctraction = 0.068324
    - EMG tracking error = 0.0162365
    - Primitives range penalty = 0.0338698
    - Muscle weightings range penalty = 0.016129
    - Synthesised excitations range penalty = 0.00208864
  - Parameters penalty = 5.71146
 Model accuracy:
  - Trial inputData: 
    - hip_flexion_r: RMSE = 74.4633 Nm, R2 = 0.0258088
    - hip_adduction_r: RMSE = 67.9108 Nm, R2 = 0.0116475
    - hip_rotation_r: RMSE = 249.457 Nm, R2 = 0.389053
    - ankle_angle_r: RMSE = 54.5108 Nm, R2 = 0.000440396
    - hip_flexion_l: RMSE = 62.022 Nm, R2 = 0.471494
    - hip_adduction_l: RMSE = 64.8303 Nm, R2 = 0.00164227
    - hip_rotation_l: RMSE = 262.192 Nm, R2 = 0.541852
    - knee_angle_l: RMSE = 109.159 Nm, R2 = 0.00152755
    - ankle_angle_l: RMSE = 60.7261 Nm, R2 = 0.00382215
 Synergy accuracy:
  - Mean RMSE = 0.00116248
  - Mean R2 = 0.999958
=====================================================


Iteration 123:
 Total loss = 1092.7 (best: 1092.38, iterations without improvement: 5)
  - Moment error = 1005.29
  - Normalised fiber length penalty = 81.6088
  - Tendon strain penalty = 0.0422916
  - Synthesised excitations squared = 0.120716
  - Synergy exctraction = 0.0706001
    - EMG tracking error = 0.0191338
    - Primitives range penalty = 0.0360786
    - Muscle weightings range penalty = 0.0138015
    - Synthesised excitations range penalty = 0.00158628
  - Parameters penalty = 5.5654
 Model accuracy:
  - Trial inputData: 
    - hip_flexion_r: RMSE = 74.2789 Nm, R2 = 0.0259529
    - hip_adduction_r: RMSE = 67.9665 Nm, R2 = 0.0131933
    - hip_rotation_r: RMSE = 249.512 Nm, R2 = 0.388779
    - ankle_angle_r: RMSE = 54.5111 Nm, R2 = 0.000533317
    - hip_flexion_l: RMSE = 62.7003 Nm, R2 = 0.468111
    - hip_adduction_l: RMSE = 64.3135 Nm, R2 = 0.00048766
    - hip_rotation_l: RMSE = 262.136 Nm, R2 = 0.542322
    - knee_angle_l: RMSE = 109.214 Nm, R2 = 0.00162463
    - ankle_angle_l: RMSE = 60.657 Nm, R2 = 0.00367458
 Synergy accuracy:
  - Mean RMSE = 0.00126035
  - Mean R2 = 0.999952
=====================================================


Iteration 124:
 Total loss = 1092.5 (best: 1092.38, iterations without improvement: 6)
  - Moment error = 1005.03
  - Normalised fiber length penalty = 81.7804
  - Tendon strain penalty = 0.0419067
  - Synthesised excitations squared = 0.119653
  - Synergy exctraction = 0.0696468
    - EMG tracking error = 0.0195269
    - Primitives range penalty = 0.039707
    - Muscle weightings range penalty = 0.00915843
    - Synthesised excitations range penalty = 0.00125436
  - Parameters penalty = 5.45514
 Model accuracy:
  - Trial inputData: 
    - hip_flexion_r: RMSE = 74.0993 Nm, R2 = 0.026345
    - hip_adduction_r: RMSE = 68.0854 Nm, R2 = 0.0138556
    - hip_rotation_r: RMSE = 249.507 Nm, R2 = 0.388704
    - ankle_angle_r: RMSE = 54.4926 Nm, R2 = 0.000687965
    - hip_flexion_l: RMSE = 63.9287 Nm, R2 = 0.461563
    - hip_adduction_l: RMSE = 63.3633 Nm, R2 = 0.000310533
    - hip_rotation_l: RMSE = 261.84 Nm, R2 = 0.543921
    - knee_angle_l: RMSE = 109.196 Nm, R2 = 0.00166598
    - ankle_angle_l: RMSE = 60.5197 Nm, R2 = 0.00361452
 Synergy accuracy:
  - Mean RMSE = 0.00127766
  - Mean R2 = 0.99995
=====================================================


Iteration 125:
 Total loss = 1092.17 (best: 1092.38, iterations without improvement: 7)
  - Moment error = 1004.47
  - Normalised fiber length penalty = 82.0853
  - Tendon strain penalty = 0.0420515
  - Synthesised excitations squared = 0.118645
  - Synergy exctraction = 0.0870621
    - EMG tracking error = 0.0205267
    - Primitives range penalty = 0.0442123
    - Muscle weightings range penalty = 0.0207441
    - Synthesised excitations range penalty = 0.00157903
  - Parameters penalty = 5.36648
 Model accuracy:
  - Trial inputData: 
    - hip_flexion_r: RMSE = 73.9533 Nm, R2 = 0.0268394
    - hip_adduction_r: RMSE = 68.1979 Nm, R2 = 0.013727
    - hip_rotation_r: RMSE = 249.464 Nm, R2 = 0.388844
    - ankle_angle_r: RMSE = 54.5022 Nm, R2 = 0.000853186
    - hip_flexion_l: RMSE = 63.9109 Nm, R2 = 0.462244
    - hip_adduction_l: RMSE = 62.9357 Nm, R2 = 0.00069744
    - hip_rotation_l: RMSE = 261.883 Nm, R2 = 0.543881
    - knee_angle_l: RMSE = 109.173 Nm, R2 = 0.00166711
    - ankle_angle_l: RMSE = 60.4509 Nm, R2 = 0.00350119
 Synergy accuracy:
  - Mean RMSE = 0.00131083
  - Mean R2 = 0.999947
=====================================================


Iteration 126:
 Total loss = 1092.15 (best: 1092.17, iterations without improvement: 1)
  - Moment error = 1004.09
  - Normalised fiber length penalty = 82.5317
  - Tendon strain penalty = 0.0424274
  - Synthesised excitations squared = 0.117561
  - Synergy exctraction = 0.0882176
    - EMG tracking error = 0.021592
    - Primitives range penalty = 0.0460841
    - Muscle weightings range penalty = 0.0185855
    - Synthesised excitations range penalty = 0.00195602
  - Parameters penalty = 5.28237
 Model accuracy:
  - Trial inputData: 
    - hip_flexion_r: RMSE = 73.8585 Nm, R2 = 0.027188
    - hip_adduction_r: RMSE = 68.2353 Nm, R2 = 0.012963
    - hip_rotation_r: RMSE = 249.371 Nm, R2 = 0.389176
    - ankle_angle_r: RMSE = 54.5379 Nm, R2 = 0.000868396
    - hip_flexion_l: RMSE = 64.1485 Nm, R2 = 0.461672
    - hip_adduction_l: RMSE = 62.408 Nm, R2 = 0.00162169
    - hip_rotation_l: RMSE = 262.045 Nm, R2 = 0.543624
    - knee_angle_l: RMSE = 109.125 Nm, R2 = 0.00162762
    - ankle_angle_l: RMSE = 60.3588 Nm, R2 = 0.00334543
 Synergy accuracy:
  - Mean RMSE = 0.0013369
  - Mean R2 = 0.999944
=====================================================


Iteration 127:
 Total loss = 1096.94 (best: 1092.17, iterations without improvement: 2)
  - Moment error = 1008.42
  - Normalised fiber length penalty = 83.0705
  - Tendon strain penalty = 0.0426027
  - Synthesised excitations squared = 0.116286
  - Synergy exctraction = 0.0915214
    - EMG tracking error = 0.0237104
    - Primitives range penalty = 0.045895
    - Muscle weightings range penalty = 0.0207673
    - Synthesised excitations range penalty = 0.00114861
  - Parameters penalty = 5.19745
 Model accuracy:
  - Trial inputData: 
    - hip_flexion_r: RMSE = 73.7399 Nm, R2 = 0.0273872
    - hip_adduction_r: RMSE = 68.306 Nm, R2 = 0.0133292
    - hip_rotation_r: RMSE = 249.349 Nm, R2 = 0.389217
    - ankle_angle_r: RMSE = 59.149 Nm, R2 = 0.0493641
    - hip_flexion_l: RMSE = 63.7616 Nm, R2 = 0.46493
    - hip_adduction_l: RMSE = 62.2853 Nm, R2 = 0.00101189
    - hip_rotation_l: RMSE = 262.454 Nm, R2 = 0.542145
    - knee_angle_l: RMSE = 109.069 Nm, R2 = 0.00156173
    - ankle_angle_l: RMSE = 60.304 Nm, R2 = 0.00294158
 Synergy accuracy:
  - Mean RMSE = 0.00139777
  - Mean R2 = 0.999937
=====================================================


Iteration 128:
 Total loss = 1096.89 (best: 1092.17, iterations without improvement: 3)
  - Moment error = 1006.88
  - Normalised fiber length penalty = 84.5963
  - Tendon strain penalty = 0.0422756
  - Synthesised excitations squared = 0.11159
  - Synergy exctraction = 0.144939
    - EMG tracking error = 0.0785211
    - Primitives range penalty = 0.0463639
    - Muscle weightings range penalty = 0.0193313
    - Synthesised excitations range penalty = 0.000722269
  - Parameters penalty = 5.10808
 Model accuracy:
  - Trial inputData: 
    - hip_flexion_r: RMSE = 73.6286 Nm, R2 = 0.0275381
    - hip_adduction_r: RMSE = 68.376 Nm, R2 = 0.0137692
    - hip_rotation_r: RMSE = 249.329 Nm, R2 = 0.389244
    - ankle_angle_r: RMSE = 58.0538 Nm, R2 = 0.027109
    - hip_flexion_l: RMSE = 63.9908 Nm, R2 = 0.463848
    - hip_adduction_l: RMSE = 61.7426 Nm, R2 = 0.00205642
    - hip_rotation_l: RMSE = 262.475 Nm, R2 = 0.5425
    - knee_angle_l: RMSE = 109 Nm, R2 = 0.00148365
    - ankle_angle_l: RMSE = 60.2895 Nm, R2 = 0.00242258
 Synergy accuracy:
  - Mean RMSE = 0.00267095
  - Mean R2 = 0.999812
=====================================================


Iteration 129:
 Total loss = 1097.23 (best: 1092.17, iterations without improvement: 4)
  - Moment error = 1005.29
  - Normalised fiber length penalty = 86.4586
  - Tendon strain penalty = 0.0427884
  - Synthesised excitations squared = 0.105294
  - Synergy exctraction = 0.325214
    - EMG tracking error = 0.248435
    - Primitives range penalty = 0.0461366
    - Muscle weightings range penalty = 0.0302338
    - Synthesised excitations range penalty = 0.000408451
  - Parameters penalty = 5.00653
 Model accuracy:
  - Trial inputData: 
    - hip_flexion_r: RMSE = 73.5282 Nm, R2 = 0.0275601
    - hip_adduction_r: RMSE = 68.4232 Nm, R2 = 0.0143994
    - hip_rotation_r: RMSE = 249.319 Nm, R2 = 0.389229
    - ankle_angle_r: RMSE = 56.9799 Nm, R2 = 0.00512405
    - hip_flexion_l: RMSE = 64.6535 Nm, R2 = 0.45947
    - hip_adduction_l: RMSE = 60.9069 Nm, R2 = 0.00574449
    - hip_rotation_l: RMSE = 262.287 Nm, R2 = 0.543919
    - knee_angle_l: RMSE = 108.926 Nm, R2 = 0.00139999
    - ankle_angle_l: RMSE = 60.267 Nm, R2 = 0.00193156
 Synergy accuracy:
  - Mean RMSE = 0.00475399
  - Mean R2 = 0.999436
=====================================================


Iteration 130:
 Total loss = 1097.18 (best: 1092.17, iterations without improvement: 5)
  - Moment error = 1004.25
  - Normalised fiber length penalty = 87.4684
  - Tendon strain penalty = 0.0419824
  - Synthesised excitations squared = 0.0991665
  - Synergy exctraction = 0.397288
    - EMG tracking error = 0.329197
    - Primitives range penalty = 0.0447741
    - Muscle weightings range penalty = 0.0230897
    - Synthesised excitations range penalty = 0.000226862
  - Parameters penalty = 4.92463
 Model accuracy:
  - Trial inputData: 
    - hip_flexion_r: RMSE = 73.4745 Nm, R2 = 0.027581
    - hip_adduction_r: RMSE = 68.4305 Nm, R2 = 0.0142397
    - hip_rotation_r: RMSE = 249.269 Nm, R2 = 0.389395
    - ankle_angle_r: RMSE = 56.582 Nm, R2 = 0.000221513
    - hip_flexion_l: RMSE = 64.564 Nm, R2 = 0.46054
    - hip_adduction_l: RMSE = 60.6102 Nm, R2 = 0.00638405
    - hip_rotation_l: RMSE = 262.294 Nm, R2 = 0.544428
    - knee_angle_l: RMSE = 108.841 Nm, R2 = 0.00131001
    - ankle_angle_l: RMSE = 60.182 Nm, R2 = 0.00175162
 Synergy accuracy:
  - Mean RMSE = 0.00547283
  - Mean R2 = 0.99924
=====================================================


Iteration 131:
 Total loss = 1097.11 (best: 1092.17, iterations without improvement: 6)
  - Moment error = 1003.92
  - Normalised fiber length penalty = 87.8426
  - Tendon strain penalty = 0.0418386
  - Synthesised excitations squared = 0.0939049
  - Synergy exctraction = 0.290365
    - EMG tracking error = 0.222133
    - Primitives range penalty = 0.0457008
    - Muscle weightings range penalty = 0.0221257
    - Synthesised excitations range penalty = 0.000405883
  - Parameters penalty = 4.91928
 Model accuracy:
  - Trial inputData: 
    - hip_flexion_r: RMSE = 73.4528 Nm, R2 = 0.0273705
    - hip_adduction_r: RMSE = 68.4425 Nm, R2 = 0.0146035
    - hip_rotation_r: RMSE = 249.279 Nm, R2 = 0.389469
    - ankle_angle_r: RMSE = 56.5748 Nm, R2 = 0.00537101
    - hip_flexion_l: RMSE = 64.7004 Nm, R2 = 0.460573
    - hip_adduction_l: RMSE = 60.2675 Nm, R2 = 0.0080773
    - hip_rotation_l: RMSE = 262.408 Nm, R2 = 0.544428
    - knee_angle_l: RMSE = 108.747 Nm, R2 = 0.00122625
    - ankle_angle_l: RMSE = 60.0523 Nm, R2 = 0.0018981
 Synergy accuracy:
  - Mean RMSE = 0.00449156
  - Mean R2 = 0.99948
=====================================================


Iteration 132:
 Total loss = 1097.27 (best: 1092.17, iterations without improvement: 7)
  - Moment error = 1004.02
  - Normalised fiber length penalty = 87.9972
  - Tendon strain penalty = 0.0425107
  - Synthesised excitations squared = 0.0895501
  - Synergy exctraction = 0.158339
    - EMG tracking error = 0.0969382
    - Primitives range penalty = 0.0439091
    - Muscle weightings range penalty = 0.0156739
    - Synthesised excitations range penalty = 0.00181814
  - Parameters penalty = 4.96242
 Model accuracy:
  - Trial inputData: 
    - hip_flexion_r: RMSE = 73.4103 Nm, R2 = 0.0272681
    - hip_adduction_r: RMSE = 68.425 Nm, R2 = 0.0147549
    - hip_rotation_r: RMSE = 249.242 Nm, R2 = 0.38956
    - ankle_angle_r: RMSE = 56.7876 Nm, R2 = 0.0146745
    - hip_flexion_l: RMSE = 64.3002 Nm, R2 = 0.465417
    - hip_adduction_l: RMSE = 60.5757 Nm, R2 = 0.00467978
    - hip_rotation_l: RMSE = 262.789 Nm, R2 = 0.543137
    - knee_angle_l: RMSE = 108.635 Nm, R2 = 0.00115406
    - ankle_angle_l: RMSE = 59.8561 Nm, R2 = 0.00233206
 Synergy accuracy:
  - Mean RMSE = 0.00296461
  - Mean R2 = 0.99977
=====================================================


Iteration 133:
 Total loss = 1096.97 (best: 1092.17, iterations without improvement: 8)
  - Moment error = 1003.68
  - Normalised fiber length penalty = 87.8774
  - Tendon strain penalty = 0.0423003
  - Synthesised excitations squared = 0.086237
  - Synergy exctraction = 0.259583
    - EMG tracking error = 0.0887733
    - Primitives range penalty = 0.0436201
    - Muscle weightings range penalty = 0.123833
    - Synthesised excitations range penalty = 0.00335613
  - Parameters penalty = 5.02346
 Model accuracy:
  - Trial inputData: 
    - hip_flexion_r: RMSE = 73.3304 Nm, R2 = 0.027067
    - hip_adduction_r: RMSE = 68.436 Nm, R2 = 0.0157996
    - hip_rotation_r: RMSE = 249.24 Nm, R2 = 0.389422
    - ankle_angle_r: RMSE = 56.9307 Nm, R2 = 0.0226815
    - hip_flexion_l: RMSE = 64.674 Nm, R2 = 0.464911
    - hip_adduction_l: RMSE = 60.1589 Nm, R2 = 0.00829099
    - hip_rotation_l: RMSE = 262.635 Nm, R2 = 0.543957
    - knee_angle_l: RMSE = 108.503 Nm, R2 = 0.0011092
    - ankle_angle_l: RMSE = 59.772 Nm, R2 = 0.00274754
 Synergy accuracy:
  - Mean RMSE = 0.0028162
  - Mean R2 = 0.9998
=====================================================


Iteration 134:
 Total loss = 1096.03 (best: 1092.17, iterations without improvement: 9)
  - Moment error = 1003.1
  - Normalised fiber length penalty = 87.499
  - Tendon strain penalty = 0.042818
  - Synthesised excitations squared = 0.0836924
  - Synergy exctraction = 0.242334
    - EMG tracking error = 0.137063
    - Primitives range penalty = 0.0445401
    - Muscle weightings range penalty = 0.0582551
    - Synthesised excitations range penalty = 0.00247573
  - Parameters penalty = 5.0618
 Model accuracy:
  - Trial inputData: 
    - hip_flexion_r: RMSE = 73.2925 Nm, R2 = 0.0268861
    - hip_adduction_r: RMSE = 68.4152 Nm, R2 = 0.0159639
    - hip_rotation_r: RMSE = 249.198 Nm, R2 = 0.389535
    - ankle_angle_r: RMSE = 56.9665 Nm, R2 = 0.0270471
    - hip_flexion_l: RMSE = 64.5477 Nm, R2 = 0.465642
    - hip_adduction_l: RMSE = 60.0575 Nm, R2 = 0.00913634
    - hip_rotation_l: RMSE = 262.526 Nm, R2 = 0.544438
    - knee_angle_l: RMSE = 108.346 Nm, R2 = 0.00110504
    - ankle_angle_l: RMSE = 59.7472 Nm, R2 = 0.00300629
 Synergy accuracy:
  - Mean RMSE = 0.00344162
  - Mean R2 = 0.999701
=====================================================


Iteration 135:
 Total loss = 1095.23 (best: 1092.17, iterations without improvement: 10)
  - Moment error = 1002.89
  - Normalised fiber length penalty = 86.9368
  - Tendon strain penalty = 0.0427173
  - Synthesised excitations squared = 0.0820825
  - Synergy exctraction = 0.224252
    - EMG tracking error = 0.138323
    - Primitives range penalty = 0.0467773
    - Muscle weightings range penalty = 0.0388388
    - Synthesised excitations range penalty = 0.000312781
  - Parameters penalty = 5.04762
 Model accuracy:
  - Trial inputData: 
    - hip_flexion_r: RMSE = 73.3265 Nm, R2 = 0.0266751
    - hip_adduction_r: RMSE = 68.3639 Nm, R2 = 0.0152245
    - hip_rotation_r: RMSE = 249.145 Nm, R2 = 0.389858
    - ankle_angle_r: RMSE = 56.9071 Nm, R2 = 0.0269499
    - hip_flexion_l: RMSE = 64.5099 Nm, R2 = 0.467294
    - hip_adduction_l: RMSE = 60.1975 Nm, R2 = 0.00877222
    - hip_rotation_l: RMSE = 262.563 Nm, R2 = 0.544113
    - knee_angle_l: RMSE = 108.179 Nm, R2 = 0.0011572
    - ankle_angle_l: RMSE = 59.701 Nm, R2 = 0.00320245
 Synergy accuracy:
  - Mean RMSE = 0.00343736
  - Mean R2 = 0.999702
=====================================================


Iteration 136:
 Total loss = 1095 (best: 1092.17, iterations without improvement: 11)
  - Moment error = 1003.42
  - Normalised fiber length penalty = 86.2672
  - Tendon strain penalty = 0.0422931
  - Synthesised excitations squared = 0.0813907
  - Synergy exctraction = 0.20302
    - EMG tracking error = 0.0937603
    - Primitives range penalty = 0.0530321
    - Muscle weightings range penalty = 0.0562281
    - Synthesised excitations range penalty = 0
  - Parameters penalty = 4.98906
 Model accuracy:
  - Trial inputData: 
    - hip_flexion_r: RMSE = 73.2995 Nm, R2 = 0.0265208
    - hip_adduction_r: RMSE = 68.3351 Nm, R2 = 0.015245
    - hip_rotation_r: RMSE = 249.097 Nm, R2 = 0.389962
    - ankle_angle_r: RMSE = 56.782 Nm, R2 = 0.0236293
    - hip_flexion_l: RMSE = 64.3976 Nm, R2 = 0.470222
    - hip_adduction_l: RMSE = 60.884 Nm, R2 = 0.00464757
    - hip_rotation_l: RMSE = 263.008 Nm, R2 = 0.54192
    - knee_angle_l: RMSE = 108.059 Nm, R2 = 0.00130035
    - ankle_angle_l: RMSE = 59.5561 Nm, R2 = 0.0039002
 Synergy accuracy:
  - Mean RMSE = 0.00285205
  - Mean R2 = 0.999794
=====================================================


Iteration 137:
 Total loss = 1093.82 (best: 1092.17, iterations without improvement: 12)
  - Moment error = 1003.14
  - Normalised fiber length penalty = 85.5257
  - Tendon strain penalty = 0.0423557
  - Synthesised excitations squared = 0.0812258
  - Synergy exctraction = 0.146933
    - EMG tracking error = 0.0598171
    - Primitives range penalty = 0.0545173
    - Muscle weightings range penalty = 0.0325988
    - Synthesised excitations range penalty = 0
  - Parameters penalty = 4.88174
 Model accuracy:
  - Trial inputData: 
    - hip_flexion_r: RMSE = 73.2866 Nm, R2 = 0.0262505
    - hip_adduction_r: RMSE = 68.357 Nm, R2 = 0.0153465
    - hip_rotation_r: RMSE = 249.049 Nm, R2 = 0.390038
    - ankle_angle_r: RMSE = 56.6336 Nm, R2 = 0.0188378
    - hip_flexion_l: RMSE = 63.8336 Nm, R2 = 0.474889
    - hip_adduction_l: RMSE = 61.422 Nm, R2 = 0.00263427
    - hip_rotation_l: RMSE = 263.101 Nm, R2 = 0.541115
    - knee_angle_l: RMSE = 107.987 Nm, R2 = 0.00136723
    - ankle_angle_l: RMSE = 59.4667 Nm, R2 = 0.00430138
 Synergy accuracy:
  - Mean RMSE = 0.00232071
  - Mean R2 = 0.999858
=====================================================


Iteration 138:
 Total loss = 1091.33 (best: 1092.17, iterations without improvement: 13)
  - Moment error = 1001.53
  - Normalised fiber length penalty = 84.799
  - Tendon strain penalty = 0.0426285
  - Synthesised excitations squared = 0.0814167
  - Synergy exctraction = 0.13981
    - EMG tracking error = 0.0702835
    - Primitives range penalty = 0.0499988
    - Muscle weightings range penalty = 0.0195277
    - Synthesised excitations range penalty = 0
  - Parameters penalty = 4.74208
 Model accuracy:
  - Trial inputData: 
    - hip_flexion_r: RMSE = 73.2309 Nm, R2 = 0.026138
    - hip_adduction_r: RMSE = 68.4029 Nm, R2 = 0.0160344
    - hip_rotation_r: RMSE = 249.061 Nm, R2 = 0.389977
    - ankle_angle_r: RMSE = 56.4378 Nm, R2 = 0.0134962
    - hip_flexion_l: RMSE = 63.303 Nm, R2 = 0.476623
    - hip_adduction_l: RMSE = 61.1345 Nm, R2 = 0.00624005
    - hip_rotation_l: RMSE = 262.63 Nm, R2 = 0.542801
    - knee_angle_l: RMSE = 107.904 Nm, R2 = 0.00126551
    - ankle_angle_l: RMSE = 59.4214 Nm, R2 = 0.00455438
 Synergy accuracy:
  - Mean RMSE = 0.00247649
  - Mean R2 = 0.999821
=====================================================


Iteration 139:
 Total loss = 1089.83 (best: 1091.33, iterations without improvement: 1)
  - Moment error = 1000.83
  - Normalised fiber length penalty = 84.1428
  - Tendon strain penalty = 0.0424019
  - Synthesised excitations squared = 0.0819011
  - Synergy exctraction = 0.168987
    - EMG tracking error = 0.103441
    - Primitives range penalty = 0.0481263
    - Muscle weightings range penalty = 0.0174039
    - Synthesised excitations range penalty = 1.65272e-05
  - Parameters penalty = 4.56904
 Model accuracy:
  - Trial inputData: 
    - hip_flexion_r: RMSE = 73.2605 Nm, R2 = 0.0258323
    - hip_adduction_r: RMSE = 68.2617 Nm, R2 = 0.0158528
    - hip_rotation_r: RMSE = 249.021 Nm, R2 = 0.390202
    - ankle_angle_r: RMSE = 56.3113 Nm, R2 = 0.0210911
    - hip_flexion_l: RMSE = 62.4942 Nm, R2 = 0.481139
    - hip_adduction_l: RMSE = 61.6484 Nm, R2 = 0.00436713
    - hip_rotation_l: RMSE = 262.41 Nm, R2 = 0.543292
    - knee_angle_l: RMSE = 108.012 Nm, R2 = 0.00123276
    - ankle_angle_l: RMSE = 59.4088 Nm, R2 = 0.00482589
 Synergy accuracy:
  - Mean RMSE = 0.00300016
  - Mean R2 = 0.99974
=====================================================


Iteration 140:
 Total loss = 1089.15 (best: 1089.83, iterations without improvement: 1)
  - Moment error = 1000.92
  - Normalised fiber length penalty = 83.5773
  - Tendon strain penalty = 0.0430215
  - Synthesised excitations squared = 0.0827428
  - Synergy exctraction = 0.1666
    - EMG tracking error = 0.101242
    - Primitives range penalty = 0.0486953
    - Muscle weightings range penalty = 0.0166477
    - Synthesised excitations range penalty = 1.50743e-05
  - Parameters penalty = 4.36662
 Model accuracy:
  - Trial inputData: 
    - hip_flexion_r: RMSE = 73.2809 Nm, R2 = 0.0256037
    - hip_adduction_r: RMSE = 68.2385 Nm, R2 = 0.015633
    - hip_rotation_r: RMSE = 248.995 Nm, R2 = 0.390386
    - ankle_angle_r: RMSE = 56.0722 Nm, R2 = 0.0128682
    - hip_flexion_l: RMSE = 62.3203 Nm, R2 = 0.481768
    - hip_adduction_l: RMSE = 62.0823 Nm, R2 = 0.00323314
    - hip_rotation_l: RMSE = 262.364 Nm, R2 = 0.543175
    - knee_angle_l: RMSE = 108.196 Nm, R2 = 0.00132566
    - ankle_angle_l: RMSE = 59.3654 Nm, R2 = 0.00512899
 Synergy accuracy:
  - Mean RMSE = 0.00296923
  - Mean R2 = 0.999744
=====================================================


Iteration 141:
 Total loss = 1088.92 (best: 1089.15, iterations without improvement: 1)
  - Moment error = 1001.35
  - Normalised fiber length penalty = 83.1449
  - Tendon strain penalty = 0.0426412
  - Synthesised excitations squared = 0.0839729
  - Synergy exctraction = 0.143325
    - EMG tracking error = 0.0752617
    - Primitives range penalty = 0.049133
    - Muscle weightings range penalty = 0.0145783
    - Synthesised excitations range penalty = 0.0043519
  - Parameters penalty = 4.15615
 Model accuracy:
  - Trial inputData: 
    - hip_flexion_r: RMSE = 73.2602 Nm, R2 = 0.0254937
    - hip_adduction_r: RMSE = 68.2201 Nm, R2 = 0.0156561
    - hip_rotation_r: RMSE = 248.965 Nm, R2 = 0.390472
    - ankle_angle_r: RMSE = 55.8898 Nm, R2 = 0.00610645
    - hip_flexion_l: RMSE = 61.4867 Nm, R2 = 0.487272
    - hip_adduction_l: RMSE = 63.1324 Nm, R2 = 0.000201888
    - hip_rotation_l: RMSE = 262.73 Nm, R2 = 0.541077
    - knee_angle_l: RMSE = 108.327 Nm, R2 = 0.00143933
    - ankle_angle_l: RMSE = 59.3373 Nm, R2 = 0.00535362
 Synergy accuracy:
  - Mean RMSE = 0.0025709
  - Mean R2 = 0.999808
=====================================================


Iteration 142:
 Total loss = 1088.81 (best: 1088.92, iterations without improvement: 1)
  - Moment error = 1001.7
  - Normalised fiber length penalty = 82.8657
  - Tendon strain penalty = 0.0424701
  - Synthesised excitations squared = 0.085307
  - Synergy exctraction = 0.145165
    - EMG tracking error = 0.059862
    - Primitives range penalty = 0.0494087
    - Muscle weightings range penalty = 0.020672
    - Synthesised excitations range penalty = 0.0152223
  - Parameters penalty = 3.96771
 Model accuracy:
  - Trial inputData: 
    - hip_flexion_r: RMSE = 73.1869 Nm, R2 = 0.0253682
    - hip_adduction_r: RMSE = 68.2466 Nm, R2 = 0.0165545
    - hip_rotation_r: RMSE = 248.964 Nm, R2 = 0.390371
    - ankle_angle_r: RMSE = 55.7699 Nm, R2 = 0.00197236
    - hip_flexion_l: RMSE = 60.7203 Nm, R2 = 0.492135
    - hip_adduction_l: RMSE = 64.1396 Nm, R2 = 0.000641871
    - hip_rotation_l: RMSE = 262.982 Nm, R2 = 0.539675
    - knee_angle_l: RMSE = 108.427 Nm, R2 = 0.00154947
    - ankle_angle_l: RMSE = 59.2672 Nm, R2 = 0.0054049
 Synergy accuracy:
  - Mean RMSE = 0.00232107
  - Mean R2 = 0.99985
=====================================================


Iteration 143:
 Total loss = 1088.6 (best: 1088.81, iterations without improvement: 1)
  - Moment error = 1001.74
  - Normalised fiber length penalty = 82.7531
  - Tendon strain penalty = 0.04215
  - Synthesised excitations squared = 0.086151
  - Synergy exctraction = 0.163358
    - EMG tracking error = 0.076726
    - Primitives range penalty = 0.0521857
    - Muscle weightings range penalty = 0.0215922
    - Synthesised excitations range penalty = 0.0128538
  - Parameters penalty = 3.81757
 Model accuracy:
  - Trial inputData: 
    - hip_flexion_r: RMSE = 73.1472 Nm, R2 = 0.0253616
    - hip_adduction_r: RMSE = 68.2311 Nm, R2 = 0.0164336
    - hip_rotation_r: RMSE = 248.904 Nm, R2 = 0.390476
    - ankle_angle_r: RMSE = 55.6965 Nm, R2 = 0.000488576
    - hip_flexion_l: RMSE = 61.0179 Nm, R2 = 0.489646
    - hip_adduction_l: RMSE = 64.1657 Nm, R2 = 0.000461666
    - hip_rotation_l: RMSE = 262.786 Nm, R2 = 0.540305
    - knee_angle_l: RMSE = 108.484 Nm, R2 = 0.00165966
    - ankle_angle_l: RMSE = 59.308 Nm, R2 = 0.00506474
 Synergy accuracy:
  - Mean RMSE = 0.00264434
  - Mean R2 = 0.999823
=====================================================


Iteration 144:
 Total loss = 1088.78 (best: 1088.6, iterations without improvement: 1)
  - Moment error = 1001.99
  - Normalised fiber length penalty = 82.7878
  - Tendon strain penalty = 0.0424528
  - Synthesised excitations squared = 0.0863222
  - Synergy exctraction = 0.174283
    - EMG tracking error = 0.0914422
    - Primitives range penalty = 0.0585086
    - Muscle weightings range penalty = 0.0220516
    - Synthesised excitations range penalty = 0.0022804
  - Parameters penalty = 3.70003
 Model accuracy:
  - Trial inputData: 
    - hip_flexion_r: RMSE = 73.1359 Nm, R2 = 0.0254248
    - hip_adduction_r: RMSE = 68.217 Nm, R2 = 0.0156898
    - hip_rotation_r: RMSE = 248.846 Nm, R2 = 0.390737
    - ankle_angle_r: RMSE = 55.6523 Nm, R2 = 0.00021117
    - hip_flexion_l: RMSE = 62.6798 Nm, R2 = 0.47924
    - hip_adduction_l: RMSE = 63.2715 Nm, R2 = 0.000612256
    - hip_rotation_l: RMSE = 262.252 Nm, R2 = 0.542555
    - knee_angle_l: RMSE = 108.511 Nm, R2 = 0.0017794
    - ankle_angle_l: RMSE = 59.4247 Nm, R2 = 0.00457226
 Synergy accuracy:
  - Mean RMSE = 0.00287731
  - Mean R2 = 0.999792
=====================================================


Iteration 145:
 Total loss = 1089.01 (best: 1088.6, iterations without improvement: 2)
  - Moment error = 1002.13
  - Normalised fiber length penalty = 82.9869
  - Tendon strain penalty = 0.0423782
  - Synthesised excitations squared = 0.0863052
  - Synergy exctraction = 0.165571
    - EMG tracking error = 0.0799467
    - Primitives range penalty = 0.0634052
    - Muscle weightings range penalty = 0.0201111
    - Synthesised excitations range penalty = 0.00210797
  - Parameters penalty = 3.59985
 Model accuracy:
  - Trial inputData: 
    - hip_flexion_r: RMSE = 73.0334 Nm, R2 = 0.0256926
    - hip_adduction_r: RMSE = 68.2913 Nm, R2 = 0.0158032
    - hip_rotation_r: RMSE = 248.818 Nm, R2 = 0.390815
    - ankle_angle_r: RMSE = 55.6295 Nm, R2 = 0.00035548
    - hip_flexion_l: RMSE = 63.1544 Nm, R2 = 0.47652
    - hip_adduction_l: RMSE = 63.0615 Nm, R2 = 0.00125222
    - hip_rotation_l: RMSE = 262.132 Nm, R2 = 0.542998
    - knee_angle_l: RMSE = 108.489 Nm, R2 = 0.00183563
    - ankle_angle_l: RMSE = 59.5217 Nm, R2 = 0.00408859
 Synergy accuracy:
  - Mean RMSE = 0.00268842
  - Mean R2 = 0.999817
=====================================================


Iteration 146:
 Total loss = 1089.13 (best: 1088.6, iterations without improvement: 3)
  - Moment error = 1002.05
  - Normalised fiber length penalty = 83.2831
  - Tendon strain penalty = 0.0429146
  - Synthesised excitations squared = 0.0861419
  - Synergy exctraction = 0.14698
    - EMG tracking error = 0.0685271
    - Primitives range penalty = 0.0624278
    - Muscle weightings range penalty = 0.0131702
    - Synthesised excitations range penalty = 0.00285472
  - Parameters penalty = 3.52752
 Model accuracy:
  - Trial inputData: 
    - hip_flexion_r: RMSE = 72.7442 Nm, R2 = 0.0267672
    - hip_adduction_r: RMSE = 68.5325 Nm, R2 = 0.016696
    - hip_rotation_r: RMSE = 248.813 Nm, R2 = 0.390755
    - ankle_angle_r: RMSE = 55.6047 Nm, R2 = 0.000910638
    - hip_flexion_l: RMSE = 63.2709 Nm, R2 = 0.475675
    - hip_adduction_l: RMSE = 62.9133 Nm, R2 = 0.00147702
    - hip_rotation_l: RMSE = 262.148 Nm, R2 = 0.543024
    - knee_angle_l: RMSE = 108.437 Nm, R2 = 0.00184103
    - ankle_angle_l: RMSE = 59.5841 Nm, R2 = 0.00362343
 Synergy accuracy:
  - Mean RMSE = 0.00250997
  - Mean R2 = 0.999851
=====================================================


Iteration 147:
 Total loss = 1089.28 (best: 1088.6, iterations without improvement: 4)
  - Moment error = 1002.52
  - Normalised fiber length penalty = 83.0642
  - Tendon strain penalty = 0.0431934
  - Synthesised excitations squared = 0.086103
  - Synergy exctraction = 0.127563
    - EMG tracking error = 0.0605599
    - Primitives range penalty = 0.0569053
    - Muscle weightings range penalty = 0.00742104
    - Synthesised excitations range penalty = 0.0026771
  - Parameters penalty = 3.43944
 Model accuracy:
  - Trial inputData: 
    - hip_flexion_r: RMSE = 72.4977 Nm, R2 = 0.0277955
    - hip_adduction_r: RMSE = 68.7489 Nm, R2 = 0.0170976
    - hip_rotation_r: RMSE = 248.79 Nm, R2 = 0.39081
    - ankle_angle_r: RMSE = 55.5205 Nm, R2 = 0.000690807
    - hip_flexion_l: RMSE = 62.3957 Nm, R2 = 0.480768
    - hip_adduction_l: RMSE = 63.2605 Nm, R2 = 0.000182366
    - hip_rotation_l: RMSE = 262.495 Nm, R2 = 0.541427
    - knee_angle_l: RMSE = 108.358 Nm, R2 = 0.00179307
    - ankle_angle_l: RMSE = 60.4531 Nm, R2 = 0.00770252
 Synergy accuracy:
  - Mean RMSE = 0.00235078
  - Mean R2 = 0.999864
=====================================================


Iteration 148:
 Total loss = 1089.14 (best: 1088.6, iterations without improvement: 5)
  - Moment error = 1002.25
  - Normalised fiber length penalty = 83.2909
  - Tendon strain penalty = 0.0424734
  - Synthesised excitations squared = 0.0843165
  - Synergy exctraction = 0.129357
    - EMG tracking error = 0.069426
    - Primitives range penalty = 0.0499314
    - Muscle weightings range penalty = 0.00928684
    - Synthesised excitations range penalty = 0.000712594
  - Parameters penalty = 3.345
 Model accuracy:
  - Trial inputData: 
    - hip_flexion_r: RMSE = 72.2806 Nm, R2 = 0.0288346
    - hip_adduction_r: RMSE = 68.9404 Nm, R2 = 0.0169949
    - hip_rotation_r: RMSE = 248.752 Nm, R2 = 0.390967
    - ankle_angle_r: RMSE = 55.458 Nm, R2 = 0.000878505
    - hip_flexion_l: RMSE = 61.6193 Nm, R2 = 0.485806
    - hip_adduction_l: RMSE = 63.7047 Nm, R2 = 0.000201609
    - hip_rotation_l: RMSE = 262.894 Nm, R2 = 0.539882
    - knee_angle_l: RMSE = 108.291 Nm, R2 = 0.00172715
    - ankle_angle_l: RMSE = 60.3113 Nm, R2 = 0.00517288
 Synergy accuracy:
  - Mean RMSE = 0.00252343
  - Mean R2 = 0.999837
=====================================================


Iteration 149:
 Total loss = 1097.47 (best: 1088.6, iterations without improvement: 6)
  - Moment error = 1010.04
  - Normalised fiber length penalty = 83.8339
  - Tendon strain penalty = 0.0424291
  - Synthesised excitations squared = 0.082435
  - Synergy exctraction = 0.20955
    - EMG tracking error = 0.0936821
    - Primitives range penalty = 0.046439
    - Muscle weightings range penalty = 0.0688862
    - Synthesised excitations range penalty = 0.000542927
  - Parameters penalty = 3.26379
 Model accuracy:
  - Trial inputData: 
    - hip_flexion_r: RMSE = 72.0928 Nm, R2 = 0.0296607
    - hip_adduction_r: RMSE = 69.146 Nm, R2 = 0.0175344
    - hip_rotation_r: RMSE = 248.782 Nm, R2 = 0.391039
    - ankle_angle_r: RMSE = 63.6633 Nm, R2 = 0.0192195
    - hip_flexion_l: RMSE = 61.9046 Nm, R2 = 0.483628
    - hip_adduction_l: RMSE = 63.2478 Nm, R2 = 8.75884e-07
    - hip_rotation_l: RMSE = 262.79 Nm, R2 = 0.540438
    - knee_angle_l: RMSE = 108.187 Nm, R2 = 0.00163616
    - ankle_angle_l: RMSE = 60.2257 Nm, R2 = 0.00299178
 Synergy accuracy:
  - Mean RMSE = 0.00294161
  - Mean R2 = 0.999779
=====================================================


Iteration 150:
 Total loss = 1090.57 (best: 1088.6, iterations without improvement: 7)
  - Moment error = 1001.8
  - Normalised fiber length penalty = 85.1106
  - Tendon strain penalty = 0.042341
  - Synthesised excitations squared = 0.0772271
  - Synergy exctraction = 0.337732
    - EMG tracking error = 0.228617
    - Primitives range penalty = 0.0466525
    - Muscle weightings range penalty = 0.0624495
    - Synthesised excitations range penalty = 1.36019e-05
  - Parameters penalty = 3.19739
 Model accuracy:
  - Trial inputData: 
    - hip_flexion_r: RMSE = 71.8527 Nm, R2 = 0.0306224
    - hip_adduction_r: RMSE = 69.3178 Nm, R2 = 0.0182574
    - hip_rotation_r: RMSE = 248.756 Nm, R2 = 0.39101
    - ankle_angle_r: RMSE = 55.9616 Nm, R2 = 0.0115541
    - hip_flexion_l: RMSE = 63.1946 Nm, R2 = 0.474415
    - hip_adduction_l: RMSE = 62.0161 Nm, R2 = 0.00267804
    - hip_rotation_l: RMSE = 262.302 Nm, R2 = 0.542805
    - knee_angle_l: RMSE = 108.088 Nm, R2 = 0.00155069
    - ankle_angle_l: RMSE = 60.3143 Nm, R2 = 0.00137301
 Synergy accuracy:
  - Mean RMSE = 0.00456364
  - Mean R2 = 0.999484
=====================================================


Iteration 151:
 Total loss = 1091.54 (best: 1088.6, iterations without improvement: 8)
  - Moment error = 1002.01
  - Normalised fiber length penalty = 85.7779
  - Tendon strain penalty = 0.0425634
  - Synthesised excitations squared = 0.0733212
  - Synergy exctraction = 0.409421
    - EMG tracking error = 0.296189
    - Primitives range penalty = 0.047612
    - Muscle weightings range penalty = 0.0656165
    - Synthesised excitations range penalty = 3.69126e-06
  - Parameters penalty = 3.22776
 Model accuracy:
  - Trial inputData: 
    - hip_flexion_r: RMSE = 71.6486 Nm, R2 = 0.0315863
    - hip_adduction_r: RMSE = 69.5251 Nm, R2 = 0.0184411
    - hip_rotation_r: RMSE = 248.739 Nm, R2 = 0.391066
    - ankle_angle_r: RMSE = 56.3907 Nm, R2 = 0.0207527
    - hip_flexion_l: RMSE = 63.5835 Nm, R2 = 0.4715
    - hip_adduction_l: RMSE = 61.4937 Nm, R2 = 0.0050907
    - hip_rotation_l: RMSE = 262.172 Nm, R2 = 0.543612
    - knee_angle_l: RMSE = 108.039 Nm, R2 = 0.00146354
    - ankle_angle_l: RMSE = 60.4183 Nm, R2 = 0.000703092
 Synergy accuracy:
  - Mean RMSE = 0.00520104
  - Mean R2 = 0.999318
=====================================================


Iteration 152:
 Total loss = 1091.77 (best: 1088.6, iterations without improvement: 9)
  - Moment error = 1001.73
  - Normalised fiber length penalty = 86.267
  - Tendon strain penalty = 0.0426285
  - Synthesised excitations squared = 0.0704128
  - Synergy exctraction = 0.331811
    - EMG tracking error = 0.241453
    - Primitives range penalty = 0.049376
    - Muscle weightings range penalty = 0.0406172
    - Synthesised excitations range penalty = 0.000364164
  - Parameters penalty = 3.33353
 Model accuracy:
  - Trial inputData: 
    - hip_flexion_r: RMSE = 71.4429 Nm, R2 = 0.032669
    - hip_adduction_r: RMSE = 69.6809 Nm, R2 = 0.0184296
    - hip_rotation_r: RMSE = 248.684 Nm, R2 = 0.391237
    - ankle_angle_r: RMSE = 56.6967 Nm, R2 = 0.0273611
    - hip_flexion_l: RMSE = 63.4273 Nm, R2 = 0.472627
    - hip_adduction_l: RMSE = 61.2889 Nm, R2 = 0.00562702
    - hip_rotation_l: RMSE = 262.144 Nm, R2 = 0.543899
    - knee_angle_l: RMSE = 107.945 Nm, R2 = 0.00134416
    - ankle_angle_l: RMSE = 60.4176 Nm, R2 = 0.00055202
 Synergy accuracy:
  - Mean RMSE = 0.00469591
  - Mean R2 = 0.999446
=====================================================


Iteration 153:
 Total loss = 1092.06 (best: 1088.6, iterations without improvement: 10)
  - Moment error = 1001.74
  - Normalised fiber length penalty = 86.5402
  - Tendon strain penalty = 0.0428838
  - Synthesised excitations squared = 0.0682084
  - Synergy exctraction = 0.194889
    - EMG tracking error = 0.125917
    - Primitives range penalty = 0.0485868
    - Muscle weightings range penalty = 0.0181156
    - Synthesised excitations range penalty = 0.00226988
  - Parameters penalty = 3.47611
 Model accuracy:
  - Trial inputData: 
    - hip_flexion_r: RMSE = 71.2953 Nm, R2 = 0.0334445
    - hip_adduction_r: RMSE = 69.8071 Nm, R2 = 0.0187897
    - hip_rotation_r: RMSE = 248.7 Nm, R2 = 0.391313
    - ankle_angle_r: RMSE = 56.8868 Nm, R2 = 0.0298692
    - hip_flexion_l: RMSE = 62.9095 Nm, R2 = 0.477173
    - hip_adduction_l: RMSE = 61.5978 Nm, R2 = 0.0028408
    - hip_rotation_l: RMSE = 262.489 Nm, R2 = 0.542502
    - knee_angle_l: RMSE = 107.884 Nm, R2 = 0.001236
    - ankle_angle_l: RMSE = 60.1669 Nm, R2 = 0.000405469
 Synergy accuracy:
  - Mean RMSE = 0.00339663
  - Mean R2 = 0.999704
=====================================================


Iteration 154:
 Total loss = 1092.33 (best: 1088.6, iterations without improvement: 11)
  - Moment error = 1001.91
  - Normalised fiber length penalty = 86.5745
  - Tendon strain penalty = 0.042327
  - Synthesised excitations squared = 0.0668598
  - Synergy exctraction = 0.127597
    - EMG tracking error = 0.0610921
    - Primitives range penalty = 0.0424254
    - Muscle weightings range penalty = 0.0176764
    - Synthesised excitations range penalty = 0.00640264
  - Parameters penalty = 3.60753
 Model accuracy:
  - Trial inputData: 
    - hip_flexion_r: RMSE = 71.1308 Nm, R2 = 0.0341627
    - hip_adduction_r: RMSE = 69.9269 Nm, R2 = 0.0193993
    - hip_rotation_r: RMSE = 248.687 Nm, R2 = 0.391285
    - ankle_angle_r: RMSE = 56.9164 Nm, R2 = 0.0270134
    - hip_flexion_l: RMSE = 62.6502 Nm, R2 = 0.480797
    - hip_adduction_l: RMSE = 61.9784 Nm, R2 = 0.00107983
    - hip_rotation_l: RMSE = 262.866 Nm, R2 = 0.540828
    - knee_angle_l: RMSE = 107.826 Nm, R2 = 0.00114776
    - ankle_angle_l: RMSE = 59.9322 Nm, R2 = 0.000792505
 Synergy accuracy:
  - Mean RMSE = 0.00236728
  - Mean R2 = 0.99985
=====================================================


Iteration 155:
 Total loss = 1091.66 (best: 1088.6, iterations without improvement: 12)
  - Moment error = 1001.24
  - Normalised fiber length penalty = 86.4274
  - Tendon strain penalty = 0.0426599
  - Synthesised excitations squared = 0.0658498
  - Synergy exctraction = 0.165624
    - EMG tracking error = 0.0875683
    - Primitives range penalty = 0.0355646
    - Muscle weightings range penalty = 0.0394578
    - Synthesised excitations range penalty = 0.00303306
  - Parameters penalty = 3.71548
 Model accuracy:
  - Trial inputData: 
    - hip_flexion_r: RMSE = 71.0496 Nm, R2 = 0.0345452
    - hip_adduction_r: RMSE = 69.9691 Nm, R2 = 0.0195627
    - hip_rotation_r: RMSE = 248.673 Nm, R2 = 0.391378
    - ankle_angle_r: RMSE = 56.8718 Nm, R2 = 0.0206099
    - hip_flexion_l: RMSE = 62.9451 Nm, R2 = 0.479185
    - hip_adduction_l: RMSE = 61.5825 Nm, R2 = 0.00280667
    - hip_rotation_l: RMSE = 262.733 Nm, R2 = 0.541381
    - knee_angle_l: RMSE = 107.77 Nm, R2 = 0.00109875
    - ankle_angle_l: RMSE = 59.6512 Nm, R2 = 0.0014417
 Synergy accuracy:
  - Mean RMSE = 0.00283858
  - Mean R2 = 0.9998
=====================================================


Iteration 156:
 Total loss = 1090.36 (best: 1088.6, iterations without improvement: 13)
  - Moment error = 1000.13
  - Normalised fiber length penalty = 86.1614
  - Tendon strain penalty = 0.0425136
  - Synthesised excitations squared = 0.065198
  - Synergy exctraction = 0.230593
    - EMG tracking error = 0.160053
    - Primitives range penalty = 0.0359343
    - Muscle weightings range penalty = 0.0339062
    - Synthesised excitations range penalty = 0.000699557
  - Parameters penalty = 3.72704
 Model accuracy:
  - Trial inputData: 
    - hip_flexion_r: RMSE = 71.0676 Nm, R2 = 0.0345235
    - hip_adduction_r: RMSE = 69.9221 Nm, R2 = 0.0192283
    - hip_rotation_r: RMSE = 248.647 Nm, R2 = 0.39155
    - ankle_angle_r: RMSE = 56.8012 Nm, R2 = 0.0133582
    - hip_flexion_l: RMSE = 63.4612 Nm, R2 = 0.475313
    - hip_adduction_l: RMSE = 60.9398 Nm, R2 = 0.00807337
    - hip_rotation_l: RMSE = 262.289 Nm, R2 = 0.543241
    - knee_angle_l: RMSE = 107.701 Nm, R2 = 0.00109544
    - ankle_angle_l: RMSE = 59.299 Nm, R2 = 0.00244939
 Synergy accuracy:
  - Mean RMSE = 0.00379763
  - Mean R2 = 0.999657
=====================================================


Iteration 157:
 Total loss = 1089.72 (best: 1088.6, iterations without improvement: 14)
  - Moment error = 999.795
  - Normalised fiber length penalty = 85.8517
  - Tendon strain penalty = 0.0428538
  - Synthesised excitations squared = 0.0649237
  - Synergy exctraction = 0.250275
    - EMG tracking error = 0.192716
    - Primitives range penalty = 0.045399
    - Muscle weightings range penalty = 0.0109987
    - Synthesised excitations range penalty = 0.00116118
  - Parameters penalty = 3.71969
 Model accuracy:
  - Trial inputData: 
    - hip_flexion_r: RMSE = 71.1402 Nm, R2 = 0.0340824
    - hip_adduction_r: RMSE = 69.8033 Nm, R2 = 0.0191108
    - hip_rotation_r: RMSE = 248.637 Nm, R2 = 0.391671
    - ankle_angle_r: RMSE = 56.7313 Nm, R2 = 0.0075212
    - hip_flexion_l: RMSE = 63.5436 Nm, R2 = 0.475849
    - hip_adduction_l: RMSE = 61.0246 Nm, R2 = 0.00823262
    - hip_rotation_l: RMSE = 262.284 Nm, R2 = 0.542703
    - knee_angle_l: RMSE = 107.706 Nm, R2 = 0.00118994
    - ankle_angle_l: RMSE = 58.9251 Nm, R2 = 0.00386519
 Synergy accuracy:
  - Mean RMSE = 0.00416219
  - Mean R2 = 0.999577
=====================================================


Iteration 158:
 Total loss = 1089.17 (best: 1088.6, iterations without improvement: 15)
  - Moment error = 999.629
  - Normalised fiber length penalty = 85.5209
  - Tendon strain penalty = 0.0424468
  - Synthesised excitations squared = 0.065076
  - Synergy exctraction = 0.244672
    - EMG tracking error = 0.171431
    - Primitives range penalty = 0.0521543
    - Muscle weightings range penalty = 0.0176947
    - Synthesised excitations range penalty = 0.00339184
  - Parameters penalty = 3.67004
 Model accuracy:
  - Trial inputData: 
    - hip_flexion_r: RMSE = 71.1581 Nm, R2 = 0.0338549
    - hip_adduction_r: RMSE = 69.7655 Nm, R2 = 0.0196268
    - hip_rotation_r: RMSE = 248.66 Nm, R2 = 0.391684
    - ankle_angle_r: RMSE = 56.6053 Nm, R2 = 0.00367586
    - hip_flexion_l: RMSE = 63.6758 Nm, R2 = 0.475768
    - hip_adduction_l: RMSE = 61.0902 Nm, R2 = 0.00879027
    - hip_rotation_l: RMSE = 262.361 Nm, R2 = 0.542019
    - knee_angle_l: RMSE = 107.8 Nm, R2 = 0.00131167
    - ankle_angle_l: RMSE = 58.5137 Nm, R2 = 0.00566339
 Synergy accuracy:
  - Mean RMSE = 0.00392657
  - Mean R2 = 0.999624
=====================================================


Iteration 159:
 Total loss = 1088.72 (best: 1088.6, iterations without improvement: 16)
  - Moment error = 999.595
  - Normalised fiber length penalty = 85.2305
  - Tendon strain penalty = 0.0420334
  - Synthesised excitations squared = 0.0652142
  - Synergy exctraction = 0.193883
    - EMG tracking error = 0.115108
    - Primitives range penalty = 0.0556882
    - Muscle weightings range penalty = 0.0203775
    - Synthesised excitations range penalty = 0.00270996
  - Parameters penalty = 3.59342
 Model accuracy:
  - Trial inputData: 
    - hip_flexion_r: RMSE = 71.1731 Nm, R2 = 0.0338961
    - hip_adduction_r: RMSE = 69.7062 Nm, R2 = 0.0192371
    - hip_rotation_r: RMSE = 248.626 Nm, R2 = 0.391844
    - ankle_angle_r: RMSE = 56.4518 Nm, R2 = 0.00164171
    - hip_flexion_l: RMSE = 62.9758 Nm, R2 = 0.481725
    - hip_adduction_l: RMSE = 61.9695 Nm, R2 = 0.00303696
    - hip_rotation_l: RMSE = 262.721 Nm, R2 = 0.540166
    - knee_angle_l: RMSE = 107.874 Nm, R2 = 0.00131965
    - ankle_angle_l: RMSE = 58.0978 Nm, R2 = 0.00761988
 Synergy accuracy:
  - Mean RMSE = 0.00321068
  - Mean R2 = 0.999748
=====================================================


Iteration 160:
 Total loss = 1087.62 (best: 1088.6, iterations without improvement: 17)
  - Moment error = 998.889
  - Normalised fiber length penalty = 84.9959
  - Tendon strain penalty = 0.0424749
  - Synthesised excitations squared = 0.0653967
  - Synergy exctraction = 0.149656
    - EMG tracking error = 0.0735791
    - Primitives range penalty = 0.0570794
    - Muscle weightings range penalty = 0.0181667
    - Synthesised excitations range penalty = 0.000830724
  - Parameters penalty = 3.47793
 Model accuracy:
  - Trial inputData: 
    - hip_flexion_r: RMSE = 71.1674 Nm, R2 = 0.0339154
    - hip_adduction_r: RMSE = 69.671 Nm, R2 = 0.019219
    - hip_rotation_r: RMSE = 248.618 Nm, R2 = 0.391943
    - ankle_angle_r: RMSE = 56.2481 Nm, R2 = 0.000939784
    - hip_flexion_l: RMSE = 62.4384 Nm, R2 = 0.484846
    - hip_adduction_l: RMSE = 62.3108 Nm, R2 = 0.00213685
    - hip_rotation_l: RMSE = 262.631 Nm, R2 = 0.540305
    - knee_angle_l: RMSE = 107.945 Nm, R2 = 0.00128027
    - ankle_angle_l: RMSE = 57.8602 Nm, R2 = 0.00936177
 Synergy accuracy:
  - Mean RMSE = 0.00257088
  - Mean R2 = 0.999836
=====================================================


Iteration 161:
 Total loss = 1086.57 (best: 1087.62, iterations without improvement: 1)
  - Moment error = 998.167
  - Normalised fiber length penalty = 84.8279
  - Tendon strain penalty = 0.0432151
  - Synthesised excitations squared = 0.0657677
  - Synergy exctraction = 0.134519
    - EMG tracking error = 0.0654738
    - Primitives range penalty = 0.0519745
    - Muscle weightings range penalty = 0.0164698
    - Synthesised excitations range penalty = 0.000601293
  - Parameters penalty = 3.32703
 Model accuracy:
  - Trial inputData: 
    - hip_flexion_r: RMSE = 71.1706 Nm, R2 = 0.0338658
    - hip_adduction_r: RMSE = 69.6261 Nm, R2 = 0.0194442
    - hip_rotation_r: RMSE = 248.609 Nm, R2 = 0.391975
    - ankle_angle_r: RMSE = 56.0386 Nm, R2 = 0.000830114
    - hip_flexion_l: RMSE = 62.6362 Nm, R2 = 0.482055
    - hip_adduction_l: RMSE = 61.9223 Nm, R2 = 0.00610144
    - hip_rotation_l: RMSE = 262.209 Nm, R2 = 0.541919
    - knee_angle_l: RMSE = 108.014 Nm, R2 = 0.00128462
    - ankle_angle_l: RMSE = 57.9409 Nm, R2 = 0.0105783
 Synergy accuracy:
  - Mean RMSE = 0.00245418
  - Mean R2 = 0.999846
=====================================================


Iteration 162:
 Total loss = 1086.29 (best: 1086.57, iterations without improvement: 1)
  - Moment error = 998.141
  - Normalised fiber length penalty = 84.745
  - Tendon strain penalty = 0.0425819
  - Synthesised excitations squared = 0.0661305
  - Synergy exctraction = 0.140812
    - EMG tracking error = 0.0792338
    - Primitives range penalty = 0.044162
    - Muscle weightings range penalty = 0.0165292
    - Synthesised excitations range penalty = 0.000887008
  - Parameters penalty = 3.15678
 Model accuracy:
  - Trial inputData: 
    - hip_flexion_r: RMSE = 71.2118 Nm, R2 = 0.0336391
    - hip_adduction_r: RMSE = 69.548 Nm, R2 = 0.0195578
    - hip_rotation_r: RMSE = 248.606 Nm, R2 = 0.392031
    - ankle_angle_r: RMSE = 55.848 Nm, R2 = 0.00104788
    - hip_flexion_l: RMSE = 62.3479 Nm, R2 = 0.483846
    - hip_adduction_l: RMSE = 62.2138 Nm, R2 = 0.0052294
    - hip_rotation_l: RMSE = 262.162 Nm, R2 = 0.541889
    - knee_angle_l: RMSE = 108.061 Nm, R2 = 0.00130442
    - ankle_angle_l: RMSE = 58.1422 Nm, R2 = 0.0113792
 Synergy accuracy:
  - Mean RMSE = 0.00268613
  - Mean R2 = 0.999823
=====================================================


Iteration 163:
 Total loss = 1086.02 (best: 1086.29, iterations without improvement: 1)
  - Moment error = 998.035
  - Normalised fiber length penalty = 84.733
  - Tendon strain penalty = 0.0424849
  - Synthesised excitations squared = 0.0666887
  - Synergy exctraction = 0.13893
    - EMG tracking error = 0.0838609
    - Primitives range penalty = 0.0376591
    - Muscle weightings range penalty = 0.0157851
    - Synthesised excitations range penalty = 0.00162508
  - Parameters penalty = 3.00766
 Model accuracy:
  - Trial inputData: 
    - hip_flexion_r: RMSE = 71.2532 Nm, R2 = 0.033608
    - hip_adduction_r: RMSE = 69.4801 Nm, R2 = 0.0190132
    - hip_rotation_r: RMSE = 248.577 Nm, R2 = 0.392211
    - ankle_angle_r: RMSE = 55.6843 Nm, R2 = 0.00127541
    - hip_flexion_l: RMSE = 62.1129 Nm, R2 = 0.485548
    - hip_adduction_l: RMSE = 62.4692 Nm, R2 = 0.00460866
    - hip_rotation_l: RMSE = 262.128 Nm, R2 = 0.541761
    - knee_angle_l: RMSE = 108.042 Nm, R2 = 0.00131234
    - ankle_angle_l: RMSE = 58.2878 Nm, R2 = 0.0121172
 Synergy accuracy:
  - Mean RMSE = 0.00278182
  - Mean R2 = 0.999804
=====================================================


Iteration 164:
 Total loss = 1086.02 (best: 1086.02, iterations without improvement: 1)
  - Moment error = 998.16
  - Normalised fiber length penalty = 84.7797
  - Tendon strain penalty = 0.0426616
  - Synthesised excitations squared = 0.0674465
  - Synergy exctraction = 0.135712
    - EMG tracking error = 0.085016
    - Primitives range penalty = 0.033534
    - Muscle weightings range penalty = 0.0146204
    - Synthesised excitations range penalty = 0.00254198
  - Parameters penalty = 2.83392
 Model accuracy:
  - Trial inputData: 
    - hip_flexion_r: RMSE = 71.21 Nm, R2 = 0.0339898
    - hip_adduction_r: RMSE = 69.5498 Nm, R2 = 0.0189908
    - hip_rotation_r: RMSE = 248.585 Nm, R2 = 0.392251
    - ankle_angle_r: RMSE = 55.5127 Nm, R2 = 0.0012571
    - hip_flexion_l: RMSE = 61.4959 Nm, R2 = 0.490395
    - hip_adduction_l: RMSE = 63.0508 Nm, R2 = 0.00179646
    - hip_rotation_l: RMSE = 262.333 Nm, R2 = 0.540641
    - knee_angle_l: RMSE = 108.055 Nm, R2 = 0.00137563
    - ankle_angle_l: RMSE = 58.3687 Nm, R2 = 0.0126586
 Synergy accuracy:
  - Mean RMSE = 0.00278375
  - Mean R2 = 0.999809
=====================================================


Iteration 165:
 Total loss = 1085.84 (best: 1086.02, iterations without improvement: 2)
  - Moment error = 998.089
  - Normalised fiber length penalty = 84.8416
  - Tendon strain penalty = 0.0430903
  - Synthesised excitations squared = 0.0682063
  - Synergy exctraction = 0.116335
    - EMG tracking error = 0.0702048
    - Primitives range penalty = 0.0324793
    - Muscle weightings range penalty = 0.011863
    - Synthesised excitations range penalty = 0.0017884
  - Parameters penalty = 2.67834
 Model accuracy:
  - Trial inputData: 
    - hip_flexion_r: RMSE = 71.147 Nm, R2 = 0.0341943
    - hip_adduction_r: RMSE = 69.5276 Nm, R2 = 0.0197357
    - hip_rotation_r: RMSE = 248.592 Nm, R2 = 0.392197
    - ankle_angle_r: RMSE = 55.351 Nm, R2 = 0.000956855
    - hip_flexion_l: RMSE = 61.5058 Nm, R2 = 0.490759
    - hip_adduction_l: RMSE = 63.1322 Nm, R2 = 0.00192309
    - hip_rotation_l: RMSE = 262.337 Nm, R2 = 0.54035
    - knee_angle_l: RMSE = 108.029 Nm, R2 = 0.00144078
    - ankle_angle_l: RMSE = 58.4666 Nm, R2 = 0.0126912
 Synergy accuracy:
  - Mean RMSE = 0.00254598
  - Mean R2 = 0.999838
=====================================================


Iteration 166:
 Total loss = 1141.68 (best: 1085.84, iterations without improvement: 1)
  - Moment error = 1053.79
  - Normalised fiber length penalty = 85.1227
  - Tendon strain penalty = 0.0426045
  - Synthesised excitations squared = 0.0689562
  - Synergy exctraction = 0.104429
    - EMG tracking error = 0.0600413
    - Primitives range penalty = 0.0313453
    - Muscle weightings range penalty = 0.0121458
    - Synthesised excitations range penalty = 0.000896642
  - Parameters penalty = 2.55009
 Model accuracy:
  - Trial inputData: 
    - hip_flexion_r: RMSE = 71.1554 Nm, R2 = 0.0343639
    - hip_adduction_r: RMSE = 69.5103 Nm, R2 = 0.0191232
    - hip_rotation_r: RMSE = 248.546 Nm, R2 = 0.392344
    - ankle_angle_r: RMSE = 55.1951 Nm, R2 = 0.000421898
    - hip_flexion_l: RMSE = 61.884 Nm, R2 = 0.488306
    - hip_adduction_l: RMSE = 62.888 Nm, R2 = 0.00392737
    - hip_rotation_l: RMSE = 262.099 Nm, R2 = 0.54116
    - knee_angle_l: RMSE = 107.948 Nm, R2 = 0.00149899
    - ankle_angle_l: RMSE = 114.567 Nm, R2 = 0.0455378
 Synergy accuracy:
  - Mean RMSE = 0.0023541
  - Mean R2 = 0.999861
=====================================================


Iteration 167:
 Total loss = 1131.63 (best: 1085.84, iterations without improvement: 2)
  - Moment error = 1043.83
  - Normalised fiber length penalty = 84.9375
  - Tendon strain penalty = 0.0425209
  - Synthesised excitations squared = 0.0652551
  - Synergy exctraction = 0.316505
    - EMG tracking error = 0.273785
    - Primitives range penalty = 0.0285928
    - Muscle weightings range penalty = 0.0141268
    - Synthesised excitations range penalty = 0
  - Parameters penalty = 2.44475
 Model accuracy:
  - Trial inputData: 
    - hip_flexion_r: RMSE = 71.2546 Nm, R2 = 0.0340326
    - hip_adduction_r: RMSE = 69.4284 Nm, R2 = 0.01917
    - hip_rotation_r: RMSE = 248.605 Nm, R2 = 0.392423
    - ankle_angle_r: RMSE = 55.091 Nm, R2 = 5.73407e-05
    - hip_flexion_l: RMSE = 61.7574 Nm, R2 = 0.489018
    - hip_adduction_l: RMSE = 63.0202 Nm, R2 = 0.00345811
    - hip_rotation_l: RMSE = 262.043 Nm, R2 = 0.541294
    - knee_angle_l: RMSE = 107.777 Nm, R2 = 0.00155202
    - ankle_angle_l: RMSE = 104.848 Nm, R2 = 0.0386398
 Synergy accuracy:
  - Mean RMSE = 0.00498469
  - Mean R2 = 0.999463
=====================================================


Iteration 168:
 Total loss = 1117.49 (best: 1085.84, iterations without improvement: 3)
  - Moment error = 1028.99
  - Normalised fiber length penalty = 84.8378
  - Tendon strain penalty = 0.0429213
  - Synthesised excitations squared = 0.0601342
  - Synergy exctraction = 1.14335
    - EMG tracking error = 1.01602
    - Primitives range penalty = 0.0262864
    - Muscle weightings range penalty = 0.101045
    - Synthesised excitations range penalty = 0
  - Parameters penalty = 2.4177
 Model accuracy:
  - Trial inputData: 
    - hip_flexion_r: RMSE = 71.2881 Nm, R2 = 0.0339953
    - hip_adduction_r: RMSE = 69.3649 Nm, R2 = 0.0190678
    - hip_rotation_r: RMSE = 248.586 Nm, R2 = 0.392419
    - ankle_angle_r: RMSE = 55.0513 Nm, R2 = 6.21188e-06
    - hip_flexion_l: RMSE = 61.7281 Nm, R2 = 0.489133
    - hip_adduction_l: RMSE = 63.084 Nm, R2 = 0.00343738
    - hip_rotation_l: RMSE = 262.031 Nm, R2 = 0.541293
    - knee_angle_l: RMSE = 107.548 Nm, R2 = 0.00155912
    - ankle_angle_l: RMSE = 90.3056 Nm, R2 = 0.0177869
 Synergy accuracy:
  - Mean RMSE = 0.0096117
  - Mean R2 = 0.998032
=====================================================


Iteration 169:
 Total loss = 1108.99 (best: 1085.84, iterations without improvement: 4)
  - Moment error = 1020.24
  - Normalised fiber length penalty = 84.7357
  - Tendon strain penalty = 0.0426577
  - Synthesised excitations squared = 0.0550798
  - Synergy exctraction = 1.59272
    - EMG tracking error = 1.28767
    - Primitives range penalty = 0.0268053
    - Muscle weightings range penalty = 0.278244
    - Synthesised excitations range penalty = 0
  - Parameters penalty = 2.32501
 Model accuracy:
  - Trial inputData: 
    - hip_flexion_r: RMSE = 71.278 Nm, R2 = 0.0342366
    - hip_adduction_r: RMSE = 69.3553 Nm, R2 = 0.0187075
    - hip_rotation_r: RMSE = 248.559 Nm, R2 = 0.392479
    - ankle_angle_r: RMSE = 55.0568 Nm, R2 = 8.68299e-05
    - hip_flexion_l: RMSE = 61.1524 Nm, R2 = 0.492659
    - hip_adduction_l: RMSE = 63.5376 Nm, R2 = 0.00123027
    - hip_rotation_l: RMSE = 262.291 Nm, R2 = 0.540183
    - knee_angle_l: RMSE = 107.321 Nm, R2 = 0.00154739
    - ankle_angle_l: RMSE = 81.6856 Nm, R2 = 0.00263817
 Synergy accuracy:
  - Mean RMSE = 0.0107851
  - Mean R2 = 0.997391
=====================================================


Iteration 170:
 Total loss = 1104.9 (best: 1085.84, iterations without improvement: 5)
  - Moment error = 1016.92
  - Normalised fiber length penalty = 84.6135
  - Tendon strain penalty = 0.0430555
  - Synthesised excitations squared = 0.0515043
  - Synergy exctraction = 0.983527
    - EMG tracking error = 0.716298
    - Primitives range penalty = 0.0309468
    - Muscle weightings range penalty = 0.236283
    - Synthesised excitations range penalty = 0
  - Parameters penalty = 2.28846
 Model accuracy:
  - Trial inputData: 
    - hip_flexion_r: RMSE = 71.2562 Nm, R2 = 0.034478
    - hip_adduction_r: RMSE = 69.3537 Nm, R2 = 0.018669
    - hip_rotation_r: RMSE = 248.539 Nm, R2 = 0.392469
    - ankle_angle_r: RMSE = 55.0008 Nm, R2 = 0.000245155
    - hip_flexion_l: RMSE = 61.3642 Nm, R2 = 0.491055
    - hip_adduction_l: RMSE = 63.2983 Nm, R2 = 0.00226916
    - hip_rotation_l: RMSE = 262.136 Nm, R2 = 0.540719
    - knee_angle_l: RMSE = 107.187 Nm, R2 = 0.00158847
    - ankle_angle_l: RMSE = 78.7869 Nm, R2 = 0.00048973
 Synergy accuracy:
  - Mean RMSE = 0.00805501
  - Mean R2 = 0.998464
=====================================================


Iteration 171:
 Total loss = 1104.61 (best: 1085.84, iterations without improvement: 6)
  - Moment error = 1016.7
  - Normalised fiber length penalty = 84.4848
  - Tendon strain penalty = 0.0425653
  - Synthesised excitations squared = 0.0493305
  - Synergy exctraction = 0.702168
    - EMG tracking error = 0.575271
    - Primitives range penalty = 0.0355136
    - Muscle weightings range penalty = 0.0913829
    - Synthesised excitations range penalty = 0
  - Parameters penalty = 2.63824
 Model accuracy:
  - Trial inputData: 
    - hip_flexion_r: RMSE = 71.2811 Nm, R2 = 0.0345061
    - hip_adduction_r: RMSE = 69.3341 Nm, R2 = 0.0184866
    - hip_rotation_r: RMSE = 248.542 Nm, R2 = 0.392492
    - ankle_angle_r: RMSE = 54.9771 Nm, R2 = 0.00043273
    - hip_flexion_l: RMSE = 61.4755 Nm, R2 = 0.490222
    - hip_adduction_l: RMSE = 63.118 Nm, R2 = 0.00313005
    - hip_rotation_l: RMSE = 261.933 Nm, R2 = 0.54156
    - knee_angle_l: RMSE = 107.15 Nm, R2 = 0.00162942
    - ankle_angle_l: RMSE = 78.8865 Nm, R2 = 0.00483451
 Synergy accuracy:
  - Mean RMSE = 0.00731009
  - Mean R2 = 0.999071
=====================================================


Iteration 172:
 Total loss = 1105.47 (best: 1085.84, iterations without improvement: 7)
  - Moment error = 1017.36
  - Normalised fiber length penalty = 84.0789
  - Tendon strain penalty = 0.0424933
  - Synthesised excitations squared = 0.0477041
  - Synergy exctraction = 0.961086
    - EMG tracking error = 0.908406
    - Primitives range penalty = 0.0357475
    - Muscle weightings range penalty = 0.0169327
    - Synthesised excitations range penalty = 0
  - Parameters penalty = 2.97674
 Model accuracy:
  - Trial inputData: 
    - hip_flexion_r: RMSE = 71.2517 Nm, R2 = 0.0347776
    - hip_adduction_r: RMSE = 69.3563 Nm, R2 = 0.0185671
    - hip_rotation_r: RMSE = 248.548 Nm, R2 = 0.392496
    - ankle_angle_r: RMSE = 54.9366 Nm, R2 = 0.000944004
    - hip_flexion_l: RMSE = 61.5283 Nm, R2 = 0.490122
    - hip_adduction_l: RMSE = 63.0636 Nm, R2 = 0.0032699
    - hip_rotation_l: RMSE = 261.97 Nm, R2 = 0.541489
    - knee_angle_l: RMSE = 107.232 Nm, R2 = 0.00164919
    - ankle_angle_l: RMSE = 79.4742 Nm, R2 = 0.00999171
 Synergy accuracy:
  - Mean RMSE = 0.00890942
  - Mean R2 = 0.998291
=====================================================


Iteration 173:
 Total loss = 1105.45 (best: 1085.84, iterations without improvement: 8)
  - Moment error = 1017.37
  - Normalised fiber length penalty = 83.8637
  - Tendon strain penalty = 0.0428697
  - Synthesised excitations squared = 0.0471798
  - Synergy exctraction = 1.15031
    - EMG tracking error = 0.914082
    - Primitives range penalty = 0.0317887
    - Muscle weightings range penalty = 0.204434
    - Synthesised excitations range penalty = 0
  - Parameters penalty = 2.98022
 Model accuracy:
  - Trial inputData: 
    - hip_flexion_r: RMSE = 71.2049 Nm, R2 = 0.0351995
    - hip_adduction_r: RMSE = 69.4095 Nm, R2 = 0.0184234
    - hip_rotation_r: RMSE = 248.546 Nm, R2 = 0.392566
    - ankle_angle_r: RMSE = 54.962 Nm, R2 = 0.00131849
    - hip_flexion_l: RMSE = 61.5799 Nm, R2 = 0.490137
    - hip_adduction_l: RMSE = 63.1243 Nm, R2 = 0.00267162
    - hip_rotation_l: RMSE = 262.182 Nm, R2 = 0.540407
    - knee_angle_l: RMSE = 107.442 Nm, R2 = 0.00165477
    - ankle_angle_l: RMSE = 78.917 Nm, R2 = 0.0117229
 Synergy accuracy:
  - Mean RMSE = 0.00898956
  - Mean R2 = 0.998212
=====================================================


Iteration 174:
 Total loss = 1103.87 (best: 1085.84, iterations without improvement: 9)
  - Moment error = 1015.89
  - Normalised fiber length penalty = 83.9854
  - Tendon strain penalty = 0.0425861
  - Synthesised excitations squared = 0.0478695
  - Synergy exctraction = 1.14943
    - EMG tracking error = 0.506538
    - Primitives range penalty = 0.0269807
    - Muscle weightings range penalty = 0.615915
    - Synthesised excitations range penalty = 0
  - Parameters penalty = 2.76215
 Model accuracy:
  - Trial inputData: 
    - hip_flexion_r: RMSE = 71.1372 Nm, R2 = 0.0356691
    - hip_adduction_r: RMSE = 69.4676 Nm, R2 = 0.0185144
    - hip_rotation_r: RMSE = 248.544 Nm, R2 = 0.392568
    - ankle_angle_r: RMSE = 54.9228 Nm, R2 = 0.00150225
    - hip_flexion_l: RMSE = 61.6111 Nm, R2 = 0.489664
    - hip_adduction_l: RMSE = 63.1021 Nm, R2 = 0.00241348
    - hip_rotation_l: RMSE = 262.222 Nm, R2 = 0.540418
    - knee_angle_l: RMSE = 107.711 Nm, R2 = 0.00157422
    - ankle_angle_l: RMSE = 77.1666 Nm, R2 = 0.0101609
 Synergy accuracy:
  - Mean RMSE = 0.00669074
  - Mean R2 = 0.998971
=====================================================


Iteration 175:
 Total loss = 1101.65 (best: 1085.84, iterations without improvement: 10)
  - Moment error = 1013.27
  - Normalised fiber length penalty = 84.3663
  - Tendon strain penalty = 0.0423933
  - Synthesised excitations squared = 0.0489056
  - Synergy exctraction = 1.39861
    - EMG tracking error = 0.53674
    - Primitives range penalty = 0.0245135
    - Muscle weightings range penalty = 0.837362
    - Synthesised excitations range penalty = 0
  - Parameters penalty = 2.51951
 Model accuracy:
  - Trial inputData: 
    - hip_flexion_r: RMSE = 71.0759 Nm, R2 = 0.0361388
    - hip_adduction_r: RMSE = 69.5153 Nm, R2 = 0.0183671
    - hip_rotation_r: RMSE = 248.521 Nm, R2 = 0.392561
    - ankle_angle_r: RMSE = 54.8175 Nm, R2 = 0.00175922
    - hip_flexion_l: RMSE = 61.9439 Nm, R2 = 0.486602
    - hip_adduction_l: RMSE = 62.7328 Nm, R2 = 0.00434913
    - hip_rotation_l: RMSE = 262.015 Nm, R2 = 0.541573
    - knee_angle_l: RMSE = 108.148 Nm, R2 = 0.00144484
    - ankle_angle_l: RMSE = 74.5017 Nm, R2 = 0.00679315
 Synergy accuracy:
  - Mean RMSE = 0.00685519
  - Mean R2 = 0.999073
=====================================================


Iteration 176:
 Total loss = 1098.97 (best: 1085.84, iterations without improvement: 11)
  - Moment error = 1010.31
  - Normalised fiber length penalty = 85.0457
  - Tendon strain penalty = 0.0424123
  - Synthesised excitations squared = 0.0498917
  - Synergy exctraction = 1.20131
    - EMG tracking error = 0.449637
    - Primitives range penalty = 0.0226606
    - Muscle weightings range penalty = 0.729012
    - Synthesised excitations range penalty = 1.85883e-07
  - Parameters penalty = 2.31656
 Model accuracy:
  - Trial inputData: 
    - hip_flexion_r: RMSE = 71.0433 Nm, R2 = 0.0363312
    - hip_adduction_r: RMSE = 69.561 Nm, R2 = 0.0186247
    - hip_rotation_r: RMSE = 248.539 Nm, R2 = 0.392469
    - ankle_angle_r: RMSE = 54.6999 Nm, R2 = 0.00219312
    - hip_flexion_l: RMSE = 61.8163 Nm, R2 = 0.486834
    - hip_adduction_l: RMSE = 62.6826 Nm, R2 = 0.00393611
    - hip_rotation_l: RMSE = 261.94 Nm, R2 = 0.542184
    - knee_angle_l: RMSE = 108.718 Nm, R2 = 0.00132371
    - ankle_angle_l: RMSE = 71.3134 Nm, R2 = 0.0029443
 Synergy accuracy:
  - Mean RMSE = 0.00641427
  - Mean R2 = 0.999002
=====================================================


Iteration 177:
 Total loss = 1096.72 (best: 1085.84, iterations without improvement: 12)
  - Moment error = 1008.08
  - Normalised fiber length penalty = 85.4192
  - Tendon strain penalty = 0.042493
  - Synthesised excitations squared = 0.0507986
  - Synergy exctraction = 0.948086
    - EMG tracking error = 0.502188
    - Primitives range penalty = 0.0211152
    - Muscle weightings range penalty = 0.424569
    - Synthesised excitations range penalty = 0.00021449
  - Parameters penalty = 2.17959
 Model accuracy:
  - Trial inputData: 
    - hip_flexion_r: RMSE = 71.0174 Nm, R2 = 0.0367513
    - hip_adduction_r: RMSE = 69.635 Nm, R2 = 0.0181946
    - hip_rotation_r: RMSE = 248.536 Nm, R2 = 0.392512
    - ankle_angle_r: RMSE = 54.6143 Nm, R2 = 0.00249534
    - hip_flexion_l: RMSE = 61.9977 Nm, R2 = 0.485284
    - hip_adduction_l: RMSE = 62.4874 Nm, R2 = 0.00450987
    - hip_rotation_l: RMSE = 261.981 Nm, R2 = 0.542196
    - knee_angle_l: RMSE = 109.375 Nm, R2 = 0.00126783
    - ankle_angle_l: RMSE = 68.4362 Nm, R2 = 0.003058
 Synergy accuracy:
  - Mean RMSE = 0.00653212
  - Mean R2 = 0.999179
=====================================================


Iteration 178:
 Total loss = 1093.72 (best: 1085.84, iterations without improvement: 13)
  - Moment error = 1005.26
  - Normalised fiber length penalty = 85.7146
  - Tendon strain penalty = 0.0422236
  - Synthesised excitations squared = 0.0527062
  - Synergy exctraction = 0.518023
    - EMG tracking error = 0.357963
    - Primitives range penalty = 0.0206025
    - Muscle weightings range penalty = 0.138473
    - Synthesised excitations range penalty = 0.000985054
  - Parameters penalty = 2.13111
 Model accuracy:
  - Trial inputData: 
    - hip_flexion_r: RMSE = 70.9778 Nm, R2 = 0.0370122
    - hip_adduction_r: RMSE = 69.6283 Nm, R2 = 0.0182121
    - hip_rotation_r: RMSE = 248.522 Nm, R2 = 0.392505
    - ankle_angle_r: RMSE = 54.4844 Nm, R2 = 0.00328538
    - hip_flexion_l: RMSE = 62.2558 Nm, R2 = 0.483258
    - hip_adduction_l: RMSE = 62.2403 Nm, R2 = 0.00541493
    - hip_rotation_l: RMSE = 261.999 Nm, R2 = 0.542248
    - knee_angle_l: RMSE = 110.035 Nm, R2 = 0.00122969
    - ankle_angle_l: RMSE = 65.1166 Nm, R2 = 0.000122118
 Synergy accuracy:
  - Mean RMSE = 0.00570346
  - Mean R2 = 0.999247
=====================================================


Iteration 179:
 Total loss = 1091.9 (best: 1085.84, iterations without improvement: 14)
  - Moment error = 1003.05
  - Normalised fiber length penalty = 86.0929
  - Tendon strain penalty = 0.0425028
  - Synthesised excitations squared = 0.0553769
  - Synergy exctraction = 0.544035
    - EMG tracking error = 0.495673
    - Primitives range penalty = 0.0183797
    - Muscle weightings range penalty = 0.017894
    - Synthesised excitations range penalty = 0.0120885
  - Parameters penalty = 2.10813
 Model accuracy:
  - Trial inputData: 
    - hip_flexion_r: RMSE = 70.9202 Nm, R2 = 0.0373263
    - hip_adduction_r: RMSE = 69.678 Nm, R2 = 0.0184363
    - hip_rotation_r: RMSE = 248.515 Nm, R2 = 0.392444
    - ankle_angle_r: RMSE = 54.3811 Nm, R2 = 0.00440462
    - hip_flexion_l: RMSE = 62.4496 Nm, R2 = 0.481896
    - hip_adduction_l: RMSE = 62.0166 Nm, R2 = 0.00613043
    - hip_rotation_l: RMSE = 262.01 Nm, R2 = 0.542277
    - knee_angle_l: RMSE = 110.672 Nm, R2 = 0.00121316
    - ankle_angle_l: RMSE = 62.4114 Nm, R2 = 0.00168181
 Synergy accuracy:
  - Mean RMSE = 0.0065839
  - Mean R2 = 0.999369
=====================================================


Iteration 180:
 Total loss = 1091.13 (best: 1085.84, iterations without improvement: 15)
  - Moment error = 1001.85
  - Normalised fiber length penalty = 86.6236
  - Tendon strain penalty = 0.0424392
  - Synthesised excitations squared = 0.0575127
  - Synergy exctraction = 0.441267
    - EMG tracking error = 0.384376
    - Primitives range penalty = 0.0161217
    - Muscle weightings range penalty = 0.00951067
    - Synthesised excitations range penalty = 0.0312581
  - Parameters penalty = 2.11389
 Model accuracy:
  - Trial inputData: 
    - hip_flexion_r: RMSE = 70.9321 Nm, R2 = 0.03736
    - hip_adduction_r: RMSE = 69.7051 Nm, R2 = 0.0181007
    - hip_rotation_r: RMSE = 248.502 Nm, R2 = 0.392501
    - ankle_angle_r: RMSE = 54.3692 Nm, R2 = 0.00524167
    - hip_flexion_l: RMSE = 62.4109 Nm, R2 = 0.482348
    - hip_adduction_l: RMSE = 61.9714 Nm, R2 = 0.00520336
    - hip_rotation_l: RMSE = 262.033 Nm, R2 = 0.542257
    - knee_angle_l: RMSE = 111.193 Nm, R2 = 0.00121123
    - ankle_angle_l: RMSE = 60.7352 Nm, R2 = 0.00927695
 Synergy accuracy:
  - Mean RMSE = 0.0057371
  - Mean R2 = 0.999433
=====================================================


Iteration 181:
 Total loss = 1092.23 (best: 1085.84, iterations without improvement: 16)
  - Moment error = 1002.15
  - Normalised fiber length penalty = 87.3152
  - Tendon strain penalty = 0.0424228
  - Synthesised excitations squared = 0.0588051
  - Synergy exctraction = 0.462785
    - EMG tracking error = 0.406196
    - Primitives range penalty = 0.0147651
    - Muscle weightings range penalty = 0.00853667
    - Synthesised excitations range penalty = 0.0332872
  - Parameters penalty = 2.20078
 Model accuracy:
  - Trial inputData: 
    - hip_flexion_r: RMSE = 70.9143 Nm, R2 = 0.0374715
    - hip_adduction_r: RMSE = 69.7093 Nm, R2 = 0.0182875
    - hip_rotation_r: RMSE = 248.544 Nm, R2 = 0.392521
    - ankle_angle_r: RMSE = 54.438 Nm, R2 = 0.00607022
    - hip_flexion_l: RMSE = 62.8374 Nm, R2 = 0.479656
    - hip_adduction_l: RMSE = 61.566 Nm, R2 = 0.00737376
    - hip_rotation_l: RMSE = 261.982 Nm, R2 = 0.542413
    - knee_angle_l: RMSE = 111.613 Nm, R2 = 0.00124917
    - ankle_angle_l: RMSE = 60.5482 Nm, R2 = 0.02698
 Synergy accuracy:
  - Mean RMSE = 0.00605419
  - Mean R2 = 0.999242
=====================================================


Iteration 182:
 Total loss = 1093.56 (best: 1085.84, iterations without improvement: 17)
  - Moment error = 1002.64
  - Normalised fiber length penalty = 88.0263
  - Tendon strain penalty = 0.0429304
  - Synthesised excitations squared = 0.0593801
  - Synergy exctraction = 0.581436
    - EMG tracking error = 0.518926
    - Primitives range penalty = 0.0151092
    - Muscle weightings range penalty = 0.02559
    - Synthesised excitations range penalty = 0.0218107
  - Parameters penalty = 2.20997
 Model accuracy:
  - Trial inputData: 
    - hip_flexion_r: RMSE = 70.8433 Nm, R2 = 0.037966
    - hip_adduction_r: RMSE = 69.7477 Nm, R2 = 0.0181108
    - hip_rotation_r: RMSE = 248.505 Nm, R2 = 0.392577
    - ankle_angle_r: RMSE = 54.4509 Nm, R2 = 0.00689286
    - hip_flexion_l: RMSE = 63.369 Nm, R2 = 0.476463
    - hip_adduction_l: RMSE = 61.2192 Nm, R2 = 0.00948319
    - hip_rotation_l: RMSE = 262.079 Nm, R2 = 0.541941
    - knee_angle_l: RMSE = 111.856 Nm, R2 = 0.00129271
    - ankle_angle_l: RMSE = 60.5722 Nm, R2 = 0.0406735
 Synergy accuracy:
  - Mean RMSE = 0.00677811
  - Mean R2 = 0.999325
=====================================================


Iteration 183:
 Total loss = 1094.33 (best: 1085.84, iterations without improvement: 18)
  - Moment error = 1003.08
  - Normalised fiber length penalty = 88.6819
  - Tendon strain penalty = 0.0421715
  - Synthesised excitations squared = 0.0600412
  - Synergy exctraction = 0.295013
    - EMG tracking error = 0.231398
    - Primitives range penalty = 0.0159598
    - Muscle weightings range penalty = 0.0272498
    - Synthesised excitations range penalty = 0.0204053
  - Parameters penalty = 2.17046
 Model accuracy:
  - Trial inputData: 
    - hip_flexion_r: RMSE = 70.7977 Nm, R2 = 0.0382041
    - hip_adduction_r: RMSE = 69.7774 Nm, R2 = 0.0181949
    - hip_rotation_r: RMSE = 248.498 Nm, R2 = 0.392575
    - ankle_angle_r: RMSE = 54.3614 Nm, R2 = 0.00766723
    - hip_flexion_l: RMSE = 63.6035 Nm, R2 = 0.475599
    - hip_adduction_l: RMSE = 61.1471 Nm, R2 = 0.00893452
    - hip_rotation_l: RMSE = 262.205 Nm, R2 = 0.541332
    - knee_angle_l: RMSE = 111.951 Nm, R2 = 0.00131609
    - ankle_angle_l: RMSE = 60.7412 Nm, R2 = 0.049522
 Synergy accuracy:
  - Mean RMSE = 0.00460524
  - Mean R2 = 0.999532
=====================================================


Iteration 184:
 Total loss = 1094.98 (best: 1085.84, iterations without improvement: 19)
  - Moment error = 1002.97
  - Normalised fiber length penalty = 89.2172
  - Tendon strain penalty = 0.0425865
  - Synthesised excitations squared = 0.0603423
  - Synergy exctraction = 0.56221
    - EMG tracking error = 0.406795
    - Primitives range penalty = 0.015188
    - Muscle weightings range penalty = 0.123811
    - Synthesised excitations range penalty = 0.0164149
  - Parameters penalty = 2.12782
 Model accuracy:
  - Trial inputData: 
    - hip_flexion_r: RMSE = 70.7711 Nm, R2 = 0.0383393
    - hip_adduction_r: RMSE = 69.7897 Nm, R2 = 0.0181109
    - hip_rotation_r: RMSE = 248.49 Nm, R2 = 0.39261
    - ankle_angle_r: RMSE = 54.26 Nm, R2 = 0.00803108
    - hip_flexion_l: RMSE = 63.9093 Nm, R2 = 0.473357
    - hip_adduction_l: RMSE = 60.8112 Nm, R2 = 0.0113932
    - hip_rotation_l: RMSE = 262.064 Nm, R2 = 0.541707
    - knee_angle_l: RMSE = 111.952 Nm, R2 = 0.00129163
    - ankle_angle_l: RMSE = 60.9219 Nm, R2 = 0.053256
 Synergy accuracy:
  - Mean RMSE = 0.0060396
  - Mean R2 = 0.999488
=====================================================


Iteration 185:
 Total loss = 1094.98 (best: 1085.84, iterations without improvement: 20)
  - Moment error = 1002.8
  - Normalised fiber length penalty = 89.6503
  - Tendon strain penalty = 0.0425205
  - Synthesised excitations squared = 0.0597093
  - Synergy exctraction = 0.380932
    - EMG tracking error = 0.282074
    - Primitives range penalty = 0.0142389
    - Muscle weightings range penalty = 0.0808059
    - Synthesised excitations range penalty = 0.00381328
  - Parameters penalty = 2.05303
 Model accuracy:
  - Trial inputData: 
    - hip_flexion_r: RMSE = 70.7637 Nm, R2 = 0.038297
    - hip_adduction_r: RMSE = 69.8061 Nm, R2 = 0.0183194
    - hip_rotation_r: RMSE = 248.51 Nm, R2 = 0.392593
    - ankle_angle_r: RMSE = 54.2272 Nm, R2 = 0.00763248
    - hip_flexion_l: RMSE = 64.0966 Nm, R2 = 0.471704
    - hip_adduction_l: RMSE = 60.6252 Nm, R2 = 0.0126175
    - hip_rotation_l: RMSE = 262.053 Nm, R2 = 0.541621
    - knee_angle_l: RMSE = 111.79 Nm, R2 = 0.00121146
    - ankle_angle_l: RMSE = 60.9248 Nm, R2 = 0.0510713
 Synergy accuracy:
  - Mean RMSE = 0.00504538
  - Mean R2 = 0.999482
=====================================================


Excitation synthesizer accuracy:
 - Mean RMSE = 0.0230226
 - Mean R2   = 0.742328

Calibration finished
  Time taken: 33 minutes 44 seconds
