[2026-02-25 13:13:23.382] [info] Loaded model Athlete_03 from file ..\..\..\..\models\Athlete_03\25_03_31\scaled.osim
[2026-02-25 13:13:23.571] [info] Loaded model scaled_opt_N10.osim from file ..\..\..\..\models\Athlete_03\25_03_31\scaled_opt_N10_increased_3.00.osim
[2026-02-25 13:13:23.688] [info] Loaded model scaled_opt_N10.osim from file ..\..\..\..\models\Athlete_03\25_03_31\scaled_opt_N10_increased_3.00.osim
[2026-02-25 13:13:23.932] [info] Loaded model scaled_opt_N10.osim from file ..\..\..\..\models\Athlete_03\25_03_31\scaled_opt_N10_increased_3.00.osim
[2026-02-25 13:13:24.008] [cout] [info] 
               MODEL: scaled_opt_N10.osim
         coordinates: 39
              forces: 97
           actuators: 97
             muscles: 80
            analyses: 0
              probes: 0
              bodies: 22
              joints: 22
         constraints: 2
             markers: 45
         controllers: 0
  contact geometries: 0
misc modelcomponents: 0
[2026-02-25 13:13:24.009] [info] Running tool .
[2026-02-25 13:13:24.205] [info] Frame 1 (t = 0.00500000):	 total squared error = 4.96621, marker error: RMS = 0.4457, max = 1.62555 (BR)
[2026-02-25 13:13:24.219] [info] Frame 2 (t = 0.01):	 total squared error = 4.96662, marker error: RMS = 0.445718, max = 1.6256 (BR)
[2026-02-25 13:13:24.250] [info] Frame 3 (t = 0.015):	 total squared error = 4.96709, marker error: RMS = 0.445739, max = 1.62566 (BR)
[2026-02-25 13:13:24.264] [info] Frame 4 (t = 0.02):	 total squared error = 4.96762, marker error: RMS = 0.445763, max = 1.62573 (BR)
[2026-02-25 13:13:24.284] [info] Frame 5 (t = 0.025):	 total squared error = 4.9682, marker error: RMS = 0.445789, max = 1.62581 (BR)
[2026-02-25 13:13:24.307] [info] Frame 6 (t = 0.03):	 total squared error = 4.96882, marker error: RMS = 0.445817, max = 1.6259 (BR)
[2026-02-25 13:13:24.333] [info] Frame 7 (t = 0.035):	 total squared error = 4.96947, marker error: RMS = 0.445846, max = 1.62599 (BR)
[2026-02-25 13:13:24.354] [info] Frame 8 (t = 0.04):	 total squared error = 4.97015, marker error: RMS = 0.445877, max = 1.62609 (BR)
[2026-02-25 13:13:24.374] [info] Frame 9 (t = 0.045):	 total squared error = 4.97084, marker error: RMS = 0.445907, max = 1.6262 (BR)
[2026-02-25 13:13:24.392] [info] Frame 10 (t = 0.05):	 total squared error = 4.97152, marker error: RMS = 0.445938, max = 1.6263 (BR)
[2026-02-25 13:13:24.413] [info] Frame 11 (t = 0.055):	 total squared error = 4.97219, marker error: RMS = 0.445968, max = 1.62641 (BR)
[2026-02-25 13:13:24.428] [info] Frame 12 (t = 0.06):	 total squared error = 4.97285, marker error: RMS = 0.445998, max = 1.62651 (BR)
[2026-02-25 13:13:24.441] [info] Frame 13 (t = 0.065):	 total squared error = 4.97348, marker error: RMS = 0.446026, max = 1.62661 (BR)
[2026-02-25 13:13:24.455] [info] Frame 14 (t = 0.07):	 total squared error = 4.97407, marker error: RMS = 0.446053, max = 1.62671 (BR)
[2026-02-25 13:13:24.467] [info] Frame 15 (t = 0.075):	 total squared error = 4.97464, marker error: RMS = 0.446078, max = 1.62681 (BR)
[2026-02-25 13:13:24.479] [info] Frame 16 (t = 0.08):	 total squared error = 4.97516, marker error: RMS = 0.446101, max = 1.6269 (BR)
[2026-02-25 13:13:24.492] [info] Frame 17 (t = 0.085):	 total squared error = 4.97565, marker error: RMS = 0.446123, max = 1.62699 (BR)
[2026-02-25 13:13:24.503] [info] Frame 18 (t = 0.09):	 total squared error = 4.9761, marker error: RMS = 0.446144, max = 1.62708 (BR)
[2026-02-25 13:13:24.514] [info] Frame 19 (t = 0.095):	 total squared error = 4.9765, marker error: RMS = 0.446162, max = 1.62716 (BR)
[2026-02-25 13:13:24.526] [info] Frame 20 (t = 0.1):	 total squared error = 4.97687, marker error: RMS = 0.446178, max = 1.62724 (BR)
[2026-02-25 13:13:24.537] [info] Frame 21 (t = 0.105000):	 total squared error = 4.97719, marker error: RMS = 0.446192, max = 1.62731 (BR)
[2026-02-25 13:13:24.551] [info] Frame 22 (t = 0.11):	 total squared error = 4.97746, marker error: RMS = 0.446204, max = 1.62737 (BR)
[2026-02-25 13:13:24.563] [info] Frame 23 (t = 0.115):	 total squared error = 4.9777, marker error: RMS = 0.446215, max = 1.62743 (BR)
[2026-02-25 13:13:24.576] [info] Frame 24 (t = 0.12):	 total squared error = 4.9779, marker error: RMS = 0.446224, max = 1.62749 (BR)
[2026-02-25 13:13:24.589] [info] Frame 25 (t = 0.125):	 total squared error = 4.97806, marker error: RMS = 0.446232, max = 1.62754 (BR)
[2026-02-25 13:13:24.601] [info] Frame 26 (t = 0.13):	 total squared error = 4.9782, marker error: RMS = 0.446237, max = 1.62758 (BR)
[2026-02-25 13:13:24.614] [info] Frame 27 (t = 0.135):	 total squared error = 4.9783, marker error: RMS = 0.446242, max = 1.62762 (BR)
[2026-02-25 13:13:24.628] [info] Frame 28 (t = 0.14):	 total squared error = 4.97838, marker error: RMS = 0.446246, max = 1.62766 (BR)
[2026-02-25 13:13:24.640] [info] Frame 29 (t = 0.145):	 total squared error = 4.97843, marker error: RMS = 0.446248, max = 1.62769 (BR)
[2026-02-25 13:13:24.653] [info] Frame 30 (t = 0.15):	 total squared error = 4.97847, marker error: RMS = 0.44625, max = 1.62772 (BR)
[2026-02-25 13:13:24.666] [info] Frame 31 (t = 0.155):	 total squared error = 4.97849, marker error: RMS = 0.446251, max = 1.62775 (BR)
[2026-02-25 13:13:24.676] [info] Frame 32 (t = 0.16):	 total squared error = 4.9785, marker error: RMS = 0.446251, max = 1.62778 (BR)
[2026-02-25 13:13:24.692] [info] Frame 33 (t = 0.165):	 total squared error = 4.9785, marker error: RMS = 0.446251, max = 1.6278 (BR)
[2026-02-25 13:13:24.704] [info] Frame 34 (t = 0.17):	 total squared error = 4.97848, marker error: RMS = 0.44625, max = 1.62783 (BR)
[2026-02-25 13:13:24.717] [info] Frame 35 (t = 0.175):	 total squared error = 4.97846, marker error: RMS = 0.446249, max = 1.62785 (BR)
[2026-02-25 13:13:24.730] [info] Frame 36 (t = 0.18):	 total squared error = 4.97843, marker error: RMS = 0.446248, max = 1.62787 (BR)
[2026-02-25 13:13:24.742] [info] Frame 37 (t = 0.185):	 total squared error = 4.97839, marker error: RMS = 0.446246, max = 1.62789 (BR)
[2026-02-25 13:13:24.758] [info] Frame 38 (t = 0.19):	 total squared error = 4.97834, marker error: RMS = 0.446244, max = 1.62791 (BR)
[2026-02-25 13:13:24.770] [info] Frame 39 (t = 0.195):	 total squared error = 4.97829, marker error: RMS = 0.446242, max = 1.62793 (BR)
[2026-02-25 13:13:24.784] [info] Frame 40 (t = 0.2):	 total squared error = 4.97822, marker error: RMS = 0.446239, max = 1.62794 (BR)
[2026-02-25 13:13:24.799] [info] Frame 41 (t = 0.205000):	 total squared error = 4.97815, marker error: RMS = 0.446235, max = 1.62796 (BR)
[2026-02-25 13:13:24.814] [info] Frame 42 (t = 0.21):	 total squared error = 4.97806, marker error: RMS = 0.446231, max = 1.62797 (BR)
[2026-02-25 13:13:24.826] [info] Frame 43 (t = 0.215):	 total squared error = 4.97796, marker error: RMS = 0.446227, max = 1.62798 (BR)
[2026-02-25 13:13:24.839] [info] Frame 44 (t = 0.22):	 total squared error = 4.97784, marker error: RMS = 0.446221, max = 1.62798 (BR)
[2026-02-25 13:13:24.860] [info] Frame 45 (t = 0.225):	 total squared error = 4.9777, marker error: RMS = 0.446215, max = 1.62798 (BR)
[2026-02-25 13:13:24.878] [info] Frame 46 (t = 0.23):	 total squared error = 4.97753, marker error: RMS = 0.446208, max = 1.62798 (BR)
[2026-02-25 13:13:24.890] [info] Frame 47 (t = 0.235):	 total squared error = 4.97735, marker error: RMS = 0.4462, max = 1.62797 (BR)
[2026-02-25 13:13:24.903] [info] Frame 48 (t = 0.24):	 total squared error = 4.97713, marker error: RMS = 0.44619, max = 1.62796 (BR)
[2026-02-25 13:13:24.922] [info] Frame 49 (t = 0.245):	 total squared error = 4.97687, marker error: RMS = 0.446178, max = 1.62794 (BR)
[2026-02-25 13:13:24.936] [info] Frame 50 (t = 0.25):	 total squared error = 4.97657, marker error: RMS = 0.446165, max = 1.62791 (BR)
[2026-02-25 13:13:24.955] [info] Frame 51 (t = 0.255):	 total squared error = 4.97623, marker error: RMS = 0.446149, max = 1.62787 (BR)
[2026-02-25 13:13:24.971] [info] Frame 52 (t = 0.26):	 total squared error = 4.97584, marker error: RMS = 0.446132, max = 1.62783 (BR)
[2026-02-25 13:13:24.985] [info] Frame 53 (t = 0.265):	 total squared error = 4.9754, marker error: RMS = 0.446112, max = 1.62778 (BR)
[2026-02-25 13:13:24.996] [info] Frame 54 (t = 0.27):	 total squared error = 4.97488, marker error: RMS = 0.446089, max = 1.62771 (BR)
[2026-02-25 13:13:25.008] [info] Frame 55 (t = 0.275):	 total squared error = 4.97429, marker error: RMS = 0.446062, max = 1.62763 (BR)
[2026-02-25 13:13:25.026] [info] Frame 56 (t = 0.28):	 total squared error = 4.9736, marker error: RMS = 0.446031, max = 1.62754 (BR)
[2026-02-25 13:13:25.043] [info] Frame 57 (t = 0.285):	 total squared error = 4.97281, marker error: RMS = 0.445996, max = 1.62742 (BR)
[2026-02-25 13:13:25.056] [info] Frame 58 (t = 0.29):	 total squared error = 4.97191, marker error: RMS = 0.445955, max = 1.62729 (BR)
[2026-02-25 13:13:25.068] [info] Frame 59 (t = 0.295):	 total squared error = 4.97088, marker error: RMS = 0.445909, max = 1.62713 (BR)
[2026-02-25 13:13:25.083] [info] Frame 60 (t = 0.3):	 total squared error = 4.96968, marker error: RMS = 0.445856, max = 1.62694 (BR)
[2026-02-25 13:13:25.107] [info] Frame 61 (t = 0.305000):	 total squared error = 4.96833, marker error: RMS = 0.445795, max = 1.62672 (BR)
[2026-02-25 13:13:25.132] [info] Frame 62 (t = 0.31):	 total squared error = 4.96679, marker error: RMS = 0.445726, max = 1.62647 (BR)
[2026-02-25 13:13:25.156] [info] Frame 63 (t = 0.315):	 total squared error = 4.96504, marker error: RMS = 0.445648, max = 1.62619 (BR)
[2026-02-25 13:13:25.174] [info] Frame 64 (t = 0.32):	 total squared error = 4.96307, marker error: RMS = 0.445559, max = 1.62586 (BR)
[2026-02-25 13:13:25.203] [info] Frame 65 (t = 0.325):	 total squared error = 4.96085, marker error: RMS = 0.445459, max = 1.62549 (BR)
[2026-02-25 13:13:25.220] [info] Frame 66 (t = 0.33):	 total squared error = 4.95836, marker error: RMS = 0.445347, max = 1.62507 (BR)
[2026-02-25 13:13:25.237] [info] Frame 67 (t = 0.335):	 total squared error = 4.95557, marker error: RMS = 0.445222, max = 1.62459 (BR)
[2026-02-25 13:13:25.261] [info] Frame 68 (t = 0.34):	 total squared error = 4.95244, marker error: RMS = 0.445082, max = 1.62406 (BR)
[2026-02-25 13:13:25.286] [info] Frame 69 (t = 0.345):	 total squared error = 4.94898, marker error: RMS = 0.444926, max = 1.62347 (BR)
[2026-02-25 13:13:25.305] [info] Frame 70 (t = 0.35):	 total squared error = 4.94515, marker error: RMS = 0.444754, max = 1.62281 (BR)
[2026-02-25 13:13:25.334] [info] Frame 71 (t = 0.355):	 total squared error = 4.94092, marker error: RMS = 0.444564, max = 1.62208 (BR)
[2026-02-25 13:13:25.348] [info] Frame 72 (t = 0.36):	 total squared error = 4.93628, marker error: RMS = 0.444355, max = 1.62129 (BR)
[2026-02-25 13:13:25.361] [info] Frame 73 (t = 0.365):	 total squared error = 4.93121, marker error: RMS = 0.444127, max = 1.62041 (BR)
[2026-02-25 13:13:25.375] [info] Frame 74 (t = 0.37):	 total squared error = 4.9257, marker error: RMS = 0.443878, max = 1.61947 (BR)
[2026-02-25 13:13:25.390] [info] Frame 75 (t = 0.375):	 total squared error = 4.91972, marker error: RMS = 0.443609, max = 1.61844 (BR)
[2026-02-25 13:13:25.404] [info] Frame 76 (t = 0.38):	 total squared error = 4.91328, marker error: RMS = 0.443318, max = 1.61733 (BR)
[2026-02-25 13:13:25.418] [info] Frame 77 (t = 0.385):	 total squared error = 4.90636, marker error: RMS = 0.443006, max = 1.61614 (BR)
[2026-02-25 13:13:25.429] [info] Frame 78 (t = 0.39):	 total squared error = 4.89897, marker error: RMS = 0.442672, max = 1.61487 (BR)
[2026-02-25 13:13:25.446] [info] Frame 79 (t = 0.395):	 total squared error = 4.89109, marker error: RMS = 0.442316, max = 1.61351 (BR)
[2026-02-25 13:13:25.461] [info] Frame 80 (t = 0.4):	 total squared error = 4.88273, marker error: RMS = 0.441938, max = 1.61208 (BR)
[2026-02-25 13:13:25.477] [info] Frame 81 (t = 0.405000):	 total squared error = 4.8739, marker error: RMS = 0.441538, max = 1.61056 (BR)
[2026-02-25 13:13:25.492] [info] Frame 82 (t = 0.41):	 total squared error = 4.86459, marker error: RMS = 0.441116, max = 1.60896 (BR)
[2026-02-25 13:13:25.508] [info] Frame 83 (t = 0.415):	 total squared error = 4.85483, marker error: RMS = 0.440673, max = 1.60728 (BR)
[2026-02-25 13:13:25.525] [info] Frame 84 (t = 0.42):	 total squared error = 4.8446, marker error: RMS = 0.440209, max = 1.60552 (BR)
[2026-02-25 13:13:25.541] [info] Frame 85 (t = 0.425):	 total squared error = 4.83394, marker error: RMS = 0.439724, max = 1.60369 (BR)
[2026-02-25 13:13:25.552] [info] Frame 86 (t = 0.43):	 total squared error = 4.82285, marker error: RMS = 0.43922, max = 1.60178 (BR)
[2026-02-25 13:13:25.569] [info] Frame 87 (t = 0.435):	 total squared error = 4.81132, marker error: RMS = 0.438695, max = 1.5998 (BR)
[2026-02-25 13:13:25.583] [info] Frame 88 (t = 0.44):	 total squared error = 4.7994, marker error: RMS = 0.43815, max = 1.59775 (BR)
[2026-02-25 13:13:25.598] [info] Frame 89 (t = 0.445):	 total squared error = 4.78707, marker error: RMS = 0.437588, max = 1.59563 (BR)
[2026-02-25 13:13:25.612] [info] Frame 90 (t = 0.45):	 total squared error = 4.77437, marker error: RMS = 0.437007, max = 1.59344 (BR)
[2026-02-25 13:13:25.628] [info] Frame 91 (t = 0.455):	 total squared error = 4.7613, marker error: RMS = 0.436408, max = 1.59119 (BR)
[2026-02-25 13:13:25.643] [info] Frame 92 (t = 0.46):	 total squared error = 4.74789, marker error: RMS = 0.435793, max = 1.58889 (BR)
[2026-02-25 13:13:25.657] [info] Frame 93 (t = 0.465):	 total squared error = 4.73416, marker error: RMS = 0.435163, max = 1.58652 (BR)
[2026-02-25 13:13:25.669] [info] Frame 94 (t = 0.47):	 total squared error = 4.72014, marker error: RMS = 0.434517, max = 1.58411 (BR)
[2026-02-25 13:13:25.682] [info] Frame 95 (t = 0.475):	 total squared error = 4.70583, marker error: RMS = 0.433858, max = 1.58165 (BR)
[2026-02-25 13:13:25.692] [info] Frame 96 (t = 0.48):	 total squared error = 4.69128, marker error: RMS = 0.433187, max = 1.57914 (BR)
[2026-02-25 13:13:25.711] [info] Frame 97 (t = 0.485):	 total squared error = 4.67651, marker error: RMS = 0.432505, max = 1.5766 (BR)
[2026-02-25 13:13:25.727] [info] Frame 98 (t = 0.49):	 total squared error = 4.66155, marker error: RMS = 0.431812, max = 1.57402 (BR)
[2026-02-25 13:13:25.738] [info] Frame 99 (t = 0.495):	 total squared error = 4.64643, marker error: RMS = 0.431112, max = 1.57142 (BR)
[2026-02-25 13:13:25.749] [info] Frame 100 (t = 0.5):	 total squared error = 4.63118, marker error: RMS = 0.430403, max = 1.5688 (BR)
[2026-02-25 13:13:25.766] [info] Frame 101 (t = 0.505000):	 total squared error = 4.61582, marker error: RMS = 0.429689, max = 1.56615 (BR)
[2026-02-25 13:13:25.776] [info] Frame 102 (t = 0.51):	 total squared error = 4.60039, marker error: RMS = 0.42897, max = 1.56349 (BR)
[2026-02-25 13:13:25.794] [info] Frame 103 (t = 0.515):	 total squared error = 4.58492, marker error: RMS = 0.428248, max = 1.56083 (BR)
[2026-02-25 13:13:25.804] [info] Frame 104 (t = 0.52):	 total squared error = 4.56944, marker error: RMS = 0.427525, max = 1.55816 (BR)
[2026-02-25 13:13:25.820] [info] Frame 105 (t = 0.525):	 total squared error = 4.55397, marker error: RMS = 0.426801, max = 1.55549 (BR)
[2026-02-25 13:13:25.830] [info] Frame 106 (t = 0.53):	 total squared error = 4.53856, marker error: RMS = 0.426078, max = 1.55283 (BR)
[2026-02-25 13:13:25.841] [info] Frame 107 (t = 0.535):	 total squared error = 4.5232, marker error: RMS = 0.425356, max = 1.55018 (BR)
[2026-02-25 13:13:25.857] [info] Frame 108 (t = 0.54):	 total squared error = 4.50793, marker error: RMS = 0.424638, max = 1.54754 (BR)
[2026-02-25 13:13:25.867] [info] Frame 109 (t = 0.545):	 total squared error = 4.49277, marker error: RMS = 0.423923, max = 1.54492 (BR)
[2026-02-25 13:13:25.883] [info] Frame 110 (t = 0.55):	 total squared error = 4.47773, marker error: RMS = 0.423213, max = 1.54231 (BR)
[2026-02-25 13:13:25.896] [info] Frame 111 (t = 0.555):	 total squared error = 4.4628, marker error: RMS = 0.422507, max = 1.53972 (BR)
[2026-02-25 13:13:25.913] [info] Frame 112 (t = 0.56):	 total squared error = 4.448, marker error: RMS = 0.421806, max = 1.53715 (BR)
[2026-02-25 13:13:25.926] [info] Frame 113 (t = 0.565):	 total squared error = 4.43332, marker error: RMS = 0.421109, max = 1.53459 (BR)
[2026-02-25 13:13:25.936] [info] Frame 114 (t = 0.57):	 total squared error = 4.41875, marker error: RMS = 0.420416, max = 1.53205 (BR)
[2026-02-25 13:13:25.947] [info] Frame 115 (t = 0.575):	 total squared error = 4.40427, marker error: RMS = 0.419727, max = 1.52951 (BR)
[2026-02-25 13:13:25.965] [info] Frame 116 (t = 0.58):	 total squared error = 4.38987, marker error: RMS = 0.419040, max = 1.52699 (BR)
[2026-02-25 13:13:25.979] [info] Frame 117 (t = 0.585):	 total squared error = 4.37554, marker error: RMS = 0.418356, max = 1.52447 (BR)
[2026-02-25 13:13:25.988] [info] Frame 118 (t = 0.59):	 total squared error = 4.36124, marker error: RMS = 0.417672, max = 1.52195 (BR)
[2026-02-25 13:13:26.009] [info] Frame 119 (t = 0.595):	 total squared error = 4.34696, marker error: RMS = 0.416987, max = 1.51943 (BR)
[2026-02-25 13:13:26.019] [info] Frame 120 (t = 0.6):	 total squared error = 4.33267, marker error: RMS = 0.416301, max = 1.5169 (BR)
[2026-02-25 13:13:26.028] [info] Frame 121 (t = 0.605000):	 total squared error = 4.31837, marker error: RMS = 0.415614, max = 1.51436 (BR)
[2026-02-25 13:13:26.046] [info] Frame 122 (t = 0.61):	 total squared error = 4.30401, marker error: RMS = 0.414922, max = 1.5118 (BR)
[2026-02-25 13:13:26.055] [info] Frame 123 (t = 0.615):	 total squared error = 4.2896, marker error: RMS = 0.414227, max = 1.50924 (BR)
[2026-02-25 13:13:26.069] [info] Frame 124 (t = 0.62):	 total squared error = 4.27512, marker error: RMS = 0.413527, max = 1.50665 (BR)
[2026-02-25 13:13:26.088] [info] Frame 125 (t = 0.625):	 total squared error = 4.26057, marker error: RMS = 0.412823, max = 1.50404 (BR)
[2026-02-25 13:13:26.101] [info] Frame 126 (t = 0.63):	 total squared error = 4.24594, marker error: RMS = 0.412114, max = 1.50142 (BR)
[2026-02-25 13:13:26.109] [info] Frame 127 (t = 0.635):	 total squared error = 4.23126, marker error: RMS = 0.4114, max = 1.49878 (BR)
[2026-02-25 13:13:26.123] [info] Frame 128 (t = 0.64):	 total squared error = 4.2165, marker error: RMS = 0.410683, max = 1.49612 (BR)
[2026-02-25 13:13:26.136] [info] Frame 129 (t = 0.645):	 total squared error = 4.20171, marker error: RMS = 0.409961, max = 1.49345 (BR)
[2026-02-25 13:13:26.150] [info] Frame 130 (t = 0.65):	 total squared error = 4.18688, marker error: RMS = 0.409237, max = 1.49077 (BR)
[2026-02-25 13:13:26.157] [info] Frame 131 (t = 0.655):	 total squared error = 4.17204, marker error: RMS = 0.408511, max = 1.48807 (BR)
[2026-02-25 13:13:26.169] [info] Frame 132 (t = 0.66):	 total squared error = 4.15719, marker error: RMS = 0.407784, max = 1.48538 (BR)
[2026-02-25 13:13:26.183] [info] Frame 133 (t = 0.665):	 total squared error = 4.14236, marker error: RMS = 0.407056, max = 1.48268 (BR)
[2026-02-25 13:13:26.194] [info] Frame 134 (t = 0.67):	 total squared error = 4.12757, marker error: RMS = 0.406328, max = 1.47998 (BR)
[2026-02-25 13:13:26.207] [info] Frame 135 (t = 0.675):	 total squared error = 4.11281, marker error: RMS = 0.405601, max = 1.47728 (BR)
[2026-02-25 13:13:26.215] [info] Frame 136 (t = 0.68):	 total squared error = 4.09811, marker error: RMS = 0.404876, max = 1.47459 (BR)
[2026-02-25 13:13:26.227] [info] Frame 137 (t = 0.685):	 total squared error = 4.08346, marker error: RMS = 0.404151, max = 1.4719 (BR)
[2026-02-25 13:13:26.237] [info] Frame 138 (t = 0.69):	 total squared error = 4.06887, marker error: RMS = 0.403429, max = 1.46923 (BR)
[2026-02-25 13:13:26.252] [info] Frame 139 (t = 0.695):	 total squared error = 4.05432, marker error: RMS = 0.402707, max = 1.46655 (BR)
[2026-02-25 13:13:26.261] [info] Frame 140 (t = 0.7):	 total squared error = 4.03983, marker error: RMS = 0.401987, max = 1.46389 (BR)
[2026-02-25 13:13:26.272] [info] Frame 141 (t = 0.705000):	 total squared error = 4.02538, marker error: RMS = 0.401267, max = 1.46123 (BR)
[2026-02-25 13:13:26.289] [info] Frame 142 (t = 0.71):	 total squared error = 4.01095, marker error: RMS = 0.400547, max = 1.45858 (BR)
[2026-02-25 13:13:26.306] [info] Frame 143 (t = 0.715):	 total squared error = 3.99653, marker error: RMS = 0.399827, max = 1.45593 (BR)
[2026-02-25 13:13:26.316] [info] Frame 144 (t = 0.72):	 total squared error = 3.98213, marker error: RMS = 0.399105, max = 1.45327 (BR)
[2026-02-25 13:13:26.332] [info] Frame 145 (t = 0.725):	 total squared error = 3.9677, marker error: RMS = 0.398382, max = 1.45062 (BR)
[2026-02-25 13:13:26.344] [info] Frame 146 (t = 0.73):	 total squared error = 3.95327, marker error: RMS = 0.397657, max = 1.44797 (BR)
[2026-02-25 13:13:26.357] [info] Frame 147 (t = 0.735):	 total squared error = 3.93881, marker error: RMS = 0.396929, max = 1.44532 (BR)
[2026-02-25 13:13:26.366] [info] Frame 148 (t = 0.74):	 total squared error = 3.92432, marker error: RMS = 0.396198, max = 1.44266 (BR)
[2026-02-25 13:13:26.380] [info] Frame 149 (t = 0.745):	 total squared error = 3.90980, marker error: RMS = 0.395465, max = 1.44 (BR)
[2026-02-25 13:13:26.390] [info] Frame 150 (t = 0.75):	 total squared error = 3.89526, marker error: RMS = 0.394728, max = 1.43733 (BR)
[2026-02-25 13:13:26.404] [info] Frame 151 (t = 0.755):	 total squared error = 3.88068, marker error: RMS = 0.393989, max = 1.43467 (BR)
[2026-02-25 13:13:26.418] [info] Frame 152 (t = 0.76):	 total squared error = 3.86608, marker error: RMS = 0.393247, max = 1.432 (BR)
[2026-02-25 13:13:26.431] [info] Frame 153 (t = 0.765):	 total squared error = 3.85146, marker error: RMS = 0.392503, max = 1.42932 (BR)
[2026-02-25 13:13:26.443] [info] Frame 154 (t = 0.77):	 total squared error = 3.83683, marker error: RMS = 0.391757, max = 1.42665 (BR)
[2026-02-25 13:13:26.454] [info] Frame 155 (t = 0.775):	 total squared error = 3.8222, marker error: RMS = 0.391009, max = 1.42397 (BR)
[2026-02-25 13:13:26.471] [info] Frame 156 (t = 0.78):	 total squared error = 3.80758, marker error: RMS = 0.390261, max = 1.4213 (BR)
[2026-02-25 13:13:26.483] [info] Frame 157 (t = 0.785):	 total squared error = 3.79298, marker error: RMS = 0.389512, max = 1.41863 (BR)
[2026-02-25 13:13:26.496] [info] Frame 158 (t = 0.79):	 total squared error = 3.7784, marker error: RMS = 0.388762, max = 1.41597 (BR)
[2026-02-25 13:13:26.509] [info] Frame 159 (t = 0.795):	 total squared error = 3.76386, marker error: RMS = 0.388013, max = 1.41331 (BR)
[2026-02-25 13:13:26.523] [info] Frame 160 (t = 0.8):	 total squared error = 3.74935, marker error: RMS = 0.387265, max = 1.41065 (BR)
[2026-02-25 13:13:26.537] [info] Frame 161 (t = 0.805000):	 total squared error = 3.73489, marker error: RMS = 0.386517, max = 1.40800 (BR)
[2026-02-25 13:13:26.550] [info] Frame 162 (t = 0.81):	 total squared error = 3.72047, marker error: RMS = 0.38577, max = 1.40536 (BR)
[2026-02-25 13:13:26.569] [info] Frame 163 (t = 0.815):	 total squared error = 3.70610, marker error: RMS = 0.385025, max = 1.40272 (BR)
[2026-02-25 13:13:26.581] [info] Frame 164 (t = 0.82):	 total squared error = 3.69177, marker error: RMS = 0.38428, max = 1.40009 (BR)
[2026-02-25 13:13:26.594] [info] Frame 165 (t = 0.825):	 total squared error = 3.67749, marker error: RMS = 0.383536, max = 1.39746 (BR)
[2026-02-25 13:13:26.605] [info] Frame 166 (t = 0.83):	 total squared error = 3.66326, marker error: RMS = 0.382793, max = 1.39484 (BR)
[2026-02-25 13:13:26.624] [info] Frame 167 (t = 0.835):	 total squared error = 3.64907, marker error: RMS = 0.382051, max = 1.39222 (BR)
[2026-02-25 13:13:26.649] [info] Frame 168 (t = 0.84):	 total squared error = 3.63493, marker error: RMS = 0.38131, max = 1.3896 (BR)
[2026-02-25 13:13:26.664] [info] Frame 169 (t = 0.845):	 total squared error = 3.62083, marker error: RMS = 0.380570, max = 1.38699 (BR)
[2026-02-25 13:13:26.679] [info] Frame 170 (t = 0.85):	 total squared error = 3.60678, marker error: RMS = 0.37983, max = 1.38438 (BR)
[2026-02-25 13:13:26.693] [info] Frame 171 (t = 0.855):	 total squared error = 3.59278, marker error: RMS = 0.379093, max = 1.38178 (BR)
[2026-02-25 13:13:26.710] [info] Frame 172 (t = 0.86):	 total squared error = 3.57884, marker error: RMS = 0.378357, max = 1.37919 (BR)
[2026-02-25 13:13:26.722] [info] Frame 173 (t = 0.865):	 total squared error = 3.56497, marker error: RMS = 0.377623, max = 1.37661 (BR)
[2026-02-25 13:13:26.734] [info] Frame 174 (t = 0.87):	 total squared error = 3.55117, marker error: RMS = 0.376891, max = 1.37403 (BR)
[2026-02-25 13:13:26.750] [info] Frame 175 (t = 0.875):	 total squared error = 3.53744, marker error: RMS = 0.376162, max = 1.37147 (BR)
[2026-02-25 13:13:26.764] [info] Frame 176 (t = 0.88):	 total squared error = 3.5238, marker error: RMS = 0.375436, max = 1.36893 (BR)
[2026-02-25 13:13:26.781] [info] Frame 177 (t = 0.885):	 total squared error = 3.51026, marker error: RMS = 0.374714, max = 1.3664 (BR)
[2026-02-25 13:13:26.795] [info] Frame 178 (t = 0.89):	 total squared error = 3.49683, marker error: RMS = 0.373996, max = 1.36388 (BR)
[2026-02-25 13:13:26.813] [info] Frame 179 (t = 0.895):	 total squared error = 3.4835, marker error: RMS = 0.373283, max = 1.36139 (BR)
[2026-02-25 13:13:26.826] [info] Frame 180 (t = 0.9):	 total squared error = 3.47029, marker error: RMS = 0.372574, max = 1.35892 (BR)
[2026-02-25 13:13:26.840] [info] Frame 181 (t = 0.905000):	 total squared error = 3.45721, marker error: RMS = 0.371872, max = 1.35646 (BR)
[2026-02-25 13:13:26.855] [info] Frame 182 (t = 0.91):	 total squared error = 3.44426, marker error: RMS = 0.371174, max = 1.35404 (BR)
[2026-02-25 13:13:26.873] [info] Frame 183 (t = 0.915):	 total squared error = 3.43145, marker error: RMS = 0.370483, max = 1.35164 (BR)
[2026-02-25 13:13:26.888] [info] Frame 184 (t = 0.92):	 total squared error = 3.41878, marker error: RMS = 0.369799, max = 1.34926 (BR)
[2026-02-25 13:13:26.902] [info] Frame 185 (t = 0.925):	 total squared error = 3.40624, marker error: RMS = 0.36912, max = 1.3469 (BR)
[2026-02-25 13:13:26.920] [info] Frame 186 (t = 0.93):	 total squared error = 3.39384, marker error: RMS = 0.368448, max = 1.34458 (BR)
[2026-02-25 13:13:26.934] [info] Frame 187 (t = 0.935):	 total squared error = 3.38158, marker error: RMS = 0.367781, max = 1.34227 (BR)
[2026-02-25 13:13:26.955] [info] Frame 188 (t = 0.94):	 total squared error = 3.36944, marker error: RMS = 0.367121, max = 1.33999 (BR)
[2026-02-25 13:13:26.970] [info] Frame 189 (t = 0.945):	 total squared error = 3.35743, marker error: RMS = 0.366466, max = 1.33773 (BR)
[2026-02-25 13:13:26.990] [info] Frame 190 (t = 0.95):	 total squared error = 3.34554, marker error: RMS = 0.365817, max = 1.33549 (BR)
[2026-02-25 13:13:27.008] [info] Frame 191 (t = 0.955):	 total squared error = 3.33377, marker error: RMS = 0.365172, max = 1.33327 (BR)
[2026-02-25 13:13:27.023] [info] Frame 192 (t = 0.96):	 total squared error = 3.3221, marker error: RMS = 0.364532, max = 1.33107 (BR)
[2026-02-25 13:13:27.036] [info] Frame 193 (t = 0.965):	 total squared error = 3.31053, marker error: RMS = 0.363897, max = 1.32888 (BR)
[2026-02-25 13:13:27.050] [info] Frame 194 (t = 0.97):	 total squared error = 3.29906, marker error: RMS = 0.363267, max = 1.32671 (BR)
[2026-02-25 13:13:27.063] [info] Frame 195 (t = 0.975):	 total squared error = 3.28769, marker error: RMS = 0.36264, max = 1.32456 (BR)
[2026-02-25 13:13:27.084] [info] Frame 196 (t = 0.98):	 total squared error = 3.2764, marker error: RMS = 0.362017, max = 1.32242 (BR)
[2026-02-25 13:13:27.102] [info] Frame 197 (t = 0.985):	 total squared error = 3.2652, marker error: RMS = 0.361397, max = 1.32029 (BR)
[2026-02-25 13:13:27.114] [info] Frame 198 (t = 0.99):	 total squared error = 3.25408, marker error: RMS = 0.360782, max = 1.31817 (BR)
[2026-02-25 13:13:27.133] [info] Frame 199 (t = 0.995):	 total squared error = 3.24304, marker error: RMS = 0.360169, max = 1.31606 (BR)
[2026-02-25 13:13:27.146] [info] Frame 200 (t = 1.0):	 total squared error = 3.23208, marker error: RMS = 0.35956, max = 1.31396 (BR)
[2026-02-25 13:13:27.163] [info] Frame 201 (t = 1.00500):	 total squared error = 3.22121, marker error: RMS = 0.358954, max = 1.31188 (BR)
[2026-02-25 13:13:27.180] [info] Frame 202 (t = 1.01):	 total squared error = 3.21041, marker error: RMS = 0.358353, max = 1.30980 (BR)
[2026-02-25 13:13:27.197] [info] Frame 203 (t = 1.015):	 total squared error = 3.19971, marker error: RMS = 0.357755, max = 1.30773 (BR)
[2026-02-25 13:13:27.214] [info] Frame 204 (t = 1.02):	 total squared error = 3.18909, marker error: RMS = 0.357161, max = 1.30568 (BR)
[2026-02-25 13:13:27.230] [info] Frame 205 (t = 1.025):	 total squared error = 3.17857, marker error: RMS = 0.356571, max = 1.30364 (BR)
[2026-02-25 13:13:27.245] [info] Frame 206 (t = 1.03):	 total squared error = 3.16815, marker error: RMS = 0.355986, max = 1.30162 (BR)
[2026-02-25 13:13:27.259] [info] Frame 207 (t = 1.035):	 total squared error = 3.15784, marker error: RMS = 0.355406, max = 1.29961 (BR)
[2026-02-25 13:13:27.273] [info] Frame 208 (t = 1.04):	 total squared error = 3.14764, marker error: RMS = 0.354832, max = 1.29761 (BR)
[2026-02-25 13:13:27.286] [info] Frame 209 (t = 1.045):	 total squared error = 3.13756, marker error: RMS = 0.354263, max = 1.29564 (BR)
[2026-02-25 13:13:27.300] [info] Frame 210 (t = 1.05):	 total squared error = 3.12759, marker error: RMS = 0.3537, max = 1.29368 (BR)
[2026-02-25 13:13:27.313] [info] Frame 211 (t = 1.055):	 total squared error = 3.11776, marker error: RMS = 0.353143, max = 1.29175 (BR)
[2026-02-25 13:13:27.330] [info] Frame 212 (t = 1.06):	 total squared error = 3.10806, marker error: RMS = 0.352594, max = 1.28983 (BR)
[2026-02-25 13:13:27.345] [info] Frame 213 (t = 1.065):	 total squared error = 3.09849, marker error: RMS = 0.352051, max = 1.28795 (BR)
[2026-02-25 13:13:27.366] [info] Frame 214 (t = 1.07):	 total squared error = 3.08907, marker error: RMS = 0.351515, max = 1.28608 (BR)
[2026-02-25 13:13:27.379] [info] Frame 215 (t = 1.075):	 total squared error = 3.07978, marker error: RMS = 0.350986, max = 1.28425 (BR)
[2026-02-25 13:13:27.394] [info] Frame 216 (t = 1.08):	 total squared error = 3.07062, marker error: RMS = 0.350464, max = 1.28244 (BR)
[2026-02-25 13:13:27.411] [info] Frame 217 (t = 1.085):	 total squared error = 3.0616, marker error: RMS = 0.349948, max = 1.28065 (BR)
[2026-02-25 13:13:27.426] [info] Frame 218 (t = 1.09):	 total squared error = 3.0527, marker error: RMS = 0.34944, max = 1.27889 (BR)
[2026-02-25 13:13:27.446] [info] Frame 219 (t = 1.095):	 total squared error = 3.04392, marker error: RMS = 0.348937, max = 1.27715 (BR)
[2026-02-25 13:13:27.462] [info] Frame 220 (t = 1.1):	 total squared error = 3.03524, marker error: RMS = 0.348439, max = 1.27543 (BR)
[2026-02-25 13:13:27.480] [info] Frame 221 (t = 1.10500):	 total squared error = 3.02667, marker error: RMS = 0.347946, max = 1.27373 (BR)
[2026-02-25 13:13:27.492] [info] Frame 222 (t = 1.11):	 total squared error = 3.01819, marker error: RMS = 0.347459, max = 1.27204 (BR)
[2026-02-25 13:13:27.506] [info] Frame 223 (t = 1.115):	 total squared error = 3.00978, marker error: RMS = 0.346975, max = 1.27038 (BR)
[2026-02-25 13:13:27.519] [info] Frame 224 (t = 1.12):	 total squared error = 3.00146, marker error: RMS = 0.346495, max = 1.26872 (BR)
[2026-02-25 13:13:27.536] [info] Frame 225 (t = 1.125):	 total squared error = 2.9932, marker error: RMS = 0.346018, max = 1.26709 (BR)
[2026-02-25 13:13:27.556] [info] Frame 226 (t = 1.13):	 total squared error = 2.98502, marker error: RMS = 0.345544, max = 1.26546 (BR)
[2026-02-25 13:13:27.569] [info] Frame 227 (t = 1.135):	 total squared error = 2.97689, marker error: RMS = 0.345073, max = 1.26385 (BR)
[2026-02-25 13:13:27.584] [info] Frame 228 (t = 1.14):	 total squared error = 2.96883, marker error: RMS = 0.344606, max = 1.26225 (BR)
[2026-02-25 13:13:27.602] [info] Frame 229 (t = 1.145):	 total squared error = 2.96082, marker error: RMS = 0.344141, max = 1.26066 (BR)
[2026-02-25 13:13:27.614] [info] Frame 230 (t = 1.15):	 total squared error = 2.95288, marker error: RMS = 0.343679, max = 1.25909 (BR)
[2026-02-25 13:13:27.626] [info] Frame 231 (t = 1.155):	 total squared error = 2.94501, marker error: RMS = 0.34322, max = 1.25752 (BR)
[2026-02-25 13:13:27.645] [info] Frame 232 (t = 1.16):	 total squared error = 2.93718, marker error: RMS = 0.342764, max = 1.25597 (BR)
[2026-02-25 13:13:27.663] [info] Frame 233 (t = 1.165):	 total squared error = 2.92943, marker error: RMS = 0.342312, max = 1.25444 (BR)
[2026-02-25 13:13:27.680] [info] Frame 234 (t = 1.17):	 total squared error = 2.92174, marker error: RMS = 0.341862, max = 1.25292 (BR)
[2026-02-25 13:13:27.694] [info] Frame 235 (t = 1.175):	 total squared error = 2.91412, marker error: RMS = 0.341416, max = 1.25141 (BR)
[2026-02-25 13:13:27.711] [info] Frame 236 (t = 1.18):	 total squared error = 2.90656, marker error: RMS = 0.340973, max = 1.24992 (BR)
[2026-02-25 13:13:27.727] [info] Frame 237 (t = 1.185):	 total squared error = 2.89906, marker error: RMS = 0.340533, max = 1.24844 (BR)
[2026-02-25 13:13:27.739] [info] Frame 238 (t = 1.19):	 total squared error = 2.89163, marker error: RMS = 0.340096, max = 1.24697 (BR)
[2026-02-25 13:13:27.751] [info] Frame 239 (t = 1.195):	 total squared error = 2.88425, marker error: RMS = 0.339662, max = 1.24551 (BR)
[2026-02-25 13:13:27.763] [info] Frame 240 (t = 1.2):	 total squared error = 2.87692, marker error: RMS = 0.33923, max = 1.24407 (BR)
[2026-02-25 13:13:27.775] [info] Frame 241 (t = 1.20500):	 total squared error = 2.86965, marker error: RMS = 0.338801, max = 1.24264 (BR)
[2026-02-25 13:13:27.791] [info] Frame 242 (t = 1.21):	 total squared error = 2.86241, marker error: RMS = 0.338373, max = 1.24121 (BR)
[2026-02-25 13:13:27.804] [info] Frame 243 (t = 1.215):	 total squared error = 2.85523, marker error: RMS = 0.337948, max = 1.2398 (BR)
[2026-02-25 13:13:27.817] [info] Frame 244 (t = 1.22):	 total squared error = 2.84808, marker error: RMS = 0.337525, max = 1.23839 (BR)
[2026-02-25 13:13:27.835] [info] Frame 245 (t = 1.225):	 total squared error = 2.84098, marker error: RMS = 0.337104, max = 1.23699 (BR)
[2026-02-25 13:13:27.849] [info] Frame 246 (t = 1.23):	 total squared error = 2.83391, marker error: RMS = 0.336684, max = 1.2356 (BR)
[2026-02-25 13:13:27.868] [info] Frame 247 (t = 1.235):	 total squared error = 2.82689, marker error: RMS = 0.336267, max = 1.23422 (BR)
[2026-02-25 13:13:27.882] [info] Frame 248 (t = 1.24):	 total squared error = 2.81991, marker error: RMS = 0.335852, max = 1.23284 (BR)
[2026-02-25 13:13:27.895] [info] Frame 249 (t = 1.245):	 total squared error = 2.81298, marker error: RMS = 0.335439, max = 1.23148 (BR)
[2026-02-25 13:13:27.912] [info] Frame 250 (t = 1.25):	 total squared error = 2.80611, marker error: RMS = 0.335029, max = 1.23013 (BR)
[2026-02-25 13:13:27.929] [info] Frame 251 (t = 1.255):	 total squared error = 2.7993, marker error: RMS = 0.334622, max = 1.22878 (BR)
[2026-02-25 13:13:27.943] [info] Frame 252 (t = 1.26):	 total squared error = 2.79256, marker error: RMS = 0.334219, max = 1.22746 (BR)
[2026-02-25 13:13:27.959] [info] Frame 253 (t = 1.265):	 total squared error = 2.78589, marker error: RMS = 0.33382, max = 1.22614 (BR)
[2026-02-25 13:13:27.974] [info] Frame 254 (t = 1.27):	 total squared error = 2.7793, marker error: RMS = 0.333425, max = 1.22485 (BR)
[2026-02-25 13:13:27.990] [info] Frame 255 (t = 1.275):	 total squared error = 2.77279, marker error: RMS = 0.333034, max = 1.22357 (BR)
[2026-02-25 13:13:28.006] [info] Frame 256 (t = 1.28):	 total squared error = 2.76636, marker error: RMS = 0.332647, max = 1.22231 (BR)
[2026-02-25 13:13:28.023] [info] Frame 257 (t = 1.285):	 total squared error = 2.76002, marker error: RMS = 0.332266, max = 1.22106 (BR)
[2026-02-25 13:13:28.041] [info] Frame 258 (t = 1.29):	 total squared error = 2.75376, marker error: RMS = 0.331889, max = 1.21984 (BR)
[2026-02-25 13:13:28.056] [info] Frame 259 (t = 1.295):	 total squared error = 2.74759, marker error: RMS = 0.331517, max = 1.21862 (BR)
[2026-02-25 13:13:28.075] [info] Frame 260 (t = 1.3):	 total squared error = 2.74151, marker error: RMS = 0.33115, max = 1.21743 (BR)
[2026-02-25 13:13:28.091] [info] Frame 261 (t = 1.30500):	 total squared error = 2.73551, marker error: RMS = 0.330788, max = 1.21626 (BR)
[2026-02-25 13:13:28.105] [info] Frame 262 (t = 1.31):	 total squared error = 2.72961, marker error: RMS = 0.330431, max = 1.2151 (BR)
[2026-02-25 13:13:28.122] [info] Frame 263 (t = 1.315):	 total squared error = 2.7238, marker error: RMS = 0.330079, max = 1.21395 (BR)
[2026-02-25 13:13:28.141] [info] Frame 264 (t = 1.32):	 total squared error = 2.71807, marker error: RMS = 0.329732, max = 1.21283 (BR)
[2026-02-25 13:13:28.157] [info] Frame 265 (t = 1.325):	 total squared error = 2.71244, marker error: RMS = 0.32939, max = 1.21172 (BR)
[2026-02-25 13:13:28.174] [info] Frame 266 (t = 1.33):	 total squared error = 2.70691, marker error: RMS = 0.329054, max = 1.21063 (BR)
[2026-02-25 13:13:28.195] [info] Frame 267 (t = 1.335):	 total squared error = 2.70148, marker error: RMS = 0.328724, max = 1.20955 (BR)
[2026-02-25 13:13:28.214] [info] Frame 268 (t = 1.34):	 total squared error = 2.69616, marker error: RMS = 0.3284, max = 1.20850 (BR)
[2026-02-25 13:13:28.229] [info] Frame 269 (t = 1.345):	 total squared error = 2.69096, marker error: RMS = 0.328083, max = 1.20747 (BR)
[2026-02-25 13:13:28.246] [info] Frame 270 (t = 1.35):	 total squared error = 2.68588, marker error: RMS = 0.327773, max = 1.20646 (BR)
[2026-02-25 13:13:28.263] [info] Frame 271 (t = 1.355):	 total squared error = 2.68093, marker error: RMS = 0.327471, max = 1.20547 (BR)
[2026-02-25 13:13:28.277] [info] Frame 272 (t = 1.36):	 total squared error = 2.67612, marker error: RMS = 0.327177, max = 1.20451 (BR)
[2026-02-25 13:13:28.291] [info] Frame 273 (t = 1.365):	 total squared error = 2.67145, marker error: RMS = 0.326892, max = 1.20358 (BR)
[2026-02-25 13:13:28.308] [info] Frame 274 (t = 1.37):	 total squared error = 2.66694, marker error: RMS = 0.326615, max = 1.20268 (BR)
[2026-02-25 13:13:28.322] [info] Frame 275 (t = 1.375):	 total squared error = 2.66259, marker error: RMS = 0.326349, max = 1.20180 (BR)
[2026-02-25 13:13:28.339] [info] Frame 276 (t = 1.38):	 total squared error = 2.6584, marker error: RMS = 0.326092, max = 1.20096 (BR)
[2026-02-25 13:13:28.357] [info] Frame 277 (t = 1.385):	 total squared error = 2.65438, marker error: RMS = 0.325845, max = 1.20015 (BR)
[2026-02-25 13:13:28.369] [info] Frame 278 (t = 1.39):	 total squared error = 2.65054, marker error: RMS = 0.32561, max = 1.19938 (BR)
[2026-02-25 13:13:28.386] [info] Frame 279 (t = 1.395):	 total squared error = 2.64686, marker error: RMS = 0.325384, max = 1.19864 (BR)
[2026-02-25 13:13:28.400] [info] Frame 280 (t = 1.4):	 total squared error = 2.64337, marker error: RMS = 0.325169, max = 1.19793 (BR)
[2026-02-25 13:13:28.414] [info] Frame 281 (t = 1.40500):	 total squared error = 2.64007, marker error: RMS = 0.324966, max = 1.19726 (BR)
[2026-02-25 13:13:28.430] [info] Frame 282 (t = 1.41):	 total squared error = 2.63695, marker error: RMS = 0.324774, max = 1.19662 (BR)
[2026-02-25 13:13:28.445] [info] Frame 283 (t = 1.415):	 total squared error = 2.63401, marker error: RMS = 0.324593, max = 1.19603 (BR)
[2026-02-25 13:13:28.460] [info] Frame 284 (t = 1.42):	 total squared error = 2.63127, marker error: RMS = 0.324424, max = 1.19547 (BR)
[2026-02-25 13:13:28.475] [info] Frame 285 (t = 1.425):	 total squared error = 2.62871, marker error: RMS = 0.324266, max = 1.19495 (BR)
[2026-02-25 13:13:28.491] [info] Frame 286 (t = 1.43):	 total squared error = 2.62635, marker error: RMS = 0.32412, max = 1.19446 (BR)
[2026-02-25 13:13:28.509] [info] Frame 287 (t = 1.435):	 total squared error = 2.62417, marker error: RMS = 0.323986, max = 1.19402 (BR)
[2026-02-25 13:13:28.526] [info] Frame 288 (t = 1.44):	 total squared error = 2.62219, marker error: RMS = 0.323864, max = 1.19362 (BR)
[2026-02-25 13:13:28.542] [info] Frame 289 (t = 1.445):	 total squared error = 2.62040, marker error: RMS = 0.323753, max = 1.19325 (BR)
[2026-02-25 13:13:28.558] [info] Frame 290 (t = 1.45):	 total squared error = 2.61881, marker error: RMS = 0.323655, max = 1.19293 (BR)
[2026-02-25 13:13:28.576] [info] Frame 291 (t = 1.455):	 total squared error = 2.61743, marker error: RMS = 0.323569, max = 1.19266 (BR)
[2026-02-25 13:13:28.590] [info] Frame 292 (t = 1.46):	 total squared error = 2.61624, marker error: RMS = 0.323496, max = 1.19242 (BR)
[2026-02-25 13:13:28.608] [info] Frame 293 (t = 1.465):	 total squared error = 2.61528, marker error: RMS = 0.323436, max = 1.19224 (BR)
[2026-02-25 13:13:28.627] [info] Frame 294 (t = 1.47):	 total squared error = 2.61452, marker error: RMS = 0.32339, max = 1.1921 (BR)
[2026-02-25 13:13:28.647] [info] Frame 295 (t = 1.475):	 total squared error = 2.61399, marker error: RMS = 0.323357, max = 1.19201 (BR)
[2026-02-25 13:13:28.668] [info] Frame 296 (t = 1.48):	 total squared error = 2.6137, marker error: RMS = 0.323339, max = 1.19197 (BR)
[2026-02-25 13:13:28.683] [info] Frame 297 (t = 1.485):	 total squared error = 2.61363, marker error: RMS = 0.323335, max = 1.19199 (BR)
[2026-02-25 13:13:28.696] [info] Frame 298 (t = 1.49):	 total squared error = 2.61382, marker error: RMS = 0.323346, max = 1.19206 (BR)
[2026-02-25 13:13:28.711] [info] Frame 299 (t = 1.495):	 total squared error = 2.61426, marker error: RMS = 0.323373, max = 1.19219 (BR)
[2026-02-25 13:13:28.729] [info] Frame 300 (t = 1.5):	 total squared error = 2.61495, marker error: RMS = 0.323416, max = 1.19237 (BR)
[2026-02-25 13:13:28.744] [info] Frame 301 (t = 1.50500):	 total squared error = 2.61592, marker error: RMS = 0.323476, max = 1.19261 (BR)
[2026-02-25 13:13:28.763] [info] Frame 302 (t = 1.51):	 total squared error = 2.61715, marker error: RMS = 0.323552, max = 1.19292 (BR)
[2026-02-25 13:13:28.780] [info] Frame 303 (t = 1.515):	 total squared error = 2.61867, marker error: RMS = 0.323646, max = 1.19329 (BR)
[2026-02-25 13:13:28.796] [info] Frame 304 (t = 1.52):	 total squared error = 2.62047, marker error: RMS = 0.323757, max = 1.19372 (BR)
[2026-02-25 13:13:28.813] [info] Frame 305 (t = 1.525):	 total squared error = 2.62257, marker error: RMS = 0.323887, max = 1.19422 (BR)
[2026-02-25 13:13:28.830] [info] Frame 306 (t = 1.53):	 total squared error = 2.62496, marker error: RMS = 0.324035, max = 1.19478 (BR)
[2026-02-25 13:13:28.850] [info] Frame 307 (t = 1.535):	 total squared error = 2.62766, marker error: RMS = 0.324201, max = 1.19541 (BR)
[2026-02-25 13:13:28.867] [info] Frame 308 (t = 1.54):	 total squared error = 2.63067, marker error: RMS = 0.324387, max = 1.19611 (BR)
[2026-02-25 13:13:28.884] [info] Frame 309 (t = 1.545):	 total squared error = 2.634, marker error: RMS = 0.324592, max = 1.19688 (BR)
[2026-02-25 13:13:28.904] [info] Frame 310 (t = 1.55):	 total squared error = 2.63765, marker error: RMS = 0.324817, max = 1.19773 (BR)
[2026-02-25 13:13:28.920] [info] Frame 311 (t = 1.555):	 total squared error = 2.64164, marker error: RMS = 0.325062, max = 1.19865 (BR)
[2026-02-25 13:13:28.943] [info] Frame 312 (t = 1.56):	 total squared error = 2.64596, marker error: RMS = 0.325328, max = 1.19964 (BR)
[2026-02-25 13:13:28.963] [info] Frame 313 (t = 1.565):	 total squared error = 2.65063, marker error: RMS = 0.325615, max = 1.20071 (BR)
[2026-02-25 13:13:28.980] [info] Frame 314 (t = 1.57):	 total squared error = 2.65566, marker error: RMS = 0.325924, max = 1.20186 (BR)
[2026-02-25 13:13:28.998] [info] Frame 315 (t = 1.575):	 total squared error = 2.66106, marker error: RMS = 0.326255, max = 1.20309 (BR)
[2026-02-25 13:13:29.012] [info] Frame 316 (t = 1.58):	 total squared error = 2.66684, marker error: RMS = 0.326609, max = 1.20440 (BR)
[2026-02-25 13:13:29.034] [info] Frame 317 (t = 1.585):	 total squared error = 2.673, marker error: RMS = 0.326986, max = 1.20580 (BR)
[2026-02-25 13:13:29.053] [info] Frame 318 (t = 1.59):	 total squared error = 2.67956, marker error: RMS = 0.327388, max = 1.20728 (BR)
[2026-02-25 13:13:29.072] [info] Frame 319 (t = 1.595):	 total squared error = 2.68653, marker error: RMS = 0.327813, max = 1.20885 (BR)
[2026-02-25 13:13:29.091] [info] Frame 320 (t = 1.6):	 total squared error = 2.6939, marker error: RMS = 0.328262, max = 1.21051 (BR)
[2026-02-25 13:13:29.112] [info] Frame 321 (t = 1.60500):	 total squared error = 2.70169, marker error: RMS = 0.328737, max = 1.21225 (BR)
[2026-02-25 13:13:29.132] [info] Frame 322 (t = 1.61):	 total squared error = 2.70991, marker error: RMS = 0.329236, max = 1.21409 (BR)
[2026-02-25 13:13:29.139] [info] Frame 323 (t = 1.615):	 total squared error = 2.71855, marker error: RMS = 0.329761, max = 1.21601 (BR)
[2026-02-25 13:13:29.147] [info] Frame 324 (t = 1.62):	 total squared error = 2.72764, marker error: RMS = 0.330311, max = 1.21803 (BR)
[2026-02-25 13:13:29.155] [info] Frame 325 (t = 1.625):	 total squared error = 2.73716, marker error: RMS = 0.330887, max = 1.22013 (BR)
[2026-02-25 13:13:29.165] [info] Frame 326 (t = 1.63):	 total squared error = 2.74713, marker error: RMS = 0.331489, max = 1.22233 (BR)
[2026-02-25 13:13:29.171] [info] Frame 327 (t = 1.635):	 total squared error = 2.75754, marker error: RMS = 0.332117, max = 1.22461 (BR)
[2026-02-25 13:13:29.178] [info] Frame 328 (t = 1.64):	 total squared error = 2.7684, marker error: RMS = 0.33277, max = 1.22699 (BR)
[2026-02-25 13:13:29.186] [info] Frame 329 (t = 1.645):	 total squared error = 2.77972, marker error: RMS = 0.33345, max = 1.22945 (BR)
[2026-02-25 13:13:29.195] [info] Frame 330 (t = 1.65):	 total squared error = 2.79148, marker error: RMS = 0.334155, max = 1.23201 (BR)
[2026-02-25 13:13:29.202] [info] Frame 331 (t = 1.655):	 total squared error = 2.80370, marker error: RMS = 0.334885, max = 1.23465 (BR)
[2026-02-25 13:13:29.209] [info] Frame 332 (t = 1.66):	 total squared error = 2.81638, marker error: RMS = 0.335642, max = 1.23738 (BR)
[2026-02-25 13:13:29.217] [info] Frame 333 (t = 1.665):	 total squared error = 2.82952, marker error: RMS = 0.336423, max = 1.24020 (BR)
[2026-02-25 13:13:29.227] [info] Frame 334 (t = 1.67):	 total squared error = 2.84311, marker error: RMS = 0.337231, max = 1.2431 (BR)
[2026-02-25 13:13:29.234] [info] Frame 335 (t = 1.675):	 total squared error = 2.85716, marker error: RMS = 0.338063, max = 1.24609 (BR)
[2026-02-25 13:13:29.241] [info] Frame 336 (t = 1.68):	 total squared error = 2.87166, marker error: RMS = 0.338919, max = 1.24916 (BR)
[2026-02-25 13:13:29.248] [info] Frame 337 (t = 1.685):	 total squared error = 2.88661, marker error: RMS = 0.339801, max = 1.25232 (BR)
[2026-02-25 13:13:29.259] [info] Frame 338 (t = 1.69):	 total squared error = 2.90201, marker error: RMS = 0.340706, max = 1.25556 (BR)
[2026-02-25 13:13:29.266] [info] Frame 339 (t = 1.695):	 total squared error = 2.91784, marker error: RMS = 0.341634, max = 1.25887 (BR)
[2026-02-25 13:13:29.272] [info] Frame 340 (t = 1.7):	 total squared error = 2.93411, marker error: RMS = 0.342585, max = 1.26226 (BR)
[2026-02-25 13:13:29.284] [info] Frame 341 (t = 1.70500):	 total squared error = 2.95079, marker error: RMS = 0.343557, max = 1.26572 (BR)
[2026-02-25 13:13:29.291] [info] Frame 342 (t = 1.71):	 total squared error = 2.96788, marker error: RMS = 0.344551, max = 1.26925 (BR)
[2026-02-25 13:13:29.302] [info] Frame 343 (t = 1.715):	 total squared error = 2.98538, marker error: RMS = 0.345565, max = 1.27285 (BR)
[2026-02-25 13:13:29.310] [info] Frame 344 (t = 1.72):	 total squared error = 3.00326, marker error: RMS = 0.346598, max = 1.2765 (BR)
[2026-02-25 13:13:29.322] [info] Frame 345 (t = 1.725):	 total squared error = 3.02153, marker error: RMS = 0.347651, max = 1.28022 (BR)
[2026-02-25 13:13:29.330] [info] Frame 346 (t = 1.73):	 total squared error = 3.04016, marker error: RMS = 0.348721, max = 1.284 (BR)
[2026-02-25 13:13:29.337] [info] Frame 347 (t = 1.735):	 total squared error = 3.05917, marker error: RMS = 0.349809, max = 1.28782 (BR)
[2026-02-25 13:13:29.348] [info] Frame 348 (t = 1.74):	 total squared error = 3.07852, marker error: RMS = 0.350914, max = 1.2917 (BR)
[2026-02-25 13:13:29.355] [info] Frame 349 (t = 1.745):	 total squared error = 3.09823, marker error: RMS = 0.352036, max = 1.29563 (BR)
[2026-02-25 13:13:29.363] [info] Frame 350 (t = 1.75):	 total squared error = 3.1183, marker error: RMS = 0.353174, max = 1.29961 (BR)
[2026-02-25 13:13:29.375] [info] Frame 351 (t = 1.755):	 total squared error = 3.13871, marker error: RMS = 0.354328, max = 1.30363 (BR)
[2026-02-25 13:13:29.383] [info] Frame 352 (t = 1.76):	 total squared error = 3.15947, marker error: RMS = 0.355498, max = 1.30770 (BR)
[2026-02-25 13:13:29.393] [info] Frame 353 (t = 1.765):	 total squared error = 3.18058, marker error: RMS = 0.356684, max = 1.31182 (BR)
[2026-02-25 13:13:29.407] [info] Frame 354 (t = 1.77):	 total squared error = 3.20204, marker error: RMS = 0.357885, max = 1.31598 (BR)
[2026-02-25 13:13:29.418] [info] Frame 355 (t = 1.775):	 total squared error = 3.22385, marker error: RMS = 0.359102, max = 1.32019 (BR)
[2026-02-25 13:13:29.430] [info] Frame 356 (t = 1.78):	 total squared error = 3.24602, marker error: RMS = 0.360334, max = 1.32445 (BR)
[2026-02-25 13:13:29.439] [info] Frame 357 (t = 1.785):	 total squared error = 3.26855, marker error: RMS = 0.361582, max = 1.32875 (BR)
[2026-02-25 13:13:29.451] [info] Frame 358 (t = 1.79):	 total squared error = 3.29143, marker error: RMS = 0.362846, max = 1.3331 (BR)
[2026-02-25 13:13:29.459] [info] Frame 359 (t = 1.795):	 total squared error = 3.31467, marker error: RMS = 0.364124, max = 1.3375 (BR)
[2026-02-25 13:13:29.478] [info] Frame 360 (t = 1.8):	 total squared error = 3.33825, marker error: RMS = 0.365418, max = 1.34194 (BR)
[2026-02-25 13:13:29.485] [info] Frame 361 (t = 1.80500):	 total squared error = 3.3622, marker error: RMS = 0.366726, max = 1.34643 (BR)
[2026-02-25 13:13:29.497] [info] Frame 362 (t = 1.81):	 total squared error = 3.38649, marker error: RMS = 0.368048, max = 1.35096 (BR)
[2026-02-25 13:13:29.510] [info] Frame 363 (t = 1.815):	 total squared error = 3.41112, marker error: RMS = 0.369384, max = 1.35554 (BR)
[2026-02-25 13:13:29.521] [info] Frame 364 (t = 1.82):	 total squared error = 3.43609, marker error: RMS = 0.370734, max = 1.36015 (BR)
[2026-02-25 13:13:29.529] [info] Frame 365 (t = 1.825):	 total squared error = 3.46138, marker error: RMS = 0.372095, max = 1.36481 (BR)
[2026-02-25 13:13:29.545] [info] Frame 366 (t = 1.83):	 total squared error = 3.48697, marker error: RMS = 0.373469, max = 1.3695 (BR)
[2026-02-25 13:13:29.563] [info] Frame 367 (t = 1.835):	 total squared error = 3.51287, marker error: RMS = 0.374853, max = 1.37423 (BR)
[2026-02-25 13:13:29.585] [info] Frame 368 (t = 1.84):	 total squared error = 3.53906, marker error: RMS = 0.376248, max = 1.379 (BR)
[2026-02-25 13:13:29.594] [info] Frame 369 (t = 1.845):	 total squared error = 3.56554, marker error: RMS = 0.377653, max = 1.38379 (BR)
[2026-02-25 13:13:29.610] [info] Frame 370 (t = 1.85):	 total squared error = 3.59227, marker error: RMS = 0.379066, max = 1.38862 (BR)
[2026-02-25 13:13:29.618] [info] Frame 371 (t = 1.855):	 total squared error = 3.61926, marker error: RMS = 0.380487, max = 1.39347 (BR)
[2026-02-25 13:13:29.635] [info] Frame 372 (t = 1.86):	 total squared error = 3.64648, marker error: RMS = 0.381915, max = 1.39835 (BR)
[2026-02-25 13:13:29.644] [info] Frame 373 (t = 1.865):	 total squared error = 3.67393, marker error: RMS = 0.38335, max = 1.40325 (BR)
[2026-02-25 13:13:29.656] [info] Frame 374 (t = 1.87):	 total squared error = 3.70159, marker error: RMS = 0.38479, max = 1.40817 (BR)
[2026-02-25 13:13:29.674] [info] Frame 375 (t = 1.875):	 total squared error = 3.72945, marker error: RMS = 0.386236, max = 1.41311 (BR)
[2026-02-25 13:13:29.689] [info] Frame 376 (t = 1.88):	 total squared error = 3.75749, marker error: RMS = 0.387685, max = 1.41807 (BR)
[2026-02-25 13:13:29.697] [info] Frame 377 (t = 1.885):	 total squared error = 3.78571, marker error: RMS = 0.389138, max = 1.42304 (BR)
[2026-02-25 13:13:29.704] [info] Frame 378 (t = 1.89):	 total squared error = 3.81407, marker error: RMS = 0.390593, max = 1.42802 (BR)
[2026-02-25 13:13:29.716] [info] Frame 379 (t = 1.895):	 total squared error = 3.84255, marker error: RMS = 0.392049, max = 1.43301 (BR)
[2026-02-25 13:13:29.731] [info] Frame 380 (t = 1.9):	 total squared error = 3.87115, marker error: RMS = 0.393505, max = 1.43801 (BR)
[2026-02-25 13:13:29.744] [info] Frame 381 (t = 1.90500):	 total squared error = 3.89985, marker error: RMS = 0.394961, max = 1.44301 (BR)
[2026-02-25 13:13:29.758] [info] Frame 382 (t = 1.91):	 total squared error = 3.92862, marker error: RMS = 0.396415, max = 1.448 (BR)
[2026-02-25 13:13:29.766] [info] Frame 383 (t = 1.915):	 total squared error = 3.95746, marker error: RMS = 0.397867, max = 1.453 (BR)
[2026-02-25 13:13:29.778] [info] Frame 384 (t = 1.92):	 total squared error = 3.98632, marker error: RMS = 0.399315, max = 1.45798 (BR)
[2026-02-25 13:13:29.786] [info] Frame 385 (t = 1.925):	 total squared error = 4.01521, marker error: RMS = 0.400760, max = 1.46296 (BR)
[2026-02-25 13:13:29.802] [info] Frame 386 (t = 1.93):	 total squared error = 4.04407, marker error: RMS = 0.402197, max = 1.46791 (BR)
[2026-02-25 13:13:29.815] [info] Frame 387 (t = 1.935):	 total squared error = 4.07292, marker error: RMS = 0.403629, max = 1.47286 (BR)
[2026-02-25 13:13:29.834] [info] Frame 388 (t = 1.94):	 total squared error = 4.10172, marker error: RMS = 0.405054, max = 1.47778 (BR)
[2026-02-25 13:13:29.851] [info] Frame 389 (t = 1.945):	 total squared error = 4.13045, marker error: RMS = 0.406470, max = 1.48267 (BR)
[2026-02-25 13:13:29.861] [info] Frame 390 (t = 1.95):	 total squared error = 4.1591, marker error: RMS = 0.407878, max = 1.48754 (BR)
[2026-02-25 13:13:29.875] [info] Frame 391 (t = 1.955):	 total squared error = 4.18764, marker error: RMS = 0.409275, max = 1.49238 (BR)
[2026-02-25 13:13:29.885] [info] Frame 392 (t = 1.96):	 total squared error = 4.21607, marker error: RMS = 0.410661, max = 1.49718 (BR)
[2026-02-25 13:13:29.896] [info] Frame 393 (t = 1.965):	 total squared error = 4.24433, marker error: RMS = 0.412035, max = 1.50195 (BR)
[2026-02-25 13:13:29.910] [info] Frame 394 (t = 1.97):	 total squared error = 4.27242, marker error: RMS = 0.413397, max = 1.50667 (BR)
[2026-02-25 13:13:29.924] [info] Frame 395 (t = 1.975):	 total squared error = 4.30033, marker error: RMS = 0.414745, max = 1.51136 (BR)
[2026-02-25 13:13:29.941] [info] Frame 396 (t = 1.98):	 total squared error = 4.32801, marker error: RMS = 0.416077, max = 1.51599 (BR)
[2026-02-25 13:13:29.960] [info] Frame 397 (t = 1.985):	 total squared error = 4.35545, marker error: RMS = 0.417394, max = 1.52058 (BR)
[2026-02-25 13:13:29.979] [info] Frame 398 (t = 1.99):	 total squared error = 4.38262, marker error: RMS = 0.418694, max = 1.52511 (BR)
[2026-02-25 13:13:29.992] [info] Frame 399 (t = 1.995):	 total squared error = 4.40949, marker error: RMS = 0.419976, max = 1.52958 (BR)
[2026-02-25 13:13:30.006] [info] Frame 400 (t = 2.0):	 total squared error = 4.43605, marker error: RMS = 0.421238, max = 1.53399 (BR)
[2026-02-25 13:13:30.023] [info] Frame 401 (t = 2.00500):	 total squared error = 4.46224, marker error: RMS = 0.42248, max = 1.53834 (BR)
[2026-02-25 13:13:30.043] [info] Frame 402 (t = 2.01):	 total squared error = 4.48807, marker error: RMS = 0.423701, max = 1.54261 (BR)
[2026-02-25 13:13:30.060] [info] Frame 403 (t = 2.015):	 total squared error = 4.51349, marker error: RMS = 0.424899, max = 1.54681 (BR)
[2026-02-25 13:13:30.080] [info] Frame 404 (t = 2.02):	 total squared error = 4.53847, marker error: RMS = 0.426074, max = 1.55093 (BR)
[2026-02-25 13:13:30.098] [info] Frame 405 (t = 2.025):	 total squared error = 4.563, marker error: RMS = 0.427224, max = 1.55496 (BR)
[2026-02-25 13:13:30.117] [info] Frame 406 (t = 2.03):	 total squared error = 4.58704, marker error: RMS = 0.428347, max = 1.55891 (BR)
[2026-02-25 13:13:30.134] [info] Frame 407 (t = 2.035):	 total squared error = 4.61056, marker error: RMS = 0.429444, max = 1.56277 (BR)
[2026-02-25 13:13:30.152] [info] Frame 408 (t = 2.04):	 total squared error = 4.63355, marker error: RMS = 0.430514, max = 1.56653 (BR)
[2026-02-25 13:13:30.168] [info] Frame 409 (t = 2.045):	 total squared error = 4.65598, marker error: RMS = 0.431554, max = 1.57020 (BR)
[2026-02-25 13:13:30.186] [info] Frame 410 (t = 2.05):	 total squared error = 4.67782, marker error: RMS = 0.432565, max = 1.57376 (BR)
[2026-02-25 13:13:30.203] [info] Frame 411 (t = 2.055):	 total squared error = 4.69907, marker error: RMS = 0.433547, max = 1.57723 (BR)
[2026-02-25 13:13:30.220] [info] Frame 412 (t = 2.06):	 total squared error = 4.71969, marker error: RMS = 0.434497, max = 1.58058 (BR)
[2026-02-25 13:13:30.239] [info] Frame 413 (t = 2.065):	 total squared error = 4.73969, marker error: RMS = 0.435416, max = 1.58384 (BR)
[2026-02-25 13:13:30.256] [info] Frame 414 (t = 2.07):	 total squared error = 4.75904, marker error: RMS = 0.436304, max = 1.58698 (BR)
[2026-02-25 13:13:30.274] [info] Frame 415 (t = 2.075):	 total squared error = 4.77774, marker error: RMS = 0.437161, max = 1.59002 (BR)
[2026-02-25 13:13:30.290] [info] Frame 416 (t = 2.08):	 total squared error = 4.79577, marker error: RMS = 0.437985, max = 1.59294 (BR)
[2026-02-25 13:13:30.306] [info] Frame 417 (t = 2.085):	 total squared error = 4.81314, marker error: RMS = 0.438777, max = 1.59576 (BR)
[2026-02-25 13:13:30.322] [info] Frame 418 (t = 2.09):	 total squared error = 4.82983, marker error: RMS = 0.439537, max = 1.59847 (BR)
[2026-02-25 13:13:30.340] [info] Frame 419 (t = 2.095):	 total squared error = 4.84583, marker error: RMS = 0.440265, max = 1.60106 (BR)
[2026-02-25 13:13:30.355] [info] Frame 420 (t = 2.1):	 total squared error = 4.86114, marker error: RMS = 0.440960, max = 1.60355 (BR)
[2026-02-25 13:13:30.372] [info] Frame 421 (t = 2.10500):	 total squared error = 4.87576, marker error: RMS = 0.441622, max = 1.60592 (BR)
[2026-02-25 13:13:30.387] [info] Frame 422 (t = 2.11):	 total squared error = 4.88968, marker error: RMS = 0.442252, max = 1.60818 (BR)
[2026-02-25 13:13:30.402] [info] Frame 423 (t = 2.115):	 total squared error = 4.90290, marker error: RMS = 0.44285, max = 1.61033 (BR)
[2026-02-25 13:13:30.418] [info] Frame 424 (t = 2.12):	 total squared error = 4.91542, marker error: RMS = 0.443415, max = 1.61236 (BR)
[2026-02-25 13:13:30.436] [info] Frame 425 (t = 2.125):	 total squared error = 4.92724, marker error: RMS = 0.443948, max = 1.61429 (BR)
[2026-02-25 13:13:30.450] [info] Frame 426 (t = 2.13):	 total squared error = 4.93837, marker error: RMS = 0.444449, max = 1.6161 (BR)
[2026-02-25 13:13:30.470] [info] Frame 427 (t = 2.135):	 total squared error = 4.94879, marker error: RMS = 0.444918, max = 1.6178 (BR)
[2026-02-25 13:13:30.488] [info] Frame 428 (t = 2.14):	 total squared error = 4.95853, marker error: RMS = 0.445355, max = 1.6194 (BR)
[2026-02-25 13:13:30.503] [info] Frame 429 (t = 2.145):	 total squared error = 4.96758, marker error: RMS = 0.445762, max = 1.62088 (BR)
[2026-02-25 13:13:30.518] [info] Frame 430 (t = 2.15):	 total squared error = 4.97596, marker error: RMS = 0.446137, max = 1.62226 (BR)
[2026-02-25 13:13:30.531] [info] Frame 431 (t = 2.155):	 total squared error = 4.98367, marker error: RMS = 0.446482, max = 1.62353 (BR)
[2026-02-25 13:13:30.547] [info] Frame 432 (t = 2.16):	 total squared error = 4.99072, marker error: RMS = 0.446798, max = 1.62469 (BR)
[2026-02-25 13:13:30.565] [info] Frame 433 (t = 2.165):	 total squared error = 4.99712, marker error: RMS = 0.447085, max = 1.62576 (BR)
[2026-02-25 13:13:30.582] [info] Frame 434 (t = 2.17):	 total squared error = 5.00291, marker error: RMS = 0.447344, max = 1.62672 (BR)
[2026-02-25 13:13:30.613] [info] Frame 435 (t = 2.175):	 total squared error = 5.00808, marker error: RMS = 0.447575, max = 1.62759 (BR)
[2026-02-25 13:13:30.637] [info] Frame 436 (t = 2.18):	 total squared error = 5.01266, marker error: RMS = 0.447779, max = 1.62836 (BR)
[2026-02-25 13:13:30.660] [info] Frame 437 (t = 2.185):	 total squared error = 5.01667, marker error: RMS = 0.447958, max = 1.62904 (BR)
[2026-02-25 13:13:30.680] [info] Frame 438 (t = 2.19):	 total squared error = 5.02013, marker error: RMS = 0.448113, max = 1.62964 (BR)
[2026-02-25 13:13:30.705] [info] Frame 439 (t = 2.195):	 total squared error = 5.02306, marker error: RMS = 0.448244, max = 1.63015 (BR)
[2026-02-25 13:13:30.730] [info] Frame 440 (t = 2.2):	 total squared error = 5.02549, marker error: RMS = 0.448352, max = 1.63059 (BR)
[2026-02-25 13:13:30.747] [info] Frame 441 (t = 2.20500):	 total squared error = 5.02744, marker error: RMS = 0.448439, max = 1.63095 (BR)
[2026-02-25 13:13:30.770] [info] Frame 442 (t = 2.21):	 total squared error = 5.02894, marker error: RMS = 0.448506, max = 1.63124 (BR)
[2026-02-25 13:13:30.784] [info] Frame 443 (t = 2.215):	 total squared error = 5.03002, marker error: RMS = 0.448554, max = 1.63146 (BR)
[2026-02-25 13:13:30.799] [info] Frame 444 (t = 2.22):	 total squared error = 5.03071, marker error: RMS = 0.448585, max = 1.63162 (BR)
[2026-02-25 13:13:30.811] [info] Frame 445 (t = 2.225):	 total squared error = 5.03104, marker error: RMS = 0.448599, max = 1.63173 (BR)
[2026-02-25 13:13:30.836] [info] Frame 446 (t = 2.23):	 total squared error = 5.03103, marker error: RMS = 0.448599, max = 1.63179 (BR)
[2026-02-25 13:13:30.851] [info] Frame 447 (t = 2.235):	 total squared error = 5.03073, marker error: RMS = 0.448586, max = 1.6318 (BR)
[2026-02-25 13:13:30.869] [info] Frame 448 (t = 2.24):	 total squared error = 5.03016, marker error: RMS = 0.44856, max = 1.63177 (BR)
[2026-02-25 13:13:30.891] [info] Frame 449 (t = 2.245):	 total squared error = 5.02937, marker error: RMS = 0.448525, max = 1.6317 (BR)
[2026-02-25 13:13:30.916] [info] Frame 450 (t = 2.25):	 total squared error = 5.02838, marker error: RMS = 0.448481, max = 1.63161 (BR)
[2026-02-25 13:13:30.938] [info] Frame 451 (t = 2.255):	 total squared error = 5.02724, marker error: RMS = 0.44843, max = 1.63149 (BR)
[2026-02-25 13:13:30.970] [info] Frame 452 (t = 2.26):	 total squared error = 5.02598, marker error: RMS = 0.448374, max = 1.63135 (BR)
[2026-02-25 13:13:30.996] [info] Frame 453 (t = 2.265):	 total squared error = 5.02465, marker error: RMS = 0.448314, max = 1.63121 (BR)
[2026-02-25 13:13:31.018] [info] Frame 454 (t = 2.27):	 total squared error = 5.02326, marker error: RMS = 0.448253, max = 1.63105 (BR)
[2026-02-25 13:13:31.037] [info] Frame 455 (t = 2.275):	 total squared error = 5.02187, marker error: RMS = 0.448191, max = 1.63090 (BR)
[2026-02-25 13:13:31.062] [info] Frame 456 (t = 2.28):	 total squared error = 5.02050, marker error: RMS = 0.448129, max = 1.63074 (BR)
[2026-02-25 13:13:31.086] [info] Frame 457 (t = 2.285):	 total squared error = 5.01918, marker error: RMS = 0.448070, max = 1.63060 (BR)
[2026-02-25 13:13:31.111] [info] Frame 458 (t = 2.29):	 total squared error = 5.01793, marker error: RMS = 0.448015, max = 1.63046 (BR)
[2026-02-25 13:13:31.135] [info] Frame 459 (t = 2.295):	 total squared error = 5.01679, marker error: RMS = 0.447964, max = 1.63034 (BR)
[2026-02-25 13:13:31.158] [info] Frame 460 (t = 2.3):	 total squared error = 5.01576, marker error: RMS = 0.447918, max = 1.63024 (BR)
[2026-02-25 13:13:31.178] [info] Frame 461 (t = 2.30500):	 total squared error = 5.01487, marker error: RMS = 0.447878, max = 1.63015 (BR)
[2026-02-25 13:13:31.197] [info] Frame 462 (t = 2.31):	 total squared error = 5.01411, marker error: RMS = 0.447844, max = 1.63009 (BR)
[2026-02-25 13:13:31.212] [info] Frame 463 (t = 2.315):	 total squared error = 5.01352, marker error: RMS = 0.447818, max = 1.63005 (BR)
[2026-02-25 13:13:31.228] [info] Frame 464 (t = 2.32):	 total squared error = 5.01309, marker error: RMS = 0.447798, max = 1.63003 (BR)
[2026-02-25 13:13:31.243] [info] Frame 465 (t = 2.325):	 total squared error = 5.01281, marker error: RMS = 0.447786, max = 1.63003 (BR)
[2026-02-25 13:13:31.258] [info] Frame 466 (t = 2.33):	 total squared error = 5.0127, marker error: RMS = 0.447781, max = 1.63006 (BR)
[2026-02-25 13:13:31.272] [info] Frame 467 (t = 2.335):	 total squared error = 5.01275, marker error: RMS = 0.447784, max = 1.63011 (BR)
[2026-02-25 13:13:31.286] [info] Frame 468 (t = 2.34):	 total squared error = 5.01296, marker error: RMS = 0.447793, max = 1.63018 (BR)
[2026-02-25 13:13:31.299] [info] Frame 469 (t = 2.345):	 total squared error = 5.01332, marker error: RMS = 0.447809, max = 1.63027 (BR)
[2026-02-25 13:13:31.310] [info] Frame 470 (t = 2.35):	 total squared error = 5.01383, marker error: RMS = 0.447831, max = 1.63039 (BR)
[2026-02-25 13:13:31.341] [info] Frame 471 (t = 2.355):	 total squared error = 5.01447, marker error: RMS = 0.44786, max = 1.63052 (BR)
[2026-02-25 13:13:31.370] [info] Frame 472 (t = 2.36):	 total squared error = 5.01523, marker error: RMS = 0.447894, max = 1.63067 (BR)
[2026-02-25 13:13:31.392] [info] Frame 473 (t = 2.365):	 total squared error = 5.01612, marker error: RMS = 0.447934, max = 1.63083 (BR)
[2026-02-25 13:13:31.418] [info] Frame 474 (t = 2.37):	 total squared error = 5.0171, marker error: RMS = 0.447978, max = 1.63101 (BR)
[2026-02-25 13:13:31.438] [info] Frame 475 (t = 2.375):	 total squared error = 5.01818, marker error: RMS = 0.448026, max = 1.6312 (BR)
[2026-02-25 13:13:31.456] [info] Frame 476 (t = 2.38):	 total squared error = 5.01932, marker error: RMS = 0.448077, max = 1.63139 (BR)
[2026-02-25 13:13:31.473] [info] Frame 477 (t = 2.385):	 total squared error = 5.02052, marker error: RMS = 0.44813, max = 1.63159 (BR)
[2026-02-25 13:13:31.489] [info] Frame 478 (t = 2.39):	 total squared error = 5.02176, marker error: RMS = 0.448186, max = 1.6318 (BR)
[2026-02-25 13:13:31.506] [info] Frame 479 (t = 2.395):	 total squared error = 5.02303, marker error: RMS = 0.448243, max = 1.632 (BR)
[2026-02-25 13:13:31.521] [info] Frame 480 (t = 2.4):	 total squared error = 5.02432, marker error: RMS = 0.4483, max = 1.63221 (BR)
[2026-02-25 13:13:31.534] [info] Frame 481 (t = 2.40500):	 total squared error = 5.0256, marker error: RMS = 0.448357, max = 1.63241 (BR)
[2026-02-25 13:13:31.545] [info] Frame 482 (t = 2.41):	 total squared error = 5.02686, marker error: RMS = 0.448413, max = 1.6326 (BR)
[2026-02-25 13:13:31.559] [info] Frame 483 (t = 2.415):	 total squared error = 5.0281, marker error: RMS = 0.448468, max = 1.63279 (BR)
[2026-02-25 13:13:31.578] [info] Frame 484 (t = 2.42):	 total squared error = 5.02929, marker error: RMS = 0.448522, max = 1.63297 (BR)
[2026-02-25 13:13:31.590] [info] Frame 485 (t = 2.425):	 total squared error = 5.03044, marker error: RMS = 0.448573, max = 1.63313 (BR)
[2026-02-25 13:13:31.600] [info] Frame 486 (t = 2.43):	 total squared error = 5.03153, marker error: RMS = 0.448621, max = 1.63329 (BR)
[2026-02-25 13:13:31.615] [info] Frame 487 (t = 2.435):	 total squared error = 5.03254, marker error: RMS = 0.448667, max = 1.63343 (BR)
[2026-02-25 13:13:31.627] [info] Frame 488 (t = 2.44):	 total squared error = 5.03349, marker error: RMS = 0.448709, max = 1.63356 (BR)
[2026-02-25 13:13:31.645] [info] Frame 489 (t = 2.445):	 total squared error = 5.03435, marker error: RMS = 0.448747, max = 1.63368 (BR)
[2026-02-25 13:13:31.659] [info] Frame 490 (t = 2.45):	 total squared error = 5.03514, marker error: RMS = 0.448782, max = 1.63378 (BR)
[2026-02-25 13:13:31.675] [info] Frame 491 (t = 2.455):	 total squared error = 5.03584, marker error: RMS = 0.448814, max = 1.63386 (BR)
[2026-02-25 13:13:31.690] [info] Frame 492 (t = 2.46):	 total squared error = 5.03646, marker error: RMS = 0.448841, max = 1.63393 (BR)
[2026-02-25 13:13:31.708] [info] Frame 493 (t = 2.465):	 total squared error = 5.03699, marker error: RMS = 0.448865, max = 1.63399 (BR)
[2026-02-25 13:13:31.728] [info] Frame 494 (t = 2.47):	 total squared error = 5.03744, marker error: RMS = 0.448885, max = 1.63403 (BR)
[2026-02-25 13:13:31.742] [info] Frame 495 (t = 2.475):	 total squared error = 5.03781, marker error: RMS = 0.448901, max = 1.63405 (BR)
[2026-02-25 13:13:31.759] [info] Frame 496 (t = 2.48):	 total squared error = 5.0381, marker error: RMS = 0.448914, max = 1.63407 (BR)
[2026-02-25 13:13:31.772] [info] Frame 497 (t = 2.485):	 total squared error = 5.0383, marker error: RMS = 0.448923, max = 1.63407 (BR)
[2026-02-25 13:13:31.785] [info] Frame 498 (t = 2.49):	 total squared error = 5.03844, marker error: RMS = 0.448929, max = 1.63406 (BR)
[2026-02-25 13:13:31.798] [info] Frame 499 (t = 2.495):	 total squared error = 5.03849, marker error: RMS = 0.448932, max = 1.63403 (BR)
[2026-02-25 13:13:31.811] [info] Frame 500 (t = 2.5):	 total squared error = 5.03848, marker error: RMS = 0.448931, max = 1.634 (BR)
[2026-02-25 13:13:31.824] [info] Frame 501 (t = 2.50500):	 total squared error = 5.03839, marker error: RMS = 0.448927, max = 1.63396 (BR)
[2026-02-25 13:13:31.837] [info] Frame 502 (t = 2.51):	 total squared error = 5.03825, marker error: RMS = 0.448921, max = 1.6339 (BR)
[2026-02-25 13:13:31.852] [info] Frame 503 (t = 2.515):	 total squared error = 5.03804, marker error: RMS = 0.448911, max = 1.63384 (BR)
[2026-02-25 13:13:31.869] [info] Frame 504 (t = 2.52):	 total squared error = 5.03777, marker error: RMS = 0.4489, max = 1.63377 (BR)
[2026-02-25 13:13:31.886] [info] Frame 505 (t = 2.525):	 total squared error = 5.03745, marker error: RMS = 0.448885, max = 1.63369 (BR)
[2026-02-25 13:13:31.905] [info] Frame 506 (t = 2.53):	 total squared error = 5.03709, marker error: RMS = 0.448869, max = 1.63361 (BR)
[2026-02-25 13:13:31.922] [info] Frame 507 (t = 2.535):	 total squared error = 5.03669, marker error: RMS = 0.448851, max = 1.63352 (BR)
[2026-02-25 13:13:31.942] [info] Frame 508 (t = 2.54):	 total squared error = 5.03625, marker error: RMS = 0.448832, max = 1.63344 (BR)
[2026-02-25 13:13:31.956] [info] Frame 509 (t = 2.545):	 total squared error = 5.03578, marker error: RMS = 0.448811, max = 1.63335 (BR)
[2026-02-25 13:13:31.969] [info] Frame 510 (t = 2.55):	 total squared error = 5.03528, marker error: RMS = 0.448789, max = 1.63326 (BR)
[2026-02-25 13:13:31.984] [info] Frame 511 (t = 2.555):	 total squared error = 5.03477, marker error: RMS = 0.448766, max = 1.63317 (BR)
[2026-02-25 13:13:32.003] [info] Frame 512 (t = 2.56):	 total squared error = 5.03423, marker error: RMS = 0.448742, max = 1.63308 (BR)
[2026-02-25 13:13:32.018] [info] Frame 513 (t = 2.565):	 total squared error = 5.03369, marker error: RMS = 0.448718, max = 1.63299 (BR)
[2026-02-25 13:13:32.033] [info] Frame 514 (t = 2.57):	 total squared error = 5.03313, marker error: RMS = 0.448693, max = 1.6329 (BR)
[2026-02-25 13:13:32.051] [info] Frame 515 (t = 2.575):	 total squared error = 5.03257, marker error: RMS = 0.448668, max = 1.63281 (BR)
[2026-02-25 13:13:32.062] [info] Frame 516 (t = 2.58):	 total squared error = 5.032, marker error: RMS = 0.448643, max = 1.63273 (BR)
[2026-02-25 13:13:32.080] [info] Frame 517 (t = 2.585):	 total squared error = 5.03145, marker error: RMS = 0.448618, max = 1.63264 (BR)
[2026-02-25 13:13:32.102] [info] Frame 518 (t = 2.59):	 total squared error = 5.03090, marker error: RMS = 0.448594, max = 1.63256 (BR)
[2026-02-25 13:13:32.118] [info] Frame 519 (t = 2.595):	 total squared error = 5.03038, marker error: RMS = 0.44857, max = 1.63248 (BR)
[2026-02-25 13:13:32.138] [info] Frame 520 (t = 2.6):	 total squared error = 5.0299, marker error: RMS = 0.448549, max = 1.63241 (BR)
[2026-02-25 13:13:32.153] [info] Frame 521 (t = 2.60500):	 total squared error = 5.02945, marker error: RMS = 0.448529, max = 1.63234 (BR)
[2026-02-25 13:13:32.183] [info] Frame 522 (t = 2.61):	 total squared error = 5.02906, marker error: RMS = 0.448512, max = 1.63228 (BR)
[2026-02-25 13:13:32.200] [info] Frame 523 (t = 2.615):	 total squared error = 5.02874, marker error: RMS = 0.448497, max = 1.63224 (BR)
[2026-02-25 13:13:32.227] [info] Frame 524 (t = 2.62):	 total squared error = 5.02847, marker error: RMS = 0.448485, max = 1.6322 (BR)
[2026-02-25 13:13:32.246] [info] Frame 525 (t = 2.625):	 total squared error = 5.02828, marker error: RMS = 0.448476, max = 1.63217 (BR)
[2026-02-25 13:13:32.272] [info] Frame 526 (t = 2.63):	 total squared error = 5.02815, marker error: RMS = 0.448471, max = 1.63215 (BR)
[2026-02-25 13:13:32.297] [info] Frame 527 (t = 2.635):	 total squared error = 5.02807, marker error: RMS = 0.448467, max = 1.63214 (BR)
[2026-02-25 13:13:32.314] [info] Frame 528 (t = 2.64):	 total squared error = 5.02804, marker error: RMS = 0.448466, max = 1.63214 (BR)
[2026-02-25 13:13:32.334] [info] Frame 529 (t = 2.645):	 total squared error = 5.02804, marker error: RMS = 0.448466, max = 1.63214 (BR)
[2026-02-25 13:13:32.356] [info] InverseKinematicsTool completed 529 frames in 8 second(s).
[2026-02-25 13:13:36.250] [info] Loaded model scaled_opt_N10.osim from file ..\..\..\..\models\Athlete_03\25_03_31\scaled_opt_N10_increased_3.00.osim
[2026-02-25 13:13:36.322] [info] Storage: read data file = joint_angles.mot (nr=529 nc=40)
[2026-02-25 13:13:36.381] [info] Loaded model scaled_opt_N10.osim from file ..\..\..\..\models\Athlete_03\25_03_31\scaled_opt_N10_increased_3.00.osim
[2026-02-25 13:13:36.439] [cout] [info] 
               MODEL: scaled_opt_N10.osim
         coordinates: 39
              forces: 97
           actuators: 97
             muscles: 80
            analyses: 0
              probes: 0
              bodies: 22
              joints: 22
         constraints: 2
             markers: 45
         controllers: 0
  contact geometries: 0
misc modelcomponents: 0
[2026-02-25 13:13:36.440] [info] Running tool ...
[2026-02-25 13:13:36.528] [info] Storage: read data file = grf.mot (nr=5300 nc=46)
[2026-02-25 13:13:36.590] [info] ExternalForce::grf_r_4 Data source being set to grf
[2026-02-25 13:13:36.590] [info] ExternalForce::grf_l_5 Data source being set to grf
[2026-02-25 13:13:36.602] [info] Storage: read data file = joint_angles.mot (nr=529 nc=40)
[2026-02-25 13:13:36.610] [info] Low-pass filtering coordinates data with a cutoff frequency of 6.0...
[2026-02-25 13:13:37.107] [info] InverseDynamicsTool: 529 time frames in 369 millisecond(s).
[2026-02-25 13:13:39.563] [info] Loaded model scaled_opt_N10.osim from file ..\..\..\..\models\Athlete_03\25_03_31\scaled_opt_N10_increased_3.00.osim
[2026-02-25 13:13:39.628] [info] Storage: read data file = joint_angles.mot (nr=529 nc=40)
[2026-02-25 13:13:39.660] [info] AbstractTool  loading model ..\..\..\..\models\Athlete_03\25_03_31\scaled_opt_N10_increased_3.00.osim
[2026-02-25 13:13:39.688] [info] Loaded model scaled_opt_N10.osim from file ..\..\..\..\models\Athlete_03\25_03_31\scaled_opt_N10_increased_3.00.osim
[2026-02-25 13:13:39.845] [info] Storage: read data file = grf.mot (nr=5300 nc=46)
[2026-02-25 13:13:39.901] [info] ExternalForce::grf_r_4 Data source being set to grf
[2026-02-25 13:13:39.902] [info] ExternalForce::grf_l_5 Data source being set to grf
[2026-02-25 13:13:39.915] [info] Loading coordinates from file 'joint_angles.mot'.
[2026-02-25 13:13:39.915] [info] Storage: read data file = joint_angles.mot (nr=529 nc=40)
[2026-02-25 13:13:39.923] [info] Low-pass filtering coordinates data with a cutoff frequency of 6.0...
[2026-02-25 13:13:40.172] [info] AssemblySolver::track() attempt Failed: SimTK Exception thrown at Assembler.cpp:973:
  Method Assembler::track() failed because:
Unable to achieve required assembly error tolerance.
Assembly error tolerance achieved: 9.9514510064940799e-09 required: 1e-10.
[2026-02-25 13:13:40.176] [error] Model unable to assemble: AssemblySolver::assemble() Failed: SimTK Exception thrown at Assembler.cpp:897:
  Method Assembler::assemble() failed because:
Unable to achieve required assembly error tolerance.
Assembly error tolerance achieved: 9.9514509936733082e-09 required: 1e-10..Model relaxing constraints and trying again.
[2026-02-25 13:13:40.583] [info] Found 1057 state vectors with time stamps ranging from -1.315 to 3.965.
[2026-02-25 13:13:40.584] [info] Executing the analyses from 0.00500000 to 2.645...
[2026-02-25 13:13:40.590] [warning] MuscleAnalysis: coordinate mtp_angle_r is locked and can't be varied.
[2026-02-25 13:13:40.590] [warning] MuscleAnalysis: coordinate mtp_angle_l is locked and can't be varied.
[2026-02-25 13:13:40.590] [warning] MuscleAnalysis: coordinate wrist_flex_r is locked and can't be varied.
[2026-02-25 13:13:40.590] [warning] MuscleAnalysis: coordinate wrist_dev_r is locked and can't be varied.
[2026-02-25 13:13:40.590] [warning] MuscleAnalysis: coordinate wrist_flex_l is locked and can't be varied.
[2026-02-25 13:13:40.590] [warning] MuscleAnalysis: coordinate wrist_dev_l is locked and can't be varied.
[2026-02-25 13:14:55.990] [info] Printing results of investigation  to MuscleAnalysis
[2026-02-25 13:14:57.416] [info] Loaded model scaled_opt_N10.osim from file ..\..\..\..\models\Athlete_03\25_03_31\scaled_opt_N10_increased_3.00.osim
[2026-02-25 13:14:57.463] [info] Storage: read data file = joint_angles.mot (nr=529 nc=40)
[2026-02-25 13:14:57.500] [info] AbstractTool SO loading model ..\..\..\..\models\Athlete_03\25_03_31\scaled_opt_N10_increased_3.00.osim
[2026-02-25 13:14:57.527] [info] Loaded model scaled_opt_N10.osim from file ..\..\..\..\models\Athlete_03\25_03_31\scaled_opt_N10_increased_3.00.osim
[2026-02-25 13:14:57.580] [info] Adding force object set from actuators_so.xml
[2026-02-25 13:14:57.647] [info] Storage: read data file = grf.mot (nr=5300 nc=46)
[2026-02-25 13:14:57.703] [info] ExternalForce::grf_r_4 Data source being set to grf
[2026-02-25 13:14:57.703] [info] ExternalForce::grf_l_5 Data source being set to grf
[2026-02-25 13:14:57.710] [info] Loading coordinates from file 'joint_angles.mot'.
[2026-02-25 13:14:57.711] [info] Storage: read data file = joint_angles.mot (nr=529 nc=40)
[2026-02-25 13:14:57.718] [info] Low-pass filtering coordinates data with a cutoff frequency of 6.0...
[2026-02-25 13:14:57.967] [info] AssemblySolver::track() attempt Failed: SimTK Exception thrown at Assembler.cpp:973:
  Method Assembler::track() failed because:
Unable to achieve required assembly error tolerance.
Assembly error tolerance achieved: 9.9514510064940799e-09 required: 1e-10.
[2026-02-25 13:14:57.971] [error] Model unable to assemble: AssemblySolver::assemble() Failed: SimTK Exception thrown at Assembler.cpp:897:
  Method Assembler::assemble() failed because:
Unable to achieve required assembly error tolerance.
Assembly error tolerance achieved: 9.9514509936733082e-09 required: 1e-10..Model relaxing constraints and trying again.
[2026-02-25 13:14:58.375] [info] Found 1057 state vectors with time stamps ranging from -1.315 to 3.965.
[2026-02-25 13:14:58.376] [info] Executing the analyses from 0.00500000 to 2.645...
[2026-02-25 13:14:58.448] [info] Storage: read data file = grf.mot (nr=5300 nc=46)
[2026-02-25 13:14:58.505] [info] ExternalForce::grf_r_4 Data source being set to grf
[2026-02-25 13:14:58.505] [info] ExternalForce::grf_l_5 Data source being set to grf
[2026-02-25 13:14:58.533] [info] Storage: read data file = grf.mot (nr=5300 nc=46)
[2026-02-25 13:14:58.590] [info] ExternalForce::grf_r_4 Data source being set to grf
[2026-02-25 13:14:58.590] [info] ExternalForce::grf_l_5 Data source being set to grf
[2026-02-25 13:14:59.523] [cout] [info] time = 0.00500000 Performance = 36.1779 Constraint violation = 3.50826e-11
[2026-02-25 13:14:59.524] [info] Bounds for 'addbrev_r': 0.01 to 1.0.
[2026-02-25 13:14:59.524] [info] Bounds for 'addlong_r': 0.01 to 1.0.
[2026-02-25 13:14:59.525] [info] Bounds for 'addmagDist_r': 0.01 to 1.0.
[2026-02-25 13:14:59.525] [info] Bounds for 'addmagIsch_r': 0.01 to 1.0.
[2026-02-25 13:14:59.525] [info] Bounds for 'addmagMid_r': 0.01 to 1.0.
[2026-02-25 13:14:59.525] [info] Bounds for 'addmagProx_r': 0.01 to 1.0.
[2026-02-25 13:14:59.525] [info] Bounds for 'bflh_r': 0.01 to 1.0.
[2026-02-25 13:14:59.525] [info] Bounds for 'bfsh_r': 0.01 to 1.0.
[2026-02-25 13:14:59.525] [info] Bounds for 'edl_r': 0.01 to 1.0.
[2026-02-25 13:14:59.525] [info] Bounds for 'ehl_r': 0.01 to 1.0.
[2026-02-25 13:14:59.525] [info] Bounds for 'fdl_r': 0.01 to 1.0.
[2026-02-25 13:14:59.525] [info] Bounds for 'fhl_r': 0.01 to 1.0.
[2026-02-25 13:14:59.525] [info] Bounds for 'gaslat_r': 0.01 to 1.0.
[2026-02-25 13:14:59.525] [info] Bounds for 'gasmed_r': 0.01 to 1.0.
[2026-02-25 13:14:59.525] [info] Bounds for 'glmax1_r': 0.01 to 1.0.
[2026-02-25 13:14:59.525] [info] Bounds for 'glmax2_r': 0.01 to 1.0.
[2026-02-25 13:14:59.525] [info] Bounds for 'glmax3_r': 0.01 to 1.0.
[2026-02-25 13:14:59.525] [info] Bounds for 'glmed1_r': 0.01 to 1.0.
[2026-02-25 13:14:59.525] [info] Bounds for 'glmed2_r': 0.01 to 1.0.
[2026-02-25 13:14:59.525] [info] Bounds for 'glmed3_r': 0.01 to 1.0.
[2026-02-25 13:14:59.525] [info] Bounds for 'glmin1_r': 0.01 to 1.0.
[2026-02-25 13:14:59.525] [info] Bounds for 'glmin2_r': 0.01 to 1.0.
[2026-02-25 13:14:59.525] [info] Bounds for 'glmin3_r': 0.01 to 1.0.
[2026-02-25 13:14:59.525] [info] Bounds for 'grac_r': 0.01 to 1.0.
[2026-02-25 13:14:59.525] [info] Bounds for 'iliacus_r': 0.01 to 1.0.
[2026-02-25 13:14:59.525] [info] Bounds for 'perbrev_r': 0.01 to 1.0.
[2026-02-25 13:14:59.525] [info] Bounds for 'perlong_r': 0.01 to 1.0.
[2026-02-25 13:14:59.525] [info] Bounds for 'piri_r': 0.01 to 1.0.
[2026-02-25 13:14:59.525] [info] Bounds for 'psoas_r': 0.01 to 1.0.
[2026-02-25 13:14:59.526] [info] Bounds for 'recfem_r': 0.01 to 1.0.
[2026-02-25 13:14:59.526] [info] Bounds for 'sart_r': 0.01 to 1.0.
[2026-02-25 13:14:59.526] [info] Bounds for 'semimem_r': 0.01 to 1.0.
[2026-02-25 13:14:59.526] [info] Bounds for 'semiten_r': 0.01 to 1.0.
[2026-02-25 13:14:59.526] [info] Bounds for 'soleus_r': 0.01 to 1.0.
[2026-02-25 13:14:59.526] [info] Bounds for 'tfl_r': 0.01 to 1.0.
[2026-02-25 13:14:59.526] [info] Bounds for 'tibant_r': 0.01 to 1.0.
[2026-02-25 13:14:59.526] [info] Bounds for 'tibpost_r': 0.01 to 1.0.
[2026-02-25 13:14:59.526] [info] Bounds for 'vasint_r': 0.01 to 1.0.
[2026-02-25 13:14:59.526] [info] Bounds for 'vaslat_r': 0.01 to 1.0.
[2026-02-25 13:14:59.526] [info] Bounds for 'vasmed_r': 0.01 to 1.0.
[2026-02-25 13:14:59.526] [info] Bounds for 'addbrev_l': 0.01 to 1.0.
[2026-02-25 13:14:59.526] [info] Bounds for 'addlong_l': 0.01 to 1.0.
[2026-02-25 13:14:59.526] [info] Bounds for 'addmagDist_l': 0.01 to 1.0.
[2026-02-25 13:14:59.526] [info] Bounds for 'addmagIsch_l': 0.01 to 1.0.
[2026-02-25 13:14:59.526] [info] Bounds for 'addmagMid_l': 0.01 to 1.0.
[2026-02-25 13:14:59.526] [info] Bounds for 'addmagProx_l': 0.01 to 1.0.
[2026-02-25 13:14:59.526] [info] Bounds for 'bflh_l': 0.01 to 1.0.
[2026-02-25 13:14:59.526] [info] Bounds for 'bfsh_l': 0.01 to 1.0.
[2026-02-25 13:14:59.526] [info] Bounds for 'edl_l': 0.01 to 1.0.
[2026-02-25 13:14:59.526] [info] Bounds for 'ehl_l': 0.01 to 1.0.
[2026-02-25 13:14:59.526] [info] Bounds for 'fdl_l': 0.01 to 1.0.
[2026-02-25 13:14:59.526] [info] Bounds for 'fhl_l': 0.01 to 1.0.
[2026-02-25 13:14:59.526] [info] Bounds for 'gaslat_l': 0.01 to 1.0.
[2026-02-25 13:14:59.526] [info] Bounds for 'gasmed_l': 0.01 to 1.0.
[2026-02-25 13:14:59.526] [info] Bounds for 'glmax1_l': 0.01 to 1.0.
[2026-02-25 13:14:59.526] [info] Bounds for 'glmax2_l': 0.01 to 1.0.
[2026-02-25 13:14:59.526] [info] Bounds for 'glmax3_l': 0.01 to 1.0.
[2026-02-25 13:14:59.527] [info] Bounds for 'glmed1_l': 0.01 to 1.0.
[2026-02-25 13:14:59.527] [info] Bounds for 'glmed2_l': 0.01 to 1.0.
[2026-02-25 13:14:59.527] [info] Bounds for 'glmed3_l': 0.01 to 1.0.
[2026-02-25 13:14:59.527] [info] Bounds for 'glmin1_l': 0.01 to 1.0.
[2026-02-25 13:14:59.527] [info] Bounds for 'glmin2_l': 0.01 to 1.0.
[2026-02-25 13:14:59.527] [info] Bounds for 'glmin3_l': 0.01 to 1.0.
[2026-02-25 13:14:59.527] [info] Bounds for 'grac_l': 0.01 to 1.0.
[2026-02-25 13:14:59.527] [info] Bounds for 'iliacus_l': 0.01 to 1.0.
[2026-02-25 13:14:59.527] [info] Bounds for 'perbrev_l': 0.01 to 1.0.
[2026-02-25 13:14:59.527] [info] Bounds for 'perlong_l': 0.01 to 1.0.
[2026-02-25 13:14:59.527] [info] Bounds for 'piri_l': 0.01 to 1.0.
[2026-02-25 13:14:59.527] [info] Bounds for 'psoas_l': 0.01 to 1.0.
[2026-02-25 13:14:59.527] [info] Bounds for 'recfem_l': 0.01 to 1.0.
[2026-02-25 13:14:59.527] [info] Bounds for 'sart_l': 0.01 to 1.0.
[2026-02-25 13:14:59.527] [info] Bounds for 'semimem_l': 0.01 to 1.0.
[2026-02-25 13:14:59.527] [info] Bounds for 'semiten_l': 0.01 to 1.0.
[2026-02-25 13:14:59.527] [info] Bounds for 'soleus_l': 0.01 to 1.0.
[2026-02-25 13:14:59.527] [info] Bounds for 'tfl_l': 0.01 to 1.0.
[2026-02-25 13:14:59.527] [info] Bounds for 'tibant_l': 0.01 to 1.0.
[2026-02-25 13:14:59.527] [info] Bounds for 'tibpost_l': 0.01 to 1.0.
[2026-02-25 13:14:59.527] [info] Bounds for 'vasint_l': 0.01 to 1.0.
[2026-02-25 13:14:59.527] [info] Bounds for 'vaslat_l': 0.01 to 1.0.
[2026-02-25 13:14:59.527] [info] Bounds for 'vasmed_l': 0.01 to 1.0.
[2026-02-25 13:14:59.527] [info] Bounds for 'lumbar_ext': -inf to inf.
[2026-02-25 13:14:59.527] [info] Bounds for 'lumbar_bend': -inf to inf.
[2026-02-25 13:14:59.527] [info] Bounds for 'lumbar_rot': -inf to inf.
[2026-02-25 13:14:59.527] [info] Bounds for 'shoulder_flex_r': -inf to inf.
[2026-02-25 13:14:59.527] [info] Bounds for 'shoulder_add_r': -inf to inf.
[2026-02-25 13:14:59.527] [info] Bounds for 'shoulder_rot_r': -inf to inf.
[2026-02-25 13:14:59.527] [info] Bounds for 'elbow_flex_r': -inf to inf.
[2026-02-25 13:14:59.527] [info] Bounds for 'pro_sup_r': -inf to inf.
[2026-02-25 13:14:59.527] [info] Bounds for 'wrist_flex_r': -inf to inf.
[2026-02-25 13:14:59.527] [info] Bounds for 'wrist_dev_r': -inf to inf.
[2026-02-25 13:14:59.527] [info] Bounds for 'shoulder_flex_l': -inf to inf.
[2026-02-25 13:14:59.527] [info] Bounds for 'shoulder_add_l': -inf to inf.
[2026-02-25 13:14:59.528] [info] Bounds for 'shoulder_rot_l': -inf to inf.
[2026-02-25 13:14:59.528] [info] Bounds for 'elbow_flex_l': -inf to inf.
[2026-02-25 13:14:59.528] [info] Bounds for 'pro_sup_l': -inf to inf.
[2026-02-25 13:14:59.528] [info] Bounds for 'wrist_flex_l': -inf to inf.
[2026-02-25 13:14:59.528] [info] Bounds for 'wrist_dev_l': -inf to inf.
[2026-02-25 13:14:59.528] [info] Bounds for 'FX': -inf to inf.
[2026-02-25 13:14:59.528] [info] Bounds for 'FY': -inf to inf.
[2026-02-25 13:14:59.528] [info] Bounds for 'FZ': -inf to inf.
[2026-02-25 13:14:59.528] [info] Bounds for 'MX': -inf to inf.
[2026-02-25 13:14:59.528] [info] Bounds for 'MY': -inf to inf.
[2026-02-25 13:14:59.528] [info] Bounds for 'MZ': -inf to inf.
[2026-02-25 13:14:59.528] [info] Bounds for 'hip_flexion_r_reserve': -1.0 to 1.0.
[2026-02-25 13:14:59.528] [info] Bounds for 'hip_adduction_r_reserve': -1.0 to 1.0.
[2026-02-25 13:14:59.528] [info] Bounds for 'hip_rotation_r_reserve': -1.0 to 1.0.
[2026-02-25 13:14:59.528] [info] Bounds for 'knee_angle_r_reserve': -1.0 to 1.0.
[2026-02-25 13:14:59.528] [info] Bounds for 'ankle_angle_r_reserve': -1.0 to 1.0.
[2026-02-25 13:14:59.528] [info] Bounds for 'hip_flexion_l_reserve': -1.0 to 1.0.
[2026-02-25 13:14:59.528] [info] Bounds for 'hip_adduction_l_reserve': -1.0 to 1.0.
[2026-02-25 13:14:59.528] [info] Bounds for 'hip_rotation_l_reserve': -1.0 to 1.0.
[2026-02-25 13:14:59.528] [info] Bounds for 'knee_angle_l_reserve': -1.0 to 1.0.
[2026-02-25 13:14:59.528] [info] Bounds for 'ankle_angle_l_reserve': -1.0 to 1.0.
[2026-02-25 13:14:59.755] [cout] [info] time = 0.01 Performance = 37.3945 Constraint violation = 7.72501e-12
[2026-02-25 13:14:59.983] [cout] [info] time = 0.015 Performance = 38.6254 Constraint violation = 1.93626e-11
[2026-02-25 13:15:00.210] [cout] [info] time = 0.02 Performance = 39.8187 Constraint violation = 4.68251e-11
[2026-02-25 13:15:00.437] [cout] [info] time = 0.025 Performance = 40.9199 Constraint violation = 3.67735e-11
[2026-02-25 13:15:00.664] [cout] [info] time = 0.03 Performance = 41.8758 Constraint violation = 9.15172e-12
[2026-02-25 13:15:00.892] [cout] [info] time = 0.035 Performance = 42.6392 Constraint violation = 3.27691e-11
[2026-02-25 13:15:01.119] [cout] [info] time = 0.04 Performance = 43.1725 Constraint violation = 8.00597e-12
[2026-02-25 13:15:01.346] [cout] [info] time = 0.045 Performance = 43.4503 Constraint violation = 7.05575e-12
[2026-02-25 13:15:01.572] [cout] [info] time = 0.05 Performance = 43.4591 Constraint violation = 3.40409e-11
[2026-02-25 13:15:01.800] [cout] [info] time = 0.055 Performance = 43.2021 Constraint violation = 2.71244e-11
[2026-02-25 13:15:02.027] [cout] [info] time = 0.06 Performance = 42.6942 Constraint violation = 2.79783e-12
[2026-02-25 13:15:02.255] [cout] [info] time = 0.065 Performance = 41.962 Constraint violation = 4.62335e-12
[2026-02-25 13:15:02.483] [cout] [info] time = 0.07 Performance = 41.0376 Constraint violation = 7.59993e-11
[2026-02-25 13:15:02.712] [cout] [info] time = 0.075 Performance = 39.9593 Constraint violation = 3.13098e-12
[2026-02-25 13:15:02.941] [cout] [info] time = 0.08 Performance = 38.7731 Constraint violation = 3.88923e-12
[2026-02-25 13:15:03.169] [cout] [info] time = 0.085 Performance = 37.5155 Constraint violation = 2.86876e-11
[2026-02-25 13:15:03.396] [cout] [info] time = 0.09 Performance = 36.2275 Constraint violation = 2.8473e-11
[2026-02-25 13:15:03.625] [cout] [info] time = 0.095 Performance = 34.9457 Constraint violation = 2.43372e-11
[2026-02-25 13:15:03.853] [cout] [info] time = 0.1 Performance = 33.7026 Constraint violation = 1.60813e-11
[2026-02-25 13:15:04.082] [cout] [info] time = 0.105000 Performance = 32.5267 Constraint violation = 2.00768e-11
[2026-02-25 13:15:04.310] [cout] [info] time = 0.11 Performance = 31.4417 Constraint violation = 3.13768e-11
[2026-02-25 13:15:04.540] [cout] [info] time = 0.115 Performance = 30.4655 Constraint violation = 6.28658e-11
[2026-02-25 13:15:04.768] [cout] [info] time = 0.12 Performance = 29.6097 Constraint violation = 6.48098e-12
[2026-02-25 13:15:04.997] [cout] [info] time = 0.125 Performance = 28.88 Constraint violation = 4.58019e-11
[2026-02-25 13:15:05.226] [cout] [info] time = 0.13 Performance = 28.2774 Constraint violation = 2.42944e-11
[2026-02-25 13:15:05.456] [cout] [info] time = 0.135 Performance = 27.7984 Constraint violation = 2.58343e-11
[2026-02-25 13:15:05.684] [cout] [info] time = 0.14 Performance = 27.4358 Constraint violation = 7.40491e-11
[2026-02-25 13:15:05.910] [cout] [info] time = 0.145 Performance = 27.1789 Constraint violation = 7.97319e-12
[2026-02-25 13:15:06.137] [cout] [info] time = 0.15 Performance = 27.0103 Constraint violation = 2.93985e-12
[2026-02-25 13:15:06.364] [cout] [info] time = 0.155 Performance = 26.9125 Constraint violation = 5.23153e-12
[2026-02-25 13:15:06.592] [cout] [info] time = 0.16 Performance = 26.8654 Constraint violation = 5.61253e-11
[2026-02-25 13:15:06.818] [cout] [info] time = 0.165 Performance = 26.8527 Constraint violation = 8.28995e-12
[2026-02-25 13:15:07.045] [cout] [info] time = 0.17 Performance = 26.8543 Constraint violation = 7.27765e-12
[2026-02-25 13:15:07.272] [cout] [info] time = 0.175 Performance = 26.855 Constraint violation = 1.98416e-11
[2026-02-25 13:15:07.500] [cout] [info] time = 0.18 Performance = 26.8424 Constraint violation = 3.67911e-12
[2026-02-25 13:15:07.728] [cout] [info] time = 0.185 Performance = 26.8042 Constraint violation = 9.87897e-12
[2026-02-25 13:15:07.955] [cout] [info] time = 0.19 Performance = 26.7319 Constraint violation = 2.25058e-12
[2026-02-25 13:15:08.188] [cout] [info] time = 0.195 Performance = 26.6194 Constraint violation = 2.24362e-11
[2026-02-25 13:15:08.416] [cout] [info] time = 0.2 Performance = 26.4624 Constraint violation = 3.09275e-12
[2026-02-25 13:15:08.643] [cout] [info] time = 0.205000 Performance = 26.2578 Constraint violation = 1.97747e-12
[2026-02-25 13:15:08.871] [cout] [info] time = 0.21 Performance = 26.0041 Constraint violation = 2.80086e-12
[2026-02-25 13:15:09.100] [cout] [info] time = 0.215 Performance = 25.7033 Constraint violation = 4.42335e-12
[2026-02-25 13:15:09.329] [cout] [info] time = 0.22 Performance = 25.3624 Constraint violation = 1.72467e-11
[2026-02-25 13:15:09.555] [cout] [info] time = 0.225 Performance = 24.9914 Constraint violation = 1.72789e-12
[2026-02-25 13:15:09.785] [cout] [info] time = 0.23 Performance = 24.6010 Constraint violation = 3.43114e-11
[2026-02-25 13:15:10.013] [cout] [info] time = 0.235 Performance = 24.2040 Constraint violation = 7.50522e-12
[2026-02-25 13:15:10.244] [cout] [info] time = 0.24 Performance = 23.8070 Constraint violation = 4.03080e-11
[2026-02-25 13:15:10.473] [cout] [info] time = 0.245 Performance = 23.4209 Constraint violation = 5.29187e-11
[2026-02-25 13:15:10.700] [cout] [info] time = 0.25 Performance = 23.0531 Constraint violation = 5.31775e-12
[2026-02-25 13:15:10.929] [cout] [info] time = 0.255 Performance = 22.7070 Constraint violation = 5.68582e-12
[2026-02-25 13:15:11.155] [cout] [info] time = 0.26 Performance = 22.3858 Constraint violation = 3.80801e-12
[2026-02-25 13:15:11.381] [cout] [info] time = 0.265 Performance = 22.0881 Constraint violation = 2.21891e-12
[2026-02-25 13:15:11.609] [cout] [info] time = 0.27 Performance = 21.8099 Constraint violation = 1.31296e-11
[2026-02-25 13:15:11.834] [cout] [info] time = 0.275 Performance = 21.5494 Constraint violation = 1.33786e-11
[2026-02-25 13:15:12.057] [cout] [info] time = 0.28 Performance = 21.3036 Constraint violation = 2.76458e-12
[2026-02-25 13:15:12.281] [cout] [info] time = 0.285 Performance = 21.0692 Constraint violation = 4.18846e-12
[2026-02-25 13:15:12.507] [cout] [info] time = 0.29 Performance = 20.8449 Constraint violation = 6.23028e-12
[2026-02-25 13:15:12.731] [cout] [info] time = 0.295 Performance = 20.6333 Constraint violation = 1.86496e-12
[2026-02-25 13:15:12.954] [cout] [info] time = 0.3 Performance = 20.4333 Constraint violation = 4.93919e-12
[2026-02-25 13:15:13.181] [cout] [info] time = 0.305000 Performance = 20.2471 Constraint violation = 2.30217e-12
[2026-02-25 13:15:13.404] [cout] [info] time = 0.31 Performance = 20.0773 Constraint violation = 2.97405e-12
[2026-02-25 13:15:13.629] [cout] [info] time = 0.315 Performance = 19.9193 Constraint violation = 6.66369e-12
[2026-02-25 13:15:13.851] [cout] [info] time = 0.32 Performance = 19.7662 Constraint violation = 5.01575e-12
[2026-02-25 13:15:14.074] [cout] [info] time = 0.325 Performance = 19.6062 Constraint violation = 1.76301e-12
[2026-02-25 13:15:14.299] [cout] [info] time = 0.33 Performance = 19.4221 Constraint violation = 2.91408e-11
[2026-02-25 13:15:14.522] [cout] [info] time = 0.335 Performance = 19.1955 Constraint violation = 5.51342e-12
[2026-02-25 13:15:14.745] [cout] [info] time = 0.34 Performance = 18.9040 Constraint violation = 3.10219e-12
[2026-02-25 13:15:14.966] [cout] [info] time = 0.345 Performance = 18.5308 Constraint violation = 3.57081e-12
[2026-02-25 13:15:15.187] [cout] [info] time = 0.35 Performance = 18.0657 Constraint violation = 6.15274e-12
[2026-02-25 13:15:15.408] [cout] [info] time = 0.355 Performance = 17.5040 Constraint violation = 3.53296e-12
[2026-02-25 13:15:15.632] [cout] [info] time = 0.36 Performance = 16.8487 Constraint violation = 8.41292e-12
[2026-02-25 13:15:15.855] [cout] [info] time = 0.365 Performance = 16.1204 Constraint violation = 6.61692e-12
[2026-02-25 13:15:16.077] [cout] [info] time = 0.37 Performance = 15.3406 Constraint violation = 4.1643e-12
[2026-02-25 13:15:16.299] [cout] [info] time = 0.375 Performance = 14.5414 Constraint violation = 8.29738e-12
[2026-02-25 13:15:16.519] [cout] [info] time = 0.38 Performance = 13.7545 Constraint violation = 4.36582e-11
[2026-02-25 13:15:16.740] [cout] [info] time = 0.385 Performance = 13.0090 Constraint violation = 1.12309e-11
[2026-02-25 13:15:16.962] [cout] [info] time = 0.39 Performance = 12.3291 Constraint violation = 1.07839e-11
[2026-02-25 13:15:17.178] [cout] [info] time = 0.395 Performance = 11.7326 Constraint violation = 2.61821e-12
[2026-02-25 13:15:17.396] [cout] [info] time = 0.4 Performance = 11.2314 Constraint violation = 1.59369e-12
[2026-02-25 13:15:17.617] [cout] [info] time = 0.405000 Performance = 10.8276 Constraint violation = 3.90543e-12
[2026-02-25 13:15:17.838] [cout] [info] time = 0.41 Performance = 10.526 Constraint violation = 6.28056e-12
[2026-02-25 13:15:18.059] [cout] [info] time = 0.415 Performance = 10.3266 Constraint violation = 6.81134e-12
[2026-02-25 13:15:18.274] [cout] [info] time = 0.42 Performance = 10.2306 Constraint violation = 1.77026e-12
[2026-02-25 13:15:18.489] [cout] [info] time = 0.425 Performance = 10.2488 Constraint violation = 6.7673e-12
[2026-02-25 13:15:18.706] [cout] [info] time = 0.43 Performance = 10.3951 Constraint violation = 2.69003e-12
[2026-02-25 13:15:18.922] [cout] [info] time = 0.435 Performance = 10.6928 Constraint violation = 4.26129e-12
[2026-02-25 13:15:19.140] [cout] [info] time = 0.44 Performance = 11.1691 Constraint violation = 5.35193e-12
[2026-02-25 13:15:19.355] [cout] [info] time = 0.445 Performance = 11.862 Constraint violation = 2.7767e-12
[2026-02-25 13:15:19.573] [cout] [info] time = 0.45 Performance = 12.8050 Constraint violation = 4.72009e-12
[2026-02-25 13:15:19.788] [cout] [info] time = 0.455 Performance = 14.0355 Constraint violation = 2.03228e-12
[2026-02-25 13:15:20.002] [cout] [info] time = 0.46 Performance = 15.5886 Constraint violation = 1.82259e-11
[2026-02-25 13:15:20.217] [cout] [info] time = 0.465 Performance = 17.4928 Constraint violation = 1.16187e-11
[2026-02-25 13:15:20.430] [cout] [info] time = 0.47 Performance = 19.7668 Constraint violation = 2.33963e-11
[2026-02-25 13:15:20.645] [cout] [info] time = 0.475 Performance = 22.4184 Constraint violation = 1.67855e-11
[2026-02-25 13:15:20.862] [cout] [info] time = 0.48 Performance = 25.447 Constraint violation = 5.93712e-11
[2026-02-25 13:15:21.076] [cout] [info] time = 0.485 Performance = 28.8415 Constraint violation = 8.12733e-12
[2026-02-25 13:15:21.292] [cout] [info] time = 0.49 Performance = 32.579 Constraint violation = 3.36695e-12
[2026-02-25 13:15:21.508] [cout] [info] time = 0.495 Performance = 36.6245 Constraint violation = 9.6496e-12
[2026-02-25 13:15:21.729] [cout] [info] time = 0.5 Performance = 40.9293 Constraint violation = 9.39619e-11
[2026-02-25 13:15:21.963] [cout] [info] time = 0.505000 Performance = 45.4365 Constraint violation = 1.41732e-10
[2026-02-25 13:15:22.195] [cout] [info] time = 0.51 Performance = 50.0857 Constraint violation = 1.3281e-10
[2026-02-25 13:15:22.432] [cout] [info] time = 0.515 Performance = 54.8103 Constraint violation = 1.36283e-10
[2026-02-25 13:15:22.655] [cout] [info] time = 0.52 Performance = 59.5371 Constraint violation = 2.09375e-10
[2026-02-25 13:15:22.864] [cout] [info] time = 0.525 Performance = 64.1883 Constraint violation = 7.27757e-11
[2026-02-25 13:15:23.076] [cout] [info] time = 0.53 Performance = 68.683 Constraint violation = 3.35897e-10
[2026-02-25 13:15:23.287] [cout] [info] time = 0.535 Performance = 72.9438 Constraint violation = 3.50042e-10
[2026-02-25 13:15:23.496] [cout] [info] time = 0.54 Performance = 76.9051 Constraint violation = 3.10711e-11
[2026-02-25 13:15:23.708] [cout] [info] time = 0.545 Performance = 80.518 Constraint violation = 1.62644e-10
[2026-02-25 13:15:23.919] [cout] [info] time = 0.55 Performance = 83.7492 Constraint violation = 2.31337e-10
[2026-02-25 13:15:24.129] [cout] [info] time = 0.555 Performance = 86.5769 Constraint violation = 4.0352e-11
[2026-02-25 13:15:24.339] [cout] [info] time = 0.56 Performance = 88.9836 Constraint violation = 1.12542e-10
[2026-02-25 13:15:24.548] [cout] [info] time = 0.565 Performance = 90.9493 Constraint violation = 1.77388e-10
[2026-02-25 13:15:24.758] [cout] [info] time = 0.57 Performance = 92.4497 Constraint violation = 5.75186e-11
[2026-02-25 13:15:24.971] [cout] [info] time = 0.575 Performance = 93.4634 Constraint violation = 1.05694e-10
[2026-02-25 13:15:25.180] [cout] [info] time = 0.58 Performance = 93.9768 Constraint violation = 5.37396e-11
[2026-02-25 13:15:25.389] [cout] [info] time = 0.585 Performance = 93.9861 Constraint violation = 2.63010e-11
[2026-02-25 13:15:25.599] [cout] [info] time = 0.59 Performance = 93.4874 Constraint violation = 1.95601e-11
[2026-02-25 13:15:25.808] [cout] [info] time = 0.595 Performance = 92.4842 Constraint violation = 4.25875e-11
[2026-02-25 13:15:26.020] [cout] [info] time = 0.6 Performance = 90.9952 Constraint violation = 8.18156e-11
[2026-02-25 13:15:26.232] [cout] [info] time = 0.605000 Performance = 89.0562 Constraint violation = 1.03186e-10
[2026-02-25 13:15:26.445] [cout] [info] time = 0.61 Performance = 86.7195 Constraint violation = 2.90320e-10
[2026-02-25 13:15:26.664] [cout] [info] time = 0.615 Performance = 84.0521 Constraint violation = 5.99273e-11
[2026-02-25 13:15:26.876] [cout] [info] time = 0.62 Performance = 81.127 Constraint violation = 5.32359e-11
[2026-02-25 13:15:27.087] [cout] [info] time = 0.625 Performance = 78.013 Constraint violation = 2.65323e-11
[2026-02-25 13:15:27.299] [cout] [info] time = 0.63 Performance = 74.7699 Constraint violation = 9.98418e-12
[2026-02-25 13:15:27.510] [cout] [info] time = 0.635 Performance = 71.4492 Constraint violation = 4.63817e-11
[2026-02-25 13:15:27.722] [cout] [info] time = 0.64 Performance = 68.1011 Constraint violation = 7.86321e-11
[2026-02-25 13:15:27.933] [cout] [info] time = 0.645 Performance = 64.7801 Constraint violation = 5.70591e-11
[2026-02-25 13:15:28.147] [cout] [info] time = 0.65 Performance = 61.5414 Constraint violation = 1.93434e-11
[2026-02-25 13:15:28.359] [cout] [info] time = 0.655 Performance = 58.4353 Constraint violation = 5.61728e-11
[2026-02-25 13:15:28.573] [cout] [info] time = 0.66 Performance = 55.5076 Constraint violation = 1.43166e-10
[2026-02-25 13:15:28.782] [cout] [info] time = 0.665 Performance = 52.8023 Constraint violation = 4.7945e-11
[2026-02-25 13:15:28.995] [cout] [info] time = 0.67 Performance = 50.3574 Constraint violation = 3.66502e-10
[2026-02-25 13:15:29.208] [cout] [info] time = 0.675 Performance = 48.2013 Constraint violation = 6.00430e-12
[2026-02-25 13:15:29.420] [cout] [info] time = 0.68 Performance = 46.3474 Constraint violation = 2.23862e-11
[2026-02-25 13:15:29.631] [cout] [info] time = 0.685 Performance = 44.8002 Constraint violation = 1.02139e-11
[2026-02-25 13:15:29.842] [cout] [info] time = 0.69 Performance = 43.5598 Constraint violation = 2.40658e-11
[2026-02-25 13:15:30.050] [cout] [info] time = 0.695 Performance = 42.6242 Constraint violation = 1.84864e-11
[2026-02-25 13:15:30.258] [cout] [info] time = 0.7 Performance = 41.9895 Constraint violation = 1.61515e-11
[2026-02-25 13:15:30.465] [cout] [info] time = 0.705000 Performance = 41.6523 Constraint violation = 4.58504e-11
[2026-02-25 13:15:30.672] [cout] [info] time = 0.71 Performance = 41.6126 Constraint violation = 6.71378e-12
[2026-02-25 13:15:30.891] [cout] [info] time = 0.715 Performance = 41.874 Constraint violation = 1.88904e-12
[2026-02-25 13:15:31.100] [cout] [info] time = 0.72 Performance = 42.4408 Constraint violation = 3.99126e-12
[2026-02-25 13:15:31.310] [cout] [info] time = 0.725 Performance = 43.3117 Constraint violation = 1.02937e-11
[2026-02-25 13:15:31.520] [cout] [info] time = 0.73 Performance = 44.4807 Constraint violation = 1.29167e-11
[2026-02-25 13:15:31.727] [cout] [info] time = 0.735 Performance = 45.9396 Constraint violation = 1.13471e-11
[2026-02-25 13:15:31.936] [cout] [info] time = 0.74 Performance = 47.6755 Constraint violation = 4.44725e-11
[2026-02-25 13:15:32.144] [cout] [info] time = 0.745 Performance = 49.6816 Constraint violation = 9.41224e-12
[2026-02-25 13:15:32.352] [cout] [info] time = 0.75 Performance = 51.9468 Constraint violation = 2.58281e-11
[2026-02-25 13:15:32.557] [cout] [info] time = 0.755 Performance = 54.4575 Constraint violation = 3.23863e-11
[2026-02-25 13:15:32.764] [cout] [info] time = 0.76 Performance = 57.191 Constraint violation = 1.40325e-11
[2026-02-25 13:15:32.972] [cout] [info] time = 0.765 Performance = 60.115 Constraint violation = 1.22234e-11
[2026-02-25 13:15:33.180] [cout] [info] time = 0.77 Performance = 63.1914 Constraint violation = 7.75003e-12
[2026-02-25 13:15:33.387] [cout] [info] time = 0.775 Performance = 66.3792 Constraint violation = 1.27323e-11
[2026-02-25 13:15:33.594] [cout] [info] time = 0.78 Performance = 69.6352 Constraint violation = 2.66142e-11
[2026-02-25 13:15:33.809] [cout] [info] time = 0.785 Performance = 72.9138 Constraint violation = 2.70753e-11
[2026-02-25 13:15:34.026] [cout] [info] time = 0.79 Performance = 76.1661 Constraint violation = 7.34097e-11
[2026-02-25 13:15:34.243] [cout] [info] time = 0.795 Performance = 79.341 Constraint violation = 2.10728e-11
[2026-02-25 13:15:34.458] [cout] [info] time = 0.8 Performance = 82.3902 Constraint violation = 3.54399e-11
[2026-02-25 13:15:34.672] [cout] [info] time = 0.805000 Performance = 85.2768 Constraint violation = 2.14409e-11
[2026-02-25 13:15:34.885] [cout] [info] time = 0.81 Performance = 87.9774 Constraint violation = 3.64097e-11
[2026-02-25 13:15:35.101] [cout] [info] time = 0.815 Performance = 90.4811 Constraint violation = 9.93359e-12
[2026-02-25 13:15:35.322] [cout] [info] time = 0.82 Performance = 92.7867 Constraint violation = 1.07408e-09
[2026-02-25 13:15:35.537] [cout] [info] time = 0.825 Performance = 94.8955 Constraint violation = 1.55214e-10
[2026-02-25 13:15:35.752] [cout] [info] time = 0.83 Performance = 96.8115 Constraint violation = 4.94434e-10
[2026-02-25 13:15:35.966] [cout] [info] time = 0.835 Performance = 98.548 Constraint violation = 5.89319e-11
[2026-02-25 13:15:36.179] [cout] [info] time = 0.84 Performance = 100.129 Constraint violation = 8.70832e-12
[2026-02-25 13:15:36.395] [cout] [info] time = 0.845 Performance = 101.584 Constraint violation = 3.23872e-11
[2026-02-25 13:15:36.613] [cout] [info] time = 0.85 Performance = 102.944 Constraint violation = 5.21915e-11
[2026-02-25 13:15:36.830] [cout] [info] time = 0.855 Performance = 104.24 Constraint violation = 2.35859e-11
[2026-02-25 13:15:37.044] [cout] [info] time = 0.86 Performance = 105.505 Constraint violation = 1.2646e-11
[2026-02-25 13:15:37.261] [cout] [info] time = 0.865 Performance = 106.779 Constraint violation = 7.05858e-11
[2026-02-25 13:15:37.478] [cout] [info] time = 0.87 Performance = 108.097 Constraint violation = 3.56618e-11
[2026-02-25 13:15:37.695] [cout] [info] time = 0.875 Performance = 109.498 Constraint violation = 5.54282e-12
[2026-02-25 13:15:37.914] [cout] [info] time = 0.88 Performance = 111.016 Constraint violation = 2.02213e-10
[2026-02-25 13:15:38.131] [cout] [info] time = 0.885 Performance = 112.671 Constraint violation = 2.23594e-10
[2026-02-25 13:15:38.349] [cout] [info] time = 0.89 Performance = 114.472 Constraint violation = 9.00625e-11
[2026-02-25 13:15:38.568] [cout] [info] time = 0.895 Performance = 116.41 Constraint violation = 1.11097e-11
[2026-02-25 13:15:38.784] [cout] [info] time = 0.9 Performance = 118.471 Constraint violation = 2.86823e-11
[2026-02-25 13:15:39.000] [cout] [info] time = 0.905000 Performance = 120.634 Constraint violation = 2.29861e-11
[2026-02-25 13:15:39.217] [cout] [info] time = 0.91 Performance = 122.878 Constraint violation = 9.97357e-11
[2026-02-25 13:15:39.440] [cout] [info] time = 0.915 Performance = 125.186 Constraint violation = 3.65269e-10
[2026-02-25 13:15:39.658] [cout] [info] time = 0.92 Performance = 127.545 Constraint violation = 1.03017e-10
[2026-02-25 13:15:39.879] [cout] [info] time = 0.925 Performance = 129.937 Constraint violation = 7.23841e-11
[2026-02-25 13:15:40.100] [cout] [info] time = 0.93 Performance = 132.345 Constraint violation = 1.38169e-10
[2026-02-25 13:15:40.320] [cout] [info] time = 0.935 Performance = 134.747 Constraint violation = 4.55567e-11
[2026-02-25 13:15:40.540] [cout] [info] time = 0.94 Performance = 137.121 Constraint violation = 1.01333e-10
[2026-02-25 13:15:40.759] [cout] [info] time = 0.945 Performance = 139.443 Constraint violation = 4.63943e-10
[2026-02-25 13:15:40.977] [cout] [info] time = 0.95 Performance = 141.687 Constraint violation = 2.23376e-10
[2026-02-25 13:15:41.195] [cout] [info] time = 0.955 Performance = 143.825 Constraint violation = 1.1712e-11
[2026-02-25 13:15:41.413] [cout] [info] time = 0.96 Performance = 145.821 Constraint violation = 8.88765e-11
[2026-02-25 13:15:41.630] [cout] [info] time = 0.965 Performance = 147.639 Constraint violation = 1.28479e-10
[2026-02-25 13:15:41.849] [cout] [info] time = 0.97 Performance = 149.248 Constraint violation = 8.10078e-10
[2026-02-25 13:15:42.067] [cout] [info] time = 0.975 Performance = 150.642 Constraint violation = 5.6555e-11
[2026-02-25 13:15:42.287] [cout] [info] time = 0.98 Performance = 151.832 Constraint violation = 1.44991e-11
[2026-02-25 13:15:42.507] [cout] [info] time = 0.985 Performance = 152.845 Constraint violation = 1.33546e-10
[2026-02-25 13:15:42.725] [cout] [info] time = 0.99 Performance = 153.706 Constraint violation = 1.03035e-10
[2026-02-25 13:15:42.942] [cout] [info] time = 0.995 Performance = 154.439 Constraint violation = 6.90440e-11
[2026-02-25 13:15:43.159] [cout] [info] time = 1.0 Performance = 155.063 Constraint violation = 9.08711e-12
[2026-02-25 13:15:43.377] [cout] [info] time = 1.00500 Performance = 155.592 Constraint violation = 6.86663e-12
[2026-02-25 13:15:43.595] [cout] [info] time = 1.01 Performance = 156.027 Constraint violation = 8.87105e-11
[2026-02-25 13:15:43.812] [cout] [info] time = 1.015 Performance = 156.355 Constraint violation = 1.29337e-10
[2026-02-25 13:15:44.051] [cout] [info] time = 1.02 Performance = 156.552 Constraint violation = 7.54117e-11
[2026-02-25 13:15:44.272] [cout] [info] time = 1.025 Performance = 156.579 Constraint violation = 1.71757e-11
[2026-02-25 13:15:44.492] [cout] [info] time = 1.03 Performance = 156.389 Constraint violation = 2.61978e-11
[2026-02-25 13:15:44.711] [cout] [info] time = 1.035 Performance = 155.934 Constraint violation = 6.07116e-12
[2026-02-25 13:15:44.931] [cout] [info] time = 1.04 Performance = 155.172 Constraint violation = 4.36657e-11
[2026-02-25 13:15:45.152] [cout] [info] time = 1.045 Performance = 154.085 Constraint violation = 6.49732e-11
[2026-02-25 13:15:45.374] [cout] [info] time = 1.05 Performance = 152.679 Constraint violation = 9.18618e-11
[2026-02-25 13:15:45.593] [cout] [info] time = 1.055 Performance = 150.998 Constraint violation = 3.70611e-11
[2026-02-25 13:15:45.815] [cout] [info] time = 1.06 Performance = 149.106 Constraint violation = 1.61245e-10
[2026-02-25 13:15:46.036] [cout] [info] time = 1.065 Performance = 147.077 Constraint violation = 5.55323e-11
[2026-02-25 13:15:46.257] [cout] [info] time = 1.07 Performance = 144.986 Constraint violation = 4.29667e-12
[2026-02-25 13:15:46.472] [cout] [info] time = 1.075 Performance = 142.899 Constraint violation = 3.54759e-11
[2026-02-25 13:15:46.686] [cout] [info] time = 1.08 Performance = 140.879 Constraint violation = 4.26168e-11
[2026-02-25 13:15:46.901] [cout] [info] time = 1.085 Performance = 138.987 Constraint violation = 1.37728e-10
[2026-02-25 13:15:47.117] [cout] [info] time = 1.09 Performance = 137.274 Constraint violation = 3.60695e-11
[2026-02-25 13:15:47.333] [cout] [info] time = 1.095 Performance = 135.784 Constraint violation = 4.45729e-11
[2026-02-25 13:15:47.547] [cout] [info] time = 1.1 Performance = 134.544 Constraint violation = 1.25967e-11
[2026-02-25 13:15:47.761] [cout] [info] time = 1.10500 Performance = 133.563 Constraint violation = 2.22195e-11
[2026-02-25 13:15:47.975] [cout] [info] time = 1.11 Performance = 132.832 Constraint violation = 2.24938e-11
[2026-02-25 13:15:48.189] [cout] [info] time = 1.115 Performance = 132.324 Constraint violation = 7.51074e-12
[2026-02-25 13:15:48.402] [cout] [info] time = 1.12 Performance = 132.009 Constraint violation = 3.85383e-12
[2026-02-25 13:15:48.617] [cout] [info] time = 1.125 Performance = 131.862 Constraint violation = 4.46106e-12
[2026-02-25 13:15:48.828] [cout] [info] time = 1.13 Performance = 131.859 Constraint violation = 2.10985e-11
[2026-02-25 13:15:49.046] [cout] [info] time = 1.135 Performance = 131.975 Constraint violation = 3.08321e-10
[2026-02-25 13:15:49.263] [cout] [info] time = 1.14 Performance = 132.18 Constraint violation = 8.4975e-11
[2026-02-25 13:15:49.480] [cout] [info] time = 1.145 Performance = 132.444 Constraint violation = 3.94044e-12
[2026-02-25 13:15:49.698] [cout] [info] time = 1.15 Performance = 132.744 Constraint violation = 2.89335e-11
[2026-02-25 13:15:49.919] [cout] [info] time = 1.155 Performance = 133.064 Constraint violation = 9.07563e-11
[2026-02-25 13:15:50.139] [cout] [info] time = 1.16 Performance = 133.4 Constraint violation = 5.23478e-11
[2026-02-25 13:15:50.359] [cout] [info] time = 1.165 Performance = 133.76 Constraint violation = 1.71063e-10
[2026-02-25 13:15:50.576] [cout] [info] time = 1.17 Performance = 134.151 Constraint violation = 1.36231e-11
[2026-02-25 13:15:50.794] [cout] [info] time = 1.175 Performance = 134.577 Constraint violation = 5.65767e-11
[2026-02-25 13:15:51.011] [cout] [info] time = 1.18 Performance = 135.034 Constraint violation = 4.48265e-12
[2026-02-25 13:15:51.228] [cout] [info] time = 1.185 Performance = 135.516 Constraint violation = 2.32575e-11
[2026-02-25 13:15:51.445] [cout] [info] time = 1.19 Performance = 136.006 Constraint violation = 3.39889e-12
[2026-02-25 13:15:51.672] [cout] [info] time = 1.195 Performance = 136.486 Constraint violation = 1.6244e-11
[2026-02-25 13:15:51.889] [cout] [info] time = 1.2 Performance = 136.936 Constraint violation = 2.27301e-11
[2026-02-25 13:15:52.107] [cout] [info] time = 1.20500 Performance = 137.348 Constraint violation = 2.25905e-11
[2026-02-25 13:15:52.326] [cout] [info] time = 1.21 Performance = 137.728 Constraint violation = 6.10721e-11
[2026-02-25 13:15:52.545] [cout] [info] time = 1.215 Performance = 138.086 Constraint violation = 1.51785e-11
[2026-02-25 13:15:52.766] [cout] [info] time = 1.22 Performance = 138.443 Constraint violation = 3.08991e-11
[2026-02-25 13:15:52.987] [cout] [info] time = 1.225 Performance = 138.836 Constraint violation = 6.44317e-11
[2026-02-25 13:15:53.208] [cout] [info] time = 1.23 Performance = 139.319 Constraint violation = 9.46977e-12
[2026-02-25 13:15:53.429] [cout] [info] time = 1.235 Performance = 139.945 Constraint violation = 1.67908e-10
[2026-02-25 13:15:53.653] [cout] [info] time = 1.24 Performance = 140.758 Constraint violation = 1.08983e-10
[2026-02-25 13:15:53.878] [cout] [info] time = 1.245 Performance = 141.788 Constraint violation = 1.68377e-10
[2026-02-25 13:15:54.105] [cout] [info] time = 1.25 Performance = 143.059 Constraint violation = 2.90185e-11
[2026-02-25 13:15:54.332] [cout] [info] time = 1.255 Performance = 144.596 Constraint violation = 1.16128e-10
[2026-02-25 13:15:54.556] [cout] [info] time = 1.26 Performance = 146.417 Constraint violation = 1.69379e-11
[2026-02-25 13:15:54.783] [cout] [info] time = 1.265 Performance = 148.536 Constraint violation = 5.59697e-11
[2026-02-25 13:15:55.010] [cout] [info] time = 1.27 Performance = 150.963 Constraint violation = 3.49195e-12
[2026-02-25 13:15:55.237] [cout] [info] time = 1.275 Performance = 153.703 Constraint violation = 1.27177e-10
[2026-02-25 13:15:55.463] [cout] [info] time = 1.28 Performance = 156.751 Constraint violation = 1.02351e-11
[2026-02-25 13:15:55.690] [cout] [info] time = 1.285 Performance = 160.093 Constraint violation = 6.8764e-12
[2026-02-25 13:15:55.918] [cout] [info] time = 1.29 Performance = 163.7 Constraint violation = 3.17090e-11
[2026-02-25 13:15:56.146] [cout] [info] time = 1.295 Performance = 167.534 Constraint violation = 5.02128e-11
[2026-02-25 13:15:56.375] [cout] [info] time = 1.3 Performance = 171.536 Constraint violation = 1.1639e-10
[2026-02-25 13:15:56.605] [cout] [info] time = 1.30500 Performance = 175.644 Constraint violation = 1.82577e-11
[2026-02-25 13:15:56.837] [cout] [info] time = 1.31 Performance = 179.787 Constraint violation = 1.90523e-11
[2026-02-25 13:15:57.066] [cout] [info] time = 1.315 Performance = 183.905 Constraint violation = 4.11487e-11
[2026-02-25 13:15:57.297] [cout] [info] time = 1.32 Performance = 187.951 Constraint violation = 8.57188e-11
[2026-02-25 13:15:57.533] [cout] [info] time = 1.325 Performance = 191.885 Constraint violation = 1.0633e-11
[2026-02-25 13:15:57.763] [cout] [info] time = 1.33 Performance = 195.673 Constraint violation = 2.07575e-11
[2026-02-25 13:15:57.992] [cout] [info] time = 1.335 Performance = 199.284 Constraint violation = 6.50289e-12
[2026-02-25 13:15:58.224] [cout] [info] time = 1.34 Performance = 202.694 Constraint violation = 1.28406e-11
[2026-02-25 13:15:58.457] [cout] [info] time = 1.345 Performance = 205.883 Constraint violation = 2.80482e-10
[2026-02-25 13:15:58.689] [cout] [info] time = 1.35 Performance = 208.84 Constraint violation = 1.05115e-12
[2026-02-25 13:15:58.920] [cout] [info] time = 1.355 Performance = 211.562 Constraint violation = 1.02403e-10
[2026-02-25 13:15:59.151] [cout] [info] time = 1.36 Performance = 214.048 Constraint violation = 7.17532e-12
[2026-02-25 13:15:59.385] [cout] [info] time = 1.365 Performance = 216.309 Constraint violation = 6.90541e-11
[2026-02-25 13:15:59.618] [cout] [info] time = 1.37 Performance = 218.369 Constraint violation = 1.38249e-10
[2026-02-25 13:15:59.851] [cout] [info] time = 1.375 Performance = 220.262 Constraint violation = 3.28506e-11
[2026-02-25 13:16:00.083] [cout] [info] time = 1.38 Performance = 222.031 Constraint violation = 2.32945e-10
[2026-02-25 13:16:00.314] [cout] [info] time = 1.385 Performance = 223.719 Constraint violation = 1.596e-10
[2026-02-25 13:16:00.548] [cout] [info] time = 1.39 Performance = 225.372 Constraint violation = 1.64203e-10
[2026-02-25 13:16:00.780] [cout] [info] time = 1.395 Performance = 227.027 Constraint violation = 1.34846e-10
[2026-02-25 13:16:01.015] [cout] [info] time = 1.4 Performance = 228.717 Constraint violation = 1.04735e-10
[2026-02-25 13:16:01.287] [cout] [info] time = 1.40500 Performance = 230.466 Constraint violation = 1.53755e-10
[2026-02-25 13:16:01.525] [cout] [info] time = 1.41 Performance = 232.292 Constraint violation = 1.43344e-11
[2026-02-25 13:16:01.761] [cout] [info] time = 1.415 Performance = 234.208 Constraint violation = 1.95832e-11
[2026-02-25 13:16:01.996] [cout] [info] time = 1.42 Performance = 236.228 Constraint violation = 4.03567e-11
[2026-02-25 13:16:02.233] [cout] [info] time = 1.425 Performance = 238.373 Constraint violation = 7.42783e-11
[2026-02-25 13:16:02.474] [cout] [info] time = 1.43 Performance = 240.658 Constraint violation = 9.00435e-12
[2026-02-25 13:16:02.714] [cout] [info] time = 1.435 Performance = 243.106 Constraint violation = 7.39436e-11
[2026-02-25 13:16:02.956] [cout] [info] time = 1.44 Performance = 245.733 Constraint violation = 8.05055e-11
[2026-02-25 13:16:03.198] [cout] [info] time = 1.445 Performance = 248.543 Constraint violation = 9.67386e-11
[2026-02-25 13:16:03.439] [cout] [info] time = 1.45 Performance = 251.535 Constraint violation = 3.53133e-11
[2026-02-25 13:16:03.679] [cout] [info] time = 1.455 Performance = 254.696 Constraint violation = 8.64326e-11
[2026-02-25 13:16:03.932] [cout] [info] time = 1.46 Performance = 258.011 Constraint violation = 6.6518e-11
[2026-02-25 13:16:04.172] [cout] [info] time = 1.465 Performance = 261.469 Constraint violation = 4.34663e-12
[2026-02-25 13:16:04.413] [cout] [info] time = 1.47 Performance = 265.066 Constraint violation = 3.47169e-10
[2026-02-25 13:16:04.659] [cout] [info] time = 1.475 Performance = 268.796 Constraint violation = 2.78014e-10
[2026-02-25 13:16:04.900] [cout] [info] time = 1.48 Performance = 272.643 Constraint violation = 3.2823e-12
[2026-02-25 13:16:05.141] [cout] [info] time = 1.485 Performance = 276.583 Constraint violation = 3.13579e-11
[2026-02-25 13:16:05.379] [cout] [info] time = 1.49 Performance = 280.586 Constraint violation = 3.96131e-10
[2026-02-25 13:16:05.617] [cout] [info] time = 1.495 Performance = 284.624 Constraint violation = 1.63634e-10
[2026-02-25 13:16:05.855] [cout] [info] time = 1.5 Performance = 288.665 Constraint violation = 1.30062e-10
[2026-02-25 13:16:06.094] [cout] [info] time = 1.50500 Performance = 292.679 Constraint violation = 3.79534e-10
[2026-02-25 13:16:06.334] [cout] [info] time = 1.51 Performance = 296.638 Constraint violation = 1.38116e-10
[2026-02-25 13:16:06.571] [cout] [info] time = 1.515 Performance = 300.511 Constraint violation = 3.86077e-10
[2026-02-25 13:16:06.810] [cout] [info] time = 1.52 Performance = 304.274 Constraint violation = 2.76751e-11
[2026-02-25 13:16:07.050] [cout] [info] time = 1.525 Performance = 307.914 Constraint violation = 8.99007e-11
[2026-02-25 13:16:07.290] [cout] [info] time = 1.53 Performance = 311.422 Constraint violation = 2.07145e-10
[2026-02-25 13:16:07.529] [cout] [info] time = 1.535 Performance = 314.793 Constraint violation = 3.38105e-10
[2026-02-25 13:16:07.768] [cout] [info] time = 1.54 Performance = 318.02 Constraint violation = 3.14502e-10
[2026-02-25 13:16:08.006] [cout] [info] time = 1.545 Performance = 321.099 Constraint violation = 3.61156e-11
[2026-02-25 13:16:08.243] [cout] [info] time = 1.55 Performance = 324.023 Constraint violation = 1.64908e-10
[2026-02-25 13:16:08.479] [cout] [info] time = 1.555 Performance = 326.782 Constraint violation = 4.05852e-12
[2026-02-25 13:16:08.715] [cout] [info] time = 1.56 Performance = 329.359 Constraint violation = 1.11956e-10
[2026-02-25 13:16:08.955] [cout] [info] time = 1.565 Performance = 331.731 Constraint violation = 3.23697e-11
[2026-02-25 13:16:09.197] [cout] [info] time = 1.57 Performance = 333.87 Constraint violation = 2.68017e-11
[2026-02-25 13:16:09.440] [cout] [info] time = 1.575 Performance = 335.741 Constraint violation = 2.06121e-10
[2026-02-25 13:16:09.683] [cout] [info] time = 1.58 Performance = 337.316 Constraint violation = 1.00206e-09
[2026-02-25 13:16:09.925] [cout] [info] time = 1.585 Performance = 338.58 Constraint violation = 1.69020e-11
[2026-02-25 13:16:10.167] [cout] [info] time = 1.59 Performance = 339.533 Constraint violation = 3.35373e-10
[2026-02-25 13:16:10.407] [cout] [info] time = 1.595 Performance = 340.185 Constraint violation = 1.74646e-10
[2026-02-25 13:16:10.646] [cout] [info] time = 1.6 Performance = 340.545 Constraint violation = 5.56808e-11
[2026-02-25 13:16:10.885] [cout] [info] time = 1.60500 Performance = 340.627 Constraint violation = 3.64684e-11
[2026-02-25 13:16:11.123] [cout] [info] time = 1.61 Performance = 340.42 Constraint violation = 2.18121e-11
[2026-02-25 13:16:11.362] [cout] [info] time = 1.615 Performance = 339.927 Constraint violation = 1.20364e-10
[2026-02-25 13:16:11.600] [cout] [info] time = 1.62 Performance = 339.147 Constraint violation = 2.88677e-10
[2026-02-25 13:16:11.838] [cout] [info] time = 1.625 Performance = 338.07 Constraint violation = 1.54435e-10
[2026-02-25 13:16:12.075] [cout] [info] time = 1.63 Performance = 336.686 Constraint violation = 8.78183e-10
[2026-02-25 13:16:12.313] [cout] [info] time = 1.635 Performance = 334.985 Constraint violation = 2.77167e-10
[2026-02-25 13:16:12.548] [cout] [info] time = 1.64 Performance = 332.965 Constraint violation = 1.60243e-10
[2026-02-25 13:16:12.786] [cout] [info] time = 1.645 Performance = 330.632 Constraint violation = 5.12766e-10
[2026-02-25 13:16:13.021] [cout] [info] time = 1.65 Performance = 328.004 Constraint violation = 8.68054e-11
[2026-02-25 13:16:13.258] [cout] [info] time = 1.655 Performance = 325.116 Constraint violation = 4.48082e-11
[2026-02-25 13:16:13.487] [cout] [info] time = 1.66 Performance = 322.018 Constraint violation = 1.88463e-10
[2026-02-25 13:16:13.717] [cout] [info] time = 1.665 Performance = 318.775 Constraint violation = 4.81574e-10
[2026-02-25 13:16:13.944] [cout] [info] time = 1.67 Performance = 315.458 Constraint violation = 1.46311e-11
[2026-02-25 13:16:14.171] [cout] [info] time = 1.675 Performance = 312.147 Constraint violation = 9.37807e-11
[2026-02-25 13:16:14.397] [cout] [info] time = 1.68 Performance = 308.921 Constraint violation = 6.78906e-10
[2026-02-25 13:16:14.626] [cout] [info] time = 1.685 Performance = 305.856 Constraint violation = 1.3689e-10
[2026-02-25 13:16:14.850] [cout] [info] time = 1.69 Performance = 303.011 Constraint violation = 2.22902e-10
[2026-02-25 13:16:15.075] [cout] [info] time = 1.695 Performance = 300.423 Constraint violation = 4.60969e-11
[2026-02-25 13:16:15.334] [cout] [info] time = 1.7 Performance = 298.117 Constraint violation = 7.21847e-11
[2026-02-25 13:16:15.562] [cout] [info] time = 1.70500 Performance = 296.095 Constraint violation = 3.18592e-10
[2026-02-25 13:16:15.784] [cout] [info] time = 1.71 Performance = 294.335 Constraint violation = 1.27348e-10
[2026-02-25 13:16:16.003] [cout] [info] time = 1.715 Performance = 292.803 Constraint violation = 2.69564e-10
[2026-02-25 13:16:16.224] [cout] [info] time = 1.72 Performance = 291.447 Constraint violation = 4.68547e-10
[2026-02-25 13:16:16.446] [cout] [info] time = 1.725 Performance = 290.203 Constraint violation = 2.64089e-10
[2026-02-25 13:16:16.666] [cout] [info] time = 1.73 Performance = 289.007 Constraint violation = 9.26103e-10
[2026-02-25 13:16:16.884] [cout] [info] time = 1.735 Performance = 287.79 Constraint violation = 2.3987e-10
[2026-02-25 13:16:17.104] [cout] [info] time = 1.74 Performance = 286.468 Constraint violation = 8.85812e-10
[2026-02-25 13:16:17.336] [cout] [info] time = 1.745 Performance = 284.937 Constraint violation = 1.94988e-10
[2026-02-25 13:16:17.568] [cout] [info] time = 1.75 Performance = 283.068 Constraint violation = 9.65363e-10
[2026-02-25 13:16:17.885] [cout] [info] time = 1.755 Performance = 280.714 Constraint violation = 1.41272e-09
[2026-02-25 13:16:18.254] [cout] [info] time = 1.76 Performance = 277.712 Constraint violation = 3.11969e-10
[2026-02-25 13:16:18.610] [cout] [info] time = 1.765 Performance = 273.904 Constraint violation = 2.52825e-10
[2026-02-25 13:16:18.961] [cout] [info] time = 1.77 Performance = 269.159 Constraint violation = 1.26301e-11
[2026-02-25 13:16:19.297] [cout] [info] time = 1.775 Performance = 263.404 Constraint violation = 3.99534e-10
[2026-02-25 13:16:19.632] [cout] [info] time = 1.78 Performance = 256.631 Constraint violation = 5.09702e-10
[2026-02-25 13:16:19.976] [cout] [info] time = 1.785 Performance = 248.893 Constraint violation = 9.92377e-11
[2026-02-25 13:16:20.329] [cout] [info] time = 1.79 Performance = 240.288 Constraint violation = 3.97071e-10
[2026-02-25 13:16:20.673] [cout] [info] time = 1.795 Performance = 230.936 Constraint violation = 1.85778e-11
[2026-02-25 13:16:21.014] [cout] [info] time = 1.8 Performance = 220.968 Constraint violation = 1.4279e-10
[2026-02-25 13:16:21.349] [cout] [info] time = 1.80500 Performance = 210.533 Constraint violation = 3.79483e-11
[2026-02-25 13:16:21.687] [cout] [info] time = 1.81 Performance = 199.779 Constraint violation = 1.67619e-10
[2026-02-25 13:16:22.026] [cout] [info] time = 1.815 Performance = 188.856 Constraint violation = 4.32017e-12
[2026-02-25 13:16:22.352] [cout] [info] time = 1.82 Performance = 177.919 Constraint violation = 7.11342e-11
[2026-02-25 13:16:22.692] [cout] [info] time = 1.825 Performance = 167.116 Constraint violation = 1.42681e-10
[2026-02-25 13:16:23.038] [cout] [info] time = 1.83 Performance = 156.584 Constraint violation = 6.09030e-11
[2026-02-25 13:16:23.380] [cout] [info] time = 1.835 Performance = 146.431 Constraint violation = 3.8723e-11
[2026-02-25 13:16:23.714] [cout] [info] time = 1.84 Performance = 136.74 Constraint violation = 9.47090e-12
[2026-02-25 13:16:24.054] [cout] [info] time = 1.845 Performance = 127.6 Constraint violation = 6.46711e-12
[2026-02-25 13:16:24.398] [cout] [info] time = 1.85 Performance = 119.07 Constraint violation = 1.21863e-10
[2026-02-25 13:16:24.727] [cout] [info] time = 1.855 Performance = 111.192 Constraint violation = 6.03427e-11
[2026-02-25 13:16:25.078] [cout] [info] time = 1.86 Performance = 103.979 Constraint violation = 6.2667e-11
[2026-02-25 13:16:25.425] [cout] [info] time = 1.865 Performance = 97.4302 Constraint violation = 5.85027e-12
[2026-02-25 13:16:25.766] [cout] [info] time = 1.87 Performance = 91.5333 Constraint violation = 1.19565e-12
[2026-02-25 13:16:26.094] [cout] [info] time = 1.875 Performance = 86.2685 Constraint violation = 7.39266e-11
[2026-02-25 13:16:26.435] [cout] [info] time = 1.88 Performance = 81.6215 Constraint violation = 5.56314e-11
[2026-02-25 13:16:26.774] [cout] [info] time = 1.885 Performance = 77.5884 Constraint violation = 1.25418e-11
[2026-02-25 13:16:27.115] [cout] [info] time = 1.89 Performance = 74.1612 Constraint violation = 5.97721e-11
[2026-02-25 13:16:27.449] [cout] [info] time = 1.895 Performance = 71.3030 Constraint violation = 2.32789e-12
[2026-02-25 13:16:27.790] [cout] [info] time = 1.9 Performance = 68.9414 Constraint violation = 1.37798e-10
[2026-02-25 13:16:28.129] [cout] [info] time = 1.90500 Performance = 66.9923 Constraint violation = 1.96404e-12
[2026-02-25 13:16:28.477] [cout] [info] time = 1.91 Performance = 65.3868 Constraint violation = 8.54828e-12
[2026-02-25 13:16:28.805] [cout] [info] time = 1.915 Performance = 64.08 Constraint violation = 2.14167e-11
[2026-02-25 13:16:29.138] [cout] [info] time = 1.92 Performance = 63.0349 Constraint violation = 4.45836e-11
[2026-02-25 13:16:29.480] [cout] [info] time = 1.925 Performance = 62.2068 Constraint violation = 5.98875e-11
[2026-02-25 13:16:29.803] [cout] [info] time = 1.93 Performance = 61.5256 Constraint violation = 1.79835e-11
[2026-02-25 13:16:30.130] [cout] [info] time = 1.935 Performance = 60.9012 Constraint violation = 7.94551e-11
[2026-02-25 13:16:30.466] [cout] [info] time = 1.94 Performance = 60.2414 Constraint violation = 1.93492e-11
[2026-02-25 13:16:30.811] [cout] [info] time = 1.945 Performance = 59.4713 Constraint violation = 2.93175e-11
[2026-02-25 13:16:31.149] [cout] [info] time = 1.95 Performance = 58.5419 Constraint violation = 7.15927e-12
[2026-02-25 13:16:31.513] [cout] [info] time = 1.955 Performance = 57.4253 Constraint violation = 6.26779e-11
[2026-02-25 13:16:31.855] [cout] [info] time = 1.96 Performance = 56.1066 Constraint violation = 3.26101e-11
[2026-02-25 13:16:32.200] [cout] [info] time = 1.965 Performance = 54.5745 Constraint violation = 2.35824e-11
[2026-02-25 13:16:32.538] [cout] [info] time = 1.97 Performance = 52.8177 Constraint violation = 1.11798e-11
[2026-02-25 13:16:32.870] [cout] [info] time = 1.975 Performance = 50.831 Constraint violation = 2.96643e-11
[2026-02-25 13:16:33.216] [cout] [info] time = 1.98 Performance = 48.6233 Constraint violation = 3.566e-11
[2026-02-25 13:16:33.557] [cout] [info] time = 1.985 Performance = 46.2209 Constraint violation = 1.01746e-11
[2026-02-25 13:16:33.895] [cout] [info] time = 1.99 Performance = 43.6651 Constraint violation = 2.12422e-11
[2026-02-25 13:16:34.233] [cout] [info] time = 1.995 Performance = 41.0083 Constraint violation = 1.28945e-10
[2026-02-25 13:16:34.562] [cout] [info] time = 2.0 Performance = 38.3048 Constraint violation = 5.57238e-11
[2026-02-25 13:16:34.902] [cout] [info] time = 2.00500 Performance = 35.6034 Constraint violation = 4.52435e-11
[2026-02-25 13:16:35.240] [cout] [info] time = 2.01 Performance = 32.9452 Constraint violation = 1.49696e-11
[2026-02-25 13:16:35.600] [cout] [info] time = 2.015 Performance = 30.3662 Constraint violation = 1.55236e-11
[2026-02-25 13:16:35.975] [cout] [info] time = 2.02 Performance = 27.8976 Constraint violation = 2.09156e-11
[2026-02-25 13:16:36.329] [cout] [info] time = 2.025 Performance = 25.5647 Constraint violation = 3.11508e-12
[2026-02-25 13:16:36.673] [cout] [info] time = 2.03 Performance = 23.3862 Constraint violation = 4.88552e-11
[2026-02-25 13:16:37.010] [cout] [info] time = 2.035 Performance = 21.373 Constraint violation = 1.60796e-12
[2026-02-25 13:16:37.359] [cout] [info] time = 2.04 Performance = 19.5235 Constraint violation = 8.12934e-12
[2026-02-25 13:16:37.703] [cout] [info] time = 2.045 Performance = 17.8323 Constraint violation = 2.23385e-12
[2026-02-25 13:16:38.049] [cout] [info] time = 2.05 Performance = 16.2847 Constraint violation = 3.67484e-12
[2026-02-25 13:16:38.421] [cout] [info] time = 2.055 Performance = 14.862 Constraint violation = 1.1215e-11
[2026-02-25 13:16:38.766] [cout] [info] time = 2.06 Performance = 13.5441 Constraint violation = 2.65083e-12
[2026-02-25 13:16:39.110] [cout] [info] time = 2.065 Performance = 12.3089 Constraint violation = 7.99085e-13
[2026-02-25 13:16:39.460] [cout] [info] time = 2.07 Performance = 11.1394 Constraint violation = 1.32884e-12
[2026-02-25 13:16:39.818] [cout] [info] time = 2.075 Performance = 10.0179 Constraint violation = 3.96188e-11
[2026-02-25 13:16:40.184] [cout] [info] time = 2.08 Performance = 8.93982 Constraint violation = 6.25447e-12
[2026-02-25 13:16:40.536] [cout] [info] time = 2.085 Performance = 7.89882 Constraint violation = 3.59477e-12
[2026-02-25 13:16:40.911] [cout] [info] time = 2.09 Performance = 6.89403 Constraint violation = 9.0467e-12
[2026-02-25 13:16:41.281] [cout] [info] time = 2.095 Performance = 5.92871 Constraint violation = 2.38638e-10
[2026-02-25 13:16:41.632] [cout] [info] time = 2.1 Performance = 5.00981 Constraint violation = 6.15051e-12
[2026-02-25 13:16:41.988] [cout] [info] time = 2.10500 Performance = 4.14645 Constraint violation = 1.51287e-12
[2026-02-25 13:16:42.340] [cout] [info] time = 2.11 Performance = 3.34962 Constraint violation = 1.98257e-12
[2026-02-25 13:16:42.691] [cout] [info] time = 2.115 Performance = 2.63363 Constraint violation = 1.88915e-12
[2026-02-25 13:16:43.068] [cout] [info] time = 2.12 Performance = 2.00674 Constraint violation = 9.03313e-13
[2026-02-25 13:16:43.428] [cout] [info] time = 2.125 Performance = 1.47773 Constraint violation = 5.86768e-13
[2026-02-25 13:16:43.841] [cout] [info] time = 2.13 Performance = 1.05229 Constraint violation = 1.62399e-12
[2026-02-25 13:16:44.248] [cout] [info] time = 2.135 Performance = 0.730201 Constraint violation = 3.75526e-13
[2026-02-25 13:16:44.643] [cout] [info] time = 2.14 Performance = 0.507272 Constraint violation = 1.99232e-12
[2026-02-25 13:16:45.239] [cout] [info] time = 2.145 Performance = 0.374447 Constraint violation = 9.70811e-13
[2026-02-25 13:16:45.719] [cout] [info] time = 2.15 Performance = 0.318691 Constraint violation = 8.9156e-13
[2026-02-25 13:16:46.230] [cout] [info] time = 2.155 Performance = 0.323531 Constraint violation = 9.52262e-13
[2026-02-25 13:16:46.720] [cout] [info] time = 2.16 Performance = 0.370770 Constraint violation = 9.59061e-13
[2026-02-25 13:16:47.208] [cout] [info] time = 2.165 Performance = 0.441332 Constraint violation = 1.94022e-12
[2026-02-25 13:16:47.682] [cout] [info] time = 2.17 Performance = 0.517374 Constraint violation = 3.22126e-12
[2026-02-25 13:16:48.173] [cout] [info] time = 2.175 Performance = 0.588777 Constraint violation = 2.09187e-12
[2026-02-25 13:16:48.756] [cout] [info] time = 2.18 Performance = 0.648012 Constraint violation = 4.48985e-13
[2026-02-25 13:16:49.636] [cout] [info] time = 2.185 Performance = 0.698253 Constraint violation = 6.92525e-13
[2026-02-25 13:16:50.144] [cout] [info] time = 2.19 Performance = 0.75119 Constraint violation = 4.10273e-12
[2026-02-25 13:16:50.630] [cout] [info] time = 2.195 Performance = 0.832571 Constraint violation = 1.05063e-12
[2026-02-25 13:16:51.122] [cout] [info] time = 2.2 Performance = 0.977289 Constraint violation = 1.86595e-12
[2026-02-25 13:16:51.503] [cout] [info] time = 2.20500 Performance = 1.2326 Constraint violation = 1.67007e-12
[2026-02-25 13:16:51.884] [cout] [info] time = 2.21 Performance = 1.65526 Constraint violation = 1.68768e-12
[2026-02-25 13:16:52.285] [cout] [info] time = 2.215 Performance = 2.30415 Constraint violation = 1.42379e-12
[2026-02-25 13:16:52.690] [cout] [info] time = 2.22 Performance = 3.24679 Constraint violation = 2.28355e-12
[2026-02-25 13:16:53.069] [cout] [info] time = 2.225 Performance = 4.54088 Constraint violation = 2.11582e-12
[2026-02-25 13:16:53.470] [cout] [info] time = 2.23 Performance = 6.23773 Constraint violation = 3.06281e-12
[2026-02-25 13:16:53.865] [cout] [info] time = 2.235 Performance = 8.37813 Constraint violation = 1.94865e-12
[2026-02-25 13:16:54.269] [cout] [info] time = 2.24 Performance = 10.9833 Constraint violation = 2.39074e-12
[2026-02-25 13:16:54.688] [cout] [info] time = 2.245 Performance = 14.0543 Constraint violation = 1.39599e-11
[2026-02-25 13:16:55.087] [cout] [info] time = 2.25 Performance = 17.5695 Constraint violation = 2.29108e-12
[2026-02-25 13:16:55.482] [cout] [info] time = 2.255 Performance = 21.4823 Constraint violation = 1.7491e-11
[2026-02-25 13:16:55.882] [cout] [info] time = 2.26 Performance = 25.7254 Constraint violation = 4.64135e-12
[2026-02-25 13:16:56.271] [cout] [info] time = 2.265 Performance = 30.2083 Constraint violation = 9.90849e-11
[2026-02-25 13:16:56.689] [cout] [info] time = 2.27 Performance = 34.8244 Constraint violation = 8.53679e-12
[2026-02-25 13:16:57.067] [cout] [info] time = 2.275 Performance = 39.4537 Constraint violation = 1.52264e-11
[2026-02-25 13:16:57.493] [cout] [info] time = 2.28 Performance = 43.9742 Constraint violation = 2.37108e-11
[2026-02-25 13:16:57.875] [cout] [info] time = 2.285 Performance = 48.2679 Constraint violation = 3.84428e-11
[2026-02-25 13:16:58.296] [cout] [info] time = 2.29 Performance = 52.2256 Constraint violation = 3.36368e-11
[2026-02-25 13:16:58.807] [cout] [info] time = 2.295 Performance = 55.7502 Constraint violation = 9.71856e-12
[2026-02-25 13:16:59.244] [cout] [info] time = 2.3 Performance = 58.7624 Constraint violation = 4.95334e-11
[2026-02-25 13:16:59.638] [cout] [info] time = 2.30500 Performance = 61.2006 Constraint violation = 4.56062e-11
[2026-02-25 13:17:00.069] [cout] [info] time = 2.31 Performance = 63.0231 Constraint violation = 2.4312e-11
[2026-02-25 13:17:00.452] [cout] [info] time = 2.315 Performance = 64.2094 Constraint violation = 4.26473e-12
[2026-02-25 13:17:00.846] [cout] [info] time = 2.32 Performance = 64.7606 Constraint violation = 3.4185e-11
[2026-02-25 13:17:01.263] [cout] [info] time = 2.325 Performance = 64.6986 Constraint violation = 1.44749e-10
[2026-02-25 13:17:01.661] [cout] [info] time = 2.33 Performance = 64.0668 Constraint violation = 9.85634e-11
[2026-02-25 13:17:02.120] [cout] [info] time = 2.335 Performance = 62.9241 Constraint violation = 1.8488e-11
[2026-02-25 13:17:02.563] [cout] [info] time = 2.34 Performance = 61.3413 Constraint violation = 1.52491e-11
[2026-02-25 13:17:02.987] [cout] [info] time = 2.345 Performance = 59.3955 Constraint violation = 2.26895e-11
[2026-02-25 13:17:03.439] [cout] [info] time = 2.35 Performance = 57.1624 Constraint violation = 1.99255e-11
[2026-02-25 13:17:03.874] [cout] [info] time = 2.355 Performance = 54.7157 Constraint violation = 3.65073e-12
[2026-02-25 13:17:04.471] [cout] [info] time = 2.36 Performance = 52.1211 Constraint violation = 3.6189e-11
[2026-02-25 13:17:05.141] [cout] [info] time = 2.365 Performance = 49.4376 Constraint violation = 6.79123e-11
[2026-02-25 13:17:05.620] [cout] [info] time = 2.37 Performance = 46.7155 Constraint violation = 5.13539e-11
[2026-02-25 13:17:06.149] [cout] [info] time = 2.375 Performance = 43.9977 Constraint violation = 8.15493e-11
[2026-02-25 13:17:07.268] [cout] [info] time = 2.38 Performance = 41.3194 Constraint violation = 4.65421e-11
[2026-02-25 13:17:07.846] [cout] [info] time = 2.385 Performance = 38.7112 Constraint violation = 3.11308e-11
[2026-02-25 13:17:08.960] [cout] [info] time = 2.39 Performance = 36.1977 Constraint violation = 3.55569e-11
[2026-02-25 13:17:10.147] [cout] [info] time = 2.395 Performance = 33.7991 Constraint violation = 2.01555e-11
[2026-02-25 13:17:10.945] [cout] [info] time = 2.4 Performance = 31.5327 Constraint violation = 3.19079e-11
[2026-02-25 13:17:11.482] [cout] [info] time = 2.40500 Performance = 29.4144 Constraint violation = 1.31919e-11
[2026-02-25 13:17:11.910] [cout] [info] time = 2.41 Performance = 27.4588 Constraint violation = 2.33449e-12
[2026-02-25 13:17:12.360] [cout] [info] time = 2.415 Performance = 25.6779 Constraint violation = 1.42017e-11
[2026-02-25 13:17:12.792] [cout] [info] time = 2.42 Performance = 24.0782 Constraint violation = 1.20231e-11
[2026-02-25 13:17:13.228] [cout] [info] time = 2.425 Performance = 22.6627 Constraint violation = 2.35874e-11
[2026-02-25 13:17:13.630] [cout] [info] time = 2.43 Performance = 21.4312 Constraint violation = 1.05856e-11
[2026-02-25 13:17:14.086] [cout] [info] time = 2.435 Performance = 20.3809 Constraint violation = 1.46414e-11
[2026-02-25 13:17:14.510] [cout] [info] time = 2.44 Performance = 19.5080 Constraint violation = 4.41832e-12
[2026-02-25 13:17:14.934] [cout] [info] time = 2.445 Performance = 18.8091 Constraint violation = 1.67197e-12
[2026-02-25 13:17:15.356] [cout] [info] time = 2.45 Performance = 18.2732 Constraint violation = 3.01533e-12
[2026-02-25 13:17:15.783] [cout] [info] time = 2.455 Performance = 17.896 Constraint violation = 6.31482e-12
[2026-02-25 13:17:16.198] [cout] [info] time = 2.46 Performance = 17.6692 Constraint violation = 2.65553e-11
[2026-02-25 13:17:16.587] [cout] [info] time = 2.465 Performance = 17.5883 Constraint violation = 1.692e-11
[2026-02-25 13:17:16.992] [cout] [info] time = 2.47 Performance = 17.6493 Constraint violation = 5.02603e-12
[2026-02-25 13:17:17.398] [cout] [info] time = 2.475 Performance = 17.8488 Constraint violation = 3.32019e-11
[2026-02-25 13:17:17.798] [cout] [info] time = 2.48 Performance = 18.183 Constraint violation = 2.96316e-11
[2026-02-25 13:17:18.215] [cout] [info] time = 2.485 Performance = 18.6478 Constraint violation = 6.52028e-11
[2026-02-25 13:17:18.681] [cout] [info] time = 2.49 Performance = 19.2381 Constraint violation = 2.57047e-12
[2026-02-25 13:17:19.130] [cout] [info] time = 2.495 Performance = 19.9481 Constraint violation = 5.77604e-12
[2026-02-25 13:17:19.581] [cout] [info] time = 2.5 Performance = 20.7707 Constraint violation = 2.16558e-12
[2026-02-25 13:17:19.998] [cout] [info] time = 2.50500 Performance = 21.6973 Constraint violation = 2.68416e-11
[2026-02-25 13:17:20.514] [cout] [info] time = 2.51 Performance = 22.7194 Constraint violation = 2.04986e-11
[2026-02-25 13:17:20.917] [cout] [info] time = 2.515 Performance = 23.827 Constraint violation = 2.38868e-12
[2026-02-25 13:17:21.312] [cout] [info] time = 2.52 Performance = 25.0078 Constraint violation = 3.97845e-11
[2026-02-25 13:17:21.731] [cout] [info] time = 2.525 Performance = 26.249 Constraint violation = 3.00560e-11
[2026-02-25 13:17:22.224] [cout] [info] time = 2.53 Performance = 27.5376 Constraint violation = 9.03707e-12
[2026-02-25 13:17:22.621] [cout] [info] time = 2.535 Performance = 28.8575 Constraint violation = 2.66552e-12
[2026-02-25 13:17:23.031] [cout] [info] time = 2.54 Performance = 30.195 Constraint violation = 2.96993e-12
[2026-02-25 13:17:23.408] [cout] [info] time = 2.545 Performance = 31.5347 Constraint violation = 3.32542e-11
[2026-02-25 13:17:23.816] [cout] [info] time = 2.55 Performance = 32.8612 Constraint violation = 8.3138e-12
[2026-02-25 13:17:24.218] [cout] [info] time = 2.555 Performance = 34.1563 Constraint violation = 1.70075e-12
[2026-02-25 13:17:24.616] [cout] [info] time = 2.56 Performance = 35.4006 Constraint violation = 1.84994e-11
[2026-02-25 13:17:25.020] [cout] [info] time = 2.565 Performance = 36.5732 Constraint violation = 1.36e-11
[2026-02-25 13:17:25.417] [cout] [info] time = 2.57 Performance = 37.6531 Constraint violation = 8.14724e-12
[2026-02-25 13:17:25.807] [cout] [info] time = 2.575 Performance = 38.6188 Constraint violation = 1.46933e-11
[2026-02-25 13:17:26.223] [cout] [info] time = 2.58 Performance = 39.45 Constraint violation = 5.23627e-12
[2026-02-25 13:17:26.646] [cout] [info] time = 2.585 Performance = 40.1193 Constraint violation = 7.31714e-12
[2026-02-25 13:17:27.041] [cout] [info] time = 2.59 Performance = 40.615 Constraint violation = 6.86141e-12
[2026-02-25 13:17:27.465] [cout] [info] time = 2.595 Performance = 40.9169 Constraint violation = 7.12581e-12
[2026-02-25 13:17:27.860] [cout] [info] time = 2.6 Performance = 41.0109 Constraint violation = 1.15885e-11
[2026-02-25 13:17:28.256] [cout] [info] time = 2.60500 Performance = 40.8901 Constraint violation = 1.80805e-11
[2026-02-25 13:17:28.671] [cout] [info] time = 2.61 Performance = 40.5525 Constraint violation = 9.26574e-12
[2026-02-25 13:17:29.106] [cout] [info] time = 2.615 Performance = 40.01 Constraint violation = 1.16387e-11
[2026-02-25 13:17:29.527] [cout] [info] time = 2.62 Performance = 39.2769 Constraint violation = 9.54989e-12
[2026-02-25 13:17:29.983] [cout] [info] time = 2.625 Performance = 38.3813 Constraint violation = 4.8929e-11
[2026-02-25 13:17:30.496] [cout] [info] time = 2.63 Performance = 37.3594 Constraint violation = 2.13946e-11
[2026-02-25 13:17:30.930] [cout] [info] time = 2.635 Performance = 36.2555 Constraint violation = 1.32333e-11
[2026-02-25 13:17:31.311] [cout] [info] time = 2.64 Performance = 35.1161 Constraint violation = 1.00373e-11
[2026-02-25 13:17:31.713] [cout] [info] time = 2.645 Performance = 33.9885 Constraint violation = 2.22839e-11
[2026-02-25 13:17:31.716] [info] Printing results of investigation SO to .
[2026-02-25 13:17:32.525] [info] Loaded model scaled_opt_N10.osim from file ..\..\..\..\models\Athlete_03\25_03_31\scaled_opt_N10_increased_3.00.osim
[2026-02-25 13:17:32.593] [info] Storage: read data file = joint_angles.mot (nr=529 nc=40)
[2026-02-25 13:17:32.652] [info] Storage: read data file = joint_angles.mot (nr=529 nc=40)
[2026-02-25 13:17:32.707] [info] Loaded model scaled_opt_N10.osim from file ..\..\..\..\models\Athlete_03\25_03_31\scaled_opt_N10_increased_3.00.osim
[2026-02-25 13:17:32.810] [info] AbstractTool Analyse loading model ..\..\..\..\models\Athlete_03\25_03_31\scaled_opt_N10_increased_3.00.osim
[2026-02-25 13:17:32.872] [info] Loaded model scaled_opt_N10.osim from file ..\..\..\..\models\Athlete_03\25_03_31\scaled_opt_N10_increased_3.00.osim
[2026-02-25 13:17:33.063] [info] Storage: read data file = grf.mot (nr=5300 nc=46)
[2026-02-25 13:17:33.165] [info] ExternalForce::grf_r_4 Data source being set to grf
[2026-02-25 13:17:33.165] [info] ExternalForce::grf_l_5 Data source being set to grf
[2026-02-25 13:17:33.178] [info] Loading coordinates from file 'joint_angles.mot'.
[2026-02-25 13:17:33.179] [info] Storage: read data file = joint_angles.mot (nr=529 nc=40)
[2026-02-25 13:17:33.195] [info] Low-pass filtering coordinates data with a cutoff frequency of 6.0...
[2026-02-25 13:17:33.711] [info] AssemblySolver::track() attempt Failed: SimTK Exception thrown at Assembler.cpp:973:
  Method Assembler::track() failed because:
Unable to achieve required assembly error tolerance.
Assembly error tolerance achieved: 9.9514510064940799e-09 required: 1e-10.
[2026-02-25 13:17:33.735] [error] Model unable to assemble: AssemblySolver::assemble() Failed: SimTK Exception thrown at Assembler.cpp:897:
  Method Assembler::assemble() failed because:
Unable to achieve required assembly error tolerance.
Assembly error tolerance achieved: 9.9514509936733082e-09 required: 1e-10..Model relaxing constraints and trying again.
[2026-02-25 13:17:34.640] [info] Found 1057 state vectors with time stamps ranging from -1.315 to 3.965.
[2026-02-25 13:17:34.640] [info] Executing the analyses from 0.00500000 to 2.645...
[2026-02-25 13:17:34.642] [info] Loading actuator forces from file SO_StaticOptimization_force.sto.
[2026-02-25 13:17:34.657] [info] Storage: read data file = SO_StaticOptimization_force.sto (nr=529 nc=132)
[2026-02-25 13:17:34.707] [info] Found 131 actuator forces with time stamps ranging from 0.00500000to 2.645.
[2026-02-25 13:17:34.707] [warning] The forces file contains actuators that are not in the model's actuator set.
[2026-02-25 13:17:34.707] [warning] Ignoring fiber lengths and activations from the states since forces_file is also set. Actuator forces will be constructed from SO_StaticOptimization_force.sto.
[2026-02-25 13:17:37.396] [info] Printing results of investigation Analyse to .
[2026-02-25 13:22:25.497] [info] Loaded model Athlete_03 from file ..\..\..\..\models\Athlete_03\25_03_31\scaled.osim
[2026-02-25 13:22:47.267] [info] Loaded model Athlete_03 from file ..\..\..\..\models\Athlete_03\25_03_31\scaled.osim
[2026-02-25 13:25:53.811] [info] Loaded model Athlete_03 from file ..\..\..\..\models\Athlete_03\25_03_31\scaled.osim
[2026-02-25 13:27:06.569] [info] Loaded model Athlete_03 from file ..\..\..\..\models\Athlete_03\25_03_31\scaled.osim
[2026-02-25 13:27:08.046] [info] Loaded model Athlete_03 from file ..\..\..\..\models\Athlete_03\25_03_31\scaled.osim
[2026-02-25 13:28:20.306] [info] Loaded model Athlete_03 from file ..\..\..\..\models\Athlete_03\25_03_31\scaled.osim
[2026-02-25 13:28:21.564] [info] Loaded model Athlete_03 from file ..\..\..\..\models\Athlete_03\25_03_31\scaled.osim
[2026-02-25 13:28:55.246] [info] Loaded model scaled_opt_N10.osim from file ..\..\..\..\models\Athlete_03\25_03_31\scaled_opt_N10_increased_3.00.osim
[2026-02-25 13:28:55.448] [info] Loaded model scaled_opt_N10.osim from file ..\..\..\..\models\Athlete_03\25_03_31\scaled_opt_N10_increased_3.00.osim
[2026-02-25 13:28:55.820] [info] Loaded model scaled_opt_N10.osim from file ..\..\..\..\models\Athlete_03\25_03_31\scaled_opt_N10_increased_3.00.osim
[2026-02-25 13:28:55.976] [cout] [info] 
               MODEL: scaled_opt_N10.osim
         coordinates: 39
              forces: 97
           actuators: 97
             muscles: 80
            analyses: 0
              probes: 0
              bodies: 22
              joints: 22
         constraints: 2
             markers: 45
         controllers: 0
  contact geometries: 0
misc modelcomponents: 0
[2026-02-25 13:28:55.977] [info] Running tool .
[2026-02-25 13:28:56.462] [info] Frame 1 (t = 0.00500000):	 total squared error = 4.96621, marker error: RMS = 0.4457, max = 1.62555 (BR)
[2026-02-25 13:28:56.484] [info] Frame 2 (t = 0.01):	 total squared error = 4.96662, marker error: RMS = 0.445718, max = 1.6256 (BR)
[2026-02-25 13:28:56.540] [info] Frame 3 (t = 0.015):	 total squared error = 4.96709, marker error: RMS = 0.445739, max = 1.62566 (BR)
[2026-02-25 13:28:56.566] [info] Frame 4 (t = 0.02):	 total squared error = 4.96762, marker error: RMS = 0.445763, max = 1.62573 (BR)
[2026-02-25 13:28:56.616] [info] Frame 5 (t = 0.025):	 total squared error = 4.9682, marker error: RMS = 0.445789, max = 1.62581 (BR)
[2026-02-25 13:28:56.672] [info] Frame 6 (t = 0.03):	 total squared error = 4.96882, marker error: RMS = 0.445817, max = 1.6259 (BR)
[2026-02-25 13:28:56.733] [info] Frame 7 (t = 0.035):	 total squared error = 4.96947, marker error: RMS = 0.445846, max = 1.62599 (BR)
[2026-02-25 13:28:56.789] [info] Frame 8 (t = 0.04):	 total squared error = 4.97015, marker error: RMS = 0.445877, max = 1.62609 (BR)
[2026-02-25 13:28:56.850] [info] Frame 9 (t = 0.045):	 total squared error = 4.97084, marker error: RMS = 0.445907, max = 1.6262 (BR)
[2026-02-25 13:28:56.897] [info] Frame 10 (t = 0.05):	 total squared error = 4.97152, marker error: RMS = 0.445938, max = 1.6263 (BR)
[2026-02-25 13:28:56.950] [info] Frame 11 (t = 0.055):	 total squared error = 4.97219, marker error: RMS = 0.445968, max = 1.62641 (BR)
[2026-02-25 13:28:56.975] [info] Frame 12 (t = 0.06):	 total squared error = 4.97285, marker error: RMS = 0.445998, max = 1.62651 (BR)
[2026-02-25 13:28:56.997] [info] Frame 13 (t = 0.065):	 total squared error = 4.97348, marker error: RMS = 0.446026, max = 1.62661 (BR)
[2026-02-25 13:28:57.017] [info] Frame 14 (t = 0.07):	 total squared error = 4.97407, marker error: RMS = 0.446053, max = 1.62671 (BR)
[2026-02-25 13:28:57.039] [info] Frame 15 (t = 0.075):	 total squared error = 4.97464, marker error: RMS = 0.446078, max = 1.62681 (BR)
[2026-02-25 13:28:57.069] [info] Frame 16 (t = 0.08):	 total squared error = 4.97516, marker error: RMS = 0.446101, max = 1.6269 (BR)
[2026-02-25 13:28:57.100] [info] Frame 17 (t = 0.085):	 total squared error = 4.97565, marker error: RMS = 0.446123, max = 1.62699 (BR)
[2026-02-25 13:28:57.119] [info] Frame 18 (t = 0.09):	 total squared error = 4.9761, marker error: RMS = 0.446144, max = 1.62708 (BR)
[2026-02-25 13:28:57.155] [info] Frame 19 (t = 0.095):	 total squared error = 4.9765, marker error: RMS = 0.446162, max = 1.62716 (BR)
[2026-02-25 13:28:57.186] [info] Frame 20 (t = 0.1):	 total squared error = 4.97687, marker error: RMS = 0.446178, max = 1.62724 (BR)
[2026-02-25 13:28:57.226] [info] Frame 21 (t = 0.105000):	 total squared error = 4.97719, marker error: RMS = 0.446192, max = 1.62731 (BR)
[2026-02-25 13:28:57.252] [info] Frame 22 (t = 0.11):	 total squared error = 4.97746, marker error: RMS = 0.446204, max = 1.62737 (BR)
[2026-02-25 13:28:57.275] [info] Frame 23 (t = 0.115):	 total squared error = 4.9777, marker error: RMS = 0.446215, max = 1.62743 (BR)
[2026-02-25 13:28:57.302] [info] Frame 24 (t = 0.12):	 total squared error = 4.9779, marker error: RMS = 0.446224, max = 1.62749 (BR)
[2026-02-25 13:28:57.328] [info] Frame 25 (t = 0.125):	 total squared error = 4.97806, marker error: RMS = 0.446232, max = 1.62754 (BR)
[2026-02-25 13:28:57.357] [info] Frame 26 (t = 0.13):	 total squared error = 4.9782, marker error: RMS = 0.446237, max = 1.62758 (BR)
[2026-02-25 13:28:57.385] [info] Frame 27 (t = 0.135):	 total squared error = 4.9783, marker error: RMS = 0.446242, max = 1.62762 (BR)
[2026-02-25 13:28:57.410] [info] Frame 28 (t = 0.14):	 total squared error = 4.97838, marker error: RMS = 0.446246, max = 1.62766 (BR)
[2026-02-25 13:28:57.431] [info] Frame 29 (t = 0.145):	 total squared error = 4.97843, marker error: RMS = 0.446248, max = 1.62769 (BR)
[2026-02-25 13:28:57.451] [info] Frame 30 (t = 0.15):	 total squared error = 4.97847, marker error: RMS = 0.44625, max = 1.62772 (BR)
[2026-02-25 13:28:57.470] [info] Frame 31 (t = 0.155):	 total squared error = 4.97849, marker error: RMS = 0.446251, max = 1.62775 (BR)
[2026-02-25 13:28:57.488] [info] Frame 32 (t = 0.16):	 total squared error = 4.9785, marker error: RMS = 0.446251, max = 1.62778 (BR)
[2026-02-25 13:28:57.511] [info] Frame 33 (t = 0.165):	 total squared error = 4.9785, marker error: RMS = 0.446251, max = 1.6278 (BR)
[2026-02-25 13:28:57.533] [info] Frame 34 (t = 0.17):	 total squared error = 4.97848, marker error: RMS = 0.44625, max = 1.62783 (BR)
[2026-02-25 13:28:57.557] [info] Frame 35 (t = 0.175):	 total squared error = 4.97846, marker error: RMS = 0.446249, max = 1.62785 (BR)
[2026-02-25 13:28:57.588] [info] Frame 36 (t = 0.18):	 total squared error = 4.97843, marker error: RMS = 0.446248, max = 1.62787 (BR)
[2026-02-25 13:28:57.619] [info] Frame 37 (t = 0.185):	 total squared error = 4.97839, marker error: RMS = 0.446246, max = 1.62789 (BR)
[2026-02-25 13:28:57.657] [info] Frame 38 (t = 0.19):	 total squared error = 4.97834, marker error: RMS = 0.446244, max = 1.62791 (BR)
[2026-02-25 13:28:57.680] [info] Frame 39 (t = 0.195):	 total squared error = 4.97829, marker error: RMS = 0.446242, max = 1.62793 (BR)
[2026-02-25 13:28:57.704] [info] Frame 40 (t = 0.2):	 total squared error = 4.97822, marker error: RMS = 0.446239, max = 1.62794 (BR)
[2026-02-25 13:28:57.735] [info] Frame 41 (t = 0.205000):	 total squared error = 4.97815, marker error: RMS = 0.446235, max = 1.62796 (BR)
[2026-02-25 13:28:57.761] [info] Frame 42 (t = 0.21):	 total squared error = 4.97806, marker error: RMS = 0.446231, max = 1.62797 (BR)
[2026-02-25 13:28:57.786] [info] Frame 43 (t = 0.215):	 total squared error = 4.97796, marker error: RMS = 0.446227, max = 1.62798 (BR)
[2026-02-25 13:28:57.808] [info] Frame 44 (t = 0.22):	 total squared error = 4.97784, marker error: RMS = 0.446221, max = 1.62798 (BR)
[2026-02-25 13:28:57.849] [info] Frame 45 (t = 0.225):	 total squared error = 4.9777, marker error: RMS = 0.446215, max = 1.62798 (BR)
[2026-02-25 13:28:57.886] [info] Frame 46 (t = 0.23):	 total squared error = 4.97753, marker error: RMS = 0.446208, max = 1.62798 (BR)
[2026-02-25 13:28:57.914] [info] Frame 47 (t = 0.235):	 total squared error = 4.97735, marker error: RMS = 0.4462, max = 1.62797 (BR)
[2026-02-25 13:28:57.943] [info] Frame 48 (t = 0.24):	 total squared error = 4.97713, marker error: RMS = 0.44619, max = 1.62796 (BR)
[2026-02-25 13:28:57.979] [info] Frame 49 (t = 0.245):	 total squared error = 4.97687, marker error: RMS = 0.446178, max = 1.62794 (BR)
[2026-02-25 13:28:58.005] [info] Frame 50 (t = 0.25):	 total squared error = 4.97657, marker error: RMS = 0.446165, max = 1.62791 (BR)
[2026-02-25 13:28:58.048] [info] Frame 51 (t = 0.255):	 total squared error = 4.97623, marker error: RMS = 0.446149, max = 1.62787 (BR)
[2026-02-25 13:28:58.080] [info] Frame 52 (t = 0.26):	 total squared error = 4.97584, marker error: RMS = 0.446132, max = 1.62783 (BR)
[2026-02-25 13:28:58.103] [info] Frame 53 (t = 0.265):	 total squared error = 4.9754, marker error: RMS = 0.446112, max = 1.62778 (BR)
[2026-02-25 13:28:58.132] [info] Frame 54 (t = 0.27):	 total squared error = 4.97488, marker error: RMS = 0.446089, max = 1.62771 (BR)
[2026-02-25 13:28:58.158] [info] Frame 55 (t = 0.275):	 total squared error = 4.97429, marker error: RMS = 0.446062, max = 1.62763 (BR)
[2026-02-25 13:28:58.197] [info] Frame 56 (t = 0.28):	 total squared error = 4.9736, marker error: RMS = 0.446031, max = 1.62754 (BR)
[2026-02-25 13:28:58.296] [info] Frame 57 (t = 0.285):	 total squared error = 4.97281, marker error: RMS = 0.445996, max = 1.62742 (BR)
[2026-02-25 13:28:58.341] [info] Frame 58 (t = 0.29):	 total squared error = 4.97191, marker error: RMS = 0.445955, max = 1.62729 (BR)
[2026-02-25 13:28:58.387] [info] Frame 59 (t = 0.295):	 total squared error = 4.97088, marker error: RMS = 0.445909, max = 1.62713 (BR)
[2026-02-25 13:28:58.418] [info] Frame 60 (t = 0.3):	 total squared error = 4.96968, marker error: RMS = 0.445856, max = 1.62694 (BR)
[2026-02-25 13:28:58.470] [info] Frame 61 (t = 0.305000):	 total squared error = 4.96833, marker error: RMS = 0.445795, max = 1.62672 (BR)
[2026-02-25 13:28:58.572] [info] Frame 62 (t = 0.31):	 total squared error = 4.96679, marker error: RMS = 0.445726, max = 1.62647 (BR)
[2026-02-25 13:28:58.640] [info] Frame 63 (t = 0.315):	 total squared error = 4.96504, marker error: RMS = 0.445648, max = 1.62619 (BR)
[2026-02-25 13:28:58.686] [info] Frame 64 (t = 0.32):	 total squared error = 4.96307, marker error: RMS = 0.445559, max = 1.62586 (BR)
[2026-02-25 13:28:58.766] [info] Frame 65 (t = 0.325):	 total squared error = 4.96085, marker error: RMS = 0.445459, max = 1.62549 (BR)
[2026-02-25 13:28:58.815] [info] Frame 66 (t = 0.33):	 total squared error = 4.95836, marker error: RMS = 0.445347, max = 1.62507 (BR)
[2026-02-25 13:28:58.848] [info] Frame 67 (t = 0.335):	 total squared error = 4.95557, marker error: RMS = 0.445222, max = 1.62459 (BR)
[2026-02-25 13:28:58.902] [info] Frame 68 (t = 0.34):	 total squared error = 4.95244, marker error: RMS = 0.445082, max = 1.62406 (BR)
[2026-02-25 13:28:58.969] [info] Frame 69 (t = 0.345):	 total squared error = 4.94898, marker error: RMS = 0.444926, max = 1.62347 (BR)
[2026-02-25 13:28:59.002] [info] Frame 70 (t = 0.35):	 total squared error = 4.94515, marker error: RMS = 0.444754, max = 1.62281 (BR)
[2026-02-25 13:28:59.058] [info] Frame 71 (t = 0.355):	 total squared error = 4.94092, marker error: RMS = 0.444564, max = 1.62208 (BR)
[2026-02-25 13:28:59.088] [info] Frame 72 (t = 0.36):	 total squared error = 4.93628, marker error: RMS = 0.444355, max = 1.62129 (BR)
[2026-02-25 13:28:59.119] [info] Frame 73 (t = 0.365):	 total squared error = 4.93121, marker error: RMS = 0.444127, max = 1.62041 (BR)
[2026-02-25 13:28:59.149] [info] Frame 74 (t = 0.37):	 total squared error = 4.9257, marker error: RMS = 0.443878, max = 1.61947 (BR)
[2026-02-25 13:28:59.173] [info] Frame 75 (t = 0.375):	 total squared error = 4.91972, marker error: RMS = 0.443609, max = 1.61844 (BR)
[2026-02-25 13:28:59.203] [info] Frame 76 (t = 0.38):	 total squared error = 4.91328, marker error: RMS = 0.443318, max = 1.61733 (BR)
[2026-02-25 13:28:59.225] [info] Frame 77 (t = 0.385):	 total squared error = 4.90636, marker error: RMS = 0.443006, max = 1.61614 (BR)
[2026-02-25 13:28:59.252] [info] Frame 78 (t = 0.39):	 total squared error = 4.89897, marker error: RMS = 0.442672, max = 1.61487 (BR)
[2026-02-25 13:28:59.295] [info] Frame 79 (t = 0.395):	 total squared error = 4.89109, marker error: RMS = 0.442316, max = 1.61351 (BR)
[2026-02-25 13:28:59.323] [info] Frame 80 (t = 0.4):	 total squared error = 4.88273, marker error: RMS = 0.441938, max = 1.61208 (BR)
[2026-02-25 13:28:59.353] [info] Frame 81 (t = 0.405000):	 total squared error = 4.8739, marker error: RMS = 0.441538, max = 1.61056 (BR)
[2026-02-25 13:28:59.385] [info] Frame 82 (t = 0.41):	 total squared error = 4.86459, marker error: RMS = 0.441116, max = 1.60896 (BR)
[2026-02-25 13:28:59.409] [info] Frame 83 (t = 0.415):	 total squared error = 4.85483, marker error: RMS = 0.440673, max = 1.60728 (BR)
[2026-02-25 13:28:59.441] [info] Frame 84 (t = 0.42):	 total squared error = 4.8446, marker error: RMS = 0.440209, max = 1.60552 (BR)
[2026-02-25 13:28:59.472] [info] Frame 85 (t = 0.425):	 total squared error = 4.83394, marker error: RMS = 0.439724, max = 1.60369 (BR)
[2026-02-25 13:28:59.502] [info] Frame 86 (t = 0.43):	 total squared error = 4.82285, marker error: RMS = 0.43922, max = 1.60178 (BR)
[2026-02-25 13:28:59.547] [info] Frame 87 (t = 0.435):	 total squared error = 4.81132, marker error: RMS = 0.438695, max = 1.5998 (BR)
[2026-02-25 13:28:59.598] [info] Frame 88 (t = 0.44):	 total squared error = 4.7994, marker error: RMS = 0.43815, max = 1.59775 (BR)
[2026-02-25 13:28:59.713] [info] Frame 89 (t = 0.445):	 total squared error = 4.78707, marker error: RMS = 0.437588, max = 1.59563 (BR)
[2026-02-25 13:28:59.776] [info] Frame 90 (t = 0.45):	 total squared error = 4.77437, marker error: RMS = 0.437007, max = 1.59344 (BR)
[2026-02-25 13:28:59.838] [info] Frame 91 (t = 0.455):	 total squared error = 4.7613, marker error: RMS = 0.436408, max = 1.59119 (BR)
[2026-02-25 13:28:59.899] [info] Frame 92 (t = 0.46):	 total squared error = 4.74789, marker error: RMS = 0.435793, max = 1.58889 (BR)
[2026-02-25 13:28:59.964] [info] Frame 93 (t = 0.465):	 total squared error = 4.73416, marker error: RMS = 0.435163, max = 1.58652 (BR)
[2026-02-25 13:29:00.003] [info] Frame 94 (t = 0.47):	 total squared error = 4.72014, marker error: RMS = 0.434517, max = 1.58411 (BR)
[2026-02-25 13:29:00.031] [info] Frame 95 (t = 0.475):	 total squared error = 4.70583, marker error: RMS = 0.433858, max = 1.58165 (BR)
[2026-02-25 13:29:00.078] [info] Frame 96 (t = 0.48):	 total squared error = 4.69128, marker error: RMS = 0.433187, max = 1.57914 (BR)
[2026-02-25 13:29:00.154] [info] Frame 97 (t = 0.485):	 total squared error = 4.67651, marker error: RMS = 0.432505, max = 1.5766 (BR)
[2026-02-25 13:29:00.224] [info] Frame 98 (t = 0.49):	 total squared error = 4.66155, marker error: RMS = 0.431812, max = 1.57402 (BR)
[2026-02-25 13:29:00.266] [info] Frame 99 (t = 0.495):	 total squared error = 4.64643, marker error: RMS = 0.431112, max = 1.57142 (BR)
[2026-02-25 13:29:00.308] [info] Frame 100 (t = 0.5):	 total squared error = 4.63118, marker error: RMS = 0.430403, max = 1.5688 (BR)
[2026-02-25 13:29:00.385] [info] Frame 101 (t = 0.505000):	 total squared error = 4.61582, marker error: RMS = 0.429689, max = 1.56615 (BR)
[2026-02-25 13:29:00.410] [info] Frame 102 (t = 0.51):	 total squared error = 4.60039, marker error: RMS = 0.42897, max = 1.56349 (BR)
[2026-02-25 13:29:00.454] [info] Frame 103 (t = 0.515):	 total squared error = 4.58492, marker error: RMS = 0.428248, max = 1.56083 (BR)
[2026-02-25 13:29:00.477] [info] Frame 104 (t = 0.52):	 total squared error = 4.56944, marker error: RMS = 0.427525, max = 1.55816 (BR)
[2026-02-25 13:29:00.514] [info] Frame 105 (t = 0.525):	 total squared error = 4.55397, marker error: RMS = 0.426801, max = 1.55549 (BR)
[2026-02-25 13:29:00.533] [info] Frame 106 (t = 0.53):	 total squared error = 4.53856, marker error: RMS = 0.426078, max = 1.55283 (BR)
[2026-02-25 13:29:00.558] [info] Frame 107 (t = 0.535):	 total squared error = 4.5232, marker error: RMS = 0.425356, max = 1.55018 (BR)
[2026-02-25 13:29:00.589] [info] Frame 108 (t = 0.54):	 total squared error = 4.50793, marker error: RMS = 0.424638, max = 1.54754 (BR)
[2026-02-25 13:29:00.606] [info] Frame 109 (t = 0.545):	 total squared error = 4.49277, marker error: RMS = 0.423923, max = 1.54492 (BR)
[2026-02-25 13:29:00.643] [info] Frame 110 (t = 0.55):	 total squared error = 4.47773, marker error: RMS = 0.423213, max = 1.54231 (BR)
[2026-02-25 13:29:00.668] [info] Frame 111 (t = 0.555):	 total squared error = 4.4628, marker error: RMS = 0.422507, max = 1.53972 (BR)
[2026-02-25 13:29:00.700] [info] Frame 112 (t = 0.56):	 total squared error = 4.448, marker error: RMS = 0.421806, max = 1.53715 (BR)
[2026-02-25 13:29:00.725] [info] Frame 113 (t = 0.565):	 total squared error = 4.43332, marker error: RMS = 0.421109, max = 1.53459 (BR)
[2026-02-25 13:29:00.748] [info] Frame 114 (t = 0.57):	 total squared error = 4.41875, marker error: RMS = 0.420416, max = 1.53205 (BR)
[2026-02-25 13:29:00.768] [info] Frame 115 (t = 0.575):	 total squared error = 4.40427, marker error: RMS = 0.419727, max = 1.52951 (BR)
[2026-02-25 13:29:00.803] [info] Frame 116 (t = 0.58):	 total squared error = 4.38987, marker error: RMS = 0.419040, max = 1.52699 (BR)
[2026-02-25 13:29:00.832] [info] Frame 117 (t = 0.585):	 total squared error = 4.37554, marker error: RMS = 0.418356, max = 1.52447 (BR)
[2026-02-25 13:29:00.848] [info] Frame 118 (t = 0.59):	 total squared error = 4.36124, marker error: RMS = 0.417672, max = 1.52195 (BR)
[2026-02-25 13:29:00.888] [info] Frame 119 (t = 0.595):	 total squared error = 4.34696, marker error: RMS = 0.416987, max = 1.51943 (BR)
[2026-02-25 13:29:00.905] [info] Frame 120 (t = 0.6):	 total squared error = 4.33267, marker error: RMS = 0.416301, max = 1.5169 (BR)
[2026-02-25 13:29:00.922] [info] Frame 121 (t = 0.605000):	 total squared error = 4.31837, marker error: RMS = 0.415614, max = 1.51436 (BR)
[2026-02-25 13:29:00.955] [info] Frame 122 (t = 0.61):	 total squared error = 4.30401, marker error: RMS = 0.414922, max = 1.5118 (BR)
[2026-02-25 13:29:00.975] [info] Frame 123 (t = 0.615):	 total squared error = 4.2896, marker error: RMS = 0.414227, max = 1.50924 (BR)
[2026-02-25 13:29:01.011] [info] Frame 124 (t = 0.62):	 total squared error = 4.27512, marker error: RMS = 0.413527, max = 1.50665 (BR)
[2026-02-25 13:29:01.073] [info] Frame 125 (t = 0.625):	 total squared error = 4.26057, marker error: RMS = 0.412823, max = 1.50404 (BR)
[2026-02-25 13:29:01.113] [info] Frame 126 (t = 0.63):	 total squared error = 4.24594, marker error: RMS = 0.412114, max = 1.50142 (BR)
[2026-02-25 13:29:01.137] [info] Frame 127 (t = 0.635):	 total squared error = 4.23126, marker error: RMS = 0.4114, max = 1.49878 (BR)
[2026-02-25 13:29:01.172] [info] Frame 128 (t = 0.64):	 total squared error = 4.2165, marker error: RMS = 0.410683, max = 1.49612 (BR)
[2026-02-25 13:29:01.202] [info] Frame 129 (t = 0.645):	 total squared error = 4.20171, marker error: RMS = 0.409961, max = 1.49345 (BR)
[2026-02-25 13:29:01.235] [info] Frame 130 (t = 0.65):	 total squared error = 4.18688, marker error: RMS = 0.409237, max = 1.49077 (BR)
[2026-02-25 13:29:01.250] [info] Frame 131 (t = 0.655):	 total squared error = 4.17204, marker error: RMS = 0.408511, max = 1.48807 (BR)
[2026-02-25 13:29:01.275] [info] Frame 132 (t = 0.66):	 total squared error = 4.15719, marker error: RMS = 0.407784, max = 1.48538 (BR)
[2026-02-25 13:29:01.300] [info] Frame 133 (t = 0.665):	 total squared error = 4.14236, marker error: RMS = 0.407056, max = 1.48268 (BR)
[2026-02-25 13:29:01.321] [info] Frame 134 (t = 0.67):	 total squared error = 4.12757, marker error: RMS = 0.406328, max = 1.47998 (BR)
[2026-02-25 13:29:01.349] [info] Frame 135 (t = 0.675):	 total squared error = 4.11281, marker error: RMS = 0.405601, max = 1.47728 (BR)
[2026-02-25 13:29:01.366] [info] Frame 136 (t = 0.68):	 total squared error = 4.09811, marker error: RMS = 0.404876, max = 1.47459 (BR)
[2026-02-25 13:29:01.389] [info] Frame 137 (t = 0.685):	 total squared error = 4.08346, marker error: RMS = 0.404151, max = 1.4719 (BR)
[2026-02-25 13:29:01.406] [info] Frame 138 (t = 0.69):	 total squared error = 4.06887, marker error: RMS = 0.403429, max = 1.46923 (BR)
[2026-02-25 13:29:01.438] [info] Frame 139 (t = 0.695):	 total squared error = 4.05432, marker error: RMS = 0.402707, max = 1.46655 (BR)
[2026-02-25 13:29:01.459] [info] Frame 140 (t = 0.7):	 total squared error = 4.03983, marker error: RMS = 0.401987, max = 1.46389 (BR)
[2026-02-25 13:29:01.480] [info] Frame 141 (t = 0.705000):	 total squared error = 4.02538, marker error: RMS = 0.401267, max = 1.46123 (BR)
[2026-02-25 13:29:01.512] [info] Frame 142 (t = 0.71):	 total squared error = 4.01095, marker error: RMS = 0.400547, max = 1.45858 (BR)
[2026-02-25 13:29:01.548] [info] Frame 143 (t = 0.715):	 total squared error = 3.99653, marker error: RMS = 0.399827, max = 1.45593 (BR)
[2026-02-25 13:29:01.568] [info] Frame 144 (t = 0.72):	 total squared error = 3.98213, marker error: RMS = 0.399105, max = 1.45327 (BR)
[2026-02-25 13:29:01.598] [info] Frame 145 (t = 0.725):	 total squared error = 3.9677, marker error: RMS = 0.398382, max = 1.45062 (BR)
[2026-02-25 13:29:01.621] [info] Frame 146 (t = 0.73):	 total squared error = 3.95327, marker error: RMS = 0.397657, max = 1.44797 (BR)
[2026-02-25 13:29:01.655] [info] Frame 147 (t = 0.735):	 total squared error = 3.93881, marker error: RMS = 0.396929, max = 1.44532 (BR)
[2026-02-25 13:29:01.672] [info] Frame 148 (t = 0.74):	 total squared error = 3.92432, marker error: RMS = 0.396198, max = 1.44266 (BR)
[2026-02-25 13:29:01.703] [info] Frame 149 (t = 0.745):	 total squared error = 3.90980, marker error: RMS = 0.395465, max = 1.44 (BR)
[2026-02-25 13:29:01.721] [info] Frame 150 (t = 0.75):	 total squared error = 3.89526, marker error: RMS = 0.394728, max = 1.43733 (BR)
[2026-02-25 13:29:01.753] [info] Frame 151 (t = 0.755):	 total squared error = 3.88068, marker error: RMS = 0.393989, max = 1.43467 (BR)
[2026-02-25 13:29:01.780] [info] Frame 152 (t = 0.76):	 total squared error = 3.86608, marker error: RMS = 0.393247, max = 1.432 (BR)
[2026-02-25 13:29:01.807] [info] Frame 153 (t = 0.765):	 total squared error = 3.85146, marker error: RMS = 0.392503, max = 1.42932 (BR)
[2026-02-25 13:29:01.840] [info] Frame 154 (t = 0.77):	 total squared error = 3.83683, marker error: RMS = 0.391757, max = 1.42665 (BR)
[2026-02-25 13:29:01.865] [info] Frame 155 (t = 0.775):	 total squared error = 3.8222, marker error: RMS = 0.391009, max = 1.42397 (BR)
[2026-02-25 13:29:01.898] [info] Frame 156 (t = 0.78):	 total squared error = 3.80758, marker error: RMS = 0.390261, max = 1.4213 (BR)
[2026-02-25 13:29:01.928] [info] Frame 157 (t = 0.785):	 total squared error = 3.79298, marker error: RMS = 0.389512, max = 1.41863 (BR)
[2026-02-25 13:29:01.980] [info] Frame 158 (t = 0.79):	 total squared error = 3.7784, marker error: RMS = 0.388762, max = 1.41597 (BR)
[2026-02-25 13:29:02.018] [info] Frame 159 (t = 0.795):	 total squared error = 3.76386, marker error: RMS = 0.388013, max = 1.41331 (BR)
[2026-02-25 13:29:02.049] [info] Frame 160 (t = 0.8):	 total squared error = 3.74935, marker error: RMS = 0.387265, max = 1.41065 (BR)
[2026-02-25 13:29:02.075] [info] Frame 161 (t = 0.805000):	 total squared error = 3.73489, marker error: RMS = 0.386517, max = 1.40800 (BR)
[2026-02-25 13:29:02.109] [info] Frame 162 (t = 0.81):	 total squared error = 3.72047, marker error: RMS = 0.38577, max = 1.40536 (BR)
[2026-02-25 13:29:02.169] [info] Frame 163 (t = 0.815):	 total squared error = 3.70610, marker error: RMS = 0.385025, max = 1.40272 (BR)
[2026-02-25 13:29:02.196] [info] Frame 164 (t = 0.82):	 total squared error = 3.69177, marker error: RMS = 0.38428, max = 1.40009 (BR)
[2026-02-25 13:29:02.231] [info] Frame 165 (t = 0.825):	 total squared error = 3.67749, marker error: RMS = 0.383536, max = 1.39746 (BR)
[2026-02-25 13:29:02.254] [info] Frame 166 (t = 0.83):	 total squared error = 3.66326, marker error: RMS = 0.382793, max = 1.39484 (BR)
[2026-02-25 13:29:02.288] [info] Frame 167 (t = 0.835):	 total squared error = 3.64907, marker error: RMS = 0.382051, max = 1.39222 (BR)
[2026-02-25 13:29:02.361] [info] Frame 168 (t = 0.84):	 total squared error = 3.63493, marker error: RMS = 0.38131, max = 1.3896 (BR)
[2026-02-25 13:29:02.388] [info] Frame 169 (t = 0.845):	 total squared error = 3.62083, marker error: RMS = 0.380570, max = 1.38699 (BR)
[2026-02-25 13:29:02.419] [info] Frame 170 (t = 0.85):	 total squared error = 3.60678, marker error: RMS = 0.37983, max = 1.38438 (BR)
[2026-02-25 13:29:02.446] [info] Frame 171 (t = 0.855):	 total squared error = 3.59278, marker error: RMS = 0.379093, max = 1.38178 (BR)
[2026-02-25 13:29:02.475] [info] Frame 172 (t = 0.86):	 total squared error = 3.57884, marker error: RMS = 0.378357, max = 1.37919 (BR)
[2026-02-25 13:29:02.500] [info] Frame 173 (t = 0.865):	 total squared error = 3.56497, marker error: RMS = 0.377623, max = 1.37661 (BR)
[2026-02-25 13:29:02.523] [info] Frame 174 (t = 0.87):	 total squared error = 3.55117, marker error: RMS = 0.376891, max = 1.37403 (BR)
[2026-02-25 13:29:02.559] [info] Frame 175 (t = 0.875):	 total squared error = 3.53744, marker error: RMS = 0.376162, max = 1.37147 (BR)
[2026-02-25 13:29:02.592] [info] Frame 176 (t = 0.88):	 total squared error = 3.5238, marker error: RMS = 0.375436, max = 1.36893 (BR)
[2026-02-25 13:29:02.625] [info] Frame 177 (t = 0.885):	 total squared error = 3.51026, marker error: RMS = 0.374714, max = 1.3664 (BR)
[2026-02-25 13:29:02.654] [info] Frame 178 (t = 0.89):	 total squared error = 3.49683, marker error: RMS = 0.373996, max = 1.36388 (BR)
[2026-02-25 13:29:02.689] [info] Frame 179 (t = 0.895):	 total squared error = 3.4835, marker error: RMS = 0.373283, max = 1.36139 (BR)
[2026-02-25 13:29:02.713] [info] Frame 180 (t = 0.9):	 total squared error = 3.47029, marker error: RMS = 0.372574, max = 1.35892 (BR)
[2026-02-25 13:29:02.741] [info] Frame 181 (t = 0.905000):	 total squared error = 3.45721, marker error: RMS = 0.371872, max = 1.35646 (BR)
[2026-02-25 13:29:02.775] [info] Frame 182 (t = 0.91):	 total squared error = 3.44426, marker error: RMS = 0.371174, max = 1.35404 (BR)
[2026-02-25 13:29:02.811] [info] Frame 183 (t = 0.915):	 total squared error = 3.43145, marker error: RMS = 0.370483, max = 1.35164 (BR)
[2026-02-25 13:29:02.840] [info] Frame 184 (t = 0.92):	 total squared error = 3.41878, marker error: RMS = 0.369799, max = 1.34926 (BR)
[2026-02-25 13:29:02.877] [info] Frame 185 (t = 0.925):	 total squared error = 3.40624, marker error: RMS = 0.36912, max = 1.3469 (BR)
[2026-02-25 13:29:02.915] [info] Frame 186 (t = 0.93):	 total squared error = 3.39384, marker error: RMS = 0.368448, max = 1.34458 (BR)
[2026-02-25 13:29:02.946] [info] Frame 187 (t = 0.935):	 total squared error = 3.38158, marker error: RMS = 0.367781, max = 1.34227 (BR)
[2026-02-25 13:29:02.983] [info] Frame 188 (t = 0.94):	 total squared error = 3.36944, marker error: RMS = 0.367121, max = 1.33999 (BR)
[2026-02-25 13:29:03.008] [info] Frame 189 (t = 0.945):	 total squared error = 3.35743, marker error: RMS = 0.366466, max = 1.33773 (BR)
[2026-02-25 13:29:03.048] [info] Frame 190 (t = 0.95):	 total squared error = 3.34554, marker error: RMS = 0.365817, max = 1.33549 (BR)
[2026-02-25 13:29:03.084] [info] Frame 191 (t = 0.955):	 total squared error = 3.33377, marker error: RMS = 0.365172, max = 1.33327 (BR)
[2026-02-25 13:29:03.110] [info] Frame 192 (t = 0.96):	 total squared error = 3.3221, marker error: RMS = 0.364532, max = 1.33107 (BR)
[2026-02-25 13:29:03.138] [info] Frame 193 (t = 0.965):	 total squared error = 3.31053, marker error: RMS = 0.363897, max = 1.32888 (BR)
[2026-02-25 13:29:03.165] [info] Frame 194 (t = 0.97):	 total squared error = 3.29906, marker error: RMS = 0.363267, max = 1.32671 (BR)
[2026-02-25 13:29:03.189] [info] Frame 195 (t = 0.975):	 total squared error = 3.28769, marker error: RMS = 0.36264, max = 1.32456 (BR)
[2026-02-25 13:29:03.225] [info] Frame 196 (t = 0.98):	 total squared error = 3.2764, marker error: RMS = 0.362017, max = 1.32242 (BR)
[2026-02-25 13:29:03.253] [info] Frame 197 (t = 0.985):	 total squared error = 3.2652, marker error: RMS = 0.361397, max = 1.32029 (BR)
[2026-02-25 13:29:03.284] [info] Frame 198 (t = 0.99):	 total squared error = 3.25408, marker error: RMS = 0.360782, max = 1.31817 (BR)
[2026-02-25 13:29:03.325] [info] Frame 199 (t = 0.995):	 total squared error = 3.24304, marker error: RMS = 0.360169, max = 1.31606 (BR)
[2026-02-25 13:29:03.357] [info] Frame 200 (t = 1.0):	 total squared error = 3.23208, marker error: RMS = 0.35956, max = 1.31396 (BR)
[2026-02-25 13:29:03.389] [info] Frame 201 (t = 1.00500):	 total squared error = 3.22121, marker error: RMS = 0.358954, max = 1.31188 (BR)
[2026-02-25 13:29:03.422] [info] Frame 202 (t = 1.01):	 total squared error = 3.21041, marker error: RMS = 0.358353, max = 1.30980 (BR)
[2026-02-25 13:29:03.456] [info] Frame 203 (t = 1.015):	 total squared error = 3.19971, marker error: RMS = 0.357755, max = 1.30773 (BR)
[2026-02-25 13:29:03.488] [info] Frame 204 (t = 1.02):	 total squared error = 3.18909, marker error: RMS = 0.357161, max = 1.30568 (BR)
[2026-02-25 13:29:03.520] [info] Frame 205 (t = 1.025):	 total squared error = 3.17857, marker error: RMS = 0.356571, max = 1.30364 (BR)
[2026-02-25 13:29:03.553] [info] Frame 206 (t = 1.03):	 total squared error = 3.16815, marker error: RMS = 0.355986, max = 1.30162 (BR)
[2026-02-25 13:29:03.579] [info] Frame 207 (t = 1.035):	 total squared error = 3.15784, marker error: RMS = 0.355406, max = 1.29961 (BR)
[2026-02-25 13:29:03.605] [info] Frame 208 (t = 1.04):	 total squared error = 3.14764, marker error: RMS = 0.354832, max = 1.29761 (BR)
[2026-02-25 13:29:03.630] [info] Frame 209 (t = 1.045):	 total squared error = 3.13756, marker error: RMS = 0.354263, max = 1.29564 (BR)
[2026-02-25 13:29:03.655] [info] Frame 210 (t = 1.05):	 total squared error = 3.12759, marker error: RMS = 0.3537, max = 1.29368 (BR)
[2026-02-25 13:29:03.706] [info] Frame 211 (t = 1.055):	 total squared error = 3.11776, marker error: RMS = 0.353143, max = 1.29175 (BR)
[2026-02-25 13:29:03.742] [info] Frame 212 (t = 1.06):	 total squared error = 3.10806, marker error: RMS = 0.352594, max = 1.28983 (BR)
[2026-02-25 13:29:03.773] [info] Frame 213 (t = 1.065):	 total squared error = 3.09849, marker error: RMS = 0.352051, max = 1.28795 (BR)
[2026-02-25 13:29:03.816] [info] Frame 214 (t = 1.07):	 total squared error = 3.08907, marker error: RMS = 0.351515, max = 1.28608 (BR)
[2026-02-25 13:29:03.842] [info] Frame 215 (t = 1.075):	 total squared error = 3.07978, marker error: RMS = 0.350986, max = 1.28425 (BR)
[2026-02-25 13:29:03.869] [info] Frame 216 (t = 1.08):	 total squared error = 3.07062, marker error: RMS = 0.350464, max = 1.28244 (BR)
[2026-02-25 13:29:03.903] [info] Frame 217 (t = 1.085):	 total squared error = 3.0616, marker error: RMS = 0.349948, max = 1.28065 (BR)
[2026-02-25 13:29:03.931] [info] Frame 218 (t = 1.09):	 total squared error = 3.0527, marker error: RMS = 0.34944, max = 1.27889 (BR)
[2026-02-25 13:29:03.967] [info] Frame 219 (t = 1.095):	 total squared error = 3.04392, marker error: RMS = 0.348937, max = 1.27715 (BR)
[2026-02-25 13:29:03.998] [info] Frame 220 (t = 1.1):	 total squared error = 3.03524, marker error: RMS = 0.348439, max = 1.27543 (BR)
[2026-02-25 13:29:04.029] [info] Frame 221 (t = 1.10500):	 total squared error = 3.02667, marker error: RMS = 0.347946, max = 1.27373 (BR)
[2026-02-25 13:29:04.053] [info] Frame 222 (t = 1.11):	 total squared error = 3.01819, marker error: RMS = 0.347459, max = 1.27204 (BR)
[2026-02-25 13:29:04.082] [info] Frame 223 (t = 1.115):	 total squared error = 3.00978, marker error: RMS = 0.346975, max = 1.27038 (BR)
[2026-02-25 13:29:04.107] [info] Frame 224 (t = 1.12):	 total squared error = 3.00146, marker error: RMS = 0.346495, max = 1.26872 (BR)
[2026-02-25 13:29:04.152] [info] Frame 225 (t = 1.125):	 total squared error = 2.9932, marker error: RMS = 0.346018, max = 1.26709 (BR)
[2026-02-25 13:29:04.199] [info] Frame 226 (t = 1.13):	 total squared error = 2.98502, marker error: RMS = 0.345544, max = 1.26546 (BR)
[2026-02-25 13:29:04.222] [info] Frame 227 (t = 1.135):	 total squared error = 2.97689, marker error: RMS = 0.345073, max = 1.26385 (BR)
[2026-02-25 13:29:04.258] [info] Frame 228 (t = 1.14):	 total squared error = 2.96883, marker error: RMS = 0.344606, max = 1.26225 (BR)
[2026-02-25 13:29:04.303] [info] Frame 229 (t = 1.145):	 total squared error = 2.96082, marker error: RMS = 0.344141, max = 1.26066 (BR)
[2026-02-25 13:29:04.325] [info] Frame 230 (t = 1.15):	 total squared error = 2.95288, marker error: RMS = 0.343679, max = 1.25909 (BR)
[2026-02-25 13:29:04.355] [info] Frame 231 (t = 1.155):	 total squared error = 2.94501, marker error: RMS = 0.34322, max = 1.25752 (BR)
[2026-02-25 13:29:04.388] [info] Frame 232 (t = 1.16):	 total squared error = 2.93718, marker error: RMS = 0.342764, max = 1.25597 (BR)
[2026-02-25 13:29:04.420] [info] Frame 233 (t = 1.165):	 total squared error = 2.92943, marker error: RMS = 0.342312, max = 1.25444 (BR)
[2026-02-25 13:29:04.454] [info] Frame 234 (t = 1.17):	 total squared error = 2.92174, marker error: RMS = 0.341862, max = 1.25292 (BR)
[2026-02-25 13:29:04.486] [info] Frame 235 (t = 1.175):	 total squared error = 2.91412, marker error: RMS = 0.341416, max = 1.25141 (BR)
[2026-02-25 13:29:04.529] [info] Frame 236 (t = 1.18):	 total squared error = 2.90656, marker error: RMS = 0.340973, max = 1.24992 (BR)
[2026-02-25 13:29:04.555] [info] Frame 237 (t = 1.185):	 total squared error = 2.89906, marker error: RMS = 0.340533, max = 1.24844 (BR)
[2026-02-25 13:29:04.577] [info] Frame 238 (t = 1.19):	 total squared error = 2.89163, marker error: RMS = 0.340096, max = 1.24697 (BR)
[2026-02-25 13:29:04.602] [info] Frame 239 (t = 1.195):	 total squared error = 2.88425, marker error: RMS = 0.339662, max = 1.24551 (BR)
[2026-02-25 13:29:04.622] [info] Frame 240 (t = 1.2):	 total squared error = 2.87692, marker error: RMS = 0.33923, max = 1.24407 (BR)
[2026-02-25 13:29:04.642] [info] Frame 241 (t = 1.20500):	 total squared error = 2.86965, marker error: RMS = 0.338801, max = 1.24264 (BR)
[2026-02-25 13:29:04.672] [info] Frame 242 (t = 1.21):	 total squared error = 2.86241, marker error: RMS = 0.338373, max = 1.24121 (BR)
[2026-02-25 13:29:04.702] [info] Frame 243 (t = 1.215):	 total squared error = 2.85523, marker error: RMS = 0.337948, max = 1.2398 (BR)
[2026-02-25 13:29:04.725] [info] Frame 244 (t = 1.22):	 total squared error = 2.84808, marker error: RMS = 0.337525, max = 1.23839 (BR)
[2026-02-25 13:29:04.762] [info] Frame 245 (t = 1.225):	 total squared error = 2.84098, marker error: RMS = 0.337104, max = 1.23699 (BR)
[2026-02-25 13:29:04.789] [info] Frame 246 (t = 1.23):	 total squared error = 2.83391, marker error: RMS = 0.336684, max = 1.2356 (BR)
[2026-02-25 13:29:04.826] [info] Frame 247 (t = 1.235):	 total squared error = 2.82689, marker error: RMS = 0.336267, max = 1.23422 (BR)
[2026-02-25 13:29:04.854] [info] Frame 248 (t = 1.24):	 total squared error = 2.81991, marker error: RMS = 0.335852, max = 1.23284 (BR)
[2026-02-25 13:29:04.886] [info] Frame 249 (t = 1.245):	 total squared error = 2.81298, marker error: RMS = 0.335439, max = 1.23148 (BR)
[2026-02-25 13:29:04.925] [info] Frame 250 (t = 1.25):	 total squared error = 2.80611, marker error: RMS = 0.335029, max = 1.23013 (BR)
[2026-02-25 13:29:04.960] [info] Frame 251 (t = 1.255):	 total squared error = 2.7993, marker error: RMS = 0.334622, max = 1.22878 (BR)
[2026-02-25 13:29:04.986] [info] Frame 252 (t = 1.26):	 total squared error = 2.79256, marker error: RMS = 0.334219, max = 1.22746 (BR)
[2026-02-25 13:29:05.016] [info] Frame 253 (t = 1.265):	 total squared error = 2.78589, marker error: RMS = 0.33382, max = 1.22614 (BR)
[2026-02-25 13:29:05.072] [info] Frame 254 (t = 1.27):	 total squared error = 2.7793, marker error: RMS = 0.333425, max = 1.22485 (BR)
[2026-02-25 13:29:05.102] [info] Frame 255 (t = 1.275):	 total squared error = 2.77279, marker error: RMS = 0.333034, max = 1.22357 (BR)
[2026-02-25 13:29:05.129] [info] Frame 256 (t = 1.28):	 total squared error = 2.76636, marker error: RMS = 0.332647, max = 1.22231 (BR)
[2026-02-25 13:29:05.160] [info] Frame 257 (t = 1.285):	 total squared error = 2.76002, marker error: RMS = 0.332266, max = 1.22106 (BR)
[2026-02-25 13:29:05.195] [info] Frame 258 (t = 1.29):	 total squared error = 2.75376, marker error: RMS = 0.331889, max = 1.21984 (BR)
[2026-02-25 13:29:05.224] [info] Frame 259 (t = 1.295):	 total squared error = 2.74759, marker error: RMS = 0.331517, max = 1.21862 (BR)
[2026-02-25 13:29:05.259] [info] Frame 260 (t = 1.3):	 total squared error = 2.74151, marker error: RMS = 0.33115, max = 1.21743 (BR)
[2026-02-25 13:29:05.290] [info] Frame 261 (t = 1.30500):	 total squared error = 2.73551, marker error: RMS = 0.330788, max = 1.21626 (BR)
[2026-02-25 13:29:05.315] [info] Frame 262 (t = 1.31):	 total squared error = 2.72961, marker error: RMS = 0.330431, max = 1.2151 (BR)
[2026-02-25 13:29:05.346] [info] Frame 263 (t = 1.315):	 total squared error = 2.7238, marker error: RMS = 0.330079, max = 1.21395 (BR)
[2026-02-25 13:29:05.379] [info] Frame 264 (t = 1.32):	 total squared error = 2.71807, marker error: RMS = 0.329732, max = 1.21283 (BR)
[2026-02-25 13:29:05.412] [info] Frame 265 (t = 1.325):	 total squared error = 2.71244, marker error: RMS = 0.32939, max = 1.21172 (BR)
[2026-02-25 13:29:05.442] [info] Frame 266 (t = 1.33):	 total squared error = 2.70691, marker error: RMS = 0.329054, max = 1.21063 (BR)
[2026-02-25 13:29:05.484] [info] Frame 267 (t = 1.335):	 total squared error = 2.70148, marker error: RMS = 0.328724, max = 1.20955 (BR)
[2026-02-25 13:29:05.521] [info] Frame 268 (t = 1.34):	 total squared error = 2.69616, marker error: RMS = 0.3284, max = 1.20850 (BR)
[2026-02-25 13:29:05.552] [info] Frame 269 (t = 1.345):	 total squared error = 2.69096, marker error: RMS = 0.328083, max = 1.20747 (BR)
[2026-02-25 13:29:05.581] [info] Frame 270 (t = 1.35):	 total squared error = 2.68588, marker error: RMS = 0.327773, max = 1.20646 (BR)
[2026-02-25 13:29:05.615] [info] Frame 271 (t = 1.355):	 total squared error = 2.68093, marker error: RMS = 0.327471, max = 1.20547 (BR)
[2026-02-25 13:29:05.640] [info] Frame 272 (t = 1.36):	 total squared error = 2.67612, marker error: RMS = 0.327177, max = 1.20451 (BR)
[2026-02-25 13:29:05.668] [info] Frame 273 (t = 1.365):	 total squared error = 2.67145, marker error: RMS = 0.326892, max = 1.20358 (BR)
[2026-02-25 13:29:05.707] [info] Frame 274 (t = 1.37):	 total squared error = 2.66694, marker error: RMS = 0.326615, max = 1.20268 (BR)
[2026-02-25 13:29:05.734] [info] Frame 275 (t = 1.375):	 total squared error = 2.66259, marker error: RMS = 0.326349, max = 1.20180 (BR)
[2026-02-25 13:29:05.766] [info] Frame 276 (t = 1.38):	 total squared error = 2.6584, marker error: RMS = 0.326092, max = 1.20096 (BR)
[2026-02-25 13:29:05.800] [info] Frame 277 (t = 1.385):	 total squared error = 2.65438, marker error: RMS = 0.325845, max = 1.20015 (BR)
[2026-02-25 13:29:05.821] [info] Frame 278 (t = 1.39):	 total squared error = 2.65054, marker error: RMS = 0.32561, max = 1.19938 (BR)
[2026-02-25 13:29:05.855] [info] Frame 279 (t = 1.395):	 total squared error = 2.64686, marker error: RMS = 0.325384, max = 1.19864 (BR)
[2026-02-25 13:29:05.885] [info] Frame 280 (t = 1.4):	 total squared error = 2.64337, marker error: RMS = 0.325169, max = 1.19793 (BR)
[2026-02-25 13:29:05.915] [info] Frame 281 (t = 1.40500):	 total squared error = 2.64007, marker error: RMS = 0.324966, max = 1.19726 (BR)
[2026-02-25 13:29:05.948] [info] Frame 282 (t = 1.41):	 total squared error = 2.63695, marker error: RMS = 0.324774, max = 1.19662 (BR)
[2026-02-25 13:29:05.974] [info] Frame 283 (t = 1.415):	 total squared error = 2.63401, marker error: RMS = 0.324593, max = 1.19603 (BR)
[2026-02-25 13:29:06.001] [info] Frame 284 (t = 1.42):	 total squared error = 2.63127, marker error: RMS = 0.324424, max = 1.19547 (BR)
[2026-02-25 13:29:06.029] [info] Frame 285 (t = 1.425):	 total squared error = 2.62871, marker error: RMS = 0.324266, max = 1.19495 (BR)
[2026-02-25 13:29:06.057] [info] Frame 286 (t = 1.43):	 total squared error = 2.62635, marker error: RMS = 0.32412, max = 1.19446 (BR)
[2026-02-25 13:29:06.089] [info] Frame 287 (t = 1.435):	 total squared error = 2.62417, marker error: RMS = 0.323986, max = 1.19402 (BR)
[2026-02-25 13:29:06.120] [info] Frame 288 (t = 1.44):	 total squared error = 2.62219, marker error: RMS = 0.323864, max = 1.19362 (BR)
[2026-02-25 13:29:06.153] [info] Frame 289 (t = 1.445):	 total squared error = 2.62040, marker error: RMS = 0.323753, max = 1.19325 (BR)
[2026-02-25 13:29:06.188] [info] Frame 290 (t = 1.45):	 total squared error = 2.61881, marker error: RMS = 0.323655, max = 1.19293 (BR)
[2026-02-25 13:29:06.222] [info] Frame 291 (t = 1.455):	 total squared error = 2.61743, marker error: RMS = 0.323569, max = 1.19266 (BR)
[2026-02-25 13:29:06.258] [info] Frame 292 (t = 1.46):	 total squared error = 2.61624, marker error: RMS = 0.323496, max = 1.19242 (BR)
[2026-02-25 13:29:06.300] [info] Frame 293 (t = 1.465):	 total squared error = 2.61528, marker error: RMS = 0.323436, max = 1.19224 (BR)
[2026-02-25 13:29:06.337] [info] Frame 294 (t = 1.47):	 total squared error = 2.61452, marker error: RMS = 0.32339, max = 1.1921 (BR)
[2026-02-25 13:29:06.380] [info] Frame 295 (t = 1.475):	 total squared error = 2.61399, marker error: RMS = 0.323357, max = 1.19201 (BR)
[2026-02-25 13:29:06.454] [info] Frame 296 (t = 1.48):	 total squared error = 2.6137, marker error: RMS = 0.323339, max = 1.19197 (BR)
[2026-02-25 13:29:06.495] [info] Frame 297 (t = 1.485):	 total squared error = 2.61363, marker error: RMS = 0.323335, max = 1.19199 (BR)
[2026-02-25 13:29:06.532] [info] Frame 298 (t = 1.49):	 total squared error = 2.61382, marker error: RMS = 0.323346, max = 1.19206 (BR)
[2026-02-25 13:29:06.562] [info] Frame 299 (t = 1.495):	 total squared error = 2.61426, marker error: RMS = 0.323373, max = 1.19219 (BR)
[2026-02-25 13:29:06.594] [info] Frame 300 (t = 1.5):	 total squared error = 2.61495, marker error: RMS = 0.323416, max = 1.19237 (BR)
[2026-02-25 13:29:06.620] [info] Frame 301 (t = 1.50500):	 total squared error = 2.61592, marker error: RMS = 0.323476, max = 1.19261 (BR)
[2026-02-25 13:29:06.656] [info] Frame 302 (t = 1.51):	 total squared error = 2.61715, marker error: RMS = 0.323552, max = 1.19292 (BR)
[2026-02-25 13:29:06.689] [info] Frame 303 (t = 1.515):	 total squared error = 2.61867, marker error: RMS = 0.323646, max = 1.19329 (BR)
[2026-02-25 13:29:06.720] [info] Frame 304 (t = 1.52):	 total squared error = 2.62047, marker error: RMS = 0.323757, max = 1.19372 (BR)
[2026-02-25 13:29:06.753] [info] Frame 305 (t = 1.525):	 total squared error = 2.62257, marker error: RMS = 0.323887, max = 1.19422 (BR)
[2026-02-25 13:29:06.790] [info] Frame 306 (t = 1.53):	 total squared error = 2.62496, marker error: RMS = 0.324035, max = 1.19478 (BR)
[2026-02-25 13:29:06.827] [info] Frame 307 (t = 1.535):	 total squared error = 2.62766, marker error: RMS = 0.324201, max = 1.19541 (BR)
[2026-02-25 13:29:06.862] [info] Frame 308 (t = 1.54):	 total squared error = 2.63067, marker error: RMS = 0.324387, max = 1.19611 (BR)
[2026-02-25 13:29:06.895] [info] Frame 309 (t = 1.545):	 total squared error = 2.634, marker error: RMS = 0.324592, max = 1.19688 (BR)
[2026-02-25 13:29:06.935] [info] Frame 310 (t = 1.55):	 total squared error = 2.63765, marker error: RMS = 0.324817, max = 1.19773 (BR)
[2026-02-25 13:29:06.965] [info] Frame 311 (t = 1.555):	 total squared error = 2.64164, marker error: RMS = 0.325062, max = 1.19865 (BR)
[2026-02-25 13:29:07.013] [info] Frame 312 (t = 1.56):	 total squared error = 2.64596, marker error: RMS = 0.325328, max = 1.19964 (BR)
[2026-02-25 13:29:07.050] [info] Frame 313 (t = 1.565):	 total squared error = 2.65063, marker error: RMS = 0.325615, max = 1.20071 (BR)
[2026-02-25 13:29:07.082] [info] Frame 314 (t = 1.57):	 total squared error = 2.65566, marker error: RMS = 0.325924, max = 1.20186 (BR)
[2026-02-25 13:29:07.116] [info] Frame 315 (t = 1.575):	 total squared error = 2.66106, marker error: RMS = 0.326255, max = 1.20309 (BR)
[2026-02-25 13:29:07.142] [info] Frame 316 (t = 1.58):	 total squared error = 2.66684, marker error: RMS = 0.326609, max = 1.20440 (BR)
[2026-02-25 13:29:07.182] [info] Frame 317 (t = 1.585):	 total squared error = 2.673, marker error: RMS = 0.326986, max = 1.20580 (BR)
[2026-02-25 13:29:07.219] [info] Frame 318 (t = 1.59):	 total squared error = 2.67956, marker error: RMS = 0.327388, max = 1.20728 (BR)
[2026-02-25 13:29:07.256] [info] Frame 319 (t = 1.595):	 total squared error = 2.68653, marker error: RMS = 0.327813, max = 1.20885 (BR)
[2026-02-25 13:29:07.296] [info] Frame 320 (t = 1.6):	 total squared error = 2.6939, marker error: RMS = 0.328262, max = 1.21051 (BR)
[2026-02-25 13:29:07.335] [info] Frame 321 (t = 1.60500):	 total squared error = 2.70169, marker error: RMS = 0.328737, max = 1.21225 (BR)
[2026-02-25 13:29:07.371] [info] Frame 322 (t = 1.61):	 total squared error = 2.70991, marker error: RMS = 0.329236, max = 1.21409 (BR)
[2026-02-25 13:29:07.386] [info] Frame 323 (t = 1.615):	 total squared error = 2.71855, marker error: RMS = 0.329761, max = 1.21601 (BR)
[2026-02-25 13:29:07.403] [info] Frame 324 (t = 1.62):	 total squared error = 2.72764, marker error: RMS = 0.330311, max = 1.21803 (BR)
[2026-02-25 13:29:07.417] [info] Frame 325 (t = 1.625):	 total squared error = 2.73716, marker error: RMS = 0.330887, max = 1.22013 (BR)
[2026-02-25 13:29:07.437] [info] Frame 326 (t = 1.63):	 total squared error = 2.74713, marker error: RMS = 0.331489, max = 1.22233 (BR)
[2026-02-25 13:29:07.451] [info] Frame 327 (t = 1.635):	 total squared error = 2.75754, marker error: RMS = 0.332117, max = 1.22461 (BR)
[2026-02-25 13:29:07.463] [info] Frame 328 (t = 1.64):	 total squared error = 2.7684, marker error: RMS = 0.33277, max = 1.22699 (BR)
[2026-02-25 13:29:07.475] [info] Frame 329 (t = 1.645):	 total squared error = 2.77972, marker error: RMS = 0.33345, max = 1.22945 (BR)
[2026-02-25 13:29:07.492] [info] Frame 330 (t = 1.65):	 total squared error = 2.79148, marker error: RMS = 0.334155, max = 1.23201 (BR)
[2026-02-25 13:29:07.504] [info] Frame 331 (t = 1.655):	 total squared error = 2.80370, marker error: RMS = 0.334885, max = 1.23465 (BR)
[2026-02-25 13:29:07.519] [info] Frame 332 (t = 1.66):	 total squared error = 2.81638, marker error: RMS = 0.335642, max = 1.23738 (BR)
[2026-02-25 13:29:07.535] [info] Frame 333 (t = 1.665):	 total squared error = 2.82952, marker error: RMS = 0.336423, max = 1.24020 (BR)
[2026-02-25 13:29:07.554] [info] Frame 334 (t = 1.67):	 total squared error = 2.84311, marker error: RMS = 0.337231, max = 1.2431 (BR)
[2026-02-25 13:29:07.568] [info] Frame 335 (t = 1.675):	 total squared error = 2.85716, marker error: RMS = 0.338063, max = 1.24609 (BR)
[2026-02-25 13:29:07.588] [info] Frame 336 (t = 1.68):	 total squared error = 2.87166, marker error: RMS = 0.338919, max = 1.24916 (BR)
[2026-02-25 13:29:07.603] [info] Frame 337 (t = 1.685):	 total squared error = 2.88661, marker error: RMS = 0.339801, max = 1.25232 (BR)
[2026-02-25 13:29:07.623] [info] Frame 338 (t = 1.69):	 total squared error = 2.90201, marker error: RMS = 0.340706, max = 1.25556 (BR)
[2026-02-25 13:29:07.637] [info] Frame 339 (t = 1.695):	 total squared error = 2.91784, marker error: RMS = 0.341634, max = 1.25887 (BR)
[2026-02-25 13:29:07.651] [info] Frame 340 (t = 1.7):	 total squared error = 2.93411, marker error: RMS = 0.342585, max = 1.26226 (BR)
[2026-02-25 13:29:07.672] [info] Frame 341 (t = 1.70500):	 total squared error = 2.95079, marker error: RMS = 0.343557, max = 1.26572 (BR)
[2026-02-25 13:29:07.686] [info] Frame 342 (t = 1.71):	 total squared error = 2.96788, marker error: RMS = 0.344551, max = 1.26925 (BR)
[2026-02-25 13:29:07.708] [info] Frame 343 (t = 1.715):	 total squared error = 2.98538, marker error: RMS = 0.345565, max = 1.27285 (BR)
[2026-02-25 13:29:07.723] [info] Frame 344 (t = 1.72):	 total squared error = 3.00326, marker error: RMS = 0.346598, max = 1.2765 (BR)
[2026-02-25 13:29:07.744] [info] Frame 345 (t = 1.725):	 total squared error = 3.02153, marker error: RMS = 0.347651, max = 1.28022 (BR)
[2026-02-25 13:29:07.784] [info] Frame 346 (t = 1.73):	 total squared error = 3.04016, marker error: RMS = 0.348721, max = 1.284 (BR)
[2026-02-25 13:29:07.798] [info] Frame 347 (t = 1.735):	 total squared error = 3.05917, marker error: RMS = 0.349809, max = 1.28782 (BR)
[2026-02-25 13:29:07.819] [info] Frame 348 (t = 1.74):	 total squared error = 3.07852, marker error: RMS = 0.350914, max = 1.2917 (BR)
[2026-02-25 13:29:07.833] [info] Frame 349 (t = 1.745):	 total squared error = 3.09823, marker error: RMS = 0.352036, max = 1.29563 (BR)
[2026-02-25 13:29:07.848] [info] Frame 350 (t = 1.75):	 total squared error = 3.1183, marker error: RMS = 0.353174, max = 1.29961 (BR)
[2026-02-25 13:29:07.869] [info] Frame 351 (t = 1.755):	 total squared error = 3.13871, marker error: RMS = 0.354328, max = 1.30363 (BR)
[2026-02-25 13:29:07.885] [info] Frame 352 (t = 1.76):	 total squared error = 3.15947, marker error: RMS = 0.355498, max = 1.30770 (BR)
[2026-02-25 13:29:07.909] [info] Frame 353 (t = 1.765):	 total squared error = 3.18058, marker error: RMS = 0.356684, max = 1.31182 (BR)
[2026-02-25 13:29:07.934] [info] Frame 354 (t = 1.77):	 total squared error = 3.20204, marker error: RMS = 0.357885, max = 1.31598 (BR)
[2026-02-25 13:29:07.958] [info] Frame 355 (t = 1.775):	 total squared error = 3.22385, marker error: RMS = 0.359102, max = 1.32019 (BR)
[2026-02-25 13:29:07.989] [info] Frame 356 (t = 1.78):	 total squared error = 3.24602, marker error: RMS = 0.360334, max = 1.32445 (BR)
[2026-02-25 13:29:08.010] [info] Frame 357 (t = 1.785):	 total squared error = 3.26855, marker error: RMS = 0.361582, max = 1.32875 (BR)
[2026-02-25 13:29:08.040] [info] Frame 358 (t = 1.79):	 total squared error = 3.29143, marker error: RMS = 0.362846, max = 1.3331 (BR)
[2026-02-25 13:29:08.064] [info] Frame 359 (t = 1.795):	 total squared error = 3.31467, marker error: RMS = 0.364124, max = 1.3375 (BR)
[2026-02-25 13:29:08.102] [info] Frame 360 (t = 1.8):	 total squared error = 3.33825, marker error: RMS = 0.365418, max = 1.34194 (BR)
[2026-02-25 13:29:08.121] [info] Frame 361 (t = 1.80500):	 total squared error = 3.3622, marker error: RMS = 0.366726, max = 1.34643 (BR)
[2026-02-25 13:29:08.145] [info] Frame 362 (t = 1.81):	 total squared error = 3.38649, marker error: RMS = 0.368048, max = 1.35096 (BR)
[2026-02-25 13:29:08.172] [info] Frame 363 (t = 1.815):	 total squared error = 3.41112, marker error: RMS = 0.369384, max = 1.35554 (BR)
[2026-02-25 13:29:08.202] [info] Frame 364 (t = 1.82):	 total squared error = 3.43609, marker error: RMS = 0.370734, max = 1.36015 (BR)
[2026-02-25 13:29:08.217] [info] Frame 365 (t = 1.825):	 total squared error = 3.46138, marker error: RMS = 0.372095, max = 1.36481 (BR)
[2026-02-25 13:29:08.260] [info] Frame 366 (t = 1.83):	 total squared error = 3.48697, marker error: RMS = 0.373469, max = 1.3695 (BR)
[2026-02-25 13:29:08.281] [info] Frame 367 (t = 1.835):	 total squared error = 3.51287, marker error: RMS = 0.374853, max = 1.37423 (BR)
[2026-02-25 13:29:08.311] [info] Frame 368 (t = 1.84):	 total squared error = 3.53906, marker error: RMS = 0.376248, max = 1.379 (BR)
[2026-02-25 13:29:08.333] [info] Frame 369 (t = 1.845):	 total squared error = 3.56554, marker error: RMS = 0.377653, max = 1.38379 (BR)
[2026-02-25 13:29:08.365] [info] Frame 370 (t = 1.85):	 total squared error = 3.59227, marker error: RMS = 0.379066, max = 1.38862 (BR)
[2026-02-25 13:29:08.377] [info] Frame 371 (t = 1.855):	 total squared error = 3.61926, marker error: RMS = 0.380487, max = 1.39347 (BR)
[2026-02-25 13:29:08.410] [info] Frame 372 (t = 1.86):	 total squared error = 3.64648, marker error: RMS = 0.381915, max = 1.39835 (BR)
[2026-02-25 13:29:08.430] [info] Frame 373 (t = 1.865):	 total squared error = 3.67393, marker error: RMS = 0.38335, max = 1.40325 (BR)
[2026-02-25 13:29:08.454] [info] Frame 374 (t = 1.87):	 total squared error = 3.70159, marker error: RMS = 0.38479, max = 1.40817 (BR)
[2026-02-25 13:29:08.491] [info] Frame 375 (t = 1.875):	 total squared error = 3.72945, marker error: RMS = 0.386236, max = 1.41311 (BR)
[2026-02-25 13:29:08.520] [info] Frame 376 (t = 1.88):	 total squared error = 3.75749, marker error: RMS = 0.387685, max = 1.41807 (BR)
[2026-02-25 13:29:08.536] [info] Frame 377 (t = 1.885):	 total squared error = 3.78571, marker error: RMS = 0.389138, max = 1.42304 (BR)
[2026-02-25 13:29:08.550] [info] Frame 378 (t = 1.89):	 total squared error = 3.81407, marker error: RMS = 0.390593, max = 1.42802 (BR)
[2026-02-25 13:29:08.572] [info] Frame 379 (t = 1.895):	 total squared error = 3.84255, marker error: RMS = 0.392049, max = 1.43301 (BR)
[2026-02-25 13:29:08.603] [info] Frame 380 (t = 1.9):	 total squared error = 3.87115, marker error: RMS = 0.393505, max = 1.43801 (BR)
[2026-02-25 13:29:08.629] [info] Frame 381 (t = 1.90500):	 total squared error = 3.89985, marker error: RMS = 0.394961, max = 1.44301 (BR)
[2026-02-25 13:29:08.654] [info] Frame 382 (t = 1.91):	 total squared error = 3.92862, marker error: RMS = 0.396415, max = 1.448 (BR)
[2026-02-25 13:29:08.669] [info] Frame 383 (t = 1.915):	 total squared error = 3.95746, marker error: RMS = 0.397867, max = 1.453 (BR)
[2026-02-25 13:29:08.692] [info] Frame 384 (t = 1.92):	 total squared error = 3.98632, marker error: RMS = 0.399315, max = 1.45798 (BR)
[2026-02-25 13:29:08.713] [info] Frame 385 (t = 1.925):	 total squared error = 4.01521, marker error: RMS = 0.400760, max = 1.46296 (BR)
[2026-02-25 13:29:08.742] [info] Frame 386 (t = 1.93):	 total squared error = 4.04407, marker error: RMS = 0.402197, max = 1.46791 (BR)
[2026-02-25 13:29:08.772] [info] Frame 387 (t = 1.935):	 total squared error = 4.07292, marker error: RMS = 0.403629, max = 1.47286 (BR)
[2026-02-25 13:29:08.806] [info] Frame 388 (t = 1.94):	 total squared error = 4.10172, marker error: RMS = 0.405054, max = 1.47778 (BR)
[2026-02-25 13:29:08.840] [info] Frame 389 (t = 1.945):	 total squared error = 4.13045, marker error: RMS = 0.406470, max = 1.48267 (BR)
[2026-02-25 13:29:08.864] [info] Frame 390 (t = 1.95):	 total squared error = 4.1591, marker error: RMS = 0.407878, max = 1.48754 (BR)
[2026-02-25 13:29:08.889] [info] Frame 391 (t = 1.955):	 total squared error = 4.18764, marker error: RMS = 0.409275, max = 1.49238 (BR)
[2026-02-25 13:29:08.905] [info] Frame 392 (t = 1.96):	 total squared error = 4.21607, marker error: RMS = 0.410661, max = 1.49718 (BR)
[2026-02-25 13:29:08.930] [info] Frame 393 (t = 1.965):	 total squared error = 4.24433, marker error: RMS = 0.412035, max = 1.50195 (BR)
[2026-02-25 13:29:08.955] [info] Frame 394 (t = 1.97):	 total squared error = 4.27242, marker error: RMS = 0.413397, max = 1.50667 (BR)
[2026-02-25 13:29:08.984] [info] Frame 395 (t = 1.975):	 total squared error = 4.30033, marker error: RMS = 0.414745, max = 1.51136 (BR)
[2026-02-25 13:29:09.014] [info] Frame 396 (t = 1.98):	 total squared error = 4.32801, marker error: RMS = 0.416077, max = 1.51599 (BR)
[2026-02-25 13:29:09.049] [info] Frame 397 (t = 1.985):	 total squared error = 4.35545, marker error: RMS = 0.417394, max = 1.52058 (BR)
[2026-02-25 13:29:09.083] [info] Frame 398 (t = 1.99):	 total squared error = 4.38262, marker error: RMS = 0.418694, max = 1.52511 (BR)
[2026-02-25 13:29:09.107] [info] Frame 399 (t = 1.995):	 total squared error = 4.40949, marker error: RMS = 0.419976, max = 1.52958 (BR)
[2026-02-25 13:29:09.141] [info] Frame 400 (t = 2.0):	 total squared error = 4.43605, marker error: RMS = 0.421238, max = 1.53399 (BR)
[2026-02-25 13:29:09.181] [info] Frame 401 (t = 2.00500):	 total squared error = 4.46224, marker error: RMS = 0.42248, max = 1.53834 (BR)
[2026-02-25 13:29:09.219] [info] Frame 402 (t = 2.01):	 total squared error = 4.48807, marker error: RMS = 0.423701, max = 1.54261 (BR)
[2026-02-25 13:29:09.251] [info] Frame 403 (t = 2.015):	 total squared error = 4.51349, marker error: RMS = 0.424899, max = 1.54681 (BR)
[2026-02-25 13:29:09.289] [info] Frame 404 (t = 2.02):	 total squared error = 4.53847, marker error: RMS = 0.426074, max = 1.55093 (BR)
[2026-02-25 13:29:09.323] [info] Frame 405 (t = 2.025):	 total squared error = 4.563, marker error: RMS = 0.427224, max = 1.55496 (BR)
[2026-02-25 13:29:09.356] [info] Frame 406 (t = 2.03):	 total squared error = 4.58704, marker error: RMS = 0.428347, max = 1.55891 (BR)
[2026-02-25 13:29:09.389] [info] Frame 407 (t = 2.035):	 total squared error = 4.61056, marker error: RMS = 0.429444, max = 1.56277 (BR)
[2026-02-25 13:29:09.423] [info] Frame 408 (t = 2.04):	 total squared error = 4.63355, marker error: RMS = 0.430514, max = 1.56653 (BR)
[2026-02-25 13:29:09.460] [info] Frame 409 (t = 2.045):	 total squared error = 4.65598, marker error: RMS = 0.431554, max = 1.57020 (BR)
[2026-02-25 13:29:09.500] [info] Frame 410 (t = 2.05):	 total squared error = 4.67782, marker error: RMS = 0.432565, max = 1.57376 (BR)
[2026-02-25 13:29:09.531] [info] Frame 411 (t = 2.055):	 total squared error = 4.69907, marker error: RMS = 0.433547, max = 1.57723 (BR)
[2026-02-25 13:29:09.563] [info] Frame 412 (t = 2.06):	 total squared error = 4.71969, marker error: RMS = 0.434497, max = 1.58058 (BR)
[2026-02-25 13:29:09.598] [info] Frame 413 (t = 2.065):	 total squared error = 4.73969, marker error: RMS = 0.435416, max = 1.58384 (BR)
[2026-02-25 13:29:09.628] [info] Frame 414 (t = 2.07):	 total squared error = 4.75904, marker error: RMS = 0.436304, max = 1.58698 (BR)
[2026-02-25 13:29:09.667] [info] Frame 415 (t = 2.075):	 total squared error = 4.77774, marker error: RMS = 0.437161, max = 1.59002 (BR)
[2026-02-25 13:29:09.697] [info] Frame 416 (t = 2.08):	 total squared error = 4.79577, marker error: RMS = 0.437985, max = 1.59294 (BR)
[2026-02-25 13:29:09.724] [info] Frame 417 (t = 2.085):	 total squared error = 4.81314, marker error: RMS = 0.438777, max = 1.59576 (BR)
[2026-02-25 13:29:09.754] [info] Frame 418 (t = 2.09):	 total squared error = 4.82983, marker error: RMS = 0.439537, max = 1.59847 (BR)
[2026-02-25 13:29:09.789] [info] Frame 419 (t = 2.095):	 total squared error = 4.84583, marker error: RMS = 0.440265, max = 1.60106 (BR)
[2026-02-25 13:29:09.818] [info] Frame 420 (t = 2.1):	 total squared error = 4.86114, marker error: RMS = 0.440960, max = 1.60355 (BR)
[2026-02-25 13:29:09.850] [info] Frame 421 (t = 2.10500):	 total squared error = 4.87576, marker error: RMS = 0.441622, max = 1.60592 (BR)
[2026-02-25 13:29:09.877] [info] Frame 422 (t = 2.11):	 total squared error = 4.88968, marker error: RMS = 0.442252, max = 1.60818 (BR)
[2026-02-25 13:29:09.907] [info] Frame 423 (t = 2.115):	 total squared error = 4.90290, marker error: RMS = 0.44285, max = 1.61033 (BR)
[2026-02-25 13:29:09.940] [info] Frame 424 (t = 2.12):	 total squared error = 4.91542, marker error: RMS = 0.443415, max = 1.61236 (BR)
[2026-02-25 13:29:09.974] [info] Frame 425 (t = 2.125):	 total squared error = 4.92724, marker error: RMS = 0.443948, max = 1.61429 (BR)
[2026-02-25 13:29:10.002] [info] Frame 426 (t = 2.13):	 total squared error = 4.93837, marker error: RMS = 0.444449, max = 1.6161 (BR)
[2026-02-25 13:29:10.040] [info] Frame 427 (t = 2.135):	 total squared error = 4.94879, marker error: RMS = 0.444918, max = 1.6178 (BR)
[2026-02-25 13:29:10.073] [info] Frame 428 (t = 2.14):	 total squared error = 4.95853, marker error: RMS = 0.445355, max = 1.6194 (BR)
[2026-02-25 13:29:10.103] [info] Frame 429 (t = 2.145):	 total squared error = 4.96758, marker error: RMS = 0.445762, max = 1.62088 (BR)
[2026-02-25 13:29:10.133] [info] Frame 430 (t = 2.15):	 total squared error = 4.97596, marker error: RMS = 0.446137, max = 1.62226 (BR)
[2026-02-25 13:29:10.162] [info] Frame 431 (t = 2.155):	 total squared error = 4.98367, marker error: RMS = 0.446482, max = 1.62353 (BR)
[2026-02-25 13:29:10.192] [info] Frame 432 (t = 2.16):	 total squared error = 4.99072, marker error: RMS = 0.446798, max = 1.62469 (BR)
[2026-02-25 13:29:10.223] [info] Frame 433 (t = 2.165):	 total squared error = 4.99712, marker error: RMS = 0.447085, max = 1.62576 (BR)
[2026-02-25 13:29:10.258] [info] Frame 434 (t = 2.17):	 total squared error = 5.00291, marker error: RMS = 0.447344, max = 1.62672 (BR)
[2026-02-25 13:29:10.314] [info] Frame 435 (t = 2.175):	 total squared error = 5.00808, marker error: RMS = 0.447575, max = 1.62759 (BR)
[2026-02-25 13:29:10.355] [info] Frame 436 (t = 2.18):	 total squared error = 5.01266, marker error: RMS = 0.447779, max = 1.62836 (BR)
[2026-02-25 13:29:10.400] [info] Frame 437 (t = 2.185):	 total squared error = 5.01667, marker error: RMS = 0.447958, max = 1.62904 (BR)
[2026-02-25 13:29:10.441] [info] Frame 438 (t = 2.19):	 total squared error = 5.02013, marker error: RMS = 0.448113, max = 1.62964 (BR)
[2026-02-25 13:29:10.490] [info] Frame 439 (t = 2.195):	 total squared error = 5.02306, marker error: RMS = 0.448244, max = 1.63015 (BR)
[2026-02-25 13:29:10.537] [info] Frame 440 (t = 2.2):	 total squared error = 5.02549, marker error: RMS = 0.448352, max = 1.63059 (BR)
[2026-02-25 13:29:10.570] [info] Frame 441 (t = 2.20500):	 total squared error = 5.02744, marker error: RMS = 0.448439, max = 1.63095 (BR)
[2026-02-25 13:29:10.616] [info] Frame 442 (t = 2.21):	 total squared error = 5.02894, marker error: RMS = 0.448506, max = 1.63124 (BR)
[2026-02-25 13:29:10.639] [info] Frame 443 (t = 2.215):	 total squared error = 5.03002, marker error: RMS = 0.448554, max = 1.63146 (BR)
[2026-02-25 13:29:10.668] [info] Frame 444 (t = 2.22):	 total squared error = 5.03071, marker error: RMS = 0.448585, max = 1.63162 (BR)
[2026-02-25 13:29:10.694] [info] Frame 445 (t = 2.225):	 total squared error = 5.03104, marker error: RMS = 0.448599, max = 1.63173 (BR)
[2026-02-25 13:29:10.741] [info] Frame 446 (t = 2.23):	 total squared error = 5.03103, marker error: RMS = 0.448599, max = 1.63179 (BR)
[2026-02-25 13:29:10.769] [info] Frame 447 (t = 2.235):	 total squared error = 5.03073, marker error: RMS = 0.448586, max = 1.6318 (BR)
[2026-02-25 13:29:10.806] [info] Frame 448 (t = 2.24):	 total squared error = 5.03016, marker error: RMS = 0.44856, max = 1.63177 (BR)
[2026-02-25 13:29:10.852] [info] Frame 449 (t = 2.245):	 total squared error = 5.02937, marker error: RMS = 0.448525, max = 1.6317 (BR)
[2026-02-25 13:29:10.895] [info] Frame 450 (t = 2.25):	 total squared error = 5.02838, marker error: RMS = 0.448481, max = 1.63161 (BR)
[2026-02-25 13:29:10.951] [info] Frame 451 (t = 2.255):	 total squared error = 5.02724, marker error: RMS = 0.44843, max = 1.63149 (BR)
[2026-02-25 13:29:11.019] [info] Frame 452 (t = 2.26):	 total squared error = 5.02598, marker error: RMS = 0.448374, max = 1.63135 (BR)
[2026-02-25 13:29:11.071] [info] Frame 453 (t = 2.265):	 total squared error = 5.02465, marker error: RMS = 0.448314, max = 1.63121 (BR)
[2026-02-25 13:29:11.117] [info] Frame 454 (t = 2.27):	 total squared error = 5.02326, marker error: RMS = 0.448253, max = 1.63105 (BR)
[2026-02-25 13:29:11.156] [info] Frame 455 (t = 2.275):	 total squared error = 5.02187, marker error: RMS = 0.448191, max = 1.63090 (BR)
[2026-02-25 13:29:11.209] [info] Frame 456 (t = 2.28):	 total squared error = 5.02050, marker error: RMS = 0.448129, max = 1.63074 (BR)
[2026-02-25 13:29:11.261] [info] Frame 457 (t = 2.285):	 total squared error = 5.01918, marker error: RMS = 0.448070, max = 1.63060 (BR)
[2026-02-25 13:29:11.311] [info] Frame 458 (t = 2.29):	 total squared error = 5.01793, marker error: RMS = 0.448015, max = 1.63046 (BR)
[2026-02-25 13:29:11.362] [info] Frame 459 (t = 2.295):	 total squared error = 5.01679, marker error: RMS = 0.447964, max = 1.63034 (BR)
[2026-02-25 13:29:11.414] [info] Frame 460 (t = 2.3):	 total squared error = 5.01576, marker error: RMS = 0.447918, max = 1.63024 (BR)
[2026-02-25 13:29:11.452] [info] Frame 461 (t = 2.30500):	 total squared error = 5.01487, marker error: RMS = 0.447878, max = 1.63015 (BR)
[2026-02-25 13:29:11.491] [info] Frame 462 (t = 2.31):	 total squared error = 5.01411, marker error: RMS = 0.447844, max = 1.63009 (BR)
[2026-02-25 13:29:11.519] [info] Frame 463 (t = 2.315):	 total squared error = 5.01352, marker error: RMS = 0.447818, max = 1.63005 (BR)
[2026-02-25 13:29:11.551] [info] Frame 464 (t = 2.32):	 total squared error = 5.01309, marker error: RMS = 0.447798, max = 1.63003 (BR)
[2026-02-25 13:29:11.580] [info] Frame 465 (t = 2.325):	 total squared error = 5.01281, marker error: RMS = 0.447786, max = 1.63003 (BR)
[2026-02-25 13:29:11.616] [info] Frame 466 (t = 2.33):	 total squared error = 5.0127, marker error: RMS = 0.447781, max = 1.63006 (BR)
[2026-02-25 13:29:11.644] [info] Frame 467 (t = 2.335):	 total squared error = 5.01275, marker error: RMS = 0.447784, max = 1.63011 (BR)
[2026-02-25 13:29:11.673] [info] Frame 468 (t = 2.34):	 total squared error = 5.01296, marker error: RMS = 0.447793, max = 1.63018 (BR)
[2026-02-25 13:29:11.699] [info] Frame 469 (t = 2.345):	 total squared error = 5.01332, marker error: RMS = 0.447809, max = 1.63027 (BR)
[2026-02-25 13:29:11.723] [info] Frame 470 (t = 2.35):	 total squared error = 5.01383, marker error: RMS = 0.447831, max = 1.63039 (BR)
[2026-02-25 13:29:11.786] [info] Frame 471 (t = 2.355):	 total squared error = 5.01447, marker error: RMS = 0.44786, max = 1.63052 (BR)
[2026-02-25 13:29:11.840] [info] Frame 472 (t = 2.36):	 total squared error = 5.01523, marker error: RMS = 0.447894, max = 1.63067 (BR)
[2026-02-25 13:29:11.896] [info] Frame 473 (t = 2.365):	 total squared error = 5.01612, marker error: RMS = 0.447934, max = 1.63083 (BR)
[2026-02-25 13:29:11.945] [info] Frame 474 (t = 2.37):	 total squared error = 5.0171, marker error: RMS = 0.447978, max = 1.63101 (BR)
[2026-02-25 13:29:11.987] [info] Frame 475 (t = 2.375):	 total squared error = 5.01818, marker error: RMS = 0.448026, max = 1.6312 (BR)
[2026-02-25 13:29:12.022] [info] Frame 476 (t = 2.38):	 total squared error = 5.01932, marker error: RMS = 0.448077, max = 1.63139 (BR)
[2026-02-25 13:29:12.055] [info] Frame 477 (t = 2.385):	 total squared error = 5.02052, marker error: RMS = 0.44813, max = 1.63159 (BR)
[2026-02-25 13:29:12.087] [info] Frame 478 (t = 2.39):	 total squared error = 5.02176, marker error: RMS = 0.448186, max = 1.6318 (BR)
[2026-02-25 13:29:12.119] [info] Frame 479 (t = 2.395):	 total squared error = 5.02303, marker error: RMS = 0.448243, max = 1.632 (BR)
[2026-02-25 13:29:12.144] [info] Frame 480 (t = 2.4):	 total squared error = 5.02432, marker error: RMS = 0.4483, max = 1.63221 (BR)
[2026-02-25 13:29:12.169] [info] Frame 481 (t = 2.40500):	 total squared error = 5.0256, marker error: RMS = 0.448357, max = 1.63241 (BR)
[2026-02-25 13:29:12.193] [info] Frame 482 (t = 2.41):	 total squared error = 5.02686, marker error: RMS = 0.448413, max = 1.6326 (BR)
[2026-02-25 13:29:12.220] [info] Frame 483 (t = 2.415):	 total squared error = 5.0281, marker error: RMS = 0.448468, max = 1.63279 (BR)
[2026-02-25 13:29:12.257] [info] Frame 484 (t = 2.42):	 total squared error = 5.02929, marker error: RMS = 0.448522, max = 1.63297 (BR)
[2026-02-25 13:29:12.281] [info] Frame 485 (t = 2.425):	 total squared error = 5.03044, marker error: RMS = 0.448573, max = 1.63313 (BR)
[2026-02-25 13:29:12.302] [info] Frame 486 (t = 2.43):	 total squared error = 5.03153, marker error: RMS = 0.448621, max = 1.63329 (BR)
[2026-02-25 13:29:12.336] [info] Frame 487 (t = 2.435):	 total squared error = 5.03254, marker error: RMS = 0.448667, max = 1.63343 (BR)
[2026-02-25 13:29:12.363] [info] Frame 488 (t = 2.44):	 total squared error = 5.03349, marker error: RMS = 0.448709, max = 1.63356 (BR)
[2026-02-25 13:29:12.401] [info] Frame 489 (t = 2.445):	 total squared error = 5.03435, marker error: RMS = 0.448747, max = 1.63368 (BR)
[2026-02-25 13:29:12.429] [info] Frame 490 (t = 2.45):	 total squared error = 5.03514, marker error: RMS = 0.448782, max = 1.63378 (BR)
[2026-02-25 13:29:12.465] [info] Frame 491 (t = 2.455):	 total squared error = 5.03584, marker error: RMS = 0.448814, max = 1.63386 (BR)
[2026-02-25 13:29:12.491] [info] Frame 492 (t = 2.46):	 total squared error = 5.03646, marker error: RMS = 0.448841, max = 1.63393 (BR)
[2026-02-25 13:29:12.536] [info] Frame 493 (t = 2.465):	 total squared error = 5.03699, marker error: RMS = 0.448865, max = 1.63399 (BR)
[2026-02-25 13:29:12.571] [info] Frame 494 (t = 2.47):	 total squared error = 5.03744, marker error: RMS = 0.448885, max = 1.63403 (BR)
[2026-02-25 13:29:12.600] [info] Frame 495 (t = 2.475):	 total squared error = 5.03781, marker error: RMS = 0.448901, max = 1.63405 (BR)
[2026-02-25 13:29:12.630] [info] Frame 496 (t = 2.48):	 total squared error = 5.0381, marker error: RMS = 0.448914, max = 1.63407 (BR)
[2026-02-25 13:29:12.653] [info] Frame 497 (t = 2.485):	 total squared error = 5.0383, marker error: RMS = 0.448923, max = 1.63407 (BR)
[2026-02-25 13:29:12.674] [info] Frame 498 (t = 2.49):	 total squared error = 5.03844, marker error: RMS = 0.448929, max = 1.63406 (BR)
[2026-02-25 13:29:12.702] [info] Frame 499 (t = 2.495):	 total squared error = 5.03849, marker error: RMS = 0.448932, max = 1.63403 (BR)
[2026-02-25 13:29:12.729] [info] Frame 500 (t = 2.5):	 total squared error = 5.03848, marker error: RMS = 0.448931, max = 1.634 (BR)
[2026-02-25 13:29:12.755] [info] Frame 501 (t = 2.50500):	 total squared error = 5.03839, marker error: RMS = 0.448927, max = 1.63396 (BR)
[2026-02-25 13:29:12.785] [info] Frame 502 (t = 2.51):	 total squared error = 5.03825, marker error: RMS = 0.448921, max = 1.6339 (BR)
[2026-02-25 13:29:12.818] [info] Frame 503 (t = 2.515):	 total squared error = 5.03804, marker error: RMS = 0.448911, max = 1.63384 (BR)
[2026-02-25 13:29:12.863] [info] Frame 504 (t = 2.52):	 total squared error = 5.03777, marker error: RMS = 0.4489, max = 1.63377 (BR)
[2026-02-25 13:29:12.895] [info] Frame 505 (t = 2.525):	 total squared error = 5.03745, marker error: RMS = 0.448885, max = 1.63369 (BR)
[2026-02-25 13:29:12.931] [info] Frame 506 (t = 2.53):	 total squared error = 5.03709, marker error: RMS = 0.448869, max = 1.63361 (BR)
[2026-02-25 13:29:12.964] [info] Frame 507 (t = 2.535):	 total squared error = 5.03669, marker error: RMS = 0.448851, max = 1.63352 (BR)
[2026-02-25 13:29:12.999] [info] Frame 508 (t = 2.54):	 total squared error = 5.03625, marker error: RMS = 0.448832, max = 1.63344 (BR)
[2026-02-25 13:29:13.037] [info] Frame 509 (t = 2.545):	 total squared error = 5.03578, marker error: RMS = 0.448811, max = 1.63335 (BR)
[2026-02-25 13:29:13.062] [info] Frame 510 (t = 2.55):	 total squared error = 5.03528, marker error: RMS = 0.448789, max = 1.63326 (BR)
[2026-02-25 13:29:13.089] [info] Frame 511 (t = 2.555):	 total squared error = 5.03477, marker error: RMS = 0.448766, max = 1.63317 (BR)
[2026-02-25 13:29:13.128] [info] Frame 512 (t = 2.56):	 total squared error = 5.03423, marker error: RMS = 0.448742, max = 1.63308 (BR)
[2026-02-25 13:29:13.158] [info] Frame 513 (t = 2.565):	 total squared error = 5.03369, marker error: RMS = 0.448718, max = 1.63299 (BR)
[2026-02-25 13:29:13.187] [info] Frame 514 (t = 2.57):	 total squared error = 5.03313, marker error: RMS = 0.448693, max = 1.6329 (BR)
[2026-02-25 13:29:13.221] [info] Frame 515 (t = 2.575):	 total squared error = 5.03257, marker error: RMS = 0.448668, max = 1.63281 (BR)
[2026-02-25 13:29:13.250] [info] Frame 516 (t = 2.58):	 total squared error = 5.032, marker error: RMS = 0.448643, max = 1.63273 (BR)
[2026-02-25 13:29:13.287] [info] Frame 517 (t = 2.585):	 total squared error = 5.03145, marker error: RMS = 0.448618, max = 1.63264 (BR)
[2026-02-25 13:29:13.324] [info] Frame 518 (t = 2.59):	 total squared error = 5.03090, marker error: RMS = 0.448594, max = 1.63256 (BR)
[2026-02-25 13:29:13.353] [info] Frame 519 (t = 2.595):	 total squared error = 5.03038, marker error: RMS = 0.44857, max = 1.63248 (BR)
[2026-02-25 13:29:13.392] [info] Frame 520 (t = 2.6):	 total squared error = 5.0299, marker error: RMS = 0.448549, max = 1.63241 (BR)
[2026-02-25 13:29:13.420] [info] Frame 521 (t = 2.60500):	 total squared error = 5.02945, marker error: RMS = 0.448529, max = 1.63234 (BR)
[2026-02-25 13:29:13.475] [info] Frame 522 (t = 2.61):	 total squared error = 5.02906, marker error: RMS = 0.448512, max = 1.63228 (BR)
[2026-02-25 13:29:13.510] [info] Frame 523 (t = 2.615):	 total squared error = 5.02874, marker error: RMS = 0.448497, max = 1.63224 (BR)
[2026-02-25 13:29:13.559] [info] Frame 524 (t = 2.62):	 total squared error = 5.02847, marker error: RMS = 0.448485, max = 1.6322 (BR)
[2026-02-25 13:29:13.590] [info] Frame 525 (t = 2.625):	 total squared error = 5.02828, marker error: RMS = 0.448476, max = 1.63217 (BR)
[2026-02-25 13:29:13.638] [info] Frame 526 (t = 2.63):	 total squared error = 5.02815, marker error: RMS = 0.448471, max = 1.63215 (BR)
[2026-02-25 13:29:13.681] [info] Frame 527 (t = 2.635):	 total squared error = 5.02807, marker error: RMS = 0.448467, max = 1.63214 (BR)
[2026-02-25 13:29:13.710] [info] Frame 528 (t = 2.64):	 total squared error = 5.02804, marker error: RMS = 0.448466, max = 1.63214 (BR)
[2026-02-25 13:29:13.745] [info] Frame 529 (t = 2.645):	 total squared error = 5.02804, marker error: RMS = 0.448466, max = 1.63214 (BR)
[2026-02-25 13:29:13.782] [info] InverseKinematicsTool completed 529 frames in 17 second(s).
[2026-02-25 13:29:20.840] [info] Loaded model scaled_opt_N10.osim from file ..\..\..\..\models\Athlete_03\25_03_31\scaled_opt_N10_increased_3.00.osim
[2026-02-25 13:29:20.952] [info] Storage: read data file = joint_angles.mot (nr=529 nc=40)
[2026-02-25 13:29:21.028] [info] Loaded model scaled_opt_N10.osim from file ..\..\..\..\models\Athlete_03\25_03_31\scaled_opt_N10_increased_3.00.osim
[2026-02-25 13:29:21.122] [cout] [info] 
               MODEL: scaled_opt_N10.osim
         coordinates: 39
              forces: 97
           actuators: 97
             muscles: 80
            analyses: 0
              probes: 0
              bodies: 22
              joints: 22
         constraints: 2
             markers: 45
         controllers: 0
  contact geometries: 0
misc modelcomponents: 0
[2026-02-25 13:29:21.122] [info] Running tool ...
[2026-02-25 13:29:21.240] [info] Storage: read data file = grf.mot (nr=5300 nc=46)
[2026-02-25 13:29:21.354] [info] ExternalForce::grf_r_4 Data source being set to grf
[2026-02-25 13:29:21.354] [info] ExternalForce::grf_l_5 Data source being set to grf
[2026-02-25 13:29:21.387] [info] Storage: read data file = joint_angles.mot (nr=529 nc=40)
[2026-02-25 13:29:21.405] [info] Low-pass filtering coordinates data with a cutoff frequency of 6.0...
[2026-02-25 13:29:22.221] [info] InverseDynamicsTool: 529 time frames in 611 millisecond(s).
[2026-02-25 13:29:26.749] [info] Loaded model scaled_opt_N10.osim from file ..\..\..\..\models\Athlete_03\25_03_31\scaled_opt_N10_increased_3.00.osim
[2026-02-25 13:29:26.873] [info] Storage: read data file = joint_angles.mot (nr=529 nc=40)
[2026-02-25 13:29:26.918] [info] AbstractTool  loading model ..\..\..\..\models\Athlete_03\25_03_31\scaled_opt_N10_increased_3.00.osim
[2026-02-25 13:29:26.970] [info] Loaded model scaled_opt_N10.osim from file ..\..\..\..\models\Athlete_03\25_03_31\scaled_opt_N10_increased_3.00.osim
[2026-02-25 13:29:27.229] [info] Storage: read data file = grf.mot (nr=5300 nc=46)
[2026-02-25 13:29:27.343] [info] ExternalForce::grf_r_4 Data source being set to grf
[2026-02-25 13:29:27.343] [info] ExternalForce::grf_l_5 Data source being set to grf
[2026-02-25 13:29:27.380] [info] Loading coordinates from file 'joint_angles.mot'.
[2026-02-25 13:29:27.381] [info] Storage: read data file = joint_angles.mot (nr=529 nc=40)
[2026-02-25 13:29:27.394] [info] Low-pass filtering coordinates data with a cutoff frequency of 6.0...
[2026-02-25 13:29:27.891] [info] AssemblySolver::track() attempt Failed: SimTK Exception thrown at Assembler.cpp:973:
  Method Assembler::track() failed because:
Unable to achieve required assembly error tolerance.
Assembly error tolerance achieved: 9.9514510064940799e-09 required: 1e-10.
[2026-02-25 13:29:27.902] [error] Model unable to assemble: AssemblySolver::assemble() Failed: SimTK Exception thrown at Assembler.cpp:897:
  Method Assembler::assemble() failed because:
Unable to achieve required assembly error tolerance.
Assembly error tolerance achieved: 9.9514509936733082e-09 required: 1e-10..Model relaxing constraints and trying again.
[2026-02-25 13:29:29.014] [info] Found 1057 state vectors with time stamps ranging from -1.315 to 3.965.
[2026-02-25 13:29:29.015] [info] Executing the analyses from 0.00500000 to 2.645...
[2026-02-25 13:29:29.026] [warning] MuscleAnalysis: coordinate mtp_angle_r is locked and can't be varied.
[2026-02-25 13:29:29.026] [warning] MuscleAnalysis: coordinate mtp_angle_l is locked and can't be varied.
[2026-02-25 13:29:29.026] [warning] MuscleAnalysis: coordinate wrist_flex_r is locked and can't be varied.
[2026-02-25 13:29:29.026] [warning] MuscleAnalysis: coordinate wrist_dev_r is locked and can't be varied.
[2026-02-25 13:29:29.032] [warning] MuscleAnalysis: coordinate wrist_flex_l is locked and can't be varied.
[2026-02-25 13:29:29.032] [warning] MuscleAnalysis: coordinate wrist_dev_l is locked and can't be varied.
[2026-02-25 13:32:06.865] [info] Printing results of investigation  to MuscleAnalysis
[2026-02-25 13:32:09.420] [info] Loaded model scaled_opt_N10.osim from file ..\..\..\..\models\Athlete_03\25_03_31\scaled_opt_N10_increased_3.00.osim
[2026-02-25 13:32:09.486] [info] Storage: read data file = joint_angles.mot (nr=529 nc=40)
[2026-02-25 13:32:09.510] [info] AbstractTool SO loading model ..\..\..\..\models\Athlete_03\25_03_31\scaled_opt_N10_increased_3.00.osim
[2026-02-25 13:32:09.556] [info] Loaded model scaled_opt_N10.osim from file ..\..\..\..\models\Athlete_03\25_03_31\scaled_opt_N10_increased_3.00.osim
[2026-02-25 13:32:09.649] [info] Adding force object set from actuators_so.xml
[2026-02-25 13:32:09.749] [info] Storage: read data file = grf.mot (nr=5300 nc=46)
[2026-02-25 13:32:09.848] [info] ExternalForce::grf_r_4 Data source being set to grf
[2026-02-25 13:32:09.849] [info] ExternalForce::grf_l_5 Data source being set to grf
[2026-02-25 13:32:09.865] [info] Loading coordinates from file 'joint_angles.mot'.
[2026-02-25 13:32:09.866] [info] Storage: read data file = joint_angles.mot (nr=529 nc=40)
[2026-02-25 13:32:09.880] [info] Low-pass filtering coordinates data with a cutoff frequency of 6.0...
[2026-02-25 13:32:10.279] [info] AssemblySolver::track() attempt Failed: SimTK Exception thrown at Assembler.cpp:973:
  Method Assembler::track() failed because:
Unable to achieve required assembly error tolerance.
Assembly error tolerance achieved: 9.9514510064940799e-09 required: 1e-10.
[2026-02-25 13:32:10.287] [error] Model unable to assemble: AssemblySolver::assemble() Failed: SimTK Exception thrown at Assembler.cpp:897:
  Method Assembler::assemble() failed because:
Unable to achieve required assembly error tolerance.
Assembly error tolerance achieved: 9.9514509936733082e-09 required: 1e-10..Model relaxing constraints and trying again.
[2026-02-25 13:32:11.042] [info] Found 1057 state vectors with time stamps ranging from -1.315 to 3.965.
[2026-02-25 13:32:11.043] [info] Executing the analyses from 0.00500000 to 2.645...
[2026-02-25 13:32:11.161] [info] Storage: read data file = grf.mot (nr=5300 nc=46)
[2026-02-25 13:32:11.258] [info] ExternalForce::grf_r_4 Data source being set to grf
[2026-02-25 13:32:11.258] [info] ExternalForce::grf_l_5 Data source being set to grf
[2026-02-25 13:32:11.314] [info] Storage: read data file = grf.mot (nr=5300 nc=46)
[2026-02-25 13:32:11.418] [info] ExternalForce::grf_r_4 Data source being set to grf
[2026-02-25 13:32:11.418] [info] ExternalForce::grf_l_5 Data source being set to grf
[2026-02-25 13:32:12.998] [cout] [info] time = 0.00500000 Performance = 36.1779 Constraint violation = 3.50826e-11
[2026-02-25 13:32:13.001] [info] Bounds for 'addbrev_r': 0.01 to 1.0.
[2026-02-25 13:32:13.002] [info] Bounds for 'addlong_r': 0.01 to 1.0.
[2026-02-25 13:32:13.002] [info] Bounds for 'addmagDist_r': 0.01 to 1.0.
[2026-02-25 13:32:13.002] [info] Bounds for 'addmagIsch_r': 0.01 to 1.0.
[2026-02-25 13:32:13.002] [info] Bounds for 'addmagMid_r': 0.01 to 1.0.
[2026-02-25 13:32:13.002] [info] Bounds for 'addmagProx_r': 0.01 to 1.0.
[2026-02-25 13:32:13.002] [info] Bounds for 'bflh_r': 0.01 to 1.0.
[2026-02-25 13:32:13.002] [info] Bounds for 'bfsh_r': 0.01 to 1.0.
[2026-02-25 13:32:13.002] [info] Bounds for 'edl_r': 0.01 to 1.0.
[2026-02-25 13:32:13.002] [info] Bounds for 'ehl_r': 0.01 to 1.0.
[2026-02-25 13:32:13.002] [info] Bounds for 'fdl_r': 0.01 to 1.0.
[2026-02-25 13:32:13.002] [info] Bounds for 'fhl_r': 0.01 to 1.0.
[2026-02-25 13:32:13.002] [info] Bounds for 'gaslat_r': 0.01 to 1.0.
[2026-02-25 13:32:13.002] [info] Bounds for 'gasmed_r': 0.01 to 1.0.
[2026-02-25 13:32:13.002] [info] Bounds for 'glmax1_r': 0.01 to 1.0.
[2026-02-25 13:32:13.003] [info] Bounds for 'glmax2_r': 0.01 to 1.0.
[2026-02-25 13:32:13.003] [info] Bounds for 'glmax3_r': 0.01 to 1.0.
[2026-02-25 13:32:13.003] [info] Bounds for 'glmed1_r': 0.01 to 1.0.
[2026-02-25 13:32:13.003] [info] Bounds for 'glmed2_r': 0.01 to 1.0.
[2026-02-25 13:32:13.003] [info] Bounds for 'glmed3_r': 0.01 to 1.0.
[2026-02-25 13:32:13.003] [info] Bounds for 'glmin1_r': 0.01 to 1.0.
[2026-02-25 13:32:13.003] [info] Bounds for 'glmin2_r': 0.01 to 1.0.
[2026-02-25 13:32:13.003] [info] Bounds for 'glmin3_r': 0.01 to 1.0.
[2026-02-25 13:32:13.003] [info] Bounds for 'grac_r': 0.01 to 1.0.
[2026-02-25 13:32:13.003] [info] Bounds for 'iliacus_r': 0.01 to 1.0.
[2026-02-25 13:32:13.003] [info] Bounds for 'perbrev_r': 0.01 to 1.0.
[2026-02-25 13:32:13.003] [info] Bounds for 'perlong_r': 0.01 to 1.0.
[2026-02-25 13:32:13.003] [info] Bounds for 'piri_r': 0.01 to 1.0.
[2026-02-25 13:32:13.003] [info] Bounds for 'psoas_r': 0.01 to 1.0.
[2026-02-25 13:32:13.003] [info] Bounds for 'recfem_r': 0.01 to 1.0.
[2026-02-25 13:32:13.003] [info] Bounds for 'sart_r': 0.01 to 1.0.
[2026-02-25 13:32:13.003] [info] Bounds for 'semimem_r': 0.01 to 1.0.
[2026-02-25 13:32:13.003] [info] Bounds for 'semiten_r': 0.01 to 1.0.
[2026-02-25 13:32:13.003] [info] Bounds for 'soleus_r': 0.01 to 1.0.
[2026-02-25 13:32:13.003] [info] Bounds for 'tfl_r': 0.01 to 1.0.
[2026-02-25 13:32:13.003] [info] Bounds for 'tibant_r': 0.01 to 1.0.
[2026-02-25 13:32:13.003] [info] Bounds for 'tibpost_r': 0.01 to 1.0.
[2026-02-25 13:32:13.003] [info] Bounds for 'vasint_r': 0.01 to 1.0.
[2026-02-25 13:32:13.003] [info] Bounds for 'vaslat_r': 0.01 to 1.0.
[2026-02-25 13:32:13.003] [info] Bounds for 'vasmed_r': 0.01 to 1.0.
[2026-02-25 13:32:13.003] [info] Bounds for 'addbrev_l': 0.01 to 1.0.
[2026-02-25 13:32:13.004] [info] Bounds for 'addlong_l': 0.01 to 1.0.
[2026-02-25 13:32:13.004] [info] Bounds for 'addmagDist_l': 0.01 to 1.0.
[2026-02-25 13:32:13.004] [info] Bounds for 'addmagIsch_l': 0.01 to 1.0.
[2026-02-25 13:32:13.004] [info] Bounds for 'addmagMid_l': 0.01 to 1.0.
[2026-02-25 13:32:13.004] [info] Bounds for 'addmagProx_l': 0.01 to 1.0.
[2026-02-25 13:32:13.004] [info] Bounds for 'bflh_l': 0.01 to 1.0.
[2026-02-25 13:32:13.004] [info] Bounds for 'bfsh_l': 0.01 to 1.0.
[2026-02-25 13:32:13.004] [info] Bounds for 'edl_l': 0.01 to 1.0.
[2026-02-25 13:32:13.004] [info] Bounds for 'ehl_l': 0.01 to 1.0.
[2026-02-25 13:32:13.004] [info] Bounds for 'fdl_l': 0.01 to 1.0.
[2026-02-25 13:32:13.004] [info] Bounds for 'fhl_l': 0.01 to 1.0.
[2026-02-25 13:32:13.004] [info] Bounds for 'gaslat_l': 0.01 to 1.0.
[2026-02-25 13:32:13.004] [info] Bounds for 'gasmed_l': 0.01 to 1.0.
[2026-02-25 13:32:13.004] [info] Bounds for 'glmax1_l': 0.01 to 1.0.
[2026-02-25 13:32:13.004] [info] Bounds for 'glmax2_l': 0.01 to 1.0.
[2026-02-25 13:32:13.004] [info] Bounds for 'glmax3_l': 0.01 to 1.0.
[2026-02-25 13:32:13.004] [info] Bounds for 'glmed1_l': 0.01 to 1.0.
[2026-02-25 13:32:13.004] [info] Bounds for 'glmed2_l': 0.01 to 1.0.
[2026-02-25 13:32:13.005] [info] Bounds for 'glmed3_l': 0.01 to 1.0.
[2026-02-25 13:32:13.005] [info] Bounds for 'glmin1_l': 0.01 to 1.0.
[2026-02-25 13:32:13.005] [info] Bounds for 'glmin2_l': 0.01 to 1.0.
[2026-02-25 13:32:13.005] [info] Bounds for 'glmin3_l': 0.01 to 1.0.
[2026-02-25 13:32:13.005] [info] Bounds for 'grac_l': 0.01 to 1.0.
[2026-02-25 13:32:13.005] [info] Bounds for 'iliacus_l': 0.01 to 1.0.
[2026-02-25 13:32:13.005] [info] Bounds for 'perbrev_l': 0.01 to 1.0.
[2026-02-25 13:32:13.005] [info] Bounds for 'perlong_l': 0.01 to 1.0.
[2026-02-25 13:32:13.005] [info] Bounds for 'piri_l': 0.01 to 1.0.
[2026-02-25 13:32:13.005] [info] Bounds for 'psoas_l': 0.01 to 1.0.
[2026-02-25 13:32:13.005] [info] Bounds for 'recfem_l': 0.01 to 1.0.
[2026-02-25 13:32:13.005] [info] Bounds for 'sart_l': 0.01 to 1.0.
[2026-02-25 13:32:13.005] [info] Bounds for 'semimem_l': 0.01 to 1.0.
[2026-02-25 13:32:13.005] [info] Bounds for 'semiten_l': 0.01 to 1.0.
[2026-02-25 13:32:13.005] [info] Bounds for 'soleus_l': 0.01 to 1.0.
[2026-02-25 13:32:13.005] [info] Bounds for 'tfl_l': 0.01 to 1.0.
[2026-02-25 13:32:13.005] [info] Bounds for 'tibant_l': 0.01 to 1.0.
[2026-02-25 13:32:13.005] [info] Bounds for 'tibpost_l': 0.01 to 1.0.
[2026-02-25 13:32:13.005] [info] Bounds for 'vasint_l': 0.01 to 1.0.
[2026-02-25 13:32:13.006] [info] Bounds for 'vaslat_l': 0.01 to 1.0.
[2026-02-25 13:32:13.006] [info] Bounds for 'vasmed_l': 0.01 to 1.0.
[2026-02-25 13:32:13.006] [info] Bounds for 'lumbar_ext': -inf to inf.
[2026-02-25 13:32:13.006] [info] Bounds for 'lumbar_bend': -inf to inf.
[2026-02-25 13:32:13.006] [info] Bounds for 'lumbar_rot': -inf to inf.
[2026-02-25 13:32:13.006] [info] Bounds for 'shoulder_flex_r': -inf to inf.
[2026-02-25 13:32:13.006] [info] Bounds for 'shoulder_add_r': -inf to inf.
[2026-02-25 13:32:13.006] [info] Bounds for 'shoulder_rot_r': -inf to inf.
[2026-02-25 13:32:13.006] [info] Bounds for 'elbow_flex_r': -inf to inf.
[2026-02-25 13:32:13.006] [info] Bounds for 'pro_sup_r': -inf to inf.
[2026-02-25 13:32:13.006] [info] Bounds for 'wrist_flex_r': -inf to inf.
[2026-02-25 13:32:13.006] [info] Bounds for 'wrist_dev_r': -inf to inf.
[2026-02-25 13:32:13.006] [info] Bounds for 'shoulder_flex_l': -inf to inf.
[2026-02-25 13:32:13.006] [info] Bounds for 'shoulder_add_l': -inf to inf.
[2026-02-25 13:32:13.006] [info] Bounds for 'shoulder_rot_l': -inf to inf.
[2026-02-25 13:32:13.006] [info] Bounds for 'elbow_flex_l': -inf to inf.
[2026-02-25 13:32:13.006] [info] Bounds for 'pro_sup_l': -inf to inf.
[2026-02-25 13:32:13.006] [info] Bounds for 'wrist_flex_l': -inf to inf.
[2026-02-25 13:32:13.006] [info] Bounds for 'wrist_dev_l': -inf to inf.
[2026-02-25 13:32:13.006] [info] Bounds for 'FX': -inf to inf.
[2026-02-25 13:32:13.006] [info] Bounds for 'FY': -inf to inf.
[2026-02-25 13:32:13.007] [info] Bounds for 'FZ': -inf to inf.
[2026-02-25 13:32:13.007] [info] Bounds for 'MX': -inf to inf.
[2026-02-25 13:32:13.007] [info] Bounds for 'MY': -inf to inf.
[2026-02-25 13:32:13.007] [info] Bounds for 'MZ': -inf to inf.
[2026-02-25 13:32:13.007] [info] Bounds for 'hip_flexion_r_reserve': -1.0 to 1.0.
[2026-02-25 13:32:13.007] [info] Bounds for 'hip_adduction_r_reserve': -1.0 to 1.0.
[2026-02-25 13:32:13.007] [info] Bounds for 'hip_rotation_r_reserve': -1.0 to 1.0.
[2026-02-25 13:32:13.007] [info] Bounds for 'knee_angle_r_reserve': -1.0 to 1.0.
[2026-02-25 13:32:13.007] [info] Bounds for 'ankle_angle_r_reserve': -1.0 to 1.0.
[2026-02-25 13:32:13.007] [info] Bounds for 'hip_flexion_l_reserve': -1.0 to 1.0.
[2026-02-25 13:32:13.008] [info] Bounds for 'hip_adduction_l_reserve': -1.0 to 1.0.
[2026-02-25 13:32:13.008] [info] Bounds for 'hip_rotation_l_reserve': -1.0 to 1.0.
[2026-02-25 13:32:13.008] [info] Bounds for 'knee_angle_l_reserve': -1.0 to 1.0.
[2026-02-25 13:32:13.008] [info] Bounds for 'ankle_angle_l_reserve': -1.0 to 1.0.
[2026-02-25 13:32:13.396] [cout] [info] time = 0.01 Performance = 37.3945 Constraint violation = 7.72501e-12
[2026-02-25 13:32:13.769] [cout] [info] time = 0.015 Performance = 38.6254 Constraint violation = 1.93626e-11
[2026-02-25 13:32:14.141] [cout] [info] time = 0.02 Performance = 39.8187 Constraint violation = 4.68251e-11
[2026-02-25 13:32:14.504] [cout] [info] time = 0.025 Performance = 40.9199 Constraint violation = 3.67735e-11
[2026-02-25 13:32:14.879] [cout] [info] time = 0.03 Performance = 41.8758 Constraint violation = 9.15172e-12
[2026-02-25 13:32:15.237] [cout] [info] time = 0.035 Performance = 42.6392 Constraint violation = 3.27691e-11
[2026-02-25 13:32:15.605] [cout] [info] time = 0.04 Performance = 43.1725 Constraint violation = 8.00597e-12
[2026-02-25 13:32:15.978] [cout] [info] time = 0.045 Performance = 43.4503 Constraint violation = 7.05575e-12
[2026-02-25 13:32:16.351] [cout] [info] time = 0.05 Performance = 43.4591 Constraint violation = 3.40409e-11
[2026-02-25 13:32:16.723] [cout] [info] time = 0.055 Performance = 43.2021 Constraint violation = 2.71244e-11
[2026-02-25 13:32:17.110] [cout] [info] time = 0.06 Performance = 42.6942 Constraint violation = 2.79783e-12
[2026-02-25 13:32:17.483] [cout] [info] time = 0.065 Performance = 41.962 Constraint violation = 4.62335e-12
[2026-02-25 13:32:17.858] [cout] [info] time = 0.07 Performance = 41.0376 Constraint violation = 7.59993e-11
[2026-02-25 13:32:18.223] [cout] [info] time = 0.075 Performance = 39.9593 Constraint violation = 3.13098e-12
[2026-02-25 13:32:18.594] [cout] [info] time = 0.08 Performance = 38.7731 Constraint violation = 3.88923e-12
[2026-02-25 13:32:18.960] [cout] [info] time = 0.085 Performance = 37.5155 Constraint violation = 2.86876e-11
[2026-02-25 13:32:19.325] [cout] [info] time = 0.09 Performance = 36.2275 Constraint violation = 2.8473e-11
[2026-02-25 13:32:19.681] [cout] [info] time = 0.095 Performance = 34.9457 Constraint violation = 2.43372e-11
[2026-02-25 13:32:20.054] [cout] [info] time = 0.1 Performance = 33.7026 Constraint violation = 1.60813e-11
[2026-02-25 13:32:20.420] [cout] [info] time = 0.105000 Performance = 32.5267 Constraint violation = 2.00768e-11
[2026-02-25 13:32:20.850] [cout] [info] time = 0.11 Performance = 31.4417 Constraint violation = 3.13768e-11
[2026-02-25 13:32:21.243] [cout] [info] time = 0.115 Performance = 30.4655 Constraint violation = 6.28658e-11
[2026-02-25 13:32:21.604] [cout] [info] time = 0.12 Performance = 29.6097 Constraint violation = 6.48098e-12
[2026-02-25 13:32:21.973] [cout] [info] time = 0.125 Performance = 28.88 Constraint violation = 4.58019e-11
[2026-02-25 13:32:22.374] [cout] [info] time = 0.13 Performance = 28.2774 Constraint violation = 2.42944e-11
[2026-02-25 13:32:22.754] [cout] [info] time = 0.135 Performance = 27.7984 Constraint violation = 2.58343e-11
[2026-02-25 13:32:23.121] [cout] [info] time = 0.14 Performance = 27.4358 Constraint violation = 7.40491e-11
[2026-02-25 13:32:23.492] [cout] [info] time = 0.145 Performance = 27.1789 Constraint violation = 7.97319e-12
[2026-02-25 13:32:23.898] [cout] [info] time = 0.15 Performance = 27.0103 Constraint violation = 2.93985e-12
[2026-02-25 13:32:24.259] [cout] [info] time = 0.155 Performance = 26.9125 Constraint violation = 5.23153e-12
[2026-02-25 13:32:24.620] [cout] [info] time = 0.16 Performance = 26.8654 Constraint violation = 5.61253e-11
[2026-02-25 13:32:24.994] [cout] [info] time = 0.165 Performance = 26.8527 Constraint violation = 8.28995e-12
[2026-02-25 13:32:25.369] [cout] [info] time = 0.17 Performance = 26.8543 Constraint violation = 7.27765e-12
[2026-02-25 13:32:25.735] [cout] [info] time = 0.175 Performance = 26.855 Constraint violation = 1.98416e-11
[2026-02-25 13:32:26.131] [cout] [info] time = 0.18 Performance = 26.8424 Constraint violation = 3.67911e-12
[2026-02-25 13:32:26.497] [cout] [info] time = 0.185 Performance = 26.8042 Constraint violation = 9.87897e-12
[2026-02-25 13:32:26.869] [cout] [info] time = 0.19 Performance = 26.7319 Constraint violation = 2.25058e-12
[2026-02-25 13:32:27.228] [cout] [info] time = 0.195 Performance = 26.6194 Constraint violation = 2.24362e-11
[2026-02-25 13:32:27.597] [cout] [info] time = 0.2 Performance = 26.4624 Constraint violation = 3.09275e-12
[2026-02-25 13:32:27.973] [cout] [info] time = 0.205000 Performance = 26.2578 Constraint violation = 1.97747e-12
[2026-02-25 13:32:28.360] [cout] [info] time = 0.21 Performance = 26.0041 Constraint violation = 2.80086e-12
[2026-02-25 13:32:28.713] [cout] [info] time = 0.215 Performance = 25.7033 Constraint violation = 4.42335e-12
[2026-02-25 13:32:29.086] [cout] [info] time = 0.22 Performance = 25.3624 Constraint violation = 1.72467e-11
[2026-02-25 13:32:29.444] [cout] [info] time = 0.225 Performance = 24.9914 Constraint violation = 1.72789e-12
[2026-02-25 13:32:29.802] [cout] [info] time = 0.23 Performance = 24.6010 Constraint violation = 3.43114e-11
[2026-02-25 13:32:30.173] [cout] [info] time = 0.235 Performance = 24.2040 Constraint violation = 7.50522e-12
[2026-02-25 13:32:30.552] [cout] [info] time = 0.24 Performance = 23.8070 Constraint violation = 4.03080e-11
[2026-02-25 13:32:30.911] [cout] [info] time = 0.245 Performance = 23.4209 Constraint violation = 5.29187e-11
[2026-02-25 13:32:31.271] [cout] [info] time = 0.25 Performance = 23.0531 Constraint violation = 5.31775e-12
[2026-02-25 13:32:31.638] [cout] [info] time = 0.255 Performance = 22.7070 Constraint violation = 5.68582e-12
[2026-02-25 13:32:31.995] [cout] [info] time = 0.26 Performance = 22.3858 Constraint violation = 3.80801e-12
[2026-02-25 13:32:32.376] [cout] [info] time = 0.265 Performance = 22.0881 Constraint violation = 2.21891e-12
[2026-02-25 13:32:32.755] [cout] [info] time = 0.27 Performance = 21.8099 Constraint violation = 1.31296e-11
[2026-02-25 13:32:33.127] [cout] [info] time = 0.275 Performance = 21.5494 Constraint violation = 1.33786e-11
[2026-02-25 13:32:33.494] [cout] [info] time = 0.28 Performance = 21.3036 Constraint violation = 2.76458e-12
[2026-02-25 13:32:33.861] [cout] [info] time = 0.285 Performance = 21.0692 Constraint violation = 4.18846e-12
[2026-02-25 13:32:34.216] [cout] [info] time = 0.29 Performance = 20.8449 Constraint violation = 6.23028e-12
[2026-02-25 13:32:34.574] [cout] [info] time = 0.295 Performance = 20.6333 Constraint violation = 1.86496e-12
[2026-02-25 13:32:34.928] [cout] [info] time = 0.3 Performance = 20.4333 Constraint violation = 4.93919e-12
[2026-02-25 13:32:35.329] [cout] [info] time = 0.305000 Performance = 20.2471 Constraint violation = 2.30217e-12
[2026-02-25 13:32:35.711] [cout] [info] time = 0.31 Performance = 20.0773 Constraint violation = 2.97405e-12
[2026-02-25 13:32:36.075] [cout] [info] time = 0.315 Performance = 19.9193 Constraint violation = 6.66369e-12
[2026-02-25 13:32:36.465] [cout] [info] time = 0.32 Performance = 19.7662 Constraint violation = 5.01575e-12
[2026-02-25 13:32:36.831] [cout] [info] time = 0.325 Performance = 19.6062 Constraint violation = 1.76301e-12
[2026-02-25 13:32:37.197] [cout] [info] time = 0.33 Performance = 19.4221 Constraint violation = 2.91408e-11
[2026-02-25 13:32:37.562] [cout] [info] time = 0.335 Performance = 19.1955 Constraint violation = 5.51342e-12
[2026-02-25 13:32:37.925] [cout] [info] time = 0.34 Performance = 18.9040 Constraint violation = 3.10219e-12
[2026-02-25 13:32:38.288] [cout] [info] time = 0.345 Performance = 18.5308 Constraint violation = 3.57081e-12
[2026-02-25 13:32:38.652] [cout] [info] time = 0.35 Performance = 18.0657 Constraint violation = 6.15274e-12
[2026-02-25 13:32:39.017] [cout] [info] time = 0.355 Performance = 17.5040 Constraint violation = 3.53296e-12
[2026-02-25 13:32:39.403] [cout] [info] time = 0.36 Performance = 16.8487 Constraint violation = 8.41292e-12
[2026-02-25 13:32:39.767] [cout] [info] time = 0.365 Performance = 16.1204 Constraint violation = 6.61692e-12
[2026-02-25 13:32:40.124] [cout] [info] time = 0.37 Performance = 15.3406 Constraint violation = 4.1643e-12
[2026-02-25 13:32:40.489] [cout] [info] time = 0.375 Performance = 14.5414 Constraint violation = 8.29738e-12
[2026-02-25 13:32:40.884] [cout] [info] time = 0.38 Performance = 13.7545 Constraint violation = 4.36582e-11
[2026-02-25 13:32:41.275] [cout] [info] time = 0.385 Performance = 13.0090 Constraint violation = 1.12309e-11
[2026-02-25 13:32:41.642] [cout] [info] time = 0.39 Performance = 12.3291 Constraint violation = 1.07839e-11
[2026-02-25 13:32:41.997] [cout] [info] time = 0.395 Performance = 11.7326 Constraint violation = 2.61821e-12
[2026-02-25 13:32:42.358] [cout] [info] time = 0.4 Performance = 11.2314 Constraint violation = 1.59369e-12
[2026-02-25 13:32:42.720] [cout] [info] time = 0.405000 Performance = 10.8276 Constraint violation = 3.90543e-12
[2026-02-25 13:32:43.096] [cout] [info] time = 0.41 Performance = 10.526 Constraint violation = 6.28056e-12
[2026-02-25 13:32:43.488] [cout] [info] time = 0.415 Performance = 10.3266 Constraint violation = 6.81134e-12
[2026-02-25 13:32:43.868] [cout] [info] time = 0.42 Performance = 10.2306 Constraint violation = 1.77026e-12
[2026-02-25 13:32:44.228] [cout] [info] time = 0.425 Performance = 10.2488 Constraint violation = 6.7673e-12
[2026-02-25 13:32:44.601] [cout] [info] time = 0.43 Performance = 10.3951 Constraint violation = 2.69003e-12
[2026-02-25 13:32:44.980] [cout] [info] time = 0.435 Performance = 10.6928 Constraint violation = 4.26129e-12
[2026-02-25 13:32:45.354] [cout] [info] time = 0.44 Performance = 11.1691 Constraint violation = 5.35193e-12
[2026-02-25 13:32:45.741] [cout] [info] time = 0.445 Performance = 11.862 Constraint violation = 2.7767e-12
[2026-02-25 13:32:46.119] [cout] [info] time = 0.45 Performance = 12.8050 Constraint violation = 4.72009e-12
[2026-02-25 13:32:46.486] [cout] [info] time = 0.455 Performance = 14.0355 Constraint violation = 2.03228e-12
[2026-02-25 13:32:46.859] [cout] [info] time = 0.46 Performance = 15.5886 Constraint violation = 1.82259e-11
[2026-02-25 13:32:47.223] [cout] [info] time = 0.465 Performance = 17.4928 Constraint violation = 1.16187e-11
[2026-02-25 13:32:47.605] [cout] [info] time = 0.47 Performance = 19.7668 Constraint violation = 2.33963e-11
[2026-02-25 13:32:47.981] [cout] [info] time = 0.475 Performance = 22.4184 Constraint violation = 1.67855e-11
[2026-02-25 13:32:48.353] [cout] [info] time = 0.48 Performance = 25.447 Constraint violation = 5.93712e-11
[2026-02-25 13:32:48.729] [cout] [info] time = 0.485 Performance = 28.8415 Constraint violation = 8.12733e-12
[2026-02-25 13:32:49.122] [cout] [info] time = 0.49 Performance = 32.579 Constraint violation = 3.36695e-12
[2026-02-25 13:32:49.479] [cout] [info] time = 0.495 Performance = 36.6245 Constraint violation = 9.6496e-12
[2026-02-25 13:32:49.849] [cout] [info] time = 0.5 Performance = 40.9293 Constraint violation = 9.39619e-11
[2026-02-25 13:32:50.217] [cout] [info] time = 0.505000 Performance = 45.4365 Constraint violation = 1.41732e-10
[2026-02-25 13:32:50.634] [cout] [info] time = 0.51 Performance = 50.0857 Constraint violation = 1.3281e-10
[2026-02-25 13:32:50.978] [cout] [info] time = 0.515 Performance = 54.8103 Constraint violation = 1.36283e-10
[2026-02-25 13:32:51.334] [cout] [info] time = 0.52 Performance = 59.5371 Constraint violation = 2.09375e-10
[2026-02-25 13:32:51.694] [cout] [info] time = 0.525 Performance = 64.1883 Constraint violation = 7.27757e-11
[2026-02-25 13:32:52.069] [cout] [info] time = 0.53 Performance = 68.683 Constraint violation = 3.35897e-10
[2026-02-25 13:32:52.429] [cout] [info] time = 0.535 Performance = 72.9438 Constraint violation = 3.50042e-10
[2026-02-25 13:32:52.788] [cout] [info] time = 0.54 Performance = 76.9051 Constraint violation = 3.10711e-11
[2026-02-25 13:32:53.168] [cout] [info] time = 0.545 Performance = 80.518 Constraint violation = 1.62644e-10
[2026-02-25 13:32:53.517] [cout] [info] time = 0.55 Performance = 83.7492 Constraint violation = 2.31337e-10
[2026-02-25 13:32:53.865] [cout] [info] time = 0.555 Performance = 86.5769 Constraint violation = 4.0352e-11
[2026-02-25 13:32:54.353] [cout] [info] time = 0.56 Performance = 88.9836 Constraint violation = 1.12542e-10
[2026-02-25 13:32:54.720] [cout] [info] time = 0.565 Performance = 90.9493 Constraint violation = 1.77388e-10
[2026-02-25 13:32:55.082] [cout] [info] time = 0.57 Performance = 92.4497 Constraint violation = 5.75186e-11
[2026-02-25 13:32:55.463] [cout] [info] time = 0.575 Performance = 93.4634 Constraint violation = 1.05694e-10
[2026-02-25 13:32:55.792] [cout] [info] time = 0.58 Performance = 93.9768 Constraint violation = 5.37396e-11
[2026-02-25 13:32:56.150] [cout] [info] time = 0.585 Performance = 93.9861 Constraint violation = 2.63010e-11
[2026-02-25 13:32:56.498] [cout] [info] time = 0.59 Performance = 93.4874 Constraint violation = 1.95601e-11
[2026-02-25 13:32:56.839] [cout] [info] time = 0.595 Performance = 92.4842 Constraint violation = 4.25875e-11
[2026-02-25 13:32:57.191] [cout] [info] time = 0.6 Performance = 90.9952 Constraint violation = 8.18156e-11
[2026-02-25 13:32:57.538] [cout] [info] time = 0.605000 Performance = 89.0562 Constraint violation = 1.03186e-10
[2026-02-25 13:32:57.882] [cout] [info] time = 0.61 Performance = 86.7195 Constraint violation = 2.90320e-10
[2026-02-25 13:32:58.226] [cout] [info] time = 0.615 Performance = 84.0521 Constraint violation = 5.99273e-11
[2026-02-25 13:32:58.574] [cout] [info] time = 0.62 Performance = 81.127 Constraint violation = 5.32359e-11
[2026-02-25 13:32:58.916] [cout] [info] time = 0.625 Performance = 78.013 Constraint violation = 2.65323e-11
[2026-02-25 13:32:59.251] [cout] [info] time = 0.63 Performance = 74.7699 Constraint violation = 9.98418e-12
[2026-02-25 13:32:59.610] [cout] [info] time = 0.635 Performance = 71.4492 Constraint violation = 4.63817e-11
[2026-02-25 13:32:59.951] [cout] [info] time = 0.64 Performance = 68.1011 Constraint violation = 7.86321e-11
[2026-02-25 13:33:00.291] [cout] [info] time = 0.645 Performance = 64.7801 Constraint violation = 5.70591e-11
[2026-02-25 13:33:00.624] [cout] [info] time = 0.65 Performance = 61.5414 Constraint violation = 1.93434e-11
[2026-02-25 13:33:00.962] [cout] [info] time = 0.655 Performance = 58.4353 Constraint violation = 5.61728e-11
[2026-02-25 13:33:01.293] [cout] [info] time = 0.66 Performance = 55.5076 Constraint violation = 1.43166e-10
[2026-02-25 13:33:01.638] [cout] [info] time = 0.665 Performance = 52.8023 Constraint violation = 4.7945e-11
[2026-02-25 13:33:01.983] [cout] [info] time = 0.67 Performance = 50.3574 Constraint violation = 3.66502e-10
[2026-02-25 13:33:02.327] [cout] [info] time = 0.675 Performance = 48.2013 Constraint violation = 6.00430e-12
[2026-02-25 13:33:02.668] [cout] [info] time = 0.68 Performance = 46.3474 Constraint violation = 2.23862e-11
[2026-02-25 13:33:03.012] [cout] [info] time = 0.685 Performance = 44.8002 Constraint violation = 1.02139e-11
[2026-02-25 13:33:03.352] [cout] [info] time = 0.69 Performance = 43.5598 Constraint violation = 2.40658e-11
[2026-02-25 13:33:03.688] [cout] [info] time = 0.695 Performance = 42.6242 Constraint violation = 1.84864e-11
[2026-02-25 13:33:04.025] [cout] [info] time = 0.7 Performance = 41.9895 Constraint violation = 1.61515e-11
[2026-02-25 13:33:04.357] [cout] [info] time = 0.705000 Performance = 41.6523 Constraint violation = 4.58504e-11
[2026-02-25 13:33:04.701] [cout] [info] time = 0.71 Performance = 41.6126 Constraint violation = 6.71378e-12
[2026-02-25 13:33:05.047] [cout] [info] time = 0.715 Performance = 41.874 Constraint violation = 1.88904e-12
[2026-02-25 13:33:05.381] [cout] [info] time = 0.72 Performance = 42.4408 Constraint violation = 3.99126e-12
[2026-02-25 13:33:05.717] [cout] [info] time = 0.725 Performance = 43.3117 Constraint violation = 1.02937e-11
[2026-02-25 13:33:06.058] [cout] [info] time = 0.73 Performance = 44.4807 Constraint violation = 1.29167e-11
[2026-02-25 13:33:06.390] [cout] [info] time = 0.735 Performance = 45.9396 Constraint violation = 1.13471e-11
[2026-02-25 13:33:06.725] [cout] [info] time = 0.74 Performance = 47.6755 Constraint violation = 4.44725e-11
[2026-02-25 13:33:07.063] [cout] [info] time = 0.745 Performance = 49.6816 Constraint violation = 9.41224e-12
[2026-02-25 13:33:07.394] [cout] [info] time = 0.75 Performance = 51.9468 Constraint violation = 2.58281e-11
[2026-02-25 13:33:07.730] [cout] [info] time = 0.755 Performance = 54.4575 Constraint violation = 3.23863e-11
[2026-02-25 13:33:08.084] [cout] [info] time = 0.76 Performance = 57.191 Constraint violation = 1.40325e-11
[2026-02-25 13:33:08.498] [cout] [info] time = 0.765 Performance = 60.115 Constraint violation = 1.22234e-11
[2026-02-25 13:33:08.857] [cout] [info] time = 0.77 Performance = 63.1914 Constraint violation = 7.75003e-12
[2026-02-25 13:33:09.186] [cout] [info] time = 0.775 Performance = 66.3792 Constraint violation = 1.27323e-11
[2026-02-25 13:33:09.534] [cout] [info] time = 0.78 Performance = 69.6352 Constraint violation = 2.66142e-11
[2026-02-25 13:33:09.867] [cout] [info] time = 0.785 Performance = 72.9138 Constraint violation = 2.70753e-11
[2026-02-25 13:33:10.212] [cout] [info] time = 0.79 Performance = 76.1661 Constraint violation = 7.34097e-11
[2026-02-25 13:33:10.561] [cout] [info] time = 0.795 Performance = 79.341 Constraint violation = 2.10728e-11
[2026-02-25 13:33:10.916] [cout] [info] time = 0.8 Performance = 82.3902 Constraint violation = 3.54399e-11
[2026-02-25 13:33:11.252] [cout] [info] time = 0.805000 Performance = 85.2768 Constraint violation = 2.14409e-11
[2026-02-25 13:33:11.594] [cout] [info] time = 0.81 Performance = 87.9774 Constraint violation = 3.64097e-11
[2026-02-25 13:33:11.953] [cout] [info] time = 0.815 Performance = 90.4811 Constraint violation = 9.93359e-12
[2026-02-25 13:33:12.299] [cout] [info] time = 0.82 Performance = 92.7867 Constraint violation = 1.07408e-09
[2026-02-25 13:33:12.657] [cout] [info] time = 0.825 Performance = 94.8955 Constraint violation = 1.55214e-10
[2026-02-25 13:33:13.014] [cout] [info] time = 0.83 Performance = 96.8115 Constraint violation = 4.94434e-10
[2026-02-25 13:33:13.352] [cout] [info] time = 0.835 Performance = 98.548 Constraint violation = 5.89319e-11
[2026-02-25 13:33:13.697] [cout] [info] time = 0.84 Performance = 100.129 Constraint violation = 8.70832e-12
[2026-02-25 13:33:14.054] [cout] [info] time = 0.845 Performance = 101.584 Constraint violation = 3.23872e-11
[2026-02-25 13:33:14.400] [cout] [info] time = 0.85 Performance = 102.944 Constraint violation = 5.21915e-11
[2026-02-25 13:33:14.761] [cout] [info] time = 0.855 Performance = 104.24 Constraint violation = 2.35859e-11
[2026-02-25 13:33:15.106] [cout] [info] time = 0.86 Performance = 105.505 Constraint violation = 1.2646e-11
[2026-02-25 13:33:15.444] [cout] [info] time = 0.865 Performance = 106.779 Constraint violation = 7.05858e-11
[2026-02-25 13:33:15.793] [cout] [info] time = 0.87 Performance = 108.097 Constraint violation = 3.56618e-11
[2026-02-25 13:33:16.144] [cout] [info] time = 0.875 Performance = 109.498 Constraint violation = 5.54282e-12
[2026-02-25 13:33:16.490] [cout] [info] time = 0.88 Performance = 111.016 Constraint violation = 2.02213e-10
[2026-02-25 13:33:16.849] [cout] [info] time = 0.885 Performance = 112.671 Constraint violation = 2.23594e-10
[2026-02-25 13:33:17.191] [cout] [info] time = 0.89 Performance = 114.472 Constraint violation = 9.00625e-11
[2026-02-25 13:33:17.559] [cout] [info] time = 0.895 Performance = 116.41 Constraint violation = 1.11097e-11
[2026-02-25 13:33:17.907] [cout] [info] time = 0.9 Performance = 118.471 Constraint violation = 2.86823e-11
[2026-02-25 13:33:18.252] [cout] [info] time = 0.905000 Performance = 120.634 Constraint violation = 2.29861e-11
[2026-02-25 13:33:18.610] [cout] [info] time = 0.91 Performance = 122.878 Constraint violation = 9.97357e-11
[2026-02-25 13:33:18.977] [cout] [info] time = 0.915 Performance = 125.186 Constraint violation = 3.65269e-10
[2026-02-25 13:33:19.320] [cout] [info] time = 0.92 Performance = 127.545 Constraint violation = 1.03017e-10
[2026-02-25 13:33:19.674] [cout] [info] time = 0.925 Performance = 129.937 Constraint violation = 7.23841e-11
[2026-02-25 13:33:20.035] [cout] [info] time = 0.93 Performance = 132.345 Constraint violation = 1.38169e-10
[2026-02-25 13:33:20.382] [cout] [info] time = 0.935 Performance = 134.747 Constraint violation = 4.55567e-11
[2026-02-25 13:33:20.735] [cout] [info] time = 0.94 Performance = 137.121 Constraint violation = 1.01333e-10
[2026-02-25 13:33:21.097] [cout] [info] time = 0.945 Performance = 139.443 Constraint violation = 4.63943e-10
[2026-02-25 13:33:21.453] [cout] [info] time = 0.95 Performance = 141.687 Constraint violation = 2.23376e-10
[2026-02-25 13:33:21.803] [cout] [info] time = 0.955 Performance = 143.825 Constraint violation = 1.1712e-11
[2026-02-25 13:33:22.157] [cout] [info] time = 0.96 Performance = 145.821 Constraint violation = 8.88765e-11
[2026-02-25 13:33:22.500] [cout] [info] time = 0.965 Performance = 147.639 Constraint violation = 1.28479e-10
[2026-02-25 13:33:22.860] [cout] [info] time = 0.97 Performance = 149.248 Constraint violation = 8.10078e-10
[2026-02-25 13:33:23.217] [cout] [info] time = 0.975 Performance = 150.642 Constraint violation = 5.6555e-11
[2026-02-25 13:33:23.577] [cout] [info] time = 0.98 Performance = 151.832 Constraint violation = 1.44991e-11
[2026-02-25 13:33:23.923] [cout] [info] time = 0.985 Performance = 152.845 Constraint violation = 1.33546e-10
[2026-02-25 13:33:24.274] [cout] [info] time = 0.99 Performance = 153.706 Constraint violation = 1.03035e-10
[2026-02-25 13:33:24.623] [cout] [info] time = 0.995 Performance = 154.439 Constraint violation = 6.90440e-11
[2026-02-25 13:33:24.971] [cout] [info] time = 1.0 Performance = 155.063 Constraint violation = 9.08711e-12
[2026-02-25 13:33:25.320] [cout] [info] time = 1.00500 Performance = 155.592 Constraint violation = 6.86663e-12
[2026-02-25 13:33:25.676] [cout] [info] time = 1.01 Performance = 156.027 Constraint violation = 8.87105e-11
[2026-02-25 13:33:26.022] [cout] [info] time = 1.015 Performance = 156.355 Constraint violation = 1.29337e-10
[2026-02-25 13:33:26.384] [cout] [info] time = 1.02 Performance = 156.552 Constraint violation = 7.54117e-11
[2026-02-25 13:33:26.736] [cout] [info] time = 1.025 Performance = 156.579 Constraint violation = 1.71757e-11
[2026-02-25 13:33:27.121] [cout] [info] time = 1.03 Performance = 156.389 Constraint violation = 2.61978e-11
[2026-02-25 13:33:27.473] [cout] [info] time = 1.035 Performance = 155.934 Constraint violation = 6.07116e-12
[2026-02-25 13:33:27.826] [cout] [info] time = 1.04 Performance = 155.172 Constraint violation = 4.36657e-11
[2026-02-25 13:33:28.189] [cout] [info] time = 1.045 Performance = 154.085 Constraint violation = 6.49732e-11
[2026-02-25 13:33:28.544] [cout] [info] time = 1.05 Performance = 152.679 Constraint violation = 9.18618e-11
[2026-02-25 13:33:28.903] [cout] [info] time = 1.055 Performance = 150.998 Constraint violation = 3.70611e-11
[2026-02-25 13:33:29.250] [cout] [info] time = 1.06 Performance = 149.106 Constraint violation = 1.61245e-10
[2026-02-25 13:33:29.604] [cout] [info] time = 1.065 Performance = 147.077 Constraint violation = 5.55323e-11
[2026-02-25 13:33:29.965] [cout] [info] time = 1.07 Performance = 144.986 Constraint violation = 4.29667e-12
[2026-02-25 13:33:30.303] [cout] [info] time = 1.075 Performance = 142.899 Constraint violation = 3.54759e-11
[2026-02-25 13:33:30.647] [cout] [info] time = 1.08 Performance = 140.879 Constraint violation = 4.26168e-11
[2026-02-25 13:33:30.989] [cout] [info] time = 1.085 Performance = 138.987 Constraint violation = 1.37728e-10
[2026-02-25 13:33:31.333] [cout] [info] time = 1.09 Performance = 137.274 Constraint violation = 3.60695e-11
[2026-02-25 13:33:31.677] [cout] [info] time = 1.095 Performance = 135.784 Constraint violation = 4.45729e-11
[2026-02-25 13:33:32.030] [cout] [info] time = 1.1 Performance = 134.544 Constraint violation = 1.25967e-11
[2026-02-25 13:33:32.378] [cout] [info] time = 1.10500 Performance = 133.563 Constraint violation = 2.22195e-11
[2026-02-25 13:33:32.722] [cout] [info] time = 1.11 Performance = 132.832 Constraint violation = 2.24938e-11
[2026-02-25 13:33:33.077] [cout] [info] time = 1.115 Performance = 132.324 Constraint violation = 7.51074e-12
[2026-02-25 13:33:33.414] [cout] [info] time = 1.12 Performance = 132.009 Constraint violation = 3.85383e-12
[2026-02-25 13:33:33.761] [cout] [info] time = 1.125 Performance = 131.862 Constraint violation = 4.46106e-12
[2026-02-25 13:33:34.106] [cout] [info] time = 1.13 Performance = 131.859 Constraint violation = 2.10985e-11
[2026-02-25 13:33:34.461] [cout] [info] time = 1.135 Performance = 131.975 Constraint violation = 3.08321e-10
[2026-02-25 13:33:34.811] [cout] [info] time = 1.14 Performance = 132.18 Constraint violation = 8.4975e-11
[2026-02-25 13:33:35.161] [cout] [info] time = 1.145 Performance = 132.444 Constraint violation = 3.94044e-12
[2026-02-25 13:33:35.505] [cout] [info] time = 1.15 Performance = 132.744 Constraint violation = 2.89335e-11
[2026-02-25 13:33:35.854] [cout] [info] time = 1.155 Performance = 133.064 Constraint violation = 9.07563e-11
[2026-02-25 13:33:36.206] [cout] [info] time = 1.16 Performance = 133.4 Constraint violation = 5.23478e-11
[2026-02-25 13:33:36.558] [cout] [info] time = 1.165 Performance = 133.76 Constraint violation = 1.71063e-10
[2026-02-25 13:33:36.904] [cout] [info] time = 1.17 Performance = 134.151 Constraint violation = 1.36231e-11
[2026-02-25 13:33:37.249] [cout] [info] time = 1.175 Performance = 134.577 Constraint violation = 5.65767e-11
[2026-02-25 13:33:37.670] [cout] [info] time = 1.18 Performance = 135.034 Constraint violation = 4.48265e-12
[2026-02-25 13:33:38.010] [cout] [info] time = 1.185 Performance = 135.516 Constraint violation = 2.32575e-11
[2026-02-25 13:33:38.360] [cout] [info] time = 1.19 Performance = 136.006 Constraint violation = 3.39889e-12
[2026-02-25 13:33:38.715] [cout] [info] time = 1.195 Performance = 136.486 Constraint violation = 1.6244e-11
[2026-02-25 13:33:39.124] [cout] [info] time = 1.2 Performance = 136.936 Constraint violation = 2.27301e-11
[2026-02-25 13:33:39.472] [cout] [info] time = 1.20500 Performance = 137.348 Constraint violation = 2.25905e-11
[2026-02-25 13:33:39.818] [cout] [info] time = 1.21 Performance = 137.728 Constraint violation = 6.10721e-11
[2026-02-25 13:33:40.178] [cout] [info] time = 1.215 Performance = 138.086 Constraint violation = 1.51785e-11
[2026-02-25 13:33:40.524] [cout] [info] time = 1.22 Performance = 138.443 Constraint violation = 3.08991e-11
[2026-02-25 13:33:40.886] [cout] [info] time = 1.225 Performance = 138.836 Constraint violation = 6.44317e-11
[2026-02-25 13:33:41.249] [cout] [info] time = 1.23 Performance = 139.319 Constraint violation = 9.46977e-12
[2026-02-25 13:33:41.632] [cout] [info] time = 1.235 Performance = 139.945 Constraint violation = 1.67908e-10
[2026-02-25 13:33:41.983] [cout] [info] time = 1.24 Performance = 140.758 Constraint violation = 1.08983e-10
[2026-02-25 13:33:42.349] [cout] [info] time = 1.245 Performance = 141.788 Constraint violation = 1.68377e-10
[2026-02-25 13:33:42.707] [cout] [info] time = 1.25 Performance = 143.059 Constraint violation = 2.90185e-11
[2026-02-25 13:33:43.073] [cout] [info] time = 1.255 Performance = 144.596 Constraint violation = 1.16128e-10
[2026-02-25 13:33:43.427] [cout] [info] time = 1.26 Performance = 146.417 Constraint violation = 1.69379e-11
[2026-02-25 13:33:43.794] [cout] [info] time = 1.265 Performance = 148.536 Constraint violation = 5.59697e-11
[2026-02-25 13:33:44.156] [cout] [info] time = 1.27 Performance = 150.963 Constraint violation = 3.49195e-12
[2026-02-25 13:33:44.527] [cout] [info] time = 1.275 Performance = 153.703 Constraint violation = 1.27177e-10
[2026-02-25 13:33:44.894] [cout] [info] time = 1.28 Performance = 156.751 Constraint violation = 1.02351e-11
[2026-02-25 13:33:45.251] [cout] [info] time = 1.285 Performance = 160.093 Constraint violation = 6.8764e-12
[2026-02-25 13:33:45.620] [cout] [info] time = 1.29 Performance = 163.7 Constraint violation = 3.17090e-11
[2026-02-25 13:33:45.990] [cout] [info] time = 1.295 Performance = 167.534 Constraint violation = 5.02128e-11
[2026-02-25 13:33:46.347] [cout] [info] time = 1.3 Performance = 171.536 Constraint violation = 1.1639e-10
[2026-02-25 13:33:46.710] [cout] [info] time = 1.30500 Performance = 175.644 Constraint violation = 1.82577e-11
[2026-02-25 13:33:47.084] [cout] [info] time = 1.31 Performance = 179.787 Constraint violation = 1.90523e-11
[2026-02-25 13:33:47.456] [cout] [info] time = 1.315 Performance = 183.905 Constraint violation = 4.11487e-11
[2026-02-25 13:33:47.834] [cout] [info] time = 1.32 Performance = 187.951 Constraint violation = 8.57188e-11
[2026-02-25 13:33:48.199] [cout] [info] time = 1.325 Performance = 191.885 Constraint violation = 1.0633e-11
[2026-02-25 13:33:48.579] [cout] [info] time = 1.33 Performance = 195.673 Constraint violation = 2.07575e-11
[2026-02-25 13:33:48.941] [cout] [info] time = 1.335 Performance = 199.284 Constraint violation = 6.50289e-12
[2026-02-25 13:33:49.305] [cout] [info] time = 1.34 Performance = 202.694 Constraint violation = 1.28406e-11
[2026-02-25 13:33:49.672] [cout] [info] time = 1.345 Performance = 205.883 Constraint violation = 2.80482e-10
[2026-02-25 13:33:50.048] [cout] [info] time = 1.35 Performance = 208.84 Constraint violation = 1.05115e-12
[2026-02-25 13:33:50.416] [cout] [info] time = 1.355 Performance = 211.562 Constraint violation = 1.02403e-10
[2026-02-25 13:33:50.790] [cout] [info] time = 1.36 Performance = 214.048 Constraint violation = 7.17532e-12
[2026-02-25 13:33:51.179] [cout] [info] time = 1.365 Performance = 216.309 Constraint violation = 6.90541e-11
[2026-02-25 13:33:51.549] [cout] [info] time = 1.37 Performance = 218.369 Constraint violation = 1.38249e-10
[2026-02-25 13:33:51.929] [cout] [info] time = 1.375 Performance = 220.262 Constraint violation = 3.28506e-11
[2026-02-25 13:33:52.339] [cout] [info] time = 1.38 Performance = 222.031 Constraint violation = 2.32945e-10
[2026-02-25 13:33:52.723] [cout] [info] time = 1.385 Performance = 223.719 Constraint violation = 1.596e-10
[2026-02-25 13:33:53.110] [cout] [info] time = 1.39 Performance = 225.372 Constraint violation = 1.64203e-10
[2026-02-25 13:33:53.480] [cout] [info] time = 1.395 Performance = 227.027 Constraint violation = 1.34846e-10
[2026-02-25 13:33:53.857] [cout] [info] time = 1.4 Performance = 228.717 Constraint violation = 1.04735e-10
[2026-02-25 13:33:54.237] [cout] [info] time = 1.40500 Performance = 230.466 Constraint violation = 1.53755e-10
[2026-02-25 13:33:54.694] [cout] [info] time = 1.41 Performance = 232.292 Constraint violation = 1.43344e-11
[2026-02-25 13:33:55.072] [cout] [info] time = 1.415 Performance = 234.208 Constraint violation = 1.95832e-11
[2026-02-25 13:33:55.468] [cout] [info] time = 1.42 Performance = 236.228 Constraint violation = 4.03567e-11
[2026-02-25 13:33:55.851] [cout] [info] time = 1.425 Performance = 238.373 Constraint violation = 7.42783e-11
[2026-02-25 13:33:56.220] [cout] [info] time = 1.43 Performance = 240.658 Constraint violation = 9.00435e-12
[2026-02-25 13:33:56.611] [cout] [info] time = 1.435 Performance = 243.106 Constraint violation = 7.39436e-11
[2026-02-25 13:33:57.245] [cout] [info] time = 1.44 Performance = 245.733 Constraint violation = 8.05055e-11
[2026-02-25 13:33:57.730] [cout] [info] time = 1.445 Performance = 248.543 Constraint violation = 9.67386e-11
[2026-02-25 13:33:58.160] [cout] [info] time = 1.45 Performance = 251.535 Constraint violation = 3.53133e-11
[2026-02-25 13:33:58.554] [cout] [info] time = 1.455 Performance = 254.696 Constraint violation = 8.64326e-11
[2026-02-25 13:33:58.950] [cout] [info] time = 1.46 Performance = 258.011 Constraint violation = 6.6518e-11
[2026-02-25 13:33:59.336] [cout] [info] time = 1.465 Performance = 261.469 Constraint violation = 4.34663e-12
[2026-02-25 13:33:59.758] [cout] [info] time = 1.47 Performance = 265.066 Constraint violation = 3.47169e-10
[2026-02-25 13:34:00.216] [cout] [info] time = 1.475 Performance = 268.796 Constraint violation = 2.78014e-10
[2026-02-25 13:34:00.618] [cout] [info] time = 1.48 Performance = 272.643 Constraint violation = 3.2823e-12
[2026-02-25 13:34:01.002] [cout] [info] time = 1.485 Performance = 276.583 Constraint violation = 3.13579e-11
[2026-02-25 13:34:01.414] [cout] [info] time = 1.49 Performance = 280.586 Constraint violation = 3.96131e-10
[2026-02-25 13:34:01.792] [cout] [info] time = 1.495 Performance = 284.624 Constraint violation = 1.63634e-10
[2026-02-25 13:34:02.179] [cout] [info] time = 1.5 Performance = 288.665 Constraint violation = 1.30062e-10
[2026-02-25 13:34:02.580] [cout] [info] time = 1.50500 Performance = 292.679 Constraint violation = 3.79534e-10
[2026-02-25 13:34:02.967] [cout] [info] time = 1.51 Performance = 296.638 Constraint violation = 1.38116e-10
[2026-02-25 13:34:03.352] [cout] [info] time = 1.515 Performance = 300.511 Constraint violation = 3.86077e-10
[2026-02-25 13:34:03.751] [cout] [info] time = 1.52 Performance = 304.274 Constraint violation = 2.76751e-11
[2026-02-25 13:34:04.145] [cout] [info] time = 1.525 Performance = 307.914 Constraint violation = 8.99007e-11
[2026-02-25 13:34:04.545] [cout] [info] time = 1.53 Performance = 311.422 Constraint violation = 2.07145e-10
[2026-02-25 13:34:04.928] [cout] [info] time = 1.535 Performance = 314.793 Constraint violation = 3.38105e-10
[2026-02-25 13:34:05.332] [cout] [info] time = 1.54 Performance = 318.02 Constraint violation = 3.14502e-10
[2026-02-25 13:34:05.715] [cout] [info] time = 1.545 Performance = 321.099 Constraint violation = 3.61156e-11
[2026-02-25 13:34:06.093] [cout] [info] time = 1.55 Performance = 324.023 Constraint violation = 1.64908e-10
[2026-02-25 13:34:06.471] [cout] [info] time = 1.555 Performance = 326.782 Constraint violation = 4.05852e-12
[2026-02-25 13:34:06.855] [cout] [info] time = 1.56 Performance = 329.359 Constraint violation = 1.11956e-10
[2026-02-25 13:34:07.239] [cout] [info] time = 1.565 Performance = 331.731 Constraint violation = 3.23697e-11
[2026-02-25 13:34:07.620] [cout] [info] time = 1.57 Performance = 333.87 Constraint violation = 2.68017e-11
[2026-02-25 13:34:08.006] [cout] [info] time = 1.575 Performance = 335.741 Constraint violation = 2.06121e-10
[2026-02-25 13:34:08.394] [cout] [info] time = 1.58 Performance = 337.316 Constraint violation = 1.00206e-09
[2026-02-25 13:34:08.790] [cout] [info] time = 1.585 Performance = 338.58 Constraint violation = 1.69020e-11
[2026-02-25 13:34:09.183] [cout] [info] time = 1.59 Performance = 339.533 Constraint violation = 3.35373e-10
[2026-02-25 13:34:09.571] [cout] [info] time = 1.595 Performance = 340.185 Constraint violation = 1.74646e-10
[2026-02-25 13:34:09.960] [cout] [info] time = 1.6 Performance = 340.545 Constraint violation = 5.56808e-11
[2026-02-25 13:34:10.334] [cout] [info] time = 1.60500 Performance = 340.627 Constraint violation = 3.64684e-11
[2026-02-25 13:34:10.709] [cout] [info] time = 1.61 Performance = 340.42 Constraint violation = 2.18121e-11
[2026-02-25 13:34:11.096] [cout] [info] time = 1.615 Performance = 339.927 Constraint violation = 1.20364e-10
[2026-02-25 13:34:11.476] [cout] [info] time = 1.62 Performance = 339.147 Constraint violation = 2.88677e-10
[2026-02-25 13:34:11.857] [cout] [info] time = 1.625 Performance = 338.07 Constraint violation = 1.54435e-10
[2026-02-25 13:34:12.248] [cout] [info] time = 1.63 Performance = 336.686 Constraint violation = 8.78183e-10
[2026-02-25 13:34:12.630] [cout] [info] time = 1.635 Performance = 334.985 Constraint violation = 2.77167e-10
[2026-02-25 13:34:13.011] [cout] [info] time = 1.64 Performance = 332.965 Constraint violation = 1.60243e-10
[2026-02-25 13:34:13.397] [cout] [info] time = 1.645 Performance = 330.632 Constraint violation = 5.12766e-10
[2026-02-25 13:34:13.798] [cout] [info] time = 1.65 Performance = 328.004 Constraint violation = 8.68054e-11
[2026-02-25 13:34:14.175] [cout] [info] time = 1.655 Performance = 325.116 Constraint violation = 4.48082e-11
[2026-02-25 13:34:14.671] [cout] [info] time = 1.66 Performance = 322.018 Constraint violation = 1.88463e-10
[2026-02-25 13:34:15.071] [cout] [info] time = 1.665 Performance = 318.775 Constraint violation = 4.81574e-10
[2026-02-25 13:34:15.467] [cout] [info] time = 1.67 Performance = 315.458 Constraint violation = 1.46311e-11
[2026-02-25 13:34:15.869] [cout] [info] time = 1.675 Performance = 312.147 Constraint violation = 9.37807e-11
[2026-02-25 13:34:16.227] [cout] [info] time = 1.68 Performance = 308.921 Constraint violation = 6.78906e-10
[2026-02-25 13:34:16.596] [cout] [info] time = 1.685 Performance = 305.856 Constraint violation = 1.3689e-10
[2026-02-25 13:34:16.951] [cout] [info] time = 1.69 Performance = 303.011 Constraint violation = 2.22902e-10
[2026-02-25 13:34:17.346] [cout] [info] time = 1.695 Performance = 300.423 Constraint violation = 4.60969e-11
[2026-02-25 13:34:17.712] [cout] [info] time = 1.7 Performance = 298.117 Constraint violation = 7.21847e-11
[2026-02-25 13:34:18.070] [cout] [info] time = 1.70500 Performance = 296.095 Constraint violation = 3.18592e-10
[2026-02-25 13:34:18.440] [cout] [info] time = 1.71 Performance = 294.335 Constraint violation = 1.27348e-10
[2026-02-25 13:34:18.796] [cout] [info] time = 1.715 Performance = 292.803 Constraint violation = 2.69564e-10
[2026-02-25 13:34:19.152] [cout] [info] time = 1.72 Performance = 291.447 Constraint violation = 4.68547e-10
[2026-02-25 13:34:19.512] [cout] [info] time = 1.725 Performance = 290.203 Constraint violation = 2.64089e-10
[2026-02-25 13:34:19.870] [cout] [info] time = 1.73 Performance = 289.007 Constraint violation = 9.26103e-10
[2026-02-25 13:34:20.228] [cout] [info] time = 1.735 Performance = 287.79 Constraint violation = 2.3987e-10
[2026-02-25 13:34:20.590] [cout] [info] time = 1.74 Performance = 286.468 Constraint violation = 8.85812e-10
[2026-02-25 13:34:20.939] [cout] [info] time = 1.745 Performance = 284.937 Constraint violation = 1.94988e-10
[2026-02-25 13:34:21.293] [cout] [info] time = 1.75 Performance = 283.068 Constraint violation = 9.65363e-10
[2026-02-25 13:34:21.642] [cout] [info] time = 1.755 Performance = 280.714 Constraint violation = 1.41272e-09
[2026-02-25 13:34:22.019] [cout] [info] time = 1.76 Performance = 277.712 Constraint violation = 3.11969e-10
[2026-02-25 13:34:22.423] [cout] [info] time = 1.765 Performance = 273.904 Constraint violation = 2.52825e-10
[2026-02-25 13:34:22.790] [cout] [info] time = 1.77 Performance = 269.159 Constraint violation = 1.26301e-11
[2026-02-25 13:34:23.154] [cout] [info] time = 1.775 Performance = 263.404 Constraint violation = 3.99534e-10
[2026-02-25 13:34:23.536] [cout] [info] time = 1.78 Performance = 256.631 Constraint violation = 5.09702e-10
[2026-02-25 13:34:23.886] [cout] [info] time = 1.785 Performance = 248.893 Constraint violation = 9.92377e-11
[2026-02-25 13:34:24.232] [cout] [info] time = 1.79 Performance = 240.288 Constraint violation = 3.97071e-10
[2026-02-25 13:34:24.586] [cout] [info] time = 1.795 Performance = 230.936 Constraint violation = 1.85778e-11
[2026-02-25 13:34:24.932] [cout] [info] time = 1.8 Performance = 220.968 Constraint violation = 1.4279e-10
[2026-02-25 13:34:25.273] [cout] [info] time = 1.80500 Performance = 210.533 Constraint violation = 3.79483e-11
[2026-02-25 13:34:25.623] [cout] [info] time = 1.81 Performance = 199.779 Constraint violation = 1.67619e-10
[2026-02-25 13:34:25.981] [cout] [info] time = 1.815 Performance = 188.856 Constraint violation = 4.32017e-12
[2026-02-25 13:34:26.344] [cout] [info] time = 1.82 Performance = 177.919 Constraint violation = 7.11342e-11
[2026-02-25 13:34:26.708] [cout] [info] time = 1.825 Performance = 167.116 Constraint violation = 1.42681e-10
[2026-02-25 13:34:27.090] [cout] [info] time = 1.83 Performance = 156.584 Constraint violation = 6.09030e-11
[2026-02-25 13:34:27.450] [cout] [info] time = 1.835 Performance = 146.431 Constraint violation = 3.8723e-11
[2026-02-25 13:34:27.972] [cout] [info] time = 1.84 Performance = 136.74 Constraint violation = 9.47090e-12
[2026-02-25 13:34:28.381] [cout] [info] time = 1.845 Performance = 127.6 Constraint violation = 6.46711e-12
[2026-02-25 13:34:28.740] [cout] [info] time = 1.85 Performance = 119.07 Constraint violation = 1.21863e-10
[2026-02-25 13:34:29.147] [cout] [info] time = 1.855 Performance = 111.192 Constraint violation = 6.03427e-11
[2026-02-25 13:34:29.527] [cout] [info] time = 1.86 Performance = 103.979 Constraint violation = 6.2667e-11
[2026-02-25 13:34:29.873] [cout] [info] time = 1.865 Performance = 97.4302 Constraint violation = 5.85027e-12
[2026-02-25 13:34:30.214] [cout] [info] time = 1.87 Performance = 91.5333 Constraint violation = 1.19565e-12
[2026-02-25 13:34:30.601] [cout] [info] time = 1.875 Performance = 86.2685 Constraint violation = 7.39266e-11
[2026-02-25 13:34:30.943] [cout] [info] time = 1.88 Performance = 81.6215 Constraint violation = 5.56314e-11
[2026-02-25 13:34:31.279] [cout] [info] time = 1.885 Performance = 77.5884 Constraint violation = 1.25418e-11
[2026-02-25 13:34:31.630] [cout] [info] time = 1.89 Performance = 74.1612 Constraint violation = 5.97721e-11
[2026-02-25 13:34:31.968] [cout] [info] time = 1.895 Performance = 71.3030 Constraint violation = 2.32789e-12
[2026-02-25 13:34:32.313] [cout] [info] time = 1.9 Performance = 68.9414 Constraint violation = 1.37798e-10
[2026-02-25 13:34:32.653] [cout] [info] time = 1.90500 Performance = 66.9923 Constraint violation = 1.96404e-12
[2026-02-25 13:34:32.998] [cout] [info] time = 1.91 Performance = 65.3868 Constraint violation = 8.54828e-12
[2026-02-25 13:34:33.348] [cout] [info] time = 1.915 Performance = 64.08 Constraint violation = 2.14167e-11
[2026-02-25 13:34:33.694] [cout] [info] time = 1.92 Performance = 63.0349 Constraint violation = 4.45836e-11
[2026-02-25 13:34:34.037] [cout] [info] time = 1.925 Performance = 62.2068 Constraint violation = 5.98875e-11
[2026-02-25 13:34:34.379] [cout] [info] time = 1.93 Performance = 61.5256 Constraint violation = 1.79835e-11
[2026-02-25 13:34:34.723] [cout] [info] time = 1.935 Performance = 60.9012 Constraint violation = 7.94551e-11
[2026-02-25 13:34:35.088] [cout] [info] time = 1.94 Performance = 60.2414 Constraint violation = 1.93492e-11
[2026-02-25 13:34:35.495] [cout] [info] time = 1.945 Performance = 59.4713 Constraint violation = 2.93175e-11
[2026-02-25 13:34:35.852] [cout] [info] time = 1.95 Performance = 58.5419 Constraint violation = 7.15927e-12
[2026-02-25 13:34:36.205] [cout] [info] time = 1.955 Performance = 57.4253 Constraint violation = 6.26779e-11
[2026-02-25 13:34:36.584] [cout] [info] time = 1.96 Performance = 56.1066 Constraint violation = 3.26101e-11
[2026-02-25 13:34:36.931] [cout] [info] time = 1.965 Performance = 54.5745 Constraint violation = 2.35824e-11
[2026-02-25 13:34:37.276] [cout] [info] time = 1.97 Performance = 52.8177 Constraint violation = 1.11798e-11
[2026-02-25 13:34:37.639] [cout] [info] time = 1.975 Performance = 50.831 Constraint violation = 2.96643e-11
[2026-02-25 13:34:38.026] [cout] [info] time = 1.98 Performance = 48.6233 Constraint violation = 3.566e-11
[2026-02-25 13:34:38.388] [cout] [info] time = 1.985 Performance = 46.2209 Constraint violation = 1.01746e-11
[2026-02-25 13:34:38.743] [cout] [info] time = 1.99 Performance = 43.6651 Constraint violation = 2.12422e-11
[2026-02-25 13:34:39.146] [cout] [info] time = 1.995 Performance = 41.0083 Constraint violation = 1.28945e-10
[2026-02-25 13:34:39.483] [cout] [info] time = 2.0 Performance = 38.3048 Constraint violation = 5.57238e-11
[2026-02-25 13:34:39.853] [cout] [info] time = 2.00500 Performance = 35.6034 Constraint violation = 4.52435e-11
[2026-02-25 13:34:40.298] [cout] [info] time = 2.01 Performance = 32.9452 Constraint violation = 1.49696e-11
[2026-02-25 13:34:40.656] [cout] [info] time = 2.015 Performance = 30.3662 Constraint violation = 1.55236e-11
[2026-02-25 13:34:41.002] [cout] [info] time = 2.02 Performance = 27.8976 Constraint violation = 2.09156e-11
[2026-02-25 13:34:41.347] [cout] [info] time = 2.025 Performance = 25.5647 Constraint violation = 3.11508e-12
[2026-02-25 13:34:41.700] [cout] [info] time = 2.03 Performance = 23.3862 Constraint violation = 4.88552e-11
[2026-02-25 13:34:42.054] [cout] [info] time = 2.035 Performance = 21.373 Constraint violation = 1.60796e-12
[2026-02-25 13:34:42.402] [cout] [info] time = 2.04 Performance = 19.5235 Constraint violation = 8.12934e-12
[2026-02-25 13:34:42.755] [cout] [info] time = 2.045 Performance = 17.8323 Constraint violation = 2.23385e-12
[2026-02-25 13:34:43.173] [cout] [info] time = 2.05 Performance = 16.2847 Constraint violation = 3.67484e-12
[2026-02-25 13:34:43.544] [cout] [info] time = 2.055 Performance = 14.862 Constraint violation = 1.1215e-11
[2026-02-25 13:34:43.934] [cout] [info] time = 2.06 Performance = 13.5441 Constraint violation = 2.65083e-12
[2026-02-25 13:34:44.309] [cout] [info] time = 2.065 Performance = 12.3089 Constraint violation = 7.99085e-13
[2026-02-25 13:34:44.682] [cout] [info] time = 2.07 Performance = 11.1394 Constraint violation = 1.32884e-12
[2026-02-25 13:34:45.067] [cout] [info] time = 2.075 Performance = 10.0179 Constraint violation = 3.96188e-11
[2026-02-25 13:34:45.488] [cout] [info] time = 2.08 Performance = 8.93982 Constraint violation = 6.25447e-12
[2026-02-25 13:34:45.866] [cout] [info] time = 2.085 Performance = 7.89882 Constraint violation = 3.59477e-12
[2026-02-25 13:34:46.315] [cout] [info] time = 2.09 Performance = 6.89403 Constraint violation = 9.0467e-12
[2026-02-25 13:34:46.769] [cout] [info] time = 2.095 Performance = 5.92871 Constraint violation = 2.38638e-10
[2026-02-25 13:34:47.195] [cout] [info] time = 2.1 Performance = 5.00981 Constraint violation = 6.15051e-12
[2026-02-25 13:34:47.625] [cout] [info] time = 2.10500 Performance = 4.14645 Constraint violation = 1.51287e-12
[2026-02-25 13:34:48.094] [cout] [info] time = 2.11 Performance = 3.34962 Constraint violation = 1.98257e-12
[2026-02-25 13:34:48.554] [cout] [info] time = 2.115 Performance = 2.63363 Constraint violation = 1.88915e-12
[2026-02-25 13:34:48.959] [cout] [info] time = 2.12 Performance = 2.00674 Constraint violation = 9.03313e-13
[2026-02-25 13:34:49.398] [cout] [info] time = 2.125 Performance = 1.47773 Constraint violation = 5.86768e-13
[2026-02-25 13:34:49.850] [cout] [info] time = 2.13 Performance = 1.05229 Constraint violation = 1.62399e-12
[2026-02-25 13:34:50.272] [cout] [info] time = 2.135 Performance = 0.730201 Constraint violation = 3.75526e-13
[2026-02-25 13:34:50.689] [cout] [info] time = 2.14 Performance = 0.507272 Constraint violation = 1.99232e-12
[2026-02-25 13:34:51.103] [cout] [info] time = 2.145 Performance = 0.374447 Constraint violation = 9.70811e-13
[2026-02-25 13:34:51.540] [cout] [info] time = 2.15 Performance = 0.318691 Constraint violation = 8.9156e-13
[2026-02-25 13:34:51.960] [cout] [info] time = 2.155 Performance = 0.323531 Constraint violation = 9.52262e-13
[2026-02-25 13:34:52.375] [cout] [info] time = 2.16 Performance = 0.370770 Constraint violation = 9.59061e-13
[2026-02-25 13:34:52.786] [cout] [info] time = 2.165 Performance = 0.441332 Constraint violation = 1.94022e-12
[2026-02-25 13:34:53.248] [cout] [info] time = 2.17 Performance = 0.517374 Constraint violation = 3.22126e-12
[2026-02-25 13:34:53.708] [cout] [info] time = 2.175 Performance = 0.588777 Constraint violation = 2.09187e-12
[2026-02-25 13:34:54.118] [cout] [info] time = 2.18 Performance = 0.648012 Constraint violation = 4.48985e-13
[2026-02-25 13:34:54.591] [cout] [info] time = 2.185 Performance = 0.698253 Constraint violation = 6.92525e-13
[2026-02-25 13:34:55.017] [cout] [info] time = 2.19 Performance = 0.75119 Constraint violation = 4.10273e-12
[2026-02-25 13:34:55.465] [cout] [info] time = 2.195 Performance = 0.832571 Constraint violation = 1.05063e-12
[2026-02-25 13:34:55.884] [cout] [info] time = 2.2 Performance = 0.977289 Constraint violation = 1.86595e-12
[2026-02-25 13:34:56.291] [cout] [info] time = 2.20500 Performance = 1.2326 Constraint violation = 1.67007e-12
[2026-02-25 13:34:56.742] [cout] [info] time = 2.21 Performance = 1.65526 Constraint violation = 1.68768e-12
[2026-02-25 13:34:57.244] [cout] [info] time = 2.215 Performance = 2.30415 Constraint violation = 1.42379e-12
[2026-02-25 13:34:57.632] [cout] [info] time = 2.22 Performance = 3.24679 Constraint violation = 2.28355e-12
[2026-02-25 13:34:58.036] [cout] [info] time = 2.225 Performance = 4.54088 Constraint violation = 2.11582e-12
[2026-02-25 13:34:58.463] [cout] [info] time = 2.23 Performance = 6.23773 Constraint violation = 3.06281e-12
[2026-02-25 13:34:58.838] [cout] [info] time = 2.235 Performance = 8.37813 Constraint violation = 1.94865e-12
[2026-02-25 13:34:59.209] [cout] [info] time = 2.24 Performance = 10.9833 Constraint violation = 2.39074e-12
[2026-02-25 13:34:59.600] [cout] [info] time = 2.245 Performance = 14.0543 Constraint violation = 1.39599e-11
[2026-02-25 13:34:59.971] [cout] [info] time = 2.25 Performance = 17.5695 Constraint violation = 2.29108e-12
[2026-02-25 13:35:00.349] [cout] [info] time = 2.255 Performance = 21.4823 Constraint violation = 1.7491e-11
[2026-02-25 13:35:00.743] [cout] [info] time = 2.26 Performance = 25.7254 Constraint violation = 4.64135e-12
[2026-02-25 13:35:01.118] [cout] [info] time = 2.265 Performance = 30.2083 Constraint violation = 9.90849e-11
[2026-02-25 13:35:01.483] [cout] [info] time = 2.27 Performance = 34.8244 Constraint violation = 8.53679e-12
[2026-02-25 13:35:01.868] [cout] [info] time = 2.275 Performance = 39.4537 Constraint violation = 1.52264e-11
[2026-02-25 13:35:02.243] [cout] [info] time = 2.28 Performance = 43.9742 Constraint violation = 2.37108e-11
[2026-02-25 13:35:02.613] [cout] [info] time = 2.285 Performance = 48.2679 Constraint violation = 3.84428e-11
[2026-02-25 13:35:02.981] [cout] [info] time = 2.29 Performance = 52.2256 Constraint violation = 3.36368e-11
[2026-02-25 13:35:03.350] [cout] [info] time = 2.295 Performance = 55.7502 Constraint violation = 9.71856e-12
[2026-02-25 13:35:03.722] [cout] [info] time = 2.3 Performance = 58.7624 Constraint violation = 4.95334e-11
[2026-02-25 13:35:04.086] [cout] [info] time = 2.30500 Performance = 61.2006 Constraint violation = 4.56062e-11
[2026-02-25 13:35:04.448] [cout] [info] time = 2.31 Performance = 63.0231 Constraint violation = 2.4312e-11
[2026-02-25 13:35:04.833] [cout] [info] time = 2.315 Performance = 64.2094 Constraint violation = 4.26473e-12
[2026-02-25 13:35:05.213] [cout] [info] time = 2.32 Performance = 64.7606 Constraint violation = 3.4185e-11
[2026-02-25 13:35:05.580] [cout] [info] time = 2.325 Performance = 64.6986 Constraint violation = 1.44749e-10
[2026-02-25 13:35:05.971] [cout] [info] time = 2.33 Performance = 64.0668 Constraint violation = 9.85634e-11
[2026-02-25 13:35:06.354] [cout] [info] time = 2.335 Performance = 62.9241 Constraint violation = 1.8488e-11
[2026-02-25 13:35:06.728] [cout] [info] time = 2.34 Performance = 61.3413 Constraint violation = 1.52491e-11
[2026-02-25 13:35:07.108] [cout] [info] time = 2.345 Performance = 59.3955 Constraint violation = 2.26895e-11
[2026-02-25 13:35:07.486] [cout] [info] time = 2.35 Performance = 57.1624 Constraint violation = 1.99255e-11
[2026-02-25 13:35:07.863] [cout] [info] time = 2.355 Performance = 54.7157 Constraint violation = 3.65073e-12
[2026-02-25 13:35:08.254] [cout] [info] time = 2.36 Performance = 52.1211 Constraint violation = 3.6189e-11
[2026-02-25 13:35:08.635] [cout] [info] time = 2.365 Performance = 49.4376 Constraint violation = 6.79123e-11
[2026-02-25 13:35:09.023] [cout] [info] time = 2.37 Performance = 46.7155 Constraint violation = 5.13539e-11
[2026-02-25 13:35:09.489] [cout] [info] time = 2.375 Performance = 43.9977 Constraint violation = 8.15493e-11
[2026-02-25 13:35:09.902] [cout] [info] time = 2.38 Performance = 41.3194 Constraint violation = 4.65421e-11
[2026-02-25 13:35:10.321] [cout] [info] time = 2.385 Performance = 38.7112 Constraint violation = 3.11308e-11
[2026-02-25 13:35:10.694] [cout] [info] time = 2.39 Performance = 36.1977 Constraint violation = 3.55569e-11
[2026-02-25 13:35:11.081] [cout] [info] time = 2.395 Performance = 33.7991 Constraint violation = 2.01555e-11
[2026-02-25 13:35:11.454] [cout] [info] time = 2.4 Performance = 31.5327 Constraint violation = 3.19079e-11
[2026-02-25 13:35:11.838] [cout] [info] time = 2.40500 Performance = 29.4144 Constraint violation = 1.31919e-11
[2026-02-25 13:35:12.221] [cout] [info] time = 2.41 Performance = 27.4588 Constraint violation = 2.33449e-12
[2026-02-25 13:35:12.601] [cout] [info] time = 2.415 Performance = 25.6779 Constraint violation = 1.42017e-11
[2026-02-25 13:35:12.986] [cout] [info] time = 2.42 Performance = 24.0782 Constraint violation = 1.20231e-11
[2026-02-25 13:35:13.363] [cout] [info] time = 2.425 Performance = 22.6627 Constraint violation = 2.35874e-11
[2026-02-25 13:35:13.739] [cout] [info] time = 2.43 Performance = 21.4312 Constraint violation = 1.05856e-11
[2026-02-25 13:35:14.123] [cout] [info] time = 2.435 Performance = 20.3809 Constraint violation = 1.46414e-11
[2026-02-25 13:35:14.504] [cout] [info] time = 2.44 Performance = 19.5080 Constraint violation = 4.41832e-12
[2026-02-25 13:35:14.883] [cout] [info] time = 2.445 Performance = 18.8091 Constraint violation = 1.67197e-12
[2026-02-25 13:35:15.261] [cout] [info] time = 2.45 Performance = 18.2732 Constraint violation = 3.01533e-12
[2026-02-25 13:35:15.655] [cout] [info] time = 2.455 Performance = 17.896 Constraint violation = 6.31482e-12
[2026-02-25 13:35:16.059] [cout] [info] time = 2.46 Performance = 17.6692 Constraint violation = 2.65553e-11
[2026-02-25 13:35:16.446] [cout] [info] time = 2.465 Performance = 17.5883 Constraint violation = 1.692e-11
[2026-02-25 13:35:16.834] [cout] [info] time = 2.47 Performance = 17.6493 Constraint violation = 5.02603e-12
[2026-02-25 13:35:17.212] [cout] [info] time = 2.475 Performance = 17.8488 Constraint violation = 3.32019e-11
[2026-02-25 13:35:17.598] [cout] [info] time = 2.48 Performance = 18.183 Constraint violation = 2.96316e-11
[2026-02-25 13:35:17.991] [cout] [info] time = 2.485 Performance = 18.6478 Constraint violation = 6.52028e-11
[2026-02-25 13:35:18.454] [cout] [info] time = 2.49 Performance = 19.2381 Constraint violation = 2.57047e-12
[2026-02-25 13:35:18.874] [cout] [info] time = 2.495 Performance = 19.9481 Constraint violation = 5.77604e-12
[2026-02-25 13:35:19.249] [cout] [info] time = 2.5 Performance = 20.7707 Constraint violation = 2.16558e-12
[2026-02-25 13:35:19.627] [cout] [info] time = 2.50500 Performance = 21.6973 Constraint violation = 2.68416e-11
[2026-02-25 13:35:20.012] [cout] [info] time = 2.51 Performance = 22.7194 Constraint violation = 2.04986e-11
[2026-02-25 13:35:20.383] [cout] [info] time = 2.515 Performance = 23.827 Constraint violation = 2.38868e-12
[2026-02-25 13:35:20.796] [cout] [info] time = 2.52 Performance = 25.0078 Constraint violation = 3.97845e-11
[2026-02-25 13:35:21.164] [cout] [info] time = 2.525 Performance = 26.249 Constraint violation = 3.00560e-11
[2026-02-25 13:35:21.530] [cout] [info] time = 2.53 Performance = 27.5376 Constraint violation = 9.03707e-12
[2026-02-25 13:35:21.889] [cout] [info] time = 2.535 Performance = 28.8575 Constraint violation = 2.66552e-12
[2026-02-25 13:35:22.262] [cout] [info] time = 2.54 Performance = 30.195 Constraint violation = 2.96993e-12
[2026-02-25 13:35:22.651] [cout] [info] time = 2.545 Performance = 31.5347 Constraint violation = 3.32542e-11
[2026-02-25 13:35:23.026] [cout] [info] time = 2.55 Performance = 32.8612 Constraint violation = 8.3138e-12
[2026-02-25 13:35:23.419] [cout] [info] time = 2.555 Performance = 34.1563 Constraint violation = 1.70075e-12
[2026-02-25 13:35:23.788] [cout] [info] time = 2.56 Performance = 35.4006 Constraint violation = 1.84994e-11
[2026-02-25 13:35:24.154] [cout] [info] time = 2.565 Performance = 36.5732 Constraint violation = 1.36e-11
[2026-02-25 13:35:24.518] [cout] [info] time = 2.57 Performance = 37.6531 Constraint violation = 8.14724e-12
[2026-02-25 13:35:24.886] [cout] [info] time = 2.575 Performance = 38.6188 Constraint violation = 1.46933e-11
[2026-02-25 13:35:25.247] [cout] [info] time = 2.58 Performance = 39.45 Constraint violation = 5.23627e-12
[2026-02-25 13:35:25.632] [cout] [info] time = 2.585 Performance = 40.1193 Constraint violation = 7.31714e-12
[2026-02-25 13:35:26.004] [cout] [info] time = 2.59 Performance = 40.615 Constraint violation = 6.86141e-12
[2026-02-25 13:35:26.374] [cout] [info] time = 2.595 Performance = 40.9169 Constraint violation = 7.12581e-12
[2026-02-25 13:35:26.736] [cout] [info] time = 2.6 Performance = 41.0109 Constraint violation = 1.15885e-11
[2026-02-25 13:35:27.109] [cout] [info] time = 2.60500 Performance = 40.8901 Constraint violation = 1.80805e-11
[2026-02-25 13:35:27.475] [cout] [info] time = 2.61 Performance = 40.5525 Constraint violation = 9.26574e-12
[2026-02-25 13:35:27.842] [cout] [info] time = 2.615 Performance = 40.01 Constraint violation = 1.16387e-11
[2026-02-25 13:35:28.224] [cout] [info] time = 2.62 Performance = 39.2769 Constraint violation = 9.54989e-12
[2026-02-25 13:35:28.590] [cout] [info] time = 2.625 Performance = 38.3813 Constraint violation = 4.8929e-11
[2026-02-25 13:35:28.951] [cout] [info] time = 2.63 Performance = 37.3594 Constraint violation = 2.13946e-11
[2026-02-25 13:35:29.312] [cout] [info] time = 2.635 Performance = 36.2555 Constraint violation = 1.32333e-11
[2026-02-25 13:35:29.693] [cout] [info] time = 2.64 Performance = 35.1161 Constraint violation = 1.00373e-11
[2026-02-25 13:35:30.060] [cout] [info] time = 2.645 Performance = 33.9885 Constraint violation = 2.22839e-11
[2026-02-25 13:35:30.062] [info] Printing results of investigation SO to .
[2026-02-25 13:35:30.646] [info] Loaded model scaled_opt_N10.osim from file ..\..\..\..\models\Athlete_03\25_03_31\scaled_opt_N10_increased_3.00.osim
[2026-02-25 13:35:30.720] [info] Storage: read data file = joint_angles.mot (nr=529 nc=40)
[2026-02-25 13:35:30.733] [info] Storage: read data file = joint_angles.mot (nr=529 nc=40)
[2026-02-25 13:35:30.801] [info] Loaded model scaled_opt_N10.osim from file ..\..\..\..\models\Athlete_03\25_03_31\scaled_opt_N10_increased_3.00.osim
[2026-02-25 13:35:30.900] [info] AbstractTool Analyse loading model ..\..\..\..\models\Athlete_03\25_03_31\scaled_opt_N10_increased_3.00.osim
[2026-02-25 13:35:30.946] [info] Loaded model scaled_opt_N10.osim from file ..\..\..\..\models\Athlete_03\25_03_31\scaled_opt_N10_increased_3.00.osim
[2026-02-25 13:35:31.155] [info] Storage: read data file = grf.mot (nr=5300 nc=46)
[2026-02-25 13:35:31.251] [info] ExternalForce::grf_r_4 Data source being set to grf
[2026-02-25 13:35:31.251] [info] ExternalForce::grf_l_5 Data source being set to grf
[2026-02-25 13:35:31.265] [info] Loading coordinates from file 'joint_angles.mot'.
[2026-02-25 13:35:31.266] [info] Storage: read data file = joint_angles.mot (nr=529 nc=40)
[2026-02-25 13:35:31.283] [info] Low-pass filtering coordinates data with a cutoff frequency of 6.0...
[2026-02-25 13:35:31.708] [info] AssemblySolver::track() attempt Failed: SimTK Exception thrown at Assembler.cpp:973:
  Method Assembler::track() failed because:
Unable to achieve required assembly error tolerance.
Assembly error tolerance achieved: 9.9514510064940799e-09 required: 1e-10.
[2026-02-25 13:35:31.715] [error] Model unable to assemble: AssemblySolver::assemble() Failed: SimTK Exception thrown at Assembler.cpp:897:
  Method Assembler::assemble() failed because:
Unable to achieve required assembly error tolerance.
Assembly error tolerance achieved: 9.9514509936733082e-09 required: 1e-10..Model relaxing constraints and trying again.
[2026-02-25 13:35:32.396] [info] Found 1057 state vectors with time stamps ranging from -1.315 to 3.965.
[2026-02-25 13:35:32.397] [info] Executing the analyses from 0.00500000 to 2.645...
[2026-02-25 13:35:32.399] [info] Loading actuator forces from file SO_StaticOptimization_force.sto.
[2026-02-25 13:35:32.423] [info] Storage: read data file = SO_StaticOptimization_force.sto (nr=529 nc=132)
[2026-02-25 13:35:32.472] [info] Found 131 actuator forces with time stamps ranging from 0.00500000to 2.645.
[2026-02-25 13:35:32.472] [warning] The forces file contains actuators that are not in the model's actuator set.
[2026-02-25 13:35:32.472] [warning] Ignoring fiber lengths and activations from the states since forces_file is also set. Actuator forces will be constructed from SO_StaticOptimization_force.sto.
[2026-02-25 13:35:34.275] [info] Printing results of investigation Analyse to .
[2026-02-25 15:02:47.952] [info] Loaded model Athlete_03 from file ..\..\..\..\models\Athlete_03\25_03_31\scaled.osim
