CEINMS output
datacolumns 81
datarows 217
endheader
time	addbrev_r	addlong_r	addmagDist_r	addmagIsch_r	addmagMid_r	addmagProx_r	bflh_r	bfsh_r	edl_r	ehl_r	fdl_r	fhl_r	gaslat_r	gasmed_r	glmax1_r	glmax2_r	glmax3_r	glmed1_r	glmed2_r	glmed3_r	glmin1_r	glmin2_r	glmin3_r	grac_r	iliacus_r	perbrev_r	perlong_r	piri_r	psoas_r	recfem_r	sart_r	semimem_r	semiten_r	soleus_r	tfl_r	tibant_r	tibpost_r	vasint_r	vaslat_r	vasmed_r	addbrev_l	addlong_l	addmagDist_l	addmagIsch_l	addmagMid_l	addmagProx_l	bflh_l	bfsh_l	edl_l	ehl_l	fdl_l	fhl_l	gaslat_l	gasmed_l	glmax1_l	glmax2_l	glmax3_l	glmed1_l	glmed2_l	glmed3_l	glmin1_l	glmin2_l	glmin3_l	grac_l	iliacus_l	perbrev_l	perlong_l	piri_l	psoas_l	recfem_l	sart_l	semimem_l	semiten_l	soleus_l	tfl_l	tibant_l	tibpost_l	vasint_l	vaslat_l	vasmed_l	
0.175	0.0397748	0.145944	0.0978129	0.240329	0.0513157	0.0446793	0.355112	0.0921442	0.389591	0.352588	0.348998	0.325564	0.337025	0.350485	0.100876	0.126038	0.118112	0.0504571	0.0618932	0.0526962	0.0145032	0.0240649	0.0476632	0.178994	0.0828788	0.130686	0.306502	0.121724	0.0768795	0.44279	0.110807	0.352647	0.276559	0.257726	0.411948	0.248325	0.254053	0.196688	0.236867	0.225629	0.0341566	0.127011	0.0878167	0.220879	0.046582	0.0407401	0.330316	0.0912583	0.356891	0.312524	0.393254	0.378153	0.363308	0.379619	0.101052	0.12364	0.0979932	0.0613653	0.0728346	0.051345	0.017397	0.0286421	0.0567431	0.166829	0.0827645	0.166102	0.353778	0.131232	0.0923547	0.47562	0.107877	0.323786	0.251624	0.27905	0.475518	0.228073	0.282124	0.195641	0.239854	0.227389	
0.18	0.0392448	0.145471	0.097014	0.239501	0.0505422	0.0442091	0.354159	0.0919497	0.389803	0.352984	0.349049	0.325557	0.336333	0.350144	0.101787	0.125896	0.117239	0.0505279	0.0619682	0.0527496	0.0145221	0.0241016	0.0477564	0.178056	0.0829786	0.130542	0.306268	0.121974	0.0769517	0.443772	0.110798	0.351769	0.277332	0.257231	0.412809	0.248926	0.254097	0.197222	0.237371	0.226139	0.0342355	0.127271	0.0879529	0.221118	0.0466803	0.040816	0.330339	0.0912438	0.357033	0.312725	0.393239	0.378008	0.362346	0.378597	0.10113	0.122965	0.0985391	0.0611685	0.071992	0.0506763	0.0166212	0.0278427	0.0560124	0.166973	0.0828044	0.165701	0.353355	0.130721	0.0924158	0.476209	0.107866	0.323629	0.251479	0.278199	0.475126	0.22842	0.282076	0.196202	0.240389	0.227931	
0.185	0.0387205	0.145007	0.0962384	0.23869	0.0497783	0.043746	0.353218	0.0917814	0.390022	0.353392	0.349094	0.325556	0.335658	0.349872	0.102678	0.125768	0.116379	0.0505444	0.0619877	0.0528193	0.0145292	0.0241195	0.0478204	0.177158	0.083246	0.130453	0.306076	0.122228	0.077037	0.444754	0.110986	0.350898	0.278514	0.256746	0.413847	0.249533	0.254136	0.197758	0.237881	0.226654	0.0342439	0.127353	0.0879778	0.221216	0.0466915	0.0408257	0.330429	0.0914456	0.357145	0.312901	0.39323	0.377866	0.36138	0.377569	0.101503	0.122309	0.0991431	0.0611999	0.0711493	0.0500179	0.0158438	0.027041	0.0552794	0.167038	0.0828202	0.165295	0.352926	0.13021	0.0924378	0.476801	0.107914	0.323482	0.251611	0.277342	0.474728	0.228603	0.282034	0.196783	0.240942	0.228618	
0.19	0.038187	0.144536	0.0954649	0.237881	0.0490066	0.0432776	0.352284	0.0916275	0.390243	0.353805	0.349132	0.325556	0.334998	0.349638	0.103174	0.125648	0.115701	0.0505439	0.0619881	0.0527498	0.0145349	0.0241264	0.0478164	0.176272	0.0833	0.130388	0.305903	0.12249	0.0771266	0.445731	0.1107	0.350153	0.279614	0.256272	0.414747	0.250143	0.254167	0.198291	0.238388	0.227166	0.0342415	0.127374	0.0879748	0.221234	0.0466888	0.0408231	0.331047	0.091517	0.357224	0.313067	0.393225	0.377726	0.360401	0.376523	0.101622	0.121675	0.099808	0.0612641	0.0702961	0.0493562	0.0150543	0.026227	0.054536	0.167078	0.082841	0.164878	0.352483	0.129692	0.0924382	0.477407	0.108441	0.323341	0.251365	0.276473	0.474403	0.228666	0.281998	0.197393	0.241525	0.229409	
0.195	0.0376323	0.144045	0.0946777	0.237061	0.0482135	0.0427936	0.351358	0.0914807	0.390461	0.35422	0.349168	0.325557	0.334355	0.349391	0.103047	0.125532	0.115224	0.0505449	0.0619899	0.05262	0.0145412	0.024135	0.0478019	0.175378	0.0830936	0.130324	0.305733	0.122763	0.0772144	0.446701	0.110144	0.349581	0.28046	0.255809	0.414848	0.250749	0.254195	0.198814	0.238887	0.22767	0.0342418	0.127401	0.087976	0.221238	0.0466895	0.0408231	0.332175	0.0913377	0.357282	0.31324	0.393228	0.377588	0.359399	0.375452	0.101253	0.121066	0.100539	0.0612908	0.069424	0.0486806	0.0142442	0.025393	0.0537752	0.167118	0.0830196	0.164442	0.352021	0.129162	0.0924353	0.478038	0.10903	0.323202	0.250343	0.275587	0.474166	0.228681	0.28197	0.198042	0.242149	0.23026	
0.2	0.0370477	0.143525	0.0938682	0.236224	0.0473898	0.0422875	0.350437	0.0915026	0.390673	0.354631	0.349207	0.32556	0.333759	0.349116	0.102445	0.125422	0.114875	0.0505474	0.0619939	0.0525315	0.0145476	0.0241466	0.0478092	0.174466	0.0828308	0.130257	0.305562	0.123053	0.0772977	0.447729	0.109751	0.349149	0.281084	0.25538	0.414053	0.251351	0.254224	0.199323	0.239374	0.228161	0.034242	0.12744	0.0879787	0.221247	0.0466903	0.0408232	0.333587	0.0910388	0.357335	0.313428	0.393238	0.377452	0.358372	0.374347	0.100657	0.120623	0.101467	0.061301	0.0685273	0.0479846	0.0134082	0.0245334	0.0529921	0.167158	0.0832975	0.163983	0.351535	0.128615	0.0924339	0.478697	0.109397	0.323137	0.249049	0.27468	0.473986	0.228694	0.281951	0.198741	0.242822	0.231149	
0.205	0.0364268	0.142968	0.0930316	0.235367	0.0465289	0.0417544	0.349519	0.0916529	0.390877	0.355037	0.349249	0.325566	0.333204	0.348819	0.101814	0.125318	0.114575	0.0505497	0.0619981	0.0524897	0.0145543	0.0241603	0.0478326	0.173533	0.0826376	0.130189	0.305392	0.123362	0.0773753	0.448782	0.109551	0.348798	0.281556	0.254979	0.413144	0.251944	0.254257	0.199816	0.239846	0.228637	0.0342417	0.127481	0.0879804	0.221261	0.0466905	0.0408227	0.33507	0.0907752	0.357391	0.313629	0.393258	0.37732	0.357314	0.373204	0.10022	0.120293	0.10257	0.061311	0.0676024	0.047264	0.0125428	0.0236446	0.052183	0.167196	0.0836084	0.163497	0.351022	0.128048	0.0924326	0.479388	0.10955	0.323109	0.248054	0.273751	0.47382	0.228713	0.281943	0.199501	0.243557	0.232067	
0.21	0.0357647	0.142371	0.0921647	0.234488	0.0456259	0.0411907	0.348603	0.0918325	0.391071	0.355434	0.349295	0.325575	0.332677	0.348528	0.101581	0.125224	0.114202	0.0505521	0.0620024	0.0524702	0.0145613	0.0241759	0.0478638	0.172576	0.082516	0.130122	0.305224	0.123693	0.0774466	0.44981	0.109443	0.348482	0.281924	0.2546	0.412672	0.252526	0.254293	0.20029	0.2403	0.229094	0.0342415	0.127524	0.0879819	0.221273	0.0466906	0.0408222	0.336514	0.0906017	0.35745	0.313842	0.393289	0.377193	0.356225	0.37202	0.100029	0.119994	0.103775	0.0613116	0.0666467	0.0465158	0.0116456	0.0227243	0.0513453	0.167231	0.0839218	0.162982	0.350478	0.127458	0.0924727	0.480114	0.109589	0.323066	0.247501	0.272799	0.473641	0.228735	0.281948	0.200329	0.244361	0.23301	
0.215	0.0350575	0.141729	0.0912656	0.233584	0.0446772	0.0405935	0.34769	0.0919904	0.391252	0.35582	0.349345	0.325589	0.332222	0.348249	0.102049	0.12514	0.113674	0.0505546	0.0620069	0.0524623	0.0145686	0.0241934	0.0479008	0.171597	0.0824347	0.130056	0.305057	0.12405	0.0775114	0.450788	0.109386	0.348167	0.282216	0.25428	0.412602	0.253096	0.254333	0.200742	0.240733	0.22953	0.0342412	0.12757	0.0879835	0.221285	0.0466908	0.0408217	0.337897	0.0904951	0.357512	0.31407	0.393332	0.377071	0.355099	0.370791	0.0999315	0.120047	0.105032	0.0612891	0.0656588	0.0457385	0.0107158	0.0217713	0.0504777	0.167264	0.0842312	0.162435	0.349902	0.126843	0.0927248	0.480872	0.10958	0.323183	0.247238	0.271824	0.473425	0.228756	0.281966	0.201231	0.24524	0.233984	
0.22	0.0343028	0.141041	0.0903333	0.232657	0.0436807	0.039961	0.346781	0.0921223	0.391419	0.356193	0.3494	0.325607	0.331825	0.347977	0.102847	0.125066	0.11298	0.0505575	0.0620117	0.0524627	0.0145762	0.0242126	0.0479439	0.170597	0.0823779	0.12999	0.304891	0.124432	0.0775695	0.451714	0.109362	0.34783	0.282449	0.254006	0.412736	0.253651	0.254377	0.201168	0.241143	0.229942	0.0342408	0.127778	0.0879851	0.221298	0.0466908	0.0408211	0.339232	0.0904217	0.357577	0.31431	0.393389	0.376957	0.353944	0.369519	0.0997528	0.12032	0.106696	0.0612435	0.064639	0.0449316	0.0097536	0.020786	0.0495799	0.167294	0.0845203	0.161855	0.349293	0.126203	0.0931056	0.481662	0.109549	0.323378	0.247092	0.270829	0.473133	0.228775	0.282001	0.202212	0.246199	0.234996	
0.225	0.0334997	0.140306	0.0893682	0.231706	0.0426357	0.0392924	0.34588	0.0921776	0.39157	0.356551	0.349459	0.325629	0.33146	0.347724	0.10361	0.125004	0.112146	0.0505615	0.0620165	0.0524689	0.0145842	0.0242335	0.0479926	0.169578	0.0823391	0.129925	0.304725	0.124842	0.077621	0.452593	0.109357	0.347474	0.282637	0.253756	0.412966	0.254189	0.254425	0.201567	0.241527	0.230328	0.0342402	0.128356	0.0879866	0.221311	0.0466907	0.0408204	0.340523	0.090363	0.357643	0.314563	0.39346	0.376849	0.352756	0.368205	0.0995869	0.120601	0.108686	0.0611913	0.0635891	0.0440959	0.00876068	0.0197699	0.0486534	0.167322	0.0847715	0.161243	0.348649	0.125538	0.0934869	0.482483	0.109503	0.323531	0.246988	0.269818	0.472745	0.228793	0.282052	0.203272	0.247237	0.236058	
0.23	0.032649	0.139527	0.0883719	0.230733	0.0415433	0.0385881	0.345265	0.0921735	0.391705	0.356891	0.349523	0.325656	0.331173	0.347502	0.104203	0.124952	0.111212	0.0505671	0.0620211	0.0524786	0.0145926	0.0242556	0.0480459	0.168545	0.0823128	0.129861	0.304561	0.125277	0.0776662	0.453433	0.10936	0.347188	0.282633	0.25357	0.413265	0.254709	0.254476	0.201936	0.241882	0.230684	0.0342395	0.129062	0.0879879	0.221324	0.0466905	0.0408196	0.341733	0.090308	0.357711	0.314826	0.393546	0.376751	0.351543	0.366852	0.0994224	0.120791	0.110795	0.0611484	0.0625128	0.043234	0.00774025	0.0187264	0.0477008	0.167345	0.0849746	0.1606	0.347973	0.124849	0.0938067	0.483334	0.109448	0.32358	0.246909	0.268795	0.472262	0.22881	0.282121	0.204409	0.248354	0.237179	
0.235	0.0317529	0.138705	0.0873474	0.229743	0.040406	0.0378499	0.344965	0.0921545	0.391822	0.357213	0.349592	0.325686	0.330948	0.347306	0.104626	0.124911	0.11021	0.0505743	0.0620254	0.0524908	0.0146015	0.0242792	0.0481031	0.167504	0.0822947	0.129798	0.304399	0.125736	0.0777058	0.454234	0.109368	0.347044	0.282319	0.253433	0.414205	0.255208	0.254531	0.202273	0.242206	0.23101	0.0342386	0.12969	0.087989	0.221337	0.0466901	0.0408187	0.342825	0.0902174	0.357779	0.315098	0.393646	0.376662	0.350308	0.365466	0.0992168	0.120894	0.113077	0.0611168	0.0614153	0.0423498	0.00669691	0.0176602	0.0467263	0.167365	0.0851277	0.159929	0.347267	0.12414	0.0940603	0.484214	0.109387	0.323527	0.246849	0.267767	0.471701	0.228823	0.282208	0.205619	0.249544	0.238367	
0.24	0.0308156	0.137846	0.0862989	0.228738	0.0392284	0.0370807	0.344855	0.0921417	0.39192	0.357515	0.349664	0.325721	0.330756	0.347129	0.104633	0.125412	0.109164	0.0508391	0.0620294	0.0525049	0.0146482	0.0243042	0.0481642	0.166461	0.0822825	0.129736	0.304239	0.126218	0.0777408	0.454997	0.109379	0.347008	0.281659	0.253318	0.415531	0.255686	0.25459	0.202575	0.242497	0.231302	0.0342375	0.130209	0.0879899	0.221349	0.0466894	0.0408176	0.343811	0.0900629	0.357847	0.315375	0.393762	0.376584	0.34906	0.364054	0.0994371	0.120959	0.115463	0.0610886	0.0603033	0.0414486	0.00563662	0.0165772	0.0457354	0.167381	0.085234	0.159234	0.346534	0.123413	0.0942591	0.485119	0.109325	0.323396	0.2468	0.266741	0.471083	0.228834	0.282314	0.206898	0.250802	0.239849	
0.245	0.0298427	0.136957	0.0852317	0.227723	0.0380164	0.0362847	0.344807	0.0921368	0.392001	0.357796	0.34974	0.32576	0.330624	0.347035	0.104105	0.12667	0.108087	0.0511281	0.0620328	0.0525206	0.0146577	0.0243312	0.0482304	0.165426	0.0822743	0.129676	0.304081	0.126718	0.0777724	0.45572	0.109391	0.347005	0.280687	0.253251	0.416902	0.25614	0.254651	0.202841	0.242753	0.23156	0.0342361	0.130633	0.0879905	0.221361	0.0466885	0.0408164	0.344689	0.0898446	0.357913	0.315655	0.393891	0.376518	0.347804	0.362624	0.0999168	0.121539	0.11785	0.0610569	0.0591849	0.0405372	0.00456655	0.015485	0.0447348	0.167626	0.0852974	0.158518	0.345778	0.122675	0.0944118	0.486046	0.109264	0.323494	0.246751	0.265727	0.470423	0.22884	0.282439	0.20824	0.252502	0.241006	
0.25	0.0288414	0.136045	0.0841522	0.226704	0.0367775	0.0354674	0.344935	0.092137	0.392065	0.358056	0.34982	0.325802	0.330543	0.347001	0.10321	0.127722	0.106989	0.0512736	0.0620355	0.0525377	0.0146641	0.0243603	0.0483029	0.164406	0.0822692	0.129618	0.303929	0.127233	0.0778022	0.456403	0.109404	0.34697	0.2795	0.25322	0.418155	0.256571	0.254715	0.203069	0.242973	0.231782	0.0342353	0.130931	0.0879907	0.221372	0.0466873	0.040815	0.345441	0.0895755	0.357977	0.315936	0.394035	0.376465	0.346552	0.361187	0.100089	0.122463	0.119558	0.0610226	0.0580696	0.0396234	0.0034949	0.0143918	0.0437325	0.168008	0.0853218	0.157789	0.345005	0.121931	0.0945205	0.486991	0.109206	0.323724	0.246689	0.264734	0.469732	0.228841	0.282582	0.209638	0.254086	0.241021	
0.255	0.0278205	0.13512	0.0830674	0.225687	0.0355206	0.0346355	0.345296	0.0921406	0.392111	0.358294	0.349902	0.325847	0.330492	0.34699	0.10238	0.128285	0.105875	0.0513229	0.0620375	0.0525559	0.0146784	0.0243916	0.0483819	0.163411	0.0822661	0.129562	0.303782	0.127758	0.0778318	0.457042	0.109417	0.346894	0.278309	0.253207	0.419253	0.256976	0.25478	0.203259	0.243157	0.231966	0.0342354	0.131055	0.0879903	0.221382	0.0466858	0.0408134	0.346074	0.0892684	0.358038	0.316217	0.394191	0.376425	0.345309	0.359753	0.100028	0.123426	0.119767	0.0609871	0.0569675	0.0387161	0.00243061	0.013307	0.0427372	0.168362	0.08531	0.157052	0.344222	0.121187	0.0945856	0.487948	0.109152	0.323919	0.246594	0.263772	0.46902	0.228842	0.282741	0.211083	0.254702	0.240457	
0.26	0.0267899	0.134193	0.0819851	0.224677	0.0342558	0.0337969	0.345842	0.0921465	0.392141	0.35851	0.349986	0.325895	0.330507	0.347032	0.101794	0.128539	0.104751	0.0513355	0.0620386	0.052575	0.0146871	0.0244251	0.048467	0.162451	0.0822645	0.129506	0.303641	0.128288	0.0778632	0.457637	0.109431	0.3468	0.277327	0.25325	0.420202	0.257356	0.254847	0.20341	0.243303	0.232114	0.0342363	0.131088	0.0879894	0.221389	0.0466839	0.0408116	0.346618	0.0889323	0.358094	0.316497	0.394359	0.3764	0.344091	0.358335	0.0999575	0.12427	0.119647	0.0609417	0.0558895	0.037825	0.00138314	0.0122404	0.0417583	0.168598	0.0852604	0.156315	0.343435	0.120452	0.0946093	0.488913	0.109104	0.324003	0.246469	0.262852	0.468292	0.228853	0.282917	0.212565	0.254598	0.239946	
0.265	0.0257606	0.133275	0.0809132	0.22368	0.0329939	0.0329601	0.346407	0.0921535	0.392156	0.358703	0.350072	0.325946	0.330576	0.347112	0.10143	0.128707	0.10362	0.0513357	0.0620388	0.0525947	0.0146905	0.0244605	0.0485573	0.161534	0.0822639	0.129451	0.303509	0.128819	0.0778984	0.458187	0.109445	0.346874	0.27667	0.253333	0.421011	0.257709	0.254915	0.203522	0.243411	0.232224	0.0342377	0.131032	0.0879878	0.221395	0.0466815	0.0408096	0.347089	0.0885727	0.358144	0.316774	0.394538	0.37639	0.342902	0.356946	0.0999309	0.124983	0.119634	0.0608856	0.054847	0.0369602	0.000362175	0.0112023	0.0408056	0.168676	0.0851701	0.155585	0.368487	0.119732	0.0945916	0.489878	0.109062	0.323968	0.246783	0.261985	0.467557	0.22888	0.283108	0.214072	0.254364	0.239624	
0.27	0.0247445	0.132377	0.07986	0.222702	0.0317467	0.0321348	0.346858	0.0921604	0.392158	0.358876	0.350157	0.325997	0.330674	0.347203	0.10122	0.128814	0.102486	0.0513214	0.062038	0.0526147	0.0146933	0.0244974	0.048651	0.160671	0.0822642	0.129393	0.303384	0.129343	0.0779394	0.458693	0.10946	0.347213	0.276291	0.253433	0.421682	0.258035	0.254982	0.203596	0.243483	0.232298	0.0342394	0.130841	0.0879853	0.221398	0.0466787	0.0408162	0.347505	0.0881931	0.358187	0.317046	0.394725	0.376396	0.341752	0.355596	0.0999298	0.125457	0.119646	0.0608183	0.0538509	0.036132	-0.000622695	0.0102026	0.0398889	0.168618	0.0850391	0.154871	0.367219	0.119036	0.0945319	0.490834	0.109028	0.323843	0.247126	0.261181	0.466819	0.22892	0.283311	0.215591	0.254231	0.239423	
0.275	0.0237537	0.131511	0.0788333	0.221749	0.0305257	0.0313308	0.347172	0.0921667	0.392148	0.359027	0.350243	0.32605	0.330836	0.347351	0.101103	0.128874	0.101354	0.051279	0.0620362	0.0526347	0.0146991	0.0245351	0.0487455	0.159868	0.0822651	0.129328	0.303268	0.129858	0.0779884	0.459154	0.109475	0.347776	0.276042	0.25358	0.422214	0.258334	0.255048	0.203632	0.243519	0.232336	0.0342411	0.130516	0.0879821	0.221399	0.0466753	0.0408582	0.347886	0.087796	0.358223	0.317307	0.394921	0.37642	0.340654	0.3543	0.0999385	0.125544	0.119642	0.0606717	0.052912	0.0353504	-0.00156224	0.00925135	0.039018	0.168495	0.0848703	0.154179	0.35713	0.118371	0.0944312	0.491773	0.109002	0.32371	0.247183	0.260449	0.466086	0.228967	0.283526	0.217106	0.254172	0.239288	
0.28	0.0228007	0.130689	0.0778407	0.220824	0.0293429	0.0305584	0.347373	0.0921724	0.392127	0.359161	0.350327	0.326104	0.331044	0.347537	0.101038	0.128876	0.100226	0.0512096	0.0620334	0.0526542	0.0147078	0.0245729	0.048838	0.159134	0.0822665	0.129241	0.30316	0.130356	0.0780476	0.459572	0.10949	0.348433	0.275758	0.25376	0.422606	0.258606	0.255114	0.203633	0.243521	0.232339	0.0342427	0.130076	0.0879779	0.221396	0.0466714	0.0409127	0.348246	0.0873836	0.35825	0.317553	0.395124	0.376461	0.339611	0.35307	0.100098	0.125519	0.119635	0.0603944	0.0520405	0.034625	-0.00244785	0.00835776	0.0382019	0.168368	0.0846674	0.153518	0.353176	0.117746	0.0942891	0.492686	0.108985	0.323609	0.247057	0.259798	0.465364	0.229017	0.283751	0.218601	0.254128	0.239199	
0.285	0.0218978	0.129923	0.0768892	0.219933	0.0282096	0.0298279	0.347634	0.0921774	0.392098	0.359275	0.35041	0.326158	0.331272	0.347732	0.100998	0.128829	0.0991054	0.0511306	0.0620296	0.052673	0.0147181	0.0246097	0.0489288	0.158474	0.0822683	0.129129	0.30306	0.130834	0.0781188	0.459949	0.109505	0.348986	0.27538	0.253948	0.422864	0.25885	0.255177	0.203599	0.243489	0.23231	0.0342439	0.129641	0.0879727	0.22139	0.0466669	0.0409504	0.348588	0.0869584	0.358268	0.317779	0.395332	0.376522	0.338646	0.351916	0.100532	0.12552	0.119631	0.0599964	0.0512452	0.0339648	-0.00327166	0.00753034	0.0374493	0.16826	0.0844393	0.152894	0.351576	0.117168	0.0941081	0.493564	0.108978	0.323519	0.246914	0.259237	0.464662	0.229065	0.283983	0.220062	0.254085	0.239142	
0.29	0.0210564	0.129222	0.0759858	0.219078	0.0271366	0.0291491	0.348069	0.0921819	0.392062	0.359431	0.35049	0.326211	0.331546	0.347974	0.100973	0.128727	0.0979958	0.0510629	0.0620253	0.0526907	0.0147295	0.024645	0.0490209	0.157894	0.0822705	0.128998	0.30297	0.131287	0.0782039	0.460288	0.10952	0.349335	0.274929	0.254162	0.423008	0.259066	0.255237	0.203533	0.243427	0.23225	0.0342446	0.129219	0.0879665	0.221381	0.0466618	0.0409374	0.348912	0.0865228	0.358277	0.317981	0.395545	0.376602	0.337536	0.35085	0.100891	0.125535	0.119628	0.0595215	0.0505342	0.0333773	-0.00402674	0.00677665	0.0367675	0.168137	0.0841955	0.152312	0.350914	0.116642	0.0938842	0.494401	0.10898	0.323414	0.247123	0.258772	0.463987	0.22911	0.284222	0.221477	0.254048	0.239104	
0.295	0.0202877	0.128596	0.0751363	0.218261	0.0261336	0.0285314	0.348617	0.0921859	0.392019	0.359635	0.350566	0.326262	0.331849	0.348245	0.100955	0.128579	0.0968992	0.0510152	0.0620205	0.0527072	0.0147412	0.024679	0.0491154	0.157397	0.082273	0.128858	0.302888	0.131713	0.0783047	0.46059	0.109535	0.349452	0.275609	0.254392	0.423071	0.259254	0.255294	0.203438	0.243337	0.232162	0.0342446	0.128829	0.0879592	0.221368	0.0466561	0.0409004	0.349215	0.0860795	0.358276	0.318155	0.395761	0.376701	0.336458	0.349882	0.101209	0.125545	0.119623	0.0590206	0.0499139	0.0328693	-0.00470718	0.00610311	0.0361631	0.167938	0.0839431	0.151779	0.350462	0.116176	0.0936035	0.495187	0.108993	0.323315	0.247317	0.258409	0.463347	0.229147	0.284465	0.222843	0.254018	0.239078	
0.3	0.0196013	0.128055	0.0743449	0.217484	0.0252095	0.0279834	0.349165	0.0921893	0.391972	0.359846	0.350639	0.326313	0.332161	0.348515	0.10094	0.128338	0.0958176	0.0509961	0.0620146	0.0527221	0.0147527	0.0247124	0.049211	0.156986	0.0822756	0.128718	0.302815	0.132106	0.0784226	0.46086	0.109551	0.349367	0.276749	0.254621	0.423089	0.259415	0.255348	0.203315	0.24322	0.232048	0.0342437	0.128529	0.0879508	0.221352	0.0466496	0.0408649	0.349497	0.0856317	0.358264	0.318297	0.39598	0.376822	0.33549	0.349019	0.101494	0.125552	0.119617	0.0585382	0.0493895	0.0324459	-0.00530808	0.00551506	0.0356411	0.167698	0.0837057	0.151296	0.350006	0.115773	0.0932971	0.495921	0.109012	0.323234	0.247282	0.258153	0.46275	0.229175	0.28471	0.224158	0.253993	0.239057	
0.305	0.0190058	0.127605	0.0736146	0.216747	0.0243716	0.0275126	0.349643	0.0921923	0.391922	0.360022	0.350707	0.326361	0.332501	0.348802	0.100927	0.128016	0.0947527	0.0509982	0.0620077	0.0527354	0.0147639	0.0247453	0.0493057	0.156661	0.0822785	0.128585	0.302752	0.132466	0.0785588	0.461101	0.109566	0.349142	0.277479	0.254865	0.423093	0.259549	0.255397	0.203168	0.24308	0.23191	0.0342418	0.128344	0.0879413	0.221333	0.0466424	0.0408363	0.349755	0.0851828	0.358243	0.318405	0.3962	0.376962	0.33464	0.34827	0.101769	0.125558	0.11961	0.0581068	0.0489647	0.0321107	-0.00582559	0.00501657	0.0352057	0.167486	0.0835157	0.150869	0.349549	0.115436	0.0930174	0.496608	0.109029	0.323171	0.247118	0.258005	0.462201	0.229192	0.284956	0.225418	0.253969	0.239039	
0.31	0.0185083	0.127251	0.0729485	0.216052	0.0236262	0.0271255	0.350036	0.0921949	0.391869	0.360141	0.35077	0.326407	0.332858	0.349096	0.100912	0.127704	0.0937053	0.0510052	0.0619999	0.0527467	0.0147743	0.0247771	0.0493971	0.156424	0.0822814	0.128463	0.302697	0.132791	0.0787145	0.461317	0.109582	0.348842	0.277611	0.255116	0.423096	0.259656	0.255442	0.202999	0.242919	0.231752	0.034239	0.128237	0.0879305	0.22131	0.0466343	0.0408135	0.349986	0.0847363	0.358212	0.318477	0.39642	0.377123	0.333915	0.34764	0.101985	0.125565	0.119602	0.0577472	0.0486418	0.0318659	-0.00625691	0.00461053	0.0348594	0.167324	0.0833953	0.150497	0.349131	0.115168	0.0927999	0.497252	0.10905	0.323119	0.246958	0.257968	0.461708	0.229197	0.285202	0.226625	0.253945	0.239022	
0.315	0.0181143	0.126998	0.0723479	0.215396	0.0229779	0.026827	0.350357	0.0921971	0.391815	0.3602	0.350827	0.326449	0.333213	0.349378	0.100896	0.127427	0.0926762	0.0510159	0.0619913	0.0527562	0.0147838	0.0248072	0.0494829	0.156273	0.0822844	0.128357	0.302651	0.133079	0.0788902	0.461511	0.109598	0.348512	0.277342	0.255361	0.423107	0.259736	0.255483	0.202812	0.24274	0.231575	0.0342351	0.128168	0.0879186	0.221285	0.0466252	0.0407948	0.350189	0.0842961	0.358172	0.31851	0.396639	0.377304	0.333318	0.347133	0.102132	0.125571	0.119592	0.0574708	0.0484215	0.0317124	-0.0066002	0.00429862	0.0346034	0.167201	0.0833505	0.150182	0.348778	0.11497	0.0926506	0.497853	0.109082	0.323072	0.246833	0.258042	0.461276	0.229188	0.285445	0.227771	0.254146	0.239179	
0.32	0.0178277	0.126848	0.0718136	0.21478	0.0224302	0.0266208	0.350621	0.092199	0.39176	0.360203	0.350879	0.326489	0.333577	0.349644	0.100875	0.127142	0.0916655	0.0510282	0.0619818	0.0527636	0.0147932	0.0248349	0.0495607	0.156207	0.0822875	0.128269	0.302615	0.13333	0.0790864	0.461687	0.109614	0.348175	0.276953	0.255602	0.423126	0.25979	0.255518	0.202608	0.242546	0.231383	0.0342301	0.128115	0.0879054	0.221257	0.0466145	0.0407787	0.350363	0.0838664	0.358123	0.318506	0.396856	0.377504	0.332853	0.346753	0.102196	0.125576	0.119581	0.0572833	0.0483033	0.0316491	-0.00685457	0.00408131	0.0344379	0.167102	0.0833707	0.149924	0.348496	0.114843	0.0925524	0.498408	0.109123	0.323049	0.246709	0.258225	0.460909	0.229167	0.285685	0.22885	0.254388	0.23937	
0.325	0.0176508	0.126803	0.0713455	0.214202	0.0219875	0.0265091	0.350835	0.0922005	0.391706	0.360156	0.350924	0.326525	0.333943	0.349864	0.100842	0.126829	0.0906733	0.0510314	0.0619715	0.0527691	0.0148012	0.0248594	0.0496288	0.156225	0.0822905	0.128202	0.302589	0.133543	0.0793034	0.461849	0.10963	0.347842	0.276625	0.255838	0.423153	0.259819	0.255548	0.20239	0.242338	0.231178	0.0342239	0.128069	0.0878906	0.221226	0.0466015	0.0407634	0.350507	0.0834509	0.358066	0.318464	0.397071	0.377722	0.332522	0.346502	0.102176	0.125581	0.119568	0.0571865	0.0482856	0.0316739	-0.00702008	0.003958	0.0343616	0.167018	0.0834358	0.149722	0.348289	0.114783	0.0924844	0.498914	0.109173	0.323069	0.246535	0.258516	0.46061	0.229132	0.285919	0.229856	0.254629	0.239604	
0.33	0.0175845	0.126863	0.0709433	0.213661	0.0216513	0.0264928	0.350999	0.0922017	0.391651	0.360062	0.350962	0.326557	0.3343	0.350014	0.100769	0.126529	0.0896992	0.0510139	0.0619602	0.0527725	0.0148068	0.0248801	0.0496854	0.156322	0.0822935	0.128157	0.302571	0.133719	0.0795412	0.462	0.109646	0.347515	0.2764	0.256064	0.423188	0.259822	0.255573	0.202162	0.24212	0.230962	0.0342165	0.128024	0.087874	0.221193	0.0465827	0.0407463	0.350621	0.0830536	0.358002	0.318386	0.397281	0.377957	0.332326	0.346379	0.102075	0.125585	0.119555	0.0571805	0.0483653	0.0317835	-0.00709755	0.00392702	0.0343722	0.166943	0.0835259	0.149576	0.348153	0.11479	0.0924319	0.49937	0.10923	0.323128	0.246312	0.25891	0.460379	0.229084	0.286148	0.230783	0.254839	0.239875	
0.335	0.0176282	0.127026	0.070606	0.213155	0.0214213	0.0265714	0.351109	0.0922027	0.391597	0.359937	0.351024	0.32668	0.334654	0.350097	0.100646	0.126306	0.0887428	0.0509705	0.0619478	0.0527739	0.0148108	0.0248965	0.0497294	0.156498	0.0822965	0.128137	0.3026	0.133858	0.0797994	0.462143	0.109663	0.347193	0.276245	0.25628	0.42323	0.2598	0.255671	0.201925	0.241894	0.230738	0.0342079	0.127976	0.0878547	0.221158	0.0465137	0.0406991	0.350708	0.082678	0.357932	0.318275	0.397487	0.378206	0.332261	0.346382	0.101913	0.125588	0.119542	0.057264	0.0485387	0.0319732	-0.00708866	0.00398576	0.0344662	0.166874	0.0836256	0.149484	0.348087	0.11486	0.0924424	0.499774	0.109293	0.323212	0.246647	0.259403	0.460218	0.229025	0.286368	0.23163	0.255028	0.240166	
0.34	0.0177799	0.127292	0.0703323	0.212683	0.0212964	0.0267432	0.351166	0.0922034	0.391544	0.359802	0.351111	0.326887	0.335002	0.350134	0.100669	0.126164	0.0878035	0.0509156	0.0619339	0.0527734	0.0148137	0.0249082	0.0497601	0.156748	0.0822993	0.128142	0.302691	0.133962	0.0800776	0.46228	0.10968	0.346875	0.27612	0.256486	0.423277	0.259755	0.255837	0.201681	0.241661	0.230507	0.0341977	0.127926	0.0878307	0.221121	0.0463626	0.0405937	0.350769	0.0823293	0.357857	0.318132	0.397685	0.378467	0.332327	0.346509	0.101707	0.125591	0.119528	0.057435	0.0488009	0.0322377	-0.00699575	0.00413074	0.0346395	0.166809	0.0837253	0.149445	0.348089	0.114989	0.0925432	0.500129	0.109362	0.323305	0.247124	0.259989	0.460124	0.228954	0.28658	0.232396	0.255202	0.240454	
0.345	0.0180366	0.127656	0.0701205	0.212244	0.0212731	0.0270057	0.351174	0.0922039	0.391491	0.359672	0.351206	0.327124	0.335339	0.350147	0.10076	0.126055	0.0868808	0.0508677	0.0619177	0.052771	0.0148153	0.0249151	0.0497772	0.157071	0.082302	0.128173	0.302832	0.134023	0.080375	0.462414	0.109696	0.346561	0.276002	0.256685	0.423327	0.259685	0.256022	0.201432	0.241424	0.230272	0.0341852	0.127871	0.0877919	0.221082	0.0461198	0.0404203	0.350808	0.0820118	0.357778	0.317962	0.397877	0.378739	0.332517	0.346755	0.101452	0.125593	0.119513	0.0576906	0.0491463	0.0325707	-0.0068219	0.00435772	0.0348872	0.166745	0.0838186	0.149457	0.348155	0.115172	0.0926902	0.500435	0.109435	0.323416	0.247268	0.26066	0.460095	0.228873	0.286782	0.233083	0.255338	0.240705	
0.35	0.0183944	0.128117	0.0699691	0.211837	0.0213505	0.0273549	0.35114	0.0922043	0.391439	0.359555	0.351295	0.327352	0.335665	0.350151	0.10079	0.125874	0.0859741	0.0508322	0.0618968	0.0527667	0.0148156	0.0249171	0.0497807	0.157462	0.0823046	0.128232	0.303002	0.134039	0.0806908	0.462548	0.109713	0.34625	0.275971	0.256878	0.423381	0.259591	0.256196	0.20118	0.241183	0.230033	0.0341686	0.127812	0.0876873	0.22104	0.0457879	0.0401811	0.350826	0.0817282	0.357697	0.317769	0.398059	0.379019	0.332827	0.347115	0.101156	0.125595	0.119499	0.0580274	0.0495689	0.0329656	-0.00657077	0.00466184	0.0352035	0.166683	0.0838997	0.149518	0.348282	0.115405	0.0928416	0.500695	0.109512	0.323557	0.247143	0.261408	0.460127	0.228784	0.286974	0.233535	0.255394	0.240881	
0.355	0.0188482	0.128669	0.0698761	0.21146	0.0215242	0.0277865	0.351072	0.0922045	0.391388	0.359449	0.351369	0.327558	0.335979	0.350151	0.100788	0.125578	0.0850832	0.0508059	0.0618538	0.0527606	0.0148147	0.0249143	0.049771	0.157919	0.082307	0.128318	0.303191	0.134023	0.081024	0.462681	0.10973	0.345941	0.275989	0.257066	0.423435	0.259475	0.256347	0.200926	0.240942	0.229793	0.0341118	0.12775	0.0874982	0.220995	0.0453733	0.0398812	0.350828	0.0814797	0.357613	0.317555	0.398233	0.379304	0.33325	0.347581	0.100858	0.125596	0.119484	0.0584415	0.050062	0.0334152	-0.00624658	0.00503764	0.0355825	0.166623	0.0839649	0.149625	0.348465	0.115681	0.0929783	0.500912	0.10959	0.323744	0.246976	0.262224	0.460215	0.228687	0.287154	0.233663	0.255427	0.240991	
0.36	0.0193927	0.129308	0.0698397	0.211114	0.0217901	0.0282953	0.350967	0.0922045	0.391337	0.359349	0.351428	0.32774	0.336283	0.35015	0.100721	0.125177	0.0842076	0.0507851	0.0617706	0.0527528	0.0148144	0.0249069	0.0497489	0.158439	0.0823093	0.128431	0.303392	0.133984	0.0813734	0.462816	0.109747	0.345634	0.275994	0.257249	0.423491	0.259336	0.256473	0.200672	0.2407	0.229552	0.0339623	0.127684	0.0872266	0.220944	0.0448827	0.0395258	0.350818	0.0812654	0.357529	0.317327	0.398395	0.379592	0.333777	0.348146	0.100588	0.125596	0.11947	0.0589284	0.0506187	0.0339121	-0.00585402	0.00547931	0.0360179	0.166564	0.084013	0.149776	0.348698	0.115996	0.0930959	0.501088	0.109668	0.324038	0.246857	0.2631	0.460354	0.228585	0.287322	0.23363	0.25547	0.241045	
0.365	0.0200215	0.13003	0.0698577	0.210797	0.0221437	0.0288757	0.350823	0.0922045	0.391287	0.35925	0.351469	0.327898	0.336578	0.350459	0.100551	0.125032	0.0833474	0.0507779	0.0616407	0.0527433	0.0148158	0.0248954	0.0497152	0.159019	0.0823113	0.128571	0.303601	0.133925	0.0817377	0.462954	0.109764	0.345328	0.275957	0.257427	0.423545	0.259174	0.256576	0.200419	0.240459	0.229313	0.0337025	0.127617	0.0868809	0.220884	0.0443228	0.0391193	0.3508	0.0810847	0.357446	0.317089	0.398547	0.379879	0.334399	0.348799	0.100387	0.125596	0.119455	0.0594831	0.0512317	0.0344492	-0.00539818	0.00598073	0.0365032	0.166507	0.0840444	0.149966	0.348975	0.116343	0.0931955	0.501224	0.109747	0.324438	0.246775	0.264024	0.460538	0.228477	0.287478	0.23358	0.255496	0.24104	
0.37	0.0207284	0.130827	0.0699282	0.210509	0.0225799	0.0295217	0.350643	0.0922043	0.391236	0.359138	0.351488	0.328025	0.33687	0.350992	0.100556	0.125035	0.0825026	0.0507792	0.0614651	0.0527322	0.0148158	0.0248801	0.0496709	0.159656	0.0823563	0.128739	0.303811	0.133841	0.0821154	0.463094	0.109781	0.345022	0.275869	0.257605	0.423596	0.25899	0.256651	0.200167	0.240219	0.229074	0.0333407	0.127548	0.0864701	0.220797	0.0437006	0.0386656	0.350776	0.0809379	0.357365	0.316844	0.398688	0.380165	0.335106	0.349532	0.100262	0.125595	0.119441	0.0601004	0.051894	0.0350191	-0.00488438	0.00653563	0.0370319	0.166452	0.0840602	0.150194	0.34929	0.116717	0.0932784	0.501321	0.109823	0.324904	0.246702	0.264986	0.460761	0.228363	0.287621	0.233549	0.255482	0.240991	
0.375	0.0215065	0.131697	0.0700492	0.21025	0.0230938	0.030227	0.350435	0.0922041	0.391186	0.35901	0.351473	0.328101	0.337127	0.351486	0.100649	0.124984	0.0816736	0.0507775	0.0612471	0.0527197	0.0148131	0.0248616	0.0496174	0.160346	0.0824626	0.128933	0.304003	0.133729	0.0825052	0.463238	0.109797	0.344719	0.275846	0.258226	0.423645	0.258785	0.256685	0.199918	0.239983	0.228839	0.0328929	0.127483	0.0860021	0.220658	0.043023	0.0381688	0.350752	0.0808258	0.357286	0.316597	0.398817	0.380446	0.335888	0.350334	0.100189	0.125594	0.119428	0.0607906	0.0525984	0.0356149	-0.00431815	0.00713772	0.0375975	0.166399	0.0840598	0.150452	0.349637	0.117113	0.0933443	0.501382	0.109897	0.325385	0.246614	0.265977	0.461016	0.228238	0.287752	0.233526	0.255434	0.240901	
0.38	0.0223492	0.132631	0.0702184	0.210019	0.0236797	0.0309855	0.350202	0.0922037	0.391134	0.358865	0.351387	0.328042	0.337304	0.351758	0.100665	0.124967	0.0811833	0.0507669	0.0609901	0.0527057	0.0148077	0.0248404	0.0495559	0.161087	0.0826084	0.129154	0.304113	0.133592	0.0829055	0.463384	0.109814	0.34442	0.275957	0.258969	0.42369	0.258558	0.256624	0.199672	0.239749	0.228606	0.032374	0.127515	0.0854845	0.220464	0.0422973	0.037633	0.350731	0.0807488	0.357211	0.31635	0.398934	0.38072	0.336734	0.351194	0.100145	0.125592	0.119414	0.0609683	0.053338	0.03623	-0.00370507	0.0077808	0.0381941	0.1664	0.0840419	0.150738	0.350008	0.117526	0.0933969	0.501405	0.109967	0.325843	0.246617	0.266985	0.461297	0.228088	0.287872	0.233498	0.255374	0.240764	
0.385	0.0232492	0.133625	0.0704339	0.209817	0.0243323	0.0317907	0.349953	0.0922033	0.391082	0.358706	0.351234	0.327778	0.337394	0.351715	0.100811	0.124918	0.0809027	0.0507473	0.0606972	0.0526905	0.0148004	0.024817	0.049488	0.161876	0.0827705	0.129381	0.304072	0.13343	0.0833147	0.463534	0.10983	0.344129	0.276093	0.259546	0.423729	0.258311	0.256421	0.19943	0.23952	0.228377	0.0317963	0.127568	0.0849248	0.220225	0.0415307	0.0370625	0.350716	0.0807074	0.357141	0.316108	0.399041	0.380987	0.337633	0.352102	0.10012	0.12559	0.119401	0.0609367	0.054106	0.0368583	-0.00305082	0.00845875	0.0388155	0.166422	0.0840001	0.151045	0.350397	0.11795	0.0934257	0.501393	0.110034	0.326268	0.246763	0.268	0.461599	0.227872	0.287979	0.233466	0.255302	0.240583	
0.39	0.0242001	0.134672	0.0706935	0.209643	0.025046	0.0326365	0.349694	0.0922029	0.391029	0.358537	0.351069	0.327381	0.337427	0.351403	0.100939	0.124742	0.0806222	0.0507201	0.0603715	0.0526741	0.0147918	0.024792	0.049415	0.162709	0.0829353	0.129526	0.303896	0.133245	0.0837314	0.463686	0.109847	0.343847	0.276148	0.259852	0.423763	0.258044	0.256109	0.199192	0.239294	0.228153	0.0311699	0.127576	0.0843299	0.21995	0.0407302	0.0364616	0.35071	0.0807011	0.357075	0.315871	0.399136	0.381243	0.338575	0.353047	0.100106	0.125587	0.119389	0.0609276	0.0548963	0.0374941	-0.00236079	0.00916589	0.0394565	0.166444	0.0839278	0.151369	0.350798	0.118382	0.0934191	0.501345	0.110097	0.326672	0.246901	0.269014	0.461915	0.227575	0.288076	0.233431	0.255215	0.240385	
0.395	0.0251951	0.135767	0.0709949	0.209498	0.0258152	0.0335171	0.349432	0.0922023	0.390975	0.358357	0.350937	0.327012	0.337435	0.351007	0.100926	0.124811	0.0802346	0.0506936	0.0600157	0.0526566	0.0147825	0.0247658	0.0493383	0.163583	0.0830801	0.129584	0.303697	0.13304	0.084154	0.463842	0.109863	0.343573	0.276123	0.259825	0.42379	0.257757	0.255796	0.19896	0.239074	0.227933	0.0305036	0.127544	0.0837069	0.219646	0.0399027	0.0358345	0.350716	0.0807297	0.357015	0.315641	0.39922	0.381489	0.339549	0.354019	0.100097	0.125584	0.119377	0.0609385	0.055703	0.0381326	-0.00164032	0.00989675	0.0401119	0.166477	0.0838219	0.151704	0.351204	0.118818	0.0933755	0.501261	0.110156	0.327067	0.246945	0.270016	0.46224	0.22721	0.288162	0.233393	0.255106	0.240185	
0.4	0.0262275	0.136903	0.0713358	0.20938	0.0266341	0.0344264	0.349171	0.0922017	0.390919	0.358168	0.35085	0.326809	0.337437	0.350684	0.100765	0.125008	0.0797305	0.0506743	0.0596328	0.0526383	0.0147731	0.024739	0.0492595	0.164495	0.083189	0.129618	0.303603	0.132815	0.0845809	0.463998	0.109879	0.343305	0.276062	0.259838	0.423811	0.257452	0.255593	0.198733	0.23886	0.227719	0.0298054	0.127499	0.0830624	0.219321	0.0390549	0.0351856	0.350735	0.0807922	0.356959	0.315419	0.399295	0.381723	0.340546	0.355008	0.100108	0.12558	0.119373	0.060944	0.0565206	0.0387691	-0.000894649	0.0106461	0.0407771	0.166525	0.0836813	0.152045	0.35161	0.119254	0.0933002	0.501141	0.11021	0.327452	0.246931	0.270999	0.46257	0.226799	0.288239	0.233352	0.254983	0.239985	
0.405	0.0272911	0.138075	0.071714	0.20929	0.0274974	0.035359	0.348914	0.0922011	0.390862	0.357969	0.350788	0.326742	0.337438	0.350482	0.100449	0.125108	0.0791446	0.0506641	0.0592257	0.0526194	0.014764	0.0247118	0.0491798	0.165443	0.0832659	0.129663	0.303626	0.132573	0.0850108	0.464157	0.109894	0.343041	0.275995	0.259987	0.423824	0.25713	0.255495	0.198512	0.23865	0.22751	0.0290826	0.127447	0.0824024	0.218979	0.0381928	0.034519	0.350771	0.0808874	0.35691	0.315205	0.399361	0.381945	0.341557	0.356006	0.1002	0.125577	0.119653	0.060946	0.057344	0.0393997	-0.000128678	0.0114091	0.0414478	0.166567	0.0835255	0.152387	0.352012	0.119687	0.0932086	0.500992	0.11026	0.327829	0.246916	0.271955	0.4629	0.226361	0.288308	0.233304	0.25485	0.239795	
0.41	0.0283796	0.139277	0.0721269	0.209227	0.0283992	0.0363095	0.348663	0.0922004	0.390803	0.357762	0.350726	0.326705	0.337439	0.35038	0.0999971	0.125553	0.0788913	0.050664	0.0587974	0.0525999	0.0147557	0.0246846	0.0491005	0.166421	0.0833241	0.129702	0.303693	0.132314	0.0854422	0.464316	0.109909	0.342783	0.27593	0.260162	0.423831	0.256791	0.255432	0.198297	0.238448	0.227307	0.0283419	0.127387	0.0817329	0.218627	0.0373225	0.0338389	0.350824	0.0810141	0.356866	0.315001	0.399419	0.382154	0.342572	0.357004	0.100295	0.125572	0.119862	0.0609485	0.0581688	0.040021	0.000652883	0.0121813	0.0421201	0.166585	0.0833803	0.152726	0.352404	0.120115	0.093115	0.500811	0.110306	0.328193	0.24692	0.272878	0.463227	0.225911	0.288368	0.233239	0.254714	0.239612	
0.415	0.0294873	0.140503	0.072572	0.20919	0.0293343	0.0372731	0.34842	0.0921997	0.390742	0.357547	0.350658	0.326646	0.337441	0.350338	0.0998998	0.12611	0.0788595	0.0506744	0.058351	0.0525801	0.0147485	0.0246575	0.0490226	0.167427	0.0833775	0.129727	0.303756	0.132042	0.0857333	0.464475	0.109924	0.342532	0.275849	0.260254	0.42383	0.256438	0.255361	0.198088	0.238251	0.227111	0.0275894	0.127317	0.0810591	0.218268	0.0364493	0.033149	0.350897	0.081171	0.356827	0.314808	0.39947	0.38235	0.343586	0.357994	0.100393	0.125568	0.120032	0.0609511	0.0589909	0.04063	0.0014456	0.0129586	0.0427906	0.166576	0.0832589	0.153059	0.352783	0.120536	0.0930257	0.500593	0.110348	0.328546	0.246938	0.273763	0.463562	0.225462	0.288422	0.233136	0.254579	0.23944	
0.42	0.0306081	0.141747	0.0730464	0.209179	0.0302968	0.0382447	0.348186	0.092199	0.39068	0.357326	0.35059	0.32659	0.337443	0.350329	0.100025	0.126278	0.0788263	0.0506911	0.0578896	0.0525602	0.0147425	0.0246303	0.0489468	0.168457	0.0834524	0.129753	0.30383	0.131757	0.0858382	0.464634	0.109938	0.342289	0.275759	0.260322	0.423821	0.256071	0.255291	0.197886	0.238061	0.226921	0.0268306	0.127241	0.080386	0.217908	0.0355783	0.0324533	0.35099	0.0813565	0.356794	0.314628	0.399514	0.382532	0.344591	0.358971	0.100488	0.125563	0.120173	0.0609533	0.0598062	0.0412242	0.00224519	0.0137371	0.043456	0.166546	0.0831612	0.153381	0.353147	0.120946	0.0929398	0.500334	0.110386	0.328898	0.246959	0.274604	0.463903	0.22502	0.288469	0.232987	0.254447	0.239287	
0.425	0.031737	0.143005	0.0735473	0.209193	0.0312817	0.0392202	0.347963	0.0921982	0.390616	0.357098	0.350525	0.326547	0.337445	0.350337	0.100113	0.126154	0.0787405	0.0507108	0.0574151	0.0525405	0.0147367	0.0246026	0.0488735	0.169508	0.0835274	0.129786	0.303924	0.131463	0.0858783	0.464793	0.109952	0.342054	0.275881	0.260399	0.423806	0.255694	0.255228	0.19769	0.237877	0.226737	0.0260705	0.127157	0.0797179	0.21755	0.0347142	0.0317551	0.351105	0.0815689	0.356766	0.31446	0.399552	0.382702	0.345582	0.359929	0.100576	0.125559	0.120297	0.0609548	0.0606116	0.0418015	0.00304785	0.0145132	0.0441138	0.166496	0.0830803	0.153691	0.353492	0.121346	0.0928544	0.500035	0.110421	0.329261	0.246981	0.275398	0.464237	0.224593	0.288511	0.232795	0.254317	0.239155	
0.43	0.0328683	0.144269	0.0740717	0.209229	0.0322832	0.040195	0.347751	0.0921975	0.39055	0.356866	0.35046	0.326512	0.337448	0.350356	0.100023	0.125897	0.07857	0.0507286	0.0569288	0.052521	0.0147304	0.0245745	0.0488017	0.170576	0.0835908	0.129823	0.304033	0.131161	0.0859242	0.464949	0.109965	0.341828	0.276117	0.260476	0.423784	0.255307	0.255172	0.197502	0.2377	0.22656	0.0253138	0.127059	0.0790592	0.217198	0.0338646	0.0310581	0.351242	0.0818066	0.356743	0.314305	0.399585	0.382858	0.346555	0.360864	0.100651	0.125554	0.12039	0.0609558	0.0614038	0.0423597	0.00384961	0.0152836	0.0447609	0.166428	0.0830096	0.153985	0.353817	0.121732	0.0927665	0.499695	0.110452	0.329646	0.247001	0.276144	0.464556	0.224187	0.288548	0.23256	0.254191	0.239045	
0.435	0.0339972	0.145535	0.0746162	0.209288	0.0332961	0.0411654	0.347552	0.0921967	0.390482	0.356631	0.350394	0.326478	0.337451	0.350382	0.0997355	0.1255	0.0783017	0.0507407	0.0564341	0.0525019	0.0147239	0.0245461	0.0487302	0.171656	0.083658	0.12986	0.304148	0.130855	0.0859954	0.465103	0.109978	0.34161	0.276258	0.260542	0.423756	0.254913	0.255117	0.197319	0.237528	0.226478	0.0245648	0.126901	0.0784136	0.216855	0.0330267	0.0303655	0.351404	0.082068	0.356725	0.314164	0.399613	0.383002	0.347506	0.361773	0.100732	0.125549	0.120447	0.0609562	0.0621799	0.0428974	0.00464712	0.0160452	0.0453953	0.166342	0.0829442	0.154264	0.354121	0.122104	0.0926734	0.499316	0.11044	0.330055	0.247022	0.276839	0.464851	0.223804	0.288581	0.232285	0.254065	0.238942	
0.44	0.0351187	0.146422	0.0751777	0.209366	0.0343151	0.0421274	0.347366	0.0921961	0.390414	0.356393	0.350329	0.326446	0.337455	0.350414	0.0992901	0.124958	0.0782966	0.0507624	0.0559342	0.0524835	0.0147208	0.0245201	0.0486584	0.172746	0.083708	0.1299	0.304269	0.130546	0.0860317	0.465254	0.109991	0.341398	0.276262	0.260603	0.423723	0.254514	0.255065	0.197143	0.237363	0.226724	0.0238273	0.126609	0.0777847	0.216525	0.0322079	0.0296802	0.35159	0.0823513	0.356711	0.314036	0.399637	0.383133	0.348433	0.362652	0.100642	0.125688	0.120381	0.0610052	0.0629375	0.0434132	0.00543705	0.0167952	0.0460146	0.166253	0.0828878	0.154525	0.354404	0.122461	0.092586	0.4989	0.110204	0.330489	0.247318	0.277482	0.465116	0.223447	0.288609	0.23197	0.253922	0.238841	
0.445	0.0362282	0.146684	0.0757525	0.209463	0.035335	0.0430777	0.347193	0.0921954	0.390344	0.356154	0.350265	0.326416	0.337458	0.350448	0.0993033	0.124859	0.078464	0.0507917	0.0554329	0.0524659	0.0147182	0.0244958	0.0485874	0.173841	0.0837288	0.129942	0.304393	0.130238	0.0860281	0.465401	0.110003	0.341193	0.276204	0.260665	0.423685	0.254113	0.255016	0.196972	0.237203	0.2273	0.0231048	0.126165	0.0771757	0.216209	0.0314117	0.0290053	0.351801	0.0826548	0.356701	0.313921	0.399657	0.383252	0.349333	0.363501	0.100446	0.125896	0.120191	0.0610566	0.0636742	0.0439058	0.00621635	0.0175308	0.0466169	0.166179	0.0828426	0.15477	0.368487	0.122802	0.0925152	0.498445	0.109728	0.330949	0.247616	0.278074	0.465349	0.223117	0.288633	0.231615	0.253738	0.238714	
0.45	0.0373213	0.146824	0.076337	0.209575	0.0363506	0.0440127	0.347032	0.0921948	0.390274	0.355916	0.350202	0.326389	0.337462	0.350485	0.100077	0.125326	0.0786087	0.0508137	0.0549338	0.0524493	0.0147133	0.0244711	0.0485185	0.174937	0.0837367	0.129985	0.30452	0.129933	0.0860299	0.465544	0.110014	0.340995	0.276146	0.260727	0.423643	0.253712	0.254969	0.196806	0.237048	0.228055	0.0224006	0.125593	0.0765896	0.215911	0.0306416	0.0283436	0.352038	0.0829768	0.356693	0.313817	0.399674	0.383359	0.350207	0.364318	0.100282	0.126079	0.11996	0.0610881	0.064388	0.0443742	0.00698219	0.0182497	0.0472003	0.166124	0.0828065	0.154997	0.368822	0.123125	0.0924603	0.49795	0.109224	0.331438	0.247848	0.278615	0.46555	0.222816	0.288654	0.231221	0.253528	0.238559	
0.455	0.0383937	0.14697	0.0769275	0.209701	0.0373572	0.0447356	0.346883	0.0921943	0.390203	0.355679	0.350141	0.326363	0.337465	0.350523	0.101004	0.125953	0.0791561	0.0508259	0.0544407	0.0524336	0.014708	0.0244472	0.0484528	0.176031	0.0837405	0.13003	0.304647	0.129634	0.0860404	0.465681	0.110169	0.340806	0.276107	0.260789	0.4236	0.253313	0.254924	0.196645	0.236898	0.228845	0.0217177	0.124934	0.0760294	0.215634	0.0299004	0.0276976	0.352301	0.0833156	0.356689	0.313725	0.399687	0.383455	0.351052	0.365103	0.100183	0.126185	0.119766	0.0611192	0.0650769	0.0448175	0.00773195	0.0189496	0.0477633	0.166084	0.0827765	0.155208	0.36318	0.12343	0.0924153	0.497411	0.108837	0.331955	0.248111	0.279106	0.46572	0.222543	0.288671	0.230787	0.253314	0.238374	
0.46	0.0394414	0.147137	0.0775203	0.209839	0.0383496	0.0448112	0.346747	0.0921939	0.390132	0.355446	0.350083	0.32634	0.337468	0.350562	0.101289	0.12621	0.0803242	0.0508337	0.0539573	0.0524188	0.0147034	0.0244238	0.048391	0.177117	0.0837505	0.130075	0.304773	0.129344	0.0860547	0.465813	0.110967	0.340625	0.276083	0.26085	0.423555	0.252918	0.254883	0.196488	0.236751	0.229534	0.0210588	0.124228	0.0754975	0.215379	0.029191	0.0270697	0.35259	0.0836697	0.356686	0.313642	0.399697	0.38354	0.351869	0.365857	0.100125	0.126232	0.119631	0.0611595	0.0657394	0.0452351	0.00846329	0.0196284	0.0483044	0.166058	0.0827502	0.155404	0.361636	0.123716	0.0923742	0.496827	0.108663	0.332504	0.248511	0.27955	0.465858	0.222297	0.288684	0.230313	0.25306	0.238114	
0.465	0.0398783	0.14713	0.0781114	0.209984	0.0393233	0.0447715	0.346622	0.0921936	0.390062	0.355216	0.350026	0.326319	0.33747	0.350602	0.101126	0.12613	0.0819925	0.0508411	0.0534874	0.0524048	0.0146989	0.0244025	0.0483335	0.178193	0.0837336	0.130119	0.304897	0.129065	0.0860252	0.465939	0.111344	0.340453	0.276067	0.260912	0.42351	0.252529	0.254844	0.196333	0.236607	0.230054	0.0204262	0.123508	0.0749964	0.215148	0.028516	0.0264622	0.352906	0.0840451	0.356686	0.31357	0.399703	0.383614	0.352659	0.36658	0.100088	0.126248	0.119541	0.0611987	0.0663741	0.0456264	0.00917407	0.0202845	0.0488223	0.166043	0.0827241	0.155586	0.361345	0.123983	0.0923263	0.4962	0.108582	0.333085	0.248824	0.279947	0.465963	0.222077	0.288693	0.229801	0.25273	0.237766	
0.47	0.03988	0.147045	0.0786972	0.210136	0.0402737	0.044773	0.346507	0.0921933	0.389992	0.354993	0.349973	0.3263	0.337472	0.350643	0.10094	0.125875	0.0836937	0.0508409	0.0530347	0.0523917	0.0146921	0.0243809	0.0482806	0.179097	0.0836882	0.130164	0.305019	0.128799	0.0859895	0.466057	0.111591	0.34029	0.276057	0.260973	0.423466	0.252149	0.254808	0.196181	0.236466	0.230426	0.0198223	0.122797	0.0745283	0.214944	0.0278776	0.025877	0.353249	0.0844386	0.356686	0.313505	0.399705	0.383677	0.353422	0.367273	0.100065	0.126249	0.119478	0.06123	0.06698	0.0459911	0.00986241	0.0209162	0.049316	0.166038	0.0826803	0.155757	0.361507	0.12423	0.0922431	0.495526	0.108541	0.333699	0.249017	0.2803	0.466034	0.22188	0.288697	0.229249	0.252393	0.237342	
0.475	0.0398608	0.147065	0.0792737	0.210292	0.0411964	0.0447771	0.346403	0.0921931	0.389922	0.354775	0.349922	0.326282	0.337474	0.350684	0.100774	0.125482	0.0850959	0.0508326	0.0526025	0.0523796	0.0146851	0.0243603	0.0482324	0.179305	0.0836394	0.130207	0.305136	0.128549	0.085983	0.466168	0.111921	0.340134	0.276053	0.261032	0.423424	0.251779	0.254776	0.196031	0.236326	0.230755	0.0192487	0.122107	0.0740952	0.214768	0.027278	0.0253161	0.35362	0.0848433	0.356687	0.313448	0.399703	0.383729	0.35416	0.367937	0.10005	0.126239	0.119433	0.061252	0.0675563	0.0463291	0.0105267	0.0215221	0.0497846	0.16604	0.0826168	0.155918	0.36174	0.124457	0.0921244	0.494802	0.108535	0.334347	0.249109	0.280612	0.46607	0.221706	0.288696	0.228658	0.252034	0.23688	
0.48	0.0398648	0.147139	0.0798372	0.210447	0.0420873	0.0447745	0.346307	0.0921931	0.389854	0.354565	0.349875	0.326267	0.337474	0.350725	0.100536	0.124975	0.0860967	0.0508265	0.0521941	0.0523684	0.014681	0.024343	0.0481889	0.17925	0.0836034	0.130249	0.30525	0.128316	0.0859978	0.466272	0.112219	0.339985	0.276053	0.261088	0.423387	0.25142	0.254746	0.195882	0.236188	0.23111	0.0187071	0.121449	0.073699	0.214623	0.0267189	0.0247809	0.354018	0.0852545	0.356689	0.313397	0.399695	0.383771	0.354873	0.368574	0.100041	0.126224	0.119403	0.0612656	0.0681023	0.0466406	0.0111654	0.0221012	0.0502274	0.166048	0.0825398	0.156071	0.361931	0.124664	0.0919823	0.494028	0.108556	0.335029	0.249127	0.280884	0.466068	0.22155	0.28869	0.228029	0.251615	0.236405	
0.485	0.0398643	0.147224	0.080384	0.210601	0.0429424	0.0447713	0.346219	0.092193	0.389787	0.354362	0.349831	0.326254	0.337474	0.350767	0.100195	0.124453	0.0867215	0.0508305	0.0518127	0.0523583	0.0146802	0.0243293	0.0481499	0.179227	0.0835853	0.130289	0.305359	0.128102	0.0860248	0.466368	0.112388	0.339845	0.276055	0.26114	0.423354	0.251074	0.254719	0.195733	0.23605	0.231505	0.0181989	0.120826	0.0733413	0.21451	0.026202	0.024273	0.354445	0.0856698	0.356692	0.313353	0.399682	0.383802	0.355562	0.369186	0.100035	0.126208	0.119384	0.0612721	0.0686179	0.0469258	0.0117775	0.0226526	0.0506441	0.166059	0.0824555	0.156219	0.362082	0.12485	0.0918285	0.493204	0.108601	0.335744	0.249084	0.28112	0.466027	0.221411	0.288678	0.227363	0.251126	0.235918	
0.49	0.0398607	0.14733	0.0809105	0.21075	0.0437579	0.0447686	0.346137	0.0921931	0.389721	0.354167	0.34979	0.326242	0.337474	0.350809	0.0997786	0.123973	0.0870369	0.0508464	0.0514608	0.0523496	0.0146822	0.0243189	0.0481154	0.179234	0.083585	0.130327	0.305464	0.127908	0.0860629	0.466456	0.112448	0.339712	0.276058	0.261188	0.423327	0.250741	0.254695	0.195585	0.235912	0.231923	0.017725	0.120241	0.0730236	0.21443	0.0257278	0.0237935	0.354901	0.0860885	0.356695	0.313312	0.399663	0.383823	0.35623	0.369773	0.10003	0.126192	0.119375	0.0612731	0.0691029	0.0471855	0.012362	0.0231757	0.0510345	0.166072	0.082368	0.156366	0.362214	0.125017	0.0916707	0.492333	0.108664	0.336494	0.248994	0.281322	0.465946	0.221285	0.288658	0.226662	0.250573	0.235413	
0.495	0.0398573	0.147455	0.0814133	0.210892	0.0445301	0.0447656	0.346061	0.0921931	0.389658	0.353981	0.349753	0.326233	0.337473	0.350849	0.0998876	0.123508	0.0873018	0.050873	0.0511409	0.0523426	0.0146871	0.024312	0.0480853	0.179234	0.0836001	0.130363	0.305564	0.127735	0.0861097	0.466536	0.112461	0.339586	0.276062	0.261232	0.423307	0.250422	0.254675	0.195436	0.235775	0.23229	0.0172861	0.119695	0.0727471	0.214386	0.0252975	0.0233433	0.355387	0.0865102	0.356698	0.313276	0.399637	0.383832	0.356876	0.370337	0.100026	0.12618	0.119372	0.0612701	0.0695577	0.0474203	0.0129182	0.0236701	0.0513986	0.166087	0.0822789	0.156513	0.362342	0.125164	0.0915128	0.491414	0.108741	0.337279	0.248866	0.281492	0.465822	0.221171	0.288631	0.225928	0.250032	0.234865	
0.5	0.0398539	0.147591	0.0818891	0.211024	0.0452559	0.0447622	0.345989	0.0921932	0.389595	0.353804	0.349719	0.326225	0.337471	0.35089	0.100604	0.123023	0.0875356	0.050908	0.0508548	0.052338	0.0146944	0.0243083	0.0480593	0.179225	0.0836268	0.130397	0.30566	0.127583	0.086162	0.466608	0.112463	0.339467	0.276065	0.261273	0.423295	0.250119	0.254657	0.195287	0.235637	0.23255	0.0168827	0.119189	0.0725131	0.214378	0.0249119	0.0229233	0.355903	0.0869343	0.356701	0.313243	0.399602	0.38383	0.357503	0.370881	0.100023	0.126173	0.119374	0.0612652	0.0699827	0.0476315	0.0134455	0.0241355	0.0517366	0.166102	0.0821887	0.156663	0.362472	0.125293	0.091357	0.490447	0.108829	0.338098	0.248719	0.281632	0.465653	0.221064	0.288594	0.225162	0.249532	0.234263	
0.505	0.0398625	0.147774	0.0823348	0.211144	0.0459321	0.0447586	0.345918	0.0921933	0.389535	0.353636	0.349688	0.32622	0.337497	0.350931	0.101153	0.122721	0.0876697	0.0509491	0.0506041	0.0523368	0.014704	0.0243052	0.0480375	0.179216	0.0836714	0.130429	0.30575	0.127453	0.0862272	0.466673	0.112464	0.339354	0.276067	0.261309	0.423292	0.24983	0.254641	0.195137	0.235499	0.232691	0.0165149	0.118723	0.0723224	0.214408	0.0245714	0.0225339	0.35645	0.0873604	0.356704	0.313213	0.399559	0.383817	0.358112	0.371405	0.10002	0.126173	0.119379	0.0612603	0.0703789	0.0478205	0.0139436	0.0245721	0.0520492	0.166119	0.0820969	0.156821	0.362607	0.125404	0.0912038	0.489435	0.108923	0.338951	0.248563	0.281745	0.46544	0.220961	0.288548	0.224367	0.249058	0.233609	
0.51	0.0398619	0.147957	0.0827476	0.211251	0.046556	0.0447547	0.345849	0.0921933	0.389477	0.353476	0.34966	0.326214	0.337557	0.350979	0.101197	0.122531	0.0876664	0.0509976	0.0503898	0.0523396	0.0147165	0.0243051	0.0480197	0.179207	0.0837263	0.130458	0.305834	0.127344	0.0862931	0.466731	0.112465	0.339246	0.276067	0.261338	0.423298	0.249556	0.254628	0.194988	0.235361	0.232729	0.0161826	0.118295	0.0721757	0.214478	0.0242765	0.0221756	0.357029	0.0877877	0.356708	0.313185	0.399505	0.38379	0.358702	0.37191	0.100018	0.126185	0.119387	0.0612572	0.0707471	0.0479888	0.0144124	0.0249801	0.052337	0.166137	0.0820032	0.156988	0.362749	0.125497	0.0910535	0.488378	0.109024	0.339839	0.248422	0.281833	0.465179	0.220861	0.28849	0.223544	0.248583	0.232919	
0.515	0.0398545	0.148084	0.0831252	0.211341	0.0471253	0.0447505	0.345779	0.0921932	0.389421	0.353326	0.349635	0.32621	0.337629	0.351031	0.101046	0.122327	0.0879631	0.0510527	0.0502124	0.0523455	0.0147305	0.0243093	0.0480058	0.179198	0.0837751	0.130485	0.305914	0.127255	0.0863451	0.466783	0.112463	0.339143	0.276066	0.261361	0.423313	0.249296	0.254616	0.194839	0.235224	0.232694	0.0158853	0.117904	0.0720733	0.214587	0.0240269	0.0218483	0.35764	0.0882155	0.356713	0.313159	0.399439	0.383751	0.359276	0.372397	0.100016	0.126208	0.119395	0.0612568	0.0710888	0.0481384	0.014852	0.0253599	0.052601	0.166155	0.0819065	0.157167	0.3629	0.125576	0.090906	0.487276	0.109128	0.340761	0.248312	0.281897	0.464871	0.220759	0.28842	0.222696	0.248084	0.232219	
0.52	0.0398755	0.148175	0.0834653	0.211415	0.0476382	0.044746	0.345708	0.0921931	0.389366	0.353183	0.349613	0.326208	0.337692	0.351074	0.100939	0.122506	0.0884422	0.0511093	0.0500719	0.0523524	0.0147447	0.0243153	0.0479955	0.179187	0.0838152	0.130511	0.305989	0.127186	0.086391	0.466829	0.11246	0.339044	0.276063	0.261382	0.423339	0.249051	0.254607	0.194692	0.235088	0.232611	0.0156222	0.117549	0.0720152	0.214736	0.0238223	0.0215519	0.358283	0.0886432	0.356723	0.313135	0.399362	0.383699	0.359833	0.372869	0.100015	0.126251	0.119404	0.0612614	0.0714054	0.0482713	0.0152626	0.0257124	0.0528424	0.166174	0.081806	0.157363	0.363065	0.12564	0.0907609	0.486133	0.10924	0.341717	0.248254	0.281939	0.464515	0.220654	0.288336	0.221822	0.247566	0.231534	
0.525	0.0399212	0.14826	0.0837666	0.21147	0.0480933	0.0447413	0.345633	0.0921929	0.389314	0.353049	0.349594	0.32621	0.337737	0.351107	0.100882	0.122901	0.088862	0.0511668	0.0499679	0.0523588	0.0147602	0.0243228	0.0479887	0.179224	0.0838536	0.130536	0.306062	0.127135	0.0864413	0.46687	0.112457	0.338949	0.276059	0.261406	0.423373	0.24882	0.254601	0.194546	0.234954	0.2325	0.0153921	0.117229	0.0720011	0.214927	0.0236618	0.0212859	0.358959	0.0890701	0.356737	0.313112	0.39927	0.383632	0.360375	0.373325	0.100204	0.126153	0.119414	0.0612804	0.0716986	0.0483898	0.0156448	0.0260383	0.0530626	0.166193	0.0817008	0.157577	0.363245	0.125691	0.0906178	0.484943	0.109322	0.342469	0.248072	0.281961	0.46411	0.220542	0.288238	0.22092	0.247011	0.230835	
0.53	0.039973	0.148343	0.0840278	0.211505	0.04849	0.0447363	0.345553	0.0921925	0.389264	0.352921	0.349577	0.326213	0.337764	0.351136	0.100803	0.123246	0.0898285	0.0512276	0.0498992	0.0523642	0.014778	0.0243324	0.0479849	0.179325	0.0838949	0.130559	0.30613	0.1271	0.0864963	0.466907	0.112453	0.338855	0.276054	0.261432	0.423418	0.248601	0.254597	0.194403	0.234823	0.232375	0.0151938	0.11694	0.0720312	0.215157	0.0235442	0.0210497	0.359668	0.0895093	0.356754	0.313088	0.399164	0.383551	0.360902	0.373766	0.100512	0.125943	0.119423	0.0613036	0.0719703	0.0484965	0.0159993	0.0263388	0.053263	0.166213	0.0815902	0.157812	0.363443	0.125732	0.0904762	0.483702	0.109327	0.34282	0.247817	0.281965	0.463657	0.220421	0.288124	0.21999	0.246388	0.230088	
0.535	0.0400247	0.148418	0.0842485	0.211521	0.048828	0.044731	0.345467	0.0921919	0.389215	0.352801	0.349563	0.326218	0.337788	0.351167	0.100674	0.123409	0.0914272	0.0512929	0.0498643	0.0523689	0.014797	0.0243417	0.0479839	0.179466	0.0839381	0.130581	0.306195	0.127081	0.0865518	0.466942	0.112449	0.338763	0.276046	0.261458	0.423472	0.248394	0.254596	0.194264	0.234696	0.232244	0.0150255	0.116681	0.0721022	0.215427	0.023468	0.0208425	0.360409	0.0899647	0.356774	0.313064	0.399042	0.383454	0.361415	0.374194	0.100599	0.126009	0.119432	0.0613214	0.0722225	0.0485937	0.0163267	0.0266152	0.0534454	0.166234	0.0814733	0.158071	0.363662	0.125764	0.0903356	0.482409	0.109401	0.342949	0.247614	0.281952	0.463156	0.22029	0.287993	0.219031	0.24568	0.229304	
0.54	0.0400748	0.14848	0.0844287	0.211517	0.049108	0.0447254	0.345375	0.0921912	0.389169	0.352687	0.34955	0.326223	0.337826	0.35121	0.100811	0.123387	0.0933311	0.0513602	0.049861	0.0523729	0.0148154	0.0243475	0.0479854	0.179626	0.0839798	0.130602	0.306256	0.127074	0.0866038	0.466975	0.112445	0.338672	0.276037	0.261483	0.423534	0.248197	0.254595	0.194131	0.234574	0.232114	0.0148853	0.11645	0.0722137	0.215735	0.023431	0.020663	0.361182	0.0908302	0.356796	0.313039	0.398904	0.38334	0.361853	0.374608	0.100451	0.126321	0.11944	0.0613447	0.0724572	0.0486842	0.0166281	0.0268687	0.0536115	0.166256	0.0813495	0.158356	0.363903	0.125789	0.0901955	0.481073	0.109512	0.343005	0.247497	0.281923	0.46261	0.220146	0.287844	0.218042	0.244968	0.228489	
0.545	0.0401215	0.148529	0.0845692	0.211494	0.0493313	0.0447409	0.345275	0.0921903	0.389124	0.352579	0.349538	0.326227	0.337882	0.35128	0.100977	0.123231	0.0952352	0.0514265	0.0498869	0.0523763	0.0148326	0.0243478	0.047989	0.179789	0.0840187	0.130621	0.306313	0.127078	0.0866516	0.467009	0.11244	0.338581	0.276027	0.261503	0.423604	0.24801	0.254593	0.194005	0.234459	0.231987	0.014771	0.116243	0.0723637	0.216079	0.023431	0.0205101	0.361985	0.0916345	0.356819	0.313013	0.398748	0.383211	0.362119	0.37501	0.100538	0.12644	0.119448	0.0613752	0.0726765	0.0487704	0.0169046	0.0271009	0.0537632	0.166278	0.0812185	0.158668	0.364168	0.12581	0.0900556	0.479698	0.109409	0.343035	0.247437	0.28188	0.462019	0.219987	0.287678	0.217022	0.244429	0.227638	
0.55	0.0401589	0.14856	0.0846714	0.211452	0.0494999	0.0447686	0.345168	0.0921891	0.38908	0.352476	0.349526	0.32623	0.337955	0.351383	0.100989	0.123444	0.0971965	0.0514904	0.049939	0.052379	0.014849	0.0243445	0.0479944	0.179936	0.0840536	0.130639	0.306368	0.12709	0.0866937	0.467045	0.112434	0.33849	0.276015	0.261518	0.423682	0.247831	0.254591	0.193888	0.234352	0.231867	0.0146804	0.116059	0.0725496	0.216458	0.0234651	0.0203821	0.362816	0.0923061	0.356843	0.312984	0.398573	0.383064	0.36237	0.3754	0.100601	0.126595	0.119456	0.0614041	0.0728883	0.0488548	0.0171573	0.0273132	0.0539023	0.166301	0.0810799	0.159009	0.364459	0.125827	0.0899155	0.478273	0.109291	0.343066	0.247406	0.281825	0.461386	0.219813	0.287492	0.215972	0.244003	0.226742	
0.555	0.0401861	0.148573	0.0847373	0.211393	0.0496167	0.0448009	0.345051	0.0921877	0.389038	0.352376	0.349516	0.326232	0.338044	0.351516	0.100935	0.123891	0.0991844	0.0515507	0.0500141	0.0523809	0.0148644	0.02434	0.0480012	0.18006	0.0840834	0.130657	0.306421	0.127108	0.0867292	0.467085	0.112428	0.338397	0.276	0.261531	0.423765	0.247658	0.254589	0.193781	0.234254	0.231756	0.0146107	0.115894	0.0727686	0.216868	0.0235303	0.0202773	0.363673	0.092888	0.356868	0.312954	0.39838	0.3829	0.362597	0.375778	0.100475	0.12687	0.119463	0.0614261	0.0729985	0.0489399	0.0173915	0.0275072	0.0540307	0.166325	0.0809339	0.159379	0.364776	0.125844	0.0897751	0.476797	0.109205	0.343126	0.24739	0.281758	0.460715	0.219623	0.287287	0.214896	0.243579	0.225797	
0.56	0.0402078	0.148571	0.0847695	0.211319	0.0496852	0.0448387	0.344926	0.092186	0.388997	0.352281	0.349506	0.326236	0.338148	0.35167	0.100888	0.124305	0.1011	0.0516059	0.0501085	0.0523823	0.0148784	0.0243346	0.0480091	0.180171	0.0841092	0.130675	0.306474	0.12713	0.0867606	0.467131	0.112421	0.338303	0.275984	0.261546	0.423853	0.247491	0.254587	0.193686	0.234168	0.231656	0.0145595	0.115746	0.0730171	0.217305	0.0236232	0.0201939	0.364554	0.0933979	0.356892	0.312923	0.398169	0.382719	0.362806	0.376146	0.100295	0.127218	0.119468	0.0614326	0.073034	0.0490277	0.0174519	0.0276845	0.0541501	0.166349	0.0807806	0.159778	0.365119	0.125862	0.0896343	0.475275	0.109186	0.343242	0.247384	0.281682	0.460009	0.219416	0.287063	0.213797	0.243102	0.224836	
0.565	0.0402276	0.148558	0.0847715	0.211232	0.0497099	0.04488	0.344792	0.092184	0.388957	0.352188	0.349497	0.326242	0.338263	0.351836	0.100856	0.124549	0.102875	0.0516561	0.0502185	0.0523829	0.0148915	0.0243304	0.0480178	0.180277	0.0841337	0.130694	0.306526	0.127154	0.0867914	0.467184	0.112413	0.338206	0.275964	0.261565	0.423946	0.247327	0.254586	0.193605	0.234095	0.231568	0.0145239	0.115611	0.0732914	0.217766	0.02374	0.0201298	0.365455	0.0938281	0.356915	0.312889	0.397939	0.382522	0.362996	0.376503	0.100175	0.127551	0.119473	0.0614399	0.0730542	0.0491203	0.0174666	0.0278467	0.0542622	0.166373	0.0806206	0.160205	0.365488	0.125882	0.0894933	0.473714	0.109213	0.343407	0.247383	0.281598	0.459273	0.219194	0.286821	0.212679	0.242565	0.22388	
0.57	0.0402473	0.148543	0.0847471	0.211134	0.0496958	0.0449223	0.34465	0.0921818	0.388918	0.352096	0.349488	0.326249	0.338381	0.352002	0.100809	0.124616	0.104979	0.0517029	0.05034	0.0523829	0.014904	0.0243293	0.0480269	0.180383	0.0841602	0.130715	0.30658	0.127177	0.0868249	0.467245	0.112405	0.338107	0.27594	0.261593	0.424041	0.247166	0.254587	0.193539	0.234035	0.231495	0.014501	0.115489	0.0735872	0.218246	0.0238767	0.0200828	0.366372	0.0941755	0.356938	0.312855	0.397692	0.382308	0.36317	0.376851	0.100111	0.127799	0.119477	0.0614508	0.0730759	0.0492194	0.0174827	0.0279954	0.0543686	0.166398	0.0804544	0.16066	0.365882	0.125907	0.0893522	0.472137	0.109258	0.34371	0.247382	0.281507	0.458512	0.218957	0.286561	0.211546	0.241978	0.222913	
0.575	0.0402683	0.14853	0.0847009	0.211028	0.0496489	0.0449649	0.344499	0.0921793	0.38888	0.352007	0.34948	0.326259	0.338495	0.352157	0.100741	0.124557	0.107137	0.0517476	0.0504689	0.0523822	0.0149161	0.0243324	0.0480361	0.180491	0.084191	0.130736	0.306636	0.127198	0.0868634	0.467316	0.112397	0.338005	0.275909	0.261631	0.424137	0.247005	0.254589	0.193489	0.233991	0.231437	0.0144878	0.115374	0.0738997	0.21874	0.0240289	0.0200506	0.3673	0.0944461	0.356959	0.312818	0.397428	0.382079	0.363329	0.377189	0.100074	0.128011	0.11948	0.061459	0.0730944	0.0493264	0.0174942	0.0281321	0.054471	0.166423	0.0802833	0.16114	0.366299	0.125938	0.0892114	0.470552	0.109336	0.344109	0.247381	0.281412	0.457731	0.218706	0.286284	0.210401	0.241378	0.221917	
0.58	0.0402918	0.148525	0.0846378	0.210917	0.0495756	0.045008	0.344342	0.0921765	0.388843	0.351918	0.349472	0.326272	0.338594	0.352292	0.100711	0.124454	0.10898	0.051791	0.0506011	0.0523808	0.0149274	0.0243396	0.048045	0.180602	0.0842275	0.13076	0.306694	0.127215	0.0869082	0.467397	0.112388	0.3379	0.27586	0.261682	0.424234	0.246844	0.254594	0.193458	0.233964	0.231397	0.0144811	0.115266	0.074224	0.219241	0.0241922	0.0200307	0.368234	0.0946504	0.356976	0.312781	0.397148	0.381836	0.36347	0.377518	0.100065	0.128188	0.119482	0.0614612	0.0731075	0.0494425	0.0174993	0.0282583	0.0545707	0.166447	0.0801084	0.161642	0.366736	0.125975	0.0890714	0.468964	0.109436	0.344583	0.247379	0.281313	0.456939	0.218443	0.285993	0.20925	0.240789	0.220902	
0.585	0.0403184	0.148531	0.0845633	0.210804	0.0494832	0.0450515	0.344177	0.0921734	0.388806	0.35183	0.349465	0.326288	0.338674	0.352402	0.100764	0.124765	0.110399	0.0518337	0.0507322	0.0523786	0.0149378	0.0243511	0.0480532	0.180717	0.0842704	0.130786	0.306755	0.127225	0.0869604	0.467491	0.112379	0.337791	0.275797	0.261748	0.424329	0.246682	0.254601	0.193446	0.233954	0.231374	0.0144779	0.115161	0.0745546	0.219745	0.0243618	0.0200205	0.369169	0.0948004	0.35699	0.312742	0.396855	0.38158	0.363603	0.377837	0.100138	0.128308	0.119482	0.0614567	0.0731157	0.0495685	0.0175008	0.0283757	0.054669	0.166471	0.0799311	0.162163	0.36719	0.12602	0.0889328	0.467372	0.109533	0.345121	0.247375	0.281213	0.45614	0.21817	0.28569	0.208096	0.240195	0.219907	
0.59	0.0403482	0.148552	0.0844831	0.210693	0.0493793	0.0450949	0.344008	0.0921701	0.38877	0.351742	0.349457	0.326306	0.338733	0.352481	0.100849	0.125309	0.111371	0.0518765	0.0508583	0.0523756	0.0149473	0.0243668	0.0480606	0.180834	0.08432	0.130814	0.306821	0.127228	0.0870206	0.467597	0.11237	0.337678	0.275997	0.261829	0.424423	0.246518	0.254609	0.193453	0.233963	0.23137	0.0144753	0.115057	0.074886	0.220245	0.024533	0.0200175	0.370099	0.094907	0.356998	0.312703	0.39655	0.381314	0.363726	0.378148	0.100312	0.128336	0.119481	0.0614448	0.0731194	0.0497051	0.0174998	0.0284857	0.0547671	0.166494	0.0797532	0.162698	0.367658	0.126074	0.0887964	0.465778	0.109592	0.345711	0.247369	0.281112	0.455344	0.217891	0.285376	0.206942	0.239566	0.218969	
0.595	0.0403812	0.148591	0.0844031	0.210587	0.0492718	0.0451376	0.343833	0.0921665	0.388735	0.351654	0.34945	0.326326	0.338765	0.35252	0.100884	0.125801	0.111958	0.0519207	0.0509753	0.0523718	0.0149559	0.0243864	0.0480666	0.180951	0.0843762	0.130846	0.306891	0.127222	0.0870891	0.467718	0.112361	0.337562	0.276261	0.261927	0.424512	0.246351	0.25462	0.193482	0.233991	0.231386	0.0144704	0.114952	0.0752128	0.220735	0.0247011	0.0200189	0.371016	0.0949804	0.356998	0.312664	0.396237	0.381039	0.363839	0.378449	0.100541	0.128284	0.119478	0.0614249	0.0731183	0.0498524	0.0174966	0.0285899	0.0548661	0.166516	0.0795766	0.163244	0.368135	0.126138	0.088663	0.464191	0.10961	0.346338	0.247365	0.281013	0.454558	0.217609	0.285055	0.205792	0.238886	0.218092	
0.6	0.0404178	0.148648	0.0843295	0.210489	0.0491691	0.0451791	0.343655	0.0921626	0.388701	0.351566	0.349442	0.326349	0.338775	0.352517	0.100867	0.126066	0.112374	0.0519667	0.0510794	0.0523671	0.0149631	0.0244086	0.0480711	0.181067	0.0844386	0.13088	0.306965	0.127207	0.0871653	0.467855	0.112353	0.337441	0.276367	0.26204	0.424597	0.246181	0.254632	0.193532	0.234038	0.231422	0.0144605	0.114844	0.0755293	0.221069	0.0248613	0.0200222	0.371915	0.0950289	0.356991	0.312626	0.395918	0.380758	0.363945	0.378741	0.10097	0.128033	0.119474	0.0613939	0.0731113	0.0500106	0.0174907	0.0286808	0.0549671	0.166536	0.0794032	0.163794	0.368623	0.126211	0.0885336	0.462622	0.109529	0.34704	0.247367	0.280915	0.45379	0.217327	0.28473	0.204651	0.238182	0.217229	
0.605	0.0404577	0.148725	0.0842684	0.210403	0.0490793	0.0452186	0.343475	0.0921585	0.388668	0.351478	0.349435	0.326374	0.338767	0.352472	0.100807	0.126084	0.112775	0.0520142	0.051167	0.0523613	0.0149686	0.0244319	0.0480736	0.181179	0.0845065	0.130917	0.307044	0.12718	0.0872476	0.468007	0.112344	0.337315	0.276323	0.262168	0.424676	0.246008	0.254646	0.193603	0.234105	0.231477	0.0144432	0.11473	0.07583	0.221165	0.025009	0.0200247	0.372788	0.0950591	0.356979	0.31259	0.395597	0.380475	0.364042	0.379021	0.101471	0.127601	0.119469	0.0613507	0.073099	0.0501794	0.0174828	0.0287155	0.0550708	0.166555	0.0792352	0.164342	0.369007	0.126294	0.0884091	0.46108	0.109359	0.347775	0.247375	0.280821	0.453048	0.217049	0.284404	0.203523	0.237482	0.216346	
0.61	0.0404989	0.148821	0.0842257	0.210332	0.049011	0.0452537	0.343293	0.092154	0.388636	0.351391	0.349426	0.326398	0.338747	0.352381	0.100715	0.126009	0.113216	0.0520627	0.0512347	0.052354	0.0149718	0.0244558	0.0480741	0.181283	0.0845783	0.130956	0.307126	0.127143	0.0873323	0.468177	0.112337	0.337186	0.276231	0.262305	0.424747	0.245832	0.25466	0.193695	0.234192	0.231553	0.0144161	0.11461	0.0761097	0.221146	0.0251399	0.020024	0.373628	0.0950731	0.356969	0.312558	0.395276	0.380191	0.36413	0.379291	0.101872	0.127054	0.119462	0.0613017	0.0730841	0.0503583	0.0174749	0.0287234	0.0551783	0.166572	0.0790747	0.164883	0.369208	0.126387	0.0882904	0.459574	0.109163	0.348453	0.247388	0.28073	0.452341	0.216778	0.284081	0.202413	0.236799	0.215439	
0.615	0.0405395	0.148933	0.0842076	0.210279	0.0489722	0.0452834	0.343112	0.0921493	0.388606	0.351305	0.349415	0.326421	0.338715	0.352244	0.100831	0.125879	0.113691	0.0521108	0.0512797	0.0523444	0.0149727	0.0244788	0.0480721	0.181376	0.0846535	0.130996	0.307211	0.127094	0.0874165	0.468363	0.11233	0.337052	0.276151	0.262451	0.424811	0.245655	0.254672	0.193808	0.234297	0.231649	0.0143772	0.114482	0.0763632	0.221117	0.0252497	0.0200175	0.374428	0.0950743	0.356964	0.312529	0.39496	0.379911	0.364215	0.379547	0.10211	0.126522	0.119454	0.0612511	0.0730672	0.0505468	0.0174671	0.0287254	0.0552902	0.166587	0.078924	0.165411	0.369275	0.12649	0.0881788	0.458119	0.109001	0.349061	0.247402	0.280642	0.451679	0.21652	0.283764	0.201326	0.236139	0.214532	
0.62	0.0405779	0.149062	0.0842195	0.210246	0.0489709	0.0453065	0.342932	0.0921442	0.388578	0.351221	0.349403	0.326441	0.338643	0.352098	0.100949	0.125711	0.114183	0.0521565	0.0512991	0.0523299	0.014971	0.0244988	0.0480675	0.181457	0.0847323	0.131037	0.307297	0.127033	0.0874988	0.468568	0.112323	0.336914	0.276091	0.262599	0.424864	0.245477	0.254683	0.193941	0.234422	0.231763	0.0143246	0.114345	0.0765857	0.221101	0.0253346	0.0200029	0.37518	0.0950673	0.356965	0.312503	0.394653	0.379637	0.364294	0.379788	0.102178	0.126103	0.119444	0.0612004	0.0730514	0.0507439	0.0174596	0.0287243	0.0554074	0.166599	0.0787852	0.165919	0.369285	0.126602	0.0880751	0.456727	0.108905	0.349581	0.24748	0.280558	0.451071	0.216278	0.283458	0.20027	0.235505	0.213654	
0.625	0.0406092	0.149204	0.0842669	0.210237	0.0490144	0.0453178	0.342755	0.0921386	0.388553	0.35114	0.349389	0.326457	0.338473	0.351986	0.100947	0.125835	0.114671	0.0521976	0.0512909	0.0522974	0.0149667	0.0245153	0.0480601	0.181522	0.0848144	0.131076	0.307384	0.126961	0.0875777	0.46879	0.112317	0.336772	0.276042	0.262745	0.424907	0.245301	0.25469	0.194095	0.234565	0.231897	0.014257	0.114198	0.0767729	0.221086	0.0253912	0.0199781	0.375878	0.0950508	0.356969	0.312482	0.394357	0.379372	0.364362	0.380012	0.10212	0.12583	0.119433	0.0611513	0.0730346	0.050949	0.0174526	0.0287198	0.0555305	0.166608	0.0786605	0.166318	0.369283	0.126724	0.0879804	0.455409	0.108922	0.350066	0.247521	0.280476	0.450523	0.216055	0.283165	0.199252	0.2349	0.212819	
0.63	0.0406289	0.149357	0.0843548	0.210254	0.0491096	0.0453115	0.342583	0.0921324	0.388531	0.351064	0.349372	0.326468	0.338223	0.351925	0.100892	0.126076	0.115146	0.0522313	0.051253	0.0522438	0.0149597	0.0245274	0.0480499	0.181564	0.0848991	0.131114	0.307468	0.126878	0.0876519	0.46903	0.112312	0.336625	0.275997	0.262884	0.424938	0.245128	0.254694	0.194267	0.234726	0.232048	0.0141729	0.114041	0.0769211	0.221064	0.0254165	0.0199411	0.376516	0.0950185	0.356976	0.312464	0.394078	0.37912	0.364423	0.380216	0.101952	0.125726	0.11942	0.0611073	0.0730172	0.0511609	0.0174465	0.028714	0.0556603	0.166615	0.0785519	0.16651	0.369278	0.126854	0.0878955	0.454174	0.109012	0.35049	0.247546	0.280396	0.450041	0.215856	0.282889	0.19828	0.23433	0.212031	
0.635	0.0406347	0.149518	0.0844875	0.210299	0.0492626	0.0452841	0.342415	0.0921252	0.388513	0.350993	0.349353	0.326473	0.337968	0.351903	0.100804	0.126132	0.115632	0.0522542	0.0511842	0.052171	0.0149498	0.0245335	0.0480366	0.181584	0.0849855	0.13115	0.30755	0.126785	0.0877219	0.469288	0.112308	0.336475	0.275955	0.26301	0.424957	0.244962	0.254694	0.194457	0.234903	0.232217	0.0140717	0.113873	0.0770268	0.221037	0.025408	0.0198902	0.377082	0.0949729	0.356985	0.312451	0.393817	0.378884	0.364473	0.380398	0.101754	0.125662	0.119405	0.0610709	0.0730022	0.0513577	0.0174417	0.0287089	0.0557973	0.166619	0.0784612	0.166556	0.369266	0.126993	0.0878214	0.453031	0.109128	0.35083	0.247728	0.280315	0.449632	0.215684	0.282633	0.19736	0.233808	0.211293	
0.64	0.0406215	0.149687	0.0846691	0.210374	0.0494785	0.0452258	0.342255	0.0921162	0.388501	0.350929	0.349331	0.326471	0.337769	0.3519	0.100668	0.126064	0.116194	0.0522637	0.0510836	0.0520846	0.014937	0.0245333	0.0480204	0.181577	0.0850715	0.131181	0.307626	0.126682	0.0877875	0.469563	0.112304	0.33632	0.27591	0.263118	0.424963	0.244804	0.25469	0.194664	0.235097	0.232402	0.0139526	0.113695	0.0770876	0.221006	0.0253638	0.019824	0.377456	0.0949232	0.356994	0.312442	0.393579	0.378665	0.364511	0.380555	0.101524	0.125592	0.119388	0.0610473	0.0729927	0.0514089	0.017439	0.0287061	0.0559421	0.16662	0.0783903	0.166554	0.369244	0.127139	0.0877588	0.45199	0.10926	0.351081	0.247873	0.280232	0.449301	0.215543	0.282399	0.196498	0.233349	0.210611	
0.645	0.0405888	0.149862	0.0849029	0.210482	0.0497616	0.0451324	0.342104	0.0921027	0.388493	0.350875	0.349308	0.326464	0.337639	0.351903	0.100485	0.12593	0.116869	0.0522576	0.0509507	0.0519876	0.0149219	0.0245267	0.0480013	0.181546	0.0851552	0.131209	0.307698	0.12657	0.0878502	0.469856	0.112301	0.336162	0.275854	0.263207	0.424955	0.24466	0.254683	0.194888	0.235306	0.232602	0.0138156	0.113506	0.0771014	0.22097	0.0252825	0.0197414	0.3776	0.0948837	0.357002	0.312438	0.393364	0.378466	0.364534	0.380683	0.101368	0.125533	0.119368	0.0610294	0.0729856	0.0513995	0.0174367	0.0287039	0.0560952	0.166618	0.0783404	0.166549	0.369213	0.127291	0.0877082	0.451059	0.109427	0.351269	0.247975	0.280145	0.449051	0.215434	0.282189	0.195699	0.232959	0.21	
0.65	0.04053	0.150042	0.0851915	0.210624	0.0501151	0.0450266	0.341962	0.0920756	0.388493	0.350831	0.349286	0.326457	0.337557	0.351905	0.100456	0.125734	0.117644	0.0522358	0.0507855	0.0518789	0.0149048	0.0245144	0.0479794	0.181492	0.0852347	0.131236	0.307765	0.126452	0.0879109	0.470164	0.112298	0.336002	0.275792	0.26328	0.424932	0.244533	0.254676	0.195127	0.235529	0.232818	0.0136608	0.113307	0.0770672	0.220926	0.0251634	0.0196415	0.377593	0.0948567	0.35701	0.312438	0.393177	0.378289	0.36454	0.380781	0.101272	0.125492	0.119346	0.0610141	0.072979	0.0513955	0.0174349	0.0287023	0.0562567	0.166613	0.0783127	0.166545	0.369173	0.127449	0.0876701	0.450247	0.109605	0.3514	0.248023	0.280051	0.448886	0.215361	0.282005	0.19497	0.232636	0.209474	
0.655	0.0404202	0.150223	0.085537	0.210801	0.0505408	0.0449367	0.341832	0.0920371	0.3885	0.350799	0.349268	0.326454	0.337496	0.351901	0.100509	0.125481	0.118205	0.0522	0.0505886	0.0517582	0.0148865	0.0244981	0.0479551	0.181404	0.0853092	0.131262	0.307829	0.126327	0.0879695	0.470489	0.112295	0.335841	0.27597	0.263339	0.424894	0.244427	0.254673	0.195381	0.235767	0.233047	0.0134884	0.1131	0.0769845	0.22087	0.0250063	0.0195237	0.377522	0.0948383	0.357018	0.312443	0.393018	0.378135	0.364525	0.380844	0.101252	0.125465	0.119318	0.0610043	0.0729755	0.0513982	0.0174341	0.0287019	0.056427	0.166605	0.078308	0.166532	0.369124	0.127611	0.0876448	0.449558	0.109793	0.351482	0.247928	0.279948	0.448806	0.215327	0.281848	0.194315	0.232379	0.209032	
0.66	0.0402761	0.150396	0.0859405	0.211015	0.0510396	0.0448732	0.341714	0.0920949	0.388517	0.350783	0.349253	0.326457	0.337442	0.351889	0.100521	0.125206	0.118274	0.0521528	0.0503609	0.05163	0.0148673	0.0244795	0.0479296	0.181255	0.0853782	0.131287	0.307888	0.126198	0.0880246	0.470828	0.112291	0.33568	0.276219	0.263386	0.424841	0.244347	0.254676	0.19565	0.236019	0.233291	0.0132991	0.112884	0.0768536	0.22078	0.0248116	0.019388	0.377434	0.0948228	0.357025	0.312453	0.392889	0.378005	0.364487	0.380871	0.101315	0.125445	0.11928	0.0610016	0.0729777	0.0513994	0.0174345	0.0287032	0.056606	0.166595	0.0783268	0.166507	0.369066	0.127778	0.0876324	0.448994	0.109976	0.35147	0.24775	0.279833	0.44881	0.215332	0.281719	0.193737	0.232187	0.208672	
0.665	0.0401489	0.150543	0.0864025	0.211267	0.0513817	0.0448318	0.341609	0.0921795	0.388543	0.350783	0.349244	0.326466	0.337384	0.351867	0.100855	0.125323	0.11821	0.052096	0.0501038	0.0514969	0.0148476	0.0244596	0.0479177	0.180974	0.08544	0.13131	0.30794	0.126066	0.088072	0.471183	0.112288	0.33552	0.276332	0.263421	0.424774	0.244297	0.254687	0.195934	0.236285	0.233549	0.0130939	0.112662	0.0766753	0.220634	0.0245802	0.0192343	0.377339	0.0948052	0.357031	0.312468	0.392789	0.377899	0.364424	0.380858	0.101446	0.125427	0.119196	0.0610057	0.0729891	0.0514057	0.0174362	0.0287075	0.0567779	0.166582	0.078369	0.16647	0.368998	0.127947	0.0876328	0.448556	0.110129	0.35134	0.247594	0.279703	0.448899	0.215379	0.281618	0.19324	0.232111	0.208385	
0.67	0.040053	0.150652	0.0869225	0.211557	0.0514193	0.0448058	0.34152	0.0922032	0.388582	0.350803	0.34924	0.326482	0.337318	0.351833	0.101063	0.125648	0.118192	0.0520309	0.0498188	0.0513591	0.014828	0.0244389	0.0479125	0.18057	0.0854945	0.13133	0.307983	0.125932	0.0881109	0.471552	0.112283	0.335361	0.276307	0.263441	0.424691	0.244283	0.254706	0.196232	0.236566	0.233822	0.0128735	0.112433	0.0764515	0.220427	0.0243135	0.019063	0.377229	0.0947828	0.357036	0.312489	0.39272	0.377816	0.364333	0.380804	0.101601	0.125412	0.11904	0.0610128	0.0730099	0.0514232	0.0174386	0.0287143	0.0568646	0.166566	0.0784343	0.166422	0.36892	0.128119	0.0876457	0.448243	0.11024	0.351089	0.247492	0.279557	0.449071	0.215469	0.281545	0.192827	0.232165	0.208164	
0.675	0.0399847	0.150715	0.0874993	0.211886	0.0514065	0.0447905	0.341445	0.0921841	0.388633	0.350845	0.349241	0.326503	0.337239	0.351786	0.101032	0.125904	0.1182	0.0519596	0.0495079	0.0512172	0.0148095	0.024418	0.0479068	0.180157	0.0855425	0.131344	0.308014	0.125797	0.0881429	0.471936	0.112278	0.335202	0.276237	0.263445	0.424594	0.24431	0.254732	0.196547	0.236861	0.23411	0.0126392	0.112199	0.0761843	0.220164	0.0240133	0.0188747	0.377097	0.0947548	0.357042	0.312516	0.392681	0.377757	0.364212	0.380706	0.101788	0.125397	0.118821	0.0610267	0.0730409	0.0514502	0.0174428	0.0287249	0.0568978	0.166549	0.0785221	0.166365	0.368829	0.128292	0.0876705	0.448059	0.110314	0.350719	0.247425	0.279392	0.449324	0.215603	0.281499	0.192498	0.232335	0.208049	
0.68	0.0399393	0.150722	0.0881308	0.212254	0.0514138	0.0447824	0.341385	0.0921579	0.388699	0.350912	0.349249	0.326531	0.337203	0.351722	0.100937	0.125979	0.118207	0.0518863	0.0491731	0.0510744	0.0147927	0.0243978	0.0478983	0.179833	0.0855848	0.131352	0.308032	0.125662	0.0881702	0.472334	0.112271	0.335043	0.276179	0.263431	0.424484	0.244383	0.254768	0.196878	0.237174	0.234414	0.012392	0.11196	0.0758765	0.219851	0.0236818	0.0186701	0.376919	0.0947215	0.357048	0.31255	0.39267	0.37772	0.364058	0.380565	0.101972	0.125382	0.118562	0.0610481	0.0730787	0.0514821	0.0174483	0.0287384	0.0569246	0.16653	0.078631	0.166297	0.36872	0.128465	0.0877065	0.448006	0.11036	0.350246	0.247371	0.279206	0.449655	0.215781	0.28148	0.192254	0.232598	0.208058	
0.685	0.0399106	0.150699	0.0888139	0.21266	0.0514217	0.0447788	0.341341	0.092134	0.388782	0.351007	0.349262	0.326562	0.337225	0.35171	0.100852	0.125869	0.118214	0.0518149	0.0488168	0.0509328	0.0147774	0.0243782	0.0478855	0.179616	0.0856229	0.13135	0.308033	0.125528	0.0881973	0.472747	0.112263	0.334886	0.276141	0.263393	0.42436	0.244507	0.254811	0.197229	0.237505	0.234737	0.0121329	0.111718	0.0755312	0.219493	0.0233215	0.0184504	0.37667	0.0946837	0.357054	0.31259	0.392688	0.377704	0.363871	0.380378	0.10215	0.125365	0.118291	0.0610739	0.0731177	0.0515141	0.0174544	0.0287527	0.0569566	0.166509	0.0787596	0.166217	0.368582	0.128638	0.0877528	0.448088	0.110388	0.349689	0.247321	0.278999	0.45006	0.216004	0.281486	0.192095	0.232939	0.208183	
0.69	0.0398931	0.15068	0.0895451	0.213103	0.0514257	0.0447776	0.341312	0.0921028	0.388884	0.351133	0.349281	0.326595	0.337273	0.351748	0.100717	0.125631	0.118223	0.0517487	0.048441	0.0507921	0.0147636	0.0243593	0.0478682	0.179477	0.0856583	0.131338	0.308013	0.125396	0.0882277	0.473175	0.112253	0.334731	0.276117	0.263327	0.424225	0.244688	0.254859	0.197601	0.237856	0.235082	0.0118628	0.111472	0.0751521	0.219094	0.0229347	0.0182163	0.376342	0.0946427	0.35706	0.312636	0.392732	0.377707	0.363651	0.380147	0.102314	0.125345	0.118036	0.0611026	0.0731529	0.0515419	0.0174607	0.0287664	0.0569874	0.166486	0.0789061	0.166114	0.368397	0.12881	0.0878082	0.448303	0.110405	0.349059	0.247273	0.278769	0.450534	0.216269	0.281517	0.192021	0.233366	0.208409	
0.695	0.0398829	0.15067	0.0903197	0.213583	0.051429	0.0447778	0.341297	0.0920452	0.389007	0.351296	0.349302	0.326627	0.337359	0.35185	0.100509	0.125437	0.118234	0.0516901	0.0480478	0.050652	0.0147513	0.0243413	0.0478474	0.179387	0.0856914	0.131312	0.30797	0.125265	0.0882619	0.473621	0.112241	0.33458	0.276101	0.263229	0.424079	0.244931	0.254913	0.197996	0.23823	0.23572	0.0115826	0.111223	0.0747426	0.21866	0.0225241	0.017969	0.375942	0.0945993	0.357068	0.31269	0.3928	0.377728	0.363398	0.379873	0.102459	0.125317	0.117798	0.0611339	0.0731811	0.0515621	0.0174668	0.0287784	0.0570114	0.166463	0.0790682	0.165961	0.368162	0.128982	0.0878716	0.448643	0.110413	0.348357	0.247223	0.278517	0.45107	0.216578	0.28157	0.192028	0.233921	0.208719	
0.7	0.0398772	0.150661	0.0911328	0.214096	0.051432	0.0447784	0.341295	0.0919597	0.389153	0.351498	0.349328	0.326657	0.337512	0.352018	0.100243	0.125278	0.118244	0.0516398	0.0476391	0.0505133	0.0147403	0.0243245	0.0478243	0.179331	0.0857215	0.131273	0.307902	0.125136	0.0882979	0.474085	0.112227	0.334433	0.276089	0.263095	0.423925	0.245242	0.25497	0.198419	0.238631	0.236546	0.0112926	0.110969	0.0743066	0.218194	0.022092	0.0177095	0.375477	0.0945548	0.357076	0.312751	0.39289	0.377765	0.363112	0.379556	0.102576	0.125264	0.117562	0.0611661	0.0731991	0.0515717	0.0174723	0.0287876	0.0570263	0.166438	0.0792436	0.165742	0.367881	0.129154	0.0879414	0.449095	0.110414	0.34756	0.247171	0.278242	0.451662	0.216926	0.281644	0.192114	0.234625	0.209136	
0.705	0.0398739	0.150646	0.0919786	0.214642	0.0514343	0.0447791	0.341303	0.0919683	0.389326	0.351746	0.349357	0.326685	0.337735	0.352223	0.10026	0.1251	0.118253	0.0515972	0.0472164	0.0503759	0.0147303	0.0243084	0.0477994	0.179295	0.0857473	0.131221	0.307808	0.125007	0.0883331	0.474569	0.11221	0.334293	0.276081	0.262923	0.423763	0.245624	0.255031	0.198874	0.239062	0.237406	0.010993	0.110712	0.0738476	0.217702	0.0216407	0.0174387	0.374956	0.0945101	0.357085	0.312818	0.393001	0.377816	0.362797	0.3792	0.102664	0.125189	0.11731	0.0611973	0.0732035	0.0515677	0.0174766	0.0287927	0.0570298	0.166411	0.0794297	0.16546	0.367557	0.129326	0.0880162	0.449644	0.110411	0.346675	0.247116	0.277948	0.452304	0.217313	0.281738	0.192276	0.235453	0.209666	
0.71	0.0398721	0.150621	0.0928512	0.215218	0.0514359	0.0447795	0.341321	0.0921275	0.389527	0.352044	0.34939	0.32671	0.337999	0.352431	0.100604	0.124945	0.118262	0.0515612	0.0467809	0.0502377	0.0147211	0.0242927	0.0477726	0.179389	0.0857672	0.131156	0.307687	0.124877	0.0883652	0.475075	0.11219	0.334156	0.276075	0.262714	0.423595	0.246083	0.255096	0.199363	0.239585	0.238116	0.0106838	0.110448	0.073369	0.217189	0.0211721	0.0171572	0.374386	0.0944661	0.357095	0.312893	0.39313	0.37788	0.362454	0.378807	0.102718	0.125145	0.117045	0.061226	0.0731928	0.0515487	0.0174795	0.0287935	0.057021	0.166384	0.0796238	0.165126	0.367198	0.129498	0.0880944	0.450283	0.110403	0.34578	0.247158	0.277634	0.45299	0.217735	0.281849	0.192509	0.236364	0.210289	
0.715	0.0398708	0.1506	0.0937444	0.21582	0.0514368	0.0447796	0.341344	0.0924104	0.38976	0.352397	0.34943	0.326736	0.338251	0.352602	0.100945	0.124796	0.118271	0.0515307	0.0463332	0.0500965	0.0147122	0.0242767	0.0477432	0.179505	0.0857799	0.131082	0.307541	0.124746	0.0883922	0.475606	0.112167	0.334019	0.276068	0.262472	0.423423	0.246622	0.255168	0.199891	0.240222	0.238383	0.0103642	0.110177	0.0728737	0.216658	0.0206877	0.0168656	0.373775	0.0943993	0.357106	0.312973	0.393275	0.377953	0.362086	0.378383	0.102733	0.125153	0.116792	0.0612498	0.0731642	0.0515169	0.0174806	0.0287894	0.0569978	0.166356	0.0798231	0.16475	0.366806	0.129673	0.0881744	0.451001	0.110363	0.344892	0.247161	0.277306	0.453711	0.218188	0.281976	0.192809	0.237317	0.210979	
0.72	0.0398697	0.150599	0.0946521	0.216447	0.0514371	0.0447791	0.34137	0.0925606	0.390028	0.35281	0.349478	0.326765	0.33845	0.352711	0.100995	0.124632	0.118278	0.0515045	0.0458736	0.0499507	0.0147033	0.0242596	0.0477103	0.179524	0.0857838	0.131001	0.307372	0.124611	0.0884127	0.476163	0.112141	0.333874	0.276059	0.262203	0.423247	0.247245	0.255249	0.200464	0.240956	0.238562	0.0100334	0.109898	0.0723644	0.216114	0.0201883	0.0165641	0.373129	0.0942444	0.357117	0.313059	0.393433	0.378037	0.361697	0.377931	0.102669	0.125196	0.116561	0.061267	0.0731304	0.0514842	0.0174809	0.0287849	0.0569708	0.166328	0.0800251	0.164342	0.366387	0.12985	0.0882546	0.451786	0.110191	0.344024	0.247079	0.276964	0.454463	0.218667	0.282118	0.193168	0.23828	0.211708	
0.725	0.0398685	0.150608	0.0955685	0.217094	0.0514368	0.0447782	0.341396	0.0926633	0.390332	0.353287	0.349535	0.326797	0.338584	0.352756	0.100916	0.124563	0.118286	0.0514799	0.0454019	0.049798	0.0146941	0.0242406	0.0476738	0.179475	0.0857766	0.130915	0.30718	0.124469	0.0884237	0.476751	0.112112	0.333717	0.276046	0.261914	0.42307	0.247953	0.25534	0.201086	0.241762	0.238774	0.00969006	0.109606	0.0718429	0.21556	0.0196746	0.0162524	0.372457	0.0940234	0.357128	0.31315	0.393603	0.378127	0.361295	0.377458	0.102522	0.125253	0.116345	0.0612732	0.0731033	0.0514585	0.0174797	0.0287816	0.0569501	0.166298	0.0802271	0.163909	0.365945	0.130033	0.0883335	0.452625	0.109973	0.343276	0.246956	0.276615	0.455239	0.219168	0.282272	0.193582	0.239246	0.212508	
0.73	0.0398671	0.150628	0.0964878	0.21776	0.0514359	0.0447769	0.341419	0.0927896	0.390673	0.353832	0.3496	0.326832	0.338657	0.352748	0.100815	0.124554	0.118292	0.0514531	0.0449171	0.0496348	0.0146838	0.0242191	0.0476333	0.179419	0.0857555	0.130823	0.306965	0.12432	0.088422	0.47737	0.112078	0.333546	0.276026	0.261612	0.422891	0.248748	0.25544	0.201761	0.242621	0.238922	0.00933238	0.1093	0.0713108	0.214999	0.0191462	0.0159303	0.371765	0.0937547	0.357139	0.313245	0.393783	0.378225	0.360882	0.37697	0.102305	0.125317	0.116129	0.0612646	0.0730846	0.0514404	0.0174765	0.0287786	0.0569373	0.166268	0.0804269	0.163457	0.365487	0.130223	0.0884097	0.453504	0.109732	0.342679	0.246819	0.276262	0.456034	0.219684	0.282437	0.194043	0.240213	0.213393	
0.735	0.0398655	0.15066	0.0974052	0.218442	0.0514345	0.0447751	0.341437	0.0929048	0.391054	0.354445	0.34967	0.326865	0.338676	0.352696	0.100683	0.124546	0.118299	0.0514209	0.0444184	0.0494576	0.0146721	0.0241944	0.0475881	0.179371	0.085718	0.130725	0.306729	0.124159	0.0884048	0.478023	0.112041	0.333357	0.275999	0.261312	0.422712	0.249629	0.255547	0.202494	0.243523	0.239012	0.00895842	0.108978	0.0707689	0.214432	0.0186027	0.0155969	0.371059	0.0933752	0.35715	0.313342	0.393971	0.378329	0.360465	0.376473	0.102036	0.125353	0.115901	0.0612411	0.0730694	0.0514283	0.0174717	0.0287749	0.0569284	0.166237	0.0806222	0.162992	0.365015	0.130422	0.0884818	0.454413	0.109514	0.34221	0.24661	0.275911	0.456844	0.220212	0.282612	0.194544	0.241174	0.21434	
0.74	0.0398636	0.15068	0.0979594	0.219137	0.0514328	0.044773	0.341448	0.0929863	0.391473	0.355128	0.349741	0.326893	0.338642	0.352602	0.100518	0.124569	0.118304	0.0513816	0.0439043	0.0492635	0.0146582	0.0241672	0.0475384	0.17932	0.0856619	0.130619	0.306472	0.123985	0.0883686	0.478712	0.112	0.333151	0.275958	0.261031	0.422534	0.250594	0.255658	0.203288	0.244487	0.239057	0.00856596	0.108635	0.0702174	0.213861	0.0180429	0.0152513	0.370346	0.0928521	0.35716	0.313441	0.394165	0.378438	0.36005	0.375974	0.101714	0.125352	0.115661	0.0612046	0.0730544	0.0514209	0.0174656	0.0287705	0.0569207	0.166205	0.0808112	0.162518	0.364536	0.130633	0.0885486	0.455342	0.109325	0.341779	0.246294	0.275566	0.457664	0.220744	0.282794	0.195078	0.242124	0.215323	
0.745	0.0398615	0.150696	0.0980212	0.219845	0.0514306	0.0447705	0.341449	0.0930506	0.391931	0.355879	0.349808	0.32691	0.338554	0.352468	0.100611	0.124653	0.11831	0.0513337	0.0433733	0.0490496	0.0146413	0.0241379	0.0474848	0.179281	0.0855856	0.130505	0.306196	0.123795	0.0883116	0.479439	0.111955	0.332925	0.275889	0.260776	0.422356	0.251638	0.255767	0.204148	0.245528	0.239064	0.00815266	0.108269	0.0696561	0.213286	0.0174654	0.0148923	0.36963	0.0923371	0.357168	0.31354	0.394363	0.378553	0.359645	0.37548	0.101331	0.12533	0.115409	0.0611519	0.073035	0.0514172	0.0174578	0.0287642	0.056911	0.166173	0.0809925	0.162042	0.364054	0.130857	0.0886092	0.456287	0.109045	0.341299	0.245879	0.275233	0.458507	0.221274	0.282984	0.195636	0.243057	0.216316	
0.75	0.0398592	0.15073	0.0979829	0.220564	0.0514283	0.0447678	0.341439	0.0931168	0.392423	0.356694	0.349869	0.326911	0.338414	0.352287	0.100863	0.124801	0.118316	0.0512749	0.042824	0.0488134	0.0146211	0.024106	0.0474279	0.17937	0.0854891	0.130383	0.305901	0.123587	0.0882355	0.480203	0.111907	0.332674	0.275776	0.260533	0.422179	0.252757	0.25587	0.205076	0.24665	0.239035	0.00771614	0.107878	0.0690843	0.212709	0.0168684	0.0145184	0.368916	0.0919864	0.357174	0.313638	0.394566	0.378672	0.359255	0.374999	0.100953	0.125299	0.115143	0.0610804	0.0730113	0.0514162	0.0174488	0.0287569	0.0569015	0.166148	0.0811648	0.161566	0.363574	0.131096	0.0886628	0.457245	0.108634	0.34075	0.245387	0.274917	0.459381	0.221797	0.28318	0.196212	0.243966	0.217301	
0.755	0.0398567	0.150778	0.0979813	0.221295	0.0514257	0.0447649	0.341419	0.0931901	0.392948	0.357568	0.34992	0.326895	0.338227	0.35206	0.100957	0.125002	0.118321	0.0512057	0.0422551	0.0485529	0.0145988	0.0240716	0.0473691	0.179549	0.0853737	0.130254	0.305592	0.123359	0.0881426	0.481005	0.111855	0.332395	0.275618	0.260286	0.422002	0.253943	0.255965	0.206073	0.247842	0.238981	0.00725417	0.107459	0.0685011	0.212128	0.01625	0.0141281	0.368207	0.0917156	0.357179	0.313734	0.394772	0.378797	0.358884	0.374537	0.100618	0.125261	0.114858	0.0610184	0.0729918	0.0514171	0.0174425	0.0287534	0.0568973	0.166189	0.0813275	0.161095	0.363098	0.131327	0.0887087	0.458215	0.108191	0.340235	0.244842	0.274623	0.460282	0.222308	0.28338	0.196797	0.244845	0.218262	
0.76	0.0398541	0.15083	0.0979876	0.222037	0.051423	0.0447618	0.341387	0.0932684	0.393499	0.358495	0.34996	0.32686	0.338002	0.35179	0.100922	0.125247	0.118327	0.0511311	0.0416658	0.0482665	0.0145761	0.0240353	0.0473089	0.179762	0.0852429	0.130121	0.305273	0.123109	0.0880383	0.481844	0.1118	0.332089	0.275747	0.260027	0.421826	0.255186	0.25605	0.207139	0.249093	0.238917	0.00676474	0.10701	0.0679054	0.211544	0.0156083	0.0137203	0.367506	0.0914543	0.357181	0.313825	0.394979	0.378926	0.358541	0.374101	0.100362	0.125226	0.114552	0.0609821	0.0729806	0.0514191	0.0174395	0.0287547	0.0569006	0.166328	0.0814801	0.160633	0.362632	0.131485	0.0887467	0.459211	0.107835	0.339924	0.24426	0.274357	0.461199	0.222802	0.283585	0.197384	0.245692	0.219187	
0.765	0.0399004	0.150885	0.0979867	0.222792	0.0514203	0.0447587	0.341347	0.0933478	0.394072	0.359444	0.349988	0.326807	0.337748	0.351489	0.100871	0.125592	0.118333	0.0510582	0.0410555	0.0479533	0.0145539	0.0239991	0.0472141	0.17999	0.0851034	0.129987	0.304947	0.122837	0.0879321	0.482717	0.111743	0.331754	0.276055	0.259756	0.421649	0.256476	0.256122	0.208274	0.250142	0.238606	0.00624626	0.10653	0.0672961	0.210954	0.0149417	0.0132935	0.366816	0.0912078	0.357181	0.313911	0.395188	0.379061	0.358231	0.373697	0.100201	0.125265	0.114204	0.0609675	0.0729761	0.0514218	0.017439	0.0287597	0.0569102	0.166539	0.0816226	0.160183	0.362177	0.13156	0.0887766	0.460243	0.107592	0.339815	0.243654	0.274123	0.46212	0.223274	0.283793	0.197964	0.246502	0.220071	
0.77	0.0400282	0.150939	0.097984	0.223562	0.0514177	0.0447555	0.341298	0.0934245	0.394659	0.360136	0.350005	0.326736	0.337463	0.35117	0.10083	0.126002	0.11834	0.050993	0.0404246	0.0476128	0.0145331	0.0239662	0.0470294	0.180208	0.0849627	0.129855	0.304615	0.122542	0.0878349	0.483622	0.111684	0.331392	0.276246	0.259481	0.421472	0.257799	0.25618	0.209476	0.250561	0.238105	0.00569763	0.106017	0.066672	0.210359	0.0142488	0.0128468	0.366138	0.0910171	0.357178	0.31399	0.395397	0.379202	0.357959	0.373331	0.100111	0.125353	0.113796	0.0609658	0.0729757	0.0514249	0.0174402	0.028767	0.0569244	0.166776	0.0817553	0.159747	0.361738	0.13159	0.0887987	0.461298	0.107431	0.339827	0.243031	0.273923	0.463115	0.223719	0.284003	0.198532	0.247275	0.220911	
0.775	0.0401839	0.150983	0.0979825	0.224348	0.0514151	0.0448304	0.341245	0.0934858	0.395253	0.360474	0.350008	0.326648	0.337106	0.350839	0.100784	0.126156	0.118347	0.0509398	0.039774	0.0472457	0.0145159	0.0239393	0.0467381	0.180386	0.0848271	0.129726	0.30428	0.122225	0.087755	0.484556	0.111624	0.331005	0.276234	0.259208	0.421292	0.259144	0.256221	0.210743	0.250779	0.2378	0.0051185	0.105473	0.0660326	0.209757	0.0135289	0.0123797	0.365473	0.0908914	0.357173	0.314062	0.395606	0.379348	0.357725	0.373007	0.10006	0.125403	0.113327	0.0609719	0.0729774	0.051428	0.0174424	0.0287761	0.0569424	0.16701	0.081879	0.159327	0.361316	0.131606	0.0888133	0.462352	0.107324	0.339891	0.242398	0.273762	0.464204	0.224136	0.284216	0.19908	0.248009	0.221709	
0.78	0.0403188	0.151009	0.0979815	0.225152	0.0514126	0.0449576	0.341189	0.0935262	0.395846	0.360576	0.349992	0.326537	0.336559	0.350498	0.100737	0.126147	0.118354	0.0509	0.0391055	0.0468534	0.0145029	0.0239187	0.0463523	0.18051	0.0846997	0.129601	0.303946	0.121885	0.0876948	0.485515	0.111565	0.330595	0.276104	0.258936	0.421111	0.260495	0.256236	0.212069	0.250917	0.237583	0.00450925	0.104898	0.0653773	0.209148	0.0127819	0.0118923	0.364821	0.0907786	0.357165	0.314126	0.395815	0.3795	0.357537	0.372729	0.100029	0.125405	0.112802	0.0609831	0.0729813	0.0514311	0.0174454	0.0287864	0.0569636	0.167226	0.0819947	0.158926	0.360913	0.131622	0.0888213	0.463382	0.107257	0.339942	0.241762	0.273641	0.46536	0.224522	0.284429	0.199602	0.248701	0.222463	
0.785	0.0404289	0.151012	0.0979807	0.225978	0.0514204	0.0450959	0.341134	0.0935442	0.396429	0.360587	0.349952	0.326397	0.335768	0.350133	0.100765	0.126135	0.118361	0.0508709	0.0384218	0.0464379	0.0144933	0.0239028	0.0458937	0.180583	0.0845812	0.129477	0.303619	0.121524	0.0876504	0.486494	0.111506	0.330167	0.275914	0.258661	0.420927	0.261838	0.256215	0.213451	0.250986	0.237413	0.00387122	0.104294	0.0647065	0.208531	0.0120086	0.0113851	0.364184	0.0907034	0.357154	0.314182	0.396023	0.379657	0.357396	0.372501	0.100012	0.125639	0.112232	0.0609975	0.0729876	0.0514339	0.0174489	0.0287977	0.0569878	0.167421	0.0821037	0.158544	0.360532	0.131638	0.0888234	0.464406	0.107218	0.339945	0.241127	0.273562	0.466545	0.224874	0.284644	0.200093	0.249348	0.223171	
0.79	0.0405103	0.150986	0.0979801	0.226826	0.0514395	0.0452133	0.341083	0.0935511	0.396993	0.36058	0.349888	0.326225	0.334754	0.349697	0.100857	0.126144	0.118369	0.0508469	0.0377264	0.0460022	0.0144855	0.0238897	0.0453833	0.180607	0.0844679	0.129335	0.303308	0.121144	0.0876117	0.487487	0.11145	0.329723	0.275643	0.258379	0.420739	0.263159	0.256146	0.214881	0.250996	0.237236	0.00320679	0.103665	0.064021	0.207906	0.0112107	0.0108597	0.363561	0.0908825	0.357142	0.314228	0.396229	0.379819	0.357301	0.372324	0.100004	0.125859	0.111628	0.0610142	0.0729961	0.0514363	0.0174528	0.0288097	0.0570145	0.167598	0.0822075	0.158184	0.360173	0.131653	0.0888211	0.465418	0.107196	0.339876	0.240498	0.273525	0.467729	0.225191	0.284858	0.200548	0.249947	0.223829	
0.795	0.0405616	0.150919	0.0979797	0.227697	0.0514842	0.0453015	0.34104	0.0935563	0.397531	0.360569	0.3498	0.326011	0.333573	0.34911	0.100909	0.126156	0.118377	0.0508213	0.0370236	0.0455501	0.014478	0.0238781	0.044838	0.180582	0.0843528	0.129126	0.303019	0.120748	0.087566	0.488489	0.111397	0.329268	0.275291	0.258084	0.420549	0.264442	0.256	0.21635	0.250981	0.237061	0.00251934	0.103016	0.0633225	0.207274	0.0103908	0.0103182	0.362951	0.0910662	0.357127	0.314265	0.396433	0.379986	0.357256	0.372199	0.0999999	0.126093	0.110997	0.0610324	0.0730066	0.0514383	0.0174571	0.0288224	0.0570436	0.167757	0.0823079	0.157846	0.359837	0.131665	0.0888157	0.466396	0.107185	0.339727	0.239878	0.27353	0.468994	0.225473	0.28507	0.200962	0.250492	0.224431	
0.8	0.0405862	0.150804	0.0979794	0.228593	0.0515581	0.0453652	0.341007	0.0935565	0.398034	0.360548	0.349698	0.325749	0.332283	0.348355	0.100914	0.126164	0.118384	0.0507891	0.0363186	0.0450859	0.014469	0.0238664	0.0442712	0.180516	0.0842276	0.128841	0.302752	0.120339	0.0875017	0.489496	0.111348	0.328807	0.275368	0.257758	0.420356	0.265675	0.255724	0.217849	0.250963	0.236864	0.00181329	0.102351	0.0626134	0.206634	0.00955295	0.00976391	0.362355	0.0912017	0.35711	0.314293	0.396634	0.380156	0.357259	0.372128	0.0999982	0.126316	0.110342	0.0610518	0.0730188	0.0514405	0.0174616	0.0288355	0.0570745	0.167899	0.0824068	0.157532	0.359525	0.131674	0.0888089	0.467317	0.107181	0.33949	0.23927	0.273576	0.470354	0.22572	0.285281	0.201334	0.250978	0.224971	
0.805	0.0405922	0.150634	0.0979791	0.229511	0.0516782	0.0454129	0.340987	0.0936451	0.398496	0.360527	0.349614	0.325475	0.330939	0.347459	0.10091	0.126172	0.118391	0.0507457	0.0356171	0.0446145	0.0144571	0.0238473	0.043693	0.180426	0.0840834	0.128501	0.302508	0.119921	0.0874092	0.49091	0.111305	0.328344	0.275944	0.257369	0.420162	0.266496	0.255368	0.219367	0.250906	0.236615	0.00109404	0.101677	0.0618967	0.20599	0.00870176	0.00920068	0.361772	0.0913414	0.357093	0.314312	0.396831	0.38033	0.357307	0.372108	0.099997	0.12653	0.109665	0.061072	0.0730324	0.0514433	0.0174662	0.0288489	0.0571069	0.168024	0.0825061	0.15724	0.359238	0.131681	0.0888025	0.468164	0.107181	0.339174	0.238678	0.273661	0.471754	0.225931	0.285488	0.201659	0.251398	0.225443	
0.81	0.0405023	0.150248	0.0979785	0.23045	0.0516918	0.0453525	0.34098	0.0938292	0.398911	0.360738	0.349575	0.325247	0.329591	0.346338	0.101131	0.126539	0.118761	0.0506759	0.0349253	0.0441411	0.0144341	0.0237591	0.0431114	0.180446	0.0838636	0.128136	0.302285	0.119497	0.087213	0.492338	0.111267	0.327884	0.277109	0.256916	0.419954	0.267172	0.255051	0.220892	0.250816	0.236366	0.00036794	0.101001	0.0611754	0.205341	0.0078431	0.0086334	0.361205	0.0914776	0.357074	0.314322	0.397022	0.380505	0.357399	0.372138	0.0999954	0.126711	0.108969	0.0610927	0.0730472	0.0514466	0.0174711	0.0288625	0.0571403	0.168132	0.0826079	0.156973	0.358977	0.131684	0.0887985	0.469123	0.107185	0.338798	0.238104	0.273782	0.473106	0.226109	0.285691	0.201936	0.251749	0.225834	
0.815	0.0404193	0.149778	0.098243	0.231407	0.0518033	0.0452777	0.340989	0.0940455	0.399272	0.361102	0.349581	0.325104	0.32828	0.345104	0.101232	0.126715	0.118873	0.0505938	0.0342499	0.0436712	0.0143809	0.0235591	0.0425337	0.180581	0.0835681	0.127767	0.302082	0.119071	0.0869251	0.493343	0.111237	0.327432	0.278469	0.256427	0.419695	0.267819	0.254845	0.222411	0.250726	0.236164	-0.00035787	0.100332	0.0604554	0.204692	0.00698358	0.00806766	0.360654	0.0915773	0.357054	0.314324	0.397208	0.38068	0.357534	0.372215	0.0999932	0.126863	0.108253	0.0611137	0.0730629	0.0514505	0.017476	0.028876	0.057174	0.168224	0.08272	0.15673	0.358741	0.131685	0.088799	0.47011	0.10719	0.338388	0.23755	0.273936	0.474348	0.226254	0.285888	0.202164	0.252026	0.22614	
0.82	0.0403417	0.149298	0.0984827	0.232376	0.051893	0.0452116	0.341012	0.094239	0.399576	0.361436	0.349619	0.325037	0.327041	0.343876	0.101165	0.12659	0.118828	0.0505224	0.0335978	0.0432105	0.0142271	0.0232465	0.0419665	0.180701	0.0832393	0.127411	0.301898	0.118648	0.086617	0.49352	0.111215	0.326992	0.279717	0.255939	0.419341	0.268379	0.254748	0.223911	0.250653	0.236021	-0.00107556	0.0996774	0.0597409	0.204043	0.00613057	0.00750971	0.360114	0.0916101	0.357034	0.314318	0.397387	0.380855	0.357707	0.372338	0.09999	0.126982	0.107517	0.0611345	0.0730792	0.0514547	0.0174809	0.0288892	0.0572076	0.168303	0.0827767	0.156512	0.35853	0.131682	0.088806	0.470994	0.107197	0.337965	0.237018	0.27412	0.475463	0.226368	0.286078	0.202344	0.252233	0.226368	
0.825	0.0402689	0.148857	0.0985787	0.233352	0.0519147	0.0451632	0.341049	0.0943896	0.39982	0.36163	0.349675	0.325018	0.325895	0.34269	0.101215	0.12643	0.118716	0.0504569	0.0329759	0.0427646	0.0139509	0.0228431	0.0414162	0.180704	0.0829533	0.127077	0.301735	0.118232	0.0863687	0.49305	0.111201	0.32657	0.280769	0.255489	0.418878	0.268775	0.254728	0.225384	0.250599	0.235923	-0.00177677	0.0990461	0.0590374	0.203397	0.00529199	0.00696636	0.359585	0.091616	0.357015	0.314306	0.397557	0.381027	0.357917	0.372502	0.0999857	0.127069	0.106761	0.061155	0.0730956	0.0514591	0.0174857	0.0289021	0.0572404	0.168371	0.0827841	0.156318	0.358345	0.131676	0.0888218	0.471715	0.107205	0.337545	0.236508	0.274331	0.476262	0.226452	0.28626	0.202474	0.252377	0.226539	
0.83	0.0402094	0.148476	0.0985466	0.234326	0.0518918	0.0451316	0.341098	0.0945005	0.400001	0.361668	0.349741	0.325026	0.324858	0.341579	0.10123	0.126342	0.118606	0.0503324	0.0323911	0.0423391	0.0135709	0.0223775	0.040889	0.180558	0.0827573	0.12677	0.301591	0.117828	0.0862098	0.492388	0.111197	0.32617	0.281634	0.255109	0.418436	0.268993	0.254752	0.226822	0.250559	0.235856	-0.00245286	0.0984472	0.0583503	0.202758	0.00447612	0.00644478	0.359065	0.0915341	0.356995	0.314287	0.397718	0.381195	0.358155	0.372702	0.0999802	0.127108	0.105987	0.0611748	0.0731119	0.0514637	0.0174905	0.0289144	0.057272	0.16843	0.0827818	0.15615	0.358185	0.131667	0.0888482	0.472277	0.107214	0.337136	0.236022	0.274563	0.47663	0.226508	0.286433	0.202556	0.252465	0.22666	
0.835	0.0401592	0.148142	0.0984922	0.235292	0.0518568	0.0451018	0.341157	0.0945821	0.400118	0.36159	0.349814	0.32505	0.32394	0.340565	0.101258	0.126297	0.118526	0.0501242	0.0318502	0.0419393	0.0131217	0.021879	0.0403909	0.180287	0.082634	0.126493	0.301468	0.11744	0.0861088	0.492598	0.111199	0.325794	0.282344	0.254821	0.418212	0.26907	0.254798	0.228221	0.250526	0.235809	-0.00309506	0.0978893	0.0576853	0.202129	0.0036914	0.00595234	0.358557	0.0913393	0.356976	0.314263	0.397869	0.381358	0.358418	0.372935	0.0999734	0.127094	0.105194	0.0611934	0.0731276	0.0514681	0.017495	0.0289259	0.0573018	0.168479	0.0827844	0.156008	0.358051	0.131658	0.0888873	0.472711	0.107223	0.336742	0.23556	0.274813	0.476687	0.226537	0.286595	0.202592	0.252501	0.22673	
0.84	0.0401015	0.147827	0.0984469	0.236238	0.0518045	0.0450498	0.341223	0.0946442	0.400172	0.361449	0.349894	0.325086	0.323147	0.339662	0.101219	0.126268	0.118606	0.0498487	0.0313596	0.0415702	0.0126402	0.0213756	0.0399277	0.179959	0.0825392	0.126245	0.301363	0.117072	0.0860198	0.493452	0.111197	0.325444	0.282935	0.25464	0.418102	0.269056	0.254856	0.229578	0.250498	0.235776	-0.00369467	0.0973809	0.0570479	0.201512	0.00294626	0.00549642	0.358059	0.0910911	0.356958	0.314234	0.398009	0.381514	0.358703	0.373197	0.0999651	0.127031	0.104384	0.0612105	0.0731423	0.0514724	0.0174992	0.0289366	0.0573295	0.168519	0.0827891	0.155891	0.357942	0.131655	0.0889408	0.473152	0.107234	0.336363	0.235121	0.275077	0.476619	0.226543	0.286746	0.202583	0.252488	0.22675	
0.845	0.040044	0.147539	0.0984209	0.237157	0.0517495	0.0449825	0.341293	0.0946315	0.400165	0.361279	0.349978	0.325132	0.322483	0.33888	0.101139	0.12625	0.118607	0.0495404	0.0309255	0.0412364	0.0121603	0.0208921	0.0395048	0.179657	0.0824554	0.126026	0.301276	0.116727	0.0859328	0.494332	0.111048	0.32512	0.283432	0.254574	0.417962	0.268983	0.254921	0.230889	0.250474	0.235751	-0.00424331	0.09693	0.0564436	0.20091	0.00224886	0.00508424	0.357573	0.0908632	0.356941	0.314201	0.398137	0.381663	0.359007	0.373482	0.0999551	0.126928	0.103558	0.0612259	0.0731556	0.0514763	0.017503	0.0289463	0.0573547	0.168546	0.0828089	0.155799	0.357858	0.131658	0.0890105	0.473588	0.107245	0.336	0.234707	0.275351	0.476541	0.226526	0.286883	0.202532	0.252429	0.226722	
0.85	0.0399985	0.147302	0.098392	0.238038	0.0517007	0.0449171	0.341363	0.0945868	0.400098	0.361099	0.350066	0.325188	0.32195	0.338225	0.101076	0.126241	0.118537	0.0492351	0.0305533	0.0409422	0.0117094	0.0204479	0.0391273	0.179431	0.0823946	0.125834	0.301205	0.116411	0.0858634	0.494851	0.110942	0.324824	0.283807	0.254624	0.417721	0.268866	0.254991	0.231717	0.25045	0.235728	-0.0047331	0.0965438	0.0558774	0.200326	0.00160691	0.00472259	0.357099	0.090693	0.356926	0.314164	0.398252	0.381802	0.359322	0.373786	0.0999429	0.126792	0.102717	0.0612392	0.0731673	0.0514797	0.0175064	0.0289549	0.0573773	0.16856	0.0828471	0.155733	0.357799	0.131668	0.0890977	0.473964	0.107257	0.335653	0.234317	0.275632	0.476483	0.226488	0.287008	0.202441	0.252328	0.22665	
0.855	0.0399684	0.147122	0.098369	0.238873	0.0516663	0.0448627	0.341431	0.0945696	0.399974	0.360917	0.350156	0.325251	0.321549	0.337698	0.101039	0.126238	0.118472	0.0489627	0.030248	0.0406912	0.0113072	0.0200568	0.0387995	0.179276	0.0823592	0.125666	0.301149	0.116125	0.0858148	0.495427	0.110929	0.324554	0.283887	0.254788	0.417383	0.268713	0.255063	0.23191	0.250423	0.235705	-0.00515686	0.0962288	0.0553539	0.199762	0.00102747	0.00441773	0.356637	0.0905784	0.356911	0.314123	0.398353	0.38193	0.359645	0.374105	0.0999274	0.126629	0.101863	0.0612501	0.0731771	0.0514825	0.0175093	0.0289623	0.0573969	0.168562	0.0828939	0.155693	0.357764	0.131681	0.0892037	0.474286	0.107269	0.33532	0.233948	0.275915	0.47644	0.22643	0.287117	0.202313	0.25219	0.226538	
0.86	0.0399515	0.146993	0.0983704	0.239653	0.0516505	0.0448227	0.341492	0.0945577	0.399799	0.360734	0.350248	0.325321	0.321277	0.3373	0.101019	0.126237	0.118429	0.0487452	0.0300137	0.0404865	0.0109667	0.0197279	0.0385254	0.179161	0.0823409	0.125521	0.301107	0.115873	0.0857807	0.495949	0.110762	0.324309	0.283587	0.255062	0.417011	0.268524	0.255136	0.231846	0.250394	0.235681	-0.00550831	0.0959905	0.0548772	0.199221	0.000516815	0.00417512	0.356186	0.0905022	0.356898	0.314081	0.39844	0.382048	0.359974	0.374435	0.0999054	0.12644	0.100997	0.0612584	0.0731846	0.0514846	0.0175116	0.0289684	0.0574135	0.168554	0.0829419	0.155678	0.357753	0.131694	0.0893293	0.47455	0.107282	0.334999	0.233602	0.276197	0.476402	0.226355	0.287212	0.20215	0.252017	0.226393	
0.865	0.0399451	0.146899	0.0983905	0.240398	0.051649	0.0447987	0.341546	0.0945667	0.399576	0.360552	0.350342	0.325396	0.321131	0.33703	0.101008	0.126237	0.1184	0.0485976	0.0298537	0.0403305	0.0106962	0.0194672	0.0383082	0.17907	0.0823388	0.125396	0.301078	0.115656	0.0857619	0.496445	0.110485	0.324089	0.283042	0.255439	0.416681	0.268306	0.255208	0.23179	0.250363	0.235655	-0.00578221	0.0958334	0.0544508	0.198704	8.02552e-05	0.00399933	0.355748	0.0904505	0.356886	0.314036	0.398513	0.382153	0.360304	0.374772	0.0998544	0.126229	0.100122	0.061264	0.0731897	0.051486	0.0175133	0.0289733	0.0574267	0.168541	0.0829895	0.155689	0.357766	0.131706	0.0894751	0.474751	0.107296	0.334689	0.233276	0.276477	0.476364	0.226263	0.287291	0.201957	0.251814	0.226216	
0.87	0.0399424	0.146824	0.0984125	0.24084	0.0516504	0.0447849	0.341589	0.0946143	0.39931	0.360371	0.350435	0.325476	0.321108	0.336884	0.101003	0.126237	0.118376	0.0485293	0.0297704	0.0402249	0.0105004	0.0192786	0.0381502	0.178928	0.0823491	0.125291	0.301061	0.115477	0.0857556	0.496919	0.110334	0.323893	0.282541	0.255913	0.416435	0.268062	0.255279	0.231772	0.25033	0.235628	-0.00597445	0.0957607	0.0540774	0.198213	-0.000277911	0.00389387	0.355321	0.0904151	0.356875	0.313989	0.39857	0.382246	0.360629	0.375113	0.0997658	0.126014	0.0992391	0.0612667	0.0731923	0.0514865	0.0175144	0.0289767	0.0574367	0.168531	0.0830369	0.155725	0.357803	0.131716	0.0896416	0.474897	0.10731	0.33439	0.23297	0.27675	0.476325	0.226156	0.287354	0.201735	0.251583	0.226011	
0.875	0.0399439	0.146759	0.0984431	0.241036	0.0516564	0.0447833	0.341621	0.0946872	0.399009	0.360193	0.350527	0.325559	0.321202	0.336858	0.101003	0.126238	0.118358	0.0485459	0.0297652	0.0401707	0.0103822	0.0191645	0.0380531	0.178594	0.0823679	0.125205	0.301055	0.115337	0.0857613	0.497482	0.110125	0.323719	0.282137	0.256475	0.416269	0.267797	0.255348	0.231756	0.250297	0.2356	-0.00608212	0.0957747	0.0537592	0.197749	-0.000553774	0.00386123	0.354906	0.0903908	0.356865	0.313941	0.398612	0.382325	0.36095	0.375454	0.0998505	0.125806	0.09835	0.0612665	0.0731922	0.0514861	0.0175149	0.0289787	0.0574432	0.168532	0.0830843	0.155787	0.357862	0.131723	0.0898288	0.474998	0.107324	0.3341	0.232682	0.277016	0.476287	0.226035	0.2874	0.201488	0.251327	0.225781	
0.88	0.0399459	0.146699	0.0984759	0.241145	0.051662	0.0447878	0.341641	0.0947773	0.398677	0.360018	0.350618	0.325644	0.321404	0.336947	0.101005	0.126239	0.118341	0.0486501	0.0298385	0.0401683	0.0103429	0.0191258	0.0380178	0.178019	0.0823911	0.125137	0.30106	0.115236	0.0857751	0.498141	0.109783	0.323567	0.282032	0.257113	0.416158	0.267517	0.255414	0.231729	0.250263	0.235571	-0.00610351	0.0958764	0.0534978	0.197314	-0.000744373	0.00390272	0.354503	0.0903746	0.356857	0.313892	0.398639	0.382391	0.361265	0.375793	0.0999715	0.125629	0.0974566	0.0612633	0.0731895	0.0514848	0.0175147	0.0289793	0.0574462	0.168557	0.083143	0.155873	0.357944	0.131726	0.0900364	0.475067	0.107339	0.333817	0.232412	0.277273	0.476249	0.2259	0.28743	0.201219	0.25105	0.22553	
0.885	0.0399456	0.146637	0.0985008	0.241232	0.0516618	0.0447928	0.341649	0.0948099	0.398321	0.359849	0.350706	0.325732	0.321707	0.337142	0.101008	0.12624	0.118326	0.0488428	0.0299895	0.0402172	0.0103825	0.0191627	0.0380441	0.177226	0.0824161	0.125088	0.301076	0.115175	0.0857929	0.498833	0.109431	0.323438	0.282182	0.257799	0.416085	0.267233	0.255476	0.231698	0.250229	0.235542	-0.00603814	0.0960658	0.0532938	0.196907	-0.000848579	0.00401861	0.354112	0.0903642	0.356849	0.313842	0.39865	0.382442	0.361573	0.376128	0.0999834	0.125495	0.0965607	0.0612571	0.0731841	0.0514826	0.0175138	0.0289785	0.0574457	0.168613	0.0832192	0.155984	0.358048	0.131724	0.090264	0.475113	0.107354	0.333541	0.232157	0.277519	0.47621	0.225752	0.287444	0.200931	0.250754	0.22526	
0.89	0.0399437	0.146572	0.0985237	0.241317	0.0516582	0.0447978	0.341646	0.0947744	0.397947	0.359693	0.350791	0.32582	0.322102	0.337436	0.101012	0.126241	0.118312	0.0491228	0.0302169	0.0403165	0.0104999	0.019274	0.0381313	0.176265	0.0824366	0.125059	0.301101	0.115152	0.0858089	0.49945	0.109182	0.323329	0.282515	0.258282	0.416042	0.26697	0.255535	0.231668	0.250195	0.235512	-0.00588666	0.0963421	0.0531476	0.19653	-0.000866322	0.00420805	0.353732	0.0903577	0.356843	0.313791	0.398647	0.38248	0.36187	0.376457	0.0999197	0.125382	0.095664	0.061248	0.0731761	0.0514795	0.0175123	0.0289763	0.0574417	0.168703	0.0833022	0.156119	0.358173	0.131719	0.0905108	0.475141	0.10737	0.333271	0.231918	0.277753	0.476172	0.225592	0.287441	0.200626	0.250442	0.224974	
0.895	0.0399396	0.146502	0.0985422	0.24139	0.0516506	0.044801	0.341634	0.0946205	0.39756	0.359552	0.350871	0.325909	0.322579	0.337821	0.101015	0.126241	0.118297	0.0494879	0.0305179	0.0404645	0.0106929	0.0194578	0.0382778	0.175189	0.0824516	0.125051	0.301136	0.115168	0.0858219	0.49992	0.109039	0.323244	0.282956	0.258495	0.416025	0.266748	0.255589	0.231638	0.250162	0.235502	-0.00565081	0.0967033	0.053059	0.196183	-0.000798541	0.00446927	0.353363	0.090354	0.356837	0.313739	0.398628	0.382504	0.362156	0.376779	0.0997777	0.125198	0.0947683	0.061236	0.0731656	0.0514756	0.0175102	0.0289728	0.0574343	0.168827	0.0833875	0.156277	0.358319	0.131708	0.0907759	0.475155	0.107386	0.333006	0.231693	0.277976	0.476133	0.225421	0.287422	0.200307	0.250116	0.224673	
0.9	0.0399338	0.14643	0.0985511	0.241438	0.0516385	0.0448022	0.341615	0.0943746	0.397167	0.359414	0.350946	0.325996	0.323128	0.338286	0.101019	0.126242	0.118283	0.0499346	0.0308892	0.0406589	0.0109584	0.0197111	0.0384813	0.174039	0.082464	0.125065	0.30118	0.115221	0.0858337	0.500219	0.108957	0.323181	0.283438	0.258555	0.416031	0.266567	0.255639	0.231609	0.250129	0.235487	-0.00533333	0.0971465	0.0530269	0.195867	-0.000647097	0.00479955	0.353006	0.0903519	0.356832	0.313687	0.398595	0.382514	0.362429	0.377093	0.0995584	0.124899	0.0938753	0.0612214	0.0731527	0.0514708	0.0175074	0.0289679	0.0574237	0.168979	0.0834647	0.156457	0.358485	0.131693	0.0910581	0.47516	0.107402	0.332745	0.231482	0.278188	0.476094	0.225239	0.287388	0.199976	0.249779	0.224362	
0.905	0.0399265	0.146355	0.098548	0.241458	0.0516224	0.0448011	0.341592	0.0941118	0.396773	0.359243	0.351016	0.326082	0.32374	0.338822	0.101022	0.126242	0.118304	0.0504553	0.0313266	0.040897	0.0112927	0.0200304	0.0387388	0.172847	0.0824754	0.125102	0.301232	0.115308	0.0858445	0.500426	0.108906	0.323142	0.283915	0.258573	0.416056	0.266416	0.255683	0.231579	0.250097	0.235476	-0.00493781	0.0976683	0.0530503	0.195581	-0.00041472	0.00519545	0.35266	0.0903508	0.356828	0.313634	0.398547	0.382511	0.36269	0.377399	0.0995442	0.124497	0.0929865	0.0612042	0.0731376	0.0514652	0.0175042	0.0289619	0.05741	0.169146	0.0835191	0.156659	0.35867	0.131673	0.0913562	0.475157	0.107418	0.332489	0.231284	0.278387	0.476055	0.225047	0.287339	0.199635	0.249434	0.224041	
0.91	0.0399255	0.146291	0.098547	0.24146	0.0516134	0.0448067	0.341568	0.0939278	0.396381	0.359002	0.35108	0.326166	0.324403	0.33942	0.101024	0.126242	0.118528	0.0505821	0.0318252	0.0411756	0.011691	0.0204112	0.0390469	0.171635	0.0824988	0.125163	0.301292	0.115428	0.0858676	0.500628	0.108875	0.323128	0.284363	0.258591	0.416096	0.266283	0.255722	0.231549	0.250066	0.235454	-0.00446861	0.0982642	0.0531274	0.195325	-0.00010747	0.00565283	0.352326	0.0903503	0.356825	0.313581	0.398487	0.382496	0.362941	0.377696	0.0996446	0.124034	0.0921038	0.0611847	0.0731205	0.0514589	0.0175004	0.0289547	0.0573935	0.169316	0.0835437	0.156882	0.358872	0.131649	0.0916686	0.475147	0.107434	0.332237	0.231099	0.278576	0.476016	0.224845	0.287276	0.199287	0.249082	0.223713	
0.915	0.0399178	0.146224	0.0985293	0.241433	0.0515976	0.0448038	0.341546	0.093852	0.395996	0.358682	0.351137	0.326247	0.325108	0.340071	0.101027	0.126241	0.118634	0.0505634	0.0323797	0.0414913	0.0121483	0.0208487	0.0394017	0.170418	0.0825168	0.125248	0.301359	0.115578	0.085882	0.500848	0.108854	0.323142	0.28477	0.258611	0.416151	0.266162	0.255756	0.231519	0.250044	0.235439	-0.00393065	0.0989296	0.0532562	0.195099	0.000275153	0.0061671	0.352003	0.0903501	0.356822	0.313528	0.398414	0.382469	0.363181	0.377985	0.0996942	0.123542	0.0912287	0.0611631	0.0731015	0.0514519	0.0174962	0.0289464	0.0573744	0.16948	0.0835416	0.157124	0.359092	0.131621	0.0919939	0.475132	0.10745	0.331988	0.230925	0.278755	0.475977	0.224634	0.2872	0.198934	0.248725	0.22338	
0.92	0.0399012	0.146144	0.0984864	0.241375	0.0515669	0.0447891	0.34153	0.0938571	0.395623	0.358291	0.351187	0.326325	0.325848	0.340779	0.101029	0.12624	0.118843	0.0505644	0.0329841	0.0418402	0.012659	0.0213377	0.0397988	0.169211	0.0825193	0.125358	0.301432	0.115756	0.0858781	0.501068	0.108841	0.323184	0.285135	0.258623	0.416215	0.266045	0.255786	0.231487	0.250021	0.235414	-0.00332936	0.0996591	0.0534343	0.194903	0.000726589	0.00673327	0.351692	0.09035	0.356819	0.313474	0.398329	0.382431	0.36341	0.378267	0.0996242	0.123037	0.0903628	0.0611397	0.073081	0.0514443	0.0174916	0.0289372	0.0573529	0.16963	0.0835221	0.157383	0.359327	0.131589	0.0923366	0.475114	0.107467	0.331744	0.230764	0.278924	0.475939	0.224415	0.287112	0.198577	0.248365	0.223044	
0.925	0.0398828	0.146045	0.0984301	0.2413	0.0515346	0.0447702	0.341523	0.0939004	0.395262	0.357846	0.351231	0.326399	0.326618	0.341535	0.10103	0.126239	0.11906	0.050576	0.0336324	0.0422186	0.0132172	0.0218724	0.0402338	0.168023	0.082512	0.125491	0.301509	0.115959	0.0858639	0.501262	0.108831	0.323256	0.285462	0.258625	0.416289	0.265926	0.25581	0.231455	0.249991	0.235375	-0.0026705	0.100447	0.0536593	0.194736	0.00124188	0.0073462	0.351392	0.0903499	0.356817	0.313421	0.398234	0.382383	0.363633	0.378541	0.0994381	0.12252	0.0895077	0.0611147	0.0730591	0.0514361	0.0174867	0.0289272	0.0573293	0.169746	0.0834425	0.157659	0.359577	0.131554	0.092672	0.475093	0.107483	0.331503	0.230615	0.279086	0.4759	0.224188	0.287013	0.198219	0.248005	0.222706	
0.93	0.0398649	0.145877	0.0983714	0.241221	0.0515045	0.0447502	0.341529	0.0938527	0.394917	0.357366	0.351268	0.326468	0.327412	0.34232	0.101031	0.126238	0.119188	0.0505822	0.0343184	0.0426223	0.0138167	0.0224471	0.0407018	0.166864	0.0824999	0.125646	0.301591	0.116184	0.0858449	0.501255	0.108825	0.32336	0.285756	0.25862	0.416368	0.265795	0.255829	0.231421	0.24999	0.235351	-0.00196007	0.101288	0.0539283	0.194598	0.00181571	0.00800051	0.351103	0.0903498	0.356815	0.313367	0.398129	0.382326	0.363845	0.378809	0.0993367	0.121978	0.0886649	0.0610885	0.0730361	0.0514273	0.0174815	0.0289163	0.0573037	0.16981	0.0833102	0.157949	0.359839	0.131516	0.0929244	0.47507	0.107499	0.331267	0.230477	0.27924	0.475862	0.223954	0.286904	0.19786	0.247645	0.222369	
0.935	0.0398463	0.145569	0.0983125	0.241138	0.0514756	0.044728	0.341552	0.0936449	0.394589	0.356868	0.351299	0.326532	0.328218	0.343116	0.101032	0.126236	0.119176	0.050586	0.0350357	0.0430475	0.0144164	0.0230558	0.0411982	0.165742	0.0824835	0.125822	0.301676	0.116428	0.0858229	0.500944	0.10882	0.323498	0.286024	0.258609	0.416452	0.265624	0.255844	0.231385	0.250047	0.235391	-0.0012042	0.102176	0.0542384	0.194488	0.0024426	0.00869074	0.350825	0.0903497	0.356813	0.313312	0.398016	0.382262	0.364051	0.379071	0.0992752	0.121403	0.0878358	0.0610613	0.0730121	0.051418	0.017476	0.0289047	0.0572762	0.169819	0.0831751	0.158252	0.360112	0.131476	0.0930846	0.475046	0.107515	0.331034	0.23035	0.27939	0.475824	0.223713	0.286786	0.197503	0.247287	0.222033	
0.94	0.0398309	0.145091	0.0982625	0.241058	0.0514528	0.0447064	0.341594	0.0934096	0.39428	0.356366	0.351323	0.326592	0.329025	0.343931	0.101032	0.126234	0.119209	0.0505895	0.035778	0.0434901	0.0144692	0.0236927	0.0417181	0.164665	0.0824724	0.126017	0.301764	0.116688	0.0858068	0.500609	0.108818	0.32367	0.286273	0.258593	0.416537	0.265383	0.255854	0.231345	0.25008	0.235417	-0.000409	0.103105	0.0545865	0.194404	0.00311696	0.00941155	0.350559	0.0903494	0.356811	0.313258	0.397896	0.382191	0.364253	0.379329	0.0991506	0.120798	0.087022	0.0610334	0.0729874	0.0514082	0.0174705	0.0288925	0.0572472	0.169784	0.0830693	0.158565	0.360394	0.131433	0.0931786	0.475022	0.10753	0.330806	0.230234	0.279536	0.475787	0.223468	0.286663	0.197149	0.246934	0.221701	
0.945	0.0398137	0.144452	0.098217	0.240981	0.0514314	0.0446409	0.341659	0.0932521	0.39399	0.355869	0.351341	0.326646	0.329831	0.344755	0.101031	0.126232	0.119207	0.0505925	0.0365393	0.0439463	0.0144463	0.0239293	0.0422568	0.16364	0.0824599	0.126228	0.301852	0.116962	0.0857898	0.500328	0.108817	0.323879	0.286509	0.258572	0.416622	0.265065	0.25586	0.231299	0.25011	0.235428	0.000419413	0.104068	0.0549694	0.194347	0.00383309	0.0101577	0.350304	0.0903491	0.356809	0.313204	0.397772	0.382115	0.364451	0.379584	0.0991134	0.120168	0.0862247	0.0610052	0.072962	0.0513978	0.0174648	0.0288797	0.0572168	0.169715	0.0829946	0.158886	0.360684	0.131388	0.0932349	0.474999	0.107546	0.330583	0.230128	0.27968	0.47575	0.223218	0.286534	0.1968	0.246585	0.221374	
0.95	0.0397713	0.143674	0.0981622	0.240899	0.0514031	0.0444626	0.341749	0.093167	0.393719	0.355387	0.351354	0.326695	0.330633	0.345576	0.101031	0.126229	0.119049	0.0505947	0.0373135	0.0444123	0.0144508	0.0239251	0.0428097	0.162675	0.0824335	0.126452	0.30194	0.117246	0.0857619	0.499802	0.108817	0.324124	0.286738	0.258548	0.416705	0.264681	0.255864	0.231241	0.250283	0.235567	0.00127492	0.105061	0.0553838	0.194314	0.0045852	0.0109242	0.35006	0.0903488	0.356807	0.313151	0.397643	0.382036	0.364646	0.379837	0.0991044	0.119614	0.0854454	0.0609768	0.0729356	0.0513868	0.017459	0.0288666	0.0571854	0.169618	0.0829766	0.159213	0.360978	0.131339	0.09327	0.474975	0.107561	0.330364	0.230033	0.279823	0.475713	0.222964	0.286401	0.196457	0.246243	0.221052	
0.955	0.0396161	0.142786	0.0980925	0.240801	0.0513647	0.0441407	0.341865	0.0931237	0.393468	0.354924	0.351362	0.326739	0.331427	0.346404	0.101029	0.126226	0.118773	0.0506063	0.0380948	0.0448845	0.0144547	0.023915	0.0433722	0.161773	0.0823946	0.126685	0.302028	0.117537	0.0857247	0.499005	0.108819	0.324408	0.286963	0.258521	0.416784	0.264249	0.255863	0.231156	0.250518	0.235783	0.00215172	0.106076	0.0558264	0.194304	0.00536769	0.0117061	0.349826	0.0903481	0.356804	0.313097	0.397512	0.381954	0.36484	0.380088	0.099019	0.119142	0.0846853	0.0609484	0.0729074	0.0513749	0.0174533	0.0288532	0.0571534	0.169488	0.0830214	0.159544	0.361275	0.131286	0.0932891	0.474955	0.107575	0.330149	0.229947	0.279967	0.475677	0.222709	0.286267	0.196122	0.24591	0.22074	
0.96	0.0393027	0.141817	0.0980174	0.240691	0.0512981	0.0436804	0.342011	0.0930632	0.393235	0.354483	0.351366	0.326778	0.332205	0.347231	0.101028	0.126222	0.118524	0.0506234	0.0388781	0.0453595	0.0144575	0.0239201	0.0439401	0.160942	0.0823517	0.126927	0.302114	0.117835	0.0856831	0.49823	0.108822	0.324731	0.287136	0.258491	0.416858	0.263788	0.255861	0.231023	0.250689	0.235951	0.00304422	0.107108	0.0562938	0.194317	0.00617503	0.012499	0.349603	0.0903476	0.356802	0.313044	0.397381	0.381873	0.365035	0.380338	0.0991559	0.11869	0.0839456	0.0609201	0.0728758	0.0513618	0.0174476	0.0288397	0.0571212	0.169322	0.0831064	0.159875	0.361574	0.131225	0.0932942	0.474937	0.10759	0.329939	0.229871	0.280112	0.475642	0.222453	0.286133	0.195795	0.245586	0.220435	
0.965	0.0388325	0.140797	0.0979449	0.240579	0.0511158	0.0431056	0.342188	0.0929354	0.393022	0.354068	0.351366	0.326813	0.33297	0.348045	0.101026	0.126219	0.118369	0.0506441	0.0396581	0.0458342	0.0144624	0.0239231	0.0445094	0.160186	0.0823093	0.127172	0.302197	0.118134	0.0856353	0.497275	0.108826	0.325092	0.286947	0.258459	0.416924	0.263314	0.255856	0.230836	0.25077	0.236009	0.00394697	0.108152	0.0567825	0.19435	0.00700177	0.0132985	0.349391	0.0903469	0.356799	0.312992	0.397251	0.381792	0.365232	0.380589	0.0994134	0.118201	0.0832275	0.0608921	0.0728361	0.051346	0.017442	0.0288263	0.0570892	0.169122	0.0832092	0.160205	0.361871	0.131149	0.0932902	0.474922	0.107603	0.329735	0.229802	0.28026	0.475607	0.222197	0.286001	0.195479	0.245272	0.220141	
0.97	0.0382313	0.139752	0.0978796	0.240475	0.0507804	0.0424469	0.342397	0.0928214	0.392826	0.353678	0.351363	0.326843	0.333724	0.348855	0.101023	0.126215	0.118282	0.0506567	0.0404302	0.0463054	0.0144643	0.0239223	0.0450761	0.15951	0.0822719	0.127418	0.302278	0.118435	0.0855408	0.495811	0.108831	0.325494	0.286252	0.258426	0.416981	0.262842	0.255849	0.230599	0.25084	0.23601	0.00485483	0.109202	0.0572892	0.194402	0.00784269	0.0141007	0.349189	0.0903461	0.356795	0.31294	0.397123	0.381713	0.36543	0.380841	0.0996041	0.117972	0.0825319	0.0608638	0.0727607	0.0513175	0.0174365	0.028813	0.0570579	0.168896	0.0833165	0.160531	0.362164	0.131054	0.0932832	0.474911	0.107617	0.32961	0.229856	0.280413	0.475573	0.221942	0.285873	0.195174	0.24497	0.219858	
0.975	0.0375334	0.138702	0.0978086	0.240379	0.0503025	0.0417347	0.342639	0.0928127	0.392647	0.353317	0.351357	0.326869	0.334467	0.349656	0.10102	0.12621	0.118227	0.0506763	0.0411899	0.0467703	0.0144686	0.0239211	0.0456367	0.158917	0.0822383	0.127664	0.302356	0.118733	0.0853818	0.494506	0.108837	0.325935	0.285595	0.258393	0.417029	0.262383	0.255841	0.230313	0.25091	0.235985	0.00576293	0.110253	0.0578105	0.194471	0.00869269	0.0149018	0.348997	0.0903453	0.356791	0.312889	0.397	0.381638	0.365633	0.381094	0.0996658	0.117895	0.0818819	0.060834	0.0726365	0.051263	0.0174311	0.0288001	0.0570276	0.16865	0.0834176	0.160851	0.362452	0.130944	0.0932758	0.474905	0.10763	0.329531	0.229994	0.28057	0.475539	0.22169	0.285749	0.194881	0.24468	0.219588	
0.98	0.0367734	0.137664	0.0976677	0.240281	0.0497152	0.040995	0.342916	0.0927874	0.392485	0.352982	0.351349	0.326891	0.335195	0.350275	0.101017	0.126206	0.118189	0.0507037	0.0419335	0.0472262	0.0144741	0.0239269	0.0461879	0.158411	0.082202	0.127905	0.302429	0.119027	0.0851679	0.49339	0.108844	0.326417	0.285076	0.258358	0.417114	0.261943	0.255831	0.229978	0.251046	0.236029	0.00666669	0.1113	0.0583429	0.194556	0.00954693	0.0156984	0.348815	0.0903443	0.356786	0.312839	0.396882	0.381569	0.365839	0.381349	0.0995816	0.117782	0.0814874	0.0607996	0.0724686	0.0511843	0.0174259	0.0287877	0.0569988	0.16839	0.0835031	0.161163	0.362733	0.130825	0.0932655	0.474903	0.107642	0.329448	0.230134	0.280733	0.475545	0.221443	0.285631	0.194602	0.244404	0.219331	
0.985	0.0359818	0.136648	0.0974324	0.240154	0.0490567	0.0402482	0.343226	0.0927772	0.392339	0.352676	0.35134	0.32691	0.335905	0.350604	0.101014	0.126201	0.118164	0.0507268	0.0426571	0.0476707	0.0144785	0.0239372	0.0467264	0.157993	0.0821344	0.12814	0.302498	0.119315	0.0849183	0.492338	0.108852	0.326938	0.284614	0.258324	0.417307	0.261529	0.255821	0.229595	0.251154	0.236067	0.0075618	0.112338	0.0588832	0.194654	0.0104007	0.0164871	0.348644	0.0903433	0.356781	0.31279	0.396771	0.381506	0.36605	0.381606	0.0995767	0.117812	0.0812831	0.0607434	0.0722696	0.0510898	0.0174208	0.0287759	0.0569717	0.168149	0.083566	0.161464	0.363004	0.130702	0.0932515	0.474907	0.107654	0.329462	0.23023	0.280902	0.476272	0.2212	0.285522	0.194337	0.244142	0.219088	
0.99	0.0351831	0.135665	0.0971179	0.239998	0.048361	0.0395089	0.343572	0.0927954	0.392207	0.352396	0.351329	0.326926	0.336605	0.350715	0.10101	0.126196	0.118148	0.0507439	0.0433577	0.0481014	0.0144825	0.0239501	0.0472471	0.157667	0.0820269	0.128368	0.302563	0.119596	0.0846511	0.491355	0.10886	0.327499	0.284199	0.258289	0.417566	0.261143	0.255811	0.229161	0.251194	0.236084	0.00844422	0.113362	0.0594281	0.194764	0.0112496	0.0172651	0.348484	0.0903422	0.356775	0.312742	0.396669	0.38145	0.366266	0.381866	0.0996168	0.117902	0.0811302	0.0606293	0.0720515	0.050988	0.0174157	0.0287647	0.0569467	0.167976	0.0836011	0.161753	0.363264	0.130582	0.0932348	0.474918	0.107666	0.329525	0.230534	0.281078	0.477232	0.220963	0.285421	0.194088	0.243895	0.218859	
0.995	0.0343951	0.13472	0.0967541	0.239827	0.0476557	0.0387873	0.343952	0.0928647	0.39209	0.352144	0.351317	0.326939	0.337233	0.350727	0.101006	0.12619	0.11814	0.0507475	0.0440322	0.0485162	0.0144835	0.0239541	0.0474361	0.157433	0.0818881	0.128585	0.302623	0.119866	0.0843789	0.491086	0.10887	0.3281	0.284183	0.258255	0.417732	0.260786	0.2558	0.228678	0.251168	0.236115	0.00931012	0.11437	0.0599742	0.194884	0.0120893	0.0180293	0.348333	0.0903411	0.356768	0.312695	0.396575	0.381403	0.366488	0.382128	0.0995981	0.117908	0.0809401	0.0604535	0.0718238	0.0508857	0.0174105	0.0287544	0.0569238	0.167878	0.0836041	0.162029	0.363512	0.130466	0.0932117	0.474935	0.107677	0.329562	0.230961	0.28126	0.477932	0.220733	0.28533	0.193854	0.243663	0.218646	
1	0.0336303	0.133817	0.0963689	0.239654	0.0469605	0.0380907	0.344368	0.0928687	0.391986	0.351917	0.351305	0.32695	0.337622	0.350717	0.101002	0.126224	0.118136	0.0507663	0.0446782	0.0489132	0.0144912	0.0239691	0.0474315	0.157293	0.0817319	0.128792	0.302678	0.120125	0.0841097	0.491169	0.108881	0.328742	0.284236	0.258221	0.417875	0.26046	0.25579	0.228144	0.251104	0.236131	0.0101559	0.115355	0.0605183	0.195011	0.0129157	0.0187771	0.348187	0.0903399	0.356761	0.31265	0.396492	0.381365	0.366716	0.382393	0.0996598	0.118105	0.0806842	0.0602308	0.0715941	0.0507886	0.0174051	0.0287449	0.0569033	0.167828	0.0835747	0.16229	0.363747	0.130359	0.0931774	0.474959	0.107688	0.329591	0.231355	0.28145	0.478192	0.22051	0.28525	0.193636	0.243447	0.218449	
1.005	0.0328971	0.132962	0.0959832	0.239488	0.0462892	0.0374241	0.34482	0.0928756	0.391895	0.351716	0.351293	0.326958	0.337768	0.350711	0.100998	0.1263	0.118134	0.0507728	0.0452935	0.0492907	0.0144942	0.0239825	0.0474176	0.157246	0.0815697	0.128986	0.302728	0.120372	0.0838485	0.491157	0.108892	0.329423	0.284114	0.258188	0.418024	0.260165	0.25578	0.227558	0.251023	0.236096	0.0109784	0.116316	0.0610573	0.195144	0.013725	0.0195061	0.348047	0.0903388	0.356753	0.312605	0.396419	0.381337	0.36695	0.382661	0.0998634	0.118589	0.0803681	0.0599789	0.0713684	0.0507012	0.017399	0.0287363	0.0568854	0.167796	0.0835174	0.162534	0.363967	0.130263	0.0931298	0.47499	0.107699	0.329628	0.231635	0.281647	0.478015	0.220296	0.285181	0.193435	0.243247	0.218268	
1.01	0.0322016	0.132156	0.095611	0.239336	0.0456512	0.0367914	0.345306	0.0929092	0.391815	0.351539	0.351281	0.326965	0.337785	0.350707	0.100993	0.126351	0.118135	0.0507652	0.0458762	0.049647	0.0144952	0.0239919	0.0474296	0.157294	0.0814089	0.129168	0.302773	0.120603	0.0835981	0.490879	0.108904	0.330143	0.28383	0.258155	0.418158	0.259899	0.25577	0.226921	0.250955	0.23603	0.0117743	0.117247	0.061588	0.195281	0.0145134	0.0202138	0.347909	0.0903376	0.356744	0.312562	0.396357	0.381318	0.367189	0.38293	0.100001	0.119294	0.0800095	0.059712	0.0711518	0.0506271	0.0173832	0.0287287	0.05687	0.167773	0.083442	0.162763	0.364172	0.130181	0.0930736	0.47503	0.107709	0.329673	0.2318	0.281851	0.47754	0.22009	0.285124	0.19325	0.243062	0.218103	
1.015	0.0315476	0.131402	0.0952617	0.239201	0.0450528	0.0361955	0.345829	0.0928664	0.391747	0.351385	0.351269	0.32697	0.33777	0.350703	0.100989	0.126377	0.118138	0.0507487	0.046425	0.0499808	0.0144954	0.0239991	0.0474457	0.157434	0.0812541	0.129333	0.302814	0.12082	0.0833605	0.490382	0.108917	0.330904	0.283386	0.258122	0.418226	0.259664	0.25576	0.226231	0.250887	0.235933	0.0125409	0.118146	0.0621074	0.19542	0.0152774	0.0208979	0.347775	0.0903364	0.356735	0.31252	0.396306	0.38131	0.367434	0.383203	0.0999907	0.120041	0.0796264	0.0594404	0.0709488	0.0505695	0.0173466	0.0287221	0.0568574	0.167749	0.0833421	0.162974	0.364363	0.130114	0.0930059	0.475076	0.107718	0.329703	0.231882	0.282062	0.476992	0.219893	0.285078	0.193082	0.242894	0.217954	
1.02	0.0309382	0.130702	0.0949418	0.239087	0.0444984	0.0356384	0.346387	0.0927558	0.391689	0.351254	0.351258	0.326973	0.337761	0.350697	0.100984	0.126414	0.118141	0.0507261	0.0469386	0.0502911	0.0144948	0.0240046	0.0474566	0.157667	0.0811073	0.129437	0.30285	0.121019	0.0831364	0.489769	0.10893	0.331705	0.282878	0.25809	0.418204	0.259456	0.255751	0.225489	0.250798	0.235807	0.0132755	0.11901	0.0626127	0.195558	0.0160138	0.0215564	0.347645	0.0903352	0.356726	0.312479	0.396266	0.381313	0.367684	0.383477	0.0999134	0.120713	0.0792335	0.0591717	0.0707631	0.050531	0.01729	0.0287165	0.0568474	0.167722	0.0832203	0.163168	0.364537	0.130065	0.0929183	0.475131	0.107728	0.329702	0.231914	0.28228	0.476538	0.219704	0.285044	0.192931	0.242741	0.217821	
1.025	0.0303754	0.130056	0.0946555	0.238995	0.043991	0.0351219	0.34698	0.0926539	0.391641	0.351142	0.351246	0.326975	0.337758	0.35069	0.100979	0.126469	0.118146	0.050699	0.0474164	0.0505769	0.0144937	0.0240087	0.0474655	0.15799	0.0809696	0.129473	0.302882	0.121201	0.0829262	0.489036	0.108944	0.332546	0.282442	0.258058	0.418099	0.259275	0.255743	0.224694	0.25068	0.235667	0.0139757	0.119835	0.063101	0.195694	0.0167197	0.0221872	0.347517	0.0903341	0.356716	0.31244	0.396237	0.381325	0.36794	0.383753	0.0997757	0.121281	0.078841	0.0589123	0.0705979	0.0505132	0.0172213	0.028712	0.0568401	0.1677	0.0831036	0.163346	0.364697	0.130033	0.0928109	0.475193	0.107737	0.329667	0.231919	0.282504	0.476226	0.219524	0.285021	0.192796	0.242604	0.217704	
1.03	0.0298605	0.129465	0.0944061	0.238928	0.0435329	0.034647	0.347609	0.0925697	0.391602	0.35105	0.351235	0.326975	0.337756	0.350683	0.100974	0.126519	0.118151	0.0506665	0.0478579	0.0508377	0.0144917	0.0240114	0.0474748	0.158402	0.0808412	0.129472	0.30291	0.121365	0.0827298	0.488172	0.108958	0.333428	0.281955	0.258027	0.417928	0.259119	0.255734	0.223848	0.250551	0.235534	0.0146395	0.12062	0.0635698	0.195826	0.0173922	0.0227885	0.347391	0.0903329	0.356705	0.312402	0.396219	0.381347	0.3682	0.384031	0.0995861	0.121731	0.0784553	0.0586674	0.0704555	0.0505174	0.0171493	0.0287084	0.0568354	0.167683	0.0830126	0.163507	0.364843	0.13002	0.0927067	0.475263	0.107745	0.329597	0.23191	0.282733	0.476031	0.219353	0.28501	0.192677	0.242482	0.217601	
1.035	0.0293942	0.128929	0.094196	0.238889	0.0431257	0.0342144	0.348274	0.0925436	0.391571	0.350976	0.351224	0.326974	0.337752	0.350676	0.100994	0.126538	0.118214	0.0506306	0.0482631	0.0510729	0.0144897	0.0240137	0.0474845	0.158899	0.0807217	0.129463	0.302935	0.121509	0.0825467	0.487191	0.109076	0.334349	0.281418	0.257997	0.41771	0.258986	0.255726	0.222954	0.250433	0.235424	0.0152648	0.121362	0.0640166	0.195952	0.0180286	0.0233584	0.347267	0.0904509	0.356695	0.312365	0.396211	0.381378	0.368464	0.38431	0.099367	0.122068	0.07808	0.0584418	0.0703379	0.0505442	0.0170812	0.0287058	0.0568332	0.167647	0.0829479	0.163653	0.364974	0.130026	0.0926238	0.475341	0.107753	0.329497	0.231894	0.282968	0.47591	0.21919	0.285008	0.192573	0.242374	0.217514	
1.04	0.0289768	0.128447	0.0940269	0.238878	0.0427704	0.0338242	0.348975	0.0925487	0.391547	0.350917	0.351213	0.326971	0.337748	0.35067	0.101073	0.126465	0.118434	0.050599	0.0486324	0.0512826	0.0144892	0.024017	0.0474941	0.159479	0.0806101	0.129457	0.302958	0.121635	0.0823762	0.486117	0.109364	0.335311	0.280593	0.257967	0.41744	0.258873	0.255717	0.222013	0.250295	0.235292	0.0158499	0.122058	0.064439	0.196071	0.0186267	0.0238954	0.347144	0.0906979	0.356685	0.312329	0.396212	0.381418	0.368733	0.38459	0.0991419	0.122264	0.0777168	0.058239	0.0702465	0.0505936	0.0170224	0.0287042	0.0568333	0.167564	0.0829024	0.163784	0.365092	0.130051	0.0925637	0.475453	0.107761	0.329375	0.231873	0.283208	0.475835	0.219035	0.285016	0.192484	0.242279	0.21744	
1.045	0.0286079	0.128018	0.0939003	0.238898	0.0424676	0.0334763	0.349713	0.0925192	0.39153	0.350871	0.351201	0.326967	0.337743	0.350663	0.101143	0.126353	0.118699	0.0505748	0.0489662	0.0514669	0.0144898	0.024021	0.0475029	0.160139	0.0805054	0.129455	0.302979	0.12174	0.0822172	0.484967	0.109869	0.336314	0.279592	0.257938	0.417118	0.258777	0.255708	0.221029	0.250162	0.235155	0.0163933	0.122707	0.0648348	0.196181	0.0191842	0.0243977	0.347021	0.0909054	0.356675	0.312294	0.396221	0.381465	0.369004	0.384872	0.0989275	0.122308	0.0773658	0.0580624	0.0701821	0.0506651	0.0169771	0.0287034	0.0568353	0.167423	0.08287	0.163903	0.365199	0.130094	0.0925206	0.475611	0.107769	0.329241	0.231848	0.283453	0.47579	0.218887	0.285033	0.192408	0.242197	0.217379	
1.05	0.0282867	0.12764	0.0938172	0.238951	0.0422175	0.03317	0.350487	0.0925213	0.391519	0.350836	0.351189	0.326961	0.337739	0.350657	0.101168	0.126265	0.118953	0.050557	0.0492657	0.0516262	0.0144911	0.0240251	0.0475106	0.160874	0.080406	0.129455	0.303	0.121827	0.0820686	0.483755	0.110527	0.337357	0.278722	0.25791	0.416754	0.258695	0.255698	0.220004	0.250095	0.235019	0.0168935	0.123307	0.0652021	0.196281	0.0196992	0.0248641	0.346898	0.0910687	0.356665	0.31226	0.396237	0.381519	0.369278	0.385153	0.0987333	0.12222	0.0770263	0.0579145	0.0701451	0.0507575	0.0169485	0.0287035	0.056839	0.167222	0.0828468	0.164009	0.365295	0.130153	0.0924892	0.475809	0.107776	0.329101	0.231821	0.2837	0.475766	0.218745	0.285057	0.192345	0.242127	0.21733	
1.055	0.0280121	0.127312	0.0937786	0.239038	0.0420199	0.0329043	0.351298	0.0925043	0.391512	0.35081	0.351175	0.326953	0.337736	0.350651	0.101154	0.126211	0.119161	0.0505435	0.0495319	0.0517615	0.0144927	0.024029	0.047517	0.161679	0.0803104	0.129456	0.303021	0.121894	0.0819288	0.482486	0.111285	0.33844	0.278069	0.257882	0.41636	0.258623	0.255686	0.218942	0.250125	0.234859	0.0173493	0.123858	0.0655391	0.196369	0.02017	0.025293	0.346773	0.0911895	0.356655	0.312228	0.39626	0.381578	0.369554	0.385434	0.0985634	0.122042	0.0766969	0.0577974	0.0701353	0.0508695	0.0169389	0.0287043	0.0568441	0.167014	0.0828303	0.164106	0.365382	0.130228	0.0924661	0.47603	0.107783	0.328961	0.231791	0.283951	0.47576	0.21861	0.285087	0.192293	0.242069	0.217292	
1.06	0.0277822	0.127031	0.093785	0.239162	0.0418741	0.0326778	0.352147	0.0924944	0.39151	0.350791	0.351159	0.326943	0.337733	0.350645	0.101125	0.126178	0.119331	0.0505331	0.0497666	0.0518736	0.0144942	0.0240324	0.047522	0.162551	0.0802166	0.12946	0.303044	0.121943	0.0817964	0.481163	0.111983	0.339564	0.277602	0.257856	0.415948	0.258557	0.255673	0.217844	0.250203	0.234654	0.0177598	0.124356	0.0658441	0.196444	0.0205949	0.0256833	0.346647	0.0912589	0.356646	0.312196	0.396288	0.381642	0.369831	0.385715	0.0984189	0.121817	0.0763761	0.0577126	0.0701521	0.0509992	0.0169502	0.0287057	0.0568503	0.166847	0.0828183	0.164193	0.365461	0.130317	0.0924491	0.476257	0.107789	0.328822	0.231758	0.284203	0.475766	0.218479	0.285123	0.192253	0.24202	0.217265	
1.065	0.027595	0.126793	0.0938367	0.239325	0.0417792	0.0324887	0.353033	0.0924774	0.39151	0.350774	0.35114	0.326931	0.337731	0.35064	0.101091	0.126157	0.119431	0.0505248	0.0499716	0.051964	0.0144956	0.0240352	0.0475256	0.163484	0.0801229	0.129467	0.30307	0.121975	0.0816697	0.479785	0.112494	0.340727	0.277284	0.257831	0.415539	0.258492	0.255658	0.21671	0.250244	0.234372	0.0181241	0.124802	0.0661159	0.196505	0.0209728	0.026034	0.34652	0.0912994	0.356638	0.312165	0.39632	0.38171	0.370108	0.385995	0.0982996	0.121577	0.0760621	0.0576611	0.0701946	0.0511443	0.0169836	0.0287076	0.0568572	0.166732	0.0828096	0.164274	0.365533	0.130419	0.0924365	0.476516	0.107795	0.328685	0.231722	0.284456	0.47578	0.218354	0.285162	0.192222	0.24198	0.217247	
1.07	0.0274481	0.126596	0.0939339	0.239527	0.0417338	0.032335	0.353958	0.0924418	0.391513	0.350759	0.351119	0.326916	0.337729	0.350634	0.101067	0.126144	0.119477	0.0505178	0.050149	0.0520344	0.0144967	0.0240373	0.0475278	0.164473	0.0800272	0.129478	0.3031	0.121989	0.0815468	0.478352	0.112801	0.341928	0.27708	0.257808	0.415153	0.258426	0.25564	0.215539	0.250233	0.233994	0.0184419	0.125195	0.0663533	0.196552	0.0213027	0.0263441	0.34639	0.0913075	0.35663	0.312136	0.396355	0.38178	0.370384	0.386273	0.0982043	0.121344	0.0757531	0.0576433	0.0702615	0.0513025	0.01704	0.0287101	0.0568647	0.166657	0.082803	0.16435	0.365601	0.13053	0.0924268	0.476815	0.107801	0.328551	0.231683	0.28471	0.475799	0.218231	0.285205	0.1922	0.241948	0.217237	
1.075	0.0273385	0.126436	0.0940765	0.239771	0.0417362	0.0322144	0.354924	0.0924281	0.391516	0.35074	0.351093	0.326899	0.337728	0.350629	0.101076	0.126139	0.119493	0.0505118	0.0503011	0.0520866	0.0144976	0.0240389	0.0475287	0.165511	0.0799275	0.129492	0.303136	0.121988	0.081426	0.476863	0.112956	0.343168	0.276958	0.257787	0.414792	0.258352	0.255618	0.214333	0.250187	0.233522	0.0187127	0.125535	0.0665555	0.196583	0.021584	0.0266131	0.346258	0.0912905	0.356624	0.312108	0.396391	0.381851	0.370659	0.386549	0.0981318	0.121127	0.0754473	0.0576593	0.0703511	0.0513873	0.0171194	0.028713	0.0568727	0.166609	0.0827979	0.164421	0.365666	0.130649	0.0924192	0.477144	0.107807	0.328421	0.231642	0.284962	0.475821	0.218112	0.285249	0.192186	0.241923	0.217235	
1.08	0.0272632	0.126308	0.0942638	0.240056	0.0417845	0.0321243	0.355692	0.09241	0.391519	0.350717	0.351063	0.326878	0.337727	0.350624	0.101136	0.126137	0.119422	0.0505065	0.0504306	0.0521229	0.0144982	0.0240398	0.0475284	0.166592	0.0798218	0.129509	0.303178	0.121972	0.0813055	0.475317	0.113021	0.344444	0.276888	0.257769	0.414444	0.258265	0.255592	0.213092	0.250161	0.232964	0.0189366	0.125821	0.0667222	0.196599	0.0218163	0.0268406	0.346124	0.0912683	0.356619	0.312081	0.396427	0.381922	0.370931	0.386822	0.0980801	0.120933	0.0751434	0.0577085	0.0704615	0.0514055	0.0172218	0.0287162	0.0568811	0.166578	0.0827935	0.164491	0.365728	0.130775	0.0924128	0.477487	0.107812	0.328295	0.231598	0.285213	0.475844	0.217996	0.285293	0.192179	0.241905	0.217239	
1.085	0.0272188	0.126209	0.0944953	0.240368	0.0418761	0.0320621	0.356077	0.092497	0.391522	0.350685	0.351027	0.326854	0.337727	0.350619	0.101248	0.126138	0.119341	0.0505017	0.0505402	0.0521457	0.0144986	0.0240403	0.0475271	0.167711	0.0797081	0.12953	0.303229	0.121945	0.0811834	0.473715	0.113039	0.345754	0.276851	0.257753	0.414097	0.258163	0.255562	0.211819	0.250139	0.232341	0.0191139	0.126054	0.0668531	0.196599	0.0219997	0.0270265	0.345987	0.0912376	0.356616	0.312055	0.396463	0.381992	0.371199	0.38709	0.0980475	0.120762	0.07484	0.0577902	0.0705906	0.0514315	0.0173465	0.0287197	0.0568897	0.166558	0.0827898	0.164561	0.36579	0.130903	0.0924071	0.477829	0.107816	0.328173	0.231552	0.285461	0.475866	0.217882	0.285337	0.192178	0.241893	0.217249	
1.09	0.027202	0.126135	0.0947698	0.240565	0.0420087	0.0320249	0.356197	0.0926499	0.391523	0.350643	0.350985	0.326826	0.337727	0.350614	0.101434	0.12614	0.119304	0.0504973	0.0506327	0.0521575	0.0144988	0.0240402	0.047525	0.16886	0.0795847	0.129554	0.303289	0.121906	0.0810582	0.472063	0.113002	0.347096	0.276833	0.257741	0.413745	0.258039	0.255527	0.210518	0.250068	0.23166	0.0192455	0.126235	0.0669485	0.196584	0.0221348	0.027171	0.345848	0.0912121	0.356616	0.31203	0.396498	0.382061	0.371463	0.387355	0.0980317	0.120615	0.0745361	0.057903	0.0707361	0.0514623	0.0174121	0.0287234	0.0568985	0.166544	0.0827864	0.164631	0.365853	0.131033	0.0924019	0.47817	0.107821	0.328056	0.231504	0.285705	0.475886	0.217769	0.285379	0.192182	0.241886	0.217264	
1.095	0.0272091	0.126081	0.0950859	0.240631	0.0421793	0.03201	0.356231	0.0927334	0.391521	0.350587	0.350937	0.326794	0.337727	0.35054	0.101656	0.126143	0.119135	0.0504963	0.050711	0.0521609	0.0144991	0.0240399	0.0475222	0.170033	0.07945	0.129582	0.303359	0.121858	0.0809281	0.470364	0.11261	0.348468	0.277384	0.257734	0.41347	0.25789	0.255487	0.209197	0.249892	0.230902	0.0193324	0.126364	0.0670093	0.196553	0.0222225	0.0272749	0.345707	0.0911969	0.356617	0.312006	0.39653	0.382126	0.37172	0.387613	0.0980306	0.12049	0.0742312	0.058045	0.0708955	0.0514847	0.0174163	0.0287274	0.0569074	0.166533	0.0827831	0.164703	0.365917	0.131164	0.0923969	0.478508	0.107825	0.327943	0.231454	0.285944	0.475904	0.217657	0.285419	0.192191	0.241883	0.217283	
1.1	0.0272367	0.126044	0.0954417	0.240643	0.0423847	0.0320144	0.356264	0.0930455	0.391516	0.350515	0.350882	0.326757	0.337727	0.350445	0.101907	0.126147	0.118855	0.0505015	0.050778	0.0521588	0.0144999	0.02404	0.0475191	0.171223	0.0793027	0.129613	0.303441	0.121804	0.0807919	0.468627	0.112053	0.349864	0.278288	0.257731	0.413259	0.257713	0.255441	0.207861	0.24958	0.230054	0.0193764	0.126445	0.0670365	0.196508	0.0222646	0.0273392	0.345564	0.0911911	0.356619	0.311983	0.396558	0.382187	0.371971	0.387865	0.0980419	0.120386	0.0739249	0.0582142	0.0710661	0.0514973	0.0174154	0.0287315	0.0569163	0.166524	0.0827801	0.164779	0.365984	0.13128	0.0923921	0.47883	0.107829	0.327836	0.231403	0.286177	0.475921	0.217547	0.285455	0.192205	0.241884	0.217307	
1.105	0.0272811	0.126019	0.0958348	0.240655	0.0426218	0.0320354	0.356305	0.0936088	0.391508	0.350427	0.35082	0.326717	0.337727	0.350407	0.102162	0.126151	0.118618	0.0505194	0.0508366	0.0521538	0.0145024	0.0240416	0.047517	0.172423	0.0791419	0.129648	0.303535	0.121744	0.0806486	0.466858	0.111489	0.351282	0.279002	0.257733	0.413088	0.257504	0.255389	0.206518	0.249103	0.229117	0.0193795	0.126479	0.067032	0.196449	0.0222632	0.0273657	0.345419	0.0912096	0.356623	0.31196	0.396583	0.382244	0.372214	0.388109	0.0980633	0.120302	0.0736175	0.058408	0.0712454	0.0514973	0.017418	0.0287357	0.056925	0.166515	0.0827771	0.164859	0.366054	0.131358	0.0923873	0.479115	0.107832	0.327733	0.231351	0.286403	0.475934	0.217437	0.285487	0.192223	0.241889	0.217335	
1.11	0.0273389	0.126002	0.0962625	0.240674	0.0428868	0.0320703	0.356339	0.0942417	0.391496	0.350319	0.35075	0.326672	0.337727	0.350402	0.102427	0.126155	0.118477	0.0505461	0.0508894	0.0521487	0.0145058	0.0240444	0.0475161	0.173627	0.0789668	0.129688	0.303642	0.121682	0.0804972	0.465065	0.110845	0.352706	0.279392	0.257741	0.412928	0.257261	0.255331	0.205174	0.248461	0.228106	0.0193449	0.12647	0.0669981	0.196378	0.0222214	0.0273565	0.345274	0.0912432	0.356628	0.311939	0.396603	0.382296	0.372446	0.388344	0.0980922	0.120234	0.0733096	0.0586234	0.0714303	0.0514892	0.01742	0.02874	0.0569336	0.166506	0.0827743	0.164943	0.366127	0.131396	0.0923826	0.479354	0.107835	0.327636	0.231299	0.28662	0.475946	0.217328	0.285514	0.192246	0.241899	0.217368	
1.115	0.0274069	0.125991	0.0967214	0.240693	0.0431759	0.0321164	0.356363	0.0945857	0.39148	0.350193	0.350673	0.326623	0.337727	0.35041	0.102629	0.12616	0.118402	0.0505769	0.0509391	0.052146	0.014511	0.024051	0.0475226	0.174827	0.0787773	0.129732	0.303763	0.121619	0.0803373	0.463257	0.110414	0.353611	0.279199	0.257754	0.412826	0.256983	0.255267	0.203837	0.247667	0.227034	0.0192758	0.126422	0.0669378	0.196297	0.0221428	0.0273144	0.345127	0.0912901	0.356632	0.311918	0.396617	0.382341	0.372669	0.38857	0.0981263	0.120182	0.073002	0.0588569	0.0716181	0.0514786	0.0174215	0.0287442	0.0569418	0.166496	0.0827716	0.165033	0.366205	0.131406	0.092378	0.47956	0.107837	0.327543	0.231247	0.286829	0.475954	0.21722	0.285536	0.192273	0.241913	0.217404	
1.12	0.0274818	0.125983	0.0972075	0.240707	0.0434851	0.0321711	0.356378	0.0947818	0.39146	0.350047	0.350588	0.326569	0.337726	0.350425	0.102856	0.126203	0.118361	0.0506017	0.0509881	0.0521481	0.0145137	0.0240536	0.0475252	0.176017	0.0785739	0.129781	0.303897	0.121558	0.0801688	0.461443	0.110054	0.353959	0.279322	0.257772	0.412714	0.256669	0.255198	0.202514	0.246793	0.225916	0.0191767	0.126339	0.0668546	0.196208	0.0220321	0.0272431	0.344981	0.0913442	0.356636	0.311897	0.396626	0.382381	0.372879	0.388784	0.0981631	0.120142	0.0726962	0.0591049	0.0718058	0.0514647	0.017423	0.0287484	0.0569496	0.166486	0.0827692	0.165128	0.366288	0.131405	0.0923735	0.47975	0.107839	0.327455	0.231196	0.287027	0.475961	0.217114	0.285552	0.192305	0.241931	0.217445	
1.125	0.0275606	0.125973	0.0977165	0.240719	0.0438101	0.0322321	0.356388	0.0949845	0.391437	0.349882	0.350495	0.326511	0.337724	0.350445	0.10306	0.126222	0.118339	0.0506258	0.0510383	0.0521572	0.0145166	0.0240548	0.0475231	0.177189	0.0783572	0.129836	0.304045	0.121499	0.079992	0.459633	0.109721	0.354341	0.279515	0.257794	0.41256	0.25632	0.255123	0.201212	0.245861	0.224781	0.0190524	0.126227	0.0667526	0.196112	0.0218945	0.0271466	0.344834	0.0913969	0.35664	0.311878	0.39663	0.382414	0.373077	0.388986	0.0981999	0.120111	0.0723938	0.059363	0.0719903	0.0514476	0.0174244	0.0287524	0.0569567	0.166476	0.0827669	0.165229	0.366374	0.1314	0.0923693	0.479918	0.107841	0.327372	0.231145	0.287213	0.475964	0.217009	0.285562	0.192342	0.241954	0.217491	
1.13	0.0276405	0.125961	0.0979436	0.240728	0.0441464	0.0322972	0.356394	0.0951318	0.39141	0.3497	0.350396	0.32645	0.337722	0.350468	0.103237	0.126252	0.118329	0.0506467	0.0510917	0.0521751	0.0145187	0.0240557	0.0475204	0.178337	0.0781287	0.129895	0.304207	0.121446	0.0798076	0.457837	0.109478	0.355027	0.279217	0.257818	0.412377	0.255938	0.255043	0.199936	0.244875	0.223651	0.0189087	0.126093	0.0666366	0.196014	0.0217362	0.0270299	0.344688	0.0914378	0.356643	0.311859	0.396627	0.38244	0.373261	0.389175	0.0982342	0.120088	0.0720964	0.0596268	0.0721685	0.0514312	0.0174257	0.0287562	0.056963	0.166465	0.082765	0.165335	0.366465	0.131393	0.0923654	0.480061	0.107842	0.327293	0.231096	0.287387	0.475965	0.216907	0.285566	0.192386	0.241983	0.217544	
1.135	0.027719	0.125945	0.0979521	0.240734	0.0444894	0.0323641	0.356396	0.0951242	0.391381	0.349503	0.350291	0.326385	0.337718	0.350496	0.103363	0.126253	0.118325	0.0506566	0.0511496	0.0522033	0.0145184	0.0240547	0.047518	0.17916	0.0778903	0.12996	0.304379	0.121399	0.0796167	0.456066	0.109334	0.355948	0.27862	0.257843	0.412172	0.255527	0.254959	0.198693	0.243844	0.222535	0.018752	0.125943	0.0665119	0.195914	0.0215639	0.0268983	0.344543	0.0914686	0.356647	0.311842	0.396619	0.382458	0.373428	0.389349	0.0982634	0.120068	0.0718061	0.0598914	0.0723373	0.0514176	0.0174269	0.0287597	0.0569683	0.166455	0.0827635	0.165446	0.36656	0.131384	0.0923621	0.480201	0.107843	0.327217	0.231049	0.287548	0.475964	0.216807	0.285563	0.192437	0.242019	0.217603	
1.14	0.0277937	0.125922	0.0979355	0.240738	0.0448342	0.032431	0.356392	0.0950393	0.391351	0.349292	0.350182	0.326318	0.337713	0.350526	0.103452	0.126231	0.118323	0.0506537	0.0512132	0.0522431	0.014516	0.024052	0.0475155	0.179307	0.0776444	0.130029	0.304561	0.121359	0.0794208	0.454331	0.109256	0.356807	0.27805	0.257868	0.41195	0.255089	0.254871	0.19749	0.242792	0.221438	0.0185891	0.125785	0.066384	0.195818	0.0213852	0.0267579	0.344399	0.0914562	0.356651	0.311825	0.396605	0.382469	0.37358	0.389506	0.0982847	0.120049	0.0715246	0.0601517	0.0724935	0.0514067	0.0174278	0.0287627	0.0569725	0.166446	0.0827625	0.165562	0.366658	0.131373	0.0923597	0.480353	0.107844	0.327143	0.231004	0.287695	0.47596	0.216711	0.285555	0.192496	0.242062	0.217669	
1.145	0.0278624	0.125892	0.0979377	0.240738	0.0451758	0.0324959	0.356382	0.0949262	0.39132	0.349073	0.350068	0.32625	0.337705	0.350558	0.103476	0.126209	0.118321	0.0506384	0.0512833	0.052295	0.0145119	0.0240476	0.0475123	0.179246	0.0773938	0.130102	0.30475	0.121329	0.0792217	0.45265	0.109215	0.357491	0.278	0.257891	0.411718	0.254631	0.254782	0.196334	0.241764	0.2204	0.0184277	0.125629	0.066259	0.195726	0.0212081	0.0266153	0.344257	0.0914111	0.356655	0.31181	0.396585	0.382473	0.373713	0.389646	0.0982956	0.120027	0.0712538	0.0604023	0.072634	0.0513977	0.0174286	0.0287653	0.0569752	0.166438	0.0827621	0.165681	0.366758	0.131359	0.0923583	0.480517	0.107845	0.327071	0.23096	0.287827	0.475954	0.21662	0.28554	0.192565	0.242114	0.217745	
1.15	0.0279233	0.125853	0.0979403	0.240735	0.045509	0.0325572	0.356365	0.0948127	0.391289	0.348847	0.349952	0.32618	0.337696	0.350591	0.103414	0.12627	0.118318	0.0506132	0.0513601	0.0523505	0.0145067	0.0240422	0.0475086	0.179226	0.0771418	0.130178	0.304945	0.121308	0.0790216	0.451034	0.109193	0.357977	0.278509	0.257911	0.41146	0.254159	0.254692	0.19523	0.24078	0.219429	0.0182756	0.125482	0.0661433	0.195644	0.0210412	0.0264775	0.344115	0.0913231	0.356659	0.311796	0.396559	0.38247	0.373827	0.389768	0.0982932	0.119997	0.0709951	0.0606376	0.0727555	0.0513897	0.0174291	0.0287671	0.0569764	0.166431	0.0827622	0.165804	0.36686	0.131343	0.0923581	0.480683	0.107845	0.327	0.230918	0.287942	0.475945	0.216534	0.285519	0.192644	0.242176	0.217831	
1.155	0.0279745	0.125805	0.0979377	0.240729	0.0458288	0.0326132	0.35636	0.0946875	0.391261	0.34862	0.349836	0.326111	0.337683	0.350624	0.10316	0.126566	0.118314	0.0505819	0.0514439	0.0523749	0.0145015	0.0240369	0.0475058	0.179229	0.0768921	0.130256	0.305142	0.121298	0.0788229	0.44949	0.109285	0.358286	0.279353	0.257929	0.411159	0.253679	0.254602	0.194188	0.239843	0.218511	0.0181412	0.125354	0.0660435	0.195573	0.0208932	0.0263518	0.343975	0.0911788	0.356663	0.311784	0.396528	0.382459	0.373922	0.389869	0.0982751	0.119957	0.07075	0.0608084	0.0728443	0.0513823	0.0174293	0.0287683	0.0569757	0.166489	0.082763	0.165928	0.366963	0.131323	0.0923594	0.480845	0.107845	0.326927	0.230877	0.28804	0.475933	0.216455	0.285493	0.192734	0.242249	0.217927	
1.16	0.0280144	0.125748	0.0979331	0.240718	0.0461298	0.0326623	0.356572	0.0945613	0.391235	0.348396	0.34972	0.326043	0.337668	0.350656	0.102771	0.126888	0.118391	0.0505528	0.0515345	0.0523781	0.0144978	0.0240331	0.0475048	0.179222	0.0766487	0.130333	0.305341	0.121299	0.0786284	0.448029	0.109556	0.358436	0.280199	0.257943	0.410814	0.253199	0.254515	0.193212	0.238954	0.217641	0.0180329	0.125254	0.065966	0.195518	0.0207731	0.0262456	0.343837	0.0909904	0.356667	0.311773	0.396492	0.382441	0.373994	0.389948	0.0982933	0.119903	0.0705194	0.0608473	0.0728726	0.0513747	0.0174291	0.0287686	0.0569731	0.166645	0.0827644	0.166057	0.367065	0.131298	0.0924155	0.481005	0.107845	0.326852	0.230838	0.28812	0.475919	0.216384	0.28546	0.192838	0.242333	0.218037	
1.165	0.0280415	0.125682	0.0979276	0.240704	0.0464067	0.0327029	0.357019	0.0944557	0.391213	0.34818	0.349607	0.325976	0.337649	0.350688	0.102319	0.126997	0.118575	0.0505302	0.0516316	0.0523787	0.0144955	0.0240311	0.0475057	0.179207	0.0764156	0.13041	0.305538	0.121311	0.0784409	0.446663	0.109821	0.358492	0.280869	0.257953	0.410441	0.252727	0.254431	0.192307	0.238123	0.216826	0.0179591	0.125192	0.0659174	0.19548	0.0206899	0.0261664	0.343699	0.0908013	0.356672	0.311763	0.396451	0.382416	0.374045	0.390005	0.0983658	0.11986	0.0703043	0.0608313	0.072863	0.0513663	0.0174286	0.0287679	0.0569682	0.166824	0.0828297	0.166167	0.367166	0.131269	0.0925155	0.48117	0.107845	0.326773	0.230799	0.288181	0.475902	0.216321	0.285423	0.192956	0.242432	0.218159	
1.17	0.0280544	0.125606	0.097921	0.240685	0.0466545	0.0327336	0.357653	0.0943501	0.391196	0.347974	0.349499	0.325913	0.337626	0.350717	0.101897	0.126859	0.118807	0.0505136	0.0517346	0.0523815	0.0144943	0.0240303	0.0475081	0.179192	0.076197	0.130483	0.305733	0.121334	0.0782632	0.445404	0.110016	0.358503	0.281325	0.257959	0.410049	0.252272	0.254353	0.19148	0.237359	0.216072	0.017928	0.125177	0.0659041	0.195464	0.0206523	0.0261215	0.343563	0.0906502	0.356678	0.311756	0.396406	0.382385	0.374072	0.390037	0.0984489	0.120212	0.0701182	0.0608164	0.0728423	0.0513564	0.0174276	0.0287662	0.056961	0.166946	0.0829336	0.166235	0.367265	0.131233	0.0926053	0.481345	0.10811	0.32669	0.230761	0.288222	0.475882	0.216268	0.285381	0.193089	0.242544	0.218296	
1.175	0.0280518	0.12552	0.0979724	0.240705	0.0468682	0.032753	0.358123	0.0943674	0.391184	0.347784	0.349397	0.325853	0.337599	0.350743	0.101548	0.126621	0.119137	0.0505017	0.0518431	0.0523845	0.0144936	0.0240303	0.0475116	0.17926	0.0759972	0.130552	0.305921	0.121368	0.0780982	0.444262	0.110317	0.358138	0.282161	0.257961	0.409641	0.25184	0.25428	0.190732	0.236664	0.215386	0.0179474	0.125217	0.0659321	0.195471	0.0206686	0.026118	0.343428	0.0905452	0.356684	0.31175	0.396356	0.382346	0.374075	0.390044	0.0984913	0.120776	0.0701793	0.0608062	0.0728155	0.0513432	0.0174261	0.0287633	0.0569512	0.166992	0.0830323	0.166263	0.367359	0.131185	0.0926643	0.481535	0.108559	0.326678	0.231005	0.288242	0.476573	0.216227	0.285334	0.193239	0.242671	0.218449	
1.18	0.0280327	0.125425	0.0981149	0.240819	0.0470431	0.0327597	0.358126	0.0945209	0.391179	0.347614	0.349304	0.325798	0.337567	0.350765	0.1013	0.126426	0.119543	0.0504935	0.0519565	0.0523867	0.0144934	0.0240309	0.0475161	0.179467	0.0758199	0.130616	0.306099	0.121413	0.0779486	0.443246	0.110868	0.357414	0.28335	0.257959	0.409227	0.251439	0.254215	0.190068	0.236042	0.214772	0.0180244	0.125321	0.066007	0.195505	0.0207465	0.0261623	0.343293	0.0904741	0.35669	0.311746	0.396304	0.382301	0.374051	0.390025	0.0985394	0.121282	0.0704258	0.0607915	0.0727632	0.0513131	0.017424	0.0287592	0.0569389	0.166996	0.0831146	0.166269	0.367449	0.131118	0.0927046	0.481744	0.108867	0.3267	0.231416	0.288242	0.477889	0.216198	0.285282	0.193406	0.242815	0.218618	
1.185	0.0279963	0.125321	0.0983176	0.241013	0.0471752	0.0327526	0.357742	0.0947324	0.39118	0.347465	0.349219	0.325748	0.337531	0.350781	0.101149	0.126306	0.119942	0.0504883	0.0520742	0.0523883	0.0144936	0.024032	0.0475214	0.17977	0.075669	0.130672	0.306265	0.121468	0.0778169	0.442361	0.111486	0.356572	0.284618	0.257953	0.408836	0.251075	0.254157	0.189489	0.235497	0.214234	0.0181654	0.125495	0.066134	0.195567	0.0208929	0.0262601	0.34316	0.0904239	0.356698	0.311744	0.396248	0.38225	0.374002	0.389978	0.0985616	0.121594	0.0707189	0.0607649	0.0726738	0.0512542	0.0174213	0.0287538	0.0569238	0.167006	0.0831819	0.166266	0.367533	0.13103	0.0927393	0.481975	0.109003	0.326704	0.231807	0.288219	0.479418	0.216182	0.285227	0.193591	0.242976	0.218805	
1.19	0.0279418	0.125207	0.0985312	0.241229	0.047261	0.0327306	0.357224	0.0947725	0.391188	0.34734	0.349145	0.325704	0.33749	0.350792	0.101063	0.126234	0.120125	0.0504855	0.0521959	0.0523897	0.0144939	0.0240336	0.0475274	0.180093	0.0755477	0.130721	0.306415	0.121534	0.0777054	0.441613	0.111962	0.355779	0.285747	0.257943	0.408505	0.250755	0.254108	0.188995	0.235031	0.213775	0.0183755	0.125746	0.0663174	0.195661	0.0211133	0.0264161	0.343028	0.0903868	0.356706	0.311744	0.39619	0.382193	0.373925	0.389903	0.0985158	0.121693	0.0711023	0.0606983	0.0725436	0.0511633	0.0174178	0.0287472	0.0569061	0.167042	0.0832317	0.166261	0.36761	0.130921	0.0927697	0.48223	0.108975	0.326733	0.232199	0.288174	0.480632	0.21618	0.285168	0.193793	0.243154	0.219009	
1.195	0.0278689	0.125085	0.0987168	0.241415	0.0472975	0.032693	0.356745	0.0947238	0.391202	0.347241	0.349081	0.325665	0.337444	0.350797	0.101011	0.126184	0.120154	0.0504843	0.0523211	0.0523909	0.0144945	0.0240355	0.0475342	0.180377	0.0754586	0.130761	0.306546	0.121609	0.0776159	0.441084	0.112254	0.355085	0.286649	0.257928	0.408262	0.250483	0.254068	0.188587	0.234643	0.213397	0.0186587	0.126077	0.0665609	0.195788	0.0214124	0.026634	0.342898	0.0903589	0.356715	0.311746	0.396129	0.382131	0.373823	0.389799	0.0986048	0.12162	0.0715466	0.0605745	0.0723718	0.0510416	0.0174134	0.0287393	0.0568857	0.167094	0.0832552	0.166255	0.367678	0.130793	0.0927863	0.48251	0.108792	0.326761	0.232548	0.288106	0.48132	0.216194	0.285106	0.194015	0.243349	0.21923	
1.2	0.0277775	0.124955	0.0988497	0.241537	0.047283	0.0326393	0.356352	0.0946019	0.391222	0.34717	0.349029	0.325632	0.337393	0.350794	0.100977	0.126148	0.120094	0.0504843	0.0524495	0.0523919	0.0144952	0.0240378	0.0475417	0.180585	0.0754038	0.130793	0.306656	0.121694	0.0775499	0.44088	0.112419	0.354493	0.287313	0.257908	0.408114	0.250263	0.254036	0.188263	0.234333	0.213097	0.0190176	0.126493	0.066867	0.19595	0.0217931	0.0269163	0.342771	0.0905641	0.356724	0.31175	0.396066	0.382063	0.373693	0.389667	0.0987527	0.121575	0.0719917	0.0603874	0.0721587	0.0508915	0.0174076	0.0287301	0.0568627	0.167133	0.0832362	0.166248	0.367738	0.130646	0.0927724	0.482816	0.108542	0.32675	0.232807	0.288016	0.481431	0.216223	0.285041	0.194255	0.243562	0.21947	
1.205	0.0276677	0.124818	0.0989162	0.24158	0.0472165	0.0325692	0.356035	0.0943879	0.391248	0.347126	0.348988	0.325606	0.337337	0.350784	0.100954	0.126122	0.119985	0.050485	0.0525812	0.0523927	0.0144961	0.0240404	0.0475499	0.180692	0.0753845	0.130815	0.306743	0.121787	0.0775081	0.440894	0.112519	0.354001	0.287764	0.257883	0.408046	0.250096	0.254013	0.188021	0.234099	0.212875	0.019453	0.127055	0.0672376	0.196147	0.022257	0.0272639	0.342647	0.0911133	0.356734	0.311757	0.396001	0.381991	0.373536	0.389505	0.0988282	0.1217	0.0723867	0.0601364	0.0719048	0.0507155	0.0173991	0.0287197	0.0568367	0.167086	0.0831669	0.16624	0.367788	0.130483	0.0927188	0.483147	0.108315	0.326688	0.232965	0.287902	0.480845	0.216268	0.284974	0.194513	0.243793	0.219727	
1.21	0.0275401	0.124673	0.0989085	0.241536	0.0470983	0.032483	0.355773	0.0940515	0.39128	0.347109	0.348957	0.325586	0.337275	0.350768	0.100938	0.1261	0.119834	0.0504862	0.0527159	0.0523933	0.0144972	0.0240435	0.0475588	0.180684	0.0754014	0.130829	0.306807	0.121888	0.0774911	0.441005	0.112589	0.353603	0.288028	0.257852	0.408037	0.249984	0.253998	0.187858	0.233937	0.212726	0.0199643	0.127303	0.0676731	0.196382	0.0228038	0.0276764	0.342529	0.09164	0.356745	0.311766	0.395936	0.381913	0.373353	0.389315	0.0987687	0.121949	0.0727105	0.0598225	0.0716112	0.0505156	0.0173583	0.028711	0.0568067	0.166977	0.0830774	0.16623	0.367829	0.130304	0.0926493	0.483503	0.108149	0.326581	0.233043	0.287766	0.479666	0.216329	0.284904	0.194788	0.24404	0.220001	
1.215	0.0273957	0.124523	0.0988227	0.241404	0.0469296	0.0323811	0.355547	0.0936316	0.391318	0.347119	0.348937	0.325571	0.337208	0.350744	0.100926	0.126081	0.119718	0.0504877	0.0528537	0.0523938	0.0144985	0.0240468	0.0475684	0.180548	0.075454	0.130833	0.306847	0.121997	0.0774984	0.441204	0.112645	0.353286	0.287977	0.257816	0.408072	0.249926	0.253991	0.187768	0.233845	0.212648	0.0205492	0.127301	0.0681729	0.196654	0.0234318	0.0281519	0.342416	0.0921	0.356756	0.311777	0.395869	0.381832	0.373145	0.389098	0.098656	0.1222	0.0729679	0.0594478	0.0712795	0.0502943	0.0172566	0.0287036	0.056774	0.166873	0.0829993	0.16622	0.367859	0.13011	0.0925885	0.483883	0.108037	0.326442	0.233071	0.287609	0.478393	0.216407	0.284832	0.19508	0.244304	0.220291	
1.22	0.0272357	0.124368	0.0986589	0.241192	0.0467131	0.0322646	0.355769	0.0932107	0.39136	0.347155	0.348926	0.325561	0.337135	0.350714	0.100915	0.126061	0.119675	0.0504893	0.0529948	0.0523942	0.0145	0.0240505	0.0475785	0.180282	0.0755411	0.13083	0.306864	0.122113	0.0775294	0.441509	0.11269	0.353024	0.28735	0.257773	0.408142	0.249921	0.25399	0.187746	0.233816	0.212635	0.0212036	0.127266	0.0687351	0.196964	0.024137	0.028687	0.342311	0.0925237	0.356768	0.31179	0.395801	0.381746	0.372912	0.388854	0.0988933	0.122362	0.073178	0.0590151	0.0709122	0.050054	0.0170852	0.0286945	0.0567212	0.166804	0.0829417	0.166209	0.36788	0.129905	0.0925434	0.484283	0.107964	0.326284	0.233072	0.287431	0.477374	0.2165	0.284758	0.195388	0.244583	0.220597	
1.225	0.0270619	0.12421	0.0984474	0.240943	0.0464523	0.0321347	0.356241	0.093034	0.391407	0.347215	0.348924	0.325556	0.337052	0.350678	0.100984	0.126187	0.119624	0.0504911	0.053139	0.0523945	0.0145016	0.0240545	0.0475893	0.179942	0.0756607	0.130818	0.306858	0.122235	0.0775826	0.441896	0.112568	0.352921	0.28607	0.257723	0.408242	0.249966	0.253996	0.187786	0.233846	0.212681	0.021922	0.127262	0.0693566	0.197311	0.0249143	0.029277	0.342215	0.092914	0.356781	0.311806	0.395732	0.381657	0.372656	0.388586	0.0994923	0.122366	0.0733639	0.0585284	0.0705122	0.0497974	0.0168485	0.0286853	0.0566117	0.166767	0.0829007	0.166198	0.367891	0.129689	0.0925109	0.484704	0.107917	0.326116	0.233065	0.287233	0.476681	0.216608	0.284683	0.19571	0.244877	0.220917	
1.23	0.0268761	0.12405	0.0982449	0.240709	0.046152	0.031993	0.356662	0.0930476	0.391458	0.347298	0.34893	0.325556	0.336958	0.350637	0.101056	0.126309	0.119465	0.0504928	0.0532865	0.0523947	0.0145034	0.0240587	0.0476006	0.179631	0.0758098	0.1308	0.306833	0.122362	0.0776561	0.442338	0.112188	0.352919	0.284414	0.257664	0.408367	0.250056	0.254006	0.187881	0.233926	0.212779	0.0226971	0.127268	0.0700329	0.197693	0.0257564	0.0299157	0.342129	0.0932536	0.356794	0.311824	0.395663	0.381565	0.37238	0.388295	0.100395	0.122195	0.0735465	0.0579926	0.0700834	0.0495275	0.016555	0.0286665	0.0564355	0.166754	0.0828716	0.166186	0.367893	0.129465	0.0924877	0.485167	0.107889	0.325942	0.233058	0.287018	0.476241	0.21673	0.284606	0.196045	0.245182	0.221249	
1.235	0.0266805	0.123888	0.0980909	0.240509	0.0458177	0.0318416	0.356854	0.0930275	0.391513	0.3474	0.348942	0.325558	0.336842	0.350593	0.101161	0.1263	0.119142	0.0504944	0.0534371	0.0524241	0.0145053	0.0240632	0.0476122	0.179406	0.0759848	0.130777	0.30679	0.122494	0.0777474	0.442815	0.111637	0.352897	0.282597	0.257591	0.408559	0.250187	0.254019	0.188023	0.234051	0.212921	0.0235206	0.127272	0.0707584	0.198109	0.0266549	0.0305959	0.342056	0.0935282	0.356807	0.311844	0.395594	0.381469	0.372085	0.387985	0.10116	0.121873	0.073742	0.0574139	0.0696301	0.0492473	0.0162132	0.0286294	0.056201	0.166759	0.0828514	0.166175	0.367887	0.129234	0.0924715	0.485681	0.107871	0.325767	0.233057	0.286788	0.47595	0.216864	0.284528	0.19639	0.245499	0.221591	
1.24	0.0264775	0.123727	0.0979885	0.240314	0.0454559	0.0316826	0.356791	0.0928871	0.391571	0.34752	0.348958	0.325563	0.336697	0.350547	0.101171	0.12622	0.118745	0.0504959	0.0535908	0.0524751	0.0145073	0.0240679	0.0476242	0.179254	0.0761813	0.130749	0.306733	0.12263	0.0778535	0.44332	0.111123	0.35279	0.280866	0.2575	0.409249	0.250351	0.254036	0.188204	0.234212	0.2131	0.024383	0.127275	0.0715259	0.198555	0.0275998	0.0313096	0.341994	0.093739	0.35682	0.311866	0.395524	0.381372	0.371776	0.387658	0.101676	0.121442	0.0739614	0.0567994	0.0691572	0.0489597	0.0158313	0.0285176	0.0559221	0.166777	0.082838	0.166164	0.367875	0.128999	0.0924608	0.486227	0.107861	0.325594	0.233064	0.286544	0.475735	0.217009	0.284449	0.196743	0.245824	0.221942	
1.245	0.0262695	0.123567	0.0979136	0.240046	0.0450735	0.0315181	0.356524	0.092691	0.391632	0.347654	0.348978	0.32557	0.336534	0.350501	0.101098	0.126143	0.118428	0.0504972	0.0537472	0.0524973	0.0145094	0.0240726	0.0476365	0.179142	0.0763947	0.13072	0.306666	0.122769	0.0779712	0.443849	0.111214	0.352588	0.279358	0.257393	0.410339	0.250542	0.254054	0.188413	0.2344	0.213306	0.0252741	0.127278	0.0723278	0.199027	0.0285805	0.0320478	0.341945	0.0938965	0.356834	0.31189	0.395454	0.381272	0.371454	0.387318	0.101998	0.120944	0.0742109	0.0561568	0.0686697	0.0486677	0.0154173	0.0283136	0.0556108	0.166802	0.0828295	0.166154	0.367856	0.128763	0.0924537	0.486782	0.107854	0.325423	0.233083	0.28629	0.475554	0.217163	0.28437	0.197103	0.246157	0.2223	
1.25	0.026059	0.123408	0.0978451	0.239682	0.0446778	0.0313506	0.356142	0.092523	0.391695	0.347797	0.349	0.325577	0.336358	0.350455	0.101022	0.126087	0.118241	0.0504982	0.0539061	0.052478	0.0145115	0.0240774	0.0476488	0.179046	0.0766195	0.13069	0.306592	0.122909	0.0780969	0.444398	0.111714	0.352287	0.278182	0.257292	0.411571	0.250752	0.254072	0.188642	0.234606	0.213532	0.026183	0.12728	0.0731551	0.199522	0.0295851	0.0328011	0.341909	0.0940128	0.356847	0.311914	0.395383	0.381171	0.371125	0.386968	0.102201	0.120408	0.0744928	0.0554945	0.0681732	0.0483741	0.0149789	0.0280318	0.0552771	0.166833	0.0828243	0.166145	0.367834	0.128526	0.092449	0.48733	0.107849	0.325259	0.233112	0.286028	0.475381	0.217323	0.284289	0.197467	0.246493	0.222662	
1.255	0.0258483	0.123253	0.0977346	0.239242	0.0442762	0.0311822	0.355738	0.0924087	0.39176	0.347946	0.349021	0.325584	0.336174	0.350412	0.100971	0.126041	0.118113	0.050499	0.0540669	0.0524481	0.0145136	0.0240822	0.0476611	0.17894	0.0768502	0.13066	0.306517	0.12305	0.0782268	0.444955	0.112208	0.351906	0.277371	0.257194	0.412779	0.250972	0.254088	0.18888	0.234822	0.213766	0.0270986	0.12728	0.0739983	0.200033	0.0306014	0.0335601	0.341885	0.0940981	0.356859	0.31194	0.395312	0.381069	0.370791	0.386613	0.102331	0.119855	0.0748056	0.0548214	0.0676731	0.0480816	0.0145243	0.0276963	0.0549287	0.166867	0.0828212	0.166139	0.36781	0.128291	0.0924457	0.487866	0.107846	0.325101	0.233153	0.285762	0.475312	0.217486	0.284208	0.197832	0.246832	0.223025	
