time,addbrev_r,addlong_r,addmagDist_r,addmagIsch_r,addmagMid_r,addmagProx_r,bflh_r,bfsh_r,edl_r,ehl_r,fdl_r,fhl_r,gaslat_r,gasmed_r,glmax1_r,glmax2_r,glmax3_r,glmed1_r,glmed2_r,glmed3_r,glmin1_r,glmin2_r,glmin3_r,grac_r,iliacus_r,perbrev_r,perlong_r,piri_r,psoas_r,recfem_r,sart_r,semimem_r,semiten_r,soleus_r,tfl_r,tibant_r,tibpost_r,vasint_r,vaslat_r,vasmed_r,addbrev_l,addlong_l,addmagDist_l,addmagIsch_l,addmagMid_l,addmagProx_l,bflh_l,bfsh_l,edl_l,ehl_l,fdl_l,fhl_l,gaslat_l,gasmed_l,glmax1_l,glmax2_l,glmax3_l,glmed1_l,glmed2_l,glmed3_l,glmin1_l,glmin2_l,glmin3_l,grac_l,iliacus_l,perbrev_l,perlong_l,piri_l,psoas_l,recfem_l,sart_l,semimem_l,semiten_l,soleus_l,tfl_l,tibant_l,tibpost_l,vasint_l,vaslat_l,vasmed_l,
0.005,3.88473,13.6441,53.872,7.09854,23.77,33.3881,3.15398,36.2478,158.887,49.7401,0,35.3014,98.1762,129.18,2.72634,11.9019,31.2304,7.57133,36.3728,0,4.79512,38.8934,49.6576,7.04896,55.3237,387.3,119.51,0,228.625,0.401629,53.7627,3.89576,12.7491,2.72282,136.445,22.3485,34.782,98.1641,13.1032,8.78386,0.740563,16.3478,115.567,38.0444,8.62708,98.8567,12.148,25.2151,55.3178,32.0652,20.1353,14.4229,280.54,84.1604,1.30243,3.0393,16.1084,19.5544,30.0219,0,3.34268,16.0401,2.08834,11.3476,49.8412,337.086,592.959,0,219.073,0,70.0262,3.25214,4.79323,89.8852,9.40118,34.0431,25.9093,22.6479,20.2224,26.234,
0.01,5.15469,15.4025,58.1412,8.36192,29.3473,36.7464,3.15241,36.2209,177.019,55.1922,0,36.1817,100.155,131.645,2.71208,11.8174,40.3785,7.66398,36.9138,0,4.78039,56.0881,8.2031,7.81561,55.7091,388.984,121.204,0,231.142,0.438448,53.6875,3.89233,12.7402,3.53656,136.436,25.5636,36.3013,105.744,19.5132,13.2178,0.788483,19.6465,37.7958,61.3639,9.35348,110.118,12.133,25.1744,87.862,44.748,20.4021,14.6808,282.682,86.7619,1.294,3.02495,18.0012,21.7368,30.6532,0,4.20634,23.1956,3.06316,13.5292,55.6264,338.211,594.533,0,222.974,0,77.1407,3.25364,4.7569,92.2301,13.3997,52.923,26.4926,20.5079,21.7153,33.8124,
0.015,6.04279,15.8418,59.2609,8.81658,32.2368,36.9511,3.1867,36.2162,175.981,55.7719,0.0193882,37.8283,104.672,138.046,2.71536,11.787,46.0699,8.09589,41.9884,0,4.88432,68.8521,33.4781,8.40991,61.0472,390.919,124.714,0,246.285,0.459088,53.6351,3.93124,12.7635,4.59026,136.396,26.7049,38.3671,105.038,26.6986,17.4478,0.744299,20.8008,84.212,74.3996,9.23873,111.647,12.1099,25.1231,81.2294,43.3489,20.8939,15.0855,290.676,90.3828,1.32317,3.07968,18.1538,23.0793,34.685,0,4.8154,29.3469,3.96182,15.0211,58.4712,341.172,597.415,0,227.049,0,81.855,3.27109,4.72631,98.063,15.5778,57.9269,27.8932,18.4822,21.974,38.2323,
0.02,6.61986,15.7077,59.4501,8.81776,33.318,36.1089,3.20531,36.2154,178.17,57.0315,0.000379485,39.0794,107.699,144.381,2.71691,11.7646,49.5065,8.37816,46.7945,0,4.92325,79.8245,32.1803,8.85056,64.5439,392.331,127.277,0,257.744,0.475589,53.6175,3.95617,12.7536,5.73334,136.359,26.7864,39.9722,106.057,33.2402,21.0238,0.743227,20.9057,81.3974,89.8261,8.99089,109.848,12.0803,25.1044,82.3925,44.6124,21.4395,15.3617,295.235,93.1368,1.33441,3.09714,17.4829,24.0617,38.184,0,5.1634,34.8121,4.60282,16.063,59.8672,344.657,600.39,0,230.726,0,85.2291,3.27356,4.70507,102.179,17.8498,65.5174,29.2436,16.2878,21.4991,40.134,
0.025,6.97486,15.4182,59.4377,8.61126,33.283,35.2367,3.30055,36.3953,179.738,58.0696,0.000732919,40.252,110.947,149.088,2.72365,11.7785,51.2523,8.51419,48.5757,0,4.93048,89.0958,35.8953,9.16432,65.3876,393.594,130.116,0,261.842,0.491118,53.7677,4.05206,12.9264,6.81076,136.378,25.9669,41.54,107.862,38.7407,23.9309,0.747932,20.3977,85.9494,103.044,8.77643,107.389,12.1895,25.1897,82.8479,45.5885,21.8425,15.4378,300.188,96.0534,1.37072,3.18462,16.6228,25.0708,39.7093,0,5.34454,39.5406,5.02104,16.707,60.1153,346.304,602.293,0,233.12,0,87.4172,3.3055,4.76757,104.084,19.8264,72.5314,30.106,15.3672,20.7475,40.1905,
0.03,7.15147,15.0344,58.8303,8.19454,32.4523,34.1611,3.44077,36.6075,181.166,58.9926,0.00114592,40.6183,112.34,151.397,2.73193,11.793,51.8301,8.51268,49.2202,0,4.92876,96.6224,37.5063,9.37378,65.4098,393.671,131.552,0,262.181,0.507592,53.9791,4.21125,13.1482,7.70975,136.421,24.58,41.9847,87.77,43.2118,26.2515,0.615977,19.0332,87.1649,115.918,8.20302,102.4,12.3987,25.3012,83.2199,46.5162,21.8582,15.5308,302.388,97.142,1.41835,3.29907,15.8603,24.524,40.2025,0,5.40307,43.5727,5.24434,17.0328,59.6058,346.694,602.644,0,232.309,0,88.6777,3.35622,4.87444,105.292,21.5299,79.3099,30.3871,10.0232,19.9507,39.0965,
0.035,7.18823,14.5587,58.215,7.77034,31.1859,32.9584,3.59241,36.793,182.456,59.7905,0.00118513,40.7431,112.085,152.386,2.73154,11.7918,51.6255,8.47579,49.7351,0,4.93483,102.371,38.4399,9.49892,65.6428,392.902,131.547,0,262.042,0.526418,54.1992,4.38465,13.3626,8.38244,136.473,23.1734,41.6121,93.0556,46.7554,28.066,0.609928,17.703,85.5966,127.988,7.84962,98.2564,12.6412,25.4189,83.544,47.3974,22.1186,15.6626,302.409,96.5804,1.46395,3.40478,15.283,23.3157,40.4293,0,5.37006,46.9846,5.3127,17.1107,58.702,347.062,602.76,0,232.171,0,89.213,3.41699,4.98945,105.851,22.9244,85.7464,30.6832,11.6935,19.1858,37.3293,
0.04,7.12301,14.0404,57.5886,7.38844,29.6929,31.739,3.73428,36.9584,183.616,60.4607,0.00138872,40.6163,111.357,152.572,2.72872,11.7751,50.9142,8.44259,50.2062,0,4.94335,106.641,39.0741,9.55549,65.9309,391.974,130.993,0,261.892,0.547552,54.4125,4.55735,13.5185,8.82451,136.523,22.1502,41.0402,95.4261,49.4981,29.4601,0.642557,16.5988,82.9381,138.436,7.62303,95.0364,12.872,25.5075,83.8349,48.2321,22.3512,15.8749,301.834,95.5316,1.49968,3.48457,14.8849,22.359,40.5681,0,5.27529,49.8473,5.26455,17.0024,57.6572,347.306,602.591,0,232.601,0,89.187,3.47957,5.08357,106.55,24.0032,91.7817,30.9104,12.7849,18.4707,35.2451,
0.045,6.98029,13.5565,56.8136,7.02076,28.1036,30.6371,3.9481,37.265,184.648,60.9967,0.00155883,40.3462,110.452,152.094,2.73979,11.8087,49.8897,8.38551,49.9844,0,4.93956,109.701,38.9668,9.55868,65.5462,391.12,130.219,0,260.282,0.573198,54.7838,4.80123,13.8258,9.07178,136.628,21.426,40.4887,88.9366,51.5594,30.496,0.618367,15.519,80.6689,147.021,7.33684,91.7235,13.2011,25.6675,84.0996,49.0155,22.4225,16.03,300.854,94.5053,1.55886,3.62133,14.6976,21.9141,40.2521,0,5.13435,52.2291,5.13039,16.7599,56.5791,347.01,602.01,0,231.918,0,88.7236,3.56619,5.22563,106.614,24.7686,97.3584,30.8794,11.5581,17.7564,33.0385,
0.05,6.7881,13.1802,56.1183,6.71264,26.5721,29.9602,4.18717,37.567,185.55,61.3995,0.00170132,40.1982,110.004,151.572,2.7499,11.8391,48.6831,8.31967,49.0648,0,4.92756,111.747,38.2718,9.51941,64.7793,390.725,129.829,0,258.367,0.604225,55.1992,5.08497,14.1395,9.15344,136.751,20.9,40.2935,95.4296,53.0332,31.2323,0.611176,14.6197,79.7163,153.826,7.1428,89.3466,13.5573,25.8143,84.34,49.7438,22.4733,16.0779,300.403,94.0406,1.61381,3.75105,14.6781,22.0223,39.5193,0,4.9625,54.1883,4.93857,16.4252,55.5256,346.501,601.513,0,230.97,0,87.921,3.66366,5.37678,106.275,25.231,102.419,30.8153,16.4144,16.9961,30.8353,
0.055,6.56244,12.9457,55.6391,6.49977,25.1691,29.5943,4.40012,37.7885,186.324,61.6715,0.00190482,40.3094,110.275,151.77,2.74975,11.8308,47.3813,8.33038,48.6936,0,4.93198,112.953,38.0611,9.44817,64.439,390.837,129.995,0,257.535,0.641359,55.5888,5.35577,14.3781,9.10753,136.867,20.631,40.502,96.9286,54.0216,31.7187,0.638935,14.0012,80.139,158.947,7.11304,88.3376,13.8484,25.9115,84.5609,50.4173,22.5655,16.1139,300.958,94.3043,1.64631,3.82631,14.7476,22.4831,39.2232,0,4.78109,55.7776,4.71318,16.035,54.5639,346.393,601.452,0,230.493,0,86.8638,3.74643,5.48395,106.051,25.4116,106.923,30.8403,15.1337,16.1808,28.7163,
0.06,6.3168,12.873,55.3442,6.37105,23.9379,29.5743,4.56473,37.931,186.964,61.8172,0.00207619,40.5983,111.384,151.63,2.73753,11.7788,46.0403,8.23763,46.5415,0,4.90106,113.443,36.3765,9.35295,62.2504,391.252,130.87,0,252.192,0.68438,55.9211,5.5667,14.5395,8.9692,136.977,20.5242,41.0354,97.4416,54.5971,31.998,0.655356,13.5829,81.8343,162.542,7.15992,88.2972,14.0222,25.9334,84.7595,51.0308,22.5854,16.1086,302.777,95.4426,1.64966,3.82955,14.8267,23.2116,37.7969,0,4.59222,57.0403,4.46956,15.6148,53.5942,345.5,601.131,0,228.433,0,85.618,3.80396,5.5291,104.869,25.3383,110.828,30.6105,13.8081,15.3164,26.6887,
0.065,6.06643,12.9234,55.2059,6.31202,22.892,29.7994,4.67784,38.0114,187.477,61.8453,0.00226824,40.9878,112.868,152.006,2.72111,11.6967,44.6955,8.21962,45.3344,0,4.89707,113.343,35.4174,9.24136,61.3257,391.775,132.174,0,249.952,0.731629,56.1811,5.72222,14.6227,8.76219,137.075,20.4877,41.6845,99.2569,54.8251,32.1064,0.672889,13.3399,83.9112,164.764,7.26618,88.9777,14.06,25.8906,84.9414,51.5845,22.6287,16.1132,305.22,96.8593,1.62503,3.76768,14.8519,23.7947,36.9767,0,4.40952,58.0137,4.22166,15.1851,52.6744,345.046,601.105,0,226.642,0,84.2421,3.82812,5.50691,104.511,25.0427,114.103,30.5259,13.4097,14.4212,24.7677,
0.07,5.81652,13.0726,55.0671,6.26904,22.0136,30.2073,4.7461,38.0471,187.858,61.765,0.00245403,41.4176,114.575,152.837,2.69875,11.605,43.3724,8.24278,44.5717,0,4.89902,112.757,34.9212,9.11902,60.8625,392.436,133.712,0,249.229,0.781149,56.3607,5.83134,14.6635,8.50846,137.142,20.5024,42.501,96.3187,54.7738,32.0785,0.646035,13.0286,86.2398,165.766,7.28451,89.3922,13.9611,25.7845,85.1033,52.0748,22.5952,16.1022,307.927,98.5012,1.5762,3.65471,14.7843,24.4423,36.5073,0,4.23453,58.7382,3.97773,14.7617,51.8376,344.722,601.203,0,224.806,0,82.7829,3.81774,5.43008,104.461,24.561,116.734,30.4486,12.4676,13.5719,22.9919,
0.075,5.57597,13.2761,54.9828,6.24335,21.2921,30.6963,4.79041,38.0796,188.111,61.5903,0.00263663,41.868,116.355,153.783,2.67898,11.5145,42.0859,8.27534,44.1203,0,4.90411,111.772,34.6451,8.99028,60.5456,393.037,135.354,0,248.834,0.827344,56.4592,5.90211,14.6775,8.2233,137.193,20.5065,43.2799,95.3129,54.4211,31.9016,0.624182,12.6917,88.4275,165.705,7.29354,89.7663,13.7423,25.6444,85.2469,52.4996,22.5675,16.0937,310.783,100.146,1.51354,3.50797,14.6079,24.9349,36.2514,0,4.07405,59.2447,3.74399,14.3537,51.0978,344.547,601.403,0,223.337,0,81.2798,3.77268,5.30947,104.522,23.9304,118.723,30.4197,11.5663,12.873,21.396,
0.08,5.34637,13.5134,55.072,6.26365,20.7363,31.2603,4.81979,38.1061,188.238,61.334,0.00283139,42.3178,118.111,154.359,2.65939,11.423,40.8463,8.25349,42.992,0,4.89418,110.457,33.7848,8.85838,59.5011,393.537,137.037,0,246.545,0.873673,56.4751,5.94868,14.698,7.92256,137.215,20.4298,43.9783,99.613,53.9529,31.6744,0.640349,12.5043,90.4798,164.731,7.40141,90.783,13.4416,25.4835,85.3703,52.8587,22.544,16.0025,313.65,101.773,1.44074,3.34667,14.3281,25.3923,35.542,0,3.92201,59.5614,3.52438,13.9678,50.4063,344.119,601.481,0,221.987,0,79.7677,3.70613,5.16154,103.716,23.1844,120.07,30.3069,12.3682,12.3292,19.9743,
0.085,5.13199,13.7498,55.1863,6.29661,20.3088,31.8214,4.85434,38.1634,188.243,61.0122,0.00296918,42.6904,119.646,155.046,2.63443,11.3181,39.6576,8.26556,42.4526,0,4.89878,108.878,33.4006,8.72487,59.2346,393.933,138.604,0,246.123,0.917575,56.4119,5.9915,14.7393,7.6121,137.222,20.2564,44.5673,101.226,53.3725,31.3934,0.640614,12.357,92.1166,162.986,7.47776,91.7556,13.0922,25.3181,85.4743,53.1502,22.5014,15.909,316.207,103.147,1.37178,3.19005,13.9675,25.67,35.198,0,3.79225,59.7169,3.32124,13.6079,49.7958,343.894,601.597,0,221.047,0,78.2687,3.62749,5.00368,103.416,22.3555,120.802,30.2444,13.5465,12.0532,18.7668,
0.09,4.93268,13.9518,55.3365,6.34235,19.9827,32.2735,4.91361,38.2592,188.139,60.641,0.003088,43.007,120.758,155.763,2.59855,11.1796,38.5217,8.31665,42.6789,0,4.91448,107.091,33.615,8.59273,59.5978,394.147,139.829,0,247.13,0.956784,56.275,6.06326,14.8246,7.30337,137.202,20.0546,44.9522,102.695,52.692,31.0623,0.654823,12.2945,93.0629,160.597,7.56364,92.7477,12.7326,25.166,85.5596,53.3747,22.5181,15.887,318.22,104.101,1.31288,3.058,13.5622,25.702,35.3583,0,3.66472,59.7342,3.13594,13.2751,49.3026,344.033,601.878,0,221.066,0,76.8046,3.54288,4.85017,103.685,21.4731,120.944,30.3151,13.8979,12.1505,17.8261,
0.095,4.74929,14.1198,55.5748,6.4113,19.7528,32.6617,5.00915,38.4091,187.928,60.2363,0.00319141,43.2353,121.653,156.215,2.55439,10.9921,37.4368,8.33705,42.6446,0,4.91986,105.145,33.6052,8.46533,59.543,394.267,140.885,0,247.156,0.989514,56.0745,6.17393,14.9784,7.00045,137.159,19.7426,45.207,106.513,51.9312,30.6931,0.685654,12.3789,93.7148,157.683,7.70104,94.0176,12.403,25.0333,85.6249,53.5323,22.533,15.7406,319.848,104.832,1.27236,2.96646,13.1576,25.7906,35.3533,0,3.55919,59.6351,2.96872,12.9688,48.9003,344.075,602.06,0,221.469,0,75.387,3.46242,4.72125,103.022,20.5628,120.532,30.3048,15.1274,12.6969,17.1987,
0.1,4.58141,14.2581,55.8606,6.49505,19.6056,33.037,5.14783,38.6171,187.621,59.8127,0.003304,43.4617,122.391,156.773,2.49347,10.7443,36.3965,8.37634,42.8964,0,4.93175,103.081,33.8681,8.34035,59.9118,394.409,141.826,0,248.364,1.01416,55.8252,6.33828,15.1717,6.70775,137.101,19.4609,45.4587,112.251,51.1115,30.2972,0.716941,12.5847,94.1612,154.355,7.84385,95.4385,12.137,24.9367,85.6731,53.626,22.5935,15.6853,321.29,105.423,1.25397,2.92827,12.8013,25.8597,35.5477,0,3.46314,59.4362,2.82013,12.6892,48.6037,344.332,602.38,0,222.495,0,74.0278,3.39681,4.6324,103.264,19.6447,119.62,30.4283,18.814,13.7858,16.9314,
0.105,4.4243,14.3305,56.0989,6.57086,19.4994,33.2473,5.32652,38.8514,187.228,59.3824,0.00333577,43.5512,122.437,157.374,2.41363,10.4324,35.397,8.46624,44.1251,0,4.96006,100.94,34.876,8.22173,61.1955,394.291,142.202,0,251.701,1.02991,55.5442,6.54577,15.4134,6.4291,137.029,19.1744,45.3928,113.933,50.2589,29.8834,0.738217,12.8407,93.8096,150.701,7.94212,96.5467,11.9557,24.8961,85.7032,53.6575,22.7055,15.7072,321.69,105.354,1.26058,2.94859,12.5361,25.5517,36.3861,0,3.37558,59.156,2.68858,12.4349,48.4608,344.97,602.853,0,224.437,0,72.731,3.34818,4.57977,104.241,18.7347,118.258,30.6839,20.3127,15.4778,17.0358,
0.11,4.28671,14.3289,56.2877,6.63484,19.4132,33.2695,5.52749,39.1185,186.761,58.956,0.00335507,43.4804,121.952,157.873,2.31934,10.0582,34.4284,8.56629,45.7901,0,4.98931,98.7576,36.2514,8.10792,62.6982,394.004,142.097,0,255.585,1.04134,55.2512,6.78749,15.6867,6.16808,136.952,18.8534,45.1032,114.971,49.4214,29.474,0.757707,13.1319,92.8202,146.804,8.01706,97.334,11.8696,24.886,85.7172,53.6293,22.8187,15.6426,321.18,104.763,1.29208,3.02472,12.3931,25.1501,37.5148,0,3.30358,58.8053,2.57338,12.2037,48.4821,345.79,603.307,0,227.045,0,71.501,3.32533,4.56375,104.682,17.8445,116.508,30.9268,20.9776,17.7625,17.5371,
0.115,4.1554,14.2557,56.5312,6.71571,19.3368,33.0619,5.74297,39.3626,186.237,58.5431,0.00332507,43.3747,121.069,158.098,2.21206,9.62814,33.4863,8.6425,47.3382,0,5.01259,96.5611,37.5754,7.99995,63.8213,393.608,141.53,0,258.223,1.04386,54.9653,7.05489,15.9541,5.91874,136.876,18.7212,44.6594,115.65,48.5271,29.0401,0.811736,13.5868,91.3635,142.73,8.16179,98.3476,11.8724,24.913,85.7156,53.5463,23.0017,15.6344,320.121,103.82,1.34477,3.14738,12.3867,24.6788,38.5624,0,3.2334,58.3983,2.4738,11.9923,48.6327,346.676,603.749,0,229.991,0,70.3373,3.32256,4.59009,104.947,16.9835,114.443,31.1811,19.1151,20.6337,18.463,
0.12,4.03383,14.1233,56.6646,6.77289,19.2731,32.8747,5.95285,39.585,185.666,58.1479,0.00328581,43.1093,119.735,158.313,2.09668,9.15538,32.5615,8.73187,49.1262,0,5.04069,94.378,39.0554,7.89864,65.6243,393.102,140.689,0,263.156,1.03982,54.7013,7.32031,16.1843,5.68677,136.798,18.5244,44.0982,123.568,47.6054,28.5897,0.836261,14.0547,89.5486,138.545,8.22217,98.9826,11.954,24.9787,85.6988,53.4107,23.1904,15.6343,318.165,102.465,1.40895,3.29777,12.5114,24.1592,39.7768,0,3.17081,57.9412,2.38761,11.7987,48.9341,347.596,604.24,0,233.556,0,69.2396,3.33966,4.64491,106.182,16.1597,112.12,31.5472,26.5748,23.9937,19.7875,
0.125,3.92175,13.9479,56.6911,6.80058,19.1733,32.4485,6.13144,39.7518,185.063,57.7748,0.00320063,42.9119,118.377,158.979,1.9752,8.65972,31.6498,8.87707,51.6047,0,5.08084,92.234,41.074,7.80212,67.6699,392.626,139.518,0,268.332,1.03353,54.467,7.5488,16.3836,5.47003,136.724,18.2672,43.548,114.7,46.7093,28.15,0.832263,14.4238,87.7449,134.301,8.21791,98.9181,12.1058,25.0711,85.6691,53.2299,23.3966,15.7342,316.277,101.142,1.4811,3.45512,12.7452,23.7656,41.4897,0,3.11634,57.4447,2.31363,11.6233,49.3871,348.779,604.881,0,237.055,0,68.21,3.37484,4.72675,107.789,15.3746,109.611,31.9607,20.7745,27.5419,21.407,
0.13,3.81472,13.7852,56.6943,6.81281,19.0593,32.0046,6.25953,39.8404,184.439,57.4268,0.00311208,42.7906,117.41,159.632,1.8575,8.16543,30.7473,8.96135,53.3006,0,5.09714,90.1376,42.445,7.71152,68.6753,392.377,138.621,0,271.002,1.02909,54.2643,7.71833,16.4993,5.2683,136.663,17.9672,43.2245,111.359,45.8617,27.7287,0.825601,14.6976,86.6511,130.044,8.19774,98.577,12.3031,25.1675,85.6288,53.008,23.5853,15.8208,314.857,100.252,1.54734,3.59901,13.0516,23.7416,42.7002,0,3.06932,56.9134,2.24986,11.4642,49.9098,349.712,605.417,0,239.66,0,67.2461,3.42284,4.81608,108.701,14.6335,106.969,32.266,17.9744,31.083,23.3015,
0.135,3.72089,13.6683,56.6982,6.81571,18.9476,31.6661,6.3224,39.8485,183.807,57.1049,0.00305509,42.713,116.853,160.062,1.74609,7.70089,29.8523,8.97824,53.823,0,5.0955,88.0925,42.8978,7.62612,68.6991,392.31,138.041,0,271.232,1.0259,54.0941,7.81759,16.5172,5.07909,136.603,17.617,43.0865,109.609,45.0117,27.3033,0.812145,14.873,86.3264,125.812,8.16945,98.1556,12.5273,25.2655,85.5773,52.7505,23.698,15.7977,313.933,99.7715,1.59974,3.71318,13.3894,23.9028,43.1399,0,3.02338,56.3526,2.19539,11.3216,50.4113,350.149,605.693,0,240.93,0,66.3487,3.48219,4.91665,108.708,13.9364,104.247,32.387,17.4184,34.2449,25.3181,
0.14,3.63188,13.6205,56.843,6.84943,18.8738,31.5358,6.32081,39.7528,183.177,56.8107,0.00305687,42.7828,116.863,160.334,1.65095,7.29292,28.9684,8.94035,53.2675,0,5.07971,86.1004,42.4604,7.54714,67.8977,392.448,137.939,0,269.367,1.01391,53.9548,7.84047,16.4582,4.89923,136.545,17.3097,43.1947,112.839,44.0064,26.8007,0.833113,15.1073,86.7926,121.645,8.23965,98.4207,12.7687,25.3559,85.5188,52.4633,23.8151,15.7686,313.843,99.8671,1.63225,3.78354,13.7112,24.2596,42.8636,0,2.99131,55.7671,2.14893,11.1959,50.8112,350.235,605.873,0,241.221,0,65.521,3.55629,5.01824,108.346,13.2817,101.486,32.4126,17.203,36.6168,27.2338,
0.145,3.55603,13.6417,57.0778,6.90704,18.8388,31.5875,6.23246,39.5619,182.556,56.543,0.003094,42.8667,117.25,160.062,1.57493,6.96585,28.0976,8.82696,51.41,0,5.04499,84.1487,40.9313,7.47295,66.0482,392.632,138.22,0,264.67,1.00669,53.8398,7.7577,16.2758,4.7325,136.492,17.0411,43.4054,115.083,43.1088,26.3511,0.848409,15.3787,87.7488,117.575,8.34724,99.121,12.9892,25.4364,85.4524,52.1514,23.8303,15.6241,314.316,100.301,1.6457,3.80206,13.9722,24.6376,41.6979,0,2.96002,55.1587,2.10908,11.0827,51.025,349.663,605.651,0,239.933,0,64.7561,3.62436,5.09918,106.79,12.674,98.7222,32.162,17.0918,38.2396,29.0902,
0.15,3.48396,13.7253,57.2914,6.95595,18.83,31.7808,5.98212,39.2142,181.95,56.3006,0.00317118,42.9193,117.779,159.308,1.52181,6.73463,27.2369,8.65173,48.4451,0,5.00061,82.2278,38.4912,7.39143,63.415,392.841,138.811,0,257.827,1.09035,53.7339,7.44018,15.9611,4.57132,136.479,16.7774,43.7094,114.332,43.4001,26.4681,0.829307,15.5444,89.0644,113.621,8.38995,99.6111,13.132,25.4757,85.3792,51.8191,23.6709,15.3703,315.168,100.972,1.62967,3.75697,14.1263,25.0658,39.7547,0,2.92738,54.5192,2.07093,10.9754,50.9931,348.391,604.934,0,236.559,0,64.0488,3.64224,5.14728,104.324,12.1219,95.9739,31.6079,16.3636,39.4414,30.9765,
0.155,3.42616,13.8554,57.5336,7.00585,18.8534,32.0688,5.82282,38.9395,181.362,56.0807,0.00333796,42.9561,118.729,158.081,1.50089,6.62543,26.4181,8.4533,44.816,0,4.94968,80.3328,35.4827,7.33816,60.3569,392.994,139.59,0,249.658,1.05159,53.6773,7.27923,15.6955,4.41663,136.414,16.5177,44.0288,113.562,41.5375,25.5089,0.806868,15.6161,90.4794,109.812,8.42062,100.017,13.339,25.5418,85.3019,51.4709,23.4156,15.0274,316.326,101.888,1.59637,3.67372,14.1763,25.4496,37.3479,0,2.9114,53.8763,2.04011,10.8904,50.6711,346.678,603.92,0,231.747,0,63.4226,3.7256,5.2274,101.155,11.5976,93.2493,30.8466,15.7959,38.5614,31.9179,
0.16,3.37589,14.0092,57.7126,7.02966,18.8883,32.3942,5.50252,38.5204,180.795,55.8798,0.00353886,42.925,119.509,156.378,1.50599,6.63555,25.6201,8.22888,40.7698,0,4.89665,78.4517,32.15,7.26496,57.0423,393.07,140.438,0,240.613,1.12321,53.6171,6.88315,15.2955,4.26806,136.4,16.2595,44.3318,111.593,41.5799,25.5296,0.766071,15.5321,91.8321,106.143,8.38427,100.011,13.4716,25.5828,85.219,51.1094,22.9862,14.6114,317.536,102.761,1.54103,3.54517,14.0801,25.7604,34.6181,0,2.89361,53.2025,2.00769,10.8041,50.0752,344.475,602.547,0,225.648,0,62.8435,3.76054,5.27066,97.5478,11.1268,90.5587,29.8752,14.8917,37.3759,32.796,
0.165,3.33113,14.1289,57.9326,7.06339,18.9368,32.6301,5.25014,38.1904,180.246,55.6966,0.0038389,42.7773,119.787,154.407,1.54442,6.7909,24.8787,8.05834,37.744,0,4.8629,76.5866,29.6279,7.21039,54.9535,392.83,140.863,0,234.453,1.14104,53.6,6.58459,14.9802,4.12251,136.367,16.0332,44.3177,113.913,40.5388,24.981,0.76409,15.4839,92.3428,102.623,8.40708,100.214,13.6457,25.6449,85.1332,50.7383,22.6117,14.1751,317.872,103.031,1.48384,3.40792,13.8767,25.6239,32.5073,0,2.87781,52.5235,1.97959,10.7281,49.2828,342.699,601.327,0,220.454,0,62.3293,3.82216,5.34125,94.0667,10.6919,87.9058,28.9868,15.5327,34.9593,32.9307,
0.17,3.28987,14.2142,58.2269,7.12016,19.002,32.8132,5.02055,37.9101,179.718,55.5293,0.00420427,42.6266,120.006,152.053,1.62537,7.09709,24.1926,7.87082,34.5219,0,4.82186,74.7337,27.0244,7.1538,52.5421,392.502,141.192,0,227.566,1.16326,53.6081,6.30132,14.72,3.97994,136.342,15.8881,44.2814,117.891,39.684,24.5474,0.790603,15.5754,92.5133,99.2475,8.50055,100.878,13.8531,25.7346,85.0431,50.3602,22.2276,13.761,318.2,103.244,1.43064,3.28273,13.5875,25.579,30.2671,0,2.86876,51.8326,1.95314,10.6549,48.3275,340.769,600.066,0,215.745,0,61.867,3.89222,5.42905,90.533,10.2959,85.296,28.0773,16.6177,31.9456,32.5933,
0.175,3.25283,14.2559,58.4444,7.16458,19.0545,32.8868,4.8529,37.7341,179.21,55.3756,0.00466869,42.441,119.943,149.953,1.74416,7.5719,23.5747,7.74733,32.4362,0,4.7993,72.8981,25.2314,7.10072,51.028,392.064,141.235,0,222.729,1.18996,53.6463,6.07841,14.5516,3.84137,136.324,15.8786,44.181,116.599,38.9413,24.1706,0.791522,15.6589,92.2846,96.0128,8.5347,101.228,14.1346,25.8622,84.95,49.977,21.8574,13.5031,318.169,103.201,1.39492,3.20355,13.2713,25.4209,28.7674,0,2.85358,51.1338,1.92837,10.5844,47.3032,339.307,599.023,0,211.748,0,61.4548,3.98236,5.54676,88.4401,9.937,82.736,27.3399,16.3262,28.6,31.7577,
0.18,3.21971,14.2677,58.602,7.19259,19.0949,32.8896,4.78435,37.7203,178.72,55.2348,0.00521897,42.2482,119.734,148.31,1.90898,8.22732,23.0397,7.6941,31.4456,0,4.79029,71.0876,24.3284,7.04929,50.4217,391.617,141.127,0,220.497,1.2203,53.7133,5.95818,14.5414,3.70688,136.313,15.8815,44.081,115.745,38.2721,23.8294,0.781537,15.7027,91.9539,92.9109,8.534,101.271,14.5366,26.0452,84.8533,49.5923,21.497,13.2261,317.859,103.006,1.39276,3.20057,13.0006,25.3429,28.0391,0,2.84546,50.4316,1.9061,10.5171,46.3076,338.376,598.289,0,208.939,0,61.0888,4.10555,5.72925,86.5516,9.61212,80.2304,26.7428,16.0774,25.194,30.5051,
0.185,3.19065,14.2586,58.7579,7.21803,19.1285,32.8658,4.85116,37.8794,178.251,55.1054,0.00591027,42.1408,119.524,147.123,2.12316,9.07361,22.6012,7.68161,31.1472,0,4.78785,69.3091,24.0132,7.00206,50.34,391.222,140.982,0,220.02,1.25551,53.8009,5.99868,14.7267,3.57615,136.301,15.9025,44.0568,116.552,37.6822,23.5216,0.779722,15.7514,91.6699,89.9405,8.54189,101.306,15.1173,26.3344,84.7546,49.2074,21.2294,13.0606,317.621,102.821,1.43645,3.30305,12.8572,25.3238,27.8149,0,2.83854,49.7278,1.88688,10.4533,45.4032,337.989,597.959,0,207.408,0,60.7671,4.28034,5.99645,85.632,9.31933,77.7913,26.3721,16.2918,21.9953,28.9374,
0.19,3.16568,14.2388,58.8846,7.23521,19.1526,32.8317,5.08228,38.2585,177.802,54.9883,0.00671983,42.1552,119.404,146.445,2.3842,10.1109,22.2709,7.70451,31.4122,0,4.79191,67.5718,24.1474,6.95641,50.601,390.9,140.857,0,220.632,1.294,53.8947,6.23223,15.1341,3.44954,136.293,16.0319,44.1575,116.159,37.1525,23.2468,0.773192,15.7731,91.4837,87.0975,8.53115,101.226,15.9418,26.7417,84.6554,48.8262,21.0786,13.1128,317.631,102.755,1.5382,3.53711,12.9266,25.35,28.006,0,2.83969,49.0289,1.8717,10.3929,44.6348,338.076,598.021,0,206.829,0,60.4874,4.52547,6.37766,86.1337,9.05662,75.4211,26.2635,16.1658,19.2084,27.1948,
0.195,3.14008,14.1968,58.9687,7.24342,19.1813,32.8702,5.50241,38.85,177.375,54.8846,0.00766872,42.2117,119.045,146.292,2.69583,11.3303,22.0636,7.78911,32.7061,0,4.81193,65.8907,25.1296,6.91353,52.0261,390.556,140.62,0,224.686,1.33509,53.9765,6.68394,15.7697,3.3292,136.274,16.3215,44.2457,123.501,36.691,23.0035,0.770572,15.7961,91.0252,84.3789,8.5062,101.143,17.083,27.2987,84.5558,48.4512,21.0773,13.3599,317.333,102.436,1.70657,3.92191,13.2891,25.1991,28.9121,0,2.835,48.3378,1.86151,10.3375,44.0856,338.858,598.572,0,208.115,0,60.2481,4.86473,6.90525,88.2326,8.82257,73.1415,26.5382,23.3913,17.0082,25.4267,
0.2,3.11824,14.1461,58.8285,7.18985,19.2009,33.0454,6.12652,39.6803,176.971,54.7909,0.00876149,42.1008,118.583,146.242,3.05084,12.7165,21.9877,7.86019,33.902,0,4.82501,64.2716,26.1126,6.87204,53.4234,390.154,140.37,0,229.416,1.37767,54.0295,7.39058,16.6505,3.2152,136.242,16.5329,44.3397,128.187,36.2927,22.7924,0.716927,15.5797,90.5426,81.7875,8.3097,100.147,18.6076,28.0432,84.4558,48.0849,20.9852,13.4813,316.675,101.99,1.9478,4.46834,14.011,25.1334,29.7663,0,2.83127,47.657,1.85616,10.2858,43.7425,339.495,599.008,0.00490251,209.622,0,60.0471,5.32465,7.61277,89.8397,8.61553,70.9532,26.7694,31.8908,15.4719,23.7452,
0.205,3.09561,14.107,58.7408,7.13964,19.212,33.13,6.95843,40.7239,176.591,54.7087,0.0100702,42.1835,118.359,146.798,3.43786,14.2423,22.0528,7.97083,35.4358,0,4.84677,62.7241,27.4626,6.83437,54.8181,389.886,140.206,0,233.879,1.41825,54.0425,8.36329,17.7624,3.10341,136.194,16.6858,44.5653,124.255,35.9575,22.6078,0.691139,15.3291,90.4671,79.3284,8.19449,99.3227,20.5737,28.9975,84.3574,47.7298,20.9829,13.5628,316.416,101.801,2.25877,5.17279,15.1374,25.3194,30.9007,0,2.83615,46.9891,1.85593,10.2395,43.5821,340.45,599.665,0.00060115,211.368,0,59.8836,5.93001,8.51758,90.7399,8.43401,68.8706,27.0139,27.1262,14.6585,22.2852,
0.21,3.07635,14.1028,58.6547,7.08826,19.2357,33.3328,7.99254,41.9594,176.239,54.6398,0.0115948,42.4488,118.581,147.932,3.8538,15.863,22.2616,8.09739,37.0184,0,4.86822,61.2544,28.942,6.7998,56.3087,389.869,140.416,0,239.025,1.45576,54.0112,9.58937,19.0834,2.9967,136.131,16.975,45.1194,126.835,35.6723,22.4485,0.667923,15.02,90.9634,77.0036,8.07546,98.6103,23.0226,30.1788,84.2638,47.3888,21.0715,13.8204,316.955,102.065,2.63659,6.01281,16.6832,25.7028,32.1085,0.00725412,2.84236,46.3348,1.86226,10.2001,43.5857,341.659,600.641,0.00172595,213.409,0,59.7548,6.70543,9.63733,93.0095,8.27695,66.9033,27.4731,29.9529,14.5812,21.1357,
0.215,3.06053,14.1189,58.3463,6.97817,19.2514,33.6605,9.2031,43.3664,175.915,54.5824,0.0133073,42.6215,118.799,149.007,4.27353,17.5143,22.6149,8.20473,38.3682,0,4.88761,59.867,30.2468,6.76777,57.7717,389.776,140.766,0,244.427,1.48753,53.9353,11.0639,20.5895,2.89345,136.043,17.2962,45.6549,128.051,35.4303,22.3085,0.58452,14.4134,91.4349,74.8121,7.78554,96.9611,25.9688,31.5788,84.1746,47.0638,21.0955,14.1331,317.455,102.279,3.05985,6.9482,18.6245,25.8815,33.1469,0.00190893,2.85732,45.6974,1.87402,10.1668,43.7235,342.615,601.47,0.00343291,214.914,0,59.6584,7.66049,10.9781,95.7135,8.14237,65.0516,27.9375,36.0279,15.2524,20.3677,
0.22,3.04322,14.0873,58.1377,6.89774,19.2816,33.9284,10.561,44.9007,175.623,54.5392,0.0153359,42.7842,118.174,150.473,4.67958,19.1116,23.1029,8.42654,41.4092,0,4.945,58.5774,32.9426,6.73687,60.867,389.397,140.532,0,253.629,1.51071,53.8205,12.7355,22.2256,2.79378,135.945,17.7488,45.8454,138.208,35.2159,22.1825,0.582454,13.982,90.9491,72.7498,7.66874,96.1785,29.3966,33.1913,84.0914,46.7565,21.2974,14.4764,316.649,101.643,3.50138,7.91746,20.8948,25.5481,35.3312,0.00446809,2.86687,45.0781,1.89309,10.1386,44.0928,344.413,602.813,0.0057608,219.075,0,59.5917,8.79493,12.5267,98.9006,8.02936,63.3386,28.7395,42.8081,16.6685,20.0361,
0.225,3.02457,14.0268,58.041,6.86494,19.3022,33.9802,12.0161,46.5079,175.364,54.5116,0.0176296,42.9989,117.716,152.134,5.04611,20.5634,23.7113,8.64204,44.5759,0,4.99354,57.392,35.714,6.70956,63.449,388.977,140.248,0,261.5,1.52442,53.6778,14.5426,23.9422,2.69605,135.826,18.2299,46.0389,136.569,35.0232,22.0601,0.633621,13.7665,90.4246,70.8104,7.67141,96.1062,33.2421,34.9625,84.0167,46.4707,21.6785,14.7519,316.202,101.17,3.92982,8.85688,23.3901,25.5274,37.5877,0.00796031,2.88476,44.4773,1.91915,10.1158,44.6297,346.446,604.254,0.00871355,223.727,0,59.5514,10.0917,14.2486,100.988,7.93507,61.7761,29.5032,38.4197,18.7707,20.1267,
0.23,3.0084,13.9444,57.7508,6.79787,19.3044,34.0483,13.5047,48.0815,175.138,54.4981,0.0201822,43.0499,117.045,153.651,5.35004,21.7838,24.4171,8.83956,47.3721,0.00897644,5.0399,56.31,38.2292,6.68338,65.525,388.504,139.819,0,268.043,1.52671,53.5172,16.4149,25.6786,2.59976,135.696,18.7443,46.2414,138.735,34.8295,21.9382,0.595259,13.4399,89.7912,68.9876,7.5231,95.3281,37.4007,36.837,83.953,46.206,21.9121,14.9809,315.263,100.488,4.31707,9.69961,25.9813,25.4419,39.6041,0.0125685,2.89695,43.8964,1.95138,10.0977,45.307,348.04,605.38,0.0124795,227.896,0,59.5317,11.5093,16.0782,103.53,7.85802,60.3676,30.191,44.0067,21.4493,20.6541,
0.235,2.98651,13.8324,57.4239,6.72429,19.3311,34.2894,14.9454,49.5514,174.945,54.497,0.0230203,43.0447,116.006,155.018,5.57861,22.7069,25.1921,9.04189,50.2246,0.00282657,5.09209,55.3344,40.7177,6.65947,67.9996,387.86,139.252,0.013918,275.946,1.51805,53.3516,18.2481,27.3087,2.50146,135.568,19.0098,46.2759,153.838,34.6255,21.8108,0.577599,13.1677,88.8432,67.2737,7.38611,94.7128,41.7318,38.7227,83.9003,45.9638,22.1812,15.1822,313.701,99.4587,4.63371,10.3881,28.5177,25.1991,41.6273,0.0185483,2.9173,43.3335,1.98879,10.0826,46.1265,349.572,606.566,0.0171533,232.925,0,59.5267,12.9907,17.9409,106.49,7.79498,59.1163,31.0248,57.7827,24.5376,21.5816,
0.24,2.96687,13.6731,57.1205,6.66693,19.3885,34.6472,16.2554,50.7924,174.787,54.5094,0.0261915,43.0427,114.595,156.509,5.72722,23.2997,26.0051,9.30095,53.7912,0.00668574,5.1634,54.4742,43.9215,6.6364,71.4673,387.157,138.477,0.0013152,286.823,1.49657,53.1953,19.9393,28.7372,2.40023,135.43,19.1733,46.2311,173.973,34.4005,21.6693,0.616726,13.0926,87.3936,65.6596,7.32096,94.7015,46.0747,40.5379,83.8584,45.7441,22.5728,15.5291,311.692,98.0877,4.86327,10.8745,30.8488,24.7822,44.1232,0.0263323,2.93174,42.7907,2.03267,10.0697,47.1233,351.478,608.107,0.0230058,239.597,0,59.5308,14.4654,19.7563,110.586,7.7437,58.0284,32.1426,73.9199,27.8128,22.8323,
0.245,2.94065,13.4823,56.6182,6.56753,19.3626,34.528,17.3568,51.7515,174.66,54.533,0.0295453,42.8853,113.264,157.431,5.79307,23.5587,26.8232,9.47713,56.354,0.0121438,5.2106,53.7184,46.3444,6.61519,72.9286,386.319,137.354,0.00362734,291.375,1.46551,53.0628,21.395,29.8952,2.29815,135.302,19.375,46.064,152.43,34.1447,21.5141,0.572678,12.8191,86.0505,64.1379,7.11884,93.4896,50.2746,42.1947,83.8317,45.5479,22.8337,15.7237,309.685,96.846,4.98573,11.1296,32.8315,24.5708,45.8917,0.0361098,2.95395,42.2652,2.08006,10.0583,48.1292,352.808,608.888,0.0303714,243.445,0,59.5365,15.8741,21.4352,111.826,7.69939,57.1022,32.6575,60.9383,31.0162,24.3325,
0.25,2.91215,13.2555,56.1331,6.47779,19.2182,33.6687,18.1956,52.3593,174.565,54.5689,0.0330388,42.7906,111.824,158.247,5.78,23.5062,27.6152,9.66468,58.7236,0.0196517,5.26714,53.0611,48.8274,6.5935,74.0438,385.414,135.878,0.00697338,293.95,1.42506,52.9642,22.5356,30.7052,2.1924,135.176,19.8493,45.7523,119.691,33.8498,21.3378,0.511935,12.4754,84.729,62.7012,6.99557,91.8155,54.1935,43.633,83.8172,45.3734,23.1063,15.8579,307.582,95.5656,4.99842,11.1428,34.3453,24.3242,47.5105,0.0479211,2.96988,41.758,2.13111,10.0475,49.0492,353.992,609.395,0.0395248,244.637,0,59.5391,17.1612,22.9274,111.265,7.66038,56.3353,32.8509,30.2397,33.9352,25.9784,
0.255,2.87377,13.0288,55.9701,6.48645,19.0478,32.664,18.7469,52.6179,174.5,54.6198,0.0369316,42.8995,110.649,159.056,5.70389,23.1794,28.3527,9.85791,60.8827,0.0300106,5.32547,52.5002,51.0478,6.57196,75.1053,384.656,134.642,0.0115629,296.631,1.37574,52.9071,23.3178,31.1584,2.08447,135.064,20.5762,45.5897,117.52,33.5102,21.1432,0.597183,12.5066,83.8085,61.3437,7.16111,91.7127,57.7041,44.8056,83.8143,45.221,23.492,16.0485,305.981,94.5762,4.90617,10.9276,35.3031,24.2905,48.9824,0.0614101,2.99345,41.2661,2.18617,10.0377,49.8803,355.253,610.174,0.0509675,246.177,0,59.5364,18.2859,24.1728,111.297,7.62378,55.7305,33.202,23.8652,36.3811,27.6772,
0.26,2.83623,12.814,55.9783,6.56676,18.9198,32.0565,19.0017,52.5247,174.466,54.6858,0.0409319,42.9779,109.444,159.491,5.58522,22.6384,29.0139,10.0264,62.5621,0.0437959,5.3802,52.0281,52.8188,6.54986,76.3751,383.918,133.628,0.0177397,300.897,1.32098,52.8964,23.7389,31.2612,1.97473,134.963,21.3608,45.4768,135.335,33.131,20.9281,0.682924,12.9325,82.9715,60.0607,7.4315,92.9793,60.6781,45.642,83.8252,45.0908,24.0086,16.2758,304.247,93.5486,4.72935,10.5162,35.6587,24.1572,50.1001,0.0758967,3.01035,40.7884,2.24509,10.0279,50.6518,356.372,611.096,0.0648867,249.035,0,59.5275,19.2,25.1217,112.515,7.58768,55.2815,33.7399,34.1396,38.1641,29.3146,
0.265,2.79383,12.6359,56.1017,6.69232,18.8435,31.8081,18.9728,52.1174,174.463,54.7663,0.0450749,43.0221,108.576,159.316,5.43175,21.9577,29.5816,10.1159,62.8456,0.0610949,5.41632,51.6265,53.2772,6.52915,76.0789,383.222,132.913,0.0261923,300.915,1.26073,52.9345,23.8051,31.0108,1.86141,134.882,22.0322,45.4697,150.851,32.7085,20.6918,0.775809,13.6289,82.6202,58.8489,7.72685,95.0012,62.9765,46.1101,83.8497,44.9818,24.4214,16.3739,302.968,92.8612,4.48808,9.96381,35.4179,24.2657,50.2509,0.0906656,3.02678,40.3211,2.30632,10.0182,51.2958,356.823,611.618,0.0814746,251.446,0,59.5144,19.8591,25.7156,112.748,7.55228,54.9732,34.075,46.063,39.2039,30.793,
0.27,2.75431,12.4937,56.4599,6.88683,18.8247,31.7195,18.685,51.4618,174.487,54.8606,0.0492947,43.1075,107.92,158.711,5.27449,21.2203,30.0461,10.1738,62.2826,0.0811592,5.45013,51.277,52.91,6.50653,74.6068,382.532,132.306,0.0378963,296.823,1.19743,53.0216,23.5392,30.4658,1.74675,134.823,22.6593,45.4698,160.505,32.2398,20.4406,0.850762,14.6645,82.5893,57.7063,8.14959,98.0441,64.471,46.1435,83.8858,44.8916,24.8069,16.363,302.041,92.362,4.2154,9.33583,34.6364,24.3846,49.7946,0.104997,3.04354,39.8621,2.36867,10.0073,51.756,356.889,611.839,0.100598,253.051,0,59.5012,20.2376,25.9086,111.746,7.51747,54.7917,34.215,48.3276,39.4952,32.0246,
0.275,2.71513,12.3665,56.7561,7.06975,18.8215,31.6759,18.1805,50.6053,174.536,54.9657,0.0532962,43.0601,107.17,157.918,5.1249,20.5071,30.4054,10.2654,61.8914,0.10299,5.49939,50.9724,52.6427,6.4856,73.6122,381.743,131.65,0.054251,293.872,1.13263,53.1558,23.0049,29.6803,1.63031,134.772,23.1173,45.3837,163.325,31.7399,20.1719,0.949159,15.708,82.4109,56.6285,8.44382,100.574,65.0661,45.76,83.9333,44.8194,25.071,16.3082,300.921,91.7618,3.93909,8.70029,33.415,24.3247,49.4176,0.118386,3.05965,39.4079,2.43057,9.99563,52.0555,356.758,611.811,0.121854,253.626,0,59.4925,20.3107,25.6916,111.071,7.48469,54.7241,34.2312,50.3946,39.1134,32.9426,
0.28,2.67057,12.2522,57.1835,7.27557,18.8056,31.3525,17.5169,49.6189,174.605,55.08,0.0571479,43.1128,106.617,157.168,5.00279,19.8761,30.664,10.3872,61.6251,0.125331,5.55628,50.7007,52.4345,6.46261,72.1347,380.972,130.922,0.0768398,288.718,1.06705,53.3352,22.261,28.7419,1.51238,134.75,23.4506,45.2739,151.603,31.2092,19.8907,0.896268,16.8034,82.3986,55.6129,8.79706,103.036,64.7394,44.9906,83.9903,44.7621,25.325,16.1673,300.136,91.3693,3.67766,8.11031,31.8818,24.4185,49.1332,0.130397,3.07552,38.9583,2.49115,9.98348,52.1813,356.602,611.673,0.144649,253.072,0,59.4943,20.1026,25.0886,108.917,7.45663,54.7501,34.028,34.919,38.1784,33.5548,
0.285,2.63067,12.1858,57.7281,7.49734,18.8015,31.0453,16.7697,48.6101,174.696,55.2026,0.0608366,43.2785,106.607,156.5,4.90741,19.362,30.8318,10.5011,60.8642,0.147432,5.60889,50.4533,51.8639,6.43991,70.4214,380.479,130.659,0.107144,283.415,1.00266,53.5569,21.3928,27.755,1.39382,134.741,23.6357,45.4493,148.069,30.6504,19.6017,1.10163,17.9121,83.1037,54.661,9.15543,105.511,63.5627,43.9359,84.0553,44.7193,25.5238,15.9927,300.218,91.5278,3.45703,7.60389,30.1751,24.8663,48.5493,0.140953,3.09753,38.5111,2.54963,9.97212,52.1304,356.277,611.517,0.168112,251.666,0,59.5133,19.6602,24.1745,106.832,7.43561,54.8537,33.7566,29.2981,36.8807,33.8486,
0.29,2.58776,12.1878,58.3985,7.73387,18.8301,30.9226,16.1129,47.7594,174.803,55.333,0.0642558,43.5648,107.298,155.961,4.84692,18.9724,30.924,10.6157,59.7008,0.169173,5.65552,50.2233,50.981,6.42505,68.5105,380.244,130.936,0.146386,277.925,0.878668,53.829,20.6627,26.8725,1.27627,134.723,23.7016,45.8911,148.112,29.2814,18.9165,0.905861,19.0118,84.5312,53.7766,9.52657,108.137,61.7363,42.7274,84.129,44.6893,25.6847,15.806,301.232,92.2598,3.28121,7.20335,28.4298,25.4907,47.7158,0.150157,3.11311,38.0694,2.60774,9.96717,51.9116,355.835,611.413,0.191463,249.864,0,59.5584,19.1045,23.0787,104.974,7.41709,55.017,33.4748,26.9506,35.0469,33.6505,
0.295,2.57781,12.2387,59.0498,7.94642,18.8795,30.9093,15.3422,46.9103,174.926,55.4662,0.0671187,43.8299,107.717,155.668,4.79672,18.6518,30.923,10.7802,59.3498,0.188033,5.73345,49.9754,50.8074,6.38739,67.5833,380.025,131.348,0.192792,275.084,0.884285,54.0979,19.6966,26.0137,1.163,134.787,23.6425,46.2846,148.586,29.8459,19.2085,1.24766,20.005,85.8216,52.9485,9.81146,110.385,59.2998,41.4018,84.2081,44.6695,25.8173,15.6805,302.217,92.8066,3.14339,6.8887,26.72,25.7731,47.3938,0.156223,3.12992,37.607,2.65662,9.95588,51.6246,355.631,611.469,0.212174,248.448,0,59.6167,18.3424,21.8325,104.014,7.4261,55.2235,33.3072,26.1017,34.067,33.7531,
0.3,2.47865,12.2954,59.7853,8.16291,18.9525,30.991,14.9678,46.5266,175.064,55.6064,0.0697177,44.1201,108.461,155.25,4.76745,18.428,30.894,10.9462,58.7881,0.207013,5.80087,49.7686,50.5136,6.37833,66.4415,379.805,131.847,0.247644,271.889,0.764993,54.418,19.2801,25.5716,1.0504,134.794,23.5468,46.6792,151.579,28.1556,18.3331,0.914186,20.9682,87.0233,52.1928,10.1166,112.724,56.7448,40.1959,84.2953,44.6604,25.9599,15.574,303.369,93.5005,3.05742,6.6865,25.1832,26.0883,46.9389,0.161833,3.15152,37.1685,2.71023,9.95918,51.2517,355.42,611.582,0.231759,247.382,0,59.7176,17.6961,20.6672,103.06,7.43143,55.4682,33.172,27.2058,32.2138,33.0735,
0.305,2.62365,12.378,60.4433,8.33645,19.04,31.1415,14.6848,46.3198,175.217,55.7487,0.0717063,44.3879,109.163,155.028,4.73696,18.2112,30.8003,11.1333,58.5246,0.223976,5.87319,49.5462,50.6652,6.34904,65.9655,379.692,132.539,0.30675,270.872,0.715093,54.6998,18.9225,25.3417,0.943768,134.849,23.434,47.1429,150.286,27.8394,18.1978,1.32829,21.7595,88.2254,51.4951,10.3088,114.476,54.1404,39.1013,84.3885,44.6606,26.0542,15.5051,304.67,94.2192,2.9985,6.55266,23.8157,26.4186,46.6722,0.165235,3.16876,36.7176,2.75747,9.95749,50.8569,355.322,611.747,0.248054,246.271,0,59.8304,17.0388,19.5788,102.563,7.45969,55.7357,33.0445,26.2382,31.2627,32.7246,
0.31,2.04054,12.4637,61.0085,8.4613,19.1262,31.2719,14.6101,46.4233,175.38,55.8897,0.0728916,44.5483,109.554,154.478,4.69288,17.9528,30.645,11.2809,58.0668,0.237647,5.95231,49.2908,50.6048,6.32125,65.1918,379.434,133.089,0.365174,268.799,0.704831,54.9516,18.8016,25.4149,0.846999,134.922,23.3303,47.3979,149.319,27.8759,18.2051,0.981477,22.3638,88.9658,50.8475,10.4178,115.589,51.7872,38.2465,84.4862,44.6681,26.1044,15.478,305.629,94.6469,2.95648,6.45895,22.6278,26.4283,46.2487,0.16551,3.188,36.248,2.79499,9.95787,50.454,355.098,611.753,0.25931,244.947,0,59.9649,16.4687,18.7037,102.123,7.50809,56.0139,32.8862,25.6764,30.8233,32.421,
0.315,2.98398,12.5114,61.4655,8.53969,19.1884,31.3355,14.9339,46.9601,175.552,56.0306,0.0734792,44.6087,109.906,153.712,4.644,17.6755,30.4729,11.4373,57.4888,0.251449,6.02774,49.0659,50.5483,6.30512,64.4845,379.115,133.54,0.423691,266.97,0.641585,55.1724,19.2064,25.9291,0.755095,134.959,23.2908,47.5522,146.583,26.8014,17.6336,1.24455,22.7577,89.3796,50.2593,10.4495,116.081,50.1003,37.7964,84.5891,44.6821,26.0975,15.4224,306.329,94.9341,2.93536,6.41865,21.6651,26.4213,45.7178,0.165166,3.20384,35.7986,2.83433,9.96507,50.0153,354.804,611.619,0.267636,243.29,0,60.1184,16.199,18.1975,101.301,7.55758,56.3,32.6535,24.8192,30.1728,31.8472,
0.32,1.05112,12.5044,61.8722,8.59412,19.2371,31.2624,15.4926,47.7769,175.733,56.168,0.0733396,44.454,109.449,152.542,4.57156,17.3295,30.2556,11.6009,57.3536,0.262704,6.11351,48.8216,50.8859,6.28052,64.1438,378.506,133.393,0.478033,265.703,0.596124,55.319,19.9086,26.7308,0.671208,134.992,23.3723,47.2895,147.505,26.153,17.3149,0.980379,23.108,88.8654,49.7145,10.502,116.473,49.2387,37.7731,84.6962,44.7017,26.0897,15.291,305.699,94.4211,2.92505,6.39386,20.8711,25.951,45.4143,0.163068,3.22311,35.3432,2.86743,9.96754,49.5914,354.64,611.41,0.271924,242.27,0,60.2704,16.2013,18.1067,100.094,7.61838,56.59,32.4167,25.3485,30.0472,31.4914,
0.325,3.71071,12.4216,62.0555,8.58678,19.228,30.9746,16.2935,48.8569,175.916,56.2985,0.0723622,44.1596,108.429,151.712,4.48206,16.9262,29.9976,11.8603,58.7666,0.271311,6.22767,48.5784,52.5984,6.25633,65.3752,377.73,132.777,0.525979,268.717,0.561404,55.389,20.912,27.8127,0.596388,135.027,23.4305,46.7789,142.37,25.6843,17.0768,1.24009,23.2831,87.4556,49.2014,10.4272,115.991,49.3996,38.273,84.8063,44.7267,26.0828,15.2605,304.296,93.3555,2.91722,6.38375,20.2292,25.2866,46.1048,0.159208,3.23328,34.8865,2.895,9.96781,49.2773,354.951,611.42,0.2724,242.251,0,60.4155,16.5478,18.4991,100.218,7.68696,56.8815,32.355,24.27,30.2767,31.2897,
0.33,2.26168,12.2843,62.0709,8.52657,19.1949,30.7328,17.3191,50.1838,176.101,56.4217,0.0707288,43.8446,107.245,151.127,4.38497,16.4978,29.7055,12.1513,60.8545,0.27744,6.34507,48.3477,54.8567,6.23146,67.0086,377.021,132.045,0.566907,273.24,0.531099,55.3776,22.204,29.129,0.530347,135.041,23.3995,46.2834,147.938,25.2335,16.8379,0.992476,23.3191,85.7983,48.7153,10.2856,115.038,50.6784,39.2978,84.9207,44.755,26.1139,15.3415,302.593,92.1247,2.91656,6.39447,19.7276,24.767,47.262,0.15402,3.24139,34.4341,2.91808,9.96626,49.1306,355.579,611.723,0.269331,243.716,0,60.5456,17.2813,19.4025,101.616,7.75586,57.1806,32.5602,31.5097,30.6586,31.1864,
0.335,2.72892,12.125,61.8898,8.40683,19.1208,30.4747,18.5187,51.6603,176.286,56.5341,0.0685427,43.5239,106.136,150.689,4.28863,16.0841,29.3833,12.4281,62.7751,0.281486,6.45512,48.1334,57.0605,6.20852,68.3202,376.45,131.277,0.600935,277.069,0.500676,55.2805,23.734,30.6294,0.472768,135.041,23.304,45.8558,145.519,24.738,16.5704,1.14144,23.129,84.3791,48.2487,10.0453,113.372,53.0435,40.8033,85.0378,44.7876,26.1244,15.4838,300.902,90.996,2.93295,6.43912,19.3614,24.4372,48.3405,0.147645,3.24115,33.9877,2.93688,9.96369,49.1325,356.201,612.039,0.263127,245.248,0,60.6516,18.4073,20.7798,103.07,7.82147,57.4811,32.7806,33.918,31.0643,31.1551,
0.34,0.827928,11.9852,61.6342,8.25923,19.0099,30.161,19.8094,53.1899,176.47,56.6362,0.0659723,43.3312,105.402,150.67,4.21404,15.7283,29.0365,12.712,64.5944,0.283783,6.56355,47.9374,59.3521,6.18546,69.5221,376.173,130.743,0.628254,280.661,0.466093,55.1028,25.4175,32.1963,0.424045,135.029,23.208,45.6264,137.491,24.1812,16.2746,0.946953,22.7669,83.6389,47.8021,9.80804,111.447,56.3508,42.6958,85.1569,44.8228,26.1502,15.6337,299.707,90.2485,2.97288,6.53455,19.1352,24.4038,49.3859,0.140262,3.24585,33.5476,2.95218,9.96194,49.245,356.883,612.448,0.25424,246.401,0,60.7297,19.8705,22.5344,104.146,7.8791,57.7898,32.9745,28.7787,31.3406,31.1468,
0.345,3.77628,11.8811,61.5601,8.16395,18.914,29.9086,21.1119,54.6731,176.656,56.7309,0.063305,43.3319,105.014,150.971,4.15949,15.4666,28.6725,12.9953,66.3203,0.284483,6.66897,47.7645,61.7193,6.16643,70.8139,376.156,130.501,0.649556,284.73,0.418715,54.8617,27.1443,33.7082,0.382327,134.989,23.2679,45.5517,139.495,23.3985,15.8709,1.10159,22.5718,83.43,47.3754,9.77671,110.701,60.3779,44.829,85.2784,44.8627,26.3036,15.8368,298.979,89.7847,3.03471,6.69139,19.0638,24.4357,50.3885,0.131976,3.24189,33.114,2.96595,9.9632,49.4502,357.778,613.178,0.24312,248.247,0,60.7787,21.5927,24.5467,105.167,7.92479,58.1107,33.3241,27.6693,31.3207,31.0891,
0.35,2.21176,11.8099,61.3408,8.04706,18.8175,29.811,22.243,55.8757,176.838,56.8163,0.0602164,43.1664,104.556,150.924,4.13682,15.3249,28.2999,13.205,67.2123,0.283453,6.75969,47.6013,63.4964,6.14305,71.8343,376.148,130.407,0.664747,288.582,0.383502,54.5694,28.6547,34.9928,0.348751,134.954,23.4178,45.4542,141.217,23.0484,15.6957,1.00183,22.2794,83.2642,46.9663,9.63105,109.642,64.7805,47.0063,85.4022,44.9059,26.3975,15.9627,298.007,89.248,3.12644,6.91002,19.1547,24.309,50.8395,0.122714,3.24275,32.6853,2.97631,9.96326,49.7011,358.322,613.605,0.229815,249.451,0,60.7945,23.4078,26.6337,105.925,7.96098,58.4462,33.5367,32.3746,31.2299,31.069,
0.355,2.69327,11.7609,60.9724,7.89575,18.6833,29.6262,23.2216,56.8494,177.02,56.8948,0.0570078,43.0153,104.363,151.035,4.15335,15.3284,27.9347,13.4203,67.9745,0.281766,6.85684,47.4626,65.2797,6.12709,72.6528,376.238,130.388,0.675718,291.586,0.329547,54.269,30.004,36.0284,0.321168,134.907,23.7392,45.4158,127.998,22.2143,15.2634,0.989469,21.7671,83.3008,46.5764,9.39597,107.885,69.2922,49.0777,85.5276,44.9523,26.4041,16.0454,297.318,88.9137,3.24394,7.19428,19.425,24.2824,51.1917,0.112878,3.24227,32.2672,2.98422,9.96776,49.9529,358.735,613.817,0.214923,249.38,0,60.7893,25.2143,28.6433,105.993,7.98132,58.7945,33.5786,25.5885,30.6758,30.8704,
0.36,0.931045,11.7356,60.9972,7.85592,18.5985,29.5067,23.7917,57.3143,177.203,56.9701,0.0540322,43.0944,104.269,151.031,4.20659,15.4924,27.5907,13.609,68.1511,0.280518,6.94136,47.3559,66.401,6.09815,72.7845,376.412,130.582,0.685136,292.503,0.30657,53.959,30.8043,36.61,0.298999,134.895,24.2451,45.4076,137.047,22.3842,15.3556,1.0474,21.6877,83.5747,46.2131,9.54445,108.275,73.5078,50.8083,85.6542,45.0028,26.5707,16.1284,297.041,88.7467,3.3948,7.54374,19.8836,24.3595,51.1696,0.102873,3.23416,31.861,2.99312,9.96899,50.1619,359.175,614.258,0.198944,250.137,0,60.7561,26.7939,30.3806,105.535,7.99586,59.1632,33.751,25.9114,30.3644,30.8596,
0.365,3.61634,11.7226,60.7731,7.77512,18.5377,29.6802,24.0717,57.4175,177.385,57.0396,0.0506748,42.9034,104.033,150.645,4.299,15.7998,27.274,13.7619,67.9443,0.279145,7.02002,47.2535,67.0631,6.07863,73.0328,376.472,130.826,0.692391,294.104,0.277288,53.6895,31.2565,36.8043,0.281831,134.89,24.7237,45.356,147.148,22.1672,15.2135,1.05689,21.4902,83.565,45.8697,9.43368,107.918,77.19,52.1115,85.7823,45.0559,26.62,16.1959,296.333,88.3741,3.56685,7.94568,20.5157,24.1677,50.8623,0.0926274,3.23096,31.4602,2.99881,9.97279,50.3469,359.18,614.329,0.182212,250.512,0,60.7195,28.0862,31.734,106.283,7.99914,59.5453,33.8804,37.6787,29.7959,30.6608,
0.37,1.95186,11.7035,60.4245,7.66194,18.4696,29.7772,24.0189,57.1282,177.566,57.1017,0.0473269,42.7283,103.657,150.42,4.41769,16.2173,26.9963,13.953,68.3556,0.276989,7.11205,47.1517,68.1051,6.05996,73.5156,376.389,130.798,0.697022,295.697,0.244183,53.4716,31.2892,36.5812,0.269648,134.905,25.0808,45.1402,143.549,21.8094,15.0054,0.998445,21.1623,83.1698,45.5412,9.26141,106.919,80.0312,52.8561,85.9092,45.111,26.6573,16.3059,295.488,87.8594,3.75733,8.39108,21.3107,23.8663,50.925,0.0819959,3.21888,31.0655,3.00039,9.97774,50.5265,359.27,614.359,0.164727,250.623,0,60.6851,28.9578,32.5679,107.041,7.99754,59.9324,34.0013,39.9069,29.1854,30.3725,
0.375,2.86614,11.6678,60.0653,7.54567,18.4047,29.8356,23.6251,56.453,177.738,57.1559,0.0440273,42.51,103.215,149.857,4.55645,16.7078,26.7678,14.1007,68.3453,0.274528,7.19587,47.0522,68.6159,6.04148,73.3005,376.21,130.636,0.699475,295.046,0.211232,53.3193,30.8747,35.9512,0.261832,134.944,25.291,44.8408,145.591,21.4776,14.8267,0.994694,20.827,82.6045,45.2277,9.11658,105.934,81.7566,52.9221,86.033,45.1668,26.653,16.3821,294.502,87.2736,3.96435,8.86673,22.2553,23.5806,50.7294,0.071459,3.21258,30.6802,2.99829,9.98146,50.6735,359.159,614.22,0.147048,250.588,0,60.6606,29.3208,32.7776,107.307,7.99485,60.3202,34.0666,42.2697,28.7408,30.107,
0.38,0.863578,11.608,59.7312,7.44514,18.2976,29.577,22.9167,55.4462,177.907,57.2035,0.0407884,42.3059,102.726,149.424,4.70681,17.2304,26.5947,14.2803,68.5964,0.273366,7.23095,46.9762,69.1982,6.02158,72.7028,375.943,130.147,0.703262,292.374,0.180923,53.2455,30.0453,34.9782,0.257487,135.01,25.33,44.4178,131.867,21.2383,14.6983,0.991987,20.512,82.0192,44.9314,9.03285,104.955,82.1553,52.285,86.1547,45.2228,26.6201,16.3615,293.463,86.6517,4.18179,9.36364,23.3355,23.3465,50.6869,0.0614247,3.20016,30.3091,2.99463,9.9838,50.7675,359.009,613.926,0.129824,249.914,0,60.65,29.1324,32.3212,106.492,7.99412,60.7041,33.9514,29.6365,28.6157,29.9369,
0.385,3.6701,11.6316,59.5714,7.39256,18.263,29.2872,22.2457,54.4819,178.049,57.2367,0.0379173,42.1501,102.702,149.096,4.7912,17.6212,26.4528,14.3209,68.5723,0.258946,7.34649,46.6767,69.584,6.04261,72.082,375.786,129.588,0.682778,289.503,0.106264,53.3008,29.337,33.9221,0.264147,135.012,25.4581,44.0947,124.986,18.6065,13.3452,1.02582,20.3561,81.4608,44.5961,9.0368,104.501,81.0901,51.0542,86.2603,45.2725,26.622,16.3332,292.614,86.2601,4.3546,9.76552,24.3772,23.1003,50.6046,0.0501235,3.17895,29.9182,2.97747,9.99388,50.8797,358.929,613.657,0.11222,249.492,0,60.6915,28.4098,31.2044,105.767,8.00064,61.0631,33.8833,23.9122,27.9815,29.3738,
0.39,2.18978,11.5221,59.7064,7.45782,18.1289,28.9284,21.022,52.9888,178.199,57.2755,0.0353617,42.2043,102.217,149.119,4.93235,18.0959,26.3983,14.6179,69.7077,0.260261,7.44194,46.7274,71.0687,5.99835,72.701,375.775,129.165,0.686317,290.706,0.0882865,53.3749,27.7879,32.4372,0.268003,135.149,25.6931,43.8028,137.194,19.7555,14.0666,1.17091,20.7559,81.0711,44.3336,9.39652,106.26,78.4615,49.1017,86.3723,45.3278,26.8105,16.3884,291.724,85.6632,4.566,10.2403,25.6431,22.9933,51.1371,0.0416835,3.1785,29.5935,2.98072,9.98705,50.9343,359.391,614.032,0.096819,251.288,0,60.6952,27.1144,29.4548,105.729,8.01779,61.4509,34.1554,26.1531,29.2698,29.8384,
0.395,2.6171,11.4674,59.9376,7.57233,18.1099,28.7007,19.771,51.5881,178.341,57.3131,0.0327341,42.1286,101.953,148.287,5.02859,18.4431,26.3761,14.7023,68.7983,0.260913,7.49258,46.6763,70.6515,5.97702,70.7911,375.745,128.76,0.689325,284.694,0.0735931,53.5491,26.1942,30.9645,0.275039,135.304,26.1413,43.5825,140.08,20.3303,14.3117,1.2573,21.3976,80.9897,44.0763,9.71071,108.382,74.4319,46.7137,86.4798,45.3826,26.9802,16.2728,291.022,85.2592,4.73391,10.6239,26.8347,22.9828,50.4376,0.0340844,3.16682,29.2665,2.98055,9.98432,50.9195,359.079,613.754,0.0827063,251.929,0,60.7312,25.418,27.2317,104.041,8.04192,61.8495,34.0441,25.9165,30.7703,30.2987,
0.4,0.765586,11.4795,60.1016,7.66849,18.0866,28.6315,18.5836,50.3393,178.472,57.3497,0.0303828,42.1743,102.303,148.263,5.08843,18.6743,26.3861,14.8371,68.2145,0.26137,7.55809,46.5962,70.4223,5.95889,69.4664,376.046,128.824,0.691481,280.301,0.0617347,53.7842,24.6708,29.6213,0.285429,135.477,26.666,43.7186,136.212,20.6824,14.4186,1.25563,21.9231,81.734,43.8302,9.86667,109.74,69.2764,44.1086,86.5834,45.4375,26.9907,16.1731,291.239,85.4657,4.86284,10.9173,27.9436,23.37,49.9593,0.0272895,3.15461,28.9481,2.97978,9.98314,50.8467,358.736,613.47,0.0699289,251.43,0,60.7764,23.4538,24.7218,103.392,8.07272,62.2582,33.9566,24.035,32.5172,30.9095,
0.405,3.6912,11.5664,60.1127,7.70009,18.0661,28.7181,17.5314,49.2954,178.593,57.3831,0.0281994,42.2299,103.241,148.035,5.12761,18.7993,26.4211,14.8994,66.3656,0.261636,7.60073,46.4884,68.9748,5.94137,66.9338,376.542,129.367,0.693158,272.74,0.0526482,54.0526,23.2952,28.4654,0.298549,135.655,27.2169,44.1009,128.035,20.9437,14.4909,1.18169,22.0649,83.2147,43.6024,9.80567,109.762,63.3839,41.4693,86.6812,45.4914,26.7589,15.9959,292.362,86.2023,4.94954,11.1151,28.9292,23.9007,48.7657,0.0214126,3.15066,28.641,2.97775,9.98408,50.6527,357.751,612.706,0.0586308,248.777,0,60.8197,21.3849,22.1186,102.164,8.10672,62.6672,33.5814,21.1808,34.4353,31.7091,
0.41,2.34197,11.7057,60.0874,7.69263,18.0576,28.9124,16.6615,48.5019,178.699,57.4139,0.0261821,42.2569,104.319,147.169,5.13627,18.8349,26.4741,14.8814,63.2857,0.261888,7.62609,46.3468,66.5175,5.92442,63.8695,377.042,130.131,0.694248,263.885,0.0456867,54.3233,22.1493,27.5541,0.314264,135.839,27.9761,44.4932,124.731,21.1801,14.5563,1.12436,21.924,84.7928,43.3944,9.69133,109.233,57.2116,38.989,86.7751,45.5442,26.4804,15.7824,293.708,87.037,4.98764,11.2128,29.7497,24.2486,46.7891,0.0162334,3.14737,28.3421,2.97476,9.98533,50.2766,356.374,611.613,0.0486731,244.536,0,60.8525,19.3529,19.6145,100.059,8.14211,63.0753,33.0209,19.9738,36.352,32.6299,
0.415,2.291,11.8579,60.0412,7.66139,18.0566,29.1285,16.0016,47.9553,178.788,57.4396,0.024324,42.1661,105.149,145.89,5.13106,18.8028,26.5353,14.8424,59.8834,0.262136,7.65911,46.1624,63.4991,5.90642,60.7074,377.311,130.762,0.6947,254.475,0.0405544,54.567,21.2611,26.9249,0.332969,136.009,28.8429,44.6806,122.61,21.4067,14.6193,1.08363,21.6023,85.9917,43.2086,9.56063,108.461,51.2068,36.7851,86.8628,45.5941,26.0525,15.4247,294.642,87.6098,4.97897,11.2032,30.3678,24.3744,44.5601,0.011792,3.14572,28.0511,2.96967,9.98579,49.7117,354.663,610.205,0.0401542,239.522,0,60.8642,17.4749,17.363,97.1314,8.17364,63.4756,32.2824,19.5588,38.0439,33.6408,
0.42,2.43798,12.0241,59.9783,7.61302,18.0578,29.4079,15.4643,47.56,178.866,57.4621,0.0226361,42.1259,106.121,144.647,5.12332,18.7437,26.6009,14.8246,56.2584,0.264297,7.66416,45.964,60.4388,5.8778,58.0234,377.766,131.706,0.698371,247.108,0.0466873,54.7445,20.5096,26.4802,0.352121,136.184,29.7624,45.0484,120.68,22.4451,15.0891,1.03651,21.1213,87.4514,43.0542,9.41673,107.572,45.7524,34.9483,86.9449,45.6413,25.5528,15.0239,295.996,88.4287,4.93026,11.0925,30.7738,24.801,42.2058,0.00801367,3.14508,27.7679,2.964,9.98387,48.9565,352.862,608.779,0.0327937,233.938,0,60.8414,15.8274,15.4646,94.0277,8.19804,63.8652,31.456,18.5074,39.5561,34.7445,
0.425,2.05498,12.237,59.9879,7.57406,18.1183,29.7472,15.3383,47.5751,178.921,57.4779,0.0211703,42.0457,107.304,142.692,5.08991,18.6165,26.6556,14.6875,51.7428,0.259939,7.68395,45.6065,56.5519,5.88058,55.0128,378.088,132.703,0.689706,239.019,0.035254,54.8902,20.3431,26.3986,0.375693,136.275,30.7916,45.3013,119.437,21.3963,14.4767,1.01391,20.6231,88.6235,42.9002,9.30918,106.907,41.145,33.5678,87.0184,45.6821,25.0395,14.6719,297.385,89.248,4.81353,10.8417,30.8609,24.9585,39.3306,0.00441931,3.15092,27.4814,2.9539,9.98438,48.029,350.738,607.158,0.0264543,227.888,0,60.8017,14.4934,13.9781,90.7919,8.21062,64.215,30.5347,18.1458,39.9343,35.4548,
0.43,2.75802,12.3509,59.8873,7.51943,18.1084,29.879,15.1648,47.515,178.963,57.4888,0.0197564,41.8061,107.453,140.693,5.08566,18.5442,26.7143,14.6842,48.8428,0.260379,7.72143,45.3096,53.8071,5.84745,53.3353,377.961,133.127,0.688383,233.997,0.041424,54.9052,20.063,26.3381,0.39913,136.391,31.7125,45.1143,117.969,22.4634,15.0085,0.982808,20.0954,88.7724,42.7847,9.18923,106.025,37.4967,32.5786,87.0861,45.7195,24.5328,14.4003,297.641,89.2802,4.67483,10.5341,30.7567,24.6494,37.3224,0.00130645,3.15267,27.2041,2.94394,9.97593,46.9742,348.937,605.649,0.0210495,222.53,0,60.706,13.4504,12.893,88.4796,8.20992,64.5395,29.7409,17.7004,40.1892,36.2768,
0.435,1.13019,12.4089,59.7834,7.4705,18.1114,29.8966,15.1778,47.6547,178.99,57.4932,0.018396,41.6642,107.398,139.396,5.08711,18.4994,26.7659,14.8055,48.2048,0.260797,7.78304,44.9638,53.0052,5.82778,53.3905,377.716,133.3,0.686574,233.596,0.0468867,54.8469,20.0402,26.4616,0.423182,136.465,32.1927,44.8283,118.617,22.8782,15.1355,0.973462,19.6502,88.2943,42.6827,9.10558,105.247,34.8538,31.9694,87.1498,45.751,24.1855,14.3351,297.759,89.0869,4.5093,10.1572,30.3932,24.3662,36.77,0,3.15441,26.9298,2.93156,9.96682,45.9744,347.993,604.808,0.0163919,219.536,0,60.5796,12.729,12.2028,88.0583,8.19085,64.8179,29.3783,17.9721,39.5299,36.7415,
0.44,3.49481,12.4466,59.7431,7.4436,18.1233,29.8928,15.3303,47.8918,179.006,57.4894,0.0171959,41.557,107.365,138.205,5.09638,18.4948,26.8094,14.89,47.5714,0.258919,7.82916,44.5594,52.2665,5.8134,53.1779,377.48,133.446,0.680781,233.038,0.0492186,54.7053,20.2152,26.682,0.447819,136.491,32.0719,44.5408,120.432,22.8528,15.0494,0.980891,19.354,87.8535,42.5856,9.08519,104.835,33.1185,31.6864,87.2057,45.776,23.9444,14.3019,297.827,88.9343,4.3215,9.73629,29.7925,24.2871,36.3136,0,3.15671,26.6544,2.91673,9.9561,45.0573,347.187,604.187,0.0122971,217.74,0,60.4256,12.2847,11.8347,87.5857,8.15593,65.03,29.1176,18.5531,38.0479,36.8024,
0.445,2.44729,12.474,59.7374,7.43433,18.1375,29.8875,15.541,48.1477,179.007,57.4777,0.0161222,41.4819,107.308,137.506,5.11946,18.5527,26.8484,15.015,47.6325,0.255347,7.87725,44.1305,52.3375,5.79959,53.6445,377.353,133.573,0.671206,234.534,0.0497109,54.4865,20.4812,26.9496,0.472896,136.484,31.3296,44.3051,121.395,22.7037,14.9255,0.986134,19.1814,87.5685,42.4932,9.09555,104.677,32.1366,31.6627,87.255,45.793,23.7546,14.2368,297.772,88.747,4.13167,9.31731,29.017,24.2797,36.3419,0,3.15924,26.3818,2.89992,9.94379,44.2778,346.774,603.847,0.00866865,217.104,0,60.2481,12.0711,11.7214,87.2621,8.10596,65.1672,28.9837,18.8592,35.9151,36.4903,
0.45,2.39517,12.5197,59.7429,7.43277,18.1648,29.9279,15.7431,48.3619,178.998,57.4587,0.0151723,41.4827,107.348,137.427,5.14996,18.6655,26.8829,15.1666,48.4462,0.248071,7.94687,43.6651,53.2616,5.78768,54.592,377.378,133.749,0.654282,237.462,0.0487368,54.2132,20.7484,27.1669,0.49887,136.453,30.1161,44.2084,121.934,22.5331,14.8052,0.981327,19.067,87.4986,42.3995,9.09724,104.572,31.7169,31.7898,87.2961,45.8023,23.6322,14.2235,297.864,88.6667,3.95466,8.92373,28.1151,24.3451,36.9063,0,3.16153,26.1096,2.88203,9.93167,43.685,346.813,603.844,0.00540983,217.541,0,60.0555,12.0169,11.7877,87.7839,8.04618,65.2159,29.0398,19.4861,33.3412,35.793,
0.455,2.53224,12.5502,59.7893,7.44729,18.1826,29.9939,15.8854,48.4594,178.988,57.4344,0.0143183,41.4952,107.443,137.442,5.22037,18.8792,26.9331,15.3201,49.0194,0.243414,8.0011,43.2601,54.0785,5.7725,55.0839,377.484,133.998,0.641147,239.371,0.0468146,53.9126,20.9585,27.2983,0.522233,136.408,28.5252,44.1537,124.338,22.3806,14.696,0.991799,19.0471,87.6917,42.3267,9.14198,104.79,31.7163,32.0054,87.3335,45.8066,23.5351,14.1064,297.934,88.6138,3.81484,8.61349,27.2099,24.4816,37.32,0,3.16561,25.8432,2.86614,9.92199,43.2295,346.843,603.857,0.00242674,218.348,0,59.8496,12.0993,11.9596,87.5394,7.97194,65.1947,29.0714,20.4151,30.539,34.7771,
0.46,2.25343,12.62,59.8662,7.4693,18.2237,30.1448,15.9176,48.4027,178.977,57.4062,0.0135474,41.6171,107.904,137.82,5.30306,19.148,26.9934,15.4696,49.4087,0.239039,8.03644,42.8552,54.724,5.7573,55.1519,377.803,134.507,0.628088,239.998,0.0445955,53.619,21.0261,27.2786,0.54209,136.357,26.7533,44.3406,123.655,22.2751,14.6116,0.98726,19.0361,88.4454,42.2666,9.17174,105.064,31.9588,32.2618,87.3673,45.8055,23.4337,13.9907,298.567,88.9281,3.7105,8.38274,26.3265,24.8641,37.6507,0,3.16945,25.5812,2.85102,9.91439,42.894,346.837,603.896,0,218.939,0,59.6428,12.251,12.182,87.4497,7.8905,65.0967,29.1144,19.5269,27.751,33.4927,
0.465,2.74831,12.7545,59.8764,7.46271,18.2824,30.371,15.8103,48.1922,178.963,57.3726,0.0128711,41.7457,108.591,138.343,5.3758,19.4106,27.0504,15.5586,49.4572,0.229261,8.08103,42.3855,55.0527,5.74858,55.0398,378.182,135.192,0.605665,240.08,0.0417652,53.3658,20.9112,27.1015,0.561545,136.309,24.8876,44.6281,118.45,22.1242,14.5025,0.935897,18.8512,89.4566,42.2033,9.08948,104.714,32.2811,32.5039,87.3941,45.7965,23.2503,13.8625,299.508,89.4639,3.63812,8.21952,25.4866,25.2099,37.812,0,3.17245,25.3157,2.83403,9.91027,42.6585,346.676,603.811,0,218.685,0,59.4463,12.4002,12.384,87.3511,7.8103,64.9031,29.0816,17.5689,25.1362,32.0026,
0.47,2.13279,12.9146,59.8451,7.4341,18.3244,30.6661,15.5399,47.7814,178.953,57.3376,0.0122808,42.0012,109.629,139.17,5.46545,19.7235,27.1352,15.6851,49.4535,0.221531,8.11707,41.9773,55.4769,5.73588,55.1248,378.784,136.231,0.586163,241.035,0.039436,53.1718,20.5894,26.7256,0.57556,136.283,23.1365,45.1528,115.407,22.0587,14.4389,0.881243,18.4907,90.9434,42.166,8.97285,104.054,32.6082,32.6822,87.4185,45.7849,23.0953,13.815,301.104,90.3519,3.60837,8.16267,24.8077,25.7584,37.9412,0,3.18409,25.0588,2.81993,9.91087,42.4724,346.602,603.857,0,217.976,0,59.2544,12.5435,12.5505,87.6762,7.72713,64.6429,29.1085,16.2482,22.9132,30.4659,
0.475,2.89041,13.1101,59.759,7.37736,18.3763,31.0037,15.1076,47.2018,178.948,57.3005,0.0117079,42.2418,110.731,139.893,5.55836,20.0378,27.2315,15.772,49.1221,0.212859,8.14897,41.5577,55.4419,5.72661,54.7016,379.313,137.366,0.565055,240.358,0.0372359,53.0567,20.0691,26.1556,0.585964,136.273,21.4964,45.6431,111.081,21.966,14.357,0.81609,17.9389,92.4216,42.1447,8.80082,102.991,32.8353,32.7854,87.4391,45.7678,22.8788,13.7579,302.914,91.2687,3.61964,8.18424,24.2796,26.1419,37.8606,0,3.19578,24.8038,2.80641,9.91618,42.3153,346.317,603.752,0,216.692,0,59.0759,12.6327,12.6477,87.8022,7.64617,64.3032,29.0625,14.7585,21.138,28.9166,
0.48,2.3811,13.316,59.658,7.30884,18.4302,31.356,14.5364,46.4765,178.948,57.2634,0.0112289,42.5178,111.855,140.612,5.64718,20.3554,27.3473,15.8592,48.8159,0.204246,8.1737,41.1493,55.4706,5.71821,54.3416,379.846,138.508,0.544122,239.667,0.0346665,53.0266,19.3591,25.4472,0.591806,136.286,20.2281,46.1738,108.816,21.8162,14.2497,0.76587,17.2799,93.7918,42.1426,8.63001,101.868,32.9024,32.7812,87.4597,45.749,22.704,13.7862,304.774,92.2052,3.65831,8.27536,23.9257,26.4805,37.7805,0,3.21532,24.5541,2.79484,9.92582,42.1756,346.125,603.689,0,215.398,0,58.9099,12.6533,12.6475,88.28,7.56709,63.8996,29.0737,14.0943,19.8419,27.446,
0.485,2.78118,13.5335,59.6805,7.27051,18.5146,31.7421,13.8324,45.6436,178.956,57.2291,0.0108046,42.8178,112.891,141.235,5.72526,20.6358,27.4708,15.9191,48.4412,0.193266,8.19825,40.7189,55.4888,5.7125,54.1139,380.335,139.639,0.51909,239.367,0.0335432,53.0794,18.469,24.5899,0.594838,136.32,19.399,46.6556,111.736,21.7265,14.1781,0.764564,16.7395,94.9736,42.1536,8.57316,101.456,32.7327,32.6681,87.4776,45.7263,22.6065,13.8135,306.608,93.0579,3.71429,8.40273,23.7237,26.7487,37.663,0,3.22772,24.3056,2.78481,9.93787,42.0551,346.057,603.73,0,214.75,0,58.756,12.5697,12.5355,88.5194,7.49492,63.4361,29.1267,14.6006,19.1642,26.2061,
0.49,2.47548,13.7449,59.8355,7.27738,18.623,32.1429,13.0522,44.7571,178.971,57.2003,0.0104671,43.1561,113.905,141.858,5.78341,20.8737,27.6118,15.9834,48.1432,0.181997,8.21914,40.3044,55.4477,5.70887,53.9192,380.762,140.768,0.493363,239.124,0.0327298,53.2112,17.4708,23.6829,0.59381,136.378,18.8631,47.0979,115.975,21.6026,14.0892,0.789682,16.4149,96.0591,42.183,8.62211,101.865,32.3113,32.451,87.494,45.7035,22.5923,13.8544,308.457,93.8949,3.77742,8.54895,23.6716,27.0262,37.5922,0,3.24781,24.0624,2.77862,9.95369,41.9485,346.05,603.87,0,214.749,0,58.6112,12.3837,12.3105,88.8225,7.4262,62.9274,29.2366,15.5127,19.0379,25.1893,
0.495,2.80002,13.9239,59.9939,7.30013,18.7396,32.456,12.2474,43.889,178.994,57.1748,0.010116,43.3079,114.513,141.573,5.81823,21.0148,27.7581,15.9525,46.8549,0.169558,8.20143,39.875,54.0804,5.7056,52.2537,380.836,141.484,0.465753,234.095,0.0326493,53.4147,16.4192,22.7736,0.589549,136.455,18.5432,47.2368,116.742,21.4624,13.9946,0.802292,16.2166,96.5557,42.2244,8.66774,102.377,31.626,32.1158,87.5101,45.679,22.5019,13.8271,309.731,94.3503,3.83642,8.67806,23.7199,26.9736,36.8564,0,3.26126,23.8221,2.77374,9.96931,41.7975,345.389,603.468,0,213.984,0,58.4729,12.1006,11.981,88.2121,7.36151,62.3765,29.1206,16.2372,19.4666,24.4736,
0.5,2.658,14.0594,60.0869,7.31391,18.8563,32.6044,11.5356,43.1606,179.011,57.1491,0.00984024,43.1947,114.391,140.911,5.78436,20.9665,27.882,15.8795,45.9865,0.15025,8.22977,39.3689,53.0812,5.71546,51.4659,380.483,141.455,0.426728,230.905,0.0263878,53.6924,15.497,21.975,0.589184,136.514,18.3959,46.9641,115.853,20.6325,13.5621,0.805271,16.0941,95.8944,42.2585,8.66928,102.576,30.765,31.7434,87.5183,45.6471,22.3681,13.7419,309.761,94.2086,3.85704,8.73483,23.7864,26.443,36.3397,0,3.27764,23.571,2.76356,9.99404,41.6461,344.82,602.87,0,213.248,0,58.3587,11.8042,11.584,87.6426,7.28725,61.7636,28.9384,16.2418,19.4543,23.5553,
0.505,2.7437,14.0532,60.0182,7.29964,18.8801,32.4909,10.7921,42.4275,179.042,57.1318,0.00942789,42.9809,113.844,140.13,5.74661,20.8622,28.0476,15.9247,45.8064,0.13974,8.23565,39.0092,52.9153,5.70057,51.2476,380.105,141.153,0.400924,229.41,0.0316436,53.9877,14.4923,21.2123,0.578512,136.63,18.5138,46.6234,112.878,21.1375,13.8294,0.785662,15.9251,94.7704,42.316,8.60081,102.18,29.5251,31.1813,87.5338,45.6212,22.2019,13.6378,309.265,93.529,3.87541,8.76395,23.9222,26.0776,36.1952,0,3.2964,23.3505,2.76465,9.99008,41.4713,344.39,602.206,0,212.539,0,58.2011,11.2669,11.0358,86.857,7.23569,61.175,28.7294,15.4477,21.6511,24.0053,
0.51,2.7507,14.0528,59.9326,7.27047,18.9197,32.3617,10.2274,41.9312,179.068,57.1148,0.00906528,42.7947,113.386,139.571,5.63699,20.5245,28.1626,15.9314,45.9172,0.125061,8.25776,38.563,53.1065,5.7057,51.3802,379.813,140.754,0.368905,229.225,0.0321909,54.3389,13.7259,20.6532,0.570225,136.727,18.8059,46.3525,111.072,20.7732,13.6095,0.772238,15.7514,93.7777,42.3594,8.52059,101.578,28.213,30.6431,87.5447,45.5906,22.0563,13.5513,308.764,93.0834,3.83378,8.67418,23.9524,25.9087,36.3103,0,3.30903,23.1174,2.76035,10.0041,41.3478,344.214,601.748,0,212.27,0,58.0802,10.7897,10.4827,86.5315,7.16746,60.5634,28.5944,14.5434,22.7467,23.8857,
0.515,2.77306,14.0242,59.8369,7.23983,18.9215,32.2273,9.72983,41.5049,179.102,57.1042,0.008734,42.682,113.026,139.063,5.50162,20.0692,28.2746,15.9567,45.8204,0.114161,8.25201,38.1796,53.1687,5.69863,51.2235,379.694,140.483,0.342811,228.666,0.0398495,54.6869,13.0349,20.1973,0.555192,136.843,19.2866,46.2334,110.918,21.0523,13.7317,0.759674,15.5722,93.2484,42.4057,8.44913,100.985,26.658,30.0093,87.5588,45.5638,21.941,13.5243,308.435,92.6762,3.75992,8.49656,23.893,25.9669,36.3106,0,3.32084,22.9055,2.7639,9.99722,41.2337,344.039,601.389,0,212.005,0,57.9311,10.1499,9.85116,86.3256,7.11668,59.9791,28.5012,14.6071,25.2313,24.7552,
0.52,2.81226,14.0399,59.7776,7.2133,18.9432,32.1723,9.39715,41.2631,179.127,57.0931,0.00850251,42.6251,112.876,138.756,5.30175,19.4232,28.3208,15.9425,45.734,0.0995085,8.25803,37.7373,53.2556,5.70582,51.3396,379.646,140.302,0.310881,229.003,0.0432375,55.0442,12.568,19.9024,0.544995,136.932,19.8445,46.1783,110.656,20.6292,13.4835,0.758196,15.4294,93.0021,42.4421,8.40144,100.561,25.1484,29.437,87.5689,45.5326,21.8636,13.5295,308.359,92.5928,3.62477,8.19115,23.6481,25.996,36.3641,0,3.33301,22.6775,2.762,10.0084,41.1579,343.992,601.198,0,211.959,0,57.8155,9.61755,9.25569,86.3816,7.04689,59.3875,28.469,14.1881,26.174,24.9608,
0.525,2.82665,14.0622,59.7446,7.19851,18.9525,32.176,9.12339,41.0559,179.156,57.0872,0.00827223,42.6438,112.923,138.501,5.09498,18.7026,28.3448,15.9319,45.3225,0.0873602,8.24958,37.3449,52.928,5.70441,51.0196,379.694,140.34,0.282604,228.323,0.05107,55.355,12.1792,19.6775,0.53165,137.013,20.359,46.2395,111.041,20.6165,13.4637,0.746298,15.2984,93.1656,42.4793,8.37085,100.292,23.5522,28.8377,87.5807,45.5039,21.7972,13.5462,308.588,92.6538,3.44985,7.79687,23.2302,26.2005,36.2182,0,3.35182,22.4704,2.76735,10.0044,41.0753,343.786,601.015,0,211.659,0,57.685,9.00744,8.64419,86.3617,6.98946,58.8275,28.4303,14.2361,27.7596,25.8205,
0.53,2.85404,14.1291,59.7607,7.19546,18.9839,32.3034,8.91977,40.9029,179.187,57.0848,0.00809734,42.7792,113.241,138.723,4.85896,17.8921,28.3149,15.9518,45.3953,0.0755984,8.24839,36.9519,53.0066,5.70597,51.2173,379.9,140.64,0.254893,229.099,0.060725,55.6081,11.8773,19.5234,0.517953,137.074,20.6855,46.4534,112.929,20.5524,13.4085,0.737522,15.186,93.7447,42.5171,8.35832,100.223,21.9939,28.268,87.5928,45.4768,21.7706,13.577,309.197,92.9614,3.23809,7.31261,22.6012,26.5225,36.421,0,3.36266,22.2647,2.77458,10.0039,41.0259,343.815,601.071,0,211.75,0,57.5704,8.41855,8.06056,86.8566,6.9337,58.2898,28.5268,16.4305,28.8487,26.5735,
0.535,2.87849,14.2418,59.8779,7.21873,19.0431,32.543,8.75609,40.7607,179.218,57.0854,0.00800648,43.0208,113.843,139.209,4.6101,17.018,28.2306,15.9624,45.4175,0.0644684,8.23988,36.5687,53.0127,5.70865,51.2735,380.201,141.205,0.228184,229.676,0.0719083,55.7797,11.6377,19.3936,0.504665,137.102,20.7588,46.7976,114.527,20.4746,13.3414,0.739657,15.1393,94.7116,42.5589,8.39378,100.562,20.5112,27.7548,87.6053,45.4506,21.7837,13.6143,310.323,93.5375,2.99307,6.76099,21.7631,26.9354,36.622,0,3.38071,22.0636,2.78411,10.0056,41.0004,343.88,601.267,0,212.067,0,57.4712,7.85957,7.51239,87.2593,6.88209,57.77,28.6542,15.7991,29.3726,27.2473,
0.54,2.90298,14.3578,59.9833,7.24461,19.107,32.7568,8.60628,40.619,179.251,57.0874,0.00792392,43.1575,114.19,139.311,4.35238,16.1066,28.0913,15.9307,45.144,0.0540413,8.22335,36.192,52.6315,5.71166,51.0728,380.259,141.627,0.202536,229.337,0.085202,55.8526,11.4185,19.2538,0.492336,137.085,20.4942,46.9239,113.523,20.3946,13.2711,0.729761,15.0894,95.2992,42.6054,8.40875,100.782,19.1382,27.2869,87.6169,45.4259,21.7639,13.6289,311.067,93.8543,2.73165,6.16888,20.7326,26.9927,36.5963,0,3.39997,21.8663,2.7949,10.008,40.9768,343.683,601.226,0.00969216,211.979,0,57.3902,7.3409,7.02585,87.4056,6.83632,57.2636,28.6821,14.8414,29.3253,27.7642,
0.545,2.93186,14.5008,60.0654,7.25871,19.183,33.0503,8.44322,40.4285,179.284,57.09,0.00788966,43.3634,114.858,139.707,4.0942,15.185,27.8951,15.8997,44.7565,0.0444016,8.20384,35.8228,52.1909,5.71673,50.9027,380.498,142.31,0.178114,229.361,0.100293,55.8167,11.2013,19.0745,0.481169,137.034,19.9324,47.2802,112.709,20.3176,13.203,0.694269,14.9471,96.2036,42.6598,8.3672,100.729,17.9021,26.8784,87.6289,45.4027,21.7037,13.6249,312.314,94.4893,2.46729,5.56409,19.5409,27.3953,36.5222,0,3.41991,21.6723,2.80733,10.012,40.9476,343.441,601.18,0.000666167,211.462,0,57.3296,6.87203,6.59238,87.5777,6.79746,56.7651,28.7015,14.901,28.7222,28.0651,
0.55,2.95579,14.6537,60.1319,7.263,19.2611,33.3321,8.24723,40.1933,179.315,57.092,0.00790484,43.4823,115.474,139.544,3.83823,14.2835,27.6457,15.7958,43.3942,0.0356984,8.16469,35.4546,50.7899,5.72219,49.8456,380.624,143.01,0.155141,226.917,0.117364,55.667,10.9461,18.8471,0.471441,136.938,19.1606,47.5249,110.442,20.2611,13.1431,0.659198,14.7224,97.049,42.7231,8.30749,100.449,16.824,26.5318,87.6402,45.3804,21.5543,13.5161,313.475,95.0443,2.20865,4.97503,18.2301,27.6226,35.7862,0,3.43986,21.4806,2.81973,10.0165,40.847,342.687,600.741,0.00171595,209.84,0,57.2894,6.45881,6.21857,86.6893,6.76784,56.266,28.4874,13.622,27.631,28.1192,
0.555,2.98389,14.8098,60.2296,7.27087,19.35,33.6246,8.01787,39.8869,179.35,57.0934,0.0079603,43.57,116.091,139.168,3.60992,13.4393,27.3598,15.6626,41.5283,0.0282632,8.12324,35.0801,48.7774,5.72904,48.448,380.701,143.732,0.134217,223.398,0.133883,55.4062,10.6508,18.5747,0.460288,136.785,18.1589,47.7471,109.849,20.1689,13.0636,0.624962,14.4564,97.907,42.7912,8.25347,100.156,15.8544,26.2327,87.6507,45.3601,21.3413,13.294,314.484,95.4891,1.96922,4.42661,16.8453,27.9131,34.7114,0,3.46485,21.3025,2.8367,10.0113,40.6457,341.615,600.07,0.00342027,207.455,0,57.259,6.04404,5.89875,85.1157,6.75876,55.7633,28.1377,13.2639,26.7518,28.2583,
0.56,3.01061,14.9651,60.3797,7.29001,19.4442,33.9102,7.71004,39.5192,179.37,57.0873,0.00809213,43.6257,116.609,138.479,3.38447,12.6278,26.984,15.5114,39.299,0.0209684,8.07216,34.7022,46.3778,5.73194,46.9116,380.722,144.421,0.113987,219.335,0.155354,55.0435,10.2424,18.2303,0.456129,136.612,17.0557,47.9073,112.305,20.237,13.0647,0.640966,14.2938,98.6748,42.8886,8.27788,100.303,15.2054,26.0784,87.654,45.3345,21.1184,13.0201,315.614,96.1008,1.7502,3.93379,15.4623,28.0516,33.3348,0,3.47727,21.0864,2.83775,10.0303,40.3301,340.409,599.299,0.00489663,204.854,0,57.2678,5.8284,5.70423,83.1896,6.72834,55.2104,27.7129,13.3285,24.0818,27.247,
0.565,3.03824,15.1049,60.5759,7.32914,19.5576,34.179,7.41198,39.1329,179.396,57.0823,0.00825288,43.6401,117.037,137.665,3.19155,11.9139,26.6214,15.3652,37.314,0.0151283,8.03316,34.3051,44.187,5.74187,45.6363,380.672,145.018,0.0963009,215.855,0.168849,54.5941,9.85693,17.8658,0.447785,136.377,15.9987,48.0258,113.074,20.0074,12.9127,0.613681,14.1582,99.1936,42.98,8.28741,100.494,14.5659,25.8827,87.6569,45.3114,20.8742,12.7544,316.376,96.3482,1.57144,3.52194,14.0998,28.1911,32.1276,0.00632943,3.50537,20.9127,2.85474,10.0183,39.9189,339.21,598.463,0.00730634,202.25,0,57.2545,5.53408,5.49836,81.3882,6.73327,54.657,27.2812,14.0187,22.8072,26.9937,
0.57,3.06532,15.2276,60.6957,7.34665,19.6463,34.3968,7.01314,38.6852,179.406,57.0686,0.00849141,43.6284,117.369,136.83,3.00767,11.234,26.1655,15.2386,35.4303,0.00962236,7.98364,33.9178,42.1205,5.74047,44.4602,380.624,145.593,0.0801289,212.66,0.196935,54.0723,9.33093,17.4338,0.445285,136.14,15.0025,48.1527,111.645,20.4104,13.084,0.629383,14.013,99.707,43.1042,8.28042,100.521,14.2069,25.8241,87.652,45.2811,20.5796,12.4949,317.298,96.8335,1.42187,3.1896,12.8438,28.2956,30.936,0.000515415,3.5171,20.6924,2.85186,10.0322,39.4304,338.002,597.605,0.00944246,199.421,0,57.2678,5.41562,5.40247,79.7826,6.71347,54.0412,26.8095,12.914,20.1535,25.6555,
0.575,3.09278,15.34,60.806,7.36153,19.746,34.5946,6.7001,38.3032,179.416,57.0561,0.00878636,43.6301,117.787,136.006,2.84925,10.6438,25.7405,15.1095,33.8391,0.00499515,7.95068,33.496,40.2686,5.75465,43.3365,380.536,146.107,0.0660707,209.482,0.202687,53.5255,8.9379,17.0654,0.439566,135.848,14.1704,48.2964,109.148,19.9934,12.8279,0.558544,13.7722,100.105,43.2223,8.21198,100.166,13.8415,25.7205,87.6449,45.2517,20.2913,12.3325,318.101,97.1019,1.31418,2.94527,11.6957,28.4459,29.9695,0.0019909,3.54451,20.5134,2.86496,10.019,38.8886,336.868,596.774,0.0124661,196.579,0,57.2475,5.22623,5.30074,78.7597,6.71756,53.4094,26.4068,12.4973,18.7157,24.927,
0.58,3.11096,15.4307,60.8177,7.34364,19.8048,34.7298,6.26837,37.8387,179.412,57.0343,0.00915225,43.6087,117.937,135.334,2.69751,10.0798,25.2196,15.0308,32.7619,0.000472411,7.91327,33.1004,38.9078,5.74796,42.5945,380.429,146.535,0.0537475,207.226,0.238822,52.9558,8.35452,16.645,0.438872,135.599,13.4125,48.4067,107.839,20.7782,13.1954,0.575203,13.4875,100.473,43.3734,8.13872,99.6392,13.6838,25.7154,87.6264,45.2132,19.9862,12.1628,318.899,97.4742,1.23534,2.77177,10.7176,28.4881,29.2781,0.00279843,3.55411,20.2832,2.85604,10.0284,38.3373,335.956,596.07,0.0151231,194.135,0,57.2278,5.17306,5.27171,77.9439,6.69334,52.7072,26.0418,11.6375,16.4114,23.4229,
0.585,3.13382,15.5158,60.8312,7.32374,19.8711,34.8691,5.93608,37.4897,179.402,57.0122,0.00958623,43.6308,118.188,134.933,2.574,9.60128,24.7288,14.967,32.2153,0,7.88508,32.679,38.0881,5.75399,42.2045,380.337,146.946,0.0432143,206.04,0.258875,52.4212,7.90352,16.2962,0.437007,135.312,12.744,48.5781,106.108,20.8436,13.1631,0.503076,13.1257,100.85,43.5257,8.03743,98.9109,13.541,25.6777,87.6018,45.1715,19.7127,12.0427,319.668,97.7831,1.18853,2.66838,9.89186,28.6354,28.9771,0.00423954,3.57512,20.0831,2.85767,10.0224,37.8136,335.33,595.55,0.018294,192.288,0,57.1671,5.09472,5.23779,77.569,6.67235,51.9752,25.7965,11.2315,14.7995,22.2234,
0.59,3.15816,15.592,60.8013,7.29101,19.9201,34.9876,5.63339,37.1511,179.384,56.9864,0.0101351,43.6436,118.401,134.397,2.46206,9.18798,24.2126,14.8838,31.3594,0,7.84859,32.2594,37.0525,5.75727,41.4686,380.21,147.321,0.034201,204.067,0.279548,51.9286,7.49288,15.9993,0.4349,135.045,12.178,48.7442,104.301,21.0148,13.2069,0.51046,12.7151,101.224,43.6917,7.92855,98.0793,13.4703,25.6781,87.5682,45.1239,19.4371,11.9518,320.465,98.1,1.16471,2.61912,9.23147,28.7339,28.4595,0.00575637,3.59162,19.873,2.8547,10.0188,37.3035,334.593,594.99,0.0217007,190.396,0,57.0744,5.04712,5.22588,77.1794,6.6354,51.1966,25.5358,10.7683,13.2962,20.9013,
0.595,3.17695,15.6823,60.747,7.24765,19.9626,35.1516,5.37079,36.8748,179.356,56.9575,0.0108066,43.7204,118.831,134.04,2.3752,8.84857,23.6858,14.7972,30.2635,0,7.80983,31.8367,35.833,5.75991,40.5706,380.189,147.863,0.0266535,201.846,0.300275,51.4965,7.13674,15.7551,0.434148,134.785,11.6814,49.0687,102.137,21.2711,13.292,0.450923,12.2338,101.958,43.8727,7.80859,97.1614,13.4564,25.6841,87.5259,45.0702,19.1411,11.8553,321.64,98.6722,1.16271,2.60989,8.72447,29.0414,27.7956,0.00734863,3.60732,19.6585,2.84961,10.0165,36.795,333.781,594.448,0.0252492,188.213,0,56.9412,5.02531,5.2379,76.7912,6.58043,50.3741,25.2633,10.0796,11.9487,19.5411,
0.6,3.19471,15.7911,60.6022,7.17574,19.9926,35.3462,5.15805,36.6561,179.32,56.927,0.0116257,43.8519,119.409,134.009,2.30882,8.58201,23.1566,14.7443,29.6129,0,7.7781,31.4118,35.0709,5.76209,40.1199,380.248,148.537,0.0201918,200.84,0.322679,51.1326,6.8363,15.5832,0.433559,134.54,11.2677,49.51,97.407,21.5832,13.409,0.41332,11.584,102.932,44.0684,7.62259,95.801,13.4968,25.7052,87.4719,45.0101,18.8352,11.8227,323.146,99.4043,1.16993,2.62952,8.35249,29.3654,27.4277,0.00901534,3.62195,19.4422,2.84234,10.0155,36.3101,333.182,594.045,0.0289375,185.9,0,56.764,5.02925,5.26642,76.9545,6.5036,49.5087,25.0781,9.78257,10.776,18.1883,
0.605,3.21585,15.921,60.4589,7.09836,20.0265,35.6164,5.00173,36.4929,179.276,56.895,0.0126475,44.0568,120.101,134.251,2.26301,8.38704,22.6316,14.7109,29.2485,0,7.74872,30.9867,34.6569,5.7638,39.9207,380.361,149.336,0.0146515,200.739,0.346706,50.8355,6.60221,15.4699,0.433841,134.317,10.9507,50.0626,96.7016,21.9474,13.5449,0.352701,10.866,104.116,44.2797,7.44881,94.5075,13.5871,25.7262,87.4088,44.9439,18.5763,11.8191,324.866,100.27,1.19019,2.66825,8.09514,29.7306,27.2639,0.0107932,3.63611,19.2259,2.8351,10.0167,35.8676,332.835,593.854,0.0327629,184.15,0,56.5422,5.05249,5.31641,77.4821,6.40393,48.606,24.9879,9.54133,9.78594,16.8872,
0.61,3.23724,16.0575,60.3609,7.03545,20.0677,35.8966,4.9051,36.3845,179.223,56.8634,0.0138627,44.2791,120.728,134.428,2.23676,8.25661,22.1172,14.6628,28.7747,0,7.71545,30.5615,34.1349,5.76519,39.5251,380.376,150.117,0.00987005,200.062,0.374332,50.5988,6.44221,15.4306,0.434929,134.112,10.6797,50.5582,96.3217,22.3494,13.6998,0.340105,10.1891,105.222,44.5075,7.33171,93.5531,13.7242,25.7758,87.3347,44.8718,18.3663,11.8181,326.583,101.096,1.21185,2.71998,7.93213,29.9755,27.0179,0.0127203,3.65716,19.0105,2.82871,10.0196,35.4551,332.484,593.695,0.0366332,182.73,0,56.279,5.09836,5.37417,77.7802,6.28173,47.6708,24.912,8.69176,8.99148,15.6451,
0.615,3.258,16.2092,60.3186,6.99274,20.1247,36.2174,4.87009,36.347,179.163,56.8322,0.0153836,44.5625,121.48,134.668,2.22359,8.18245,21.617,14.6039,28.0393,0,7.67812,30.1343,33.3684,5.76623,38.8666,380.413,150.995,0.00568414,198.719,0.405571,50.4136,6.37412,15.4502,0.437399,133.913,10.4492,51.1494,96.8288,22.7824,13.8655,0.320913,9.57795,106.475,44.7514,7.26118,92.9618,13.9042,25.8291,87.2489,44.7951,18.1897,11.8202,328.587,102.079,1.24045,2.78054,7.84291,30.3424,26.6088,0.0147968,3.67142,18.7969,2.82387,10.0247,35.0554,332.058,593.548,0.0406869,181.314,0,55.979,5.16263,5.45055,78.0409,6.1379,46.7096,24.8534,9.31715,8.39205,14.4976,
0.62,3.28324,16.3706,60.2823,6.95846,20.1911,36.567,4.89769,36.3506,179.095,56.8026,0.0171694,44.8076,122.212,134.938,2.22888,8.15877,21.1374,14.5465,27.3286,0,7.64055,29.7045,32.5918,5.76834,38.2581,380.385,151.89,0.00187681,197.446,0.441244,50.271,6.38212,15.5438,0.440984,133.72,10.1234,51.731,95.6756,23.239,14.0446,0.303496,8.98237,107.766,45.0115,7.18531,92.4363,14.1227,25.8801,87.1528,44.7132,17.9555,11.7052,330.532,103.034,1.27224,2.84633,7.81091,30.6835,26.2114,0.0171729,3.6931,18.5859,2.82023,10.031,34.6639,331.514,593.313,0.0450192,179.793,0,55.6498,5.24426,5.54168,77.813,5.97486,45.7225,24.7157,8.59932,7.96947,13.4517,
0.625,3.30905,16.5288,60.2563,6.93047,20.2652,36.9018,4.99263,36.4212,179.018,56.774,0.0193574,45.0865,122.901,135.263,2.23948,8.18306,20.6801,14.4986,26.8435,0,7.60559,29.2739,32.1228,5.77062,37.9581,380.32,152.757,0,197.018,0.482544,50.1634,6.4721,15.6959,0.446702,133.53,9.88054,52.3401,94.4703,23.7142,14.2259,0.277942,8.41214,108.932,45.2876,7.11587,91.9748,14.3733,25.9427,87.0454,44.6271,17.7846,11.6948,332.588,103.979,1.3068,2.91423,7.82088,30.9456,25.9568,0.0199974,3.71564,18.3794,2.81937,10.039,34.2888,331.183,593.17,0.0496277,178.427,0.0276201,55.3007,5.33653,5.645,78.1378,5.79726,44.7224,24.6622,7.70114,7.70664,12.523,
0.63,3.33071,16.6752,60.1563,6.88619,20.3287,37.1811,5.15359,36.5631,178.932,56.7466,0.0219339,45.3193,123.457,135.595,2.26677,8.2533,20.2495,14.4582,26.6332,0,7.5728,28.8436,31.8765,5.77296,37.6994,380.145,153.492,0,196.512,0.530384,50.0832,6.6471,15.9215,0.454907,133.351,9.73381,52.8985,90.1793,24.1959,14.4123,0.240925,7.76599,109.851,45.5782,6.98758,91.1199,14.6458,26.021,86.9268,44.5379,17.586,11.7142,334.457,104.806,1.33995,2.9828,7.86041,31.1192,25.8784,0.0233838,3.73188,18.1771,2.82171,10.0478,33.9408,330.878,592.982,0.0547013,176.987,0.00252256,54.9413,5.44094,5.75329,78.702,5.60899,43.7142,24.616,6.3476,7.60361,11.7127,
0.635,3.35718,16.8166,60.1117,6.85549,20.4025,37.4683,5.37652,36.7459,178.837,56.7207,0.0250765,45.6443,124.038,136.246,2.31312,8.36988,19.8498,14.4496,26.9343,0,7.54553,28.4195,32.0313,5.77479,37.8479,379.957,154.234,0,197.184,0.585105,50.024,6.90009,16.206,0.46693,133.159,9.58892,53.5107,91.6258,24.6824,14.5964,0.213744,7.18172,110.764,45.8809,6.90977,90.5234,14.9242,26.0837,86.7986,44.445,17.4911,11.8016,336.46,105.685,1.37388,3.05471,7.92124,31.3911,26.1631,0.0275564,3.75654,17.9817,2.82817,10.058,33.6494,330.918,593.062,0.060564,176.461,0.00637178,54.5831,5.55322,5.85524,79.8706,5.41553,42.7051,24.7491,6.74176,7.63053,11.0068,
0.64,3.38415,16.9451,60.1369,6.84955,20.4907,37.7552,5.65196,36.9468,178.731,56.6961,0.0288413,45.952,124.505,136.697,2.36539,8.53196,19.4818,14.4103,26.8657,0,7.50896,27.9988,31.8868,5.77712,37.6117,379.678,154.901,0,196.924,0.647423,49.9799,7.22469,16.5266,0.483349,132.973,9.43565,54.0582,94.2954,25.1708,14.783,0.216462,6.72497,111.554,46.1964,6.88932,90.3331,15.1902,26.1244,86.6593,44.3511,17.448,11.8699,338.366,106.462,1.41454,3.1311,7.99833,31.5857,26.2122,0.032779,3.78316,17.793,2.83926,10.0681,33.3893,330.831,593.099,0.067404,176.226,0.0114718,54.2365,5.66111,5.95543,80.5986,5.223,41.7028,24.867,7.66197,7.7675,10.413,
0.645,3.41209,17.0662,60.1716,6.85349,20.5806,38.0132,5.96022,37.1619,178.613,56.6727,0.0333156,46.2482,124.895,137.449,2.4279,8.74162,19.1497,14.4102,27.4209,0,7.48255,27.589,32.3498,5.78053,38.0039,379.37,155.495,0,198.311,0.717436,49.9452,7.60778,16.8777,0.505547,132.779,9.19565,54.6168,93.3227,25.6583,14.965,0.209761,6.32351,112.288,46.5218,6.86258,90.1852,15.425,26.1404,86.5085,44.2556,17.4101,11.8875,340.091,107.166,1.45927,3.21642,8.08941,31.8156,26.6905,0.0393525,3.81179,17.6121,2.85561,10.0789,33.191,330.988,593.219,0.0755481,176.405,0.0179991,53.9121,5.76148,6.03209,81.3241,5.03716,40.7121,25.028,7.08861,8.0016,9.91954,
0.65,3.44014,17.1713,60.2646,6.87865,20.6789,38.2443,6.27883,37.3592,178.484,56.6496,0.0386501,46.5672,125.183,138.33,2.50893,9.00191,18.8556,14.4232,28.3065,0.00244486,7.45754,27.1946,33.1499,5.78429,38.5317,379.009,155.984,0,200.085,0.796111,49.9144,8.00378,17.2201,0.534914,132.576,8.91708,55.1558,95.1642,26.146,15.1473,0.205621,6.03424,112.878,46.8581,6.87809,90.3063,15.6144,26.117,86.3484,44.1597,17.444,11.9447,341.646,107.776,1.50802,3.31021,8.19423,31.9908,27.4049,0.0476158,3.84279,17.4405,2.87848,10.0898,33.0652,331.372,593.469,0.0854623,177.249,0.0259873,53.6186,5.84725,6.08504,82.4258,4.86275,39.7463,25.2933,7.4504,8.32175,9.50592,
0.655,3.46861,17.2641,60.4436,6.93386,20.7921,38.4765,6.58429,37.5016,178.343,56.6281,0.0449656,46.8958,125.417,139.047,2.60398,9.31234,18.6024,14.4043,28.7214,0.000505832,7.42341,26.8159,33.5611,5.78934,38.5948,378.596,156.421,0,200.724,0.88352,49.8828,8.39901,17.5066,0.572702,132.36,8.68186,55.6874,99.4181,26.6327,15.3272,0.22471,5.90655,113.375,47.2025,6.94932,90.8528,15.7461,26.0797,86.1782,44.0647,17.5426,12.0345,343.261,108.344,1.56045,3.41564,8.3133,32.1646,27.8195,0.0578723,3.87605,17.2778,2.90783,10.1,32.9796,331.616,593.679,0.0975678,178.228,0.0358205,53.3622,5.91406,6.11462,83.3819,4.70506,38.811,25.5746,8.9962,8.68685,9.1677,
0.66,3.49727,17.3262,60.6437,7.00497,20.9118,38.6691,6.8499,37.581,178.186,56.6069,0.0522967,47.1252,125.366,139.496,2.71975,9.67455,18.392,14.3663,28.9266,0.00116655,7.38787,26.4527,33.755,5.79306,38.5806,378.023,156.638,0,201,0.978525,49.845,8.74516,17.7599,0.620854,132.13,8.48846,56.0641,103.136,27.1171,15.5062,0.244238,5.89814,113.51,47.553,7.02701,91.5205,15.8215,26.0055,85.9988,43.9705,17.6426,12.0945,344.318,108.642,1.61715,3.53113,8.44609,32.1681,28.0738,0.0704273,3.91251,17.1239,2.94417,10.1082,32.9128,331.656,593.697,0.112523,179.078,0.0477694,53.1486,5.96384,6.11367,84.1655,4.56731,37.9152,25.8033,11.1658,9.10247,8.90225,
0.665,3.5209,17.3768,60.8752,7.087,21.0311,38.8246,7.06062,37.5804,178.016,56.5865,0.0607965,47.3773,125.448,139.771,2.84405,10.0865,18.2266,14.2923,28.3448,0.00199432,7.34184,26.1027,33.27,5.7979,37.8641,377.475,156.887,0,199.429,1.08069,49.7972,9.02959,17.9136,0.680226,131.886,8.45369,56.5466,103.213,27.6137,15.6886,0.248276,5.95366,113.769,47.9114,7.10334,92.1888,15.8516,25.9033,85.8083,43.8782,17.7221,12.1622,345.608,109.092,1.68303,3.65618,8.59318,32.3756,27.815,0.0853624,3.9515,16.9785,2.98674,10.1139,32.8067,331.315,593.483,0.130796,178.927,0.0623414,52.978,6.00068,6.10293,84.4491,4.45101,37.0643,25.9074,10.3635,9.54099,8.70856,
0.67,3.54805,17.4068,61.0864,7.16629,21.1396,38.9077,7.20113,37.4969,177.828,56.5662,0.0704736,47.5946,125.346,140.123,2.98284,10.5478,18.1081,14.2583,28.3668,0.00304721,7.30929,25.7691,33.2208,5.80107,37.7197,376.832,156.968,0,199.048,1.18933,49.7355,9.23095,18.0021,0.753873,131.627,8.55319,56.9519,102.726,28.1134,15.874,0.248474,6.01678,113.832,48.2757,7.14807,92.6344,15.8565,25.7906,85.6088,43.7873,17.8125,12.2717,346.583,109.361,1.75048,3.79393,8.75542,32.4433,27.9428,0.10276,3.98676,16.8414,3.03602,10.1172,32.6836,331.137,593.276,0.153047,178.72,0.0800794,52.8499,6.03011,6.08267,85.2041,4.35779,36.2636,26.0675,9.96969,10.0142,8.55832,
0.675,3.56512,17.4143,61.3079,7.24763,21.2393,38.9456,7.26133,37.3129,177.624,56.5459,0.0815392,47.8049,125.159,140.455,3.13699,11.0497,18.0373,14.2368,28.5172,0.00443579,7.27867,25.455,33.2541,5.80488,37.6439,376.124,156.949,0,198.961,1.30369,49.6587,9.3358,17.9998,0.841353,131.344,8.70183,57.3301,103.961,28.6267,16.0645,0.239648,6.10374,113.787,48.6464,7.19785,93.0156,15.8661,25.6872,85.3992,43.6985,17.9232,12.3918,347.418,109.555,1.82771,3.94773,8.9349,32.5283,28.1633,0.122592,4.03185,16.7125,3.09193,10.1171,32.5494,330.977,593.076,0.179887,178.655,0.101475,52.7597,6.06769,6.06804,85.9485,4.28689,35.5116,26.251,10.2574,10.5412,8.45842,
0.68,3.58457,17.412,61.5787,7.34141,21.3406,38.9885,7.24145,37.0412,177.401,56.5254,0.0939972,47.9779,124.995,140.377,3.3014,11.5833,18.0151,14.162,27.5736,0.00628824,7.23347,25.1527,32.2766,5.8068,36.5461,375.373,156.925,0,196.259,1.42121,49.5681,9.3396,17.8971,0.945473,131.043,8.83809,57.7203,106.671,29.1583,16.2651,0.253367,6.24796,113.868,49.0238,7.27166,93.5394,15.9151,25.6132,85.1779,43.6108,17.9831,12.4,348.218,109.79,1.91727,4.12127,9.13478,32.7214,27.657,0.144457,4.07364,16.5901,3.15296,10.1134,32.3435,330.236,592.554,0.21142,177.872,0.126851,52.7024,6.12759,6.07329,85.6171,4.23621,34.8092,26.2413,10.9811,11.136,8.41274,
0.685,3.59743,17.3893,61.8336,7.43379,21.4297,38.9895,7.14458,36.6834,177.158,56.5027,0.10776,48.0673,124.64,140.158,3.46789,12.1339,18.0415,14.0986,26.6841,0.00891169,7.19602,24.8626,31.287,5.80742,35.6348,374.497,156.738,0,193.771,1.54161,49.4648,9.23573,17.729,1.06548,130.724,8.91146,58.0127,107.457,29.7123,16.4757,0.244578,6.39936,113.793,49.4099,7.32756,93.9396,16.0469,25.5574,84.9471,43.5249,17.9874,12.3407,348.66,109.83,2.01512,4.31795,9.36111,32.7881,27.1448,0.168178,4.1182,16.4733,3.21859,10.1056,32.0627,329.357,591.847,0.248123,176.666,0.156363,52.6697,6.22985,6.11826,85.0599,4.20327,34.1481,26.1554,11.2917,11.8309,8.44147,
0.69,3.60759,17.3394,62.0902,7.52842,21.5076,38.9473,6.98959,36.2712,176.894,56.4786,0.123102,48.1737,124.154,140.162,3.64227,12.6866,18.1139,14.1004,26.7035,0.0126148,7.17656,24.5898,31.1371,5.80674,35.5269,373.582,156.404,0,193.401,1.66257,49.3511,9.06258,17.5061,1.2015,130.388,9.02168,58.3233,109.661,30.3012,16.7027,0.251571,6.57604,113.525,49.805,7.38684,94.326,16.3085,25.5634,84.7031,43.4397,18.0458,12.3514,348.886,109.753,2.12646,4.54196,9.61823,32.8236,27.2407,0.19339,4.16596,16.3626,3.28959,10.0936,31.7628,328.92,591.331,0.289678,176.139,0.189732,52.6539,6.38779,6.22642,85.3156,4.18453,33.5336,26.2163,12.2572,12.6539,8.53649,
0.695,3.61042,17.263,62.362,7.63016,21.5766,38.8667,6.80068,35.8413,176.611,56.4535,0.139927,48.2592,123.575,140.018,3.81965,13.2298,18.2298,14.1042,26.6105,0.0181136,7.15558,24.3352,30.9804,5.80328,35.2041,372.594,155.966,0,192.669,1.78538,49.23,8.84061,17.2507,1.35373,130.034,9.18872,58.6167,112.008,30.9296,16.9506,0.258005,6.79689,113.172,50.2081,7.45901,94.7757,16.741,25.6402,84.4473,43.3548,18.1188,12.3609,348.929,109.604,2.25275,4.7954,9.91087,32.8759,27.2594,0.21965,4.21695,16.2563,3.3654,10.0777,31.4387,328.448,590.776,0.335394,175.766,0.226682,52.6444,6.61894,6.40589,85.3715,4.17557,32.9623,26.2615,12.9736,13.6723,8.7344,
0.7,3.60972,17.1634,62.6635,7.74361,21.6366,38.7612,6.60659,35.4164,176.302,56.4261,0.15834,48.2917,122.909,139.461,3.99051,13.7488,18.3855,14.0706,25.6287,0.0264671,7.1261,24.0913,29.9394,5.7977,34.0031,371.473,155.42,0,189.492,1.90721,49.1063,8.59249,17.0262,1.5204,129.66,9.32988,58.8529,115.086,31.6123,17.2224,0.276529,7.07877,112.803,50.6215,7.55316,95.347,17.3704,25.7896,84.1799,43.2698,18.1442,12.2861,348.786,109.395,2.39473,5.07597,10.2424,32.9415,26.6595,0.246746,4.26383,16.1526,3.44445,10.0568,31.0459,327.431,589.923,0.384448,174.797,0.266258,52.6326,6.9371,6.67478,84.6163,4.17182,32.4299,26.1483,13.9536,14.8949,9.03338,
0.705,3.60548,17.014,62.9407,7.85998,21.6772,38.5448,6.43513,35.0167,175.968,56.3981,0.178256,48.3362,121.834,139.53,4.15311,14.2295,18.5766,14.1748,26.8982,0.0394164,7.13834,23.8723,30.8726,5.79019,34.7925,370.205,154.496,0,191.37,2.02971,48.9833,8.37342,16.833,1.70111,129.269,9.4962,58.9839,117.419,32.3555,17.5248,0.290732,7.41636,111.895,51.0427,7.65065,95.8806,18.1979,25.9971,83.8977,43.185,18.2927,12.3971,348.026,108.795,2.54736,5.38451,10.6146,32.7271,27.5622,0.275515,4.32034,16.0534,3.52848,10.0324,30.7057,327.444,589.535,0.435676,175.401,0.308093,52.6087,7.34933,7.01628,85.7682,4.16884,31.9412,26.4021,14.9493,16.374,9.47479,
0.71,3.58918,16.8128,63.1452,7.96244,21.6851,38.2198,6.3159,34.6755,175.61,56.3674,0.199738,48.2312,120.485,139.284,4.30785,14.6609,18.7968,14.2656,27.978,0.0595289,7.14228,23.6784,31.8626,5.78045,35.1437,368.743,153.288,0,192.396,2.15449,48.8636,8.22386,16.7288,1.89373,128.867,9.63312,58.9903,117.755,33.174,17.8632,0.310106,7.74167,110.662,51.4701,7.7028,96.1061,19.2061,26.2571,83.6025,43.0994,18.4136,12.4002,346.667,107.934,2.70994,5.71755,11.0273,32.4977,28.3068,0.306277,4.36511,15.9571,3.6156,10.003,30.4014,327.334,588.962,0.487641,176.074,0.351073,52.5649,7.84632,7.42499,86.0146,4.16198,31.4968,26.5387,15.4015,18.158,10.0587,
0.715,3.5687,16.5731,63.3965,8.08153,21.6786,37.8506,6.27512,34.3985,175.223,56.335,0.223114,48.1719,119.05,139.019,4.4455,15.0338,19.0404,14.359,28.7943,0.0893876,7.14717,23.5096,32.6014,5.76682,35.1077,367.189,151.92,0.0632707,192.385,2.28251,48.7487,8.1552,16.7104,2.09841,128.447,9.73991,59.0201,122.822,34.0838,18.2457,0.311642,8.16265,109.402,51.9033,7.81832,96.5961,20.3553,26.5395,83.2919,43.0126,18.5719,12.3986,345.199,107.021,2.8875,6.07291,11.4768,32.3526,28.886,0.337344,4.41919,15.863,3.70558,9.9693,30.1213,327.114,588.37,0.538806,177.03,0.394574,52.4956,8.4163,7.86801,86.2005,4.14786,31.0989,26.7145,17.2271,20.2504,10.8143,
0.72,3.53966,16.2958,63.6898,8.2239,21.6609,37.4347,6.33667,34.232,174.805,56.3008,0.248439,48.0651,117.412,138.444,4.57238,15.3459,19.2999,14.4391,29.2201,0.130812,7.15079,23.3619,33.0229,5.7488,34.728,365.485,150.308,0.00401499,191.345,2.41399,48.6384,8.21416,16.8151,2.31362,128.007,9.89788,58.9865,128.612,35.103,18.6801,0.431219,8.71793,108.024,52.3396,7.9801,97.4026,21.5957,26.8208,82.9671,42.9246,18.7611,12.392,343.294,105.934,3.06769,6.44712,11.9591,32.1293,29.1533,0.36774,4.46763,15.7696,3.79782,9.93064,29.838,326.706,587.64,0.587908,177.898,0.438207,52.3952,9.04013,8.33422,86.1478,4.1232,30.7525,26.8579,20.0856,22.7108,11.7584,
0.725,3.50265,15.9737,63.8974,8.35245,21.6091,36.9228,6.51719,34.1523,174.352,56.2633,0.275448,47.7852,115.487,137.248,4.69853,15.6024,19.5698,14.48,28.8487,0.184303,7.14729,23.2298,32.7199,5.72755,33.7109,363.509,148.358,0.0111318,188.36,2.55341,48.531,8.4143,17.0347,2.5405,127.557,10.1316,58.8171,128.903,36.2442,19.1736,0.306649,9.27162,106.368,52.7786,8.08472,97.88,22.8713,27.0653,82.6251,42.8348,18.8418,12.3201,340.802,104.592,3.25502,6.83733,12.4703,31.7628,28.8061,0.396785,4.5173,15.6754,3.8903,9.88626,29.4963,325.676,586.408,0.633874,177.6,0.481839,52.2618,9.68908,8.79643,85.3451,4.08476,30.4516,26.7608,20.1253,25.5811,12.9306,
0.73,3.45682,15.5886,63.9945,8.45855,21.5129,36.2665,6.83394,34.1823,173.862,56.2213,0.304544,47.422,113.087,136.125,4.80712,15.8148,19.8439,14.5831,29.5012,0.249038,7.16411,23.1156,33.232,5.702,33.5703,361.221,145.902,0.023375,187.52,2.70161,48.4236,8.77864,17.4026,2.77937,127.095,10.3581,58.4441,129.409,37.5268,19.7329,0.589532,9.7892,104.142,53.2148,8.14299,97.9235,24.1182,27.2641,82.2654,42.7416,18.9419,12.3037,337.467,102.807,3.45005,7.23585,13.0023,31.1602,29.0864,0.424172,4.56041,15.5797,3.98089,9.83544,29.1404,324.929,585.201,0.675388,177.449,0.52561,52.0946,10.3438,9.22242,85.2808,4.03262,30.1948,26.7712,20.7042,28.8891,14.3304,
0.735,3.40186,15.1717,64.1236,8.57619,21.3967,35.5828,7.29858,34.3251,173.327,56.1741,0.336345,47.0761,110.768,134.656,4.92201,15.998,20.1167,14.6614,29.4732,0.329529,7.16937,23.0138,33.2756,5.67143,32.7909,358.9,143.394,0.0463593,185.178,2.862,48.3115,9.33538,17.9291,3.0325,126.608,10.6825,58.2112,134.914,38.9603,20.3647,0.216413,10.3802,102.055,53.6468,8.25837,98.1969,25.2631,27.3712,81.8856,42.6443,19.0463,12.2211,334.226,101.111,3.63953,7.64107,13.5464,30.8082,28.891,0.449589,4.60349,15.481,4.06959,9.77838,28.7389,323.949,583.855,0.712436,177.223,0.569809,51.8951,10.9632,9.58387,84.4591,3.96544,29.985,26.6999,23.3857,32.6306,15.9753,
0.74,3.342,14.7273,64.0956,8.65531,21.2346,34.8396,7.91341,34.5638,172.745,56.1199,0.370384,46.648,108.312,133.309,5.04649,16.1738,20.3842,14.7677,29.7724,0.432684,7.18194,22.9227,33.5506,5.63705,32.2329,356.386,140.626,0.0924634,183.439,3.0369,48.1901,10.0764,18.5779,3.30186,126.107,10.9546,57.9625,131.832,40.5596,21.0816,0.727307,10.8551,99.9885,54.0737,8.27118,97.8249,26.236,27.3731,81.4849,42.5418,19.0543,12.1558,330.662,99.3146,3.83386,8.04255,14.0927,30.4092,28.8853,0.472837,4.63881,15.3772,4.15307,9.71573,28.3005,322.836,582.357,0.743321,176.413,0.615187,51.6657,11.5214,9.85523,84.1098,3.88394,29.811,26.5826,22.6935,36.7748,17.8784,
0.745,3.26903,14.2608,63.9626,8.70362,21.0326,34.0516,8.67719,34.9073,172.112,56.0573,0.407699,46.2354,105.778,131.993,5.18259,16.3648,20.6452,14.8935,30.3434,0.55128,7.19722,22.8428,34.2769,5.59637,31.8552,353.786,137.675,0.182859,182.274,3.22889,48.0557,11.0092,19.3569,3.59395,125.579,11.387,57.8074,131.278,42.3541,21.8897,0.209045,11.2141,97.8804,54.4932,8.24334,97.0583,26.9795,27.2656,81.0589,42.4326,19.0885,12.1687,326.882,97.4481,4.02656,8.43754,14.6304,29.9605,29.0342,0.493824,4.67284,15.2694,4.23176,9.64838,27.8422,321.905,580.889,0.76727,175.59,0.66251,51.411,11.9955,10.0097,84.2256,3.78997,29.6774,26.5331,22.9077,41.2995,20.0356,
0.75,3.18678,13.7459,63.7249,8.72782,20.7832,33.1496,9.58587,35.3126,171.421,55.9862,0.447905,45.5906,102.662,130.053,5.32987,16.5959,20.8991,14.9969,30.7903,0.682646,7.20811,22.7713,35.0409,5.55135,31.2917,350.794,134.131,0.342046,180.374,3.43844,47.9037,12.1117,20.2494,3.91069,125.037,12.0995,57.3463,131.733,44.3522,22.7966,0.75218,11.5172,95.1922,54.902,8.20295,96.0564,27.4561,27.0198,80.6075,42.3161,19.0753,12.084,321.779,95.0072,4.20916,8.81978,15.1499,29.157,29.0173,0.512385,4.69755,15.1561,4.30451,9.57458,27.3562,320.818,579.129,0.783793,174.766,0.712526,51.1367,12.3686,10.0536,83.3632,3.68526,29.5838,26.3681,24.6937,46.112,22.4465,
0.755,3.09865,13.2069,63.3414,8.71413,20.4871,32.201,10.6308,35.796,170.669,55.9043,0.491253,44.9009,99.7011,127.859,5.51848,16.8975,21.1472,15.0535,30.2739,0.827058,7.20357,22.7002,34.9926,5.49987,29.959,347.69,130.549,0.58482,176.371,3.6705,47.7326,13.3989,21.2503,4.25536,124.467,13.1065,57.0539,128.399,46.5758,23.8109,0.257826,11.6962,92.6036,55.2972,8.10314,94.5994,27.6617,26.6541,80.1279,42.19,18.9194,11.9089,317.059,92.7194,4.37857,9.17867,15.6392,28.588,28.3281,0.52831,4.71992,15.0354,4.36853,9.49479,26.7992,319.134,576.952,0.792777,172.932,0.766685,50.8487,12.6357,9.98635,81.8909,3.57291,29.5328,25.9763,23.9053,51.14,25.0527,
0.76,3.01065,12.6635,62.8287,8.66272,20.1496,31.2535,11.7978,36.3189,169.85,55.8112,0.538331,44.2357,96.8018,125.824,5.73321,17.3005,21.394,15.1227,29.8721,0.985696,7.19904,22.6258,35.1884,5.44275,28.9858,344.543,126.943,0.912164,173.709,3.92348,47.5406,14.8224,22.3397,4.63542,123.874,14.3703,56.9122,124.934,49.0347,24.9375,0.720182,11.7236,90.2741,55.6785,7.95318,92.7308,27.613,26.2034,79.6156,42.0529,18.7413,11.7539,312.28,90.5282,4.53999,9.51125,16.0868,28.1231,27.6858,0.54181,4.7392,14.9078,4.42382,9.40969,26.1749,317.478,574.77,0.793864,170.583,0.826222,50.5546,12.8112,9.82402,80.7306,3.45594,29.5214,25.5952,23.3639,56.2687,27.8557,
0.765,2.9151,12.1183,62.3186,8.61721,19.7963,30.3334,13.0553,36.8573,168.96,55.707,0.58973,43.7029,93.8983,124.197,5.99562,17.8271,21.6434,15.2442,30.5214,1.15291,7.20291,22.5533,36.4275,5.38126,28.9538,341.303,123.319,1.31305,174.136,4.2017,47.3273,16.3527,23.477,5.05547,123.25,15.7889,56.8418,127.787,51.7452,26.1861,0.378918,11.7624,88.0138,56.0451,7.87414,91.173,27.3507,25.6768,79.0701,41.9042,18.6965,11.7352,307.541,88.3565,4.68535,9.81723,16.4857,27.5997,27.7222,0.552712,4.74743,14.7726,4.47096,9.32102,25.5369,316.408,573.004,0.787782,169.243,0.891782,50.2599,12.905,9.59508,80.755,3.33803,29.5491,25.4877,25.0452,61.3277,30.7826,
0.77,2.82016,11.5721,61.7752,8.57482,19.4253,29.4221,14.3609,37.351,168.001,55.59,0.644632,43.167,90.9601,122.601,6.31139,18.4922,21.9021,15.3556,31.2645,1.33108,7.19751,22.4825,37.8713,5.31331,28.9508,337.889,119.657,1.74971,174.881,4.50599,47.0944,17.9361,24.6137,5.52047,122.608,17.1832,56.7723,129.162,54.7104,27.5576,0.693617,11.8247,85.7566,56.3948,7.81548,89.77,26.9321,25.0925,78.4872,41.742,18.7049,11.7299,302.705,86.1669,4.82047,10.0933,16.8291,27.0358,27.8173,0.56115,4.751,14.6303,4.50935,9.22937,24.8962,315.381,571.274,0.7747,168.269,0.965603,49.9709,12.9396,9.31795,80.7301,3.22173,29.6106,25.4335,28.0885,66.2549,33.7968,
0.775,2.71985,11.0487,61.1836,8.52732,19.0446,28.5824,15.6567,37.7598,166.966,55.4602,0.703696,42.7712,88.423,121.338,6.67284,19.2952,22.1765,15.4449,31.6573,1.52324,7.1782,22.4092,39.0929,5.24102,28.5683,334.508,116.271,2.20208,174.77,4.83795,46.847,19.5105,25.7006,6.04384,121.937,18.4877,57.0594,127.317,57.9474,29.0584,0.499347,11.8487,83.9924,56.7311,7.74245,88.3293,26.424,24.4983,77.8646,41.5658,18.7013,11.785,298.722,84.4152,4.93552,10.3413,17.1126,26.74,27.7056,0.567609,4.74235,14.48,4.53868,9.13582,24.2419,314.172,569.528,0.755258,166.99,1.04863,49.6909,12.9412,9.03124,81.2157,3.1103,29.6975,25.3826,26.8803,70.9182,36.8584,
0.78,2.62632,10.5706,60.6169,8.49099,18.6758,27.8671,16.8837,38.0344,165.858,55.3165,0.767426,42.5584,86.2589,120.751,7.08164,20.2247,22.474,15.554,32.5308,1.73083,7.15543,22.3342,40.7046,5.16503,28.2652,331.173,113.19,2.66274,174.917,5.19756,46.5934,20.9814,26.67,6.62549,121.246,19.5563,57.633,128.337,61.4559,30.6934,0.650922,11.8647,82.8423,57.0547,7.70215,87.1105,25.9102,23.9216,77.1995,41.3741,18.7351,11.8345,295.445,83.0455,5.0449,10.5606,17.3339,26.6213,27.9143,0.572073,4.73518,14.3229,4.55914,9.04304,23.5961,313.12,567.978,0.730194,166.012,1.14195,49.4231,12.9369,8.76589,82.0325,3.0057,29.798,25.4616,27.1609,75.2116,39.8592,
0.785,2.51523,10.1648,60.0766,8.46156,18.3319,27.3423,17.9924,38.1495,164.674,55.1579,0.836297,42.545,84.7314,120.391,7.52707,21.2624,22.7975,15.597,32.1533,1.95379,7.10418,22.2493,41.4157,5.08389,27.5117,328.036,110.711,3.12595,174.402,5.58978,46.3448,22.2809,27.4624,7.27208,120.531,20.3171,58.6854,128.749,65.2487,32.4624,0.598296,11.8273,82.6566,57.3733,7.66395,86.0165,25.4754,23.3845,76.4888,41.1656,18.7365,11.8452,293.405,82.367,5.14176,10.7545,17.4952,26.8205,27.4005,0.574953,4.72213,14.1568,4.57041,8.95271,22.911,311.642,566.327,0.700439,164.2,1.24679,49.1681,12.9645,8.54972,82.4055,2.90929,29.8999,25.4565,29.582,79.1428,42.7823,
0.79,2.50996,9.83106,59.6155,8.45515,18.0271,26.9899,18.9451,38.0741,163.417,54.9838,0.909845,42.6757,83.6166,120.283,8.02082,22.3926,23.1525,15.5999,31.3275,2.18704,7.03799,22.1487,41.5457,4.99894,26.4383,324.861,108.69,3.58301,172.962,6.01676,46.1106,23.3706,28.0881,7.9815,119.803,20.6479,59.9647,130.409,69.321,34.3714,0.633425,11.7844,83.0294,57.6929,7.66705,85.265,25.201,22.9204,75.7286,40.9395,18.7344,11.8304,292.276,82.1035,5.22439,10.937,17.6018,27.0004,26.5827,0.576668,4.70217,13.9816,4.57165,8.86637,22.1671,309.875,564.607,0.667074,161.913,1.3651,48.9262,13.0576,8.41604,82.733,2.8222,29.9792,25.416,28.9198,82.7646,45.6144,
0.795,1.82016,9.56567,59.1277,8.43745,17.7515,26.7789,19.7234,37.8004,162.082,54.7913,0.986301,42.8195,82.9147,119.804,8.5396,23.6039,23.5416,15.4958,28.4894,2.42988,6.93716,22.0161,39.5996,4.91095,23.9783,321.668,106.98,4.03961,166.987,6.48112,45.8981,24.2055,28.5168,8.75306,119.052,20.7814,61.5843,126.283,73.6632,36.4087,0.620638,11.607,83.9146,58.0197,7.60954,84.2781,25.1446,22.524,74.9169,40.6936,18.5119,11.7135,291.964,82.2889,5.3102,11.1123,17.6646,27.2603,24.5672,0.577363,4.67459,13.7958,4.56101,8.78383,21.296,307.05,562.264,0.63085,157.822,1.50015,48.6945,13.2372,8.37764,82.0618,2.74443,30.0223,25.025,27.3223,86.1934,48.3359,
0.8,3.09379,9.34964,58.6508,8.41689,17.5073,26.6526,20.3241,37.3643,160.67,54.5789,1.06625,42.857,82.3186,118.518,9.10653,24.8923,23.968,15.2808,23.7386,2.68205,6.80728,21.8362,35.6418,4.81979,20.5975,318.302,105.398,4.49632,157.891,6.985,45.7079,24.7929,28.768,9.59398,118.285,20.943,63.2192,125.35,78.2526,38.5745,0.616818,11.334,84.8425,58.3597,7.5489,83.2631,25.3289,22.2058,74.0489,40.4258,18.1329,11.4004,291.887,82.565,5.40218,11.3052,17.6998,27.3412,21.3516,0.577386,4.6463,13.5966,4.5369,8.70416,20.2347,303.238,559.258,0.592148,152.048,1.65316,48.4707,13.5167,8.42865,79.5882,2.67578,30.0105,24.2594,27.1429,89.7072,50.9626,
0.805,2.44047,9.13486,58.2532,8.42406,17.2921,26.4907,20.7489,36.7677,159.18,54.3448,1.14761,42.7993,81.2948,117.128,9.69994,26.2592,24.4333,15.0676,20.3308,2.94214,6.67798,21.6053,32.2741,4.72462,17.6276,314.46,103.447,4.95165,149.106,7.53495,45.5344,25.1326,28.8474,10.5039,117.5,21.1349,64.4688,129.815,83.109,40.8755,0.658943,11.1419,84.9722,58.71,7.56267,82.6996,25.7564,21.9542,73.1249,40.1344,17.8123,11.0746,291.176,82.3924,5.50175,11.5307,17.7292,26.9567,18.7885,0.576889,4.60939,13.3848,4.49898,8.62537,19.0287,299.665,556.235,0.551679,146.823,1.82386,48.2515,13.884,8.57722,77.6642,2.6156,29.9347,23.6018,29.058,93.5328,53.5469,
0.81,2.49068,8.90658,57.8617,8.44217,17.0961,26.2779,21.0153,36.0343,157.605,54.0868,1.2297,42.5265,80.198,114.577,10.331,27.7078,24.9392,14.7498,14.8793,3.20756,6.51497,21.3098,26.6526,4.6255,13.7775,310.386,101.341,5.40209,137.077,8.12846,45.3669,25.2333,28.7744,11.4849,116.685,21.5211,65.6966,130.596,88.2282,43.3083,0.707164,11.0021,84.7132,59.0701,7.58537,82.2448,26.4078,21.7507,72.137,39.8163,17.2511,10.5799,290.356,82.1647,5.63061,11.8127,17.7777,26.5662,15.1393,0.576221,4.55569,13.1577,4.44531,8.5458,17.6497,294.925,552.507,0.510442,140.726,2.0125,48.0324,14.3453,8.7907,74.1389,2.56215,29.7845,22.5254,29.8884,97.884,56.1756,
0.815,2.21374,8.62833,57.3385,8.43229,16.8784,25.8662,21.1462,35.1878,155.947,53.8029,1.30986,41.9195,78.2963,112.024,11.0164,29.2455,25.4885,14.4557,11.9161,3.47285,6.35787,20.957,23.9481,4.52397,11.4123,305.874,98.6143,5.84125,130.628,8.76797,45.1904,25.1489,28.589,12.5383,115.845,22.1996,66.3287,126.907,93.6048,45.8761,0.743208,10.8361,83.2245,59.4319,7.53972,81.288,27.2553,21.5773,71.0868,39.4701,16.7411,10.1802,287.833,81.113,5.79535,12.1733,17.8745,25.6262,12.7673,0.575382,4.49874,12.9169,4.37599,8.4631,16.1818,291.175,548.916,0.468488,135.165,2.21993,47.8099,14.8812,9.07676,71.8181,2.51447,29.5608,21.5977,29.9069,103.113,58.9444,
0.82,2.05314,8.26487,56.5723,8.3567,16.6066,25.1756,21.1737,34.2842,154.204,53.489,1.38555,41.0594,75.6415,109.955,11.73,30.8781,26.0854,14.2385,12.4196,3.73524,6.21327,20.5621,24.411,4.4198,10.8648,300.848,95.1783,6.25957,129.336,9.45102,44.9892,24.9011,28.3232,13.6677,114.965,22.8862,66.3419,118.737,99.2333,48.573,0.752823,10.5435,80.384,59.7831,7.36689,79.2735,28.2687,21.4405,69.9717,39.0931,16.2797,9.93015,283.909,79.2922,5.98805,12.6227,18.0458,24.3413,12.4029,0.574488,4.42459,12.6648,4.29057,8.37645,14.7607,288.619,545.755,0.426915,131.326,2.44609,47.5796,15.4839,9.4114,71.7531,2.47071,29.2585,21.0143,28.9952,109.316,61.9179,
0.825,1.96783,7.83316,55.5312,8.19358,16.2666,24.2726,21.1328,33.3298,152.378,53.1414,1.45654,39.8574,72.7594,106.817,12.5146,32.614,26.7368,13.9246,11.1887,3.99164,6.03284,20.1227,23.4215,4.31244,10.1595,295.624,91.413,6.65045,124.881,10.1764,44.7488,24.5398,28.0085,14.8708,114.049,23.5451,66.1706,107.36,105.099,51.3995,0.736136,10.0277,77.0401,60.111,7.0539,76.0313,29.4139,21.3038,68.7903,38.6833,15.6277,9.62463,279.434,77.2397,6.23351,13.1763,18.3151,23.1333,11.2585,0.57354,4.33847,12.4004,4.18706,8.28417,13.3817,285.337,542.102,0.385921,127.09,2.69108,47.3378,16.1427,9.77843,70.6262,2.42914,28.8761,20.1683,27.1717,116.697,65.1766,
0.83,1.90055,7.36427,54.2718,7.95495,15.863,23.2436,21.0604,32.3641,150.463,52.757,1.52312,38.4523,69.6663,103.382,13.3319,34.4584,27.4417,13.5299,8.76823,4.23856,5.82673,19.6378,20.8159,4.20301,7.54604,290.26,87.3474,7.0094,117.652,10.936,44.459,24.1199,27.689,16.1498,113.081,24.1605,65.7448,97.3816,111.206,54.3519,0.714981,9.30034,73.6023,60.4067,6.66228,71.8892,30.6557,21.1817,67.5405,38.2387,14.843,9.20553,274.273,74.9952,6.52663,13.8266,18.7007,21.9943,9.45065,0.572735,4.23273,12.1257,4.06462,8.18517,12.012,281.339,538.107,0.345704,122.173,2.9552,47.0814,16.8302,10.1641,68.6514,2.3887,28.4113,19.1341,25.7078,125.366,68.813,
0.835,1.84214,6.8899,52.9108,7.68177,15.4152,22.1789,20.9849,31.4111,148.468,52.3334,1.58903,37.3496,66.7126,101.385,14.208,36.3994,28.1996,13.1904,9.10594,4.47145,5.62844,19.1205,21.0963,4.09008,6.09773,285.115,83.3426,7.33065,115.255,11.7246,44.1155,23.6564,27.3832,17.5059,112.059,24.6898,65.5179,92.2282,117.53,57.4258,0.71464,8.48426,70.3288,60.662,6.27555,67.5631,31.9457,21.0415,66.2273,37.7583,14.3951,9.12966,269.692,72.9404,6.85891,14.5681,19.2144,20.9675,9.15395,0.571916,4.112,11.8411,3.92617,8.0807,10.7014,278.989,535.093,0.306593,118.774,3.23819,46.8073,17.5305,10.5553,70.034,2.34715,27.8668,18.6947,25.529,135.352,72.8689,
0.84,1.78257,6.43359,51.4568,7.38672,14.936,21.1342,20.9329,30.4664,146.396,51.8709,1.65086,36.2415,63.9747,99.1264,15.1146,38.395,29.0107,12.7964,8.48625,4.68626,5.40522,18.5749,20.5256,3.9767,6.66277,280.14,79.4743,7.60755,111.775,12.5341,43.7187,23.2069,27.1143,18.9394,110.987,25.1713,65.3633,85.4844,124.071,60.6199,0.719161,7.60105,67.4121,60.8696,5.89215,63.1612,33.2453,20.8732,64.8499,37.2416,13.9999,9.15388,265.397,71.1166,7.2061,15.3695,19.8487,20.0393,8.48951,0.570921,3.96442,11.5486,3.77313,7.97216,9.46867,276.424,532.117,0.268924,115.567,3.53949,46.5129,18.2141,10.9305,71.2994,2.30412,27.2476,18.2635,24.8406,146.58,77.4441,
0.845,1.72948,6.01443,49.8818,7.06403,14.4254,20.1405,20.9196,29.5525,144.251,51.3689,1.70737,35.2041,61.5791,96.7241,16.0271,40.3866,29.873,12.3249,6.54325,4.87883,5.15862,17.9999,18.2659,3.86327,3.45576,275.362,75.875,7.83505,106.18,13.3561,43.2751,22.7873,26.8738,20.4452,109.873,25.6559,65.371,75.7253,130.851,63.9407,0.705403,6.60439,64.9157,61.0262,5.47127,58.4898,34.5058,20.6623,63.4118,36.688,13.5871,9.28824,261.943,69.6659,7.58829,16.2124,20.5863,19.1908,7.13691,0.569633,3.7822,11.2479,3.6061,7.85948,8.2781,273.195,528.977,0.232561,111.567,3.85899,46.196,18.8558,11.2735,72.8692,2.2583,26.5553,17.7638,23.2359,159.016,82.4872,
0.85,1.68303,5.65411,48.2993,6.74466,13.9155,19.2738,20.9534,28.6638,142.042,50.83,1.76457,34.4506,59.7081,95.3541,16.9375,42.3097,30.7811,11.8451,5.28672,5.04423,4.90545,17.4012,16.9145,3.74809,3.12951,271.069,72.7838,8.00802,102.319,14.1889,42.7985,22.409,26.6769,22.026,108.707,26.2018,65.848,71.068,137.899,67.406,0.704737,5.57703,63.1484,61.1317,5.09005,54.101,35.6945,20.3929,61.9179,36.0994,13.3274,9.50686,259.754,68.7587,7.9719,17.0809,21.4072,18.5637,6.16313,0.56757,3.61475,10.9413,3.42891,7.74504,7.12156,270.615,526.295,0.197929,107.881,4.19507,45.8575,19.4315,11.563,75.0731,2.20923,25.7975,17.4551,22.7489,172.539,88.066,
0.855,1.64335,5.38829,46.8395,6.47191,13.4388,18.6445,21.0314,27.8128,139.779,50.2551,1.82366,33.979,58.5764,95.1745,17.8009,44.1035,31.7325,11.3581,4.33345,5.18025,4.64392,16.7837,15.7552,3.63428,1.50561,267.392,70.3831,8.12157,98.2991,15.0335,42.3115,22.0758,26.5274,23.6528,107.505,26.7241,66.9364,70.9158,145.237,71.0225,0.732771,4.61933,62.6565,61.1907,4.81678,50.6168,36.7957,20.0746,60.3732,35.4775,13.0765,9.45526,259.004,68.5897,8.36284,17.9737,22.2942,18.3152,5.47461,0.564648,3.42761,10.6299,3.24384,7.63181,6.02066,268.291,523.953,0.164742,104.913,4.54736,45.4978,19.9261,11.7991,75.9209,2.1571,24.9845,17.1508,23.1621,187.227,94.1596,
0.86,1.60645,5.12721,45.2922,6.21481,12.9456,17.8261,21.1466,26.9667,137.467,49.6461,1.86055,32.5413,55.546,92.3164,18.6021,45.7197,32.7163,10.8162,4.12176,5.28326,4.37855,16.1559,15.7111,3.51968,0.883677,262.596,66.7086,8.17295,95.8488,15.8935,41.8396,21.7638,26.4101,25.3199,106.273,27.2969,65.7163,66.8878,152.9,74.809,0.77471,3.78845,59.6299,61.1895,4.56027,47.2739,37.7904,19.6869,58.7807,34.8239,12.9227,9.45806,253.265,66.2299,8.77429,18.8931,23.2328,16.6576,4.97052,0.560544,3.27307,10.3152,3.05199,7.51521,4.98667,266.1,521.159,0.133484,102.675,4.91336,45.1166,20.3219,11.9734,76.6741,2.1014,24.1335,16.7714,23.8699,203.054,100.861,
0.865,1.57587,4.81069,43.7751,5.99023,12.4602,17.0076,21.2797,26.1168,135.117,49.0049,1.89775,31.4623,53.4893,91.0642,19.3094,47.1076,33.7154,10.2518,3.63498,5.35187,4.10388,15.522,15.2621,3.40762,0.65314,258.348,63.7887,8.15981,92.9306,16.7799,41.408,21.4728,26.3017,27.0287,105.02,27.8331,65.5518,65.9105,160.93,78.7853,0.823616,3.10229,56.8225,61.1232,4.36474,44.371,38.6698,19.2486,57.149,34.1419,12.7672,9.27981,250.814,64.8216,9.19553,19.847,24.2179,15.6721,4.44268,0.554692,2.85617,9.99875,2.85449,7.39633,4.05178,263.852,518.534,0.104348,100.759,5.29165,44.7172,20.6168,12.0746,76.6563,2.04397,23.2535,16.3556,24.6523,220.36,108.077,
0.87,1.55643,4.62379,42.5007,5.83913,12.0481,16.5595,21.4179,25.2622,132.74,48.3348,1.9505,31.1567,52.8563,92.2671,19.9291,48.228,34.7158,9.73532,3.34898,5.38413,3.82488,14.8866,15.2641,3.29798,0.271035,255.588,62.0353,8.08233,91.2937,17.7067,41.0347,21.1905,26.1778,28.754,103.755,28.1724,66.8846,69.1888,169.361,82.9568,0.878668,2.55719,57.0708,61.006,4.28029,42.6124,39.4306,18.7552,55.4863,33.4352,12.6811,8.94182,250.967,65.1832,9.63802,20.8402,25.2449,15.8921,4.27303,0.546641,3.42895,9.68264,2.65536,7.28206,3.21497,262.338,516.855,0.0776589,99.304,5.67853,44.3028,20.8033,12.1227,76.9639,1.9843,22.3611,16.1592,25.4344,239.325,115.948,
0.875,1.53883,4.50906,41.215,5.71761,11.6507,16.04,21.5454,24.4043,130.345,47.6383,1.97775,30.15,51.1026,91.5772,20.4126,49.0588,35.6975,9.19918,3.49943,5.37999,3.54584,14.2562,16.0399,3.19059,0.819051,252.169,59.8061,7.94049,89.5873,18.6835,40.7239,20.9098,26.0646,30.4973,102.482,28.486,66.6463,67.9287,178.201,87.3341,0.935549,2.13624,55.5594,60.8292,4.20005,41.0251,40.0751,18.2194,53.7985,32.7083,12.6236,8.60211,248.216,63.8238,10.0904,21.8699,26.3048,14.759,4.15168,0.536018,3.12483,9.36786,2.4554,7.16817,2.45539,260.866,514.773,0.0539476,98.2068,6.0715,43.8774,20.8803,12.1006,76.5128,1.92519,21.4705,15.8515,28.3623,260.297,124.519,
0.88,1.52624,4.2386,39.7026,5.56775,11.2025,15.0677,21.6526,23.5334,127.939,46.9154,1.96975,27.4,46.2423,85.6314,20.8048,49.6164,36.6511,8.54692,3.15165,5.34071,3.26162,13.6323,16.3136,3.08505,2.15264,246.754,54.9525,7.73594,87.657,19.7216,40.4675,20.5957,25.9182,32.2415,101.189,28.8587,62.645,60.9618,187.47,91.916,0.994246,1.819,49.9446,60.5661,4.04996,38.6596,40.6158,17.6345,52.0945,31.9639,12.4608,8.1713,237.322,59.144,10.5493,22.9222,27.3875,12.3924,3.53347,0.522572,2.79176,9.05559,2.25287,7.04776,1.78164,258.455,511.457,0.033657,96.8204,6.46642,43.4439,20.8518,12.0274,74.0579,1.86812,20.6014,15.0759,27.6561,283.244,133.834,
0.885,1.51022,3.85249,38.0952,5.40312,10.7211,13.8762,21.7297,22.6491,125.528,46.1677,1.9506,25.3003,42.4815,81.5952,21.0885,49.9488,37.5661,7.90997,2.78224,5.25853,2.97673,13.0161,15.4837,2.98015,0.72954,241.843,50.7492,7.47106,82.8242,20.8299,40.2488,20.2635,25.7602,33.9752,99.8854,29.2886,59.9233,58.1551,197.161,96.6884,1.05078,1.60388,43.9335,60.203,3.8847,35.9735,41.0789,17.0228,50.3817,31.2058,12.3894,7.96567,231.204,55.4137,11.0285,23.9828,28.4809,10.6718,2.94341,0.505769,2.47988,8.75255,2.04793,6.91977,1.16951,255.982,508.433,0.0167435,95.4108,6.85698,43.0086,20.7262,11.9086,73.7888,1.81527,19.7665,14.4775,28.0563,308.247,143.93,
0.89,1.49823,3.50267,36.5615,5.25259,10.2575,12.8813,21.7699,21.7397,123.125,45.3983,1.94276,23.9069,39.9244,79.2228,21.2996,50.1323,38.4349,7.31927,2.52412,5.14255,2.69494,12.4075,15.0144,2.87973,0,238.489,47.6348,7.1522,79.8389,22.0036,40.0488,19.8886,25.5806,35.6966,98.5583,29.8041,58.503,62.1554,207.222,101.635,1.1044,1.45695,40.5595,59.7411,3.74495,33.6548,41.5118,16.3951,48.6698,30.4384,12.5006,8.0343,227.523,53.1623,11.4998,25.0345,29.5717,9.95904,2.61444,0.485389,2.2571,8.46306,1.84352,6.78891,0.658709,254.409,506.453,0.00210421,94.2953,7.24102,42.5763,20.5276,11.7641,75.9512,1.7684,18.9757,14.271,32.1681,335.066,154.744,
0.895,1.49083,3.29153,35.2451,5.15231,9.85491,12.2596,21.766,20.8126,120.739,44.6103,1.94902,23.449,39.1851,79.655,21.5126,50.2571,39.253,6.81141,2.33473,4.98739,2.41606,11.8053,14.6276,2.78158,0,236.696,45.9352,6.78336,76.5571,23.2448,39.8474,19.4931,25.3579,37.386,97.2091,30.3185,58.9775,61.4152,217.617,106.731,1.15174,1.35134,40.4962,59.1979,3.6754,32.1827,41.9783,15.7779,46.9657,29.6671,12.6195,7.91491,228.997,52.869,11.9404,26.0494,30.6447,10.0409,2.5203,0.461054,2.0478,8.18157,1.64274,6.66105,0.297296,253.228,505.219,0,93.2207,7.61406,42.153,20.2919,11.6172,76.7055,1.73007,18.2354,14.1258,30.8002,363.002,166.266,
0.9,1.4793,3.14265,33.8854,5.062,9.45558,11.5365,21.7113,19.8753,118.377,43.8073,1.9226,22.0978,36.6808,77.0647,21.7222,50.3982,40.0186,6.24533,2.76703,4.79997,2.14661,11.2237,15.0072,2.68702,0,233.685,43.067,6.37094,73.1659,24.5389,39.6264,19.054,25.1208,39.0394,95.8279,30.9107,57.0399,58.024,228.25,111.931,1.20357,1.30324,37.9932,58.5635,3.59646,30.6669,42.5554,15.1946,45.2773,28.8956,12.7822,7.90558,224.91,50.2431,12.3743,27.0042,31.6803,8.92174,2.55534,0.432713,1.85188,7.91784,1.44793,6.53296,0.196848,252.098,503.492,0,92.519,7.97096,41.745,20.064,11.5002,77.6708,1.70259,17.559,13.917,30.1562,391.574,178.288,
0.905,1.44524,2.94946,32.5377,4.97671,9.06342,10.8354,21.6044,18.932,116.049,42.9891,1.89643,20.794,34.7445,75.0903,21.9559,50.615,40.7395,5.72035,2.27169,4.61102,1.87556,10.6621,14.5262,2.59657,0,230.89,41.0645,5.92264,73.26,25.8733,39.3683,18.5787,24.8626,40.6317,94.4073,31.2865,55.3578,55.5656,239.021,117.194,1.23747,1.27075,35.5542,57.8408,3.50644,29.0495,43.3278,14.6879,43.6086,28.1276,12.8304,7.59864,223.038,48.321,12.756,27.8743,32.6554,7.81148,2.1985,0.400233,1.65516,7.67895,1.25815,6.4046,0.522471,250.265,501.69,0,91.2601,8.31051,41.3564,19.8888,11.4496,76.2038,1.68862,16.942,13.4297,29.8189,420.073,190.627,
0.91,1.20313,2.8837,31.4544,4.94359,8.74458,10.5618,21.455,17.9837,113.764,42.1587,1.90021,20.7328,34.8383,76.722,22.2211,50.932,41.4211,5.10789,1.90124,4.37786,1.61229,10.1087,13.6517,2.50871,0,230.174,40.6153,5.45063,71.2201,27.2296,39.059,18.0857,24.58,42.1552,92.9521,31.2799,56.0229,59.0236,249.788,122.443,1.26812,1.25129,36.7443,57.0543,3.49306,28.3068,44.3809,14.2596,41.9674,27.3667,12.9933,7.4264,225.802,49.0042,13.1065,28.6337,33.5477,8.2269,2.07573,0.364208,1.4774,7.45687,1.08344,6.28337,0.980175,249.206,501.031,0,90.078,8.6275,40.9934,19.8317,11.493,77.6457,1.68969,16.3786,13.3396,29.8815,448.045,203.195,
0.915,1.51882,2.86131,30.2874,4.90425,8.42355,10.1289,21.2647,17.0416,111.525,41.3181,1.86321,19.9984,33.2548,75.8495,22.5241,51.3475,42.0704,4.93102,2.86257,4.14048,1.36742,9.62133,14.3539,2.42547,0,227.893,39.14,4.97265,70.9108,28.5762,38.6884,17.5717,24.2912,43.606,91.4603,31.0426,54.5648,55.363,260.404,127.621,1.29569,1.24223,34.81,56.1965,3.43032,27.1882,45.796,13.9561,40.358,26.6165,13.2963,7.53915,224.874,47.2114,13.3782,29.2656,34.3353,7.55529,2.4004,0.325002,1.30116,7.25789,0.923091,6.1646,0.218426,248.667,500.119,0,89.5765,8.92311,40.6615,19.9317,11.6547,80.3065,1.70851,15.8652,13.3486,30.034,474.741,215.821,
0.92,1.54735,2.95146,29.5861,4.95304,8.22756,10.394,21.0563,16.107,109.347,40.4737,1.90504,20.9623,35.004,80.1955,22.846,51.8196,42.6942,3.62096,2.16437,3.87979,1.11712,9.11872,13.5181,2.34738,0,229.14,40.251,4.48657,68.8961,29.8936,38.2591,17.0509,24.0016,44.9858,89.927,30.6401,56.646,63.4602,270.754,132.664,1.32051,1.24351,39.0634,55.3136,3.50646,27.6096,47.6327,13.7849,38.7866,25.8818,13.783,7.88767,230.714,50.2732,13.6074,29.7655,35.0007,7.6276,2.43299,0.283906,1.14547,7.07108,0.774294,6.05993,0,248.529,500.68,0,88.7024,9.19706,40.3639,20.2343,11.9588,85.4393,1.74618,15.3991,13.7888,30.172,499.454,228.183,
0.925,1.56444,3.09087,28.7042,4.97962,8.01126,10.3018,20.8535,15.1995,107.224,39.6259,1.85961,20.661,34.7206,78.7183,23.1603,52.2791,43.2956,5.16342,1.53461,3.60519,0.878121,8.73147,11.6844,2.27318,0,227.25,40.3202,4.00728,64.3723,31.1628,37.7807,16.5464,23.7325,46.2836,88.3651,30.0721,56.343,58.2256,280.69,137.515,1.34645,1.25216,37.7265,54.3896,3.49595,27.225,49.9265,13.7554,37.2548,25.1633,14.0248,7.97127,232.74,49.5742,13.7672,30.1281,35.5342,8.4106,1.9826,0.240647,0.993233,6.91357,0.638224,5.95852,0,246.618,499.363,0,87.3722,9.44688,40.1048,20.7744,12.4187,85.5742,1.80488,14.971,13.5479,30.2624,521.582,239.993,
0.93,1.58639,3.19192,28.0069,5.03125,7.84663,10.3971,20.6815,14.3465,105.164,38.7783,1.85893,21.4519,36.5382,83.5437,23.4146,52.6327,43.8739,0.734131,1.18435,3.33906,0.651483,8.09801,10.4035,2.20189,0,227.421,41.8574,3.53767,62.3748,32.3723,37.2748,16.106,23.5084,47.503,86.7821,29.3098,59.4612,61.1215,290.126,142.139,1.36671,1.26753,38.5608,53.4445,3.52112,27.2385,52.6729,13.8717,35.7683,24.4639,14.3378,8.0794,241.473,51.7493,13.884,30.3875,35.9387,6.37338,1.7875,0.193165,0.86363,6.74794,0.511218,5.86589,0,245.786,499.144,0,86.1663,9.6731,39.8866,21.5581,13.038,87.8067,1.8845,14.5744,13.5809,30.2968,540.58,251.19,
0.935,1.61307,3.34812,27.4136,5.09797,7.72664,10.571,20.5688,13.5508,103.169,37.9339,1.85408,21.7451,37.3187,85.7382,23.5718,52.7925,44.4255,5.75889,0.96223,3.08503,0.437142,8.33689,9.69485,2.13479,0,227.372,42.6858,3.0817,61.3378,33.5308,36.7643,15.7228,23.3378,48.63,85.1894,28.406,60.5648,62.0776,299.032,146.508,1.38456,1.28913,39.598,52.4909,3.55894,27.4377,55.8388,14.1237,34.328,23.7851,14.6145,8.07493,245.504,52.8385,13.9806,30.5865,36.2289,8.75345,1.69556,0.143616,0.745356,6.64797,0.396133,5.78188,0,245.181,499.001,0,85.0932,9.87355,39.7095,22.5869,13.7942,88.84,1.98535,14.2016,13.5238,30.2767,556.136,261.414,
0.94,1.63989,3.49673,26.8698,5.17026,7.66123,10.7033,20.5313,12.8062,101.237,37.095,1.84131,21.6913,37.4157,86.8346,23.5981,52.6947,44.9403,2.06719,0.931322,2.83591,0.236712,3.98577,9.2505,2.07178,0,226.944,43.0317,2.65035,59.9302,34.6456,36.2716,15.4246,23.2228,49.6641,83.5996,27.4096,60.761,62.8518,307.387,150.621,1.41354,1.33676,39.8359,51.536,3.59967,27.6612,59.353,14.4834,32.9379,23.1277,14.8589,7.98537,247.643,53.075,14.0643,30.7687,36.4301,6.64927,1.68004,0.0950505,0.638642,6.45154,0.293318,5.70501,0,244.611,498.761,0,84.249,10.0476,39.5748,23.8214,14.6637,89.1403,2.10612,13.8477,13.3794,30.4928,568.562,270.594,
0.945,1.66124,3.52193,30.7395,6.78402,8.21358,11.2423,20.5823,12.1321,99.3877,36.2887,2.03866,22.9802,34.3236,81.5642,23.4829,52.325,45.4111,0.692066,0.692723,2.8555,0.0465238,10.9917,7.38376,2.01226,0,224.671,41.5309,2.25055,57.9769,35.7401,35.8142,15.2297,23.1832,50.5806,82.0205,26.582,55.8316,122.485,315.251,154.508,2.67132,6.04896,36.7236,50.5765,6.98471,50.9962,63.1209,14.9195,31.601,22.5011,11.7218,8.08249,243.858,49.5048,14.1552,30.9824,36.5766,6.84922,1.42925,0.0519442,0.544005,6.51158,0.206237,5.62901,0,248.523,501.944,0,98.3298,10.1939,39.4799,25.2122,15.6082,84.2008,2.24651,13.544,15.2335,85.7604,577.969,278.48,
0.95,1.67636,3.52863,31.4766,7.64838,8.52175,11.2736,20.7236,11.5249,97.6042,35.5082,1.97505,22.1757,34.5382,82.6616,23.2736,51.7098,45.8432,3.18084,0.526593,2.53156,0,2.50733,7.76589,1.95439,0,224.721,41.5397,1.88212,56.6634,36.83,35.4014,15.1456,23.1883,51.4163,80.4613,26.0745,56.8081,105.094,322.738,158.213,2.4755,9.53776,35.9593,49.6165,7.54244,59.2108,67.0306,15.39,30.3195,21.9024,17.6827,8.1001,246.057,49.7072,14.2783,31.2414,36.7018,5.30893,1.25624,0.0190615,0.467518,6.01001,0.143803,5.55816,0,247.352,500.959,0,100.216,10.311,39.4215,26.6993,16.5871,86.1189,2.4039,13.289,14.777,50.7057,584.782,285.184,
0.955,1.69294,3.64575,31.1691,7.89653,8.70348,11.4112,20.9618,10.9778,95.8864,34.7443,1.95402,23.0471,36.3107,86.1174,22.9823,50.9063,46.3055,1.42075,0.420546,2.25832,0,10.8776,8.38805,1.89925,0,226.383,42.7757,1.54738,55.7818,37.9425,35.0327,15.1464,23.2647,52.1793,78.9238,25.783,60.0944,105.113,329.991,161.813,2.12684,10.5846,38.7401,48.6832,7.09426,57.4649,70.9687,15.8565,29.0914,21.329,18.07,8.07491,252.056,51.9453,14.4424,31.5696,36.8925,8.25032,1.31169,0,0.402733,6.74033,0.0946556,5.49815,0,246.21,500.816,0,94.2028,10.3982,39.3963,28.2116,17.5571,88.8167,2.57564,13.0645,14.4231,40.7831,588.812,290.668,
0.96,1.70234,3.68412,33.4614,8.85421,9.14261,11.6482,21.304,10.4935,94.2384,34.0085,2.05156,23.601,34.1811,82.2323,22.6397,49.9924,46.7992,1.44975,0.298954,2.22778,0,3.41339,7.38162,1.84729,0,224.895,41.892,1.24888,53.315,39.086,34.6988,15.2665,23.4031,52.8415,77.41,25.6548,56.5268,190.509,337.207,165.388,2.75856,13.7163,36.9355,47.7641,8.6751,67.9372,74.8281,16.2775,27.9188,20.7839,17.2939,7.91128,249.195,49.1974,14.6334,31.9611,37.2018,6.13767,1.24698,0,0.355695,4.39358,0.0662061,5.44041,0,248.151,502.524,0,99.35,10.4549,39.3985,29.691,18.4761,84.0353,2.75861,12.8826,15.0819,76.645,590.473,294.902,
0.965,1.70453,3.6253,33.3542,9.09999,9.27827,11.25,21.7482,10.0828,92.6445,33.2913,1.93117,20.632,33.0408,80.7368,22.306,49.0764,47.3385,2.11392,0.199934,1.97377,0,9.13383,7.52025,1.79405,0,223.568,40.3855,0.989356,51.1769,40.2582,34.3883,15.4925,23.6,53.4118,75.9272,25.6728,56.6417,98.3156,344.585,169.034,2.50843,15.0937,34.093,46.8457,8.29701,66.9372,78.5013,16.636,26.8008,20.2624,17.9706,7.27733,247.605,47.3768,14.8506,32.4051,37.6644,5.59625,1.02673,0,0.312679,7.89138,0.0714252,5.38425,0,245.571,500.055,0,96.2898,10.48,39.4247,31.0726,19.3,80.7402,2.94997,12.7366,13.5465,46.8322,589.9,297.839,
0.97,1.68941,3.34482,38.7467,11.1153,10.0691,11.3443,22.2983,9.73108,91.1248,32.6174,2.17264,21.6666,25.7115,65.2563,22.0503,48.2813,47.9227,2.04424,0.109915,2.24128,0,6.11449,6.01346,1.74337,0,218.993,35.6368,0.771651,50.8443,41.4578,34.0959,15.8174,23.873,53.9011,74.4638,26.0446,45.0527,194.345,352.333,172.831,4.06155,21.3794,26.658,45.9109,12.3333,91.3743,81.8892,16.8869,25.7359,19.7722,12.9777,7.70121,237.8,39.05,15.0765,32.8897,38.2781,3.76339,0.658937,0,0.272804,3.64828,0.132617,5.32053,0,250.371,503.995,0,110.956,10.4746,39.4689,32.2941,19.9925,78.3439,3.14617,12.6538,15.3928,113.302,587.177,299.726,
0.975,1.68566,3.45625,40.2766,12.0358,10.57,11.9924,22.9434,9.4392,89.672,31.9829,2.21943,25.3327,20.3101,44.2995,21.9211,47.7405,48.5597,1.08374,0.087938,1.92633,0,6.51486,7.11198,1.69477,0,221.855,31.5268,0.591261,52.3296,42.6856,33.8234,16.2385,24.1909,54.3705,73.0262,26.8014,24.8044,151.839,360.64,176.852,3.58347,25.3042,35.7971,45.0448,12.4469,98.0049,84.9078,17.0068,24.7287,19.3122,22.9072,8.44395,222.909,37.2651,15.3438,33.4145,39.0404,5.19294,0.682062,0,0.253197,8.16852,0.256389,5.27777,0,252.369,507.296,0,111.699,10.4359,39.5284,33.303,20.5321,87.9271,3.34487,12.6333,16.1054,62.7115,582.941,300.465,
0.98,1.72324,4.75304,42.4442,12.5539,11.5004,16.1315,23.6756,9.20491,88.3058,31.3846,2.64065,19.9416,46.6245,104.136,21.9577,47.5572,49.262,0.982169,0.157803,1.74492,0,6.08324,10.1168,1.65555,0,236.501,46.9972,0.444336,60.5133,43.94,33.5792,16.7514,24.5448,54.9088,71.6234,27.5407,89.1282,226.568,369.627,181.145,3.06319,25.9545,65.8268,44.485,12.1284,100.096,87.5016,16.9798,23.7712,18.8851,24.7959,9.91034,290.612,56.1915,15.6264,33.9844,39.9491,21.5558,2.78489,0,0.278429,4.7034,0.397204,5.30921,0,257.21,512.308,0,104.705,10.3649,39.6003,34.0673,20.9022,115.171,3.54252,12.6387,18.5027,56.8386,576.906,300.182,
0.985,1.72768,5.15609,46.352,13.8638,12.385,16.6015,24.4713,8.99784,87.0302,30.8286,2.66502,26.0397,22.6104,49.6547,22.2015,47.7853,50.0465,0.337882,2.02726,1.95266,0,5.51557,10.2191,1.61812,0,222.425,37.4664,0.327868,56.4179,45.232,33.3704,17.3424,24.9317,55.4401,70.2481,28.2206,32.9795,257.589,379.381,185.749,4.06699,29.5874,54.7096,43.9431,14.3244,113.333,89.6468,16.8166,22.8834,18.4946,23.9677,10.7079,216.695,32.085,15.9369,34.6145,41.0065,7.24387,4.17518,0,0.284738,7.11665,0.359039,5.31788,0,260.444,516.082,0,112.547,10.2603,39.6804,34.5657,21.0887,100.901,3.73785,12.681,20.0372,103.176,569.934,299.057,
0.99,1.7119,4.63878,45.6446,13.8349,12.4741,14.4489,25.2902,8.82861,85.8004,30.2886,2.21956,20.4725,29.5135,68.6037,22.6388,48.4117,50.929,0,1.71658,1.75611,0,5.22826,8.86065,1.57433,0,218.584,34.6117,0.237677,50.282,46.5692,33.2011,17.9694,25.3156,55.998,68.9074,28.857,50.5805,109.733,389.909,190.653,3.60879,30.7729,33.5828,43.3298,13.103,107.405,91.3477,16.5023,22.0461,18.125,21.9468,10.4096,241.23,48.3946,16.2979,35.3407,42.2202,2.99275,1.96126,0,0.288252,4.17293,0.141968,5.2981,0,250.475,505.883,0,107.441,10.1231,39.7683,34.8093,21.106,99.3025,3.92908,12.7486,16.0493,57.2672,562.38,297.001,
0.995,1.71048,4.3351,51.3138,15.6065,13.9777,18.1475,26.1055,8.65622,84.6368,29.7832,2.62692,13.7993,27.5511,67.176,23.2416,49.351,51.9236,0,1.16731,2.59983,0,5.09726,7.15692,1.53663,2.21106,218.891,25.128,0.170111,66.3777,47.9566,33.0676,18.6079,25.7019,56.6797,67.6035,29.49,34.8173,26.1954,401.165,195.837,5.32352,36.7111,33.4395,42.7378,16.827,130.842,92.6371,16.0689,21.2442,17.7806,15.7082,11.1848,230.887,46.1173,16.7359,36.2097,43.6073,4.47411,1.49964,0,0.28789,7.28086,0,5.28014,0,255.11,506.759,0,126.949,9.95452,39.8582,34.8091,20.9719,115.948,4.11518,12.8714,15.2088,0,554.185,294.469,
1,1.70638,4.24837,52.0116,15.9757,14.6581,18.9027,26.8851,8.47555,83.5443,29.3052,2.6382,29.8181,41.5273,93.5943,23.9252,50.4634,53.0403,0,0.620865,2.07904,0,4.99533,7.62312,1.5011,0,234.008,58.9599,0.120142,60.3471,49.3936,32.9612,19.2433,26.0589,57.3131,66.327,30.132,76.1154,301.968,413.052,201.255,4.61493,39.7145,38.216,42.1795,15.9638,132.473,93.582,15.5427,20.5058,17.4643,25.1091,9.99566,284.172,56.6154,17.261,37.2695,45.1925,9.03279,1.41656,0,0.302251,4.87453,0,5.27014,0,257.435,514.854,0,130.347,9.75727,39.9483,34.5972,20.7157,103.828,4.29424,13.0426,18.1971,275.345,545.712,291.145,
1.005,1.76716,5.76223,62.0434,18.8578,17.2981,26.6785,27.6181,8.29778,82.5222,28.8797,3.27851,1.65611,11.6656,1.36179,24.5871,51.5927,54.2794,0,0.672895,2.68304,0,4.93971,9.04519,1.47921,0,221.198,14.952,0.0843584,73.8592,50.8635,32.8634,19.8534,26.3747,57.934,65.0725,30.865,12.4098,186.986,425.44,206.864,6.35845,46.6623,72.3087,42.0253,21.5331,164.437,94.2668,14.953,19.7811,17.1784,15.7974,11.0659,183.312,18.8444,17.9136,38.572,47.0068,20.7964,2.88851,0,0.357496,6.52225,0,5.34803,0,261.839,510.244,0,146.79,9.53197,40.032,34.2291,20.3767,131.909,4.46437,13.279,23.7742,91.131,536.867,287.44,
1.01,1.78609,6.16864,62.9114,19.566,18.2184,26.2675,28.2933,8.12244,81.6469,28.5049,2.8624,35.069,36.5133,72.3637,25.1954,52.5921,55.6366,0,0.524206,2.08352,0,4.87342,7.77978,1.45892,0,229.072,69.7284,0.0584384,53.9963,52.3316,32.7515,20.4225,26.6647,58.5502,63.8319,31.5427,66.5587,222.893,438.205,212.59,5.38597,50.0391,63.4309,41.8577,20.2068,166.463,94.7957,14.3228,19.174,16.9443,28.4768,11.3721,264.575,39.9372,18.7099,40.1624,49.0836,8.69121,3.01531,0,0.394921,4.85265,0,5.3908,0,258.837,514.671,0,140.123,9.28165,40.1063,33.7549,19.9769,109.714,4.62567,13.5624,20.0605,135.551,527.694,283.32,
1.015,1.78074,5.49457,60.4024,18.5314,18.0858,22.1751,28.9069,7.93276,80.7537,28.1102,2.76995,27.6529,34.0463,71.405,25.657,53.3361,57.0996,0,0.261431,1.714,0,4.79326,6.02953,1.42577,0,220.202,43.5539,0.0394958,40.7311,53.7464,32.5936,20.9615,26.9324,59.1332,62.5898,31.9349,59.4929,165.498,451.214,218.392,4.46185,48.6617,38.4672,41.5774,16.942,147.219,95.2907,13.7027,18.576,16.7105,25.5146,10.8499,260.462,54.6032,19.6731,42.0714,51.4585,3.86695,1.37183,0,0.406049,6.3308,0,5.3959,0,253.805,513.737,0,119.285,9.00872,40.1659,33.2409,19.579,105.546,4.77666,13.8444,20.6857,106.068,518.216,278.973,
1.02,1.79006,5.01784,66.7482,20.0294,19.4493,24.0458,29.465,7.74036,79.9089,27.742,3.0455,3.51831,28.4242,42.6719,25.9406,53.7333,58.6511,0,0.227428,2.62945,0,4.74278,4.80806,1.4009,1.07917,219.402,16.9395,0.0253375,53.4568,55.0417,32.3571,21.4535,27.1807,59.5982,61.3302,32.3134,27.6479,0,464.352,224.216,6.60636,53.3603,38.1759,41.2893,20.9472,165.677,95.875,13.1274,18.0068,16.4952,1.18364,11.0191,215.994,50.1714,20.7972,44.3023,54.1546,6.59132,1.14514,0,0.415308,5.04879,0,5.39545,0,249.588,503.641,0,134.075,8.71361,40.2085,32.7712,19.2204,114.974,4.91614,14.1618,16.2407,7.91789,508.534,274.165,
1.025,1.7687,4.19906,65.6724,19.7466,19.4667,21.3221,29.9784,7.55177,79.0992,27.3815,2.66964,21.2286,21.573,41.6991,26.0048,53.7296,60.2723,0,0.516538,2.18507,0,4.68704,6.25122,1.37354,0,217.504,34.416,0.0140979,55.3759,56.1486,32.0147,21.9282,27.41,60.0579,60.0429,32.9474,40.7255,349.136,477.579,230.058,5.79561,54.8752,22.7578,40.8725,19.1363,159.634,96.6659,12.6216,17.4845,16.2966,40.2317,10.9794,231.5,36.9264,22.0631,46.8134,57.1808,2.88437,1.25785,0,0.409633,5.96655,0,5.36855,0,261.358,516.68,0,136.62,8.40145,40.2335,32.4049,18.9467,103.222,5.04392,14.5103,19.0694,186.798,499.646,269.312,
1.03,1.74484,3.42671,68.0533,20.2149,19.5702,18.5636,30.4645,7.39973,78.3105,27.0321,2.94052,31.066,25.6059,54.929,25.8587,53.3094,61.9411,0,0.953911,2.24228,0,4.63038,5.95443,1.34248,0,218.661,41.045,0.00440533,40.3726,56.9908,31.5444,22.3805,27.6377,60.5205,58.7203,33.9279,55.3758,306.38,490.895,235.919,6.46621,57.2916,17.1792,40.3593,20.295,162.587,97.7445,12.2254,16.9895,16.1085,11.0277,11.3421,261.987,37.0597,23.4483,49.5448,60.524,2.89761,0.883541,0,0.395436,5.16698,0,5.32615,0,267.984,528.632,0,136.074,8.07296,40.241,32.1995,18.7759,99.7723,5.16018,14.8864,24.069,209.013,491.992,264.565,
1.035,1.71927,3.08396,67.5307,19.7682,19.2308,16.389,30.9561,7.26509,77.5426,26.6885,2.75534,30.6925,21.1791,35.7797,25.528,52.5008,63.6358,0,0.686765,1.94723,0,4.56236,6.18534,1.31452,0,219.61,31.8107,0,36.8619,57.5077,30.9343,22.8427,27.8887,61.0597,57.3528,35.0832,33.9482,235.051,504.345,241.826,5.9272,57.0356,24.0516,39.8172,18.8526,153.951,99.1642,11.9471,16.5273,15.9311,34.9667,11.7041,255.098,34.7693,24.9285,52.4481,64.1533,5.64393,0.931777,0,0.385249,5.67856,0,5.28955,0,264.804,526.911,0,123.572,7.7305,40.2319,32.1855,18.7284,101.033,5.26612,15.2772,21.2714,117.404,486.78,260.014,
1.04,1.69238,2.76089,64.9471,18.3976,18.4364,14.0378,31.4828,7.18374,76.7831,26.3383,2.42743,25.2007,24.2152,43.8911,25.0171,51.3749,65.3396,0,0.416996,1.81699,0,4.48577,6.07106,1.28511,0,221.022,37.1786,0,33.9276,57.6459,30.1824,23.352,28.1704,61.7985,55.9346,36.3288,50.563,249.742,517.947,247.807,5.31332,53.7953,21.7281,39.2046,16.1287,135.7,100.926,11.7758,16.0919,15.7586,30.4708,11.7335,257.858,34.5179,26.4796,55.4775,68.0178,4.35305,0.889957,0,0.372194,5.22148,0,5.2452,0,260.74,523.112,0,108.171,7.38064,40.2134,32.3769,18.7974,100.05,5.36154,15.6631,19.1434,154.104,485.468,256.058,
1.045,1.6978,3.32345,63.3416,16.9092,17.8634,14.7955,32.0735,7.13388,76.0547,25.9877,2.61611,17.2251,11.9408,0,24.4095,50.0279,67.0382,0,0.317901,1.7748,0,4.40421,7.32441,1.26093,0,222.531,21.0746,0,39.8022,57.3648,29.296,23.9072,28.4846,62.5857,54.4609,37.2655,17.7975,201.654,531.73,253.854,4.89354,48.4603,43.1785,38.731,13.8218,118.984,102.99,11.6956,15.6873,15.5946,27.9799,11.0062,229.076,22.4957,28.0905,58.601,72.0887,11.9597,1.59815,0,0.376203,5.45219,0,5.24265,0,262.928,526.219,0,95.0195,7.03063,40.1861,32.743,18.9649,100.753,5.44724,16.0309,18.5453,168.794,488.447,253.042,
1.05,1.68818,3.37387,67.3899,17.7835,17.9335,14.6222,32.7397,7.16032,75.3537,25.6532,2.94899,28.2611,17.6003,145.544,23.7571,48.5675,68.721,0,0.152885,2.23507,0,4.33032,5.11567,1.24076,0,217.968,36.7433,0,35.6416,56.6569,28.2935,24.548,28.8686,63.1859,52.9407,37.8616,34.257,154.795,545.721,260,6.77623,49.5233,34.2179,38.2186,17.2497,133.765,105.284,11.6792,15.3121,15.4431,15.828,10.0531,234.137,21.5307,29.7398,61.7824,76.3301,4.99806,1.46156,0,0.363868,5.21042,0,5.22025,0,268.909,533.707,0,106.682,6.68305,40.1583,33.2387,19.1935,77.5694,5.52416,16.4034,19.4851,207.74,496.805,251.119,
1.055,1.70995,4.07056,67.9762,17.8982,17.9485,16.301,33.4869,7.23868,74.6888,25.33,3.16125,32.4193,18.6106,0,23.0771,47.0941,70.3819,0,0.124035,1.8008,0,4.24869,6.1528,1.22407,0,229.386,31.6911,0,37.6144,55.5424,27.2102,25.2525,29.2798,63.6993,51.3881,38.3863,2.84834,219.231,559.887,266.232,6.34302,48.7754,52.6111,37.8687,16.8491,135.778,107.72,11.6934,14.9663,15.3051,29.719,10.1496,210.757,34.853,31.4011,64.9539,80.6974,13.2673,2.47923,0,0.367581,5.26906,0,5.23679,0,270.674,537.466,0,108.063,6.34107,40.1363,33.8118,19.446,89.479,5.59363,16.7672,19.3939,105.831,511.002,250.855,
1.06,1.71065,4.08905,67.7513,17.7752,17.6525,15.2429,34.2983,7.35429,74.0404,25.0093,2.81688,23.0601,23.4692,195.612,22.4374,45.6934,72.021,0,0.144477,1.71422,0,4.16446,6.22753,1.20797,0,220.899,36.9256,0,30.5523,54.0849,26.0966,26.032,29.7392,64.0989,49.8153,38.7979,58.1162,349.651,574.218,272.54,6.48136,47.8781,39.027,37.4649,16.5208,133.563,110.212,11.7037,14.648,15.175,29.8417,9.54118,240.681,29.4499,33.0059,68.0237,85.1334,5.41995,1.81187,0,0.353951,5.13188,0,5.2303,0,267.133,532.503,0,105.118,6.00621,40.1236,34.3996,19.6937,77.548,5.65589,17.1184,17.7192,143.764,531.232,252.319,
1.065,1.76996,4.66946,76.6808,20.6147,20.0664,24.708,35.1541,7.49523,73.4604,24.7285,3.13369,11.5708,39.1555,0,21.8882,44.4286,73.6408,0,0.111222,3.14852,0,4.13277,5.94437,1.20358,7.2623,230,25.7652,0,46.6733,52.3915,25.0177,26.8523,30.2347,64.381,48.2487,39.3116,0,0,588.63,278.898,9.21223,54.5743,51.1579,37.2108,22.9996,170.851,112.677,11.6857,14.3521,15.0691,10.9788,9.85947,216.738,54.5199,34.5099,70.9016,89.5908,11.7318,2.4699,0,0.348872,5.10234,0,5.24909,0,267.684,524.08,0,129.832,5.6796,40.1257,34.9511,19.9036,87.153,5.71259,17.5066,11.5612,0,557.019,255.719,
1.07,1.79768,4.55022,76.4975,21.2733,20.7537,25.4652,36.0271,7.68491,72.9392,24.4656,2.92564,19.9675,24.8879,169.564,21.4125,43.3449,75.2446,0,0.0632434,2.2896,0,4.08879,5.88687,1.19967,0,222.424,44.8862,0,59.3409,50.5964,24.0296,27.6933,30.7264,64.5437,46.717,39.682,171.823,497.706,603.028,285.252,8.18863,58.7735,36.4101,36.8861,21.7706,177.781,115.051,11.6298,14.0636,14.9845,36.3821,9.95572,233.281,34.672,35.8885,73.5077,94.0185,4.9082,1.6227,0,0.325866,4.99103,0,5.24381,0,269.064,533.119,0,149.33,5.36236,40.1433,35.4219,20.0542,83.0913,5.76238,17.9061,17.7466,382.628,587.107,260.99,
1.075,1.86765,5.19239,84.1401,23.7177,23.4226,33.3261,36.892,7.85941,72.4598,24.2297,4.30206,13.3748,23.3274,0,21.0672,42.4712,76.8421,0,0.0367343,3.21543,0,4.0856,5.81296,1.20199,6.37745,230.509,23.9319,0,77.3243,48.8562,23.1797,28.5412,31.2159,64.6128,45.2372,39.9347,0,0,617.251,291.557,9.9225,65.6493,52.8884,36.7358,26.2589,204.2,117.289,11.5261,13.8268,14.9171,9.13784,12.828,193.553,32.7627,37.0732,75.7549,98.3529,12.4981,2.58004,0,0.317724,4.91704,0.0105005,5.27297,0.658571,283.402,549.207,0,168.235,5.05615,40.1796,35.772,20.1301,147.943,5.80585,18.3289,28.871,0,620.643,268.114,
1.08,1.9081,5.04068,83.0206,23.729,24.0858,32.0464,37.7139,8.07269,72.0442,24.005,3.3573,20.8755,24.1781,186.865,20.81,41.8244,78.4402,0,0.00322128,2.17802,0,4.06734,5.65683,1.20312,0,223.343,49.2575,0,53.5004,47.3149,22.5018,29.3495,31.6859,64.5518,43.8277,40.0101,177.694,510.798,631.136,297.719,8.6263,68.1642,39.144,36.5104,23.7313,199.547,119.371,11.3662,13.6398,14.8716,36.7568,10.5022,235.448,30.1415,38.0495,77.5711,102.536,5.14859,1.69781,0,0.291645,4.79885,0.00173534,5.2764,0.590544,271.799,537.19,0,158.523,4.76138,40.2309,35.9954,20.1329,97.7454,5.8416,18.7485,21.1715,393.371,655.81,276.946,
1.085,1.97486,5.6445,88.1861,25.0342,25.9889,36.0524,38.4637,8.2497,71.6541,23.7944,4.39938,19.0505,29.6894,0,20.6919,41.4132,80.0468,0,0.0208343,2.67057,0,4.07386,5.25622,1.20732,2.89617,235.343,27.1086,0,69.1675,46.1095,22.0172,30.1095,32.129,64.4034,42.4983,39.7504,0,0,644.514,303.687,9.70175,72.1258,56.38,36.4584,26.0069,212.098,121.322,11.1696,13.461,14.8384,9.26997,12.6233,170.181,42.0458,38.7493,78.8776,106.48,12.8698,2.72859,0,0.274063,4.69608,0.000863382,5.31617,1.08662,283.561,553.483,0,166.408,4.4798,40.2985,36.0928,20.0782,139.386,5.86885,19.1555,30.1343,48.4887,691.154,287.136,
1.09,2.00962,5.3939,86.0947,24.2393,26.0838,32.6248,39.1021,8.4063,71.2971,23.5796,3.41134,20.7932,23.9978,192.509,20.698,41.2416,81.6688,0,0,1.78875,0,4.06553,4.72441,1.20749,0,223.346,47.7172,0,42.7107,45.3572,21.7422,30.795,32.5052,64.1505,41.2598,39.3407,173.809,423.669,657.216,309.378,8.63083,71.5408,40.6917,36.3207,22.9514,198.674,123.205,10.9538,13.3172,14.8177,34.5599,10.6134,244.296,30.7724,39.1565,79.5876,110.105,4.95228,1.71763,0,0.239386,4.55673,0,5.3281,1.14932,272.176,540.696,0,147.099,4.2111,40.3818,36.1131,19.9952,100.19,5.88658,19.5246,22.3858,252.627,725.293,298.27,
1.095,2.04951,5.46793,91.1387,25.4051,27.3107,33.6717,39.6021,8.49893,70.9659,23.3817,4.18034,32.4646,52.3855,0,20.854,41.3138,83.3154,0,0,2.68592,0,4.09358,3.96213,1.20733,0.679274,239.463,63.8511,0,52.9147,45.1473,21.6903,31.3685,32.8178,64.1514,40.1214,39.1688,0,0,669.078,314.725,10.2704,74.6902,46.9423,36.2528,25.9935,210.989,125.122,10.7638,13.1852,14.8086,4.63483,11.8758,214.199,60.7974,39.2031,79.619,113.312,8.89403,2.05475,0,0.207314,4.43707,0,5.35319,1.35163,280.021,551.886,0,154.739,3.95612,40.4857,36.12,19.9248,125.963,5.89463,19.8797,25.9147,92.7526,756.756,310.015,
1.1,2.05574,5.04709,88.9109,24.5309,26.9455,29.6074,39.9454,8.55645,70.6489,23.1795,3.41791,25.9116,34.6019,155.415,21.1136,41.6296,84.9956,0,0,1.81889,0,4.10685,3.6586,1.20198,0,229.018,50.0596,0,35.1524,45.5546,21.8738,31.8101,33.0484,64.2586,39.0889,39.1362,161.148,419.664,679.916,319.645,9.22139,73.6362,34.589,36.1027,23.128,197.59,127.194,10.6314,13.0795,14.8072,42.644,11.942,247.199,43.9726,38.8554,78.8901,116.007,4.50729,1.34895,0,0.159489,4.26438,0,5.36036,1.21831,274.919,545.518,0,139.291,3.71559,40.6171,36.2076,19.9219,111.101,5.89305,20.1933,23.2394,286.994,784.356,321.969,
1.105,2.0612,4.48303,92.0633,25.207,27.589,29.9486,40.1342,8.56387,70.351,22.9862,4.04544,43.0714,30.3508,0,21.5206,42.1837,86.7165,0,0.329492,2.74542,0,4.15839,3.42684,1.19305,2.71865,232.692,63.5618,0,48.1753,46.6341,22.3032,32.1043,33.2264,64.644,38.1651,39.2401,0,0,689.623,324.09,10.7857,76.2114,24.2505,35.8773,25.4408,207.041,129.544,10.5931,12.9868,14.8127,1.89211,12.7681,259.381,38.2921,38.1126,77.3918,118.139,2.60201,1.07359,0,0.102918,4.16211,0,5.3528,1.39052,284.796,556.708,0,149.767,3.49061,40.7924,36.4613,20.0389,125.695,5.88417,20.484,28.998,130.198,807.195,333.792,
1.11,2.03722,3.89725,89.0141,23.9973,26.8612,26.2978,40.192,8.54413,70.0499,22.7858,3.27165,33.7386,25.208,78.3611,22.0326,42.962,88.486,0,0,1.8293,0,4.19496,3.13119,1.17818,0,228.059,51.4429,0,34.5823,48.4262,22.9807,32.2853,33.3433,65.4463,37.3557,39.8684,117.898,447.915,698.135,328.037,9.73808,74.5978,19.6727,35.5627,22.4007,192.018,132.276,10.6903,12.9111,14.8198,49.5862,14.3792,239.503,32.0589,36.9924,75.1669,119.689,1.71616,0.730915,0,0.0458279,3.87582,0,5.33855,1.25837,279.398,552.081,0,137.088,3.28022,41.0254,36.972,20.3085,138.289,5.87153,20.7278,27.0305,312.061,824.415,344.926,
1.115,2.01737,3.82532,85.601,22.149,25.7505,23.1556,40.1631,8.52336,69.7478,22.5776,3.26047,28.8361,26.0942,0,22.666,43.9389,90.3123,0,1.06302,1.31563,0,4.22642,4.30007,1.1592,0,230.534,38.7572,0,29.146,50.9521,23.8948,32.3883,33.4323,66.6014,36.6652,41.0282,0,289.16,705.469,331.497,9.11246,69.8281,30.677,35.27,19.3075,171.43,135.468,10.937,12.8471,14.8258,31.2508,15.9203,256.956,33.867,35.557,72.33,120.668,4.8368,0.998881,0,0,4.06225,0,5.34515,0.978289,281.534,555.777,0,116.978,3.08258,41.3391,37.7995,20.7587,145.579,5.85797,20.9049,28.1026,217.151,836.175,355.04,
1.12,1.96887,3.40893,85.077,21.3639,24.6865,19.4657,40.0938,8.50309,69.4414,22.3717,3.10287,31.4525,18.3367,85.1424,23.3722,45.0753,92.1999,0,0.0313642,1.40601,0,4.259,3.89573,1.13615,0,224.24,36.7584,0,19.0661,54.1905,25.0111,32.457,33.5229,67.9366,36.0827,42.5347,128.798,281.663,711.708,334.507,10.0264,67.318,22.01,34.8999,19.5532,165.839,139.166,11.3449,12.7961,14.832,34.8591,16.2968,231.455,23.8967,33.8922,69.0391,121.126,2.56468,1.03903,0,0,2.53933,0,5.3388,0.615515,282.33,556.319,0,111.718,2.89484,41.7506,38.9992,21.4121,135.328,5.84931,21.0284,26.3177,237.54,843.013,363.961,
1.125,1.93513,3.8454,83.3602,20.2258,23.651,18.711,40.0298,8.50713,69.1545,22.1677,3.24132,26.518,10.6961,0,24.1631,46.3098,94.1533,0,0,1.37967,0,4.35258,3.92494,1.11575,7.29346,228.049,26.4939,0,24.066,58.0799,26.2705,32.5195,33.6456,69.4299,35.5927,43.6809,0,281.266,716.978,337.12,9.79024,62.9928,41.7081,34.6586,18.1057,154.762,143.374,11.9262,12.7582,14.8421,35.6196,17.5536,208.416,16.2851,32.0955,65.5062,121.151,0.259757,0,0,0,5.06173,0,5.38699,0.777226,288.267,560.768,0,110.004,2.7154,42.2807,40.5933,22.2615,152.295,5.85039,21.0903,27.1214,177.728,846.212,371.742,
1.13,1.88441,3.71204,84.527,20.3884,22.979,17.4773,39.9999,8.54921,68.8731,21.9721,3.32395,27.8877,19.3069,233.05,24.9335,47.5656,96.172,0,18.5545,1.74993,0,4.44629,15.2454,1.09239,0.863871,228.363,42.0776,0,52.4048,62.5157,27.6142,32.6115,33.774,70.6832,35.177,44.5137,162.855,408.57,721.484,339.435,11.1202,62.6092,32.1756,34.3678,19.974,161.074,148.045,12.6491,12.7336,14.856,35.5637,14.7125,217.922,19.5541,30.2902,61.9432,120.859,6.60736,16.0916,0,0,1.52721,0,5.41691,0.841936,291.731,563.92,0,116.87,2.54383,42.94,42.5487,23.2969,123.116,5.8643,21.1083,26.443,223.778,847.249,378.369,
1.135,1.8699,4.55518,84.8106,20.3122,22.583,19.2697,40.0175,8.59402,68.619,21.7891,3.64593,27.7156,4.29659,0,25.6786,48.7471,98.2539,0,3.17561,1.57997,0,4.52463,10.4679,1.0724,0,236.293,22.663,0,42.4493,67.3715,28.9912,32.7354,33.9368,72.034,34.8206,45.1792,0,375.68,725.416,341.53,11.0414,61.1017,55.8233,34.296,19.8659,162.079,153.064,13.4687,12.722,14.8764,35.5591,16.4097,159.204,12.7415,28.5703,58.5137,120.376,11.7057,3.21878,0,0,5.2159,0,5.49968,0.752278,294.368,570.171,0,112.567,2.37901,43.7376,44.8012,24.4615,160.5,5.8954,21.0664,27.5312,202.123,846.979,383.957,
1.14,1.82606,4.55371,86.5738,21.0242,22.2579,18.3693,40.0705,8.65841,68.3811,21.6181,3.6001,29.804,29.9753,217.5,26.3128,49.7716,100.393,0,0.991973,1.87165,0,4.59477,6.08613,1.05096,0,231.381,51.925,0,28.2581,72.526,30.3724,32.8798,34.1098,73.1214,34.5074,45.4853,186.857,555.464,729.001,343.502,12.2123,62.5159,43.4982,34.1814,21.9251,171.758,158.256,14.3238,12.7227,14.9021,35.7723,14.9222,250.323,28.0072,26.9541,55.3241,119.822,4.24665,1.85756,0,0,2.67839,0,5.55717,0.557763,291.591,567.763,0,115.586,2.22099,44.6723,47.2167,25.6842,131.941,5.94452,20.9764,25.8842,260.552,846.349,388.575,
1.145,1.77339,4.11095,90.3026,22.6961,22.2975,17.3701,40.139,8.71615,68.1633,21.47,3.79773,40.4824,39.0618,3.83822,26.8344,50.5786,102.579,0,0.43269,2.37378,0,4.66761,4.28261,1.02521,0,238.863,56.4691,0,23.9251,77.8835,31.7523,33.0568,34.2854,74.1763,34.2304,46.14,3.85306,665.41,732.444,345.43,13.7304,67.3883,30.1924,34.0102,25.5678,190.501,163.4,15.1364,12.7354,14.9354,35.8429,16.3367,252.139,49.5967,25.5159,52.4586,119.307,1.16934,0.620479,0,0,0.760664,0,5.59633,0.357541,293.9,571.135,0,125.397,2.06863,45.7412,49.6403,26.8669,149.639,6.01154,20.8678,26.938,318.255,845.451,392.373,
1.15,1.72785,3.80552,91.9853,23.8188,22.24,16.8351,40.1859,8.75268,67.9713,21.3472,3.79832,38.4053,26.6716,25.0622,27.2117,51.1496,104.803,0,0.380818,2.25606,0,4.75245,5.83817,1.00053,1.0029,237.573,46.4428,0,29.5458,83.3741,33.1346,33.2206,34.4262,75.5953,33.9872,47.3109,61.9259,577.444,735.876,347.387,13.9823,71.8317,29.5329,33.825,26.6432,199.84,168.28,15.8292,12.7601,14.9786,38.5754,17.1996,230.38,38.326,24.2622,49.979,118.92,0.17172,0,0,0,5.63656,0,5.6414,0.355673,298.782,575.215,0,131.049,1.92188,46.9291,51.905,27.9274,167.858,6.09483,20.7428,29.5265,299.731,843.788,395.44,
1.155,1.67189,3.24086,88.7142,23.0042,21.3975,14.6644,40.1741,8.76421,67.7796,21.2294,2.96763,28.7512,26.0871,13.4629,27.487,51.5046,107.055,0,5.18369,1.73823,0,4.81191,6.41516,0.972645,0,232.241,42.167,0,23.8976,88.9546,34.5267,33.3219,34.5401,77.4102,33.7743,48.8711,39.2096,341.403,739.399,349.39,13.1166,71.5501,18.7136,33.5278,23.5362,186.415,172.707,16.3596,12.7948,15.0236,34.463,20.6569,234.623,34.3215,23.2209,47.9028,118.738,1.49856,5.06258,0,0,3.26777,0,5.66775,0.230316,289.92,567.028,0,117.479,1.78017,48.2171,53.8562,28.7971,193.192,6.19081,20.5863,26.8468,253.889,841.153,397.813,
1.16,1.61096,2.60387,92.6708,24.2686,21.4533,13.6468,40.0659,8.72218,67.6123,21.1346,3.20329,30.8345,23.5747,21.3172,27.6718,51.6925,109.33,0,2.35454,2.58472,0,4.87671,3.83786,0.945227,0,232.344,42.451,0,15.9084,94.5898,35.9251,33.3569,34.5926,79.5632,33.5862,50.7659,35.7431,183.226,743.03,351.456,15.273,76.2222,11.3631,33.146,27.3015,202.381,176.539,16.6791,12.8393,15.077,29.7406,21.4925,240.068,29.9462,22.381,46.2422,118.818,0.0651366,0.419931,0,0,3.64099,0,5.67828,0.121628,295.818,572.89,0,127.164,1.64385,49.5797,55.3856,29.4089,191.037,6.29556,20.4316,29.2149,267.986,836.86,399.386,
1.165,1.56496,2.3798,90.7983,23.8176,20.8455,12.6912,39.8477,8.62131,67.4522,21.0568,3.16221,35.8687,13.7062,5.8388,27.7944,51.7938,111.621,0,1.00902,1.94309,0,4.91489,3.49255,0.918013,0,236.023,36.1738,0,12.2862,100.245,37.312,33.3039,34.5758,82.2093,33.4142,53.0425,12.3624,369.461,746.708,353.559,14.4988,76.7425,18.7499,32.7399,24.9979,193.887,179.685,16.781,12.8935,15.1364,36.6713,22.8362,220.304,22.4209,21.7398,44.979,119.192,2.6025,0.166141,0,0,3.06685,0,5.69783,0,295.25,574.474,0,118.539,1.51037,50.9966,56.3895,29.7456,207.995,6.40374,20.2672,29.503,246.827,830.333,400.232,
1.17,1.52114,2.1571,94.3865,24.9265,20.9932,12.664,39.5228,8.48384,67.3165,20.9994,3.57176,36.9595,20.8876,23.1358,27.9441,51.9012,113.928,0,0.495366,3.01464,0,4.96345,2.92026,0.893854,0,240.701,44.1548,0,12.2187,105.871,38.6546,33.149,34.5197,85.2014,33.2457,55.2224,39.7507,278.043,750.374,355.641,16.2699,80.681,17.6796,32.3009,28.0642,207.392,182.096,16.6449,12.9579,15.2052,39.1767,20.9711,226.465,24.5026,21.2961,44.1021,119.886,0.526875,0.0263031,0,0,2.68767,0,5.71193,0,300.356,579.099,0,126.603,1.38026,52.4546,56.831,29.7916,186.864,6.51087,20.1174,31.8725,279.608,820.947,399.984,
1.175,1.50839,2.5223,92.6245,24.3177,20.6959,13.8063,39.1299,8.31449,67.1993,20.9584,3.58001,38.8861,17.3253,11.4585,28.1496,52.1219,116.258,0,0.685399,2.24373,0,4.98618,3.34683,0.873674,0,247.016,41.5333,0,11.7133,111.398,39.897,32.9478,34.4381,88.6094,33.0654,57.2198,10.222,428.841,753.841,357.647,15.3445,79.8884,32.5964,31.9413,25.3283,197.687,183.78,16.2975,13.0322,15.283,38.4228,22.5972,213.384,21.4611,21.0503,43.6293,120.921,4.8422,0.65778,0,0,2.53018,0,5.75447,0,299.92,581.581,0,116.81,1.25343,53.9451,56.6875,29.5578,213.195,6.61202,19.9601,32.3297,347.837,807.806,398.593,
1.18,1.49424,2.50684,96.1815,25.3369,21.0217,14.1083,38.7308,8.14666,67.1098,20.9345,3.90585,38.8478,18.4536,17.3714,28.4735,52.56,118.619,0,0.476256,3.13993,0,5.01318,2.47599,0.856363,0,242.643,42.6426,0,14.2866,116.761,41.0131,32.7496,34.3525,92.2385,32.8585,58.8084,39.7921,498.382,756.975,359.513,17.2093,83.0635,24.5279,31.5442,28.2975,210.454,184.791,15.7521,13.1161,15.3713,39.4513,22.5807,218.915,20.6947,21.0385,43.5959,122.315,0,0,0,0,2.44142,0,5.78209,0,303.636,584.837,0,125.277,1.12992,55.4485,55.9795,29.069,206.454,6.70303,19.8129,34.1823,489.966,790.447,396.033,
1.185,1.50733,2.82362,94.0922,24.5695,20.8817,15.495,38.4245,8.03629,67.0442,20.9211,3.67318,40.0816,29.1637,30.5444,28.9625,53.2895,121.024,0,0.808505,2.50257,0,5.01704,2.29995,0.843495,0,251.315,52.2134,0,17.3793,121.88,41.9888,32.6247,34.3439,96.4935,32.6099,60.1267,11.842,528.604,759.572,361.145,16.2968,81.6177,33.1631,31.2005,25.3018,199.602,185.242,15.0596,13.2098,15.4685,41.357,23.1424,215.924,33.8926,21.2736,44.0607,124.102,4.42913,0.281572,0,0,2.37827,0,5.82828,0,302.922,587.127,0,118.16,1.00972,56.9652,54.7919,28.3883,235.256,6.77994,19.6468,35.8939,497.193,768.838,391.999,
1.19,1.51447,2.81825,98.4823,25.827,21.4977,16.1073,38.3224,8.0133,67.0073,20.9247,3.97912,40.3834,25.2996,30.3372,29.6303,54.3325,123.485,0,0.921039,2.99426,0,5.01646,2.00978,0.83366,0,244.814,48.4131,0,19.975,126.701,42.8222,32.6772,34.4742,100.567,32.3097,60.9938,57.7641,828.086,761.473,362.482,18.445,85.0904,25.9156,30.8374,29.0185,215.433,185.31,14.2856,13.312,15.5768,42.5412,24.1713,230.487,30.0235,21.7959,45.0761,126.319,0,0,0,0,2.3263,0,5.86194,0,306.502,590.777,0,129.059,0.894447,58.4787,53.2427,27.5929,225.448,6.83891,19.4795,36.3733,540.1,743.492,386.628,
1.195,1.5584,3.39627,97.5021,25.4473,21.6553,17.8368,38.5541,8.12286,66.9998,20.9384,4.05358,41.7803,24.9099,21.0475,30.4272,55.6482,126.015,0,0.965669,2.58953,0,4.99569,1.8773,0.829705,0,250.211,46.7775,0,21.9164,131.171,43.5227,33.0259,34.7841,104.943,31.9565,61.4735,5.058,595.05,762.546,363.464,17.5745,84.2856,41.3197,30.5937,26.5953,208.45,185.2,13.4914,13.4234,15.6906,42.1718,27.7379,216.563,32.9136,22.6172,46.6657,128.999,7.19182,0.522293,0,0,2.28369,0,5.9256,0,306.319,592.839,0,122.637,0.784101,60.012,51.4898,26.7624,283.024,6.87643,19.2934,37.1898,539.589,714.996,379.712,
1.2,1.59659,3.40983,101.184,26.54,22.248,17.8076,39.2425,8.40164,67.0206,20.964,4.25809,37.9525,18.8001,24.5525,31.2821,57.1309,128.618,0,0.987679,3.2478,0,4.97679,3.1266,0.82751,0,246.808,46.4005,0,24.4302,135.265,44.1011,33.7809,35.3384,108.875,31.5457,61.4043,51.7316,755.808,762.736,364.062,19.3819,87.116,30.5377,30.3152,29.4661,220.465,185.103,12.7423,13.5434,15.8205,44.5617,22.2506,202.168,21.7852,23.7219,48.7958,132.159,0,0,0,0,2.24767,0,5.967,0,308.901,593.859,0,130.791,0.679392,61.5191,49.6984,25.9693,225.243,6.88848,19.1094,36.3213,578.47,684.793,371.588,
1.205,1.67096,4.06024,100.103,26.0352,22.4769,19.6197,40.4934,8.90392,67.0668,20.9934,4.28523,40.7867,25.5801,21.9009,32.1172,58.6571,131.296,0,0.686009,2.89371,0,4.93934,3.26647,0.830935,0,257.559,51.8092,0,28.1119,138.966,44.5724,35.0409,36.193,112.831,31.0764,60.9715,0,653.954,762.066,364.304,18.5334,85.6097,46.4448,30.1717,26.8159,212.018,185.189,12.0801,13.6723,15.9596,42.3523,24.6417,192.12,32.1846,25.0504,51.3676,135.784,8.19651,0.507638,0,0,2.21838,0,6.03926,0,307.945,595.198,0,122.055,0.581415,62.9514,48.005,25.2806,264.096,6.87165,18.9093,36.9168,611.409,654.205,362.379,
1.21,1.73399,4.0437,103.33,26.9212,23.0461,19.4034,42.3671,9.61438,67.1408,21.0341,4.45478,41.3112,22.803,30.1011,32.8809,60.1118,134.041,0,0.499945,3.53343,0,4.9078,2.80529,0.836096,0,254.374,52.9381,0,24.4891,142.287,44.9673,36.8649,37.347,116.612,30.5568,60.3914,164.395,794.98,760.638,364.229,20.2528,87.6218,34.0486,29.9867,29.2457,221.419,185.57,11.5499,13.8094,16.1086,41.9442,23.5408,216.855,26.9705,26.525,54.2414,139.823,0,0,0,0,2.19236,0,6.08514,0,310.655,596.903,0,128.821,0.490379,64.2852,46.5151,24.7317,252.515,6.82327,18.7171,37.9084,678.546,624.693,352.465,
1.215,1.79792,3.80411,100.797,26.0317,22.8347,18.4754,44.8861,10.5348,67.2311,21.0741,3.85723,40.8804,42.18,58.6115,33.5032,61.3906,136.843,0,0.224905,3.15785,0,4.86227,1.84579,0.839671,0,260.639,67.2088,0,21.5232,145.254,45.3273,39.311,38.8326,120.885,29.9974,60.1475,0,726.127,758.647,363.927,19.5321,85.7312,24.5551,29.7362,26.1601,208.901,186.3,11.1524,13.9536,16.2635,43.4331,23.5284,254.605,47.6526,28.0641,57.2522,144.195,0,0,0,0,2.1693,0,6.11517,0,307.532,593.683,0,120.393,0.406098,65.5058,45.3016,24.3358,281.695,6.74043,18.5239,38.7806,751.149,597.382,341.993,
1.22,1.86194,3.4668,104.424,27.0262,23.376,18.2842,48.0208,11.6452,67.3403,21.1288,4.1446,40.2077,30.4057,42.4358,33.9337,62.4126,139.691,0,0.043129,3.44456,0,4.8196,0.835577,0.844197,0,256.868,59.5194,0,14.3065,147.941,45.7091,42.3484,40.6117,125.208,29.4133,60.1749,116.606,850.9,756.379,363.508,21.4915,88.2223,18.6942,29.4396,29.2441,220.745,187.379,10.8792,14.1034,16.4266,43.1656,25.2881,238.534,35.9741,29.6011,60.2532,148.801,0,0,0,0,2.1463,0,6.13026,0,311.34,597.128,0,129.868,0.329369,66.5968,44.3858,24.0885,284.757,6.6207,18.3515,40.445,788.373,573.154,331.381,
1.225,1.95558,3.881,103.664,26.6645,23.5396,19.6212,51.7164,12.9088,67.4757,21.1938,4.43924,43.9869,5.90842,0,34.1829,63.1161,142.564,0,0.0114001,3.0371,0,4.7713,0,0.85366,0,258.501,36.0598,0,16.4176,150.431,46.1617,45.9563,42.6362,129.962,28.826,60.6117,0,781.475,754.182,363.137,20.8393,87.354,35.0971,29.2377,27.1934,214.77,188.778,10.7191,14.2619,16.5991,45.3237,26.8427,184.563,17.4619,31.0749,63.1414,153.537,6.51438,0.0535044,0,0,2.12508,0,6.17146,0.00100128,313.851,602.015,0,125.055,0.260102,67.5588,43.7624,23.9746,313.682,6.46232,18.1906,42.0706,817.732,552.766,320.946,
1.23,2.03871,3.80532,101.582,25.6872,23.2874,18.8256,55.9007,14.3266,67.6249,21.2584,4.13397,37.6704,23.2652,117.047,34.2037,63.4644,145.447,0,0.0294936,3.11425,0,4.72667,4.20656,0.861499,0,263.071,57.2983,0,18.3793,152.823,46.7222,50.0431,44.8885,135.131,28.2507,61.1508,161.271,934.156,752.428,362.971,20.834,84.5863,26.5336,28.9742,25.003,203.124,190.447,10.6531,14.4276,16.7759,46.3384,25.7284,210.792,22.9431,32.4587,65.8716,158.317,0,0,0,0,2.10237,0,6.19131,0,311.653,597.579,0,117.14,0.198893,68.3876,43.3998,23.9708,306.446,6.26436,18.0387,42.0733,880.922,536.853,311.017,
1.235,2.16963,5.01531,100.949,24.7384,23.616,22.7355,60.4739,15.8263,67.8001,21.3316,4.41591,31.4325,0.620965,0,33.9823,63.4392,148.317,0,0.0716228,3.15637,0,4.68888,0.644675,0.877635,0,265.786,31.6958,0,26.0145,155.195,47.3865,54.5226,47.3189,140.498,27.7006,61.5887,0,925.429,751.507,363.187,20.8588,80.2534,53.7675,28.9891,23.3387,195.089,192.332,10.6552,14.5993,16.962,46.1936,26.387,146.768,13.1226,33.7564,68.459,163.08,13.3353,1.3863,0,0,2.08033,0,6.2694,0.118623,314.558,601.311,0,110.974,0.145652,69.083,43.2566,24.0612,330.907,6.02623,17.8992,43.8063,975.519,525.184,301.901,
1.24,2.28437,5.24824,100.692,24.2542,23.6228,22.3856,65.3074,17.3623,68.0001,21.4086,4.51215,36.1063,32.1776,208.521,33.54,63.0755,151.157,0,0,3.11513,0,4.653,0.821535,0.891249,0,268.389,69.9555,0,25.2235,157.59,48.1272,59.2732,49.8302,145.643,27.1794,61.8049,208.94,910.881,751.834,363.94,21.7063,77.5151,44.8351,28.9917,23.244,192.419,194.381,10.7111,14.7808,17.1551,45.6446,22.6453,222.625,25.3313,35.0179,70.974,167.799,0.842826,0,0,0,2.05492,0,6.31748,0.0704516,314.279,600.745,0,110.063,0.100578,69.6446,43.3104,24.218,295.963,5.74922,17.775,41.7933,964.562,517.861,293.75,
1.245,2.39097,5.09916,100.006,23.8439,23.5151,21.5467,70.2628,18.8774,68.21,21.4915,4.56445,47.5688,44.5457,0,32.9659,62.4474,153.948,0,0.0156921,2.97122,0,4.62526,2.38531,0.902715,0,278.781,77.5365,0,25.0458,160.017,48.8911,64.1595,52.3381,150.798,26.6835,62.3473,0,903.728,753.724,365.368,22.2549,75.4855,34.4525,28.9944,22.9739,189.844,196.568,10.808,14.9675,17.3533,45.4318,22.4711,226.851,52.3877,36.2952,73.5265,172.501,0.837059,0,0,0,2.02645,0,6.35045,0.100735,315.909,604.135,0,110.621,0.0633792,70.0869,43.5323,24.4379,318.635,5.43536,17.6689,43.2872,980.758,514.676,286.783,
1.25,2.50376,5.19477,104.6,25.356,24.4358,23.5737,75.2082,20.3345,68.4457,21.5933,4.83442,45.2399,37.5277,163.34,32.3199,61.6715,156.684,0,0,3.19613,0,4.60879,1.32349,0.918795,1.39009,277.767,68.8251,0,31.3404,162.429,49.618,69.0402,54.7886,155.467,26.2063,62.6688,213.611,936.943,757.418,367.582,24.1981,78.4849,37.4404,29.0831,27.0885,209.038,198.882,10.9489,15.1606,17.5613,45.5366,23.6985,248.073,44.691,37.6733,76.2516,177.234,3.67203,0,0,0,1.99166,0,6.38743,0.26442,319.582,607.635,0,125.176,0.0328771,70.4281,43.9094,24.712,329.765,5.08503,17.588,45.1803,997.352,515.697,281.114,
1.255,2.61257,4.87666,105.216,26.0492,24.8782,24.0111,80.0499,21.7112,68.7062,21.709,4.79447,42.4422,27.228,11.5214,31.6531,60.8601,159.353,0,0,3.27123,0,4.60456,0.825125,0.931377,1.19999,275.798,67.4938,0,33.4645,164.752,50.2495,73.8037,57.1136,160.07,25.7357,63.2153,0,1062.37,763.054,370.623,24.3458,81.1269,26.4675,29.1371,27.2649,215.35,201.323,11.1286,15.363,17.7787,46.9668,24.4289,215.569,31.8792,39.2025,79.2563,182.071,0,0,0,0,1.95182,0,6.40316,0.464744,319.773,608.007,0,134.031,0.00640995,70.6878,44.4491,25.0451,344.572,4.70189,17.5334,46.3713,1050.96,521.157,276.922,
1.26,2.72184,4.39236,110.111,28.0721,26.4959,27.9648,84.7217,22.9941,68.99,21.8469,5.24859,45.2174,20.553,4.078,31.0357,60.1063,161.957,0,0,3.82243,0,4.62573,0.956264,0.946515,4.55459,273.682,69.5334,0,46.3638,166.881,50.7282,78.4154,59.3223,164.393,25.2593,63.8135,88.3048,1083.6,770.718,374.526,26.2962,87.4458,16.0109,29.1482,31.3768,237.551,203.884,11.3606,15.5699,18.0062,47.2049,24.5543,203.759,23.303,40.9025,82.5994,187.078,0,0,0,0,1.90433,0,6.39823,1.00813,323.564,613.062,0,153.491,0,70.8897,45.1333,25.4316,360.135,4.29281,17.5204,49.0345,1187.51,531.132,274.419,
1.265,2.83663,4.43339,111.992,29.2054,27.5836,29.9278,89.2115,24.2045,69.3069,22.0092,5.47024,45.4909,3.43861,0,30.4685,59.4728,164.504,0,0,3.69167,0,4.65559,0.15306,0.96162,2.59678,276.925,63.9202,0,44.2028,168.705,51.0128,82.8541,61.4046,168.771,24.765,64.8396,0,1143.82,780.281,379.244,26.1634,92.4663,26.3151,29.2224,31.6355,246.427,206.557,11.629,15.7876,18.2467,49.655,25.3287,162.907,9.58376,42.7458,86.2388,192.29,3.33657,0,0,0,1.85235,0,6.4073,1.40567,325.772,616.523,0,161.834,0,71.055,45.9621,25.8757,375.69,3.86445,17.5407,51.0728,1189.21,545.812,273.711,
1.27,2.96198,4.21794,116.982,31.205,29.6164,34.4905,93.5571,25.3814,69.6548,22.1982,5.82487,45.8788,15.0684,52.4467,30.0306,59.0034,166.998,0,0,4.10526,0,4.71156,0.9151,0.979768,5.86118,279.2,70.2498,0,56.4855,170.116,51.0823,87.1469,63.4223,173.008,24.2429,65.8568,150.411,1312.86,791.664,384.709,27.7747,99.4507,19.3045,29.2767,34.9949,265.19,209.327,11.934,16.0127,18.5013,51.1253,25.3716,190.48,13.3709,44.6614,90.0348,197.693,0,0,0,0,1.7928,0,6.40069,2.07839,328.676,620.281,0,178.213,0,71.2024,46.9163,26.3597,387.305,3.42418,17.6018,54.275,1269.04,565.467,274.824,
1.275,3.09271,4.54102,118.909,32.1526,30.9644,36.5806,97.8337,26.5667,70.0408,22.4131,5.91063,47.0991,17.4085,0,29.6968,58.7366,169.452,0,0,3.68034,0,4.76699,0.0474336,0.997681,3.35043,285.886,73.8284,0,50.3619,171.042,50.9497,91.3881,65.4337,177.255,23.691,67.1308,0,1248.21,804.603,390.832,27.429,104.175,31.6392,29.4285,34.5878,270.515,212.17,12.26,16.2478,18.7707,51.831,26.4397,170.855,19.0231,46.52,93.7636,203.208,4.18348,0,0,0,1.72993,0,6.41547,2.51673,329.092,621.875,0,179.697,0,71.3526,47.973,26.8814,402.903,2.97809,17.6902,54.8419,1238.68,589.99,278.01,
1.28,3.21395,4.40977,122.266,33.3977,32.4955,38.1505,102.145,27.8125,70.4548,22.6524,6.05587,45.7028,16.3998,87.8211,29.5111,58.7,171.878,0,0,3.72994,0,4.8394,0.445236,1.01479,5.06105,283.66,69.8334,0,54.0098,171.464,50.6806,95.6872,67.5047,181.392,23.1219,68.5349,166.338,1592.12,818.833,397.493,28.421,109.133,23.1205,29.565,36.1277,278.97,215.052,12.5977,16.4904,19.0532,53.7644,26.1034,188.66,15.6991,48.1872,97.1703,208.718,0,0,0,0,1.66236,0,6.41513,2.97947,330.519,623.139,0,185.892,0,71.5222,49.1012,27.4138,400.951,2.53265,17.8059,56.9302,1407.3,619.247,283.26,
1.285,3.35571,4.89138,124.187,33.9904,33.6717,39.4763,106.62,29.1718,70.8984,22.9152,6.21344,47.0151,20.8879,0,29.4607,58.9255,174.291,0,0,3.48956,0,4.91267,0.223272,1.03391,4.15675,289.874,72.1703,0,53.4222,171.445,50.378,100.159,69.718,185.427,22.5569,70.1102,0,1436.74,834.09,404.559,28.3228,112.044,37.2353,29.8309,35.6553,280.478,217.918,12.9257,16.7408,19.3496,54.0839,27.0347,172.803,21.4409,49.5116,99.9993,214.068,5.28282,0,0,0,1.59395,0,6.44256,3.26748,331.492,624.888,0,182.103,0,71.7296,50.244,27.9382,415.974,2.09279,17.9375,57.114,1347.29,652.927,290.537,
1.29,3.47911,4.7775,126.61,34.722,34.7349,39.5387,111.403,30.6982,71.3682,23.1991,6.19617,45.5457,18.0913,109.356,29.5912,59.4399,176.708,0,0,3.48814,0,4.99556,0.786418,1.05134,4.93803,287.433,70.4379,0,53.3077,171.121,50.1757,104.948,72.1675,189.294,22.029,71.7064,182.026,1522.36,850.085,411.918,29.1072,114.997,27.2637,30.0808,36.3843,283.96,220.699,13.2078,17,19.6592,55.0388,26.4235,187.192,17.5016,50.3856,101.999,219.084,0,0,0,0,1.5233,0,6.45262,3.51411,331.821,624.646,0,183.315,0,71.9928,51.3437,28.4264,413.157,1.6622,18.0832,57.5897,1406.73,690.319,299.81,
1.295,3.61845,5.14131,128.389,35.1082,35.7414,40.93,116.632,32.4535,71.8586,23.5024,6.35119,48.2465,29.2608,0,29.9152,60.2648,179.145,0,0,3.38082,0,5.0793,0.249728,1.06964,5.37344,294.779,78.761,0,58.4474,170.688,50.2083,110.213,74.9174,193.03,21.5751,73.3081,0,1521.2,866.559,419.467,29.2699,116.735,37.6152,30.4367,36.0836,284.766,223.313,13.4225,17.2645,19.9802,55.5647,27.2232,183.948,28.7873,50.6833,102.931,223.588,4.24101,0,0,0,1.45299,0,6.48382,3.7135,332.992,626.956,0,181.983,0,72.3293,52.3091,28.8322,431.968,1.27295,18.2311,58.3611,1395.75,730.587,311.048,
1.3,3.75043,4.93597,130.624,35.719,36.6555,41.1649,122.411,34.4651,72.3716,23.8222,6.36521,46.7904,18.8791,98.0685,30.4385,61.4079,181.622,0,0,3.5253,0,5.17257,0.423749,1.0867,6.34461,291.564,74.7081,0,61.9515,170.385,50.5888,116.051,78.0025,196.621,21.2354,74.8025,180.999,1557.05,883.346,427.137,30.1053,118.956,26.2748,30.765,36.8547,288.222,225.674,13.5432,17.5368,20.3124,56.2021,27.0297,181.836,19.0107,50.323,102.606,227.401,0,0,0,0,1.38255,0,6.49602,3.89651,333.737,627.473,0,184.999,0,72.7586,53.0673,29.1204,432.552,0.934265,18.3797,59.0701,1428.77,772.45,323.899,
1.305,3.8852,4.82029,131.881,36.008,37.4806,42.161,128.774,36.7219,72.9018,24.1565,6.3614,49.5761,32.2384,0,31.1322,62.8631,184.154,0,0,3.52885,0,5.26913,0.223384,1.10363,7.47828,295.292,83.8634,0,69.2839,170.445,51.3739,122.494,81.4185,200.206,21.04,76.3239,0,1579.85,900.381,434.928,30.3917,120.556,25.7137,31.1067,36.5932,289.213,227.714,13.5382,17.813,20.6542,56.9683,28.0609,211.51,30.6046,49.2454,100.913,230.387,0.142268,0,0,0,1.31421,0,6.50992,4.10351,334.968,629.595,0,187.648,0,73.2954,53.5348,29.2632,456.469,0.640086,18.5201,60.3775,1445.86,814.701,338.035,
1.31,4.0138,4.40992,134.153,36.6919,38.2977,42.2609,135.66,39.1676,73.4474,24.5034,6.38952,47.4074,18.4306,56.5212,31.9877,64.6005,186.76,0,0,3.6351,0,5.37249,0.301342,1.11838,7.33967,291.858,76.4767,0,73.0229,171.044,52.5499,129.498,85.1032,203.63,21.0093,77.7252,148.705,1617.56,917.636,442.841,31.2952,122.993,16.4686,31.4035,37.7051,293.774,229.403,13.4123,18.0946,21.0048,57.7052,28.2229,183.64,18.6223,47.5002,97.8883,232.456,0,0,0,0,1.248,0,6.50817,4.2129,335.912,630.277,0,192.656,0,73.9545,53.6777,29.2544,453.68,0.393131,18.6518,60.8603,1477.55,855.704,353.202,
1.315,4.1519,4.39699,135.805,37.176,39.1171,43.5344,142.874,41.6885,74.0064,24.8631,6.48071,47.4992,14.4933,0,32.9722,66.5706,189.449,0,0,3.5293,0,5.47462,0.207352,1.13607,4.97367,294.941,74.8801,0,79.3928,172.277,54.0494,136.876,88.8852,206.974,21.1467,79.1737,0,1605.87,935.182,450.956,31.5861,124.965,23.1303,31.7363,37.7969,296.348,230.749,13.1711,18.3798,21.3638,58.4372,29.9467,169.464,16.7556,45.2062,93.7272,233.605,0.632317,0,0,0,1.18596,0,6.51691,4.19062,337.456,632.828,0,195.621,0,74.7448,53.4854,29.0985,482.349,0.20249,18.7689,62.0679,1445.67,893.939,368.844,
1.32,4.28073,4.10562,138.747,38.1848,39.9491,43.5492,150.088,44.1062,74.5817,25.2361,6.61084,47.7671,14.1074,61.2961,34.0486,68.7033,192.233,0,0,3.70575,0,5.58512,0.25207,1.15384,3.65216,294.754,75.7416,0,83.4697,174.154,55.777,144.308,92.5504,210.179,21.4339,80.5315,157.874,1645.39,953.183,459.359,32.574,127.966,16.5131,32.0387,39.4504,302.825,231.794,12.8352,18.6696,21.7314,59.2688,29.5685,175.919,14.0917,42.5411,88.7502,233.913,0,0,0,0,1.12824,0,6.51288,3.60489,339.017,634.212,0,200.515,0,75.6685,52.9855,28.8165,472.768,0.0830271,18.8731,62.6832,1472.92,927.95,384.448,
1.325,4.41606,3.71965,140.541,38.9426,40.6323,43.6327,156.874,46.2074,75.1684,25.6202,6.55307,47.9882,18.8535,2.71178,35.1787,70.9161,195.119,0,0,3.82928,0,5.69509,0.223795,1.16997,15.2918,294.817,77.8914,0,86.3889,176.596,57.6876,151.367,95.8258,213.375,21.8271,81.9283,0,1676.67,971.75,468.126,32.9824,130.802,10.2926,32.2937,39.8566,306.562,232.617,12.4315,18.9629,22.107,60.0935,31.1607,193.934,18.3878,39.7081,83.3554,233.535,0,0,0,0,1.07534,0,6.49821,1.70536,339.614,634.997,0,203.798,0,76.7177,52.2426,28.4483,498.271,0.0554693,18.9625,63.6343,1514.83,955.936,399.613,
1.33,4.5486,3.3194,143.257,40.0085,41.2785,42.9286,162.784,47.7797,75.764,26.0161,6.64427,47.5538,13.4365,3.46102,36.2771,73.1225,198.105,0,0,3.84469,0,5.80815,0.129305,1.1874,11.6461,294.969,74.755,0,85.6384,179.472,59.6636,157.591,98.434,216.609,22.3425,83.3682,114.241,1697.34,991.09,477.311,33.7671,134.138,6.73159,32.5095,41.2475,311.988,233.322,12.011,19.2598,22.4893,60.9842,31.7656,182.656,13.4822,36.9123,77.9247,232.67,0,0,0,0,1.02791,0,6.47569,2.06594,341.006,636.198,0,206.911,0,77.8734,51.3409,28.0445,502.911,0.137842,19.0374,64.5209,1532.86,976.442,413.73,
1.335,4.69939,3.41704,145.766,40.9749,42.0682,44.1034,167.403,48.6582,76.3695,26.4256,6.85086,48.3236,7.40318,0,37.3293,75.2413,201.189,0,0,3.74113,0,5.91873,0.265773,1.20647,11.3074,299.589,71.8366,0,89.0634,182.61,61.5435,162.527,100.113,219.98,22.9075,84.9026,0,1717.55,1011.31,486.992,34.1461,137.124,16.2082,32.7711,41.8831,316.289,234.042,11.6088,19.5594,22.8799,62.0483,32.7673,168.475,9.24002,34.3005,72.7917,231.542,0,0,0,0,0.986602,0,6.46856,7.27378,342.905,639.039,0,209.173,0,79.1089,50.3967,27.6649,522.014,0.316985,19.0952,66.0732,1550.06,988.269,426.223,
1.34,4.85422,3.33304,148.347,41.9951,42.7158,44.0786,170.36,48.734,76.9887,26.8464,6.96579,48.386,10.4692,35.1219,38.2642,77.1962,204.363,0,0,3.7997,0,6.03433,0.732968,1.22755,11.6474,302.132,76.3223,0,89.305,185.812,63.1849,165.771,100.676,223.49,23.4824,86.2535,152.261,1747.44,1032.48,497.171,34.7425,140.067,13.4086,33.0207,42.7728,320.328,234.92,11.2733,19.8637,23.2788,62.8589,31.6195,167.451,9.22489,32.0094,68.2203,230.373,0,0,0,0,0.95076,0,6.45567,5.49136,343.947,639.791,0,210.713,0,80.3789,49.5625,27.3616,511.776,0.481558,19.1367,66.9784,1593.22,990.486,436.645,
1.345,5.01363,3.16357,150.413,42.8572,43.3165,44.2515,171.337,47.9579,77.6123,27.2742,6.96491,48.8224,13.2625,2.65376,39.0492,78.9075,207.613,0,0,3.81164,0,6.14833,1.01067,1.24918,11.7403,302.829,78.2783,0,89.6587,188.862,64.4787,167.032,100.038,227.113,24.0289,87.3521,0,1778.44,1054.59,507.844,35.1952,142.71,9.05093,33.2459,43.1827,323.019,236.081,11.0562,20.17,23.6843,63.5438,32.3138,177.424,12.1229,30.1311,64.409,229.371,0,0,0,0,0.920296,0,6.43736,6.02863,344.468,640.627,0,212.381,0,81.6404,48.9604,27.2004,528.262,0.246199,19.1597,67.8973,1648.62,983.138,444.603,
1.35,5.18272,2.98351,152.756,43.786,43.9837,44.7549,170.088,46.3458,78.2379,27.7073,7.05136,48.5909,9.12173,1.31964,39.6282,80.2917,210.926,0,0,3.76738,0,6.26485,0.156907,1.27293,11.6739,304.331,77.264,0,89.1904,191.566,65.3799,166.11,98.174,230.919,24.5106,88.056,98.5815,1831,1077.56,518.95,35.8163,145.42,6.48595,33.4493,43.9243,326.351,237.606,10.9803,20.4782,24.0955,64.3191,31.6778,167.293,8.2426,28.7141,61.4953,228.717,0,0,0,0,0.894077,0,6.41556,6.00568,345.417,641.659,0,215.424,0,82.8374,48.6942,27.2137,532.677,0,19.1642,69.2809,1708.66,966.265,449.73,
1.355,5.36722,2.89607,154.61,44.536,44.7577,46.4476,166.469,43.9991,78.8616,28.1399,7.06801,48.0502,7.51229,0.903231,39.955,81.2761,214.279,0,0,3.58916,0,6.37671,0,1.29863,11.8125,305.796,77.4024,0,91.2003,193.738,65.872,162.922,95.2075,234.772,24.9006,88.2914,0,1884.58,1101.18,530.4,36.2302,147.802,6.2912,33.64,44.1085,328.756,239.519,11.0491,20.7883,24.5108,64.8667,31.4795,163.26,6.46891,27.7742,59.5353,228.557,0,0,0,0,0.871705,0,6.39418,6.29105,345.787,642.95,0,219.412,0,83.9184,48.8025,27.3971,545.533,0,19.1449,70.4949,1766.75,941.147,451.886,
1.36,5.56249,2.83509,156.755,45.3569,45.587,47.9858,160.53,41.0602,79.4795,28.5688,7.11763,47.8577,5.74282,0.705063,40.0087,81.8016,217.653,0,0,3.29067,0,6.48536,0,1.32801,11.1031,307.5,77.2688,0,87.0513,195.243,65.9874,157.652,91.3481,238.662,25.1827,88.0494,102.23,1931.44,1125.18,542.059,36.8077,150.198,5.79776,33.8205,44.6697,331.736,241.788,11.2353,21.0984,24.9285,65.5142,30.8582,158.741,4.54377,27.3083,58.5278,228.995,0,0,0,0,0.852407,0,6.37314,6.58155,346.395,644.18,0,223.624,0,84.8414,49.2875,27.7423,551.072,0,19.1008,71.6772,1821.12,909.316,451.092,
1.365,5.77855,2.81746,158.312,45.9807,46.4809,50.1743,152.591,37.7806,80.086,28.9893,7.10878,47.053,4.26749,0.499764,39.7834,81.8503,221.021,0,0,3.064,0,6.58974,0,1.35806,10.9325,309.241,77.7281,0,88.5714,196.018,65.8119,150.64,86.904,242.523,25.3557,87.2093,0,1981.73,1149.24,553.753,37.1761,152.193,5.3301,33.9916,44.6554,333.5,244.355,11.5293,21.4089,25.3475,65.8597,30.2581,154.214,3.04518,27.2747,58.403,230.094,0,0,0,0,0.835112,0,6.35239,6.91817,346.543,645.22,0,227.715,0,85.5703,50.0984,28.2145,561.863,0,19.0289,72.7831,1878.06,872.653,447.445,
1.37,6.00696,2.83573,159.056,46.2779,47.3068,52.336,143.334,34.4489,80.6794,29.3957,7.05803,46.5205,3.3186,0.307324,39.2771,81.4425,224.365,0,0,2.8088,0,6.69061,0,1.39142,11.2391,311.633,78.5998,0,88.8491,196.073,65.4584,142.583,82.282,246.39,25.4313,85.8995,95.3999,2021.53,1172.91,565.32,37.3891,153.364,5.11812,34.156,44.0231,332.956,247.145,11.8888,21.7181,25.7645,66.1295,29.8732,151.297,2.05541,27.617,59.0499,231.87,0,0,0,0,0.81933,0,6.33384,7.33506,346.636,646.03,0,230.079,0,86.0824,51.183,28.787,573.362,0,18.9271,73.9434,1935.7,833.775,441.316,
1.375,6.25185,2.89245,159.246,46.3087,48.1585,54.941,133.694,31.3744,81.2517,29.7811,6.96794,45.5034,2.62525,0.177625,38.5572,80.629,227.663,0,0,2.52385,0,6.78536,0,1.42804,11.6715,313.223,79.7307,0,92.511,195.494,65.0633,134.217,77.9366,250.17,25.4308,83.9021,0,2058.47,1195.88,576.547,37.6099,153.751,5.1003,34.3157,43.1296,331.065,250.065,12.2854,22.0255,26.1781,66.1458,29.5513,148.747,1.34661,28.2732,60.3183,234.3,0,0,0,0,0.803982,0,6.31808,7.78516,346.46,647.064,0,232.281,0,86.3708,52.4585,29.4127,586.476,0,18.7895,74.8191,1979.46,795.161,433.167,
1.38,6.51333,2.96817,158.941,46.1263,48.9252,57.2199,124.686,28.8073,81.8024,30.1409,6.87786,44.811,2.16318,0.0913886,37.6547,79.4773,230.898,0,0,2.20728,0,6.87557,0,1.46544,12.076,315.572,80.9465,0,94.2911,194.42,64.7565,126.42,74.2844,253.861,25.3852,81.5446,95.4354,2084.8,1218.41,587.262,37.8212,153.364,5.19493,34.4743,42.0848,327.966,253.018,12.6973,22.3299,26.5854,66.1595,29.3708,146.891,0.871949,29.1181,62.018,237.315,0,0,0,0,0.788683,0,6.30534,8.27747,346.574,648.042,0,233.309,0,86.4434,53.8208,30.0521,597.845,0,18.6156,75.6534,2021.26,759.695,423.608,
1.385,6.79109,3.0652,158.483,45.8892,49.6783,59.4134,117.085,26.9015,82.326,30.473,6.77827,43.9279,1.90707,0.0350169,36.6093,78.0649,234.059,0,0,1.92533,0,6.95893,0,1.50529,12.3574,317.31,82.0834,0,97.0521,193.049,64.6507,119.83,71.618,257.364,25.3282,78.8568,0,2103.09,1239.96,597.308,38.1201,152.536,5.43824,34.6364,41.2149,324.923,255.906,13.0784,22.6313,26.9844,66.0318,29.29,145.649,0.575457,30.0498,63.9328,240.809,0,0,0,0,0.772856,0,6.29603,8.74847,346.746,649.276,0,234.343,0,86.3219,55.1864,30.6613,609.685,0,18.4034,76.0927,2041.2,729.82,413.344,
1.39,7.0794,3.16081,157.839,45.6402,50.361,61.2559,111.264,25.697,82.8247,30.7764,6.70815,43.4021,1.68787,0,35.4825,76.46,237.136,0,0,1.61479,0,7.03976,0,1.54681,12.7004,320.066,83.4257,0,99.1008,191.571,64.8131,114.848,70.0157,260.704,25.2915,76.158,99.11,2122.18,1260.07,606.548,38.4417,151.395,5.61578,34.8044,40.4446,321.921,258.641,13.396,22.9289,27.375,65.9678,29.3229,144.209,0.360125,30.9446,65.8255,244.648,0,0,0,0,0.756438,0,6.29026,9.20592,347.425,650.652,0,234.97,0,86.0488,56.4489,31.208,620.533,0,18.1599,76.7556,2071.4,707.07,403.007,
1.395,7.37733,3.25394,157.39,45.541,51.0247,62.8241,107.247,25.1134,83.2962,31.0505,6.65315,42.9792,1.55055,0,34.3052,74.7483,240.124,0,0,1.40957,0,7.11692,0,1.59085,12.9883,322.38,84.5896,0,101.147,190.163,65.261,111.606,69.348,263.834,25.3,73.5382,0,2134.97,1278.34,614.899,38.8765,150.353,5.82784,34.9826,40.0922,320.075,261.158,13.6405,23.2228,27.7553,65.9335,29.4342,143.292,0.22421,31.7037,67.4765,248.678,0,0,0,0,0.738964,0,6.28878,9.62846,348.32,652.301,0,235.99,0,85.673,57.54,31.6528,630.781,0,17.8863,77.2001,2086.06,692.663,393.414,
1.4,7.68975,3.33938,156.987,45.5718,51.6042,63.8856,104.793,25.0101,83.7421,31.2981,6.62777,42.9284,1.42777,0,33.1345,73.0209,243.025,0,0,1.16201,0,7.19436,0,1.63464,13.0244,325.624,85.8963,0,101.439,188.961,65.9658,109.933,69.3905,266.855,25.3682,71.201,98.709,2148.98,1294.57,622.301,39.307,149.454,6.06032,35.1727,39.909,318.822,263.426,13.8015,23.5126,28.1263,65.9983,29.6006,142.187,0.128695,32.2233,68.6868,252.74,0,0,0,0,0.720089,0,6.29104,10.0049,349.614,654.025,0,236.65,0,85.255,58.4207,31.9917,639.809,0,17.5912,77.9188,2110.75,687.185,385.229,
1.405,8.00657,3.40981,156.97,45.8457,52.1287,64.4422,103.533,25.2188,84.1639,31.5231,6.61891,43.1216,1.37657,0,32.0663,71.3785,245.844,0,0,0.999051,0,7.2703,0,1.67911,12.7624,328.554,86.9268,0,100.235,188.047,66.8869,109.492,69.9094,269.77,25.5052,69.2161,0,2155.31,1308.64,628.777,39.835,148.984,6.41853,35.3804,40.1645,318.88,265.433,13.8808,23.798,28.488,66.1751,29.7851,141.622,0.0659661,32.4249,69.3124,256.69,0,0,0,0,0.699841,0,6.29739,10.3109,350.994,655.845,0,237.278,0,84.8522,59.0678,32.2237,647.555,0,17.2823,78.4732,2126.22,690.445,378.857,
1.41,8.33125,3.46892,157.211,46.3286,52.5772,64.5701,103.049,25.5594,84.5637,31.7299,6.63999,43.5652,1.32962,0,31.1168,69.92,248.59,0,0,0.79307,0,7.34943,0,1.72271,12.4975,332.18,88.0681,0,98.5856,187.47,67.9856,109.885,70.6325,272.689,25.7141,67.7223,96.2163,2165.22,1320.62,634.35,40.3776,148.961,6.7514,35.6064,40.6388,319.837,267.177,13.8837,24.0801,28.8411,66.4616,30.0026,140.727,0.0215762,32.2754,69.2561,260.401,0,0,0,0,0.677982,0,6.30806,10.5489,352.759,657.79,0,237.827,0,84.5202,59.4496,32.3553,654.865,0,16.9668,79.2458,2147.41,701.751,374.707,
1.415,8.65769,3.50502,157.822,47.0383,52.9481,64.207,102.934,25.878,84.9435,31.9241,6.66225,44.0477,1.23656,0,30.3381,68.7233,251.278,0,0,0.645834,0,7.42863,0,1.76789,11.9469,335.483,88.74,0,95.167,187.238,69.224,110.667,71.3583,275.615,25.9954,66.762,0,2166.72,1330.61,639.156,40.9633,149.466,7.00965,35.8534,41.4054,321.756,268.653,13.7991,24.3581,29.1866,66.8342,30.0976,139.508,0,31.7622,68.4633,263.774,0,0,0,0,0.654704,0,6.32198,10.7067,354.423,659.572,0,238.153,0,84.3029,59.5565,32.3666,659.591,0,16.6541,79.7766,2161.09,719.556,372.9,
1.42,8.98477,3.52953,158.625,47.8948,53.2442,63.5963,102.828,26.0577,85.3068,32.1104,6.68859,44.6845,1.15651,0,29.7501,67.8362,253.926,0,0,0.474549,0,7.50992,0,1.81211,11.5684,338.96,89.6896,0,92.7145,187.346,70.5638,111.451,71.8879,278.628,26.3472,66.1983,88.8178,2172.11,1338.85,643.622,41.5178,150.393,7.26946,36.1222,42.2327,324.043,269.852,13.6324,24.6324,29.5256,67.2531,30.2695,138.666,0,30.8948,66.9393,266.747,0,0,0,0,0.629404,0,6.33989,10.791,356.051,661.421,0,238.24,0,84.2256,59.3712,32.2651,666.044,0,16.3515,80.4858,2179.01,742.236,373.476,
1.425,9.3166,3.53508,159.63,48.8693,53.4141,62.4543,102.416,26.0031,85.6563,32.2937,6.69859,45.3468,1.06294,0,29.4044,67.2877,256.551,0,0,0.350937,0,7.59066,0,1.8549,10.8611,342.196,90.158,0,87.9482,187.764,71.9712,111.885,72.081,281.746,26.7639,65.9221,0,2165.37,1345.54,647.781,42.058,151.637,7.55822,36.4137,43.133,326.407,270.779,13.3767,24.903,29.8594,67.7062,30.3174,137.616,0,29.7129,64.7496,269.285,0,0,0,0,0.602168,0,6.3603,10.7897,357.464,662.986,0,237.5,0,84.2982,58.8933,32.0462,669.54,0,16.0592,80.9423,2190.55,768.404,376.149,
1.43,9.64765,3.53658,160.657,49.8697,53.5285,61.4768,101.469,25.6691,85.9941,32.4767,6.71042,46.0056,0.983662,0,29.2553,67.079,259.173,0,0,0.230567,0,7.67179,0,1.896,10.6099,345.667,91.1045,0,86.3188,188.452,73.4307,111.696,71.8823,285.017,27.2391,65.8214,79.6872,2169.17,1351.03,651.664,42.5679,153.047,7.8702,36.7282,43.9284,328.564,271.462,13.0372,25.1699,30.1882,68.1667,30.4398,136.625,0,28.2855,62.0103,271.399,0,0,0,0,0.572635,0,6.38409,10.7334,358.847,664.682,0,236.799,0,84.5128,58.1282,31.7218,676.293,0,15.7823,81.5847,2206.73,795.919,380.632,
1.435,9.9767,3.52237,161.66,50.8554,53.514,60.1571,99.8624,25.0525,86.3219,32.6645,6.70916,46.6136,0.92152,0,29.3038,67.195,261.81,0,0,0.157113,0,7.75276,0,1.93688,10.1262,349.263,91.6532,0,82.5891,189.381,74.9426,110.769,71.2604,288.452,27.7702,66.0064,0,2160.43,1355.6,655.36,43.0458,154.452,8.17812,37.0658,44.6165,330.199,271.978,12.6434,25.4335,30.5136,68.6179,30.5323,135.59,0,26.6947,58.8883,273.132,0,0,0,0,0.541604,0,6.41054,10.6219,360.255,666.124,0,235.343,0,84.8412,57.1487,31.3352,680.656,0,15.5266,82.0184,2217.99,823.035,386.475,
1.44,10.3033,3.5127,162.478,51.7476,53.4525,59.2202,97.6097,24.2105,86.6443,32.8592,6.71556,47.2729,0.888638,0,29.5502,67.6082,264.475,0,0,0.128211,0,7.83564,0,1.97742,10.129,353.193,92.8318,0,82.5106,190.537,76.5345,109.064,70.3095,292.115,28.357,66.4634,78.3681,2165.44,1359.56,658.954,43.4825,155.683,8.4779,37.4259,45.0613,331.159,272.436,12.2384,25.6939,30.8362,69.0907,30.7903,134.752,0,25.0274,55.5846,274.562,0,0,0,0,0.508584,0,6.43918,10.492,361.735,667.777,0,234.08,0,85.2497,56.0437,30.9262,689.056,0,15.2925,82.7717,2236.39,848.067,393.134,
1.445,10.6311,3.48806,163.048,52.5095,53.236,57.9063,94.8532,23.2404,86.9609,33.0617,6.67135,47.7785,0.884582,0,29.9309,68.2742,267.184,0,0,0.172567,0,7.916,0,2.01469,9.692,356.421,93.4326,0,79.1385,191.934,78.248,106.775,69.1717,295.997,29.0054,67.0443,0,2149.44,1363.2,662.516,43.8418,156.549,8.77733,37.8075,45.287,330.992,272.981,11.8697,25.9505,31.1563,69.4717,30.998,134.152,0,23.3916,52.2885,275.783,0,0,0,0,0.473477,0,6.47038,10.3239,362.696,668.944,0,231.564,0,85.7012,54.9631,30.563,694.793,0,15.0814,83.1325,2245.16,869.394,400.26,
1.45,10.9604,3.471,163.404,53.1423,52.9988,57.1226,91.8802,22.2674,87.274,33.2717,6.63859,48.1743,0.844013,0,30.4402,69.1482,269.95,0,0,0.336898,0,7.99553,0,2.0513,9.76469,359.838,94.5387,0,79.8972,193.596,80.1243,104.171,68.0286,300.077,29.7242,67.6101,71.7344,2152.56,1366.79,666.146,44.21,157.055,9.08172,38.2101,45.3439,330.233,273.759,11.584,26.204,31.4739,69.8325,31.1478,132.724,0,21.8642,49.1724,276.901,0,0,0,0,0.436025,0,6.50304,10.1528,363.642,670.294,0,229.566,0,86.1542,54.0699,30.3031,702.63,0,14.8908,83.7038,2260.16,886.026,407.245,
1.455,11.2843,3.44009,163.54,53.6571,52.6402,56.0533,89.048,21.4567,87.5838,33.4872,6.56478,48.3973,0.784241,0,31.0751,70.1973,272.78,0,0,0.58017,0,8.06978,0,2.08733,9.51182,362.608,95.0084,0,77.6624,195.57,82.1804,101.655,67.1018,304.302,30.5227,67.995,0,2136.75,1370.54,669.915,44.5381,157.134,9.38806,38.6325,45.2809,328.676,274.915,11.4298,26.453,31.7882,70.0618,31.1321,131.504,0,20.511,46.3675,278.023,0,0,0,0,0.395922,0,6.53763,9.96558,364.148,671.206,0,226.752,0,86.576,53.5143,30.2226,707.352,0,14.7167,83.8569,2264.76,896.956,413.664,
1.46,11.6127,3.41662,163.414,54.0449,52.302,55.6819,86.7562,20.9316,87.8928,33.7074,6.53651,48.7164,0.745785,0,31.7755,71.3955,275.679,0,0,0.789948,0,8.14286,0,2.12137,9.86733,366.373,96.3363,0,80.158,197.87,84.3917,99.6754,66.6029,308.707,31.4031,68.3996,68.6029,2144.15,1374.63,673.897,44.8797,156.825,9.70613,39.0741,45.0544,326.766,276.568,11.4526,26.6986,32.0989,70.3602,31.349,130.279,0,19.3387,43.9588,279.245,0,0,0,0,0.353695,0,6.57355,9.80401,365.19,672.581,4.21415,224.957,0,86.9434,53.4547,30.371,716.973,0,14.5642,84.5402,2280.59,901.811,419.178,
1.465,11.9339,3.38987,163.169,54.3686,51.9419,55.3627,85.3688,20.8038,88.2019,33.9321,6.49248,48.9245,0.701855,0,32.5755,72.7332,278.656,0,0,0.494751,0,8.21165,0,2.15452,9.97866,369.523,97.3828,0,80.5114,200.488,86.6998,98.6854,66.701,313.248,32.3556,68.7074,0,2145.32,1379.26,678.13,45.222,156.223,10.03,39.5347,44.8471,324.717,278.841,11.6892,26.9407,32.4064,70.5962,31.4791,129.073,0,18.3814,41.97,280.638,0,0,0,0,0.308411,0,6.61054,9.66622,365.884,673.743,0.0115526,223.276,0,87.2383,54.0336,30.8024,724.196,0,14.4275,85.0467,2294.89,900.596,423.701,
1.47,12.2577,3.36754,162.708,54.6112,51.6268,55.5551,85.1717,21.1566,88.5123,34.1596,6.48063,49.2945,0.666859,0,33.4496,74.2091,281.714,0,0,0.0581378,0,8.27928,0,2.18691,10.2573,373.204,98.965,0,82.9508,203.39,89.0062,99.0094,67.5208,317.977,33.3625,68.9855,64.941,2159.13,1384.5,682.671,45.5572,155.35,10.3546,40.0129,44.5336,322.55,281.822,12.1689,27.1785,32.7098,70.8909,31.7717,127.994,0,17.5993,40.3926,282.261,0,0,0,0,0.260871,0,6.6486,9.55947,366.769,675.103,0,222.244,0,87.4615,55.3596,31.5511,734.1,0,14.3075,85.9634,2315.15,893.798,426.935,
1.475,12.5784,3.34043,162.33,54.8888,51.3584,55.8463,86.3388,22.0232,88.8267,34.3902,6.4709,49.6079,0.633639,0,34.4076,75.8134,284.853,0,0,0,0,8.34359,0,2.21848,10.3823,376.322,100.253,0,84.0138,206.541,91.2038,100.89,69.0845,322.848,34.3966,69.2025,0,2169.5,1390.51,687.566,45.9489,154.446,10.7012,40.5103,44.4288,320.963,285.573,12.9087,27.4125,33.0094,71.1938,32.0115,126.937,0,16.9913,39.1865,284.146,0,0,0,0,0.210407,0,6.68698,9.47875,367.512,676.407,0,221.781,0,87.6196,57.527,32.6473,742.126,0,14.2035,86.7457,2333.76,882.779,428.725,
1.48,12.8952,3.31755,161.731,55.1159,51.1447,56.4781,88.9102,23.3837,89.1479,34.6239,6.49071,50.1189,0.620691,0,35.4338,77.5519,288.078,0,0,0,0,8.40769,0,2.25059,10.7366,380.076,102.043,0,86.8392,209.79,93.209,104.419,71.37,327.932,35.4269,69.4892,66.7805,2189.53,1397.35,692.817,46.2799,153.403,11.0401,41.0248,44.175,319.267,290.104,13.9011,27.6429,33.3052,71.5632,32.4466,126.093,0,16.5378,38.3077,286.308,0,0,0,0,0.157694,0,6.72595,9.4304,368.504,677.826,0,221.654,0,87.729,60.5534,34.0957,752.75,0,14.1166,87.9517,2357.83,868.797,429.182,
1.485,13.2128,3.28789,161.4,55.4579,51.0368,57.2693,92.8115,25.1785,89.4776,34.8614,6.52676,50.6246,0.611916,0,36.5592,79.4393,291.391,0,0,0,0,8.46694,0,2.28052,11.0007,383.293,103.579,0,88.8867,212.968,94.9586,109.513,74.3117,333.211,36.4246,69.8487,0,2209.87,1405.04,698.463,46.7258,152.569,11.4109,41.5574,44.273,318.71,295.372,15.1196,27.8703,33.5985,71.9967,32.8387,125.117,0,16.2128,37.71,288.746,0,0,0,0,0.102693,0,6.76506,9.41642,369.48,679.317,0,222.531,0,87.8081,64.4119,35.8666,761.561,0,14.0455,89.0912,2382.37,853.957,428.425,
1.49,13.5306,3.25824,160.778,55.7411,50.9515,58.0849,97.8719,27.3147,89.8178,35.1029,6.55728,51.1629,0.601942,0,37.778,81.4789,294.789,0,0,0,0,8.52039,0,2.31072,11.1965,386.723,105.243,0,90.8478,215.909,96.3808,115.971,77.7486,338.723,37.3551,70.306,69.4613,2229.73,1413.63,704.474,47.0309,151.629,11.7574,42.1064,44.0944,317.639,301.276,16.5215,28.0952,33.8882,72.428,33.2629,124.042,0,16.0039,37.3644,291.46,0,0,0,0,0.0459195,0,6.80468,9.42237,370.313,680.517,0,222.919,0,87.8779,69.0032,37.9097,771.028,0,13.9895,90.3719,2407.59,839.982,426.737,
1.495,13.8376,3.21701,160.361,56.1104,50.9173,58.6889,103.842,29.6593,90.1701,35.3476,6.57819,51.5665,0.590186,0,39.0672,83.6345,298.277,0,0,0,0,8.56467,0,2.33885,11.2973,389.323,106.34,0,92.0342,218.432,97.4126,123.526,81.5097,344.387,38.1825,70.7703,0,2240,1423.07,710.864,47.4122,150.836,12.1374,42.6719,44.1967,317.154,307.67,18.039,28.317,34.1754,72.8342,33.5594,123.063,0,15.8915,37.2565,294.44,0,0,0,0,0,0,6.84413,9.42677,370.913,681.58,0,223.283,0,87.9524,74.1818,40.1545,777.878,0,13.948,91.256,2423.31,829.069,424.575,
1.5,14.1495,3.17917,159.696,56.4221,50.927,59.4969,110.426,32.0763,90.5352,35.595,6.58971,51.8722,0.581856,0,40.3537,85.8236,301.847,0,0,0,0,8.59799,0,2.36857,11.8155,392.029,107.68,0,95.6379,220.357,98,131.811,85.3858,350.184,38.8695,71.2064,72.4524,2255.73,1433.33,717.598,47.6939,149.95,12.4898,43.2527,44.0554,316.216,314.361,19.6071,28.5369,34.4594,73.1915,33.9069,121.929,0,15.8966,37.384,297.682,0,0,0,0,0,0,6.88375,9.44452,371.435,682.566,0,223.619,0,88.0455,79.761,42.5026,787.268,0,13.9182,92.2591,2441.6,822.549,422.391,
1.505,14.45,3.13881,159.357,56.8549,51.0427,60.4038,117.275,34.395,90.9131,35.8441,6.62116,52.1624,0.573628,0,41.5434,87.9128,305.494,0,0,0,0,8.61131,0,2.39646,12.216,394.299,108.775,0,98.7135,221.517,98.1193,140.401,89.1567,356.03,39.386,71.6097,0,2271.31,1444.31,724.624,48.0996,149.324,12.8776,43.849,44.2837,316.343,321.113,21.1378,28.7545,34.7404,73.5789,34.2019,120.915,0,15.9963,37.7424,301.181,0,0,0,0,0,0,6.92318,9.4836,371.934,683.639,0,224.762,0,88.1584,85.4984,44.838,795.101,0,13.8982,93.0664,2452.33,821.599,420.681,
1.51,14.7498,3.10781,158.698,57.2053,51.2159,61.6294,124.002,36.4587,91.3052,36.0942,6.63775,52.2038,0.573966,0,42.5749,89.7377,309.201,0,0,0,0,8.57268,0,2.42477,13.1025,396.731,110.152,0,104.886,221.802,97.7843,148.842,92.6147,361.859,39.7108,72.0193,80.9548,2287.53,1455.87,731.895,48.3572,148.612,13.238,44.4595,44.1617,315.904,327.658,22.5255,28.9699,35.019,73.8752,34.5522,119.683,0,16.1954,38.3272,304.93,0,0,0,0,0,0,6.96224,9.54293,372.328,684.546,0,225.876,0,88.2922,91.1318,47.0275,804.932,0,13.8846,93.8771,2464.2,826.358,419.81,
1.515,15.0479,3.08246,158.32,57.6463,51.4852,62.8849,130.218,38.1253,91.7106,36.345,6.6652,52.3525,0.615975,0,43.3143,91.1342,312.944,0,0,0,0,8.28327,0,2.45266,13.3914,398.745,111.227,0,107.86,221.141,97.0505,156.686,95.5507,367.592,39.836,72.4302,0,2300.85,1467.86,739.342,48.7259,148.103,13.9005,45.0862,44.3525,316.26,333.737,23.6851,29.1833,35.2942,74.192,34.8709,119.206,0,16.4941,39.1381,308.927,0,0,0,0,0,0,7.00153,9.62184,372.667,685.479,0,227.495,0,88.4399,96.38,48.9443,813.243,0,13.8769,94.498,2468.26,836.568,420.031,
1.52,15.3357,3.05613,157.544,57.9636,51.7645,64.1839,135.55,39.2595,92.1285,36.594,6.66172,52.0921,0.656326,0,43.6956,91.9694,316.701,0,0,0,0,4.52521,0,2.48138,14.1645,400.748,112.298,0,113.611,219.534,95.994,163.506,97.7603,373.167,39.7672,72.8636,91.2103,2310,1480.04,746.852,48.9247,147.399,14.189,45.7251,44.1331,315.617,339.11,24.534,29.3961,35.5655,74.3443,35.1544,117.657,0,16.9084,40.1793,313.166,0,0,0,0,0,0,7.04024,9.7097,372.836,686.071,0,228.455,0,88.6005,100.969,50.468,821.953,0,13.871,94.9712,2472.46,851.1,421.563,
1.525,15.623,3.02045,157.038,58.3608,52.0783,65.2097,139.666,39.7816,92.5582,36.8402,6.65401,51.9725,0.670808,0,43.685,92.161,320.442,0,0,0,0,11.9972,0,2.50996,13.9509,402.082,112.64,0,113.704,217.045,94.7193,168.879,99.1103,378.499,39.5203,73.1978,0,2314.54,1492.25,754.364,49.2458,146.817,14.5884,46.3767,44.2505,315.519,343.59,25.0268,29.6062,35.8331,74.5067,35.2703,116.601,0,17.4125,41.4632,317.647,0,0,0,0,0,0,7.07874,9.79303,372.754,686.528,0,229.373,0,88.7676,104.671,51.5209,827.995,0,13.8646,95.1799,2468.06,868.708,424.368,
1.53,15.9055,2.98563,156.171,58.644,52.3545,66.105,142.296,39.6598,92.9962,37.0797,6.61469,51.5157,0.682305,0,43.2379,91.6603,324.136,0,0,0,0,7.75236,0,2.53814,14.3757,403.459,113.184,0,117.409,213.796,93.3314,172.469,99.5245,383.51,39.1184,73.3822,94.8016,2313.57,1504.23,761.774,49.4105,146.007,14.8743,47.0369,44.0042,314.371,347.067,25.1412,29.8152,36.0952,74.4802,35.4283,115.378,0,18.0392,42.9941,322.368,0,0,0,0,0,0,7.11678,9.85925,372.513,686.745,0,229.334,0,88.9418,107.308,52.0568,835.531,0,13.8541,95.2361,2463.59,887.889,428.323,
1.535,16.1788,2.93836,155.678,59.049,52.6416,66.6525,143.253,38.9049,93.4404,37.3117,6.59277,51.3255,0.674726,0,42.3714,90.462,327.753,0,0,0,0,10.0275,0,2.56658,13.7145,404.503,112.966,0,114.366,209.934,91.9324,174.078,98.9988,388.158,38.5901,73.4176,0,2312.67,1515.85,769.011,49.7321,145.365,15.2294,47.7072,44.1902,314.049,349.485,24.8705,30.0223,36.3518,74.5256,35.4362,114.242,0,18.7724,44.7801,327.326,0,0,0,0,0,0,7.15459,9.90696,372.3,686.988,0,229.458,0,89.1269,108.775,52.0662,840.461,0,13.8336,95.2065,2454.52,907.339,433.266,
1.54,16.4545,2.89336,154.957,59.3988,52.866,67.0103,142.464,37.5986,93.888,37.533,6.5437,50.8911,0.657141,0,41.1314,88.6158,331.271,0,0,0,0,5.59035,0,2.59636,13.5369,405.552,112.961,0,114.354,205.655,90.6129,173.611,97.6371,392.393,37.9675,73.2182,94.586,2306.8,1526.98,776.027,49.9164,144.609,15.5804,48.3846,44.1054,313.021,350.874,24.2509,30.2261,36.6008,74.3973,35.4086,112.917,0,19.632,46.8459,332.527,0,0,0,0,0,0,7.19199,9.92671,371.858,686.974,0,228.759,0,89.3255,108.993,51.578,846.154,0,13.8012,95.0359,2445.84,925.784,438.842,
1.545,16.7231,2.84985,154.808,59.9547,53.1139,67.0688,139.994,35.8717,94.3376,37.7448,6.54715,50.8994,0.667295,0,39.5794,86.2342,334.669,0,0,0,0,11.6243,0,2.62524,12.7012,406.683,112.632,0,109.743,201.152,89.4645,171.186,95.589,396.226,37.288,72.9785,0,2304.95,1537.52,782.788,50.2999,144.218,16.1399,49.0722,44.5938,313.443,351.323,23.3229,30.4285,36.8426,74.4277,35.4174,112.4,0,20.6277,49.2168,337.973,0,0,0,0,0,0,7.22964,9.91185,371.837,687.299,0,228.569,0,89.5462,107.998,50.6496,850.243,0,13.7546,94.984,2435.84,942.031,444.73,
1.55,16.9857,2.80254,154.548,60.516,53.2932,66.8958,136.087,33.8882,94.7858,37.9457,6.52259,50.7848,0.672955,0,37.8542,83.5113,337.937,0,0,0,0,7.05723,0,2.65464,12.1843,407.763,112.263,0,106.923,196.637,88.5754,167.098,93.1027,399.643,36.5912,72.672,96.1083,2297.38,1547.43,789.295,50.5381,143.893,16.4974,49.7661,44.851,313.498,351.006,22.1664,30.6283,37.0762,74.3846,35.3964,111.286,0,21.7731,51.9229,343.679,0,0,0,0,0,0,7.26702,9.86863,371.705,687.402,0,227.82,0,89.792,105.867,49.3773,855.005,0,13.6929,94.8459,2426.64,955.161,450.647,
1.555,17.2486,2.75504,154.903,61.3031,53.4936,66.4688,131.189,31.8485,95.2329,38.1379,6.5481,50.972,0.670717,0,36.0841,80.6914,341.072,0,0,0,0,10.3736,0,2.68313,11.5692,408.794,111.782,0,103.035,192.314,88.0246,161.841,90.4705,402.66,35.9155,72.41,0,2293.97,1556.82,795.569,50.9509,144.045,16.9172,50.4689,45.6633,315.039,350.175,20.8637,30.8254,37.3026,74.4571,35.4017,110.633,0,23.0874,54.9976,349.65,0,0,0,0,0,0,7.3045,9.7935,371.929,687.861,0,227.632,0,90.0663,102.838,47.885,858.095,0,13.6154,94.7649,2415.57,964.512,456.245,
1.56,17.508,2.70589,155.136,62.084,53.6193,65.8308,125.899,29.9679,95.6754,38.3208,6.53645,50.9399,0.650611,0,34.4407,78.0282,344.081,0,0,0,0,4.5565,0,2.71399,11.1156,409.738,111.294,0,100.27,188.392,87.8895,156.118,88.015,405.306,35.3015,72.1282,92.927,2283.01,1565.71,801.648,51.1974,144.306,17.2902,51.1775,46.1773,316.026,349.159,19.5329,31.0203,37.5199,74.4508,35.2952,109.36,0,24.5608,58.4455,355.895,0,0,0,0,0,0,7.34231,9.68239,371.869,687.959,0,226.608,0,90.3734,99.2122,46.3355,861.299,0,13.52,94.4935,2404.95,969.756,461.313,
1.565,17.765,2.66858,155.909,63.0432,53.7899,65.219,120.924,28.4671,96.1141,38.4967,6.58767,51.3099,0.638529,0,33.0424,75.7468,346.98,0,0,0,0,12.0433,0,2.74452,10.7911,410.941,111.101,0,98.0939,185.058,88.2417,150.717,86.0712,407.612,34.7853,71.8985,0,2284.39,1574.28,807.6,51.6079,145.007,17.8046,51.8959,47.131,318.233,348.298,18.2813,31.2134,37.7297,74.5802,35.287,108.683,0,26.189,62.2498,362.418,0,0,0,0,0,0,7.37989,9.55124,372.368,688.635,0,226.442,0,90.7135,95.3755,44.876,864.859,0,13.4074,94.5537,2399.3,971.282,465.611,
1.57,18.0308,2.63375,156.361,63.8998,53.8689,64.4765,116.942,27.5395,96.547,38.6667,6.60424,51.5923,0.631462,0,32.0055,74.0145,349.796,0,0,0,0,6.71971,0,2.77475,10.5296,412.353,111.027,0,96.3196,182.485,89.1358,146.428,84.9392,409.676,34.402,71.8046,91.7237,2279.16,1582.65,813.499,51.8106,145.645,18.1739,52.6197,47.5937,319.23,347.91,17.2148,31.4038,37.932,74.7054,35.3164,107.634,0,27.9513,66.3509,369.202,0,0,0,0,0,0,7.41853,9.41019,372.777,688.978,0,225.23,0,91.0828,91.7233,43.649,868.984,0,13.2782,94.6236,2398.25,969.802,468.99,
1.575,18.2921,2.60481,157.036,64.7901,53.9243,63.5946,114.525,27.3178,96.9752,38.8338,6.65272,52.0518,0.629184,0,31.3759,72.9458,352.552,0,0,0,0,10.1407,0,2.80766,10.2214,413.832,110.977,0,94.1753,180.812,90.5808,143.948,84.8401,411.574,34.1774,71.9452,0,2277.07,1590.99,819.375,52.1226,146.381,18.6255,53.3511,48.2488,320.37,348.235,16.4046,31.5931,38.1278,74.8712,35.3724,106.829,0,29.7735,70.637,376.202,0,0,0,0,0,0,7.45773,9.25341,373.544,689.621,0,224.002,0,91.4816,88.6247,42.7646,871.961,0,13.1323,94.7659,2398.6,966.504,471.623,
1.58,18.5591,2.59021,157.178,65.4605,53.8742,62.7736,114.06,27.8828,97.3971,38.9987,6.66377,52.3248,0.649794,0,31.1868,72.5898,355.279,0,0,0,0,2.39747,0,2.84077,10.1625,415.489,111.235,0,93.7702,180.127,92.538,143.795,85.9099,413.386,34.1252,72.3555,93.9159,2272.03,1599.47,825.346,52.2347,146.721,19.1119,54.0875,48.2995,319.717,349.42,15.903,31.7804,38.317,74.9454,35.465,105.837,0,31.5943,74.9633,383.361,0,0,0,0,0,0,7.4984,9.0945,374.212,690.01,0,221.676,0,91.9093,86.3527,42.2888,876.758,0,12.9723,94.926,2403.37,962.598,473.511,
1.585,18.8333,2.58708,157.385,66.0823,53.819,62.1241,115.728,29.251,97.8139,39.1644,6.70747,52.9167,0.718654,0,31.4036,72.938,358.007,0,0,0,0,13.0236,0,2.87387,10.0895,417.15,111.751,0,93.1124,180.454,94.9156,146.253,88.171,415.235,34.243,73.0247,0,2275.28,1608.19,831.415,52.4739,146.916,19.5585,54.8298,48.4919,318.998,351.534,15.7205,31.9666,38.5012,75.1215,35.7928,105.827,0,33.3232,79.1428,390.583,0,0,0,0,0,0,7.54049,8.95383,375.235,690.955,0,219.847,0,92.3661,85.1094,42.2682,883.337,0,12.7992,95.3723,2412.33,959.106,474.854,
1.59,19.116,2.5954,157,66.4569,53.677,61.6225,119.511,31.3806,98.2244,39.3301,6.71878,53.4235,0.788123,0,32.0048,73.9359,360.764,0,0,0,0,7.80668,0,2.9085,10.0926,418.944,112.519,0,93.3084,181.76,97.6108,151.347,91.549,417.236,34.5195,73.8464,95.8539,2279.39,1617.21,837.622,52.5473,146.569,19.8612,55.575,48.1308,316.524,354.597,15.8701,32.1521,38.6805,75.2651,36.121,104.847,0,34.8517,82.9569,397.756,0,0,0,0,0,0,7.58391,8.83588,376.089,691.653,0,217.15,0,92.8584,85.019,42.7082,889.892,0,12.611,95.9566,2427.7,956.872,475.849,
1.595,19.4124,2.61096,156.687,66.7948,53.5489,61.3251,125.218,34.1557,98.6311,39.4987,6.76709,54.1582,0.895871,0,32.9376,75.4642,363.573,0,0,0,0,8.03889,0,2.94492,10.163,420.801,113.46,0,93.7373,183.964,100.504,158.894,95.8817,419.494,34.9323,74.8798,0,2288.56,1626.58,843.986,52.773,146.046,20.2242,56.3239,48.0003,314.297,358.568,16.3448,32.3375,38.8559,75.4825,36.6377,104.989,0,36.0837,86.1714,404.756,0,0,0,0,0,0,7.62892,8.74859,377.446,692.96,0,215.272,0,93.3959,86.1161,43.599,897.68,0,12.4112,96.7206,2446.37,956.635,476.722,
1.6,19.7139,2.64395,155.927,66.9598,53.4102,61.4164,132.49,37.3865,99.0341,39.671,6.81012,54.887,1.03633,0,34.0494,77.3521,366.449,0,0,0,0,6.27767,0,2.98329,10.4732,422.899,114.815,0,95.9895,186.945,103.497,168.51,100.925,422.118,35.4523,76.0816,104.419,2304.77,1636.32,850.507,52.8954,145.117,20.59,57.0745,47.5043,311.14,363.397,17.1343,32.5223,39.0283,75.749,37.173,104.235,0,36.9073,88.5625,411.443,0,0,0,0,0,0,7.67601,8.70466,378.831,694.273,0,213.457,0,93.9889,88.3868,44.9314,905.895,0,12.2016,97.7112,2469.11,958.668,477.699,
1.605,20.0304,2.6845,155.428,67.1958,53.3356,61.6412,140.854,40.8496,99.4363,39.8485,6.88821,55.5363,1.07779,0,35.2371,79.4026,369.404,0,0,0,0,9.51725,0,3.02345,11.2938,424.814,116.182,0,101.16,190.567,106.488,179.609,106.394,425.141,36.05,77.3577,0,2321.45,1646.3,857.13,53.1907,144.257,21.0403,57.8303,47.4244,309.051,368.989,18.1994,32.7077,39.1995,76.0251,37.4179,102.644,0,37.248,89.9187,417.677,0,0,0,0,0,0,7.72486,8.69853,380.517,695.928,0,212.693,0,94.648,91.7695,46.6637,910.025,0,11.9803,98.5348,2494.05,963.157,479.007,
1.61,20.363,2.74132,154.608,67.3446,53.2911,62.1812,149.774,44.3027,99.8412,40.032,6.95475,56.3257,1.20652,0,36.4004,81.4256,372.437,0,0,0,0,2.2228,0,3.06405,12.4565,426.854,118.072,0,108.747,194.687,109.397,191.582,111.951,428.629,36.6932,78.6043,108.704,2340.9,1656.46,863.823,53.366,143.235,21.433,58.5887,47.0726,306.506,375.217,19.4924,32.8947,39.3696,76.3612,37.9956,102.767,0,37.0419,90.0867,423.339,0,0,0,0,0,0,7.77637,8.73075,382.306,697.894,0,212.056,0,95.3853,96.1456,48.7519,919.532,0,11.7493,99.5813,2518.31,970.223,480.806,
1.615,20.7021,2.79721,154.16,67.6363,53.3083,62.58,158.732,47.5109,100.249,40.223,7.04041,57.0224,1.2878,0,37.4368,83.2665,375.541,0,0,0,0,12.0807,0,3.10807,13.4033,428.659,119.657,0,115.386,199.154,112.179,203.754,117.237,432.574,37.3521,79.7949,0,2355.76,1666.64,870.521,53.7142,142.484,21.8696,59.3531,47.198,305.285,381.908,20.9598,33.0828,39.5404,76.7266,38.337,101.457,0,36.273,88.994,428.347,0,0,0,0,0,0,7.82937,8.78486,384.277,699.987,0,212.089,0,96.2065,101.334,51.105,923.3,0,11.509,100.337,2539.69,979.334,483.092,
1.62,21.0574,2.85861,153.334,67.8407,53.3215,63.0528,167.242,50.2515,100.666,40.422,7.09884,57.8912,1.48448,0,38.287,84.8386,378.703,0,0,0,0,3.38685,0,3.15409,14.6144,430.689,121.645,0,123.452,203.828,114.773,215.472,121.902,437.016,37.9946,80.9066,113.394,2370.62,1676.66,877.139,53.8956,141.621,22.268,60.1211,46.9532,303.244,388.856,22.5156,33.2732,39.7126,77.1231,39.0227,102.228,0,34.9768,86.6778,432.651,0,0,0,0,0,0,7.88574,8.86454,386.413,702.37,0,211.78,0,97.1106,107.117,53.6187,933.462,0,11.2585,101.327,2561.43,990.104,485.953,
1.625,21.4247,2.91918,152.791,68.1538,53.3667,63.2989,174.879,52.3354,101.091,40.6298,7.15773,58.6007,1.6649,0,38.9464,86.0928,381.911,0,0,0,0,11.1658,0,3.20213,15.1128,432.41,123.153,0,127.938,208.554,117.109,226.117,125.662,441.914,38.5863,81.8842,0,2380.91,1686.33,883.613,54.2269,140.976,22.7089,60.8943,47.0797,302.034,395.841,24.0826,33.4662,39.888,77.5048,39.4669,101.402,0,33.2653,83.3004,436.258,0,0,0,0,0,0,7.94399,8.95162,388.378,704.59,0,211.542,0,98.0891,113.245,56.1794,937.56,0,10.9987,101.957,2579.66,1001.86,489.371,
1.63,21.8035,2.97805,151.707,68.3099,53.3172,63.2903,181.276,53.6247,101.527,40.8461,7.17404,59.3458,1.94631,0,39.4153,87.0207,385.151,0,0,0,0,1.27384,0,3.25228,15.6539,434.473,124.815,0,132.144,213.166,119.134,235.145,128.292,447.286,39.0898,82.8804,117.474,2384.02,1695.44,889.833,54.3627,140.01,23.1199,61.6699,46.6896,299.176,402.641,25.5817,33.6616,40.0661,77.8322,40.1229,102.074,0,31.2636,79.1333,439.231,0,0,0,0,0,0,8.00535,9.02514,390.434,706.749,0,209.828,0,99.1279,119.445,58.6679,945.935,0,10.7303,102.639,2596.64,1013.96,493.238,
1.635,22.1942,3.03051,150.888,68.5494,53.2558,62.9985,186.122,54.047,101.976,41.0703,7.18199,59.9392,2.17428,0,39.6976,87.622,388.404,0,0,0,0,12.3623,0,3.30256,15.4043,436.036,125.764,0,131.555,217.489,120.791,242.085,129.658,453.091,39.4693,83.7417,0,2385.24,1703.77,895.709,54.6738,139.136,23.5719,62.448,46.6832,296.927,409.056,26.9329,33.8603,40.2473,78.1102,40.4582,101.413,0,29.131,74.5292,441.675,0,0,0,0,0,0,8.06812,9.07378,392.188,708.786,0,208.123,0,100.207,125.472,60.9734,948.903,0,10.4558,102.93,2609.02,1025.57,497.4,
1.64,22.5971,3.08401,149.521,68.6221,53.0847,62.5748,189.181,53.6027,102.433,41.3007,7.14282,60.3013,2.37654,0,39.8138,87.9152,391.657,0,0,0,0,4.59161,0,3.35482,15.2223,437.884,126.796,0,130.959,221.349,122.036,246.586,129.735,459.281,39.6913,84.5102,114.034,2381.85,1711.12,901.182,54.8074,137.854,23.9888,63.2253,46.1737,293.032,414.92,28.0839,34.0627,40.4322,78.2253,40.7463,100.773,0,27.0408,69.8667,443.736,0,0,0,0,0,0,8.13316,9.09356,393.771,710.479,0,205.054,0,101.3,131.105,63.0009,953.794,0,10.1739,103.141,2620.7,1035.98,501.752,
1.645,23.0111,3.13819,148.448,68.7862,52.9454,62.2633,190.326,52.3912,102.898,41.5357,7.11691,60.6261,2.49076,0,39.7749,87.9259,394.893,0,0,0,0,9.73004,0,3.40859,14.8554,439.388,127.427,0,128.846,224.598,122.857,248.476,128.624,465.78,39.7319,85.0817,0,2382.67,1717.31,906.145,55.1384,136.679,24.4465,64.0015,46.0781,290.127,420.093,28.9849,34.2672,40.6199,78.3494,40.8136,99.7856,0,25.1504,65.5152,445.574,0,0,0,0,0,0,8.19927,9.10088,395.339,712.507,0,203.04,0,102.386,136.128,64.6831,956.9,0,9.88546,103.166,2630.01,1044.51,505.993,
1.65,23.4306,3.17732,146.766,68.7703,52.6166,61.3672,189.564,50.5865,103.368,41.7718,7.00994,60.8053,2.68107,1.28271,39.6076,87.7112,398.105,0,0,0,0,4.20613,0,3.46253,14.5621,440.929,127.653,0,125.644,227.111,123.272,247.807,126.529,472.541,39.5779,85.3948,109.994,2360.93,1722.16,910.554,55.2373,134.999,24.8567,64.7725,45.444,285.128,424.47,29.6016,34.4748,40.8089,78.2515,40.9348,99.5369,0,23.5523,61.7844,447.366,0,0,0,0,0,0,8.26785,9.10246,396.847,714.202,0,199.312,0,103.438,140.349,65.9528,961.148,0,9.59246,102.982,2635.89,1050.74,510.082,
1.655,23.8594,3.21558,145.368,68.8418,52.2928,60.5282,187.066,48.3956,103.842,42.0048,6.91614,60.7589,2.84746,0,39.3822,87.3556,401.279,0,0,0,0,9.22799,0,3.51772,14.0336,442.027,127.614,0,122.016,228.808,123.308,244.862,123.762,479.412,39.2222,85.397,0,2348.22,1725.51,914.335,55.542,133.379,25.3106,65.5384,45.2384,281.066,427.993,29.9172,34.6841,40.999,78.1316,40.9033,99.0623,0,22.3482,58.9041,449.27,0,0,0,0,0,0,8.33751,9.0819,398.088,716.077,0,196.302,0,104.435,143.633,66.7913,963.796,0,9.29126,102.398,2632.56,1054.62,513.73,
1.66,24.292,3.26332,143.52,68.7892,51.9133,59.9366,183.123,46.0514,104.314,42.232,6.80687,60.3555,2.73333,0,39.1682,86.9658,404.413,0,0,0,0,5.34857,0,3.57264,13.6645,443.679,127.742,0,119.336,229.634,122.993,240.046,120.658,486.33,38.6651,85.0739,104.343,2339.5,1727.32,917.448,55.7144,131.428,25.8113,66.2956,44.6425,275.945,430.67,29.9512,34.8957,41.1877,77.7582,40.4142,96.1581,0,21.5694,57.0163,451.43,0,0,0,0,0,0,8.40768,9.05274,399.181,717.538,0,192.958,0,105.35,145.916,67.2104,964.7,0,8.98497,101.887,2637.54,1056.16,516.859,
1.665,24.7371,3.3184,142.132,68.8971,51.6896,60.0538,178.116,43.7406,104.781,42.4505,6.71553,60.0798,2.85617,0,39.0173,86.6331,407.508,0,0,0,0,7.24768,0,3.63017,13.2651,444.783,127.786,0,116.726,229.561,122.338,233.923,117.508,493.155,37.9086,84.4435,0,2336.6,1727.49,919.91,56.1131,129.832,26.253,67.046,44.5785,272.971,432.583,29.7355,35.1088,41.3751,77.4902,40.3146,96.1507,0,21.2339,56.1626,453.957,0,0,0,0,0,0,8.47743,9.05009,400.423,719.855,0,192.281,0,106.161,147.209,67.2516,970.769,0,8.67538,101.315,2633.25,1055.82,519.485,
1.67,25.1892,3.37323,140.042,68.8068,51.3655,59.9852,172.472,41.5958,105.24,42.6531,6.57922,59.2264,2.686,0,38.9356,86.4123,410.567,0,0,0,0,1.76897,0,3.68857,13.1951,446.432,127.845,0,115.743,228.569,121.351,227.062,114.57,499.802,36.9574,83.4356,102.438,2322.88,1726.09,921.687,56.2338,127.807,26.7891,67.7849,43.8714,267.887,433.879,29.3386,35.323,41.558,76.818,39.6197,93.0507,0,21.3107,56.3094,456.928,0,0,0,0,0,0,8.54769,9.05502,401.302,721.248,0,189.846,0,106.852,147.617,67.0031,970.934,0,8.36056,100.519,2635.58,1053.88,521.443,
1.675,25.6427,3.43308,138.223,68.7933,51.1483,60.2979,166.619,39.71,105.686,42.8382,6.42341,58.2778,2.89552,0,38.9437,86.3089,413.592,0,0,0,0,10.672,0,3.7465,13.3035,447.073,127.605,0,116.349,226.67,120.049,220.071,111.972,506.081,35.8244,82.128,0,2301.91,1723.14,922.848,56.5364,125.929,27.3521,68.5154,43.5531,263.997,434.761,28.8402,35.5364,41.7349,76.2079,39.4536,93.6654,0,21.7424,57.3521,460.377,0,0,0,0,0,0,8.61745,9.06638,402.19,723.43,0,188.79,0,107.403,147.318,66.5805,977.364,0,8.04249,99.1793,2606.41,1050.55,522.807,
1.68,26.1003,3.47276,135.694,68.5603,50.7766,60.0643,160.92,38.1194,106.115,42.9986,6.23709,57.1124,2.81048,0,38.9977,86.2986,416.589,0,0,0,0,2.83914,0,3.80491,12.8768,448.67,127.14,0,113.201,223.918,118.48,213.342,109.795,511.928,34.5354,80.5968,104.728,2275.92,1718.77,923.409,56.6138,123.474,27.6379,69.2323,42.6345,257.582,435.448,28.3168,35.7497,41.9033,75.2666,38.8692,91.3407,0,22.4592,59.136,464.32,0,0,0,0,0,0,8.68715,9.06601,402.982,724.679,0,185.367,0,107.802,146.568,66.1007,978.309,0,7.72144,98.0046,2606.85,1045.96,523.625,
1.685,26.5665,3.52261,133.676,68.4865,50.6235,60.772,155.65,36.8275,106.522,43.1304,6.08265,55.5542,2.83765,0,39.0786,86.3261,419.56,0,0,0,0,9.24908,0,3.8653,13.5978,449.273,126.873,0,117.475,220.432,116.733,207.19,108.047,517.111,33.1229,78.747,0,2262.86,1713.07,923.464,56.985,121.37,27.9913,69.9379,42.3341,253.702,436.154,27.8518,35.9614,42.0616,74.3847,38.472,90.7532,0,23.381,61.4549,468.723,0,0,0,0.00256334,0,0,8.75595,9.10273,403.934,727.07,0,185.331,0,108.038,145.627,65.6801,984.252,0,7.39986,96.4749,2575.84,1040.23,523.744,
1.69,27.0301,3.55531,130.922,68.2025,50.3337,60.9778,150.957,35.8026,106.901,43.229,5.88689,54.0204,2.71123,0,39.1616,86.3413,422.506,0,0,0,0,5.69321,0,3.9246,13.0618,450.927,126.409,0,114.75,216.369,114.922,201.796,106.717,521.617,31.6314,76.7883,106.406,2235.93,1706.34,923.059,57.0707,118.748,28.3365,70.6299,41.3896,247.318,437.041,27.4913,36.1713,42.2068,73.1582,37.8052,88.3961,0,24.3762,64.077,473.493,0,0,0,0.00933889,0,0,8.82371,9.13647,404.534,728.344,0,182.833,0,108.104,144.724,65.4025,985.643,0,7.0786,95.048,2565.94,1033.42,523.341,
1.695,27.4947,3.60145,128.664,68.0761,50.265,62.0577,146.919,35.0201,107.251,43.2903,5.73806,52.2393,2.66168,0,39.2018,86.2979,425.424,0,0,0,0,5.30331,0,3.98567,13.9506,451.791,126.308,0,120.165,211.927,113.153,197.222,105.757,525.282,30.1029,74.5624,0,2227.32,1698.72,922.314,57.4317,116.506,28.7546,71.3112,41.0335,243.458,438.219,27.2693,36.3774,42.3371,72.1043,37.3133,87.2707,0,25.3534,66.7456,478.519,0,0,0,0.0130082,0,0,8.8905,9.20894,405.575,730.837,0,183.463,0,107.995,144.052,65.3153,991.643,0,6.75919,93.5319,2534.56,1025.91,522.326,
1.7,27.9646,3.6337,125.639,67.7312,50.0291,62.3745,143.587,34.4584,107.565,43.3118,5.56368,50.6908,2.49917,1.59735,39.1961,86.173,428.317,0,0,0,0,2.74564,0,4.04539,14.0299,453.88,126.041,0,120.509,207.311,111.514,193.507,105.139,528.112,28.576,72.3867,108.511,2201.45,1690.45,921.302,57.4983,113.701,29.1373,71.9795,40.0196,236.677,439.736,27.1969,36.5806,42.4513,70.8152,36.6584,84.832,0,26.2094,69.219,483.669,0,0,0,0.0126941,0,0,8.95754,9.29881,406.859,732.478,0,181.544,0,107.705,143.742,65.4404,993.506,0,6.4441,92.2836,2521.71,1018.08,520.856,
1.705,28.4331,3.71641,123.253,67.5886,49.9921,63.3625,141.022,34.136,107.843,43.2915,5.44074,49.118,2.75811,0.0158296,39.1291,85.9547,431.18,0,0,0,0,8.23142,0,4.10774,14.8522,455.209,126.471,0,126.227,202.707,110.062,190.74,104.892,529.98,27.0833,70.1306,0,2188.84,1681.78,920.127,57.8581,111.317,30.5068,72.6457,39.686,232.742,441.562,27.2436,36.7806,42.5473,69.6696,36.2802,85.3841,0,26.8528,71.2868,488.815,0,0,0,0.00870908,0,0,9.02513,9.40542,408.129,735.108,0,181.912,0,107.236,143.825,65.7565,999.464,0,6.13371,90.7603,2483.25,1010.44,519.091,
1.71,28.8939,3.76858,120.066,67.2289,49.7552,63.4517,139.321,34.0838,108.082,43.2267,5.27368,47.4853,2.65543,0.0407566,39.0105,85.6343,434.01,0,0,0,0,5.92717,0,4.16886,15.1138,457.388,126.298,0,127.91,198.264,108.816,189.048,105.078,530.996,25.6453,68.0596,116.061,2157.07,1672.92,918.866,57.9145,108.361,30.623,73.3014,38.68,225.623,443.623,27.3807,36.9751,42.6239,68.3179,35.7478,82.8488,0,27.217,72.7744,493.833,0,0,0,0,0,0,9.09219,9.50181,409.529,736.722,0,179.362,0,106.586,144.265,66.2149,1000.96,0,5.83242,89.4826,2469.76,1003.4,516.973,
1.715,29.356,3.82029,117.711,67.1511,49.6986,64.0286,138.582,34.3503,108.279,43.1189,5.16045,45.9149,2.62295,0.0679905,38.8309,85.2036,436.812,0,0,0,0,5.85103,0,4.22943,15.8635,458.566,126.206,0,132.807,194.077,107.769,188.562,105.745,531.052,24.2745,66.0162,0,2145.48,1664.06,917.62,58.3316,106.052,30.7525,73.9493,38.5232,222.131,445.809,27.5575,37.1654,42.6807,67.2205,35.4031,82.3537,0,27.2789,73.5473,498.613,0,0,0,0,0,0,9.15855,9.61139,411.065,739.362,0,179.8,0,105.766,144.957,66.7428,1006.08,0,5.54026,88.0941,2431.97,997.446,514.816,
1.72,29.8088,3.85482,114.505,66.8462,49.4319,63.7958,138.877,34.9554,108.431,42.9667,5.00538,44.2391,2.3763,0.0913334,38.5998,84.6648,439.579,0,0,0,0,5.15761,0,4.2896,15.8988,460.963,126.069,0,133.71,190.221,106.918,189.397,106.948,530.26,22.9793,64.1865,112.298,2114.26,1655.44,916.465,58.3866,103.192,30.9491,74.5867,37.6102,215.149,447.973,27.7135,37.3493,42.7157,65.8435,34.7817,79.4605,0,27.0033,73.4949,503.067,0,0,0,0,0,0,9.22385,9.68301,412.24,740.677,0,176.727,0,104.787,145.751,67.2564,1005.97,0,5.25877,86.7924,2416.48,992.909,512.636,
1.725,30.2544,3.89763,112.107,66.8023,49.3023,63.9199,140.223,35.8891,108.541,42.7733,4.89955,42.692,2.29446,0.0833829,38.3232,84.0391,442.314,0,0,0,0,4.76645,0,4.34904,16.4028,462.398,126.058,0,137.688,186.733,106.262,191.611,108.666,528.577,21.7609,62.4296,0,2098.9,1647.21,915.447,58.7693,100.93,31.3046,75.2175,37.4772,211.455,449.967,27.7908,37.5286,42.7294,64.7614,34.406,78.899,0,8.47726,72.5765,507.123,0,0,0,0,0,0,9.28778,9.72198,413.472,742.982,0,175.74,0,103.664,146.465,67.6694,1009.4,0,4.98909,85.3031,2377.56,989.953,510.65,
1.73,30.6935,3.96613,109.03,66.5736,48.9772,63.3486,142.563,37.1157,108.607,42.5383,4.77534,41.5014,2.41122,0,38.0211,83.3708,445.017,0,0,0,0,4.52187,0,4.40789,16.8792,465.148,126.478,0,140.439,183.623,105.773,195.141,110.856,526.158,20.6179,60.8377,117.525,2064.31,1639.51,914.643,58.8371,98.1725,32.5592,75.8454,36.703,204.661,451.654,27.7338,37.7028,42.7209,63.5264,33.935,78.4351,0,15.9576,70.807,510.741,0,0,0,0,0,0,9.35263,9.73515,415.104,744.741,0,172.109,0,102.424,146.909,67.9042,1010.69,0,4.7315,84.1815,2361.61,988.235,508.876,
1.735,31.1188,4.02016,107.077,66.7256,48.82,63.1463,145.779,38.5676,108.633,42.2692,4.71342,40.3182,2.27068,9.59095,37.7502,82.7317,447.693,0,0,0,0,4.31287,0,4.46585,17.6046,466.774,126.628,0,145.676,180.873,105.41,199.845,113.409,522.976,19.5412,59.2927,0,2052.74,1632.47,914.091,59.3131,96.3437,32.7347,76.4705,36.9487,202.469,452.899,27.5019,37.8718,42.6916,62.5752,33.5798,77.1433,0,19.9045,68.2875,513.918,0,0,0,0,0,0,9.41573,9.73159,416.747,747.246,0,171.559,0,101.09,146.884,67.8864,1012.91,0,4.48496,82.9204,2325.01,987.333,507.338,
1.74,31.5351,4.05369,104.428,66.7151,48.4314,61.9914,149.694,40.1492,108.616,41.9668,4.59468,39.138,2.13931,0.147035,37.5573,82.2144,450.345,0,0,0,0,4.10942,0,4.52119,17.0997,469.328,126.537,0,143.969,178.442,105.132,205.507,116.221,519.19,18.5229,57.9558,109.147,2013.05,1626.19,913.831,59.4241,94.1726,32.9606,77.0865,36.5142,197.137,453.615,27.0695,38.0348,42.6405,61.5002,33.1152,75.4735,0,19.7503,65.1924,516.68,0,0,0,0,0,0,9.47638,9.64433,417.731,748.308,0,167.01,0,99.6983,146.237,67.571,1011.36,0,4.25171,81.647,2306.65,986.5,505.957,
1.745,31.9408,4.15034,103.16,67.1503,48.2452,61.3796,154.089,41.7682,108.571,41.6449,4.5979,38.8067,2.43671,0,37.4918,81.9175,452.984,0,0,0,0,3.90593,0,4.57677,19.239,471.823,127.509,0,154.407,176.288,104.913,211.84,119.121,514.813,17.5533,56.6603,0,2003.03,1620.74,913.886,59.95,93.094,34.9154,77.7106,37.1943,197.054,453.751,26.4322,38.1965,42.5726,60.775,33.0373,77.1024,0.355408,18.6787,61.7615,519.087,0,0,0,0,0,0,9.54081,9.61797,420.616,751.744,0,167.814,0,98.2856,144.842,66.933,1016.91,0,4.02992,80.9542,2268.73,984.862,504.689,
1.75,32.3307,4.19812,101.225,67.4372,47.8295,59.7915,158.707,43.3025,108.494,41.3031,4.52373,38.501,2.51685,14.3002,37.6087,81.9215,455.619,0,0,0,0,3.69663,0,4.62935,19.0102,474.426,127.595,0,154.861,174.381,104.761,218.516,121.936,510.066,16.6292,55.535,115.255,1964.83,1616.15,914.28,60.1035,91.7829,34.9994,78.328,37.1599,193.924,453.302,25.5971,38.3545,42.4869,60.2964,32.905,76.2404,0,17.3555,58.2654,521.227,0,0,0,0,0,0,9.60352,9.56354,422.63,753.743,0,164.928,0,96.894,142.627,65.9793,1017.23,0,3.8189,80.1673,2251.31,981.732,503.31,
1.755,32.7083,4.29622,100.685,68.1545,47.6282,58.8382,163.269,44.6325,108.399,40.9599,4.55457,38.7338,3.04746,0,37.9468,82.2826,458.259,0,0,0,0,3.48224,0,4.68186,20.1851,477.016,128.743,0,161.748,172.73,104.727,225.135,124.48,504.953,15.756,54.6215,0,1956.78,1612.46,915.012,60.6737,91.5934,36.6916,78.9518,38.1832,195.923,452.305,24.5904,38.5127,42.3901,59.9162,33.1995,78.8299,0.938794,16.0673,54.9751,523.199,0,0,0,0,0,0,9.66789,9.54047,425.391,757.188,0,166.176,0,95.5725,139.598,64.7388,1024.07,0,3.62014,79.7855,2214.85,976.435,501.702,
1.76,33.068,4.38333,99.4641,68.6888,47.2057,57.0317,167.466,45.635,108.288,40.6168,4.51587,39.2979,3.8159,22.7638,38.4879,83.039,460.917,0,0.386272,0,0,3.26078,0,4.73094,19.9802,480.024,129.525,0,160.936,171.385,104.905,231.277,126.55,499.714,14.9448,53.9016,126.2,1918.4,1609.62,916.065,60.8247,91.1005,37.83,79.5744,38.4071,194.528,450.862,23.4715,38.6699,42.282,59.835,33.5623,81.2635,0.0208203,14.9372,52.1191,525.117,0,0,0,0,0,0,9.73316,9.50986,427.615,759.532,0,163.945,0,94.3665,135.811,63.2847,1027.71,0,3.43062,79.5307,2199.64,968.711,499.667,
1.765,33.4094,4.47076,99.393,69.5436,46.9427,55.6612,170.984,46.1894,108.171,40.2895,4.5346,40.0118,4.57493,0,39.2673,84.2139,463.598,0,0.614702,0,0,3.03239,0,4.77909,20.4356,482.452,130.266,0,163.343,170.456,105.417,236.474,127.969,494.404,14.2133,53.4705,0,1906.6,1607.65,917.443,61.3438,91.4714,38.7268,80.1987,39.4775,197.021,449.12,22.2921,38.8307,42.1697,59.782,34.2829,83.963,0.00494384,14.0429,49.886,527.088,0,0,0,0,0,0,9.79845,9.50692,430.177,762.741,0,164.994,0,93.3238,131.448,61.7072,1036.31,0,3.25222,79.4686,2161.48,958.725,497.093,
1.77,33.7366,4.48541,98.4781,70.1387,46.4154,53.3204,173.525,46.2064,108.054,39.9841,4.4792,40.7672,4.86503,27.2744,40.2669,85.8126,466.319,0,1.37231,0,0,2.79783,0,4.82379,20.3513,485.404,130.041,0,161.383,170.067,106.374,240.306,128.576,489.256,13.5784,53.4573,129.749,1865.27,1606.47,919.127,61.4727,91.357,38.1067,80.8066,39.6688,195.508,447.267,21.1383,38.9957,42.0552,59.9842,35.2307,84.7865,0.100476,13.4052,48.3785,529.203,0,0,0,0,0,0,9.86171,9.51414,432.655,765.024,0,162.827,0,92.4837,126.73,60.1132,1042.96,0,3.08355,79.6556,2148.98,947.125,493.911,
1.775,34.0392,4.49301,98.3974,70.9134,45.9722,51.3049,174.846,45.6679,107.942,39.7099,4.46246,41.7998,5.6412,0,41.4911,87.8308,469.079,0,1.77073,0,0,2.55711,0,4.86551,20.3955,487.729,130.318,0,160.757,170.365,107.844,242.429,128.312,484.332,13.0546,53.7869,0,1844.57,1606.03,921.067,61.8804,91.7001,38.3999,81.4037,40.4685,196.414,445.509,20.0804,39.1668,41.9432,60.2116,36.4418,87.9876,0.0716853,13.0226,47.6116,531.53,0,0,0,0,0,0,9.92317,9.54635,435.087,768.01,0,162.893,0,91.8902,121.96,58.6274,1053.95,0,2.92407,79.9349,2110.86,935.049,490.372,
1.78,34.3312,4.53981,97.6159,71.4259,45.2701,48.5489,174.778,44.5954,107.841,39.4723,4.42168,43.2293,6.91887,36.9953,42.9254,90.2652,471.888,0,2.2288,0,0,2.31185,0,4.9045,19.6905,491.189,131.09,0,155.184,171.465,109.826,242.572,127.183,479.863,12.6463,54.413,144.629,1798.29,1606.22,923.235,61.9455,91.3487,40.2281,81.9941,40.4953,193.457,444.041,19.1935,39.3452,41.8371,60.5686,37.6768,92.7001,0.39967,12.8557,47.5159,534.103,0,0,0,0,0,0,9.98553,9.56234,437.293,770.244,0,159.06,0,91.5621,117.449,57.3685,1061.08,0,2.77317,80.4174,2101.42,924.305,486.503,
1.785,34.5984,4.54623,97.1829,71.9614,44.5796,46.138,173.231,43.0668,107.756,39.2748,4.37378,44.6417,7.9103,0,44.59,93.1325,474.746,0,2.86081,0,0,2.06286,0,4.94006,20.0592,493.581,131.212,0,155.134,173.426,112.242,240.678,125.282,475.882,12.347,55.2905,0,1770.49,1606.93,925.603,62.2138,91.0313,39.9756,82.5655,40.8095,191.469,443.025,18.5384,39.5326,41.7404,60.9757,39.1765,96.3926,0.990442,12.8505,47.9576,536.917,0,0,0,0,0,0,10.0453,9.61827,439.677,773.119,0,157.662,0,91.5114,113.501,56.4162,1074.7,0,2.63027,81.0365,2067.46,916.2,482.739,
1.79,34.8499,4.56417,95.6622,72.0771,43.5836,43.085,170.228,41.1894,107.692,39.1192,4.29751,46.1453,8.95038,47.8681,46.4929,96.4567,477.661,0,3.69485,0,0,1.81304,0,4.9709,20.0481,497.069,131.867,0,152.559,176.223,114.961,236.735,122.738,472.616,12.1385,56.3376,152.261,1723.49,1608.07,928.109,62.1107,89.5235,40.9809,83.1194,40.1497,184.118,442.568,18.1363,39.7312,41.6555,61.3989,40.7296,99.6534,1.89503,12.9345,48.7781,539.943,0,0,0,0,0,0,10.1059,9.70646,442.029,775.316,0,152.646,0,91.7285,110.364,55.847,1084.93,0,2.49367,81.9548,2064.47,912.254,479.425,
1.795,35.0754,4.50001,94.666,72.2707,42.5546,39.973,165.874,39.095,107.651,39.0054,4.22185,47.6756,9.42087,0,48.6675,100.28,480.638,0,5.30494,0,0,1.56461,0,4.99802,21.4571,499.168,130.69,0,156.262,179.771,117.828,230.959,119.772,470.034,11.9976,57.5071,0,1679.13,1609.51,930.694,62.3328,88.0701,39.6111,83.6414,40.0808,178.617,442.73,18.0136,39.941,41.5857,61.9221,42.3978,102.595,3.14292,13.0626,49.8213,543.122,0,0,0,0,0,0,10.1653,9.92082,444.933,778.491,0,151.937,0,92.1832,108.206,55.6839,1099.61,0,2.3641,82.9183,2023,913.216,476.883,
1.8,35.2849,4.4118,92.0127,71.8845,41.2008,36.5761,160.385,36.899,107.634,38.9306,4.06644,48.7224,9.64996,59.737,51.1404,104.651,483.681,0,5.9349,0,0,1.31727,0,5.01991,21.6621,502.193,130.435,0,155.599,183.936,120.708,223.648,116.558,468.299,11.8998,58.6792,147.296,1630.17,1611.11,933.323,62.0689,85.0175,38.8535,84.1234,38.676,165.888,443.547,18.1858,40.1641,41.5314,62.2226,43.9085,103.586,4.44087,13.1963,50.971,546.395,0,0,0,0,0,0,10.2224,10.1964,447.163,780.268,0,146.876,0,92.8333,107.157,55.9596,1110.44,0,2.24023,83.8795,2027.63,919.63,475.382,
1.805,35.4734,4.30725,89.7755,71.5182,39.8273,33.5227,154.056,34.7214,107.642,38.8889,3.94793,50.0582,10.2519,0,53.9094,109.6,486.799,0,7.78595,0,0,1.07342,0,5.03941,23.7987,504.343,129.385,0,163.292,188.561,123.485,215.232,113.306,467.294,11.823,59.7951,0,1575.97,1612.76,935.926,62.133,81.7983,38.272,84.5672,37.8444,154.905,445.037,18.6654,40.4001,41.4943,62.7495,45.6065,106.728,6.03226,13.3084,52.1611,549.7,0,0,0,0,0,0,10.2811,10.6563,449.957,783.535,0,146.875,0,93.6231,107.29,56.6886,1127.26,0,2.12163,84.9405,1981.02,931.335,475.284,
1.81,35.6513,4.25576,86.4871,70.7818,38.4838,32.1904,147.247,32.6631,107.677,38.8774,3.89375,51.04,10.0852,81.4602,56.9726,115.106,489.999,0,8.17069,0,0,0.829343,0,5.05524,25.1624,507.913,130.204,0,171.612,193.471,126.052,206.176,110.164,467.121,11.7463,60.7534,161.052,1583.06,1614.3,938.46,62.0063,77.6495,38.3724,84.9712,36.2611,141.058,447.224,19.4535,40.6499,41.475,63.1457,46.6688,105.108,6.96656,13.4071,53.37,552.993,0,0,0,0,0,0,10.338,11.274,452.587,786.293,0,147.839,0,94.4905,108.662,57.8939,1139.73,0,2.00761,86.6945,1978.12,947.927,476.707,
1.815,35.8084,4.20933,83.0619,69.9549,36.9098,29.7406,140.333,30.7926,107.741,38.8906,3.74559,52.2967,11.0267,0,60.245,121.079,493.283,0,10.6075,0,0,0.583085,0,5.0689,28.2723,510.264,129.442,0,184.027,198.48,128.312,196.97,107.28,467.629,11.6476,61.5068,0,1472.62,1615.62,940.869,61.8785,72.942,39.0066,85.3399,34.8247,125.916,450.118,20.5704,40.9146,41.4746,63.5071,48.2469,108.724,8.66325,13.5024,54.6214,556.25,0,0,0,0,0,0,10.4027,12.1357,455.483,789.819,0,150.44,0,95.379,111.304,59.5885,1157.47,0,1.8986,87.997,1938.94,969.048,479.793,
1.82,35.9763,4.24445,80.191,69.3247,36.1062,32.4111,133.671,29.1636,107.834,38.9242,3.85643,52.521,8.81219,96.9907,63.6358,127.346,496.646,0,9.0631,0,0,0.335883,0,5.08372,28.8491,514.104,131.436,0,194.142,203.381,130.177,188.035,104.74,468.859,11.5067,61.8462,162.016,1383.13,1616.58,943.108,62.2319,69.371,38.6843,85.6688,33.9927,119.56,453.712,22.0096,41.1956,41.4938,63.9381,47.4271,93.8445,7.24481,13.628,56.0012,559.461,0,0,0,0,0,0,10.459,13.1504,457.536,792.537,0,160.072,0,96.2309,115.208,61.7691,1163.25,0,1.79435,90.3733,1855.57,994.694,484.637,
1.825,36.1155,4.21687,76.3071,68.4444,34.7829,30.7468,127.5,27.7949,107.959,38.9737,3.66911,53.633,10.1976,0,66.9749,133.648,500.076,0,11.9855,0,0,0.0943279,0,5.09552,32.2275,515.759,129.497,0,206.518,207.976,131.605,179.675,102.584,470.607,11.3084,62.0646,0,1358.46,1617.09,945.131,61.9479,64.7818,38.9132,85.9609,32.5143,105.501,457.941,23.7491,41.4915,41.5329,64.1565,48.9715,98.2794,9.17961,13.826,57.6405,562.647,0,0,0,0,0,0,10.5244,14.3476,460.187,795.987,0,165.712,0,97.0099,120.294,64.4061,1182.07,0,1.69427,91.465,1873.31,1025.05,491.451,
1.83,36.2766,4.32294,74.1374,68.1282,34.8047,36.4087,121.965,26.6682,108.114,39.0372,3.89351,53.4979,8.03991,116.014,70.058,139.615,503.551,0,8.87481,0,0,0,0,5.11014,32.3983,519.671,132.178,0,218.56,212.1,132.592,172.127,100.798,472.891,11.0458,61.8449,173.915,1311.03,1617.04,946.898,62.6133,62.7387,38.9766,86.2187,32.4802,108.031,462.68,25.7378,41.804,41.592,64.6179,48.0623,85.9698,7.31416,14.1577,59.7216,565.863,0,0,10.2723,0,0,0,10.5756,15.5955,461.704,798.722,0,179.48,0,97.6933,126.421,67.4288,1189.45,0,1.59907,94.2185,1847.52,1060.31,500.267,
1.835,36.4072,4.37739,70.9746,67.6064,34.0479,35.389,117.127,25.7737,108.305,39.1161,3.76623,54.5546,9.76064,0,72.6413,144.84,507.027,0,12.8189,0,0,0,0,5.12418,36.6404,521.452,132.837,0,233.452,215.645,133.193,165.457,99.3627,475.508,10.7235,61.7313,0,1372.28,1616.35,948.363,62.322,59.6703,40.979,86.4576,31.615,99.792,467.74,27.8902,42.1329,41.6726,65.2396,48.968,82.256,9.47336,14.691,62.454,569.181,0,0,0,0,0,0,10.6433,17.0219,464.081,802.793,0,188.395,0,98.2845,133.373,70.7061,1211.48,0,1.50845,95.8702,1825.47,1100.82,511.342,
1.84,36.5618,4.51992,69.2058,67.5212,34.4958,40.9792,112.989,25.0796,108.53,39.2053,4.01458,54.285,8.4225,143.766,74.4925,148.897,510.46,0,8.35965,0,0,0,0,5.13899,34.013,525.053,137.371,0,234.549,218.593,133.507,159.676,98.2364,478.504,10.3538,61.2923,190.208,1305.23,1614.92,949.503,62.9091,58.7516,40.7643,86.6674,31.8129,104.854,472.879,30.0919,42.4795,41.7743,65.692,48.7418,84.3493,8.17959,15.4821,66.0462,572.694,0,0,0,0,0,0,10.6902,18.2807,464.849,804.206,0,199.543,0,98.8059,140.858,74.0768,1211.69,0,1.42147,98.6291,1895.9,1146.75,524.669,
1.845,36.6837,4.52287,66.5987,67.2528,33.9538,38.7258,109.523,24.556,108.788,39.31,3.75144,55.902,11.632,0,75.3803,151.385,513.79,0,12.8365,0,0,0,0,5.15346,38.3619,525.347,133.389,0,245.74,220.972,133.62,154.775,97.3827,481.663,9.95279,61.1944,0,1301.11,1612.7,950.292,62.6062,56.7403,41.1204,86.8533,31.3114,98.3506,477.8,32.214,42.8402,41.8959,66.2544,49.5157,82.3435,11.8222,16.5691,70.6404,576.495,0,0,0,0,0,0,10.7537,19.6591,467.452,808.467,0,205.139,0,99.3073,148.523,77.3515,1237.44,0,1.33928,99.3333,1711.1,1197.98,540.361,
1.85,36.8235,4.59969,66.7674,67.8798,34.7027,43.1612,106.701,24.1899,109.077,39.4302,4.03228,56.9217,9.01923,163.186,75.1566,151.962,516.954,0,7.76082,0,0,0,0,5.16836,34.2072,529.019,137.945,0,238.478,222.825,133.58,150.726,96.7856,485.085,9.531,60.9436,189.925,1104.9,1609.56,950.699,63.5543,57.9878,40.4046,87.0135,32.884,110.939,482.195,34.1072,43.2169,42.0388,67.0115,50.3113,87.3594,9.559,17.9627,76.2937,580.656,0,0,0,0,0,0,10.791,20.7264,468.564,810.133,0,214.911,0,99.8543,155.983,80.3317,1229.8,0,1.26035,101.649,1744.81,1253.86,558.49,
1.855,36.9297,4.50818,65.0815,68.0315,34.2245,39.2089,104.497,23.9817,109.398,39.5716,3.68621,58.8435,12.385,0,73.7275,150.393,519.891,0,11.7159,0,0,0,0,5.18093,38.0674,528.436,132.202,0,244.581,224.191,133.377,147.503,96.4196,488.573,9.09292,61.3442,0,1179.36,1605.55,950.712,63.129,57.6696,39.7365,87.1459,32.759,107.799,485.75,35.638,43.6065,42.2004,67.8102,50.6909,74.3098,13.7832,19.6068,82.9257,585.198,0,0,0,0,0,0,10.8423,21.8337,471.189,814.392,0,217.176,0.0219643,100.52,162.816,82.8152,1259,0,1.185,101.555,1497.11,1313.29,578.846,
1.86,37.0623,4.54393,66.3598,69.0403,35.062,42.707,102.903,23.9231,109.743,39.7357,4.00534,58.8497,11.1093,155.194,71.094,146.571,522.541,0,5.92731,0,0,0,0,5.19556,32.0951,532.194,136.787,0,228.459,225.067,132.958,145.105,96.3174,492.144,8.63645,61.8317,208.285,791.433,1600.65,950.33,64.0979,60.2795,39.6154,87.2571,34.7967,122.677,488.152,36.6632,44.01,42.383,68.5423,53.649,105.032,12.7334,21.407,90.3158,590.08,0,0,0,0,0,0,10.8633,22.4912,470.733,814.68,0,223.276,0.0045932,101.371,168.588,84.6071,1253.12,0,1.1134,103.311,1549.58,1374.7,601.186,
1.865,37.1604,4.51509,65.0129,69.2637,34.6305,38.5557,101.948,24.049,110.111,39.9241,3.61974,60.7789,14.4332,0,67.3634,140.571,524.86,0,8.49455,0,0,0,0,5.20772,35.2452,532.42,135.596,0,230.351,225.424,132.275,143.584,96.4871,495.704,8.15951,63.0168,0,1163.17,1594.86,949.58,63.4764,60.5763,41.1045,87.3564,34.3949,119.05,489.11,37.0641,44.4236,42.5822,69.2358,54.7568,67.8465,17.4539,23.2255,98.1281,595.198,0,0,0,0,0,0,10.8975,23.1115,473.961,818.87,0,219.583,0.0125327,102.467,172.858,85.5281,1287.95,0,1.04423,102.469,1347.29,1436.31,625.129,
1.87,37.2394,4.39594,62.6853,68.9861,33.4004,30.9689,101.702,24.3874,110.478,40.1319,3.18039,59.4176,20.7365,186.118,62.7265,132.659,526.804,0,5.11097,0,0,0,0,5.21162,25.4081,531.037,130.098,0,168.117,225.229,131.311,143.008,96.9889,498.975,7.66374,64.9575,266.984,1039.6,1588.25,948.46,62.903,58.4645,40.6258,87.4298,33.3485,104.055,488.369,36.7549,44.8457,42.7931,66.6144,63.951,196.251,24.9078,24.9139,105.94,600.381,0,0,0,0,0,0,10.9118,22.9584,471.63,813.401,0,191.927,0.0238386,103.841,175.197,85.4264,1294.72,0,0.977027,93.513,1380.58,1495.74,650.065,
1.875,37.3068,4.30206,60.7826,68.6972,31.8357,23.5511,102.271,25.0029,110.839,40.3583,2.88232,62.4389,24.2197,0,57.4881,123.299,528.362,0,5.46873,0,0,0,0,5.21246,28.2688,533.032,128.731,0,177.986,224.459,130.083,143.525,97.9002,501.982,7.15521,67.4231,0,888.374,1580.77,946.967,62.6974,55.615,41.3149,87.4915,32.6767,89.4702,485.73,35.6997,45.2708,43.0102,68.1587,67.068,149.45,29.5508,26.3411,113.301,605.428,0,0,0,0,0,0,10.9288,22.7014,475.566,818.669,0,176.796,0.0392759,105.499,175.213,84.1899,1338.91,0,0.911228,94.4557,1123.49,1550.16,675.16,
1.88,37.3736,4.21127,61.2164,69.1704,30.5108,18.2606,103.748,25.939,111.184,40.6089,2.78701,63.3611,23.5316,143.778,52.0076,113.112,529.525,0,1.46682,0,0,0,0,5.20987,18.5088,534.61,127.375,0,123.147,223.155,128.657,145.283,99.3004,504.69,6.64538,70.306,262.685,882.53,1572.58,945.167,63.2424,54.8707,40.8388,87.5398,33.845,89.5922,481.106,33.9272,45.698,43.2337,68.8589,68.1951,168.087,29.5884,27.385,119.764,610.128,0,0,0,0,0,0,10.9194,21.7725,473.307,816.705,0,156.178,0.0602365,107.417,172.635,81.7953,1316.45,0,0.847576,91.4683,787.58,1596.47,699.56,
1.885,37.4319,4.14088,61.8649,69.8362,29.2475,14.0556,106.214,27.2168,111.511,40.8842,2.67233,64.7505,25.2148,0,46.614,102.79,530.306,0,0.57504,0,0,0,0,5.2051,18.8874,535.748,125.755,0,122.556,221.431,127.123,148.382,101.226,507.041,6.14725,73.2995,0,932.38,1563.9,943.13,63.5133,55.1375,40.4993,87.5756,34.9622,92.313,474.559,31.5238,46.1266,43.4595,69.0266,71.109,179.197,32.1966,27.951,124.9,614.279,0,0,0,0,0,0,10.8999,20.6626,475.785,819.335,0,144.082,0.0885849,109.549,167.33,78.307,1344.13,0,0.786462,89.5077,1015.62,1630.98,722.15,
1.89,37.4969,4.09898,63.3841,70.8094,28.2219,11.1147,109.698,28.8487,111.8,41.1803,2.57177,62.3547,24.5263,83.5508,41.6549,92.9592,530.733,0,0,0,0,0,0,5.19458,8.00383,536.522,123.935,0,54.436,219.42,125.598,152.872,103.699,508.932,5.6747,76.2356,242.369,999.3,1554.91,940.957,63.9146,56.7374,40.2972,87.6007,36.565,100.08,466.337,28.6436,46.5492,43.6821,68.0675,70.5856,175.552,32.0488,27.9728,128.341,617.71,0,0,0,0,0,0,10.8505,18.885,469.037,813.757,0,124.29,0.126614,111.822,159.393,73.9001,1313.56,0,0.727931,83.3108,1084.33,1649.94,741.99,
1.895,37.5699,4.08861,64.0871,71.5149,27.231,8.8691,114.173,30.8106,112.049,41.4882,2.39701,61.8213,24.8986,0,37.3555,84.1409,530.852,0,0,0,0,0,0,5.18063,6.16003,537.909,122.928,0,43.3838,217.3,124.185,158.733,106.673,510.343,5.2391,78.962,0,921.17,1545.79,938.695,63.9136,58.1034,40.1619,87.6126,37.2369,103.983,456.896,25.5238,46.9653,43.8955,67.6009,71.7939,177.972,33.0079,27.44,129.834,620.287,0,0,0,0,0,0,10.7828,16.833,469.412,813.795,0,105.512,0.175367,114.143,149.212,68.8912,1321.25,0,0.671118,79.9719,966.249,1650.48,758.009,
1.9,37.6519,4.10927,64.3047,71.9433,26.3104,7.30917,119.526,33.0319,112.255,41.8028,2.32534,60.6059,24.243,50.4382,6.12348,76.6872,530.705,0,0,0,0,0,0,5.16464,3.31124,541.065,123.308,0,23.1335,215.232,122.968,165.812,110.061,511.445,4.84816,81.3388,220.801,957.443,1536.68,936.403,63.8742,58.8711,40.1131,87.6116,37.3874,104.349,446.887,22.4118,47.3746,44.0962,66.9568,71.2854,174.51,32.5688,26.3886,129.279,621.931,0,0,0,0,0,0.54986,10.6989,14.6391,467.429,812.027,0,87.5137,0.234242,116.424,137.439,63.6834,1312.03,0,0.617266,77.2855,893.277,1630.58,769.209,
1.905,37.7426,4.16446,63.5306,71.918,25.3461,5.98107,125.558,35.3945,112.401,42.1132,2.14364,57.8284,24.0135,4.53122,13.633,70.7486,530.34,0,0,0,0,0,0,5.14563,2.70624,542.617,123.34,0,21.2337,213.386,122.013,173.873,113.715,512.157,4.50642,83.1491,0,885.835,1527.64,934.128,63.61,58.3785,40.1799,87.5979,36.7044,98.7275,437.034,19.5367,47.7689,44.2762,65.1175,70.779,172.894,32.6739,24.9288,126.796,622.629,0,0,0,0,0,0,10.6028,12.4343,465.09,810.458,0,68.9274,0.300229,118.57,124.928,58.73,1306.01,0,0.565869,73.3265,988.727,1589.58,774.795,
1.91,37.8474,4.25059,62.1272,71.5419,24.4288,5.39854,131.998,37.7698,112.501,42.4101,2.06422,56.603,23.1885,7.15465,10.5934,66.2841,529.812,0,0,0,0,0,0,5.126,3.56002,546.006,124.603,0,29.0942,211.901,121.355,182.56,117.417,512.609,4.21495,84.2146,199.711,945.639,1518.77,931.871,63.3855,56.7813,40.2022,87.5706,35.6069,89.6216,428.029,17.1058,48.1529,44.4336,64.3743,69.8301,168.475,31.91,23.2072,122.716,622.429,0,0,0,0,0,0,10.5007,10.4614,465.429,810.795,0,56.6505,0.370117,120.506,112.655,54.3873,1302.97,0,0.517037,71.924,1066.94,1528.54,774.203,
1.915,37.971,4.39687,59.8281,70.7639,23.4664,4.99688,138.52,39.9948,112.537,42.6829,1.91424,54.0175,23.1127,8.37417,15.8503,63.1025,529.156,0,0,0,0,0,0,5.10454,4.52368,548.355,126.112,0,38.2347,210.864,120.993,191.455,120.927,512.727,3.97181,84.4644,0,889.594,1510.04,929.641,63.0211,53.7645,41.2345,87.5377,33.9646,75.6648,420.449,15.2445,48.5192,44.5596,62.2791,68.7175,166.211,31.9707,21.3943,117.594,621.465,0,0,0,0,0,0,10.3957,8.69388,464.734,810.722,0,43.4672,0.44007,122.172,101.597,50.9388,1300.18,0,0.470557,69.4852,1079.1,1449.74,767.257,
1.92,38.1078,4.55423,57.4056,69.8746,22.5935,5.13906,144.776,41.9127,112.524,42.9246,1.84032,52.3561,22.304,9.64793,22.8395,60.9395,528.413,0,0,0,0,0,0,5.08476,6.12043,551.37,127.612,0,49.9657,210.321,120.873,200.087,124.02,512.591,3.77069,83.9194,192.109,933.944,1501.45,927.407,62.8487,50.2282,41.2416,87.4949,32.4852,62.0263,414.674,14.0288,48.8711,44.6542,61.1492,67.453,161.74,31.133,19.6762,112.096,619.919,0,0,0,0,0,0,10.2904,7.23952,465.811,811.959,0,36.8729,0.507145,123.532,92.5588,48.5477,1299.82,0,0.426657,68.5071,1133.22,1357.24,753.916,
1.925,38.2621,4.75212,55.0637,69.0158,21.8424,5.69152,150.43,43.3838,112.459,43.1308,1.80052,50.4771,21.9269,10.2198,22.9071,59.5261,527.608,0,0,0,0,0,0,5.06468,7.33807,554.415,129.587,0,60.5781,210.228,120.874,207.973,126.475,512.171,3.60137,82.6494,0,959.312,1492.88,925.152,62.7565,46.6342,42.1681,87.4522,31.2748,50.0256,410.887,13.4969,49.205,44.712,59.6827,65.9061,158.443,30.693,18.1864,106.883,618.021,0,0,0,0,0,0,10.1875,6.03232,466.54,813.175,0,32.4656,0.568953,124.568,86.1296,47.2753,1297.29,0,0.385508,67.4335,1173.24,1256.73,734.837,
1.93,38.4329,5.01232,52.8811,68.2557,21.2904,6.95181,155.176,44.3115,112.351,43.2979,1.80665,49.2785,21.9386,11.3992,22.8392,58.623,526.761,0,0,0,0,0,0,5.04742,8.40333,557.975,132.275,0,69.4108,210.458,120.842,214.669,128.119,511.54,3.45178,80.7954,190.23,997.706,1484.28,922.803,62.7395,43.3449,43.709,87.4164,30.3276,41.2844,409.105,13.6368,49.5225,44.7324,58.4711,64.5715,156.097,30.5712,17.0268,102.533,616.022,0,0,0,0,0,0,10.0902,5.10431,467.965,815.141,0,32.09,0.624187,125.282,82.5684,47.1294,1299.68,0,0.347136,67.1848,1207.5,1156.62,710.708,
1.935,38.6191,5.40317,51.0721,67.6667,20.9154,8.45106,158.746,44.6237,112.207,43.4247,1.86152,48.8009,22.9676,13.7225,22.7212,58.0619,525.888,0,0,0,0,0,0,5.03196,9.5124,562.075,135.93,0,78.0621,210.836,120.621,219.794,128.848,510.693,3.31005,78.4515,0,1021.19,1475.49,920.34,62.7537,40.487,47.6558,87.4108,29.6899,35.6081,409.231,14.4199,49.8221,44.715,57.461,63.014,155.871,31.44,16.2386,99.4334,614.152,0,0,0,0,0,0,10.0051,4.41921,469.807,817.494,0,32.9332,0.671848,125.692,81.8894,48.0652,1300.11,0,0.311877,67.2164,1248.61,1065.94,683.088,
1.94,38.8187,5.70619,49.2606,67.1757,20.6944,10.0025,160.936,44.3059,112.029,43.5105,1.86984,48.1204,22.5318,14.8706,22.6226,57.7374,524.997,0,0,0,0,0,0,5.01792,10.1553,564.792,137.384,0,82.4045,211.154,120.082,223.039,128.613,509.708,3.16808,75.9225,197.773,1051.25,1466.48,917.72,62.8127,38.1932,47.1426,87.4105,29.2059,31.7217,411.106,15.7944,50.1027,44.6573,56.6383,62.0322,153.687,30.8842,15.8124,97.7799,612.61,0,0,0,0,0,0,9.92553,3.97378,471.529,819.689,0,36.2356,0.712219,125.832,83.9094,50.0092,1306.78,0,0.279699,67.5905,1277.96,991.964,653.622,
1.945,39.0306,6.09457,47.8435,66.8444,20.6072,11.4515,161.599,43.3896,111.835,43.5597,1.92865,48.1339,23.697,18.0256,22.5896,57.613,524.094,0,0,0,0,0,0,5.00764,11.9552,568.828,140.377,0,92.0102,211.204,119.148,224.178,127.422,508.587,3.02074,73.294,0,1062.67,1457.18,914.932,62.8771,36.3748,50.1454,87.4421,28.9571,29.813,414.524,17.6988,50.3682,44.5642,56.0702,61.0955,154.465,31.8719,15.7072,97.56,611.54,0,0,0,0,0,0,9.86176,3.78906,474.314,822.649,0,41.2818,0.745082,125.74,88.333,52.8532,1312.41,0,0.250642,68.3118,1301.96,938.952,624.318,
1.95,39.2483,6.42897,46.4965,66.5952,20.6539,12.9833,160.677,41.9652,111.627,43.5738,1.95761,48.465,24.2559,22.3853,22.6394,57.7129,523.186,0,0,0,0,0,0,4.99865,13.3024,572.052,142.152,0,99.3865,210.835,117.792,223.117,125.381,507.362,2.86773,70.8106,218.948,1081.93,1447.61,911.967,62.9604,35.0367,50.64,87.4912,28.7747,29.1215,419.226,20.0311,50.617,44.4359,55.7052,60.625,155.554,32.2348,15.8374,98.5899,611.006,0,0,0,0,0,0,9.80958,3.85946,477.231,825.767,0,48.5092,0.770941,125.465,94.7819,56.4538,1322.99,0,0.224765,69.3233,1315.67,907.556,596.935,
1.955,39.4742,6.81255,45.4302,66.444,20.81,14.484,158.211,40.1513,111.418,43.5586,2.00923,48.8896,25.4101,26.521,22.8325,58.1144,522.285,0,0,0,0,0,0,4.99292,14.9433,575.829,144.529,0,108.196,209.937,116.039,219.915,122.649,506.021,2.71156,68.5292,0,1089.54,1437.85,908.891,63.0451,34.0474,53.1082,87.5733,28.714,29.5488,424.875,22.6599,50.8515,44.2777,55.4603,60.2474,157.086,33.228,16.1241,100.599,611.016,0,0,0,0,0,0,9.77275,4.15445,480.032,828.822,0,56.1774,0.790111,125.043,102.824,60.6134,1331.38,0,0.202076,70.3028,1324.07,896.206,573.073,
1.96,39.6973,7.03972,44.2598,66.3056,20.9682,15.3409,154.356,38.1075,111.21,43.5188,1.98221,48.9016,24.9881,29.4694,23.2249,58.9422,521.4,0,0,0,0,0,0,4.98911,15.9107,578.139,143.787,0,112.144,208.472,113.964,214.789,119.458,504.601,2.55817,66.6496,225.815,1079.26,1428.06,905.724,63.1259,33.3386,51.3433,87.6593,28.6321,29.5635,431.09,25.4186,51.0705,44.0913,55.2933,60.2487,156.565,32.7556,16.4966,103.293,611.52,0,0,0,0,0,0,9.74431,4.62524,482.468,831.343,0,63.5316,0.803072,124.512,111.965,65.0832,1342.4,0,0.182281,71.1183,1305.01,902.124,553.841,
1.965,39.9209,7.27888,43.3081,66.2193,21.1447,15.9574,149.364,35.9767,111.013,43.461,1.9931,49.4755,25.8148,34.424,23.8709,60.3306,520.551,0,0,0,0,0,0,4.9885,19.1567,581.656,145.073,0,126.192,206.48,111.679,208.102,116.033,503.038,2.41353,65.031,0,1066.18,1418.35,902.548,63.2,32.8049,52.3274,87.7654,28.6198,29.8557,437.419,28.1098,51.2796,43.885,55.2849,60.4591,158.094,33.395,16.8841,106.391,612.439,0,0,0,0,0,0,9.73196,5.37038,485.64,834.696,0,73.384,0.810153,123.903,121.67,69.5704,1354.27,0,0.165362,72.317,1288.13,921.661,539.56,
1.97,40.1378,7.39898,42.2833,66.1238,21.3357,16.4759,143.576,33.9056,110.829,43.388,1.94439,49.4073,25.2039,38.6998,24.8225,62.3731,519.755,0,0,0,0,0,0,4.98817,20.3018,583.902,143.664,0,132.627,204.053,109.314,200.302,112.608,501.31,2.28303,63.7497,235.495,1063.28,1408.93,899.445,63.2881,32.486,50.4164,87.8678,28.5754,30.1515,443.422,30.5403,51.4768,43.6608,55.2725,60.7249,157.101,32.6401,17.2432,109.651,613.67,0,0,0,0,0,0,9.72701,6.2718,488.292,837.362,0,83.0957,0.811851,123.231,131.398,73.7548,1365.11,0,0.150936,73.1525,1258.89,950.453,530.325,
1.975,40.3418,7.46012,41.3056,66.0313,21.5149,16.7953,137.363,31.9824,110.661,43.305,1.89793,49.5458,24.9023,43.3594,26.0696,65.0907,519.034,0,0,0,0,0,0,4.98904,22.9553,586.527,142.822,0,144.466,201.336,107.004,191.914,109.359,499.357,2.17189,62.6802,0,1048.12,1399.95,896.486,63.3687,32.2994,49.0551,87.9661,28.5407,30.3483,448.659,32.5222,51.6653,43.4246,55.2976,61.0703,156.862,32.1515,17.542,112.887,615.114,0,0,0,0,0,0,9.7319,7.34415,490.696,840.033,0,93.4501,0.80875,122.508,140.63,77.3475,1376.25,0,0.138933,74.0363,1220,984.337,525.519,
1.98,40.5368,7.44174,40.2912,65.9203,21.7195,17.2629,131.111,30.2897,110.503,43.2128,1.81727,48.8798,23.9065,44.9873,27.5505,68.418,518.412,0,0,0,0,0,0,4.99118,23.3291,588.443,140.887,0,147.493,198.489,104.844,183.427,106.436,497.155,2.08204,61.8494,228.622,1049.18,1391.51,893.7,63.4597,32.2832,46.6238,88.047,28.4818,30.7314,452.734,33.9038,51.8465,43.1785,55.2022,61.442,154.889,31.0346,17.7667,115.945,616.679,0,0,0,0,0,0,9.73834,8.43318,492.099,841.686,0,102.109,0.801547,121.738,148.838,80.1141,1385.42,0,0.129004,74.374,1184.43,1019.42,524.542,
1.985,40.7208,7.41742,39.362,65.814,21.9036,17.5346,125.143,28.8684,110.358,43.1144,1.75222,48.6267,23.545,48.4545,29.196,72.2157,517.901,0,0,0,0,0,0,4.99325,25.2563,590.936,139.732,0,156.064,195.634,102.863,175.28,103.894,494.628,2.0124,61.1468,0,1027.22,1383.71,891.115,63.5316,32.3252,45.729,88.1164,28.4473,30.9976,455.273,34.5574,52.0205,42.9274,55.1498,61.8063,154.15,30.4986,17.9066,118.739,618.28,0,0,0,0,0,0,9.75051,9.55746,493.731,843.639,0,110.222,0.790266,120.924,155.514,81.8363,1394.2,0,0.120845,74.7476,1131.91,1052.46,526.369,
1.99,40.8892,7.35141,38.4149,65.6928,22.1115,17.996,119.709,27.7318,110.22,43.0082,1.66695,47.768,22.6727,48.8014,30.9142,76.3041,517.508,0,0,0,0,0,0,4.99506,24.9936,592.775,138.14,0,155.893,192.854,101.022,167.802,101.789,491.774,1.95897,60.5637,226.928,1032.07,1376.5,888.732,63.6127,32.4773,43.7968,88.1633,28.3985,31.4285,455.935,34.3949,52.1874,42.6706,54.9733,62.1799,152.353,29.506,17.9648,121.205,619.853,0,0,0,0,0,0,9.76105,10.5867,494.357,844.633,0,116.146,0.775909,120.068,160.138,82.3338,1401.38,0,0.114248,74.7059,1101.58,1080.86,530.073,
1.995,41.0507,7.35555,37.6571,65.5986,22.2961,18.2414,114.979,26.8744,110.088,42.8962,1.61216,47.5332,23.0504,51.4683,32.578,80.4615,517.235,0,0,0,0,0,0,4.99666,25.8147,595.464,138.009,0,159.213,190.165,99.2611,161.217,100.132,488.561,1.91745,60.0052,0,1001.73,1369.84,886.539,63.667,32.6057,44.7731,88.2049,28.4042,31.8011,454.439,33.3922,52.3459,42.411,54.8119,62.5,152.792,29.7418,17.9478,123.341,621.357,0,0,0,0,0,0,9.77595,11.5357,495.321,845.98,0,120.592,0.758404,119.18,162.236,81.4729,1407.58,0,0.10897,74.6069,1044.26,1102.58,534.706,
2,41.1947,7.32504,36.8697,65.4941,22.4961,18.6377,111.039,26.2772,109.96,42.777,1.54414,46.9535,22.636,51.2085,34.0823,84.4493,517.078,0,0,0,0,0,0,4.99696,25.1945,597.339,137.333,0,156.48,187.557,97.5347,155.654,98.9009,485.029,1.88399,59.479,231.64,1012.97,1363.57,884.461,63.7364,32.7993,43.5459,88.2283,28.3902,32.2382,450.595,31.5821,52.4975,42.1486,54.6306,62.8906,152.335,29.2402,17.8745,125.156,622.756,0,0,0,0,0,0,9.78757,12.3357,495.508,846.624,0,123.351,0.739034,118.268,161.399,79.1971,1413.75,0,0.10482,74.4718,1030.77,1116.5,539.494,
2.005,41.3271,7.4114,36.3363,65.4268,22.7442,19.3285,107.913,25.9216,109.833,42.6497,1.50992,46.8234,23.6199,53.2795,35.335,88.0184,517.017,0,0,0,0,0,0,4.99852,25.5784,599.987,138.345,0,158.228,185.02,95.8411,151.171,98.0541,481.149,1.85574,58.8485,0,999.102,1357.58,882.439,63.7858,33.0009,45.8075,88.2564,28.4446,33.2801,444.386,29.0745,52.6403,41.8829,54.3679,63.1731,153.954,30.128,17.7573,126.674,624.035,0,0,0,0,0,0,9.803,13.0284,495.971,847.671,0,125.801,0.718369,117.348,157.38,75.5537,1419.25,0,0.10155,74.1607,979.271,1121.97,543.634,
2.01,41.452,7.51,35.8423,65.3653,23.0278,20.1563,105.578,25.7754,109.703,42.5145,1.47141,46.6304,24.417,53.383,36.2371,90.9443,517.032,0,0,0,0,0,0,4.99782,24.6287,602.101,139.349,0,154.065,182.556,94.215,147.76,97.5709,476.961,1.83235,58.2267,252.491,1002.85,1351.65,880.396,63.8465,33.2316,46.5643,88.2842,28.4892,34.489,436.021,26.0559,52.7743,41.614,54.1211,63.5523,156.267,30.8427,17.5965,127.885,625.178,0,0,0,0,0,0,9.81703,13.5672,495.876,848.226,0,126.899,0.696434,116.434,150.169,70.7451,1424.77,0,0.0988871,73.8302,961.921,1118.87,546.639,
2.015,41.5655,7.69946,35.5671,65.3391,23.3136,20.84,104.003,25.8187,109.571,42.3715,1.45358,46.7564,25.9404,53.7235,36.7166,93.0159,517.097,0,0,0,0,0,0,4.99732,22.9332,604.638,141.078,0,145.86,180.198,92.7165,145.386,97.4149,472.52,1.8135,57.633,0,979.599,1345.57,878.262,63.8788,33.3987,49.4248,88.3288,28.5864,35.7133,425.984,22.7756,52.8987,41.3414,53.7898,63.8728,159.336,32.4111,17.387,128.767,626.157,0,0,0,0,0,0,9.8319,13.8878,495.409,848.426,0,124.833,0.674535,115.543,140.097,65.1247,1427.42,0,0.0968173,73.0864,920.082,1107.92,548.104,
2.02,41.6731,7.93696,35.4309,65.3396,23.6104,21.5077,103.117,26.0185,109.434,42.2233,1.45069,47.025,27.7002,52.9959,36.7471,94.1129,517.18,0,0,0,0,0,0.156435,4.99624,20.8608,607.112,143.258,0,135.171,178.009,91.4225,143.971,97.5148,467.884,1.80017,57.163,275.362,975.413,1339.26,875.965,63.9181,33.5283,52.1737,88.396,28.7077,37.0708,414.975,19.4764,53.0134,41.0652,53.4501,64.1466,163.549,34.2031,17.1251,129.297,626.965,0,0,0,0,0,0,9.84571,13.9734,494.682,848.322,0,120.599,0.652623,114.689,127.737,59.1648,1429.08,0,0.0951573,72.3316,905.356,1089.99,547.683,
2.025,41.7749,8.28176,35.5413,65.3819,23.9602,22.4218,102.824,26.3243,109.293,42.0688,1.47913,47.5731,29.8671,53.1935,36.37,94.2162,517.255,0,0,0,0,0,0,4.99619,19.2943,609.805,146.192,0,127.222,176.068,90.4232,143.379,97.8229,463.107,1.79278,56.6323,0,977.575,1332.56,873.484,63.9468,33.623,56.507,88.5035,28.8771,38.8566,403.799,16.3759,53.1179,40.7845,53.0628,64.1943,168.024,36.4771,16.8202,129.469,627.581,0,0,0,0,0,0,9.86267,13.8658,493.948,848.381,0,115.58,0.631152,113.881,113.925,53.3322,1429.51,0,0.0936064,71.6271,903.487,1066.44,545.347,
2.03,41.8633,8.45958,35.4164,65.3807,24.169,22.2929,102.989,26.6791,109.143,41.9081,1.44119,47.4875,29.7819,49.7636,35.6513,93.4257,517.3,0,0,0,0,0,0,4.99309,16.9976,610.716,145.873,0,112.983,174.497,89.8213,143.435,98.2545,458.306,1.79431,56.1627,266.263,954.489,1325.51,870.802,63.9578,33.612,55.5043,88.6167,28.9463,38.8871,393.234,13.6333,53.2106,40.497,52.7166,64.3889,168.903,36.6664,16.4799,129.296,628.001,0,0,0,0,0,0,9.87161,13.5429,492.733,847.485,0,108.122,0.610522,113.132,99.6329,47.9921,1429.2,0,0.0921472,70.7135,895.611,1038.71,541.078,
2.035,41.9379,8.54618,35.2719,65.3609,24.2041,21.2027,103.462,27.022,108.981,41.7428,1.38982,47.4355,30.3449,46.9084,34.6883,91.9269,517.295,0,0,0,0,0,0,4.98861,14.1657,611.977,146.096,0,95.7702,173.43,89.7233,143.936,98.7161,453.57,1.80705,55.804,0,905.874,1318.07,867.929,63.9397,33.4287,54.8737,88.7368,28.9955,37.4853,383.876,11.338,53.2903,40.2005,52.2425,64.4639,171.267,37.3454,16.1144,128.824,628.226,0,0,0,0,0,0,9.87213,12.9665,491.075,846.151,0,97.1432,0.591075,112.446,85.8452,43.3928,1425.38,0,0.090553,69.1699,856.946,1007.96,534.931,
2.04,42.0053,8.62847,35.2177,65.3486,24.0486,19.3036,104.087,27.3073,108.804,41.5755,1.34304,47.3746,31.2038,43.2794,33.6186,89.9704,517.237,0,0,0,0,0,0,4.97982,10.5257,613.573,146.113,0,73.5331,173.009,90.2003,144.684,99.116,448.949,1.83345,55.7219,259.343,838.356,1310.35,864.921,63.911,33.0309,55.9998,88.8708,29.0619,35.1484,376.043,9.49543,53.3565,39.8941,51.6349,64.399,173.69,38.4185,15.7443,128.128,628.278,0,0,0,0,0,0,9.86553,12.099,489.006,844.409,0,82.017,0.572361,111.825,73.3469,39.6053,1418.79,0,0.0888603,67.0303,798.144,974.931,527.05,
2.045,42.0672,8.87053,35.4944,65.3958,23.8731,17.9712,104.72,27.4867,108.614,41.4088,1.36778,47.8855,33.3192,42.2774,32.5432,87.8019,517.123,0,0,0,0,0,0,4.9712,8.69899,616.228,148.097,0,63.1401,173.343,91.2501,145.468,99.3888,444.502,1.87442,55.7797,0,837.589,1302.47,861.811,63.9008,32.5515,60.8762,89.049,29.2155,33.8942,369.805,8.09352,53.4109,39.5779,51.0877,64.0766,177.922,40.7078,15.3861,127.292,628.175,0,0,0,0,0,0,9.86055,11.0703,487.959,843.84,0,68.8187,0.554914,111.271,62.6875,36.6395,1413.64,0,0.0869906,65.5952,805.663,940.371,517.509,
2.05,42.1285,9.11216,35.7515,65.4405,23.8546,18.1808,105.235,27.5399,108.41,41.2442,1.39404,48.0233,34.6711,37.4627,31.5317,85.6394,516.957,0,0,3.41764,0,0,0,4.96184,6.1518,617.819,151.119,0,51.2886,174.466,92.762,146.105,99.4923,440.251,1.92762,55.9856,290.612,892.184,1294.54,858.665,63.9603,32.3041,62.8259,89.2549,29.3301,34.5311,365.047,7.06435,53.4502,39.2504,50.5455,64.003,181.315,42.1385,15.0487,126.391,627.947,0,0,0,0,0,0,9.84857,9.92942,485.47,842.996,0,59.6078,0.538022,110.779,54.0767,34.4263,1413.68,0,0.0848824,64.5566,845.287,904.251,506.477,
2.055,42.1872,9.35626,36.072,65.4988,23.7059,17.427,105.527,27.4371,108.194,41.0852,1.41429,48.6459,36.11,37.0796,30.641,83.6426,516.747,0,0,0,0,0,0,4.95051,4.65526,619.571,152.518,0,39.6276,176.323,94.5347,146.466,99.3751,436.285,1.98775,56.2978,0,834.411,1286.7,855.539,63.948,31.9231,65.0721,89.4946,29.4567,34.0196,361.561,6.35822,53.4786,38.9137,50.1082,63.8371,184.894,43.7205,14.7321,125.439,627.625,0,0,0,0,0,0,9.83636,8.74914,485.094,842.605,0,49.4892,0.522213,110.352,47.4832,32.86,1410.09,0,0.0824572,63.5458,830.793,867.107,494.142,
2.06,42.2383,9.49064,36.2554,65.5319,23.4369,16.0219,105.494,27.1807,107.966,40.9344,1.39901,49.0282,36.418,35.3674,29.893,81.9005,516.507,0,0,0,0,0,0,4.93981,3.62248,620.416,152.254,0,31.0652,178.752,96.3271,146.407,99.0366,432.644,2.04754,56.739,279.184,814.923,1279.04,852.463,63.9364,31.4636,64.7759,89.7496,29.5235,32.4178,359.115,5.91793,53.4928,38.5667,49.7711,63.8262,186.734,44.2303,14.4195,124.4,627.217,0,0,0,0,0,0,9.82078,7.59177,484.8,842.226,0,40.6094,0.506604,109.991,42.709,31.8358,1409.1,0,0.0797174,62.6492,810.835,829.405,480.623,
2.065,42.2889,9.62427,36.5121,65.5697,23.1334,14.7483,105.056,26.7555,107.731,40.7933,1.40618,49.5131,37.2974,34.0912,29.2529,80.4172,516.248,0,0,0,0,0,0,4.92778,2.50489,621.781,153.128,0,24.274,181.514,97.9215,145.827,98.4325,429.357,2.09795,57.2261,0,808.745,1271.6,849.459,63.9341,30.9883,65.777,90.0274,29.5979,30.9359,357.491,5.6869,53.495,38.2114,49.4724,63.7567,189.337,45.2352,14.0825,123.17,626.711,0,0,0,0,0,0,9.80409,6.47429,484.338,842.043,0,32.8067,0.491528,109.694,39.4813,31.2378,1407.31,0,0.0766692,61.9195,815.37,791.935,466.103,
2.07,42.3296,9.64885,36.6086,65.5772,22.7309,13.0981,104.168,26.1786,107.488,40.6636,1.38156,49.7277,37.0071,32.6616,28.6934,79.1202,515.975,0,0,0,0,0,0,4.91667,2.31378,622.349,152.19,0,21.1884,184.356,99.1555,144.646,97.5933,426.451,2.13211,57.7792,272.952,782.626,1264.37,846.534,63.9352,30.4986,64.4314,90.3072,29.6126,28.7425,356.512,5.61182,53.4848,37.8485,49.282,63.85,189.953,45.1005,13.6996,121.594,626.082,0,0,0,0,0,0,9.7842,5.46838,484.666,842.116,0,27.3659,0.476415,109.459,37.517,30.9755,1407.92,0,0.0733585,61.4464,800.715,755.825,450.933,
2.075,42.3764,9.74262,36.8657,65.6072,22.3468,11.9546,102.813,25.4654,107.241,40.5454,1.39422,50.2734,37.883,32.4472,28.1309,77.8859,515.695,0,0,0,0,0,0,4.90559,1.54141,623.754,153.081,0,16.8936,187.031,99.9354,142.837,96.5298,423.91,2.14515,58.2337,0,788.755,1257.3,843.658,63.9395,30.0372,66.0236,90.6071,29.6751,27.2699,356.03,5.66719,53.4635,37.4793,49.0976,63.7595,192.242,46.056,13.2449,119.5,625.287,0,0,0,0,0,0,9.76656,4.56084,484.635,842.381,0,22.859,0.461147,109.278,36.5603,30.9709,1406.88,0,0.0698188,61.0852,813.975,722.36,435.524,
2.08,42.4201,9.71747,36.8937,65.599,21.9213,10.6974,101.022,24.653,106.99,40.4368,1.35125,50.1291,37.0347,30.97,27.5228,76.5719,515.411,0,0,0,0,0,0,4.8944,1.53255,623.678,151.599,0,15.4543,189.34,100.229,140.446,95.3015,421.719,2.13451,58.5817,265.955,774.246,1250.28,840.795,63.9515,29.6324,64.0267,90.8991,29.6604,25.3188,355.931,5.81808,53.4302,37.1037,48.9224,63.8191,191.425,45.3172,12.6986,116.732,624.267,0,0,0,0,0,0,9.74525,3.79511,484.814,842.526,0,20.6404,0.445675,109.137,36.4053,31.1738,1408.35,0,0.0660799,60.7138,792.63,692.721,420.114,
2.085,42.4667,9.71549,36.9867,65.5957,21.533,9.87085,98.8669,23.7951,106.737,40.3355,1.33425,50.2521,37.1299,30.3802,26.8085,75.0488,515.111,0,0,0,0,0,0,4.88309,1.0813,624.526,151.749,0,12.8201,191.112,100.035,137.559,93.9636,419.817,2.09976,58.703,0,784.628,1243.19,837.878,63.9677,29.3007,63.9158,91.1915,29.6639,23.931,356.124,6.04521,53.3849,36.7224,48.6795,63.6139,192.204,45.3633,12.0585,113.182,622.979,0,0,0,0,0,0,9.72383,3.14039,484.651,842.665,0,18.8471,0.429753,109.012,36.8696,31.5212,1407.15,0,0.0620743,60.3404,807.169,667.473,405.075,
2.09,42.5113,9.6524,36.9492,65.5725,21.1419,9.03709,96.4678,22.945,106.481,40.2389,1.29393,49.8308,36.0898,29.0631,25.9797,73.225,514.795,0,0,0,0,0,0,4.87438,1.01532,624.683,150.281,0,11.6226,192.241,99.3697,134.342,92.6144,418.172,2.04232,58.6456,250.388,782.398,1235.82,834.853,63.9919,29.0354,62.1931,91.4706,29.6342,22.4018,356.531,6.32302,53.329,36.335,48.4339,63.4025,190.216,44.3114,11.3268,108.799,621.377,0,0,0,0,0,0,9.69998,2.60266,484.782,842.746,0,18.0238,0.413333,108.88,37.7988,31.9721,1406.53,0,0.0578731,59.9776,808.755,647.395,390.847,
2.095,42.5594,9.64977,37.0152,65.569,20.8102,8.5845,93.9735,22.1547,106.223,40.1434,1.2734,49.4914,35.9288,28.6717,25.0221,71.0728,514.447,0,0,0,0,0,0,4.86556,0.729883,625.408,150.087,0,10.257,192.636,98.2645,130.979,91.3412,416.685,1.96498,58.2942,0,782.33,1228.05,831.634,64.0132,28.8287,62.6933,91.7464,29.6391,21.5199,357.075,6.62183,53.2609,35.9416,47.9877,62.7591,189.578,44.044,10.5184,103.597,619.432,0,0,0,0,0,0,9.67719,2.1507,484.544,842.809,0,17.091,0.396434,108.707,39.0508,32.4896,1402.8,0,0.0536155,59.2964,805.063,632.24,377.649,
2.1,42.6112,9.62809,37.0064,65.5592,20.5009,8.1515,91.5635,21.4752,105.96,40.0462,1.23689,48.8641,35.1543,28.0669,23.9739,68.6318,514.062,0,0,0,0,0,0,4.85778,0.725658,625.635,149.028,0,9.7099,192.289,96.8135,127.699,90.2313,415.295,1.87307,57.7247,241.702,778.175,1219.71,828.167,64.0393,28.6729,61.9828,92.0097,29.626,20.6338,357.673,6.92496,53.1824,35.5411,47.5839,62.2186,187.447,43.1584,9.65953,97.6954,617.145,0,0,0,0,0,0,9.65358,1.79394,484.729,842.997,0,17.0362,0.379204,108.465,40.4976,33.0326,1401.22,0,0.049227,58.7346,797.197,621.848,365.852,
2.105,42.6661,9.62447,37.0143,65.5572,20.2332,7.85924,89.4297,20.9726,105.694,39.9437,1.19928,48.0154,34.538,27.399,22.8644,65.994,513.631,0,0,0,0,0,0,4.85079,0.553505,625.916,148.264,0,8.65749,191.268,95.1706,124.753,89.3827,413.913,1.77336,56.8558,0,773.557,1210.64,824.413,64.0588,28.5585,61.806,92.2618,29.6271,19.9646,358.252,7.20763,53.0917,35.1332,46.9506,61.308,185.289,42.3962,8.78854,91.2945,614.535,0,0,0,0,0,0,9.63011,1.49856,484.392,842.951,0,16.5896,0.362054,108.124,42.0073,33.5508,1396.87,0,0.0448394,57.8037,784.668,615.834,355.502,
2.11,42.7202,9.62061,36.9966,65.5567,19.9962,7.60477,87.7819,20.7016,105.421,39.8338,1.16135,47.0226,33.7054,26.5204,21.7923,63.3065,513.143,0,0,0,0,0,0,4.8444,0.35436,626.229,147.245,0,6.98731,189.73,93.5317,122.443,88.8938,412.467,1.67441,55.7951,225.991,773.626,1200.81,820.322,64.0852,28.4774,61.3636,92.4985,29.6197,19.3838,358.737,7.45478,52.9898,34.7174,46.305,60.326,182.383,41.4016,7.94582,84.7064,611.666,0,0,0,0,0,0,9.60555,1.25037,484.207,842.88,0,16.0414,0.345064,107.665,43.457,34.0112,1392.58,0,0.0404511,56.8998,783.224,613.706,346.623,
2.115,42.7817,9.68514,37.0889,65.5802,19.8219,7.60816,86.8209,20.7266,105.144,39.7134,1.13917,46.2416,33.6848,26.7328,20.7796,60.7238,512.607,0,0,0,0,0,0,4.84002,0.467215,626.888,147.267,0,9.22786,187.883,92.073,121.041,88.8509,410.884,1.58308,54.5195,0,762.112,1190.21,815.919,64.1082,28.427,62.5119,92.7305,29.6555,19.3433,359.058,7.64109,52.8791,34.2968,45.5663,59.278,181.055,41.2416,7.17747,78.3283,608.636,0,0,0,0,0,0,9.58381,1.04977,484.307,843.247,0,15.8613,0.328702,107.075,44.7419,34.3659,1389.25,0,0.0360616,55.8861,751.508,614.967,339.335,
2.12,42.8459,9.7707,37.1815,65.612,19.6884,7.66088,86.7191,21.0754,104.861,39.5837,1.1178,45.4259,33.5932,26.7512,19.8929,58.3778,512.02,0,0,0,0,0,0,4.83592,0.550138,627.431,147.28,0,10.4877,185.942,90.9143,120.794,89.3388,409.123,1.5041,53.1829,233.875,755.985,1178.89,811.218,64.1301,28.3937,63.1739,92.9547,29.6873,19.4412,359.143,7.75185,52.7593,33.8717,44.8671,58.3305,179.78,41.0175,6.52347,72.5661,605.578,0,0,0,0,0,0,9.56314,0.883624,484.533,843.65,0,15.6658,0.313369,106.358,45.7384,34.5883,1386.83,0,0.0317383,54.9711,735.234,619.349,333.672,
2.125,42.9125,9.79046,37.1438,65.6218,19.5538,7.48967,87.599,21.785,104.576,39.444,1.07852,44.3624,32.583,25.9677,19.1382,56.3476,511.388,0,0,0,0,0,0,4.83162,0.825801,627.473,146.051,0,12.3475,184.123,90.1163,121.878,90.4001,407.164,1.43977,51.8688,0,753.07,1167.02,806.288,64.1548,28.373,61.8038,93.1575,29.6779,19.0824,358.94,7.77534,52.6307,33.4368,44.2565,57.5402,176.755,39.9648,6.01143,67.8055,602.637,0,0,0,0,0,0,9.54069,0.756434,484.979,843.994,0,15.8398,0.299456,105.533,46.3479,34.6465,1385.61,0,0.0274961,54.2692,730.406,626.708,329.649,
2.13,42.9749,9.79845,37.1055,65.6267,19.4382,7.36447,89.509,22.8446,104.291,39.2975,1.05771,43.5571,32.1205,25.4444,18.5194,54.6519,510.719,0,0,0,0,0,0,4.82703,1.17287,628.155,145.72,0,14.9267,182.593,89.6915,124.365,92.0089,405.053,1.39127,50.7186,217.518,756.284,1154.8,801.227,64.1811,28.3687,61.1136,93.3399,29.6761,18.8315,358.427,7.70911,52.4975,33.0002,43.7542,56.8832,175.025,39.4324,5.66067,64.3306,599.974,0,0,0,0,0,0,9.51763,0.651775,485.57,844.498,0,15.8624,0.286951,104.634,46.5261,34.5271,1384.85,0,0.0234083,53.7402,732.052,636.753,327.241,
2.135,43.0427,9.83298,37.1093,65.637,19.3488,7.3142,92.4002,24.2011,104.01,39.1479,1.05731,43.1533,32.0749,25.361,18.0199,53.2617,510.016,0,0,0,0,0,0,4.82333,1.47058,629.171,146.066,0,17.1506,181.472,89.6264,128.194,94.1041,402.842,1.35913,49.7669,0,762.544,1142.52,796.154,64.2056,28.367,61.3441,93.5067,29.6821,18.7477,357.623,7.55801,52.3611,32.5666,43.4265,56.4268,174.224,39.3735,5.47268,62.307,597.73,0,0,0,0,0,0,9.49443,0.564134,486.378,845.287,0,15.6787,0.276504,103.714,46.261,34.2511,1385.37,0,0.0194108,53.5799,746.463,649.513,326.439,
2.14,43.1047,9.8133,37.0004,65.6269,19.2441,7.06706,96.1026,25.7634,103.737,39.0011,1.04555,42.8586,31.6108,24.5356,17.5933,52.1318,509.289,0,0,0,0,0,0,4.81724,1.85293,629.695,145.702,0,19.3744,180.859,89.906,133.153,96.5387,400.618,1.34341,49.1928,223.036,756.074,1130.51,791.192,64.2271,28.3665,59.9813,93.6465,29.6565,18.3272,356.593,7.3532,52.2229,32.139,43.3278,56.4162,173.396,39.0153,5.45111,61.7654,596.027,0,0,0,0,0,0,9.4685,0.490091,487.43,846.172,0,15.5138,0.26796,102.837,45.6067,33.8563,1389.13,0,0.0155956,53.6796,736.075,665.019,327.09,
2.145,43.165,9.71105,36.7551,65.5849,19.1053,6.58459,100.36,27.3822,103.475,38.8587,1.01541,42.116,30.3506,22.9844,17.2508,51.2061,508.545,0,0,0,0,0,0,4.81008,2.10903,629.83,144.287,0,20.2649,180.815,90.5446,138.897,99.1104,398.449,1.34485,48.919,0,758.045,1119.12,786.505,64.2498,28.3652,57.3988,93.7484,29.5978,17.4153,355.442,7.1244,52.0837,31.7213,43.2935,56.4952,170.474,37.8554,5.58071,62.6457,594.939,0,0,0,0,0,0,9.43741,0.425774,488.052,846.595,0,15.2593,0.261426,102.08,44.6647,33.3921,1390.55,0,0.0119457,53.6378,743.233,683.26,329.356,
2.15,43.2231,9.55522,36.4222,65.5174,18.9337,5.97682,104.858,28.9132,103.228,38.7293,0.985437,41.8466,29.6132,21.6969,16.9534,50.4441,507.78,0,0,0,0,0,0,4.80154,2.13247,630.343,143.167,0,19.4276,181.425,91.5921,144.988,101.604,396.426,1.36517,49.0796,205.452,754.054,1108.71,782.245,64.2689,28.3632,54.8346,93.8073,29.5158,16.2907,354.306,6.90984,51.9483,31.3179,43.4044,56.9138,169.624,37.2806,5.84759,64.827,594.515,0,0,0,0,0,0,9.40109,0.370276,489.093,847.403,0,15.1585,0.257211,101.531,43.6213,32.9372,1396.24,0,0.00843222,53.968,736.189,704.592,333.057,
2.155,43.2676,9.32423,35.9512,65.4182,18.7151,5.17542,109.265,30.2311,102.998,38.6167,0.950332,41.3394,28.241,19.6166,16.6885,49.8184,507.006,0,0,0,0,0,0,4.79151,2.51987,630.69,141.333,0,21.4592,182.774,93.113,150.998,103.818,394.633,1.40684,49.7203,0,751.956,1099.57,778.521,64.2917,28.3602,51.4683,93.8141,29.4008,14.8479,353.321,6.74772,51.818,30.9331,43.6877,57.6392,167.323,36.1011,6.2299,68.1425,594.76,0,0,0,0,0,0,9.358,0.32067,490.184,848.063,0,15.0569,0.255224,101.277,42.6572,32.5778,1401.14,0,0.00511317,54.2811,734.701,728.839,338.341,
2.16,43.3075,9.03885,35.3688,65.2908,18.449,4.24931,113.289,31.2245,102.788,38.5295,0.912277,41.3221,27.3562,17.7403,16.4796,49.3252,506.224,0,0,0,0,0,0,4.77857,2.38779,631.177,139.749,0,19.2961,184.961,95.1452,156.501,105.573,393.2,1.47272,50.8992,200.138,750.879,1091.97,775.433,64.3073,28.3542,47.981,93.7628,29.2674,13.1385,352.611,6.67108,51.696,30.5718,44.1304,58.7089,166.828,35.4964,6.7132,72.4051,595.641,0,0,0,0,0,0,9.30714,0.275706,491.437,849.053,0,14.9569,0.255648,101.396,41.9637,32.3691,1410.34,0,0.00189363,55.0734,734.984,756.189,345.251,
2.165,43.3326,8.73773,34.7329,65.1489,18.1515,3.32495,116.678,31.832,102.603,38.4721,0.878065,41.3946,26.486,16.0061,16.3215,48.9783,505.44,0,0,0,0,0,0,4.76241,2.39077,631.765,138.339,0,18.5415,188.062,97.6818,161.156,106.743,392.201,1.56401,52.5241,0,750.616,1086.04,773.067,64.3225,28.3448,45.1614,93.654,29.135,11.4338,352.285,6.70882,51.5843,30.2372,44.7817,60.1311,166.341,34.8799,7.26103,77.393,597.097,0,0,0,0,0,0,9.24956,0.235174,492.536,849.938,0,14.9054,0.258273,101.945,41.721,32.371,1418.41,0,0,55.8669,735.706,786.485,353.698,
2.17,43.3568,8.53455,34.2265,65.0303,17.8786,2.7537,119.24,32.046,102.445,38.4505,0.873901,42.1934,27.2299,15.882,16.2376,48.8197,504.663,0,0,0,0,0,0,4.74599,1.59398,633.283,138.888,0,12.2296,192.106,100.655,164.702,107.284,391.752,1.68153,54.5728,221.528,754.679,1081.89,771.436,64.3305,28.3312,45.1976,93.5036,29.0439,10.4268,352.418,6.88998,51.4852,29.9342,45.5242,61.7736,168.348,36.0012,7.84874,82.8624,599.032,0,0,0,0,0,0,9.19137,0.200236,493.965,851.512,0,15.0309,0.263302,102.961,42.062,32.6254,1431.2,0,0,57.2416,740.681,819.384,363.515,
2.175,43.3749,8.33599,33.6604,64.909,17.6068,2.22663,120.854,31.8695,102.318,38.4688,0.862578,43.5736,27.7139,15.3085,16.2514,48.9055,503.899,0,0,0,0,0,0,4.72666,1.28035,634.14,139.021,0,9.11121,197.085,103.943,166.971,107.202,391.92,1.82322,56.9729,0,756.068,1079.5,770.524,64.3375,28.321,43.8198,93.3099,28.9514,9.48491,353.057,7.21611,51.4039,29.6665,46.5231,63.8484,172.731,36.7968,8.43165,88.5477,601.321,0,0,0,0,0,0,9.13017,0.172357,495.172,852.831,0,15.4412,0.270481,104.451,43.08,33.1648,1443.39,0,0,58.6541,740.991,854.271,374.828,
2.18,43.3823,8.14837,33.0907,64.7869,17.3316,1.69913,121.48,31.3693,102.224,38.5308,0.855002,44.9161,28.4518,14.9462,16.3813,49.2972,503.161,0,0,0,0,0,0,4.70699,0.73843,635.184,139.314,0,4.1784,202.903,107.38,167.883,106.561,392.822,1.98438,59.7116,234.681,753.284,1078.74,770.302,64.3373,28.3024,42.4254,93.0753,28.8555,8.54625,354.202,7.68643,51.3401,29.4362,47.5453,66.0387,176.632,38.0284,8.97419,94.1651,603.831,0,0,0,0,0,0,9.06714,0.14931,496.513,854.3,0,15.6327,0.28004,106.386,44.8051,33.984,1458.06,0,0,60.3154,739.04,890.476,387.318,
2.185,43.3829,7.99581,32.5646,64.6749,17.0728,1.28476,121.154,30.6172,102.166,38.6368,0.85289,46.3321,29.1198,14.857,16.6337,50.0514,502.462,0,0,0,0,0,0,4.68505,0.545198,636.195,139.719,0,2.55405,209.391,110.752,167.503,105.473,394.411,2.15649,62.6289,0,753.645,1079.46,770.683,64.3334,28.2757,41.8734,92.808,28.7812,7.83123,355.81,8.29304,51.2993,29.2455,48.6719,68.3503,180.7,39.1461,9.4423,99.4337,606.409,0,0,0,0,0,0,9.00422,0.131154,497.521,855.463,0,15.8477,0.291817,108.712,47.2143,35.0576,1469.4,0.0234485,0,61.7306,739.099,926.983,400.87,
2.19,43.3827,7.93971,32.1951,64.5949,16.8665,1.17794,120.013,29.7188,102.145,38.7854,0.879756,48.0966,30.7852,15.7269,17.0486,51.2134,501.819,0,0,0,0,0,0,4.66312,0.552797,637.811,141.658,0,3.73688,216.292,113.826,165.983,104.089,396.754,2.32799,65.5945,262.743,756.156,1081.41,771.565,64.3156,28.2471,43.2019,92.5254,28.7544,7.69298,357.817,9.01346,51.2784,29.0942,49.7992,70.6932,186.023,41.4286,9.80332,104.086,608.91,0,0,0,0,0,0,8.94487,0.115672,498.732,857.08,0,15.8381,0.305461,111.35,50.2432,36.3564,1483.7,0.00089162,0,63.4313,739.799,962.894,415.211,
2.195,43.3763,7.86683,31.7659,64.5088,16.6664,0.974397,118.27,28.7872,102.163,38.9731,0.883979,49.5467,31.2513,16.2437,17.6133,52.8211,501.245,0,0,0,0,0,0,4.64051,0.77856,638.37,142.188,0,5.09325,223.293,116.373,163.614,102.578,399.737,2.48453,68.379,0,755.554,1084.3,772.813,64.2942,28.2106,42.4414,92.2229,28.7025,7.26659,360.129,9.81954,51.2848,28.9822,50.8989,72.8362,189.867,42.3508,10.0313,107.897,611.198,0,0,0,0,0,0,8.88715,0.111617,499.55,858.099,0,16.7251,0.320626,114.201,53.7761,37.8301,1493,0.00215851,0,64.7084,740.573,997.106,429.961,
2.2,43.3648,7.78701,31.3408,64.4225,16.4788,0.761577,116.173,27.9131,102.216,39.1914,0.88235,50.5598,31.541,15.8409,18.3598,54.9143,500.761,0,0,0,0,0,0,4.61868,0.508379,639.094,142.361,0,2.6109,230.018,118.214,160.728,101.113,403.272,2.61284,70.9176,248.731,756.146,1087.81,774.307,64.2776,28.171,41.6616,91.902,28.6479,6.8511,362.643,10.6769,51.3105,28.9051,51.7754,74.5964,192.983,43.0274,10.1206,110.702,613.168,0,0,0,0,0,0,8.83007,0.109534,499.744,858.412,0,16.6669,0.337177,117.15,57.6803,39.4109,1498.98,0.00381338,0,65.4857,741.393,1028.31,444.859,
2.205,43.3486,7.71376,30.9924,64.3553,16.3158,0.612305,113.979,27.1617,102.296,39.4345,0.905406,50.9511,30.8338,15.7858,19.2863,57.5044,500.385,0,0,0,0,0,0,4.59669,0.626089,640.342,142.157,0,3.5422,236.111,119.228,157.688,99.8066,407.23,2.70169,73.1042,0,791.729,1091.59,775.907,64.2835,28.172,41.3624,91.5696,28.6317,6.89502,365.237,11.5426,51.3529,28.8599,52.4186,75.2941,191.608,42.3714,10.0691,112.417,614.73,0,0,0,0,0,0,8.77519,0.113872,500.082,858.281,0,17.3548,0.354368,120.083,61.8146,41.0429,1495.96,0.00586982,0,66.0771,800.274,1055.4,459.417,
2.21,43.3334,7.66348,30.6627,64.2905,16.1737,0.519153,111.891,26.5752,102.401,39.6948,0.911362,51.5286,31.028,15.9603,20.3762,60.5883,500.135,0,0,0,0,0,0,4.57443,0.953659,640.952,142.467,0,6.94612,241.221,119.379,154.759,98.745,411.483,2.74438,74.8983,243.714,765.636,1095.35,777.474,64.254,28.1529,41.4272,91.2308,28.5967,6.80001,367.792,12.3845,51.4138,28.8426,53.0449,76.5534,193.659,42.893,9.89625,113.03,615.843,0,0,0,0,0,0,8.72263,0.123092,500.257,858.603,0,17.6031,0.371646,122.895,66.0181,42.6513,1500.73,0.00837571,0,66.4067,760.551,1077.32,473.32,
2.215,43.3149,7.61427,30.3351,64.223,16.0443,0.419611,110.038,26.1443,102.526,39.965,0.893588,51.2542,30.543,15.7766,21.6094,64.1166,500.025,0,0,0,0,0,0,4.55251,0.892397,641.203,141.712,0,5.68567,245.078,118.696,152.134,97.9319,415.836,2.73995,76.1878,0,761.094,1098.79,778.902,64.2227,28.1152,41.1734,90.8874,28.5559,6.60451,370.202,13.1589,51.4882,28.8488,53.2518,76.9454,192.927,42.5001,9.62265,112.631,616.489,0,0,0,0,0,0,8.67245,0.13695,499.824,858.291,0,17.8092,0.388583,125.496,70.1423,44.1698,1499.54,0.0113765,0,66.0373,751.55,1093.19,486.158,
2.22,43.2945,7.58756,30.0633,64.1658,15.9397,0.395189,108.442,25.8113,102.661,40.2368,0.886885,51.3453,30.4303,16.4811,22.966,68.0247,500.072,0,0,0,0,0,0,4.53259,1.32907,642.019,141.655,0,8.85558,247.513,117.271,149.848,97.3147,420.165,2.6927,77.0529,237.645,760.887,1101.69,780.083,64.1946,28.0688,41.4582,90.5463,28.5259,6.55711,372.349,13.8332,51.5699,28.8729,53.5658,77.3813,193.214,42.4931,9.28268,111.393,616.689,0,0,0,0,0,0,8.62644,0.165146,500.078,858.469,0,19.0277,0.404256,127.819,74.0333,45.5335,1500.78,0.0148572,0,65.99,746.383,1102.37,497.495,
2.225,43.2779,7.5574,29.7918,64.1101,15.8473,0.341623,107.026,25.509,102.801,40.5038,0.861626,50.5936,29.5783,16.4394,24.4119,72.2142,500.28,0,0,0,0,0,0,4.51465,1.36004,642.21,140.699,0,8.21741,248.463,115.26,147.834,96.7909,424.326,2.61039,77.3305,0,761.12,1103.79,780.938,64.164,28.0184,41.1936,90.2065,28.4872,6.35412,374.117,14.3773,51.6602,28.9113,53.437,77.0351,190.508,41.5999,8.91273,109.576,616.499,0,0,0,0,0,0,8.58293,0.209259,499.487,857.954,0,19.7104,0.418199,129.827,77.5434,46.6793,1496.78,0.0187774,0,65.3433,745.898,1104.29,506.965,
2.23,43.2614,7.52444,29.5379,64.0589,15.7655,0.284549,105.677,25.1729,102.941,40.7598,0.840466,50.2017,29.1081,16.378,25.8717,76.5695,500.655,0,0,0,0,0,0,4.49817,1.26103,642.803,140.203,0,7.3493,248.019,112.901,145.94,96.2401,428.242,2.50564,77.2182,220.452,761.956,1104.97,781.401,64.1375,27.9685,40.9482,89.8707,28.4499,6.13721,375.408,14.7616,51.7519,28.9585,53.4353,76.9206,189.389,41.139,8.55235,107.502,616.007,0,0,0,0,0,0,8.54215,0.26595,499.174,857.696,0,19.9858,0.429723,131.496,80.5272,47.5455,1496.34,0.022955,0,64.97,746.539,1099.1,514.352,
2.235,43.2457,7.49689,29.3082,64.0156,15.6965,0.237933,104.275,24.764,103.078,40.9993,0.825049,49.5658,28.2478,17.9981,27.3167,80.9576,501.194,0,0,0,0,0,0,4.48273,2.89382,643.379,139.479,0,18.07,246.45,110.53,144.021,95.602,431.805,2.39352,76.5515,0,762.93,1105.09,781.411,64.113,27.9203,40.7983,89.5399,28.4195,5.89628,376.137,14.9696,51.8438,29.0111,53.2788,76.2786,186.315,40.139,8.24973,105.563,615.343,0,0,0,0,0,0,8.50744,0.38541,500.025,858.172,0,23.8027,0.438599,132.833,82.8641,48.095,1495.18,0.0271176,0,64.8247,747.373,1087.41,519.51,
2.24,43.237,7.49747,29.1415,63.9866,15.6508,0.27191,102.757,24.2824,103.208,41.2192,0.811299,49.2431,28.1648,18.821,28.6768,85.2318,501.888,0,0,0,0,0,0,4.47018,3.00331,644.078,139.637,0,17.2329,244.192,108.537,141.955,94.8599,435.001,2.28994,75.5781,216.53,764.518,1104.03,780.945,64.0832,27.8765,41.2845,89.2208,28.401,5.76499,376.28,14.9948,51.9348,29.0664,53.1443,75.932,185.49,40.0757,8.04243,104.182,614.655,0,0,0,0,0,0,8.47727,0.564727,499.792,858.197,0,25.0304,0.444511,133.857,84.4734,48.3077,1495.95,0.0309537,0,64.6501,748.314,1070.29,522.333,
2.245,43.2316,7.50579,28.9922,63.9671,15.6189,0.307786,101.142,23.753,103.334,41.4175,0.808601,49.0621,27.836,21.1841,29.8995,89.2408,502.72,0,0,0,0,0,0,4.46188,5.1081,644.885,139.747,0,29.4164,241.773,107.274,139.772,94.0546,437.806,2.20838,74.252,0,765.388,1101.79,779.984,64.0596,27.8363,41.4296,88.9139,28.3903,5.61878,375.855,14.8615,52.0237,29.1225,53.0849,75.511,184.195,39.6676,7.96949,103.762,614.121,0,0,0,0,0,0,8.45421,0.843504,500.962,859.105,0,29.2454,0.447058,134.61,85.3294,48.2009,1498.39,0.0341399,0,64.9431,749.129,1049.01,523.017,
2.25,43.2351,7.57424,28.9638,63.9738,15.6259,0.520977,99.5336,23.2616,103.454,41.5926,0.810682,49.2259,28.4592,22.5102,30.9263,92.8045,503.668,0,0,0,0,0,0,4.4542,4.31401,645.856,140.864,0,25.426,239.752,106.957,137.594,93.2917,440.253,2.15846,72.8055,223.481,767.788,1098.35,778.524,64.0345,27.8003,42.9104,88.6293,28.4065,5.79271,374.944,14.6027,52.1086,29.1773,53.0595,75.3233,184.835,40.3887,8.06155,104.629,613.919,0,0,0,0,0,0,8.43713,1.15848,500.73,859.392,0,30.0689,0.446589,135.141,85.4883,47.8277,1501.33,0.0364115,0,65.1077,749.982,1025.54,521.558,
2.255,43.2431,7.60041,28.8516,63.9743,15.6267,0.549399,98.0947,22.8858,103.567,41.7466,0.80188,49.3601,28.3928,23.1073,31.6868,95.7479,504.704,0,0,0,0,0,0,4.45065,4.39706,646.392,140.909,0,25.6613,238.585,107.62,135.63,92.6855,442.395,2.14302,71.4367,0,768.211,1093.78,776.616,64.0196,27.7736,42.1685,88.3561,28.3967,5.63278,373.656,14.2572,52.1887,29.2295,53.1193,75.3813,185.275,40.3878,8.32834,106.974,614.207,0,0,0,0,0,0,8.42219,1.44133,500.98,859.697,0,30.6594,0.443038,135.516,85.0234,47.2582,1505.56,0.0375997,0,65.4312,752.518,1001.43,518.457,
2.26,43.2569,7.62806,28.7842,63.9846,15.6376,0.602378,97.0094,22.6937,103.674,41.8794,0.819222,49.527,28.2116,21.9804,32.1413,97.9102,505.794,0,0,0,0,0,0,4.44761,3.12456,647.699,141.607,0,18.2723,238.586,109.119,134.117,92.362,444.352,2.16016,70.2157,211.011,808.527,1088.19,774.27,64.0212,27.7626,42.1472,88.0972,28.4028,5.57257,372.11,13.8648,52.2636,29.2786,53.2245,75.144,184.455,40.1407,8.76064,110.82,615.097,0,0,0,0,0,0,8.40777,1.62401,500.452,859.293,0,28.9318,0.436895,135.798,84.0687,46.5602,1504.23,0.0376926,0,65.8922,816.918,978.533,513.974,
2.265,43.2767,7.63342,28.6718,63.989,15.6432,0.550744,96.4507,22.7292,103.775,41.9965,0.814295,49.858,28.5822,20.4762,32.2484,99.1679,506.902,0,0,0,0,0,0,4.44611,2.25966,648.224,142.115,0,13.7376,239.856,111.199,133.301,92.3898,446.211,2.20373,69.4117,0,777.173,1081.7,771.574,64.0086,27.749,41.4834,87.8485,28.3871,5.31583,370.422,13.452,52.3334,29.3241,53.4135,75.4732,185.618,40.7276,9.33158,116.011,616.633,0,0,0,0,0,0,8.39198,1.67151,500.003,859.331,0,25.7739,0.428175,136.051,82.7413,45.7908,1510.44,0.036735,0,66.0988,772.59,958.122,508.58,
2.27,43.3071,7.64689,28.5815,63.9964,15.6517,0.512365,96.5396,23.0153,103.873,42.1043,0.814147,50.6266,29.5525,19.8643,32.0044,99.4571,507.991,0,0,0,0,0,0,4.44594,1.65618,649.256,143.034,0,9.91262,242.284,113.559,133.345,92.827,448.063,2.26321,69.2038,238.832,772.766,1074.53,768.6,64.0013,27.7342,41.3627,87.6124,28.3728,5.16775,368.674,13.0412,52.398,29.3674,53.7835,76.5838,189.302,42.0172,10.0003,122.257,618.787,0,0,0,0,0,0,8.37592,1.62996,500.319,859.994,0,23.363,0.417467,136.322,81.1614,44.9952,1520.89,0.0349275,0,66.6895,763.311,941.321,502.649,
2.275,43.3397,7.65824,28.4813,64.0044,15.6582,0.45177,97.3342,23.5518,103.968,42.2063,0.809765,51.4398,30.2365,18.8435,31.4366,98.7758,509.026,0,0,0,0,0,0,4.4472,1.07396,650.066,143.676,0,6.22576,245.609,115.876,134.343,93.6696,449.977,2.32663,69.5067,0,771.723,1066.96,765.454,64.0003,27.7215,41.0171,87.3864,28.3551,4.98806,366.929,12.6468,52.4585,29.4097,54.2617,77.7822,192.309,42.9566,10.7114,129.153,621.451,0,0,0,0,0,0,8.35911,1.52185,500.481,860.515,0,21.175,0.405238,136.646,79.4353,44.2014,1528.53,0.0324551,0,67.1986,756.378,928.552,496.706,
2.28,43.3833,7.67302,28.3879,64.0162,15.6652,0.389874,98.828,24.2989,104.062,42.3073,0.814988,52.2095,30.8337,18.5013,30.5794,97.1969,509.978,0,0,0,0,0,0,4.44838,1.17878,651.15,144.364,0,7.5944,249.446,117.845,136.29,94.8624,452.001,2.37899,70.2368,246.051,772.138,1059.21,762.243,64.0049,27.7122,40.7868,87.1702,28.3386,4.90732,365.22,12.267,52.5149,29.4528,54.7265,78.8747,194.9,43.7731,11.401,136.232,624.469,0,0,0,0,0,0,8.34225,1.39543,501.195,861.264,0,20.2343,0.391697,137.037,77.619,43.4277,1535.39,0.0295932,0,67.7741,755.666,919.432,490.948,
2.285,43.4288,7.69669,28.312,64.034,15.6766,0.350358,100.957,25.2138,104.155,42.4102,0.816296,52.5424,30.9652,17.9737,29.5139,94.8469,510.823,0,0,0,0,0,0,4.45209,1.01511,651.997,144.507,0,6.33054,253.341,119.194,139.121,96.363,454.11,2.4058,71.2026,0,773.89,1051.65,759.12,64.0152,27.7149,40.6758,86.9635,28.3334,4.97705,363.53,11.8945,52.569,29.4969,55.0359,79.567,195.901,43.9684,12.0152,143.03,627.643,0,0,0,0,0,0,8.32529,1.26382,501.55,861.579,0,19.7133,0.377559,137.486,75.7347,42.6692,1537.18,0.0265646,0,67.9012,756.825,912.914,485.49,
2.29,43.4848,7.73238,28.2433,64.0568,15.6904,0.31039,103.618,26.2361,104.248,42.5156,0.819031,52.9551,31.2108,17.0976,28.2979,91.9108,511.543,0,0,0,0,0,0,4.45696,0.810618,652.875,144.96,0,5.59939,256.8,119.723,142.69,98.0664,456.293,2.39444,72.2581,244.792,773.583,1044.56,756.195,64.0202,27.7155,40.6401,86.7659,28.329,5.01001,361.82,11.5138,52.6213,29.5429,55.3407,80.2703,197.4,44.3289,12.4971,149.102,630.774,0,0,0,0,0,0,8.3082,1.11427,501.74,861.905,0,18.448,0.362996,137.97,73.7613,41.8965,1539.71,0.023526,0,67.9883,756.854,908.07,480.499,
2.295,43.5467,7.77699,28.1842,64.0839,15.7127,0.325162,106.669,27.3156,104.336,42.6229,0.815014,52.6194,30.8264,16.2098,27.0334,88.6132,512.134,0,0,0,0,0,0,4.46156,0.479689,653.598,144.612,0,3.04262,259.363,119.302,146.791,99.8826,458.47,2.33883,73.2609,0,777.651,1038.32,753.615,64.0371,27.7247,40.6237,86.5761,28.3252,5.20632,360.015,11.1069,52.6709,29.5902,55.3091,80.2559,196.262,43.8129,12.8068,154.031,633.652,0,0,0,0,0,0,8.29025,0.961659,501.681,861.754,0,17.637,0.348186,138.454,71.6317,41.0646,1535.97,0.0206369,0,67.4754,760.378,903.32,475.862,
2.3,43.6135,7.82589,28.1335,64.1152,15.7355,0.309842,109.94,28.3625,104.417,42.7306,0.813272,52.5132,30.6184,15.5997,25.7839,85.1978,512.593,0,0,0,0,0,0,4.46829,0.46101,654.457,144.534,0,3.43176,260.624,117.877,151.22,101.686,460.592,2.23752,74.1729,238.022,775.64,1033.22,751.505,64.0519,27.7308,40.6164,86.3949,28.3266,5.3805,358.035,10.6545,52.7183,29.6389,55.3514,80.3462,196.101,43.5241,12.9128,157.459,636.098,0,0,0,0,0,0,8.27217,0.815546,502.012,861.968,0,17.0158,0.333383,138.885,69.2727,40.1386,1534.59,0.0179846,0,67.0961,758.889,897.042,471.298,
2.305,43.6847,7.88243,28.0914,64.1509,15.758,0.285941,113.238,29.3038,104.49,42.8354,0.802427,51.4245,29.7066,14.847,24.6509,81.9197,512.928,0,0,0,0,0,0,4.47462,0.350411,655.029,143.597,0,2.47484,260.278,115.475,155.7,103.353,462.539,2.09641,74.8336,0,775.765,1029.51,749.975,64.0679,27.7355,40.6191,86.2197,28.3286,5.59686,355.817,10.1375,52.7633,29.6874,54.8988,79.4311,192.481,42.2792,12.8036,159.129,637.951,0,0,0,0,0,0,8.25418,0.683501,501.949,861.646,0,16.712,0.318984,139.215,66.6049,39.0812,1525.99,0.0156192,0,65.992,758.927,888.104,466.662,
2.31,43.7595,7.94191,28.0575,64.1896,15.7816,0.2632,116.346,30.0625,104.548,42.9336,0.789601,50.6019,28.9787,14.2699,23.6708,78.999,513.159,0,0,0,0,0,0,4.48283,0.287425,655.665,142.898,0,1.99973,258.151,112.211,159.952,104.766,464.225,1.92573,75.2079,221.757,776.361,1027.42,749.104,64.0843,27.7398,40.6208,86.0518,28.3255,5.78963,353.335,9.5562,52.8045,29.7343,54.5296,78.6531,190.111,41.2661,12.4957,158.944,639.116,0,0,0,0,0,0,8.23602,0.568322,502.072,861.613,0,16.5879,0.304884,139.395,63.5714,37.8918,1520.22,0.0135404,0,65.046,759.422,875.586,461.544,
2.315,43.8371,8.03302,28.0813,64.2412,15.8214,0.333539,119.041,30.5624,104.589,43.0206,0.778217,48.8765,27.9293,13.8781,22.9052,76.5927,513.303,0,0,0,0,0,0,4.49186,0.344211,656.311,142.094,0,3.22091,254.227,108.284,163.67,105.792,465.508,1.739,75.1557,0,777.72,1027.05,748.947,64.1016,27.7455,41.3221,85.8939,28.3419,6.20051,350.634,8.92442,52.8398,29.7772,53.5845,76.7043,184.823,39.7149,12.0336,157.007,639.547,0,0,0,0,0,0,8.21936,0.471842,501.915,861.214,0,16.6341,0.291253,139.383,60.1979,36.5753,1507.6,0.011749,0,63.417,760.016,858.781,455.842,
2.32,43.9159,8.14111,28.1365,64.302,15.8761,0.453841,121.131,30.763,104.61,43.0917,0.769796,47.5166,27.1502,13.658,22.3613,74.7799,513.385,0,0,0,0,0,0,4.49976,0.45717,657.027,141.643,0,4.73356,248.676,103.97,166.601,106.34,466.328,1.55013,74.7202,209.333,778.708,1028.42,749.487,64.1158,27.7536,42.0186,85.748,28.3687,6.68194,347.8,8.27934,52.8687,29.814,52.7977,75.0702,180.991,38.5154,11.4818,153.615,639.258,0,0,0,0,0,0,8.20405,0.392761,502.038,861.198,0,16.7319,0.277748,139.151,56.5609,35.1995,1499.12,0.0102133,0,62.0709,760.602,837.664,449.145,
2.325,44.0004,8.26166,28.2204,64.3704,15.9417,0.609087,122.471,30.6542,104.607,43.1415,0.760009,45.4782,26.0316,13.3614,22.0039,73.5682,513.426,0,0,0,0,0,0,4.50935,0.79997,657.528,141.061,0,8.40859,241.838,99.602,168.544,106.373,466.578,1.37109,73.7901,0,779.666,1031.48,750.702,64.1261,27.7632,42.6877,85.6149,28.3953,7.17879,344.984,7.64638,52.8897,29.8428,51.5556,72.5438,174.937,36.872,10.9041,149.227,638.341,0,0,0,0,0,0,8.19046,0.328905,501.919,860.958,0,16.7817,0.264719,138.682,52.837,33.8363,1486.37,0.00891378,0,60.3085,761.157,813.077,441.486,
2.33,44.0897,8.44543,28.4317,64.4639,16.0485,0.971141,122.968,30.2447,104.58,43.1673,0.763819,44.2252,25.9288,13.9162,21.8294,72.9115,513.448,0,0,0,0,0,0,4.52067,0.897177,658.536,141.59,0,8.72346,234.199,95.5369,169.352,105.918,466.229,1.21089,72.4894,203.103,782.402,1036.01,752.503,64.1371,27.7731,44.7373,85.5062,28.4564,8.04489,342.379,7.08634,52.9003,29.8617,50.4868,70.4156,171.943,36.3613,10.3582,144.382,636.925,0,0,0,0,0,0,8.18149,0.278658,502.119,861.271,0,16.899,0.251867,137.976,49.2599,32.583,1478.5,0.00779447,0,59.0086,762.637,786.388,432.832,
2.335,44.1724,8.61584,28.62,64.5579,16.1612,1.26687,122.6,29.5815,104.529,43.1667,0.760185,42.8669,25.4724,14.0885,21.8009,72.7416,513.473,0,0,0,0,0,0,4.53222,1.00938,659.023,141.624,0,9.54568,226.337,92.1235,169,105.011,465.265,1.07487,70.8817,0,782.336,1041.79,754.781,64.1403,27.7837,45.4841,85.4158,28.5034,8.69835,340.182,6.63604,52.9004,29.8684,49.3637,68.264,168.51,35.5112,9.88991,139.596,635.167,0,0,0,0,0,0,8.17497,0.239189,502.287,861.555,0,16.918,0.238879,137.051,46.0898,31.5527,1471.59,0.00683119,0,57.8157,762.426,759.282,423.322,
2.34,44.2579,8.74731,28.7726,64.6434,16.2712,1.44864,121.4,28.7287,104.451,43.1383,0.74605,41.7585,24.9885,13.9614,21.8926,72.9866,513.511,0,0,0,0,0,0,4.54346,0.692596,659.362,141.138,0,6.22434,218.841,89.6543,167.507,103.734,463.753,0.966079,69.1461,192.942,782.557,1048.48,757.407,64.151,27.798,45.3897,85.3388,28.5303,9.0678,338.562,6.33937,52.8879,29.8617,48.3908,66.5152,165.656,34.7298,9.5211,135.304,633.253,0,0,0,0,0,0,8.16982,0.207859,502.53,861.948,0,16.9052,0.225794,135.931,43.5832,30.8169,1467.94,0.00596989,0,56.9817,762.691,733.146,413.242,
2.345,44.3399,8.77333,28.7696,64.6961,16.3354,1.3155,119.468,27.7566,104.347,43.0808,0.710103,40.28,23.5255,12.64,22.0714,73.573,513.577,0,0,0,0,0,0,4.55462,0.59983,659.077,139.203,0,4.81173,212.274,88.3224,165.029,102.215,461.722,0.885091,67.3534,0,780.983,1055.73,760.219,64.1537,27.8099,43.3489,85.2603,28.5077,8.69246,337.635,6.22055,52.8613,29.8394,47.4985,64.9979,160.75,33.0134,9.2658,131.812,631.338,0,0,0,0,0,0,8.16232,0.181489,502.64,862.083,0,16.7244,0.212578,134.656,41.9332,30.4503,1464.26,0.00517,0,56.1865,763.024,709.926,402.856,
2.35,44.4135,8.81322,28.8432,64.7527,16.4045,1.29527,116.959,26.733,104.22,42.9968,0.695766,39.6824,23.4931,12.7074,22.3367,74.4213,513.681,0,0,0,0,0,0,4.5653,0.366814,659.856,139.268,0,2.94282,207.081,88.2073,161.753,100.555,459.306,0.831467,65.6933,182.012,783.369,1063.14,763.058,64.1597,27.8188,43.5558,85.19,28.5033,8.52363,337.459,6.28541,52.8224,29.8017,46.8409,63.9442,159.369,32.779,9.11618,129.256,629.566,0,0,0,0,0,0,8.15594,0.16007,503.292,862.881,0,16.6505,0.198982,133.262,41.27,30.4768,1464.21,0.00439773,0,55.8932,765.115,691.008,392.553,
2.355,44.4818,8.81728,28.8523,64.7962,16.4528,1.2061,114.064,25.7292,104.071,42.888,0.675099,39.27,23.1347,12.2529,22.6425,75.465,513.823,0,0,0,0,0,0,4.57403,0.268827,660.053,138.858,0,2.05687,203.578,89.2673,157.956,98.8922,456.571,0.804695,64.1969,0,784.736,1070.34,765.763,64.1653,27.8326,42.8018,85.1214,28.4803,8.14874,338.013,6.52945,52.768,29.7485,46.3868,63.2647,158.461,32.2609,9.06095,127.632,628.04,0,0,0,0,0,0,8.14898,0.142824,503.838,863.601,0,16.6677,0.184978,131.798,41.6104,30.883,1464.76,0.00359834,0,55.7513,765.979,676.804,382.778,
2.36,44.5497,8.81329,28.8597,64.838,16.4883,1.09031,111.003,24.8197,103.904,42.7591,0.661901,39.1787,23.1557,12.0376,22.9832,76.6395,514.011,0,0,0,0,0,0,4.58336,0.194526,660.5,138.894,0,1.57812,201.92,91.3513,153.879,97.3241,453.657,0.803807,62.975,183.862,783.229,1076.99,768.196,64.1708,27.847,42.4003,85.0555,28.4669,7.74916,339.213,6.93782,52.6996,29.6805,46.131,62.9904,158.326,32.2205,9.07269,126.804,626.808,0,0,0,0,0,0,8.14191,0.127853,504.652,864.572,0,16.5468,0.170473,130.299,42.8911,31.6266,1467.57,0.00274352,0,55.9143,764.629,667.646,373.868,
2.365,44.6075,8.80549,28.8611,64.8766,16.5125,0.976026,107.994,24.0397,103.725,42.6133,0.652709,39.238,23.1894,11.852,23.3572,77.8998,514.24,0,0,0,0,0,0,4.59208,0.16626,660.854,138.991,0,1.66219,202.102,94.2378,149.857,95.9534,450.66,0.827122,62.0099,0,782.928,1082.78,770.24,64.1719,27.8567,42.1875,84.9931,28.4491,7.35103,340.913,7.46168,52.6167,29.5981,46.0339,62.9501,158.535,32.2037,9.12639,126.546,625.872,0,0,0,0,0,0,8.13538,0.114555,505.37,865.43,0,16.3897,0.155454,128.797,44.9532,32.6256,1469.25,0.00179714,0,56.0782,764.368,662.905,366.102,
2.37,44.654,8.77487,28.8178,64.9071,16.5172,0.80217,105.232,23.4245,103.536,42.4549,0.641136,39.519,23.2582,11.5201,23.7406,79.2057,514.505,0,0,0,0,0,0,4.59999,0.135213,660.97,139.029,0,1.42745,203.994,97.6499,146.119,94.8457,447.695,0.872338,61.2795,184.074,782.538,1087.52,771.818,64.1722,27.8613,41.4746,84.9301,28.4269,6.75042,342.954,8.0588,52.5188,29.5029,46.0644,63.1873,159.251,32.3216,9.18439,126.58,625.192,0,0,0,0,0,0,8.12852,0.102038,506.073,866.373,0,16.1168,0.140205,127.319,47.5905,33.797,1473.12,0.000725657,0,56.488,764.482,662.217,359.493,
2.375,44.699,8.75113,28.788,64.938,16.5169,0.672635,102.886,23.0174,103.344,42.2882,0.636951,39.9335,23.485,11.5313,24.1116,80.5191,514.81,0,0,0,0,0,0,4.60696,0.139203,661.293,139.29,0,1.75992,207.337,101.289,142.938,94.0604,444.827,0.935484,60.7769,0,782.969,1091.04,772.879,64.172,27.8641,41.318,84.8691,28.4098,6.27461,345.168,8.68641,52.4081,29.396,46.2239,63.6131,160.311,32.569,9.22323,126.623,624.692,0,0,0,0,0,0,8.1222,0.0919109,506.861,867.279,0,16.1147,0.124875,125.867,50.5998,35.0437,1476.08,0,0,56.9102,764.648,664.471,354.164,
2.38,44.7377,8.7213,28.7449,64.9679,16.5072,0.546018,101.09,22.8168,103.153,42.12,0.641687,40.535,23.7868,11.4231,24.4738,81.7789,515.144,0,0,0,0,0,0,4.61305,0.108218,661.716,139.681,0,1.35181,211.776,104.837,140.472,93.6344,442.171,1.00953,60.5832,191.557,788.989,1093.32,773.398,64.1787,27.8661,41.0383,84.8095,28.3982,5.87091,347.417,9.29832,52.2857,29.2807,46.4831,64.186,161.718,32.9104,9.22359,126.437,624.284,0,0,0,0,0,0,8.11666,0.0826676,507.745,868.18,0,16.0128,0.109474,124.449,53.7836,36.2955,1479.67,0,0,57.5225,777.864,668.679,350.158,
2.385,44.7665,8.69524,28.6982,64.9972,16.4935,0.43376,99.9471,22.8444,102.966,41.9522,0.645269,40.8881,23.7819,11.3586,24.776,82.8929,515.5,0,0,0,0,0,0,4.61719,0.108385,661.821,139.677,0,1.4946,216.903,108.018,138.865,93.5887,439.74,1.08465,60.5734,0,790.732,1094.36,773.406,64.1883,27.8684,40.8106,84.7515,28.3827,5.5352,349.585,9.87437,52.1507,29.158,46.7141,64.5916,162.093,32.87,9.17361,125.838,623.883,0,0,0,0,0,0,8.11135,0.0757032,508.314,868.723,0,16.1364,0.094307,123.05,56.985,37.4896,1479.9,0,0,57.8605,782.844,673.74,347.097,
2.39,44.7933,8.66749,28.6531,65.0251,16.4765,0.341226,99.5662,23.158,102.785,41.7879,0.644728,41.018,23.7732,11.1611,24.9831,83.7433,515.863,0,0,0,0,0,0,4.62635,0.0747491,661.751,139.468,0,0.993874,222.068,110.61,138.248,93.9309,437.508,1.14795,60.6728,187.695,784.552,1093.01,772.113,64.1941,27.8711,40.6934,84.695,28.3771,5.31148,351.687,10.4274,52.0048,29.0295,46.8135,64.8366,162.325,32.7976,9.06715,124.727,623.412,0.0171477,0,0,0,0,0,8.11125,0.0689729,508.548,868.975,0,16.0778,0.0778052,121.68,60.1166,38.5949,1478.85,0,0,57.8565,769.387,678.747,344.862,
2.395,44.8109,8.64511,28.6108,65.0557,16.4576,0.271233,99.9084,23.6502,102.607,41.6256,0.641359,40.7719,23.3781,10.8529,25.0472,84.1903,516.223,0,0,0,0,0,0,4.62906,0.0467358,661.537,138.989,0,0.709305,227.233,112.494,138.649,94.6719,435.441,1.20046,60.6938,0,788.57,1091.85,771.17,64.1995,27.8751,40.6426,84.6405,28.3726,5.13267,353.485,10.865,51.8482,28.8958,46.7252,64.6329,160.989,32.2308,8.91132,123.076,622.814,0.0168956,0,0,0.0174967,0,0.0244615,8.10573,0.0620122,508.421,868.856,0.000184553,15.9372,0.0633731,120.256,62.9728,39.5494,1474.37,0,0,57.5491,777.327,684.103,343.572,
2.4,44.8233,8.62309,28.5679,65.0799,16.4352,0.216386,100.922,24.2951,102.437,41.4679,0.64459,40.5581,23.0191,10.5738,24.9534,84.1528,516.526,0,0,0,0,0,0,4.62062,0.0752061,661.526,138.785,0,2.3068,232.36,113.632,140.066,95.7936,433.529,1.25138,60.6744,179.89,789.191,1092.55,771.648,64.204,27.8787,40.6273,84.5868,28.3725,5.05471,354.896,11.181,51.6847,28.7595,46.6634,64.4671,159.95,31.7062,8.71564,120.953,622.062,0.0440624,0,0.0364659,0.0528104,0.0224408,0.00623058,8.09425,0.0548289,508.59,868.875,0.00140925,15.8484,0.0523301,118.754,65.4627,40.3321,1471,0,0,57.2743,778.296,689.369,343.184,
2.405,44.8325,8.62586,28.5705,65.117,16.4334,0.254001,102.922,25.3762,102.269,41.3087,0.642584,39.6485,22.4378,10.4004,24.6479,83.5017,516.819,0,0,0,0,0,0,4.62893,0.223697,661.148,138.3,0,5.79071,236.183,113.935,142.703,97.3929,431.592,1.26034,60.3969,0,787.138,1089.49,769.752,64.2094,27.8966,41.0449,84.5399,28.3941,5.19545,356.268,11.514,51.5094,28.6177,46.1935,63.525,157.052,30.8173,8.50747,118.52,621.161,0.0991326,0,0.00470131,0.0917469,0.0479371,0.0171558,8.09625,0.0482947,508.186,868.437,0.00448777,15.9483,0.0396383,117.252,67.7517,41.0258,1462.5,0,0,56.3724,769.792,692.985,342.658,
2.41,44.8411,8.61984,28.548,65.149,16.4252,0.244813,105.785,26.6972,102.102,41.149,0.644556,38.5767,21.5528,10.1998,24.157,82.2278,517.046,0,0,0,0,0,0,4.63011,0.794104,660.924,137.623,0,11.7174,239.051,113.493,146.537,99.4552,429.58,1.25069,59.946,167.786,784.312,1087.08,768.356,64.2179,27.9111,40.9675,84.4949,28.4063,5.33014,357.406,11.7657,51.3272,28.4724,45.7475,62.511,153.458,29.5921,8.30998,116.005,620.149,0.149948,0,0.0112644,0.118192,0.0955148,0.0385018,8.09406,0.044384,508.261,868.074,0.00879032,16.4038,0.0279012,115.653,69.7442,41.5953,1454.29,0,0,55.4452,766.075,696.21,342.641,
2.415,44.8422,8.60986,28.5163,65.1762,16.4147,0.214142,109.581,28.3411,101.937,40.9864,0.647961,37.0705,20.4965,9.59067,23.5008,80.364,517.189,0,0,0,0,0,0,4.63041,2.05552,660.646,136.877,0,17.6955,240.735,112.372,151.639,102.036,427.403,1.22312,59.3419,0,783.742,1085.09,767.21,64.2267,27.923,40.8234,84.4522,28.4141,5.48771,358.408,11.9879,51.1369,28.3237,45.0548,61.0435,148.82,28.1401,8.14023,113.656,619.089,0.201781,0,0.0208524,0.138051,0.136912,0.0711603,8.09127,0.0410722,508.019,867.409,0.0144205,16.4229,0.016977,113.968,71.4984,42.0932,1444.06,0,0,54.2215,765.176,698.768,342.844,
2.42,44.8455,8.59754,28.4843,65.2014,16.4033,0.178389,114.356,30.325,101.771,40.8214,0.65035,35.8172,19.7015,9.11009,22.7212,78.0111,517.245,0,0,0,0,0,0,4.63075,2.33765,660.394,136.215,0,18.9172,241.155,110.687,158.069,105.163,425.015,1.18145,58.685,158.902,783.667,1083.74,766.373,64.2399,27.9342,40.742,84.4112,28.4268,5.65893,359.354,12.1963,50.9408,28.1722,44.4163,59.7318,145.178,26.9651,8.02484,111.715,618.063,0.259829,0,0.034819,0.153793,0.167786,0.110432,8.08897,0.037623,507.775,866.881,0.0216047,16.3304,0.00642707,112.198,73.0974,42.5547,1436.86,0,0,53.2533,764.982,701.205,343.234,
2.425,44.8431,8.58791,28.4555,65.225,16.3909,0.147224,120.123,32.6657,101.607,40.6552,0.662972,34.3959,18.8584,8.62151,21.8837,75.3283,517.201,0,0,0,0.0255952,0,0,4.63022,3.3153,660.318,135.978,0,26.2843,240.367,108.634,165.845,108.855,422.404,1.1321,58.0329,0,783.704,1083.38,766.007,64.2492,27.9463,40.7306,84.3724,28.4404,5.90185,360.365,12.4358,50.7406,28.0202,43.7494,58.2686,140.99,25.7681,7.97544,110.406,617.161,0.310997,0,0.0540663,0.164384,0.188193,0.148925,8.08911,0.0339054,507.822,866.474,0.0305905,16.2637,0,110.367,74.6568,43.0342,1428.89,0,0,52.2661,764.835,703.385,343.597,
2.43,44.8452,8.58277,28.4437,65.2525,16.3855,0.130389,126.908,35.3919,101.444,40.4874,0.679094,33.0688,18.1286,8.23849,21.0475,72.535,517.067,0,0,0,0.0609506,0,0,4.63108,4.24671,660.195,135.818,0,32.7468,238.488,106.446,175.008,113.133,419.531,1.07863,57.4193,155.66,784.075,1083.95,765.998,64.2636,27.9703,40.8134,84.3386,28.4646,6.24769,361.431,12.692,50.5349,27.8672,43.0984,56.8355,137.19,24.6647,8.01213,109.909,616.484,0.356856,0,0.0797974,0.1763,0.205459,0.188017,8.08668,0.0301735,507.836,866.08,0.0420408,16.3261,0,108.465,76.2239,43.5606,1421.71,0,0,51.3768,764.836,706.589,344.358,
2.435,44.8429,8.58033,28.4231,65.2771,16.378,0.110814,134.679,38.4973,101.285,40.3188,0.699386,31.6709,17.3212,7.84011,20.3123,69.8924,516.845,0.0444119,0,0,0.0962158,0,0,4.6318,5.52643,660.038,135.821,0,41.4843,235.824,104.368,185.561,117.994,416.388,1.02897,56.8123,0,783.718,1085.94,766.599,64.2748,27.9921,40.786,84.3074,28.4846,6.53582,362.651,12.9945,50.3263,27.7144,42.4676,55.3708,133.078,23.5091,8.13853,110.325,616.111,0.387611,0,0.110266,0.185436,0.218284,0.222586,8.08449,0.0267559,507.875,865.701,0.0560685,16.385,0,106.541,77.9073,44.1776,1414.39,0,0,50.5004,764.71,710.915,345.39,
2.44,44.8457,8.58337,28.4049,65.3014,16.3726,0.0970783,143.398,41.9792,101.132,40.153,0.725358,30.6727,16.852,7.53208,19.7359,67.6589,516.544,0.0319476,0.00813316,0.00124283,0.117697,0.00156072,0.0475004,4.63243,6.55629,660.059,136.091,0,48.8574,232.669,102.553,197.481,123.425,413.009,0.98636,56.326,153.219,783.644,1089.55,767.892,64.284,28.0137,40.8184,84.2801,28.5057,6.8368,364.136,13.3804,50.1165,27.5642,41.9959,54.2545,130.383,22.747,8.35086,111.679,616.109,0.414352,0,0.143227,0.192577,0.228767,0.249972,8.084,0.0235833,508.067,865.51,0.0730306,16.4031,0,104.648,79.8407,44.9294,1410.08,0,0.0163747,49.9413,764.584,716.896,346.835,
2.445,44.8493,8.59084,28.3907,65.3206,16.3685,0.0917559,153.043,45.8949,100.994,39.9965,0.762707,29.8056,16.4852,7.28799,19.3644,66.0044,516.165,0.0762435,0.00694194,0.00206723,0.157066,0.0304511,0.00910522,4.63648,8.19056,660.228,136.806,0.00270906,59.7841,229.18,101.079,210.686,129.39,409.516,0.951018,55.9952,0,783.404,1093.95,769.287,64.2958,28.0336,40.8954,84.2525,28.5342,7.17276,366.243,13.974,49.9144,27.4229,41.6738,53.3327,128.213,22.2801,8.62721,113.872,616.483,0.412997,0,0.167744,0.184312,0.220455,0.25664,8.09792,0.0206237,508.482,865.483,0.0892958,16.3698,0,102.929,82.2522,45.9161,1406.19,0,0.000243529,49.5015,764.045,723.853,348.09,
2.45,44.8562,8.59905,28.3805,65.3462,16.3682,0.0837211,163.416,50.0642,100.871,39.8479,0.807956,29.2956,16.2938,7.07103,19.2374,65.0506,515.777,0.145509,0.0172894,0.0065851,0.1771,0.0886763,0.0264447,4.63552,9.61365,660.469,137.669,0.00168408,69.9719,225.908,99.9519,225.112,135.818,405.843,0.926172,55.9313,160.557,784.319,1101.68,772.379,64.3105,28.0644,40.8555,84.2354,28.5621,7.54854,368.308,14.4867,49.7105,27.2857,41.5432,52.7794,126.798,21.8851,8.97599,116.782,617.272,0.427594,0.000103959,0.194489,0.194498,0.230477,0.270234,8.08813,0.0177856,509.029,865.59,0.108981,16.3814,0,101.204,84.8629,47.0166,1404.6,0,0.000735308,49.3724,765.985,735.667,351.145,
2.455,44.8592,8.60824,28.3646,65.3662,16.3661,0.0737659,174.476,54.6426,100.772,39.7166,0.860789,28.8278,16.1017,6.89946,19.2995,64.7636,515.359,0.217865,0.0313722,0.0126777,0.208681,0.140066,0.0589928,4.63936,11.3916,660.737,138.659,0.00424971,81.7741,222.783,99.2029,240.621,142.662,402.18,0.908169,56.1271,0,783.262,1110.52,775.712,64.3243,28.0924,40.8185,84.2184,28.5871,7.92973,371.009,15.2297,49.5166,27.1619,41.5511,52.3964,125.517,21.6155,9.33449,120.103,618.376,0.421975,0.000413632,0.210628,0.18856,0.224085,0.269337,8.09535,0.0152319,509.614,865.704,0.12689,16.4226,0,99.7537,88.0566,48.3925,1402.26,0,0.00134072,49.2464,764.278,749.406,354.357,
2.46,44.8696,8.62215,28.3507,65.3871,16.3659,0.0636413,186.076,59.4603,100.698,39.6038,0.91786,28.7567,16.203,6.82193,19.5581,65.1083,514.951,0.311316,0.0499717,0.021751,0.233855,0.186921,0.111376,4.641,12.8373,661.071,139.833,0.00792673,92.2929,220.153,98.8402,257.095,149.873,398.513,0.899959,56.6168,169.364,783.018,1122.01,780.285,64.3366,28.1226,40.8073,84.2085,28.6193,8.29729,374.008,16.0365,49.329,27.0501,41.7072,52.3632,125.446,21.6672,9.68793,123.519,619.729,0.424099,0.000757763,0.223757,0.19016,0.224617,0.270104,8.09552,0.0128773,510.224,865.964,0.145138,16.4351,0,98.516,91.6854,49.9748,1402.95,0,0.00205678,49.4322,763.876,767.096,358.901,
2.465,44.8831,8.63872,28.3401,65.4074,16.3657,0.0560281,198.165,64.5188,100.655,39.5138,0.978481,28.7092,16.2318,6.74731,19.9756,66.0008,514.567,0.400939,0.069854,0.0346616,0.257272,0.222745,0.174924,4.64375,14.5121,661.389,141.055,0.0125887,103.68,218.073,98.8724,274.317,157.348,394.953,0.900448,57.3315,0,782.763,1135.66,785.725,64.3491,28.1529,40.8265,84.2032,28.6457,8.66243,377.423,16.9746,49.1543,26.9539,41.9783,52.4663,125.288,21.6862,9.98602,126.652,621.181,0.422336,0.000936708,0.23129,0.187368,0.221686,0.267317,8.098,0.0107544,510.742,866.134,0.161722,16.4219,0,97.5788,95.8164,51.7848,1402.24,0,0.00290856,49.5636,763.437,788.103,364.531,
2.47,44.8986,8.66047,28.3321,65.4277,16.3784,0.0849088,210.701,69.7268,100.647,39.4504,1.04491,28.9487,16.4924,6.76145,20.5326,67.3601,514.222,0.477456,0.0891988,0.0524691,0.278903,0.252846,0.242707,4.64682,16.162,661.844,142.514,0.0183028,115.31,216.63,99.2848,292.051,165.001,391.57,0.909347,58.2777,179.797,787.033,1151.48,792.04,64.3655,28.1963,40.8295,84.2013,28.6769,9.11651,381.193,18.0154,48.9914,26.8756,42.3587,52.8258,126.027,21.9981,10.1965,129.181,622.6,0.416417,0.000975216,0.234181,0.184109,0.217172,0.262419,8.1013,0.00936724,511.367,866.492,0.176437,16.6716,0,96.9738,100.411,53.7917,1404.17,0,0.00391706,49.9855,766.458,812.578,371.425,
2.475,44.9166,8.68503,28.3252,65.4479,16.3901,0.125217,223.787,74.9614,100.676,39.4153,1.11235,29.0889,16.5843,6.74147,21.1966,69.1124,513.933,0.54165,0.108145,0.0757072,0.298531,0.279414,0.310751,4.65188,17.954,662.245,143.887,0.0251952,127.603,215.868,100.052,310.098,172.712,388.394,0.926677,59.3796,0,784.116,1169.48,799.258,64.3783,28.2366,40.8325,84.2043,28.7073,9.51375,385.258,19.1387,48.8458,26.8167,42.8072,53.2055,126.263,22.1615,10.2983,130.844,623.842,0.409448,0.000889472,0.233846,0.180357,0.212276,0.256614,8.1046,0.0084658,511.868,866.666,0.189152,16.7054,0,96.7117,105.408,55.9596,1403.67,0,0.00497731,50.2239,764.434,840.323,379.546,
2.48,44.937,8.71215,28.3191,65.4688,16.399,0.130396,237.423,80.1236,100.743,39.4096,1.18106,29.4449,16.8581,6.85088,21.9462,71.1768,513.707,0.596871,0.127836,0.10388,0.316653,0.302993,0.369472,4.65594,19.6235,662.74,145.32,0.0335858,139.382,215.819,101.164,328.266,180.335,385.478,0.952193,60.6268,188.415,782.409,1189.66,807.366,64.3874,28.2724,40.8389,84.2111,28.7373,9.85798,389.517,20.3131,48.716,26.7789,43.3078,53.7374,127.23,22.5447,10.2806,131.427,624.784,0.402266,0.000768805,0.231896,0.176799,0.207599,0.250969,8.10859,0.00825415,512.421,866.941,0.200537,16.7354,0,96.7896,110.708,58.2371,1405.23,0,0.00620624,50.6402,763.007,871.295,389.07,
2.485,44.9593,8.7389,28.3147,65.4901,16.4053,0.115942,251.528,85.1451,100.85,39.4334,1.2491,29.5018,16.8555,6.85386,22.7374,73.4539,513.557,0.643937,0.145467,0.135486,0.332866,0.323903,0.417226,4.66041,21.3578,663.206,146.564,0.0436634,151.346,216.511,102.64,346.422,187.771,382.827,0.987102,61.9561,0,781.868,1212.01,816.357,64.4035,28.3041,40.8485,84.221,28.766,10.219,393.88,21.5051,48.6051,26.7624,43.7794,54.0958,127.067,22.6209,10.1336,130.776,625.322,0.395792,0.000641288,0.229916,0.173634,0.203901,0.246701,8.11277,0.00867056,512.802,866.942,0.211236,16.7394,0,97.1892,116.219,60.5684,1403.48,0,0.00755093,50.762,762.462,905.647,400,
2.49,44.9833,8.76831,28.3174,65.5131,16.4135,0.104597,265.945,90.0243,100.993,39.4857,1.31732,29.7809,17.0418,6.87975,23.5564,75.8405,513.485,0.684197,0.160417,0.16868,0.347281,0.34244,0.455283,4.66663,22.9949,663.743,147.945,0.0555558,162.942,217.995,104.518,364.651,194.962,380.451,1.03266,63.351,195.168,782.322,1236.48,826.19,64.4151,28.3409,40.8558,84.2346,28.7934,10.5982,398.265,22.7016,48.512,26.7677,44.2902,54.5983,127.8,22.9235,9.85942,128.793,625.366,0.390924,0.000602368,0.229401,0.171549,0.201923,0.244705,8.11655,0.00958924,513.169,867.051,0.222577,16.6979,0,97.8806,121.842,62.9025,1404.12,0,0.00906757,51.0663,762.633,943.869,412.566,
2.495,45.0084,8.79888,28.3178,65.5369,16.4222,0.0915627,280.515,94.8138,101.173,39.5662,1.38382,29.7617,16.9831,6.85797,24.3618,78.2509,513.49,0.719738,0.173095,0.201952,0.360974,0.358992,0.486586,4.67193,24.664,664.279,149.132,0.0695155,174.463,220.309,106.809,383.045,201.91,378.333,1.09037,64.7759,0,781.419,1263.05,836.883,64.429,28.3733,40.8638,84.2501,28.8242,10.9951,402.619,23.887,48.4375,26.7944,44.7506,54.902,127.414,22.935,9.4714,125.477,624.857,0.389375,0.000687124,0.231856,0.170873,0.202166,0.245887,8.1202,0.0110046,513.438,866.949,0.235761,16.723,0,98.8235,127.506,65.2161,1402.01,0,0.0107462,51.12,761.997,986.275,426.754,
2.5,45.0386,8.82855,28.3282,65.5636,16.4296,0.0790765,295.135,99.5928,101.386,39.6718,1.44973,29.9538,17.0893,6.89914,25.1542,80.6296,513.573,0.751798,0.184335,0.234322,0.3741,0.374287,0.513285,4.67869,26.3716,664.831,150.456,0.0858598,186.089,223.486,109.47,401.696,208.697,376.476,1.16127,66.1937,200.919,781.325,1291.62,848.373,64.4385,28.4123,40.8665,84.2684,28.8536,11.3888,406.935,25.0665,48.381,26.8421,45.2474,55.3297,127.854,23.1548,8.99636,120.938,623.773,0.391441,0.000971576,0.23857,0.172099,0.20527,0.2512,8.12414,0.0130263,513.698,866.977,0.25244,16.7476,0,99.9817,133.19,67.5098,1402.14,0,0.0126126,51.3504,761.679,1033.43,442.827,
2.505,45.0642,8.85587,28.3324,65.5896,16.4385,0.0676132,309.778,104.477,101.631,39.8013,1.51502,29.8676,16.9846,6.82635,25.9103,82.9548,513.732,0.781325,0.194875,0.266231,0.386938,0.389124,0.537872,4.68436,27.9423,665.443,151.598,0.104842,197.079,227.501,112.41,420.7,215.451,374.845,1.24502,67.6152,0,781.86,1322.18,860.667,64.4501,28.4452,40.872,84.2888,28.8764,11.8016,411.264,26.272,48.3399,26.9101,45.6885,55.5612,127.241,23.101,8.46508,115.415,622.132,0.398687,0.00154355,0.251142,0.175655,0.211937,0.261539,8.12718,0.0154436,513.864,866.776,0.274381,16.7495,0,101.311,138.93,69.8165,1399.66,0,0.0146351,51.3627,763.93,1086.05,461.002,
2.51,45.0889,8.88234,28.3361,65.6165,16.4456,0.0574783,324.565,109.596,101.904,39.9529,1.58701,30.0384,17.0999,6.94908,26.6597,85.2135,513.962,0.812475,0.205592,0.298472,0.401332,0.404094,0.562795,4.69159,29.9052,666.191,152.981,0.127422,209.538,232.286,115.515,440.2,222.318,373.44,1.34007,69.0965,210.008,780.507,1354.65,873.757,64.4601,28.4733,40.8739,84.3113,28.8972,12.2264,415.698,27.5345,48.3139,26.9971,46.1972,55.9826,127.601,23.3036,7.91726,109.274,619.994,0.412639,0.00247421,0.271165,0.181969,0.222586,0.277941,8.13052,0.0191702,514.228,866.848,0.303598,17.005,0,102.778,144.8,72.1954,1400.04,0,0.0170029,51.6194,761.689,1144.62,481.391,
2.515,45.1113,8.90675,28.3669,65.6519,16.4556,0.0537036,339.58,115.063,102.207,40.126,1.65603,29.9643,17.0279,6.87206,27.3652,87.3864,514.26,0.841497,0.217235,0.332839,0.415923,0.420178,0.589478,4.69747,31.4345,666.846,154.146,0.154358,220.587,237.73,118.662,460.286,229.436,372.232,1.44415,70.6355,0,781.285,1389.06,887.632,64.4758,28.5278,40.8787,84.337,28.9363,12.8594,420.346,28.9018,48.3038,27.1038,46.6697,56.248,127.09,23.2649,7.39395,102.928,617.459,0.433734,0.00385019,0.300056,0.191829,0.23806,0.301327,8.13354,0.0239512,514.385,866.641,0.342283,17.1999,0,104.354,150.909,74.7099,1397.86,0,0.0197142,51.6473,761.263,1209.34,504.254,
2.52,45.1365,8.92736,28.3778,65.6847,16.4635,0.0494516,354.884,120.909,102.534,40.3188,1.72865,30.1033,17.1514,6.84776,28.0412,89.429,514.62,0.872542,0.230586,0.37168,0.432801,0.43831,0.620282,4.70463,33.1652,667.595,155.502,0.1875,232.21,243.681,121.711,481.037,236.875,371.223,1.55311,72.2673,219.164,779.754,1425.37,902.287,64.4828,28.5674,40.8783,84.3653,28.9598,13.3934,425.309,30.411,48.3063,27.2277,47.1831,56.6676,127.421,23.4567,6.92381,96.7532,614.655,0.463966,0.00577536,0.339862,0.205534,0.258958,0.332956,8.13683,0.0291934,514.57,866.559,0.393665,17.1975,0,106.011,157.367,77.4201,1397.91,0,0.022731,51.8611,760.414,1279.71,529.715,
2.525,45.1537,8.94424,28.3831,65.7157,16.4703,0.0430559,370.511,127.035,102.885,40.5302,1.80007,30.0057,17.0638,6.90418,28.6306,91.2802,515.037,0.911407,0.246472,0.417615,0.45393,0.459563,0.656995,4.712,34.8915,668.297,156.655,0.228946,243.915,249.922,124.502,502.356,244.583,370.376,1.65997,73.9799,0,779.041,1463.61,917.765,64.4917,28.5955,40.8794,84.3977,28.9719,13.921,430.69,32.0963,48.3218,27.3691,47.6573,56.9251,126.777,23.3764,6.52738,91.0916,611.726,0.505941,0.00837846,0.391951,0.224869,0.286083,0.373544,8.13996,0.0363431,514.722,866.334,0.460391,17.5242,0,107.732,164.297,80.3897,1395.71,0,0.0262704,51.9092,759.894,1355.26,557.785,
2.53,45.1664,8.95597,28.3933,65.7494,16.4764,0.0359273,386.306,133.221,103.256,40.7588,1.87773,30.0553,17.0911,6.8887,29.1398,92.8712,515.5,0.953402,0.265787,0.474046,0.478043,0.484916,0.701533,4.71916,36.6303,669.064,157.926,0.281436,255.856,256.187,126.866,524.032,252.406,369.698,1.75599,75.8001,228.381,781.041,1503.85,934.087,64.5028,28.6224,40.8804,84.4357,28.9929,14.4996,436.558,33.9698,48.3471,27.5265,48.158,57.2563,126.671,23.4123,6.22032,86.2281,608.815,0.559933,0.0123954,0.460288,0.24858,0.320356,0.424288,8.14375,0.0453476,514.855,866.131,0.545579,17.7423,0,109.494,171.777,83.6476,1394.72,0,0.0303571,52.0859,764.68,1435.17,588.374,
2.535,45.1741,8.96168,28.4876,65.8125,16.4929,0.0363035,401.996,139.121,103.647,41.003,1.96554,30.2362,17.0026,7.78273,29.5348,94.1424,516.002,1.03009,0.289275,0.546986,0.516515,0.515507,0.757535,4.7262,39.2978,669.859,159.083,0.34899,270.753,262.153,128.659,545.671,260.053,369.14,1.83158,77.688,0,786.115,1546.19,951.285,64.5348,28.7388,40.8848,84.4801,29.0681,15.6087,442.928,36.0318,48.3816,27.6994,48.7351,57.5562,126.073,23.2716,6.0233,82.4475,606.082,0.633424,0.0178932,0.54812,0.277788,0.362517,0.485755,8.15063,0.0718062,515.413,866.428,0.652345,20.7768,0,111.274,179.863,87.2027,1394.57,0,0.0352442,52.6193,770.273,1518.53,621.371,
2.54,45.1807,8.96084,28.6035,65.8901,16.5154,0.0427442,417.224,144.334,104.058,41.2626,2.04414,30.1276,16.9274,7.81045,29.8173,95.0584,516.531,1.0825,0.318565,0.640094,0.546886,0.552433,0.82389,4.73311,40.43,670.446,160.087,0.436242,281.301,267.485,129.798,566.645,267.16,368.701,1.87998,79.671,238.162,784.64,1590.66,969.433,64.5624,28.9052,40.8923,84.532,29.1549,16.9027,449.779,38.2654,48.4263,27.8874,49.2399,57.7512,125.406,23.13,5.94923,80.0001,603.678,0.714998,0.0250242,0.65448,0.312892,0.412688,0.559006,8.15807,0.119295,515.372,865.956,0.78332,21.6722,0,113.044,188.556,91.0263,1391.5,0,0.0410212,52.6388,766.746,1604.61,656.485,
2.545,45.1761,8.95348,28.705,65.9694,16.5362,0.050361,431.56,148.464,104.484,41.5352,2.12799,30.5308,16.9474,9.23999,30.0011,95.6046,517.076,1.21237,0.353757,0.756092,0.608532,0.596372,0.905411,4.74115,43.538,671.152,160.875,0.547798,296.531,271.894,130.248,586.265,273.318,368.338,1.89632,81.7144,0,782.644,1637.34,988.568,64.59,29.0697,40.8984,84.5929,29.2235,18.1002,457.036,40.6289,48.4741,28.088,49.8502,58.1348,125.24,23.0131,6.02453,79.1084,601.767,0.824257,0.0333077,0.778544,0.355544,0.470509,0.644082,8.17285,0.244862,515.979,866.546,0.943094,27.2318,0,114.775,197.798,95.091,1394.21,0,0.0479627,53.5391,763.835,1693.23,693.245,
2.55,45.1638,8.93789,28.8369,66.0586,16.5669,0.0702159,444.539,151.163,104.925,41.8194,2.18884,30.4333,16.8775,10.4696,30.0773,95.8152,517.625,1.28638,0.397187,0.897619,0.649217,0.648474,0.99864,4.74913,43.6091,671.482,161.315,0.689681,302.044,275.127,130.028,603.853,278.107,368.029,1.88049,83.8422,251.198,784.388,1686.25,1008.72,64.6178,29.2678,40.9134,84.6644,29.3028,19.4529,464.579,43.061,48.5325,28.3031,50.3226,58.3045,124.489,22.7811,6.26527,79.9381,600.496,0.932193,0.0434982,0.918941,0.40363,0.537262,0.738523,8.18826,0.488385,515.796,865.842,1.13059,29.2111,0,116.439,207.457,99.3358,1390.76,0,0.0564817,53.5948,761.85,1783.62,731.23,
2.555,45.1479,8.91428,28.9184,66.1351,16.5891,0.101128,455.665,152.104,105.374,42.112,2.24841,31.0103,16.9295,13.037,30.0972,95.7384,518.174,1.47209,0.446789,1.06705,0.734127,0.709572,1.11209,4.75812,46.2357,671.92,161.302,0.868854,313.143,277.016,129.184,618.622,281.109,367.739,1.83535,85.975,0,779.756,1737.43,1029.91,64.6385,29.4117,40.9258,84.7458,29.3356,20.4197,472.245,45.4834,48.589,28.5282,50.9217,58.696,124.499,22.5782,6.6883,82.5758,599.996,1.07899,0.0551147,1.07439,0.459031,0.613227,0.842796,8.21445,0.92491,516.197,866.411,1.34288,36.5026,0,118.007,217.359,103.65,1394.88,0,0.0670265,54.7574,758.567,1874.54,769.972,
2.56,45.1185,8.88223,28.9127,66.1826,16.593,0.0880432,464.364,151.024,105.827,42.4104,2.2753,31.1807,16.9175,16.7264,30.0646,95.4101,518.71,1.59814,0.505502,1.26584,0.795766,0.780314,1.24111,4.76835,45.6513,671.974,160.85,1.0928,312.65,277.439,127.76,629.737,281.956,367.432,1.76479,88.1288,263.135,775.469,1790.8,1052.11,64.6459,29.4378,40.9445,84.8385,29.3012,20.78,479.835,47.798,48.6524,28.7643,51.3273,58.8926,124.028,22.2864,7.30147,87.0076,600.36,1.22467,0.0692285,1.24484,0.519292,0.697046,0.958389,8.24416,1.50322,516.048,865.763,1.57765,40.4994,0,119.459,227.271,107.905,1393.17,0,0.0800326,55.207,756.56,1964.16,809.05,
2.565,45.0791,8.84334,28.8847,66.2166,16.586,0.0573303,470.085,147.8,106.278,42.7113,2.30314,31.8318,17.0739,20.4888,29.9809,94.8622,519.227,1.81156,0.57304,1.49544,0.893205,0.860604,1.39263,4.77963,46.6269,672.136,159.963,1.36015,314.955,276.323,125.797,636.41,280.34,367.108,1.6736,90.3364,0,773.921,1846.32,1075.29,64.6647,29.3959,41.0056,84.943,29.2481,20.9878,487.142,49.9058,48.7082,29.0077,51.8488,59.2813,124.317,22.0711,8.10284,93.0893,601.637,1.40842,0.0852625,1.43041,0.585731,0.789098,1.08574,8.28458,2.20149,516.029,865.859,1.83253,47.5281,0,120.777,236.943,111.929,1396.67,0,0.0962748,56.3787,755.525,2050.68,848.058,
2.57,45.034,8.79286,28.854,66.2493,16.5716,0.0325972,472.38,142.537,106.722,43.012,2.29499,32.0138,17.0494,22.8567,29.8601,94.1281,519.719,1.97608,0.652142,1.75723,0.972033,0.951134,1.56243,4.79051,44.5748,671.75,158.486,1.66946,304.526,273.681,123.363,638.03,276.158,366.717,1.56832,92.5297,272.88,773.04,1904.08,1099.39,64.6886,29.3277,41.0296,85.0586,29.2029,21.1318,493.954,51.7167,48.767,29.2577,52.0784,59.3731,123.844,21.6556,9.06725,100.561,603.797,1.58709,0.103739,1.63075,0.656514,0.889486,1.22547,8.32937,2.89416,515.247,864.607,2.10616,51.7754,0,121.953,246.11,115.555,1394.1,0,0.116616,56.764,754.729,2132.21,886.927,
2.575,44.9731,8.73261,28.8193,66.2839,16.549,0.024797,471.046,135.635,107.147,43.3069,2.28304,32.6602,17.2,26.2738,29.732,93.2561,520.181,2.22143,0.742406,2.04999,1.08262,1.05097,1.75364,4.80228,44.0062,671.397,156.696,2.01859,297.453,269.6,120.581,634.382,269.598,366.246,1.45616,94.669,0,771.865,1963.88,1124.32,64.7213,29.2508,41.0561,85.1861,29.1617,21.274,500.065,53.157,48.8157,29.5108,52.4495,59.6729,124.255,21.3643,10.1624,109.048,606.744,1.79746,0.124901,1.84273,0.730711,0.99719,1.3752,8.38329,3.65753,514.71,864.083,2.39803,58.0009,0,122.991,254.499,118.621,1396.49,0,0.142273,57.7957,753.833,2207.38,925.352,
2.58,44.901,8.66249,28.783,66.3226,16.5223,0.0228499,466.243,127.752,107.548,43.5929,2.24483,32.8956,17.3184,27.0041,29.6219,92.316,520.607,2.40842,0.845995,2.36489,1.17071,1.15989,1.95978,4.81336,40.4623,670.626,154.671,2.40649,277.6,264.283,117.641,625.802,261.194,365.679,1.34527,96.7732,278.436,770.733,2025.63,1149.93,64.7528,29.1778,41.0953,85.324,29.1292,21.4181,505.292,54.1621,48.8569,29.7649,52.5132,59.7899,124.464,21.058,11.3282,118.072,610.314,2.00664,0.15001,2.06454,0.811107,1.11195,1.53371,8.44,4.32711,513.177,862.071,2.70782,60.559,0,123.892,261.881,120.995,1393.37,0,0.174345,57.9838,752.891,2275.26,962.96,
2.585,44.8163,8.57985,28.7467,66.366,16.4897,0,458.378,119.712,107.916,43.8658,2.21313,33.5715,17.6319,29.5968,29.5649,91.4061,520.996,2.67231,0.959518,2.70478,1.28962,1.27632,2.18737,4.82526,38.8263,669.934,152.616,2.83176,264.082,258.034,114.759,612.948,251.693,365.019,1.24313,98.8724,0,769.543,2088.98,1176.04,64.7891,29.1149,41.1426,85.4734,29.1059,21.6027,509.475,54.7006,48.8839,30.0165,52.7481,60.1437,125.487,20.9234,12.4914,127.092,614.28,2.2473,0.179078,2.29946,0.909035,1.23233,1.70273,8.50358,4.99213,512.166,860.938,3.03726,64.3826,0,124.677,268.041,122.59,1394.95,0,0.214475,58.8241,751.875,2335.45,999.324,
2.59,44.7196,8.48922,28.721,66.416,16.4542,0,448.071,112.221,108.245,44.1228,2.16182,33.8213,17.8657,28.5287,29.5874,90.6248,521.346,2.87077,1.08579,3.07078,1.38352,1.3994,2.43141,4.83624,34.5687,668.77,150.559,3.2929,239.716,251.214,112.141,596.951,241.935,364.275,1.15549,100.959,283.912,768.713,2153.66,1202.48,64.8243,29.0774,41.1952,85.6324,29.1007,21.817,512.475,54.7638,48.8989,30.2644,52.6967,60.3623,126.277,20.7565,13.5823,135.532,618.401,2.47998,0.213311,2.54955,1.02759,1.3577,1.88227,8.56663,5.48054,509.963,858.248,3.38623,64.172,0,125.366,272.808,123.348,1390.83,0,0.264091,58.7436,750.883,2388.25,1033.97,
2.595,44.6096,8.38847,28.6845,66.4676,16.4152,0,436.1,105.753,108.528,44.3609,2.12437,34.4466,18.2208,29.9369,29.7282,90.0616,521.661,3.14908,1.22475,3.4634,1.50803,1.52722,2.69234,4.84495,32.6727,667.707,148.662,3.78173,224.606,244.206,109.958,579.063,232.602,363.452,1.08643,103.049,0,766.955,2219.14,1229.06,64.857,29.0482,41.2517,85.8005,29.0943,22.0026,514.186,54.3657,48.8949,30.5043,52.8153,60.7576,127.561,20.6911,14.5422,142.901,622.424,2.74267,0.25222,2.81612,1.15073,1.48675,2.07128,8.63329,5.9086,508.52,856.544,3.75238,65.2359,0,125.976,276.042,123.24,1390.8,0,0.325045,59.301,749.602,2434.3,1066.6,
2.6,44.4869,8.27811,28.6456,66.5174,16.3707,0,423.297,100.478,108.76,44.5766,2.07253,34.4516,18.369,27.3765,29.9866,89.7746,521.938,3.35966,1.37771,3.88037,1.60561,1.65894,2.96405,4.85227,28.6339,666.13,146.855,4.29381,201.221,237.384,108.329,560.603,224.162,362.527,1.03814,105.086,285.42,765.47,2284.9,1255.54,64.8801,29.0279,41.3076,85.9759,29.1002,22.1021,514.531,53.522,48.8743,30.7356,52.6049,60.8891,128.076,20.4758,15.3273,148.825,626.132,2.9966,0.297323,3.09925,1.25729,1.61826,2.26771,8.69681,6.12463,505.724,853.237,4.13826,62.3797,0,126.521,277.602,122.27,1384.11,0,0.398869,58.7995,748.298,2474.85,1097.03,
2.605,44.3504,8.15779,28.6009,66.5643,16.3199,0,410.453,96.3279,108.937,44.7669,2.04005,34.8596,18.5037,28.0111,30.3944,89.7983,522.18,3.66386,1.54139,4.31262,1.73832,1.79942,3.25061,4.85982,27.5244,664.645,145.186,4.83068,189.444,231.041,107.301,542.738,216.879,361.51,1.01186,107.013,0,764.896,2350.48,1281.7,64.9069,29.0148,41.364,86.1571,29.1033,22.1616,513.468,52.2814,48.8304,30.9554,52.591,61.1075,128.686,20.2082,15.9269,153.091,629.35,3.27922,0.348929,3.39986,1.33154,1.75153,2.47255,8.76227,6.29642,503.999,851.182,4.54748,61.9619,0,127.007,277.435,120.479,1381.44,0,0.486848,59.0601,749.469,2511.32,1125.29,
2.61,44.2007,8.02763,28.5506,66.6073,16.2619,0,398.143,93.1308,109.052,44.9284,1.9971,34.52,18.4779,24.5509,30.9639,90.1668,522.389,3.88022,1.71799,4.75777,1.83565,1.96037,3.54454,4.86315,24.0033,662.673,143.646,5.39211,169.468,225.407,106.866,526.186,210.791,360.349,1.0085,108.821,282.067,762.21,2415.14,1307.31,64.9234,29.0064,41.4204,86.3412,29.1166,22.1619,511.014,50.7087,48.7669,31.1627,52.2138,60.9948,128.505,19.8281,16.3535,155.668,631.961,3.5447,0.408672,3.71297,1.38218,1.88758,2.68529,8.82227,6.26314,500.774,847.435,4.9824,57.6834,0,127.429,275.487,117.938,1371.96,0,0.590417,58.1722,746.059,2545.34,1151.47,
2.615,44.0364,7.8921,28.5048,66.6453,16.2014,0,386.625,90.6309,109.105,45.0594,1.97569,34.6624,18.4115,25.031,31.7178,90.9529,522.565,4.21539,1.9062,5.21601,1.97574,2.13597,3.84787,4.86483,23.8571,660.78,142.188,5.97654,163.267,220.606,106.979,511.211,205.721,359.024,1.0286,110.417,0,760.903,2478.38,1332.18,64.9416,29.0042,41.6081,86.5266,29.1298,22.1684,507.254,48.8724,48.6792,31.3544,52.0568,60.9165,128.26,19.3533,16.6454,156.723,633.924,3.85277,0.476483,4.04044,1.45241,2.03877,2.9039,8.88356,6.24201,498.927,845.219,5.44575,57.1177,0,127.779,271.822,114.767,1367.04,0,0.709916,58.2047,745.382,2577.94,1175.78,
2.62,43.8542,7.74588,28.4463,66.6742,16.1328,0,375.804,88.5407,109.091,45.1561,1.93978,34.116,18.2281,21.885,32.6984,92.2599,522.71,4.4423,2.10681,5.68495,2.07368,2.32778,4.15343,4.86308,20.8512,658.361,140.691,6.58125,147.028,216.688,107.561,497.572,201.347,357.497,1.07314,111.841,276.422,758.239,2539.67,1356.09,64.9546,29.0076,41.6213,86.7096,29.1459,22.1111,502.359,46.8686,48.5683,31.5305,51.5616,60.5695,127.496,18.8128,16.8674,156.641,635.256,4.11589,0.55363,4.3827,1.60807,2.20122,3.12796,8.93929,6.0666,495.533,841.335,5.93877,53.0993,0,128.038,266.556,111.113,1356.41,0,0.845173,57.2138,742.35,2609.84,1198.44,
2.625,43.6619,7.58585,28.3824,66.6947,16.0552,0,365.3,86.5193,109.014,45.2171,1.92387,33.9681,17.8325,22.4654,33.957,94.1935,522.834,4.80773,2.31703,6.1596,2.22011,2.50689,4.46446,4.85948,21.435,655.987,139.031,7.19843,145.242,213.634,108.506,484.65,197.251,355.725,1.142,112.973,0,757.38,2598.38,1378.79,64.9673,29.0163,41.6237,86.8862,29.164,22.0422,496.559,44.7917,48.432,31.6906,51.2683,60.1475,126.009,18.0153,17.1132,155.977,636.052,4.41908,0.640287,4.74039,1.77213,2.37514,3.35666,8.99595,5.97516,493.628,839.01,6.46085,53.5611,0,128.192,259.914,107.148,1349.68,0,0.996237,57.1478,743.129,2641.26,1219.7,
2.63,43.456,7.42212,28.3132,66.7025,15.969,0,354.551,84.2408,108.865,45.241,1.89708,33.3222,17.5465,20.6222,35.5514,96.8463,522.938,5.05719,2.53881,6.63365,2.32108,2.66973,4.77193,4.85238,19.121,653.206,137.466,7.82233,132.972,211.336,109.663,471.629,192.971,353.682,1.23429,113.922,269.235,754.924,2654.06,1400.17,64.9697,29.023,41.7518,87.0543,29.1778,21.961,490.169,42.7362,48.2724,31.8334,50.6953,59.5441,124.744,17.3311,17.4716,155.392,636.46,4.69937,0.738505,5.11201,1.90346,2.55219,3.5879,9.04831,5.80582,490.402,835.237,7.01039,51.286,0,128.218,252.199,103.051,1338.54,0,1.16179,56.2757,741.039,2672.02,1239.71,
2.635,43.2361,7.24686,28.2269,66.695,15.8702,0,342.963,81.434,108.651,45.2267,1.88087,33.116,17.1474,21.3378,37.4931,100.271,523.034,5.44016,2.76958,7.10649,2.46817,2.81512,5.08079,4.84446,19.7084,650.349,135.625,8.4515,131.767,209.661,110.881,457.646,188.105,351.329,1.34885,114.607,0,751.264,2706.36,1420.05,64.9734,29.0252,41.7357,87.2089,29.1806,21.8217,483.538,40.7971,48.0878,31.9585,50.3319,59.005,123.224,16.5277,18.0214,155.488,636.666,4.99415,0.847838,5.49297,2.01793,2.71419,3.82013,9.10287,5.76368,488.38,832.809,7.58178,52.9283,0,128.102,243.81,99.0045,1331.85,0,1.34192,56.2771,736.443,2701.68,1258.51,
2.64,43.0109,7.09153,28.1804,66.6755,16.0135,1.35513,330.028,77.9512,108.373,45.1732,1.97404,32.9967,15.6201,18.5096,39.7992,104.478,523.123,5.66518,3.00978,7.57721,2.55662,2.92914,5.38249,4.83435,17.4307,648.299,135.685,9.08491,121.465,208.413,112.039,442.033,182.352,348.879,1.48421,114.995,248.349,822.284,2755,1438.3,65.0779,29.3353,41.7151,87.3458,29.1808,23.7923,477.044,39.0499,47.88,32.0672,50.1326,57.2717,115.133,14.4916,18.8125,156.683,636.831,5.24926,0.969746,5.88099,2.11939,2.86257,4.05258,9.15132,5.75045,485.259,829.122,8.17393,56.1723,0,127.831,235.206,95.1745,1317.43,0,1.53492,57.666,740.78,2729.42,1276.16,
2.645,42.7676,6.91066,28.0852,66.635,16.0424,1.53001,315.402,73.7652,108.03,45.0802,1.94501,32.927,15.5206,19.5946,42.4677,109.447,523.217,6.11359,3.25683,8.04268,2.72041,3.01741,5.68254,4.82199,18.2252,644.445,132.895,9.719,119.516,207.418,113.04,424.372,175.605,346.205,1.63858,115.147,0,776.394,2799.58,1454.8,65.0458,29.4952,41.6998,87.463,29.1679,24.2559,471.048,37.5833,47.6483,32.16,49.8337,56.8309,115.071,13.889,19.8584,159.167,637.102,5.55584,1.10333,6.27492,2.21192,2.99966,4.28337,9.20441,5.91875,483.278,826.785,8.78489,60.5815,0,127.402,226.831,91.7021,1312.75,0,1.73905,58.0331,840.298,2754.28,1292.55,
2.65,42.528,6.78433,28.0933,66.584,16.5717,5.29612,299.055,69.0045,107.631,44.9468,2.08948,32.6865,13.9013,16.0545,45.5105,115.201,523.316,6.26446,3.51268,8.49989,2.77847,3.0891,5.97245,4.80977,15.8519,642.131,133.899,10.3516,111.552,206.5,113.807,404.631,167.96,343.515,1.81104,114.951,244.637,818.804,2840,1469.49,65.2082,30.2565,41.833,87.5563,29.1551,28.8357,465.855,36.4422,47.3945,32.2295,49.7612,54.9259,105.699,11.7649,21.1616,162.928,637.564,5.79676,1.25094,6.67294,2.29433,3.11182,4.51057,9.24987,6.14967,479.538,823.12,9.41143,68.391,0,126.823,219.116,88.7058,1302.03,0,1.95405,60.0152,658.101,2774.98,1307.46,
2.655,42.2664,6.60568,27.9911,66.5078,16.8157,5.79491,281.319,63.9442,107.17,44.7757,2.02393,32.8394,14.2533,18.1463,49.0102,121.82,523.428,6.75839,3.77316,8.9456,2.95215,3.19673,6.25958,4.79397,16.3608,637.443,130.335,10.9772,106.156,205.492,114.267,383.182,159.704,340.65,1.99884,114.747,0,817.119,2876.02,1482.29,65.1217,30.6206,41.7738,87.6235,29.1266,29.8769,461.674,35.648,47.1192,32.2904,49.5181,54.6357,106.863,11.545,22.7116,167.874,638.248,6.09294,1.41017,7.07154,2.35865,3.20548,4.73327,9.30066,6.51747,477.602,820.643,10.0498,73.2294,0,126.103,212.35,86.2605,1298.48,0,2.17867,60.1209,953.397,2790.19,1320.69,
2.66,42.0122,6.47277,27.9624,66.4002,17.5393,9.93635,262.828,58.934,106.658,44.5648,2.15755,32.463,13.1449,14.3456,53.0566,129.414,523.559,6.83894,4.03986,9.37968,2.98311,3.39025,6.53395,4.77949,13.6257,634.589,132.104,11.5921,97.1365,204.231,114.351,360.682,151.276,337.781,2.20046,114.293,247.243,793.871,2907.57,1493.21,65.2518,31.5532,41.687,87.6609,29.0666,34.8235,458.598,35.2192,46.8235,32.3365,49.48,53.6513,102.464,10.1655,24.5191,173.908,639.161,6.28073,1.58296,7.46662,2.42069,3.27878,4.94993,9.34171,6.89022,473.129,816.64,10.6929,80.647,0,125.259,206.727,84.4019,1290.8,0.0238342,2.41318,62.3631,575.645,2798.69,1331.88,
2.665,41.7316,6.2724,27.8239,66.2689,17.9438,9.78769,244.608,54.3772,106.091,44.3194,2.05628,32.9654,13.8468,16.6662,57.6876,138.092,523.719,7.41941,4.30885,9.79958,3.17691,3.60303,6.80425,4.76115,14.7434,629.36,127.755,12.1942,92.6474,202.556,113.99,338.057,143.264,334.745,2.41283,113.987,0,844.162,2934.65,1502.22,65.1016,31.9095,41.61,87.6675,29.0081,35.2189,456.62,35.1172,46.5084,32.368,49.3692,53.6887,105.374,10.2805,26.6098,181.009,640.304,6.59294,1.76589,7.85476,2.52391,3.34315,5.15879,9.38999,7.38739,471.427,814.268,11.3333,84.4507,0,124.31,202.31,83.1173,1288.18,0.00286558,2.65776,62.3044,998.176,2799.53,1340.73,
2.67,41.45,6.10816,27.7584,66.1055,18.3921,12.8047,227.773,50.6442,105.481,44.0383,2.1606,32.6636,13.3921,14.3094,62.9851,147.905,523.921,7.45933,4.58196,10.2043,3.18488,3.77664,7.06144,4.74281,12.7785,625.857,129.556,12.7821,88.342,200.341,113.141,316.202,136.244,331.672,2.63472,113.59,255.57,788.775,2957.38,1509.4,65.1681,32.7393,41.5304,87.6408,28.9263,39.1457,455.651,35.3237,46.1754,32.3846,49.3322,53.6587,105.43,9.78064,29.0273,189.208,641.664,6.74994,1.96162,8.23462,2.6845,3.42928,5.35901,9.42801,7.82032,466.973,810.261,11.9667,89.8079,0,123.271,199.079,82.366,1281.64,0.00911132,2.91231,64.0829,625.618,2792.28,1346.97,
2.675,41.1463,5.88586,27.5671,65.9117,19.2856,2.83755,213.15,48.0412,104.827,43.728,2.07273,33.3539,14.0293,17.8011,68.9548,158.84,524.168,8.12377,4.85477,10.5913,3.39102,3.92315,7.31279,4.72161,15.0419,620.568,125.788,13.3539,90.5973,197.492,111.825,296.211,130.766,328.428,2.8671,113.378,0,879.342,2975.84,1514.84,64.9782,32.9517,41.436,87.5803,28.835,38.6556,455.58,35.8043,45.8257,32.3892,49.299,54.0451,109.795,10.0091,31.8274,198.563,643.235,7.06846,2.1653,8.60253,2.7865,3.57141,5.54992,9.4744,8.38587,465.427,807.908,12.5893,92.6432,0,122.157,196.966,82.0789,1277.26,0.0235091,3.17782,63.8186,1007.94,2777.12,1350.45,
2.68,40.837,5.69919,27.462,65.6835,10.7232,25.7407,201.308,46.8058,104.138,43.387,2.11535,32.4257,14.216,16.883,75.6412,170.807,524.469,8.15962,5.12843,10.9579,3.39019,4.04979,7.55275,4.69744,14.4101,615.902,127.322,13.9066,94.0833,193.995,110.133,279.522,127.213,324.968,3.11423,113.161,274.528,856.207,2990.4,1518.61,64.9896,33.6593,41.3146,87.4843,28.729,42.0796,456.297,36.5304,45.4606,32.3803,49.1174,54.5744,111.949,10.1481,35.0662,209.164,645.028,7.2018,2.37925,8.95534,2.85052,3.72069,5.72994,9.51128,8.90369,461.225,804.398,13.1954,98.3549,0,120.97,195.898,82.1978,1275.08,0.0590928,3.454,64.5712,771.601,2754.51,1351,
2.685,40.5007,5.45172,27.2329,65.4299,25.6315,16.023,192.726,47.1299,103.417,43.0247,2.03839,33.157,14.4844,21.14,83.0602,183.741,524.829,8.77423,5.40034,11.3052,3.57236,4.1644,7.79203,4.66998,15.589,610.775,123.143,14.4393,92.4692,189.918,108.196,267.458,125.809,321.289,3.38135,113.204,0,827.001,3001.26,1520.89,64.7652,33.6891,41.1915,87.3524,28.6215,40.7706,457.736,37.515,45.0821,32.3619,49.0446,54.8449,113.976,10.2799,38.8273,221.178,647.044,7.48715,2.59782,9.2895,2.91068,3.85502,5.89814,9.55464,9.44118,459.543,801.215,13.7811,98.5386,0,119.713,195.831,82.7023,1263.48,0.137886,3.74294,63.6697,898.778,2725.26,1348.6,
2.69,40.1725,5.28074,27.1655,65.1439,22.3733,15.3587,187.815,49.1193,102.671,42.6351,2.13083,30.4104,14.0647,13.9481,91.2079,197.613,525.247,8.61029,5.66987,1.64087,3.51197,4.27252,8.02156,4.64354,15.3521,605.928,124.163,14.9491,101.82,185.367,106.154,260.68,126.635,317.302,3.67467,113.127,280.505,766.391,3008.77,1521.8,64.8592,34.6851,41.0341,87.1836,28.5084,46.5523,459.879,38.7743,44.69,32.3317,48.6567,54.7338,110.18,9.82727,43.188,234.842,649.293,7.55153,2.82326,9.60254,2.96022,3.95611,6.05586,9.58282,9.94526,453.646,797.129,14.3404,106.764,0,118.378,196.769,83.591,1261.07,0.279143,4.04348,64.3729,766.4,2690.12,1343.39,
2.695,39.8212,5.0866,26.9624,64.8295,13.39,23.8369,186.678,52.7995,101.911,42.2309,2.1477,31.3459,14.1774,16.896,100.127,212.415,525.727,9.32268,5.94332,15.9939,3.71889,4.37304,8.24029,4.61285,18.7792,601.191,124.329,15.434,114.515,180.507,104.128,259.224,129.627,313.044,4.00109,113.284,0,1043.19,3013.42,1521.55,64.6342,35.034,41.3939,86.982,28.384,47.6851,462.734,40.3454,44.2891,32.294,48.6275,54.7059,111.56,9.79558,48.2128,250.343,651.77,7.9446,3.04878,9.89282,3.00261,4.03294,6.2035,9.61878,10.5413,452.256,794.25,14.8678,111.105,0,116.955,198.735,84.8773,1248.77,0.488229,4.35837,64.2377,1020.78,2649.88,1335.36,
2.7,39.4821,4.95758,26.9207,64.4747,27.8402,25.7631,189.109,58.1457,101.145,41.8047,2.34408,28.204,12.9177,15.6112,109.742,228.238,526.267,9.26004,6.21436,13.9614,3.68397,4.46472,1.19144,4.58388,22.5861,596.641,126.043,15.8937,139.285,175.511,102.251,262.801,134.63,308.43,4.36703,113.058,293.781,644.366,3015.56,1520.29,64.7728,36.515,41.0443,86.7432,28.2428,56.1073,466.308,42.2561,43.8787,32.2484,48.5566,53.982,101.715,8.58367,53.8988,267.669,654.438,7.9084,3.27668,10.1581,3.0337,4.09494,6.3366,9.64303,11.3507,449.24,791.684,15.3598,125.974,0,115.432,201.755,86.5814,1247.37,0.742114,4.68705,65.7294,699.924,2605.11,1324.69,
2.705,39.1245,4.92391,26.9787,64.1302,25.504,31.5479,194.651,65.0861,100.387,41.3689,2.50595,29.2139,13.7747,20.0863,119.891,245.129,526.856,9.79179,6.57989,13.2541,3.81731,4.54984,91.5677,4.55366,25.71,592.349,131.404,16.3276,163.101,170.601,100.677,270.864,141.418,303.495,4.78252,112.942,0,1552.27,3015.65,1518.2,64.568,37.5166,44.451,86.496,28.1603,61.5655,470.596,44.5214,43.4622,32.1988,48.5186,53.4142,103.718,8.85598,60.1473,286.425,657.191,8.97339,3.50089,10.3968,3.06535,4.14475,6.45308,9.67544,12.1694,447.274,788.733,15.8136,136.409,0,113.795,205.837,88.7047,1232.95,1.00823,5.03289,66.1618,1404.14,2556.2,1311.48,
2.71,38.7813,4.92177,27.0222,63.7147,25.4987,38.7954,202.809,73.4495,99.6458,40.9145,2.78213,23.9373,11.8366,12.286,130.41,262.949,527.482,9.54147,6.76929,13.1128,3.73917,4.62921,0,4.52529,29.805,587.464,133.647,16.7339,191.735,166.012,99.6012,282.691,149.735,298.146,5.26334,112.244,318.393,479.304,3014.08,1515.48,64.7298,39.6831,43.1468,86.2105,27.9963,73.0136,475.548,47.1489,43.0405,32.1449,48.3847,52.2255,88.8688,7.27853,66.7289,305.785,659.873,8.29981,3.72209,10.6078,3.08081,4.18255,6.55142,9.69134,13.1809,442.452,785.736,16.2265,154.294,0,112.038,210.941,91.2215,1232.2,1.26969,5.39315,68.2679,554.352,2503.79,1295.91,
2.715,38.4235,4.94836,27.1733,63.3106,22.153,44.8671,213.203,83.0383,98.932,40.4558,2.96926,25.1451,13.339,16.0234,141.061,281.335,528.116,9.98394,7.22406,41.8984,3.84683,4.70162,0,4.49415,32.1328,582.941,137.307,17.1114,212.016,162.009,99.2278,297.646,159.275,292.485,5.83132,111.824,0,1999.44,3011.24,1512.28,64.4635,41.2188,46.643,85.9234,27.9055,80.5802,481.094,50.127,42.6162,32.09,48.4005,51.6534,93.075,7.92504,73.3555,324.66,662.265,9.63917,3.93487,10.7894,3.09775,4.20866,6.63178,9.71335,14.063,440.221,782.316,16.5961,164.139,0,110.161,216.997,94.1035,1217.93,1.5176,5.77163,68.4397,1723.45,2448.56,1278.2,
2.72,38.0759,4.94377,27.2,62.818,34.9961,52.7949,225.532,93.7647,98.2562,39.9833,3.25453,21.2291,11.4738,11.7147,151.75,299.736,528.722,9.83144,7.33819,0,3.8025,4.76499,3.47258,4.46561,37.6582,577.785,140.121,17.4587,241.881,158.861,99.7253,315.037,169.682,286.444,6.51119,110.917,341.827,477.881,3007.47,1508.69,64.539,43.5523,44.3864,85.5938,27.7014,91.2616,487.129,53.4243,42.1905,32.0342,48.4929,50.8392,82.4884,6.7564,79.6692,341.966,664.134,8.59957,4.13914,10.9415,3.09717,4.22359,6.69368,9.7202,15.1529,436.561,779.536,16.9222,180.976,0,108.174,223.888,97.3004,1217.56,1.74909,6.16563,70.7277,494.307,2391.39,1258.61,
2.725,37.7088,4.8962,27.3285,62.3353,25.8587,57.7611,239.534,105.699,97.6278,39.5123,3.44668,22.9879,13.0722,14.4687,162.353,317.509,529.259,10.3443,8.03589,0,3.92294,4.82022,6.28346,4.43445,41.8643,573.054,142.323,17.7729,271.313,156.788,101.173,334.192,180.615,280.14,7.33046,110.298,0,2318.08,3003.08,1504.86,64.2375,45.2688,46.4748,85.2512,27.5931,97.9228,493.508,56.9727,41.7654,31.9822,48.7285,50.4029,93.0747,7.65858,85.2935,356.695,665.265,9.77868,4.33071,11.0639,3.09848,4.22717,6.73725,9.73274,16.1682,434.345,776.627,17.2035,190.575,0,106.096,231.454,100.744,1205.4,1.97041,6.57922,71.3095,1967.94,2333.42,1237.34,
2.73,37.3551,4.83294,27.3246,61.7498,40.7925,66.3963,254.908,118.51,97.0554,39.032,3.77751,18.1172,10.4202,9.90762,172.596,334.075,529.649,10.1265,7.90805,0.229512,3.85536,4.86754,7.82435,4.40552,48.8027,568.003,145.103,18.0516,308.625,155.952,103.558,354.523,191.654,273.504,8.31499,109.067,362.393,391.203,2998.18,1500.84,64.3111,47.8257,43.6213,84.8579,27.339,108.629,500.049,60.6928,41.3444,31.9343,49.1256,49.7825,74.2015,5.90356,89.9267,368.003,665.479,8.62258,4.50948,11.1567,3.08132,4.2198,6.76302,9.72844,17.4858,431.248,774.313,17.4411,209.05,0,103.961,239.461,104.318,1206.26,2.18584,7.00671,73.6836,425.465,2276,1214.82,
2.735,36.9717,4.82933,27.5347,61.1899,35.8806,71.169,271.186,131.498,96.5461,38.5587,4.02016,17.5894,12.0672,10.343,182.049,348.797,529.817,10.9124,9.34253,0.80931,4.02319,4.90642,8.62577,4.37378,54.2357,563.663,149.162,18.2926,345.808,156.439,106.753,375.708,202.454,266.693,9.48708,108.038,0,2571.52,2993.05,1496.74,63.8893,49.4982,48.597,84.4689,27.2118,114.336,506.494,64.4404,40.929,31.8948,49.6857,49.6648,71.4771,6.55321,93.3491,375.262,664.639,10.9616,4.67072,11.2193,3.06617,4.20136,6.77069,9.74039,18.7793,429.395,772.309,17.6336,220.159,0,101.806,247.608,107.86,1196.66,2.39931,7.4505,75.1766,2169.06,2220.53,1191.4,
2.74,36.6028,4.81617,27.5089,60.5117,12.0858,79.2971,287.773,144.047,96.109,38.0807,4.37343,16.7143,9.9599,12.0762,190.186,361.078,529.699,10.7158,9.03562,1.13608,3.95444,4.93667,9.03168,4.34405,62.3727,558.606,152.402,18.4943,388.051,158.214,110.538,397.363,212.644,259.668,10.8612,106.206,390.156,312.427,2987.79,1492.53,63.917,51.9269,45.2921,84.0216,26.8867,124.04,512.551,68.059,40.5206,31.8646,50.4598,49.4834,65.3459,5.52218,95.4571,378.101,662.654,8.93003,4.81646,11.2541,3.03826,4.17334,6.76231,9.73686,20.4537,427.423,770.552,17.785,239.712,0,99.6827,255.533,111.179,1199.41,2.61421,7.90852,78.0391,369.087,2168.62,1167.64,
2.745,36.2013,4.72411,27.5798,59.8414,68.3194,82.7082,304.012,155.676,95.7441,37.6167,4.60308,17.3138,13.1118,13.7313,261.513,370.37,529.222,12.0716,13.1167,1.39294,4.25554,4.98817,9.21773,4.31107,70.9951,554.288,154.814,18.653,430.779,161.14,114.629,418.946,221.928,252.639,12.4354,104.605,0,2735.63,2982.46,1488.3,63.3948,53.2855,48.8196,83.5644,26.6676,128.076,517.929,71.378,40.1216,31.848,51.3723,49.9537,77.3418,7.47207,96.2956,376.538,659.487,11.2316,4.94182,11.2611,3.01361,4.13535,6.73799,9.75735,22.3262,425.478,769.618,17.8949,254.359,0,97.6377,262.854,114.079,1197.85,2.83162,8.38341,81.2413,2329.31,2121.67,1144,
2.75,35.7892,4.58974,27.3838,59.0552,46.2747,87.4283,319.323,166.018,95.4732,37.1569,4.88097,18.9273,10.2614,22.355,245.446,376.18,528.316,11.965,12.7753,1.63294,4.18592,5.09112,9.31302,4.27887,78.7041,548.988,157.418,18.7671,470.598,164.996,118.745,439.718,230.027,245.522,14.1959,102.484,397.606,335.765,2977.2,1484.02,63.2604,54.9644,44.877,83.0383,26.2886,133.74,522.344,74.2475,39.7367,31.8475,52.6333,50.0321,65.8049,6.15571,96.1485,371.098,655.171,9.04968,5.04865,11.2405,2.97639,4.08852,6.69876,9.76557,24.4844,425.38,768.05,17.9662,272.706,0,95.7181,269.206,116.364,1198.48,3.05151,8.8708,84.2152,395.314,2080.98,1121.05,
2.755,35.3493,4.34852,27.272,58.2743,40.5324,86.994,333.305,174.761,95.2746,36.7167,4.97382,22.4296,13.2601,32.1874,228.867,378.151,526.914,12.9463,17.4299,1.86973,4.37358,5.25228,9.34665,4.2411,82.6132,544.404,157.404,18.8353,490.682,169.522,122.622,458.902,236.707,238.561,16.1213,100.948,0,2576.47,2971.88,1479.71,62.6321,55.4034,47.9688,82.4899,25.9882,133.41,525.588,76.5776,39.365,31.8657,53.7351,50.8338,76.4599,8.33539,95.3943,362.83,649.793,11.3056,5.13469,11.1936,2.94487,4.03777,6.64584,9.79159,26.52,423.634,765.651,17.9986,279.09,0,93.9666,274.319,117.917,1185.95,3.27637,9.37352,84.6321,2195.89,2047.71,1099.38,
2.76,34.8795,4.10354,26.8999,57.3839,51.0596,88.0799,345.542,181.647,95.1558,36.2896,5.13007,20.3031,10.4534,28.6674,218.063,376.093,524.964,12.482,16.0409,2.10236,4.22044,5.47483,9.35203,4.19943,86.1816,538.704,158.512,18.8565,515.519,174.447,126.029,475.723,241.765,231.638,18.1808,99.462,389.242,380.144,2966.74,1475.41,62.3966,56.0485,43.7567,81.8611,25.5753,134.652,527.501,78.3462,39.0094,31.9041,54.3278,50.4536,67.1401,6.99922,94.5593,353.179,643.507,8.87994,5.20126,11.1219,2.89632,3.99903,6.58082,9.79897,28.5022,420.639,761.805,17.9954,289.06,0.0164002,92.4117,277.988,118.681,1181,3.50728,9.88928,86.5977,429.204,2023.4,1079.88,
2.765,34.3992,3.74416,26.6259,56.496,47.7999,85.4495,355.651,186.453,95.0912,35.8857,5.13645,24.0295,13.7091,37.029,209.009,370.018,522.417,13.1332,20.7527,2.32938,4.32657,5.7633,9.32004,4.14988,86.7075,534.038,157.571,18.8305,518.255,179.609,128.787,489.505,245.026,224.953,20.3403,98.6392,0,2508.62,2962.69,1471.56,61.7573,55.6745,46.4515,81.1966,25.1303,131.729,528.057,79.5842,38.668,31.9624,55.3079,51.2821,81.7554,9.66751,94.159,343.762,636.533,11.0984,5.24766,11.0269,2.85228,3.97395,0.917667,9.81565,30.1852,418.555,758.262,17.9591,286.605,0.00846895,91.0833,280.148,118.694,1168.14,3.74487,10.4176,86.1843,2113.68,2008.6,1063.04,
2.77,33.8295,3.49481,26.1001,55.4972,47.9217,85.2475,363.439,189.145,95.0816,35.4986,5.20782,20.5266,10.725,31.5226,200.604,360.198,519.239,12.4883,18.4893,2.54558,4.13484,6.11752,9.26858,4.09549,87.752,528.289,157.348,18.7588,529.598,184.761,130.819,499.794,246.407,218.377,22.5625,98.0257,382.631,410.598,2959.77,1468.14,61.4762,55.6238,42.3061,80.4429,24.8382,131.313,527.331,80.3934,38.3418,32.0415,55.4106,50.4914,68.3615,7.97665,94.6048,336.011,629.132,8.62045,5.2755,10.9104,2.81053,3.96372,50.0845,9.80921,31.7145,414.528,753.262,17.8915,290.717,0.0258977,89.9984,280.816,118.053,1159.3,3.98946,10.9574,87.0339,443.389,2003.3,1049.21,
2.775,33.4257,3.04462,25.5593,54.4767,47.4187,82.5767,368.776,189.801,95.1047,35.1339,5.14858,25.2897,13.8546,38.8891,192.07,347.156,515.425,12.8493,22.8242,2.74893,4.17723,6.54034,9.18552,4.03246,86.6328,523.475,155.181,18.642,522.045,189.661,132.104,506.325,245.929,212.062,24.8182,98.0351,0,2546.01,2957.74,1465.07,60.8608,54.8663,43.152,79.6307,22.4541,128.047,525.469,80.9121,38.0305,32.1387,56.135,51.2121,93.299,10.7723,96.1545,330.9,621.563,10.0835,5.29012,10.7739,2.76626,3.97167,0,9.80236,32.9327,412.084,748.828,17.7956,285.706,0.0573004,89.1652,280.126,116.903,1146.24,4.2408,11.5092,86.1766,2125.94,2007.37,1038.64,
2.78,32.2117,2.74929,25.0146,53.4084,47.3462,81.7831,371.619,188.658,95.1594,34.787,5.15967,20.812,10.8275,31.9809,183.188,331.691,510.976,12.1128,19.7441,2.93487,3.96318,7.02574,9.08749,3.96179,85.279,517.864,153.912,18.4817,520.113,194.128,132.666,509.017,243.713,205.866,27.0828,98.3336,367.279,459.239,2956.38,1462.29,60.5367,54.5213,39.4321,78.7228,25.5238,127.354,522.659,81.2748,37.7327,32.2541,55.8624,50.0416,73.8188,8.8825,98.9043,328.855,614.058,8.13209,5.29811,10.6198,2.7297,3.9989,0,9.77055,33.9293,407.455,742.887,17.6747,285.907,0.116821,88.5814,278.248,115.39,1133.68,4.49737,12.0729,86.1112,468.928,2020.44,1031.48,
2.785,33.1588,2.33611,24.5458,52.3319,46.3355,79.568,371.988,186.019,95.228,34.4627,5.13573,22.0975,13.1905,37.1859,174.12,314.73,505.929,12.2771,23.0235,3.10251,3.94073,7.57202,8.96212,3.88549,82.4711,513.742,152.738,18.2814,503.083,198.044,132.592,507.904,239.933,199.944,29.3503,99.2887,0,2557.22,2955.5,1459.74,59.9216,53.6727,42.493,77.7652,23.0422,124.951,519.088,81.5958,37.4479,32.3856,56.2841,50.5651,75.3835,11.3632,102.765,329.807,606.778,10.4759,5.34407,10.4503,2.70283,4.04414,2.13236,9.7382,34.6273,404.742,738.266,17.5311,279.244,0.231997,88.2415,275.386,113.671,1123.17,4.75929,12.6475,85.3097,2130.12,2041.77,1027.86,
2.79,24.6386,2.1973,25.1505,51.5662,45.779,79.3957,369.975,182.168,95.3105,34.1595,5.21944,21.2132,10.8495,28.8894,165.194,297.299,500.298,11.4014,18.7164,3.24828,3.69955,8.16757,8.82533,3.80308,79.2727,508.333,150.674,18.0441,490.443,201.383,132.047,503.123,234.811,194.161,31.6506,100.661,369.752,433.636,2954.97,1457.32,59.8871,54.3816,39.0849,76.7145,6.87072,129.318,514.932,81.9511,37.1754,32.5331,56.4145,49.2385,71.1641,9.58296,107.533,333.264,599.78,7.94629,5.31475,10.2675,2.6729,4.1047,3.92344,9.6793,35.1372,400.015,732.553,17.3685,281.162,0.436296,88.1313,271.753,111.854,1108.22,0.709054,13.2387,85.1763,449.045,2070.56,1027.79,
2.795,35.5957,1.76178,25.2861,50.6026,45.0594,77.5712,365.687,177.384,95.3957,33.8818,5.15816,23.3348,14.588,34.6628,156.847,280.414,494.149,11.3294,20.3369,3.37263,3.61435,8.80768,8.66399,3.71416,73.2764,504.52,149.557,17.7739,457.22,204.212,131.245,494.903,228.556,188.712,34.0133,102.781,0,2532.32,2954.72,1455.06,59.1729,54.3691,42.4752,75.6166,34.9382,129.93,510.317,82.3801,36.9149,32.6947,56.4518,49.8011,79.8752,13.2977,112.857,338.413,593.041,10.6517,5.36579,10.0729,2.61598,4.18267,4.80343,9.61867,35.2844,396.693,727.246,17.1901,272.937,0.749359,88.2435,267.515,110.014,1099.23,31.4646,13.8445,83.9509,2107.57,2105.81,1031.16,
2.8,31.0644,1.74117,25.7395,49.9252,44.9469,77.2118,359.274,171.903,95.4764,33.6279,5.2254,20.8876,11.6179,24.069,149.294,264.795,487.524,10.3621,14.9541,3.47364,3.35922,9.47829,8.49062,3.62006,69.1473,498.942,146.405,17.4741,436.829,206.676,130.397,483.547,221.389,183.409,36.4734,105.343,365.325,431.717,2954.65,1452.93,59.1165,55.7615,38.6038,74.4248,26.2106,135.847,505.301,82.8944,36.6644,32.8691,56.3531,48.0911,71.4411,11.0063,118.309,344.263,586.441,7.67983,5.2607,9.86909,2.52407,4.28298,5.12919,9.53,35.2394,391.346,720.836,16.9967,273.543,1.16245,88.5698,262.784,108.181,1079.61,0,14.4703,83.4324,449.054,2146.38,1037.81,
2.805,26.381,1.25883,27.8423,49.2268,44.6708,75.6462,350.931,165.939,95.5479,33.4026,5.24558,22.7267,16.497,29.8522,142.671,251.006,480.497,10.196,15.7389,3.55283,3.24655,10.1678,8.29613,3.52021,63.1846,495.463,145.456,17.1507,400.771,208.946,129.657,469.447,213.512,178.427,39.0684,108.577,0,2639.62,2954.82,1450.95,58.5864,57.1101,41.6156,73.1872,25.2388,140.747,499.904,83.4547,36.4234,33.0555,56.4889,48.9657,88.9712,15.9248,123.457,349.816,579.771,10.5173,5.28655,9.65707,2.43844,4.40621,5.24763,9.43915,34.8957,388.088,715.934,16.7934,266.973,1.65885,89.1046,257.63,106.349,1072.16,0,15.1199,82.4836,2123.14,2190.63,1047.42,
2.81,31.9607,1.28329,27.8095,48.7677,44.6065,75.0433,340.873,159.655,95.6048,33.2089,5.33639,23.4313,13.1557,22.9393,136.997,239.187,473.141,9.53001,12.9568,3.61002,3.06043,10.8625,8.09114,3.41573,60.687,490.266,141.547,2.37102,381.339,211.209,129.113,453.045,205.108,173.637,41.8301,112.276,367.067,440.224,2955.43,1449.2,58.5495,59.7528,37.4456,71.8581,26.0805,149.536,494.071,84.0129,36.1912,33.2532,56.8151,47.9607,80.0512,13.2729,127.903,354.171,572.825,7.45479,5.18102,9.43861,2.37299,4.54467,5.27229,9.32527,34.5593,384.083,710.657,16.5812,269.855,2.23175,89.8572,252.049,104.479,1055.52,1.19418,15.7971,82.3043,450.619,2236.34,1059.58,
2.815,29.0432,0.816647,32.7676,48.332,43.7079,73.6941,329.365,153.224,95.6489,33.0483,5.44091,24.9074,18.0067,27.5685,132.243,229.248,465.516,9.53743,15.0925,3.64765,2.97136,11.5573,7.87098,3.30797,57.2462,487.097,140.937,17.2647,355.642,213.627,128.795,434.871,196.379,169.15,44.7396,116.383,0,2736.88,2956.55,1447.74,58.1183,62.6745,40.5495,70.4881,26.7192,158.571,487.739,84.4865,35.9674,33.4628,57.2656,48.6923,96.3976,18.5651,131.338,356.565,565.411,10.6688,5.27009,1.29994,2.33016,4.6963,5.25323,9.21487,34.1779,381.506,707.003,16.3615,269.699,2.84165,90.8263,245.997,102.519,1050.45,1.94991,16.5054,82.3094,2134.13,2281.24,1073.75,
2.82,28.3947,0.831961,31.7914,48.0538,42.9886,72.9311,316.721,146.827,95.6722,32.9251,5.55366,25.71,14.1056,19.6051,128.407,221.003,457.679,8.73837,10.5441,3.667,2.75063,12.2387,7.64702,3.19783,53.7568,481.975,136.741,16.5807,334.125,216.322,128.679,415.506,187.526,164.855,47.7834,120.672,360.911,436.461,2958.39,1446.68,58.0589,66.6225,36.3308,69.0291,28.0058,169.46,480.832,84.8245,35.7499,33.6837,57.9191,47.2903,84.166,15.2069,133.525,356.377,557.36,7.34103,5.0471,10.8336,2.28429,4.84942,5.21451,9.08348,33.8074,377.695,701.878,16.1364,274.775,3.4736,92.0022,239.436,100.429,1029.83,3.12825,17.2496,82.222,438.096,2322.68,1089.18,
2.825,27.4664,0.474596,38.9546,47.795,42.419,71.8602,303.334,140.691,95.6802,32.837,5.73639,27.6469,19.4031,26.8277,125.416,214.257,449.686,8.70322,12.4367,3.6717,2.6453,12.8985,7.41174,3.08685,51.5645,479.194,136.589,64.5445,315.47,219.344,128.671,395.525,178.764,160.844,50.9058,124.974,0,2884.93,2961.23,1446.08,57.6689,70.9077,39.8502,67.537,29.1254,180.386,473.3,84.9748,35.54,33.9156,58.5881,48.2049,105,21.1138,134.315,353.19,548.543,11.1866,5.15735,9.49992,2.26302,5.00406,5.16771,8.95961,33.4694,375.569,698.91,15.9065,277.685,4.13142,93.3771,232.331,98.1699,1025.83,4.01248,18.0286,82.6057,2256.96,2357.99,1105.05,
2.83,26.6621,0.462551,38.7889,47.6187,42.1556,71.175,289.617,134.986,95.6669,32.7863,5.88511,30.1002,15.9317,21.3131,123.166,208.836,441.565,8.03557,9.54325,3.66454,2.4566,13.5278,7.1736,2.9736,49.0683,474.354,133.426,0,298.235,222.655,128.625,375.464,170.308,157.076,54.0335,129.065,357.889,424.066,2965.12,1446.01,57.5688,75.9658,36.0388,65.9636,30.582,191.782,465.132,84.9406,35.3347,34.1582,59.5888,47.1683,96.1722,17.9786,133.659,346.826,538.877,7.66278,4.95805,8.87753,2.2444,5.16507,5.11908,8.81951,33.236,372.617,694.882,15.6704,285.249,4.82016,94.9259,224.707,95.7402,1009.78,4.75526,18.8477,83.2483,421.549,2384.74,1120.54,
2.835,25.8929,0.275947,44.9864,47.4663,41.8976,70.1521,275.971,129.897,95.6371,32.7699,6.08637,32.6134,21.5959,28.2648,121.611,204.611,433.387,7.70767,8.10527,3.64936,2.2911,14.126,6.92405,2.86019,45.0555,471.488,133.949,0,275.642,226.147,128.343,355.71,162.365,153.605,57.0465,133.048,0,3025,2970.16,1446.51,57.2434,81.4172,38.1595,64.3547,31.9123,202.831,456.386,84.7591,35.1335,34.4108,60.5309,47.486,124.79,23.9759,153.193,337.415,528.4,10.969,4.89023,8.50894,2.24917,5.34989,5.07161,8.68481,32.9245,370.135,691.719,15.4295,289.378,5.54925,96.6207,216.645,93.178,1001.94,5.4015,19.703,83.6405,2382.04,2400.53,1134.69,
2.84,25.1209,0.230803,47.2509,47.2745,41.759,69.2368,262.803,125.573,95.5858,32.7877,6.20867,33.3299,17.5594,22.3287,120.69,201.498,425.204,7.11645,6.71062,3.62941,2.13023,14.6849,6.6726,2.74729,44.0338,466.48,130.366,0.191539,263.987,229.614,127.63,336.57,155.099,150.357,59.8619,136.618,344.494,428.398,2976.26,1447.53,57.0147,87.2466,34.4897,62.6737,33.1472,213.226,447.165,84.521,34.9352,34.6722,61.5001,46.299,107.928,20.5695,141.116,325.389,517.132,7.9015,4.74695,8.22452,2.24923,5.56356,5.02689,8.53774,32.7213,367.255,687.619,15.181,296.505,6.31632,98.423,208.284,90.545,985.791,5.97735,20.597,84.1086,426.059,2403.41,1146.63,
2.845,24.3435,0.35115,51.5137,46.988,41.6625,68.4739,250.467,122.104,95.5197,32.8343,6.4065,35.359,22.0579,27.0678,120.369,199.458,417.033,6.96297,8.41472,3.60889,2.01967,15.2085,6.42374,2.63321,43.9294,463.572,130.519,0.957483,257.603,232.824,126.329,318.277,148.638,147.364,62.38,139.576,0,3157.69,2983.28,1448.98,56.5832,93.0762,35.8804,60.9638,34.0797,222.25,437.612,84.3092,34.7382,34.9414,62.502,46.3892,126.916,25.8404,131.833,311.411,505.057,11.0834,4.90925,7.96562,2.2724,5.80377,4.98506,8.40028,32.6627,365.347,685.109,14.9247,302.919,7.1166,100.316,199.804,87.9188,980.164,6.49589,21.522,85.0895,2512.52,2392.1,1155.5,
2.85,23.5228,0.760416,54.8485,46.5761,41.5759,67.4821,239.204,119.55,95.4322,32.9041,6.46406,35.0169,17.977,23.5115,120.668,198.489,408.909,6.40183,7.18387,3.59138,1.86769,15.7132,6.18618,2.52633,43.8856,458.094,127.216,1.88054,252.628,235.544,124.369,301.054,143.067,144.473,64.532,141.626,323.545,438.773,2990.86,1450.74,56.1901,98.8107,32.8798,59.1919,34.7937,229.843,427.874,84.2213,34.5405,35.2163,63.2373,44.6134,111.214,22.2398,124.012,296.319,492.104,8.30934,4.7615,7.7117,2.28965,6.06521,4.94599,8.25545,32.6893,362.498,681.096,14.6576,309.499,7.9573,102.261,191.38,85.3736,960.815,6.96325,22.4738,84.8252,439.788,2366.41,1160.64,
2.855,22.674,1.746,58.1866,46.0012,41.6749,67.2401,229.136,117.898,95.3323,32.9898,6.63786,37.4448,22.0377,29.7395,121.658,198.625,400.883,6.21228,8.93471,3.58062,1.76584,16.1932,5.9616,2.4079,46.3298,455.178,127.727,2.47273,258.446,237.587,121.773,285.199,138.403,141.703,66.2481,142.784,0,3293,2998.57,1452.64,55.6799,104.217,32.7374,57.3896,35.1414,236.204,418.082,84.3051,34.3408,35.4944,64.1881,44.7408,134.219,26.8826,117.332,280.89,478.591,10.8013,4.97327,22.3277,2.3292,6.3449,4.90884,8.11999,32.9922,360.817,678.978,14.3799,317.706,8.83867,104.213,183.176,82.9763,958.623,7.38285,23.4457,85.9729,2604.82,2327.3,1161.63,
2.86,21.785,1.21241,60.8831,45.1662,41.7666,67.3811,220.302,117.099,95.2115,33.0831,6.60444,34.6701,16.6659,24.6092,123.388,199.93,392.988,5.69017,8.19538,3.57985,1.63479,16.6556,5.75738,2.31848,49.0251,448.976,125.295,2.92171,267.818,238.854,118.672,270.936,134.613,138.858,67.523,142.744,307.111,404.368,3005.97,1454.41,55.1024,109.104,29.0165,55.5283,34.9881,240.685,408.326,84.5743,34.1358,35.7724,64.5629,43.7472,111.406,22.2863,111.618,265.841,464.705,7.81453,4.85145,0,2.36043,6.63933,4.87239,7.97794,33.5088,357.913,675.473,14.0862,326.553,9.75517,106.12,175.301,80.7574,950.074,7.7578,24.4284,85.9471,420.95,2277.26,1158.25,
2.865,20.889,0,63.0273,44.094,41.6148,68.1237,212.647,117.01,95.0763,33.1752,6.63955,36.4045,16.6087,27.6042,125.902,202.441,385.238,5.42813,10.5681,3.59218,1.55899,17.1289,5.57494,2.17617,52.7877,444.795,124.722,3.31807,280.818,239.337,115.247,258.331,131.594,135.957,68.3869,141.711,0,3517.85,3012.27,1455.89,54.5235,113.445,23.4356,53.6114,34.5226,243.77,398.667,84.9842,33.9254,36.047,65.3757,43.6076,124.482,22.4384,106.708,251.727,450.576,7.45636,5.12439,0,2.39625,6.94694,4.83535,7.83468,34.424,356.067,672.999,13.7786,338.105,10.703,107.933,167.806,78.7203,948.132,8.09001,25.4196,87.1537,2757.08,2219.65,1150.74,
2.87,19.9963,0,65.0775,42.905,41.2687,69.8889,206.05,117.431,94.9251,33.2602,6.72432,35.9445,16.0015,29.6388,129.189,206.113,377.655,5.27887,12.8927,3.61958,1.49106,17.5884,5.41802,2.1539,56.6673,440.552,123.919,3.69828,296.474,239.117,111.688,247.307,129.2,132.892,68.902,139.503,302.559,355.428,3017.16,1456.76,54.0195,117.468,23.231,51.6594,34.0953,246.812,389.105,85.4584,33.7068,36.316,66.0121,43.2831,121.822,22.3231,102.556,238.851,436.419,8.43882,5.45374,0.0114041,2.43455,7.26492,4.79599,7.69817,35.7834,354.412,671.178,13.4553,353.23,11.673,109.6,160.686,76.834,947.287,8.38116,26.4127,88.735,376.584,2158.6,1139.51,
2.875,19.1133,0,66.9063,41.5832,41.4444,72.6768,200.313,118.069,94.7665,33.3346,6.9176,36.4169,17.6874,35.9007,133.084,210.771,370.27,5.62551,21.153,3.66339,1.52973,18.0276,5.28543,1.88045,64.0673,437.736,124.98,4.07832,321.878,238.343,108.182,237.641,127.223,129.736,69.1432,136.251,0,3853.49,3019.85,1456.84,53.4486,121.046,23.0846,49.6947,33.4493,249.539,379.59,85.8766,33.4801,36.5792,66.7435,43.4337,128.041,24.3005,99.1383,227.378,422.306,10.0652,6.84024,0.158194,2.48128,7.59288,4.75328,7.58056,37.935,354.051,670.758,13.1163,373.117,12.6547,111.077,153.861,75.0234,950.924,8.63246,27.4085,91.1415,3039.15,2098.23,1125.23,
2.88,18.2299,0,68.2041,40.0931,41.7876,75.4155,195.186,118.631,94.5943,33.3909,6.90686,34.01,13.4516,31.2489,137.369,216.097,363.086,5.12893,18.8274,3.72345,1.40585,18.405,5.18559,2.17007,65.595,431.959,123.644,4.46577,334.244,237.232,104.915,229.003,125.437,126.382,69.2264,132.345,290.257,340.314,3019.89,1455.88,52.832,124.121,22.2791,47.6985,32.5671,251.326,370.032,86.082,33.2417,36.8317,67.1395,43.1788,112.842,20.4703,96.4932,217.412,408.449,7.60159,6.3503,0.247407,2.51977,7.92632,4.70593,7.46172,40.2063,351.922,668.465,12.7621,389.883,13.6382,112.324,147.229,73.2092,946.431,8.84568,28.4046,92.4452,365.671,2042.12,1108.76,
2.885,17.3644,0,69.1726,38.488,42.2395,78.2721,190.42,118.846,94.4159,33.4279,7.02587,35.6719,15.3468,42.164,141.698,221.68,356.064,5.41332,26.7273,3.79949,1.46526,18.8068,5.10984,1.15225,72.1038,428.746,124.367,4.8638,355.416,236.034,102.044,221.027,123.628,122.891,69.2582,127.859,0,4000.86,3016.89,1453.72,52.2316,126.735,4.99882,45.687,31.6488,252.629,360.355,85.9088,32.9933,37.0752,67.9381,43.5294,124.165,22.3466,94.5716,208.981,394.896,8.85532,7.8982,0.282176,2.55614,8.26647,4.65271,7.35747,43.0793,351.601,667.694,12.3956,408.884,14.6052,113.302,140.665,71.3001,948.925,9.02288,29.4049,94.9434,3117.13,1992.63,1090.98,
2.89,16.5264,0,69.8381,36.7972,42.7022,80.9189,185.788,118.528,94.2262,33.4394,6.99324,33.1995,12.5778,34.9175,145.734,227.039,349.176,4.80731,20.7732,3.88919,1.32666,19.2549,5.06546,2.55208,70.8157,422.923,122.994,5.27329,358.153,235.028,99.7002,213.359,121.616,119.174,69.3645,123.406,292.168,312.323,3010.5,1450.24,51.6342,128.966,27.4553,43.654,30.7262,253.524,350.501,85.2756,32.7309,37.3044,68.0348,43.2566,116.694,19.65,93.3086,202.048,381.801,7.3585,6.77458,0.299236,2.58874,8.60945,4.59312,7.25059,45.7279,348.391,664.441,12.0186,422.857,15.5513,113.985,134.049,69.2213,941.517,9.16661,30.4089,95.4266,353.196,1950.88,1072.67,
2.895,15.7293,0,70.5404,35.0961,43.2918,83.8843,181.101,117.587,94.0294,33.4293,7.19515,33.0878,13.8597,44.2038,149.126,231.65,342.408,4.94596,23.6119,3.99048,1.33449,19.7786,5.04371,0.394534,72.7809,420.506,123.111,5.69373,366.175,234.471,97.9716,205.731,119.308,115.275,69.6483,119.282,0,4112.79,3000.58,1445.35,51.0181,130.781,2.73471,41.6486,29.9459,254.644,340.425,84.0953,32.4579,37.522,68.6621,43.5437,108.819,24.1288,92.5706,196.481,369.134,12.3668,7.4842,0.308989,2.62394,8.95517,4.52724,7.16737,48.4411,347.451,663.109,11.636,435.677,16.4651,114.358,127.301,66.9295,940.105,9.27995,31.4269,97.3576,3146.01,1916.85,1054.6,
2.9,14.9601,0,70.9082,33.3348,43.7558,86.0232,176.212,116.045,93.8183,33.3908,7.11527,31.1777,13.2769,30.4111,151.497,234.968,335.696,4.22949,13.7901,4.09925,1.20719,20.3293,5.04798,2.80302,68.1001,414.366,122.449,6.1225,353.446,234.596,96.8845,197.957,116.656,111.142,70.1643,115.76,315.205,302.1,2987,1439,50.381,132.193,33.4594,39.6353,29.0966,255.103,330.134,82.3916,32.1683,37.7234,68.2268,42.8087,114.652,21.1021,92.2208,192.034,356.992,8.23625,5.74014,0.314431,2.6366,9.29675,4.45477,7.07653,50.5216,342.152,657.832,11.2522,441.33,17.3414,114.417,120.393,64.4101,924.421,9.36525,32.4617,96.3366,348.716,1889.47,1037.19,
2.905,14.1834,0,71.0332,31.5494,44.1525,87.3964,171.025,113.986,93.5955,33.3281,7.17005,34.4644,18.7429,47.7895,152.516,236.475,328.94,4.38366,18.9803,4.2125,1.28297,20.9321,5.0679,0.55299,70.3604,411.024,123.693,6.55528,355.548,235.573,96.3984,189.928,113.659,106.858,70.9173,112.908,0,4119.11,2969.72,1431.13,49.7561,133.26,18.3961,37.62,28.358,255.186,319.672,80.257,31.866,37.9099,68.6516,42.883,144.448,25.281,92.0574,188.393,345.292,9.108,6.75422,0.316526,2.65034,9.63456,4.37615,6.99208,52.5877,340.823,655.589,10.8716,448.139,18.173,114.171,113.344,61.6987,918.464,9.42605,33.5216,97.5378,3131.19,1867.13,1020.68,
2.91,13.3067,0,70.9606,29.7302,44.4005,87.8761,165.498,111.531,93.3518,33.2384,7.05807,31.3604,14.1179,33.3302,151.916,235.72,322.052,3.93318,12.1572,4.341,1.21846,21.5492,5.10739,2.52589,66.1822,404.487,120.059,6.9864,340.874,237.499,96.4195,181.636,110.381,102.397,71.9109,110.81,287.753,294.837,2948.79,1421.82,49.1136,134.024,7.08992,35.5949,27.6489,254.804,309.162,77.808,31.5473,38.0791,68.256,42.1451,129.566,21.1387,91.8834,185.191,333.947,7.32093,5.32905,0.316009,2.64859,9.96161,4.29252,6.90031,54.0454,336.14,650.118,10.5004,449.648,18.9564,113.635,106.233,58.8649,901.141,9.46545,34.6134,96.3872,344.073,1847.81,1005.17,
2.915,12.4062,0,71.1973,27.9774,44.704,88.6101,159.661,108.909,93.0949,33.1326,7.28911,27.3156,5.49631,34.2016,149.52,232.422,315.01,4.01767,7.51545,4.48409,1.20045,22.1799,5.1586,0.314932,61.8159,401.952,116.113,7.40918,327.076,240.396,96.8161,173.136,106.934,97.7598,73.0705,109.67,0,4021.51,2924.42,1411.03,48.3847,134.313,35.7095,33.6319,26.992,254.745,298.777,75.2389,31.2174,38.235,68.285,41.8895,80.044,21.6207,91.4809,182.051,323.043,16.178,4.74296,0.313648,2.65569,10.2756,4.20506,6.83801,54.9135,333.416,647.088,10.1437,446.556,19.6886,112.841,99.2011,56.0097,888.618,9.48666,35.747,96.5188,3043.53,1829.18,990.455,
2.92,11.5231,0,71.5355,26.3312,44.8762,88.5584,153.629,106.37,92.8157,33.0062,7.27953,31.5884,16.4556,29.1855,145.358,226.487,307.777,3.76726,5.18686,4.64255,1.22571,22.8174,5.2179,2.49592,59.4487,396.597,117.873,7.81667,311.402,244.193,97.4207,164.575,103.456,93.0796,74.3059,109.193,327.321,275.867,2896.73,1398.86,47.8646,134.73,14.2997,31.6772,26.4854,255.236,288.672,72.7069,30.8717,38.3741,68.139,41.1778,144.171,22.7074,90.6839,178.618,312.338,9.26614,4.02896,0.309756,2.64697,10.5721,4.11545,6.76615,55.3509,329.196,642.157,9.80899,444.795,20.3682,111.835,92.3967,53.2523,869.725,9.49308,36.9298,95.5991,329.651,1809.23,976.249,
2.925,10.6784,0,71.5199,24.6501,44.6969,86.5335,147.569,104.219,92.5123,32.8662,7.14656,33.672,19.5974,39.8638,139.616,218.11,300.232,3.79788,7.47801,4.80836,1.3117,23.4685,5.27979,0.324945,57.6874,391.595,116.067,8.20048,294.703,248.755,98.0413,156.169,100.129,88.3175,75.4769,109.586,0,3839.95,2865.94,1385.4,47.1603,134.898,13.412,29.7047,25.7104,254.553,279.033,70.4519,30.513,38.4981,67.8876,40.4184,146.855,27.2683,89.3196,174.559,301.783,7.22291,4.25644,0.304878,2.63069,10.8509,4.02533,6.6852,55.3955,325.904,636.548,9.50086,439.438,20.9541,110.668,86.0179,50.7146,847.396,9.48826,38.1746,94.2722,2941.89,1786.12,962.12,
2.93,9.85814,0,71.4704,22.9962,44.316,83.4917,141.691,102.677,92.1798,32.7138,7.01539,31.9189,15.3869,30.2388,132.645,207.72,292.34,3.75409,5.83755,4.97015,1.35787,24.113,5.34138,2.34101,54.5798,384.83,111.634,8.55187,276.456,253.854,98.4948,148.147,97.0906,83.4763,76.4521,110.471,237.289,308.469,2832.29,1370.67,46.4814,135.04,9.23327,27.6989,25.2498,253.64,269.989,68.6445,30.1406,38.6075,67.635,39.4896,139.162,22.861,87.2566,169.611,291.401,6.57577,3.74928,0.299667,2.59106,11.1082,3.93697,6.59595,55.0324,321.938,630.757,9.22268,433.195,21.3442,109.407,80.2382,48.4939,824.54,9.47512,39.4862,92.6281,352.382,1758.72,947.678,
2.935,9.06229,0,71.3374,21.3806,43.4976,78.9204,136.165,101.882,91.8223,32.5555,6.89891,31.2623,15.2895,29.6457,124.918,195.891,284.212,4.3341,13.5598,5.12814,1.52576,24.7854,5.397,0.293154,56.246,380.298,107.095,8.8628,269.709,259.241,98.6533,140.709,94.4605,78.5912,77.0946,111.784,0,3315.89,2795.96,1354.77,45.5556,134.563,11.1466,25.6911,24.5825,251.087,261.631,67.3744,29.7575,38.7042,67.328,38.7125,143.212,23.456,84.4686,163.606,281.065,8.44922,5.50343,0.29455,2.55509,11.3485,3.85219,6.51467,54.4592,320.02,625.909,8.97961,421.858,21.5854,108.118,75.1751,46.6505,799.836,9.45709,40.8704,90.5617,2531.95,1726.62,932.542,
2.94,8.29647,0,71.3219,19.8126,42.5459,74.1856,131.12,101.854,91.4306,32.393,6.74817,29.989,12.9148,28.5893,117.016,183.329,275.878,4.30873,11.0557,5.24777,1.56083,25.4568,5.44402,2.21536,53.5473,373.517,101.231,9.12557,255.69,264.659,98.4551,133.985,92.2825,73.555,77.3494,113.241,219.397,354.334,2757.13,1337.74,44.7567,133.985,7.34916,23.6656,24.2397,248.758,253.972,66.6811,29.3629,38.7876,66.8383,37.5543,142.334,20.3347,80.9712,156.504,270.739,6.76144,4.69372,0.290247,2.50738,11.5638,3.77278,6.42812,53.535,316.548,620.122,8.77328,411.569,21.7103,106.869,70.8847,45.1979,774.004,9.43679,42.3298,87.7513,413.591,1689.87,916.488,
2.945,7.55629,0,71.0261,18.1997,41.1387,68.1114,126.609,102.485,91.0109,32.2311,6.54261,30.2731,14.8749,39.9319,109.481,170.806,267.465,4.87349,18.4593,5.35773,1.72977,26.1797,5.47934,0.326011,55.4043,369.249,96.7156,9.33377,250.098,269.655,97.8891,128.001,90.5509,68.4331,77.1782,115.049,0,2727.39,2716,1319.66,43.6964,132.435,7.02604,21.6021,23.3401,244.064,246.955,66.4876,28.9601,38.861,66.2778,36.9477,153.853,22.537,76.9126,148.446,260.461,7.925,6.45354,0.287015,2.46604,11.7639,3.70008,6.3502,52.3937,314.826,614.922,8.60627,393.979,21.7356,105.721,67.3407,44.1061,748.316,9.41563,43.8681,84.8435,2025.05,1649.22,899.273,
2.95,6.85093,0,70.7771,16.5463,39.7091,62.4009,122.602,103.605,90.5543,32.0718,6.36587,28.3188,12.6431,30.0027,102.718,159.018,259.009,4.68044,11.7126,5.41786,1.72426,26.9194,5.49847,2.06777,51.4484,362.497,91.3534,9.4826,234.891,273.692,96.998,122.709,89.1958,63.09,76.638,116.978,195.876,386.033,2672.81,1300.63,42.5841,130.697,5.03417,19.5513,22.8334,239.788,240.48,66.6884,28.5474,38.923,65.4302,35.5322,150.433,20.1072,72.4719,139.691,250.255,6.5933,4.76948,0.285299,2.4156,11.9484,3.63511,6.26653,50.7975,310.129,608.158,8.47737,378.353,21.6728,104.736,64.4551,43.318,718.821,9.39539,45.484,80.9526,440.196,1605.49,880.856,
2.955,6.17916,0,70.3009,15.174,37.8859,55.7151,119.031,105.002,90.0701,31.9209,6.1327,28.6198,14.3022,40.3445,96.9493,148.437,250.691,5.3615,21.6068,5.46896,1.93074,27.7142,5.51642,0.404432,54.8044,358.412,86.5349,9.56779,232.398,276.717,95.8791,117.976,88.1218,57.62,75.7888,119.337,0,2241.16,2627.69,1280.67,41.921,127.952,4.52925,17.5048,21.7541,233.307,234.427,67.1442,28.1301,38.9786,64.8521,35.235,160.705,22.1583,67.871,130.582,240.206,7.2152,7.28953,0.285378,2.37399,12.1327,3.57846,6.19149,49.1989,308.779,603.156,8.38761,358.399,21.5263,103.961,62.1163,42.7568,695.868,9.37697,47.1838,78.3788,1648.68,1559.72,860.601,
2.96,5.54183,0,69.9288,13.3894,36.0794,49.2119,115.783,106.457,89.5523,31.7808,5.96974,27.987,11.706,44.5637,92.1914,139.259,242.564,5.46663,22.2482,5.47597,1.99071,28.4902,5.61536,1.90919,54.1282,352.307,81.0886,9.58843,225.509,278.761,94.6762,113.66,87.2149,51.9913,74.778,121.819,172.38,413.349,2580.93,1259.89,37.3828,125.156,2.63045,15.3825,21.1952,227.658,228.678,67.769,27.7085,39.0271,64.1665,34.1223,156.938,19.3907,63.3291,121.494,229.854,6.11982,7.08625,0.287416,2.32656,12.3161,3.53068,6.11518,47.4849,306.577,597.522,8.33426,343.975,21.3003,103.438,60.1942,42.3602,667.106,9.3601,48.9686,75.1186,473.299,1513.16,837.364,
2.965,4.94617,0,69.5639,12.6986,34.0668,43.1903,112.731,107.727,89.0118,31.6582,5.84287,28.3484,14.1399,54.0553,88.3284,131.441,234.636,6.05232,28.4875,5.44613,2.14725,29.271,6.40056,0.545759,55.4257,349.544,78.3336,9.54344,220.479,279.957,93.5559,109.592,86.3526,46.3433,73.782,124.868,0,1874.69,2532.91,1238.47,42.8624,121.657,4.37213,13.4124,20.2572,220.837,223.126,68.4796,27.2854,39.0744,63.6741,34.1048,165.311,23.2144,59.0182,112.781,219.07,8.25907,8.94775,0.291467,2.29049,12.5075,3.49142,6.05245,45.7948,305.287,593.072,8.31513,326.04,21.0099,103.199,58.5993,42.0828,646.123,9.3443,50.8457,73.1396,1305.77,1467.1,811.822,
2.97,4.40473,0,69.7961,10.2327,32.3853,38.5148,109.737,108.614,88.4598,31.5638,6.04687,32.0693,20.9937,76.5378,85.1859,124.774,226.433,6.58416,28.4084,5.33741,2.20471,30.034,6.84902,1.73435,53.7004,349.974,75.7479,9.43464,216.836,280.527,92.6937,105.597,85.4227,40.6887,72.9149,128.114,336.564,409.877,2484.26,1214.81,37.5,118.232,14.4087,11.5293,19.993,216.408,217.727,69.262,26.8655,39.1255,63.4246,34.212,199.884,31.934,55.0873,104.711,207.91,16.3023,9.41261,0.297565,2.28322,12.705,3.46092,6.02793,44.1219,304.387,590.571,8.32641,313.897,20.6563,103.289,57.2522,41.8938,626.585,9.42233,52.8151,71.8509,691.23,1422.94,784.615,
2.975,3.90416,0,69.8954,12.2352,30.486,37.0084,106.67,108.896,87.8933,31.5,5.95883,33.9829,23.5768,92.663,82.5123,118.984,217.894,7.49581,40.5941,5.3282,2.48555,30.8486,10.8717,0.735285,63.2505,346.278,77.4015,9.2644,231.001,280.741,92.2395,101.526,84.3133,35.0979,72.345,131.483,0,1607.81,2435.39,1187.99,37.0245,114.257,12.1539,9.91465,19.0537,210.676,212.452,70.1083,26.4505,39.1816,63.2768,34.1713,189.893,33.0641,51.6044,97.4467,197.053,10.7508,13.6861,0.305809,2.27995,12.9192,3.43863,6.01487,43.1881,304.497,588.258,8.36554,305.303,20.2447,103.716,56.1088,41.7842,606.883,9.68492,54.8881,71.2352,846.32,1379.24,756.494,
2.98,3.47117,0,70.3054,5.20995,29.0284,16.3931,103.42,108.439,87.3438,31.4797,6.3285,30.4906,15.0516,79.467,80.0825,113.747,209.036,8.89543,55.5785,5.12058,2.6806,31.7028,13.9389,1.57207,68.2474,345.657,71.4487,9.03749,247.05,280.866,92.286,97.2551,82.9322,29.6829,72.1231,134.917,457.285,428.716,2386.83,1158.81,36.5751,110.278,24.9317,8.04394,18.8136,206.734,207.289,71.0148,26.0453,39.2548,62.9816,34.8021,146.165,27.8163,48.5781,91.0592,186.784,24.2927,18.0491,0.316048,2.32354,13.1513,3.42431,6.07034,43.0144,306.511,587.113,8.428,304.169,19.7746,104.482,55.1454,41.7541,597.111,10.1669,57.0657,72.3673,741.262,1337.59,728.253,
2.985,3.06082,0.0872903,70.249,16.2996,27.1897,46.032,99.9167,107.216,86.8015,31.5029,5.95972,36.8482,29.0393,113.592,77.6881,108.785,200.4,9.25143,65.5821,4.99214,2.87135,32.6164,18.9253,0.968092,74.3935,340.529,74.43,8.75912,252.897,281.124,92.8631,92.7229,81.244,24.5055,72.2994,138.439,0,1238.85,2338.16,1127.95,12.1176,105.547,18.2419,7.58618,17.4888,199.867,202.246,72.0135,25.6527,39.343,63.2624,35.3263,205.478,33.926,45.9698,85.5063,177.105,11.2697,21.0688,0.328267,2.3641,13.405,3.41702,6.11622,43.3553,307.288,584.589,8.51081,299.247,19.246,105.569,54.3555,41.8186,572.944,10.9442,59.361,72.1122,689.265,1299.98,700.522,
2.99,2.70899,1.2306,69.5598,3.88356,25.6228,7.35455,96.1365,105.265,86.2892,31.5739,6.39346,35.1344,12.5746,107.291,75.2228,103.897,192.208,10.658,76.8372,4.58611,3.06215,33.5945,24.6741,1.43098,78.253,341.617,67.5285,8.43632,265.477,281.66,93.9082,87.9192,79.2433,19.8185,72.8268,142.328,503.73,667.538,2285.13,1095.94,49.4817,99.7025,30.269,4.19569,16.1912,191.056,197.349,73.148,25.2753,39.4562,63.9826,36.4129,73.5968,44.2057,43.6973,80.6664,168.096,27.4812,25.6507,0.342354,2.45215,13.6843,3.41672,6.23114,44.3032,308.26,585.003,8.60904,293.11,18.6583,106.942,53.7473,41.9908,564.262,12.0068,61.7668,73.9201,598.434,1267.71,674.113,
2.995,2.36513,1.45229,68.3043,6.80468,23.7369,41.8124,92.1006,102.746,85.8045,31.6905,5.72539,36.5719,39.7194,106.633,72.6017,98.9768,184.356,9.63962,68.6387,4.28675,2.94813,34.5564,23.3882,1.19687,68.3161,335.58,75.6765,8.07645,228.895,282.507,95.3014,82.9059,76.9665,15.9034,73.6351,146.722,0,714.863,2227.94,1063.04,34.4473,93.0348,22.059,8.24895,14.3417,179.3,192.607,74.3985,24.9196,39.5913,61.1099,34.1742,244.874,41.2871,41.6589,76.3641,159.556,12.0402,22.2997,0.358317,2.51196,13.9769,3.42229,6.31077,44.5175,303.134,572.638,8.7193,275.155,18.1287,108.562,53.3195,42.2825,517.984,13.3421,64.2962,69.0134,582.817,1241.98,649.545,
3,2.07503,2.56244,66.6121,4.36206,22.3932,21.228,87.8731,99.8169,85.3549,31.8519,6.04776,35.2175,13.4207,107.644,69.8401,94.0128,176.964,11.1289,79.6577,3.91117,3.20987,35.5921,32.0037,1.35394,80.606,338.052,61.9852,7.68585,262.158,283.566,96.8599,77.7867,74.5105,12.5353,74.6642,151.348,531.258,673.896,2167.86,1029.76,31.9788,85.5477,32.1416,1.37218,12.6163,168.249,188.021,75.7424,24.581,39.7536,62.0017,35.156,35.4156,66.4048,39.7401,72.4047,151.424,27.7725,27.8736,0.375966,2.61078,14.296,3.43354,6.44648,45.8197,304.681,573.411,8.83789,274.827,17.575,110.377,53.0604,42.685,502.328,14.9378,66.9414,70.2736,602.012,1223.18,627.419,
3.005,1.7629,2.59745,64.4179,6.77264,20.6588,25.7311,83.5288,96.6615,84.9337,32.0517,5.24054,34.441,44.942,86.5392,66.993,89.0596,169.879,9.16105,54.437,3.44822,2.87776,36.5204,23.922,1.34714,54.1817,330.484,77.3852,7.27235,182.902,284.654,98.3719,72.686,71.9491,9.66673,75.8663,156.749,0,597.539,2106.09,996.078,30.1648,77.5234,22.5373,4.10928,10.445,154.914,183.582,77.1063,24.2688,39.9381,56.8592,32.7205,265.561,47.086,37.8553,68.628,143.635,11.8474,19.1427,0.395435,2.68095,14.6177,3.44951,6.52722,45.3212,293.326,554.984,8.96266,248.069,17.1148,112.327,52.9414,43.1802,459.443,16.78,69.7115,63.5379,592.598,1211.11,608.094,
3.01,1.5097,2.16114,61.5138,1.23381,19.0591,19.631,79.1519,93.4018,84.5204,32.2821,5.01951,44.2789,45.8689,141.796,64.1458,84.2427,163.036,8.10326,46.3219,3.31158,2.79003,37.3818,21.5112,1.38481,50.7733,328.693,77.3066,6.84228,172.111,285.455,99.6198,67.7135,69.3606,7.16788,77.0437,162.593,132.974,592.67,2043.21,961.755,29.14,70.5028,10.8642,1.06495,8.8801,143.796,179.252,78.3987,23.9763,40.1389,59.9627,34.4884,231.763,65.5279,35.9785,64.9476,136.112,7.21019,15.6255,0.416657,2.72968,14.941,3.46975,6.55491,44.0826,293.278,555.565,9.08984,233.662,16.7481,114.357,52.9194,43.7212,460.643,18.8538,72.6152,68.2521,608.879,1205.09,591.621,
3.015,1.42992,1.58201,58.7379,5.19007,17.5552,18.4654,74.8277,90.1633,84.1241,32.5398,4.46107,39.725,34.494,140.836,61.4242,79.6977,156.4,8.18779,47.2895,2.93305,2.91334,38.216,25.25,1.41235,55.4038,321.9,69.7629,6.40197,176.233,285.624,100.4,62.9884,66.8403,5.04986,78.1566,168.536,0,668.631,1979.47,926.848,27.8168,63.9409,2.60615,3.1117,7.16333,131.595,174.975,79.4785,23.7082,40.3552,58.2708,32.7233,216.184,50.8282,34.1145,61.3629,128.798,5.80189,16.9383,0.439577,2.76486,15.2712,3.49355,6.55057,43.1184,288.993,547.609,9.2173,228.709,16.4415,116.405,52.9165,44.2522,429.767,21.1429,75.6523,66.4598,679.515,1204.07,577.955,
3.02,1.37297,1.92477,56.2786,1.43355,16.6289,19.5256,70.6483,87.0538,83.7743,32.8367,4.3909,23.7583,0,53.7914,58.9659,75.5527,149.955,9.04962,53.5179,2.38249,3.01807,39.0212,29.4545,1.44985,60.218,318.729,31.9425,5.95881,194.823,284.771,100.561,58.6203,64.4516,3.34036,79.0419,174.724,410.537,649.282,1915.15,891.368,26.5305,58.1469,13.0238,0.603376,6.23325,123.301,170.669,80.1848,23.4701,40.5952,57.0002,33.9851,120.621,3.20829,32.3162,57.9165,121.65,17.7594,20.0306,0.464151,2.82094,15.6093,3.52034,6.57362,42.7447,288.204,543.477,9.34465,233.725,16.1604,118.414,52.8569,44.6921,429.343,23.6288,78.8204,67.6277,633.477,1206.61,566.872,
3.025,1.23715,1.73583,55.563,0.62779,15.7256,18.5962,66.7127,84.227,83.4399,33.1694,4.28733,34.6229,100.959,110.044,56.841,71.9849,143.666,8.44289,46.1296,2.02438,2.94583,39.7569,28.231,1.48562,50.2605,316.486,75.9057,5.52052,160.862,282.558,100.047,54.6903,62.2695,2.06254,79.6327,181.046,0,617.02,1849.68,855.473,25.6896,54.1075,8.50021,0.927194,6.20486,120.374,166.244,80.3657,23.2627,40.8523,56.5224,31.5681,237.974,37.2731,30.6315,54.7018,114.638,9.06538,17.6494,0.490549,2.8544,15.9472,3.54967,6.56769,41.8808,284.387,539.599,9.46927,234.707,15.86,120.335,52.6381,44.957,380.339,26.3005,82.133,63.6991,615.725,1211.31,558.097,
3.03,1.12911,2.2921,53.5971,1.16105,14.8954,18.9271,63.1205,81.8021,83.1647,33.5426,4.284,33.9122,0,82.3254,55.1104,69.0103,137.541,9.47027,51.7541,1.36435,3.09862,40.464,34.8206,1.52779,54.9588,319.604,40.9868,5.09444,175.946,278.753,98.912,51.2853,60.3871,1.26138,79.9201,187.347,403.471,447.434,1782.96,819.181,24.0704,49.2746,19.0219,0.884215,5.18497,114.851,161.593,79.8848,23.0914,41.1328,55.7227,33.3274,85.8228,44.0555,29.1315,51.8315,107.79,21.4452,21.8076,0.518608,2.91646,16.2942,3.58083,6.60215,41.3177,284.437,540.263,9.58987,226.47,15.5003,122.122,52.1681,44.9533,370.397,29.1367,85.5614,64.1653,451.607,1216.73,551.299,
3.035,1.0122,1.74616,54.7522,1.05136,14.7864,18.8619,59.9549,79.8356,82.9355,33.9746,4.42085,39.1929,118.274,87.3296,53.7419,66.621,131.543,8.27061,37.3799,1.19869,2.90811,41.0691,27.1945,1.56884,39.2551,309.613,68.437,4.68305,126.618,273.232,97.3003,48.4766,58.8585,1.10586,80.001,193.534,0,394.956,1715.01,782.852,24.5821,49.7039,12.4558,0.918077,8.35013,124.928,156.617,78.6284,22.9593,41.4392,52.5554,30.4261,266.452,38.224,27.8806,49.412,101.111,10.0301,16.0693,0.548569,2.9549,16.6277,3.61304,6.60068,40.0771,281.711,537.486,9.70685,241.83,15.0409,123.745,51.3583,44.6003,323.824,32.0863,89.1464,61.4704,458.558,1221.53,546.064,
3.04,0.916889,0.571174,57.6471,5.2361,14.3922,18.711,57.2782,78.3876,82.7814,34.4593,4.3486,40.8724,0,60.9348,52.6106,64.7145,125.718,10.0716,47.9865,0.746328,3.28912,41.7259,41.6145,1.61674,59.0393,314.295,57.3904,4.28889,164.816,266.017,95.4017,46.2965,57.7226,1.85392,79.9657,199.482,375.149,392.141,1646.11,746.952,22.8025,49.721,20.1342,1.13962,8.02852,133.823,151.25,76.5447,22.8701,41.7736,55.0292,30.8721,114.69,66.7623,26.8996,47.5131,94.8235,21.0261,25.11,0.580251,3.01189,16.9783,3.64624,6.64264,39.9926,282.166,536.495,9.81889,247.427,14.4477,125.179,50.1464,43.84,307.691,35.1091,92.8519,60.8473,312.569,1224.6,541.975,
3.045,0.818192,3.23913,56.237,1.35363,14.5114,18.3222,55.129,77.4435,82.6875,35.0098,4.34252,37.0613,114.124,87.0135,51.5971,63.1072,120.043,8.44078,36.7627,0.522993,2.96912,42.2614,31.0034,1.66166,38.4417,305.991,60.1846,3.91398,122.071,257.271,93.4407,44.7374,56.9949,3.82116,79.9495,205.62,19.0258,304.867,1576.46,711.671,22.8408,52.0311,12.5966,1.47889,10.4952,142.2,145.447,73.6625,22.8266,42.1371,55.8377,28.7308,260.375,41.8998,26.216,46.1526,88.7721,9.84923,17.3035,0.613811,3.04348,17.3108,3.67935,6.64398,38.9121,278.739,530.371,1.4001,258.1,13.6952,126.409,48.5194,42.6498,271.479,38.1654,96.7154,57.5416,313.98,1225.03,538.611,
3.05,0.713751,2.9793,58.5309,3.91848,13.8388,15.2382,53.5219,77.025,82.6474,35.6027,3.34661,33.6996,8.1287,210.326,50.5624,61.6272,114.585,9.34818,56.3196,0.273751,3.29946,42.8414,47.0372,1.70157,60.3861,304.17,53.8813,3.56102,173.042,247.279,91.6539,43.7802,56.683,7.27014,80.0709,211.417,18.3094,335.658,1506.66,677.212,20.832,52.413,4.67244,1.57539,9.02953,141.327,139.213,70.1118,22.8298,42.5227,51.0786,30.3813,257.127,57.7054,25.7774,45.303,83.4087,7.00118,25.8925,0.649066,3.05621,17.6601,3.71207,6.63086,38.7011,280.955,526.276,11.983,252.294,12.7669,127.426,46.4918,41.0409,263.063,41.1954,100.701,55.2746,276.304,1222.01,535.617,
3.055,0.612655,2.37874,56.5587,2.12115,14.0199,15.7413,52.4651,77.1402,82.7092,36.2627,3.40109,30.7295,13.2288,138.459,49.3711,60.108,109.251,8.43702,46.4932,0.10635,3.09156,43.3599,39.7477,1.74301,51.46,299.373,50.7395,3.23067,161.659,236.416,90.2598,43.4087,56.7991,11.7877,80.4508,217.076,26.5872,81.6482,1438.02,644.001,20.9087,54.7231,0.792875,1.76841,10.9118,146.572,132.603,65.9658,22.8864,42.9402,49.0416,28.4532,236.227,39.6769,25.5573,44.8949,78.1228,6.42281,20.7861,0.686054,3.04971,17.9939,3.74368,6.59224,38.2908,279.619,523.111,11.1949,267.66,11.6563,128.23,44.1199,39.0628,237.844,44.1425,104.843,54.0425,228.231,1214.7,532.622,
3.06,0.505261,1.80948,58.0006,9.13667,13.3927,13.4735,51.9549,77.7948,82.8091,36.9566,2.84538,27.8131,15.0069,137.577,47.9525,58.4077,104.158,8.545,50.6388,0.0569852,3.16064,43.8349,45.5969,1.77725,51.2024,295.404,46.915,2.92521,152.335,225.083,89.4422,43.6022,57.3418,12.8373,81.18,223.125,33.6184,405.984,1371.2,612.444,18.8635,54.5818,0,1.82553,9.06037,142.176,125.703,61.3985,22.9942,43.3749,48.4378,27.4653,233.019,31.8761,25.4937,44.8115,73.771,6.19212,22.7169,0.724304,3.04137,18.3291,3.77344,6.54218,37.6672,275.498,514.231,10.8399,253.276,10.3701,128.83,41.4946,36.7941,214.365,46.9723,109.082,50.6337,331.557,1202.33,529.233,
3.065,0.39977,1.36337,54.6022,3.82878,12.8554,11.8182,51.9674,78.9544,83.0086,37.7026,2.85009,27.3053,16.5195,148.738,46.2425,56.4239,99.3194,8.90737,53.6564,0.0261085,3.25665,44.3134,51.3587,1.80969,55.853,293.42,43.7607,2.64746,161.221,213.662,89.3403,44.3225,58.312,7.08307,82.296,229.36,39.0925,175.371,1306.73,582.596,17.9172,53.5577,0,1.94101,8.44261,135.462,118.614,56.5676,23.1596,43.8362,52.5932,27.6196,240.072,28.5218,25.5036,44.9231,68.4758,6.59507,25.5826,0.763891,3.02158,18.6691,3.80039,6.49005,37.3357,275.532,513.075,31.3955,251.282,8.93031,129.23,38.7206,34.3287,192.464,49.6538,113.426,50.2979,265.148,1184.29,525.112,
3.07,0.300053,1.22541,53.1369,3.96746,11.9354,10.0061,52.4598,80.5382,83.2583,38.4755,2.42382,26.3278,17.6788,146.248,44.21,54.0906,94.5499,8.6957,47.6774,0,3.16202,44.7139,50.5446,1.83939,45.9873,294.266,42.9709,2.39877,140.122,202.489,90.0173,45.5246,59.6676,0,83.8452,236.222,44.4528,256.085,1245.22,554.524,16.146,49.6738,2.14888,1.96096,6.22927,120.79,111.458,51.813,23.3821,44.3123,47.8115,27.0672,243.017,27.1341,25.515,45.0938,67.0815,10.1491,23.6088,0.804467,3.00802,19.0061,3.82439,6.44458,36.4302,271.339,506.426,0,224.937,7.36651,129.451,35.9188,31.7863,168.152,52.1631,117.832,46.2893,203.419,1160.18,519.968,
3.075,0.216217,1.33258,51.4576,7.06281,11.8042,11.7095,53.3706,82.4714,83.6359,39.3053,2.3495,24.8728,26.6332,142.154,41.8855,51.3775,90.0546,8.53556,43.5544,0,3.11615,45.0917,49.518,1.87392,49.0971,296.159,49.2782,2.1758,154.418,191.819,91.4191,47.1488,61.3448,0,85.7894,242.917,52.2891,0,1187.6,528.224,15.9686,48.0355,4.27238,2.10055,7.0226,118.752,104.381,47.3483,23.6699,44.8181,43.3656,25.581,255.138,32.9771,25.4635,45.2009,53.4108,10.9559,22.4256,0.845766,3.00039,19.3306,3.84415,6.4041,35.7342,272.493,505.562,0,233.273,5.72204,129.511,33.2061,29.275,143.184,54.4788,122.32,45.3972,158.404,1129.88,513.527,
3.08,0.139571,1.68334,52.1971,6.48995,11.2554,11.7454,54.6181,84.6207,84.0605,40.1546,2.33611,25.4776,31.3301,140.817,39.3267,48.3212,85.7,8.27057,35.6607,0,3.02634,45.3704,46.7628,1.905,38.0843,297.303,52.2001,1.97738,129.017,181.792,93.3785,49.1013,63.2853,0,88.0646,249.943,57.8283,423.86,1134.02,503.73,14.2866,44.6948,8.53113,2.15361,5.63566,113.769,97.5435,43.3613,24.0186,45.335,44.4834,24.8829,264.23,36.4005,25.3128,45.1553,75.983,13.7207,19.7288,0.887408,2.99835,19.6422,3.85973,6.3757,34.3648,267.438,501.027,0.124906,215.773,4.06791,129.431,30.705,26.9141,119.139,56.6074,126.841,42.4933,247.589,1093.75,505.696,
3.085,0.0785211,2.1507,49.2058,4.23428,11.0835,13.0631,56.1145,86.874,84.5988,41.0491,2.41421,25.5739,36.2922,128.244,36.6445,45.0565,81.5145,7.73136,24.373,0,2.89863,45.5658,40.4814,1.93806,31.516,298.391,54.8463,1.80197,116.56,172.464,95.6465,51.3162,65.391,0,90.551,257.041,62.3464,0,1084.7,481.175,13.5781,42.2998,10.7039,2.36457,5.70955,110.75,91.1021,39.9149,24.4368,45.8765,47.3058,22.9465,270.548,40.4689,25.036,44.8959,41.1096,13.8336,15.1182,0.929209,2.99225,19.9292,3.87008,6.34982,32.5884,266.119,500.096,0.462308,210.461,2.52823,129.237,28.5185,24.8135,91.7147,58.5511,131.406,42.2559,135.968,1053.09,496.655,
3.09,0.0212578,2.65147,49.4582,2.52424,10.5901,12.9352,57.7712,89.1033,85.1967,41.9615,2.19851,24.7622,41.1134,128.387,33.9217,41.7776,77.4265,7.39045,16.1049,0,2.81047,45.6329,36.4977,1.96925,21.5789,298.632,57.1015,1.64772,86.7208,163.809,97.9541,53.6964,67.5849,0,93.1152,264.713,67.1546,395.946,1040.06,460.792,12.0791,38.4836,13.6536,2.44707,4.43284,103.457,85.1992,37.0923,24.92,46.4276,43.3424,22.2317,279.861,44.7695,24.6217,44.4054,73.1274,15.7198,11.9008,0.970623,3.00022,20.1901,3.87497,6.33227,30.1341,258.993,492.742,0.937184,184.227,1.30129,128.952,26.7354,23.0506,67.6447,60.3105,135.968,37.646,227.985,1008.95,486.59,
3.095,0,3.12511,45.3095,1.42245,9.98047,12.3063,59.5011,91.1964,85.8785,42.8976,1.99307,24.1125,46.6284,124.772,31.3368,38.6871,73.4819,7.11079,9.90856,0,2.74448,45.5791,33.9683,1.99795,16.4795,298.314,58.6731,1.51391,72.7721,155.719,100.038,56.1588,69.7807,0,95.6341,273.069,72.275,98.6109,1000.25,442.772,10.8364,33.8354,15.6206,2.76684,3.21319,92.4644,79.9363,34.8815,25.4736,46.9912,42.25,21.8409,292.894,50.6029,24.0984,43.6973,50.8385,16.2228,9.4009,1.01149,3.00401,20.4226,3.8742,6.32037,27.2533,254.741,488.229,1.27352,159.095,0.48611,128.602,25.4005,21.6802,45.9207,61.8843,140.502,34.4616,142.765,962.552,475.673,
3.1,0,3.57423,44.9153,0.816971,9.45398,11.9249,61.2246,93.0373,86.6459,43.8551,1.85609,23.9614,49.9729,121.451,29.0169,35.9461,69.557,6.90548,5.08795,0,2.6872,45.4121,30.9245,2.02729,11.4518,298.348,60.506,1.39787,60.7913,148.049,101.684,58.6282,71.8985,0,97.9582,281.577,75.4491,121.441,965.261,427.131,9.95996,29.5288,17.8984,2.84835,2.69202,84.8135,75.3751,33.2644,26.0979,47.5656,40.0947,20.9194,298.537,53.5507,23.5029,42.8224,51.3764,17.3362,7.40261,1.0515,3.00327,20.6227,3.86728,6.31522,24.2084,251.285,485.051,1.54735,142.911,0.105299,128.204,24.536,20.7136,25.225,63.2843,144.99,31.6156,81.2019,915.172,464.094,
3.105,0,3.91649,41.9458,0.188149,8.80289,11.3121,62.8634,94.5861,87.4797,44.8178,1.66751,23.2836,51.8029,120.579,27.0352,33.6154,66.0886,7.01724,7.62148,0,2.71773,45.1681,33.9638,2.05639,15.3731,297.619,61.2945,1.29823,72.7795,140.646,102.745,61.0236,73.8526,0,99.9966,289.894,77.8057,52.9127,934.988,413.793,8.83285,24.7636,18.7729,3.3404,1.64976,75.3385,71.5427,32.2355,26.7936,48.1435,38.1329,20.2621,301.448,54.8948,22.8596,41.837,51.3901,16.9713,8.94645,1.09012,3.0071,20.7973,3.8543,6.31599,21.4821,249.681,482.536,1.79432,129.738,0.0132005,127.784,24.1399,20.1563,11.2212,64.5121,149.403,29.1004,96.8681,868.293,452.052,
3.11,0,4.21666,40.4952,0,8.2721,11.167,64.3614,95.7692,88.4083,45.7939,1.56823,23.4644,53.7982,123.238,25.405,31.8286,62.0991,7.23153,11.3197,0,2.74914,44.8803,37.7168,2.08655,18.274,297.951,62.819,1.21311,83.587,133.384,103.162,63.3008,75.609,0,101.693,297.462,79.7652,0,909.079,402.695,8.04255,20.6185,20.3373,3.30531,1.21381,68.591,68.4356,31.7287,27.5639,48.7295,36.5751,19.5797,305.14,56.308,22.2013,40.7901,46.9186,17.9375,11.1108,1.12739,3.01552,20.9468,3.83543,6.32619,19.3084,250.747,482.393,2.02929,127.979,0,127.358,24.2087,19.9829,4.56644,65.5787,153.736,27.8219,17.5877,823.492,439.825,
3.115,0,4.37453,40.174,0,8.06638,11.2866,65.6761,96.5982,89.4434,46.7916,1.59836,24.5333,52.7638,128.874,24.131,30.587,60.1894,7.73868,19.4885,0,2.86444,44.6093,45.9527,2.11974,28.5129,296.504,62.7298,1.14042,110.899,126.159,102.972,65.4232,77.1335,0,103.022,303.53,79.3324,481.988,887.199,393.683,7.82994,19.0024,20.2517,4.109,2.31547,72.0985,66.0249,31.7221,28.4118,49.3268,36.1064,18.8183,303.679,54.5461,21.5304,39.7054,42.4248,16.9334,16.4423,1.16283,3.01967,21.0789,3.8106,6.34418,18.1329,255.318,485.44,2.258,144.617,0,126.937,24.7171,20.1736,2.06107,66.4958,157.99,27.766,172.448,782.366,427.742,
3.12,0,4.36234,40.3768,0,7.66132,10.7312,66.7881,97.1098,90.5503,47.7721,1.46128,23.9536,52.0285,134.698,23.1626,29.7777,52.6727,8.16841,29.0355,0,2.95475,44.3612,55.917,2.1546,36.7294,294.756,61.7909,1.07833,135.681,118.918,102.302,67.3827,78.4099,0,104.024,308.197,79.3482,80.5098,868.815,386.484,6.81187,18.0838,19.0837,3.70878,1.94524,72.773,64.2618,32.165,29.3322,49.9223,36.406,18.4778,303.301,53.0412,20.8475,38.5875,38.9496,15.8202,21.6711,1.19657,3.01034,21.198,3.78053,6.3678,17.7694,260.73,487.608,2.48084,153.024,0,126.526,25.6316,20.6862,5.48107,67.2748,162.13,26.9338,72.101,745.803,415.817,
3.125,0,4.16774,36.5872,0,7.29852,10.0044,67.6765,97.2989,91.7738,48.7527,1.361,24.1486,47.859,140.708,22.4387,29.2988,62.6202,8.97526,40.7904,0,3.14106,44.2179,69.4679,2.19409,50.3797,292.449,59.3264,1.02448,170.241,111.594,101.353,69.1513,79.4357,0,104.777,310.4,76.5124,35.0155,852.812,380.463,6.14948,16.8106,16.7515,5.11146,1.96321,70.3487,63.0709,32.9486,30.3309,50.5259,36.5094,18.3015,296.319,48.0076,20.1623,37.4307,36.0993,14.2308,29.9974,1.22818,3.00632,21.3143,3.74503,6.39706,18.5811,266.276,490.603,2.69698,166.57,0,126.125,26.8954,21.471,12.7138,67.9261,166.156,26.7538,2.80154,714.108,404.05,
3.13,0,3.86917,38.5213,0,6.82812,9.02987,68.3249,97.1469,93.1005,49.7194,1.20624,24.0248,45.6244,151.886,21.8799,29.0343,21.2939,9.77772,55.8625,0,3.30235,44.1929,85.2257,2.23569,63.0837,290.276,56.9486,0.977222,205.309,104.185,100.392,70.7127,80.1959,0,105.419,311.029,75.3167,17.9887,838.176,375.099,5.28961,15.4675,14.6416,3.78142,1.44193,65.7011,62.3654,33.9867,31.4061,51.1314,36.622,18.3513,294.419,44.9545,19.458,36.2468,33.6052,13.4286,39.0509,1.25786,2.98962,21.4342,3.70502,6.43389,20.4024,274.154,494.684,2.90481,180.006,0,125.728,28.4377,22.4583,19.5952,68.4585,170.054,27.0147,65.9003,687.392,392.486,
3.135,0,3.60532,32.1966,0.168101,6.7321,8.85241,68.723,96.6661,94.5583,50.6844,1.16269,24.4634,42.8035,159.358,21.3781,28.8641,109.073,10.1157,63.7368,0,3.33963,44.2711,95.6115,2.28057,67.9301,289.008,55.4637,0.933602,221.867,96.7758,99.6854,72.0481,80.6776,0,106.086,309.742,72.7678,55.9888,824.151,370.022,5.23918,15.6263,14.1763,6.49941,2.69144,70.3197,62.0528,35.2235,32.5609,51.7494,36.3673,17.587,289.99,41.1464,18.7723,35.053,31.3588,13.7343,43.6217,1.28525,2.96946,21.5534,3.66087,6.47565,22.6863,280.548,498.736,3.10327,199.864,0,125.326,30.1795,23.5878,9.26135,68.8767,173.847,27.0308,0,665.331,381.29,
3.14,0,3.27516,41.2191,0.0195482,6.37176,7.96131,68.8708,95.8929,96.1409,51.5971,1.07464,24.7901,39.8431,165.36,20.8727,28.6787,51.7704,11.3303,77.4369,0,3.64422,44.5302,113.283,2.33031,83.0803,286.924,52.459,0.892011,257.534,89.5064,99.4515,73.1621,80.8821,0,106.915,306.319,70.8731,0,810.228,364.993,4.29915,16.8045,11.9285,3.32728,2.19595,70.6734,62.0338,36.5544,33.7912,52.3692,37.147,17.7122,287.735,37.7055,18.1077,33.8933,29.3131,12.1471,54.155,1.31045,2.94635,21.687,3.61296,6.5273,25.9102,287.513,503.446,3.29122,216.703,0,124.904,32.045,24.7882,2.94097,69.184,177.499,27.4187,86.347,647.19,370.558,
3.145,0,3.01161,26.9537,0.145608,6.153,7.54918,68.7783,94.9231,97.8569,52.4952,1.00467,24.8583,37.8628,175.427,20.3176,28.3985,52.7773,11.4728,85.6266,0,3.65434,44.8752,124.066,2.38231,85.892,285.629,51.3377,0.850193,272.414,82.5405,99.8065,74.054,80.8314,0,107.989,302.259,68.8951,58.4876,796.105,359.836,3.8495,16.1532,11.7442,8.2089,2.41865,69.741,62.2169,37.9107,35.0995,52.9964,37.2252,17.8386,282.775,34.9759,17.4969,32.8191,27.4555,12.6058,57.8427,1.33337,2.92087,21.8209,3.56183,6.58077,29.0996,292.721,506.131,3.46765,228.381,0,124.441,33.9441,25.9948,0,69.3812,181.029,26.8293,22.0047,632.122,360.372,
3.15,0,2.91489,41.9614,0,5.83978,7.38216,68.4618,93.7627,99.7041,53.3444,0.918747,25.1984,38.0057,184.816,19.6698,27.9649,50.0628,12.1177,93.6648,0,3.82011,45.327,136.829,2.43932,91.85,285.854,51.6722,0.805598,290.697,76.0253,100.745,74.7305,80.548,0,109.342,297.48,68.2467,0,781.561,354.49,3.01129,15.5853,13.3248,2.781,1.71216,65.2833,62.5063,39.2103,36.4832,53.6275,36.795,17.9877,273.074,34.5755,16.9609,31.8769,25.7903,14.046,63.4928,1.35408,2.90322,21.9636,3.50885,6.64487,32.3249,297.585,508.98,3.63233,234.4,0,123.923,35.7992,27.1416,0,69.4696,184.42,26.4336,8.07542,619.079,350.788,
3.155,0,2.88816,24.5764,0,5.45095,7.08938,67.9415,92.4846,101.663,54.135,0.794001,23.872,37.704,183.114,18.9275,27.3867,45.9007,11.8322,89.9915,0,3.77797,45.7795,137.298,2.49543,84.8972,284.957,51.5349,0.756837,278.956,70.0577,102.165,75.2061,80.0603,0,110.955,293.218,67.4019,0,766.558,348.939,2.2606,13.3406,13.8163,9.41961,0.821121,57.0874,62.8015,40.356,37.9378,54.2535,35.3837,16.9956,266.064,33.5535,16.5296,31.1056,24.3319,13.4295,60.5411,1.37219,2.87466,22.1006,3.48299,6.70324,34.8284,297.585,506.537,3.78361,229.472,0,123.333,37.5116,28.1648,0,69.4467,187.666,24.1827,0,607.196,341.789,
3.16,0,2.994,37.6306,0,5.10894,7.18084,67.2366,91.1239,103.73,54.8814,0.706426,24.3563,38.8938,190.617,18.1297,26.6885,42.7489,12.4709,94.4909,0,3.98475,46.2892,145.359,2.5548,88.4157,285.541,52.5591,0.701757,289.297,64.7185,103.893,75.4956,79.3697,0,112.772,289.1,67.7796,0,751.238,343.265,1.69011,10.8413,16.0092,2.83382,0.205886,49.6211,63.0008,41.2634,39.4673,54.879,35.0804,16.9662,262.219,34.1878,16.2107,30.547,23.0978,15.0732,64.5926,1.38799,2.8535,22.2359,3.48685,6.76991,37.1385,301.566,509.297,3.92266,229.051,0,122.658,38.993,28.9952,0,69.3123,190.764,23.584,0,596.014,333.494,
3.165,0,3.05178,17.3354,0,4.81094,7.34418,66.3655,89.67,105.891,55.5695,0.638374,23.6772,36.8879,186.167,17.309,25.9315,40.5589,12.2121,89.8772,0,3.9909,46.7662,143.913,2.61478,83.0844,283.698,51.6609,0.639079,279.43,60.0359,105.715,75.5843,78.5169,0,114.708,286.073,65.7692,0,736.014,337.723,1.27297,8.80032,15.2732,9.84067,0,44.6736,63.0126,41.8846,41.0635,55.4918,34.3591,16.2665,253.819,31.8196,16.0347,30.2467,22.1128,13.076,61.2507,1.40123,2.82168,22.3574,3.52826,6.82346,38.7777,301.663,508.273,4.0489,225.76,0,121.891,40.1624,29.5803,0,69.065,193.721,22.0711,0,585.364,326.042,
3.17,0,3.15939,39.2745,0,4.53611,7.53542,65.3465,88.1563,108.139,56.2132,0.57657,24.4087,38.2282,193.579,16.5112,25.1788,38.9787,12.8742,92.9096,0,4.22946,47.269,149.756,2.67647,86.6814,283.955,52.6684,0.567519,288.937,55.9748,107.409,75.4982,77.5118,0,116.668,283.206,66.3086,0,721.205,332.476,0.839696,7.238,16.6642,3.34094,0,41.6965,62.7571,42.1832,42.7295,56.0964,33.8148,15.9481,252.52,32.3625,16.0215,30.2542,21.4083,14.5238,64.817,1.41209,2.79808,22.4757,3.60403,6.88014,40.2738,304.542,510.257,4.16206,226.218,0,121.021,40.9672,29.8855,0,68.7049,196.531,21.3004,0,574.969,319.407,
3.175,0,3.23713,17.1372,0,4.25065,7.41935,64.1996,86.5899,110.452,56.815,0.522178,23.4119,36.7103,184.146,15.7651,24.501,37.8113,12.7534,88.8098,0,4.27772,47.7198,149.225,2.73735,81.5062,282.856,51.7714,0.486497,278.569,52.4165,108.765,75.2365,76.3656,0,118.554,281.273,64.5198,0,706.988,327.645,0.445147,5.51285,16.3863,9.84939,0,37.702,62.1852,42.1472,44.458,56.6817,32.6792,14.7186,244.44,30.3155,16.186,30.6037,21.0162,13.3565,62.0235,1.4202,2.77507,22.5783,3.70936,6.92451,41.1661,304.304,508.453,4.2621,221.944,0,120.046,41.378,29.8989,0,68.2308,199.211,19.4559,0,564.798,313.51,
3.18,0,3.41391,34.4373,0,4.06238,7.63277,62.9584,85.0287,112.833,57.3949,0.478371,23.8627,37.5647,174.03,15.1154,23.9541,36.9598,13.6146,92.5175,0,4.57174,48.193,155.23,2.80129,86.7722,283.56,52.7042,0.39798,292.156,49.246,109.599,74.8274,75.1336,0,120.266,279.447,64.6034,0,693.504,323.246,0.073117,4.27065,18.3661,4.08149,0,35.7709,61.2761,41.8207,46.2513,57.2543,32.1235,14.4126,241.944,30.4863,16.5284,31.2888,20.9645,15.1391,66.6472,1.42565,2.75159,22.678,3.8428,6.97442,42.1679,307.07,510.651,4.34957,223.604,0,118.972,41.3957,29.6346,0,67.6476,201.759,18.8781,0,554.716,308.271,
3.185,0,3.51389,13.7993,0,3.9194,7.50492,61.6591,83.5097,115.261,57.959,0.442367,23.9364,36.2468,174.108,14.5922,23.5737,36.3743,13.8405,93.9368,0,4.71752,48.6379,159.256,2.86465,85.8435,282.349,51.6302,0.304644,290.968,46.3333,109.773,74.2984,73.8523,0,121.716,278.177,63.3202,0,680.811,319.318,0,2.88245,17.5401,9.63441,0,32.2738,60.0591,41.2852,48.1028,57.8051,31.6584,14.0999,236.381,28.8608,17.017,32.2594,21.2682,13.2994,67.7736,1.42842,2.72939,22.7729,3.99994,7.0148,42.9965,309.326,512.047,4.42385,224.28,0,117.806,41.0699,29.1415,0,66.9616,204.188,18.3804,1.53128,544.745,303.601,
3.19,0,3.72143,33.3568,0,3.87137,7.83807,60.3432,82.1102,117.736,58.5237,0.408104,24.6544,37.5901,168.539,14.1759,23.3697,35.9604,14.6825,97.9164,0,5.00286,49.1045,165.495,2.93286,90.8175,283.218,52.9723,0.211893,304.955,43.5301,109.211,73.6846,72.5685,0,122.829,276.75,63.9009,0,668.914,315.833,0,2.10108,19.662,4.97817,0,33.3841,58.5959,40.6367,50.0142,58.3408,31.2204,13.9718,235.18,29.4238,17.6069,33.4267,21.9274,15.4098,72.4238,1.42819,2.73127,22.8738,4.18059,7.06186,44.068,312.314,514.773,4.48501,228.932,0,116.569,40.4787,28.4993,0,66.1824,206.501,18.2083,0,534.884,299.401,
3.195,0,3.85963,14.8357,0,3.80515,7.85608,59.0657,80.8814,120.234,59.0935,0.381749,24.4333,36.9074,163.41,13.8449,23.3376,35.6824,14.7484,96.7437,0,5.11322,49.5317,166.438,2.99866,87.1354,281.95,52.3429,0.127407,297.641,40.7316,107.926,73.066,71.3654,0,123.579,275.843,63.0834,0,657.771,312.768,0,1.19924,19.0693,9.28043,0,25.1831,56.9962,39.9932,51.9757,58.8519,30.6355,13.6917,230.471,28.4514,18.2295,34.6661,22.8867,13.7731,71.7581,1.42507,2.74274,22.9713,4.37938,7.09891,44.9242,313.507,515.377,4.53263,230.258,0,115.291,39.7346,27.7997,0,65.3254,208.702,17.5295,0,525.189,295.576,
3.2,0.0201049,4.07326,29.0325,0,3.78685,8.17128,57.888,79.8958,122.755,59.6745,0.350691,25.2653,38.2679,159.59,13.584,23.4332,35.4847,15.5405,100.279,0,5.40536,49.9793,171.437,3.06934,91.445,282.636,53.6582,0.0603133,309.23,37.8546,105.997,72.4999,70.2872,0,123.966,274.657,63.813,0,647.33,310.071,0,0.752249,20.6279,6.00434,0,37.255,55.3927,39.4769,53.9871,59.3459,30.3154,13.8527,229.561,29.0463,18.8222,35.8681,24.04,15.3473,76.1196,1.41859,2.77126,23.0738,4.59631,7.14104,46.0078,316.457,518.354,4.56629,234.901,0,114.003,38.9586,27.1387,0,64.4081,210.791,17.698,0.389038,515.7,292.048,
3.205,0.0897543,4.19552,13.567,0,3.75706,8.19787,56.8623,79.2068,125.278,60.2663,0.327094,25.4716,37.1822,156.883,13.3737,23.5991,35.3501,15.7449,100.887,0,5.55653,50.3967,173.574,3.13757,90.7096,281.51,52.8742,0.0164923,308.893,34.8758,103.561,72.0451,69.4127,0,124.036,273.61,62.6588,0,637.491,307.696,0,0.32044,19.7085,8.85315,0,12.7288,53.9349,39.1958,56.038,59.8155,30.0732,14.0042,224.874,27.8506,19.3326,36.9248,25.3317,13.8546,76.9705,1.40869,2.82209,23.1737,4.82685,7.17476,47.0029,318.467,520.017,4.58613,237.617,0,112.746,38.2793,26.6217,0,63.4517,212.767,17.8333,1.7632,506.348,288.733,
3.21,0.165098,4.36806,27.3784,0,3.77459,8.42103,56.0184,78.7986,127.8,60.8704,0.300387,26.3694,38.1573,153.966,13.1523,23.7733,35.2736,16.5637,104.728,0,5.85999,50.8341,178.397,3.21013,95.914,281.943,53.7925,0,322.833,31.8003,100.786,71.7388,68.758,0,123.859,272.151,63.0896,0,628.153,305.555,0,0.199883,20.6402,7.05575,0,47.4203,52.775,39.2461,58.1237,60.2669,29.9143,14.4168,224.074,28.132,19.7179,37.7598,26.6856,15.0237,81.7351,1.39497,2.87781,23.2764,5.07144,7.21314,48.2961,321.44,523.162,4.59097,243.955,0,111.557,37.8051,26.3225,1.55609,62.478,214.628,18.3873,0.27827,496.949,285.546,
3.215,0.238055,4.39403,15.3888,0,3.75001,8.20851,55.3585,78.6487,130.305,61.4813,0.275282,26.1547,35.6635,151.438,12.8909,23.9003,35.2426,16.8767,107.27,0,6.04386,51.2581,182.184,3.28143,97.6362,279.864,51.2882,0,328.452,28.6501,97.8713,71.5753,68.3177,0,123.521,270.577,61.0175,0,619.223,303.594,0,0.446419,18.642,8.51101,0,29.6839,52.05,39.7212,60.2351,60.6943,29.7849,14.7495,216.954,25.7665,19.9515,38.3133,28.0416,13.093,84.232,1.37718,2.95157,23.3802,5.32368,7.24276,49.629,324.092,525.403,4.58071,249.177,0,110.467,37.6444,26.3162,0,61.5099,216.377,18.7925,0,487.249,282.391,
3.22,0.311906,4.46615,23.38,0,3.74195,8.19552,54.8585,78.6831,132.785,62.0919,0.244988,27.0108,36.3202,149.752,12.595,23.9388,35.2441,17.6494,111.417,0,6.33437,51.707,187.04,3.35404,103.288,280.067,51.996,0,344.167,25.5239,95.0424,71.5325,68.0335,0,123.136,268.282,61.2006,0,610.639,301.737,0,0.983698,19.0735,7.89153,0,29.1993,51.8951,40.6759,62.3655,61.1017,29.7507,15.3362,216.128,25.6981,20.0195,38.5525,29.3464,14.1804,89.1253,1.35489,3.03926,23.4869,5.58375,7.27639,51.2556,327.152,528.734,4.55404,256.579,0,109.511,37.895,26.6705,13.2234,60.5707,217.997,19.6384,0,476.908,279.187,
3.225,0.381251,4.41165,14.063,0,3.68295,7.82287,54.4924,78.8446,135.23,62.6983,0.220542,27.0578,34.0347,147.977,12.2328,23.868,35.2728,18.01,114.512,0,6.52836,52.1641,190.837,3.42618,106.244,278.131,49.6419,0,353.313,22.5295,92.51,71.568,67.8637,0,122.806,265.717,59.2355,0,602.305,299.949,0,0.937178,16.8367,8.47997,0,28.4835,52.4249,42.1682,64.5054,61.4857,29.7939,15.9556,210.136,23.6344,19.9195,38.4748,30.5623,12.4645,92.2565,1.32817,3.13046,23.5891,5.84557,7.30269,52.9624,330.021,531.515,4.51088,263.17,0,108.702,38.624,27.4336,4.68467,59.6779,219.481,20.4031,0,465.743,275.864,
3.23,0.449423,4.40138,22.0955,0,3.60471,7.60818,54.2209,79.0813,137.637,63.2955,0.19359,27.8615,34.2938,147.004,11.8329,23.7005,35.324,18.9055,119.845,0,6.84954,52.6861,196.431,3.49906,113.95,278.214,49.847,0,374.323,19.7877,90.4438,71.6448,67.7695,0,122.631,262.379,59.1536,0,594.192,298.177,0,0.00450955,16.6583,8.43315,0,28.1197,53.7286,44.2369,66.6471,61.8499,29.9219,16.8241,209.001,23.2817,19.6625,38.1082,31.6485,13.2898,98.3047,1.29629,3.19627,23.6937,6.1111,7.33551,55.0612,333.357,535.354,4.45081,272.863,0,108.051,39.8974,28.6383,11.8336,58.8464,220.823,21.6236,0,453.685,272.369,
3.235,0.510035,4.25751,15.0376,0,3.4895,6.89514,54.0063,79.3551,139.997,63.8778,0.171701,27.5513,31.2115,143.721,11.4161,23.4697,35.3786,18.9996,121.683,0,6.96769,53.222,198.506,3.57106,114.426,276.043,46.7913,0,377.563,17.4014,88.9758,71.7143,67.7193,0,122.686,259.023,56.3557,0,586.277,296.403,0,0,12.8642,8.67347,0,26.7796,55.8645,46.8866,68.7802,62.1901,30.04,17.4873,201.347,20.6593,19.2933,37.5165,32.594,11.4141,99.9384,1.2594,3.20681,23.7888,6.37011,7.35855,57.0556,335.8,537.511,4.37296,278.902,0,107.56,41.7373,30.2962,14.1452,58.086,222.015,22.4196,0,440.976,268.697,
3.24,0.568423,4.21387,18.9827,0,3.56114,3.51863,53.806,79.589,142.299,64.434,0.147108,28.3977,31.5876,144.039,10.9968,23.2241,35.43,19.6954,125.611,0,7.23956,53.8226,201.64,3.64344,119.874,276.108,47.0522,0,392.732,15.4575,88.1828,71.7265,67.6455,0,123.019,254.383,56.2206,0,578.561,294.58,0,0,2.91503,8.78174,0,26.7846,58.8474,50.0958,70.8926,62.5055,30.2376,18.3632,200.806,20.379,18.8588,36.7748,33.4055,12.6524,104.477,1.2173,3.24816,23.8812,6.62159,7.38706,59.2172,338.725,541.169,4.27732,286.412,0,107.213,44.1303,32.4034,21.0433,57.4005,223.027,23.692,0,428.054,264.887,
3.245,0.611984,4.00335,14.1689,0,3.5258,8.9468,53.5581,79.6963,144.536,64.9586,0.127838,27.9087,27.7471,141.452,10.6366,23.0307,35.4823,19.8085,127.124,0,7.36983,54.4526,202.594,3.71157,121.322,273.528,43.2266,0,397.678,14.0057,88.0779,71.6073,67.4863,0,123.657,249.667,52.7919,0,571.027,292.72,0,0,22.4728,8.92555,0,24.3468,62.6546,53.8048,72.9748,62.7919,30.3625,18.9924,191.808,17.4183,18.3971,35.973,34.0821,10.3048,105.924,1.17013,3.30385,23.9632,6.85761,7.40569,61.2341,340.785,543.046,4.16421,291.336,0,106.992,47.0249,34.9139,22.8047,56.7898,223.848,24.522,0,415.434,261.035,
3.25,0.651379,3.86069,17.2479,0,3.42026,6.39152,53.1838,79.5713,146.69,65.446,0.10578,28.5677,28.2219,141,10.3241,22.9345,35.5058,20.0249,127.498,0,7.51801,55.1056,202.214,3.77779,121.948,273.179,43.583,0,400.77,13.0753,88.6166,71.259,67.1599,0,124.587,244.617,52.3617,0,563.645,290.81,0,0,10.6434,9.03324,0,25.0982,67.2107,57.8812,75.0155,63.0452,30.544,19.8503,192.066,17.1897,17.9337,35.167,34.6561,11.0372,106.774,1.1178,3.36136,24.0317,7.07565,7.42238,63.0541,342.507,545.324,4.03434,294.582,0,106.871,50.3273,37.7541,26.2693,56.2464,224.462,25.5042,0,403.569,257.229,
3.255,0.673386,3.55376,13.4955,0,3.23721,5.12447,52.6061,79.1137,148.754,65.8929,0.0889,27.6143,23.8879,134.723,10.0983,22.9475,35.4695,19.8992,125.288,0,7.59989,55.7535,199.627,3.84062,120.57,270.254,39.2989,0,398.307,12.6611,89.6805,70.5926,66.5587,0,125.771,240.022,48.3436,0,556.414,288.856,0,0,10.4588,9.12656,0,21.7127,72.3896,62.1642,77.0067,63.2606,30.6048,20.4797,182.422,14.1364,17.4763,34.3784,35.1206,8.70646,104.952,1.0608,3.40839,24.0826,7.26872,7.42439,64.4811,343.16,545.386,3.88813,294.702,0,106.812,53.891,40.8201,24.1491,55.7598,224.857,25.9439,0,392.918,253.622,
3.26,0.649979,3.24075,14.9665,0,3.02517,4.74875,51.75,78.2297,150.713,66.2936,0.0699962,27.7958,22.8095,133.349,9.90074,23.0397,35.3589,20.348,126.454,0,7.82227,56.4333,198.844,3.89985,123.982,268.915,37.6696,0,407.014,12.7319,91.0966,69.5095,65.6106,0,127.137,235.184,46.8721,0,549.265,286.831,0,0,1.88117,9.18396,0,22.1246,78.0193,66.4299,78.9405,63.4345,30.7751,21.2393,180.698,12.9255,17.0209,33.598,35.4242,8.53263,106.844,0.999569,3.44634,24.1246,7.43631,7.42304,65.8936,344.787,547.34,3.7278,297.842,0,106.785,57.5292,43.9653,21.0598,55.3159,225.026,26.9283,0,383.659,250.36,
3.265,0.3612,2.84665,12.1412,0,2.77058,3.61847,50.573,76.9075,152.559,66.6433,0.0550694,26.6907,18.8019,128.934,9.70193,23.1387,34.9327,20.3062,125.823,0,7.898,57.1046,196.677,3.95398,123.345,266.063,33.0463,0,405.547,13.2206,92.6749,67.961,64.2789,0,128.612,230.476,43.2088,0,542.191,284.728,0,0,6.75423,9.20834,0,17.3683,83.9057,70.4605,80.8086,63.5625,30.7689,21.6973,171.352,10.0096,16.5573,32.802,35.4918,7.08013,106.331,0.934392,3.48103,24.1516,7.57171,7.40997,67.0479,345.61,547.678,3.55363,298.965,0,106.753,61.0473,47.029,10.1425,54.8985,224.966,27.3693,0,375.879,247.557,
3.27,0.867007,2.57323,12.8613,0,2.53784,3.23116,49.0634,75.1525,154.284,66.9388,0.0413168,26.8259,18.1359,128.062,9.48649,23.1902,33.5135,20.6725,126.833,0,8.07141,57.7885,195.391,4.00724,125.44,265.528,31.9443,0,410.842,14.0505,94.2371,65.941,62.5655,0,130.121,225.212,41.8061,0,535.139,282.554,0,0,2.49122,9.20277,0,19.0066,89.8396,74.0319,82.6059,63.6429,30.9177,22.3806,169.226,8.96498,16.0566,31.9559,34.7576,7.87159,107.774,0.866269,3.5085,24.1664,7.67674,7.39763,68.1913,347.034,549.576,3.36872,301.935,0,106.689,64.2621,49.8561,1.90796,54.4901,224.663,28.3316,0,369.487,245.238,
3.275,0.783691,2.27306,10.8291,0,2.30158,2.48023,47.2313,73.0123,155.885,67.1803,0.0331385,26.5856,15.9984,127.118,9.23376,23.1427,20.8519,20.8732,128.041,0,8.19536,58.4827,194.274,4.05548,127.063,264.066,29.2045,0,414.76,15.1178,95.6381,63.4809,60.5034,0,131.599,219.768,39.5941,0,528.08,280.278,0,0.134117,1.17171,9.16998,0,14.2036,95.5584,76.9898,84.3291,63.6749,31.0553,22.8811,163.931,7.55711,15.5172,31.0299,29.3758,6.81251,109.049,0.796796,3.52142,24.1682,7.75161,7.38214,69.3126,348.466,551.337,3.1747,305.628,0,106.572,66.9952,52.3036,9.80532,54.0755,224.128,29.2014,0,364.218,243.367,
3.28,0.7611,2.15871,11.436,0,2.13575,2.36522,45.1041,70.5603,157.364,67.3736,0.0255091,27.0148,16.589,126.956,8.94094,22.9694,46.8511,21.1091,128.964,0,8.30529,59.1817,192.705,4.10296,127.967,264.885,29.6007,0,417.698,16.3247,96.7543,60.6161,58.15,0,132.989,214.252,39.2756,0,520.972,277.891,0,0.346278,3.03977,9.11729,0,18.8615,100.949,79.2126,85.9741,63.66,31.2468,23.5065,163.894,7.26298,14.9234,29.9909,25.0509,8.07462,110.053,0.727243,3.53265,24.158,7.80109,7.37258,70.4155,349.901,553.518,2.97331,309.603,0,106.387,69.1242,54.2538,40.7224,53.6398,223.369,30.2248,0,359.753,241.898,
3.285,0.751949,1.98126,9.82264,0,1.93847,2.04406,42.7184,67.8261,158.717,67.5171,0.0229569,26.6281,15.3394,124.45,8.5879,22.6533,33.98,21.0368,128.339,0,8.35308,59.8641,190.28,4.14692,126.738,263.299,27.8612,0,414.462,17.5675,97.4721,57.396,55.5386,0,134.228,208.862,37.6658,0,513.748,275.371,0,0.447547,2.69084,9.04358,0,14.8618,105.744,80.6216,87.5382,63.5989,31.2838,24.03,160.21,6.83773,14.2624,28.8122,49.4484,6.69471,109.275,0.65753,3.52155,24.1352,7.81771,7.35958,71.3562,350.581,554.401,2.76637,311.14,0,106.117,70.5458,55.6086,61.6182,53.1713,222.388,30.8626,0,355.704,240.745,
3.29,0.744043,1.92409,9.85169,0,1.79503,2.03612,40.1255,64.8995,159.94,67.6105,0.016928,26.8853,16.2269,123.656,8.18751,22.1841,39.8144,20.9428,126.714,0,8.38375,60.5177,186.926,4.18898,124.27,263.669,28.703,0,408.426,18.7503,97.7006,53.905,52.7473,0,135.264,203.558,37.6727,0,506.373,272.674,0,0.51593,2.37203,8.95154,0,15.5384,109.769,81.1943,89.0193,63.5068,31.2987,24.4125,160.978,7.0285,13.5226,27.4762,38.2451,7.48048,107.602,0.588133,3.50815,24.1003,7.80462,7.34806,72.0595,350.989,555.316,2.55764,310.934,0,105.763,71.2014,56.3244,74.285,52.6607,221.196,31.4306,0,351.659,239.735,
3.295,0.733233,1.81714,8.81778,0,1.65324,1.90286,37.4074,61.9185,161.028,67.6542,0.0149196,25.776,14.8509,117.194,7.75756,21.5729,36.8795,20.3986,120.905,0,8.31083,61.0937,179.469,4.22474,116.394,261.585,26.7184,0,387.272,19.7848,97.377,50.242,49.8598,0,136.05,198.654,35.5742,0,498.796,269.808,0,0.665797,0.478094,8.84126,0,14.4479,112.882,80.9344,90.4124,63.3454,30.9305,24.3229,155.728,6.50246,12.7109,25.9931,38.3642,6.45551,101.926,0.519694,3.47981,24.049,7.75495,7.32725,72.2018,349.349,553.165,2.35113,305.697,0,105.321,71.0758,56.3892,79.4877,52.1014,219.796,30.944,0,347.216,238.755,
3.3,0.723988,1.81575,8.74409,0,1.55335,1.95229,34.6671,59.0473,161.971,67.647,0.0109798,25.6927,15.6039,115.192,7.30052,20.8493,37.9293,20.0192,115.551,0,8.27853,61.5837,171.935,4.25816,110.081,261.617,27.3871,0,370.484,20.5998,96.493,46.5396,47.0118,0,136.571,193.994,35.3597,0,491.007,266.757,0,0.726359,4.35434,8.71908,0,14.8517,115.002,79.9272,91.7178,63.136,30.6535,24.3213,156.151,6.73175,11.8634,24.4049,37.8769,7.1489,96.752,0.452921,3.4457,23.9814,7.67036,7.30336,71.8291,348.186,552.25,2.14888,298.529,0,104.794,70.225,55.8483,84.3497,51.4895,218.196,30.7729,0,341.95,237.64,
3.305,0.711586,1.73439,7.84157,0,1.41849,1.74577,32.0326,56.4137,162.766,67.5872,0.00958703,24.0129,13.9662,107.373,6.8533,20.0685,37.5427,19.4086,107.422,0,8.19356,61.961,161.39,4.28697,100.958,259.119,24.9595,0,344.864,21.1469,95.0859,42.9754,44.3235,0,136.814,189.632,32.9264,0,483.008,263.531,0,0.658075,0.628332,8.58016,0,13.4725,116.131,78.3418,92.9306,62.875,29.8211,23.7566,149.947,6.13919,11.0041,22.7832,37.179,6.0097,89.2269,0.388915,3.40634,23.8945,7.54739,7.26783,70.8204,344.874,548.278,1.95115,287.656,0,104.188,68.7646,54.8049,83.8029,50.8233,216.405,29.5064,0,335.587,236.236,
3.31,0.700836,1.7116,7.64127,0,1.3346,1.71249,29.6334,54.1781,163.416,67.4773,0.00596166,23.6664,14.3529,104.446,6.42725,19.3137,37.5578,19.1102,101.82,0,8.18,62.2432,153.042,4.31121,96.6414,258.812,25.3576,0,333.103,21.4047,93.2272,39.7043,41.9582,0,136.801,185.31,32.402,0,474.802,260.13,0,0.676149,3.4306,8.4289,0,13.6257,116.364,76.392,94.0561,62.5647,29.3852,23.3741,149.964,6.29804,10.1882,21.2243,36.3019,6.35802,84.1926,0.328653,3.36212,23.7945,7.39431,7.22769,69.4495,343.134,546.852,1.76005,279.234,0,103.514,66.8613,53.4171,85.3717,50.107,214.429,28.9443,0,327.999,234.378,
3.315,0.687122,1.63507,7.09839,0,1.23263,1.52152,27.5943,52.4823,163.914,67.317,0.00514318,21.6555,12.6457,95.3265,6.07873,18.6582,37.4018,18.4372,92.4304,0,8.06356,62.4002,140.849,4.33056,87.5155,256.632,23.4288,0,307.985,21.3746,91.0089,36.8796,40.0303,0,136.573,181.079,29.8739,0,466.41,256.568,0,0.549521,0.466374,8.26185,0,13.3313,115.868,74.2993,95.0847,62.202,28.1537,22.1966,143.09,5.55685,9.45612,19.8133,35.3013,5.53341,76.0428,0.273734,3.30552,23.6789,7.20827,7.17516,67.5288,338.354,541.971,1.57635,267.305,0,102.78,64.7203,51.8531,80.2242,49.3424,212.286,27.0761,0,319.226,231.974,
3.32,0.670526,1.58272,6.72566,0,1.14044,1.38147,26.0141,51.384,164.273,67.1085,0.00264759,20.8991,12.2783,92.6306,5.80961,18.1501,37.2229,18.192,87.7219,0,8.06197,62.4627,133.185,4.34698,85.2933,256.034,22.9459,0,301.587,21.0753,88.5286,34.6355,38.634,0,136.175,176.69,28.9166,0,457.876,252.866,0,0.251735,2.53963,8.08067,0,12.9273,114.856,72.2826,96.0287,61.7913,27.4506,21.4022,141.346,5.3288,8.83519,18.6238,34.2471,5.55738,72.0221,0.22459,3.25212,23.5566,6.99914,7.11828,65.4545,336.503,540.472,1.4023,258.982,0,102.002,62.5225,50.2819,79.7174,48.5366,209.983,26.1919,0,309.578,228.979,
3.325,0.651261,1.50054,6.21971,0,1.03327,1.16916,24.9573,50.9457,164.489,66.853,0.0014584,18.3604,10.4956,83.8096,5.61163,17.7983,36.9973,17.552,79.0036,0,7.94285,62.407,122.07,4.35779,77.6691,254.129,21.1131,0,281.332,20.5427,85.8817,33.0555,37.8328,0,135.651,172.357,26.5932,0,449.222,249.044,0,0.23623,0.330405,7.88432,0,12.1843,113.554,70.4766,96.8746,61.3306,25.7264,19.5836,133.658,4.42483,8.3478,17.6887,33.2171,4.96028,64.6416,0.176484,3.18811,23.4257,6.76585,7.04995,63.0073,331.21,535.454,1.23826,247.469,0,101.19,60.4264,48.8305,71.3195,47.6967,207.546,23.7551,0,299.509,225.449,
3.33,0.629534,1.44185,5.86647,0,0.95301,1.08528,24.4514,51.161,164.588,66.5613,0,17.8273,10.2275,81.9392,5.46971,17.5839,36.7346,17.4749,76.6027,0,7.9778,62.2857,116.881,4.36714,78.1377,254.365,20.857,0,282.348,19.813,83.1657,32.18,37.6442,0,135.062,168.128,25.972,0,440.492,245.119,0,1.01729,1.60478,7.67521,0,12.1161,112.176,68.9801,97.6503,60.8301,25.0455,18.8609,132.52,4.16168,7.99332,17.0145,32.2767,4.96218,62.6601,0.131321,3.12116,23.2956,6.52477,6.9815,60.718,330.234,535.101,1.0862,242.279,0,100.358,58.549,47.5922,71.8071,46.8306,204.998,23.1756,0,289.4,221.407,
3.335,0.609661,1.36064,5.50878,0,0.867231,0.92637,24.4865,51.9893,164.571,66.24,0,16.4364,9.19118,76.2017,5.35904,17.4662,36.4416,16.9917,71.0797,0,7.88667,62.0801,109.477,4.37271,72.9768,253.351,19.7915,0,268.52,18.9373,80.477,32.0138,38.0518,0,134.454,164.298,24.5617,0,431.708,241.106,0,1.26647,0.259066,7.45295,0,11.9863,110.886,67.8286,98.3333,60.2915,23.9431,17.7936,128.602,3.66628,7.74858,16.5706,31.48,4.43714,57.871,0.0913345,3.05182,23.1654,6.27627,6.90578,58.333,327.179,532.824,0.946438,234.815,0,99.5163,56.9493,46.6065,67.7059,45.9482,202.368,21.722,0,279.546,216.932,
3.34,0.587745,1.31887,5.15373,0,0.793148,0.871691,25.0081,53.3531,164.467,65.8982,0,16.1297,9.35797,75.1117,5.28463,17.4067,36.1232,16.8608,69.1381,0,7.89633,61.8259,105.337,4.37738,73.0725,253.97,20.2668,0,268.967,17.9622,77.9125,32.4776,38.9618,0,133.882,160.718,24.2451,0,422.909,237.025,0.0228608,1.32563,0.795168,7.22217,0,11.7273,109.784,66.9852,98.9497,59.7244,23.2253,17.2281,128.512,3.59387,7.60184,16.3157,30.8535,4.52828,56.114,0.0580107,2.98818,23.0416,6.03055,6.83167,56.1681,326.465,533.01,0.820095,230.497,0,98.6749,55.6352,45.8689,68.3114,45.0569,199.681,21.3066,0,270.108,212.137,
3.345,0.563608,1.25567,4.85159,0,0.723059,0.765214,25.9136,55.0885,164.29,65.5452,0,15.3775,8.60435,73.059,5.21413,17.3667,35.782,16.6769,67.3694,0,7.88282,61.5363,102.116,4.38118,72.8164,253.838,19.7825,0,268.889,16.9358,75.5627,33.4522,40.2618,0,133.384,157.427,23.4412,0,414.111,232.881,0.0798214,1.38159,0.895634,6.98236,0,11.7014,108.907,66.3947,99.4948,59.1366,22.522,16.5568,125.259,3.27898,7.52138,16.2015,30.409,4.16601,54.4402,0.0321824,2.91689,22.9263,5.79236,6.75775,54.2239,325.799,533.059,0.707637,227.456,0,97.847,54.5766,45.3416,67.01,44.1671,196.968,20.7034,0,261.102,207.072,
3.35,0.546119,1.28112,4.6392,0,0.68897,0.905679,27.0676,57.0087,164.069,65.1906,0,15.5262,9.51031,73.3105,5.13223,17.3174,35.4195,16.7571,68.0705,0,7.92916,61.2481,101.333,4.38474,75.4633,255.503,21.2076,0,277.278,15.9025,73.4938,34.7809,41.7911,0,132.99,154.246,23.8991,0,405.302,228.685,0.116458,1.41265,0.223349,6.74307,0.0130417,11.9499,108.243,65.9945,99.9846,58.5383,22.0464,16.2699,126.82,3.45969,7.48832,16.1808,30.1345,4.61408,54.8912,0.0135121,2.85246,22.8264,5.57021,6.69249,52.7166,326.592,534.812,0.608843,227.8,0,97.0412,53.7271,44.9752,69.0111,43.2863,194.253,20.794,0,252.455,201.837,
3.355,0.522006,1.25942,4.416,0,0.649782,0.89762,28.3217,58.9344,163.821,64.8396,0,14.462,8.45047,71.7245,5.0419,17.2314,35.0408,16.5643,67.2556,0,7.90584,60.9542,99.9207,4.38763,75.7015,255.334,20.8284,0,279.574,14.8974,71.7624,36.2725,43.3856,0,132.729,151.166,22.9695,0,396.504,224.427,0.156765,1.45474,2.90131,6.50076,0.0623159,12.1116,107.76,65.7074,100.41,57.938,21.3576,15.2675,121.009,3.09558,7.48731,16.2167,30.0122,4.24421,53.8984,0,2.79076,22.7407,5.36189,6.62854,51.4418,326.6,535.103,0.521078,227.1,0,96.27,53.0362,44.7186,65.3096,42.4245,191.565,20.1409,0,243.996,196.419,
3.36,0.500132,1.24272,4.21212,0,0.621863,0.914435,29.5357,60.6789,163.57,64.4988,0,14.672,8.80422,73.1187,4.94682,17.0967,34.6401,16.6833,69.0577,0,7.97409,60.6926,100.644,4.39016,79.1738,256.145,21.4397,0,289.756,13.9536,70.4243,37.7483,44.8742,0,132.621,147.951,23.0458,0,387.679,220.1,0.191469,1.51565,1.8568,6.25693,0.119127,12.3443,107.415,65.511,100.792,57.3447,21.0667,15.038,122.436,3.22464,7.49433,16.2789,30.0136,4.03048,55.1205,0,2.74083,22.675,5.17321,6.57331,50.6086,328.032,537.208,0.443675,229.324,0,95.5453,52.4616,44.5354,67.497,41.5884,188.928,20.4513,0,235.412,190.842,
3.365,0.476264,1.18072,4.02491,0,0.585435,0.817436,30.5912,62.1215,163.33,64.1717,0,13.9465,7.61504,72.0892,4.83339,16.9203,34.2206,16.5346,69.0155,0,7.96531,60.4494,100.04,4.39379,79.6092,255.783,20.6382,0,292.12,13.0991,69.5174,39.0577,46.1213,0.215837,132.677,144.758,21.9711,0,378.793,215.696,0.225907,1.61677,0.934312,6.00888,0.170225,12.5259,107.186,65.3794,101.128,56.7634,20.7054,14.4597,118.068,2.7554,7.50967,16.3471,30.1098,3.70474,54.6974,0,2.69065,22.6269,5.00156,6.5197,49.9652,328.551,537.937,0.376401,229.962,0,94.8767,51.9804,44.4029,65.7693,40.7877,186.361,20.2098,0,226.391,185.083,
3.37,0.445368,1.09779,3.81519,0,0.543467,0.690553,31.3841,63.1549,163.121,63.8628,0,14.1392,7.40295,73.6022,4.7171,16.7195,33.7806,16.6977,71.3764,0,8.05078,60.2565,101.34,4.39874,83.0749,256.178,20.5477,0,301.646,12.3489,69.0546,40.0649,47.0202,0.0378465,132.9,141.408,21.6006,0,369.819,211.198,0.244638,1.73687,0.356821,5.75607,0.212119,12.5488,107.085,65.3399,101.433,56.203,20.5859,14.5265,118.202,2.607,7.52718,16.4061,30.2697,3.36213,56.3149,0,2.65053,22.6005,4.85105,6.47368,49.7038,330.259,540.248,0.319136,233.072,0,94.2735,51.6044,44.3367,69.0904,40.0286,183.876,20.8049,0,216.539,179.044,
3.375,0.417042,1.01248,3.66341,0,0.505457,0.576972,31.8344,63.6963,162.957,63.5761,0,14.151,7.06871,73.6083,4.61181,16.5225,33.3257,16.6379,72.0466,0,8.06574,60.0984,101.282,4.40334,83.751,256.636,20.6761,0,304.291,11.7214,69.0313,40.6584,47.484,0.0503546,133.284,138.161,21.037,5.05851,360.707,206.584,0.267924,1.89368,0.0795383,5.50055,0.268638,12.7305,107.143,65.4259,101.71,55.6684,20.6551,14.656,117.365,2.41997,7.53175,16.4467,30.469,3.32509,56.4961,0,2.61763,22.5927,4.71944,6.43071,49.5906,331.333,541.796,0.270882,234.695,0,93.7426,51.3584,44.3612,70.2865,39.3175,181.493,21.1772,2.72051,205.561,172.643,
3.38,0.391339,0.94464,3.57374,0,0.489872,0.599351,31.8931,63.7057,162.849,63.3155,0,14.6812,7.33185,75.7163,4.52254,16.3482,32.8566,16.9242,75.2715,0,8.18349,60.0075,103.324,4.40917,87.7798,257.597,21.3063,0,315.235,11.2162,69.4243,40.7773,47.4631,0.0609923,133.828,134.676,20.9966,7.54155,351.426,201.852,0.290354,2.11566,0.0646666,5.24494,0.344409,13.2187,107.42,65.6979,101.972,55.1649,20.8131,15.1032,118.509,2.39336,7.53658,16.4726,30.6875,3.32585,58.8424,0,2.59492,22.6064,4.61021,6.3976,49.8539,333.405,544.666,0.23071,239.463,0,93.2864,51.2791,44.5188,75.0156,38.6587,179.213,22.1896,1.05545,193.392,165.823,
3.385,0.364034,0.884417,3.59258,0,0.529065,0.86524,31.5544,63.2165,162.807,63.0809,0,14.5398,7.05475,75.2648,4.43585,16.2054,32.3806,16.8366,75.5081,0,8.19218,59.9531,102.921,4.41605,87.8975,258.066,21.8413,0,316.998,10.8332,70.1906,40.4117,46.9486,0.0727873,134.51,131.277,20.5382,21.0562,341.939,196.976,0.341418,2.50273,0.0622614,4.99014,0.475797,14.58,107.967,66.1738,102.217,54.6962,20.9646,15.1744,116.703,2.25049,7.53571,16.4903,30.9135,3.27671,58.7239,0,2.57263,22.6365,4.51866,6.3667,50.1745,334.235,546.124,0.197803,242.427,0,92.9032,51.3872,44.8348,75.1851,38.0552,177.048,22.5884,10.0362,180.064,158.523,
3.39,0.334945,0.829417,3.55298,0,0.594759,1.23299,30.855,62.2983,162.838,62.8738,0,15.1542,7.40191,77.6138,4.37401,16.0937,31.9003,17.1395,78.6279,0,8.32428,59.9626,104.849,4.4256,91.6641,259.014,22.6019,0,327.118,10.5622,71.2534,39.6055,46.01,0.0874922,135.31,127.621,20.5424,12.1479,332.229,191.963,0.341766,2.87304,0.0152683,4.73837,0.525699,15.4185,108.814,66.8492,102.459,54.2646,21.2621,15.7757,118.169,2.25919,7.53257,16.4955,31.1358,3.19311,60.9759,0,2.55938,22.6847,4.44638,6.34432,50.789,336.174,548.936,0.17104,247.72,0,92.5873,51.6936,45.3161,80.3752,37.5065,174.995,23.7616,14.0378,165.891,150.78,
3.395,0.304138,0.778959,3.4859,0,0.678278,1.61163,29.8726,61.1002,162.939,62.6924,0,14.7588,7.12638,74.9448,4.31751,16.0044,31.4225,16.9144,76.5085,0,8.3041,59.9891,102.184,4.43364,88.7758,259.488,23.0749,0,320.275,10.3851,72.4951,38.4429,44.7614,0.103779,136.186,124.225,19.8066,21.2183,322.297,186.815,0.352316,3.21729,0,4.49045,0.562305,16.1701,109.942,67.6978,102.693,53.8699,21.2628,15.7256,116.012,2.13446,7.52241,16.4767,31.345,3.14092,59.0976,0,2.55279,22.744,4.38661,6.32096,51.2276,335.53,548.716,0.149648,248.024,0,92.3259,52.1723,45.9367,77.8533,37.0101,173.059,23.7633,14.661,151.18,142.617,
3.4,0.276614,0.734692,3.29381,0,0.71983,1.74611,28.709,59.7733,163.114,62.5383,0,15.3454,7.42721,77.3217,4.26254,15.9229,30.9523,17.3389,79.9414,0,8.48018,60.078,104.425,4.44379,92.8787,261.175,23.5869,0,330.257,10.267,73.777,37.0573,43.3277,0.119701,137.101,120.782,19.764,40.3153,312.156,181.544,0.297004,3.26031,0,4.24833,0.449488,15.3632,111.305,68.6503,102.935,53.5138,21.5837,16.2132,117.01,2.10762,7.49055,16.4147,31.5275,3.21891,61.6406,0,2.54969,22.8176,4.34244,6.30625,51.8936,337.406,551.217,0.132819,251.135,0,92.1067,52.7712,46.6496,81.8114,36.5602,171.243,24.8873,15.9203,136.482,134.153,
3.405,0.248916,0.69115,3.07468,0,0.727377,1.62095,27.469,58.4607,163.358,62.4081,0,14.8673,7.43292,75.3345,4.20577,15.8412,30.494,17.16,78.0826,0,8.47343,60.1704,102.092,4.4536,89.5848,261.061,23.4784,0,321.23,10.1738,74.9758,35.5806,41.8443,0.131411,138.002,117.683,19.0661,18.7976,301.853,176.178,0.265939,3.18739,0,4.01368,0.38178,14.5253,112.813,69.6398,103.169,53.1943,21.3892,16.0476,115.914,2.05819,7.43157,16.2883,31.6639,3.22811,60.0014,0,2.55041,22.8973,4.30556,6.28991,52.2915,336.665,550.517,0.119785,248.68,0,91.9104,53.4259,47.3969,77.8522,36.1502,169.531,24.2848,16.7553,122.25,125.542,
3.41,0.225649,0.67407,2.95818,0,0.795291,2.02858,26.2468,57.2574,163.668,62.3017,0,15.5081,8.03638,77.6402,4.16258,15.7585,30.052,17.5223,80.6793,0,8.63557,60.3039,103.4,4.46426,92.7724,263.089,24.8855,0,329.225,10.0673,76.0023,34.1216,40.422,0.136661,138.86,114.414,19.1186,3.73714,291.43,170.752,0.246044,3.07109,0.369176,3.78976,0.281144,14.0152,114.364,70.564,103.415,52.911,21.6766,16.5148,117.274,2.10326,7.33228,16.0774,31.7296,3.40088,61.8661,0,2.56234,22.9843,4.28015,6.28028,52.8543,338.198,552.746,0.109826,251.221,0,91.7196,54.0666,48.1068,81.7325,35.771,167.917,25.4821,25.4318,108.869,116.933,
3.415,0.202501,0.644324,2.80202,0,0.877192,2.39077,25.1167,56.241,164.038,62.2134,0,14.9592,7.72496,74.9469,4.11396,15.6858,29.6328,17.3842,78.3274,0,8.6503,60.4257,100.204,4.47422,89.7062,262.553,24.9621,0,321.293,9.91255,76.8,32.7791,39.144,0.133629,139.647,111.193,18.2586,77.2419,280.986,165.296,0.255446,3.09333,0.158505,3.57648,0.289696,14.3537,115.832,71.3493,103.651,52.6596,21.5951,16.3064,114.907,2.004,7.18401,15.7662,31.7047,3.2844,59.9152,0,2.57076,23.0704,4.25735,6.26786,53.1825,337.006,552.262,0.102594,250.234,0,91.516,54.61,48.7024,78.789,35.4119,166.384,25.2328,59.4482,96.6799,108.514,
3.42,0.179659,0.615311,3.02695,0,1.03496,3.01571,24.141,55.45,164.465,62.1444,0,15.437,7.6093,75.9481,4.07608,15.6291,29.2391,17.6624,79.7059,0,8.79616,60.5654,100.337,4.48627,91.4979,264.214,25.8423,0,325.479,9.68485,77.338,31.6278,38.0661,0.121727,140.347,107.786,17.8302,83.2776,270.574,159.861,0.313448,3.39288,0.0452197,3.37357,0.398796,15.9751,117.064,71.8875,103.895,52.439,21.8949,16.4805,114.442,1.87428,6.98963,15.3467,31.5594,3.26947,60.8275,0,2.58918,23.1567,4.24248,6.2582,53.5901,337.895,553.831,0.0975549,253.024,0,91.283,54.9629,49.1012,80.5238,35.0624,164.922,26.2719,76.5411,85.812,100.445,
3.425,0.157871,0.570208,2.77328,0,1.11108,3.08051,23.367,54.9689,164.935,62.0893,0,14.8018,7.48366,73.4895,4.05838,15.6053,28.8773,17.6182,77.6996,0,8.84184,60.6822,97.6265,4.4948,88.5322,263.633,25.1659,0,316.574,9.36798,77.6104,30.7309,37.2556,0.102721,140.951,104.523,16.9938,45.0109,260.294,154.485,0.24526,3.48122,0,3.18179,0.353979,15.7079,117.888,72.0658,104.121,52.2449,21.6007,16.2039,113.245,1.74656,6.74121,14.8181,31.2787,3.23899,59.1732,0,2.61053,23.2363,4.22582,6.24613,53.753,336.552,552.749,0.0944528,250.696,0,91.0065,55.0311,49.2033,76.6317,34.7112,163.505,25.5212,47.8379,76.3675,92.8775,
3.43,0.132792,0.546993,2.88448,0,1.27438,3.66597,22.8312,54.7933,165.45,62.0485,0,15.2434,8.0224,73.8413,4.05353,15.6352,28.551,17.9669,79.2821,0,9.00143,60.8013,97.8228,4.50497,90.6158,265.377,26.4294,0,321.851,8.96141,77.6371,30.1328,36.7446,0.0785484,141.455,101.148,16.9791,76.9634,250.228,149.225,0.253271,3.6462,0.185834,3.00323,0.353843,16.3499,118.128,71.797,104.351,52.0749,21.8448,16.5648,114.469,1.73766,6.44837,14.1909,30.8458,3.43466,60.2957,0,2.63403,23.311,4.21402,6.23728,54.0423,337.266,554.305,0.0928884,253.042,0,90.68,54.7304,48.9383,79.4925,34.3505,162.12,26.4897,82.0708,68.4209,85.9095,
3.435,0.0968959,0.507122,2.6134,0,1.39012,3.9318,22.551,54.9343,165.996,62.0172,0,14.5661,7.64528,71.3365,4.08445,15.744,28.2673,17.9424,77.5458,0,9.05147,60.8892,95.599,4.51441,88.2694,265.089,26.0341,0,315.332,8.47234,77.463,29.8468,36.5298,0.0501406,141.877,98.0663,16.2959,69.933,240.459,144.111,0.217925,3.7104,0,2.83709,0.30877,16.2432,117.637,71.0199,104.556,51.9247,21.628,16.3617,111.936,1.6173,6.11714,13.4843,30.2572,3.319,58.8469,0,2.65216,23.3758,4.19986,6.22563,54.1407,336.146,553.594,0.0925083,251.583,0,90.3019,54.0008,48.2453,76.3681,33.9733,160.747,25.9524,64.8629,61.9536,79.6565,
3.44,0.0670682,0.471069,2.74021,0,1.54942,4.4129,22.5309,55.4039,166.572,61.9985,0,15.0687,7.88689,72.18,4.14639,15.9494,28.0332,18.4333,80.5371,0,9.24737,60.9865,97.4757,4.52405,92.0261,266.92,26.9452,0,325.188,7.92067,77.1633,29.8897,36.637,0.0182691,142.238,95.0866,16.3738,91.6174,231.07,139.192,0.209893,3.76421,0,2.68267,0.24869,16.3623,116.318,69.7421,104.763,51.7938,21.884,16.8261,112.863,1.56399,5.76882,12.7328,29.5233,3.40193,61.0353,0,2.67784,23.4343,4.19106,6.219,54.477,337.286,555.438,0.0931917,255.141,0,89.8757,52.8299,47.1201,80.0336,33.5746,159.378,26.9901,86.142,56.8559,74.1592,
3.445,0.0540768,0.422873,2.36298,0,1.67262,4.5554,22.7658,56.1616,167.167,61.991,0,14.7909,7.70512,70.6902,4.23826,16.2685,27.8555,18.4507,79.9639,0,9.29936,61.0553,96.8678,4.53144,90.591,267.144,26.639,0,321.478,7.33471,76.8349,30.2553,37.0463,0,142.568,92.6465,15.9583,75.2758,222.115,134.502,0.221427,3.89812,0,2.54105,0.296068,16.8463,114.155,68.0255,104.937,51.6783,21.9588,16.8423,111.524,1.47207,5.42395,11.9786,28.6681,3.36034,60.4197,0,2.70412,23.4813,4.1825,6.21022,54.6753,337.239,555.522,0.0947231,255.21,0,89.4067,51.2584,45.6007,78.0904,33.1537,158.004,26.7867,64.4851,53.0085,69.4289,
3.45,0.0476485,0.39613,2.98653,0,1.83,4.87863,23.2389,57.2023,167.784,61.9962,0,15.3841,8.31733,72.2132,4.37864,16.7169,27.7406,19.0154,83.9332,0,9.50521,61.1432,100.088,4.54026,95.1936,269.219,27.7796,0,333.901,6.7482,76.5732,30.9315,37.7215,0,142.893,90.2769,16.2874,88.1298,213.653,130.063,0.232889,4.08683,0.228333,2.41466,0.340667,17.6126,111.197,65.9728,105.106,51.5785,22.2232,17.3673,112.92,1.46523,5.09528,11.2695,27.7291,3.71223,63.309,0,2.73019,23.5221,4.18067,6.20888,55.1503,338.809,557.703,0.0965627,259.78,0,88.9054,49.3574,43.7686,82.1621,32.7101,156.615,27.9165,78.4575,50.2489,65.4558,
3.455,0.0516415,0.358186,2.32884,0,1.97439,5.02942,23.921,58.4525,168.413,62.0126,0,15.5917,8.28018,72.4139,4.56286,17.2948,27.696,19.1393,85.1882,0,9.57695,61.2198,101.225,4.54838,95.7578,269.537,27.9961,0,336.182,6.19134,76.4217,31.8665,38.6282,0,143.245,88.1288,16.0532,83.9237,205.71,125.896,0.266704,4.4206,0.0135036,2.30153,0.478222,18.8334,107.564,63.7115,105.242,51.4914,22.6291,17.7205,112.395,1.4948,4.80334,10.6396,26.7533,3.57865,64.0332,0,2.75526,23.5523,4.18015,6.20822,55.5994,339.783,559.018,0.0985421,262.232,0,88.3828,47.2226,41.7258,82.8715,32.2471,155.201,28.3764,66.5468,48.4426,62.2208,
3.46,0.0768421,0.361454,3.5634,0,2.17569,5.53538,24.7575,59.8131,169.052,62.0415,0,16.3448,9.46416,74.4755,4.77382,17.9879,27.7251,19.6393,89.0282,0,9.7511,61.3122,104.732,4.5581,99.7117,271.792,29.6678,0,347.516,5.68573,76.3632,33.0103,39.7117,0,143.617,85.946,16.7955,93.8769,198.346,122.026,0.284139,4.80186,1.19791,2.20756,0.593696,20.3628,103.452,61.3981,105.361,51.417,23.037,18.3393,114.776,1.58937,4.56669,10.1199,25.7916,4.2614,66.7754,0,2.77874,23.5758,4.1858,6.21663,56.2817,341.407,561.325,0.100358,267.573,0,87.8478,44.986,39.5954,87.2931,31.7679,153.758,29.546,70.6194,47.4458,59.6697,
3.465,0.0996947,0.350143,2.78008,0,2.34415,5.77716,25.6812,61.2099,169.693,62.0784,0,16.2777,9.37226,73.4136,5.00921,18.7599,27.8314,19.6432,88.914,0,9.79069,61.3863,104.853,4.56712,98.8554,271.916,29.8841,0,346.159,5.24323,76.3321,34.2631,40.8554,0,143.985,84.0411,16.591,89.1673,191.579,118.451,0.290757,5.15894,0.850134,2.12822,0.684349,21.3379,99.1101,59.1691,105.449,51.3516,23.2794,18.6026,113.503,1.76869,4.38534,9.72622,24.8941,3.89186,66.4741,0,2.8003,23.5875,4.19059,6.22391,56.8441,341.588,561.681,0.1018,269.131,0,87.3109,42.7828,37.5175,86.9417,31.2773,152.274,29.7193,64.4966,47.0971,57.7588,
3.47,0.097152,0.405222,4.02926,0.103345,2.56982,6.27796,26.6205,62.5193,170.333,62.1271,0,17.335,11.2817,75.9401,5.25012,19.5715,28.0136,20.2856,93.7484,0,9.99114,61.4948,109.322,4.57642,103.529,275.041,32.1432,0,359.194,4.86552,76.2458,35.5339,41.9863,0,144.33,81.9879,17.8518,94.4193,185.422,115.179,0.319251,5.55977,3.05023,2.07372,0.859263,23.1138,94.8322,57.1944,105.513,51.2954,23.7661,19.3672,116.91,1.94893,4.26123,9.45932,24.0994,5.23989,69.9943,0,2.82703,23.5949,4.20384,6.24508,57.6705,343.411,564.303,0.102316,274.708,0,86.781,40.7584,35.6346,92.5842,30.7809,150.753,31.1602,64.7069,47.2541,56.3957,
3.475,0.0717237,0.486258,3.66631,0.141261,2.86047,7.17977,27.5011,63.6587,170.965,62.1815,0,17.3444,12.2903,74.8542,5.48673,20.3812,28.2706,20.1097,92.0525,0,9.96727,61.5739,108.12,4.58639,101.371,276.122,34.3221,0,355.925,4.5454,76.028,36.731,43.0056,0,144.613,80.2141,18.4303,116.594,179.878,112.219,0.357143,5.99845,0.637136,2.042,0.968263,25.0624,90.9187,55.5972,105.556,51.2462,23.9819,19.2506,116.793,2.7672,4.19436,9.30998,23.4384,4.9934,68.5718,0,2.85113,23.5903,4.21541,6.26466,58.2983,343.22,564.525,0.101893,276.502,0,86.264,39.0367,34.0576,91.0723,30.2832,149.187,31.415,81.1352,47.8257,55.5178,
3.48,0.0654651,0.729561,5.50498,0.416441,3.28879,8.27624,28.2676,64.569,171.592,62.2515,0,18.5708,14.7704,77.7232,5.71252,21.155,28.5952,20.9894,98.2592,0,10.2085,61.7072,113.918,4.59965,107.039,280.61,37.2565,0,371.506,4.27281,75.6219,37.7798,43.8382,0,144.82,78.0318,20.4572,124.228,174.942,109.553,0.542527,7.08405,12.7975,2.05728,1.65838,31.0964,87.6373,54.4798,105.555,51.2063,24.4669,20.0268,119.209,3.18486,4.17374,9.26023,22.925,7.80761,73.2211,0,2.8873,23.5859,4.24349,6.30998,59.2687,345.275,567.587,0.100331,284.694,0,85.7643,37.7274,32.8921,97.6054,29.7892,147.594,33.2664,76.4157,48.7104,55.0421,
3.485,0.0782991,1.03935,6.02517,0.573168,3.71021,9.23433,28.8677,65.1778,172.213,62.3309,0,19.63,17.346,79.7734,5.91827,21.8668,28.98,20.7939,98.023,0,10.1673,61.8222,114.221,4.6141,105.578,281.742,40.2412,0,369.79,4.03541,74.9977,38.6048,44.4438,0,144.929,76.1503,21.4985,133.713,170.585,107.186,0.562455,8.06124,10.4932,2.10784,1.93956,34.9386,85.2045,53.8791,105.573,51.1762,25.122,19.8383,123.846,5.48531,4.18671,9.2861,22.5625,6.82094,72.8608,0,2.91421,23.5738,4.27105,6.35409,60.0379,346.324,569.106,0.0975032,287.615,0,85.2859,36.9018,32.2055,95.8957,29.3023,145.973,33.627,87.2197,49.7928,54.9263,
3.49,0.104567,1.49426,7.72612,0.720376,4.21045,10.1191,29.2596,65.4604,172.818,62.4278,0,21.7839,21.5977,85.4124,6.09956,22.5007,29.4107,21.7115,104.964,0,10.4083,62.0066,121.103,4.63208,111.451,286.381,44.018,0,385.728,3.82112,74.1563,39.1471,44.7612,0,144.936,74.1263,24.366,117.318,166.8,105.095,0.700966,9.34007,16.1234,2.21639,2.65955,41.0273,83.7671,53.8163,105.511,51.1544,25.9543,20.5639,129.783,7.85535,4.22292,9.36683,22.3412,9.91763,78.0747,0,2.95259,23.5671,4.31823,6.42646,61.1365,348.654,572.798,0.093388,295.414,0,84.8301,36.6081,32.0183,102.847,28.8276,144.351,35.7178,59.0988,50.9916,55.096,
3.495,0.140283,1.86854,8.51244,0.356912,4.73701,11.4482,29.4146,65.3939,173.419,62.5404,0,23.4608,22.7832,85.5231,6.24887,23.0455,29.8761,21.3754,104.069,0,10.3308,62.1896,120.567,4.64857,109.382,288.826,47.6071,0,382.813,3.62111,73.1334,39.3665,44.7702,0,144.859,72.9375,25.1807,147.973,163.549,103.266,0.684115,10.2343,15.8191,2.35909,2.73481,43.9955,83.3958,54.2906,105.512,51.1472,27.1475,21.2151,133.562,9.68069,4.27353,9.48125,22.2421,8.01452,77.129,0,2.98908,23.5557,4.36999,6.49346,62.0487,349.964,574.541,0.0882328,298.533,0,84.4004,36.8479,32.3356,106.262,28.3666,142.748,37.7344,51.5418,52.2172,55.4617,
3.5,0.182883,2.33094,9.75597,0.607215,5.19822,12.0415,29.3266,64.9981,174.005,62.6704,0.0111314,25.7404,27.4285,92.018,6.37615,23.4984,30.3629,22.3138,111.412,0,10.5767,62.4561,128.07,4.66985,115.211,292.733,51.3181,0,398.012,3.42846,71.9983,39.2618,44.4729,0,144.715,71.9649,28.403,95.0886,160.758,101.676,0.673314,10.8299,21.1486,2.55866,3.01563,46.7059,84.0704,55.2506,105.433,51.15,28.0582,22.0519,140.278,12.991,4.33372,9.61865,22.2453,11.2941,82.6325,0,3.03793,23.5567,4.43902,6.5882,63.2612,352.225,578.137,0.0821298,304.529,0,83.9999,37.5937,33.1187,113.163,27.9237,141.187,39.6911,80.8403,53.3644,55.9451,
3.505,0.222735,2.5953,10.4195,2.01663,5.47726,11.7193,29.0127,64.3264,174.584,62.8136,0.00236318,25.3871,27.115,94.7099,6.47626,23.8596,30.8557,22.1425,113.759,0,10.5384,62.7376,131.18,4.6901,114.992,291.107,49.4557,0,397.381,3.24397,70.8555,38.8478,43.895,0,144.533,71.5654,28.1866,108.924,158.398,100.298,0.598052,10.9471,19.8586,2.78527,2.66257,46.3707,85.693,56.5974,105.462,51.1694,28.2743,22.0876,140.069,13.7052,4.40238,9.77031,22.3309,9.03431,83.906,0,3.07113,23.5619,4.50728,6.67689,64.2737,353.639,578.726,0.0753336,304.652,0,83.6301,38.776,34.2908,110.73,27.5018,139.686,39.2436,82.528,54.3605,56.4928,
3.51,0.267982,2.97458,11.6473,2.06071,5.769,11.6982,28.5178,63.4679,175.139,62.9688,0.00126567,27.687,32.0471,102.105,6.55303,24.1298,31.3423,22.9528,120.712,0,10.7435,63.1043,137.828,4.71385,120.116,294.734,53.1493,0,411.054,3.07067,69.8242,38.1825,43.1212,0,144.365,71.0809,31.4859,78.8765,156.39,99.0866,0.618576,11.0682,24.5384,3.06155,3.37428,47.8034,88.0863,58.1973,105.406,51.1981,29.2067,22.8548,149.054,17.2043,4.47835,9.93812,22.4821,12.1149,89.0508,0,3.1167,23.5836,4.58968,6.78916,65.5505,355.672,582.069,0.0681631,309.812,0,83.2978,40.2812,35.7442,117.896,27.1041,138.257,41.1574,35.1839,55.1407,57.0463,
3.515,0.30929,3.18336,12.8051,2.28057,6.0311,11.6733,27.9064,62.5294,175.686,63.1373,0.00199024,28.5758,32.3026,102.265,6.60689,24.3162,31.8086,22.6761,121.17,0,10.6769,63.492,138.56,4.73661,118.653,294.451,54.1771,0,408.283,2.91487,69.0115,37.3562,42.2197,0,144.245,71.0914,31.6842,93.1399,154.657,98.0177,0.696417,11.5713,23.4896,3.35967,3.66657,50.2722,91.0236,59.9163,105.38,51.2447,30.0576,23.2753,151.987,17.8202,4.55446,10.114,22.6825,10.1297,88.9827,0,3.162,23.6123,4.67463,6.89288,66.6201,356.706,583.484,0.060764,312.201,0,83.0083,41.9693,37.351,118.689,26.7342,136.921,41.8676,38.3428,55.7077,57.5513,
3.52,0.359328,3.54768,14.0705,2.50989,6.19002,11.9749,27.2503,61.6083,176.214,63.3154,0.00251106,30.5512,36.3093,109.086,6.64165,24.4295,32.2398,23.2745,126.742,0,10.8318,63.9481,143.659,4.76184,121.94,297.422,57.1078,0,416.975,2.78234,68.4858,36.4649,41.3136,0.115437,144.206,70.687,34.5682,74.689,153.12,97.0385,0.473958,11.8492,28.1361,3.70346,3.94266,52.2461,94.2681,61.6198,105.317,51.3023,30.8208,23.8616,159.045,20.9507,4.63305,10.2886,22.9172,13.0993,92.9231,0,3.2066,23.6559,4.76766,7.01483,67.8227,358.356,586.269,0.053482,316.497,0,82.7671,43.7104,38.9788,124.692,26.3957,135.685,43.4248,25.168,56.079,57.979,
3.525,0.40485,3.70685,14.495,2.56881,2.47949,12.5506,26.6065,60.7855,176.733,63.4944,0.00539216,29.3789,34.1066,107.774,6.65811,24.4802,32.6266,23.0116,126.572,0,10.7853,64.4251,144.265,4.78759,121.211,296.217,56.6833,0.0378531,416.494,2.67622,68.2633,35.5899,40.4601,0.0111582,144.254,70.4816,33.8223,106.301,151.682,96.1137,0.751032,11.7085,26.0562,4.05356,3.69442,51.5769,97.6095,63.1973,105.313,51.3758,30.8596,23.7252,152.545,19.8673,4.70893,10.452,23.168,10.5838,92.4021,0,3.24426,23.7094,4.8552,7.12405,68.8739,358.418,586.014,0.0465514,318.243,0,82.5787,45.3949,40.5302,124.626,26.0918,134.556,43.6618,49.0417,56.2405,58.2817,
3.53,0.449879,4.01555,15.6132,2.68287,9.83088,13.0807,26.019,60.0902,177.237,63.6773,0.00578696,31.1776,38.2452,113.456,6.65487,24.4791,32.9586,23.5565,131.073,0,10.9296,64.9646,148.062,4.81474,123.603,298.971,59.6947,0.00213453,422.593,2.59818,68.3145,34.7856,39.7048,0.0235143,144.39,69.9001,36.4966,89.2687,150.258,95.1992,0.707246,11.7059,30.2163,4.43797,3.87073,52.962,100.869,64.5902,105.266,51.4599,31.5725,24.3171,159.355,22.9548,4.7726,10.5996,23.4213,13.5341,95.6023,0,3.29652,23.7788,4.95044,7.24742,70.0253,359.711,588.413,0.0399741,322.277,0,82.4472,46.934,41.9299,130.14,25.8262,133.546,45.1023,34.6584,56.1987,58.4396,
