time,addbrev_r,addlong_r,addmagDist_r,addmagIsch_r,addmagMid_r,addmagProx_r,bflh_r,bfsh_r,edl_r,ehl_r,fdl_r,fhl_r,gaslat_r,gasmed_r,glmax1_r,glmax2_r,glmax3_r,glmed1_r,glmed2_r,glmed3_r,glmin1_r,glmin2_r,glmin3_r,grac_r,iliacus_r,perbrev_r,perlong_r,piri_r,psoas_r,recfem_r,sart_r,semimem_r,semiten_r,soleus_r,tfl_r,tibant_r,tibpost_r,vasint_r,vaslat_r,vasmed_r,addbrev_l,addlong_l,addmagDist_l,addmagIsch_l,addmagMid_l,addmagProx_l,bflh_l,bfsh_l,edl_l,ehl_l,fdl_l,fhl_l,gaslat_l,gasmed_l,glmax1_l,glmax2_l,glmax3_l,glmed1_l,glmed2_l,glmed3_l,glmin1_l,glmin2_l,glmin3_l,grac_l,iliacus_l,perbrev_l,perlong_l,piri_l,psoas_l,recfem_l,sart_l,semimem_l,semiten_l,soleus_l,tfl_l,tibant_l,tibpost_l,vasint_l,vaslat_l,vasmed_l,
1.385,0.179835,0.513864,0.151612,0.299555,0.0410058,0.0485212,0.117489,0.117507,0.00999151,0.0873981,0.0662086,0.0444589,0.0726148,0.0761715,0.0301291,0.0301313,0.030199,0.0763991,0.0763981,0.0763983,0.000316119,0.00070937,0.00454823,0.600571,7.87406e-05,0.053002,0.059503,0.00167997,0.0350592,0.0578469,0.354239,0.117508,0.117123,0.0674558,0.0525748,0.0414701,0.0565645,0.000586631,0.0282841,0.0323756,0.131371,0.0136233,0.347364,0.61639,0.426849,0.0450685,0.0220547,0.0220562,0.272823,0.062485,0.00893497,0.0130855,0.0104575,0.155215,0.00813172,0.00813173,0.00813172,0.0530483,0.052861,0.0533303,0.0120189,0.00632276,0.00548765,0.00566991,0.001533,0.00362319,0.00589746,0.00804216,0.000446702,0.0383338,0.0163109,0.0220547,0.0220562,0.00912872,0.00109933,0.210835,0.0174929,0.13846,0.029372,0.0114456,
1.39,0.159037,0.455366,0.144763,0.26535,0.0448248,0.0509936,0.106576,0.106608,0.00866619,0.077864,0.0611627,0.0423045,0.0664671,0.0674379,0.0274956,0.0274976,0.0275581,0.0676202,0.0676193,0.0676194,2.02736e-05,0.000378029,0.00441365,0.542365,1.02667e-05,0.0472516,0.0558253,0.00262639,0.0310076,0.051508,0.326738,0.106609,0.106256,0.0604383,0.0465134,0.0366734,0.0530645,8.08462e-05,0.0251226,0.0286758,0.116656,0.0124557,0.307637,0.546357,0.378106,0.0407917,0.0195259,0.0195272,0.242097,0.0568488,0.0136006,0.0189548,0.0244095,0.146138,0.00720046,0.00720042,0.00720047,0.0473333,0.0471718,0.0475561,0.0281466,0.0148084,0.00557642,0.00556352,0.0035899,0.00844695,0.0105898,0.0071548,0.00104621,0.0347967,0.0382009,0.0195259,0.0195272,0.018369,0.0025228,0.18702,0.0215682,0.122778,0.0260409,0.0101216,
1.395,0.151627,0.437338,0.230243,0.253035,0.117703,0.119312,0.12365,0.123831,0.0084145,0.0798817,0.0809383,0.0665117,0.0826779,0.0644566,0.033402,0.0334042,0.0334663,0.0644864,0.0644855,0.0644857,0.000140457,0.000497662,0.00760533,0.60848,6.61353e-05,0.0477167,0.0808849,0.0125541,0.029563,0.051834,0.426395,0.123831,0.123384,0.0639428,0.0447651,0.0363321,0.0770563,0.000519868,0.0245851,0.0273441,0.113737,0.0153012,0.293314,0.524113,0.360824,0.0465735,0.0190058,0.0190068,0.235427,0.0677852,0.0636296,0.0834317,0.156685,0.215674,0.00693516,0.00693472,0.00693529,0.0495476,0.0494337,0.0495248,0.181016,0.095261,0.0116802,0.0100801,0.0230921,0.0543482,0.0575162,0.00709994,0.00672747,0.0412667,0.245647,0.0190058,0.0190068,0.108208,0.0162511,0.18085,0.0748195,0.118251,0.025609,0.00971329,
1.4,0.196931,0.563185,0.159279,0.328577,0.0392615,0.0478205,0.127192,0.127201,0.0107013,0.0952016,0.0708366,0.0467149,0.0781229,0.0834719,0.0324942,0.0324965,0.0325705,0.0837324,0.0837312,0.0837315,1.03583e-06,0.000440588,0.00472943,0.651798,5.2455e-07,0.0579325,0.0631359,0.00107741,0.0383959,0.0631913,0.379721,0.127202,0.126789,0.073473,0.0575154,0.0451307,0.0599776,4.13064e-06,0.0309716,0.035508,0.143907,0.0146827,0.380939,0.675844,0.468127,0.0488464,0.0240966,0.0240983,0.298784,0.0674547,0.00587973,0.00933838,0.00130698,0.164411,0.00890259,0.00890263,0.00890258,0.0576668,0.0574582,0.0579938,0.00143808,0.000756598,0.00553532,0.00585463,0.000183417,0.000431576,0.00286813,0.00880056,5.34535e-05,0.0413376,0.00195178,0.0240966,0.0240983,0.00311302,0.000128896,0.231032,0.0149729,0.151787,0.0320797,0.0125227,
1.405,0.156394,0.4516,0.249362,0.261633,0.130889,0.131281,0.130002,0.13021,0.00927958,0.0840629,0.086646,0.0722048,0.0878976,0.0663971,0.0359049,0.0359072,0.0359716,0.0668536,0.0668527,0.0668529,0.000490878,0.000863657,0.00829949,0.638212,0.000334156,0.0495606,0.0871493,0.0145315,0.0309399,0.0538275,0.456208,0.13021,0.129733,0.0670841,0.0473443,0.0394434,0.0831796,0.00110334,0.0254087,0.028236,0.117808,0.0165047,0.302242,0.539853,0.371858,0.0489584,0.0199359,0.0199369,0.242949,0.0723329,0.0738777,0.0977096,0.177072,0.231012,0.0073478,0.00734731,0.00734794,0.0530977,0.0529836,0.0530582,0.205201,0.108626,0.0138797,0.0110344,0.0265736,0.0623958,0.0688323,0.00757387,0.00795991,0.0438669,0.277698,0.0199359,0.0199369,0.125316,0.019082,0.186903,0.0865261,0.123268,0.0268556,0.010399,
1.41,0.199849,0.571501,0.160767,0.333446,0.0391338,0.0478599,0.128869,0.128875,0.0108586,0.0965593,0.0716723,0.0471595,0.0790979,0.0847073,0.0329079,0.0329102,0.0329853,0.0849732,0.084972,0.0849722,0,0.000445916,0.00476737,0.660592,0,0.0587657,0.0638098,0.000998398,0.0389649,0.0641019,0.384262,0.128877,0.128458,0.0745021,0.0583641,0.0457873,0.0606162,0,0.0314245,0.0360342,0.146015,0.014868,0.386584,0.685829,0.475061,0.0494976,0.0244501,0.0244518,0.303168,0.0683259,0.00548812,0.00885952,6.33386e-05,0.166124,0.00903392,0.00903397,0.00903391,0.0584801,0.058268,0.0588141,0,0,0.00555752,0.0058962,0,0,0.00246319,0.00892839,0,0.0418737,0,0.0244501,0.0244518,0.0023017,0,0.234432,0.0146823,0.154025,0.0325478,0.0127078,
1.415,0.158896,0.465036,0.275894,0.271724,0.150302,0.149259,0.136982,0.137219,0.00921228,0.086211,0.093104,0.0792941,0.0936219,0.0676283,0.0376044,0.0376069,0.0376732,0.0675164,0.0675155,0.0675157,0.000289987,0.000610483,0.00919472,0.672961,8.83745e-05,0.0508699,0.0947618,0.0165599,0.0309502,0.0552312,0.488188,0.13722,0.13672,0.0696916,0.0470048,0.0427324,0.0903637,0.000695491,0.025997,0.028636,0.120025,0.0172854,0.307089,0.550089,0.378003,0.0514778,0.0200192,0.0200202,0.248478,0.0757615,0.0845719,0.109521,0.209955,0.251868,0.00741375,0.00741315,0.00741392,0.0533254,0.0532199,0.0532209,0.244135,0.130633,0.0158382,0.0122162,0.0316084,0.0730713,0.0764779,0.00800103,0.00907645,0.0459547,0.328647,0.0200192,0.0200202,0.146061,0.0221875,0.190467,0.0968836,0.124223,0.0270652,0.0102085,
1.42,0.218495,0.624846,0.176447,0.364556,0.0433385,0.0528473,0.141055,0.141063,0.0118727,0.10561,0.0785263,0.0517527,0.0866203,0.0926117,0.0360311,0.0360337,0.0361157,0.0929012,0.0928999,0.0929002,8.20097e-07,0.000488457,0.00523724,0.7229,4.15302e-07,0.0642683,0.0699674,0.00116565,0.0426003,0.0701028,0.420961,0.141065,0.140607,0.0814998,0.0638123,0.0500688,0.0664669,3.27035e-06,0.0343611,0.0393962,0.159657,0.0162804,0.422652,0.749841,0.519387,0.0541724,0.0267341,0.026736,0.331487,0.0748009,0.00637366,0.0101677,0.00105461,0.182188,0.00987725,0.0098773,0.00987724,0.0639685,0.0637369,0.064332,0.00113857,0.000599021,0.00612272,0.00648157,0.000145217,0.000341692,0.00304209,0.00976343,4.23207e-05,0.0458402,0.00154528,0.0267341,0.026736,0.00318541,0.000102051,0.256323,0.016452,0.168404,0.0355902,0.0138938,
1.425,0.148308,0.372828,0.306759,0.213615,0.21253,0.199213,0.138937,0.139297,0.00731078,0.0745828,0.100465,0.0926054,0.0983146,0.0594187,0.040936,0.0409383,0.0409928,0.0587557,0.0587548,0.058755,0.000284661,0.000605132,0.0104037,0.630293,0.00195361,0.0509919,0.107831,0.0222505,0.0385894,0.0503289,0.538646,0.139298,0.138799,0.0681764,0.0428153,0.0324349,0.101728,0.000950329,0.0231366,0.0261991,0.098853,0.0183335,0.248129,0.44579,0.305679,0.0510685,0.0175644,0.0175653,0.204072,0.0785138,0.131903,0.182158,0.316636,0.28053,0.00700907,0.00700821,0.00700931,0.0485484,0.0484922,0.0483033,0.368785,0.194113,0.0173331,0.0162107,0.0957058,0.159153,0.144015,0.00844783,0.0441297,0.0474907,0.486455,0.0175644,0.0175653,0.256661,0.029823,0.155491,0.150385,0.103182,0.0242166,0.00948994,
1.43,0.24917,0.679125,0.18935,0.388221,0.0591605,0.0644507,0.160077,0.160093,0.0304138,0.129268,0.0936031,0.0635755,0.100748,0.100831,0.0460045,0.0460073,0.046095,0.101657,0.101656,0.101656,0.00280576,0.00337498,0.00717384,0.769746,0.0235864,0.0814669,0.0823956,0.00123603,0.0866821,0.0755178,0.457384,0.160092,0.159653,0.0916339,0.0725206,0.0585628,0.0779375,0.0394317,0.0386781,0.0448988,0.209333,0.0333896,0.46226,0.800578,0.57741,0.0635339,0.0285586,0.0285607,0.357079,0.113026,0.00694935,0.0107575,0.000979433,0.193932,0.011247,0.0112471,0.011247,0.0681629,0.0679505,0.0686234,0.00185797,0.00116425,0.00681821,0.00813179,0.0129599,0.000555329,0.00319025,0.0184605,0.0271441,0.0488244,0.00623068,0.0285586,0.0285607,0.00329467,0.00109119,0.298875,0.0174617,0.17958,0.0379987,0.0180373,
1.435,0.200121,0.38816,0.413081,0.300621,0.390328,0.296241,0.15918,0.159706,0.0145648,0.0755064,0.136544,0.138528,0.128049,0.0644968,0.0624187,0.0624199,0.0624416,0.0602301,0.0602288,0.0602292,0.00384067,0.0026802,0.0126778,0.675983,0.010625,0.0739418,0.154731,0.0266545,0.092957,0.0535339,0.775025,0.159714,0.159434,0.100469,0.0537636,0.128706,0.142836,0.00159109,0.0247483,0.0326135,0.0677648,0.0257954,0.161636,0.292956,0.202507,0.0580559,0.0176673,0.0176688,0.145895,0.0989248,0.262262,0.379734,0.512811,0.31682,0.0135622,0.0135611,0.0135625,0.0472695,0.0472428,0.0470975,0.647733,0.393971,0.05613,0.0276648,0.368771,0.464209,0.362211,0.0280697,0.19598,0.0569682,0.734927,0.0176673,0.0176688,0.621059,0.0479161,0.10825,0.289646,0.0815588,0.0256787,0.0136648,
1.44,0.266421,0.741403,0.207156,0.427586,0.0586384,0.0665026,0.171414,0.171426,0.0239674,0.133587,0.0978297,0.0655789,0.106608,0.108762,0.047053,0.047056,0.0471524,0.110724,0.110723,0.110723,0,0.000571809,0.00679443,0.847106,0.0131659,0.0814151,0.0865182,0.00128027,0.0755579,0.0825839,0.494297,0.171426,0.170924,0.0983591,0.0777919,0.0610951,0.0818982,0.0213615,0.0415766,0.0480256,0.21242,0.0278097,0.50359,0.880728,0.624666,0.0672461,0.031353,0.0313552,0.389349,0.108166,0.00713363,0.0113608,8.12206e-05,0.213026,0.0117738,0.0117738,0.0117738,0.0750064,0.07476,0.0754836,0.000482277,7.09145e-05,0.00717905,0.0083486,0.00577117,0,0.00315861,0.0156626,0.0140771,0.0536957,0.00277011,0.031353,0.0313552,0.00295153,8.16846e-05,0.316865,0.0188275,0.197643,0.0417659,0.0183897,
1.445,0.228627,0.627952,0.539975,0.569606,0.46931,0.314713,0.166566,0.166998,0.0280449,0.100175,0.165341,0.170405,0.150836,0.0732962,0.0730846,0.0730851,0.0730979,0.0643341,0.0643325,0.0643329,0.00739004,0.00387076,0.0151202,0.862434,0.0126498,0.0821909,0.18453,0.0243799,0.108431,0.0580944,0.909687,0.16701,0.167005,0.130356,0.0573044,0.295277,0.171704,0.0011967,0.0281393,0.0362944,0.0707609,0.0306069,0.161234,0.301501,0.20712,0.0640111,0.0179423,0.0179442,0.161365,0.109094,0.301916,0.40265,0.544885,0.318615,0.0196809,0.0196798,0.0196812,0.044405,0.0443722,0.0442862,0.749672,0.532901,0.1116,0.0307463,0.455395,0.540052,0.401134,0.0491219,0.234443,0.0586605,0.752282,0.0179423,0.0179442,0.747279,0.0632907,0.117489,0.308479,0.0823468,0.0264776,0.015346,
1.45,0.303106,0.550554,0.132641,0.248885,0.136094,0.110472,0.185335,0.185434,0.206999,0.250299,0.155353,0.118773,0.140969,0.129179,0.0900469,0.0900492,0.0901088,0.0857832,0.0857835,0.0857835,0.0907828,0.0927081,0.0297361,0.493216,0.269691,0.237938,0.12794,0.000924292,0.407374,0.0615521,0.526082,0.185411,0.185422,0.106812,0.0810407,0.114859,0.12156,0.475657,0.0430368,0.0540988,0.438094,0.202722,0.388051,0.53113,0.561371,0.085009,0.0212319,0.021239,0.335806,0.361454,0.00759492,0.00668721,4.72761e-05,0.124036,0.0231709,0.0231711,0.0231709,0.0448577,0.044849,0.0456407,0.00818615,0.01711,0.01201,0.0148487,0.198209,0.00779155,0.00188913,0.109516,0.348931,0.0319595,0.0518205,0.0212319,0.021239,0.001718,0.0290948,0.405029,0.0111,0.117942,0.0265256,0.0359955,
1.455,0.229806,0.882138,0.609658,0.850705,0.463327,0.263877,0.148805,0.149013,0.0430724,0.126178,0.174287,0.179351,0.15515,0.0764251,0.0751936,0.0751934,0.0752005,0.0651836,0.0651818,0.0651823,0.012033,0.00617151,0.0156998,0.993958,0.0117279,0.0781487,0.188623,0.0174376,0.103107,0.0575336,0.923329,0.149024,0.149329,0.148847,0.0590547,0.468683,0.178354,0.000723411,0.0292417,0.0360606,0.0752852,0.0320258,0.169387,0.324085,0.221553,0.0618964,0.0180546,0.0180565,0.181144,0.105543,0.288242,0.343493,0.446536,0.260602,0.0250176,0.0250168,0.0250178,0.0434795,0.0434128,0.0435354,0.698619,0.593724,0.167268,0.0278398,0.44658,0.49624,0.361591,0.06742,0.219319,0.0526666,0.581111,0.0180546,0.0180565,0.73371,0.072657,0.131084,0.266903,0.0881032,0.0263467,0.0166644,
1.46,0.330228,0.530831,0.120135,0.216346,0.159234,0.126805,0.197434,0.197568,0.273473,0.299331,0.180259,0.139746,0.157791,0.151811,0.104218,0.10422,0.104273,0.0835804,0.0835811,0.083581,0.135947,0.138493,0.0396531,0.428272,0.360443,0.306318,0.146603,0.000917224,0.510903,0.0610034,0.59669,0.197539,0.197648,0.116014,0.0857353,0.14388,0.14032,0.644515,0.0456266,0.0583194,0.508702,0.266946,0.375517,0.469056,0.56921,0.0923044,0.0207416,0.0207515,0.356441,0.444088,0.00901918,0.00623089,6.17561e-05,0.107853,0.0295477,0.0295478,0.0295476,0.0411204,0.0411339,0.0419893,0.0108215,0.0251057,0.0151008,0.0170073,0.275146,0.0116037,0.0016819,0.145231,0.47359,0.0289161,0.068478,0.0207416,0.0207515,0.00160317,0.0426979,0.445309,0.0104513,0.103768,0.0249144,0.0416365,
1.465,0.284694,0.745744,0.488011,0.691299,0.448562,0.258081,0.162071,0.162353,0.0353009,0.112257,0.162134,0.162646,0.149987,0.0893058,0.0793232,0.0793229,0.0793249,0.0795662,0.0795642,0.0795648,0.0101138,0.00575675,0.0121309,0.866977,0.0167621,0.0982558,0.177208,0.0121009,0.139685,0.0659705,0.921506,0.162368,0.162581,0.150716,0.0740316,0.365795,0.163471,0.00110301,0.0330313,0.0451118,0.0758101,0.032162,0.182903,0.335468,0.234935,0.0635837,0.0220694,0.0220722,0.177304,0.110419,0.293313,0.404482,0.429619,0.243079,0.0250856,0.0250851,0.0250858,0.0502383,0.0501171,0.0505988,0.648129,0.513885,0.129027,0.0298811,0.554559,0.61268,0.43989,0.0614781,0.29638,0.0581726,0.542359,0.0220694,0.0220722,0.790437,0.0539003,0.130215,0.299415,0.0988805,0.0320954,0.0202051,
1.47,0.338735,0.527549,0.117216,0.209512,0.161342,0.132086,0.202182,0.202341,0.307186,0.323554,0.192584,0.148698,0.165003,0.178954,0.107013,0.107015,0.107067,0.0820089,0.0820097,0.0820096,0.174407,0.177756,0.0477851,0.415363,0.411158,0.360813,0.156285,0.000971162,0.543132,0.0634993,0.689413,0.202311,0.202391,0.122278,0.0846178,0.164346,0.150848,0.740023,0.0469638,0.0601402,0.519061,0.306513,0.370004,0.457495,0.569726,0.0927419,0.0210658,0.0210782,0.396266,0.47222,0.00953399,0.00602118,0.000329373,0.10454,0.0357317,0.0357319,0.0357316,0.0388287,0.0387734,0.0396651,0.0121672,0.0325233,0.0181844,0.0173854,0.334626,0.0155472,0.00203051,0.169047,0.556479,0.0276351,0.0774042,0.0210658,0.0210782,0.00202266,0.0552832,0.457037,0.00966906,0.101443,0.02447,0.0418605,
1.475,0.307208,0.876025,0.538462,0.856436,0.492005,0.252848,0.157963,0.158168,0.0449099,0.125254,0.175046,0.177793,0.159414,0.0937442,0.0872648,0.0872638,0.0872516,0.082334,0.0823318,0.0823325,0.0133048,0.00736255,0.012425,0.932242,0.0191036,0.104619,0.190414,0.00840347,0.157348,0.0673731,0.992613,0.158186,0.158635,0.170714,0.0806752,0.480553,0.176094,0.000232877,0.034489,0.0479712,0.0686572,0.0347872,0.162487,0.301999,0.212793,0.0641032,0.022745,0.0227482,0.169163,0.114289,0.323289,0.435897,0.421792,0.213456,0.0301116,0.0301113,0.0301117,0.0506197,0.0504786,0.0511607,0.686662,0.593353,0.167569,0.0316415,0.643355,0.691338,0.491922,0.0768477,0.342032,0.0579001,0.5012,0.022745,0.0227482,0.894935,0.0616672,0.12297,0.319858,0.0973891,0.0332581,0.0228219,
1.48,0.345633,0.512704,0.110279,0.194679,0.161665,0.13589,0.20331,0.203495,0.344102,0.348477,0.20385,0.157078,0.170767,0.205558,0.108787,0.108789,0.108839,0.0789624,0.0789632,0.0789632,0.218255,0.222298,0.056008,0.385871,0.463488,0.414934,0.164594,0.00101437,0.574145,0.0650647,0.775793,0.203464,0.203521,0.127086,0.0833192,0.187644,0.160506,0.844559,0.0475093,0.0609967,0.524468,0.34628,0.355266,0.428874,0.558166,0.0917144,0.0216084,0.0216236,0.431294,0.498678,0.0104512,0.00549307,3.69795e-05,0.0971643,0.0420043,0.0420046,0.0420042,0.0373776,0.0372574,0.0381733,0.0129214,0.0399645,0.0213401,0.0175495,0.394486,0.0187,0.00155919,0.193054,0.640267,0.0264173,0.0856875,0.0216084,0.0216236,0.00134382,0.0685683,0.462726,0.00917955,0.0952265,0.0241792,0.0419714,
1.485,0.329233,0.847966,0.499191,0.838023,0.498242,0.247713,0.157578,0.157765,0.0448681,0.118519,0.170977,0.173563,0.156904,0.0969905,0.088531,0.0885295,0.0885083,0.0839682,0.0839658,0.0839666,0.0126784,0.00670218,0.0108952,0.879584,0.0236241,0.112941,0.186849,0.00330796,0.178963,0.0681583,0.987334,0.157785,0.15832,0.1741,0.081976,0.473588,0.1706,0.00316104,0.0354238,0.0510202,0.0646377,0.0356358,0.146851,0.270242,0.19456,0.0634535,0.0222556,0.0222591,0.154003,0.115366,0.325197,0.451449,0.412563,0.190704,0.0307618,0.0307615,0.0307618,0.0446173,0.0444693,0.0452823,0.678556,0.587255,0.161955,0.0325558,0.713259,0.757382,0.521572,0.079611,0.387885,0.0565665,0.47245,0.0222556,0.0222591,0.938255,0.0544287,0.113309,0.325234,0.0893324,0.0329785,0.0233788,
1.49,0.346798,0.512361,0.110187,0.193811,0.162763,0.13743,0.20494,0.20513,0.351174,0.353619,0.206849,0.159262,0.17259,0.211514,0.109763,0.109765,0.109815,0.0785232,0.0785241,0.078524,0.225358,0.229629,0.0579064,0.384161,0.475356,0.427719,0.1671,0.00107303,0.582671,0.0654962,0.797412,0.205098,0.205151,0.128634,0.0828007,0.191444,0.163051,0.864506,0.0479081,0.0615456,0.52849,0.355807,0.354664,0.427242,0.559635,0.0920958,0.0214197,0.0214355,0.44024,0.506157,0.0104812,0.00557729,0.00020131,0.0966006,0.0433888,0.0433891,0.0433887,0.0361552,0.0360195,0.0369453,0.0134364,0.0418361,0.022163,0.0176927,0.408255,0.0195078,0.00195712,0.198731,0.659833,0.0257613,0.0880553,0.0214197,0.0214355,0.0017158,0.0713968,0.466516,0.0088605,0.0950482,0.0237684,0.0420525,
1.495,0.339691,0.804015,0.484038,0.810267,0.520165,0.25892,0.157765,0.157976,0.044715,0.111294,0.170731,0.174928,0.156754,0.096961,0.0902992,0.0902974,0.090267,0.0823847,0.0823823,0.0823831,0.0129094,0.00691668,0.0104096,0.834439,0.0274972,0.11877,0.188545,0.00183373,0.194625,0.0672275,1,0.157999,0.158586,0.17586,0.0816013,0.467168,0.170648,0.00615126,0.0351555,0.0521825,0.0556828,0.0369119,0.119628,0.219683,0.161767,0.0628528,0.0212672,0.021271,0.132134,0.116943,0.340375,0.482485,0.43766,0.184665,0.0311611,0.0311609,0.0311612,0.0396154,0.039476,0.0403165,0.709776,0.602326,0.15921,0.034276,0.775988,0.823392,0.559905,0.0817861,0.427425,0.0561819,0.50024,0.0212672,0.021271,0.997582,0.0524451,0.0969852,0.344333,0.0782486,0.0319977,0.0235211,
1.5,0.348467,0.522958,0.113392,0.202051,0.15809,0.13649,0.205569,0.205764,0.354507,0.356932,0.208335,0.159604,0.173332,0.222158,0.107938,0.10794,0.107992,0.0794677,0.0794685,0.0794684,0.237531,0.242031,0.0599427,0.400359,0.48063,0.44104,0.16839,0.00111074,0.574223,0.0680065,0.835367,0.205734,0.205739,0.130701,0.0823093,0.197786,0.164959,0.878101,0.0483012,0.0618118,0.517035,0.361372,0.359051,0.443761,0.562695,0.0908806,0.0224125,0.0224291,0.461076,0.501175,0.0107931,0.00572947,3.83594e-05,0.100609,0.0453786,0.0453789,0.0453785,0.0376853,0.0375039,0.0384401,0.0132137,0.0438796,0.0232321,0.0173819,0.421339,0.0205005,0.00197993,0.202876,0.673654,0.0268621,0.088247,0.0224125,0.0224291,0.00167146,0.0751083,0.464966,0.00916676,0.0989454,0.0247884,0.040993,
1.505,0.337069,0.86194,0.514565,0.885087,0.531718,0.254261,0.148635,0.148791,0.0571753,0.12118,0.175565,0.181839,0.158658,0.0945545,0.090065,0.0900629,0.0900267,0.0780169,0.0780145,0.0780153,0.0233645,0.0162596,0.0111369,0.853661,0.0322724,0.115765,0.192046,0.000452278,0.196505,0.0644723,0.999393,0.148815,0.149528,0.179286,0.0793923,0.529381,0.17534,0.0269674,0.0339217,0.0499929,0.0524281,0.0387281,0.0993127,0.182674,0.138539,0.0610641,0.0207239,0.0207277,0.123391,0.117854,0.342238,0.466435,0.431554,0.169955,0.0324411,0.0324409,0.0324412,0.0374838,0.0373686,0.0381666,0.723717,0.639441,0.177498,0.0338601,0.778469,0.816432,0.546385,0.0884547,0.426841,0.0544547,0.485052,0.0207239,0.0207277,1,0.057863,0.090024,0.335264,0.0667324,0.0310829,0.0233988,
1.51,0.340256,0.513232,0.111415,0.200159,0.149547,0.131954,0.199635,0.199831,0.350438,0.351366,0.204212,0.155829,0.169139,0.226348,0.103266,0.103268,0.103319,0.0774617,0.0774624,0.0774623,0.244998,0.24958,0.0604988,0.396711,0.475323,0.443165,0.164972,0.00108228,0.552994,0.068065,0.847422,0.199802,0.199769,0.128713,0.0793892,0.199428,0.162329,0.873631,0.0471333,0.0601443,0.492321,0.35848,0.349496,0.439126,0.545895,0.0869447,0.0226651,0.0226821,0.466512,0.484364,0.0108258,0.00546727,3.80206e-05,0.0998015,0.0461646,0.0461649,0.0461646,0.0378584,0.0376412,0.0385575,0.0128381,0.0448791,0.0235714,0.0166086,0.424592,0.021039,0.00161534,0.202218,0.672037,0.0269373,0.0867221,0.0226651,0.0226821,0.00138165,0.0770373,0.449624,0.00909602,0.0979606,0.0249239,0.0389262,
1.515,0.328868,0.838521,0.511053,0.874577,0.541808,0.258218,0.147766,0.147922,0.0723985,0.128107,0.180539,0.186977,0.160572,0.0949859,0.0940763,0.0940741,0.0940323,0.0716903,0.0716881,0.0716889,0.026567,0.0197521,0.014068,0.813724,0.0599288,0.133977,0.196288,0.000299745,0.230432,0.0597871,1,0.147942,0.148734,0.179187,0.0749377,0.53774,0.178876,0.0644506,0.0334818,0.0498567,0.074075,0.0592162,0.0774007,0.132414,0.12175,0.0620788,0.0173837,0.0173881,0.11217,0.143527,0.341112,0.462634,0.43225,0.156727,0.0337238,0.0337236,0.0337239,0.0276992,0.0276052,0.0283891,0.728643,0.648492,0.181021,0.0344431,0.802214,0.816182,0.544603,0.100468,0.466025,0.0486793,0.490846,0.0173837,0.0173881,1,0.0619221,0.0950854,0.330767,0.0549434,0.0266217,0.0242138,
1.52,0.333201,0.50661,0.114743,0.206185,0.153211,0.131131,0.194186,0.194376,0.355822,0.352612,0.204697,0.157345,0.16807,0.225735,0.102863,0.102865,0.102912,0.0734596,0.0734603,0.0734603,0.250405,0.254836,0.0614463,0.37933,0.481631,0.446609,0.165385,0.00104238,0.555791,0.065514,0.848367,0.194347,0.194352,0.128029,0.0769734,0.214516,0.16311,0.886424,0.0459656,0.0587156,0.487704,0.362825,0.33079,0.40584,0.524237,0.0850797,0.0216736,0.0216908,0.458053,0.485678,0.0132289,0.00508905,0.00120894,0.0914777,0.0469036,0.0469039,0.0469036,0.0352199,0.0350067,0.0359022,0.0196089,0.0564489,0.0285866,0.0165128,0.433758,0.0227588,0.00219934,0.206183,0.68198,0.0250035,0.0878357,0.0216736,0.0216908,0.00763919,0.080065,0.441229,0.0089337,0.0905135,0.0234948,0.0385846,
1.525,0.340726,0.772684,0.478583,0.800929,0.547842,0.264448,0.150332,0.150524,0.0805909,0.131417,0.180031,0.187016,0.161102,0.0829517,0.0996606,0.0996584,0.0996125,0.0726265,0.0726246,0.0726253,0.0208513,0.0140485,0.0118249,0.739956,0.0681265,0.124954,0.194677,0.000849729,0.265253,0.0572729,0.947093,0.150542,0.151369,0.175274,0.081562,0.505274,0.176506,0.0825959,0.0333202,0.050838,0.102817,0.0602078,0.0691703,0.0916554,0.117062,0.0650673,0.0177936,0.0177971,0.0798967,0.166472,0.344252,0.477802,0.435937,0.14962,0.0311943,0.0311941,0.0311944,0.0312825,0.0312659,0.0320806,0.722123,0.625796,0.169438,0.0356242,0.800507,0.827744,0.558339,0.0962703,0.470596,0.0496923,0.500617,0.0177936,0.0177971,1,0.0557788,0.102191,0.341206,0.0480168,0.0273245,0.0279939,
1.53,0.323409,0.623738,0.188322,0.349305,0.177225,0.131934,0.187902,0.188043,0.352203,0.356091,0.212751,0.168012,0.172961,0.228813,0.101792,0.101794,0.101839,0.0714834,0.0714839,0.0714839,0.253573,0.256864,0.0627625,0.482135,0.468077,0.442484,0.174982,0.00155905,0.526224,0.0659838,0.913051,0.188016,0.188099,0.137903,0.0741051,0.302054,0.173769,0.863229,0.0453951,0.0568353,0.459736,0.356734,0.321321,0.410235,0.508603,0.0828427,0.0215789,0.0215963,0.468494,0.466458,0.0310261,0.00882648,0.0133156,0.0940291,0.0498963,0.0498966,0.0498962,0.0351035,0.0348549,0.0357188,0.0662975,0.127289,0.0601581,0.016504,0.446,0.0331414,0.00992075,0.212432,0.671305,0.0250987,0.0927521,0.0215789,0.0215963,0.0520752,0.0911617,0.427913,0.0144749,0.0923697,0.0233542,0.0367215,
1.535,0.332713,0.587317,0.380308,0.604924,0.504737,0.260654,0.148392,0.148667,0.0772424,0.112684,0.162708,0.166591,0.146693,0.0962976,0.0906757,0.0906737,0.0906295,0.068915,0.0689131,0.0689138,0.0370414,0.0323819,0.0136818,0.598853,0.0839599,0.151967,0.178027,0.000120226,0.260714,0.0571725,0.928364,0.148687,0.149307,0.159676,0.0747627,0.391294,0.15945,0.111481,0.0318527,0.0502862,0.0797607,0.0713634,0.0545573,0.0717658,0.0945908,0.0591935,0.0170603,0.0170654,0.0878519,0.156624,0.324549,0.479619,0.434326,0.149257,0.0306407,0.0306404,0.0306408,0.0258374,0.0257565,0.0265548,0.676582,0.54494,0.128585,0.0344787,0.822936,0.833393,0.556413,0.0928835,0.510573,0.0480247,0.512158,0.0170603,0.0170654,0.968035,0.0486039,0.083106,0.337314,0.0418178,0.0259518,0.0245558,
1.54,0.304865,0.632926,0.205185,0.389326,0.184936,0.126416,0.174333,0.174439,0.346319,0.347247,0.208941,0.167704,0.167958,0.21918,0.0988399,0.098841,0.0988778,0.0642245,0.064225,0.064225,0.248909,0.25148,0.0616026,0.47277,0.456565,0.428555,0.172574,0.000949886,0.510703,0.0606063,0.89251,0.174413,0.17459,0.135955,0.0685015,0.335937,0.17176,0.841939,0.0426597,0.0532658,0.438043,0.347938,0.286902,0.356443,0.464535,0.0782253,0.0193675,0.0193844,0.441301,0.451144,0.036736,0.00739984,0.0147777,0.0787509,0.0495703,0.0495705,0.0495702,0.0296764,0.0294447,0.0302586,0.0833114,0.156632,0.0731811,0.0160208,0.446914,0.0398107,0.0121575,0.211776,0.658359,0.0215364,0.0867113,0.0193675,0.0193844,0.0716961,0.0932721,0.403376,0.0136607,0.0799568,0.0205746,0.0351304,
1.545,0.334259,0.561304,0.381786,0.595163,0.523495,0.271829,0.148422,0.148728,0.086315,0.114833,0.167486,0.171986,0.149079,0.104643,0.0925852,0.092583,0.0925323,0.0658271,0.0658252,0.0658259,0.049202,0.0448022,0.0165909,0.574645,0.10121,0.173224,0.183906,0.000465412,0.274594,0.0565376,0.979408,0.148749,0.149386,0.162944,0.0731393,0.401629,0.164786,0.138837,0.0315297,0.0507203,0.0711465,0.0850917,0.0295641,0.0295045,0.0661147,0.058143,0.0161633,0.0161694,0.0858758,0.163763,0.340004,0.505551,0.457687,0.146975,0.0333411,0.0333408,0.0333412,0.0220399,0.0219344,0.0227443,0.708528,0.568004,0.132359,0.0357723,0.881375,0.876284,0.586181,0.102807,0.560539,0.0470212,0.543997,0.0161633,0.0161694,1,0.0544927,0.0718044,0.354246,0.0344006,0.0246628,0.0243302,
1.55,0.299641,0.697325,0.247262,0.471756,0.208467,0.128342,0.17044,0.170502,0.331861,0.340029,0.210014,0.172512,0.169473,0.201541,0.100729,0.10073,0.100763,0.0634107,0.0634112,0.0634112,0.225293,0.226639,0.057664,0.522729,0.429349,0.396416,0.175516,0.000879381,0.498995,0.0578741,0.86556,0.170477,0.170777,0.139301,0.0686916,0.377409,0.174078,0.786957,0.0419675,0.0520837,0.435347,0.327436,0.279704,0.344872,0.454728,0.0791113,0.0182086,0.0182239,0.41229,0.440598,0.0486477,0.0126498,0.0239779,0.0767997,0.0474459,0.0474461,0.0474458,0.0284649,0.0282876,0.0290751,0.114524,0.197321,0.0903949,0.0166155,0.430193,0.0518294,0.0209751,0.204762,0.617931,0.0210358,0.08819,0.0182086,0.0182239,0.105804,0.0916685,0.396504,0.0187898,0.0775201,0.0196807,0.0356269,
1.555,0.316541,0.575105,0.370982,0.593148,0.485909,0.248224,0.141241,0.141491,0.0768827,0.111458,0.157466,0.161609,0.141584,0.0874376,0.0886604,0.0886585,0.0886156,0.0652736,0.0652718,0.0652725,0.0318138,0.0271167,0.0127631,0.575621,0.081915,0.140707,0.171508,0.000338963,0.256944,0.053223,0.873955,0.141509,0.142143,0.153084,0.0722885,0.385041,0.153821,0.108372,0.0303726,0.047846,0.0872326,0.068841,0.0515348,0.0614231,0.0923881,0.0576637,0.0159008,0.0159053,0.0769496,0.156942,0.309909,0.454093,0.41055,0.138738,0.0288999,0.0288996,0.0288999,0.0246882,0.0246351,0.0253974,0.645617,0.52571,0.127123,0.033007,0.775908,0.7868,0.527232,0.0894878,0.481592,0.0450691,0.483417,0.0159008,0.0159053,0.921107,0.0468587,0.0846494,0.319951,0.0387128,0.0243102,0.0244842,
1.56,0.290382,0.69459,0.258103,0.489069,0.219127,0.12903,0.163289,0.163345,0.321466,0.329656,0.206551,0.171941,0.166291,0.19168,0.0995458,0.0995465,0.0995738,0.0602995,0.0602999,0.0602999,0.21565,0.216493,0.0555098,0.517243,0.412969,0.379682,0.17399,0.0010936,0.485484,0.0548983,0.84916,0.16332,0.163669,0.138098,0.0671558,0.390493,0.172361,0.755584,0.040262,0.0501682,0.418201,0.31496,0.258305,0.311634,0.425516,0.0766322,0.0172574,0.0172719,0.38732,0.426745,0.0591158,0.0256936,0.0347691,0.0717601,0.0463814,0.0463817,0.0463814,0.0271696,0.0270112,0.0277768,0.135452,0.217505,0.0971025,0.0168563,0.4329,0.0712875,0.0365701,0.199944,0.602447,0.0202883,0.0965625,0.0172574,0.0172719,0.135036,0.0910939,0.37759,0.0281134,0.0715639,0.0187137,0.03501,
1.565,0.29032,0.0851066,0.0649037,0.0118435,0.292257,0.202446,0.138185,0.13863,0.189769,0.161092,0.138825,0.121327,0.116553,0.170663,0.0736111,0.0736104,0.0735867,0.0489688,0.0489682,0.0489685,0.175384,0.178403,0.0381531,0.113822,0.283169,0.329866,0.135963,0.000344668,0.361596,0.0511534,0.866045,0.138635,0.138661,0.109462,0.0564021,0.116886,0.124389,0.504206,0.0286311,0.0464594,0.147274,0.214842,0.0459535,0.0131253,0.107892,0.0468007,0.0154027,0.0154166,0.203046,0.253396,0.187196,0.334121,0.282858,0.0967376,0.0382611,0.0382611,0.0382611,0.0153747,0.0151048,0.0158705,0.362606,0.222647,0.0168465,0.0252872,0.772012,0.572762,0.376218,0.137951,0.699389,0.0317741,0.395361,0.0154027,0.0154166,0.565138,0.0559483,0.129541,0.226407,0.0212321,0.0191488,0.0216071,
1.57,0.167944,0.128349,0.0339452,0.00272617,0.0995329,0.0929932,0.0956721,0.0958972,0.298367,0.250054,0.138747,0.109397,0.100983,0.181645,0.0610142,0.0610145,0.0610211,0.0178082,0.0178091,0.017809,0.254494,0.259031,0.0568473,0.0234737,0.416269,0.389141,0.111366,0.0037593,0.399022,0.0292426,0.666729,0.0958762,0.0958661,0.0729768,0.0308992,0.168361,0.113644,0.780523,0.0219498,0.0293839,0.272222,0.3131,0.075702,0.0216699,0.179671,0.038982,0.00889357,0.00891019,0.293403,0.343619,0.0238976,0.0240025,0.0303117,0.0173546,0.0416916,0.0416918,0.0416915,0.00665845,0.00641631,0.00685577,0.0469087,0.066915,0.0247152,0.0101788,0.412548,0.0341645,0.0198446,0.180272,0.617137,0.00433426,0.121499,0.00889357,0.00891019,0.0275848,0.084402,0.225861,0.0192383,0.00842624,0.00622075,0.0208522,
1.575,0.282603,0.172487,0.0237999,0.000919976,0.137844,0.118125,0.110767,0.111074,0.363269,0.307276,0.163688,0.131076,0.123429,0.224074,0.0682979,0.0682979,0.0682984,0.0399903,0.039991,0.0399909,0.349319,0.352325,0.0607596,0.0270155,0.458091,0.434797,0.129892,0.00114339,0.441983,0.0493264,0.817917,0.111063,0.111008,0.0967704,0.063198,0.231646,0.135439,0.950686,0.0266669,0.0371974,0.259915,0.332538,0.0888407,0.0252064,0.186155,0.0422739,0.0252243,0.0252437,0.345567,0.364664,0.0671797,0.0930703,0.0685388,0.0292088,0.0500336,0.0500338,0.0500336,0.0461586,0.0458716,0.0465232,0.0970012,0.096343,0.024091,0.01375,0.558187,0.161622,0.0929675,0.195918,0.725683,0.0292029,0.162025,0.0252243,0.0252437,0.137,0.0930893,0.22977,0.0754466,0.0107282,0.0262397,0.0275522,
1.58,0.286415,0.155085,0.0378131,0.00139282,0.179766,0.145315,0.125178,0.125536,0.344938,0.290689,0.169059,0.137234,0.129215,0.227935,0.0743752,0.0743751,0.0743712,0.0408613,0.0408617,0.0408618,0.325465,0.329274,0.0614701,0.0490356,0.456205,0.449231,0.140853,0.00178677,0.45641,0.0506416,0.892278,0.125526,0.125479,0.104627,0.0600284,0.213264,0.142198,0.906795,0.0287699,0.0414515,0.257756,0.336592,0.0828206,0.0237775,0.182222,0.0463329,0.0217595,0.0217792,0.339675,0.369264,0.0941462,0.147271,0.120381,0.046542,0.0511315,0.0511316,0.0511314,0.03421,0.0338923,0.0345917,0.161282,0.13093,0.0249182,0.0171079,0.641576,0.251351,0.156549,0.200257,0.776913,0.0271171,0.228743,0.0217595,0.0217792,0.232008,0.0931283,0.226183,0.108174,0.0141262,0.022623,0.0269974,
1.585,0.299383,0.163194,0.0367064,0.00144133,0.180237,0.14567,0.12491,0.12527,0.352281,0.297791,0.170561,0.138723,0.130835,0.229199,0.0743158,0.0743156,0.0743116,0.0435428,0.0435432,0.0435433,0.336296,0.339686,0.0609663,0.0485684,0.456306,0.446408,0.141098,0.00151842,0.457065,0.0525881,0.890308,0.125262,0.125213,0.105779,0.0645528,0.221584,0.143315,0.924438,0.0289001,0.0415809,0.256407,0.334104,0.0855512,0.0243865,0.183303,0.0463667,0.0241986,0.0242183,0.341718,0.369025,0.0963356,0.148668,0.120664,0.0473127,0.0512268,0.0512269,0.0512268,0.0409672,0.0406602,0.0413656,0.161605,0.13059,0.0243906,0.0171422,0.640908,0.254426,0.156579,0.198893,0.773668,0.0307529,0.227999,0.0241986,0.0242183,0.233224,0.0929261,0.226195,0.111169,0.0135973,0.0256236,0.0279272,
1.59,0.307907,0.16504,0.0403075,0.00102011,0.186015,0.151983,0.128055,0.128438,0.364562,0.307237,0.176412,0.143416,0.134835,0.24248,0.0751188,0.0751186,0.0751144,0.0445073,0.0445077,0.0445078,0.355129,0.358764,0.0641616,0.0534202,0.472976,0.468345,0.146408,0.00190727,0.464054,0.0552769,0.944582,0.12843,0.128349,0.109838,0.0657039,0.231799,0.149059,0.96073,0.0296078,0.0426057,0.252143,0.347329,0.0842396,0.0248368,0.181985,0.046349,0.0254227,0.0254436,0.361306,0.375189,0.103044,0.159101,0.131046,0.0519415,0.0540904,0.0540905,0.0540904,0.0429282,0.0425831,0.043305,0.174432,0.140068,0.0259309,0.017656,0.674654,0.270236,0.167125,0.207447,0.808751,0.0324481,0.244586,0.0254227,0.0254436,0.249061,0.0987073,0.226959,0.118919,0.0144369,0.0268695,0.027875,
1.595,0.275301,0.153762,0.0460678,6.10061e-05,0.169933,0.142619,0.118242,0.118595,0.33872,0.285667,0.164046,0.133703,0.124927,0.221512,0.0689693,0.0689692,0.0689676,0.0387562,0.0387567,0.0387567,0.327026,0.330424,0.0599344,0.0551165,0.439799,0.43117,0.13596,0.00283151,0.428603,0.0494646,0.86251,0.118586,0.118506,0.0990656,0.0579084,0.212905,0.138718,0.892173,0.0269075,0.0381753,0.240345,0.32323,0.0792034,0.0236709,0.171727,0.0433489,0.0225149,0.022534,0.334449,0.350862,0.0899181,0.133836,0.12341,0.0529165,0.0493444,0.0493444,0.0493443,0.0376368,0.0373341,0.0379327,0.162035,0.129431,0.0240481,0.0159744,0.599584,0.223694,0.136653,0.191839,0.735705,0.0286872,0.235774,0.0225149,0.022534,0.208352,0.0926047,0.214402,0.101892,0.011481,0.0234736,0.0253508,
1.6,0.278475,0.157184,0.0386175,0.00360634,0.161736,0.135484,0.116732,0.117087,0.348809,0.293798,0.165945,0.134005,0.1254,0.232761,0.0690892,0.0690891,0.0690869,0.0396352,0.0396356,0.0396356,0.342613,0.346297,0.0624489,0.0489984,0.453781,0.449684,0.136642,0.00255501,0.43195,0.051135,0.896674,0.117078,0.116974,0.101714,0.0598417,0.224443,0.140267,0.920694,0.0272496,0.0387908,0.235611,0.334723,0.078587,0.0253593,0.17111,0.0418727,0.0237113,0.0237315,0.351827,0.354032,0.0902521,0.136599,0.109006,0.044709,0.0521434,0.0521435,0.0521433,0.0406429,0.0402935,0.0409657,0.147099,0.125564,0.026874,0.0155762,0.620435,0.224644,0.141673,0.199538,0.762037,0.0289327,0.214821,0.0237113,0.0237315,0.207496,0.0971603,0.21494,0.103211,0.01507,0.0246278,0.0256207,
1.605,0.297731,0.169325,0.0344834,6.00711e-05,0.162068,0.137988,0.120188,0.120543,0.372626,0.31328,0.173171,0.139554,0.130852,0.242862,0.0708439,0.0708437,0.0708423,0.04179,0.0417905,0.0417905,0.366991,0.370488,0.064922,0.0430751,0.477298,0.466989,0.140742,0.00165924,0.454117,0.0537468,0.91491,0.120534,0.120438,0.104849,0.0634614,0.238489,0.14538,0.982873,0.0283124,0.0399705,0.250759,0.349269,0.0846396,0.0253211,0.18155,0.043607,0.0258806,0.0259016,0.368844,0.371979,0.0859954,0.125795,0.105157,0.0438345,0.0539591,0.0539593,0.0539591,0.0447098,0.0443657,0.0450386,0.141614,0.123067,0.0254909,0.0156882,0.63322,0.218007,0.128779,0.207592,0.788104,0.031437,0.213427,0.0258806,0.0259016,0.194051,0.100117,0.227625,0.0974944,0.0117105,0.0269711,0.0270236,
1.61,0.293216,0.165384,0.0323215,0.000632846,0.158843,0.136122,0.119704,0.120061,0.374698,0.313611,0.173653,0.139258,0.130386,0.249829,0.0701994,0.0701993,0.0701976,0.0404799,0.0404803,0.0404804,0.372319,0.37619,0.0668546,0.0412521,0.485415,0.480336,0.141389,0.00155772,0.453858,0.0539119,0.940303,0.120052,0.119939,0.105676,0.06117,0.240315,0.146043,0.992048,0.0283747,0.0401107,0.245554,0.357208,0.0813114,0.0249394,0.178118,0.0425216,0.0252316,0.0252533,0.37916,0.37219,0.0853724,0.126326,0.102269,0.0414267,0.0555778,0.055578,0.0555777,0.0420546,0.0416761,0.0423668,0.138804,0.123845,0.0266679,0.0155073,0.649105,0.220078,0.130873,0.212863,0.807012,0.029877,0.209898,0.0252316,0.0252533,0.195212,0.103081,0.225881,0.0966449,0.0125435,0.0259755,0.026193,
1.615,0.286484,0.168033,0.0367605,0.000169737,0.153888,0.13439,0.117805,0.118154,0.374161,0.314023,0.172534,0.138618,0.129399,0.243636,0.0694211,0.069421,0.0694212,0.0391622,0.0391628,0.0391628,0.368669,0.372359,0.0660747,0.0427735,0.481502,0.470362,0.139703,0.00221967,0.450389,0.0522887,0.911999,0.118144,0.118035,0.10258,0.0602651,0.238892,0.144846,0.988254,0.0277332,0.0387556,0.251451,0.353438,0.0834959,0.0254514,0.181216,0.0426711,0.0249295,0.0249507,0.373591,0.372537,0.07945,0.112839,0.0983393,0.0428072,0.0541773,0.0541774,0.0541772,0.0424795,0.042128,0.0427675,0.132611,0.119281,0.026308,0.0149706,0.617203,0.193685,0.113368,0.209493,0.783754,0.0294441,0.208251,0.0249295,0.0249507,0.171751,0.102237,0.228777,0.0886632,0.0111035,0.025558,0.0262248,
1.62,0.281426,0.163596,0.028184,0.000405403,0.143472,0.126786,0.114344,0.114682,0.374152,0.312078,0.169911,0.135295,0.126454,0.249487,0.0668788,0.0668787,0.0668785,0.0377462,0.0377467,0.0377467,0.37433,0.378275,0.0672177,0.0353617,0.484951,0.479282,0.137003,0.00129379,0.443555,0.0523136,0.922806,0.114673,0.114549,0.101992,0.057598,0.239988,0.142459,0.992772,0.0274279,0.0383614,0.240721,0.357243,0.0794281,0.0254207,0.175053,0.0403106,0.024527,0.0245488,0.382285,0.366411,0.0744325,0.106579,0.0868206,0.0360494,0.0553761,0.0553763,0.0553761,0.0401765,0.03979,0.0404497,0.119248,0.113801,0.0263166,0.0142415,0.625984,0.190776,0.109245,0.212522,0.794282,0.027865,0.190464,0.024527,0.0245488,0.164085,0.103479,0.223323,0.0829268,0.0111077,0.0248641,0.024952,
1.625,0.275974,0.162594,0.0335974,0.000933805,0.145877,0.128972,0.115126,0.115468,0.372081,0.310897,0.170485,0.136133,0.126851,0.246747,0.0677339,0.0677339,0.0677342,0.0368292,0.0368298,0.0368298,0.368863,0.372889,0.0672254,0.0390399,0.484338,0.477209,0.137957,0.00210235,0.444767,0.0512768,0.919602,0.115458,0.115336,0.101375,0.0567058,0.237687,0.143177,0.986011,0.0273227,0.0381287,0.245367,0.357488,0.0796284,0.0248442,0.176709,0.0409898,0.0237328,0.0237544,0.379038,0.369075,0.0751104,0.106971,0.0900909,0.0384337,0.0549656,0.0549657,0.0549655,0.0388492,0.0384709,0.0391147,0.123059,0.115934,0.0272084,0.0143716,0.618329,0.184981,0.108485,0.212204,0.78954,0.0269355,0.197274,0.0237328,0.0237544,0.162474,0.103902,0.225581,0.083264,0.0115585,0.0239056,0.0250553,
1.63,0.267934,0.162021,0.025311,0.000949809,0.127371,0.117017,0.108546,0.108865,0.375026,0.3118,0.166653,0.13174,0.12265,0.24973,0.0636823,0.0636822,0.0636836,0.0346544,0.0346549,0.0346549,0.37775,0.381805,0.0679776,0.0292384,0.486426,0.479861,0.132951,0.00132869,0.433557,0.0505138,0.9082,0.108856,0.108718,0.0982738,0.054011,0.241666,0.139386,0.996977,0.026381,0.0364301,0.236283,0.358959,0.0768085,0.0245701,0.17143,0.0379504,0.0238143,0.0238362,0.386652,0.361754,0.0636576,0.0865706,0.0703624,0.0302112,0.0554369,0.0554371,0.0554369,0.0386155,0.0382181,0.0388471,0.0988574,0.104199,0.0268732,0.0129056,0.601636,0.157932,0.0869056,0.213149,0.782668,0.0256775,0.170538,0.0238143,0.0238362,0.13095,0.104908,0.221126,0.0692016,0.00992171,0.0236804,0.0237686,
1.635,0.268841,0.166459,0.0364664,0.0010979,0.137665,0.125044,0.11292,0.113254,0.376483,0.315302,0.170599,0.136071,0.126332,0.2444,0.0672241,0.0672241,0.0672264,0.0353353,0.0353359,0.0353359,0.37087,0.37485,0.0676314,0.0382285,0.487592,0.474782,0.136885,0.00284425,0.44455,0.0498857,0.902173,0.113242,0.113117,0.0989062,0.0560014,0.240311,0.142936,0.995651,0.0267866,0.0368757,0.252725,0.359493,0.0819518,0.0254882,0.18094,0.0408804,0.0236008,0.0236223,0.380145,0.373035,0.0679936,0.0916135,0.0806236,0.0371915,0.0545435,0.0545437,0.0545435,0.0397418,0.0393772,0.0399864,0.110752,0.109569,0.0279141,0.0136497,0.590329,0.153491,0.0891569,0.212277,0.775622,0.0261573,0.189103,0.0236008,0.0236223,0.1339,0.105106,0.230646,0.0738821,0.0109779,0.0235388,0.025224,
1.64,0.261546,0.162449,0.0341136,0.00307585,0.133461,0.122201,0.111094,0.111419,0.372234,0.310006,0.168225,0.133625,0.123945,0.246383,0.065198,0.065198,0.0652001,0.033293,0.0332936,0.0332936,0.369167,0.373356,0.0681365,0.0372294,0.486934,0.478516,0.135187,0.00220296,0.438179,0.0491652,0.90641,0.111407,0.111279,0.0979203,0.0519804,0.237756,0.14098,0.988111,0.0264918,0.0364429,0.245158,0.360391,0.0779204,0.0249448,0.175559,0.0394962,0.0223274,0.0223491,0.382787,0.367327,0.0641941,0.086199,0.0779608,0.0350034,0.0548495,0.0548497,0.0548495,0.0350486,0.034665,0.0352636,0.107811,0.10921,0.0277074,0.0132699,0.595059,0.152893,0.0852818,0.213411,0.779752,0.0240309,0.184368,0.0223274,0.0223491,0.1308,0.105222,0.225911,0.0687376,0.00976043,0.0219044,0.0237914,
1.645,0.260425,0.16172,0.0326933,0.00299005,0.129592,0.118897,0.109305,0.109632,0.37309,0.311296,0.167732,0.133001,0.123297,0.247213,0.0650278,0.0650278,0.0650299,0.0337092,0.0337097,0.0337097,0.371956,0.376161,0.068271,0.0347218,0.486644,0.478827,0.134436,0.00263619,0.434695,0.0493524,0.909295,0.109621,0.10948,0.0978707,0.053523,0.240571,0.140726,0.989908,0.0262531,0.0361612,0.241532,0.360373,0.0772921,0.0246997,0.173762,0.0386481,0.0230241,0.0230459,0.384378,0.36543,0.065674,0.0892655,0.072846,0.032588,0.0552727,0.0552729,0.0552726,0.0379653,0.037572,0.0381939,0.10223,0.106908,0.0289947,0.0130401,0.592824,0.149945,0.0882016,0.213481,0.778289,0.0246347,0.176963,0.0230241,0.0230459,0.129702,0.106348,0.224125,0.071216,0.0118763,0.0226985,0.0240642,
1.65,0.257683,0.161162,0.0313374,0.00300289,0.125201,0.116624,0.107199,0.107517,0.371281,0.308948,0.16564,0.131122,0.121492,0.246495,0.0629944,0.0629944,0.0629968,0.0327248,0.0327254,0.0327253,0.372474,0.376604,0.0679521,0.0337384,0.483382,0.475909,0.132339,0.00216549,0.428085,0.0489669,0.899749,0.107506,0.107363,0.0962788,0.0516711,0.239596,0.138834,0.986796,0.025837,0.0354121,0.2365,0.357633,0.0758014,0.0245897,0.170599,0.0376371,0.0228143,0.022836,0.384014,0.360029,0.0615274,0.081242,0.0706522,0.032107,0.05486,0.0548602,0.0548599,0.0367902,0.0363976,0.0369927,0.0988885,0.104739,0.0279149,0.0126058,0.585263,0.143286,0.0795672,0.211943,0.770928,0.0242747,0.173655,0.0228143,0.022836,0.120742,0.105497,0.220742,0.0657506,0.00991435,0.0224055,0.0232341,
1.655,0.256587,0.161858,0.0303915,0.00205043,0.121652,0.114705,0.106713,0.107031,0.375274,0.312344,0.166394,0.131446,0.121716,0.248159,0.0631085,0.0631085,0.0631115,0.0324386,0.0324392,0.0324392,0.376297,0.380491,0.0686753,0.0313534,0.4883,0.479631,0.132447,0.00235377,0.430436,0.0488695,0.901657,0.107019,0.106872,0.0961017,0.0518299,0.241822,0.139309,0.99717,0.0258105,0.0352563,0.239322,0.361332,0.0766072,0.0247852,0.172443,0.0375407,0.0229524,0.0229743,0.38791,0.363256,0.0593441,0.0771261,0.0656196,0.0304365,0.055294,0.0552942,0.055294,0.037428,0.0370316,0.0376295,0.0926536,0.101818,0.0283447,0.012369,0.58168,0.134073,0.0745849,0.213819,0.773452,0.0240319,0.168447,0.0229524,0.0229743,0.111768,0.106776,0.223287,0.0631315,0.0102442,0.0224466,0.0234128,
1.66,0.254519,0.159038,0.0245688,3.08399e-05,0.115653,0.110224,0.104347,0.104652,0.372416,0.309156,0.163411,0.128583,0.119329,0.246539,0.0614214,0.0614214,0.0614244,0.0318583,0.0318589,0.0318588,0.374684,0.378822,0.0679644,0.0255398,0.484151,0.475576,0.129426,0.00160979,0.425252,0.0483759,0.886649,0.104641,0.104498,0.0944602,0.0506395,0.238756,0.136369,0.990739,0.0254669,0.0347546,0.235536,0.357836,0.0755486,0.0244052,0.170012,0.0365537,0.0227359,0.0227577,0.385355,0.358127,0.0546563,0.0700176,0.0589312,0.0269763,0.0547433,0.0547435,0.0547433,0.0364091,0.0360142,0.0366066,0.0839725,0.0960646,0.0268122,0.0119071,0.574679,0.128974,0.0679581,0.211767,0.76592,0.0234582,0.157615,0.0227359,0.0227577,0.102981,0.104947,0.220302,0.0577806,0.00896229,0.022188,0.0228687,
1.665,0.254972,0.162773,0.0283635,0.000274338,0.116671,0.11223,0.105752,0.10606,0.377549,0.313962,0.165884,0.130733,0.121112,0.247573,0.0624003,0.0624003,0.0624042,0.0317444,0.0317451,0.031745,0.377814,0.381975,0.0687678,0.0283717,0.490222,0.479029,0.131272,0.00210591,0.431151,0.0483654,0.89038,0.106048,0.105904,0.0947847,0.0509387,0.241381,0.138421,1,0.0256518,0.034805,0.242779,0.36221,0.0779816,0.0255299,0.174746,0.0374498,0.0228001,0.022822,0.388872,0.364735,0.0537423,0.0666384,0.0597948,0.0289446,0.0550017,0.0550019,0.0550017,0.0368335,0.0364442,0.0370231,0.0846257,0.0967599,0.0273306,0.0119637,0.570514,0.120356,0.0627641,0.213819,0.768524,0.0234975,0.162023,0.0228001,0.022822,0.0961799,0.106425,0.225669,0.0561169,0.00884606,0.0221696,0.0232819,
1.67,0.251629,0.159449,0.0259779,2.70747e-05,0.111089,0.108389,0.102262,0.102567,0.374072,0.310402,0.162891,0.128051,0.118497,0.247696,0.0599662,0.0599662,0.0599699,0.0311891,0.0311897,0.0311897,0.379521,0.383629,0.0683651,0.026054,0.484352,0.475915,0.128556,0.00191938,0.419265,0.0483327,0.887125,0.102556,0.102397,0.0934187,0.0501361,0.241533,0.136127,0.996185,0.0250236,0.0339178,0.230788,0.357931,0.0744191,0.0244618,0.167373,0.0354903,0.0231172,0.023139,0.388816,0.354953,0.0529484,0.0653771,0.0570291,0.0274303,0.0549473,0.0549475,0.0549472,0.0376983,0.0372976,0.0378712,0.0811861,0.0950169,0.0271876,0.011487,0.566895,0.119114,0.0615594,0.21176,0.761383,0.0237957,0.156445,0.0231172,0.023139,0.0940011,0.106224,0.217983,0.0553779,0.00863786,0.0225288,0.0224293,
1.675,0.253787,0.163952,0.0256085,0.0030168,0.1117,0.108113,0.103356,0.103658,0.376521,0.312761,0.164102,0.128921,0.119481,0.248647,0.0608958,0.0608958,0.0608995,0.0315853,0.0315859,0.0315859,0.380094,0.38422,0.0686733,0.0270046,0.487954,0.478639,0.129415,0.00169689,0.424718,0.0485189,0.889437,0.103647,0.103497,0.094321,0.0505957,0.243664,0.136893,1,0.0253665,0.0343922,0.235813,0.360575,0.07649,0.026079,0.171246,0.0361581,0.0230789,0.0231008,0.390655,0.359208,0.0521186,0.0640689,0.0543474,0.0260635,0.0552091,0.0552093,0.0552091,0.0373895,0.0369895,0.0375757,0.0787572,0.0946427,0.0276577,0.0115662,0.569703,0.11865,0.0608293,0.213359,0.766261,0.0235512,0.152718,0.0230789,0.0231008,0.0930034,0.106405,0.221714,0.0542239,0.00899072,0.0224679,0.0228039,
1.68,0.251776,0.160125,0.0200176,2.59383e-05,0.104827,0.10305,0.100221,0.100515,0.374928,0.310875,0.1613,0.126237,0.117095,0.247617,0.0591918,0.0591918,0.0591954,0.0312367,0.0312373,0.0312372,0.381029,0.385086,0.0681119,0.0198444,0.484148,0.474956,0.126416,0.00131457,0.418058,0.0482036,0.877526,0.100504,0.10035,0.0927268,0.0504023,0.242592,0.134287,0.998294,0.0248738,0.033704,0.230016,0.357285,0.0745827,0.0243246,0.167165,0.0347802,0.023356,0.0233778,0.388926,0.353476,0.0490752,0.059561,0.0471576,0.0223167,0.0549125,0.0549127,0.0549125,0.0382841,0.0378819,0.0384697,0.0696036,0.0888989,0.0268017,0.011055,0.562213,0.11289,0.0563339,0.21143,0.758532,0.0235843,0.141457,0.023356,0.0233778,0.084979,0.105451,0.217576,0.0511229,0.00845606,0.0227765,0.0224466,
1.685,0.242229,0.158659,0.0291311,0.00258058,0.10509,0.104466,0.09969,0.0999976,0.374193,0.311102,0.162488,0.127486,0.117382,0.24846,0.0595108,0.0595108,0.0595153,0.0299235,0.0299241,0.0299241,0.380727,0.385011,0.0692193,0.0269724,0.485781,0.478128,0.128056,0.00302725,0.413633,0.0474744,0.892458,0.0999857,0.0998063,0.0924309,0.0496339,0.244725,0.13622,0.996314,0.0244848,0.0330174,0.227839,0.360388,0.0727458,0.0242882,0.16527,0.0343505,0.0229594,0.0229814,0.392218,0.353741,0.0527588,0.064467,0.0508533,0.0256424,0.0555314,0.0555316,0.0555313,0.038801,0.0383852,0.0389645,0.0745498,0.0936152,0.0299743,0.0110163,0.557088,0.104697,0.0592932,0.213102,0.757989,0.0229607,0.150156,0.0229594,0.0229814,0.0849795,0.109014,0.216888,0.0550473,0.0111668,0.0221634,0.0222661,
1.69,0.249031,0.160221,0.0231128,0.000913333,0.102215,0.102611,0.0983291,0.0986259,0.375292,0.311007,0.160808,0.125893,0.116345,0.2491,0.0575931,0.0575931,0.0575972,0.0306394,0.03064,0.03064,0.385655,0.389681,0.0684827,0.0227455,0.482903,0.475206,0.125915,0.00172397,0.410071,0.0483716,0.882738,0.0986157,0.0984426,0.0919923,0.0498105,0.245488,0.134335,1,0.0244157,0.0328894,0.222362,0.356525,0.0725328,0.0242903,0.162773,0.0335813,0.0237739,0.023796,0.392362,0.348448,0.0493767,0.0582427,0.0489209,0.0242995,0.0551859,0.055186,0.0551858,0.0395938,0.0391826,0.0397497,0.0714165,0.0905759,0.0274263,0.010759,0.558096,0.108039,0.053476,0.211163,0.754841,0.0241841,0.144884,0.0237739,0.023796,0.0817009,0.106907,0.213395,0.0510455,0.00828086,0.0231919,0.0218364,
1.695,0.24096,0.154574,0.0154595,2.23654e-05,0.0946521,0.0962722,0.0965767,0.096859,0.372022,0.306908,0.158154,0.122799,0.113733,0.249406,0.0567715,0.0567714,0.0567754,0.0287595,0.0287601,0.0287601,0.380799,0.38511,0.0688213,0.0145998,0.484649,0.478665,0.12346,0.00096188,0.410056,0.0470011,0.876256,0.0968482,0.0966832,0.0906774,0.0465817,0.240503,0.13152,0.993946,0.0242835,0.0327635,0.222924,0.359125,0.0707376,0.0236885,0.162075,0.0327996,0.0222148,0.0222369,0.392675,0.34793,0.0427095,0.0499204,0.0369814,0.0173338,0.0552974,0.0552977,0.0552974,0.0347278,0.034304,0.0348863,0.0572802,0.0833966,0.0269554,0.0102624,0.557489,0.100476,0.0472981,0.212736,0.7585,0.02114,0.127512,0.0222148,0.0222369,0.0707748,0.106221,0.213433,0.0432743,0.00808525,0.021202,0.0211188,
1.7,0.231283,0.15139,0.0201167,7.59587e-05,0.0889829,0.0936278,0.0917932,0.0920717,0.363141,0.299862,0.153577,0.119464,0.110074,0.242854,0.0535686,0.0535686,0.0535735,0.0273884,0.027389,0.0273889,0.375664,0.37975,0.0671674,0.0181263,0.469508,0.463417,0.119579,0.00169759,0.390087,0.0457572,0.85257,0.0920615,0.0918791,0.086905,0.0451699,0.237329,0.128211,0.971004,0.0230154,0.0307258,0.210474,0.347654,0.0676041,0.0232116,0.154141,0.0308111,0.0222885,0.0223101,0.38459,0.333795,0.0415099,0.0454343,0.0383075,0.0202191,0.0537822,0.0537824,0.0537821,0.0362901,0.0358762,0.0364085,0.0576622,0.0823588,0.026814,0.00961363,0.530374,0.086978,0.0398734,0.205779,0.728335,0.0216223,0.129555,0.0222885,0.0223101,0.0609731,0.104899,0.204204,0.0414816,0.00754193,0.0213447,0.0200909,
1.705,0.225041,0.147579,0.0160354,0.000168159,0.0838157,0.0895878,0.0903,0.0905698,0.360365,0.296539,0.151615,0.117271,0.108116,0.243495,0.0526013,0.0526013,0.0526061,0.0259562,0.0259568,0.0259567,0.372974,0.377257,0.0674728,0.0141689,0.469953,0.465896,0.117884,0.00126119,0.387744,0.0449008,0.850722,0.0905592,0.0903776,0.0859418,0.0426652,0.234369,0.126332,0.965434,0.0228363,0.0304892,0.208376,0.349036,0.0657409,0.0230615,0.152341,0.0299912,0.0212579,0.0212796,0.385602,0.331754,0.0374474,0.0402336,0.0315542,0.0163295,0.0539324,0.0539326,0.0539323,0.0330153,0.0325895,0.0331272,0.0496983,0.0786157,0.0266745,0.00924567,0.530345,0.0823242,0.0359596,0.206747,0.730432,0.0196538,0.119648,0.0212579,0.0212796,0.0544518,0.104744,0.202828,0.0366203,0.00742036,0.020018,0.0193798,
1.71,0.230979,0.151784,0.0187648,0.000219796,0.0839116,0.0901821,0.0885826,0.0888568,0.361122,0.298324,0.151079,0.117386,0.108115,0.241319,0.0515309,0.0515309,0.0515359,0.0276447,0.0276453,0.0276453,0.377889,0.381764,0.0662855,0.0170793,0.462461,0.456629,0.116953,0.00161592,0.379395,0.0459541,0.841922,0.0888475,0.0886545,0.085517,0.0458641,0.238835,0.126204,0.966122,0.0224309,0.0298255,0.201478,0.341599,0.0663586,0.0233676,0.149462,0.0293341,0.0231869,0.0232083,0.38281,0.325266,0.0407594,0.0431934,0.0353699,0.0195214,0.0533361,0.0533363,0.0533361,0.0391635,0.0387501,0.0392732,0.053827,0.0798195,0.0264817,0.00916307,0.520196,0.082684,0.0366854,0.202396,0.71518,0.0228792,0.124053,0.0231869,0.0232083,0.056206,0.104122,0.198417,0.0408313,0.00735543,0.0224527,0.0197377,
1.715,0.22825,0.151117,0.01392,6.79723e-05,0.0778838,0.0858051,0.0874882,0.0877541,0.364158,0.300034,0.150811,0.116465,0.107344,0.244131,0.0511323,0.0511323,0.0511375,0.0267126,0.0267132,0.0267131,0.380907,0.384947,0.0672173,0.0113755,0.468579,0.463041,0.116136,0.00116522,0.382014,0.0455817,0.844086,0.0877443,0.0875524,0.0852265,0.0445625,0.240039,0.125551,0.975195,0.0224374,0.0297757,0.203224,0.346635,0.0659284,0.0230257,0.150204,0.0288255,0.0227354,0.0227571,0.387782,0.327732,0.0359214,0.0358589,0.0259263,0.0146361,0.0539809,0.0539812,0.0539809,0.0374443,0.0370193,0.0375538,0.0427363,0.0748996,0.0266124,0.00876112,0.521171,0.0742052,0.0300128,0.205361,0.722417,0.0214686,0.111533,0.0227354,0.0227571,0.0453241,0.10502,0.200251,0.0349873,0.00709713,0.0217436,0.0194976,
1.72,0.229788,0.154186,0.0213622,1.07111e-05,0.0792628,0.0883164,0.085822,0.086095,0.362582,0.300104,0.150152,0.116817,0.10722,0.239702,0.0499354,0.0499355,0.0499415,0.0275602,0.0275607,0.0275607,0.38241,0.386053,0.0658789,0.0180641,0.458739,0.450705,0.115447,0.00210677,0.371246,0.0459259,0.831282,0.0860861,0.0858798,0.0838671,0.0467037,0.2424,0.125593,0.969499,0.021794,0.0286517,0.196912,0.3378,0.0661866,0.0231832,0.147043,0.0283251,0.0241793,0.0242005,0.382517,0.320627,0.039417,0.0379366,0.0338352,0.0208736,0.0529135,0.0529137,0.0529135,0.0427493,0.0423434,0.0428382,0.0511998,0.0780761,0.0266339,0.00869183,0.503032,0.0695222,0.0284519,0.199859,0.700381,0.0242899,0.123359,0.0241793,0.0242005,0.0448418,0.104529,0.195702,0.0389204,0.00678004,0.0235959,0.0196323,
1.725,0.23836,0.158069,0.012704,1.29583e-05,0.0753189,0.0845117,0.0861382,0.0864068,0.37256,0.307793,0.152166,0.117607,0.108454,0.247157,0.0505097,0.0505097,0.0505151,0.0288197,0.0288203,0.0288202,0.394406,0.398117,0.0673089,0.0100645,0.47066,0.463214,0.11611,0.00111071,0.380414,0.0474274,0.847363,0.0863981,0.0861937,0.086076,0.0485496,0.249773,0.126674,0.99658,0.022381,0.0295817,0.199364,0.346119,0.0675256,0.0234267,0.149692,0.0281904,0.0251673,0.0251891,0.3932,0.326662,0.0373734,0.0358828,0.0237351,0.0145364,0.0545272,0.0545274,0.0545271,0.0443311,0.0439067,0.0444478,0.0401058,0.073696,0.026722,0.0085662,0.519834,0.0726405,0.0282962,0.2052,0.721115,0.0247982,0.108184,0.0251673,0.0251891,0.0425734,0.106099,0.199251,0.0370603,0.00703219,0.024635,0.020166,
1.73,0.233708,0.156311,0.0139859,4.90478e-05,0.0702948,0.0808955,0.0813026,0.0815645,0.362927,0.300475,0.146911,0.11375,0.1047,0.239003,0.047587,0.0475869,0.0475926,0.028715,0.0287156,0.0287155,0.388258,0.391583,0.0647332,0.0110431,0.452161,0.443762,0.11144,0.00137197,0.361075,0.0466427,0.81582,0.0815569,0.0813451,0.0826984,0.0489183,0.246635,0.122523,0.970407,0.0212413,0.0278766,0.186915,0.331219,0.0653986,0.0228748,0.142215,0.0263717,0.0258352,0.0258562,0.381424,0.311344,0.0370772,0.0337965,0.0233413,0.0156843,0.0526319,0.0526321,0.0526319,0.0475376,0.0471307,0.0476396,0.0388138,0.0710577,0.0259477,0.0080148,0.493907,0.0653459,0.0242847,0.196378,0.687808,0.0262122,0.105394,0.0258352,0.0258562,0.0371254,0.103077,0.189501,0.0369599,0.00659528,0.0256168,0.0195969,
1.735,0.238551,0.16001,0.0142304,1.00564e-05,0.0711221,0.0817632,0.0821658,0.0824303,0.368178,0.305247,0.14879,0.115319,0.106198,0.240878,0.0482862,0.0482861,0.048292,0.0295829,0.0295835,0.0295835,0.39359,0.396845,0.0651708,0.0110539,0.456597,0.446644,0.112631,0.00141279,0.365658,0.0473647,0.820705,0.0824227,0.0822106,0.0836333,0.050528,0.250627,0.124006,0.983427,0.0214832,0.0281657,0.190224,0.333834,0.0671926,0.0233015,0.144859,0.0268441,0.0265764,0.0265975,0.384741,0.315316,0.0376324,0.0338183,0.0231382,0.0159751,0.0530343,0.0530345,0.0530342,0.049552,0.0491471,0.0496612,0.0386293,0.0712102,0.0261281,0.00810396,0.496084,0.0647054,0.0236657,0.197808,0.692248,0.0271968,0.10593,0.0265764,0.0265975,0.0362428,0.103919,0.192358,0.0376216,0.0066145,0.0264741,0.0201314,
1.74,0.241111,0.165195,0.0123728,0.00373254,0.0642802,0.0761155,0.0774546,0.0777107,0.367207,0.305061,0.145795,0.112891,0.103918,0.238843,0.0457527,0.0457527,0.0457585,0.0306042,0.0306048,0.0306047,0.398563,0.401411,0.063807,0.00999301,0.447082,0.436591,0.109114,0.00114097,0.351968,0.0479827,0.805177,0.0777045,0.0774839,0.0823118,0.0527387,0.256782,0.121527,0.980218,0.0207442,0.0270303,0.178337,0.325106,0.0660261,0.0231757,0.138867,0.0248557,0.0283301,0.028351,0.382263,0.304076,0.0371614,0.0310587,0.0170553,0.01363,0.052518,0.0525183,0.052518,0.0550368,0.054635,0.0551468,0.0319931,0.0681123,0.0264249,0.00748057,0.482478,0.0596091,0.01985,0.193174,0.673815,0.0295672,0.0945791,0.0283301,0.028351,0.0305666,0.102848,0.184833,0.037274,0.00647828,0.0286403,0.0199985,
1.745,0.241663,0.167547,0.0119378,0.00487014,0.0620022,0.0736828,0.0763362,0.0765917,0.368099,0.306742,0.14557,0.112706,0.103756,0.237438,0.0460481,0.0460481,0.0460539,0.0312699,0.0312704,0.0312704,0.39915,0.401899,0.0634284,0.00868781,0.445629,0.433428,0.108483,0.00143109,0.351044,0.0479862,0.799008,0.0765852,0.0763639,0.0821423,0.0545902,0.259365,0.121273,0.980633,0.0206044,0.0268334,0.179041,0.323581,0.0670502,0.0232308,0.13967,0.0247033,0.0289789,0.0289997,0.380721,0.304006,0.0376917,0.0317274,0.0124084,0.0117197,0.0524007,0.0524009,0.0524006,0.0578241,0.0574264,0.0579525,0.0269914,0.0657584,0.0273216,0.00733404,0.47538,0.054866,0.0200082,0.192157,0.667727,0.0302772,0.0878916,0.0289789,0.0289997,0.027473,0.102892,0.185291,0.0383113,0.00778513,0.0294349,0.0205572,
1.75,0.245057,0.167168,0.0133901,0.00185996,0.061559,0.074823,0.0743944,0.0746511,0.365726,0.304906,0.143614,0.111583,0.102652,0.234591,0.0439094,0.0439093,0.0439155,0.0320171,0.0320177,0.0320176,0.401522,0.403911,0.0620363,0.010486,0.435917,0.423072,0.106585,0.00143425,0.339848,0.0486135,0.785848,0.0746463,0.0744139,0.0807001,0.055652,0.258945,0.119897,0.975048,0.0200538,0.0259393,0.169664,0.314684,0.0662479,0.0231681,0.134729,0.0237405,0.0302206,0.0302411,0.376548,0.294587,0.0388022,0.0313582,0.0184515,0.0159638,0.0514122,0.0514124,0.0514122,0.0613378,0.060953,0.0614433,0.0326033,0.0664241,0.0255443,0.00717306,0.464687,0.055662,0.0175318,0.186876,0.650741,0.0327061,0.0953278,0.0302206,0.0302411,0.0274865,0.101245,0.178751,0.0397194,0.00610599,0.0310488,0.0201884,
1.755,0.249584,0.170251,0.00929298,0.00104798,0.0579714,0.0717202,0.0737022,0.0739558,0.369626,0.30874,0.143785,0.111427,0.102844,0.235193,0.0441183,0.0441183,0.0441246,0.0332071,0.0332077,0.0332076,0.405844,0.408118,0.0619023,0.0064132,0.437542,0.422789,0.105879,0.00120475,0.341833,0.0492151,0.7812,0.073951,0.0737193,0.0809614,0.0579151,0.262053,0.119654,0.984062,0.0201413,0.0260588,0.17156,0.314912,0.0685543,0.0243986,0.137248,0.0236854,0.0312158,0.0312362,0.378052,0.296093,0.037594,0.0294984,0.0114705,0.0129273,0.0515553,0.0515555,0.0515552,0.0643904,0.0640078,0.0645185,0.0242934,0.0616613,0.0253685,0.00698323,0.461551,0.0517189,0.0154943,0.186861,0.649607,0.0337523,0.0851085,0.0312158,0.0312362,0.0219782,0.101073,0.180597,0.0389347,0.00682539,0.0322348,0.0208288,
1.76,0.250884,0.17074,0.00786508,0.00030693,0.0531582,0.0682409,0.0698165,0.070065,0.366849,0.306834,0.140635,0.109052,0.100596,0.231395,0.0418596,0.0418595,0.0418658,0.0338788,0.0338793,0.0338792,0.407456,0.409358,0.0602789,0.0042226,0.42685,0.410884,0.102535,0.00112163,0.329212,0.0494035,0.761447,0.0700614,0.0698227,0.0790852,0.0595356,0.263598,0.11706,0.976244,0.0193854,0.0249254,0.161697,0.30534,0.0671577,0.023094,0.131465,0.0221351,0.0325384,0.0325584,0.372443,0.285674,0.0373714,0.0275454,0.00920894,0.0124967,0.050588,0.0505882,0.0505879,0.0687602,0.0683882,0.0688838,0.0210873,0.0587283,0.0246406,0.00652057,0.446113,0.0474133,0.0120676,0.181319,0.629168,0.0357994,0.0799352,0.0325384,0.0325584,0.0172988,0.0993227,0.173518,0.0390333,0.0060859,0.0339216,0.0206682,
1.765,0.254997,0.17392,0.0107262,0.00049002,0.0552674,0.0703849,0.0704282,0.0706834,0.370496,0.310487,0.142294,0.110695,0.101985,0.232564,0.0422417,0.0422416,0.0422481,0.0347741,0.0347747,0.0347746,0.412323,0.414115,0.0604967,0.00694058,0.428471,0.41156,0.103799,0.0014944,0.330165,0.0501886,0.767311,0.0706801,0.0704345,0.0798362,0.061268,0.267504,0.118678,0.985187,0.0194642,0.0249743,0.161864,0.30592,0.0681979,0.0234516,0.132225,0.0223824,0.0334466,0.0334667,0.374694,0.287056,0.0398782,0.0302753,0.0127671,0.0149449,0.0508423,0.0508425,0.0508422,0.0715287,0.0711589,0.0716512,0.0252871,0.0611137,0.0250692,0.00666365,0.446825,0.0484874,0.0135959,0.18161,0.629952,0.03728,0.0857402,0.0334466,0.0334667,0.0197353,0.100306,0.174235,0.041967,0.00633484,0.0350126,0.0210714,
1.77,0.252345,0.175605,0.0108277,0.00091168,0.0475325,0.0654319,0.0658569,0.0661049,0.367849,0.308977,0.138974,0.108052,0.0993517,0.228406,0.0397192,0.0397191,0.0397264,0.0347912,0.0347918,0.0347917,0.413558,0.415031,0.0591269,0.00629706,0.418419,0.399652,0.100123,0.00173326,0.316122,0.049884,0.745037,0.0661023,0.0658449,0.0772158,0.0622004,0.269294,0.115945,0.977517,0.0185393,0.0234461,0.153178,0.297203,0.0675649,0.0238079,0.127775,0.0206712,0.0345213,0.034541,0.370338,0.277042,0.0375909,0.0241509,0.00747155,0.0143338,0.0498502,0.0498504,0.0498502,0.0756392,0.0752792,0.0757481,0.0182793,0.0565218,0.0248792,0.00595365,0.423376,0.0344538,0.00498966,0.176312,0.605742,0.0387589,0.0778787,0.0345213,0.034541,0.00677912,0.0991928,0.16834,0.03933,0.00609296,0.0363277,0.0207901,
1.775,0.256023,0.177681,0.0129558,0.00344467,0.052607,0.0683164,0.0671939,0.0674467,0.367756,0.309067,0.140051,0.109255,0.100451,0.229149,0.0403921,0.040392,0.0403986,0.0355292,0.0355297,0.0355296,0.413726,0.415156,0.0590823,0.00968049,0.418139,0.400459,0.101497,0.00169537,0.317731,0.0504989,0.753281,0.0674445,0.0671905,0.078554,0.062988,0.271037,0.11709,0.976991,0.018795,0.0239298,0.152324,0.296969,0.0672668,0.0233931,0.127212,0.0210845,0.0347499,0.0347695,0.370126,0.277327,0.0413228,0.0304364,0.0129931,0.0160477,0.0500477,0.0500479,0.0500477,0.0760041,0.0756433,0.0761199,0.0257837,0.0612901,0.0253969,0.00632858,0.432856,0.0454348,0.0121522,0.176602,0.610632,0.0394135,0.0843365,0.0347499,0.0347695,0.0182994,0.0992754,0.167748,0.0436762,0.00626512,0.0366798,0.0209626,
1.78,0.263874,0.180468,0.00577445,6.68911e-05,0.0446988,0.0631953,0.0642636,0.0645106,0.374448,0.314562,0.13922,0.108102,0.0997104,0.231756,0.0386517,0.0386516,0.0386584,0.0370214,0.0370219,0.0370219,0.426114,0.42726,0.0589191,0.00200322,0.418963,0.399785,0.0992281,0.00105069,0.313743,0.0518942,0.747366,0.0645097,0.0642449,0.0781909,0.0657841,0.277269,0.115968,0.995155,0.0185449,0.0234781,0.146605,0.295484,0.0680674,0.0235189,0.125401,0.0197327,0.0368251,0.0368449,0.374774,0.273639,0.038615,0.0248259,0.0043933,0.0125443,0.0503624,0.0503626,0.0503623,0.081505,0.0811421,0.0816268,0.0146916,0.054448,0.0241345,0.0057702,0.428151,0.0395559,0.00544948,0.175771,0.606959,0.0418933,0.0712486,0.0368251,0.0368449,0.00787584,0.0992006,0.165269,0.0411924,0.00545346,0.0391114,0.0212092,
1.785,0.255287,0.177871,0.00714651,0.00285819,0.0424858,0.0609526,0.0627059,0.0629486,0.368265,0.309318,0.137099,0.106314,0.0978185,0.229134,0.038019,0.0380188,0.0380257,0.0356119,0.0356124,0.0356123,0.418993,0.420257,0.0585801,0.00323307,0.414242,0.396481,0.0978577,0.00129944,0.308021,0.0506299,0.741266,0.0629472,0.0626825,0.0769116,0.0637438,0.27416,0.114357,0.979017,0.0181577,0.0229391,0.143783,0.293184,0.0659664,0.0230863,0.122768,0.0191013,0.0357693,0.0357889,0.371033,0.269706,0.0376129,0.0238136,0.00212192,0.0112747,0.049972,0.0499722,0.0499719,0.079143,0.0787764,0.0792576,0.0125997,0.0541715,0.0251029,0.00555151,0.421599,0.0351568,0.00491764,0.174536,0.600072,0.0402751,0.0677476,0.0357693,0.0357889,0.00575985,0.0988785,0.162701,0.0397529,0.00617348,0.0378399,0.0206513,
1.79,0.265192,0.18299,0.00613225,0.00146307,0.0399414,0.0599694,0.0613355,0.0615863,0.377123,0.317488,0.138738,0.107651,0.0990476,0.233464,0.0374206,0.0374204,0.0374274,0.037839,0.0378395,0.0378394,0.434151,0.435145,0.0589854,0.0018118,0.4172,0.398638,0.0981812,0.00151517,0.305512,0.0527276,0.751307,0.0615859,0.0612992,0.0780328,0.0680787,0.284193,0.115929,1,0.0180834,0.0227609,0.137935,0.293632,0.0669901,0.0234639,0.121217,0.0182311,0.0384047,0.0384246,0.378311,0.268237,0.0406877,0.0269555,0.000972158,0.0116951,0.0508578,0.050858,0.0508577,0.0867862,0.0864132,0.0869074,0.0110861,0.0535687,0.0255288,0.00539172,0.42334,0.0354773,0.00626339,0.174977,0.601603,0.0438725,0.066106,0.0384047,0.0384246,0.00569373,0.100789,0.160797,0.0440627,0.00692604,0.0409537,0.0213196,
1.795,0.265336,0.180188,0.00621895,0.000774611,0.0432998,0.0626143,0.0628444,0.0630985,0.376181,0.315843,0.139306,0.108088,0.0994846,0.235768,0.0375571,0.0375569,0.0375635,0.0374717,0.0374722,0.0374722,0.433624,0.434768,0.05952,0.00306452,0.419394,0.403561,0.0992846,0.00127099,0.307392,0.0529473,0.763249,0.0630985,0.0628112,0.0788622,0.0666683,0.282061,0.116565,1,0.0183443,0.0232312,0.136729,0.296017,0.0656819,0.0232994,0.120158,0.0184253,0.0378092,0.0378293,0.380556,0.268754,0.0418816,0.0299963,0.00599619,0.0131703,0.0512652,0.0512654,0.0512652,0.0842015,0.0838192,0.0843133,0.0170314,0.0568609,0.0251111,0.00566263,0.435895,0.0448277,0.0105691,0.176687,0.611814,0.0432082,0.0727192,0.0378092,0.0378293,0.0137694,0.101102,0.160161,0.0453422,0.00644645,0.0402356,0.0208875,
1.8,0.26796,0.188418,0.00587541,0.00387941,0.0368688,0.0591814,0.0611322,0.0613792,0.377952,0.318169,0.138376,0.106997,0.0988187,0.236539,0.0358118,0.0358117,0.0358196,0.0384103,0.0384108,0.0384107,0.439302,0.440243,0.0592036,0.00787096,0.416547,0.400294,0.0975782,0.00104873,0.300077,0.0538796,0.756843,0.0613799,0.0610787,0.0781918,0.0677165,0.285656,0.115643,1,0.0181659,0.0226797,0.132334,0.292931,0.0695629,0.0311244,0.122562,0.0176274,0.0390196,0.0390398,0.385152,0.26388,0.0385297,0.0225155,0.000641396,0.0137114,0.0511313,0.0511315,0.0511312,0.0874999,0.0871168,0.0875996,0.0098932,0.0526224,0.0245032,0.00513411,0.423864,0.0342768,0.00135729,0.174834,0.601227,0.0447691,0.0652034,0.0390196,0.0390398,0.0015474,0.100855,0.159356,0.0413543,0.0070367,0.0416657,0.0206965,
1.805,0.261905,0.180721,0.00638349,0.00205095,0.0367123,0.0585227,0.0598095,0.0600642,0.378178,0.317652,0.138551,0.107175,0.098292,0.237964,0.036137,0.0361368,0.0361439,0.0370801,0.0370806,0.0370805,0.439898,0.44105,0.0600962,0.0022174,0.419921,0.405232,0.0980956,0.00172398,0.299922,0.053069,0.768015,0.0600642,0.0597555,0.0781416,0.0670071,0.287034,0.116216,1,0.0178347,0.0223793,0.129622,0.29668,0.0639602,0.0232408,0.116343,0.0168499,0.0385122,0.0385326,0.385452,0.264607,0.0413324,0.0280464,0.00046567,0.0114466,0.0518812,0.0518815,0.0518812,0.0868415,0.0864444,0.0869411,0.010714,0.0548878,0.0265621,0.0051382,0.42995,0.0353694,0.00741065,0.177248,0.608939,0.0437084,0.0657802,0.0385122,0.0385326,0.00610626,0.103133,0.156736,0.0447364,0.00761227,0.0409384,0.0205987,
1.81,0.272412,0.181598,0.00636027,0.000634654,0.042942,0.0629508,0.060868,0.0611301,0.377913,0.317308,0.138832,0.107893,0.0992167,0.238947,0.0356534,0.0356532,0.0356593,0.0390798,0.0390802,0.0390802,0.443952,0.44484,0.059286,0.00476647,0.415163,0.402302,0.0986601,0.00124024,0.296892,0.0548681,0.774128,0.0611322,0.0608203,0.0795311,0.069121,0.288241,0.116756,1,0.018036,0.0228407,0.122086,0.291776,0.0634303,0.0231276,0.112795,0.016796,0.0398588,0.0398791,0.384481,0.259457,0.0467698,0.0369044,0.0110213,0.0156083,0.0517724,0.0517726,0.0517724,0.0896553,0.0892609,0.0897561,0.0230174,0.0601396,0.0250746,0.00559132,0.442575,0.0554147,0.0168985,0.174964,0.610359,0.046427,0.0774053,0.0398588,0.0398791,0.0235525,0.101882,0.151853,0.0516339,0.00656431,0.0427436,0.0206232,
1.815,0.261292,0.181799,0.00689943,0.00367109,0.0343053,0.0574773,0.0588006,0.0590565,0.377839,0.317299,0.138007,0.106528,0.0976857,0.240386,0.0349274,0.0349272,0.0349346,0.0371353,0.0371357,0.0371357,0.443485,0.444661,0.0604219,0.00538218,0.418991,0.40704,0.0976277,0.00175689,0.29377,0.0536612,0.776261,0.0590571,0.0587318,0.0781839,0.0667486,0.288762,0.116052,1,0.0176902,0.0221127,0.122632,0.29636,0.0635044,0.0261968,0.114129,0.0159098,0.0389099,0.0389305,0.390004,0.260063,0.0417204,0.0284637,0.000510777,0.012313,0.0523183,0.0523185,0.0523182,0.0877286,0.0873176,0.0878134,0.0107102,0.0554151,0.0268419,0.00493974,0.431876,0.0357731,0.00766931,0.177415,0.609525,0.0442078,0.0654524,0.0389099,0.0389305,0.00635161,0.10403,0.153507,0.0452353,0.0084035,0.0413734,0.0200892,
1.82,0.266985,0.188644,0.00819946,0.00622251,0.0326042,0.0561927,0.057408,0.0576656,0.378514,0.319386,0.137497,0.106309,0.0976782,0.239303,0.0341631,0.0341629,0.0341708,0.0391242,0.0391247,0.0391246,0.4478,0.448655,0.0594522,0.00971013,0.412773,0.399958,0.0966391,0.00196668,0.286528,0.0548847,0.770502,0.0576672,0.0573299,0.0782548,0.0700545,0.293435,0.115802,1,0.0174987,0.0217615,0.117027,0.290363,0.0661146,0.0304116,0.114188,0.0153561,0.0407437,0.040764,0.389717,0.254548,0.0440919,0.0309086,6.89458e-07,0.0138254,0.0520054,0.0520056,0.0520053,0.0935877,0.0931821,0.0936818,0.0101494,0.0546679,0.0270528,0.00478714,0.423398,0.0351937,0.00871566,0.174008,0.597054,0.0470202,0.0633561,0.0407437,0.040764,0.00668874,0.103545,0.150855,0.0485896,0.0098553,0.0436798,0.0205309,
1.825,0.262521,0.18364,0.00514991,0.003805,0.0307618,0.0561077,0.0575861,0.0578345,0.376454,0.315632,0.136264,0.104872,0.0964273,0.240856,0.0328418,0.0328416,0.0328496,0.0371547,0.0371551,0.0371551,0.445778,0.446833,0.0600039,0.00735177,0.415141,0.404441,0.0958223,0.00110479,0.286736,0.0541561,0.770605,0.0578363,0.0575046,0.0772834,0.0657652,0.287831,0.114467,1,0.0175072,0.0216951,0.116367,0.292893,0.064147,0.0301021,0.112827,0.0150708,0.0392264,0.0392469,0.391839,0.253794,0.0384539,0.0221688,6.81386e-07,0.0133973,0.0519953,0.0519955,0.0519953,0.0876516,0.0872392,0.0877127,0.00898443,0.0534057,0.0250903,0.00460621,0.427837,0.0336475,0.000908201,0.175537,0.603396,0.0447663,0.0637811,0.0392264,0.0392469,0.000584627,0.102869,0.150246,0.0411528,0.00705578,0.0417632,0.0193173,
1.83,0.268657,0.193563,0.01006,0.00993914,0.0309315,0.0551506,0.0564522,0.0567113,0.377806,0.319671,0.137014,0.105903,0.0974077,0.240067,0.0332737,0.0332735,0.0332819,0.0400946,0.040095,0.0400949,0.450655,0.4514,0.0591856,0.0155434,0.408921,0.397677,0.0961108,0.00214464,0.279483,0.0557655,0.773776,0.0567136,0.0563613,0.0784795,0.0713295,0.296525,0.115704,1,0.0173779,0.0215178,0.110635,0.28734,0.0675191,0.0352583,0.113634,0.0146695,0.0416964,0.0417167,0.392248,0.249374,0.0457667,0.0329845,4.38017e-05,0.0153089,0.0521176,0.0521178,0.0521175,0.0965303,0.0961181,0.0966213,0.0104738,0.0552705,0.027645,0.00463846,0.420861,0.0356659,0.0102408,0.172553,0.591556,0.0484546,0.0624382,0.0416964,0.0417167,0.00809535,0.103875,0.14807,0.0507928,0.0114842,0.0448595,0.0204335,
1.835,0.270578,0.183049,0.00892437,0.00421056,0.0388452,0.0603259,0.0580027,0.058273,0.37694,0.317218,0.137829,0.106962,0.0980687,0.241889,0.0339672,0.0339669,0.0339733,0.0396387,0.039639,0.039639,0.450213,0.451084,0.0595776,0.0096892,0.411239,0.402683,0.0978077,0.00196497,0.283681,0.0558451,0.788453,0.0582758,0.057929,0.079654,0.0704723,0.293817,0.116735,1,0.0175407,0.0221222,0.107874,0.289508,0.0614996,0.0259394,0.106734,0.0148153,0.0411316,0.0411521,0.390048,0.250287,0.0510039,0.0435099,0.0106327,0.0165071,0.0525682,0.0525684,0.0525681,0.0940708,0.0936523,0.0941609,0.0233182,0.0619583,0.0271559,0.00526328,0.44283,0.0563648,0.0228479,0.174303,0.607024,0.0480877,0.0759098,0.0411316,0.0411521,0.0278336,0.104148,0.144521,0.0571611,0.00958006,0.0442261,0.0202095,
1.84,0.28499,0.185672,0.0087025,0.00166815,0.0466386,0.0659376,0.0596229,0.0598995,0.378136,0.318296,0.13855,0.108252,0.0996324,0.241586,0.0337794,0.0337791,0.0337845,0.0422647,0.042265,0.042265,0.454874,0.45533,0.058315,0.0115719,0.405912,0.397004,0.0985077,0.001303,0.283009,0.0578773,0.787784,0.0599046,0.0595626,0.0810899,0.073555,0.29536,0.117445,1,0.0178351,0.0226904,0.103106,0.283175,0.062232,0.0252902,0.104731,0.0152768,0.0428721,0.0428924,0.386943,0.246513,0.0562541,0.0512767,0.0225256,0.0214323,0.052068,0.0520682,0.052068,0.0978734,0.0974699,0.0979697,0.0368374,0.0669704,0.0248523,0.0058193,0.452954,0.0768287,0.0307184,0.170977,0.605426,0.0515727,0.0893417,0.0428721,0.0428924,0.0447171,0.101979,0.140994,0.0638012,0.00750546,0.0465607,0.0205824,
1.845,0.271045,0.186772,0.00370673,0.00214954,0.026851,0.0533884,0.0531036,0.0533519,0.377679,0.317476,0.133899,0.103411,0.0949822,0.238132,0.0303289,0.0303287,0.0303364,0.0393186,0.039319,0.039319,0.454697,0.455134,0.0581363,0.00428959,0.403854,0.390985,0.092688,0.0010554,0.272562,0.0555505,0.753003,0.053356,0.0530108,0.076078,0.070163,0.29472,0.112675,1,0.016692,0.0204934,0.102796,0.281463,0.0626653,0.0272251,0.104985,0.0131886,0.0421268,0.0421469,0.387268,0.24169,0.0411987,0.0237962,4.08308e-07,0.0139859,0.0512048,0.051205,0.0512048,0.0965358,0.0961371,0.0965984,0.00851833,0.0517629,0.024331,0.00419899,0.413994,0.0337297,0.000176819,0.169082,0.58158,0.0492328,0.0609751,0.0421268,0.0421469,1.48377e-05,0.101442,0.141089,0.0450831,0.00600631,0.0453848,0.0196117,
1.85,0.283473,0.201321,0.00767478,0.0072244,0.0274937,0.0535178,0.0526503,0.0529034,0.379394,0.322182,0.134283,0.104285,0.0962973,0.235183,0.0302497,0.0302495,0.0302581,0.0433994,0.0433998,0.0433997,0.459966,0.459821,0.056276,0.0145682,0.393816,0.37792,0.0922097,0.0015021,0.265056,0.0577964,0.741814,0.0529087,0.0525512,0.0768855,0.0766537,0.302076,0.113209,1,0.0166987,0.0203696,0.098893,0.271391,0.0697763,0.0362954,0.109387,0.0133533,0.0452628,0.0452824,0.385341,0.236077,0.0462324,0.0295318,0.00155301,0.018148,0.0504311,0.0504312,0.050431,0.106657,0.106277,0.106747,0.0104638,0.0515869,0.0245559,0.00422812,0.399672,0.0347706,0.00343613,0.16313,0.560444,0.0542811,0.0611264,0.0452628,0.0452824,0.0031953,0.100106,0.140145,0.0519823,0.00883122,0.0493971,0.0208692,
1.855,0.28176,0.194692,0.00444529,0.0032301,0.024784,0.0513454,0.0497959,0.050047,0.378981,0.320734,0.132475,0.102866,0.094589,0.234249,0.0289744,0.0289741,0.0289818,0.0426001,0.0426005,0.0426004,0.461892,0.461659,0.0559546,0.00567926,0.391584,0.37544,0.0903903,0.00134875,0.260481,0.057281,0.734741,0.0500528,0.0496955,0.0756265,0.0763369,0.302619,0.111701,1,0.0161245,0.019647,0.0929389,0.269191,0.0645326,0.0281348,0.101572,0.0120827,0.0454278,0.0454473,0.381866,0.231745,0.0458946,0.0287379,4.74966e-07,0.0155086,0.0502789,0.0502791,0.0502788,0.107225,0.106846,0.107309,0.00854234,0.0504552,0.0242999,0.00397273,0.397655,0.0342607,0.00257268,0.161991,0.556935,0.0543785,0.058123,0.0454278,0.0454473,0.00189245,0.0998783,0.13479,0.0516424,0.00688778,0.0495625,0.0205613,
1.86,0.294763,0.203601,0.00382341,0.00263484,0.0261237,0.0514933,0.0491892,0.0494372,0.381569,0.324891,0.132272,0.103384,0.0955012,0.228329,0.029215,0.0292147,0.0292224,0.0457927,0.0457931,0.045793,0.464445,0.463554,0.053593,0.00516365,0.382821,0.359912,0.0890998,0.0011391,0.259485,0.0584593,0.706644,0.0494442,0.0491009,0.0753963,0.0818879,0.306765,0.111106,1,0.0160585,0.019498,0.0953211,0.259025,0.0692969,0.0288529,0.104734,0.0127535,0.047874,0.0478929,0.373107,0.229817,0.047486,0.0287993,2.50244e-05,0.0167221,0.0487912,0.0487913,0.0487911,0.114934,0.114592,0.11505,0.00808215,0.0476855,0.022819,0.00403313,0.380864,0.0336216,0.000502224,0.155582,0.535066,0.0584239,0.0561887,0.047874,0.0478929,0.000303074,0.0966704,0.135402,0.0541729,0.00603666,0.0527567,0.0219822,
1.865,0.355435,0.206637,0.0879795,4.96476e-05,0.139945,0.14202,0.078216,0.0786721,0.379904,0.329624,0.158288,0.134489,0.121124,0.238942,0.0385668,0.0385665,0.0385696,0.0593368,0.0593369,0.0593369,0.484013,0.482142,0.0534889,0.100516,0.363295,0.359289,0.122409,0.00902609,0.254069,0.0719312,0.892753,0.0786883,0.0782197,0.0946231,0.099297,0.320689,0.142468,1,0.018642,0.0243048,0.0563993,0.24312,0.0629073,0.0255714,0.0832659,0.0202564,0.0560548,0.0560737,0.37337,0.221527,0.142038,0.175108,0.181832,0.104012,0.0507168,0.0507166,0.0507169,0.13785,0.137521,0.137862,0.22453,0.160041,0.0270374,0.0121139,0.510456,0.223021,0.140064,0.149327,0.580812,0.0809667,0.309585,0.0560548,0.0560737,0.224821,0.1065,0.111092,0.166,0.0102931,0.0640192,0.0241471,
1.87,0.31946,0.22249,0.00465308,0.00473547,0.0252568,0.0497407,0.0453381,0.0455863,0.384265,0.331564,0.130337,0.103059,0.0959074,0.21917,0.0276049,0.0276046,0.0276127,0.0527107,0.0527111,0.0527111,0.474717,0.472475,0.0489233,0.00988514,0.359725,0.32825,0.0853496,0.00116377,0.243115,0.0618739,0.663161,0.0455967,0.0452484,0.0749314,0.0937473,0.318877,0.109415,1,0.0154616,0.0185276,0.0846007,0.235127,0.0769398,0.0340149,0.104687,0.0121032,0.053891,0.0539086,0.360535,0.215183,0.0543677,0.0347988,0.00128469,0.0208356,0.0464065,0.0464067,0.0464065,0.133894,0.133605,0.134059,0.00901643,0.0442234,0.0211475,0.00385207,0.348692,0.0358516,0.00187894,0.141415,0.487235,0.0681253,0.0524404,0.053891,0.0539086,0.00258827,0.0917692,0.128393,0.0640669,0.00673663,0.0604849,0.0241459,
1.875,0.323377,0.224621,0.00425586,0.0030533,0.0290436,0.050992,0.0468618,0.0471065,0.385104,0.333345,0.131151,0.104219,0.0971653,0.213005,0.0298314,0.0298311,0.0298389,0.0536118,0.0536123,0.0536122,0.468486,0.466028,0.0476533,0.00599358,0.358279,0.320139,0.0857132,0.00117883,0.252752,0.0611524,0.640308,0.047116,0.0467984,0.0747474,0.0959144,0.317174,0.10949,1,0.0156945,0.0189149,0.0977412,0.232542,0.0800692,0.0309705,0.11063,0.0139483,0.0539099,0.053927,0.350475,0.222383,0.0539914,0.0338388,5.63835e-07,0.01969,0.0452002,0.0452003,0.0452001,0.134838,0.134583,0.13504,0.00755242,0.0419626,0.0205668,0.00416157,0.338054,0.0327647,0.000431522,0.139112,0.478114,0.0683768,0.0509186,0.0539099,0.053927,0.000238923,0.0893885,0.134718,0.0637834,0.00590168,0.0606552,0.0254834,
1.88,0.33646,0.229621,0.00260875,0,0.0281973,0.0496981,0.0436278,0.0438732,0.389368,0.338349,0.130215,0.10425,0.0971617,0.208101,0.0289257,0.0289254,0.0289325,0.0566425,0.056643,0.0566429,0.476837,0.473621,0.0453703,3.04106e-05,0.348636,0.304254,0.0835001,0.00117401,0.246235,0.0625143,0.614503,0.0438844,0.0435698,0.0740197,0.102278,0.325176,0.108575,1,0.0151154,0.0180951,0.0923313,0.221241,0.0803674,0.025453,0.106313,0.0132417,0.0571686,0.057185,0.341914,0.216092,0.0574891,0.0362666,0,0.0197305,0.0440355,0.0440356,0.0440355,0.145158,0.144936,0.145386,0.00726257,0.0398471,0.0196771,0.00401461,0.321669,0.0327949,0.000123769,0.132324,0.455068,0.0734575,0.0485097,0.0571686,0.057185,0,0.0872251,0.129836,0.0687297,0.00431032,0.0647708,0.0267574,
1.885,0.356768,0.233334,0.114173,5.40493e-05,0.12399,0.137724,0.0649141,0.0653621,0.381584,0.339314,0.152863,0.133233,0.11818,0.209005,0.0326005,0.0326004,0.0326102,0.0622302,0.0622305,0.0622305,0.49088,0.486778,0.0460848,0.116848,0.320406,0.28845,0.113414,0.0130522,0.210392,0.0707152,0.764153,0.0653794,0.0648795,0.0830642,0.110572,0.335664,0.138419,0.999242,0.0149085,0.017253,0.0500517,0.201036,0.0731449,0.0280759,0.0829412,0.0182809,0.0630595,0.0630753,0.342653,0.198258,0.137653,0.145999,0.181809,0.12004,0.0438037,0.0438033,0.0438038,0.165566,0.165376,0.16551,0.218675,0.149448,0.0263598,0.0100579,0.362744,0.136459,0.0888,0.120815,0.441821,0.0926993,0.318497,0.0630595,0.0630753,0.15595,0.101708,0.104086,0.159148,0.00694492,0.0727386,0.0262451,
1.89,0.366947,0.253641,0.00391937,0.00180648,0.0329881,0.0496693,0.0418353,0.0420748,0.391402,0.346396,0.128946,0.10525,0.0991431,0.189195,0.0302696,0.0302693,0.0302765,0.0651504,0.065151,0.0651509,0.476719,0.471788,0.0384828,0.00219223,0.320425,0.258343,0.0799439,0.00121021,0.24105,0.0650188,0.536029,0.0420885,0.0418122,0.0732516,0.117433,0.334737,0.106645,1,0.0148266,0.0176311,0.0987878,0.191338,0.0932259,0.0283009,0.114971,0.0151731,0.0633282,0.0633424,0.313889,0.209554,0.0643202,0.0415688,5.70774e-05,0.0229539,0.0396913,0.0396914,0.0396913,0.165879,0.16576,0.16621,0.00705142,0.0336728,0.0172483,0.00427271,0.272287,0.031649,0.000142168,0.113625,0.390088,0.0838184,0.0427331,0.0633282,0.0633424,0.000313944,0.0784006,0.130962,0.0787953,0.0042703,0.0729344,0.0307766,
1.895,0.369321,0.257657,0.00451754,0.00359944,0.0310552,0.0489601,0.0414591,0.0416999,0.391535,0.347127,0.128692,0.104891,0.0990634,0.190744,0.029405,0.0294046,0.0294125,0.0660979,0.0660984,0.0660984,0.480217,0.475215,0.0384123,0.00716331,0.318281,0.257772,0.0795469,0.00122875,0.235772,0.0660053,0.540243,0.0417142,0.0414227,0.0735123,0.118379,0.336474,0.106608,1,0.0148292,0.0175426,0.0938054,0.189559,0.0953717,0.0340926,0.115745,0.0146798,0.0641767,0.064191,0.317806,0.205658,0.0648802,0.0420986,6.8372e-07,0.0246446,0.0398658,0.0398659,0.0398658,0.168176,0.168049,0.168501,0.00662832,0.0331913,0.0170944,0.00413322,0.271178,0.0317857,0.00012955,0.112751,0.387172,0.0850839,0.0421013,0.0641767,0.064191,2.48461e-05,0.0786336,0.129333,0.0797593,0.00557975,0.0739706,0.030626,
1.9,0.384675,0.265081,0.098885,0,0.100135,0.116192,0.0530638,0.053461,0.38973,0.353277,0.145279,0.127713,0.11465,0.182388,0.030508,0.030508,0.0305196,0.0705247,0.0705252,0.0705251,0.496549,0.490153,0.0371247,0.0964948,0.287038,0.225375,0.100252,0.0118816,0.197379,0.0714843,0.615222,0.0534799,0.0530383,0.0764448,0.128166,0.351191,0.129044,1,0.0132802,0.0143525,0.0609885,0.163352,0.0900677,0.0298773,0.0947504,0.0178344,0.0709055,0.0709185,0.308308,0.187499,0.125131,0.116124,0.140919,0.106348,0.0376979,0.0376975,0.037698,0.192729,0.192676,0.192806,0.168503,0.115021,0.0222615,0.00812544,0.255809,0.0808561,0.0500144,0.0962196,0.336127,0.103474,0.255779,0.0709055,0.0709185,0.0956694,0.0893194,0.107455,0.146737,0.00476242,0.0827433,0.0310148,
1.905,0.394551,0.272001,0.00352375,0.000266628,0.0365624,0.049887,0.0403427,0.0405806,0.396736,0.355792,0.12874,0.106705,0.101305,0.175489,0.0314545,0.0314541,0.0314612,0.0724077,0.0724084,0.0724083,0.48137,0.475015,0.0332482,0.000528918,0.300666,0.223513,0.0774327,0.00124855,0.238903,0.0674842,0.475865,0.0405963,0.0403476,0.0729295,0.130661,0.344424,0.105727,1,0.0146191,0.0173001,0.104287,0.168882,0.10329,0.0286607,0.121468,0.0166713,0.0688747,0.0688874,0.293265,0.205901,0.0702643,0.0462515,1.60168e-06,0.0252771,0.0365018,0.0365019,0.0365018,0.184139,0.184102,0.184554,0.00637035,0.0280755,0.0150085,0.00448863,0.234764,0.0309251,8.94984e-05,0.0994161,0.341222,0.0929172,0.0384523,0.0688747,0.0688874,1.00824e-05,0.0719029,0.132224,0.0876514,0.00378017,0.0801741,0.0342715,
1.91,0.401463,0.27923,0.00423428,0.00240032,0.0344354,0.0477034,0.0375363,0.0377707,0.392439,0.354283,0.125776,0.104807,0.0999282,0.168982,0.0298219,0.0298216,0.029829,0.0750415,0.0750421,0.075042,0.480846,0.473891,0.0304627,0.00479117,0.284175,0.204423,0.0742297,0.00126597,0.225137,0.0684985,0.448701,0.037788,0.0375346,0.0716604,0.134903,0.346386,0.103301,0.995984,0.0140839,0.0164782,0.0956103,0.154054,0.10634,0.0329765,0.119957,0.0158672,0.0711459,0.0711578,0.284411,0.194187,0.0725744,0.0481495,4.55946e-07,0.0273564,0.0348704,0.0348704,0.0348704,0.191682,0.191669,0.192113,0.00594087,0.0256105,0.0140424,0.00424166,0.214176,0.0304613,9.69706e-05,0.090705,0.311137,0.0967643,0.0350629,0.0711459,0.0711578,1.65689e-05,0.0686145,0.126268,0.091234,0.00458074,0.0831825,0.0347695,
1.915,0.404675,0.280263,0.00380513,0.00159718,0.0340736,0.0477849,0.0372418,0.0374789,0.396388,0.357502,0.1267,0.105569,0.100534,0.171051,0.0297268,0.0297265,0.0297338,0.0754977,0.0754984,0.0754983,0.486656,0.479637,0.0308588,0.00319956,0.287007,0.2069,0.0746714,0.00127832,0.225946,0.0691068,0.454087,0.0374965,0.0372381,0.0721458,0.135974,0.350166,0.10412,1,0.0140862,0.0164606,0.0944692,0.155625,0.105924,0.031552,0.118982,0.0156342,0.0718646,0.0718766,0.287421,0.194939,0.0733429,0.04864,3.03387e-07,0.0272348,0.0353123,0.0353123,0.0353123,0.193582,0.193566,0.194012,0.0059841,0.0260019,0.0142292,0.00421712,0.216984,0.030845,9.22684e-05,0.0917135,0.314707,0.0976946,0.0353581,0.0718646,0.0718766,1.10249e-05,0.0695533,0.126006,0.0921687,0.00424686,0.0839983,0.0349517,
1.92,0.415534,0.288554,0.00426474,0.00204956,0.0353783,0.047498,0.036254,0.0364897,0.396849,0.360234,0.126021,0.105751,0.101063,0.164219,0.0300352,0.0300349,0.0300422,0.0786325,0.0786332,0.0786331,0.486971,0.479322,0.0283184,0.0039085,0.276084,0.189847,0.0731884,0.00135867,0.222705,0.0700683,0.425928,0.0365083,0.0362608,0.0717829,0.141625,0.353791,0.103301,1,0.0139136,0.0162035,0.0954334,0.144276,0.110293,0.032548,0.121365,0.0161353,0.0742206,0.0742318,0.277291,0.191554,0.0762103,0.051238,3.54355e-07,0.0284411,0.0337532,0.0337533,0.0337532,0.201549,0.201569,0.202016,0.00585851,0.0237079,0.0134288,0.00427854,0.198667,0.0305448,0.00069179,0.0846662,0.290258,0.101624,0.033111,0.0742206,0.0742318,0.0004859,0.0664417,0.125574,0.0963833,0.00444599,0.0871069,0.0363795,
1.925,0.413431,0.286171,0.00377239,0.001326,0.0351184,0.0479038,0.0367888,0.0370259,0.398918,0.361049,0.126927,0.10623,0.101354,0.167636,0.0300771,0.0300767,0.030084,0.0777076,0.0777082,0.0777081,0.489381,0.481937,0.0294601,0.00266347,0.282073,0.197544,0.0741154,0.00129242,0.225631,0.0699721,0.438322,0.0370442,0.0367928,0.0722198,0.140043,0.354055,0.104109,1,0.0140392,0.0163749,0.0958988,0.149606,0.108802,0.0314429,0.120754,0.016035,0.0736296,0.0736412,0.2823,0.194171,0.0752643,0.0501005,2.51876e-07,0.0278982,0.0345122,0.0345122,0.0345122,0.199277,0.199285,0.199732,0.00589075,0.024637,0.0136997,0.00427874,0.206957,0.0307468,8.59841e-05,0.0879221,0.301615,0.100531,0.0342135,0.0736296,0.0736412,9.15306e-06,0.0679372,0.126419,0.0949382,0.00405501,0.0862731,0.0360084,
1.93,0.417783,0.288452,0.00350802,0.000564425,0.0360452,0.0477481,0.0361422,0.0363775,0.398176,0.361384,0.126192,0.106056,0.101317,0.163069,0.0302884,0.030288,0.0302951,0.0789451,0.0789457,0.0789456,0.48763,0.479872,0.0279957,0.00115591,0.275879,0.187767,0.0730974,0.00129236,0.224471,0.0700603,0.420143,0.0363962,0.0361552,0.0716781,0.142486,0.354514,0.1033,1,0.0138851,0.0161827,0.0972014,0.143368,0.110166,0.0300835,0.12123,0.0163387,0.074526,0.0745371,0.274937,0.192617,0.0763183,0.0509516,1.07214e-07,0.0279928,0.0335061,0.0335061,0.0335061,0.202528,0.202557,0.203002,0.00577884,0.0232245,0.013109,0.00432152,0.196584,0.0303987,7.59278e-05,0.0839912,0.288086,0.102119,0.0330299,0.074526,0.0745371,3.8961e-06,0.0659351,0.126046,0.0965561,0.00362078,0.0875015,0.0367063,
1.935,0.415904,0.290933,0.00511806,0.00374873,0.0368912,0.0487596,0.0380883,0.0383244,0.399245,0.362176,0.127727,0.10699,0.102298,0.166533,0.0309537,0.0309533,0.030961,0.078491,0.0784916,0.0784915,0.487657,0.480151,0.0291579,0.0062745,0.281737,0.195815,0.0747679,0.00129399,0.228694,0.0701918,0.435244,0.0383425,0.0380981,0.0727668,0.140997,0.35438,0.104642,1,0.0143164,0.0167342,0.100403,0.149055,0.111954,0.0347199,0.125238,0.016883,0.0737746,0.0737861,0.281425,0.196655,0.0754617,0.0502187,4.82146e-05,0.0286864,0.0342661,0.0342661,0.034266,0.199834,0.19985,0.200301,0.00618752,0.024673,0.0137546,0.00442777,0.204815,0.0306323,0.0001244,0.0874551,0.299581,0.100861,0.0342416,0.0737746,0.0737861,0.000278295,0.0673423,0.129594,0.0951709,0.00474555,0.0865107,0.0364577,
1.94,0.412608,0.2872,0.00439652,0.00239783,0.0360939,0.0484064,0.0377641,0.0380001,0.397629,0.360237,0.127094,0.106342,0.101609,0.166875,0.0306091,0.0306087,0.0306163,0.0776812,0.0776819,0.0776818,0.486176,0.478787,0.0293866,0.00478813,0.281988,0.197329,0.0744503,0.00128711,0.227588,0.0697656,0.437083,0.038018,0.0377713,0.0723542,0.13966,0.352171,0.104165,1,0.0142149,0.0166199,0.0989729,0.149871,0.110327,0.0336201,0.123479,0.0165722,0.0732123,0.0732238,0.281577,0.195784,0.0747859,0.0497887,4.55471e-07,0.028247,0.0343501,0.0343501,0.0343501,0.198116,0.198125,0.198574,0.00591554,0.0245005,0.013641,0.00437073,0.206461,0.0305483,9.34521e-05,0.087962,0.301606,0.0999842,0.0343598,0.0732123,0.0732238,1.65516e-05,0.0675236,0.128442,0.0943405,0.00454544,0.0857983,0.0360741,
1.945,0.400214,0.279773,0.00490739,0.0037837,0.0345534,0.0482241,0.0384219,0.0386578,0.39432,0.355464,0.126931,0.105514,0.100532,0.172292,0.0300496,0.0300493,0.0300569,0.0745547,0.0745553,0.0745552,0.482981,0.476203,0.0315018,0.00659866,0.289405,0.211404,0.075385,0.00126918,0.227741,0.0686443,0.461729,0.0386749,0.0384166,0.0724085,0.133832,0.347432,0.104358,1,0.0143005,0.0167517,0.0964223,0.158819,0.10632,0.0343555,0.120996,0.0159463,0.0707403,0.0707525,0.289908,0.196738,0.0721459,0.0477161,3.79473e-05,0.0274387,0.0356106,0.0356106,0.0356106,0.190057,0.190032,0.190479,0.00626111,0.0269053,0.0146086,0.00427247,0.221586,0.0307875,0.000127252,0.0936685,0.321129,0.0959837,0.0360373,0.0707403,0.0707525,0.000223943,0.0700822,0.127791,0.0904228,0.00495834,0.0825977,0.0345227,
1.95,0.400209,0.278084,0.00711911,0.00226795,0.0364502,0.0506031,0.0390862,0.0393292,0.396678,0.357083,0.128281,0.106737,0.101378,0.174637,0.0301866,0.0301862,0.0301939,0.0742519,0.0742525,0.0742524,0.486418,0.479717,0.0322816,0.00748781,0.293108,0.215913,0.0767399,0.00159847,0.228998,0.0688861,0.473033,0.0393463,0.0390794,0.0728829,0.133528,0.348704,0.105785,1,0.0143351,0.0167748,0.0957708,0.161885,0.105098,0.0328774,0.119779,0.0159576,0.0707699,0.0707824,0.293326,0.198349,0.0737352,0.0497777,0.00432296,0.0295025,0.0361307,0.0361307,0.0361307,0.18997,0.189938,0.190379,0.011113,0.0298455,0.0149316,0.00440311,0.227033,0.0325481,0.00163235,0.0954776,0.327777,0.0961089,0.0434051,0.0707699,0.0707824,0.00295021,0.0715971,0.127738,0.0920711,0.0046711,0.082565,0.0344053,
1.955,0.396353,0.284939,0.0077171,0.0100305,0.0328584,0.0486613,0.0408652,0.041104,0.394309,0.355489,0.128478,0.105937,0.101331,0.180102,0.0297894,0.0297891,0.0297984,0.0741183,0.0741189,0.0741188,0.485339,0.479016,0.0335473,0.0198151,0.296514,0.225381,0.0773424,0.00131778,0.22708,0.0695867,0.493591,0.0411208,0.0408358,0.0740984,0.131146,0.34692,0.106027,1,0.0149113,0.0174415,0.0942468,0.166784,0.110253,0.0480466,0.126829,0.0159443,0.0699202,0.0699331,0.305337,0.197744,0.0708335,0.0469632,1.88875e-06,0.0302004,0.0371472,0.0371473,0.0371472,0.186599,0.186536,0.186995,0.00619506,0.0285973,0.015448,0.00422664,0.235339,0.0312851,0.000448547,0.0987874,0.338388,0.0945014,0.037374,0.0699202,0.0699331,0.000292723,0.0728636,0.13051,0.0886032,0.0083345,0.0814536,0.0335437,
1.96,0.394146,0.280852,0.00957694,0.00966397,0.0360569,0.0515786,0.0425973,0.0428475,0.397643,0.357227,0.131018,0.107845,0.102708,0.186579,0.0305977,0.0305974,0.0306062,0.07317,0.0731706,0.0731705,0.489768,0.483809,0.0356018,0.0205175,0.306444,0.239361,0.0802099,0.00166879,0.232138,0.0698713,0.524259,0.0428639,0.0425661,0.0758477,0.129603,0.34875,0.108647,1,0.0152297,0.0179956,0.093557,0.175977,0.107269,0.0458336,0.12491,0.0159504,0.0692497,0.0692633,0.314099,0.20232,0.0737422,0.0528594,0.00458874,0.0310786,0.0387415,0.0387416,0.0387415,0.184087,0.183998,0.18447,0.0123443,0.0339889,0.0169295,0.00452383,0.255612,0.039142,0.00749073,0.10461,0.360943,0.0933418,0.045328,0.0692497,0.0692633,0.00939972,0.0762427,0.131122,0.0917725,0.00900537,0.0804825,0.0331849,
1.965,0.436936,0.280222,0.0329889,0.0159668,0.097996,0.0862843,0.0584247,0.0587941,0.39726,0.362984,0.14575,0.123964,0.117274,0.194602,0.0434107,0.0434102,0.0434105,0.0857994,0.0857996,0.0857997,0.492879,0.486772,0.0351958,0.0463685,0.302245,0.248654,0.0987538,0.00553184,0.250979,0.0780936,0.646761,0.0588129,0.058484,0.0932325,0.14981,0.365154,0.125404,1,0.0179769,0.0241733,0.0810992,0.174012,0.102994,0.0356208,0.115732,0.020665,0.0749138,0.0749277,0.307733,0.209647,0.139768,0.171261,0.0719049,0.0518295,0.0423031,0.0423032,0.042303,0.20329,0.203169,0.203859,0.101978,0.0864802,0.0268217,0.00972413,0.371172,0.1815,0.134751,0.106993,0.420507,0.105147,0.126919,0.0749138,0.0749277,0.173574,0.0820059,0.122331,0.175382,0.0241329,0.0883179,0.0384647,
1.97,0.384108,0.288235,0.0119616,0.0198023,0.0300679,0.0497462,0.0453095,0.0455529,0.394717,0.354365,0.131566,0.106783,0.102445,0.19618,0.0293961,0.0293958,0.0294074,0.0714456,0.0714461,0.071446,0.488937,0.483682,0.038288,0.0390848,0.314936,0.257555,0.0814799,0.00130264,0.229457,0.0703555,0.559348,0.0455686,0.04524,0.0770136,0.123561,0.344701,0.109298,1,0.0159735,0.0186873,0.0914553,0.186461,0.113282,0.0671842,0.134259,0.0157606,0.0671677,0.0671822,0.334807,0.202401,0.067007,0.0438521,1.0696e-05,0.0333713,0.0404716,0.0404717,0.0404716,0.176227,0.176087,0.176562,0.00650695,0.0331122,0.0173913,0.004151,0.268164,0.0322426,0.000252061,0.111276,0.380738,0.0897349,0.0409624,0.0671677,0.0671822,0.000173539,0.0790865,0.135442,0.0829835,0.012973,0.0777265,0.0312435,
1.975,0.492895,0.264833,0.0763974,0.0255875,0.206493,0.15428,0.0908471,0.091426,0.395307,0.365238,0.173432,0.152064,0.142271,0.228656,0.0623386,0.0623377,0.0623247,0.100757,0.100756,0.100756,0.503483,0.498464,0.0406175,0.103318,0.318726,0.306664,0.135269,0.0110647,0.28531,0.0920311,0.93605,0.0914494,0.0910261,0.124617,0.169038,0.382272,0.157078,1,0.0234999,0.0356444,0.0495707,0.195072,0.088323,0.0256744,0.0954087,0.0277698,0.0795113,0.0795279,0.328614,0.224143,0.245466,0.364406,0.203739,0.0954913,0.0519738,0.0519739,0.0519737,0.215734,0.215472,0.216473,0.272802,0.18842,0.0418531,0.018755,0.622602,0.438044,0.346653,0.12667,0.583471,0.117889,0.294892,0.0795113,0.0795279,0.459727,0.0982273,0.105452,0.30689,0.0464385,0.0950257,0.0427312,
1.98,0.391962,0.350708,0.0333153,0.0636562,0.0353655,0.0573397,0.0650641,0.0653093,0.392791,0.361121,0.142076,0.112847,0.112305,0.215159,0.0343372,0.0343372,0.0343587,0.0776976,0.0776979,0.0776978,0.481878,0.477703,0.0424169,0.126272,0.330475,0.28912,0.0925118,0.00141203,0.243047,0.076672,0.646879,0.065323,0.0649341,0.0873217,0.122233,0.341652,0.118416,1,0.0205559,0.0241271,0.114836,0.205281,0.159032,0.156959,0.196518,0.0224179,0.0660624,0.0660781,0.386246,0.219354,0.0631515,0.0415667,0.000206879,0.0534674,0.0435651,0.0435652,0.0435651,0.170061,0.169846,0.170395,0.00705934,0.0364064,0.0193535,0.00501965,0.293594,0.0324998,0.00065193,0.122665,0.415948,0.088326,0.0448196,0.0660624,0.0660781,0.000571645,0.0828868,0.169889,0.0782703,0.0334885,0.076456,0.0309975,
1.985,0.433511,0.302627,0.0063159,0.00393613,0.0352641,0.0469273,0.0337456,0.0339861,0.400963,0.366946,0.125695,0.106401,0.10201,0.159526,0.0291458,0.0291454,0.0291531,0.083659,0.0836597,0.0836596,0.497307,0.488738,0.0255495,0.0083337,0.262363,0.170485,0.0714272,0.00167304,0.211848,0.072801,0.403429,0.034007,0.0337488,0.0719999,0.150503,0.364799,0.103178,1,0.0135315,0.0155574,0.0874538,0.129502,0.115528,0.0360796,0.121184,0.0156312,0.0787567,0.0787672,0.271357,0.182425,0.0825065,0.0574791,0.00189967,0.0320004,0.0325355,0.0325355,0.0325355,0.215889,0.21594,0.216388,0.00795473,0.0227185,0.012993,0.00419617,0.178838,0.032391,0.00331253,0.0759572,0.260467,0.108827,0.0326021,0.0787567,0.0787672,0.00357018,0.0642453,0.120935,0.105047,0.00551738,0.0928619,0.0380191,
1.99,0.52002,0.360534,0.0136711,0,0.0517637,0.0524352,0.0281788,0.028422,0.414247,0.394001,0.124578,0.111672,0.108759,0.112414,0.0318762,0.0318758,0.0318831,0.106404,0.106404,0.106404,0.510697,0.497359,0.00801476,0.00984599,0.19128,0.0511456,0.0636684,0.00253349,0.196111,0.0804726,0.207502,0.0284503,0.0282727,0.070013,0.192449,0.396236,0.100643,1,0.0123105,0.0136116,0.0979389,0.0514034,0.144434,0.0336651,0.135614,0.0199902,0.0967373,0.0967423,0.199974,0.164264,0.105754,0.0764976,0.0143172,0.0460041,0.0215659,0.0215657,0.0215659,0.27544,0.275768,0.276177,0.020542,0.0125637,0.00619043,0.00505445,0.0520138,0.0331394,0.00508332,0.0269393,0.0916959,0.139152,0.0369547,0.0967373,0.0967423,0.00971987,0.0433739,0.119145,0.137522,0.00238282,0.116397,0.0487312,
1.995,0.512048,0.354782,0.0268156,0,0.0589955,0.0608021,0.0292068,0.0294709,0.409419,0.38953,0.12555,0.113271,0.109223,0.114142,0.0308686,0.0308683,0.0308762,0.10467,0.104671,0.104671,0.50979,0.496654,0.00894821,0.0233012,0.188745,0.0538363,0.0662045,0.00400585,0.186389,0.0803345,0.231653,0.0294995,0.0292889,0.0698273,0.189463,0.393876,0.102969,0.998123,0.0119231,0.0129391,0.0877556,0.0515106,0.139888,0.0334446,0.128637,0.0194401,0.0959871,0.0959923,0.203014,0.158701,0.112296,0.085435,0.0339779,0.0568896,0.0219133,0.0219131,0.0219134,0.273452,0.273765,0.274124,0.0431205,0.0251701,0.00736688,0.00541994,0.057678,0.0400298,0.0120506,0.0272329,0.0936113,0.139032,0.0672834,0.0959871,0.0959923,0.0230675,0.0462172,0.112953,0.144228,0.00253367,0.115453,0.0474285,
2,0.501393,0.339442,0.0316686,1.02937e-05,0.0719314,0.0716174,0.0363062,0.0365959,0.407979,0.384444,0.130443,0.11669,0.111839,0.130077,0.0326947,0.0326943,0.0327008,0.100997,0.100998,0.100998,0.509133,0.497226,0.0139667,0.0313094,0.210112,0.0907773,0.0736803,0.00420074,0.198455,0.0804499,0.314647,0.0366237,0.0363886,0.0743915,0.181079,0.387259,0.108386,1,0.0131287,0.0150568,0.0847103,0.0739439,0.131959,0.032586,0.124388,0.0200423,0.0920883,0.0920951,0.223271,0.167584,0.118816,0.101999,0.0529423,0.0619747,0.0255562,0.025556,0.0255563,0.25936,0.259598,0.25998,0.0669413,0.0422136,0.00940213,0.0065462,0.121686,0.0734852,0.0344388,0.0418495,0.157208,0.13348,0.0959181,0.0920883,0.0920951,0.0569613,0.0527805,0.113304,0.150983,0.00384481,0.110459,0.0452804,
2.005,0.501641,0.341851,0.0214004,6.35212e-06,0.0577861,0.0601181,0.0303709,0.0306386,0.407609,0.38426,0.125773,0.112146,0.10806,0.126793,0.0300631,0.0300626,0.0300693,0.10144,0.10144,0.10144,0.511887,0.49965,0.0124401,0.0202037,0.202752,0.0806104,0.0678837,0.00324641,0.188562,0.0801679,0.282993,0.0306671,0.0304365,0.0717944,0.18258,0.38991,0.103608,1,0.0123714,0.0138898,0.0786272,0.0665924,0.132127,0.0322882,0.121565,0.0179964,0.0932787,0.0932852,0.219415,0.159083,0.111521,0.0896184,0.0339432,0.0531467,0.0247429,0.0247427,0.0247429,0.263211,0.263456,0.263849,0.0442124,0.029365,0.00840505,0.0054766,0.100152,0.056889,0.0217105,0.0375115,0.136911,0.134324,0.0665756,0.0932787,0.0932852,0.0360144,0.0503155,0.109094,0.143061,0.00326384,0.111881,0.0452902,
2.01,0.506782,0.349066,0.0120454,4.13814e-07,0.0421891,0.0480979,0.0234631,0.0237096,0.411191,0.388224,0.121623,0.108233,0.104827,0.123026,0.0270979,0.0270974,0.0271047,0.103042,0.103043,0.103043,0.520459,0.507629,0.010536,0.00944889,0.194347,0.0667113,0.0617871,0.00247729,0.176853,0.0806123,0.245383,0.0237392,0.0235082,0.0690633,0.186545,0.39746,0.0992416,1,0.0114538,0.0123578,0.0718331,0.0569763,0.133952,0.0323959,0.119303,0.0157773,0.0958716,0.0958777,0.215953,0.149799,0.104645,0.0757792,0.0140481,0.0451394,0.0237627,0.0237625,0.0237627,0.271469,0.27173,0.272128,0.0201224,0.0154184,0.00739383,0.00425881,0.0702511,0.0351682,0.00562692,0.031653,0.108941,0.137215,0.0363971,0.0958716,0.0958777,0.0103822,0.0479617,0.104857,0.135707,0.00249372,0.115,0.0458079,
2.015,0.5075,0.343173,0.00599158,8.14371e-06,0.0433655,0.0475058,0.0241474,0.0243957,0.409092,0.384785,0.121113,0.107218,0.104215,0.128828,0.0268629,0.0268624,0.0268681,0.10289,0.102891,0.102891,0.521354,0.508832,0.0114569,0.00597784,0.197724,0.0771214,0.0621028,0.00159755,0.177482,0.0813303,0.269088,0.0244261,0.024191,0.0708927,0.184979,0.395757,0.0989369,1,0.0118455,0.0132918,0.064528,0.0610695,0.130243,0.0316114,0.114668,0.0150321,0.0952335,0.0952401,0.221417,0.147472,0.106802,0.0834229,0.0144375,0.0421057,0.0250239,0.0250238,0.0250239,0.268138,0.268368,0.268806,0.021701,0.0175343,0.00736536,0.00448061,0.0981351,0.0551605,0.0175247,0.0351654,0.130525,0.136056,0.0334928,0.0952335,0.0952401,0.0264304,0.0485564,0.100813,0.1389,0.00320344,0.114215,0.0450789,
2.02,0.500507,0.340534,0.00554107,4.40569e-06,0.0363658,0.04353,0.0208363,0.0210791,0.406857,0.382318,0.118698,0.10494,0.101795,0.128821,0.0246081,0.0246076,0.0246139,0.101453,0.101453,0.101453,0.522549,0.510059,0.0115447,0.00477071,0.194764,0.0756169,0.0597601,0.00170672,0.167536,0.0806756,0.26443,0.0211097,0.0208599,0.0689543,0.183096,0.39562,0.0970599,1,0.0111744,0.012176,0.0567069,0.0593346,0.127545,0.0312714,0.109698,0.0133575,0.0950334,0.0950401,0.222781,0.14077,0.10356,0.0771962,0.0100423,0.0409073,0.024975,0.0249749,0.024975,0.267768,0.267988,0.268407,0.0159528,0.0148148,0.00752667,0.00386851,0.0882193,0.0442816,0.0102836,0.0342083,0.122705,0.13545,0.027919,0.0950334,0.0950401,0.0158138,0.0490995,0.0960329,0.13475,0.00282424,0.113863,0.0441637,
2.025,0.491441,0.330113,0.00664611,0.000889572,0.0389727,0.0461865,0.0218636,0.0221163,0.402051,0.375771,0.118641,0.104396,0.100922,0.137101,0.0235667,0.0235661,0.0235715,0.0989951,0.0989956,0.0989956,0.522225,0.51036,0.0137962,0.00851917,0.200373,0.0922342,0.0614707,0.00164226,0.163541,0.0806502,0.305882,0.0221473,0.0218732,0.0702788,0.177715,0.391662,0.0979204,0.997626,0.0113177,0.0126054,0.0449201,0.0672572,0.120569,0.0308038,0.101569,0.0120966,0.0930662,0.0930737,0.23313,0.136869,0.10647,0.0852994,0.0181742,0.0425796,0.0268047,0.0268046,0.0268048,0.260535,0.260706,0.261133,0.0263288,0.0228618,0.00858505,0.00409396,0.11944,0.0618387,0.0217674,0.0400689,0.150082,0.132564,0.0387333,0.0930662,0.0930737,0.0330168,0.0522499,0.0897264,0.137803,0.00358313,0.111334,0.0422391,
2.03,0.494187,0.332509,0.0162241,0.00656908,0.047503,0.0500617,0.0235037,0.0237925,0.40516,0.381312,0.123148,0.10874,0.104312,0.141424,0.0270372,0.0270366,0.027041,0.101604,0.101605,0.101605,0.527302,0.515599,0.0149973,0.0171273,0.203769,0.0993623,0.0663789,0.00406411,0.164665,0.082304,0.34799,0.0238224,0.0235137,0.0744098,0.183813,0.402377,0.103274,1,0.0116122,0.0134333,0.0407732,0.071538,0.119725,0.0302196,0.0998177,0.0123007,0.0948887,0.0948967,0.23834,0.140109,0.123853,0.11572,0.0259982,0.0453023,0.0287747,0.0287747,0.0287747,0.268558,0.268701,0.269206,0.0392218,0.0338303,0.0149477,0.00490986,0.138686,0.0804577,0.0527148,0.0433106,0.164261,0.135235,0.0495501,0.0948887,0.0948967,0.0639844,0.0577072,0.0886984,0.15994,0.011686,0.113564,0.0438989,
2.035,0.486174,0.327082,0.0412309,0.0189352,0.0719466,0.0638929,0.0295981,0.0299624,0.398435,0.379835,0.130807,0.116494,0.10996,0.148995,0.033799,0.0337984,0.0338006,0.103623,0.103623,0.103623,0.521436,0.510565,0.0178074,0.0433654,0.207174,0.116919,0.07742,0.00900266,0.164433,0.0838297,0.444176,0.0299898,0.0296141,0.0821374,0.188977,0.410182,0.113468,0.982762,0.012317,0.0153701,0.0303344,0.0810343,0.114083,0.0302619,0.0935159,0.0131893,0.095103,0.0951118,0.245719,0.143971,0.159204,0.180095,0.0549204,0.056204,0.0323836,0.0323836,0.0323836,0.273846,0.27392,0.27455,0.0804319,0.0639644,0.0271766,0.0070196,0.189636,0.1295,0.120505,0.0506543,0.200459,0.136388,0.0900422,0.095103,0.0951118,0.139115,0.0680586,0.0840866,0.203873,0.0272552,0.113943,0.0454024,
2.04,0.456781,0.307812,0.0490262,0.0306542,0.0780594,0.0590894,0.0262262,0.0266154,0.362591,0.353202,0.123135,0.110858,0.10411,0.135794,0.0363629,0.0363622,0.0363611,0.102586,0.102587,0.102587,0.480428,0.470206,0.0149356,0.0512668,0.176669,0.0987895,0.0750532,0.0120849,0.140664,0.0802558,0.44871,0.02664,0.0262461,0.0817435,0.18912,0.395483,0.109253,0.884022,0.0113288,0.015202,0.0117423,0.0653794,0.104083,0.0270849,0.0789929,0.0114241,0.0923175,0.0923253,0.219647,0.125252,0.180331,0.226516,0.0568408,0.0515986,0.031479,0.0314791,0.0314789,0.27224,0.272279,0.273036,0.0892721,0.0727961,0.0360662,0.00769038,0.193737,0.159701,0.174205,0.042959,0.18085,0.132694,0.0843276,0.0923175,0.0923253,0.190141,0.067355,0.0678446,0.232202,0.0415417,0.111071,0.0454926,
2.045,0.375672,0.265293,0.0874682,0.058803,0.108512,0.0644262,0.0308369,0.0313067,0.291798,0.301857,0.1177,0.108328,0.0992112,0.111558,0.0495943,0.0495938,0.049588,0.0959892,0.0959892,0.0959893,0.379634,0.37194,0.0136715,0.0864738,0.14059,0.0871181,0.0819053,0.021589,0.1248,0.069584,0.504727,0.0313191,0.0308965,0.0837989,0.183107,0.357439,0.110139,0.68626,0.0107326,0.0166793,0.0102342,0.05937,0.0877096,0.0231449,0.0681987,0.0133358,0.0813341,0.0813406,0.174134,0.120599,0.227197,0.328342,0.0765101,0.0516246,0.0312286,0.031229,0.0312285,0.255672,0.255633,0.256637,0.127121,0.105452,0.0597552,0.0104951,0.215455,0.210519,0.289982,0.040871,0.177511,0.117709,0.10775,0.0813341,0.0813406,0.299329,0.0731907,0.0586474,0.292105,0.0749932,0.0985164,0.0463748,
2.05,0.345912,0.292938,0.114536,0.100548,0.119147,0.0678811,0.0433622,0.0438405,0.248217,0.274754,0.115875,0.106016,0.0997289,0.102877,0.0552442,0.055244,0.0552441,0.0975832,0.097583,0.0975831,0.319429,0.313032,0.0121893,0.162894,0.114521,0.0789145,0.086067,0.0243595,0.112556,0.0684117,0.533053,0.0438481,0.0433935,0.0874976,0.178178,0.328636,0.110287,0.567695,0.012954,0.0198439,0.0212109,0.0514536,0.11567,0.0893868,0.106952,0.018175,0.0757554,0.075761,0.174543,0.116251,0.235817,0.354369,0.0813392,0.0662625,0.0299946,0.029995,0.0299944,0.243535,0.243451,0.244555,0.136687,0.11297,0.0663892,0.0116533,0.209129,0.221596,0.322594,0.0365454,0.159947,0.110846,0.111767,0.0757554,0.075761,0.329443,0.0708311,0.073513,0.303941,0.0999506,0.0924292,0.0457286,
2.055,0.281808,0.308467,0.151901,0.148918,0.11586,0.057627,0.0474989,0.0480167,0.209028,0.254389,0.115865,0.104894,0.0984347,0.0956771,0.0644728,0.064473,0.0644786,0.0952128,0.0952125,0.0952126,0.260122,0.255869,0.0143987,0.227608,0.101728,0.0839594,0.0917368,0.0325477,0.0964434,0.0630802,0.593477,0.0480124,0.0474716,0.0901793,0.175944,0.316507,0.113782,0.454071,0.0134501,0.020786,0.0323369,0.0593809,0.131862,0.137626,0.135029,0.0200595,0.0695762,0.0695816,0.179184,0.120642,0.254927,0.399388,0.0613065,0.0667648,0.0319267,0.0319274,0.0319265,0.238168,0.237984,0.239298,0.123276,0.119288,0.0881585,0.0119291,0.183861,0.19412,0.372026,0.0412328,0.147381,0.100378,0.089086,0.0695762,0.0695816,0.349069,0.0812579,0.088187,0.329272,0.137555,0.0850018,0.0468548,
2.06,0.265286,0.364211,0.183598,0.203294,0.124847,0.0621822,0.0655411,0.0660657,0.177178,0.240132,0.119774,0.106422,0.103884,0.09616,0.0715275,0.0715281,0.0715432,0.100416,0.100416,0.100416,0.212677,0.209729,0.0147111,0.32747,0.0876946,0.0880822,0.0997934,0.03506,0.0932742,0.0653796,0.647812,0.0660564,0.0654634,0.0977569,0.17405,0.297101,0.11839,0.365865,0.0172002,0.025536,0.0539383,0.0601536,0.17705,0.231361,0.196213,0.0270181,0.0657851,0.0657902,0.202175,0.126084,0.260158,0.417688,0.061339,0.0866059,0.0321787,0.0321795,0.0321785,0.229789,0.229547,0.230978,0.126783,0.124592,0.0949554,0.0130963,0.180783,0.19604,0.395329,0.0418456,0.141933,0.0957789,0.0889991,0.0657851,0.0657902,0.367472,0.0812092,0.117339,0.336856,0.167283,0.080972,0.0470019,
2.065,0.243567,0.402884,0.212386,0.247885,0.131547,0.0645207,0.0788874,0.0794332,0.152237,0.229632,0.124099,0.108574,0.108308,0.0993639,0.078427,0.0784279,0.07845,0.103636,0.103635,0.103636,0.17557,0.174021,0.0164425,0.405799,0.081477,0.0992866,0.107844,0.0386035,0.090163,0.066583,0.714223,0.0794184,0.0787618,0.1046,0.172989,0.285305,0.123906,0.29638,0.0199374,0.0291627,0.0684952,0.0668351,0.20876,0.301466,0.240651,0.0318014,0.0624646,0.0624699,0.224155,0.132541,0.270328,0.443851,0.0597035,0.10028,0.0337727,0.0337736,0.0337725,0.22416,0.223844,0.225409,0.129572,0.132066,0.104661,0.0140796,0.185475,0.197451,0.425945,0.0461567,0.148037,0.0911254,0.0882279,0.0624646,0.0624699,0.389768,0.0854049,0.139184,0.35053,0.195097,0.0772462,0.0474014,
2.07,0.181095,0.381,0.262659,0.279647,0.145098,0.0529046,0.0684307,0.0691243,0.131099,0.229984,0.130365,0.117239,0.110032,0.0810394,0.0974016,0.0974026,0.0974188,0.105504,0.105504,0.105504,0.136807,0.136623,0.0176901,0.414379,0.0659849,0.0875773,0.118664,0.0557687,0.0736427,0.0595908,0.798189,0.0690934,0.0683151,0.11035,0.19748,0.319015,0.136747,0.207904,0.0169952,0.0273405,0.0629176,0.0700664,0.187102,0.264977,0.216778,0.0295931,0.0644595,0.064464,0.190416,0.142423,0.347328,0.584067,0.0464559,0.0842493,0.0383497,0.038351,0.0383494,0.257714,0.257314,0.259308,0.137409,0.161536,0.148644,0.0158114,0.1644,0.200672,0.566859,0.0488547,0.126839,0.0915416,0.0739909,0.0644595,0.064464,0.487308,0.110005,0.129828,0.450034,0.243585,0.079721,0.0567682,
2.075,0.196404,0.42766,0.268211,0.308394,0.160909,0.0682995,0.0892783,0.0899126,0.0899601,0.198751,0.124816,0.111304,0.111257,0.0727436,0.0952003,0.0952016,0.0952259,0.110445,0.110444,0.110445,0.0854958,0.085366,0.0120626,0.497237,0.0298711,0.0650608,0.117637,0.0498415,0.0674139,0.0634304,0.763361,0.0898864,0.0891562,0.11254,0.185658,0.269425,0.130087,0.107339,0.02117,0.0323847,0.0773726,0.044974,0.232243,0.355927,0.272279,0.0374437,0.059495,0.059498,0.192537,0.127974,0.326205,0.555102,0.070503,0.113441,0.0327133,0.0327144,0.032713,0.234058,0.233693,0.235584,0.158264,0.158984,0.131631,0.0170188,0.165245,0.233624,0.54477,0.0340999,0.0985849,0.0883433,0.0973682,0.059495,0.059498,0.492946,0.0899727,0.148332,0.423776,0.245964,0.074896,0.0527793,
2.08,0.1451,0.557446,0.375368,0.489434,0.192025,0.0602846,0.0837899,0.0844302,0.0743467,0.205186,0.139883,0.128848,0.120143,0.0630053,0.109215,0.109217,0.109238,0.108999,0.108998,0.108998,0.049949,0.0498409,0.0148966,0.62435,0.0178128,0.0597318,0.136245,0.0595723,0.0508154,0.0583105,0.864728,0.0843929,0.0837206,0.127134,0.193638,0.372972,0.149513,0.0284042,0.020537,0.0312502,0.0799138,0.0505279,0.227415,0.361818,0.273021,0.0384047,0.057492,0.0574945,0.188248,0.135017,0.375361,0.618394,0.0589782,0.104026,0.0378839,0.0378853,0.0378836,0.244206,0.243774,0.245895,0.192218,0.24024,0.189768,0.0180303,0.151103,0.219961,0.613802,0.046731,0.0791678,0.0835701,0.0752678,0.057492,0.0574945,0.567459,0.113797,0.15423,0.469368,0.279014,0.0724545,0.0571102,
2.085,0.131682,0.554438,0.370629,0.490145,0.18021,0.0521257,0.0775398,0.0781393,0.0637089,0.1942,0.132101,0.122339,0.113892,0.0517722,0.104711,0.104712,0.104734,0.105009,0.105008,0.105008,0.0370169,0.0366036,0.0123623,0.616173,0.00315877,0.0402568,0.128712,0.0580463,0.0373757,0.0547777,0.803422,0.0781025,0.0774672,0.120658,0.187238,0.364163,0.141871,0.000883927,0.0191788,0.0289159,0.0773992,0.0383243,0.223417,0.356347,0.267016,0.0367504,0.0553424,0.055344,0.172422,0.123506,0.359439,0.588982,0.0474731,0.0988339,0.0349355,0.0349368,0.0349351,0.23746,0.237064,0.239099,0.176998,0.230316,0.186408,0.0167908,0.111878,0.191529,0.583022,0.03908,0.0428453,0.0803473,0.0583672,0.0553424,0.055344,0.533568,0.108008,0.148773,0.448464,0.271761,0.0698756,0.0552773,
2.09,0.111674,0.561139,0.368266,0.489287,0.14837,0.0326826,0.070211,0.0707965,0.0648815,0.199427,0.127994,0.117087,0.109469,0.0479783,0.102571,0.102573,0.102601,0.104203,0.104202,0.104202,0.0379143,0.0376865,0.0125761,0.617262,0.000783962,0.0323321,0.122384,0.0602858,0.021271,0.0529527,0.769572,0.0707559,0.0700633,0.114979,0.188798,0.36356,0.137857,0.00074868,0.0179476,0.0262866,0.0817514,0.037632,0.235432,0.377008,0.281,0.0346752,0.0562812,0.0562826,0.180821,0.121066,0.345209,0.564271,0.00996295,0.0918519,0.0344623,0.0344638,0.0344619,0.244908,0.244504,0.246549,0.129065,0.20283,0.188365,0.0145566,0.0435367,0.119415,0.551235,0.0361928,0.00232556,0.0795636,0.013916,0.0562812,0.0562826,0.468674,0.110449,0.156249,0.433323,0.280832,0.0706272,0.0557822,
2.095,0.118149,0.709166,0.451981,0.653515,0.186627,0.0381892,0.071533,0.0720734,0.074267,0.218697,0.145508,0.136316,0.12266,0.0508318,0.109498,0.109499,0.109524,0.106719,0.106718,0.106718,0.040939,0.0393643,0.01441,0.734941,0.000573696,0.0329756,0.139758,0.0614827,0.0224726,0.0548672,0.846841,0.0720321,0.0714673,0.131303,0.193894,0.4686,0.156003,2.55408e-06,0.0192454,0.0271242,0.0847595,0.0405054,0.238908,0.387951,0.287787,0.0374963,0.0574685,0.0574699,0.192492,0.127487,0.37057,0.578896,0.0188872,0.0927818,0.038306,0.0383075,0.0383056,0.250091,0.249678,0.251773,0.178099,0.280971,0.225924,0.0157536,0.0646565,0.135297,0.57103,0.0477918,0.00607816,0.0813367,0.0148251,0.0574685,0.0574699,0.526292,0.12331,0.164384,0.447231,0.287901,0.0721801,0.0577469,
2.1,0.129386,0.721153,0.459137,0.652921,0.19162,0.043447,0.079301,0.0798812,0.075459,0.226182,0.150743,0.140227,0.128086,0.0551324,0.114011,0.114012,0.114041,0.113369,0.113368,0.113368,0.0418681,0.0405405,0.0147963,0.760598,0.000770001,0.0366514,0.144877,0.0639955,0.0257106,0.0589134,0.88268,0.0798386,0.0792088,0.136024,0.202818,0.465624,0.161323,1.45556e-05,0.020818,0.0293988,0.0916651,0.0421144,0.258723,0.420509,0.311348,0.0402885,0.0603578,0.0603593,0.206234,0.134081,0.383625,0.605157,0.0242926,0.103984,0.0393767,0.0393782,0.0393762,0.261053,0.26062,0.262804,0.182428,0.27923,0.227093,0.0166555,0.0690272,0.145158,0.595718,0.0476172,0.00909929,0.0859947,0.0244551,0.0603578,0.0603593,0.544023,0.125796,0.175847,0.466857,0.302615,0.075895,0.060158,
2.105,0.120851,0.786044,0.507065,0.743015,0.213528,0.0421217,0.0718457,0.0724091,0.0823497,0.236449,0.159133,0.151054,0.132803,0.0519286,0.118307,0.118308,0.11833,0.111362,0.111361,0.111361,0.0449437,0.0427535,0.0158969,0.799784,0.000774264,0.0334466,0.153407,0.0661248,0.0235422,0.0566755,0.919182,0.0723647,0.0718261,0.143323,0.206593,0.536784,0.171089,3.70987e-06,0.0197355,0.0278553,0.0851781,0.0438584,0.239318,0.387939,0.288835,0.0390955,0.0607885,0.0607899,0.196569,0.135937,0.406198,0.625633,0.0260479,0.0931811,0.041988,0.0419896,0.0419875,0.2665,0.266066,0.268299,0.211274,0.330251,0.254778,0.0171549,0.0800258,0.153939,0.619521,0.0550574,0.00989455,0.0858961,0.019747,0.0607885,0.0607899,0.586952,0.136516,0.168181,0.483777,0.303335,0.0763103,0.0618912,
2.11,0.124352,0.803081,0.508715,0.752111,0.209898,0.0412374,0.0746091,0.0751582,0.0820133,0.237601,0.159561,0.150682,0.133679,0.0539358,0.11761,0.117612,0.117637,0.112616,0.112615,0.112615,0.044456,0.0422604,0.0159265,0.817281,0.000517788,0.0342408,0.153381,0.0652919,0.0228986,0.0579704,0.918035,0.0751142,0.0745712,0.143917,0.205586,0.535289,0.170934,3.11321e-06,0.0204986,0.0284664,0.0897598,0.043751,0.25099,0.409506,0.30334,0.0401746,0.060797,0.0607984,0.206015,0.136185,0.3991,0.612951,0.0217838,0.0968684,0.0417656,0.0417672,0.0417652,0.265081,0.264645,0.266863,0.204978,0.325984,0.252953,0.0168899,0.0723991,0.144192,0.606278,0.0548145,0.00554551,0.0859408,0.0142183,0.060797,0.0607984,0.572864,0.135129,0.175239,0.474848,0.305116,0.0763459,0.0614426,
2.115,0.124393,0.818318,0.517086,0.7686,0.212337,0.0406462,0.0744396,0.0749862,0.0832235,0.240324,0.161352,0.15255,0.134983,0.054157,0.118561,0.118562,0.118587,0.113179,0.113178,0.113178,0.0449786,0.042668,0.0161373,0.829163,0.000448365,0.0340815,0.15503,0.0657197,0.0224612,0.0582088,0.926196,0.0749418,0.074406,0.145571,0.206937,0.546398,0.17283,7.24668e-08,0.020599,0.0285113,0.0903236,0.0441491,0.252227,0.411881,0.305016,0.0403858,0.0611742,0.0611756,0.207733,0.137083,0.402241,0.615742,0.0204046,0.0963756,0.0422519,0.0422535,0.0422515,0.266915,0.266476,0.26871,0.207262,0.332459,0.257278,0.0169464,0.0718817,0.143242,0.609326,0.0559233,0.00440652,0.0863427,0.0114178,0.0611742,0.0611756,0.577377,0.136846,0.176595,0.477333,0.307206,0.0768032,0.0618929,
2.12,0.126901,0.835304,0.521476,0.783563,0.213954,0.0418086,0.0759051,0.0764298,0.0828489,0.239521,0.161761,0.152871,0.13555,0.0552856,0.117313,0.117314,0.117339,0.112627,0.112625,0.112626,0.0443175,0.0418578,0.0161533,0.843354,0.000437892,0.0347338,0.155387,0.0642143,0.0228832,0.058548,0.923783,0.0763865,0.0758752,0.146178,0.203596,0.550267,0.172769,1.36114e-06,0.0210364,0.0287515,0.0921024,0.043854,0.255773,0.419968,0.309934,0.0410163,0.0603231,0.0603245,0.211824,0.136192,0.395685,0.601541,0.0215993,0.0983824,0.0419695,0.041971,0.0419691,0.262028,0.261594,0.263788,0.210067,0.336599,0.256732,0.0168302,0.0728748,0.141407,0.595842,0.0565659,0.00459766,0.085356,0.0118199,0.0603231,0.0603245,0.570993,0.135364,0.179142,0.467019,0.303945,0.0757875,0.0608483,
2.125,0.130355,0.896887,0.553793,0.848809,0.228569,0.0457591,0.0777071,0.0782,0.0855484,0.244891,0.16796,0.159652,0.140411,0.0570105,0.118356,0.118357,0.118382,0.112636,0.112635,0.112635,0.0447762,0.041753,0.0168397,0.894319,0.000432245,0.0354154,0.16158,0.0634448,0.0232739,0.059324,0.947075,0.0781574,0.0777072,0.151755,0.201917,0.587172,0.178842,1.11098e-05,0.0217632,0.0290888,0.0944782,0.0446008,0.259361,0.429613,0.315675,0.0424985,0.0598536,0.059855,0.218918,0.137507,0.398373,0.593688,0.0278672,0.10172,0.0429017,0.0429032,0.0429013,0.259129,0.258699,0.260863,0.23084,0.366615,0.268301,0.0171465,0.0796704,0.144265,0.589761,0.0608285,0.00544485,0.0850326,0.0164301,0.0598536,0.059855,0.583937,0.138441,0.183695,0.462549,0.302865,0.075258,0.060456,
2.13,0.124937,1,0.623476,0.991513,0.2598,0.0465311,0.0714485,0.0718819,0.0937201,0.257,0.179762,0.174303,0.147838,0.0553278,0.121819,0.121819,0.121838,0.109512,0.109511,0.109511,0.0475316,0.0431478,0.0182959,0.972388,0.000433388,0.0328011,0.173452,0.0635195,0.0215308,0.0573813,0.991516,0.071839,0.0715463,0.162519,0.201132,0.684911,0.191524,0,0.0213065,0.0277277,0.0899919,0.046384,0.242588,0.405383,0.297751,0.0423377,0.0590185,0.0590199,0.215155,0.138661,0.415816,0.595134,0.0325782,0.092376,0.0457807,0.0457823,0.0457803,0.257732,0.257309,0.259466,0.273003,0.439189,0.302662,0.0176258,0.0958737,0.15273,0.596701,0.0715022,0.0070466,0.0833856,0.0116351,0.0590185,0.0590199,0.627973,0.149508,0.17945,0.466239,0.298728,0.074154,0.0608889,
2.135,0.121397,0.995017,0.617987,0.978363,0.258469,0.0457303,0.069199,0.0696402,0.0934324,0.255277,0.178261,0.173178,0.146281,0.0537209,0.121588,0.121589,0.121606,0.108368,0.108367,0.108367,0.0476381,0.0433195,0.0181761,0.955681,0.000472142,0.0318409,0.172129,0.0638991,0.0210654,0.0563132,0.985415,0.069597,0.0693013,0.160958,0.201124,0.680705,0.190316,0,0.0206987,0.027144,0.0871405,0.046193,0.235479,0.392136,0.288802,0.0413884,0.0588667,0.0588681,0.208996,0.137812,0.417411,0.599406,0.0327609,0.0894553,0.0456509,0.0456524,0.0456505,0.258087,0.257665,0.259825,0.271992,0.436714,0.301867,0.0175876,0.096267,0.154186,0.600843,0.0709594,0.00758322,0.0830371,0.0124135,0.0588667,0.0588681,0.62973,0.14963,0.17488,0.469102,0.297098,0.0739262,0.0609601,
2.14,0.11585,0.97969,0.611786,0.968808,0.256054,0.0441786,0.0656887,0.0661213,0.0926094,0.251327,0.175515,0.171066,0.143531,0.0514494,0.119744,0.119745,0.119761,0.105415,0.105414,0.105414,0.0472436,0.0428961,0.0179658,0.93723,0.000431357,0.0301721,0.169569,0.0631798,0.01979,0.0543919,0.96912,0.0660786,0.0658013,0.158266,0.197711,0.677248,0.187677,0,0.0198594,0.0260759,0.083371,0.0454801,0.225173,0.374452,0.276281,0.0399994,0.057713,0.0577142,0.201134,0.135031,0.413201,0.591972,0.0322157,0.0849518,0.0451058,0.0451073,0.0451054,0.254063,0.253651,0.255775,0.270554,0.435234,0.300141,0.0172746,0.0949996,0.151784,0.593677,0.07051,0.0069687,0.0812306,0.0115704,0.057713,0.0577142,0.623808,0.14853,0.168585,0.463357,0.290806,0.0724356,0.0600507,
2.145,0.114485,0.990262,0.622404,0.983741,0.261282,0.0447042,0.06475,0.0651908,0.0943124,0.254654,0.177954,0.173919,0.145139,0.0509267,0.121551,0.121552,0.121566,0.105886,0.105884,0.105885,0.0481854,0.0437255,0.0182719,0.945467,0.000439955,0.0296992,0.17207,0.0644332,0.0194595,0.0542969,0.982373,0.0651472,0.0648738,0.160195,0.200435,0.690916,0.190581,2.99004e-06,0.019687,0.0259218,0.0823591,0.0461379,0.222449,0.36926,0.272972,0.0399503,0.0583711,0.0583724,0.199652,0.13652,0.421589,0.603531,0.0338594,0.0840694,0.045852,0.0458535,0.0458515,0.257872,0.257455,0.259608,0.277485,0.445266,0.306347,0.0175418,0.0972093,0.155133,0.605341,0.0718699,0.00716836,0.0820737,0.0132101,0.0583711,0.0583724,0.63697,0.151628,0.167656,0.472334,0.293583,0.0732306,0.0609758,
2.15,0.107256,0.97214,0.615643,0.974318,0.259279,0.0427807,0.059921,0.0603495,0.0934382,0.249653,0.174624,0.171528,0.141694,0.0478843,0.119277,0.119278,0.11929,0.101917,0.101915,0.101916,0.0477491,0.0432161,0.0180166,0.922124,0.000433651,0.0275309,0.169022,0.0634725,0.0180277,0.0517022,0.962393,0.0603065,0.0600623,0.156983,0.196004,0.688864,0.187426,1.07458e-06,0.0185613,0.0245072,0.0770419,0.0452562,0.20787,0.344263,0.255309,0.0380878,0.0568346,0.0568358,0.188715,0.132905,0.416922,0.594668,0.0335517,0.0776262,0.0452305,0.045232,0.04523,0.252551,0.252147,0.254254,0.277103,0.445426,0.304974,0.0171754,0.0972735,0.153603,0.597156,0.0715969,0.00720242,0.0796642,0.0121779,0.0568346,0.0568358,0.631675,0.15045,0.158888,0.46543,0.285071,0.0712494,0.0598185,
2.155,0.101534,0.933355,0.597023,0.938644,0.251797,0.0405934,0.0565474,0.0569813,0.0914518,0.243713,0.169747,0.166961,0.137417,0.0453565,0.117146,0.117147,0.117158,0.0993207,0.0993196,0.0993199,0.0471068,0.0427817,0.0175506,0.885808,0.000430966,0.0260013,0.164366,0.0630522,0.0170268,0.0497935,0.938897,0.0569385,0.0566858,0.15236,0.193388,0.669773,0.182663,0,0.0175916,0.0235056,0.0729299,0.0443038,0.197718,0.32555,0.242441,0.036394,0.055938,0.0559391,0.179227,0.129945,0.411813,0.590811,0.0318838,0.0731703,0.0443131,0.0443146,0.0443126,0.249713,0.249315,0.251399,0.268625,0.432111,0.298226,0.016814,0.0943023,0.151316,0.592786,0.069412,0.00689782,0.0782039,0.0115453,0.055938,0.0559391,0.621461,0.147997,0.151687,0.461788,0.279633,0.0700752,0.0590749,
2.16,0.0935506,0.940238,0.609785,0.959761,0.259486,0.040946,0.0513259,0.0517502,0.0930266,0.243426,0.170618,0.169392,0.136944,0.0421666,0.11703,0.11703,0.117037,0.0957509,0.0957498,0.0957501,0.0478328,0.0431861,0.0178248,0.883479,0.000530584,0.0235941,0.165641,0.063311,0.0153617,0.0472621,0.939239,0.0517072,0.0515013,0.152471,0.191296,0.690558,0.184208,0.000202757,0.0164414,0.0219811,0.0670341,0.0443771,0.180811,0.296877,0.222288,0.0348756,0.054947,0.0549481,0.168306,0.128309,0.416984,0.592691,0.0363302,0.0673508,0.0446841,0.0446856,0.0446837,0.2476,0.247212,0.249269,0.282126,0.45069,0.306054,0.0168479,0.0986041,0.154455,0.595669,0.0715916,0.00756838,0.0766355,0.0157778,0.054947,0.0549481,0.633818,0.150919,0.142869,0.46365,0.273571,0.0687609,0.0587607,
2.165,0.0886462,0.930844,0.611405,0.958838,0.261389,0.0390314,0.0475462,0.0479845,0.0944649,0.244687,0.170836,0.170311,0.136378,0.0400724,0.118418,0.118418,0.118422,0.0950317,0.0950307,0.0950309,0.0490357,0.0443635,0.0179332,0.870366,0.000808967,0.0223513,0.165999,0.0647165,0.0148211,0.045996,0.943377,0.0479404,0.0477363,0.152527,0.194033,0.698704,0.185101,0.000600496,0.015615,0.0212431,0.062874,0.0448954,0.170398,0.277211,0.209288,0.0336233,0.0554461,0.0554472,0.160146,0.128665,0.425883,0.607652,0.0351518,0.0615333,0.0452951,0.0452966,0.0452946,0.251678,0.251287,0.253383,0.284135,0.455537,0.31089,0.016975,0.101545,0.158937,0.611058,0.0723696,0.00895687,0.0769369,0.0135455,0.0554461,0.0554472,0.646925,0.153734,0.136915,0.474612,0.274543,0.0693094,0.0597645,
2.17,0.0809042,0.922748,0.61462,0.962303,0.265912,0.0405574,0.0430163,0.043441,0.0939691,0.24028,0.169297,0.170215,0.134243,0.0366431,0.116502,0.116502,0.116503,0.0904645,0.0904635,0.0904637,0.0484687,0.0435809,0.0178798,0.857261,0.00054076,0.0197624,0.165041,0.0639612,0.0132838,0.0431974,0.930507,0.0433977,0.0432372,0.150384,0.188899,0.705149,0.183961,1.7139e-05,0.0144443,0.0196604,0.05694,0.043999,0.153407,0.248777,0.188956,0.032038,0.0536403,0.0536413,0.148198,0.125292,0.424251,0.600292,0.04186,0.0574775,0.0448189,0.0448204,0.0448184,0.245471,0.245096,0.247128,0.295207,0.466304,0.312539,0.0168595,0.104755,0.161103,0.60429,0.0729643,0.00958746,0.0744876,0.022005,0.0536403,0.0536413,0.64955,0.153773,0.127269,0.469243,0.264646,0.0670119,0.0584591,
2.175,0.0751064,0.907374,0.607725,0.953939,0.262183,0.0363067,0.038468,0.0388902,0.0939642,0.238151,0.1668,0.168266,0.131554,0.0342199,0.115739,0.115739,0.115737,0.0883941,0.0883931,0.0883934,0.0486748,0.0437789,0.017664,0.836087,0.000520994,0.0179361,0.162543,0.0639018,0.0120474,0.0413701,0.917835,0.0388466,0.0386984,0.148352,0.188144,0.705276,0.181715,0,0.0135248,0.0186604,0.0527732,0.0435975,0.142771,0.229519,0.175806,0.0303618,0.05319,0.0531909,0.139602,0.123278,0.423874,0.600473,0.0363605,0.0497781,0.0447116,0.0447131,0.0447111,0.244932,0.24456,0.246597,0.289317,0.463722,0.313051,0.0165493,0.103569,0.159317,0.605211,0.0728045,0.00901685,0.0733105,0.0135542,0.05319,0.0531909,0.647856,0.153834,0.120771,0.468997,0.261458,0.0663733,0.0583786,
2.18,0.0738654,0.934691,0.62159,0.985059,0.268675,0.0392845,0.0381928,0.0385785,0.0939414,0.236371,0.16781,0.170001,0.13212,0.0340348,0.113524,0.113524,0.113522,0.0854013,0.0854003,0.0854006,0.0478851,0.0426137,0.0178656,0.856604,0.000423347,0.017365,0.163749,0.0618718,0.0111936,0.0404547,0.913229,0.0385364,0.0384457,0.148857,0.181434,0.719927,0.182412,1.8067e-05,0.0135302,0.0180864,0.0525034,0.0430786,0.139447,0.227195,0.17288,0.0305752,0.0512522,0.0512531,0.140175,0.120933,0.416023,0.578645,0.0424834,0.0514029,0.0443165,0.044318,0.0443161,0.23598,0.235623,0.237571,0.302031,0.479461,0.315584,0.0163819,0.105026,0.156263,0.584279,0.0745901,0.00825009,0.0709422,0.0201059,0.0512522,0.0512531,0.642558,0.15305,0.120069,0.453577,0.252879,0.0639795,0.0564571,
2.185,0.0823253,0.896265,0.609416,0.951876,0.282431,0.0497068,0.0408994,0.0413194,0.0923754,0.231359,0.167789,0.170661,0.132618,0.0346662,0.115073,0.115072,0.115066,0.0858228,0.0858218,0.0858221,0.0475058,0.0424109,0.0175008,0.827982,0.00180988,0.0212398,0.165201,0.0617926,0.0202623,0.0408411,0.926258,0.0412787,0.0411865,0.149638,0.18271,0.704349,0.182747,1.73369e-05,0.013634,0.0192486,0.0474656,0.0433353,0.127357,0.203994,0.157693,0.0308331,0.0512315,0.0512325,0.129038,0.122295,0.427892,0.605076,0.0640163,0.0537276,0.044367,0.0443684,0.0443666,0.235093,0.234738,0.236707,0.323881,0.4838,0.310513,0.0177138,0.143098,0.200055,0.613644,0.074337,0.032084,0.0720185,0.0480051,0.0512315,0.0512325,0.681481,0.151469,0.111559,0.47071,0.249004,0.0641553,0.0568192,
2.19,0.0820486,0.909688,0.615388,0.966996,0.28631,0.0525872,0.0411473,0.0415401,0.0916299,0.228472,0.167661,0.170998,0.132469,0.0346399,0.112848,0.112847,0.112841,0.0833574,0.0833563,0.0833566,0.0465566,0.0412371,0.0175322,0.83824,0.00180061,0.0211176,0.165308,0.0598985,0.0201329,0.0401542,0.918749,0.041501,0.0414492,0.149255,0.176756,0.709135,0.182273,3.23883e-05,0.0136681,0.0188909,0.0472259,0.0427224,0.124844,0.202223,0.155424,0.0310026,0.0495336,0.0495346,0.129101,0.120079,0.419882,0.586425,0.0697885,0.0556416,0.0437872,0.0437886,0.0437868,0.227017,0.226675,0.228567,0.332639,0.492287,0.309826,0.0175772,0.14525,0.198926,0.595633,0.0751087,0.0326044,0.0700152,0.0549039,0.0495336,0.0495346,0.675086,0.149749,0.110685,0.4572,0.241294,0.0620729,0.0550649,
2.195,0.0817939,0.86477,0.59668,0.932034,0.289375,0.0538335,0.038044,0.0384572,0.0903983,0.22266,0.1644,0.168602,0.129522,0.0325946,0.112961,0.11296,0.112949,0.081673,0.081672,0.0816723,0.04648,0.0413136,0.0169748,0.793532,0.00269491,0.0218199,0.162929,0.0596982,0.0248927,0.0385556,0.911546,0.0384186,0.0383744,0.147297,0.177062,0.696158,0.179437,6.97047e-06,0.0127869,0.0186741,0.0396816,0.0423987,0.106411,0.16766,0.132363,0.029317,0.0491359,0.0491369,0.112886,0.118737,0.426374,0.603716,0.0758792,0.0481963,0.0436536,0.043655,0.0436532,0.226153,0.225814,0.227732,0.337092,0.48894,0.306014,0.0180534,0.168331,0.22508,0.615735,0.0744562,0.0475952,0.0695032,0.06117,0.0491359,0.0491369,0.696674,0.148321,0.098455,0.467827,0.235829,0.061626,0.0552756,
2.2,0.0702593,0.889786,0.614108,0.958488,0.287591,0.0549725,0.0357282,0.0361006,0.0899281,0.220551,0.163992,0.168971,0.128464,0.0301335,0.108746,0.108746,0.108737,0.0765283,0.0765273,0.0765276,0.0454614,0.0399707,0.0174293,0.81633,0.00158882,0.0176198,0.16233,0.0584763,0.0167118,0.0362753,0.891391,0.0360627,0.0360563,0.144296,0.167575,0.706491,0.178928,7.13165e-05,0.0120765,0.0165401,0.0404063,0.0413204,0.104748,0.169271,0.131412,0.0289015,0.0466157,0.0466165,0.115153,0.114629,0.411124,0.566648,0.0789232,0.0530011,0.042504,0.0425053,0.0425037,0.216279,0.215963,0.217731,0.342971,0.498869,0.307333,0.0171396,0.141562,0.19307,0.575062,0.0746517,0.029771,0.0661589,0.0688675,0.0466157,0.0466165,0.664174,0.148144,0.0990082,0.44289,0.226304,0.0583493,0.052548,
2.205,0.0818476,0.891742,0.608832,0.966495,0.297494,0.0552524,0.0366122,0.0369881,0.090899,0.221056,0.165391,0.170496,0.129937,0.0323468,0.111404,0.111404,0.11139,0.0788422,0.0788411,0.0788414,0.0460115,0.0404176,0.0170599,0.808617,0.00289925,0.021716,0.164167,0.0574801,0.0258617,0.0374935,0.909389,0.0369511,0.0369777,0.14869,0.171478,0.715591,0.180151,0,0.0127212,0.0182685,0.0377411,0.0420282,0.0991106,0.157818,0.124578,0.0291489,0.0473619,0.047363,0.110296,0.116468,0.421587,0.587673,0.0797585,0.0453815,0.0436229,0.0436243,0.0436225,0.21795,0.217624,0.219482,0.349611,0.507048,0.310424,0.0180101,0.17831,0.230329,0.602505,0.0770319,0.0518252,0.0671323,0.0621419,0.0473619,0.047363,0.700622,0.147828,0.0954041,0.456065,0.227142,0.0594538,0.0537497,
2.21,0.0635657,0.864712,0.608943,0.942662,0.292106,0.0607612,0.0327548,0.0331106,0.0874124,0.211178,0.160455,0.166918,0.125042,0.0269359,0.10475,0.104749,0.104737,0.0704273,0.0704263,0.0704266,0.0439208,0.0383148,0.0171914,0.792836,0.00177144,0.0160165,0.159801,0.0564685,0.0164195,0.0331967,0.867699,0.0330747,0.0331128,0.139911,0.158102,0.697231,0.175514,0.000108774,0.0109301,0.0149457,0.0340766,0.039922,0.0861307,0.138825,0.109209,0.0274544,0.0436233,0.0436241,0.101949,0.109695,0.40263,0.549265,0.0938271,0.0530376,0.0410965,0.0410977,0.0410962,0.2041,0.20381,0.205452,0.358149,0.504887,0.301861,0.0170496,0.148424,0.198606,0.557796,0.0739947,0.0337605,0.0626297,0.0901616,0.0436233,0.0436241,0.660096,0.145073,0.0877815,0.429655,0.210456,0.054624,0.0498586,
2.215,0.0683271,0.836491,0.60479,0.921094,0.305339,0.0694676,0.0341248,0.034516,0.0870419,0.20893,0.161611,0.168885,0.126123,0.0267792,0.10695,0.106949,0.106933,0.0708539,0.0708529,0.0708532,0.044174,0.0386762,0.0170926,0.772511,0.00280561,0.0184695,0.162179,0.0573833,0.0228308,0.0332755,0.88446,0.0344806,0.0345139,0.141148,0.160722,0.690863,0.177306,0.000116028,0.01079,0.0156141,0.029282,0.0404719,0.0744549,0.116373,0.0945345,0.0275131,0.0440018,0.0440027,0.0916806,0.11157,0.417048,0.577477,0.112312,0.0547904,0.0414921,0.0414933,0.0414918,0.205935,0.205645,0.207317,0.379199,0.512959,0.300997,0.0182339,0.177723,0.233565,0.587838,0.0742675,0.0515644,0.0640043,0.11466,0.0440018,0.0440027,0.697235,0.145736,0.0801091,0.448954,0.209063,0.0552256,0.0506945,
2.22,0.0524185,0.827193,0.617501,0.910291,0.30427,0.0785962,0.0335031,0.0338847,0.0845463,0.203274,0.160149,0.168471,0.124352,0.0228096,0.101946,0.101945,0.101933,0.0645038,0.0645029,0.0645031,0.0425214,0.0369981,0.017658,0.780178,0.00148609,0.0134238,0.161223,0.057623,0.0127814,0.0304172,0.860105,0.0338497,0.033875,0.134661,0.149864,0.678589,0.176287,0.000251426,0.00958787,0.0128382,0.0291195,0.0390904,0.0703998,0.113198,0.0900962,0.0271946,0.041175,0.0411756,0.0907456,0.107484,0.40297,0.545155,0.131304,0.0696611,0.0394132,0.0394143,0.039413,0.195743,0.195485,0.19695,0.394873,0.516693,0.295373,0.0175861,0.143888,0.199499,0.547479,0.071703,0.0304224,0.0611711,0.151298,0.041175,0.0411756,0.661177,0.145121,0.0783241,0.427993,0.197807,0.0515511,0.0474876,
2.225,0.0594963,0.821049,0.607791,0.90873,0.308663,0.0782018,0.0333672,0.0337413,0.0841822,0.200624,0.159177,0.167665,0.123784,0.023889,0.102213,0.102213,0.102197,0.0647211,0.0647202,0.0647204,0.0422807,0.0366926,0.017192,0.766372,0.00240727,0.0160017,0.160609,0.0558884,0.0190548,0.0306249,0.861006,0.0337077,0.0337663,0.136088,0.1497,0.678958,0.174973,0.00019942,0.0098575,0.0137573,0.026396,0.0390102,0.0639078,0.101307,0.0823167,0.0269467,0.0408566,0.0408573,0.0853816,0.106978,0.404475,0.550502,0.131307,0.0631125,0.0396603,0.0396613,0.03966,0.193056,0.192796,0.194295,0.396868,0.518718,0.294364,0.0179661,0.169108,0.223746,0.55761,0.0727998,0.0459941,0.0606666,0.145665,0.0408566,0.0408573,0.678846,0.142998,0.0740134,0.430005,0.19429,0.0512763,0.0474565,
2.23,0.0477001,0.801841,0.620898,0.88933,0.314315,0.0909383,0.0343642,0.0347596,0.082458,0.197134,0.159818,0.169415,0.123915,0.0205929,0.100099,0.100099,0.100085,0.0606539,0.060653,0.0606533,0.0414366,0.0359391,0.0178387,0.769418,0.00159282,0.0126658,0.162179,0.0577492,0.0124624,0.0287406,0.855933,0.0347258,0.0347541,0.131736,0.144051,0.666296,0.17653,0.000332598,0.00885354,0.0117882,0.0252585,0.0385074,0.0585396,0.0937264,0.0757761,0.0270897,0.0393837,0.0393842,0.0822273,0.105895,0.403294,0.543176,0.157201,0.0794606,0.0383396,0.0383405,0.0383394,0.188913,0.188677,0.190029,0.421038,0.525814,0.290571,0.0180874,0.149162,0.208,0.54284,0.0705564,0.0332749,0.060031,0.191573,0.0393837,0.0393842,0.667367,0.144363,0.071095,0.426871,0.188075,0.0493518,0.0458053,
2.235,0.0435351,0.816357,0.648745,0.921649,0.338367,0.10188,0.0322317,0.0326339,0.0846241,0.197891,0.164891,0.176829,0.126991,0.018024,0.10185,0.101849,0.10183,0.0574067,0.0574058,0.0574061,0.042308,0.0363591,0.0185121,0.781555,0.00209202,0.0118647,0.168588,0.0588395,0.0140318,0.026804,0.879998,0.0326004,0.032685,0.134757,0.142628,0.695735,0.182774,0.000379525,0.00798266,0.0107612,0.0183255,0.03925,0.0380248,0.0591621,0.0514901,0.0267284,0.0384459,0.0384463,0.0695721,0.10655,0.419437,0.559997,0.182051,0.0813784,0.0391771,0.039178,0.0391769,0.18691,0.186687,0.187997,0.462211,0.563527,0.301965,0.0191306,0.170945,0.231968,0.560836,0.0742042,0.0429993,0.0596134,0.223941,0.0384459,0.0384463,0.70761,0.149424,0.0607181,0.439892,0.181167,0.0482123,0.0457345,
2.24,0.0321083,0.780015,0.634115,0.877087,0.323434,0.103364,0.0316362,0.0320335,0.0805221,0.189871,0.158934,0.170684,0.122166,0.0152855,0.0963352,0.0963347,0.09632,0.0531092,0.0531085,0.0531087,0.0402545,0.0346288,0.018333,0.76133,0.00100536,0.00824065,0.1626,0.0582006,0.00628192,0.0248092,0.839846,0.0320005,0.0320471,0.126295,0.134002,0.66092,0.176628,0.000456621,0.00709852,0.00887545,0.0192979,0.0374068,0.0394254,0.0632646,0.0529474,0.0259325,0.0363488,0.0363491,0.0697472,0.101886,0.399368,0.52787,0.185364,0.0898075,0.0367557,0.0367565,0.0367555,0.17867,0.178467,0.179632,0.451616,0.54151,0.288169,0.0180919,0.137477,0.198085,0.522205,0.0693911,0.0247851,0.0571028,0.237844,0.0363488,0.0363491,0.659486,0.144994,0.0604104,0.417403,0.173128,0.0454684,0.0430188,
2.245,0.0311792,0.754158,0.639596,0.860494,0.33957,0.115118,0.0320875,0.0325219,0.0803738,0.187653,0.160968,0.174135,0.123542,0.0135279,0.0980545,0.0980539,0.0980355,0.0517748,0.051774,0.0517742,0.0405565,0.0349624,0.0185668,0.74683,0.00167473,0.0088851,0.166073,0.059881,0.00959944,0.0238814,0.856618,0.0324891,0.0325323,0.126648,0.134858,0.658839,0.179716,0.000505325,0.00645532,0.00858902,0.0135557,0.0379055,0.0241365,0.0353952,0.0340266,0.0257908,0.0362155,0.0362158,0.0577034,0.103299,0.414565,0.553351,0.210676,0.0951489,0.0369573,0.036958,0.0369571,0.179506,0.179311,0.18046,0.481685,0.556755,0.289229,0.0192455,0.158659,0.225525,0.547292,0.069711,0.0368099,0.058048,0.274393,0.0362155,0.0362158,0.694121,0.147243,0.0511672,0.435757,0.169634,0.0453725,0.0434117,
2.25,0.0222107,0.731726,0.62582,0.825693,0.322012,0.114817,0.0327285,0.0331437,0.076227,0.180405,0.155134,0.167621,0.119099,0.0120958,0.0920151,0.0920148,0.092002,0.0481718,0.0481711,0.0481713,0.0382242,0.0329074,0.0183618,0.737864,0.000463453,0.00577967,0.159846,0.0584044,0.00167749,0.0226244,0.814681,0.0331117,0.0331224,0.11879,0.125424,0.625629,0.173247,0.000571675,0.00605657,0.00710079,0.0172096,0.0359605,0.0323302,0.0522272,0.0440252,0.0255449,0.0340469,0.034047,0.0635805,0.098513,0.389335,0.511735,0.209062,0.104095,0.0344636,0.0344641,0.0344634,0.169943,0.169767,0.170767,0.465577,0.532622,0.274949,0.0179763,0.121521,0.18581,0.499506,0.0650735,0.0164483,0.0553155,0.280705,0.0340469,0.034047,0.637044,0.141813,0.0550669,0.406417,0.162306,0.042555,0.0403782,
2.255,0.0276059,0.704012,0.631672,0.802741,0.343006,0.131586,0.0371595,0.0376288,0.0762521,0.179422,0.159079,0.172583,0.122612,0.0126184,0.0951365,0.0951362,0.0951206,0.0489777,0.048977,0.0489772,0.0390327,0.033866,0.0187615,0.729058,0.0021021,0.00939135,0.165493,0.0605549,0.00833816,0.0233129,0.846343,0.0375971,0.0375841,0.12086,0.128434,0.618225,0.178207,0.0018892,0.00610881,0.00790876,0.0134339,0.0374301,0.0225201,0.033332,0.0316801,0.0266383,0.0346305,0.0346307,0.0557356,0.102495,0.409286,0.547449,0.242258,0.115298,0.0349409,0.0349415,0.0349408,0.172774,0.172601,0.173602,0.502941,0.54846,0.274375,0.0196975,0.152492,0.224924,0.534736,0.0654848,0.0352932,0.0578266,0.328837,0.0346305,0.0346307,0.683076,0.144143,0.0488689,0.431983,0.161939,0.0434364,0.0412959,
2.26,0.0246946,0.677906,0.618155,0.770603,0.338697,0.138909,0.0392575,0.0397006,0.0707582,0.167489,0.153679,0.167402,0.118769,0.011488,0.0886814,0.0886811,0.0886677,0.0439187,0.0439181,0.0439183,0.035383,0.0303166,0.0182682,0.715492,0.00121269,0.00815588,0.160759,0.0572698,0.00633618,0.0218134,0.808694,0.0396718,0.0396719,0.114277,0.115499,0.586238,0.172078,0.000693648,0.00588782,0.00699034,0.0136019,0.0348188,0.0208509,0.0338899,0.0301179,0.0267078,0.0311562,0.0311562,0.0543496,0.0966727,0.386142,0.508031,0.25653,0.125096,0.0322412,0.0322415,0.0322411,0.156386,0.156243,0.15706,0.507867,0.537693,0.258811,0.0191758,0.143565,0.214123,0.492663,0.061926,0.0308382,0.0541182,0.353151,0.0311562,0.0311562,0.649276,0.136658,0.0467569,0.4029,0.146326,0.0391655,0.0372577,
2.265,0.025482,0.706496,0.660035,0.804419,0.364337,0.1528,0.043232,0.043736,0.075407,0.179462,0.16501,0.179748,0.127649,0.0118089,0.0960694,0.0960691,0.0960552,0.047769,0.0477683,0.0477685,0.0381258,0.032909,0.0196751,0.757668,0.00131133,0.00877135,0.172954,0.063017,0.00670676,0.0235609,0.872512,0.0437044,0.0436677,0.121661,0.1261,0.617662,0.185206,0.000772908,0.00613526,0.00748444,0.0140957,0.0375988,0.0217972,0.0339257,0.0310344,0.028783,0.0340618,0.0340618,0.0564799,0.105053,0.420006,0.55794,0.282637,0.138775,0.0345075,0.0345079,0.0345074,0.171239,0.171085,0.171969,0.549182,0.572853,0.275258,0.02091,0.153192,0.233072,0.539347,0.065078,0.0331925,0.0593556,0.392544,0.0340618,0.0340618,0.702342,0.147409,0.0491887,0.441816,0.159502,0.0428087,0.0405879,
2.27,0.0217051,0.674208,0.629139,0.765137,0.34747,0.151396,0.0424686,0.0429133,0.0688806,0.163496,0.154768,0.169235,0.119809,0.0107703,0.0864993,0.0864991,0.0864873,0.0409995,0.0409988,0.040999,0.0340734,0.0289688,0.0186607,0.727043,0.000963959,0.00760856,0.16275,0.0570815,0.00445723,0.0211719,0.807288,0.0428858,0.0428866,0.112318,0.108895,0.577747,0.173385,0.000786405,0.00575982,0.0062709,0.0139099,0.034301,0.0192137,0.0336468,0.0286069,0.0276583,0.0294061,0.0294061,0.0546671,0.0956348,0.381762,0.495439,0.280507,0.139448,0.0311025,0.0311027,0.0311024,0.148824,0.148702,0.149387,0.532263,0.547539,0.254493,0.0194778,0.139626,0.211676,0.476295,0.0609699,0.027802,0.0531333,0.391623,0.0294061,0.0294061,0.644226,0.135792,0.046101,0.394808,0.138569,0.0370213,0.0352427,
2.275,0.0221767,0.70184,0.668718,0.796973,0.371649,0.165561,0.0465778,0.0470733,0.072721,0.173496,0.165048,0.180519,0.12791,0.0110732,0.0925643,0.0925641,0.0925521,0.0438919,0.0438912,0.0438914,0.0362425,0.0309736,0.0199733,0.768321,0.00100264,0.00810898,0.173908,0.0619529,0.00448198,0.022652,0.863308,0.0470437,0.0470157,0.118676,0.116883,0.605334,0.185229,0.000870122,0.0060099,0.00661619,0.0146255,0.0366534,0.0202577,0.0346925,0.0298283,0.0297051,0.0316122,0.0316122,0.0571626,0.102778,0.41025,0.535797,0.307083,0.153817,0.0329184,0.0329186,0.0329183,0.160258,0.16013,0.160849,0.57271,0.580863,0.268536,0.0210326,0.147458,0.227542,0.513339,0.0637463,0.0292826,0.0574834,0.43187,0.0316122,0.0316122,0.689523,0.145053,0.0485107,0.42666,0.1487,0.0397991,0.0377648,
2.28,0.0189215,0.671794,0.640228,0.759811,0.356853,0.16606,0.0463055,0.0467399,0.0663608,0.157327,0.155229,0.170564,0.120443,0.0101469,0.0827055,0.0827053,0.0826955,0.0367677,0.0367671,0.0367672,0.0324731,0.0272668,0.0190172,0.740786,0.000781925,0.00701973,0.164218,0.0558282,0.00238082,0.0202694,0.798757,0.0467146,0.0467291,0.109396,0.0987336,0.566231,0.173814,0.00175191,0.00566404,0.0053579,0.0144244,0.033294,0.0172961,0.0341097,0.0270222,0.0287591,0.0267348,0.0267346,0.0555582,0.0932551,0.371479,0.471132,0.30856,0.156298,0.0294105,0.0294105,0.0294105,0.136634,0.136541,0.137041,0.5602,0.558363,0.24758,0.019669,0.134917,0.207108,0.44787,0.05975,0.0242918,0.0511699,0.436188,0.0267348,0.0267346,0.631927,0.133325,0.0453135,0.378258,0.126298,0.0337452,0.0321249,
2.285,0.0259205,0.71268,0.68861,0.807124,0.391469,0.183688,0.0527337,0.0532321,0.0714402,0.170724,0.169194,0.185622,0.131774,0.0121437,0.0917911,0.0917909,0.0917795,0.0421003,0.0420997,0.0420999,0.0350049,0.0295569,0.0205225,0.794572,0.00129849,0.00994211,0.179417,0.0614587,0.00673215,0.0231299,0.879837,0.0532045,0.0531956,0.119975,0.110947,0.605648,0.189565,0.000963312,0.00652334,0.00686681,0.0153574,0.0366898,0.019276,0.0360959,0.0294865,0.0317944,0.0299818,0.0299817,0.0589342,0.103503,0.411721,0.530996,0.341042,0.171569,0.0322855,0.0322856,0.0322855,0.152093,0.151984,0.152577,0.612745,0.603552,0.266873,0.0220235,0.161036,0.243285,0.506635,0.0644437,0.0359279,0.0572528,0.481694,0.0299818,0.0299817,0.704748,0.144781,0.048692,0.423947,0.140849,0.0379233,0.0359371,
2.29,0.0152388,0.662029,0.649683,0.747427,0.365053,0.179306,0.0499484,0.0503912,0.0638862,0.152858,0.156097,0.172111,0.121368,0.00927952,0.0806259,0.0806258,0.0806179,0.033977,0.0339764,0.0339765,0.030668,0.0255089,0.0194149,0.74979,0.000385166,0.00646728,0.166092,0.0560039,0.000223281,0.0196531,0.79746,0.0503669,0.0503707,0.106974,0.0924163,0.553231,0.174992,0.000994911,0.00551297,0.004644,0.0149178,0.032798,0.0162481,0.0347189,0.0261292,0.0297747,0.0250531,0.0250528,0.0558145,0.0924374,0.367691,0.460704,0.333922,0.172055,0.0281745,0.0281745,0.0281746,0.129616,0.129543,0.129911,0.584554,0.565921,0.242134,0.020015,0.129554,0.204211,0.433028,0.0582803,0.0206638,0.0503746,0.477677,0.0250531,0.0250528,0.626437,0.132429,0.0448065,0.37172,0.119313,0.0316876,0.0301842,
2.295,0.0285468,0.725994,0.705608,0.819588,0.407515,0.199176,0.0578552,0.0583418,0.0700357,0.166872,0.172045,0.189333,0.134486,0.0132093,0.0897488,0.0897487,0.089738,0.0393791,0.0393784,0.0393786,0.0337424,0.0280767,0.0210013,0.819234,0.00183841,0.0116477,0.18339,0.0600256,0.00826407,0.0231901,0.887189,0.0583165,0.058339,0.120379,0.102895,0.605765,0.192319,0.00179265,0.00696093,0.00686423,0.016192,0.0365915,0.0181495,0.0379649,0.0291957,0.0335222,0.0277834,0.0277833,0.0612884,0.102907,0.407268,0.515599,0.370018,0.186907,0.0313999,0.0313998,0.0313999,0.14123,0.141144,0.141593,0.64678,0.623388,0.264149,0.0226539,0.171043,0.252798,0.489733,0.0652104,0.0409211,0.0559616,0.524021,0.0277834,0.0277833,0.709822,0.14338,0.048908,0.413396,0.130643,0.0353114,0.0334796,
2.3,0.0229942,0.706085,0.680682,0.793718,0.39172,0.198276,0.0566387,0.0570475,0.0631983,0.14993,0.161832,0.17914,0.126535,0.0116585,0.078849,0.0788488,0.0788405,0.0310829,0.0310823,0.0310825,0.0290117,0.023293,0.0200222,0.798055,0.000939959,0.00934875,0.17321,0.0531981,0.00445908,0.0202375,0.816263,0.0570269,0.0571105,0.110726,0.082353,0.57146,0.180374,0.00116226,0.00651289,0.00520775,0.0161722,0.0326679,0.0148762,0.0381451,0.0263774,0.0324043,0.0221989,0.0221986,0.0599971,0.0919693,0.363934,0.440502,0.369055,0.188359,0.0276618,0.0276616,0.0276619,0.114699,0.114653,0.114856,0.633171,0.603381,0.244172,0.0210035,0.153466,0.225471,0.413976,0.0614799,0.0320937,0.0485317,0.524372,0.0221989,0.0221986,0.644533,0.131239,0.0458987,0.357608,0.105892,0.0283605,0.0271691,
2.305,0.0264032,0.7441,0.733932,0.838778,0.425154,0.214343,0.0618336,0.0623313,0.0701034,0.167818,0.177353,0.195743,0.138778,0.0126863,0.0901406,0.0901405,0.0901309,0.0378646,0.0378639,0.0378641,0.0331912,0.0273193,0.0218235,0.851702,0.00124928,0.0109097,0.189717,0.0613525,0.00641119,0.0231766,0.907685,0.0623064,0.0623331,0.121841,0.099842,0.615516,0.198323,0.00115013,0.0070172,0.00637265,0.01695,0.0367861,0.0174636,0.0392701,0.0289603,0.0351661,0.0269801,0.0269799,0.0630923,0.104399,0.413589,0.516988,0.39887,0.203496,0.0312145,0.0312143,0.0312145,0.138363,0.138292,0.13864,0.683448,0.648161,0.267738,0.0234401,0.170678,0.255857,0.487303,0.0660239,0.0380846,0.0564727,0.568507,0.0269801,0.0269799,0.722751,0.14632,0.0497557,0.416363,0.127433,0.0343595,0.0326092,
2.31,0.0218966,0.73419,0.704303,0.823627,0.405619,0.209435,0.0593675,0.059754,0.0628296,0.14836,0.16514,0.183449,0.129176,0.011702,0.0770214,0.0770213,0.0770136,0.0280361,0.0280354,0.0280356,0.0279637,0.0218885,0.0205949,0.830433,0.000764592,0.00910986,0.177244,0.0520832,0.0032731,0.0197385,0.822417,0.059735,0.0598617,0.111604,0.0749519,0.583863,0.183693,0.00114283,0.00667896,0.00466013,0.0169243,0.0324129,0.0133444,0.0396285,0.0257202,0.0336396,0.0201525,0.0201522,0.0624911,0.090933,0.35959,0.422344,0.390242,0.199771,0.0270956,0.0270952,0.0270957,0.105357,0.105331,0.105404,0.662263,0.626615,0.246245,0.0213001,0.154923,0.225088,0.394332,0.0630085,0.0307883,0.0469219,0.55504,0.0201525,0.0201522,0.64519,0.131467,0.0464926,0.345659,0.0970993,0.0258676,0.0250023,
2.315,0.035685,0.796988,0.77621,0.896259,0.458826,0.234879,0.06919,0.0696807,0.0716994,0.170708,0.187028,0.206829,0.147013,0.0154433,0.0921025,0.0921023,0.0920915,0.0376092,0.0376084,0.0376086,0.0329944,0.0265548,0.022826,0.910265,0.00195058,0.0143554,0.20086,0.0609843,0.0116727,0.0247188,0.952238,0.0696579,0.0697451,0.129013,0.0964613,0.646721,0.208306,0.00122646,0.0081579,0.0074304,0.0182128,0.037936,0.0169656,0.0424722,0.0299348,0.0383002,0.0259343,0.0259342,0.067683,0.107708,0.425161,0.522365,0.436789,0.220634,0.0319545,0.0319542,0.0319546,0.132178,0.132123,0.132381,0.740018,0.694917,0.277066,0.0250538,0.20038,0.28657,0.493747,0.0705694,0.0520433,0.0571659,0.618813,0.0259343,0.0259342,0.764273,0.149548,0.0518484,0.421434,0.122092,0.0332876,0.0316591,
2.32,0.0214255,0.771396,0.731502,0.863282,0.420786,0.220222,0.0620571,0.0624149,0.062928,0.147606,0.169109,0.18846,0.132314,0.0120159,0.0753111,0.0753109,0.0753038,0.0250396,0.0250389,0.0250391,0.0270555,0.0205386,0.0212243,0.869052,0.000610272,0.00896078,0.181868,0.0507427,0.00221992,0.0193367,0.830833,0.0623977,0.062578,0.113284,0.0674217,0.601932,0.187609,0.00120999,0.00694598,0.00417562,0.0179568,0.0322398,0.0122815,0.0423312,0.0258195,0.03499,0.0180671,0.0180667,0.0659213,0.0899637,0.355219,0.402605,0.410559,0.210572,0.0266895,0.026689,0.0266897,0.0956737,0.0956688,0.0956111,0.692434,0.653318,0.250044,0.0215907,0.157415,0.224848,0.373648,0.0651912,0.0297002,0.0452021,0.583516,0.0180671,0.0180667,0.647037,0.132015,0.0476885,0.332652,0.0882235,0.0233308,0.0228142,
2.325,0.0423081,0.83812,0.806673,0.940374,0.48295,0.250025,0.0745991,0.0750739,0.0726643,0.17168,0.193581,0.214445,0.152622,0.0173933,0.092584,0.0925837,0.0925722,0.0365477,0.0365468,0.036547,0.0324248,0.0255215,0.0235228,0.954035,0.00278044,0.0168553,0.208446,0.0599194,0.0158773,0.0255569,0.978789,0.075053,0.0751971,0.133701,0.0917704,0.668876,0.214842,0.00188713,0.00901299,0.00808446,0.0199064,0.0386849,0.016447,0.0450471,0.030853,0.0406369,0.0245354,0.0245353,0.0712472,0.109605,0.429212,0.517751,0.464537,0.233226,0.0321845,0.0321841,0.0321846,0.124626,0.124586,0.124752,0.781174,0.729139,0.282692,0.0260929,0.220999,0.306335,0.490043,0.073967,0.0618719,0.0568228,0.655497,0.0245354,0.0245353,0.788659,0.150862,0.0536881,0.418873,0.11542,0.0317166,0.0303303,
2.33,0.0216991,0.782302,0.742013,0.873013,0.429124,0.229442,0.0649593,0.0652985,0.0617843,0.144164,0.17019,0.190106,0.1334,0.0122106,0.0729547,0.0729545,0.0729482,0.02232,0.0223193,0.0223195,0.0256625,0.0189639,0.021479,0.885641,0.000995775,0.00933395,0.183536,0.0491864,0.00269466,0.0189261,0.82727,0.065283,0.0654933,0.112619,0.0601027,0.601166,0.18841,0.00201457,0.00715755,0.0038842,0.0195352,0.03192,0.0118006,0.0443455,0.0262969,0.0360409,0.0160506,0.0160501,0.0676347,0.0889419,0.347351,0.383074,0.42758,0.220219,0.0257466,0.0257459,0.0257467,0.0860571,0.0860721,0.0858946,0.711966,0.664807,0.247209,0.0217483,0.158813,0.22446,0.352834,0.0655055,0.0300301,0.0434762,0.608848,0.0160506,0.0160501,0.641088,0.13019,0.0484159,0.31898,0.0792892,0.0208837,0.020637,
2.335,0.0462321,0.814147,0.800962,0.912184,0.489737,0.261756,0.0793047,0.0797922,0.0694143,0.165399,0.192816,0.213883,0.15276,0.018259,0.0908721,0.0908719,0.0908611,0.0354572,0.0354563,0.0354566,0.0308401,0.0241073,0.0234044,0.947105,0.00281264,0.0187665,0.208759,0.0590862,0.0182474,0.0259693,0.977127,0.0797733,0.0799041,0.13184,0.0871909,0.646108,0.214019,0.00133924,0.00931202,0.00850112,0.0192882,0.037911,0.0157105,0.0449775,0.0298214,0.0416514,0.0233338,0.0233337,0.0703805,0.108633,0.426025,0.514396,0.486718,0.245132,0.0310487,0.0310482,0.0310489,0.118101,0.118074,0.118156,0.799245,0.728317,0.273203,0.0266731,0.231918,0.32033,0.485235,0.0720417,0.0690746,0.056604,0.689389,0.0233338,0.0233337,0.792223,0.147523,0.052,0.41588,0.109032,0.0303556,0.0287667,
2.34,0.0229602,0.743639,0.724949,0.829591,0.427245,0.235751,0.0674782,0.0678314,0.058028,0.13682,0.16674,0.186554,0.131222,0.0122338,0.0706359,0.0706357,0.0706303,0.0211129,0.0211122,0.0211124,0.0241184,0.0177315,0.0210782,0.86219,0.000780212,0.0102668,0.180817,0.0483885,0.00361314,0.0188187,0.813387,0.0678174,0.0680006,0.108793,0.0562209,0.570383,0.184844,0.00130099,0.00710251,0.00396838,0.0180813,0.0307576,0.0102414,0.0418632,0.0238189,0.0361244,0.0150531,0.0150527,0.0648915,0.0868216,0.341154,0.378299,0.439998,0.227231,0.0244066,0.0244059,0.0244068,0.0808946,0.0809189,0.0806794,0.71556,0.652086,0.235306,0.0219038,0.162672,0.231112,0.346473,0.0624049,0.0339198,0.042972,0.629609,0.0150531,0.0150527,0.634343,0.125961,0.045534,0.314596,0.0738503,0.0197165,0.0192681,
2.345,0.0463981,0.805133,0.799713,0.900971,0.492936,0.268719,0.0815297,0.0820106,0.067257,0.160455,0.191817,0.213169,0.152262,0.0182502,0.088491,0.0884908,0.0884808,0.0333125,0.0333117,0.0333119,0.0294572,0.0227385,0.0233677,0.946429,0.00284156,0.0191401,0.208338,0.0578317,0.0185075,0.0255814,0.968259,0.0819931,0.0821315,0.129808,0.0814132,0.633917,0.212812,0.001382,0.00935398,0.00828839,0.0193301,0.0371782,0.0144563,0.0445779,0.0286353,0.0421363,0.021768,0.0217678,0.0700274,0.106901,0.41864,0.50061,0.499996,0.25258,0.0299798,0.0299792,0.02998,0.110553,0.110541,0.110531,0.81039,0.729326,0.267019,0.0267578,0.233414,0.321671,0.470178,0.070982,0.0702485,0.0553042,0.710019,0.021768,0.0217678,0.78502,0.144789,0.0509987,0.405784,0.101702,0.0284628,0.0269644,
2.35,0.0304872,0.733687,0.731736,0.816322,0.441774,0.24975,0.073122,0.0735083,0.0585147,0.137245,0.170326,0.190474,0.134805,0.0139047,0.0722166,0.0722165,0.0722111,0.0225139,0.0225132,0.0225134,0.0256233,0.0192937,0.0213786,0.868389,0.00176372,0.0128755,0.185338,0.04948,0.00792595,0.0203562,0.835567,0.073495,0.0736551,0.110491,0.0575601,0.56297,0.1888,0.00466741,0.00763262,0.00487176,0.0183152,0.0313347,0.0109277,0.0421983,0.0242981,0.0378245,0.0156039,0.0156036,0.0655199,0.0898921,0.351162,0.39532,0.465828,0.24059,0.0244296,0.0244289,0.0244299,0.0820878,0.0821177,0.0818508,0.742946,0.662056,0.232775,0.0230702,0.179354,0.253512,0.361808,0.0620829,0.043784,0.045298,0.668155,0.0156039,0.0156036,0.65854,0.126646,0.0455792,0.327336,0.0737044,0.0205336,0.0195233,
2.355,0.051774,0.770746,0.790808,0.861504,0.500499,0.281489,0.0870288,0.0875403,0.0643482,0.155104,0.19148,0.212896,0.152879,0.0192587,0.0880797,0.0880796,0.0880701,0.0334172,0.0334164,0.0334166,0.0281971,0.021777,0.0232493,0.932882,0.00339657,0.0217771,0.209167,0.0579159,0.022651,0.0264211,0.972395,0.0875241,0.0876298,0.128267,0.079569,0.606498,0.212588,0.00143686,0.00971467,0.00906053,0.0191441,0.0369666,0.0140821,0.0434705,0.0278108,0.0433452,0.0212964,0.0212963,0.0682223,0.10778,0.420543,0.508694,0.523842,0.265176,0.0290679,0.0290672,0.0290681,0.107397,0.107394,0.107331,0.828788,0.725723,0.256977,0.027621,0.247714,0.341307,0.476539,0.0687134,0.0802133,0.0561822,0.747015,0.0212964,0.0212963,0.796108,0.142064,0.0494261,0.410934,0.0982488,0.0280256,0.0262294,
2.36,0.0345835,0.84763,0.798145,0.941358,0.476435,0.263092,0.0771834,0.0775061,0.0616197,0.143625,0.182263,0.204214,0.144078,0.0162591,0.0732763,0.0732759,0.0732694,0.0203085,0.0203077,0.0203079,0.0241108,0.0166688,0.0227878,0.96688,0.00145634,0.0142363,0.198071,0.0475313,0.00897923,0.0209029,0.879672,0.0774948,0.0777894,0.120487,0.0503279,0.631715,0.200696,0.00140892,0.00881961,0.00517134,0.0212267,0.0325208,0.0119121,0.0521803,0.0286807,0.0407695,0.0133099,0.0133095,0.0751749,0.0912985,0.355514,0.376624,0.489946,0.250796,0.0257608,0.0257599,0.025761,0.0710575,0.071104,0.0707225,0.797089,0.727799,0.25395,0.0239403,0.198457,0.265366,0.346484,0.0704503,0.0485431,0.0433568,0.694364,0.0133099,0.0133095,0.688489,0.131955,0.05107,0.315867,0.0661605,0.0178346,0.0176594,
2.365,0.0559484,0.808262,0.821207,0.901896,0.522451,0.295773,0.0917167,0.0922175,0.0651358,0.156314,0.197694,0.220169,0.158088,0.0206637,0.0885274,0.0885272,0.0885174,0.0322959,0.032295,0.0322953,0.0278016,0.020967,0.0239837,0.974849,0.00366835,0.0233717,0.216359,0.0574449,0.0247283,0.0270543,0.997806,0.0922028,0.0923531,0.132288,0.075457,0.627253,0.218983,0.00150195,0.010351,0.00939189,0.0201563,0.0374987,0.01358,0.0460919,0.0284154,0.0453877,0.0201129,0.0201128,0.0716706,0.10921,0.425207,0.505452,0.550378,0.278006,0.0292786,0.0292777,0.0292788,0.101317,0.101328,0.101175,0.867678,0.757802,0.262731,0.0285421,0.262604,0.356134,0.473192,0.0715799,0.0863753,0.0560505,0.783226,0.0201129,0.0201128,0.817382,0.143974,0.0509042,0.409684,0.0928081,0.0266839,0.0250482,
2.37,0.0380201,0.828435,0.78439,0.915754,0.473676,0.268137,0.0792449,0.0795499,0.0597171,0.136674,0.178712,0.200593,0.141786,0.016927,0.0689536,0.0689533,0.0689479,0.0178009,0.0178001,0.0178003,0.0244024,0.0169885,0.0223641,0.953638,0.00215416,0.0148818,0.194713,0.0447579,0.0101875,0.0206527,0.855259,0.0795413,0.0798463,0.116615,0.0425162,0.609149,0.196363,0.00607555,0.00891986,0.00500985,0.0213284,0.0310274,0.0115573,0.0528042,0.0282556,0.0409433,0.0114494,0.011449,0.0753585,0.0879093,0.339748,0.350884,0.499233,0.256645,0.0240597,0.0240587,0.02406,0.0606671,0.0607336,0.0602384,0.79929,0.718548,0.241933,0.0236834,0.199112,0.264228,0.319716,0.0682139,0.0503465,0.0415583,0.709166,0.0114494,0.011449,0.668265,0.126125,0.0498216,0.296707,0.0551005,0.0155703,0.0151025,
2.375,0.0510182,0.805272,0.817778,0.896339,0.51806,0.298273,0.0915775,0.0920417,0.0625684,0.149221,0.194243,0.216998,0.155283,0.0194541,0.0833422,0.083342,0.0833339,0.0276005,0.0275996,0.0275999,0.0256902,0.0187675,0.0238451,0.97377,0.0036345,0.0218245,0.213003,0.0546696,0.0220639,0.0253467,0.967136,0.0920291,0.0922102,0.127736,0.0646765,0.614991,0.214861,0.00229462,0.0100378,0.00822548,0.0212407,0.0361299,0.011922,0.0463918,0.0273601,0.0451815,0.0171792,0.017179,0.0718217,0.104868,0.405102,0.467413,0.555301,0.282392,0.0274453,0.0274443,0.0274455,0.0880089,0.0880442,0.0877433,0.868504,0.754226,0.25475,0.027816,0.249547,0.338348,0.433314,0.0702208,0.0791868,0.0524024,0.792682,0.0171792,0.017179,0.785029,0.139348,0.0503453,0.382242,0.0801736,0.0230047,0.0218217,
2.38,0.038489,0.785593,0.76541,0.869034,0.472952,0.275846,0.0826756,0.0829922,0.0538979,0.126637,0.174669,0.196466,0.139248,0.0167449,0.0663613,0.0663611,0.0663564,0.0159458,0.015945,0.0159452,0.0199589,0.012939,0.0219072,0.928573,0.00190024,0.0165536,0.191791,0.0435024,0.0124951,0.0202442,0.839405,0.0829852,0.083269,0.112421,0.0368096,0.573258,0.192122,0.00147293,0.00897706,0.0052852,0.0207106,0.0300332,0.00944569,0.0500494,0.0257127,0.0412818,0.00966862,0.0096682,0.0715183,0.0858472,0.331712,0.343944,0.514118,0.264408,0.022452,0.0224509,0.0224522,0.05244,0.0525173,0.0519476,0.804816,0.705509,0.228369,0.0239314,0.206565,0.274082,0.311862,0.0651044,0.0569615,0.0401175,0.733256,0.00966862,0.0096682,0.662063,0.120817,0.0469405,0.290052,0.0481645,0.0134797,0.0132736,
2.385,0.0568485,0.786332,0.814335,0.872445,0.524935,0.308957,0.0956763,0.0961574,0.0618556,0.146228,0.194536,0.217468,0.156188,0.0206979,0.0823616,0.0823615,0.0823539,0.0274692,0.0274683,0.0274686,0.0271526,0.0203098,0.0238023,0.968666,0.00417206,0.0234441,0.213979,0.0543465,0.0243615,0.0262024,0.969833,0.0961463,0.0963103,0.126747,0.0625239,0.598524,0.215147,0.00633163,0.0103103,0.008629,0.0203579,0.035533,0.0117186,0.0460366,0.0265187,0.0461018,0.01689,0.0168898,0.0718646,0.10471,0.405075,0.468582,0.575406,0.293282,0.0267018,0.0267008,0.0267021,0.0850327,0.0850789,0.0847149,0.885637,0.754731,0.247411,0.0284109,0.259481,0.351805,0.432697,0.0686209,0.085478,0.0533113,0.823423,0.01689,0.0168898,0.791292,0.137273,0.048978,0.383156,0.0756691,0.0227397,0.0209346,
2.39,0.0465658,0.754647,0.755172,0.830342,0.478744,0.286562,0.0890191,0.0893731,0.0515873,0.123665,0.174997,0.196371,0.140616,0.0187834,0.0672072,0.0672071,0.0672035,0.0180263,0.0180255,0.0180257,0.0191393,0.0124831,0.0217747,0.917891,0.00249987,0.0199479,0.193011,0.0441026,0.0174039,0.0220445,0.849928,0.0893668,0.0896032,0.112099,0.0380948,0.546538,0.192501,0.00150999,0.00968782,0.00664709,0.0220919,0.0302191,0.0140592,0.0567163,0.0307393,0.0428406,0.0101513,0.010151,0.0728828,0.0881864,0.336425,0.358814,0.532977,0.276144,0.021961,0.0219599,0.0219613,0.0530848,0.0531621,0.0525851,0.817482,0.698434,0.219258,0.0248527,0.221077,0.294538,0.325368,0.0629013,0.0673383,0.0421021,0.762798,0.0101513,0.010151,0.675763,0.118671,0.048185,0.300049,0.0494677,0.0142409,0.0134239,
2.395,0.0592244,0.793196,0.82717,0.881176,0.539413,0.320145,0.100011,0.100499,0.0596796,0.143997,0.197529,0.221033,0.158979,0.021464,0.0830052,0.083005,0.0829972,0.0269659,0.0269649,0.0269652,0.0241146,0.0172355,0.0241361,0.985851,0.00395102,0.0254644,0.218153,0.0543432,0.0270135,0.026628,0.987157,0.100489,0.100665,0.128639,0.0600251,0.599649,0.218405,0.0016383,0.0107928,0.00921925,0.0207708,0.0359252,0.0108888,0.0467652,0.0262932,0.0475838,0.0159254,0.0159252,0.0720601,0.105906,0.409807,0.473515,0.59637,0.303159,0.0266328,0.0266317,0.0266331,0.0807316,0.0807839,0.0803722,0.911731,0.770606,0.247902,0.0292631,0.274417,0.368753,0.437799,0.0695794,0.0934516,0.0531843,0.852944,0.0159254,0.0159252,0.810191,0.137581,0.0490292,0.386537,0.0730245,0.021686,0.020227,
2.4,0.0517035,0.751935,0.7568,0.823359,0.485538,0.29486,0.0934476,0.0938073,0.0502408,0.121604,0.176113,0.197448,0.142173,0.0203389,0.0668465,0.0668465,0.0668438,0.0183041,0.0183033,0.0183035,0.018275,0.0116662,0.0218341,0.925101,0.0027905,0.0219698,0.194718,0.0435797,0.0199952,0.0230335,0.856292,0.0938022,0.0940339,0.112497,0.0360039,0.537483,0.193458,0.00154336,0.0102772,0.00736087,0.0236413,0.0301714,0.0174731,0.0635604,0.0350879,0.0441642,0.00966301,0.00966271,0.0757143,0.0888874,0.335641,0.357505,0.547559,0.285222,0.0215154,0.0215142,0.0215157,0.0496257,0.0497092,0.0490871,0.831403,0.701675,0.214996,0.0253603,0.229866,0.304874,0.32345,0.0624237,0.0728241,0.0424304,0.784368,0.00966301,0.00966271,0.68122,0.117084,0.0499499,0.298926,0.047097,0.0137468,0.0126717,
2.405,0.06063,0.756265,0.806435,0.838583,0.534251,0.324023,0.102038,0.102529,0.0559446,0.136048,0.193058,0.216274,0.155984,0.0215296,0.0799288,0.0799287,0.0799219,0.0253778,0.0253769,0.0253772,0.0222951,0.0157089,0.0236089,0.960331,0.0041306,0.0264014,0.214153,0.0527358,0.0284614,0.0263367,0.965453,0.10252,0.102679,0.124264,0.0549075,0.567861,0.213485,0.00165858,0.0107845,0.00928826,0.0204483,0.0347424,0.0102002,0.045769,0.025194,0.0475453,0.0145726,0.0145725,0.0698758,0.103414,0.39884,0.460865,0.60373,0.307815,0.0250879,0.0250867,0.0250882,0.0737201,0.0737835,0.073304,0.90904,0.7543,0.234843,0.029158,0.276031,0.37116,0.424119,0.0664942,0.0966232,0.0519359,0.866004,0.0145726,0.0145725,0.795499,0.132187,0.047003,0.376194,0.0661913,0.0200665,0.0185192,
2.41,0.0554881,0.783094,0.775659,0.853336,0.497055,0.302846,0.0971786,0.0975206,0.0504403,0.122242,0.179739,0.201429,0.145409,0.0219581,0.0663908,0.0663907,0.0663889,0.0177211,0.0177202,0.0177204,0.0176838,0.0107905,0.0222577,0.957851,0.00284292,0.023175,0.198738,0.0425702,0.0209178,0.0237832,0.868572,0.0975168,0.0977806,0.114977,0.0321565,0.549891,0.19687,0.00158066,0.0109564,0.00773561,0.0260153,0.0303089,0.0214313,0.0734298,0.0408729,0.0457659,0.00867637,0.00867606,0.0815086,0.0893404,0.333763,0.34679,0.561401,0.293989,0.021449,0.0214477,0.0214493,0.0440673,0.0441605,0.0434685,0.852038,0.719641,0.217482,0.0257336,0.235709,0.309063,0.312685,0.0641382,0.0747053,0.0419642,0.803009,0.00867637,0.00867606,0.686225,0.117254,0.0534831,0.291864,0.0432846,0.0126086,0.0114955,
2.415,0.0719227,0.748533,0.810974,0.827742,0.550735,0.338253,0.109187,0.10971,0.0576091,0.137343,0.197635,0.220759,0.160442,0.0260943,0.0823258,0.0823257,0.0823184,0.0275412,0.0275402,0.0275405,0.0248692,0.0184318,0.0243467,0.967109,0.00848836,0.0343739,0.219703,0.0533468,0.0373155,0.0286105,0.999201,0.109703,0.109843,0.127682,0.0566915,0.561705,0.218167,0.00850603,0.0118101,0.0110502,0.0216708,0.0382073,0.0118309,0.0480097,0.0275291,0.049636,0.0151282,0.0151283,0.0738828,0.108763,0.410096,0.481596,0.628865,0.319713,0.0257622,0.025761,0.0257626,0.074222,0.0742807,0.0738017,0.936601,0.765317,0.232585,0.0305606,0.306448,0.40322,0.445224,0.0683437,0.118103,0.0541427,0.901951,0.0151282,0.0151283,0.827509,0.133079,0.048465,0.390692,0.0669322,0.0209082,0.0189386,
2.42,0.0601854,0.685534,0.725756,0.746961,0.48645,0.308341,0.100305,0.100696,0.0461413,0.111043,0.171995,0.192757,0.140139,0.0233181,0.0641302,0.0641303,0.0641285,0.0175714,0.0175706,0.0175708,0.0179172,0.011911,0.0215555,0.885093,0.0062711,0.0287663,0.19184,0.0420115,0.0276763,0.0239774,0.845908,0.100694,0.100878,0.107876,0.0307554,0.484511,0.188847,0.00685308,0.0107752,0.00852364,0.0232547,0.0310416,0.0165328,0.0612043,0.0335514,0.0451071,0.00834786,0.00834779,0.074265,0.0888694,0.328082,0.356107,0.57223,0.298184,0.0198066,0.0198053,0.019807,0.0413146,0.0414079,0.0407039,0.841548,0.68143,0.194085,0.0260663,0.251227,0.328604,0.320645,0.0589315,0.091678,0.0422713,0.823852,0.00834786,0.00834779,0.680354,0.110086,0.0471158,0.295754,0.0387384,0.0122711,0.0107661,
2.425,0.0804207,0.637393,0.745974,0.699795,0.532273,0.341705,0.114346,0.114919,0.0499306,0.122858,0.186887,0.208284,0.153574,0.027581,0.079048,0.0790481,0.0790427,0.028824,0.0288231,0.0288234,0.022219,0.016869,0.0228419,0.88542,0.00951707,0.0386086,0.209677,0.0519203,0.0440284,0.0297064,0.961932,0.114913,0.114952,0.118863,0.0551691,0.4767,0.206642,0.00890462,0.0120966,0.0125303,0.0213469,0.0366113,0.0151264,0.0494865,0.0296092,0.0494244,0.0149099,0.0149102,0.0689318,0.106837,0.397447,0.484985,0.634419,0.325113,0.0232386,0.0232373,0.0232389,0.0707531,0.0708123,0.0703274,0.912973,0.710325,0.201636,0.030674,0.316855,0.420266,0.447178,0.0601115,0.131521,0.0546564,0.915862,0.0149099,0.0149102,0.808922,0.121983,0.0452511,0.389477,0.0637576,0.0207966,0.0179736,
2.43,0.0700419,0.594906,0.666891,0.640867,0.468689,0.310201,0.102731,0.103138,0.0406661,0.0969856,0.160809,0.180551,0.132696,0.0231491,0.058536,0.0585362,0.0585355,0.0169607,0.0169599,0.0169601,0.0179222,0.0125073,0.0195827,0.810895,0.00565063,0.028371,0.180817,0.0387386,0.032196,0.0243062,0.791754,0.103138,0.103271,0.0985959,0.0257153,0.413712,0.176486,0.0118853,0.0107156,0.00909341,0.0213808,0.0265248,0.0159896,0.0563556,0.0307022,0.0443322,0.00749326,0.00749315,0.0667316,0.08344,0.307875,0.339662,0.575859,0.300765,0.0167026,0.0167012,0.016703,0.0337735,0.0338868,0.0331156,0.819928,0.634128,0.164846,0.0257262,0.255425,0.338309,0.303051,0.0505265,0.0976698,0.041861,0.83255,0.00749326,0.00749315,0.65134,0.09764,0.0416542,0.28124,0.0279872,0.0113414,0.00870496,
2.435,0.0837182,0.441182,0.634467,0.484598,0.494786,0.33954,0.115989,0.116639,0.0353645,0.0966133,0.165666,0.185082,0.138594,0.0242317,0.0730322,0.0730326,0.0730283,0.0287833,0.0287825,0.0287828,0.0151838,0.0115493,0.0195998,0.730292,0.00694937,0.0378423,0.189557,0.050309,0.0491744,0.0288953,0.878262,0.116635,0.116516,0.101385,0.0531911,0.339552,0.184729,0.00179363,0.0111882,0.0132838,0.0160547,0.0306255,0.0097149,0.031867,0.0190773,0.0468822,0.0143663,0.0143665,0.0482024,0.0997311,0.377195,0.491743,0.632341,0.324081,0.0186502,0.0186489,0.0186506,0.0670778,0.0671442,0.0666663,0.862572,0.615527,0.153445,0.0302694,0.318781,0.436811,0.451398,0.0445471,0.14073,0.054423,0.922537,0.0143663,0.0143665,0.771784,0.104205,0.0326429,0.388515,0.0575017,0.0202967,0.0167432,
2.44,0.0811261,0.331224,0.534366,0.351955,0.435004,0.316698,0.110887,0.111478,0.027592,0.0744823,0.142076,0.158513,0.120458,0.024655,0.0590945,0.0590951,0.0590955,0.0233137,0.023313,0.0233132,0.0145954,0.0118999,0.0172335,0.61833,0.00950129,0.0387595,0.164057,0.0421855,0.0472026,0.0265382,0.753855,0.111478,0.11132,0.0827919,0.0371512,0.241796,0.158077,0.0116049,0.0104348,0.0122135,0.0165014,0.027128,0.0139593,0.0384093,0.0230377,0.0429208,0.0106148,0.0106151,0.0476444,0.0865992,0.314824,0.41046,0.588302,0.307767,0.0137802,0.0137789,0.0137806,0.0466115,0.046694,0.0460933,0.774135,0.521598,0.110486,0.0269969,0.285033,0.390159,0.369592,0.0345466,0.132238,0.0473699,0.865659,0.0106148,0.0106151,0.656285,0.0836388,0.0298611,0.325185,0.0382987,0.0154471,0.0113454,
2.445,0.0999183,0.215838,0.507117,0.23221,0.46079,0.343298,0.123793,0.124565,0.0243724,0.0736746,0.14661,0.162753,0.126176,0.0269029,0.0702413,0.070242,0.0702389,0.0329576,0.0329569,0.0329572,0.0129932,0.0115619,0.0170314,0.557527,0.0119559,0.0479945,0.171684,0.0496765,0.0663088,0.030923,0.821648,0.124562,0.124232,0.0861759,0.0572143,0.18315,0.164661,0.00757802,0.0114057,0.016348,0.0146332,0.030409,0.0101057,0.0202454,0.0158123,0.0458617,0.0156257,0.0156263,0.0336582,0.10068,0.366632,0.524892,0.638008,0.327458,0.0150904,0.0150892,0.0150908,0.0691292,0.0691833,0.0687937,0.8141,0.510266,0.0991817,0.030888,0.347846,0.479666,0.482857,0.0304294,0.174353,0.0571328,0.941557,0.0156257,0.0156263,0.756264,0.0865922,0.0241341,0.405269,0.0575699,0.0221037,0.0172058,
2.45,0.103251,0.138794,0.433466,0.137067,0.419589,0.325869,0.122439,0.123187,0.0152166,0.0580211,0.130231,0.143838,0.114362,0.0271252,0.0628754,0.0628763,0.0628767,0.0327862,0.0327855,0.0327858,0.00817215,0.00753098,0.0146226,0.482596,0.00924596,0.0468322,0.154306,0.0447942,0.0651589,0.0308697,0.743948,0.123187,0.122807,0.0753145,0.0513014,0.110514,0.146324,0.00239532,0.011528,0.0169158,0.0154243,0.0254124,0.020255,0.0366562,0.0263908,0.0438555,0.0143448,0.0143454,0.0336887,0.0915209,0.330678,0.486361,0.603818,0.315781,0.0119668,0.0119655,0.0119671,0.0604398,0.0604927,0.060101,0.748125,0.440071,0.0697151,0.0290206,0.330392,0.459943,0.445807,0.0217163,0.168669,0.0541063,0.894481,0.0143448,0.0143454,0.690919,0.0717458,0.0244423,0.373338,0.0523565,0.0205495,0.0148763,
2.455,0.117954,0.161566,0.462953,0.171507,0.456524,0.343667,0.12765,0.128439,0.0205248,0.0652245,0.140882,0.155898,0.123099,0.0309768,0.0695552,0.0695559,0.0695505,0.0359875,0.0359867,0.035987,0.012858,0.0118774,0.015653,0.508084,0.0129068,0.0542587,0.166537,0.0468277,0.0769765,0.0331886,0.812554,0.128439,0.128089,0.0851751,0.0585933,0.143266,0.158016,0.00811097,0.0123892,0.0189286,0.0110653,0.0291295,0.00976628,0.0172079,0.0138707,0.0458822,0.0160767,0.0160776,0.0297507,0.0988991,0.363919,0.537097,0.638326,0.322963,0.0145238,0.0145226,0.0145242,0.0668946,0.0669382,0.0666176,0.802296,0.484144,0.0829693,0.031492,0.387124,0.521644,0.500825,0.027649,0.201298,0.058083,0.936836,0.0160767,0.0160776,0.77229,0.0785337,0.0196561,0.410021,0.0553367,0.0229292,0.0171591,
2.46,0.127546,0.178723,0.430027,0.176125,0.42945,0.322366,0.126717,0.127438,0.0174207,0.0618622,0.133324,0.146001,0.118039,0.0337476,0.0659385,0.0659392,0.0659364,0.038294,0.0382931,0.0382934,0.00939581,0.00843265,0.0140424,0.500819,0.0108703,0.0540365,0.157117,0.0414922,0.0783607,0.0346925,0.76992,0.127439,0.127123,0.0839323,0.0560637,0.131488,0.148139,0.00356598,0.0136763,0.0204824,0.0175184,0.0261508,0.028171,0.0499164,0.0365207,0.0455937,0.0156196,0.0156204,0.0404176,0.0941868,0.335802,0.497403,0.593983,0.305866,0.0136375,0.0136363,0.0136378,0.0609857,0.061019,0.0607574,0.746735,0.449539,0.0743642,0.0298412,0.377409,0.503036,0.467194,0.0258933,0.196515,0.0555252,0.866955,0.0156196,0.0156204,0.727031,0.0694618,0.0291085,0.378594,0.0558915,0.0224333,0.0161401,
2.465,0.147939,0.0836586,0.400358,0.0830373,0.455936,0.348533,0.13589,0.136708,0.0163929,0.0538635,0.134368,0.147643,0.120299,0.0381619,0.0694968,0.0694974,0.0694884,0.040683,0.0406822,0.0406825,0.0127399,0.0124413,0.0139707,0.438886,0.0174636,0.066653,0.161011,0.0424694,0.0985318,0.0369149,0.806944,0.136712,0.13634,0.0849143,0.0603163,0.0845683,0.149878,0.0130497,0.0142716,0.0233552,0.00975107,0.0295661,0.0101767,0.0130696,0.0133423,0.046956,0.0164799,0.0164812,0.0251723,0.100262,0.361251,0.556899,0.645197,0.319096,0.0138422,0.013841,0.0138426,0.0621003,0.0621316,0.0619054,0.792648,0.449952,0.058763,0.0327954,0.453799,0.590715,0.529494,0.024998,0.248793,0.0594636,0.939169,0.0164799,0.0164812,0.802542,0.0667441,0.0156568,0.418103,0.0510999,0.0238616,0.0171774,
2.47,0.144071,0.0761862,0.351342,0.0756574,0.416397,0.315507,0.125749,0.126476,0.0110378,0.0441375,0.120269,0.131973,0.108702,0.0361383,0.0631,0.0631004,0.0630906,0.038333,0.0383321,0.0383324,0.00706024,0.00679363,0.0117679,0.393665,0.0141868,0.0623068,0.144946,0.0360621,0.0954643,0.0345932,0.730184,0.126482,0.126175,0.0788466,0.0539132,0.0705587,0.133665,0.00378908,0.0138708,0.0228911,0.00896966,0.0251019,0.0109936,0.0155189,0.014495,0.0432763,0.0143967,0.014398,0.0213506,0.0896669,0.325238,0.505641,0.583293,0.285323,0.0123861,0.012385,0.0123864,0.0519402,0.0519654,0.051796,0.71704,0.405608,0.0498308,0.030114,0.435463,0.560093,0.486289,0.0225608,0.238944,0.053273,0.842684,0.0143967,0.014398,0.74129,0.0562362,0.0140746,0.377126,0.0447163,0.0211932,0.0152661,
2.475,0.171912,0.0275567,0.339279,0.0225168,0.448916,0.343198,0.13995,0.140757,0.00839142,0.0396131,0.125192,0.136957,0.115013,0.0422164,0.0682616,0.068262,0.0682487,0.0439681,0.0439671,0.0439675,0.00632966,0.00649933,0.0115093,0.376595,0.017171,0.0736243,0.15262,0.036613,0.11566,0.0391547,0.782447,0.140766,0.140418,0.0844,0.0596406,0.038192,0.138864,0.00433326,0.0158807,0.0272196,0.00780817,0.0267607,0.00955913,0.00941823,0.0120544,0.0470537,0.0157553,0.0157569,0.0169795,0.0971656,0.351107,0.561711,0.633951,0.304547,0.0128628,0.0128617,0.0128632,0.0537158,0.0537361,0.0536182,0.767899,0.416023,0.0390101,0.033333,0.510377,0.648034,0.546258,0.0221777,0.286053,0.0582721,0.911323,0.0157553,0.0157569,0.821039,0.0535695,0.0109353,0.414608,0.0458474,0.0234134,0.0166547,
2.48,0.172566,0.0194795,0.296229,0.0120688,0.41834,0.319921,0.132552,0.13327,0.00520707,0.029707,0.112983,0.123636,0.105167,0.0414532,0.0608107,0.060811,0.060797,0.0405221,0.0405211,0.0405215,0.0041595,0.00421647,0.00965114,0.336838,0.0161047,0.0710483,0.138754,0.0296121,0.11512,0.037206,0.710131,0.133281,0.133007,0.078297,0.0500924,0.0224419,0.124424,0.00395375,0.0156251,0.0267193,0.00702412,0.0228736,0.00828939,0.00842065,0.0107922,0.0441965,0.0131219,0.0131235,0.0140892,0.0873175,0.314083,0.504935,0.590237,0.279729,0.0109963,0.0109951,0.0109966,0.0395725,0.0396016,0.0394612,0.711987,0.380763,0.0271448,0.0310881,0.499605,0.624974,0.495873,0.020065,0.281365,0.0523939,0.842146,0.0131219,0.0131235,0.76378,0.0424861,0.00856852,0.370419,0.0330623,0.0200869,0.013703,
2.485,0.204132,0.0182164,0.299729,0.0116625,0.456523,0.342976,0.146005,0.14677,0.0038782,0.0288421,0.120806,0.131615,0.113648,0.0490582,0.067175,0.0671751,0.0671561,0.047031,0.0470298,0.0470302,0.00271561,0.00280718,0.00950667,0.349487,0.0184829,0.0831814,0.149043,0.0288713,0.13649,0.0423671,0.776,0.146784,0.146527,0.0887263,0.0563239,0.0206751,0.132207,0.00109218,0.0182482,0.0317136,0.00640208,0.0247766,0.00890022,0.00817436,0.0117419,0.0483501,0.0144271,0.0144291,0.0135916,0.0947489,0.341493,0.557516,0.631538,0.29201,0.0125847,0.0125836,0.012585,0.0404195,0.0404357,0.0403879,0.764093,0.407901,0.0263784,0.0342962,0.584882,0.718653,0.556946,0.0233466,0.33231,0.0567273,0.890551,0.0144271,0.0144291,0.854981,0.0413835,0.00789589,0.405088,0.035583,0.0222971,0.0153443,
2.49,0.199069,0.011928,0.259263,0.00406786,0.420993,0.315779,0.136442,0.137121,0.00197647,0.0212878,0.108645,0.118228,0.103322,0.0477818,0.0600038,0.0600038,0.0599846,0.0433099,0.0433087,0.0433092,0.00172349,0.00175697,0.0080324,0.310022,0.018095,0.0802006,0.134822,0.022954,0.132802,0.0398477,0.703902,0.137137,0.13694,0.0820431,0.0480374,0.00936706,0.118072,0.00213481,0.0175887,0.0305474,0.00556296,0.022046,0.00766318,0.00718157,0.010507,0.0448428,0.0121707,0.0121727,0.0119755,0.0853172,0.305205,0.501315,0.580684,0.26487,0.0110714,0.0110704,0.0110717,0.0292177,0.0292365,0.0291822,0.700669,0.370449,0.0173019,0.0316898,0.562466,0.682282,0.505738,0.0216992,0.321618,0.0508307,0.813167,0.0121707,0.0121727,0.789891,0.0324356,0.00607383,0.361978,0.0257032,0.0193153,0.0128405,
2.495,0.234896,0.0108668,0.262608,0.0030791,0.46311,0.341458,0.151446,0.152175,0.001168,0.0207009,0.117348,0.127076,0.112774,0.0563349,0.0668958,0.0668956,0.0668711,0.0505036,0.0505022,0.0505027,0.000839647,0.00088586,0.0078681,0.323595,0.021202,0.0937189,0.146137,0.0219607,0.157071,0.0456235,0.775343,0.152194,0.152018,0.0935054,0.0547669,0.00729166,0.126621,0.000923876,0.0205211,0.0360823,0.00542727,0.0242519,0.00861554,0.00698926,0.0119484,0.0495065,0.0136312,0.0136337,0.0117159,0.0938436,0.334613,0.557691,0.626436,0.278594,0.0127699,0.0127688,0.0127702,0.0299237,0.0299301,0.0299729,0.758104,0.400066,0.0159703,0.0352199,0.656567,0.785337,0.571378,0.025341,0.37811,0.0556684,0.866899,0.0136312,0.0136337,0.889208,0.0309753,0.00570001,0.399136,0.0278495,0.0217756,0.014607,
2.5,0.224455,0.00814405,0.231625,0.000411031,0.427898,0.313853,0.140909,0.141568,0.000549689,0.0170028,0.107114,0.115758,0.103588,0.0537498,0.0615078,0.0615076,0.0614836,0.047365,0.0473637,0.0473642,0.000244071,0.000273901,0.00681443,0.290718,0.0205352,0.0891431,0.133717,0.0183236,0.15054,0.0428242,0.712681,0.141587,0.141449,0.0872919,0.0498951,0.00299794,0.115028,0.00131318,0.0195089,0.0343843,0.00533342,0.0223548,0.00801315,0.00614746,0.0113946,0.045934,0.0122895,0.0122919,0.0102905,0.0865074,0.305714,0.512578,0.574958,0.252759,0.011776,0.011775,0.0117763,0.024558,0.0245623,0.0246245,0.695786,0.365858,0.0118012,0.0326538,0.623048,0.739978,0.528944,0.0239193,0.360269,0.0508803,0.79134,0.0122895,0.0122919,0.826675,0.0256572,0.00502815,0.365225,0.0233977,0.0198459,0.0132475,
2.505,0.261785,0.00809438,0.239915,0.000249164,0.474625,0.343122,0.157129,0.15785,0.000376784,0.0176569,0.117425,0.126361,0.114421,0.0628054,0.0692186,0.0692181,0.0691886,0.0551627,0.0551612,0.0551617,0.000363227,0.000394709,0.00684544,0.309265,0.023775,0.103235,0.146858,0.0180246,0.175124,0.0490822,0.79407,0.157872,0.157746,0.0997028,0.0578237,0.00275428,0.125429,0.00116693,0.0225374,0.0400863,0.00472289,0.0248446,0.00909932,0.00609592,0.0127555,0.0509964,0.0141682,0.014171,0.0106634,0.0959583,0.339879,0.576253,0.62753,0.27008,0.0137095,0.0137084,0.0137098,0.0269459,0.0269371,0.027097,0.761666,0.400392,0.0115052,0.0365215,0.720919,0.848546,0.601246,0.027777,0.41861,0.0566757,0.855261,0.0141682,0.014171,0.9348,0.0253391,0.00460085,0.408049,0.0266672,0.0228453,0.0153232,
2.51,0.244061,0.00768576,0.211364,0.000244066,0.431646,0.310006,0.143253,0.143905,0.000964096,0.0163011,0.106448,0.114285,0.104049,0.0585421,0.0634436,0.0634431,0.0634152,0.0514254,0.0514241,0.0514246,0.00117811,0.001184,0.00594706,0.275929,0.0223408,0.0956708,0.13307,0.015491,0.162909,0.0454003,0.723841,0.143925,0.143822,0.0919582,0.0539832,0.00304169,0.113374,0.00258868,0.0208773,0.0372629,0.00408472,0.0227062,0.008657,0.00533414,0.011958,0.0464328,0.0132777,0.0132804,0.00968712,0.0876177,0.30964,0.527399,0.566363,0.241444,0.0127692,0.0127683,0.0127695,0.0249425,0.0249297,0.0251135,0.688405,0.361879,0.00990761,0.0333405,0.667513,0.782739,0.552764,0.0258072,0.388372,0.0518781,0.768465,0.0132777,0.0132804,0.857275,0.0218844,0.00406502,0.372589,0.0246464,0.0213238,0.0142998,
2.515,0.281684,0.00788614,0.228867,0.00026783,0.486584,0.34668,0.162089,0.162818,0.00118056,0.0178366,0.119412,0.127808,0.117106,0.068193,0.0721953,0.0721947,0.0721616,0.0592952,0.0592936,0.0592942,0.00138792,0.00143513,0.00649021,0.303672,0.0267186,0.111473,0.149396,0.0162177,0.18887,0.0520027,0.81994,0.162842,0.16274,0.105364,0.0620378,0.00312658,0.12677,0.00345702,0.0240654,0.0431369,0.00440891,0.0265575,0.00978049,0.00557713,0.0137341,0.0524024,0.0151438,0.015147,0.0111769,0.099456,0.349443,0.598892,0.632531,0.266273,0.0148771,0.0148762,0.0148774,0.0276003,0.0275762,0.0278359,0.770208,0.405034,0.0104595,0.0377603,0.770169,0.897636,0.631406,0.0303395,0.450122,0.0583852,0.853643,0.0151438,0.015147,0.97631,0.0232071,0.00442903,0.421571,0.028322,0.0243354,0.0164555,
2.52,0.262093,0.00832931,0.202915,0.00232347,0.443868,0.312901,0.147742,0.148407,0.000954661,0.0169184,0.108696,0.116118,0.106893,0.0627554,0.0671927,0.067192,0.0671605,0.0559571,0.0559557,0.0559562,0.000759199,0.000789631,0.00547343,0.272065,0.0237074,0.102077,0.135959,0.0144511,0.175256,0.0481755,0.751355,0.148429,0.148343,0.0978427,0.0597058,0.00532857,0.115244,0.000942868,0.0222839,0.040203,0.00364003,0.0236587,0.00945219,0.00471632,0.0128927,0.0477972,0.0145709,0.0145739,0.008714,0.0911565,0.322438,0.555619,0.57046,0.237351,0.01402,0.0140192,0.0140203,0.0278022,0.0277727,0.0280738,0.696813,0.367376,0.0107109,0.0346251,0.713338,0.830732,0.588206,0.027907,0.416379,0.0539715,0.765744,0.0145709,0.0145739,0.901867,0.0206273,0.00379268,0.390337,0.0286557,0.0232167,0.0159275,
2.525,0.292279,0.0103081,0.231426,0.00310863,0.499152,0.353517,0.166225,0.16697,0.00160126,0.0189266,0.122491,0.130914,0.120237,0.0707678,0.0747584,0.0747578,0.074723,0.0618302,0.0618285,0.0618291,0.00166447,0.00169968,0.00650344,0.309222,0.0277317,0.115431,0.153145,0.0162635,0.195949,0.0538164,0.844055,0.166995,0.166897,0.109262,0.065178,0.00569056,0.129875,0.00357839,0.0249235,0.0447903,0.0043849,0.0274385,0.0102907,0.00558567,0.0143741,0.053748,0.015909,0.0159124,0.011368,0.102476,0.360043,0.618585,0.644597,0.269541,0.0156126,0.0156116,0.0156129,0.0293953,0.0293652,0.0296683,0.786524,0.41471,0.0115445,0.0388214,0.797648,0.927884,0.653878,0.0317083,0.466518,0.0601673,0.867288,0.015909,0.0159124,1,0.0235385,0.00457938,0.434901,0.0303545,0.0254643,0.0173351,
2.53,0.274848,0.0111607,0.214598,0.00456475,0.465093,0.327556,0.154972,0.155675,0.00342136,0.0205845,0.115231,0.122749,0.112877,0.06746,0.0712017,0.0712011,0.0711682,0.0591694,0.0591678,0.0591684,0.00353378,0.00362022,0.0062997,0.287127,0.0275931,0.110009,0.14356,0.0157225,0.184723,0.0508542,0.797124,0.155697,0.155598,0.103417,0.0640087,0.00941217,0.12213,0.00645104,0.023432,0.042254,0.00433447,0.0272511,0.0106944,0.00604215,0.0146842,0.050115,0.015755,0.0157583,0.0124089,0.0975779,0.340402,0.586407,0.596551,0.248502,0.0153126,0.0153118,0.0153129,0.0312372,0.0311984,0.0315331,0.729555,0.385934,0.0129406,0.0363274,0.749336,0.869687,0.620293,0.0307524,0.439904,0.0570443,0.801391,0.015755,0.0157583,0.947054,0.0233453,0.00522192,0.412274,0.0321588,0.0248681,0.0171369,
2.535,0.294451,0.00917527,0.244694,0.000635846,0.512504,0.366316,0.17077,0.17154,0.00189928,0.0195555,0.126341,0.135223,0.123643,0.0718566,0.0758652,0.0758646,0.0758305,0.0619805,0.0619789,0.0619795,0.00227129,0.00233655,0.00714587,0.323256,0.0288237,0.117639,0.157882,0.017544,0.197671,0.0545924,0.865235,0.171565,0.17145,0.11058,0.0648376,0.00384532,0.134213,0.00548614,0.0252214,0.0451012,0.00501019,0.0286779,0.0106216,0.00677865,0.0149625,0.0552215,0.0158816,0.015885,0.0131928,0.105169,0.367854,0.629098,0.668374,0.282774,0.0156683,0.0156673,0.0156686,0.0291436,0.0291192,0.0293747,0.813363,0.427867,0.0113749,0.0397154,0.806204,0.939815,0.66193,0.0321416,0.471714,0.0614839,0.903953,0.0158816,0.015885,1,0.0253215,0.00525147,0.443347,0.0298073,0.0254976,0.0171922,
2.54,0.275146,0.0147083,0.231587,0.00982289,0.477479,0.335627,0.157366,0.158108,0.00409212,0.024824,0.119979,0.128063,0.116786,0.0665946,0.0748476,0.0748471,0.074814,0.0612617,0.0612602,0.0612608,0.00337932,0.00346827,0.00667102,0.301818,0.02611,0.108756,0.148973,0.0188453,0.184472,0.0516788,0.82491,0.158129,0.158,0.106208,0.0696098,0.0173479,0.127891,0.00334108,0.0234806,0.0425135,0.0042413,0.0273482,0.0110557,0.00531123,0.0146175,0.0511827,0.0172597,0.0172629,0.0111354,0.101169,0.357937,0.614372,0.612056,0.256814,0.0160669,0.0160661,0.0160672,0.0390778,0.0390359,0.0394027,0.750511,0.399826,0.0188487,0.0372845,0.752986,0.881125,0.646115,0.0308395,0.43939,0.0599512,0.825299,0.0172597,0.0172629,0.974261,0.0278535,0.0055821,0.433762,0.0389336,0.0267938,0.018857,
2.545,0.292325,0.00902251,0.247667,0.000277332,0.512783,0.367334,0.170593,0.171365,0.00184992,0.019695,0.126532,0.135598,0.123722,0.0707526,0.0757507,0.0757501,0.0757164,0.0615181,0.0615164,0.0615171,0.00183862,0.00188209,0.00715052,0.324999,0.0282591,0.116033,0.158082,0.0179533,0.196492,0.0542303,0.862614,0.17139,0.171272,0.109969,0.0644908,0.00374479,0.134525,0.00504967,0.0250404,0.044733,0.00567172,0.028245,0.0104519,0.00620701,0.0148116,0.055273,0.0157878,0.0157911,0.0123235,0.1053,0.36775,0.627715,0.670385,0.284564,0.0154416,0.0154405,0.0154419,0.0292578,0.0292384,0.0294764,0.815361,0.42879,0.011571,0.0396778,0.800056,0.934848,0.659266,0.0316253,0.467351,0.0614773,0.908204,0.0157878,0.0157911,1,0.0256762,0.00545366,0.442865,0.0294644,0.0253629,0.0171379,
2.55,0.278597,0.0170471,0.239601,0.012017,0.486596,0.342052,0.160148,0.160908,0.0040408,0.0262105,0.122748,0.13107,0.119339,0.0670465,0.0767051,0.0767045,0.0766713,0.0626528,0.0626512,0.0626518,0.00301296,0.00309819,0.00680841,0.311179,0.025608,0.10932,0.152279,0.019927,0.186299,0.0525897,0.841963,0.160929,0.16079,0.108239,0.0719105,0.019435,0.131024,0.00177515,0.0238151,0.0431107,0.00458249,0.0274098,0.0121635,0.00679455,0.0158209,0.0521954,0.0178732,0.0178764,0.0112724,0.103254,0.366716,0.62872,0.623883,0.262803,0.0163961,0.0163953,0.0163964,0.0416378,0.0415952,0.0419725,0.765401,0.40837,0.0205737,0.0379885,0.761826,0.89404,0.660093,0.0310214,0.443437,0.0615045,0.8422,0.0178732,0.0178764,0.992585,0.0293001,0.00620055,0.444423,0.0414149,0.027644,0.0195233,
2.555,0.278373,0.0197686,0.261042,0.0157003,0.502349,0.354579,0.163861,0.164665,0.00556338,0.0306201,0.128656,0.13765,0.124131,0.0670959,0.0800402,0.0800398,0.0800069,0.0640232,0.0640216,0.0640222,0.00418507,0.00429611,0.00766125,0.330227,0.0259002,0.110011,0.15905,0.0232555,0.186426,0.0534387,0.875399,0.164685,0.164511,0.110895,0.0759754,0.0262064,0.138026,0.00237547,0.0238832,0.0432386,0.00479074,0.0289061,0.0120957,0.00603652,0.0155388,0.0536201,0.0190303,0.0190334,0.0119497,0.107763,0.384254,0.654986,0.647588,0.276027,0.0171278,0.0171269,0.0171281,0.047879,0.0478359,0.0482097,0.79502,0.426326,0.0257326,0.0391072,0.766586,0.905392,0.682866,0.0317418,0.445032,0.0643488,0.879621,0.0190303,0.0190334,1,0.0344335,0.00687487,0.465094,0.0464569,0.0291136,0.0207752,
2.56,0.277069,0.0241662,0.261493,0.0193004,0.498111,0.350499,0.162344,0.163148,0.00682017,0.0332066,0.128634,0.137457,0.123941,0.0665536,0.0805181,0.0805177,0.0804852,0.0647785,0.0647769,0.0647775,0.00538001,0.00546185,0.00761327,0.330895,0.0253546,0.108383,0.158521,0.0238859,0.184462,0.0534781,0.873642,0.163167,0.162985,0.11094,0.0782517,0.0306171,0.138061,0.00334858,0.0237292,0.042992,0.00518615,0.0286142,0.013996,0.00839198,0.0174755,0.0532659,0.0197991,0.0198022,0.0128334,0.107917,0.385165,0.656495,0.63977,0.273253,0.0173607,0.0173599,0.017361,0.0515475,0.0515009,0.0519022,0.786804,0.423238,0.0278341,0.0388427,0.757945,0.897085,0.683781,0.0314946,0.439269,0.0649693,0.868889,0.0197991,0.0198022,1,0.0354876,0.00796636,0.466739,0.0495685,0.0300089,0.0214522,
2.565,0.276732,0.0218943,0.271967,0.0150603,0.513253,0.370558,0.16836,0.169137,0.00142476,0.0216366,0.128384,0.13839,0.124364,0.0664056,0.0749646,0.0749641,0.0749331,0.0587798,0.0587782,0.0587788,0.000740507,0.000663906,0.00778639,0.347347,0.0249213,0.109105,0.160011,0.0206489,0.184848,0.0523437,0.860387,0.16916,0.169022,0.107676,0.0625174,0.0134754,0.137431,0.000888891,0.0239484,0.0424024,0.00543071,0.0268931,0.00986283,0.0073445,0.0139402,0.0549418,0.0153663,0.0153693,0.0124806,0.103769,0.368746,0.620536,0.678136,0.293653,0.0149529,0.0149518,0.0149532,0.0307545,0.0307476,0.0309008,0.826002,0.439213,0.0170384,0.0392541,0.764953,0.902956,0.645253,0.0303871,0.442556,0.0612348,0.926394,0.0153663,0.0153693,1,0.0300063,0.00581963,0.440771,0.0300916,0.0246636,0.0166601,
2.57,0.266968,0.0402747,0.29859,0.0384486,0.515241,0.366003,0.16495,0.165783,0.00719284,0.0363388,0.135089,0.1453,0.128649,0.0641246,0.0819204,0.08192,0.0818895,0.0628882,0.0628866,0.0628872,0.00460334,0.00455913,0.00886947,0.36707,0.0240773,0.10551,0.166037,0.0274823,0.178213,0.0526868,0.899445,0.165801,0.165597,0.111731,0.0771028,0.0436574,0.145936,0.00090985,0.0232073,0.0415947,0.00570185,0.0293277,0.0123105,0.00772768,0.0158648,0.0545881,0.0194684,0.0194713,0.0137625,0.110386,0.397099,0.665819,0.670042,0.292286,0.0174027,0.0174017,0.017403,0.0529989,0.052966,0.0532687,0.825602,0.450365,0.035037,0.0395756,0.74345,0.888234,0.686236,0.0320276,0.427424,0.0660742,0.919153,0.0194684,0.0194713,1,0.0417355,0.00869368,0.47667,0.050204,0.0295427,0.0212638,
2.575,0.253553,0.0454836,0.326589,0.0436428,0.52213,0.376312,0.165546,0.166406,0.00799005,0.0394791,0.139123,0.15032,0.131232,0.0610014,0.082186,0.0821859,0.0821584,0.0607069,0.0607054,0.060706,0.00508974,0.00503025,0.00998754,0.391267,0.0228882,0.101253,0.170521,0.0311841,0.16919,0.0514462,0.910778,0.166422,0.166177,0.110073,0.0760573,0.0489359,0.151252,0.00104349,0.0223165,0.0396086,0.00650527,0.0297592,0.0121442,0.00881979,0.0156445,0.0551007,0.0193739,0.0193766,0.015333,0.111784,0.40357,0.668145,0.690486,0.308482,0.01709,0.017089,0.0170903,0.0557405,0.0557206,0.0559261,0.849066,0.464799,0.0394019,0.0397117,0.714718,0.864178,0.680147,0.0311802,0.408158,0.0669804,0.957705,0.0193739,0.0193766,1,0.0472449,0.00985819,0.481821,0.051529,0.0292674,0.0210543,
2.58,0.250486,0.139933,0.374291,0.137609,0.525424,0.367838,0.164683,0.165527,0.0153077,0.0579197,0.148875,0.159642,0.138352,0.0623847,0.0872722,0.0872721,0.0872478,0.0650041,0.0650026,0.0650031,0.00822981,0.00762949,0.0113263,0.467969,0.021971,0.0988225,0.178599,0.0343776,0.162375,0.0532643,0.950481,0.165539,0.165305,0.118373,0.084963,0.109088,0.161394,0.00147417,0.0230161,0.0396038,0.0142456,0.0321433,0.0301647,0.0412853,0.0384711,0.0565328,0.0221725,0.0221751,0.0330501,0.117514,0.415887,0.675062,0.670961,0.307032,0.0196966,0.0196957,0.0196969,0.0693,0.0692582,0.0695603,0.845646,0.490422,0.0634086,0.0393859,0.688005,0.833898,0.685653,0.0363528,0.388057,0.069681,0.928836,0.0221725,0.0221751,1,0.0574304,0.0243596,0.490504,0.0687325,0.0325783,0.0239185,
2.585,0.223284,0.108062,0.375909,0.114236,0.511478,0.362812,0.154995,0.155846,0.0147126,0.0548656,0.144301,0.156385,0.13275,0.0543997,0.0838203,0.0838203,0.0837966,0.058368,0.0583667,0.0583672,0.00851547,0.00801552,0.0116633,0.441391,0.0200312,0.0897934,0.17381,0.0369424,0.147749,0.0481903,0.915663,0.155856,0.155594,0.109887,0.0805412,0.103008,0.158084,0.00111342,0.0202446,0.0353295,0.0081998,0.0308319,0.0142704,0.0139966,0.018449,0.0531137,0.0208673,0.0208696,0.0209678,0.11244,0.409956,0.660979,0.666735,0.304749,0.0184785,0.0184775,0.0184787,0.0691983,0.0691736,0.0693796,0.836415,0.482868,0.0637075,0.0380741,0.641396,0.788181,0.66391,0.0334317,0.359424,0.0671965,0.932478,0.0208673,0.0208696,0.985101,0.0603772,0.0149784,0.482774,0.0634967,0.030576,0.0228666,
2.59,0.221551,0.194262,0.424361,0.20557,0.522589,0.358644,0.15396,0.1548,0.0217384,0.0713426,0.154498,0.166841,0.140135,0.0553871,0.0892648,0.0892647,0.0892418,0.0618194,0.061818,0.0618186,0.0116851,0.0105865,0.0129571,0.51076,0.0193674,0.0881287,0.183006,0.0400002,0.143382,0.0495776,0.961119,0.154807,0.154571,0.118747,0.0888993,0.16458,0.168961,0.0012197,0.0207405,0.0353647,0.0123502,0.0331334,0.023896,0.0318379,0.0309814,0.054324,0.023302,0.0233042,0.0325166,0.117812,0.427479,0.676391,0.657032,0.303238,0.0211971,0.0211962,0.0211973,0.0812688,0.0812258,0.0815222,0.846037,0.516686,0.0882439,0.0382438,0.630094,0.774874,0.679339,0.0392066,0.348015,0.0698071,0.91572,0.023302,0.0233042,1,0.0707115,0.0242194,0.497069,0.077306,0.0334948,0.0256118,
