MomentArm_lat_cond_adduction_l
version=1
nRows=214
nColumns=101
inDegrees=no

This analysis gathers basic information about muscles during a simulation (e.g., forces, tendon lengths, moment arms, etc).
Units are S.I. units (second, meters, Newtons, ...)
If the header above contains a line with 'inDegrees', this indicates whether rotational values are in degrees (yes) or radians (no).

endheader
time	addbrev_r	addlong_r	addmagDist_r	addmagIsch_r	addmagMid_r	addmagProx_r	bflh_r	bfsh_r	edl_r	ehl_r	fdl_r	fhl_r	gaslat_r	gasmed_r	glmax1_r	glmax2_r	glmax3_r	glmed1_r	glmed2_r	glmed3_r	glmin1_r	glmin2_r	glmin3_r	grac_r	iliacus_r	perbrev_r	perlong_r	piri_r	psoas_r	recfem_r	sart_r	semimem_r	semiten_r	soleus_r	tfl_r	tibant_r	tibpost_r	vasint_r	vaslat_r	vasmed_r	addbrev_l	addlong_l	addmagDist_l	addmagIsch_l	addmagMid_l	addmagProx_l	bflh_l	bfsh_l	edl_l	ehl_l	fdl_l	fhl_l	gaslat_l	gasmed_l	glmax1_l	glmax2_l	glmax3_l	glmed1_l	glmed2_l	glmed3_l	glmin1_l	glmin2_l	glmin3_l	grac_l	iliacus_l	perbrev_l	perlong_l	piri_l	psoas_l	recfem_l	sart_l	semimem_l	semiten_l	soleus_l	tfl_l	tibant_l	tibpost_l	vasint_l	vaslat_l	vasmed_l	quad_fem_r	obt_internus1_r	obt_internus2_r	obt_internus3_r	obt_externus1_r	obt_externus2_r	obt_externus3_r	gemelli_sup_r	gemelli_inf_r	pect_r	quad_fem_l	obt_internus1_l	obt_internus2_l	obt_internus3_l	obt_externus1_l	obt_externus2_l	obt_externus3_l	gemelli_sup_l	gemelli_inf_l	pect_l
      0.00416596	     -0.00000000	     -0.00000000	      0.00000000	      0.00000000	      0.00000000	     -0.00000000	     -0.00000000	     -0.00000000	     -0.00000000	     -0.00000000	     -0.00000000	     -0.00000000	      0.00000000	     -0.00083224	     -0.00000000	     -0.00000000	     -0.00000000	     -0.00000000	      0.00000000	      0.00000000	      0.00000000	     -0.00000000	      0.00000000	      0.00000000	      0.00000000	      0.00000000	     -0.00000000	     -0.00000000	     -0.00000000	      0.00000000	      0.00000000	      0.00000000	      0.00000000	     -0.00000000	      0.00000000	     -0.00000000	     -0.00000000	     -0.00000000	      0.00000000	      0.00000000	     -0.18503496	     -0.20750439	     -0.19230758	     -0.15265884	     -0.22585257	     -0.18052863	      0.01867793	      0.18447007	     -0.00000000	      0.00000000	     -0.00000000	     -0.00000000	      0.15309513	     -0.07158985	      0.00321564	     -0.04913537	     -0.25152173	      0.26059680	      0.18281348	      0.09895424	      0.24640536	      0.16253265	      0.08351353	     -0.39552774	      0.03474617	      0.00000000	      0.00000000	      0.00588555	     -0.01060440	      0.07420084	     -0.09427553	     -0.15432607	     -0.22407547	     -0.00000000	      0.42964366	      0.00000000	      0.00000000	      0.00462554	      0.04873305	     -0.03847332	     -0.00000000	     -0.00000000	     -0.00000000	     -0.00000000	     -0.00000000	     -0.00000000	      0.00000000	     -0.00000000	      0.00000000	     -0.00000000	     -0.22881128	     -0.10791472	     -0.10231078	     -0.11085960	     -0.06912667	     -0.12053391	     -0.06937581	     -0.07834826	     -0.14534974	     -0.10531946
      0.00833262	      0.00000000	      0.00000000	      0.00000000	      0.00000000	      0.00000000	      0.00000000	     -0.02637866	     -0.02953061	     -0.00000000	      0.00000000	     -0.00000000	     -0.00000000	     -0.02446973	      0.00217819	     -0.00000000	     -0.00000000	     -0.00000000	     -0.00000000	     -0.00000000	     -0.00000000	     -0.00000000	     -0.00000000	     -0.00000000	      0.00590265	      0.00000000	      0.00000000	      0.00000000	     -0.00000000	      0.00000000	     -0.01056748	      0.00677976	     -0.00174365	      0.00093642	     -0.00000000	     -0.03039214	     -0.00000000	     -0.00000000	     -0.01063949	     -0.01361825	     -0.00697675	      0.05225562	      0.03138823	      0.15298883	      0.16299996	      0.12409877	      0.07267022	      0.13303605	     -0.07966106	      0.00000000	      0.00000000	      0.00000000	     -0.00000000	     -0.07107146	      0.07994282	      0.11177129	      0.19051471	      0.32546622	     -0.15819275	     -0.08662361	     -0.03025613	     -0.19751053	     -0.12525592	     -0.06219084	      0.25619582	     -0.09571525	      0.00000000	      0.00000000	      0.00417810	     -0.04190865	     -0.17254002	      0.05274919	      0.23583139	      0.29591693	      0.00000000	     -0.36738236	     -0.00000000	      0.00000000	     -0.05816564	     -0.09092480	     -0.02806822	     -0.00000000	     -0.00000000	     -0.00000000	     -0.00000000	      0.00000000	     -0.00000000	      0.00000000	     -0.00000000	     -0.00000000	      0.00000000	      0.16883960	      0.07651387	      0.07100994	      0.07887583	      0.02880765	      0.05722762	     -0.00297167	      0.06438697	      0.08062475	      0.00543566
      0.01249928	      0.00000000	      0.00000000	      0.00000000	      0.00000000	      0.00000000	      0.00000000	     -0.00013989	     -0.00015650	     -0.00000000	     -0.00000000	      0.00000000	     -0.00000000	      0.00015776	     -0.00209776	      0.00000000	      0.00000000	      0.00000000	      0.00000000	      0.00000000	      0.00000000	      0.00000000	      0.00000000	      0.00000000	      0.00003144	     -0.00000000	     -0.00000000	     -0.00000000	      0.00000000	     -0.00000000	     -0.00005598	      0.00003592	     -0.00000923	      0.00000502	     -0.00000000	     -0.00016112	     -0.00000000	     -0.00000000	     -0.00005636	     -0.00007215	     -0.00003696	      0.29994087	      0.40770999	      0.05011046	     -0.07048002	      0.20654111	      0.23237720	     -0.23263245	     -0.03060243	     -0.00000000	      0.00000000	     -0.00000000	      0.00000000	     -0.00833505	     -0.04422184	     -0.31481255	     -0.40066071	     -0.27029829	     -0.19473565	     -0.20817652	     -0.16309028	     -0.05403616	     -0.05697879	     -0.03995033	      0.20373503	      0.17590565	      0.00000000	     -0.00000000	     -0.03491379	      0.13784414	      0.35749942	      0.02098069	     -0.26064180	     -0.27141697	     -0.00000000	      0.16531624	     -0.00000000	      0.00000000	      0.21877911	      0.22474001	      0.21373129	      0.00000000	      0.00000000	      0.00000000	     -0.00000000	      0.00000000	      0.00000000	      0.00000000	      0.00000000	      0.00000000	      0.00000000	      0.08218164	      0.03900787	      0.04137715	      0.04029450	      0.08421427	      0.12750996	      0.17923228	      0.00278795	      0.11781923	      0.23579413
      0.01666594	     -0.00000000	      0.00000000	     -0.00000000	     -0.00000000	      0.00000000	      0.00000000	     -0.00661324	     -0.00739329	      0.00000000	     -0.00000000	      0.00000000	      0.00000000	     -0.00602033	     -0.00126285	     -0.00000000	     -0.00000000	     -0.00000000	     -0.00000000	      0.00000000	      0.00000000	      0.00000000	     -0.00000000	     -0.00000000	      0.00149293	     -0.00000000	      0.00000000	      0.00000000	      0.00000000	     -0.00000000	     -0.00264379	      0.00169632	     -0.00043528	      0.00023945	     -0.00000000	     -0.00761472	     -0.00000000	     -0.00000000	     -0.00266166	     -0.00340731	     -0.00174520	     -0.05031213	     -0.03345473	     -0.13507474	     -0.14157375	     -0.11191418	     -0.06771644	     -0.11213954	      0.07425997	      0.00000000	      0.00000000	      0.00000000	     -0.00000000	      0.06678268	     -0.07198694	     -0.10508127	     -0.17521303	     -0.29372401	      0.14060228	      0.07332783	      0.02151258	      0.17604373	      0.10825234	      0.05077520	     -0.23057678	      0.08598276	      0.00000000	     -0.00000000	     -0.00973609	      0.03767803	      0.14861048	     -0.05508548	     -0.20525391	     -0.25835398	      0.00000000	      0.32708042	      0.00000000	     -0.00000000	      0.05019828	      0.08030182	      0.02257696	     -0.00000000	      0.00000000	      0.00000000	     -0.00000000	     -0.00000000	     -0.00000000	      0.00000000	     -0.00000000	      0.00000000	     -0.00000000	     -0.15688049	     -0.07488382	     -0.06922541	     -0.07710512	     -0.02708968	     -0.05313556	      0.00274791	     -0.06341805	     -0.07791722	     -0.00722673
      0.02083260	       -nan(ind)	       -nan(ind)	       -nan(ind)	       -nan(ind)	       -nan(ind)	       -nan(ind)	       -nan(ind)	       -nan(ind)	       -nan(ind)	       -nan(ind)	       -nan(ind)	       -nan(ind)	       -nan(ind)	       -nan(ind)	       -nan(ind)	       -nan(ind)	       -nan(ind)	       -nan(ind)	       -nan(ind)	       -nan(ind)	       -nan(ind)	       -nan(ind)	       -nan(ind)	       -nan(ind)	       -nan(ind)	       -nan(ind)	       -nan(ind)	       -nan(ind)	       -nan(ind)	       -nan(ind)	       -nan(ind)	       -nan(ind)	       -nan(ind)	       -nan(ind)	       -nan(ind)	       -nan(ind)	       -nan(ind)	       -nan(ind)	       -nan(ind)	       -nan(ind)	       -nan(ind)	       -nan(ind)	       -nan(ind)	       -nan(ind)	       -nan(ind)	       -nan(ind)	       -nan(ind)	       -nan(ind)	       -nan(ind)	       -nan(ind)	       -nan(ind)	       -nan(ind)	       -nan(ind)	       -nan(ind)	       -nan(ind)	       -nan(ind)	       -nan(ind)	       -nan(ind)	       -nan(ind)	       -nan(ind)	       -nan(ind)	       -nan(ind)	       -nan(ind)	       -nan(ind)	       -nan(ind)	       -nan(ind)	       -nan(ind)	       -nan(ind)	       -nan(ind)	       -nan(ind)	       -nan(ind)	       -nan(ind)	       -nan(ind)	       -nan(ind)	       -nan(ind)	       -nan(ind)	       -nan(ind)	       -nan(ind)	       -nan(ind)	       -nan(ind)	       -nan(ind)	       -nan(ind)	       -nan(ind)	       -nan(ind)	       -nan(ind)	       -nan(ind)	       -nan(ind)	       -nan(ind)	       -nan(ind)	       -nan(ind)	       -nan(ind)	       -nan(ind)	       -nan(ind)	       -nan(ind)	       -nan(ind)	       -nan(ind)	       -nan(ind)	       -nan(ind)	       -nan(ind)	       -nan(ind)
      0.02499926	       -nan(ind)	       -nan(ind)	       -nan(ind)	       -nan(ind)	       -nan(ind)	       -nan(ind)	       -nan(ind)	       -nan(ind)	       -nan(ind)	       -nan(ind)	       -nan(ind)	       -nan(ind)	       -nan(ind)	       -nan(ind)	       -nan(ind)	       -nan(ind)	       -nan(ind)	       -nan(ind)	       -nan(ind)	       -nan(ind)	       -nan(ind)	       -nan(ind)	       -nan(ind)	       -nan(ind)	       -nan(ind)	       -nan(ind)	       -nan(ind)	       -nan(ind)	       -nan(ind)	       -nan(ind)	       -nan(ind)	       -nan(ind)	       -nan(ind)	       -nan(ind)	       -nan(ind)	       -nan(ind)	       -nan(ind)	       -nan(ind)	       -nan(ind)	       -nan(ind)	       -nan(ind)	       -nan(ind)	       -nan(ind)	       -nan(ind)	       -nan(ind)	       -nan(ind)	       -nan(ind)	       -nan(ind)	       -nan(ind)	       -nan(ind)	       -nan(ind)	       -nan(ind)	       -nan(ind)	       -nan(ind)	       -nan(ind)	       -nan(ind)	       -nan(ind)	       -nan(ind)	       -nan(ind)	       -nan(ind)	       -nan(ind)	       -nan(ind)	       -nan(ind)	       -nan(ind)	       -nan(ind)	       -nan(ind)	       -nan(ind)	       -nan(ind)	       -nan(ind)	       -nan(ind)	       -nan(ind)	       -nan(ind)	       -nan(ind)	       -nan(ind)	       -nan(ind)	       -nan(ind)	       -nan(ind)	       -nan(ind)	       -nan(ind)	       -nan(ind)	       -nan(ind)	       -nan(ind)	       -nan(ind)	       -nan(ind)	       -nan(ind)	       -nan(ind)	       -nan(ind)	       -nan(ind)	       -nan(ind)	       -nan(ind)	       -nan(ind)	       -nan(ind)	       -nan(ind)	       -nan(ind)	       -nan(ind)	       -nan(ind)	       -nan(ind)	       -nan(ind)	       -nan(ind)	       -nan(ind)
      0.02916592	     -0.00000000	     -0.00000000	      0.00000000	     -0.00000000	     -0.00000000	     -0.00000000	     -0.02643548	     -0.02950372	     -0.00000000	      0.00000000	      0.00000000	     -0.00000000	     -0.02434202	     -0.00136910	      0.00000000	     -0.00000000	      0.00000000	     -0.00000000	     -0.00000000	     -0.00000000	     -0.00000000	     -0.00000000	      0.00000000	      0.00603544	      0.00000000	      0.00000000	      0.00000000	      0.00000000	     -0.00000000	     -0.01054304	      0.00676454	     -0.00173031	      0.00098029	     -0.00000000	     -0.03042004	      0.00000000	     -0.00000000	     -0.01061362	     -0.01358916	     -0.00695829	     -0.06213433	     -0.04300269	     -0.16237359	     -0.16783132	     -0.13563121	     -0.08494839	     -0.14060155	      0.08623365	      0.00000000	     -0.00000000	      0.00000000	      0.00000000	      0.07997428	     -0.09294758	     -0.15758705	     -0.24333967	     -0.37673003	      0.16420114	      0.06856992	      0.00013472	      0.21354123	      0.11879416	      0.04458760	     -0.28605537	      0.11209844	      0.00000000	      0.00000000	     -0.03383043	      0.05021807	      0.17531387	     -0.08227851	     -0.25018683	     -0.31461973	      0.00000000	      0.39292691	      0.00000000	      0.00000000	      0.05873700	      0.09658567	      0.02404309	      0.00000000	     -0.00000000	      0.00000000	      0.00000000	      0.00000000	      0.00000000	     -0.00000000	      0.00000000	      0.00000000	     -0.00000000	     -0.21332859	     -0.11600039	     -0.10611051	     -0.11885246	     -0.03570163	     -0.06958516	      0.01074395	     -0.10070284	     -0.11446784	     -0.00768567
      0.03333258	      0.00000000	      0.00000000	      0.00000000	     -0.00000000	      0.00000000	      0.00000000	      0.01312949	      0.01464727	     -0.00000000	     -0.00000000	     -0.00000000	     -0.00000000	      0.01204516	      0.00001523	      0.00000000	      0.00000000	      0.00000000	      0.00000000	      0.00000000	      0.00000000	     -0.00000000	      0.00000000	      0.00000000	     -0.00300660	     -0.00000000	      0.00000000	     -0.00000000	      0.00000000	      0.00000000	      0.00523343	     -0.00335774	      0.00085812	     -0.00048964	     -0.00000000	      0.01510654	     -0.00000000	     -0.00000000	      0.00526838	      0.00674565	      0.00345385	     -0.39437951	     -0.49341946	     -0.23441575	     -0.10521264	     -0.37792728	     -0.34557763	      0.25028084	      0.29860371	     -0.00000000	      0.00000000	     -0.00000000	      0.00000000	      0.24194401	     -0.03894046	      0.18144991	      0.20077981	     -0.09584048	      0.38366608	      0.29371253	      0.16607393	      0.27562868	      0.18249207	      0.08458806	     -0.55380662	     -0.08933449	      0.00000000	      0.00000000	     -0.00480209	     -0.11032823	     -0.14292337	     -0.13236096	      0.03664775	     -0.03225714	      0.00000000	      0.40544367	      0.00000000	      0.00000000	     -0.11212476	     -0.06213615	     -0.16392874	      0.00000000	      0.00000000	      0.00000000	      0.00000000	      0.00000000	      0.00000000	     -0.00000000	      0.00000000	      0.00000000	      0.00000000	     -0.33694296	     -0.18408051	     -0.17296205	     -0.19001409	     -0.13013376	     -0.21840226	     -0.19348799	     -0.12634780	     -0.26854058	     -0.26634195
      0.03749924	       -nan(ind)	       -nan(ind)	       -nan(ind)	       -nan(ind)	       -nan(ind)	       -nan(ind)	       -nan(ind)	       -nan(ind)	       -nan(ind)	       -nan(ind)	       -nan(ind)	       -nan(ind)	       -nan(ind)	       -nan(ind)	       -nan(ind)	       -nan(ind)	       -nan(ind)	       -nan(ind)	       -nan(ind)	       -nan(ind)	       -nan(ind)	       -nan(ind)	       -nan(ind)	       -nan(ind)	       -nan(ind)	       -nan(ind)	       -nan(ind)	       -nan(ind)	       -nan(ind)	       -nan(ind)	       -nan(ind)	       -nan(ind)	       -nan(ind)	       -nan(ind)	       -nan(ind)	       -nan(ind)	       -nan(ind)	       -nan(ind)	       -nan(ind)	       -nan(ind)	       -nan(ind)	       -nan(ind)	       -nan(ind)	       -nan(ind)	       -nan(ind)	       -nan(ind)	       -nan(ind)	       -nan(ind)	       -nan(ind)	       -nan(ind)	       -nan(ind)	       -nan(ind)	       -nan(ind)	       -nan(ind)	       -nan(ind)	       -nan(ind)	       -nan(ind)	       -nan(ind)	       -nan(ind)	       -nan(ind)	       -nan(ind)	       -nan(ind)	       -nan(ind)	       -nan(ind)	       -nan(ind)	       -nan(ind)	       -nan(ind)	       -nan(ind)	       -nan(ind)	       -nan(ind)	       -nan(ind)	       -nan(ind)	       -nan(ind)	       -nan(ind)	       -nan(ind)	       -nan(ind)	       -nan(ind)	       -nan(ind)	       -nan(ind)	       -nan(ind)	       -nan(ind)	       -nan(ind)	       -nan(ind)	       -nan(ind)	       -nan(ind)	       -nan(ind)	       -nan(ind)	       -nan(ind)	       -nan(ind)	       -nan(ind)	       -nan(ind)	       -nan(ind)	       -nan(ind)	       -nan(ind)	       -nan(ind)	       -nan(ind)	       -nan(ind)	       -nan(ind)	       -nan(ind)	       -nan(ind)
      0.04166590	      0.00000000	      0.00000000	      0.00000000	      0.00000000	      0.00000000	      0.00000000	     -0.00005098	     -0.00005684	      0.00000000	     -0.00000000	     -0.00000000	      0.00000000	      0.00011116	     -0.00116908	      0.00000000	      0.00000000	      0.00000000	     -0.00000000	     -0.00000000	     -0.00000000	     -0.00000000	      0.00000000	     -0.00000000	      0.00001173	     -0.00000000	     -0.00000000	     -0.00000000	     -0.00000000	      0.00000000	     -0.00002031	      0.00001303	     -0.00000332	      0.00000191	      0.00000000	     -0.00005864	     -0.00000000	     -0.00000000	     -0.00002044	     -0.00002617	     -0.00001340	      0.00983073	      0.02554848	     -0.04618325	     -0.05846276	     -0.02261027	     -0.00737293	     -0.02455989	      0.08079257	      0.00000000	      0.00000000	      0.00000000	     -0.00000000	      0.07660377	     -0.04015406	     -0.11448929	     -0.14966916	     -0.16482500	      0.02563125	     -0.02232242	     -0.04617162	      0.06237485	      0.01712099	     -0.00949991	     -0.09498858	      0.06123473	      0.00000000	      0.00000000	     -0.03898818	      0.03377392	      0.11098347	     -0.05659891	     -0.11003813	     -0.13635389	      0.00000000	      0.20330781	      0.00000000	      0.00000000	      0.06156469	      0.08274213	      0.04001594	      0.00000000	     -0.00000000	     -0.00000000	      0.00000000	      0.00000000	      0.00000000	      0.00000000	     -0.00000000	     -0.00000000	      0.00000000	     -0.08532150	     -0.06215436	     -0.05547125	     -0.06269025	     -0.00703492	     -0.01653223	      0.03131891	     -0.05919932	     -0.04770450	      0.02260445
      0.04583256	     -0.00000000	     -0.00000000	     -0.00000000	     -0.00000000	     -0.00000000	     -0.00000000	     -0.03966180	     -0.04421645	      0.00000000	      0.00000000	     -0.00000000	      0.00000000	     -0.03700548	      0.00267131	      0.00000000	     -0.00000000	     -0.00000000	      0.00000000	      0.00000000	     -0.00000000	      0.00000000	      0.00000000	     -0.00000000	      0.00913913	      0.00000000	     -0.00000000	     -0.00000000	      0.00000000	      0.00000000	     -0.01579544	      0.01013358	     -0.00258505	      0.00149110	      0.00000000	     -0.04562513	      0.00000000	      0.00000000	     -0.01590049	     -0.02036039	     -0.01042354	     -0.14565530	     -0.21005697	      0.00083255	      0.07038551	     -0.08875783	     -0.11024073	      0.16949744	      0.02434270	      0.00000000	      0.00000000	      0.00000000	      0.00000000	      0.00492366	      0.04445191	      0.17838008	      0.26175702	      0.22186052	      0.06183213	      0.06983850	      0.04664765	     -0.02504299	     -0.01543547	     -0.01400525	     -0.06850119	     -0.12870677	      0.00000000	     -0.00000000	     -0.00568500	     -0.09628991	     -0.22697382	      0.00964192	      0.19349118	      0.20731032	      0.00000000	     -0.16216209	      0.00000000	      0.00000000	     -0.12500689	     -0.13306048	     -0.11690469	     -0.00000000	      0.00000000	     -0.00000000	     -0.00000000	     -0.00000000	     -0.00000000	     -0.00000000	     -0.00000000	     -0.00000000	     -0.00000000	     -0.04800584	     -0.04658670	     -0.04323027	     -0.04782978	     -0.04194346	     -0.06837214	     -0.09498596	     -0.02586165	     -0.08436666	     -0.12185860
      0.04999922	       -nan(ind)	       -nan(ind)	       -nan(ind)	       -nan(ind)	       -nan(ind)	       -nan(ind)	       -nan(ind)	       -nan(ind)	       -nan(ind)	       -nan(ind)	       -nan(ind)	       -nan(ind)	       -nan(ind)	       -nan(ind)	       -nan(ind)	       -nan(ind)	       -nan(ind)	       -nan(ind)	       -nan(ind)	       -nan(ind)	       -nan(ind)	       -nan(ind)	       -nan(ind)	       -nan(ind)	       -nan(ind)	       -nan(ind)	       -nan(ind)	       -nan(ind)	       -nan(ind)	       -nan(ind)	       -nan(ind)	       -nan(ind)	       -nan(ind)	       -nan(ind)	       -nan(ind)	       -nan(ind)	       -nan(ind)	       -nan(ind)	       -nan(ind)	       -nan(ind)	       -nan(ind)	       -nan(ind)	       -nan(ind)	       -nan(ind)	       -nan(ind)	       -nan(ind)	       -nan(ind)	       -nan(ind)	       -nan(ind)	       -nan(ind)	       -nan(ind)	       -nan(ind)	       -nan(ind)	       -nan(ind)	       -nan(ind)	       -nan(ind)	       -nan(ind)	       -nan(ind)	       -nan(ind)	       -nan(ind)	       -nan(ind)	       -nan(ind)	       -nan(ind)	       -nan(ind)	       -nan(ind)	       -nan(ind)	       -nan(ind)	       -nan(ind)	       -nan(ind)	       -nan(ind)	       -nan(ind)	       -nan(ind)	       -nan(ind)	       -nan(ind)	       -nan(ind)	       -nan(ind)	       -nan(ind)	       -nan(ind)	       -nan(ind)	       -nan(ind)	       -nan(ind)	       -nan(ind)	       -nan(ind)	       -nan(ind)	       -nan(ind)	       -nan(ind)	       -nan(ind)	       -nan(ind)	       -nan(ind)	       -nan(ind)	       -nan(ind)	       -nan(ind)	       -nan(ind)	       -nan(ind)	       -nan(ind)	       -nan(ind)	       -nan(ind)	       -nan(ind)	       -nan(ind)	       -nan(ind)
      0.05416588	     -0.00000000	      0.00000000	     -0.00000000	      0.00000000	     -0.00000000	     -0.00000000	     -0.00001748	     -0.00001949	     -0.00000000	     -0.00000000	     -0.00000000	      0.00000000	     -0.00019250	      0.00147999	      0.00000000	     -0.00000000	      0.00000000	     -0.00000000	      0.00000000	      0.00000000	     -0.00000000	      0.00000000	     -0.00000000	      0.00000404	     -0.00000000	      0.00000000	      0.00000000	     -0.00000000	     -0.00000000	     -0.00000696	      0.00000447	     -0.00000114	      0.00000066	     -0.00000000	     -0.00002011	     -0.00000000	      0.00000000	     -0.00000701	     -0.00000898	     -0.00000460	      0.09428450	      0.10029369	      0.12515460	      0.10554373	      0.13295739	      0.10369410	      0.08668951	     -0.04216566	      0.00000000	      0.00000000	      0.00000000	      0.00000000	     -0.03916604	      0.06951835	      0.10876900	      0.14888580	      0.25045000	     -0.13581881	     -0.04486848	      0.02245018	     -0.15725627	     -0.07095441	     -0.00727571	      0.24748135	     -0.05833855	     -0.00000000	     -0.00000000	      0.05752221	     -0.01565736	     -0.05369037	      0.07317818	      0.13898093	      0.18268479	      0.00000000	     -0.22660984	      0.00000000	      0.00000000	      0.00403753	     -0.02174458	      0.02691648	      0.00000000	      0.00000000	      0.00000000	      0.00000000	     -0.00000000	     -0.00000000	      0.00000000	     -0.00000000	     -0.00000000	     -0.00000000	      0.20749063	      0.13583058	      0.12284833	      0.13842912	      0.04531947	      0.08021193	      0.01603285	      0.11684965	      0.13728433	      0.04259595
      0.05833254	       -nan(ind)	       -nan(ind)	       -nan(ind)	       -nan(ind)	       -nan(ind)	       -nan(ind)	       -nan(ind)	       -nan(ind)	       -nan(ind)	       -nan(ind)	       -nan(ind)	       -nan(ind)	       -nan(ind)	       -nan(ind)	       -nan(ind)	       -nan(ind)	       -nan(ind)	       -nan(ind)	       -nan(ind)	       -nan(ind)	       -nan(ind)	       -nan(ind)	       -nan(ind)	       -nan(ind)	       -nan(ind)	       -nan(ind)	       -nan(ind)	       -nan(ind)	       -nan(ind)	       -nan(ind)	       -nan(ind)	       -nan(ind)	       -nan(ind)	       -nan(ind)	       -nan(ind)	       -nan(ind)	       -nan(ind)	       -nan(ind)	       -nan(ind)	       -nan(ind)	       -nan(ind)	       -nan(ind)	       -nan(ind)	       -nan(ind)	       -nan(ind)	       -nan(ind)	       -nan(ind)	       -nan(ind)	       -nan(ind)	       -nan(ind)	       -nan(ind)	       -nan(ind)	       -nan(ind)	       -nan(ind)	       -nan(ind)	       -nan(ind)	       -nan(ind)	       -nan(ind)	       -nan(ind)	       -nan(ind)	       -nan(ind)	       -nan(ind)	       -nan(ind)	       -nan(ind)	       -nan(ind)	       -nan(ind)	       -nan(ind)	       -nan(ind)	       -nan(ind)	       -nan(ind)	       -nan(ind)	       -nan(ind)	       -nan(ind)	       -nan(ind)	       -nan(ind)	       -nan(ind)	       -nan(ind)	       -nan(ind)	       -nan(ind)	       -nan(ind)	       -nan(ind)	       -nan(ind)	       -nan(ind)	       -nan(ind)	       -nan(ind)	       -nan(ind)	       -nan(ind)	       -nan(ind)	       -nan(ind)	       -nan(ind)	       -nan(ind)	       -nan(ind)	       -nan(ind)	       -nan(ind)	       -nan(ind)	       -nan(ind)	       -nan(ind)	       -nan(ind)	       -nan(ind)	       -nan(ind)
      0.06249920	     -0.00000000	     -0.00000000	     -0.00000000	     -0.00000000	      0.00000000	      0.00000000	      0.02638111	      0.02942664	     -0.00000000	      0.00000000	     -0.00000000	      0.00000000	      0.02481599	     -0.00386544	     -0.00000000	      0.00000000	      0.00000000	      0.00000000	     -0.00000000	     -0.00000000	      0.00000000	     -0.00000000	      0.00000000	     -0.00608599	     -0.00000000	     -0.00000000	      0.00000000	      0.00000000	     -0.00000000	      0.01051387	     -0.00674560	      0.00172063	     -0.00097884	      0.00000000	      0.03035065	     -0.00000000	     -0.00000000	      0.01058406	      0.01355194	      0.00693867	      0.35938618	      0.50184924	      0.06222446	     -0.09903028	      0.25921343	      0.28265164	     -0.45908579	     -0.23358282	      0.00000000	      0.00000000	      0.00000000	      0.00000000	     -0.17167673	     -0.08286843	     -0.40238046	     -0.57139328	     -0.39406737	     -0.22470873	     -0.22189124	     -0.14278119	     -0.03027113	     -0.03224386	     -0.00746901	      0.27191913	      0.27403940	      0.00000000	      0.00000000	      0.00211069	      0.21757274	      0.39836668	      0.02856067	     -0.37425187	     -0.37693816	     -0.00000000	      0.07238908	     -0.00000000	      0.00000000	      0.20727312	      0.19399924	      0.21843356	     -0.00000000	      0.00000000	     -0.00000000	     -0.00000000	     -0.00000000	      0.00000000	      0.00000000	      0.00000000	      0.00000000	      0.00000000	      0.18106973	      0.13211066	      0.12053230	      0.13831748	      0.10580846	      0.18082646	      0.24227577	      0.07824307	      0.22862646	      0.28634983
      0.06666586	     -0.00000000	     -0.00000000	     -0.00000000	     -0.00000000	     -0.00000000	      0.00000000	     -0.03956056	     -0.04414489	     -0.00000000	      0.00000000	      0.00000000	      0.00000000	     -0.03707058	      0.00465116	      0.00000000	     -0.00000000	      0.00000000	     -0.00000000	      0.00000000	     -0.00000000	     -0.00000000	      0.00000000	      0.00000000	      0.00911684	      0.00000000	     -0.00000000	      0.00000000	     -0.00000000	      0.00000000	     -0.01577470	      0.01012122	     -0.00258275	      0.00145543	      0.00000000	     -0.04551762	      0.00000000	      0.00000000	     -0.01588028	     -0.02033244	     -0.01041108	     -0.36345023	     -0.51467373	     -0.04349061	      0.12576465	     -0.25148456	     -0.28135505	      0.48094095	      0.21509498	     -0.00000000	     -0.00000000	     -0.00000000	     -0.00000000	      0.15124478	      0.10107345	      0.44868218	      0.64029482	      0.46712720	      0.21698396	      0.22690690	      0.15125417	      0.00507470	      0.01986545	      0.00303304	     -0.24233238	     -0.30565221	     -0.00000000	     -0.00000000	      0.00259846	     -0.23801787	     -0.44570873	     -0.00975062	      0.42267150	      0.43569750	     -0.00000000	     -0.15053360	     -0.00000000	     -0.00000000	     -0.23151317	     -0.22380946	     -0.23513547	      0.00000000	     -0.00000000	      0.00000000	      0.00000000	     -0.00000000	      0.00000000	     -0.00000000	      0.00000000	      0.00000000	      0.00000000	     -0.16642641	     -0.12663229	     -0.11472479	     -0.13337356	     -0.10471573	     -0.18143817	     -0.25631534	     -0.07138393	     -0.22954811	     -0.29556666
      0.07083252	     -0.00000000	     -0.00000000	     -0.00000000	     -0.00000000	     -0.00000000	     -0.00000000	      0.01319451	      0.01473069	     -0.00000000	      0.00000000	     -0.00000000	      0.00000000	      0.01234134	     -0.00099150	      0.00000000	     -0.00000000	      0.00000000	      0.00000000	      0.00000000	      0.00000000	      0.00000000	      0.00000000	      0.00000000	     -0.00303598	      0.00000000	      0.00000000	     -0.00000000	      0.00000000	     -0.00000000	      0.00526484	     -0.00337805	      0.00086253	     -0.00048028	      0.00000000	      0.01518345	      0.00000000	      0.00000000	      0.00530018	      0.00678579	      0.00347492	      0.25152195	      0.33420297	      0.11013958	      0.00738163	      0.22245734	      0.21947972	     -0.23481541	     -0.20486792	     -0.00000000	     -0.00000000	      0.00000000	      0.00000000	     -0.16897743	      0.00203357	     -0.13086458	     -0.20804500	     -0.05471086	     -0.20143978	     -0.12686369	     -0.03298696	     -0.11283753	     -0.04706887	      0.01221233	      0.31770037	      0.11327455	     -0.00000000	     -0.00000000	      0.06307235	      0.11171529	      0.16414654	      0.08797220	     -0.12015013	     -0.09134633	     -0.00000000	     -0.15691734	     -0.00000000	     -0.00000000	      0.09385004	      0.06133325	      0.12324350	      0.00000000	     -0.00000000	     -0.00000000	     -0.00000000	     -0.00000000	     -0.00000000	     -0.00000000	     -0.00000000	     -0.00000000	     -0.00000000	      0.25617977	      0.18905787	      0.16951938	      0.19444786	      0.09029474	      0.15636136	      0.14525625	      0.14612386	      0.23654434	      0.18041732
      0.07499918	     -0.00000000	      0.00000000	     -0.00000000	     -0.00000000	     -0.00000000	     -0.00000000	     -0.03954306	     -0.04417232	     -0.00000000	     -0.00000000	     -0.00000000	     -0.00000000	     -0.03647756	     -0.00102846	      0.00000000	     -0.00000000	     -0.00000000	      0.00000000	      0.00000000	      0.00000000	      0.00000000	      0.00000000	      0.00000000	      0.00908041	      0.00000000	      0.00000000	     -0.00000000	     -0.00000000	     -0.00000000	     -0.01579135	      0.01013222	     -0.00258902	      0.00142143	     -0.00000000	     -0.04551217	     -0.00000000	      0.00000000	     -0.01589775	     -0.02035256	     -0.01042337	     -0.00816659	      0.01797628	     -0.10201631	     -0.11879858	     -0.06569241	     -0.03650441	     -0.14096521	      0.03959754	      0.00000000	     -0.00000000	     -0.00000000	      0.00000000	      0.05194594	     -0.09124449	     -0.21831787	     -0.28944625	     -0.33259795	      0.06554497	     -0.03237826	     -0.08159210	      0.13626234	      0.04487026	     -0.01315905	     -0.18396610	      0.12215878	     -0.00000000	      0.00000000	     -0.07443484	      0.06654886	      0.16352429	     -0.09118599	     -0.21090520	     -0.25709608	     -0.00000000	      0.29351187	     -0.00000000	     -0.00000000	      0.06782278	      0.09672175	      0.03856264	     -0.00000000	     -0.00000000	     -0.00000000	     -0.00000000	      0.00000000	     -0.00000000	     -0.00000000	      0.00000000	      0.00000000	     -0.00000000	     -0.16609039	     -0.11630787	     -0.10419600	     -0.11662898	     -0.02386768	     -0.03729837	      0.03520365	     -0.11129399	     -0.08743351	      0.02366517
      0.07916584	      0.00000000	      0.00000000	      0.00000000	      0.00000000	      0.00000000	      0.00000000	      0.00001750	      0.00001956	      0.00000000	      0.00000000	      0.00000000	      0.00000000	     -0.00010305	      0.00154969	      0.00000000	     -0.00000000	      0.00000000	     -0.00000000	     -0.00000000	      0.00000000	     -0.00000000	     -0.00000000	     -0.00000000	     -0.00000401	     -0.00000000	     -0.00000000	     -0.00000000	     -0.00000000	      0.00000000	      0.00000700	     -0.00000449	      0.00000115	     -0.00000062	      0.00000000	      0.00002015	     -0.00000000	      0.00000000	      0.00000704	      0.00000902	      0.00000462	      0.07531626	      0.07648386	      0.11388163	      0.09902979	      0.11478554	      0.09064770	      0.09856548	     -0.03032506	      0.00000000	     -0.00000000	     -0.00000000	      0.00000000	     -0.03426838	      0.07920669	      0.14713128	      0.18219183	      0.25916201	     -0.10825148	     -0.00379591	      0.06411733	     -0.14329813	     -0.04741538	      0.01817057	      0.23029224	     -0.06983415	      0.00000000	      0.00000000	      0.08362371	     -0.02375772	     -0.06574628	      0.08480249	      0.14207801	      0.18470788	      0.00000000	     -0.21990645	      0.00000000	      0.00000000	     -0.00610816	     -0.03231796	      0.01780469	     -0.00000000	      0.00000000	     -0.00000000	     -0.00000000	     -0.00000000	     -0.00000000	     -0.00000000	      0.00000000	      0.00000000	      0.00000000	      0.21108558	      0.15286259	      0.13659581	      0.15454005	      0.04573341	      0.07484963	      0.01469942	      0.13695832	      0.14036489	      0.03001953
      0.08333250	      0.00000000	      0.00000000	      0.00000000	      0.00000000	     -0.00000000	      0.00000000	     -0.00881817	     -0.00986417	      0.00000000	     -0.00000000	      0.00000000	     -0.00000000	     -0.00776054	     -0.00377237	      0.00000000	      0.00000000	      0.00000000	     -0.00000000	      0.00000000	     -0.00000000	      0.00000000	     -0.00000000	     -0.00000000	      0.00201452	      0.00000000	     -0.00000000	      0.00000000	      0.00000000	      0.00000000	     -0.00352886	      0.00226410	     -0.00057961	      0.00030753	      0.00000000	     -0.01015473	      0.00000000	      0.00000000	     -0.00355284	     -0.00454776	     -0.00232966	      0.28904630	      0.43153631	     -0.02924888	     -0.18289944	      0.16433812	      0.20480786	     -0.45771200	     -0.12613369	      0.00000000	     -0.00000000	      0.00000000	      0.00000000	     -0.06698524	     -0.14896031	     -0.53491276	     -0.74417828	     -0.60738433	     -0.16005556	     -0.23006904	     -0.19097068	      0.06530657	     -0.00261517	     -0.01918622	      0.07713355	      0.33885583	     -0.00000000	      0.00000000	     -0.05113028	      0.24730209	      0.48149086	     -0.06053720	     -0.48217078	     -0.52743907	     -0.00000000	      0.34032868	     -0.00000000	     -0.00000000	      0.24542667	      0.25758480	      0.22414837	      0.00000000	     -0.00000000	      0.00000000	     -0.00000000	      0.00000000	     -0.00000000	      0.00000000	     -0.00000000	     -0.00000000	      0.00000000	      0.05203226	      0.04278771	      0.03620354	      0.05055893	      0.06817743	      0.13245643	      0.24246899	     -0.00333176	      0.15415147	      0.25471046
      0.08749916	      0.00000000	      0.00000000	     -0.00000000	     -0.00000000	     -0.00000000	      0.00000000	     -0.00003496	     -0.00003914	     -0.00000000	     -0.00000000	      0.00000000	     -0.00000000	     -0.00003244	      0.00337816	     -0.00000000	     -0.00000000	     -0.00000000	     -0.00000000	     -0.00000000	      0.00000000	     -0.00000000	     -0.00000000	     -0.00000000	      0.00000796	      0.00000000	     -0.00000000	     -0.00000000	     -0.00000000	      0.00000000	     -0.00001401	      0.00000899	     -0.00000230	      0.00000120	     -0.00000000	     -0.00004027	     -0.00000000	      0.00000000	     -0.00001410	     -0.00001805	     -0.00000925	      0.46619284	      0.55921389	      0.41379361	      0.25725074	      0.53902739	      0.47906180	     -0.04386315	     -0.36797714	      0.00000000	     -0.00000000	      0.00000000	      0.00000000	     -0.35485050	      0.21987580	      0.25082821	      0.23596774	      0.61008798	     -0.50763179	     -0.12676400	      0.16982547	     -0.50956028	     -0.16496411	      0.08684201	      0.96181334	     -0.05814150	      0.00000000	     -0.00000000	      0.32550202	      0.06677867	     -0.03225909	      0.36375217	      0.23015141	      0.37583313	      0.00000000	     -0.84626526	      0.00000000	     -0.00000000	      0.04633109	     -0.07289795	      0.15630951	     -0.00000000	      0.00000000	     -0.00000000	     -0.00000000	     -0.00000000	     -0.00000000	      0.00000000	     -0.00000000	      0.00000000	     -0.00000000	      0.87283097	      0.65236308	      0.57960157	      0.66250524	      0.22773099	      0.38116031	      0.23427100	      0.56213184	      0.66180909	      0.27435204
      0.09166582	     -0.00000000	     -0.00000000	     -0.00000000	     -0.00000000	     -0.00000000	      0.00000000	      0.01320369	      0.01479398	      0.00000000	     -0.00000000	      0.00000000	     -0.00000000	      0.01227285	      0.00176710	     -0.00000000	      0.00000000	      0.00000000	      0.00000000	      0.00000000	     -0.00000000	     -0.00000000	     -0.00000000	     -0.00000000	     -0.00299729	      0.00000000	     -0.00000000	      0.00000000	     -0.00000000	     -0.00000000	      0.00529782	     -0.00339843	      0.00087190	     -0.00044412	     -0.00000000	      0.01521693	      0.00000000	      0.00000000	      0.00533417	      0.00682680	      0.00349811	     -0.08301043	     -0.13845517	      0.05633934	      0.11041560	     -0.01883072	     -0.04198039	      0.21267811	      0.03131999	      0.00000000	      0.00000000	      0.00000000	     -0.00000000	      0.00546886	      0.09637027	      0.28524201	      0.37613900	      0.34496150	      0.02955417	      0.10744461	      0.12156995	     -0.07615987	     -0.00512023	      0.02874669	      0.06860068	     -0.16244576	      0.00000000	      0.00000000	      0.06768650	     -0.10648225	     -0.21572749	      0.06641132	      0.24473926	      0.28120181	      0.00000000	     -0.22682460	      0.00000000	      0.00000000	     -0.10067900	     -0.11732767	     -0.08031886	      0.00000000	     -0.00000000	     -0.00000000	     -0.00000000	      0.00000000	     -0.00000000	     -0.00000000	     -0.00000000	      0.00000000	     -0.00000000	      0.07165663	      0.05705388	      0.05212443	      0.05397330	     -0.00441181	     -0.01937383	     -0.08575645	      0.06924810	      0.00206977	     -0.08723545
      0.09583248	       -nan(ind)	       -nan(ind)	       -nan(ind)	       -nan(ind)	       -nan(ind)	       -nan(ind)	       -nan(ind)	       -nan(ind)	       -nan(ind)	       -nan(ind)	       -nan(ind)	       -nan(ind)	       -nan(ind)	       -nan(ind)	       -nan(ind)	       -nan(ind)	       -nan(ind)	       -nan(ind)	       -nan(ind)	       -nan(ind)	       -nan(ind)	       -nan(ind)	       -nan(ind)	       -nan(ind)	       -nan(ind)	       -nan(ind)	       -nan(ind)	       -nan(ind)	       -nan(ind)	       -nan(ind)	       -nan(ind)	       -nan(ind)	       -nan(ind)	       -nan(ind)	       -nan(ind)	       -nan(ind)	       -nan(ind)	       -nan(ind)	       -nan(ind)	       -nan(ind)	       -nan(ind)	       -nan(ind)	       -nan(ind)	       -nan(ind)	       -nan(ind)	       -nan(ind)	       -nan(ind)	       -nan(ind)	       -nan(ind)	       -nan(ind)	       -nan(ind)	       -nan(ind)	       -nan(ind)	       -nan(ind)	       -nan(ind)	       -nan(ind)	       -nan(ind)	       -nan(ind)	       -nan(ind)	       -nan(ind)	       -nan(ind)	       -nan(ind)	       -nan(ind)	       -nan(ind)	       -nan(ind)	       -nan(ind)	       -nan(ind)	       -nan(ind)	       -nan(ind)	       -nan(ind)	       -nan(ind)	       -nan(ind)	       -nan(ind)	       -nan(ind)	       -nan(ind)	       -nan(ind)	       -nan(ind)	       -nan(ind)	       -nan(ind)	       -nan(ind)	       -nan(ind)	       -nan(ind)	       -nan(ind)	       -nan(ind)	       -nan(ind)	       -nan(ind)	       -nan(ind)	       -nan(ind)	       -nan(ind)	       -nan(ind)	       -nan(ind)	       -nan(ind)	       -nan(ind)	       -nan(ind)	       -nan(ind)	       -nan(ind)	       -nan(ind)	       -nan(ind)	       -nan(ind)	       -nan(ind)
      0.09999914	       -nan(ind)	       -nan(ind)	       -nan(ind)	       -nan(ind)	       -nan(ind)	       -nan(ind)	       -nan(ind)	       -nan(ind)	       -nan(ind)	       -nan(ind)	       -nan(ind)	       -nan(ind)	       -nan(ind)	       -nan(ind)	       -nan(ind)	       -nan(ind)	       -nan(ind)	       -nan(ind)	       -nan(ind)	       -nan(ind)	       -nan(ind)	       -nan(ind)	       -nan(ind)	       -nan(ind)	       -nan(ind)	       -nan(ind)	       -nan(ind)	       -nan(ind)	       -nan(ind)	       -nan(ind)	       -nan(ind)	       -nan(ind)	       -nan(ind)	       -nan(ind)	       -nan(ind)	       -nan(ind)	       -nan(ind)	       -nan(ind)	       -nan(ind)	       -nan(ind)	       -nan(ind)	       -nan(ind)	       -nan(ind)	       -nan(ind)	       -nan(ind)	       -nan(ind)	       -nan(ind)	       -nan(ind)	       -nan(ind)	       -nan(ind)	       -nan(ind)	       -nan(ind)	       -nan(ind)	       -nan(ind)	       -nan(ind)	       -nan(ind)	       -nan(ind)	       -nan(ind)	       -nan(ind)	       -nan(ind)	       -nan(ind)	       -nan(ind)	       -nan(ind)	       -nan(ind)	       -nan(ind)	       -nan(ind)	       -nan(ind)	       -nan(ind)	       -nan(ind)	       -nan(ind)	       -nan(ind)	       -nan(ind)	       -nan(ind)	       -nan(ind)	       -nan(ind)	       -nan(ind)	       -nan(ind)	       -nan(ind)	       -nan(ind)	       -nan(ind)	       -nan(ind)	       -nan(ind)	       -nan(ind)	       -nan(ind)	       -nan(ind)	       -nan(ind)	       -nan(ind)	       -nan(ind)	       -nan(ind)	       -nan(ind)	       -nan(ind)	       -nan(ind)	       -nan(ind)	       -nan(ind)	       -nan(ind)	       -nan(ind)	       -nan(ind)	       -nan(ind)	       -nan(ind)	       -nan(ind)
      0.10416580	      0.00000000	      0.00000000	      0.00000000	     -0.00000000	     -0.00000000	      0.00000000	     -0.00000000	     -0.00000000	      0.00000000	     -0.00000000	     -0.00000000	      0.00000000	     -0.00000000	     -0.00020848	      0.00000000	     -0.00000000	     -0.00000000	      0.00000000	     -0.00000000	     -0.00000000	      0.00000000	     -0.00000000	      0.00000000	     -0.00000000	     -0.00000000	     -0.00000000	      0.00000000	      0.00000000	      0.00000000	      0.00000000	     -0.00000000	     -0.00000000	     -0.00000000	      0.00000000	     -0.00000000	     -0.00000000	      0.00000000	      0.00000000	     -0.00000000	     -0.00000000	      0.15149322	      0.20269404	      0.06493732	     -0.00370958	      0.13495384	      0.13718490	     -0.09585381	     -0.07083713	     -0.00000000	      0.00000000	      0.00000000	      0.00000000	     -0.05803535	      0.00847668	     -0.08607890	     -0.14748696	     -0.04178317	     -0.13835587	     -0.07552481	     -0.00411563	     -0.08671646	     -0.03001909	      0.01950938	      0.19094589	      0.07145670	      0.00000000	      0.00000000	      0.06199318	      0.07462883	      0.12022228	      0.05648315	     -0.07540784	     -0.06261383	      0.00000000	     -0.04731376	     -0.00000000	      0.00000000	      0.07688725	      0.05845185	      0.08901972	      0.00000000	      0.00000000	     -0.00000000	      0.00000000	     -0.00000000	      0.00000000	     -0.00000000	      0.00000000	     -0.00000000	     -0.00000000	      0.19297800	      0.15079413	      0.13150262	      0.15451569	      0.06096553	      0.10963149	      0.11271346	      0.12136485	      0.17780487	      0.11002258
      0.10833246	       -nan(ind)	       -nan(ind)	       -nan(ind)	       -nan(ind)	       -nan(ind)	       -nan(ind)	       -nan(ind)	       -nan(ind)	       -nan(ind)	       -nan(ind)	       -nan(ind)	       -nan(ind)	       -nan(ind)	       -nan(ind)	       -nan(ind)	       -nan(ind)	       -nan(ind)	       -nan(ind)	       -nan(ind)	       -nan(ind)	       -nan(ind)	       -nan(ind)	       -nan(ind)	       -nan(ind)	       -nan(ind)	       -nan(ind)	       -nan(ind)	       -nan(ind)	       -nan(ind)	       -nan(ind)	       -nan(ind)	       -nan(ind)	       -nan(ind)	       -nan(ind)	       -nan(ind)	       -nan(ind)	       -nan(ind)	       -nan(ind)	       -nan(ind)	       -nan(ind)	       -nan(ind)	       -nan(ind)	       -nan(ind)	       -nan(ind)	       -nan(ind)	       -nan(ind)	       -nan(ind)	       -nan(ind)	       -nan(ind)	       -nan(ind)	       -nan(ind)	       -nan(ind)	       -nan(ind)	       -nan(ind)	       -nan(ind)	       -nan(ind)	       -nan(ind)	       -nan(ind)	       -nan(ind)	       -nan(ind)	       -nan(ind)	       -nan(ind)	       -nan(ind)	       -nan(ind)	       -nan(ind)	       -nan(ind)	       -nan(ind)	       -nan(ind)	       -nan(ind)	       -nan(ind)	       -nan(ind)	       -nan(ind)	       -nan(ind)	       -nan(ind)	       -nan(ind)	       -nan(ind)	       -nan(ind)	       -nan(ind)	       -nan(ind)	       -nan(ind)	       -nan(ind)	       -nan(ind)	       -nan(ind)	       -nan(ind)	       -nan(ind)	       -nan(ind)	       -nan(ind)	       -nan(ind)	       -nan(ind)	       -nan(ind)	       -nan(ind)	       -nan(ind)	       -nan(ind)	       -nan(ind)	       -nan(ind)	       -nan(ind)	       -nan(ind)	       -nan(ind)	       -nan(ind)	       -nan(ind)
      0.11249912	     -0.00000000	     -0.00000000	     -0.00000000	     -0.00000000	      0.00000000	      0.00000000	     -0.01311463	     -0.01475970	      0.00000000	     -0.00000000	      0.00000000	      0.00000000	     -0.01230967	      0.00189340	     -0.00000000	      0.00000000	      0.00000000	      0.00000000	      0.00000000	      0.00000000	     -0.00000000	     -0.00000000	      0.00000000	      0.00292454	      0.00000000	     -0.00000000	     -0.00000000	     -0.00000000	     -0.00000000	     -0.00530510	      0.00339948	     -0.00087712	      0.00039785	      0.00000000	     -0.01515919	     -0.00000000	      0.00000000	     -0.00534242	     -0.00683430	     -0.00350460	      0.23256340	      0.27728518	      0.20310533	      0.11633719	      0.26868737	      0.25071707	      0.00228848	     -0.15790590	      0.00000000	      0.00000000	      0.00000000	      0.00000000	     -0.17394486	      0.13548635	      0.14144774	      0.10129480	      0.29947060	     -0.25813837	     -0.02681164	      0.14535039	     -0.27186331	     -0.06545468	      0.08386411	      0.49083462	     -0.03332785	      0.00000000	      0.00000000	      0.22147401	      0.04016963	     -0.01548069	      0.21779078	      0.10468119	      0.17630046	      0.00000000	     -0.43038504	      0.00000000	      0.00000000	      0.02268926	     -0.04295864	      0.08249701	     -0.00000000	     -0.00000000	      0.00000000	      0.00000000	      0.00000000	      0.00000000	      0.00000000	     -0.00000000	     -0.00000000	      0.00000000	      0.49691752	      0.39441689	      0.34699997	      0.39757973	      0.13086473	      0.21526066	      0.17513400	      0.34751536	      0.38072419	      0.14053197
      0.11666578	     -0.00000000	     -0.00000000	     -0.00000000	     -0.00000000	     -0.00000000	     -0.00000000	     -0.00000000	      0.00000000	      0.00000000	     -0.00000000	      0.00000000	     -0.00000000	      0.00000000	     -0.00082689	      0.00000000	      0.00000000	      0.00000000	      0.00000000	      0.00000000	     -0.00000000	      0.00000000	      0.00000000	     -0.00000000	     -0.00000000	     -0.00000000	     -0.00000000	      0.00000000	      0.00000000	     -0.00000000	     -0.00000000	     -0.00000000	     -0.00000000	     -0.00000000	      0.00000000	      0.00000000	      0.00000000	      0.00000000	     -0.00000000	     -0.00000000	     -0.00000000	      0.05905608	      0.09613019	     -0.02710391	     -0.06695295	      0.02257378	      0.03836601	     -0.10678011	     -0.00010517	      0.00000000	     -0.00000000	      0.00000000	     -0.00000000	      0.02161610	     -0.04840576	     -0.16023351	     -0.22048419	     -0.19635387	     -0.03520796	     -0.06068689	     -0.05333649	      0.02712804	      0.00567466	     -0.00251954	     -0.01205198	      0.09761452	     -0.00000000	     -0.00000000	     -0.01405894	      0.06877948	      0.15120470	     -0.02510623	     -0.13714605	     -0.15774485	     -0.00000000	      0.15986770	     -0.00000000	      0.00000000	      0.08115075	      0.08921108	      0.06711924	     -0.00000000	     -0.00000000	      0.00000000	     -0.00000000	     -0.00000000	     -0.00000000	     -0.00000000	      0.00000000	      0.00000000	     -0.00000000	      0.00746107	      0.01097492	      0.00711196	      0.01318442	      0.01191332	      0.03198106	      0.05091057	     -0.00214063	      0.04431254	      0.05734137
      0.12083244	      0.00000000	      0.00000000	      0.00000000	      0.00000000	      0.00000000	      0.00000000	      0.02628642	      0.02963206	     -0.00000000	     -0.00000000	      0.00000000	      0.00000000	      0.02477049	     -0.00027947	      0.00000000	      0.00000000	      0.00000000	     -0.00000000	     -0.00000000	      0.00000000	     -0.00000000	     -0.00000000	     -0.00000000	     -0.00582324	     -0.00000000	      0.00000000	      0.00000000	      0.00000000	      0.00000000	      0.01066909	     -0.00683279	      0.00176626	     -0.00076677	     -0.00000000	      0.03042661	     -0.00000000	     -0.00000000	      0.01074486	      0.01374301	      0.00704941	     -0.11509125	     -0.15894761	     -0.03180214	      0.02602975	     -0.09280122	     -0.10016598	      0.12096349	      0.08139061	     -0.00000000	     -0.00000000	     -0.00000000	      0.00000000	      0.07539337	      0.01134071	      0.11803509	      0.17948935	      0.09613891	      0.10664392	      0.07527726	      0.02564468	      0.05387586	      0.02455342	     -0.00737076	     -0.11897582	     -0.07780464	      0.00000000	     -0.00000000	     -0.03384550	     -0.07114151	     -0.10086082	     -0.04269092	      0.09612265	      0.09381398	      0.00000000	      0.03657090	     -0.00000000	      0.00000000	     -0.05136766	     -0.03570292	     -0.06181011	      0.00000000	     -0.00000000	     -0.00000000	      0.00000000	      0.00000000	      0.00000000	      0.00000000	      0.00000000	      0.00000000	      0.00000000	     -0.12929590	     -0.10114951	     -0.08631998	     -0.10403842	     -0.04239656	     -0.08223751	     -0.09414479	     -0.07771418	     -0.13046308	     -0.08884479
      0.12499910	      0.00000000	      0.00000000	      0.00000000	      0.00000000	      0.00000000	      0.00000000	     -0.02629963	     -0.02966867	      0.00000000	     -0.00000000	      0.00000000	      0.00000000	     -0.02482943	      0.00031952	      0.00000000	      0.00000000	     -0.00000000	      0.00000000	      0.00000000	      0.00000000	      0.00000000	      0.00000000	      0.00000000	      0.00580877	     -0.00000000	      0.00000000	     -0.00000000	     -0.00000000	      0.00000000	     -0.01069148	      0.00684513	     -0.00177081	      0.00075383	     -0.00000000	     -0.03046257	     -0.00000000	      0.00000000	     -0.01076774	     -0.01377117	     -0.00706482	      0.15260864	      0.21102164	      0.04082617	     -0.03906185	      0.12324615	      0.13791972	     -0.16746638	     -0.12123497	      0.00000000	     -0.00000000	      0.00000000	     -0.00000000	     -0.11765053	     -0.00466912	     -0.13805200	     -0.22946545	     -0.12404676	     -0.13864757	     -0.07764623	     -0.00165837	     -0.07361571	     -0.01763055	      0.03230496	      0.17446559	      0.10093012	      0.00000000	      0.00000000	      0.07379920	      0.09633723	      0.13359618	      0.08190726	     -0.12550378	     -0.12090562	     -0.00000000	     -0.06612882	     -0.00000000	     -0.00000000	      0.06585893	      0.03928599	      0.08499302	     -0.00000000	      0.00000000	      0.00000000	     -0.00000000	      0.00000000	      0.00000000	      0.00000000	      0.00000000	     -0.00000000	      0.00000000	      0.20336267	      0.16980315	      0.14555765	      0.17287304	      0.06409962	      0.12143020	      0.13060366	      0.13669528	      0.20140463	      0.11807923
      0.12916576	     -0.00000000	     -0.00000000	     -0.00000000	     -0.00000000	     -0.00000000	     -0.00000000	      0.00000293	      0.00000331	      0.00000000	     -0.00000000	     -0.00000000	     -0.00000000	      0.00000277	      0.00191249	      0.00000000	      0.00000000	      0.00000000	      0.00000000	      0.00000000	      0.00000000	      0.00000000	      0.00000000	      0.00000000	     -0.00000065	     -0.00000000	      0.00000000	      0.00000000	     -0.00000000	     -0.00000000	      0.00000119	     -0.00000076	      0.00000020	     -0.00000008	     -0.00000000	      0.00000340	      0.00000000	     -0.00000000	      0.00000120	      0.00000154	      0.00000079	      0.00148131	     -0.04095580	      0.12520764	      0.14917714	      0.07436219	      0.05090302	      0.23689498	      0.02420699	      0.00000000	     -0.00000000	      0.00000000	      0.00000000	     -0.00915334	      0.15824731	      0.35882209	      0.41590627	      0.45264555	     -0.03439889	      0.13861127	      0.21411846	     -0.15293623	     -0.00429255	      0.08382691	      0.22812123	     -0.17940255	      0.00000000	      0.00000000	      0.16906188	     -0.09382792	     -0.19347570	      0.13401494	      0.26424605	      0.32409308	      0.00000000	     -0.31860540	      0.00000000	     -0.00000000	     -0.06782726	     -0.09981651	     -0.03139069	     -0.00000000	      0.00000000	      0.00000000	      0.00000000	      0.00000000	     -0.00000000	     -0.00000000	      0.00000000	      0.00000000	     -0.00000000	      0.23806488	      0.20212742	      0.18264048	      0.19865329	      0.04891262	      0.05381741	      0.01794785	      0.20372601	      0.12177320	     -0.03280613
      0.13333242	     -0.00000000	     -0.00000000	     -0.00000000	     -0.00000000	     -0.00000000	     -0.00000000	      0.03936831	      0.04446674	      0.00000000	      0.00000000	      0.00000000	     -0.00000000	      0.03728815	     -0.00141286	     -0.00000000	     -0.00000000	     -0.00000000	      0.00000000	      0.00000000	      0.00000000	      0.00000000	      0.00000000	      0.00000000	     -0.00865016	      0.00000000	      0.00000000	      0.00000000	      0.00000000	      0.00000000	      0.01605068	     -0.01027050	      0.00266004	     -0.00109633	     -0.00000000	      0.04565676	      0.00000000	      0.00000000	      0.01616609	      0.02067218	      0.01060782	      0.00219658	      0.01193539	     -0.02481275	     -0.03038758	     -0.01328204	     -0.00951572	     -0.03103456	      0.02335822	      0.00000000	      0.00000000	      0.00000000	      0.00000000	      0.03835369	     -0.03456871	     -0.08249209	     -0.09276389	     -0.09723890	      0.00292702	     -0.03718125	     -0.05403197	      0.03003906	     -0.00421916	     -0.02348121	     -0.05188631	      0.03970425	      0.00000000	      0.00000000	     -0.04181589	      0.02077459	      0.05697455	     -0.04220303	     -0.05560876	     -0.06955041	      0.00000000	      0.10759319	      0.00000000	     -0.00000000	      0.03065921	      0.04256065	      0.01665592	     -0.00000000	     -0.00000000	     -0.00000000	     -0.00000000	     -0.00000000	     -0.00000000	     -0.00000000	     -0.00000000	     -0.00000000	     -0.00000000	     -0.05307849	     -0.04784741	     -0.04322395	     -0.04696161	     -0.01116630	     -0.01182116	     -0.00420137	     -0.04849179	     -0.02803944	      0.00861444
      0.13749908	      0.00000000	      0.00000000	      0.00000000	      0.00000000	      0.00000000	      0.00000000	      0.03932273	      0.04443737	      0.00000000	     -0.00000000	     -0.00000000	      0.00000000	      0.03728908	     -0.00071282	      0.00000000	      0.00000000	      0.00000000	     -0.00000000	     -0.00000000	      0.00000000	     -0.00000000	     -0.00000000	     -0.00000000	     -0.00862138	      0.00000000	      0.00000000	     -0.00000000	      0.00000000	     -0.00000000	      0.01605243	     -0.01026890	      0.00266064	     -0.00108352	     -0.00000000	      0.04562860	      0.00000000	     -0.00000000	      0.01616829	      0.02067359	      0.01060975	      0.16244339	      0.20591260	      0.08988624	      0.01375282	      0.15843455	      0.16635631	     -0.08608438	     -0.11773378	      0.00000000	     -0.00000000	      0.00000000	      0.00000000	     -0.13386320	      0.05515127	     -0.02467851	     -0.10481438	      0.03195239	     -0.16453526	     -0.03845343	      0.06994167	     -0.14249739	     -0.03126774	      0.05692906	      0.26222596	      0.03835426	      0.00000000	      0.00000000	      0.13642899	      0.06683387	      0.05889914	      0.13901337	     -0.03675456	     -0.01105394	     -0.00000000	     -0.20528121	      0.00000000	      0.00000000	      0.03682062	     -0.00447914	      0.07185004	      0.00000000	      0.00000000	     -0.00000000	      0.00000000	     -0.00000000	      0.00000000	      0.00000000	      0.00000000	      0.00000000	      0.00000000	      0.30413341	      0.25147509	      0.21833478	      0.25250398	      0.08643769	      0.14874248	      0.14962373	      0.21773645	      0.25485986	      0.11349625
      0.14166574	      0.00000000	      0.00000000	      0.00000000	      0.00000000	     -0.00000000	     -0.00000000	     -0.01320439	     -0.01492798	      0.00000000	     -0.00000000	      0.00000000	      0.00000000	     -0.01253865	     -0.00089637	      0.00000000	      0.00000000	      0.00000000	      0.00000000	      0.00000000	      0.00000000	     -0.00000000	      0.00000000	      0.00000000	      0.00288958	     -0.00000000	      0.00000000	     -0.00000000	     -0.00000000	      0.00000000	     -0.00539643	      0.00345130	     -0.00089444	      0.00036106	      0.00000000	     -0.01532912	     -0.00000000	     -0.00000000	     -0.00543551	     -0.00694968	     -0.00356698	     -0.09193472	     -0.08961121	     -0.12235375	     -0.09134464	     -0.13192086	     -0.12843976	     -0.06253379	      0.09413614	     -0.00000000	     -0.00000000	      0.00000000	     -0.00000000	      0.13946944	     -0.13470953	     -0.22121417	     -0.19353774	     -0.29209032	      0.10282926	     -0.09052227	     -0.20488635	      0.16930070	      0.00354530	     -0.10617862	     -0.29467570	      0.09101757	      0.00000000	     -0.00000000	     -0.20786065	      0.01897382	      0.10034016	     -0.19281558	     -0.13064790	     -0.18218887	      0.00000000	      0.36923947	      0.00000000	     -0.00000000	      0.04015300	      0.09260274	     -0.01308327	     -0.00000000	      0.00000000	     -0.00000000	     -0.00000000	     -0.00000000	      0.00000000	      0.00000000	      0.00000000	     -0.00000000	     -0.00000000	     -0.33536941	     -0.29176615	     -0.25823157	     -0.28986792	     -0.08656562	     -0.12331700	     -0.10931181	     -0.27442438	     -0.23256984	     -0.04484354
      0.14583240	     -0.00000000	     -0.00000000	      0.00000000	      0.00000000	      0.00000000	     -0.00000000	      0.00001886	      0.00002133	     -0.00000000	     -0.00000000	      0.00000000	     -0.00000000	      0.00001793	     -0.00008182	      0.00000000	      0.00000000	      0.00000000	      0.00000000	      0.00000000	      0.00000000	      0.00000000	      0.00000000	      0.00000000	     -0.00000412	     -0.00000000	     -0.00000000	      0.00000000	      0.00000000	     -0.00000000	      0.00000772	     -0.00000493	      0.00000128	     -0.00000051	     -0.00000000	      0.00002190	      0.00000000	      0.00000000	      0.00000777	      0.00000994	      0.00000510	      0.07569855	      0.10461328	      0.01487284	     -0.02907884	      0.05910303	      0.07359511	     -0.07014496	     -0.03520867	     -0.00000000	     -0.00000000	     -0.00000000	     -0.00000000	     -0.02826460	      0.00728619	     -0.06633591	     -0.12750594	     -0.07659187	     -0.06638864	     -0.02130827	      0.02522226	     -0.03743721	      0.00290507	      0.03453450	      0.08908309	      0.05267836	     -0.00000000	      0.00000000	      0.06145035	      0.05346059	      0.09257349	      0.05218735	     -0.06803244	     -0.06863563	     -0.00000000	      0.01013007	     -0.00000000	     -0.00000000	      0.05463921	      0.04171189	      0.06130252	      0.00000000	      0.00000000	      0.00000000	      0.00000000	     -0.00000000	      0.00000000	      0.00000000	      0.00000000	      0.00000000	      0.00000000	      0.12978974	      0.11642565	      0.10001340	      0.11640509	      0.04107752	      0.07307776	      0.07317014	      0.09809475	      0.12604402	      0.06039437
      0.14999906	       -nan(ind)	       -nan(ind)	       -nan(ind)	       -nan(ind)	       -nan(ind)	       -nan(ind)	       -nan(ind)	       -nan(ind)	       -nan(ind)	       -nan(ind)	       -nan(ind)	       -nan(ind)	       -nan(ind)	       -nan(ind)	       -nan(ind)	       -nan(ind)	       -nan(ind)	       -nan(ind)	       -nan(ind)	       -nan(ind)	       -nan(ind)	       -nan(ind)	       -nan(ind)	       -nan(ind)	       -nan(ind)	       -nan(ind)	       -nan(ind)	       -nan(ind)	       -nan(ind)	       -nan(ind)	       -nan(ind)	       -nan(ind)	       -nan(ind)	       -nan(ind)	       -nan(ind)	       -nan(ind)	       -nan(ind)	       -nan(ind)	       -nan(ind)	       -nan(ind)	       -nan(ind)	       -nan(ind)	       -nan(ind)	       -nan(ind)	       -nan(ind)	       -nan(ind)	       -nan(ind)	       -nan(ind)	       -nan(ind)	       -nan(ind)	       -nan(ind)	       -nan(ind)	       -nan(ind)	       -nan(ind)	       -nan(ind)	       -nan(ind)	       -nan(ind)	       -nan(ind)	       -nan(ind)	       -nan(ind)	       -nan(ind)	       -nan(ind)	       -nan(ind)	       -nan(ind)	       -nan(ind)	       -nan(ind)	       -nan(ind)	       -nan(ind)	       -nan(ind)	       -nan(ind)	       -nan(ind)	       -nan(ind)	       -nan(ind)	       -nan(ind)	       -nan(ind)	       -nan(ind)	       -nan(ind)	       -nan(ind)	       -nan(ind)	       -nan(ind)	       -nan(ind)	       -nan(ind)	       -nan(ind)	       -nan(ind)	       -nan(ind)	       -nan(ind)	       -nan(ind)	       -nan(ind)	       -nan(ind)	       -nan(ind)	       -nan(ind)	       -nan(ind)	       -nan(ind)	       -nan(ind)	       -nan(ind)	       -nan(ind)	       -nan(ind)	       -nan(ind)	       -nan(ind)	       -nan(ind)
      0.15416572	     -0.00000000	     -0.00000000	     -0.00000000	      0.00000000	     -0.00000000	     -0.00000000	     -0.02626422	     -0.02972057	     -0.00000000	     -0.00000000	     -0.00000000	      0.00000000	     -0.02503772	      0.00025023	     -0.00000000	     -0.00000000	     -0.00000000	      0.00000000	     -0.00000000	      0.00000000	     -0.00000000	      0.00000000	      0.00000000	      0.00571738	     -0.00000000	     -0.00000000	     -0.00000000	      0.00000000	     -0.00000000	     -0.01076340	      0.00687948	     -0.00178384	      0.00070314	      0.00000000	     -0.03052665	     -0.00000000	     -0.00000000	     -0.01084199	     -0.01386013	     -0.00711567	      0.10989673	      0.15936428	     -0.00186250	     -0.07041567	      0.07239511	      0.09867430	     -0.18479632	     -0.11594436	     -0.00000000	     -0.00000000	     -0.00000000	     -0.00000000	     -0.12048478	     -0.02110336	     -0.17131382	     -0.27053707	     -0.20448715	     -0.09276584	     -0.06176558	     -0.00840085	     -0.02779510	      0.00148045	      0.03061919	      0.09622619	      0.11289845	     -0.00000000	      0.00000000	      0.05448667	      0.09812344	      0.13454655	      0.07458826	     -0.14915068	     -0.15900990	     -0.00000000	     -0.01797673	      0.00000000	     -0.00000000	      0.05634465	      0.03219389	      0.07232370	      0.00000000	     -0.00000000	      0.00000000	      0.00000000	      0.00000000	     -0.00000000	     -0.00000000	      0.00000000	     -0.00000000	      0.00000000	      0.14872030	      0.13263346	      0.11235943	      0.13194937	      0.05237543	      0.09911744	      0.09969823	      0.10468199	      0.16436126	      0.09443819
      0.15833238	     -0.00000000	      0.00000000	      0.00000000	      0.00000000	     -0.00000000	     -0.00000000	     -0.01314033	     -0.01487279	      0.00000000	      0.00000000	     -0.00000000	      0.00000000	     -0.01254463	      0.00008541	     -0.00000000	     -0.00000000	     -0.00000000	     -0.00000000	     -0.00000000	     -0.00000000	      0.00000000	      0.00000000	      0.00000000	      0.00285586	     -0.00000000	      0.00000000	      0.00000000	     -0.00000000	     -0.00000000	     -0.00538881	      0.00344373	     -0.00089303	      0.00035029	      0.00000000	     -0.01527744	      0.00000000	      0.00000000	     -0.00542824	     -0.00693906	     -0.00356270	     -0.00623684	     -0.00123958	     -0.01914222	     -0.01833642	     -0.01538990	     -0.01545672	     -0.03129798	     -0.00404581	     -0.00000000	     -0.00000000	     -0.00000000	      0.00000000	      0.00025970	     -0.02924557	     -0.05977821	     -0.05514652	     -0.06578582	      0.00523640	     -0.03286553	     -0.05134205	      0.02535067	     -0.00627706	     -0.02559493	     -0.04251877	      0.02673203	      0.00000000	     -0.00000000	     -0.04366173	      0.01134242	      0.01710607	     -0.03122119	     -0.03241521	     -0.04087042	      0.00000000	      0.04316240	      0.00000000	     -0.00000000	      0.00161715	      0.00809374	     -0.00489015	     -0.00000000	     -0.00000000	     -0.00000000	     -0.00000000	      0.00000000	     -0.00000000	     -0.00000000	     -0.00000000	     -0.00000000	      0.00000000	     -0.05449852	     -0.05168183	     -0.04604131	     -0.05134299	     -0.01417878	     -0.01597084	     -0.01436644	     -0.05123575	     -0.03359854	      0.00001747
      0.16249904	     -0.00000000	     -0.00000000	     -0.00000000	     -0.00000000	     -0.00000000	      0.00000000	      0.00003335	      0.00003776	     -0.00000000	     -0.00000000	     -0.00000000	      0.00000000	      0.00003188	      0.00063374	      0.00000000	      0.00000000	     -0.00000000	      0.00000000	      0.00000000	      0.00000000	      0.00000000	      0.00000000	      0.00000000	     -0.00000724	     -0.00000000	     -0.00000000	      0.00000000	      0.00000000	     -0.00000000	      0.00001369	     -0.00000874	      0.00000227	     -0.00000089	      0.00000000	      0.00003879	      0.00000000	     -0.00000000	      0.00001379	      0.00001762	      0.00000905	     -0.00467346	     -0.02898589	      0.05445842	      0.06723646	      0.02830247	      0.02101323	      0.12567126	      0.03674953	      0.00000000	     -0.00000000	      0.00000000	     -0.00000000	      0.02583488	      0.08191590	      0.19813724	      0.20814118	      0.22736561	      0.00342452	      0.09654716	      0.13337313	     -0.06541991	      0.01060751	      0.05627088	      0.09262973	     -0.09908301	     -0.00000000	     -0.00000000	      0.10028955	     -0.05448486	     -0.07986295	      0.06424370	      0.12056406	      0.14578063	      0.00000000	     -0.11839257	     -0.00000000	     -0.00000000	     -0.01961130	     -0.03098276	     -0.00595809	     -0.00000000	      0.00000000	     -0.00000000	     -0.00000000	     -0.00000000	     -0.00000000	     -0.00000000	     -0.00000000	      0.00000000	     -0.00000000	      0.10877924	      0.10316657	      0.09302118	      0.10313967	      0.02498310	      0.01825782	      0.01660565	      0.10880207	      0.04809110	     -0.01964690
      0.16666570	       -nan(ind)	       -nan(ind)	       -nan(ind)	       -nan(ind)	       -nan(ind)	       -nan(ind)	       -nan(ind)	       -nan(ind)	       -nan(ind)	       -nan(ind)	       -nan(ind)	       -nan(ind)	       -nan(ind)	       -nan(ind)	       -nan(ind)	       -nan(ind)	       -nan(ind)	       -nan(ind)	       -nan(ind)	       -nan(ind)	       -nan(ind)	       -nan(ind)	       -nan(ind)	       -nan(ind)	       -nan(ind)	       -nan(ind)	       -nan(ind)	       -nan(ind)	       -nan(ind)	       -nan(ind)	       -nan(ind)	       -nan(ind)	       -nan(ind)	       -nan(ind)	       -nan(ind)	       -nan(ind)	       -nan(ind)	       -nan(ind)	       -nan(ind)	       -nan(ind)	       -nan(ind)	       -nan(ind)	       -nan(ind)	       -nan(ind)	       -nan(ind)	       -nan(ind)	       -nan(ind)	       -nan(ind)	       -nan(ind)	       -nan(ind)	       -nan(ind)	       -nan(ind)	       -nan(ind)	       -nan(ind)	       -nan(ind)	       -nan(ind)	       -nan(ind)	       -nan(ind)	       -nan(ind)	       -nan(ind)	       -nan(ind)	       -nan(ind)	       -nan(ind)	       -nan(ind)	       -nan(ind)	       -nan(ind)	       -nan(ind)	       -nan(ind)	       -nan(ind)	       -nan(ind)	       -nan(ind)	       -nan(ind)	       -nan(ind)	       -nan(ind)	       -nan(ind)	       -nan(ind)	       -nan(ind)	       -nan(ind)	       -nan(ind)	       -nan(ind)	       -nan(ind)	       -nan(ind)	       -nan(ind)	       -nan(ind)	       -nan(ind)	       -nan(ind)	       -nan(ind)	       -nan(ind)	       -nan(ind)	       -nan(ind)	       -nan(ind)	       -nan(ind)	       -nan(ind)	       -nan(ind)	       -nan(ind)	       -nan(ind)	       -nan(ind)	       -nan(ind)	       -nan(ind)	       -nan(ind)
      0.17083236	      0.00000000	     -0.00000000	     -0.00000000	      0.00000000	      0.00000000	      0.00000000	     -0.02622891	     -0.02969976	      0.00000000	      0.00000000	      0.00000000	      0.00000000	     -0.02514501	      0.00235608	      0.00000000	     -0.00000000	     -0.00000000	      0.00000000	     -0.00000000	      0.00000000	     -0.00000000	      0.00000000	      0.00000000	      0.00567274	     -0.00000000	     -0.00000000	     -0.00000000	     -0.00000000	     -0.00000000	     -0.01077281	      0.00688183	     -0.00178484	      0.00069740	     -0.00000000	     -0.03051449	     -0.00000000	      0.00000000	     -0.01085203	     -0.01387116	     -0.00712293	      0.06604847	      0.01242385	      0.18710217	      0.17651591	      0.15238051	      0.15821477	      0.18805916	     -0.13446581	     -0.00000000	     -0.00000000	     -0.00000000	     -0.00000000	     -0.24714331	      0.28749926	      0.62760568	      0.54417838	      0.65800108	     -0.03306624	      0.35786572	      0.54344683	     -0.25270501	      0.06519158	      0.26515772	      0.43485052	     -0.28672868	     -0.00000000	     -0.00000000	      0.45645312	     -0.12829196	     -0.27796232	      0.39244682	      0.30399194	      0.38938893	     -0.00000000	     -0.71339767	     -0.00000000	     -0.00000000	     -0.12448549	     -0.22145822	     -0.01975943	      0.00000000	     -0.00000000	      0.00000000	      0.00000000	      0.00000000	     -0.00000000	      0.00000000	      0.00000000	     -0.00000000	      0.00000000	      0.54005831	      0.52346186	      0.46401890	      0.52411463	      0.14367018	      0.14754977	      0.14436267	      0.52563621	      0.32188969	      0.00092944
      0.17499902	     -0.00000000	     -0.00000000	     -0.00000000	     -0.00000000	     -0.00000000	     -0.00000000	      0.00877980	      0.00994272	      0.00000000	     -0.00000000	      0.00000000	     -0.00000000	      0.00842901	      0.00019115	      0.00000000	     -0.00000000	      0.00000000	      0.00000000	      0.00000000	     -0.00000000	      0.00000000	      0.00000000	      0.00000000	     -0.00189543	     -0.00000000	      0.00000000	     -0.00000000	      0.00000000	     -0.00000000	      0.00360742	     -0.00230427	      0.00059767	     -0.00023378	     -0.00000000	      0.01021607	     -0.00000000	     -0.00000000	      0.00363397	      0.00464488	      0.00238526	      0.05418790	      0.05320196	      0.05169755	      0.02628928	      0.06621107	      0.07891744	      0.01108692	     -0.04818734	     -0.00000000	      0.00000000	      0.00000000	     -0.00000000	     -0.07040677	      0.07908979	      0.12828606	      0.06565901	      0.11594886	     -0.03479090	      0.08975222	      0.16077482	     -0.08076787	      0.02055098	      0.08837518	      0.15038252	     -0.04720635	      0.00000000	      0.00000000	      0.15332411	     -0.00487510	     -0.01476731	      0.13117267	      0.03825568	      0.05705684	     -0.00000000	     -0.16475513	     -0.00000000	     -0.00000000	      0.00450962	     -0.02710275	      0.03393772	      0.00000000	      0.00000000	      0.00000000	      0.00000000	      0.00000000	      0.00000000	      0.00000000	      0.00000000	      0.00000000	     -0.00000000	      0.20882571	      0.19902199	      0.17477606	      0.19839377	      0.06096731	      0.07541738	      0.07252338	      0.19104763	      0.14816394	      0.03084069
      0.17916568	       -nan(ind)	       -nan(ind)	       -nan(ind)	       -nan(ind)	       -nan(ind)	       -nan(ind)	       -nan(ind)	       -nan(ind)	       -nan(ind)	       -nan(ind)	       -nan(ind)	       -nan(ind)	       -nan(ind)	       -nan(ind)	       -nan(ind)	       -nan(ind)	       -nan(ind)	       -nan(ind)	       -nan(ind)	       -nan(ind)	       -nan(ind)	       -nan(ind)	       -nan(ind)	       -nan(ind)	       -nan(ind)	       -nan(ind)	       -nan(ind)	       -nan(ind)	       -nan(ind)	       -nan(ind)	       -nan(ind)	       -nan(ind)	       -nan(ind)	       -nan(ind)	       -nan(ind)	       -nan(ind)	       -nan(ind)	       -nan(ind)	       -nan(ind)	       -nan(ind)	       -nan(ind)	       -nan(ind)	       -nan(ind)	       -nan(ind)	       -nan(ind)	       -nan(ind)	       -nan(ind)	       -nan(ind)	       -nan(ind)	       -nan(ind)	       -nan(ind)	       -nan(ind)	       -nan(ind)	       -nan(ind)	       -nan(ind)	       -nan(ind)	       -nan(ind)	       -nan(ind)	       -nan(ind)	       -nan(ind)	       -nan(ind)	       -nan(ind)	       -nan(ind)	       -nan(ind)	       -nan(ind)	       -nan(ind)	       -nan(ind)	       -nan(ind)	       -nan(ind)	       -nan(ind)	       -nan(ind)	       -nan(ind)	       -nan(ind)	       -nan(ind)	       -nan(ind)	       -nan(ind)	       -nan(ind)	       -nan(ind)	       -nan(ind)	       -nan(ind)	       -nan(ind)	       -nan(ind)	       -nan(ind)	       -nan(ind)	       -nan(ind)	       -nan(ind)	       -nan(ind)	       -nan(ind)	       -nan(ind)	       -nan(ind)	       -nan(ind)	       -nan(ind)	       -nan(ind)	       -nan(ind)	       -nan(ind)	       -nan(ind)	       -nan(ind)	       -nan(ind)	       -nan(ind)	       -nan(ind)
      0.18333234	     -0.00000000	     -0.00000000	      0.00000000	      0.00000000	      0.00000000	     -0.00000000	     -0.00003476	     -0.00003937	     -0.00000000	     -0.00000000	     -0.00000000	      0.00000000	     -0.00003347	     -0.00085163	      0.00000000	      0.00000000	      0.00000000	     -0.00000000	      0.00000000	      0.00000000	      0.00000000	     -0.00000000	     -0.00000000	      0.00000747	      0.00000000	     -0.00000000	     -0.00000000	      0.00000000	      0.00000000	     -0.00001429	      0.00000913	     -0.00000237	      0.00000093	      0.00000000	     -0.00004046	      0.00000000	      0.00000000	     -0.00001440	     -0.00001840	     -0.00000945	      0.06711035	      0.12594058	     -0.07408918	     -0.12324821	      0.00135033	      0.02500763	     -0.20114719	     -0.01106366	     -0.00000000	     -0.00000000	      0.00000000	      0.00000000	      0.04048395	     -0.12547572	     -0.39986948	     -0.43396606	     -0.43797521	     -0.06209803	     -0.19806268	     -0.23277779	      0.07869118	     -0.02820822	     -0.08851640	     -0.09275721	      0.21159774	      0.00000000	      0.00000000	     -0.14924502	      0.13876115	      0.24180624	     -0.10372316	     -0.23657019	     -0.27859093	      0.00000000	      0.31610774	      0.00000000	      0.00000000	      0.11976745	      0.14208867	      0.08579569	     -0.00000000	      0.00000000	      0.00000000	      0.00000000	      0.00000000	     -0.00000000	      0.00000000	     -0.00000000	      0.00000000	      0.00000000	     -0.09489074	     -0.10860971	     -0.09348726	     -0.11684913	     -0.00596671	      0.03116889	      0.02851571	     -0.13417968	      0.00326527	      0.08138157
      0.18749900	      0.00000000	      0.00000000	      0.00000000	      0.00000000	     -0.00000000	      0.00000000	     -0.00006953	     -0.00007877	     -0.00000000	     -0.00000000	     -0.00000000	      0.00000000	     -0.00006706	      0.00342653	     -0.00000000	      0.00000000	     -0.00000000	     -0.00000000	     -0.00000000	     -0.00000000	     -0.00000000	     -0.00000000	      0.00000000	      0.00001491	      0.00000000	     -0.00000000	     -0.00000000	     -0.00000000	      0.00000000	     -0.00002860	      0.00001826	     -0.00000474	      0.00000186	      0.00000000	     -0.00008095	     -0.00000000	      0.00000000	     -0.00002881	     -0.00003682	     -0.00001891	     -0.47482291	     -0.74408568	      0.20878796	      0.49567104	     -0.18733883	     -0.32020437	      1.10079859	      0.45350356	      0.00000000	      0.00000000	     -0.00000000	     -0.00000000	      0.37767000	      0.43113959	      1.60914060	      1.86600448	      1.76904502	      0.40582492	      0.80620128	      0.83154352	     -0.15066384	      0.15974594	      0.30088402	      0.05453285	     -0.87379213	      0.00000000	      0.00000000	      0.44158084	     -0.62721673	     -0.87761886	      0.10107826	      1.01877601	      1.15918385	      0.00000000	     -0.58824594	      0.00000000	     -0.00000000	     -0.35997170	     -0.34649860	     -0.33016321	     -0.00000000	     -0.00000000	     -0.00000000	     -0.00000000	      0.00000000	      0.00000000	      0.00000000	     -0.00000000	     -0.00000000	      0.00000000	      0.02931681	      0.15024440	      0.11271371	      0.19579123	     -0.10405725	     -0.30287658	     -0.29071067	      0.28775689	     -0.28615931	     -0.47258971
      0.19166566	       -nan(ind)	       -nan(ind)	       -nan(ind)	       -nan(ind)	       -nan(ind)	       -nan(ind)	       -nan(ind)	       -nan(ind)	       -nan(ind)	       -nan(ind)	       -nan(ind)	       -nan(ind)	       -nan(ind)	       -nan(ind)	       -nan(ind)	       -nan(ind)	       -nan(ind)	       -nan(ind)	       -nan(ind)	       -nan(ind)	       -nan(ind)	       -nan(ind)	       -nan(ind)	       -nan(ind)	       -nan(ind)	       -nan(ind)	       -nan(ind)	       -nan(ind)	       -nan(ind)	       -nan(ind)	       -nan(ind)	       -nan(ind)	       -nan(ind)	       -nan(ind)	       -nan(ind)	       -nan(ind)	       -nan(ind)	       -nan(ind)	       -nan(ind)	       -nan(ind)	       -nan(ind)	       -nan(ind)	       -nan(ind)	       -nan(ind)	       -nan(ind)	       -nan(ind)	       -nan(ind)	       -nan(ind)	       -nan(ind)	       -nan(ind)	       -nan(ind)	       -nan(ind)	       -nan(ind)	       -nan(ind)	       -nan(ind)	       -nan(ind)	       -nan(ind)	       -nan(ind)	       -nan(ind)	       -nan(ind)	       -nan(ind)	       -nan(ind)	       -nan(ind)	       -nan(ind)	       -nan(ind)	       -nan(ind)	       -nan(ind)	       -nan(ind)	       -nan(ind)	       -nan(ind)	       -nan(ind)	       -nan(ind)	       -nan(ind)	       -nan(ind)	       -nan(ind)	       -nan(ind)	       -nan(ind)	       -nan(ind)	       -nan(ind)	       -nan(ind)	       -nan(ind)	       -nan(ind)	       -nan(ind)	       -nan(ind)	       -nan(ind)	       -nan(ind)	       -nan(ind)	       -nan(ind)	       -nan(ind)	       -nan(ind)	       -nan(ind)	       -nan(ind)	       -nan(ind)	       -nan(ind)	       -nan(ind)	       -nan(ind)	       -nan(ind)	       -nan(ind)	       -nan(ind)	       -nan(ind)
      0.19583232	      0.00000000	      0.00000000	     -0.00000000	      0.00000000	      0.00000000	     -0.00000000	     -0.00000000	     -0.00000000	      0.00000000	     -0.00000000	     -0.00000000	      0.00000000	     -0.00000000	     -0.00033971	     -0.00000000	      0.00000000	      0.00000000	     -0.00000000	     -0.00000000	     -0.00000000	     -0.00000000	     -0.00000000	      0.00000000	      0.00000000	     -0.00000000	     -0.00000000	      0.00000000	      0.00000000	     -0.00000000	     -0.00000000	     -0.00000000	     -0.00000000	      0.00000000	     -0.00000000	     -0.00000000	     -0.00000000	     -0.00000000	     -0.00000000	     -0.00000000	     -0.00000000	     -0.07065729	     -0.03980456	     -0.11991300	     -0.10189903	     -0.11410437	     -0.11005167	     -0.05946298	      0.13335265	      0.00000000	      0.00000000	      0.00000000	     -0.00000000	      0.21193233	     -0.15131119	     -0.34954728	     -0.28763086	     -0.36328914	      0.05207651	     -0.15213700	     -0.25506452	      0.18429376	      0.02502025	     -0.09452795	     -0.24831568	      0.17832622	      0.00000000	      0.00000000	     -0.22309249	      0.08923165	      0.21027598	     -0.24030870	     -0.16431690	     -0.21081796	      0.00000000	      0.53927979	      0.00000000	      0.00000000	      0.11913400	      0.17995705	      0.05048504	     -0.00000000	     -0.00000000	      0.00000000	     -0.00000000	     -0.00000000	     -0.00000000	     -0.00000000	     -0.00000000	      0.00000000	      0.00000000	     -0.32017919	     -0.27741149	     -0.23745715	     -0.28521752	     -0.07200885	     -0.06832453	     -0.06494347	     -0.28021800	     -0.17309298	     -0.01545106
      0.19999898	       -nan(ind)	       -nan(ind)	       -nan(ind)	       -nan(ind)	       -nan(ind)	       -nan(ind)	       -nan(ind)	       -nan(ind)	       -nan(ind)	       -nan(ind)	       -nan(ind)	       -nan(ind)	       -nan(ind)	       -nan(ind)	       -nan(ind)	       -nan(ind)	       -nan(ind)	       -nan(ind)	       -nan(ind)	       -nan(ind)	       -nan(ind)	       -nan(ind)	       -nan(ind)	       -nan(ind)	       -nan(ind)	       -nan(ind)	       -nan(ind)	       -nan(ind)	       -nan(ind)	       -nan(ind)	       -nan(ind)	       -nan(ind)	       -nan(ind)	       -nan(ind)	       -nan(ind)	       -nan(ind)	       -nan(ind)	       -nan(ind)	       -nan(ind)	       -nan(ind)	       -nan(ind)	       -nan(ind)	       -nan(ind)	       -nan(ind)	       -nan(ind)	       -nan(ind)	       -nan(ind)	       -nan(ind)	       -nan(ind)	       -nan(ind)	       -nan(ind)	       -nan(ind)	       -nan(ind)	       -nan(ind)	       -nan(ind)	       -nan(ind)	       -nan(ind)	       -nan(ind)	       -nan(ind)	       -nan(ind)	       -nan(ind)	       -nan(ind)	       -nan(ind)	       -nan(ind)	       -nan(ind)	       -nan(ind)	       -nan(ind)	       -nan(ind)	       -nan(ind)	       -nan(ind)	       -nan(ind)	       -nan(ind)	       -nan(ind)	       -nan(ind)	       -nan(ind)	       -nan(ind)	       -nan(ind)	       -nan(ind)	       -nan(ind)	       -nan(ind)	       -nan(ind)	       -nan(ind)	       -nan(ind)	       -nan(ind)	       -nan(ind)	       -nan(ind)	       -nan(ind)	       -nan(ind)	       -nan(ind)	       -nan(ind)	       -nan(ind)	       -nan(ind)	       -nan(ind)	       -nan(ind)	       -nan(ind)	       -nan(ind)	       -nan(ind)	       -nan(ind)	       -nan(ind)	       -nan(ind)
      0.20416564	      0.00000000	      0.00000000	     -0.00000000	     -0.00000000	     -0.00000000	     -0.00000000	     -0.02180705	     -0.02473397	      0.00000000	     -0.00000000	     -0.00000000	     -0.00000000	     -0.02119845	      0.00021823	     -0.00000000	     -0.00000000	     -0.00000000	      0.00000000	     -0.00000000	     -0.00000000	      0.00000000	      0.00000000	     -0.00000000	      0.00461618	     -0.00000000	     -0.00000000	      0.00000000	     -0.00000000	      0.00000000	     -0.00898415	      0.00573652	     -0.00149262	      0.00057525	      0.00000000	     -0.02542091	      0.00000000	      0.00000000	     -0.00905062	     -0.01156726	     -0.00594104	     -0.02780308	     -0.03402161	     -0.00444235	      0.00909400	     -0.02012622	     -0.02766772	      0.03238113	      0.02556953	     -0.00000000	     -0.00000000	     -0.00000000	     -0.00000000	      0.02755705	     -0.00357128	      0.01639480	      0.03480407	      0.02809078	      0.01919545	      0.00796178	     -0.00369898	      0.01536187	      0.00649667	     -0.00273325	     -0.02679618	     -0.01209621	      0.00000000	      0.00000000	     -0.01306939	     -0.01410830	     -0.01995897	     -0.02648920	      0.02152958	      0.02248027	     -0.00000000	      0.02433443	      0.00000000	     -0.00000000	     -0.00957066	     -0.00265699	     -0.01506132	     -0.00000000	     -0.00000000	     -0.00000000	     -0.00000000	     -0.00000000	      0.00000000	     -0.00000000	     -0.00000000	     -0.00000000	     -0.00000000	     -0.03899617	     -0.03080656	     -0.02846779	     -0.02910624	     -0.01521984	     -0.02198971	     -0.02016017	     -0.02541841	     -0.03388919	     -0.02127677
      0.20833230	       -nan(ind)	       -nan(ind)	       -nan(ind)	       -nan(ind)	       -nan(ind)	       -nan(ind)	       -nan(ind)	       -nan(ind)	       -nan(ind)	       -nan(ind)	       -nan(ind)	       -nan(ind)	       -nan(ind)	       -nan(ind)	       -nan(ind)	       -nan(ind)	       -nan(ind)	       -nan(ind)	       -nan(ind)	       -nan(ind)	       -nan(ind)	       -nan(ind)	       -nan(ind)	       -nan(ind)	       -nan(ind)	       -nan(ind)	       -nan(ind)	       -nan(ind)	       -nan(ind)	       -nan(ind)	       -nan(ind)	       -nan(ind)	       -nan(ind)	       -nan(ind)	       -nan(ind)	       -nan(ind)	       -nan(ind)	       -nan(ind)	       -nan(ind)	       -nan(ind)	       -nan(ind)	       -nan(ind)	       -nan(ind)	       -nan(ind)	       -nan(ind)	       -nan(ind)	       -nan(ind)	       -nan(ind)	       -nan(ind)	       -nan(ind)	       -nan(ind)	       -nan(ind)	       -nan(ind)	       -nan(ind)	       -nan(ind)	       -nan(ind)	       -nan(ind)	       -nan(ind)	       -nan(ind)	       -nan(ind)	       -nan(ind)	       -nan(ind)	       -nan(ind)	       -nan(ind)	       -nan(ind)	       -nan(ind)	       -nan(ind)	       -nan(ind)	       -nan(ind)	       -nan(ind)	       -nan(ind)	       -nan(ind)	       -nan(ind)	       -nan(ind)	       -nan(ind)	       -nan(ind)	       -nan(ind)	       -nan(ind)	       -nan(ind)	       -nan(ind)	       -nan(ind)	       -nan(ind)	       -nan(ind)	       -nan(ind)	       -nan(ind)	       -nan(ind)	       -nan(ind)	       -nan(ind)	       -nan(ind)	       -nan(ind)	       -nan(ind)	       -nan(ind)	       -nan(ind)	       -nan(ind)	       -nan(ind)	       -nan(ind)	       -nan(ind)	       -nan(ind)	       -nan(ind)	       -nan(ind)
      0.21249896	       -nan(ind)	       -nan(ind)	       -nan(ind)	       -nan(ind)	       -nan(ind)	       -nan(ind)	       -nan(ind)	       -nan(ind)	       -nan(ind)	       -nan(ind)	       -nan(ind)	       -nan(ind)	       -nan(ind)	       -nan(ind)	       -nan(ind)	       -nan(ind)	       -nan(ind)	       -nan(ind)	       -nan(ind)	       -nan(ind)	       -nan(ind)	       -nan(ind)	       -nan(ind)	       -nan(ind)	       -nan(ind)	       -nan(ind)	       -nan(ind)	       -nan(ind)	       -nan(ind)	       -nan(ind)	       -nan(ind)	       -nan(ind)	       -nan(ind)	       -nan(ind)	       -nan(ind)	       -nan(ind)	       -nan(ind)	       -nan(ind)	       -nan(ind)	       -nan(ind)	       -nan(ind)	       -nan(ind)	       -nan(ind)	       -nan(ind)	       -nan(ind)	       -nan(ind)	       -nan(ind)	       -nan(ind)	       -nan(ind)	       -nan(ind)	       -nan(ind)	       -nan(ind)	       -nan(ind)	       -nan(ind)	       -nan(ind)	       -nan(ind)	       -nan(ind)	       -nan(ind)	       -nan(ind)	       -nan(ind)	       -nan(ind)	       -nan(ind)	       -nan(ind)	       -nan(ind)	       -nan(ind)	       -nan(ind)	       -nan(ind)	       -nan(ind)	       -nan(ind)	       -nan(ind)	       -nan(ind)	       -nan(ind)	       -nan(ind)	       -nan(ind)	       -nan(ind)	       -nan(ind)	       -nan(ind)	       -nan(ind)	       -nan(ind)	       -nan(ind)	       -nan(ind)	       -nan(ind)	       -nan(ind)	       -nan(ind)	       -nan(ind)	       -nan(ind)	       -nan(ind)	       -nan(ind)	       -nan(ind)	       -nan(ind)	       -nan(ind)	       -nan(ind)	       -nan(ind)	       -nan(ind)	       -nan(ind)	       -nan(ind)	       -nan(ind)	       -nan(ind)	       -nan(ind)	       -nan(ind)
      0.21666562	      0.00000000	      0.00000000	      0.00000000	     -0.00000000	      0.00000000	     -0.00000000	      0.03916597	      0.04449399	     -0.00000000	     -0.00000000	     -0.00000000	     -0.00000000	      0.03835370	      0.00083237	      0.00000000	     -0.00000000	      0.00000000	     -0.00000000	     -0.00000000	     -0.00000000	      0.00000000	     -0.00000000	      0.00000000	     -0.00818265	     -0.00000000	     -0.00000000	     -0.00000000	      0.00000000	      0.00000000	      0.01616993	     -0.01032300	      0.00269443	     -0.00098737	      0.00000000	      0.04573598	     -0.00000000	      0.00000000	      0.01628984	      0.02081856	      0.01069336	     -0.20764287	     -0.25635822	     -0.00223063	      0.09863958	     -0.12869921	     -0.20326411	      0.30509509	      0.22260440	      0.00000000	     -0.00000000	     -0.00000000	      0.00000000	      0.22555103	     -0.00493637	      0.15670586	      0.28684646	      0.28329201	      0.12614511	      0.06868801	     -0.00129183	      0.08610548	      0.04094455	     -0.00989892	     -0.16125297	     -0.11637944	      0.00000000	     -0.00000000	     -0.06924066	     -0.12007619	     -0.19387221	     -0.19992696	      0.20576810	      0.22491980	     -0.00000000	      0.13914050	     -0.00000000	     -0.00000000	     -0.09171237	     -0.04073042	     -0.13125817	      0.00000000	     -0.00000000	      0.00000000	      0.00000000	     -0.00000000	      0.00000000	      0.00000000	     -0.00000000	      0.00000000	     -0.00000000	     -0.23741662	     -0.19244340	     -0.18933658	     -0.17436205	     -0.11317427	     -0.16124175	     -0.14155533	     -0.14941113	     -0.22916341	     -0.16590270
      0.22083228	      0.00000000	      0.00000000	      0.00000000	      0.00000000	     -0.00000000	      0.00000000	     -0.00000000	     -0.00000000	     -0.00000000	      0.00000000	      0.00000000	      0.00000000	      0.00000000	      0.00241282	      0.00000000	      0.00000000	      0.00000000	     -0.00000000	      0.00000000	      0.00000000	      0.00000000	      0.00000000	      0.00000000	      0.00000000	      0.00000000	      0.00000000	      0.00000000	     -0.00000000	     -0.00000000	     -0.00000000	      0.00000000	      0.00000000	      0.00000000	      0.00000000	     -0.00000000	      0.00000000	     -0.00000000	     -0.00000000	     -0.00000000	      0.00000000	     -0.72198278	     -0.79497485	     -0.19132735	      0.14421290	     -0.55637610	     -0.77766494	      0.79043426	      0.85726289	     -0.00000000	      0.00000000	     -0.00000000	     -0.00000000	      0.94161484	     -0.27874003	     -0.22269169	      0.25821677	      0.23682167	      0.46500119	     -0.06186940	     -0.45007548	      0.60928135	      0.20459787	     -0.16129064	     -0.84620309	      0.00512720	     -0.00000000	     -0.00000000	     -0.58946272	     -0.16133734	     -0.24880242	     -1.02858725	      0.31001229	      0.30216816	     -0.00000000	      1.28221717	     -0.00000000	     -0.00000000	     -0.10831233	      0.13708755	     -0.32930057	     -0.00000000	      0.00000000	      0.00000000	      0.00000000	      0.00000000	      0.00000000	      0.00000000	      0.00000000	      0.00000000	     -0.00000000	     -1.38839677	     -1.10364604	     -1.01479369	     -1.06963495	     -0.44014608	     -0.57810514	     -0.46293362	     -0.97127970	     -1.05858986	     -0.49050970
      0.22499894	       -nan(ind)	       -nan(ind)	       -nan(ind)	       -nan(ind)	       -nan(ind)	       -nan(ind)	       -nan(ind)	       -nan(ind)	       -nan(ind)	       -nan(ind)	       -nan(ind)	       -nan(ind)	       -nan(ind)	       -nan(ind)	       -nan(ind)	       -nan(ind)	       -nan(ind)	       -nan(ind)	       -nan(ind)	       -nan(ind)	       -nan(ind)	       -nan(ind)	       -nan(ind)	       -nan(ind)	       -nan(ind)	       -nan(ind)	       -nan(ind)	       -nan(ind)	       -nan(ind)	       -nan(ind)	       -nan(ind)	       -nan(ind)	       -nan(ind)	       -nan(ind)	       -nan(ind)	       -nan(ind)	       -nan(ind)	       -nan(ind)	       -nan(ind)	       -nan(ind)	       -nan(ind)	       -nan(ind)	       -nan(ind)	       -nan(ind)	       -nan(ind)	       -nan(ind)	       -nan(ind)	       -nan(ind)	       -nan(ind)	       -nan(ind)	       -nan(ind)	       -nan(ind)	       -nan(ind)	       -nan(ind)	       -nan(ind)	       -nan(ind)	       -nan(ind)	       -nan(ind)	       -nan(ind)	       -nan(ind)	       -nan(ind)	       -nan(ind)	       -nan(ind)	       -nan(ind)	       -nan(ind)	       -nan(ind)	       -nan(ind)	       -nan(ind)	       -nan(ind)	       -nan(ind)	       -nan(ind)	       -nan(ind)	       -nan(ind)	       -nan(ind)	       -nan(ind)	       -nan(ind)	       -nan(ind)	       -nan(ind)	       -nan(ind)	       -nan(ind)	       -nan(ind)	       -nan(ind)	       -nan(ind)	       -nan(ind)	       -nan(ind)	       -nan(ind)	       -nan(ind)	       -nan(ind)	       -nan(ind)	       -nan(ind)	       -nan(ind)	       -nan(ind)	       -nan(ind)	       -nan(ind)	       -nan(ind)	       -nan(ind)	       -nan(ind)	       -nan(ind)	       -nan(ind)	       -nan(ind)
      0.22916560	      0.00000000	     -0.00000000	      0.00000000	      0.00000000	     -0.00000000	      0.00000000	      0.01300133	      0.01480510	      0.00000000	     -0.00000000	     -0.00000000	     -0.00000000	      0.01283721	      0.00021175	      0.00000000	      0.00000000	      0.00000000	      0.00000000	      0.00000000	      0.00000000	      0.00000000	     -0.00000000	      0.00000000	     -0.00267329	     -0.00000000	     -0.00000000	     -0.00000000	      0.00000000	      0.00000000	      0.00538480	     -0.00343678	      0.00090057	     -0.00029949	     -0.00000000	      0.01522186	     -0.00000000	     -0.00000000	      0.00542488	      0.00693259	      0.00356130	     -0.01675242	     -0.06897579	      0.11340268	      0.11067599	      0.06545817	      0.03982190	      0.18923601	     -0.01282891	     -0.00000000	     -0.00000000	     -0.00000000	     -0.00000000	     -0.04481919	      0.16599465	      0.48406857	      0.42826879	      0.42221836	     -0.01332709	      0.22597745	      0.34202996	     -0.19482476	     -0.01258578	      0.12402660	      0.18448286	     -0.24264945	     -0.00000000	      0.00000000	      0.28156365	     -0.14137523	     -0.19398145	      0.20667299	      0.23337277	      0.27239411	      0.00000000	     -0.40459406	      0.00000000	     -0.00000000	     -0.06518334	     -0.10735518	     -0.02084352	     -0.00000000	      0.00000000	     -0.00000000	     -0.00000000	     -0.00000000	     -0.00000000	      0.00000000	      0.00000000	      0.00000000	     -0.00000000	      0.47486849	      0.37552701	      0.30983168	      0.39612043	      0.03708310	      0.03337794	     -0.01638780	      0.37479243	      0.27096738	     -0.06453177
      0.23333226	     -0.00000000	      0.00000000	      0.00000000	     -0.00000000	     -0.00000000	      0.00000000	      0.00650381	      0.00741334	     -0.00000000	     -0.00000000	     -0.00000000	      0.00000000	      0.00644200	     -0.00009670	     -0.00000000	      0.00000000	     -0.00000000	      0.00000000	      0.00000000	     -0.00000000	      0.00000000	     -0.00000000	     -0.00000000	     -0.00132941	      0.00000000	     -0.00000000	     -0.00000000	     -0.00000000	      0.00000000	      0.00269732	     -0.00172132	      0.00045170	     -0.00014362	     -0.00000000	      0.00762286	      0.00000000	     -0.00000000	      0.00271742	      0.00347256	      0.00178396	      0.04580024	      0.03041294	      0.05399173	      0.02759098	      0.06322020	      0.07151189	      0.03180532	     -0.03818638	     -0.00000000	     -0.00000000	      0.00000000	     -0.00000000	     -0.04694891	      0.08178880	      0.20144414	      0.14986579	      0.13928587	     -0.04148322	      0.08573457	      0.15771526	     -0.12131977	     -0.02438429	      0.05366889	      0.12125417	     -0.09176803	      0.00000000	     -0.00000000	      0.14550197	     -0.04183124	     -0.03129832	      0.14403720	      0.06517065	      0.07776139	     -0.00000000	     -0.19986106	     -0.00000000	     -0.00000000	      0.00568653	     -0.02303971	      0.03197978	     -0.00000000	      0.00000000	     -0.00000000	      0.00000000	     -0.00000000	     -0.00000000	      0.00000000	     -0.00000000	     -0.00000000	     -0.00000000	      0.28868011	      0.22493931	      0.19730529	      0.22894414	      0.04524364	      0.05648971	      0.02253774	      0.21209625	      0.18833292	      0.01004344
      0.23749892	      0.00000000	      0.00000000	     -0.00000000	     -0.00000000	      0.00000000	      0.00000000	      0.02599309	      0.02965972	     -0.00000000	      0.00000000	      0.00000000	     -0.00000000	      0.02583064	     -0.00020710	      0.00000000	      0.00000000	      0.00000000	     -0.00000000	      0.00000000	     -0.00000000	      0.00000000	      0.00000000	      0.00000000	     -0.00528033	      0.00000000	      0.00000000	      0.00000000	     -0.00000000	     -0.00000000	      0.01079617	     -0.00688874	      0.00181038	     -0.00054645	     -0.00000000	      0.03050199	      0.00000000	      0.00000000	      0.01087680	      0.01389883	      0.00714070	      0.19747316	      0.26394241	     -0.08962893	     -0.16245914	      0.05177398	      0.14954736	     -0.36316241	     -0.13408839	      0.00000000	      0.00000000	      0.00000000	     -0.00000000	     -0.10040511	     -0.10542453	     -0.43872085	     -0.48533000	     -0.49700450	     -0.08480985	     -0.21787280	     -0.25691236	      0.06654165	     -0.03438649	     -0.09761380	     -0.01860871	      0.24895282	      0.00000000	      0.00000000	     -0.16727977	      0.18055161	      0.31447373	      0.02101432	     -0.32551027	     -0.37084860	     -0.00000000	      0.22208801	     -0.00000000	     -0.00000000	      0.13692649	      0.13383719	      0.13088686	      0.00000000	      0.00000000	      0.00000000	      0.00000000	      0.00000000	      0.00000000	      0.00000000	      0.00000000	      0.00000000	      0.00000000	     -0.22198990	     -0.16364433	     -0.11080003	     -0.19555323	      0.06947113	      0.09806617	      0.12381334	     -0.18804954	     -0.07192852	      0.19194164
      0.24166558	       -nan(ind)	       -nan(ind)	       -nan(ind)	       -nan(ind)	       -nan(ind)	       -nan(ind)	       -nan(ind)	       -nan(ind)	       -nan(ind)	       -nan(ind)	       -nan(ind)	       -nan(ind)	       -nan(ind)	       -nan(ind)	       -nan(ind)	       -nan(ind)	       -nan(ind)	       -nan(ind)	       -nan(ind)	       -nan(ind)	       -nan(ind)	       -nan(ind)	       -nan(ind)	       -nan(ind)	       -nan(ind)	       -nan(ind)	       -nan(ind)	       -nan(ind)	       -nan(ind)	       -nan(ind)	       -nan(ind)	       -nan(ind)	       -nan(ind)	       -nan(ind)	       -nan(ind)	       -nan(ind)	       -nan(ind)	       -nan(ind)	       -nan(ind)	       -nan(ind)	       -nan(ind)	       -nan(ind)	       -nan(ind)	       -nan(ind)	       -nan(ind)	       -nan(ind)	       -nan(ind)	       -nan(ind)	       -nan(ind)	       -nan(ind)	       -nan(ind)	       -nan(ind)	       -nan(ind)	       -nan(ind)	       -nan(ind)	       -nan(ind)	       -nan(ind)	       -nan(ind)	       -nan(ind)	       -nan(ind)	       -nan(ind)	       -nan(ind)	       -nan(ind)	       -nan(ind)	       -nan(ind)	       -nan(ind)	       -nan(ind)	       -nan(ind)	       -nan(ind)	       -nan(ind)	       -nan(ind)	       -nan(ind)	       -nan(ind)	       -nan(ind)	       -nan(ind)	       -nan(ind)	       -nan(ind)	       -nan(ind)	       -nan(ind)	       -nan(ind)	       -nan(ind)	       -nan(ind)	       -nan(ind)	       -nan(ind)	       -nan(ind)	       -nan(ind)	       -nan(ind)	       -nan(ind)	       -nan(ind)	       -nan(ind)	       -nan(ind)	       -nan(ind)	       -nan(ind)	       -nan(ind)	       -nan(ind)	       -nan(ind)	       -nan(ind)	       -nan(ind)	       -nan(ind)	       -nan(ind)
      0.24583224	     -0.00000000	     -0.00000000	     -0.00000000	     -0.00000000	      0.00000000	     -0.00000000	     -0.00002296	     -0.00002626	     -0.00000000	      0.00000000	      0.00000000	     -0.00000000	     -0.00002298	      0.00017692	     -0.00000000	     -0.00000000	     -0.00000000	     -0.00000000	     -0.00000000	     -0.00000000	     -0.00000000	     -0.00000000	     -0.00000000	      0.00000460	     -0.00000000	     -0.00000000	     -0.00000000	      0.00000000	     -0.00000000	     -0.00000957	      0.00000610	     -0.00000161	      0.00000043	     -0.00000000	     -0.00002702	      0.00000000	     -0.00000000	     -0.00000964	     -0.00001232	     -0.00000633	     -0.08975851	     -0.13745736	      0.09211935	      0.11752665	      0.01436853	     -0.04862836	      0.27223327	      0.09881215	      0.00000000	      0.00000000	      0.00000000	      0.00000000	      0.07630594	      0.10427404	      0.35425956	      0.36593479	      0.37411352	      0.00688024	      0.14826356	      0.21223546	     -0.12068649	     -0.01341913	      0.06717682	      0.07626051	     -0.19459621	     -0.00000000	     -0.00000000	      0.16094915	     -0.12771808	     -0.19745927	      0.04436571	      0.24148931	      0.27617033	     -0.00000000	     -0.20954550	      0.00000000	     -0.00000000	     -0.06660657	     -0.07461085	     -0.05617385	     -0.00000000	      0.00000000	      0.00000000	      0.00000000	     -0.00000000	     -0.00000000	      0.00000000	     -0.00000000	     -0.00000000	     -0.00000000	      0.31310199	      0.22241270	      0.18761292	      0.24068422	     -0.02025602	     -0.02076407	     -0.06477926	      0.22120835	      0.16542304	     -0.11052745
      0.24999890	      0.00000000	      0.00000000	      0.00000000	     -0.00000000	      0.00000000	     -0.00000000	     -0.00000000	      0.00000000	      0.00000000	     -0.00000000	     -0.00000000	     -0.00000000	     -0.00000000	     -0.00006375	     -0.00000000	      0.00000000	     -0.00000000	     -0.00000000	      0.00000000	     -0.00000000	      0.00000000	     -0.00000000	      0.00000000	      0.00000000	      0.00000000	      0.00000000	     -0.00000000	      0.00000000	      0.00000000	      0.00000000	     -0.00000000	     -0.00000000	      0.00000000	     -0.00000000	     -0.00000000	     -0.00000000	     -0.00000000	      0.00000000	     -0.00000000	     -0.00000000	     -0.03269972	     -0.08394527	      0.11960494	      0.12130214	      0.06609769	      0.01396912	      0.23310556	      0.02900954	      0.00000000	      0.00000000	     -0.00000000	      0.00000000	      0.00417066	      0.13175179	      0.39125610	      0.39067697	      0.40428018	     -0.04848226	      0.13179970	      0.22673774	     -0.19318056	     -0.05640067	      0.05523701	      0.14681020	     -0.21029753	     -0.00000000	      0.00000000	      0.18827248	     -0.12641778	     -0.20865595	      0.12593308	      0.25245936	      0.29326687	     -0.00000000	     -0.35231225	     -0.00000000	     -0.00000000	     -0.07401182	     -0.10112476	     -0.04533812	      0.00000000	     -0.00000000	      0.00000000	      0.00000000	      0.00000000	      0.00000000	      0.00000000	     -0.00000000	      0.00000000	     -0.00000000	      0.43584895	      0.30396530	      0.27347423	      0.31684629	      0.01065029	      0.02846445	     -0.03995539	      0.28799241	      0.25346305	     -0.07947265
      0.25416556	      0.00000000	     -0.00000000	      0.00000000	     -0.00000000	     -0.00000000	     -0.00000000	     -0.01295329	     -0.01485720	     -0.00000000	     -0.00000000	     -0.00000000	     -0.00000000	     -0.01305776	     -0.00122905	      0.00000000	      0.00000000	     -0.00000000	      0.00000000	      0.00000000	     -0.00000000	     -0.00000000	      0.00000000	      0.00000000	      0.00256011	     -0.00000000	      0.00000000	     -0.00000000	      0.00000000	     -0.00000000	     -0.00542112	      0.00345640	     -0.00091396	      0.00020593	     -0.00000000	     -0.01529183	      0.00000000	     -0.00000000	     -0.00546205	     -0.00697826	     -0.00358641	      0.28571390	      0.30179639	      0.02276455	     -0.08142567	      0.17037337	      0.27698851	     -0.26737268	     -0.21223625	      0.00000000	      0.00000000	      0.00000000	     -0.00000000	     -0.19437831	      0.05163993	     -0.05723181	     -0.12824109	     -0.13514239	     -0.18719466	     -0.12222186	     -0.05013081	     -0.18044381	     -0.13118773	     -0.06626946	      0.19663634	      0.05336653	      0.00000000	      0.00000000	      0.02100374	      0.07489594	      0.16259458	      0.27748306	     -0.12984717	     -0.13750374	      0.00000000	     -0.23614776	      0.00000000	      0.00000000	      0.07764586	      0.02635501	      0.12225777	      0.00000000	      0.00000000	      0.00000000	     -0.00000000	     -0.00000000	      0.00000000	     -0.00000000	     -0.00000000	      0.00000000	     -0.00000000	      0.23041373	      0.15345224	      0.16676855	      0.12678460	      0.13840883	      0.18771305	      0.14445562	      0.11400662	      0.18972866	      0.20276391
      0.25833222	       -nan(ind)	       -nan(ind)	       -nan(ind)	       -nan(ind)	       -nan(ind)	       -nan(ind)	       -nan(ind)	       -nan(ind)	       -nan(ind)	       -nan(ind)	       -nan(ind)	       -nan(ind)	       -nan(ind)	       -nan(ind)	       -nan(ind)	       -nan(ind)	       -nan(ind)	       -nan(ind)	       -nan(ind)	       -nan(ind)	       -nan(ind)	       -nan(ind)	       -nan(ind)	       -nan(ind)	       -nan(ind)	       -nan(ind)	       -nan(ind)	       -nan(ind)	       -nan(ind)	       -nan(ind)	       -nan(ind)	       -nan(ind)	       -nan(ind)	       -nan(ind)	       -nan(ind)	       -nan(ind)	       -nan(ind)	       -nan(ind)	       -nan(ind)	       -nan(ind)	       -nan(ind)	       -nan(ind)	       -nan(ind)	       -nan(ind)	       -nan(ind)	       -nan(ind)	       -nan(ind)	       -nan(ind)	       -nan(ind)	       -nan(ind)	       -nan(ind)	       -nan(ind)	       -nan(ind)	       -nan(ind)	       -nan(ind)	       -nan(ind)	       -nan(ind)	       -nan(ind)	       -nan(ind)	       -nan(ind)	       -nan(ind)	       -nan(ind)	       -nan(ind)	       -nan(ind)	       -nan(ind)	       -nan(ind)	       -nan(ind)	       -nan(ind)	       -nan(ind)	       -nan(ind)	       -nan(ind)	       -nan(ind)	       -nan(ind)	       -nan(ind)	       -nan(ind)	       -nan(ind)	       -nan(ind)	       -nan(ind)	       -nan(ind)	       -nan(ind)	       -nan(ind)	       -nan(ind)	       -nan(ind)	       -nan(ind)	       -nan(ind)	       -nan(ind)	       -nan(ind)	       -nan(ind)	       -nan(ind)	       -nan(ind)	       -nan(ind)	       -nan(ind)	       -nan(ind)	       -nan(ind)	       -nan(ind)	       -nan(ind)	       -nan(ind)	       -nan(ind)	       -nan(ind)	       -nan(ind)
      0.26249888	     -0.00000000	     -0.00000000	     -0.00000000	      0.00000000	      0.00000000	     -0.00000000	      0.01935847	      0.02227298	      0.00000000	      0.00000000	      0.00000000	      0.00000000	      0.01966445	      0.00069278	     -0.00000000	     -0.00000000	      0.00000000	     -0.00000000	     -0.00000000	     -0.00000000	     -0.00000000	     -0.00000000	     -0.00000000	     -0.00376822	     -0.00000000	     -0.00000000	      0.00000000	     -0.00000000	     -0.00000000	      0.00814094	     -0.00518770	      0.00137604	     -0.00025094	      0.00000000	      0.02293985	      0.00000000	      0.00000000	      0.00820288	      0.01047846	      0.00538664	      0.00515871	      0.02706781	     -0.05543674	     -0.05574708	     -0.03683603	     -0.01180339	     -0.09264667	     -0.00119510	      0.00000000	      0.00000000	     -0.00000000	     -0.00000000	      0.00897673	     -0.04918608	     -0.13314599	     -0.14459522	     -0.16453903	      0.03465039	     -0.02611788	     -0.06106170	      0.08389944	      0.03796818	     -0.00291139	     -0.06532167	      0.07634561	     -0.00000000	     -0.00000000	     -0.05234314	      0.04502232	      0.09759599	     -0.04371396	     -0.10973323	     -0.12915874	     -0.00000000	      0.16303644	     -0.00000000	      0.00000000	      0.04054055	      0.05212543	      0.02810588	      0.00000000	      0.00000000	      0.00000000	     -0.00000000	      0.00000000	      0.00000000	      0.00000000	     -0.00000000	     -0.00000000	     -0.00000000	     -0.16001351	     -0.10274153	     -0.09817164	     -0.10541447	     -0.00467175	     -0.01766613	      0.01336527	     -0.09416011	     -0.09111458	      0.02732986
      0.26666554	      0.00000000	     -0.00000000	     -0.00000000	      0.00000000	      0.00000000	      0.00000000	     -0.01282941	     -0.01478564	      0.00000000	     -0.00000000	      0.00000000	      0.00000000	     -0.01308308	     -0.00010242	      0.00000000	      0.00000000	     -0.00000000	     -0.00000000	     -0.00000000	     -0.00000000	     -0.00000000	      0.00000000	     -0.00000000	      0.00247755	     -0.00000000	     -0.00000000	      0.00000000	     -0.00000000	      0.00000000	     -0.00540968	      0.00344615	     -0.00091550	      0.00014685	      0.00000000	     -0.01523469	     -0.00000000	     -0.00000000	     -0.00545102	     -0.00696264	     -0.00357978	     -0.19398848	     -0.23256785	      0.07489698	      0.13202904	     -0.04589202	     -0.15511869	      0.32935257	      0.15884578	     -0.00000000	      0.00000000	      0.00000000	     -0.00000000	      0.12992307	      0.04611230	      0.26857017	      0.31078226	      0.32899180	      0.06182779	      0.14089642	      0.16646817	     -0.03052033	      0.02982128	      0.06768829	     -0.01723175	     -0.15712619	     -0.00000000	      0.00000000	      0.10633198	     -0.11546764	     -0.21918315	     -0.10319137	      0.24027021	      0.27037691	      0.00000000	     -0.07483315	     -0.00000000	      0.00000000	     -0.07777238	     -0.06402538	     -0.08922259	      0.00000000	     -0.00000000	      0.00000000	      0.00000000	      0.00000000	      0.00000000	      0.00000000	     -0.00000000	      0.00000000	      0.00000000	      0.17172241	      0.12738596	      0.11903368	      0.14705978	     -0.07608492	     -0.07789139	     -0.11312858	      0.12870003	      0.08633928	     -0.17688170
      0.27083220	       -nan(ind)	       -nan(ind)	       -nan(ind)	       -nan(ind)	       -nan(ind)	       -nan(ind)	       -nan(ind)	       -nan(ind)	       -nan(ind)	       -nan(ind)	       -nan(ind)	       -nan(ind)	       -nan(ind)	       -nan(ind)	       -nan(ind)	       -nan(ind)	       -nan(ind)	       -nan(ind)	       -nan(ind)	       -nan(ind)	       -nan(ind)	       -nan(ind)	       -nan(ind)	       -nan(ind)	       -nan(ind)	       -nan(ind)	       -nan(ind)	       -nan(ind)	       -nan(ind)	       -nan(ind)	       -nan(ind)	       -nan(ind)	       -nan(ind)	       -nan(ind)	       -nan(ind)	       -nan(ind)	       -nan(ind)	       -nan(ind)	       -nan(ind)	       -nan(ind)	       -nan(ind)	       -nan(ind)	       -nan(ind)	       -nan(ind)	       -nan(ind)	       -nan(ind)	       -nan(ind)	       -nan(ind)	       -nan(ind)	       -nan(ind)	       -nan(ind)	       -nan(ind)	       -nan(ind)	       -nan(ind)	       -nan(ind)	       -nan(ind)	       -nan(ind)	       -nan(ind)	       -nan(ind)	       -nan(ind)	       -nan(ind)	       -nan(ind)	       -nan(ind)	       -nan(ind)	       -nan(ind)	       -nan(ind)	       -nan(ind)	       -nan(ind)	       -nan(ind)	       -nan(ind)	       -nan(ind)	       -nan(ind)	       -nan(ind)	       -nan(ind)	       -nan(ind)	       -nan(ind)	       -nan(ind)	       -nan(ind)	       -nan(ind)	       -nan(ind)	       -nan(ind)	       -nan(ind)	       -nan(ind)	       -nan(ind)	       -nan(ind)	       -nan(ind)	       -nan(ind)	       -nan(ind)	       -nan(ind)	       -nan(ind)	       -nan(ind)	       -nan(ind)	       -nan(ind)	       -nan(ind)	       -nan(ind)	       -nan(ind)	       -nan(ind)	       -nan(ind)	       -nan(ind)	       -nan(ind)
      0.27499886	     -0.00000000	     -0.00000000	     -0.00000000	     -0.00000000	     -0.00000000	     -0.00000000	      0.00000000	     -0.00000000	      0.00000000	      0.00000000	     -0.00000000	      0.00000000	      0.00000000	     -0.00101188	     -0.00000000	     -0.00000000	     -0.00000000	      0.00000000	      0.00000000	     -0.00000000	     -0.00000000	      0.00000000	     -0.00000000	     -0.00000000	      0.00000000	     -0.00000000	     -0.00000000	      0.00000000	     -0.00000000	     -0.00000000	     -0.00000000	     -0.00000000	     -0.00000000	      0.00000000	      0.00000000	      0.00000000	     -0.00000000	      0.00000000	      0.00000000	      0.00000000	      0.55380529	      0.59950619	     -0.07223046	     -0.23618448	      0.22717934	      0.49377462	     -0.53774458	     -0.23614758	     -0.00000000	     -0.00000000	     -0.00000000	     -0.00000000	     -0.17709317	      0.00782939	     -0.39648711	     -0.48634053	     -0.48991044	     -0.27279843	     -0.32667699	     -0.30117993	     -0.14563807	     -0.18693442	     -0.18162431	      0.19853962	      0.24914717	     -0.00000000	     -0.00000000	     -0.15419664	      0.21818938	      0.49881856	      0.36789630	     -0.38691338	     -0.43216245	      0.00000000	      0.05272846	     -0.00000000	     -0.00000000	      0.24031494	      0.19647763	      0.27328072	     -0.00000000	     -0.00000000	      0.00000000	      0.00000000	     -0.00000000	     -0.00000000	      0.00000000	      0.00000000	      0.00000000	      0.00000000	     -0.05839459	     -0.07967455	     -0.08866495	     -0.12947707	      0.24531028	      0.28679964	      0.29255455	     -0.10309629	      0.00244429	      0.44414590
      0.27916552	       -nan(ind)	       -nan(ind)	       -nan(ind)	       -nan(ind)	       -nan(ind)	       -nan(ind)	       -nan(ind)	       -nan(ind)	       -nan(ind)	       -nan(ind)	       -nan(ind)	       -nan(ind)	       -nan(ind)	       -nan(ind)	       -nan(ind)	       -nan(ind)	       -nan(ind)	       -nan(ind)	       -nan(ind)	       -nan(ind)	       -nan(ind)	       -nan(ind)	       -nan(ind)	       -nan(ind)	       -nan(ind)	       -nan(ind)	       -nan(ind)	       -nan(ind)	       -nan(ind)	       -nan(ind)	       -nan(ind)	       -nan(ind)	       -nan(ind)	       -nan(ind)	       -nan(ind)	       -nan(ind)	       -nan(ind)	       -nan(ind)	       -nan(ind)	       -nan(ind)	       -nan(ind)	       -nan(ind)	       -nan(ind)	       -nan(ind)	       -nan(ind)	       -nan(ind)	       -nan(ind)	       -nan(ind)	       -nan(ind)	       -nan(ind)	       -nan(ind)	       -nan(ind)	       -nan(ind)	       -nan(ind)	       -nan(ind)	       -nan(ind)	       -nan(ind)	       -nan(ind)	       -nan(ind)	       -nan(ind)	       -nan(ind)	       -nan(ind)	       -nan(ind)	       -nan(ind)	       -nan(ind)	       -nan(ind)	       -nan(ind)	       -nan(ind)	       -nan(ind)	       -nan(ind)	       -nan(ind)	       -nan(ind)	       -nan(ind)	       -nan(ind)	       -nan(ind)	       -nan(ind)	       -nan(ind)	       -nan(ind)	       -nan(ind)	       -nan(ind)	       -nan(ind)	       -nan(ind)	       -nan(ind)	       -nan(ind)	       -nan(ind)	       -nan(ind)	       -nan(ind)	       -nan(ind)	       -nan(ind)	       -nan(ind)	       -nan(ind)	       -nan(ind)	       -nan(ind)	       -nan(ind)	       -nan(ind)	       -nan(ind)	       -nan(ind)	       -nan(ind)	       -nan(ind)	       -nan(ind)
      0.28333218	      0.00000000	     -0.00000000	      0.00000000	      0.00000000	     -0.00000000	     -0.00000000	     -0.01277244	     -0.01482840	     -0.00000000	     -0.00000000	      0.00000000	     -0.00000000	     -0.01322954	     -0.00037251	     -0.00000000	      0.00000000	     -0.00000000	     -0.00000000	      0.00000000	      0.00000000	      0.00000000	      0.00000000	     -0.00000000	      0.00238537	      0.00000000	     -0.00000000	     -0.00000000	      0.00000000	      0.00000000	     -0.00545267	      0.00346807	     -0.00092667	      0.00006777	      0.00000000	     -0.01531425	      0.00000000	     -0.00000000	     -0.00549526	     -0.00701637	     -0.00360997	     -0.16301963	     -0.19470851	      0.08563976	      0.12068694	     -0.01413560	     -0.11712702	      0.21860868	      0.02575359	     -0.00000000	      0.00000000	     -0.00000000	     -0.00000000	      0.00787578	      0.04708719	      0.26829763	      0.29559443	      0.30468936	      0.01869049	      0.12165402	      0.17158343	     -0.07703271	      0.00285690	      0.06137181	      0.03149205	     -0.14801028	      0.00000000	     -0.00000000	      0.12478432	     -0.09919068	     -0.22080927	     -0.04125427	      0.21380917	      0.24562048	     -0.00000000	     -0.22361615	     -0.00000000	     -0.00000000	     -0.08985572	     -0.09709346	     -0.08102297	     -0.00000000	     -0.00000000	      0.00000000	     -0.00000000	      0.00000000	     -0.00000000	     -0.00000000	      0.00000000	     -0.00000000	      0.00000000	      0.24490609	      0.19212238	      0.19653057	      0.20427032	     -0.05513316	     -0.02952546	     -0.09876533	      0.17655872	      0.16235571	     -0.15933260
      0.28749884	      0.00000000	      0.00000000	      0.00000000	      0.00000000	     -0.00000000	      0.00000000	     -0.00000569	     -0.00000661	     -0.00000000	      0.00000000	     -0.00000000	      0.00000000	     -0.00000592	     -0.00054634	      0.00000000	      0.00000000	      0.00000000	      0.00000000	      0.00000000	      0.00000000	      0.00000000	      0.00000000	      0.00000000	      0.00000105	      0.00000000	     -0.00000000	     -0.00000000	     -0.00000000	      0.00000000	     -0.00000244	      0.00000155	     -0.00000041	      0.00000002	     -0.00000000	     -0.00000684	     -0.00000000	     -0.00000000	     -0.00000246	     -0.00000313	     -0.00000161	     -0.57601854	     -0.87716955	      0.82597747	      0.95184309	      0.34620566	     -0.26531811	      1.67267568	      0.20074633	     -0.00000000	     -0.00000000	      0.00000000	      0.00000000	      0.06960962	      0.51810446	      1.79301687	      2.05604726	      2.36710917	     -0.34532974	      0.42523121	      0.87066453	     -1.00161013	     -0.41274179	      0.09752380	      0.69606344	     -1.04736419	      0.00000000	      0.00000000	      0.68687096	     -0.64530591	     -1.55018003	      0.04563754	      1.72156824	      2.00369718	     -0.00000000	     -2.00939186	      0.00000000	     -0.00000000	     -0.59221328	     -0.69855826	     -0.48860650	     -0.00000000	      0.00000000	     -0.00000000	      0.00000000	     -0.00000000	      0.00000000	      0.00000000	      0.00000000	     -0.00000000	      0.00000000	      2.00476435	      1.37132091	      1.38218753	      1.41174728	     -0.14216441	      0.13461812	     -0.43484011	      1.22779503	      1.23482642	     -0.76419107
      0.29166550	       -nan(ind)	       -nan(ind)	       -nan(ind)	       -nan(ind)	       -nan(ind)	       -nan(ind)	       -nan(ind)	       -nan(ind)	       -nan(ind)	       -nan(ind)	       -nan(ind)	       -nan(ind)	       -nan(ind)	       -nan(ind)	       -nan(ind)	       -nan(ind)	       -nan(ind)	       -nan(ind)	       -nan(ind)	       -nan(ind)	       -nan(ind)	       -nan(ind)	       -nan(ind)	       -nan(ind)	       -nan(ind)	       -nan(ind)	       -nan(ind)	       -nan(ind)	       -nan(ind)	       -nan(ind)	       -nan(ind)	       -nan(ind)	       -nan(ind)	       -nan(ind)	       -nan(ind)	       -nan(ind)	       -nan(ind)	       -nan(ind)	       -nan(ind)	       -nan(ind)	       -nan(ind)	       -nan(ind)	       -nan(ind)	       -nan(ind)	       -nan(ind)	       -nan(ind)	       -nan(ind)	       -nan(ind)	       -nan(ind)	       -nan(ind)	       -nan(ind)	       -nan(ind)	       -nan(ind)	       -nan(ind)	       -nan(ind)	       -nan(ind)	       -nan(ind)	       -nan(ind)	       -nan(ind)	       -nan(ind)	       -nan(ind)	       -nan(ind)	       -nan(ind)	       -nan(ind)	       -nan(ind)	       -nan(ind)	       -nan(ind)	       -nan(ind)	       -nan(ind)	       -nan(ind)	       -nan(ind)	       -nan(ind)	       -nan(ind)	       -nan(ind)	       -nan(ind)	       -nan(ind)	       -nan(ind)	       -nan(ind)	       -nan(ind)	       -nan(ind)	       -nan(ind)	       -nan(ind)	       -nan(ind)	       -nan(ind)	       -nan(ind)	       -nan(ind)	       -nan(ind)	       -nan(ind)	       -nan(ind)	       -nan(ind)	       -nan(ind)	       -nan(ind)	       -nan(ind)	       -nan(ind)	       -nan(ind)	       -nan(ind)	       -nan(ind)	       -nan(ind)	       -nan(ind)	       -nan(ind)
      0.29583216	      0.00000000	     -0.00000000	     -0.00000000	     -0.00000000	     -0.00000000	     -0.00000000	      0.02534986	      0.02960582	     -0.00000000	      0.00000000	      0.00000000	      0.00000000	      0.02657984	      0.00088644	     -0.00000000	     -0.00000000	     -0.00000000	     -0.00000000	     -0.00000000	     -0.00000000	     -0.00000000	     -0.00000000	     -0.00000000	     -0.00461311	     -0.00000000	      0.00000000	     -0.00000000	     -0.00000000	     -0.00000000	      0.01093965	     -0.00694712	      0.00186314	     -0.00002302	      0.00000000	      0.03065313	     -0.00000000	     -0.00000000	      0.01102679	      0.01407398	      0.00724588	      0.00085541	     -0.04838313	      0.14159238	      0.13681948	      0.10921933	      0.04922723	      0.16620164	     -0.06195726	      0.00000000	      0.00000000	      0.00000000	      0.00000000	     -0.06617004	      0.09223412	      0.24184031	      0.27851649	      0.34406709	     -0.11962749	      0.00646920	      0.09132859	     -0.21161361	     -0.11498551	     -0.02300712	      0.17721464	     -0.13747955	      0.00000000	      0.00000000	      0.08657326	     -0.07058245	     -0.20820843	      0.08039166	      0.24582791	      0.29312329	      0.00000000	     -0.41138511	      0.00000000	      0.00000000	     -0.07912949	     -0.11205515	     -0.04753683	      0.00000000	     -0.00000000	     -0.00000000	     -0.00000000	     -0.00000000	     -0.00000000	     -0.00000000	     -0.00000000	     -0.00000000	     -0.00000000	      0.33763236	      0.22260000	      0.21570679	      0.21999216	      0.02348555	      0.08424229	     -0.02314716	      0.19384056	      0.21381457	     -0.05368889
      0.29999882	       -nan(ind)	       -nan(ind)	       -nan(ind)	       -nan(ind)	       -nan(ind)	       -nan(ind)	       -nan(ind)	       -nan(ind)	       -nan(ind)	       -nan(ind)	       -nan(ind)	       -nan(ind)	       -nan(ind)	       -nan(ind)	       -nan(ind)	       -nan(ind)	       -nan(ind)	       -nan(ind)	       -nan(ind)	       -nan(ind)	       -nan(ind)	       -nan(ind)	       -nan(ind)	       -nan(ind)	       -nan(ind)	       -nan(ind)	       -nan(ind)	       -nan(ind)	       -nan(ind)	       -nan(ind)	       -nan(ind)	       -nan(ind)	       -nan(ind)	       -nan(ind)	       -nan(ind)	       -nan(ind)	       -nan(ind)	       -nan(ind)	       -nan(ind)	       -nan(ind)	       -nan(ind)	       -nan(ind)	       -nan(ind)	       -nan(ind)	       -nan(ind)	       -nan(ind)	       -nan(ind)	       -nan(ind)	       -nan(ind)	       -nan(ind)	       -nan(ind)	       -nan(ind)	       -nan(ind)	       -nan(ind)	       -nan(ind)	       -nan(ind)	       -nan(ind)	       -nan(ind)	       -nan(ind)	       -nan(ind)	       -nan(ind)	       -nan(ind)	       -nan(ind)	       -nan(ind)	       -nan(ind)	       -nan(ind)	       -nan(ind)	       -nan(ind)	       -nan(ind)	       -nan(ind)	       -nan(ind)	       -nan(ind)	       -nan(ind)	       -nan(ind)	       -nan(ind)	       -nan(ind)	       -nan(ind)	       -nan(ind)	       -nan(ind)	       -nan(ind)	       -nan(ind)	       -nan(ind)	       -nan(ind)	       -nan(ind)	       -nan(ind)	       -nan(ind)	       -nan(ind)	       -nan(ind)	       -nan(ind)	       -nan(ind)	       -nan(ind)	       -nan(ind)	       -nan(ind)	       -nan(ind)	       -nan(ind)	       -nan(ind)	       -nan(ind)	       -nan(ind)	       -nan(ind)	       -nan(ind)
      0.30416548	     -0.00000000	     -0.00000000	     -0.00000000	      0.00000000	      0.00000000	     -0.00000000	     -0.02532167	     -0.02969201	      0.00000000	     -0.00000000	     -0.00000000	     -0.00000000	     -0.02674346	     -0.00064064	     -0.00000000	     -0.00000000	     -0.00000000	     -0.00000000	     -0.00000000	     -0.00000000	     -0.00000000	     -0.00000000	     -0.00000000	      0.00453009	     -0.00000000	      0.00000000	      0.00000000	     -0.00000000	     -0.00000000	     -0.01101241	      0.00698475	     -0.00187697	     -0.00004581	      0.00000000	     -0.03080574	     -0.00000000	      0.00000000	     -0.01110135	     -0.01416549	     -0.00729641	     -0.48479699	     -0.48663542	     -0.00684677	      0.11859347	     -0.23585116	     -0.45323081	      0.42192350	      0.29672956	     -0.00000000	      0.00000000	      0.00000000	      0.00000000	      0.23908046	     -0.06092923	      0.21951779	      0.25530453	      0.19413785	      0.28064151	      0.28122617	      0.23352752	      0.21461638	      0.21429951	      0.17765648	     -0.28152096	     -0.14689746	      0.00000000	      0.00000000	      0.11458548	     -0.15460854	     -0.27900746	     -0.38065821	      0.17118016	      0.17306370	      0.00000000	      0.23359889	      0.00000000	      0.00000000	     -0.12925862	     -0.07292193	     -0.18483936	      0.00000000	      0.00000000	     -0.00000000	     -0.00000000	     -0.00000000	     -0.00000000	     -0.00000000	      0.00000000	     -0.00000000	     -0.00000000	     -0.05364993	      0.02216320	      0.06404805	      0.06136668	     -0.22758161	     -0.26541230	     -0.24446404	      0.03820864	     -0.03293356	     -0.36993647
      0.30833214	       -nan(ind)	       -nan(ind)	       -nan(ind)	       -nan(ind)	       -nan(ind)	       -nan(ind)	       -nan(ind)	       -nan(ind)	       -nan(ind)	       -nan(ind)	       -nan(ind)	       -nan(ind)	       -nan(ind)	       -nan(ind)	       -nan(ind)	       -nan(ind)	       -nan(ind)	       -nan(ind)	       -nan(ind)	       -nan(ind)	       -nan(ind)	       -nan(ind)	       -nan(ind)	       -nan(ind)	       -nan(ind)	       -nan(ind)	       -nan(ind)	       -nan(ind)	       -nan(ind)	       -nan(ind)	       -nan(ind)	       -nan(ind)	       -nan(ind)	       -nan(ind)	       -nan(ind)	       -nan(ind)	       -nan(ind)	       -nan(ind)	       -nan(ind)	       -nan(ind)	       -nan(ind)	       -nan(ind)	       -nan(ind)	       -nan(ind)	       -nan(ind)	       -nan(ind)	       -nan(ind)	       -nan(ind)	       -nan(ind)	       -nan(ind)	       -nan(ind)	       -nan(ind)	       -nan(ind)	       -nan(ind)	       -nan(ind)	       -nan(ind)	       -nan(ind)	       -nan(ind)	       -nan(ind)	       -nan(ind)	       -nan(ind)	       -nan(ind)	       -nan(ind)	       -nan(ind)	       -nan(ind)	       -nan(ind)	       -nan(ind)	       -nan(ind)	       -nan(ind)	       -nan(ind)	       -nan(ind)	       -nan(ind)	       -nan(ind)	       -nan(ind)	       -nan(ind)	       -nan(ind)	       -nan(ind)	       -nan(ind)	       -nan(ind)	       -nan(ind)	       -nan(ind)	       -nan(ind)	       -nan(ind)	       -nan(ind)	       -nan(ind)	       -nan(ind)	       -nan(ind)	       -nan(ind)	       -nan(ind)	       -nan(ind)	       -nan(ind)	       -nan(ind)	       -nan(ind)	       -nan(ind)	       -nan(ind)	       -nan(ind)	       -nan(ind)	       -nan(ind)	       -nan(ind)	       -nan(ind)
      0.31249880	       -nan(ind)	       -nan(ind)	       -nan(ind)	       -nan(ind)	       -nan(ind)	       -nan(ind)	       -nan(ind)	       -nan(ind)	       -nan(ind)	       -nan(ind)	       -nan(ind)	       -nan(ind)	       -nan(ind)	       -nan(ind)	       -nan(ind)	       -nan(ind)	       -nan(ind)	       -nan(ind)	       -nan(ind)	       -nan(ind)	       -nan(ind)	       -nan(ind)	       -nan(ind)	       -nan(ind)	       -nan(ind)	       -nan(ind)	       -nan(ind)	       -nan(ind)	       -nan(ind)	       -nan(ind)	       -nan(ind)	       -nan(ind)	       -nan(ind)	       -nan(ind)	       -nan(ind)	       -nan(ind)	       -nan(ind)	       -nan(ind)	       -nan(ind)	       -nan(ind)	       -nan(ind)	       -nan(ind)	       -nan(ind)	       -nan(ind)	       -nan(ind)	       -nan(ind)	       -nan(ind)	       -nan(ind)	       -nan(ind)	       -nan(ind)	       -nan(ind)	       -nan(ind)	       -nan(ind)	       -nan(ind)	       -nan(ind)	       -nan(ind)	       -nan(ind)	       -nan(ind)	       -nan(ind)	       -nan(ind)	       -nan(ind)	       -nan(ind)	       -nan(ind)	       -nan(ind)	       -nan(ind)	       -nan(ind)	       -nan(ind)	       -nan(ind)	       -nan(ind)	       -nan(ind)	       -nan(ind)	       -nan(ind)	       -nan(ind)	       -nan(ind)	       -nan(ind)	       -nan(ind)	       -nan(ind)	       -nan(ind)	       -nan(ind)	       -nan(ind)	       -nan(ind)	       -nan(ind)	       -nan(ind)	       -nan(ind)	       -nan(ind)	       -nan(ind)	       -nan(ind)	       -nan(ind)	       -nan(ind)	       -nan(ind)	       -nan(ind)	       -nan(ind)	       -nan(ind)	       -nan(ind)	       -nan(ind)	       -nan(ind)	       -nan(ind)	       -nan(ind)	       -nan(ind)	       -nan(ind)
      0.31666546	      0.00000000	      0.00000000	      0.00000000	      0.00000000	      0.00000000	      0.00000000	      0.01250993	      0.01475581	     -0.00000000	     -0.00000000	      0.00000000	     -0.00000000	      0.01334358	      0.00055960	     -0.00000000	     -0.00000000	     -0.00000000	      0.00000000	      0.00000000	      0.00000000	      0.00000000	      0.00000000	      0.00000000	     -0.00218443	     -0.00000000	     -0.00000000	      0.00000000	      0.00000000	      0.00000000	      0.00550670	     -0.00348532	      0.00093858	      0.00006817	      0.00000000	      0.01536437	      0.00000000	     -0.00000000	      0.00555210	      0.00708179	      0.00365030	     -0.19751033	     -0.24207717	      0.11782249	      0.17630809	     -0.00431314	     -0.14825282	      0.36324165	      0.13231075	      0.00000000	      0.00000000	      0.00000000	      0.00000000	      0.10008824	      0.03752550	      0.23954413	      0.29216351	      0.33758692	      0.02779827	      0.10284902	      0.13545007	     -0.05621827	     -0.00175834	      0.04057437	      0.01229252	     -0.15559515	      0.00000000	     -0.00000000	      0.08178633	     -0.11930199	     -0.27840640	     -0.15203389	      0.27458266	      0.31321768	      0.00000000	     -0.15947883	     -0.00000000	     -0.00000000	     -0.10592090	     -0.10004934	     -0.11539180	      0.00000000	     -0.00000000	      0.00000000	      0.00000000	      0.00000000	     -0.00000000	      0.00000000	      0.00000000	      0.00000000	      0.00000000	      0.18253009	      0.13214110	      0.14399465	      0.14681743	     -0.08062476	     -0.05342347	     -0.11718514	      0.12254350	      0.10512330	     -0.19187911
      0.32083212	     -0.00000000	     -0.00000000	     -0.00000000	     -0.00000000	     -0.00000000	     -0.00000000	     -0.03749281	     -0.04430477	      0.00000000	      0.00000000	     -0.00000000	     -0.00000000	     -0.04010484	     -0.00161362	      0.00000000	      0.00000000	      0.00000000	     -0.00000000	      0.00000000	     -0.00000000	     -0.00000000	      0.00000000	     -0.00000000	      0.00650385	     -0.00000000	      0.00000000	     -0.00000000	      0.00000000	     -0.00000000	     -0.01657037	      0.01047971	     -0.00282299	     -0.00023792	     -0.00000000	     -0.04619253	     -0.00000000	     -0.00000000	     -0.01670788	     -0.02130847	     -0.01098597	      0.01723841	      0.02305386	     -0.01462243	     -0.02224039	     -0.00225627	      0.01379713	     -0.03420185	     -0.00661944	     -0.00000000	      0.00000000	     -0.00000000	      0.00000000	     -0.00401962	     -0.00468644	     -0.01916576	     -0.02680765	     -0.03633075	     -0.00372703	     -0.00684585	     -0.00715801	      0.00266022	      0.00135599	     -0.00031717	     -0.00508512	      0.01533743	      0.00000000	      0.00000000	     -0.00154030	      0.01290348	      0.03795156	      0.01612341	     -0.03240067	     -0.03797521	     -0.00000000	      0.02741099	      0.00000000	      0.00000000	      0.01796440	      0.01832178	      0.01783372	      0.00000000	      0.00000000	     -0.00000000	      0.00000000	     -0.00000000	     -0.00000000	     -0.00000000	     -0.00000000	      0.00000000	     -0.00000000	     -0.00945685	     -0.00307043	     -0.00477444	     -0.00491516	      0.00928200	      0.00888490	      0.01078464	     -0.00359184	     -0.00052264	      0.01755341
      0.32499878	      0.00000000	      0.00000000	     -0.00000000	     -0.00000000	      0.00000000	      0.00000000	      0.01243934	      0.01472590	      0.00000000	      0.00000000	      0.00000000	      0.00000000	      0.01334155	      0.00054419	     -0.00000000	     -0.00000000	     -0.00000000	     -0.00000000	     -0.00000000	     -0.00000000	     -0.00000000	     -0.00000000	     -0.00000000	     -0.00214384	      0.00000000	      0.00000000	      0.00000000	      0.00000000	     -0.00000000	      0.00552002	     -0.00348827	      0.00093986	      0.00008986	      0.00000000	      0.01537427	      0.00000000	      0.00000000	      0.00556613	      0.00709790	      0.00366028	     -0.12580191	     -0.14802166	      0.05145638	      0.08915967	     -0.02085503	     -0.10127519	      0.16503099	      0.04550261	     -0.00000000	     -0.00000000	     -0.00000000	      0.00000000	      0.03226477	      0.01014399	      0.12094351	      0.14713920	      0.16133729	      0.03922281	      0.06970598	      0.07791812	     -0.00173848	      0.01919515	      0.03250736	     -0.01622286	     -0.08099968	     -0.00000000	     -0.00000000	      0.04277296	     -0.06731408	     -0.16069768	     -0.09427427	      0.13194517	      0.15118390	      0.00000000	     -0.08676861	      0.00000000	      0.00000000	     -0.07186703	     -0.06839291	     -0.07617721	      0.00000000	     -0.00000000	      0.00000000	     -0.00000000	     -0.00000000	      0.00000000	     -0.00000000	     -0.00000000	      0.00000000	      0.00000000	      0.06934858	      0.05472301	      0.06233481	      0.06460310	     -0.05473138	     -0.04658285	     -0.07210032	      0.05306428	      0.03815997	     -0.11457941
      0.32916544	      0.00000000	      0.00000000	      0.00000000	      0.00000000	      0.00000000	      0.00000000	      0.03724657	      0.04417095	      0.00000000	     -0.00000000	      0.00000000	      0.00000000	      0.04005496	      0.00162160	      0.00000000	      0.00000000	      0.00000000	      0.00000000	      0.00000000	      0.00000000	      0.00000000	      0.00000000	      0.00000000	     -0.00637820	      0.00000000	      0.00000000	      0.00000000	      0.00000000	      0.00000000	      0.01659570	     -0.01047860	      0.00282361	      0.00030095	     -0.00000000	      0.04618074	      0.00000000	      0.00000000	      0.01673515	      0.02133802	      0.01100607	     -0.52579290	     -0.60082275	      0.15027061	      0.29913172	     -0.13433789	     -0.43360006	      0.68177085	      0.29040102	     -0.00000000	     -0.00000000	      0.00000000	     -0.00000000	      0.22384732	      0.01007330	      0.45312533	      0.53743382	      0.54572928	      0.20258378	      0.30947932	      0.32831896	      0.05158314	      0.12580099	      0.16214130	     -0.16254304	     -0.29689091	      0.00000000	     -0.00000000	      0.18285255	     -0.25481117	     -0.52785981	     -0.41747447	      0.44273169	      0.49371418	     -0.00000000	     -0.11667549	      0.00000000	     -0.00000000	     -0.21685330	     -0.18196458	     -0.25603690	     -0.00000000	      0.00000000	     -0.00000000	     -0.00000000	      0.00000000	      0.00000000	      0.00000000	      0.00000000	     -0.00000000	     -0.00000000	      0.22422851	      0.20345633	      0.23211202	      0.24372424	     -0.22665429	     -0.20372021	     -0.29455968	      0.20041041	      0.13577167	     -0.46130732
      0.33333210	      0.00000000	      0.00000000	     -0.00000000	     -0.00000000	      0.00000000	     -0.00000000	      0.01238683	      0.01471496	      0.00000000	      0.00000000	      0.00000000	     -0.00000000	      0.01335559	      0.00057234	     -0.00000000	     -0.00000000	      0.00000000	      0.00000000	     -0.00000000	      0.00000000	      0.00000000	     -0.00000000	     -0.00000000	     -0.00210782	      0.00000000	     -0.00000000	     -0.00000000	      0.00000000	     -0.00000000	      0.00554165	     -0.00349602	      0.00094056	      0.00011041	      0.00000000	      0.01540685	     -0.00000000	      0.00000000	      0.00558849	      0.00712473	      0.00367568	      0.10810546	      0.19184730	     -0.24266536	     -0.29659982	     -0.12826105	      0.03326953	     -0.40921405	     -0.01538882	     -0.00000000	     -0.00000000	      0.00000000	      0.00000000	     -0.00025285	     -0.09459047	     -0.30802284	     -0.39130642	     -0.52785587	      0.09213205	     -0.03526159	     -0.11473640	      0.20497841	      0.11667191	      0.02594681	     -0.20763089	      0.21606107	      0.00000000	      0.00000000	     -0.07291816	      0.14689465	      0.42318821	      0.11214408	     -0.43664333	     -0.52038657	     -0.00000000	      0.50841555	     -0.00000000	      0.00000000	      0.16355240	      0.18697839	      0.14424068	      0.00000000	      0.00000000	      0.00000000	      0.00000000	      0.00000000	      0.00000000	     -0.00000000	      0.00000000	      0.00000000	      0.00000000	     -0.33144205	     -0.20596701	     -0.20683249	     -0.21379546	      0.03248226	     -0.03102270	      0.08801319	     -0.18408401	     -0.18397056	      0.15595137
      0.33749876	     -0.00000000	     -0.00000000	     -0.00000000	     -0.00000000	      0.00000000	     -0.00000000	     -0.01237832	     -0.01472956	     -0.00000000	     -0.00000000	      0.00000000	      0.00000000	     -0.01338050	     -0.00057085	     -0.00000000	      0.00000000	     -0.00000000	     -0.00000000	     -0.00000000	     -0.00000000	      0.00000000	      0.00000000	      0.00000000	      0.00209338	     -0.00000000	     -0.00000000	     -0.00000000	      0.00000000	     -0.00000000	     -0.00556048	      0.00350478	     -0.00094026	     -0.00012036	      0.00000000	     -0.01544520	     -0.00000000	      0.00000000	     -0.00560773	     -0.00714846	     -0.00368866	      0.13990074	      0.09577633	      0.17109652	      0.15727878	      0.18998578	      0.16570021	      0.10079384	     -0.09972486	     -0.00000000	      0.00000000	      0.00000000	      0.00000000	     -0.08663210	      0.08806230	      0.07812521	      0.12249077	      0.25983967	     -0.18128068	     -0.11559887	     -0.05212391	     -0.21665100	     -0.17336992	     -0.10655261	      0.28329123	     -0.07036400	      0.00000000	      0.00000000	     -0.02553269	     -0.02441410	     -0.17153700	      0.07235182	      0.22691944	      0.28618119	     -0.00000000	     -0.42577414	      0.00000000	     -0.00000000	     -0.05905157	     -0.09599611	     -0.02469333	     -0.00000000	     -0.00000000	     -0.00000000	     -0.00000000	     -0.00000000	      0.00000000	      0.00000000	     -0.00000000	     -0.00000000	     -0.00000000	      0.20044810	      0.08791219	      0.07882370	      0.07780705	      0.06895938	      0.11517500	      0.05212850	      0.07014685	      0.09836903	      0.06437420
      0.34166542	     -0.00000000	     -0.00000000	      0.00000000	      0.00000000	      0.00000000	      0.00000000	      0.03687077	      0.04394612	      0.00000000	     -0.00000000	      0.00000000	     -0.00000000	      0.03995605	      0.00141414	      0.00000000	      0.00000000	      0.00000000	      0.00000000	      0.00000000	      0.00000000	      0.00000000	      0.00000000	      0.00000000	     -0.00619756	      0.00000000	     -0.00000000	     -0.00000000	     -0.00000000	      0.00000000	      0.01663063	     -0.01047268	      0.00280171	      0.00038748	     -0.00000000	      0.04615233	     -0.00000000	      0.00000000	      0.01677270	      0.02137873	      0.01103370	      0.01204599	      0.03346785	     -0.06520018	     -0.07870020	     -0.04115107	     -0.00330327	     -0.08011396	      0.02178462	     -0.00000000	      0.00000000	     -0.00000000	      0.00000000	      0.02131715	     -0.02479815	     -0.06462676	     -0.08661283	     -0.12812716	      0.02613802	      0.00091567	     -0.01574173	      0.04939524	      0.03420072	      0.01480930	     -0.06729766	      0.04978611	     -0.00000000	     -0.00000000	     -0.00655838	      0.03391778	      0.11444902	      0.02242163	     -0.11010514	     -0.13403595	     -0.00000000	      0.15553851	     -0.00000000	      0.00000000	      0.04905833	      0.05780242	      0.04052645	      0.00000000	      0.00000000	      0.00000000	      0.00000000	      0.00000000	     -0.00000000	      0.00000000	      0.00000000	      0.00000000	     -0.00000000	     -0.06990047	     -0.03674874	     -0.03690946	     -0.03850856	      0.00519443	     -0.00757915	      0.01542918	     -0.03313337	     -0.03237015	      0.02723191
      0.34583208	       -nan(ind)	       -nan(ind)	       -nan(ind)	       -nan(ind)	       -nan(ind)	       -nan(ind)	       -nan(ind)	       -nan(ind)	       -nan(ind)	       -nan(ind)	       -nan(ind)	       -nan(ind)	       -nan(ind)	       -nan(ind)	       -nan(ind)	       -nan(ind)	       -nan(ind)	       -nan(ind)	       -nan(ind)	       -nan(ind)	       -nan(ind)	       -nan(ind)	       -nan(ind)	       -nan(ind)	       -nan(ind)	       -nan(ind)	       -nan(ind)	       -nan(ind)	       -nan(ind)	       -nan(ind)	       -nan(ind)	       -nan(ind)	       -nan(ind)	       -nan(ind)	       -nan(ind)	       -nan(ind)	       -nan(ind)	       -nan(ind)	       -nan(ind)	       -nan(ind)	       -nan(ind)	       -nan(ind)	       -nan(ind)	       -nan(ind)	       -nan(ind)	       -nan(ind)	       -nan(ind)	       -nan(ind)	       -nan(ind)	       -nan(ind)	       -nan(ind)	       -nan(ind)	       -nan(ind)	       -nan(ind)	       -nan(ind)	       -nan(ind)	       -nan(ind)	       -nan(ind)	       -nan(ind)	       -nan(ind)	       -nan(ind)	       -nan(ind)	       -nan(ind)	       -nan(ind)	       -nan(ind)	       -nan(ind)	       -nan(ind)	       -nan(ind)	       -nan(ind)	       -nan(ind)	       -nan(ind)	       -nan(ind)	       -nan(ind)	       -nan(ind)	       -nan(ind)	       -nan(ind)	       -nan(ind)	       -nan(ind)	       -nan(ind)	       -nan(ind)	       -nan(ind)	       -nan(ind)	       -nan(ind)	       -nan(ind)	       -nan(ind)	       -nan(ind)	       -nan(ind)	       -nan(ind)	       -nan(ind)	       -nan(ind)	       -nan(ind)	       -nan(ind)	       -nan(ind)	       -nan(ind)	       -nan(ind)	       -nan(ind)	       -nan(ind)	       -nan(ind)	       -nan(ind)	       -nan(ind)
      0.34999874	     -0.00000000	     -0.00000000	     -0.00000000	     -0.00000000	     -0.00000000	      0.00000000	      0.02451323	      0.02930973	     -0.00000000	      0.00000000	      0.00000000	     -0.00000000	      0.02669200	      0.00087484	     -0.00000000	     -0.00000000	     -0.00000000	      0.00000000	     -0.00000000	     -0.00000000	     -0.00000000	     -0.00000000	     -0.00000000	     -0.00407131	     -0.00000000	     -0.00000000	     -0.00000000	     -0.00000000	      0.00000000	      0.01114843	     -0.00700681	      0.00186391	      0.00029462	     -0.00000000	      0.03088089	     -0.00000000	     -0.00000000	      0.01124456	      0.01432963	      0.00739822	     -0.48748811	     -0.60039954	      0.20858491	      0.36563026	     -0.07840378	     -0.37237777	      0.74261666	      0.25959792	     -0.00000000	     -0.00000000	     -0.00000000	     -0.00000000	      0.19459607	      0.01945028	      0.51840328	      0.61306452	      0.64517612	      0.17384343	      0.31807983	      0.36064284	      0.00243122	      0.09834914	      0.15657886	     -0.11168712	     -0.34066960	     -0.00000000	     -0.00000000	      0.20290116	     -0.28162647	     -0.58388332	     -0.45107502	      0.51957632	      0.58654317	     -0.00000000	     -0.23972845	     -0.00000000	     -0.00000000	     -0.22186308	     -0.18923602	     -0.25362340	      0.00000000	     -0.00000000	      0.00000000	     -0.00000000	      0.00000000	      0.00000000	     -0.00000000	     -0.00000000	     -0.00000000	      0.00000000	      0.30928221	      0.26318111	      0.27242062	      0.30102345	     -0.19917592	     -0.15897924	     -0.29263839	      0.25719798	      0.18968902	     -0.45010870
      0.35416540	      0.00000000	     -0.00000000	     -0.00000000	     -0.00000000	     -0.00000000	     -0.00000000	      0.02443004	      0.02925537	     -0.00000000	     -0.00000000	     -0.00000000	      0.00000000	      0.02667000	      0.00084224	     -0.00000000	     -0.00000000	      0.00000000	     -0.00000000	     -0.00000000	     -0.00000000	     -0.00000000	     -0.00000000	     -0.00000000	     -0.00403338	     -0.00000000	     -0.00000000	      0.00000000	     -0.00000000	     -0.00000000	      0.01115750	     -0.00700528	      0.00185814	      0.00031141	      0.00000000	      0.03087643	     -0.00000000	      0.00000000	      0.01125411	      0.01434047	      0.00740501	     -0.54705387	     -0.74599290	      0.45915407	      0.67354481	      0.07067682	     -0.36462751	      1.11227178	      0.23871244	      0.00000000	      0.00000000	      0.00000000	      0.00000000	      0.16442668	      0.09937328	      0.79188670	      0.96287886	      1.13786898	      0.08990399	      0.34648030	      0.46013433	     -0.17743651	     -0.01390386	      0.12327477	      0.12009752	     -0.54244600	      0.00000000	      0.00000000	      0.25518399	     -0.41858202	     -1.00032592	     -0.59338468	      0.94022176	      1.09392384	     -0.00000000	     -0.76524403	      0.00000000	      0.00000000	     -0.37984372	     -0.36670704	     -0.38978861	      0.00000000	      0.00000000	      0.00000000	      0.00000000	      0.00000000	     -0.00000000	      0.00000000	      0.00000000	      0.00000000	     -0.00000000	      0.59979174	      0.43855453	      0.44210150	      0.48362246	     -0.21690748	     -0.12495698	     -0.36143072	      0.41740073	      0.34263499	     -0.56328704
      0.35833206	      0.00000000	      0.00000000	     -0.00000000	      0.00000000	      0.00000000	     -0.00000000	      0.01220217	      0.01463474	     -0.00000000	      0.00000000	     -0.00000000	      0.00000000	      0.01335556	      0.00040611	     -0.00000000	      0.00000000	      0.00000000	     -0.00000000	      0.00000000	     -0.00000000	     -0.00000000	     -0.00000000	     -0.00000000	     -0.00200251	     -0.00000000	     -0.00000000	      0.00000000	      0.00000000	      0.00000000	      0.00559694	     -0.00351028	      0.00092835	      0.00016427	     -0.00000000	      0.01547337	     -0.00000000	     -0.00000000	      0.00564560	      0.00719323	      0.00371495	     -0.03193293	     -0.12768642	      0.31055223	      0.37313803	      0.20361310	      0.03756248	      0.56197052	      0.12506510	      0.00000000	     -0.00000000	     -0.00000000	     -0.00000000	      0.09000181	      0.10480341	      0.29189040	      0.38503034	      0.57677317	     -0.12028907	     -0.00224115	      0.07783692	     -0.22256173	     -0.15767804	     -0.06809084	      0.28824442	     -0.22579462	     -0.00000000	     -0.00000000	      0.03054469	     -0.15076126	     -0.43372480	     -0.19306099	      0.51159378	      0.60881531	     -0.00000000	     -0.48188987	      0.00000000	     -0.00000000	     -0.12813199	     -0.13862743	     -0.11984691	     -0.00000000	     -0.00000000	      0.00000000	     -0.00000000	     -0.00000000	      0.00000000	      0.00000000	      0.00000000	     -0.00000000	     -0.00000000	      0.32214247	      0.17558069	      0.17279045	      0.18300896	     -0.01405686	      0.04322027	     -0.06216378	      0.15944398	      0.15431905	     -0.10422230
      0.36249872	       -nan(ind)	       -nan(ind)	       -nan(ind)	       -nan(ind)	       -nan(ind)	       -nan(ind)	       -nan(ind)	       -nan(ind)	       -nan(ind)	       -nan(ind)	       -nan(ind)	       -nan(ind)	       -nan(ind)	       -nan(ind)	       -nan(ind)	       -nan(ind)	       -nan(ind)	       -nan(ind)	       -nan(ind)	       -nan(ind)	       -nan(ind)	       -nan(ind)	       -nan(ind)	       -nan(ind)	       -nan(ind)	       -nan(ind)	       -nan(ind)	       -nan(ind)	       -nan(ind)	       -nan(ind)	       -nan(ind)	       -nan(ind)	       -nan(ind)	       -nan(ind)	       -nan(ind)	       -nan(ind)	       -nan(ind)	       -nan(ind)	       -nan(ind)	       -nan(ind)	       -nan(ind)	       -nan(ind)	       -nan(ind)	       -nan(ind)	       -nan(ind)	       -nan(ind)	       -nan(ind)	       -nan(ind)	       -nan(ind)	       -nan(ind)	       -nan(ind)	       -nan(ind)	       -nan(ind)	       -nan(ind)	       -nan(ind)	       -nan(ind)	       -nan(ind)	       -nan(ind)	       -nan(ind)	       -nan(ind)	       -nan(ind)	       -nan(ind)	       -nan(ind)	       -nan(ind)	       -nan(ind)	       -nan(ind)	       -nan(ind)	       -nan(ind)	       -nan(ind)	       -nan(ind)	       -nan(ind)	       -nan(ind)	       -nan(ind)	       -nan(ind)	       -nan(ind)	       -nan(ind)	       -nan(ind)	       -nan(ind)	       -nan(ind)	       -nan(ind)	       -nan(ind)	       -nan(ind)	       -nan(ind)	       -nan(ind)	       -nan(ind)	       -nan(ind)	       -nan(ind)	       -nan(ind)	       -nan(ind)	       -nan(ind)	       -nan(ind)	       -nan(ind)	       -nan(ind)	       -nan(ind)	       -nan(ind)	       -nan(ind)	       -nan(ind)	       -nan(ind)	       -nan(ind)	       -nan(ind)
      0.36666538	      0.00000000	      0.00000000	      0.00000000	      0.00000000	      0.00000000	      0.00000000	     -0.00001744	     -0.00002098	      0.00000000	      0.00000000	     -0.00000000	      0.00000000	     -0.00001920	     -0.00000054	     -0.00000000	     -0.00000000	      0.00000000	     -0.00000000	     -0.00000000	     -0.00000000	      0.00000000	     -0.00000000	     -0.00000000	      0.00000283	      0.00000000	     -0.00000000	      0.00000000	      0.00000000	     -0.00000000	     -0.00000807	      0.00000505	     -0.00000133	     -0.00000026	     -0.00000000	     -0.00002227	     -0.00000000	     -0.00000000	     -0.00000814	     -0.00001037	     -0.00000536	     -0.10884081	     -0.07894094	     -0.15720621	     -0.15432524	     -0.16161537	     -0.12625929	     -0.06113353	      0.12318604	     -0.00000000	      0.00000000	      0.00000000	      0.00000000	      0.10611893	     -0.06745369	     -0.05835243	     -0.09368395	     -0.21661104	      0.13742462	      0.09131833	      0.04331760	      0.16205271	      0.14002369	      0.08994352	     -0.26480876	      0.06180458	      0.00000000	      0.00000000	      0.03011486	      0.02400077	      0.18973866	     -0.03019546	     -0.20167193	     -0.26009510	      0.00000000	      0.41623932	      0.00000000	      0.00000000	      0.08004480	      0.11147365	      0.04728364	      0.00000000	     -0.00000000	      0.00000000	      0.00000000	     -0.00000000	      0.00000000	      0.00000000	     -0.00000000	      0.00000000	      0.00000000	     -0.14682846	     -0.05902168	     -0.05663762	     -0.05308153	     -0.04674644	     -0.07825282	     -0.03959688	     -0.04711897	     -0.06582277	     -0.05088531
      0.37083204	       -nan(ind)	       -nan(ind)	       -nan(ind)	       -nan(ind)	       -nan(ind)	       -nan(ind)	       -nan(ind)	       -nan(ind)	       -nan(ind)	       -nan(ind)	       -nan(ind)	       -nan(ind)	       -nan(ind)	       -nan(ind)	       -nan(ind)	       -nan(ind)	       -nan(ind)	       -nan(ind)	       -nan(ind)	       -nan(ind)	       -nan(ind)	       -nan(ind)	       -nan(ind)	       -nan(ind)	       -nan(ind)	       -nan(ind)	       -nan(ind)	       -nan(ind)	       -nan(ind)	       -nan(ind)	       -nan(ind)	       -nan(ind)	       -nan(ind)	       -nan(ind)	       -nan(ind)	       -nan(ind)	       -nan(ind)	       -nan(ind)	       -nan(ind)	       -nan(ind)	       -nan(ind)	       -nan(ind)	       -nan(ind)	       -nan(ind)	       -nan(ind)	       -nan(ind)	       -nan(ind)	       -nan(ind)	       -nan(ind)	       -nan(ind)	       -nan(ind)	       -nan(ind)	       -nan(ind)	       -nan(ind)	       -nan(ind)	       -nan(ind)	       -nan(ind)	       -nan(ind)	       -nan(ind)	       -nan(ind)	       -nan(ind)	       -nan(ind)	       -nan(ind)	       -nan(ind)	       -nan(ind)	       -nan(ind)	       -nan(ind)	       -nan(ind)	       -nan(ind)	       -nan(ind)	       -nan(ind)	       -nan(ind)	       -nan(ind)	       -nan(ind)	       -nan(ind)	       -nan(ind)	       -nan(ind)	       -nan(ind)	       -nan(ind)	       -nan(ind)	       -nan(ind)	       -nan(ind)	       -nan(ind)	       -nan(ind)	       -nan(ind)	       -nan(ind)	       -nan(ind)	       -nan(ind)	       -nan(ind)	       -nan(ind)	       -nan(ind)	       -nan(ind)	       -nan(ind)	       -nan(ind)	       -nan(ind)	       -nan(ind)	       -nan(ind)	       -nan(ind)	       -nan(ind)	       -nan(ind)
      0.37499870	       -nan(ind)	       -nan(ind)	       -nan(ind)	       -nan(ind)	       -nan(ind)	       -nan(ind)	       -nan(ind)	       -nan(ind)	       -nan(ind)	       -nan(ind)	       -nan(ind)	       -nan(ind)	       -nan(ind)	       -nan(ind)	       -nan(ind)	       -nan(ind)	       -nan(ind)	       -nan(ind)	       -nan(ind)	       -nan(ind)	       -nan(ind)	       -nan(ind)	       -nan(ind)	       -nan(ind)	       -nan(ind)	       -nan(ind)	       -nan(ind)	       -nan(ind)	       -nan(ind)	       -nan(ind)	       -nan(ind)	       -nan(ind)	       -nan(ind)	       -nan(ind)	       -nan(ind)	       -nan(ind)	       -nan(ind)	       -nan(ind)	       -nan(ind)	       -nan(ind)	       -nan(ind)	       -nan(ind)	       -nan(ind)	       -nan(ind)	       -nan(ind)	       -nan(ind)	       -nan(ind)	       -nan(ind)	       -nan(ind)	       -nan(ind)	       -nan(ind)	       -nan(ind)	       -nan(ind)	       -nan(ind)	       -nan(ind)	       -nan(ind)	       -nan(ind)	       -nan(ind)	       -nan(ind)	       -nan(ind)	       -nan(ind)	       -nan(ind)	       -nan(ind)	       -nan(ind)	       -nan(ind)	       -nan(ind)	       -nan(ind)	       -nan(ind)	       -nan(ind)	       -nan(ind)	       -nan(ind)	       -nan(ind)	       -nan(ind)	       -nan(ind)	       -nan(ind)	       -nan(ind)	       -nan(ind)	       -nan(ind)	       -nan(ind)	       -nan(ind)	       -nan(ind)	       -nan(ind)	       -nan(ind)	       -nan(ind)	       -nan(ind)	       -nan(ind)	       -nan(ind)	       -nan(ind)	       -nan(ind)	       -nan(ind)	       -nan(ind)	       -nan(ind)	       -nan(ind)	       -nan(ind)	       -nan(ind)	       -nan(ind)	       -nan(ind)	       -nan(ind)	       -nan(ind)	       -nan(ind)
      0.37916536	       -nan(ind)	       -nan(ind)	       -nan(ind)	       -nan(ind)	       -nan(ind)	       -nan(ind)	       -nan(ind)	       -nan(ind)	       -nan(ind)	       -nan(ind)	       -nan(ind)	       -nan(ind)	       -nan(ind)	       -nan(ind)	       -nan(ind)	       -nan(ind)	       -nan(ind)	       -nan(ind)	       -nan(ind)	       -nan(ind)	       -nan(ind)	       -nan(ind)	       -nan(ind)	       -nan(ind)	       -nan(ind)	       -nan(ind)	       -nan(ind)	       -nan(ind)	       -nan(ind)	       -nan(ind)	       -nan(ind)	       -nan(ind)	       -nan(ind)	       -nan(ind)	       -nan(ind)	       -nan(ind)	       -nan(ind)	       -nan(ind)	       -nan(ind)	       -nan(ind)	       -nan(ind)	       -nan(ind)	       -nan(ind)	       -nan(ind)	       -nan(ind)	       -nan(ind)	       -nan(ind)	       -nan(ind)	       -nan(ind)	       -nan(ind)	       -nan(ind)	       -nan(ind)	       -nan(ind)	       -nan(ind)	       -nan(ind)	       -nan(ind)	       -nan(ind)	       -nan(ind)	       -nan(ind)	       -nan(ind)	       -nan(ind)	       -nan(ind)	       -nan(ind)	       -nan(ind)	       -nan(ind)	       -nan(ind)	       -nan(ind)	       -nan(ind)	       -nan(ind)	       -nan(ind)	       -nan(ind)	       -nan(ind)	       -nan(ind)	       -nan(ind)	       -nan(ind)	       -nan(ind)	       -nan(ind)	       -nan(ind)	       -nan(ind)	       -nan(ind)	       -nan(ind)	       -nan(ind)	       -nan(ind)	       -nan(ind)	       -nan(ind)	       -nan(ind)	       -nan(ind)	       -nan(ind)	       -nan(ind)	       -nan(ind)	       -nan(ind)	       -nan(ind)	       -nan(ind)	       -nan(ind)	       -nan(ind)	       -nan(ind)	       -nan(ind)	       -nan(ind)	       -nan(ind)	       -nan(ind)
      0.38333202	      0.00000000	      0.00000000	      0.00000000	      0.00000000	     -0.00000000	      0.00000000	     -0.02390810	     -0.02896794	     -0.00000000	     -0.00000000	      0.00000000	     -0.00000000	     -0.02673532	     -0.00066056	     -0.00000000	     -0.00000000	      0.00000000	      0.00000000	      0.00000000	     -0.00000000	      0.00000000	      0.00000000	      0.00000000	      0.00376940	      0.00000000	      0.00000000	     -0.00000000	      0.00000000	      0.00000000	     -0.01130735	      0.00703420	     -0.00182142	     -0.00041014	      0.00000000	     -0.03104750	     -0.00000000	      0.00000000	     -0.01140753	     -0.01452774	     -0.00750883	      0.08320729	      0.05322543	      0.16005965	      0.16931148	      0.14900786	      0.09876777	      0.12049789	     -0.06957154	     -0.00000000	     -0.00000000	     -0.00000000	      0.00000000	     -0.06333944	      0.05988669	      0.07180034	      0.10778073	      0.22633070	     -0.10493899	     -0.06643141	     -0.02724358	     -0.12966723	     -0.11915634	     -0.07842441	      0.24064111	     -0.06881339	     -0.00000000	     -0.00000000	     -0.02952425	     -0.03453971	     -0.20063121	     -0.01894857	      0.21504368	      0.27210997	     -0.00000000	     -0.36269826	     -0.00000000	      0.00000000	     -0.07760098	     -0.09921533	     -0.05336999	      0.00000000	      0.00000000	      0.00000000	      0.00000000	      0.00000000	      0.00000000	      0.00000000	      0.00000000	      0.00000000	      0.00000000	      0.12927168	      0.04841407	      0.04743613	      0.04641566	      0.02767149	      0.05163889	      0.02215339	      0.04095521	      0.04940013	      0.03131057
      0.38749868	       -nan(ind)	       -nan(ind)	       -nan(ind)	       -nan(ind)	       -nan(ind)	       -nan(ind)	       -nan(ind)	       -nan(ind)	       -nan(ind)	       -nan(ind)	       -nan(ind)	       -nan(ind)	       -nan(ind)	       -nan(ind)	       -nan(ind)	       -nan(ind)	       -nan(ind)	       -nan(ind)	       -nan(ind)	       -nan(ind)	       -nan(ind)	       -nan(ind)	       -nan(ind)	       -nan(ind)	       -nan(ind)	       -nan(ind)	       -nan(ind)	       -nan(ind)	       -nan(ind)	       -nan(ind)	       -nan(ind)	       -nan(ind)	       -nan(ind)	       -nan(ind)	       -nan(ind)	       -nan(ind)	       -nan(ind)	       -nan(ind)	       -nan(ind)	       -nan(ind)	       -nan(ind)	       -nan(ind)	       -nan(ind)	       -nan(ind)	       -nan(ind)	       -nan(ind)	       -nan(ind)	       -nan(ind)	       -nan(ind)	       -nan(ind)	       -nan(ind)	       -nan(ind)	       -nan(ind)	       -nan(ind)	       -nan(ind)	       -nan(ind)	       -nan(ind)	       -nan(ind)	       -nan(ind)	       -nan(ind)	       -nan(ind)	       -nan(ind)	       -nan(ind)	       -nan(ind)	       -nan(ind)	       -nan(ind)	       -nan(ind)	       -nan(ind)	       -nan(ind)	       -nan(ind)	       -nan(ind)	       -nan(ind)	       -nan(ind)	       -nan(ind)	       -nan(ind)	       -nan(ind)	       -nan(ind)	       -nan(ind)	       -nan(ind)	       -nan(ind)	       -nan(ind)	       -nan(ind)	       -nan(ind)	       -nan(ind)	       -nan(ind)	       -nan(ind)	       -nan(ind)	       -nan(ind)	       -nan(ind)	       -nan(ind)	       -nan(ind)	       -nan(ind)	       -nan(ind)	       -nan(ind)	       -nan(ind)	       -nan(ind)	       -nan(ind)	       -nan(ind)	       -nan(ind)	       -nan(ind)
      0.39166534	       -nan(ind)	       -nan(ind)	       -nan(ind)	       -nan(ind)	       -nan(ind)	       -nan(ind)	       -nan(ind)	       -nan(ind)	       -nan(ind)	       -nan(ind)	       -nan(ind)	       -nan(ind)	       -nan(ind)	       -nan(ind)	       -nan(ind)	       -nan(ind)	       -nan(ind)	       -nan(ind)	       -nan(ind)	       -nan(ind)	       -nan(ind)	       -nan(ind)	       -nan(ind)	       -nan(ind)	       -nan(ind)	       -nan(ind)	       -nan(ind)	       -nan(ind)	       -nan(ind)	       -nan(ind)	       -nan(ind)	       -nan(ind)	       -nan(ind)	       -nan(ind)	       -nan(ind)	       -nan(ind)	       -nan(ind)	       -nan(ind)	       -nan(ind)	       -nan(ind)	       -nan(ind)	       -nan(ind)	       -nan(ind)	       -nan(ind)	       -nan(ind)	       -nan(ind)	       -nan(ind)	       -nan(ind)	       -nan(ind)	       -nan(ind)	       -nan(ind)	       -nan(ind)	       -nan(ind)	       -nan(ind)	       -nan(ind)	       -nan(ind)	       -nan(ind)	       -nan(ind)	       -nan(ind)	       -nan(ind)	       -nan(ind)	       -nan(ind)	       -nan(ind)	       -nan(ind)	       -nan(ind)	       -nan(ind)	       -nan(ind)	       -nan(ind)	       -nan(ind)	       -nan(ind)	       -nan(ind)	       -nan(ind)	       -nan(ind)	       -nan(ind)	       -nan(ind)	       -nan(ind)	       -nan(ind)	       -nan(ind)	       -nan(ind)	       -nan(ind)	       -nan(ind)	       -nan(ind)	       -nan(ind)	       -nan(ind)	       -nan(ind)	       -nan(ind)	       -nan(ind)	       -nan(ind)	       -nan(ind)	       -nan(ind)	       -nan(ind)	       -nan(ind)	       -nan(ind)	       -nan(ind)	       -nan(ind)	       -nan(ind)	       -nan(ind)	       -nan(ind)	       -nan(ind)	       -nan(ind)
      0.39583200	     -0.00000000	     -0.00000000	      0.00000000	     -0.00000000	      0.00000000	     -0.00000000	     -0.00001780	     -0.00002172	     -0.00000000	     -0.00000000	      0.00000000	     -0.00000000	     -0.00002025	     -0.00000046	      0.00000000	      0.00000000	      0.00000000	      0.00000000	     -0.00000000	      0.00000000	      0.00000000	     -0.00000000	      0.00000000	      0.00000274	     -0.00000000	     -0.00000000	     -0.00000000	     -0.00000000	      0.00000000	     -0.00000860	      0.00000532	     -0.00000136	     -0.00000031	     -0.00000000	     -0.00002351	     -0.00000000	     -0.00000000	     -0.00000868	     -0.00001105	     -0.00000571	      0.03532119	     -0.01609311	      0.21251368	      0.24750659	      0.16063225	      0.06775088	      0.30285556	      0.02666166	      0.00000000	     -0.00000000	     -0.00000000	     -0.00000000	      0.01186706	      0.06556586	      0.15810004	      0.20941491	      0.34663830	     -0.08455412	     -0.02061233	      0.02858619	     -0.13492501	     -0.11305683	     -0.06161311	      0.24256473	     -0.12311636	     -0.00000000	     -0.00000000	     -0.00241531	     -0.07685742	     -0.28498783	     -0.11728196	      0.31780390	      0.38738494	     -0.00000000	     -0.36841817	     -0.00000000	     -0.00000000	     -0.09282387	     -0.10184267	     -0.07935926	     -0.00000000	      0.00000000	      0.00000000	     -0.00000000	     -0.00000000	     -0.00000000	     -0.00000000	      0.00000000	      0.00000000	     -0.00000000	      0.18840658	      0.09324888	      0.08911182	      0.09691127	      0.00621407	      0.03517889	     -0.01450329	      0.08598564	      0.08090748	     -0.01958082
      0.39999866	     -0.00000000	     -0.00000000	      0.00000000	     -0.00000000	     -0.00000000	     -0.00000000	     -0.01164191	     -0.01424258	     -0.00000000	     -0.00000000	     -0.00000000	     -0.00000000	     -0.01333928	     -0.00030089	     -0.00000000	      0.00000000	     -0.00000000	     -0.00000000	     -0.00000000	     -0.00000000	      0.00000000	     -0.00000000	     -0.00000000	      0.00177398	     -0.00000000	     -0.00000000	      0.00000000	      0.00000000	     -0.00000000	     -0.00567242	      0.00349991	     -0.00088751	     -0.00020221	      0.00000000	     -0.01548011	      0.00000000	      0.00000000	     -0.00572306	     -0.00728649	     -0.00376761	      0.65793067	      0.84115316	     -0.20316551	     -0.44715679	      0.18335060	      0.51015454	     -0.92315910	     -0.31190294	     -0.00000000	     -0.00000000	      0.00000000	     -0.00000000	     -0.22379902	      0.05106749	     -0.73389165	     -0.84116937	     -0.79434518	     -0.39251307	     -0.57535043	     -0.59582980	     -0.17436787	     -0.28760525	     -0.31823095	      0.33298561	      0.42971253	     -0.00000000	      0.00000000	     -0.32584065	      0.37760089	      0.72535788	      0.70283110	     -0.59685341	     -0.66183408	      0.00000000	      0.15358208	      0.00000000	     -0.00000000	      0.27380250	      0.20003949	      0.32470577	      0.00000000	     -0.00000000	     -0.00000000	      0.00000000	     -0.00000000	     -0.00000000	     -0.00000000	     -0.00000000	     -0.00000000	     -0.00000000	     -0.33601383	     -0.34112706	     -0.30659665	     -0.40102845	      0.27086009	      0.26101785	      0.42514547	     -0.35783049	     -0.20797970	      0.59297840
      0.40416532	     -0.00000000	      0.00000000	     -0.00000000	     -0.00000000	     -0.00000000	      0.00000000	      0.00000000	      0.00000000	     -0.00000000	      0.00000000	     -0.00000000	     -0.00000000	     -0.00000000	      0.00000000	      0.00000000	     -0.00000000	     -0.00000000	      0.00000000	     -0.00000000	     -0.00000000	     -0.00000000	      0.00000000	     -0.00000000	      0.00000000	      0.00000000	     -0.00000000	      0.00000000	     -0.00000000	     -0.00000000	      0.00000000	     -0.00000000	     -0.00000000	     -0.00000000	     -0.00000000	     -0.00000000	      0.00000000	     -0.00000000	      0.00000000	      0.00000000	      0.00000000	     -0.29232137	     -0.34809212	     -0.00795842	      0.07828325	     -0.14753099	     -0.24213939	      0.39571754	      0.27902727	     -0.00000000	      0.00000000	     -0.00000000	     -0.00000000	      0.22236260	     -0.04889341	      0.24237401	      0.26490125	      0.18458689	      0.19783313	      0.25154525	      0.24168715	      0.12607855	      0.16910709	      0.16270983	     -0.28004822	     -0.12827592	     -0.00000000	      0.00000000	      0.14326361	     -0.12498438	     -0.12032765	     -0.28490774	      0.11808173	      0.10345810	     -0.00000000	      0.26053947	     -0.00000000	      0.00000000	     -0.01445510	      0.03761204	     -0.06265132	      0.00000000	     -0.00000000	      0.00000000	     -0.00000000	      0.00000000	      0.00000000	      0.00000000	     -0.00000000	     -0.00000000	     -0.00000000	      0.06739995	      0.11086056	      0.09700997	      0.13388297	     -0.11302283	     -0.11972589	     -0.17099987	      0.11994616	      0.06033489	     -0.24088366
      0.40833198	       -nan(ind)	       -nan(ind)	       -nan(ind)	       -nan(ind)	       -nan(ind)	       -nan(ind)	       -nan(ind)	       -nan(ind)	       -nan(ind)	       -nan(ind)	       -nan(ind)	       -nan(ind)	       -nan(ind)	       -nan(ind)	       -nan(ind)	       -nan(ind)	       -nan(ind)	       -nan(ind)	       -nan(ind)	       -nan(ind)	       -nan(ind)	       -nan(ind)	       -nan(ind)	       -nan(ind)	       -nan(ind)	       -nan(ind)	       -nan(ind)	       -nan(ind)	       -nan(ind)	       -nan(ind)	       -nan(ind)	       -nan(ind)	       -nan(ind)	       -nan(ind)	       -nan(ind)	       -nan(ind)	       -nan(ind)	       -nan(ind)	       -nan(ind)	       -nan(ind)	       -nan(ind)	       -nan(ind)	       -nan(ind)	       -nan(ind)	       -nan(ind)	       -nan(ind)	       -nan(ind)	       -nan(ind)	       -nan(ind)	       -nan(ind)	       -nan(ind)	       -nan(ind)	       -nan(ind)	       -nan(ind)	       -nan(ind)	       -nan(ind)	       -nan(ind)	       -nan(ind)	       -nan(ind)	       -nan(ind)	       -nan(ind)	       -nan(ind)	       -nan(ind)	       -nan(ind)	       -nan(ind)	       -nan(ind)	       -nan(ind)	       -nan(ind)	       -nan(ind)	       -nan(ind)	       -nan(ind)	       -nan(ind)	       -nan(ind)	       -nan(ind)	       -nan(ind)	       -nan(ind)	       -nan(ind)	       -nan(ind)	       -nan(ind)	       -nan(ind)	       -nan(ind)	       -nan(ind)	       -nan(ind)	       -nan(ind)	       -nan(ind)	       -nan(ind)	       -nan(ind)	       -nan(ind)	       -nan(ind)	       -nan(ind)	       -nan(ind)	       -nan(ind)	       -nan(ind)	       -nan(ind)	       -nan(ind)	       -nan(ind)	       -nan(ind)	       -nan(ind)	       -nan(ind)	       -nan(ind)
      0.41249864	       -nan(ind)	       -nan(ind)	       -nan(ind)	       -nan(ind)	       -nan(ind)	       -nan(ind)	       -nan(ind)	       -nan(ind)	       -nan(ind)	       -nan(ind)	       -nan(ind)	       -nan(ind)	       -nan(ind)	       -nan(ind)	       -nan(ind)	       -nan(ind)	       -nan(ind)	       -nan(ind)	       -nan(ind)	       -nan(ind)	       -nan(ind)	       -nan(ind)	       -nan(ind)	       -nan(ind)	       -nan(ind)	       -nan(ind)	       -nan(ind)	       -nan(ind)	       -nan(ind)	       -nan(ind)	       -nan(ind)	       -nan(ind)	       -nan(ind)	       -nan(ind)	       -nan(ind)	       -nan(ind)	       -nan(ind)	       -nan(ind)	       -nan(ind)	       -nan(ind)	       -nan(ind)	       -nan(ind)	       -nan(ind)	       -nan(ind)	       -nan(ind)	       -nan(ind)	       -nan(ind)	       -nan(ind)	       -nan(ind)	       -nan(ind)	       -nan(ind)	       -nan(ind)	       -nan(ind)	       -nan(ind)	       -nan(ind)	       -nan(ind)	       -nan(ind)	       -nan(ind)	       -nan(ind)	       -nan(ind)	       -nan(ind)	       -nan(ind)	       -nan(ind)	       -nan(ind)	       -nan(ind)	       -nan(ind)	       -nan(ind)	       -nan(ind)	       -nan(ind)	       -nan(ind)	       -nan(ind)	       -nan(ind)	       -nan(ind)	       -nan(ind)	       -nan(ind)	       -nan(ind)	       -nan(ind)	       -nan(ind)	       -nan(ind)	       -nan(ind)	       -nan(ind)	       -nan(ind)	       -nan(ind)	       -nan(ind)	       -nan(ind)	       -nan(ind)	       -nan(ind)	       -nan(ind)	       -nan(ind)	       -nan(ind)	       -nan(ind)	       -nan(ind)	       -nan(ind)	       -nan(ind)	       -nan(ind)	       -nan(ind)	       -nan(ind)	       -nan(ind)	       -nan(ind)	       -nan(ind)
      0.41666530	     -0.00000000	     -0.00000000	     -0.00000000	      0.00000000	     -0.00000000	      0.00000000	      0.02255292	      0.02798768	     -0.00000000	      0.00000000	      0.00000000	      0.00000000	      0.02685594	      0.00059994	     -0.00000000	     -0.00000000	     -0.00000000	      0.00000000	     -0.00000000	      0.00000000	      0.00000000	     -0.00000000	     -0.00000000	     -0.00329600	      0.00000000	      0.00000000	      0.00000000	      0.00000000	     -0.00000000	      0.01147569	     -0.00699554	      0.00172064	      0.00039064	      0.00000000	      0.03106580	     -0.00000000	      0.00000000	      0.01157838	      0.01473822	      0.00762263	      0.40877073	      0.54042282	     -0.18037747	     -0.34949047	      0.08076424	      0.30953161	     -0.70030482	     -0.24541697	      0.00000000	     -0.00000000	      0.00000000	      0.00000000	     -0.17885739	      0.01796576	     -0.51330667	     -0.59607359	     -0.59882950	     -0.24296409	     -0.37061074	     -0.39054238	     -0.09196840	     -0.16381177	     -0.18999867	      0.16855604	      0.30042418	      0.00000000	      0.00000000	     -0.20353184	      0.25824716	      0.52016946	      0.49264634	     -0.46225941	     -0.51807514	      0.00000000	      0.13743707	     -0.00000000	      0.00000000	      0.18402016	      0.13385309	      0.21877741	      0.00000000	     -0.00000000	      0.00000000	     -0.00000000	      0.00000000	      0.00000000	      0.00000000	     -0.00000000	      0.00000000	      0.00000000	     -0.24756028	     -0.22844848	     -0.19905972	     -0.26958321	      0.17364592	      0.16780194	      0.27743018	     -0.24228560	     -0.13538874	      0.38061230
      0.42083196	      0.00000000	      0.00000000	     -0.00000000	      0.00000000	      0.00000000	     -0.00000000	     -0.00000000	     -0.00000000	      0.00000000	      0.00000000	      0.00000000	      0.00000000	      0.00000000	      0.00000000	      0.00000000	      0.00000000	      0.00000000	      0.00000000	     -0.00000000	      0.00000000	     -0.00000000	     -0.00000000	      0.00000000	     -0.00000000	     -0.00000000	      0.00000000	      0.00000000	      0.00000000	      0.00000000	     -0.00000000	     -0.00000000	     -0.00000000	     -0.00000000	      0.00000000	      0.00000000	      0.00000000	      0.00000000	     -0.00000000	     -0.00000000	     -0.00000000	      0.76463852	      0.95282519	     -0.12073450	     -0.38818101	      0.29634805	      0.61486089	     -0.92971639	     -0.37204327	     -0.00000000	     -0.00000000	      0.00000000	      0.00000000	     -0.27422305	      0.09243234	     -0.76807016	     -0.86838092	     -0.74364970	     -0.50512450	     -0.67757820	     -0.67042701	     -0.28077819	     -0.39402522	     -0.39651031	      0.52097489	      0.42274156	     -0.00000000	      0.00000000	     -0.36905865	      0.38883613	      0.67300895	      0.75240358	     -0.52514424	     -0.56179734	     -0.00000000	     -0.05454772	     -0.00000000	      0.00000000	      0.25447614	      0.16193942	      0.32360890	     -0.00000000	      0.00000000	      0.00000000	      0.00000000	     -0.00000000	     -0.00000000	     -0.00000000	      0.00000000	     -0.00000000	     -0.00000000	     -0.27165391	     -0.32660631	     -0.27701904	     -0.39551281	      0.31123139	      0.32511064	      0.47961256	     -0.35683838	     -0.17305351	      0.66194365
      0.42499862	      0.00000000	     -0.00000000	     -0.00000000	     -0.00000000	      0.00000000	      0.00000000	     -0.01104986	     -0.01384376	      0.00000000	      0.00000000	     -0.00000000	     -0.00000000	     -0.01350636	     -0.00030969	     -0.00000000	     -0.00000000	     -0.00000000	      0.00000000	     -0.00000000	     -0.00000000	     -0.00000000	     -0.00000000	     -0.00000000	      0.00157775	     -0.00000000	     -0.00000000	      0.00000000	      0.00000000	     -0.00000000	     -0.00578553	      0.00349867	     -0.00084356	     -0.00019098	     -0.00000000	     -0.01558521	      0.00000000	     -0.00000000	     -0.00583727	     -0.00742963	     -0.00384294	      0.94669503	      1.21020210	     -0.26039821	     -0.61647355	      0.29361854	      0.74170739	     -1.38017854	     -0.54290266	      0.00000000	     -0.00000000	     -0.00000000	      0.00000000	     -0.40228811	      0.08108219	     -1.05305607	     -1.20654529	     -1.12086174	     -0.59505802	     -0.84447031	     -0.85981693	     -0.28472194	     -0.43746381	     -0.46636018	      0.54544975	      0.59369861	     -0.00000000	      0.00000000	     -0.46213988	      0.52688465	      0.97418608	      1.02036126	     -0.82919105	     -0.90706490	      0.00000000	      0.05814878	     -0.00000000	     -0.00000000	      0.34813542	      0.23012268	      0.43610205	      0.00000000	      0.00000000	      0.00000000	      0.00000000	      0.00000000	      0.00000000	      0.00000000	      0.00000000	      0.00000000	     -0.00000000	     -0.43577652	     -0.45480531	     -0.38725790	     -0.54411263	      0.38873572	      0.39460150	      0.61149939	     -0.49142543	     -0.25276362	      0.84414817
      0.42916528	       -nan(ind)	       -nan(ind)	       -nan(ind)	       -nan(ind)	       -nan(ind)	       -nan(ind)	       -nan(ind)	       -nan(ind)	       -nan(ind)	       -nan(ind)	       -nan(ind)	       -nan(ind)	       -nan(ind)	       -nan(ind)	       -nan(ind)	       -nan(ind)	       -nan(ind)	       -nan(ind)	       -nan(ind)	       -nan(ind)	       -nan(ind)	       -nan(ind)	       -nan(ind)	       -nan(ind)	       -nan(ind)	       -nan(ind)	       -nan(ind)	       -nan(ind)	       -nan(ind)	       -nan(ind)	       -nan(ind)	       -nan(ind)	       -nan(ind)	       -nan(ind)	       -nan(ind)	       -nan(ind)	       -nan(ind)	       -nan(ind)	       -nan(ind)	       -nan(ind)	       -nan(ind)	       -nan(ind)	       -nan(ind)	       -nan(ind)	       -nan(ind)	       -nan(ind)	       -nan(ind)	       -nan(ind)	       -nan(ind)	       -nan(ind)	       -nan(ind)	       -nan(ind)	       -nan(ind)	       -nan(ind)	       -nan(ind)	       -nan(ind)	       -nan(ind)	       -nan(ind)	       -nan(ind)	       -nan(ind)	       -nan(ind)	       -nan(ind)	       -nan(ind)	       -nan(ind)	       -nan(ind)	       -nan(ind)	       -nan(ind)	       -nan(ind)	       -nan(ind)	       -nan(ind)	       -nan(ind)	       -nan(ind)	       -nan(ind)	       -nan(ind)	       -nan(ind)	       -nan(ind)	       -nan(ind)	       -nan(ind)	       -nan(ind)	       -nan(ind)	       -nan(ind)	       -nan(ind)	       -nan(ind)	       -nan(ind)	       -nan(ind)	       -nan(ind)	       -nan(ind)	       -nan(ind)	       -nan(ind)	       -nan(ind)	       -nan(ind)	       -nan(ind)	       -nan(ind)	       -nan(ind)	       -nan(ind)	       -nan(ind)	       -nan(ind)	       -nan(ind)	       -nan(ind)	       -nan(ind)
      0.43333194	       -nan(ind)	       -nan(ind)	       -nan(ind)	       -nan(ind)	       -nan(ind)	       -nan(ind)	       -nan(ind)	       -nan(ind)	       -nan(ind)	       -nan(ind)	       -nan(ind)	       -nan(ind)	       -nan(ind)	       -nan(ind)	       -nan(ind)	       -nan(ind)	       -nan(ind)	       -nan(ind)	       -nan(ind)	       -nan(ind)	       -nan(ind)	       -nan(ind)	       -nan(ind)	       -nan(ind)	       -nan(ind)	       -nan(ind)	       -nan(ind)	       -nan(ind)	       -nan(ind)	       -nan(ind)	       -nan(ind)	       -nan(ind)	       -nan(ind)	       -nan(ind)	       -nan(ind)	       -nan(ind)	       -nan(ind)	       -nan(ind)	       -nan(ind)	       -nan(ind)	       -nan(ind)	       -nan(ind)	       -nan(ind)	       -nan(ind)	       -nan(ind)	       -nan(ind)	       -nan(ind)	       -nan(ind)	       -nan(ind)	       -nan(ind)	       -nan(ind)	       -nan(ind)	       -nan(ind)	       -nan(ind)	       -nan(ind)	       -nan(ind)	       -nan(ind)	       -nan(ind)	       -nan(ind)	       -nan(ind)	       -nan(ind)	       -nan(ind)	       -nan(ind)	       -nan(ind)	       -nan(ind)	       -nan(ind)	       -nan(ind)	       -nan(ind)	       -nan(ind)	       -nan(ind)	       -nan(ind)	       -nan(ind)	       -nan(ind)	       -nan(ind)	       -nan(ind)	       -nan(ind)	       -nan(ind)	       -nan(ind)	       -nan(ind)	       -nan(ind)	       -nan(ind)	       -nan(ind)	       -nan(ind)	       -nan(ind)	       -nan(ind)	       -nan(ind)	       -nan(ind)	       -nan(ind)	       -nan(ind)	       -nan(ind)	       -nan(ind)	       -nan(ind)	       -nan(ind)	       -nan(ind)	       -nan(ind)	       -nan(ind)	       -nan(ind)	       -nan(ind)	       -nan(ind)	       -nan(ind)
      0.43749860	       -nan(ind)	       -nan(ind)	       -nan(ind)	       -nan(ind)	       -nan(ind)	       -nan(ind)	       -nan(ind)	       -nan(ind)	       -nan(ind)	       -nan(ind)	       -nan(ind)	       -nan(ind)	       -nan(ind)	       -nan(ind)	       -nan(ind)	       -nan(ind)	       -nan(ind)	       -nan(ind)	       -nan(ind)	       -nan(ind)	       -nan(ind)	       -nan(ind)	       -nan(ind)	       -nan(ind)	       -nan(ind)	       -nan(ind)	       -nan(ind)	       -nan(ind)	       -nan(ind)	       -nan(ind)	       -nan(ind)	       -nan(ind)	       -nan(ind)	       -nan(ind)	       -nan(ind)	       -nan(ind)	       -nan(ind)	       -nan(ind)	       -nan(ind)	       -nan(ind)	       -nan(ind)	       -nan(ind)	       -nan(ind)	       -nan(ind)	       -nan(ind)	       -nan(ind)	       -nan(ind)	       -nan(ind)	       -nan(ind)	       -nan(ind)	       -nan(ind)	       -nan(ind)	       -nan(ind)	       -nan(ind)	       -nan(ind)	       -nan(ind)	       -nan(ind)	       -nan(ind)	       -nan(ind)	       -nan(ind)	       -nan(ind)	       -nan(ind)	       -nan(ind)	       -nan(ind)	       -nan(ind)	       -nan(ind)	       -nan(ind)	       -nan(ind)	       -nan(ind)	       -nan(ind)	       -nan(ind)	       -nan(ind)	       -nan(ind)	       -nan(ind)	       -nan(ind)	       -nan(ind)	       -nan(ind)	       -nan(ind)	       -nan(ind)	       -nan(ind)	       -nan(ind)	       -nan(ind)	       -nan(ind)	       -nan(ind)	       -nan(ind)	       -nan(ind)	       -nan(ind)	       -nan(ind)	       -nan(ind)	       -nan(ind)	       -nan(ind)	       -nan(ind)	       -nan(ind)	       -nan(ind)	       -nan(ind)	       -nan(ind)	       -nan(ind)	       -nan(ind)	       -nan(ind)	       -nan(ind)
      0.44166526	     -0.00000000	     -0.00000000	     -0.00000000	     -0.00000000	     -0.00000000	     -0.00000000	      0.00001835	      0.00002357	     -0.00000000	     -0.00000000	     -0.00000000	     -0.00000000	      0.00002404	      0.00000062	     -0.00000000	     -0.00000000	     -0.00000000	     -0.00000000	     -0.00000000	     -0.00000000	     -0.00000000	     -0.00000000	     -0.00000000	     -0.00000265	      0.00000000	      0.00000000	      0.00000000	     -0.00000000	     -0.00000000	      0.00001035	     -0.00000613	      0.00000140	      0.00000032	     -0.00000000	      0.00002754	     -0.00000000	      0.00000000	      0.00001044	      0.00001328	      0.00000687	      0.69804896	      0.95792923	     -0.43225642	     -0.74599981	      0.05778418	      0.50479154	     -1.28612572	     -0.31785902	     -0.00000000	     -0.00000000	     -0.00000000	     -0.00000000	     -0.21538515	     -0.02308800	     -0.99388464	     -1.17695231	     -1.27267592	     -0.35484284	     -0.61230734	     -0.67557686	     -0.05142038	     -0.19025836	     -0.27026427	      0.12184172	      0.58672157	     -0.00000000	     -0.00000000	     -0.33636774	      0.48116482	      1.11812128	      0.84120478	     -0.99863835	     -1.14558085	     -0.00000000	      0.60052224	      0.00000000	     -0.00000000	      0.42566245	      0.36550701	      0.45936085	      0.00000000	     -0.00000000	     -0.00000000	      0.00000000	     -0.00000000	      0.00000000	     -0.00000000	      0.00000000	      0.00000000	      0.00000000	     -0.52768148	     -0.42533820	     -0.36279973	     -0.49880157	      0.29137708	      0.27294295	      0.48405180	     -0.45289011	     -0.25233384	      0.67497813
      0.44583192	      0.00000000	      0.00000000	      0.00000000	     -0.00000000	      0.00000000	      0.00000000	     -0.00000901	     -0.00001166	      0.00000000	     -0.00000000	     -0.00000000	     -0.00000000	     -0.00001206	     -0.00000032	     -0.00000000	      0.00000000	      0.00000000	      0.00000000	      0.00000000	      0.00000000	     -0.00000000	      0.00000000	     -0.00000000	      0.00000130	      0.00000000	     -0.00000000	     -0.00000000	      0.00000000	      0.00000000	     -0.00000520	      0.00000306	     -0.00000069	     -0.00000016	     -0.00000000	     -0.00001379	     -0.00000000	     -0.00000000	     -0.00000524	     -0.00000667	     -0.00000345	      0.21945580	      0.26220573	      0.00275092	     -0.06652080	      0.11134422	      0.18403365	     -0.17463363	     -0.06200816	      0.00000000	     -0.00000000	     -0.00000000	     -0.00000000	     -0.04351454	      0.03356449	     -0.18452954	     -0.20507124	     -0.14889810	     -0.15353791	     -0.18656850	     -0.17442587	     -0.09967158	     -0.12266982	     -0.11322376	      0.17413599	      0.09469105	      0.00000000	      0.00000000	     -0.09483126	      0.09288100	      0.15590708	      0.17307526	     -0.09467974	     -0.09630467	     -0.00000000	     -0.03354617	     -0.00000000	      0.00000000	      0.07171741	      0.04996678	      0.08782416	     -0.00000000	     -0.00000000	     -0.00000000	      0.00000000	      0.00000000	     -0.00000000	     -0.00000000	      0.00000000	     -0.00000000	      0.00000000	     -0.03280543	     -0.06339194	     -0.04900835	     -0.08183117	      0.08748043	      0.09861614	      0.12990516	     -0.07541923	     -0.02218208	      0.17983802
      0.44999858	     -0.00000000	     -0.00000000	      0.00000000	      0.00000000	      0.00000000	     -0.00000000	     -0.01996415	     -0.02604838	     -0.00000000	     -0.00000000	     -0.00000000	     -0.00000000	     -0.02733937	     -0.00075072	      0.00000000	      0.00000000	      0.00000000	      0.00000000	      0.00000000	     -0.00000000	     -0.00000000	      0.00000000	      0.00000000	      0.00290159	      0.00000000	      0.00000000	      0.00000000	      0.00000000	     -0.00000000	     -0.01179839	      0.00689140	     -0.00152955	     -0.00034666	     -0.00000000	     -0.03118450	     -0.00000000	     -0.00000000	     -0.01190410	     -0.01514541	     -0.00783772	     -0.90984662	     -0.91251804	     -0.62419725	     -0.46279427	     -0.87461780	     -0.87796057	      0.26885115	      0.73787064	      0.00000000	     -0.00000000	     -0.00000000	     -0.00000000	      0.61796945	     -0.32265837	      0.19679446	      0.11184573	     -0.51042286	      0.84387335	      0.76355555	      0.56691122	      0.81009799	      0.80400815	      0.60438507	     -1.45980413	      0.00528875	      0.00000000	      0.00000000	      0.34639453	     -0.12977546	      0.45103106	     -0.51646340	     -0.55796358	     -0.79341223	      0.00000000	      1.80603286	      0.00000000	     -0.00000000	      0.21382521	      0.39150663	      0.03573093	     -0.00000000	     -0.00000000	     -0.00000000	      0.00000000	     -0.00000000	     -0.00000000	     -0.00000000	      0.00000000	     -0.00000000	     -0.00000000	     -0.46372235	     -0.04951140	     -0.08570575	      0.00755579	     -0.35052297	     -0.47427720	     -0.44487019	      0.01646058	     -0.16434653	     -0.60144661
      0.45416524	      0.00000000	      0.00000000	      0.00000000	     -0.00000000	      0.00000000	      0.00000000	     -0.00977867	     -0.01287013	     -0.00000000	     -0.00000000	      0.00000000	      0.00000000	     -0.01372085	     -0.00038949	      0.00000000	     -0.00000000	      0.00000000	     -0.00000000	     -0.00000000	      0.00000000	     -0.00000000	      0.00000000	      0.00000000	      0.00142762	      0.00000000	     -0.00000000	      0.00000000	      0.00000000	     -0.00000000	     -0.00593072	      0.00343786	     -0.00074989	     -0.00017055	      0.00000000	     -0.01561492	      0.00000000	     -0.00000000	     -0.00598402	     -0.00761248	     -0.00394018	      0.20029541	      0.29007600	     -0.17764033	     -0.27686677	     -0.01940752	      0.13378325	     -0.46081917	     -0.10859701	      0.00000000	     -0.00000000	      0.00000000	      0.00000000	     -0.07429454	     -0.03056621	     -0.33417671	     -0.40467959	     -0.47076786	     -0.07231704	     -0.16531473	     -0.19771659	      0.03413213	     -0.01590886	     -0.05587723	     -0.02447202	      0.20222522	     -0.00000000	      0.00000000	     -0.09480231	      0.15727015	      0.39503352	      0.25692594	     -0.37795770	     -0.43771596	      0.00000000	      0.26632616	     -0.00000000	      0.00000000	      0.14572823	      0.13296845	      0.15226043	      0.00000000	      0.00000000	     -0.00000000	     -0.00000000	      0.00000000	      0.00000000	     -0.00000000	     -0.00000000	      0.00000000	      0.00000000	     -0.20288218	     -0.14375320	     -0.12376237	     -0.16557715	      0.08129551	      0.06899782	      0.14367667	     -0.15081776	     -0.09026606	      0.20554181
      0.45833190	       -nan(ind)	       -nan(ind)	       -nan(ind)	       -nan(ind)	       -nan(ind)	       -nan(ind)	       -nan(ind)	       -nan(ind)	       -nan(ind)	       -nan(ind)	       -nan(ind)	       -nan(ind)	       -nan(ind)	       -nan(ind)	       -nan(ind)	       -nan(ind)	       -nan(ind)	       -nan(ind)	       -nan(ind)	       -nan(ind)	       -nan(ind)	       -nan(ind)	       -nan(ind)	       -nan(ind)	       -nan(ind)	       -nan(ind)	       -nan(ind)	       -nan(ind)	       -nan(ind)	       -nan(ind)	       -nan(ind)	       -nan(ind)	       -nan(ind)	       -nan(ind)	       -nan(ind)	       -nan(ind)	       -nan(ind)	       -nan(ind)	       -nan(ind)	       -nan(ind)	       -nan(ind)	       -nan(ind)	       -nan(ind)	       -nan(ind)	       -nan(ind)	       -nan(ind)	       -nan(ind)	       -nan(ind)	       -nan(ind)	       -nan(ind)	       -nan(ind)	       -nan(ind)	       -nan(ind)	       -nan(ind)	       -nan(ind)	       -nan(ind)	       -nan(ind)	       -nan(ind)	       -nan(ind)	       -nan(ind)	       -nan(ind)	       -nan(ind)	       -nan(ind)	       -nan(ind)	       -nan(ind)	       -nan(ind)	       -nan(ind)	       -nan(ind)	       -nan(ind)	       -nan(ind)	       -nan(ind)	       -nan(ind)	       -nan(ind)	       -nan(ind)	       -nan(ind)	       -nan(ind)	       -nan(ind)	       -nan(ind)	       -nan(ind)	       -nan(ind)	       -nan(ind)	       -nan(ind)	       -nan(ind)	       -nan(ind)	       -nan(ind)	       -nan(ind)	       -nan(ind)	       -nan(ind)	       -nan(ind)	       -nan(ind)	       -nan(ind)	       -nan(ind)	       -nan(ind)	       -nan(ind)	       -nan(ind)	       -nan(ind)	       -nan(ind)	       -nan(ind)	       -nan(ind)	       -nan(ind)
      0.46249856	      0.00000000	      0.00000000	      0.00000000	      0.00000000	      0.00000000	      0.00000000	     -0.00617339	     -0.00828196	     -0.00000000	     -0.00000000	     -0.00000000	      0.00000000	     -0.00913586	     -0.00027408	      0.00000000	     -0.00000000	      0.00000000	     -0.00000000	      0.00000000	      0.00000000	      0.00000000	      0.00000000	      0.00000000	      0.00091037	      0.00000000	     -0.00000000	     -0.00000000	      0.00000000	      0.00000000	     -0.00396301	      0.00225902	     -0.00047449	     -0.00010936	      0.00000000	     -0.01034784	     -0.00000000	     -0.00000000	     -0.00399892	     -0.00508575	     -0.00263359	     -0.10277111	     -0.08568190	     -0.12773277	     -0.12022402	     -0.13789189	     -0.11064379	     -0.00398645	      0.13960107	      0.00000000	     -0.00000000	     -0.00000000	     -0.00000000	      0.12001474	     -0.05582969	     -0.03174454	     -0.05987414	     -0.16926009	      0.12110315	      0.08989942	      0.05270316	      0.13640964	      0.12237715	      0.08275489	     -0.23576280	      0.03853733	     -0.00000000	      0.00000000	      0.03447431	      0.00912916	      0.15406502	     -0.05031459	     -0.15301097	     -0.20282404	      0.00000000	      0.37198619	     -0.00000000	      0.00000000	      0.07339654	      0.10415870	      0.04096952	      0.00000000	      0.00000000	      0.00000000	      0.00000000	      0.00000000	      0.00000000	      0.00000000	     -0.00000000	      0.00000000	      0.00000000	     -0.11276824	     -0.03596161	     -0.03789627	     -0.03110925	     -0.03969551	     -0.06204579	     -0.04228933	     -0.02631981	     -0.04454244	     -0.05365546
      0.46666522	     -0.00000000	     -0.00000000	     -0.00000000	     -0.00000000	     -0.00000000	     -0.00000000	     -0.00000000	      0.00000000	     -0.00000000	     -0.00000000	     -0.00000000	     -0.00000000	      0.00000000	     -0.00000000	     -0.00000000	      0.00000000	     -0.00000000	     -0.00000000	     -0.00000000	      0.00000000	     -0.00000000	     -0.00000000	      0.00000000	      0.00000000	     -0.00000000	     -0.00000000	     -0.00000000	      0.00000000	     -0.00000000	      0.00000000	     -0.00000000	      0.00000000	      0.00000000	     -0.00000000	     -0.00000000	      0.00000000	     -0.00000000	      0.00000000	      0.00000000	      0.00000000	      0.14634894	      0.32132974	     -0.50344491	     -0.64430834	     -0.26710717	      0.02133270	     -0.74938873	      0.06607583	     -0.00000000	     -0.00000000	     -0.00000000	     -0.00000000	      0.08550554	     -0.16262183	     -0.59487908	     -0.76538511	     -1.06914602	      0.12429760	     -0.08589694	     -0.20934483	      0.33028877	      0.21361119	      0.07028552	     -0.45810720	      0.39183265	     -0.00000000	     -0.00000000	     -0.08848689	      0.26262382	      0.89438902	      0.27954782	     -0.88321459	     -1.06535626	      0.00000000	      1.08815105	     -0.00000000	     -0.00000000	      0.35856851	      0.39893564	      0.31016541	     -0.00000000	      0.00000000	      0.00000000	      0.00000000	     -0.00000000	     -0.00000000	     -0.00000000	     -0.00000000	      0.00000000	     -0.00000000	     -0.53216435	     -0.29377718	     -0.26560194	     -0.31788089	      0.05219163	     -0.01048790	      0.15102088	     -0.28689597	     -0.22608810	      0.23849030
      0.47083188	       -nan(ind)	       -nan(ind)	       -nan(ind)	       -nan(ind)	       -nan(ind)	       -nan(ind)	       -nan(ind)	       -nan(ind)	       -nan(ind)	       -nan(ind)	       -nan(ind)	       -nan(ind)	       -nan(ind)	       -nan(ind)	       -nan(ind)	       -nan(ind)	       -nan(ind)	       -nan(ind)	       -nan(ind)	       -nan(ind)	       -nan(ind)	       -nan(ind)	       -nan(ind)	       -nan(ind)	       -nan(ind)	       -nan(ind)	       -nan(ind)	       -nan(ind)	       -nan(ind)	       -nan(ind)	       -nan(ind)	       -nan(ind)	       -nan(ind)	       -nan(ind)	       -nan(ind)	       -nan(ind)	       -nan(ind)	       -nan(ind)	       -nan(ind)	       -nan(ind)	       -nan(ind)	       -nan(ind)	       -nan(ind)	       -nan(ind)	       -nan(ind)	       -nan(ind)	       -nan(ind)	       -nan(ind)	       -nan(ind)	       -nan(ind)	       -nan(ind)	       -nan(ind)	       -nan(ind)	       -nan(ind)	       -nan(ind)	       -nan(ind)	       -nan(ind)	       -nan(ind)	       -nan(ind)	       -nan(ind)	       -nan(ind)	       -nan(ind)	       -nan(ind)	       -nan(ind)	       -nan(ind)	       -nan(ind)	       -nan(ind)	       -nan(ind)	       -nan(ind)	       -nan(ind)	       -nan(ind)	       -nan(ind)	       -nan(ind)	       -nan(ind)	       -nan(ind)	       -nan(ind)	       -nan(ind)	       -nan(ind)	       -nan(ind)	       -nan(ind)	       -nan(ind)	       -nan(ind)	       -nan(ind)	       -nan(ind)	       -nan(ind)	       -nan(ind)	       -nan(ind)	       -nan(ind)	       -nan(ind)	       -nan(ind)	       -nan(ind)	       -nan(ind)	       -nan(ind)	       -nan(ind)	       -nan(ind)	       -nan(ind)	       -nan(ind)	       -nan(ind)	       -nan(ind)	       -nan(ind)
      0.47499854	       -nan(ind)	       -nan(ind)	       -nan(ind)	       -nan(ind)	       -nan(ind)	       -nan(ind)	       -nan(ind)	       -nan(ind)	       -nan(ind)	       -nan(ind)	       -nan(ind)	       -nan(ind)	       -nan(ind)	       -nan(ind)	       -nan(ind)	       -nan(ind)	       -nan(ind)	       -nan(ind)	       -nan(ind)	       -nan(ind)	       -nan(ind)	       -nan(ind)	       -nan(ind)	       -nan(ind)	       -nan(ind)	       -nan(ind)	       -nan(ind)	       -nan(ind)	       -nan(ind)	       -nan(ind)	       -nan(ind)	       -nan(ind)	       -nan(ind)	       -nan(ind)	       -nan(ind)	       -nan(ind)	       -nan(ind)	       -nan(ind)	       -nan(ind)	       -nan(ind)	       -nan(ind)	       -nan(ind)	       -nan(ind)	       -nan(ind)	       -nan(ind)	       -nan(ind)	       -nan(ind)	       -nan(ind)	       -nan(ind)	       -nan(ind)	       -nan(ind)	       -nan(ind)	       -nan(ind)	       -nan(ind)	       -nan(ind)	       -nan(ind)	       -nan(ind)	       -nan(ind)	       -nan(ind)	       -nan(ind)	       -nan(ind)	       -nan(ind)	       -nan(ind)	       -nan(ind)	       -nan(ind)	       -nan(ind)	       -nan(ind)	       -nan(ind)	       -nan(ind)	       -nan(ind)	       -nan(ind)	       -nan(ind)	       -nan(ind)	       -nan(ind)	       -nan(ind)	       -nan(ind)	       -nan(ind)	       -nan(ind)	       -nan(ind)	       -nan(ind)	       -nan(ind)	       -nan(ind)	       -nan(ind)	       -nan(ind)	       -nan(ind)	       -nan(ind)	       -nan(ind)	       -nan(ind)	       -nan(ind)	       -nan(ind)	       -nan(ind)	       -nan(ind)	       -nan(ind)	       -nan(ind)	       -nan(ind)	       -nan(ind)	       -nan(ind)	       -nan(ind)	       -nan(ind)	       -nan(ind)
      0.47916520	       -nan(ind)	       -nan(ind)	       -nan(ind)	       -nan(ind)	       -nan(ind)	       -nan(ind)	       -nan(ind)	       -nan(ind)	       -nan(ind)	       -nan(ind)	       -nan(ind)	       -nan(ind)	       -nan(ind)	       -nan(ind)	       -nan(ind)	       -nan(ind)	       -nan(ind)	       -nan(ind)	       -nan(ind)	       -nan(ind)	       -nan(ind)	       -nan(ind)	       -nan(ind)	       -nan(ind)	       -nan(ind)	       -nan(ind)	       -nan(ind)	       -nan(ind)	       -nan(ind)	       -nan(ind)	       -nan(ind)	       -nan(ind)	       -nan(ind)	       -nan(ind)	       -nan(ind)	       -nan(ind)	       -nan(ind)	       -nan(ind)	       -nan(ind)	       -nan(ind)	       -nan(ind)	       -nan(ind)	       -nan(ind)	       -nan(ind)	       -nan(ind)	       -nan(ind)	       -nan(ind)	       -nan(ind)	       -nan(ind)	       -nan(ind)	       -nan(ind)	       -nan(ind)	       -nan(ind)	       -nan(ind)	       -nan(ind)	       -nan(ind)	       -nan(ind)	       -nan(ind)	       -nan(ind)	       -nan(ind)	       -nan(ind)	       -nan(ind)	       -nan(ind)	       -nan(ind)	       -nan(ind)	       -nan(ind)	       -nan(ind)	       -nan(ind)	       -nan(ind)	       -nan(ind)	       -nan(ind)	       -nan(ind)	       -nan(ind)	       -nan(ind)	       -nan(ind)	       -nan(ind)	       -nan(ind)	       -nan(ind)	       -nan(ind)	       -nan(ind)	       -nan(ind)	       -nan(ind)	       -nan(ind)	       -nan(ind)	       -nan(ind)	       -nan(ind)	       -nan(ind)	       -nan(ind)	       -nan(ind)	       -nan(ind)	       -nan(ind)	       -nan(ind)	       -nan(ind)	       -nan(ind)	       -nan(ind)	       -nan(ind)	       -nan(ind)	       -nan(ind)	       -nan(ind)	       -nan(ind)
      0.48333186	     -0.00000000	     -0.00000000	     -0.00000000	      0.00000000	     -0.00000000	     -0.00000000	     -0.00800565	     -0.01136771	     -0.00000000	     -0.00000000	     -0.00000000	      0.00000000	     -0.01384295	     -0.00045501	      0.00000000	      0.00000000	     -0.00000000	      0.00000000	      0.00000000	     -0.00000000	      0.00000000	     -0.00000000	     -0.00000000	      0.00121834	     -0.00000000	      0.00000000	     -0.00000000	     -0.00000000	     -0.00000000	     -0.00606629	      0.00329281	     -0.00062045	     -0.00015469	      0.00000000	     -0.01548555	     -0.00000000	      0.00000000	     -0.00612285	     -0.00778051	     -0.00403504	     -0.19328695	     -0.21062390	     -0.06896856	     -0.01893133	     -0.14573736	     -0.17654507	      0.10359671	      0.10766470	      0.00000000	      0.00000000	      0.00000000	      0.00000000	      0.08647664	     -0.04328659	      0.09532665	      0.09400747	      0.00127626	      0.16342977	      0.15817608	      0.12597902	      0.13681152	      0.13076408	      0.10026361	     -0.22299836	     -0.03637548	      0.00000000	     -0.00000000	      0.06112873	     -0.05065945	     -0.03639447	     -0.12510830	     -0.01031206	     -0.03350835	     -0.00000000	      0.19377986	      0.00000000	      0.00000000	     -0.02215801	      0.00478127	     -0.04741897	     -0.00000000	     -0.00000000	     -0.00000000	     -0.00000000	     -0.00000000	     -0.00000000	     -0.00000000	     -0.00000000	     -0.00000000	     -0.00000000	     -0.06314320	     -0.00189845	     -0.01084829	      0.01149267	     -0.07662281	     -0.10068131	     -0.10262343	      0.01508764	     -0.03348671	     -0.13919679
      0.48749852	       -nan(ind)	       -nan(ind)	       -nan(ind)	       -nan(ind)	       -nan(ind)	       -nan(ind)	       -nan(ind)	       -nan(ind)	       -nan(ind)	       -nan(ind)	       -nan(ind)	       -nan(ind)	       -nan(ind)	       -nan(ind)	       -nan(ind)	       -nan(ind)	       -nan(ind)	       -nan(ind)	       -nan(ind)	       -nan(ind)	       -nan(ind)	       -nan(ind)	       -nan(ind)	       -nan(ind)	       -nan(ind)	       -nan(ind)	       -nan(ind)	       -nan(ind)	       -nan(ind)	       -nan(ind)	       -nan(ind)	       -nan(ind)	       -nan(ind)	       -nan(ind)	       -nan(ind)	       -nan(ind)	       -nan(ind)	       -nan(ind)	       -nan(ind)	       -nan(ind)	       -nan(ind)	       -nan(ind)	       -nan(ind)	       -nan(ind)	       -nan(ind)	       -nan(ind)	       -nan(ind)	       -nan(ind)	       -nan(ind)	       -nan(ind)	       -nan(ind)	       -nan(ind)	       -nan(ind)	       -nan(ind)	       -nan(ind)	       -nan(ind)	       -nan(ind)	       -nan(ind)	       -nan(ind)	       -nan(ind)	       -nan(ind)	       -nan(ind)	       -nan(ind)	       -nan(ind)	       -nan(ind)	       -nan(ind)	       -nan(ind)	       -nan(ind)	       -nan(ind)	       -nan(ind)	       -nan(ind)	       -nan(ind)	       -nan(ind)	       -nan(ind)	       -nan(ind)	       -nan(ind)	       -nan(ind)	       -nan(ind)	       -nan(ind)	       -nan(ind)	       -nan(ind)	       -nan(ind)	       -nan(ind)	       -nan(ind)	       -nan(ind)	       -nan(ind)	       -nan(ind)	       -nan(ind)	       -nan(ind)	       -nan(ind)	       -nan(ind)	       -nan(ind)	       -nan(ind)	       -nan(ind)	       -nan(ind)	       -nan(ind)	       -nan(ind)	       -nan(ind)	       -nan(ind)	       -nan(ind)
      0.49166518	      0.00000000	      0.00000000	      0.00000000	      0.00000000	      0.00000000	      0.00000000	      0.01497624	      0.02178995	     -0.00000000	     -0.00000000	     -0.00000000	     -0.00000000	      0.02768400	      0.00093425	      0.00000000	      0.00000000	      0.00000000	      0.00000000	     -0.00000000	      0.00000000	     -0.00000000	      0.00000000	     -0.00000000	     -0.00231248	      0.00000000	      0.00000000	      0.00000000	      0.00000000	      0.00000000	      0.01218053	     -0.00647570	      0.00116538	      0.00030339	     -0.00000000	      0.03081638	     -0.00000000	     -0.00000000	      0.01229538	      0.01561923	      0.00810510	     -0.23420397	     -0.24282789	     -0.13084508	     -0.07471427	     -0.21035949	     -0.22653219	      0.17419414	      0.26742498	      0.00000000	      0.00000000	     -0.00000000	      0.00000000	      0.22248041	     -0.06993190	      0.06293634	      0.04545168	     -0.10025545	      0.23305085	      0.19671478	      0.13685555	      0.21949312	      0.18700084	      0.12831191	     -0.35176809	     -0.01040345	     -0.00000000	      0.00000000	      0.05714524	     -0.04324051	      0.06180274	     -0.18007595	     -0.08064518	     -0.13388337	     -0.00000000	      0.46604130	     -0.00000000	      0.00000000	      0.03864828	      0.09107094	     -0.01462782	      0.00000000	     -0.00000000	     -0.00000000	     -0.00000000	     -0.00000000	     -0.00000000	      0.00000000	     -0.00000000	     -0.00000000	      0.00000000	     -0.15236841	     -0.04973096	     -0.05746682	     -0.03431599	     -0.09798048	     -0.14080076	     -0.11847375	     -0.02338638	     -0.08592367	     -0.15579191
      0.49583184	      0.00000000	      0.00000000	     -0.00000000	      0.00000000	      0.00000000	      0.00000000	     -0.01453461	     -0.02140378	      0.00000000	      0.00000000	      0.00000000	      0.00000000	     -0.02777243	     -0.00094497	      0.00000000	     -0.00000000	      0.00000000	     -0.00000000	      0.00000000	      0.00000000	     -0.00000000	      0.00000000	      0.00000000	      0.00226069	      0.00000000	      0.00000000	      0.00000000	      0.00000000	      0.00000000	     -0.01224215	      0.00644231	     -0.00113348	     -0.00030272	      0.00000000	     -0.03084031	      0.00000000	      0.00000000	     -0.01235819	     -0.01569674	     -0.00814759	     -0.17982814	     -0.29766516	      0.26616224	      0.36847933	      0.08671517	     -0.09071433	      0.56398393	      0.07083408	      0.00000000	      0.00000000	      0.00000000	      0.00000000	      0.04255944	      0.11232575	      0.40943366	      0.53883118	      0.70050388	     -0.05978968	      0.07359664	      0.14369151	     -0.21009193	     -0.12024657	     -0.03122651	      0.18195325	     -0.26043212	     -0.00000000	      0.00000000	      0.06710539	     -0.17325472	     -0.51735017	     -0.15335200	      0.56112992	      0.65690656	     -0.00000000	     -0.53263341	      0.00000000	      0.00000000	     -0.19268666	     -0.21194596	     -0.17642533	     -0.00000000	      0.00000000	      0.00000000	     -0.00000000	      0.00000000	      0.00000000	      0.00000000	      0.00000000	     -0.00000000	      0.00000000	      0.30365530	      0.16840100	      0.14905435	      0.18484561	     -0.05134145	     -0.01782774	     -0.13059908	      0.16956861	      0.11956331	     -0.20988976
      0.49999850	     -0.00000000	     -0.00000000	     -0.00000000	     -0.00000000	     -0.00000000	     -0.00000000	      0.01411551	      0.02103319	     -0.00000000	     -0.00000000	      0.00000000	     -0.00000000	      0.02786345	      0.00095649	      0.00000000	     -0.00000000	     -0.00000000	     -0.00000000	     -0.00000000	     -0.00000000	      0.00000000	     -0.00000000	     -0.00000000	     -0.00221132	     -0.00000000	      0.00000000	      0.00000000	      0.00000000	     -0.00000000	      0.01230362	     -0.00641037	      0.00110328	      0.00030311	      0.00000000	      0.03086869	      0.00000000	      0.00000000	      0.01242079	      0.01577415	      0.00818990	     -0.74926374	     -1.00072954	      0.30048111	      0.59559007	     -0.18866881	     -0.55479215	      1.17105473	      0.30946400	     -0.00000000	      0.00000000	      0.00000000	      0.00000000	      0.22096321	      0.11735081	      0.92605405	      1.15751013	      1.22823784	      0.25700482	      0.46578889	      0.50918340	     -0.07299372	      0.05627968	      0.14127046	     -0.16544041	     -0.53763327	      0.00000000	     -0.00000000	      0.22682607	     -0.41062129	     -1.02777300	     -0.49309605	      0.97753315	      1.09679725	      0.00000000	     -0.58411686	      0.00000000	      0.00000000	     -0.42565772	     -0.41124538	     -0.44257624	      0.00000000	      0.00000000	      0.00000000	      0.00000000	      0.00000000	      0.00000000	     -0.00000000	      0.00000000	      0.00000000	     -0.00000000	      0.35016139	      0.25370924	      0.20323295	      0.30883703	     -0.25526050	     -0.25908595	     -0.45389337	      0.29938954	      0.09595440	     -0.67524525
      0.50416516	     -0.00000000	      0.00000000	     -0.00000000	      0.00000000	     -0.00000000	     -0.00000000	      0.00000000	     -0.00000000	      0.00000000	      0.00000000	      0.00000000	      0.00000000	     -0.00000000	      0.00000000	     -0.00000000	      0.00000000	      0.00000000	      0.00000000	      0.00000000	     -0.00000000	      0.00000000	      0.00000000	      0.00000000	      0.00000000	     -0.00000000	     -0.00000000	      0.00000000	      0.00000000	     -0.00000000	      0.00000000	     -0.00000000	      0.00000000	      0.00000000	      0.00000000	     -0.00000000	     -0.00000000	      0.00000000	      0.00000000	      0.00000000	     -0.00000000	     -0.48290631	     -0.61162485	      0.07284680	      0.24386534	     -0.20459769	     -0.38192893	      0.65278406	      0.28383707	     -0.00000000	      0.00000000	      0.00000000	      0.00000000	      0.21865202	      0.02830915	      0.48610082	      0.59047409	      0.54428576	      0.23830115	      0.32293922	      0.31517186	      0.06598128	      0.11351574	      0.12770693	     -0.25676078	     -0.26714924	     -0.00000000	     -0.00000000	      0.13766396	     -0.21799963	     -0.46942416	     -0.30986847	      0.43794007	      0.46790987	     -0.00000000	     -0.05706634	      0.00000000	      0.00000000	     -0.19089981	     -0.15994302	     -0.22434564	     -0.00000000	      0.00000000	      0.00000000	      0.00000000	     -0.00000000	     -0.00000000	     -0.00000000	      0.00000000	     -0.00000000	     -0.00000000	      0.09140844	      0.09833746	      0.07052300	      0.13085835	     -0.16767956	     -0.19141130	     -0.27863014	      0.13383203	      0.00261328	     -0.40544084
      0.50833182	      0.00000000	      0.00000000	     -0.00000000	      0.00000000	      0.00000000	     -0.00000000	      0.00000955	      0.00001454	     -0.00000000	     -0.00000000	      0.00000000	      0.00000000	      0.00002003	      0.00000070	      0.00000000	      0.00000000	      0.00000000	      0.00000000	      0.00000000	      0.00000000	      0.00000000	      0.00000000	      0.00000000	     -0.00000152	      0.00000000	     -0.00000000	      0.00000000	      0.00000000	      0.00000000	      0.00000887	     -0.00000454	      0.00000075	      0.00000022	      0.00000000	      0.00002209	     -0.00000000	     -0.00000000	      0.00000896	      0.00001137	      0.00000591	     -0.17119752	     -0.23770344	      0.08835855	      0.16117521	     -0.03172020	     -0.12233225	      0.34737157	      0.12289417	     -0.00000000	      0.00000000	      0.00000000	     -0.00000000	      0.09401443	      0.04286051	      0.22809449	      0.29644921	      0.33342323	      0.03812505	      0.09013334	      0.10409415	     -0.04671200	     -0.01359929	      0.01287562	     -0.02203817	     -0.13970195	     -0.00000000	     -0.00000000	      0.04130942	     -0.10087901	     -0.24886062	     -0.11660346	      0.27115585	      0.30250072	     -0.00000000	     -0.13077924	     -0.00000000	     -0.00000000	     -0.08958247	     -0.08533072	     -0.09676706	      0.00000000	     -0.00000000	     -0.00000000	     -0.00000000	      0.00000000	     -0.00000000	      0.00000000	      0.00000000	     -0.00000000	      0.00000000	      0.09047572	      0.05415476	      0.04333553	      0.06613292	     -0.05564889	     -0.05541309	     -0.10419166	      0.06513768	      0.01762546	     -0.15870048
      0.51249848	     -0.00000000	      0.00000000	     -0.00000000	      0.00000000	      0.00000000	     -0.00000000	      0.00430502	      0.00662093	      0.00000000	      0.00000000	      0.00000000	      0.00000000	      0.00928521	      0.00032495	      0.00000000	      0.00000000	      0.00000000	     -0.00000000	     -0.00000000	      0.00000000	      0.00000000	      0.00000000	      0.00000000	     -0.00068752	     -0.00000000	     -0.00000000	      0.00000000	      0.00000000	     -0.00000000	      0.00411849	     -0.00208849	      0.00033885	      0.00010289	      0.00000000	      0.01022294	      0.00000000	      0.00000000	      0.00415817	      0.00527905	      0.00274266	      0.28023924	      0.35583222	     -0.02882357	     -0.12800932	      0.12991515	      0.22249193	     -0.26756475	     -0.04807460	      0.00000000	      0.00000000	      0.00000000	     -0.00000000	     -0.02795320	     -0.01907430	     -0.27329665	     -0.33517444	     -0.30037753	     -0.13913345	     -0.18139869	     -0.17252132	     -0.03875809	     -0.06128830	     -0.06662657	      0.13557438	      0.15081492	      0.00000000	     -0.00000000	     -0.07056060	      0.12124024	      0.30840180	      0.12930347	     -0.24288888	     -0.26505527	      0.00000000	      0.14674288	     -0.00000000	      0.00000000	      0.15474046	      0.15077518	      0.15792856	      0.00000000	      0.00000000	      0.00000000	     -0.00000000	      0.00000000	     -0.00000000	      0.00000000	      0.00000000	     -0.00000000	     -0.00000000	     -0.03231996	     -0.04145096	     -0.02704844	     -0.05852554	      0.09415213	      0.11193340	      0.15884802	     -0.06372287	      0.01392647	      0.23190045
      0.51666514	     -0.00000000	     -0.00000000	     -0.00000000	      0.00000000	      0.00000000	      0.00000000	     -0.00000000	     -0.00000000	      0.00000000	     -0.00000000	     -0.00000000	      0.00000000	      0.00000000	     -0.00000000	     -0.00000000	     -0.00000000	      0.00000000	      0.00000000	     -0.00000000	     -0.00000000	     -0.00000000	      0.00000000	     -0.00000000	     -0.00000000	     -0.00000000	     -0.00000000	     -0.00000000	     -0.00000000	      0.00000000	     -0.00000000	     -0.00000000	     -0.00000000	     -0.00000000	      0.00000000	     -0.00000000	     -0.00000000	     -0.00000000	     -0.00000000	     -0.00000000	      0.00000000	      0.31960654	      0.47635244	     -0.25736675	     -0.40842030	      0.00024261	      0.20107602	     -0.61815264	     -0.01046906	      0.00000000	     -0.00000000	     -0.00000000	     -0.00000000	      0.01378952	     -0.14239599	     -0.53526419	     -0.71868818	     -0.86549421	      0.02558680	     -0.12443035	     -0.18994362	      0.23080713	      0.12066288	      0.02513715	     -0.13134863	      0.34056866	     -0.00000000	     -0.00000000	     -0.08208487	      0.22264695	      0.67313128	      0.12277871	     -0.68650399	     -0.79524904	      0.00000000	      0.68908069	     -0.00000000	      0.00000000	      0.28659337	      0.32113602	      0.25592365	      0.00000000	      0.00000000	     -0.00000000	     -0.00000000	      0.00000000	      0.00000000	      0.00000000	      0.00000000	      0.00000000	     -0.00000000	     -0.29416791	     -0.16271873	     -0.13943785	     -0.18335269	      0.08651091	      0.06312988	      0.20580501	     -0.17526849	     -0.09100226	      0.32077061
      0.52083180	      0.00000000	      0.00000000	      0.00000000	      0.00000000	      0.00000000	      0.00000000	      0.00620820	      0.00970078	      0.00000000	     -0.00000000	     -0.00000000	     -0.00000000	      0.01403238	      0.00049382	      0.00000000	      0.00000000	      0.00000000	     -0.00000000	      0.00000000	      0.00000000	      0.00000000	      0.00000000	      0.00000000	     -0.00100074	     -0.00000000	      0.00000000	     -0.00000000	     -0.00000000	      0.00000000	      0.00623862	     -0.00311801	      0.00049087	      0.00016092	     -0.00000000	      0.01540035	     -0.00000000	     -0.00000000	      0.00629905	      0.00799577	      0.00415541	      1.24595570	      1.51419798	      0.19729639	     -0.20497428	      0.80398062	      1.05454490	     -1.12522519	     -0.67300047	      0.00000000	     -0.00000000	      0.00000000	      0.00000000	     -0.52382972	      0.03779028	     -0.90058706	     -1.05321573	     -0.64514250	     -0.84335789	     -0.86660293	     -0.70875445	     -0.49795994	     -0.46015192	     -0.36079471	      1.07328703	      0.45579607	      0.00000000	      0.00000000	     -0.24567073	      0.42546452	      0.83224239	      0.62975502	     -0.60053933	     -0.55707706	      0.00000000	     -0.40140240	      0.00000000	     -0.00000000	      0.42096930	      0.31911493	      0.52592705	     -0.00000000	     -0.00000000	     -0.00000000	     -0.00000000	      0.00000000	     -0.00000000	      0.00000000	     -0.00000000	     -0.00000000	      0.00000000	      0.28237061	      0.05372464	      0.09756277	     -0.01026780	      0.42724038	      0.58587420	      0.65649736	     -0.07186750	      0.29042695	      0.94888650
      0.52499846	      0.00000000	      0.00000000	     -0.00000000	     -0.00000000	      0.00000000	     -0.00000000	      0.01822263	      0.02863788	     -0.00000000	      0.00000000	     -0.00000000	     -0.00000000	      0.04195304	      0.00148024	     -0.00000000	     -0.00000000	      0.00000000	     -0.00000000	     -0.00000000	     -0.00000000	     -0.00000000	     -0.00000000	     -0.00000000	     -0.00294649	      0.00000000	     -0.00000000	     -0.00000000	      0.00000000	     -0.00000000	      0.01866800	     -0.00927554	      0.00144385	      0.00049265	     -0.00000000	      0.04598222	     -0.00000000	     -0.00000000	      0.01884919	      0.02392502	      0.01243538	      0.27851350	      0.36793013	     -0.04347543	     -0.14928287	      0.12304285	      0.21408053	     -0.33782791	     -0.08531936	     -0.00000000	      0.00000000	     -0.00000000	     -0.00000000	     -0.05848176	     -0.04301482	     -0.28997822	     -0.37303714	     -0.35667254	     -0.10977288	     -0.15502922	     -0.14985874	      0.00519320	     -0.02120436	     -0.03542117	      0.11516000	      0.17120253	      0.00000000	     -0.00000000	     -0.05200975	      0.12964990	      0.33198810	      0.10915985	     -0.30028672	     -0.32723695	     -0.00000000	      0.17167226	     -0.00000000	     -0.00000000	      0.15574984	      0.15486555	      0.15836256	      0.00000000	      0.00000000	      0.00000000	      0.00000000	      0.00000000	      0.00000000	      0.00000000	      0.00000000	      0.00000000	      0.00000000	     -0.03629617	     -0.03017450	     -0.01829895	     -0.04415189	      0.08526893	      0.10381145	      0.15610664	     -0.05316124	      0.02572896	      0.23430135
      0.52916512	      0.00000000	      0.00000000	      0.00000000	      0.00000000	      0.00000000	      0.00000000	     -0.01199842	     -0.01893292	     -0.00000000	     -0.00000000	      0.00000000	     -0.00000000	     -0.02802418	     -0.00098386	      0.00000000	      0.00000000	      0.00000000	      0.00000000	      0.00000000	     -0.00000000	     -0.00000000	      0.00000000	      0.00000000	      0.00194373	      0.00000000	     -0.00000000	     -0.00000000	     -0.00000000	     -0.00000000	     -0.01248090	      0.00617136	     -0.00095253	     -0.00033841	      0.00000000	     -0.03068741	     -0.00000000	      0.00000000	     -0.01260224	     -0.01599509	     -0.00831450	     -0.93637819	     -1.18995297	     -0.04637717	      0.27771129	     -0.54195695	     -0.75234270	      0.96682889	      0.41309510	     -0.00000000	      0.00000000	      0.00000000	     -0.00000000	      0.30972023	      0.06502098	      0.82565855	      1.01401264	      0.78589551	      0.51092036	      0.59322391	      0.52233608	      0.17950481	      0.20965475	      0.19432716	     -0.62827641	     -0.44869297	      0.00000000	      0.00000000	      0.18224179	     -0.36729160	     -0.83492400	     -0.36677955	      0.70301875	      0.71918773	     -0.00000000	     -0.08736770	      0.00000000	      0.00000000	     -0.41248976	     -0.37339430	     -0.45692161	     -0.00000000	      0.00000000	     -0.00000000	      0.00000000	     -0.00000000	     -0.00000000	      0.00000000	     -0.00000000	      0.00000000	      0.00000000	     -0.06281457	      0.03052871	     -0.00360364	      0.07119726	     -0.28818568	     -0.38317483	     -0.50487667	      0.11552839	     -0.15541275	     -0.74318284
      0.53333178	      0.00000000	     -0.00000000	     -0.00000000	      0.00000000	      0.00000000	      0.00000000	     -0.00003143	     -0.00004971	     -0.00000000	      0.00000000	      0.00000000	      0.00000000	     -0.00007420	     -0.00000263	     -0.00000000	      0.00000000	     -0.00000000	      0.00000000	     -0.00000000	     -0.00000000	      0.00000000	      0.00000000	     -0.00000000	      0.00000509	     -0.00000000	     -0.00000000	      0.00000000	     -0.00000000	     -0.00000000	     -0.00003305	      0.00001628	     -0.00000250	     -0.00000092	      0.00000000	     -0.00008116	      0.00000000	      0.00000000	     -0.00003337	     -0.00004236	     -0.00002202	      2.16103537	      2.76498745	      0.16271881	     -0.59344637	      1.29648692	      1.74100699	     -2.11401563	     -0.86172213	     -0.00000000	      0.00000000	     -0.00000000	      0.00000000	     -0.63510032	     -0.16150005	     -1.83200837	     -2.27646021	     -1.72658196	     -1.18549941	     -1.32104083	     -1.12244734	     -0.41668414	     -0.43986174	     -0.38394147	      1.49370461	      1.02093758	      0.00000000	      0.00000000	     -0.34065128	      0.83961795	      1.96795984	      0.75787266	     -1.60581155	     -1.63518831	     -0.00000000	      0.29286412	     -0.00000000	     -0.00000000	      1.01025686	      0.93332402	      1.09803846	     -0.00000000	     -0.00000000	      0.00000000	     -0.00000000	      0.00000000	      0.00000000	      0.00000000	     -0.00000000	     -0.00000000	      0.00000000	      0.27939807	      0.04873452	      0.11302632	     -0.03381547	      0.65115164	      0.90416070	      1.13269128	     -0.15956146	      0.47575447	      1.70016621
      0.53749844	     -0.00000000	     -0.00000000	     -0.00000000	     -0.00000000	     -0.00000000	     -0.00000000	     -0.00588843	     -0.00931598	     -0.00000000	      0.00000000	     -0.00000000	     -0.00000000	     -0.01399348	     -0.00050328	     -0.00000000	     -0.00000000	     -0.00000000	     -0.00000000	     -0.00000000	     -0.00000000	      0.00000000	      0.00000000	     -0.00000000	      0.00095366	      0.00000000	      0.00000000	     -0.00000000	     -0.00000000	      0.00000000	     -0.00623260	      0.00306224	     -0.00046898	     -0.00018043	      0.00000000	     -0.01528879	     -0.00000000	     -0.00000000	     -0.00629332	     -0.00798716	     -0.00415237	      0.38159088	      0.52711368	     -0.09062895	     -0.24663368	      0.15288731	      0.27632331	     -0.54491482	     -0.11821530	      0.00000000	      0.00000000	     -0.00000000	      0.00000000	     -0.07910724	     -0.10507762	     -0.45068892	     -0.60349847	     -0.60817918	     -0.08995725	     -0.17396898	     -0.18398210	      0.09865779	      0.03660844	     -0.00632343	      0.09202856	      0.28079280	      0.00000000	      0.00000000	     -0.06001633	      0.19782871	      0.52084389	      0.09218449	     -0.52201601	     -0.57494833	      0.00000000	      0.35309993	      0.00000000	      0.00000000	      0.23682310	      0.24910006	      0.22967033	      0.00000000	     -0.00000000	      0.00000000	     -0.00000000	      0.00000000	      0.00000000	      0.00000000	      0.00000000	      0.00000000	      0.00000000	     -0.09481040	     -0.05611993	     -0.04162537	     -0.06998042	      0.09910208	      0.11718155	      0.21826598	     -0.08415658	      0.02212464	      0.33163478
      0.54166510	     -0.00000000	      0.00000000	      0.00000000	      0.00000000	      0.00000000	     -0.00000000	     -0.01180641	     -0.01864979	      0.00000000	      0.00000000	     -0.00000000	      0.00000000	     -0.02811672	     -0.00102547	      0.00000000	     -0.00000000	      0.00000000	      0.00000000	      0.00000000	      0.00000000	      0.00000000	      0.00000000	      0.00000000	      0.00190786	     -0.00000000	      0.00000000	      0.00000000	      0.00000000	      0.00000000	     -0.01251877	      0.00614198	     -0.00094147	     -0.00037626	     -0.00000000	     -0.03069300	     -0.00000000	      0.00000000	     -0.01264077	     -0.01604281	     -0.00834058	     -0.20626301	     -0.26480559	     -0.04257428	      0.02943541	     -0.14330197	     -0.17220549	      0.18052654	      0.09791610	     -0.00000000	     -0.00000000	     -0.00000000	     -0.00000000	      0.07397146	      0.00688006	      0.13031238	      0.16631307	      0.10168072	      0.12735350	      0.11457906	      0.07889220	      0.06059115	      0.03956560	      0.02170761	     -0.18586205	     -0.08064993	     -0.00000000	     -0.00000000	      0.00471119	     -0.07213020	     -0.16718838	     -0.07051720	      0.11999912	      0.11213373	      0.00000000	      0.01882852	     -0.00000000	     -0.00000000	     -0.09202483	     -0.08036670	     -0.10459702	      0.00000000	      0.00000000	      0.00000000	      0.00000000	      0.00000000	     -0.00000000	     -0.00000000	      0.00000000	      0.00000000	      0.00000000	     -0.08675229	     -0.05297979	     -0.05393591	     -0.04788293	     -0.06127187	     -0.09972092	     -0.09195430	     -0.02792842	     -0.09148358	     -0.15401811
      0.54583176	      0.00000000	      0.00000000	      0.00000000	     -0.00000000	      0.00000000	      0.00000000	     -0.00394277	     -0.00620534	      0.00000000	      0.00000000	     -0.00000000	     -0.00000000	     -0.00936237	     -0.00034721	     -0.00000000	      0.00000000	      0.00000000	      0.00000000	      0.00000000	      0.00000000	      0.00000000	     -0.00000000	      0.00000000	      0.00063474	      0.00000000	     -0.00000000	     -0.00000000	      0.00000000	      0.00000000	     -0.00416598	      0.00204379	     -0.00031468	     -0.00013034	     -0.00000000	     -0.01021375	      0.00000000	     -0.00000000	     -0.00420658	     -0.00533871	     -0.00277557	     -0.43652842	     -0.56424017	     -0.08394507	      0.06670686	     -0.29824456	     -0.35264215	      0.43884274	      0.24262514	      0.00000000	     -0.00000000	     -0.00000000	     -0.00000000	      0.18609709	      0.03501095	      0.33455566	      0.41488211	      0.26344445	      0.25501790	      0.25826118	      0.20178551	      0.09627660	      0.08127062	      0.05880064	     -0.36203750	     -0.19002200	     -0.00000000	      0.00000000	      0.04347248	     -0.15878602	     -0.35212774	     -0.12197441	      0.29186784	      0.27870610	     -0.00000000	      0.04697052	      0.00000000	      0.00000000	     -0.18685453	     -0.16441374	     -0.21327231	     -0.00000000	     -0.00000000	      0.00000000	     -0.00000000	      0.00000000	      0.00000000	      0.00000000	     -0.00000000	     -0.00000000	      0.00000000	     -0.11654265	     -0.05220728	     -0.05879580	     -0.04378518	     -0.11989942	     -0.18559931	     -0.20919800	     -0.00635895	     -0.13878650	     -0.33308976
      0.54999842	       -nan(ind)	       -nan(ind)	       -nan(ind)	       -nan(ind)	       -nan(ind)	       -nan(ind)	       -nan(ind)	       -nan(ind)	       -nan(ind)	       -nan(ind)	       -nan(ind)	       -nan(ind)	       -nan(ind)	       -nan(ind)	       -nan(ind)	       -nan(ind)	       -nan(ind)	       -nan(ind)	       -nan(ind)	       -nan(ind)	       -nan(ind)	       -nan(ind)	       -nan(ind)	       -nan(ind)	       -nan(ind)	       -nan(ind)	       -nan(ind)	       -nan(ind)	       -nan(ind)	       -nan(ind)	       -nan(ind)	       -nan(ind)	       -nan(ind)	       -nan(ind)	       -nan(ind)	       -nan(ind)	       -nan(ind)	       -nan(ind)	       -nan(ind)	       -nan(ind)	       -nan(ind)	       -nan(ind)	       -nan(ind)	       -nan(ind)	       -nan(ind)	       -nan(ind)	       -nan(ind)	       -nan(ind)	       -nan(ind)	       -nan(ind)	       -nan(ind)	       -nan(ind)	       -nan(ind)	       -nan(ind)	       -nan(ind)	       -nan(ind)	       -nan(ind)	       -nan(ind)	       -nan(ind)	       -nan(ind)	       -nan(ind)	       -nan(ind)	       -nan(ind)	       -nan(ind)	       -nan(ind)	       -nan(ind)	       -nan(ind)	       -nan(ind)	       -nan(ind)	       -nan(ind)	       -nan(ind)	       -nan(ind)	       -nan(ind)	       -nan(ind)	       -nan(ind)	       -nan(ind)	       -nan(ind)	       -nan(ind)	       -nan(ind)	       -nan(ind)	       -nan(ind)	       -nan(ind)	       -nan(ind)	       -nan(ind)	       -nan(ind)	       -nan(ind)	       -nan(ind)	       -nan(ind)	       -nan(ind)	       -nan(ind)	       -nan(ind)	       -nan(ind)	       -nan(ind)	       -nan(ind)	       -nan(ind)	       -nan(ind)	       -nan(ind)	       -nan(ind)	       -nan(ind)	       -nan(ind)
      0.55416508	      0.00000000	      0.00000000	      0.00000000	     -0.00000000	      0.00000000	      0.00000000	      0.01200893	      0.01868218	     -0.00000000	     -0.00000000	      0.00000000	     -0.00000000	      0.02805505	      0.00107568	      0.00000000	      0.00000000	      0.00000000	      0.00000000	     -0.00000000	      0.00000000	      0.00000000	      0.00000000	     -0.00000000	     -0.00191612	      0.00000000	     -0.00000000	     -0.00000000	     -0.00000000	     -0.00000000	      0.01246007	     -0.00613014	      0.00095901	      0.00042070	     -0.00000000	      0.03057986	     -0.00000000	      0.00000000	      0.01258140	      0.01596787	      0.00830118	     -0.18435516	     -0.22479403	     -0.10669052	     -0.05567918	     -0.17118062	     -0.16095063	      0.09235311	      0.11682155	     -0.00000000	      0.00000000	     -0.00000000	      0.00000000	      0.09208351	     -0.01719668	      0.08276447	      0.07611751	     -0.04976371	      0.16920287	      0.13962662	      0.09258419	      0.12006292	      0.08232119	      0.04788032	     -0.24557041	     -0.03109980	     -0.00000000	     -0.00000000	      0.01587506	     -0.04114517	     -0.06903600	     -0.04820241	      0.00568350	     -0.02603504	      0.00000000	      0.16103371	      0.00000000	      0.00000000	     -0.06046543	     -0.04003398	     -0.08114553	     -0.00000000	     -0.00000000	     -0.00000000	     -0.00000000	     -0.00000000	     -0.00000000	      0.00000000	     -0.00000000	     -0.00000000	      0.00000000	     -0.12104643	     -0.05407313	     -0.05438475	     -0.05412220	     -0.05640974	     -0.09427651	     -0.06991882	     -0.03039877	     -0.09130431	     -0.12410679
      0.55833174	      0.00000000	      0.00000000	      0.00000000	      0.00000000	      0.00000000	      0.00000000	      0.00000000	     -0.00000000	      0.00000000	     -0.00000000	     -0.00000000	      0.00000000	      0.00000000	     -0.00000000	      0.00000000	      0.00000000	      0.00000000	      0.00000000	      0.00000000	     -0.00000000	      0.00000000	      0.00000000	     -0.00000000	     -0.00000000	      0.00000000	     -0.00000000	     -0.00000000	     -0.00000000	      0.00000000	     -0.00000000	      0.00000000	     -0.00000000	     -0.00000000	     -0.00000000	      0.00000000	     -0.00000000	      0.00000000	      0.00000000	     -0.00000000	     -0.00000000	     -0.66010489	     -0.93162322	      0.04295912	      0.31844363	     -0.34941852	     -0.48048373	      0.90424398	      0.25745607	     -0.00000000	      0.00000000	      0.00000000	     -0.00000000	      0.17891344	      0.20621800	      0.64877789	      0.91315496	      0.85129085	      0.15208989	      0.22026818	      0.19025234	     -0.18089969	     -0.12327231	     -0.07724584	     -0.25233704	     -0.46181859	     -0.00000000	     -0.00000000	     -0.00233530	     -0.32641940	     -0.86912038	     -0.03632664	      0.86804518	      0.92942657	     -0.00000000	     -0.52273310	      0.00000000	     -0.00000000	     -0.42734431	     -0.44900059	     -0.41649857	     -0.00000000	     -0.00000000	      0.00000000	      0.00000000	      0.00000000	     -0.00000000	      0.00000000	     -0.00000000	     -0.00000000	      0.00000000	     -0.02359468	     -0.06054105	     -0.06594145	     -0.05869471	     -0.16708242	     -0.21747189	     -0.31405465	      0.00067255	     -0.18644318	     -0.54840098
      0.56249840	      0.00000000	      0.00000000	      0.00000000	      0.00000000	     -0.00000000	     -0.00000000	      0.00003294	      0.00005042	      0.00000000	      0.00000000	     -0.00000000	      0.00000000	      0.00007463	      0.00000297	     -0.00000000	     -0.00000000	      0.00000000	     -0.00000000	     -0.00000000	     -0.00000000	     -0.00000000	      0.00000000	     -0.00000000	     -0.00000520	      0.00000000	     -0.00000000	      0.00000000	     -0.00000000	     -0.00000000	      0.00003305	     -0.00001638	      0.00000263	      0.00000120	     -0.00000000	      0.00008133	     -0.00000000	     -0.00000000	      0.00003337	      0.00004236	      0.00002202	     -0.84042018	     -1.04564082	     -0.52464115	     -0.29408069	     -0.80440760	     -0.72685703	      0.50798588	      0.65602373	      0.00000000	     -0.00000000	      0.00000000	      0.00000000	      0.52153909	     -0.05987578	      0.35037871	      0.31347336	     -0.27213248	      0.76690735	      0.60800285	      0.38086686	      0.52029340	      0.32489478	      0.16730034	     -1.17807657	     -0.14288416	      0.00000000	      0.00000000	      0.03182692	     -0.18497213	     -0.29702271	     -0.18152212	      0.03508912	     -0.12791512	     -0.00000000	      0.83515399	      0.00000000	     -0.00000000	     -0.26779104	     -0.16555586	     -0.37439166	      0.00000000	     -0.00000000	      0.00000000	      0.00000000	     -0.00000000	      0.00000000	      0.00000000	     -0.00000000	     -0.00000000	      0.00000000	     -0.59156068	     -0.29057180	     -0.28739603	     -0.30541799	     -0.26054161	     -0.43550826	     -0.26072282	     -0.17849079	     -0.46107316	     -0.55983061
      0.56666506	       -nan(ind)	       -nan(ind)	       -nan(ind)	       -nan(ind)	       -nan(ind)	       -nan(ind)	       -nan(ind)	       -nan(ind)	       -nan(ind)	       -nan(ind)	       -nan(ind)	       -nan(ind)	       -nan(ind)	       -nan(ind)	       -nan(ind)	       -nan(ind)	       -nan(ind)	       -nan(ind)	       -nan(ind)	       -nan(ind)	       -nan(ind)	       -nan(ind)	       -nan(ind)	       -nan(ind)	       -nan(ind)	       -nan(ind)	       -nan(ind)	       -nan(ind)	       -nan(ind)	       -nan(ind)	       -nan(ind)	       -nan(ind)	       -nan(ind)	       -nan(ind)	       -nan(ind)	       -nan(ind)	       -nan(ind)	       -nan(ind)	       -nan(ind)	       -nan(ind)	       -nan(ind)	       -nan(ind)	       -nan(ind)	       -nan(ind)	       -nan(ind)	       -nan(ind)	       -nan(ind)	       -nan(ind)	       -nan(ind)	       -nan(ind)	       -nan(ind)	       -nan(ind)	       -nan(ind)	       -nan(ind)	       -nan(ind)	       -nan(ind)	       -nan(ind)	       -nan(ind)	       -nan(ind)	       -nan(ind)	       -nan(ind)	       -nan(ind)	       -nan(ind)	       -nan(ind)	       -nan(ind)	       -nan(ind)	       -nan(ind)	       -nan(ind)	       -nan(ind)	       -nan(ind)	       -nan(ind)	       -nan(ind)	       -nan(ind)	       -nan(ind)	       -nan(ind)	       -nan(ind)	       -nan(ind)	       -nan(ind)	       -nan(ind)	       -nan(ind)	       -nan(ind)	       -nan(ind)	       -nan(ind)	       -nan(ind)	       -nan(ind)	       -nan(ind)	       -nan(ind)	       -nan(ind)	       -nan(ind)	       -nan(ind)	       -nan(ind)	       -nan(ind)	       -nan(ind)	       -nan(ind)	       -nan(ind)	       -nan(ind)	       -nan(ind)	       -nan(ind)	       -nan(ind)	       -nan(ind)
      0.57083172	     -0.00000000	     -0.00000000	     -0.00000000	     -0.00000000	     -0.00000000	      0.00000000	     -0.00000000	     -0.00000000	     -0.00000000	     -0.00000000	     -0.00000000	      0.00000000	     -0.00000000	      0.00000000	     -0.00000000	     -0.00000000	      0.00000000	     -0.00000000	     -0.00000000	      0.00000000	      0.00000000	     -0.00000000	     -0.00000000	     -0.00000000	      0.00000000	     -0.00000000	     -0.00000000	     -0.00000000	      0.00000000	     -0.00000000	     -0.00000000	      0.00000000	      0.00000000	      0.00000000	     -0.00000000	     -0.00000000	     -0.00000000	      0.00000000	      0.00000000	      0.00000000	     -0.55586536	     -0.77397158	     -0.10118920	      0.11160982	     -0.38165988	     -0.41984461	      0.63836265	      0.27884390	     -0.00000000	     -0.00000000	     -0.00000000	     -0.00000000	      0.20258966	      0.14039801	      0.41628861	      0.57023541	      0.41585344	      0.21374894	      0.20075263	      0.12843156	     -0.04823496	     -0.06350140	     -0.06691942	     -0.37217885	     -0.31191154	     -0.00000000	      0.00000000	     -0.04103388	     -0.23342120	     -0.61934534	      0.01510429	      0.55957961	      0.56409884	     -0.00000000	     -0.20139047	     -0.00000000	     -0.00000000	     -0.34961332	     -0.35007639	     -0.35681896	      0.00000000	     -0.00000000	     -0.00000000	      0.00000000	      0.00000000	      0.00000000	      0.00000000	      0.00000000	     -0.00000000	     -0.00000000	     -0.17193190	     -0.14301549	     -0.14104657	     -0.15623852	     -0.15111761	     -0.22700199	     -0.19044509	     -0.08078925	     -0.24628305	     -0.43055766
      0.57499838	      0.00000000	      0.00000000	     -0.00000000	      0.00000000	      0.00000000	     -0.00000000	      0.00659113	      0.00985565	      0.00000000	      0.00000000	      0.00000000	      0.00000000	      0.01407118	      0.00059206	     -0.00000000	     -0.00000000	     -0.00000000	     -0.00000000	     -0.00000000	     -0.00000000	     -0.00000000	     -0.00000000	     -0.00000000	     -0.00102530	     -0.00000000	     -0.00000000	      0.00000000	     -0.00000000	     -0.00000000	      0.00619315	     -0.00312666	      0.00052558	      0.00025477	      0.00000000	      0.01534655	      0.00000000	      0.00000000	      0.00625292	      0.00793807	      0.00412453	     -0.06543319	     -0.05253417	     -0.15885446	     -0.16947389	     -0.13350459	     -0.07662350	     -0.07702978	      0.13249340	      0.00000000	      0.00000000	      0.00000000	     -0.00000000	      0.11249784	     -0.06804251	     -0.02974358	     -0.11350273	     -0.27187553	      0.19150020	      0.14370805	      0.09497617	      0.20147344	      0.13957847	      0.08688154	     -0.26455769	      0.07668785	     -0.00000000	     -0.00000000	      0.03649474	      0.03203811	      0.15064789	     -0.03526069	     -0.21444896	     -0.27672863	      0.00000000	      0.39438875	     -0.00000000	      0.00000000	      0.03954445	      0.07476636	      0.00534144	     -0.00000000	      0.00000000	     -0.00000000	      0.00000000	     -0.00000000	     -0.00000000	     -0.00000000	      0.00000000	      0.00000000	     -0.00000000	     -0.12258381	     -0.02757880	     -0.02943528	     -0.03329750	     -0.02986739	     -0.06001674	      0.00100233	     -0.01500483	     -0.04906143	     -0.01891677
      0.57916504	     -0.00000000	     -0.00000000	     -0.00000000	      0.00000000	      0.00000000	     -0.00000000	      0.01351409	      0.02004949	     -0.00000000	     -0.00000000	     -0.00000000	     -0.00000000	      0.02819316	      0.00120850	      0.00000000	      0.00000000	      0.00000000	     -0.00000000	     -0.00000000	      0.00000000	     -0.00000000	      0.00000000	     -0.00000000	     -0.00209115	     -0.00000000	     -0.00000000	     -0.00000000	      0.00000000	     -0.00000000	      0.01237817	     -0.00629770	      0.00107704	      0.00052880	     -0.00000000	      0.03076428	     -0.00000000	      0.00000000	      0.01249728	      0.01586664	      0.00824269	     -0.55013499	     -0.77461161	     -0.11918078	      0.09192113	     -0.38927037	     -0.40866873	      0.58292434	      0.21702260	      0.00000000	      0.00000000	      0.00000000	     -0.00000000	      0.14692945	      0.16404601	      0.40717731	      0.55434995	      0.38851724	      0.20813951	      0.18723481	      0.11216279	     -0.06346714	     -0.08131529	     -0.08550381	     -0.33680850	     -0.31434399	      0.00000000	     -0.00000000	     -0.05324031	     -0.23318682	     -0.67057608	      0.09062659	      0.58134913	      0.59288296	      0.00000000	     -0.28983600	      0.00000000	     -0.00000000	     -0.40834729	     -0.42112602	     -0.40173179	     -0.00000000	      0.00000000	      0.00000000	      0.00000000	     -0.00000000	     -0.00000000	     -0.00000000	      0.00000000	      0.00000000	     -0.00000000	     -0.17828805	     -0.15137793	     -0.15018251	     -0.17270425	     -0.15018544	     -0.22977036	     -0.15893976	     -0.08999073	     -0.25366728	     -0.42453915
      0.58333170	       -nan(ind)	       -nan(ind)	       -nan(ind)	       -nan(ind)	       -nan(ind)	       -nan(ind)	       -nan(ind)	       -nan(ind)	       -nan(ind)	       -nan(ind)	       -nan(ind)	       -nan(ind)	       -nan(ind)	       -nan(ind)	       -nan(ind)	       -nan(ind)	       -nan(ind)	       -nan(ind)	       -nan(ind)	       -nan(ind)	       -nan(ind)	       -nan(ind)	       -nan(ind)	       -nan(ind)	       -nan(ind)	       -nan(ind)	       -nan(ind)	       -nan(ind)	       -nan(ind)	       -nan(ind)	       -nan(ind)	       -nan(ind)	       -nan(ind)	       -nan(ind)	       -nan(ind)	       -nan(ind)	       -nan(ind)	       -nan(ind)	       -nan(ind)	       -nan(ind)	       -nan(ind)	       -nan(ind)	       -nan(ind)	       -nan(ind)	       -nan(ind)	       -nan(ind)	       -nan(ind)	       -nan(ind)	       -nan(ind)	       -nan(ind)	       -nan(ind)	       -nan(ind)	       -nan(ind)	       -nan(ind)	       -nan(ind)	       -nan(ind)	       -nan(ind)	       -nan(ind)	       -nan(ind)	       -nan(ind)	       -nan(ind)	       -nan(ind)	       -nan(ind)	       -nan(ind)	       -nan(ind)	       -nan(ind)	       -nan(ind)	       -nan(ind)	       -nan(ind)	       -nan(ind)	       -nan(ind)	       -nan(ind)	       -nan(ind)	       -nan(ind)	       -nan(ind)	       -nan(ind)	       -nan(ind)	       -nan(ind)	       -nan(ind)	       -nan(ind)	       -nan(ind)	       -nan(ind)	       -nan(ind)	       -nan(ind)	       -nan(ind)	       -nan(ind)	       -nan(ind)	       -nan(ind)	       -nan(ind)	       -nan(ind)	       -nan(ind)	       -nan(ind)	       -nan(ind)	       -nan(ind)	       -nan(ind)	       -nan(ind)	       -nan(ind)	       -nan(ind)	       -nan(ind)	       -nan(ind)
      0.58749836	      0.00000000	      0.00000000	     -0.00000000	     -0.00000000	      0.00000000	     -0.00000000	     -0.00001726	     -0.00002522	      0.00000000	      0.00000000	     -0.00000000	      0.00000000	     -0.00003428	     -0.00000151	      0.00000000	     -0.00000000	      0.00000000	     -0.00000000	      0.00000000	      0.00000000	      0.00000000	      0.00000000	      0.00000000	      0.00000264	      0.00000000	      0.00000000	      0.00000000	      0.00000000	      0.00000000	     -0.00001497	      0.00000775	     -0.00000137	     -0.00000068	     -0.00000000	     -0.00003746	      0.00000000	      0.00000000	     -0.00001511	     -0.00001919	     -0.00000996	      0.94949760	      1.28887426	      0.53276217	      0.23830544	      0.87074768	      0.76157526	     -0.60823797	     -0.50102332	     -0.00000000	     -0.00000000	     -0.00000000	     -0.00000000	     -0.36402466	     -0.11632563	     -0.40796750	     -0.45708299	      0.04938473	     -0.65170026	     -0.44857253	     -0.20507373	     -0.24664834	     -0.02545277	      0.08931733	      1.08603150	      0.30533682	     -0.00000000	     -0.00000000	      0.13573040	      0.27771137	      0.79237074	     -0.14099999	     -0.42804985	     -0.31551264	      0.00000000	     -0.19866546	     -0.00000000	     -0.00000000	      0.62451464	      0.58200091	      0.66969762	      0.00000000	      0.00000000	     -0.00000000	      0.00000000	      0.00000000	      0.00000000	      0.00000000	     -0.00000000	      0.00000000	      0.00000000	      0.64746564	      0.44041727	      0.43394629	      0.50123037	      0.27901385	      0.52109237	      0.07624503	      0.32412062	      0.61960126	      0.65329449
      0.59166502	       -nan(ind)	       -nan(ind)	       -nan(ind)	       -nan(ind)	       -nan(ind)	       -nan(ind)	       -nan(ind)	       -nan(ind)	       -nan(ind)	       -nan(ind)	       -nan(ind)	       -nan(ind)	       -nan(ind)	       -nan(ind)	       -nan(ind)	       -nan(ind)	       -nan(ind)	       -nan(ind)	       -nan(ind)	       -nan(ind)	       -nan(ind)	       -nan(ind)	       -nan(ind)	       -nan(ind)	       -nan(ind)	       -nan(ind)	       -nan(ind)	       -nan(ind)	       -nan(ind)	       -nan(ind)	       -nan(ind)	       -nan(ind)	       -nan(ind)	       -nan(ind)	       -nan(ind)	       -nan(ind)	       -nan(ind)	       -nan(ind)	       -nan(ind)	       -nan(ind)	       -nan(ind)	       -nan(ind)	       -nan(ind)	       -nan(ind)	       -nan(ind)	       -nan(ind)	       -nan(ind)	       -nan(ind)	       -nan(ind)	       -nan(ind)	       -nan(ind)	       -nan(ind)	       -nan(ind)	       -nan(ind)	       -nan(ind)	       -nan(ind)	       -nan(ind)	       -nan(ind)	       -nan(ind)	       -nan(ind)	       -nan(ind)	       -nan(ind)	       -nan(ind)	       -nan(ind)	       -nan(ind)	       -nan(ind)	       -nan(ind)	       -nan(ind)	       -nan(ind)	       -nan(ind)	       -nan(ind)	       -nan(ind)	       -nan(ind)	       -nan(ind)	       -nan(ind)	       -nan(ind)	       -nan(ind)	       -nan(ind)	       -nan(ind)	       -nan(ind)	       -nan(ind)	       -nan(ind)	       -nan(ind)	       -nan(ind)	       -nan(ind)	       -nan(ind)	       -nan(ind)	       -nan(ind)	       -nan(ind)	       -nan(ind)	       -nan(ind)	       -nan(ind)	       -nan(ind)	       -nan(ind)	       -nan(ind)	       -nan(ind)	       -nan(ind)	       -nan(ind)	       -nan(ind)	       -nan(ind)
      0.59583168	      0.00000000	      0.00000000	      0.00000000	      0.00000000	      0.00000000	      0.00000000	     -0.00752012	     -0.01083581	      0.00000000	      0.00000000	     -0.00000000	      0.00000000	     -0.01418766	     -0.00064016	      0.00000000	      0.00000000	      0.00000000	     -0.00000000	      0.00000000	      0.00000000	      0.00000000	      0.00000000	      0.00000000	      0.00113841	      0.00000000	     -0.00000000	     -0.00000000	      0.00000000	      0.00000000	     -0.00615772	      0.00324978	     -0.00059704	     -0.00029534	      0.00000000	     -0.01553100	      0.00000000	      0.00000000	     -0.00621600	     -0.00789556	     -0.00409797	      0.53241297	      0.75353745	      0.24159177	      0.05616427	      0.45478741	      0.41250028	     -0.48404928	     -0.32000866	     -0.00000000	      0.00000000	     -0.00000000	      0.00000000	     -0.23151056	     -0.11690016	     -0.20696983	     -0.28037865	     -0.08451817	     -0.26686867	     -0.14140313	     -0.00964923	     -0.01090157	      0.11407907	      0.15512979	      0.53049360	      0.22271780	      0.00000000	      0.00000000	      0.15322719	      0.18309200	      0.56389996	     -0.09970112	     -0.39285015	     -0.35182662	     -0.00000000	      0.04250434	     -0.00000000	     -0.00000000	      0.39709655	      0.38164712	      0.41537803	      0.00000000	      0.00000000	      0.00000000	     -0.00000000	      0.00000000	      0.00000000	      0.00000000	      0.00000000	     -0.00000000	      0.00000000	      0.37357715	      0.31076055	      0.30355076	      0.35012620	      0.14652977	      0.30196566	     -0.01395640	      0.25205809	      0.39937434	      0.37447562
      0.59999834	     -0.00000000	     -0.00000000	     -0.00000000	     -0.00000000	     -0.00000000	     -0.00000000	      0.01537139	      0.02199915	     -0.00000000	     -0.00000000	     -0.00000000	     -0.00000000	      0.02824657	      0.00128420	      0.00000000	     -0.00000000	      0.00000000	     -0.00000000	     -0.00000000	     -0.00000000	     -0.00000000	     -0.00000000	     -0.00000000	     -0.00231323	     -0.00000000	      0.00000000	      0.00000000	     -0.00000000	      0.00000000	      0.01222047	     -0.00651518	      0.00121858	      0.00059627	     -0.00000000	      0.03095417	     -0.00000000	      0.00000000	      0.01233553	      0.01567087	      0.00813126	      0.15953104	      0.16279662	      0.34051354	      0.35618793	      0.29566022	      0.17246676	      0.17475429	     -0.23311620	      0.00000000	      0.00000000	      0.00000000	      0.00000000	     -0.19387390	      0.13008554	      0.05112513	      0.20838383	      0.50613274	     -0.39452000	     -0.27605993	     -0.16596894	     -0.37897513	     -0.22335402	     -0.12215040	      0.59674712	     -0.13571073	      0.00000000	      0.00000000	     -0.03824927	     -0.05237274	     -0.24492689	      0.02157331	      0.41784309	      0.54748479	      0.00000000	     -0.72415052	      0.00000000	      0.00000000	     -0.02839423	     -0.09465435	      0.03464273	     -0.00000000	     -0.00000000	      0.00000000	      0.00000000	     -0.00000000	     -0.00000000	     -0.00000000	     -0.00000000	     -0.00000000	     -0.00000000	      0.27568153	      0.09803674	      0.10257205	      0.12158116	      0.06413220	      0.15415047	     -0.06613795	      0.07564796	      0.14660528	      0.05750512
      0.60416500	      0.00000000	      0.00000000	      0.00000000	      0.00000000	      0.00000000	     -0.00000000	     -0.00000000	     -0.00000000	     -0.00000000	      0.00000000	     -0.00000000	     -0.00000000	     -0.00000000	     -0.00000000	      0.00000000	     -0.00000000	     -0.00000000	      0.00000000	      0.00000000	     -0.00000000	     -0.00000000	      0.00000000	      0.00000000	     -0.00000000	      0.00000000	      0.00000000	      0.00000000	      0.00000000	      0.00000000	     -0.00000000	     -0.00000000	     -0.00000000	     -0.00000000	      0.00000000	     -0.00000000	      0.00000000	      0.00000000	     -0.00000000	     -0.00000000	     -0.00000000	      0.07742220	      0.06779918	      0.22381124	      0.24670689	      0.17863078	      0.09534138	      0.15951735	     -0.14023660	     -0.00000000	     -0.00000000	     -0.00000000	     -0.00000000	     -0.11916615	      0.10312252	      0.06381286	      0.17653347	      0.36281959	     -0.25274838	     -0.17061201	     -0.09915368	     -0.25728955	     -0.14889857	     -0.08154027	      0.39866513	     -0.11042578	     -0.00000000	     -0.00000000	     -0.02347338	     -0.04909301	     -0.21127550	      0.02524224	      0.32606731	      0.41662150	     -0.00000000	     -0.50711845	     -0.00000000	     -0.00000000	     -0.04971136	     -0.09597703	     -0.00597069	     -0.00000000	      0.00000000	     -0.00000000	     -0.00000000	      0.00000000	      0.00000000	     -0.00000000	      0.00000000	      0.00000000	      0.00000000	      0.18264370	      0.06553353	      0.06795198	      0.08000118	      0.03419889	      0.09460875	     -0.05852491	      0.05329054	      0.09159722	      0.01488382
      0.60833166	       -nan(ind)	       -nan(ind)	       -nan(ind)	       -nan(ind)	       -nan(ind)	       -nan(ind)	       -nan(ind)	       -nan(ind)	       -nan(ind)	       -nan(ind)	       -nan(ind)	       -nan(ind)	       -nan(ind)	       -nan(ind)	       -nan(ind)	       -nan(ind)	       -nan(ind)	       -nan(ind)	       -nan(ind)	       -nan(ind)	       -nan(ind)	       -nan(ind)	       -nan(ind)	       -nan(ind)	       -nan(ind)	       -nan(ind)	       -nan(ind)	       -nan(ind)	       -nan(ind)	       -nan(ind)	       -nan(ind)	       -nan(ind)	       -nan(ind)	       -nan(ind)	       -nan(ind)	       -nan(ind)	       -nan(ind)	       -nan(ind)	       -nan(ind)	       -nan(ind)	       -nan(ind)	       -nan(ind)	       -nan(ind)	       -nan(ind)	       -nan(ind)	       -nan(ind)	       -nan(ind)	       -nan(ind)	       -nan(ind)	       -nan(ind)	       -nan(ind)	       -nan(ind)	       -nan(ind)	       -nan(ind)	       -nan(ind)	       -nan(ind)	       -nan(ind)	       -nan(ind)	       -nan(ind)	       -nan(ind)	       -nan(ind)	       -nan(ind)	       -nan(ind)	       -nan(ind)	       -nan(ind)	       -nan(ind)	       -nan(ind)	       -nan(ind)	       -nan(ind)	       -nan(ind)	       -nan(ind)	       -nan(ind)	       -nan(ind)	       -nan(ind)	       -nan(ind)	       -nan(ind)	       -nan(ind)	       -nan(ind)	       -nan(ind)	       -nan(ind)	       -nan(ind)	       -nan(ind)	       -nan(ind)	       -nan(ind)	       -nan(ind)	       -nan(ind)	       -nan(ind)	       -nan(ind)	       -nan(ind)	       -nan(ind)	       -nan(ind)	       -nan(ind)	       -nan(ind)	       -nan(ind)	       -nan(ind)	       -nan(ind)	       -nan(ind)	       -nan(ind)	       -nan(ind)	       -nan(ind)
      0.61249832	       -nan(ind)	       -nan(ind)	       -nan(ind)	       -nan(ind)	       -nan(ind)	       -nan(ind)	       -nan(ind)	       -nan(ind)	       -nan(ind)	       -nan(ind)	       -nan(ind)	       -nan(ind)	       -nan(ind)	       -nan(ind)	       -nan(ind)	       -nan(ind)	       -nan(ind)	       -nan(ind)	       -nan(ind)	       -nan(ind)	       -nan(ind)	       -nan(ind)	       -nan(ind)	       -nan(ind)	       -nan(ind)	       -nan(ind)	       -nan(ind)	       -nan(ind)	       -nan(ind)	       -nan(ind)	       -nan(ind)	       -nan(ind)	       -nan(ind)	       -nan(ind)	       -nan(ind)	       -nan(ind)	       -nan(ind)	       -nan(ind)	       -nan(ind)	       -nan(ind)	       -nan(ind)	       -nan(ind)	       -nan(ind)	       -nan(ind)	       -nan(ind)	       -nan(ind)	       -nan(ind)	       -nan(ind)	       -nan(ind)	       -nan(ind)	       -nan(ind)	       -nan(ind)	       -nan(ind)	       -nan(ind)	       -nan(ind)	       -nan(ind)	       -nan(ind)	       -nan(ind)	       -nan(ind)	       -nan(ind)	       -nan(ind)	       -nan(ind)	       -nan(ind)	       -nan(ind)	       -nan(ind)	       -nan(ind)	       -nan(ind)	       -nan(ind)	       -nan(ind)	       -nan(ind)	       -nan(ind)	       -nan(ind)	       -nan(ind)	       -nan(ind)	       -nan(ind)	       -nan(ind)	       -nan(ind)	       -nan(ind)	       -nan(ind)	       -nan(ind)	       -nan(ind)	       -nan(ind)	       -nan(ind)	       -nan(ind)	       -nan(ind)	       -nan(ind)	       -nan(ind)	       -nan(ind)	       -nan(ind)	       -nan(ind)	       -nan(ind)	       -nan(ind)	       -nan(ind)	       -nan(ind)	       -nan(ind)	       -nan(ind)	       -nan(ind)	       -nan(ind)	       -nan(ind)	       -nan(ind)
      0.61666498	      0.00000000	      0.00000000	     -0.00000000	     -0.00000000	     -0.00000000	     -0.00000000	      0.00003310	      0.00004608	     -0.00000000	     -0.00000000	     -0.00000000	     -0.00000000	      0.00005456	      0.00000245	     -0.00000000	     -0.00000000	     -0.00000000	      0.00000000	     -0.00000000	     -0.00000000	     -0.00000000	     -0.00000000	     -0.00000000	     -0.00000485	     -0.00000000	      0.00000000	     -0.00000000	     -0.00000000	     -0.00000000	      0.00002332	     -0.00001296	      0.00000260	      0.00000114	     -0.00000000	      0.00006016	     -0.00000000	     -0.00000000	      0.00002353	      0.00002991	      0.00001550	     -0.25160794	     -0.36862185	     -0.11083054	     -0.01682624	     -0.21298283	     -0.19143619	      0.30430680	      0.21789114	      0.00000000	      0.00000000	     -0.00000000	     -0.00000000	      0.16062167	      0.06830898	      0.08432898	      0.11872028	      0.04368589	      0.13078306	      0.04567455	     -0.02813203	     -0.00498861	     -0.09630614	     -0.11750527	     -0.25490023	     -0.10905749	      0.00000000	      0.00000000	     -0.11137969	     -0.08979084	     -0.30252197	      0.04135445	      0.22515233	      0.20604452	      0.00000000	     -0.00311038	      0.00000000	      0.00000000	     -0.21013934	     -0.19603638	     -0.22422584	     -0.00000000	     -0.00000000	      0.00000000	     -0.00000000	      0.00000000	      0.00000000	     -0.00000000	     -0.00000000	     -0.00000000	      0.00000000	     -0.20879259	     -0.18883449	     -0.18462414	     -0.21463049	     -0.07087272	     -0.16223042	      0.05650981	     -0.16469670	     -0.23055952	     -0.17468180
      0.62083164	     -0.00000000	     -0.00000000	     -0.00000000	      0.00000000	     -0.00000000	     -0.00000000	      0.00874429	      0.01208397	      0.00000000	      0.00000000	      0.00000000	     -0.00000000	      0.01401881	      0.00062143	     -0.00000000	     -0.00000000	     -0.00000000	     -0.00000000	      0.00000000	     -0.00000000	     -0.00000000	     -0.00000000	     -0.00000000	     -0.00127112	      0.00000000	      0.00000000	      0.00000000	     -0.00000000	      0.00000000	      0.00597339	     -0.00335576	      0.00068541	      0.00028804	     -0.00000000	      0.01548886	      0.00000000	      0.00000000	      0.00602798	      0.00766434	      0.00397063	     -0.31364344	     -0.45203524	     -0.17345326	     -0.06541296	     -0.28610069	     -0.24431694	      0.38142215	      0.33730481	     -0.00000000	      0.00000000	     -0.00000000	     -0.00000000	      0.25581175	      0.06443512	      0.10603375	      0.12348560	     -0.00707462	      0.21981734	      0.10281871	      0.00042535	      0.05599131	     -0.07806538	     -0.11848217	     -0.38482178	     -0.11000417	     -0.00000000	      0.00000000	     -0.12143185	     -0.09868296	     -0.30952695	      0.03368297	      0.21541289	      0.17311788	     -0.00000000	      0.14672495	      0.00000000	      0.00000000	     -0.23054512	     -0.19927821	     -0.26169399	      0.00000000	     -0.00000000	      0.00000000	     -0.00000000	      0.00000000	     -0.00000000	     -0.00000000	     -0.00000000	     -0.00000000	     -0.00000000	     -0.27564233	     -0.22807560	     -0.22419466	     -0.26339908	     -0.09618481	     -0.20913438	      0.07829035	     -0.19622152	     -0.28626700	     -0.21152441
      0.62499830	      0.00000000	      0.00000000	     -0.00000000	     -0.00000000	     -0.00000000	     -0.00000000	      0.00000199	      0.00000273	     -0.00000000	     -0.00000000	     -0.00000000	      0.00000000	      0.00000310	      0.00000014	      0.00000000	     -0.00000000	     -0.00000000	     -0.00000000	     -0.00000000	     -0.00000000	     -0.00000000	      0.00000000	     -0.00000000	     -0.00000029	     -0.00000000	      0.00000000	      0.00000000	      0.00000000	     -0.00000000	      0.00000132	     -0.00000075	      0.00000016	      0.00000006	      0.00000000	      0.00000343	      0.00000000	      0.00000000	      0.00000133	      0.00000169	      0.00000088	     -0.31950420	     -0.45147055	     -0.21280447	     -0.11292864	     -0.31217358	     -0.25401780	      0.29742235	      0.30140799	      0.00000000	      0.00000000	      0.00000000	      0.00000000	      0.22530506	      0.04495845	      0.12210465	      0.11325853	     -0.06412541	      0.28761469	      0.16372752	      0.05132948	      0.12704054	     -0.02396735	     -0.08005216	     -0.43271062	     -0.08677570	      0.00000000	      0.00000000	     -0.09390329	     -0.08766331	     -0.28435914	      0.04880337	      0.15028504	      0.09852589	      0.00000000	      0.19551256	      0.00000000	      0.00000000	     -0.24335093	     -0.20980063	     -0.27417987	      0.00000000	     -0.00000000	      0.00000000	      0.00000000	     -0.00000000	      0.00000000	     -0.00000000	      0.00000000	      0.00000000	     -0.00000000	     -0.28403126	     -0.21020116	     -0.20837692	     -0.24924505	     -0.10783788	     -0.21407558	      0.07817246	     -0.17543834	     -0.27772510	     -0.21042486
      0.62916496	     -0.00000000	      0.00000000	      0.00000000	     -0.00000000	     -0.00000000	     -0.00000000	     -0.00000000	     -0.00000000	      0.00000000	      0.00000000	      0.00000000	      0.00000000	     -0.00000000	     -0.00000000	      0.00000000	     -0.00000000	      0.00000000	     -0.00000000	     -0.00000000	     -0.00000000	      0.00000000	     -0.00000000	     -0.00000000	     -0.00000000	     -0.00000000	      0.00000000	      0.00000000	     -0.00000000	     -0.00000000	     -0.00000000	     -0.00000000	     -0.00000000	     -0.00000000	      0.00000000	     -0.00000000	      0.00000000	     -0.00000000	     -0.00000000	     -0.00000000	     -0.00000000	      0.17396489	      0.17022653	      0.44390760	      0.48286018	      0.36404417	      0.19765746	      0.38475165	     -0.15059396	     -0.00000000	      0.00000000	     -0.00000000	     -0.00000000	     -0.12638070	      0.18467832	      0.03493637	      0.24349948	      0.62799598	     -0.54274605	     -0.39248850	     -0.25360242	     -0.52849102	     -0.31856647	     -0.18310303	      0.76823511	     -0.18731910	     -0.00000000	     -0.00000000	     -0.08158185	     -0.07540565	     -0.34770554	     -0.03251079	      0.60109419	      0.76421036	     -0.00000000	     -0.87304108	      0.00000000	     -0.00000000	     -0.03283277	     -0.10480887	      0.03237694	      0.00000000	     -0.00000000	      0.00000000	     -0.00000000	      0.00000000	     -0.00000000	      0.00000000	     -0.00000000	      0.00000000	      0.00000000	      0.31427123	      0.08519613	      0.09275629	      0.12049483	      0.09237483	      0.17605841	     -0.10432645	      0.05984365	      0.15020542	      0.05541615
      0.63333162	       -nan(ind)	       -nan(ind)	       -nan(ind)	       -nan(ind)	       -nan(ind)	       -nan(ind)	       -nan(ind)	       -nan(ind)	       -nan(ind)	       -nan(ind)	       -nan(ind)	       -nan(ind)	       -nan(ind)	       -nan(ind)	       -nan(ind)	       -nan(ind)	       -nan(ind)	       -nan(ind)	       -nan(ind)	       -nan(ind)	       -nan(ind)	       -nan(ind)	       -nan(ind)	       -nan(ind)	       -nan(ind)	       -nan(ind)	       -nan(ind)	       -nan(ind)	       -nan(ind)	       -nan(ind)	       -nan(ind)	       -nan(ind)	       -nan(ind)	       -nan(ind)	       -nan(ind)	       -nan(ind)	       -nan(ind)	       -nan(ind)	       -nan(ind)	       -nan(ind)	       -nan(ind)	       -nan(ind)	       -nan(ind)	       -nan(ind)	       -nan(ind)	       -nan(ind)	       -nan(ind)	       -nan(ind)	       -nan(ind)	       -nan(ind)	       -nan(ind)	       -nan(ind)	       -nan(ind)	       -nan(ind)	       -nan(ind)	       -nan(ind)	       -nan(ind)	       -nan(ind)	       -nan(ind)	       -nan(ind)	       -nan(ind)	       -nan(ind)	       -nan(ind)	       -nan(ind)	       -nan(ind)	       -nan(ind)	       -nan(ind)	       -nan(ind)	       -nan(ind)	       -nan(ind)	       -nan(ind)	       -nan(ind)	       -nan(ind)	       -nan(ind)	       -nan(ind)	       -nan(ind)	       -nan(ind)	       -nan(ind)	       -nan(ind)	       -nan(ind)	       -nan(ind)	       -nan(ind)	       -nan(ind)	       -nan(ind)	       -nan(ind)	       -nan(ind)	       -nan(ind)	       -nan(ind)	       -nan(ind)	       -nan(ind)	       -nan(ind)	       -nan(ind)	       -nan(ind)	       -nan(ind)	       -nan(ind)	       -nan(ind)	       -nan(ind)	       -nan(ind)	       -nan(ind)	       -nan(ind)
      0.63749828	     -0.00000000	     -0.00000000	     -0.00000000	      0.00000000	      0.00000000	     -0.00000000	     -0.01948163	     -0.02601204	      0.00000000	     -0.00000000	      0.00000000	     -0.00000000	     -0.02789725	     -0.00110979	      0.00000000	      0.00000000	      0.00000000	      0.00000000	     -0.00000000	      0.00000000	      0.00000000	      0.00000000	     -0.00000000	      0.00274652	     -0.00000000	     -0.00000000	      0.00000000	      0.00000000	      0.00000000	     -0.01177949	      0.00688098	     -0.00150621	     -0.00047983	     -0.00000000	     -0.03113601	     -0.00000000	     -0.00000000	     -0.01188503	     -0.01512117	     -0.00782516	      0.04342932	     -0.01765793	      0.34720478	      0.42921854	      0.22876164	      0.08676718	      0.39643250	     -0.12033095	     -0.00000000	     -0.00000000	     -0.00000000	     -0.00000000	     -0.11198710	      0.18001520	      0.02759209	      0.22463261	      0.55259428	     -0.41662881	     -0.35745877	     -0.28413519	     -0.46876823	     -0.37147525	     -0.26353391	      0.55765007	     -0.20528604	     -0.00000000	      0.00000000	     -0.17357049	     -0.10210494	     -0.48977069	     -0.02304025	      0.61828774	      0.75851040	     -0.00000000	     -0.88154082	     -0.00000000	      0.00000000	     -0.15868722	     -0.21997020	     -0.09888472	     -0.00000000	     -0.00000000	     -0.00000000	     -0.00000000	     -0.00000000	     -0.00000000	      0.00000000	     -0.00000000	     -0.00000000	      0.00000000	      0.12671146	     -0.07238371	     -0.05944291	     -0.05518368	      0.04407123	      0.05366158	     -0.02618028	     -0.07695397	     -0.03045583	     -0.02185975
      0.64166494	      0.00000000	      0.00000000	      0.00000000	      0.00000000	      0.00000000	      0.00000000	     -0.01998639	     -0.02642832	     -0.00000000	      0.00000000	      0.00000000	      0.00000000	     -0.02782336	     -0.00105957	      0.00000000	      0.00000000	      0.00000000	      0.00000000	      0.00000000	      0.00000000	      0.00000000	      0.00000000	     -0.00000000	      0.00279803	     -0.00000000	     -0.00000000	      0.00000000	      0.00000000	      0.00000000	     -0.01173067	      0.00691284	     -0.00153934	     -0.00044504	      0.00000000	     -0.03114904	      0.00000000	     -0.00000000	     -0.01183552	     -0.01506002	     -0.00779210	      0.59901623	      0.86954042	      0.31422603	      0.09503799	      0.53545216	      0.46826050	     -0.58488443	     -0.45073148	     -0.00000000	     -0.00000000	     -0.00000000	      0.00000000	     -0.31906503	     -0.09617748	     -0.31155366	     -0.32471991	     -0.03284541	     -0.57190369	     -0.32397889	     -0.10259991	     -0.25121439	      0.08065358	      0.19164762	      0.71916246	      0.20646775	     -0.00000000	     -0.00000000	      0.21217566	      0.19156675	      0.70292169	     -0.03824287	     -0.41307746	     -0.35586272	      0.00000000	     -0.11117567	     -0.00000000	     -0.00000000	      0.54259260	      0.48981756	      0.58055978	     -0.00000000	     -0.00000000	     -0.00000000	      0.00000000	     -0.00000000	     -0.00000000	     -0.00000000	     -0.00000000	      0.00000000	      0.00000000	      0.52942195	      0.41834288	      0.40147709	      0.49542932	      0.24889081	      0.40327508	     -0.13868753	      0.31170992	      0.55923497	      0.40863302
      0.64583160	     -0.00000000	     -0.00000000	      0.00000000	      0.00000000	      0.00000000	     -0.00000000	      0.00005429	      0.00007108	      0.00000000	     -0.00000000	     -0.00000000	     -0.00000000	      0.00007350	      0.00000265	      0.00000000	      0.00000000	      0.00000000	      0.00000000	      0.00000000	     -0.00000000	      0.00000000	      0.00000000	     -0.00000000	     -0.00000758	      0.00000000	     -0.00000000	     -0.00000000	      0.00000000	      0.00000000	      0.00003095	     -0.00001839	      0.00000417	      0.00000108	     -0.00000000	      0.00008255	      0.00000000	      0.00000000	      0.00003123	      0.00003974	      0.00002056	     -0.21877927	     -0.37783958	      0.11475207	      0.26835681	     -0.06260420	     -0.13850023	      0.61325224	      0.21746785	     -0.00000000	      0.00000000	      0.00000000	     -0.00000000	      0.15044921	      0.15335799	      0.12713416	      0.26757504	      0.38668826	     -0.03592203	     -0.12661447	     -0.18237691	     -0.20686626	     -0.31954706	     -0.29572493	      0.03799025	     -0.22264000	      0.00000000	     -0.00000000	     -0.24556933	     -0.14848278	     -0.59434440	     -0.06398081	      0.59385056	      0.65475297	     -0.00000000	     -0.45269908	     -0.00000000	      0.00000000	     -0.28789268	     -0.29180889	     -0.28001058	      0.00000000	      0.00000000	      0.00000000	      0.00000000	     -0.00000000	     -0.00000000	     -0.00000000	      0.00000000	     -0.00000000	     -0.00000000	     -0.17638792	     -0.27095908	     -0.25021895	     -0.29273410	     -0.08384191	     -0.15327244	      0.06417303	     -0.21886630	     -0.30026653	     -0.18175031
      0.64999826	      0.00000000	     -0.00000000	     -0.00000000	      0.00000000	     -0.00000000	      0.00000000	     -0.04194866	     -0.05435929	      0.00000000	      0.00000000	      0.00000000	     -0.00000000	     -0.05524549	     -0.00187557	      0.00000000	      0.00000000	     -0.00000000	     -0.00000000	     -0.00000000	      0.00000000	     -0.00000000	      0.00000000	     -0.00000000	      0.00596424	      0.00000000	      0.00000000	      0.00000000	     -0.00000000	      0.00000000	     -0.02324858	      0.01392165	     -0.00320690	     -0.00074365	      0.00000000	     -0.06227313	      0.00000000	      0.00000000	     -0.02345625	     -0.02985205	     -0.01544221	     -0.43304641	     -0.68820560	      0.02816454	      0.26500336	     -0.23671395	     -0.29816417	      0.78852294	      0.28516102	     -0.00000000	      0.00000000	     -0.00000000	     -0.00000000	      0.18263455	      0.19919312	      0.33042280	      0.47866947	      0.47006333	      0.19575569	      0.05446479	     -0.06542704	     -0.09242740	     -0.29441733	     -0.31147089	     -0.14144563	     -0.31558419	     -0.00000000	      0.00000000	     -0.26594781	     -0.22697226	     -0.92228766	     -0.03427949	      0.79245362	      0.85623175	     -0.00000000	     -0.53736827	     -0.00000000	     -0.00000000	     -0.54330548	     -0.53975455	     -0.53288971	      0.00000000	     -0.00000000	     -0.00000000	      0.00000000	      0.00000000	      0.00000000	     -0.00000000	     -0.00000000	     -0.00000000	     -0.00000000	     -0.29321197	     -0.34450854	     -0.31996345	     -0.39362541	     -0.16873468	     -0.26593557	      0.05567555	     -0.25538763	     -0.43918906	     -0.33790057
      0.65416492	      0.00000000	      0.00000000	     -0.00000000	      0.00000000	      0.00000000	      0.00000000	     -0.00001900	     -0.00002437	     -0.00000000	      0.00000000	      0.00000000	      0.00000000	     -0.00002435	     -0.00000077	      0.00000000	      0.00000000	      0.00000000	     -0.00000000	      0.00000000	      0.00000000	      0.00000000	      0.00000000	      0.00000000	      0.00000276	      0.00000000	     -0.00000000	      0.00000000	      0.00000000	      0.00000000	     -0.00001025	      0.00000618	     -0.00000145	     -0.00000030	      0.00000000	     -0.00002756	      0.00000000	     -0.00000000	     -0.00001034	     -0.00001316	     -0.00000681	     -0.00332066	      0.02030546	     -0.10244954	     -0.13221357	     -0.06198334	     -0.01907175	     -0.06113965	      0.11154819	      0.00000000	      0.00000000	     -0.00000000	      0.00000000	      0.09884918	     -0.05461375	     -0.02128206	     -0.07900803	     -0.17159021	      0.10742669	      0.09580942	      0.07843720	      0.13039332	      0.11465915	      0.08408507	     -0.17856702	      0.06555220	      0.00000000	     -0.00000000	      0.05650215	      0.03388959	      0.20142555	     -0.01006014	     -0.19559027	     -0.24569508	     -0.00000000	      0.35829216	      0.00000000	     -0.00000000	      0.09575214	      0.12157451	      0.06726014	      0.00000000	     -0.00000000	     -0.00000000	      0.00000000	     -0.00000000	     -0.00000000	      0.00000000	     -0.00000000	     -0.00000000	     -0.00000000	     -0.03006844	      0.02781461	      0.02414298	      0.02502358	     -0.00762719	     -0.00748023	      0.00486455	      0.02663097	      0.01990221	      0.01327206
      0.65833158	      0.00000000	      0.00000000	      0.00000000	      0.00000000	      0.00000000	     -0.00000000	      0.02192960	      0.02784093	      0.00000000	      0.00000000	      0.00000000	      0.00000000	      0.02738637	      0.00079801	      0.00000000	      0.00000000	      0.00000000	     -0.00000000	      0.00000000	     -0.00000000	     -0.00000000	      0.00000000	      0.00000000	     -0.00324667	      0.00000000	      0.00000000	      0.00000000	      0.00000000	     -0.00000000	      0.01151992	     -0.00699572	      0.00166492	      0.00029756	      0.00000000	      0.03111146	      0.00000000	      0.00000000	      0.01162298	      0.01479431	      0.00765198	      0.95134538	      1.53404167	     -0.18403428	     -0.74436308	      0.44754036	      0.64167383	     -1.76234861	     -0.46121522	      0.00000000	     -0.00000000	     -0.00000000	      0.00000000	     -0.25564492	     -0.45279950	     -0.86768954	     -1.23456407	     -1.25661710	     -0.44619227	     -0.15999033	      0.09495055	      0.20240335	      0.66333469	      0.69854271	      0.15475750	      0.75884747	     -0.00000000	     -0.00000000	      0.58960823	      0.53586315	      2.24567849	      0.15190173	     -1.91518250	     -2.11207564	     -0.00000000	      1.53840929	     -0.00000000	      0.00000000	      1.29845773	      1.30780481	      1.24763172	      0.00000000	     -0.00000000	      0.00000000	     -0.00000000	     -0.00000000	     -0.00000000	      0.00000000	      0.00000000	      0.00000000	      0.00000000	      0.58688761	      0.73234995	      0.66769450	      0.83795248	      0.36974254	      0.56971708	     -0.04143745	      0.53503427	      0.96501840	      0.76512707
      0.66249824	       -nan(ind)	       -nan(ind)	       -nan(ind)	       -nan(ind)	       -nan(ind)	       -nan(ind)	       -nan(ind)	       -nan(ind)	       -nan(ind)	       -nan(ind)	       -nan(ind)	       -nan(ind)	       -nan(ind)	       -nan(ind)	       -nan(ind)	       -nan(ind)	       -nan(ind)	       -nan(ind)	       -nan(ind)	       -nan(ind)	       -nan(ind)	       -nan(ind)	       -nan(ind)	       -nan(ind)	       -nan(ind)	       -nan(ind)	       -nan(ind)	       -nan(ind)	       -nan(ind)	       -nan(ind)	       -nan(ind)	       -nan(ind)	       -nan(ind)	       -nan(ind)	       -nan(ind)	       -nan(ind)	       -nan(ind)	       -nan(ind)	       -nan(ind)	       -nan(ind)	       -nan(ind)	       -nan(ind)	       -nan(ind)	       -nan(ind)	       -nan(ind)	       -nan(ind)	       -nan(ind)	       -nan(ind)	       -nan(ind)	       -nan(ind)	       -nan(ind)	       -nan(ind)	       -nan(ind)	       -nan(ind)	       -nan(ind)	       -nan(ind)	       -nan(ind)	       -nan(ind)	       -nan(ind)	       -nan(ind)	       -nan(ind)	       -nan(ind)	       -nan(ind)	       -nan(ind)	       -nan(ind)	       -nan(ind)	       -nan(ind)	       -nan(ind)	       -nan(ind)	       -nan(ind)	       -nan(ind)	       -nan(ind)	       -nan(ind)	       -nan(ind)	       -nan(ind)	       -nan(ind)	       -nan(ind)	       -nan(ind)	       -nan(ind)	       -nan(ind)	       -nan(ind)	       -nan(ind)	       -nan(ind)	       -nan(ind)	       -nan(ind)	       -nan(ind)	       -nan(ind)	       -nan(ind)	       -nan(ind)	       -nan(ind)	       -nan(ind)	       -nan(ind)	       -nan(ind)	       -nan(ind)	       -nan(ind)	       -nan(ind)	       -nan(ind)	       -nan(ind)	       -nan(ind)	       -nan(ind)
      0.66666490	     -0.00000000	      0.00000000	      0.00000000	      0.00000000	      0.00000000	      0.00000000	      0.00002020	      0.00002513	     -0.00000000	     -0.00000000	     -0.00000000	     -0.00000000	      0.00002400	      0.00000057	      0.00000000	      0.00000000	      0.00000000	      0.00000000	     -0.00000000	      0.00000000	      0.00000000	      0.00000000	      0.00000000	     -0.00000312	      0.00000000	     -0.00000000	     -0.00000000	     -0.00000000	      0.00000000	      0.00001010	     -0.00000621	      0.00000152	      0.00000020	      0.00000000	      0.00002750	     -0.00000000	     -0.00000000	      0.00001019	      0.00001298	      0.00000671	     -0.25926671	     -0.35728652	     -0.18451714	     -0.10335430	     -0.25987069	     -0.21641716	      0.25789475	      0.30332111	      0.00000000	     -0.00000000	      0.00000000	      0.00000000	      0.23338457	     -0.01603395	      0.18392535	      0.14942901	     -0.06123051	      0.37200360	      0.27138540	      0.16175857	      0.25934141	      0.10433516	      0.01843723	     -0.45022218	     -0.04859740	     -0.00000000	     -0.00000000	     -0.02355631	     -0.06441000	     -0.13848880	     -0.06294621	      0.04116736	     -0.01780458	      0.00000000	      0.36060004	      0.00000000	      0.00000000	     -0.13119242	     -0.08035250	     -0.17563493	      0.00000000	     -0.00000000	     -0.00000000	      0.00000000	      0.00000000	      0.00000000	      0.00000000	     -0.00000000	     -0.00000000	     -0.00000000	     -0.22998020	     -0.13196080	     -0.12017334	     -0.16332962	     -0.11414448	     -0.16755967	      0.00244838	     -0.08249587	     -0.21318491	     -0.17286655
      0.67083156	       -nan(ind)	       -nan(ind)	       -nan(ind)	       -nan(ind)	       -nan(ind)	       -nan(ind)	       -nan(ind)	       -nan(ind)	       -nan(ind)	       -nan(ind)	       -nan(ind)	       -nan(ind)	       -nan(ind)	       -nan(ind)	       -nan(ind)	       -nan(ind)	       -nan(ind)	       -nan(ind)	       -nan(ind)	       -nan(ind)	       -nan(ind)	       -nan(ind)	       -nan(ind)	       -nan(ind)	       -nan(ind)	       -nan(ind)	       -nan(ind)	       -nan(ind)	       -nan(ind)	       -nan(ind)	       -nan(ind)	       -nan(ind)	       -nan(ind)	       -nan(ind)	       -nan(ind)	       -nan(ind)	       -nan(ind)	       -nan(ind)	       -nan(ind)	       -nan(ind)	       -nan(ind)	       -nan(ind)	       -nan(ind)	       -nan(ind)	       -nan(ind)	       -nan(ind)	       -nan(ind)	       -nan(ind)	       -nan(ind)	       -nan(ind)	       -nan(ind)	       -nan(ind)	       -nan(ind)	       -nan(ind)	       -nan(ind)	       -nan(ind)	       -nan(ind)	       -nan(ind)	       -nan(ind)	       -nan(ind)	       -nan(ind)	       -nan(ind)	       -nan(ind)	       -nan(ind)	       -nan(ind)	       -nan(ind)	       -nan(ind)	       -nan(ind)	       -nan(ind)	       -nan(ind)	       -nan(ind)	       -nan(ind)	       -nan(ind)	       -nan(ind)	       -nan(ind)	       -nan(ind)	       -nan(ind)	       -nan(ind)	       -nan(ind)	       -nan(ind)	       -nan(ind)	       -nan(ind)	       -nan(ind)	       -nan(ind)	       -nan(ind)	       -nan(ind)	       -nan(ind)	       -nan(ind)	       -nan(ind)	       -nan(ind)	       -nan(ind)	       -nan(ind)	       -nan(ind)	       -nan(ind)	       -nan(ind)	       -nan(ind)	       -nan(ind)	       -nan(ind)	       -nan(ind)	       -nan(ind)
      0.67499822	      0.00000000	      0.00000000	      0.00000000	      0.00000000	      0.00000000	     -0.00000000	     -0.00002867	     -0.00003502	      0.00000000	      0.00000000	      0.00000000	      0.00000000	     -0.00003257	     -0.00000059	      0.00000000	      0.00000000	     -0.00000000	      0.00000000	      0.00000000	      0.00000000	      0.00000000	     -0.00000000	      0.00000000	      0.00000464	      0.00000000	      0.00000000	      0.00000000	     -0.00000000	      0.00000000	     -0.00001374	      0.00000853	     -0.00000215	     -0.00000019	      0.00000000	     -0.00003766	     -0.00000000	      0.00000000	     -0.00001386	     -0.00001765	     -0.00000912	     -1.06228315	     -1.47933036	     -0.63540093	     -0.26772802	     -0.99326718	     -0.87346181	      1.02124584	      1.00467621	      0.00000000	     -0.00000000	     -0.00000000	     -0.00000000	      0.75413989	     -0.04140053	      0.86029513	      0.77797192	     -0.03139929	      1.46023448	      1.10420091	      0.68182745	      0.99157104	      0.41452207	      0.07668464	     -1.65677778	     -0.27084934	     -0.00000000	     -0.00000000	     -0.08863457	     -0.30443567	     -0.77575425	     -0.28812904	      0.33853355	      0.15834874	     -0.00000000	      1.05127500	     -0.00000000	     -0.00000000	     -0.63716980	     -0.46079991	     -0.78049961	     -0.00000000	     -0.00000000	      0.00000000	     -0.00000000	      0.00000000	      0.00000000	      0.00000000	      0.00000000	      0.00000000	     -0.00000000	     -0.86657016	     -0.50358302	     -0.44986151	     -0.61804129	     -0.44662044	     -0.65585008	     -0.12357840	     -0.30524950	     -0.84816750	     -0.73307885
      0.67916488	     -0.00000000	      0.00000000	      0.00000000	      0.00000000	      0.00000000	     -0.00000000	      0.00009256	      0.00011213	     -0.00000000	     -0.00000000	      0.00000000	     -0.00000000	      0.00010305	      0.00000157	     -0.00000000	     -0.00000000	     -0.00000000	     -0.00000000	      0.00000000	      0.00000000	      0.00000000	      0.00000000	      0.00000000	     -0.00001531	     -0.00000000	     -0.00000000	      0.00000000	      0.00000000	     -0.00000000	      0.00004350	     -0.00002713	      0.00000693	      0.00000050	     -0.00000000	      0.00011969	     -0.00000000	      0.00000000	      0.00004389	      0.00005590	      0.00002889	     -0.63738418	     -0.99474904	      0.03357841	      0.39214079	     -0.35606575	     -0.47056418	      1.30823074	      0.68208757	     -0.00000000	      0.00000000	     -0.00000000	     -0.00000000	      0.49888106	      0.16162716	      0.63040731	      0.79951075	      0.67655113	      0.56260501	      0.33383679	      0.10828757	      0.18561647	     -0.21399084	     -0.32582081	     -0.48251365	     -0.41736468	      0.00000000	      0.00000000	     -0.33247319	     -0.32159403	     -1.08662315	     -0.36602023	      0.97154082	      1.01098507	     -0.00000000	     -0.22393393	      0.00000000	      0.00000000	     -0.55955943	     -0.48739430	     -0.61000595	     -0.00000000	     -0.00000000	     -0.00000000	      0.00000000	      0.00000000	     -0.00000000	      0.00000000	      0.00000000	     -0.00000000	      0.00000000	     -0.49065080	     -0.49428661	     -0.43673613	     -0.55696320	     -0.27585510	     -0.42130241	     -0.08179855	     -0.35303669	     -0.69017229	     -0.50012449
      0.68333154	     -0.00000000	     -0.00000000	     -0.00000000	      0.00000000	     -0.00000000	      0.00000000	     -0.02423577	     -0.02912470	     -0.00000000	      0.00000000	     -0.00000000	      0.00000000	     -0.02646514	     -0.00032482	      0.00000000	     -0.00000000	      0.00000000	     -0.00000000	      0.00000000	      0.00000000	     -0.00000000	     -0.00000000	      0.00000000	      0.00409774	      0.00000000	     -0.00000000	      0.00000000	     -0.00000000	     -0.00000000	     -0.01118884	      0.00700497	     -0.00181105	     -0.00006897	     -0.00000000	     -0.03088437	     -0.00000000	     -0.00000000	     -0.01128665	     -0.01437878	     -0.00742760	     -0.11864805	     -0.05216494	     -0.52427863	     -0.61721276	     -0.38010263	     -0.18097495	     -0.53961644	      0.18834278	      0.00000000	     -0.00000000	     -0.00000000	      0.00000000	      0.17778748	     -0.24545748	     -0.13595099	     -0.37993736	     -0.82858661	      0.54212848	      0.41792372	      0.28343795	      0.61474266	      0.49037183	      0.31782242	     -0.88202865	      0.27288762	      0.00000000	      0.00000000	      0.16387750	      0.12111123	      0.71606956	      0.04899290	     -0.85979767	     -1.07291236	      0.00000000	      1.27476023	      0.00000000	      0.00000000	      0.26156898	      0.34393617	      0.17482658	     -0.00000000	      0.00000000	      0.00000000	      0.00000000	      0.00000000	      0.00000000	     -0.00000000	      0.00000000	      0.00000000	      0.00000000	     -0.30873277	     -0.02956207	     -0.02983121	     -0.04465532	     -0.08230059	     -0.11845411	      0.02974883	     -0.01113914	     -0.06883501	     -0.00722549
      0.68749820	     -0.00000000	     -0.00000000	     -0.00000000	     -0.00000000	     -0.00000000	     -0.00000000	     -0.02454949	     -0.02928182	      0.00000000	      0.00000000	      0.00000000	      0.00000000	     -0.02633133	     -0.00024746	     -0.00000000	     -0.00000000	     -0.00000000	     -0.00000000	     -0.00000000	     -0.00000000	      0.00000000	      0.00000000	      0.00000000	      0.00424142	     -0.00000000	      0.00000000	      0.00000000	     -0.00000000	     -0.00000000	     -0.01114961	      0.00700469	     -0.00183104	      0.00000662	      0.00000000	     -0.03087239	      0.00000000	      0.00000000	     -0.01124592	     -0.01433082	     -0.00739932	      0.25587903	      0.40707306	     -0.06999692	     -0.22506689	      0.10742116	      0.17428785	     -0.49831586	     -0.13782399	      0.00000000	      0.00000000	      0.00000000	     -0.00000000	     -0.08239136	     -0.08975738	     -0.33209691	     -0.42714815	     -0.39727603	     -0.18084696	     -0.14263321	     -0.08203268	     -0.01564527	      0.08662431	      0.11003373	      0.06842403	      0.20979713	      0.00000000	      0.00000000	      0.09485765	      0.14919881	      0.56935436	      0.12256831	     -0.49071158	     -0.54290474	     -0.00000000	      0.34105998	      0.00000000	      0.00000000	      0.30999196	      0.30184227	      0.30530592	      0.00000000	     -0.00000000	     -0.00000000	     -0.00000000	      0.00000000	      0.00000000	     -0.00000000	      0.00000000	     -0.00000000	     -0.00000000	      0.10830294	      0.12991580	      0.11286966	      0.15085422	      0.09110387	      0.13571878	      0.09411214	      0.08036544	      0.21686273	      0.21447118
      0.69166486	       -nan(ind)	       -nan(ind)	       -nan(ind)	       -nan(ind)	       -nan(ind)	       -nan(ind)	       -nan(ind)	       -nan(ind)	       -nan(ind)	       -nan(ind)	       -nan(ind)	       -nan(ind)	       -nan(ind)	       -nan(ind)	       -nan(ind)	       -nan(ind)	       -nan(ind)	       -nan(ind)	       -nan(ind)	       -nan(ind)	       -nan(ind)	       -nan(ind)	       -nan(ind)	       -nan(ind)	       -nan(ind)	       -nan(ind)	       -nan(ind)	       -nan(ind)	       -nan(ind)	       -nan(ind)	       -nan(ind)	       -nan(ind)	       -nan(ind)	       -nan(ind)	       -nan(ind)	       -nan(ind)	       -nan(ind)	       -nan(ind)	       -nan(ind)	       -nan(ind)	       -nan(ind)	       -nan(ind)	       -nan(ind)	       -nan(ind)	       -nan(ind)	       -nan(ind)	       -nan(ind)	       -nan(ind)	       -nan(ind)	       -nan(ind)	       -nan(ind)	       -nan(ind)	       -nan(ind)	       -nan(ind)	       -nan(ind)	       -nan(ind)	       -nan(ind)	       -nan(ind)	       -nan(ind)	       -nan(ind)	       -nan(ind)	       -nan(ind)	       -nan(ind)	       -nan(ind)	       -nan(ind)	       -nan(ind)	       -nan(ind)	       -nan(ind)	       -nan(ind)	       -nan(ind)	       -nan(ind)	       -nan(ind)	       -nan(ind)	       -nan(ind)	       -nan(ind)	       -nan(ind)	       -nan(ind)	       -nan(ind)	       -nan(ind)	       -nan(ind)	       -nan(ind)	       -nan(ind)	       -nan(ind)	       -nan(ind)	       -nan(ind)	       -nan(ind)	       -nan(ind)	       -nan(ind)	       -nan(ind)	       -nan(ind)	       -nan(ind)	       -nan(ind)	       -nan(ind)	       -nan(ind)	       -nan(ind)	       -nan(ind)	       -nan(ind)	       -nan(ind)	       -nan(ind)	       -nan(ind)
      0.69583152	     -0.00000000	      0.00000000	      0.00000000	      0.00000000	      0.00000000	      0.00000000	     -0.02506443	     -0.02949885	      0.00000000	      0.00000000	     -0.00000000	      0.00000000	     -0.02604073	     -0.00025814	      0.00000000	     -0.00000000	      0.00000000	      0.00000000	      0.00000000	      0.00000000	      0.00000000	      0.00000000	      0.00000000	      0.00451818	      0.00000000	      0.00000000	     -0.00000000	      0.00000000	      0.00000000	     -0.01106429	      0.00699036	     -0.00185559	      0.00015891	      0.00000000	     -0.03080888	      0.00000000	     -0.00000000	     -0.01115685	     -0.01422671	     -0.00733692	     -0.02652201	      0.02704056	     -0.26109312	     -0.32680727	     -0.16945284	     -0.06317708	     -0.33039216	      0.05593495	      0.00000000	      0.00000000	     -0.00000000	      0.00000000	      0.05974467	     -0.12110037	     -0.10456781	     -0.23151793	     -0.44883283	      0.21824014	      0.18011838	      0.13305886	      0.27554066	      0.25507244	      0.18133708	     -0.38822691	      0.15416926	     -0.00000000	     -0.00000000	      0.10770266	      0.07626213	      0.40213719	      0.05576543	     -0.46210983	     -0.56617842	     -0.00000000	      0.62609837	     -0.00000000	      0.00000000	      0.14969066	      0.18440296	      0.11183984	     -0.00000000	     -0.00000000	      0.00000000	     -0.00000000	      0.00000000	     -0.00000000	      0.00000000	     -0.00000000	     -0.00000000	      0.00000000	     -0.11121173	      0.02644868	      0.02139563	      0.02339115	     -0.01882358	     -0.02533478	      0.00822543	      0.02487970	      0.02076991	      0.02144286
      0.69999818	     -0.00000000	      0.00000000	      0.00000000	     -0.00000000	     -0.00000000	     -0.00000000	     -0.03787909	     -0.04431962	      0.00000000	     -0.00000000	     -0.00000000	      0.00000000	     -0.03880060	     -0.00027156	     -0.00000000	      0.00000000	      0.00000000	     -0.00000000	     -0.00000000	      0.00000000	      0.00000000	     -0.00000000	     -0.00000000	      0.00696766	      0.00000000	      0.00000000	      0.00000000	     -0.00000000	     -0.00000000	     -0.01651922	      0.01045989	     -0.00277619	      0.00034875	      0.00000000	     -0.04611380	      0.00000000	     -0.00000000	     -0.01665488	     -0.02124515	     -0.01094933	      0.29416373	      0.36956980	      0.28352822	      0.21619054	      0.33891725	      0.26550035	     -0.07272349	     -0.24672305	      0.00000000	      0.00000000	      0.00000000	      0.00000000	     -0.19362122	      0.08582427	     -0.19731822	     -0.12270447	      0.20803393	     -0.48369376	     -0.39851235	     -0.27328913	     -0.40144619	     -0.27907612	     -0.15177752	      0.62131037	     -0.00040033	      0.00000000	      0.00000000	     -0.05931069	      0.04700785	     -0.01408876	      0.07785294	      0.15441760	      0.24950317	      0.00000000	     -0.57189236	      0.00000000	      0.00000000	      0.07096153	      0.01004686	      0.12509762	     -0.00000000	     -0.00000000	     -0.00000000	     -0.00000000	     -0.00000000	      0.00000000	     -0.00000000	     -0.00000000	     -0.00000000	      0.00000000	      0.26268617	      0.09249291	      0.08274776	      0.11282122	      0.11706816	      0.17124112	      0.11611759	      0.04478475	      0.18977068	      0.18810463
      0.70416484	      0.00000000	      0.00000000	      0.00000000	      0.00000000	      0.00000000	      0.00000000	     -0.02546182	     -0.02963234	      0.00000000	      0.00000000	      0.00000000	      0.00000000	     -0.02575346	     -0.00015408	     -0.00000000	     -0.00000000	     -0.00000000	      0.00000000	     -0.00000000	     -0.00000000	      0.00000000	      0.00000000	      0.00000000	      0.00477472	      0.00000000	      0.00000000	      0.00000000	      0.00000000	      0.00000000	     -0.01098398	      0.00696805	     -0.00184799	      0.00030366	      0.00000000	     -0.03073391	      0.00000000	      0.00000000	     -0.01107251	     -0.01412924	     -0.00727723	      0.12570830	      0.17007725	      0.07119628	      0.02724268	      0.11547976	      0.10566458	     -0.10059531	     -0.09748302	     -0.00000000	     -0.00000000	      0.00000000	      0.00000000	     -0.07348466	      0.01406363	     -0.11023197	     -0.10438803	     -0.00244644	     -0.16942585	     -0.14014749	     -0.09429005	     -0.12138854	     -0.07257959	     -0.03120111	      0.19695556	      0.03224784	      0.00000000	     -0.00000000	     -0.00464803	      0.03721154	      0.07507169	      0.04857392	     -0.02608698	     -0.00527741	     -0.00000000	     -0.12577980	      0.00000000	      0.00000000	      0.06010301	      0.04018870	      0.07653239	     -0.00000000	     -0.00000000	     -0.00000000	     -0.00000000	     -0.00000000	     -0.00000000	      0.00000000	     -0.00000000	     -0.00000000	      0.00000000	      0.09404431	      0.04676174	      0.04147815	      0.05450588	      0.04818785	      0.07102050	      0.05735529	      0.02517473	      0.08897963	      0.08862943
      0.70833150	     -0.00000000	      0.00000000	     -0.00000000	     -0.00000000	     -0.00000000	      0.00000000	      0.01288084	      0.01491832	      0.00000000	      0.00000000	      0.00000000	     -0.00000000	      0.01287893	     -0.00048892	     -0.00000000	     -0.00000000	     -0.00000000	     -0.00000000	     -0.00000000	     -0.00000000	     -0.00000000	      0.00000000	     -0.00000000	     -0.00246000	      0.00000000	      0.00000000	      0.00000000	      0.00000000	     -0.00000000	      0.00550306	     -0.00349660	      0.00092615	     -0.00018664	     -0.00000000	      0.01543198	     -0.00000000	      0.00000000	      0.00554660	      0.00708025	      0.00364440	      0.05661315	      0.11721517	     -0.12267623	     -0.19001481	     -0.03892078	      0.02336938	     -0.28137571	     -0.04158775	      0.00000000	     -0.00000000	      0.00000000	      0.00000000	     -0.02268380	     -0.06476383	     -0.13413843	     -0.21120994	     -0.28957036	      0.03063806	      0.02734154	      0.02773469	      0.09620324	      0.11702962	      0.09734918	     -0.11342990	      0.11580013	     -0.00000000	      0.00000000	      0.06776946	      0.07043912	      0.28355463	      0.07200954	     -0.30023213	     -0.35024669	     -0.00000000	      0.29113542	     -0.00000000	     -0.00000000	      0.11637914	      0.12387531	      0.10579609	      0.00000000	     -0.00000000	     -0.00000000	     -0.00000000	      0.00000000	      0.00000000	     -0.00000000	     -0.00000000	     -0.00000000	      0.00000000	     -0.00865396	      0.05038107	      0.04338400	      0.05296225	      0.01969460	      0.03044285	      0.03707441	      0.03538337	      0.07303310	      0.06559349
      0.71249816	     -0.00000000	     -0.00000000	     -0.00000000	     -0.00000000	     -0.00000000	     -0.00000000	     -0.00000000	      0.00000000	     -0.00000000	     -0.00000000	      0.00000000	      0.00000000	     -0.00000000	     -0.00199615	     -0.00000000	     -0.00000000	     -0.00000000	     -0.00000000	     -0.00000000	     -0.00000000	     -0.00000000	      0.00000000	     -0.00000000	     -0.00000000	     -0.00000000	     -0.00000000	     -0.00000000	     -0.00000000	      0.00000000	     -0.00000000	      0.00000000	      0.00000000	     -0.00000000	     -0.00000000	      0.00000000	     -0.00000000	      0.00000000	      0.00000000	     -0.00000000	     -0.00000000	     -0.39148795	     -0.27341802	     -1.18127845	     -1.32808941	     -0.92845751	     -0.49588715	     -0.94330514	      0.58006076	      0.00000000	      0.00000000	      0.00000000	      0.00000000	      0.51822151	     -0.49701614	     -0.26776534	     -0.77404907	     -1.84093050	      1.19256814	      0.93790733	      0.63763240	      1.33832917	      1.11648821	      0.72975014	     -1.95720253	      0.54569289	      0.00000000	     -0.00000000	      0.36412380	      0.21998570	      1.44425630	      0.03961584	     -1.72662638	     -2.18835835	     -0.00000000	      2.84383812	      0.00000000	     -0.00000000	      0.50476341	      0.70067462	      0.30289633	      0.00000000	      0.00000000	     -0.00000000	     -0.00000000	     -0.00000000	      0.00000000	      0.00000000	      0.00000000	      0.00000000	     -0.00000000	     -0.72259567	     -0.07796458	     -0.07885665	     -0.10247297	     -0.18324024	     -0.26982404	     -0.10668926	     -0.03309659	     -0.17283225	     -0.11036942
      0.71666482	       -nan(ind)	       -nan(ind)	       -nan(ind)	       -nan(ind)	       -nan(ind)	       -nan(ind)	       -nan(ind)	       -nan(ind)	       -nan(ind)	       -nan(ind)	       -nan(ind)	       -nan(ind)	       -nan(ind)	       -nan(ind)	       -nan(ind)	       -nan(ind)	       -nan(ind)	       -nan(ind)	       -nan(ind)	       -nan(ind)	       -nan(ind)	       -nan(ind)	       -nan(ind)	       -nan(ind)	       -nan(ind)	       -nan(ind)	       -nan(ind)	       -nan(ind)	       -nan(ind)	       -nan(ind)	       -nan(ind)	       -nan(ind)	       -nan(ind)	       -nan(ind)	       -nan(ind)	       -nan(ind)	       -nan(ind)	       -nan(ind)	       -nan(ind)	       -nan(ind)	       -nan(ind)	       -nan(ind)	       -nan(ind)	       -nan(ind)	       -nan(ind)	       -nan(ind)	       -nan(ind)	       -nan(ind)	       -nan(ind)	       -nan(ind)	       -nan(ind)	       -nan(ind)	       -nan(ind)	       -nan(ind)	       -nan(ind)	       -nan(ind)	       -nan(ind)	       -nan(ind)	       -nan(ind)	       -nan(ind)	       -nan(ind)	       -nan(ind)	       -nan(ind)	       -nan(ind)	       -nan(ind)	       -nan(ind)	       -nan(ind)	       -nan(ind)	       -nan(ind)	       -nan(ind)	       -nan(ind)	       -nan(ind)	       -nan(ind)	       -nan(ind)	       -nan(ind)	       -nan(ind)	       -nan(ind)	       -nan(ind)	       -nan(ind)	       -nan(ind)	       -nan(ind)	       -nan(ind)	       -nan(ind)	       -nan(ind)	       -nan(ind)	       -nan(ind)	       -nan(ind)	       -nan(ind)	       -nan(ind)	       -nan(ind)	       -nan(ind)	       -nan(ind)	       -nan(ind)	       -nan(ind)	       -nan(ind)	       -nan(ind)	       -nan(ind)	       -nan(ind)	       -nan(ind)	       -nan(ind)
      0.72083148	       -nan(ind)	       -nan(ind)	       -nan(ind)	       -nan(ind)	       -nan(ind)	       -nan(ind)	       -nan(ind)	       -nan(ind)	       -nan(ind)	       -nan(ind)	       -nan(ind)	       -nan(ind)	       -nan(ind)	       -nan(ind)	       -nan(ind)	       -nan(ind)	       -nan(ind)	       -nan(ind)	       -nan(ind)	       -nan(ind)	       -nan(ind)	       -nan(ind)	       -nan(ind)	       -nan(ind)	       -nan(ind)	       -nan(ind)	       -nan(ind)	       -nan(ind)	       -nan(ind)	       -nan(ind)	       -nan(ind)	       -nan(ind)	       -nan(ind)	       -nan(ind)	       -nan(ind)	       -nan(ind)	       -nan(ind)	       -nan(ind)	       -nan(ind)	       -nan(ind)	       -nan(ind)	       -nan(ind)	       -nan(ind)	       -nan(ind)	       -nan(ind)	       -nan(ind)	       -nan(ind)	       -nan(ind)	       -nan(ind)	       -nan(ind)	       -nan(ind)	       -nan(ind)	       -nan(ind)	       -nan(ind)	       -nan(ind)	       -nan(ind)	       -nan(ind)	       -nan(ind)	       -nan(ind)	       -nan(ind)	       -nan(ind)	       -nan(ind)	       -nan(ind)	       -nan(ind)	       -nan(ind)	       -nan(ind)	       -nan(ind)	       -nan(ind)	       -nan(ind)	       -nan(ind)	       -nan(ind)	       -nan(ind)	       -nan(ind)	       -nan(ind)	       -nan(ind)	       -nan(ind)	       -nan(ind)	       -nan(ind)	       -nan(ind)	       -nan(ind)	       -nan(ind)	       -nan(ind)	       -nan(ind)	       -nan(ind)	       -nan(ind)	       -nan(ind)	       -nan(ind)	       -nan(ind)	       -nan(ind)	       -nan(ind)	       -nan(ind)	       -nan(ind)	       -nan(ind)	       -nan(ind)	       -nan(ind)	       -nan(ind)	       -nan(ind)	       -nan(ind)	       -nan(ind)	       -nan(ind)
      0.72499814	      0.00000000	     -0.00000000	      0.00000000	     -0.00000000	     -0.00000000	      0.00000000	     -0.01303502	     -0.01487318	      0.00000000	      0.00000000	     -0.00000000	      0.00000000	     -0.01257997	      0.00101784	      0.00000000	      0.00000000	     -0.00000000	      0.00000000	      0.00000000	      0.00000000	     -0.00000000	     -0.00000000	      0.00000000	      0.00264981	      0.00000000	     -0.00000000	     -0.00000000	     -0.00000000	     -0.00000000	     -0.00540846	      0.00345211	     -0.00090717	      0.00030123	      0.00000000	     -0.01529094	     -0.00000000	     -0.00000000	     -0.00544867	     -0.00696311	     -0.00357688	      0.00909739	     -0.04174736	      0.20433531	      0.25981736	      0.12603472	      0.04033229	      0.25954556	     -0.05498478	      0.00000000	      0.00000000	      0.00000000	      0.00000000	     -0.05624863	      0.09298713	      0.12223035	      0.22836963	      0.39501131	     -0.14878343	     -0.11454902	     -0.08104519	     -0.20859447	     -0.19018504	     -0.13476362	      0.27891483	     -0.13376243	     -0.00000000	     -0.00000000	     -0.07498839	     -0.06924453	     -0.32940930	     -0.03714460	      0.36726003	      0.44834418	      0.00000000	     -0.49861537	     -0.00000000	      0.00000000	     -0.12689490	     -0.15540343	     -0.09655843	      0.00000000	      0.00000000	     -0.00000000	      0.00000000	     -0.00000000	     -0.00000000	      0.00000000	     -0.00000000	      0.00000000	     -0.00000000	      0.09038423	     -0.01770526	     -0.01388709	     -0.01618898	      0.00737462	      0.01107180	     -0.01243396	     -0.01355644	     -0.02257028	     -0.02906070
      0.72916480	       -nan(ind)	       -nan(ind)	       -nan(ind)	       -nan(ind)	       -nan(ind)	       -nan(ind)	       -nan(ind)	       -nan(ind)	       -nan(ind)	       -nan(ind)	       -nan(ind)	       -nan(ind)	       -nan(ind)	       -nan(ind)	       -nan(ind)	       -nan(ind)	       -nan(ind)	       -nan(ind)	       -nan(ind)	       -nan(ind)	       -nan(ind)	       -nan(ind)	       -nan(ind)	       -nan(ind)	       -nan(ind)	       -nan(ind)	       -nan(ind)	       -nan(ind)	       -nan(ind)	       -nan(ind)	       -nan(ind)	       -nan(ind)	       -nan(ind)	       -nan(ind)	       -nan(ind)	       -nan(ind)	       -nan(ind)	       -nan(ind)	       -nan(ind)	       -nan(ind)	       -nan(ind)	       -nan(ind)	       -nan(ind)	       -nan(ind)	       -nan(ind)	       -nan(ind)	       -nan(ind)	       -nan(ind)	       -nan(ind)	       -nan(ind)	       -nan(ind)	       -nan(ind)	       -nan(ind)	       -nan(ind)	       -nan(ind)	       -nan(ind)	       -nan(ind)	       -nan(ind)	       -nan(ind)	       -nan(ind)	       -nan(ind)	       -nan(ind)	       -nan(ind)	       -nan(ind)	       -nan(ind)	       -nan(ind)	       -nan(ind)	       -nan(ind)	       -nan(ind)	       -nan(ind)	       -nan(ind)	       -nan(ind)	       -nan(ind)	       -nan(ind)	       -nan(ind)	       -nan(ind)	       -nan(ind)	       -nan(ind)	       -nan(ind)	       -nan(ind)	       -nan(ind)	       -nan(ind)	       -nan(ind)	       -nan(ind)	       -nan(ind)	       -nan(ind)	       -nan(ind)	       -nan(ind)	       -nan(ind)	       -nan(ind)	       -nan(ind)	       -nan(ind)	       -nan(ind)	       -nan(ind)	       -nan(ind)	       -nan(ind)	       -nan(ind)	       -nan(ind)	       -nan(ind)	       -nan(ind)
      0.73333146	      0.00000000	     -0.00000000	     -0.00000000	     -0.00000000	      0.00000000	     -0.00000000	     -0.00005847	     -0.00006636	      0.00000000	      0.00000000	      0.00000000	      0.00000000	     -0.00005575	      0.00004108	     -0.00000000	      0.00000000	     -0.00000000	      0.00000000	     -0.00000000	      0.00000000	      0.00000000	      0.00000000	     -0.00000000	      0.00001219	     -0.00000000	     -0.00000000	     -0.00000000	     -0.00000000	      0.00000000	     -0.00002401	      0.00001535	     -0.00000402	      0.00000155	     -0.00000000	     -0.00006816	      0.00000000	      0.00000000	     -0.00002419	     -0.00003092	     -0.00001587	     -0.04746052	     -0.05549931	     -0.04961537	     -0.04095458	     -0.05696503	     -0.04300002	      0.02829514	      0.06758726	     -0.00000000	      0.00000000	      0.00000000	     -0.00000000	      0.05546601	     -0.01535229	      0.02789047	      0.01438519	     -0.04450097	      0.07257668	      0.06522292	      0.04886956	      0.06324095	      0.05358951	      0.03533315	     -0.10466527	      0.00301470	     -0.00000000	      0.00000000	      0.01952109	     -0.00546695	      0.02571516	     -0.02021070	     -0.03376140	     -0.05254733	      0.00000000	      0.13320141	      0.00000000	     -0.00000000	      0.00622282	      0.01916168	     -0.00673164	     -0.00000000	     -0.00000000	     -0.00000000	     -0.00000000	      0.00000000	      0.00000000	      0.00000000	     -0.00000000	      0.00000000	      0.00000000	     -0.03486470	     -0.00391801	     -0.00423097	     -0.00559318	     -0.01501988	     -0.02281469	     -0.02677921	      0.00186970	     -0.01826207	     -0.02953788
      0.73749812	      0.00000000	      0.00000000	     -0.00000000	      0.00000000	      0.00000000	      0.00000000	      0.00001062	      0.00001202	     -0.00000000	     -0.00000000	     -0.00000000	     -0.00000000	      0.00001008	      0.00099695	     -0.00000000	      0.00000000	      0.00000000	      0.00000000	      0.00000000	     -0.00000000	      0.00000000	      0.00000000	      0.00000000	     -0.00000224	     -0.00000000	      0.00000000	     -0.00000000	      0.00000000	     -0.00000000	      0.00000434	     -0.00000278	      0.00000072	     -0.00000030	     -0.00000000	      0.00001234	     -0.00000000	     -0.00000000	      0.00000437	      0.00000559	      0.00000287	     -0.08367095	     -0.14407107	      0.08037901	      0.14463511	     -0.00163323	     -0.04969871	      0.30491920	      0.11448658	     -0.00000000	      0.00000000	     -0.00000000	      0.00000000	      0.08584250	      0.05135993	      0.15887392	      0.22975728	      0.26520072	      0.00902018	      0.02183579	      0.01705391	     -0.06239816	     -0.06499944	     -0.05252869	      0.02431639	     -0.11222564	      0.00000000	     -0.00000000	     -0.03134170	     -0.07280736	     -0.21751821	     -0.07411660	      0.25051205	      0.28040671	     -0.00000000	     -0.13725333	      0.00000000	      0.00000000	     -0.08085901	     -0.07789092	     -0.08408574	     -0.00000000	      0.00000000	      0.00000000	      0.00000000	     -0.00000000	     -0.00000000	      0.00000000	      0.00000000	      0.00000000	      0.00000000	      0.00480163	     -0.03116426	     -0.02762315	     -0.03265229	     -0.02501846	     -0.03825220	     -0.06105906	     -0.01562930	     -0.06200893	     -0.08290605
      0.74166478	       -nan(ind)	       -nan(ind)	       -nan(ind)	       -nan(ind)	       -nan(ind)	       -nan(ind)	       -nan(ind)	       -nan(ind)	       -nan(ind)	       -nan(ind)	       -nan(ind)	       -nan(ind)	       -nan(ind)	       -nan(ind)	       -nan(ind)	       -nan(ind)	       -nan(ind)	       -nan(ind)	       -nan(ind)	       -nan(ind)	       -nan(ind)	       -nan(ind)	       -nan(ind)	       -nan(ind)	       -nan(ind)	       -nan(ind)	       -nan(ind)	       -nan(ind)	       -nan(ind)	       -nan(ind)	       -nan(ind)	       -nan(ind)	       -nan(ind)	       -nan(ind)	       -nan(ind)	       -nan(ind)	       -nan(ind)	       -nan(ind)	       -nan(ind)	       -nan(ind)	       -nan(ind)	       -nan(ind)	       -nan(ind)	       -nan(ind)	       -nan(ind)	       -nan(ind)	       -nan(ind)	       -nan(ind)	       -nan(ind)	       -nan(ind)	       -nan(ind)	       -nan(ind)	       -nan(ind)	       -nan(ind)	       -nan(ind)	       -nan(ind)	       -nan(ind)	       -nan(ind)	       -nan(ind)	       -nan(ind)	       -nan(ind)	       -nan(ind)	       -nan(ind)	       -nan(ind)	       -nan(ind)	       -nan(ind)	       -nan(ind)	       -nan(ind)	       -nan(ind)	       -nan(ind)	       -nan(ind)	       -nan(ind)	       -nan(ind)	       -nan(ind)	       -nan(ind)	       -nan(ind)	       -nan(ind)	       -nan(ind)	       -nan(ind)	       -nan(ind)	       -nan(ind)	       -nan(ind)	       -nan(ind)	       -nan(ind)	       -nan(ind)	       -nan(ind)	       -nan(ind)	       -nan(ind)	       -nan(ind)	       -nan(ind)	       -nan(ind)	       -nan(ind)	       -nan(ind)	       -nan(ind)	       -nan(ind)	       -nan(ind)	       -nan(ind)	       -nan(ind)	       -nan(ind)	       -nan(ind)
      0.74583144	       -nan(ind)	       -nan(ind)	       -nan(ind)	       -nan(ind)	       -nan(ind)	       -nan(ind)	       -nan(ind)	       -nan(ind)	       -nan(ind)	       -nan(ind)	       -nan(ind)	       -nan(ind)	       -nan(ind)	       -nan(ind)	       -nan(ind)	       -nan(ind)	       -nan(ind)	       -nan(ind)	       -nan(ind)	       -nan(ind)	       -nan(ind)	       -nan(ind)	       -nan(ind)	       -nan(ind)	       -nan(ind)	       -nan(ind)	       -nan(ind)	       -nan(ind)	       -nan(ind)	       -nan(ind)	       -nan(ind)	       -nan(ind)	       -nan(ind)	       -nan(ind)	       -nan(ind)	       -nan(ind)	       -nan(ind)	       -nan(ind)	       -nan(ind)	       -nan(ind)	       -nan(ind)	       -nan(ind)	       -nan(ind)	       -nan(ind)	       -nan(ind)	       -nan(ind)	       -nan(ind)	       -nan(ind)	       -nan(ind)	       -nan(ind)	       -nan(ind)	       -nan(ind)	       -nan(ind)	       -nan(ind)	       -nan(ind)	       -nan(ind)	       -nan(ind)	       -nan(ind)	       -nan(ind)	       -nan(ind)	       -nan(ind)	       -nan(ind)	       -nan(ind)	       -nan(ind)	       -nan(ind)	       -nan(ind)	       -nan(ind)	       -nan(ind)	       -nan(ind)	       -nan(ind)	       -nan(ind)	       -nan(ind)	       -nan(ind)	       -nan(ind)	       -nan(ind)	       -nan(ind)	       -nan(ind)	       -nan(ind)	       -nan(ind)	       -nan(ind)	       -nan(ind)	       -nan(ind)	       -nan(ind)	       -nan(ind)	       -nan(ind)	       -nan(ind)	       -nan(ind)	       -nan(ind)	       -nan(ind)	       -nan(ind)	       -nan(ind)	       -nan(ind)	       -nan(ind)	       -nan(ind)	       -nan(ind)	       -nan(ind)	       -nan(ind)	       -nan(ind)	       -nan(ind)	       -nan(ind)
      0.74999810	       -nan(ind)	       -nan(ind)	       -nan(ind)	       -nan(ind)	       -nan(ind)	       -nan(ind)	       -nan(ind)	       -nan(ind)	       -nan(ind)	       -nan(ind)	       -nan(ind)	       -nan(ind)	       -nan(ind)	       -nan(ind)	       -nan(ind)	       -nan(ind)	       -nan(ind)	       -nan(ind)	       -nan(ind)	       -nan(ind)	       -nan(ind)	       -nan(ind)	       -nan(ind)	       -nan(ind)	       -nan(ind)	       -nan(ind)	       -nan(ind)	       -nan(ind)	       -nan(ind)	       -nan(ind)	       -nan(ind)	       -nan(ind)	       -nan(ind)	       -nan(ind)	       -nan(ind)	       -nan(ind)	       -nan(ind)	       -nan(ind)	       -nan(ind)	       -nan(ind)	       -nan(ind)	       -nan(ind)	       -nan(ind)	       -nan(ind)	       -nan(ind)	       -nan(ind)	       -nan(ind)	       -nan(ind)	       -nan(ind)	       -nan(ind)	       -nan(ind)	       -nan(ind)	       -nan(ind)	       -nan(ind)	       -nan(ind)	       -nan(ind)	       -nan(ind)	       -nan(ind)	       -nan(ind)	       -nan(ind)	       -nan(ind)	       -nan(ind)	       -nan(ind)	       -nan(ind)	       -nan(ind)	       -nan(ind)	       -nan(ind)	       -nan(ind)	       -nan(ind)	       -nan(ind)	       -nan(ind)	       -nan(ind)	       -nan(ind)	       -nan(ind)	       -nan(ind)	       -nan(ind)	       -nan(ind)	       -nan(ind)	       -nan(ind)	       -nan(ind)	       -nan(ind)	       -nan(ind)	       -nan(ind)	       -nan(ind)	       -nan(ind)	       -nan(ind)	       -nan(ind)	       -nan(ind)	       -nan(ind)	       -nan(ind)	       -nan(ind)	       -nan(ind)	       -nan(ind)	       -nan(ind)	       -nan(ind)	       -nan(ind)	       -nan(ind)	       -nan(ind)	       -nan(ind)	       -nan(ind)
      0.75416476	       -nan(ind)	       -nan(ind)	       -nan(ind)	       -nan(ind)	       -nan(ind)	       -nan(ind)	       -nan(ind)	       -nan(ind)	       -nan(ind)	       -nan(ind)	       -nan(ind)	       -nan(ind)	       -nan(ind)	       -nan(ind)	       -nan(ind)	       -nan(ind)	       -nan(ind)	       -nan(ind)	       -nan(ind)	       -nan(ind)	       -nan(ind)	       -nan(ind)	       -nan(ind)	       -nan(ind)	       -nan(ind)	       -nan(ind)	       -nan(ind)	       -nan(ind)	       -nan(ind)	       -nan(ind)	       -nan(ind)	       -nan(ind)	       -nan(ind)	       -nan(ind)	       -nan(ind)	       -nan(ind)	       -nan(ind)	       -nan(ind)	       -nan(ind)	       -nan(ind)	       -nan(ind)	       -nan(ind)	       -nan(ind)	       -nan(ind)	       -nan(ind)	       -nan(ind)	       -nan(ind)	       -nan(ind)	       -nan(ind)	       -nan(ind)	       -nan(ind)	       -nan(ind)	       -nan(ind)	       -nan(ind)	       -nan(ind)	       -nan(ind)	       -nan(ind)	       -nan(ind)	       -nan(ind)	       -nan(ind)	       -nan(ind)	       -nan(ind)	       -nan(ind)	       -nan(ind)	       -nan(ind)	       -nan(ind)	       -nan(ind)	       -nan(ind)	       -nan(ind)	       -nan(ind)	       -nan(ind)	       -nan(ind)	       -nan(ind)	       -nan(ind)	       -nan(ind)	       -nan(ind)	       -nan(ind)	       -nan(ind)	       -nan(ind)	       -nan(ind)	       -nan(ind)	       -nan(ind)	       -nan(ind)	       -nan(ind)	       -nan(ind)	       -nan(ind)	       -nan(ind)	       -nan(ind)	       -nan(ind)	       -nan(ind)	       -nan(ind)	       -nan(ind)	       -nan(ind)	       -nan(ind)	       -nan(ind)	       -nan(ind)	       -nan(ind)	       -nan(ind)	       -nan(ind)	       -nan(ind)
      0.75833142	       -nan(ind)	       -nan(ind)	       -nan(ind)	       -nan(ind)	       -nan(ind)	       -nan(ind)	       -nan(ind)	       -nan(ind)	       -nan(ind)	       -nan(ind)	       -nan(ind)	       -nan(ind)	       -nan(ind)	       -nan(ind)	       -nan(ind)	       -nan(ind)	       -nan(ind)	       -nan(ind)	       -nan(ind)	       -nan(ind)	       -nan(ind)	       -nan(ind)	       -nan(ind)	       -nan(ind)	       -nan(ind)	       -nan(ind)	       -nan(ind)	       -nan(ind)	       -nan(ind)	       -nan(ind)	       -nan(ind)	       -nan(ind)	       -nan(ind)	       -nan(ind)	       -nan(ind)	       -nan(ind)	       -nan(ind)	       -nan(ind)	       -nan(ind)	       -nan(ind)	       -nan(ind)	       -nan(ind)	       -nan(ind)	       -nan(ind)	       -nan(ind)	       -nan(ind)	       -nan(ind)	       -nan(ind)	       -nan(ind)	       -nan(ind)	       -nan(ind)	       -nan(ind)	       -nan(ind)	       -nan(ind)	       -nan(ind)	       -nan(ind)	       -nan(ind)	       -nan(ind)	       -nan(ind)	       -nan(ind)	       -nan(ind)	       -nan(ind)	       -nan(ind)	       -nan(ind)	       -nan(ind)	       -nan(ind)	       -nan(ind)	       -nan(ind)	       -nan(ind)	       -nan(ind)	       -nan(ind)	       -nan(ind)	       -nan(ind)	       -nan(ind)	       -nan(ind)	       -nan(ind)	       -nan(ind)	       -nan(ind)	       -nan(ind)	       -nan(ind)	       -nan(ind)	       -nan(ind)	       -nan(ind)	       -nan(ind)	       -nan(ind)	       -nan(ind)	       -nan(ind)	       -nan(ind)	       -nan(ind)	       -nan(ind)	       -nan(ind)	       -nan(ind)	       -nan(ind)	       -nan(ind)	       -nan(ind)	       -nan(ind)	       -nan(ind)	       -nan(ind)	       -nan(ind)	       -nan(ind)
      0.76249808	      0.00000000	      0.00000000	     -0.00000000	     -0.00000000	     -0.00000000	      0.00000000	     -0.02636494	     -0.02958052	     -0.00000000	     -0.00000000	     -0.00000000	     -0.00000000	     -0.02456084	      0.00312247	     -0.00000000	     -0.00000000	     -0.00000000	      0.00000000	     -0.00000000	      0.00000000	      0.00000000	     -0.00000000	      0.00000000	      0.00583803	      0.00000000	     -0.00000000	     -0.00000000	      0.00000000	     -0.00000000	     -0.01060002	      0.00679857	     -0.00175413	      0.00089923	     -0.00000000	     -0.03041375	     -0.00000000	     -0.00000000	     -0.01067313	     -0.01365846	     -0.00699982	     -0.14009197	     -0.24578171	      0.15261396	      0.26063054	      0.00696937	     -0.08066679	      0.40323963	      0.03106281	     -0.00000000	     -0.00000000	     -0.00000000	      0.00000000	      0.00974106	      0.10466933	      0.28847124	      0.44105093	      0.52934643	     -0.03095467	      0.00785279	      0.01040362	     -0.16423277	     -0.13843195	     -0.09952033	      0.10259427	     -0.21958963	     -0.00000000	      0.00000000	     -0.04803236	     -0.14097219	     -0.44082781	     -0.04432774	      0.45343037	      0.52232739	      0.00000000	     -0.44700116	      0.00000000	      0.00000000	     -0.19648639	     -0.21782465	     -0.17647358	      0.00000000	      0.00000000	      0.00000000	      0.00000000	      0.00000000	      0.00000000	     -0.00000000	      0.00000000	      0.00000000	      0.00000000	      0.03476397	     -0.04440928	     -0.03986354	     -0.04450799	     -0.03842265	     -0.05852952	     -0.10606003	     -0.02076047	     -0.09135486	     -0.14626204
      0.76666474	       -nan(ind)	       -nan(ind)	       -nan(ind)	       -nan(ind)	       -nan(ind)	       -nan(ind)	       -nan(ind)	       -nan(ind)	       -nan(ind)	       -nan(ind)	       -nan(ind)	       -nan(ind)	       -nan(ind)	       -nan(ind)	       -nan(ind)	       -nan(ind)	       -nan(ind)	       -nan(ind)	       -nan(ind)	       -nan(ind)	       -nan(ind)	       -nan(ind)	       -nan(ind)	       -nan(ind)	       -nan(ind)	       -nan(ind)	       -nan(ind)	       -nan(ind)	       -nan(ind)	       -nan(ind)	       -nan(ind)	       -nan(ind)	       -nan(ind)	       -nan(ind)	       -nan(ind)	       -nan(ind)	       -nan(ind)	       -nan(ind)	       -nan(ind)	       -nan(ind)	       -nan(ind)	       -nan(ind)	       -nan(ind)	       -nan(ind)	       -nan(ind)	       -nan(ind)	       -nan(ind)	       -nan(ind)	       -nan(ind)	       -nan(ind)	       -nan(ind)	       -nan(ind)	       -nan(ind)	       -nan(ind)	       -nan(ind)	       -nan(ind)	       -nan(ind)	       -nan(ind)	       -nan(ind)	       -nan(ind)	       -nan(ind)	       -nan(ind)	       -nan(ind)	       -nan(ind)	       -nan(ind)	       -nan(ind)	       -nan(ind)	       -nan(ind)	       -nan(ind)	       -nan(ind)	       -nan(ind)	       -nan(ind)	       -nan(ind)	       -nan(ind)	       -nan(ind)	       -nan(ind)	       -nan(ind)	       -nan(ind)	       -nan(ind)	       -nan(ind)	       -nan(ind)	       -nan(ind)	       -nan(ind)	       -nan(ind)	       -nan(ind)	       -nan(ind)	       -nan(ind)	       -nan(ind)	       -nan(ind)	       -nan(ind)	       -nan(ind)	       -nan(ind)	       -nan(ind)	       -nan(ind)	       -nan(ind)	       -nan(ind)	       -nan(ind)	       -nan(ind)	       -nan(ind)	       -nan(ind)
      0.77083140	     -0.00000000	     -0.00000000	     -0.00000000	     -0.00000000	     -0.00000000	     -0.00000000	     -0.00439036	     -0.00491595	     -0.00000000	      0.00000000	      0.00000000	      0.00000000	     -0.00407368	     -0.00175438	     -0.00000000	     -0.00000000	      0.00000000	     -0.00000000	     -0.00000000	      0.00000000	     -0.00000000	     -0.00000000	      0.00000000	      0.00098307	     -0.00000000	      0.00000000	      0.00000000	      0.00000000	     -0.00000000	     -0.00175938	      0.00112873	     -0.00029036	      0.00015530	      0.00000000	     -0.00505885	      0.00000000	      0.00000000	     -0.00177138	     -0.00226727	     -0.00116159	      0.06709253	      0.12581264	     -0.10487096	     -0.16188322	     -0.02283315	      0.02950475	     -0.18755575	      0.05519588	      0.00000000	     -0.00000000	      0.00000000	      0.00000000	      0.05587177	     -0.07280435	     -0.19134839	     -0.28677475	     -0.34927595	      0.04414272	     -0.00185200	     -0.01906419	      0.12614447	      0.08569608	      0.04910182	     -0.11695928	      0.13883976	      0.00000000	     -0.00000000	      0.00573329	      0.08477612	      0.28416801	     -0.01415284	     -0.28109856	     -0.33287447	     -0.00000000	      0.36087860	     -0.00000000	     -0.00000000	      0.13777770	      0.16272583	      0.11337308	      0.00000000	      0.00000000	     -0.00000000	     -0.00000000	     -0.00000000	      0.00000000	     -0.00000000	     -0.00000000	      0.00000000	      0.00000000	     -0.06822130	     -0.01215292	     -0.01082059	     -0.01270977	      0.01172237	      0.01470131	      0.06240147	     -0.02072366	      0.01482067	      0.07903566
      0.77499806	      0.00000000	      0.00000000	     -0.00000000	      0.00000000	     -0.00000000	      0.00000000	     -0.01313418	     -0.01469378	      0.00000000	      0.00000000	      0.00000000	      0.00000000	     -0.01312828	      0.01181151	     -0.00000000	      0.00000000	      0.00000000	      0.00000000	      0.00000000	      0.00000000	      0.00000000	      0.00000000	     -0.00000000	      0.00295546	      0.00000000	      0.00000000	      0.00000000	     -0.00000000	      0.00000000	     -0.00525625	      0.00337242	     -0.00086633	      0.00047187	     -0.00000000	     -0.01512774	      0.00000000	      0.00000000	     -0.00529194	     -0.00677395	     -0.00346998	      0.11359850	     -0.11023601	      0.96054494	      1.13355360	      0.64407392	      0.28434858	      1.13714918	     -0.37360571	     -0.00000000	     -0.00000000	      0.00000000	      0.00000000	     -0.35186652	      0.53897927	      0.93608000	      1.52127165	      2.30800522	     -0.84245633	     -0.41405146	     -0.11925736	     -1.21269208	     -0.79772261	     -0.41642477	      1.45642705	     -0.76156575	     -0.00000000	     -0.00000000	     -0.00985925	     -0.38797529	     -1.42725676	      0.23582231	      1.73467740	      2.12533480	     -0.00000000	     -2.43374344	     -0.00000000	     -0.00000000	     -0.55899272	     -0.75283926	     -0.38062027	     -0.00000000	     -0.00000000	     -0.00000000	     -0.00000000	      0.00000000	      0.00000000	      0.00000000	     -0.00000000	     -0.00000000	      0.00000000	      0.90603117	      0.34846155	      0.32069197	      0.36161729	      0.11274799	      0.21794204	     -0.11999725	      0.31803240	      0.30441977	     -0.13301719
      0.77916472	      0.00000000	      0.00000000	      0.00000000	     -0.00000000	      0.00000000	      0.00000000	     -0.01314642	     -0.01469615	      0.00000000	      0.00000000	     -0.00000000	     -0.00000000	     -0.01259516	      0.00392092	      0.00000000	     -0.00000000	      0.00000000	      0.00000000	      0.00000000	      0.00000000	     -0.00000000	     -0.00000000	      0.00000000	      0.00297135	      0.00000000	     -0.00000000	      0.00000000	      0.00000000	     -0.00000000	     -0.00525509	      0.00337180	     -0.00086507	      0.00047879	     -0.00000000	     -0.01513684	     -0.00000000	     -0.00000000	     -0.00529061	     -0.00677277	     -0.00346893	     -0.26275299	     -0.39833164	      0.07977346	      0.22175615	     -0.10948324	     -0.18125931	      0.49923689	      0.12979378	     -0.00000000	     -0.00000000	     -0.00000000	     -0.00000000	      0.08901065	      0.10843918	      0.41147873	      0.58016037	      0.56274517	      0.08165546	      0.13229436	      0.11421625	     -0.10035633	     -0.06039116	     -0.03606097	     -0.04975674	     -0.27097184	     -0.00000000	     -0.00000000	      0.00405482	     -0.18776955	     -0.47917316	     -0.04469847	      0.47837425	      0.52766939	     -0.00000000	     -0.32117414	     -0.00000000	     -0.00000000	     -0.23004344	     -0.24159769	     -0.22355603	     -0.00000000	     -0.00000000	      0.00000000	      0.00000000	      0.00000000	     -0.00000000	      0.00000000	     -0.00000000	     -0.00000000	      0.00000000	     -0.00141201	     -0.03451359	     -0.03387042	     -0.03581866	     -0.06880400	     -0.10559560	     -0.18651162	      0.00094432	     -0.11550799	     -0.23544813
      0.78333138	       -nan(ind)	       -nan(ind)	       -nan(ind)	       -nan(ind)	       -nan(ind)	       -nan(ind)	       -nan(ind)	       -nan(ind)	       -nan(ind)	       -nan(ind)	       -nan(ind)	       -nan(ind)	       -nan(ind)	       -nan(ind)	       -nan(ind)	       -nan(ind)	       -nan(ind)	       -nan(ind)	       -nan(ind)	       -nan(ind)	       -nan(ind)	       -nan(ind)	       -nan(ind)	       -nan(ind)	       -nan(ind)	       -nan(ind)	       -nan(ind)	       -nan(ind)	       -nan(ind)	       -nan(ind)	       -nan(ind)	       -nan(ind)	       -nan(ind)	       -nan(ind)	       -nan(ind)	       -nan(ind)	       -nan(ind)	       -nan(ind)	       -nan(ind)	       -nan(ind)	       -nan(ind)	       -nan(ind)	       -nan(ind)	       -nan(ind)	       -nan(ind)	       -nan(ind)	       -nan(ind)	       -nan(ind)	       -nan(ind)	       -nan(ind)	       -nan(ind)	       -nan(ind)	       -nan(ind)	       -nan(ind)	       -nan(ind)	       -nan(ind)	       -nan(ind)	       -nan(ind)	       -nan(ind)	       -nan(ind)	       -nan(ind)	       -nan(ind)	       -nan(ind)	       -nan(ind)	       -nan(ind)	       -nan(ind)	       -nan(ind)	       -nan(ind)	       -nan(ind)	       -nan(ind)	       -nan(ind)	       -nan(ind)	       -nan(ind)	       -nan(ind)	       -nan(ind)	       -nan(ind)	       -nan(ind)	       -nan(ind)	       -nan(ind)	       -nan(ind)	       -nan(ind)	       -nan(ind)	       -nan(ind)	       -nan(ind)	       -nan(ind)	       -nan(ind)	       -nan(ind)	       -nan(ind)	       -nan(ind)	       -nan(ind)	       -nan(ind)	       -nan(ind)	       -nan(ind)	       -nan(ind)	       -nan(ind)	       -nan(ind)	       -nan(ind)	       -nan(ind)	       -nan(ind)	       -nan(ind)
      0.78749804	     -0.00000000	     -0.00000000	      0.00000000	      0.00000000	      0.00000000	      0.00000000	      0.00000000	      0.00000000	      0.00000000	     -0.00000000	      0.00000000	     -0.00000000	     -0.00011348	      0.00106411	     -0.00000000	      0.00000000	      0.00000000	      0.00000000	      0.00000000	      0.00000000	      0.00000000	      0.00000000	      0.00000000	     -0.00000000	      0.00000000	      0.00000000	     -0.00000000	      0.00000000	      0.00000000	      0.00000000	      0.00000000	      0.00000000	     -0.00000000	     -0.00000000	      0.00000000	     -0.00000000	     -0.00000000	      0.00000000	     -0.00000000	      0.00000000	     -0.12684786	     -0.17835626	     -0.01148031	      0.04596028	     -0.08346167	     -0.09902149	      0.21367025	      0.12637961	     -0.00000000	     -0.00000000	     -0.00000000	     -0.00000000	      0.09949322	      0.02440744	      0.13394150	      0.18636547	      0.14266769	      0.07464933	      0.07208863	      0.04690842	      0.01005266	      0.00507122	     -0.00309223	     -0.10616379	     -0.08798394	     -0.00000000	     -0.00000000	     -0.00563530	     -0.06863504	     -0.13343996	     -0.04371677	      0.13657437	      0.13608526	     -0.00000000	      0.01941018	     -0.00000000	     -0.00000000	     -0.06063689	     -0.05156128	     -0.07285044	      0.00000000	      0.00000000	      0.00000000	      0.00000000	      0.00000000	      0.00000000	     -0.00000000	      0.00000000	     -0.00000000	     -0.00000000	     -0.05542877	     -0.04412724	     -0.04122609	     -0.04525177	     -0.03842795	     -0.06243035	     -0.07757434	     -0.02560524	     -0.07701215	     -0.10158547
      0.79166470	       -nan(ind)	       -nan(ind)	       -nan(ind)	       -nan(ind)	       -nan(ind)	       -nan(ind)	       -nan(ind)	       -nan(ind)	       -nan(ind)	       -nan(ind)	       -nan(ind)	       -nan(ind)	       -nan(ind)	       -nan(ind)	       -nan(ind)	       -nan(ind)	       -nan(ind)	       -nan(ind)	       -nan(ind)	       -nan(ind)	       -nan(ind)	       -nan(ind)	       -nan(ind)	       -nan(ind)	       -nan(ind)	       -nan(ind)	       -nan(ind)	       -nan(ind)	       -nan(ind)	       -nan(ind)	       -nan(ind)	       -nan(ind)	       -nan(ind)	       -nan(ind)	       -nan(ind)	       -nan(ind)	       -nan(ind)	       -nan(ind)	       -nan(ind)	       -nan(ind)	       -nan(ind)	       -nan(ind)	       -nan(ind)	       -nan(ind)	       -nan(ind)	       -nan(ind)	       -nan(ind)	       -nan(ind)	       -nan(ind)	       -nan(ind)	       -nan(ind)	       -nan(ind)	       -nan(ind)	       -nan(ind)	       -nan(ind)	       -nan(ind)	       -nan(ind)	       -nan(ind)	       -nan(ind)	       -nan(ind)	       -nan(ind)	       -nan(ind)	       -nan(ind)	       -nan(ind)	       -nan(ind)	       -nan(ind)	       -nan(ind)	       -nan(ind)	       -nan(ind)	       -nan(ind)	       -nan(ind)	       -nan(ind)	       -nan(ind)	       -nan(ind)	       -nan(ind)	       -nan(ind)	       -nan(ind)	       -nan(ind)	       -nan(ind)	       -nan(ind)	       -nan(ind)	       -nan(ind)	       -nan(ind)	       -nan(ind)	       -nan(ind)	       -nan(ind)	       -nan(ind)	       -nan(ind)	       -nan(ind)	       -nan(ind)	       -nan(ind)	       -nan(ind)	       -nan(ind)	       -nan(ind)	       -nan(ind)	       -nan(ind)	       -nan(ind)	       -nan(ind)	       -nan(ind)	       -nan(ind)
      0.79583136	     -0.00000000	      0.00000000	     -0.00000000	      0.00000000	     -0.00000000	      0.00000000	      0.00003501	      0.00003905	      0.00000000	      0.00000000	      0.00000000	      0.00000000	     -0.00012090	      0.00106480	      0.00000000	      0.00000000	      0.00000000	     -0.00000000	      0.00000000	      0.00000000	     -0.00000000	      0.00000000	      0.00000000	     -0.00000802	      0.00000000	     -0.00000000	      0.00000000	      0.00000000	      0.00000000	      0.00001395	     -0.00000895	      0.00000229	     -0.00000132	      0.00000000	      0.00004028	     -0.00000000	     -0.00000000	      0.00001404	      0.00001798	      0.00000921	     -0.24018257	     -0.31513878	     -0.09541350	     -0.00466645	     -0.20212913	     -0.20081818	      0.25595866	      0.20631577	     -0.00000000	     -0.00000000	     -0.00000000	     -0.00000000	      0.16426472	      0.00407555	      0.17716822	      0.22554904	      0.07846128	      0.20012645	      0.16879499	      0.10373584	      0.11029249	      0.07630664	      0.03431715	     -0.28511980	     -0.10204203	     -0.00000000	      0.00000000	     -0.00016676	     -0.09436912	     -0.15180848	     -0.08024242	      0.11530183	      0.08940178	     -0.00000000	      0.16825279	     -0.00000000	     -0.00000000	     -0.08698318	     -0.06201163	     -0.11544985	      0.00000000	      0.00000000	      0.00000000	      0.00000000	      0.00000000	      0.00000000	     -0.00000000	      0.00000000	      0.00000000	      0.00000000	     -0.16106576	     -0.09501636	     -0.08903842	     -0.09815071	     -0.07575830	     -0.12584651	     -0.13554020	     -0.06021980	     -0.15240950	     -0.17484096
      0.79999802	     -0.00000000	      0.00000000	      0.00000000	      0.00000000	     -0.00000000	      0.00000000	      0.02633435	      0.02936491	     -0.00000000	     -0.00000000	     -0.00000000	      0.00000000	      0.02474708	     -0.00356086	      0.00000000	      0.00000000	      0.00000000	     -0.00000000	     -0.00000000	      0.00000000	      0.00000000	     -0.00000000	     -0.00000000	     -0.00604567	      0.00000000	     -0.00000000	      0.00000000	      0.00000000	      0.00000000	      0.01049046	     -0.00673029	      0.00171890	     -0.00100176	      0.00000000	      0.03029684	     -0.00000000	      0.00000000	      0.01056030	      0.01352212	      0.00692287	      0.25978211	      0.37039901	      0.00414456	     -0.11683398	      0.16004301	      0.19620141	     -0.36795835	     -0.13357002	     -0.00000000	      0.00000000	     -0.00000000	      0.00000000	     -0.09572391	     -0.07078425	     -0.32267353	     -0.45268366	     -0.36994986	     -0.13031552	     -0.14888253	     -0.10954160	      0.01907932	      0.00277161	      0.00420942	      0.14801539	      0.21301643	     -0.00000000	     -0.00000000	     -0.00634442	      0.15952834	      0.35402789	      0.02655625	     -0.32580297	     -0.34387394	     -0.00000000	      0.14985905	     -0.00000000	     -0.00000000	      0.18454598	      0.18715165	      0.18719595	      0.00000000	     -0.00000000	     -0.00000000	      0.00000000	      0.00000000	      0.00000000	     -0.00000000	     -0.00000000	      0.00000000	      0.00000000	      0.07448490	      0.06304224	      0.05981062	      0.06500338	      0.07311852	      0.11807655	      0.17170470	      0.02726296	      0.13442670	      0.21520558
      0.80416468	      0.00000000	      0.00000000	     -0.00000000	      0.00000000	     -0.00000000	      0.00000000	     -0.02639313	     -0.02942372	      0.00000000	     -0.00000000	      0.00000000	      0.00000000	     -0.02435584	     -0.00009108	     -0.00000000	      0.00000000	      0.00000000	      0.00000000	      0.00000000	      0.00000000	      0.00000000	     -0.00000000	      0.00000000	      0.00607000	      0.00000000	     -0.00000000	     -0.00000000	     -0.00000000	      0.00000000	     -0.01051084	      0.00674318	     -0.00172134	      0.00100782	     -0.00000000	     -0.03036281	     -0.00000000	      0.00000000	     -0.01058071	     -0.01354857	     -0.00693613	      0.13009744	      0.17622819	      0.03535019	     -0.01849156	      0.10039603	      0.10648397	     -0.12692381	     -0.06581366	      0.00000000	      0.00000000	      0.00000000	      0.00000000	     -0.04862386	     -0.01262219	     -0.10892240	     -0.15173936	     -0.08820611	     -0.09020078	     -0.07681217	     -0.04410013	     -0.03368274	     -0.02046899	     -0.00406408	      0.12417818	      0.07328226	      0.00000000	      0.00000000	      0.00780848	      0.06212193	      0.12829894	      0.02502566	     -0.09540978	     -0.09109885	      0.00000000	      0.00118035	      0.00000000	      0.00000000	      0.07526198	      0.07011251	      0.08176981	      0.00000000	     -0.00000000	      0.00000000	     -0.00000000	      0.00000000	     -0.00000000	      0.00000000	     -0.00000000	     -0.00000000	      0.00000000	      0.08114000	      0.05664401	      0.05249244	      0.05811901	      0.04087367	      0.06829098	      0.07552807	      0.03728872	      0.08726975	      0.09873418
      0.80833134	      0.00000000	     -0.00000000	      0.00000000	     -0.00000000	      0.00000000	     -0.00000000	      0.05269537	      0.05873831	      0.00000000	      0.00000000	     -0.00000000	      0.00000000	      0.04972176	     -0.00752420	     -0.00000000	     -0.00000000	      0.00000000	      0.00000000	     -0.00000000	     -0.00000000	      0.00000000	      0.00000000	      0.00000000	     -0.01213509	     -0.00000000	      0.00000000	     -0.00000000	     -0.00000000	      0.00000000	      0.02098200	     -0.01346067	      0.00343497	     -0.00201645	     -0.00000000	      0.06061923	      0.00000000	     -0.00000000	      0.02112137	      0.02704622	      0.01384586	     -0.08312598	     -0.01606938	     -0.36084997	     -0.39632114	     -0.26746942	     -0.15283110	     -0.37499057	      0.19245565	      0.00000000	     -0.00000000	      0.00000000	      0.00000000	      0.18154879	     -0.23748353	     -0.50051012	     -0.72291628	     -0.97784201	      0.31946349	      0.06826745	     -0.08715689	      0.48385255	      0.24112629	      0.06317562	     -0.63632049	      0.32223406	     -0.00000000	      0.00000000	     -0.12707618	      0.16246451	      0.49198721	     -0.21902615	     -0.64299476	     -0.79580225	      0.00000000	      0.95541200	      0.00000000	     -0.00000000	      0.19519379	      0.28744836	      0.11129601	     -0.00000000	      0.00000000	     -0.00000000	     -0.00000000	     -0.00000000	      0.00000000	      0.00000000	      0.00000000	      0.00000000	      0.00000000	     -0.50459756	     -0.29618118	     -0.26778132	     -0.30182738	     -0.07135200	     -0.13618651	      0.06893466	     -0.26967363	     -0.26016042	      0.03259256
      0.81249800	       -nan(ind)	       -nan(ind)	       -nan(ind)	       -nan(ind)	       -nan(ind)	       -nan(ind)	       -nan(ind)	       -nan(ind)	       -nan(ind)	       -nan(ind)	       -nan(ind)	       -nan(ind)	       -nan(ind)	       -nan(ind)	       -nan(ind)	       -nan(ind)	       -nan(ind)	       -nan(ind)	       -nan(ind)	       -nan(ind)	       -nan(ind)	       -nan(ind)	       -nan(ind)	       -nan(ind)	       -nan(ind)	       -nan(ind)	       -nan(ind)	       -nan(ind)	       -nan(ind)	       -nan(ind)	       -nan(ind)	       -nan(ind)	       -nan(ind)	       -nan(ind)	       -nan(ind)	       -nan(ind)	       -nan(ind)	       -nan(ind)	       -nan(ind)	       -nan(ind)	       -nan(ind)	       -nan(ind)	       -nan(ind)	       -nan(ind)	       -nan(ind)	       -nan(ind)	       -nan(ind)	       -nan(ind)	       -nan(ind)	       -nan(ind)	       -nan(ind)	       -nan(ind)	       -nan(ind)	       -nan(ind)	       -nan(ind)	       -nan(ind)	       -nan(ind)	       -nan(ind)	       -nan(ind)	       -nan(ind)	       -nan(ind)	       -nan(ind)	       -nan(ind)	       -nan(ind)	       -nan(ind)	       -nan(ind)	       -nan(ind)	       -nan(ind)	       -nan(ind)	       -nan(ind)	       -nan(ind)	       -nan(ind)	       -nan(ind)	       -nan(ind)	       -nan(ind)	       -nan(ind)	       -nan(ind)	       -nan(ind)	       -nan(ind)	       -nan(ind)	       -nan(ind)	       -nan(ind)	       -nan(ind)	       -nan(ind)	       -nan(ind)	       -nan(ind)	       -nan(ind)	       -nan(ind)	       -nan(ind)	       -nan(ind)	       -nan(ind)	       -nan(ind)	       -nan(ind)	       -nan(ind)	       -nan(ind)	       -nan(ind)	       -nan(ind)	       -nan(ind)	       -nan(ind)	       -nan(ind)
      0.81666466	      0.00000000	      0.00000000	      0.00000000	      0.00000000	     -0.00000000	      0.00000000	      0.00880915	      0.00981965	     -0.00000000	     -0.00000000	     -0.00000000	     -0.00000000	      0.00890617	     -0.00500399	      0.00000000	      0.00000000	     -0.00000000	      0.00000000	     -0.00000000	      0.00000000	      0.00000000	      0.00000000	      0.00000000	     -0.00203106	      0.00000000	     -0.00000000	     -0.00000000	     -0.00000000	      0.00000000	      0.00350772	     -0.00225034	      0.00057415	     -0.00033673	     -0.00000000	      0.01013380	     -0.00000000	      0.00000000	      0.00353103	      0.00452152	      0.00231473	      0.44022182	      0.62059683	      0.03787899	     -0.16204539	      0.29196139	      0.33638292	     -0.54383085	     -0.18181468	      0.00000000	      0.00000000	     -0.00000000	     -0.00000000	     -0.12010193	     -0.11431227	     -0.54568138	     -0.76334371	     -0.58127454	     -0.24305890	     -0.27284983	     -0.19939465	      0.00897085	     -0.02190000	     -0.01318528	      0.26386973	      0.35865877	      0.00000000	     -0.00000000	     -0.02371149	      0.27359472	      0.58116346	      0.00676154	     -0.51161224	     -0.53613397	     -0.00000000	      0.26030755	      0.00000000	     -0.00000000	      0.31755852	      0.32527072	      0.31546554	      0.00000000	     -0.00000000	     -0.00000000	      0.00000000	      0.00000000	      0.00000000	      0.00000000	      0.00000000	     -0.00000000	      0.00000000	      0.14716921	      0.10860771	      0.10217238	      0.11333134	      0.12297376	      0.20363143	      0.29950283	      0.04735072	      0.23151550	      0.36019431
      0.82083132	     -0.00000000	     -0.00000000	      0.00000000	     -0.00000000	      0.00000000	     -0.00000000	     -0.00003498	     -0.00003900	     -0.00000000	     -0.00000000	      0.00000000	     -0.00000000	      0.00150231	     -0.01111981	      0.00000000	      0.00000000	     -0.00000000	     -0.00000000	      0.00000000	     -0.00000000	      0.00000000	      0.00000000	      0.00000000	      0.00000806	      0.00000000	     -0.00000000	     -0.00000000	     -0.00000000	     -0.00000000	     -0.00001393	      0.00000894	     -0.00000228	      0.00000133	     -0.00000000	     -0.00004024	     -0.00000000	     -0.00000000	     -0.00001402	     -0.00001796	     -0.00000919	      0.27697939	      0.50725817	     -0.37458577	     -0.58427376	     -0.05357683	      0.10967438	     -0.87373259	      0.08272037	     -0.00000000	     -0.00000000	      0.00000000	     -0.00000000	      0.12976040	     -0.37997985	     -1.07168786	     -1.52041311	     -1.63826073	      0.14668180	     -0.17590088	     -0.29052879	      0.56054714	      0.24741604	      0.04812156	     -0.50529080	      0.69161848	     -0.00000000	     -0.00000000	     -0.18156859	      0.43311301	      1.06567485	     -0.27891553	     -1.16987597	     -1.36304620	     -0.00000000	      1.34659894	     -0.00000000	     -0.00000000	      0.50335242	      0.61934154	      0.39904487	     -0.00000000	     -0.00000000	      0.00000000	     -0.00000000	     -0.00000000	     -0.00000000	     -0.00000000	     -0.00000000	     -0.00000000	     -0.00000000	     -0.45264392	     -0.25293925	     -0.22520632	     -0.25466501	      0.02093616	      0.02111124	      0.33728497	     -0.27673203	     -0.09908683	      0.34306887
      0.82499798	      0.00000000	     -0.00000000	      0.00000000	     -0.00000000	      0.00000000	     -0.00000000	      0.00003498	      0.00003901	      0.00000000	      0.00000000	     -0.00000000	      0.00000000	      0.00078515	     -0.00565305	      0.00000000	     -0.00000000	     -0.00000000	     -0.00000000	      0.00000000	     -0.00000000	     -0.00000000	      0.00000000	     -0.00000000	     -0.00000806	     -0.00000000	      0.00000000	      0.00000000	     -0.00000000	      0.00000000	      0.00001394	     -0.00000894	      0.00000228	     -0.00000133	      0.00000000	      0.00004024	      0.00000000	      0.00000000	      0.00001403	      0.00001796	      0.00000920	      0.89208814	      1.20474595	      0.27491337	     -0.09464142	      0.71296011	      0.73372010	     -0.85848049	     -0.48450483	     -0.00000000	      0.00000000	      0.00000000	      0.00000000	     -0.35531646	     -0.08650672	     -0.75530064	     -1.06567826	     -0.57081825	     -0.64053056	     -0.54293285	     -0.30470387	     -0.24699841	     -0.16212766	     -0.04052175	      0.86922614	      0.51875995	     -0.00000000	     -0.00000000	      0.05053360	      0.44477700	      0.84181252	      0.14380211	     -0.63723826	     -0.59640474	     -0.00000000	     -0.04686968	     -0.00000000	     -0.00000000	      0.49464344	      0.45296657	      0.54032880	     -0.00000000	     -0.00000000	      0.00000000	      0.00000000	      0.00000000	     -0.00000000	      0.00000000	      0.00000000	      0.00000000	     -0.00000000	      0.59864299	      0.41003089	      0.37563562	      0.42385626	      0.27938576	      0.47591989	      0.54460784	      0.27488830	      0.62201424	      0.67383218
      0.82916464	      0.00000000	     -0.00000000	      0.00000000	     -0.00000000	     -0.00000000	      0.00000000	     -0.01316202	     -0.01468380	     -0.00000000	     -0.00000000	     -0.00000000	     -0.00000000	     -0.01222887	      0.00017223	      0.00000000	      0.00000000	      0.00000000	     -0.00000000	      0.00000000	      0.00000000	     -0.00000000	     -0.00000000	     -0.00000000	      0.00302856	     -0.00000000	     -0.00000000	     -0.00000000	      0.00000000	     -0.00000000	     -0.00524652	      0.00336614	     -0.00085973	      0.00049519	     -0.00000000	     -0.01514400	     -0.00000000	     -0.00000000	     -0.00528156	     -0.00676251	     -0.00346249	     -0.23556437	     -0.29493154	     -0.15389228	     -0.07247074	     -0.23698514	     -0.21540507	      0.17453009	      0.23641363	     -0.00000000	     -0.00000000	     -0.00000000	     -0.00000000	      0.19694638	     -0.04095066	      0.04339583	      0.06445721	     -0.11152566	      0.22808028	      0.13531973	      0.03707113	      0.17751136	      0.09143406	      0.01576795	     -0.38055985	     -0.04176787	      0.00000000	      0.00000000	     -0.05531532	     -0.06479691	     -0.05348135	     -0.11809882	     -0.00103590	     -0.05237393	     -0.00000000	      0.32668702	     -0.00000000	     -0.00000000	     -0.04162470	      0.00049064	     -0.08464769	     -0.00000000	     -0.00000000	     -0.00000000	     -0.00000000	     -0.00000000	     -0.00000000	     -0.00000000	     -0.00000000	     -0.00000000	     -0.00000000	     -0.27760561	     -0.18338409	     -0.16634978	     -0.18815622	     -0.08670876	     -0.14958247	     -0.11430140	     -0.14425948	     -0.22173209	     -0.15409163
      0.83333130	      0.00000000	      0.00000000	     -0.00000000	      0.00000000	      0.00000000	      0.00000000	      0.02636759	      0.02943032	      0.00000000	     -0.00000000	     -0.00000000	     -0.00000000	      0.02364490	      0.00759792	      0.00000000	     -0.00000000	      0.00000000	      0.00000000	      0.00000000	      0.00000000	     -0.00000000	      0.00000000	     -0.00000000	     -0.00605637	      0.00000000	      0.00000000	     -0.00000000	      0.00000000	      0.00000000	      0.01051721	     -0.00674801	      0.00172470	     -0.00098229	     -0.00000000	      0.03034206	     -0.00000000	     -0.00000000	      0.01058767	      0.01355579	      0.00694134	     -0.57925900	     -0.85654117	      0.05820843	      0.35372066	     -0.32484891	     -0.41752589	      0.93538750	      0.26827967	     -0.00000000	     -0.00000000	      0.00000000	     -0.00000000	      0.16337712	      0.24706562	      0.93761830	      1.34198625	      1.14827428	      0.24531656	      0.35597436	      0.28701118	     -0.17132211	     -0.05644851	     -0.01680597	     -0.18406545	     -0.63287009	     -0.00000000	     -0.00000000	      0.05375518	     -0.46077965	     -0.95539955	      0.06460299	      0.93284674	      1.00540743	      0.00000000	     -0.62588793	      0.00000000	      0.00000000	     -0.48591301	     -0.51566773	     -0.46081274	     -0.00000000	      0.00000000	      0.00000000	      0.00000000	      0.00000000	     -0.00000000	     -0.00000000	      0.00000000	     -0.00000000	      0.00000000	     -0.09517110	     -0.10405308	     -0.09579795	     -0.11204026	     -0.14974639	     -0.25750842	     -0.44735068	     -0.02028129	     -0.29105808	     -0.50753241
      0.83749796	     -0.00000000	     -0.00000000	      0.00000000	      0.00000000	     -0.00000000	      0.00000000	     -0.02635392	     -0.02943232	      0.00000000	      0.00000000	      0.00000000	      0.00000000	     -0.02459571	      0.00237638	     -0.00000000	      0.00000000	      0.00000000	     -0.00000000	     -0.00000000	     -0.00000000	      0.00000000	     -0.00000000	     -0.00000000	      0.00603939	     -0.00000000	      0.00000000	      0.00000000	     -0.00000000	     -0.00000000	     -0.01052035	      0.00675017	     -0.00172676	      0.00097013	     -0.00000000	     -0.03033183	      0.00000000	      0.00000000	     -0.01059109	     -0.01355935	     -0.00694388	      0.08442962	      0.08460152	      0.12986653	      0.11507840	      0.12972802	      0.09928204	      0.06819138	     -0.08775683	     -0.00000000	     -0.00000000	     -0.00000000	      0.00000000	     -0.08207846	      0.07982002	      0.14849254	      0.19543136	      0.29065013	     -0.12949888	     -0.02446481	      0.04679896	     -0.16525515	     -0.06717394	      0.00277263	      0.26606593	     -0.07756747	      0.00000000	     -0.00000000	      0.07396078	     -0.02771966	     -0.09845198	      0.09825730	      0.16384715	      0.21393126	     -0.00000000	     -0.30469863	     -0.00000000	     -0.00000000	     -0.02910186	     -0.06294173	      0.00292648	     -0.00000000	      0.00000000	     -0.00000000	     -0.00000000	     -0.00000000	     -0.00000000	     -0.00000000	     -0.00000000	     -0.00000000	     -0.00000000	      0.22241162	      0.15121675	      0.13586230	      0.15353408	      0.04628545	      0.07919542	      0.01064663	      0.13364866	      0.14366831	      0.03276041
      0.84166462	       -nan(ind)	       -nan(ind)	       -nan(ind)	       -nan(ind)	       -nan(ind)	       -nan(ind)	       -nan(ind)	       -nan(ind)	       -nan(ind)	       -nan(ind)	       -nan(ind)	       -nan(ind)	       -nan(ind)	       -nan(ind)	       -nan(ind)	       -nan(ind)	       -nan(ind)	       -nan(ind)	       -nan(ind)	       -nan(ind)	       -nan(ind)	       -nan(ind)	       -nan(ind)	       -nan(ind)	       -nan(ind)	       -nan(ind)	       -nan(ind)	       -nan(ind)	       -nan(ind)	       -nan(ind)	       -nan(ind)	       -nan(ind)	       -nan(ind)	       -nan(ind)	       -nan(ind)	       -nan(ind)	       -nan(ind)	       -nan(ind)	       -nan(ind)	       -nan(ind)	       -nan(ind)	       -nan(ind)	       -nan(ind)	       -nan(ind)	       -nan(ind)	       -nan(ind)	       -nan(ind)	       -nan(ind)	       -nan(ind)	       -nan(ind)	       -nan(ind)	       -nan(ind)	       -nan(ind)	       -nan(ind)	       -nan(ind)	       -nan(ind)	       -nan(ind)	       -nan(ind)	       -nan(ind)	       -nan(ind)	       -nan(ind)	       -nan(ind)	       -nan(ind)	       -nan(ind)	       -nan(ind)	       -nan(ind)	       -nan(ind)	       -nan(ind)	       -nan(ind)	       -nan(ind)	       -nan(ind)	       -nan(ind)	       -nan(ind)	       -nan(ind)	       -nan(ind)	       -nan(ind)	       -nan(ind)	       -nan(ind)	       -nan(ind)	       -nan(ind)	       -nan(ind)	       -nan(ind)	       -nan(ind)	       -nan(ind)	       -nan(ind)	       -nan(ind)	       -nan(ind)	       -nan(ind)	       -nan(ind)	       -nan(ind)	       -nan(ind)	       -nan(ind)	       -nan(ind)	       -nan(ind)	       -nan(ind)	       -nan(ind)	       -nan(ind)	       -nan(ind)	       -nan(ind)	       -nan(ind)
      0.84583128	      0.00000000	      0.00000000	      0.00000000	      0.00000000	      0.00000000	      0.00000000	     -0.01323092	     -0.01479841	     -0.00000000	     -0.00000000	     -0.00000000	      0.00000000	     -0.01166798	     -0.00519139	      0.00000000	     -0.00000000	     -0.00000000	     -0.00000000	     -0.00000000	      0.00000000	     -0.00000000	      0.00000000	     -0.00000000	      0.00301362	      0.00000000	     -0.00000000	     -0.00000000	      0.00000000	      0.00000000	     -0.00529330	      0.00339622	     -0.00087071	      0.00047252	      0.00000000	     -0.01523662	     -0.00000000	     -0.00000000	     -0.00532921	     -0.00682176	     -0.00349439	      0.50070484	      0.72294160	      0.02215136	     -0.22341420	      0.32576844	      0.37747516	     -0.72812571	     -0.28568201	      0.00000000	      0.00000000	     -0.00000000	     -0.00000000	     -0.19249539	     -0.16554970	     -0.71739321	     -1.01914318	     -0.78270357	     -0.28957371	     -0.33448069	     -0.23971083	      0.03540538	     -0.01405766	     -0.00677651	      0.27699085	      0.47887731	     -0.00000000	     -0.00000000	     -0.02396976	      0.36407638	      0.69834451	     -0.00734264	     -0.66782575	     -0.70169602	     -0.00000000	      0.31611102	      0.00000000	      0.00000000	      0.36084038	      0.36154542	      0.35749207	      0.00000000	     -0.00000000	      0.00000000	      0.00000000	      0.00000000	     -0.00000000	     -0.00000000	     -0.00000000	     -0.00000000	     -0.00000000	      0.19076381	      0.15074414	      0.13463896	      0.16157816	      0.13738326	      0.24588158	      0.37895777	      0.07280910	      0.30788561	      0.41898614
      0.84999794	      0.00000000	      0.00000000	      0.00000000	     -0.00000000	      0.00000000	     -0.00000000	     -0.00437937	     -0.00490260	     -0.00000000	      0.00000000	     -0.00000000	      0.00000000	     -0.00406465	      0.00146088	     -0.00000000	     -0.00000000	     -0.00000000	      0.00000000	     -0.00000000	      0.00000000	     -0.00000000	     -0.00000000	     -0.00000000	      0.00099372	     -0.00000000	     -0.00000000	      0.00000000	     -0.00000000	     -0.00000000	     -0.00175451	      0.00112562	     -0.00028896	      0.00015354	      0.00000000	     -0.00504532	     -0.00000000	     -0.00000000	     -0.00176647	     -0.00226101	     -0.00115836	      0.03909595	      0.02852271	      0.09501280	      0.09593556	      0.08041191	      0.05529868	      0.12816810	      0.00294945	     -0.00000000	      0.00000000	      0.00000000	     -0.00000000	     -0.00411336	      0.06813518	      0.13878475	      0.18738538	      0.24881834	     -0.08259438	     -0.00464801	      0.04240520	     -0.12409444	     -0.05122749	      0.00009808	      0.17104224	     -0.07955193	      0.00000000	      0.00000000	      0.05275855	     -0.03757237	     -0.08713476	      0.05649180	      0.15228092	      0.18773131	      0.00000000	     -0.18509685	     -0.00000000	      0.00000000	     -0.01905225	     -0.03754907	     -0.00268888	      0.00000000	     -0.00000000	     -0.00000000	     -0.00000000	     -0.00000000	     -0.00000000	     -0.00000000	     -0.00000000	     -0.00000000	      0.00000000	      0.14893957	      0.09877602	      0.08864115	      0.09989362	      0.02790721	      0.04492875	     -0.00378058	      0.09039693	      0.08548350	      0.00546794
      0.85416460	     -0.00000000	     -0.00000000	      0.00000000	     -0.00000000	     -0.00000000	     -0.00000000	      0.02632836	      0.02950319	     -0.00000000	     -0.00000000	     -0.00000000	     -0.00000000	      0.02448467	      0.00282617	      0.00000000	     -0.00000000	      0.00000000	     -0.00000000	     -0.00000000	     -0.00000000	     -0.00000000	     -0.00000000	     -0.00000000	     -0.00594870	     -0.00000000	      0.00000000	      0.00000000	      0.00000000	      0.00000000	      0.01056488	     -0.00677718	      0.00174231	     -0.00090407	      0.00000000	      0.03034749	     -0.00000000	      0.00000000	      0.01063733	      0.01361401	      0.00697586	     -0.14566190	     -0.24319058	      0.09964009	      0.19559092	     -0.03279281	     -0.07960222	      0.36743427	      0.04453799	     -0.00000000	      0.00000000	     -0.00000000	     -0.00000000	      0.00480072	      0.14298058	      0.44368211	      0.61387268	      0.58509473	      0.02574625	      0.13389548	      0.14975018	     -0.14842712	     -0.04558039	      0.00863809	      0.10141767	     -0.27635830	     -0.00000000	      0.00000000	      0.07355874	     -0.18399048	     -0.39448793	      0.08885745	      0.42693255	      0.48572804	      0.00000000	     -0.40866489	      0.00000000	      0.00000000	     -0.18834494	     -0.21683142	     -0.15749496	      0.00000000	     -0.00000000	      0.00000000	      0.00000000	      0.00000000	      0.00000000	     -0.00000000	      0.00000000	      0.00000000	     -0.00000000	      0.09389210	      0.05548990	      0.05099450	      0.05151258	     -0.01873274	     -0.04345467	     -0.15099584	      0.07682400	     -0.02360074	     -0.15281667
      0.85833126	     -0.00000000	     -0.00000000	     -0.00000000	      0.00000000	     -0.00000000	     -0.00000000	      0.02630152	      0.02950511	     -0.00000000	     -0.00000000	     -0.00000000	     -0.00000000	      0.02451324	     -0.00236766	     -0.00000000	     -0.00000000	      0.00000000	     -0.00000000	     -0.00000000	      0.00000000	      0.00000000	      0.00000000	     -0.00000000	     -0.00591462	     -0.00000000	     -0.00000000	     -0.00000000	     -0.00000000	     -0.00000000	      0.01057338	     -0.00678142	      0.00174610	     -0.00088249	     -0.00000000	      0.03033561	     -0.00000000	     -0.00000000	      0.01064633	      0.01362410	      0.00698227	      0.43421166	      0.59128783	      0.15598221	     -0.03618709	      0.36585944	      0.37165014	     -0.44850805	     -0.32769636	     -0.00000000	      0.00000000	      0.00000000	      0.00000000	     -0.26114079	     -0.01838355	     -0.31760998	     -0.49025942	     -0.22122358	     -0.34944703	     -0.23708711	     -0.07491808	     -0.16707606	     -0.06816723	      0.02824729	      0.50313842	      0.24830541	     -0.00000000	      0.00000000	      0.10574292	      0.22831610	      0.36150999	      0.13469417	     -0.28507765	     -0.25215153	     -0.00000000	     -0.15771132	      0.00000000	     -0.00000000	      0.20148264	      0.15406099	      0.24204839	     -0.00000000	      0.00000000	     -0.00000000	     -0.00000000	     -0.00000000	     -0.00000000	     -0.00000000	     -0.00000000	     -0.00000000	     -0.00000000	      0.42585932	      0.32444766	      0.28645149	      0.33627232	      0.15438405	      0.27317833	      0.29019256	      0.24712880	      0.41844050	      0.32310897
      0.86249792	      0.00000000	      0.00000000	     -0.00000000	      0.00000000	      0.00000000	     -0.00000000	      0.00000000	      0.00000000	      0.00000000	      0.00000000	      0.00000000	      0.00000000	      0.00000000	     -0.00082207	     -0.00000000	     -0.00000000	     -0.00000000	     -0.00000000	     -0.00000000	     -0.00000000	      0.00000000	     -0.00000000	     -0.00000000	      0.00000000	     -0.00000000	      0.00000000	      0.00000000	     -0.00000000	     -0.00000000	      0.00000000	      0.00000000	      0.00000000	      0.00000000	      0.00000000	      0.00000000	      0.00000000	      0.00000000	      0.00000000	      0.00000000	      0.00000000	      0.09961115	      0.14305478	      0.01156737	     -0.03799140	      0.06968954	      0.07762050	     -0.09440805	     -0.01083854	      0.00000000	     -0.00000000	     -0.00000000	     -0.00000000	      0.00462369	     -0.02662450	     -0.13268775	     -0.18967258	     -0.13407114	     -0.06972552	     -0.06876025	     -0.04253050	     -0.00866422	     -0.00854613	      0.00029450	      0.06288768	      0.08879559	      0.00000000	      0.00000000	      0.00406685	      0.07016173	      0.14938601	     -0.00742477	     -0.11717445	     -0.12447505	      0.00000000	      0.09844732	      0.00000000	      0.00000000	      0.08858513	      0.09122480	      0.08233505	      0.00000000	     -0.00000000	     -0.00000000	     -0.00000000	      0.00000000	     -0.00000000	     -0.00000000	     -0.00000000	     -0.00000000	      0.00000000	      0.05938837	      0.04630279	      0.04016153	      0.04941392	      0.02932636	      0.05487373	      0.07677616	      0.02900682	      0.07718783	      0.08124487
      0.86666458	     -0.00000000	     -0.00000000	      0.00000000	     -0.00000000	     -0.00000000	      0.00000000	      0.00006986	      0.00007856	     -0.00000000	     -0.00000000	     -0.00000000	     -0.00000000	      0.00006543	      0.01152094	     -0.00000000	     -0.00000000	     -0.00000000	     -0.00000000	      0.00000000	     -0.00000000	      0.00000000	      0.00000000	     -0.00000000	     -0.00001554	      0.00000000	      0.00000000	     -0.00000000	     -0.00000000	      0.00000000	      0.00002820	     -0.00001808	      0.00000467	     -0.00000222	      0.00000000	      0.00008071	     -0.00000000	      0.00000000	      0.00002840	      0.00003634	      0.00001863	     -1.26454640	     -1.85857083	     -0.02607942	      0.64170318	     -0.81741631	     -0.96043085	      2.04874947	      0.95748100	     -0.00000000	     -0.00000000	     -0.00000000	      0.00000000	      0.70840718	      0.44674465	      1.91323096	      2.74042490	      2.08551311	      0.83608250	      0.88684884	      0.57410750	     -0.02242837	      0.03167192	     -0.03885892	     -0.76396276	     -1.27718205	     -0.00000000	      0.00000000	     -0.03931026	     -0.98231635	     -1.76260675	     -0.10591844	      1.77319391	      1.87121971	      0.00000000	     -0.62274951	      0.00000000	     -0.00000000	     -0.85983095	     -0.81047733	     -0.88086742	     -0.00000000	     -0.00000000	     -0.00000000	     -0.00000000	      0.00000000	     -0.00000000	     -0.00000000	     -0.00000000	     -0.00000000	      0.00000000	     -0.67455542	     -0.56569375	     -0.48363680	     -0.60843644	     -0.36093486	     -0.69580537	     -1.01701615	     -0.33830087	     -0.99022649	     -1.06360901
      0.87083124	      0.00000000	     -0.00000000	     -0.00000000	      0.00000000	      0.00000000	      0.00000000	     -0.02629203	     -0.02960532	      0.00000000	     -0.00000000	     -0.00000000	     -0.00000000	     -0.02469512	      0.00087511	     -0.00000000	     -0.00000000	     -0.00000000	     -0.00000000	      0.00000000	      0.00000000	      0.00000000	     -0.00000000	     -0.00000000	      0.00581495	      0.00000000	     -0.00000000	     -0.00000000	      0.00000000	     -0.00000000	     -0.01064131	      0.00681885	     -0.00176467	      0.00081118	     -0.00000000	     -0.03040650	     -0.00000000	     -0.00000000	     -0.01071618	     -0.01370867	     -0.00702978	     -0.21399608	     -0.29250746	     -0.08410481	      0.01673641	     -0.18695904	     -0.19539685	      0.21454089	      0.18231934	     -0.00000000	      0.00000000	     -0.00000000	     -0.00000000	      0.15467992	     -0.01553185	      0.09411328	      0.19041141	      0.06777461	      0.17630608	      0.06887212	     -0.03915760	      0.10074456	      0.00431445	     -0.06533215	     -0.30099735	     -0.10826281	      0.00000000	      0.00000000	     -0.12252721	     -0.11140788	     -0.16839544	     -0.11703667	      0.11591335	      0.09253113	     -0.00000000	      0.12133035	      0.00000000	      0.00000000	     -0.09234893	     -0.05704683	     -0.12224900	      0.00000000	      0.00000000	     -0.00000000	      0.00000000	     -0.00000000	     -0.00000000	      0.00000000	      0.00000000	     -0.00000000	      0.00000000	     -0.29656456	     -0.25057259	     -0.21942567	     -0.25644992	     -0.09424794	     -0.16424959	     -0.14837026	     -0.20630391	     -0.28136784	     -0.15645913
      0.87499790	     -0.00000000	      0.00000000	      0.00000000	      0.00000000	     -0.00000000	      0.00000000	     -0.00000000	     -0.00000000	      0.00000000	      0.00000000	      0.00000000	     -0.00000000	     -0.00000000	     -0.01131165	     -0.00000000	      0.00000000	      0.00000000	      0.00000000	      0.00000000	      0.00000000	      0.00000000	      0.00000000	      0.00000000	      0.00000000	     -0.00000000	     -0.00000000	      0.00000000	      0.00000000	      0.00000000	      0.00000000	      0.00000000	      0.00000000	      0.00000000	     -0.00000000	     -0.00000000	     -0.00000000	      0.00000000	     -0.00000000	      0.00000000	     -0.00000000	      0.58258360	      1.00411080	     -0.45216728	     -0.87635965	      0.10861491	      0.31122796	     -1.58231157	     -0.23832989	      0.00000000	      0.00000000	     -0.00000000	      0.00000000	     -0.04822347	     -0.63438456	     -1.89714442	     -2.61328738	     -2.48024230	     -0.17372573	     -0.59975991	     -0.62875276	      0.56853315	      0.18137196	     -0.01848157	     -0.41931628	      1.17491339	      0.00000000	      0.00000000	     -0.25960345	      0.78380447	      1.70076128	     -0.31510940	     -1.80482399	     -2.07138918	      0.00000000	      1.73869816	      0.00000000	      0.00000000	      0.80912781	      0.91060884	      0.67800541	     -0.00000000	     -0.00000000	     -0.00000000	      0.00000000	     -0.00000000	     -0.00000000	      0.00000000	      0.00000000	     -0.00000000	     -0.00000000	     -0.27543482	     -0.12645670	     -0.13454235	     -0.09711215	      0.06633027	      0.21582468	      0.58402040	     -0.23744032	      0.23331246	      0.61543912
      0.87916456	       -nan(ind)	       -nan(ind)	       -nan(ind)	       -nan(ind)	       -nan(ind)	       -nan(ind)	       -nan(ind)	       -nan(ind)	       -nan(ind)	       -nan(ind)	       -nan(ind)	       -nan(ind)	       -nan(ind)	       -nan(ind)	       -nan(ind)	       -nan(ind)	       -nan(ind)	       -nan(ind)	       -nan(ind)	       -nan(ind)	       -nan(ind)	       -nan(ind)	       -nan(ind)	       -nan(ind)	       -nan(ind)	       -nan(ind)	       -nan(ind)	       -nan(ind)	       -nan(ind)	       -nan(ind)	       -nan(ind)	       -nan(ind)	       -nan(ind)	       -nan(ind)	       -nan(ind)	       -nan(ind)	       -nan(ind)	       -nan(ind)	       -nan(ind)	       -nan(ind)	       -nan(ind)	       -nan(ind)	       -nan(ind)	       -nan(ind)	       -nan(ind)	       -nan(ind)	       -nan(ind)	       -nan(ind)	       -nan(ind)	       -nan(ind)	       -nan(ind)	       -nan(ind)	       -nan(ind)	       -nan(ind)	       -nan(ind)	       -nan(ind)	       -nan(ind)	       -nan(ind)	       -nan(ind)	       -nan(ind)	       -nan(ind)	       -nan(ind)	       -nan(ind)	       -nan(ind)	       -nan(ind)	       -nan(ind)	       -nan(ind)	       -nan(ind)	       -nan(ind)	       -nan(ind)	       -nan(ind)	       -nan(ind)	       -nan(ind)	       -nan(ind)	       -nan(ind)	       -nan(ind)	       -nan(ind)	       -nan(ind)	       -nan(ind)	       -nan(ind)	       -nan(ind)	       -nan(ind)	       -nan(ind)	       -nan(ind)	       -nan(ind)	       -nan(ind)	       -nan(ind)	       -nan(ind)	       -nan(ind)	       -nan(ind)	       -nan(ind)	       -nan(ind)	       -nan(ind)	       -nan(ind)	       -nan(ind)	       -nan(ind)	       -nan(ind)	       -nan(ind)	       -nan(ind)	       -nan(ind)
      0.88333122	     -0.00000000	     -0.00000000	     -0.00000000	     -0.00000000	     -0.00000000	      0.00000000	     -0.02618904	     -0.02961769	      0.00000000	     -0.00000000	      0.00000000	      0.00000000	     -0.02481704	     -0.00028369	     -0.00000000	      0.00000000	      0.00000000	     -0.00000000	      0.00000000	     -0.00000000	     -0.00000000	     -0.00000000	     -0.00000000	      0.00567979	      0.00000000	      0.00000000	     -0.00000000	      0.00000000	     -0.00000000	     -0.01069014	      0.00684054	     -0.00177976	      0.00072653	     -0.00000000	     -0.03041024	      0.00000000	      0.00000000	     -0.01076699	     -0.01376821	     -0.00706503	     -0.30455137	     -0.38708046	     -0.21617521	     -0.09165128	     -0.32254261	     -0.30604675	      0.14399500	      0.26975068	     -0.00000000	      0.00000000	      0.00000000	     -0.00000000	      0.26012360	     -0.11075014	     -0.03373754	      0.03773504	     -0.20224662	      0.32818034	      0.08762037	     -0.11213894	      0.28652020	      0.06635989	     -0.09339771	     -0.57880625	     -0.03876537	      0.00000000	      0.00000000	     -0.23263217	     -0.09706378	     -0.05977353	     -0.23825753	     -0.03067940	     -0.10572197	     -0.00000000	      0.46392019	      0.00000000	     -0.00000000	     -0.05125068	      0.02440504	     -0.12005771	     -0.00000000	      0.00000000	     -0.00000000	     -0.00000000	      0.00000000	      0.00000000	     -0.00000000	     -0.00000000	     -0.00000000	     -0.00000000	     -0.55542490	     -0.44391515	     -0.38857489	     -0.45243146	     -0.15727434	     -0.26343752	     -0.22543405	     -0.37990267	     -0.45889785	     -0.19917266
      0.88749788	       -nan(ind)	       -nan(ind)	       -nan(ind)	       -nan(ind)	       -nan(ind)	       -nan(ind)	       -nan(ind)	       -nan(ind)	       -nan(ind)	       -nan(ind)	       -nan(ind)	       -nan(ind)	       -nan(ind)	       -nan(ind)	       -nan(ind)	       -nan(ind)	       -nan(ind)	       -nan(ind)	       -nan(ind)	       -nan(ind)	       -nan(ind)	       -nan(ind)	       -nan(ind)	       -nan(ind)	       -nan(ind)	       -nan(ind)	       -nan(ind)	       -nan(ind)	       -nan(ind)	       -nan(ind)	       -nan(ind)	       -nan(ind)	       -nan(ind)	       -nan(ind)	       -nan(ind)	       -nan(ind)	       -nan(ind)	       -nan(ind)	       -nan(ind)	       -nan(ind)	       -nan(ind)	       -nan(ind)	       -nan(ind)	       -nan(ind)	       -nan(ind)	       -nan(ind)	       -nan(ind)	       -nan(ind)	       -nan(ind)	       -nan(ind)	       -nan(ind)	       -nan(ind)	       -nan(ind)	       -nan(ind)	       -nan(ind)	       -nan(ind)	       -nan(ind)	       -nan(ind)	       -nan(ind)	       -nan(ind)	       -nan(ind)	       -nan(ind)	       -nan(ind)	       -nan(ind)	       -nan(ind)	       -nan(ind)	       -nan(ind)	       -nan(ind)	       -nan(ind)	       -nan(ind)	       -nan(ind)	       -nan(ind)	       -nan(ind)	       -nan(ind)	       -nan(ind)	       -nan(ind)	       -nan(ind)	       -nan(ind)	       -nan(ind)	       -nan(ind)	       -nan(ind)	       -nan(ind)	       -nan(ind)	       -nan(ind)	       -nan(ind)	       -nan(ind)	       -nan(ind)	       -nan(ind)	       -nan(ind)	       -nan(ind)	       -nan(ind)	       -nan(ind)	       -nan(ind)	       -nan(ind)	       -nan(ind)	       -nan(ind)	       -nan(ind)	       -nan(ind)	       -nan(ind)	       -nan(ind)
      0.89166454	     -0.00000000	      0.00000000	      0.00000000	      0.00000000	     -0.00000000	     -0.00000000	      0.01309247	      0.01485260	      0.00000000	      0.00000000	      0.00000000	      0.00000000	      0.01249320	      0.00330873	     -0.00000000	     -0.00000000	     -0.00000000	     -0.00000000	      0.00000000	     -0.00000000	     -0.00000000	     -0.00000000	     -0.00000000	     -0.00279961	     -0.00000000	      0.00000000	      0.00000000	      0.00000000	      0.00000000	      0.00537849	     -0.00343778	      0.00089753	     -0.00033413	     -0.00000000	      0.01525523	      0.00000000	      0.00000000	      0.00541774	      0.00692596	      0.00355569	     -0.19178117	     -0.35347421	      0.21089843	      0.37176917	     -0.00143117	     -0.08165841	      0.65169857	      0.11736629	      0.00000000	     -0.00000000	      0.00000000	      0.00000000	      0.03812012	      0.28336143	      0.78979693	      1.05463405	      1.01347823	      0.06790014	      0.26974315	      0.29755662	     -0.22793427	     -0.05344948	      0.03604115	      0.23827469	     -0.46586868	      0.00000000	     -0.00000000	      0.13744724	     -0.30051172	     -0.65746647	      0.13128649	      0.72492139	      0.84413028	     -0.00000000	     -0.69096628	      0.00000000	      0.00000000	     -0.29951410	     -0.33927195	     -0.24391409	      0.00000000	      0.00000000	     -0.00000000	     -0.00000000	     -0.00000000	      0.00000000	     -0.00000000	      0.00000000	      0.00000000	     -0.00000000	      0.15346811	      0.09222911	      0.09689888	      0.07600161	      0.00070411	     -0.05952603	     -0.17802660	      0.13543590	     -0.06619282	     -0.21579198
