CEINMS output
datacolumns 81
datarows 708
endheader
time	addbrev_r	addlong_r	addmagDist_r	addmagIsch_r	addmagMid_r	addmagProx_r	bflh_r	bfsh_r	edl_r	ehl_r	fdl_r	fhl_r	gaslat_r	gasmed_r	glmax1_r	glmax2_r	glmax3_r	glmed1_r	glmed2_r	glmed3_r	glmin1_r	glmin2_r	glmin3_r	grac_r	iliacus_r	perbrev_r	perlong_r	piri_r	psoas_r	recfem_r	sart_r	semimem_r	semiten_r	soleus_r	tfl_r	tibant_r	tibpost_r	vasint_r	vaslat_r	vasmed_r	addbrev_l	addlong_l	addmagDist_l	addmagIsch_l	addmagMid_l	addmagProx_l	bflh_l	bfsh_l	edl_l	ehl_l	fdl_l	fhl_l	gaslat_l	gasmed_l	glmax1_l	glmax2_l	glmax3_l	glmed1_l	glmed2_l	glmed3_l	glmin1_l	glmin2_l	glmin3_l	grac_l	iliacus_l	perbrev_l	perlong_l	piri_l	psoas_l	recfem_l	sart_l	semimem_l	semiten_l	soleus_l	tfl_l	tibant_l	tibpost_l	vasint_l	vaslat_l	vasmed_l	
-0	0.0394532	0.145703	0.0963348	0.234773	0.0282705	0.0374703	0.342536	0.116653	0.363121	0.332201	0.390943	0.350526	0.402715	0.413861	0.0966113	0.121039	0.113268	0.0614166	0.0581522	0.0223358	0.0177109	0.0165425	0.0509713	0.189522	0.107491	0.149743	0.340103	0.0990952	0.0909591	0.454624	0.114534	0.356732	0.272184	0.288859	0.410307	0.239583	0.283847	0.186303	0.229292	0.200278	0.0394485	0.145637	0.0963643	0.239085	0.00975404	0.0375531	0.363018	0.115312	0.378697	0.325033	0.362795	0.346114	0.358873	0.36992	0.0968002	0.121399	0.114382	0.0614065	0.0572537	0.0221477	0.0177111	0.0213904	0.0525132	0.189253	0.107165	0.144454	0.325861	0.0988234	0.0909988	0.470161	0.113555	0.365476	0.273268	0.281418	0.420856	0.244938	0.272404	0.187031	0.223689	0.229044	
0.005	0.039456	0.145706	0.09634	0.234781	0.0282775	0.0374792	0.342471	0.116669	0.363126	0.332241	0.390948	0.350529	0.402777	0.413862	0.0966446	0.121102	0.113282	0.0614196	0.0581552	0.022341	0.0177106	0.0165426	0.0509735	0.18953	0.107492	0.149744	0.340101	0.0990992	0.0909608	0.454626	0.114561	0.356737	0.27219	0.288862	0.410314	0.23966	0.28385	0.186291	0.229301	0.200287	0.0394486	0.145641	0.0964726	0.23891	0.00975182	0.0375403	0.363019	0.115328	0.378436	0.324916	0.362799	0.34612	0.358467	0.369921	0.0968428	0.121391	0.114385	0.0614077	0.0572564	0.0221499	0.0177119	0.0213936	0.0525168	0.18926	0.107165	0.144455	0.325862	0.0988263	0.0909995	0.470164	0.113667	0.365476	0.273272	0.281421	0.420863	0.244497	0.272408	0.186892	0.223698	0.229085	
0.01	0.0394611	0.145709	0.0963476	0.234791	0.0283238	0.0375571	0.342385	0.116678	0.363301	0.332397	0.390961	0.350552	0.402923	0.413862	0.0967463	0.121266	0.11321	0.0614239	0.0581792	0.0223679	0.0177155	0.0165604	0.0509761	0.189536	0.107493	0.149746	0.340125	0.0991033	0.090963	0.45463	0.114687	0.356742	0.272194	0.288868	0.410452	0.239891	0.283865	0.186314	0.229382	0.20066	0.0394583	0.145648	0.0968682	0.238721	0.00979589	0.0377063	0.363022	0.115335	0.378303	0.324919	0.362804	0.346127	0.358254	0.369921	0.0970017	0.121636	0.114605	0.0615138	0.0572811	0.0221742	0.0177743	0.0214143	0.0525219	0.189264	0.107293	0.144455	0.325862	0.0988301	0.0909996	0.470166	0.114732	0.365477	0.272862	0.281423	0.42116	0.244247	0.272413	0.186824	0.224183	0.229141	
0.015	0.0394627	0.145711	0.096351	0.234801	0.0283879	0.0375651	0.342329	0.11668	0.363307	0.332449	0.390977	0.350584	0.402987	0.413863	0.0967806	0.121329	0.113158	0.0614264	0.0582129	0.0224048	0.0177173	0.0165865	0.0509788	0.189537	0.107493	0.149747	0.340157	0.0991074	0.0909633	0.454635	0.114635	0.356748	0.272196	0.288875	0.41057	0.240021	0.283885	0.186314	0.229494	0.201195	0.0394623	0.145652	0.0969716	0.238506	0.00986113	0.0377214	0.363026	0.115337	0.378226	0.324971	0.362807	0.346133	0.358138	0.369921	0.0970184	0.121721	0.114702	0.0616581	0.0573158	0.0222087	0.0178521	0.021443	0.0525278	0.189265	0.107503	0.144455	0.325862	0.0988345	0.0909996	0.470169	0.11557	0.365478	0.27245	0.281425	0.421474	0.244103	0.272418	0.186798	0.224876	0.22917	
0.02	0.0394624	0.145711	0.096351	0.23481	0.0284557	0.0375536	0.342313	0.116684	0.363147	0.332363	0.390994	0.350619	0.402927	0.413864	0.0967635	0.121302	0.113165	0.061427	0.0582489	0.022444	0.017717	0.0166146	0.0509818	0.189537	0.107493	0.149748	0.340186	0.0991116	0.0909631	0.45464	0.114517	0.356753	0.272197	0.288881	0.41062	0.239948	0.283904	0.186286	0.229612	0.20176	0.0394618	0.145652	0.0967063	0.238347	0.00993144	0.0377408	0.36303	0.115342	0.378182	0.325042	0.362808	0.346137	0.35807	0.369921	0.096999	0.121741	0.114694	0.0617777	0.057353	0.0222455	0.0179024	0.0214736	0.0525338	0.189265	0.107699	0.144454	0.325861	0.098839	0.0909995	0.470171	0.115392	0.36548	0.272656	0.281427	0.42167	0.244015	0.272421	0.186767	0.225604	0.229173	
0.025	0.0394621	0.14571	0.0963503	0.234829	0.0285229	0.0375408	0.342317	0.116691	0.362947	0.332231	0.39101	0.350653	0.402802	0.413864	0.0967441	0.121264	0.113192	0.0614269	0.0582848	0.0224829	0.0177168	0.0166428	0.050985	0.189537	0.107492	0.149759	0.340208	0.0991158	0.090963	0.454645	0.114463	0.35676	0.272197	0.288884	0.410626	0.239748	0.28392	0.186249	0.229728	0.202308	0.0394613	0.145652	0.0963662	0.238266	0.0100013	0.0378472	0.363035	0.11535	0.378171	0.325125	0.362809	0.346141	0.358038	0.369921	0.0970359	0.121814	0.11468	0.0618579	0.05739	0.0222823	0.0179252	0.021504	0.0525399	0.189265	0.107836	0.144454	0.325861	0.0988436	0.0909995	0.470172	0.114646	0.365482	0.273143	0.281428	0.421757	0.243971	0.272424	0.18674	0.226308	0.229169	
0.03	0.0394621	0.14571	0.0963501	0.234859	0.0285895	0.0375389	0.342324	0.116698	0.362771	0.332113	0.391027	0.350686	0.402673	0.413864	0.0967357	0.121246	0.113208	0.061427	0.0583203	0.0225214	0.017717	0.0166708	0.0509884	0.189537	0.107492	0.149793	0.340225	0.0991201	0.0909629	0.45465	0.114457	0.356766	0.272196	0.288896	0.410624	0.239524	0.283932	0.186214	0.229839	0.202836	0.0394614	0.145651	0.0961211	0.238233	0.0100704	0.037918	0.363041	0.115358	0.378187	0.325214	0.362809	0.346143	0.358037	0.369921	0.0970641	0.121871	0.114681	0.0619086	0.0574266	0.0223187	0.0179333	0.0215338	0.052546	0.189265	0.107921	0.144454	0.32586	0.0988482	0.0909994	0.470173	0.114221	0.365485	0.273497	0.281429	0.421785	0.243961	0.272426	0.186741	0.226981	0.229166	
0.035	0.0394621	0.145709	0.09635	0.234886	0.0286563	0.0375402	0.342329	0.116704	0.362626	0.332018	0.391043	0.350719	0.402561	0.413863	0.0967333	0.121242	0.113213	0.0614272	0.0583558	0.0225596	0.0177171	0.0166989	0.0509922	0.189537	0.107492	0.149815	0.340236	0.0991246	0.0909629	0.454655	0.114454	0.356774	0.272197	0.288908	0.410626	0.23932	0.283943	0.186183	0.229948	0.203349	0.0394616	0.145651	0.0959619	0.238221	0.0101396	0.0379625	0.363048	0.115364	0.378216	0.325297	0.36281	0.346145	0.358046	0.369921	0.0970897	0.121925	0.114685	0.0619403	0.0574632	0.022355	0.0179335	0.0215635	0.0525522	0.189266	0.107969	0.144453	0.32586	0.0988529	0.0909993	0.470173	0.114114	0.365489	0.273682	0.28143	0.421794	0.243963	0.272427	0.186756	0.227631	0.229163	
0.04	0.039462	0.145709	0.0963498	0.234904	0.0287242	0.0375415	0.342333	0.116708	0.362504	0.331944	0.391058	0.350752	0.402467	0.413862	0.0967327	0.121242	0.113215	0.0614274	0.0583915	0.0225979	0.0177171	0.0167274	0.0509963	0.189536	0.107492	0.14981	0.340244	0.0991292	0.0909628	0.454659	0.114447	0.356782	0.272216	0.288915	0.410632	0.239133	0.283951	0.186157	0.230055	0.203851	0.0394616	0.145651	0.0958452	0.238216	0.0102092	0.0379928	0.363056	0.115368	0.378244	0.325367	0.36281	0.346146	0.358052	0.369921	0.0971153	0.121972	0.114686	0.0619583	0.0574999	0.0223917	0.0179279	0.0215931	0.0525585	0.189266	0.10799	0.144453	0.325859	0.0988577	0.0909993	0.470172	0.114075	0.365494	0.273776	0.28143	0.421798	0.243964	0.272428	0.186766	0.228263	0.22916	
0.045	0.0394618	0.145709	0.0963495	0.234922	0.0287925	0.0375413	0.342338	0.116715	0.362424	0.331893	0.391074	0.350784	0.402387	0.41386	0.0967329	0.121242	0.113215	0.0614277	0.0584275	0.0226365	0.0177172	0.0167564	0.0510007	0.189536	0.107492	0.149796	0.34025	0.099134	0.0909627	0.454664	0.114444	0.35679	0.272245	0.288937	0.410639	0.238974	0.283957	0.186136	0.230161	0.204343	0.0394616	0.145651	0.0957557	0.238213	0.0102795	0.0380129	0.363065	0.115375	0.378266	0.32542	0.36281	0.346147	0.358051	0.36992	0.0971358	0.122005	0.114686	0.0619649	0.057537	0.0224286	0.017918	0.0216227	0.0525648	0.189266	0.107991	0.144453	0.325859	0.0988626	0.0909992	0.470171	0.114017	0.3655	0.273832	0.281431	0.4218	0.24396	0.272429	0.186769	0.228878	0.229155	
0.05	0.0394617	0.145708	0.0963492	0.234947	0.0288602	0.0375406	0.342343	0.116724	0.36239	0.331862	0.39109	0.350816	0.40232	0.413857	0.0967335	0.121242	0.113215	0.0614279	0.0584639	0.0226752	0.0177173	0.0167858	0.0510056	0.189536	0.107491	0.149791	0.340253	0.099139	0.0909627	0.454669	0.114449	0.356799	0.272263	0.28898	0.410648	0.238863	0.283962	0.18612	0.230265	0.204826	0.0394617	0.145651	0.0956896	0.238211	0.0103505	0.0380207	0.363075	0.115383	0.378277	0.325456	0.36281	0.346148	0.358039	0.36992	0.0971476	0.122019	0.114687	0.0619623	0.0575742	0.0224659	0.0179055	0.0216523	0.0525712	0.189266	0.107974	0.144453	0.325858	0.0988676	0.0909991	0.470168	0.113951	0.365506	0.273872	0.281431	0.4218	0.243947	0.272429	0.18677	0.229477	0.229149	
0.055	0.0394616	0.145708	0.0963489	0.234971	0.0289268	0.0375406	0.342348	0.11673	0.362384	0.331844	0.391105	0.350848	0.402263	0.413854	0.0967338	0.121242	0.113214	0.0614281	0.0585006	0.0227141	0.0177174	0.0168158	0.051011	0.189536	0.107491	0.149786	0.340255	0.0991443	0.0909626	0.454674	0.114456	0.356809	0.272274	0.289028	0.410658	0.238799	0.283966	0.186107	0.230368	0.2053	0.0394617	0.145651	0.095641	0.238211	0.0104223	0.03802	0.363086	0.115389	0.378276	0.325473	0.36281	0.346148	0.358013	0.36992	0.0971524	0.122019	0.114688	0.0619525	0.0576118	0.0225035	0.0178916	0.0216819	0.0525777	0.189267	0.107943	0.144452	0.325858	0.0988727	0.0909989	0.470165	0.113883	0.365514	0.273898	0.281431	0.421798	0.243924	0.272429	0.186768	0.230058	0.229141	
0.06	0.0394615	0.145707	0.0963486	0.234986	0.0289923	0.0375417	0.342353	0.116735	0.362386	0.331834	0.39112	0.35088	0.402212	0.41385	0.0967338	0.121242	0.113214	0.0614283	0.0585376	0.0227532	0.0177174	0.0168463	0.0510167	0.189535	0.107491	0.149782	0.340256	0.0991497	0.0909625	0.45468	0.114461	0.356819	0.27229	0.289073	0.41067	0.238768	0.283969	0.186094	0.23047	0.205764	0.0394618	0.145651	0.0956041	0.238212	0.0104948	0.0380131	0.363098	0.115389	0.378261	0.325472	0.36281	0.346148	0.357972	0.36992	0.0971522	0.12201	0.114689	0.0619375	0.0576496	0.0225414	0.0178772	0.0217114	0.0525841	0.189267	0.107904	0.144452	0.325858	0.0988779	0.0909988	0.470161	0.11381	0.365522	0.273911	0.281432	0.421795	0.243887	0.272429	0.186763	0.230622	0.229133	
0.065	0.0394613	0.145706	0.0963482	0.235001	0.0290572	0.0375423	0.34236	0.116738	0.362387	0.331828	0.391135	0.350911	0.40217	0.413846	0.0967336	0.121242	0.113213	0.0614285	0.0585749	0.0227926	0.0177175	0.0168773	0.051023	0.189537	0.107491	0.149777	0.340256	0.0991555	0.0909625	0.454678	0.114464	0.356835	0.272302	0.28911	0.410682	0.238753	0.283971	0.186083	0.230565	0.206212	0.0394618	0.145651	0.0955751	0.238213	0.010568	0.0380021	0.363109	0.115386	0.37823	0.325456	0.36281	0.346148	0.357913	0.369919	0.0971486	0.121994	0.114691	0.0619187	0.0576876	0.0225796	0.0178627	0.0217408	0.0525906	0.189266	0.107859	0.144452	0.325858	0.0988831	0.0909987	0.470159	0.113726	0.365528	0.273912	0.281432	0.421791	0.243834	0.272429	0.186752	0.231171	0.229125	
0.07	0.0394612	0.145706	0.0963479	0.235024	0.0291221	0.037542	0.34236	0.116738	0.362387	0.331825	0.39115	0.350943	0.40213	0.41384	0.0967332	0.121242	0.113213	0.0614287	0.0586127	0.0228322	0.0177176	0.0169088	0.0510297	0.189534	0.107491	0.149776	0.340255	0.0991614	0.0909624	0.454687	0.114465	0.356843	0.272306	0.289143	0.410698	0.238747	0.283973	0.186071	0.230669	0.206661	0.0394619	0.145651	0.095552	0.238214	0.010642	0.0379888	0.363124	0.115381	0.378183	0.325425	0.36281	0.346148	0.357838	0.369919	0.0971423	0.121974	0.114692	0.0618973	0.0577259	0.0226182	0.0178484	0.0217702	0.0525972	0.189267	0.107811	0.144452	0.325857	0.0988884	0.0909985	0.470154	0.113633	0.365538	0.273908	0.281432	0.421784	0.243765	0.272429	0.186737	0.2317	0.229116	
0.075	0.039461	0.145705	0.0963475	0.235044	0.029187	0.0375403	0.34236	0.116738	0.362388	0.331824	0.391165	0.350974	0.402096	0.413834	0.0967325	0.121241	0.113213	0.0614289	0.0586507	0.022872	0.0177177	0.0169408	0.0510368	0.189534	0.107491	0.149774	0.340253	0.0991677	0.0909623	0.454692	0.114468	0.356853	0.272306	0.289169	0.410715	0.238743	0.283974	0.18603	0.230772	0.207045	0.0394619	0.145651	0.0955722	0.238216	0.0107168	0.0379704	0.363138	0.115374	0.378117	0.325379	0.36281	0.346148	0.357748	0.369919	0.0971304	0.121946	0.114693	0.0618742	0.0577644	0.022657	0.0178347	0.0217995	0.0526037	0.189268	0.107762	0.144452	0.325857	0.0988937	0.0909984	0.470148	0.113555	0.365548	0.27389	0.281432	0.421778	0.243678	0.272429	0.186714	0.232211	0.22911	
0.08	0.0394609	0.145704	0.0963472	0.235055	0.0292513	0.0375384	0.342361	0.116739	0.362389	0.331823	0.39118	0.351005	0.402066	0.413827	0.0967314	0.121241	0.113214	0.0614291	0.0586892	0.0229121	0.0177178	0.0169733	0.0510444	0.189534	0.107491	0.149773	0.340251	0.0991742	0.0909622	0.454697	0.114472	0.356863	0.272305	0.28919	0.410731	0.238741	0.283975	0.185916	0.230875	0.207208	0.039462	0.145651	0.0956512	0.238217	0.0107924	0.0379435	0.363152	0.115366	0.378033	0.325318	0.36281	0.346148	0.357643	0.369919	0.0971097	0.121905	0.114694	0.0618501	0.0578031	0.0226961	0.017822	0.0218287	0.0526102	0.189268	0.107714	0.144452	0.325857	0.0988992	0.0909982	0.470142	0.113522	0.365558	0.273854	0.281432	0.421771	0.243573	0.272429	0.186684	0.232705	0.229107	
0.085	0.0394607	0.145704	0.0963468	0.235067	0.0293144	0.0375383	0.342362	0.11674	0.36239	0.331824	0.391195	0.351035	0.402041	0.413819	0.0967303	0.12124	0.113213	0.0614293	0.0587279	0.0229524	0.0177178	0.0170063	0.0510525	0.189534	0.10749	0.149771	0.340249	0.099181	0.0909622	0.4547	0.114472	0.356873	0.27231	0.289208	0.410748	0.238741	0.283975	0.185899	0.230978	0.207219	0.0394621	0.145651	0.0957586	0.238219	0.0108687	0.0379109	0.363167	0.115357	0.377935	0.325248	0.36281	0.346148	0.357527	0.369919	0.0970833	0.121853	0.114695	0.0618255	0.057842	0.0227355	0.0178103	0.0218578	0.0526167	0.189268	0.107667	0.144452	0.325857	0.0989046	0.090998	0.470135	0.113517	0.365568	0.273803	0.281432	0.421764	0.243453	0.272428	0.186645	0.233182	0.229108	
0.09	0.0394606	0.145703	0.0963465	0.235088	0.0293764	0.0375406	0.342364	0.116743	0.362392	0.331824	0.391209	0.351066	0.402017	0.41381	0.0967289	0.121239	0.113211	0.0614295	0.0587671	0.022993	0.0177179	0.0170399	0.051061	0.189534	0.10749	0.149768	0.340246	0.0991881	0.0909621	0.454703	0.114468	0.356883	0.272321	0.289224	0.410764	0.238741	0.283975	0.185902	0.231081	0.207203	0.0394621	0.145651	0.0958721	0.23822	0.0109458	0.037877	0.363182	0.115349	0.377824	0.325171	0.362809	0.346147	0.357401	0.369918	0.097056	0.121799	0.114696	0.0618011	0.0578811	0.0227751	0.0177996	0.0218868	0.0526232	0.189268	0.107622	0.144452	0.325857	0.0989101	0.0909978	0.470128	0.11352	0.365579	0.273743	0.281432	0.421757	0.243321	0.272428	0.186599	0.233642	0.229115	
0.095	0.0394605	0.145702	0.0963462	0.235106	0.029438	0.0375441	0.342366	0.116747	0.362393	0.331825	0.391224	0.351096	0.401995	0.413801	0.0967271	0.121237	0.113207	0.0614297	0.0588065	0.0230338	0.017718	0.0170738	0.05107	0.189534	0.10749	0.149764	0.340244	0.0991954	0.090962	0.454701	0.114461	0.356895	0.272339	0.289238	0.410778	0.238742	0.283975	0.185903	0.231183	0.2072	0.0394622	0.145651	0.0959805	0.238221	0.0110235	0.0378442	0.363197	0.115343	0.377702	0.32509	0.362809	0.346147	0.357264	0.369918	0.097031	0.121746	0.114696	0.0617771	0.0579203	0.022815	0.0177901	0.0219158	0.0526297	0.189268	0.107579	0.144452	0.325858	0.0989157	0.0909976	0.470122	0.113525	0.365589	0.27368	0.281432	0.421751	0.243175	0.272427	0.186544	0.234087	0.229128	
0.1	0.0394604	0.145701	0.0963461	0.235116	0.0294998	0.0375468	0.342372	0.116753	0.362395	0.331826	0.391238	0.351126	0.401975	0.413793	0.0967246	0.121233	0.113201	0.0614298	0.0588462	0.0230747	0.017718	0.017108	0.0510791	0.189535	0.10749	0.14976	0.340241	0.0992028	0.0909619	0.454694	0.114455	0.356912	0.272359	0.289251	0.410788	0.238743	0.283975	0.185893	0.231279	0.207203	0.0394622	0.145651	0.0960782	0.238222	0.0111017	0.0378133	0.363209	0.115338	0.377571	0.325007	0.362809	0.346146	0.357118	0.369917	0.0970097	0.121698	0.114697	0.0617538	0.0579596	0.022855	0.0177816	0.0219446	0.0526361	0.189268	0.107539	0.144452	0.325858	0.0989212	0.0909974	0.470119	0.113529	0.365597	0.273619	0.281431	0.421745	0.243017	0.272427	0.186483	0.234519	0.229147	
0.105	0.0394603	0.145701	0.0963459	0.235126	0.0295617	0.0375486	0.342374	0.116757	0.362396	0.331827	0.391253	0.351156	0.401954	0.413783	0.0967212	0.121229	0.113195	0.06143	0.0588862	0.023116	0.0177181	0.0171427	0.0510887	0.189533	0.10749	0.149758	0.340239	0.0992105	0.0909618	0.454694	0.114447	0.356924	0.272378	0.289263	0.4108	0.238743	0.283975	0.185884	0.231383	0.20721	0.0394622	0.145651	0.0961608	0.238223	0.0111804	0.0377848	0.363225	0.115337	0.377434	0.324925	0.362808	0.346146	0.356965	0.369917	0.0969926	0.121657	0.114697	0.0617315	0.0579992	0.0228953	0.017774	0.0219735	0.0526427	0.189269	0.107502	0.144453	0.325858	0.0989269	0.0909972	0.470111	0.113532	0.365608	0.273567	0.281431	0.421737	0.242851	0.272426	0.186419	0.234933	0.229167	
0.11	0.0394602	0.1457	0.0963459	0.235144	0.0296234	0.0375489	0.342377	0.116764	0.362398	0.331828	0.391267	0.351186	0.401935	0.413773	0.0967166	0.121225	0.11319	0.0614302	0.0589266	0.0231574	0.0177181	0.0171777	0.0510985	0.189532	0.10749	0.149758	0.340236	0.0992182	0.0909617	0.454694	0.114443	0.356937	0.272394	0.289272	0.410809	0.238744	0.283975	0.18588	0.231486	0.207211	0.0394622	0.145651	0.0962277	0.238224	0.0112593	0.0377593	0.363241	0.115337	0.377295	0.324846	0.362808	0.346145	0.356808	0.369916	0.09698	0.121623	0.114698	0.0617103	0.0580389	0.0229359	0.0177674	0.0220024	0.0526493	0.189269	0.107467	0.144453	0.325858	0.0989327	0.090997	0.470103	0.113533	0.365619	0.273523	0.281431	0.42173	0.242677	0.272426	0.186352	0.235332	0.229192	
0.115	0.0394602	0.145699	0.0963461	0.235162	0.0296848	0.0375479	0.342381	0.11677	0.362399	0.331828	0.391282	0.351216	0.401918	0.413762	0.0967111	0.12122	0.113186	0.0614304	0.0589672	0.023199	0.0177181	0.0172129	0.0511085	0.189532	0.10749	0.149758	0.340234	0.099226	0.0909616	0.454693	0.114441	0.35695	0.272411	0.28928	0.410815	0.238744	0.283975	0.185878	0.231589	0.20721	0.0394622	0.145651	0.0962798	0.238225	0.0113381	0.0377367	0.363258	0.115339	0.377153	0.324769	0.362808	0.346145	0.356648	0.369916	0.0969712	0.121595	0.114698	0.0616903	0.058079	0.0229767	0.0177615	0.0220315	0.0526562	0.189269	0.107435	0.144453	0.325859	0.0989386	0.0909968	0.470094	0.113533	0.365631	0.273486	0.281431	0.421723	0.242499	0.272425	0.186284	0.235719	0.22922	
0.12	0.0394602	0.145699	0.0963464	0.235173	0.0297464	0.037545	0.342386	0.116775	0.362401	0.331828	0.391296	0.351247	0.401903	0.413751	0.0967047	0.121214	0.113184	0.0614306	0.0590081	0.0232409	0.0177182	0.0172482	0.0511187	0.189531	0.10749	0.149757	0.340232	0.0992338	0.0909615	0.454694	0.114439	0.356961	0.272429	0.289287	0.410819	0.238744	0.283975	0.185874	0.231693	0.207212	0.0394621	0.14565	0.096321	0.238225	0.0114168	0.0377164	0.363276	0.115343	0.377011	0.324696	0.362807	0.346144	0.356489	0.369916	0.0969647	0.121571	0.114698	0.0616715	0.0581194	0.0230178	0.0177563	0.0220609	0.0526633	0.189269	0.107405	0.144453	0.325859	0.0989447	0.0909965	0.470084	0.113533	0.365645	0.273457	0.28143	0.421716	0.242319	0.272424	0.186216	0.236092	0.229246	
0.125	0.0394603	0.145698	0.0963468	0.235186	0.0298093	0.0375403	0.342392	0.11678	0.362402	0.331828	0.391311	0.351277	0.401891	0.413741	0.0966979	0.121209	0.113183	0.0614308	0.0590494	0.0232829	0.0177182	0.0172837	0.0511289	0.189532	0.107489	0.149757	0.340231	0.0992414	0.0909613	0.454692	0.114438	0.356975	0.272449	0.289294	0.410819	0.238744	0.283975	0.185871	0.231793	0.207211	0.039462	0.14565	0.0963558	0.238225	0.0114949	0.0376982	0.363294	0.115347	0.376867	0.324623	0.362807	0.346144	0.356329	0.369915	0.0969587	0.121548	0.114699	0.0616539	0.0581603	0.0230594	0.0177517	0.0220908	0.0526709	0.189269	0.107378	0.144454	0.32586	0.0989512	0.0909963	0.470074	0.113534	0.365659	0.27343	0.28143	0.42171	0.242138	0.272424	0.186149	0.236456	0.229272	
0.13	0.0394604	0.145698	0.0963475	0.23521	0.0298746	0.0375349	0.342398	0.116783	0.362402	0.331827	0.391325	0.351307	0.401883	0.413732	0.0966912	0.121205	0.113186	0.061431	0.059091	0.023325	0.0177182	0.0173192	0.051139	0.189532	0.107489	0.149756	0.34023	0.0992487	0.0909611	0.45469	0.114435	0.35699	0.272471	0.289301	0.410817	0.238743	0.283975	0.185865	0.231891	0.207212	0.0394619	0.145649	0.0963881	0.238225	0.0115723	0.0376815	0.363312	0.115352	0.376718	0.32455	0.362806	0.346143	0.356165	0.369914	0.0969513	0.121522	0.114699	0.0616376	0.0582016	0.0231013	0.0177477	0.0221212	0.0526791	0.189268	0.107354	0.144454	0.32586	0.0989579	0.090996	0.470064	0.113537	0.365672	0.273405	0.281429	0.421704	0.241955	0.272423	0.186085	0.236809	0.229293	
0.135	0.0394605	0.145697	0.0963483	0.235236	0.029942	0.0375293	0.342405	0.116784	0.362403	0.331826	0.39134	0.351338	0.401879	0.413724	0.096685	0.121202	0.113191	0.0614312	0.0591329	0.0233673	0.0177182	0.0173547	0.051149	0.189532	0.107489	0.149757	0.340229	0.0992558	0.0909609	0.454687	0.114433	0.357006	0.27249	0.289309	0.410813	0.238741	0.283975	0.185858	0.231985	0.207211	0.0394617	0.145649	0.0964205	0.238224	0.0116485	0.0376655	0.36333	0.115357	0.376562	0.324474	0.362806	0.346142	0.355997	0.369914	0.096942	0.121494	0.114699	0.0616224	0.0582436	0.0231437	0.0177442	0.0221523	0.0526879	0.189268	0.107332	0.144454	0.325861	0.0989651	0.0909958	0.470054	0.113541	0.365686	0.273379	0.281428	0.421698	0.241766	0.272423	0.186024	0.237154	0.22931	
0.14	0.0394607	0.145697	0.0963492	0.235256	0.0300111	0.0375254	0.34241	0.116782	0.362403	0.331824	0.391355	0.351369	0.401877	0.413717	0.0966795	0.121201	0.113198	0.0614314	0.0591751	0.0234097	0.0177182	0.0173901	0.0511587	0.189532	0.107488	0.149758	0.340229	0.0992624	0.0909607	0.454683	0.114429	0.357023	0.272506	0.289321	0.410806	0.23874	0.283975	0.185847	0.232077	0.207211	0.0394614	0.145648	0.0964541	0.238224	0.0117234	0.03765	0.363348	0.115362	0.376399	0.324393	0.362805	0.346142	0.355825	0.369913	0.0969314	0.121464	0.1147	0.0616083	0.0582863	0.0231868	0.0177411	0.0221843	0.0526975	0.189267	0.107312	0.144455	0.325861	0.0989728	0.0909955	0.470045	0.113547	0.3657	0.273353	0.281428	0.421693	0.241569	0.272422	0.185965	0.237491	0.229321	
0.145	0.0394609	0.145697	0.0963503	0.235281	0.0300822	0.0375255	0.342413	0.116778	0.362403	0.331822	0.391369	0.3514	0.401879	0.413712	0.0966753	0.1212	0.113206	0.0614316	0.0592177	0.0234522	0.0177182	0.0174253	0.0511682	0.189532	0.107487	0.14976	0.340229	0.0992685	0.0909604	0.454679	0.114423	0.35704	0.272516	0.289335	0.410798	0.238737	0.283976	0.185834	0.232167	0.207212	0.0394612	0.145647	0.0964874	0.238223	0.0117967	0.0376349	0.363364	0.115366	0.37623	0.324312	0.362804	0.346141	0.355652	0.369912	0.0969198	0.121435	0.1147	0.0615952	0.0583299	0.0232304	0.0177384	0.0222172	0.052708	0.189266	0.107294	0.144455	0.325861	0.0989811	0.0909952	0.470038	0.113555	0.365712	0.27333	0.281427	0.421689	0.241365	0.272422	0.185911	0.237822	0.229326	
0.15	0.0394611	0.145697	0.0963515	0.235316	0.0301559	0.0375302	0.342415	0.116771	0.362403	0.331819	0.391384	0.351432	0.401881	0.413708	0.0966725	0.121201	0.113213	0.0614319	0.0592608	0.0234951	0.0177182	0.0174605	0.0511775	0.189532	0.107487	0.149762	0.34023	0.0992743	0.0909601	0.454676	0.114413	0.357059	0.272524	0.289352	0.410788	0.238735	0.283976	0.18582	0.232254	0.207212	0.0394609	0.145646	0.0965171	0.238226	0.0118682	0.0376204	0.363382	0.115369	0.376061	0.324232	0.362804	0.346141	0.355478	0.369911	0.0969067	0.121406	0.114701	0.0615832	0.0583746	0.023275	0.0177359	0.0222515	0.0527197	0.189266	0.107277	0.144455	0.325862	0.0989901	0.0909949	0.47003	0.113563	0.365726	0.273309	0.281426	0.421685	0.241156	0.272421	0.185866	0.238145	0.229322	
0.155	0.0394613	0.145697	0.0963527	0.235353	0.030233	0.037537	0.34241	0.116762	0.362402	0.331816	0.391399	0.351465	0.401883	0.413704	0.0966716	0.121202	0.113218	0.0614321	0.0593043	0.0235382	0.0177182	0.0174954	0.0511865	0.189531	0.107486	0.149765	0.340231	0.0992795	0.0909597	0.454679	0.114397	0.357071	0.272529	0.289373	0.410779	0.238732	0.283977	0.1858	0.232347	0.207215	0.0394605	0.145644	0.0965405	0.238254	0.0119379	0.0376058	0.363397	0.115371	0.375895	0.324157	0.362803	0.34614	0.355304	0.369909	0.0968917	0.121377	0.114701	0.0615721	0.0584203	0.0233203	0.0177338	0.0222869	0.0527326	0.189264	0.107263	0.144456	0.325862	0.0989997	0.0909946	0.470024	0.113573	0.365737	0.273288	0.281425	0.421682	0.240941	0.272421	0.185829	0.238463	0.229312	
0.16	0.0394616	0.145697	0.0963538	0.235386	0.0303129	0.0375427	0.342407	0.116753	0.362401	0.331813	0.391415	0.351498	0.401884	0.413703	0.0966721	0.121203	0.113222	0.0614322	0.0593481	0.0235815	0.0177182	0.01753	0.0511952	0.189532	0.107485	0.149769	0.340232	0.0992843	0.0909594	0.454679	0.114385	0.357087	0.272524	0.289393	0.410767	0.238729	0.283977	0.185787	0.232437	0.207215	0.0394602	0.145643	0.0965551	0.238306	0.0120057	0.0375916	0.363414	0.115374	0.375735	0.324087	0.362802	0.34614	0.355131	0.369908	0.0968762	0.121348	0.114701	0.0615618	0.0584669	0.0233664	0.0177319	0.0223235	0.0527465	0.189264	0.10725	0.144456	0.325863	0.09901	0.0909943	0.470017	0.113582	0.365751	0.273272	0.281424	0.421679	0.240726	0.27242	0.185804	0.238772	0.229294	
0.165	0.0394617	0.145697	0.096355	0.235426	0.0303952	0.0375456	0.342404	0.116745	0.3624	0.331809	0.391431	0.351531	0.401885	0.413703	0.0966736	0.121205	0.113226	0.0614325	0.0593926	0.0236254	0.0177182	0.0175645	0.0512037	0.189532	0.107484	0.149772	0.340233	0.0992889	0.0909589	0.454678	0.114381	0.357103	0.272497	0.289413	0.410754	0.238726	0.283978	0.185776	0.232526	0.207215	0.0394599	0.145641	0.0965606	0.238356	0.0120717	0.037579	0.363431	0.115377	0.375587	0.324026	0.362802	0.346139	0.354969	0.369907	0.0968621	0.121324	0.114702	0.0615524	0.058515	0.0234136	0.0177303	0.0223616	0.0527618	0.189264	0.107238	0.144456	0.325863	0.0990212	0.0909939	0.470009	0.11359	0.365764	0.273261	0.281423	0.421676	0.240519	0.27242	0.185787	0.239074	0.229272	
0.17	0.0394619	0.145697	0.096356	0.235479	0.030479	0.0375448	0.3424	0.116737	0.362398	0.331806	0.391447	0.351566	0.401886	0.413704	0.0966758	0.121208	0.11323	0.0614328	0.0594379	0.0236699	0.0177182	0.0175991	0.0512123	0.189533	0.107483	0.149777	0.340234	0.0992932	0.0909584	0.454678	0.114385	0.357119	0.272452	0.289432	0.410742	0.238723	0.283979	0.185769	0.232617	0.207217	0.0394595	0.14564	0.0965603	0.238394	0.012136	0.0375686	0.363447	0.115381	0.375453	0.323973	0.362801	0.346138	0.354821	0.369905	0.0968507	0.121307	0.114702	0.0615437	0.0585644	0.023462	0.0177288	0.022401	0.0527784	0.189263	0.107228	0.144457	0.325863	0.0990333	0.0909935	0.470002	0.113596	0.365779	0.273256	0.281422	0.421674	0.240328	0.272419	0.185777	0.239369	0.229245	
0.175	0.039462	0.145696	0.096357	0.235536	0.0305646	0.0375404	0.342398	0.116732	0.362397	0.331803	0.391463	0.351601	0.401889	0.413707	0.0966786	0.12121	0.113235	0.0614331	0.0594839	0.0237152	0.0177182	0.0176337	0.051221	0.189533	0.107482	0.149782	0.340235	0.0992975	0.0909579	0.454678	0.114398	0.357136	0.272386	0.28945	0.41073	0.238721	0.283981	0.185764	0.23271	0.207218	0.0394592	0.145638	0.0965573	0.238424	0.0121989	0.0375605	0.363465	0.115388	0.375333	0.323927	0.3628	0.346138	0.354686	0.369904	0.0968422	0.121293	0.114703	0.0615357	0.0586152	0.0235115	0.0177275	0.0224418	0.0527964	0.189262	0.107219	0.144457	0.325864	0.0990462	0.0909931	0.469995	0.113602	0.365793	0.273259	0.281421	0.421672	0.240149	0.272419	0.185771	0.239657	0.229217	
0.18	0.0394621	0.145696	0.0963579	0.235587	0.0306522	0.0375348	0.342397	0.11673	0.362395	0.3318	0.391481	0.351636	0.401893	0.41371	0.0966817	0.121212	0.113239	0.0614335	0.0595309	0.0237613	0.0177182	0.0176685	0.05123	0.189533	0.10748	0.149785	0.340235	0.099302	0.0909574	0.454678	0.114418	0.357154	0.272301	0.289467	0.410718	0.238718	0.283982	0.185764	0.232807	0.20722	0.0394589	0.145636	0.0965529	0.238451	0.0122607	0.0375543	0.363483	0.115397	0.375223	0.323886	0.362799	0.346137	0.354561	0.369902	0.0968375	0.121282	0.114703	0.0615283	0.0586675	0.0235624	0.0177265	0.0224839	0.0528157	0.189261	0.10721	0.144457	0.325864	0.09906	0.0909926	0.469988	0.113609	0.365809	0.273267	0.28142	0.42167	0.23998	0.272418	0.185766	0.239937	0.229189	
0.185	0.0394621	0.145696	0.0963587	0.23564	0.0307422	0.0375294	0.342397	0.116734	0.362393	0.331798	0.391498	0.351672	0.401899	0.413713	0.0966846	0.121212	0.11324	0.0614338	0.0595791	0.0238086	0.0177183	0.0177038	0.0512395	0.189533	0.107479	0.149785	0.340235	0.0993068	0.0909568	0.454678	0.114445	0.357173	0.272238	0.28948	0.410707	0.238717	0.283984	0.185771	0.232906	0.207222	0.0394586	0.145634	0.0965473	0.238472	0.0123215	0.0375507	0.363502	0.115411	0.375119	0.323846	0.362798	0.346137	0.354441	0.369901	0.0968376	0.121276	0.114704	0.0615215	0.0587214	0.0236147	0.0177255	0.0225274	0.0528364	0.189261	0.107203	0.144458	0.325865	0.0990747	0.0909921	0.469981	0.113616	0.365825	0.273284	0.281419	0.421668	0.239812	0.272418	0.185759	0.24021	0.229162	
0.19	0.039462	0.145695	0.0963593	0.235703	0.0308338	0.0375257	0.3424	0.116742	0.362391	0.331796	0.391516	0.351709	0.401906	0.413717	0.096688	0.121211	0.113237	0.0614343	0.0596286	0.0238573	0.0177184	0.0177398	0.0512498	0.189533	0.107477	0.149784	0.340234	0.0993122	0.0909561	0.454679	0.114473	0.357194	0.272212	0.289491	0.410698	0.238716	0.283985	0.185784	0.23301	0.207224	0.0394583	0.145632	0.0965388	0.238479	0.0123818	0.0375503	0.363524	0.115431	0.375019	0.323806	0.362797	0.346136	0.35432	0.369899	0.0968437	0.121275	0.114704	0.0615152	0.058777	0.0236686	0.0177247	0.0225722	0.0528585	0.18926	0.107196	0.144458	0.325865	0.0990903	0.0909916	0.469974	0.113626	0.365844	0.273312	0.281418	0.421666	0.239643	0.272417	0.185749	0.240475	0.229141	
0.195	0.0394619	0.145694	0.0963599	0.235782	0.0309258	0.037525	0.342405	0.116757	0.362389	0.331794	0.391535	0.351747	0.401912	0.413721	0.0966929	0.121211	0.113232	0.0614348	0.0596796	0.0239075	0.0177185	0.0177765	0.0512611	0.189533	0.107476	0.149783	0.340233	0.0993183	0.0909554	0.45468	0.1145	0.357218	0.272208	0.289499	0.410689	0.238715	0.283987	0.185798	0.233117	0.207227	0.0394581	0.14563	0.0965263	0.238465	0.0124418	0.0375538	0.363548	0.115458	0.374921	0.323768	0.362797	0.346135	0.354198	0.369897	0.0968569	0.121282	0.114705	0.0615094	0.0588344	0.0237242	0.017724	0.0226183	0.0528819	0.18926	0.10719	0.144458	0.325866	0.099107	0.090991	0.469966	0.113638	0.365865	0.273354	0.281417	0.421664	0.239465	0.272416	0.185736	0.240732	0.229125	
0.2	0.0394618	0.145693	0.0963603	0.23586	0.0310174	0.0375285	0.342415	0.116776	0.362387	0.331793	0.391555	0.351785	0.401917	0.413725	0.0967	0.121212	0.113226	0.0614354	0.0597324	0.0239595	0.0177186	0.0178143	0.0512737	0.189532	0.107474	0.149781	0.340232	0.0993254	0.0909547	0.454681	0.114521	0.357245	0.272211	0.289505	0.410682	0.238715	0.283989	0.185811	0.233229	0.207229	0.0394579	0.145628	0.0965093	0.238432	0.0125018	0.0375612	0.363575	0.115494	0.374831	0.323736	0.362796	0.346135	0.354067	0.369895	0.0968769	0.121295	0.114707	0.0615041	0.0588938	0.0237816	0.0177235	0.0226657	0.0529068	0.18926	0.107184	0.144459	0.325866	0.0991247	0.0909903	0.469958	0.113651	0.365889	0.273413	0.281429	0.421662	0.239273	0.272416	0.185719	0.240981	0.229118	
0.205	0.0394615	0.145692	0.0963607	0.235929	0.0311086	0.0375365	0.342429	0.116801	0.362385	0.331793	0.391575	0.351823	0.40192	0.413728	0.0967098	0.121215	0.113221	0.061436	0.0597872	0.0240135	0.0177188	0.0178534	0.0512878	0.189532	0.107472	0.149784	0.340229	0.0993337	0.0909539	0.454681	0.114538	0.357276	0.272213	0.28951	0.410676	0.238715	0.283991	0.185822	0.233345	0.207232	0.0394576	0.145626	0.0964879	0.238392	0.0125621	0.037572	0.363607	0.115538	0.374761	0.323718	0.362798	0.34614	0.353915	0.369893	0.096902	0.12131	0.114709	0.0614992	0.0589552	0.023841	0.017723	0.0227144	0.0529332	0.18926	0.107179	0.144462	0.325872	0.0991434	0.0909896	0.469949	0.113665	0.365917	0.273491	0.281496	0.421659	0.239122	0.27242	0.185693	0.241223	0.229119	
0.21	0.0394612	0.14569	0.096361	0.236004	0.0312	0.0375479	0.342447	0.11683	0.362383	0.331793	0.391595	0.351862	0.40192	0.413731	0.0967223	0.121221	0.113218	0.0614367	0.0598442	0.0240697	0.017719	0.017894	0.0513037	0.189532	0.10747	0.149786	0.340227	0.0993434	0.0909531	0.454681	0.114549	0.357311	0.272213	0.289516	0.410672	0.238716	0.283993	0.185828	0.233464	0.207234	0.0394574	0.145624	0.0964613	0.238368	0.0126229	0.0375855	0.363644	0.115591	0.374719	0.323712	0.362799	0.346144	0.353717	0.369891	0.0969306	0.121327	0.114711	0.0614947	0.0590188	0.0239026	0.0177226	0.0227645	0.0529612	0.189259	0.107174	0.144463	0.325875	0.0991633	0.0909888	0.46994	0.113681	0.365949	0.273589	0.281609	0.421657	0.239035	0.272423	0.185652	0.241457	0.229128	
0.215	0.0394609	0.145689	0.0963612	0.23609	0.031292	0.0375606	0.34247	0.116863	0.362381	0.331794	0.391617	0.351901	0.401918	0.413732	0.0967371	0.12123	0.113215	0.0614375	0.0599036	0.0241283	0.0177192	0.0179363	0.0513214	0.189531	0.107468	0.14979	0.340224	0.0993545	0.0909521	0.454681	0.114554	0.357352	0.27222	0.289523	0.410668	0.238717	0.283995	0.18583	0.233586	0.207236	0.0394572	0.145622	0.0964304	0.238359	0.0126843	0.0376003	0.363688	0.115653	0.374698	0.323711	0.362797	0.346145	0.353427	0.369889	0.0969614	0.121343	0.114715	0.0614906	0.0590846	0.0239664	0.0177223	0.022816	0.0529907	0.189259	0.107169	0.144463	0.325879	0.0991844	0.0909879	0.469929	0.113697	0.365987	0.273707	0.281755	0.421654	0.238997	0.272425	0.185586	0.241684	0.229145	
0.22	0.0394605	0.145687	0.0963613	0.236172	0.0313839	0.0375716	0.342495	0.116899	0.362379	0.331795	0.391638	0.351941	0.401912	0.413733	0.0967525	0.121239	0.113212	0.0614383	0.0599655	0.0241894	0.0177194	0.0179805	0.0513413	0.189531	0.107466	0.14979	0.34022	0.0993673	0.0909512	0.454679	0.114559	0.357398	0.272251	0.289531	0.410664	0.238719	0.283997	0.185832	0.233709	0.207238	0.039457	0.14562	0.0963911	0.23833	0.0127466	0.0376134	0.363739	0.115722	0.37469	0.323712	0.362794	0.346145	0.353083	0.369887	0.0969958	0.12137	0.114718	0.0614868	0.0591529	0.0240326	0.0177221	0.0228688	0.0530218	0.189504	0.107165	0.144465	0.325883	0.0992067	0.0910041	0.469917	0.11371	0.366032	0.273849	0.281901	0.421652	0.238983	0.272427	0.185511	0.241904	0.229166	
0.225	0.0394601	0.145684	0.0963615	0.236244	0.0314745	0.0375801	0.342522	0.116935	0.362377	0.331796	0.391661	0.351981	0.401903	0.413733	0.0967668	0.121247	0.113207	0.0614391	0.0600301	0.0242532	0.0177196	0.0180267	0.0513635	0.18953	0.107464	0.149787	0.340217	0.0993818	0.0909501	0.454677	0.114564	0.357449	0.272276	0.289538	0.410661	0.238721	0.283999	0.185837	0.233833	0.20724	0.0394568	0.145617	0.0963503	0.238292	0.0128097	0.0376252	0.363798	0.115795	0.374687	0.323713	0.362791	0.346143	0.352788	0.369885	0.097033	0.121411	0.114723	0.0614834	0.0592236	0.0241013	0.0177219	0.0229231	0.0530546	0.189673	0.107161	0.144466	0.325885	0.0992303	0.0910568	0.469904	0.11372	0.366083	0.274014	0.282018	0.42165	0.238978	0.272428	0.18545	0.242117	0.229191	
0.23	0.0394596	0.145682	0.0963616	0.236318	0.031563	0.0375861	0.34255	0.116971	0.362376	0.331798	0.391683	0.352021	0.401892	0.413731	0.0967786	0.121252	0.113198	0.06144	0.0600975	0.0243197	0.0177199	0.018075	0.051388	0.189529	0.107461	0.149783	0.340213	0.0993982	0.090949	0.454673	0.11457	0.357507	0.272306	0.289543	0.410658	0.238723	0.284	0.185847	0.233957	0.207242	0.0394566	0.145614	0.0963161	0.238265	0.0128739	0.0376353	0.363865	0.115871	0.374686	0.323714	0.362789	0.346141	0.352589	0.369883	0.097068	0.121452	0.114728	0.0614803	0.0592969	0.0241725	0.0177218	0.0229789	0.0530892	0.189728	0.107156	0.144466	0.325885	0.0992552	0.0911342	0.469888	0.113725	0.366142	0.274196	0.282095	0.421647	0.238974	0.272429	0.185409	0.242325	0.229217	
0.235	0.0394591	0.145679	0.0963616	0.236405	0.0316497	0.0375907	0.342577	0.117005	0.362375	0.3318	0.391706	0.352061	0.40188	0.413729	0.096787	0.121254	0.113188	0.061441	0.0601678	0.0243891	0.0177201	0.0181256	0.0514151	0.189529	0.107458	0.149782	0.340209	0.0994164	0.0909479	0.454669	0.114576	0.35757	0.272326	0.289547	0.410655	0.238725	0.284002	0.185861	0.23408	0.207243	0.0394563	0.145612	0.0962878	0.238255	0.0129389	0.0376425	0.363941	0.115945	0.374686	0.323716	0.362788	0.346138	0.352474	0.369881	0.0970958	0.121485	0.114734	0.0614775	0.0593728	0.0242464	0.0177217	0.0230362	0.0531255	0.189729	0.107152	0.144466	0.325885	0.0992815	0.0912129	0.469872	0.113726	0.366209	0.274382	0.282142	0.421645	0.238972	0.272428	0.185391	0.242527	0.229242	
0.24	0.0394586	0.145676	0.0963617	0.236495	0.0317351	0.0375944	0.342602	0.117035	0.362373	0.331802	0.391729	0.352101	0.401866	0.413725	0.0967918	0.121252	0.113177	0.0614419	0.0602411	0.0244614	0.0177204	0.0181785	0.0514447	0.189528	0.107456	0.149781	0.340205	0.0994365	0.0909467	0.454664	0.11458	0.357637	0.272366	0.289549	0.410651	0.238728	0.284003	0.185876	0.234202	0.207244	0.0394562	0.145609	0.0962632	0.238254	0.0130048	0.0376465	0.364026	0.116014	0.374687	0.323718	0.362786	0.346136	0.352404	0.369878	0.0971138	0.121504	0.11474	0.061475	0.0594513	0.0243229	0.0177217	0.0230951	0.0531637	0.18973	0.107149	0.144467	0.325885	0.0993091	0.0912778	0.469853	0.113724	0.366283	0.274562	0.282171	0.421643	0.238971	0.272426	0.185387	0.242724	0.229265	
0.245	0.039458	0.145673	0.0963617	0.23658	0.0318196	0.0375977	0.342625	0.117058	0.362372	0.331805	0.391752	0.352141	0.401852	0.41372	0.0967938	0.12125	0.113168	0.0614428	0.0603174	0.0245365	0.0177207	0.0182337	0.0514768	0.189527	0.107453	0.149779	0.340201	0.0994585	0.0909454	0.454657	0.114578	0.357709	0.272402	0.28955	0.410647	0.23873	0.284004	0.185889	0.234321	0.207245	0.039456	0.145606	0.0962423	0.238257	0.0130716	0.0376475	0.364119	0.116077	0.374688	0.32372	0.362785	0.346136	0.352356	0.369876	0.0971211	0.121509	0.114746	0.0614727	0.0595325	0.024402	0.0177217	0.0231555	0.0532036	0.189759	0.107145	0.144469	0.325889	0.0993382	0.0913234	0.469831	0.113718	0.366364	0.274729	0.282192	0.42164	0.23897	0.272427	0.185393	0.242917	0.229285	
0.25	0.0394575	0.14567	0.0963617	0.236665	0.0319029	0.0375998	0.342644	0.117074	0.362371	0.331807	0.391776	0.352181	0.401837	0.413713	0.0967934	0.121248	0.113163	0.0614437	0.0603966	0.0246145	0.0177209	0.0182914	0.0515116	0.189526	0.10745	0.149776	0.340197	0.0994824	0.090944	0.45465	0.114572	0.357784	0.272451	0.289549	0.410643	0.238732	0.284005	0.185899	0.234437	0.207246	0.0394559	0.145603	0.0962259	0.23826	0.0131391	0.0376455	0.364219	0.116131	0.37469	0.323721	0.362784	0.346136	0.352316	0.369873	0.0971175	0.121502	0.114753	0.0614706	0.0596162	0.0244837	0.0177217	0.0232175	0.0532454	0.18982	0.107141	0.144471	0.325891	0.0993686	0.0913474	0.469808	0.113711	0.366451	0.274877	0.28221	0.421638	0.23897	0.272428	0.185405	0.243106	0.229301	
0.255	0.039457	0.145667	0.0963617	0.236759	0.0319842	0.0376008	0.342659	0.117082	0.362371	0.331809	0.391799	0.352221	0.401821	0.413706	0.0967911	0.121246	0.113164	0.0614447	0.0604786	0.0246951	0.0177212	0.0183515	0.0515488	0.189526	0.107447	0.149772	0.340193	0.099508	0.0909427	0.454642	0.114563	0.357862	0.272478	0.289546	0.410638	0.238734	0.284005	0.185905	0.234551	0.207246	0.0394556	0.145599	0.0962154	0.238263	0.0132073	0.0376409	0.364325	0.116175	0.374692	0.323722	0.362782	0.346136	0.352283	0.36987	0.0971036	0.121483	0.114759	0.0614688	0.0597024	0.0245679	0.0177217	0.023281	0.053289	0.18991	0.107137	0.144471	0.325892	0.0994004	0.0913475	0.469782	0.113704	0.366543	0.275001	0.282225	0.421635	0.23897	0.272429	0.185403	0.243278	0.229313	
0.26	0.0394564	0.145663	0.0963617	0.236848	0.032063	0.0375998	0.34267	0.117082	0.36237	0.331811	0.391822	0.352261	0.401806	0.413698	0.0967865	0.121244	0.113169	0.0614456	0.0605635	0.0247782	0.0177214	0.0184138	0.0515884	0.189525	0.107444	0.149767	0.34019	0.0995352	0.0909412	0.454634	0.114555	0.35794	0.272503	0.28954	0.410634	0.238736	0.284005	0.18591	0.234662	0.207247	0.0394554	0.145596	0.0962109	0.238268	0.013276	0.0376343	0.364435	0.116207	0.374694	0.323723	0.362781	0.346134	0.352262	0.369868	0.0970805	0.121454	0.114766	0.0614671	0.059791	0.0246546	0.0177218	0.0233459	0.0533342	0.190001	0.107133	0.14447	0.32589	0.0994335	0.0913217	0.469753	0.113699	0.366639	0.275098	0.282234	0.421632	0.238971	0.272428	0.185343	0.243387	0.229319	
0.265	0.0394559	0.145659	0.0963616	0.236929	0.0321393	0.0375964	0.342678	0.117076	0.36237	0.331813	0.391845	0.3523	0.401792	0.413689	0.0967803	0.121243	0.113177	0.0614464	0.060651	0.0248638	0.0177217	0.0184784	0.0516304	0.189524	0.107441	0.149763	0.340188	0.0995641	0.0909397	0.454625	0.114549	0.35802	0.272519	0.289534	0.41063	0.238738	0.284005	0.185911	0.23477	0.207248	0.0394552	0.145593	0.0962111	0.238289	0.013345	0.0376267	0.364547	0.116227	0.374696	0.323725	0.362779	0.346132	0.352244	0.369865	0.0970506	0.121417	0.114772	0.0614656	0.0598818	0.0247434	0.0177219	0.0234123	0.053381	0.190062	0.10713	0.144471	0.32589	0.0994679	0.0912692	0.469722	0.113696	0.366737	0.275164	0.28224	0.42163	0.238972	0.272425	0.185319	0.243428	0.22932	
0.27	0.0394554	0.145656	0.0963616	0.237007	0.0322135	0.0375906	0.342682	0.117063	0.36237	0.331815	0.391867	0.352338	0.401779	0.413679	0.0967733	0.121242	0.11319	0.0614472	0.060741	0.0249515	0.0177219	0.0185452	0.0516744	0.189523	0.107437	0.149759	0.340185	0.0995942	0.0909382	0.454615	0.114543	0.3581	0.272521	0.289526	0.410626	0.238739	0.284005	0.18591	0.234876	0.207248	0.039455	0.145589	0.096215	0.238323	0.0134144	0.0376195	0.36466	0.116231	0.374698	0.323727	0.362778	0.34613	0.352229	0.369862	0.0970169	0.121376	0.114777	0.0614642	0.0599747	0.0248343	0.0177219	0.0234799	0.0534293	0.190087	0.107126	0.144471	0.325891	0.0995034	0.0911927	0.469689	0.113698	0.366836	0.275196	0.282244	0.421627	0.238973	0.272423	0.185324	0.243435	0.229316	
0.275	0.0394549	0.145652	0.0963615	0.237088	0.0322858	0.0375827	0.342683	0.117046	0.36237	0.331817	0.391889	0.352376	0.401769	0.413669	0.0967661	0.121243	0.113205	0.061448	0.0608331	0.025041	0.0177221	0.018614	0.0517205	0.189522	0.107434	0.149757	0.340184	0.0996256	0.0909367	0.454606	0.114539	0.358179	0.272506	0.289521	0.410623	0.23874	0.284004	0.185905	0.234979	0.207249	0.0394548	0.145586	0.0962226	0.238363	0.0134839	0.0376139	0.364773	0.116219	0.3747	0.323729	0.362776	0.346128	0.352219	0.369858	0.0969826	0.121335	0.114782	0.0614629	0.0600693	0.024927	0.017722	0.0235488	0.053479	0.19009	0.107122	0.144472	0.325892	0.0995399	0.0910946	0.469653	0.113703	0.366935	0.275191	0.282244	0.421624	0.238974	0.27242	0.185333	0.243435	0.229308	
0.28	0.0394544	0.145648	0.0963614	0.237178	0.0323568	0.0375732	0.342682	0.117026	0.36237	0.331818	0.39191	0.352414	0.401761	0.413658	0.0967589	0.121244	0.113219	0.0614487	0.0609272	0.0251322	0.0177223	0.0186846	0.0517683	0.189522	0.107431	0.149757	0.340183	0.0996581	0.0909351	0.454596	0.114538	0.358258	0.272468	0.289517	0.410621	0.238741	0.284003	0.1859	0.23508	0.207249	0.0394545	0.145582	0.0962402	0.238431	0.0135534	0.0376102	0.364885	0.116192	0.374703	0.323732	0.362775	0.346127	0.352225	0.369855	0.0969512	0.1213	0.114786	0.0614618	0.0601656	0.0250213	0.017722	0.0236187	0.0535299	0.189988	0.107119	0.144472	0.325892	0.0995774	0.0909947	0.469616	0.113712	0.367033	0.275149	0.282239	0.421621	0.238975	0.272417	0.185323	0.243436	0.229298	
0.285	0.039454	0.145644	0.0963612	0.237265	0.0324273	0.0375625	0.342678	0.117004	0.36237	0.331819	0.391931	0.352451	0.401757	0.413647	0.0967516	0.121244	0.113231	0.0614494	0.061023	0.0252247	0.0177225	0.0187569	0.0518176	0.189521	0.107427	0.149759	0.340182	0.0996913	0.0909335	0.454586	0.114541	0.358335	0.272422	0.289515	0.41062	0.238742	0.284002	0.185896	0.235179	0.20725	0.0394543	0.145579	0.0962779	0.238556	0.0136229	0.0376055	0.364993	0.116153	0.374705	0.323734	0.362773	0.346128	0.352294	0.369852	0.0969291	0.121286	0.11479	0.0614607	0.0602631	0.0251169	0.0177221	0.0236894	0.0535818	0.189614	0.107115	0.144474	0.325893	0.0996157	0.0909671	0.469576	0.113721	0.367128	0.275079	0.282213	0.421619	0.238976	0.272416	0.185303	0.243438	0.229286	
0.29	0.0394537	0.145641	0.096361	0.237346	0.0324984	0.0375514	0.342672	0.116983	0.36237	0.33182	0.39195	0.352487	0.401756	0.413636	0.0967443	0.121243	0.11324	0.0614501	0.0611201	0.0253181	0.0177226	0.0188306	0.0518681	0.18952	0.107424	0.149762	0.340183	0.0997252	0.0909319	0.454576	0.114547	0.358412	0.272383	0.289514	0.410621	0.238742	0.284	0.185895	0.235277	0.207251	0.0394541	0.145575	0.0963211	0.238607	0.0136922	0.0375994	0.365099	0.116106	0.374708	0.323737	0.362773	0.346131	0.352449	0.369848	0.096919	0.1213	0.114793	0.0614598	0.0603617	0.0252135	0.0177221	0.0237609	0.0536345	0.189347	0.107112	0.144476	0.325893	0.0996546	0.0909678	0.469535	0.113731	0.367222	0.274991	0.282157	0.421617	0.238978	0.272419	0.185304	0.24344	0.229275	
0.295	0.0394533	0.145637	0.0963607	0.237438	0.0325709	0.037541	0.342668	0.116965	0.362371	0.331821	0.391969	0.352522	0.401757	0.413625	0.0967375	0.121241	0.113247	0.0614508	0.0612182	0.0254123	0.0177228	0.0189055	0.0519197	0.189519	0.107421	0.149765	0.340184	0.0997596	0.0909303	0.454567	0.114554	0.358489	0.272359	0.289515	0.410624	0.238742	0.283998	0.185894	0.235372	0.207252	0.0394539	0.145572	0.0963722	0.238557	0.0137613	0.0375942	0.365202	0.116055	0.374711	0.323739	0.362773	0.346134	0.352652	0.369845	0.0969184	0.121329	0.114796	0.061459	0.060461	0.0253108	0.0177221	0.023833	0.0536878	0.189265	0.107108	0.144475	0.32589	0.099694	0.0909669	0.469492	0.113742	0.367313	0.274898	0.282082	0.421616	0.238979	0.272419	0.185322	0.243441	0.229265	
0.3	0.0394529	0.145633	0.0963606	0.237544	0.0326436	0.037532	0.342671	0.116955	0.362372	0.331821	0.391987	0.352556	0.401763	0.413615	0.0967314	0.12124	0.113252	0.0614517	0.0613178	0.0255074	0.017723	0.0189819	0.0519726	0.189521	0.107418	0.149765	0.340185	0.0997946	0.0909286	0.454547	0.114563	0.358573	0.272343	0.289517	0.410626	0.238742	0.283996	0.185898	0.235456	0.207248	0.0394536	0.145568	0.0964231	0.238449	0.01383	0.0375907	0.365305	0.116008	0.374714	0.323742	0.36277	0.346132	0.352856	0.369841	0.0969227	0.12136	0.114798	0.0614585	0.0605615	0.0254094	0.0177222	0.0239059	0.0537421	0.189265	0.107105	0.144474	0.325886	0.0997342	0.0909643	0.469443	0.113752	0.367407	0.27481	0.282003	0.421614	0.238981	0.272417	0.185349	0.243439	0.229255	
0.305	0.0394531	0.14563	0.0963599	0.237643	0.0327153	0.0375249	0.342665	0.116946	0.362372	0.331822	0.392004	0.35259	0.401764	0.413603	0.0967257	0.121238	0.113255	0.0614517	0.0614161	0.0256011	0.0177228	0.0190579	0.0520247	0.189516	0.107415	0.149769	0.340188	0.0998289	0.0909272	0.45455	0.114564	0.358641	0.272391	0.28952	0.410637	0.238741	0.283994	0.185889	0.235556	0.207257	0.0394538	0.145566	0.0964615	0.238355	0.0138985	0.0375886	0.365399	0.115963	0.374717	0.323745	0.362768	0.34613	0.353056	0.369837	0.0969278	0.121388	0.114799	0.0614573	0.0606606	0.0255066	0.017722	0.0239779	0.0537954	0.189269	0.107102	0.144474	0.325885	0.0997737	0.0909627	0.469402	0.113761	0.367491	0.274721	0.281921	0.421615	0.238983	0.272414	0.185365	0.243443	0.229253	
0.31	0.0394526	0.145627	0.0963598	0.23773	0.0327847	0.0375212	0.342679	0.116952	0.362373	0.331822	0.392021	0.352623	0.40177	0.413595	0.0967219	0.121238	0.113259	0.0614527	0.0615158	0.0256958	0.0177231	0.0191354	0.0520782	0.18952	0.107411	0.14977	0.34019	0.0998638	0.0909255	0.454528	0.114568	0.358728	0.272389	0.289521	0.410642	0.238741	0.283991	0.185897	0.235634	0.207249	0.0394534	0.145563	0.0964751	0.238305	0.0139665	0.0375902	0.365498	0.115931	0.37472	0.323749	0.362765	0.346127	0.353249	0.369834	0.0969336	0.121412	0.114801	0.0614571	0.0607609	0.025605	0.0177222	0.0240509	0.0538497	0.189268	0.107098	0.144474	0.325886	0.0998139	0.090961	0.469351	0.113769	0.367582	0.274658	0.281835	0.421615	0.238984	0.272411	0.1854	0.243441	0.229248	
0.315	0.0394526	0.145624	0.0963593	0.237811	0.0328523	0.0375185	0.342689	0.116959	0.362374	0.331822	0.392036	0.352655	0.401773	0.413585	0.0967172	0.121237	0.11326	0.0614531	0.0616148	0.0257897	0.0177231	0.0192128	0.0521313	0.189517	0.107408	0.149773	0.340193	0.0998983	0.0909241	0.454521	0.114569	0.358804	0.272469	0.289522	0.410653	0.23874	0.283988	0.185893	0.23572	0.207253	0.0394534	0.145561	0.096477	0.238286	0.0140342	0.0375923	0.365592	0.11591	0.374725	0.323754	0.362763	0.346124	0.353427	0.369829	0.0969395	0.121434	0.114801	0.0614565	0.0608604	0.0257026	0.0177221	0.0241234	0.0539035	0.189264	0.107095	0.144475	0.325886	0.0998539	0.0909595	0.469304	0.113771	0.367668	0.274614	0.281751	0.421616	0.238986	0.272409	0.185423	0.243442	0.229249	
0.32	0.0394528	0.145621	0.0963586	0.237894	0.0329189	0.037516	0.342699	0.116973	0.362375	0.331821	0.39205	0.352686	0.401774	0.413574	0.0967118	0.121234	0.113261	0.0614531	0.0617121	0.0258818	0.0177229	0.0192893	0.0521834	0.189514	0.107406	0.149775	0.340197	0.099932	0.0909227	0.454525	0.114569	0.358873	0.27256	0.289521	0.410668	0.238739	0.283985	0.185894	0.235814	0.207258	0.0394537	0.145559	0.0964705	0.23828	0.0141016	0.0375943	0.365683	0.115908	0.37473	0.323758	0.362762	0.346123	0.353589	0.369825	0.0969447	0.121453	0.114801	0.0614557	0.0609582	0.0257986	0.0177219	0.0241948	0.053956	0.189262	0.107092	0.144475	0.325887	0.0998929	0.0909581	0.469258	0.113767	0.367752	0.274602	0.281664	0.421618	0.238988	0.272407	0.18545	0.243444	0.229253	
0.325	0.0394526	0.145618	0.0963582	0.237973	0.032985	0.0375131	0.342724	0.116998	0.362377	0.331821	0.392064	0.352717	0.401778	0.413565	0.0967061	0.121231	0.113261	0.0614538	0.0618093	0.0259735	0.017723	0.0193662	0.0522356	0.189516	0.107403	0.149772	0.3402	0.0999656	0.0909212	0.454516	0.114575	0.358953	0.272633	0.289516	0.41068	0.238738	0.283983	0.185904	0.235893	0.207254	0.0394536	0.145557	0.0964533	0.238277	0.0141686	0.0375973	0.365777	0.115928	0.374746	0.32377	0.36276	0.346121	0.353734	0.369821	0.0969491	0.121467	0.114802	0.0614555	0.0610557	0.0258944	0.017722	0.0242661	0.0540085	0.189264	0.107089	0.144476	0.325887	0.0999319	0.0909565	0.469209	0.113759	0.367839	0.274635	0.281583	0.42162	0.239033	0.272405	0.185485	0.243443	0.229256	
0.33	0.0394526	0.145615	0.0963577	0.238042	0.0330503	0.0375092	0.342754	0.117028	0.362378	0.331821	0.392076	0.352747	0.401783	0.413558	0.0966986	0.121226	0.11326	0.0614543	0.0619055	0.0260642	0.017723	0.0194426	0.0522873	0.189517	0.1074	0.149766	0.340204	0.0999988	0.0909198	0.454501	0.114582	0.35904	0.272726	0.289507	0.410691	0.238738	0.28398	0.185921	0.235964	0.207251	0.0394537	0.145556	0.0964295	0.238275	0.0142355	0.0376008	0.365872	0.115967	0.374785	0.323798	0.362758	0.34612	0.353861	0.369817	0.096952	0.121477	0.114802	0.0614552	0.0611523	0.0259892	0.0177219	0.0243367	0.0540603	0.189264	0.107087	0.144476	0.325887	0.0999705	0.090955	0.469159	0.113746	0.367927	0.27471	0.281521	0.421621	0.239135	0.272404	0.185524	0.243443	0.22926	
0.335	0.0394526	0.145613	0.096357	0.238114	0.0331141	0.0375049	0.342784	0.117059	0.362379	0.331821	0.392088	0.352776	0.401789	0.41355	0.0966907	0.12122	0.113257	0.0614546	0.0620002	0.0261536	0.0177229	0.0195184	0.0523381	0.189516	0.107397	0.149761	0.340207	0.100031	0.0909185	0.45449	0.114586	0.359124	0.272843	0.289496	0.410704	0.238737	0.283977	0.185933	0.236036	0.207253	0.0394539	0.145555	0.0964019	0.238273	0.0143022	0.0376049	0.365975	0.116024	0.37484	0.323835	0.362757	0.346119	0.353969	0.369813	0.0969541	0.121482	0.114802	0.0614548	0.0612475	0.0260828	0.0177218	0.0244065	0.054111	0.189264	0.107084	0.144476	0.325887	0.100008	0.0909536	0.469109	0.113731	0.368018	0.274823	0.281479	0.421623	0.239242	0.272403	0.185562	0.243443	0.229264	
0.34	0.0394528	0.145611	0.0963563	0.238181	0.0331757	0.0375008	0.342814	0.11709	0.362381	0.331821	0.3921	0.352805	0.401794	0.413542	0.0966836	0.121216	0.113256	0.0614548	0.0620934	0.0262413	0.0177228	0.0195933	0.052388	0.189515	0.107395	0.149757	0.340211	0.100064	0.0909173	0.45448	0.114587	0.359208	0.272965	0.289483	0.410717	0.238736	0.283974	0.185944	0.236107	0.207255	0.0394541	0.145554	0.096372	0.238272	0.014369	0.0376104	0.366078	0.116094	0.374896	0.323867	0.362756	0.346119	0.354062	0.369808	0.0969567	0.121486	0.114802	0.0614544	0.061341	0.0261748	0.0177217	0.024475	0.0541605	0.189265	0.107081	0.144476	0.325886	0.100045	0.0909523	0.46906	0.113715	0.368111	0.274967	0.281451	0.421625	0.239343	0.272403	0.185602	0.243443	0.229266	
0.345	0.0394528	0.145608	0.0963556	0.238224	0.0332352	0.0374967	0.342843	0.117121	0.362382	0.33182	0.39211	0.352833	0.401798	0.413535	0.0966782	0.121213	0.113255	0.0614551	0.0621848	0.0263276	0.0177227	0.0196672	0.0524369	0.189514	0.107393	0.149753	0.340214	0.100095	0.0909161	0.454471	0.114585	0.359292	0.273073	0.28947	0.41073	0.238736	0.283972	0.185952	0.236177	0.207255	0.0394544	0.145554	0.0963387	0.23827	0.014436	0.0376173	0.366167	0.116172	0.374948	0.323896	0.362754	0.346118	0.354139	0.369804	0.0969605	0.121488	0.114802	0.0614541	0.0614329	0.0262653	0.0177215	0.0245424	0.0542088	0.189265	0.107079	0.144477	0.325886	0.100081	0.0909509	0.46901	0.113701	0.368207	0.275133	0.281432	0.421625	0.23943	0.272403	0.185643	0.243443	0.229266	
0.35	0.0394529	0.145606	0.0963548	0.238242	0.0332932	0.0374927	0.342871	0.117149	0.362384	0.331821	0.39212	0.352861	0.401802	0.413527	0.0966755	0.121213	0.113257	0.0614554	0.0622745	0.0264123	0.0177226	0.0197401	0.0524848	0.189514	0.107391	0.14975	0.340217	0.100126	0.0909149	0.45446	0.11458	0.359376	0.273168	0.289455	0.41074	0.238735	0.283969	0.185958	0.236245	0.207256	0.0394547	0.145554	0.096304	0.238269	0.0145035	0.0376253	0.366234	0.116252	0.374999	0.323925	0.362753	0.346118	0.354201	0.3698	0.0969666	0.121492	0.114802	0.0614538	0.0615231	0.0263541	0.0177214	0.0246084	0.0542556	0.189266	0.107076	0.144477	0.325886	0.100116	0.0909496	0.46896	0.113689	0.368307	0.275306	0.281419	0.421625	0.239505	0.272403	0.185683	0.243444	0.229264	
0.355	0.0394529	0.145604	0.0963539	0.238244	0.0333502	0.0374896	0.342896	0.11717	0.362386	0.331821	0.39213	0.352888	0.401806	0.41352	0.0966765	0.121217	0.113263	0.0614556	0.0623624	0.0264955	0.0177225	0.019812	0.0525317	0.189513	0.107389	0.149748	0.340219	0.100156	0.0909138	0.454449	0.114572	0.35946	0.273253	0.289441	0.410749	0.238735	0.283967	0.185957	0.236311	0.207256	0.039455	0.145555	0.0962673	0.238268	0.0145715	0.0376348	0.366279	0.116327	0.375051	0.323958	0.362752	0.346118	0.35425	0.369796	0.096976	0.121502	0.114802	0.0614536	0.0616115	0.0264414	0.0177213	0.0246731	0.054301	0.189266	0.107074	0.144477	0.325885	0.100151	0.0909484	0.46891	0.113683	0.36841	0.275476	0.281409	0.421625	0.239571	0.272403	0.185719	0.243444	0.22926	
0.36	0.039453	0.145602	0.096353	0.238241	0.0334057	0.0374879	0.342915	0.117184	0.362388	0.331821	0.392139	0.352914	0.40181	0.413512	0.0966811	0.121224	0.113271	0.0614559	0.0624487	0.0265773	0.0177224	0.0198828	0.0525776	0.189513	0.107387	0.149746	0.340221	0.100187	0.0909128	0.454435	0.114561	0.359543	0.273318	0.289428	0.410755	0.238736	0.283965	0.18595	0.236375	0.207257	0.0394554	0.145556	0.0962286	0.238268	0.0146403	0.0376457	0.366309	0.116394	0.375098	0.323982	0.362751	0.346119	0.354294	0.369792	0.0969887	0.121516	0.114803	0.0614534	0.0616981	0.026527	0.0177211	0.0247363	0.0543449	0.189267	0.107072	0.144476	0.325885	0.100184	0.0909472	0.468858	0.113683	0.368516	0.275631	0.281402	0.421623	0.239644	0.272403	0.185754	0.243443	0.229255	
0.365	0.0394532	0.1456	0.0963521	0.238237	0.0334595	0.0374864	0.342929	0.117189	0.362389	0.331822	0.392148	0.352941	0.401813	0.413505	0.0966884	0.121234	0.11328	0.0614559	0.0625325	0.0266571	0.0177222	0.019952	0.052622	0.189513	0.107385	0.149744	0.340223	0.100216	0.0909118	0.454417	0.11455	0.359625	0.273356	0.289416	0.410759	0.238736	0.283963	0.185939	0.236436	0.207257	0.0394558	0.145558	0.096192	0.238267	0.01471	0.0376567	0.36633	0.116446	0.37514	0.324003	0.36275	0.346119	0.354332	0.369789	0.0970038	0.121534	0.114803	0.061453	0.0617823	0.0266104	0.0177209	0.0247975	0.0543868	0.189269	0.107069	0.144476	0.325884	0.100216	0.0909461	0.468805	0.113689	0.36863	0.27576	0.281396	0.421621	0.239719	0.272404	0.185784	0.243441	0.229249	
0.37	0.0394531	0.145598	0.0963513	0.238234	0.0335106	0.0374857	0.342933	0.117185	0.362391	0.331823	0.392157	0.352967	0.401815	0.413497	0.0966974	0.121245	0.113289	0.0614564	0.0626151	0.026736	0.0177221	0.0200205	0.0526659	0.189511	0.107383	0.149742	0.340224	0.100245	0.0909108	0.4544	0.114543	0.359702	0.273353	0.289404	0.410762	0.238737	0.283961	0.185923	0.236499	0.20726	0.0394561	0.14556	0.0961609	0.238266	0.0147808	0.037667	0.366341	0.116476	0.37518	0.324023	0.362749	0.34612	0.354363	0.369784	0.097021	0.121554	0.114804	0.061453	0.0618652	0.0266927	0.0177208	0.0248576	0.0544276	0.189267	0.107067	0.144476	0.325883	0.100247	0.0909448	0.468757	0.113699	0.368737	0.275848	0.281392	0.42162	0.239787	0.272405	0.185796	0.243444	0.229248	
0.375	0.039453	0.145596	0.0963505	0.238231	0.0335595	0.0374857	0.342929	0.117171	0.362394	0.331824	0.392165	0.352993	0.401816	0.413488	0.0967067	0.121256	0.113299	0.0614567	0.0626964	0.0268139	0.017722	0.0200882	0.0527091	0.18951	0.107381	0.149742	0.340225	0.100275	0.0909099	0.454386	0.114539	0.359772	0.273318	0.289394	0.410764	0.238737	0.28396	0.185904	0.236566	0.207263	0.0394564	0.145561	0.0961363	0.238266	0.0148526	0.0376764	0.366347	0.116483	0.375219	0.324045	0.362749	0.346121	0.354388	0.36978	0.0970385	0.121574	0.114805	0.0614529	0.0619465	0.0267736	0.0177207	0.0249163	0.054467	0.189267	0.107065	0.144476	0.325882	0.100277	0.0909437	0.468713	0.113714	0.368822	0.275889	0.281389	0.421618	0.239847	0.272406	0.1858	0.243447	0.229248	
0.38	0.0394531	0.145594	0.0963498	0.238228	0.0336069	0.0374856	0.34292	0.117151	0.362396	0.331824	0.392173	0.353019	0.401818	0.41348	0.0967159	0.121267	0.113307	0.061457	0.062776	0.0268907	0.0177219	0.0201547	0.0527513	0.18951	0.10738	0.149742	0.340225	0.100304	0.0909091	0.454367	0.11454	0.35984	0.27326	0.289385	0.410763	0.238738	0.283959	0.185887	0.236631	0.207264	0.0394568	0.145563	0.0961264	0.238266	0.0149255	0.0376839	0.366351	0.116466	0.375258	0.324069	0.362748	0.346122	0.354411	0.369777	0.0970562	0.121593	0.114806	0.0614528	0.0620261	0.026853	0.0177205	0.0249736	0.0545048	0.189268	0.107063	0.144475	0.325881	0.100306	0.0909427	0.468668	0.113728	0.36888	0.27588	0.281387	0.421616	0.2399	0.272407	0.185792	0.243447	0.229249	
0.385	0.0394533	0.145592	0.0963492	0.238225	0.0336537	0.0374845	0.342908	0.117126	0.362398	0.331825	0.392182	0.353044	0.401821	0.413471	0.0967248	0.121278	0.113317	0.0614571	0.062854	0.0269662	0.0177217	0.02022	0.0527926	0.18951	0.107378	0.149743	0.340225	0.100332	0.0909083	0.454346	0.114542	0.359905	0.273191	0.289376	0.410761	0.238738	0.283958	0.185868	0.236694	0.207265	0.0394572	0.145565	0.0961362	0.238265	0.0149993	0.0376891	0.366351	0.116423	0.375296	0.324093	0.362748	0.346124	0.354434	0.369773	0.0970744	0.121615	0.114808	0.0614527	0.0621039	0.0269307	0.0177204	0.0250292	0.0545411	0.189269	0.107061	0.144475	0.32588	0.100334	0.0909416	0.468624	0.11374	0.368911	0.275815	0.281386	0.421614	0.239947	0.272408	0.185766	0.243446	0.229254	
0.39	0.0394543	0.145593	0.0963488	0.238221	0.0337027	0.0374813	0.342904	0.117103	0.362399	0.331839	0.39219	0.35307	0.401831	0.413468	0.0967326	0.121287	0.113327	0.0614564	0.0629274	0.0270377	0.0177212	0.0202814	0.05283	0.189516	0.107377	0.149741	0.340226	0.100359	0.0909077	0.454301	0.114551	0.359983	0.273126	0.289363	0.410751	0.238738	0.283957	0.185862	0.236735	0.207257	0.039458	0.145568	0.0961675	0.238262	0.0150736	0.0376912	0.366348	0.116358	0.375336	0.32412	0.362748	0.346125	0.354461	0.369772	0.0970915	0.121638	0.114807	0.0614517	0.0621769	0.0270037	0.01772	0.0250815	0.0545737	0.189272	0.10706	0.144474	0.325879	0.100359	0.090941	0.468573	0.113747	0.368926	0.2757	0.281386	0.421611	0.239994	0.27241	0.185729	0.243442	0.229259	
0.395	0.0394536	0.14559	0.0963484	0.238219	0.0337508	0.0374815	0.342884	0.117069	0.362401	0.331849	0.392199	0.353096	0.401836	0.41346	0.0967409	0.121298	0.113339	0.0614576	0.0630022	0.0271109	0.0177216	0.020344	0.052869	0.189509	0.107375	0.149748	0.340226	0.100386	0.0909067	0.454279	0.114553	0.360042	0.273039	0.289355	0.410751	0.238739	0.283956	0.18583	0.236797	0.207268	0.0394577	0.145569	0.096204	0.238262	0.0151489	0.0376937	0.366339	0.116268	0.375372	0.324141	0.362748	0.346127	0.354491	0.369768	0.0971094	0.121663	0.114811	0.0614526	0.062251	0.027078	0.0177202	0.0251342	0.0546069	0.18927	0.107057	0.144474	0.325877	0.100385	0.0909397	0.468532	0.113748	0.368926	0.275533	0.281386	0.421611	0.240043	0.272411	0.185659	0.243446	0.229275	
0.4	0.0394538	0.145589	0.0963483	0.238218	0.0337991	0.037481	0.342866	0.11704	0.362403	0.331863	0.392207	0.353122	0.401842	0.413453	0.096747	0.121307	0.113351	0.0614579	0.0630756	0.0271831	0.0177213	0.0204053	0.0529069	0.189508	0.107374	0.149754	0.340226	0.100414	0.090906	0.454258	0.114556	0.360097	0.272974	0.289347	0.41075	0.238739	0.283956	0.18581	0.236858	0.207271	0.039458	0.145571	0.0962471	0.238262	0.0152247	0.0376943	0.366328	0.116165	0.375414	0.324168	0.362748	0.346129	0.354525	0.369764	0.0971248	0.121689	0.114813	0.0614526	0.0623233	0.0271507	0.01772	0.0251856	0.0546388	0.189269	0.107055	0.144473	0.325876	0.10041	0.0909389	0.468492	0.113744	0.368922	0.275333	0.281387	0.421611	0.240106	0.272413	0.18559	0.243449	0.22929	
0.405	0.039454	0.145587	0.0963482	0.238217	0.0338471	0.0374812	0.342851	0.117015	0.362405	0.331865	0.392216	0.353148	0.401851	0.413446	0.096752	0.121314	0.113361	0.0614582	0.0631482	0.0272549	0.0177212	0.0204657	0.0529441	0.189509	0.107373	0.149756	0.340226	0.100441	0.0909053	0.454238	0.114559	0.36015	0.272931	0.28934	0.410749	0.238738	0.283956	0.18579	0.236921	0.207272	0.0394583	0.145572	0.0962868	0.238262	0.0153009	0.0376947	0.366316	0.116059	0.375466	0.3242	0.362748	0.346131	0.354569	0.369761	0.0971382	0.121715	0.114815	0.0614526	0.0623945	0.0272222	0.01772	0.025236	0.0546696	0.18927	0.107054	0.144472	0.325874	0.100434	0.090938	0.468453	0.113734	0.368916	0.27512	0.281388	0.421611	0.240187	0.272415	0.185524	0.24345	0.229303	
0.41	0.0394543	0.145586	0.0963483	0.238216	0.0338954	0.0374815	0.34284	0.116996	0.362406	0.331856	0.392224	0.353174	0.40186	0.413439	0.096756	0.121321	0.11337	0.0614585	0.0632198	0.027326	0.0177212	0.0205252	0.0529806	0.189509	0.107371	0.149751	0.340226	0.100468	0.0909045	0.45422	0.11456	0.3602	0.272904	0.289332	0.410749	0.238738	0.283956	0.185777	0.236983	0.207274	0.0394585	0.145573	0.0963199	0.238261	0.0153773	0.0376948	0.366304	0.115958	0.375531	0.324242	0.362748	0.346132	0.354623	0.369759	0.0971495	0.121741	0.114818	0.0614527	0.0624643	0.0272925	0.0177199	0.0252855	0.0546994	0.18927	0.107052	0.144471	0.325872	0.100457	0.0909371	0.468416	0.113718	0.368909	0.274909	0.281389	0.421612	0.240287	0.272417	0.18547	0.243451	0.229315	
0.415	0.0394544	0.145585	0.0963486	0.238216	0.0339449	0.0374813	0.342833	0.116982	0.362408	0.331844	0.392233	0.3532	0.40187	0.413433	0.0967588	0.121326	0.113378	0.061459	0.0632907	0.0273969	0.0177211	0.0205837	0.0530164	0.189508	0.10737	0.149748	0.340226	0.100495	0.0909038	0.454204	0.114562	0.360248	0.272887	0.289322	0.410751	0.238737	0.283956	0.185765	0.237045	0.207275	0.0394586	0.145574	0.0963451	0.23826	0.0154537	0.0376944	0.366293	0.115868	0.375603	0.324289	0.362749	0.346134	0.354684	0.369756	0.0971576	0.121764	0.11482	0.0614528	0.062533	0.0273617	0.0177199	0.0253342	0.0547283	0.18927	0.10705	0.14447	0.325871	0.10048	0.0909362	0.468379	0.113696	0.368902	0.274715	0.28139	0.421612	0.240394	0.272419	0.185426	0.243452	0.229324	
0.42	0.0394547	0.145584	0.0963489	0.238216	0.0339967	0.0374798	0.342829	0.116974	0.362409	0.331835	0.392242	0.353227	0.401879	0.413427	0.0967605	0.12133	0.113384	0.0614593	0.0633607	0.0274671	0.017721	0.0206412	0.0530513	0.189508	0.107369	0.149744	0.340227	0.100522	0.0909031	0.454189	0.114563	0.360295	0.272884	0.289309	0.410754	0.238736	0.283956	0.185758	0.237106	0.207277	0.0394587	0.145575	0.0963649	0.238258	0.01553	0.0376925	0.366282	0.115792	0.375683	0.324342	0.362749	0.346136	0.354748	0.369753	0.0971611	0.12178	0.114823	0.0614529	0.0626003	0.0274295	0.0177198	0.0253819	0.0547562	0.189269	0.107049	0.144469	0.325869	0.100502	0.0909354	0.468343	0.113669	0.368895	0.274546	0.281392	0.421612	0.240505	0.272421	0.185399	0.243453	0.229329	
0.425	0.0394548	0.145583	0.0963493	0.238217	0.03405	0.0374776	0.342826	0.116968	0.36241	0.331828	0.39225	0.353254	0.401886	0.413421	0.0967616	0.121333	0.11339	0.0614599	0.0634304	0.0275373	0.017721	0.0206981	0.0530858	0.189505	0.107367	0.149742	0.340228	0.100548	0.0909023	0.454183	0.11456	0.360335	0.272891	0.289298	0.41076	0.238735	0.283956	0.185748	0.237174	0.207281	0.0394588	0.145576	0.0963807	0.238258	0.0156061	0.0376891	0.366273	0.115732	0.375761	0.324391	0.36275	0.346138	0.354813	0.36975	0.0971602	0.121791	0.114825	0.0614532	0.0626668	0.0274965	0.0177198	0.0254292	0.0547835	0.189269	0.107047	0.144468	0.325866	0.100524	0.0909346	0.46831	0.113642	0.368888	0.274407	0.281393	0.421612	0.24061	0.272422	0.185384	0.243455	0.22933	
0.43	0.0394553	0.145582	0.0963497	0.238218	0.0341047	0.0374738	0.342834	0.116971	0.362411	0.331824	0.392259	0.353281	0.401896	0.413418	0.0967621	0.121335	0.113395	0.0614601	0.0634988	0.0276064	0.0177209	0.0207536	0.053119	0.189509	0.107366	0.149737	0.340228	0.100574	0.0909016	0.454162	0.114561	0.360386	0.272914	0.289285	0.410762	0.238734	0.283957	0.185753	0.237227	0.207276	0.039459	0.145577	0.0963947	0.238256	0.0156818	0.0376842	0.366265	0.115691	0.375837	0.324438	0.362751	0.34614	0.354879	0.369748	0.0971551	0.121796	0.114827	0.0614532	0.0627315	0.0275617	0.0177197	0.0254754	0.0548095	0.18927	0.107046	0.144466	0.325864	0.100544	0.0909339	0.468275	0.113614	0.368884	0.274304	0.281395	0.421611	0.240711	0.272424	0.18539	0.243456	0.229325	
0.435	0.0394552	0.145581	0.0963501	0.238219	0.0341591	0.03747	0.342836	0.116971	0.362413	0.331821	0.392269	0.353308	0.401903	0.413414	0.0967633	0.121338	0.113401	0.0614609	0.0635677	0.0276762	0.017721	0.0208092	0.0531525	0.189505	0.107364	0.149738	0.340229	0.1006	0.0909008	0.454157	0.114556	0.360426	0.272934	0.289278	0.410769	0.238734	0.283957	0.185743	0.237291	0.207282	0.039459	0.145578	0.0964055	0.238255	0.0157573	0.0376789	0.366259	0.115666	0.375902	0.324477	0.362755	0.346145	0.354942	0.369745	0.0971472	0.121796	0.114829	0.0614536	0.062796	0.0276266	0.0177198	0.0255215	0.0548354	0.189269	0.107044	0.144466	0.325862	0.100565	0.0909331	0.468242	0.11359	0.368879	0.274235	0.281396	0.42161	0.240798	0.272428	0.185401	0.243458	0.229316	
0.44	0.0394555	0.14558	0.0963506	0.238221	0.0342145	0.0374642	0.342844	0.116976	0.362414	0.331819	0.392278	0.353336	0.40191	0.413411	0.0967642	0.121341	0.113407	0.0614613	0.0636358	0.0277454	0.0177209	0.0208638	0.0531851	0.189505	0.107363	0.149738	0.34023	0.100625	0.0909001	0.454148	0.114553	0.360468	0.272959	0.289272	0.410775	0.238733	0.283958	0.185742	0.237351	0.207282	0.0394591	0.145579	0.0964129	0.238254	0.0158323	0.0376734	0.366254	0.115655	0.375965	0.324513	0.362758	0.346149	0.355005	0.369743	0.0971379	0.121795	0.114831	0.0614537	0.0628592	0.0276901	0.0177197	0.0255668	0.0548604	0.189269	0.107043	0.144464	0.325859	0.100584	0.0909324	0.468211	0.113571	0.368876	0.274199	0.281397	0.421609	0.240884	0.272431	0.185426	0.243459	0.229302	
0.445	0.039456	0.14558	0.096351	0.238222	0.0342719	0.0374567	0.342857	0.116984	0.362413	0.331817	0.392287	0.353364	0.401921	0.41341	0.0967649	0.121343	0.113412	0.0614615	0.0637025	0.0278133	0.0177208	0.0209171	0.0532162	0.189508	0.107361	0.149736	0.340231	0.10065	0.0908995	0.454128	0.114554	0.360518	0.272981	0.289267	0.410776	0.238732	0.283958	0.185744	0.237398	0.207278	0.0394593	0.14558	0.0964171	0.238252	0.0159068	0.0376684	0.366251	0.115655	0.376025	0.324549	0.362758	0.346151	0.355071	0.369741	0.0971285	0.121794	0.114832	0.0614537	0.0629205	0.0277517	0.0177196	0.0256111	0.0548841	0.189269	0.107042	0.144463	0.325857	0.100603	0.0909318	0.468177	0.113557	0.368874	0.274191	0.281399	0.421606	0.24097	0.272433	0.185463	0.243458	0.229282	
0.45	0.039456	0.14558	0.0963513	0.238223	0.0343313	0.0374497	0.342863	0.116986	0.362413	0.331815	0.392297	0.353392	0.401929	0.413408	0.0967664	0.121346	0.113418	0.0614622	0.0637693	0.0278813	0.0177209	0.0209701	0.0532473	0.189505	0.10736	0.149735	0.340232	0.100674	0.0908987	0.45412	0.114552	0.360559	0.272986	0.289265	0.410781	0.23873	0.283959	0.185739	0.237455	0.207282	0.0394593	0.145581	0.0964169	0.238251	0.015981	0.0376649	0.366249	0.115661	0.376083	0.324583	0.362757	0.346151	0.355137	0.369738	0.0971203	0.121793	0.114834	0.061454	0.0629812	0.0278127	0.0177197	0.025655	0.0549073	0.189269	0.107041	0.144461	0.325855	0.100621	0.0909311	0.468148	0.113549	0.368871	0.274199	0.2814	0.421604	0.241051	0.272433	0.185499	0.243461	0.229262	
0.455	0.0394562	0.145579	0.0963515	0.238223	0.034393	0.0374432	0.342869	0.116988	0.362414	0.331818	0.392306	0.35342	0.401937	0.413407	0.0967681	0.121349	0.113422	0.0614626	0.0638353	0.0279487	0.0177208	0.0210225	0.0532777	0.189505	0.107358	0.149734	0.340233	0.100698	0.090898	0.454111	0.114551	0.360601	0.272983	0.289265	0.410783	0.238728	0.283959	0.185738	0.237508	0.207283	0.0394594	0.145582	0.0964131	0.238249	0.0160549	0.0376623	0.366247	0.115672	0.376134	0.324611	0.362755	0.34615	0.355197	0.369736	0.0971133	0.121792	0.114835	0.0614542	0.0630406	0.0278722	0.0177196	0.0256981	0.0549296	0.189268	0.107039	0.14446	0.325852	0.100638	0.0909305	0.46812	0.113545	0.368869	0.27422	0.281401	0.421601	0.241122	0.272433	0.185538	0.243462	0.229241	
0.46	0.0394565	0.145579	0.0963516	0.238224	0.0344558	0.0374385	0.342872	0.116988	0.362415	0.331819	0.392316	0.353449	0.401946	0.413406	0.0967703	0.121352	0.113426	0.061463	0.0639004	0.0280151	0.0177208	0.0210741	0.0533071	0.189505	0.107357	0.149737	0.340234	0.100721	0.0908973	0.454101	0.114549	0.360642	0.272978	0.289266	0.410783	0.238726	0.28396	0.185736	0.237559	0.207282	0.0394596	0.145583	0.0964074	0.238248	0.0161285	0.0376605	0.366246	0.115683	0.376181	0.324636	0.362755	0.34615	0.355256	0.369733	0.0971076	0.121791	0.114835	0.0614542	0.0630986	0.0279303	0.0177196	0.0257404	0.0549509	0.189269	0.107038	0.144458	0.32585	0.100655	0.09093	0.468092	0.113547	0.368868	0.274246	0.281401	0.421597	0.241188	0.272433	0.185578	0.243462	0.22922	
0.465	0.0394567	0.145579	0.0963516	0.238223	0.0345187	0.037436	0.342873	0.116984	0.362415	0.331818	0.392325	0.353477	0.401954	0.413405	0.0967735	0.121355	0.113428	0.0614634	0.0639645	0.0280805	0.0177208	0.0211249	0.0533357	0.189505	0.107356	0.149741	0.340235	0.100744	0.0908967	0.454091	0.114544	0.360681	0.272968	0.289271	0.410782	0.238725	0.28396	0.185734	0.237608	0.207282	0.0394598	0.145584	0.096402	0.238246	0.016202	0.0376587	0.366246	0.115694	0.376223	0.324658	0.362755	0.346149	0.35531	0.369731	0.0971032	0.121788	0.114836	0.0614543	0.0631552	0.0279869	0.0177195	0.0257818	0.0549711	0.189269	0.107037	0.144457	0.325848	0.10067	0.0909294	0.468066	0.113551	0.368867	0.274271	0.281402	0.421594	0.241246	0.272433	0.185614	0.243462	0.229201	
0.47	0.0394569	0.145579	0.0963515	0.238223	0.034581	0.0374355	0.342871	0.116976	0.362415	0.331815	0.392335	0.353506	0.401961	0.413405	0.0967772	0.121358	0.113429	0.0614638	0.0640275	0.0281447	0.0177208	0.0211748	0.0533633	0.189505	0.107354	0.149745	0.340235	0.100765	0.0908961	0.454081	0.114539	0.360719	0.272945	0.289277	0.410779	0.238725	0.283961	0.185729	0.237655	0.207282	0.0394599	0.145585	0.0963989	0.238245	0.0162753	0.0376565	0.366246	0.115702	0.376257	0.324674	0.362755	0.346149	0.355357	0.369729	0.0971001	0.121785	0.114836	0.0614543	0.0632103	0.028042	0.0177194	0.0258223	0.0549902	0.189269	0.107037	0.144456	0.325845	0.100685	0.090929	0.46804	0.113556	0.368866	0.27429	0.281403	0.42159	0.241294	0.272433	0.185642	0.243461	0.229187	
0.475	0.0394571	0.14558	0.0963514	0.238222	0.0346427	0.0374361	0.342864	0.116963	0.362415	0.331812	0.392344	0.353534	0.401966	0.413404	0.0967815	0.121362	0.11343	0.0614641	0.0640891	0.0282075	0.0177208	0.0212239	0.0533898	0.189504	0.107353	0.149749	0.340235	0.100786	0.0908955	0.454071	0.114534	0.360755	0.272915	0.289284	0.410774	0.238724	0.283961	0.185723	0.237701	0.207283	0.0394601	0.145586	0.0964002	0.238243	0.0163486	0.037654	0.366246	0.115707	0.376283	0.324684	0.362756	0.346148	0.355398	0.369727	0.0970991	0.121782	0.114837	0.0614543	0.0632639	0.0280955	0.0177194	0.0258618	0.0550081	0.189269	0.107036	0.144455	0.325843	0.100699	0.0909285	0.468015	0.113559	0.368866	0.274301	0.281403	0.421586	0.241332	0.272432	0.185661	0.24346	0.229176	
0.48	0.0394574	0.14558	0.0963512	0.238221	0.0347042	0.0374374	0.342855	0.116948	0.362416	0.331811	0.392354	0.353563	0.40197	0.413404	0.0967865	0.121366	0.113431	0.0614643	0.0641492	0.0282686	0.0177207	0.0212719	0.0534151	0.189504	0.107352	0.149756	0.340236	0.100806	0.090895	0.454061	0.114529	0.360789	0.272885	0.289292	0.410769	0.238724	0.283961	0.185715	0.237745	0.207283	0.0394603	0.145587	0.0964046	0.238241	0.0164219	0.0376519	0.366247	0.115708	0.376301	0.324689	0.362756	0.346148	0.355433	0.369725	0.0971009	0.121782	0.114837	0.0614543	0.0633158	0.0281473	0.0177193	0.0259002	0.0550248	0.18927	0.107035	0.144454	0.325841	0.100711	0.0909281	0.467987	0.11356	0.368866	0.274307	0.281404	0.421581	0.241359	0.272432	0.185671	0.243458	0.22917	
0.485	0.0394574	0.14558	0.0963509	0.23822	0.0347657	0.0374399	0.342843	0.116929	0.362416	0.33181	0.392364	0.353592	0.401973	0.413402	0.0967923	0.121372	0.113434	0.0614647	0.0642083	0.0283288	0.0177208	0.0213194	0.0534397	0.189504	0.107351	0.14976	0.340236	0.100825	0.0908945	0.454055	0.114523	0.360819	0.272853	0.289301	0.410764	0.238725	0.283961	0.185703	0.237789	0.207284	0.0394604	0.145588	0.0964119	0.23824	0.0164951	0.0376504	0.366244	0.115701	0.376312	0.324689	0.362756	0.346147	0.355468	0.369723	0.0971048	0.121785	0.114838	0.0614543	0.0633667	0.028198	0.0177193	0.0259379	0.0550407	0.189269	0.107034	0.144453	0.32584	0.100723	0.0909277	0.467967	0.113559	0.368863	0.274299	0.281404	0.421578	0.24138	0.272431	0.185662	0.24346	0.229173	
0.49	0.0394577	0.145581	0.0963507	0.238218	0.0348279	0.0374429	0.342829	0.116909	0.362417	0.33181	0.392373	0.35362	0.401974	0.413401	0.0967982	0.121378	0.113437	0.061465	0.0642659	0.0283873	0.0177207	0.0213659	0.0534631	0.189503	0.10735	0.149762	0.340235	0.100843	0.0908941	0.454049	0.114517	0.360846	0.272825	0.289311	0.410759	0.238725	0.283962	0.18569	0.237833	0.207284	0.0394606	0.145589	0.0964213	0.238239	0.0165682	0.0376488	0.366241	0.115691	0.376323	0.324691	0.362755	0.346146	0.3555	0.36972	0.0971091	0.121788	0.114838	0.0614543	0.0634161	0.0282473	0.0177192	0.0259746	0.0550554	0.189269	0.107034	0.144452	0.325838	0.100735	0.0909273	0.467946	0.113555	0.36886	0.274282	0.281404	0.421575	0.241399	0.272431	0.18565	0.243459	0.229179	
0.495	0.0394579	0.145582	0.0963504	0.238216	0.0348909	0.0374464	0.342815	0.116888	0.362418	0.33181	0.392383	0.353649	0.401974	0.413399	0.0968039	0.121384	0.11344	0.0614652	0.0643221	0.0284442	0.0177207	0.0214115	0.0534853	0.189503	0.107349	0.149765	0.340235	0.10086	0.0908936	0.454044	0.114511	0.360871	0.272802	0.289322	0.410755	0.238726	0.283962	0.185676	0.237875	0.207285	0.0394607	0.145591	0.0964336	0.238237	0.0166412	0.0376466	0.366238	0.115676	0.376333	0.324694	0.362755	0.346146	0.355528	0.369718	0.0971125	0.12179	0.114838	0.0614543	0.0634641	0.0282951	0.0177191	0.0260106	0.0550692	0.189269	0.107033	0.144451	0.325836	0.100745	0.090927	0.467925	0.113548	0.368857	0.274255	0.281404	0.421571	0.241415	0.27243	0.185632	0.243458	0.22919	
0.5	0.0394581	0.145582	0.0963501	0.238215	0.0349537	0.0374501	0.342802	0.116869	0.362419	0.331811	0.392393	0.353677	0.401973	0.413397	0.096809	0.12139	0.113444	0.0614653	0.0643767	0.0284996	0.0177206	0.021456	0.0535063	0.189503	0.107349	0.149772	0.340234	0.100876	0.0908933	0.45404	0.114505	0.360893	0.272786	0.289334	0.410752	0.238726	0.283962	0.185662	0.237917	0.207285	0.0394608	0.145591	0.0964484	0.238236	0.0167139	0.0376433	0.366234	0.115656	0.376344	0.3247	0.362755	0.346145	0.355551	0.369716	0.0971143	0.12179	0.114839	0.0614542	0.0635109	0.0283416	0.0177191	0.0260457	0.0550821	0.189269	0.107032	0.14445	0.325835	0.100755	0.0909267	0.467905	0.113539	0.368853	0.274217	0.281405	0.421567	0.241429	0.272429	0.185611	0.243456	0.229204	
0.505	0.0394583	0.145583	0.0963499	0.238213	0.0350159	0.0374536	0.342791	0.116853	0.36242	0.331812	0.392402	0.353705	0.401973	0.413394	0.0968126	0.121394	0.113446	0.0614655	0.0644299	0.0285535	0.0177206	0.0214996	0.0535262	0.189503	0.107348	0.14978	0.340234	0.100891	0.0908929	0.454038	0.1145	0.360914	0.272777	0.289347	0.41075	0.238727	0.283962	0.185648	0.237957	0.207286	0.0394609	0.145592	0.0964659	0.238234	0.0167862	0.0376391	0.36623	0.115633	0.376355	0.324705	0.362755	0.346144	0.355569	0.369714	0.0971144	0.121789	0.114839	0.0614542	0.0635566	0.0283869	0.017719	0.0260801	0.0550941	0.189269	0.107032	0.14445	0.325834	0.100763	0.0909265	0.467886	0.113529	0.368849	0.274172	0.281405	0.421564	0.241441	0.272428	0.185585	0.243455	0.229219	
0.51	0.039459	0.145586	0.0963498	0.238211	0.0350784	0.037456	0.342783	0.116841	0.362421	0.331812	0.392412	0.353734	0.401974	0.413392	0.0968139	0.121396	0.113447	0.0614651	0.0644799	0.0286042	0.0177203	0.0215407	0.0535434	0.189505	0.107348	0.149785	0.340233	0.100904	0.0908927	0.454032	0.114497	0.360936	0.27278	0.28936	0.410748	0.238728	0.283962	0.185641	0.237991	0.207284	0.0394611	0.145593	0.0964886	0.238231	0.0168578	0.0376335	0.366228	0.115609	0.376368	0.324715	0.362755	0.346144	0.355586	0.369714	0.0971122	0.121786	0.114839	0.0614539	0.0636001	0.0284301	0.0177189	0.0261133	0.0551047	0.189272	0.107032	0.144449	0.325833	0.100771	0.0909263	0.467859	0.11352	0.36885	0.274126	0.281406	0.421558	0.241455	0.272428	0.185566	0.243449	0.229231	
0.515	0.0394588	0.145586	0.0963497	0.23821	0.03514	0.0374592	0.342774	0.116829	0.362422	0.331813	0.392422	0.353762	0.401972	0.41339	0.0968139	0.121397	0.113446	0.0614657	0.0645299	0.0286549	0.0177205	0.0215819	0.0535607	0.189503	0.107347	0.149789	0.340232	0.100917	0.0908923	0.454035	0.114494	0.360952	0.272774	0.289374	0.410751	0.238729	0.283962	0.185628	0.238031	0.207287	0.039461	0.145594	0.0965174	0.23823	0.0169291	0.0376275	0.366219	0.115578	0.376378	0.324721	0.362754	0.346143	0.355603	0.369711	0.0971091	0.121785	0.11484	0.0614542	0.0636436	0.0284731	0.017719	0.0261466	0.0551152	0.189268	0.107031	0.144449	0.325832	0.100779	0.090926	0.467845	0.11351	0.368841	0.274068	0.281406	0.421557	0.241462	0.272427	0.18552	0.243454	0.22925	
0.52	0.0394593	0.145587	0.0963498	0.238209	0.0352028	0.0374609	0.342769	0.116823	0.362423	0.331813	0.392431	0.35379	0.401971	0.413389	0.0968111	0.121395	0.113444	0.0614655	0.0645777	0.0287035	0.0177203	0.0216213	0.053576	0.189504	0.107346	0.149788	0.340231	0.100929	0.0908921	0.454033	0.114492	0.36097	0.272781	0.289386	0.410755	0.238729	0.283962	0.185626	0.238064	0.207285	0.0394611	0.145594	0.0965506	0.238228	0.0169995	0.0376205	0.366214	0.115551	0.376392	0.32473	0.362754	0.346143	0.355623	0.36971	0.0971036	0.121784	0.114839	0.0614541	0.0636855	0.0285146	0.0177189	0.026179	0.0551247	0.18927	0.107031	0.144448	0.325831	0.100786	0.0909259	0.467824	0.113504	0.368838	0.274019	0.281407	0.421552	0.241477	0.272426	0.185495	0.243451	0.229259	
0.525	0.0394593	0.145588	0.0963499	0.238209	0.0352665	0.0374634	0.342764	0.116817	0.362424	0.331814	0.392441	0.353818	0.401968	0.413386	0.0968069	0.121391	0.113441	0.0614657	0.0646251	0.0287518	0.0177203	0.0216603	0.053591	0.189503	0.107346	0.149788	0.340231	0.10094	0.0908918	0.454038	0.114489	0.360983	0.272787	0.289399	0.410761	0.23873	0.283962	0.185619	0.238102	0.207287	0.0394611	0.145594	0.0965847	0.238226	0.0170691	0.0376136	0.366204	0.115521	0.376403	0.324737	0.362754	0.346142	0.355646	0.369708	0.0970964	0.121783	0.11484	0.0614542	0.0637273	0.0285557	0.017719	0.0262115	0.0551344	0.189267	0.107031	0.144448	0.325829	0.100792	0.0909257	0.467812	0.113501	0.368829	0.273967	0.281407	0.421551	0.241491	0.272426	0.185458	0.243453	0.22927	
0.53	0.0394599	0.14559	0.0963502	0.238208	0.0353321	0.0374643	0.342763	0.116814	0.362424	0.331814	0.392451	0.353847	0.401967	0.413384	0.0968007	0.121385	0.113437	0.0614654	0.0646702	0.0287979	0.0177201	0.0216972	0.0536038	0.189505	0.107345	0.149785	0.34023	0.10095	0.0908916	0.454038	0.114486	0.361	0.272801	0.289409	0.410768	0.23873	0.283962	0.185621	0.238133	0.207285	0.0394611	0.145595	0.0966161	0.238224	0.0171378	0.0376058	0.366199	0.115496	0.376424	0.324751	0.362754	0.346142	0.355672	0.369707	0.0970865	0.12178	0.114839	0.0614541	0.0637677	0.0285955	0.0177189	0.0262433	0.0551434	0.189269	0.107031	0.144447	0.325829	0.100799	0.0909256	0.467794	0.113503	0.368826	0.273926	0.281408	0.421547	0.241518	0.272425	0.185449	0.243449	0.229271	
0.535	0.0394599	0.14559	0.0963506	0.238209	0.0353979	0.0374656	0.342761	0.11681	0.362425	0.331815	0.392461	0.353875	0.401964	0.41338	0.0967937	0.121379	0.113433	0.0614657	0.0647154	0.0288443	0.0177202	0.0217339	0.0536165	0.189503	0.107345	0.149786	0.340229	0.10096	0.0908913	0.454044	0.114482	0.361013	0.272807	0.289422	0.410777	0.23873	0.283963	0.185616	0.238168	0.207286	0.0394609	0.145595	0.0966461	0.238222	0.0172053	0.0375973	0.366189	0.11547	0.376442	0.324763	0.362754	0.346142	0.355702	0.369705	0.0970748	0.121776	0.114839	0.0614543	0.0638082	0.0286353	0.017719	0.0262754	0.0551529	0.189267	0.10703	0.144446	0.325827	0.100805	0.0909254	0.467785	0.113506	0.368817	0.273883	0.281408	0.421546	0.241541	0.272425	0.185428	0.243452	0.229274	
0.54	0.0394604	0.145592	0.0963511	0.23821	0.035465	0.0374654	0.342761	0.116807	0.362426	0.331827	0.392471	0.353904	0.401962	0.413379	0.0967852	0.121371	0.113428	0.0614654	0.0647584	0.0288888	0.0177199	0.0217686	0.0536272	0.189505	0.107344	0.149788	0.340229	0.100969	0.0908912	0.454046	0.114479	0.361028	0.272818	0.289433	0.410785	0.23873	0.283963	0.185618	0.238198	0.207285	0.039461	0.145595	0.0966771	0.23822	0.0172718	0.0375868	0.366185	0.115449	0.376466	0.324781	0.362754	0.346142	0.355731	0.369704	0.0970598	0.121766	0.114839	0.0614542	0.0638476	0.0286739	0.0177189	0.0263071	0.0551617	0.189268	0.10703	0.144446	0.325827	0.100811	0.0909253	0.467768	0.113513	0.368815	0.273848	0.281409	0.421542	0.241571	0.272425	0.185435	0.243449	0.229267	
0.545	0.0394605	0.145592	0.0963518	0.238211	0.0355328	0.0374654	0.342761	0.116802	0.362426	0.331835	0.392481	0.353933	0.401959	0.413378	0.0967763	0.121364	0.113426	0.0614656	0.0648018	0.0289338	0.0177199	0.021803	0.0536379	0.189504	0.107344	0.149792	0.340228	0.100978	0.0908908	0.454052	0.114475	0.361041	0.272818	0.289447	0.410795	0.23873	0.283964	0.185614	0.23823	0.207286	0.0394607	0.145594	0.0967088	0.238218	0.0173369	0.0375755	0.366175	0.115427	0.376483	0.324791	0.362754	0.346142	0.355762	0.369702	0.0970425	0.121751	0.114838	0.0614545	0.0638874	0.0287128	0.0177191	0.0263394	0.0551708	0.189266	0.10703	0.144445	0.325825	0.100817	0.0909252	0.467762	0.11352	0.368806	0.273808	0.28141	0.421542	0.24159	0.272426	0.185428	0.243452	0.229262	
0.55	0.0394607	0.145593	0.0963526	0.238214	0.0356026	0.037464	0.342762	0.116797	0.362427	0.331833	0.392492	0.353962	0.401957	0.413377	0.096767	0.121357	0.113425	0.0614656	0.0648447	0.0289787	0.0177198	0.0218365	0.0536478	0.189505	0.107343	0.149795	0.340228	0.100986	0.0908905	0.454056	0.11447	0.361056	0.272821	0.289461	0.410803	0.23873	0.283964	0.185611	0.238261	0.207285	0.0394606	0.145594	0.0967385	0.238216	0.0174005	0.0375631	0.366168	0.115411	0.376501	0.324802	0.362754	0.346143	0.355786	0.369701	0.0970231	0.121732	0.114837	0.0614548	0.0639273	0.0287518	0.0177191	0.026372	0.0551802	0.189265	0.10703	0.144445	0.325824	0.100823	0.090925	0.467754	0.113528	0.3688	0.273772	0.28141	0.421541	0.241614	0.272426	0.18544	0.243452	0.229249	
0.555	0.0394611	0.145594	0.0963534	0.238216	0.0356747	0.0374618	0.342764	0.11679	0.362427	0.331827	0.392503	0.353992	0.401957	0.413375	0.0967581	0.121351	0.113426	0.0614655	0.0648869	0.029023	0.0177197	0.0218688	0.0536567	0.189506	0.107342	0.149798	0.340227	0.100994	0.0908903	0.454058	0.114461	0.36107	0.272828	0.289476	0.410809	0.238729	0.283965	0.185604	0.238291	0.207285	0.0394605	0.145593	0.0967639	0.238215	0.0174631	0.0375507	0.366162	0.115398	0.376512	0.324807	0.362755	0.346144	0.35581	0.3697	0.0970037	0.121709	0.114836	0.0614549	0.0639671	0.0287905	0.0177192	0.0264048	0.0551897	0.189265	0.10703	0.144444	0.325823	0.10083	0.0909249	0.467746	0.113533	0.368796	0.27374	0.281411	0.42154	0.241628	0.272427	0.185455	0.24345	0.229234	
0.56	0.0394613	0.145595	0.0963543	0.238219	0.035749	0.0374596	0.342765	0.116781	0.362427	0.33182	0.392514	0.354022	0.401957	0.413374	0.0967498	0.121346	0.113429	0.0614656	0.064929	0.0290675	0.0177196	0.0219004	0.053665	0.189506	0.107341	0.1498	0.340227	0.101001	0.0908899	0.45406	0.114451	0.361086	0.27283	0.28949	0.410813	0.238728	0.283966	0.185597	0.238321	0.207285	0.0394603	0.145592	0.0967877	0.238213	0.0175245	0.037538	0.366156	0.115388	0.37652	0.32481	0.362755	0.346145	0.355827	0.369699	0.0969848	0.121686	0.114835	0.0614552	0.0640073	0.0288297	0.0177193	0.0264382	0.0551997	0.189265	0.10703	0.144443	0.325822	0.100836	0.0909248	0.46774	0.113535	0.368791	0.273711	0.281413	0.42154	0.24164	0.272428	0.185471	0.24345	0.229217	
0.565	0.0394616	0.145596	0.0963548	0.238222	0.0358247	0.037458	0.342762	0.116771	0.362427	0.331816	0.392525	0.354052	0.401958	0.413373	0.0967423	0.121342	0.113431	0.0614656	0.0649704	0.0291116	0.0177195	0.0219311	0.0536726	0.189505	0.107341	0.149802	0.340227	0.101008	0.0908897	0.454066	0.114436	0.361097	0.272832	0.289507	0.410816	0.238727	0.283967	0.185586	0.238356	0.207287	0.0394603	0.145592	0.0968065	0.238212	0.0175853	0.0375268	0.366155	0.115382	0.376519	0.324804	0.362756	0.346146	0.355843	0.369699	0.0969673	0.121664	0.114833	0.0614553	0.0640476	0.0288688	0.0177193	0.0264716	0.0552097	0.189266	0.10703	0.144442	0.32582	0.100843	0.0909247	0.467728	0.113534	0.368791	0.273689	0.281414	0.421538	0.241641	0.272428	0.185491	0.243447	0.229197	
0.57	0.0394616	0.145596	0.0963564	0.238227	0.0359025	0.0374567	0.342764	0.116762	0.362426	0.331813	0.392538	0.354083	0.40196	0.413373	0.0967353	0.121338	0.113434	0.061466	0.0650136	0.0291578	0.0177196	0.021962	0.0536809	0.189508	0.107339	0.149801	0.340226	0.101016	0.0908891	0.454062	0.114425	0.361116	0.272822	0.289523	0.410812	0.238727	0.283968	0.18558	0.238385	0.207285	0.0394597	0.14559	0.0968179	0.238212	0.0176443	0.0375188	0.366149	0.115376	0.376512	0.324796	0.362757	0.346147	0.355853	0.369697	0.0969535	0.121645	0.114832	0.0614561	0.0640896	0.0289096	0.0177196	0.0265067	0.0552215	0.189263	0.107029	0.144441	0.325819	0.100852	0.0909244	0.467725	0.113526	0.368786	0.273664	0.281415	0.42154	0.241638	0.27243	0.185497	0.24345	0.229182	
0.575	0.0394618	0.145596	0.096357	0.23823	0.0359812	0.0374541	0.342759	0.116749	0.362426	0.331811	0.39255	0.354115	0.401961	0.413372	0.0967286	0.121334	0.113436	0.061466	0.0650566	0.029204	0.0177195	0.0219923	0.0536887	0.189505	0.107338	0.149805	0.340226	0.101024	0.0908888	0.454068	0.114407	0.361126	0.272815	0.289541	0.410809	0.238726	0.28397	0.185564	0.238426	0.207289	0.0394597	0.14559	0.0968213	0.238212	0.0177031	0.0375133	0.366146	0.115374	0.3765	0.324784	0.362758	0.346148	0.355863	0.369697	0.0969425	0.12163	0.11483	0.0614563	0.064132	0.0289509	0.0177196	0.0265421	0.0552337	0.189263	0.107029	0.144441	0.325817	0.10086	0.0909242	0.467719	0.113514	0.368784	0.273649	0.281417	0.421539	0.241628	0.272431	0.185513	0.243449	0.229163	
0.58	0.0394619	0.145596	0.0963581	0.238234	0.036062	0.0374506	0.342758	0.11674	0.362425	0.331809	0.392563	0.354147	0.401963	0.413372	0.0967221	0.12133	0.113438	0.0614663	0.0651009	0.0292519	0.0177195	0.0220228	0.0536971	0.189507	0.107337	0.149808	0.340225	0.101032	0.0908882	0.454067	0.114398	0.361142	0.272802	0.289561	0.4108	0.238725	0.283971	0.185557	0.238464	0.207289	0.0394594	0.145588	0.0968171	0.238212	0.0177609	0.0375105	0.366143	0.115372	0.376485	0.324772	0.362759	0.34615	0.355871	0.369696	0.0969343	0.121619	0.114829	0.0614569	0.064176	0.0289937	0.0177198	0.0265788	0.0552472	0.189262	0.107029	0.14444	0.325815	0.10087	0.0909239	0.467715	0.113494	0.368781	0.273635	0.281419	0.421539	0.241615	0.272432	0.185523	0.24345	0.229146	
0.585	0.0394619	0.145596	0.0963591	0.238238	0.0361447	0.0374467	0.342757	0.11673	0.362424	0.331808	0.392577	0.35418	0.401965	0.413371	0.0967155	0.121327	0.113442	0.0614666	0.0651463	0.0293013	0.0177195	0.0220533	0.0537059	0.189507	0.107335	0.149813	0.340224	0.101041	0.0908877	0.454065	0.11439	0.361158	0.272786	0.289582	0.410786	0.238725	0.283973	0.185546	0.238504	0.20729	0.0394592	0.145587	0.0968083	0.238213	0.0178184	0.0375086	0.366141	0.11537	0.376466	0.324757	0.36276	0.346151	0.355879	0.369696	0.0969281	0.121609	0.114827	0.0614576	0.0642214	0.0290379	0.0177199	0.0266164	0.0552619	0.189261	0.107028	0.144439	0.325814	0.100881	0.0909236	0.467712	0.11347	0.368779	0.273624	0.281421	0.421539	0.241595	0.272434	0.185534	0.24345	0.229129	
0.59	0.0394619	0.145595	0.09636	0.238242	0.0362291	0.0374441	0.342758	0.116722	0.362423	0.331807	0.392591	0.354213	0.401966	0.41337	0.0967098	0.121324	0.113445	0.061467	0.065193	0.0293522	0.0177195	0.0220842	0.0537154	0.189507	0.107334	0.149816	0.340222	0.101051	0.0908871	0.454061	0.11438	0.361175	0.272776	0.289606	0.410769	0.238725	0.283975	0.185533	0.238547	0.207291	0.039459	0.145586	0.0967991	0.238215	0.0178758	0.0375064	0.36614	0.11537	0.376438	0.324736	0.362761	0.346153	0.355883	0.369695	0.0969228	0.121599	0.114826	0.0614582	0.0642684	0.0290837	0.0177201	0.0266552	0.0552778	0.18926	0.107028	0.144437	0.325812	0.100892	0.0909233	0.46771	0.113442	0.368778	0.273614	0.281423	0.421538	0.241565	0.272435	0.18554	0.24345	0.229112	
0.595	0.0394619	0.145595	0.0963608	0.238245	0.0363145	0.0374436	0.342759	0.116714	0.362422	0.331806	0.392607	0.354248	0.401967	0.413369	0.0967056	0.121323	0.11345	0.0614674	0.0652412	0.029405	0.0177196	0.0221155	0.0537258	0.189507	0.107332	0.14982	0.34022	0.101062	0.0908864	0.454057	0.114365	0.361194	0.27278	0.289634	0.410749	0.238725	0.283978	0.185514	0.238592	0.207293	0.0394588	0.145584	0.0967896	0.238218	0.0179336	0.0375039	0.366141	0.11537	0.376401	0.324709	0.362762	0.346154	0.355882	0.369695	0.0969177	0.121588	0.114824	0.0614589	0.0643172	0.0291314	0.0177202	0.026695	0.055295	0.18926	0.107027	0.144436	0.32581	0.100905	0.0909229	0.467708	0.11341	0.368777	0.273604	0.281426	0.421536	0.241526	0.272437	0.185544	0.24345	0.229097	
0.6	0.0394618	0.145594	0.0963615	0.238249	0.0364004	0.0374456	0.342761	0.116708	0.362421	0.331806	0.392623	0.354282	0.401968	0.413368	0.0967034	0.121324	0.113456	0.0614679	0.0652911	0.0294597	0.0177197	0.0221474	0.0537372	0.189507	0.10733	0.149825	0.340218	0.101074	0.0908857	0.454051	0.114346	0.361213	0.272797	0.289663	0.410726	0.238726	0.28398	0.185494	0.23864	0.207295	0.0394586	0.145583	0.0967813	0.238221	0.017992	0.0375006	0.366142	0.115371	0.37636	0.32468	0.362764	0.346156	0.355876	0.369695	0.0969128	0.121576	0.114823	0.0614596	0.0643678	0.029181	0.0177204	0.0267359	0.0553135	0.189259	0.107026	0.144435	0.325809	0.100919	0.0909224	0.467706	0.113379	0.368778	0.273594	0.281428	0.421532	0.241482	0.272438	0.185546	0.243451	0.229083	
0.605	0.0394616	0.145592	0.0963622	0.238252	0.0364868	0.0374494	0.342765	0.116704	0.36242	0.331806	0.39264	0.354318	0.401967	0.413366	0.0967032	0.121327	0.113462	0.0614685	0.0653428	0.0295166	0.0177198	0.0221803	0.0537499	0.189507	0.107328	0.14983	0.340215	0.101087	0.090885	0.454045	0.114324	0.361233	0.272824	0.289692	0.410701	0.238727	0.283983	0.18547	0.238689	0.207296	0.0394585	0.145582	0.0967724	0.238224	0.0180513	0.0374975	0.366144	0.115373	0.376314	0.324649	0.362765	0.346158	0.355866	0.369696	0.0969087	0.121565	0.114822	0.0614604	0.0644205	0.0292327	0.0177205	0.0267779	0.0553333	0.189259	0.107025	0.144434	0.325807	0.100935	0.0909218	0.467704	0.113348	0.368779	0.273585	0.281431	0.421528	0.241431	0.27244	0.185546	0.243451	0.229071	
0.61	0.0394614	0.145591	0.0963628	0.238255	0.0365737	0.0374543	0.34277	0.116702	0.362419	0.331807	0.392658	0.354355	0.401965	0.413362	0.0967045	0.121331	0.113469	0.0614691	0.0653966	0.0295757	0.0177199	0.0222141	0.053764	0.189507	0.107326	0.149836	0.340211	0.101102	0.0908841	0.454039	0.114302	0.361255	0.272855	0.289723	0.410674	0.238728	0.283986	0.185445	0.238741	0.207298	0.0394584	0.14558	0.0967645	0.238228	0.018112	0.0374944	0.366147	0.115375	0.376264	0.324616	0.362767	0.34616	0.355853	0.369696	0.096905	0.121555	0.114822	0.0614612	0.0644753	0.0292868	0.0177207	0.0268209	0.0553546	0.189259	0.107024	0.144433	0.325806	0.100951	0.0909212	0.467702	0.113322	0.368781	0.273579	0.281435	0.421522	0.241374	0.272441	0.185543	0.243451	0.229061	
0.615	0.0394612	0.145589	0.0963633	0.238257	0.0366615	0.0374582	0.342775	0.116701	0.362418	0.331808	0.392676	0.354392	0.401961	0.413358	0.0967063	0.121335	0.113474	0.0614698	0.0654524	0.0296372	0.01772	0.0222491	0.0537797	0.189507	0.107324	0.149842	0.340207	0.101117	0.0908833	0.454032	0.114284	0.361277	0.27288	0.289754	0.410647	0.23873	0.283989	0.185422	0.238795	0.207299	0.0394583	0.145579	0.0967586	0.238233	0.0181743	0.0374912	0.366152	0.115378	0.376206	0.324579	0.362769	0.346161	0.355834	0.369697	0.096902	0.121546	0.114821	0.0614621	0.0645323	0.0293432	0.0177209	0.026865	0.0553772	0.189258	0.107023	0.144432	0.325804	0.100969	0.0909205	0.467701	0.113299	0.368783	0.273574	0.281438	0.421515	0.241309	0.272443	0.185537	0.243452	0.229053	
0.62	0.0394609	0.145587	0.0963638	0.23826	0.0367502	0.0374596	0.34278	0.116702	0.362416	0.331809	0.392696	0.35443	0.401954	0.413354	0.0967071	0.121337	0.113476	0.0614706	0.0655105	0.0297011	0.0177202	0.0222855	0.0537971	0.189506	0.107321	0.149846	0.340202	0.101135	0.0908823	0.454024	0.114276	0.361301	0.272889	0.289785	0.410619	0.238732	0.283992	0.185404	0.238851	0.207301	0.0394582	0.145578	0.0967555	0.238238	0.0182385	0.0374871	0.366157	0.115382	0.376146	0.32454	0.362771	0.346163	0.355814	0.369698	0.0968996	0.121538	0.114821	0.0614631	0.0645918	0.0294023	0.017721	0.0269103	0.0554014	0.189258	0.107021	0.144431	0.325803	0.100988	0.0909197	0.4677	0.113283	0.368787	0.273572	0.281442	0.421507	0.24124	0.272444	0.185529	0.243452	0.229047	
0.625	0.0394607	0.145585	0.0963643	0.238262	0.0368395	0.0374582	0.342786	0.116705	0.362415	0.33181	0.392717	0.354469	0.401947	0.413347	0.0967062	0.121337	0.113476	0.0614715	0.065571	0.0297677	0.0177204	0.0223233	0.0538163	0.189506	0.107319	0.14985	0.340197	0.101154	0.0908813	0.454017	0.114278	0.361327	0.27288	0.289814	0.410591	0.238734	0.283995	0.185394	0.238908	0.207302	0.0394581	0.145576	0.0967554	0.238243	0.0183047	0.0374825	0.366163	0.115385	0.376085	0.324503	0.362772	0.346165	0.355792	0.369699	0.0968974	0.121531	0.11482	0.0614641	0.0646539	0.0294642	0.0177212	0.0269568	0.0554271	0.189258	0.107019	0.14443	0.325801	0.101008	0.0909189	0.467699	0.113274	0.368791	0.273573	0.281446	0.421497	0.241167	0.272446	0.18552	0.243453	0.229043	
0.63	0.0394603	0.145583	0.0963648	0.238265	0.0369285	0.0374543	0.342791	0.116709	0.362414	0.331811	0.392739	0.354508	0.401937	0.413339	0.0967035	0.121334	0.113473	0.0614724	0.0656341	0.0298369	0.0177206	0.0223628	0.0538375	0.189505	0.107316	0.149855	0.340192	0.101174	0.0908802	0.454009	0.114287	0.361354	0.272857	0.289843	0.410563	0.238736	0.283998	0.185389	0.238967	0.207303	0.039458	0.145575	0.0967588	0.238248	0.0183731	0.0374783	0.36617	0.115389	0.376025	0.324468	0.362774	0.346167	0.355769	0.3697	0.0968951	0.121523	0.11482	0.0614652	0.0647187	0.029529	0.0177214	0.0270046	0.0554546	0.189257	0.107017	0.144429	0.3258	0.10103	0.0909179	0.467699	0.113272	0.368795	0.273573	0.28145	0.421487	0.241092	0.272447	0.18551	0.243454	0.229041	
0.635	0.03946	0.14558	0.0963653	0.238268	0.0370175	0.0374491	0.342796	0.116715	0.362412	0.331813	0.392762	0.354549	0.401927	0.41333	0.0966989	0.121329	0.113469	0.0614735	0.0656999	0.0299089	0.0177208	0.022404	0.0538607	0.189505	0.107313	0.14986	0.340186	0.101196	0.0908791	0.454001	0.114303	0.361382	0.27282	0.289871	0.410537	0.238737	0.284002	0.185389	0.239027	0.207304	0.0394579	0.145573	0.0967659	0.238254	0.0184436	0.0374745	0.366177	0.115392	0.375963	0.324431	0.362776	0.346169	0.355739	0.369701	0.0968913	0.121513	0.11482	0.0614663	0.0647865	0.0295969	0.0177216	0.0270538	0.0554839	0.189257	0.107015	0.144428	0.325799	0.101053	0.0909169	0.467699	0.113275	0.368801	0.273573	0.281454	0.421477	0.24101	0.272449	0.185498	0.243455	0.22904	
0.64	0.0394597	0.145577	0.096366	0.23827	0.0371069	0.0374435	0.342802	0.116722	0.36241	0.331814	0.392786	0.35459	0.401917	0.413321	0.0966925	0.121322	0.113462	0.0614747	0.0657686	0.0299837	0.0177211	0.0224471	0.0538861	0.189504	0.10731	0.149863	0.34018	0.10122	0.0908778	0.453994	0.114323	0.361413	0.272768	0.289896	0.410512	0.238739	0.284005	0.185393	0.239089	0.207305	0.0394577	0.145572	0.0967773	0.238259	0.0185164	0.0374696	0.366185	0.115395	0.375896	0.324392	0.362779	0.346171	0.355701	0.369703	0.0968866	0.1215	0.114821	0.0614676	0.0648574	0.0296682	0.0177219	0.0271046	0.0555152	0.189257	0.107013	0.144428	0.325798	0.101077	0.0909157	0.467699	0.113285	0.368806	0.273571	0.281458	0.421465	0.24092	0.27245	0.185486	0.243456	0.229041	
0.645	0.0394594	0.145575	0.0963666	0.238274	0.0371975	0.0374386	0.342808	0.116729	0.362408	0.331815	0.392811	0.354632	0.401908	0.413312	0.0966847	0.121313	0.113455	0.0614759	0.0658404	0.0300616	0.0177214	0.0224923	0.0539138	0.189504	0.107307	0.149865	0.340175	0.101246	0.0908765	0.453986	0.114345	0.361446	0.272705	0.289919	0.410488	0.23874	0.284008	0.1854	0.239152	0.207306	0.0394575	0.145569	0.0967899	0.238265	0.0185913	0.0374632	0.366193	0.115396	0.375826	0.324351	0.362781	0.346173	0.355655	0.369705	0.0968811	0.121485	0.114821	0.061469	0.0649318	0.0297431	0.0177221	0.0271572	0.0555487	0.189256	0.107011	0.144427	0.325797	0.101103	0.0909145	0.4677	0.113301	0.368812	0.273565	0.281463	0.421454	0.240825	0.272452	0.185475	0.243457	0.229042	
0.65	0.039459	0.145572	0.0963674	0.238277	0.0372894	0.0374356	0.342815	0.116735	0.362406	0.331815	0.392837	0.354675	0.401899	0.413301	0.0966765	0.121304	0.113448	0.0614774	0.0659154	0.0301425	0.0177217	0.0225396	0.0539438	0.189503	0.107303	0.149867	0.340169	0.101273	0.090875	0.453978	0.114364	0.361481	0.27264	0.289939	0.410465	0.238741	0.284012	0.185408	0.239217	0.207307	0.0394573	0.145567	0.0968019	0.23827	0.0186683	0.037456	0.366201	0.115396	0.375753	0.324307	0.362783	0.346175	0.3556	0.369708	0.096875	0.121468	0.114821	0.0614705	0.0650098	0.0298217	0.0177224	0.0272118	0.0555846	0.189256	0.107008	0.144426	0.325796	0.101132	0.0909131	0.467701	0.113322	0.368818	0.273555	0.281467	0.421443	0.240723	0.272453	0.185465	0.243458	0.229043	
0.655	0.0394587	0.145568	0.0963683	0.238281	0.0373822	0.0374355	0.342822	0.116741	0.362404	0.331815	0.392864	0.354719	0.401891	0.41329	0.0966692	0.121296	0.113443	0.0614789	0.0659938	0.0302268	0.017722	0.0225893	0.0539763	0.189502	0.107299	0.149868	0.340164	0.101302	0.0908735	0.45397	0.114379	0.361518	0.272584	0.289958	0.410444	0.238742	0.284015	0.185412	0.239284	0.207307	0.039457	0.145564	0.0968133	0.238276	0.0187474	0.0374488	0.366209	0.115394	0.375673	0.324261	0.362786	0.346177	0.355535	0.36971	0.0968685	0.121449	0.114822	0.0614721	0.0650917	0.0299043	0.0177228	0.0272685	0.055623	0.189255	0.107005	0.144425	0.325796	0.101162	0.0909116	0.467703	0.113346	0.368825	0.273541	0.281472	0.421432	0.240611	0.272455	0.185456	0.24346	0.229044	
0.66	0.0394583	0.145565	0.0963692	0.238285	0.0374755	0.0374381	0.34283	0.116745	0.362401	0.331814	0.392892	0.354764	0.401883	0.413279	0.0966634	0.12129	0.11344	0.0614806	0.066076	0.0303145	0.0177224	0.0226414	0.0540114	0.189502	0.107295	0.149869	0.340159	0.101332	0.0908718	0.453962	0.114387	0.361558	0.272538	0.289975	0.410423	0.238742	0.284018	0.185413	0.239353	0.207308	0.0394567	0.145561	0.0968237	0.238281	0.0188286	0.0374426	0.366218	0.115391	0.375588	0.324211	0.362789	0.346179	0.355463	0.369713	0.0968622	0.121431	0.114823	0.0614739	0.0651777	0.0299911	0.0177231	0.0273277	0.0556643	0.189255	0.107002	0.144425	0.325795	0.101194	0.0909099	0.467705	0.11337	0.368831	0.273524	0.281476	0.421422	0.240488	0.272457	0.185445	0.243461	0.229045	
0.665	0.0394579	0.145562	0.0963702	0.238289	0.0375693	0.0374429	0.342837	0.116747	0.362397	0.331813	0.39292	0.35481	0.401875	0.413269	0.0966589	0.121285	0.113437	0.0614824	0.0661621	0.0304059	0.0177228	0.0226963	0.0540492	0.189501	0.107291	0.149869	0.340155	0.101365	0.0908701	0.453954	0.114393	0.361601	0.27249	0.289988	0.410405	0.238741	0.284021	0.185414	0.239425	0.207309	0.0394564	0.145558	0.096831	0.238287	0.0189119	0.0374388	0.366226	0.115387	0.375499	0.324161	0.362791	0.346181	0.355384	0.369716	0.0968564	0.121413	0.114824	0.0614758	0.0652681	0.0300824	0.0177235	0.0273894	0.0557085	0.189254	0.106998	0.144424	0.325795	0.101229	0.0909082	0.467708	0.113394	0.368838	0.273505	0.281481	0.421411	0.240356	0.272458	0.185433	0.243463	0.229046	
0.67	0.0394575	0.145558	0.0963712	0.238294	0.0376641	0.0374494	0.342843	0.116747	0.362394	0.331812	0.39295	0.354857	0.401867	0.413259	0.0966553	0.121281	0.113436	0.0614844	0.0662525	0.0305012	0.0177232	0.022754	0.0540901	0.1895	0.107287	0.149867	0.340151	0.101399	0.0908682	0.453946	0.114399	0.361647	0.272429	0.289998	0.410387	0.23874	0.284025	0.185414	0.239499	0.20731	0.039456	0.145554	0.096839	0.238293	0.0189975	0.0374354	0.366235	0.115383	0.375405	0.324108	0.362794	0.346184	0.355299	0.369719	0.0968488	0.121391	0.114825	0.0614778	0.0653632	0.0301783	0.0177239	0.0274537	0.0557558	0.189254	0.106994	0.144423	0.325794	0.101266	0.0909063	0.467711	0.113415	0.368845	0.273483	0.281485	0.421402	0.240214	0.27246	0.185421	0.243465	0.229048	
0.675	0.039457	0.145553	0.0963722	0.238298	0.0377604	0.037457	0.342848	0.116745	0.362389	0.33181	0.392981	0.354905	0.401858	0.41325	0.0966521	0.121277	0.113434	0.0614866	0.0663476	0.0306007	0.0177237	0.022815	0.0541343	0.189499	0.107282	0.149864	0.340147	0.101435	0.0908661	0.453937	0.114405	0.361695	0.272355	0.290004	0.410371	0.238738	0.284028	0.185417	0.239577	0.207311	0.0394557	0.14555	0.0968485	0.238299	0.0190857	0.0374321	0.366244	0.115379	0.375295	0.324047	0.362797	0.346186	0.355191	0.369722	0.0968387	0.12136	0.114826	0.0614799	0.0654631	0.0302792	0.0177243	0.027521	0.0558063	0.189253	0.10699	0.144423	0.325794	0.101306	0.0909042	0.467713	0.113432	0.368853	0.273457	0.281489	0.421392	0.240035	0.272462	0.185403	0.243467	0.22905	
0.68	0.0394564	0.145548	0.0963732	0.238303	0.0378584	0.0374642	0.342851	0.11674	0.362385	0.331807	0.393012	0.354955	0.401849	0.413242	0.0966477	0.121272	0.113432	0.061489	0.0664476	0.0307048	0.0177242	0.0228796	0.0541821	0.189498	0.107277	0.149859	0.340144	0.101474	0.090864	0.453929	0.114416	0.361746	0.272287	0.290006	0.410355	0.238736	0.284031	0.185425	0.239658	0.207312	0.0394553	0.145545	0.0968601	0.238305	0.0191769	0.0374275	0.366254	0.115375	0.375158	0.323969	0.3628	0.346189	0.355044	0.369726	0.0968252	0.121318	0.114828	0.0614821	0.0655682	0.0303851	0.0177247	0.0275911	0.0558601	0.189253	0.106986	0.144422	0.325794	0.101348	0.090902	0.467716	0.113444	0.368861	0.273425	0.281494	0.421383	0.23979	0.272464	0.185378	0.24347	0.229053	
0.685	0.0394557	0.145541	0.0963742	0.238307	0.0379573	0.0374711	0.342852	0.116734	0.36238	0.331804	0.393045	0.355009	0.40184	0.413235	0.0966408	0.121264	0.113426	0.0614916	0.066553	0.0308139	0.0177248	0.022948	0.0542339	0.189496	0.107272	0.149852	0.340141	0.101515	0.0908616	0.45392	0.114431	0.3618	0.272252	0.290004	0.410341	0.238734	0.284034	0.185441	0.239742	0.207314	0.039455	0.145541	0.0968598	0.238389	0.0192715	0.0374224	0.366265	0.115374	0.374997	0.323887	0.362804	0.346191	0.354841	0.36973	0.0968083	0.121262	0.11483	0.0614845	0.0656785	0.0304964	0.0177252	0.0276642	0.0559174	0.189253	0.106981	0.144422	0.325794	0.101392	0.0908996	0.467717	0.113455	0.36887	0.273389	0.281506	0.421373	0.239458	0.272466	0.185341	0.243472	0.229057	
0.69	0.0394548	0.145533	0.0963752	0.238312	0.0380561	0.0374783	0.34285	0.116725	0.362374	0.331801	0.393079	0.355067	0.401832	0.41323	0.0966316	0.121253	0.113419	0.0614944	0.0666643	0.0309284	0.0177254	0.0230208	0.0542902	0.189495	0.107266	0.149844	0.340138	0.10156	0.0908591	0.453912	0.114447	0.361856	0.272244	0.289998	0.410327	0.238732	0.284038	0.185462	0.239831	0.207315	0.0394548	0.145535	0.0968316	0.238548	0.0193702	0.0374218	0.366276	0.115376	0.374856	0.323827	0.362807	0.346194	0.354568	0.369734	0.0967902	0.121202	0.114832	0.061487	0.0657944	0.0306133	0.0177256	0.0277403	0.0559782	0.189253	0.106976	0.144422	0.325798	0.10144	0.090897	0.467718	0.113464	0.36888	0.273355	0.281608	0.421363	0.239187	0.272469	0.18529	0.243475	0.229063	
0.695	0.0394538	0.145523	0.096376	0.238317	0.038154	0.0374848	0.342848	0.116717	0.362368	0.331797	0.393114	0.355124	0.401823	0.413225	0.0966214	0.121242	0.113411	0.0614974	0.0667821	0.0310488	0.0177261	0.0230985	0.0543514	0.189493	0.10726	0.149835	0.340136	0.101607	0.0908565	0.453904	0.11446	0.361915	0.272246	0.289989	0.410315	0.23873	0.284041	0.185486	0.239924	0.207317	0.0394547	0.14553	0.0967748	0.238737	0.019474	0.03743	0.366289	0.115381	0.374762	0.323795	0.362811	0.346198	0.354187	0.369738	0.0967728	0.121139	0.114835	0.0614897	0.0659159	0.0307359	0.0177261	0.0278193	0.0560569	0.189253	0.106971	0.144424	0.325806	0.101489	0.0908943	0.467717	0.113469	0.368891	0.27333	0.28178	0.421352	0.239041	0.272476	0.185216	0.243478	0.229072	
0.7	0.0394525	0.145508	0.0963768	0.238321	0.0382511	0.0374894	0.342847	0.116708	0.362362	0.331794	0.39315	0.355177	0.401815	0.413221	0.0966106	0.121231	0.113404	0.0615007	0.0669068	0.0311756	0.0177269	0.0231815	0.0544181	0.18949	0.107254	0.149824	0.340133	0.101659	0.0908536	0.453896	0.11447	0.361977	0.27225	0.289975	0.410304	0.238727	0.284045	0.185512	0.240021	0.207319	0.0394547	0.145524	0.0966999	0.238873	0.0195836	0.0374444	0.366304	0.115389	0.37471	0.32378	0.362814	0.346204	0.353644	0.369796	0.0967611	0.121094	0.114838	0.0614924	0.0660434	0.0308646	0.0177265	0.0279012	0.0561043	0.189535	0.106965	0.144425	0.32581	0.101542	0.0908913	0.467714	0.113467	0.368903	0.273324	0.281959	0.42134	0.238983	0.272485	0.185136	0.243482	0.229082	
0.705	0.0394508	0.145486	0.0963774	0.238325	0.0383475	0.0374917	0.342847	0.116699	0.362355	0.33179	0.393188	0.355224	0.401806	0.413219	0.0965994	0.12122	0.1134	0.0615043	0.0670392	0.0313096	0.0177277	0.0232704	0.054491	0.189488	0.107247	0.149811	0.34013	0.101714	0.0908506	0.453888	0.114479	0.362042	0.272251	0.289956	0.410295	0.238725	0.284049	0.185539	0.240123	0.207321	0.0394548	0.145518	0.0966282	0.23891	0.0197003	0.0374607	0.36632	0.1154	0.374683	0.32377	0.362818	0.34621	0.353129	0.369852	0.09676	0.121085	0.114842	0.0614953	0.0661768	0.0309996	0.017727	0.0279858	0.0561107	0.189809	0.106959	0.144425	0.325812	0.101597	0.0908882	0.46771	0.113457	0.368916	0.273345	0.282102	0.421327	0.238963	0.272493	0.185073	0.243487	0.229095	
0.71	0.0394487	0.145449	0.0963779	0.238329	0.038442	0.0374938	0.342849	0.116693	0.362347	0.331786	0.393228	0.355263	0.4018	0.413216	0.0965905	0.12121	0.113398	0.0615081	0.0671797	0.0314512	0.0177286	0.0233658	0.0545706	0.189484	0.10724	0.149797	0.340126	0.101774	0.0908473	0.453881	0.114486	0.362109	0.272253	0.289931	0.410287	0.238723	0.284053	0.185566	0.24023	0.207323	0.0394551	0.145511	0.0965732	0.238879	0.0198252	0.0374774	0.366339	0.115414	0.374666	0.32376	0.362821	0.346214	0.35275	0.369886	0.096765	0.121092	0.114846	0.0614982	0.0663164	0.0311409	0.0177275	0.0280729	0.0560991	0.189994	0.106952	0.144424	0.325812	0.101654	0.0908848	0.467702	0.113441	0.368931	0.273388	0.282203	0.421311	0.23895	0.272498	0.185034	0.243491	0.22911	
0.715	0.0394459	0.145398	0.0963783	0.238332	0.0385329	0.0374964	0.342856	0.116688	0.36234	0.331783	0.393269	0.355294	0.401792	0.413215	0.0965854	0.121202	0.113398	0.0615123	0.067329	0.0316013	0.0177295	0.0234682	0.0546577	0.18948	0.107233	0.149783	0.340122	0.10184	0.0908439	0.453876	0.114491	0.36218	0.272254	0.289903	0.410281	0.238721	0.284058	0.185593	0.240343	0.207325	0.0394555	0.145504	0.0965335	0.238828	0.0199598	0.0374915	0.366358	0.115428	0.374652	0.323749	0.362824	0.346216	0.352505	0.369889	0.0967718	0.1211	0.114851	0.0615013	0.0664622	0.031289	0.0177279	0.0281622	0.0560876	0.19008	0.106945	0.144424	0.325812	0.101714	0.090891	0.467692	0.113422	0.368947	0.273443	0.28227	0.421294	0.238938	0.272502	0.185011	0.243497	0.229127	
0.72	0.0394418	0.14544	0.0963785	0.238336	0.0386187	0.0374991	0.342865	0.116686	0.362331	0.33178	0.393312	0.355319	0.401784	0.413214	0.0965833	0.121196	0.113401	0.0615167	0.0674879	0.0317605	0.0177305	0.0235784	0.054753	0.189476	0.107225	0.149769	0.340117	0.101912	0.0908402	0.453872	0.114493	0.362252	0.272255	0.289874	0.410277	0.23872	0.284063	0.185618	0.240461	0.207328	0.0394562	0.145497	0.0965049	0.238775	0.0201053	0.0375038	0.36638	0.115442	0.374639	0.323737	0.362828	0.346217	0.352367	0.369862	0.096779	0.121109	0.114856	0.0615045	0.0666144	0.0314439	0.0177284	0.0282537	0.0560808	0.190071	0.106937	0.144424	0.325813	0.101776	0.0909103	0.467678	0.113401	0.368964	0.273501	0.282311	0.421273	0.238925	0.272503	0.184999	0.243503	0.229146	
0.725	0.0394328	0.145499	0.0963786	0.238339	0.0386987	0.0375016	0.34288	0.116688	0.362322	0.331777	0.393357	0.355339	0.401775	0.413212	0.0965832	0.121192	0.113407	0.0615215	0.0676569	0.0319297	0.0177316	0.0236967	0.0548571	0.189471	0.107217	0.149756	0.34011	0.101991	0.0908363	0.453869	0.11449	0.362328	0.272257	0.289843	0.410275	0.238719	0.284068	0.185641	0.240586	0.207331	0.0394571	0.145489	0.0964841	0.238715	0.0202633	0.0375153	0.366403	0.115454	0.374626	0.323724	0.362831	0.346217	0.352298	0.369815	0.0967863	0.121117	0.114862	0.0615078	0.066773	0.031606	0.0177288	0.0283469	0.0560776	0.189998	0.106928	0.144424	0.325814	0.101841	0.0909335	0.46766	0.113379	0.368982	0.273559	0.282334	0.421249	0.238912	0.272503	0.184992	0.24351	0.229167	
0.73	0.0394094	0.145509	0.0963786	0.238342	0.0387725	0.0375035	0.342898	0.116692	0.362313	0.331774	0.393405	0.355355	0.401766	0.413211	0.0965843	0.121191	0.113414	0.0615266	0.0678367	0.0321096	0.0177327	0.0238238	0.0549707	0.189465	0.107209	0.149742	0.340103	0.102077	0.0908322	0.453868	0.114485	0.362406	0.272258	0.289811	0.410275	0.238718	0.284074	0.185663	0.240717	0.207335	0.0394581	0.14548	0.096469	0.238641	0.0204353	0.0375263	0.366427	0.115464	0.374617	0.323714	0.362835	0.346216	0.352257	0.369784	0.0967935	0.121126	0.114868	0.0615112	0.0669381	0.0317753	0.0177293	0.0284417	0.0560762	0.189894	0.106919	0.144424	0.325815	0.101908	0.0909542	0.467639	0.113359	0.369001	0.273614	0.282334	0.421223	0.238901	0.272501	0.184997	0.243518	0.22919	
0.735	0.0393718	0.145453	0.0963784	0.238344	0.0388398	0.0375047	0.34292	0.1167	0.362303	0.331772	0.393455	0.355368	0.401756	0.413209	0.0965861	0.12119	0.113423	0.061532	0.0680279	0.032301	0.017734	0.0239601	0.0550947	0.189458	0.107199	0.149727	0.340093	0.102171	0.0908278	0.45387	0.114479	0.362487	0.272259	0.289776	0.410278	0.238718	0.28408	0.185686	0.240855	0.207339	0.0394592	0.145469	0.0964585	0.238548	0.0206225	0.0375365	0.366452	0.11547	0.374606	0.323701	0.362839	0.346216	0.35222	0.369778	0.0968005	0.121135	0.114875	0.0615148	0.0671098	0.0319521	0.0177297	0.0285377	0.0560761	0.189773	0.10691	0.144424	0.325816	0.101977	0.0909669	0.467613	0.113339	0.36902	0.273663	0.282312	0.421192	0.238889	0.272498	0.185011	0.243526	0.229214	
0.74	0.0393364	0.145389	0.0963782	0.238347	0.0389005	0.0375052	0.342946	0.11671	0.362293	0.33177	0.393508	0.355379	0.401746	0.413206	0.0965882	0.121188	0.11343	0.0615378	0.0682312	0.0325049	0.0177352	0.024106	0.0552294	0.18945	0.10719	0.149709	0.340082	0.102275	0.0908231	0.453874	0.114476	0.362571	0.272259	0.289739	0.410284	0.238719	0.284086	0.185714	0.241001	0.207344	0.0394604	0.145457	0.0964495	0.238477	0.0208265	0.0375472	0.366477	0.115471	0.374592	0.323685	0.362843	0.346217	0.352192	0.369785	0.0968065	0.121142	0.114882	0.0615184	0.0672882	0.0321367	0.0177301	0.0286306	0.0560775	0.189515	0.1069	0.144425	0.325817	0.102048	0.090979	0.467582	0.113323	0.369039	0.273702	0.282277	0.421159	0.238875	0.272494	0.185022	0.243535	0.22924	
0.745	0.0393166	0.145305	0.096378	0.238349	0.0389537	0.0375055	0.342974	0.116723	0.362282	0.331769	0.393564	0.355389	0.401734	0.413203	0.0965906	0.121185	0.113437	0.061544	0.0684471	0.0327219	0.0177366	0.0242618	0.0553757	0.189441	0.10718	0.14969	0.340068	0.102388	0.0908182	0.453881	0.114474	0.362658	0.27226	0.2897	0.410292	0.23872	0.284094	0.185745	0.241154	0.207349	0.0394616	0.145447	0.0964096	0.238448	0.0210485	0.0375665	0.366502	0.115466	0.374582	0.323673	0.362847	0.346218	0.352208	0.369793	0.0968091	0.121142	0.11489	0.0615222	0.0674733	0.0323293	0.0177305	0.0286565	0.0560869	0.189336	0.106889	0.144427	0.325819	0.102121	0.0909413	0.467547	0.113315	0.369058	0.273728	0.282225	0.421122	0.238867	0.272492	0.185048	0.243545	0.229265	
0.75	0.0393092	0.145186	0.0963777	0.238352	0.0389984	0.0375072	0.343006	0.116739	0.36227	0.331776	0.393624	0.355399	0.401723	0.413199	0.0965932	0.121181	0.113442	0.0615504	0.0686762	0.032953	0.017738	0.0244277	0.0555338	0.189432	0.107169	0.14967	0.340051	0.102511	0.0908129	0.45389	0.114471	0.362748	0.272261	0.289661	0.410302	0.238722	0.284101	0.185776	0.241316	0.207355	0.0394629	0.14544	0.0963482	0.238449	0.0212895	0.0375879	0.366527	0.115455	0.374579	0.323666	0.362851	0.34622	0.352244	0.3698	0.096812	0.121147	0.114898	0.0615261	0.0676653	0.0325301	0.0177309	0.0286524	0.0561023	0.189282	0.106878	0.144429	0.325823	0.102197	0.0908676	0.467507	0.113309	0.369077	0.273741	0.282166	0.421081	0.238867	0.27249	0.185079	0.243556	0.22929	
0.755	0.0392916	0.145226	0.0963776	0.238355	0.039034	0.0375112	0.34304	0.116756	0.362258	0.331779	0.393687	0.355408	0.40171	0.413193	0.0965958	0.121177	0.113447	0.0615573	0.0689187	0.033199	0.0177395	0.0246038	0.0557043	0.189421	0.107158	0.149646	0.340031	0.102646	0.0908074	0.453902	0.114465	0.362842	0.272262	0.289623	0.410315	0.238724	0.28411	0.185806	0.241488	0.207361	0.0394642	0.145438	0.0962898	0.23846	0.0215505	0.0376085	0.366552	0.115439	0.374568	0.323648	0.362855	0.346222	0.352328	0.369806	0.0968192	0.121173	0.114906	0.0615301	0.0678642	0.0327393	0.0177314	0.0286503	0.0561497	0.189285	0.106866	0.144431	0.325828	0.102275	0.0908406	0.467462	0.113303	0.369096	0.27375	0.282092	0.421038	0.238856	0.27249	0.185114	0.243568	0.229314	
0.76	0.0392469	0.145294	0.0963775	0.238358	0.0390607	0.0375175	0.343076	0.116775	0.362245	0.331778	0.393755	0.355417	0.401694	0.413187	0.0965985	0.121173	0.11345	0.0615645	0.0691752	0.0334606	0.017741	0.02479	0.0558874	0.189408	0.107146	0.149617	0.340007	0.102793	0.0908015	0.453916	0.114455	0.36294	0.272263	0.289589	0.41033	0.238726	0.284118	0.185832	0.241669	0.207368	0.0394655	0.14544	0.0962327	0.238473	0.0218322	0.0376313	0.366576	0.115418	0.374553	0.323628	0.36286	0.346225	0.352458	0.369813	0.0968311	0.121215	0.114914	0.0615343	0.0680702	0.0329571	0.0177318	0.0286515	0.0562236	0.189293	0.106853	0.144433	0.325834	0.102355	0.0908366	0.467412	0.1133	0.369114	0.273752	0.282003	0.420992	0.238832	0.272491	0.185152	0.243581	0.229337	
0.765	0.0391996	0.145265	0.0963777	0.238361	0.0390797	0.0375593	0.343105	0.116794	0.362231	0.331775	0.393826	0.355425	0.401673	0.413178	0.0966013	0.121156	0.113433	0.0615721	0.0694458	0.0337387	0.0177425	0.0249861	0.0562711	0.189394	0.107134	0.149582	0.339978	0.102952	0.0907954	0.453933	0.114441	0.363042	0.272265	0.289558	0.410346	0.238729	0.284128	0.185855	0.24186	0.207375	0.0394668	0.145447	0.0961837	0.238485	0.0221351	0.0376536	0.3666	0.115395	0.37453	0.323603	0.362865	0.346228	0.352619	0.369821	0.0968398	0.121256	0.114922	0.0615386	0.0682834	0.033184	0.0177322	0.0286522	0.0563154	0.189295	0.10684	0.144435	0.32584	0.102438	0.0908313	0.467357	0.1133	0.369131	0.273756	0.281907	0.420943	0.2388	0.272492	0.18519	0.243594	0.229357	
0.77	0.0391467	0.145123	0.096378	0.238365	0.0390921	0.0376505	0.343115	0.116813	0.362216	0.331771	0.393902	0.355435	0.401637	0.413168	0.0966041	0.121116	0.113373	0.06158	0.0697309	0.0340337	0.0177441	0.0251918	0.0567192	0.189378	0.10712	0.14954	0.339942	0.103124	0.0907888	0.453952	0.114409	0.363149	0.272267	0.289533	0.410364	0.238732	0.284137	0.18587	0.242062	0.207383	0.039468	0.145458	0.0961431	0.238497	0.0224593	0.0376747	0.366624	0.11537	0.374505	0.323579	0.362871	0.346232	0.352794	0.369829	0.0968455	0.121291	0.11493	0.0615431	0.068504	0.0334201	0.0177327	0.0286522	0.056415	0.189297	0.106826	0.144438	0.325846	0.102523	0.090824	0.467298	0.113303	0.369148	0.273761	0.281806	0.420893	0.238762	0.272495	0.185228	0.243609	0.229374	
0.775	0.039072	0.144903	0.0963788	0.238369	0.0390984	0.0377413	0.343113	0.11683	0.3622	0.331768	0.393983	0.355444	0.401581	0.413156	0.0966069	0.12108	0.113292	0.0615882	0.0700303	0.0343464	0.0177458	0.0254066	0.0571126	0.189359	0.107106	0.149488	0.339898	0.103309	0.0907819	0.453973	0.114344	0.363261	0.272269	0.289518	0.410384	0.238735	0.284148	0.185875	0.242276	0.207391	0.0394692	0.145476	0.0961045	0.238509	0.0228047	0.0376958	0.366647	0.115344	0.374539	0.32361	0.362877	0.346236	0.352928	0.369836	0.0968493	0.121323	0.114938	0.0615478	0.0687321	0.0336657	0.0177331	0.0286523	0.0565144	0.1893	0.106812	0.14444	0.325852	0.102611	0.0908169	0.467234	0.113306	0.369165	0.273764	0.281726	0.42084	0.238716	0.272497	0.185256	0.243624	0.229388	
0.78	0.0389664	0.144667	0.0963798	0.238375	0.0390992	0.0378308	0.343104	0.116844	0.362184	0.331766	0.394068	0.355453	0.401504	0.413143	0.0966098	0.121046	0.1132	0.0615967	0.0703442	0.0346773	0.0177475	0.0256299	0.0574127	0.189334	0.107092	0.149428	0.339846	0.103508	0.0907747	0.453996	0.114263	0.363379	0.272272	0.289515	0.410403	0.238737	0.284158	0.185872	0.242503	0.2074	0.0394703	0.145505	0.0960631	0.238522	0.023171	0.0377172	0.36667	0.115319	0.374635	0.323679	0.362884	0.346241	0.353001	0.369844	0.0968506	0.121349	0.114946	0.0615527	0.0689681	0.0339212	0.0177336	0.0286525	0.0566088	0.189304	0.106797	0.144442	0.325859	0.102703	0.0908098	0.467166	0.113309	0.369182	0.273766	0.281679	0.420787	0.238661	0.272501	0.185274	0.243639	0.229399	
0.785	0.0388473	0.14451	0.0963813	0.238381	0.0390958	0.0378971	0.343096	0.116855	0.362166	0.331764	0.394158	0.355463	0.401408	0.41313	0.0966126	0.121023	0.113119	0.0616055	0.0706723	0.0350265	0.0177492	0.0258609	0.0576301	0.189298	0.107076	0.149362	0.339789	0.103722	0.0907671	0.454019	0.114186	0.363503	0.272336	0.289521	0.410423	0.238739	0.284169	0.185864	0.242743	0.207409	0.0394712	0.145536	0.0960182	0.238533	0.0235575	0.0377376	0.366694	0.115297	0.374755	0.323745	0.362892	0.346247	0.353024	0.369852	0.0968482	0.121365	0.114953	0.0615578	0.069212	0.0341869	0.0177342	0.0286528	0.0566941	0.189307	0.106782	0.144445	0.325865	0.102798	0.0908024	0.467094	0.11331	0.369198	0.273769	0.281659	0.420733	0.238599	0.272505	0.185292	0.243656	0.229407	
0.79	0.0387227	0.144369	0.0963833	0.238388	0.03909	0.0379483	0.343094	0.116862	0.362147	0.331761	0.394253	0.355473	0.401301	0.413114	0.0966156	0.121003	0.113055	0.0616145	0.0710144	0.0353945	0.0177509	0.0260986	0.057789	0.189229	0.107059	0.149289	0.339726	0.103949	0.0907591	0.454044	0.114125	0.363633	0.27234	0.289532	0.410443	0.23874	0.284179	0.185853	0.242996	0.207419	0.039472	0.14556	0.095972	0.238545	0.0239631	0.037756	0.366718	0.115278	0.374866	0.323787	0.362901	0.346253	0.353016	0.36986	0.0968422	0.121367	0.11496	0.0615632	0.0694642	0.034463	0.0177347	0.0286531	0.0567654	0.18931	0.106767	0.144446	0.325871	0.102898	0.0907946	0.467019	0.113308	0.369215	0.273773	0.281655	0.420679	0.23853	0.272511	0.185314	0.243673	0.229413	
0.795	0.0385836	0.144165	0.0963858	0.238395	0.0390838	0.0379871	0.343097	0.116864	0.362127	0.331758	0.394352	0.355483	0.401192	0.413099	0.0966185	0.120982	0.113003	0.0616237	0.0713699	0.0357811	0.0177526	0.0263421	0.057911	0.189132	0.107042	0.149211	0.339658	0.104189	0.0907507	0.454068	0.114085	0.363771	0.272332	0.289543	0.410461	0.238741	0.28419	0.185838	0.243258	0.207429	0.0394727	0.145574	0.0959253	0.238555	0.0243868	0.0377715	0.366743	0.115263	0.374948	0.323795	0.36291	0.34626	0.352986	0.369868	0.096833	0.121354	0.114966	0.0615687	0.0697249	0.0347499	0.0177353	0.0286535	0.056818	0.189313	0.106751	0.144448	0.325877	0.103002	0.0907867	0.466941	0.113304	0.369232	0.273778	0.281658	0.420626	0.238455	0.272516	0.185345	0.24369	0.229418	
0.8	0.0384227	0.143943	0.0963887	0.238404	0.0390797	0.0380186	0.343102	0.116863	0.362106	0.331753	0.394457	0.355493	0.401087	0.413083	0.0966214	0.120962	0.112955	0.0616331	0.0717385	0.0361864	0.0177543	0.0265902	0.0580119	0.189059	0.107023	0.149128	0.339586	0.104444	0.090742	0.454091	0.114067	0.363916	0.272315	0.28955	0.410476	0.238741	0.284201	0.185708	0.243427	0.20744	0.0394732	0.14558	0.0958773	0.238565	0.0248269	0.0377848	0.36677	0.115252	0.374996	0.323778	0.362921	0.346268	0.352937	0.369876	0.0968226	0.121332	0.114972	0.0615746	0.0699943	0.0350478	0.017736	0.0286539	0.0568499	0.189315	0.106734	0.144449	0.325882	0.103111	0.0907785	0.46686	0.113296	0.36925	0.273787	0.281663	0.420573	0.238375	0.272523	0.185379	0.243708	0.229423	
0.805	0.0382509	0.143679	0.0963921	0.238414	0.0390804	0.0380515	0.343103	0.116858	0.362083	0.331747	0.394566	0.355503	0.400992	0.413068	0.0966243	0.12095	0.112893	0.0616426	0.0719966	0.03661	0.017756	0.0268416	0.0581027	0.189014	0.107004	0.14904	0.339509	0.104711	0.0907328	0.454114	0.114074	0.364069	0.272305	0.289551	0.410489	0.238739	0.284211	0.185644	0.243488	0.207452	0.0394736	0.145581	0.095825	0.238574	0.0252818	0.0377975	0.366798	0.115245	0.375022	0.323749	0.362932	0.346276	0.352869	0.369883	0.0968135	0.121314	0.114977	0.0615807	0.0702725	0.0353571	0.0177367	0.0286545	0.0568644	0.189316	0.106718	0.144449	0.325886	0.103226	0.09077	0.466778	0.113287	0.369268	0.273805	0.28167	0.420523	0.23829	0.27253	0.185413	0.243727	0.22943	
0.81	0.0380779	0.14336	0.096396	0.238425	0.0390888	0.0380819	0.343102	0.11685	0.362059	0.331739	0.39468	0.355512	0.40091	0.413054	0.0966272	0.120944	0.112826	0.0616522	0.0720514	0.0370515	0.0177577	0.0270952	0.0581897	0.188946	0.106984	0.148948	0.339429	0.104991	0.0907233	0.454135	0.114094	0.364231	0.272307	0.289543	0.410497	0.238736	0.284222	0.185641	0.243498	0.207463	0.0394738	0.14558	0.0957706	0.238583	0.0257497	0.0378104	0.366829	0.115241	0.375035	0.323718	0.362945	0.346284	0.352785	0.369891	0.096806	0.121303	0.114981	0.061587	0.0705598	0.0356779	0.0177374	0.0286551	0.0568682	0.189317	0.106701	0.144449	0.32589	0.103347	0.0907613	0.466696	0.113275	0.369287	0.273835	0.281677	0.420475	0.238199	0.272538	0.185441	0.243746	0.22944	
0.815	0.0378981	0.143009	0.0964002	0.238436	0.0391077	0.0381011	0.343107	0.11684	0.362034	0.331729	0.394797	0.355522	0.400844	0.41304	0.0966301	0.120943	0.112781	0.0616619	0.0720374	0.0375101	0.0177593	0.0273494	0.0582756	0.188837	0.106962	0.148853	0.339346	0.105282	0.0907134	0.454154	0.114115	0.364402	0.272316	0.289528	0.410501	0.238731	0.284231	0.185652	0.243504	0.207476	0.0394738	0.145578	0.0957243	0.23859	0.0262286	0.0378228	0.366862	0.115239	0.375042	0.323689	0.362959	0.346293	0.352684	0.369899	0.0967985	0.121296	0.114985	0.0615936	0.0708563	0.0360105	0.0177383	0.0286558	0.056867	0.189317	0.106684	0.144448	0.325893	0.103475	0.0907524	0.466613	0.113264	0.369307	0.273873	0.281685	0.42043	0.238103	0.272547	0.18546	0.243765	0.229453	
0.82	0.0377059	0.142677	0.0964048	0.238448	0.03914	0.0381144	0.343123	0.116828	0.362007	0.331717	0.394918	0.355531	0.400796	0.413029	0.0966329	0.120944	0.112766	0.0616714	0.0720343	0.0379851	0.0177609	0.0276029	0.0583607	0.188731	0.10694	0.148755	0.339261	0.105584	0.0907556	0.45417	0.114133	0.364582	0.272326	0.289507	0.410499	0.238725	0.28424	0.185647	0.243517	0.207489	0.0394736	0.145575	0.0956892	0.238597	0.0267164	0.0378357	0.366897	0.115238	0.375053	0.323667	0.362974	0.346303	0.352569	0.369907	0.0967905	0.121293	0.114989	0.0616005	0.071162	0.0363549	0.0177391	0.0286565	0.0568658	0.189317	0.106667	0.144446	0.325894	0.10361	0.0907433	0.46653	0.113254	0.369327	0.273918	0.281693	0.42039	0.238002	0.272556	0.185466	0.243785	0.22947	
0.825	0.0375156	0.142414	0.0964097	0.238461	0.0391887	0.0381241	0.343151	0.116816	0.361978	0.331701	0.395043	0.355539	0.400764	0.413021	0.0966356	0.120946	0.112769	0.061681	0.0720402	0.0384754	0.0177624	0.0278544	0.0584447	0.188646	0.106917	0.148656	0.339176	0.105895	0.0908164	0.454183	0.114153	0.364773	0.272337	0.289482	0.410491	0.238716	0.284248	0.185637	0.243532	0.207502	0.0394732	0.145571	0.095663	0.238603	0.027211	0.0378506	0.366935	0.115239	0.375071	0.323653	0.362991	0.346313	0.352439	0.369914	0.096783	0.121298	0.114992	0.0616076	0.071477	0.0367114	0.01774	0.0286572	0.0568685	0.189316	0.106649	0.144444	0.325895	0.103754	0.090734	0.46645	0.113244	0.369349	0.273969	0.281702	0.420355	0.237897	0.272565	0.185458	0.243806	0.229492	
0.83	0.0373379	0.142216	0.0964148	0.238474	0.0392564	0.0381309	0.343189	0.116803	0.361948	0.331683	0.39517	0.355547	0.400752	0.413015	0.0966382	0.120949	0.112781	0.0616903	0.0720437	0.0389797	0.0177638	0.0281024	0.0585268	0.188548	0.106893	0.148556	0.339091	0.106215	0.0908747	0.454191	0.114177	0.364975	0.272347	0.289451	0.410474	0.238706	0.284256	0.18563	0.243547	0.207516	0.0394727	0.145565	0.0956433	0.238609	0.0277105	0.0378687	0.366977	0.11524	0.375097	0.323646	0.363008	0.346323	0.3523	0.369922	0.0967748	0.121315	0.114994	0.0616149	0.0718011	0.0370798	0.017741	0.028658	0.0568794	0.189314	0.106631	0.14444	0.325894	0.103905	0.0907245	0.466371	0.113234	0.369371	0.274027	0.28171	0.420327	0.237787	0.272575	0.185434	0.243827	0.229517	
0.835	0.0371637	0.141984	0.09642	0.238487	0.0393456	0.0381345	0.343234	0.116791	0.361917	0.33166	0.3953	0.355555	0.400757	0.413013	0.0966406	0.120952	0.112791	0.0616996	0.0720445	0.0394967	0.0177651	0.0283456	0.0586061	0.188426	0.106869	0.148456	0.339006	0.106541	0.0909282	0.454195	0.114208	0.365187	0.272359	0.289414	0.410449	0.238694	0.284262	0.185633	0.243561	0.20753	0.039472	0.145557	0.0956286	0.238613	0.0282129	0.0378925	0.367022	0.115242	0.375129	0.323642	0.363027	0.346333	0.352154	0.369929	0.0967594	0.121327	0.114996	0.0616225	0.0720024	0.03746	0.0177419	0.0286588	0.056897	0.189312	0.106613	0.144436	0.325892	0.104065	0.0907148	0.466295	0.113227	0.369393	0.274085	0.281718	0.420305	0.237673	0.272585	0.185394	0.243849	0.229545	
0.84	0.0369841	0.141673	0.0964252	0.238501	0.0394585	0.038135	0.343287	0.116779	0.361884	0.331633	0.395431	0.355562	0.400777	0.413014	0.0966429	0.120955	0.112797	0.0617086	0.0720451	0.0400247	0.0177663	0.0285828	0.0586819	0.188376	0.106843	0.148358	0.338924	0.106873	0.0909874	0.454193	0.114245	0.36541	0.272371	0.289373	0.410414	0.23868	0.284268	0.185648	0.243574	0.207545	0.0394712	0.145547	0.0956176	0.238617	0.0287166	0.037917	0.36707	0.115243	0.375171	0.323646	0.363048	0.346343	0.351998	0.369935	0.0967412	0.121355	0.114998	0.0616302	0.0720422	0.037852	0.0177429	0.0286595	0.0569237	0.189309	0.106595	0.14443	0.325888	0.104234	0.090705	0.466223	0.113222	0.369416	0.274145	0.281726	0.420291	0.237555	0.272595	0.185343	0.243871	0.229576	
0.845	0.0368268	0.1413	0.0964305	0.238514	0.0395971	0.0381348	0.343349	0.116769	0.361857	0.331598	0.395563	0.355568	0.400811	0.41302	0.0966451	0.120958	0.112796	0.0617173	0.0720457	0.0405619	0.0177673	0.0286751	0.0587534	0.188345	0.106818	0.148263	0.338845	0.107209	0.0910732	0.454187	0.11429	0.365644	0.272384	0.289328	0.41037	0.238668	0.284272	0.185683	0.243589	0.20756	0.0394702	0.145534	0.0956095	0.23862	0.0292199	0.0379406	0.367124	0.115242	0.375245	0.323679	0.363069	0.346353	0.351845	0.369942	0.096716	0.121407	0.114999	0.0616381	0.0720376	0.0382553	0.017744	0.0286603	0.0569642	0.189306	0.106576	0.144424	0.325883	0.104412	0.090695	0.466155	0.113219	0.36944	0.274208	0.281734	0.420282	0.237433	0.272605	0.185284	0.243894	0.229608	
0.85	0.0366989	0.1409	0.0964356	0.238528	0.0397629	0.0381283	0.343417	0.116759	0.36189	0.331554	0.395696	0.355573	0.400859	0.413029	0.096647	0.120961	0.112781	0.0617257	0.0720461	0.0411065	0.0177683	0.0286736	0.0588199	0.188285	0.106791	0.148171	0.33877	0.107547	0.0911565	0.454174	0.114335	0.365888	0.272398	0.289287	0.410315	0.238718	0.284275	0.185741	0.243603	0.207576	0.0394691	0.145517	0.0956035	0.238622	0.0297217	0.0379654	0.367184	0.11524	0.37551	0.323883	0.363092	0.346363	0.351761	0.369948	0.0966726	0.121466	0.115001	0.0616462	0.0720446	0.0386695	0.017745	0.0286609	0.0570153	0.189302	0.106557	0.144416	0.325876	0.104599	0.0906849	0.466092	0.113222	0.369465	0.274273	0.281742	0.420278	0.237307	0.272614	0.18523	0.243918	0.229641	
0.855	0.0365812	0.140571	0.0964407	0.238541	0.0399568	0.0381191	0.343492	0.116751	0.361952	0.331496	0.395828	0.355577	0.400916	0.413042	0.0966487	0.120963	0.112757	0.0617338	0.0720461	0.0416566	0.0177691	0.0286667	0.0588812	0.188285	0.106765	0.148083	0.338699	0.107886	0.0912529	0.454156	0.114376	0.366142	0.272411	0.289257	0.410251	0.238841	0.284277	0.185819	0.243618	0.207592	0.039468	0.145492	0.095599	0.238624	0.0302208	0.03799	0.367251	0.115235	0.375956	0.324229	0.363116	0.346373	0.351744	0.369954	0.0966488	0.121515	0.115002	0.0616543	0.0720561	0.039094	0.0177461	0.0286615	0.0570696	0.189298	0.106536	0.144408	0.325868	0.104796	0.0906747	0.466034	0.113236	0.369489	0.274332	0.281749	0.420277	0.237177	0.272624	0.185183	0.243943	0.229675	
0.86	0.0364582	0.140266	0.0964455	0.238553	0.0401797	0.0381042	0.343574	0.116743	0.362018	0.331424	0.395961	0.35558	0.400979	0.41306	0.0966501	0.120965	0.11273	0.0617416	0.0720458	0.04221	0.0177698	0.0286673	0.0589053	0.188297	0.106738	0.148	0.338635	0.108224	0.0913317	0.454133	0.11441	0.366405	0.272424	0.289238	0.410176	0.239005	0.284278	0.185912	0.243634	0.207609	0.0394667	0.14545	0.0955956	0.238626	0.0307164	0.0380114	0.367325	0.115229	0.376479	0.324618	0.363141	0.346382	0.351755	0.36996	0.0966448	0.121559	0.115003	0.0616625	0.072063	0.0395281	0.0177471	0.028662	0.0571145	0.189294	0.106514	0.144398	0.325859	0.105001	0.0906645	0.465982	0.113261	0.369514	0.274381	0.281756	0.420279	0.237044	0.272633	0.185134	0.243969	0.229711	
0.865	0.0363708	0.139941	0.0964501	0.238565	0.0404316	0.0380566	0.343663	0.116736	0.362088	0.331341	0.396094	0.355583	0.401048	0.413082	0.0966512	0.120967	0.112706	0.061749	0.0720452	0.0427648	0.0177703	0.0286673	0.0587521	0.188282	0.106712	0.147924	0.338577	0.10856	0.091267	0.454104	0.114439	0.366675	0.272437	0.289231	0.410092	0.239186	0.284278	0.18601	0.24365	0.207627	0.0394654	0.145394	0.0955931	0.238626	0.0312079	0.0380255	0.367407	0.115221	0.376972	0.32497	0.363167	0.34639	0.351764	0.369965	0.0966455	0.121608	0.115004	0.0616706	0.0720663	0.039971	0.0177481	0.0286624	0.0571275	0.18929	0.10649	0.144387	0.325848	0.105214	0.0906542	0.465936	0.113292	0.369539	0.274424	0.281763	0.420283	0.236907	0.272641	0.185082	0.243995	0.229749	
0.87	0.0363092	0.139594	0.0964544	0.238576	0.0407123	0.0379145	0.343777	0.116729	0.362172	0.331248	0.39622	0.355584	0.401114	0.413107	0.0966521	0.120969	0.112775	0.0617561	0.0720444	0.043319	0.0177708	0.0286658	0.0582416	0.188365	0.106685	0.147854	0.338526	0.108892	0.0910432	0.45407	0.114454	0.366953	0.27245	0.289232	0.41	0.239368	0.284277	0.186106	0.243666	0.207645	0.0394641	0.145435	0.0955911	0.238627	0.0316949	0.0380239	0.367497	0.115211	0.377412	0.32527	0.363193	0.346398	0.35177	0.369969	0.0966455	0.121678	0.115004	0.0616788	0.0720684	0.0404216	0.0177491	0.0286627	0.057046	0.189285	0.106462	0.144376	0.325836	0.105435	0.0906438	0.465897	0.113322	0.369565	0.274467	0.28177	0.420289	0.236766	0.272649	0.185031	0.244022	0.22979	
0.875	0.03625	0.13924	0.0964584	0.238586	0.0410211	0.0376874	0.343926	0.116722	0.362272	0.331144	0.396329	0.355585	0.401172	0.413135	0.0966527	0.12097	0.112967	0.0617628	0.0720433	0.0438708	0.0177711	0.0286642	0.0574482	0.188472	0.106659	0.147791	0.338482	0.109219	0.0908054	0.454033	0.114444	0.367236	0.272463	0.289237	0.409901	0.239537	0.284275	0.186192	0.243684	0.207663	0.0394629	0.145522	0.0955896	0.238627	0.0321774	0.0380024	0.367594	0.115199	0.377825	0.325547	0.36322	0.346406	0.351782	0.369973	0.0966452	0.121767	0.115005	0.0616869	0.0720698	0.0408789	0.0177501	0.0286629	0.0568149	0.18928	0.106426	0.144364	0.325822	0.105664	0.0906334	0.465864	0.113347	0.369592	0.274514	0.281776	0.420295	0.236622	0.272656	0.18499	0.24405	0.229835	
0.88	0.0362002	0.139043	0.0964621	0.238595	0.041357	0.0375526	0.344065	0.116715	0.362377	0.331032	0.396414	0.355585	0.401221	0.413168	0.0968594	0.12097	0.113023	0.0617692	0.072042	0.0444184	0.0177714	0.0286629	0.0567394	0.18854	0.106632	0.147736	0.338447	0.109539	0.0906615	0.453993	0.114443	0.367523	0.272476	0.289245	0.409795	0.239683	0.284272	0.186261	0.243702	0.207682	0.0394617	0.145569	0.0955884	0.238626	0.0326554	0.0379734	0.367694	0.115186	0.37821	0.325801	0.363248	0.346412	0.351784	0.369977	0.0966451	0.121823	0.115008	0.0616948	0.0720701	0.0413417	0.0177511	0.0286629	0.0565639	0.189275	0.106356	0.144351	0.325808	0.105898	0.0906231	0.465838	0.113375	0.369617	0.274548	0.281781	0.420302	0.236476	0.272663	0.184958	0.244079	0.229884	
0.885	0.0361787	0.138898	0.0964654	0.238604	0.0417184	0.0374378	0.344234	0.116708	0.362473	0.33091	0.396475	0.355584	0.401264	0.413206	0.0965459	0.120971	0.113227	0.0617753	0.0720405	0.0449603	0.0177716	0.0286615	0.0564213	0.188621	0.106605	0.147688	0.33842	0.109852	0.0905957	0.45395	0.114394	0.367814	0.272489	0.289254	0.409685	0.239813	0.284267	0.186313	0.24372	0.207701	0.0394606	0.145556	0.0955874	0.238626	0.0331292	0.0379568	0.367799	0.115171	0.378564	0.326031	0.363276	0.346417	0.35179	0.369979	0.0968964	0.121681	0.115013	0.0617026	0.0720697	0.0418088	0.017752	0.0286628	0.0563799	0.189271	0.106248	0.144338	0.325792	0.106138	0.0906128	0.465818	0.113452	0.369634	0.27451	0.281786	0.420308	0.236326	0.272668	0.184937	0.244108	0.229937	
0.89	0.0362033	0.138713	0.0964683	0.238611	0.0421037	0.0374283	0.344359	0.1167	0.362525	0.330779	0.39652	0.355582	0.401288	0.413244	0.0966245	0.120971	0.113289	0.0617811	0.0720389	0.0454953	0.0177717	0.0286602	0.0562837	0.188709	0.106578	0.147649	0.3384	0.110158	0.0905606	0.453906	0.114351	0.368105	0.272502	0.289264	0.409572	0.239906	0.284263	0.186342	0.243739	0.20772	0.0394596	0.145504	0.0955866	0.238625	0.0335991	0.0379168	0.367906	0.115157	0.378876	0.32623	0.363304	0.346422	0.351796	0.369981	0.0965096	0.121794	0.115021	0.0617103	0.0720686	0.0422788	0.0177528	0.0286627	0.0562677	0.189266	0.106104	0.144324	0.325777	0.106383	0.0906025	0.465804	0.113448	0.369661	0.274549	0.281791	0.420314	0.236173	0.272673	0.18495	0.244139	0.22999	
0.895	0.0362565	0.138476	0.0964709	0.238618	0.0425109	0.0374289	0.344479	0.116693	0.362553	0.330641	0.396551	0.355581	0.401295	0.413282	0.0966709	0.120971	0.113376	0.0617867	0.0720372	0.0460223	0.0177718	0.0286589	0.0561989	0.188782	0.10655	0.147617	0.338389	0.110454	0.0905365	0.453862	0.11431	0.368396	0.272515	0.289273	0.409456	0.239969	0.28426	0.186357	0.243758	0.207738	0.0394588	0.145502	0.095586	0.238624	0.0340656	0.0378927	0.367997	0.115144	0.379139	0.326395	0.363332	0.346425	0.351802	0.369983	0.0966104	0.121677	0.11503	0.0617177	0.0720669	0.0427505	0.0177537	0.0286624	0.0562041	0.189262	0.105933	0.14431	0.32576	0.106631	0.0905923	0.465796	0.113469	0.369673	0.274518	0.281795	0.42032	0.236018	0.272677	0.184971	0.24417	0.230044	
0.9	0.0363113	0.138214	0.096473	0.238623	0.0429375	0.0374305	0.344599	0.116685	0.362551	0.330495	0.396573	0.355579	0.401286	0.413322	0.0966588	0.12097	0.113487	0.061792	0.0720355	0.0465406	0.0177718	0.0286577	0.0561507	0.188978	0.106521	0.147593	0.338386	0.110742	0.0905189	0.453817	0.114267	0.36869	0.272528	0.289282	0.409337	0.239997	0.284256	0.186366	0.243776	0.207756	0.0394582	0.145521	0.0955854	0.238623	0.0345295	0.0378733	0.368079	0.115132	0.379344	0.326516	0.36336	0.346428	0.351808	0.369983	0.096668	0.121568	0.115042	0.0617249	0.0720649	0.0432227	0.0177544	0.028662	0.0561686	0.189257	0.105739	0.144296	0.325744	0.106882	0.0905822	0.465794	0.113516	0.369677	0.274445	0.281798	0.420324	0.235861	0.27268	0.185005	0.244202	0.230096	
0.905	0.0363504	0.138094	0.0964749	0.238628	0.0433814	0.037433	0.344713	0.116678	0.362533	0.330342	0.396585	0.355576	0.401258	0.413361	0.09665	0.120969	0.113583	0.0617971	0.0720338	0.0470499	0.0177718	0.0286566	0.056132	0.189293	0.106488	0.147576	0.33839	0.111022	0.0905051	0.453773	0.114225	0.368933	0.272541	0.28929	0.409218	0.239993	0.284253	0.186389	0.243794	0.207772	0.0394579	0.145518	0.095585	0.238622	0.0349913	0.0378596	0.36816	0.115124	0.379478	0.326579	0.363388	0.346429	0.351812	0.369982	0.096651	0.121482	0.115056	0.0617318	0.0720625	0.0436939	0.0177551	0.0286615	0.0561493	0.189253	0.105528	0.144282	0.325727	0.107134	0.0905723	0.465796	0.113559	0.369682	0.274375	0.2818	0.420327	0.235702	0.272685	0.185056	0.244234	0.230145	
0.91	0.0364133	0.138022	0.0964763	0.238632	0.0438399	0.0374349	0.344819	0.11667	0.362484	0.330184	0.396591	0.355573	0.401212	0.4134	0.0966509	0.120968	0.113656	0.061802	0.0720321	0.04755	0.0177718	0.0286556	0.0561267	0.189468	0.106448	0.147566	0.338401	0.111293	0.0904928	0.453729	0.114188	0.369081	0.272554	0.289297	0.409098	0.239954	0.284249	0.186428	0.243811	0.207788	0.0394579	0.145475	0.0955847	0.238621	0.035452	0.0378531	0.368242	0.115121	0.379523	0.32657	0.363415	0.346429	0.351816	0.36998	0.0966386	0.121414	0.115072	0.0617386	0.0720599	0.0441632	0.0177558	0.028661	0.0561389	0.18925	0.105302	0.144268	0.325711	0.107386	0.0905625	0.465802	0.113587	0.36969	0.274335	0.281802	0.420329	0.235541	0.272689	0.185115	0.244267	0.23019	
0.915	0.0364961	0.137909	0.0964774	0.238634	0.0443105	0.0374317	0.344922	0.116662	0.362408	0.33002	0.39659	0.35557	0.401149	0.413438	0.0966518	0.120967	0.113729	0.0618069	0.0720305	0.048041	0.0177717	0.0286548	0.0561239	0.189471	0.10638	0.147563	0.338418	0.111556	0.0904812	0.453686	0.114154	0.369144	0.272566	0.289304	0.408978	0.239883	0.284244	0.186476	0.243826	0.207802	0.0394581	0.145472	0.0955844	0.23862	0.0359124	0.0378565	0.368328	0.115123	0.379479	0.326481	0.363442	0.346428	0.351821	0.369978	0.0966396	0.121355	0.115089	0.061745	0.0720571	0.0446293	0.0177565	0.0286604	0.0561332	0.189248	0.105064	0.144254	0.325695	0.107637	0.0905528	0.465811	0.113606	0.369706	0.274327	0.281804	0.42033	0.235378	0.272694	0.18518	0.244301	0.230229	
0.92	0.0365779	0.137745	0.0964782	0.238636	0.0447904	0.0374228	0.345019	0.116654	0.362314	0.329852	0.396586	0.355567	0.401077	0.413474	0.096651	0.120966	0.113796	0.0618116	0.072029	0.0485234	0.0177717	0.0286541	0.056121	0.189428	0.106266	0.147565	0.338442	0.111812	0.09047	0.453644	0.114127	0.369161	0.272579	0.289309	0.408857	0.239791	0.284239	0.186537	0.243839	0.207814	0.0394587	0.145536	0.0955843	0.238619	0.0363735	0.0378694	0.368419	0.115132	0.379366	0.326326	0.363467	0.346427	0.351823	0.369974	0.0966407	0.121327	0.115108	0.0617513	0.0720541	0.0450913	0.017757	0.0286597	0.0561296	0.189247	0.104817	0.144241	0.32568	0.107887	0.0905432	0.465823	0.113621	0.369729	0.274352	0.281804	0.42033	0.235215	0.272699	0.18525	0.244335	0.230263	
0.925	0.0366449	0.137553	0.0964787	0.238637	0.0452771	0.0374103	0.345108	0.116646	0.362224	0.329681	0.39658	0.355563	0.401008	0.413509	0.09665	0.120965	0.113849	0.0618163	0.0720277	0.0489977	0.0177718	0.0286535	0.0561186	0.189407	0.10614	0.147572	0.33847	0.112061	0.0904591	0.453603	0.114106	0.369162	0.272591	0.289314	0.408737	0.239695	0.284234	0.186614	0.243851	0.207826	0.0394595	0.145586	0.0955842	0.238618	0.0368363	0.0378893	0.36852	0.115149	0.379206	0.326125	0.363492	0.346424	0.351822	0.369969	0.0966396	0.121334	0.115129	0.0617573	0.0720511	0.0455483	0.0177576	0.028659	0.056127	0.189247	0.104562	0.144229	0.325666	0.108133	0.0905338	0.465837	0.113634	0.369761	0.274407	0.281804	0.420329	0.235051	0.272705	0.185326	0.244369	0.230289	
0.93	0.036744	0.137569	0.0964788	0.238638	0.045768	0.0373973	0.345188	0.11664	0.362084	0.329506	0.396573	0.35556	0.400919	0.413543	0.0966493	0.120964	0.113889	0.0618209	0.0720265	0.0494648	0.0177718	0.0286531	0.0561168	0.189407	0.105979	0.147584	0.338502	0.112305	0.0904483	0.453563	0.11409	0.369161	0.272603	0.289318	0.408618	0.239563	0.284228	0.186697	0.243862	0.207836	0.0394605	0.145586	0.0955843	0.238617	0.0373019	0.0379155	0.368633	0.115171	0.379032	0.325903	0.363516	0.34642	0.351825	0.369962	0.0966382	0.12137	0.115151	0.0617631	0.072048	0.0459996	0.0177581	0.0286583	0.0561247	0.189247	0.1043	0.144217	0.325652	0.108376	0.0905245	0.465851	0.113645	0.369803	0.274491	0.281803	0.420326	0.234886	0.27271	0.185406	0.244403	0.230308	
0.935	0.0368606	0.13765	0.0964787	0.238638	0.0462607	0.0373872	0.34526	0.116634	0.361886	0.329329	0.396565	0.355556	0.400796	0.413573	0.0966487	0.120963	0.113917	0.0618256	0.0720256	0.0499255	0.0177719	0.0286529	0.0561156	0.18941	0.105772	0.147599	0.338538	0.112544	0.0904375	0.453523	0.11408	0.369159	0.272615	0.289321	0.408499	0.239377	0.284223	0.186776	0.243872	0.207846	0.0394618	0.145552	0.0955845	0.238617	0.0377714	0.0379454	0.368758	0.115199	0.378843	0.325665	0.363538	0.346415	0.351825	0.369954	0.0966372	0.121424	0.115174	0.0617687	0.072045	0.0464445	0.0177586	0.0286576	0.0561225	0.189249	0.104034	0.144206	0.32564	0.108615	0.0905153	0.465865	0.113652	0.369855	0.274598	0.281802	0.420323	0.234722	0.272716	0.185487	0.244437	0.23032	
0.94	0.0369641	0.137658	0.0964784	0.238637	0.0467526	0.0374091	0.345307	0.11663	0.361638	0.329151	0.396561	0.355553	0.40065	0.4136	0.0966481	0.120962	0.113899	0.0618303	0.0720251	0.050352	0.017772	0.0286529	0.0561148	0.18941	0.105556	0.147616	0.338576	0.11278	0.0904268	0.453484	0.114071	0.369158	0.272627	0.289323	0.408382	0.239138	0.284219	0.18685	0.243882	0.207854	0.0394632	0.14551	0.0955848	0.238617	0.0382459	0.0379749	0.368894	0.115232	0.378653	0.325431	0.36356	0.34641	0.351824	0.369945	0.0966362	0.121484	0.115198	0.0617742	0.0720419	0.0468825	0.0177591	0.0286568	0.0561203	0.189252	0.103764	0.144196	0.325629	0.108849	0.0905062	0.465878	0.113658	0.369915	0.274722	0.2818	0.420318	0.234557	0.272722	0.185571	0.24447	0.230325	
0.945	0.0370629	0.137568	0.0964778	0.238635	0.0472417	0.0374942	0.345301	0.116628	0.361398	0.328973	0.396562	0.35555	0.400484	0.413625	0.0966475	0.120961	0.113793	0.061835	0.0720257	0.0505603	0.0177722	0.0286529	0.0561144	0.189408	0.105316	0.147636	0.338616	0.113013	0.0904162	0.453444	0.114053	0.369155	0.272639	0.289349	0.408267	0.238895	0.284216	0.186911	0.243892	0.207863	0.0394648	0.145462	0.0955853	0.238618	0.0387266	0.0380019	0.36904	0.115266	0.378396	0.325136	0.36358	0.346403	0.351785	0.369935	0.0966352	0.121538	0.115223	0.0617794	0.072039	0.0473133	0.0177595	0.0286561	0.0561181	0.189255	0.103491	0.144186	0.32562	0.109077	0.0904973	0.465888	0.113663	0.369982	0.274852	0.281797	0.420313	0.234393	0.272728	0.185651	0.244502	0.230326	
0.95	0.0371661	0.137415	0.096477	0.238633	0.0477259	0.0375642	0.345274	0.116627	0.3612	0.328793	0.396567	0.355548	0.400311	0.413646	0.096647	0.12096	0.113714	0.0618398	0.0720276	0.0506898	0.0177724	0.0286532	0.0561144	0.189405	0.105046	0.147657	0.338658	0.113246	0.0904057	0.453405	0.114024	0.369152	0.272651	0.28941	0.408154	0.23869	0.284214	0.186966	0.243904	0.207871	0.0394665	0.145417	0.0955858	0.238618	0.0392145	0.0380246	0.369194	0.115301	0.378128	0.324842	0.363599	0.346396	0.351736	0.369922	0.0966341	0.121574	0.115249	0.0617845	0.0720361	0.0477369	0.01776	0.0286554	0.0561159	0.18926	0.103217	0.144178	0.325612	0.109299	0.0904886	0.465895	0.113669	0.370053	0.274982	0.281794	0.420306	0.234229	0.272734	0.185734	0.244534	0.230324	
0.955	0.0372573	0.137278	0.0964761	0.238631	0.0482036	0.0376482	0.345218	0.116627	0.361024	0.328614	0.396572	0.355547	0.40005	0.413665	0.0966467	0.120959	0.113619	0.0618447	0.0720307	0.0508341	0.0177727	0.0286535	0.0561147	0.189402	0.104834	0.147678	0.338699	0.113478	0.0903952	0.453366	0.114003	0.369149	0.272662	0.289534	0.408044	0.238511	0.284214	0.186999	0.243918	0.20788	0.0394682	0.145467	0.0955865	0.238619	0.0397105	0.0380423	0.369353	0.115336	0.377912	0.324605	0.363616	0.346389	0.351707	0.369909	0.0966332	0.121589	0.115276	0.0617895	0.0720333	0.0481531	0.0177604	0.0286547	0.0561136	0.189265	0.102941	0.144171	0.325606	0.109515	0.0904799	0.465896	0.113675	0.370125	0.275104	0.281792	0.420297	0.234067	0.272739	0.185827	0.244565	0.230318	
0.96	0.0373211	0.137166	0.0964751	0.238628	0.0486733	0.0377373	0.345139	0.116629	0.360854	0.328436	0.396574	0.355545	0.399759	0.413679	0.0966464	0.120958	0.113519	0.0618497	0.0720348	0.0509946	0.017773	0.0286539	0.0561154	0.189398	0.104613	0.147699	0.338741	0.113712	0.0903847	0.453327	0.113986	0.369146	0.272674	0.289661	0.407938	0.238334	0.284213	0.187022	0.243936	0.20789	0.0394699	0.145565	0.0955873	0.238621	0.0402155	0.0380546	0.369515	0.115367	0.377725	0.324406	0.363632	0.346381	0.351679	0.369894	0.0966322	0.121579	0.115304	0.0617943	0.0720307	0.0485622	0.0177608	0.028654	0.0561113	0.18927	0.102664	0.144165	0.325601	0.109725	0.0904714	0.465892	0.113681	0.370197	0.275213	0.28179	0.420287	0.233905	0.272744	0.18593	0.244594	0.230309	
0.965	0.0373962	0.137037	0.0964739	0.238626	0.049134	0.0378288	0.345045	0.116632	0.360683	0.328259	0.396573	0.355544	0.399493	0.41369	0.0966462	0.120958	0.113425	0.0618547	0.0720399	0.0511485	0.0177734	0.0286545	0.0561164	0.189394	0.104342	0.14772	0.338782	0.113947	0.0903743	0.453286	0.113973	0.369144	0.272686	0.28977	0.407836	0.238154	0.284213	0.187041	0.243958	0.2079	0.0394717	0.145621	0.0955882	0.238623	0.0407303	0.0380616	0.369677	0.115395	0.377525	0.324197	0.363647	0.346373	0.351648	0.369878	0.0966313	0.121541	0.115333	0.061799	0.0720283	0.0489644	0.0177612	0.0286533	0.0561091	0.189276	0.102386	0.14416	0.325598	0.109929	0.090463	0.465881	0.11369	0.370266	0.275307	0.28179	0.420275	0.233745	0.272749	0.186045	0.244622	0.230298	
0.97	0.0374729	0.136872	0.0964728	0.238623	0.0495847	0.0379155	0.344944	0.116636	0.36051	0.328083	0.396569	0.355543	0.399273	0.413698	0.0966462	0.120957	0.113345	0.0618599	0.0720459	0.0512803	0.0177738	0.028655	0.0561176	0.189389	0.104027	0.147739	0.338822	0.114185	0.0903638	0.453244	0.113963	0.369142	0.272697	0.289846	0.407737	0.237971	0.284212	0.18706	0.243984	0.207912	0.0394734	0.145624	0.0955892	0.238625	0.0412553	0.038067	0.369837	0.115418	0.377295	0.323963	0.363661	0.346364	0.351615	0.369859	0.0966305	0.121469	0.115362	0.0618036	0.072026	0.0493601	0.0177615	0.0286527	0.056107	0.189282	0.102107	0.144156	0.325597	0.110127	0.0904547	0.465862	0.113698	0.370331	0.275383	0.281794	0.420262	0.233586	0.272754	0.186175	0.244649	0.230284	
0.975	0.0375277	0.136802	0.0964716	0.23862	0.0500252	0.0379916	0.344851	0.116642	0.360337	0.327908	0.396564	0.355542	0.399102	0.413701	0.0966462	0.120957	0.113289	0.0618653	0.0720528	0.0513905	0.0177743	0.0286556	0.056119	0.189384	0.103731	0.147757	0.33886	0.114426	0.0903534	0.453201	0.113959	0.369141	0.272709	0.289898	0.407642	0.23779	0.284212	0.18708	0.244014	0.207925	0.039475	0.145608	0.0955902	0.238627	0.0417907	0.0380718	0.369991	0.115436	0.37703	0.3237	0.363673	0.346355	0.351582	0.36984	0.0966297	0.12136	0.115393	0.0618082	0.0720239	0.0497499	0.0177619	0.0286522	0.056105	0.189288	0.101828	0.144154	0.325598	0.110319	0.0904465	0.465835	0.113706	0.370391	0.275439	0.2818	0.420247	0.233429	0.272759	0.186323	0.244673	0.230268	
0.98	0.03757	0.136743	0.0964704	0.238617	0.0504553	0.0380553	0.344777	0.116648	0.360164	0.327736	0.396559	0.355541	0.398971	0.413701	0.0966464	0.120957	0.113259	0.0618707	0.0720605	0.0514851	0.0177748	0.0286562	0.0561204	0.189378	0.103429	0.147773	0.338897	0.11467	0.0903429	0.453154	0.113964	0.36914	0.272721	0.289931	0.407551	0.23761	0.284211	0.187097	0.244049	0.207938	0.0394765	0.1456	0.0955912	0.238629	0.0423367	0.0380758	0.370138	0.115446	0.376714	0.323399	0.363684	0.346347	0.351548	0.369819	0.0966291	0.121215	0.115423	0.0618127	0.0720221	0.0501343	0.0177623	0.0286517	0.0561031	0.189294	0.101549	0.144152	0.3256	0.110506	0.0904384	0.465798	0.113713	0.370444	0.275475	0.281808	0.420232	0.233273	0.272763	0.186487	0.244697	0.230251	
0.985	0.0376033	0.136625	0.0964693	0.238614	0.0508754	0.0381076	0.344727	0.116655	0.359991	0.327565	0.396553	0.35554	0.39887	0.413697	0.0966465	0.120957	0.11325	0.0618762	0.0720688	0.0515675	0.0177754	0.0286568	0.0561218	0.189372	0.103101	0.147787	0.338931	0.114918	0.0903325	0.453105	0.113976	0.36914	0.272733	0.289951	0.407463	0.237433	0.284211	0.187104	0.244086	0.207952	0.0394779	0.145602	0.0955922	0.238631	0.0428929	0.0380925	0.370266	0.11545	0.376398	0.32311	0.363694	0.346338	0.351513	0.369808	0.0966284	0.121009	0.115455	0.0618171	0.0720212	0.050373	0.0177627	0.0286512	0.0561014	0.1893	0.101269	0.144161	0.325604	0.110689	0.0904303	0.465753	0.113741	0.370469	0.275398	0.281819	0.420215	0.233119	0.272767	0.186648	0.244719	0.230234	
0.99	0.0376177	0.13644	0.0964683	0.238612	0.051286	0.0381493	0.344703	0.116661	0.35982	0.327396	0.396548	0.355539	0.398787	0.413689	0.0966467	0.120957	0.113259	0.0618818	0.0720778	0.0516378	0.017776	0.0286574	0.0561232	0.189367	0.102779	0.1478	0.338964	0.115169	0.0903221	0.453053	0.113992	0.369141	0.272746	0.289963	0.407378	0.237258	0.28421	0.187101	0.244127	0.207967	0.0394792	0.14561	0.0955931	0.238634	0.0434587	0.0381279	0.370369	0.115448	0.376089	0.322846	0.363738	0.346329	0.351477	0.369808	0.0966278	0.120926	0.115487	0.0618214	0.0720212	0.050476	0.0177631	0.0286508	0.0560999	0.189305	0.100988	0.144173	0.325609	0.110867	0.0904223	0.465699	0.113793	0.370453	0.275018	0.281832	0.420197	0.232973	0.27277	0.186766	0.244739	0.230218	
0.995	0.0376061	0.136215	0.0964673	0.238609	0.0516407	0.0381816	0.3447	0.116667	0.359648	0.32723	0.396544	0.355538	0.398715	0.413678	0.0966469	0.120957	0.113275	0.0618874	0.0720874	0.0516958	0.0177766	0.0286578	0.0561243	0.189361	0.102447	0.14781	0.338995	0.115423	0.0903117	0.452998	0.114013	0.369141	0.272758	0.28997	0.407296	0.237087	0.284209	0.187095	0.244168	0.207983	0.0394803	0.145618	0.0955939	0.238636	0.0440331	0.0381682	0.370453	0.115441	0.375805	0.322619	0.363789	0.346321	0.351441	0.369819	0.0966273	0.120927	0.115519	0.0618257	0.0720221	0.0505543	0.0177635	0.0286505	0.0560987	0.18931	0.100707	0.144172	0.325615	0.111041	0.0904144	0.465636	0.113844	0.370417	0.274533	0.281846	0.42018	0.23283	0.272774	0.186869	0.244758	0.230202	
1	0.0376222	0.136205	0.0964665	0.238607	0.0516941	0.0382019	0.344713	0.116673	0.359478	0.327065	0.39654	0.355537	0.39865	0.413662	0.096647	0.120957	0.113285	0.061893	0.0720975	0.0517416	0.0177772	0.0286582	0.0561253	0.189357	0.102096	0.147819	0.339024	0.11568	0.0903013	0.452939	0.114042	0.36914	0.272771	0.289971	0.407216	0.236919	0.284208	0.187095	0.24421	0.207998	0.0394813	0.145625	0.0955946	0.238637	0.044615	0.0382116	0.370531	0.115429	0.375549	0.322427	0.363799	0.346313	0.351404	0.36984	0.0966273	0.120935	0.115551	0.06183	0.0720238	0.0506423	0.0177639	0.0286503	0.0560976	0.189315	0.100426	0.144162	0.325623	0.111213	0.0904065	0.465564	0.113879	0.370383	0.273977	0.281861	0.420163	0.232685	0.272777	0.18696	0.244775	0.230186	
1.005	0.0376545	0.136258	0.0964659	0.238606	0.0516741	0.0382288	0.344745	0.116677	0.35931	0.326903	0.396536	0.355535	0.398585	0.413643	0.0966474	0.120957	0.113324	0.0618985	0.0721081	0.051776	0.0177778	0.0286584	0.0561259	0.189353	0.101852	0.147826	0.339052	0.115939	0.0902911	0.452877	0.114069	0.369139	0.272784	0.289973	0.407138	0.236753	0.284207	0.187102	0.244251	0.208014	0.039482	0.145631	0.0955951	0.238638	0.0452028	0.038255	0.370598	0.115413	0.375361	0.322298	0.363776	0.346305	0.351366	0.36987	0.096628	0.120933	0.115584	0.0618342	0.0720261	0.0507244	0.0177643	0.0286501	0.0560968	0.189318	0.100144	0.144158	0.325631	0.111383	0.0903987	0.465485	0.113914	0.370324	0.273594	0.281878	0.420147	0.23254	0.27278	0.187057	0.244791	0.23017	
1.01	0.0376741	0.136223	0.0964654	0.238604	0.0516734	0.038248	0.344788	0.116681	0.359142	0.326743	0.396532	0.355534	0.398517	0.413619	0.0966488	0.120957	0.113352	0.061904	0.072119	0.0517995	0.0177784	0.0286585	0.0561262	0.189352	0.101617	0.147833	0.339078	0.116199	0.0902808	0.452811	0.114096	0.369136	0.272798	0.289974	0.407061	0.23659	0.284206	0.187123	0.244292	0.208029	0.0394826	0.145636	0.0955954	0.238639	0.0457946	0.0382963	0.370656	0.115395	0.375236	0.322222	0.363752	0.346298	0.351327	0.369905	0.0966293	0.12093	0.115617	0.0618383	0.0720292	0.0507865	0.0177647	0.02865	0.0560962	0.189321	0.0998621	0.144159	0.325641	0.111551	0.0903909	0.465399	0.113955	0.370225	0.273487	0.281895	0.420133	0.232397	0.272783	0.187159	0.244804	0.230154	
1.015	0.037691	0.136078	0.0964651	0.238603	0.0516771	0.0382626	0.344839	0.116684	0.358977	0.326585	0.396529	0.355532	0.398442	0.413592	0.0966511	0.120957	0.113373	0.0619093	0.0721301	0.0518132	0.017779	0.0286585	0.056126	0.189352	0.101325	0.147838	0.339104	0.116458	0.0902707	0.452742	0.114126	0.369132	0.272811	0.289973	0.406985	0.236429	0.284204	0.187157	0.244331	0.208045	0.0394829	0.145639	0.0955954	0.238639	0.0463885	0.0383339	0.370715	0.115378	0.375153	0.322173	0.363751	0.346291	0.351288	0.369937	0.0966313	0.12093	0.11565	0.0618424	0.0720328	0.0508291	0.0177651	0.0286499	0.0560958	0.189324	0.0995802	0.144166	0.325651	0.111719	0.0903832	0.465307	0.113989	0.370141	0.273507	0.281914	0.420122	0.232257	0.272786	0.18726	0.244817	0.230138	
1.02	0.0377003	0.135865	0.0964649	0.238602	0.0516774	0.0382731	0.344898	0.116686	0.358814	0.326429	0.396525	0.355529	0.398365	0.413561	0.0966542	0.12096	0.113392	0.0619145	0.0721415	0.0518173	0.0177795	0.0286583	0.0561254	0.189354	0.100979	0.147843	0.339129	0.116716	0.0902607	0.452669	0.11416	0.369125	0.272825	0.289969	0.406908	0.236271	0.284202	0.187203	0.24437	0.20806	0.0394831	0.145641	0.0955952	0.238639	0.0469825	0.0383684	0.370785	0.115361	0.375092	0.322135	0.363756	0.346285	0.351249	0.369964	0.0966338	0.120931	0.115683	0.0618464	0.072037	0.050858	0.0177656	0.0286499	0.0560956	0.189325	0.0992985	0.144169	0.325661	0.111886	0.0903755	0.46521	0.11401	0.370108	0.273535	0.281933	0.420115	0.232119	0.272789	0.187355	0.244827	0.230122	
1.025	0.0376941	0.135628	0.0964648	0.238601	0.0516772	0.0382804	0.344967	0.116688	0.358653	0.326276	0.396521	0.355527	0.398284	0.413526	0.096658	0.120963	0.113412	0.0619193	0.0721529	0.0518115	0.0177799	0.0286579	0.0561243	0.189359	0.100605	0.147849	0.339154	0.116971	0.0902508	0.452592	0.114197	0.369118	0.272839	0.289961	0.406831	0.236115	0.284199	0.187251	0.244407	0.208075	0.039483	0.145642	0.0955947	0.238637	0.0475743	0.0384008	0.370868	0.115348	0.375038	0.322095	0.363757	0.346279	0.351209	0.369988	0.0966368	0.120933	0.115717	0.0618504	0.0720416	0.050877	0.017766	0.0286499	0.0560956	0.189326	0.0990173	0.144172	0.325672	0.112053	0.090368	0.465109	0.114021	0.370126	0.273551	0.281952	0.420113	0.231984	0.272792	0.187451	0.244836	0.230109	
1.03	0.0376724	0.135393	0.0964649	0.238601	0.0516777	0.0382847	0.345045	0.11669	0.358495	0.326124	0.396517	0.355524	0.398202	0.413487	0.0966623	0.120968	0.113436	0.061924	0.0721642	0.0517957	0.0177803	0.0286574	0.0561226	0.189366	0.100441	0.147855	0.339179	0.117221	0.0902411	0.452512	0.114234	0.369112	0.272853	0.289949	0.406752	0.23596	0.284196	0.187294	0.244445	0.20809	0.0394827	0.145642	0.095594	0.238635	0.0481615	0.0384314	0.370964	0.115339	0.374984	0.322049	0.363756	0.346274	0.351169	0.370014	0.0966403	0.120936	0.11575	0.0618543	0.0720467	0.0508878	0.0177665	0.02865	0.0560958	0.189326	0.0987368	0.144175	0.325684	0.112221	0.0903605	0.465006	0.114028	0.370173	0.273568	0.281972	0.420115	0.231852	0.272795	0.187552	0.244843	0.230099	
1.035	0.0376557	0.13517	0.096465	0.2386	0.0516783	0.0382875	0.345133	0.116691	0.358339	0.325974	0.396512	0.35552	0.398118	0.413444	0.0966672	0.120973	0.113469	0.0619282	0.0721755	0.0517708	0.0177807	0.0286567	0.0561205	0.189375	0.100403	0.147862	0.339206	0.117466	0.0902316	0.452429	0.11427	0.369109	0.272866	0.289934	0.406671	0.235808	0.284192	0.187323	0.244483	0.208106	0.0394823	0.14564	0.0955929	0.238632	0.0487418	0.0384581	0.371069	0.115334	0.374933	0.322002	0.363767	0.34628	0.351129	0.37004	0.0966442	0.12094	0.115783	0.0618581	0.0720521	0.0508914	0.0177669	0.0286501	0.056096	0.189326	0.0984574	0.144184	0.325699	0.11239	0.090353	0.464903	0.114037	0.370237	0.273588	0.281992	0.420124	0.231724	0.272803	0.187655	0.244849	0.230097	
1.04	0.0376746	0.134963	0.0964653	0.2386	0.051679	0.0382884	0.345232	0.116694	0.358187	0.325827	0.396507	0.355516	0.398032	0.413397	0.0966725	0.120979	0.113514	0.0619322	0.0721865	0.0517364	0.0177809	0.0286558	0.0561178	0.189384	0.100332	0.147871	0.339233	0.117704	0.0902223	0.452343	0.114302	0.369107	0.27288	0.289917	0.406588	0.235657	0.284188	0.187334	0.244522	0.208122	0.0394816	0.145638	0.0955916	0.238628	0.0493132	0.0384777	0.37118	0.115334	0.37494	0.322005	0.363774	0.346284	0.351088	0.370071	0.0966485	0.120944	0.115816	0.0618617	0.0720579	0.0508892	0.0177673	0.0286501	0.0560964	0.189325	0.0981794	0.144188	0.325711	0.11256	0.0903457	0.464801	0.114048	0.370305	0.273608	0.282013	0.420138	0.231599	0.272809	0.187757	0.244854	0.230103	
1.045	0.037752	0.134775	0.0964655	0.238599	0.0516798	0.0382875	0.34534	0.116696	0.358038	0.325681	0.396502	0.355512	0.397944	0.413347	0.0966781	0.120986	0.113573	0.0619357	0.0721973	0.051693	0.0177811	0.0286548	0.0561147	0.189393	0.1002	0.147882	0.339263	0.117933	0.0902132	0.452254	0.114331	0.369105	0.272894	0.2899	0.406501	0.235507	0.284183	0.187329	0.244562	0.208139	0.0394807	0.145634	0.0955901	0.238624	0.0498738	0.0384878	0.37129	0.115338	0.374994	0.322043	0.363786	0.346289	0.351048	0.370099	0.0966531	0.120949	0.11585	0.0618653	0.072064	0.0508822	0.0177677	0.0286502	0.0560968	0.189323	0.097903	0.144194	0.325719	0.112732	0.0903384	0.4647	0.114066	0.370364	0.273627	0.282034	0.420158	0.231476	0.272811	0.187842	0.244857	0.23012	
1.05	0.0378852	0.134608	0.0964658	0.238599	0.0516807	0.0382851	0.345455	0.1167	0.357892	0.325537	0.396496	0.355509	0.397854	0.413293	0.0966839	0.120993	0.113645	0.0619389	0.0722077	0.0516425	0.0177812	0.0286536	0.0561112	0.189402	0.0999809	0.147896	0.339295	0.118153	0.0902044	0.452162	0.114356	0.369102	0.272908	0.289883	0.406411	0.235358	0.284177	0.187315	0.244602	0.208156	0.0394797	0.145629	0.0955884	0.238619	0.0504221	0.0384885	0.371395	0.115344	0.375055	0.322079	0.363804	0.3463	0.351008	0.370112	0.0966579	0.120954	0.115883	0.0618687	0.0720703	0.0508715	0.0177681	0.0286502	0.0560971	0.18932	0.0976284	0.144205	0.325728	0.112906	0.0903313	0.464601	0.114091	0.370404	0.273645	0.282054	0.420184	0.231355	0.272812	0.187898	0.244858	0.230149	
1.055	0.0380601	0.134514	0.0964661	0.238598	0.0516816	0.0382816	0.345577	0.116704	0.35775	0.325394	0.396489	0.355506	0.397762	0.413235	0.0966899	0.121001	0.113729	0.0619416	0.0722178	0.0515868	0.0177812	0.0286523	0.0561073	0.189411	0.0996891	0.147913	0.33933	0.118362	0.090196	0.452069	0.114377	0.369099	0.272922	0.289867	0.406318	0.23521	0.284172	0.187299	0.244643	0.208173	0.0394786	0.145624	0.0955865	0.238613	0.0509569	0.0384826	0.371492	0.115351	0.375111	0.322106	0.363821	0.346313	0.350968	0.370109	0.0966631	0.12096	0.115916	0.0618719	0.0720769	0.0508577	0.0177685	0.0286502	0.0560974	0.189318	0.0973561	0.144213	0.325738	0.113082	0.0903242	0.464507	0.114122	0.370423	0.273662	0.282076	0.420215	0.231238	0.272814	0.187921	0.244859	0.23019	
1.06	0.0382624	0.134454	0.0964663	0.238598	0.0516826	0.0382776	0.345703	0.116709	0.357612	0.325253	0.396481	0.355503	0.397668	0.413174	0.096696	0.121009	0.113827	0.061944	0.0722274	0.0515279	0.0177811	0.028651	0.0561031	0.18942	0.0993614	0.147934	0.339368	0.11856	0.0901878	0.451974	0.114394	0.369095	0.272935	0.289854	0.406222	0.235063	0.284165	0.187285	0.244683	0.20819	0.0394774	0.145617	0.0955844	0.238607	0.0514773	0.0384733	0.371578	0.115357	0.375167	0.322135	0.363828	0.346312	0.350928	0.370092	0.0966684	0.120966	0.115949	0.0618749	0.0720835	0.0508416	0.0177688	0.0286501	0.0560976	0.189314	0.0970862	0.144214	0.325747	0.113259	0.0903173	0.464416	0.114156	0.370423	0.273678	0.282097	0.420249	0.231124	0.272817	0.18791	0.24486	0.230243	
1.065	0.0384941	0.134399	0.0964665	0.238597	0.0516834	0.0382739	0.345833	0.116714	0.357477	0.325114	0.396474	0.3555	0.397572	0.413109	0.0967021	0.121017	0.113935	0.0619459	0.0722365	0.0514673	0.017781	0.0286495	0.0560986	0.189428	0.0991339	0.147958	0.339409	0.118746	0.09018	0.451879	0.114408	0.36909	0.272948	0.289845	0.406124	0.234916	0.284158	0.187274	0.244722	0.208207	0.0394761	0.145611	0.0955823	0.238601	0.0516919	0.0384552	0.37165	0.115362	0.375214	0.322157	0.363823	0.346299	0.350889	0.370067	0.0966738	0.120973	0.115982	0.0618777	0.0720904	0.0508238	0.0177691	0.02865	0.0560977	0.189311	0.0968199	0.144208	0.325757	0.113438	0.0903105	0.464329	0.114199	0.370362	0.273693	0.282118	0.420286	0.231012	0.272822	0.187863	0.24486	0.230306	
1.07	0.0387678	0.134404	0.0964666	0.238595	0.0516843	0.0382704	0.345964	0.116719	0.357347	0.324977	0.396466	0.355498	0.397474	0.413041	0.0967083	0.121026	0.11405	0.0619475	0.0722452	0.051406	0.0177808	0.028648	0.0560941	0.189435	0.0989297	0.147987	0.339454	0.11892	0.0901725	0.451784	0.114418	0.369084	0.27296	0.289841	0.406025	0.234769	0.284151	0.187268	0.244758	0.208223	0.0394748	0.145603	0.0955802	0.238595	0.0516925	0.0384495	0.371713	0.115365	0.375229	0.32215	0.363826	0.346296	0.350849	0.370035	0.0966794	0.12098	0.116014	0.0618803	0.0720973	0.0508045	0.0177694	0.0286497	0.0560976	0.189307	0.0965587	0.144214	0.325765	0.113617	0.0903038	0.464248	0.114238	0.370315	0.273708	0.282139	0.420323	0.230904	0.272826	0.18781	0.24486	0.230376	
1.075	0.0390958	0.134435	0.0964665	0.238594	0.051685	0.0382664	0.346094	0.116724	0.35722	0.32484	0.396457	0.355497	0.397375	0.41297	0.0967145	0.121034	0.114169	0.0619488	0.0722535	0.0513451	0.0177805	0.0286465	0.0560894	0.189441	0.0986892	0.14802	0.339503	0.119082	0.0901653	0.451689	0.114425	0.369078	0.272972	0.289843	0.405925	0.234623	0.284144	0.187268	0.244792	0.208239	0.0394735	0.145596	0.095578	0.238588	0.0516807	0.038451	0.371767	0.115365	0.375206	0.322109	0.363861	0.346333	0.35081	0.370001	0.0966851	0.120988	0.116046	0.0618826	0.0721043	0.0507843	0.0177696	0.0286494	0.0560973	0.189303	0.0963046	0.144237	0.32579	0.113797	0.0902973	0.464171	0.114273	0.370274	0.273721	0.282161	0.420361	0.230798	0.27285	0.187767	0.244861	0.230449	
1.08	0.0394392	0.134461	0.0964663	0.238592	0.0516857	0.0382611	0.346221	0.116729	0.357096	0.324705	0.396449	0.355495	0.397274	0.412896	0.0967206	0.121043	0.114283	0.0619498	0.0722612	0.0512854	0.0177802	0.028645	0.0560847	0.189447	0.0984135	0.148057	0.339555	0.119232	0.0901584	0.451597	0.11443	0.36907	0.272983	0.289849	0.405827	0.234476	0.284136	0.187274	0.244821	0.208253	0.0394723	0.145588	0.0955759	0.238582	0.051683	0.0384554	0.371811	0.115362	0.375162	0.322052	0.363923	0.346411	0.350772	0.369971	0.0966908	0.120995	0.116078	0.0618847	0.0721112	0.0507633	0.0177697	0.0286491	0.0560968	0.189299	0.0960591	0.144266	0.325825	0.113977	0.0902908	0.464099	0.114307	0.370214	0.273734	0.282182	0.420398	0.230696	0.272895	0.187743	0.244863	0.230521	
1.085	0.0395138	0.134506	0.096466	0.23859	0.0516862	0.0382447	0.346344	0.116733	0.356976	0.324571	0.39644	0.355494	0.397172	0.41282	0.0967267	0.121052	0.11439	0.0619505	0.0722686	0.0512273	0.0177799	0.0286435	0.0560801	0.189452	0.0981277	0.148098	0.339612	0.119371	0.0901517	0.451506	0.114437	0.369062	0.272994	0.289855	0.405733	0.234329	0.284128	0.187291	0.244845	0.208267	0.0394713	0.145581	0.0955739	0.238576	0.0516837	0.0384639	0.371849	0.115357	0.375113	0.321995	0.363995	0.346511	0.350733	0.369946	0.0966966	0.121003	0.11611	0.0618865	0.0721182	0.0507418	0.0177698	0.0286486	0.056096	0.189296	0.0958232	0.144292	0.325862	0.114157	0.0902846	0.464031	0.11434	0.370162	0.273746	0.282206	0.420433	0.230599	0.272953	0.187744	0.244865	0.23059	
1.09	0.0394905	0.134562	0.0964655	0.238587	0.0516866	0.03824	0.346459	0.116737	0.356859	0.324439	0.396431	0.355493	0.397069	0.41274	0.0967327	0.12106	0.114483	0.0619509	0.0722756	0.0511706	0.0177795	0.0286421	0.0560757	0.189456	0.0979942	0.148144	0.339672	0.119499	0.0901453	0.451419	0.114444	0.369052	0.273005	0.289859	0.405645	0.234182	0.28412	0.18732	0.244864	0.208278	0.0394704	0.145574	0.0955721	0.23857	0.0516822	0.0384761	0.371883	0.11535	0.37506	0.321939	0.364071	0.34662	0.350695	0.369923	0.0967024	0.121011	0.116141	0.061888	0.0721251	0.05072	0.0177699	0.028648	0.056095	0.189292	0.0955968	0.144317	0.3259	0.114335	0.0902784	0.463968	0.114369	0.370144	0.273757	0.282234	0.420465	0.23051	0.273017	0.18777	0.244868	0.230653	
1.095	0.0394814	0.134623	0.0964649	0.238584	0.0516869	0.0382314	0.346564	0.116739	0.356746	0.324307	0.396421	0.355493	0.396965	0.412659	0.0967387	0.121069	0.114566	0.0619512	0.0722823	0.0511152	0.0177792	0.0286409	0.0560716	0.18946	0.0980114	0.148195	0.339736	0.119617	0.090139	0.451337	0.114452	0.369043	0.273014	0.28986	0.405566	0.234034	0.284112	0.187369	0.244877	0.208289	0.0394697	0.145568	0.0955704	0.238564	0.0516811	0.0384909	0.371917	0.115344	0.375011	0.321889	0.364158	0.346742	0.350703	0.369884	0.0967082	0.121019	0.116172	0.0618893	0.0721319	0.0506981	0.0177699	0.0286474	0.0560937	0.18929	0.0953795	0.144352	0.325948	0.114512	0.0902724	0.463909	0.114392	0.370168	0.273767	0.282261	0.420494	0.230435	0.273094	0.187815	0.244873	0.230707	
1.1	0.0394826	0.134852	0.0964642	0.238581	0.051687	0.038222	0.346659	0.11674	0.356635	0.324176	0.396412	0.355493	0.396861	0.412575	0.0967447	0.121078	0.114643	0.0619514	0.0722887	0.0510607	0.0177788	0.0286397	0.0560678	0.189462	0.0980225	0.148249	0.339804	0.119726	0.0901329	0.451259	0.114461	0.369032	0.273023	0.289858	0.405497	0.233886	0.284105	0.187442	0.244886	0.208298	0.0394692	0.145564	0.0955688	0.238559	0.0516804	0.0385078	0.371954	0.11534	0.3749	0.321789	0.364147	0.346752	0.350669	0.369816	0.096714	0.121027	0.116203	0.0618903	0.0721386	0.0506762	0.0177698	0.0286467	0.0560922	0.189287	0.09517	0.144311	0.325915	0.114686	0.0902666	0.463853	0.114411	0.370228	0.273777	0.282326	0.42052	0.230355	0.27309	0.187855	0.244879	0.23075	
1.105	0.0394821	0.135133	0.0964633	0.238578	0.051687	0.038213	0.346745	0.11674	0.356527	0.324045	0.396402	0.355493	0.396756	0.41249	0.0967507	0.121087	0.114713	0.0619514	0.0722948	0.0510075	0.0177785	0.0286388	0.0560645	0.189464	0.0979542	0.148308	0.339876	0.119827	0.0901266	0.451186	0.114472	0.369022	0.273032	0.289854	0.405443	0.233737	0.284097	0.187542	0.24489	0.208307	0.039469	0.145561	0.0955675	0.238554	0.0516798	0.0385272	0.371995	0.11534	0.374741	0.321655	0.364067	0.346675	0.350606	0.369726	0.0967198	0.121035	0.116233	0.0618909	0.0721451	0.0506545	0.0177697	0.0286459	0.0560905	0.189285	0.0949666	0.144263	0.325868	0.114857	0.0902609	0.463801	0.114428	0.370312	0.273787	0.282411	0.420541	0.230268	0.273036	0.187895	0.244885	0.230783	
1.11	0.0394809	0.135363	0.0964624	0.238575	0.0516868	0.0382054	0.346823	0.11674	0.356422	0.323916	0.396393	0.355494	0.396653	0.412406	0.0967567	0.121095	0.114775	0.0619514	0.0723008	0.0509568	0.0177781	0.0286381	0.0560616	0.189465	0.0977997	0.14837	0.339953	0.119922	0.0901202	0.451119	0.114488	0.369011	0.273039	0.289847	0.405404	0.233588	0.28409	0.18767	0.24489	0.208314	0.0394691	0.14556	0.0955664	0.23855	0.0516793	0.0385481	0.372044	0.115345	0.374589	0.321539	0.364014	0.346613	0.350548	0.36963	0.0967254	0.121043	0.116262	0.0618913	0.0721515	0.0506332	0.0177695	0.028645	0.0560885	0.189284	0.094768	0.144261	0.325868	0.115024	0.0902554	0.463753	0.114446	0.370411	0.273795	0.282491	0.420559	0.230178	0.273004	0.187942	0.244893	0.230803	
1.115	0.0394805	0.13553	0.0964613	0.238571	0.0516866	0.0381982	0.346892	0.116739	0.356318	0.323786	0.396384	0.355495	0.396553	0.412325	0.0967628	0.121104	0.114831	0.0619514	0.0723068	0.0509098	0.0177778	0.0286376	0.0560593	0.189465	0.0976011	0.148435	0.340035	0.120011	0.0901134	0.451058	0.114507	0.368999	0.273047	0.289836	0.405382	0.233438	0.284083	0.187818	0.244887	0.20832	0.0394694	0.145561	0.0955656	0.238547	0.051679	0.0385687	0.372102	0.115357	0.374478	0.321465	0.364016	0.346618	0.350505	0.369534	0.096731	0.121051	0.116291	0.0618915	0.0721577	0.0506124	0.0177692	0.028644	0.0560862	0.189284	0.0945733	0.144291	0.325907	0.115188	0.09025	0.463708	0.114465	0.37052	0.273804	0.282556	0.420573	0.230086	0.27302	0.187995	0.244901	0.230813	
1.12	0.0394805	0.135659	0.0964602	0.238567	0.0516862	0.0381918	0.346954	0.116738	0.356216	0.323657	0.396375	0.355496	0.396454	0.412242	0.0967689	0.121113	0.114881	0.0619513	0.0723126	0.0508672	0.0177776	0.0286373	0.0560576	0.189465	0.0973844	0.148504	0.340117	0.120096	0.0901059	0.451003	0.114529	0.368988	0.273053	0.289824	0.405375	0.233287	0.284076	0.187975	0.244883	0.208326	0.0394699	0.145564	0.0955649	0.238544	0.0516789	0.0385868	0.372169	0.115376	0.374389	0.321414	0.363998	0.346607	0.350469	0.369281	0.0967366	0.121059	0.116319	0.0618913	0.0721636	0.0505922	0.017769	0.028643	0.0560838	0.189284	0.0943833	0.144282	0.325908	0.115346	0.0902448	0.463666	0.114488	0.370633	0.273812	0.282704	0.420583	0.229996	0.273023	0.188002	0.244911	0.230814	
1.125	0.0394804	0.135876	0.096459	0.238563	0.0516857	0.0381863	0.34701	0.116737	0.356116	0.323528	0.396367	0.355498	0.396354	0.412155	0.0967751	0.121122	0.114929	0.0619514	0.0723185	0.0508288	0.0177773	0.0286373	0.0560564	0.189464	0.0971629	0.148575	0.34019	0.120178	0.090097	0.450955	0.11455	0.368977	0.273059	0.289812	0.405384	0.233135	0.28407	0.188127	0.244879	0.208332	0.0394707	0.14557	0.0955645	0.238542	0.0516789	0.038602	0.372244	0.115401	0.374357	0.321418	0.363949	0.346553	0.350434	0.36898	0.096742	0.121067	0.116347	0.0618909	0.0721694	0.0505727	0.0177686	0.0286419	0.0560812	0.189285	0.0941997	0.144254	0.325885	0.115499	0.0902397	0.463627	0.114513	0.370746	0.27382	0.282871	0.42059	0.229906	0.272995	0.187999	0.244921	0.230812	
1.13	0.0394803	0.136116	0.0964578	0.23856	0.0516852	0.0381827	0.347063	0.116737	0.356017	0.323399	0.396359	0.3555	0.396254	0.412064	0.0967814	0.121131	0.114978	0.0619515	0.0723244	0.0507939	0.0177772	0.0286375	0.0560559	0.189463	0.0969432	0.148648	0.34025	0.120258	0.090085	0.450913	0.114571	0.368967	0.273065	0.289804	0.405408	0.232982	0.284065	0.188265	0.244877	0.208338	0.0394716	0.145577	0.0955642	0.23854	0.0516791	0.0386145	0.372326	0.115432	0.374402	0.321484	0.3639	0.346482	0.350397	0.368788	0.0967473	0.121075	0.116374	0.0618902	0.072175	0.050554	0.0177682	0.0286408	0.0560784	0.189287	0.0940239	0.144242	0.325873	0.115645	0.0902348	0.463591	0.114542	0.370853	0.273837	0.282985	0.420595	0.229816	0.272959	0.188029	0.244931	0.230808	
1.135	0.03948	0.136318	0.0964566	0.238556	0.0516846	0.0381811	0.347112	0.116737	0.355918	0.32327	0.396352	0.355502	0.396154	0.411967	0.0967878	0.121141	0.115025	0.0619516	0.0723304	0.0507621	0.017777	0.0286379	0.0560559	0.189461	0.0967274	0.148724	0.340296	0.120336	0.0900619	0.450878	0.114589	0.368956	0.27307	0.2898	0.405446	0.232829	0.28406	0.188383	0.244878	0.208345	0.0394727	0.145585	0.0955642	0.238539	0.0516793	0.0386253	0.372412	0.115467	0.374513	0.321595	0.363872	0.346422	0.35036	0.368708	0.0967526	0.121083	0.116401	0.0618893	0.0721803	0.0505363	0.0177678	0.0286395	0.0560755	0.18929	0.0938569	0.144243	0.325876	0.115786	0.09023	0.463558	0.11458	0.370949	0.273895	0.283035	0.420596	0.229727	0.272933	0.188093	0.244942	0.230806	
1.14	0.0394797	0.136474	0.0964554	0.238553	0.051684	0.0381823	0.34716	0.116738	0.35582	0.32314	0.396346	0.355505	0.396055	0.411871	0.0967944	0.12115	0.115072	0.0619519	0.0723365	0.0507329	0.0177769	0.0286384	0.0560563	0.189459	0.0965157	0.1488	0.340329	0.120415	0.0900249	0.450847	0.114604	0.368946	0.273075	0.2898	0.405498	0.232675	0.284055	0.188478	0.244883	0.208352	0.0394739	0.145594	0.0955642	0.238538	0.0516797	0.0386319	0.372502	0.115503	0.374581	0.32164	0.36386	0.346376	0.350322	0.368672	0.0967577	0.121091	0.116427	0.0618881	0.0721854	0.0505198	0.0177673	0.0286383	0.0560725	0.189292	0.0936976	0.144244	0.325884	0.115922	0.0902254	0.463526	0.114623	0.371037	0.273959	0.283061	0.420595	0.229637	0.272919	0.188157	0.244953	0.230805	
1.145	0.0394793	0.136635	0.0964542	0.238549	0.0516833	0.038187	0.347206	0.116738	0.355723	0.323011	0.39634	0.355508	0.395954	0.411773	0.0968011	0.12116	0.115116	0.0619523	0.0723428	0.0507062	0.0177768	0.028639	0.0560572	0.189457	0.0963075	0.148879	0.340352	0.120494	0.0900052	0.450822	0.114618	0.368943	0.27308	0.289806	0.405563	0.23252	0.284052	0.188554	0.244891	0.208361	0.0394752	0.145602	0.0955644	0.238538	0.0516802	0.0386315	0.372592	0.115537	0.37462	0.321648	0.363857	0.346342	0.350285	0.368636	0.0967627	0.121099	0.116453	0.0618866	0.0721903	0.0505046	0.0177668	0.0286369	0.0560694	0.189295	0.093544	0.144245	0.325891	0.116055	0.0902208	0.463496	0.114667	0.371116	0.274027	0.28308	0.420592	0.229548	0.272912	0.188205	0.244965	0.230805	
1.15	0.0394788	0.136791	0.0964531	0.238546	0.0516826	0.0381949	0.347251	0.116739	0.355625	0.322881	0.396335	0.355512	0.395853	0.411675	0.0968078	0.121169	0.115157	0.0619527	0.0723491	0.0506818	0.0177768	0.0286396	0.0560584	0.189455	0.0961021	0.148958	0.340367	0.120574	0.0900169	0.450802	0.114632	0.368947	0.273084	0.289814	0.405637	0.232364	0.284049	0.188614	0.244903	0.208369	0.0394766	0.14561	0.0955647	0.238538	0.0516807	0.0386285	0.372681	0.115567	0.374649	0.321651	0.363868	0.346341	0.350248	0.368593	0.0967676	0.121107	0.116479	0.061885	0.072195	0.0504906	0.0177662	0.0286355	0.0560663	0.189299	0.0933942	0.144259	0.325913	0.116184	0.0902164	0.463467	0.114704	0.371186	0.274051	0.283097	0.420588	0.229458	0.272924	0.188227	0.244977	0.230805	
1.155	0.0394783	0.136926	0.096452	0.238543	0.051682	0.0382054	0.347295	0.116738	0.355527	0.322751	0.396331	0.355515	0.395751	0.411577	0.0968147	0.121179	0.115196	0.0619533	0.0723556	0.0506596	0.0177768	0.0286403	0.0560598	0.189452	0.095899	0.149037	0.340378	0.120656	0.090052	0.450786	0.114647	0.368956	0.273088	0.289825	0.405721	0.232208	0.284046	0.188666	0.244917	0.208379	0.0394779	0.145618	0.095565	0.238538	0.0516812	0.0386256	0.372767	0.115589	0.374695	0.321678	0.363886	0.346362	0.350227	0.368551	0.0967725	0.121115	0.116504	0.0618831	0.0721995	0.0504777	0.0177656	0.0286341	0.0560631	0.189302	0.0932468	0.144274	0.325935	0.116308	0.090212	0.463437	0.114733	0.371249	0.274003	0.283108	0.420581	0.229368	0.272943	0.18823	0.244988	0.230803	
1.16	0.0394777	0.137183	0.096451	0.23854	0.0516814	0.0382173	0.347338	0.116736	0.35543	0.32262	0.396328	0.35552	0.395649	0.41148	0.0968218	0.121189	0.115233	0.061954	0.0723622	0.0506395	0.0177768	0.028641	0.0560615	0.18945	0.0957433	0.149117	0.340385	0.120739	0.0900975	0.450773	0.114661	0.368965	0.273092	0.289839	0.405812	0.232051	0.284044	0.188714	0.244933	0.208389	0.0394793	0.145625	0.0955653	0.238538	0.0516817	0.0386252	0.372847	0.115603	0.374744	0.321712	0.363916	0.346407	0.350191	0.368507	0.0967771	0.121122	0.11653	0.061881	0.0722038	0.0504661	0.017765	0.0286326	0.05606	0.189306	0.0931015	0.144293	0.325963	0.116426	0.0902078	0.463407	0.114758	0.371298	0.273922	0.283125	0.420573	0.22928	0.272972	0.188221	0.245	0.230798	
1.165	0.0394772	0.137463	0.0964501	0.238538	0.0516808	0.0382299	0.347381	0.116734	0.355331	0.322489	0.396326	0.355524	0.395547	0.411384	0.0968289	0.1212	0.11527	0.0619547	0.0723689	0.0506215	0.0177769	0.0286416	0.0560632	0.189448	0.095621	0.149198	0.340389	0.120825	0.0901114	0.450763	0.114675	0.368973	0.273095	0.289854	0.405908	0.231894	0.284043	0.188763	0.244948	0.208398	0.0394806	0.145632	0.0955656	0.238538	0.0516821	0.0386285	0.372916	0.115608	0.374779	0.321731	0.363949	0.346466	0.350145	0.368461	0.0967818	0.12113	0.116555	0.0618787	0.0722079	0.0504555	0.0177643	0.028631	0.0560569	0.189309	0.0929584	0.14431	0.325996	0.11654	0.0902035	0.463375	0.114785	0.371309	0.273886	0.283148	0.420564	0.229194	0.273011	0.18822	0.245012	0.230787	
1.17	0.0394768	0.137684	0.0964493	0.238535	0.0516803	0.0382433	0.347423	0.11673	0.355233	0.322358	0.396324	0.355529	0.395445	0.411287	0.0968361	0.12121	0.115306	0.0619554	0.0723757	0.0506053	0.0177769	0.0286421	0.056065	0.189446	0.0954863	0.149278	0.340392	0.120913	0.0900903	0.450755	0.114689	0.368979	0.273099	0.289872	0.406009	0.231736	0.284042	0.188818	0.244961	0.208407	0.0394819	0.145637	0.0955659	0.238539	0.0516826	0.0386366	0.37297	0.115603	0.374748	0.321683	0.363943	0.346481	0.350101	0.368416	0.0967863	0.121138	0.11658	0.0618763	0.0722119	0.0504461	0.0177637	0.0286294	0.0560539	0.189312	0.0928185	0.144299	0.325996	0.11665	0.0901994	0.463341	0.114815	0.371277	0.273889	0.283181	0.420553	0.229105	0.273018	0.188245	0.245023	0.23077	
1.175	0.0394764	0.137836	0.0964486	0.238533	0.0516799	0.0382566	0.347467	0.116725	0.355134	0.322226	0.396322	0.355533	0.395343	0.411191	0.0968434	0.12122	0.115343	0.0619562	0.0723826	0.0505908	0.017777	0.0286426	0.0560668	0.189444	0.0953249	0.149358	0.340394	0.121005	0.0900327	0.450749	0.1147	0.368987	0.273102	0.289892	0.406113	0.231578	0.284042	0.188883	0.244971	0.208416	0.0394831	0.145642	0.0955662	0.238539	0.0516829	0.0386491	0.373013	0.115589	0.374665	0.321585	0.363927	0.346471	0.350062	0.368372	0.0967908	0.121145	0.116606	0.0618736	0.0722157	0.0504376	0.017763	0.0286276	0.0560511	0.189316	0.0926831	0.144295	0.325995	0.116757	0.0901952	0.463305	0.114843	0.371221	0.273899	0.283223	0.42054	0.229015	0.273009	0.188309	0.245033	0.230745	
1.18	0.0394762	0.137948	0.0964481	0.238532	0.0516796	0.0382692	0.347511	0.116721	0.355034	0.322094	0.396321	0.355538	0.395241	0.411094	0.0968507	0.121231	0.115381	0.0619571	0.0723895	0.0505781	0.0177771	0.0286429	0.0560685	0.189443	0.0951607	0.149438	0.340396	0.121098	0.0899505	0.450743	0.114709	0.368996	0.273105	0.289914	0.406219	0.231419	0.284042	0.188958	0.244975	0.208423	0.0394843	0.145646	0.0955664	0.238539	0.0516832	0.038663	0.37305	0.115567	0.374573	0.321487	0.363933	0.346474	0.350025	0.368329	0.0967952	0.121153	0.116631	0.0618708	0.0722194	0.0504301	0.0177622	0.0286258	0.0560485	0.189318	0.0925533	0.14431	0.326016	0.116863	0.090191	0.463266	0.114861	0.371164	0.273907	0.283275	0.420527	0.22893	0.273012	0.188413	0.245043	0.230712	
1.185	0.0394761	0.138325	0.0964477	0.23853	0.0516794	0.0382809	0.347556	0.116717	0.354934	0.321961	0.396321	0.355544	0.39514	0.410998	0.0968581	0.121241	0.115417	0.0619579	0.0723964	0.0505669	0.0177772	0.0286432	0.0560701	0.189442	0.0950532	0.149518	0.340397	0.121192	0.0899384	0.450737	0.114717	0.369006	0.273109	0.289937	0.406325	0.23126	0.284042	0.189042	0.244975	0.208429	0.0394854	0.145649	0.0955666	0.238542	0.0516835	0.0386751	0.373083	0.115539	0.374482	0.321396	0.363964	0.346504	0.349988	0.368285	0.0967996	0.121161	0.116657	0.0618679	0.072223	0.0504236	0.0177615	0.0286237	0.056046	0.189321	0.0924287	0.144333	0.326047	0.116965	0.0901868	0.463224	0.114865	0.371123	0.273914	0.283335	0.420511	0.228848	0.273032	0.188548	0.245052	0.23067	
1.19	0.0394761	0.138787	0.0964474	0.23853	0.0516793	0.0382913	0.347601	0.116715	0.354833	0.321828	0.39632	0.355549	0.395039	0.410902	0.0968654	0.121252	0.115451	0.0619586	0.0724032	0.0505572	0.0177773	0.0286434	0.0560716	0.189442	0.0950056	0.149599	0.340397	0.121285	0.0899718	0.45073	0.114724	0.369015	0.273112	0.289961	0.40643	0.2311	0.284042	0.189133	0.244968	0.208434	0.0394864	0.145651	0.0955666	0.238546	0.0516836	0.0386845	0.373115	0.115506	0.374395	0.32131	0.363997	0.346543	0.349951	0.368242	0.096804	0.121169	0.116683	0.0618648	0.0722266	0.0504179	0.0177607	0.0286211	0.0560439	0.189323	0.0923079	0.144348	0.326072	0.117062	0.0901825	0.463178	0.114854	0.371104	0.273921	0.283401	0.420495	0.228763	0.273055	0.188699	0.24506	0.230621	
1.195	0.0394763	0.139153	0.0964472	0.238529	0.0516793	0.0383019	0.347646	0.116715	0.354732	0.321694	0.39632	0.355554	0.394937	0.410806	0.0968727	0.121262	0.115482	0.0619594	0.07241	0.0505487	0.0177774	0.0286434	0.056073	0.189442	0.094991	0.149689	0.340398	0.121378	0.0900035	0.450721	0.11473	0.369024	0.273115	0.289986	0.406533	0.23094	0.284043	0.189226	0.244956	0.208437	0.0394873	0.145653	0.095622	0.238552	0.0516837	0.0386914	0.373143	0.115472	0.374318	0.321236	0.364037	0.346595	0.349913	0.368198	0.0968084	0.121176	0.116709	0.0618616	0.07223	0.0504131	0.01776	0.0286173	0.056042	0.189325	0.0921895	0.144367	0.326101	0.117156	0.0901781	0.463128	0.11484	0.371077	0.273928	0.283467	0.420476	0.228674	0.273086	0.188844	0.245067	0.230565	
1.2	0.0394766	0.139388	0.0964471	0.238528	0.0516794	0.0383134	0.347691	0.116719	0.354631	0.32156	0.39632	0.355559	0.394835	0.410709	0.09688	0.121272	0.11551	0.06196	0.0724166	0.0505414	0.0177774	0.0286433	0.0560741	0.189443	0.0949867	0.149778	0.340398	0.12147	0.0900277	0.45071	0.114737	0.369035	0.273119	0.290014	0.406632	0.230779	0.284043	0.18932	0.244941	0.20844	0.0394882	0.145653	0.0957106	0.23856	0.0516836	0.0386965	0.373164	0.115439	0.374254	0.321176	0.364088	0.346662	0.349876	0.368154	0.0968128	0.121184	0.116736	0.0618582	0.0722334	0.050409	0.0177592	0.028608	0.0560404	0.189327	0.0920721	0.144393	0.326138	0.117249	0.0901737	0.463073	0.114832	0.371024	0.273936	0.283532	0.420457	0.228586	0.273127	0.188968	0.245072	0.230507	
1.205	0.039477	0.139539	0.0964471	0.238528	0.0516795	0.0383263	0.347735	0.116728	0.354529	0.321426	0.39632	0.355564	0.394732	0.410611	0.0968871	0.121283	0.115535	0.0619605	0.0724231	0.0505353	0.0177775	0.0286431	0.0560751	0.189445	0.0950797	0.149811	0.340399	0.121561	0.0900573	0.450696	0.114746	0.369049	0.273122	0.290045	0.406728	0.230618	0.284043	0.189412	0.244923	0.208442	0.0394889	0.145653	0.0957967	0.23857	0.0516835	0.0387	0.37318	0.115411	0.374198	0.321128	0.364081	0.346669	0.349839	0.36811	0.0968172	0.121192	0.116763	0.0618547	0.0722368	0.0504056	0.0177584	0.0285944	0.056039	0.189328	0.0919559	0.144375	0.326128	0.117347	0.0901692	0.463014	0.11483	0.370962	0.273943	0.283601	0.420435	0.228498	0.273123	0.189072	0.245076	0.23045	
1.21	0.0394776	0.139658	0.0964471	0.238527	0.0516797	0.0383404	0.347779	0.116741	0.354427	0.321292	0.39632	0.355569	0.394628	0.410514	0.0968941	0.121293	0.115553	0.0619609	0.0724294	0.05053	0.0177775	0.0286428	0.0560758	0.189446	0.0951417	0.149808	0.3404	0.121649	0.0900982	0.45068	0.114757	0.36906	0.273126	0.290078	0.406818	0.230457	0.284044	0.189505	0.244905	0.208444	0.0394897	0.145653	0.095869	0.238581	0.0516833	0.0387024	0.373194	0.115388	0.374146	0.321088	0.364039	0.346629	0.349802	0.368067	0.0968216	0.1212	0.11679	0.0618511	0.0722401	0.0504028	0.0177575	0.0285785	0.0560378	0.189329	0.0918417	0.144355	0.32611	0.11745	0.0901646	0.462951	0.114831	0.370905	0.27395	0.283669	0.420413	0.228409	0.273093	0.189155	0.245078	0.230397	
1.215	0.0394783	0.139773	0.0964471	0.238527	0.0516799	0.0383555	0.34782	0.116758	0.354325	0.321157	0.396319	0.355574	0.394524	0.410416	0.0969009	0.121303	0.115563	0.0619612	0.0724355	0.0505256	0.0177775	0.0286424	0.0560762	0.189448	0.0950986	0.14982	0.340401	0.121736	0.0901118	0.45066	0.114775	0.369066	0.273129	0.290112	0.406904	0.230295	0.284044	0.189603	0.24489	0.208447	0.0394903	0.145651	0.0959249	0.238593	0.051683	0.0387036	0.373204	0.11537	0.374095	0.321052	0.364021	0.346608	0.349765	0.368023	0.0968259	0.121208	0.116818	0.0618474	0.0722433	0.0504006	0.0177567	0.0285614	0.0560368	0.189329	0.0917305	0.144365	0.326125	0.117559	0.0901599	0.462884	0.114832	0.370842	0.273956	0.283733	0.420388	0.228321	0.273082	0.189222	0.245079	0.23035	
1.22	0.039479	0.139896	0.096447	0.238526	0.0516802	0.0383714	0.347859	0.116779	0.354224	0.321023	0.396319	0.355579	0.39442	0.410319	0.0969074	0.121313	0.115563	0.0619612	0.0724412	0.050522	0.0177774	0.0286418	0.0560764	0.18945	0.0949695	0.149864	0.340402	0.12182	0.0900926	0.450639	0.114799	0.369064	0.273132	0.290143	0.406984	0.230133	0.284044	0.189709	0.24488	0.20845	0.0394909	0.145649	0.0959696	0.238607	0.0516826	0.038704	0.373209	0.115358	0.374041	0.321018	0.364049	0.346635	0.349729	0.36798	0.0968302	0.121216	0.116846	0.0618435	0.0722464	0.050399	0.0177558	0.0285438	0.0560358	0.189329	0.0916231	0.144396	0.326165	0.117669	0.0901551	0.462813	0.114834	0.370746	0.273963	0.283791	0.420362	0.22824	0.273105	0.189275	0.245078	0.230312	
1.225	0.0394799	0.140029	0.096447	0.238526	0.0516804	0.038387	0.347895	0.116803	0.354123	0.320888	0.396318	0.355584	0.394316	0.410221	0.0969137	0.121322	0.115554	0.0619611	0.0724467	0.050519	0.0177773	0.0286411	0.0560762	0.189453	0.0947999	0.149874	0.340403	0.1219	0.0900439	0.450615	0.114829	0.369055	0.273135	0.290174	0.407059	0.229971	0.284044	0.189821	0.244878	0.208454	0.0394915	0.145647	0.0960147	0.238621	0.0516821	0.0387036	0.373209	0.115351	0.373984	0.320984	0.364048	0.346634	0.349693	0.367937	0.0968345	0.121224	0.116875	0.0618395	0.0722494	0.0503978	0.0177549	0.0285253	0.0560349	0.189329	0.0915188	0.144388	0.326167	0.117776	0.0901503	0.462739	0.114838	0.370581	0.273969	0.283851	0.420333	0.228158	0.273105	0.189315	0.245075	0.230283	
1.23	0.0394807	0.140172	0.0964469	0.238525	0.0516807	0.0384021	0.347928	0.11683	0.354022	0.320755	0.396316	0.355589	0.394211	0.410122	0.0969197	0.121331	0.115541	0.0619608	0.0724517	0.0505165	0.0177772	0.0286403	0.0560758	0.189455	0.094776	0.14987	0.340404	0.121976	0.0899787	0.45059	0.114862	0.369045	0.273137	0.290203	0.407129	0.229809	0.284044	0.189934	0.244886	0.20846	0.039492	0.145645	0.0960656	0.238637	0.0516816	0.0387027	0.373205	0.115347	0.373925	0.320947	0.364034	0.346619	0.349657	0.367894	0.0968387	0.121232	0.116904	0.0618353	0.0722523	0.050397	0.017754	0.0285058	0.056034	0.189329	0.0914159	0.144381	0.326166	0.117877	0.0901454	0.462662	0.114843	0.370339	0.273974	0.283913	0.420303	0.228072	0.273097	0.189343	0.245071	0.230263	
1.235	0.0394816	0.140325	0.0964467	0.238523	0.0516809	0.0384168	0.34796	0.116858	0.353922	0.320621	0.396315	0.355593	0.394106	0.410022	0.0969255	0.12134	0.115525	0.0619603	0.0724564	0.0505146	0.017777	0.0286394	0.056075	0.189457	0.0947841	0.149886	0.340405	0.122047	0.0899426	0.450565	0.114895	0.369041	0.27314	0.290231	0.407195	0.229648	0.284044	0.190039	0.244905	0.208469	0.0394924	0.145642	0.0961125	0.238653	0.051681	0.0387013	0.373201	0.115347	0.373866	0.320906	0.364044	0.346629	0.349621	0.367851	0.0968429	0.12124	0.116933	0.061831	0.072255	0.0503966	0.0177531	0.0284848	0.0560329	0.189328	0.0913129	0.144398	0.326189	0.117974	0.0901404	0.462582	0.114849	0.370061	0.273979	0.283971	0.420271	0.227986	0.273107	0.189367	0.245066	0.230253	
1.24	0.0394824	0.140538	0.0964464	0.238522	0.051681	0.0384311	0.347991	0.116886	0.353823	0.320489	0.396313	0.355598	0.393999	0.409924	0.0969308	0.121349	0.115512	0.0619595	0.0724607	0.050513	0.0177768	0.0286384	0.0560739	0.189459	0.0947325	0.149924	0.340406	0.122116	0.0899609	0.450539	0.114927	0.369045	0.273141	0.290257	0.407257	0.229487	0.284043	0.190128	0.244937	0.20848	0.0394929	0.145639	0.0961461	0.23867	0.0516804	0.0386997	0.373198	0.115349	0.373808	0.320861	0.364088	0.346678	0.349585	0.367808	0.0968469	0.121248	0.116962	0.0618266	0.0722576	0.0503966	0.0177521	0.0284623	0.0560317	0.189327	0.0912092	0.14443	0.326231	0.118071	0.0901354	0.462501	0.114856	0.3698	0.273984	0.284024	0.420236	0.227904	0.273142	0.189391	0.24506	0.230252	
1.245	0.0394833	0.140772	0.096446	0.23852	0.0516811	0.0384453	0.348023	0.116914	0.353725	0.320357	0.396311	0.355602	0.393893	0.409824	0.0969359	0.121357	0.115505	0.0619586	0.0724646	0.0505118	0.0177766	0.0286372	0.0560725	0.189461	0.0946192	0.149911	0.340408	0.122178	0.0899969	0.450515	0.114956	0.369061	0.273143	0.290284	0.407317	0.229326	0.284043	0.190197	0.244979	0.208493	0.0394933	0.145635	0.0961664	0.238687	0.0516797	0.0386978	0.373195	0.115354	0.37375	0.320814	0.36408	0.346674	0.34955	0.367766	0.0968508	0.121256	0.116991	0.0618219	0.07226	0.0503968	0.0177511	0.0284387	0.0560302	0.189326	0.0911053	0.144411	0.326221	0.118164	0.0901303	0.462419	0.114864	0.369595	0.273988	0.284078	0.420199	0.22782	0.273138	0.189417	0.245053	0.230258	
1.25	0.039484	0.140996	0.0964455	0.238518	0.0516812	0.0384604	0.348059	0.11694	0.353628	0.320227	0.396309	0.355606	0.393785	0.409724	0.0969406	0.121364	0.115511	0.0619574	0.0724681	0.0505109	0.0177763	0.028636	0.0560708	0.189462	0.0944755	0.149876	0.340409	0.122233	0.0900192	0.450492	0.114979	0.36909	0.273144	0.290311	0.407375	0.229167	0.284042	0.190246	0.245032	0.208509	0.0394937	0.145632	0.0961828	0.238704	0.051679	0.0386958	0.373193	0.115359	0.373693	0.320767	0.36404	0.346632	0.349515	0.367724	0.0968546	0.121264	0.117021	0.0618171	0.0722621	0.0503973	0.0177501	0.0284147	0.0560285	0.189325	0.0910028	0.144392	0.326204	0.118253	0.090125	0.462337	0.114876	0.369452	0.273992	0.28413	0.420158	0.227735	0.27311	0.189439	0.245045	0.230272	
1.255	0.0394848	0.141289	0.0964449	0.238516	0.0516812	0.0384766	0.3481	0.116964	0.353533	0.320097	0.396307	0.35561	0.393677	0.409623	0.0969449	0.121372	0.11553	0.061956	0.0724712	0.0505102	0.0177759	0.0286347	0.0560688	0.189464	0.0945366	0.149869	0.34041	0.122284	0.0900798	0.45047	0.114997	0.369131	0.273144	0.290337	0.40743	0.229008	0.284041	0.190279	0.245093	0.208527	0.0394942	0.145629	0.0962088	0.238722	0.0516784	0.0386938	0.37319	0.115367	0.373636	0.320719	0.364024	0.34661	0.349481	0.367683	0.0968583	0.121271	0.11705	0.0618121	0.0722641	0.050398	0.017749	0.0283913	0.0560264	0.189324	0.0909033	0.144402	0.326218	0.118341	0.0901197	0.462255	0.11489	0.369345	0.273995	0.284178	0.420113	0.22765	0.2731	0.189456	0.245037	0.230295	
1.26	0.0394854	0.141597	0.0964442	0.238513	0.0516811	0.0384934	0.348146	0.116986	0.353438	0.319969	0.396304	0.355614	0.393568	0.409522	0.096949	0.121379	0.115561	0.0619544	0.072474	0.0505097	0.0177756	0.0286333	0.0560665	0.189465	0.0946474	0.149901	0.340411	0.122333	0.0901269	0.450449	0.115009	0.36918	0.273144	0.290364	0.407485	0.22885	0.28404	0.190307	0.245159	0.208546	0.0394946	0.145626	0.0962598	0.238741	0.0516777	0.0386919	0.373188	0.115377	0.37358	0.320672	0.364052	0.346634	0.349447	0.367642	0.0968618	0.121279	0.11708	0.0618069	0.0722657	0.0503989	0.0177478	0.0283697	0.056024	0.189323	0.0908075	0.144431	0.326255	0.118431	0.0901141	0.462175	0.114907	0.369249	0.273998	0.284222	0.420065	0.227568	0.273123	0.189468	0.245028	0.230327	
1.265	0.039486	0.141876	0.0964435	0.23851	0.051681	0.0385119	0.348198	0.117006	0.353345	0.319841	0.396301	0.355617	0.393459	0.409421	0.0969527	0.121385	0.1156	0.0619527	0.0724763	0.0505094	0.0177752	0.0286318	0.056064	0.189465	0.094678	0.149899	0.340412	0.122375	0.0901302	0.45043	0.115017	0.369234	0.273144	0.290392	0.407538	0.228693	0.284039	0.19034	0.245228	0.208566	0.039495	0.145623	0.0963378	0.23876	0.0516771	0.0386901	0.373187	0.115388	0.373524	0.320625	0.364045	0.346627	0.349414	0.367602	0.0968652	0.121286	0.117111	0.0618015	0.0722672	0.0503999	0.0177467	0.0283517	0.0560211	0.189321	0.0907146	0.144419	0.326254	0.118518	0.0901083	0.462096	0.114928	0.369135	0.274001	0.284271	0.420011	0.227486	0.27312	0.189482	0.24502	0.23037	
1.27	0.0394865	0.142123	0.0964426	0.238507	0.0516808	0.0385309	0.348254	0.117024	0.353253	0.319715	0.396299	0.355621	0.39335	0.40932	0.096956	0.121391	0.115641	0.0619508	0.0724783	0.0505092	0.0177747	0.0286302	0.0560613	0.189466	0.0946206	0.149887	0.340413	0.122408	0.0901113	0.450413	0.115021	0.369289	0.273142	0.290421	0.407589	0.228537	0.284038	0.190386	0.245298	0.208588	0.0394955	0.145621	0.096424	0.238779	0.0516765	0.0386886	0.373184	0.1154	0.373469	0.320578	0.364028	0.346609	0.349381	0.367562	0.0968684	0.121293	0.117141	0.0617959	0.0722684	0.050401	0.0177455	0.0283386	0.0560177	0.18932	0.090623	0.144413	0.326253	0.1186	0.0901021	0.462019	0.114952	0.369075	0.274002	0.284324	0.41995	0.227404	0.273111	0.189516	0.245012	0.230423	
1.275	0.0394869	0.142749	0.0964417	0.238504	0.0516806	0.0385486	0.348312	0.117042	0.353163	0.31959	0.396296	0.355625	0.39324	0.409219	0.0969591	0.121397	0.115682	0.0619487	0.07248	0.0505091	0.0177743	0.0286284	0.0560583	0.189466	0.0945171	0.14988	0.340414	0.122442	0.0900909	0.450397	0.115024	0.369343	0.273141	0.29045	0.407639	0.228382	0.284037	0.190449	0.245367	0.208609	0.039496	0.145619	0.096518	0.238798	0.0516759	0.0386873	0.373178	0.115414	0.373415	0.320531	0.364017	0.346595	0.349349	0.367523	0.0968714	0.1213	0.117172	0.0617901	0.0722693	0.0504022	0.0177442	0.0283292	0.0560137	0.189319	0.0905311	0.144418	0.326263	0.118687	0.090095	0.461944	0.114981	0.369024	0.274004	0.284379	0.419879	0.227321	0.273108	0.189564	0.245005	0.230486	
1.28	0.0394872	0.143631	0.0964407	0.2385	0.0516803	0.0385639	0.34837	0.117061	0.353073	0.319467	0.396293	0.355628	0.393131	0.409118	0.0969619	0.121402	0.115718	0.0619464	0.0724813	0.0505091	0.0177738	0.0286264	0.0560552	0.189466	0.0944181	0.14988	0.340415	0.122476	0.0900722	0.450382	0.115027	0.369393	0.273139	0.290479	0.407685	0.228228	0.284036	0.190526	0.245432	0.20863	0.0394965	0.145617	0.0966094	0.238818	0.0516754	0.0386862	0.373172	0.115427	0.373361	0.320485	0.364017	0.346595	0.349317	0.367484	0.0968742	0.121307	0.117202	0.0617841	0.0722699	0.0504035	0.0177429	0.0283211	0.0560087	0.189318	0.0904386	0.144427	0.326281	0.118779	0.0900866	0.461871	0.115012	0.368974	0.274005	0.284433	0.419794	0.227239	0.273114	0.189623	0.244999	0.230559	
1.285	0.0394874	0.144577	0.0964397	0.238497	0.0516799	0.0385773	0.348425	0.117082	0.352985	0.319344	0.39629	0.355631	0.393022	0.409018	0.0969645	0.121408	0.115743	0.0619441	0.0724824	0.0505092	0.0177733	0.0286239	0.0560519	0.189465	0.0944066	0.1499	0.340415	0.122507	0.0900484	0.450368	0.115035	0.369435	0.273136	0.290508	0.407728	0.228075	0.284035	0.190613	0.245492	0.208651	0.0394971	0.145616	0.0966867	0.238838	0.0516749	0.0386855	0.373166	0.115441	0.373309	0.320439	0.364043	0.346625	0.349285	0.367446	0.0968769	0.121314	0.117233	0.061778	0.0722702	0.0504048	0.0177416	0.0283121	0.0560025	0.189317	0.0903459	0.144448	0.326311	0.118873	0.0900745	0.461801	0.115043	0.368933	0.274006	0.284485	0.419689	0.227161	0.273138	0.189684	0.244994	0.230639	
1.29	0.0394876	0.145469	0.0964387	0.238493	0.0516795	0.0385884	0.348477	0.117104	0.352899	0.319223	0.396287	0.355635	0.392913	0.408919	0.0969668	0.121412	0.115758	0.0619416	0.0724832	0.0505093	0.0177728	0.0286202	0.0560484	0.189465	0.0944737	0.149928	0.340416	0.122532	0.0900225	0.450356	0.115048	0.369468	0.273133	0.290536	0.407768	0.227923	0.284034	0.190705	0.245548	0.208671	0.0394977	0.145615	0.096726	0.238858	0.051676	0.038685	0.373157	0.115452	0.373256	0.320394	0.364067	0.346656	0.349254	0.367408	0.0968793	0.12132	0.117264	0.0617717	0.0722703	0.050406	0.0177403	0.0283014	0.0559941	0.189316	0.0902545	0.144458	0.326331	0.118964	0.0900512	0.461733	0.115077	0.369089	0.274007	0.284531	0.419564	0.227083	0.273161	0.189756	0.24499	0.230725	
1.295	0.0394877	0.145887	0.0964376	0.23849	0.0516791	0.038569	0.34853	0.11713	0.352813	0.319103	0.396285	0.355638	0.392805	0.408821	0.0969688	0.121417	0.115772	0.0619389	0.0724837	0.0505095	0.0177723	0.0286108	0.0560448	0.189464	0.0945354	0.149943	0.340416	0.122548	0.090097	0.450346	0.115074	0.369493	0.27313	0.290563	0.407803	0.227772	0.284033	0.190803	0.245597	0.208691	0.0394984	0.145614	0.0967461	0.238878	0.0516887	0.0386849	0.373146	0.115461	0.373205	0.320349	0.364077	0.346685	0.349224	0.367371	0.0968815	0.121327	0.117294	0.0617653	0.07227	0.0504073	0.0177389	0.0282901	0.0559811	0.189316	0.0901674	0.144468	0.326348	0.119044	0.0900198	0.461668	0.115113	0.369153	0.274007	0.284572	0.419421	0.227004	0.273179	0.189802	0.244989	0.230814	
1.3	0.0394877	0.145862	0.0964364	0.238486	0.0516786	0.0385635	0.348579	0.11716	0.352728	0.318985	0.396282	0.355642	0.392697	0.408722	0.0969707	0.121421	0.115775	0.0619362	0.072484	0.0505096	0.0177717	0.0285965	0.0560409	0.189463	0.0945433	0.149976	0.340416	0.122562	0.0901597	0.450338	0.115097	0.36951	0.273126	0.290589	0.407834	0.227624	0.284033	0.190902	0.245642	0.20871	0.0394991	0.145614	0.0967703	0.238898	0.0516943	0.038685	0.373137	0.115465	0.373154	0.320305	0.364061	0.346683	0.349194	0.367335	0.0968834	0.121333	0.117325	0.0617587	0.0722695	0.0504085	0.0177375	0.0282804	0.0559622	0.189315	0.0900876	0.144463	0.326347	0.119111	0.0899849	0.461608	0.115149	0.369089	0.274006	0.284607	0.419263	0.226924	0.273174	0.189812	0.244989	0.230902	
1.305	0.0394877	0.145746	0.0964353	0.238482	0.0516781	0.0385871	0.348624	0.117194	0.352645	0.318867	0.39628	0.355645	0.39259	0.408624	0.0969723	0.121425	0.11577	0.0619333	0.0724841	0.0505098	0.0177711	0.0285792	0.0560368	0.189462	0.0945007	0.150015	0.340416	0.122577	0.0901605	0.450333	0.115119	0.36953	0.273122	0.290614	0.407862	0.227478	0.284032	0.191005	0.245684	0.208729	0.0394998	0.145615	0.0967858	0.238918	0.0516942	0.0386853	0.373132	0.115465	0.373104	0.320261	0.36403	0.346664	0.349165	0.367299	0.0968852	0.121338	0.117355	0.061752	0.0722686	0.0504096	0.017736	0.028274	0.0559651	0.189314	0.0900172	0.144455	0.326347	0.119168	0.0899489	0.461551	0.115184	0.368992	0.274005	0.284638	0.419089	0.226843	0.273163	0.1898	0.244991	0.230987	
1.31	0.0394876	0.145698	0.0964342	0.23848	0.0516776	0.0386191	0.348669	0.11723	0.352562	0.318752	0.396278	0.355648	0.392483	0.408529	0.0969737	0.121429	0.115767	0.0619303	0.072484	0.05051	0.0177705	0.0285599	0.0560325	0.189461	0.0944572	0.150055	0.340415	0.122591	0.0901375	0.450331	0.115153	0.369562	0.273117	0.290638	0.407886	0.227333	0.284032	0.191116	0.245724	0.208748	0.0395006	0.145616	0.0967938	0.238938	0.0516935	0.0386858	0.373128	0.11546	0.373054	0.320218	0.364004	0.346643	0.34914	0.367264	0.0968867	0.121344	0.117384	0.0617453	0.0722675	0.0504106	0.0177346	0.0282719	0.055999	0.189314	0.0899573	0.144454	0.326354	0.11922	0.0899129	0.461499	0.115221	0.368919	0.274004	0.284663	0.418902	0.226763	0.273154	0.189782	0.244995	0.231064	
1.315	0.0394875	0.145699	0.096433	0.238479	0.051677	0.0386304	0.348717	0.117266	0.352481	0.318637	0.396276	0.355652	0.392376	0.408434	0.096975	0.121433	0.11577	0.0619271	0.0724836	0.0505101	0.0177699	0.028539	0.0560278	0.18946	0.0945327	0.150037	0.340415	0.122596	0.0901206	0.450332	0.115193	0.3696	0.273113	0.290661	0.407907	0.227188	0.284031	0.191236	0.245765	0.208768	0.0395015	0.145617	0.0968022	0.238958	0.051693	0.0386864	0.373121	0.115449	0.373004	0.320175	0.36397	0.346596	0.349112	0.367229	0.096888	0.121349	0.117413	0.0617385	0.0722661	0.0504115	0.0177331	0.0282728	0.0560288	0.189314	0.0899064	0.144444	0.326348	0.119279	0.0898774	0.461453	0.11526	0.368875	0.274003	0.284691	0.418702	0.226683	0.273128	0.189766	0.245002	0.231132	
1.32	0.0394873	0.145706	0.0964319	0.238479	0.0516765	0.0386344	0.348766	0.117301	0.352401	0.318524	0.396274	0.355655	0.392273	0.408339	0.096976	0.121436	0.115775	0.0619239	0.072483	0.0505103	0.0177692	0.0285164	0.0560227	0.189459	0.094621	0.149983	0.340414	0.122594	0.0901136	0.450337	0.115231	0.369636	0.273108	0.290685	0.407927	0.227045	0.284031	0.191358	0.245808	0.208788	0.0395024	0.145619	0.0968116	0.238977	0.0516931	0.0386871	0.373111	0.115435	0.372956	0.320133	0.363991	0.346593	0.349083	0.367213	0.096889	0.121354	0.117441	0.0617317	0.0722645	0.0504123	0.0177317	0.0282745	0.0560327	0.189313	0.0898622	0.14447	0.326376	0.119345	0.089843	0.461411	0.1153	0.368996	0.274	0.284712	0.418492	0.226603	0.273129	0.189778	0.24501	0.231186	
1.325	0.0394871	0.145705	0.0964309	0.23848	0.051676	0.0386435	0.348815	0.117331	0.352322	0.318413	0.396273	0.355659	0.392172	0.408243	0.0969769	0.121439	0.115784	0.0619205	0.0724822	0.0505104	0.0177685	0.028492	0.0560169	0.189457	0.0946504	0.14996	0.340413	0.122588	0.0901118	0.450345	0.115264	0.369665	0.273103	0.290708	0.407946	0.226909	0.284031	0.191478	0.245855	0.20881	0.0395033	0.145621	0.0968455	0.238997	0.0516927	0.0386878	0.3731	0.115417	0.372907	0.320092	0.364067	0.346655	0.349054	0.367182	0.0968898	0.121358	0.117468	0.0617249	0.0722627	0.050413	0.0177302	0.028275	0.0560165	0.189313	0.0898226	0.144517	0.326432	0.119414	0.08981	0.461375	0.115337	0.369048	0.273998	0.284739	0.418272	0.226523	0.273172	0.189798	0.245019	0.231227	
1.33	0.039487	0.145702	0.0964298	0.238482	0.0516755	0.0386548	0.348861	0.117351	0.352245	0.318304	0.396272	0.355662	0.392075	0.408149	0.0969776	0.121442	0.115797	0.061917	0.0724813	0.0505104	0.0177678	0.0284657	0.0560103	0.189456	0.0946247	0.149988	0.340411	0.122584	0.0901117	0.450356	0.115294	0.369684	0.273097	0.290732	0.407964	0.226777	0.284031	0.191593	0.245905	0.208833	0.0395043	0.145623	0.0968888	0.239016	0.0516921	0.0386886	0.373095	0.115398	0.37286	0.32005	0.364145	0.346735	0.349026	0.36714	0.0968904	0.121362	0.117495	0.0617181	0.0722606	0.0504136	0.0177287	0.0282737	0.0559888	0.189313	0.0897868	0.144546	0.326475	0.11948	0.089779	0.461344	0.115367	0.369134	0.273995	0.284772	0.418044	0.226444	0.273224	0.189842	0.245031	0.231251	
1.335	0.0394868	0.145701	0.0964288	0.238485	0.051675	0.0386645	0.348903	0.117361	0.352168	0.318196	0.396271	0.355665	0.391979	0.408055	0.0969781	0.121445	0.115813	0.0619134	0.0724801	0.0505104	0.0177671	0.0284377	0.0560023	0.189455	0.0945723	0.150037	0.34041	0.122583	0.0901122	0.450369	0.115323	0.36969	0.273092	0.290757	0.407981	0.226648	0.28403	0.191699	0.24596	0.208857	0.0395053	0.145626	0.0969175	0.239035	0.0516913	0.0386893	0.373095	0.11538	0.372813	0.32001	0.364203	0.346805	0.349	0.3671	0.0968908	0.121366	0.11752	0.0617115	0.0722584	0.0504141	0.0177273	0.0282708	0.0559508	0.189312	0.0897551	0.144559	0.326502	0.11954	0.0897592	0.461315	0.115389	0.369312	0.273991	0.28481	0.417809	0.226366	0.273267	0.189924	0.245043	0.231257	
1.34	0.0394867	0.145701	0.0964279	0.238489	0.0516746	0.0386716	0.348938	0.117358	0.352094	0.31809	0.39627	0.355668	0.391883	0.407963	0.0969785	0.121447	0.11583	0.0619097	0.0724788	0.0505104	0.0177664	0.0284086	0.0559917	0.189455	0.0946357	0.150073	0.340409	0.122583	0.0901133	0.450384	0.115348	0.369679	0.273087	0.290783	0.407999	0.22652	0.28403	0.191797	0.246018	0.208883	0.0395063	0.145628	0.0969298	0.239054	0.0516907	0.0386899	0.373099	0.115365	0.372767	0.31997	0.364237	0.346854	0.348974	0.367065	0.096891	0.12137	0.117545	0.0617049	0.072256	0.0504145	0.0177259	0.0282674	0.0559051	0.189312	0.0897287	0.144566	0.326518	0.119592	0.0897933	0.461288	0.115402	0.369526	0.273987	0.284845	0.417569	0.22629	0.273296	0.19004	0.245056	0.231243	
1.345	0.0394865	0.1457	0.0964271	0.238495	0.0516742	0.0386764	0.348961	0.117342	0.352021	0.317986	0.39627	0.355671	0.391788	0.407872	0.0969788	0.121449	0.115848	0.061906	0.0724773	0.0505103	0.0177656	0.0283795	0.0559753	0.189454	0.0947213	0.150078	0.340408	0.12258	0.0901147	0.450399	0.115365	0.369649	0.273081	0.290806	0.408014	0.22639	0.28403	0.191892	0.246078	0.208909	0.0395074	0.14563	0.0969222	0.239073	0.05169	0.0386904	0.373106	0.115355	0.372722	0.319931	0.364259	0.34689	0.348948	0.367033	0.0968911	0.121373	0.117569	0.0616984	0.0722535	0.0504147	0.0177245	0.0282654	0.0558998	0.189311	0.0897093	0.144576	0.326536	0.119639	0.0898661	0.46126	0.115409	0.36972	0.273982	0.284879	0.417323	0.226213	0.273317	0.190178	0.245069	0.231211	
1.35	0.0394865	0.1457	0.0964263	0.238501	0.0516738	0.0386794	0.348973	0.117312	0.351949	0.317884	0.396269	0.355674	0.391694	0.407785	0.0969789	0.121452	0.115867	0.0619021	0.0724756	0.0505102	0.0177649	0.0283513	0.0559536	0.189454	0.0947578	0.150061	0.340407	0.122573	0.0901163	0.450414	0.115376	0.369602	0.273076	0.290827	0.408028	0.22626	0.28403	0.191989	0.246138	0.208936	0.0395084	0.145633	0.0968938	0.239091	0.0516893	0.0386909	0.373113	0.11535	0.372677	0.319892	0.36427	0.346912	0.348923	0.367003	0.096891	0.121376	0.117592	0.0616921	0.0722509	0.050415	0.0177231	0.0282664	0.0559159	0.189311	0.0896983	0.144584	0.326551	0.119682	0.0899493	0.461231	0.115407	0.369879	0.273977	0.28491	0.417074	0.226136	0.273328	0.190326	0.245083	0.231162	
1.355	0.0394864	0.1457	0.0964257	0.238507	0.0516735	0.0386816	0.348973	0.117271	0.351879	0.317784	0.396267	0.355677	0.391603	0.4077	0.0969788	0.121454	0.115888	0.0618982	0.0724738	0.05051	0.0177641	0.0283254	0.055978	0.189454	0.0947449	0.150044	0.340407	0.122566	0.0901177	0.450426	0.115379	0.36954	0.273071	0.290846	0.408039	0.226131	0.284029	0.192095	0.246197	0.208962	0.0395095	0.145635	0.0968439	0.23911	0.0516886	0.0386912	0.37312	0.115352	0.372634	0.319854	0.364286	0.346943	0.348898	0.366974	0.0968908	0.121379	0.117615	0.061686	0.0722483	0.0504151	0.0177218	0.0282718	0.0559236	0.189311	0.0896973	0.144601	0.326577	0.119721	0.0900841	0.4612	0.115398	0.370005	0.273972	0.284938	0.416821	0.226059	0.273347	0.190481	0.245095	0.231098	
1.36	0.0394864	0.1457	0.0964251	0.238515	0.0516733	0.0386832	0.348961	0.11722	0.351811	0.317685	0.396266	0.355679	0.391511	0.407612	0.0969787	0.121456	0.115912	0.0618942	0.072472	0.0505097	0.0177633	0.0283016	0.0560069	0.189455	0.0947068	0.149996	0.340407	0.122568	0.0901191	0.450436	0.115378	0.369469	0.273066	0.290864	0.408046	0.226002	0.284029	0.192212	0.246252	0.208988	0.0395106	0.145637	0.0967749	0.239128	0.0516879	0.0386914	0.373128	0.115359	0.372592	0.319818	0.364241	0.346911	0.348873	0.366944	0.0968906	0.121382	0.117637	0.06168	0.0722457	0.0504153	0.0177205	0.0282807	0.0559781	0.18931	0.0897048	0.144574	0.326557	0.119752	0.0901357	0.461165	0.115382	0.370108	0.273967	0.284968	0.416565	0.225982	0.27332	0.190638	0.245107	0.231025	
1.365	0.0394864	0.145701	0.0964246	0.238523	0.0516731	0.0386845	0.34894	0.117164	0.351745	0.317588	0.396264	0.355682	0.391418	0.407523	0.0969785	0.121457	0.115935	0.0618903	0.07247	0.0505095	0.0177626	0.0282792	0.0560092	0.189456	0.0948477	0.149941	0.340407	0.122577	0.0901203	0.450442	0.115375	0.369392	0.273062	0.290881	0.408047	0.225875	0.284027	0.192342	0.246301	0.209012	0.0395117	0.145639	0.0966951	0.239146	0.0516873	0.0386916	0.373134	0.115369	0.372551	0.319782	0.364162	0.346849	0.348848	0.366915	0.0968903	0.121385	0.117659	0.0616742	0.0722431	0.0504154	0.0177193	0.0282914	0.056043	0.18931	0.089718	0.144547	0.32654	0.11977	0.0901223	0.461126	0.115363	0.370161	0.273961	0.284997	0.416305	0.225906	0.273278	0.190791	0.245119	0.230946	
1.37	0.0394865	0.145701	0.0964243	0.238532	0.051673	0.0386858	0.348913	0.117107	0.35168	0.317493	0.396261	0.355683	0.391323	0.407434	0.0969782	0.121459	0.11596	0.0618863	0.072468	0.0505092	0.0177619	0.0282576	0.0559872	0.189457	0.0950267	0.149906	0.340408	0.122585	0.0901691	0.450444	0.115373	0.36932	0.273057	0.290896	0.408042	0.225749	0.284026	0.192485	0.246341	0.209035	0.0395128	0.145641	0.0966223	0.239164	0.0516867	0.0386916	0.373138	0.115383	0.372511	0.319747	0.364101	0.346809	0.348824	0.366886	0.09689	0.121387	0.11768	0.0616686	0.0722406	0.0504156	0.0177181	0.0283022	0.0560667	0.18931	0.0897339	0.144547	0.326552	0.119779	0.0901008	0.461085	0.115343	0.370151	0.273955	0.285024	0.41604	0.22583	0.273254	0.190934	0.245128	0.230866	
1.375	0.0394866	0.145702	0.0964241	0.238541	0.0516729	0.0386872	0.348883	0.117053	0.351617	0.317399	0.396258	0.355685	0.391227	0.407347	0.0969778	0.121461	0.115983	0.0618824	0.0724659	0.050509	0.0177612	0.0282365	0.0559504	0.189458	0.09513	0.14989	0.34041	0.122589	0.0902123	0.450442	0.115374	0.369255	0.273053	0.290911	0.408028	0.225623	0.284024	0.192641	0.246372	0.209056	0.0395138	0.145642	0.0965639	0.239182	0.0516861	0.0386916	0.373142	0.115398	0.372473	0.319714	0.364082	0.34681	0.348799	0.366858	0.0968898	0.12139	0.117701	0.0616631	0.0722381	0.0504159	0.0177169	0.0283121	0.0560507	0.18931	0.0897505	0.144567	0.326586	0.119784	0.0900914	0.46104	0.115323	0.370102	0.27395	0.285048	0.415771	0.225755	0.273259	0.191066	0.245137	0.230791	
1.38	0.0394868	0.145703	0.0964239	0.238552	0.0516729	0.0386887	0.348852	0.117009	0.351556	0.317306	0.396254	0.355686	0.391132	0.407263	0.0969774	0.121462	0.116	0.0618786	0.0724639	0.0505087	0.0177605	0.0282162	0.0559206	0.18946	0.095153	0.149887	0.340413	0.122593	0.0902279	0.450434	0.115382	0.369197	0.273049	0.290925	0.408007	0.225498	0.284021	0.192781	0.246393	0.209074	0.0395149	0.145643	0.0965232	0.239201	0.0516856	0.0386916	0.373145	0.115413	0.372437	0.319682	0.364097	0.346839	0.348775	0.36683	0.0968896	0.121392	0.117723	0.0616579	0.0722357	0.0504162	0.0177157	0.0283212	0.0560201	0.18931	0.0897669	0.144591	0.326623	0.119789	0.0900918	0.460993	0.115308	0.370019	0.273944	0.285072	0.415497	0.225681	0.27328	0.191183	0.245145	0.230725	
1.385	0.039487	0.145705	0.0964239	0.238562	0.051673	0.0386904	0.348821	0.116976	0.351498	0.317214	0.39625	0.355687	0.391038	0.40718	0.0969769	0.121464	0.11601	0.0618749	0.0724619	0.0505084	0.0177599	0.0281975	0.0559024	0.189462	0.0951329	0.149887	0.340416	0.122596	0.0902229	0.450422	0.115393	0.369148	0.273046	0.290938	0.407977	0.225372	0.284018	0.192918	0.246403	0.20909	0.039516	0.145644	0.0965027	0.239219	0.0516851	0.0386915	0.37315	0.115426	0.372402	0.319651	0.364119	0.34687	0.34875	0.366802	0.0968894	0.121395	0.117744	0.0616528	0.0722335	0.0504166	0.0177146	0.02833	0.0559848	0.18931	0.0897829	0.144606	0.326648	0.119795	0.0900954	0.460944	0.115298	0.369904	0.273939	0.285098	0.415216	0.225608	0.273301	0.191286	0.245152	0.230674	
1.39	0.0394873	0.145706	0.0964239	0.238574	0.0516731	0.0386923	0.348792	0.116954	0.351441	0.317122	0.396245	0.355687	0.390945	0.407099	0.0969764	0.121465	0.116016	0.0618713	0.0724599	0.0505082	0.0177594	0.0281813	0.055891	0.189464	0.0950997	0.149887	0.340421	0.122597	0.0902137	0.450405	0.115405	0.369114	0.273043	0.290949	0.407939	0.225246	0.284014	0.193044	0.246403	0.209104	0.039517	0.145644	0.0964944	0.239237	0.0516846	0.0386914	0.373158	0.115437	0.372369	0.319622	0.364138	0.346896	0.348726	0.366775	0.0968894	0.121398	0.117766	0.0616478	0.0722314	0.0504171	0.0177134	0.0283395	0.0559438	0.189311	0.089799	0.144618	0.326668	0.119804	0.0900982	0.460893	0.115297	0.369816	0.273934	0.285124	0.414928	0.225536	0.273317	0.19138	0.245158	0.230642	
1.395	0.0394876	0.145708	0.0964239	0.238586	0.0516732	0.0386943	0.348769	0.116943	0.351385	0.317032	0.396239	0.355687	0.390853	0.407019	0.0969759	0.121466	0.116025	0.0618678	0.072458	0.0505079	0.0177589	0.0281686	0.0558815	0.189466	0.0950669	0.14989	0.340426	0.122597	0.0902137	0.450384	0.115416	0.369101	0.273041	0.290959	0.407894	0.225119	0.28401	0.193165	0.246393	0.209115	0.0395181	0.145645	0.0964996	0.239256	0.0516842	0.0386913	0.373167	0.115445	0.372338	0.319594	0.364163	0.34693	0.348701	0.366747	0.0968894	0.121401	0.117788	0.061643	0.0722294	0.0504177	0.0177122	0.0283505	0.0558984	0.189312	0.089816	0.144639	0.326698	0.119813	0.0900994	0.460839	0.115304	0.369761	0.27393	0.285151	0.414633	0.225466	0.273338	0.191459	0.245164	0.230631	
1.4	0.0394879	0.14571	0.096424	0.238598	0.0516733	0.0386964	0.348756	0.116939	0.351332	0.316942	0.396232	0.355687	0.390761	0.406941	0.0969753	0.121467	0.116043	0.0618645	0.0724562	0.0505077	0.0177584	0.0281603	0.0558888	0.189469	0.0950379	0.149895	0.340432	0.122597	0.0902368	0.450358	0.115421	0.369109	0.273038	0.290969	0.407843	0.224991	0.284005	0.193269	0.246374	0.209125	0.0395191	0.145645	0.0965109	0.239275	0.0516838	0.0386912	0.373177	0.11545	0.372308	0.319568	0.364194	0.346978	0.348676	0.36672	0.0968895	0.121404	0.11781	0.0616382	0.0722276	0.0504185	0.0177109	0.028364	0.0558742	0.189312	0.0898344	0.144666	0.326738	0.119824	0.0900995	0.460783	0.115318	0.369752	0.273926	0.285177	0.414329	0.225398	0.273368	0.191522	0.245168	0.230639	
1.405	0.0394883	0.145712	0.0964241	0.238611	0.0516735	0.0386985	0.348754	0.116939	0.351281	0.316853	0.396224	0.355686	0.390671	0.406864	0.0969748	0.121468	0.116072	0.0618615	0.0724544	0.0505076	0.0177581	0.0281576	0.0558886	0.189471	0.0950126	0.1499	0.340438	0.122598	0.090284	0.45033	0.115421	0.369135	0.273036	0.290979	0.407786	0.224862	0.284	0.193367	0.24635	0.209134	0.0395201	0.145645	0.0965211	0.239294	0.0516835	0.0386912	0.373189	0.115451	0.372281	0.319544	0.364222	0.347041	0.348651	0.366694	0.0968897	0.121407	0.117832	0.0616336	0.0722258	0.0504193	0.0177094	0.028381	0.0558622	0.189313	0.0898551	0.144689	0.326783	0.119838	0.090099	0.460726	0.115337	0.369769	0.273922	0.285201	0.414016	0.225331	0.273408	0.191567	0.245172	0.230667	
1.41	0.0394886	0.145714	0.0964242	0.238623	0.0516736	0.0387006	0.348767	0.116942	0.351232	0.316765	0.396216	0.355685	0.390582	0.406789	0.0969742	0.121469	0.116111	0.0618586	0.0724528	0.0505074	0.0177577	0.0281612	0.0558696	0.189474	0.0949904	0.149905	0.340444	0.122599	0.090348	0.450298	0.115414	0.369173	0.273034	0.290989	0.407726	0.224732	0.283994	0.193455	0.246322	0.209142	0.0395211	0.145644	0.0965256	0.239314	0.0516831	0.0386912	0.373203	0.115448	0.372256	0.319521	0.364248	0.347117	0.348626	0.366667	0.09689	0.12141	0.117855	0.061629	0.0722241	0.0504202	0.0177072	0.0284023	0.0558473	0.189314	0.0898786	0.144712	0.326832	0.119856	0.0900982	0.460666	0.115359	0.369795	0.273919	0.285223	0.413694	0.225265	0.273456	0.191595	0.245176	0.230709	
1.415	0.0394889	0.145716	0.0964243	0.238637	0.0516737	0.0387026	0.348792	0.116943	0.351184	0.316677	0.396208	0.355684	0.390494	0.406713	0.0969735	0.12147	0.116155	0.0618559	0.0724513	0.0505073	0.0177575	0.0281729	0.0558369	0.189476	0.0949729	0.149898	0.340451	0.122589	0.0904222	0.450264	0.115404	0.369217	0.273033	0.291	0.407664	0.224601	0.283988	0.193541	0.246292	0.209149	0.0395221	0.145644	0.0965256	0.239333	0.0516829	0.0386913	0.373217	0.115442	0.372232	0.3195	0.364214	0.347097	0.3486	0.36664	0.0968903	0.121413	0.117878	0.0616244	0.0722224	0.0504211	0.0177077	0.0284273	0.0558558	0.189316	0.0899035	0.144684	0.326803	0.119874	0.0900971	0.460605	0.115381	0.369783	0.273916	0.285253	0.413363	0.225199	0.273434	0.191608	0.24518	0.230764	
1.42	0.0394892	0.145718	0.0964247	0.23865	0.0516738	0.0387044	0.348825	0.116943	0.351139	0.316591	0.396199	0.355682	0.390407	0.406637	0.0969729	0.121471	0.116196	0.0618534	0.0724499	0.0505071	0.0177573	0.0281939	0.0558298	0.189478	0.095032	0.149888	0.340457	0.122569	0.0904997	0.450228	0.115393	0.369258	0.273031	0.291012	0.407601	0.22447	0.283982	0.193619	0.246262	0.209157	0.0395231	0.145644	0.0965161	0.239353	0.0516827	0.0386915	0.373232	0.115433	0.372211	0.319481	0.364164	0.347013	0.348574	0.366614	0.0968906	0.121416	0.117901	0.0616199	0.0722208	0.0504221	0.0177095	0.0284543	0.055895	0.189317	0.0899276	0.144665	0.326765	0.119888	0.0900959	0.460542	0.115403	0.369722	0.273914	0.285285	0.413023	0.225136	0.273372	0.191611	0.245184	0.230824	
1.425	0.0394894	0.14572	0.0964426	0.238663	0.0516738	0.0387061	0.348861	0.116938	0.351095	0.316505	0.396189	0.35568	0.390322	0.406562	0.0969721	0.121472	0.116232	0.0618511	0.0724485	0.050507	0.0177571	0.0282251	0.0558267	0.18948	0.0951037	0.149885	0.340463	0.122544	0.0905748	0.450191	0.115385	0.369291	0.27303	0.291023	0.407539	0.224338	0.283975	0.193696	0.246235	0.209164	0.0395241	0.145643	0.0965062	0.239373	0.0516827	0.0386917	0.373247	0.11542	0.372191	0.319463	0.36415	0.346949	0.348548	0.366588	0.0968909	0.121419	0.117924	0.0616153	0.0722192	0.0504231	0.0177102	0.0284817	0.0559561	0.189318	0.0899492	0.144683	0.326773	0.1199	0.0900945	0.460476	0.11542	0.369606	0.273912	0.285317	0.412674	0.225082	0.273331	0.19161	0.245188	0.230887	
1.43	0.0394896	0.145721	0.0965026	0.238677	0.0516737	0.0387074	0.348895	0.11693	0.351054	0.316421	0.39618	0.355678	0.390237	0.406488	0.0969714	0.121472	0.116258	0.061849	0.0724472	0.0505069	0.017757	0.0282668	0.0558115	0.189481	0.095146	0.149906	0.340468	0.122519	0.0906432	0.450153	0.115386	0.369306	0.273028	0.291035	0.407477	0.224206	0.283969	0.193767	0.246211	0.209172	0.0395251	0.145643	0.0964956	0.239393	0.0516827	0.038692	0.37326	0.115404	0.372174	0.319447	0.364171	0.346941	0.348521	0.366562	0.0968912	0.121423	0.117947	0.0616107	0.0722175	0.050424	0.0177095	0.0285084	0.0560103	0.189319	0.0899672	0.144717	0.326818	0.119911	0.090093	0.460408	0.115434	0.369482	0.27391	0.285345	0.412315	0.225035	0.27333	0.191612	0.245194	0.230948	
1.435	0.0394898	0.145723	0.0965688	0.23869	0.0516736	0.0387085	0.348925	0.116917	0.351014	0.316338	0.39617	0.355676	0.390154	0.406416	0.0969706	0.121473	0.116276	0.061847	0.072446	0.0505068	0.0177569	0.0283186	0.055785	0.189482	0.0951603	0.149939	0.340473	0.122498	0.0907064	0.450115	0.115394	0.369306	0.273026	0.291048	0.407418	0.224074	0.283962	0.193827	0.246193	0.209181	0.0395261	0.145642	0.0965004	0.239413	0.0516829	0.0386923	0.373273	0.115385	0.372157	0.319433	0.364213	0.346979	0.348494	0.366537	0.0968915	0.121426	0.11797	0.061606	0.0722157	0.050425	0.0177075	0.0285339	0.0560314	0.189321	0.0899815	0.14475	0.326871	0.119925	0.0900916	0.460336	0.115442	0.369307	0.273909	0.285374	0.411948	0.224992	0.273358	0.191618	0.2452	0.231004	
1.44	0.0394899	0.145724	0.0966389	0.238703	0.0516735	0.0387093	0.348948	0.1169	0.350977	0.316257	0.396161	0.355674	0.390071	0.406344	0.0969698	0.121473	0.11629	0.0618452	0.0724449	0.0505066	0.0177568	0.0283787	0.0558666	0.189483	0.0955316	0.149943	0.340476	0.122473	0.0907681	0.450077	0.115407	0.369293	0.273025	0.291064	0.407362	0.223943	0.283956	0.193884	0.24618	0.209191	0.039527	0.145641	0.0964925	0.239433	0.0516831	0.0386927	0.37328	0.115367	0.372142	0.31942	0.364199	0.346967	0.348466	0.366512	0.0968917	0.121429	0.117993	0.0616013	0.0722138	0.0504259	0.0177086	0.028559	0.0560229	0.189322	0.0899949	0.144731	0.326865	0.119937	0.0900901	0.460261	0.115447	0.369294	0.273908	0.285411	0.411572	0.224943	0.273349	0.191665	0.245207	0.231051	
1.445	0.0394899	0.145724	0.0967083	0.238717	0.0516732	0.0387097	0.348963	0.116874	0.350941	0.316177	0.396152	0.355672	0.389989	0.406272	0.0969689	0.121473	0.116305	0.0618435	0.0724438	0.0505065	0.0177568	0.0284444	0.0559909	0.189484	0.0960034	0.149925	0.340479	0.122442	0.0908248	0.450041	0.11542	0.369266	0.273023	0.29108	0.407309	0.223813	0.28395	0.193934	0.246173	0.209202	0.039528	0.145641	0.0965123	0.239453	0.0516834	0.0386931	0.373282	0.115349	0.372129	0.319409	0.364154	0.346921	0.348438	0.366486	0.0968918	0.121433	0.118016	0.0615964	0.0722118	0.0504267	0.0177106	0.0285852	0.0559997	0.189323	0.0900108	0.144713	0.326852	0.119945	0.0900888	0.46018	0.115448	0.369222	0.273908	0.285453	0.411188	0.22489	0.27332	0.191718	0.245214	0.231087	
1.45	0.0394898	0.145725	0.096779	0.23873	0.0516729	0.0387097	0.348967	0.116832	0.350907	0.3161	0.396143	0.35567	0.389908	0.406203	0.096968	0.121473	0.11632	0.0618418	0.0724427	0.0505064	0.0177567	0.0285134	0.0560548	0.189485	0.0963365	0.14991	0.340481	0.122411	0.090879	0.450005	0.115431	0.36922	0.273021	0.291097	0.40726	0.223685	0.283945	0.193974	0.246174	0.209215	0.039529	0.14564	0.096555	0.239474	0.0516838	0.0386936	0.373285	0.115335	0.372116	0.319398	0.364144	0.346903	0.348408	0.366462	0.0968918	0.121436	0.118039	0.0615915	0.0722097	0.0504274	0.017711	0.0286169	0.0559831	0.189324	0.0900324	0.144734	0.326876	0.11995	0.0900876	0.460095	0.115444	0.369091	0.273907	0.285494	0.410795	0.224836	0.273312	0.191777	0.245223	0.23111	
1.455	0.0394897	0.145724	0.0968591	0.238743	0.0516726	0.0387094	0.348955	0.116772	0.350874	0.316024	0.396134	0.355668	0.389832	0.406138	0.0969671	0.121473	0.116335	0.0618402	0.0724417	0.0505062	0.0177567	0.0285838	0.0560482	0.189485	0.0964955	0.149919	0.340482	0.122381	0.0909133	0.449972	0.115439	0.369154	0.273019	0.291115	0.407213	0.223558	0.28394	0.194005	0.246185	0.209228	0.0395299	0.145639	0.0965716	0.239494	0.0516843	0.0386942	0.373286	0.115326	0.372105	0.319389	0.364172	0.346926	0.348377	0.366437	0.0968918	0.121439	0.118061	0.0615865	0.0722073	0.050428	0.0177098	0.0286367	0.0559815	0.189326	0.0900617	0.14477	0.326922	0.119954	0.0900866	0.460005	0.115437	0.369179	0.273907	0.285533	0.410394	0.224784	0.273331	0.191852	0.245231	0.231119	
1.46	0.0394894	0.145724	0.0969507	0.238756	0.0516722	0.0387086	0.348931	0.116712	0.350843	0.315951	0.396127	0.355667	0.389757	0.406074	0.0969662	0.121474	0.116349	0.0618387	0.0724407	0.0505061	0.0177567	0.0286399	0.0560174	0.189485	0.0965483	0.14992	0.340483	0.122351	0.0909357	0.449942	0.115447	0.369086	0.273017	0.291135	0.407171	0.223433	0.283936	0.194028	0.246207	0.209242	0.0395309	0.145638	0.0966039	0.239514	0.0516848	0.0386948	0.373286	0.115325	0.372094	0.319382	0.364169	0.346919	0.348344	0.366413	0.0968916	0.121442	0.118084	0.0615813	0.0722049	0.0504286	0.0177071	0.0286399	0.055985	0.189327	0.0900979	0.144763	0.326928	0.11996	0.0900859	0.459911	0.11543	0.369196	0.273907	0.285573	0.409985	0.224733	0.273327	0.191892	0.24524	0.231115	
1.465	0.0394891	0.145723	0.0970518	0.23877	0.0516717	0.0387076	0.348908	0.116698	0.350813	0.315879	0.39612	0.355665	0.389681	0.406008	0.0969652	0.121474	0.116363	0.0618371	0.0724397	0.0505061	0.0177566	0.0286535	0.0559874	0.189485	0.0965611	0.149924	0.340482	0.122321	0.0909604	0.449914	0.115464	0.369056	0.273015	0.291158	0.407131	0.223311	0.283932	0.194044	0.246236	0.209257	0.0395318	0.145638	0.0966485	0.239534	0.0516854	0.0386954	0.373292	0.115333	0.372084	0.319375	0.364159	0.346904	0.348308	0.366389	0.0968912	0.121445	0.118106	0.061576	0.0722022	0.050429	0.0176979	0.0286369	0.0559827	0.189328	0.0901388	0.144763	0.326934	0.119966	0.0900856	0.459814	0.115422	0.369102	0.273907	0.285612	0.409568	0.224682	0.273317	0.191914	0.24525	0.231096	
1.47	0.0394887	0.145721	0.0971676	0.238783	0.0516713	0.0387061	0.348891	0.116713	0.350785	0.31581	0.396114	0.355664	0.389606	0.405944	0.0969643	0.121474	0.116376	0.0618356	0.0724387	0.050506	0.0177565	0.0286499	0.0559604	0.189485	0.0965668	0.149956	0.34048	0.122294	0.0909843	0.449889	0.115486	0.369064	0.273012	0.291183	0.407095	0.223192	0.283929	0.194056	0.246271	0.209273	0.0395328	0.145637	0.0966535	0.239553	0.0516862	0.0386961	0.373298	0.11535	0.372074	0.319369	0.36416	0.346917	0.348268	0.366365	0.0968908	0.121448	0.118128	0.0615706	0.0721993	0.0504292	0.0176832	0.028634	0.0559841	0.189329	0.0901823	0.144778	0.326967	0.119972	0.0900856	0.459713	0.115418	0.369204	0.273907	0.285647	0.409143	0.224633	0.273327	0.191954	0.245258	0.231068	
1.475	0.0394883	0.145719	0.0972882	0.238795	0.0516707	0.0387044	0.34888	0.116731	0.350758	0.315744	0.396109	0.355663	0.389535	0.405884	0.0969635	0.121474	0.11639	0.061834	0.0724378	0.050506	0.0177564	0.0286476	0.0559352	0.189484	0.0965749	0.150017	0.340478	0.122272	0.0910094	0.449867	0.115507	0.369088	0.27301	0.29121	0.407061	0.223075	0.283927	0.194065	0.246308	0.20929	0.0395337	0.145637	0.0966647	0.239573	0.0516869	0.0386969	0.373302	0.115377	0.372065	0.319364	0.364168	0.346967	0.348221	0.366342	0.0968902	0.121451	0.11815	0.0615651	0.0721962	0.0504294	0.0176664	0.0286314	0.055995	0.189331	0.0902272	0.144798	0.327016	0.119975	0.0900861	0.459611	0.11542	0.369219	0.273907	0.285676	0.408711	0.224585	0.273361	0.191981	0.245267	0.231032	
1.48	0.0394877	0.145717	0.0974026	0.238808	0.0516702	0.0387023	0.348877	0.116752	0.350732	0.315679	0.396105	0.355662	0.389477	0.405822	0.0969627	0.121474	0.116402	0.0618323	0.0724368	0.050506	0.0177563	0.0286475	0.0559199	0.189484	0.0965854	0.150031	0.340474	0.12225	0.0910368	0.449847	0.115526	0.369121	0.273008	0.29124	0.407029	0.222962	0.283925	0.194071	0.246348	0.209307	0.0395347	0.145636	0.0966842	0.239593	0.0516878	0.0386977	0.373307	0.115413	0.372055	0.31936	0.364126	0.346956	0.348167	0.366318	0.0968895	0.121453	0.118172	0.0615595	0.072193	0.0504294	0.017655	0.028628	0.0559992	0.189332	0.0902739	0.144777	0.327006	0.119975	0.0900871	0.459507	0.115428	0.369118	0.273908	0.285708	0.408271	0.224538	0.273351	0.191986	0.245275	0.230993	
1.485	0.0394871	0.145714	0.0975034	0.238821	0.0516696	0.0387	0.348885	0.116787	0.350707	0.315617	0.396102	0.355661	0.389434	0.405756	0.0969619	0.121474	0.116415	0.0618305	0.0724358	0.050506	0.0177562	0.028647	0.0559781	0.189483	0.0965964	0.150019	0.340471	0.122225	0.0910683	0.449828	0.115544	0.369165	0.273005	0.29127	0.406999	0.222852	0.283924	0.194074	0.246389	0.209325	0.0395356	0.145636	0.0966773	0.239612	0.0517073	0.0386986	0.373314	0.115458	0.372046	0.319357	0.364044	0.346889	0.348106	0.366295	0.0968886	0.121456	0.118194	0.0615538	0.0721895	0.0504293	0.0176566	0.0286226	0.0559836	0.189333	0.090324	0.144748	0.32697	0.119968	0.0900884	0.459401	0.11544	0.369	0.273908	0.28574	0.407824	0.224493	0.273308	0.191986	0.245283	0.230955	
1.49	0.0394865	0.145711	0.0975834	0.238833	0.051669	0.0386974	0.348908	0.116834	0.350682	0.315557	0.3961	0.355661	0.389391	0.405697	0.0969612	0.121475	0.116428	0.0618287	0.0724348	0.0505061	0.017756	0.0286458	0.0560382	0.189482	0.0966065	0.149992	0.340466	0.122214	0.0911089	0.44981	0.115563	0.369222	0.273003	0.291298	0.406969	0.222746	0.283924	0.194076	0.246429	0.209344	0.0395366	0.145635	0.0966309	0.239632	0.0517565	0.0386995	0.373326	0.115508	0.372037	0.319354	0.363968	0.346806	0.348042	0.366272	0.0968876	0.121458	0.118216	0.061548	0.0721858	0.050429	0.0176699	0.0286208	0.0560085	0.189334	0.0903789	0.144741	0.326956	0.119959	0.09009	0.459296	0.115456	0.36892	0.273909	0.28577	0.407369	0.224449	0.273259	0.191992	0.24529	0.230923	
1.495	0.0394858	0.145708	0.0976428	0.238846	0.0516684	0.0386947	0.348948	0.116889	0.350659	0.315499	0.3961	0.355661	0.389338	0.405641	0.0969605	0.121475	0.116441	0.0618267	0.0724338	0.0505063	0.0177558	0.0286446	0.0560487	0.189481	0.0967268	0.149995	0.340461	0.122202	0.0911591	0.449792	0.115581	0.369292	0.273	0.291324	0.406938	0.222643	0.283925	0.194077	0.246466	0.209362	0.0395375	0.145635	0.0965524	0.239651	0.0518248	0.0387004	0.373346	0.115562	0.372028	0.319352	0.36392	0.34674	0.347976	0.366249	0.0968864	0.12146	0.118238	0.0615421	0.0721819	0.0504286	0.0176884	0.0286239	0.0560414	0.189336	0.0904381	0.144746	0.326961	0.119953	0.0900918	0.459189	0.115474	0.368877	0.27391	0.285796	0.406907	0.224407	0.273225	0.191996	0.245297	0.2309	
1.5	0.0394851	0.145704	0.0976858	0.238858	0.0516678	0.0386918	0.349003	0.116946	0.350635	0.315443	0.3961	0.355661	0.389272	0.405579	0.0969599	0.121476	0.116453	0.0618246	0.0724328	0.0505065	0.0177555	0.0286433	0.0560283	0.18948	0.0968627	0.149972	0.340455	0.122183	0.0912193	0.449772	0.115598	0.369368	0.272998	0.291349	0.406905	0.222544	0.283926	0.194075	0.246499	0.209381	0.0395385	0.145635	0.0964255	0.23967	0.0519062	0.0387013	0.373372	0.115617	0.372018	0.31935	0.363884	0.346678	0.347908	0.366227	0.0968851	0.121462	0.118259	0.0615361	0.0721778	0.0504281	0.0177087	0.0286278	0.0560458	0.189337	0.0904988	0.144745	0.326965	0.119959	0.0900935	0.459082	0.115493	0.369146	0.273911	0.285821	0.406438	0.224365	0.273198	0.192018	0.245303	0.230892	
1.505	0.0394845	0.145701	0.0977095	0.238871	0.0516671	0.0386889	0.349067	0.116992	0.350613	0.31539	0.396103	0.355662	0.389198	0.40551	0.0969594	0.121477	0.116466	0.0618224	0.0724317	0.0505067	0.0177552	0.028642	0.0560038	0.189479	0.0969478	0.14993	0.340448	0.12216	0.0912923	0.44975	0.115609	0.369436	0.272995	0.291373	0.406869	0.222449	0.283928	0.194043	0.246527	0.2094	0.0395394	0.145634	0.0963052	0.23969	0.0519893	0.0387022	0.373407	0.115669	0.372009	0.319349	0.36386	0.346627	0.347838	0.366204	0.0968837	0.121464	0.118281	0.0615299	0.0721736	0.0504274	0.0177149	0.0286289	0.0560219	0.189338	0.0905581	0.144746	0.326971	0.119976	0.0900952	0.458975	0.115511	0.369278	0.273912	0.285847	0.405963	0.224325	0.273178	0.192016	0.245308	0.230897	
1.51	0.039484	0.145697	0.0977279	0.238883	0.0516665	0.038686	0.349135	0.117023	0.35059	0.315338	0.396106	0.355663	0.389119	0.405436	0.0969588	0.121477	0.116479	0.06182	0.0724306	0.0505069	0.0177548	0.0286406	0.0559814	0.189478	0.0969824	0.149926	0.340441	0.12214	0.0913745	0.449725	0.115613	0.369489	0.272993	0.291398	0.40683	0.222357	0.283931	0.193998	0.246551	0.209418	0.0395404	0.145634	0.0962227	0.239709	0.0520672	0.038703	0.373463	0.115717	0.371999	0.319349	0.363875	0.346619	0.347768	0.36623	0.0968821	0.121466	0.118303	0.0615237	0.0721692	0.0504266	0.0177124	0.0286272	0.0559755	0.18934	0.0906139	0.144769	0.326997	0.119998	0.0900967	0.458867	0.115522	0.369193	0.273913	0.285864	0.405482	0.224288	0.273182	0.191979	0.245314	0.230915	
1.515	0.0394836	0.145693	0.0977449	0.238895	0.0516659	0.0386831	0.349203	0.117042	0.350568	0.315289	0.396111	0.355664	0.389036	0.40536	0.0969583	0.121478	0.116493	0.0618175	0.0724294	0.0505071	0.0177545	0.0286392	0.0559596	0.189476	0.0969895	0.149941	0.340434	0.12214	0.0914578	0.449696	0.115613	0.369526	0.27299	0.291422	0.406786	0.222269	0.283934	0.193939	0.246571	0.209436	0.0395413	0.145633	0.0961317	0.239727	0.0521163	0.0387038	0.373531	0.115755	0.37199	0.319349	0.363901	0.346624	0.347696	0.36623	0.0968805	0.121468	0.118324	0.0615174	0.0721646	0.0504256	0.0177081	0.0286234	0.0559109	0.189341	0.0906677	0.144786	0.327019	0.120011	0.0900981	0.458759	0.115532	0.369384	0.273914	0.285884	0.404995	0.224252	0.273187	0.191969	0.245319	0.230945	
1.52	0.0394832	0.145689	0.0977648	0.238907	0.0516653	0.0386804	0.34927	0.117051	0.350547	0.315241	0.396117	0.355665	0.388953	0.405284	0.0969578	0.121479	0.116507	0.0618148	0.0724281	0.0505073	0.017754	0.0286377	0.0559375	0.189475	0.0971498	0.14996	0.340426	0.122145	0.0915369	0.449664	0.115611	0.36955	0.272987	0.291447	0.406736	0.222185	0.283938	0.193881	0.246586	0.209454	0.0395422	0.145633	0.0960512	0.239746	0.0521458	0.0387043	0.373607	0.115781	0.37198	0.31935	0.363911	0.346626	0.347623	0.366196	0.0968787	0.12147	0.118346	0.0615111	0.0721599	0.0504246	0.0176962	0.0286155	0.055833	0.189342	0.0907217	0.14479	0.32703	0.120006	0.0900993	0.458651	0.115538	0.369431	0.273915	0.285909	0.404504	0.224216	0.27319	0.19193	0.245325	0.230983	
1.525	0.039483	0.145685	0.0977875	0.238919	0.0516648	0.0386778	0.349333	0.117053	0.350525	0.315196	0.396124	0.355666	0.388868	0.405206	0.0969573	0.12148	0.11652	0.0618119	0.0724267	0.0505075	0.0177535	0.028636	0.0559286	0.189474	0.0973373	0.149969	0.340418	0.12214	0.0916043	0.449628	0.115608	0.369563	0.272985	0.291474	0.406681	0.222105	0.283942	0.193819	0.246597	0.209471	0.0395431	0.145632	0.0960636	0.239765	0.0521544	0.0387047	0.373691	0.115794	0.371971	0.319351	0.363915	0.34663	0.34755	0.366153	0.0968769	0.121471	0.118368	0.0615047	0.0721551	0.0504235	0.0176743	0.0285986	0.055803	0.189343	0.090779	0.144795	0.327044	0.119987	0.0901005	0.458544	0.11554	0.369273	0.273916	0.285935	0.404008	0.224181	0.273195	0.191868	0.245331	0.231025	
1.53	0.0394828	0.145682	0.0978162	0.23893	0.0516643	0.0386755	0.349391	0.117046	0.350504	0.315152	0.396132	0.355668	0.388783	0.405128	0.0969567	0.121481	0.116532	0.0618089	0.0724252	0.0505077	0.017753	0.0286343	0.0559229	0.189473	0.0974536	0.149991	0.340411	0.122128	0.0916581	0.449589	0.115605	0.369564	0.272982	0.291503	0.406619	0.222028	0.283947	0.193766	0.246604	0.209487	0.0395439	0.145631	0.0960431	0.239783	0.0521507	0.038705	0.373767	0.115794	0.371962	0.319353	0.363919	0.346637	0.347476	0.366114	0.0968749	0.121473	0.11839	0.0614982	0.0721502	0.0504223	0.0176441	0.0285725	0.0557986	0.189344	0.0908418	0.144803	0.327058	0.119959	0.0901015	0.458438	0.115546	0.369441	0.273917	0.285959	0.403509	0.224146	0.273201	0.19186	0.245338	0.231068	
1.535	0.0394828	0.145679	0.0978542	0.238942	0.0516638	0.0386735	0.349442	0.117032	0.350483	0.31511	0.39614	0.35567	0.388698	0.40505	0.0969561	0.121482	0.116543	0.0618057	0.0724235	0.0505077	0.0177525	0.0286323	0.0559101	0.189472	0.0974962	0.150054	0.340403	0.122112	0.0916982	0.449549	0.115602	0.369556	0.27298	0.291533	0.406551	0.221954	0.283951	0.193718	0.246606	0.209502	0.0395448	0.14563	0.0959983	0.239801	0.0521526	0.038705	0.373833	0.115782	0.371953	0.319355	0.363978	0.346699	0.347402	0.366082	0.096873	0.121474	0.118411	0.0614916	0.0721452	0.050421	0.0176169	0.0285418	0.0557837	0.189345	0.0909094	0.144844	0.327106	0.119934	0.0901024	0.458334	0.115554	0.369479	0.273918	0.285982	0.403008	0.224113	0.273243	0.191846	0.245345	0.231107	
1.54	0.0394828	0.145676	0.0979024	0.238953	0.0516634	0.0386718	0.349483	0.117012	0.350462	0.315069	0.39615	0.355672	0.388612	0.404971	0.0969553	0.121483	0.116553	0.0618023	0.0724217	0.0505077	0.0177519	0.0286301	0.0560088	0.189472	0.0974986	0.15009	0.340395	0.122093	0.0917269	0.449507	0.115599	0.369538	0.272977	0.291566	0.406478	0.221884	0.283956	0.193684	0.246604	0.209516	0.0395456	0.145629	0.0960786	0.239819	0.0521525	0.0387047	0.373896	0.115758	0.371945	0.319359	0.364025	0.346753	0.347327	0.366055	0.096871	0.121476	0.118433	0.0614851	0.0721402	0.0504196	0.0176042	0.0285129	0.055745	0.189345	0.090979	0.144856	0.327129	0.119916	0.0901032	0.458232	0.11556	0.369303	0.273919	0.28601	0.402505	0.22408	0.273275	0.191811	0.245352	0.231141	
1.545	0.039483	0.145674	0.0979492	0.238965	0.051663	0.0386705	0.349515	0.116986	0.350441	0.31503	0.39616	0.355674	0.388527	0.404891	0.0969545	0.121483	0.116562	0.0617988	0.0724196	0.0505075	0.0177513	0.0286275	0.0560921	0.189471	0.0977625	0.150076	0.340388	0.122073	0.0917537	0.449465	0.115598	0.369512	0.272974	0.2916	0.4064	0.221817	0.283961	0.193655	0.246599	0.209529	0.0395464	0.145628	0.096126	0.239836	0.0521474	0.0387042	0.373951	0.115723	0.371938	0.319363	0.364062	0.3468	0.347253	0.366029	0.096869	0.121477	0.118455	0.0614785	0.0721352	0.0504183	0.0176097	0.0284907	0.0556825	0.189346	0.0910477	0.144866	0.327146	0.1199	0.090104	0.458132	0.115567	0.36946	0.27392	0.286043	0.402003	0.224049	0.273299	0.191824	0.24536	0.231168	
1.55	0.0394833	0.145672	0.0980041	0.238976	0.0516626	0.0386696	0.349539	0.116958	0.350421	0.314993	0.396169	0.355676	0.388442	0.404812	0.0969535	0.121484	0.116571	0.0617951	0.0724174	0.0505072	0.0177506	0.0286239	0.0560879	0.189471	0.0980906	0.150073	0.340381	0.122052	0.0917584	0.449423	0.115597	0.369481	0.272972	0.291633	0.406318	0.221753	0.283965	0.193629	0.246592	0.209542	0.0395471	0.145627	0.0962585	0.239853	0.0521402	0.0387035	0.373999	0.11568	0.371932	0.319368	0.364115	0.346864	0.347178	0.366004	0.0968669	0.121478	0.118477	0.0614718	0.0721302	0.0504168	0.0176316	0.0284777	0.0556302	0.189347	0.0911133	0.144895	0.327181	0.11988	0.0901047	0.458035	0.115575	0.369488	0.273921	0.286078	0.4015	0.224019	0.273336	0.191814	0.245368	0.231185	
1.555	0.0394837	0.14567	0.0980616	0.238987	0.0516623	0.0386691	0.349552	0.11693	0.350401	0.314956	0.396179	0.355678	0.388356	0.404732	0.0969523	0.121484	0.116579	0.0617913	0.0724149	0.0505068	0.0177499	0.0286173	0.0560428	0.189471	0.098308	0.150053	0.340375	0.122028	0.091748	0.449382	0.115597	0.369448	0.272969	0.291667	0.406233	0.221692	0.283969	0.193594	0.246585	0.209555	0.0395478	0.145625	0.0963716	0.23987	0.0521331	0.0387026	0.37404	0.115631	0.371927	0.319374	0.364121	0.346877	0.347104	0.365979	0.0968649	0.12148	0.118499	0.0614651	0.0721253	0.0504154	0.017664	0.0284725	0.0555824	0.189347	0.0911767	0.144885	0.327176	0.119858	0.0901054	0.457941	0.115584	0.369678	0.273921	0.286117	0.401	0.223989	0.273339	0.191824	0.245377	0.231193	
1.56	0.0394842	0.145669	0.0981156	0.238998	0.0516621	0.0386689	0.349556	0.116905	0.350381	0.314921	0.396189	0.35568	0.388272	0.404653	0.096951	0.121485	0.116585	0.0617873	0.0724123	0.0505062	0.0177492	0.0286034	0.055999	0.189471	0.0983983	0.150053	0.34037	0.122003	0.0917312	0.449342	0.115599	0.369417	0.272966	0.2917	0.406147	0.221633	0.283974	0.193546	0.246578	0.209568	0.0395485	0.145624	0.0964737	0.239886	0.0521263	0.0387014	0.374072	0.115581	0.371923	0.319382	0.364117	0.346875	0.347029	0.365954	0.0968629	0.121481	0.118521	0.0614584	0.0721204	0.050414	0.0177009	0.0284725	0.0555245	0.189347	0.0912406	0.144884	0.327178	0.119837	0.090106	0.45785	0.115595	0.369846	0.273922	0.286155	0.400502	0.223963	0.273334	0.19182	0.245386	0.231192	
1.565	0.0394848	0.145669	0.0981656	0.239009	0.0516618	0.0386692	0.349554	0.116884	0.350361	0.314887	0.396198	0.355683	0.388187	0.404574	0.0969495	0.121485	0.116591	0.0617832	0.0724093	0.0505054	0.0177485	0.0285831	0.0559583	0.189472	0.0984159	0.150089	0.340365	0.121975	0.0917109	0.449304	0.115603	0.36939	0.272963	0.291733	0.40606	0.221576	0.283977	0.193476	0.246574	0.209582	0.0395491	0.145622	0.0965712	0.239902	0.0521196	0.0387001	0.374096	0.115535	0.371921	0.31939	0.364118	0.346877	0.346955	0.365928	0.0968609	0.121482	0.118544	0.0614516	0.0721156	0.0504125	0.0177187	0.0284751	0.0555013	0.189347	0.0913084	0.144895	0.327193	0.119817	0.0901066	0.457762	0.115605	0.369986	0.273923	0.286187	0.400008	0.223937	0.273334	0.191806	0.245395	0.231182	
1.57	0.0394855	0.145668	0.0982195	0.239019	0.0516617	0.0386699	0.349546	0.116873	0.350341	0.314854	0.396207	0.355685	0.388104	0.404495	0.0969477	0.121484	0.116597	0.061779	0.0724062	0.0505044	0.0177477	0.0285579	0.0559164	0.189472	0.0984217	0.150137	0.340362	0.121944	0.0916868	0.449269	0.115611	0.369371	0.27296	0.291767	0.405973	0.22152	0.283981	0.193387	0.246572	0.209595	0.0395497	0.145621	0.096635	0.239918	0.0521129	0.0386986	0.374133	0.115498	0.37192	0.3194	0.364119	0.346881	0.346881	0.3659	0.0968589	0.121483	0.118566	0.0614448	0.0721108	0.0504111	0.0177189	0.0284789	0.0555061	0.189347	0.0913294	0.144904	0.327209	0.119795	0.0903556	0.457678	0.11561	0.370218	0.273923	0.286214	0.399519	0.223911	0.273337	0.191805	0.245404	0.231165	
1.575	0.0394863	0.145669	0.0982747	0.23903	0.0516615	0.0386708	0.349537	0.116869	0.350321	0.314822	0.396216	0.355687	0.388022	0.404417	0.0969457	0.121484	0.116605	0.0617747	0.0724028	0.0505032	0.0177469	0.0285291	0.0559087	0.189473	0.0984391	0.150173	0.340359	0.12191	0.0916638	0.449237	0.115622	0.369362	0.272957	0.2918	0.405889	0.221467	0.283984	0.193279	0.246574	0.20961	0.0395503	0.145619	0.0966287	0.239934	0.0521063	0.038697	0.374177	0.115468	0.371922	0.319412	0.364119	0.346905	0.346807	0.365871	0.096857	0.121485	0.118588	0.0614378	0.0721062	0.0504096	0.0177162	0.0284838	0.0555181	0.189347	0.0914037	0.144911	0.327234	0.119772	0.0904183	0.457597	0.115613	0.370476	0.273923	0.286234	0.399035	0.223886	0.273354	0.191808	0.245413	0.231145	
1.58	0.0394873	0.14567	0.0983318	0.23904	0.0516614	0.0386721	0.34953	0.116874	0.350301	0.31479	0.396224	0.355689	0.38794	0.404341	0.0969435	0.121483	0.116613	0.0617703	0.0723991	0.0505017	0.0177462	0.0284975	0.0559029	0.189474	0.0984678	0.150214	0.340357	0.121877	0.0916476	0.44921	0.115637	0.369365	0.272954	0.291834	0.405808	0.221416	0.283987	0.193163	0.24658	0.209624	0.0395508	0.145618	0.0965981	0.239949	0.0520998	0.0386954	0.374221	0.115449	0.371925	0.319425	0.364115	0.34694	0.346733	0.36584	0.0968551	0.121486	0.118611	0.0614306	0.0721016	0.0504082	0.0177147	0.0284906	0.0555379	0.189347	0.0914863	0.144917	0.327259	0.119748	0.0904799	0.457519	0.11562	0.370689	0.273923	0.286249	0.398557	0.223862	0.273376	0.191799	0.245421	0.231129	
1.585	0.0394883	0.145671	0.0983838	0.23905	0.0516613	0.0386737	0.349528	0.116888	0.350282	0.314758	0.396232	0.355692	0.38786	0.404265	0.096941	0.121482	0.116623	0.0617659	0.0723952	0.0505001	0.0177454	0.0284634	0.0558768	0.189475	0.0985027	0.150255	0.340356	0.121846	0.0916386	0.449188	0.115654	0.369379	0.27295	0.291867	0.40573	0.221367	0.283989	0.193045	0.246589	0.20964	0.0395514	0.145617	0.0965573	0.239963	0.0520934	0.0386937	0.374261	0.115441	0.371931	0.31944	0.364119	0.346993	0.34666	0.365805	0.0968532	0.121487	0.118633	0.061423	0.0720971	0.0504068	0.0177133	0.0285007	0.0555679	0.189347	0.0915777	0.144931	0.327296	0.119724	0.0905277	0.457446	0.11563	0.370844	0.273923	0.28626	0.398085	0.22384	0.273411	0.191779	0.245429	0.231118	
1.59	0.0394893	0.145672	0.0984226	0.23906	0.0516612	0.0386754	0.349532	0.116912	0.350262	0.314727	0.39624	0.355694	0.387782	0.404191	0.0969383	0.121481	0.116633	0.0617614	0.0723911	0.0504982	0.0177446	0.0284268	0.0558309	0.189476	0.0985303	0.150237	0.340357	0.12181	0.0916356	0.449172	0.115675	0.369406	0.272947	0.291901	0.405658	0.221318	0.283991	0.192934	0.246601	0.209656	0.0395519	0.145616	0.0965237	0.239978	0.0520872	0.0386921	0.374301	0.115446	0.37194	0.319457	0.364094	0.346997	0.346586	0.365765	0.0968514	0.121488	0.118655	0.0614148	0.0720928	0.0504053	0.0177113	0.0285159	0.0555938	0.189347	0.091676	0.144924	0.327294	0.119697	0.0905733	0.457377	0.115644	0.370959	0.273923	0.286273	0.397621	0.223818	0.273409	0.191752	0.245437	0.231112	
1.595	0.0394905	0.145674	0.0984451	0.23907	0.0516612	0.0386773	0.349545	0.116944	0.350243	0.314696	0.396247	0.355696	0.387705	0.404118	0.0969353	0.121479	0.116644	0.0617569	0.0723868	0.0504961	0.0177438	0.0283877	0.0557729	0.189478	0.0985492	0.150184	0.340358	0.121768	0.0916388	0.449162	0.115697	0.369443	0.272943	0.291937	0.40559	0.221268	0.283993	0.192828	0.246616	0.209672	0.0395525	0.145615	0.0965031	0.239992	0.0520812	0.0386906	0.374341	0.115463	0.371951	0.319475	0.364077	0.34698	0.346513	0.36572	0.0968495	0.121489	0.118678	0.0614054	0.0720885	0.0504039	0.0177083	0.0285378	0.055605	0.189347	0.0917786	0.144931	0.327295	0.119666	0.0906075	0.457312	0.115659	0.371056	0.273923	0.286287	0.397164	0.223798	0.273392	0.191723	0.245445	0.231112	
1.6	0.0394917	0.145676	0.0984506	0.23908	0.0516612	0.0386793	0.349568	0.11698	0.350223	0.314665	0.396253	0.355698	0.38763	0.404047	0.0969321	0.121477	0.116655	0.0617523	0.0723822	0.0504939	0.017743	0.028346	0.0557629	0.189479	0.0986823	0.150169	0.340361	0.121722	0.0916501	0.44916	0.11572	0.369488	0.272939	0.291974	0.405527	0.221217	0.283995	0.192732	0.246631	0.209688	0.039553	0.145615	0.0964956	0.240006	0.0520752	0.0386893	0.374384	0.115491	0.371965	0.319496	0.364097	0.346999	0.346441	0.365674	0.0968477	0.12149	0.1187	0.0613933	0.0720844	0.0504025	0.0177046	0.0285672	0.055617	0.189347	0.091883	0.144962	0.327334	0.119632	0.0906379	0.457253	0.115676	0.371149	0.273922	0.2863	0.396715	0.223779	0.273401	0.191694	0.245453	0.231117	
1.605	0.039493	0.145678	0.0984409	0.23909	0.0516612	0.0386814	0.349599	0.117018	0.350204	0.314634	0.396257	0.3557	0.387557	0.403978	0.0969287	0.121474	0.116667	0.0617478	0.0723774	0.0504914	0.0177422	0.0283024	0.055759	0.189481	0.0988359	0.15019	0.340364	0.121676	0.0916701	0.449164	0.115744	0.369536	0.272935	0.29201	0.405469	0.221166	0.283996	0.192645	0.246646	0.209704	0.0395536	0.145615	0.0965038	0.240019	0.0520695	0.0386881	0.374433	0.115528	0.371982	0.319518	0.364144	0.347076	0.346368	0.365626	0.0968458	0.121491	0.118722	0.0613703	0.0720803	0.050401	0.0177058	0.0286045	0.0556392	0.189347	0.0919885	0.145002	0.327407	0.119598	0.0906577	0.457199	0.115695	0.371246	0.273921	0.28631	0.396274	0.223764	0.27345	0.191662	0.24546	0.231128	
1.61	0.0394943	0.14568	0.098421	0.239099	0.0516613	0.0386835	0.349639	0.117054	0.350184	0.314602	0.396261	0.355702	0.387486	0.403912	0.0969251	0.121472	0.116678	0.0617432	0.0723724	0.0504887	0.0177415	0.0282593	0.0557289	0.189482	0.0989422	0.150169	0.340367	0.121638	0.091697	0.449176	0.115767	0.369583	0.272931	0.292048	0.405415	0.221113	0.283997	0.192568	0.24666	0.20972	0.0395542	0.145615	0.0965221	0.240032	0.0520639	0.0386871	0.374486	0.115573	0.372001	0.319542	0.364137	0.347098	0.346296	0.365577	0.0968439	0.121492	0.118744	0.0613368	0.0720764	0.0503996	0.0177101	0.0286366	0.055659	0.189347	0.0920967	0.14499	0.327413	0.119567	0.0906686	0.457152	0.115716	0.371349	0.27392	0.286325	0.395842	0.223748	0.273457	0.191628	0.245468	0.231144	
1.615	0.0394956	0.145682	0.0983965	0.239108	0.0516615	0.0386856	0.349684	0.117086	0.350164	0.314571	0.396264	0.355704	0.387418	0.403847	0.0969212	0.121469	0.11669	0.0617386	0.0723673	0.0504858	0.0177407	0.0282194	0.0556719	0.189484	0.0990025	0.150114	0.340372	0.121605	0.0917269	0.449194	0.115791	0.369626	0.272927	0.292086	0.405365	0.22106	0.283998	0.192499	0.246671	0.209735	0.0395548	0.145616	0.0965402	0.240045	0.0520585	0.0386864	0.374544	0.115623	0.372024	0.319569	0.364069	0.347038	0.346224	0.365526	0.096842	0.121493	0.118766	0.0612969	0.0720724	0.0503981	0.0177123	0.0286462	0.0556655	0.189347	0.0922104	0.144965	0.327376	0.11954	0.0906748	0.457111	0.115736	0.371457	0.273919	0.286345	0.395417	0.223733	0.273412	0.191591	0.245476	0.231163	
1.62	0.039497	0.145684	0.0983694	0.239117	0.0516618	0.0386876	0.349732	0.117112	0.350144	0.314538	0.396265	0.355706	0.387352	0.403785	0.0969172	0.121465	0.116702	0.0617341	0.072362	0.0504828	0.0177399	0.0281854	0.0555991	0.189486	0.0990409	0.1501	0.340376	0.12157	0.0917574	0.44922	0.115813	0.369662	0.272923	0.292123	0.405318	0.221005	0.283998	0.192436	0.246678	0.209749	0.0395555	0.145617	0.0965523	0.240058	0.0520532	0.0386859	0.374607	0.115675	0.37205	0.319598	0.363997	0.346979	0.346152	0.365475	0.09684	0.121493	0.118787	0.0612579	0.0720686	0.0503965	0.0177122	0.0286445	0.0556965	0.189348	0.0923322	0.144963	0.327371	0.119516	0.0906823	0.457076	0.115755	0.37157	0.273918	0.286363	0.395002	0.223718	0.273377	0.191551	0.245484	0.231184	
1.625	0.0394984	0.145686	0.098349	0.239126	0.0516621	0.0386896	0.349781	0.11713	0.350123	0.314505	0.396266	0.355707	0.387288	0.403725	0.096913	0.121462	0.116713	0.0617296	0.0723566	0.0504796	0.0177392	0.028159	0.0555661	0.189487	0.0992458	0.150121	0.340382	0.121528	0.0917881	0.449252	0.115833	0.369689	0.272918	0.292157	0.405273	0.220948	0.283998	0.192383	0.246681	0.209762	0.0395562	0.145619	0.0965539	0.240071	0.0520481	0.0386857	0.374673	0.115726	0.372079	0.319628	0.363951	0.346949	0.346081	0.365423	0.0968379	0.121494	0.118808	0.0612277	0.0720648	0.050395	0.0177114	0.0286423	0.055768	0.189348	0.0924636	0.144977	0.327396	0.119492	0.0906979	0.457046	0.115771	0.371686	0.273917	0.286374	0.394594	0.223704	0.273366	0.191509	0.245492	0.231206	
1.63	0.0394999	0.145688	0.0983405	0.239135	0.0516624	0.0386914	0.349828	0.117139	0.350102	0.314471	0.396266	0.355709	0.387227	0.403668	0.0969087	0.121458	0.116723	0.0617251	0.072351	0.0504762	0.0177384	0.0281408	0.0555835	0.189489	0.0994864	0.150164	0.340388	0.12148	0.0918152	0.449288	0.115852	0.369703	0.272914	0.292191	0.405229	0.22089	0.283997	0.192343	0.246678	0.209775	0.039557	0.145621	0.0965445	0.240083	0.0520432	0.0386857	0.374741	0.115773	0.372111	0.319661	0.363951	0.34696	0.346009	0.365371	0.0968358	0.121494	0.118829	0.0612131	0.0720611	0.0503933	0.0177104	0.0286412	0.0558713	0.189348	0.0926056	0.14501	0.327442	0.119466	0.0907228	0.457021	0.115783	0.371802	0.273915	0.286381	0.394195	0.22369	0.27338	0.191463	0.245501	0.231228	
1.635	0.0395013	0.145689	0.0983465	0.239143	0.0516629	0.0386931	0.349869	0.117138	0.350081	0.314437	0.396265	0.35571	0.387168	0.403614	0.0969042	0.121454	0.116732	0.0617207	0.0723453	0.0504728	0.0177377	0.0281308	0.0556283	0.18949	0.0996595	0.150201	0.340394	0.121435	0.0918387	0.449329	0.115867	0.369706	0.272909	0.292224	0.405187	0.220831	0.283997	0.192313	0.246669	0.209786	0.0395578	0.145623	0.0964531	0.240095	0.0520384	0.038686	0.37481	0.115815	0.372146	0.319696	0.363974	0.346987	0.345938	0.365317	0.0968336	0.121494	0.118849	0.0612181	0.0720574	0.0503917	0.0177092	0.02864	0.0559911	0.189349	0.0927578	0.145039	0.327484	0.119441	0.0908163	0.457	0.115792	0.371911	0.274603	0.286386	0.393803	0.223678	0.273399	0.191478	0.24551	0.231248	
1.64	0.0395028	0.145691	0.0983637	0.239152	0.0516633	0.0386947	0.349902	0.117129	0.35006	0.314402	0.396265	0.355711	0.387111	0.403562	0.0968996	0.12145	0.116743	0.0617162	0.0723396	0.0504692	0.017737	0.0281285	0.05568	0.189492	0.0997618	0.150245	0.3404	0.121392	0.0918606	0.449373	0.115879	0.369697	0.272904	0.292257	0.405144	0.22077	0.283996	0.19229	0.246655	0.209795	0.0395587	0.145625	0.0963147	0.240107	0.0520338	0.0386864	0.374879	0.115851	0.372183	0.319733	0.364013	0.347035	0.345867	0.365263	0.0968313	0.121494	0.118868	0.061244	0.0720538	0.0503899	0.0177075	0.0286382	0.0560671	0.18935	0.0929198	0.145075	0.327535	0.119416	0.0909332	0.456981	0.1158	0.372006	0.27546	0.28639	0.39342	0.223667	0.273429	0.191519	0.245519	0.231256	
1.645	0.0395043	0.145692	0.0983969	0.23916	0.0516638	0.0386962	0.349926	0.11711	0.350038	0.314367	0.396264	0.355713	0.387057	0.403512	0.0968949	0.121445	0.116752	0.0617119	0.0723337	0.0504656	0.0177363	0.028132	0.0557293	0.189494	0.0998276	0.150231	0.340407	0.121332	0.0918797	0.449418	0.115888	0.369677	0.2729	0.292289	0.405101	0.220707	0.283995	0.192272	0.246634	0.209804	0.0395596	0.145628	0.0961924	0.240119	0.0520293	0.0386871	0.374946	0.115877	0.372224	0.319771	0.364	0.347016	0.345797	0.365208	0.0968289	0.121493	0.118888	0.0612871	0.0720501	0.0503882	0.0177003	0.0286361	0.0560744	0.18935	0.0930885	0.145072	0.327535	0.119386	0.0910076	0.456963	0.115803	0.372091	0.276065	0.286398	0.393044	0.223656	0.273408	0.191534	0.245529	0.231258	
1.65	0.0395059	0.145693	0.0984323	0.239168	0.0516644	0.0386974	0.349942	0.117086	0.350016	0.314331	0.396263	0.355714	0.387006	0.403465	0.0968901	0.121441	0.11676	0.0617075	0.0723278	0.0504618	0.0177356	0.0281385	0.0557737	0.189495	0.10017	0.150202	0.340415	0.121255	0.0918963	0.449463	0.115894	0.369647	0.272895	0.292322	0.405056	0.220643	0.283994	0.192254	0.246607	0.209811	0.0395605	0.14563	0.0961046	0.24013	0.052025	0.0386878	0.375008	0.115893	0.372267	0.319812	0.363935	0.346938	0.345726	0.365153	0.0968265	0.121493	0.118906	0.0613416	0.0720465	0.0503863	0.0176879	0.0286338	0.0560419	0.189351	0.0932597	0.14506	0.327519	0.119347	0.0910409	0.456947	0.115801	0.372164	0.27633	0.286408	0.392675	0.223647	0.273352	0.191504	0.245539	0.23126	
1.655	0.0395074	0.145694	0.0984655	0.239176	0.051665	0.0386986	0.349949	0.117057	0.349994	0.314294	0.396263	0.355715	0.386956	0.40342	0.0968852	0.121436	0.116769	0.0617032	0.0723218	0.050458	0.0177349	0.0281458	0.0558237	0.189497	0.100584	0.150187	0.340422	0.121166	0.0919099	0.449508	0.115898	0.369611	0.27289	0.292353	0.405009	0.220577	0.283993	0.192233	0.246573	0.209816	0.0395615	0.145633	0.0960537	0.240141	0.0520207	0.0386887	0.375065	0.115899	0.372312	0.319854	0.363866	0.346852	0.345656	0.365098	0.0968239	0.121492	0.118925	0.0614037	0.0720429	0.0503844	0.0176737	0.0286313	0.0559964	0.189352	0.09343	0.145066	0.327524	0.119301	0.0910489	0.456932	0.115794	0.372224	0.276373	0.286418	0.392313	0.223638	0.273295	0.191443	0.245549	0.231261	
1.66	0.0395089	0.145695	0.0984895	0.239184	0.0516656	0.0386995	0.349949	0.117029	0.349972	0.314258	0.396262	0.355716	0.386909	0.403377	0.0968803	0.121431	0.116777	0.0616989	0.0723158	0.0504542	0.0177341	0.0281525	0.0558903	0.189498	0.100887	0.150206	0.34043	0.121076	0.0919207	0.449552	0.115899	0.369572	0.272885	0.292384	0.404958	0.220511	0.283993	0.192209	0.246534	0.20982	0.0395626	0.145635	0.0960125	0.240153	0.0520166	0.0386897	0.375115	0.115896	0.37236	0.319898	0.363818	0.346787	0.345586	0.365043	0.0968213	0.121491	0.118942	0.0614402	0.0720392	0.0503824	0.0176632	0.0286284	0.0559384	0.189353	0.0935975	0.145085	0.327551	0.11925	0.0910644	0.456916	0.115785	0.372268	0.276337	0.286424	0.391957	0.223631	0.273256	0.19137	0.245559	0.23126	
1.665	0.0395104	0.145695	0.0985013	0.239191	0.0516663	0.0387003	0.349943	0.117002	0.34995	0.314221	0.396262	0.355717	0.386863	0.403336	0.0968753	0.121426	0.116785	0.0616946	0.0723097	0.0504503	0.0177334	0.0281582	0.0559698	0.1895	0.10106	0.15024	0.340438	0.120987	0.0919272	0.449594	0.115897	0.369534	0.27288	0.292412	0.404904	0.220443	0.283992	0.192185	0.24649	0.209823	0.0395636	0.145638	0.0959774	0.240164	0.0520126	0.0386907	0.375158	0.115887	0.372409	0.319943	0.363806	0.346765	0.345516	0.364988	0.0968185	0.12149	0.11896	0.0614481	0.0720356	0.0503804	0.0176622	0.0286249	0.0558689	0.189354	0.093762	0.145113	0.327595	0.119197	0.0910674	0.456901	0.115774	0.3723	0.276286	0.286429	0.391608	0.223624	0.273243	0.191295	0.245569	0.231255	
1.67	0.039512	0.145696	0.0984991	0.239199	0.0516669	0.0387009	0.349933	0.116977	0.349928	0.314184	0.396261	0.355719	0.38682	0.403297	0.0968703	0.121421	0.116793	0.0616904	0.0723036	0.0504463	0.0177327	0.028163	0.0560084	0.189501	0.10116	0.150282	0.340447	0.120898	0.0919309	0.449634	0.115892	0.369499	0.272875	0.292438	0.404845	0.220375	0.283991	0.192161	0.246443	0.209825	0.0395647	0.14564	0.095952	0.240174	0.0520087	0.0386917	0.375193	0.115871	0.372461	0.319989	0.363811	0.346769	0.345447	0.364933	0.0968157	0.121489	0.118977	0.0614455	0.0720319	0.0503782	0.0176744	0.0286198	0.0558262	0.189355	0.0939242	0.145139	0.327639	0.119143	0.0910694	0.456886	0.115761	0.372313	0.276228	0.286432	0.391264	0.223617	0.273245	0.191215	0.245579	0.231245	
1.675	0.0395135	0.145696	0.0984881	0.239206	0.0516677	0.0387014	0.349919	0.116956	0.349906	0.314147	0.396262	0.35572	0.386778	0.40326	0.0968652	0.121416	0.116801	0.0616861	0.0722974	0.0504423	0.017732	0.0281673	0.0559861	0.189502	0.101172	0.150318	0.340455	0.120809	0.09193	0.449672	0.115885	0.369466	0.27287	0.292461	0.404779	0.220306	0.283991	0.192138	0.246394	0.209827	0.0395658	0.145642	0.0959351	0.240185	0.0520048	0.0386926	0.37522	0.115853	0.372513	0.320036	0.363827	0.346792	0.345379	0.364878	0.0968128	0.121487	0.118994	0.0614433	0.0720282	0.0503761	0.0177047	0.0286077	0.0557978	0.189356	0.0940858	0.145168	0.327685	0.119087	0.0910685	0.456872	0.115747	0.372311	0.276165	0.286436	0.390925	0.223612	0.273257	0.191133	0.245588	0.231232	
1.68	0.039515	0.145696	0.0984686	0.239213	0.0516684	0.0387017	0.349903	0.116938	0.349884	0.31411	0.396262	0.355721	0.386738	0.403225	0.0968602	0.121411	0.116808	0.0616819	0.0722912	0.0504383	0.0177313	0.0281719	0.0559167	0.189504	0.101232	0.150341	0.340464	0.120719	0.0919272	0.449707	0.115876	0.369438	0.272866	0.292483	0.404704	0.220236	0.283991	0.192113	0.246346	0.209827	0.039567	0.145643	0.0959239	0.240196	0.052001	0.0386935	0.375241	0.115834	0.372566	0.320085	0.363841	0.346821	0.345311	0.364824	0.0968098	0.121486	0.119011	0.0614424	0.0720245	0.0503738	0.0177198	0.0285882	0.0557619	0.189357	0.0942484	0.145195	0.327727	0.11903	0.091067	0.456858	0.115731	0.372297	0.276096	0.286438	0.390592	0.223607	0.27327	0.191046	0.245597	0.231217	
1.685	0.0395165	0.145695	0.0984455	0.23922	0.0516692	0.0387018	0.349885	0.116924	0.349862	0.314074	0.396262	0.355722	0.3867	0.403191	0.0968551	0.121406	0.116814	0.0616776	0.072285	0.0504343	0.0177305	0.0281773	0.0558241	0.189505	0.101296	0.150351	0.340472	0.120631	0.0919244	0.44974	0.115866	0.369413	0.272861	0.292503	0.404616	0.220167	0.283991	0.19209	0.246298	0.209828	0.0395681	0.145645	0.0959166	0.240206	0.0519973	0.0386942	0.375257	0.115818	0.372621	0.320134	0.363855	0.346856	0.345244	0.364771	0.0968068	0.121484	0.119028	0.0614411	0.0720207	0.0503715	0.0177202	0.0285631	0.0557216	0.189357	0.0944137	0.145223	0.327772	0.118971	0.0910683	0.456846	0.115715	0.372276	0.276045	0.286441	0.390263	0.223603	0.273287	0.190957	0.245606	0.2312	
1.69	0.039518	0.145695	0.0984248	0.239227	0.0516699	0.0387019	0.349868	0.116913	0.349841	0.314038	0.396263	0.355724	0.386663	0.403159	0.09685	0.121401	0.116821	0.0616733	0.0722787	0.0504302	0.0177298	0.028184	0.0557482	0.189506	0.101362	0.150351	0.340481	0.120543	0.0919234	0.449772	0.115856	0.369393	0.272856	0.292521	0.404507	0.220097	0.283991	0.192066	0.246252	0.209828	0.0395692	0.145646	0.0959123	0.240216	0.0519937	0.0386947	0.37527	0.115805	0.372675	0.320183	0.363865	0.346889	0.345178	0.364719	0.0968036	0.121482	0.119044	0.0614388	0.0720168	0.0503691	0.0177188	0.0285341	0.0556729	0.189358	0.0945836	0.145248	0.327814	0.11891	0.0910742	0.456834	0.115699	0.372255	0.276033	0.286444	0.389938	0.223599	0.273302	0.19087	0.245615	0.231182	
1.695	0.0395195	0.145694	0.0984124	0.239234	0.0516707	0.0387018	0.349852	0.116904	0.34982	0.314002	0.396262	0.355725	0.386627	0.403129	0.0968449	0.121396	0.116828	0.061669	0.0722724	0.0504261	0.017729	0.0281921	0.0556794	0.189507	0.101429	0.150348	0.340489	0.120453	0.0919239	0.449802	0.115848	0.369376	0.272852	0.292536	0.404377	0.220027	0.283991	0.192039	0.246211	0.209829	0.0395703	0.145647	0.0959101	0.240226	0.05199	0.0386951	0.375281	0.115798	0.37273	0.320233	0.363868	0.346917	0.345113	0.364667	0.0968005	0.12148	0.11906	0.0614359	0.0720129	0.0503667	0.0177184	0.0285032	0.055612	0.189358	0.0947591	0.14527	0.327853	0.118849	0.0910839	0.456825	0.115682	0.372236	0.27606	0.286447	0.389618	0.223595	0.273317	0.190784	0.245623	0.231162	
1.7	0.039521	0.145693	0.0984124	0.239241	0.0516715	0.0387017	0.34984	0.116897	0.3498	0.313967	0.396262	0.355726	0.386593	0.403099	0.0968397	0.12139	0.116835	0.0616646	0.072266	0.050422	0.0177281	0.0282013	0.0556048	0.189509	0.101496	0.150339	0.340498	0.120365	0.091926	0.449831	0.115841	0.369362	0.272847	0.29255	0.404231	0.219957	0.283992	0.192007	0.246173	0.209829	0.0395714	0.145647	0.0959093	0.240235	0.0519864	0.0386953	0.375292	0.115796	0.372784	0.320283	0.363861	0.346934	0.34505	0.364617	0.0967972	0.121478	0.119076	0.0614328	0.0720089	0.0503642	0.0177178	0.028473	0.0555884	0.189359	0.0949407	0.145289	0.327885	0.118786	0.0910981	0.456817	0.115665	0.372224	0.276121	0.28645	0.389301	0.223591	0.273326	0.190702	0.245631	0.231143	
1.705	0.0395225	0.145692	0.0984269	0.239247	0.0516724	0.0387014	0.349831	0.116892	0.349782	0.313932	0.396261	0.355727	0.386561	0.403071	0.0968346	0.121385	0.116843	0.0616601	0.0722596	0.0504178	0.0177272	0.0282112	0.0555477	0.18951	0.101628	0.15033	0.340506	0.12028	0.0919293	0.44986	0.115836	0.369352	0.272843	0.292561	0.404069	0.219888	0.283992	0.191966	0.24614	0.20983	0.0395725	0.145647	0.0959095	0.240244	0.0519829	0.0386952	0.375304	0.115797	0.372837	0.320332	0.363851	0.34695	0.344988	0.364568	0.096794	0.121476	0.119092	0.0614293	0.0720048	0.0503617	0.0177167	0.0284462	0.0556083	0.189359	0.0951278	0.145309	0.32792	0.118723	0.0911148	0.456811	0.115648	0.372221	0.276204	0.286452	0.388987	0.223588	0.273338	0.190621	0.245638	0.231125	
1.71	0.039524	0.145691	0.0984586	0.239254	0.0516732	0.0387012	0.349827	0.11689	0.349767	0.313898	0.39626	0.355728	0.38653	0.403045	0.0968294	0.12138	0.11685	0.0616555	0.072253	0.0504136	0.0177263	0.0282212	0.0554846	0.189511	0.101767	0.150327	0.340514	0.120194	0.0919336	0.449888	0.115833	0.369345	0.272838	0.292572	0.403895	0.219819	0.283992	0.191919	0.246112	0.209832	0.0395735	0.145647	0.0959111	0.240253	0.0519793	0.0386949	0.375318	0.115801	0.372889	0.320381	0.36384	0.346965	0.344927	0.364521	0.0967907	0.121474	0.119107	0.0614256	0.0720006	0.0503591	0.0177154	0.0284248	0.0556545	0.189359	0.0953199	0.145329	0.327955	0.118658	0.0911317	0.456808	0.11563	0.372227	0.276303	0.286454	0.388677	0.223584	0.273352	0.19054	0.245644	0.231109	
1.715	0.0395254	0.14569	0.0984997	0.23926	0.0516741	0.0387009	0.349828	0.116892	0.349753	0.313864	0.396258	0.355729	0.3865	0.403019	0.0968242	0.121375	0.116857	0.0616509	0.0722464	0.0504094	0.0177253	0.0282307	0.0554017	0.189512	0.101878	0.15033	0.340522	0.120106	0.0919371	0.449915	0.115831	0.369343	0.272834	0.292581	0.403709	0.21975	0.283992	0.191868	0.246089	0.209834	0.0395745	0.145647	0.0959342	0.240262	0.0519758	0.0386943	0.375334	0.115807	0.37294	0.32043	0.363829	0.346977	0.344869	0.364475	0.0967873	0.121471	0.119123	0.0614215	0.0719964	0.0503564	0.0177139	0.0284099	0.0557105	0.189359	0.0955161	0.145348	0.327987	0.118592	0.0911455	0.456807	0.115612	0.37224	0.276397	0.286456	0.38837	0.223581	0.273363	0.190456	0.24565	0.231097	
1.72	0.0395268	0.145689	0.0985495	0.239266	0.051675	0.0387006	0.349836	0.116898	0.349739	0.313831	0.396256	0.35573	0.386471	0.402995	0.0968189	0.121369	0.116864	0.0616461	0.0722396	0.0504051	0.0177242	0.0282391	0.0553025	0.189513	0.101961	0.150339	0.340531	0.120018	0.0919402	0.449943	0.115831	0.369345	0.27283	0.292589	0.403512	0.219681	0.283992	0.191813	0.246071	0.209836	0.0395754	0.145646	0.0959647	0.24027	0.0519723	0.0386935	0.37535	0.115813	0.37299	0.320477	0.363822	0.346994	0.344812	0.364431	0.096784	0.121469	0.119138	0.061417	0.071992	0.0503537	0.0177122	0.0284018	0.055777	0.189358	0.0957156	0.145369	0.328023	0.118525	0.091152	0.456809	0.115597	0.372254	0.276469	0.286457	0.388065	0.223576	0.273379	0.190366	0.245656	0.231087	
1.725	0.0395282	0.145687	0.0986053	0.239272	0.0516758	0.0387002	0.34985	0.116906	0.349723	0.313798	0.396254	0.355731	0.386444	0.402973	0.0968137	0.121364	0.116871	0.0616411	0.0722327	0.0504007	0.0177231	0.0282459	0.0552275	0.189514	0.102094	0.150349	0.340539	0.11993	0.0919447	0.44997	0.115831	0.369351	0.272826	0.292598	0.403305	0.219612	0.283992	0.191754	0.246058	0.209839	0.0395763	0.145646	0.095996	0.240278	0.0519689	0.0386925	0.375366	0.115815	0.373037	0.320524	0.363817	0.347015	0.344757	0.364388	0.0967806	0.121467	0.119152	0.061412	0.0719875	0.050351	0.01771	0.0283999	0.055861	0.189358	0.0959175	0.145389	0.328058	0.118457	0.0911531	0.456814	0.115585	0.372266	0.276517	0.286458	0.387764	0.223572	0.273397	0.190271	0.245661	0.231081	
1.73	0.0395296	0.145685	0.0986704	0.239278	0.0516767	0.0386999	0.349872	0.116918	0.349707	0.313766	0.396252	0.355731	0.386419	0.402952	0.0968084	0.121359	0.116879	0.061636	0.0722257	0.0503963	0.0177218	0.0282504	0.0551532	0.189515	0.10223	0.150349	0.340547	0.11984	0.0919516	0.449997	0.115833	0.369362	0.272822	0.292608	0.403088	0.219542	0.283992	0.191695	0.246049	0.209843	0.0395771	0.145645	0.0960284	0.240285	0.0519654	0.0386914	0.37538	0.115813	0.373082	0.320569	0.363811	0.347033	0.344703	0.364347	0.0967772	0.121464	0.119167	0.0614061	0.0719828	0.0503481	0.0177065	0.0284033	0.0559721	0.189357	0.0961206	0.145407	0.328089	0.118389	0.0911506	0.456822	0.115577	0.372271	0.276541	0.286462	0.387465	0.223566	0.273412	0.190174	0.245665	0.231078	
1.735	0.039531	0.145684	0.0987402	0.239284	0.0516776	0.0386995	0.349901	0.116931	0.349689	0.313734	0.396249	0.355732	0.386394	0.402932	0.096803	0.121353	0.116886	0.0616308	0.0722185	0.0503919	0.0177204	0.0282526	0.0550617	0.189516	0.102336	0.150342	0.340556	0.119747	0.0919607	0.450024	0.115835	0.369375	0.272818	0.292618	0.402862	0.219473	0.283992	0.191633	0.246043	0.209847	0.0395779	0.145644	0.0960563	0.240292	0.0519621	0.0386901	0.375391	0.115805	0.373125	0.320613	0.363803	0.347044	0.344653	0.364308	0.0967737	0.121462	0.119181	0.0613987	0.0719779	0.0503452	0.0176942	0.0284105	0.0560567	0.189356	0.0963238	0.145423	0.328115	0.11832	0.0911461	0.456833	0.115571	0.372269	0.27654	0.286467	0.387169	0.22356	0.27342	0.190078	0.24567	0.231075	
1.74	0.0395323	0.145682	0.0988119	0.23929	0.0516785	0.0386991	0.349937	0.116946	0.349671	0.313702	0.396247	0.355733	0.386372	0.402914	0.0967977	0.121348	0.116893	0.0616254	0.0722112	0.0503874	0.0177189	0.0282522	0.0549535	0.189516	0.102414	0.150333	0.340565	0.119651	0.0919721	0.450051	0.115837	0.369391	0.272814	0.292628	0.402627	0.219404	0.283991	0.191566	0.246042	0.209852	0.0395786	0.145642	0.0960968	0.240299	0.0519587	0.0386886	0.375398	0.11579	0.373166	0.320656	0.363801	0.347062	0.344604	0.364271	0.0967703	0.121459	0.119194	0.0613882	0.0719729	0.0503423	0.0176727	0.0284201	0.0560739	0.189355	0.096526	0.145443	0.328149	0.118251	0.0911364	0.456848	0.11557	0.372257	0.27651	0.286473	0.386874	0.223553	0.273431	0.189978	0.245674	0.231072	
1.745	0.0395336	0.14568	0.098881	0.239295	0.0516794	0.0386987	0.349977	0.11696	0.349653	0.313671	0.396244	0.355733	0.38635	0.402897	0.0967923	0.121343	0.116901	0.0616198	0.0722037	0.0503828	0.0177171	0.028249	0.0548639	0.189517	0.102575	0.150327	0.340574	0.119555	0.0919858	0.450077	0.11584	0.369408	0.27281	0.292638	0.402385	0.219334	0.283991	0.19149	0.246043	0.209857	0.0395793	0.145641	0.0961666	0.240306	0.0519554	0.0386871	0.375399	0.115769	0.373203	0.320697	0.363803	0.347085	0.344557	0.364236	0.0967668	0.121457	0.119207	0.0613674	0.0719676	0.0503392	0.0176445	0.0284307	0.0560427	0.189353	0.0967266	0.145462	0.328183	0.11818	0.0911172	0.456865	0.115573	0.372232	0.276449	0.286481	0.386581	0.223544	0.273442	0.189876	0.245678	0.231065	
1.75	0.0395349	0.145678	0.098944	0.239301	0.0516803	0.0386982	0.350022	0.116974	0.349636	0.31364	0.396241	0.355734	0.38633	0.402881	0.0967868	0.121337	0.116909	0.0616141	0.0721962	0.0503782	0.0177151	0.0282418	0.0547732	0.189518	0.102744	0.150299	0.340583	0.11945	0.0920023	0.450104	0.115842	0.369423	0.272807	0.292649	0.402135	0.219263	0.28399	0.1914	0.246048	0.209863	0.0395799	0.145639	0.0962561	0.240312	0.0519521	0.0386856	0.375395	0.115741	0.373238	0.320737	0.363768	0.347033	0.344513	0.364203	0.0967632	0.121454	0.11922	0.0613363	0.071962	0.0503361	0.0176231	0.0284428	0.0559882	0.189352	0.0969266	0.145461	0.328165	0.118108	0.0910894	0.456885	0.115579	0.372194	0.276355	0.286496	0.386289	0.223535	0.273398	0.18977	0.245681	0.231054	
1.755	0.0395361	0.145676	0.0989952	0.239306	0.0516812	0.0386977	0.35007	0.116985	0.349618	0.313609	0.396239	0.355734	0.386311	0.402867	0.0967814	0.121332	0.116917	0.0616082	0.0721885	0.0503735	0.0177127	0.0282294	0.0546667	0.189518	0.102868	0.150263	0.340592	0.119338	0.0920206	0.45013	0.115844	0.369436	0.272803	0.29266	0.401878	0.219193	0.283989	0.191298	0.246054	0.209869	0.0395804	0.145637	0.0963656	0.240318	0.0519489	0.038684	0.375386	0.115707	0.37327	0.320774	0.363715	0.346946	0.34447	0.364172	0.0967596	0.121451	0.119232	0.0612977	0.071956	0.0503328	0.0176225	0.0284574	0.0559129	0.18935	0.0971279	0.145463	0.328149	0.118037	0.0910501	0.456907	0.11559	0.372143	0.276225	0.286516	0.385997	0.223524	0.273328	0.189665	0.245684	0.231037	
1.76	0.0395373	0.145673	0.0990295	0.239311	0.0516821	0.0386971	0.350117	0.116993	0.349601	0.313579	0.396236	0.355734	0.386294	0.402854	0.0967759	0.121327	0.116924	0.0616022	0.0721806	0.0503688	0.0177093	0.0282105	0.0545455	0.189519	0.102949	0.150241	0.340601	0.119222	0.0920399	0.450157	0.115847	0.369446	0.272799	0.292671	0.401615	0.219122	0.283988	0.191183	0.246063	0.209875	0.0395809	0.145635	0.096499	0.240323	0.0519416	0.0386825	0.37537	0.11567	0.373299	0.320811	0.363701	0.346896	0.34443	0.364142	0.0967559	0.121449	0.119244	0.0612556	0.0719495	0.0503294	0.0176501	0.0284752	0.0558196	0.189349	0.0973321	0.145486	0.328173	0.117965	0.0909979	0.456933	0.115606	0.372081	0.276056	0.286535	0.385705	0.223512	0.273285	0.18956	0.245687	0.231013	
1.765	0.0395384	0.145671	0.0990463	0.239317	0.051683	0.0386964	0.350164	0.116996	0.349584	0.313548	0.396234	0.355735	0.386277	0.402842	0.0967705	0.121321	0.116933	0.0615961	0.0721727	0.0503641	0.017698	0.0281851	0.0544674	0.189519	0.103098	0.150236	0.34061	0.119106	0.0920606	0.450184	0.115851	0.36945	0.272795	0.29268	0.401346	0.21905	0.283988	0.19106	0.246072	0.209882	0.0395814	0.145633	0.0966486	0.240329	0.0519295	0.038681	0.375351	0.11563	0.373326	0.320845	0.363719	0.346888	0.344392	0.364115	0.0967522	0.121446	0.119255	0.0612154	0.0719425	0.0503259	0.0177089	0.0284964	0.0557385	0.189347	0.0975399	0.145511	0.328213	0.117891	0.0909332	0.456963	0.115626	0.372008	0.275847	0.286552	0.385413	0.223498	0.273273	0.189456	0.24569	0.230986	
1.77	0.0395396	0.145669	0.0990501	0.239321	0.0516838	0.0386956	0.350207	0.116993	0.349568	0.313519	0.396232	0.355735	0.386262	0.402832	0.096765	0.121316	0.116942	0.0615899	0.0721646	0.0503593	0.0176771	0.0281542	0.0543937	0.189519	0.103253	0.150239	0.34062	0.118993	0.0920819	0.450212	0.115859	0.369448	0.272792	0.292687	0.401073	0.218979	0.283987	0.190931	0.246082	0.209889	0.0395817	0.145631	0.0967745	0.240334	0.0519294	0.0386796	0.375327	0.115591	0.373349	0.320878	0.363758	0.346916	0.344356	0.364089	0.0967484	0.121443	0.119266	0.0611833	0.0719346	0.0503222	0.0177283	0.0285203	0.055662	0.189345	0.0977515	0.145535	0.328255	0.117814	0.0908448	0.456995	0.11565	0.371931	0.275612	0.286567	0.385118	0.223483	0.273287	0.189354	0.245691	0.230955	
1.775	0.0395406	0.145666	0.0990481	0.239326	0.0516846	0.0386947	0.350246	0.116985	0.349551	0.313489	0.39623	0.355736	0.386247	0.402822	0.0967595	0.121311	0.116951	0.0615836	0.0721565	0.0503545	0.017648	0.0281208	0.0542947	0.189519	0.103365	0.150245	0.340629	0.11888	0.0921036	0.450241	0.115871	0.369439	0.272788	0.292692	0.400796	0.218907	0.283986	0.190799	0.246093	0.209897	0.0395821	0.145629	0.0969003	0.240338	0.0519267	0.0386783	0.375302	0.115555	0.37337	0.32091	0.363795	0.346954	0.344322	0.364066	0.0967444	0.12144	0.119277	0.0611652	0.0719256	0.0503184	0.017726	0.0285457	0.055575	0.189343	0.0979663	0.145555	0.328288	0.117734	0.0907611	0.457031	0.115677	0.371851	0.275423	0.286581	0.384822	0.223466	0.273309	0.189261	0.245693	0.230925	
1.78	0.0395417	0.145664	0.0990513	0.23933	0.0516854	0.0386937	0.350279	0.116972	0.349534	0.31346	0.396228	0.355736	0.386234	0.402813	0.096754	0.121306	0.116961	0.0615772	0.0721483	0.0503496	0.0176132	0.0280886	0.0541702	0.189519	0.103436	0.15025	0.340638	0.118766	0.0921235	0.450273	0.115886	0.369424	0.272784	0.292696	0.400517	0.218836	0.283986	0.190667	0.246102	0.209904	0.0395823	0.145626	0.0969994	0.240343	0.0519227	0.0386771	0.375278	0.115526	0.373388	0.320943	0.363839	0.347008	0.34429	0.364044	0.0967404	0.121438	0.119288	0.0611649	0.0719149	0.0503144	0.0177239	0.0285711	0.0554973	0.18934	0.0981835	0.145579	0.328327	0.117653	0.0906839	0.457071	0.115704	0.371775	0.27532	0.286595	0.384522	0.223447	0.273341	0.189178	0.245694	0.230898	
1.785	0.0395427	0.145661	0.0990667	0.239334	0.0516861	0.0386926	0.350308	0.116955	0.349518	0.313432	0.396227	0.355737	0.386221	0.402805	0.0967485	0.1213	0.116972	0.0615707	0.07214	0.0503447	0.0175744	0.0280588	0.054031	0.189519	0.103913	0.150251	0.340647	0.118661	0.0921387	0.450308	0.115905	0.369404	0.27278	0.292699	0.400236	0.218765	0.283985	0.190538	0.246111	0.209911	0.0395826	0.145624	0.0970605	0.240347	0.0519193	0.0386761	0.375257	0.115504	0.373404	0.320978	0.363833	0.347007	0.34426	0.364024	0.0967362	0.121435	0.119298	0.0611796	0.071901	0.0503101	0.0177231	0.0285937	0.0554184	0.189338	0.0983998	0.145578	0.328326	0.117569	0.0906112	0.457114	0.115729	0.371709	0.275299	0.286613	0.384219	0.223427	0.273338	0.1891	0.245694	0.230881	
1.79	0.0395436	0.145659	0.099101	0.239338	0.0516869	0.0386913	0.350332	0.116935	0.349502	0.313404	0.396226	0.355737	0.386209	0.402797	0.096743	0.121295	0.116983	0.0615642	0.0721316	0.0503398	0.0175326	0.0280311	0.0539501	0.189518	0.104743	0.15026	0.340655	0.118561	0.0921472	0.450346	0.115926	0.369378	0.272776	0.292702	0.399954	0.218694	0.283985	0.190414	0.246118	0.209918	0.0395828	0.145621	0.0971781	0.240351	0.0519163	0.0386751	0.375239	0.115493	0.373418	0.321012	0.363814	0.347009	0.344232	0.364006	0.096732	0.121432	0.119309	0.0612035	0.0718786	0.0503057	0.0177214	0.0286098	0.0553237	0.189336	0.0986116	0.145582	0.328347	0.117481	0.0904642	0.457162	0.11575	0.371658	0.27463	0.286631	0.383912	0.223405	0.273338	0.188959	0.245694	0.230875	
1.795	0.0395446	0.145656	0.0991531	0.239342	0.0516875	0.03869	0.350349	0.116913	0.349485	0.313376	0.396225	0.355738	0.386197	0.40279	0.0967375	0.12129	0.116994	0.0615576	0.0721232	0.0503348	0.0174882	0.0280048	0.0538792	0.189517	0.105725	0.150273	0.340664	0.118461	0.0921495	0.450389	0.115947	0.36935	0.272771	0.292704	0.399673	0.218624	0.283985	0.190296	0.246124	0.209925	0.0395829	0.145619	0.097206	0.240355	0.0519133	0.0386743	0.375226	0.115491	0.373429	0.321044	0.363803	0.347036	0.344206	0.363989	0.0967276	0.121428	0.119319	0.0612311	0.0718386	0.0503009	0.0177189	0.0286197	0.0552374	0.189333	0.0988155	0.145595	0.328385	0.117389	0.0903845	0.457212	0.115767	0.371623	0.274621	0.286647	0.3836	0.223382	0.273361	0.188867	0.245694	0.230883	
1.8	0.0395454	0.145654	0.0992171	0.239345	0.0516882	0.0386885	0.35036	0.116891	0.349469	0.313349	0.396225	0.355739	0.386186	0.402783	0.096732	0.121284	0.117006	0.061551	0.0721148	0.0503297	0.0174414	0.027979	0.0537788	0.189517	0.106495	0.150303	0.340672	0.118361	0.0921389	0.450437	0.115969	0.36932	0.272767	0.292707	0.399394	0.218555	0.283985	0.190186	0.246127	0.209931	0.039583	0.145616	0.0971562	0.240358	0.0519103	0.0386735	0.37522	0.115499	0.373439	0.321071	0.36381	0.347092	0.344182	0.363975	0.0967231	0.121425	0.119329	0.0612587	0.0717812	0.0502959	0.0177159	0.0286202	0.0551603	0.189331	0.0990099	0.145612	0.328429	0.117292	0.0903653	0.457266	0.115777	0.371607	0.275079	0.286662	0.383282	0.223357	0.273412	0.188805	0.245694	0.230904	
1.805	0.0395463	0.145651	0.0992754	0.239348	0.0516888	0.038687	0.350366	0.11687	0.349453	0.313322	0.396225	0.35574	0.386175	0.402777	0.0967265	0.121279	0.117018	0.0615444	0.0721063	0.0503245	0.0173924	0.0279531	0.0536473	0.189515	0.106661	0.150334	0.34068	0.118258	0.0920898	0.45049	0.115991	0.369289	0.272762	0.29271	0.399118	0.218486	0.283986	0.190085	0.246127	0.209937	0.039583	0.145613	0.0970885	0.240362	0.0519074	0.0386728	0.375222	0.115517	0.373447	0.321093	0.363829	0.347167	0.344159	0.363962	0.0967185	0.121422	0.119339	0.0612848	0.0717093	0.0502906	0.0177119	0.0286058	0.0550827	0.189328	0.0991948	0.145631	0.328471	0.117191	0.0903497	0.457321	0.115781	0.37161	0.275536	0.286675	0.38296	0.22333	0.273476	0.188735	0.245694	0.230937	
1.81	0.0395471	0.145649	0.099351	0.23935	0.0516893	0.0386854	0.350368	0.11685	0.349436	0.313296	0.396226	0.355741	0.386165	0.402771	0.096721	0.121274	0.11703	0.0615378	0.0720977	0.0503193	0.0173406	0.0279274	0.0534978	0.189514	0.106551	0.150337	0.340688	0.118147	0.0921102	0.450549	0.116011	0.369258	0.272757	0.292713	0.398845	0.218418	0.283986	0.189995	0.246125	0.209942	0.039583	0.14561	0.0970077	0.240365	0.0519053	0.0386722	0.375233	0.115546	0.373453	0.321111	0.363819	0.347184	0.344138	0.363951	0.0967137	0.121418	0.119349	0.0613145	0.0716305	0.050285	0.0176996	0.028576	0.05499	0.189326	0.099373	0.145634	0.328469	0.117086	0.0903308	0.457378	0.115779	0.371635	0.275823	0.286694	0.382631	0.223302	0.273492	0.188642	0.245694	0.230982	
1.815	0.0395478	0.145646	0.0994186	0.239352	0.0516898	0.0386837	0.350366	0.116832	0.349419	0.31327	0.396227	0.355742	0.386156	0.402766	0.0967155	0.121268	0.117041	0.0615311	0.0720891	0.0503139	0.0172852	0.0279028	0.0534549	0.189513	0.106465	0.150321	0.340696	0.118029	0.0921134	0.450612	0.116029	0.369229	0.272752	0.292716	0.398577	0.218351	0.283987	0.189916	0.246119	0.209947	0.039583	0.145607	0.0969194	0.240367	0.0519016	0.0386716	0.375254	0.115586	0.373458	0.321132	0.36386	0.347208	0.344119	0.363941	0.0967089	0.121415	0.119359	0.0613543	0.0715528	0.0502789	0.0176728	0.0285326	0.0548754	0.189323	0.0995483	0.145672	0.328494	0.116977	0.0903143	0.457436	0.115772	0.371681	0.276014	0.286713	0.382298	0.223272	0.273505	0.188535	0.245694	0.231034	
1.82	0.0395485	0.145644	0.0994717	0.239354	0.0516903	0.0386821	0.350364	0.116816	0.349402	0.313245	0.396228	0.355743	0.386147	0.402761	0.0967099	0.121263	0.117053	0.0615243	0.0720804	0.0503085	0.0172256	0.0278798	0.0534881	0.189511	0.106449	0.15031	0.340703	0.117906	0.0921072	0.45068	0.116045	0.369203	0.272747	0.292719	0.398313	0.218285	0.283988	0.189851	0.246109	0.209951	0.0395829	0.145604	0.096804	0.24037	0.051899	0.038671	0.375287	0.115637	0.373461	0.321162	0.363961	0.347287	0.344102	0.363934	0.096704	0.121411	0.119369	0.061404	0.0714817	0.0502724	0.0176326	0.0284784	0.0547587	0.18932	0.0997241	0.145732	0.328565	0.116864	0.0903189	0.457494	0.115761	0.37175	0.276208	0.286731	0.381959	0.223242	0.273551	0.188425	0.245696	0.231094	
1.825	0.0395492	0.145642	0.0995189	0.239356	0.0516908	0.0386805	0.350362	0.116803	0.349385	0.31322	0.396229	0.355745	0.386138	0.402756	0.0967044	0.121257	0.117064	0.0615175	0.0720717	0.0503028	0.0171631	0.0278575	0.0535087	0.18951	0.10646	0.150302	0.340711	0.117781	0.0920924	0.450752	0.116059	0.369178	0.272742	0.292722	0.398055	0.21822	0.283989	0.1898	0.246097	0.209955	0.0395828	0.1456	0.0967034	0.240372	0.0518725	0.0386705	0.375334	0.115697	0.373464	0.321183	0.364008	0.347282	0.344086	0.363928	0.0966989	0.121408	0.119379	0.0614357	0.0714169	0.0502653	0.017588	0.0284169	0.0546338	0.189318	0.0999001	0.14573	0.328554	0.116744	0.0903719	0.457554	0.11575	0.371842	0.276438	0.286758	0.381616	0.223211	0.273534	0.188323	0.245698	0.231162	
1.83	0.0395499	0.145639	0.0995544	0.239357	0.0516912	0.0386789	0.350361	0.116793	0.349368	0.313195	0.396231	0.355746	0.38613	0.402752	0.0966988	0.121252	0.117075	0.0615106	0.072063	0.050297	0.0171	0.0278339	0.0534797	0.189508	0.106467	0.150297	0.340718	0.117658	0.0920793	0.450826	0.116071	0.369156	0.272736	0.292725	0.397802	0.218155	0.28399	0.189763	0.24608	0.209957	0.0395826	0.145597	0.0965699	0.240375	0.0519003	0.0386699	0.375395	0.115765	0.373466	0.321191	0.36402	0.34722	0.344072	0.363924	0.0966939	0.121404	0.119388	0.0614431	0.0713555	0.0502573	0.0175491	0.0283523	0.0544906	0.189315	0.100074	0.145732	0.328531	0.116616	0.0904033	0.457615	0.115747	0.371945	0.276678	0.286791	0.381269	0.223178	0.27348	0.188223	0.245701	0.231239	
1.835	0.0395505	0.145637	0.0995798	0.239358	0.0516916	0.0386775	0.350362	0.116784	0.349351	0.313171	0.396233	0.355748	0.386123	0.402748	0.0966931	0.121246	0.117084	0.0615036	0.0720541	0.050291	0.0170395	0.027807	0.053389	0.189506	0.106467	0.150295	0.340725	0.117533	0.0920618	0.450902	0.116081	0.369135	0.272731	0.292727	0.397553	0.218092	0.283991	0.189736	0.246061	0.209959	0.0395825	0.145594	0.0964129	0.240376	0.0518895	0.0386692	0.375471	0.115838	0.373468	0.32119	0.364041	0.347193	0.344089	0.364003	0.0966888	0.1214	0.119398	0.0614391	0.0712945	0.0502479	0.0175233	0.0282885	0.054376	0.189312	0.100243	0.145755	0.328557	0.116483	0.0904502	0.457677	0.115747	0.372066	0.276933	0.286823	0.380918	0.223144	0.273455	0.188196	0.245706	0.231325	
1.84	0.0395511	0.145635	0.0995891	0.239358	0.051692	0.0386762	0.350367	0.116777	0.349333	0.313147	0.396235	0.355749	0.386116	0.402745	0.0966874	0.121241	0.117092	0.0614964	0.0720452	0.0502847	0.0169852	0.027776	0.0533375	0.189505	0.106465	0.150296	0.340731	0.117405	0.0920406	0.450979	0.116089	0.369118	0.272725	0.292727	0.397308	0.218029	0.283992	0.189717	0.246037	0.20996	0.0395823	0.145591	0.0962768	0.240378	0.0518846	0.0386685	0.375561	0.115911	0.373469	0.321183	0.364066	0.347224	0.344138	0.364236	0.0966836	0.121396	0.119407	0.0614337	0.0712344	0.0502358	0.0175134	0.0282282	0.0542726	0.189309	0.100406	0.145774	0.328608	0.116348	0.0905163	0.457741	0.115752	0.372201	0.277194	0.28685	0.380566	0.223109	0.273488	0.188169	0.245711	0.231421	
1.845	0.0395517	0.145633	0.0995844	0.239359	0.0516924	0.0386751	0.350373	0.116772	0.349315	0.313123	0.396237	0.355751	0.38611	0.402741	0.0966817	0.121235	0.117097	0.0614891	0.0720361	0.050278	0.0169394	0.0277413	0.0532828	0.189503	0.106464	0.150299	0.340738	0.117275	0.0920151	0.451057	0.116096	0.369102	0.272719	0.292726	0.397067	0.217968	0.283994	0.189704	0.246011	0.20996	0.039582	0.145588	0.0961737	0.240379	0.0518812	0.0386677	0.375662	0.11598	0.37347	0.32118	0.364119	0.347311	0.344201	0.364561	0.0966785	0.121392	0.119416	0.0614289	0.0711782	0.0502104	0.017519	0.0281728	0.054152	0.189306	0.100566	0.145808	0.328673	0.116214	0.0905788	0.457807	0.115767	0.372338	0.277437	0.286875	0.380214	0.22308	0.273568	0.188131	0.245718	0.231526	
1.85	0.0395523	0.145632	0.09956	0.239359	0.0516928	0.0386742	0.350383	0.116768	0.349298	0.3131	0.396239	0.355753	0.386104	0.402739	0.0966759	0.121229	0.117101	0.0614816	0.0720269	0.0502709	0.0169017	0.0277044	0.0531827	0.189501	0.106464	0.150301	0.340745	0.117145	0.0919868	0.451135	0.116102	0.369089	0.272713	0.292723	0.396828	0.217907	0.283995	0.189695	0.245981	0.20996	0.0395818	0.145585	0.0960994	0.24038	0.0518288	0.0386668	0.37577	0.116041	0.373471	0.321193	0.364114	0.347337	0.344235	0.364822	0.0966734	0.121388	0.119425	0.0614237	0.0711314	0.0501673	0.0175349	0.0281207	0.0540802	0.189303	0.100724	0.145799	0.328671	0.116077	0.0906534	0.457876	0.115793	0.372471	0.277654	0.286904	0.379862	0.223051	0.273597	0.188069	0.245727	0.231638	
1.855	0.0395529	0.14563	0.0995241	0.239359	0.0516932	0.0386735	0.350396	0.116766	0.34928	0.313077	0.396242	0.355754	0.386098	0.402736	0.0966701	0.121223	0.117103	0.0614738	0.0720174	0.0502632	0.0168695	0.0276668	0.0530376	0.1895	0.106464	0.150302	0.340751	0.117016	0.0919574	0.451213	0.116107	0.369078	0.272708	0.292721	0.396591	0.217848	0.283996	0.18969	0.245948	0.209959	0.0395815	0.145582	0.0960449	0.240381	0.051888	0.0386658	0.375878	0.11609	0.373472	0.321205	0.364064	0.3473	0.344243	0.364993	0.0966683	0.121384	0.119434	0.0614173	0.0710996	0.0501084	0.0175547	0.028069	0.0540297	0.1893	0.100885	0.145786	0.328652	0.115935	0.0906507	0.457949	0.115833	0.372572	0.277798	0.286935	0.379513	0.223018	0.273572	0.187977	0.245738	0.231754	
1.86	0.0395535	0.145629	0.0994808	0.239359	0.0516937	0.0386729	0.350413	0.116765	0.349263	0.313056	0.396244	0.355756	0.386093	0.402734	0.0966641	0.121217	0.117103	0.0614657	0.0720078	0.0502544	0.0168403	0.0276298	0.0528665	0.189499	0.106464	0.150333	0.340758	0.116886	0.0919285	0.451291	0.116111	0.369068	0.272702	0.29272	0.396354	0.217789	0.283997	0.189686	0.245913	0.209957	0.0395812	0.145579	0.0960019	0.240382	0.0518734	0.0386648	0.375983	0.116123	0.373473	0.321206	0.364008	0.34724	0.344286	0.365193	0.0966632	0.12138	0.119443	0.0614097	0.0710866	0.0500382	0.0175733	0.0280155	0.0539574	0.189297	0.101052	0.14579	0.328651	0.115791	0.0906517	0.458028	0.115882	0.372639	0.277866	0.286966	0.379168	0.222983	0.273525	0.187852	0.245752	0.23187	
1.865	0.0395541	0.145628	0.0994343	0.239359	0.0516941	0.0386726	0.350435	0.116766	0.349246	0.313034	0.396246	0.355758	0.386089	0.402733	0.0966582	0.121211	0.117102	0.0614573	0.0719979	0.0502438	0.0168117	0.0275935	0.0527628	0.189497	0.106464	0.15037	0.340764	0.116752	0.0919001	0.451368	0.116113	0.369061	0.272696	0.292722	0.396117	0.217732	0.283997	0.189681	0.245877	0.209954	0.0395809	0.145577	0.0959806	0.240382	0.0518646	0.0386637	0.37608	0.116135	0.373475	0.3212	0.363988	0.347209	0.344396	0.36547	0.0966582	0.121376	0.119451	0.0614003	0.0710936	0.0499617	0.0175901	0.0279594	0.0538439	0.189294	0.101227	0.145811	0.328681	0.115645	0.0906224	0.458115	0.115929	0.372671	0.277863	0.286994	0.378829	0.222947	0.273498	0.187699	0.245768	0.231984	
1.87	0.0395547	0.145627	0.099384	0.239358	0.0516945	0.0386724	0.350461	0.116769	0.34923	0.313014	0.396248	0.355759	0.386085	0.402731	0.0966522	0.121206	0.1171	0.0614483	0.0719877	0.0502286	0.0167832	0.027557	0.0526723	0.189496	0.106464	0.15038	0.340771	0.11661	0.0918739	0.451445	0.116114	0.369057	0.272691	0.292726	0.395879	0.217676	0.283998	0.189671	0.24584	0.209951	0.0395807	0.145575	0.0959552	0.240382	0.0518621	0.0386626	0.376163	0.116126	0.373478	0.321192	0.363947	0.34716	0.344506	0.365728	0.0966533	0.121372	0.119459	0.0613871	0.0711181	0.0498839	0.017609	0.0279019	0.0536922	0.189291	0.101407	0.145807	0.328687	0.1155	0.0905596	0.45821	0.115973	0.372666	0.27779	0.287026	0.378497	0.222912	0.273462	0.187526	0.245787	0.232088	
1.875	0.0395553	0.145627	0.0993336	0.239358	0.051695	0.0386724	0.350494	0.116775	0.349214	0.312994	0.396249	0.355761	0.386081	0.40273	0.0966461	0.1212	0.117098	0.0614386	0.0719771	0.0501959	0.0167551	0.0275189	0.0525471	0.189495	0.106464	0.150369	0.340777	0.116461	0.0918497	0.451519	0.116114	0.369056	0.272685	0.292731	0.39564	0.21762	0.283999	0.189656	0.245805	0.209948	0.0395804	0.145573	0.0959385	0.240382	0.0518666	0.0386614	0.376231	0.116091	0.373481	0.321186	0.3639	0.347109	0.344592	0.365945	0.0966485	0.121368	0.119467	0.0613636	0.0711564	0.0498094	0.017635	0.0278445	0.0535143	0.189288	0.101591	0.145808	0.328694	0.115356	0.0904548	0.458315	0.116011	0.372623	0.277633	0.287059	0.378174	0.222877	0.273429	0.187352	0.245808	0.232178	
1.88	0.0395559	0.145626	0.0992796	0.239358	0.0516954	0.0386725	0.350531	0.116783	0.349199	0.312976	0.396251	0.355762	0.386077	0.402729	0.09664	0.121194	0.117095	0.0614279	0.071966	0.0501432	0.0167284	0.0274775	0.0523841	0.189494	0.106464	0.150356	0.340784	0.116308	0.0918274	0.451592	0.116112	0.369058	0.27268	0.292734	0.395398	0.217567	0.283999	0.189632	0.245771	0.209945	0.0395802	0.145572	0.0959312	0.240381	0.0518501	0.0386603	0.376281	0.116033	0.373486	0.321288	0.363856	0.34706	0.344685	0.366245	0.0966438	0.121364	0.119474	0.0613302	0.071205	0.0497407	0.0176734	0.0277893	0.0533899	0.189285	0.101775	0.145816	0.328705	0.115214	0.0903249	0.458427	0.116042	0.372551	0.277427	0.28707	0.377861	0.222844	0.273397	0.187239	0.245831	0.232246	
1.885	0.0395565	0.145626	0.099228	0.239357	0.0516959	0.0386727	0.350576	0.116795	0.349184	0.312958	0.396252	0.355764	0.386074	0.402728	0.0966338	0.121188	0.117093	0.0614154	0.0719542	0.0500738	0.0167047	0.027432	0.0521989	0.189494	0.106464	0.150349	0.34079	0.116156	0.0918056	0.451664	0.11611	0.369065	0.272675	0.292734	0.395154	0.217514	0.283999	0.189648	0.245739	0.209941	0.0395799	0.145572	0.0959229	0.24038	0.0519086	0.0386592	0.376317	0.115953	0.373491	0.321482	0.363815	0.347009	0.344783	0.366581	0.0966391	0.12136	0.119481	0.0612913	0.0712619	0.0496789	0.0177147	0.0277379	0.0532973	0.189282	0.101958	0.145825	0.328716	0.115072	0.0902017	0.458545	0.116065	0.372477	0.277247	0.287054	0.377559	0.222811	0.273363	0.187221	0.245855	0.232286	
1.89	0.0395571	0.145626	0.0991749	0.239357	0.0516964	0.038673	0.350627	0.11681	0.349171	0.312942	0.396253	0.355765	0.386071	0.402729	0.0966277	0.121182	0.117092	0.0613989	0.0719415	0.0499927	0.0166851	0.0273825	0.0520452	0.189493	0.106464	0.150348	0.340797	0.116006	0.0917919	0.451733	0.116109	0.369076	0.27267	0.292732	0.394908	0.217463	0.283999	0.189654	0.245711	0.209938	0.0395797	0.145572	0.0959183	0.240379	0.0518444	0.0386581	0.376341	0.115856	0.373497	0.321684	0.363821	0.347004	0.344879	0.366869	0.0966345	0.121355	0.119488	0.0612538	0.0713266	0.0496245	0.0177244	0.0276915	0.0531956	0.189279	0.102142	0.145858	0.328754	0.11493	0.0901478	0.458666	0.116076	0.372431	0.277175	0.287032	0.377269	0.222792	0.273359	0.187283	0.245881	0.232289	
1.895	0.0395577	0.145626	0.0991231	0.239356	0.0516969	0.0386734	0.350686	0.116828	0.349159	0.312927	0.396254	0.355766	0.386067	0.402729	0.0966215	0.121176	0.117092	0.0613669	0.0719271	0.049905	0.0166706	0.0273297	0.0518952	0.189493	0.106464	0.15035	0.340803	0.115855	0.0917827	0.4518	0.116108	0.369091	0.272665	0.29273	0.394658	0.217413	0.283999	0.189651	0.245686	0.209934	0.0395795	0.145572	0.0959156	0.240378	0.0518546	0.0386571	0.376359	0.115751	0.373504	0.321829	0.363877	0.34705	0.34498	0.367082	0.0966301	0.121351	0.119494	0.0612253	0.0713995	0.0495775	0.0177213	0.0276508	0.0530699	0.189276	0.102326	0.145901	0.32881	0.11479	0.0901425	0.458785	0.116076	0.372415	0.277183	0.28702	0.376992	0.222784	0.273389	0.187399	0.245907	0.232251	
1.9	0.0395583	0.145626	0.0990755	0.239356	0.0516974	0.0386738	0.350753	0.116849	0.349148	0.312914	0.396255	0.355767	0.386064	0.40273	0.0966153	0.12117	0.117094	0.0613168	0.0719098	0.0498146	0.0166614	0.0272745	0.0517265	0.189493	0.106464	0.150352	0.34081	0.115704	0.0917794	0.451866	0.11611	0.369109	0.27266	0.292727	0.394406	0.217365	0.283999	0.189632	0.245665	0.209931	0.0395794	0.145574	0.0959116	0.240376	0.0518569	0.0386561	0.37637	0.115644	0.373513	0.321909	0.36397	0.347142	0.345091	0.36722	0.0966257	0.121347	0.119499	0.0612136	0.0714815	0.0495379	0.0177193	0.027616	0.0529206	0.189274	0.102513	0.145948	0.328875	0.114653	0.0901475	0.458901	0.116068	0.372414	0.277216	0.287024	0.376729	0.222782	0.273449	0.187548	0.245932	0.232168	
1.905	0.0395589	0.145626	0.0990237	0.239356	0.0516979	0.0386741	0.350828	0.11687	0.349139	0.312902	0.396255	0.355769	0.386061	0.40273	0.096609	0.121164	0.117096	0.0612922	0.0718845	0.0497235	0.0166569	0.0272187	0.0515396	0.189492	0.106464	0.150353	0.340817	0.115553	0.0917807	0.451929	0.116112	0.369129	0.272655	0.292724	0.394151	0.217319	0.283999	0.189611	0.245646	0.209928	0.0395793	0.145575	0.095915	0.240375	0.0518551	0.0386553	0.376379	0.115543	0.373523	0.321875	0.36403	0.347213	0.345195	0.36738	0.0966214	0.121342	0.119503	0.0612242	0.0715744	0.049507	0.0177184	0.0275861	0.0528023	0.189271	0.102707	0.145959	0.328905	0.11452	0.0901487	0.459011	0.116054	0.372419	0.277242	0.287022	0.37648	0.222772	0.273493	0.187746	0.245957	0.232042	
1.91	0.0395596	0.145626	0.0989731	0.239355	0.0516984	0.0386744	0.350909	0.116891	0.349131	0.312891	0.396256	0.355769	0.386058	0.402729	0.0966028	0.121158	0.1171	0.0612699	0.0718391	0.0496322	0.0166558	0.0271638	0.0513428	0.189492	0.106464	0.150385	0.340823	0.115403	0.0917854	0.451992	0.116116	0.369149	0.272651	0.292724	0.393895	0.217274	0.283998	0.18958	0.24563	0.209925	0.0395792	0.145577	0.0959091	0.240373	0.0518515	0.0386545	0.376384	0.115458	0.373533	0.321761	0.364069	0.34727	0.345287	0.367539	0.0966171	0.121338	0.119507	0.0612602	0.0716802	0.0494862	0.0177169	0.02756	0.0527316	0.189269	0.102908	0.145971	0.328931	0.114391	0.090148	0.459116	0.116035	0.372425	0.277262	0.287018	0.376245	0.222753	0.273527	0.187967	0.245979	0.231879	
1.915	0.0395602	0.145626	0.0989157	0.239355	0.0516989	0.0386747	0.350994	0.116911	0.349125	0.312882	0.396256	0.35577	0.386055	0.402728	0.0965967	0.121152	0.117104	0.0612229	0.0717732	0.0495405	0.0166567	0.0271105	0.0512022	0.189492	0.106464	0.150419	0.34083	0.11525	0.0917912	0.452052	0.116121	0.369168	0.272647	0.292727	0.393637	0.217231	0.283998	0.189548	0.245615	0.209921	0.0395791	0.14558	0.09591	0.240371	0.0518526	0.0386539	0.376386	0.115394	0.373545	0.321606	0.364069	0.347287	0.345356	0.367675	0.096613	0.121334	0.11951	0.0613208	0.0717991	0.0494775	0.0177148	0.027536	0.0526872	0.189267	0.103119	0.145973	0.328937	0.114262	0.090148	0.459216	0.116013	0.372434	0.277282	0.287018	0.376024	0.222731	0.273537	0.18819	0.246	0.231689	
1.92	0.0395608	0.145626	0.0988564	0.239354	0.0516993	0.0386748	0.351083	0.116928	0.34912	0.312875	0.396256	0.355771	0.386051	0.402727	0.0965905	0.121146	0.117109	0.061224	0.0716923	0.0494481	0.0166582	0.0270587	0.0510724	0.189492	0.106464	0.150434	0.340837	0.115094	0.0918005	0.452112	0.116126	0.369184	0.272642	0.292734	0.393378	0.21719	0.283997	0.189517	0.245599	0.209918	0.0395791	0.145582	0.0959092	0.240368	0.0518469	0.0386533	0.376388	0.115355	0.373558	0.321464	0.364073	0.347299	0.345406	0.36776	0.0966089	0.121329	0.119512	0.0614041	0.0719214	0.0494819	0.0177125	0.0275128	0.0526479	0.189265	0.103337	0.145991	0.328957	0.114135	0.0901488	0.459313	0.115991	0.372443	0.277305	0.28703	0.375817	0.222717	0.27355	0.188401	0.246017	0.231484	
1.925	0.0395614	0.145626	0.0987915	0.239354	0.0516998	0.0386749	0.351173	0.11694	0.349117	0.312869	0.396256	0.355772	0.386047	0.402725	0.0965844	0.12114	0.117115	0.0612355	0.0716049	0.0493547	0.0166595	0.0270081	0.0509176	0.189492	0.106464	0.150435	0.340843	0.114938	0.091812	0.45217	0.116132	0.369196	0.272638	0.292742	0.393119	0.217151	0.283996	0.189493	0.245582	0.209914	0.0395792	0.145585	0.0959098	0.240366	0.05185	0.0386528	0.376391	0.115341	0.373571	0.32144	0.364089	0.34732	0.34545	0.3678	0.0966049	0.121325	0.119513	0.0614571	0.0719858	0.0495003	0.0177097	0.02749	0.0526118	0.189264	0.103561	0.146014	0.328986	0.114008	0.0901496	0.459407	0.115975	0.372453	0.277326	0.287049	0.375624	0.22271	0.273569	0.188584	0.246031	0.231277	
1.93	0.039562	0.145626	0.0987269	0.239354	0.0517003	0.0386748	0.351264	0.116946	0.349115	0.312865	0.396256	0.355772	0.386044	0.402723	0.0965784	0.121135	0.11712	0.0612098	0.0715199	0.0492611	0.016661	0.0269583	0.050737	0.189492	0.106464	0.150437	0.34085	0.114784	0.0918265	0.452227	0.116138	0.369202	0.272634	0.292751	0.392861	0.217114	0.283996	0.189481	0.245563	0.20991	0.0395793	0.145588	0.0959097	0.240363	0.0518438	0.0386525	0.3764	0.115352	0.373585	0.321507	0.364126	0.34736	0.345495	0.367807	0.096601	0.12132	0.119513	0.0614703	0.0719966	0.0495326	0.0177064	0.0274681	0.0525809	0.189262	0.103789	0.146037	0.329025	0.113884	0.0901502	0.4595	0.115966	0.372464	0.277354	0.287073	0.375444	0.222707	0.273601	0.188728	0.246042	0.231089	
1.935	0.0395626	0.145626	0.098651	0.239353	0.0517007	0.0386745	0.351353	0.116947	0.349115	0.312862	0.396256	0.355773	0.38604	0.402721	0.0965724	0.121129	0.117125	0.0611351	0.0714422	0.0491706	0.0166635	0.02691	0.0505431	0.189492	0.106464	0.15045	0.340856	0.11463	0.0918408	0.452282	0.116143	0.369203	0.27263	0.292762	0.392603	0.217079	0.283995	0.189485	0.245541	0.209905	0.0395794	0.145591	0.0959101	0.240361	0.0518427	0.0386522	0.376413	0.115386	0.3736	0.321596	0.364145	0.347382	0.345531	0.367819	0.0965971	0.121316	0.119513	0.0614686	0.0719907	0.0495774	0.0177056	0.027448	0.0525494	0.189261	0.104021	0.146039	0.32904	0.113761	0.0901508	0.459593	0.115962	0.372482	0.277401	0.287092	0.375276	0.222701	0.273617	0.188835	0.246049	0.23093	
1.94	0.0395631	0.145626	0.0985772	0.239353	0.0517012	0.0386742	0.351439	0.116942	0.349117	0.312862	0.396255	0.355773	0.386036	0.402719	0.0965665	0.121124	0.11713	0.0610235	0.0713736	0.0490875	0.0166685	0.026864	0.0503854	0.189492	0.106464	0.150466	0.340862	0.114475	0.0918551	0.452336	0.116147	0.369197	0.272626	0.292773	0.392347	0.217047	0.283994	0.189509	0.245516	0.2099	0.0395795	0.145594	0.0959104	0.240358	0.0518416	0.038652	0.376433	0.115442	0.373616	0.321666	0.36416	0.347398	0.345559	0.367846	0.0965933	0.121311	0.119512	0.0614675	0.0719868	0.0496332	0.01771	0.0274311	0.0525126	0.18926	0.104255	0.146046	0.329056	0.113639	0.0901514	0.459685	0.115963	0.372508	0.277469	0.287104	0.37512	0.222691	0.273628	0.188907	0.246053	0.23081	
1.945	0.0395637	0.145626	0.0985006	0.239352	0.0517016	0.0386736	0.35152	0.116932	0.349121	0.312863	0.396255	0.355774	0.386031	0.402717	0.0965608	0.121118	0.117135	0.0609709	0.0713144	0.0490157	0.0166774	0.0268215	0.0502351	0.189492	0.106464	0.150507	0.340868	0.114323	0.0918678	0.452388	0.116148	0.369185	0.272623	0.292787	0.392094	0.217016	0.283993	0.189554	0.24549	0.209894	0.0395797	0.145596	0.0959106	0.240355	0.0518397	0.0386518	0.376461	0.115516	0.373631	0.321765	0.364176	0.347414	0.345583	0.367897	0.0965895	0.121306	0.119511	0.0614677	0.0719854	0.0496985	0.0177137	0.0274184	0.0524775	0.189259	0.104492	0.146058	0.329076	0.11352	0.0901519	0.459777	0.11597	0.372541	0.277555	0.287105	0.374974	0.222679	0.273637	0.188942	0.246054	0.230735	
1.95	0.0395642	0.145626	0.0984222	0.239352	0.051702	0.0386729	0.351596	0.116917	0.349126	0.312866	0.396255	0.355774	0.386026	0.402714	0.0965551	0.121113	0.11714	0.0609442	0.0712632	0.0489563	0.0166917	0.026784	0.0500699	0.189492	0.106464	0.150529	0.340874	0.114175	0.0918776	0.452439	0.116148	0.369171	0.272619	0.292802	0.391843	0.216988	0.283993	0.189616	0.245462	0.209887	0.0395799	0.145599	0.0959113	0.240353	0.051838	0.0386517	0.376499	0.115603	0.373647	0.321809	0.364136	0.347373	0.345598	0.367963	0.0965858	0.121302	0.119509	0.0614672	0.0719833	0.0497728	0.0177145	0.0274095	0.052449	0.189258	0.104733	0.146046	0.32906	0.113402	0.0901524	0.45987	0.115983	0.372579	0.277654	0.287104	0.374838	0.222668	0.273607	0.188936	0.246052	0.230708	
1.955	0.0395647	0.145625	0.0983369	0.239351	0.0517023	0.0386721	0.351667	0.1169	0.349133	0.31287	0.396255	0.355775	0.386021	0.402711	0.0965496	0.121108	0.117145	0.0608941	0.0712178	0.048909	0.0167129	0.0267525	0.0498905	0.189491	0.106464	0.15055	0.34088	0.11403	0.0918847	0.452488	0.116147	0.369153	0.272616	0.29282	0.391595	0.216962	0.283992	0.189685	0.245436	0.209881	0.0395801	0.145601	0.0959117	0.24035	0.0518364	0.0386517	0.376547	0.1157	0.373663	0.321837	0.364047	0.34728	0.345606	0.368047	0.0965821	0.121297	0.119508	0.0614654	0.0719797	0.0498562	0.0177139	0.0274033	0.0524259	0.189257	0.10498	0.14603	0.329034	0.113288	0.0901527	0.459962	0.116001	0.372621	0.277763	0.287098	0.374711	0.222659	0.273542	0.188893	0.246048	0.230724	
1.96	0.0395651	0.145625	0.0982425	0.239351	0.0517027	0.038671	0.351731	0.116881	0.349142	0.312876	0.396255	0.355775	0.386016	0.402707	0.0965441	0.121103	0.117149	0.0611168	0.0711765	0.0488725	0.0167411	0.026727	0.0497051	0.189491	0.106464	0.150555	0.340886	0.113885	0.0918903	0.452535	0.116144	0.369132	0.272612	0.29284	0.39135	0.216939	0.283991	0.189748	0.245412	0.209875	0.0395803	0.145603	0.095912	0.240347	0.051835	0.0386516	0.376604	0.115799	0.373679	0.321829	0.364001	0.347226	0.345612	0.368137	0.0965785	0.121293	0.119505	0.0614629	0.0719755	0.0499495	0.017713	0.0273981	0.0523997	0.189256	0.105234	0.146034	0.32905	0.113175	0.0901531	0.460054	0.116019	0.372664	0.277877	0.287085	0.374591	0.222652	0.273504	0.188819	0.246042	0.230773	
1.965	0.0395655	0.145624	0.098115	0.23935	0.051703	0.0386699	0.35179	0.116861	0.349152	0.312884	0.396255	0.355775	0.38601	0.402703	0.0965389	0.121099	0.117154	0.0614508	0.0711417	0.0488459	0.0167758	0.0267068	0.0495845	0.189491	0.106464	0.150561	0.340891	0.11374	0.0918922	0.45258	0.116142	0.369109	0.272609	0.292861	0.39111	0.216918	0.283991	0.1898	0.245393	0.209869	0.0395805	0.145605	0.0959127	0.240344	0.0518301	0.0386516	0.376669	0.115894	0.373695	0.321873	0.364005	0.347218	0.345618	0.368259	0.0965749	0.121288	0.119503	0.0614601	0.0719711	0.0500534	0.0177118	0.0273927	0.052365	0.189256	0.105497	0.146045	0.329084	0.113063	0.0901533	0.460145	0.116037	0.372705	0.277987	0.287055	0.374479	0.222646	0.273497	0.188729	0.246034	0.230845	
1.97	0.0395659	0.145624	0.0978695	0.239349	0.0517033	0.0386686	0.351847	0.116843	0.349164	0.312893	0.396255	0.355776	0.386004	0.402698	0.0965338	0.121094	0.11716	0.061563	0.0711185	0.0488286	0.0168163	0.0266911	0.0494795	0.18949	0.106463	0.150571	0.340897	0.113599	0.0918798	0.452624	0.116141	0.369087	0.272606	0.292882	0.390874	0.216899	0.283991	0.189838	0.245378	0.209864	0.0395808	0.145607	0.0959127	0.240341	0.0518328	0.0386516	0.376737	0.115978	0.373711	0.321967	0.364043	0.34726	0.345624	0.368402	0.0965715	0.121284	0.119501	0.0614571	0.0719666	0.050168	0.0177102	0.0273863	0.0523298	0.189255	0.105768	0.146059	0.329128	0.112952	0.0901535	0.460236	0.116054	0.372738	0.27808	0.287015	0.374372	0.222641	0.273523	0.188631	0.246027	0.230929	
1.975	0.0395663	0.145623	0.097787	0.239348	0.0517036	0.0386672	0.351899	0.116825	0.349177	0.312903	0.396255	0.355776	0.385998	0.402692	0.0965288	0.12109	0.117165	0.0615023	0.0711156	0.0488233	0.0168617	0.0266793	0.0493509	0.18949	0.106463	0.150577	0.340901	0.113463	0.0919039	0.452667	0.11614	0.369065	0.272603	0.292898	0.390642	0.216883	0.28399	0.18986	0.245369	0.209859	0.039581	0.145608	0.0959136	0.240338	0.05183	0.0386515	0.376807	0.116045	0.373726	0.322174	0.364083	0.347317	0.345631	0.368591	0.0965681	0.12128	0.119499	0.0614539	0.0719619	0.0502662	0.0177077	0.0273798	0.0523003	0.189255	0.106047	0.146069	0.329159	0.112841	0.0901536	0.460325	0.116068	0.372753	0.278138	0.286961	0.37427	0.222638	0.273557	0.188539	0.246018	0.231015	
1.98	0.0395666	0.145622	0.097691	0.239348	0.0517039	0.0386657	0.351946	0.116811	0.349191	0.312915	0.396255	0.355776	0.385991	0.402686	0.0965241	0.121086	0.117169	0.0614231	0.0711408	0.048834	0.0169113	0.0266713	0.0491974	0.189489	0.106463	0.150555	0.340906	0.11333	0.0919261	0.452708	0.116137	0.369045	0.2726	0.292908	0.390415	0.216869	0.28399	0.189867	0.245365	0.209856	0.0395812	0.145609	0.0959135	0.240336	0.0518272	0.0386514	0.376875	0.116092	0.373741	0.322364	0.364065	0.347314	0.345638	0.368712	0.0965647	0.121275	0.119497	0.0614505	0.0719571	0.0502992	0.017699	0.0273725	0.0522674	0.189255	0.106329	0.14606	0.329142	0.112732	0.0901536	0.460413	0.11608	0.372742	0.278136	0.286933	0.374172	0.222636	0.273549	0.188433	0.24601	0.231094	
1.985	0.0395669	0.145621	0.0975403	0.239347	0.0517041	0.0386641	0.351989	0.116798	0.349207	0.312929	0.396255	0.355776	0.385984	0.40268	0.0965195	0.121082	0.117173	0.0613985	0.0711985	0.048864	0.0169641	0.0266678	0.0490322	0.189489	0.106462	0.150524	0.34091	0.113197	0.0919389	0.452748	0.116134	0.369028	0.272597	0.292915	0.390193	0.216858	0.28399	0.189858	0.245364	0.209852	0.0395815	0.14561	0.0959141	0.240333	0.0518292	0.0386513	0.376939	0.116114	0.373756	0.322454	0.364027	0.347279	0.345646	0.368767	0.0965615	0.121271	0.119495	0.0614469	0.0719522	0.0502972	0.0176843	0.0273631	0.052224	0.189255	0.106527	0.146061	0.329127	0.112626	0.0901536	0.460499	0.116088	0.372714	0.27809	0.286928	0.374077	0.222636	0.273522	0.188321	0.246002	0.231161	
1.99	0.0395672	0.14562	0.0973872	0.239346	0.0517043	0.0386625	0.352029	0.116788	0.349224	0.312943	0.396255	0.355777	0.385976	0.402673	0.0965151	0.121078	0.117177	0.0613889	0.0712892	0.0489152	0.0170196	0.0266689	0.0489122	0.189488	0.106462	0.150506	0.340914	0.113065	0.091947	0.452787	0.116132	0.369013	0.272594	0.292918	0.389977	0.216849	0.283989	0.18984	0.245366	0.209849	0.0395817	0.14561	0.0959148	0.24033	0.0518236	0.038651	0.376997	0.116107	0.37377	0.322461	0.364025	0.34727	0.345654	0.368795	0.0965584	0.121267	0.119493	0.0614433	0.0719472	0.0502933	0.0176678	0.0273501	0.0521697	0.189254	0.106578	0.146079	0.329146	0.112522	0.0901535	0.460583	0.116092	0.372675	0.27801	0.286933	0.373984	0.222641	0.273515	0.18824	0.245995	0.231211	
1.995	0.0395675	0.145619	0.0972447	0.239345	0.0517045	0.0386608	0.352069	0.116781	0.349243	0.312959	0.396255	0.355777	0.385969	0.402665	0.096511	0.121075	0.117182	0.0613496	0.0714114	0.0489883	0.0170779	0.0266751	0.0488035	0.189488	0.106461	0.1505	0.340918	0.112938	0.0919537	0.452825	0.116132	0.369	0.272591	0.292919	0.389765	0.216842	0.283989	0.189817	0.245367	0.209846	0.0395819	0.14561	0.0959151	0.240328	0.0518259	0.0386507	0.377045	0.116071	0.373785	0.32243	0.364069	0.347305	0.345663	0.368824	0.0965554	0.121263	0.119491	0.0614396	0.0719423	0.0502935	0.0176561	0.0273329	0.0521113	0.189254	0.106566	0.1461	0.329186	0.112421	0.0901533	0.460665	0.116093	0.372617	0.277876	0.286938	0.373894	0.22265	0.273539	0.188201	0.245988	0.231242	
2	0.0395677	0.145617	0.0971082	0.239345	0.0517047	0.0386591	0.352109	0.116776	0.349262	0.312976	0.396255	0.355777	0.385961	0.402657	0.096507	0.121071	0.117186	0.0613748	0.0715627	0.0490829	0.0171394	0.0266866	0.0486797	0.189487	0.106461	0.150499	0.340921	0.112815	0.0919567	0.452861	0.116132	0.368991	0.272589	0.292917	0.389559	0.216838	0.283989	0.189794	0.245367	0.209843	0.0395821	0.14561	0.0959155	0.240325	0.0518223	0.0386503	0.377082	0.116009	0.373799	0.322394	0.364152	0.347385	0.345689	0.36885	0.0965526	0.121259	0.11949	0.0614359	0.0719374	0.0502939	0.0176574	0.0273118	0.0520592	0.189254	0.106555	0.146129	0.329235	0.112322	0.090153	0.460745	0.116093	0.372544	0.277707	0.286946	0.373805	0.222662	0.273593	0.188213	0.245981	0.231253	
2.005	0.0395679	0.145616	0.0969778	0.239344	0.0517049	0.0386574	0.35215	0.116772	0.349282	0.312993	0.396255	0.355777	0.385952	0.402648	0.0965032	0.121068	0.117191	0.0614175	0.071739	0.0491974	0.0172051	0.0267026	0.0485406	0.189486	0.106461	0.150492	0.340924	0.112699	0.0919542	0.452897	0.116132	0.368983	0.272586	0.292913	0.389359	0.216836	0.283989	0.189769	0.245364	0.20984	0.0395822	0.14561	0.0959159	0.240323	0.0518237	0.0386499	0.377109	0.11592	0.373812	0.322316	0.364224	0.347459	0.345722	0.368871	0.0965499	0.121256	0.119488	0.0614322	0.0719325	0.0502929	0.0176807	0.0272887	0.0520328	0.189254	0.106553	0.14614	0.329257	0.112226	0.0901527	0.460823	0.116089	0.37247	0.277552	0.286962	0.373718	0.222671	0.273642	0.188261	0.245974	0.231248	
2.01	0.039568	0.145615	0.0968774	0.239343	0.051705	0.0386558	0.352189	0.11677	0.349304	0.313012	0.396256	0.355778	0.385943	0.402639	0.0965024	0.121065	0.117193	0.0614207	0.0719257	0.0493293	0.017276	0.0267225	0.0483956	0.189486	0.10646	0.150483	0.340927	0.112589	0.0919488	0.45293	0.116131	0.368978	0.272584	0.292908	0.389164	0.216836	0.283989	0.189747	0.245357	0.209836	0.0395823	0.145609	0.095916	0.24032	0.0518194	0.0386493	0.377128	0.115851	0.373826	0.322205	0.364263	0.347504	0.345755	0.368884	0.0965475	0.121252	0.119487	0.0614285	0.0719276	0.0502914	0.0177149	0.0272657	0.0520345	0.189253	0.10655	0.146138	0.329257	0.112133	0.0901523	0.460898	0.116084	0.372409	0.277443	0.28698	0.373632	0.222677	0.273671	0.188303	0.245967	0.231233	
2.015	0.0395682	0.145614	0.0967885	0.239342	0.0517052	0.0386542	0.352231	0.11677	0.349326	0.313032	0.396256	0.355778	0.385935	0.40263	0.0965024	0.121062	0.117196	0.0613843	0.0720229	0.0494765	0.0173526	0.0267455	0.0483252	0.189485	0.10646	0.150475	0.340929	0.112483	0.0919459	0.452963	0.116134	0.368975	0.272582	0.292899	0.388974	0.216838	0.283989	0.189707	0.245346	0.209831	0.0395824	0.145609	0.0959168	0.240318	0.0518188	0.0386486	0.377139	0.115733	0.373846	0.322088	0.364304	0.347553	0.345821	0.368894	0.0965452	0.121249	0.119486	0.0614249	0.0719229	0.0502898	0.0177236	0.0272444	0.0520537	0.189253	0.106545	0.146155	0.329272	0.112043	0.0901519	0.460971	0.116076	0.37236	0.277376	0.287014	0.373547	0.222716	0.273705	0.188416	0.245961	0.231202	
2.02	0.0395683	0.145613	0.0967191	0.239341	0.0517053	0.0386526	0.352276	0.116773	0.349349	0.313052	0.396257	0.355778	0.385926	0.40262	0.0965022	0.12106	0.117198	0.0613142	0.0720381	0.0496378	0.0174353	0.0267707	0.0482744	0.189485	0.106459	0.150482	0.340931	0.11238	0.0919317	0.452994	0.116138	0.368973	0.27258	0.29289	0.38879	0.216842	0.283989	0.189668	0.24533	0.209825	0.0395825	0.145608	0.0959163	0.240315	0.0518177	0.0386478	0.377141	0.115587	0.373871	0.322025	0.364354	0.34761	0.345915	0.368884	0.0965432	0.121246	0.119485	0.0614214	0.0719183	0.0502882	0.0177216	0.0272259	0.0520795	0.189253	0.106539	0.146176	0.329296	0.111956	0.0901515	0.461042	0.116064	0.372323	0.277341	0.287044	0.373463	0.222785	0.273745	0.188497	0.245953	0.231151	
2.025	0.0395684	0.145612	0.0966738	0.239341	0.0517055	0.0386512	0.352322	0.116777	0.349372	0.313073	0.396258	0.355779	0.385917	0.40261	0.0965024	0.121057	0.1172	0.0612248	0.0720289	0.0498122	0.017524	0.0267979	0.0481974	0.189484	0.106459	0.150494	0.340932	0.112281	0.0919106	0.453023	0.11614	0.368974	0.272578	0.292878	0.388611	0.216848	0.283989	0.189621	0.245309	0.209819	0.0395826	0.145607	0.0959176	0.240313	0.0518163	0.0386469	0.37714	0.115453	0.373899	0.322008	0.36441	0.347673	0.346019	0.368869	0.0965414	0.121243	0.119485	0.061418	0.0719138	0.0502866	0.0177206	0.0272107	0.0521066	0.189253	0.106533	0.146195	0.32932	0.111871	0.090151	0.46111	0.11605	0.372298	0.277332	0.287076	0.37338	0.222866	0.273789	0.188587	0.245945	0.231084	
2.03	0.0395686	0.145611	0.0966457	0.23934	0.0517056	0.0386498	0.352368	0.11678	0.349396	0.313095	0.396258	0.355779	0.385907	0.402599	0.0965023	0.121055	0.117201	0.0612781	0.0720236	0.0499995	0.0176186	0.026827	0.0480918	0.189484	0.106458	0.1505	0.340934	0.112186	0.0918891	0.453051	0.116143	0.368976	0.272576	0.292864	0.388437	0.216856	0.283989	0.189569	0.245284	0.209812	0.0395826	0.145606	0.0959178	0.240311	0.0518127	0.038646	0.377136	0.115344	0.373928	0.32205	0.364462	0.34773	0.346136	0.36884	0.0965398	0.12124	0.119484	0.0614147	0.0719094	0.0502849	0.0177203	0.0271991	0.0521333	0.189253	0.106528	0.146204	0.329336	0.111789	0.0901505	0.461175	0.116037	0.372286	0.277343	0.287103	0.3733	0.222949	0.273828	0.188661	0.245937	0.231009	
2.035	0.0395687	0.14561	0.0966275	0.239339	0.0517058	0.0386485	0.352412	0.116782	0.349421	0.313117	0.396259	0.355779	0.385898	0.402589	0.0965024	0.121052	0.117201	0.0614578	0.0720218	0.0501991	0.017714	0.0268583	0.0479724	0.189483	0.106458	0.150499	0.340935	0.112095	0.0918719	0.453078	0.116144	0.368977	0.272574	0.292851	0.388268	0.216865	0.28399	0.189527	0.245259	0.209805	0.0395826	0.145605	0.0959176	0.240309	0.0518145	0.038645	0.377133	0.11529	0.373957	0.322123	0.364503	0.347775	0.346261	0.368806	0.0965385	0.121237	0.119484	0.0614116	0.0719051	0.0502832	0.0177196	0.0271913	0.0521592	0.189252	0.106523	0.146209	0.329344	0.111711	0.09015	0.461239	0.116028	0.372279	0.27736	0.287122	0.373221	0.223031	0.273859	0.188703	0.245927	0.230942	
2.04	0.0395688	0.14561	0.0966159	0.239339	0.0517059	0.0386474	0.352459	0.116783	0.349446	0.31314	0.396261	0.35578	0.385889	0.402578	0.0965024	0.12105	0.117199	0.0615313	0.0720189	0.0503119	0.0177344	0.0268923	0.0479222	0.189483	0.106458	0.150494	0.340936	0.112008	0.0918635	0.453102	0.116156	0.368977	0.272573	0.29283	0.388103	0.216876	0.28399	0.189441	0.245235	0.209798	0.0395826	0.145604	0.0959186	0.240307	0.0518125	0.0386325	0.377126	0.11518	0.373998	0.322193	0.364575	0.347852	0.346389	0.368809	0.0965374	0.121235	0.119484	0.0614087	0.071901	0.0502816	0.0177185	0.0271874	0.0521905	0.189252	0.106517	0.146241	0.329381	0.111636	0.0901494	0.461299	0.116017	0.372279	0.277393	0.287147	0.373144	0.223152	0.273914	0.188798	0.245917	0.230855	
2.045	0.0395688	0.145609	0.0966085	0.239338	0.0517061	0.0386463	0.352503	0.116786	0.349472	0.313163	0.396264	0.355781	0.38588	0.402567	0.0965024	0.121048	0.117196	0.0614937	0.0720138	0.0503294	0.0177293	0.0269297	0.04789	0.189483	0.106458	0.150517	0.340937	0.111924	0.0918678	0.453126	0.116174	0.368976	0.272571	0.292821	0.387943	0.216892	0.283991	0.189374	0.245213	0.209791	0.0395826	0.145603	0.0959185	0.240305	0.0518111	0.0386094	0.377118	0.115114	0.374053	0.322277	0.36467	0.347953	0.346516	0.368807	0.0965365	0.121232	0.119484	0.0614059	0.0718969	0.05028	0.0177174	0.0271872	0.0522289	0.189252	0.106512	0.146277	0.329426	0.111563	0.0901489	0.461357	0.116007	0.372275	0.277409	0.287153	0.373069	0.223321	0.273983	0.18886	0.245905	0.230768	
2.05	0.0395689	0.145609	0.0966039	0.239338	0.0517062	0.0386454	0.352542	0.116784	0.349498	0.313186	0.396271	0.355782	0.385872	0.402557	0.0965024	0.121046	0.117194	0.0614385	0.0720081	0.0503206	0.0177281	0.026971	0.0478324	0.189483	0.106458	0.150544	0.340938	0.111842	0.0918542	0.453147	0.116187	0.368974	0.27257	0.292788	0.387787	0.216911	0.283992	0.189309	0.245194	0.209784	0.0395826	0.145602	0.0959193	0.240303	0.0518101	0.0385874	0.377108	0.115082	0.37412	0.322367	0.364775	0.348063	0.34664	0.368825	0.0965359	0.12123	0.119484	0.0614034	0.071893	0.0502785	0.0177163	0.0271907	0.0522719	0.189252	0.106508	0.146307	0.329467	0.111495	0.0901484	0.461413	0.116001	0.37226	0.277398	0.287159	0.372997	0.223516	0.27406	0.18892	0.245892	0.230692	
2.055	0.039569	0.145609	0.096601	0.239338	0.0517064	0.0386445	0.352577	0.116783	0.349602	0.313221	0.396295	0.355784	0.385863	0.402546	0.0965024	0.121044	0.117191	0.0613978	0.0720022	0.0503179	0.0177288	0.0270164	0.0477471	0.189483	0.106457	0.150603	0.340943	0.111765	0.0918578	0.453167	0.116197	0.368971	0.272569	0.292784	0.387635	0.216933	0.283996	0.189249	0.245178	0.209777	0.0395825	0.145601	0.0959195	0.240301	0.051809	0.0385812	0.377099	0.115066	0.374189	0.322493	0.364868	0.348161	0.346787	0.368827	0.0965354	0.121228	0.119484	0.0614012	0.0718891	0.050277	0.0177152	0.0271978	0.0523152	0.189252	0.106503	0.146321	0.329491	0.111429	0.0901479	0.461466	0.115996	0.372246	0.277386	0.28715	0.372928	0.223717	0.274127	0.18894	0.245878	0.230619	
2.06	0.0395691	0.145609	0.0965993	0.239337	0.0517065	0.0386437	0.352607	0.116782	0.349845	0.313263	0.396344	0.35579	0.385855	0.402535	0.0965024	0.121042	0.117188	0.0613527	0.0719965	0.0503187	0.0177285	0.027066	0.0476483	0.189483	0.106457	0.15066	0.340952	0.111691	0.0918569	0.453186	0.116208	0.368968	0.272567	0.292765	0.387487	0.216955	0.284005	0.189184	0.245165	0.209771	0.0395825	0.1456	0.0959199	0.240299	0.0518064	0.0385769	0.377092	0.115055	0.374251	0.322632	0.364963	0.34826	0.346948	0.368854	0.0965351	0.121226	0.119484	0.0613992	0.0718852	0.0502756	0.0177141	0.0272081	0.0523552	0.189252	0.106499	0.146341	0.329518	0.111368	0.0901474	0.461517	0.115994	0.372235	0.277382	0.287147	0.372861	0.223932	0.274195	0.18897	0.245862	0.230541	
2.065	0.0395692	0.145609	0.0965983	0.239337	0.0517067	0.0386431	0.352633	0.116778	0.350165	0.313309	0.396418	0.355799	0.385847	0.402524	0.0965024	0.12104	0.117185	0.0612962	0.0719907	0.0503177	0.0177277	0.0271193	0.0475475	0.189483	0.106457	0.150727	0.340966	0.11162	0.0918575	0.453203	0.11622	0.368964	0.272566	0.292756	0.387343	0.21706	0.28402	0.189125	0.245155	0.209765	0.0395824	0.145599	0.0959202	0.240297	0.0518064	0.0385691	0.377086	0.115047	0.374405	0.322793	0.365052	0.348352	0.347112	0.368874	0.0965349	0.121225	0.119484	0.0613976	0.0718808	0.0502742	0.0177131	0.0272214	0.0523906	0.189252	0.106495	0.146359	0.329541	0.11131	0.0901469	0.461566	0.115995	0.372225	0.27738	0.287134	0.372798	0.224156	0.274257	0.188986	0.245845	0.230461	
2.07	0.0395694	0.145609	0.0965977	0.239337	0.0517069	0.0386424	0.352653	0.116773	0.350503	0.313354	0.396511	0.355813	0.385839	0.402516	0.0965024	0.121038	0.117181	0.0613721	0.0719849	0.0503152	0.017727	0.027176	0.0474498	0.189483	0.106458	0.150786	0.340987	0.11155	0.0918506	0.453219	0.116231	0.368957	0.272565	0.292737	0.387203	0.217263	0.284043	0.189069	0.245145	0.209759	0.0395823	0.145598	0.0959206	0.240296	0.0518059	0.0385625	0.37708	0.115046	0.374616	0.322952	0.365136	0.348439	0.347271	0.368905	0.0965348	0.121223	0.119485	0.0613963	0.0718752	0.0502729	0.0177121	0.0272372	0.0524212	0.189253	0.106491	0.146376	0.329564	0.111255	0.0901464	0.461613	0.115998	0.372213	0.277375	0.287128	0.372737	0.224381	0.274317	0.188999	0.245826	0.230377	
2.075	0.0395695	0.145609	0.0965974	0.239337	0.051707	0.0386419	0.352668	0.116767	0.350832	0.313401	0.396609	0.355829	0.385833	0.402511	0.0965024	0.121037	0.117177	0.0614618	0.0719793	0.0503124	0.0177262	0.0272356	0.0473564	0.189483	0.106458	0.150844	0.341013	0.111484	0.0918394	0.453233	0.116241	0.368949	0.272564	0.292724	0.387068	0.217527	0.284073	0.189023	0.245134	0.209753	0.0395823	0.145598	0.0959209	0.240294	0.0518043	0.0385576	0.377075	0.115049	0.374846	0.323108	0.36521	0.348513	0.347435	0.368917	0.0965348	0.121222	0.119485	0.0613954	0.0718657	0.0502716	0.0177112	0.0272554	0.0524478	0.189253	0.106487	0.146387	0.329578	0.111203	0.090146	0.461657	0.116001	0.3722	0.277365	0.287116	0.372678	0.224601	0.274367	0.188994	0.245806	0.230302	
2.08	0.0395696	0.145609	0.0965973	0.239337	0.0517072	0.0386414	0.352679	0.116759	0.351151	0.313449	0.396705	0.355848	0.385827	0.402507	0.0965024	0.121035	0.117174	0.0614699	0.0719738	0.0503097	0.0177254	0.0272976	0.0472671	0.189484	0.106458	0.150891	0.341043	0.11142	0.091824	0.453247	0.116249	0.368941	0.272563	0.292705	0.386936	0.217811	0.284107	0.188986	0.245121	0.209747	0.0395822	0.145597	0.0959211	0.240293	0.0518063	0.0385528	0.37707	0.115056	0.375048	0.323251	0.365278	0.348582	0.347656	0.368937	0.0965348	0.12122	0.119485	0.0613948	0.0718541	0.0502703	0.0177103	0.0272757	0.0524714	0.189253	0.106484	0.146398	0.329595	0.111154	0.0901456	0.461699	0.116003	0.372184	0.277349	0.287109	0.372622	0.224818	0.274414	0.188979	0.245785	0.230244	
2.085	0.0395697	0.14561	0.0965973	0.239336	0.0517074	0.0386409	0.352686	0.116752	0.35146	0.313497	0.39679	0.355868	0.385823	0.402503	0.0965024	0.121034	0.117171	0.0614361	0.0719685	0.0503069	0.0177246	0.0273616	0.0471815	0.189484	0.106458	0.150933	0.341075	0.111359	0.0918071	0.45326	0.116252	0.368933	0.272562	0.292692	0.386808	0.218094	0.284145	0.188961	0.245104	0.20974	0.0395821	0.145597	0.0959211	0.240291	0.0517999	0.0385497	0.377066	0.115067	0.375218	0.323382	0.365336	0.34864	0.347916	0.36894	0.0965348	0.121219	0.119486	0.0613945	0.0718444	0.050269	0.0177094	0.0272982	0.0524928	0.189254	0.106481	0.146406	0.329605	0.111108	0.0901453	0.461739	0.116003	0.372167	0.27733	0.287092	0.372568	0.22503	0.274453	0.188949	0.245762	0.2302	
2.09	0.0395699	0.14561	0.0965974	0.239336	0.0517075	0.0386405	0.352691	0.116744	0.351758	0.313543	0.396862	0.355889	0.385818	0.402501	0.0965024	0.121032	0.11717	0.0614024	0.0719633	0.0503039	0.0177238	0.0274274	0.0471303	0.189484	0.106459	0.150961	0.341107	0.1113	0.0917843	0.453271	0.116252	0.368925	0.272562	0.292676	0.386684	0.218367	0.284183	0.188948	0.245082	0.209733	0.0395821	0.145597	0.0959217	0.24029	0.051803	0.038545	0.377063	0.115079	0.375348	0.323491	0.365388	0.348691	0.348186	0.368952	0.0965348	0.121218	0.119486	0.0613944	0.0718424	0.0502677	0.0177085	0.0273235	0.0525118	0.189254	0.106478	0.146413	0.329616	0.111064	0.0901449	0.461776	0.116	0.372149	0.277308	0.287077	0.372516	0.225236	0.274488	0.188911	0.245738	0.230165	
2.095	0.03957	0.145611	0.0965975	0.239336	0.0517077	0.03864	0.352693	0.116737	0.352047	0.313587	0.39692	0.35591	0.385813	0.402498	0.0965024	0.12103	0.11717	0.0613671	0.0719584	0.0503009	0.0177231	0.0274955	0.0470867	0.189484	0.106459	0.150988	0.341139	0.111243	0.0917552	0.453283	0.116249	0.368918	0.272561	0.292665	0.386565	0.218629	0.28422	0.18895	0.245054	0.209725	0.039582	0.145597	0.0959218	0.240289	0.0517989	0.0385425	0.37706	0.115091	0.37546	0.323587	0.365429	0.34873	0.348436	0.368953	0.0965347	0.121216	0.119486	0.0613944	0.0718553	0.0502663	0.0177075	0.0273528	0.0525281	0.189255	0.106476	0.146415	0.329622	0.111023	0.0901446	0.461811	0.115994	0.37213	0.277286	0.287053	0.372465	0.225435	0.274514	0.188861	0.245713	0.230142	
2.1	0.0395701	0.145611	0.0965976	0.239336	0.0517078	0.0386396	0.352694	0.116731	0.352326	0.31363	0.396965	0.35593	0.385809	0.402496	0.0965024	0.121029	0.11717	0.0613274	0.0719537	0.0502978	0.0177223	0.0275665	0.0470326	0.189484	0.106459	0.151009	0.341171	0.111187	0.0917228	0.453293	0.116246	0.368912	0.27256	0.292653	0.38645	0.218881	0.284255	0.188965	0.24502	0.209715	0.039582	0.145596	0.095922	0.240288	0.0518008	0.0385387	0.377059	0.115102	0.375554	0.323668	0.365463	0.348765	0.348678	0.368952	0.0965346	0.121215	0.119486	0.0613945	0.0718924	0.050265	0.0177061	0.0273864	0.0525409	0.189255	0.106473	0.14641	0.32963	0.110983	0.0901443	0.461843	0.115984	0.372112	0.277266	0.287025	0.372414	0.225628	0.274537	0.18881	0.245687	0.230128	
2.105	0.0395703	0.145612	0.0965978	0.239336	0.051708	0.0386392	0.352695	0.116727	0.352597	0.31367	0.396998	0.35595	0.385806	0.402494	0.0965024	0.121028	0.117171	0.061406	0.0719492	0.0502948	0.0177215	0.0276409	0.0469684	0.189484	0.10646	0.151034	0.341201	0.111134	0.0916892	0.453304	0.116243	0.368907	0.272559	0.292643	0.386338	0.219125	0.284288	0.188986	0.24498	0.209705	0.0395819	0.145596	0.0959222	0.240287	0.0517982	0.038535	0.37706	0.115111	0.37565	0.323747	0.365487	0.348795	0.348872	0.368942	0.0965344	0.121214	0.119486	0.0613944	0.0719305	0.0502636	0.0177081	0.0274244	0.0525504	0.189256	0.106471	0.146403	0.329638	0.110945	0.0901441	0.461873	0.115972	0.372092	0.277247	0.286988	0.372363	0.225815	0.274556	0.188749	0.245661	0.230125	
2.11	0.0395704	0.145612	0.0965979	0.239336	0.0517081	0.0386388	0.352696	0.116724	0.352863	0.31371	0.397022	0.355969	0.385803	0.402492	0.0965024	0.121026	0.117171	0.0614719	0.0719449	0.0502918	0.0177207	0.0277187	0.0469312	0.189484	0.10646	0.151061	0.341229	0.111082	0.0916518	0.453314	0.11624	0.368903	0.272558	0.292636	0.386231	0.219361	0.284318	0.189008	0.244936	0.209694	0.0395819	0.145596	0.0959223	0.240286	0.0517969	0.0385325	0.377059	0.115123	0.375742	0.323824	0.365511	0.348825	0.349036	0.368941	0.0965341	0.121213	0.119486	0.061394	0.0719496	0.0502622	0.017711	0.0274663	0.0525569	0.189256	0.106469	0.146399	0.329649	0.110908	0.0901438	0.4619	0.115957	0.372074	0.277232	0.286953	0.372312	0.225999	0.274576	0.188685	0.245634	0.230127	
2.115	0.0395706	0.145612	0.0965981	0.239336	0.0517082	0.0386385	0.3527	0.116725	0.353123	0.313748	0.397038	0.355987	0.3858	0.402489	0.0965024	0.121025	0.117172	0.0614669	0.0719407	0.0502888	0.01772	0.0277997	0.0468989	0.189484	0.106461	0.151077	0.341255	0.111032	0.0916227	0.453324	0.116238	0.368901	0.272557	0.292632	0.386127	0.219591	0.284345	0.189031	0.244888	0.209683	0.0395818	0.145596	0.0959224	0.240285	0.0517969	0.0385289	0.377057	0.115132	0.375823	0.323895	0.365531	0.34885	0.349157	0.368941	0.0965337	0.121212	0.119486	0.0613933	0.0719541	0.0502607	0.0177123	0.0275115	0.0525607	0.189257	0.106467	0.146397	0.329657	0.110873	0.0901436	0.461926	0.115941	0.37206	0.277221	0.286917	0.372261	0.226178	0.274593	0.188611	0.245606	0.230136	
2.12	0.0395707	0.145613	0.0965983	0.239336	0.0517084	0.0386382	0.352705	0.116728	0.353379	0.313786	0.397048	0.356004	0.385797	0.402487	0.0965024	0.121023	0.117174	0.0614351	0.0719367	0.0502859	0.0177192	0.0278835	0.0468551	0.189484	0.106461	0.151083	0.34128	0.110984	0.091607	0.453333	0.116235	0.368901	0.272556	0.29263	0.386027	0.219816	0.28437	0.18905	0.24484	0.209671	0.0395818	0.145596	0.0959226	0.240284	0.0517942	0.0385243	0.377055	0.11514	0.375889	0.323954	0.365548	0.348871	0.349253	0.368947	0.0965333	0.121211	0.119486	0.0613922	0.0719545	0.0502592	0.0177124	0.0275591	0.0525621	0.189257	0.106466	0.146396	0.329664	0.110838	0.0901434	0.461949	0.115928	0.372049	0.277219	0.286884	0.372208	0.226355	0.274606	0.188539	0.245579	0.23014	
2.125	0.0395709	0.145613	0.0965984	0.239336	0.0517085	0.0386379	0.352712	0.116734	0.353556	0.313819	0.397045	0.356019	0.385794	0.402482	0.0965024	0.121022	0.117175	0.0614091	0.0719328	0.050283	0.0177185	0.0279683	0.0468005	0.189484	0.106461	0.150986	0.341301	0.110933	0.0915926	0.453343	0.116232	0.368903	0.272555	0.292626	0.385929	0.219994	0.284392	0.189061	0.244793	0.209659	0.0395817	0.145596	0.0959227	0.240284	0.0517959	0.0385231	0.377051	0.11514	0.375738	0.323772	0.365416	0.348726	0.349337	0.368914	0.0965328	0.12121	0.119486	0.0613904	0.0719548	0.0502577	0.0177121	0.0276074	0.0525559	0.189258	0.106464	0.146324	0.329561	0.110803	0.0901432	0.461972	0.115917	0.372037	0.277212	0.286868	0.372154	0.226484	0.274497	0.188449	0.245552	0.230152	
2.13	0.039571	0.145614	0.0965986	0.239336	0.0517087	0.0386377	0.352721	0.116744	0.353668	0.313847	0.397027	0.356032	0.385791	0.402475	0.0965026	0.121021	0.117174	0.0613909	0.071929	0.0502802	0.0177177	0.0280521	0.0467739	0.189484	0.106461	0.150836	0.341318	0.110881	0.0915897	0.453353	0.11623	0.368909	0.272554	0.292625	0.385833	0.220118	0.28441	0.189064	0.244751	0.209648	0.0395816	0.145596	0.0959228	0.240283	0.0517935	0.0385209	0.377044	0.115134	0.375373	0.323251	0.365135	0.348423	0.349425	0.368861	0.0965323	0.121209	0.119485	0.0613876	0.071955	0.0502561	0.0177117	0.0276542	0.0525396	0.189258	0.106462	0.146243	0.329428	0.110766	0.090143	0.461993	0.115908	0.372021	0.277198	0.286861	0.372098	0.226568	0.274278	0.188339	0.245525	0.230181	
2.135	0.0395712	0.145614	0.0965988	0.239336	0.0517086	0.0386376	0.35273	0.116757	0.353754	0.313873	0.396994	0.356042	0.385786	0.402467	0.0965031	0.121019	0.117173	0.0613689	0.0719252	0.0502774	0.017717	0.028133	0.0467515	0.189484	0.106462	0.150717	0.341329	0.110828	0.091596	0.453362	0.116231	0.368917	0.272553	0.292624	0.385739	0.220204	0.284423	0.189058	0.244716	0.209637	0.0395815	0.145595	0.0959229	0.240282	0.0517929	0.0385186	0.377035	0.115127	0.375043	0.322727	0.364833	0.348097	0.34952	0.36882	0.0965316	0.121208	0.119485	0.0613828	0.0719543	0.0502544	0.017711	0.0276978	0.0525144	0.189258	0.106461	0.146206	0.329352	0.110729	0.0901429	0.462013	0.115905	0.372	0.277173	0.286847	0.372041	0.226631	0.274047	0.188226	0.245499	0.230221	
2.14	0.0395713	0.145614	0.096599	0.239336	0.051709	0.0386375	0.35274	0.116771	0.353835	0.313898	0.396952	0.356049	0.385782	0.402458	0.0965036	0.121018	0.11717	0.0613416	0.0719215	0.0502746	0.0177162	0.0282099	0.0467156	0.189484	0.106462	0.150667	0.341335	0.110776	0.0916095	0.453372	0.116235	0.368926	0.272552	0.292622	0.385646	0.220274	0.284433	0.189044	0.244691	0.209627	0.0395814	0.145595	0.095923	0.240282	0.0517921	0.0385163	0.377022	0.115117	0.374858	0.322387	0.364613	0.347859	0.349619	0.368802	0.096531	0.121207	0.119485	0.0613716	0.0719526	0.0502527	0.0177101	0.027737	0.0524839	0.189258	0.10646	0.146202	0.329341	0.110691	0.0901427	0.462033	0.115909	0.371976	0.277141	0.286824	0.371981	0.226689	0.27388	0.188112	0.245473	0.230268	
2.145	0.0395715	0.145615	0.0965992	0.239336	0.0517091	0.0386374	0.35275	0.116785	0.353917	0.313923	0.396907	0.356054	0.385777	0.402449	0.0965041	0.121017	0.117166	0.0613749	0.0719178	0.0502719	0.0177155	0.028282	0.0466669	0.189484	0.106462	0.150661	0.341338	0.110724	0.0916258	0.453381	0.11624	0.368936	0.272551	0.29262	0.385555	0.220338	0.284438	0.189021	0.244677	0.209619	0.0395813	0.145594	0.0959228	0.240281	0.0517913	0.0385142	0.377006	0.115106	0.374826	0.32226	0.364482	0.347714	0.349725	0.368809	0.0965302	0.121206	0.119484	0.0613554	0.0719505	0.050251	0.0177088	0.027771	0.0524505	0.189258	0.106458	0.146206	0.329355	0.110654	0.0901425	0.462052	0.11592	0.37195	0.277105	0.28679	0.37192	0.226748	0.273778	0.188003	0.245448	0.230318	
2.15	0.0395716	0.145615	0.0965994	0.239336	0.0517093	0.0386374	0.352758	0.116799	0.353998	0.313949	0.396863	0.356058	0.385772	0.40244	0.0965046	0.121015	0.117162	0.0614226	0.071914	0.0502693	0.0177147	0.0283493	0.0466411	0.189484	0.106462	0.150679	0.341337	0.110673	0.0916412	0.453391	0.116246	0.368946	0.27255	0.29262	0.385463	0.220401	0.284442	0.188989	0.244675	0.209612	0.0395812	0.145593	0.0959233	0.240281	0.0517904	0.0385115	0.376989	0.115097	0.374878	0.322255	0.364405	0.347625	0.349845	0.368845	0.0965294	0.121205	0.119484	0.0613387	0.0719479	0.0502491	0.0177067	0.0277995	0.0524152	0.189258	0.106457	0.146207	0.329363	0.110617	0.0901423	0.462072	0.115937	0.371925	0.277071	0.286744	0.371856	0.226807	0.273715	0.187903	0.245425	0.230371	
2.155	0.0395718	0.145615	0.0965996	0.239336	0.0517094	0.0386374	0.352766	0.11681	0.354079	0.313974	0.396821	0.35606	0.385766	0.402431	0.0965049	0.121014	0.117157	0.0614338	0.07191	0.0502666	0.0177139	0.0284118	0.0466176	0.189484	0.106462	0.150699	0.341333	0.110622	0.0916519	0.4534	0.116254	0.368955	0.272549	0.292623	0.385372	0.220462	0.284443	0.188949	0.244686	0.209607	0.039581	0.145592	0.0959242	0.24028	0.0517896	0.0385084	0.37697	0.115091	0.374976	0.32232	0.364355	0.347563	0.34998	0.368907	0.0965286	0.121204	0.119484	0.0613286	0.0719451	0.0502472	0.017706	0.0278226	0.052378	0.189257	0.106456	0.146206	0.329363	0.110579	0.0901422	0.462094	0.115959	0.371904	0.27705	0.28669	0.37179	0.226864	0.27367	0.187814	0.245402	0.23043	
2.16	0.0395719	0.145615	0.0965998	0.239336	0.0517096	0.0386374	0.352773	0.116819	0.354158	0.314	0.396782	0.356061	0.385761	0.402422	0.0965051	0.121013	0.117153	0.0614191	0.0719058	0.050264	0.017713	0.0284697	0.0465811	0.189484	0.106462	0.150715	0.341327	0.110571	0.0916581	0.45341	0.116261	0.368962	0.272548	0.292627	0.38528	0.220522	0.284443	0.188901	0.244708	0.209603	0.0395808	0.145591	0.0959233	0.240279	0.0517888	0.0385057	0.376952	0.115089	0.375076	0.322402	0.364314	0.347509	0.350123	0.368986	0.0965277	0.121203	0.119484	0.0613341	0.0719419	0.0502451	0.0177085	0.0278403	0.0523385	0.189257	0.106454	0.146206	0.329359	0.110541	0.090142	0.462119	0.115984	0.371891	0.277049	0.286634	0.371722	0.226918	0.27363	0.187734	0.245381	0.230496	
2.165	0.039572	0.145615	0.0966	0.239336	0.0517098	0.0386375	0.352778	0.116824	0.35423	0.314025	0.396747	0.356061	0.385755	0.402413	0.0965052	0.121012	0.117151	0.0613997	0.0719012	0.0502614	0.017712	0.0285232	0.0465323	0.189483	0.106461	0.150717	0.341319	0.11052	0.091656	0.45342	0.116268	0.368966	0.272547	0.292634	0.385187	0.220578	0.284441	0.188849	0.244739	0.209602	0.0395806	0.14559	0.0959239	0.240278	0.0517881	0.0385027	0.376936	0.115093	0.375168	0.322484	0.364267	0.34745	0.350255	0.36907	0.0965268	0.121202	0.119484	0.0613656	0.0719385	0.050243	0.017711	0.0278529	0.052296	0.189256	0.106453	0.146202	0.329349	0.110503	0.0901418	0.46215	0.116014	0.371887	0.27707	0.286581	0.371651	0.226968	0.273587	0.18766	0.245362	0.23057	
2.17	0.0395722	0.145615	0.0966003	0.239336	0.0517099	0.0386376	0.352781	0.116825	0.354296	0.314051	0.396714	0.35606	0.385749	0.402403	0.0965052	0.12101	0.117149	0.0613788	0.0718959	0.0502589	0.017711	0.0285725	0.0465249	0.189483	0.106461	0.150708	0.34131	0.11047	0.0916479	0.453431	0.116275	0.368968	0.272546	0.292642	0.385094	0.220629	0.284439	0.188794	0.244777	0.209601	0.0395804	0.145588	0.0959237	0.240277	0.0517873	0.0385	0.376923	0.115102	0.375268	0.322553	0.364215	0.347385	0.350378	0.369157	0.0965258	0.121202	0.119484	0.0614156	0.0719348	0.0502406	0.0177114	0.0278605	0.0522501	0.189255	0.106452	0.146199	0.329338	0.110463	0.0901417	0.462189	0.116046	0.371892	0.277108	0.286533	0.371579	0.227012	0.273542	0.187595	0.245345	0.230647	
2.175	0.0395723	0.145615	0.0966005	0.239336	0.0517101	0.0386377	0.352783	0.116823	0.354357	0.314076	0.396684	0.356059	0.385742	0.402393	0.0965051	0.121009	0.117149	0.0613527	0.0718894	0.0502563	0.0177098	0.0286206	0.046523	0.189483	0.106461	0.150693	0.3413	0.110422	0.0916332	0.453442	0.116282	0.368968	0.272545	0.292653	0.385	0.220676	0.284436	0.188742	0.24482	0.209602	0.0395801	0.145586	0.0959245	0.240276	0.0517866	0.0384957	0.376914	0.115117	0.375391	0.322634	0.364163	0.347321	0.350503	0.369249	0.0965248	0.121201	0.119485	0.0614454	0.071931	0.050238	0.0177105	0.0278635	0.052201	0.189254	0.106451	0.146196	0.329329	0.110424	0.0901416	0.462237	0.116081	0.371903	0.277155	0.286485	0.371506	0.227051	0.273497	0.187544	0.24533	0.230726	
2.18	0.0395724	0.145615	0.0966007	0.239336	0.0517102	0.0386378	0.352784	0.116818	0.354415	0.314101	0.396657	0.356057	0.385735	0.402383	0.0965049	0.121008	0.117151	0.0613221	0.0718803	0.0502537	0.0177082	0.0286429	0.0464994	0.189483	0.106461	0.150677	0.341289	0.110374	0.0916163	0.453455	0.116289	0.368965	0.272544	0.292664	0.384904	0.22072	0.284432	0.188694	0.244865	0.209604	0.0395798	0.145584	0.0959246	0.240275	0.0517841	0.0384936	0.376909	0.115139	0.375525	0.322721	0.364118	0.347262	0.350634	0.369347	0.0965238	0.1212	0.119485	0.0614517	0.0719269	0.0502351	0.017709	0.0278619	0.0521493	0.189253	0.106449	0.146195	0.329323	0.110384	0.0901414	0.462294	0.116115	0.371916	0.277205	0.286437	0.371431	0.227087	0.273458	0.187505	0.245318	0.230805	
2.185	0.0395725	0.145615	0.0966009	0.239337	0.0517104	0.0386378	0.352783	0.116811	0.354471	0.314127	0.396632	0.356055	0.385728	0.402373	0.0965046	0.121006	0.117152	0.0613395	0.0718636	0.0502511	0.0177056	0.0286434	0.0464542	0.189483	0.10646	0.150666	0.341278	0.110325	0.0916004	0.453469	0.116297	0.36896	0.272544	0.292678	0.384806	0.220762	0.284428	0.188652	0.244909	0.209606	0.0395795	0.145582	0.0959246	0.240274	0.0517857	0.0384934	0.376908	0.11517	0.375669	0.322826	0.364081	0.347212	0.350775	0.369454	0.0965227	0.121199	0.119486	0.0614504	0.0719225	0.0502317	0.0177063	0.0278561	0.0520953	0.189252	0.106448	0.146194	0.32932	0.110345	0.0901413	0.462361	0.116148	0.371932	0.277255	0.286386	0.371355	0.22712	0.273424	0.187482	0.245307	0.230881	
2.19	0.0395726	0.145614	0.0966012	0.239337	0.0517106	0.0386379	0.35278	0.116802	0.354526	0.314152	0.396609	0.356053	0.385721	0.402362	0.0965042	0.121005	0.117154	0.0613795	0.0718407	0.0502484	0.0176967	0.0286393	0.0463972	0.189482	0.10646	0.150658	0.341266	0.110277	0.0915826	0.453484	0.116303	0.368953	0.272543	0.292687	0.384707	0.220802	0.284423	0.188612	0.24495	0.209608	0.0395792	0.14558	0.0959254	0.240273	0.0517843	0.0384904	0.376909	0.115201	0.375821	0.322959	0.364052	0.347171	0.350899	0.369551	0.0965217	0.121198	0.119487	0.0614494	0.0719179	0.0502275	0.017696	0.027846	0.0520392	0.189251	0.106447	0.146193	0.329317	0.110305	0.0901413	0.462434	0.116177	0.371945	0.277297	0.286342	0.371279	0.227151	0.273397	0.187458	0.2453	0.230953	
2.195	0.0395727	0.145614	0.0966014	0.239337	0.0517107	0.038638	0.352775	0.116794	0.354578	0.314177	0.39659	0.35605	0.385714	0.402351	0.0965039	0.121004	0.117156	0.0614046	0.0718179	0.0502457	0.0176822	0.0286368	0.0463944	0.189482	0.10646	0.150672	0.341254	0.110228	0.0915698	0.4535	0.116309	0.368946	0.272542	0.292697	0.384606	0.22084	0.284418	0.188579	0.244987	0.20961	0.0395788	0.145578	0.0959257	0.240271	0.0517835	0.0384891	0.376912	0.115234	0.375972	0.323109	0.364027	0.347135	0.351007	0.369639	0.0965206	0.121197	0.119488	0.0614489	0.071913	0.0502212	0.0176779	0.0278319	0.0519807	0.18925	0.106446	0.146192	0.329314	0.110263	0.0901412	0.462511	0.1162	0.37195	0.27732	0.286302	0.371203	0.227179	0.273373	0.187433	0.245294	0.231021	
2.2	0.0395728	0.145614	0.0966016	0.239337	0.0517109	0.0386381	0.352768	0.116786	0.354617	0.314202	0.396573	0.356047	0.385706	0.40234	0.0965034	0.121002	0.117157	0.0614039	0.0718108	0.0502429	0.0176663	0.0286349	0.046401	0.189482	0.106459	0.15064	0.341242	0.110177	0.0915609	0.453518	0.116314	0.368938	0.272541	0.292704	0.384504	0.220871	0.284413	0.188551	0.245016	0.209611	0.0395784	0.145576	0.0959261	0.24027	0.0517873	0.0384853	0.376915	0.11527	0.375934	0.323104	0.363952	0.347061	0.350913	0.369611	0.0965195	0.121196	0.119488	0.0614475	0.0719077	0.0502076	0.0176604	0.0278134	0.0519176	0.189248	0.106445	0.146175	0.329283	0.110221	0.0901412	0.462587	0.116218	0.371947	0.277316	0.286338	0.371128	0.227199	0.273335	0.187322	0.245291	0.23108	
2.205	0.0395728	0.145613	0.0966019	0.239337	0.051711	0.0386382	0.352757	0.11678	0.354646	0.314227	0.396556	0.356044	0.385698	0.402329	0.096503	0.121001	0.117156	0.0613866	0.0718349	0.0502399	0.0176542	0.0286324	0.0463815	0.189482	0.106459	0.150594	0.34123	0.110124	0.0915569	0.453536	0.116318	0.368931	0.27254	0.292712	0.3844	0.220895	0.284408	0.188533	0.245038	0.209611	0.0395781	0.145575	0.0959266	0.240268	0.0517811	0.0384832	0.37692	0.115306	0.37571	0.32293	0.363843	0.346958	0.350707	0.369509	0.0965185	0.121195	0.119489	0.0614453	0.0719018	0.0501881	0.0176546	0.0277901	0.0518492	0.189247	0.106445	0.146162	0.329251	0.110176	0.0901412	0.46266	0.11623	0.371932	0.277284	0.286413	0.371053	0.227213	0.273285	0.187165	0.24529	0.231128	
2.21	0.0395729	0.145613	0.0966021	0.239337	0.0517112	0.0386382	0.352744	0.116775	0.354671	0.314253	0.396539	0.356041	0.38569	0.402318	0.0965026	0.121	0.117155	0.0614058	0.0719005	0.0502368	0.0176508	0.028629	0.046335	0.189481	0.106458	0.150565	0.341217	0.110069	0.0915555	0.453555	0.116322	0.368924	0.272539	0.292718	0.384295	0.220915	0.284402	0.188524	0.245051	0.209611	0.0395777	0.145573	0.0959271	0.240266	0.051782	0.0384777	0.376925	0.11534	0.375477	0.322715	0.363793	0.346894	0.35061	0.36946	0.0965175	0.121194	0.11949	0.0614426	0.0718949	0.0501657	0.0176704	0.0277618	0.0517767	0.189246	0.106444	0.146168	0.329258	0.110131	0.0901412	0.462727	0.116236	0.371907	0.277226	0.286446	0.37098	0.227224	0.273254	0.187079	0.245291	0.231162	
2.215	0.039573	0.145612	0.0966023	0.239337	0.0517113	0.0386383	0.352727	0.116771	0.354696	0.314278	0.396524	0.356037	0.385682	0.402307	0.0965024	0.120999	0.117152	0.0614251	0.0719579	0.0502334	0.0176596	0.0286244	0.0462735	0.189481	0.106458	0.150574	0.341205	0.110013	0.0915602	0.453572	0.116325	0.368918	0.272538	0.292727	0.384189	0.220934	0.284397	0.188525	0.245056	0.209609	0.0395773	0.145571	0.0959276	0.240264	0.0517808	0.0384687	0.376931	0.115375	0.37533	0.322549	0.363826	0.346905	0.350641	0.369481	0.0965165	0.121193	0.119491	0.0614397	0.0718861	0.050143	0.0177083	0.0277286	0.0517019	0.189245	0.106444	0.146189	0.329292	0.110084	0.0901413	0.462788	0.116236	0.371872	0.277145	0.28643	0.370909	0.227238	0.273264	0.187065	0.245294	0.231175	
2.22	0.039573	0.145612	0.0966026	0.239337	0.0517115	0.0386384	0.352709	0.116768	0.354721	0.314303	0.396512	0.356033	0.385673	0.402296	0.0965024	0.120997	0.11715	0.0614214	0.0719805	0.0502293	0.0176825	0.0286132	0.0462382	0.189481	0.106458	0.150598	0.341192	0.109957	0.0915605	0.453588	0.116328	0.368913	0.272537	0.292731	0.384082	0.220954	0.284391	0.188541	0.245052	0.209606	0.0395769	0.14557	0.0959277	0.240262	0.0517815	0.0384597	0.376939	0.115405	0.375262	0.322449	0.363904	0.346982	0.350719	0.369526	0.0965156	0.121192	0.119491	0.0614367	0.0718717	0.0501217	0.0177222	0.0276915	0.0516264	0.189244	0.106443	0.146203	0.329334	0.110037	0.0901414	0.462841	0.116231	0.371834	0.277056	0.286401	0.370839	0.227254	0.273314	0.187088	0.245298	0.231174	
2.225	0.0395731	0.145612	0.0966028	0.239338	0.0517116	0.0386385	0.35269	0.116766	0.354746	0.314329	0.396501	0.356029	0.385665	0.402285	0.0965024	0.120996	0.117148	0.0614033	0.071983	0.0502241	0.0177132	0.0285946	0.0462061	0.189481	0.106457	0.150627	0.341181	0.109901	0.0915587	0.453603	0.116329	0.368908	0.272536	0.292735	0.383975	0.220974	0.284385	0.188573	0.24504	0.209602	0.0395765	0.145569	0.0959284	0.24026	0.0517798	0.0384508	0.376947	0.115426	0.37525	0.322413	0.363979	0.347078	0.350783	0.369564	0.0965147	0.121191	0.119491	0.0614336	0.0718496	0.0501029	0.0177209	0.0276518	0.0515508	0.189243	0.106443	0.146205	0.32936	0.109989	0.0901415	0.462889	0.116223	0.371798	0.276975	0.286378	0.370772	0.227271	0.273374	0.187121	0.245303	0.231162	
2.23	0.0395731	0.145611	0.0966031	0.239338	0.0517118	0.0386386	0.35267	0.116763	0.354772	0.314354	0.396494	0.356025	0.385656	0.402274	0.0965024	0.120995	0.117147	0.0613745	0.0719821	0.0502146	0.0177219	0.0285695	0.0461597	0.189481	0.106457	0.150648	0.341169	0.109846	0.0915515	0.453617	0.116329	0.368904	0.272536	0.292735	0.383866	0.220994	0.28438	0.188621	0.24502	0.209597	0.0395761	0.145569	0.0959292	0.240258	0.0517789	0.0384397	0.376957	0.115441	0.37526	0.32241	0.364048	0.347173	0.350816	0.369581	0.096514	0.12119	0.119491	0.0614305	0.071824	0.0500874	0.0177193	0.0276108	0.0514752	0.189242	0.106443	0.146208	0.329379	0.109941	0.0901416	0.462932	0.116214	0.371767	0.276909	0.286372	0.370707	0.227288	0.273435	0.187154	0.245308	0.231138	
2.235	0.0395732	0.145611	0.0966034	0.239338	0.0517119	0.0386387	0.352649	0.11676	0.354798	0.31438	0.396489	0.356021	0.385648	0.402263	0.0965024	0.120993	0.117147	0.0613369	0.0719819	0.0501986	0.0177207	0.0285395	0.0460995	0.18948	0.106457	0.150665	0.341158	0.109791	0.0915391	0.453629	0.116329	0.368899	0.272535	0.292736	0.383757	0.221013	0.284375	0.188683	0.244993	0.209591	0.0395757	0.145569	0.0959296	0.240255	0.0517801	0.0384268	0.376967	0.115448	0.375266	0.322411	0.364106	0.347255	0.350823	0.369582	0.0965133	0.121189	0.119491	0.0614275	0.0718003	0.0500757	0.0177189	0.0275693	0.0513996	0.189242	0.106444	0.146211	0.32939	0.109892	0.0901418	0.462972	0.116205	0.371742	0.276861	0.28638	0.370646	0.227303	0.273487	0.187188	0.245315	0.231102	
2.24	0.0395732	0.145611	0.0966036	0.239338	0.0517121	0.0386388	0.352628	0.116756	0.354824	0.314405	0.396485	0.356017	0.38564	0.402252	0.0965024	0.120992	0.117148	0.061314	0.0719811	0.0501788	0.0177202	0.0285057	0.0460481	0.18948	0.106456	0.150678	0.341148	0.109735	0.0915172	0.45364	0.11633	0.368895	0.272534	0.292734	0.383647	0.221032	0.28437	0.188755	0.24496	0.209583	0.0395754	0.145569	0.0959302	0.240253	0.051778	0.0384143	0.376979	0.115449	0.375263	0.322407	0.364158	0.347325	0.350818	0.369574	0.0965126	0.121187	0.11949	0.0614246	0.0717839	0.0500682	0.0177182	0.0275282	0.0513242	0.189241	0.106444	0.146213	0.329401	0.109843	0.090142	0.46301	0.116196	0.371723	0.276835	0.286395	0.370587	0.227317	0.273532	0.187227	0.245321	0.231055	
2.245	0.0395733	0.145611	0.0966039	0.239338	0.0517123	0.0386388	0.352607	0.116751	0.35485	0.314431	0.396482	0.356013	0.385631	0.402242	0.0965024	0.120991	0.11715	0.0613343	0.0719788	0.0501597	0.0177205	0.0284689	0.0459963	0.18948	0.106456	0.150692	0.341138	0.10968	0.0914859	0.45365	0.116331	0.36889	0.272534	0.292733	0.383537	0.221051	0.284365	0.188834	0.244922	0.209575	0.0395751	0.14557	0.0959303	0.24025	0.0517779	0.0384003	0.376991	0.115444	0.375253	0.322394	0.3642	0.347385	0.350803	0.369558	0.0965121	0.121186	0.11949	0.0614217	0.0717787	0.0500652	0.017717	0.0274879	0.0512493	0.189241	0.106445	0.146214	0.329408	0.109794	0.0901423	0.463048	0.116191	0.371711	0.276826	0.286416	0.370532	0.227332	0.273577	0.187273	0.245327	0.231002	
2.25	0.0395734	0.145611	0.0966042	0.239339	0.0517124	0.0386389	0.352588	0.116747	0.354876	0.314457	0.39648	0.35601	0.385623	0.402233	0.0965024	0.12099	0.117153	0.0613999	0.0719756	0.0501458	0.0177204	0.0284298	0.0459372	0.18948	0.106456	0.150704	0.341129	0.109625	0.0914464	0.453659	0.116334	0.368886	0.272533	0.29273	0.383426	0.221069	0.28436	0.188912	0.244881	0.209566	0.0395748	0.145571	0.0959314	0.240248	0.0517784	0.0383863	0.377003	0.115434	0.375241	0.322379	0.364229	0.347443	0.350783	0.369535	0.0965117	0.121185	0.119489	0.0614191	0.0717871	0.0500667	0.0177158	0.027449	0.0511756	0.189241	0.106445	0.146214	0.329415	0.109746	0.0901425	0.463087	0.11619	0.371702	0.276827	0.28644	0.370481	0.227346	0.273625	0.187328	0.245332	0.230948	
2.255	0.0395734	0.145611	0.0966044	0.239339	0.0517126	0.038639	0.352571	0.116743	0.354903	0.314484	0.396478	0.356006	0.385615	0.402223	0.0965024	0.120989	0.117156	0.0614364	0.0719719	0.0501419	0.0177199	0.0283891	0.0458948	0.189481	0.106456	0.150716	0.34112	0.109571	0.0913984	0.453668	0.116338	0.368882	0.272533	0.292728	0.383315	0.221088	0.284356	0.188992	0.244837	0.209556	0.0395745	0.145572	0.0959317	0.240246	0.0517751	0.0383746	0.377016	0.11542	0.375231	0.322364	0.364264	0.347511	0.350757	0.369506	0.0965113	0.121184	0.119488	0.0614166	0.0718104	0.050073	0.0177146	0.0274118	0.0511036	0.189241	0.106446	0.146216	0.329431	0.109697	0.0901428	0.463126	0.116194	0.371696	0.276831	0.286466	0.370432	0.227362	0.273681	0.187395	0.245338	0.230896	
2.26	0.0395735	0.145611	0.0966047	0.239339	0.0517128	0.038639	0.352555	0.116742	0.35493	0.31451	0.396476	0.356002	0.385607	0.402214	0.0965024	0.120987	0.117159	0.0614294	0.071968	0.0501535	0.0177194	0.0283473	0.0458526	0.189481	0.106456	0.150725	0.341112	0.109517	0.091351	0.453677	0.116343	0.36888	0.272532	0.292724	0.383205	0.221107	0.284352	0.189071	0.244793	0.209545	0.0395743	0.145574	0.0959322	0.240243	0.0517769	0.0383625	0.377028	0.115404	0.375221	0.322349	0.364308	0.347596	0.350724	0.369466	0.0965111	0.121182	0.119487	0.0614144	0.0718492	0.0500839	0.0177133	0.0273765	0.0510334	0.189242	0.106447	0.14622	0.32946	0.10965	0.0901431	0.463168	0.116203	0.37169	0.276834	0.286497	0.370388	0.227379	0.273747	0.187472	0.245342	0.230848	
2.265	0.0395735	0.145611	0.0966049	0.239339	0.0517129	0.038639	0.352541	0.116742	0.354957	0.314537	0.396474	0.355999	0.3856	0.402206	0.0965024	0.120986	0.117162	0.0614062	0.071964	0.0501863	0.0177189	0.0283048	0.0457998	0.189481	0.106456	0.150726	0.341105	0.109464	0.0913053	0.453687	0.116349	0.368878	0.272531	0.292718	0.383096	0.221126	0.284347	0.189147	0.24475	0.209535	0.0395741	0.145576	0.0959323	0.240241	0.0517744	0.0383515	0.37704	0.115387	0.375208	0.322331	0.364363	0.347694	0.350686	0.369421	0.0965109	0.121181	0.119486	0.0614125	0.071904	0.0500995	0.0177121	0.0273435	0.050965	0.189243	0.106448	0.146225	0.329493	0.109603	0.0901434	0.463212	0.116215	0.371686	0.27684	0.286533	0.370346	0.227397	0.273819	0.187547	0.245346	0.230808	
2.27	0.0395736	0.145611	0.0966052	0.23934	0.0517131	0.038639	0.352531	0.116745	0.354985	0.314564	0.396472	0.355995	0.385593	0.402199	0.0965026	0.120985	0.117164	0.0613778	0.0719599	0.0502386	0.0177184	0.028262	0.045738	0.189481	0.106456	0.150719	0.341097	0.109412	0.0912616	0.453697	0.116355	0.368879	0.272531	0.292708	0.382987	0.221145	0.284343	0.189212	0.24471	0.209525	0.0395739	0.145578	0.0959337	0.240239	0.0517771	0.0383396	0.377051	0.115371	0.375191	0.322308	0.36442	0.347798	0.350644	0.369371	0.0965109	0.12118	0.119485	0.0614109	0.0719428	0.0501197	0.0177109	0.027313	0.0508985	0.189243	0.10645	0.146229	0.329526	0.109556	0.0901437	0.463259	0.116229	0.371683	0.276847	0.286572	0.370309	0.227416	0.273893	0.187611	0.245348	0.230778	
2.275	0.0395737	0.145611	0.0966055	0.23934	0.0517132	0.038639	0.352524	0.11675	0.355013	0.314591	0.396469	0.355992	0.385586	0.402192	0.0965029	0.120984	0.117164	0.0613436	0.0719558	0.0502694	0.0177178	0.0282194	0.045738	0.189481	0.106456	0.150707	0.34109	0.109361	0.0912281	0.453708	0.116362	0.368881	0.272531	0.292699	0.382881	0.221165	0.284339	0.189263	0.244677	0.209514	0.0395738	0.145581	0.095933	0.240237	0.0517742	0.038331	0.377063	0.115355	0.375169	0.322279	0.36447	0.347901	0.350601	0.369321	0.096511	0.121178	0.119485	0.0614096	0.071956	0.0501444	0.0177097	0.027285	0.0508342	0.189244	0.106451	0.146232	0.329555	0.10951	0.090144	0.463309	0.116243	0.371682	0.276859	0.286612	0.370275	0.227435	0.273965	0.187659	0.245351	0.230759	
2.28	0.0395738	0.145611	0.0966057	0.23934	0.0517134	0.0386389	0.352519	0.116757	0.355041	0.314619	0.396466	0.355988	0.385579	0.402185	0.0965035	0.120983	0.117164	0.0613059	0.0719518	0.0502755	0.0177173	0.0281772	0.0457502	0.189481	0.106457	0.150692	0.341084	0.109312	0.0911907	0.45372	0.116368	0.368884	0.27253	0.292689	0.382777	0.221185	0.284335	0.189298	0.24465	0.209505	0.0395737	0.145583	0.095934	0.240234	0.0517743	0.0383214	0.377075	0.11534	0.375144	0.322246	0.364505	0.34799	0.350558	0.36927	0.0965113	0.121177	0.119484	0.0614087	0.0719569	0.0501734	0.0177086	0.0272598	0.0507727	0.189246	0.106452	0.146233	0.329573	0.109466	0.0901442	0.46336	0.116254	0.371683	0.276873	0.286652	0.370245	0.227456	0.274034	0.187691	0.245352	0.230749	
2.285	0.0395739	0.145612	0.096606	0.23934	0.0517129	0.0386389	0.352518	0.116765	0.35507	0.314647	0.396462	0.355985	0.385573	0.402178	0.0965041	0.120982	0.117164	0.0612673	0.0719479	0.0502745	0.0177168	0.0281355	0.0457357	0.189482	0.106457	0.150678	0.341077	0.109264	0.0911549	0.453733	0.116372	0.368889	0.27253	0.292682	0.382675	0.221205	0.28433	0.189317	0.244633	0.209496	0.0395737	0.145586	0.0959342	0.240232	0.051774	0.0383155	0.377087	0.115325	0.375119	0.322214	0.364523	0.348055	0.350518	0.369221	0.0965117	0.121176	0.119484	0.0614082	0.0719566	0.0502072	0.0177075	0.0272375	0.0507144	0.189247	0.106453	0.146234	0.329579	0.109422	0.0901445	0.463412	0.116261	0.371681	0.276878	0.286689	0.370219	0.227477	0.274092	0.187713	0.245353	0.230744	
2.29	0.039574	0.145612	0.0966062	0.239341	0.0517098	0.0386387	0.35252	0.116774	0.355099	0.314675	0.396458	0.355981	0.385567	0.402171	0.096505	0.120981	0.117163	0.0612295	0.0719442	0.0502748	0.0177162	0.0280948	0.0456935	0.189482	0.106457	0.150666	0.341071	0.109216	0.0911274	0.453745	0.116374	0.368895	0.272529	0.292676	0.382576	0.221225	0.284326	0.189322	0.244627	0.209489	0.0395736	0.145588	0.0959345	0.24023	0.0517734	0.0383119	0.377098	0.115309	0.375096	0.322184	0.364526	0.348093	0.350481	0.369174	0.0965122	0.121174	0.119484	0.0614082	0.0719573	0.0502422	0.0177063	0.027218	0.0506593	0.189248	0.106454	0.146234	0.329576	0.10938	0.0901447	0.463463	0.116263	0.37167	0.276856	0.286723	0.370196	0.2275	0.274132	0.187726	0.245354	0.230739	
2.295	0.039574	0.145612	0.0966064	0.239341	0.0517137	0.0386386	0.352525	0.116784	0.355128	0.314704	0.396453	0.355978	0.385561	0.402164	0.0965059	0.12098	0.117161	0.0611934	0.0719407	0.0502757	0.0177158	0.0280552	0.0456373	0.189482	0.106457	0.150654	0.341065	0.109169	0.0911102	0.453756	0.116375	0.368901	0.272529	0.29267	0.38248	0.221246	0.284322	0.189315	0.244632	0.209483	0.0395736	0.14559	0.0959348	0.240229	0.051773	0.0383107	0.377105	0.115293	0.375076	0.322156	0.364517	0.348108	0.350447	0.369128	0.0965129	0.121173	0.119485	0.0614085	0.0719579	0.0502593	0.0177051	0.0272016	0.0506075	0.18925	0.106455	0.146235	0.32957	0.10934	0.0901449	0.46351	0.116262	0.371646	0.276791	0.286754	0.370176	0.227523	0.274154	0.187733	0.245353	0.230731	
2.3	0.0395741	0.145613	0.0966067	0.239341	0.0517125	0.0386384	0.352532	0.116793	0.355158	0.314732	0.396448	0.355974	0.385556	0.402157	0.0965069	0.120979	0.117159	0.0611593	0.0719374	0.0502759	0.0177153	0.0280169	0.0456886	0.189482	0.106458	0.150636	0.34106	0.109126	0.0911043	0.453766	0.116374	0.368908	0.272529	0.292663	0.382388	0.221267	0.284317	0.189296	0.244649	0.209479	0.0395737	0.145593	0.0959351	0.240227	0.0517726	0.0383092	0.377108	0.115273	0.375042	0.322115	0.364487	0.3481	0.350411	0.369084	0.0965138	0.121172	0.119485	0.0614091	0.0719577	0.0502618	0.017708	0.0271884	0.0505584	0.189251	0.106456	0.146233	0.329555	0.109301	0.090145	0.463552	0.116256	0.371608	0.276685	0.286782	0.37016	0.227546	0.274166	0.187737	0.245353	0.230717	
2.305	0.0395742	0.145613	0.0966069	0.239342	0.0517123	0.0386382	0.35254	0.116801	0.355188	0.314762	0.396442	0.355971	0.385552	0.402151	0.096508	0.120978	0.117156	0.0611276	0.0719344	0.0502754	0.017715	0.02798	0.0458328	0.189483	0.106458	0.150617	0.341054	0.109085	0.0911074	0.453774	0.116373	0.368914	0.272529	0.292657	0.382299	0.221289	0.284312	0.189263	0.244677	0.209476	0.0395737	0.145595	0.0959353	0.240225	0.0517718	0.0383076	0.377108	0.115251	0.374999	0.322064	0.364444	0.348088	0.350373	0.369041	0.0965148	0.121171	0.119486	0.06141	0.071957	0.0502609	0.0177119	0.0271785	0.0505121	0.189252	0.106457	0.146232	0.329541	0.109264	0.0901451	0.463589	0.116245	0.37156	0.276547	0.28681	0.370146	0.227569	0.274182	0.187745	0.245351	0.230694	
2.31	0.0395743	0.145614	0.0966071	0.239342	0.0517125	0.0386379	0.352549	0.116808	0.355218	0.314791	0.396436	0.355967	0.385547	0.402144	0.0965091	0.120977	0.117153	0.0610982	0.0719316	0.0502747	0.0177147	0.0279446	0.046016	0.189483	0.106459	0.1506	0.341049	0.109046	0.0911146	0.453779	0.11637	0.368919	0.272528	0.292651	0.382213	0.22131	0.284308	0.18922	0.244715	0.209476	0.0395738	0.145597	0.0959355	0.240224	0.0517718	0.0383054	0.377105	0.115225	0.374956	0.322013	0.364402	0.348089	0.350335	0.368997	0.0965159	0.12117	0.119486	0.0614112	0.0719561	0.0502612	0.0177137	0.0271722	0.050469	0.189254	0.106458	0.146233	0.329537	0.109228	0.0901452	0.46362	0.116229	0.371507	0.276396	0.286836	0.370136	0.227594	0.274207	0.187767	0.245349	0.23066	
2.315	0.0395745	0.145614	0.0966073	0.239342	0.0517126	0.0386377	0.352557	0.116812	0.355249	0.314821	0.396429	0.355964	0.385543	0.402137	0.0965103	0.120976	0.11715	0.0610713	0.0719291	0.0502739	0.0177144	0.027911	0.046217	0.189483	0.106459	0.150587	0.341043	0.109008	0.0911229	0.453783	0.116367	0.368923	0.272528	0.292644	0.38213	0.221332	0.284303	0.189169	0.244761	0.209476	0.0395738	0.145598	0.0959356	0.240223	0.0517713	0.0383033	0.377099	0.115197	0.374923	0.321972	0.364367	0.3481	0.350297	0.36895	0.0965172	0.121168	0.119487	0.0614125	0.0719553	0.0502622	0.0177142	0.0271697	0.0504297	0.189255	0.106458	0.146235	0.329541	0.109195	0.0901451	0.463647	0.116209	0.371456	0.276257	0.286863	0.370128	0.227621	0.274239	0.187805	0.245346	0.230615	
2.32	0.0395746	0.145614	0.0966076	0.239343	0.0517126	0.0386374	0.352565	0.116813	0.35528	0.314851	0.396422	0.35596	0.38554	0.402131	0.0965116	0.120975	0.117147	0.0610471	0.0719269	0.050273	0.0177142	0.0278797	0.0464244	0.189483	0.106459	0.150577	0.341038	0.108972	0.0911269	0.453784	0.116363	0.368925	0.272528	0.292637	0.38205	0.221355	0.284298	0.189112	0.244813	0.209478	0.0395739	0.1456	0.0959354	0.240221	0.0517708	0.0383007	0.377093	0.115168	0.374902	0.321942	0.364339	0.348118	0.350257	0.368899	0.0965185	0.121167	0.119488	0.061414	0.0719544	0.0502629	0.0177146	0.0271712	0.0503947	0.189256	0.106459	0.146239	0.329548	0.109164	0.0901451	0.46367	0.116186	0.371412	0.276153	0.286892	0.370123	0.227649	0.274274	0.18786	0.245342	0.23056	
2.325	0.0395747	0.145615	0.0966078	0.239343	0.0517134	0.038637	0.352572	0.116812	0.355311	0.314881	0.396415	0.355957	0.385537	0.402124	0.0965128	0.120975	0.117145	0.0610778	0.0719251	0.050272	0.0177141	0.0278513	0.0466517	0.189484	0.106459	0.150562	0.341033	0.108937	0.0911227	0.453783	0.11636	0.368925	0.272528	0.292629	0.381973	0.221377	0.284293	0.18905	0.244868	0.209481	0.039574	0.145601	0.095936	0.24022	0.0517705	0.0382971	0.377088	0.11514	0.374873	0.321903	0.364303	0.348114	0.350227	0.368864	0.0965199	0.121167	0.119489	0.0614155	0.0719536	0.0502633	0.017715	0.0271765	0.0503638	0.189258	0.106459	0.146239	0.329543	0.109135	0.0901449	0.46369	0.116162	0.371379	0.27609	0.286914	0.37012	0.227679	0.274292	0.187934	0.245337	0.230499	
2.33	0.0395748	0.145615	0.096608	0.239343	0.0517158	0.0386367	0.352577	0.116808	0.355343	0.314912	0.396408	0.355953	0.385534	0.402118	0.0965142	0.120974	0.117145	0.0611333	0.0719236	0.050271	0.017714	0.0278265	0.0468954	0.189484	0.10646	0.150545	0.341028	0.108905	0.0911105	0.453782	0.116356	0.368923	0.272528	0.292619	0.381897	0.221401	0.284288	0.188986	0.244924	0.209485	0.0395741	0.145602	0.0959359	0.24022	0.0517709	0.0382936	0.377083	0.115115	0.374835	0.321853	0.36426	0.348087	0.350201	0.368838	0.0965214	0.121166	0.11949	0.061417	0.0719528	0.0502636	0.0177153	0.0271857	0.0503368	0.189259	0.10646	0.14624	0.329531	0.109109	0.0901448	0.463708	0.11614	0.371356	0.276064	0.286932	0.370118	0.22771	0.274288	0.188019	0.245331	0.230434	
2.335	0.0395749	0.145615	0.0966082	0.239344	0.0517089	0.0386363	0.35258	0.116802	0.355375	0.314942	0.3964	0.35595	0.385532	0.402112	0.0965155	0.120973	0.117145	0.0611779	0.0719224	0.0502701	0.017714	0.0278064	0.0470909	0.189484	0.10646	0.150494	0.341023	0.108871	0.0910943	0.453779	0.116354	0.36892	0.272528	0.292607	0.381824	0.221424	0.284283	0.188926	0.244976	0.209489	0.0395742	0.145603	0.0959354	0.240219	0.0517695	0.0382911	0.37708	0.115095	0.374757	0.321738	0.364135	0.34791	0.350199	0.368855	0.096523	0.121165	0.11949	0.0614185	0.071952	0.050264	0.0177156	0.0271981	0.0503144	0.18926	0.10646	0.146227	0.32946	0.109086	0.0901445	0.463724	0.116121	0.371343	0.276066	0.286941	0.370119	0.227743	0.274156	0.188117	0.245323	0.23037	
2.34	0.039575	0.145616	0.0966085	0.239344	0.0517131	0.0386359	0.352581	0.116794	0.355407	0.314973	0.396391	0.355946	0.38553	0.402106	0.0965169	0.120973	0.117147	0.0613188	0.0719216	0.0502692	0.017714	0.0277916	0.0472168	0.189485	0.10646	0.150437	0.341018	0.108837	0.0910724	0.453775	0.116352	0.368917	0.272528	0.292592	0.381753	0.221448	0.284278	0.188873	0.245024	0.209492	0.0395743	0.145604	0.0959346	0.240218	0.0517694	0.038289	0.377079	0.115083	0.374656	0.321584	0.363992	0.347659	0.350201	0.368889	0.0965246	0.121165	0.119491	0.0614199	0.0719514	0.0502644	0.0177158	0.0272131	0.050297	0.189261	0.10646	0.14622	0.329406	0.109066	0.0901443	0.463738	0.116106	0.371337	0.276082	0.286945	0.370121	0.227777	0.27395	0.18821	0.245314	0.230309	
2.345	0.0395751	0.145616	0.0966087	0.239345	0.0517145	0.0386354	0.35258	0.116785	0.35544	0.315005	0.39638	0.355943	0.385528	0.4021	0.0965183	0.120972	0.117149	0.0614555	0.0719211	0.0502683	0.0177141	0.0277827	0.0472697	0.189485	0.10646	0.150402	0.341012	0.108804	0.0910442	0.45377	0.116352	0.368912	0.272528	0.292577	0.381685	0.221472	0.284272	0.18883	0.245064	0.209495	0.0395744	0.145604	0.095935	0.240218	0.0517691	0.0382882	0.37708	0.115079	0.374589	0.321483	0.363888	0.347439	0.350195	0.368915	0.0965262	0.121164	0.119492	0.0614213	0.0719508	0.0502648	0.017716	0.0272303	0.0502846	0.189262	0.10646	0.146222	0.329394	0.109049	0.0901439	0.463749	0.116096	0.371333	0.276099	0.286946	0.370124	0.227813	0.273764	0.188281	0.245304	0.23026	
2.35	0.0395751	0.145616	0.0966089	0.239345	0.0517114	0.0386349	0.352578	0.116776	0.355473	0.315036	0.39637	0.35594	0.385527	0.402095	0.0965198	0.120972	0.11715	0.0614806	0.071921	0.0502675	0.0177143	0.02778	0.0472875	0.189485	0.106461	0.15039	0.341007	0.108772	0.091019	0.453765	0.116354	0.368906	0.272529	0.29256	0.381619	0.221496	0.284266	0.188798	0.245095	0.209497	0.0395745	0.145605	0.0959349	0.240217	0.0517686	0.0382889	0.377082	0.115083	0.374587	0.321477	0.363831	0.347291	0.350181	0.368927	0.0965278	0.121164	0.119492	0.0614226	0.0719502	0.0502652	0.0177162	0.0272497	0.0502766	0.189263	0.10646	0.146227	0.329402	0.109035	0.0901436	0.463759	0.116092	0.37133	0.276108	0.286942	0.370129	0.22785	0.273636	0.188327	0.245293	0.230224	
2.355	0.0395752	0.145616	0.0966091	0.239346	0.0517138	0.0386343	0.352574	0.116767	0.355506	0.315068	0.396359	0.355936	0.385526	0.40209	0.0965212	0.120972	0.117152	0.0614515	0.0719212	0.0502668	0.0177145	0.0277835	0.0472833	0.189486	0.106461	0.150388	0.341002	0.108744	0.0910035	0.453758	0.116357	0.368901	0.272529	0.292544	0.381556	0.221521	0.28426	0.188777	0.245116	0.209498	0.0395745	0.145605	0.0959348	0.240217	0.0517683	0.0382908	0.377085	0.115096	0.374649	0.321558	0.363804	0.347201	0.350164	0.368928	0.0965293	0.121164	0.119493	0.0614239	0.0719498	0.0502655	0.0177164	0.0272711	0.0502727	0.189264	0.10646	0.146231	0.329409	0.109023	0.0901432	0.463766	0.116091	0.371327	0.276105	0.286936	0.370134	0.227887	0.273558	0.188347	0.24528	0.230203	
2.36	0.0395753	0.145616	0.0966093	0.239346	0.0517137	0.0386337	0.352569	0.116759	0.355539	0.315099	0.396349	0.355933	0.385525	0.402085	0.0965226	0.120971	0.117155	0.061427	0.0719215	0.0502661	0.0177147	0.0277932	0.0472655	0.189486	0.106461	0.150387	0.340997	0.108717	0.0909913	0.453752	0.116361	0.368896	0.272529	0.292526	0.381496	0.221546	0.284254	0.188769	0.245125	0.209498	0.0395746	0.145605	0.0959348	0.240217	0.0517679	0.0382931	0.37709	0.115115	0.374757	0.321694	0.36379	0.347146	0.350147	0.368922	0.0965308	0.121163	0.119494	0.061425	0.0719494	0.0502659	0.0177166	0.0272947	0.0502729	0.189264	0.10646	0.146234	0.329413	0.109015	0.0901428	0.46377	0.116094	0.371323	0.276093	0.286926	0.37014	0.227926	0.27351	0.188348	0.245267	0.230194	
2.365	0.0395754	0.145616	0.0966095	0.239347	0.0517125	0.038633	0.352562	0.116753	0.355572	0.315131	0.39634	0.355929	0.385525	0.402081	0.0965242	0.120971	0.117157	0.0614181	0.0719224	0.0502657	0.017715	0.027809	0.0473153	0.189486	0.106461	0.150385	0.340992	0.108694	0.0909811	0.453745	0.116366	0.368892	0.272529	0.292509	0.38144	0.221572	0.284248	0.188776	0.245124	0.209495	0.0395746	0.145604	0.0959349	0.240217	0.0517676	0.0382962	0.377097	0.115139	0.374892	0.321861	0.363775	0.347103	0.350133	0.368912	0.0965323	0.121164	0.119495	0.0614261	0.0719491	0.0502662	0.0177168	0.0273205	0.0502773	0.189265	0.106459	0.146237	0.329412	0.109011	0.0901423	0.463773	0.116098	0.371318	0.276074	0.286914	0.370147	0.227965	0.273475	0.188332	0.245253	0.230196	
2.37	0.0395754	0.145616	0.0966097	0.239347	0.0517115	0.0386323	0.352558	0.116748	0.355606	0.315163	0.396332	0.355926	0.385528	0.40208	0.0965254	0.120971	0.117159	0.0614165	0.0719231	0.0502651	0.0177152	0.02783	0.0473791	0.189488	0.106461	0.150381	0.340988	0.108672	0.0909704	0.453735	0.116375	0.368889	0.272531	0.29249	0.381388	0.221598	0.284243	0.188803	0.245111	0.20949	0.0395747	0.145604	0.0959349	0.240217	0.0517672	0.0382975	0.377108	0.115166	0.375008	0.322008	0.363758	0.347064	0.350119	0.368899	0.0965336	0.121164	0.119497	0.061427	0.0719487	0.0502665	0.017717	0.0273487	0.0502852	0.189267	0.106459	0.14624	0.329411	0.109009	0.0901419	0.46377	0.116103	0.371316	0.276055	0.2869	0.370154	0.228006	0.273444	0.188311	0.245237	0.230204	
2.375	0.0395755	0.145616	0.0966098	0.239348	0.0517135	0.0386316	0.352553	0.116744	0.355639	0.315196	0.396324	0.355923	0.385531	0.402078	0.0965268	0.120971	0.117161	0.0614166	0.0719241	0.0502648	0.0177155	0.0278561	0.0474148	0.189488	0.106461	0.150378	0.340983	0.108654	0.0909559	0.453726	0.116382	0.368887	0.272531	0.292471	0.38134	0.221624	0.284237	0.188835	0.245091	0.209485	0.0395747	0.145604	0.095935	0.240218	0.0517669	0.0382979	0.37712	0.115192	0.375103	0.322132	0.36374	0.347027	0.35012	0.368891	0.0965348	0.121164	0.119498	0.0614279	0.0719485	0.0502667	0.0177172	0.0273792	0.050296	0.189267	0.106459	0.146243	0.32941	0.10901	0.0901415	0.463767	0.116104	0.371316	0.276045	0.286881	0.370161	0.228046	0.273416	0.188288	0.245222	0.230218	
2.38	0.0395755	0.145616	0.09661	0.239348	0.0517128	0.0386308	0.352548	0.116742	0.355673	0.315228	0.396317	0.35592	0.385532	0.402076	0.0965283	0.120971	0.117163	0.0614172	0.0719254	0.0502646	0.0177158	0.0278871	0.0474215	0.189487	0.106461	0.150376	0.340979	0.108638	0.0909374	0.45372	0.116387	0.368885	0.272531	0.29245	0.381296	0.22165	0.284231	0.188873	0.245066	0.20948	0.0395748	0.145604	0.0959351	0.240218	0.0517665	0.0382969	0.377134	0.115218	0.375198	0.322253	0.363725	0.346996	0.35013	0.368887	0.096536	0.121164	0.119499	0.0614287	0.0719482	0.050267	0.0177173	0.027412	0.0503095	0.189267	0.106458	0.146245	0.329411	0.109013	0.0901411	0.463763	0.116099	0.371323	0.276058	0.286859	0.370169	0.228088	0.273392	0.188269	0.245207	0.230234	
2.385	0.0395755	0.145615	0.09661	0.239349	0.0517127	0.0386297	0.352539	0.116742	0.355707	0.315261	0.396311	0.355917	0.385527	0.402069	0.09653	0.120972	0.117165	0.0614186	0.0719272	0.0502648	0.0177163	0.0279232	0.0474152	0.189484	0.106462	0.150375	0.340975	0.108627	0.0909117	0.453722	0.116386	0.36888	0.272529	0.292428	0.381258	0.221676	0.284225	0.188901	0.245042	0.209479	0.0395748	0.145603	0.0959352	0.240218	0.0517662	0.0382944	0.377149	0.115242	0.37529	0.322364	0.363714	0.346971	0.350153	0.36889	0.096537	0.121164	0.119501	0.0614293	0.0719478	0.050267	0.0177174	0.0274466	0.0503257	0.189266	0.106458	0.146247	0.329412	0.109018	0.0901407	0.463761	0.116088	0.371337	0.2761	0.286834	0.370175	0.228129	0.273372	0.188253	0.245196	0.230251	
2.39	0.0395756	0.145615	0.0966102	0.239349	0.0517139	0.038629	0.352537	0.116745	0.355742	0.315293	0.396305	0.355914	0.38553	0.40207	0.096531	0.120972	0.117167	0.0614199	0.0719281	0.0502643	0.0177164	0.0279627	0.0474057	0.189488	0.106462	0.150373	0.340971	0.108617	0.0908828	0.453717	0.116395	0.368883	0.272532	0.292406	0.381224	0.221703	0.284219	0.188954	0.245009	0.20947	0.0395748	0.145603	0.0959353	0.240219	0.0517658	0.0382915	0.377169	0.115263	0.375385	0.322472	0.363706	0.346951	0.350182	0.368899	0.0965379	0.121165	0.119503	0.0614299	0.0719476	0.0502672	0.0177176	0.0274832	0.0503449	0.189268	0.106457	0.146249	0.329412	0.109025	0.0901403	0.463753	0.11608	0.371363	0.276172	0.286807	0.370182	0.22817	0.273356	0.188265	0.245179	0.230262	
2.395	0.0395756	0.145615	0.0966103	0.23935	0.0517125	0.0386282	0.352538	0.11675	0.355776	0.315326	0.3963	0.355911	0.385532	0.402071	0.0965322	0.120972	0.117169	0.0614215	0.0719293	0.0502642	0.0177167	0.028006	0.047399	0.189487	0.106462	0.150372	0.340967	0.10861	0.0908548	0.453714	0.116399	0.368886	0.272532	0.292384	0.381196	0.22173	0.284214	0.188998	0.244979	0.209462	0.0395748	0.145603	0.0959355	0.240219	0.0517655	0.0382889	0.377192	0.115281	0.375469	0.322568	0.363701	0.346941	0.350209	0.368905	0.0965387	0.121165	0.119504	0.0614305	0.0719473	0.0502672	0.0177177	0.0275214	0.0503668	0.189269	0.106457	0.14625	0.329415	0.109035	0.09014	0.463743	0.116068	0.371394	0.27626	0.286781	0.370189	0.228212	0.273351	0.188278	0.245163	0.230273	
2.4	0.0395756	0.145615	0.0966103	0.23935	0.0517129	0.0386273	0.35254	0.116756	0.355811	0.315359	0.396296	0.355908	0.385535	0.402073	0.0965334	0.120972	0.117172	0.0614232	0.0719307	0.0502643	0.0177171	0.028053	0.0473962	0.189487	0.106462	0.150371	0.340964	0.108605	0.0908301	0.453712	0.1164	0.36889	0.272532	0.292362	0.381172	0.221757	0.284208	0.189039	0.244953	0.209455	0.0395748	0.145602	0.0959356	0.24022	0.0517644	0.0382867	0.377217	0.115296	0.375546	0.322657	0.363698	0.34694	0.350229	0.368907	0.0965394	0.121166	0.119506	0.0614309	0.0719469	0.0502672	0.0177178	0.0275611	0.0503906	0.189269	0.106457	0.146251	0.329416	0.109045	0.0901397	0.463733	0.116053	0.371428	0.276348	0.286757	0.370195	0.228255	0.273353	0.188293	0.245148	0.230282	
2.405	0.0395756	0.145615	0.0966104	0.23935	0.051713	0.0386265	0.352545	0.116765	0.355845	0.315392	0.396292	0.355905	0.385537	0.402075	0.0965345	0.120972	0.117173	0.0614249	0.071932	0.0502643	0.0177174	0.0281034	0.0473971	0.189486	0.106462	0.15037	0.340961	0.108602	0.0908116	0.45371	0.116399	0.368895	0.272532	0.29234	0.381154	0.221784	0.284203	0.189067	0.244933	0.20945	0.0395749	0.145602	0.0959358	0.240221	0.0517651	0.0382845	0.377242	0.115307	0.375623	0.322745	0.363696	0.34694	0.350239	0.368903	0.09654	0.121166	0.119508	0.0614313	0.0719466	0.0502671	0.0177179	0.0276019	0.0504159	0.189269	0.106457	0.146252	0.329416	0.109057	0.0901395	0.463721	0.116038	0.371459	0.276422	0.286735	0.370201	0.228297	0.273357	0.188303	0.245133	0.23029	
2.41	0.0395756	0.145615	0.0966104	0.239351	0.0517129	0.0386256	0.352553	0.116777	0.35588	0.315426	0.396289	0.355902	0.385539	0.402077	0.0965356	0.120973	0.117174	0.0614263	0.0719332	0.0502643	0.0177176	0.0281572	0.0474013	0.189486	0.106463	0.150368	0.340958	0.108602	0.0908008	0.453709	0.116397	0.368902	0.272532	0.292318	0.381141	0.221811	0.284198	0.189086	0.244921	0.209446	0.0395749	0.145602	0.0959352	0.240221	0.0517645	0.0382823	0.377267	0.115317	0.375705	0.322835	0.363693	0.346939	0.35024	0.368894	0.0965404	0.121167	0.119509	0.0614316	0.0719461	0.0502669	0.017718	0.0276435	0.0504422	0.18927	0.106457	0.146252	0.329415	0.109069	0.0901394	0.463707	0.116026	0.371484	0.276471	0.286713	0.370206	0.228339	0.273358	0.188314	0.245119	0.230296	
2.415	0.0395756	0.145614	0.0966104	0.239351	0.0517129	0.0386248	0.352565	0.116791	0.355915	0.315459	0.396286	0.355899	0.385542	0.402079	0.0965365	0.120973	0.117173	0.0614277	0.0719344	0.0502644	0.0177179	0.028214	0.0474209	0.189486	0.106463	0.150367	0.340955	0.108605	0.0907967	0.453706	0.116396	0.368911	0.272532	0.292296	0.381133	0.221838	0.284192	0.189092	0.244918	0.209442	0.0395749	0.145602	0.0959348	0.240222	0.0517641	0.0382801	0.377291	0.115325	0.375796	0.32292	0.36369	0.346935	0.350235	0.368881	0.0965408	0.121167	0.119511	0.0614319	0.0719458	0.0502668	0.0177181	0.0276862	0.0504694	0.18927	0.106456	0.146252	0.329414	0.109083	0.0901392	0.463693	0.116015	0.371501	0.276492	0.286693	0.370212	0.228381	0.273356	0.18832	0.245105	0.2303	
2.42	0.0395756	0.145614	0.0966104	0.239351	0.0517129	0.0386241	0.352581	0.116809	0.355951	0.315493	0.396283	0.355897	0.385545	0.402082	0.0965374	0.120973	0.117171	0.061429	0.0719356	0.0502645	0.0177182	0.0282739	0.0474559	0.189486	0.106463	0.150366	0.340952	0.10861	0.0907967	0.453703	0.116393	0.368922	0.272532	0.292274	0.38113	0.221866	0.284187	0.189087	0.244925	0.20944	0.039575	0.145603	0.0959348	0.240223	0.0517639	0.0382777	0.377312	0.115333	0.375895	0.323004	0.363686	0.34693	0.350227	0.368866	0.096541	0.121168	0.119512	0.0614322	0.0719455	0.0502666	0.0177182	0.0277295	0.0504972	0.189271	0.106456	0.146252	0.329412	0.109097	0.0901391	0.463679	0.116006	0.37151	0.27649	0.286673	0.370216	0.228424	0.273352	0.188323	0.245091	0.230305	
2.425	0.0395756	0.145614	0.0966104	0.239351	0.0517129	0.0386234	0.352601	0.11683	0.355987	0.315527	0.39628	0.355894	0.385548	0.402085	0.0965383	0.120974	0.117169	0.0614302	0.0719367	0.0502646	0.0177184	0.0283364	0.0475001	0.189486	0.106464	0.150365	0.34095	0.108618	0.0907976	0.453699	0.116391	0.368936	0.272533	0.292252	0.381131	0.221893	0.284182	0.189066	0.244942	0.209439	0.0395751	0.145603	0.0959346	0.240224	0.0517636	0.0382748	0.377332	0.115342	0.376	0.323085	0.363682	0.346924	0.350221	0.368854	0.0965412	0.121168	0.119514	0.0614325	0.0719451	0.0502663	0.0177183	0.0277733	0.0505254	0.189271	0.106457	0.146252	0.32941	0.109112	0.0901391	0.463663	0.115999	0.371514	0.276478	0.286652	0.370221	0.228466	0.273346	0.188324	0.245078	0.23031	
2.43	0.0395756	0.145614	0.0966104	0.239351	0.0517119	0.0386228	0.352626	0.116854	0.356022	0.315561	0.396278	0.355891	0.385553	0.402089	0.0965388	0.120974	0.117165	0.061431	0.0719374	0.0502645	0.0177185	0.0284007	0.0475466	0.189487	0.106464	0.150364	0.340948	0.108627	0.0907983	0.453692	0.116389	0.368952	0.272533	0.29223	0.381137	0.22192	0.284177	0.189035	0.244969	0.20944	0.0395751	0.145603	0.0959345	0.240225	0.0517633	0.0382716	0.377353	0.115353	0.37609	0.323152	0.363676	0.346913	0.35021	0.368837	0.0965408	0.121168	0.119515	0.0614322	0.0719441	0.0502655	0.0177181	0.0278158	0.0505525	0.189274	0.106457	0.14625	0.329405	0.109126	0.0901393	0.463642	0.115999	0.371519	0.27647	0.286634	0.370226	0.228508	0.273337	0.188333	0.245061	0.230312	
2.435	0.0395757	0.145614	0.0966104	0.239352	0.0517132	0.0386222	0.352655	0.116881	0.356059	0.315595	0.396276	0.355889	0.385556	0.402091	0.0965397	0.120974	0.117162	0.0614322	0.0719385	0.0502647	0.0177189	0.0284675	0.0476016	0.189486	0.106464	0.150362	0.340946	0.108638	0.090801	0.453687	0.116385	0.368969	0.272533	0.292208	0.381146	0.221948	0.284172	0.188986	0.245007	0.209443	0.0395752	0.145604	0.0959346	0.240225	0.051763	0.0382675	0.377369	0.115365	0.376152	0.323196	0.363689	0.346918	0.350198	0.368815	0.0965411	0.121169	0.119516	0.0614327	0.0719441	0.0502656	0.0177184	0.0278589	0.0505807	0.189271	0.106457	0.146254	0.329411	0.10914	0.0901393	0.463627	0.115993	0.371521	0.276462	0.286614	0.37023	0.22855	0.273338	0.188316	0.245051	0.230325	
2.44	0.0395757	0.145614	0.0966104	0.239352	0.0517128	0.0386217	0.35269	0.116913	0.356095	0.31563	0.396274	0.355886	0.385562	0.402095	0.0965401	0.120975	0.117159	0.0614329	0.0719391	0.0502646	0.0177189	0.0285352	0.0476639	0.189487	0.106464	0.150361	0.340945	0.10865	0.0908076	0.453679	0.116385	0.36899	0.272534	0.292186	0.381158	0.221975	0.284167	0.18893	0.245053	0.209447	0.0395753	0.145604	0.0959341	0.240226	0.0517628	0.0382638	0.377388	0.115381	0.376202	0.323237	0.363716	0.346934	0.350189	0.368791	0.0965408	0.121169	0.119517	0.0614326	0.0719433	0.0502649	0.0177182	0.0279001	0.0506076	0.189273	0.106457	0.146257	0.329418	0.109154	0.0901395	0.463607	0.115999	0.371524	0.276461	0.286592	0.370235	0.228591	0.273345	0.188311	0.245037	0.230339	
2.445	0.0395757	0.145615	0.0966104	0.239352	0.0517127	0.0386213	0.352731	0.116946	0.356132	0.315664	0.396272	0.355883	0.385567	0.402098	0.0965407	0.120975	0.117156	0.0614338	0.0719399	0.0502647	0.0177192	0.0286046	0.0477312	0.189487	0.106465	0.150361	0.340944	0.108664	0.090821	0.453671	0.116383	0.369012	0.272534	0.292166	0.381173	0.222002	0.284162	0.188857	0.24511	0.209454	0.0395755	0.145605	0.095934	0.240227	0.0517625	0.0382606	0.377404	0.1154	0.376245	0.323279	0.363765	0.346976	0.350192	0.368769	0.0965407	0.121169	0.119518	0.0614329	0.0719429	0.0502646	0.0177184	0.0279407	0.0506347	0.189273	0.106458	0.146263	0.329433	0.109167	0.0901397	0.463589	0.116004	0.371527	0.276462	0.286565	0.370241	0.228633	0.273367	0.188293	0.245026	0.230363	
2.45	0.0395757	0.145615	0.0966104	0.239352	0.0517128	0.038621	0.352778	0.116983	0.356169	0.315699	0.396271	0.355881	0.385572	0.402102	0.0965411	0.120976	0.117152	0.0614345	0.0719406	0.0502647	0.0177194	0.0286459	0.0478003	0.189487	0.106465	0.15036	0.340943	0.10868	0.0908396	0.453663	0.116381	0.369036	0.272534	0.292147	0.38119	0.222029	0.284158	0.188775	0.245174	0.209462	0.0395756	0.145606	0.0959339	0.240228	0.0517623	0.0382573	0.377419	0.115424	0.376299	0.32334	0.363821	0.347027	0.350203	0.36875	0.0965405	0.121169	0.119519	0.061433	0.0719425	0.0502641	0.0177184	0.0279803	0.0506614	0.189273	0.106458	0.146267	0.329445	0.10918	0.09014	0.463572	0.116014	0.37153	0.276464	0.286532	0.370247	0.228674	0.273395	0.188278	0.245016	0.230393	
2.455	0.0395757	0.145615	0.0966104	0.239353	0.0517128	0.0386208	0.352831	0.117023	0.356206	0.315735	0.396269	0.355878	0.385577	0.402105	0.0965415	0.120976	0.117149	0.0614351	0.0719412	0.0502647	0.0177195	0.0286518	0.0478811	0.189487	0.106465	0.15036	0.340942	0.108696	0.0908642	0.453655	0.116381	0.369062	0.272534	0.292127	0.381208	0.222056	0.284153	0.188681	0.245245	0.209473	0.0395757	0.145607	0.0959337	0.240228	0.051762	0.0382546	0.377434	0.115453	0.376357	0.323411	0.363872	0.347097	0.350228	0.368738	0.0965402	0.121169	0.11952	0.0614331	0.0719421	0.0502637	0.0177185	0.0280188	0.0506878	0.189273	0.106459	0.146267	0.329459	0.109193	0.0901402	0.463554	0.116028	0.371535	0.27647	0.286496	0.370254	0.228715	0.273436	0.188262	0.245006	0.230431	
2.46	0.0395758	0.145615	0.0966104	0.239353	0.051714	0.0386207	0.352892	0.117065	0.356244	0.31577	0.396267	0.355875	0.385583	0.402109	0.0965418	0.120976	0.117146	0.0614357	0.0719417	0.0502647	0.0177196	0.0286488	0.0479729	0.189487	0.106465	0.15036	0.340941	0.108714	0.090893	0.453646	0.116381	0.369089	0.272535	0.292105	0.381227	0.222083	0.284148	0.188579	0.245323	0.209485	0.0395759	0.145608	0.0959335	0.240229	0.0517618	0.0382521	0.377451	0.115487	0.376424	0.323494	0.36391	0.347172	0.350257	0.36873	0.0965398	0.121169	0.119521	0.0614333	0.0719416	0.0502632	0.0177185	0.0280566	0.0507139	0.189274	0.106459	0.146266	0.329469	0.109205	0.0901405	0.463538	0.116045	0.371541	0.276486	0.286458	0.370262	0.228756	0.27348	0.188249	0.244997	0.230476	
2.465	0.0395758	0.145616	0.0966104	0.239353	0.0517124	0.0386206	0.352959	0.117109	0.356283	0.315806	0.396266	0.355873	0.385589	0.402112	0.0965421	0.120977	0.117143	0.0614362	0.0719421	0.0502647	0.0177198	0.0286481	0.0480693	0.189488	0.106465	0.150359	0.340941	0.108733	0.0909263	0.453637	0.116382	0.369117	0.272535	0.292081	0.381247	0.22211	0.284144	0.188471	0.245405	0.209499	0.0395761	0.145609	0.0959334	0.24023	0.0517615	0.0382497	0.377468	0.115525	0.376486	0.323575	0.36393	0.347229	0.350293	0.368726	0.0965395	0.121169	0.119521	0.0614334	0.0719412	0.0502628	0.0177186	0.0280938	0.0507396	0.189274	0.10646	0.146263	0.329468	0.109217	0.0901408	0.463521	0.116064	0.371553	0.276516	0.286422	0.370271	0.228796	0.273514	0.188231	0.24499	0.23053	
2.47	0.0395758	0.145616	0.0966105	0.239354	0.051712	0.0386206	0.353033	0.117155	0.356321	0.315842	0.396264	0.35587	0.385595	0.402116	0.0965424	0.120977	0.117141	0.0614367	0.0719426	0.0502647	0.0177199	0.0286486	0.0481652	0.189488	0.106466	0.150359	0.340941	0.108752	0.0909636	0.453628	0.116383	0.369146	0.272536	0.292057	0.381268	0.222136	0.284139	0.188359	0.245493	0.209514	0.0395763	0.14561	0.0959332	0.24023	0.0517612	0.0382476	0.377487	0.115566	0.376546	0.323657	0.363935	0.347262	0.350323	0.368721	0.0965392	0.121169	0.119522	0.0614336	0.0719409	0.0502623	0.0177186	0.0281305	0.0507648	0.189274	0.106461	0.14626	0.32946	0.109228	0.0901411	0.463505	0.116084	0.371568	0.276559	0.286391	0.370282	0.228836	0.273533	0.188206	0.244983	0.230593	
2.475	0.0395759	0.145617	0.0966106	0.239354	0.0517125	0.0386206	0.353114	0.117202	0.35636	0.315879	0.396263	0.355868	0.385601	0.402119	0.0965426	0.120977	0.117139	0.0614371	0.071943	0.0502648	0.01772	0.0286485	0.0482833	0.189488	0.106466	0.150359	0.340941	0.108773	0.091005	0.453618	0.116384	0.369176	0.272536	0.292036	0.381288	0.222163	0.284135	0.188245	0.245584	0.209532	0.0395765	0.14561	0.0959331	0.240231	0.0517611	0.0382458	0.377509	0.115611	0.376592	0.323726	0.363928	0.347283	0.350352	0.368714	0.0965389	0.121169	0.119523	0.0614338	0.0719406	0.050262	0.0177187	0.0281668	0.0507895	0.189274	0.106461	0.146256	0.329452	0.109239	0.0901414	0.46349	0.116104	0.371588	0.276614	0.286364	0.370294	0.228876	0.273556	0.188173	0.244979	0.23066	
2.48	0.039576	0.145617	0.0966106	0.239355	0.0517143	0.0386207	0.3532	0.117248	0.3564	0.315916	0.396261	0.355865	0.385607	0.402122	0.0965429	0.120978	0.117137	0.0614375	0.0719434	0.0502648	0.0177201	0.0286481	0.0483858	0.189489	0.106466	0.150355	0.340942	0.108794	0.0910491	0.453608	0.116386	0.369205	0.272537	0.292017	0.381309	0.22219	0.28413	0.188132	0.245678	0.209551	0.0395767	0.145611	0.0959329	0.240231	0.0517613	0.0382452	0.377533	0.115657	0.376414	0.323599	0.363869	0.347229	0.350232	0.368676	0.0965386	0.121169	0.119524	0.061434	0.0719403	0.0502616	0.0177187	0.0282026	0.0508136	0.189274	0.106462	0.146244	0.329414	0.109249	0.0901417	0.463476	0.116122	0.371612	0.276679	0.286371	0.370307	0.228916	0.273526	0.188099	0.244976	0.230731	
2.485	0.039576	0.145617	0.0966107	0.239355	0.0517121	0.0386207	0.35329	0.117292	0.356439	0.315953	0.39626	0.355863	0.385613	0.402125	0.0965431	0.120978	0.117135	0.061438	0.0719438	0.0502649	0.0177203	0.0286477	0.0484552	0.189489	0.106466	0.150352	0.340942	0.108818	0.0910944	0.453598	0.116388	0.369233	0.272538	0.292001	0.381331	0.222216	0.284126	0.188018	0.245775	0.209572	0.039577	0.145612	0.0959327	0.240232	0.0517605	0.0382459	0.37756	0.115702	0.376072	0.323305	0.363777	0.347107	0.350064	0.368632	0.0965384	0.121169	0.119524	0.0614342	0.0719401	0.0502613	0.0177188	0.028238	0.0508372	0.189275	0.106462	0.146235	0.329373	0.109257	0.090142	0.463463	0.116139	0.371638	0.276744	0.286387	0.370322	0.228955	0.273442	0.188008	0.244974	0.230809	
2.49	0.0395761	0.145618	0.0966108	0.239356	0.0517118	0.0386208	0.353383	0.117335	0.356479	0.31599	0.396259	0.35586	0.38562	0.402127	0.0965434	0.120979	0.117133	0.0614384	0.0719443	0.050265	0.0177204	0.0286475	0.0485	0.18949	0.106466	0.150351	0.340943	0.108842	0.0911384	0.453588	0.116391	0.369259	0.272538	0.291985	0.381352	0.222243	0.284122	0.187902	0.245874	0.209594	0.0395772	0.145613	0.0959326	0.240232	0.0517605	0.0382477	0.377589	0.115748	0.375753	0.323002	0.363694	0.346971	0.349961	0.368609	0.0965382	0.121168	0.119525	0.0614344	0.07194	0.050261	0.0177189	0.0282729	0.0508604	0.189275	0.106463	0.14623	0.329352	0.109265	0.0901422	0.463451	0.116155	0.371661	0.276797	0.28639	0.370338	0.228993	0.273345	0.18793	0.244975	0.230895	
2.495	0.0395762	0.145618	0.0966109	0.239356	0.0517133	0.0386208	0.353479	0.117375	0.35652	0.316028	0.396257	0.355857	0.385626	0.402129	0.0965438	0.120979	0.117132	0.0614389	0.0719448	0.0502652	0.0177205	0.0286472	0.0485342	0.18949	0.106466	0.150351	0.340944	0.108867	0.0911813	0.453579	0.116395	0.369285	0.272539	0.29197	0.381375	0.222269	0.284118	0.187783	0.245975	0.209618	0.0395775	0.145614	0.0959324	0.240233	0.0517603	0.0382502	0.37762	0.115792	0.375589	0.322793	0.36364	0.346861	0.34996	0.368623	0.096538	0.121168	0.119525	0.0614347	0.0719399	0.0502608	0.017719	0.0283074	0.0508835	0.189275	0.106463	0.146227	0.329344	0.109273	0.0901424	0.46344	0.11617	0.371681	0.276826	0.28637	0.370355	0.229032	0.273264	0.187874	0.244979	0.230988	
2.5	0.0395762	0.145619	0.096611	0.239357	0.0517136	0.0386207	0.353577	0.117415	0.356561	0.316066	0.396256	0.355855	0.385633	0.402131	0.0965441	0.12098	0.11713	0.0614394	0.0719454	0.0502654	0.0177207	0.028647	0.048586	0.189491	0.106466	0.150353	0.340945	0.108893	0.0912266	0.45357	0.116399	0.36931	0.27254	0.291955	0.381398	0.222296	0.284114	0.187665	0.246078	0.209643	0.0395777	0.145614	0.0959322	0.240233	0.0517601	0.0382531	0.377653	0.115835	0.375549	0.322678	0.363653	0.346829	0.350031	0.368665	0.096538	0.121168	0.119525	0.0614349	0.0719399	0.0502607	0.0177191	0.0283417	0.0509066	0.189275	0.106464	0.146229	0.329361	0.10928	0.0901425	0.46343	0.116184	0.371695	0.276824	0.286332	0.370374	0.22907	0.273238	0.187841	0.244985	0.231091	
2.505	0.0395763	0.145619	0.0966111	0.239358	0.0517133	0.0386205	0.353677	0.117456	0.356602	0.316104	0.396255	0.355852	0.38564	0.402133	0.0965446	0.120981	0.117128	0.06144	0.0719461	0.0502658	0.0177208	0.0286469	0.0486585	0.189491	0.106466	0.150354	0.340946	0.108919	0.0912742	0.453562	0.116405	0.369335	0.272541	0.291943	0.381423	0.222322	0.28411	0.18755	0.246182	0.209669	0.039578	0.145615	0.095932	0.240234	0.0517599	0.0382564	0.377687	0.115878	0.375587	0.322621	0.363703	0.346853	0.350118	0.368717	0.096538	0.121168	0.119525	0.0614352	0.07194	0.0502606	0.0177192	0.0283762	0.0509299	0.189276	0.106464	0.146229	0.329378	0.109288	0.0901426	0.46342	0.116197	0.371706	0.276803	0.286291	0.370393	0.229107	0.273248	0.187819	0.244993	0.231204	
2.51	0.0395763	0.145619	0.0966112	0.239358	0.0517126	0.0386203	0.353778	0.117498	0.356644	0.316143	0.396253	0.35585	0.385647	0.402136	0.0965452	0.120981	0.117126	0.0614406	0.0719469	0.0502662	0.017721	0.0286468	0.0487427	0.189492	0.106466	0.150356	0.340947	0.108948	0.0913249	0.453555	0.11641	0.369362	0.272542	0.291933	0.381451	0.222349	0.284106	0.187442	0.246288	0.209698	0.0395783	0.145616	0.0959318	0.240235	0.0517584	0.0382612	0.377726	0.115922	0.375647	0.322589	0.363765	0.346932	0.350182	0.368753	0.0965381	0.121168	0.119525	0.0614356	0.0719402	0.0502607	0.0177193	0.0284112	0.0509536	0.189276	0.106464	0.14623	0.329401	0.109296	0.0901427	0.463412	0.11621	0.371718	0.276789	0.286262	0.370413	0.229144	0.273296	0.187794	0.245005	0.231328	
2.515	0.0395764	0.145619	0.0966112	0.239359	0.051713	0.03862	0.353883	0.117543	0.356686	0.316182	0.396252	0.355847	0.385655	0.402139	0.0965458	0.120982	0.117125	0.0614414	0.0719478	0.0502667	0.0177213	0.0286468	0.0488307	0.189492	0.106466	0.150358	0.340949	0.108977	0.0913771	0.45355	0.116417	0.36939	0.272543	0.291926	0.381481	0.222375	0.284102	0.187342	0.246397	0.209727	0.0395786	0.145616	0.0959315	0.240235	0.0517599	0.0382664	0.377769	0.11597	0.375696	0.322561	0.363846	0.34706	0.350235	0.368778	0.0965382	0.121168	0.119525	0.061436	0.0719406	0.0502608	0.0177194	0.0284471	0.050978	0.189276	0.106465	0.146236	0.329437	0.109305	0.0901427	0.463403	0.116222	0.371735	0.27681	0.286239	0.370433	0.229181	0.273377	0.187767	0.24502	0.231462	
2.52	0.0395764	0.145619	0.0966113	0.23936	0.0517117	0.0386195	0.353991	0.117592	0.356728	0.316221	0.396251	0.355845	0.385663	0.402143	0.0965466	0.120983	0.117123	0.0614422	0.0719488	0.0502673	0.0177215	0.0286469	0.0489341	0.189492	0.106466	0.150359	0.34095	0.109008	0.091431	0.453547	0.116423	0.369422	0.272543	0.29192	0.381514	0.222402	0.284098	0.187248	0.246508	0.209759	0.0395788	0.145616	0.0959313	0.240236	0.0517605	0.0382714	0.377818	0.116022	0.375726	0.322536	0.363927	0.347206	0.350305	0.368806	0.0965386	0.121167	0.119525	0.0614365	0.071941	0.0502611	0.0177196	0.0284844	0.0510034	0.189277	0.106465	0.146239	0.329469	0.109315	0.0901426	0.463396	0.116234	0.371758	0.276872	0.286213	0.370454	0.229218	0.273485	0.187744	0.245039	0.231605	
2.525	0.0395764	0.145619	0.0966114	0.23936	0.0517133	0.0386189	0.354102	0.117643	0.356771	0.316261	0.39625	0.355842	0.385672	0.402147	0.0965474	0.120984	0.117122	0.0614431	0.07195	0.050268	0.0177218	0.0286471	0.0490513	0.189493	0.106466	0.150361	0.340952	0.109041	0.0914851	0.453546	0.116428	0.369456	0.272545	0.291915	0.381552	0.222428	0.284095	0.187155	0.246623	0.209792	0.0395791	0.145617	0.0959313	0.240237	0.0517585	0.0382772	0.377873	0.11608	0.375743	0.322515	0.363989	0.347335	0.350403	0.368846	0.096539	0.121168	0.119525	0.061437	0.0719417	0.0502615	0.0177198	0.0285235	0.0510301	0.189278	0.106465	0.146237	0.32948	0.109325	0.0901425	0.463388	0.116246	0.371787	0.27696	0.28618	0.370475	0.229254	0.273592	0.187724	0.245062	0.231756	
2.53	0.0395764	0.145619	0.0966114	0.239361	0.0517154	0.0386182	0.354217	0.117695	0.356814	0.3163	0.396249	0.35584	0.38568	0.402151	0.0965484	0.120985	0.117121	0.0614442	0.0719514	0.0502688	0.0177221	0.0286474	0.0491755	0.189493	0.106466	0.150363	0.340954	0.109076	0.0915393	0.453547	0.116434	0.369491	0.272546	0.291909	0.381596	0.222455	0.284091	0.187058	0.246742	0.209827	0.0395794	0.145617	0.0959306	0.240238	0.0517603	0.0382852	0.377937	0.116144	0.375751	0.322498	0.364025	0.347428	0.350527	0.368901	0.0965396	0.121168	0.119525	0.0614376	0.0719425	0.0502621	0.01772	0.0285647	0.0510584	0.189278	0.106465	0.146232	0.329473	0.109338	0.0901423	0.46338	0.116258	0.371826	0.27705	0.28614	0.370497	0.22929	0.273675	0.187709	0.245089	0.231914	
2.535	0.0395764	0.145619	0.0966115	0.239362	0.0517096	0.0386174	0.354333	0.117744	0.356858	0.31634	0.396248	0.355837	0.38569	0.402156	0.0965495	0.120986	0.11712	0.0614454	0.0719529	0.0502698	0.0177224	0.0286479	0.0492939	0.189494	0.106466	0.150365	0.340955	0.109113	0.0915919	0.453549	0.116437	0.369525	0.272547	0.291902	0.381645	0.222482	0.284088	0.186953	0.246866	0.209865	0.0395797	0.145617	0.0959303	0.240239	0.0517584	0.0382938	0.378008	0.116214	0.375692	0.322425	0.364011	0.347445	0.350586	0.368915	0.0965404	0.121168	0.119524	0.0614384	0.0719434	0.0502628	0.0177203	0.0286083	0.0510885	0.189279	0.106464	0.146221	0.329436	0.109353	0.090142	0.463371	0.116269	0.371872	0.277128	0.286133	0.370518	0.229326	0.273698	0.187659	0.245121	0.232077	
2.54	0.0395764	0.145619	0.0966115	0.239363	0.0517124	0.0386165	0.354447	0.117786	0.356901	0.316381	0.396246	0.355835	0.3857	0.402161	0.0965507	0.120987	0.117118	0.0614467	0.0719545	0.0502708	0.0177228	0.0286484	0.0494047	0.189494	0.106466	0.150367	0.340957	0.109152	0.0916346	0.453551	0.11644	0.369554	0.272548	0.291891	0.381701	0.222509	0.284084	0.186833	0.246995	0.209905	0.03958	0.145617	0.09593	0.240241	0.0517579	0.0383026	0.378088	0.116289	0.375577	0.322305	0.363991	0.347424	0.350594	0.368898	0.0965413	0.121168	0.119524	0.0614393	0.0719446	0.0502637	0.0177206	0.0286379	0.0511207	0.18928	0.106464	0.146221	0.329409	0.109372	0.0901416	0.463362	0.116279	0.371922	0.277166	0.286149	0.370539	0.229362	0.273686	0.187581	0.245157	0.232242	
2.545	0.0395764	0.145619	0.0966115	0.239364	0.0517125	0.0386155	0.354558	0.117818	0.356946	0.316421	0.396245	0.355833	0.38571	0.402167	0.096552	0.120989	0.117117	0.0614481	0.0719563	0.050272	0.0177232	0.028649	0.0495227	0.189494	0.106466	0.150371	0.340959	0.109194	0.0916689	0.453551	0.116441	0.369576	0.272549	0.291877	0.381764	0.222536	0.284081	0.186694	0.247129	0.209947	0.0395802	0.145617	0.0959295	0.240242	0.0517589	0.038285	0.378189	0.116369	0.375411	0.322148	0.363884	0.347314	0.350546	0.368876	0.0965424	0.121169	0.119525	0.0614402	0.071946	0.0502647	0.0177209	0.0286442	0.0511553	0.189281	0.106464	0.146203	0.329355	0.109393	0.0901412	0.463349	0.116278	0.37206	0.275509	0.286185	0.37056	0.229402	0.273608	0.187377	0.245197	0.232407	
2.55	0.0395764	0.145618	0.0966115	0.239364	0.0517127	0.0386143	0.354662	0.117837	0.356991	0.316463	0.396244	0.35583	0.385721	0.402173	0.0965535	0.12099	0.117116	0.0614497	0.0719583	0.0502733	0.0177237	0.0286498	0.0496495	0.189495	0.106467	0.150376	0.340961	0.109241	0.0916943	0.45355	0.116441	0.36959	0.272551	0.291861	0.381835	0.222564	0.284078	0.186534	0.247267	0.209991	0.0395805	0.145618	0.0959288	0.240244	0.0517582	0.0382987	0.378305	0.116451	0.37531	0.322035	0.363922	0.34732	0.350521	0.368862	0.0965437	0.12117	0.119525	0.0614414	0.0719477	0.0502659	0.0177213	0.0286431	0.0511928	0.189282	0.106464	0.14625	0.329399	0.109416	0.0901406	0.463334	0.116273	0.372238	0.275208	0.286208	0.370581	0.229446	0.273599	0.18729	0.245242	0.232568	
2.555	0.0395764	0.145618	0.0966115	0.239365	0.0517124	0.038613	0.354756	0.11784	0.357036	0.316504	0.396243	0.355828	0.385733	0.40218	0.0965551	0.120992	0.117117	0.0614514	0.0719605	0.0502747	0.0177242	0.0286506	0.0497692	0.189495	0.106467	0.150377	0.340963	0.109293	0.0917123	0.453546	0.11644	0.369593	0.272552	0.291844	0.381914	0.222592	0.284075	0.186357	0.247408	0.210037	0.0395808	0.145618	0.0959285	0.240247	0.051758	0.0383323	0.378423	0.116531	0.375166	0.321884	0.363988	0.347302	0.35048	0.368874	0.0965452	0.121171	0.119526	0.0614426	0.0719495	0.0502673	0.0177217	0.0286433	0.0512352	0.189283	0.106463	0.146258	0.329394	0.109443	0.09014	0.463315	0.116279	0.372305	0.276057	0.28623	0.370603	0.229489	0.273556	0.187301	0.24529	0.232721	
2.56	0.0395763	0.145618	0.0966115	0.239366	0.0517125	0.0386116	0.354841	0.11783	0.357082	0.316546	0.396242	0.355825	0.385746	0.402188	0.0965568	0.120994	0.117119	0.0614532	0.0719628	0.0502762	0.0177247	0.0286515	0.0498791	0.189495	0.106467	0.150377	0.340966	0.10935	0.0917248	0.453538	0.116438	0.369589	0.272554	0.291828	0.382001	0.22262	0.284071	0.186291	0.247548	0.210086	0.0395811	0.145618	0.0959278	0.240249	0.0517578	0.0383311	0.378542	0.116608	0.37499	0.321708	0.363996	0.347195	0.350433	0.368906	0.0965468	0.121172	0.119528	0.061444	0.0719515	0.0502688	0.0177222	0.0286447	0.0512838	0.189284	0.106463	0.146235	0.329338	0.109473	0.0901393	0.463292	0.116287	0.371641	0.277143	0.286253	0.370625	0.229529	0.273445	0.187255	0.245342	0.232865	
2.565	0.0395762	0.145618	0.0966114	0.239367	0.0517151	0.03861	0.35492	0.117809	0.357128	0.316588	0.396241	0.355823	0.385759	0.402196	0.0965586	0.120996	0.117123	0.0614552	0.0719652	0.0502778	0.0177253	0.0286525	0.0500343	0.189496	0.106467	0.150381	0.340968	0.109412	0.0917343	0.453526	0.116438	0.369579	0.272556	0.291816	0.382098	0.222649	0.284068	0.186293	0.247683	0.210135	0.0395813	0.145617	0.0959272	0.240252	0.0517576	0.0383483	0.37866	0.116675	0.374806	0.321542	0.36396	0.347059	0.350408	0.368946	0.0965486	0.121173	0.11953	0.0614456	0.0719537	0.0502704	0.0177227	0.0286458	0.0513384	0.189286	0.106462	0.146217	0.329293	0.109508	0.0901386	0.463264	0.116296	0.371374	0.277895	0.286277	0.370647	0.229568	0.273327	0.1873	0.245398	0.232995	
2.57	0.0395762	0.145617	0.0966113	0.239368	0.0517117	0.0386083	0.354989	0.117777	0.357175	0.316631	0.396241	0.35582	0.385773	0.402205	0.0965606	0.120998	0.117129	0.0614573	0.0719678	0.0502795	0.0177259	0.0286536	0.0501949	0.189496	0.106467	0.150415	0.34097	0.109477	0.0917416	0.45351	0.116438	0.369562	0.272558	0.291808	0.382203	0.222679	0.284065	0.186297	0.247809	0.210185	0.0395816	0.145617	0.0959264	0.240255	0.0517574	0.0383459	0.378786	0.116731	0.374858	0.321598	0.363909	0.346942	0.350451	0.369016	0.0965505	0.121175	0.119532	0.0614472	0.0719561	0.0502722	0.0177232	0.0286468	0.0513987	0.189287	0.106461	0.146206	0.32927	0.109548	0.0901378	0.46323	0.116297	0.371574	0.276354	0.286282	0.37067	0.229606	0.273236	0.187259	0.245456	0.23311	
2.575	0.0395761	0.145617	0.0966112	0.239369	0.0517128	0.0386065	0.355047	0.11773	0.357223	0.316675	0.39624	0.355818	0.385788	0.402214	0.0965626	0.121001	0.117136	0.0614595	0.0719706	0.0502813	0.0177265	0.0286548	0.0503341	0.189497	0.106468	0.150452	0.340972	0.109549	0.0917434	0.45349	0.116436	0.369535	0.27256	0.291802	0.382318	0.222709	0.284062	0.186293	0.247924	0.210235	0.0395818	0.145617	0.0959262	0.240258	0.0517571	0.0383379	0.378925	0.116774	0.375072	0.321802	0.363932	0.346936	0.350515	0.369087	0.0965525	0.121177	0.119536	0.061449	0.0719586	0.050274	0.0177238	0.0286479	0.0514658	0.189289	0.106461	0.146225	0.329294	0.109593	0.0901369	0.463191	0.116286	0.371978	0.274224	0.28628	0.370695	0.229646	0.273233	0.187254	0.245517	0.23321	
2.58	0.0395759	0.145616	0.0966111	0.23937	0.0517129	0.0386045	0.35509	0.117667	0.357271	0.316719	0.396239	0.355815	0.385804	0.402224	0.0965648	0.121003	0.117144	0.0614617	0.0719734	0.0502831	0.0177272	0.0286561	0.050456	0.189497	0.106468	0.150471	0.340974	0.109627	0.0917413	0.453466	0.116433	0.3695	0.272562	0.291798	0.382442	0.222741	0.284059	0.18629	0.248028	0.210284	0.0395821	0.145618	0.0959247	0.240261	0.0517569	0.0383648	0.379062	0.116801	0.375308	0.322018	0.364016	0.347061	0.350505	0.369096	0.0965546	0.121179	0.11954	0.0614509	0.0719613	0.0502759	0.0177244	0.0286491	0.0515406	0.18929	0.10646	0.146241	0.329357	0.109644	0.0901359	0.463147	0.116282	0.372301	0.274412	0.286303	0.370722	0.229687	0.27332	0.187417	0.24558	0.233295	
2.585	0.0395758	0.145616	0.096611	0.239371	0.0517127	0.0386023	0.355117	0.117596	0.357321	0.316764	0.396238	0.355812	0.38582	0.402235	0.096567	0.121006	0.117153	0.0614641	0.0719763	0.0502851	0.0177279	0.0286573	0.0505741	0.189498	0.106468	0.150454	0.340975	0.109711	0.0917346	0.453439	0.116427	0.369462	0.272564	0.291793	0.382576	0.222774	0.284056	0.186287	0.248125	0.210334	0.0395824	0.145618	0.0959244	0.240265	0.0517551	0.038376	0.379191	0.116813	0.375376	0.322075	0.36401	0.347122	0.350481	0.369096	0.0965569	0.121181	0.119545	0.0614529	0.0719641	0.050278	0.017725	0.0286503	0.0516228	0.189292	0.10646	0.146205	0.329323	0.109701	0.090135	0.463097	0.116284	0.371659	0.275834	0.286331	0.370752	0.22973	0.273357	0.187573	0.245644	0.233365	
2.59	0.0395756	0.145615	0.0966108	0.239372	0.0517126	0.0386	0.35513	0.117524	0.357371	0.31681	0.396237	0.35581	0.385837	0.402246	0.0965694	0.121009	0.117161	0.0614665	0.0719793	0.050287	0.0177286	0.0286587	0.0507476	0.189498	0.106468	0.150426	0.340977	0.109801	0.0917231	0.453409	0.11642	0.369426	0.272566	0.291787	0.38272	0.222808	0.284054	0.186285	0.248216	0.210382	0.0395826	0.145618	0.0959234	0.240269	0.0517592	0.0383934	0.379308	0.116809	0.375306	0.321994	0.364077	0.347225	0.350389	0.369057	0.0965592	0.121184	0.11955	0.0614549	0.0719669	0.05028	0.0177257	0.0286516	0.0517125	0.189294	0.106459	0.146192	0.329335	0.109765	0.090134	0.463043	0.11629	0.371376	0.277205	0.286373	0.370785	0.229774	0.273425	0.18777	0.245708	0.233422	
2.595	0.0395754	0.145615	0.0966106	0.239373	0.0517126	0.0385974	0.35513	0.117458	0.357422	0.316857	0.396237	0.355807	0.385856	0.402258	0.0965718	0.121013	0.11717	0.061469	0.0719824	0.0502891	0.0177293	0.02866	0.0509381	0.189498	0.106469	0.150409	0.340978	0.109899	0.0917077	0.453376	0.116412	0.369395	0.272569	0.29178	0.382876	0.222844	0.284051	0.186282	0.248304	0.210429	0.0395829	0.145618	0.095922	0.240274	0.0517553	0.0383994	0.379412	0.116789	0.375227	0.321897	0.36421	0.347362	0.350269	0.369	0.0965617	0.121187	0.119557	0.0614571	0.0719699	0.0502821	0.0177264	0.0286529	0.0518113	0.189296	0.106459	0.146192	0.329371	0.109836	0.090133	0.462983	0.116296	0.371541	0.27653	0.286416	0.370822	0.22982	0.273545	0.187884	0.245774	0.233469	
2.6	0.0395752	0.145614	0.0966103	0.239373	0.0517126	0.0385946	0.355122	0.117401	0.357475	0.316904	0.396236	0.355805	0.385875	0.402271	0.0965742	0.121016	0.117179	0.0614715	0.0719856	0.0502911	0.01773	0.0286614	0.0511177	0.189499	0.106469	0.150404	0.340979	0.110007	0.0916897	0.453341	0.116404	0.369372	0.272572	0.291772	0.383043	0.222881	0.284048	0.186279	0.248389	0.210475	0.0395832	0.145618	0.0959211	0.240278	0.0517546	0.0383782	0.379518	0.116756	0.37519	0.321843	0.364362	0.347531	0.350156	0.36893	0.0965642	0.12119	0.119563	0.0614593	0.0719729	0.0502842	0.017727	0.0286543	0.0519202	0.189298	0.106459	0.146198	0.329416	0.109915	0.090132	0.462917	0.116289	0.371917	0.274484	0.286462	0.370865	0.229877	0.273703	0.187931	0.245839	0.233509	
2.605	0.0395749	0.145613	0.0966099	0.239374	0.0517125	0.0385917	0.355108	0.117356	0.357529	0.316953	0.396235	0.355802	0.385895	0.402284	0.0965768	0.12102	0.117187	0.061474	0.0719887	0.0502932	0.0177307	0.0286628	0.051287	0.189499	0.106469	0.1504	0.34098	0.110125	0.0916712	0.453303	0.116396	0.369356	0.272575	0.29176	0.383222	0.222921	0.284046	0.186276	0.248472	0.210519	0.0395834	0.145619	0.09592	0.240283	0.0517575	0.0383841	0.379616	0.116708	0.375078	0.321752	0.364408	0.347604	0.350067	0.368868	0.0965668	0.121193	0.11957	0.0614617	0.0719759	0.0502863	0.0177277	0.0286557	0.0520389	0.1893	0.106459	0.146163	0.329369	0.110004	0.0901311	0.462846	0.11628	0.372222	0.274445	0.286504	0.370915	0.229935	0.273787	0.188115	0.245905	0.233544	
2.61	0.0395746	0.145611	0.0966096	0.239375	0.0517125	0.0385885	0.355092	0.117321	0.357584	0.317003	0.396235	0.355799	0.385916	0.402298	0.0965793	0.121024	0.117196	0.0614765	0.0719919	0.0502953	0.0177314	0.0286642	0.0514566	0.189499	0.10647	0.150396	0.340981	0.110252	0.0916547	0.453264	0.116389	0.369348	0.272578	0.291746	0.383414	0.222963	0.284043	0.186295	0.248552	0.210561	0.0395837	0.14562	0.0959192	0.240288	0.0517554	0.0384035	0.3797	0.116649	0.374902	0.321626	0.364386	0.347602	0.350015	0.368823	0.0965694	0.121197	0.119578	0.061464	0.071979	0.0502885	0.0177285	0.0286571	0.0521668	0.189302	0.106459	0.146144	0.329298	0.110099	0.0901302	0.462768	0.116274	0.37185	0.275667	0.286537	0.370972	0.229991	0.273799	0.188299	0.24597	0.233579	
2.615	0.0395743	0.14561	0.0966091	0.239376	0.0517124	0.0385851	0.355076	0.117297	0.35764	0.317054	0.396235	0.355797	0.385937	0.402317	0.0965819	0.121029	0.117204	0.061479	0.071995	0.0502975	0.0177321	0.0286656	0.0516728	0.1895	0.10647	0.150393	0.340981	0.110386	0.0916435	0.453223	0.116383	0.369346	0.272581	0.29173	0.38362	0.223007	0.28404	0.186348	0.248628	0.210601	0.039584	0.14562	0.0959174	0.240293	0.0517558	0.0384178	0.379769	0.116579	0.374729	0.321501	0.364347	0.347571	0.349987	0.368789	0.0965722	0.121201	0.119585	0.0614664	0.0719821	0.0502906	0.0177292	0.0286585	0.0523049	0.189304	0.106459	0.146138	0.329249	0.110202	0.0901294	0.462684	0.116271	0.371663	0.276917	0.286562	0.371038	0.230048	0.273778	0.1885	0.246034	0.233613	
2.62	0.0395739	0.145608	0.0966086	0.239376	0.0517107	0.0385816	0.355064	0.117279	0.357698	0.317106	0.396234	0.355794	0.38596	0.402343	0.0965844	0.121033	0.117211	0.0614815	0.0719982	0.0502995	0.0177328	0.028667	0.051927	0.1895	0.10647	0.150392	0.34098	0.11053	0.0916412	0.453179	0.11638	0.369349	0.272584	0.291712	0.38384	0.223055	0.284038	0.186401	0.248698	0.210639	0.0395843	0.145621	0.0959167	0.240299	0.0517549	0.0384141	0.379828	0.116503	0.37464	0.32143	0.364352	0.347572	0.350012	0.368798	0.096575	0.121205	0.119592	0.0614689	0.0719852	0.0502927	0.0177299	0.02866	0.0524551	0.189306	0.106459	0.146133	0.32924	0.110312	0.0901287	0.462593	0.116263	0.371779	0.276178	0.286563	0.371116	0.230108	0.273771	0.188622	0.246099	0.23365	
2.625	0.0395734	0.145606	0.096608	0.239377	0.0517129	0.0385778	0.355054	0.117263	0.357757	0.31716	0.396234	0.355791	0.385988	0.402371	0.096587	0.121038	0.117216	0.0614839	0.0720012	0.0503016	0.0177335	0.0286684	0.0521992	0.1895	0.10647	0.150392	0.340979	0.110682	0.0916473	0.453135	0.116377	0.369352	0.272587	0.291697	0.384076	0.223106	0.284036	0.18646	0.248759	0.210674	0.0395847	0.145622	0.095915	0.240304	0.0517551	0.038418	0.379882	0.116421	0.374638	0.32142	0.364386	0.347636	0.350016	0.368805	0.0965779	0.121209	0.1196	0.0614714	0.0719883	0.0502947	0.0177306	0.0286614	0.0526182	0.189308	0.10646	0.146117	0.329238	0.11043	0.090128	0.462496	0.116248	0.372018	0.275934	0.286561	0.371205	0.230173	0.273825	0.188757	0.246162	0.233687	
2.63	0.0395729	0.145604	0.0966074	0.239377	0.0517115	0.0385738	0.355044	0.117244	0.357818	0.317215	0.396235	0.355789	0.386021	0.402399	0.0965896	0.121044	0.117221	0.0614863	0.0720043	0.0503036	0.0177342	0.0286698	0.0524865	0.1895	0.10647	0.150392	0.340977	0.110844	0.0916625	0.453088	0.116376	0.369354	0.272591	0.291684	0.384327	0.22316	0.284034	0.186528	0.248811	0.210706	0.039585	0.145624	0.0959144	0.240309	0.0517525	0.038441	0.379923	0.116339	0.374751	0.321542	0.36442	0.347728	0.349991	0.368796	0.0965809	0.121213	0.119607	0.0614739	0.0719914	0.0502967	0.0177313	0.0286629	0.0527938	0.18931	0.106461	0.146096	0.329219	0.110555	0.0901275	0.462393	0.116236	0.372166	0.276384	0.286566	0.371309	0.230241	0.273911	0.188904	0.246225	0.233725	
2.635	0.0395724	0.145602	0.0966067	0.239378	0.0517119	0.0385696	0.355033	0.11722	0.357881	0.317272	0.396235	0.355786	0.386059	0.402435	0.0965921	0.121049	0.117226	0.0614886	0.0720072	0.0503056	0.0177348	0.0286711	0.0528002	0.1895	0.106471	0.150391	0.340975	0.111014	0.0916831	0.45304	0.116374	0.369353	0.272595	0.291673	0.384594	0.223219	0.284031	0.186611	0.248853	0.210735	0.0395854	0.145625	0.0959133	0.240314	0.0517552	0.0384534	0.37995	0.11626	0.374913	0.32173	0.364432	0.347804	0.349942	0.368761	0.096584	0.121218	0.119613	0.0614764	0.0719944	0.0502987	0.0177321	0.0286643	0.0529813	0.189312	0.106462	0.146071	0.329183	0.110688	0.0901272	0.462285	0.116227	0.372175	0.276933	0.286583	0.371428	0.230311	0.27399	0.189017	0.246288	0.233761	
2.64	0.0395717	0.145599	0.0966059	0.239378	0.0517135	0.0385653	0.355018	0.117189	0.357946	0.31733	0.396236	0.355783	0.386101	0.402479	0.0965945	0.121055	0.117229	0.0614909	0.0720101	0.0503076	0.0177354	0.0286723	0.053137	0.1895	0.106471	0.150389	0.340971	0.111192	0.0917063	0.45299	0.116372	0.369347	0.272599	0.291663	0.384877	0.223282	0.28403	0.186712	0.248884	0.210761	0.0395858	0.145626	0.0959109	0.240319	0.051754	0.0384401	0.379977	0.116189	0.375078	0.321927	0.364421	0.347843	0.349933	0.368737	0.0965872	0.121223	0.119619	0.0614789	0.0719974	0.0503006	0.0177328	0.0286657	0.05318	0.189314	0.106464	0.146047	0.329137	0.11083	0.090127	0.462172	0.116209	0.372241	0.27566	0.286587	0.371564	0.230383	0.274038	0.18903	0.246349	0.233794	
2.645	0.039571	0.145595	0.096605	0.239378	0.0517086	0.0385608	0.354999	0.117152	0.358014	0.317391	0.396236	0.355781	0.386141	0.402519	0.0965971	0.121061	0.117232	0.061493	0.0720128	0.0503094	0.017736	0.0286736	0.05347	0.1895	0.106471	0.150387	0.340967	0.11138	0.0917316	0.452938	0.116368	0.369337	0.272603	0.291653	0.385176	0.223349	0.284028	0.18683	0.248903	0.210784	0.0395861	0.145628	0.0959105	0.240324	0.0517535	0.0384415	0.380004	0.116129	0.375092	0.321987	0.364335	0.347771	0.349832	0.368689	0.0965905	0.121227	0.119625	0.0614814	0.0720003	0.0503024	0.0177335	0.0286672	0.0533895	0.189316	0.106465	0.146005	0.329058	0.110978	0.0901269	0.462056	0.116186	0.372366	0.275325	0.286613	0.371718	0.230457	0.273994	0.189077	0.24641	0.233822	
2.65	0.0395703	0.145592	0.096604	0.239377	0.0517078	0.0385562	0.354975	0.117111	0.358083	0.317454	0.396238	0.355778	0.386178	0.402551	0.0965998	0.121067	0.117236	0.0614951	0.0720155	0.0503112	0.0177366	0.0286747	0.0537912	0.1895	0.10647	0.150385	0.340962	0.111576	0.0917549	0.452884	0.116363	0.369324	0.272607	0.291642	0.385492	0.223422	0.284026	0.186962	0.248912	0.210805	0.0395865	0.14563	0.0959095	0.240329	0.0517538	0.038467	0.380019	0.11608	0.375051	0.322007	0.364197	0.34761	0.349679	0.368617	0.096594	0.121232	0.11963	0.0614838	0.0720031	0.0503042	0.0177341	0.0286685	0.0536101	0.189317	0.106467	0.145965	0.328979	0.111133	0.0901269	0.461938	0.116173	0.372443	0.275908	0.28665	0.371893	0.230533	0.273873	0.189156	0.24647	0.233843	
2.655	0.0395694	0.145588	0.0966029	0.239377	0.0517075	0.0385514	0.354946	0.117069	0.358155	0.317519	0.396239	0.355775	0.386215	0.402581	0.0966028	0.121074	0.117239	0.061497	0.072018	0.050313	0.0177371	0.0286758	0.0541065	0.1895	0.10647	0.150382	0.340956	0.111781	0.0917742	0.452827	0.116353	0.36931	0.272612	0.29163	0.385825	0.223499	0.284024	0.187105	0.248911	0.210822	0.0395869	0.145631	0.0959084	0.240333	0.0517535	0.0385011	0.380021	0.116044	0.375033	0.322046	0.364121	0.347489	0.349537	0.368534	0.0965975	0.121238	0.119634	0.0614862	0.0720059	0.0503059	0.0177348	0.0286699	0.053842	0.189319	0.106469	0.145957	0.328947	0.111296	0.0901271	0.461817	0.116173	0.372441	0.276645	0.28669	0.372088	0.230614	0.273775	0.189238	0.246528	0.233856	
2.66	0.0395685	0.145583	0.0966018	0.239376	0.0517063	0.0385466	0.354912	0.117027	0.358229	0.317586	0.39624	0.355773	0.386258	0.402617	0.096606	0.121081	0.117243	0.0614989	0.0720204	0.0503146	0.0177376	0.0286769	0.0544336	0.1895	0.10647	0.150378	0.340949	0.111993	0.0917883	0.452768	0.116339	0.369297	0.272617	0.291617	0.386173	0.223583	0.284023	0.187256	0.2489	0.210838	0.0395873	0.145633	0.095907	0.240337	0.0517534	0.038526	0.380012	0.11602	0.375097	0.322158	0.364111	0.347433	0.349427	0.368443	0.0966012	0.121243	0.119637	0.0614886	0.0720086	0.0503076	0.0177354	0.0286712	0.0540849	0.189321	0.106471	0.145952	0.328932	0.111468	0.0901274	0.461695	0.116178	0.372412	0.276991	0.286716	0.372307	0.230697	0.273721	0.189303	0.246585	0.233857	
2.665	0.0395675	0.145578	0.0968067	0.239376	0.0517051	0.0385416	0.354873	0.11699	0.358306	0.317656	0.396242	0.35577	0.386313	0.402664	0.0966095	0.121088	0.117245	0.0615006	0.0720226	0.0503162	0.017738	0.0286779	0.0547833	0.189499	0.10647	0.150373	0.340941	0.112214	0.0918099	0.452706	0.116324	0.369284	0.272621	0.291604	0.386537	0.223673	0.284021	0.187412	0.24888	0.210851	0.0395877	0.145635	0.0959066	0.240341	0.0517537	0.0385423	0.380001	0.116007	0.375203	0.322303	0.364169	0.347453	0.349374	0.368359	0.0966051	0.121248	0.11964	0.0614909	0.0720111	0.0503091	0.0177361	0.0286725	0.0543384	0.189322	0.106473	0.145957	0.328932	0.111648	0.0901279	0.461572	0.116179	0.37242	0.277107	0.286731	0.372548	0.230784	0.273723	0.189369	0.246641	0.233847	
2.67	0.0395665	0.145572	0.0971785	0.239375	0.051704	0.0385365	0.354829	0.11696	0.358385	0.317729	0.396244	0.355768	0.386371	0.402709	0.0966133	0.121095	0.117244	0.0615023	0.0720247	0.0503176	0.0177385	0.0286789	0.0551378	0.189499	0.10647	0.150368	0.340931	0.112442	0.0918371	0.452641	0.116313	0.369272	0.272627	0.291589	0.386917	0.223769	0.28402	0.187568	0.248853	0.210862	0.0395881	0.145636	0.0959055	0.240344	0.0517526	0.0385542	0.379989	0.116004	0.375172	0.322317	0.364198	0.347459	0.349228	0.368247	0.0966091	0.121254	0.119642	0.0614932	0.0720136	0.0503106	0.0177366	0.0286737	0.0546013	0.189324	0.106475	0.145925	0.328892	0.111836	0.0901284	0.461448	0.116176	0.372476	0.27723	0.286758	0.372815	0.230874	0.27372	0.18942	0.246695	0.233823	
2.675	0.0395653	0.145566	0.0975159	0.239373	0.0517028	0.0385314	0.354778	0.116939	0.358468	0.317805	0.396247	0.355765	0.386427	0.402745	0.0966174	0.121103	0.117241	0.0615038	0.0720267	0.050319	0.0177389	0.0286797	0.0554884	0.189499	0.106469	0.150362	0.340921	0.112677	0.0918623	0.452572	0.116308	0.369262	0.272632	0.291573	0.387312	0.223872	0.284019	0.187718	0.24882	0.210872	0.0395885	0.145638	0.0959052	0.240347	0.0517534	0.0385634	0.379975	0.116008	0.375044	0.322239	0.36417	0.347423	0.349032	0.36813	0.0966132	0.121259	0.119642	0.0614953	0.0720159	0.0503119	0.0177372	0.0286749	0.0548728	0.189325	0.106477	0.145877	0.328826	0.11203	0.090129	0.461323	0.116169	0.372558	0.277419	0.286794	0.373106	0.230967	0.273693	0.189471	0.246746	0.233788	
2.68	0.0395641	0.145559	0.0978244	0.239372	0.0517015	0.0385262	0.354723	0.11693	0.358553	0.317884	0.396249	0.355762	0.386478	0.402775	0.0966218	0.121111	0.117237	0.0615052	0.0720285	0.0503202	0.0177392	0.0286806	0.0558361	0.189498	0.106469	0.150355	0.34091	0.11292	0.0918897	0.4525	0.116305	0.369258	0.272637	0.291556	0.387722	0.223981	0.284018	0.187857	0.248784	0.21088	0.0395889	0.145639	0.0959055	0.240349	0.0517556	0.0385701	0.379958	0.11602	0.375015	0.322248	0.364112	0.347364	0.348867	0.36803	0.0966175	0.121265	0.119642	0.0614974	0.0720181	0.0503132	0.0177377	0.028676	0.0551528	0.189327	0.106479	0.145837	0.328764	0.11223	0.0901298	0.461199	0.116162	0.372649	0.277637	0.286826	0.373424	0.231064	0.273656	0.189534	0.246796	0.233743	
2.685	0.0395628	0.145551	0.0980654	0.23937	0.0517001	0.0385209	0.354668	0.116934	0.358642	0.317966	0.396254	0.35576	0.386527	0.4028	0.0966264	0.121119	0.117233	0.0615065	0.0720301	0.0503213	0.0177395	0.0286813	0.0560993	0.189498	0.106468	0.150387	0.340897	0.113168	0.0919282	0.452424	0.116303	0.369264	0.272643	0.291547	0.388146	0.224098	0.284017	0.187986	0.248745	0.210887	0.0395893	0.145641	0.0959043	0.240351	0.0517522	0.0385741	0.379937	0.116039	0.375116	0.322379	0.364061	0.347311	0.348755	0.367946	0.096622	0.12127	0.119641	0.0614993	0.0720201	0.0503143	0.0177382	0.028677	0.0554414	0.189328	0.106481	0.145807	0.328715	0.112435	0.0901305	0.461075	0.116153	0.372742	0.277849	0.286849	0.373768	0.231164	0.273624	0.189607	0.246842	0.23369	
2.69	0.0395614	0.145542	0.0982425	0.239368	0.0516986	0.0385155	0.354618	0.116953	0.358734	0.318052	0.396262	0.355758	0.386573	0.402823	0.0966314	0.121128	0.117229	0.0615076	0.0720316	0.0503223	0.0177398	0.028682	0.0561791	0.189497	0.106468	0.150464	0.340885	0.113422	0.0919769	0.452346	0.116301	0.369282	0.272649	0.291552	0.388583	0.224227	0.284017	0.188105	0.248705	0.210893	0.0395896	0.145642	0.0959004	0.240352	0.0517523	0.0385759	0.379913	0.116066	0.375297	0.322589	0.364027	0.347274	0.3487	0.367867	0.0966266	0.121276	0.119639	0.0615012	0.072022	0.0503153	0.0177387	0.028678	0.0557384	0.189329	0.106483	0.145778	0.328672	0.112647	0.0901314	0.460952	0.116141	0.372834	0.278046	0.286865	0.374138	0.231266	0.273604	0.189687	0.246886	0.233629	
2.695	0.03956	0.14553	0.098411	0.239365	0.0516971	0.0385102	0.354574	0.116986	0.358829	0.318141	0.396274	0.355756	0.386618	0.402845	0.0966366	0.121136	0.117225	0.0615086	0.0720329	0.0503232	0.0177401	0.0286826	0.0561703	0.189497	0.106468	0.150534	0.340872	0.113682	0.0920247	0.452264	0.116299	0.369314	0.272654	0.291553	0.389033	0.224366	0.284019	0.188213	0.248666	0.210899	0.0395899	0.145643	0.0959057	0.240353	0.0517531	0.038576	0.379884	0.116101	0.375514	0.322814	0.364009	0.347252	0.34869	0.367791	0.0966313	0.121281	0.119635	0.0615029	0.0720237	0.0503162	0.0177391	0.0286789	0.0560322	0.18933	0.106485	0.145748	0.328628	0.112864	0.0901323	0.460831	0.116128	0.372919	0.278223	0.286877	0.374535	0.231372	0.273594	0.18977	0.246927	0.233564	
2.7	0.0395584	0.145516	0.0985586	0.239362	0.0516954	0.0385047	0.354537	0.117033	0.358927	0.318234	0.396288	0.355755	0.386659	0.402861	0.0966421	0.121145	0.117221	0.0615095	0.072034	0.050324	0.0177403	0.0286831	0.0561606	0.189496	0.106467	0.150499	0.340859	0.113944	0.0920767	0.45218	0.116297	0.369359	0.27266	0.291551	0.389496	0.224512	0.284021	0.188308	0.24863	0.210905	0.0395902	0.145644	0.0959083	0.240352	0.0517549	0.0385749	0.379849	0.116145	0.375552	0.322845	0.363986	0.347244	0.348681	0.367604	0.0966362	0.121287	0.119631	0.0615045	0.0720252	0.050317	0.0177395	0.0286797	0.0561602	0.189331	0.106487	0.145708	0.328579	0.113086	0.0901333	0.460711	0.116118	0.372988	0.278364	0.286906	0.374958	0.23148	0.273598	0.189825	0.246965	0.233493	
2.705	0.0395568	0.145497	0.0986888	0.239359	0.0516937	0.0384993	0.354511	0.117094	0.359029	0.318331	0.3963	0.355753	0.386696	0.402873	0.0966479	0.121154	0.117217	0.0615103	0.0720349	0.0503246	0.0177404	0.0286835	0.056164	0.189495	0.106467	0.150399	0.340844	0.11421	0.0921323	0.452094	0.116295	0.369419	0.272667	0.291548	0.389972	0.224661	0.284023	0.188389	0.248597	0.210911	0.0395905	0.145645	0.0959049	0.240352	0.0517521	0.0385728	0.379809	0.116199	0.375326	0.322632	0.363958	0.347242	0.348664	0.367329	0.0966412	0.121293	0.119626	0.0615059	0.0720265	0.0503176	0.0177398	0.0286805	0.0561679	0.189332	0.106489	0.145668	0.328528	0.113311	0.0901342	0.460593	0.116108	0.373045	0.278488	0.286943	0.375407	0.23159	0.273609	0.189859	0.247	0.233418	
2.71	0.039555	0.145465	0.0988114	0.239355	0.0516919	0.0384938	0.354496	0.117168	0.359134	0.318432	0.396309	0.355752	0.386728	0.402882	0.096654	0.121163	0.117212	0.061511	0.0720357	0.0503251	0.0177406	0.0286839	0.056169	0.189494	0.106467	0.150367	0.340828	0.11448	0.0921902	0.452007	0.116294	0.369492	0.272673	0.291544	0.39046	0.224815	0.284025	0.188454	0.248568	0.210917	0.0395907	0.145646	0.0959023	0.24035	0.0517538	0.0385701	0.379763	0.116262	0.375049	0.322407	0.363934	0.347244	0.348647	0.367057	0.0966463	0.121298	0.119619	0.0615073	0.0720276	0.0503181	0.0177401	0.0286811	0.0561555	0.189333	0.10649	0.145634	0.328479	0.113539	0.0901352	0.460477	0.116094	0.373099	0.278617	0.286976	0.375881	0.231703	0.27362	0.1899	0.247032	0.23334	
2.715	0.0395532	0.145422	0.0988391	0.239351	0.0516899	0.0384883	0.354493	0.117254	0.359242	0.318537	0.396316	0.35575	0.386757	0.402888	0.0966603	0.121172	0.117206	0.0615116	0.0720364	0.0503255	0.0177407	0.0286843	0.0561709	0.189493	0.106466	0.150386	0.340811	0.114752	0.092299	0.451918	0.116296	0.369578	0.27369	0.291544	0.39096	0.224976	0.284027	0.188562	0.248544	0.210924	0.0395908	0.145646	0.0959128	0.240348	0.051754	0.038567	0.379712	0.116334	0.374821	0.322212	0.363909	0.347227	0.348639	0.366847	0.0966515	0.121304	0.119612	0.0615084	0.0720285	0.0503185	0.0177403	0.0286817	0.0561557	0.189334	0.106492	0.145598	0.328422	0.11377	0.0901362	0.460363	0.116079	0.373146	0.278748	0.286988	0.37638	0.231818	0.273616	0.189959	0.24706	0.233257	
2.72	0.0395514	0.145544	0.0988047	0.239346	0.0516879	0.0384827	0.354505	0.11735	0.359354	0.318646	0.396324	0.355748	0.386784	0.402894	0.0966668	0.121181	0.1172	0.061512	0.0720379	0.0503257	0.0177408	0.0286845	0.0561714	0.189492	0.106466	0.150449	0.340793	0.115027	0.0924385	0.451828	0.1163	0.369676	0.275038	0.29155	0.391472	0.225143	0.284029	0.188694	0.248524	0.21093	0.0395909	0.145646	0.0959085	0.240345	0.0517523	0.0385634	0.379659	0.116413	0.374661	0.322028	0.363966	0.347268	0.348638	0.366646	0.0966568	0.121309	0.119603	0.0615094	0.0720293	0.0503187	0.0177405	0.0286821	0.0561608	0.189334	0.106494	0.145597	0.328407	0.114003	0.0902705	0.460252	0.116061	0.373207	0.278909	0.286996	0.376903	0.231935	0.273645	0.190027	0.247085	0.233173	
2.725	0.0395494	0.14565	0.0987592	0.239341	0.0516858	0.0384772	0.354531	0.117453	0.359469	0.318759	0.396333	0.355747	0.386812	0.4029	0.0966736	0.121191	0.117193	0.0615126	0.0720406	0.0503258	0.0177408	0.0286847	0.056172	0.18949	0.106466	0.150507	0.340775	0.115303	0.092562	0.451737	0.116307	0.369784	0.276189	0.291564	0.391995	0.225316	0.284032	0.188817	0.248507	0.210937	0.039591	0.145646	0.0959337	0.240341	0.0517513	0.0385595	0.379612	0.116498	0.374558	0.321865	0.364051	0.347325	0.348643	0.366478	0.0966622	0.121315	0.119594	0.0615103	0.0720298	0.0503188	0.0177407	0.0286825	0.0561632	0.189335	0.106495	0.145585	0.328386	0.114237	0.0904528	0.460144	0.116039	0.373301	0.279121	0.286991	0.377448	0.232053	0.273679	0.190112	0.247106	0.233089	
2.73	0.0395474	0.145644	0.0987387	0.239335	0.0516835	0.0384717	0.354569	0.11756	0.359587	0.318876	0.396345	0.355745	0.38684	0.402906	0.0966806	0.1212	0.117185	0.0615139	0.0720445	0.0503258	0.0177408	0.0286848	0.0561727	0.189489	0.106466	0.150561	0.340756	0.115579	0.0926905	0.451647	0.116316	0.369897	0.277035	0.291584	0.39253	0.225496	0.284035	0.188924	0.248494	0.210944	0.0395909	0.145646	0.0960277	0.240336	0.0517554	0.0385554	0.379571	0.116586	0.374494	0.32174	0.364161	0.347407	0.34865	0.366368	0.0966677	0.12132	0.119583	0.061511	0.0720301	0.0503187	0.0177408	0.0286828	0.0561636	0.189335	0.106497	0.145579	0.328369	0.114471	0.0906455	0.460038	0.116025	0.373421	0.279362	0.286978	0.378014	0.232173	0.273729	0.190211	0.247125	0.233006	
2.735	0.0395453	0.145581	0.0987393	0.239328	0.0516811	0.0384663	0.354618	0.117664	0.359708	0.318997	0.396358	0.355744	0.386869	0.402913	0.0966877	0.121209	0.117175	0.0615162	0.0720495	0.0503259	0.0177408	0.0286849	0.0561732	0.189487	0.106467	0.150607	0.340737	0.115857	0.0928116	0.451557	0.116329	0.370013	0.27766	0.291608	0.393077	0.225682	0.284038	0.189015	0.248484	0.210951	0.0395909	0.145646	0.0961215	0.24033	0.0517557	0.0385511	0.379537	0.116673	0.374523	0.32173	0.364266	0.347488	0.348657	0.366311	0.0966733	0.121326	0.119571	0.0615116	0.0720303	0.0503186	0.0177408	0.028683	0.0561638	0.189336	0.106498	0.145566	0.328342	0.114705	0.0908298	0.459935	0.116023	0.373549	0.279604	0.286953	0.378602	0.232294	0.273777	0.190312	0.247139	0.232926	
2.74	0.0395431	0.14551	0.0987343	0.239321	0.0516786	0.0384608	0.354674	0.117764	0.359832	0.319122	0.396372	0.355743	0.386899	0.40292	0.096695	0.121219	0.117163	0.0615194	0.0720555	0.0503267	0.0177407	0.0286849	0.0561734	0.189485	0.106467	0.150608	0.340718	0.116134	0.0929197	0.451468	0.116343	0.370128	0.278159	0.291634	0.393634	0.225873	0.284042	0.189093	0.248476	0.210958	0.0395907	0.145645	0.09622	0.240324	0.051753	0.0385468	0.379506	0.116753	0.374555	0.321701	0.364327	0.347533	0.348666	0.366287	0.0966789	0.121331	0.119558	0.061512	0.0720303	0.0503182	0.0177409	0.0286832	0.0561641	0.189336	0.106499	0.14553	0.328289	0.114939	0.0910003	0.459836	0.116029	0.373677	0.27983	0.286932	0.379208	0.232415	0.273801	0.190401	0.247151	0.232853	
2.745	0.0395408	0.145433	0.0987229	0.239314	0.0516759	0.0384555	0.354734	0.117855	0.359958	0.319251	0.396383	0.355742	0.386931	0.40293	0.0967025	0.121228	0.117149	0.0615234	0.0720624	0.0503282	0.0177407	0.0286849	0.0561734	0.189483	0.106467	0.150567	0.340698	0.116411	0.0930133	0.451381	0.116359	0.370237	0.278584	0.29166	0.394202	0.226069	0.284046	0.189157	0.24847	0.210964	0.0395905	0.145644	0.0963521	0.240317	0.0517304	0.0385423	0.379476	0.116824	0.374543	0.321602	0.364322	0.347518	0.348675	0.366279	0.0966845	0.121336	0.119543	0.0615124	0.0720301	0.0503178	0.0177409	0.0286833	0.0561643	0.189336	0.106501	0.145476	0.32821	0.115171	0.0911562	0.45974	0.11604	0.373795	0.28003	0.286908	0.379833	0.232538	0.273787	0.190472	0.24716	0.23279	
2.75	0.0395385	0.145347	0.098707	0.239305	0.0516732	0.0384502	0.354794	0.117935	0.360087	0.319384	0.396392	0.355741	0.386964	0.402948	0.0967101	0.121237	0.117133	0.0615282	0.07207	0.0503304	0.0177406	0.0286847	0.0561732	0.189481	0.106468	0.150511	0.340678	0.116685	0.0931101	0.451296	0.116376	0.370336	0.27895	0.291684	0.394781	0.226269	0.28405	0.189371	0.248467	0.210972	0.0395902	0.145643	0.0964246	0.240309	0.0517631	0.0385378	0.379445	0.116881	0.374502	0.321481	0.364304	0.347496	0.348683	0.366278	0.0966902	0.121341	0.119527	0.0615126	0.0720297	0.0503173	0.0177408	0.0286833	0.0561642	0.189336	0.106502	0.145438	0.328148	0.115402	0.09127	0.459646	0.116054	0.373899	0.280198	0.286889	0.380476	0.232673	0.273772	0.19052	0.247166	0.232737	
2.755	0.0395362	0.145476	0.0986817	0.239296	0.0516702	0.0384449	0.35485	0.118002	0.360218	0.31952	0.396397	0.355739	0.387001	0.402975	0.0967178	0.121246	0.117113	0.0615336	0.0720784	0.0503332	0.0177404	0.0286846	0.0561727	0.189478	0.106468	0.150496	0.340658	0.116959	0.0931797	0.451217	0.116392	0.370422	0.279257	0.291705	0.39537	0.226473	0.284053	0.189594	0.248465	0.210981	0.0395899	0.145642	0.0965491	0.2403	0.0517637	0.0385332	0.379409	0.116925	0.374595	0.321561	0.364296	0.34748	0.348692	0.366282	0.0966959	0.121346	0.119509	0.0615127	0.0720292	0.0503171	0.0177408	0.0286832	0.0561639	0.189336	0.106503	0.14541	0.328097	0.11563	0.091387	0.459557	0.11607	0.373985	0.280329	0.286868	0.381135	0.232817	0.273762	0.190546	0.247169	0.232698	
2.76	0.0395337	0.145626	0.0986575	0.239287	0.0516672	0.0384398	0.354896	0.118053	0.36035	0.319659	0.396401	0.355738	0.38704	0.403004	0.0967256	0.121255	0.117091	0.0615397	0.0720874	0.0503365	0.0177403	0.0286843	0.0561721	0.189475	0.106469	0.15047	0.340637	0.11723	0.0932263	0.451143	0.116407	0.370491	0.279502	0.291722	0.395969	0.226681	0.284056	0.189824	0.248465	0.210991	0.0395894	0.145641	0.096663	0.24029	0.0517799	0.0385287	0.379365	0.116953	0.374684	0.321657	0.364256	0.347439	0.348701	0.366289	0.0967016	0.12135	0.11949	0.0615127	0.0720286	0.0503175	0.0177407	0.0286831	0.0561634	0.189336	0.106504	0.145362	0.32803	0.115855	0.0914835	0.459471	0.116086	0.374049	0.280418	0.286855	0.381809	0.232955	0.273738	0.19055	0.247171	0.232673	
2.765	0.0395312	0.145645	0.0986651	0.239276	0.051664	0.0384347	0.354928	0.118089	0.360485	0.3198	0.396401	0.355736	0.387083	0.403032	0.0967334	0.121264	0.117066	0.0615463	0.072097	0.0503402	0.0177401	0.028684	0.0561713	0.189473	0.10647	0.150411	0.340616	0.117497	0.0932576	0.451074	0.116418	0.370541	0.27968	0.291736	0.396577	0.22689	0.284058	0.190016	0.248466	0.211001	0.0395889	0.145639	0.0968564	0.24028	0.0517398	0.0385241	0.379313	0.11697	0.374677	0.321666	0.364175	0.347366	0.34871	0.366297	0.0967074	0.121355	0.11947	0.0615127	0.0720278	0.0503184	0.0177406	0.0286829	0.0561628	0.189336	0.106505	0.145304	0.327949	0.116078	0.091595	0.459388	0.116104	0.37409	0.280467	0.286835	0.382498	0.233084	0.273695	0.190533	0.24717	0.232663	
2.77	0.0395286	0.145575	0.0987089	0.239265	0.0516605	0.0384297	0.354942	0.118107	0.360621	0.319944	0.396399	0.355734	0.387129	0.403058	0.0967414	0.121273	0.117037	0.0615534	0.072107	0.0503444	0.0177399	0.0286837	0.0561703	0.18947	0.106471	0.150372	0.340595	0.11776	0.0932814	0.451011	0.116425	0.370573	0.27979	0.291748	0.397194	0.227102	0.284059	0.19022	0.248466	0.211011	0.0395884	0.145637	0.0969658	0.240268	0.0517571	0.0385196	0.379252	0.116976	0.374605	0.321602	0.364147	0.347334	0.348719	0.366307	0.0967131	0.121359	0.119448	0.0615125	0.072027	0.0503197	0.0177404	0.0286827	0.0561621	0.189335	0.106507	0.145281	0.327903	0.116296	0.0916634	0.459309	0.116122	0.37411	0.280478	0.286813	0.383202	0.233213	0.273678	0.190494	0.247167	0.232668	
2.775	0.0395259	0.14547	0.0987645	0.239254	0.0516569	0.0384248	0.354936	0.11811	0.360757	0.32009	0.396395	0.355731	0.387179	0.403086	0.0967493	0.121282	0.117005	0.0615609	0.0721175	0.0503488	0.0177396	0.0286833	0.0561691	0.189467	0.106471	0.150353	0.340574	0.118018	0.0932837	0.450952	0.116427	0.370586	0.279833	0.291758	0.397819	0.227315	0.28406	0.190398	0.248464	0.211022	0.0395878	0.145635	0.0970823	0.240256	0.0517566	0.0385151	0.379181	0.116977	0.374525	0.321506	0.364147	0.347316	0.348728	0.366318	0.0967187	0.121363	0.119425	0.0615123	0.072026	0.0503214	0.0177403	0.0286825	0.0561612	0.189335	0.106508	0.145257	0.32786	0.116511	0.0917323	0.459234	0.116139	0.374113	0.280459	0.286782	0.383918	0.233339	0.273669	0.190438	0.247164	0.232687	
2.78	0.0395232	0.14535	0.0988271	0.239241	0.0516531	0.0384199	0.354908	0.118099	0.360895	0.320238	0.396391	0.355729	0.387234	0.403117	0.0967574	0.12129	0.116972	0.0615689	0.0721283	0.0503536	0.0177394	0.0286829	0.0561677	0.189463	0.106472	0.150311	0.340553	0.118271	0.0932706	0.450899	0.116426	0.370583	0.279812	0.291769	0.398451	0.227528	0.284061	0.190579	0.248461	0.211032	0.0395871	0.145633	0.097176	0.240243	0.0517538	0.0385106	0.379103	0.116974	0.374465	0.321417	0.36412	0.347272	0.348737	0.366329	0.0967244	0.121367	0.119401	0.0615121	0.072025	0.0503234	0.0177401	0.0286822	0.0561602	0.189335	0.106509	0.145211	0.327796	0.11672	0.091821	0.459162	0.116158	0.374101	0.280416	0.28676	0.384647	0.233463	0.273641	0.190375	0.247159	0.23272	
2.785	0.0395203	0.145221	0.0988982	0.239229	0.051649	0.0384151	0.354856	0.118077	0.361034	0.320388	0.396385	0.355727	0.387294	0.403152	0.0967654	0.121299	0.116936	0.0615772	0.0721393	0.0503586	0.0177391	0.0286824	0.0561663	0.18946	0.106473	0.150266	0.340533	0.11852	0.0932451	0.45085	0.116422	0.370566	0.279734	0.291779	0.399091	0.227741	0.284061	0.19074	0.248455	0.211042	0.0395863	0.145631	0.0972654	0.240228	0.0517534	0.0385062	0.379018	0.116971	0.374428	0.321374	0.364065	0.34721	0.348746	0.36634	0.09673	0.12137	0.119375	0.0615118	0.0720241	0.0503257	0.01774	0.0286819	0.0561591	0.189334	0.10651	0.145161	0.327724	0.116925	0.0918768	0.459096	0.116177	0.374079	0.280357	0.286734	0.385389	0.233584	0.273604	0.190483	0.247156	0.232766	
2.79	0.0395174	0.145085	0.0989736	0.239215	0.0516445	0.0384102	0.354783	0.118048	0.361176	0.320538	0.396379	0.355724	0.387362	0.403192	0.0967734	0.121307	0.116899	0.0615858	0.0721506	0.0503638	0.0177388	0.0286819	0.0561647	0.189456	0.106474	0.150237	0.340512	0.118762	0.0932106	0.450806	0.116415	0.37054	0.279607	0.29179	0.399737	0.227954	0.284061	0.190901	0.248447	0.211052	0.0395855	0.145629	0.0973593	0.240213	0.0517375	0.0385019	0.378929	0.116969	0.374406	0.321352	0.364046	0.34717	0.348754	0.366351	0.0967355	0.121373	0.119349	0.0615115	0.072024	0.0503282	0.0177398	0.0286815	0.0561579	0.189333	0.106511	0.145137	0.327675	0.117125	0.0919333	0.459039	0.116195	0.374051	0.280291	0.286713	0.386141	0.233712	0.273581	0.190575	0.247156	0.232826	
2.795	0.0395144	0.144942	0.0990459	0.239201	0.0516397	0.0384054	0.354687	0.118013	0.361307	0.320689	0.396373	0.355721	0.38744	0.403238	0.0967815	0.121315	0.116862	0.0615947	0.072162	0.0503692	0.0177385	0.0286814	0.056163	0.189452	0.106474	0.150232	0.340492	0.119	0.0931676	0.450766	0.116408	0.370504	0.279439	0.291802	0.400389	0.228166	0.28406	0.191043	0.248438	0.211062	0.0395846	0.145626	0.0974292	0.240197	0.0517412	0.0384976	0.378835	0.11697	0.374391	0.321343	0.36405	0.347144	0.348763	0.366362	0.096741	0.121376	0.119322	0.0615112	0.0720249	0.0503308	0.0177396	0.0286812	0.0561567	0.189333	0.106513	0.145113	0.32763	0.11732	0.0919795	0.458991	0.116214	0.37402	0.280224	0.286688	0.386905	0.233837	0.273565	0.190674	0.247158	0.232895	
2.8	0.0395112	0.144792	0.0991131	0.239186	0.0516342	0.0384005	0.354573	0.117974	0.361409	0.320841	0.396368	0.355718	0.387523	0.403289	0.0967895	0.121323	0.116826	0.0616039	0.0721736	0.0503747	0.0177382	0.0286808	0.0561613	0.189448	0.106475	0.150229	0.340472	0.119233	0.0931191	0.450732	0.116402	0.370463	0.279236	0.291815	0.401046	0.228378	0.284059	0.191182	0.248427	0.211071	0.0395837	0.145624	0.0974991	0.240181	0.0517378	0.0384934	0.37874	0.116975	0.374381	0.321333	0.364101	0.347161	0.348772	0.366373	0.0967464	0.121379	0.119295	0.0615108	0.0720266	0.0503336	0.0177394	0.0286808	0.0561553	0.189332	0.106514	0.145103	0.327605	0.117509	0.0920298	0.458952	0.116234	0.37399	0.280159	0.286668	0.387679	0.23396	0.273578	0.190732	0.247163	0.23297	
2.805	0.039508	0.144636	0.0991746	0.23917	0.0516277	0.0383955	0.354441	0.117933	0.361475	0.320993	0.396363	0.355716	0.387612	0.403345	0.0967976	0.121331	0.116792	0.0616132	0.0721852	0.0503804	0.0177379	0.0286803	0.0561596	0.189444	0.106476	0.150223	0.340453	0.119461	0.0930672	0.450702	0.116398	0.370416	0.279005	0.291829	0.401708	0.228588	0.284058	0.191303	0.248417	0.211081	0.0395827	0.145621	0.0975693	0.240163	0.0517339	0.0384892	0.378644	0.116981	0.374373	0.321323	0.36415	0.347183	0.348781	0.366384	0.0967516	0.121382	0.119267	0.0615104	0.0720291	0.0503365	0.0177393	0.0286804	0.0561539	0.189331	0.106515	0.14508	0.327569	0.117693	0.0920764	0.458922	0.116256	0.37396	0.280096	0.286646	0.388463	0.23408	0.273593	0.190816	0.24717	0.233047	
2.81	0.0395046	0.144472	0.0992302	0.239154	0.0516194	0.0383904	0.354296	0.11789	0.361512	0.321146	0.396358	0.355713	0.387703	0.403408	0.0968056	0.121338	0.116759	0.0616227	0.0721969	0.050386	0.0177378	0.0286797	0.0561579	0.18944	0.106476	0.150196	0.340434	0.119684	0.0930136	0.450677	0.116399	0.370368	0.278751	0.291842	0.402375	0.228796	0.284057	0.191417	0.248408	0.211091	0.0395817	0.145618	0.0976404	0.240144	0.0517308	0.0384852	0.378548	0.116987	0.374367	0.321311	0.364145	0.347169	0.348789	0.366394	0.0967568	0.121384	0.119238	0.0615099	0.0720321	0.0503394	0.0177391	0.02868	0.0561523	0.18933	0.106516	0.145032	0.327507	0.117871	0.092122	0.4589	0.11628	0.373931	0.280035	0.286633	0.389256	0.234198	0.273585	0.19088	0.24718	0.233124	
2.815	0.0395011	0.144364	0.0992797	0.239137	0.051605	0.0383851	0.354139	0.117848	0.361531	0.321298	0.396353	0.35571	0.387799	0.403476	0.0968135	0.121345	0.116728	0.0616323	0.0722087	0.0503918	0.0177379	0.0286792	0.0561561	0.189435	0.106477	0.150174	0.340415	0.119902	0.0929588	0.450658	0.116403	0.370318	0.278479	0.291856	0.403046	0.229004	0.284055	0.19151	0.248402	0.211102	0.0395806	0.145615	0.0977098	0.240125	0.0517277	0.0384813	0.378452	0.116993	0.374363	0.321302	0.3641	0.347125	0.348798	0.366405	0.0967618	0.121386	0.119209	0.0615094	0.0720358	0.0503423	0.0177389	0.0286796	0.0561507	0.18933	0.106518	0.144984	0.327438	0.118043	0.0921635	0.458887	0.116305	0.373901	0.279971	0.286619	0.390058	0.234316	0.273561	0.19096	0.247192	0.233195	
2.82	0.0394974	0.144262	0.0993205	0.23912	0.0515642	0.0383797	0.353972	0.117806	0.36154	0.321451	0.396349	0.355707	0.387899	0.40355	0.0968215	0.121353	0.116699	0.0616421	0.0722204	0.0503976	0.0177382	0.0286786	0.0561544	0.18943	0.106477	0.150158	0.340396	0.120115	0.0929051	0.450644	0.116411	0.370268	0.278197	0.291873	0.403722	0.22921	0.284054	0.191593	0.2484	0.211113	0.0395794	0.145612	0.0977765	0.240105	0.0517244	0.0384774	0.378354	0.116996	0.37436	0.321294	0.364059	0.347083	0.348806	0.366415	0.0967668	0.121387	0.11918	0.0615088	0.0720398	0.0503452	0.0177386	0.0286791	0.056149	0.189329	0.106519	0.144949	0.327382	0.118209	0.0922023	0.458883	0.116331	0.373869	0.279901	0.286609	0.390867	0.234434	0.273542	0.191026	0.247205	0.233257	
2.825	0.0394934	0.144125	0.0993488	0.239102	0.051495	0.038374	0.3538	0.117767	0.361545	0.321604	0.396345	0.355705	0.388004	0.403629	0.0968294	0.12136	0.116672	0.061652	0.0722322	0.0504034	0.0177386	0.0286781	0.0561529	0.189424	0.106478	0.150151	0.340377	0.120324	0.0928546	0.450637	0.116422	0.37022	0.277912	0.291891	0.404403	0.229415	0.284053	0.191659	0.248403	0.211125	0.0395782	0.145609	0.097835	0.240084	0.051721	0.0384736	0.378255	0.116995	0.374357	0.321297	0.364035	0.347051	0.348814	0.366424	0.0967715	0.121389	0.11915	0.0615082	0.0720443	0.0503481	0.0177384	0.0286787	0.0561473	0.189328	0.10652	0.144918	0.327333	0.118369	0.0922372	0.458888	0.116356	0.373833	0.279823	0.286594	0.391682	0.234552	0.273528	0.191108	0.247221	0.233305	
2.83	0.0394893	0.143951	0.0993641	0.239083	0.0514014	0.0383681	0.353625	0.117732	0.361558	0.321757	0.396342	0.355702	0.388115	0.403715	0.0968373	0.121367	0.116646	0.061662	0.072244	0.0504092	0.0177391	0.0286776	0.0561513	0.189418	0.106478	0.150163	0.340357	0.120529	0.0928068	0.450635	0.116436	0.370176	0.277641	0.29191	0.40503	0.22962	0.284052	0.191725	0.24841	0.211138	0.039577	0.145605	0.0978828	0.240062	0.0517175	0.0384699	0.378153	0.116991	0.374356	0.321301	0.36407	0.347066	0.348821	0.366434	0.0967761	0.12139	0.119119	0.0615075	0.072049	0.0503509	0.0177382	0.0286782	0.0561454	0.189327	0.106521	0.144909	0.327307	0.118523	0.0922704	0.458901	0.116379	0.373792	0.279736	0.286579	0.392504	0.23467	0.273543	0.191186	0.247237	0.233337	
2.835	0.0394849	0.14409	0.0993752	0.239063	0.0512866	0.0383619	0.353451	0.117702	0.361563	0.321911	0.396339	0.3557	0.388232	0.403807	0.0968452	0.121374	0.116622	0.0616721	0.0722557	0.050415	0.0177398	0.0286771	0.0561498	0.189412	0.106479	0.150168	0.340338	0.12073	0.0927606	0.450639	0.116455	0.370136	0.277376	0.291926	0.405456	0.229823	0.284051	0.191785	0.248421	0.211151	0.0395756	0.145601	0.0979168	0.240039	0.0517139	0.0384663	0.378047	0.116983	0.374356	0.321308	0.364117	0.347088	0.348829	0.366443	0.0967806	0.121391	0.119089	0.0615068	0.072054	0.0503536	0.0177379	0.0286776	0.0561434	0.189327	0.106522	0.14489	0.327273	0.118671	0.0922872	0.458922	0.116402	0.373745	0.279637	0.286556	0.393331	0.234788	0.273561	0.191283	0.247255	0.233347	
2.84	0.0394801	0.144327	0.0993676	0.239042	0.0511526	0.0383554	0.353281	0.117677	0.36156	0.322064	0.396338	0.355697	0.388356	0.403904	0.096853	0.12138	0.1166	0.0616823	0.0722674	0.0504207	0.0177406	0.0286767	0.0561484	0.189405	0.106509	0.150179	0.340318	0.120927	0.0927147	0.450649	0.116475	0.370102	0.277133	0.291938	0.405674	0.230027	0.28405	0.191852	0.248433	0.211164	0.0395742	0.145597	0.0979498	0.240015	0.0517102	0.0384627	0.377939	0.116975	0.374355	0.32131	0.364181	0.347126	0.348836	0.366452	0.0967848	0.121391	0.119058	0.0615061	0.0720591	0.0503561	0.0177377	0.0286771	0.0561414	0.189326	0.106523	0.144877	0.327244	0.118812	0.0923184	0.458951	0.116425	0.373693	0.27953	0.286534	0.394162	0.234917	0.273588	0.191385	0.247274	0.233336	
2.845	0.0394749	0.14444	0.0993466	0.239021	0.0510001	0.0383487	0.353118	0.11766	0.361556	0.322219	0.396336	0.355695	0.388485	0.404007	0.0968608	0.121387	0.116578	0.0616925	0.072279	0.0504265	0.0177416	0.0286762	0.056147	0.189398	0.106473	0.150173	0.340298	0.12112	0.0926855	0.450665	0.116493	0.370074	0.276927	0.291946	0.405785	0.23023	0.284049	0.191927	0.248444	0.211177	0.0395728	0.145593	0.0979421	0.239991	0.0517064	0.0384591	0.377828	0.116968	0.374355	0.321306	0.364217	0.347142	0.348844	0.366461	0.0967889	0.121391	0.119026	0.0615055	0.0720644	0.0503585	0.0177374	0.0286765	0.0561394	0.189325	0.106525	0.144847	0.327196	0.118947	0.0923454	0.458988	0.116446	0.37364	0.279419	0.286507	0.394997	0.235046	0.273598	0.191504	0.247293	0.2333	
2.85	0.0394691	0.144379	0.0993154	0.238999	0.0508296	0.0383416	0.352963	0.11765	0.361553	0.322374	0.396335	0.355692	0.38862	0.404116	0.0968685	0.121393	0.116557	0.0617028	0.0722905	0.0504321	0.0177425	0.0286758	0.0561457	0.18939	0.106469	0.150144	0.340277	0.121309	0.0926556	0.450688	0.116508	0.370054	0.276764	0.291951	0.405885	0.230434	0.284048	0.192019	0.248453	0.211188	0.0395713	0.145588	0.0979316	0.239966	0.0517025	0.0384554	0.377714	0.116965	0.374354	0.321299	0.364206	0.347116	0.348851	0.366469	0.0967928	0.121391	0.118994	0.0615057	0.0720697	0.0503608	0.0177371	0.0286759	0.0561372	0.189325	0.106526	0.144804	0.327131	0.119075	0.0923738	0.459033	0.116465	0.373593	0.279311	0.286485	0.395837	0.235172	0.27358	0.191632	0.247312	0.233241	
2.855	0.0394623	0.144195	0.0992918	0.238976	0.0506415	0.0383343	0.352813	0.117646	0.361552	0.32253	0.396334	0.35569	0.388761	0.404231	0.0968761	0.121399	0.116536	0.0617131	0.0723019	0.0504377	0.0177436	0.0286753	0.0561444	0.189381	0.106475	0.150118	0.340256	0.121496	0.0926246	0.450717	0.116517	0.37004	0.276588	0.291952	0.406009	0.230638	0.284048	0.192114	0.248455	0.211199	0.0395697	0.145583	0.097927	0.23994	0.0516985	0.0384518	0.377597	0.116957	0.374355	0.321305	0.364167	0.347066	0.348858	0.366478	0.0967965	0.121391	0.118961	0.0615067	0.0720751	0.0503629	0.0177368	0.0286753	0.0561351	0.189324	0.106527	0.14476	0.327064	0.119196	0.0923989	0.459086	0.116478	0.373544	0.279192	0.28646	0.39668	0.235295	0.273551	0.191759	0.247329	0.233168	
2.86	0.0394537	0.143948	0.0993922	0.238952	0.050436	0.0383267	0.35268	0.117652	0.361552	0.322687	0.396334	0.355688	0.388908	0.404351	0.0968836	0.121405	0.116522	0.0617233	0.0723131	0.0504432	0.0177447	0.0286749	0.0561431	0.189371	0.106479	0.150095	0.340233	0.121679	0.0925108	0.450753	0.116506	0.370041	0.275092	0.29195	0.406159	0.230844	0.284047	0.192096	0.24845	0.211207	0.0395681	0.145578	0.0979332	0.239912	0.0516943	0.038448	0.377477	0.116941	0.374355	0.321311	0.364139	0.347013	0.348865	0.366486	0.0968	0.12139	0.118928	0.0615085	0.0720804	0.0503647	0.0177365	0.0286747	0.0561329	0.189324	0.106528	0.144729	0.327007	0.119311	0.0924195	0.459147	0.116484	0.37349	0.279047	0.28644	0.397527	0.235419	0.273519	0.191871	0.247345	0.233092	
2.865	0.0394394	0.143675	0.0995592	0.238928	0.0502134	0.0383189	0.352557	0.117667	0.361553	0.322846	0.396334	0.355686	0.389061	0.404481	0.096891	0.121411	0.116505	0.0617335	0.0723242	0.0504485	0.0177458	0.0286744	0.0561418	0.18936	0.10648	0.150076	0.340209	0.121858	0.0924025	0.450796	0.116515	0.370048	0.273408	0.291947	0.406326	0.231052	0.284047	0.192095	0.248435	0.211213	0.0395664	0.145572	0.0979412	0.239884	0.0516899	0.0384442	0.377356	0.116917	0.374356	0.321322	0.364123	0.346972	0.348872	0.366494	0.0968032	0.121389	0.118894	0.0615109	0.0720858	0.0503664	0.0177362	0.0286741	0.0561307	0.189323	0.106529	0.144698	0.326955	0.11942	0.0924314	0.459217	0.116482	0.373427	0.278865	0.286414	0.398379	0.235544	0.273498	0.191962	0.24736	0.233026	
2.87	0.0393965	0.143388	0.0995222	0.238902	0.0499737	0.0383108	0.352407	0.117632	0.361554	0.323007	0.396334	0.355684	0.389219	0.404631	0.0968983	0.121417	0.116483	0.0617437	0.0723351	0.0504538	0.017747	0.028674	0.0561405	0.189347	0.106481	0.150058	0.340183	0.122035	0.0923763	0.450846	0.11648	0.370021	0.273565	0.291943	0.406504	0.231262	0.284047	0.192141	0.24841	0.211216	0.0395647	0.145565	0.0979465	0.239855	0.0516854	0.0384403	0.377233	0.116892	0.374357	0.321326	0.364135	0.346942	0.34888	0.366502	0.0968062	0.121388	0.118859	0.0615139	0.072091	0.0503678	0.017736	0.0286735	0.0561285	0.189322	0.106531	0.144676	0.326908	0.119521	0.0924363	0.459295	0.116478	0.373354	0.278649	0.286391	0.399237	0.235672	0.273481	0.192034	0.247372	0.232974	
2.875	0.0393192	0.143089	0.0994516	0.238875	0.0497171	0.0383025	0.352217	0.117536	0.361555	0.32317	0.396335	0.355682	0.389383	0.404813	0.0969054	0.121422	0.116463	0.0617537	0.0723458	0.0504588	0.0177482	0.0286735	0.0561391	0.18933	0.106482	0.150036	0.340155	0.122208	0.0923449	0.450903	0.11638	0.36996	0.273677	0.291938	0.40669	0.231475	0.284048	0.192204	0.248375	0.211217	0.0395629	0.145559	0.0979493	0.239825	0.0516806	0.0384362	0.37711	0.116868	0.374358	0.321332	0.364148	0.346922	0.348887	0.36651	0.0968089	0.121386	0.118823	0.0615175	0.0720962	0.0503689	0.0177357	0.0286729	0.0561263	0.189321	0.106532	0.144645	0.326858	0.119616	0.0924364	0.459383	0.116473	0.373271	0.27841	0.286363	0.400101	0.235802	0.273475	0.192091	0.247382	0.232938	
2.88	0.0392487	0.142779	0.099428	0.238848	0.0494435	0.038294	0.352015	0.117467	0.361603	0.323335	0.396336	0.355681	0.389553	0.405023	0.0969124	0.121427	0.116446	0.0617636	0.0723562	0.0504637	0.0177494	0.028673	0.0561376	0.189307	0.106484	0.150018	0.340125	0.122377	0.0922817	0.450968	0.116306	0.369903	0.273189	0.291933	0.406885	0.231691	0.284048	0.192263	0.248333	0.211216	0.039561	0.145552	0.097946	0.239793	0.0516756	0.038432	0.376986	0.116845	0.374371	0.32136	0.364251	0.347002	0.348894	0.366519	0.0968113	0.121384	0.118786	0.0615216	0.0721012	0.0503698	0.0177355	0.0286724	0.0561241	0.18932	0.106534	0.144662	0.326862	0.119704	0.0924331	0.459481	0.116468	0.373181	0.278153	0.286331	0.400973	0.235935	0.273539	0.192135	0.247389	0.232915	
2.885	0.0391737	0.142455	0.0993881	0.238819	0.0491529	0.0382853	0.3518	0.117403	0.361621	0.323504	0.396338	0.355679	0.389729	0.405232	0.0969191	0.121432	0.116429	0.0617734	0.0723663	0.0504684	0.0177506	0.0286724	0.0561361	0.18926	0.106485	0.150004	0.340092	0.122544	0.0922262	0.45104	0.116242	0.369851	0.272861	0.291924	0.407086	0.231911	0.284049	0.192308	0.248284	0.211212	0.0395591	0.145544	0.0979347	0.239761	0.0516703	0.0384277	0.376858	0.116821	0.374383	0.321387	0.36436	0.347093	0.348901	0.366527	0.0968134	0.121381	0.118749	0.0615261	0.0721061	0.0503703	0.0177352	0.0286718	0.0561218	0.189319	0.106536	0.144656	0.326844	0.119785	0.0924264	0.459589	0.116466	0.373086	0.277883	0.286293	0.401855	0.236071	0.273604	0.19217	0.247393	0.232902	
2.89	0.0390691	0.142122	0.0992937	0.238789	0.0488453	0.0382765	0.351559	0.117272	0.361608	0.323676	0.39634	0.355677	0.38991	0.405427	0.0969256	0.121437	0.11641	0.061783	0.072376	0.0504729	0.0177518	0.0286718	0.0561345	0.18919	0.106487	0.149993	0.340054	0.122707	0.0921834	0.451121	0.116148	0.369786	0.272831	0.291913	0.407293	0.232136	0.28405	0.19234	0.24823	0.211206	0.0395572	0.145536	0.0979116	0.239727	0.0516646	0.0384233	0.376725	0.116794	0.374387	0.32139	0.364396	0.347124	0.348908	0.366535	0.0968152	0.121378	0.11871	0.0615311	0.0721108	0.0503705	0.017735	0.0286713	0.0561196	0.189318	0.106538	0.144606	0.326779	0.119858	0.0924164	0.459708	0.116466	0.372983	0.27763	0.28626	0.402747	0.23621	0.273624	0.192196	0.247395	0.232894	
2.895	0.0389421	0.141853	0.0991801	0.238759	0.0485205	0.0382677	0.351291	0.117078	0.361588	0.323852	0.396343	0.355676	0.390102	0.405611	0.0969318	0.121441	0.116389	0.0617924	0.0723855	0.0504771	0.0177529	0.0286712	0.0561328	0.189225	0.106488	0.149982	0.340012	0.122866	0.092139	0.451211	0.11604	0.369707	0.272877	0.291899	0.407504	0.232366	0.284051	0.192362	0.248173	0.211198	0.0395553	0.145528	0.0978781	0.239691	0.0516585	0.0384188	0.376584	0.116764	0.374402	0.321395	0.364364	0.347095	0.348916	0.366544	0.0968167	0.121374	0.11867	0.0615365	0.0721153	0.0503703	0.0177349	0.0286708	0.0561174	0.189316	0.10654	0.144547	0.326694	0.119924	0.0924033	0.45984	0.11647	0.372873	0.277413	0.286225	0.403652	0.236353	0.273607	0.192217	0.247394	0.232888	
2.9	0.038807	0.141587	0.0990738	0.238727	0.0481786	0.0382587	0.351005	0.116883	0.361577	0.324032	0.396346	0.355675	0.390314	0.405797	0.0969378	0.121445	0.116365	0.0618016	0.0723945	0.0504811	0.0177541	0.0286706	0.0561311	0.189286	0.106489	0.149984	0.339962	0.12302	0.0920832	0.451309	0.115949	0.369624	0.272892	0.291885	0.407718	0.232601	0.284052	0.192376	0.248115	0.211189	0.0395534	0.145519	0.0978377	0.239654	0.0516517	0.0384142	0.376433	0.116731	0.374413	0.321392	0.364341	0.347067	0.348923	0.366556	0.0968177	0.12137	0.118629	0.0615423	0.0721196	0.0503698	0.0177347	0.0286704	0.0561152	0.189315	0.106543	0.144513	0.326633	0.119983	0.0923855	0.459983	0.116478	0.372756	0.277226	0.28619	0.40457	0.236502	0.273595	0.192231	0.247391	0.23288	
2.905	0.0386639	0.141273	0.0989785	0.238694	0.0478194	0.0382498	0.350706	0.116715	0.361575	0.324216	0.39635	0.355673	0.390556	0.405989	0.0969434	0.121448	0.116338	0.0618106	0.0724032	0.0504848	0.0177552	0.02867	0.0561293	0.189296	0.106491	0.149987	0.339903	0.123171	0.0920162	0.451417	0.115883	0.369541	0.272888	0.291869	0.407935	0.232842	0.284053	0.192385	0.248057	0.211178	0.0395514	0.145509	0.0977943	0.239616	0.0516442	0.0384096	0.376272	0.116701	0.374419	0.321383	0.36434	0.347051	0.34893	0.366572	0.0968184	0.121365	0.118586	0.0615484	0.0721236	0.0503689	0.0177346	0.02867	0.056113	0.189313	0.106571	0.144487	0.326583	0.120033	0.0923554	0.46014	0.116491	0.372638	0.277044	0.286147	0.405503	0.236655	0.273593	0.192241	0.247385	0.232866	
2.91	0.0385054	0.14091	0.0988886	0.238659	0.0474431	0.038241	0.350395	0.116634	0.361578	0.324405	0.396354	0.355672	0.39083	0.406188	0.0969486	0.121451	0.116307	0.0618194	0.0724114	0.0504882	0.0177563	0.0286693	0.0561274	0.189312	0.106492	0.149993	0.339835	0.123317	0.0919378	0.451533	0.11583	0.369459	0.272888	0.29185	0.408155	0.233089	0.284055	0.192388	0.247999	0.211166	0.0395495	0.145498	0.0977548	0.239576	0.0516354	0.0384049	0.3761	0.116672	0.374419	0.32137	0.364374	0.347064	0.348937	0.366592	0.0968187	0.121359	0.118542	0.0615549	0.0721274	0.0503676	0.0177345	0.0286697	0.0561108	0.189312	0.10654	0.14447	0.326544	0.120075	0.0923372	0.460311	0.116509	0.372519	0.276874	0.286102	0.406453	0.236811	0.27361	0.192247	0.247377	0.232843	
2.915	0.0383141	0.140933	0.0988041	0.238624	0.0470496	0.0382323	0.350083	0.116617	0.361582	0.324599	0.396358	0.35567	0.391111	0.406382	0.0969535	0.121454	0.116271	0.0618279	0.0724192	0.0504912	0.0177574	0.0286686	0.0561254	0.189303	0.106494	0.149978	0.339761	0.123458	0.0918479	0.451657	0.115794	0.369383	0.272893	0.291826	0.408376	0.233342	0.284056	0.192386	0.247944	0.211152	0.0395476	0.145484	0.0977099	0.239535	0.0516241	0.0384002	0.375918	0.116647	0.374417	0.321359	0.364363	0.347038	0.348944	0.366615	0.0968186	0.121353	0.118498	0.0615618	0.0721309	0.0503659	0.0177345	0.0286693	0.0561087	0.18931	0.106545	0.144421	0.326474	0.120109	0.0923078	0.460495	0.116533	0.372402	0.27673	0.286053	0.40742	0.23697	0.273599	0.192249	0.247367	0.232808	
2.92	0.0380804	0.14132	0.0987381	0.238586	0.046639	0.0382237	0.349782	0.116619	0.361587	0.324798	0.396362	0.355668	0.391378	0.406569	0.0969579	0.121456	0.116232	0.0618361	0.0724265	0.0504939	0.0177585	0.0286679	0.0561233	0.189229	0.106497	0.14995	0.339682	0.123594	0.0917458	0.451785	0.115798	0.369319	0.272898	0.291799	0.408599	0.233601	0.284057	0.192381	0.247889	0.211138	0.0395457	0.145465	0.0976575	0.239492	0.0516024	0.0383955	0.375728	0.116629	0.374414	0.321352	0.364325	0.346986	0.348951	0.366643	0.096818	0.121346	0.118451	0.061569	0.0721342	0.0503637	0.0177345	0.0286691	0.0561065	0.189309	0.106554	0.144371	0.326397	0.120135	0.0922751	0.460694	0.116561	0.372289	0.276613	0.286002	0.408406	0.237134	0.273571	0.192248	0.247354	0.232759	
2.925	0.0378522	0.141871	0.0986894	0.238546	0.0462113	0.0382154	0.349506	0.116622	0.361592	0.325003	0.396366	0.355666	0.391635	0.406763	0.0969618	0.121457	0.116189	0.061844	0.0724333	0.0504962	0.0177595	0.0286672	0.056121	0.189359	0.106499	0.149923	0.339598	0.123725	0.0916349	0.451917	0.115842	0.36927	0.272902	0.291768	0.408824	0.233866	0.284058	0.192371	0.247836	0.211122	0.0395438	0.145444	0.097598	0.239447	0.0515431	0.0383908	0.375532	0.11662	0.374478	0.321435	0.364296	0.346932	0.348958	0.366675	0.096817	0.121338	0.118404	0.0615765	0.0721371	0.0503612	0.0177345	0.0286688	0.0561044	0.189307	0.106558	0.144336	0.326333	0.120152	0.0922401	0.460907	0.116595	0.372186	0.276521	0.285944	0.409412	0.237302	0.273545	0.192243	0.247339	0.232694	
2.93	0.0376466	0.142432	0.0986433	0.238504	0.0457665	0.0382072	0.34926	0.116624	0.361597	0.325214	0.396368	0.355664	0.391891	0.406972	0.0969652	0.121457	0.116142	0.0618517	0.0724395	0.0504981	0.0177604	0.0286664	0.0561187	0.189451	0.106502	0.149909	0.33951	0.12385	0.0915175	0.452053	0.115906	0.369234	0.272906	0.291733	0.40905	0.234141	0.284058	0.192358	0.247783	0.211106	0.039542	0.145467	0.097533	0.239401	0.0514408	0.0383861	0.375334	0.116622	0.374573	0.321556	0.364309	0.346912	0.348966	0.366711	0.0968156	0.12133	0.118354	0.0615843	0.0721397	0.0503581	0.0177345	0.0286686	0.0561022	0.189306	0.106561	0.144314	0.326289	0.12016	0.0922053	0.46113	0.116632	0.372095	0.27645	0.285882	0.410438	0.237476	0.273543	0.192236	0.247322	0.232614	
2.935	0.037446	0.142958	0.0986064	0.238458	0.0453046	0.0381994	0.34905	0.116627	0.361604	0.32543	0.396371	0.355661	0.392164	0.40719	0.096968	0.121457	0.116093	0.061859	0.0724451	0.0504995	0.0177613	0.0286657	0.0561162	0.189416	0.106505	0.149898	0.339418	0.123968	0.0914067	0.452193	0.115982	0.369213	0.272909	0.291693	0.409277	0.234422	0.284059	0.192342	0.24773	0.211088	0.0395402	0.145519	0.0974659	0.239353	0.0512998	0.0383813	0.375135	0.116635	0.374618	0.321599	0.364336	0.346905	0.348976	0.36675	0.0968136	0.121321	0.118303	0.0615925	0.072142	0.0503546	0.0177346	0.0286684	0.0561	0.189304	0.106565	0.144287	0.326241	0.120159	0.0921687	0.461361	0.116672	0.372016	0.276399	0.285809	0.411486	0.237654	0.273547	0.192226	0.247301	0.23252	
2.94	0.0372292	0.143453	0.0985739	0.238409	0.0448257	0.0381918	0.34888	0.116631	0.36161	0.325652	0.396372	0.355658	0.39246	0.407411	0.0969701	0.121456	0.116042	0.061866	0.07245	0.0505004	0.0177622	0.0286648	0.0561135	0.189317	0.106509	0.149896	0.339322	0.12408	0.0913069	0.452337	0.116071	0.369204	0.272912	0.29165	0.409506	0.234708	0.284058	0.192322	0.247677	0.211069	0.0395384	0.145559	0.0974008	0.239303	0.0511251	0.0383765	0.374937	0.116655	0.374601	0.32156	0.36435	0.34689	0.348991	0.366792	0.0968112	0.121311	0.118251	0.0616009	0.0721439	0.0503506	0.0177347	0.0286683	0.0560977	0.189302	0.106569	0.144253	0.326184	0.120148	0.0921296	0.461602	0.116715	0.371948	0.276367	0.28573	0.412557	0.237839	0.273544	0.192213	0.247278	0.232416	
2.945	0.0369985	0.143938	0.0985564	0.238353	0.0443298	0.0381847	0.348766	0.116635	0.361617	0.325881	0.396374	0.355655	0.392775	0.407645	0.0969715	0.121454	0.11599	0.0618726	0.0724543	0.0505007	0.017763	0.0286639	0.0561106	0.189255	0.106513	0.149893	0.339224	0.124185	0.0912179	0.452485	0.116207	0.369226	0.272914	0.291604	0.409734	0.234999	0.284058	0.1923	0.247623	0.211049	0.0395367	0.145572	0.0973419	0.239252	0.0509199	0.0383716	0.374742	0.116682	0.374573	0.321515	0.364349	0.346862	0.349011	0.366838	0.0968082	0.1213	0.118196	0.0616096	0.0721453	0.050346	0.0177348	0.0286681	0.0560953	0.1893	0.106573	0.144217	0.326121	0.120127	0.0920853	0.461851	0.11676	0.37189	0.276351	0.285644	0.413652	0.238029	0.273533	0.192197	0.247252	0.232307	
2.95	0.0367703	0.144431	0.0985594	0.238287	0.0438167	0.038178	0.34873	0.116638	0.361624	0.326116	0.396377	0.355651	0.393098	0.407893	0.0969722	0.121452	0.115938	0.0618789	0.0724578	0.0505005	0.0177638	0.028663	0.0561075	0.18926	0.106517	0.149909	0.339123	0.124282	0.0911407	0.452638	0.116417	0.369298	0.272915	0.29156	0.409961	0.235297	0.284057	0.192271	0.247568	0.211027	0.039535	0.145569	0.0972913	0.239199	0.0506862	0.0383666	0.374551	0.116715	0.374616	0.321574	0.364343	0.34683	0.349035	0.366888	0.0968047	0.121289	0.118138	0.0616185	0.0721463	0.0503408	0.0177348	0.0286679	0.0560928	0.189298	0.106578	0.144186	0.326063	0.120096	0.0920371	0.462111	0.116807	0.371842	0.276355	0.28556	0.414771	0.238225	0.27352	0.192179	0.247223	0.232198	
2.955	0.0366144	0.144869	0.0985613	0.238202	0.0432866	0.0381717	0.348755	0.116642	0.361631	0.326357	0.39638	0.355647	0.393422	0.408141	0.096972	0.121448	0.115884	0.0618847	0.0724606	0.0504996	0.0177645	0.0286621	0.0561041	0.189254	0.106521	0.149916	0.339021	0.12437	0.091077	0.452796	0.116636	0.369395	0.272916	0.291519	0.410185	0.235601	0.284056	0.192235	0.247509	0.211005	0.0395333	0.145564	0.0972425	0.239143	0.0504254	0.0383616	0.374364	0.116771	0.374697	0.321687	0.364334	0.34679	0.349063	0.36694	0.0968005	0.121276	0.118079	0.0616277	0.0721467	0.050335	0.017735	0.0286678	0.0560901	0.189296	0.106582	0.144153	0.326003	0.120054	0.0919865	0.462379	0.11686	0.37181	0.276411	0.285473	0.415914	0.238427	0.273503	0.192084	0.247192	0.232087	
2.96	0.036542	0.145206	0.0985408	0.238054	0.0427396	0.038166	0.348816	0.11697	0.361639	0.326604	0.396383	0.355642	0.393746	0.408384	0.0969708	0.121443	0.115828	0.0618903	0.0724625	0.050498	0.0177651	0.0286611	0.0561005	0.189189	0.106526	0.149929	0.338916	0.12445	0.0910237	0.452958	0.116818	0.369491	0.272916	0.29148	0.410402	0.235911	0.284055	0.192192	0.247446	0.21098	0.0395317	0.145564	0.0971929	0.239086	0.0501383	0.0383565	0.37418	0.116827	0.374861	0.321898	0.364324	0.346749	0.349096	0.366996	0.0967958	0.121263	0.118017	0.0616371	0.0721467	0.0503286	0.0177353	0.0286676	0.0560873	0.189294	0.106586	0.144121	0.325945	0.120002	0.091928	0.462658	0.116914	0.371785	0.276477	0.285394	0.417084	0.238635	0.273485	0.191987	0.247157	0.231978	
2.965	0.0365117	0.145468	0.0984984	0.237821	0.0421756	0.0381608	0.348896	0.117352	0.361647	0.326858	0.396386	0.355637	0.394069	0.408628	0.0969688	0.121437	0.115772	0.0618954	0.0724635	0.0504956	0.0177657	0.02866	0.0560966	0.189286	0.106532	0.149934	0.33881	0.124519	0.0909721	0.453126	0.116964	0.36958	0.272916	0.291441	0.41061	0.236227	0.284054	0.192143	0.24738	0.21095	0.0395301	0.145568	0.0971385	0.239027	0.0498258	0.0383513	0.373997	0.116875	0.375052	0.322137	0.364319	0.346711	0.349133	0.367054	0.0967904	0.121249	0.117952	0.0616467	0.072146	0.0503213	0.0177357	0.0286673	0.0560842	0.189291	0.106591	0.144092	0.325891	0.119937	0.0918566	0.462946	0.116964	0.371759	0.276525	0.285315	0.418278	0.238849	0.27347	0.191861	0.247119	0.231875	
2.97	0.0364652	0.145551	0.0984431	0.237911	0.041595	0.0381563	0.348987	0.117644	0.361655	0.327119	0.396388	0.355632	0.394388	0.408873	0.0969657	0.121429	0.115714	0.0619001	0.0724636	0.0504925	0.0177662	0.0286589	0.0560924	0.189381	0.106537	0.149925	0.338703	0.124578	0.0909124	0.4533	0.117099	0.369671	0.272914	0.291404	0.410805	0.236549	0.284052	0.192089	0.247309	0.210914	0.0395286	0.145574	0.0970761	0.238966	0.0494885	0.0383461	0.373813	0.116915	0.375097	0.322212	0.364334	0.34669	0.349173	0.367116	0.0967845	0.121234	0.117885	0.0616563	0.0721448	0.0503133	0.0177363	0.028667	0.0560808	0.189288	0.106595	0.144073	0.325848	0.11986	0.0917729	0.463243	0.117011	0.371728	0.276546	0.285238	0.419498	0.239019	0.273467	0.191733	0.247078	0.23178	
2.975	0.0363678	0.14541	0.0983763	0.238073	0.040998	0.0381525	0.349076	0.117854	0.361684	0.327386	0.396388	0.355626	0.394702	0.40912	0.0969615	0.12142	0.115653	0.0619044	0.0724627	0.0504886	0.0177667	0.0286578	0.0560879	0.189368	0.106543	0.149905	0.338595	0.124624	0.0908415	0.453479	0.117216	0.369758	0.272911	0.291364	0.410982	0.236877	0.28405	0.19199	0.247234	0.210875	0.0395271	0.145582	0.0970095	0.238903	0.0491271	0.0383408	0.373629	0.116954	0.37507	0.3222	0.364356	0.34668	0.349216	0.36718	0.0967778	0.121218	0.117816	0.0616661	0.0721429	0.0503043	0.0177369	0.0286667	0.0560772	0.189286	0.1066	0.144055	0.325807	0.119771	0.0916773	0.463549	0.117058	0.371694	0.276552	0.28516	0.42054	0.239187	0.273469	0.191582	0.247034	0.231696	
2.98	0.0362305	0.145091	0.0982926	0.238026	0.0403849	0.0381494	0.349142	0.117979	0.361698	0.32766	0.396388	0.355619	0.395008	0.409365	0.0969562	0.12141	0.11559	0.0619083	0.0724609	0.0504839	0.0177671	0.0286566	0.0560834	0.189251	0.106549	0.149887	0.338487	0.124659	0.0907496	0.453663	0.11729	0.369813	0.272907	0.291323	0.411134	0.237212	0.284048	0.19182	0.247156	0.210832	0.0395256	0.145589	0.0969353	0.238839	0.0487421	0.0383354	0.373444	0.116994	0.374974	0.322078	0.364367	0.346662	0.349263	0.367247	0.0967706	0.121201	0.117744	0.061676	0.0721403	0.0502941	0.0177377	0.0286663	0.0560732	0.189283	0.106604	0.144028	0.325759	0.119668	0.0915711	0.463863	0.117108	0.371656	0.276554	0.285067	0.42112	0.239248	0.273463	0.191437	0.246986	0.231626	
2.985	0.0360652	0.144676	0.0982017	0.23767	0.0397561	0.0381471	0.349174	0.118034	0.361698	0.327941	0.396386	0.355611	0.395308	0.40961	0.0969497	0.121398	0.115523	0.0619119	0.072458	0.0504783	0.0177675	0.0286554	0.0560789	0.189183	0.106556	0.149872	0.338379	0.12468	0.0906259	0.453853	0.11733	0.369827	0.272902	0.291279	0.411257	0.237552	0.284045	0.191561	0.247074	0.210787	0.0395241	0.145595	0.0968307	0.238772	0.0483341	0.0383301	0.373257	0.117037	0.374848	0.321897	0.364363	0.346629	0.349313	0.367316	0.0967627	0.121183	0.117671	0.0616858	0.072137	0.0502823	0.0177385	0.0286659	0.0560689	0.189279	0.106609	0.143999	0.325705	0.119552	0.0914533	0.464185	0.117156	0.371617	0.276566	0.284956	0.42133	0.239228	0.273447	0.191278	0.246937	0.231572	
2.99	0.035873	0.144503	0.0981055	0.237071	0.0391122	0.0381457	0.34917	0.118047	0.361696	0.328228	0.396383	0.355603	0.395603	0.409854	0.0969421	0.121385	0.115455	0.061915	0.0724541	0.0504718	0.0177679	0.0286542	0.0560743	0.189119	0.106562	0.149872	0.338271	0.124688	0.0904729	0.45405	0.11735	0.369812	0.272896	0.291234	0.411344	0.237898	0.284041	0.191288	0.246985	0.210739	0.0395227	0.145602	0.0967016	0.238703	0.0479035	0.0383247	0.373069	0.117085	0.374755	0.321758	0.364354	0.346589	0.349366	0.367388	0.0967541	0.121165	0.117597	0.0616956	0.0721329	0.0502683	0.0177394	0.0286653	0.0560642	0.189276	0.106613	0.143972	0.325655	0.119424	0.0913275	0.464514	0.117198	0.371578	0.276591	0.284842	0.421413	0.239195	0.273428	0.191077	0.246882	0.231533	
2.995	0.0356536	0.144421	0.097919	0.236337	0.0384537	0.0381451	0.349133	0.11804	0.361699	0.328522	0.39638	0.355594	0.395895	0.410101	0.0969333	0.12137	0.115386	0.0619178	0.0724492	0.0504645	0.0177682	0.028653	0.0560695	0.18901	0.106569	0.14988	0.338164	0.124683	0.0903486	0.454253	0.117363	0.369781	0.273528	0.291186	0.411389	0.23825	0.284037	0.191062	0.246892	0.210689	0.0395212	0.145607	0.0965544	0.238631	0.047451	0.0383193	0.37288	0.117134	0.374795	0.3218	0.36435	0.346556	0.349421	0.367462	0.096745	0.121145	0.117522	0.0617053	0.0721281	0.0502499	0.0177404	0.0286647	0.056059	0.189273	0.106617	0.14395	0.325612	0.119281	0.0911956	0.46485	0.11723	0.371541	0.276633	0.284746	0.421516	0.239258	0.273416	0.190861	0.24682	0.231511	
3	0.0354455	0.144259	0.0976555	0.235578	0.0377813	0.0381455	0.349072	0.118027	0.361705	0.328822	0.396376	0.355585	0.396186	0.410351	0.0969232	0.121354	0.115324	0.0619203	0.0724432	0.0504562	0.0177685	0.0286518	0.0560643	0.189015	0.106576	0.149879	0.338058	0.124662	0.0902779	0.454468	0.117354	0.369756	0.274279	0.291135	0.411391	0.23861	0.284032	0.190857	0.246797	0.210637	0.0395198	0.145612	0.0963974	0.238555	0.0469771	0.038314	0.372689	0.117186	0.37484	0.321856	0.364348	0.346523	0.349479	0.367537	0.0967352	0.121125	0.117446	0.0617149	0.0721226	0.0502108	0.0177415	0.0286641	0.0560533	0.189269	0.106621	0.143929	0.32557	0.119125	0.0910544	0.465191	0.117255	0.371506	0.276684	0.284641	0.421671	0.239284	0.273403	0.190646	0.246751	0.231505	
3.005	0.0352635	0.143986	0.0973498	0.234982	0.0370961	0.0381468	0.349005	0.118011	0.361713	0.329129	0.396373	0.355575	0.396478	0.410603	0.096912	0.121336	0.115273	0.0619225	0.0724361	0.050447	0.0177688	0.0286505	0.0560586	0.189038	0.106583	0.149891	0.337953	0.124627	0.0902436	0.454682	0.117295	0.369748	0.274841	0.291105	0.411351	0.238879	0.284027	0.190624	0.2467	0.210583	0.0395183	0.145617	0.0962331	0.238473	0.0464825	0.0383087	0.372498	0.117239	0.374831	0.321841	0.364347	0.346487	0.349539	0.367615	0.0967249	0.121105	0.117371	0.0617242	0.0721163	0.0501312	0.0177425	0.0286633	0.056047	0.189266	0.106625	0.143909	0.325527	0.118956	0.0908902	0.465537	0.117274	0.371472	0.276737	0.284521	0.421861	0.239257	0.273387	0.190426	0.246679	0.231513	
3.01	0.0350919	0.14365	0.097036	0.234354	0.0364008	0.0381492	0.34893	0.117992	0.361722	0.329442	0.396372	0.355564	0.396772	0.410858	0.0968995	0.121357	0.115226	0.0619243	0.0724279	0.0504369	0.0177691	0.0286493	0.0560523	0.188995	0.10659	0.149888	0.337849	0.124576	0.0902274	0.454864	0.117225	0.36975	0.275181	0.291071	0.411275	0.239006	0.284022	0.190362	0.246602	0.210529	0.0395168	0.145621	0.0960648	0.238381	0.0459679	0.0383035	0.372306	0.11729	0.374786	0.321754	0.364345	0.34645	0.349602	0.367695	0.096714	0.121084	0.117295	0.0617333	0.0721093	0.0500049	0.0177436	0.0286625	0.05604	0.189262	0.106628	0.14389	0.325486	0.118774	0.0906901	0.465887	0.117286	0.371438	0.276786	0.284393	0.422074	0.239224	0.27337	0.190193	0.246603	0.231534	
3.015	0.0349073	0.143301	0.0967734	0.233574	0.0357006	0.0381492	0.348835	0.117971	0.361731	0.329762	0.396372	0.355552	0.397068	0.411116	0.0968859	0.121483	0.115166	0.0619259	0.0724187	0.050426	0.0177694	0.0286481	0.0560451	0.188886	0.106596	0.149885	0.337748	0.124509	0.0902208	0.454995	0.117203	0.369737	0.275314	0.291026	0.411174	0.239036	0.284016	0.190074	0.246504	0.210473	0.0395153	0.145625	0.0959032	0.238269	0.0454342	0.0382983	0.372113	0.117335	0.374742	0.321667	0.364345	0.346413	0.349666	0.367775	0.0967027	0.121062	0.117221	0.0617421	0.0721015	0.0498348	0.0177447	0.0286616	0.0560321	0.189259	0.106631	0.143874	0.325449	0.118579	0.0904532	0.46624	0.11729	0.3714	0.276827	0.284267	0.422305	0.23921	0.273355	0.189946	0.246527	0.231564	
3.02	0.0346984	0.142972	0.0965957	0.232659	0.0350013	0.0381393	0.348709	0.117949	0.361739	0.330087	0.396373	0.35554	0.397366	0.411376	0.0968712	0.121636	0.11509	0.0619272	0.0724084	0.0504142	0.0177698	0.0286469	0.0560368	0.188985	0.106603	0.149882	0.337648	0.124427	0.0902199	0.455077	0.117215	0.369701	0.275296	0.290969	0.411058	0.239037	0.284009	0.189774	0.246407	0.210417	0.0395138	0.145627	0.0957681	0.238091	0.0448823	0.0382932	0.371925	0.11737	0.374793	0.321716	0.364345	0.346381	0.349731	0.367858	0.0966908	0.12104	0.117148	0.0617506	0.0720931	0.0496265	0.0177459	0.0286606	0.056023	0.189255	0.106634	0.14386	0.325416	0.118372	0.0903033	0.466593	0.11728	0.371377	0.276889	0.284146	0.422556	0.239212	0.273343	0.189697	0.24645	0.2316	
3.025	0.0345669	0.142673	0.0964821	0.231662	0.0343053	0.0381156	0.348555	0.117929	0.361747	0.330419	0.396376	0.355526	0.397665	0.411638	0.0968554	0.121755	0.115007	0.0619283	0.0723972	0.0504016	0.0177701	0.0286458	0.0560271	0.189259	0.10661	0.149906	0.337551	0.124328	0.0902218	0.455126	0.117216	0.369648	0.275223	0.290917	0.410932	0.239038	0.284003	0.189469	0.24631	0.21036	0.0395122	0.14563	0.0956662	0.237783	0.0443133	0.0382731	0.371747	0.117392	0.374938	0.32189	0.364346	0.346353	0.349798	0.367941	0.0966784	0.121017	0.117076	0.0617586	0.072084	0.0493846	0.017747	0.0286596	0.056012	0.189252	0.106636	0.143847	0.325385	0.118153	0.0902775	0.466946	0.117255	0.371373	0.276979	0.284032	0.422826	0.23922	0.273333	0.189453	0.246375	0.23164	
3.03	0.0344939	0.142408	0.0963907	0.230854	0.0336098	0.0380794	0.348377	0.117913	0.361756	0.330756	0.396379	0.355512	0.397964	0.411901	0.0968386	0.121831	0.114924	0.0619293	0.072385	0.0503883	0.0177705	0.0286447	0.0560149	0.189432	0.106616	0.14992	0.337458	0.124214	0.0902247	0.455155	0.117189	0.36959	0.275164	0.290865	0.410798	0.239043	0.283996	0.189168	0.246214	0.210302	0.0395105	0.145631	0.0955887	0.237335	0.0437283	0.0382325	0.371573	0.117396	0.37501	0.321977	0.364346	0.346323	0.349867	0.368025	0.0966656	0.120994	0.117002	0.0617663	0.0720744	0.0491133	0.0177481	0.0286585	0.0559973	0.189249	0.106638	0.143836	0.325355	0.117924	0.0902909	0.467297	0.117216	0.371369	0.277064	0.28391	0.42311	0.239226	0.273321	0.189204	0.246302	0.23168	
3.035	0.0344254	0.14218	0.096227	0.230048	0.0329116	0.0380333	0.348182	0.117901	0.361764	0.331098	0.39638	0.355497	0.398263	0.412165	0.0968208	0.121878	0.114845	0.06193	0.0723719	0.0503742	0.0177709	0.0286437	0.0559983	0.18943	0.106622	0.149926	0.337367	0.124083	0.090228	0.455176	0.117147	0.369534	0.27513	0.290816	0.410657	0.239049	0.283988	0.188877	0.246118	0.210243	0.0395087	0.145632	0.0955204	0.236768	0.0431289	0.0381938	0.371398	0.11738	0.37497	0.321922	0.364344	0.346292	0.349936	0.368109	0.0966523	0.120971	0.11693	0.0617735	0.0720642	0.0488154	0.0177492	0.0286573	0.0559733	0.189247	0.10664	0.143825	0.325325	0.117686	0.0903002	0.467644	0.117164	0.371346	0.277114	0.283779	0.423405	0.239232	0.273306	0.188941	0.246231	0.231719	
3.04	0.0343903	0.141988	0.0958973	0.229112	0.0322108	0.0379823	0.347972	0.117895	0.361772	0.331445	0.396377	0.355481	0.398566	0.412429	0.0968023	0.121907	0.114768	0.0619306	0.0723579	0.0503593	0.0177714	0.0286427	0.0559704	0.189364	0.106628	0.149922	0.33728	0.123937	0.0902313	0.455192	0.117095	0.36948	0.275117	0.290763	0.410509	0.239053	0.283979	0.188598	0.246022	0.210184	0.0395069	0.145632	0.095438	0.236295	0.0425165	0.0381593	0.371219	0.117341	0.374963	0.321906	0.364341	0.346261	0.350005	0.368194	0.0966385	0.120947	0.11686	0.0617802	0.0720535	0.048494	0.0177503	0.0286561	0.0559389	0.189244	0.106642	0.143816	0.325298	0.117438	0.0903071	0.467984	0.117094	0.371301	0.277126	0.283661	0.423707	0.239293	0.273292	0.188661	0.246163	0.231752	
3.045	0.0343952	0.141878	0.0953854	0.228052	0.03151	0.037929	0.347752	0.117896	0.36178	0.331781	0.396369	0.355463	0.398854	0.412692	0.0967829	0.121921	0.114692	0.061931	0.0723431	0.0503438	0.0177719	0.0286417	0.0559296	0.189307	0.106634	0.149912	0.337197	0.123774	0.0902344	0.455205	0.117036	0.369431	0.275119	0.290701	0.410354	0.239056	0.283969	0.188338	0.245927	0.210125	0.0395049	0.145632	0.0952462	0.235765	0.0418924	0.0381276	0.371033	0.117279	0.375033	0.321984	0.364337	0.346232	0.350076	0.368279	0.0966242	0.120922	0.116792	0.0617864	0.0720423	0.0481517	0.0177513	0.0286549	0.0559119	0.189242	0.106643	0.143808	0.325275	0.117184	0.0903156	0.468316	0.117008	0.371236	0.277103	0.283557	0.424013	0.239381	0.27328	0.188366	0.246097	0.23178	
3.05	0.03441	0.141816	0.09472	0.226919	0.0308125	0.0378742	0.347526	0.117903	0.361788	0.332028	0.396357	0.355444	0.39908	0.412954	0.0967629	0.121925	0.114618	0.0619314	0.0723275	0.0503274	0.0177725	0.0286408	0.0559564	0.189266	0.106639	0.149884	0.337119	0.123597	0.0902377	0.455217	0.116973	0.369385	0.275131	0.290615	0.410193	0.239059	0.283957	0.188103	0.245833	0.210065	0.0395029	0.145631	0.0949031	0.235069	0.0412578	0.0380993	0.370841	0.117198	0.375052	0.321991	0.364332	0.346201	0.350146	0.368364	0.0966093	0.120896	0.116726	0.061792	0.0720306	0.0477911	0.0177523	0.0286537	0.0558851	0.18924	0.106643	0.143801	0.325251	0.116923	0.090325	0.468637	0.116893	0.371156	0.277059	0.283431	0.424317	0.239376	0.273263	0.188054	0.246034	0.2318	
3.055	0.0344075	0.141776	0.0939417	0.226066	0.0301214	0.0378173	0.347298	0.117916	0.361795	0.332158	0.396342	0.355424	0.399246	0.413214	0.0967423	0.121917	0.114544	0.0619316	0.0723113	0.0503096	0.0177731	0.02864	0.0559897	0.189238	0.106643	0.149871	0.337044	0.123404	0.0902415	0.455226	0.11691	0.369342	0.27515	0.290525	0.41003	0.239061	0.283945	0.187876	0.245741	0.210005	0.0395008	0.145629	0.0944152	0.234223	0.0406138	0.038077	0.370645	0.117101	0.375005	0.321908	0.364325	0.346169	0.350217	0.368449	0.0965937	0.120904	0.116663	0.0617972	0.0720185	0.0474146	0.0177533	0.0286524	0.0558473	0.189238	0.106643	0.143796	0.325227	0.116656	0.0903345	0.468945	0.116762	0.371066	0.276997	0.283286	0.424617	0.239318	0.273243	0.187721	0.245975	0.23181	
3.06	0.0345021	0.142103	0.093086	0.225251	0.0294361	0.0377583	0.347074	0.117937	0.361803	0.332204	0.396325	0.355402	0.399354	0.413472	0.0967213	0.121901	0.114471	0.0619318	0.0722944	0.0502898	0.0177737	0.0286392	0.0559768	0.189268	0.106648	0.149866	0.336975	0.123196	0.0902459	0.455233	0.116847	0.369302	0.275177	0.29044	0.409869	0.239063	0.28393	0.187644	0.245651	0.209946	0.0394985	0.145627	0.0938079	0.233283	0.039962	0.0380693	0.370444	0.116991	0.374935	0.321793	0.364316	0.346137	0.350287	0.368533	0.0965773	0.121017	0.116602	0.0618018	0.0720058	0.0470246	0.0177542	0.0286511	0.0557995	0.189237	0.106643	0.143792	0.325207	0.116386	0.090344	0.469238	0.116668	0.37096	0.276903	0.283139	0.424909	0.239272	0.273223	0.187372	0.245917	0.231809	
3.065	0.0346661	0.142577	0.0921774	0.224286	0.0287554	0.0376971	0.346857	0.117964	0.36181	0.332216	0.396305	0.355379	0.399433	0.413727	0.0966997	0.121878	0.114399	0.0619318	0.072277	0.0502658	0.0177744	0.0286384	0.0559151	0.189336	0.106651	0.149875	0.33691	0.122974	0.0902509	0.455238	0.116784	0.369266	0.275212	0.290365	0.409715	0.239064	0.283915	0.187411	0.245565	0.209888	0.0394962	0.145624	0.0931081	0.232556	0.039304	0.0380697	0.370238	0.116874	0.374902	0.321733	0.364306	0.346106	0.350357	0.368617	0.0965595	0.121157	0.116543	0.0618059	0.0719926	0.0466235	0.0177551	0.0286499	0.0557445	0.189237	0.106643	0.143789	0.325192	0.116113	0.0903536	0.469514	0.116599	0.370842	0.276777	0.283003	0.425192	0.239258	0.273204	0.187031	0.245863	0.231795	
3.07	0.0348318	0.14297	0.0912329	0.223172	0.0280795	0.0376327	0.346654	0.117998	0.361816	0.33222	0.396284	0.355355	0.399486	0.413978	0.0966776	0.121847	0.114327	0.0619318	0.0722592	0.0502269	0.0177752	0.0286377	0.0558224	0.189389	0.106655	0.149884	0.33685	0.122739	0.0902566	0.455243	0.11672	0.369234	0.275256	0.290293	0.409576	0.239066	0.283897	0.187186	0.245483	0.209832	0.0394937	0.145621	0.0923385	0.231839	0.0386412	0.038071	0.370029	0.116751	0.374924	0.321749	0.364294	0.346076	0.350426	0.368699	0.0965397	0.121287	0.116486	0.0618094	0.0719786	0.0462134	0.0177559	0.0286486	0.0556827	0.189236	0.106642	0.143787	0.32518	0.115838	0.0903634	0.469771	0.116521	0.370719	0.276634	0.28288	0.425465	0.239289	0.273189	0.186709	0.245811	0.231768	
3.075	0.0350112	0.143231	0.0902645	0.221978	0.02741	0.0375631	0.346467	0.118036	0.361823	0.332225	0.396261	0.355328	0.399535	0.414225	0.0966548	0.121812	0.114254	0.0619317	0.072241	0.0501303	0.017776	0.028637	0.0557305	0.18941	0.106658	0.149893	0.336795	0.122491	0.0902628	0.455247	0.116655	0.369204	0.275307	0.290223	0.409462	0.239067	0.283878	0.186973	0.245408	0.209777	0.0394911	0.145617	0.0915171	0.230976	0.037975	0.0380709	0.369822	0.116628	0.374971	0.321797	0.364281	0.346045	0.350495	0.368781	0.0965159	0.121393	0.116432	0.0618124	0.0719637	0.0457964	0.0177567	0.0286473	0.0556118	0.189236	0.106641	0.143787	0.325169	0.115562	0.0903732	0.470007	0.116428	0.370598	0.276486	0.282762	0.425725	0.239328	0.273174	0.186406	0.245762	0.231726	
3.08	0.0352327	0.143413	0.0892809	0.220791	0.0267491	0.0374845	0.346296	0.118084	0.361908	0.332283	0.396236	0.355301	0.399603	0.414467	0.0966309	0.121775	0.11418	0.0619315	0.0722224	0.049963	0.0177768	0.0286363	0.055647	0.189418	0.10666	0.149903	0.336745	0.122231	0.0902696	0.455251	0.116587	0.369178	0.275372	0.29016	0.409381	0.239108	0.283857	0.186773	0.24534	0.209726	0.0394885	0.145613	0.0906585	0.22997	0.0373069	0.0380693	0.369618	0.116512	0.375069	0.321902	0.364267	0.346013	0.350585	0.368911	0.0965024	0.121482	0.116379	0.0618149	0.0719473	0.0453744	0.0177574	0.028646	0.0555314	0.189237	0.10664	0.143788	0.32516	0.115287	0.090383	0.470223	0.116332	0.37048	0.276339	0.282634	0.425972	0.239433	0.273158	0.18615	0.245716	0.231671	
3.085	0.0355058	0.143577	0.0882884	0.219676	0.0260983	0.0374023	0.346142	0.118128	0.362062	0.332399	0.396209	0.355271	0.399697	0.414703	0.0966056	0.121735	0.114107	0.0619313	0.0722036	0.0497319	0.0177777	0.0286357	0.0555659	0.189425	0.106662	0.149913	0.336699	0.12196	0.090277	0.455254	0.116506	0.369153	0.275436	0.290105	0.409342	0.239181	0.283834	0.186569	0.24528	0.209678	0.0394857	0.145608	0.0897743	0.228886	0.0366384	0.0380659	0.369421	0.116403	0.375234	0.322076	0.36425	0.345978	0.350684	0.369059	0.0965023	0.121552	0.116328	0.0618168	0.0719284	0.044949	0.017758	0.0286447	0.0554495	0.189238	0.106638	0.143791	0.325154	0.115013	0.0903928	0.470416	0.116257	0.370372	0.276199	0.28252	0.426204	0.239624	0.27314	0.185943	0.245672	0.231603	
3.09	0.035824	0.143757	0.0872914	0.218624	0.0254584	0.0373238	0.346003	0.11817	0.362256	0.332547	0.396181	0.355239	0.399806	0.414934	0.096578	0.121692	0.114034	0.0619309	0.0721847	0.0494493	0.0177786	0.028635	0.0554811	0.189435	0.106665	0.149919	0.336657	0.121678	0.0902849	0.455258	0.116418	0.369129	0.275502	0.290056	0.40935	0.239286	0.283809	0.186359	0.245228	0.209634	0.0394828	0.145603	0.0888737	0.227808	0.0359707	0.0380602	0.369233	0.116311	0.375442	0.322293	0.364233	0.345938	0.350792	0.369195	0.0965025	0.121607	0.116279	0.0618182	0.0719041	0.044522	0.0177586	0.0286434	0.0553722	0.18924	0.106637	0.143794	0.325149	0.114742	0.0904025	0.470585	0.116209	0.370274	0.276069	0.282424	0.426418	0.239851	0.273122	0.185783	0.24563	0.231524	
3.095	0.0361744	0.143965	0.0862932	0.217598	0.0248297	0.0372493	0.345878	0.118206	0.36252	0.33273	0.396151	0.355205	0.399908	0.415134	0.0965652	0.121648	0.113962	0.0619305	0.0721656	0.0491257	0.0177795	0.0286344	0.0554057	0.189445	0.106666	0.14992	0.33662	0.121387	0.0902933	0.455261	0.11634	0.369105	0.275562	0.290008	0.409408	0.239481	0.28378	0.186162	0.245183	0.209593	0.0394799	0.145598	0.0879641	0.22687	0.0353053	0.0380438	0.369057	0.11624	0.375676	0.322534	0.364213	0.345892	0.350919	0.369301	0.0965022	0.121621	0.116231	0.0618192	0.0718579	0.0440948	0.0177591	0.0286421	0.0552996	0.189241	0.106635	0.143799	0.325148	0.114473	0.0904122	0.470731	0.116158	0.370188	0.275957	0.282344	0.426612	0.24008	0.273103	0.185655	0.245591	0.231436	
3.1	0.0365451	0.144202	0.0852961	0.216573	0.0242119	0.0371834	0.345766	0.118239	0.362763	0.332888	0.396119	0.355169	0.39999	0.415279	0.0965666	0.121607	0.113892	0.06193	0.0721465	0.0487683	0.0177804	0.0286338	0.0553363	0.189453	0.106667	0.149919	0.336587	0.121088	0.0903022	0.455263	0.116278	0.36908	0.275618	0.289958	0.409516	0.239693	0.283747	0.185964	0.245144	0.209556	0.0394768	0.145592	0.0870513	0.22606	0.0346436	0.0380216	0.368897	0.116191	0.375897	0.322762	0.364193	0.345837	0.351026	0.369379	0.0965023	0.121605	0.116184	0.0618196	0.0717835	0.0436685	0.0177596	0.0286407	0.0552288	0.189243	0.106632	0.143805	0.325147	0.114207	0.0904219	0.470853	0.116106	0.370116	0.275869	0.282275	0.426785	0.240271	0.273083	0.185546	0.245554	0.231342	
3.105	0.0369356	0.144463	0.0843019	0.215566	0.0236048	0.037126	0.345667	0.118263	0.362943	0.332995	0.396084	0.355129	0.400053	0.415376	0.0965633	0.12157	0.113824	0.0619294	0.0721274	0.0483824	0.0177814	0.0286332	0.055265	0.189459	0.106668	0.149917	0.336557	0.12078	0.0903116	0.455264	0.116236	0.369054	0.275665	0.289906	0.409672	0.239857	0.283709	0.18577	0.245109	0.209523	0.0394737	0.145586	0.08614	0.225313	0.0339868	0.0379966	0.368756	0.116165	0.376082	0.322949	0.36417	0.345773	0.351093	0.369444	0.0965024	0.121589	0.116139	0.0618195	0.0716831	0.0432443	0.0177599	0.0286393	0.0551573	0.189246	0.10663	0.143812	0.325149	0.113945	0.0904314	0.470952	0.116091	0.370058	0.275798	0.282203	0.426937	0.240402	0.273061	0.185464	0.245518	0.231246	
3.11	0.0373466	0.144746	0.0833119	0.214586	0.0230078	0.0370802	0.345581	0.118294	0.363075	0.333063	0.396046	0.355085	0.400106	0.415438	0.09656	0.12154	0.113761	0.0619286	0.0721083	0.0479724	0.0177824	0.0286326	0.0551913	0.189465	0.106669	0.149927	0.33653	0.120466	0.0903213	0.455264	0.116213	0.369027	0.275713	0.289854	0.409877	0.239976	0.283665	0.185587	0.245077	0.209494	0.0394704	0.14558	0.085234	0.224586	0.0333362	0.0379722	0.368633	0.11616	0.376237	0.323105	0.364146	0.345703	0.351136	0.369504	0.0965024	0.121585	0.116095	0.0618189	0.0715612	0.0428231	0.0177602	0.0286378	0.0550864	0.189249	0.106628	0.14382	0.325152	0.113688	0.0904409	0.471026	0.116122	0.370012	0.275737	0.282128	0.427067	0.240498	0.273038	0.185409	0.245484	0.231154	
3.115	0.0377762	0.145085	0.0823274	0.213623	0.0224209	0.0370423	0.345503	0.118321	0.363166	0.333102	0.396003	0.355036	0.400157	0.415479	0.0965611	0.121513	0.1137	0.0619277	0.0720893	0.0475418	0.0177833	0.0286319	0.055115	0.18947	0.106669	0.149954	0.336506	0.120146	0.0903315	0.455262	0.116194	0.368998	0.275748	0.289807	0.410124	0.240061	0.283616	0.185416	0.245046	0.20947	0.0394671	0.145574	0.0843361	0.223887	0.032693	0.0379497	0.368526	0.116167	0.376379	0.323248	0.364121	0.345627	0.351173	0.369557	0.0965024	0.121599	0.116053	0.0618179	0.0714222	0.0424057	0.0177604	0.0286362	0.0550181	0.189251	0.106625	0.14383	0.325157	0.113435	0.0904502	0.471078	0.116192	0.369972	0.27567	0.282055	0.427178	0.240582	0.273014	0.185378	0.245453	0.23107	
3.12	0.0382193	0.145486	0.081349	0.212668	0.0218437	0.0370166	0.345431	0.118331	0.363242	0.333122	0.395955	0.35498	0.400202	0.415502	0.0965629	0.12149	0.113641	0.0619267	0.0720704	0.047094	0.0177843	0.0286312	0.0550347	0.189474	0.106669	0.149981	0.336485	0.119821	0.090342	0.455258	0.116179	0.368967	0.275767	0.289764	0.410401	0.240151	0.283564	0.18525	0.245015	0.20945	0.0394636	0.145568	0.0834489	0.223219	0.0320582	0.0379099	0.368436	0.116192	0.376497	0.323363	0.364094	0.345546	0.351174	0.369594	0.0965024	0.121552	0.116013	0.0618163	0.0712692	0.0419928	0.0177605	0.0286345	0.054952	0.189254	0.106623	0.14384	0.325165	0.113187	0.0904594	0.471108	0.116204	0.369944	0.275629	0.282	0.42727	0.240662	0.272989	0.185329	0.245424	0.230999	
3.125	0.03867	0.145731	0.0803776	0.211713	0.0212769	0.0369912	0.34537	0.118328	0.363294	0.333125	0.395901	0.354914	0.400243	0.415516	0.0965782	0.12148	0.11359	0.0619255	0.0720515	0.0466316	0.0177853	0.0286304	0.0549493	0.189478	0.106669	0.15002	0.336465	0.119492	0.0903528	0.455253	0.116202	0.368934	0.275778	0.289726	0.410701	0.240237	0.283509	0.185113	0.244982	0.209433	0.03946	0.145562	0.0825743	0.222572	0.0314329	0.0378641	0.368366	0.116236	0.376619	0.323481	0.364066	0.34546	0.351167	0.369641	0.0965024	0.121462	0.115975	0.0618143	0.0711046	0.041585	0.0177605	0.0286326	0.0548865	0.189257	0.10662	0.143852	0.325174	0.112944	0.0904685	0.471119	0.116174	0.36993	0.275618	0.281948	0.427346	0.240759	0.272963	0.185288	0.245398	0.230944	
3.13	0.0391244	0.145776	0.0794139	0.210802	0.0207211	0.036968	0.345314	0.118325	0.363374	0.333158	0.395843	0.35484	0.400284	0.415529	0.0965824	0.121477	0.113542	0.0619242	0.0720326	0.0461571	0.0177862	0.0286296	0.0548611	0.189481	0.106669	0.150061	0.336446	0.119159	0.0903638	0.455247	0.116227	0.368899	0.275777	0.289694	0.411011	0.240331	0.283451	0.184992	0.244944	0.20942	0.0394562	0.145556	0.0817139	0.22194	0.0308181	0.0378257	0.368314	0.116283	0.376758	0.323616	0.364036	0.345369	0.351194	0.369704	0.0965024	0.121395	0.115939	0.0618119	0.0709303	0.0411826	0.0177605	0.0286305	0.0548203	0.189261	0.106617	0.143864	0.325184	0.112707	0.0904774	0.471111	0.116177	0.369926	0.275619	0.281886	0.427406	0.240869	0.272937	0.18527	0.245374	0.230905	
3.135	0.0394787	0.145752	0.0784584	0.209938	0.0201764	0.0369613	0.345262	0.118321	0.36346	0.333205	0.395782	0.354762	0.400326	0.415543	0.0965643	0.12147	0.113494	0.0619226	0.0720133	0.0456729	0.0177871	0.0286287	0.0547753	0.189483	0.106668	0.1501	0.336429	0.118825	0.0903751	0.455241	0.116238	0.368862	0.275771	0.289665	0.411322	0.240424	0.283391	0.18488	0.244903	0.209409	0.0394521	0.14555	0.080869	0.221341	0.0302144	0.03779	0.368277	0.116333	0.376892	0.323747	0.36401	0.345274	0.351228	0.369782	0.0965024	0.121328	0.115905	0.061809	0.0707476	0.040786	0.0177603	0.0286281	0.0547534	0.189264	0.106614	0.143888	0.325214	0.112474	0.0904862	0.471087	0.116193	0.369928	0.27563	0.281806	0.427452	0.240966	0.272924	0.185264	0.245354	0.230882	
3.14	0.0395209	0.145742	0.0775117	0.209103	0.0196425	0.0369528	0.345215	0.118314	0.363558	0.333265	0.395719	0.354679	0.400368	0.415555	0.0965432	0.12146	0.113447	0.0619209	0.0719934	0.0451809	0.017788	0.0286276	0.0546931	0.189485	0.106667	0.15013	0.336412	0.118488	0.0903865	0.455237	0.116249	0.368821	0.275758	0.28964	0.411624	0.240519	0.283329	0.184751	0.244856	0.209401	0.0394473	0.145544	0.0800406	0.220789	0.0296226	0.0377577	0.368254	0.116385	0.377014	0.323864	0.363985	0.345174	0.351264	0.369859	0.0965024	0.121251	0.115872	0.0618056	0.070558	0.0403956	0.0177601	0.028625	0.0546891	0.189267	0.106612	0.143911	0.325244	0.112247	0.0904949	0.471047	0.116188	0.369938	0.275654	0.281719	0.427485	0.241056	0.272917	0.185249	0.245336	0.230871	
3.145	0.0394898	0.145746	0.0765744	0.208272	0.0191187	0.0369936	0.345167	0.118303	0.363698	0.333339	0.395653	0.354592	0.400426	0.415596	0.0965357	0.121452	0.1134	0.0619189	0.0719722	0.0446828	0.0177889	0.0286262	0.0546102	0.189486	0.106666	0.150148	0.336395	0.118151	0.0903981	0.455233	0.116265	0.368777	0.275738	0.289609	0.411912	0.240658	0.283264	0.184443	0.244803	0.209393	0.039441	0.145539	0.0792293	0.220262	0.0290431	0.0377277	0.368241	0.116437	0.377122	0.323965	0.363955	0.345071	0.35131	0.369916	0.0965024	0.121167	0.115841	0.0618018	0.0703623	0.0400115	0.0177598	0.0286207	0.0546292	0.18927	0.106609	0.143926	0.32526	0.112025	0.0905034	0.470993	0.116172	0.369952	0.275685	0.281637	0.427506	0.241135	0.272901	0.185225	0.245319	0.230868	
3.15	0.0394819	0.145751	0.0756471	0.207433	0.0186045	0.0370162	0.345119	0.118291	0.363894	0.333448	0.395585	0.354502	0.400515	0.415678	0.0965368	0.121446	0.113354	0.0619167	0.0719487	0.0441802	0.0177897	0.0286245	0.0545224	0.189487	0.106665	0.150149	0.336378	0.117814	0.0904098	0.455229	0.116288	0.368726	0.275712	0.289564	0.412183	0.240858	0.283198	0.183974	0.244745	0.209383	0.0394227	0.145534	0.0784355	0.219743	0.0284764	0.0377006	0.368235	0.116485	0.377223	0.324059	0.36392	0.344964	0.351353	0.369961	0.0965024	0.121082	0.115812	0.0617976	0.0701615	0.0396337	0.0177594	0.0286091	0.0545726	0.189272	0.106606	0.143937	0.325267	0.111808	0.0905118	0.470927	0.11615	0.369968	0.275718	0.281562	0.427516	0.241215	0.272871	0.185185	0.245305	0.230871	
3.155	0.0394819	0.145751	0.0747307	0.206637	0.0180989	0.0370364	0.34507	0.118272	0.363976	0.333499	0.395515	0.354409	0.400584	0.415724	0.0965339	0.121441	0.113308	0.0619142	0.0719201	0.0436745	0.0177904	0.028622	0.0544369	0.189487	0.106663	0.150137	0.33636	0.117477	0.0904215	0.455227	0.116313	0.368669	0.275681	0.289513	0.412439	0.240979	0.28313	0.183512	0.244681	0.209373	0.0393926	0.145529	0.0776595	0.219147	0.0279227	0.0376753	0.368233	0.116524	0.377311	0.324139	0.36388	0.344854	0.351398	0.369993	0.0965024	0.121	0.115784	0.061793	0.0699563	0.0392624	0.0177589	0.02859	0.054516	0.189275	0.106604	0.143946	0.32527	0.111596	0.09052	0.470849	0.116125	0.369982	0.275745	0.281485	0.427515	0.241289	0.272832	0.185124	0.245291	0.230876	
3.16	0.0394794	0.145751	0.0738258	0.205892	0.0176019	0.0370576	0.345022	0.11826	0.363961	0.333487	0.395444	0.354314	0.40061	0.415721	0.0965287	0.121437	0.113265	0.0619115	0.0718704	0.0431671	0.0177911	0.0286166	0.0543555	0.189487	0.106662	0.150134	0.336341	0.117141	0.0904332	0.455225	0.116346	0.368601	0.275659	0.289466	0.412683	0.240988	0.283062	0.183096	0.244613	0.209361	0.039354	0.145525	0.0769012	0.218466	0.027382	0.0376529	0.368229	0.116553	0.377399	0.324218	0.363841	0.344741	0.351448	0.370019	0.0965024	0.120942	0.115758	0.0617881	0.0697474	0.0388976	0.0177583	0.0285646	0.0544574	0.189277	0.106601	0.143957	0.325279	0.11139	0.0905282	0.470758	0.116109	0.36999	0.275747	0.281404	0.427506	0.241373	0.272788	0.185046	0.245277	0.230879	
3.165	0.0394769	0.14575	0.0729339	0.205181	0.0171137	0.0370757	0.344973	0.118239	0.363966	0.333492	0.395371	0.354217	0.400614	0.415711	0.0965228	0.121434	0.113222	0.0619084	0.0717827	0.0426591	0.0177918	0.0286054	0.0542753	0.189487	0.10666	0.150136	0.336322	0.116807	0.090445	0.455224	0.116366	0.368518	0.275627	0.289428	0.412918	0.240977	0.282993	0.182702	0.244543	0.209348	0.0393095	0.145521	0.0761604	0.217729	0.0268542	0.0376263	0.368222	0.116568	0.377503	0.324313	0.363803	0.344625	0.351482	0.370046	0.0965024	0.120867	0.115732	0.0617828	0.0695352	0.0385391	0.0177577	0.0285338	0.0543959	0.189279	0.106599	0.143971	0.325295	0.111188	0.0905362	0.470657	0.116081	0.369993	0.275736	0.281314	0.427487	0.241474	0.272749	0.184953	0.245261	0.23088	
3.17	0.0394757	0.145749	0.0720598	0.204487	0.0166355	0.0370866	0.344922	0.118195	0.363981	0.333513	0.395298	0.354118	0.40061	0.415701	0.096518	0.121429	0.113181	0.0619051	0.0716559	0.0421516	0.0177923	0.0285891	0.0541937	0.189487	0.106658	0.15015	0.336301	0.116475	0.0904566	0.455223	0.116366	0.368421	0.275571	0.289399	0.413145	0.240971	0.282923	0.182314	0.244473	0.209334	0.0392606	0.145518	0.0754367	0.217042	0.0263392	0.0376011	0.368206	0.116572	0.377629	0.324429	0.363766	0.344508	0.35151	0.370072	0.0965024	0.120822	0.115708	0.0617771	0.0693203	0.0381869	0.017757	0.0284981	0.0543323	0.189281	0.106597	0.143987	0.325313	0.110991	0.0905441	0.470544	0.116055	0.369985	0.275691	0.281206	0.427461	0.241592	0.272713	0.184836	0.245244	0.230878	
3.175	0.0394751	0.145749	0.0712065	0.203811	0.0161682	0.0370925	0.344869	0.118135	0.363988	0.333533	0.395224	0.354019	0.400598	0.415681	0.0965136	0.121425	0.11314	0.0619014	0.0714965	0.0416455	0.0177928	0.0285688	0.05411	0.189486	0.106657	0.150168	0.336278	0.116145	0.0904683	0.455223	0.116357	0.368314	0.275485	0.289379	0.413367	0.240962	0.282853	0.181925	0.244404	0.20932	0.0392084	0.145515	0.0747295	0.216435	0.0258366	0.0375795	0.36818	0.116565	0.377759	0.32455	0.363732	0.344389	0.351544	0.370101	0.0965024	0.120853	0.115685	0.0617712	0.0691031	0.037841	0.0177562	0.0284577	0.0542675	0.189282	0.106594	0.144005	0.325332	0.110799	0.0905519	0.470421	0.116046	0.369967	0.275605	0.281076	0.427429	0.241708	0.272679	0.184676	0.245224	0.230871	
3.18	0.0394748	0.145748	0.0703732	0.203227	0.0157128	0.037097	0.344816	0.118099	0.363881	0.333503	0.395149	0.353919	0.400535	0.415609	0.0965109	0.12142	0.113102	0.0618973	0.0713116	0.0411418	0.0177932	0.0285448	0.0540236	0.189485	0.106658	0.150186	0.336255	0.115818	0.0904798	0.45522	0.116369	0.368199	0.275414	0.289374	0.413583	0.240854	0.282783	0.181522	0.244338	0.209305	0.0391535	0.145512	0.0740383	0.215877	0.025346	0.0375475	0.368145	0.11655	0.377973	0.324729	0.363697	0.344268	0.351632	0.370203	0.0965024	0.120823	0.115662	0.061765	0.0688839	0.0375011	0.0177554	0.0284128	0.0542012	0.189283	0.106592	0.144022	0.32535	0.110611	0.0905596	0.470289	0.116014	0.369947	0.27553	0.280975	0.42739	0.241967	0.272645	0.184491	0.245203	0.23086	
3.185	0.0394746	0.145747	0.0695562	0.202704	0.0152696	0.0371011	0.344765	0.118082	0.363763	0.333436	0.395075	0.353818	0.40045	0.415535	0.0965097	0.121417	0.113068	0.0618929	0.0711068	0.0406411	0.0177934	0.0285171	0.0539307	0.189485	0.106661	0.150203	0.336229	0.115494	0.0904912	0.455214	0.11639	0.368077	0.275357	0.289375	0.413791	0.240745	0.282713	0.181093	0.244274	0.209292	0.0390964	0.145511	0.0733646	0.215326	0.0248669	0.0375163	0.368102	0.116523	0.37821	0.324915	0.363693	0.344148	0.351664	0.370351	0.0965024	0.120828	0.11564	0.0617585	0.068663	0.0371671	0.0177546	0.0283638	0.0541316	0.189283	0.10659	0.14407	0.325405	0.110428	0.0905672	0.470148	0.11598	0.369924	0.275447	0.280921	0.427346	0.242266	0.272641	0.184272	0.245179	0.230846	
3.19	0.0394745	0.145745	0.0687539	0.202196	0.0148388	0.0371039	0.344713	0.118064	0.363682	0.333355	0.395001	0.353718	0.400373	0.415482	0.0965071	0.121413	0.113035	0.0618882	0.0708859	0.0401444	0.0177936	0.0284852	0.0538291	0.189484	0.106668	0.15021	0.336202	0.115174	0.0905025	0.455205	0.1164	0.367949	0.275297	0.289375	0.413989	0.240673	0.282644	0.18064	0.244215	0.20928	0.0390376	0.14551	0.0727282	0.214763	0.0243988	0.0374852	0.368051	0.116486	0.378435	0.32508	0.363693	0.344027	0.351665	0.370499	0.0965024	0.120845	0.115619	0.0617519	0.0684409	0.0368389	0.0177537	0.028311	0.0540571	0.189283	0.106589	0.144085	0.325426	0.110249	0.0905748	0.470001	0.115947	0.369896	0.275356	0.280886	0.427298	0.242555	0.272627	0.18402	0.245154	0.23083	
3.195	0.0394746	0.145744	0.0679796	0.201731	0.0144209	0.0371064	0.344662	0.118045	0.363637	0.333289	0.394928	0.353619	0.400299	0.415463	0.0965038	0.121407	0.113006	0.061883	0.0706519	0.0396524	0.0177937	0.0284489	0.0537203	0.189483	0.106676	0.150219	0.336174	0.114857	0.0905136	0.455193	0.116399	0.367815	0.275231	0.289371	0.414174	0.240637	0.282576	0.180186	0.244159	0.20927	0.0389775	0.145509	0.0721454	0.214243	0.0239411	0.0374582	0.367996	0.116445	0.378618	0.325207	0.363705	0.343906	0.35167	0.370611	0.0965024	0.120882	0.115599	0.061745	0.0682179	0.0365165	0.0177528	0.0282549	0.0539786	0.189283	0.106587	0.144112	0.325458	0.110074	0.0905822	0.469848	0.11592	0.369867	0.275265	0.280846	0.427247	0.242787	0.272619	0.183748	0.245127	0.230812	
3.2	0.0394747	0.145743	0.067252	0.201297	0.0140174	0.037109	0.344609	0.118022	0.36363	0.333246	0.394856	0.353521	0.400217	0.415482	0.0965024	0.1214	0.112978	0.0618775	0.070407	0.0391657	0.0177936	0.028408	0.0536058	0.189483	0.106686	0.150235	0.336145	0.114544	0.0905246	0.455177	0.116392	0.367678	0.275149	0.289364	0.414342	0.240648	0.282509	0.179736	0.244106	0.209263	0.0389165	0.14551	0.0716132	0.213766	0.0234933	0.0374339	0.367939	0.116409	0.378774	0.325312	0.363708	0.343786	0.351729	0.370668	0.0965024	0.120914	0.115579	0.061738	0.0679943	0.0361998	0.0177518	0.0281958	0.0538974	0.189282	0.106585	0.144119	0.325462	0.109903	0.0905896	0.46969	0.115896	0.369841	0.275197	0.28079	0.427194	0.242985	0.272595	0.18346	0.245099	0.230795	
3.205	0.0394749	0.145742	0.0665861	0.200842	0.0136311	0.0371111	0.344556	0.117997	0.363585	0.333183	0.394785	0.353424	0.400195	0.415478	0.0965024	0.121393	0.112951	0.0618717	0.0701534	0.038685	0.0177935	0.0283623	0.0534814	0.189482	0.106697	0.150229	0.336115	0.114235	0.0905356	0.455159	0.116382	0.367537	0.275049	0.289342	0.414493	0.240659	0.282443	0.179264	0.244057	0.209257	0.0388548	0.145512	0.0711122	0.213284	0.0230548	0.0374147	0.367885	0.116383	0.378888	0.325374	0.363671	0.343667	0.351788	0.370706	0.0965024	0.120954	0.115561	0.061731	0.0677705	0.0358887	0.0177509	0.0281342	0.0538155	0.189281	0.106584	0.144114	0.325455	0.109737	0.0905968	0.469531	0.115881	0.36982	0.275152	0.280708	0.427139	0.24315	0.272549	0.183127	0.245071	0.230778	
3.21	0.0394752	0.145742	0.0659744	0.200342	0.0132651	0.0371105	0.344502	0.117975	0.363493	0.333092	0.394715	0.353329	0.400209	0.415446	0.0965024	0.121383	0.112924	0.0618655	0.0698926	0.0382111	0.0177932	0.0283119	0.0533448	0.189482	0.10671	0.150198	0.336084	0.113931	0.0905464	0.455138	0.116372	0.367395	0.274927	0.289302	0.414622	0.240633	0.282378	0.178766	0.244011	0.209253	0.0387926	0.145514	0.0706238	0.212767	0.0226252	0.0374004	0.367836	0.116372	0.378963	0.325398	0.363593	0.343549	0.35186	0.370709	0.0965024	0.120993	0.115544	0.0617238	0.0675469	0.0355833	0.0177499	0.0280706	0.0537341	0.18928	0.106585	0.144116	0.325458	0.109575	0.090604	0.469371	0.115876	0.369805	0.275135	0.280601	0.427084	0.243287	0.272496	0.182749	0.245042	0.230762	
3.215	0.0394755	0.145741	0.065401	0.199852	0.0129219	0.0371052	0.344447	0.117959	0.363348	0.332995	0.394647	0.353236	0.400223	0.41537	0.0965024	0.121368	0.112898	0.0618589	0.0696264	0.0377445	0.0177928	0.0282567	0.0531981	0.189481	0.106724	0.150156	0.336053	0.113631	0.090557	0.455116	0.116365	0.367253	0.274783	0.289249	0.414728	0.240535	0.282315	0.178247	0.243967	0.209251	0.0387302	0.145517	0.0701479	0.212268	0.0222042	0.0373892	0.367796	0.116379	0.378992	0.325385	0.363514	0.343433	0.351951	0.37067	0.0965024	0.12102	0.115527	0.0617167	0.0673241	0.0352837	0.017749	0.0280056	0.0536526	0.189278	0.106586	0.144128	0.325471	0.109417	0.0906112	0.469213	0.115879	0.369799	0.27515	0.280477	0.427029	0.243376	0.272447	0.182342	0.245014	0.230744	
3.22	0.0394759	0.14574	0.0648566	0.199404	0.0126034	0.0370943	0.344392	0.11795	0.363205	0.332916	0.39458	0.353146	0.400228	0.41527	0.0965024	0.121348	0.112872	0.0618521	0.0693561	0.0372861	0.0177923	0.0281968	0.0530456	0.189481	0.106738	0.15013	0.336022	0.113336	0.0905674	0.455094	0.116362	0.36711	0.274617	0.289199	0.41481	0.2404	0.282255	0.177728	0.243926	0.20925	0.0386675	0.145521	0.0696909	0.211808	0.0217912	0.0373802	0.367766	0.116402	0.379002	0.32537	0.363454	0.34332	0.352064	0.370595	0.0965024	0.121034	0.115512	0.0617095	0.0671024	0.03499	0.017748	0.0279397	0.0535709	0.189276	0.106588	0.144142	0.325487	0.109263	0.0906183	0.469057	0.115887	0.369799	0.275189	0.280368	0.426975	0.243434	0.272404	0.181929	0.244985	0.230725	
3.225	0.0394764	0.145739	0.0643665	0.198986	0.0123101	0.0370764	0.344338	0.11794	0.36312	0.332889	0.394515	0.353058	0.400227	0.415159	0.0965024	0.121323	0.112849	0.061845	0.069083	0.0368362	0.0177917	0.0281323	0.0528891	0.189481	0.106753	0.150116	0.335991	0.113046	0.0905776	0.455071	0.116353	0.366968	0.274424	0.289156	0.414868	0.240286	0.282196	0.177213	0.243888	0.209251	0.0386049	0.145525	0.0692649	0.211369	0.0213863	0.0373709	0.367749	0.116446	0.378981	0.325345	0.363432	0.34321	0.352228	0.37046	0.0965024	0.121032	0.115499	0.0617024	0.0668825	0.0347023	0.0177471	0.0278733	0.0534895	0.189273	0.10659	0.144171	0.325516	0.109113	0.0906253	0.468905	0.1159	0.36981	0.275258	0.280275	0.426924	0.243444	0.272385	0.181547	0.244956	0.230702	
3.23	0.0394768	0.145739	0.0639516	0.198532	0.0120403	0.03705	0.344287	0.117928	0.363043	0.332857	0.394452	0.352974	0.40024	0.415041	0.0951569	0.121297	0.112831	0.0618376	0.0688083	0.0363957	0.017791	0.0280631	0.0527231	0.189481	0.106769	0.150071	0.335961	0.112762	0.0905876	0.45505	0.116333	0.366827	0.274206	0.289105	0.414903	0.240222	0.282139	0.176681	0.243853	0.209254	0.0385425	0.145528	0.068889	0.210892	0.0209893	0.0373581	0.367746	0.116509	0.378916	0.325275	0.363405	0.343102	0.35257	0.370202	0.0965024	0.121007	0.115487	0.0616954	0.0666648	0.0344208	0.0177462	0.0278069	0.0534091	0.18927	0.106594	0.144181	0.325529	0.108968	0.0906323	0.468757	0.11591	0.36983	0.275357	0.280167	0.426874	0.243442	0.272364	0.181147	0.244928	0.230677	
3.235	0.0394774	0.145738	0.0635882	0.198007	0.0117916	0.0370172	0.344238	0.117914	0.36295	0.332782	0.394392	0.352893	0.400238	0.414924	0.0955166	0.121276	0.11282	0.0618301	0.068533	0.035965	0.0177902	0.0279894	0.0525446	0.189481	0.106785	0.149985	0.335931	0.112483	0.0905973	0.455032	0.116308	0.366688	0.273975	0.289027	0.414916	0.240181	0.282085	0.176132	0.24382	0.209257	0.0384804	0.145532	0.0685728	0.210343	0.0206003	0.0373414	0.367757	0.116588	0.378807	0.32515	0.363364	0.342996	0.352879	0.369937	0.0965024	0.120956	0.115476	0.0616884	0.0664498	0.0341459	0.0177453	0.027741	0.0533301	0.189267	0.106598	0.144183	0.325531	0.108827	0.0906391	0.468616	0.115916	0.369861	0.275483	0.280028	0.426827	0.243415	0.272332	0.1807	0.2449	0.230652	
3.24	0.0394779	0.145738	0.0632525	0.197484	0.0115629	0.0369894	0.344195	0.117905	0.362891	0.332716	0.394334	0.352815	0.400206	0.41481	0.0960507	0.121272	0.112813	0.0618223	0.0682581	0.0355446	0.0177893	0.0279114	0.0523556	0.189482	0.106801	0.149897	0.335903	0.112209	0.0906068	0.455016	0.116291	0.366551	0.273729	0.288922	0.414911	0.24016	0.282033	0.175583	0.24379	0.209262	0.0384189	0.145535	0.0683093	0.209785	0.0202195	0.0373209	0.367783	0.116683	0.378679	0.325015	0.363323	0.342895	0.352908	0.369796	0.0965024	0.120868	0.115468	0.0616816	0.0662379	0.0338776	0.0177445	0.027676	0.0532526	0.189264	0.106602	0.144198	0.325555	0.108691	0.0906459	0.468481	0.115926	0.369901	0.275629	0.279869	0.426783	0.243357	0.272292	0.180223	0.244872	0.230627	
3.245	0.0394784	0.145738	0.0630106	0.196921	0.0113572	0.0369698	0.344155	0.117901	0.36301	0.332769	0.394278	0.352742	0.40024	0.414692	0.0965945	0.121283	0.112811	0.0618145	0.0679846	0.035135	0.0177883	0.0278293	0.052161	0.189483	0.106817	0.149813	0.335877	0.111941	0.090616	0.455005	0.116277	0.366416	0.273375	0.288793	0.41489	0.240285	0.281984	0.175081	0.243762	0.209267	0.0383582	0.145538	0.068072	0.20919	0.0198471	0.0373058	0.367819	0.116791	0.378518	0.324872	0.363311	0.342797	0.352693	0.369762	0.0965024	0.120784	0.115461	0.061675	0.0660298	0.0336164	0.0177437	0.0276122	0.0531743	0.189261	0.106607	0.144224	0.325583	0.108559	0.0906525	0.468354	0.115967	0.36994	0.27576	0.279698	0.426741	0.243259	0.272247	0.179724	0.244845	0.230604	
3.25	0.039479	0.145737	0.0628887	0.196314	0.0111783	0.0369566	0.34412	0.117905	0.363291	0.332959	0.394224	0.352672	0.40036	0.414574	0.0967656	0.121269	0.112814	0.0618065	0.0677131	0.0347366	0.0177872	0.0277433	0.0519702	0.189484	0.106833	0.149741	0.335853	0.111679	0.090625	0.454998	0.116259	0.366282	0.272892	0.288643	0.414858	0.240556	0.281937	0.174627	0.243735	0.209273	0.0382985	0.145541	0.0678419	0.208554	0.0194835	0.0372966	0.367861	0.116904	0.378372	0.324776	0.363317	0.342703	0.352418	0.369764	0.0965024	0.120767	0.115456	0.0616685	0.0658259	0.0333625	0.0177429	0.02755	0.0530942	0.189257	0.106612	0.144246	0.325604	0.108432	0.090659	0.468235	0.116034	0.369972	0.275839	0.279523	0.426702	0.243151	0.272201	0.179224	0.24482	0.230585	
3.255	0.0394795	0.145737	0.0628428	0.195695	0.0110301	0.0369481	0.344082	0.117854	0.363481	0.333114	0.394173	0.352607	0.400422	0.414457	0.096732	0.121262	0.112819	0.0617984	0.0674446	0.0343497	0.0177861	0.0276537	0.0517803	0.189485	0.106848	0.149702	0.335831	0.111423	0.0906336	0.454996	0.116222	0.366152	0.272905	0.288479	0.414819	0.240766	0.281894	0.174192	0.24371	0.209279	0.0382401	0.145544	0.0676457	0.208056	0.019129	0.0372757	0.367911	0.117022	0.378179	0.324688	0.363313	0.342612	0.352074	0.369761	0.0965024	0.120768	0.115454	0.0616622	0.0656267	0.0331161	0.0177422	0.0274897	0.0530144	0.189253	0.106618	0.144258	0.325623	0.108309	0.0907607	0.468124	0.116088	0.370015	0.275944	0.279361	0.426665	0.242971	0.272151	0.178727	0.244795	0.23057	
3.26	0.0394801	0.145736	0.0627994	0.195296	0.0109149	0.0369432	0.344045	0.117813	0.363656	0.333224	0.394125	0.352546	0.400472	0.414342	0.0967097	0.121282	0.112834	0.0617903	0.0671796	0.0339745	0.0177849	0.0275608	0.0515893	0.189486	0.106864	0.149712	0.335812	0.111174	0.090642	0.454999	0.11619	0.366023	0.272852	0.288303	0.414778	0.240957	0.281853	0.173759	0.243687	0.209285	0.0381831	0.145546	0.0674915	0.207584	0.018784	0.0372435	0.367969	0.117132	0.377991	0.324615	0.363314	0.342528	0.351762	0.36975	0.095801	0.120769	0.115454	0.0616561	0.0654326	0.0328777	0.0177415	0.0274315	0.0529393	0.189249	0.106623	0.144263	0.325609	0.108191	0.0909193	0.468022	0.116102	0.370062	0.276092	0.27927	0.426629	0.242805	0.272101	0.178241	0.244772	0.230561	
3.265	0.0394806	0.145736	0.0627228	0.194957	0.0108323	0.0369408	0.344006	0.117785	0.363852	0.333337	0.39408	0.352489	0.40054	0.414232	0.0967156	0.121295	0.112852	0.0617821	0.0669188	0.0336114	0.0177836	0.0274649	0.0513975	0.189486	0.106879	0.149737	0.335796	0.11093	0.0906501	0.455007	0.116159	0.365896	0.272889	0.288121	0.414736	0.241157	0.281816	0.173343	0.243665	0.209291	0.0381277	0.145548	0.0673679	0.207057	0.0184489	0.0372031	0.368029	0.117215	0.377891	0.324604	0.363311	0.34245	0.351602	0.369739	0.0965561	0.120767	0.115455	0.0616502	0.0652441	0.0326476	0.0177408	0.0273757	0.052875	0.189246	0.106629	0.144251	0.32559	0.108078	0.091115	0.467928	0.116078	0.370103	0.276247	0.279229	0.426595	0.242722	0.272052	0.177772	0.244751	0.230564	
3.27	0.0394811	0.145735	0.0626222	0.194565	0.010781	0.0369399	0.343968	0.11775	0.364051	0.333467	0.394037	0.352437	0.40062	0.414127	0.0967148	0.121288	0.11288	0.061774	0.0666626	0.0332604	0.0177823	0.0273664	0.0512064	0.189487	0.106894	0.149751	0.335783	0.110692	0.0906578	0.455016	0.116109	0.365772	0.27291	0.287939	0.414697	0.241347	0.281781	0.172947	0.243643	0.209297	0.038074	0.14555	0.0672621	0.206478	0.0181239	0.0371624	0.368085	0.117271	0.377885	0.324666	0.363297	0.342377	0.351563	0.369728	0.0966791	0.120768	0.115459	0.0616445	0.0650617	0.0324259	0.0177402	0.0273226	0.052825	0.189243	0.106635	0.144243	0.325584	0.10797	0.0913514	0.467844	0.116039	0.370132	0.276372	0.279209	0.426561	0.242713	0.272005	0.177324	0.244731	0.230581	
3.275	0.0394816	0.145735	0.0625259	0.194124	0.0107585	0.0369399	0.343928	0.117707	0.364212	0.333578	0.393997	0.35239	0.40068	0.414028	0.0967063	0.121276	0.112915	0.0617659	0.0664115	0.0329217	0.0177809	0.0272654	0.0510169	0.189487	0.106908	0.149743	0.335774	0.11046	0.0906653	0.455027	0.116054	0.365648	0.272977	0.287764	0.414661	0.241496	0.281749	0.172574	0.243623	0.209303	0.0380222	0.145552	0.0671787	0.205927	0.0178094	0.0371298	0.368132	0.117314	0.377907	0.324745	0.363285	0.342307	0.351557	0.369719	0.0965104	0.120768	0.115465	0.0616391	0.0648857	0.032213	0.0177396	0.0272724	0.0527864	0.18924	0.106641	0.14425	0.325588	0.107866	0.0914076	0.467769	0.115998	0.370154	0.276463	0.279189	0.426527	0.242712	0.271959	0.176896	0.244712	0.230605	
3.28	0.0394821	0.145735	0.0624792	0.193677	0.010762	0.0369404	0.343888	0.117661	0.364315	0.333641	0.393959	0.352347	0.400698	0.413935	0.0967006	0.12127	0.11295	0.0617579	0.066166	0.0325953	0.0177795	0.0271624	0.0508293	0.189488	0.106922	0.149717	0.335768	0.110234	0.0906725	0.455039	0.116009	0.365526	0.272999	0.2876	0.414629	0.241589	0.28172	0.172227	0.243604	0.209308	0.0379722	0.145553	0.0671392	0.205425	0.0175055	0.0371013	0.368168	0.117348	0.377929	0.324819	0.363271	0.342239	0.351555	0.36971	0.0964996	0.120768	0.115472	0.0616339	0.0647165	0.032009	0.0177391	0.0272254	0.0527545	0.189237	0.106647	0.144256	0.325594	0.107768	0.0915633	0.467703	0.115952	0.370169	0.276537	0.279165	0.426493	0.242697	0.271915	0.176489	0.244695	0.230629	
3.285	0.0394826	0.145734	0.0625032	0.193332	0.0107895	0.0369411	0.343848	0.117617	0.364386	0.333673	0.393924	0.352309	0.400686	0.41385	0.0967001	0.12127	0.112979	0.0617499	0.0659262	0.0322812	0.0177781	0.0270575	0.0506439	0.189489	0.106936	0.149689	0.335766	0.110015	0.0906794	0.45505	0.115977	0.365406	0.273014	0.287447	0.4146	0.241642	0.281694	0.171906	0.243586	0.209312	0.0379241	0.145554	0.0671534	0.204962	0.0172124	0.0370855	0.368188	0.117368	0.377939	0.324879	0.363261	0.342174	0.351544	0.3697	0.0965033	0.120768	0.11548	0.061629	0.0645545	0.0318143	0.0177386	0.0271816	0.052726	0.189234	0.106653	0.14427	0.325609	0.107674	0.0916912	0.467646	0.115904	0.370173	0.276593	0.27914	0.426459	0.242671	0.271871	0.176103	0.244679	0.230647	
3.29	0.039483	0.145734	0.0625932	0.1931	0.01084	0.0369419	0.343805	0.117576	0.364452	0.333711	0.393892	0.352276	0.400659	0.413771	0.0967052	0.121278	0.113004	0.0617421	0.0656925	0.0319794	0.0177766	0.026951	0.0504609	0.189489	0.106949	0.149672	0.335769	0.109801	0.0906859	0.455059	0.11595	0.365287	0.272959	0.287308	0.414575	0.241674	0.281671	0.171611	0.243569	0.209317	0.0378779	0.145555	0.0672169	0.204525	0.0169301	0.037087	0.36819	0.117371	0.377952	0.324941	0.363255	0.342113	0.351532	0.369691	0.0965062	0.120768	0.115488	0.0616243	0.0643998	0.0316288	0.0177381	0.0271412	0.0527008	0.189231	0.106659	0.144285	0.325627	0.107586	0.0917876	0.467598	0.115857	0.370164	0.276619	0.279119	0.426423	0.242646	0.27183	0.175738	0.244663	0.230656	
3.295	0.0394834	0.145733	0.0627294	0.192938	0.0109134	0.0369427	0.34376	0.117533	0.364556	0.333781	0.393862	0.352247	0.400655	0.4137	0.0967146	0.121291	0.113031	0.0617343	0.065465	0.0316896	0.0177751	0.0268432	0.0502804	0.189489	0.106961	0.149664	0.335775	0.109593	0.0906922	0.455066	0.115914	0.36517	0.272783	0.287181	0.414553	0.241733	0.281651	0.171341	0.243553	0.20932	0.0378337	0.145556	0.0673144	0.204202	0.0166586	0.0371048	0.368172	0.11736	0.377969	0.325006	0.363243	0.342056	0.351522	0.369681	0.0965004	0.120768	0.115497	0.0616199	0.0642525	0.0314526	0.0177377	0.0271042	0.052679	0.189228	0.106665	0.144287	0.325626	0.107502	0.0918279	0.467558	0.115811	0.370145	0.27661	0.2791	0.426387	0.242621	0.271791	0.175394	0.244649	0.230653	
3.3	0.0394838	0.145732	0.0628916	0.192807	0.0110104	0.0369434	0.343714	0.117477	0.364696	0.333881	0.393835	0.352223	0.400689	0.413636	0.0967259	0.121309	0.113061	0.0617266	0.0652438	0.0314117	0.0177736	0.0267343	0.0501024	0.18949	0.106973	0.149662	0.335786	0.109391	0.0906983	0.45507	0.115866	0.365055	0.272499	0.287067	0.414531	0.241832	0.281633	0.171096	0.243539	0.209323	0.0377915	0.145556	0.0674288	0.20388	0.0163977	0.0371379	0.368134	0.11733	0.378001	0.32508	0.363215	0.342004	0.351515	0.369672	0.0965029	0.120768	0.115505	0.0616157	0.0641129	0.0312857	0.0177374	0.0270707	0.0526595	0.189224	0.106671	0.14428	0.325616	0.107424	0.0918253	0.467526	0.11576	0.370112	0.276574	0.27908	0.426349	0.242617	0.271754	0.17507	0.244636	0.230637	
3.305	0.0394842	0.145732	0.0630957	0.192749	0.0111316	0.0369442	0.343663	0.117402	0.364809	0.33395	0.393809	0.352203	0.400709	0.413579	0.096729	0.121318	0.113088	0.0617191	0.065029	0.0311452	0.0177721	0.0266246	0.0499269	0.18949	0.106984	0.149664	0.335801	0.109194	0.090704	0.455071	0.115811	0.364943	0.272301	0.286964	0.414508	0.241931	0.281618	0.170874	0.243527	0.209326	0.0377515	0.145556	0.0675385	0.203498	0.0161471	0.0371833	0.36808	0.117284	0.378024	0.325134	0.36316	0.341955	0.351508	0.369663	0.0965021	0.120768	0.115514	0.0616118	0.063981	0.031128	0.017737	0.0270408	0.0526394	0.189222	0.106676	0.144277	0.325613	0.10735	0.0917697	0.467502	0.115706	0.370069	0.276521	0.279055	0.42631	0.242643	0.27172	0.174766	0.244623	0.230611	
3.31	0.0394845	0.145731	0.0633507	0.192765	0.0112765	0.0369448	0.343609	0.117317	0.364849	0.333951	0.393786	0.352187	0.400679	0.413529	0.0967201	0.121313	0.113111	0.0617117	0.0648204	0.0308899	0.0177706	0.0265142	0.0497541	0.18949	0.106995	0.149699	0.33582	0.109003	0.0907095	0.455068	0.115752	0.364833	0.272377	0.286871	0.414483	0.241984	0.281605	0.170675	0.243516	0.209327	0.0377139	0.145556	0.0676322	0.203069	0.0159065	0.037236	0.368012	0.117227	0.378045	0.325175	0.363098	0.341911	0.3515	0.369654	0.0965027	0.120768	0.115522	0.0616081	0.0638565	0.0309794	0.0177367	0.0270144	0.0526176	0.189219	0.106682	0.144281	0.325616	0.107281	0.0916647	0.467486	0.115647	0.370018	0.276456	0.279029	0.42627	0.242694	0.271688	0.174481	0.24461	0.230575	
3.315	0.0394847	0.14573	0.0636512	0.192828	0.0114437	0.0369454	0.343564	0.117262	0.364854	0.333919	0.393765	0.352174	0.400611	0.413485	0.0966994	0.121292	0.11314	0.0617044	0.064618	0.0306452	0.017769	0.0264033	0.049584	0.189491	0.107005	0.149749	0.335843	0.108817	0.0907148	0.455062	0.115687	0.364727	0.272532	0.286789	0.414454	0.241996	0.281594	0.170497	0.243506	0.209329	0.0376786	0.145556	0.067711	0.202635	0.0156757	0.037294	0.367935	0.117168	0.378066	0.32521	0.36305	0.341871	0.351493	0.369646	0.0965022	0.120768	0.11553	0.0616046	0.0637393	0.0308395	0.0177365	0.0269915	0.0525949	0.189216	0.106688	0.144285	0.325619	0.107216	0.0914962	0.467476	0.115589	0.369966	0.276384	0.279005	0.426228	0.242749	0.271658	0.174215	0.244596	0.230532	
3.32	0.039485	0.14573	0.0639861	0.19292	0.0116312	0.0369595	0.343532	0.11724	0.364844	0.333879	0.393745	0.352165	0.400538	0.413449	0.0966752	0.121264	0.113172	0.0616972	0.0644216	0.0304106	0.0177675	0.0262922	0.0494165	0.189491	0.107015	0.149787	0.335871	0.108636	0.0907199	0.455053	0.11562	0.364625	0.272635	0.286718	0.414419	0.241984	0.281586	0.170338	0.243499	0.209329	0.0376456	0.145555	0.0677809	0.202238	0.0154541	0.0373507	0.367855	0.117112	0.378087	0.325243	0.363021	0.341834	0.351487	0.369638	0.0965025	0.120768	0.115536	0.0616013	0.0636293	0.030708	0.0177362	0.026972	0.0525731	0.189213	0.106693	0.144288	0.325621	0.107156	0.0912859	0.467473	0.115529	0.369915	0.276307	0.278986	0.426185	0.242801	0.271631	0.173966	0.244583	0.230485	
3.325	0.0394851	0.145729	0.0643456	0.193062	0.011837	0.0369827	0.343508	0.117232	0.36485	0.333857	0.393727	0.35216	0.400481	0.413419	0.0966567	0.121241	0.113202	0.0616902	0.0642309	0.0301855	0.0177659	0.026181	0.0492517	0.189491	0.107024	0.1498	0.335902	0.108459	0.0907247	0.455041	0.115556	0.364526	0.27261	0.286657	0.414377	0.241973	0.281578	0.170197	0.243492	0.209329	0.0376146	0.145555	0.0678487	0.201882	0.0152413	0.0374003	0.367776	0.117058	0.378104	0.325272	0.363005	0.341801	0.35148	0.36963	0.0965023	0.120768	0.115542	0.0615981	0.063526	0.0305846	0.017736	0.0269557	0.0525532	0.189211	0.106699	0.144291	0.325623	0.1071	0.0910749	0.467476	0.115461	0.369868	0.276232	0.278972	0.426141	0.242842	0.271605	0.173734	0.244569	0.230439	
3.33	0.0394853	0.145728	0.0647235	0.193258	0.0120587	0.0370064	0.343487	0.117226	0.364857	0.333844	0.39371	0.352157	0.400443	0.413394	0.0966455	0.121227	0.113224	0.0616833	0.0640458	0.0299693	0.0177644	0.0260698	0.0490894	0.189491	0.107033	0.149803	0.335936	0.108288	0.0907294	0.455027	0.115493	0.364432	0.272468	0.286606	0.414328	0.241962	0.281573	0.170073	0.243487	0.209327	0.0375855	0.145554	0.0679179	0.201555	0.0150368	0.0374407	0.367701	0.117005	0.378118	0.325298	0.362993	0.341771	0.351474	0.369622	0.0965025	0.120768	0.115548	0.0615952	0.0634291	0.0304686	0.0177359	0.0269425	0.0525358	0.189209	0.106704	0.144293	0.325624	0.107048	0.0908758	0.467484	0.115383	0.369824	0.276155	0.278963	0.426096	0.242875	0.271582	0.173517	0.244554	0.230401	
3.335	0.0394854	0.145727	0.0651166	0.193407	0.0122932	0.0370211	0.343466	0.117222	0.36478	0.33373	0.393694	0.352156	0.400336	0.413376	0.0966335	0.12121	0.113231	0.0616766	0.0638658	0.0297612	0.0177629	0.025959	0.0489296	0.189492	0.107041	0.149783	0.335975	0.10812	0.0907339	0.455013	0.115439	0.364343	0.272411	0.286564	0.414271	0.241883	0.281568	0.169964	0.243483	0.209325	0.0375579	0.145554	0.0679634	0.201224	0.0148399	0.0374621	0.367636	0.116954	0.378111	0.325298	0.362984	0.341744	0.351469	0.369614	0.0965053	0.12077	0.115552	0.0615924	0.0633382	0.0303596	0.0177357	0.0269322	0.0525173	0.189207	0.10671	0.144296	0.325626	0.106999	0.0907626	0.467497	0.11527	0.369789	0.27611	0.27894	0.426051	0.242901	0.27156	0.173315	0.244539	0.230372	
3.34	0.0394854	0.145726	0.0655288	0.193469	0.0125368	0.037022	0.34345	0.117233	0.364609	0.333516	0.393679	0.352157	0.400141	0.413363	0.0966177	0.121188	0.113228	0.0616699	0.0636907	0.0295606	0.0177614	0.0258486	0.0487723	0.189492	0.10705	0.149766	0.336016	0.107956	0.0907383	0.454998	0.1154	0.364259	0.272489	0.286531	0.414206	0.241707	0.281565	0.16987	0.243479	0.209322	0.0375316	0.145553	0.0679644	0.200881	0.0146501	0.0374677	0.367581	0.116908	0.378088	0.325278	0.362975	0.34172	0.351463	0.369607	0.0965204	0.120821	0.115555	0.0615897	0.0632527	0.0302569	0.0177355	0.0269246	0.0524955	0.189206	0.106715	0.144299	0.325628	0.106953	0.0907454	0.467514	0.115125	0.369763	0.276103	0.278902	0.426006	0.24292	0.27154	0.173125	0.244522	0.230353	
3.345	0.0394854	0.145725	0.0659645	0.193451	0.012785	0.0370129	0.343447	0.11726	0.364445	0.333315	0.393664	0.35216	0.399953	0.413354	0.0966061	0.121171	0.113229	0.0616635	0.0635199	0.0293666	0.0177599	0.0257389	0.0486172	0.189492	0.107058	0.149749	0.336061	0.107795	0.0907426	0.454983	0.115362	0.364179	0.272427	0.286504	0.414132	0.241522	0.281561	0.169787	0.243476	0.209318	0.0375063	0.145553	0.0679271	0.200631	0.0144668	0.0374677	0.367536	0.116869	0.378055	0.32525	0.362966	0.341698	0.351458	0.369599	0.0965296	0.12088	0.115556	0.0615872	0.0631722	0.0301598	0.0177354	0.0269194	0.0524709	0.189205	0.10672	0.144301	0.325629	0.10691	0.0907521	0.467535	0.114989	0.369741	0.276108	0.278851	0.42596	0.242929	0.271522	0.172946	0.244505	0.230342	
3.35	0.0394854	0.145724	0.066394	0.193632	0.013033	0.0369957	0.343449	0.117288	0.364266	0.333136	0.39365	0.352165	0.399772	0.413351	0.0966	0.121162	0.113228	0.0616571	0.0633532	0.0291784	0.0177585	0.02563	0.0484645	0.189492	0.107066	0.149731	0.336109	0.107638	0.0907467	0.454968	0.115332	0.364105	0.272278	0.286484	0.414052	0.241337	0.281559	0.169711	0.243474	0.209312	0.0374819	0.145553	0.0678771	0.200401	0.0142893	0.0374686	0.367498	0.116835	0.378014	0.32522	0.362958	0.341679	0.351452	0.369592	0.0965389	0.120952	0.115557	0.0615847	0.063096	0.0300678	0.0177353	0.0269164	0.0524451	0.189205	0.106726	0.144303	0.32563	0.106869	0.0907552	0.467558	0.114887	0.369719	0.276101	0.278794	0.425914	0.242927	0.271505	0.172777	0.244486	0.230335	
3.355	0.0394853	0.145723	0.0667935	0.193838	0.0132776	0.0369794	0.343439	0.11729	0.364072	0.332979	0.393635	0.35217	0.399584	0.413352	0.0966052	0.121169	0.11321	0.0616509	0.0631902	0.0289953	0.0177571	0.0255221	0.0483138	0.189492	0.107074	0.149727	0.336159	0.107484	0.0907508	0.454954	0.11532	0.364035	0.272167	0.286468	0.413964	0.241143	0.281556	0.169641	0.243471	0.209305	0.0374585	0.145553	0.0678338	0.200135	0.0141172	0.0374695	0.367462	0.116804	0.377966	0.325192	0.36295	0.341661	0.351446	0.369585	0.0965491	0.121026	0.115556	0.0615823	0.0630236	0.02998	0.0177351	0.0269153	0.0524196	0.189205	0.106731	0.144305	0.325631	0.106831	0.0907575	0.467583	0.114811	0.369697	0.276071	0.278736	0.425869	0.242915	0.271489	0.172616	0.244465	0.23033	
3.36	0.0394851	0.145722	0.0672295	0.193939	0.0135205	0.0369675	0.343403	0.117242	0.363888	0.332844	0.39362	0.352175	0.399403	0.413356	0.0966267	0.121198	0.113168	0.0616449	0.0630304	0.0288166	0.0177557	0.0254153	0.0481653	0.189491	0.107081	0.149726	0.336212	0.107332	0.0907549	0.454943	0.115319	0.363969	0.27212	0.286457	0.413871	0.240957	0.281553	0.169577	0.243469	0.209297	0.037436	0.145553	0.0677801	0.199837	0.0139498	0.0374672	0.367428	0.116769	0.377914	0.325162	0.362942	0.341644	0.351441	0.369577	0.0965591	0.121092	0.115555	0.0615799	0.0629544	0.0298958	0.017735	0.0269158	0.052395	0.189205	0.106737	0.144307	0.325632	0.106794	0.0907607	0.467609	0.114744	0.369673	0.276013	0.278678	0.425823	0.242895	0.271474	0.172462	0.244444	0.230328	
3.365	0.0394849	0.145721	0.0676395	0.193941	0.0137663	0.0369595	0.343337	0.117118	0.363745	0.332748	0.393605	0.352181	0.399249	0.413361	0.0966587	0.121245	0.11311	0.0616389	0.0628734	0.0286415	0.0177544	0.02531	0.0480188	0.189491	0.107089	0.149722	0.336267	0.107182	0.0907589	0.454935	0.115325	0.363906	0.272112	0.286448	0.413775	0.240804	0.281549	0.169516	0.243465	0.209288	0.0374146	0.145554	0.0676991	0.199688	0.0137867	0.0374606	0.367395	0.11673	0.377853	0.325131	0.362935	0.341629	0.351435	0.369569	0.0965678	0.121147	0.115552	0.0615776	0.0628877	0.0298144	0.0177349	0.0269176	0.0523713	0.189206	0.106742	0.144309	0.325632	0.106758	0.0907641	0.467635	0.114677	0.369648	0.275924	0.27862	0.425779	0.242864	0.27146	0.172313	0.244421	0.230326	
3.37	0.0394847	0.14572	0.067968	0.193893	0.0140182	0.0369544	0.34325	0.116844	0.363647	0.332689	0.393589	0.352186	0.39913	0.413369	0.0966932	0.121299	0.113044	0.0616331	0.0627191	0.0284693	0.0177531	0.0252062	0.0478743	0.189491	0.107097	0.149719	0.336324	0.107034	0.0907629	0.45493	0.115344	0.363846	0.272115	0.286442	0.413677	0.240691	0.281545	0.169456	0.243461	0.209277	0.0373946	0.145556	0.0675949	0.199566	0.0136274	0.0374497	0.367363	0.116686	0.377786	0.325097	0.362927	0.341614	0.351428	0.369561	0.0965755	0.121193	0.115548	0.0615753	0.062823	0.0297352	0.0177347	0.0269204	0.0523485	0.189207	0.106748	0.14431	0.325632	0.106723	0.0907674	0.467661	0.114609	0.369624	0.275804	0.278562	0.425735	0.24282	0.271446	0.172167	0.244396	0.230326	
3.375	0.0394844	0.145718	0.068244	0.194138	0.0142747	0.0369512	0.343122	0.116631	0.363583	0.332655	0.393572	0.35219	0.399043	0.413386	0.096727	0.121354	0.112975	0.0616275	0.0625671	0.0282997	0.0177519	0.0251042	0.0477318	0.189491	0.107105	0.149717	0.336383	0.106888	0.0907668	0.454927	0.115357	0.363788	0.272118	0.286436	0.41358	0.240609	0.28154	0.169397	0.243456	0.209264	0.0373761	0.145557	0.0674873	0.199377	0.0134716	0.037435	0.367333	0.116641	0.377711	0.325062	0.36292	0.3416	0.351422	0.369553	0.0965824	0.121234	0.115544	0.061573	0.0627596	0.0296575	0.0177346	0.0269238	0.0523262	0.189209	0.106754	0.144311	0.325632	0.106688	0.0907707	0.467686	0.114538	0.369601	0.275647	0.278507	0.425692	0.242763	0.271433	0.172024	0.24437	0.230324	
3.38	0.039484	0.145717	0.0684929	0.194433	0.0145317	0.0369493	0.342884	0.11655	0.363543	0.332638	0.393554	0.352194	0.398982	0.413411	0.0967605	0.121408	0.112913	0.061622	0.0624171	0.028132	0.0177507	0.0250041	0.0475912	0.18949	0.107113	0.149717	0.336443	0.106743	0.0907708	0.454928	0.115347	0.36373	0.27212	0.286431	0.413486	0.240551	0.281534	0.169336	0.24345	0.209249	0.0373594	0.14556	0.0673965	0.199124	0.013319	0.037418	0.367306	0.116601	0.377628	0.325024	0.362912	0.341586	0.351416	0.369544	0.0965883	0.12127	0.115538	0.0615707	0.0626972	0.0295807	0.0177345	0.0269277	0.0523041	0.189212	0.10676	0.144313	0.325632	0.106653	0.090774	0.467709	0.114463	0.369581	0.275439	0.278453	0.42565	0.242692	0.271419	0.171882	0.244343	0.230319	
3.385	0.0394836	0.145715	0.068722	0.194594	0.014785	0.0369481	0.342511	0.116543	0.363524	0.332632	0.393535	0.352197	0.398937	0.413441	0.0967912	0.121459	0.112869	0.0616166	0.0622689	0.0279658	0.0177495	0.024906	0.0474527	0.18949	0.107121	0.149717	0.336504	0.106601	0.0907748	0.454933	0.115321	0.363674	0.272121	0.286425	0.413398	0.24051	0.281527	0.169273	0.243443	0.209233	0.0373449	0.145562	0.0673267	0.198847	0.0131694	0.0374023	0.367283	0.116573	0.377538	0.324985	0.362909	0.341572	0.351409	0.369534	0.0966003	0.121307	0.115532	0.0615685	0.0626353	0.0295043	0.0177343	0.0269317	0.052282	0.189214	0.106765	0.144314	0.325631	0.106618	0.0907773	0.46773	0.11438	0.369565	0.27516	0.278396	0.425609	0.24261	0.271406	0.17174	0.244315	0.230311	
3.39	0.0394832	0.145714	0.0689136	0.194618	0.0150371	0.0369473	0.342193	0.116548	0.363518	0.332636	0.393515	0.352198	0.398903	0.413468	0.0968125	0.121497	0.112807	0.0616114	0.0621223	0.027801	0.0177485	0.0248102	0.0473163	0.18949	0.107129	0.149718	0.336566	0.106459	0.0907788	0.454942	0.115288	0.363617	0.272122	0.286417	0.413317	0.240483	0.281518	0.169206	0.243434	0.209215	0.0373325	0.145565	0.0672572	0.198747	0.0130225	0.0374201	0.367271	0.116615	0.377445	0.324947	0.362903	0.341558	0.351402	0.369524	0.0967194	0.121434	0.115525	0.0615662	0.0625734	0.0294279	0.0177341	0.0269357	0.0522595	0.189217	0.106772	0.144315	0.32563	0.106583	0.0907806	0.467748	0.114338	0.369566	0.274309	0.278337	0.425568	0.242523	0.271392	0.171597	0.244285	0.230278	
3.395	0.0394827	0.145712	0.0690561	0.194567	0.0152935	0.0369466	0.341999	0.116548	0.363519	0.332643	0.393494	0.352198	0.398878	0.413484	0.0968249	0.121523	0.11272	0.0616063	0.0619773	0.0276373	0.0177474	0.0247169	0.0471821	0.18949	0.107138	0.149719	0.336629	0.106319	0.0907828	0.454954	0.115231	0.36356	0.272123	0.286407	0.413246	0.240465	0.281508	0.169134	0.243425	0.209195	0.0373222	0.145568	0.0671689	0.198675	0.0128784	0.0374067	0.367264	0.11597	0.377354	0.324914	0.362894	0.341543	0.351395	0.369514	0.0966678	0.121463	0.115519	0.0615639	0.0625113	0.0293512	0.017734	0.0269396	0.0522364	0.18922	0.106778	0.144315	0.325629	0.106546	0.0907839	0.467762	0.114379	0.369572	0.274262	0.278276	0.425529	0.242438	0.271379	0.171453	0.244254	0.230226	
3.4	0.0394821	0.14571	0.0693936	0.194814	0.0155602	0.0369461	0.341966	0.116548	0.363519	0.332647	0.393471	0.352196	0.398858	0.41352	0.0968309	0.121539	0.112637	0.0616013	0.0618338	0.0274748	0.0177464	0.0246261	0.0470503	0.18949	0.107146	0.14972	0.336691	0.106181	0.0907868	0.45497	0.115154	0.363503	0.272125	0.286395	0.413187	0.240452	0.281497	0.169056	0.243414	0.209174	0.0373139	0.145571	0.067098	0.198523	0.012737	0.0373365	0.36725	0.115853	0.377267	0.324886	0.362884	0.341528	0.351387	0.369503	0.0965498	0.121211	0.115512	0.0615616	0.0624489	0.029274	0.0177338	0.0269431	0.0522127	0.189223	0.106784	0.144316	0.325628	0.106509	0.0907873	0.467773	0.113943	0.369553	0.274689	0.278212	0.42549	0.242356	0.271364	0.171306	0.244222	0.230203	
3.405	0.0394815	0.145708	0.0698154	0.19511	0.0158365	0.0369456	0.341947	0.116549	0.36352	0.332649	0.393447	0.352193	0.398841	0.413553	0.096832	0.121547	0.112581	0.0615966	0.061692	0.0273134	0.0177455	0.0245381	0.0469209	0.189489	0.107155	0.14972	0.336754	0.106044	0.0907908	0.454987	0.115084	0.363445	0.272126	0.286379	0.41314	0.240441	0.281484	0.168973	0.243403	0.209152	0.0373079	0.145574	0.067044	0.198294	0.0125984	0.0373373	0.367234	0.116158	0.377184	0.324864	0.362874	0.341512	0.351379	0.369492	0.0966278	0.121207	0.115505	0.0615593	0.0623861	0.0291962	0.0177336	0.0269463	0.0521883	0.189226	0.10679	0.144317	0.325627	0.106471	0.0907906	0.467779	0.113621	0.369536	0.274195	0.278147	0.425452	0.242276	0.27135	0.171157	0.24419	0.2302	
3.41	0.0394809	0.145706	0.0701807	0.195261	0.0161187	0.036945	0.341931	0.116551	0.363523	0.33265	0.393422	0.352188	0.398828	0.41357	0.0968296	0.12155	0.112557	0.0615919	0.0615521	0.0271535	0.0177446	0.0244531	0.0467943	0.189489	0.107164	0.14972	0.336816	0.10591	0.0907948	0.455002	0.115043	0.363388	0.272127	0.286361	0.413105	0.240433	0.28147	0.168884	0.24339	0.20913	0.0373046	0.145577	0.0669925	0.198025	0.0124627	0.037388	0.367225	0.116514	0.377109	0.324849	0.362897	0.341495	0.35137	0.36948	0.0967501	0.121383	0.115498	0.061557	0.0623229	0.0291179	0.0177334	0.026949	0.052163	0.18923	0.106796	0.144335	0.325643	0.106432	0.090794	0.467781	0.113655	0.369538	0.273189	0.27808	0.425414	0.242206	0.271335	0.171006	0.244157	0.23018	
3.415	0.0394802	0.145703	0.0704381	0.195263	0.0163995	0.0369445	0.341926	0.116554	0.363533	0.332654	0.393396	0.352182	0.398815	0.413573	0.0968243	0.121549	0.112556	0.0615875	0.0614143	0.0269953	0.0177438	0.0243711	0.0466706	0.189489	0.107172	0.14972	0.336877	0.105777	0.0907988	0.455014	0.115032	0.363332	0.272129	0.286339	0.413083	0.240432	0.281455	0.16879	0.243377	0.209106	0.0373043	0.145579	0.066925	0.197933	0.0123304	0.0373957	0.367219	0.115722	0.377034	0.324834	0.362907	0.341478	0.351362	0.369467	0.0966852	0.121433	0.115492	0.0615548	0.0622595	0.0290391	0.0177333	0.0269514	0.0521371	0.189233	0.106802	0.144334	0.325642	0.106392	0.0907973	0.467778	0.11387	0.369547	0.273464	0.278011	0.425375	0.242133	0.271319	0.170852	0.244124	0.230131	
3.42	0.0394796	0.145701	0.0706084	0.195185	0.0166721	0.036944	0.341932	0.116556	0.363539	0.332655	0.393369	0.352174	0.398804	0.413577	0.0968173	0.121544	0.112581	0.0615832	0.0612791	0.0268393	0.017743	0.0242924	0.0465502	0.189489	0.107181	0.14972	0.336938	0.105647	0.0908027	0.455021	0.115045	0.363276	0.272131	0.286314	0.41307	0.240429	0.281439	0.168689	0.243362	0.209083	0.0373071	0.145582	0.0668338	0.197876	0.0122016	0.0373428	0.367202	0.115585	0.376958	0.324818	0.362891	0.341461	0.351353	0.369455	0.0965687	0.121204	0.115486	0.0615526	0.062196	0.0289603	0.0177331	0.0269535	0.0521106	0.189236	0.106809	0.144323	0.325629	0.106352	0.0908006	0.467771	0.113589	0.369526	0.274309	0.27794	0.425337	0.242058	0.271304	0.170696	0.244092	0.230112	
3.425	0.0394789	0.145698	0.0707826	0.195494	0.0169377	0.0369435	0.341945	0.116559	0.363538	0.332652	0.393341	0.352165	0.398794	0.413594	0.0968097	0.121537	0.11263	0.0615791	0.0611467	0.0266861	0.0177423	0.0242172	0.0464333	0.189489	0.10719	0.14974	0.336998	0.10552	0.0908066	0.455021	0.115084	0.363221	0.272133	0.286286	0.413066	0.240422	0.281423	0.168584	0.243347	0.209059	0.0373126	0.145585	0.0667523	0.197743	0.0120767	0.0373374	0.367176	0.11598	0.376882	0.324802	0.36289	0.341443	0.351344	0.369442	0.0966075	0.121166	0.115481	0.0615504	0.0621329	0.0288818	0.0177329	0.0269555	0.0520837	0.189239	0.106815	0.144318	0.325619	0.10631	0.0908039	0.467759	0.113237	0.369498	0.27415	0.277869	0.425297	0.241981	0.271288	0.170539	0.24406	0.230123	
3.43	0.0394781	0.145695	0.071002	0.195882	0.0172009	0.036943	0.341969	0.116561	0.363525	0.332641	0.393313	0.352155	0.398784	0.413627	0.0968024	0.12153	0.112692	0.0615752	0.0610178	0.0265363	0.0177416	0.0241456	0.0463203	0.189489	0.107198	0.149778	0.337057	0.105396	0.0908104	0.455015	0.115146	0.363169	0.272135	0.286255	0.413068	0.240404	0.281405	0.168475	0.243332	0.209036	0.0373205	0.145587	0.0667006	0.197536	0.0119563	0.0373782	0.367153	0.116423	0.376806	0.324787	0.362917	0.341425	0.351335	0.369429	0.0967161	0.121324	0.115477	0.0615484	0.0620705	0.028804	0.0177328	0.0269574	0.0520566	0.189242	0.106821	0.144318	0.325615	0.106269	0.0908071	0.467743	0.113153	0.36949	0.273218	0.277797	0.425256	0.241902	0.271272	0.170381	0.244029	0.230108	
3.435	0.0394774	0.145692	0.071235	0.196092	0.0174662	0.0369425	0.342005	0.116563	0.363502	0.332622	0.393285	0.352145	0.398774	0.413658	0.0967959	0.121524	0.112748	0.0615716	0.0608929	0.0263906	0.017741	0.0240778	0.0462115	0.189489	0.107207	0.149814	0.337116	0.105276	0.0908141	0.455002	0.115222	0.363119	0.272138	0.286221	0.413075	0.240375	0.281388	0.168363	0.243316	0.209013	0.0373304	0.145589	0.0666658	0.197294	0.0118408	0.03739	0.367132	0.115714	0.376729	0.324771	0.362954	0.341407	0.351325	0.369415	0.0966787	0.121399	0.115474	0.0615464	0.0620093	0.0287276	0.0177327	0.0269596	0.0520297	0.189244	0.106827	0.144318	0.325613	0.106228	0.0908102	0.467723	0.113507	0.369491	0.273436	0.277724	0.425214	0.24182	0.271256	0.170224	0.243999	0.230052	
3.44	0.0394766	0.145689	0.0714259	0.196114	0.0177315	0.036942	0.342046	0.116565	0.363463	0.33259	0.393256	0.352134	0.398765	0.413674	0.096789	0.121516	0.112783	0.0615681	0.0607726	0.0262498	0.0177404	0.0240141	0.0461073	0.189488	0.107215	0.149808	0.337173	0.10516	0.0908176	0.454985	0.1153	0.363071	0.272141	0.286186	0.413085	0.24033	0.28137	0.16825	0.2433	0.208991	0.0373424	0.14559	0.0666242	0.197332	0.0117307	0.0373465	0.3671	0.11509	0.376644	0.324749	0.362946	0.341389	0.351316	0.369401	0.096569	0.12123	0.115471	0.0615446	0.06195	0.0286532	0.0177325	0.0269621	0.0520033	0.189247	0.106833	0.144318	0.325611	0.106186	0.0908132	0.467699	0.113413	0.369469	0.27423	0.277652	0.42517	0.241734	0.271241	0.170069	0.243971	0.230006	
3.445	0.0394758	0.145685	0.0715536	0.196034	0.0179893	0.0369415	0.342093	0.116567	0.363407	0.332547	0.393228	0.352123	0.398757	0.413689	0.0967802	0.121505	0.112798	0.0615649	0.0606576	0.0261147	0.0177399	0.0239545	0.046008	0.189488	0.107223	0.149775	0.337228	0.105048	0.090821	0.454965	0.115368	0.363027	0.272144	0.28615	0.413095	0.240269	0.281352	0.168135	0.243284	0.20897	0.0373565	0.145592	0.0665645	0.197435	0.0116266	0.0373418	0.367057	0.115391	0.37656	0.324727	0.362902	0.341372	0.351307	0.369388	0.0966028	0.121212	0.11547	0.0615428	0.0618929	0.0285814	0.0177324	0.0269653	0.0519776	0.189249	0.106838	0.144318	0.325608	0.106146	0.0908162	0.467672	0.113196	0.369434	0.27407	0.27758	0.425125	0.241646	0.271226	0.169916	0.243945	0.229984	
3.45	0.0394751	0.145682	0.0717395	0.196118	0.0182339	0.0369411	0.342154	0.116569	0.363336	0.332495	0.3932	0.352113	0.39875	0.413697	0.0967695	0.121492	0.112799	0.061562	0.0605485	0.0259861	0.0177394	0.0238992	0.045914	0.189488	0.107231	0.149742	0.337283	0.104941	0.0908243	0.454945	0.115428	0.362987	0.272148	0.286113	0.413104	0.240189	0.281335	0.168022	0.243268	0.20895	0.0373731	0.145593	0.0665005	0.197429	0.0115289	0.0373796	0.367015	0.115981	0.376476	0.324706	0.362854	0.341356	0.351298	0.369375	0.0967199	0.121367	0.11547	0.0615413	0.0618388	0.0285129	0.0177323	0.0269693	0.0519532	0.189251	0.106843	0.144317	0.325605	0.106107	0.0908189	0.467642	0.113174	0.369409	0.273178	0.277511	0.425078	0.241555	0.271212	0.169768	0.24392	0.229957	
3.455	0.0394743	0.145678	0.071943	0.196228	0.0184677	0.0369406	0.342231	0.11657	0.363248	0.33243	0.393173	0.352103	0.398743	0.413696	0.0967582	0.121478	0.112788	0.0615593	0.0604459	0.0258649	0.017739	0.0238485	0.0458256	0.189487	0.107238	0.149735	0.337337	0.104839	0.0908274	0.454924	0.115484	0.362951	0.272152	0.286077	0.413112	0.240088	0.281319	0.167911	0.243252	0.208932	0.0373924	0.145593	0.06646	0.197307	0.0114382	0.0373956	0.366974	0.115603	0.376391	0.324683	0.362827	0.341342	0.35129	0.369362	0.0967236	0.121463	0.115471	0.0615398	0.0617883	0.0284484	0.0177323	0.0269745	0.0519303	0.189253	0.106848	0.144317	0.325602	0.106069	0.0908215	0.46761	0.113556	0.369389	0.273335	0.277443	0.42503	0.241457	0.2712	0.169625	0.243897	0.229913	
3.46	0.0394735	0.145674	0.0721084	0.196261	0.0186965	0.0369402	0.342321	0.116571	0.363151	0.332359	0.393148	0.352094	0.398737	0.413688	0.096749	0.121466	0.112765	0.0615569	0.0603505	0.0257518	0.0177386	0.0238024	0.0457433	0.189487	0.107244	0.149747	0.337389	0.104743	0.0908302	0.454905	0.11554	0.36292	0.272156	0.286041	0.413117	0.239969	0.281303	0.167804	0.243237	0.208915	0.0374142	0.145594	0.0664602	0.197129	0.011355	0.0373795	0.366931	0.115121	0.376303	0.324657	0.362822	0.341329	0.351281	0.36935	0.0966543	0.121443	0.115473	0.0615386	0.0617418	0.0283885	0.0177322	0.0269811	0.0519093	0.189254	0.106853	0.144316	0.325598	0.106032	0.090824	0.467576	0.11374	0.369362	0.274035	0.277378	0.424981	0.241348	0.271188	0.169489	0.243877	0.229875	
3.465	0.0394727	0.14567	0.0723851	0.196222	0.0189284	0.0369399	0.342417	0.116572	0.363038	0.332284	0.393123	0.352086	0.398732	0.413685	0.0967439	0.12146	0.112724	0.0615547	0.0602629	0.0256475	0.0177383	0.023761	0.0456671	0.189487	0.107251	0.149752	0.337441	0.104653	0.0908328	0.454886	0.115597	0.362894	0.272161	0.286007	0.41312	0.239835	0.281289	0.167702	0.243222	0.208899	0.0374381	0.145594	0.0664766	0.197085	0.0112796	0.0373965	0.366892	0.115387	0.376203	0.324623	0.362815	0.341318	0.351274	0.369338	0.0967364	0.121511	0.115476	0.0615375	0.0617	0.0283339	0.0177322	0.0269894	0.0518906	0.189255	0.106857	0.144316	0.325595	0.105998	0.0908263	0.467541	0.113767	0.369341	0.27385	0.277316	0.42493	0.241219	0.271179	0.16936	0.243858	0.229838	
3.47	0.039472	0.145665	0.0727008	0.196152	0.01917	0.0369395	0.342518	0.116573	0.36291	0.332204	0.3931	0.35208	0.398728	0.41369	0.0967435	0.12146	0.112669	0.0615528	0.0601835	0.0255525	0.017738	0.0237246	0.0455974	0.189486	0.107256	0.149757	0.337492	0.104569	0.0908352	0.454869	0.115652	0.362873	0.272166	0.285975	0.41312	0.239681	0.281277	0.167608	0.243209	0.208885	0.0374635	0.145594	0.066486	0.197075	0.0112123	0.03741	0.366857	0.115867	0.376088	0.324577	0.362801	0.341309	0.351266	0.369326	0.0967919	0.121574	0.115479	0.0615365	0.0616633	0.028285	0.0177322	0.0269994	0.0518744	0.189256	0.106861	0.144317	0.325591	0.105966	0.0908283	0.467506	0.113815	0.36932	0.273845	0.277258	0.424879	0.241068	0.271171	0.169241	0.243842	0.22981	
3.475	0.0394712	0.145661	0.0729684	0.196334	0.0194191	0.0369393	0.34261	0.11674	0.362767	0.332117	0.393078	0.352076	0.398725	0.413696	0.0967458	0.121465	0.112609	0.0615511	0.0601126	0.0254674	0.0177378	0.0236929	0.0455343	0.189486	0.107261	0.149773	0.337542	0.104491	0.0908374	0.454853	0.115694	0.362856	0.272171	0.285946	0.413117	0.239501	0.281266	0.167521	0.243198	0.208873	0.03749	0.145593	0.0664974	0.19702	0.0111533	0.0374127	0.36683	0.115669	0.375955	0.324521	0.362801	0.341303	0.351259	0.369315	0.0968037	0.121614	0.115483	0.0615358	0.061632	0.0282423	0.0177323	0.0270114	0.0518609	0.189257	0.106865	0.14432	0.325587	0.105937	0.0908302	0.46747	0.114013	0.369306	0.274205	0.277204	0.424828	0.24089	0.271165	0.169131	0.243827	0.229781	
3.48	0.0394705	0.145657	0.0732449	0.196565	0.0196678	0.036939	0.342689	0.116933	0.362607	0.332028	0.393059	0.352074	0.398724	0.413695	0.0967484	0.121472	0.112555	0.0615497	0.0600506	0.0253925	0.0177376	0.0236662	0.0454778	0.189485	0.107266	0.149776	0.337591	0.10442	0.0908393	0.454838	0.115722	0.362845	0.272175	0.285921	0.413111	0.239288	0.281257	0.167443	0.243189	0.208863	0.0375177	0.145593	0.0665248	0.196921	0.0111026	0.0374092	0.36681	0.115697	0.375807	0.324457	0.362799	0.341299	0.351253	0.369305	0.0968108	0.121643	0.115487	0.0615352	0.0616065	0.028206	0.0177323	0.0270255	0.0518504	0.189258	0.106868	0.144317	0.325583	0.10591	0.0908319	0.467435	0.114169	0.369297	0.274601	0.277155	0.424776	0.240679	0.271162	0.169033	0.243814	0.229753	
3.485	0.0394699	0.145652	0.0735014	0.196698	0.0199094	0.0369388	0.342767	0.117086	0.36248	0.331956	0.393041	0.352075	0.398724	0.413689	0.0967505	0.12148	0.112508	0.0615485	0.0599975	0.0253279	0.0177374	0.0236442	0.0454279	0.189484	0.10727	0.149989	0.33764	0.104356	0.0908409	0.454823	0.115745	0.362838	0.27218	0.2859	0.413102	0.239075	0.28125	0.167374	0.243183	0.208855	0.0375469	0.145592	0.0665581	0.196883	0.0110603	0.037401	0.366798	0.11592	0.375648	0.32439	0.362801	0.341299	0.351246	0.369295	0.0968244	0.121674	0.115491	0.0615347	0.0615868	0.0281763	0.0177324	0.0270418	0.051843	0.189258	0.106871	0.144315	0.325579	0.105886	0.0908335	0.467401	0.11423	0.369293	0.274791	0.277111	0.424725	0.240437	0.271161	0.168945	0.243803	0.229733	
3.49	0.0394692	0.145648	0.0737076	0.196736	0.0201493	0.0369386	0.342835	0.117188	0.362421	0.331908	0.393025	0.352078	0.398936	0.413682	0.0967539	0.121491	0.112462	0.0615475	0.0599533	0.0252735	0.0177373	0.0236268	0.0453845	0.189484	0.107273	0.150318	0.337688	0.104297	0.0908424	0.454809	0.11576	0.362836	0.272185	0.285883	0.413089	0.238917	0.281246	0.167317	0.243181	0.208848	0.0375782	0.145591	0.0665863	0.196862	0.0110261	0.0373918	0.366796	0.116128	0.375488	0.324328	0.362806	0.341301	0.351241	0.369287	0.0968468	0.121716	0.115495	0.0615344	0.0615729	0.0281532	0.0177325	0.0270603	0.0518386	0.189258	0.106873	0.144315	0.325578	0.105865	0.0908348	0.467367	0.114298	0.369297	0.274907	0.277072	0.424674	0.240168	0.271163	0.168868	0.243793	0.229716	
3.495	0.0394686	0.145644	0.0741209	0.196732	0.0203963	0.0369384	0.342873	0.117227	0.362424	0.33188	0.393012	0.352083	0.399221	0.413675	0.0967622	0.121509	0.112415	0.0615467	0.0599177	0.0252291	0.0177372	0.0236139	0.0453473	0.189483	0.107276	0.150483	0.337736	0.104245	0.0908436	0.454796	0.115764	0.362837	0.272189	0.28587	0.413073	0.238859	0.281243	0.167269	0.243183	0.208843	0.0376118	0.14559	0.0666438	0.196822	0.0109997	0.037379	0.366805	0.116245	0.375329	0.324269	0.362802	0.341307	0.351236	0.369279	0.096863	0.121757	0.115499	0.0615341	0.0615648	0.0281366	0.0177326	0.027081	0.0518374	0.189258	0.106876	0.144311	0.325573	0.105847	0.090836	0.467336	0.114388	0.36931	0.275051	0.277037	0.424624	0.239874	0.271167	0.168803	0.243784	0.229696	
3.5	0.0394681	0.14564	0.0746278	0.197093	0.0206578	0.0369383	0.342887	0.11723	0.36243	0.331863	0.393	0.352091	0.399425	0.41367	0.0967762	0.121535	0.112371	0.0615461	0.0598903	0.0251943	0.0177371	0.023605	0.0453159	0.189483	0.107278	0.150608	0.337784	0.104199	0.0908446	0.454784	0.115764	0.362842	0.272193	0.285863	0.413052	0.238835	0.281243	0.167233	0.243191	0.208838	0.0376471	0.145589	0.0667355	0.196834	0.0109806	0.0373628	0.366823	0.116315	0.375189	0.324222	0.362807	0.341315	0.351231	0.369271	0.0968716	0.121794	0.115502	0.061534	0.0615623	0.0281262	0.0177327	0.0271037	0.051839	0.189258	0.106878	0.144316	0.325579	0.105832	0.090837	0.467306	0.114471	0.36933	0.275235	0.277008	0.424575	0.239555	0.271174	0.168749	0.243776	0.229676	
3.505	0.0394676	0.145636	0.0750818	0.197533	0.0209297	0.0369382	0.342889	0.117224	0.362426	0.33185	0.392991	0.352101	0.399591	0.413666	0.0967921	0.121566	0.112338	0.0615455	0.0598706	0.0251684	0.017737	0.0235999	0.0452899	0.189483	0.10728	0.150742	0.337831	0.104158	0.0908455	0.454772	0.115763	0.36285	0.272196	0.285859	0.413027	0.238807	0.281245	0.167206	0.243202	0.208835	0.0376834	0.145588	0.066836	0.196853	0.0109682	0.0373456	0.366848	0.116382	0.375089	0.324199	0.362962	0.341327	0.351227	0.369265	0.0968781	0.121825	0.115505	0.061534	0.0615648	0.0281216	0.0177328	0.0271285	0.0518435	0.189258	0.106879	0.144484	0.32581	0.10582	0.0908379	0.467277	0.114533	0.369355	0.275434	0.276983	0.424527	0.239332	0.271183	0.168706	0.243769	0.229657	
3.51	0.0394672	0.145633	0.0754287	0.197827	0.021203	0.0369381	0.34289	0.117221	0.362421	0.33184	0.392983	0.352113	0.399749	0.413666	0.0968067	0.121597	0.112331	0.061545	0.0598578	0.0251505	0.0177369	0.0235981	0.0452687	0.189482	0.107282	0.150853	0.337879	0.104121	0.0908462	0.454761	0.115762	0.362861	0.2722	0.28586	0.412998	0.238776	0.281248	0.167189	0.243216	0.208833	0.03772	0.145587	0.0669256	0.196849	0.0109619	0.037332	0.366878	0.116458	0.375034	0.324196	0.363287	0.34134	0.351227	0.369258	0.0968912	0.12186	0.115506	0.061534	0.061572	0.0281223	0.0177329	0.027155	0.0518504	0.189258	0.106881	0.14477	0.326211	0.105809	0.0908387	0.467251	0.114578	0.369383	0.275635	0.276963	0.424482	0.239237	0.271194	0.168671	0.243762	0.229641	
3.515	0.0394669	0.14563	0.0757071	0.197969	0.0214702	0.036938	0.342898	0.117226	0.362419	0.331831	0.392977	0.352128	0.39991	0.413667	0.0968194	0.121625	0.112357	0.0615446	0.059851	0.0251395	0.0177368	0.0235992	0.0452517	0.189482	0.107283	0.1508	0.337926	0.104089	0.0908468	0.454751	0.115761	0.362873	0.272202	0.285865	0.412964	0.238751	0.281253	0.16718	0.243231	0.208831	0.0377572	0.145586	0.0670359	0.196923	0.0109607	0.0373241	0.366911	0.116533	0.375011	0.324201	0.36367	0.341357	0.35131	0.369253	0.0969122	0.121902	0.115506	0.061534	0.0615833	0.0281274	0.017733	0.027183	0.0518596	0.189258	0.106882	0.145046	0.326619	0.105801	0.0908394	0.467226	0.114602	0.369411	0.275822	0.276946	0.424439	0.239219	0.271207	0.168645	0.243756	0.22963	
3.52	0.0394666	0.145628	0.0759326	0.198031	0.0217374	0.036938	0.342912	0.117232	0.362512	0.331861	0.392972	0.352144	0.400108	0.41367	0.0968302	0.12165	0.112413	0.0615441	0.0598492	0.0251343	0.0177367	0.0236026	0.0452381	0.189482	0.107284	0.150459	0.337973	0.10406	0.0908473	0.454741	0.115758	0.362887	0.272205	0.285872	0.412928	0.238839	0.28126	0.167179	0.243244	0.208829	0.037796	0.145585	0.0671683	0.197005	0.0109639	0.0373239	0.366944	0.116599	0.375005	0.324208	0.364023	0.341375	0.351415	0.369247	0.0969403	0.121951	0.115505	0.061534	0.0615978	0.0281364	0.0177331	0.0272123	0.0518705	0.189258	0.106884	0.145257	0.326952	0.105794	0.0908401	0.467202	0.114612	0.369439	0.275997	0.276932	0.424398	0.239224	0.271222	0.168626	0.243749	0.229623	
3.525	0.0394664	0.145626	0.076113	0.198617	0.0220127	0.036938	0.342928	0.11723	0.36266	0.331932	0.392968	0.352161	0.400334	0.413675	0.0968377	0.121669	0.112493	0.0615437	0.0598511	0.0251336	0.0177366	0.0236078	0.0452271	0.189482	0.107285	0.150073	0.338021	0.104034	0.0908478	0.454733	0.115751	0.362902	0.272206	0.285883	0.412888	0.239019	0.281268	0.167182	0.243255	0.208826	0.0378375	0.145584	0.0672991	0.197047	0.0109703	0.0373318	0.366975	0.116657	0.375004	0.324215	0.364322	0.341394	0.351525	0.369242	0.0969724	0.122002	0.115502	0.061534	0.0616149	0.0281482	0.0177332	0.0272426	0.0518828	0.189258	0.106885	0.145408	0.32721	0.105789	0.0908407	0.46718	0.114618	0.369465	0.276162	0.276921	0.42436	0.239228	0.271238	0.168612	0.243742	0.229617	
3.53	0.0394663	0.145624	0.0763085	0.199331	0.0222941	0.0369379	0.342942	0.11722	0.362807	0.332028	0.392965	0.35218	0.400545	0.413681	0.0968408	0.12168	0.112582	0.0615431	0.0598556	0.0251359	0.0177365	0.0236142	0.0452178	0.189483	0.107286	0.149835	0.338068	0.10401	0.0908483	0.454726	0.11574	0.362918	0.272208	0.285895	0.412848	0.239219	0.281276	0.16719	0.243263	0.208823	0.0378825	0.145584	0.0674113	0.197053	0.010979	0.037346	0.367002	0.116705	0.375006	0.324221	0.364573	0.341415	0.351607	0.369237	0.0970044	0.122052	0.115498	0.0615339	0.0616338	0.0281619	0.0177332	0.0272735	0.051896	0.189258	0.106887	0.145519	0.327416	0.105785	0.0908413	0.467159	0.114619	0.369488	0.276312	0.276911	0.424325	0.239229	0.271255	0.168602	0.243735	0.229612	
3.535	0.0394662	0.145624	0.0766006	0.199825	0.0225731	0.0369379	0.342955	0.117205	0.362922	0.33212	0.392962	0.352198	0.400704	0.413687	0.0968393	0.121684	0.11267	0.0615425	0.0598614	0.0251396	0.0177363	0.0236212	0.0452094	0.189483	0.107287	0.149742	0.338115	0.103986	0.0908489	0.45472	0.115727	0.362933	0.272208	0.285908	0.412808	0.239391	0.281285	0.167199	0.243268	0.208818	0.0379301	0.145583	0.0675254	0.197252	0.0109889	0.037364	0.367025	0.116742	0.375009	0.324228	0.364794	0.341436	0.35165	0.369231	0.0970336	0.122095	0.115492	0.0615338	0.0616535	0.0281767	0.0177333	0.0273048	0.0519097	0.189258	0.106888	0.145607	0.327592	0.105781	0.090842	0.467138	0.114611	0.369506	0.276441	0.276902	0.424293	0.23923	0.271272	0.168594	0.243726	0.229608	
