[2026-03-04 08:28:30.671] [info] Loaded model Athlete_03_Uhlrich_scaled from file ..\..\..\..\models\Athlete_03_Uhlrich\25_03_31\scaled.osim
[2026-03-04 08:28:30.867] [info] Loaded model Athlete_03_Uhlrich_scaled from file ..\..\..\..\models\Athlete_03_Uhlrich\25_03_31\scaled.osim
[2026-03-04 08:28:31.102] [info] Loaded model Athlete_03_Uhlrich_scaled from file ..\..\..\..\models\Athlete_03_Uhlrich\25_03_31\scaled.osim
[2026-03-04 08:28:31.191] [info] Loaded model Athlete_03_Uhlrich_scaled from file ..\..\..\..\models\Athlete_03_Uhlrich\25_03_31\scaled.osim
[2026-03-04 08:28:31.312] [info] Loaded model Athlete_03_Uhlrich_scaled from file ..\..\..\..\models\Athlete_03_Uhlrich\25_03_31\scaled.osim
[2026-03-04 08:28:31.395] [cout] [info] 
               MODEL: Athlete_03_Uhlrich_scaled
         coordinates: 39
              forces: 97
           actuators: 97
             muscles: 80
            analyses: 0
              probes: 0
              bodies: 22
              joints: 22
         constraints: 2
             markers: 46
         controllers: 0
  contact geometries: 0
misc modelcomponents: 0
[2026-03-04 08:28:31.395] [info] Running tool .
[2026-03-04 08:28:31.649] [info] Frame 14 (t = 0.07):	 total squared error = 0.00170716, marker error: RMS = 0.00843397, max = 0.016242 (STRN)
[2026-03-04 08:28:31.690] [info] Frame 15 (t = 0.075):	 total squared error = 0.00170101, marker error: RMS = 0.00841876, max = 0.0163735 (STRN)
[2026-03-04 08:28:31.720] [info] Frame 16 (t = 0.08):	 total squared error = 0.00169452, marker error: RMS = 0.00840268, max = 0.0163684 (STRN)
[2026-03-04 08:28:31.751] [info] Frame 17 (t = 0.085):	 total squared error = 0.00168360, marker error: RMS = 0.00837557, max = 0.016338 (STRN)
[2026-03-04 08:28:31.789] [info] Frame 18 (t = 0.09):	 total squared error = 0.00167046, marker error: RMS = 0.00834281, max = 0.0162971 (STRN)
[2026-03-04 08:28:31.826] [info] Frame 19 (t = 0.095):	 total squared error = 0.00165606, marker error: RMS = 0.00830677, max = 0.0162384 (STRN)
[2026-03-04 08:28:31.869] [info] Frame 20 (t = 0.1):	 total squared error = 0.00164822, marker error: RMS = 0.00828710, max = 0.0160953 (STRN)
[2026-03-04 08:28:31.905] [info] Frame 21 (t = 0.105000):	 total squared error = 0.00164940, marker error: RMS = 0.00829006, max = 0.0159313 (STRN)
[2026-03-04 08:28:31.934] [info] Frame 22 (t = 0.11):	 total squared error = 0.00166000, marker error: RMS = 0.00831665, max = 0.0157234 (STRN)
[2026-03-04 08:28:31.960] [info] Frame 23 (t = 0.115):	 total squared error = 0.00168000, marker error: RMS = 0.00836660, max = 0.0154439 (STRN)
[2026-03-04 08:28:31.976] [info] Frame 24 (t = 0.12):	 total squared error = 0.00171644, marker error: RMS = 0.00845684, max = 0.0164277 (LTH2)
[2026-03-04 08:28:32.005] [info] Frame 25 (t = 0.125):	 total squared error = 0.00176306, marker error: RMS = 0.00857092, max = 0.0172429 (LTH2)
[2026-03-04 08:28:32.042] [info] Frame 26 (t = 0.13):	 total squared error = 0.00181859, marker error: RMS = 0.00870486, max = 0.0181525 (LTH2)
[2026-03-04 08:28:32.060] [info] Frame 27 (t = 0.135):	 total squared error = 0.00188094, marker error: RMS = 0.00885282, max = 0.0192004 (LTH2)
[2026-03-04 08:28:32.085] [info] Frame 28 (t = 0.14):	 total squared error = 0.00194460, marker error: RMS = 0.00900140, max = 0.0196544 (LTH2)
[2026-03-04 08:28:32.102] [info] Frame 29 (t = 0.145):	 total squared error = 0.00201240, marker error: RMS = 0.00915697, max = 0.0206762 (LTH2)
[2026-03-04 08:28:32.117] [info] Frame 30 (t = 0.15):	 total squared error = 0.00208208, marker error: RMS = 0.00931415, max = 0.0215634 (LTH2)
[2026-03-04 08:28:32.143] [info] Frame 31 (t = 0.155):	 total squared error = 0.00214407, marker error: RMS = 0.00945178, max = 0.0216168 (LTH2)
[2026-03-04 08:28:32.163] [info] Frame 32 (t = 0.16):	 total squared error = 0.00221306, marker error: RMS = 0.00960265, max = 0.0222564 (LTH2)
[2026-03-04 08:28:32.186] [info] Frame 33 (t = 0.165):	 total squared error = 0.00228559, marker error: RMS = 0.00975874, max = 0.0227559 (LTH2)
[2026-03-04 08:28:32.211] [info] Frame 34 (t = 0.17):	 total squared error = 0.00236513, marker error: RMS = 0.00992708, max = 0.0233525 (LTH2)
[2026-03-04 08:28:32.233] [info] Frame 35 (t = 0.175):	 total squared error = 0.00245454, marker error: RMS = 0.0101130, max = 0.0239593 (LTH2)
[2026-03-04 08:28:32.248] [info] Frame 36 (t = 0.18):	 total squared error = 0.00255739, marker error: RMS = 0.0103227, max = 0.0247235 (LTH2)
[2026-03-04 08:28:32.269] [info] Frame 37 (t = 0.185):	 total squared error = 0.00266777, marker error: RMS = 0.0105431, max = 0.0250965 (LTH2)
[2026-03-04 08:28:32.286] [info] Frame 38 (t = 0.19):	 total squared error = 0.00279364, marker error: RMS = 0.0107890, max = 0.0257667 (LTH2)
[2026-03-04 08:28:32.296] [info] Frame 39 (t = 0.195):	 total squared error = 0.00294244, marker error: RMS = 0.0110726, max = 0.0267763 (LTH2)
[2026-03-04 08:28:32.323] [info] Frame 40 (t = 0.2):	 total squared error = 0.00307265, marker error: RMS = 0.0113149, max = 0.0267598 (LTH2)
[2026-03-04 08:28:32.339] [info] Frame 41 (t = 0.205000):	 total squared error = 0.00322459, marker error: RMS = 0.0115913, max = 0.0274522 (LTH2)
[2026-03-04 08:28:32.352] [info] Frame 42 (t = 0.21):	 total squared error = 0.00338642, marker error: RMS = 0.0118786, max = 0.0282336 (LTH2)
[2026-03-04 08:28:32.362] [info] Frame 43 (t = 0.215):	 total squared error = 0.00355326, marker error: RMS = 0.0121677, max = 0.0289653 (LTH2)
[2026-03-04 08:28:32.384] [info] Frame 44 (t = 0.22):	 total squared error = 0.00368708, marker error: RMS = 0.0123947, max = 0.028969 (LTH2)
[2026-03-04 08:28:32.402] [info] Frame 45 (t = 0.225):	 total squared error = 0.00384023, marker error: RMS = 0.0126495, max = 0.0294743 (LTH2)
[2026-03-04 08:28:32.414] [info] Frame 46 (t = 0.23):	 total squared error = 0.00399211, marker error: RMS = 0.0128972, max = 0.0299706 (LTH2)
[2026-03-04 08:28:32.432] [info] Frame 47 (t = 0.235):	 total squared error = 0.00413838, marker error: RMS = 0.0131314, max = 0.0303538 (LTH2)
[2026-03-04 08:28:32.446] [info] Frame 48 (t = 0.24):	 total squared error = 0.00427993, marker error: RMS = 0.013354, max = 0.0307152 (LTH2)
[2026-03-04 08:28:32.459] [info] Frame 49 (t = 0.245):	 total squared error = 0.00441347, marker error: RMS = 0.0135608, max = 0.0309655 (LTH2)
[2026-03-04 08:28:32.478] [info] Frame 50 (t = 0.25):	 total squared error = 0.00453519, marker error: RMS = 0.0137465, max = 0.0311422 (LTH2)
[2026-03-04 08:28:32.491] [info] Frame 51 (t = 0.255):	 total squared error = 0.00464141, marker error: RMS = 0.0139065, max = 0.0311921 (LTH2)
[2026-03-04 08:28:32.508] [info] Frame 52 (t = 0.26):	 total squared error = 0.00472797, marker error: RMS = 0.0140356, max = 0.0311869 (LTH2)
[2026-03-04 08:28:32.522] [info] Frame 53 (t = 0.265):	 total squared error = 0.00478986, marker error: RMS = 0.0141272, max = 0.0309301 (LTH2)
[2026-03-04 08:28:32.537] [info] Frame 54 (t = 0.27):	 total squared error = 0.00482367, marker error: RMS = 0.014177, max = 0.0307600 (LTH2)
[2026-03-04 08:28:32.550] [info] Frame 55 (t = 0.275):	 total squared error = 0.00482576, marker error: RMS = 0.01418, max = 0.0302165 (LTH2)
[2026-03-04 08:28:32.563] [info] Frame 56 (t = 0.28):	 total squared error = 0.00479561, marker error: RMS = 0.0141357, max = 0.029661 (LTH2)
[2026-03-04 08:28:32.575] [info] Frame 57 (t = 0.285):	 total squared error = 0.00473326, marker error: RMS = 0.0140435, max = 0.0289792 (LTH2)
[2026-03-04 08:28:32.587] [info] Frame 58 (t = 0.29):	 total squared error = 0.00464068, marker error: RMS = 0.0139055, max = 0.0280973 (LTH2)
[2026-03-04 08:28:32.599] [info] Frame 59 (t = 0.295):	 total squared error = 0.00452099, marker error: RMS = 0.013725, max = 0.0272099 (LTH2)
[2026-03-04 08:28:32.611] [info] Frame 60 (t = 0.3):	 total squared error = 0.00437948, marker error: RMS = 0.0135085, max = 0.0260305 (LTH2)
[2026-03-04 08:28:32.631] [info] Frame 61 (t = 0.305000):	 total squared error = 0.00422044, marker error: RMS = 0.0132609, max = 0.0251754 (LTH2)
[2026-03-04 08:28:32.640] [info] Frame 62 (t = 0.31):	 total squared error = 0.00405082, marker error: RMS = 0.0129917, max = 0.0237562 (LTH2)
[2026-03-04 08:28:32.659] [info] Frame 63 (t = 0.315):	 total squared error = 0.00387454, marker error: RMS = 0.0127059, max = 0.0225862 (LTH2)
[2026-03-04 08:28:32.669] [info] Frame 64 (t = 0.32):	 total squared error = 0.00370040, marker error: RMS = 0.0124171, max = 0.0215142 (LSHA2)
[2026-03-04 08:28:32.687] [info] Frame 65 (t = 0.325):	 total squared error = 0.00352575, marker error: RMS = 0.0121205, max = 0.0209981 (LSHA2)
[2026-03-04 08:28:32.696] [info] Frame 66 (t = 0.33):	 total squared error = 0.00336573, marker error: RMS = 0.0118422, max = 0.0206896 (LSHA2)
[2026-03-04 08:28:32.716] [info] Frame 67 (t = 0.335):	 total squared error = 0.00321113, marker error: RMS = 0.0115671, max = 0.0201699 (LSHA2)
[2026-03-04 08:28:32.726] [info] Frame 68 (t = 0.34):	 total squared error = 0.00308062, marker error: RMS = 0.0113296, max = 0.0198901 (LSHA2)
[2026-03-04 08:28:32.746] [info] Frame 69 (t = 0.345):	 total squared error = 0.00295747, marker error: RMS = 0.0111008, max = 0.0194377 (LSHA2)
[2026-03-04 08:28:32.756] [info] Frame 70 (t = 0.35):	 total squared error = 0.00286444, marker error: RMS = 0.0109248, max = 0.0192422 (LSHA2)
[2026-03-04 08:28:32.777] [info] Frame 71 (t = 0.355):	 total squared error = 0.00278183, marker error: RMS = 0.0107661, max = 0.0188355 (LSHA2)
[2026-03-04 08:28:32.788] [info] Frame 72 (t = 0.36):	 total squared error = 0.00273081, marker error: RMS = 0.0106670, max = 0.0187188 (LSHA2)
[2026-03-04 08:28:32.808] [info] Frame 73 (t = 0.365):	 total squared error = 0.00269182, marker error: RMS = 0.0105905, max = 0.0184347 (LSHA2)
[2026-03-04 08:28:32.821] [info] Frame 74 (t = 0.37):	 total squared error = 0.00267990, marker error: RMS = 0.0105671, max = 0.0183439 (LSHA2)
[2026-03-04 08:28:32.840] [info] Frame 75 (t = 0.375):	 total squared error = 0.00268484, marker error: RMS = 0.0105768, max = 0.0181843 (LSHA2)
[2026-03-04 08:28:32.860] [info] Frame 76 (t = 0.38):	 total squared error = 0.00270877, marker error: RMS = 0.0106238, max = 0.0181135 (LSHA2)
[2026-03-04 08:28:32.874] [info] Frame 77 (t = 0.385):	 total squared error = 0.00274843, marker error: RMS = 0.0107013, max = 0.0181695 (LSHA2)
[2026-03-04 08:28:32.884] [info] Frame 78 (t = 0.39):	 total squared error = 0.00280651, marker error: RMS = 0.0108138, max = 0.0183086 (LSHA2)
[2026-03-04 08:28:32.903] [info] Frame 79 (t = 0.395):	 total squared error = 0.00285808, marker error: RMS = 0.0109127, max = 0.0181726 (LSHA2)
[2026-03-04 08:28:32.918] [info] Frame 80 (t = 0.4):	 total squared error = 0.00292297, marker error: RMS = 0.0110359, max = 0.018365 (LSHA2)
[2026-03-04 08:28:32.935] [info] Frame 81 (t = 0.405000):	 total squared error = 0.00298667, marker error: RMS = 0.0111555, max = 0.0184081 (LSHA2)
[2026-03-04 08:28:32.947] [info] Frame 82 (t = 0.41):	 total squared error = 0.00304944, marker error: RMS = 0.0112721, max = 0.0186171 (LSHA2)
[2026-03-04 08:28:32.967] [info] Frame 83 (t = 0.415):	 total squared error = 0.00309915, marker error: RMS = 0.0113636, max = 0.0185031 (LSHA2)
[2026-03-04 08:28:32.987] [info] Frame 84 (t = 0.42):	 total squared error = 0.00313896, marker error: RMS = 0.0114363, max = 0.018512 (LSHA2)
[2026-03-04 08:28:32.996] [info] Frame 85 (t = 0.425):	 total squared error = 0.00316586, marker error: RMS = 0.0114852, max = 0.0186061 (LSHA2)
[2026-03-04 08:28:33.014] [info] Frame 86 (t = 0.43):	 total squared error = 0.00316637, marker error: RMS = 0.0114862, max = 0.0183957 (LTH2)
[2026-03-04 08:28:33.027] [info] Frame 87 (t = 0.435):	 total squared error = 0.00315157, marker error: RMS = 0.0114593, max = 0.0182465 (LSHA2)
[2026-03-04 08:28:33.043] [info] Frame 88 (t = 0.44):	 total squared error = 0.00310800, marker error: RMS = 0.0113798, max = 0.0180758 (LTH2)
[2026-03-04 08:28:33.055] [info] Frame 89 (t = 0.445):	 total squared error = 0.00304668, marker error: RMS = 0.011267, max = 0.0174874 (LTH2)
[2026-03-04 08:28:33.067] [info] Frame 90 (t = 0.45):	 total squared error = 0.00296249, marker error: RMS = 0.0111102, max = 0.01693 (LSHA2)
[2026-03-04 08:28:33.079] [info] Frame 91 (t = 0.455):	 total squared error = 0.00285875, marker error: RMS = 0.0109140, max = 0.0162748 (LSHA2)
[2026-03-04 08:28:33.089] [info] Frame 92 (t = 0.46):	 total squared error = 0.00273764, marker error: RMS = 0.0106803, max = 0.0154917 (LSHA2)
[2026-03-04 08:28:33.109] [info] Frame 93 (t = 0.465):	 total squared error = 0.00259442, marker error: RMS = 0.0103971, max = 0.0154244 (XIPH)
[2026-03-04 08:28:33.120] [info] Frame 94 (t = 0.47):	 total squared error = 0.00245399, marker error: RMS = 0.0101119, max = 0.0155188 (XIPH)
[2026-03-04 08:28:33.134] [info] Frame 95 (t = 0.475):	 total squared error = 0.00231177, marker error: RMS = 0.00981447, max = 0.0156221 (XIPH)
[2026-03-04 08:28:33.144] [info] Frame 96 (t = 0.48):	 total squared error = 0.00217404, marker error: RMS = 0.00951762, max = 0.0156976 (XIPH)
[2026-03-04 08:28:33.156] [info] Frame 97 (t = 0.485):	 total squared error = 0.00204558, marker error: RMS = 0.00923214, max = 0.0157404 (XIPH)
[2026-03-04 08:28:33.169] [info] Frame 98 (t = 0.49):	 total squared error = 0.00193330, marker error: RMS = 0.00897520, max = 0.0157692 (XIPH)
[2026-03-04 08:28:33.180] [info] Frame 99 (t = 0.495):	 total squared error = 0.00184090, marker error: RMS = 0.00875808, max = 0.015792 (XIPH)
[2026-03-04 08:28:33.193] [info] Frame 100 (t = 0.5):	 total squared error = 0.00177121, marker error: RMS = 0.00859073, max = 0.015798 (XIPH)
[2026-03-04 08:28:33.206] [info] Frame 101 (t = 0.505000):	 total squared error = 0.00172605, marker error: RMS = 0.00848050, max = 0.0157914 (XIPH)
[2026-03-04 08:28:33.216] [info] Frame 102 (t = 0.51):	 total squared error = 0.00170439, marker error: RMS = 0.00842711, max = 0.0157851 (XIPH)
[2026-03-04 08:28:33.227] [info] Frame 103 (t = 0.515):	 total squared error = 0.00170366, marker error: RMS = 0.00842531, max = 0.0157884 (XIPH)
[2026-03-04 08:28:33.240] [info] Frame 104 (t = 0.52):	 total squared error = 0.00171968, marker error: RMS = 0.00846482, max = 0.0157832 (XIPH)
[2026-03-04 08:28:33.251] [info] Frame 105 (t = 0.525):	 total squared error = 0.00174758, marker error: RMS = 0.00853321, max = 0.0157806 (XIPH)
[2026-03-04 08:28:33.263] [info] Frame 106 (t = 0.53):	 total squared error = 0.00178198, marker error: RMS = 0.00861680, max = 0.0157879 (XIPH)
[2026-03-04 08:28:33.285] [info] Frame 107 (t = 0.535):	 total squared error = 0.00181744, marker error: RMS = 0.00870211, max = 0.0158056 (XIPH)
[2026-03-04 08:28:33.295] [info] Frame 108 (t = 0.54):	 total squared error = 0.00185115, marker error: RMS = 0.00878244, max = 0.0158331 (XIPH)
[2026-03-04 08:28:33.309] [info] Frame 109 (t = 0.545):	 total squared error = 0.00188063, marker error: RMS = 0.00885210, max = 0.0158942 (XIPH)
[2026-03-04 08:28:33.316] [info] Frame 110 (t = 0.55):	 total squared error = 0.00190986, marker error: RMS = 0.00892062, max = 0.0159591 (XIPH)
[2026-03-04 08:28:33.332] [info] Frame 111 (t = 0.555):	 total squared error = 0.00192417, marker error: RMS = 0.00895399, max = 0.0159459 (XIPH)
[2026-03-04 08:28:33.338] [info] Frame 112 (t = 0.56):	 total squared error = 0.00194653, marker error: RMS = 0.00900586, max = 0.0161139 (XIPH)
[2026-03-04 08:28:33.357] [info] Frame 113 (t = 0.565):	 total squared error = 0.00196448, marker error: RMS = 0.00904729, max = 0.0161487 (XIPH)
[2026-03-04 08:28:33.366] [info] Frame 114 (t = 0.57):	 total squared error = 0.00199152, marker error: RMS = 0.00910934, max = 0.016242 (XIPH)
[2026-03-04 08:28:33.386] [info] Frame 115 (t = 0.575):	 total squared error = 0.00201796, marker error: RMS = 0.00916959, max = 0.0163312 (XIPH)
[2026-03-04 08:28:33.397] [info] Frame 116 (t = 0.58):	 total squared error = 0.00205593, marker error: RMS = 0.00925548, max = 0.0163705 (XIPH)
[2026-03-04 08:28:33.410] [info] Frame 117 (t = 0.585):	 total squared error = 0.00209796, marker error: RMS = 0.00934960, max = 0.0164303 (XIPH)
[2026-03-04 08:28:33.426] [info] Frame 118 (t = 0.59):	 total squared error = 0.00213908, marker error: RMS = 0.00944078, max = 0.0165111 (XIPH)
[2026-03-04 08:28:33.440] [info] Frame 119 (t = 0.595):	 total squared error = 0.00218203, marker error: RMS = 0.00953510, max = 0.0165013 (XIPH)
[2026-03-04 08:28:33.455] [info] Frame 120 (t = 0.6):	 total squared error = 0.00222095, marker error: RMS = 0.00961976, max = 0.0165122 (XIPH)
[2026-03-04 08:28:33.467] [info] Frame 121 (t = 0.605000):	 total squared error = 0.00225316, marker error: RMS = 0.00968925, max = 0.0165133 (RTOE)
[2026-03-04 08:28:33.480] [info] Frame 122 (t = 0.61):	 total squared error = 0.00227681, marker error: RMS = 0.00973997, max = 0.0166633 (RTOE)
[2026-03-04 08:28:33.493] [info] Frame 123 (t = 0.615):	 total squared error = 0.00228899, marker error: RMS = 0.00976600, max = 0.0168903 (RTOE)
[2026-03-04 08:28:33.506] [info] Frame 124 (t = 0.62):	 total squared error = 0.00228895, marker error: RMS = 0.00976591, max = 0.0171283 (RTOE)
[2026-03-04 08:28:33.520] [info] Frame 125 (t = 0.625):	 total squared error = 0.00227761, marker error: RMS = 0.00974168, max = 0.0173696 (RTOE)
[2026-03-04 08:28:33.533] [info] Frame 126 (t = 0.63):	 total squared error = 0.00225696, marker error: RMS = 0.00969741, max = 0.0175388 (RTOE)
[2026-03-04 08:28:33.547] [info] Frame 127 (t = 0.635):	 total squared error = 0.00222931, marker error: RMS = 0.00963785, max = 0.0178041 (RTOE)
[2026-03-04 08:28:33.560] [info] Frame 128 (t = 0.64):	 total squared error = 0.00219869, marker error: RMS = 0.00957142, max = 0.01791 (RTOE)
[2026-03-04 08:28:33.573] [info] Frame 129 (t = 0.645):	 total squared error = 0.00216791, marker error: RMS = 0.00950419, max = 0.0180350 (RTOE)
[2026-03-04 08:28:33.589] [info] Frame 130 (t = 0.65):	 total squared error = 0.00213872, marker error: RMS = 0.00943999, max = 0.0180270 (RTOE)
[2026-03-04 08:28:33.604] [info] Frame 131 (t = 0.655):	 total squared error = 0.00211299, marker error: RMS = 0.00938303, max = 0.0179267 (RTOE)
[2026-03-04 08:28:33.620] [info] Frame 132 (t = 0.66):	 total squared error = 0.00209050, marker error: RMS = 0.00933296, max = 0.017724 (RTOE)
[2026-03-04 08:28:33.635] [info] Frame 133 (t = 0.665):	 total squared error = 0.00207038, marker error: RMS = 0.00928793, max = 0.0176559 (RTHOL)
[2026-03-04 08:28:33.651] [info] Frame 134 (t = 0.67):	 total squared error = 0.00205205, marker error: RMS = 0.00924672, max = 0.0180270 (RTHOL)
[2026-03-04 08:28:33.665] [info] Frame 135 (t = 0.675):	 total squared error = 0.00203392, marker error: RMS = 0.00920580, max = 0.0184062 (RTHOL)
[2026-03-04 08:28:33.680] [info] Frame 136 (t = 0.68):	 total squared error = 0.00201576, marker error: RMS = 0.00916461, max = 0.0187956 (RTHOL)
[2026-03-04 08:28:33.696] [info] Frame 137 (t = 0.685):	 total squared error = 0.00199847, marker error: RMS = 0.00912521, max = 0.0190784 (RTHOL)
[2026-03-04 08:28:33.720] [info] Frame 138 (t = 0.69):	 total squared error = 0.00198008, marker error: RMS = 0.00908312, max = 0.0188485 (RTHOL)
[2026-03-04 08:28:33.739] [info] Frame 139 (t = 0.695):	 total squared error = 0.00196512, marker error: RMS = 0.00904875, max = 0.0192126 (RTHOL)
[2026-03-04 08:28:33.756] [info] Frame 140 (t = 0.7):	 total squared error = 0.00195374, marker error: RMS = 0.00902252, max = 0.0193418 (RTHOL)
[2026-03-04 08:28:33.771] [info] Frame 141 (t = 0.705000):	 total squared error = 0.00194678, marker error: RMS = 0.00900643, max = 0.0194107 (RTHOL)
[2026-03-04 08:28:33.795] [info] Frame 142 (t = 0.71):	 total squared error = 0.00193855, marker error: RMS = 0.00898737, max = 0.0187208 (RTHOL)
[2026-03-04 08:28:33.812] [info] Frame 143 (t = 0.715):	 total squared error = 0.00194112, marker error: RMS = 0.00899334, max = 0.0188050 (RTHOL)
[2026-03-04 08:28:33.829] [info] Frame 144 (t = 0.72):	 total squared error = 0.00195088, marker error: RMS = 0.00901590, max = 0.0186314 (RTHOL)
[2026-03-04 08:28:33.850] [info] Frame 145 (t = 0.725):	 total squared error = 0.00196551, marker error: RMS = 0.00904966, max = 0.0180168 (RTHOL)
[2026-03-04 08:28:33.865] [info] Frame 146 (t = 0.73):	 total squared error = 0.00199064, marker error: RMS = 0.00910733, max = 0.0180597 (RTHOL)
[2026-03-04 08:28:33.891] [info] Frame 147 (t = 0.735):	 total squared error = 0.00201993, marker error: RMS = 0.00917408, max = 0.0174218 (RTHOL)
[2026-03-04 08:28:33.907] [info] Frame 148 (t = 0.74):	 total squared error = 0.00205736, marker error: RMS = 0.00925870, max = 0.0174873 (RTHOL)
[2026-03-04 08:28:33.929] [info] Frame 149 (t = 0.745):	 total squared error = 0.00209451, marker error: RMS = 0.00934190, max = 0.0169844 (RTHOL)
[2026-03-04 08:28:33.945] [info] Frame 150 (t = 0.75):	 total squared error = 0.00213639, marker error: RMS = 0.00943485, max = 0.0170683 (RTHOL)
[2026-03-04 08:28:33.966] [info] Frame 151 (t = 0.755):	 total squared error = 0.00217247, marker error: RMS = 0.00951418, max = 0.0164575 (RTHOL)
[2026-03-04 08:28:33.985] [info] Frame 152 (t = 0.76):	 total squared error = 0.00220807, marker error: RMS = 0.00959182, max = 0.0162711 (RTHOL)
[2026-03-04 08:28:34.000] [info] Frame 153 (t = 0.765):	 total squared error = 0.00224244, marker error: RMS = 0.00966617, max = 0.0165386 (RTHOL)
[2026-03-04 08:28:34.018] [info] Frame 154 (t = 0.77):	 total squared error = 0.00226836, marker error: RMS = 0.00972188, max = 0.0160394 (RTHOL)
[2026-03-04 08:28:34.031] [info] Frame 155 (t = 0.775):	 total squared error = 0.00229362, marker error: RMS = 0.00977587, max = 0.0161559 (RTHOL)
[2026-03-04 08:28:34.042] [info] Frame 156 (t = 0.78):	 total squared error = 0.00231646, marker error: RMS = 0.00982441, max = 0.0163932 (RTHOL)
[2026-03-04 08:28:34.054] [info] Frame 157 (t = 0.785):	 total squared error = 0.00233638, marker error: RMS = 0.00986658, max = 0.0165283 (RTHOL)
[2026-03-04 08:28:34.072] [info] Frame 158 (t = 0.79):	 total squared error = 0.00234629, marker error: RMS = 0.00988748, max = 0.0159112 (RTHOL)
[2026-03-04 08:28:34.086] [info] Frame 159 (t = 0.795):	 total squared error = 0.00235578, marker error: RMS = 0.00990744, max = 0.0159665 (RTHOL)
[2026-03-04 08:28:34.097] [info] Frame 160 (t = 0.8):	 total squared error = 0.00236088, marker error: RMS = 0.00991816, max = 0.0160743 (RSHAOL)
[2026-03-04 08:28:34.118] [info] Frame 161 (t = 0.805000):	 total squared error = 0.00235484, marker error: RMS = 0.00990548, max = 0.0164074 (RSHAOL)
[2026-03-04 08:28:34.131] [info] Frame 162 (t = 0.81):	 total squared error = 0.00234199, marker error: RMS = 0.00987841, max = 0.0164802 (RSHAOL)
[2026-03-04 08:28:34.143] [info] Frame 163 (t = 0.815):	 total squared error = 0.00231830, marker error: RMS = 0.00982831, max = 0.0165019 (RSHAOL)
[2026-03-04 08:28:34.156] [info] Frame 164 (t = 0.82):	 total squared error = 0.00228153, marker error: RMS = 0.00975007, max = 0.0164101 (RSHAOL)
[2026-03-04 08:28:34.168] [info] Frame 165 (t = 0.825):	 total squared error = 0.00223093, marker error: RMS = 0.00964134, max = 0.0162749 (RSHAOL)
[2026-03-04 08:28:34.184] [info] Frame 166 (t = 0.83):	 total squared error = 0.00216581, marker error: RMS = 0.00949959, max = 0.0159981 (RSHAOL)
[2026-03-04 08:28:34.198] [info] Frame 167 (t = 0.835):	 total squared error = 0.00208914, marker error: RMS = 0.00932992, max = 0.0155953 (RSHAOL)
[2026-03-04 08:28:34.212] [info] Frame 168 (t = 0.84):	 total squared error = 0.00200244, marker error: RMS = 0.00913427, max = 0.0151329 (RSHAOL)
[2026-03-04 08:28:34.224] [info] Frame 169 (t = 0.845):	 total squared error = 0.00190866, marker error: RMS = 0.00891782, max = 0.0150426 (XIPH)
[2026-03-04 08:28:34.236] [info] Frame 170 (t = 0.85):	 total squared error = 0.00180903, marker error: RMS = 0.00868194, max = 0.0151561 (XIPH)
[2026-03-04 08:28:34.243] [info] Frame 171 (t = 0.855):	 total squared error = 0.00171752, marker error: RMS = 0.00845950, max = 0.0149561 (XIPH)
[2026-03-04 08:28:34.260] [info] Frame 172 (t = 0.86):	 total squared error = 0.00160708, marker error: RMS = 0.00818301, max = 0.0151968 (XIPH)
[2026-03-04 08:28:34.267] [info] Frame 173 (t = 0.865):	 total squared error = 0.00152020, marker error: RMS = 0.00795875, max = 0.0149397 (XIPH)
[2026-03-04 08:28:34.284] [info] Frame 174 (t = 0.87):	 total squared error = 0.00141926, marker error: RMS = 0.00768997, max = 0.0152359 (XIPH)
[2026-03-04 08:28:34.307] [info] Frame 175 (t = 0.875):	 total squared error = 0.00133470, marker error: RMS = 0.00745738, max = 0.0152204 (XIPH)
[2026-03-04 08:28:34.322] [info] Frame 176 (t = 0.88):	 total squared error = 0.00126140, marker error: RMS = 0.00724970, max = 0.0153455 (XIPH)
[2026-03-04 08:28:34.345] [info] Frame 177 (t = 0.885):	 total squared error = 0.00119622, marker error: RMS = 0.00705991, max = 0.0151879 (XIPH)
[2026-03-04 08:28:34.357] [info] Frame 178 (t = 0.89):	 total squared error = 0.00114445, marker error: RMS = 0.00690547, max = 0.0153343 (XIPH)
[2026-03-04 08:28:34.368] [info] Frame 179 (t = 0.895):	 total squared error = 0.00111067, marker error: RMS = 0.00680278, max = 0.0152553 (XIPH)
[2026-03-04 08:28:34.390] [info] Frame 180 (t = 0.9):	 total squared error = 0.00107221, marker error: RMS = 0.00668398, max = 0.015155 (XIPH)
[2026-03-04 08:28:34.401] [info] Frame 181 (t = 0.905000):	 total squared error = 0.00105924, marker error: RMS = 0.00664342, max = 0.0151421 (XIPH)
[2026-03-04 08:28:34.420] [info] Frame 182 (t = 0.91):	 total squared error = 0.00104833, marker error: RMS = 0.00660913, max = 0.0151599 (XIPH)
[2026-03-04 08:28:34.430] [info] Frame 183 (t = 0.915):	 total squared error = 0.00105784, marker error: RMS = 0.00663901, max = 0.0151927 (XIPH)
[2026-03-04 08:28:34.443] [info] Frame 184 (t = 0.92):	 total squared error = 0.00107299, marker error: RMS = 0.00668641, max = 0.0154127 (XIPH)
[2026-03-04 08:28:34.460] [info] Frame 185 (t = 0.925):	 total squared error = 0.00109641, marker error: RMS = 0.00675896, max = 0.0151941 (XIPH)
[2026-03-04 08:28:34.471] [info] Frame 186 (t = 0.93):	 total squared error = 0.00113613, marker error: RMS = 0.00688030, max = 0.0152678 (XIPH)
[2026-03-04 08:28:34.490] [info] Frame 187 (t = 0.935):	 total squared error = 0.00117560, marker error: RMS = 0.00699882, max = 0.0152316 (XIPH)
[2026-03-04 08:28:34.510] [info] Frame 188 (t = 0.94):	 total squared error = 0.00122607, marker error: RMS = 0.00714746, max = 0.0152645 (XIPH)
[2026-03-04 08:28:34.519] [info] Frame 189 (t = 0.945):	 total squared error = 0.00128651, marker error: RMS = 0.00732152, max = 0.0153609 (XIPH)
[2026-03-04 08:28:34.535] [info] Frame 190 (t = 0.95):	 total squared error = 0.00134129, marker error: RMS = 0.00747576, max = 0.0153765 (XIPH)
[2026-03-04 08:28:34.546] [info] Frame 191 (t = 0.955):	 total squared error = 0.00140566, marker error: RMS = 0.00765304, max = 0.0154755 (XIPH)
[2026-03-04 08:28:34.557] [info] Frame 192 (t = 0.96):	 total squared error = 0.00147100, marker error: RMS = 0.00782889, max = 0.0156326 (XIPH)
[2026-03-04 08:28:34.567] [info] Frame 193 (t = 0.965):	 total squared error = 0.00153493, marker error: RMS = 0.00799721, max = 0.01576 (XIPH)
[2026-03-04 08:28:34.587] [info] Frame 194 (t = 0.97):	 total squared error = 0.00157585, marker error: RMS = 0.00810310, max = 0.0156023 (XIPH)
[2026-03-04 08:28:34.598] [info] Frame 195 (t = 0.975):	 total squared error = 0.00162654, marker error: RMS = 0.00823242, max = 0.0157608 (XIPH)
[2026-03-04 08:28:34.613] [info] Frame 196 (t = 0.98):	 total squared error = 0.00166636, marker error: RMS = 0.00833258, max = 0.0158499 (XIPH)
[2026-03-04 08:28:34.633] [info] Frame 197 (t = 0.985):	 total squared error = 0.00169752, marker error: RMS = 0.00841012, max = 0.0158853 (XIPH)
[2026-03-04 08:28:34.646] [info] Frame 198 (t = 0.99):	 total squared error = 0.00172123, marker error: RMS = 0.00846866, max = 0.0160053 (XIPH)
[2026-03-04 08:28:34.657] [info] Frame 199 (t = 0.995):	 total squared error = 0.00173489, marker error: RMS = 0.00850219, max = 0.0161878 (XIPH)
[2026-03-04 08:28:34.670] [info] Frame 200 (t = 1.0):	 total squared error = 0.00173682, marker error: RMS = 0.00850691, max = 0.0163408 (XIPH)
[2026-03-04 08:28:34.687] [info] Frame 201 (t = 1.00500):	 total squared error = 0.00171977, marker error: RMS = 0.00846504, max = 0.0162981 (XIPH)
[2026-03-04 08:28:34.703] [info] Frame 202 (t = 1.01):	 total squared error = 0.00169941, marker error: RMS = 0.00841480, max = 0.016492 (XIPH)
[2026-03-04 08:28:34.716] [info] Frame 203 (t = 1.015):	 total squared error = 0.00167074, marker error: RMS = 0.00834352, max = 0.0166363 (XIPH)
[2026-03-04 08:28:34.728] [info] Frame 204 (t = 1.02):	 total squared error = 0.00163582, marker error: RMS = 0.00825585, max = 0.0167484 (XIPH)
[2026-03-04 08:28:34.741] [info] Frame 205 (t = 1.025):	 total squared error = 0.00159633, marker error: RMS = 0.00815559, max = 0.0169361 (XIPH)
[2026-03-04 08:28:34.753] [info] Frame 206 (t = 1.03):	 total squared error = 0.00155595, marker error: RMS = 0.00805178, max = 0.0170356 (XIPH)
[2026-03-04 08:28:34.767] [info] Frame 207 (t = 1.035):	 total squared error = 0.00151693, marker error: RMS = 0.00795019, max = 0.0171902 (XIPH)
[2026-03-04 08:28:34.778] [info] Frame 208 (t = 1.04):	 total squared error = 0.00148283, marker error: RMS = 0.00786031, max = 0.0173177 (XIPH)
[2026-03-04 08:28:34.790] [info] Frame 209 (t = 1.045):	 total squared error = 0.00145548, marker error: RMS = 0.00778749, max = 0.0173871 (XIPH)
[2026-03-04 08:28:34.800] [info] Frame 210 (t = 1.05):	 total squared error = 0.00143717, marker error: RMS = 0.00773834, max = 0.0174601 (XIPH)
[2026-03-04 08:28:34.813] [info] Frame 211 (t = 1.055):	 total squared error = 0.00142859, marker error: RMS = 0.00771523, max = 0.0176175 (XIPH)
[2026-03-04 08:28:34.825] [info] Frame 212 (t = 1.06):	 total squared error = 0.00143070, marker error: RMS = 0.00772091, max = 0.0176848 (XIPH)
[2026-03-04 08:28:34.836] [info] Frame 213 (t = 1.065):	 total squared error = 0.00144271, marker error: RMS = 0.00775326, max = 0.0177486 (XIPH)
[2026-03-04 08:28:34.848] [info] Frame 214 (t = 1.07):	 total squared error = 0.00146291, marker error: RMS = 0.00780735, max = 0.0178412 (XIPH)
[2026-03-04 08:28:34.861] [info] Frame 215 (t = 1.075):	 total squared error = 0.00149008, marker error: RMS = 0.00787950, max = 0.0178937 (XIPH)
[2026-03-04 08:28:34.875] [info] Frame 216 (t = 1.08):	 total squared error = 0.00152154, marker error: RMS = 0.00796225, max = 0.0179601 (XIPH)
[2026-03-04 08:28:34.887] [info] Frame 217 (t = 1.085):	 total squared error = 0.00155554, marker error: RMS = 0.00805073, max = 0.0179519 (XIPH)
[2026-03-04 08:28:34.905] [info] Frame 218 (t = 1.09):	 total squared error = 0.00158964, marker error: RMS = 0.00813849, max = 0.0180460 (XIPH)
[2026-03-04 08:28:34.911] [info] Frame 219 (t = 1.095):	 total squared error = 0.00162423, marker error: RMS = 0.00822655, max = 0.0181219 (XIPH)
[2026-03-04 08:28:34.925] [info] Frame 220 (t = 1.1):	 total squared error = 0.00165090, marker error: RMS = 0.00829382, max = 0.0181281 (XIPH)
[2026-03-04 08:28:34.933] [info] Frame 221 (t = 1.10500):	 total squared error = 0.00167880, marker error: RMS = 0.00836362, max = 0.0182675 (XIPH)
[2026-03-04 08:28:34.950] [info] Frame 222 (t = 1.11):	 total squared error = 0.00169791, marker error: RMS = 0.00841109, max = 0.0180673 (XIPH)
[2026-03-04 08:28:34.963] [info] Frame 223 (t = 1.115):	 total squared error = 0.00171886, marker error: RMS = 0.00846280, max = 0.018142 (XIPH)
[2026-03-04 08:28:34.973] [info] Frame 224 (t = 1.12):	 total squared error = 0.00173946, marker error: RMS = 0.00851337, max = 0.0182656 (XIPH)
[2026-03-04 08:28:34.994] [info] Frame 225 (t = 1.125):	 total squared error = 0.00174904, marker error: RMS = 0.00853678, max = 0.0181003 (XIPH)
[2026-03-04 08:28:35.006] [info] Frame 226 (t = 1.13):	 total squared error = 0.00176302, marker error: RMS = 0.00857083, max = 0.0180666 (XIPH)
[2026-03-04 08:28:35.028] [info] Frame 227 (t = 1.135):	 total squared error = 0.00177057, marker error: RMS = 0.00858917, max = 0.0180048 (XIPH)
[2026-03-04 08:28:35.042] [info] Frame 228 (t = 1.14):	 total squared error = 0.00177909, marker error: RMS = 0.00860981, max = 0.0179994 (XIPH)
[2026-03-04 08:28:35.058] [info] Frame 229 (t = 1.145):	 total squared error = 0.00178314, marker error: RMS = 0.00861959, max = 0.0179124 (XIPH)
[2026-03-04 08:28:35.074] [info] Frame 230 (t = 1.15):	 total squared error = 0.00178293, marker error: RMS = 0.00861910, max = 0.0178417 (XIPH)
[2026-03-04 08:28:35.083] [info] Frame 231 (t = 1.155):	 total squared error = 0.00178583, marker error: RMS = 0.00862609, max = 0.0179285 (XIPH)
[2026-03-04 08:28:35.105] [info] Frame 232 (t = 1.16):	 total squared error = 0.00176573, marker error: RMS = 0.00857742, max = 0.0175656 (XIPH)
[2026-03-04 08:28:35.113] [info] InverseKinematicsTool completed 219 frames in 3 second(s).
[2026-03-04 08:28:39.258] [info] Loaded model Athlete_03_Uhlrich_scaled from file ..\..\..\..\models\Athlete_03_Uhlrich\25_03_31\scaled.osim
[2026-03-04 08:28:39.324] [info] Storage: read data file = joint_angles.mot (nr=219 nc=40)
[2026-03-04 08:28:39.373] [info] Loaded model Athlete_03_Uhlrich_scaled from file ..\..\..\..\models\Athlete_03_Uhlrich\25_03_31\scaled.osim
[2026-03-04 08:28:39.428] [cout] [info] 
               MODEL: Athlete_03_Uhlrich_scaled
         coordinates: 39
              forces: 97
           actuators: 97
             muscles: 80
            analyses: 0
              probes: 0
              bodies: 22
              joints: 22
         constraints: 2
             markers: 46
         controllers: 0
  contact geometries: 0
misc modelcomponents: 0
[2026-03-04 08:28:39.428] [info] Running tool ...
[2026-03-04 08:28:39.496] [info] Storage: read data file = grf.mot (nr=2460 nc=46)
[2026-03-04 08:28:39.521] [info] ExternalForce::grf_r_2 Data source being set to grf
[2026-03-04 08:28:39.521] [info] ExternalForce::grf_l_3 Data source being set to grf
[2026-03-04 08:28:39.521] [info] ExternalForce::grf_l_4 Data source being set to grf
[2026-03-04 08:28:39.532] [info] Storage: read data file = joint_angles.mot (nr=219 nc=40)
[2026-03-04 08:28:39.535] [info] Low-pass filtering coordinates data with a cutoff frequency of 6.0...
[2026-03-04 08:28:39.801] [info] InverseDynamicsTool: 219 time frames in 212 millisecond(s).
[2026-03-04 08:28:42.468] [info] Loaded model Athlete_03_Uhlrich_scaled from file ..\..\..\..\models\Athlete_03_Uhlrich\25_03_31\scaled.osim
[2026-03-04 08:28:42.535] [info] Storage: read data file = joint_angles.mot (nr=219 nc=40)
[2026-03-04 08:28:42.561] [info] AbstractTool  loading model ..\..\..\..\models\Athlete_03_Uhlrich\25_03_31\scaled.osim
[2026-03-04 08:28:42.590] [info] Loaded model Athlete_03_Uhlrich_scaled from file ..\..\..\..\models\Athlete_03_Uhlrich\25_03_31\scaled.osim
[2026-03-04 08:28:42.751] [info] Storage: read data file = grf.mot (nr=2460 nc=46)
[2026-03-04 08:28:42.777] [info] ExternalForce::grf_r_2 Data source being set to grf
[2026-03-04 08:28:42.777] [info] ExternalForce::grf_l_3 Data source being set to grf
[2026-03-04 08:28:42.778] [info] ExternalForce::grf_l_4 Data source being set to grf
[2026-03-04 08:28:42.791] [info] Loading coordinates from file 'joint_angles.mot'.
[2026-03-04 08:28:42.792] [info] Storage: read data file = joint_angles.mot (nr=219 nc=40)
[2026-03-04 08:28:42.795] [info] Low-pass filtering coordinates data with a cutoff frequency of 6.0...
[2026-03-04 08:28:43.021] [info] AssemblySolver::track() attempt Failed: SimTK Exception thrown at Assembler.cpp:973:
  Method Assembler::track() failed because:
Unable to achieve required assembly error tolerance.
Assembly error tolerance achieved: 7.7298270688285373e-09 required: 1e-10.
[2026-03-04 08:28:43.027] [error] Model unable to assemble: AssemblySolver::assemble() Failed: SimTK Exception thrown at Assembler.cpp:897:
  Method Assembler::assemble() failed because:
Unable to achieve required assembly error tolerance.
Assembly error tolerance achieved: 7.7298270690316862e-09 required: 1e-10..Model relaxing constraints and trying again.
[2026-03-04 08:28:43.268] [info] Found 437 state vectors with time stamps ranging from -0.475 to 1.70500.
[2026-03-04 08:28:43.269] [info] Executing the analyses from 0.07 to 1.16...
[2026-03-04 08:28:43.276] [warning] MuscleAnalysis: coordinate mtp_angle_r is locked and can't be varied.
[2026-03-04 08:28:43.276] [warning] MuscleAnalysis: coordinate mtp_angle_l is locked and can't be varied.
[2026-03-04 08:28:43.276] [warning] MuscleAnalysis: coordinate wrist_flex_r is locked and can't be varied.
[2026-03-04 08:28:43.276] [warning] MuscleAnalysis: coordinate wrist_dev_r is locked and can't be varied.
[2026-03-04 08:28:43.277] [warning] MuscleAnalysis: coordinate wrist_flex_l is locked and can't be varied.
[2026-03-04 08:28:43.277] [warning] MuscleAnalysis: coordinate wrist_dev_l is locked and can't be varied.
[2026-03-04 08:29:24.444] [info] Printing results of investigation  to MuscleAnalysis
[2026-03-04 08:29:25.133] [info] Loaded model Athlete_03_Uhlrich_scaled from file ..\..\..\..\models\Athlete_03_Uhlrich\25_03_31\scaled.osim
[2026-03-04 08:29:25.173] [info] Storage: read data file = joint_angles.mot (nr=219 nc=40)
[2026-03-04 08:29:25.201] [info] AbstractTool SO loading model ..\..\..\..\models\Athlete_03_Uhlrich\25_03_31\scaled.osim
[2026-03-04 08:29:25.230] [info] Loaded model Athlete_03_Uhlrich_scaled from file ..\..\..\..\models\Athlete_03_Uhlrich\25_03_31\scaled.osim
[2026-03-04 08:29:25.288] [info] Adding force object set from actuators_so.xml
[2026-03-04 08:29:25.362] [info] Storage: read data file = grf.mot (nr=2460 nc=46)
[2026-03-04 08:29:25.387] [info] ExternalForce::grf_r_2 Data source being set to grf
[2026-03-04 08:29:25.387] [info] ExternalForce::grf_l_3 Data source being set to grf
[2026-03-04 08:29:25.387] [info] ExternalForce::grf_l_4 Data source being set to grf
[2026-03-04 08:29:25.394] [info] Loading coordinates from file 'joint_angles.mot'.
[2026-03-04 08:29:25.395] [info] Storage: read data file = joint_angles.mot (nr=219 nc=40)
[2026-03-04 08:29:25.398] [info] Low-pass filtering coordinates data with a cutoff frequency of 6.0...
[2026-03-04 08:29:25.646] [info] AssemblySolver::track() attempt Failed: SimTK Exception thrown at Assembler.cpp:973:
  Method Assembler::track() failed because:
Unable to achieve required assembly error tolerance.
Assembly error tolerance achieved: 7.7298270688285373e-09 required: 1e-10.
[2026-03-04 08:29:25.654] [error] Model unable to assemble: AssemblySolver::assemble() Failed: SimTK Exception thrown at Assembler.cpp:897:
  Method Assembler::assemble() failed because:
Unable to achieve required assembly error tolerance.
Assembly error tolerance achieved: 7.7298270690316862e-09 required: 1e-10..Model relaxing constraints and trying again.
[2026-03-04 08:29:25.877] [info] Found 437 state vectors with time stamps ranging from -0.475 to 1.70500.
[2026-03-04 08:29:25.877] [info] Executing the analyses from 0.07 to 1.16...
[2026-03-04 08:29:25.952] [info] Storage: read data file = grf.mot (nr=2460 nc=46)
[2026-03-04 08:29:25.977] [info] ExternalForce::grf_r_2 Data source being set to grf
[2026-03-04 08:29:25.977] [info] ExternalForce::grf_l_3 Data source being set to grf
[2026-03-04 08:29:25.977] [info] ExternalForce::grf_l_4 Data source being set to grf
[2026-03-04 08:29:26.008] [info] Storage: read data file = grf.mot (nr=2460 nc=46)
[2026-03-04 08:29:26.033] [info] ExternalForce::grf_r_2 Data source being set to grf
[2026-03-04 08:29:26.033] [info] ExternalForce::grf_l_3 Data source being set to grf
[2026-03-04 08:29:26.033] [info] ExternalForce::grf_l_4 Data source being set to grf
[2026-03-04 08:29:26.600] [cout] [info] time = 0.07 Performance = 8.58703 Constraint violation = 2.1235e-13
[2026-03-04 08:29:26.603] [info] Bounds for 'addbrev_r': 0.01 to 1.0.
[2026-03-04 08:29:26.603] [info] Bounds for 'addlong_r': 0.01 to 1.0.
[2026-03-04 08:29:26.603] [info] Bounds for 'addmagDist_r': 0.01 to 1.0.
[2026-03-04 08:29:26.603] [info] Bounds for 'addmagIsch_r': 0.01 to 1.0.
[2026-03-04 08:29:26.603] [info] Bounds for 'addmagMid_r': 0.01 to 1.0.
[2026-03-04 08:29:26.603] [info] Bounds for 'addmagProx_r': 0.01 to 1.0.
[2026-03-04 08:29:26.603] [info] Bounds for 'bflh_r': 0.01 to 1.0.
[2026-03-04 08:29:26.603] [info] Bounds for 'bfsh_r': 0.01 to 1.0.
[2026-03-04 08:29:26.603] [info] Bounds for 'edl_r': 0.01 to 1.0.
[2026-03-04 08:29:26.604] [info] Bounds for 'ehl_r': 0.01 to 1.0.
[2026-03-04 08:29:26.604] [info] Bounds for 'fdl_r': 0.01 to 1.0.
[2026-03-04 08:29:26.604] [info] Bounds for 'fhl_r': 0.01 to 1.0.
[2026-03-04 08:29:26.604] [info] Bounds for 'gaslat_r': 0.01 to 1.0.
[2026-03-04 08:29:26.604] [info] Bounds for 'gasmed_r': 0.01 to 1.0.
[2026-03-04 08:29:26.604] [info] Bounds for 'glmax1_r': 0.01 to 1.0.
[2026-03-04 08:29:26.604] [info] Bounds for 'glmax2_r': 0.01 to 1.0.
[2026-03-04 08:29:26.604] [info] Bounds for 'glmax3_r': 0.01 to 1.0.
[2026-03-04 08:29:26.604] [info] Bounds for 'glmed1_r': 0.01 to 1.0.
[2026-03-04 08:29:26.604] [info] Bounds for 'glmed2_r': 0.01 to 1.0.
[2026-03-04 08:29:26.604] [info] Bounds for 'glmed3_r': 0.01 to 1.0.
[2026-03-04 08:29:26.604] [info] Bounds for 'glmin1_r': 0.01 to 1.0.
[2026-03-04 08:29:26.604] [info] Bounds for 'glmin2_r': 0.01 to 1.0.
[2026-03-04 08:29:26.604] [info] Bounds for 'glmin3_r': 0.01 to 1.0.
[2026-03-04 08:29:26.604] [info] Bounds for 'grac_r': 0.01 to 1.0.
[2026-03-04 08:29:26.604] [info] Bounds for 'iliacus_r': 0.01 to 1.0.
[2026-03-04 08:29:26.604] [info] Bounds for 'perbrev_r': 0.01 to 1.0.
[2026-03-04 08:29:26.604] [info] Bounds for 'perlong_r': 0.01 to 1.0.
[2026-03-04 08:29:26.604] [info] Bounds for 'piri_r': 0.01 to 1.0.
[2026-03-04 08:29:26.604] [info] Bounds for 'psoas_r': 0.01 to 1.0.
[2026-03-04 08:29:26.604] [info] Bounds for 'recfem_r': 0.01 to 1.0.
[2026-03-04 08:29:26.604] [info] Bounds for 'sart_r': 0.01 to 1.0.
[2026-03-04 08:29:26.604] [info] Bounds for 'semimem_r': 0.01 to 1.0.
[2026-03-04 08:29:26.604] [info] Bounds for 'semiten_r': 0.01 to 1.0.
[2026-03-04 08:29:26.604] [info] Bounds for 'soleus_r': 0.01 to 1.0.
[2026-03-04 08:29:26.605] [info] Bounds for 'tfl_r': 0.01 to 1.0.
[2026-03-04 08:29:26.605] [info] Bounds for 'tibant_r': 0.01 to 1.0.
[2026-03-04 08:29:26.605] [info] Bounds for 'tibpost_r': 0.01 to 1.0.
[2026-03-04 08:29:26.605] [info] Bounds for 'vasint_r': 0.01 to 1.0.
[2026-03-04 08:29:26.605] [info] Bounds for 'vaslat_r': 0.01 to 1.0.
[2026-03-04 08:29:26.605] [info] Bounds for 'vasmed_r': 0.01 to 1.0.
[2026-03-04 08:29:26.605] [info] Bounds for 'addbrev_l': 0.01 to 1.0.
[2026-03-04 08:29:26.605] [info] Bounds for 'addlong_l': 0.01 to 1.0.
[2026-03-04 08:29:26.605] [info] Bounds for 'addmagDist_l': 0.01 to 1.0.
[2026-03-04 08:29:26.605] [info] Bounds for 'addmagIsch_l': 0.01 to 1.0.
[2026-03-04 08:29:26.605] [info] Bounds for 'addmagMid_l': 0.01 to 1.0.
[2026-03-04 08:29:26.605] [info] Bounds for 'addmagProx_l': 0.01 to 1.0.
[2026-03-04 08:29:26.605] [info] Bounds for 'bflh_l': 0.01 to 1.0.
[2026-03-04 08:29:26.605] [info] Bounds for 'bfsh_l': 0.01 to 1.0.
[2026-03-04 08:29:26.605] [info] Bounds for 'edl_l': 0.01 to 1.0.
[2026-03-04 08:29:26.605] [info] Bounds for 'ehl_l': 0.01 to 1.0.
[2026-03-04 08:29:26.605] [info] Bounds for 'fdl_l': 0.01 to 1.0.
[2026-03-04 08:29:26.605] [info] Bounds for 'fhl_l': 0.01 to 1.0.
[2026-03-04 08:29:26.605] [info] Bounds for 'gaslat_l': 0.01 to 1.0.
[2026-03-04 08:29:26.605] [info] Bounds for 'gasmed_l': 0.01 to 1.0.
[2026-03-04 08:29:26.605] [info] Bounds for 'glmax1_l': 0.01 to 1.0.
[2026-03-04 08:29:26.605] [info] Bounds for 'glmax2_l': 0.01 to 1.0.
[2026-03-04 08:29:26.605] [info] Bounds for 'glmax3_l': 0.01 to 1.0.
[2026-03-04 08:29:26.605] [info] Bounds for 'glmed1_l': 0.01 to 1.0.
[2026-03-04 08:29:26.605] [info] Bounds for 'glmed2_l': 0.01 to 1.0.
[2026-03-04 08:29:26.605] [info] Bounds for 'glmed3_l': 0.01 to 1.0.
[2026-03-04 08:29:26.605] [info] Bounds for 'glmin1_l': 0.01 to 1.0.
[2026-03-04 08:29:26.605] [info] Bounds for 'glmin2_l': 0.01 to 1.0.
[2026-03-04 08:29:26.606] [info] Bounds for 'glmin3_l': 0.01 to 1.0.
[2026-03-04 08:29:26.606] [info] Bounds for 'grac_l': 0.01 to 1.0.
[2026-03-04 08:29:26.606] [info] Bounds for 'iliacus_l': 0.01 to 1.0.
[2026-03-04 08:29:26.606] [info] Bounds for 'perbrev_l': 0.01 to 1.0.
[2026-03-04 08:29:26.606] [info] Bounds for 'perlong_l': 0.01 to 1.0.
[2026-03-04 08:29:26.606] [info] Bounds for 'piri_l': 0.01 to 1.0.
[2026-03-04 08:29:26.606] [info] Bounds for 'psoas_l': 0.01 to 1.0.
[2026-03-04 08:29:26.606] [info] Bounds for 'recfem_l': 0.01 to 1.0.
[2026-03-04 08:29:26.606] [info] Bounds for 'sart_l': 0.01 to 1.0.
[2026-03-04 08:29:26.606] [info] Bounds for 'semimem_l': 0.01 to 1.0.
[2026-03-04 08:29:26.606] [info] Bounds for 'semiten_l': 0.01 to 1.0.
[2026-03-04 08:29:26.606] [info] Bounds for 'soleus_l': 0.01 to 1.0.
[2026-03-04 08:29:26.606] [info] Bounds for 'tfl_l': 0.01 to 1.0.
[2026-03-04 08:29:26.606] [info] Bounds for 'tibant_l': 0.01 to 1.0.
[2026-03-04 08:29:26.606] [info] Bounds for 'tibpost_l': 0.01 to 1.0.
[2026-03-04 08:29:26.606] [info] Bounds for 'vasint_l': 0.01 to 1.0.
[2026-03-04 08:29:26.606] [info] Bounds for 'vaslat_l': 0.01 to 1.0.
[2026-03-04 08:29:26.606] [info] Bounds for 'vasmed_l': 0.01 to 1.0.
[2026-03-04 08:29:26.606] [info] Bounds for 'lumbar_ext': -inf to inf.
[2026-03-04 08:29:26.606] [info] Bounds for 'lumbar_bend': -inf to inf.
[2026-03-04 08:29:26.606] [info] Bounds for 'lumbar_rot': -inf to inf.
[2026-03-04 08:29:26.606] [info] Bounds for 'shoulder_flex_r': -inf to inf.
[2026-03-04 08:29:26.606] [info] Bounds for 'shoulder_add_r': -inf to inf.
[2026-03-04 08:29:26.606] [info] Bounds for 'shoulder_rot_r': -inf to inf.
[2026-03-04 08:29:26.606] [info] Bounds for 'elbow_flex_r': -inf to inf.
[2026-03-04 08:29:26.606] [info] Bounds for 'pro_sup_r': -inf to inf.
[2026-03-04 08:29:26.606] [info] Bounds for 'wrist_flex_r': -inf to inf.
[2026-03-04 08:29:26.606] [info] Bounds for 'wrist_dev_r': -inf to inf.
[2026-03-04 08:29:26.606] [info] Bounds for 'shoulder_flex_l': -inf to inf.
[2026-03-04 08:29:26.607] [info] Bounds for 'shoulder_add_l': -inf to inf.
[2026-03-04 08:29:26.607] [info] Bounds for 'shoulder_rot_l': -inf to inf.
[2026-03-04 08:29:26.607] [info] Bounds for 'elbow_flex_l': -inf to inf.
[2026-03-04 08:29:26.607] [info] Bounds for 'pro_sup_l': -inf to inf.
[2026-03-04 08:29:26.607] [info] Bounds for 'wrist_flex_l': -inf to inf.
[2026-03-04 08:29:26.607] [info] Bounds for 'wrist_dev_l': -inf to inf.
[2026-03-04 08:29:26.607] [info] Bounds for 'FX': -inf to inf.
[2026-03-04 08:29:26.607] [info] Bounds for 'FY': -inf to inf.
[2026-03-04 08:29:26.607] [info] Bounds for 'FZ': -inf to inf.
[2026-03-04 08:29:26.607] [info] Bounds for 'MX': -inf to inf.
[2026-03-04 08:29:26.607] [info] Bounds for 'MY': -inf to inf.
[2026-03-04 08:29:26.607] [info] Bounds for 'MZ': -inf to inf.
[2026-03-04 08:29:26.607] [info] Bounds for 'hip_flexion_r_reserve': -1.0 to 1.0.
[2026-03-04 08:29:26.607] [info] Bounds for 'hip_adduction_r_reserve': -1.0 to 1.0.
[2026-03-04 08:29:26.607] [info] Bounds for 'hip_rotation_r_reserve': -1.0 to 1.0.
[2026-03-04 08:29:26.607] [info] Bounds for 'knee_angle_r_reserve': -1.0 to 1.0.
[2026-03-04 08:29:26.607] [info] Bounds for 'ankle_angle_r_reserve': -1.0 to 1.0.
[2026-03-04 08:29:26.607] [info] Bounds for 'hip_flexion_l_reserve': -1.0 to 1.0.
[2026-03-04 08:29:26.607] [info] Bounds for 'hip_adduction_l_reserve': -1.0 to 1.0.
[2026-03-04 08:29:26.607] [info] Bounds for 'hip_rotation_l_reserve': -1.0 to 1.0.
[2026-03-04 08:29:26.607] [info] Bounds for 'knee_angle_l_reserve': -1.0 to 1.0.
[2026-03-04 08:29:26.607] [info] Bounds for 'ankle_angle_l_reserve': -1.0 to 1.0.
[2026-03-04 08:29:26.792] [cout] [info] time = 0.075 Performance = 8.80911 Constraint violation = 1.21154e-12
[2026-03-04 08:29:26.971] [cout] [info] time = 0.08 Performance = 10.3067 Constraint violation = 3.3461e-12
[2026-03-04 08:29:27.150] [cout] [info] time = 0.085 Performance = 13.1382 Constraint violation = 5.24794e-13
[2026-03-04 08:29:27.330] [cout] [info] time = 0.09 Performance = 17.4538 Constraint violation = 4.42349e-12
[2026-03-04 08:29:27.508] [cout] [info] time = 0.095 Performance = 23.4664 Constraint violation = 3.88577e-12
[2026-03-04 08:29:27.685] [cout] [info] time = 0.1 Performance = 31.3696 Constraint violation = 7.58097e-13
[2026-03-04 08:29:27.859] [cout] [info] time = 0.105000 Performance = 41.2138 Constraint violation = 4.5763e-12
[2026-03-04 08:29:28.035] [cout] [info] time = 0.11 Performance = 52.8219 Constraint violation = 1.89925e-12
[2026-03-04 08:29:28.207] [cout] [info] time = 0.115 Performance = 65.7491 Constraint violation = 2.09195e-12
[2026-03-04 08:29:28.382] [cout] [info] time = 0.12 Performance = 79.2878 Constraint violation = 2.22229e-12
[2026-03-04 08:29:28.550] [cout] [info] time = 0.125 Performance = 92.5316 Constraint violation = 6.20390e-11
[2026-03-04 08:29:28.719] [cout] [info] time = 0.13 Performance = 104.502 Constraint violation = 2.50700e-11
[2026-03-04 08:29:28.888] [cout] [info] time = 0.135 Performance = 114.3 Constraint violation = 2.87091e-12
[2026-03-04 08:29:29.057] [cout] [info] time = 0.14 Performance = 121.28 Constraint violation = 7.26438e-12
[2026-03-04 08:29:29.223] [cout] [info] time = 0.145 Performance = 125.174 Constraint violation = 1.4111e-11
[2026-03-04 08:29:29.390] [cout] [info] time = 0.15 Performance = 126.115 Constraint violation = 2.9222e-11
[2026-03-04 08:29:29.555] [cout] [info] time = 0.155 Performance = 124.567 Constraint violation = 3.14654e-11
[2026-03-04 08:29:29.725] [cout] [info] time = 0.16 Performance = 121.196 Constraint violation = 9.14609e-11
[2026-03-04 08:29:29.897] [cout] [info] time = 0.165 Performance = 116.692 Constraint violation = 4.55615e-11
[2026-03-04 08:29:30.064] [cout] [info] time = 0.17 Performance = 111.617 Constraint violation = 2.43841e-11
[2026-03-04 08:29:30.230] [cout] [info] time = 0.175 Performance = 106.314 Constraint violation = 1.8652e-11
[2026-03-04 08:29:30.395] [cout] [info] time = 0.18 Performance = 100.887 Constraint violation = 2.26533e-11
[2026-03-04 08:29:30.559] [cout] [info] time = 0.185 Performance = 95.2518 Constraint violation = 2.66054e-11
[2026-03-04 08:29:30.722] [cout] [info] time = 0.19 Performance = 89.239 Constraint violation = 3.01227e-11
[2026-03-04 08:29:30.887] [cout] [info] time = 0.195 Performance = 82.7068 Constraint violation = 1.63156e-11
[2026-03-04 08:29:31.049] [cout] [info] time = 0.2 Performance = 75.6197 Constraint violation = 6.13533e-12
[2026-03-04 08:29:31.216] [cout] [info] time = 0.205000 Performance = 68.0765 Constraint violation = 3.91653e-12
[2026-03-04 08:29:31.377] [cout] [info] time = 0.21 Performance = 60.3045 Constraint violation = 3.00971e-12
[2026-03-04 08:29:31.541] [cout] [info] time = 0.215 Performance = 52.6115 Constraint violation = 2.98222e-12
[2026-03-04 08:29:31.702] [cout] [info] time = 0.22 Performance = 45.3112 Constraint violation = 1.92948e-12
[2026-03-04 08:29:31.866] [cout] [info] time = 0.225 Performance = 38.6636 Constraint violation = 3.73666e-12
[2026-03-04 08:29:32.030] [cout] [info] time = 0.23 Performance = 32.8429 Constraint violation = 4.76351e-12
[2026-03-04 08:29:32.192] [cout] [info] time = 0.235 Performance = 27.9273 Constraint violation = 2.2853e-12
[2026-03-04 08:29:32.358] [cout] [info] time = 0.24 Performance = 23.9088 Constraint violation = 7.40685e-12
[2026-03-04 08:29:32.518] [cout] [info] time = 0.245 Performance = 20.7136 Constraint violation = 1.94661e-12
[2026-03-04 08:29:32.684] [cout] [info] time = 0.25 Performance = 18.2203 Constraint violation = 3.31071e-11
[2026-03-04 08:29:32.849] [cout] [info] time = 0.255 Performance = 16.2892 Constraint violation = 3.63995e-12
[2026-03-04 08:29:33.018] [cout] [info] time = 0.26 Performance = 14.7853 Constraint violation = 3.00749e-12
[2026-03-04 08:29:33.185] [cout] [info] time = 0.265 Performance = 13.5884 Constraint violation = 2.899e-12
[2026-03-04 08:29:33.352] [cout] [info] time = 0.27 Performance = 12.5966 Constraint violation = 9.75418e-13
[2026-03-04 08:29:33.520] [cout] [info] time = 0.275 Performance = 11.7302 Constraint violation = 1.47412e-12
[2026-03-04 08:29:33.684] [cout] [info] time = 0.28 Performance = 10.9337 Constraint violation = 7.01577e-13
[2026-03-04 08:29:33.849] [cout] [info] time = 0.285 Performance = 10.1748 Constraint violation = 1.53791e-12
[2026-03-04 08:29:34.014] [cout] [info] time = 0.29 Performance = 9.44135 Constraint violation = 1.57906e-12
[2026-03-04 08:29:34.177] [cout] [info] time = 0.295 Performance = 8.73478 Constraint violation = 1.34335e-12
[2026-03-04 08:29:34.340] [cout] [info] time = 0.3 Performance = 8.06426 Constraint violation = 1.05933e-12
[2026-03-04 08:29:34.508] [cout] [info] time = 0.305000 Performance = 7.43941 Constraint violation = 1.21971e-12
[2026-03-04 08:29:34.672] [cout] [info] time = 0.31 Performance = 6.86985 Constraint violation = 1.54214e-12
[2026-03-04 08:29:34.836] [cout] [info] time = 0.315 Performance = 6.36393 Constraint violation = 1.40838e-12
[2026-03-04 08:29:35.000] [cout] [info] time = 0.32 Performance = 5.92663 Constraint violation = 7.06919e-13
[2026-03-04 08:29:35.171] [cout] [info] time = 0.325 Performance = 5.55841 Constraint violation = 5.78983e-12
[2026-03-04 08:29:35.339] [cout] [info] time = 0.33 Performance = 5.25861 Constraint violation = 3.06402e-12
[2026-03-04 08:29:35.506] [cout] [info] time = 0.335 Performance = 5.01989 Constraint violation = 5.46837e-13
[2026-03-04 08:29:35.676] [cout] [info] time = 0.34 Performance = 4.83233 Constraint violation = 7.28637e-12
[2026-03-04 08:29:35.846] [cout] [info] time = 0.345 Performance = 4.68353 Constraint violation = 1.92487e-12
[2026-03-04 08:29:36.018] [cout] [info] time = 0.35 Performance = 4.56065 Constraint violation = 3.71438e-12
[2026-03-04 08:29:36.189] [cout] [info] time = 0.355 Performance = 4.45152 Constraint violation = 1.46037e-12
[2026-03-04 08:29:36.363] [cout] [info] time = 0.36 Performance = 4.34639 Constraint violation = 4.43732e-11
[2026-03-04 08:29:36.533] [cout] [info] time = 0.365 Performance = 4.24032 Constraint violation = 6.01799e-12
[2026-03-04 08:29:36.707] [cout] [info] time = 0.37 Performance = 4.13409 Constraint violation = 8.97333e-13
[2026-03-04 08:29:36.877] [cout] [info] time = 0.375 Performance = 4.03516 Constraint violation = 2.81652e-12
[2026-03-04 08:29:37.047] [cout] [info] time = 0.38 Performance = 3.95826 Constraint violation = 1.76392e-12
[2026-03-04 08:29:37.217] [cout] [info] time = 0.385 Performance = 3.92568 Constraint violation = 5.52114e-13
[2026-03-04 08:29:37.389] [cout] [info] time = 0.39 Performance = 3.96723 Constraint violation = 2.75294e-12
[2026-03-04 08:29:37.564] [cout] [info] time = 0.395 Performance = 4.1179 Constraint violation = 1.40987e-12
[2026-03-04 08:29:37.734] [cout] [info] time = 0.4 Performance = 4.4118 Constraint violation = 1.17638e-12
[2026-03-04 08:29:37.903] [cout] [info] time = 0.405000 Performance = 4.87231 Constraint violation = 4.5715e-12
[2026-03-04 08:29:38.069] [cout] [info] time = 0.41 Performance = 5.50254 Constraint violation = 6.4336e-13
[2026-03-04 08:29:38.237] [cout] [info] time = 0.415 Performance = 6.2752 Constraint violation = 5.42664e-13
[2026-03-04 08:29:38.406] [cout] [info] time = 0.42 Performance = 7.13004 Constraint violation = 2.78189e-12
[2026-03-04 08:29:38.575] [cout] [info] time = 0.425 Performance = 7.97683 Constraint violation = 7.29107e-12
[2026-03-04 08:29:38.747] [cout] [info] time = 0.43 Performance = 8.70821 Constraint violation = 5.17942e-13
[2026-03-04 08:29:38.920] [cout] [info] time = 0.435 Performance = 9.21875 Constraint violation = 2.83193e-13
[2026-03-04 08:29:39.088] [cout] [info] time = 0.44 Performance = 9.43104 Constraint violation = 9.66595e-13
[2026-03-04 08:29:39.255] [cout] [info] time = 0.445 Performance = 9.32010 Constraint violation = 3.66642e-12
[2026-03-04 08:29:39.423] [cout] [info] time = 0.45 Performance = 8.92775 Constraint violation = 9.54823e-13
[2026-03-04 08:29:39.594] [cout] [info] time = 0.455 Performance = 8.36346 Constraint violation = 4.5575e-12
[2026-03-04 08:29:39.765] [cout] [info] time = 0.46 Performance = 7.78695 Constraint violation = 4.58192e-12
[2026-03-04 08:29:39.941] [cout] [info] time = 0.465 Performance = 7.37386 Constraint violation = 1.88873e-12
[2026-03-04 08:29:40.116] [cout] [info] time = 0.47 Performance = 7.28050 Constraint violation = 3.92096e-12
[2026-03-04 08:29:40.290] [cout] [info] time = 0.475 Performance = 7.60901 Constraint violation = 9.85421e-13
[2026-03-04 08:29:40.466] [cout] [info] time = 0.48 Performance = 8.38434 Constraint violation = 1.8361e-12
[2026-03-04 08:29:40.645] [cout] [info] time = 0.485 Performance = 9.56631 Constraint violation = 1.39362e-12
[2026-03-04 08:29:40.820] [cout] [info] time = 0.49 Performance = 11.0873 Constraint violation = 4.57129e-12
[2026-03-04 08:29:40.997] [cout] [info] time = 0.495 Performance = 12.9032 Constraint violation = 3.69731e-12
[2026-03-04 08:29:41.174] [cout] [info] time = 0.5 Performance = 15.0443 Constraint violation = 2.02788e-12
[2026-03-04 08:29:41.352] [cout] [info] time = 0.505000 Performance = 17.6345 Constraint violation = 6.37545e-12
[2026-03-04 08:29:41.527] [cout] [info] time = 0.51 Performance = 20.8651 Constraint violation = 3.81050e-12
[2026-03-04 08:29:41.703] [cout] [info] time = 0.515 Performance = 24.9261 Constraint violation = 1.35852e-12
[2026-03-04 08:29:41.885] [cout] [info] time = 0.52 Performance = 29.9106 Constraint violation = 6.05452e-13
[2026-03-04 08:29:42.069] [cout] [info] time = 0.525 Performance = 35.7253 Constraint violation = 2.93439e-11
[2026-03-04 08:29:42.258] [cout] [info] time = 0.53 Performance = 42.0477 Constraint violation = 1.50247e-10
[2026-03-04 08:29:42.450] [cout] [info] time = 0.535 Performance = 48.3468 Constraint violation = 2.30047e-10
[2026-03-04 08:29:42.637] [cout] [info] time = 0.54 Performance = 53.9769 Constraint violation = 2.75374e-10
[2026-03-04 08:29:42.820] [cout] [info] time = 0.545 Performance = 58.3143 Constraint violation = 3.09205e-11
[2026-03-04 08:29:43.010] [cout] [info] time = 0.55 Performance = 60.8991 Constraint violation = 4.15817e-11
[2026-03-04 08:29:43.196] [cout] [info] time = 0.555 Performance = 61.5346 Constraint violation = 1.15229e-10
[2026-03-04 08:29:43.384] [cout] [info] time = 0.56 Performance = 60.3013 Constraint violation = 7.80458e-11
[2026-03-04 08:29:43.566] [cout] [info] time = 0.565 Performance = 57.5025 Constraint violation = 1.19065e-11
[2026-03-04 08:29:43.743] [cout] [info] time = 0.57 Performance = 53.5704 Constraint violation = 3.07766e-12
[2026-03-04 08:29:43.925] [cout] [info] time = 0.575 Performance = 48.9513 Constraint violation = 4.66152e-12
[2026-03-04 08:29:44.107] [cout] [info] time = 0.58 Performance = 44.0156 Constraint violation = 1.69915e-12
[2026-03-04 08:29:44.286] [cout] [info] time = 0.585 Performance = 39.0224 Constraint violation = 1.47551e-12
[2026-03-04 08:29:44.466] [cout] [info] time = 0.59 Performance = 34.1352 Constraint violation = 3.679e-12
[2026-03-04 08:29:44.645] [cout] [info] time = 0.595 Performance = 29.4753 Constraint violation = 2.77796e-12
[2026-03-04 08:29:44.821] [cout] [info] time = 0.6 Performance = 25.1781 Constraint violation = 2.48070e-12
[2026-03-04 08:29:45.003] [cout] [info] time = 0.605000 Performance = 21.4325 Constraint violation = 9.63976e-13
[2026-03-04 08:29:45.185] [cout] [info] time = 0.61 Performance = 18.4864 Constraint violation = 6.93253e-13
[2026-03-04 08:29:45.360] [cout] [info] time = 0.615 Performance = 16.6234 Constraint violation = 4.56767e-12
[2026-03-04 08:29:45.539] [cout] [info] time = 0.62 Performance = 16.1114 Constraint violation = 7.88872e-12
[2026-03-04 08:29:45.716] [cout] [info] time = 0.625 Performance = 17.1531 Constraint violation = 2.79315e-12
[2026-03-04 08:29:45.893] [cout] [info] time = 0.63 Performance = 19.8369 Constraint violation = 1.12483e-12
[2026-03-04 08:29:46.070] [cout] [info] time = 0.635 Performance = 24.1157 Constraint violation = 2.0323e-12
[2026-03-04 08:29:46.249] [cout] [info] time = 0.64 Performance = 29.7968 Constraint violation = 1.93015e-12
[2026-03-04 08:29:46.425] [cout] [info] time = 0.645 Performance = 36.5461 Constraint violation = 5.13004e-12
[2026-03-04 08:29:46.600] [cout] [info] time = 0.65 Performance = 43.8996 Constraint violation = 9.05484e-12
[2026-03-04 08:29:46.771] [cout] [info] time = 0.655 Performance = 51.2976 Constraint violation = 2.12497e-11
[2026-03-04 08:29:46.944] [cout] [info] time = 0.66 Performance = 58.131 Constraint violation = 1.16236e-12
[2026-03-04 08:29:47.119] [cout] [info] time = 0.665 Performance = 63.7958 Constraint violation = 2.38178e-11
[2026-03-04 08:29:47.289] [cout] [info] time = 0.67 Performance = 67.7681 Constraint violation = 6.11798e-11
[2026-03-04 08:29:47.457] [cout] [info] time = 0.675 Performance = 69.683 Constraint violation = 9.59594e-12
[2026-03-04 08:29:47.632] [cout] [info] time = 0.68 Performance = 69.411 Constraint violation = 3.64995e-11
[2026-03-04 08:29:47.803] [cout] [info] time = 0.685 Performance = 67.1088 Constraint violation = 7.83839e-12
[2026-03-04 08:29:47.971] [cout] [info] time = 0.69 Performance = 63.2211 Constraint violation = 6.44533e-12
[2026-03-04 08:29:48.130] [cout] [info] time = 0.695 Performance = 58.4165 Constraint violation = 5.5344e-12
[2026-03-04 08:29:48.296] [cout] [info] time = 0.7 Performance = 53.4521 Constraint violation = 2.97284e-12
[2026-03-04 08:29:48.463] [cout] [info] time = 0.705000 Performance = 49.0229 Constraint violation = 8.92418e-13
[2026-03-04 08:29:48.628] [cout] [info] time = 0.71 Performance = 45.6419 Constraint violation = 4.3332e-11
[2026-03-04 08:29:48.793] [cout] [info] time = 0.715 Performance = 43.4097 Constraint violation = 2.80724e-12
[2026-03-04 08:29:48.956] [cout] [info] time = 0.72 Performance = 42.3129 Constraint violation = 9.21339e-12
[2026-03-04 08:29:49.117] [cout] [info] time = 0.725 Performance = 41.9948 Constraint violation = 4.24139e-12
[2026-03-04 08:29:49.277] [cout] [info] time = 0.73 Performance = 42.0907 Constraint violation = 3.51899e-12
[2026-03-04 08:29:49.435] [cout] [info] time = 0.735 Performance = 42.2522 Constraint violation = 4.8674e-12
[2026-03-04 08:29:49.589] [cout] [info] time = 0.74 Performance = 42.265 Constraint violation = 2.0641e-12
[2026-03-04 08:29:49.746] [cout] [info] time = 0.745 Performance = 42.0709 Constraint violation = 1.14566e-12
[2026-03-04 08:29:49.905] [cout] [info] time = 0.75 Performance = 41.7312 Constraint violation = 2.0748e-12
[2026-03-04 08:29:50.064] [cout] [info] time = 0.755 Performance = 41.3579 Constraint violation = 1.08441e-12
[2026-03-04 08:29:50.221] [cout] [info] time = 0.76 Performance = 41.0423 Constraint violation = 1.88255e-12
[2026-03-04 08:29:50.378] [cout] [info] time = 0.765 Performance = 40.8085 Constraint violation = 9.90132e-13
[2026-03-04 08:29:50.533] [cout] [info] time = 0.77 Performance = 40.5985 Constraint violation = 2.49571e-12
[2026-03-04 08:29:50.689] [cout] [info] time = 0.775 Performance = 40.3018 Constraint violation = 4.42282e-12
[2026-03-04 08:29:50.844] [cout] [info] time = 0.78 Performance = 39.7981 Constraint violation = 1.94138e-12
[2026-03-04 08:29:51.006] [cout] [info] time = 0.785 Performance = 38.9892 Constraint violation = 2.60637e-12
[2026-03-04 08:29:51.169] [cout] [info] time = 0.79 Performance = 37.8298 Constraint violation = 2.81724e-12
[2026-03-04 08:29:51.333] [cout] [info] time = 0.795 Performance = 36.3332 Constraint violation = 4.27874e-12
[2026-03-04 08:29:51.495] [cout] [info] time = 0.8 Performance = 34.5606 Constraint violation = 1.26022e-11
[2026-03-04 08:29:51.659] [cout] [info] time = 0.805000 Performance = 32.6003 Constraint violation = 5.21697e-13
[2026-03-04 08:29:51.820] [cout] [info] time = 0.81 Performance = 30.5478 Constraint violation = 6.99645e-13
[2026-03-04 08:29:51.982] [cout] [info] time = 0.815 Performance = 28.4903 Constraint violation = 5.4524e-13
[2026-03-04 08:29:52.143] [cout] [info] time = 0.82 Performance = 26.4948 Constraint violation = 7.33849e-12
[2026-03-04 08:29:52.302] [cout] [info] time = 0.825 Performance = 24.6091 Constraint violation = 1.00233e-12
[2026-03-04 08:29:52.460] [cout] [info] time = 0.83 Performance = 22.8565 Constraint violation = 4.67446e-12
[2026-03-04 08:29:52.621] [cout] [info] time = 0.835 Performance = 21.2492 Constraint violation = 1.51929e-11
[2026-03-04 08:29:52.781] [cout] [info] time = 0.84 Performance = 19.7848 Constraint violation = 1.63529e-12
[2026-03-04 08:29:52.939] [cout] [info] time = 0.845 Performance = 18.4563 Constraint violation = 1.22967e-12
[2026-03-04 08:29:53.104] [cout] [info] time = 0.85 Performance = 17.2552 Constraint violation = 4.73011e-13
[2026-03-04 08:29:53.263] [cout] [info] time = 0.855 Performance = 16.1773 Constraint violation = 1.26731e-12
[2026-03-04 08:29:53.424] [cout] [info] time = 0.86 Performance = 15.2194 Constraint violation = 7.32088e-13
[2026-03-04 08:29:53.580] [cout] [info] time = 0.865 Performance = 14.3747 Constraint violation = 1.86958e-12
[2026-03-04 08:29:53.735] [cout] [info] time = 0.87 Performance = 13.6303 Constraint violation = 1.51884e-12
[2026-03-04 08:29:53.895] [cout] [info] time = 0.875 Performance = 12.9685 Constraint violation = 2.05404e-12
[2026-03-04 08:29:54.056] [cout] [info] time = 0.88 Performance = 12.378 Constraint violation = 7.99998e-13
[2026-03-04 08:29:54.225] [cout] [info] time = 0.885 Performance = 11.8441 Constraint violation = 2.04897e-12
[2026-03-04 08:29:54.393] [cout] [info] time = 0.89 Performance = 11.3612 Constraint violation = 1.06019e-12
[2026-03-04 08:29:54.562] [cout] [info] time = 0.895 Performance = 10.9324 Constraint violation = 1.21279e-11
[2026-03-04 08:29:54.735] [cout] [info] time = 0.9 Performance = 10.5707 Constraint violation = 4.08041e-11
[2026-03-04 08:29:54.908] [cout] [info] time = 0.905000 Performance = 10.2982 Constraint violation = 2.18527e-11
[2026-03-04 08:29:55.082] [cout] [info] time = 0.91 Performance = 10.1432 Constraint violation = 5.59738e-11
[2026-03-04 08:29:55.251] [cout] [info] time = 0.915 Performance = 10.1376 Constraint violation = 6.04958e-11
[2026-03-04 08:29:55.420] [cout] [info] time = 0.92 Performance = 10.3125 Constraint violation = 1.46872e-12
[2026-03-04 08:29:55.587] [cout] [info] time = 0.925 Performance = 10.695 Constraint violation = 1.73888e-12
[2026-03-04 08:29:55.755] [cout] [info] time = 0.93 Performance = 11.3023 Constraint violation = 1.96227e-12
[2026-03-04 08:29:55.928] [cout] [info] time = 0.935 Performance = 12.1339 Constraint violation = 1.25183e-12
[2026-03-04 08:29:56.093] [cout] [info] time = 0.94 Performance = 13.1722 Constraint violation = 2.4817e-12
[2026-03-04 08:29:56.257] [cout] [info] time = 0.945 Performance = 14.3768 Constraint violation = 1.91324e-12
[2026-03-04 08:29:56.424] [cout] [info] time = 0.95 Performance = 15.6873 Constraint violation = 9.56345e-13
[2026-03-04 08:29:56.592] [cout] [info] time = 0.955 Performance = 17.0265 Constraint violation = 3.93479e-12
[2026-03-04 08:29:56.788] [cout] [info] time = 0.96 Performance = 18.3057 Constraint violation = 9.50471e-13
[2026-03-04 08:29:57.031] [cout] [info] time = 0.965 Performance = 19.4318 Constraint violation = 1.97578e-12
[2026-03-04 08:29:57.238] [cout] [info] time = 0.97 Performance = 20.3126 Constraint violation = 2.24904e-12
[2026-03-04 08:29:57.457] [cout] [info] time = 0.975 Performance = 20.8665 Constraint violation = 4.72089e-12
[2026-03-04 08:29:57.658] [cout] [info] time = 0.98 Performance = 21.0356 Constraint violation = 1.29248e-12
[2026-03-04 08:29:57.830] [cout] [info] time = 0.985 Performance = 20.8021 Constraint violation = 3.88388e-12
[2026-03-04 08:29:57.999] [cout] [info] time = 0.99 Performance = 20.2014 Constraint violation = 3.2313e-12
[2026-03-04 08:29:58.171] [cout] [info] time = 0.995 Performance = 19.3264 Constraint violation = 2.56738e-12
[2026-03-04 08:29:58.346] [cout] [info] time = 1.0 Performance = 18.3219 Constraint violation = 9.50935e-13
[2026-03-04 08:29:58.518] [cout] [info] time = 1.00500 Performance = 17.3665 Constraint violation = 3.75591e-12
[2026-03-04 08:29:58.697] [cout] [info] time = 1.01 Performance = 16.6507 Constraint violation = 5.95065e-12
[2026-03-04 08:29:58.875] [cout] [info] time = 1.015 Performance = 16.3477 Constraint violation = 2.38644e-12
[2026-03-04 08:29:59.054] [cout] [info] time = 1.02 Performance = 16.5818 Constraint violation = 4.80189e-12
[2026-03-04 08:29:59.240] [cout] [info] time = 1.025 Performance = 17.4061 Constraint violation = 4.44448e-12
[2026-03-04 08:29:59.418] [cout] [info] time = 1.03 Performance = 18.7947 Constraint violation = 8.68892e-12
[2026-03-04 08:29:59.596] [cout] [info] time = 1.035 Performance = 20.6692 Constraint violation = 5.26179e-12
[2026-03-04 08:29:59.778] [cout] [info] time = 1.04 Performance = 22.9399 Constraint violation = 4.21977e-12
[2026-03-04 08:29:59.957] [cout] [info] time = 1.045 Performance = 25.5471 Constraint violation = 2.93372e-12
[2026-03-04 08:30:00.141] [cout] [info] time = 1.05 Performance = 28.4987 Constraint violation = 2.37478e-12
[2026-03-04 08:30:00.321] [cout] [info] time = 1.055 Performance = 31.8785 Constraint violation = 5.57234e-12
[2026-03-04 08:30:00.504] [cout] [info] time = 1.06 Performance = 35.8109 Constraint violation = 2.20737e-12
[2026-03-04 08:30:00.683] [cout] [info] time = 1.065 Performance = 40.3955 Constraint violation = 1.77243e-11
[2026-03-04 08:30:00.864] [cout] [info] time = 1.07 Performance = 45.6192 Constraint violation = 1.56418e-11
[2026-03-04 08:30:01.045] [cout] [info] time = 1.075 Performance = 51.2808 Constraint violation = 7.6752e-12
[2026-03-04 08:30:01.231] [cout] [info] time = 1.08 Performance = 56.9591 Constraint violation = 9.29869e-12
[2026-03-04 08:30:01.424] [cout] [info] time = 1.085 Performance = 62.0458 Constraint violation = 5.52425e-12
[2026-03-04 08:30:01.658] [cout] [info] time = 1.09 Performance = 65.8458 Constraint violation = 1.04823e-11
[2026-03-04 08:30:01.853] [cout] [info] time = 1.095 Performance = 67.7344 Constraint violation = 2.37751e-12
[2026-03-04 08:30:02.046] [cout] [info] time = 1.1 Performance = 67.3176 Constraint violation = 9.3473e-12
[2026-03-04 08:30:02.242] [cout] [info] time = 1.10500 Performance = 64.5522 Constraint violation = 4.11792e-12
[2026-03-04 08:30:02.425] [cout] [info] time = 1.11 Performance = 59.7539 Constraint violation = 1.23336e-11
[2026-03-04 08:30:02.608] [cout] [info] time = 1.115 Performance = 53.5598 Constraint violation = 7.32652e-12
[2026-03-04 08:30:02.786] [cout] [info] time = 1.12 Performance = 46.7893 Constraint violation = 5.62344e-12
[2026-03-04 08:30:02.972] [cout] [info] time = 1.125 Performance = 40.2663 Constraint violation = 4.09295e-12
[2026-03-04 08:30:03.158] [cout] [info] time = 1.13 Performance = 34.6594 Constraint violation = 4.11245e-12
[2026-03-04 08:30:03.348] [cout] [info] time = 1.135 Performance = 30.3789 Constraint violation = 1.09256e-11
[2026-03-04 08:30:03.533] [cout] [info] time = 1.14 Performance = 27.6692 Constraint violation = 5.48798e-12
[2026-03-04 08:30:05.111] [warning] SimTK Exception thrown at InteriorPointOptimizer.cpp:264:
  Optimizer failed: Ipopt: Maximum iterations exceeded (status -1)
[2026-03-04 08:30:05.111] [warning] OPTIMIZATION FAILED...
[2026-03-04 08:30:05.111] [warning] StaticOptimization.record: The optimizer could not find a solution at time = 1.145.
[2026-03-04 08:30:05.111] [warning] The model appears too weak for static optimization.
Try increasing the strength and/or range of the following force(s):
   bfsh_r approaching upper bound of 1
   edl_r approaching upper bound of 1
   ehl_r approaching upper bound of 1
   iliacus_r approaching upper bound of 1
   perbrev_r approaching upper bound of 1
   perlong_r approaching upper bound of 1
   piri_r approaching upper bound of 1
   psoas_r approaching upper bound of 1
   recfem_r approaching upper bound of 1
   sart_r approaching upper bound of 1
   tfl_r approaching upper bound of 1
   bfsh_l approaching upper bound of 1
   edl_l approaching upper bound of 1
   gaslat_l approaching upper bound of 1
   gasmed_l approaching upper bound of 1
   glmed1_l approaching upper bound of 1
   glmin1_l approaching upper bound of 1
   glmin2_l approaching upper bound of 1
   grac_l approaching upper bound of 1
   iliacus_l approaching upper bound of 1
   perbrev_l approaching upper bound of 1
   perlong_l approaching upper bound of 1
   psoas_l approaching upper bound of 1
   sart_l approaching upper bound of 1
   soleus_l approaching upper bound of 1
   tfl_l approaching upper bound of 1
   hip_flexion_r_reserve approaching upper bound of 1
   hip_adduction_r_reserve approaching lower bound of -1
   hip_rotation_r_reserve approaching lower bound of -1
   knee_angle_r_reserve approaching upper bound of 1
   ankle_angle_r_reserve approaching upper bound of 1
   hip_flexion_l_reserve approaching upper bound of 1
   hip_adduction_l_reserve approaching lower bound of -1
   hip_rotation_l_reserve approaching upper bound of 1
   knee_angle_l_reserve approaching upper bound of 1
   ankle_angle_l_reserve approaching upper bound of 1

[2026-03-04 08:30:05.112] [cout] [info] time = 1.145 Performance = 1470.79 Constraint violation = 5735.12
[2026-03-04 08:30:06.316] [warning] SimTK Exception thrown at InteriorPointOptimizer.cpp:264:
  Optimizer failed: Ipopt: Maximum iterations exceeded (status -1)
[2026-03-04 08:30:06.316] [warning] OPTIMIZATION FAILED...
[2026-03-04 08:30:06.317] [warning] StaticOptimization.record: The optimizer could not find a solution at time = 1.15.
[2026-03-04 08:30:06.317] [warning] The model appears too weak for static optimization.
Try increasing the strength and/or range of the following force(s):
   edl_l approaching upper bound of 1
   gaslat_l approaching upper bound of 1
   gasmed_l approaching upper bound of 1
   perbrev_l approaching upper bound of 1
   perlong_l approaching upper bound of 1
   soleus_l approaching upper bound of 1

[2026-03-04 08:30:06.317] [cout] [info] time = 1.15 Performance = 133.18 Constraint violation = 1783.65
[2026-03-04 08:30:08.481] [warning] SimTK Exception thrown at InteriorPointOptimizer.cpp:264:
  Optimizer failed: Ipopt: Maximum iterations exceeded (status -1)
[2026-03-04 08:30:08.482] [warning] OPTIMIZATION FAILED...
[2026-03-04 08:30:08.482] [warning] StaticOptimization.record: The optimizer could not find a solution at time = 1.155.
[2026-03-04 08:30:08.482] [warning] The model appears too weak for static optimization.
Try increasing the strength and/or range of the following force(s):
   addmagProx_r approaching upper bound of 1
   fdl_r approaching upper bound of 1
   fhl_r approaching upper bound of 1
   recfem_r approaching upper bound of 1
   tibant_r approaching upper bound of 1
   tibpost_r approaching upper bound of 1
   vasint_r approaching upper bound of 1
   vaslat_r approaching upper bound of 1
   vasmed_r approaching upper bound of 1
   addbrev_l approaching upper bound of 1
   addlong_l approaching upper bound of 1
   addmagDist_l approaching upper bound of 1
   addmagIsch_l approaching upper bound of 1
   addmagMid_l approaching upper bound of 1
   addmagProx_l approaching upper bound of 1
   bflh_l approaching upper bound of 1
   edl_l approaching upper bound of 1
   gaslat_l approaching upper bound of 1
   gasmed_l approaching upper bound of 1
   glmax3_l approaching upper bound of 1
   grac_l approaching upper bound of 1
   perbrev_l approaching upper bound of 1
   perlong_l approaching upper bound of 1
   semimem_l approaching upper bound of 1
   semiten_l approaching upper bound of 1
   soleus_l approaching upper bound of 1
   hip_rotation_r_reserve approaching lower bound of -1
   knee_angle_r_reserve approaching lower bound of -1
   ankle_angle_r_reserve approaching upper bound of 1
   hip_flexion_l_reserve approaching upper bound of 1
   hip_adduction_l_reserve approaching upper bound of 1
   hip_rotation_l_reserve approaching lower bound of -1
   knee_angle_l_reserve approaching upper bound of 1
   ankle_angle_l_reserve approaching upper bound of 1

[2026-03-04 08:30:08.482] [cout] [info] time = 1.155 Performance = 399959. Constraint violation = 437644.
[2026-03-04 08:30:09.580] [warning] SimTK Exception thrown at InteriorPointOptimizer.cpp:264:
  Optimizer failed: Ipopt: Maximum iterations exceeded (status -1)
[2026-03-04 08:30:09.581] [warning] OPTIMIZATION FAILED...
[2026-03-04 08:30:09.581] [warning] StaticOptimization.record: The optimizer could not find a solution at time = 1.16.
[2026-03-04 08:30:09.581] [warning] The model appears too weak for static optimization.
Try increasing the strength and/or range of the following force(s):
   addlong_l approaching upper bound of 1
   edl_l approaching upper bound of 1
   gaslat_l approaching upper bound of 1
   gasmed_l approaching upper bound of 1
   perbrev_l approaching upper bound of 1
   perlong_l approaching upper bound of 1
   soleus_l approaching upper bound of 1
   ankle_angle_l_reserve approaching upper bound of 1

[2026-03-04 08:30:09.581] [cout] [info] time = 1.16 Performance = 133.434 Constraint violation = 3845.1
[2026-03-04 08:30:09.586] [info] Printing results of investigation SO to .
[2026-03-04 08:30:09.886] [info] Loaded model Athlete_03_Uhlrich_scaled from file ..\..\..\..\models\Athlete_03_Uhlrich\25_03_31\scaled.osim
[2026-03-04 08:30:10.048] [info] Loaded model Athlete_03_Uhlrich_scaled from file ..\..\..\..\models\Athlete_03_Uhlrich\25_03_31\scaled.osim
[2026-03-04 08:30:10.216] [info] Loaded model Athlete_03_Uhlrich_scaled from file ..\..\..\..\models\Athlete_03_Uhlrich\25_03_31\scaled.osim
[2026-03-04 08:30:10.380] [info] Loaded model Athlete_03_Uhlrich_scaled from file ..\..\..\..\models\Athlete_03_Uhlrich\25_03_31\scaled.osim
[2026-03-04 08:30:10.538] [info] Loaded model Athlete_03_Uhlrich_scaled from file ..\..\..\..\models\Athlete_03_Uhlrich\25_03_31\scaled.osim
[2026-03-04 08:30:10.696] [info] Loaded model Athlete_03_Uhlrich_scaled from file ..\..\..\..\models\Athlete_03_Uhlrich\25_03_31\scaled.osim
[2026-03-04 08:30:10.857] [info] Loaded model Athlete_03_Uhlrich_scaled from file ..\..\..\..\models\Athlete_03_Uhlrich\25_03_31\scaled.osim
[2026-03-04 08:30:10.940] [info] Loaded model Athlete_03_Uhlrich_scaled from file ..\..\..\..\models\Athlete_03_Uhlrich\25_03_31\scaled.osim
[2026-03-04 08:30:11.028] [info] Loaded model Athlete_03_Uhlrich_scaled from file ..\..\..\..\models\Athlete_03_Uhlrich\25_03_31\scaled.osim
[2026-03-04 08:30:11.106] [info] Loaded model Athlete_03_Uhlrich_scaled from file ..\..\..\..\models\Athlete_03_Uhlrich\25_03_31\scaled.osim
[2026-03-04 08:30:11.185] [info] Loaded model Athlete_03_Uhlrich_scaled from file ..\..\..\..\models\Athlete_03_Uhlrich\25_03_31\scaled.osim
[2026-03-04 08:30:11.264] [info] Loaded model Athlete_03_Uhlrich_scaled from file ..\..\..\..\models\Athlete_03_Uhlrich\25_03_31\scaled.osim
[2026-03-04 08:30:11.344] [info] Loaded model Athlete_03_Uhlrich_scaled from file ..\..\..\..\models\Athlete_03_Uhlrich\25_03_31\scaled.osim
[2026-03-04 08:30:11.501] [info] Loaded model Athlete_03_Uhlrich_scaled from file ..\..\..\..\models\Athlete_03_Uhlrich\25_03_31\scaled.osim
[2026-03-04 08:30:12.590] [info] Loaded model Athlete_03_Uhlrich_scaled from file ..\..\..\..\models\Athlete_03_Uhlrich\25_03_31\scaled.osim
[2026-03-04 08:30:12.628] [info] Storage: read data file = joint_angles.mot (nr=219 nc=40)
[2026-03-04 08:30:12.634] [info] Storage: read data file = joint_angles.mot (nr=219 nc=40)
[2026-03-04 08:30:12.663] [info] Loaded model Athlete_03_Uhlrich_scaled from file ..\..\..\..\models\Athlete_03_Uhlrich\25_03_31\scaled.osim
[2026-03-04 08:30:12.725] [info] AbstractTool Analyse loading model ..\..\..\..\models\Athlete_03_Uhlrich\25_03_31\scaled.osim
[2026-03-04 08:30:12.753] [info] Loaded model Athlete_03_Uhlrich_scaled from file ..\..\..\..\models\Athlete_03_Uhlrich\25_03_31\scaled.osim
[2026-03-04 08:30:12.869] [info] Storage: read data file = grf.mot (nr=2460 nc=46)
[2026-03-04 08:30:12.894] [info] ExternalForce::grf_r_2 Data source being set to grf
[2026-03-04 08:30:12.894] [info] ExternalForce::grf_l_3 Data source being set to grf
[2026-03-04 08:30:12.894] [info] ExternalForce::grf_l_4 Data source being set to grf
[2026-03-04 08:30:12.903] [info] Loading coordinates from file 'joint_angles.mot'.
[2026-03-04 08:30:12.903] [info] Storage: read data file = joint_angles.mot (nr=219 nc=40)
[2026-03-04 08:30:12.906] [info] Low-pass filtering coordinates data with a cutoff frequency of 6.0...
[2026-03-04 08:30:13.133] [info] AssemblySolver::track() attempt Failed: SimTK Exception thrown at Assembler.cpp:973:
  Method Assembler::track() failed because:
Unable to achieve required assembly error tolerance.
Assembly error tolerance achieved: 7.7298270688285373e-09 required: 1e-10.
[2026-03-04 08:30:13.138] [error] Model unable to assemble: AssemblySolver::assemble() Failed: SimTK Exception thrown at Assembler.cpp:897:
  Method Assembler::assemble() failed because:
Unable to achieve required assembly error tolerance.
Assembly error tolerance achieved: 7.7298270690316862e-09 required: 1e-10..Model relaxing constraints and trying again.
[2026-03-04 08:30:13.355] [info] Found 437 state vectors with time stamps ranging from -0.475 to 1.70500.
[2026-03-04 08:30:13.355] [info] Executing the analyses from 0.07 to 1.16...
[2026-03-04 08:30:13.357] [info] Loading actuator forces from file SO_StaticOptimization_force.sto.
[2026-03-04 08:30:13.357] [info] Storage: read data file = SO_StaticOptimization_force.sto (nr=219 nc=141)
[2026-03-04 08:30:13.369] [info] Found 140 actuator forces with time stamps ranging from 0.07to 1.16.
[2026-03-04 08:30:13.369] [warning] The forces file contains actuators that are not in the model's actuator set.
[2026-03-04 08:30:13.369] [warning] Ignoring fiber lengths and activations from the states since forces_file is also set. Actuator forces will be constructed from SO_StaticOptimization_force.sto.
[2026-03-04 08:30:13.941] [info] Printing results of investigation Analyse to .
[2026-03-04 08:30:13.996] [info] Loaded model Athlete_03_Uhlrich_scaled from file ..\..\..\..\models\Athlete_03_Uhlrich\25_03_31\scaled.osim
[2026-03-04 08:30:14.708] [info] Loaded model Athlete_03_Uhlrich_scaled from file ..\..\..\..\models\Athlete_03_Uhlrich\25_03_31\scaled.osim
[2026-03-04 08:30:14.746] [info] Storage: read data file = joint_angles.mot (nr=219 nc=40)
[2026-03-04 08:30:14.751] [info] Storage: read data file = joint_angles.mot (nr=219 nc=40)
[2026-03-04 08:30:14.785] [info] Loaded model Athlete_03_Uhlrich_scaled from file ..\..\..\..\models\Athlete_03_Uhlrich\25_03_31\scaled.osim
[2026-03-04 08:30:14.846] [info] AbstractTool Analyse loading model ..\..\..\..\models\Athlete_03_Uhlrich\25_03_31\scaled.osim
[2026-03-04 08:30:14.872] [info] Loaded model Athlete_03_Uhlrich_scaled from file ..\..\..\..\models\Athlete_03_Uhlrich\25_03_31\scaled.osim
[2026-03-04 08:30:14.989] [info] Storage: read data file = grf.mot (nr=2460 nc=46)
[2026-03-04 08:30:15.014] [info] ExternalForce::grf_r_2 Data source being set to grf
[2026-03-04 08:30:15.014] [info] ExternalForce::grf_l_3 Data source being set to grf
[2026-03-04 08:30:15.014] [info] ExternalForce::grf_l_4 Data source being set to grf
[2026-03-04 08:30:15.021] [info] Loading coordinates from file 'joint_angles.mot'.
[2026-03-04 08:30:15.022] [info] Storage: read data file = joint_angles.mot (nr=219 nc=40)
[2026-03-04 08:30:15.025] [info] Low-pass filtering coordinates data with a cutoff frequency of 6.0...
[2026-03-04 08:30:15.254] [info] AssemblySolver::track() attempt Failed: SimTK Exception thrown at Assembler.cpp:973:
  Method Assembler::track() failed because:
Unable to achieve required assembly error tolerance.
Assembly error tolerance achieved: 7.7298270688285373e-09 required: 1e-10.
[2026-03-04 08:30:15.259] [error] Model unable to assemble: AssemblySolver::assemble() Failed: SimTK Exception thrown at Assembler.cpp:897:
  Method Assembler::assemble() failed because:
Unable to achieve required assembly error tolerance.
Assembly error tolerance achieved: 7.7298270690316862e-09 required: 1e-10..Model relaxing constraints and trying again.
[2026-03-04 08:30:15.470] [info] Found 437 state vectors with time stamps ranging from -0.475 to 1.70500.
[2026-03-04 08:30:15.470] [info] Executing the analyses from 0.07 to 1.16...
[2026-03-04 08:30:15.471] [info] Loading actuator forces from file Execution_a10_b1_g1000\MuscleForces.sto.
[2026-03-04 08:30:15.471] [error] IO.OpenInputFile(const string&,openmode mode): failed to open Execution_a10_b1_g1000\MuscleForces.sto.
[2026-03-04 08:30:15.526] [info] Loaded model Athlete_03_Uhlrich_scaled from file ..\..\..\..\models\Athlete_03_Uhlrich\25_03_31\scaled.osim
[2026-03-04 08:30:15.722] [info] Loaded model Athlete_03_Uhlrich_scaled from file ..\..\..\..\models\Athlete_03_Uhlrich\25_03_31\scaled.osim
[2026-03-04 08:30:15.908] [info] Loaded model Athlete_03_Uhlrich_scaled from file ..\..\..\..\models\Athlete_03_Uhlrich\25_03_31\scaled.osim
[2026-03-04 08:30:16.015] [info] Loaded model Athlete_03_Uhlrich_scaled from file ..\..\..\..\models\Athlete_03_Uhlrich\25_03_31\scaled.osim
[2026-03-04 08:30:16.177] [info] Loaded model Athlete_03_Uhlrich_scaled from file ..\..\..\..\models\Athlete_03_Uhlrich\25_03_31\scaled.osim
[2026-03-04 08:30:16.252] [cout] [info] 
               MODEL: Athlete_03_Uhlrich_scaled
         coordinates: 39
              forces: 97
           actuators: 97
             muscles: 80
            analyses: 0
              probes: 0
              bodies: 22
              joints: 22
         constraints: 2
             markers: 46
         controllers: 0
  contact geometries: 0
misc modelcomponents: 0
[2026-03-04 08:30:16.252] [info] Running tool .
[2026-03-04 08:30:16.528] [info] Frame 1 (t = 0.00500000):	 total squared error = 0.000392629, marker error: RMS = 0.00388601, max = 0.00898549 (LTH2)
[2026-03-04 08:30:16.581] [info] Frame 2 (t = 0.01):	 total squared error = 0.000392189, marker error: RMS = 0.00388384, max = 0.00901140 (LTH2)
[2026-03-04 08:30:16.600] [info] Frame 3 (t = 0.015):	 total squared error = 0.000396680, marker error: RMS = 0.00390601, max = 0.00909579 (LTH2)
[2026-03-04 08:30:16.624] [info] Frame 4 (t = 0.02):	 total squared error = 0.000397793, marker error: RMS = 0.00391149, max = 0.00909150 (LTH2)
[2026-03-04 08:30:16.642] [info] Frame 5 (t = 0.025):	 total squared error = 0.000402987, marker error: RMS = 0.00393694, max = 0.00916177 (LTH2)
[2026-03-04 08:30:16.658] [info] Frame 6 (t = 0.03):	 total squared error = 0.000404517, marker error: RMS = 0.00394441, max = 0.00916807 (LTH2)
[2026-03-04 08:30:16.688] [info] Frame 7 (t = 0.035):	 total squared error = 0.000407804, marker error: RMS = 0.00396040, max = 0.00914956 (LTH2)
[2026-03-04 08:30:16.707] [info] Frame 8 (t = 0.04):	 total squared error = 0.000410537, marker error: RMS = 0.00397365, max = 0.00921876 (LTH2)
[2026-03-04 08:30:16.724] [info] Frame 9 (t = 0.045):	 total squared error = 0.000414728, marker error: RMS = 0.00399388, max = 0.00926400 (LTH2)
[2026-03-04 08:30:16.747] [info] Frame 10 (t = 0.05):	 total squared error = 0.000421885, marker error: RMS = 0.00402819, max = 0.00941952 (LTH2)
[2026-03-04 08:30:16.763] [info] Frame 11 (t = 0.055):	 total squared error = 0.000425876, marker error: RMS = 0.00404720, max = 0.00940084 (LTH2)
[2026-03-04 08:30:16.781] [info] Frame 12 (t = 0.06):	 total squared error = 0.000433686, marker error: RMS = 0.00408414, max = 0.00946830 (LTH2)
[2026-03-04 08:30:16.809] [info] Frame 13 (t = 0.065):	 total squared error = 0.000438948, marker error: RMS = 0.00410885, max = 0.00953585 (LTH2)
[2026-03-04 08:30:16.833] [info] Frame 14 (t = 0.07):	 total squared error = 0.000446359, marker error: RMS = 0.00414339, max = 0.00962287 (LTH2)
[2026-03-04 08:30:16.848] [info] Frame 15 (t = 0.075):	 total squared error = 0.000457203, marker error: RMS = 0.00419341, max = 0.00971482 (LTH2)
[2026-03-04 08:30:16.876] [info] Frame 16 (t = 0.08):	 total squared error = 0.000465791, marker error: RMS = 0.00423262, max = 0.00972577 (LTH2)
[2026-03-04 08:30:16.894] [info] Frame 17 (t = 0.085):	 total squared error = 0.000476477, marker error: RMS = 0.00428089, max = 0.00977250 (LTH2)
[2026-03-04 08:30:16.922] [info] Frame 18 (t = 0.09):	 total squared error = 0.000487558, marker error: RMS = 0.00433038, max = 0.00989951 (LTH2)
[2026-03-04 08:30:16.949] [info] Frame 19 (t = 0.095):	 total squared error = 0.000501237, marker error: RMS = 0.00439071, max = 0.0100432 (LTH2)
[2026-03-04 08:30:16.963] [info] Frame 20 (t = 0.1):	 total squared error = 0.000513503, marker error: RMS = 0.00444411, max = 0.0101204 (LTH2)
[2026-03-04 08:30:16.985] [info] Frame 21 (t = 0.105000):	 total squared error = 0.000528519, marker error: RMS = 0.00450862, max = 0.0102780 (LTH2)
[2026-03-04 08:30:17.012] [info] Frame 22 (t = 0.11):	 total squared error = 0.000544138, marker error: RMS = 0.00457475, max = 0.0103381 (LTH2)
[2026-03-04 08:30:17.027] [info] Frame 23 (t = 0.115):	 total squared error = 0.000560944, marker error: RMS = 0.00464487, max = 0.0104644 (LTH2)
[2026-03-04 08:30:17.057] [info] Frame 24 (t = 0.12):	 total squared error = 0.000578105, marker error: RMS = 0.00471538, max = 0.0106135 (LTH2)
[2026-03-04 08:30:17.070] [info] Frame 25 (t = 0.125):	 total squared error = 0.000596742, marker error: RMS = 0.00479079, max = 0.0107320 (LTH2)
[2026-03-04 08:30:17.087] [info] Frame 26 (t = 0.13):	 total squared error = 0.000616559, marker error: RMS = 0.00486968, max = 0.0108418 (LTH2)
[2026-03-04 08:30:17.106] [info] Frame 27 (t = 0.135):	 total squared error = 0.000639449, marker error: RMS = 0.00495925, max = 0.0109836 (LTH2)
[2026-03-04 08:30:17.132] [info] Frame 28 (t = 0.14):	 total squared error = 0.000662279, marker error: RMS = 0.00504700, max = 0.0112010 (LTH2)
[2026-03-04 08:30:17.144] [info] Frame 29 (t = 0.145):	 total squared error = 0.000687532, marker error: RMS = 0.00514233, max = 0.0113392 (LTH2)
[2026-03-04 08:30:17.160] [info] Frame 30 (t = 0.15):	 total squared error = 0.000712060, marker error: RMS = 0.00523325, max = 0.0113757 (LTH2)
[2026-03-04 08:30:17.175] [info] Frame 31 (t = 0.155):	 total squared error = 0.000739185, marker error: RMS = 0.00533200, max = 0.0115055 (LTH2)
[2026-03-04 08:30:17.193] [info] Frame 32 (t = 0.16):	 total squared error = 0.000768028, marker error: RMS = 0.00543503, max = 0.0116008 (LTH2)
[2026-03-04 08:30:17.209] [info] Frame 33 (t = 0.165):	 total squared error = 0.000798267, marker error: RMS = 0.00554099, max = 0.0117358 (LTH2)
[2026-03-04 08:30:17.223] [info] Frame 34 (t = 0.17):	 total squared error = 0.000834145, marker error: RMS = 0.00566414, max = 0.0118752 (LTH2)
[2026-03-04 08:30:17.235] [info] Frame 35 (t = 0.175):	 total squared error = 0.000864313, marker error: RMS = 0.00576566, max = 0.0119861 (LTH2)
[2026-03-04 08:30:17.251] [info] Frame 36 (t = 0.18):	 total squared error = 0.000899388, marker error: RMS = 0.00588148, max = 0.0120927 (LTH2)
[2026-03-04 08:30:17.266] [info] Frame 37 (t = 0.185):	 total squared error = 0.000935094, marker error: RMS = 0.00599710, max = 0.0122219 (LTH2)
[2026-03-04 08:30:17.282] [info] Frame 38 (t = 0.19):	 total squared error = 0.000974230, marker error: RMS = 0.00612131, max = 0.0123657 (LTH2)
[2026-03-04 08:30:17.305] [info] Frame 39 (t = 0.195):	 total squared error = 0.00101215, marker error: RMS = 0.00623930, max = 0.0124833 (LTH2)
[2026-03-04 08:30:17.321] [info] Frame 40 (t = 0.2):	 total squared error = 0.00105432, marker error: RMS = 0.00636794, max = 0.0125988 (LTH2)
[2026-03-04 08:30:17.339] [info] Frame 41 (t = 0.205000):	 total squared error = 0.00109685, marker error: RMS = 0.00649513, max = 0.0126833 (LTH2)
[2026-03-04 08:30:17.355] [info] Frame 42 (t = 0.21):	 total squared error = 0.00114105, marker error: RMS = 0.00662470, max = 0.0127928 (LTH2)
[2026-03-04 08:30:17.372] [info] Frame 43 (t = 0.215):	 total squared error = 0.00118092, marker error: RMS = 0.00673943, max = 0.012825 (LTH2)
[2026-03-04 08:30:17.388] [info] Frame 44 (t = 0.22):	 total squared error = 0.00122326, marker error: RMS = 0.00685920, max = 0.0128766 (LTH2)
[2026-03-04 08:30:17.406] [info] Frame 45 (t = 0.225):	 total squared error = 0.00126554, marker error: RMS = 0.00697672, max = 0.0128367 (LTH2)
[2026-03-04 08:30:17.423] [info] Frame 46 (t = 0.23):	 total squared error = 0.00130528, marker error: RMS = 0.00708541, max = 0.0128644 (LTH2)
[2026-03-04 08:30:17.444] [info] Frame 47 (t = 0.235):	 total squared error = 0.00134198, marker error: RMS = 0.00718434, max = 0.0129316 (LTH2)
[2026-03-04 08:30:17.465] [info] Frame 48 (t = 0.24):	 total squared error = 0.00137868, marker error: RMS = 0.00728191, max = 0.0129166 (LTH2)
[2026-03-04 08:30:17.489] [info] Frame 49 (t = 0.245):	 total squared error = 0.00141309, marker error: RMS = 0.00737222, max = 0.0128334 (LTH2)
[2026-03-04 08:30:17.511] [info] Frame 50 (t = 0.25):	 total squared error = 0.00144499, marker error: RMS = 0.00745496, max = 0.0127166 (LTH2)
[2026-03-04 08:30:17.533] [info] Frame 51 (t = 0.255):	 total squared error = 0.00147477, marker error: RMS = 0.00753139, max = 0.0127316 (C7)
[2026-03-04 08:30:17.554] [info] Frame 52 (t = 0.26):	 total squared error = 0.00150100, marker error: RMS = 0.00759808, max = 0.0129401 (C7)
[2026-03-04 08:30:17.575] [info] Frame 53 (t = 0.265):	 total squared error = 0.00152509, marker error: RMS = 0.00765880, max = 0.0131394 (C7)
[2026-03-04 08:30:17.591] [info] Frame 54 (t = 0.27):	 total squared error = 0.00154902, marker error: RMS = 0.00771867, max = 0.013257 (C7)
[2026-03-04 08:30:17.608] [info] Frame 55 (t = 0.275):	 total squared error = 0.00156789, marker error: RMS = 0.00776553, max = 0.0135056 (C7)
[2026-03-04 08:30:17.629] [info] Frame 56 (t = 0.28):	 total squared error = 0.00158569, marker error: RMS = 0.00780949, max = 0.013754 (C7)
[2026-03-04 08:30:17.645] [info] Frame 57 (t = 0.285):	 total squared error = 0.00160345, marker error: RMS = 0.00785311, max = 0.0139495 (C7)
[2026-03-04 08:30:17.661] [info] Frame 58 (t = 0.29):	 total squared error = 0.00162009, marker error: RMS = 0.00789374, max = 0.0141256 (C7)
[2026-03-04 08:30:17.678] [info] Frame 59 (t = 0.295):	 total squared error = 0.00163560, marker error: RMS = 0.00793143, max = 0.0143403 (C7)
[2026-03-04 08:30:17.693] [info] Frame 60 (t = 0.3):	 total squared error = 0.00165186, marker error: RMS = 0.00797077, max = 0.0145204 (C7)
[2026-03-04 08:30:17.715] [info] Frame 61 (t = 0.305000):	 total squared error = 0.00166460, marker error: RMS = 0.00800143, max = 0.0148561 (C7)
[2026-03-04 08:30:17.729] [info] Frame 62 (t = 0.31):	 total squared error = 0.00168251, marker error: RMS = 0.00804436, max = 0.0149884 (C7)
[2026-03-04 08:30:17.743] [info] Frame 63 (t = 0.315):	 total squared error = 0.00169750, marker error: RMS = 0.00808013, max = 0.015246 (C7)
[2026-03-04 08:30:17.756] [info] Frame 64 (t = 0.32):	 total squared error = 0.00171766, marker error: RMS = 0.00812797, max = 0.0153664 (C7)
[2026-03-04 08:30:17.771] [info] Frame 65 (t = 0.325):	 total squared error = 0.00173600, marker error: RMS = 0.00817124, max = 0.0155206 (C7)
[2026-03-04 08:30:17.786] [info] Frame 66 (t = 0.33):	 total squared error = 0.00175099, marker error: RMS = 0.00820645, max = 0.0158104 (C7)
[2026-03-04 08:30:17.801] [info] Frame 67 (t = 0.335):	 total squared error = 0.00177029, marker error: RMS = 0.00825156, max = 0.0160059 (C7)
[2026-03-04 08:30:17.822] [info] Frame 68 (t = 0.34):	 total squared error = 0.00179053, marker error: RMS = 0.00829860, max = 0.0162613 (C7)
[2026-03-04 08:30:17.844] [info] Frame 69 (t = 0.345):	 total squared error = 0.00181243, marker error: RMS = 0.00834917, max = 0.0164286 (C7)
[2026-03-04 08:30:17.859] [info] Frame 70 (t = 0.35):	 total squared error = 0.00183634, marker error: RMS = 0.00840408, max = 0.0165803 (C7)
[2026-03-04 08:30:17.875] [info] Frame 71 (t = 0.355):	 total squared error = 0.00185954, marker error: RMS = 0.00845699, max = 0.0167602 (C7)
[2026-03-04 08:30:17.892] [info] Frame 72 (t = 0.36):	 total squared error = 0.00188303, marker error: RMS = 0.00851025, max = 0.0169144 (C7)
[2026-03-04 08:30:17.907] [info] Frame 73 (t = 0.365):	 total squared error = 0.00190899, marker error: RMS = 0.00856871, max = 0.0170933 (C7)
[2026-03-04 08:30:17.921] [info] Frame 74 (t = 0.37):	 total squared error = 0.00193554, marker error: RMS = 0.00862808, max = 0.0172503 (C7)
[2026-03-04 08:30:17.935] [info] Frame 75 (t = 0.375):	 total squared error = 0.00196268, marker error: RMS = 0.00868836, max = 0.0173964 (C7)
[2026-03-04 08:30:17.948] [info] Frame 76 (t = 0.38):	 total squared error = 0.00199113, marker error: RMS = 0.00875111, max = 0.0175565 (C7)
[2026-03-04 08:30:17.962] [info] Frame 77 (t = 0.385):	 total squared error = 0.00201990, marker error: RMS = 0.00881411, max = 0.0177051 (C7)
[2026-03-04 08:30:17.976] [info] Frame 78 (t = 0.39):	 total squared error = 0.00205215, marker error: RMS = 0.00888418, max = 0.0178671 (C7)
[2026-03-04 08:30:17.988] [info] Frame 79 (t = 0.395):	 total squared error = 0.00208823, marker error: RMS = 0.00896196, max = 0.017995 (C7)
[2026-03-04 08:30:18.002] [info] Frame 80 (t = 0.4):	 total squared error = 0.00211995, marker error: RMS = 0.00902976, max = 0.0181038 (C7)
[2026-03-04 08:30:18.016] [info] Frame 81 (t = 0.405000):	 total squared error = 0.00215326, marker error: RMS = 0.00910042, max = 0.0182618 (C7)
[2026-03-04 08:30:18.029] [info] Frame 82 (t = 0.41):	 total squared error = 0.00218881, marker error: RMS = 0.00917523, max = 0.0184015 (C7)
[2026-03-04 08:30:18.044] [info] Frame 83 (t = 0.415):	 total squared error = 0.00222595, marker error: RMS = 0.00925276, max = 0.0185495 (C7)
[2026-03-04 08:30:18.059] [info] Frame 84 (t = 0.42):	 total squared error = 0.00226462, marker error: RMS = 0.00933278, max = 0.0186754 (C7)
[2026-03-04 08:30:18.072] [info] Frame 85 (t = 0.425):	 total squared error = 0.00230834, marker error: RMS = 0.00942243, max = 0.0188696 (C7)
[2026-03-04 08:30:18.086] [info] Frame 86 (t = 0.43):	 total squared error = 0.00234370, marker error: RMS = 0.00949433, max = 0.0188844 (C7)
[2026-03-04 08:30:18.102] [info] Frame 87 (t = 0.435):	 total squared error = 0.00238309, marker error: RMS = 0.00957378, max = 0.0190280 (C7)
[2026-03-04 08:30:18.112] [info] Frame 88 (t = 0.44):	 total squared error = 0.00242425, marker error: RMS = 0.00965611, max = 0.0190650 (C7)
[2026-03-04 08:30:18.129] [info] Frame 89 (t = 0.445):	 total squared error = 0.00246299, marker error: RMS = 0.00973296, max = 0.0192868 (C7)
[2026-03-04 08:30:18.140] [info] Frame 90 (t = 0.45):	 total squared error = 0.00250415, marker error: RMS = 0.00981395, max = 0.0193288 (C7)
[2026-03-04 08:30:18.151] [info] Frame 91 (t = 0.455):	 total squared error = 0.00254237, marker error: RMS = 0.00988856, max = 0.0194001 (C7)
[2026-03-04 08:30:18.159] [info] Frame 92 (t = 0.46):	 total squared error = 0.00258647, marker error: RMS = 0.00997394, max = 0.0191524 (C7)
[2026-03-04 08:30:18.173] [info] Frame 93 (t = 0.465):	 total squared error = 0.00261623, marker error: RMS = 0.0100312, max = 0.0197594 (C7)
[2026-03-04 08:30:18.184] [info] Frame 94 (t = 0.47):	 total squared error = 0.00265371, marker error: RMS = 0.0101028, max = 0.0196252 (C7)
[2026-03-04 08:30:18.199] [info] Frame 95 (t = 0.475):	 total squared error = 0.00268524, marker error: RMS = 0.0101626, max = 0.0199223 (C7)
[2026-03-04 08:30:18.209] [info] Frame 96 (t = 0.48):	 total squared error = 0.00271941, marker error: RMS = 0.0102271, max = 0.0198536 (C7)
[2026-03-04 08:30:18.222] [info] Frame 97 (t = 0.485):	 total squared error = 0.00275008, marker error: RMS = 0.0102846, max = 0.019953 (C7)
[2026-03-04 08:30:18.235] [info] Frame 98 (t = 0.49):	 total squared error = 0.00277953, marker error: RMS = 0.0103395, max = 0.0199815 (C7)
[2026-03-04 08:30:18.245] [info] Frame 99 (t = 0.495):	 total squared error = 0.00280580, marker error: RMS = 0.0103882, max = 0.0200465 (C7)
[2026-03-04 08:30:18.256] [info] Frame 100 (t = 0.5):	 total squared error = 0.00283171, marker error: RMS = 0.0104361, max = 0.0200881 (C7)
[2026-03-04 08:30:18.269] [info] Frame 101 (t = 0.505000):	 total squared error = 0.00285603, marker error: RMS = 0.0104808, max = 0.0201760 (C7)
[2026-03-04 08:30:18.282] [info] Frame 102 (t = 0.51):	 total squared error = 0.00287628, marker error: RMS = 0.0105179, max = 0.0203336 (C7)
[2026-03-04 08:30:18.292] [info] Frame 103 (t = 0.515):	 total squared error = 0.00289881, marker error: RMS = 0.0105590, max = 0.0203259 (C7)
[2026-03-04 08:30:18.306] [info] Frame 104 (t = 0.52):	 total squared error = 0.00291794, marker error: RMS = 0.0105938, max = 0.0205850 (C7)
[2026-03-04 08:30:18.317] [info] Frame 105 (t = 0.525):	 total squared error = 0.00294015, marker error: RMS = 0.0106340, max = 0.0204740 (C7)
[2026-03-04 08:30:18.330] [info] Frame 106 (t = 0.53):	 total squared error = 0.00295953, marker error: RMS = 0.0106690, max = 0.0206426 (C7)
[2026-03-04 08:30:18.341] [info] Frame 107 (t = 0.535):	 total squared error = 0.00298220, marker error: RMS = 0.0107098, max = 0.0205375 (C7)
[2026-03-04 08:30:18.358] [info] Frame 108 (t = 0.54):	 total squared error = 0.00300275, marker error: RMS = 0.0107466, max = 0.0207677 (C7)
[2026-03-04 08:30:18.376] [info] Frame 109 (t = 0.545):	 total squared error = 0.00302564, marker error: RMS = 0.0107875, max = 0.0208622 (C7)
[2026-03-04 08:30:18.390] [info] Frame 110 (t = 0.55):	 total squared error = 0.00305166, marker error: RMS = 0.0108338, max = 0.0209295 (C7)
[2026-03-04 08:30:18.400] [info] Frame 111 (t = 0.555):	 total squared error = 0.00307582, marker error: RMS = 0.0108766, max = 0.0208324 (C7)
[2026-03-04 08:30:18.410] [info] Frame 112 (t = 0.56):	 total squared error = 0.00310214, marker error: RMS = 0.0109230, max = 0.0208560 (SACROL)
[2026-03-04 08:30:18.423] [info] Frame 113 (t = 0.565):	 total squared error = 0.00312545, marker error: RMS = 0.0109640, max = 0.021275 (SACROL)
[2026-03-04 08:30:18.439] [info] Frame 114 (t = 0.57):	 total squared error = 0.00315363, marker error: RMS = 0.0110133, max = 0.0214428 (SACROL)
[2026-03-04 08:30:18.455] [info] Frame 115 (t = 0.575):	 total squared error = 0.00318342, marker error: RMS = 0.0110652, max = 0.0215667 (SACROL)
[2026-03-04 08:30:18.467] [info] Frame 116 (t = 0.58):	 total squared error = 0.00321567, marker error: RMS = 0.0111211, max = 0.0215724 (SACROL)
[2026-03-04 08:30:18.476] [info] Frame 117 (t = 0.585):	 total squared error = 0.00324984, marker error: RMS = 0.0111801, max = 0.0216117 (SACROL)
[2026-03-04 08:30:18.495] [info] Frame 118 (t = 0.59):	 total squared error = 0.00328204, marker error: RMS = 0.0112353, max = 0.0219796 (SACROL)
[2026-03-04 08:30:18.511] [info] Frame 119 (t = 0.595):	 total squared error = 0.00331748, marker error: RMS = 0.0112958, max = 0.0221455 (SACROL)
[2026-03-04 08:30:18.520] [info] Frame 120 (t = 0.6):	 total squared error = 0.00335648, marker error: RMS = 0.011362, max = 0.0221726 (SACROL)
[2026-03-04 08:30:18.535] [info] Frame 121 (t = 0.605000):	 total squared error = 0.00339391, marker error: RMS = 0.0114252, max = 0.0224151 (SACROL)
[2026-03-04 08:30:18.545] [info] Frame 122 (t = 0.61):	 total squared error = 0.00343518, marker error: RMS = 0.0114944, max = 0.0224375 (SACROL)
[2026-03-04 08:30:18.555] [info] Frame 123 (t = 0.615):	 total squared error = 0.00347801, marker error: RMS = 0.0115659, max = 0.0225058 (SACROL)
[2026-03-04 08:30:18.569] [info] Frame 124 (t = 0.62):	 total squared error = 0.00351871, marker error: RMS = 0.0116334, max = 0.0228891 (SACROL)
[2026-03-04 08:30:18.585] [info] Frame 125 (t = 0.625):	 total squared error = 0.00356297, marker error: RMS = 0.0117063, max = 0.0230823 (SACROL)
[2026-03-04 08:30:18.595] [info] Frame 126 (t = 0.63):	 total squared error = 0.00360928, marker error: RMS = 0.0117821, max = 0.0230939 (SACROL)
[2026-03-04 08:30:18.612] [info] Frame 127 (t = 0.635):	 total squared error = 0.00365458, marker error: RMS = 0.0118558, max = 0.0233933 (SACROL)
[2026-03-04 08:30:18.622] [info] Frame 128 (t = 0.64):	 total squared error = 0.00370282, marker error: RMS = 0.0119338, max = 0.0234257 (SACROL)
[2026-03-04 08:30:18.638] [info] Frame 129 (t = 0.645):	 total squared error = 0.00374885, marker error: RMS = 0.0120078, max = 0.0237223 (SACROL)
[2026-03-04 08:30:18.648] [info] Frame 130 (t = 0.65):	 total squared error = 0.00379860, marker error: RMS = 0.0120872, max = 0.0236684 (SACROL)
[2026-03-04 08:30:18.663] [info] Frame 131 (t = 0.655):	 total squared error = 0.00384491, marker error: RMS = 0.0121606, max = 0.0240897 (SACROL)
[2026-03-04 08:30:18.673] [info] Frame 132 (t = 0.66):	 total squared error = 0.00389444, marker error: RMS = 0.0122387, max = 0.0240999 (SACROL)
[2026-03-04 08:30:18.683] [info] Frame 133 (t = 0.665):	 total squared error = 0.00394338, marker error: RMS = 0.0123154, max = 0.0242009 (SACROL)
[2026-03-04 08:30:18.698] [info] Frame 134 (t = 0.67):	 total squared error = 0.00398732, marker error: RMS = 0.0123838, max = 0.0245996 (SACROL)
[2026-03-04 08:30:18.711] [info] Frame 135 (t = 0.675):	 total squared error = 0.00403365, marker error: RMS = 0.0124555, max = 0.0247236 (SACROL)
[2026-03-04 08:30:18.720] [info] Frame 136 (t = 0.68):	 total squared error = 0.00408039, marker error: RMS = 0.0125275, max = 0.024763 (SACROL)
[2026-03-04 08:30:18.736] [info] Frame 137 (t = 0.685):	 total squared error = 0.00412315, marker error: RMS = 0.012593, max = 0.0250904 (SACROL)
[2026-03-04 08:30:18.745] [info] Frame 138 (t = 0.69):	 total squared error = 0.00416762, marker error: RMS = 0.0126607, max = 0.0251296 (SACROL)
[2026-03-04 08:30:18.763] [info] Frame 139 (t = 0.695):	 total squared error = 0.00420768, marker error: RMS = 0.0127214, max = 0.0253758 (SACROL)
[2026-03-04 08:30:18.773] [info] Frame 140 (t = 0.7):	 total squared error = 0.00424894, marker error: RMS = 0.0127836, max = 0.0253744 (SACROL)
[2026-03-04 08:30:18.785] [info] Frame 141 (t = 0.705000):	 total squared error = 0.00428907, marker error: RMS = 0.0128438, max = 0.025447 (SACROL)
[2026-03-04 08:30:18.797] [info] Frame 142 (t = 0.71):	 total squared error = 0.00432378, marker error: RMS = 0.0128957, max = 0.0257144 (SACROL)
[2026-03-04 08:30:18.810] [info] Frame 143 (t = 0.715):	 total squared error = 0.00435877, marker error: RMS = 0.0129478, max = 0.025945 (SACROL)
[2026-03-04 08:30:18.820] [info] Frame 144 (t = 0.72):	 total squared error = 0.00439438, marker error: RMS = 0.0130006, max = 0.0259076 (SACROL)
[2026-03-04 08:30:18.830] [info] Frame 145 (t = 0.725):	 total squared error = 0.00442854, marker error: RMS = 0.0130510, max = 0.0260099 (SACROL)
[2026-03-04 08:30:18.846] [info] Frame 146 (t = 0.73):	 total squared error = 0.00445678, marker error: RMS = 0.0130925, max = 0.026334 (SACROL)
[2026-03-04 08:30:18.855] [info] Frame 147 (t = 0.735):	 total squared error = 0.00448787, marker error: RMS = 0.0131381, max = 0.0262915 (SACROL)
[2026-03-04 08:30:18.869] [info] Frame 148 (t = 0.74):	 total squared error = 0.00451491, marker error: RMS = 0.0131776, max = 0.0265536 (SACROL)
[2026-03-04 08:30:18.877] [info] Frame 149 (t = 0.745):	 total squared error = 0.00454456, marker error: RMS = 0.0132209, max = 0.0265326 (SACROL)
[2026-03-04 08:30:18.886] [info] Frame 150 (t = 0.75):	 total squared error = 0.00457371, marker error: RMS = 0.0132632, max = 0.0265499 (SACROL)
[2026-03-04 08:30:18.902] [info] Frame 151 (t = 0.755):	 total squared error = 0.00459648, marker error: RMS = 0.0132962, max = 0.0268598 (SACROL)
[2026-03-04 08:30:18.910] [info] Frame 152 (t = 0.76):	 total squared error = 0.00462581, marker error: RMS = 0.0133385, max = 0.0268089 (SACROL)
[2026-03-04 08:30:18.924] [info] Frame 153 (t = 0.765):	 total squared error = 0.00465139, marker error: RMS = 0.0133753, max = 0.0270412 (SACROL)
[2026-03-04 08:30:18.933] [info] Frame 154 (t = 0.77):	 total squared error = 0.00468273, marker error: RMS = 0.0134203, max = 0.0270032 (SACROL)
[2026-03-04 08:30:18.948] [info] Frame 155 (t = 0.775):	 total squared error = 0.00471184, marker error: RMS = 0.013462, max = 0.0271761 (SACROL)
[2026-03-04 08:30:18.962] [info] Frame 156 (t = 0.78):	 total squared error = 0.00474450, marker error: RMS = 0.0135085, max = 0.0272919 (SACROL)
[2026-03-04 08:30:18.975] [info] Frame 157 (t = 0.785):	 total squared error = 0.00478147, marker error: RMS = 0.0135611, max = 0.0273626 (SACROL)
[2026-03-04 08:30:18.990] [info] Frame 158 (t = 0.79):	 total squared error = 0.00482102, marker error: RMS = 0.013617, max = 0.027467 (SACROL)
[2026-03-04 08:30:19.006] [info] Frame 159 (t = 0.795):	 total squared error = 0.00486406, marker error: RMS = 0.0136777, max = 0.0276084 (SACROL)
[2026-03-04 08:30:19.022] [info] Frame 160 (t = 0.8):	 total squared error = 0.00491194, marker error: RMS = 0.0137448, max = 0.0276741 (SACROL)
[2026-03-04 08:30:19.038] [info] Frame 161 (t = 0.805000):	 total squared error = 0.00496298, marker error: RMS = 0.0138161, max = 0.0278201 (SACROL)
[2026-03-04 08:30:19.054] [info] Frame 162 (t = 0.81):	 total squared error = 0.00501843, marker error: RMS = 0.013893, max = 0.0279342 (SACROL)
[2026-03-04 08:30:19.066] [info] Frame 163 (t = 0.815):	 total squared error = 0.00508308, marker error: RMS = 0.0139822, max = 0.0278689 (SACROL)
[2026-03-04 08:30:19.082] [info] Frame 164 (t = 0.82):	 total squared error = 0.00514081, marker error: RMS = 0.0140614, max = 0.0281817 (SACROL)
[2026-03-04 08:30:19.095] [info] Frame 165 (t = 0.825):	 total squared error = 0.00520968, marker error: RMS = 0.0141553, max = 0.0282333 (SACROL)
[2026-03-04 08:30:19.110] [info] Frame 166 (t = 0.83):	 total squared error = 0.00527806, marker error: RMS = 0.0142479, max = 0.0284085 (SACROL)
[2026-03-04 08:30:19.128] [info] Frame 167 (t = 0.835):	 total squared error = 0.00534785, marker error: RMS = 0.0143418, max = 0.0286074 (SACROL)
[2026-03-04 08:30:19.143] [info] Frame 168 (t = 0.84):	 total squared error = 0.00542295, marker error: RMS = 0.0144421, max = 0.0286906 (SACROL)
[2026-03-04 08:30:19.161] [info] Frame 169 (t = 0.845):	 total squared error = 0.00549743, marker error: RMS = 0.014541, max = 0.0288843 (SACROL)
[2026-03-04 08:30:19.175] [info] Frame 170 (t = 0.85):	 total squared error = 0.00557637, marker error: RMS = 0.014645, max = 0.0289577 (SACROL)
[2026-03-04 08:30:19.188] [info] Frame 171 (t = 0.855):	 total squared error = 0.00565330, marker error: RMS = 0.0147457, max = 0.0290936 (SACROL)
[2026-03-04 08:30:19.203] [info] Frame 172 (t = 0.86):	 total squared error = 0.00573078, marker error: RMS = 0.0148464, max = 0.0292488 (SACROL)
[2026-03-04 08:30:19.217] [info] Frame 173 (t = 0.865):	 total squared error = 0.00581047, marker error: RMS = 0.0149492, max = 0.0293478 (SACROL)
[2026-03-04 08:30:19.231] [info] Frame 174 (t = 0.87):	 total squared error = 0.00588748, marker error: RMS = 0.0150480, max = 0.0294982 (SACROL)
[2026-03-04 08:30:19.244] [info] Frame 175 (t = 0.875):	 total squared error = 0.00596359, marker error: RMS = 0.0151449, max = 0.0296423 (SACROL)
[2026-03-04 08:30:19.261] [info] Frame 176 (t = 0.88):	 total squared error = 0.00603777, marker error: RMS = 0.0152388, max = 0.0297914 (SACROL)
[2026-03-04 08:30:19.278] [info] Frame 177 (t = 0.885):	 total squared error = 0.00611192, marker error: RMS = 0.0153321, max = 0.0298994 (SACROL)
[2026-03-04 08:30:19.294] [info] Frame 178 (t = 0.89):	 total squared error = 0.00618346, marker error: RMS = 0.0154216, max = 0.0300183 (SACROL)
[2026-03-04 08:30:19.309] [info] Frame 179 (t = 0.895):	 total squared error = 0.00625389, marker error: RMS = 0.0155092, max = 0.0301112 (SACROL)
[2026-03-04 08:30:19.324] [info] Frame 180 (t = 0.9):	 total squared error = 0.00632410, marker error: RMS = 0.015596, max = 0.0301524 (SACROL)
[2026-03-04 08:30:19.338] [info] Frame 181 (t = 0.905000):	 total squared error = 0.00639157, marker error: RMS = 0.015679, max = 0.0302141 (SACROL)
[2026-03-04 08:30:19.351] [info] Frame 182 (t = 0.91):	 total squared error = 0.00646124, marker error: RMS = 0.0157642, max = 0.0302303 (SACROL)
[2026-03-04 08:30:19.368] [info] Frame 183 (t = 0.915):	 total squared error = 0.00651951, marker error: RMS = 0.0158351, max = 0.0304822 (SACROL)
[2026-03-04 08:30:19.385] [info] Frame 184 (t = 0.92):	 total squared error = 0.00658329, marker error: RMS = 0.0159124, max = 0.0305403 (SACROL)
[2026-03-04 08:30:19.402] [info] Frame 185 (t = 0.925):	 total squared error = 0.00664502, marker error: RMS = 0.0159868, max = 0.0306357 (SACROL)
[2026-03-04 08:30:19.417] [info] Frame 186 (t = 0.93):	 total squared error = 0.00670722, marker error: RMS = 0.0160614, max = 0.0306467 (SACROL)
[2026-03-04 08:30:19.429] [info] Frame 187 (t = 0.935):	 total squared error = 0.00677632, marker error: RMS = 0.016144, max = 0.0305029 (SACROL)
[2026-03-04 08:30:19.443] [info] Frame 188 (t = 0.94):	 total squared error = 0.00682979, marker error: RMS = 0.0162075, max = 0.0308098 (SACROL)
[2026-03-04 08:30:19.460] [info] Frame 189 (t = 0.945):	 total squared error = 0.00689011, marker error: RMS = 0.016279, max = 0.0309091 (SACROL)
[2026-03-04 08:30:19.478] [info] Frame 190 (t = 0.95):	 total squared error = 0.00695156, marker error: RMS = 0.0163514, max = 0.0310194 (SACROL)
[2026-03-04 08:30:19.494] [info] Frame 191 (t = 0.955):	 total squared error = 0.00701390, marker error: RMS = 0.0164245, max = 0.0310823 (SACROL)
[2026-03-04 08:30:19.510] [info] Frame 192 (t = 0.96):	 total squared error = 0.00707712, marker error: RMS = 0.0164984, max = 0.0311239 (SACROL)
[2026-03-04 08:30:19.528] [info] Frame 193 (t = 0.965):	 total squared error = 0.00714147, marker error: RMS = 0.0165732, max = 0.0311728 (SACROL)
[2026-03-04 08:30:19.548] [info] Frame 194 (t = 0.97):	 total squared error = 0.00720807, marker error: RMS = 0.0166503, max = 0.0312545 (SACROL)
[2026-03-04 08:30:19.564] [info] Frame 195 (t = 0.975):	 total squared error = 0.00727590, marker error: RMS = 0.0167285, max = 0.0312867 (SACROL)
[2026-03-04 08:30:19.585] [info] Frame 196 (t = 0.98):	 total squared error = 0.00734608, marker error: RMS = 0.0168090, max = 0.0313662 (SACROL)
[2026-03-04 08:30:19.601] [info] Frame 197 (t = 0.985):	 total squared error = 0.00741750, marker error: RMS = 0.0168905, max = 0.0313798 (SACROL)
[2026-03-04 08:30:19.614] [info] Frame 198 (t = 0.99):	 total squared error = 0.00749249, marker error: RMS = 0.0169756, max = 0.0314009 (SACROL)
[2026-03-04 08:30:19.634] [info] Frame 199 (t = 0.995):	 total squared error = 0.00756640, marker error: RMS = 0.0170592, max = 0.031646 (SACROL)
[2026-03-04 08:30:19.649] [info] Frame 200 (t = 1.0):	 total squared error = 0.00764111, marker error: RMS = 0.0171432, max = 0.0316144 (SACROL)
[2026-03-04 08:30:19.667] [info] Frame 201 (t = 1.00500):	 total squared error = 0.00771959, marker error: RMS = 0.017231, max = 0.0317952 (SACROL)
[2026-03-04 08:30:19.685] [info] Frame 202 (t = 1.01):	 total squared error = 0.00779712, marker error: RMS = 0.0173173, max = 0.0317981 (SACROL)
[2026-03-04 08:30:19.698] [info] Frame 203 (t = 1.015):	 total squared error = 0.00787715, marker error: RMS = 0.0174060, max = 0.0317992 (SACROL)
[2026-03-04 08:30:19.719] [info] Frame 204 (t = 1.02):	 total squared error = 0.00795715, marker error: RMS = 0.0174941, max = 0.0320431 (SACROL)
[2026-03-04 08:30:19.736] [info] Frame 205 (t = 1.025):	 total squared error = 0.00803615, marker error: RMS = 0.0175808, max = 0.0320459 (SACROL)
[2026-03-04 08:30:19.752] [info] Frame 206 (t = 1.03):	 total squared error = 0.00811581, marker error: RMS = 0.0176677, max = 0.0320528 (SACROL)
[2026-03-04 08:30:19.771] [info] Frame 207 (t = 1.035):	 total squared error = 0.00819623, marker error: RMS = 0.017755, max = 0.0322537 (SACROL)
[2026-03-04 08:30:19.793] [info] Frame 208 (t = 1.04):	 total squared error = 0.00827569, marker error: RMS = 0.0178408, max = 0.0323233 (SACROL)
[2026-03-04 08:30:19.814] [info] Frame 209 (t = 1.045):	 total squared error = 0.00835327, marker error: RMS = 0.0179243, max = 0.0324007 (SACROL)
[2026-03-04 08:30:19.834] [info] Frame 210 (t = 1.05):	 total squared error = 0.00842968, marker error: RMS = 0.0180061, max = 0.0323933 (SACROL)
[2026-03-04 08:30:19.849] [info] Frame 211 (t = 1.055):	 total squared error = 0.00850637, marker error: RMS = 0.0180878, max = 0.0323897 (RTH2)
[2026-03-04 08:30:19.869] [info] Frame 212 (t = 1.06):	 total squared error = 0.00857760, marker error: RMS = 0.0181634, max = 0.0325554 (SACROL)
[2026-03-04 08:30:19.883] [info] Frame 213 (t = 1.065):	 total squared error = 0.00864896, marker error: RMS = 0.0182388, max = 0.0325944 (RTH2)
[2026-03-04 08:30:19.895] [info] Frame 214 (t = 1.07):	 total squared error = 0.00871930, marker error: RMS = 0.0183128, max = 0.0327493 (RTH2)
[2026-03-04 08:30:19.910] [info] Frame 215 (t = 1.075):	 total squared error = 0.00878780, marker error: RMS = 0.0183846, max = 0.0328305 (RTH2)
[2026-03-04 08:30:19.923] [info] Frame 216 (t = 1.08):	 total squared error = 0.00885508, marker error: RMS = 0.0184548, max = 0.0329619 (RTH2)
[2026-03-04 08:30:19.938] [info] Frame 217 (t = 1.085):	 total squared error = 0.00892279, marker error: RMS = 0.0185252, max = 0.0330522 (RTH2)
[2026-03-04 08:30:19.956] [info] Frame 218 (t = 1.09):	 total squared error = 0.00899124, marker error: RMS = 0.0185961, max = 0.0331949 (RTH2)
[2026-03-04 08:30:19.973] [info] Frame 219 (t = 1.095):	 total squared error = 0.00905976, marker error: RMS = 0.0186669, max = 0.0332907 (RTH2)
[2026-03-04 08:30:19.988] [info] Frame 220 (t = 1.1):	 total squared error = 0.00913005, marker error: RMS = 0.0187392, max = 0.033486 (RTH2)
[2026-03-04 08:30:20.013] [info] Frame 221 (t = 1.10500):	 total squared error = 0.00920516, marker error: RMS = 0.0188161, max = 0.0335288 (RTH2)
[2026-03-04 08:30:20.030] [info] Frame 222 (t = 1.11):	 total squared error = 0.00928091, marker error: RMS = 0.0188933, max = 0.03366 (RTH2)
[2026-03-04 08:30:20.058] [info] Frame 223 (t = 1.115):	 total squared error = 0.00936142, marker error: RMS = 0.0189751, max = 0.0337629 (RTH2)
[2026-03-04 08:30:20.077] [info] Frame 224 (t = 1.12):	 total squared error = 0.00944484, marker error: RMS = 0.0190595, max = 0.0340039 (RTH2)
[2026-03-04 08:30:20.102] [info] Frame 225 (t = 1.125):	 total squared error = 0.00953420, marker error: RMS = 0.0191494, max = 0.0340274 (RTH2)
[2026-03-04 08:30:20.127] [info] Frame 226 (t = 1.13):	 total squared error = 0.00962801, marker error: RMS = 0.0192434, max = 0.0341655 (RTH2)
[2026-03-04 08:30:20.150] [info] Frame 227 (t = 1.135):	 total squared error = 0.00972600, marker error: RMS = 0.0193411, max = 0.0343068 (RTH2)
[2026-03-04 08:30:20.177] [info] Frame 228 (t = 1.14):	 total squared error = 0.00983204, marker error: RMS = 0.0194462, max = 0.0344184 (RTH2)
[2026-03-04 08:30:20.199] [info] Frame 229 (t = 1.145):	 total squared error = 0.00994181, marker error: RMS = 0.0195545, max = 0.0346232 (RTH2)
[2026-03-04 08:30:20.215] [info] Frame 230 (t = 1.15):	 total squared error = 0.0100603, marker error: RMS = 0.0196707, max = 0.0349193 (RTH2)
[2026-03-04 08:30:20.241] [info] Frame 231 (t = 1.155):	 total squared error = 0.0101782, marker error: RMS = 0.0197856, max = 0.0348388 (RTH2)
[2026-03-04 08:30:20.269] [info] Frame 232 (t = 1.16):	 total squared error = 0.0103016, marker error: RMS = 0.0199052, max = 0.0350017 (RTH2)
[2026-03-04 08:30:20.293] [info] Frame 233 (t = 1.165):	 total squared error = 0.0104287, marker error: RMS = 0.0200276, max = 0.0351371 (RTH2)
[2026-03-04 08:30:20.314] [info] Frame 234 (t = 1.17):	 total squared error = 0.0105561, marker error: RMS = 0.0201495, max = 0.0353848 (RTH2)
[2026-03-04 08:30:20.341] [info] Frame 235 (t = 1.175):	 total squared error = 0.0106851, marker error: RMS = 0.0202723, max = 0.035452 (RTH2)
[2026-03-04 08:30:20.368] [info] Frame 236 (t = 1.18):	 total squared error = 0.0108148, marker error: RMS = 0.0203949, max = 0.0355794 (RTH2)
[2026-03-04 08:30:20.390] [info] Frame 237 (t = 1.185):	 total squared error = 0.0109450, marker error: RMS = 0.0205174, max = 0.0358175 (RTH2)
[2026-03-04 08:30:20.413] [info] Frame 238 (t = 1.19):	 total squared error = 0.0110740, marker error: RMS = 0.0206379, max = 0.0359703 (RTH2)
[2026-03-04 08:30:20.436] [info] Frame 239 (t = 1.195):	 total squared error = 0.0112027, marker error: RMS = 0.0207575, max = 0.0360948 (RTH2)
[2026-03-04 08:30:20.463] [info] Frame 240 (t = 1.2):	 total squared error = 0.0113302, marker error: RMS = 0.0208752, max = 0.0361761 (RTH2)
[2026-03-04 08:30:20.482] [info] Frame 241 (t = 1.20500):	 total squared error = 0.011457, marker error: RMS = 0.0209918, max = 0.0363865 (RTH2)
[2026-03-04 08:30:20.498] [info] Frame 242 (t = 1.21):	 total squared error = 0.0115837, marker error: RMS = 0.0211075, max = 0.0365674 (RTH2)
[2026-03-04 08:30:20.518] [info] Frame 243 (t = 1.215):	 total squared error = 0.0117098, marker error: RMS = 0.0212221, max = 0.0366801 (RTH2)
[2026-03-04 08:30:20.542] [info] Frame 244 (t = 1.22):	 total squared error = 0.0118324, marker error: RMS = 0.0213329, max = 0.036711 (RTH2)
[2026-03-04 08:30:20.557] [info] Frame 245 (t = 1.225):	 total squared error = 0.0119626, marker error: RMS = 0.02145, max = 0.0369399 (RTH2)
[2026-03-04 08:30:20.583] [info] Frame 246 (t = 1.23):	 total squared error = 0.0120743, marker error: RMS = 0.0215498, max = 0.0369623 (RTH2)
[2026-03-04 08:30:20.600] [info] Frame 247 (t = 1.235):	 total squared error = 0.0121953, marker error: RMS = 0.0216575, max = 0.0372255 (RTH2)
[2026-03-04 08:30:20.620] [info] Frame 248 (t = 1.24):	 total squared error = 0.0123141, marker error: RMS = 0.0217628, max = 0.0373767 (RTH2)
[2026-03-04 08:30:20.647] [info] Frame 249 (t = 1.245):	 total squared error = 0.0124266, marker error: RMS = 0.021862, max = 0.0372891 (RTH2)
[2026-03-04 08:30:20.670] [info] Frame 250 (t = 1.25):	 total squared error = 0.012542, marker error: RMS = 0.0219633, max = 0.0374527 (RTH2)
[2026-03-04 08:30:20.691] [info] Frame 251 (t = 1.255):	 total squared error = 0.0126579, marker error: RMS = 0.0220645, max = 0.0376688 (RTH2)
[2026-03-04 08:30:20.718] [info] Frame 252 (t = 1.26):	 total squared error = 0.012771, marker error: RMS = 0.0221629, max = 0.0376382 (RTH2)
[2026-03-04 08:30:20.735] [info] Frame 253 (t = 1.265):	 total squared error = 0.0128865, marker error: RMS = 0.0222628, max = 0.0377161 (RTH2)
[2026-03-04 08:30:20.751] [info] Frame 254 (t = 1.27):	 total squared error = 0.0130028, marker error: RMS = 0.0223631, max = 0.0378676 (RTH2)
[2026-03-04 08:30:20.768] [info] Frame 255 (t = 1.275):	 total squared error = 0.0131214, marker error: RMS = 0.0224648, max = 0.0379247 (RTH2)
[2026-03-04 08:30:20.784] [info] Frame 256 (t = 1.28):	 total squared error = 0.0132424, marker error: RMS = 0.0225682, max = 0.0380463 (RTH2)
[2026-03-04 08:30:20.800] [info] Frame 257 (t = 1.285):	 total squared error = 0.0133658, marker error: RMS = 0.0226731, max = 0.0381883 (RTH2)
[2026-03-04 08:30:20.817] [info] Frame 258 (t = 1.29):	 total squared error = 0.0134931, marker error: RMS = 0.0227808, max = 0.0383465 (RTH2)
[2026-03-04 08:30:20.833] [info] Frame 259 (t = 1.295):	 total squared error = 0.0136249, marker error: RMS = 0.0228918, max = 0.0385096 (RTH2)
[2026-03-04 08:30:20.848] [info] Frame 260 (t = 1.3):	 total squared error = 0.0137609, marker error: RMS = 0.0230058, max = 0.0386435 (RTH2)
[2026-03-04 08:30:20.863] [info] Frame 261 (t = 1.30500):	 total squared error = 0.0139019, marker error: RMS = 0.0231234, max = 0.0388071 (RTH2)
[2026-03-04 08:30:20.878] [info] Frame 262 (t = 1.31):	 total squared error = 0.0140484, marker error: RMS = 0.0232449, max = 0.0389732 (RTH2)
[2026-03-04 08:30:20.894] [info] Frame 263 (t = 1.315):	 total squared error = 0.0141997, marker error: RMS = 0.0233697, max = 0.0391489 (RTH2)
[2026-03-04 08:30:20.909] [info] Frame 264 (t = 1.32):	 total squared error = 0.0143561, marker error: RMS = 0.023498, max = 0.0393266 (RTH2)
[2026-03-04 08:30:20.924] [info] Frame 265 (t = 1.325):	 total squared error = 0.0145167, marker error: RMS = 0.0236291, max = 0.0395147 (RTH2)
[2026-03-04 08:30:20.941] [info] Frame 266 (t = 1.33):	 total squared error = 0.0146819, marker error: RMS = 0.0237632, max = 0.039685 (RTH2)
[2026-03-04 08:30:20.957] [info] Frame 267 (t = 1.335):	 total squared error = 0.0148509, marker error: RMS = 0.0238995, max = 0.0398525 (RTH2)
[2026-03-04 08:30:20.972] [info] Frame 268 (t = 1.34):	 total squared error = 0.0150226, marker error: RMS = 0.0240373, max = 0.0400386 (RTH2)
[2026-03-04 08:30:20.985] [info] Frame 269 (t = 1.345):	 total squared error = 0.0151958, marker error: RMS = 0.0241755, max = 0.0402346 (RTH2)
[2026-03-04 08:30:21.002] [info] Frame 270 (t = 1.35):	 total squared error = 0.0153703, marker error: RMS = 0.0243139, max = 0.0404084 (RTH2)
[2026-03-04 08:30:21.017] [info] Frame 271 (t = 1.355):	 total squared error = 0.0155441, marker error: RMS = 0.024451, max = 0.0405943 (RTH2)
[2026-03-04 08:30:21.032] [info] Frame 272 (t = 1.36):	 total squared error = 0.0157173, marker error: RMS = 0.0245868, max = 0.0407807 (RTH2)
[2026-03-04 08:30:21.047] [info] Frame 273 (t = 1.365):	 total squared error = 0.0158888, marker error: RMS = 0.0247206, max = 0.0409418 (RTH2)
[2026-03-04 08:30:21.063] [info] Frame 274 (t = 1.37):	 total squared error = 0.0160577, marker error: RMS = 0.0248517, max = 0.041123 (RTH2)
[2026-03-04 08:30:21.077] [info] Frame 275 (t = 1.375):	 total squared error = 0.0162239, marker error: RMS = 0.0249799, max = 0.0412717 (RTH2)
[2026-03-04 08:30:21.091] [info] Frame 276 (t = 1.38):	 total squared error = 0.0163865, marker error: RMS = 0.0251048, max = 0.041424 (RTH2)
[2026-03-04 08:30:21.110] [info] Frame 277 (t = 1.385):	 total squared error = 0.0165455, marker error: RMS = 0.0252263, max = 0.0415745 (RTH2)
[2026-03-04 08:30:21.132] [info] Frame 278 (t = 1.39):	 total squared error = 0.0167016, marker error: RMS = 0.025345, max = 0.0416858 (RTH2)
[2026-03-04 08:30:21.156] [info] Frame 279 (t = 1.395):	 total squared error = 0.016854, marker error: RMS = 0.0254604, max = 0.0418158 (RTH2)
[2026-03-04 08:30:21.178] [info] Frame 280 (t = 1.4):	 total squared error = 0.0170031, marker error: RMS = 0.0255728, max = 0.0419207 (RTH2)
[2026-03-04 08:30:21.203] [info] Frame 281 (t = 1.40500):	 total squared error = 0.0171492, marker error: RMS = 0.0256824, max = 0.0420389 (RTH2)
[2026-03-04 08:30:21.224] [info] Frame 282 (t = 1.41):	 total squared error = 0.017293, marker error: RMS = 0.0257899, max = 0.0421352 (RTH2)
[2026-03-04 08:30:21.241] [info] Frame 283 (t = 1.415):	 total squared error = 0.0174352, marker error: RMS = 0.0258956, max = 0.0422186 (RTH2)
[2026-03-04 08:30:21.272] [info] Frame 284 (t = 1.42):	 total squared error = 0.0175763, marker error: RMS = 0.0260002, max = 0.0424519 (RTH2)
[2026-03-04 08:30:21.292] [info] Frame 285 (t = 1.425):	 total squared error = 0.0177162, marker error: RMS = 0.0261035, max = 0.0425692 (RTH2)
[2026-03-04 08:30:21.309] [info] Frame 286 (t = 1.43):	 total squared error = 0.0178567, marker error: RMS = 0.0262068, max = 0.0425715 (RTH2)
[2026-03-04 08:30:21.326] [info] Frame 287 (t = 1.435):	 total squared error = 0.0179983, marker error: RMS = 0.0263105, max = 0.0428454 (RTH2)
[2026-03-04 08:30:21.347] [info] Frame 288 (t = 1.44):	 total squared error = 0.0181407, marker error: RMS = 0.0264144, max = 0.0429252 (RTH2)
[2026-03-04 08:30:21.361] [info] Frame 289 (t = 1.445):	 total squared error = 0.0182838, marker error: RMS = 0.0265184, max = 0.0430978 (RTH2)
[2026-03-04 08:30:21.377] [info] Frame 290 (t = 1.45):	 total squared error = 0.0184275, marker error: RMS = 0.0266224, max = 0.0432171 (RTH2)
[2026-03-04 08:30:21.394] [info] Frame 291 (t = 1.455):	 total squared error = 0.0185711, marker error: RMS = 0.0267259, max = 0.0433432 (RTH2)
[2026-03-04 08:30:21.413] [info] Frame 292 (t = 1.46):	 total squared error = 0.0187155, marker error: RMS = 0.0268296, max = 0.0434664 (RTH2)
[2026-03-04 08:30:21.429] [info] Frame 293 (t = 1.465):	 total squared error = 0.0188583, marker error: RMS = 0.0269318, max = 0.0436328 (RTH2)
[2026-03-04 08:30:21.445] [info] Frame 294 (t = 1.47):	 total squared error = 0.0189994, marker error: RMS = 0.0270323, max = 0.0438273 (RTH2)
[2026-03-04 08:30:21.465] [info] Frame 295 (t = 1.475):	 total squared error = 0.0191392, marker error: RMS = 0.0271316, max = 0.0438885 (RTH2)
[2026-03-04 08:30:21.487] [info] Frame 296 (t = 1.48):	 total squared error = 0.0192764, marker error: RMS = 0.0272287, max = 0.0440370 (RTH2)
[2026-03-04 08:30:21.507] [info] Frame 297 (t = 1.485):	 total squared error = 0.0194101, marker error: RMS = 0.027323, max = 0.0441953 (RTH2)
[2026-03-04 08:30:21.525] [info] Frame 298 (t = 1.49):	 total squared error = 0.0195403, marker error: RMS = 0.0274144, max = 0.0443734 (RTH2)
[2026-03-04 08:30:21.544] [info] Frame 299 (t = 1.495):	 total squared error = 0.019668, marker error: RMS = 0.0275038, max = 0.0445168 (RTH2)
[2026-03-04 08:30:21.565] [info] Frame 300 (t = 1.5):	 total squared error = 0.0197962, marker error: RMS = 0.0275934, max = 0.0447903 (RTH2)
[2026-03-04 08:30:21.591] [info] Frame 301 (t = 1.50500):	 total squared error = 0.0199109, marker error: RMS = 0.0276732, max = 0.0448119 (RTH2)
[2026-03-04 08:30:21.619] [info] Frame 302 (t = 1.51):	 total squared error = 0.0200277, marker error: RMS = 0.0277542, max = 0.0448689 (RTH2)
[2026-03-04 08:30:21.642] [info] Frame 303 (t = 1.515):	 total squared error = 0.0201420, marker error: RMS = 0.0278333, max = 0.0450990 (RTH2)
[2026-03-04 08:30:21.666] [info] Frame 304 (t = 1.52):	 total squared error = 0.0202550, marker error: RMS = 0.0279113, max = 0.0452684 (RTH2)
[2026-03-04 08:30:21.691] [info] Frame 305 (t = 1.525):	 total squared error = 0.0203559, marker error: RMS = 0.0279807, max = 0.0452839 (RTH2)
[2026-03-04 08:30:21.716] [info] Frame 306 (t = 1.53):	 total squared error = 0.0204592, marker error: RMS = 0.0280516, max = 0.0453854 (RTH2)
[2026-03-04 08:30:21.743] [info] Frame 307 (t = 1.535):	 total squared error = 0.0205602, marker error: RMS = 0.0281208, max = 0.0454176 (RTH2)
[2026-03-04 08:30:21.769] [info] Frame 308 (t = 1.54):	 total squared error = 0.0206590, marker error: RMS = 0.0281882, max = 0.0455628 (RTH2)
[2026-03-04 08:30:21.788] [info] Frame 309 (t = 1.545):	 total squared error = 0.0207642, marker error: RMS = 0.0282599, max = 0.045746 (RTH2)
[2026-03-04 08:30:21.812] [info] Frame 310 (t = 1.55):	 total squared error = 0.0208531, marker error: RMS = 0.0283204, max = 0.0457251 (RTH2)
[2026-03-04 08:30:21.837] [info] Frame 311 (t = 1.555):	 total squared error = 0.0209485, marker error: RMS = 0.0283851, max = 0.0458288 (RTH2)
[2026-03-04 08:30:21.862] [info] Frame 312 (t = 1.56):	 total squared error = 0.0210437, marker error: RMS = 0.0284495, max = 0.0459164 (RTH2)
[2026-03-04 08:30:21.887] [info] Frame 313 (t = 1.565):	 total squared error = 0.0211394, marker error: RMS = 0.0285141, max = 0.0460112 (RTH2)
[2026-03-04 08:30:21.911] [info] Frame 314 (t = 1.57):	 total squared error = 0.0212345, marker error: RMS = 0.0285782, max = 0.0460967 (RTH2)
[2026-03-04 08:30:21.936] [info] Frame 315 (t = 1.575):	 total squared error = 0.0213295, marker error: RMS = 0.028642, max = 0.0461687 (RTH2)
[2026-03-04 08:30:21.960] [info] Frame 316 (t = 1.58):	 total squared error = 0.0214242, marker error: RMS = 0.0287055, max = 0.0463166 (RTH2)
[2026-03-04 08:30:21.985] [info] Frame 317 (t = 1.585):	 total squared error = 0.0215187, marker error: RMS = 0.0287688, max = 0.0463841 (RTH2)
[2026-03-04 08:30:22.010] [info] Frame 318 (t = 1.59):	 total squared error = 0.0216127, marker error: RMS = 0.0288315, max = 0.0464689 (RTH2)
[2026-03-04 08:30:22.034] [info] Frame 319 (t = 1.595):	 total squared error = 0.0217071, marker error: RMS = 0.0288944, max = 0.0465839 (RTH2)
[2026-03-04 08:30:22.050] [info] Frame 320 (t = 1.6):	 total squared error = 0.0218145, marker error: RMS = 0.0289659, max = 0.0468291 (RTH2)
[2026-03-04 08:30:22.070] [info] Frame 321 (t = 1.60500):	 total squared error = 0.0218952, marker error: RMS = 0.0290194, max = 0.0468515 (RTH2)
[2026-03-04 08:30:22.093] [info] Frame 322 (t = 1.61):	 total squared error = 0.0219861, marker error: RMS = 0.0290795, max = 0.0468647 (RTH2)
[2026-03-04 08:30:22.118] [info] Frame 323 (t = 1.615):	 total squared error = 0.0220780, marker error: RMS = 0.0291402, max = 0.0469524 (RTH2)
[2026-03-04 08:30:22.141] [info] Frame 324 (t = 1.62):	 total squared error = 0.0221709, marker error: RMS = 0.0292015, max = 0.0470635 (RTH2)
[2026-03-04 08:30:22.159] [info] Frame 325 (t = 1.625):	 total squared error = 0.0222674, marker error: RMS = 0.0292649, max = 0.0472727 (RTH2)
[2026-03-04 08:30:22.186] [info] Frame 326 (t = 1.63):	 total squared error = 0.0223506, marker error: RMS = 0.0293196, max = 0.0472428 (RTH2)
[2026-03-04 08:30:22.210] [info] Frame 327 (t = 1.635):	 total squared error = 0.0224394, marker error: RMS = 0.0293778, max = 0.0473231 (RTH2)
[2026-03-04 08:30:22.233] [info] Frame 328 (t = 1.64):	 total squared error = 0.0225263, marker error: RMS = 0.0294346, max = 0.0473746 (RTH2)
[2026-03-04 08:30:22.255] [info] Frame 329 (t = 1.645):	 total squared error = 0.0226128, marker error: RMS = 0.0294911, max = 0.0475301 (RTH2)
[2026-03-04 08:30:22.280] [info] Frame 330 (t = 1.65):	 total squared error = 0.0226961, marker error: RMS = 0.0295453, max = 0.0475292 (RTH2)
[2026-03-04 08:30:22.296] [info] Frame 331 (t = 1.655):	 total squared error = 0.0227956, marker error: RMS = 0.02961, max = 0.0477342 (RTH2)
[2026-03-04 08:30:22.322] [info] Frame 332 (t = 1.66):	 total squared error = 0.0228577, marker error: RMS = 0.0296503, max = 0.0477136 (RTH2)
[2026-03-04 08:30:22.343] [info] Frame 333 (t = 1.665):	 total squared error = 0.0229367, marker error: RMS = 0.0297016, max = 0.0478267 (RTH2)
[2026-03-04 08:30:22.369] [info] Frame 334 (t = 1.67):	 total squared error = 0.0230099, marker error: RMS = 0.0297489, max = 0.0478657 (RTH2)
[2026-03-04 08:30:22.393] [info] Frame 335 (t = 1.675):	 total squared error = 0.0230828, marker error: RMS = 0.029796, max = 0.04792 (RTH2)
[2026-03-04 08:30:22.414] [info] Frame 336 (t = 1.68):	 total squared error = 0.0231534, marker error: RMS = 0.0298415, max = 0.0480021 (RTH2)
[2026-03-04 08:30:22.435] [info] Frame 337 (t = 1.685):	 total squared error = 0.0232222, marker error: RMS = 0.0298858, max = 0.0481054 (RTH2)
[2026-03-04 08:30:22.461] [info] Frame 338 (t = 1.69):	 total squared error = 0.0232867, marker error: RMS = 0.0299273, max = 0.0481182 (RTH2)
[2026-03-04 08:30:22.485] [info] Frame 339 (t = 1.695):	 total squared error = 0.0233513, marker error: RMS = 0.0299688, max = 0.0482008 (RTH2)
[2026-03-04 08:30:22.510] [info] Frame 340 (t = 1.7):	 total squared error = 0.0234122, marker error: RMS = 0.0300078, max = 0.0482376 (RTH2)
[2026-03-04 08:30:22.535] [info] Frame 341 (t = 1.70500):	 total squared error = 0.023473, marker error: RMS = 0.0300468, max = 0.0483004 (RTH2)
[2026-03-04 08:30:22.553] [info] Frame 342 (t = 1.71):	 total squared error = 0.0235373, marker error: RMS = 0.0300879, max = 0.0483742 (RTH2)
[2026-03-04 08:30:22.579] [info] Frame 343 (t = 1.715):	 total squared error = 0.0235893, marker error: RMS = 0.0301211, max = 0.0484146 (RTH2)
[2026-03-04 08:30:22.601] [info] Frame 344 (t = 1.72):	 total squared error = 0.0236471, marker error: RMS = 0.0301580, max = 0.0484949 (RTH2)
[2026-03-04 08:30:22.619] [info] Frame 345 (t = 1.725):	 total squared error = 0.0237068, marker error: RMS = 0.0301960, max = 0.0485475 (RTH2)
[2026-03-04 08:30:22.639] [info] Frame 346 (t = 1.73):	 total squared error = 0.0237597, marker error: RMS = 0.0302297, max = 0.0485912 (RTH2)
[2026-03-04 08:30:22.658] [info] Frame 347 (t = 1.735):	 total squared error = 0.0238155, marker error: RMS = 0.0302652, max = 0.0486742 (RTH2)
[2026-03-04 08:30:22.674] [info] Frame 348 (t = 1.74):	 total squared error = 0.0238768, marker error: RMS = 0.0303041, max = 0.0486838 (RTH2)
[2026-03-04 08:30:22.694] [info] Frame 349 (t = 1.745):	 total squared error = 0.0239331, marker error: RMS = 0.0303398, max = 0.0488348 (RTH2)
[2026-03-04 08:30:22.712] [info] Frame 350 (t = 1.75):	 total squared error = 0.0239909, marker error: RMS = 0.0303764, max = 0.0489078 (RTH2)
[2026-03-04 08:30:22.734] [info] Frame 351 (t = 1.755):	 total squared error = 0.0240431, marker error: RMS = 0.0304094, max = 0.0489092 (RTH2)
[2026-03-04 08:30:22.753] [info] Frame 352 (t = 1.76):	 total squared error = 0.0241018, marker error: RMS = 0.0304466, max = 0.0489783 (RTH2)
[2026-03-04 08:30:22.771] [info] Frame 353 (t = 1.765):	 total squared error = 0.0241605, marker error: RMS = 0.0304836, max = 0.0490457 (RTH2)
[2026-03-04 08:30:22.789] [info] Frame 354 (t = 1.77):	 total squared error = 0.0242184, marker error: RMS = 0.0305201, max = 0.0490392 (RTH2)
[2026-03-04 08:30:22.815] [info] Frame 355 (t = 1.775):	 total squared error = 0.0242784, marker error: RMS = 0.0305579, max = 0.0491765 (RTH2)
[2026-03-04 08:30:22.833] [info] Frame 356 (t = 1.78):	 total squared error = 0.0243413, marker error: RMS = 0.0305974, max = 0.0492228 (RTH2)
[2026-03-04 08:30:22.853] [info] Frame 357 (t = 1.785):	 total squared error = 0.0244024, marker error: RMS = 0.0306358, max = 0.0492812 (RTH2)
[2026-03-04 08:30:22.874] [info] Frame 358 (t = 1.79):	 total squared error = 0.0244657, marker error: RMS = 0.0306756, max = 0.0493739 (RTH2)
[2026-03-04 08:30:22.895] [info] Frame 359 (t = 1.795):	 total squared error = 0.0245304, marker error: RMS = 0.0307161, max = 0.0494446 (RTH2)
[2026-03-04 08:30:22.916] [info] Frame 360 (t = 1.8):	 total squared error = 0.0245955, marker error: RMS = 0.0307568, max = 0.0495551 (RTH2)
[2026-03-04 08:30:22.937] [info] Frame 361 (t = 1.80500):	 total squared error = 0.0246611, marker error: RMS = 0.0307978, max = 0.0495716 (RTH2)
[2026-03-04 08:30:22.959] [info] Frame 362 (t = 1.81):	 total squared error = 0.0247271, marker error: RMS = 0.0308390, max = 0.0496501 (RTH2)
[2026-03-04 08:30:23.017] [info] Frame 363 (t = 1.815):	 total squared error = 0.0247928, marker error: RMS = 0.0308799, max = 0.0497145 (RTH2)
[2026-03-04 08:30:23.061] [info] Frame 364 (t = 1.82):	 total squared error = 0.0248575, marker error: RMS = 0.0309202, max = 0.0497617 (RTH2)
[2026-03-04 08:30:23.110] [info] Frame 365 (t = 1.825):	 total squared error = 0.0249215, marker error: RMS = 0.0309600, max = 0.0498191 (RTH2)
[2026-03-04 08:30:23.146] [info] Frame 366 (t = 1.83):	 total squared error = 0.0249832, marker error: RMS = 0.0309983, max = 0.0497535 (RTH2)
[2026-03-04 08:30:23.193] [info] Frame 367 (t = 1.835):	 total squared error = 0.0250492, marker error: RMS = 0.0310392, max = 0.0499176 (RTH2)
[2026-03-04 08:30:23.223] [info] Frame 368 (t = 1.84):	 total squared error = 0.0251096, marker error: RMS = 0.0310766, max = 0.0500013 (RTH2)
[2026-03-04 08:30:23.251] [info] Frame 369 (t = 1.845):	 total squared error = 0.0251712, marker error: RMS = 0.0311147, max = 0.0500365 (RTH2)
[2026-03-04 08:30:23.288] [info] Frame 370 (t = 1.85):	 total squared error = 0.0252315, marker error: RMS = 0.0311519, max = 0.0501019 (RTH2)
[2026-03-04 08:30:23.315] [info] Frame 371 (t = 1.855):	 total squared error = 0.0252903, marker error: RMS = 0.0311882, max = 0.0501638 (RTH2)
[2026-03-04 08:30:23.338] [info] Frame 372 (t = 1.86):	 total squared error = 0.025348, marker error: RMS = 0.0312238, max = 0.0502043 (RTH2)
[2026-03-04 08:30:23.352] [info] Frame 373 (t = 1.865):	 total squared error = 0.0254038, marker error: RMS = 0.0312581, max = 0.0501822 (RTH2)
[2026-03-04 08:30:23.372] [info] Frame 374 (t = 1.87):	 total squared error = 0.0254625, marker error: RMS = 0.0312942, max = 0.0503017 (RTH2)
[2026-03-04 08:30:23.391] [info] Frame 375 (t = 1.875):	 total squared error = 0.0255177, marker error: RMS = 0.0313281, max = 0.0503785 (RTH2)
[2026-03-04 08:30:23.412] [info] Frame 376 (t = 1.88):	 total squared error = 0.0255722, marker error: RMS = 0.0313616, max = 0.0504127 (RTH2)
[2026-03-04 08:30:23.432] [info] Frame 377 (t = 1.885):	 total squared error = 0.0256245, marker error: RMS = 0.0313936, max = 0.0504754 (RTH2)
[2026-03-04 08:30:23.447] [info] Frame 378 (t = 1.89):	 total squared error = 0.0256727, marker error: RMS = 0.0314231, max = 0.0504827 (RTH2)
[2026-03-04 08:30:23.471] [info] Frame 379 (t = 1.895):	 total squared error = 0.0257233, marker error: RMS = 0.0314541, max = 0.0505818 (RTH2)
[2026-03-04 08:30:23.491] [info] Frame 380 (t = 1.9):	 total squared error = 0.025769, marker error: RMS = 0.031482, max = 0.0506150 (RTH2)
[2026-03-04 08:30:23.514] [info] Frame 381 (t = 1.90500):	 total squared error = 0.0258134, marker error: RMS = 0.0315091, max = 0.0506951 (RTH2)
[2026-03-04 08:30:23.534] [info] Frame 382 (t = 1.91):	 total squared error = 0.0258543, marker error: RMS = 0.0315341, max = 0.0507080 (RTH2)
[2026-03-04 08:30:23.555] [info] Frame 383 (t = 1.915):	 total squared error = 0.0258954, marker error: RMS = 0.0315591, max = 0.0507698 (RTH2)
[2026-03-04 08:30:23.577] [info] Frame 384 (t = 1.92):	 total squared error = 0.025935, marker error: RMS = 0.0315832, max = 0.0508041 (RTH2)
[2026-03-04 08:30:23.601] [info] Frame 385 (t = 1.925):	 total squared error = 0.0259745, marker error: RMS = 0.0316073, max = 0.0508493 (RTH2)
[2026-03-04 08:30:23.625] [info] Frame 386 (t = 1.93):	 total squared error = 0.0260135, marker error: RMS = 0.031631, max = 0.0508934 (RTH2)
[2026-03-04 08:30:23.652] [info] Frame 387 (t = 1.935):	 total squared error = 0.0260490, marker error: RMS = 0.0316526, max = 0.0509560 (RTH2)
[2026-03-04 08:30:23.674] [info] Frame 388 (t = 1.94):	 total squared error = 0.0260846, marker error: RMS = 0.0316742, max = 0.0510201 (RTH2)
[2026-03-04 08:30:23.698] [info] Frame 389 (t = 1.945):	 total squared error = 0.0261199, marker error: RMS = 0.0316956, max = 0.0510736 (RTH2)
[2026-03-04 08:30:23.721] [info] Frame 390 (t = 1.95):	 total squared error = 0.026152, marker error: RMS = 0.0317151, max = 0.0510599 (RTH2)
[2026-03-04 08:30:23.746] [info] Frame 391 (t = 1.955):	 total squared error = 0.0261901, marker error: RMS = 0.0317382, max = 0.0510574 (RTH2)
[2026-03-04 08:30:23.765] [info] Frame 392 (t = 1.96):	 total squared error = 0.0262185, marker error: RMS = 0.0317554, max = 0.0511145 (RTH2)
[2026-03-04 08:30:23.791] [info] Frame 393 (t = 1.965):	 total squared error = 0.0262528, marker error: RMS = 0.0317762, max = 0.0511672 (RTH2)
[2026-03-04 08:30:23.812] [info] Frame 394 (t = 1.97):	 total squared error = 0.0262828, marker error: RMS = 0.0317943, max = 0.0511881 (RTH2)
[2026-03-04 08:30:23.834] [info] Frame 395 (t = 1.975):	 total squared error = 0.0263125, marker error: RMS = 0.0318123, max = 0.0512245 (RTH2)
[2026-03-04 08:30:23.854] [info] Frame 396 (t = 1.98):	 total squared error = 0.02634, marker error: RMS = 0.0318288, max = 0.0512811 (RTH2)
[2026-03-04 08:30:23.879] [info] Frame 397 (t = 1.985):	 total squared error = 0.0263692, marker error: RMS = 0.0318465, max = 0.0512838 (RTH2)
[2026-03-04 08:30:23.901] [info] Frame 398 (t = 1.99):	 total squared error = 0.0263958, marker error: RMS = 0.0318626, max = 0.05132 (RTH2)
[2026-03-04 08:30:23.925] [info] Frame 399 (t = 1.995):	 total squared error = 0.0264234, marker error: RMS = 0.0318792, max = 0.0513873 (RTH2)
[2026-03-04 08:30:23.947] [info] Frame 400 (t = 2.0):	 total squared error = 0.0264432, marker error: RMS = 0.0318912, max = 0.0513489 (RTH2)
[2026-03-04 08:30:23.970] [info] Frame 401 (t = 2.00500):	 total squared error = 0.0264686, marker error: RMS = 0.0319065, max = 0.0513901 (RTH2)
[2026-03-04 08:30:23.991] [info] Frame 402 (t = 2.01):	 total squared error = 0.0264881, marker error: RMS = 0.0319182, max = 0.0513835 (RTH2)
[2026-03-04 08:30:24.012] [info] Frame 403 (t = 2.015):	 total squared error = 0.0265089, marker error: RMS = 0.0319307, max = 0.0514335 (RTH2)
[2026-03-04 08:30:24.031] [info] Frame 404 (t = 2.02):	 total squared error = 0.0265277, marker error: RMS = 0.0319421, max = 0.0515070 (RTH2)
[2026-03-04 08:30:24.052] [info] Frame 405 (t = 2.025):	 total squared error = 0.0265442, marker error: RMS = 0.031952, max = 0.0514884 (RTH2)
[2026-03-04 08:30:24.075] [info] Frame 406 (t = 2.03):	 total squared error = 0.0265588, marker error: RMS = 0.0319608, max = 0.0514604 (RTH2)
[2026-03-04 08:30:24.097] [info] Frame 407 (t = 2.035):	 total squared error = 0.0265715, marker error: RMS = 0.0319684, max = 0.0514728 (RTH2)
[2026-03-04 08:30:24.118] [info] Frame 408 (t = 2.04):	 total squared error = 0.0265796, marker error: RMS = 0.0319733, max = 0.0514932 (RTH2)
[2026-03-04 08:30:24.137] [info] Frame 409 (t = 2.045):	 total squared error = 0.026585, marker error: RMS = 0.0319765, max = 0.0514675 (RTH2)
[2026-03-04 08:30:24.153] [info] Frame 410 (t = 2.05):	 total squared error = 0.0265915, marker error: RMS = 0.0319804, max = 0.051469 (RTH2)
[2026-03-04 08:30:24.174] [info] Frame 411 (t = 2.055):	 total squared error = 0.0265843, marker error: RMS = 0.0319761, max = 0.051442 (RTH2)
[2026-03-04 08:30:24.196] [info] Frame 412 (t = 2.06):	 total squared error = 0.026575, marker error: RMS = 0.0319705, max = 0.0514102 (RTH2)
[2026-03-04 08:30:24.220] [info] Frame 413 (t = 2.065):	 total squared error = 0.0265621, marker error: RMS = 0.0319628, max = 0.0513883 (RTH2)
[2026-03-04 08:30:24.239] [info] Frame 414 (t = 2.07):	 total squared error = 0.0265425, marker error: RMS = 0.031951, max = 0.0513509 (RTH2)
[2026-03-04 08:30:24.260] [info] Frame 415 (t = 2.075):	 total squared error = 0.0265197, marker error: RMS = 0.0319373, max = 0.0513103 (RTH2)
[2026-03-04 08:30:24.275] [info] Frame 416 (t = 2.08):	 total squared error = 0.0264828, marker error: RMS = 0.031915, max = 0.0512896 (RTH2)
[2026-03-04 08:30:24.296] [info] Frame 417 (t = 2.085):	 total squared error = 0.0264447, marker error: RMS = 0.0318921, max = 0.0512293 (RTH2)
[2026-03-04 08:30:24.316] [info] Frame 418 (t = 2.09):	 total squared error = 0.026395, marker error: RMS = 0.0318621, max = 0.0512043 (RTH2)
[2026-03-04 08:30:24.335] [info] Frame 419 (t = 2.095):	 total squared error = 0.0263372, marker error: RMS = 0.0318272, max = 0.0511209 (RTH2)
[2026-03-04 08:30:24.357] [info] Frame 420 (t = 2.1):	 total squared error = 0.0262717, marker error: RMS = 0.0317876, max = 0.0510287 (RTH2)
[2026-03-04 08:30:24.376] [info] Frame 421 (t = 2.10500):	 total squared error = 0.0261907, marker error: RMS = 0.0317386, max = 0.0509702 (RTH2)
[2026-03-04 08:30:24.401] [info] Frame 422 (t = 2.11):	 total squared error = 0.0260996, marker error: RMS = 0.0316833, max = 0.0508525 (RTH2)
[2026-03-04 08:30:24.431] [info] Frame 423 (t = 2.115):	 total squared error = 0.0259969, marker error: RMS = 0.0316209, max = 0.0507502 (RTH2)
[2026-03-04 08:30:24.454] [info] Frame 424 (t = 2.12):	 total squared error = 0.0258797, marker error: RMS = 0.0315496, max = 0.0506411 (RTH2)
[2026-03-04 08:30:24.478] [info] Frame 425 (t = 2.125):	 total squared error = 0.0257481, marker error: RMS = 0.0314692, max = 0.0505193 (RTH2)
[2026-03-04 08:30:24.501] [info] Frame 426 (t = 2.13):	 total squared error = 0.0256014, marker error: RMS = 0.0313794, max = 0.0503871 (RTH2)
[2026-03-04 08:30:24.519] [info] Frame 427 (t = 2.135):	 total squared error = 0.0254348, marker error: RMS = 0.0312772, max = 0.0502752 (RTH2)
[2026-03-04 08:30:24.542] [info] Frame 428 (t = 2.14):	 total squared error = 0.0252578, marker error: RMS = 0.0311682, max = 0.0500849 (RTH2)
[2026-03-04 08:30:24.562] [info] Frame 429 (t = 2.145):	 total squared error = 0.0250578, marker error: RMS = 0.0310445, max = 0.0498865 (RTH2)
[2026-03-04 08:30:24.581] [info] Frame 430 (t = 2.15):	 total squared error = 0.0248403, marker error: RMS = 0.0309095, max = 0.0496852 (RTH2)
[2026-03-04 08:30:24.602] [info] Frame 431 (t = 2.155):	 total squared error = 0.0246083, marker error: RMS = 0.0307648, max = 0.0495246 (RTH2)
[2026-03-04 08:30:24.628] [info] Frame 432 (t = 2.16):	 total squared error = 0.0243553, marker error: RMS = 0.0306062, max = 0.0492855 (RTH2)
[2026-03-04 08:30:24.648] [info] Frame 433 (t = 2.165):	 total squared error = 0.0240874, marker error: RMS = 0.0304375, max = 0.0491406 (RTH2)
[2026-03-04 08:30:24.667] [info] Frame 434 (t = 2.17):	 total squared error = 0.023798, marker error: RMS = 0.0302541, max = 0.0488692 (RTH2)
[2026-03-04 08:30:24.683] [info] Frame 435 (t = 2.175):	 total squared error = 0.0234879, marker error: RMS = 0.0300563, max = 0.0486316 (RTH2)
[2026-03-04 08:30:24.700] [info] Frame 436 (t = 2.18):	 total squared error = 0.023162, marker error: RMS = 0.029847, max = 0.0483226 (RTH2)
[2026-03-04 08:30:24.717] [info] Frame 437 (t = 2.185):	 total squared error = 0.0228191, marker error: RMS = 0.0296253, max = 0.0480329 (RTH2)
[2026-03-04 08:30:24.734] [info] Frame 438 (t = 2.19):	 total squared error = 0.022461, marker error: RMS = 0.0293919, max = 0.0476685 (RTH2)
[2026-03-04 08:30:24.747] [info] Frame 439 (t = 2.195):	 total squared error = 0.0220885, marker error: RMS = 0.0291471, max = 0.0473932 (RTH2)
[2026-03-04 08:30:24.764] [info] Frame 440 (t = 2.2):	 total squared error = 0.0217006, marker error: RMS = 0.0288901, max = 0.0470130 (RTH2)
[2026-03-04 08:30:24.779] [info] Frame 441 (t = 2.20500):	 total squared error = 0.0213018, marker error: RMS = 0.0286234, max = 0.046617 (RTH2)
[2026-03-04 08:30:24.786] [info] Frame 442 (t = 2.21):	 total squared error = 0.0208896, marker error: RMS = 0.0283451, max = 0.0462046 (RTH2)
[2026-03-04 08:30:24.793] [info] Frame 443 (t = 2.215):	 total squared error = 0.0204705, marker error: RMS = 0.0280594, max = 0.0457911 (RTH2)
[2026-03-04 08:30:24.799] [info] Frame 444 (t = 2.22):	 total squared error = 0.0200508, marker error: RMS = 0.0277702, max = 0.0453606 (RTH2)
[2026-03-04 08:30:24.808] [info] Frame 445 (t = 2.225):	 total squared error = 0.0196346, marker error: RMS = 0.0274805, max = 0.0449457 (RTH2)
[2026-03-04 08:30:24.817] [info] Frame 446 (t = 2.23):	 total squared error = 0.0192039, marker error: RMS = 0.0271774, max = 0.0444125 (RTH2)
[2026-03-04 08:30:24.824] [info] Frame 447 (t = 2.235):	 total squared error = 0.0187779, marker error: RMS = 0.0268743, max = 0.0439417 (RTH2)
[2026-03-04 08:30:24.831] [info] Frame 448 (t = 2.24):	 total squared error = 0.0183557, marker error: RMS = 0.0265704, max = 0.0434633 (RTH2)
[2026-03-04 08:30:24.842] [info] Frame 449 (t = 2.245):	 total squared error = 0.0179439, marker error: RMS = 0.0262707, max = 0.0429672 (RTH2)
[2026-03-04 08:30:24.852] [info] Frame 450 (t = 2.25):	 total squared error = 0.0175279, marker error: RMS = 0.0259644, max = 0.0424931 (RTH2)
[2026-03-04 08:30:24.859] [info] Frame 451 (t = 2.255):	 total squared error = 0.0171203, marker error: RMS = 0.0256607, max = 0.0420103 (RTH2)
[2026-03-04 08:30:24.865] [info] Frame 452 (t = 2.26):	 total squared error = 0.0167197, marker error: RMS = 0.0253587, max = 0.0414795 (RTH2)
[2026-03-04 08:30:24.876] [info] Frame 453 (t = 2.265):	 total squared error = 0.0163353, marker error: RMS = 0.0250655, max = 0.0410207 (RTH2)
[2026-03-04 08:30:24.884] [info] Frame 454 (t = 2.27):	 total squared error = 0.0159495, marker error: RMS = 0.0247677, max = 0.0406072 (RTH2)
[2026-03-04 08:30:24.892] [info] Frame 455 (t = 2.275):	 total squared error = 0.0155728, marker error: RMS = 0.0244735, max = 0.0400390 (RTH2)
[2026-03-04 08:30:24.900] [info] Frame 456 (t = 2.28):	 total squared error = 0.0152081, marker error: RMS = 0.0241852, max = 0.0395861 (RTH2)
[2026-03-04 08:30:24.912] [info] Frame 457 (t = 2.285):	 total squared error = 0.0148537, marker error: RMS = 0.0239018, max = 0.0391197 (RTH2)
[2026-03-04 08:30:24.920] [info] Frame 458 (t = 2.29):	 total squared error = 0.0145016, marker error: RMS = 0.0236168, max = 0.0386466 (RTH2)
[2026-03-04 08:30:24.928] [info] Frame 459 (t = 2.295):	 total squared error = 0.0141628, marker error: RMS = 0.0233393, max = 0.0384969 (SACR2)
[2026-03-04 08:30:24.936] [info] Frame 460 (t = 2.3):	 total squared error = 0.0138323, marker error: RMS = 0.0230654, max = 0.0386642 (SACR2)
[2026-03-04 08:30:24.943] [info] Frame 461 (t = 2.30500):	 total squared error = 0.0135104, marker error: RMS = 0.0227954, max = 0.0387396 (SACR2)
[2026-03-04 08:30:24.956] [info] Frame 462 (t = 2.31):	 total squared error = 0.0131922, marker error: RMS = 0.0225253, max = 0.0381938 (SACR2)
[2026-03-04 08:30:24.964] [info] Frame 463 (t = 2.315):	 total squared error = 0.0128827, marker error: RMS = 0.0222595, max = 0.0384599 (SACR2)
[2026-03-04 08:30:24.975] [info] Frame 464 (t = 2.32):	 total squared error = 0.0125838, marker error: RMS = 0.0219998, max = 0.0381032 (SACR2)
[2026-03-04 08:30:24.984] [info] Frame 465 (t = 2.325):	 total squared error = 0.012293, marker error: RMS = 0.0217441, max = 0.0382208 (SACR2)
[2026-03-04 08:30:24.996] [info] Frame 466 (t = 2.33):	 total squared error = 0.0120103, marker error: RMS = 0.0214927, max = 0.0380460 (SACR2)
[2026-03-04 08:30:25.007] [info] Frame 467 (t = 2.335):	 total squared error = 0.0117353, marker error: RMS = 0.0212452, max = 0.0379504 (SACR2)
[2026-03-04 08:30:25.016] [info] Frame 468 (t = 2.34):	 total squared error = 0.0114711, marker error: RMS = 0.0210047, max = 0.0381369 (SACR2)
[2026-03-04 08:30:25.028] [info] Frame 469 (t = 2.345):	 total squared error = 0.0112165, marker error: RMS = 0.0207703, max = 0.0377766 (SACR2)
[2026-03-04 08:30:25.037] [info] Frame 470 (t = 2.35):	 total squared error = 0.0109696, marker error: RMS = 0.0205404, max = 0.0380769 (SACR2)
[2026-03-04 08:30:25.045] [info] Frame 471 (t = 2.355):	 total squared error = 0.0107367, marker error: RMS = 0.0203212, max = 0.0380916 (SACR2)
[2026-03-04 08:30:25.054] [info] Frame 472 (t = 2.36):	 total squared error = 0.0105115, marker error: RMS = 0.0201069, max = 0.0381895 (SACR2)
[2026-03-04 08:30:25.067] [info] Frame 473 (t = 2.365):	 total squared error = 0.0102819, marker error: RMS = 0.0198861, max = 0.0373572 (SACR2)
[2026-03-04 08:30:25.080] [info] Frame 474 (t = 2.37):	 total squared error = 0.0100624, marker error: RMS = 0.0196727, max = 0.0370823 (SACR2)
[2026-03-04 08:30:25.089] [info] Frame 475 (t = 2.375):	 total squared error = 0.00985435, marker error: RMS = 0.0194683, max = 0.037344 (SACR2)
[2026-03-04 08:30:25.097] [info] Frame 476 (t = 2.38):	 total squared error = 0.00965818, marker error: RMS = 0.0192735, max = 0.0374044 (SACR2)
[2026-03-04 08:30:25.110] [info] Frame 477 (t = 2.385):	 total squared error = 0.00945536, marker error: RMS = 0.0190701, max = 0.0365638 (SACR2)
[2026-03-04 08:30:25.118] [info] Frame 478 (t = 2.39):	 total squared error = 0.00926602, marker error: RMS = 0.0188782, max = 0.0368842 (SACR2)
[2026-03-04 08:30:25.133] [info] Frame 479 (t = 2.395):	 total squared error = 0.00907197, marker error: RMS = 0.0186795, max = 0.0361303 (SACR2)
[2026-03-04 08:30:25.141] [info] Frame 480 (t = 2.4):	 total squared error = 0.00889216, marker error: RMS = 0.0184934, max = 0.036449 (SACROL)
[2026-03-04 08:30:25.153] [info] Frame 481 (t = 2.40500):	 total squared error = 0.00871180, marker error: RMS = 0.0183049, max = 0.0357842 (SACROL)
[2026-03-04 08:30:25.161] [info] Frame 482 (t = 2.41):	 total squared error = 0.00854093, marker error: RMS = 0.0181245, max = 0.0361686 (SACROL)
[2026-03-04 08:30:25.175] [info] Frame 483 (t = 2.415):	 total squared error = 0.00836412, marker error: RMS = 0.0179359, max = 0.0354036 (SACROL)
[2026-03-04 08:30:25.183] [info] Frame 484 (t = 2.42):	 total squared error = 0.00820079, marker error: RMS = 0.0177599, max = 0.0358245 (SACROL)
[2026-03-04 08:30:25.202] [info] Frame 485 (t = 2.425):	 total squared error = 0.00802290, marker error: RMS = 0.0175662, max = 0.0350286 (SACROL)
[2026-03-04 08:30:25.209] [info] Frame 486 (t = 2.43):	 total squared error = 0.00786637, marker error: RMS = 0.017394, max = 0.035351 (SACROL)
[2026-03-04 08:30:25.224] [info] Frame 487 (t = 2.435):	 total squared error = 0.00770450, marker error: RMS = 0.0172141, max = 0.0347372 (SACROL)
[2026-03-04 08:30:25.230] [info] Frame 488 (t = 2.44):	 total squared error = 0.00755702, marker error: RMS = 0.0170486, max = 0.0351855 (SACROL)
[2026-03-04 08:30:25.247] [info] Frame 489 (t = 2.445):	 total squared error = 0.00739138, marker error: RMS = 0.0168607, max = 0.0343301 (SACROL)
[2026-03-04 08:30:25.254] [info] Frame 490 (t = 2.45):	 total squared error = 0.00724955, marker error: RMS = 0.0166982, max = 0.0348142 (SACROL)
[2026-03-04 08:30:25.263] [info] Frame 491 (t = 2.455):	 total squared error = 0.00712136, marker error: RMS = 0.0165499, max = 0.0349267 (SACROL)
[2026-03-04 08:30:25.279] [info] Frame 492 (t = 2.46):	 total squared error = 0.00695394, marker error: RMS = 0.0163542, max = 0.0337802 (SACROL)
[2026-03-04 08:30:25.288] [info] Frame 493 (t = 2.465):	 total squared error = 0.00682427, marker error: RMS = 0.0162010, max = 0.0342485 (SACROL)
[2026-03-04 08:30:25.295] [info] Frame 494 (t = 2.47):	 total squared error = 0.00670852, marker error: RMS = 0.0160630, max = 0.0344141 (SACROL)
[2026-03-04 08:30:25.310] [info] Frame 495 (t = 2.475):	 total squared error = 0.00655236, marker error: RMS = 0.0158749, max = 0.0332854 (SACROL)
[2026-03-04 08:30:25.330] [info] Frame 496 (t = 2.48):	 total squared error = 0.00642361, marker error: RMS = 0.0157182, max = 0.03316 (SACROL)
[2026-03-04 08:30:25.343] [info] Frame 497 (t = 2.485):	 total squared error = 0.00630588, marker error: RMS = 0.0155735, max = 0.0330082 (SACROL)
[2026-03-04 08:30:25.352] [info] Frame 498 (t = 2.49):	 total squared error = 0.00620084, marker error: RMS = 0.0154433, max = 0.0334069 (SACROL)
[2026-03-04 08:30:25.366] [info] Frame 499 (t = 2.495):	 total squared error = 0.00608365, marker error: RMS = 0.0152966, max = 0.0325055 (SACROL)
[2026-03-04 08:30:25.375] [info] Frame 500 (t = 2.5):	 total squared error = 0.00598656, marker error: RMS = 0.0151741, max = 0.0327946 (SACROL)
[2026-03-04 08:30:25.393] [info] Frame 501 (t = 2.50500):	 total squared error = 0.00587079, marker error: RMS = 0.0150266, max = 0.0320641 (SACROL)
[2026-03-04 08:30:25.408] [info] Frame 502 (t = 2.51):	 total squared error = 0.00577458, marker error: RMS = 0.0149030, max = 0.0318414 (SACROL)
[2026-03-04 08:30:25.416] [info] Frame 503 (t = 2.515):	 total squared error = 0.00569014, marker error: RMS = 0.0147936, max = 0.0321714 (SACROL)
[2026-03-04 08:30:25.431] [info] Frame 504 (t = 2.52):	 total squared error = 0.00559933, marker error: RMS = 0.0146751, max = 0.0313285 (SACROL)
[2026-03-04 08:30:25.445] [info] Frame 505 (t = 2.525):	 total squared error = 0.00551149, marker error: RMS = 0.0145595, max = 0.0310582 (SACROL)
[2026-03-04 08:30:25.461] [info] Frame 506 (t = 2.53):	 total squared error = 0.00543044, marker error: RMS = 0.0144521, max = 0.0308990 (SACROL)
[2026-03-04 08:30:25.475] [info] Frame 507 (t = 2.535):	 total squared error = 0.00535546, marker error: RMS = 0.014352, max = 0.0306463 (SACROL)
[2026-03-04 08:30:25.486] [info] Frame 508 (t = 2.54):	 total squared error = 0.00528837, marker error: RMS = 0.0142618, max = 0.0305439 (SACROL)
[2026-03-04 08:30:25.506] [info] Frame 509 (t = 2.545):	 total squared error = 0.00520931, marker error: RMS = 0.0141548, max = 0.0306956 (XIPH)
[2026-03-04 08:30:25.519] [info] Frame 510 (t = 2.55):	 total squared error = 0.00514367, marker error: RMS = 0.0140653, max = 0.0307046 (XIPH)
[2026-03-04 08:30:25.534] [info] Frame 511 (t = 2.555):	 total squared error = 0.00507621, marker error: RMS = 0.0139728, max = 0.0307639 (XIPH)
[2026-03-04 08:30:25.547] [info] Frame 512 (t = 2.56):	 total squared error = 0.00501319, marker error: RMS = 0.0138858, max = 0.0307567 (XIPH)
[2026-03-04 08:30:25.561] [info] Frame 513 (t = 2.565):	 total squared error = 0.00495149, marker error: RMS = 0.0138001, max = 0.0308112 (XIPH)
[2026-03-04 08:30:25.570] [info] Frame 514 (t = 2.57):	 total squared error = 0.00490067, marker error: RMS = 0.0137291, max = 0.0303046 (XIPH)
[2026-03-04 08:30:25.588] [info] Frame 515 (t = 2.575):	 total squared error = 0.00482940, marker error: RMS = 0.0136289, max = 0.0307940 (XIPH)
[2026-03-04 08:30:25.602] [info] Frame 516 (t = 2.58):	 total squared error = 0.00477454, marker error: RMS = 0.0135512, max = 0.0308197 (XIPH)
[2026-03-04 08:30:25.618] [info] Frame 517 (t = 2.585):	 total squared error = 0.00471750, marker error: RMS = 0.0134701, max = 0.0308041 (XIPH)
[2026-03-04 08:30:25.634] [info] Frame 518 (t = 2.59):	 total squared error = 0.00466215, marker error: RMS = 0.0133908, max = 0.0308402 (XIPH)
[2026-03-04 08:30:25.650] [info] Frame 519 (t = 2.595):	 total squared error = 0.00460757, marker error: RMS = 0.0133122, max = 0.0308295 (XIPH)
[2026-03-04 08:30:25.671] [info] Frame 520 (t = 2.6):	 total squared error = 0.00455349, marker error: RMS = 0.0132338, max = 0.0308073 (XIPH)
[2026-03-04 08:30:25.688] [info] Frame 521 (t = 2.60500):	 total squared error = 0.00450171, marker error: RMS = 0.0131584, max = 0.0307458 (XIPH)
[2026-03-04 08:30:25.699] [info] Frame 522 (t = 2.61):	 total squared error = 0.00445617, marker error: RMS = 0.0130916, max = 0.0305132 (XIPH)
[2026-03-04 08:30:25.717] [info] Frame 523 (t = 2.615):	 total squared error = 0.00439816, marker error: RMS = 0.0130062, max = 0.0307748 (XIPH)
[2026-03-04 08:30:25.735] [info] Frame 524 (t = 2.62):	 total squared error = 0.00434528, marker error: RMS = 0.0129277, max = 0.0307103 (XIPH)
[2026-03-04 08:30:25.753] [info] Frame 525 (t = 2.625):	 total squared error = 0.00429352, marker error: RMS = 0.0128505, max = 0.0306810 (XIPH)
[2026-03-04 08:30:25.772] [info] Frame 526 (t = 2.63):	 total squared error = 0.00424131, marker error: RMS = 0.0127721, max = 0.0306574 (XIPH)
[2026-03-04 08:30:25.792] [info] Frame 527 (t = 2.635):	 total squared error = 0.00418897, marker error: RMS = 0.0126931, max = 0.0306138 (XIPH)
[2026-03-04 08:30:25.812] [info] Frame 528 (t = 2.64):	 total squared error = 0.00413584, marker error: RMS = 0.0126123, max = 0.0305787 (XIPH)
[2026-03-04 08:30:25.829] [info] Frame 529 (t = 2.645):	 total squared error = 0.00408267, marker error: RMS = 0.012531, max = 0.0305246 (XIPH)
[2026-03-04 08:30:25.846] [info] Frame 530 (t = 2.65):	 total squared error = 0.00402821, marker error: RMS = 0.0124471, max = 0.0304764 (XIPH)
[2026-03-04 08:30:25.862] [info] Frame 531 (t = 2.655):	 total squared error = 0.00397321, marker error: RMS = 0.0123619, max = 0.0304196 (XIPH)
[2026-03-04 08:30:25.873] [info] Frame 532 (t = 2.66):	 total squared error = 0.00392167, marker error: RMS = 0.0122814, max = 0.0300669 (XIPH)
[2026-03-04 08:30:25.887] [info] Frame 533 (t = 2.665):	 total squared error = 0.00386045, marker error: RMS = 0.0121852, max = 0.0302990 (XIPH)
[2026-03-04 08:30:25.900] [info] Frame 534 (t = 2.67):	 total squared error = 0.00380177, marker error: RMS = 0.0120922, max = 0.0302037 (XIPH)
[2026-03-04 08:30:25.919] [info] Frame 535 (t = 2.675):	 total squared error = 0.00374305, marker error: RMS = 0.0119985, max = 0.0301439 (XIPH)
[2026-03-04 08:30:25.933] [info] Frame 536 (t = 2.68):	 total squared error = 0.00368352, marker error: RMS = 0.0119027, max = 0.0300436 (XIPH)
[2026-03-04 08:30:25.941] [info] Frame 537 (t = 2.685):	 total squared error = 0.00362877, marker error: RMS = 0.0118139, max = 0.0297222 (XIPH)
[2026-03-04 08:30:25.956] [info] Frame 538 (t = 2.69):	 total squared error = 0.00356351, marker error: RMS = 0.0117072, max = 0.0298366 (XIPH)
[2026-03-04 08:30:25.971] [info] Frame 539 (t = 2.695):	 total squared error = 0.00350287, marker error: RMS = 0.0116071, max = 0.0296371 (XIPH)
[2026-03-04 08:30:25.991] [info] Frame 540 (t = 2.7):	 total squared error = 0.00344087, marker error: RMS = 0.0115040, max = 0.0296297 (XIPH)
[2026-03-04 08:30:26.010] [info] Frame 541 (t = 2.70500):	 total squared error = 0.00338039, marker error: RMS = 0.0114024, max = 0.0295077 (XIPH)
[2026-03-04 08:30:26.028] [info] Frame 542 (t = 2.71):	 total squared error = 0.00332014, marker error: RMS = 0.0113003, max = 0.0293898 (XIPH)
[2026-03-04 08:30:26.043] [info] Frame 543 (t = 2.715):	 total squared error = 0.00326496, marker error: RMS = 0.0112060, max = 0.028963 (XIPH)
[2026-03-04 08:30:26.057] [info] Frame 544 (t = 2.72):	 total squared error = 0.00320605, marker error: RMS = 0.0111045, max = 0.0288419 (XIPH)
[2026-03-04 08:30:26.072] [info] Frame 545 (t = 2.725):	 total squared error = 0.00314865, marker error: RMS = 0.0110046, max = 0.0287147 (XIPH)
[2026-03-04 08:30:26.088] [info] Frame 546 (t = 2.73):	 total squared error = 0.00309134, marker error: RMS = 0.0109040, max = 0.0288080 (XIPH)
[2026-03-04 08:30:26.104] [info] Frame 547 (t = 2.735):	 total squared error = 0.00303479, marker error: RMS = 0.0108038, max = 0.0286202 (XIPH)
[2026-03-04 08:30:26.125] [info] Frame 548 (t = 2.74):	 total squared error = 0.00297673, marker error: RMS = 0.0107000, max = 0.028419 (XIPH)
[2026-03-04 08:30:26.142] [info] Frame 549 (t = 2.745):	 total squared error = 0.00292631, marker error: RMS = 0.0106090, max = 0.0281915 (XIPH)
[2026-03-04 08:30:26.166] [info] Frame 550 (t = 2.75):	 total squared error = 0.00286933, marker error: RMS = 0.0105052, max = 0.0280874 (XIPH)
[2026-03-04 08:30:26.186] [info] Frame 551 (t = 2.755):	 total squared error = 0.00281755, marker error: RMS = 0.0104100, max = 0.0279282 (XIPH)
[2026-03-04 08:30:26.205] [info] Frame 552 (t = 2.76):	 total squared error = 0.00276861, marker error: RMS = 0.0103192, max = 0.0277964 (XIPH)
[2026-03-04 08:30:26.223] [info] Frame 553 (t = 2.765):	 total squared error = 0.00272259, marker error: RMS = 0.0102330, max = 0.0276161 (XIPH)
[2026-03-04 08:30:26.244] [info] Frame 554 (t = 2.77):	 total squared error = 0.00267190, marker error: RMS = 0.0101373, max = 0.0274192 (XIPH)
[2026-03-04 08:30:26.264] [info] Frame 555 (t = 2.775):	 total squared error = 0.00262746, marker error: RMS = 0.0100527, max = 0.0273265 (XIPH)
[2026-03-04 08:30:26.286] [info] Frame 556 (t = 2.78):	 total squared error = 0.00258291, marker error: RMS = 0.00996707, max = 0.0270709 (XIPH)
[2026-03-04 08:30:26.304] [info] Frame 557 (t = 2.785):	 total squared error = 0.00254360, marker error: RMS = 0.00989094, max = 0.0269687 (XIPH)
[2026-03-04 08:30:26.334] [info] Frame 558 (t = 2.79):	 total squared error = 0.00250239, marker error: RMS = 0.00981048, max = 0.0267788 (XIPH)
[2026-03-04 08:30:26.364] [info] Frame 559 (t = 2.795):	 total squared error = 0.00246378, marker error: RMS = 0.00973451, max = 0.0265783 (XIPH)
[2026-03-04 08:30:26.376] [info] Frame 560 (t = 2.8):	 total squared error = 0.00243259, marker error: RMS = 0.00967271, max = 0.0261403 (XIPH)
[2026-03-04 08:30:26.394] [info] Frame 561 (t = 2.80500):	 total squared error = 0.00239769, marker error: RMS = 0.00960307, max = 0.0263663 (XIPH)
[2026-03-04 08:30:26.410] [info] Frame 562 (t = 2.81):	 total squared error = 0.00236938, marker error: RMS = 0.00954620, max = 0.0262249 (XIPH)
[2026-03-04 08:30:26.435] [info] Frame 563 (t = 2.815):	 total squared error = 0.00233846, marker error: RMS = 0.00948371, max = 0.0261209 (XIPH)
[2026-03-04 08:30:26.451] [info] Frame 564 (t = 2.82):	 total squared error = 0.00231528, marker error: RMS = 0.00943659, max = 0.0260555 (XIPH)
[2026-03-04 08:30:26.475] [info] Frame 565 (t = 2.825):	 total squared error = 0.00229086, marker error: RMS = 0.00938669, max = 0.0258891 (XIPH)
[2026-03-04 08:30:26.493] [info] Frame 566 (t = 2.83):	 total squared error = 0.00226961, marker error: RMS = 0.00934306, max = 0.0258258 (XIPH)
[2026-03-04 08:30:26.513] [info] Frame 567 (t = 2.835):	 total squared error = 0.00224770, marker error: RMS = 0.00929786, max = 0.0257501 (XIPH)
[2026-03-04 08:30:26.525] [info] Frame 568 (t = 2.84):	 total squared error = 0.00223257, marker error: RMS = 0.00926651, max = 0.0256 (XIPH)
[2026-03-04 08:30:26.537] [info] Frame 569 (t = 2.845):	 total squared error = 0.00221613, marker error: RMS = 0.00923233, max = 0.0256006 (XIPH)
[2026-03-04 08:30:26.552] [info] Frame 570 (t = 2.85):	 total squared error = 0.00219845, marker error: RMS = 0.00919542, max = 0.0255482 (XIPH)
[2026-03-04 08:30:26.570] [info] Frame 571 (t = 2.855):	 total squared error = 0.00218342, marker error: RMS = 0.00916393, max = 0.0254719 (XIPH)
[2026-03-04 08:30:26.583] [info] Frame 572 (t = 2.86):	 total squared error = 0.00217018, marker error: RMS = 0.00913612, max = 0.0253389 (XIPH)
[2026-03-04 08:30:26.595] [info] Frame 573 (t = 2.865):	 total squared error = 0.00215730, marker error: RMS = 0.00910895, max = 0.0252802 (XIPH)
[2026-03-04 08:30:26.610] [info] Frame 574 (t = 2.87):	 total squared error = 0.00214456, marker error: RMS = 0.00908202, max = 0.0252514 (XIPH)
[2026-03-04 08:30:26.620] [info] Frame 575 (t = 2.875):	 total squared error = 0.00213582, marker error: RMS = 0.00906349, max = 0.0250153 (XIPH)
[2026-03-04 08:30:26.632] [info] Frame 576 (t = 2.88):	 total squared error = 0.00211971, marker error: RMS = 0.00902925, max = 0.0250141 (XIPH)
[2026-03-04 08:30:26.658] [info] Frame 577 (t = 2.885):	 total squared error = 0.00210404, marker error: RMS = 0.00899582, max = 0.0249982 (XIPH)
[2026-03-04 08:30:26.684] [info] Frame 578 (t = 2.89):	 total squared error = 0.00209047, marker error: RMS = 0.00896676, max = 0.0248938 (XIPH)
[2026-03-04 08:30:26.706] [info] Frame 579 (t = 2.895):	 total squared error = 0.00207493, marker error: RMS = 0.00893336, max = 0.0247829 (XIPH)
[2026-03-04 08:30:26.723] [info] Frame 580 (t = 2.9):	 total squared error = 0.00206075, marker error: RMS = 0.00890278, max = 0.0246564 (XIPH)
[2026-03-04 08:30:26.741] [info] Frame 581 (t = 2.90500):	 total squared error = 0.00204252, marker error: RMS = 0.00886332, max = 0.0245177 (XIPH)
[2026-03-04 08:30:26.757] [info] Frame 582 (t = 2.91):	 total squared error = 0.00202566, marker error: RMS = 0.00882667, max = 0.0243727 (XIPH)
[2026-03-04 08:30:26.770] [info] Frame 583 (t = 2.915):	 total squared error = 0.00200542, marker error: RMS = 0.00878246, max = 0.0241468 (XIPH)
[2026-03-04 08:30:26.786] [info] Frame 584 (t = 2.92):	 total squared error = 0.00198324, marker error: RMS = 0.00873375, max = 0.0240917 (XIPH)
[2026-03-04 08:30:26.801] [info] Frame 585 (t = 2.925):	 total squared error = 0.00196201, marker error: RMS = 0.00868688, max = 0.0239016 (XIPH)
[2026-03-04 08:30:26.813] [info] Frame 586 (t = 2.93):	 total squared error = 0.00193820, marker error: RMS = 0.00863401, max = 0.0237048 (XIPH)
[2026-03-04 08:30:26.828] [info] Frame 587 (t = 2.935):	 total squared error = 0.00191361, marker error: RMS = 0.00857907, max = 0.0235562 (XIPH)
[2026-03-04 08:30:26.855] [info] Frame 588 (t = 2.94):	 total squared error = 0.00188768, marker error: RMS = 0.00852074, max = 0.0233181 (XIPH)
[2026-03-04 08:30:26.885] [info] Frame 589 (t = 2.945):	 total squared error = 0.00186064, marker error: RMS = 0.00845949, max = 0.0232412 (XIPH)
[2026-03-04 08:30:26.903] [info] Frame 590 (t = 2.95):	 total squared error = 0.00183870, marker error: RMS = 0.00840947, max = 0.0230514 (XIPH)
[2026-03-04 08:30:26.935] [info] Frame 591 (t = 2.955):	 total squared error = 0.00181002, marker error: RMS = 0.00834363, max = 0.0228523 (XIPH)
[2026-03-04 08:30:26.951] [info] Frame 592 (t = 2.96):	 total squared error = 0.00178359, marker error: RMS = 0.00828248, max = 0.0226876 (XIPH)
[2026-03-04 08:30:26.977] [info] Frame 593 (t = 2.965):	 total squared error = 0.00176231, marker error: RMS = 0.00823292, max = 0.0225291 (XIPH)
[2026-03-04 08:30:27.015] [info] Frame 594 (t = 2.97):	 total squared error = 0.00173997, marker error: RMS = 0.00818059, max = 0.0224375 (XIPH)
[2026-03-04 08:30:27.032] [info] Frame 595 (t = 2.975):	 total squared error = 0.00171895, marker error: RMS = 0.00813102, max = 0.022298 (XIPH)
[2026-03-04 08:30:27.066] [info] Frame 596 (t = 2.98):	 total squared error = 0.00170117, marker error: RMS = 0.00808885, max = 0.0221767 (XIPH)
[2026-03-04 08:30:27.084] [info] Frame 597 (t = 2.985):	 total squared error = 0.00168621, marker error: RMS = 0.00805322, max = 0.0220934 (XIPH)
[2026-03-04 08:30:27.096] [info] Frame 598 (t = 2.99):	 total squared error = 0.00167092, marker error: RMS = 0.00801662, max = 0.0218874 (XIPH)
[2026-03-04 08:30:27.127] [info] Frame 599 (t = 2.995):	 total squared error = 0.00166372, marker error: RMS = 0.00799932, max = 0.0219247 (XIPH)
[2026-03-04 08:30:27.140] [info] Frame 600 (t = 3.0):	 total squared error = 0.00165809, marker error: RMS = 0.00798577, max = 0.0218758 (XIPH)
[2026-03-04 08:30:27.173] [info] Frame 601 (t = 3.00500):	 total squared error = 0.00165448, marker error: RMS = 0.00797709, max = 0.0218826 (XIPH)
[2026-03-04 08:30:27.194] [info] Frame 602 (t = 3.01):	 total squared error = 0.00165432, marker error: RMS = 0.00797670, max = 0.0219183 (XIPH)
[2026-03-04 08:30:27.218] [info] Frame 603 (t = 3.015):	 total squared error = 0.00165328, marker error: RMS = 0.00797419, max = 0.0218725 (XIPH)
[2026-03-04 08:30:27.238] [info] InverseKinematicsTool completed 603 frames in 11 second(s).
[2026-03-04 08:30:32.923] [info] Loaded model Athlete_03_Uhlrich_scaled from file ..\..\..\..\models\Athlete_03_Uhlrich\25_03_31\scaled.osim
[2026-03-04 08:30:32.988] [info] Storage: read data file = joint_angles.mot (nr=603 nc=40)
[2026-03-04 08:30:33.043] [info] Loaded model Athlete_03_Uhlrich_scaled from file ..\..\..\..\models\Athlete_03_Uhlrich\25_03_31\scaled.osim
[2026-03-04 08:30:33.100] [cout] [info] 
               MODEL: Athlete_03_Uhlrich_scaled
         coordinates: 39
              forces: 97
           actuators: 97
             muscles: 80
            analyses: 0
              probes: 0
              bodies: 22
              joints: 22
         constraints: 2
             markers: 46
         controllers: 0
  contact geometries: 0
misc modelcomponents: 0
[2026-03-04 08:30:33.100] [info] Running tool ...
[2026-03-04 08:30:33.172] [info] Storage: read data file = grf.mot (nr=6040 nc=46)
[2026-03-04 08:30:33.237] [info] ExternalForce::grf_r_4 Data source being set to grf
[2026-03-04 08:30:33.238] [info] ExternalForce::grf_l_5 Data source being set to grf
[2026-03-04 08:30:33.251] [info] Storage: read data file = joint_angles.mot (nr=603 nc=40)
[2026-03-04 08:30:33.259] [info] Low-pass filtering coordinates data with a cutoff frequency of 6.0...
[2026-03-04 08:30:34.168] [info] InverseDynamicsTool: 603 time frames in 426 millisecond(s).
[2026-03-04 08:30:37.012] [info] Loaded model Athlete_03_Uhlrich_scaled from file ..\..\..\..\models\Athlete_03_Uhlrich\25_03_31\scaled.osim
[2026-03-04 08:30:37.077] [info] Storage: read data file = joint_angles.mot (nr=603 nc=40)
[2026-03-04 08:30:37.113] [info] AbstractTool  loading model ..\..\..\..\models\Athlete_03_Uhlrich\25_03_31\scaled.osim
[2026-03-04 08:30:37.139] [info] Loaded model Athlete_03_Uhlrich_scaled from file ..\..\..\..\models\Athlete_03_Uhlrich\25_03_31\scaled.osim
[2026-03-04 08:30:37.297] [info] Storage: read data file = grf.mot (nr=6040 nc=46)
[2026-03-04 08:30:37.366] [info] ExternalForce::grf_r_4 Data source being set to grf
[2026-03-04 08:30:37.366] [info] ExternalForce::grf_l_5 Data source being set to grf
[2026-03-04 08:30:37.381] [info] Loading coordinates from file 'joint_angles.mot'.
[2026-03-04 08:30:37.382] [info] Storage: read data file = joint_angles.mot (nr=603 nc=40)
[2026-03-04 08:30:37.391] [info] Low-pass filtering coordinates data with a cutoff frequency of 6.0...
[2026-03-04 08:30:38.006] [info] AssemblySolver::track() attempt Failed: SimTK Exception thrown at Assembler.cpp:973:
  Method Assembler::track() failed because:
Unable to achieve required assembly error tolerance.
Assembly error tolerance achieved: 9.9542383979794749e-09 required: 1e-10.
[2026-03-04 08:30:38.011] [error] Model unable to assemble: AssemblySolver::assemble() Failed: SimTK Exception thrown at Assembler.cpp:897:
  Method Assembler::assemble() failed because:
Unable to achieve required assembly error tolerance.
Assembly error tolerance achieved: 9.9542377991428761e-09 required: 1e-10..Model relaxing constraints and trying again.
[2026-03-04 08:30:38.493] [info] Found 1205 state vectors with time stamps ranging from -1.5 to 4.52.
[2026-03-04 08:30:38.493] [info] Executing the analyses from 0.00500000 to 3.015...
[2026-03-04 08:30:38.501] [warning] MuscleAnalysis: coordinate mtp_angle_r is locked and can't be varied.
[2026-03-04 08:30:38.502] [warning] MuscleAnalysis: coordinate mtp_angle_l is locked and can't be varied.
[2026-03-04 08:30:38.502] [warning] MuscleAnalysis: coordinate wrist_flex_r is locked and can't be varied.
[2026-03-04 08:30:38.502] [warning] MuscleAnalysis: coordinate wrist_dev_r is locked and can't be varied.
[2026-03-04 08:30:38.502] [warning] MuscleAnalysis: coordinate wrist_flex_l is locked and can't be varied.
[2026-03-04 08:30:38.502] [warning] MuscleAnalysis: coordinate wrist_dev_l is locked and can't be varied.
[2026-03-04 08:32:16.250] [info] Printing results of investigation  to MuscleAnalysis
[2026-03-04 08:32:17.961] [info] Loaded model Athlete_03_Uhlrich_scaled from file ..\..\..\..\models\Athlete_03_Uhlrich\25_03_31\scaled.osim
[2026-03-04 08:32:18.001] [info] Storage: read data file = joint_angles.mot (nr=603 nc=40)
[2026-03-04 08:32:18.032] [info] AbstractTool SO loading model ..\..\..\..\models\Athlete_03_Uhlrich\25_03_31\scaled.osim
[2026-03-04 08:32:18.060] [info] Loaded model Athlete_03_Uhlrich_scaled from file ..\..\..\..\models\Athlete_03_Uhlrich\25_03_31\scaled.osim
[2026-03-04 08:32:18.117] [info] Adding force object set from actuators_so.xml
[2026-03-04 08:32:18.182] [info] Storage: read data file = grf.mot (nr=6040 nc=46)
[2026-03-04 08:32:18.249] [info] ExternalForce::grf_r_4 Data source being set to grf
[2026-03-04 08:32:18.249] [info] ExternalForce::grf_l_5 Data source being set to grf
[2026-03-04 08:32:18.257] [info] Loading coordinates from file 'joint_angles.mot'.
[2026-03-04 08:32:18.257] [info] Storage: read data file = joint_angles.mot (nr=603 nc=40)
[2026-03-04 08:32:18.267] [info] Low-pass filtering coordinates data with a cutoff frequency of 6.0...
[2026-03-04 08:32:18.881] [info] AssemblySolver::track() attempt Failed: SimTK Exception thrown at Assembler.cpp:973:
  Method Assembler::track() failed because:
Unable to achieve required assembly error tolerance.
Assembly error tolerance achieved: 9.9542383979794749e-09 required: 1e-10.
[2026-03-04 08:32:18.886] [error] Model unable to assemble: AssemblySolver::assemble() Failed: SimTK Exception thrown at Assembler.cpp:897:
  Method Assembler::assemble() failed because:
Unable to achieve required assembly error tolerance.
Assembly error tolerance achieved: 9.9542377991428761e-09 required: 1e-10..Model relaxing constraints and trying again.
[2026-03-04 08:32:19.394] [info] Found 1205 state vectors with time stamps ranging from -1.5 to 4.52.
[2026-03-04 08:32:19.394] [info] Executing the analyses from 0.00500000 to 3.015...
[2026-03-04 08:32:19.472] [info] Storage: read data file = grf.mot (nr=6040 nc=46)
[2026-03-04 08:32:19.540] [info] ExternalForce::grf_r_4 Data source being set to grf
[2026-03-04 08:32:19.541] [info] ExternalForce::grf_l_5 Data source being set to grf
[2026-03-04 08:32:19.572] [info] Storage: read data file = grf.mot (nr=6040 nc=46)
[2026-03-04 08:32:19.641] [info] ExternalForce::grf_r_4 Data source being set to grf
[2026-03-04 08:32:19.641] [info] ExternalForce::grf_l_5 Data source being set to grf
[2026-03-04 08:32:20.721] [cout] [info] time = 0.00500000 Performance = 4.47261 Constraint violation = 1.10051e-11
[2026-03-04 08:32:20.723] [info] Bounds for 'addbrev_r': 0.01 to 1.0.
[2026-03-04 08:32:20.724] [info] Bounds for 'addlong_r': 0.01 to 1.0.
[2026-03-04 08:32:20.724] [info] Bounds for 'addmagDist_r': 0.01 to 1.0.
[2026-03-04 08:32:20.724] [info] Bounds for 'addmagIsch_r': 0.01 to 1.0.
[2026-03-04 08:32:20.724] [info] Bounds for 'addmagMid_r': 0.01 to 1.0.
[2026-03-04 08:32:20.724] [info] Bounds for 'addmagProx_r': 0.01 to 1.0.
[2026-03-04 08:32:20.724] [info] Bounds for 'bflh_r': 0.01 to 1.0.
[2026-03-04 08:32:20.724] [info] Bounds for 'bfsh_r': 0.01 to 1.0.
[2026-03-04 08:32:20.724] [info] Bounds for 'edl_r': 0.01 to 1.0.
[2026-03-04 08:32:20.724] [info] Bounds for 'ehl_r': 0.01 to 1.0.
[2026-03-04 08:32:20.724] [info] Bounds for 'fdl_r': 0.01 to 1.0.
[2026-03-04 08:32:20.724] [info] Bounds for 'fhl_r': 0.01 to 1.0.
[2026-03-04 08:32:20.724] [info] Bounds for 'gaslat_r': 0.01 to 1.0.
[2026-03-04 08:32:20.724] [info] Bounds for 'gasmed_r': 0.01 to 1.0.
[2026-03-04 08:32:20.724] [info] Bounds for 'glmax1_r': 0.01 to 1.0.
[2026-03-04 08:32:20.724] [info] Bounds for 'glmax2_r': 0.01 to 1.0.
[2026-03-04 08:32:20.725] [info] Bounds for 'glmax3_r': 0.01 to 1.0.
[2026-03-04 08:32:20.725] [info] Bounds for 'glmed1_r': 0.01 to 1.0.
[2026-03-04 08:32:20.725] [info] Bounds for 'glmed2_r': 0.01 to 1.0.
[2026-03-04 08:32:20.725] [info] Bounds for 'glmed3_r': 0.01 to 1.0.
[2026-03-04 08:32:20.725] [info] Bounds for 'glmin1_r': 0.01 to 1.0.
[2026-03-04 08:32:20.725] [info] Bounds for 'glmin2_r': 0.01 to 1.0.
[2026-03-04 08:32:20.725] [info] Bounds for 'glmin3_r': 0.01 to 1.0.
[2026-03-04 08:32:20.725] [info] Bounds for 'grac_r': 0.01 to 1.0.
[2026-03-04 08:32:20.725] [info] Bounds for 'iliacus_r': 0.01 to 1.0.
[2026-03-04 08:32:20.725] [info] Bounds for 'perbrev_r': 0.01 to 1.0.
[2026-03-04 08:32:20.725] [info] Bounds for 'perlong_r': 0.01 to 1.0.
[2026-03-04 08:32:20.726] [info] Bounds for 'piri_r': 0.01 to 1.0.
[2026-03-04 08:32:20.726] [info] Bounds for 'psoas_r': 0.01 to 1.0.
[2026-03-04 08:32:20.726] [info] Bounds for 'recfem_r': 0.01 to 1.0.
[2026-03-04 08:32:20.726] [info] Bounds for 'sart_r': 0.01 to 1.0.
[2026-03-04 08:32:20.726] [info] Bounds for 'semimem_r': 0.01 to 1.0.
[2026-03-04 08:32:20.726] [info] Bounds for 'semiten_r': 0.01 to 1.0.
[2026-03-04 08:32:20.726] [info] Bounds for 'soleus_r': 0.01 to 1.0.
[2026-03-04 08:32:20.726] [info] Bounds for 'tfl_r': 0.01 to 1.0.
[2026-03-04 08:32:20.726] [info] Bounds for 'tibant_r': 0.01 to 1.0.
[2026-03-04 08:32:20.726] [info] Bounds for 'tibpost_r': 0.01 to 1.0.
[2026-03-04 08:32:20.726] [info] Bounds for 'vasint_r': 0.01 to 1.0.
[2026-03-04 08:32:20.726] [info] Bounds for 'vaslat_r': 0.01 to 1.0.
[2026-03-04 08:32:20.726] [info] Bounds for 'vasmed_r': 0.01 to 1.0.
[2026-03-04 08:32:20.726] [info] Bounds for 'addbrev_l': 0.01 to 1.0.
[2026-03-04 08:32:20.726] [info] Bounds for 'addlong_l': 0.01 to 1.0.
[2026-03-04 08:32:20.726] [info] Bounds for 'addmagDist_l': 0.01 to 1.0.
[2026-03-04 08:32:20.726] [info] Bounds for 'addmagIsch_l': 0.01 to 1.0.
[2026-03-04 08:32:20.726] [info] Bounds for 'addmagMid_l': 0.01 to 1.0.
[2026-03-04 08:32:20.726] [info] Bounds for 'addmagProx_l': 0.01 to 1.0.
[2026-03-04 08:32:20.726] [info] Bounds for 'bflh_l': 0.01 to 1.0.
[2026-03-04 08:32:20.726] [info] Bounds for 'bfsh_l': 0.01 to 1.0.
[2026-03-04 08:32:20.726] [info] Bounds for 'edl_l': 0.01 to 1.0.
[2026-03-04 08:32:20.726] [info] Bounds for 'ehl_l': 0.01 to 1.0.
[2026-03-04 08:32:20.726] [info] Bounds for 'fdl_l': 0.01 to 1.0.
[2026-03-04 08:32:20.726] [info] Bounds for 'fhl_l': 0.01 to 1.0.
[2026-03-04 08:32:20.726] [info] Bounds for 'gaslat_l': 0.01 to 1.0.
[2026-03-04 08:32:20.726] [info] Bounds for 'gasmed_l': 0.01 to 1.0.
[2026-03-04 08:32:20.727] [info] Bounds for 'glmax1_l': 0.01 to 1.0.
[2026-03-04 08:32:20.727] [info] Bounds for 'glmax2_l': 0.01 to 1.0.
[2026-03-04 08:32:20.727] [info] Bounds for 'glmax3_l': 0.01 to 1.0.
[2026-03-04 08:32:20.727] [info] Bounds for 'glmed1_l': 0.01 to 1.0.
[2026-03-04 08:32:20.727] [info] Bounds for 'glmed2_l': 0.01 to 1.0.
[2026-03-04 08:32:20.727] [info] Bounds for 'glmed3_l': 0.01 to 1.0.
[2026-03-04 08:32:20.727] [info] Bounds for 'glmin1_l': 0.01 to 1.0.
[2026-03-04 08:32:20.727] [info] Bounds for 'glmin2_l': 0.01 to 1.0.
[2026-03-04 08:32:20.727] [info] Bounds for 'glmin3_l': 0.01 to 1.0.
[2026-03-04 08:32:20.727] [info] Bounds for 'grac_l': 0.01 to 1.0.
[2026-03-04 08:32:20.727] [info] Bounds for 'iliacus_l': 0.01 to 1.0.
[2026-03-04 08:32:20.727] [info] Bounds for 'perbrev_l': 0.01 to 1.0.
[2026-03-04 08:32:20.727] [info] Bounds for 'perlong_l': 0.01 to 1.0.
[2026-03-04 08:32:20.727] [info] Bounds for 'piri_l': 0.01 to 1.0.
[2026-03-04 08:32:20.727] [info] Bounds for 'psoas_l': 0.01 to 1.0.
[2026-03-04 08:32:20.727] [info] Bounds for 'recfem_l': 0.01 to 1.0.
[2026-03-04 08:32:20.727] [info] Bounds for 'sart_l': 0.01 to 1.0.
[2026-03-04 08:32:20.728] [info] Bounds for 'semimem_l': 0.01 to 1.0.
[2026-03-04 08:32:20.728] [info] Bounds for 'semiten_l': 0.01 to 1.0.
[2026-03-04 08:32:20.728] [info] Bounds for 'soleus_l': 0.01 to 1.0.
[2026-03-04 08:32:20.728] [info] Bounds for 'tfl_l': 0.01 to 1.0.
[2026-03-04 08:32:20.728] [info] Bounds for 'tibant_l': 0.01 to 1.0.
[2026-03-04 08:32:20.728] [info] Bounds for 'tibpost_l': 0.01 to 1.0.
[2026-03-04 08:32:20.728] [info] Bounds for 'vasint_l': 0.01 to 1.0.
[2026-03-04 08:32:20.728] [info] Bounds for 'vaslat_l': 0.01 to 1.0.
[2026-03-04 08:32:20.728] [info] Bounds for 'vasmed_l': 0.01 to 1.0.
[2026-03-04 08:32:20.728] [info] Bounds for 'lumbar_ext': -inf to inf.
[2026-03-04 08:32:20.728] [info] Bounds for 'lumbar_bend': -inf to inf.
[2026-03-04 08:32:20.728] [info] Bounds for 'lumbar_rot': -inf to inf.
[2026-03-04 08:32:20.728] [info] Bounds for 'shoulder_flex_r': -inf to inf.
[2026-03-04 08:32:20.728] [info] Bounds for 'shoulder_add_r': -inf to inf.
[2026-03-04 08:32:20.728] [info] Bounds for 'shoulder_rot_r': -inf to inf.
[2026-03-04 08:32:20.728] [info] Bounds for 'elbow_flex_r': -inf to inf.
[2026-03-04 08:32:20.728] [info] Bounds for 'pro_sup_r': -inf to inf.
[2026-03-04 08:32:20.728] [info] Bounds for 'wrist_flex_r': -inf to inf.
[2026-03-04 08:32:20.729] [info] Bounds for 'wrist_dev_r': -inf to inf.
[2026-03-04 08:32:20.729] [info] Bounds for 'shoulder_flex_l': -inf to inf.
[2026-03-04 08:32:20.729] [info] Bounds for 'shoulder_add_l': -inf to inf.
[2026-03-04 08:32:20.729] [info] Bounds for 'shoulder_rot_l': -inf to inf.
[2026-03-04 08:32:20.729] [info] Bounds for 'elbow_flex_l': -inf to inf.
[2026-03-04 08:32:20.729] [info] Bounds for 'pro_sup_l': -inf to inf.
[2026-03-04 08:32:20.729] [info] Bounds for 'wrist_flex_l': -inf to inf.
[2026-03-04 08:32:20.729] [info] Bounds for 'wrist_dev_l': -inf to inf.
[2026-03-04 08:32:20.729] [info] Bounds for 'FX': -inf to inf.
[2026-03-04 08:32:20.729] [info] Bounds for 'FY': -inf to inf.
[2026-03-04 08:32:20.729] [info] Bounds for 'FZ': -inf to inf.
[2026-03-04 08:32:20.729] [info] Bounds for 'MX': -inf to inf.
[2026-03-04 08:32:20.729] [info] Bounds for 'MY': -inf to inf.
[2026-03-04 08:32:20.729] [info] Bounds for 'MZ': -inf to inf.
[2026-03-04 08:32:20.729] [info] Bounds for 'hip_flexion_r_reserve': -1.0 to 1.0.
[2026-03-04 08:32:20.730] [info] Bounds for 'hip_adduction_r_reserve': -1.0 to 1.0.
[2026-03-04 08:32:20.730] [info] Bounds for 'hip_rotation_r_reserve': -1.0 to 1.0.
[2026-03-04 08:32:20.730] [info] Bounds for 'knee_angle_r_reserve': -1.0 to 1.0.
[2026-03-04 08:32:20.730] [info] Bounds for 'ankle_angle_r_reserve': -1.0 to 1.0.
[2026-03-04 08:32:20.730] [info] Bounds for 'hip_flexion_l_reserve': -1.0 to 1.0.
[2026-03-04 08:32:20.730] [info] Bounds for 'hip_adduction_l_reserve': -1.0 to 1.0.
[2026-03-04 08:32:20.730] [info] Bounds for 'hip_rotation_l_reserve': -1.0 to 1.0.
[2026-03-04 08:32:20.730] [info] Bounds for 'knee_angle_l_reserve': -1.0 to 1.0.
[2026-03-04 08:32:20.730] [info] Bounds for 'ankle_angle_l_reserve': -1.0 to 1.0.
[2026-03-04 08:32:20.992] [cout] [info] time = 0.01 Performance = 4.09118 Constraint violation = 2.23184e-11
[2026-03-04 08:32:21.251] [cout] [info] time = 0.015 Performance = 3.78553 Constraint violation = 3.47435e-12
[2026-03-04 08:32:21.512] [cout] [info] time = 0.02 Performance = 3.55187 Constraint violation = 1.95013e-12
[2026-03-04 08:32:21.771] [cout] [info] time = 0.025 Performance = 3.38101 Constraint violation = 4.06765e-12
[2026-03-04 08:32:22.028] [cout] [info] time = 0.03 Performance = 3.26039 Constraint violation = 8.30083e-12
[2026-03-04 08:32:22.287] [cout] [info] time = 0.035 Performance = 3.17679 Constraint violation = 9.74308e-13
[2026-03-04 08:32:22.547] [cout] [info] time = 0.04 Performance = 3.11764 Constraint violation = 5.45835e-12
[2026-03-04 08:32:22.812] [cout] [info] time = 0.045 Performance = 3.07207 Constraint violation = 2.02791e-12
[2026-03-04 08:32:23.081] [cout] [info] time = 0.05 Performance = 3.03207 Constraint violation = 9.58123e-13
[2026-03-04 08:32:23.343] [cout] [info] time = 0.055 Performance = 2.99202 Constraint violation = 7.81815e-13
[2026-03-04 08:32:23.599] [cout] [info] time = 0.06 Performance = 2.94888 Constraint violation = 1.19638e-12
[2026-03-04 08:32:23.861] [cout] [info] time = 0.065 Performance = 2.90109 Constraint violation = 1.3147e-12
[2026-03-04 08:32:24.119] [cout] [info] time = 0.07 Performance = 2.8484 Constraint violation = 7.38132e-13
[2026-03-04 08:32:24.375] [cout] [info] time = 0.075 Performance = 2.7912 Constraint violation = 8.66107e-13
[2026-03-04 08:32:24.632] [cout] [info] time = 0.08 Performance = 2.73071 Constraint violation = 1.35987e-12
[2026-03-04 08:32:24.887] [cout] [info] time = 0.085 Performance = 2.66839 Constraint violation = 8.31513e-13
[2026-03-04 08:32:25.140] [cout] [info] time = 0.09 Performance = 2.60703 Constraint violation = 8.6217e-13
[2026-03-04 08:32:25.396] [cout] [info] time = 0.095 Performance = 2.54681 Constraint violation = 7.62039e-13
[2026-03-04 08:32:25.654] [cout] [info] time = 0.1 Performance = 2.48937 Constraint violation = 1.24626e-12
[2026-03-04 08:32:25.920] [cout] [info] time = 0.105000 Performance = 2.43686 Constraint violation = 1.17753e-12
[2026-03-04 08:32:26.174] [cout] [info] time = 0.11 Performance = 2.38884 Constraint violation = 7.43702e-13
[2026-03-04 08:32:26.430] [cout] [info] time = 0.115 Performance = 2.34503 Constraint violation = 9.46419e-13
[2026-03-04 08:32:26.684] [cout] [info] time = 0.12 Performance = 2.30419 Constraint violation = 1.3192e-12
[2026-03-04 08:32:26.940] [cout] [info] time = 0.125 Performance = 2.26527 Constraint violation = 1.4828e-12
[2026-03-04 08:32:27.195] [cout] [info] time = 0.13 Performance = 2.22632 Constraint violation = 7.57536e-13
[2026-03-04 08:32:27.448] [cout] [info] time = 0.135 Performance = 2.18512 Constraint violation = 1.81464e-12
[2026-03-04 08:32:27.702] [cout] [info] time = 0.14 Performance = 2.14035 Constraint violation = 1.03836e-12
[2026-03-04 08:32:27.957] [cout] [info] time = 0.145 Performance = 2.09094 Constraint violation = 1.2569e-12
[2026-03-04 08:32:28.215] [cout] [info] time = 0.15 Performance = 2.03557 Constraint violation = 2.02313e-12
[2026-03-04 08:32:28.471] [cout] [info] time = 0.155 Performance = 1.97336 Constraint violation = 4.9782e-13
[2026-03-04 08:32:28.733] [cout] [info] time = 0.16 Performance = 1.90528 Constraint violation = 9.80720e-13
[2026-03-04 08:32:28.990] [cout] [info] time = 0.165 Performance = 1.83228 Constraint violation = 1.16895e-12
[2026-03-04 08:32:29.245] [cout] [info] time = 0.17 Performance = 1.75533 Constraint violation = 4.37541e-13
[2026-03-04 08:32:29.507] [cout] [info] time = 0.175 Performance = 1.67691 Constraint violation = 8.03257e-13
[2026-03-04 08:32:29.763] [cout] [info] time = 0.18 Performance = 1.59912 Constraint violation = 1.32946e-12
[2026-03-04 08:32:30.020] [cout] [info] time = 0.185 Performance = 1.5249 Constraint violation = 8.3486e-13
[2026-03-04 08:32:30.280] [cout] [info] time = 0.19 Performance = 1.45698 Constraint violation = 8.30814e-13
[2026-03-04 08:32:30.541] [cout] [info] time = 0.195 Performance = 1.39837 Constraint violation = 6.99045e-13
[2026-03-04 08:32:30.803] [cout] [info] time = 0.2 Performance = 1.35212 Constraint violation = 1.05405e-12
[2026-03-04 08:32:31.057] [cout] [info] time = 0.205000 Performance = 1.32125 Constraint violation = 1.49007e-12
[2026-03-04 08:32:31.308] [cout] [info] time = 0.21 Performance = 1.30834 Constraint violation = 1.19435e-12
[2026-03-04 08:32:31.561] [cout] [info] time = 0.215 Performance = 1.31377 Constraint violation = 1.36045e-12
[2026-03-04 08:32:31.809] [cout] [info] time = 0.22 Performance = 1.34114 Constraint violation = 6.79104e-13
[2026-03-04 08:32:32.066] [cout] [info] time = 0.225 Performance = 1.38746 Constraint violation = 1.41453e-12
[2026-03-04 08:32:32.317] [cout] [info] time = 0.23 Performance = 1.45747 Constraint violation = 6.4923e-13
[2026-03-04 08:32:32.569] [cout] [info] time = 0.235 Performance = 1.55115 Constraint violation = 1.00930e-12
[2026-03-04 08:32:32.821] [cout] [info] time = 0.24 Performance = 1.66987 Constraint violation = 3.04299e-12
[2026-03-04 08:32:33.073] [cout] [info] time = 0.245 Performance = 1.816 Constraint violation = 5.02973e-13
[2026-03-04 08:32:33.323] [cout] [info] time = 0.25 Performance = 1.99041 Constraint violation = 5.76746e-13
[2026-03-04 08:32:33.576] [cout] [info] time = 0.255 Performance = 2.1954 Constraint violation = 1.178e-12
[2026-03-04 08:32:33.832] [cout] [info] time = 0.26 Performance = 2.43254 Constraint violation = 1.53457e-12
[2026-03-04 08:32:34.085] [cout] [info] time = 0.265 Performance = 2.70352 Constraint violation = 1.46691e-11
[2026-03-04 08:32:34.339] [cout] [info] time = 0.27 Performance = 3.00887 Constraint violation = 2.46966e-12
[2026-03-04 08:32:34.589] [cout] [info] time = 0.275 Performance = 3.35031 Constraint violation = 7.02507e-12
[2026-03-04 08:32:34.837] [cout] [info] time = 0.28 Performance = 3.72972 Constraint violation = 6.24412e-13
[2026-03-04 08:32:35.082] [cout] [info] time = 0.285 Performance = 4.14781 Constraint violation = 1.28253e-12
[2026-03-04 08:32:35.328] [cout] [info] time = 0.29 Performance = 4.60611 Constraint violation = 1.11499e-12
[2026-03-04 08:32:35.575] [cout] [info] time = 0.295 Performance = 5.10516 Constraint violation = 1.18527e-12
[2026-03-04 08:32:35.822] [cout] [info] time = 0.3 Performance = 5.64476 Constraint violation = 1.96819e-12
[2026-03-04 08:32:36.071] [cout] [info] time = 0.305000 Performance = 6.2257 Constraint violation = 2.39253e-12
[2026-03-04 08:32:36.322] [cout] [info] time = 0.31 Performance = 6.84706 Constraint violation = 5.36449e-11
[2026-03-04 08:32:36.572] [cout] [info] time = 0.315 Performance = 7.50741 Constraint violation = 3.44631e-11
[2026-03-04 08:32:36.821] [cout] [info] time = 0.32 Performance = 8.20409 Constraint violation = 1.3371e-11
[2026-03-04 08:32:37.068] [cout] [info] time = 0.325 Performance = 8.93351 Constraint violation = 9.01623e-11
[2026-03-04 08:32:37.311] [cout] [info] time = 0.33 Performance = 9.69176 Constraint violation = 2.9975e-11
[2026-03-04 08:32:37.556] [cout] [info] time = 0.335 Performance = 10.4747 Constraint violation = 1.54922e-12
[2026-03-04 08:32:37.796] [cout] [info] time = 0.34 Performance = 11.2784 Constraint violation = 1.29792e-12
[2026-03-04 08:32:38.044] [cout] [info] time = 0.345 Performance = 12.0974 Constraint violation = 1.62898e-10
[2026-03-04 08:32:38.289] [cout] [info] time = 0.35 Performance = 12.9268 Constraint violation = 1.24855e-10
[2026-03-04 08:32:38.535] [cout] [info] time = 0.355 Performance = 13.7609 Constraint violation = 6.29919e-11
[2026-03-04 08:32:38.783] [cout] [info] time = 0.36 Performance = 14.5911 Constraint violation = 3.84001e-11
[2026-03-04 08:32:39.029] [cout] [info] time = 0.365 Performance = 15.4127 Constraint violation = 3.87939e-10
[2026-03-04 08:32:39.273] [cout] [info] time = 0.37 Performance = 16.2209 Constraint violation = 1.29662e-10
[2026-03-04 08:32:39.516] [cout] [info] time = 0.375 Performance = 17.012 Constraint violation = 3.09753e-12
[2026-03-04 08:32:39.755] [cout] [info] time = 0.38 Performance = 17.784 Constraint violation = 1.13414e-11
[2026-03-04 08:32:39.998] [cout] [info] time = 0.385 Performance = 18.5364 Constraint violation = 1.12475e-10
[2026-03-04 08:32:40.241] [cout] [info] time = 0.39 Performance = 19.2707 Constraint violation = 6.08656e-11
[2026-03-04 08:32:40.489] [cout] [info] time = 0.395 Performance = 19.9901 Constraint violation = 5.56364e-11
[2026-03-04 08:32:40.734] [cout] [info] time = 0.4 Performance = 20.6993 Constraint violation = 1.25543e-10
[2026-03-04 08:32:40.977] [cout] [info] time = 0.405000 Performance = 21.4041 Constraint violation = 1.31287e-10
[2026-03-04 08:32:41.222] [cout] [info] time = 0.41 Performance = 22.1126 Constraint violation = 1.3419e-10
[2026-03-04 08:32:41.462] [cout] [info] time = 0.415 Performance = 22.8352 Constraint violation = 1.3897e-10
[2026-03-04 08:32:41.708] [cout] [info] time = 0.42 Performance = 23.5839 Constraint violation = 3.51303e-10
[2026-03-04 08:32:41.954] [cout] [info] time = 0.425 Performance = 24.3711 Constraint violation = 4.83395e-11
[2026-03-04 08:32:42.204] [cout] [info] time = 0.43 Performance = 25.2080 Constraint violation = 2.68178e-10
[2026-03-04 08:32:42.452] [cout] [info] time = 0.435 Performance = 26.1044 Constraint violation = 1.96923e-10
[2026-03-04 08:32:42.698] [cout] [info] time = 0.44 Performance = 27.0677 Constraint violation = 2.13053e-09
[2026-03-04 08:32:42.944] [cout] [info] time = 0.445 Performance = 28.1033 Constraint violation = 4.02844e-10
[2026-03-04 08:32:43.195] [cout] [info] time = 0.45 Performance = 29.2131 Constraint violation = 5.33614e-11
[2026-03-04 08:32:43.444] [cout] [info] time = 0.455 Performance = 30.3959 Constraint violation = 1.238e-11
[2026-03-04 08:32:43.697] [cout] [info] time = 0.46 Performance = 31.6475 Constraint violation = 8.65435e-11
[2026-03-04 08:32:43.950] [cout] [info] time = 0.465 Performance = 32.9618 Constraint violation = 4.99176e-12
[2026-03-04 08:32:44.199] [cout] [info] time = 0.47 Performance = 34.3291 Constraint violation = 6.1768e-11
[2026-03-04 08:32:44.460] [cout] [info] time = 0.475 Performance = 35.7357 Constraint violation = 4.37313e-11
[2026-03-04 08:32:44.719] [cout] [info] time = 0.48 Performance = 37.1622 Constraint violation = 3.25727e-11
[2026-03-04 08:32:44.983] [cout] [info] time = 0.485 Performance = 38.5857 Constraint violation = 4.92586e-11
[2026-03-04 08:32:45.230] [cout] [info] time = 0.49 Performance = 39.9821 Constraint violation = 1.22944e-12
[2026-03-04 08:32:45.475] [cout] [info] time = 0.495 Performance = 41.3304 Constraint violation = 1.12876e-12
[2026-03-04 08:32:45.723] [cout] [info] time = 0.5 Performance = 42.6145 Constraint violation = 8.96443e-12
[2026-03-04 08:32:45.972] [cout] [info] time = 0.505000 Performance = 43.8262 Constraint violation = 8.9872e-11
[2026-03-04 08:32:46.217] [cout] [info] time = 0.51 Performance = 44.9664 Constraint violation = 9.16032e-11
[2026-03-04 08:32:46.464] [cout] [info] time = 0.515 Performance = 46.0464 Constraint violation = 9.48276e-12
[2026-03-04 08:32:46.709] [cout] [info] time = 0.52 Performance = 47.0848 Constraint violation = 1.5218e-10
[2026-03-04 08:32:46.956] [cout] [info] time = 0.525 Performance = 48.1039 Constraint violation = 4.11887e-10
[2026-03-04 08:32:47.202] [cout] [info] time = 0.53 Performance = 49.1263 Constraint violation = 1.23793e-10
[2026-03-04 08:32:47.449] [cout] [info] time = 0.535 Performance = 50.1722 Constraint violation = 8.39283e-11
[2026-03-04 08:32:47.692] [cout] [info] time = 0.54 Performance = 51.26 Constraint violation = 2.97615e-12
[2026-03-04 08:32:47.934] [cout] [info] time = 0.545 Performance = 52.4019 Constraint violation = 3.33105e-10
[2026-03-04 08:32:48.177] [cout] [info] time = 0.55 Performance = 53.6059 Constraint violation = 5.03795e-10
[2026-03-04 08:32:48.422] [cout] [info] time = 0.555 Performance = 54.8708 Constraint violation = 3.61851e-10
[2026-03-04 08:32:48.667] [cout] [info] time = 0.56 Performance = 56.1901 Constraint violation = 1.44147e-10
[2026-03-04 08:32:48.911] [cout] [info] time = 0.565 Performance = 57.5557 Constraint violation = 2.46044e-09
[2026-03-04 08:32:49.155] [cout] [info] time = 0.57 Performance = 58.9589 Constraint violation = 1.30205e-11
[2026-03-04 08:32:49.393] [cout] [info] time = 0.575 Performance = 60.3883 Constraint violation = 6.69518e-12
[2026-03-04 08:32:49.630] [cout] [info] time = 0.58 Performance = 61.827 Constraint violation = 1.10308e-11
[2026-03-04 08:32:49.864] [cout] [info] time = 0.585 Performance = 63.2536 Constraint violation = 1.18922e-10
[2026-03-04 08:32:50.098] [cout] [info] time = 0.59 Performance = 64.648 Constraint violation = 8.1236e-11
[2026-03-04 08:32:50.336] [cout] [info] time = 0.595 Performance = 65.9912 Constraint violation = 8.5949e-11
[2026-03-04 08:32:50.572] [cout] [info] time = 0.6 Performance = 67.2644 Constraint violation = 9.39429e-11
[2026-03-04 08:32:50.810] [cout] [info] time = 0.605000 Performance = 68.4463 Constraint violation = 4.17443e-11
[2026-03-04 08:32:51.047] [cout] [info] time = 0.61 Performance = 69.5151 Constraint violation = 2.63204e-11
[2026-03-04 08:32:51.283] [cout] [info] time = 0.615 Performance = 70.4531 Constraint violation = 1.35635e-10
[2026-03-04 08:32:51.519] [cout] [info] time = 0.62 Performance = 71.2511 Constraint violation = 2.60571e-11
[2026-03-04 08:32:51.753] [cout] [info] time = 0.625 Performance = 71.91 Constraint violation = 1.09992e-10
[2026-03-04 08:32:51.992] [cout] [info] time = 0.63 Performance = 72.4357 Constraint violation = 1.04563e-11
[2026-03-04 08:32:52.230] [cout] [info] time = 0.635 Performance = 72.8367 Constraint violation = 2.32917e-11
[2026-03-04 08:32:52.481] [cout] [info] time = 0.64 Performance = 73.1219 Constraint violation = 9.54491e-11
[2026-03-04 08:32:52.718] [cout] [info] time = 0.645 Performance = 73.3027 Constraint violation = 2.79614e-11
[2026-03-04 08:32:52.952] [cout] [info] time = 0.65 Performance = 73.3945 Constraint violation = 8.77138e-12
[2026-03-04 08:32:53.188] [cout] [info] time = 0.655 Performance = 73.4183 Constraint violation = 7.53499e-12
[2026-03-04 08:32:53.421] [cout] [info] time = 0.66 Performance = 73.4024 Constraint violation = 6.02142e-12
[2026-03-04 08:32:53.657] [cout] [info] time = 0.665 Performance = 73.3795 Constraint violation = 1.05152e-11
[2026-03-04 08:32:53.889] [cout] [info] time = 0.67 Performance = 73.3892 Constraint violation = 7.66032e-11
[2026-03-04 08:32:54.123] [cout] [info] time = 0.675 Performance = 73.4748 Constraint violation = 2.53309e-11
[2026-03-04 08:32:54.355] [cout] [info] time = 0.68 Performance = 73.6787 Constraint violation = 3.98455e-12
[2026-03-04 08:32:54.590] [cout] [info] time = 0.685 Performance = 74.0401 Constraint violation = 2.68022e-12
[2026-03-04 08:32:54.826] [cout] [info] time = 0.69 Performance = 74.5923 Constraint violation = 1.96177e-11
[2026-03-04 08:32:55.064] [cout] [info] time = 0.695 Performance = 75.3607 Constraint violation = 1.55332e-11
[2026-03-04 08:32:55.296] [cout] [info] time = 0.7 Performance = 76.3604 Constraint violation = 6.59615e-11
[2026-03-04 08:32:55.530] [cout] [info] time = 0.705000 Performance = 77.5958 Constraint violation = 1.46461e-11
[2026-03-04 08:32:55.764] [cout] [info] time = 0.71 Performance = 79.0635 Constraint violation = 2.59509e-11
[2026-03-04 08:32:55.999] [cout] [info] time = 0.715 Performance = 80.756 Constraint violation = 3.25027e-11
[2026-03-04 08:32:56.235] [cout] [info] time = 0.72 Performance = 82.6626 Constraint violation = 1.49014e-10
[2026-03-04 08:32:56.468] [cout] [info] time = 0.725 Performance = 84.7684 Constraint violation = 2.22199e-11
[2026-03-04 08:32:56.702] [cout] [info] time = 0.73 Performance = 87.053 Constraint violation = 8.56599e-11
[2026-03-04 08:32:56.935] [cout] [info] time = 0.735 Performance = 89.4898 Constraint violation = 1.17719e-11
[2026-03-04 08:32:57.168] [cout] [info] time = 0.74 Performance = 92.0423 Constraint violation = 9.26413e-12
[2026-03-04 08:32:57.402] [cout] [info] time = 0.745 Performance = 94.6646 Constraint violation = 7.21404e-11
[2026-03-04 08:32:57.640] [cout] [info] time = 0.75 Performance = 97.3041 Constraint violation = 1.74757e-11
[2026-03-04 08:32:57.875] [cout] [info] time = 0.755 Performance = 99.9062 Constraint violation = 2.092e-10
[2026-03-04 08:32:58.107] [cout] [info] time = 0.76 Performance = 102.417 Constraint violation = 1.14562e-10
[2026-03-04 08:32:58.342] [cout] [info] time = 0.765 Performance = 104.786 Constraint violation = 9.75685e-12
[2026-03-04 08:32:58.575] [cout] [info] time = 0.77 Performance = 106.968 Constraint violation = 1.08476e-11
[2026-03-04 08:32:58.814] [cout] [info] time = 0.775 Performance = 108.925 Constraint violation = 1.06547e-10
[2026-03-04 08:32:59.176] [cout] [info] time = 0.78 Performance = 110.629 Constraint violation = 1.71655e-10
[2026-03-04 08:32:59.448] [cout] [info] time = 0.785 Performance = 112.055 Constraint violation = 7.90417e-11
[2026-03-04 08:32:59.684] [cout] [info] time = 0.79 Performance = 113.185 Constraint violation = 1.01898e-10
[2026-03-04 08:32:59.920] [cout] [info] time = 0.795 Performance = 114.002 Constraint violation = 9.90198e-12
[2026-03-04 08:33:00.157] [cout] [info] time = 0.8 Performance = 114.495 Constraint violation = 2.88891e-09
[2026-03-04 08:33:00.392] [cout] [info] time = 0.805000 Performance = 114.66 Constraint violation = 9.23526e-12
[2026-03-04 08:33:00.630] [cout] [info] time = 0.81 Performance = 114.499 Constraint violation = 4.80515e-11
[2026-03-04 08:33:00.871] [cout] [info] time = 0.815 Performance = 114.028 Constraint violation = 8.42693e-11
[2026-03-04 08:33:01.108] [cout] [info] time = 0.82 Performance = 113.277 Constraint violation = 7.60271e-12
[2026-03-04 08:33:01.341] [cout] [info] time = 0.825 Performance = 112.291 Constraint violation = 8.47244e-12
[2026-03-04 08:33:01.573] [cout] [info] time = 0.83 Performance = 111.126 Constraint violation = 1.27003e-11
[2026-03-04 08:33:01.804] [cout] [info] time = 0.835 Performance = 109.842 Constraint violation = 2.72692e-11
[2026-03-04 08:33:02.038] [cout] [info] time = 0.84 Performance = 108.504 Constraint violation = 5.59636e-12
[2026-03-04 08:33:02.267] [cout] [info] time = 0.845 Performance = 107.17 Constraint violation = 5.51701e-11
[2026-03-04 08:33:02.496] [cout] [info] time = 0.85 Performance = 105.896 Constraint violation = 5.03887e-11
[2026-03-04 08:33:02.725] [cout] [info] time = 0.855 Performance = 104.732 Constraint violation = 3.23467e-11
[2026-03-04 08:33:02.956] [cout] [info] time = 0.86 Performance = 103.719 Constraint violation = 5.02955e-12
[2026-03-04 08:33:03.190] [cout] [info] time = 0.865 Performance = 102.895 Constraint violation = 1.20155e-12
[2026-03-04 08:33:03.422] [cout] [info] time = 0.87 Performance = 102.289 Constraint violation = 5.75031e-12
[2026-03-04 08:33:03.653] [cout] [info] time = 0.875 Performance = 101.924 Constraint violation = 4.00145e-12
[2026-03-04 08:33:03.882] [cout] [info] time = 0.88 Performance = 101.817 Constraint violation = 2.46163e-11
[2026-03-04 08:33:04.113] [cout] [info] time = 0.885 Performance = 101.974 Constraint violation = 2.51347e-12
[2026-03-04 08:33:04.340] [cout] [info] time = 0.89 Performance = 102.396 Constraint violation = 3.3491e-11
[2026-03-04 08:33:04.570] [cout] [info] time = 0.895 Performance = 103.071 Constraint violation = 4.64662e-12
[2026-03-04 08:33:04.799] [cout] [info] time = 0.9 Performance = 103.984 Constraint violation = 1.93437e-11
[2026-03-04 08:33:05.030] [cout] [info] time = 0.905000 Performance = 105.112 Constraint violation = 1.24618e-10
[2026-03-04 08:33:05.263] [cout] [info] time = 0.91 Performance = 106.429 Constraint violation = 2.02639e-11
[2026-03-04 08:33:05.492] [cout] [info] time = 0.915 Performance = 107.911 Constraint violation = 4.05412e-11
[2026-03-04 08:33:05.723] [cout] [info] time = 0.92 Performance = 109.538 Constraint violation = 4.53803e-12
[2026-03-04 08:33:05.958] [cout] [info] time = 0.925 Performance = 111.291 Constraint violation = 7.93151e-12
[2026-03-04 08:33:06.193] [cout] [info] time = 0.93 Performance = 113.148 Constraint violation = 7.21416e-11
[2026-03-04 08:33:06.426] [cout] [info] time = 0.935 Performance = 115.086 Constraint violation = 1.89071e-11
[2026-03-04 08:33:06.660] [cout] [info] time = 0.94 Performance = 117.084 Constraint violation = 2.39741e-11
[2026-03-04 08:33:06.893] [cout] [info] time = 0.945 Performance = 119.124 Constraint violation = 6.56518e-12
[2026-03-04 08:33:07.129] [cout] [info] time = 0.95 Performance = 121.188 Constraint violation = 1.40842e-11
[2026-03-04 08:33:07.366] [cout] [info] time = 0.955 Performance = 123.258 Constraint violation = 3.61618e-11
[2026-03-04 08:33:07.597] [cout] [info] time = 0.96 Performance = 125.311 Constraint violation = 9.88678e-12
[2026-03-04 08:33:07.828] [cout] [info] time = 0.965 Performance = 127.326 Constraint violation = 6.26975e-12
[2026-03-04 08:33:08.061] [cout] [info] time = 0.97 Performance = 129.279 Constraint violation = 8.59108e-12
[2026-03-04 08:33:08.296] [cout] [info] time = 0.975 Performance = 131.154 Constraint violation = 1.65211e-11
[2026-03-04 08:33:08.529] [cout] [info] time = 0.98 Performance = 132.936 Constraint violation = 3.57016e-11
[2026-03-04 08:33:08.764] [cout] [info] time = 0.985 Performance = 134.617 Constraint violation = 7.62599e-13
[2026-03-04 08:33:08.998] [cout] [info] time = 0.99 Performance = 136.195 Constraint violation = 2.10895e-11
[2026-03-04 08:33:09.232] [cout] [info] time = 0.995 Performance = 137.678 Constraint violation = 7.26069e-11
[2026-03-04 08:33:09.466] [cout] [info] time = 1.0 Performance = 139.08 Constraint violation = 1.22753e-11
[2026-03-04 08:33:09.700] [cout] [info] time = 1.00500 Performance = 140.418 Constraint violation = 2.59192e-11
[2026-03-04 08:33:09.930] [cout] [info] time = 1.01 Performance = 141.707 Constraint violation = 5.07093e-11
[2026-03-04 08:33:10.161] [cout] [info] time = 1.015 Performance = 142.958 Constraint violation = 1.3629e-11
[2026-03-04 08:33:10.395] [cout] [info] time = 1.02 Performance = 144.181 Constraint violation = 6.71085e-11
[2026-03-04 08:33:10.629] [cout] [info] time = 1.025 Performance = 145.384 Constraint violation = 1.06603e-11
[2026-03-04 08:33:10.864] [cout] [info] time = 1.03 Performance = 146.572 Constraint violation = 1.64372e-11
[2026-03-04 08:33:11.102] [cout] [info] time = 1.035 Performance = 147.748 Constraint violation = 1.52044e-10
[2026-03-04 08:33:11.337] [cout] [info] time = 1.04 Performance = 148.914 Constraint violation = 1.22486e-10
[2026-03-04 08:33:11.570] [cout] [info] time = 1.045 Performance = 150.065 Constraint violation = 1.79808e-11
[2026-03-04 08:33:11.805] [cout] [info] time = 1.05 Performance = 151.184 Constraint violation = 1.28585e-11
[2026-03-04 08:33:12.040] [cout] [info] time = 1.055 Performance = 152.248 Constraint violation = 1.32341e-11
[2026-03-04 08:33:12.276] [cout] [info] time = 1.06 Performance = 153.233 Constraint violation = 3.62299e-12
[2026-03-04 08:33:12.512] [cout] [info] time = 1.065 Performance = 154.119 Constraint violation = 9.34094e-12
[2026-03-04 08:33:12.748] [cout] [info] time = 1.07 Performance = 154.893 Constraint violation = 1.39043e-10
[2026-03-04 08:33:12.986] [cout] [info] time = 1.075 Performance = 155.542 Constraint violation = 2.28752e-12
[2026-03-04 08:33:13.221] [cout] [info] time = 1.08 Performance = 156.06 Constraint violation = 4.03374e-12
[2026-03-04 08:33:13.456] [cout] [info] time = 1.085 Performance = 156.444 Constraint violation = 3.19975e-11
[2026-03-04 08:33:13.694] [cout] [info] time = 1.09 Performance = 156.7 Constraint violation = 3.51547e-11
[2026-03-04 08:33:13.930] [cout] [info] time = 1.095 Performance = 156.837 Constraint violation = 2.08244e-11
[2026-03-04 08:33:14.164] [cout] [info] time = 1.1 Performance = 156.867 Constraint violation = 1.02053e-10
[2026-03-04 08:33:14.399] [cout] [info] time = 1.10500 Performance = 156.798 Constraint violation = 2.35297e-11
[2026-03-04 08:33:14.634] [cout] [info] time = 1.11 Performance = 156.641 Constraint violation = 2.01586e-12
[2026-03-04 08:33:14.870] [cout] [info] time = 1.115 Performance = 156.403 Constraint violation = 3.74339e-11
[2026-03-04 08:33:15.105] [cout] [info] time = 1.12 Performance = 156.093 Constraint violation = 2.17289e-11
[2026-03-04 08:33:15.343] [cout] [info] time = 1.125 Performance = 155.723 Constraint violation = 3.5489e-11
[2026-03-04 08:33:15.657] [cout] [info] time = 1.13 Performance = 155.312 Constraint violation = 8.89707e-11
[2026-03-04 08:33:15.926] [cout] [info] time = 1.135 Performance = 154.88 Constraint violation = 5.7369e-11
[2026-03-04 08:33:16.202] [cout] [info] time = 1.14 Performance = 154.449 Constraint violation = 1.7617e-12
[2026-03-04 08:33:16.490] [cout] [info] time = 1.145 Performance = 154.035 Constraint violation = 2.10038e-11
[2026-03-04 08:33:16.751] [cout] [info] time = 1.15 Performance = 153.655 Constraint violation = 1.58846e-12
[2026-03-04 08:33:17.023] [cout] [info] time = 1.155 Performance = 153.326 Constraint violation = 1.91429e-11
[2026-03-04 08:33:17.275] [cout] [info] time = 1.16 Performance = 153.073 Constraint violation = 5.88545e-12
[2026-03-04 08:33:17.517] [cout] [info] time = 1.165 Performance = 152.916 Constraint violation = 2.07182e-12
[2026-03-04 08:33:17.766] [cout] [info] time = 1.17 Performance = 152.872 Constraint violation = 1.24318e-11
[2026-03-04 08:33:18.008] [cout] [info] time = 1.175 Performance = 152.946 Constraint violation = 7.32547e-12
[2026-03-04 08:33:18.255] [cout] [info] time = 1.18 Performance = 153.139 Constraint violation = 4.22443e-11
[2026-03-04 08:33:18.503] [cout] [info] time = 1.185 Performance = 153.441 Constraint violation = 6.90553e-11
[2026-03-04 08:33:18.746] [cout] [info] time = 1.19 Performance = 153.834 Constraint violation = 8.94703e-11
[2026-03-04 08:33:18.989] [cout] [info] time = 1.195 Performance = 154.295 Constraint violation = 1.76687e-11
[2026-03-04 08:33:19.229] [cout] [info] time = 1.2 Performance = 154.796 Constraint violation = 2.95095e-12
[2026-03-04 08:33:19.473] [cout] [info] time = 1.20500 Performance = 155.312 Constraint violation = 5.80866e-11
[2026-03-04 08:33:19.713] [cout] [info] time = 1.21 Performance = 155.826 Constraint violation = 2.8625e-11
[2026-03-04 08:33:19.953] [cout] [info] time = 1.215 Performance = 156.335 Constraint violation = 4.7182e-11
[2026-03-04 08:33:20.190] [cout] [info] time = 1.22 Performance = 156.847 Constraint violation = 8.10869e-11
[2026-03-04 08:33:20.429] [cout] [info] time = 1.225 Performance = 157.373 Constraint violation = 1.01717e-10
[2026-03-04 08:33:20.670] [cout] [info] time = 1.23 Performance = 157.92 Constraint violation = 2.40121e-11
[2026-03-04 08:33:20.909] [cout] [info] time = 1.235 Performance = 158.488 Constraint violation = 1.72931e-11
[2026-03-04 08:33:21.154] [cout] [info] time = 1.24 Performance = 159.075 Constraint violation = 2.16429e-12
[2026-03-04 08:33:21.400] [cout] [info] time = 1.245 Performance = 159.674 Constraint violation = 3.5287e-11
[2026-03-04 08:33:21.645] [cout] [info] time = 1.25 Performance = 160.285 Constraint violation = 3.27372e-11
[2026-03-04 08:33:21.888] [cout] [info] time = 1.255 Performance = 160.902 Constraint violation = 5.92299e-12
[2026-03-04 08:33:22.132] [cout] [info] time = 1.26 Performance = 161.519 Constraint violation = 1.74066e-11
[2026-03-04 08:33:22.376] [cout] [info] time = 1.265 Performance = 162.124 Constraint violation = 2.82975e-11
[2026-03-04 08:33:22.622] [cout] [info] time = 1.27 Performance = 162.703 Constraint violation = 2.70665e-12
[2026-03-04 08:33:22.868] [cout] [info] time = 1.275 Performance = 163.241 Constraint violation = 8.00431e-11
[2026-03-04 08:33:23.116] [cout] [info] time = 1.28 Performance = 163.725 Constraint violation = 5.38671e-11
[2026-03-04 08:33:23.361] [cout] [info] time = 1.285 Performance = 164.146 Constraint violation = 2.35119e-11
[2026-03-04 08:33:23.609] [cout] [info] time = 1.29 Performance = 164.493 Constraint violation = 5.46931e-11
[2026-03-04 08:33:23.854] [cout] [info] time = 1.295 Performance = 164.751 Constraint violation = 3.21954e-10
[2026-03-04 08:33:24.099] [cout] [info] time = 1.3 Performance = 164.907 Constraint violation = 4.81615e-12
[2026-03-04 08:33:24.345] [cout] [info] time = 1.30500 Performance = 164.946 Constraint violation = 9.44425e-11
[2026-03-04 08:33:24.593] [cout] [info] time = 1.31 Performance = 164.852 Constraint violation = 2.02885e-10
[2026-03-04 08:33:24.846] [cout] [info] time = 1.315 Performance = 164.612 Constraint violation = 9.60167e-12
[2026-03-04 08:33:25.095] [cout] [info] time = 1.32 Performance = 164.212 Constraint violation = 6.51653e-11
[2026-03-04 08:33:25.347] [cout] [info] time = 1.325 Performance = 163.639 Constraint violation = 5.65856e-12
[2026-03-04 08:33:25.595] [cout] [info] time = 1.33 Performance = 162.882 Constraint violation = 1.31907e-11
[2026-03-04 08:33:25.844] [cout] [info] time = 1.335 Performance = 161.938 Constraint violation = 1.84748e-11
[2026-03-04 08:33:26.095] [cout] [info] time = 1.34 Performance = 160.811 Constraint violation = 1.55259e-11
[2026-03-04 08:33:26.348] [cout] [info] time = 1.345 Performance = 159.512 Constraint violation = 4.60526e-12
[2026-03-04 08:33:26.603] [cout] [info] time = 1.35 Performance = 158.065 Constraint violation = 3.30341e-11
[2026-03-04 08:33:26.855] [cout] [info] time = 1.355 Performance = 156.501 Constraint violation = 1.43163e-11
[2026-03-04 08:33:27.106] [cout] [info] time = 1.36 Performance = 154.858 Constraint violation = 4.32041e-11
[2026-03-04 08:33:27.361] [cout] [info] time = 1.365 Performance = 153.181 Constraint violation = 9.49011e-12
[2026-03-04 08:33:27.614] [cout] [info] time = 1.37 Performance = 151.512 Constraint violation = 2.30371e-11
[2026-03-04 08:33:27.870] [cout] [info] time = 1.375 Performance = 149.894 Constraint violation = 4.66253e-11
[2026-03-04 08:33:28.122] [cout] [info] time = 1.38 Performance = 148.369 Constraint violation = 4.85243e-12
[2026-03-04 08:33:28.382] [cout] [info] time = 1.385 Performance = 146.976 Constraint violation = 1.19468e-11
[2026-03-04 08:33:28.637] [cout] [info] time = 1.39 Performance = 145.749 Constraint violation = 1.04086e-11
[2026-03-04 08:33:28.897] [cout] [info] time = 1.395 Performance = 144.714 Constraint violation = 8.70738e-12
[2026-03-04 08:33:29.153] [cout] [info] time = 1.4 Performance = 143.889 Constraint violation = 1.15004e-11
[2026-03-04 08:33:29.433] [cout] [info] time = 1.40500 Performance = 143.282 Constraint violation = 4.84057e-11
[2026-03-04 08:33:29.690] [cout] [info] time = 1.41 Performance = 142.89 Constraint violation = 5.76044e-12
[2026-03-04 08:33:29.946] [cout] [info] time = 1.415 Performance = 142.702 Constraint violation = 1.5319e-11
[2026-03-04 08:33:30.201] [cout] [info] time = 1.42 Performance = 142.709 Constraint violation = 1.74412e-12
[2026-03-04 08:33:30.456] [cout] [info] time = 1.425 Performance = 142.904 Constraint violation = 3.52997e-11
[2026-03-04 08:33:30.712] [cout] [info] time = 1.43 Performance = 143.281 Constraint violation = 4.83729e-12
[2026-03-04 08:33:30.967] [cout] [info] time = 1.435 Performance = 143.835 Constraint violation = 2.13354e-12
[2026-03-04 08:33:31.225] [cout] [info] time = 1.44 Performance = 144.56 Constraint violation = 1.7532e-11
[2026-03-04 08:33:31.483] [cout] [info] time = 1.445 Performance = 145.454 Constraint violation = 9.67625e-12
[2026-03-04 08:33:31.737] [cout] [info] time = 1.45 Performance = 146.511 Constraint violation = 3.44759e-11
[2026-03-04 08:33:31.997] [cout] [info] time = 1.455 Performance = 147.729 Constraint violation = 1.09052e-11
[2026-03-04 08:33:32.253] [cout] [info] time = 1.46 Performance = 149.103 Constraint violation = 2.69599e-11
[2026-03-04 08:33:32.509] [cout] [info] time = 1.465 Performance = 150.625 Constraint violation = 2.4396e-12
[2026-03-04 08:33:32.765] [cout] [info] time = 1.47 Performance = 152.28 Constraint violation = 2.37411e-11
[2026-03-04 08:33:33.019] [cout] [info] time = 1.475 Performance = 154.052 Constraint violation = 3.33585e-11
[2026-03-04 08:33:33.280] [cout] [info] time = 1.48 Performance = 155.927 Constraint violation = 1.60563e-12
[2026-03-04 08:33:33.539] [cout] [info] time = 1.485 Performance = 157.886 Constraint violation = 3.85124e-11
[2026-03-04 08:33:33.794] [cout] [info] time = 1.49 Performance = 159.913 Constraint violation = 1.30879e-11
[2026-03-04 08:33:34.056] [cout] [info] time = 1.495 Performance = 161.992 Constraint violation = 1.991e-10
[2026-03-04 08:33:34.316] [cout] [info] time = 1.5 Performance = 164.108 Constraint violation = 3.08654e-11
[2026-03-04 08:33:34.582] [cout] [info] time = 1.50500 Performance = 166.242 Constraint violation = 6.40175e-11
[2026-03-04 08:33:34.848] [cout] [info] time = 1.51 Performance = 168.376 Constraint violation = 2.24502e-11
[2026-03-04 08:33:35.117] [cout] [info] time = 1.515 Performance = 170.49 Constraint violation = 1.60044e-12
[2026-03-04 08:33:35.380] [cout] [info] time = 1.52 Performance = 172.565 Constraint violation = 7.26212e-12
[2026-03-04 08:33:35.644] [cout] [info] time = 1.525 Performance = 174.582 Constraint violation = 2.25015e-11
[2026-03-04 08:33:35.906] [cout] [info] time = 1.53 Performance = 176.521 Constraint violation = 8.43623e-12
[2026-03-04 08:33:36.169] [cout] [info] time = 1.535 Performance = 178.364 Constraint violation = 2.35216e-11
[2026-03-04 08:33:36.433] [cout] [info] time = 1.54 Performance = 180.099 Constraint violation = 7.07988e-12
[2026-03-04 08:33:36.696] [cout] [info] time = 1.545 Performance = 181.717 Constraint violation = 8.7636e-12
[2026-03-04 08:33:36.957] [cout] [info] time = 1.55 Performance = 183.206 Constraint violation = 8.88048e-12
[2026-03-04 08:33:37.218] [cout] [info] time = 1.555 Performance = 184.552 Constraint violation = 9.28597e-12
[2026-03-04 08:33:37.479] [cout] [info] time = 1.56 Performance = 185.744 Constraint violation = 2.02062e-11
[2026-03-04 08:33:37.740] [cout] [info] time = 1.565 Performance = 186.776 Constraint violation = 1.22047e-11
[2026-03-04 08:33:38.002] [cout] [info] time = 1.57 Performance = 187.647 Constraint violation = 1.02942e-11
[2026-03-04 08:33:38.263] [cout] [info] time = 1.575 Performance = 188.36 Constraint violation = 1.08517e-11
[2026-03-04 08:33:38.523] [cout] [info] time = 1.58 Performance = 188.918 Constraint violation = 1.51524e-11
[2026-03-04 08:33:38.785] [cout] [info] time = 1.585 Performance = 189.327 Constraint violation = 2.00056e-11
[2026-03-04 08:33:39.052] [cout] [info] time = 1.59 Performance = 189.594 Constraint violation = 1.36091e-11
[2026-03-04 08:33:39.314] [cout] [info] time = 1.595 Performance = 189.722 Constraint violation = 3.23206e-12
[2026-03-04 08:33:39.579] [cout] [info] time = 1.6 Performance = 189.717 Constraint violation = 7.30094e-12
[2026-03-04 08:33:39.842] [cout] [info] time = 1.60500 Performance = 189.587 Constraint violation = 4.22498e-12
[2026-03-04 08:33:40.103] [cout] [info] time = 1.61 Performance = 189.33 Constraint violation = 7.73357e-12
[2026-03-04 08:33:40.366] [cout] [info] time = 1.615 Performance = 188.94 Constraint violation = 7.23725e-11
[2026-03-04 08:33:40.630] [cout] [info] time = 1.62 Performance = 188.409 Constraint violation = 7.26646e-11
[2026-03-04 08:33:40.896] [cout] [info] time = 1.625 Performance = 187.725 Constraint violation = 3.47658e-11
[2026-03-04 08:33:41.161] [cout] [info] time = 1.63 Performance = 186.884 Constraint violation = 1.69987e-10
[2026-03-04 08:33:41.422] [cout] [info] time = 1.635 Performance = 185.886 Constraint violation = 1.46957e-11
[2026-03-04 08:33:41.685] [cout] [info] time = 1.64 Performance = 184.739 Constraint violation = 1.25087e-11
[2026-03-04 08:33:41.951] [cout] [info] time = 1.645 Performance = 183.457 Constraint violation = 6.9915e-12
[2026-03-04 08:33:42.220] [cout] [info] time = 1.65 Performance = 182.063 Constraint violation = 9.43453e-11
[2026-03-04 08:33:42.487] [cout] [info] time = 1.655 Performance = 180.586 Constraint violation = 9.5852e-12
[2026-03-04 08:33:42.755] [cout] [info] time = 1.66 Performance = 179.054 Constraint violation = 3.93535e-11
[2026-03-04 08:33:43.020] [cout] [info] time = 1.665 Performance = 177.493 Constraint violation = 1.35141e-11
[2026-03-04 08:33:43.290] [cout] [info] time = 1.67 Performance = 175.928 Constraint violation = 3.99377e-11
[2026-03-04 08:33:43.555] [cout] [info] time = 1.675 Performance = 174.383 Constraint violation = 9.92468e-12
[2026-03-04 08:33:43.821] [cout] [info] time = 1.68 Performance = 172.881 Constraint violation = 3.71544e-12
[2026-03-04 08:33:44.092] [cout] [info] time = 1.685 Performance = 171.447 Constraint violation = 4.72758e-12
[2026-03-04 08:33:44.386] [cout] [info] time = 1.69 Performance = 170.103 Constraint violation = 2.33347e-11
[2026-03-04 08:33:44.656] [cout] [info] time = 1.695 Performance = 168.866 Constraint violation = 3.00523e-11
[2026-03-04 08:33:44.924] [cout] [info] time = 1.7 Performance = 167.754 Constraint violation = 4.82376e-12
[2026-03-04 08:33:45.187] [cout] [info] time = 1.70500 Performance = 166.784 Constraint violation = 2.77187e-12
[2026-03-04 08:33:45.457] [cout] [info] time = 1.71 Performance = 165.971 Constraint violation = 1.72585e-11
[2026-03-04 08:33:45.722] [cout] [info] time = 1.715 Performance = 165.326 Constraint violation = 9.49335e-12
[2026-03-04 08:33:45.990] [cout] [info] time = 1.72 Performance = 164.853 Constraint violation = 4.02779e-11
[2026-03-04 08:33:46.254] [cout] [info] time = 1.725 Performance = 164.551 Constraint violation = 4.10057e-12
[2026-03-04 08:33:46.632] [cout] [info] time = 1.73 Performance = 164.415 Constraint violation = 6.2512e-12
[2026-03-04 08:33:46.988] [cout] [info] time = 1.735 Performance = 164.429 Constraint violation = 1.30378e-11
[2026-03-04 08:33:47.368] [cout] [info] time = 1.74 Performance = 164.572 Constraint violation = 6.80672e-12
[2026-03-04 08:33:47.675] [cout] [info] time = 1.745 Performance = 164.823 Constraint violation = 5.96772e-11
[2026-03-04 08:33:48.034] [cout] [info] time = 1.75 Performance = 165.161 Constraint violation = 8.68157e-11
[2026-03-04 08:33:48.393] [cout] [info] time = 1.755 Performance = 165.574 Constraint violation = 4.47307e-11
[2026-03-04 08:33:48.725] [cout] [info] time = 1.76 Performance = 166.051 Constraint violation = 2.08774e-11
[2026-03-04 08:33:49.023] [cout] [info] time = 1.765 Performance = 166.584 Constraint violation = 2.77068e-12
[2026-03-04 08:33:49.311] [cout] [info] time = 1.77 Performance = 167.167 Constraint violation = 1.60871e-12
[2026-03-04 08:33:49.598] [cout] [info] time = 1.775 Performance = 167.79 Constraint violation = 8.37551e-11
[2026-03-04 08:33:49.871] [cout] [info] time = 1.78 Performance = 168.442 Constraint violation = 8.18194e-12
[2026-03-04 08:33:50.146] [cout] [info] time = 1.785 Performance = 169.105 Constraint violation = 7.09737e-11
[2026-03-04 08:33:50.415] [cout] [info] time = 1.79 Performance = 169.758 Constraint violation = 1.64768e-11
[2026-03-04 08:33:50.689] [cout] [info] time = 1.795 Performance = 170.38 Constraint violation = 1.09581e-11
[2026-03-04 08:33:50.961] [cout] [info] time = 1.8 Performance = 170.954 Constraint violation = 8.77692e-11
[2026-03-04 08:33:51.240] [cout] [info] time = 1.80500 Performance = 171.458 Constraint violation = 5.82289e-12
[2026-03-04 08:33:51.518] [cout] [info] time = 1.81 Performance = 171.871 Constraint violation = 1.5286e-11
[2026-03-04 08:33:51.794] [cout] [info] time = 1.815 Performance = 172.171 Constraint violation = 4.1123e-11
[2026-03-04 08:33:52.068] [cout] [info] time = 1.82 Performance = 172.346 Constraint violation = 3.10621e-11
[2026-03-04 08:33:52.351] [cout] [info] time = 1.825 Performance = 172.389 Constraint violation = 1.94415e-12
[2026-03-04 08:33:52.639] [cout] [info] time = 1.83 Performance = 172.299 Constraint violation = 1.69745e-12
[2026-03-04 08:33:52.923] [cout] [info] time = 1.835 Performance = 172.083 Constraint violation = 4.64548e-12
[2026-03-04 08:33:53.209] [cout] [info] time = 1.84 Performance = 171.755 Constraint violation = 1.91652e-11
[2026-03-04 08:33:53.493] [cout] [info] time = 1.845 Performance = 171.333 Constraint violation = 1.70435e-11
[2026-03-04 08:33:53.775] [cout] [info] time = 1.85 Performance = 170.836 Constraint violation = 1.23686e-11
[2026-03-04 08:33:54.063] [cout] [info] time = 1.855 Performance = 170.28 Constraint violation = 2.5758e-12
[2026-03-04 08:33:54.346] [cout] [info] time = 1.86 Performance = 169.682 Constraint violation = 3.02318e-12
[2026-03-04 08:33:54.619] [cout] [info] time = 1.865 Performance = 169.055 Constraint violation = 1.11153e-11
[2026-03-04 08:33:54.891] [cout] [info] time = 1.87 Performance = 168.414 Constraint violation = 4.93235e-12
[2026-03-04 08:33:55.167] [cout] [info] time = 1.875 Performance = 167.778 Constraint violation = 9.96399e-12
[2026-03-04 08:33:55.445] [cout] [info] time = 1.88 Performance = 167.169 Constraint violation = 4.70977e-12
[2026-03-04 08:33:55.720] [cout] [info] time = 1.885 Performance = 166.605 Constraint violation = 1.30505e-11
[2026-03-04 08:33:55.996] [cout] [info] time = 1.89 Performance = 166.098 Constraint violation = 1.79701e-11
[2026-03-04 08:33:56.278] [cout] [info] time = 1.895 Performance = 165.662 Constraint violation = 6.51939e-12
[2026-03-04 08:33:56.557] [cout] [info] time = 1.9 Performance = 165.312 Constraint violation = 1.34284e-11
[2026-03-04 08:33:56.838] [cout] [info] time = 1.90500 Performance = 165.064 Constraint violation = 1.33079e-11
[2026-03-04 08:33:57.122] [cout] [info] time = 1.91 Performance = 164.928 Constraint violation = 3.49521e-11
[2026-03-04 08:33:57.396] [cout] [info] time = 1.915 Performance = 164.908 Constraint violation = 2.77798e-11
[2026-03-04 08:33:57.670] [cout] [info] time = 1.92 Performance = 165.003 Constraint violation = 4.2374e-12
[2026-03-04 08:33:57.959] [cout] [info] time = 1.925 Performance = 165.208 Constraint violation = 2.9272e-12
[2026-03-04 08:33:58.237] [cout] [info] time = 1.93 Performance = 165.518 Constraint violation = 2.21733e-12
[2026-03-04 08:33:58.521] [cout] [info] time = 1.935 Performance = 165.923 Constraint violation = 3.00633e-11
[2026-03-04 08:33:58.790] [cout] [info] time = 1.94 Performance = 166.407 Constraint violation = 1.75061e-12
[2026-03-04 08:33:59.054] [cout] [info] time = 1.945 Performance = 166.957 Constraint violation = 9.46798e-12
[2026-03-04 08:33:59.325] [cout] [info] time = 1.95 Performance = 167.551 Constraint violation = 7.67737e-12
[2026-03-04 08:33:59.592] [cout] [info] time = 1.955 Performance = 168.17 Constraint violation = 5.24038e-11
[2026-03-04 08:33:59.855] [cout] [info] time = 1.96 Performance = 168.792 Constraint violation = 1.53208e-12
[2026-03-04 08:34:00.126] [cout] [info] time = 1.965 Performance = 169.385 Constraint violation = 7.70088e-12
[2026-03-04 08:34:00.397] [cout] [info] time = 1.97 Performance = 169.918 Constraint violation = 1.75361e-12
[2026-03-04 08:34:00.694] [cout] [info] time = 1.975 Performance = 170.353 Constraint violation = 4.43489e-11
[2026-03-04 08:34:00.994] [cout] [info] time = 1.98 Performance = 170.664 Constraint violation = 1.27496e-11
[2026-03-04 08:34:01.280] [cout] [info] time = 1.985 Performance = 170.831 Constraint violation = 3.16308e-11
[2026-03-04 08:34:01.627] [cout] [info] time = 1.99 Performance = 170.841 Constraint violation = 9.37725e-12
[2026-03-04 08:34:01.967] [cout] [info] time = 1.995 Performance = 170.691 Constraint violation = 5.48049e-12
[2026-03-04 08:34:02.315] [cout] [info] time = 2.0 Performance = 170.403 Constraint violation = 1.40042e-11
[2026-03-04 08:34:02.673] [cout] [info] time = 2.00500 Performance = 169.963 Constraint violation = 5.89799e-12
[2026-03-04 08:34:03.009] [cout] [info] time = 2.01 Performance = 169.414 Constraint violation = 1.288e-11
[2026-03-04 08:34:03.300] [cout] [info] time = 2.015 Performance = 168.787 Constraint violation = 2.98373e-11
[2026-03-04 08:34:03.576] [cout] [info] time = 2.02 Performance = 168.12 Constraint violation = 7.3152e-12
[2026-03-04 08:34:03.847] [cout] [info] time = 2.025 Performance = 167.463 Constraint violation = 2.15779e-11
[2026-03-04 08:34:04.129] [cout] [info] time = 2.03 Performance = 166.87 Constraint violation = 3.27588e-11
[2026-03-04 08:34:04.411] [cout] [info] time = 2.035 Performance = 166.399 Constraint violation = 5.39872e-12
[2026-03-04 08:34:04.696] [cout] [info] time = 2.04 Performance = 166.14 Constraint violation = 6.02754e-12
[2026-03-04 08:34:04.977] [cout] [info] time = 2.045 Performance = 166.136 Constraint violation = 4.82627e-12
[2026-03-04 08:34:05.261] [cout] [info] time = 2.05 Performance = 166.456 Constraint violation = 7.34362e-12
[2026-03-04 08:34:05.546] [cout] [info] time = 2.055 Performance = 167.157 Constraint violation = 1.02959e-10
[2026-03-04 08:34:05.830] [cout] [info] time = 2.06 Performance = 168.285 Constraint violation = 2.84103e-11
[2026-03-04 08:34:06.105] [cout] [info] time = 2.065 Performance = 169.883 Constraint violation = 2.36253e-11
[2026-03-04 08:34:06.393] [cout] [info] time = 2.07 Performance = 171.993 Constraint violation = 2.67011e-11
[2026-03-04 08:34:06.681] [cout] [info] time = 2.075 Performance = 174.66 Constraint violation = 5.70342e-11
[2026-03-04 08:34:06.963] [cout] [info] time = 2.08 Performance = 177.931 Constraint violation = 5.94104e-10
[2026-03-04 08:34:07.252] [cout] [info] time = 2.085 Performance = 181.844 Constraint violation = 1.2732e-09
[2026-03-04 08:34:07.535] [cout] [info] time = 2.09 Performance = 186.427 Constraint violation = 2.12898e-11
[2026-03-04 08:34:07.815] [cout] [info] time = 2.095 Performance = 191.704 Constraint violation = 9.35048e-11
[2026-03-04 08:34:08.155] [cout] [info] time = 2.1 Performance = 197.701 Constraint violation = 4.66287e-12
[2026-03-04 08:34:08.470] [cout] [info] time = 2.10500 Performance = 204.441 Constraint violation = 1.08668e-10
[2026-03-04 08:34:08.768] [cout] [info] time = 2.11 Performance = 211.934 Constraint violation = 1.68963e-11
[2026-03-04 08:34:09.059] [cout] [info] time = 2.115 Performance = 220.177 Constraint violation = 2.48455e-12
[2026-03-04 08:34:09.354] [cout] [info] time = 2.12 Performance = 229.143 Constraint violation = 2.05587e-10
[2026-03-04 08:34:09.655] [cout] [info] time = 2.125 Performance = 238.806 Constraint violation = 4.54392e-10
[2026-03-04 08:34:09.956] [cout] [info] time = 2.13 Performance = 249.122 Constraint violation = 2.01457e-11
[2026-03-04 08:34:10.247] [cout] [info] time = 2.135 Performance = 260.025 Constraint violation = 2.38431e-11
[2026-03-04 08:34:10.547] [cout] [info] time = 2.14 Performance = 271.437 Constraint violation = 1.36513e-10
[2026-03-04 08:34:10.849] [cout] [info] time = 2.145 Performance = 283.264 Constraint violation = 4.18929e-11
[2026-03-04 08:34:11.151] [cout] [info] time = 2.15 Performance = 295.407 Constraint violation = 1.70289e-10
[2026-03-04 08:34:11.452] [cout] [info] time = 2.155 Performance = 307.778 Constraint violation = 5.0447e-12
[2026-03-04 08:34:11.750] [cout] [info] time = 2.16 Performance = 320.279 Constraint violation = 3.18726e-11
[2026-03-04 08:34:12.041] [cout] [info] time = 2.165 Performance = 332.788 Constraint violation = 1.15022e-10
[2026-03-04 08:34:12.343] [cout] [info] time = 2.17 Performance = 345.166 Constraint violation = 9.28555e-11
[2026-03-04 08:34:12.659] [cout] [info] time = 2.175 Performance = 357.277 Constraint violation = 2.00903e-11
[2026-03-04 08:34:12.945] [cout] [info] time = 2.18 Performance = 368.972 Constraint violation = 1.37733e-10
[2026-03-04 08:34:13.240] [cout] [info] time = 2.185 Performance = 380.071 Constraint violation = 7.87229e-11
[2026-03-04 08:34:13.547] [cout] [info] time = 2.19 Performance = 390.42 Constraint violation = 2.38234e-10
[2026-03-04 08:34:13.841] [cout] [info] time = 2.195 Performance = 399.881 Constraint violation = 5.30457e-10
[2026-03-04 08:34:14.144] [cout] [info] time = 2.2 Performance = 408.33 Constraint violation = 5.54168e-11
[2026-03-04 08:34:14.492] [cout] [info] time = 2.20500 Performance = 415.665 Constraint violation = 1.55508e-11
[2026-03-04 08:34:14.829] [cout] [info] time = 2.21 Performance = 421.773 Constraint violation = 1.35002e-11
[2026-03-04 08:34:15.183] [cout] [info] time = 2.215 Performance = 426.569 Constraint violation = 2.64128e-12
[2026-03-04 08:34:15.532] [cout] [info] time = 2.22 Performance = 430.014 Constraint violation = 3.78131e-10
[2026-03-04 08:34:15.871] [cout] [info] time = 2.225 Performance = 432.103 Constraint violation = 1.51852e-10
[2026-03-04 08:34:16.174] [cout] [info] time = 2.23 Performance = 432.861 Constraint violation = 1.51304e-11
[2026-03-04 08:34:16.455] [cout] [info] time = 2.235 Performance = 432.342 Constraint violation = 5.62768e-10
[2026-03-04 08:34:16.735] [cout] [info] time = 2.24 Performance = 430.629 Constraint violation = 1.14476e-10
[2026-03-04 08:34:17.066] [cout] [info] time = 2.245 Performance = 427.822 Constraint violation = 3.09873e-11
[2026-03-04 08:34:17.345] [cout] [info] time = 2.25 Performance = 424.035 Constraint violation = 9.76449e-11
[2026-03-04 08:34:17.637] [cout] [info] time = 2.255 Performance = 419.394 Constraint violation = 3.55044e-10
[2026-03-04 08:34:17.910] [cout] [info] time = 2.26 Performance = 414.029 Constraint violation = 8.69881e-11
[2026-03-04 08:34:18.203] [cout] [info] time = 2.265 Performance = 408.07 Constraint violation = 1.20754e-10
[2026-03-04 08:34:18.486] [cout] [info] time = 2.27 Performance = 401.645 Constraint violation = 1.10388e-10
[2026-03-04 08:34:18.771] [cout] [info] time = 2.275 Performance = 394.893 Constraint violation = 1.39006e-10
[2026-03-04 08:34:19.049] [cout] [info] time = 2.28 Performance = 387.91 Constraint violation = 5.66464e-11
[2026-03-04 08:34:19.328] [cout] [info] time = 2.285 Performance = 380.754 Constraint violation = 9.74453e-11
[2026-03-04 08:34:19.595] [cout] [info] time = 2.29 Performance = 373.473 Constraint violation = 8.94176e-12
[2026-03-04 08:34:19.871] [cout] [info] time = 2.295 Performance = 366.093 Constraint violation = 3.80999e-11
[2026-03-04 08:34:20.196] [cout] [info] time = 2.3 Performance = 358.624 Constraint violation = 2.42444e-11
[2026-03-04 08:34:20.482] [cout] [info] time = 2.30500 Performance = 351.049 Constraint violation = 3.52283e-11
[2026-03-04 08:34:20.771] [cout] [info] time = 2.31 Performance = 343.32 Constraint violation = 3.44883e-11
[2026-03-04 08:34:21.052] [cout] [info] time = 2.315 Performance = 335.371 Constraint violation = 3.04885e-10
[2026-03-04 08:34:21.338] [cout] [info] time = 2.32 Performance = 327.134 Constraint violation = 1.95987e-11
[2026-03-04 08:34:21.635] [cout] [info] time = 2.325 Performance = 318.56 Constraint violation = 8.22941e-11
[2026-03-04 08:34:21.907] [cout] [info] time = 2.33 Performance = 309.62 Constraint violation = 2.93259e-11
[2026-03-04 08:34:22.186] [cout] [info] time = 2.335 Performance = 300.319 Constraint violation = 8.89987e-11
[2026-03-04 08:34:22.471] [cout] [info] time = 2.34 Performance = 290.687 Constraint violation = 9.06864e-11
[2026-03-04 08:34:22.755] [cout] [info] time = 2.345 Performance = 280.786 Constraint violation = 1.31913e-10
[2026-03-04 08:34:23.039] [cout] [info] time = 2.35 Performance = 270.701 Constraint violation = 8.50888e-10
[2026-03-04 08:34:23.323] [cout] [info] time = 2.355 Performance = 260.522 Constraint violation = 1.30459e-10
[2026-03-04 08:34:23.603] [cout] [info] time = 2.36 Performance = 250.328 Constraint violation = 2.10613e-10
[2026-03-04 08:34:23.877] [cout] [info] time = 2.365 Performance = 240.17 Constraint violation = 1.8437e-10
[2026-03-04 08:34:24.166] [cout] [info] time = 2.37 Performance = 230.069 Constraint violation = 1.71952e-11
[2026-03-04 08:34:24.462] [cout] [info] time = 2.375 Performance = 220.038 Constraint violation = 5.29213e-11
[2026-03-04 08:34:24.733] [cout] [info] time = 2.38 Performance = 210.096 Constraint violation = 3.16492e-11
[2026-03-04 08:34:25.008] [cout] [info] time = 2.385 Performance = 200.258 Constraint violation = 2.57957e-10
[2026-03-04 08:34:25.259] [cout] [info] time = 2.39 Performance = 190.532 Constraint violation = 1.84442e-11
[2026-03-04 08:34:25.549] [cout] [info] time = 2.395 Performance = 180.924 Constraint violation = 1.70559e-11
[2026-03-04 08:34:25.861] [cout] [info] time = 2.4 Performance = 171.45 Constraint violation = 7.91395e-11
[2026-03-04 08:34:26.155] [cout] [info] time = 2.40500 Performance = 162.139 Constraint violation = 8.01254e-12
[2026-03-04 08:34:26.465] [cout] [info] time = 2.41 Performance = 153.027 Constraint violation = 4.23098e-12
[2026-03-04 08:34:26.807] [cout] [info] time = 2.415 Performance = 144.154 Constraint violation = 4.85107e-12
[2026-03-04 08:34:27.168] [cout] [info] time = 2.42 Performance = 135.564 Constraint violation = 6.23047e-11
[2026-03-04 08:34:27.503] [cout] [info] time = 2.425 Performance = 127.297 Constraint violation = 3.1593e-11
[2026-03-04 08:34:27.824] [cout] [info] time = 2.43 Performance = 119.393 Constraint violation = 4.05489e-11
[2026-03-04 08:34:28.160] [cout] [info] time = 2.435 Performance = 111.894 Constraint violation = 2.13264e-12
[2026-03-04 08:34:28.476] [cout] [info] time = 2.44 Performance = 104.841 Constraint violation = 1.06805e-11
[2026-03-04 08:34:28.782] [cout] [info] time = 2.445 Performance = 98.2662 Constraint violation = 2.74014e-11
[2026-03-04 08:34:29.080] [cout] [info] time = 2.45 Performance = 92.1996 Constraint violation = 2.27487e-11
[2026-03-04 08:34:29.338] [cout] [info] time = 2.455 Performance = 86.6545 Constraint violation = 3.58788e-11
[2026-03-04 08:34:29.589] [cout] [info] time = 2.46 Performance = 81.6336 Constraint violation = 4.99466e-11
[2026-03-04 08:34:29.843] [cout] [info] time = 2.465 Performance = 77.12 Constraint violation = 6.09629e-11
[2026-03-04 08:34:30.088] [cout] [info] time = 2.47 Performance = 73.0784 Constraint violation = 8.05365e-12
[2026-03-04 08:34:30.340] [cout] [info] time = 2.475 Performance = 69.4551 Constraint violation = 2.70202e-11
[2026-03-04 08:34:30.614] [cout] [info] time = 2.48 Performance = 66.1745 Constraint violation = 6.66571e-11
[2026-03-04 08:34:30.876] [cout] [info] time = 2.485 Performance = 63.1879 Constraint violation = 1.18346e-11
[2026-03-04 08:34:31.143] [cout] [info] time = 2.49 Performance = 60.4493 Constraint violation = 4.71783e-12
[2026-03-04 08:34:31.416] [cout] [info] time = 2.495 Performance = 57.9229 Constraint violation = 3.80194e-12
[2026-03-04 08:34:31.686] [cout] [info] time = 2.5 Performance = 55.5745 Constraint violation = 1.93084e-11
[2026-03-04 08:34:31.958] [cout] [info] time = 2.50500 Performance = 53.3677 Constraint violation = 1.55916e-10
[2026-03-04 08:34:32.214] [cout] [info] time = 2.51 Performance = 51.2677 Constraint violation = 1.68166e-11
[2026-03-04 08:34:32.470] [cout] [info] time = 2.515 Performance = 49.2466 Constraint violation = 1.52548e-11
[2026-03-04 08:34:32.907] [cout] [info] time = 2.52 Performance = 47.2818 Constraint violation = 3.19992e-11
[2026-03-04 08:34:33.225] [cout] [info] time = 2.525 Performance = 45.3513 Constraint violation = 3.02010e-11
[2026-03-04 08:34:33.495] [cout] [info] time = 2.53 Performance = 43.439 Constraint violation = 2.98474e-12
[2026-03-04 08:34:33.789] [cout] [info] time = 2.535 Performance = 41.5373 Constraint violation = 2.45257e-11
[2026-03-04 08:34:34.080] [cout] [info] time = 2.54 Performance = 39.6517 Constraint violation = 9.25669e-12
[2026-03-04 08:34:34.362] [cout] [info] time = 2.545 Performance = 37.7927 Constraint violation = 1.37044e-11
[2026-03-04 08:34:34.644] [cout] [info] time = 2.55 Performance = 35.9723 Constraint violation = 3.86207e-12
[2026-03-04 08:34:34.923] [cout] [info] time = 2.555 Performance = 34.2018 Constraint violation = 3.1181e-12
[2026-03-04 08:34:35.290] [cout] [info] time = 2.56 Performance = 32.4936 Constraint violation = 6.07428e-12
[2026-03-04 08:34:35.590] [cout] [info] time = 2.565 Performance = 30.86 Constraint violation = 4.26696e-12
[2026-03-04 08:34:35.934] [cout] [info] time = 2.57 Performance = 29.3089 Constraint violation = 3.13134e-12
[2026-03-04 08:34:36.234] [cout] [info] time = 2.575 Performance = 27.8375 Constraint violation = 5.97673e-11
[2026-03-04 08:34:36.519] [cout] [info] time = 2.58 Performance = 26.4329 Constraint violation = 2.60073e-12
[2026-03-04 08:34:36.807] [cout] [info] time = 2.585 Performance = 25.0743 Constraint violation = 9.42439e-13
[2026-03-04 08:34:37.061] [cout] [info] time = 2.59 Performance = 23.7413 Constraint violation = 2.76363e-12
[2026-03-04 08:34:37.322] [cout] [info] time = 2.595 Performance = 22.4156 Constraint violation = 8.94555e-12
[2026-03-04 08:34:37.588] [cout] [info] time = 2.6 Performance = 21.0829 Constraint violation = 8.37721e-13
[2026-03-04 08:34:37.842] [cout] [info] time = 2.60500 Performance = 19.7334 Constraint violation = 3.90120e-12
[2026-03-04 08:34:38.095] [cout] [info] time = 2.61 Performance = 18.3615 Constraint violation = 5.11361e-13
[2026-03-04 08:34:38.344] [cout] [info] time = 2.615 Performance = 16.9653 Constraint violation = 2.69033e-12
[2026-03-04 08:34:38.591] [cout] [info] time = 2.62 Performance = 15.5417 Constraint violation = 5.54598e-12
[2026-03-04 08:34:38.843] [cout] [info] time = 2.625 Performance = 14.0967 Constraint violation = 1.12791e-12
[2026-03-04 08:34:39.096] [cout] [info] time = 2.63 Performance = 12.6368 Constraint violation = 1.54949e-12
[2026-03-04 08:34:39.354] [cout] [info] time = 2.635 Performance = 11.1822 Constraint violation = 3.75856e-12
[2026-03-04 08:34:39.610] [cout] [info] time = 2.64 Performance = 9.75311 Constraint violation = 7.17675e-12
[2026-03-04 08:34:39.872] [cout] [info] time = 2.645 Performance = 8.37508 Constraint violation = 7.77949e-13
[2026-03-04 08:34:40.138] [cout] [info] time = 2.65 Performance = 7.07497 Constraint violation = 2.01678e-12
[2026-03-04 08:34:40.399] [cout] [info] time = 2.655 Performance = 5.87807 Constraint violation = 1.06306e-12
[2026-03-04 08:34:40.647] [cout] [info] time = 2.66 Performance = 4.80507 Constraint violation = 1.28394e-12
[2026-03-04 08:34:40.901] [cout] [info] time = 2.665 Performance = 3.87123 Constraint violation = 8.61692e-13
[2026-03-04 08:34:41.160] [cout] [info] time = 2.67 Performance = 3.08082 Constraint violation = 6.51928e-13
[2026-03-04 08:34:41.422] [cout] [info] time = 2.675 Performance = 2.43427 Constraint violation = 8.46342e-13
[2026-03-04 08:34:41.680] [cout] [info] time = 2.68 Performance = 1.92558 Constraint violation = 4.7116e-13
[2026-03-04 08:34:41.936] [cout] [info] time = 2.685 Performance = 1.54353 Constraint violation = 7.30731e-13
[2026-03-04 08:34:42.189] [cout] [info] time = 2.69 Performance = 1.27134 Constraint violation = 5.16046e-13
[2026-03-04 08:34:42.458] [cout] [info] time = 2.695 Performance = 1.08935 Constraint violation = 5.00935e-13
[2026-03-04 08:34:42.718] [cout] [info] time = 2.7 Performance = 0.979851 Constraint violation = 3.02039e-13
[2026-03-04 08:34:42.977] [cout] [info] time = 2.70500 Performance = 0.924755 Constraint violation = 3.9393e-13
[2026-03-04 08:34:43.245] [cout] [info] time = 2.71 Performance = 0.909470 Constraint violation = 3.03346e-13
[2026-03-04 08:34:43.508] [cout] [info] time = 2.715 Performance = 0.922078 Constraint violation = 3.35296e-13
[2026-03-04 08:34:43.774] [cout] [info] time = 2.72 Performance = 0.953281 Constraint violation = 8.45787e-13
[2026-03-04 08:34:44.036] [cout] [info] time = 2.725 Performance = 0.997358 Constraint violation = 7.52458e-13
[2026-03-04 08:34:44.357] [cout] [info] time = 2.73 Performance = 1.05039 Constraint violation = 3.99919e-13
[2026-03-04 08:34:44.746] [cout] [info] time = 2.735 Performance = 1.11408 Constraint violation = 7.46377e-13
[2026-03-04 08:34:45.132] [cout] [info] time = 2.74 Performance = 1.19025 Constraint violation = 5.5223e-13
[2026-03-04 08:34:45.403] [cout] [info] time = 2.745 Performance = 1.28281 Constraint violation = 5.65526e-13
[2026-03-04 08:34:45.670] [cout] [info] time = 2.75 Performance = 1.39502 Constraint violation = 8.17727e-13
[2026-03-04 08:34:45.941] [cout] [info] time = 2.755 Performance = 1.52655 Constraint violation = 5.66125e-13
[2026-03-04 08:34:46.214] [cout] [info] time = 2.76 Performance = 1.67681 Constraint violation = 6.33675e-13
[2026-03-04 08:34:46.493] [cout] [info] time = 2.765 Performance = 1.83981 Constraint violation = 6.87505e-13
[2026-03-04 08:34:46.760] [cout] [info] time = 2.77 Performance = 2.00786 Constraint violation = 5.61689e-13
[2026-03-04 08:34:47.091] [cout] [info] time = 2.775 Performance = 2.17065 Constraint violation = 4.66079e-13
[2026-03-04 08:34:47.366] [cout] [info] time = 2.78 Performance = 2.31687 Constraint violation = 4.5558e-13
[2026-03-04 08:34:47.647] [cout] [info] time = 2.785 Performance = 2.43533 Constraint violation = 1.10294e-12
[2026-03-04 08:34:47.930] [cout] [info] time = 2.79 Performance = 2.51625 Constraint violation = 6.34502e-13
[2026-03-04 08:34:48.271] [cout] [info] time = 2.795 Performance = 2.55306 Constraint violation = 5.41036e-13
[2026-03-04 08:34:48.544] [cout] [info] time = 2.8 Performance = 2.54388 Constraint violation = 6.38784e-13
[2026-03-04 08:34:48.811] [cout] [info] time = 2.80500 Performance = 2.4923 Constraint violation = 7.49364e-13
[2026-03-04 08:34:49.093] [cout] [info] time = 2.81 Performance = 2.40741 Constraint violation = 8.55117e-13
[2026-03-04 08:34:49.372] [cout] [info] time = 2.815 Performance = 2.30377 Constraint violation = 5.5758e-13
[2026-03-04 08:34:49.641] [cout] [info] time = 2.82 Performance = 2.19791 Constraint violation = 6.65422e-13
[2026-03-04 08:34:49.913] [cout] [info] time = 2.825 Performance = 2.10672 Constraint violation = 1.0663e-12
[2026-03-04 08:34:50.193] [cout] [info] time = 2.83 Performance = 2.04705 Constraint violation = 9.87362e-13
[2026-03-04 08:34:50.466] [cout] [info] time = 2.835 Performance = 2.03285 Constraint violation = 6.72963e-13
[2026-03-04 08:34:50.741] [cout] [info] time = 2.84 Performance = 2.07446 Constraint violation = 4.8594e-13
[2026-03-04 08:34:51.012] [cout] [info] time = 2.845 Performance = 2.179 Constraint violation = 9.12112e-13
[2026-03-04 08:34:51.301] [cout] [info] time = 2.85 Performance = 2.34994 Constraint violation = 6.60909e-13
[2026-03-04 08:34:51.574] [cout] [info] time = 2.855 Performance = 2.58724 Constraint violation = 8.60358e-13
[2026-03-04 08:34:51.846] [cout] [info] time = 2.86 Performance = 2.88721 Constraint violation = 9.9456e-13
[2026-03-04 08:34:52.123] [cout] [info] time = 2.865 Performance = 3.24225 Constraint violation = 4.45929e-13
[2026-03-04 08:34:52.400] [cout] [info] time = 2.87 Performance = 3.64125 Constraint violation = 3.70891e-13
[2026-03-04 08:34:52.682] [cout] [info] time = 2.875 Performance = 4.07098 Constraint violation = 6.74685e-13
[2026-03-04 08:34:52.953] [cout] [info] time = 2.88 Performance = 4.51849 Constraint violation = 7.91134e-13
[2026-03-04 08:34:53.226] [cout] [info] time = 2.885 Performance = 4.96875 Constraint violation = 6.94006e-13
[2026-03-04 08:34:53.498] [cout] [info] time = 2.89 Performance = 5.40959 Constraint violation = 1.24055e-12
[2026-03-04 08:34:53.774] [cout] [info] time = 2.895 Performance = 5.83123 Constraint violation = 9.30022e-13
[2026-03-04 08:34:54.050] [cout] [info] time = 2.9 Performance = 6.22517 Constraint violation = 8.08942e-13
[2026-03-04 08:34:54.330] [cout] [info] time = 2.90500 Performance = 6.58613 Constraint violation = 1.27917e-12
[2026-03-04 08:34:54.603] [cout] [info] time = 2.91 Performance = 6.91186 Constraint violation = 1.17391e-12
[2026-03-04 08:34:54.874] [cout] [info] time = 2.915 Performance = 7.20292 Constraint violation = 1.29711e-12
[2026-03-04 08:34:55.155] [cout] [info] time = 2.92 Performance = 7.46187 Constraint violation = 1.2876e-12
[2026-03-04 08:34:55.435] [cout] [info] time = 2.925 Performance = 7.69244 Constraint violation = 1.90930e-12
[2026-03-04 08:34:55.710] [cout] [info] time = 2.93 Performance = 7.89945 Constraint violation = 9.84049e-13
[2026-03-04 08:34:55.988] [cout] [info] time = 2.935 Performance = 8.08846 Constraint violation = 1.84083e-12
[2026-03-04 08:34:56.277] [cout] [info] time = 2.94 Performance = 8.26555 Constraint violation = 1.20681e-12
[2026-03-04 08:34:56.560] [cout] [info] time = 2.945 Performance = 8.43636 Constraint violation = 1.52973e-12
[2026-03-04 08:34:56.846] [cout] [info] time = 2.95 Performance = 8.60669 Constraint violation = 2.28234e-12
[2026-03-04 08:34:57.120] [cout] [info] time = 2.955 Performance = 8.78113 Constraint violation = 1.566e-12
[2026-03-04 08:34:57.402] [cout] [info] time = 2.96 Performance = 8.96252 Constraint violation = 9.38921e-13
[2026-03-04 08:34:57.683] [cout] [info] time = 2.965 Performance = 9.15128 Constraint violation = 2.25683e-12
[2026-03-04 08:34:57.966] [cout] [info] time = 2.97 Performance = 9.34963 Constraint violation = 1.04792e-12
[2026-03-04 08:34:58.249] [cout] [info] time = 2.975 Performance = 9.55867 Constraint violation = 4.09435e-12
[2026-03-04 08:34:58.524] [cout] [info] time = 2.98 Performance = 9.77847 Constraint violation = 9.37132e-13
[2026-03-04 08:34:58.794] [cout] [info] time = 2.985 Performance = 10.0096 Constraint violation = 1.8619e-12
[2026-03-04 08:34:59.069] [cout] [info] time = 2.99 Performance = 10.2524 Constraint violation = 6.37004e-13
[2026-03-04 08:34:59.359] [cout] [info] time = 2.995 Performance = 10.5071 Constraint violation = 2.27855e-12
[2026-03-04 08:34:59.652] [cout] [info] time = 3.0 Performance = 10.7735 Constraint violation = 1.48779e-12
[2026-03-04 08:34:59.924] [cout] [info] time = 3.00500 Performance = 11.0513 Constraint violation = 8.37413e-13
[2026-03-04 08:35:00.290] [cout] [info] time = 3.01 Performance = 11.3394 Constraint violation = 9.60655e-13
[2026-03-04 08:35:00.569] [cout] [info] time = 3.015 Performance = 11.6356 Constraint violation = 3.93989e-12
[2026-03-04 08:35:00.573] [info] Printing results of investigation SO to .
[2026-03-04 08:35:01.500] [info] Loaded model Athlete_03_Uhlrich_scaled from file ..\..\..\..\models\Athlete_03_Uhlrich\25_03_31\scaled.osim
[2026-03-04 08:35:01.668] [info] Loaded model Athlete_03_Uhlrich_scaled from file ..\..\..\..\models\Athlete_03_Uhlrich\25_03_31\scaled.osim
[2026-03-04 08:35:01.841] [info] Loaded model Athlete_03_Uhlrich_scaled from file ..\..\..\..\models\Athlete_03_Uhlrich\25_03_31\scaled.osim
[2026-03-04 08:35:02.007] [info] Loaded model Athlete_03_Uhlrich_scaled from file ..\..\..\..\models\Athlete_03_Uhlrich\25_03_31\scaled.osim
[2026-03-04 08:35:02.180] [info] Loaded model Athlete_03_Uhlrich_scaled from file ..\..\..\..\models\Athlete_03_Uhlrich\25_03_31\scaled.osim
[2026-03-04 08:35:02.353] [info] Loaded model Athlete_03_Uhlrich_scaled from file ..\..\..\..\models\Athlete_03_Uhlrich\25_03_31\scaled.osim
[2026-03-04 08:35:02.529] [info] Loaded model Athlete_03_Uhlrich_scaled from file ..\..\..\..\models\Athlete_03_Uhlrich\25_03_31\scaled.osim
[2026-03-04 08:35:02.618] [info] Loaded model Athlete_03_Uhlrich_scaled from file ..\..\..\..\models\Athlete_03_Uhlrich\25_03_31\scaled.osim
[2026-03-04 08:35:02.708] [info] Loaded model Athlete_03_Uhlrich_scaled from file ..\..\..\..\models\Athlete_03_Uhlrich\25_03_31\scaled.osim
[2026-03-04 08:35:02.795] [info] Loaded model Athlete_03_Uhlrich_scaled from file ..\..\..\..\models\Athlete_03_Uhlrich\25_03_31\scaled.osim
[2026-03-04 08:35:02.885] [info] Loaded model Athlete_03_Uhlrich_scaled from file ..\..\..\..\models\Athlete_03_Uhlrich\25_03_31\scaled.osim
[2026-03-04 08:35:02.973] [info] Loaded model Athlete_03_Uhlrich_scaled from file ..\..\..\..\models\Athlete_03_Uhlrich\25_03_31\scaled.osim
[2026-03-04 08:35:03.062] [info] Loaded model Athlete_03_Uhlrich_scaled from file ..\..\..\..\models\Athlete_03_Uhlrich\25_03_31\scaled.osim
[2026-03-04 08:35:03.235] [info] Loaded model Athlete_03_Uhlrich_scaled from file ..\..\..\..\models\Athlete_03_Uhlrich\25_03_31\scaled.osim
[2026-03-04 08:35:04.235] [info] Loaded model Athlete_03_Uhlrich_scaled from file ..\..\..\..\models\Athlete_03_Uhlrich\25_03_31\scaled.osim
[2026-03-04 08:35:04.278] [info] Storage: read data file = joint_angles.mot (nr=603 nc=40)
[2026-03-04 08:35:04.292] [info] Storage: read data file = joint_angles.mot (nr=603 nc=40)
[2026-03-04 08:35:04.334] [info] Loaded model Athlete_03_Uhlrich_scaled from file ..\..\..\..\models\Athlete_03_Uhlrich\25_03_31\scaled.osim
[2026-03-04 08:35:04.406] [info] AbstractTool Analyse loading model ..\..\..\..\models\Athlete_03_Uhlrich\25_03_31\scaled.osim
[2026-03-04 08:35:04.436] [info] Loaded model Athlete_03_Uhlrich_scaled from file ..\..\..\..\models\Athlete_03_Uhlrich\25_03_31\scaled.osim
[2026-03-04 08:35:04.562] [info] Storage: read data file = grf.mot (nr=6040 nc=46)
[2026-03-04 08:35:04.636] [info] ExternalForce::grf_r_4 Data source being set to grf
[2026-03-04 08:35:04.636] [info] ExternalForce::grf_l_5 Data source being set to grf
[2026-03-04 08:35:04.645] [info] Loading coordinates from file 'joint_angles.mot'.
[2026-03-04 08:35:04.645] [info] Storage: read data file = joint_angles.mot (nr=603 nc=40)
[2026-03-04 08:35:04.656] [info] Low-pass filtering coordinates data with a cutoff frequency of 6.0...
[2026-03-04 08:35:05.358] [info] AssemblySolver::track() attempt Failed: SimTK Exception thrown at Assembler.cpp:973:
  Method Assembler::track() failed because:
Unable to achieve required assembly error tolerance.
Assembly error tolerance achieved: 9.9542383979794749e-09 required: 1e-10.
[2026-03-04 08:35:05.363] [error] Model unable to assemble: AssemblySolver::assemble() Failed: SimTK Exception thrown at Assembler.cpp:897:
  Method Assembler::assemble() failed because:
Unable to achieve required assembly error tolerance.
Assembly error tolerance achieved: 9.9542377991428761e-09 required: 1e-10..Model relaxing constraints and trying again.
[2026-03-04 08:35:05.905] [info] Found 1205 state vectors with time stamps ranging from -1.5 to 4.52.
[2026-03-04 08:35:05.906] [info] Executing the analyses from 0.00500000 to 3.015...
[2026-03-04 08:35:05.909] [info] Loading actuator forces from file SO_StaticOptimization_force.sto.
[2026-03-04 08:35:05.909] [info] Storage: read data file = SO_StaticOptimization_force.sto (nr=603 nc=132)
[2026-03-04 08:35:05.943] [info] Found 131 actuator forces with time stamps ranging from 0.00500000to 3.015.
[2026-03-04 08:35:05.943] [warning] The forces file contains actuators that are not in the model's actuator set.
[2026-03-04 08:35:05.943] [warning] Ignoring fiber lengths and activations from the states since forces_file is also set. Actuator forces will be constructed from SO_StaticOptimization_force.sto.
[2026-03-04 08:35:07.351] [info] Printing results of investigation Analyse to .
[2026-03-04 08:35:07.447] [info] Loaded model Athlete_03_Uhlrich_scaled from file ..\..\..\..\models\Athlete_03_Uhlrich\25_03_31\scaled.osim
[2026-03-04 08:35:08.731] [info] Loaded model Athlete_03_Uhlrich_scaled from file ..\..\..\..\models\Athlete_03_Uhlrich\25_03_31\scaled.osim
[2026-03-04 08:35:08.782] [info] Storage: read data file = joint_angles.mot (nr=603 nc=40)
[2026-03-04 08:35:08.798] [info] Storage: read data file = joint_angles.mot (nr=603 nc=40)
[2026-03-04 08:35:08.853] [info] Loaded model Athlete_03_Uhlrich_scaled from file ..\..\..\..\models\Athlete_03_Uhlrich\25_03_31\scaled.osim
[2026-03-04 08:35:08.925] [info] AbstractTool Analyse loading model ..\..\..\..\models\Athlete_03_Uhlrich\25_03_31\scaled.osim
[2026-03-04 08:35:08.955] [info] Loaded model Athlete_03_Uhlrich_scaled from file ..\..\..\..\models\Athlete_03_Uhlrich\25_03_31\scaled.osim
[2026-03-04 08:35:09.090] [info] Storage: read data file = grf.mot (nr=6040 nc=46)
[2026-03-04 08:35:09.165] [info] ExternalForce::grf_r_4 Data source being set to grf
[2026-03-04 08:35:09.165] [info] ExternalForce::grf_l_5 Data source being set to grf
[2026-03-04 08:35:09.175] [info] Loading coordinates from file 'joint_angles.mot'.
[2026-03-04 08:35:09.175] [info] Storage: read data file = joint_angles.mot (nr=603 nc=40)
[2026-03-04 08:35:09.186] [info] Low-pass filtering coordinates data with a cutoff frequency of 6.0...
[2026-03-04 08:35:09.863] [info] AssemblySolver::track() attempt Failed: SimTK Exception thrown at Assembler.cpp:973:
  Method Assembler::track() failed because:
Unable to achieve required assembly error tolerance.
Assembly error tolerance achieved: 9.9542383979794749e-09 required: 1e-10.
[2026-03-04 08:35:09.870] [error] Model unable to assemble: AssemblySolver::assemble() Failed: SimTK Exception thrown at Assembler.cpp:897:
  Method Assembler::assemble() failed because:
Unable to achieve required assembly error tolerance.
Assembly error tolerance achieved: 9.9542377991428761e-09 required: 1e-10..Model relaxing constraints and trying again.
[2026-03-04 08:35:10.421] [info] Found 1205 state vectors with time stamps ranging from -1.5 to 4.52.
[2026-03-04 08:35:10.421] [info] Executing the analyses from 0.00500000 to 3.015...
[2026-03-04 08:35:10.423] [info] Loading actuator forces from file Execution_a10_b1_g1000\MuscleForces.sto.
[2026-03-04 08:35:10.423] [error] IO.OpenInputFile(const string&,openmode mode): failed to open Execution_a10_b1_g1000\MuscleForces.sto.
[2026-03-04 08:35:10.482] [info] Loaded model Athlete_03_Uhlrich_scaled from file ..\..\..\..\models\Athlete_03_Uhlrich\25_03_31\scaled.osim
[2026-03-04 08:35:10.714] [info] Loaded model Athlete_03_Uhlrich_scaled from file ..\..\..\..\models\Athlete_03_Uhlrich\25_03_31\scaled.osim
[2026-03-04 08:35:10.926] [info] Loaded model Athlete_03_Uhlrich_scaled from file ..\..\..\..\models\Athlete_03_Uhlrich\25_03_31\scaled.osim
[2026-03-04 08:35:11.060] [info] Loaded model Athlete_03_Uhlrich_scaled from file ..\..\..\..\models\Athlete_03_Uhlrich\25_03_31\scaled.osim
[2026-03-04 08:35:11.382] [info] Loaded model Athlete_03_Uhlrich_scaled from file ..\..\..\..\models\Athlete_03_Uhlrich\25_03_31\scaled.osim
[2026-03-04 08:35:11.560] [cout] [info] 
               MODEL: Athlete_03_Uhlrich_scaled
         coordinates: 39
              forces: 97
           actuators: 97
             muscles: 80
            analyses: 0
              probes: 0
              bodies: 22
              joints: 22
         constraints: 2
             markers: 46
         controllers: 0
  contact geometries: 0
misc modelcomponents: 0
[2026-03-04 08:35:11.560] [info] Running tool .
[2026-03-04 08:35:12.171] [info] Frame 1 (t = 0.00500000):	 total squared error = 4.96663, marker error: RMS = 0.437063, max = 1.62555 (BR)
[2026-03-04 08:35:12.194] [info] Frame 2 (t = 0.01):	 total squared error = 4.96704, marker error: RMS = 0.437081, max = 1.6256 (BR)
[2026-03-04 08:35:12.270] [info] Frame 3 (t = 0.015):	 total squared error = 4.96751, marker error: RMS = 0.437102, max = 1.62566 (BR)
[2026-03-04 08:35:12.342] [info] Frame 4 (t = 0.02):	 total squared error = 4.96803, marker error: RMS = 0.437125, max = 1.62573 (BR)
[2026-03-04 08:35:12.376] [info] Frame 5 (t = 0.025):	 total squared error = 4.96861, marker error: RMS = 0.43715, max = 1.62581 (BR)
[2026-03-04 08:35:12.410] [info] Frame 6 (t = 0.03):	 total squared error = 4.96923, marker error: RMS = 0.437178, max = 1.6259 (BR)
[2026-03-04 08:35:12.434] [info] Frame 7 (t = 0.035):	 total squared error = 4.96989, marker error: RMS = 0.437206, max = 1.62599 (BR)
[2026-03-04 08:35:12.457] [info] Frame 8 (t = 0.04):	 total squared error = 4.97056, marker error: RMS = 0.437236, max = 1.62609 (BR)
[2026-03-04 08:35:12.506] [info] Frame 9 (t = 0.045):	 total squared error = 4.97124, marker error: RMS = 0.437266, max = 1.6262 (BR)
[2026-03-04 08:35:12.537] [info] Frame 10 (t = 0.05):	 total squared error = 4.97193, marker error: RMS = 0.437296, max = 1.6263 (BR)
[2026-03-04 08:35:12.561] [info] Frame 11 (t = 0.055):	 total squared error = 4.9726, marker error: RMS = 0.437326, max = 1.62641 (BR)
[2026-03-04 08:35:12.579] [info] Frame 12 (t = 0.06):	 total squared error = 4.97326, marker error: RMS = 0.437355, max = 1.62651 (BR)
[2026-03-04 08:35:12.597] [info] Frame 13 (t = 0.065):	 total squared error = 4.97388, marker error: RMS = 0.437382, max = 1.62661 (BR)
[2026-03-04 08:35:12.612] [info] Frame 14 (t = 0.07):	 total squared error = 4.97448, marker error: RMS = 0.437408, max = 1.62671 (BR)
[2026-03-04 08:35:12.629] [info] Frame 15 (t = 0.075):	 total squared error = 4.97504, marker error: RMS = 0.437433, max = 1.62681 (BR)
[2026-03-04 08:35:12.644] [info] Frame 16 (t = 0.08):	 total squared error = 4.97557, marker error: RMS = 0.437456, max = 1.6269 (BR)
[2026-03-04 08:35:12.662] [info] Frame 17 (t = 0.085):	 total squared error = 4.97606, marker error: RMS = 0.437478, max = 1.62699 (BR)
[2026-03-04 08:35:12.679] [info] Frame 18 (t = 0.09):	 total squared error = 4.97651, marker error: RMS = 0.437497, max = 1.62708 (BR)
[2026-03-04 08:35:12.695] [info] Frame 19 (t = 0.095):	 total squared error = 4.97691, marker error: RMS = 0.437515, max = 1.62716 (BR)
[2026-03-04 08:35:12.710] [info] Frame 20 (t = 0.1):	 total squared error = 4.97727, marker error: RMS = 0.437531, max = 1.62724 (BR)
[2026-03-04 08:35:12.728] [info] Frame 21 (t = 0.105000):	 total squared error = 4.97759, marker error: RMS = 0.437545, max = 1.62731 (BR)
[2026-03-04 08:35:12.745] [info] Frame 22 (t = 0.11):	 total squared error = 4.97787, marker error: RMS = 0.437557, max = 1.62737 (BR)
[2026-03-04 08:35:12.762] [info] Frame 23 (t = 0.115):	 total squared error = 4.97811, marker error: RMS = 0.437568, max = 1.62743 (BR)
[2026-03-04 08:35:12.780] [info] Frame 24 (t = 0.12):	 total squared error = 4.97831, marker error: RMS = 0.437577, max = 1.62749 (BR)
[2026-03-04 08:35:12.798] [info] Frame 25 (t = 0.125):	 total squared error = 4.97847, marker error: RMS = 0.437584, max = 1.62754 (BR)
[2026-03-04 08:35:12.814] [info] Frame 26 (t = 0.13):	 total squared error = 4.97861, marker error: RMS = 0.43759, max = 1.62758 (BR)
[2026-03-04 08:35:12.830] [info] Frame 27 (t = 0.135):	 total squared error = 4.97871, marker error: RMS = 0.437595, max = 1.62762 (BR)
[2026-03-04 08:35:12.846] [info] Frame 28 (t = 0.14):	 total squared error = 4.97879, marker error: RMS = 0.437598, max = 1.62766 (BR)
[2026-03-04 08:35:12.862] [info] Frame 29 (t = 0.145):	 total squared error = 4.97885, marker error: RMS = 0.437601, max = 1.62769 (BR)
[2026-03-04 08:35:12.877] [info] Frame 30 (t = 0.15):	 total squared error = 4.97889, marker error: RMS = 0.437602, max = 1.62772 (BR)
[2026-03-04 08:35:12.894] [info] Frame 31 (t = 0.155):	 total squared error = 4.97891, marker error: RMS = 0.437603, max = 1.62775 (BR)
[2026-03-04 08:35:12.913] [info] Frame 32 (t = 0.16):	 total squared error = 4.97892, marker error: RMS = 0.437603, max = 1.62778 (BR)
[2026-03-04 08:35:12.931] [info] Frame 33 (t = 0.165):	 total squared error = 4.97891, marker error: RMS = 0.437603, max = 1.6278 (BR)
[2026-03-04 08:35:12.946] [info] Frame 34 (t = 0.17):	 total squared error = 4.9789, marker error: RMS = 0.437603, max = 1.62783 (BR)
[2026-03-04 08:35:12.961] [info] Frame 35 (t = 0.175):	 total squared error = 4.97888, marker error: RMS = 0.437602, max = 1.62785 (BR)
[2026-03-04 08:35:12.978] [info] Frame 36 (t = 0.18):	 total squared error = 4.97885, marker error: RMS = 0.4376, max = 1.62787 (BR)
[2026-03-04 08:35:12.994] [info] Frame 37 (t = 0.185):	 total squared error = 4.97881, marker error: RMS = 0.437599, max = 1.62789 (BR)
[2026-03-04 08:35:13.011] [info] Frame 38 (t = 0.19):	 total squared error = 4.97876, marker error: RMS = 0.437597, max = 1.62791 (BR)
[2026-03-04 08:35:13.025] [info] Frame 39 (t = 0.195):	 total squared error = 4.97871, marker error: RMS = 0.437594, max = 1.62793 (BR)
[2026-03-04 08:35:13.044] [info] Frame 40 (t = 0.2):	 total squared error = 4.97864, marker error: RMS = 0.437592, max = 1.62794 (BR)
[2026-03-04 08:35:13.059] [info] Frame 41 (t = 0.205000):	 total squared error = 4.97857, marker error: RMS = 0.437588, max = 1.62796 (BR)
[2026-03-04 08:35:13.076] [info] Frame 42 (t = 0.21):	 total squared error = 4.97848, marker error: RMS = 0.437584, max = 1.62797 (BR)
[2026-03-04 08:35:13.096] [info] Frame 43 (t = 0.215):	 total squared error = 4.97838, marker error: RMS = 0.43758, max = 1.62798 (BR)
[2026-03-04 08:35:13.114] [info] Frame 44 (t = 0.22):	 total squared error = 4.97826, marker error: RMS = 0.437575, max = 1.62798 (BR)
[2026-03-04 08:35:13.130] [info] Frame 45 (t = 0.225):	 total squared error = 4.97813, marker error: RMS = 0.437569, max = 1.62798 (BR)
[2026-03-04 08:35:13.151] [info] Frame 46 (t = 0.23):	 total squared error = 4.97796, marker error: RMS = 0.437561, max = 1.62798 (BR)
[2026-03-04 08:35:13.170] [info] Frame 47 (t = 0.235):	 total squared error = 4.97777, marker error: RMS = 0.437553, max = 1.62797 (BR)
[2026-03-04 08:35:13.189] [info] Frame 48 (t = 0.24):	 total squared error = 4.97755, marker error: RMS = 0.437543, max = 1.62796 (BR)
[2026-03-04 08:35:13.206] [info] Frame 49 (t = 0.245):	 total squared error = 4.9773, marker error: RMS = 0.437532, max = 1.62794 (BR)
[2026-03-04 08:35:13.229] [info] Frame 50 (t = 0.25):	 total squared error = 4.977, marker error: RMS = 0.437519, max = 1.62791 (BR)
[2026-03-04 08:35:13.245] [info] Frame 51 (t = 0.255):	 total squared error = 4.97667, marker error: RMS = 0.437505, max = 1.62787 (BR)
[2026-03-04 08:35:13.261] [info] Frame 52 (t = 0.26):	 total squared error = 4.97628, marker error: RMS = 0.437487, max = 1.62783 (BR)
[2026-03-04 08:35:13.280] [info] Frame 53 (t = 0.265):	 total squared error = 4.97582, marker error: RMS = 0.437468, max = 1.62778 (BR)
[2026-03-04 08:35:13.292] [info] Frame 54 (t = 0.27):	 total squared error = 4.97532, marker error: RMS = 0.437445, max = 1.62771 (BR)
[2026-03-04 08:35:13.308] [info] Frame 55 (t = 0.275):	 total squared error = 4.97472, marker error: RMS = 0.437419, max = 1.62763 (BR)
[2026-03-04 08:35:13.328] [info] Frame 56 (t = 0.28):	 total squared error = 4.97403, marker error: RMS = 0.437389, max = 1.62754 (BR)
[2026-03-04 08:35:13.344] [info] Frame 57 (t = 0.285):	 total squared error = 4.97325, marker error: RMS = 0.437354, max = 1.62742 (BR)
[2026-03-04 08:35:13.360] [info] Frame 58 (t = 0.29):	 total squared error = 4.97234, marker error: RMS = 0.437314, max = 1.62729 (BR)
[2026-03-04 08:35:13.382] [info] Frame 59 (t = 0.295):	 total squared error = 4.9713, marker error: RMS = 0.437269, max = 1.62713 (BR)
[2026-03-04 08:35:13.397] [info] Frame 60 (t = 0.3):	 total squared error = 4.97012, marker error: RMS = 0.437217, max = 1.62694 (BR)
[2026-03-04 08:35:13.414] [info] Frame 61 (t = 0.305000):	 total squared error = 4.96877, marker error: RMS = 0.437157, max = 1.62672 (BR)
[2026-03-04 08:35:13.431] [info] Frame 62 (t = 0.31):	 total squared error = 4.96724, marker error: RMS = 0.437090, max = 1.62647 (BR)
[2026-03-04 08:35:13.453] [info] Frame 63 (t = 0.315):	 total squared error = 4.96549, marker error: RMS = 0.437013, max = 1.62619 (BR)
[2026-03-04 08:35:13.467] [info] Frame 64 (t = 0.32):	 total squared error = 4.96352, marker error: RMS = 0.436927, max = 1.62586 (BR)
[2026-03-04 08:35:13.488] [info] Frame 65 (t = 0.325):	 total squared error = 4.9613, marker error: RMS = 0.436829, max = 1.62549 (BR)
[2026-03-04 08:35:13.509] [info] Frame 66 (t = 0.33):	 total squared error = 4.95881, marker error: RMS = 0.436719, max = 1.62507 (BR)
[2026-03-04 08:35:13.524] [info] Frame 67 (t = 0.335):	 total squared error = 4.95602, marker error: RMS = 0.436596, max = 1.62459 (BR)
[2026-03-04 08:35:13.542] [info] Frame 68 (t = 0.34):	 total squared error = 4.95291, marker error: RMS = 0.436459, max = 1.62406 (BR)
[2026-03-04 08:35:13.562] [info] Frame 69 (t = 0.345):	 total squared error = 4.94945, marker error: RMS = 0.436307, max = 1.62347 (BR)
[2026-03-04 08:35:13.581] [info] Frame 70 (t = 0.35):	 total squared error = 4.94562, marker error: RMS = 0.436138, max = 1.62281 (BR)
[2026-03-04 08:35:13.605] [info] Frame 71 (t = 0.355):	 total squared error = 4.9414, marker error: RMS = 0.435951, max = 1.62208 (BR)
[2026-03-04 08:35:13.621] [info] Frame 72 (t = 0.36):	 total squared error = 4.93677, marker error: RMS = 0.435747, max = 1.62129 (BR)
[2026-03-04 08:35:13.646] [info] Frame 73 (t = 0.365):	 total squared error = 4.9317, marker error: RMS = 0.435524, max = 1.62041 (BR)
[2026-03-04 08:35:13.671] [info] Frame 74 (t = 0.37):	 total squared error = 4.92619, marker error: RMS = 0.43528, max = 1.61947 (BR)
[2026-03-04 08:35:13.701] [info] Frame 75 (t = 0.375):	 total squared error = 4.92022, marker error: RMS = 0.435016, max = 1.61844 (BR)
[2026-03-04 08:35:13.730] [info] Frame 76 (t = 0.38):	 total squared error = 4.91379, marker error: RMS = 0.434732, max = 1.61733 (BR)
[2026-03-04 08:35:13.753] [info] Frame 77 (t = 0.385):	 total squared error = 4.90688, marker error: RMS = 0.434426, max = 1.61614 (BR)
[2026-03-04 08:35:13.773] [info] Frame 78 (t = 0.39):	 total squared error = 4.89949, marker error: RMS = 0.434099, max = 1.61487 (BR)
[2026-03-04 08:35:13.795] [info] Frame 79 (t = 0.395):	 total squared error = 4.89162, marker error: RMS = 0.43375, max = 1.61351 (BR)
[2026-03-04 08:35:13.817] [info] Frame 80 (t = 0.4):	 total squared error = 4.88327, marker error: RMS = 0.43338, max = 1.61208 (BR)
[2026-03-04 08:35:13.832] [info] Frame 81 (t = 0.405000):	 total squared error = 4.87445, marker error: RMS = 0.432988, max = 1.61056 (BR)
[2026-03-04 08:35:13.850] [info] Frame 82 (t = 0.41):	 total squared error = 4.86515, marker error: RMS = 0.432575, max = 1.60896 (BR)
[2026-03-04 08:35:13.869] [info] Frame 83 (t = 0.415):	 total squared error = 4.85539, marker error: RMS = 0.432141, max = 1.60728 (BR)
[2026-03-04 08:35:13.885] [info] Frame 84 (t = 0.42):	 total squared error = 4.84518, marker error: RMS = 0.431687, max = 1.60552 (BR)
[2026-03-04 08:35:13.899] [info] Frame 85 (t = 0.425):	 total squared error = 4.83454, marker error: RMS = 0.431212, max = 1.60369 (BR)
[2026-03-04 08:35:13.916] [info] Frame 86 (t = 0.43):	 total squared error = 4.82344, marker error: RMS = 0.430717, max = 1.60178 (BR)
[2026-03-04 08:35:13.932] [info] Frame 87 (t = 0.435):	 total squared error = 4.81194, marker error: RMS = 0.430203, max = 1.5998 (BR)
[2026-03-04 08:35:13.951] [info] Frame 88 (t = 0.44):	 total squared error = 4.80002, marker error: RMS = 0.42967, max = 1.59775 (BR)
[2026-03-04 08:35:13.969] [info] Frame 89 (t = 0.445):	 total squared error = 4.78771, marker error: RMS = 0.429118, max = 1.59563 (BR)
[2026-03-04 08:35:13.980] [info] Frame 90 (t = 0.45):	 total squared error = 4.77502, marker error: RMS = 0.42855, max = 1.59344 (BR)
[2026-03-04 08:35:13.998] [info] Frame 91 (t = 0.455):	 total squared error = 4.76196, marker error: RMS = 0.427963, max = 1.59119 (BR)
[2026-03-04 08:35:14.015] [info] Frame 92 (t = 0.46):	 total squared error = 4.74857, marker error: RMS = 0.427361, max = 1.58889 (BR)
[2026-03-04 08:35:14.033] [info] Frame 93 (t = 0.465):	 total squared error = 4.73484, marker error: RMS = 0.426743, max = 1.58652 (BR)
[2026-03-04 08:35:14.052] [info] Frame 94 (t = 0.47):	 total squared error = 4.72082, marker error: RMS = 0.42611, max = 1.58411 (BR)
[2026-03-04 08:35:14.066] [info] Frame 95 (t = 0.475):	 total squared error = 4.70653, marker error: RMS = 0.425465, max = 1.58165 (BR)
[2026-03-04 08:35:14.088] [info] Frame 96 (t = 0.48):	 total squared error = 4.69198, marker error: RMS = 0.424807, max = 1.57914 (BR)
[2026-03-04 08:35:14.100] [info] Frame 97 (t = 0.485):	 total squared error = 4.67722, marker error: RMS = 0.424138, max = 1.5766 (BR)
[2026-03-04 08:35:14.112] [info] Frame 98 (t = 0.49):	 total squared error = 4.66227, marker error: RMS = 0.423459, max = 1.57402 (BR)
[2026-03-04 08:35:14.127] [info] Frame 99 (t = 0.495):	 total squared error = 4.64714, marker error: RMS = 0.422772, max = 1.57142 (BR)
[2026-03-04 08:35:14.143] [info] Frame 100 (t = 0.5):	 total squared error = 4.63189, marker error: RMS = 0.422078, max = 1.5688 (BR)
[2026-03-04 08:35:14.154] [info] Frame 101 (t = 0.505000):	 total squared error = 4.61654, marker error: RMS = 0.421378, max = 1.56615 (BR)
[2026-03-04 08:35:14.174] [info] Frame 102 (t = 0.51):	 total squared error = 4.60111, marker error: RMS = 0.420673, max = 1.56349 (BR)
[2026-03-04 08:35:14.192] [info] Frame 103 (t = 0.515):	 total squared error = 4.58564, marker error: RMS = 0.419965, max = 1.56083 (BR)
[2026-03-04 08:35:14.206] [info] Frame 104 (t = 0.52):	 total squared error = 4.57016, marker error: RMS = 0.419256, max = 1.55816 (BR)
[2026-03-04 08:35:14.225] [info] Frame 105 (t = 0.525):	 total squared error = 4.55469, marker error: RMS = 0.418546, max = 1.55549 (BR)
[2026-03-04 08:35:14.240] [info] Frame 106 (t = 0.53):	 total squared error = 4.53927, marker error: RMS = 0.417837, max = 1.55283 (BR)
[2026-03-04 08:35:14.254] [info] Frame 107 (t = 0.535):	 total squared error = 4.52392, marker error: RMS = 0.417129, max = 1.55018 (BR)
[2026-03-04 08:35:14.266] [info] Frame 108 (t = 0.54):	 total squared error = 4.50865, marker error: RMS = 0.416425, max = 1.54754 (BR)
[2026-03-04 08:35:14.285] [info] Frame 109 (t = 0.545):	 total squared error = 4.49349, marker error: RMS = 0.415724, max = 1.54492 (BR)
[2026-03-04 08:35:14.298] [info] Frame 110 (t = 0.55):	 total squared error = 4.47844, marker error: RMS = 0.415027, max = 1.54231 (BR)
[2026-03-04 08:35:14.321] [info] Frame 111 (t = 0.555):	 total squared error = 4.46351, marker error: RMS = 0.414335, max = 1.53972 (BR)
[2026-03-04 08:35:14.339] [info] Frame 112 (t = 0.56):	 total squared error = 4.44871, marker error: RMS = 0.413647, max = 1.53715 (BR)
[2026-03-04 08:35:14.351] [info] Frame 113 (t = 0.565):	 total squared error = 4.43403, marker error: RMS = 0.412964, max = 1.53459 (BR)
[2026-03-04 08:35:14.362] [info] Frame 114 (t = 0.57):	 total squared error = 4.41946, marker error: RMS = 0.412285, max = 1.53205 (BR)
[2026-03-04 08:35:14.386] [info] Frame 115 (t = 0.575):	 total squared error = 4.40497, marker error: RMS = 0.411609, max = 1.52951 (BR)
[2026-03-04 08:35:14.405] [info] Frame 116 (t = 0.58):	 total squared error = 4.39057, marker error: RMS = 0.410936, max = 1.52699 (BR)
[2026-03-04 08:35:14.419] [info] Frame 117 (t = 0.585):	 total squared error = 4.37623, marker error: RMS = 0.410264, max = 1.52447 (BR)
[2026-03-04 08:35:14.437] [info] Frame 118 (t = 0.59):	 total squared error = 4.36193, marker error: RMS = 0.409593, max = 1.52195 (BR)
[2026-03-04 08:35:14.446] [info] Frame 119 (t = 0.595):	 total squared error = 4.34765, marker error: RMS = 0.408922, max = 1.51943 (BR)
[2026-03-04 08:35:14.457] [info] Frame 120 (t = 0.6):	 total squared error = 4.33337, marker error: RMS = 0.408250, max = 1.5169 (BR)
[2026-03-04 08:35:14.474] [info] Frame 121 (t = 0.605000):	 total squared error = 4.31906, marker error: RMS = 0.407575, max = 1.51436 (BR)
[2026-03-04 08:35:14.486] [info] Frame 122 (t = 0.61):	 total squared error = 4.30470, marker error: RMS = 0.406897, max = 1.5118 (BR)
[2026-03-04 08:35:14.506] [info] Frame 123 (t = 0.615):	 total squared error = 4.29029, marker error: RMS = 0.406216, max = 1.50924 (BR)
[2026-03-04 08:35:14.522] [info] Frame 124 (t = 0.62):	 total squared error = 4.27581, marker error: RMS = 0.405530, max = 1.50665 (BR)
[2026-03-04 08:35:14.532] [info] Frame 125 (t = 0.625):	 total squared error = 4.26127, marker error: RMS = 0.404839, max = 1.50404 (BR)
[2026-03-04 08:35:14.548] [info] Frame 126 (t = 0.63):	 total squared error = 4.24664, marker error: RMS = 0.404144, max = 1.50142 (BR)
[2026-03-04 08:35:14.564] [info] Frame 127 (t = 0.635):	 total squared error = 4.23195, marker error: RMS = 0.403444, max = 1.49878 (BR)
[2026-03-04 08:35:14.575] [info] Frame 128 (t = 0.64):	 total squared error = 4.21721, marker error: RMS = 0.402741, max = 1.49612 (BR)
[2026-03-04 08:35:14.592] [info] Frame 129 (t = 0.645):	 total squared error = 4.20241, marker error: RMS = 0.402034, max = 1.49345 (BR)
[2026-03-04 08:35:14.603] [info] Frame 130 (t = 0.65):	 total squared error = 4.18759, marker error: RMS = 0.401324, max = 1.49077 (BR)
[2026-03-04 08:35:14.624] [info] Frame 131 (t = 0.655):	 total squared error = 4.17275, marker error: RMS = 0.400612, max = 1.48807 (BR)
[2026-03-04 08:35:14.635] [info] Frame 132 (t = 0.66):	 total squared error = 4.15791, marker error: RMS = 0.399899, max = 1.48538 (BR)
[2026-03-04 08:35:14.645] [info] Frame 133 (t = 0.665):	 total squared error = 4.14308, marker error: RMS = 0.399186, max = 1.48268 (BR)
[2026-03-04 08:35:14.664] [info] Frame 134 (t = 0.67):	 total squared error = 4.12829, marker error: RMS = 0.398472, max = 1.47998 (BR)
[2026-03-04 08:35:14.676] [info] Frame 135 (t = 0.675):	 total squared error = 4.11354, marker error: RMS = 0.39776, max = 1.47728 (BR)
[2026-03-04 08:35:14.693] [info] Frame 136 (t = 0.68):	 total squared error = 4.09883, marker error: RMS = 0.397048, max = 1.47459 (BR)
[2026-03-04 08:35:14.712] [info] Frame 137 (t = 0.685):	 total squared error = 4.08418, marker error: RMS = 0.396338, max = 1.4719 (BR)
[2026-03-04 08:35:14.730] [info] Frame 138 (t = 0.69):	 total squared error = 4.06959, marker error: RMS = 0.39563, max = 1.46923 (BR)
[2026-03-04 08:35:14.742] [info] Frame 139 (t = 0.695):	 total squared error = 4.05506, marker error: RMS = 0.394922, max = 1.46655 (BR)
[2026-03-04 08:35:14.761] [info] Frame 140 (t = 0.7):	 total squared error = 4.04056, marker error: RMS = 0.394216, max = 1.46389 (BR)
[2026-03-04 08:35:14.777] [info] Frame 141 (t = 0.705000):	 total squared error = 4.02611, marker error: RMS = 0.39351, max = 1.46123 (BR)
[2026-03-04 08:35:14.797] [info] Frame 142 (t = 0.71):	 total squared error = 4.01167, marker error: RMS = 0.392804, max = 1.45858 (BR)
[2026-03-04 08:35:14.819] [info] Frame 143 (t = 0.715):	 total squared error = 3.99726, marker error: RMS = 0.392098, max = 1.45593 (BR)
[2026-03-04 08:35:14.852] [info] Frame 144 (t = 0.72):	 total squared error = 3.98284, marker error: RMS = 0.39139, max = 1.45327 (BR)
[2026-03-04 08:35:14.869] [info] Frame 145 (t = 0.725):	 total squared error = 3.96842, marker error: RMS = 0.390681, max = 1.45062 (BR)
[2026-03-04 08:35:14.879] [info] Frame 146 (t = 0.73):	 total squared error = 3.95398, marker error: RMS = 0.389969, max = 1.44797 (BR)
[2026-03-04 08:35:14.896] [info] Frame 147 (t = 0.735):	 total squared error = 3.93951, marker error: RMS = 0.389255, max = 1.44532 (BR)
[2026-03-04 08:35:14.915] [info] Frame 148 (t = 0.74):	 total squared error = 3.92501, marker error: RMS = 0.388538, max = 1.44266 (BR)
[2026-03-04 08:35:14.927] [info] Frame 149 (t = 0.745):	 total squared error = 3.91048, marker error: RMS = 0.387819, max = 1.44 (BR)
[2026-03-04 08:35:14.936] [info] Frame 150 (t = 0.75):	 total squared error = 3.89593, marker error: RMS = 0.387096, max = 1.43733 (BR)
[2026-03-04 08:35:14.946] [info] Frame 151 (t = 0.755):	 total squared error = 3.88135, marker error: RMS = 0.386371, max = 1.43467 (BR)
[2026-03-04 08:35:14.963] [info] Frame 152 (t = 0.76):	 total squared error = 3.86672, marker error: RMS = 0.385643, max = 1.432 (BR)
[2026-03-04 08:35:14.979] [info] Frame 153 (t = 0.765):	 total squared error = 3.8521, marker error: RMS = 0.384912, max = 1.42932 (BR)
[2026-03-04 08:35:14.996] [info] Frame 154 (t = 0.77):	 total squared error = 3.83745, marker error: RMS = 0.38418, max = 1.42665 (BR)
[2026-03-04 08:35:15.014] [info] Frame 155 (t = 0.775):	 total squared error = 3.82281, marker error: RMS = 0.383447, max = 1.42397 (BR)
[2026-03-04 08:35:15.034] [info] Frame 156 (t = 0.78):	 total squared error = 3.80818, marker error: RMS = 0.382712, max = 1.4213 (BR)
[2026-03-04 08:35:15.049] [info] Frame 157 (t = 0.785):	 total squared error = 3.79357, marker error: RMS = 0.381977, max = 1.41863 (BR)
[2026-03-04 08:35:15.068] [info] Frame 158 (t = 0.79):	 total squared error = 3.77898, marker error: RMS = 0.381242, max = 1.41597 (BR)
[2026-03-04 08:35:15.081] [info] Frame 159 (t = 0.795):	 total squared error = 3.76443, marker error: RMS = 0.380507, max = 1.41331 (BR)
[2026-03-04 08:35:15.098] [info] Frame 160 (t = 0.8):	 total squared error = 3.74991, marker error: RMS = 0.379773, max = 1.41065 (BR)
[2026-03-04 08:35:15.119] [info] Frame 161 (t = 0.805000):	 total squared error = 3.73543, marker error: RMS = 0.379039, max = 1.40800 (BR)
[2026-03-04 08:35:15.133] [info] Frame 162 (t = 0.81):	 total squared error = 3.72101, marker error: RMS = 0.378306, max = 1.40536 (BR)
[2026-03-04 08:35:15.151] [info] Frame 163 (t = 0.815):	 total squared error = 3.70663, marker error: RMS = 0.377575, max = 1.40272 (BR)
[2026-03-04 08:35:15.167] [info] Frame 164 (t = 0.82):	 total squared error = 3.6923, marker error: RMS = 0.376844, max = 1.40009 (BR)
[2026-03-04 08:35:15.184] [info] Frame 165 (t = 0.825):	 total squared error = 3.67801, marker error: RMS = 0.376114, max = 1.39746 (BR)
[2026-03-04 08:35:15.201] [info] Frame 166 (t = 0.83):	 total squared error = 3.66377, marker error: RMS = 0.375385, max = 1.39484 (BR)
[2026-03-04 08:35:15.216] [info] Frame 167 (t = 0.835):	 total squared error = 3.64957, marker error: RMS = 0.374657, max = 1.39222 (BR)
[2026-03-04 08:35:15.234] [info] Frame 168 (t = 0.84):	 total squared error = 3.63542, marker error: RMS = 0.37393, max = 1.3896 (BR)
[2026-03-04 08:35:15.252] [info] Frame 169 (t = 0.845):	 total squared error = 3.62132, marker error: RMS = 0.373204, max = 1.38699 (BR)
[2026-03-04 08:35:15.266] [info] Frame 170 (t = 0.85):	 total squared error = 3.60726, marker error: RMS = 0.372479, max = 1.38438 (BR)
[2026-03-04 08:35:15.287] [info] Frame 171 (t = 0.855):	 total squared error = 3.59325, marker error: RMS = 0.371755, max = 1.38178 (BR)
[2026-03-04 08:35:15.301] [info] Frame 172 (t = 0.86):	 total squared error = 3.57931, marker error: RMS = 0.371033, max = 1.37919 (BR)
[2026-03-04 08:35:15.325] [info] Frame 173 (t = 0.865):	 total squared error = 3.56543, marker error: RMS = 0.370313, max = 1.37661 (BR)
[2026-03-04 08:35:15.339] [info] Frame 174 (t = 0.87):	 total squared error = 3.55162, marker error: RMS = 0.369595, max = 1.37403 (BR)
[2026-03-04 08:35:15.359] [info] Frame 175 (t = 0.875):	 total squared error = 3.53788, marker error: RMS = 0.36888, max = 1.37147 (BR)
[2026-03-04 08:35:15.377] [info] Frame 176 (t = 0.88):	 total squared error = 3.52424, marker error: RMS = 0.368168, max = 1.36893 (BR)
[2026-03-04 08:35:15.400] [info] Frame 177 (t = 0.885):	 total squared error = 3.51069, marker error: RMS = 0.36746, max = 1.3664 (BR)
[2026-03-04 08:35:15.415] [info] Frame 178 (t = 0.89):	 total squared error = 3.49725, marker error: RMS = 0.366755, max = 1.36388 (BR)
[2026-03-04 08:35:15.437] [info] Frame 179 (t = 0.895):	 total squared error = 3.48391, marker error: RMS = 0.366055, max = 1.36139 (BR)
[2026-03-04 08:35:15.456] [info] Frame 180 (t = 0.9):	 total squared error = 3.47069, marker error: RMS = 0.36536, max = 1.35892 (BR)
[2026-03-04 08:35:15.480] [info] Frame 181 (t = 0.905000):	 total squared error = 3.4576, marker error: RMS = 0.364671, max = 1.35646 (BR)
[2026-03-04 08:35:15.500] [info] Frame 182 (t = 0.91):	 total squared error = 3.44465, marker error: RMS = 0.363987, max = 1.35404 (BR)
[2026-03-04 08:35:15.514] [info] Frame 183 (t = 0.915):	 total squared error = 3.43184, marker error: RMS = 0.363309, max = 1.35164 (BR)
[2026-03-04 08:35:15.537] [info] Frame 184 (t = 0.92):	 total squared error = 3.41915, marker error: RMS = 0.362637, max = 1.34926 (BR)
[2026-03-04 08:35:15.556] [info] Frame 185 (t = 0.925):	 total squared error = 3.40660, marker error: RMS = 0.361971, max = 1.3469 (BR)
[2026-03-04 08:35:15.574] [info] Frame 186 (t = 0.93):	 total squared error = 3.3942, marker error: RMS = 0.361312, max = 1.34458 (BR)
[2026-03-04 08:35:15.593] [info] Frame 187 (t = 0.935):	 total squared error = 3.38192, marker error: RMS = 0.360658, max = 1.34227 (BR)
[2026-03-04 08:35:15.609] [info] Frame 188 (t = 0.94):	 total squared error = 3.36979, marker error: RMS = 0.360010, max = 1.33999 (BR)
[2026-03-04 08:35:15.633] [info] Frame 189 (t = 0.945):	 total squared error = 3.35777, marker error: RMS = 0.359367, max = 1.33773 (BR)
[2026-03-04 08:35:15.655] [info] Frame 190 (t = 0.95):	 total squared error = 3.34587, marker error: RMS = 0.35873, max = 1.33549 (BR)
[2026-03-04 08:35:15.674] [info] Frame 191 (t = 0.955):	 total squared error = 3.33409, marker error: RMS = 0.358098, max = 1.33327 (BR)
[2026-03-04 08:35:15.690] [info] Frame 192 (t = 0.96):	 total squared error = 3.32242, marker error: RMS = 0.357471, max = 1.33107 (BR)
[2026-03-04 08:35:15.705] [info] Frame 193 (t = 0.965):	 total squared error = 3.31084, marker error: RMS = 0.356847, max = 1.32888 (BR)
[2026-03-04 08:35:15.721] [info] Frame 194 (t = 0.97):	 total squared error = 3.29937, marker error: RMS = 0.356229, max = 1.32671 (BR)
[2026-03-04 08:35:15.740] [info] Frame 195 (t = 0.975):	 total squared error = 3.28799, marker error: RMS = 0.355614, max = 1.32456 (BR)
[2026-03-04 08:35:15.756] [info] Frame 196 (t = 0.98):	 total squared error = 3.2767, marker error: RMS = 0.355003, max = 1.32242 (BR)
[2026-03-04 08:35:15.776] [info] Frame 197 (t = 0.985):	 total squared error = 3.26549, marker error: RMS = 0.354395, max = 1.32029 (BR)
[2026-03-04 08:35:15.793] [info] Frame 198 (t = 0.99):	 total squared error = 3.25436, marker error: RMS = 0.353791, max = 1.31817 (BR)
[2026-03-04 08:35:15.807] [info] Frame 199 (t = 0.995):	 total squared error = 3.24333, marker error: RMS = 0.35319, max = 1.31606 (BR)
[2026-03-04 08:35:15.828] [info] Frame 200 (t = 1.0):	 total squared error = 3.23236, marker error: RMS = 0.352593, max = 1.31396 (BR)
[2026-03-04 08:35:15.845] [info] Frame 201 (t = 1.00500):	 total squared error = 3.22148, marker error: RMS = 0.351999, max = 1.31188 (BR)
[2026-03-04 08:35:15.861] [info] Frame 202 (t = 1.01):	 total squared error = 3.21068, marker error: RMS = 0.351408, max = 1.30980 (BR)
[2026-03-04 08:35:15.880] [info] Frame 203 (t = 1.015):	 total squared error = 3.19997, marker error: RMS = 0.350822, max = 1.30773 (BR)
[2026-03-04 08:35:15.903] [info] Frame 204 (t = 1.02):	 total squared error = 3.18935, marker error: RMS = 0.350239, max = 1.30568 (BR)
[2026-03-04 08:35:15.919] [info] Frame 205 (t = 1.025):	 total squared error = 3.17883, marker error: RMS = 0.349661, max = 1.30364 (BR)
[2026-03-04 08:35:15.938] [info] Frame 206 (t = 1.03):	 total squared error = 3.16841, marker error: RMS = 0.349087, max = 1.30162 (BR)
[2026-03-04 08:35:15.957] [info] Frame 207 (t = 1.035):	 total squared error = 3.15809, marker error: RMS = 0.348518, max = 1.29961 (BR)
[2026-03-04 08:35:15.972] [info] Frame 208 (t = 1.04):	 total squared error = 3.14789, marker error: RMS = 0.347955, max = 1.29761 (BR)
[2026-03-04 08:35:15.988] [info] Frame 209 (t = 1.045):	 total squared error = 3.1378, marker error: RMS = 0.347397, max = 1.29564 (BR)
[2026-03-04 08:35:16.003] [info] Frame 210 (t = 1.05):	 total squared error = 3.12784, marker error: RMS = 0.346845, max = 1.29368 (BR)
[2026-03-04 08:35:16.018] [info] Frame 211 (t = 1.055):	 total squared error = 3.11801, marker error: RMS = 0.346299, max = 1.29175 (BR)
[2026-03-04 08:35:16.038] [info] Frame 212 (t = 1.06):	 total squared error = 3.10830, marker error: RMS = 0.34576, max = 1.28983 (BR)
[2026-03-04 08:35:16.057] [info] Frame 213 (t = 1.065):	 total squared error = 3.09874, marker error: RMS = 0.345228, max = 1.28795 (BR)
[2026-03-04 08:35:16.071] [info] Frame 214 (t = 1.07):	 total squared error = 3.08931, marker error: RMS = 0.344702, max = 1.28608 (BR)
[2026-03-04 08:35:16.091] [info] Frame 215 (t = 1.075):	 total squared error = 3.08002, marker error: RMS = 0.344183, max = 1.28425 (BR)
[2026-03-04 08:35:16.110] [info] Frame 216 (t = 1.08):	 total squared error = 3.07086, marker error: RMS = 0.343672, max = 1.28244 (BR)
[2026-03-04 08:35:16.131] [info] Frame 217 (t = 1.085):	 total squared error = 3.06184, marker error: RMS = 0.343166, max = 1.28065 (BR)
[2026-03-04 08:35:16.147] [info] Frame 218 (t = 1.09):	 total squared error = 3.05294, marker error: RMS = 0.342667, max = 1.27889 (BR)
[2026-03-04 08:35:16.172] [info] Frame 219 (t = 1.095):	 total squared error = 3.04416, marker error: RMS = 0.342174, max = 1.27715 (BR)
[2026-03-04 08:35:16.192] [info] Frame 220 (t = 1.1):	 total squared error = 3.03548, marker error: RMS = 0.341686, max = 1.27543 (BR)
[2026-03-04 08:35:16.209] [info] Frame 221 (t = 1.10500):	 total squared error = 3.02691, marker error: RMS = 0.341203, max = 1.27373 (BR)
[2026-03-04 08:35:16.227] [info] Frame 222 (t = 1.11):	 total squared error = 3.01842, marker error: RMS = 0.340724, max = 1.27204 (BR)
[2026-03-04 08:35:16.251] [info] Frame 223 (t = 1.115):	 total squared error = 3.01002, marker error: RMS = 0.340250, max = 1.27038 (BR)
[2026-03-04 08:35:16.266] [info] Frame 224 (t = 1.12):	 total squared error = 3.00169, marker error: RMS = 0.339779, max = 1.26872 (BR)
[2026-03-04 08:35:16.287] [info] Frame 225 (t = 1.125):	 total squared error = 2.99344, marker error: RMS = 0.339311, max = 1.26709 (BR)
[2026-03-04 08:35:16.307] [info] Frame 226 (t = 1.13):	 total squared error = 2.98525, marker error: RMS = 0.338847, max = 1.26546 (BR)
[2026-03-04 08:35:16.327] [info] Frame 227 (t = 1.135):	 total squared error = 2.97712, marker error: RMS = 0.338385, max = 1.26385 (BR)
[2026-03-04 08:35:16.348] [info] Frame 228 (t = 1.14):	 total squared error = 2.96906, marker error: RMS = 0.337927, max = 1.26225 (BR)
[2026-03-04 08:35:16.366] [info] Frame 229 (t = 1.145):	 total squared error = 2.96105, marker error: RMS = 0.337471, max = 1.26066 (BR)
[2026-03-04 08:35:16.390] [info] Frame 230 (t = 1.15):	 total squared error = 2.95311, marker error: RMS = 0.337018, max = 1.25909 (BR)
[2026-03-04 08:35:16.414] [info] Frame 231 (t = 1.155):	 total squared error = 2.94523, marker error: RMS = 0.336568, max = 1.25752 (BR)
[2026-03-04 08:35:16.437] [info] Frame 232 (t = 1.16):	 total squared error = 2.93741, marker error: RMS = 0.336121, max = 1.25597 (BR)
[2026-03-04 08:35:16.456] [info] Frame 233 (t = 1.165):	 total squared error = 2.92966, marker error: RMS = 0.335677, max = 1.25444 (BR)
[2026-03-04 08:35:16.476] [info] Frame 234 (t = 1.17):	 total squared error = 2.92197, marker error: RMS = 0.335237, max = 1.25292 (BR)
[2026-03-04 08:35:16.496] [info] Frame 235 (t = 1.175):	 total squared error = 2.91435, marker error: RMS = 0.334799, max = 1.25141 (BR)
[2026-03-04 08:35:16.514] [info] Frame 236 (t = 1.18):	 total squared error = 2.90679, marker error: RMS = 0.334364, max = 1.24992 (BR)
[2026-03-04 08:35:16.533] [info] Frame 237 (t = 1.185):	 total squared error = 2.89929, marker error: RMS = 0.333933, max = 1.24844 (BR)
[2026-03-04 08:35:16.552] [info] Frame 238 (t = 1.19):	 total squared error = 2.89186, marker error: RMS = 0.333504, max = 1.24697 (BR)
[2026-03-04 08:35:16.573] [info] Frame 239 (t = 1.195):	 total squared error = 2.88448, marker error: RMS = 0.333079, max = 1.24551 (BR)
[2026-03-04 08:35:16.596] [info] Frame 240 (t = 1.2):	 total squared error = 2.87715, marker error: RMS = 0.332655, max = 1.24407 (BR)
[2026-03-04 08:35:16.622] [info] Frame 241 (t = 1.20500):	 total squared error = 2.86988, marker error: RMS = 0.332235, max = 1.24264 (BR)
[2026-03-04 08:35:16.641] [info] Frame 242 (t = 1.21):	 total squared error = 2.86265, marker error: RMS = 0.331816, max = 1.24121 (BR)
[2026-03-04 08:35:16.659] [info] Frame 243 (t = 1.215):	 total squared error = 2.85546, marker error: RMS = 0.331399, max = 1.2398 (BR)
[2026-03-04 08:35:16.681] [info] Frame 244 (t = 1.22):	 total squared error = 2.84832, marker error: RMS = 0.330984, max = 1.23839 (BR)
[2026-03-04 08:35:16.703] [info] Frame 245 (t = 1.225):	 total squared error = 2.84121, marker error: RMS = 0.330571, max = 1.23699 (BR)
[2026-03-04 08:35:16.724] [info] Frame 246 (t = 1.23):	 total squared error = 2.83415, marker error: RMS = 0.330160, max = 1.2356 (BR)
[2026-03-04 08:35:16.747] [info] Frame 247 (t = 1.235):	 total squared error = 2.82713, marker error: RMS = 0.329751, max = 1.23422 (BR)
[2026-03-04 08:35:16.762] [info] Frame 248 (t = 1.24):	 total squared error = 2.82015, marker error: RMS = 0.329344, max = 1.23284 (BR)
[2026-03-04 08:35:16.786] [info] Frame 249 (t = 1.245):	 total squared error = 2.81323, marker error: RMS = 0.328939, max = 1.23148 (BR)
[2026-03-04 08:35:16.809] [info] Frame 250 (t = 1.25):	 total squared error = 2.80636, marker error: RMS = 0.328537, max = 1.23013 (BR)
[2026-03-04 08:35:16.830] [info] Frame 251 (t = 1.255):	 total squared error = 2.79955, marker error: RMS = 0.328139, max = 1.22878 (BR)
[2026-03-04 08:35:16.849] [info] Frame 252 (t = 1.26):	 total squared error = 2.79281, marker error: RMS = 0.327743, max = 1.22746 (BR)
[2026-03-04 08:35:16.868] [info] Frame 253 (t = 1.265):	 total squared error = 2.78614, marker error: RMS = 0.327352, max = 1.22614 (BR)
[2026-03-04 08:35:16.887] [info] Frame 254 (t = 1.27):	 total squared error = 2.77955, marker error: RMS = 0.326964, max = 1.22485 (BR)
[2026-03-04 08:35:16.910] [info] Frame 255 (t = 1.275):	 total squared error = 2.77304, marker error: RMS = 0.326581, max = 1.22357 (BR)
[2026-03-04 08:35:16.928] [info] Frame 256 (t = 1.28):	 total squared error = 2.76661, marker error: RMS = 0.326203, max = 1.22231 (BR)
[2026-03-04 08:35:16.943] [info] Frame 257 (t = 1.285):	 total squared error = 2.76027, marker error: RMS = 0.325829, max = 1.22106 (BR)
[2026-03-04 08:35:16.963] [info] Frame 258 (t = 1.29):	 total squared error = 2.75402, marker error: RMS = 0.325459, max = 1.21984 (BR)
[2026-03-04 08:35:16.988] [info] Frame 259 (t = 1.295):	 total squared error = 2.74785, marker error: RMS = 0.325095, max = 1.21862 (BR)
[2026-03-04 08:35:17.010] [info] Frame 260 (t = 1.3):	 total squared error = 2.74177, marker error: RMS = 0.324735, max = 1.21743 (BR)
[2026-03-04 08:35:17.034] [info] Frame 261 (t = 1.30500):	 total squared error = 2.73578, marker error: RMS = 0.32438, max = 1.21626 (BR)
[2026-03-04 08:35:17.058] [info] Frame 262 (t = 1.31):	 total squared error = 2.72988, marker error: RMS = 0.324030, max = 1.2151 (BR)
[2026-03-04 08:35:17.089] [info] Frame 263 (t = 1.315):	 total squared error = 2.72407, marker error: RMS = 0.323685, max = 1.21395 (BR)
[2026-03-04 08:35:17.128] [info] Frame 264 (t = 1.32):	 total squared error = 2.71835, marker error: RMS = 0.323345, max = 1.21283 (BR)
[2026-03-04 08:35:17.174] [info] Frame 265 (t = 1.325):	 total squared error = 2.71273, marker error: RMS = 0.323010, max = 1.21172 (BR)
[2026-03-04 08:35:17.208] [info] Frame 266 (t = 1.33):	 total squared error = 2.70720, marker error: RMS = 0.322681, max = 1.21063 (BR)
[2026-03-04 08:35:17.238] [info] Frame 267 (t = 1.335):	 total squared error = 2.70177, marker error: RMS = 0.322357, max = 1.20955 (BR)
[2026-03-04 08:35:17.288] [info] Frame 268 (t = 1.34):	 total squared error = 2.69646, marker error: RMS = 0.322040, max = 1.20850 (BR)
[2026-03-04 08:35:17.315] [info] Frame 269 (t = 1.345):	 total squared error = 2.69125, marker error: RMS = 0.321729, max = 1.20747 (BR)
[2026-03-04 08:35:17.343] [info] Frame 270 (t = 1.35):	 total squared error = 2.68618, marker error: RMS = 0.321426, max = 1.20646 (BR)
[2026-03-04 08:35:17.368] [info] Frame 271 (t = 1.355):	 total squared error = 2.68123, marker error: RMS = 0.32113, max = 1.20547 (BR)
[2026-03-04 08:35:17.390] [info] Frame 272 (t = 1.36):	 total squared error = 2.67642, marker error: RMS = 0.320842, max = 1.20451 (BR)
[2026-03-04 08:35:17.410] [info] Frame 273 (t = 1.365):	 total squared error = 2.67176, marker error: RMS = 0.320562, max = 1.20358 (BR)
[2026-03-04 08:35:17.433] [info] Frame 274 (t = 1.37):	 total squared error = 2.66725, marker error: RMS = 0.320291, max = 1.20268 (BR)
[2026-03-04 08:35:17.452] [info] Frame 275 (t = 1.375):	 total squared error = 2.6629, marker error: RMS = 0.320030, max = 1.20180 (BR)
[2026-03-04 08:35:17.474] [info] Frame 276 (t = 1.38):	 total squared error = 2.65872, marker error: RMS = 0.319779, max = 1.20096 (BR)
[2026-03-04 08:35:17.497] [info] Frame 277 (t = 1.385):	 total squared error = 2.6547, marker error: RMS = 0.319537, max = 1.20015 (BR)
[2026-03-04 08:35:17.517] [info] Frame 278 (t = 1.39):	 total squared error = 2.65086, marker error: RMS = 0.319305, max = 1.19938 (BR)
[2026-03-04 08:35:17.539] [info] Frame 279 (t = 1.395):	 total squared error = 2.64719, marker error: RMS = 0.319085, max = 1.19864 (BR)
[2026-03-04 08:35:17.561] [info] Frame 280 (t = 1.4):	 total squared error = 2.6437, marker error: RMS = 0.318874, max = 1.19793 (BR)
[2026-03-04 08:35:17.582] [info] Frame 281 (t = 1.40500):	 total squared error = 2.64040, marker error: RMS = 0.318675, max = 1.19726 (BR)
[2026-03-04 08:35:17.603] [info] Frame 282 (t = 1.41):	 total squared error = 2.63728, marker error: RMS = 0.318487, max = 1.19662 (BR)
[2026-03-04 08:35:17.628] [info] Frame 283 (t = 1.415):	 total squared error = 2.63435, marker error: RMS = 0.31831, max = 1.19603 (BR)
[2026-03-04 08:35:17.649] [info] Frame 284 (t = 1.42):	 total squared error = 2.63161, marker error: RMS = 0.318144, max = 1.19547 (BR)
[2026-03-04 08:35:17.670] [info] Frame 285 (t = 1.425):	 total squared error = 2.62905, marker error: RMS = 0.31799, max = 1.19495 (BR)
[2026-03-04 08:35:17.692] [info] Frame 286 (t = 1.43):	 total squared error = 2.62669, marker error: RMS = 0.317847, max = 1.19446 (BR)
[2026-03-04 08:35:17.712] [info] Frame 287 (t = 1.435):	 total squared error = 2.62452, marker error: RMS = 0.317715, max = 1.19402 (BR)
[2026-03-04 08:35:17.729] [info] Frame 288 (t = 1.44):	 total squared error = 2.62253, marker error: RMS = 0.317595, max = 1.19362 (BR)
[2026-03-04 08:35:17.750] [info] Frame 289 (t = 1.445):	 total squared error = 2.62075, marker error: RMS = 0.317487, max = 1.19325 (BR)
[2026-03-04 08:35:17.771] [info] Frame 290 (t = 1.45):	 total squared error = 2.61916, marker error: RMS = 0.317391, max = 1.19293 (BR)
[2026-03-04 08:35:17.792] [info] Frame 291 (t = 1.455):	 total squared error = 2.61778, marker error: RMS = 0.317307, max = 1.19266 (BR)
[2026-03-04 08:35:17.812] [info] Frame 292 (t = 1.46):	 total squared error = 2.6166, marker error: RMS = 0.317235, max = 1.19242 (BR)
[2026-03-04 08:35:17.834] [info] Frame 293 (t = 1.465):	 total squared error = 2.61563, marker error: RMS = 0.317177, max = 1.19224 (BR)
[2026-03-04 08:35:17.853] [info] Frame 294 (t = 1.47):	 total squared error = 2.61488, marker error: RMS = 0.317131, max = 1.1921 (BR)
[2026-03-04 08:35:17.874] [info] Frame 295 (t = 1.475):	 total squared error = 2.61435, marker error: RMS = 0.317099, max = 1.19201 (BR)
[2026-03-04 08:35:17.895] [info] Frame 296 (t = 1.48):	 total squared error = 2.61405, marker error: RMS = 0.317081, max = 1.19197 (BR)
[2026-03-04 08:35:17.914] [info] Frame 297 (t = 1.485):	 total squared error = 2.61399, marker error: RMS = 0.317078, max = 1.19199 (BR)
[2026-03-04 08:35:17.937] [info] Frame 298 (t = 1.49):	 total squared error = 2.61418, marker error: RMS = 0.317089, max = 1.19206 (BR)
[2026-03-04 08:35:17.960] [info] Frame 299 (t = 1.495):	 total squared error = 2.61461, marker error: RMS = 0.317115, max = 1.19219 (BR)
[2026-03-04 08:35:17.979] [info] Frame 300 (t = 1.5):	 total squared error = 2.61531, marker error: RMS = 0.317157, max = 1.19237 (BR)
[2026-03-04 08:35:17.996] [info] Frame 301 (t = 1.50500):	 total squared error = 2.61627, marker error: RMS = 0.317216, max = 1.19261 (BR)
[2026-03-04 08:35:18.019] [info] Frame 302 (t = 1.51):	 total squared error = 2.61751, marker error: RMS = 0.317291, max = 1.19292 (BR)
[2026-03-04 08:35:18.039] [info] Frame 303 (t = 1.515):	 total squared error = 2.61902, marker error: RMS = 0.317383, max = 1.19329 (BR)
[2026-03-04 08:35:18.057] [info] Frame 304 (t = 1.52):	 total squared error = 2.62083, marker error: RMS = 0.317492, max = 1.19372 (BR)
[2026-03-04 08:35:18.077] [info] Frame 305 (t = 1.525):	 total squared error = 2.62292, marker error: RMS = 0.317619, max = 1.19422 (BR)
[2026-03-04 08:35:18.099] [info] Frame 306 (t = 1.53):	 total squared error = 2.62532, marker error: RMS = 0.317764, max = 1.19478 (BR)
[2026-03-04 08:35:18.121] [info] Frame 307 (t = 1.535):	 total squared error = 2.62801, marker error: RMS = 0.317927, max = 1.19541 (BR)
[2026-03-04 08:35:18.139] [info] Frame 308 (t = 1.54):	 total squared error = 2.63102, marker error: RMS = 0.318109, max = 1.19611 (BR)
[2026-03-04 08:35:18.161] [info] Frame 309 (t = 1.545):	 total squared error = 2.63435, marker error: RMS = 0.31831, max = 1.19688 (BR)
[2026-03-04 08:35:18.188] [info] Frame 310 (t = 1.55):	 total squared error = 2.638, marker error: RMS = 0.31853, max = 1.19773 (BR)
[2026-03-04 08:35:18.212] [info] Frame 311 (t = 1.555):	 total squared error = 2.64198, marker error: RMS = 0.31877, max = 1.19865 (BR)
[2026-03-04 08:35:18.238] [info] Frame 312 (t = 1.56):	 total squared error = 2.6463, marker error: RMS = 0.319031, max = 1.19964 (BR)
[2026-03-04 08:35:18.262] [info] Frame 313 (t = 1.565):	 total squared error = 2.65097, marker error: RMS = 0.319312, max = 1.20071 (BR)
[2026-03-04 08:35:18.288] [info] Frame 314 (t = 1.57):	 total squared error = 2.65599, marker error: RMS = 0.319615, max = 1.20186 (BR)
[2026-03-04 08:35:18.311] [info] Frame 315 (t = 1.575):	 total squared error = 2.66139, marker error: RMS = 0.319939, max = 1.20309 (BR)
[2026-03-04 08:35:18.332] [info] Frame 316 (t = 1.58):	 total squared error = 2.66716, marker error: RMS = 0.320286, max = 1.20440 (BR)
[2026-03-04 08:35:18.353] [info] Frame 317 (t = 1.585):	 total squared error = 2.67332, marker error: RMS = 0.320656, max = 1.20580 (BR)
[2026-03-04 08:35:18.375] [info] Frame 318 (t = 1.59):	 total squared error = 2.67988, marker error: RMS = 0.321049, max = 1.20728 (BR)
[2026-03-04 08:35:18.391] [info] Frame 319 (t = 1.595):	 total squared error = 2.68683, marker error: RMS = 0.321465, max = 1.20885 (BR)
[2026-03-04 08:35:18.406] [info] Frame 320 (t = 1.6):	 total squared error = 2.69421, marker error: RMS = 0.321906, max = 1.21051 (BR)
[2026-03-04 08:35:18.429] [info] Frame 321 (t = 1.60500):	 total squared error = 2.70199, marker error: RMS = 0.32237, max = 1.21225 (BR)
[2026-03-04 08:35:18.439] [info] Frame 322 (t = 1.61):	 total squared error = 2.71020, marker error: RMS = 0.32286, max = 1.21409 (BR)
[2026-03-04 08:35:18.448] [info] Frame 323 (t = 1.615):	 total squared error = 2.71884, marker error: RMS = 0.323374, max = 1.21601 (BR)
[2026-03-04 08:35:18.456] [info] Frame 324 (t = 1.62):	 total squared error = 2.72792, marker error: RMS = 0.323913, max = 1.21803 (BR)
[2026-03-04 08:35:18.466] [info] Frame 325 (t = 1.625):	 total squared error = 2.73744, marker error: RMS = 0.324478, max = 1.22013 (BR)
[2026-03-04 08:35:18.475] [info] Frame 326 (t = 1.63):	 total squared error = 2.7474, marker error: RMS = 0.325068, max = 1.22233 (BR)
[2026-03-04 08:35:18.484] [info] Frame 327 (t = 1.635):	 total squared error = 2.7578, marker error: RMS = 0.325683, max = 1.22461 (BR)
[2026-03-04 08:35:18.497] [info] Frame 328 (t = 1.64):	 total squared error = 2.76866, marker error: RMS = 0.326323, max = 1.22699 (BR)
[2026-03-04 08:35:18.505] [info] Frame 329 (t = 1.645):	 total squared error = 2.77997, marker error: RMS = 0.326989, max = 1.22945 (BR)
[2026-03-04 08:35:18.521] [info] Frame 330 (t = 1.65):	 total squared error = 2.79173, marker error: RMS = 0.32768, max = 1.23201 (BR)
[2026-03-04 08:35:18.530] [info] Frame 331 (t = 1.655):	 total squared error = 2.80394, marker error: RMS = 0.328396, max = 1.23465 (BR)
[2026-03-04 08:35:18.544] [info] Frame 332 (t = 1.66):	 total squared error = 2.81662, marker error: RMS = 0.329137, max = 1.23738 (BR)
[2026-03-04 08:35:18.554] [info] Frame 333 (t = 1.665):	 total squared error = 2.82975, marker error: RMS = 0.329904, max = 1.24020 (BR)
[2026-03-04 08:35:18.562] [info] Frame 334 (t = 1.67):	 total squared error = 2.84333, marker error: RMS = 0.330694, max = 1.2431 (BR)
[2026-03-04 08:35:18.571] [info] Frame 335 (t = 1.675):	 total squared error = 2.85737, marker error: RMS = 0.33151, max = 1.24609 (BR)
[2026-03-04 08:35:18.579] [info] Frame 336 (t = 1.68):	 total squared error = 2.87187, marker error: RMS = 0.33235, max = 1.24916 (BR)
[2026-03-04 08:35:18.594] [info] Frame 337 (t = 1.685):	 total squared error = 2.88682, marker error: RMS = 0.333214, max = 1.25232 (BR)
[2026-03-04 08:35:18.603] [info] Frame 338 (t = 1.69):	 total squared error = 2.90220, marker error: RMS = 0.334101, max = 1.25556 (BR)
[2026-03-04 08:35:18.613] [info] Frame 339 (t = 1.695):	 total squared error = 2.91803, marker error: RMS = 0.335011, max = 1.25887 (BR)
[2026-03-04 08:35:18.628] [info] Frame 340 (t = 1.7):	 total squared error = 2.93429, marker error: RMS = 0.335943, max = 1.26226 (BR)
[2026-03-04 08:35:18.637] [info] Frame 341 (t = 1.70500):	 total squared error = 2.95097, marker error: RMS = 0.336896, max = 1.26572 (BR)
[2026-03-04 08:35:18.653] [info] Frame 342 (t = 1.71):	 total squared error = 2.96806, marker error: RMS = 0.33787, max = 1.26925 (BR)
[2026-03-04 08:35:18.662] [info] Frame 343 (t = 1.715):	 total squared error = 2.98555, marker error: RMS = 0.338864, max = 1.27285 (BR)
[2026-03-04 08:35:18.672] [info] Frame 344 (t = 1.72):	 total squared error = 3.00343, marker error: RMS = 0.339877, max = 1.2765 (BR)
[2026-03-04 08:35:18.683] [info] Frame 345 (t = 1.725):	 total squared error = 3.02169, marker error: RMS = 0.340909, max = 1.28022 (BR)
[2026-03-04 08:35:18.696] [info] Frame 346 (t = 1.73):	 total squared error = 3.04032, marker error: RMS = 0.341958, max = 1.284 (BR)
[2026-03-04 08:35:18.706] [info] Frame 347 (t = 1.735):	 total squared error = 3.05931, marker error: RMS = 0.343025, max = 1.28782 (BR)
[2026-03-04 08:35:18.717] [info] Frame 348 (t = 1.74):	 total squared error = 3.07867, marker error: RMS = 0.344108, max = 1.2917 (BR)
[2026-03-04 08:35:18.726] [info] Frame 349 (t = 1.745):	 total squared error = 3.09838, marker error: RMS = 0.345208, max = 1.29563 (BR)
[2026-03-04 08:35:18.746] [info] Frame 350 (t = 1.75):	 total squared error = 3.11843, marker error: RMS = 0.346323, max = 1.29961 (BR)
[2026-03-04 08:35:18.760] [info] Frame 351 (t = 1.755):	 total squared error = 3.13884, marker error: RMS = 0.347454, max = 1.30363 (BR)
[2026-03-04 08:35:18.769] [info] Frame 352 (t = 1.76):	 total squared error = 3.15959, marker error: RMS = 0.348601, max = 1.30770 (BR)
[2026-03-04 08:35:18.784] [info] Frame 353 (t = 1.765):	 total squared error = 3.18070, marker error: RMS = 0.349764, max = 1.31182 (BR)
[2026-03-04 08:35:18.793] [info] Frame 354 (t = 1.77):	 total squared error = 3.20216, marker error: RMS = 0.350941, max = 1.31598 (BR)
[2026-03-04 08:35:18.808] [info] Frame 355 (t = 1.775):	 total squared error = 3.22396, marker error: RMS = 0.352134, max = 1.32019 (BR)
[2026-03-04 08:35:18.818] [info] Frame 356 (t = 1.78):	 total squared error = 3.24613, marker error: RMS = 0.353343, max = 1.32445 (BR)
[2026-03-04 08:35:18.828] [info] Frame 357 (t = 1.785):	 total squared error = 3.26866, marker error: RMS = 0.354567, max = 1.32875 (BR)
[2026-03-04 08:35:18.843] [info] Frame 358 (t = 1.79):	 total squared error = 3.29153, marker error: RMS = 0.355805, max = 1.3331 (BR)
[2026-03-04 08:35:18.852] [info] Frame 359 (t = 1.795):	 total squared error = 3.31477, marker error: RMS = 0.357059, max = 1.3375 (BR)
[2026-03-04 08:35:18.860] [info] Frame 360 (t = 1.8):	 total squared error = 3.33837, marker error: RMS = 0.358328, max = 1.34194 (BR)
[2026-03-04 08:35:18.876] [info] Frame 361 (t = 1.80500):	 total squared error = 3.3623, marker error: RMS = 0.35961, max = 1.34643 (BR)
[2026-03-04 08:35:18.886] [info] Frame 362 (t = 1.81):	 total squared error = 3.38659, marker error: RMS = 0.360907, max = 1.35096 (BR)
[2026-03-04 08:35:18.895] [info] Frame 363 (t = 1.815):	 total squared error = 3.41124, marker error: RMS = 0.362217, max = 1.35554 (BR)
[2026-03-04 08:35:18.905] [info] Frame 364 (t = 1.82):	 total squared error = 3.43621, marker error: RMS = 0.363541, max = 1.36015 (BR)
[2026-03-04 08:35:18.929] [info] Frame 365 (t = 1.825):	 total squared error = 3.46147, marker error: RMS = 0.364875, max = 1.36481 (BR)
[2026-03-04 08:35:18.940] [info] Frame 366 (t = 1.83):	 total squared error = 3.48708, marker error: RMS = 0.366222, max = 1.3695 (BR)
[2026-03-04 08:35:18.962] [info] Frame 367 (t = 1.835):	 total squared error = 3.51298, marker error: RMS = 0.367579, max = 1.37423 (BR)
[2026-03-04 08:35:18.972] [info] Frame 368 (t = 1.84):	 total squared error = 3.53918, marker error: RMS = 0.368947, max = 1.379 (BR)
[2026-03-04 08:35:18.980] [info] Frame 369 (t = 1.845):	 total squared error = 3.56566, marker error: RMS = 0.370325, max = 1.38379 (BR)
[2026-03-04 08:35:19.000] [info] Frame 370 (t = 1.85):	 total squared error = 3.59238, marker error: RMS = 0.37171, max = 1.38862 (BR)
[2026-03-04 08:35:19.014] [info] Frame 371 (t = 1.855):	 total squared error = 3.61937, marker error: RMS = 0.373104, max = 1.39347 (BR)
[2026-03-04 08:35:19.038] [info] Frame 372 (t = 1.86):	 total squared error = 3.6466, marker error: RMS = 0.374505, max = 1.39835 (BR)
[2026-03-04 08:35:19.048] [info] Frame 373 (t = 1.865):	 total squared error = 3.67406, marker error: RMS = 0.375912, max = 1.40325 (BR)
[2026-03-04 08:35:19.069] [info] Frame 374 (t = 1.87):	 total squared error = 3.70172, marker error: RMS = 0.377325, max = 1.40817 (BR)
[2026-03-04 08:35:19.083] [info] Frame 375 (t = 1.875):	 total squared error = 3.72959, marker error: RMS = 0.378742, max = 1.41311 (BR)
[2026-03-04 08:35:19.099] [info] Frame 376 (t = 1.88):	 total squared error = 3.75764, marker error: RMS = 0.380164, max = 1.41807 (BR)
[2026-03-04 08:35:19.107] [info] Frame 377 (t = 1.885):	 total squared error = 3.78585, marker error: RMS = 0.381588, max = 1.42304 (BR)
[2026-03-04 08:35:19.127] [info] Frame 378 (t = 1.89):	 total squared error = 3.81421, marker error: RMS = 0.383015, max = 1.42802 (BR)
[2026-03-04 08:35:19.146] [info] Frame 379 (t = 1.895):	 total squared error = 3.8427, marker error: RMS = 0.384443, max = 1.43301 (BR)
[2026-03-04 08:35:19.165] [info] Frame 380 (t = 1.9):	 total squared error = 3.8713, marker error: RMS = 0.385871, max = 1.43801 (BR)
[2026-03-04 08:35:19.182] [info] Frame 381 (t = 1.90500):	 total squared error = 3.90001, marker error: RMS = 0.387299, max = 1.44301 (BR)
[2026-03-04 08:35:19.198] [info] Frame 382 (t = 1.91):	 total squared error = 3.92878, marker error: RMS = 0.388725, max = 1.448 (BR)
[2026-03-04 08:35:19.209] [info] Frame 383 (t = 1.915):	 total squared error = 3.95762, marker error: RMS = 0.390149, max = 1.453 (BR)
[2026-03-04 08:35:19.228] [info] Frame 384 (t = 1.92):	 total squared error = 3.98647, marker error: RMS = 0.391569, max = 1.45798 (BR)
[2026-03-04 08:35:19.247] [info] Frame 385 (t = 1.925):	 total squared error = 4.01536, marker error: RMS = 0.392984, max = 1.46296 (BR)
[2026-03-04 08:35:19.267] [info] Frame 386 (t = 1.93):	 total squared error = 4.04423, marker error: RMS = 0.394395, max = 1.46791 (BR)
[2026-03-04 08:35:19.282] [info] Frame 387 (t = 1.935):	 total squared error = 4.07308, marker error: RMS = 0.395799, max = 1.47286 (BR)
[2026-03-04 08:35:19.299] [info] Frame 388 (t = 1.94):	 total squared error = 4.10188, marker error: RMS = 0.397196, max = 1.47778 (BR)
[2026-03-04 08:35:19.317] [info] Frame 389 (t = 1.945):	 total squared error = 4.13061, marker error: RMS = 0.398585, max = 1.48267 (BR)
[2026-03-04 08:35:19.336] [info] Frame 390 (t = 1.95):	 total squared error = 4.15926, marker error: RMS = 0.399964, max = 1.48754 (BR)
[2026-03-04 08:35:19.353] [info] Frame 391 (t = 1.955):	 total squared error = 4.1878, marker error: RMS = 0.401335, max = 1.49238 (BR)
[2026-03-04 08:35:19.370] [info] Frame 392 (t = 1.96):	 total squared error = 4.21622, marker error: RMS = 0.402694, max = 1.49718 (BR)
[2026-03-04 08:35:19.387] [info] Frame 393 (t = 1.965):	 total squared error = 4.24449, marker error: RMS = 0.404041, max = 1.50195 (BR)
[2026-03-04 08:35:19.397] [info] Frame 394 (t = 1.97):	 total squared error = 4.27259, marker error: RMS = 0.405377, max = 1.50667 (BR)
[2026-03-04 08:35:19.417] [info] Frame 395 (t = 1.975):	 total squared error = 4.30048, marker error: RMS = 0.406698, max = 1.51136 (BR)
[2026-03-04 08:35:19.431] [info] Frame 396 (t = 1.98):	 total squared error = 4.32817, marker error: RMS = 0.408005, max = 1.51599 (BR)
[2026-03-04 08:35:19.453] [info] Frame 397 (t = 1.985):	 total squared error = 4.35561, marker error: RMS = 0.409296, max = 1.52058 (BR)
[2026-03-04 08:35:19.473] [info] Frame 398 (t = 1.99):	 total squared error = 4.38278, marker error: RMS = 0.410571, max = 1.52511 (BR)
[2026-03-04 08:35:19.497] [info] Frame 399 (t = 1.995):	 total squared error = 4.40965, marker error: RMS = 0.411828, max = 1.52958 (BR)
[2026-03-04 08:35:19.515] [info] Frame 400 (t = 2.0):	 total squared error = 4.43621, marker error: RMS = 0.413066, max = 1.53399 (BR)
[2026-03-04 08:35:19.536] [info] Frame 401 (t = 2.00500):	 total squared error = 4.46241, marker error: RMS = 0.414284, max = 1.53834 (BR)
[2026-03-04 08:35:19.567] [info] Frame 402 (t = 2.01):	 total squared error = 4.48823, marker error: RMS = 0.415481, max = 1.54261 (BR)
[2026-03-04 08:35:19.585] [info] Frame 403 (t = 2.015):	 total squared error = 4.51365, marker error: RMS = 0.416656, max = 1.54681 (BR)
[2026-03-04 08:35:19.603] [info] Frame 404 (t = 2.02):	 total squared error = 4.53864, marker error: RMS = 0.417808, max = 1.55093 (BR)
[2026-03-04 08:35:19.623] [info] Frame 405 (t = 2.025):	 total squared error = 4.56317, marker error: RMS = 0.418935, max = 1.55496 (BR)
[2026-03-04 08:35:19.644] [info] Frame 406 (t = 2.03):	 total squared error = 4.58721, marker error: RMS = 0.420037, max = 1.55891 (BR)
[2026-03-04 08:35:19.658] [info] Frame 407 (t = 2.035):	 total squared error = 4.61074, marker error: RMS = 0.421113, max = 1.56277 (BR)
[2026-03-04 08:35:19.678] [info] Frame 408 (t = 2.04):	 total squared error = 4.63373, marker error: RMS = 0.422161, max = 1.56653 (BR)
[2026-03-04 08:35:19.697] [info] Frame 409 (t = 2.045):	 total squared error = 4.65616, marker error: RMS = 0.423182, max = 1.57020 (BR)
[2026-03-04 08:35:19.716] [info] Frame 410 (t = 2.05):	 total squared error = 4.678, marker error: RMS = 0.424173, max = 1.57376 (BR)
[2026-03-04 08:35:19.732] [info] Frame 411 (t = 2.055):	 total squared error = 4.69925, marker error: RMS = 0.425136, max = 1.57723 (BR)
[2026-03-04 08:35:19.751] [info] Frame 412 (t = 2.06):	 total squared error = 4.71988, marker error: RMS = 0.426068, max = 1.58058 (BR)
[2026-03-04 08:35:19.767] [info] Frame 413 (t = 2.065):	 total squared error = 4.73987, marker error: RMS = 0.426969, max = 1.58384 (BR)
[2026-03-04 08:35:19.786] [info] Frame 414 (t = 2.07):	 total squared error = 4.75923, marker error: RMS = 0.42784, max = 1.58698 (BR)
[2026-03-04 08:35:19.806] [info] Frame 415 (t = 2.075):	 total squared error = 4.77793, marker error: RMS = 0.42868, max = 1.59002 (BR)
[2026-03-04 08:35:19.828] [info] Frame 416 (t = 2.08):	 total squared error = 4.79597, marker error: RMS = 0.429489, max = 1.59294 (BR)
[2026-03-04 08:35:19.849] [info] Frame 417 (t = 2.085):	 total squared error = 4.81334, marker error: RMS = 0.430266, max = 1.59576 (BR)
[2026-03-04 08:35:19.875] [info] Frame 418 (t = 2.09):	 total squared error = 4.83004, marker error: RMS = 0.431011, max = 1.59847 (BR)
[2026-03-04 08:35:19.894] [info] Frame 419 (t = 2.095):	 total squared error = 4.84604, marker error: RMS = 0.431725, max = 1.60106 (BR)
[2026-03-04 08:35:19.922] [info] Frame 420 (t = 2.1):	 total squared error = 4.86136, marker error: RMS = 0.432407, max = 1.60355 (BR)
[2026-03-04 08:35:19.944] [info] Frame 421 (t = 2.10500):	 total squared error = 4.87598, marker error: RMS = 0.433056, max = 1.60592 (BR)
[2026-03-04 08:35:19.965] [info] Frame 422 (t = 2.11):	 total squared error = 4.88991, marker error: RMS = 0.433674, max = 1.60818 (BR)
[2026-03-04 08:35:19.984] [info] Frame 423 (t = 2.115):	 total squared error = 4.90314, marker error: RMS = 0.434261, max = 1.61033 (BR)
[2026-03-04 08:35:20.002] [info] Frame 424 (t = 2.12):	 total squared error = 4.91567, marker error: RMS = 0.434815, max = 1.61236 (BR)
[2026-03-04 08:35:20.020] [info] Frame 425 (t = 2.125):	 total squared error = 4.9275, marker error: RMS = 0.435338, max = 1.61429 (BR)
[2026-03-04 08:35:20.042] [info] Frame 426 (t = 2.13):	 total squared error = 4.93864, marker error: RMS = 0.43583, max = 1.6161 (BR)
[2026-03-04 08:35:20.059] [info] Frame 427 (t = 2.135):	 total squared error = 4.94908, marker error: RMS = 0.43629, max = 1.6178 (BR)
[2026-03-04 08:35:20.080] [info] Frame 428 (t = 2.14):	 total squared error = 4.95882, marker error: RMS = 0.436719, max = 1.6194 (BR)
[2026-03-04 08:35:20.104] [info] Frame 429 (t = 2.145):	 total squared error = 4.96788, marker error: RMS = 0.437118, max = 1.62088 (BR)
[2026-03-04 08:35:20.123] [info] Frame 430 (t = 2.15):	 total squared error = 4.97627, marker error: RMS = 0.437487, max = 1.62226 (BR)
[2026-03-04 08:35:20.143] [info] Frame 431 (t = 2.155):	 total squared error = 4.98399, marker error: RMS = 0.437826, max = 1.62353 (BR)
[2026-03-04 08:35:20.163] [info] Frame 432 (t = 2.16):	 total squared error = 4.99105, marker error: RMS = 0.438136, max = 1.62469 (BR)
[2026-03-04 08:35:20.185] [info] Frame 433 (t = 2.165):	 total squared error = 4.99746, marker error: RMS = 0.438418, max = 1.62576 (BR)
[2026-03-04 08:35:20.206] [info] Frame 434 (t = 2.17):	 total squared error = 5.00326, marker error: RMS = 0.438672, max = 1.62672 (BR)
[2026-03-04 08:35:20.234] [info] Frame 435 (t = 2.175):	 total squared error = 5.00844, marker error: RMS = 0.438899, max = 1.62759 (BR)
[2026-03-04 08:35:20.260] [info] Frame 436 (t = 2.18):	 total squared error = 5.01302, marker error: RMS = 0.4391, max = 1.62836 (BR)
[2026-03-04 08:35:20.289] [info] Frame 437 (t = 2.185):	 total squared error = 5.01704, marker error: RMS = 0.439276, max = 1.62904 (BR)
[2026-03-04 08:35:20.314] [info] Frame 438 (t = 2.19):	 total squared error = 5.02051, marker error: RMS = 0.439427, max = 1.62964 (BR)
[2026-03-04 08:35:20.340] [info] Frame 439 (t = 2.195):	 total squared error = 5.02344, marker error: RMS = 0.439556, max = 1.63015 (BR)
[2026-03-04 08:35:20.361] [info] Frame 440 (t = 2.2):	 total squared error = 5.02587, marker error: RMS = 0.439662, max = 1.63059 (BR)
[2026-03-04 08:35:20.382] [info] Frame 441 (t = 2.20500):	 total squared error = 5.02783, marker error: RMS = 0.439748, max = 1.63095 (BR)
[2026-03-04 08:35:20.400] [info] Frame 442 (t = 2.21):	 total squared error = 5.02933, marker error: RMS = 0.439813, max = 1.63124 (BR)
[2026-03-04 08:35:20.418] [info] Frame 443 (t = 2.215):	 total squared error = 5.03041, marker error: RMS = 0.439861, max = 1.63146 (BR)
[2026-03-04 08:35:20.433] [info] Frame 444 (t = 2.22):	 total squared error = 5.0311, marker error: RMS = 0.439891, max = 1.63162 (BR)
[2026-03-04 08:35:20.449] [info] Frame 445 (t = 2.225):	 total squared error = 5.03142, marker error: RMS = 0.439905, max = 1.63173 (BR)
[2026-03-04 08:35:20.468] [info] Frame 446 (t = 2.23):	 total squared error = 5.03141, marker error: RMS = 0.439904, max = 1.63179 (BR)
[2026-03-04 08:35:20.488] [info] Frame 447 (t = 2.235):	 total squared error = 5.0311, marker error: RMS = 0.439891, max = 1.6318 (BR)
[2026-03-04 08:35:20.506] [info] Frame 448 (t = 2.24):	 total squared error = 5.03053, marker error: RMS = 0.439866, max = 1.63177 (BR)
[2026-03-04 08:35:20.527] [info] Frame 449 (t = 2.245):	 total squared error = 5.02972, marker error: RMS = 0.439831, max = 1.6317 (BR)
[2026-03-04 08:35:20.545] [info] Frame 450 (t = 2.25):	 total squared error = 5.02873, marker error: RMS = 0.439787, max = 1.63161 (BR)
[2026-03-04 08:35:20.561] [info] Frame 451 (t = 2.255):	 total squared error = 5.02758, marker error: RMS = 0.439737, max = 1.63149 (BR)
[2026-03-04 08:35:20.582] [info] Frame 452 (t = 2.26):	 total squared error = 5.02631, marker error: RMS = 0.439681, max = 1.63135 (BR)
[2026-03-04 08:35:20.610] [info] Frame 453 (t = 2.265):	 total squared error = 5.02496, marker error: RMS = 0.439622, max = 1.63121 (BR)
[2026-03-04 08:35:20.638] [info] Frame 454 (t = 2.27):	 total squared error = 5.02357, marker error: RMS = 0.439562, max = 1.63105 (BR)
[2026-03-04 08:35:20.671] [info] Frame 455 (t = 2.275):	 total squared error = 5.02217, marker error: RMS = 0.4395, max = 1.63090 (BR)
[2026-03-04 08:35:20.695] [info] Frame 456 (t = 2.28):	 total squared error = 5.02079, marker error: RMS = 0.43944, max = 1.63074 (BR)
[2026-03-04 08:35:20.726] [info] Frame 457 (t = 2.285):	 total squared error = 5.01946, marker error: RMS = 0.439381, max = 1.63060 (BR)
[2026-03-04 08:35:20.747] [info] Frame 458 (t = 2.29):	 total squared error = 5.01821, marker error: RMS = 0.439327, max = 1.63046 (BR)
[2026-03-04 08:35:20.778] [info] Frame 459 (t = 2.295):	 total squared error = 5.01704, marker error: RMS = 0.439276, max = 1.63034 (BR)
[2026-03-04 08:35:20.807] [info] Frame 460 (t = 2.3):	 total squared error = 5.01601, marker error: RMS = 0.43923, max = 1.63024 (BR)
[2026-03-04 08:35:20.838] [info] Frame 461 (t = 2.30500):	 total squared error = 5.01511, marker error: RMS = 0.439191, max = 1.63015 (BR)
[2026-03-04 08:35:20.856] [info] Frame 462 (t = 2.31):	 total squared error = 5.01435, marker error: RMS = 0.439158, max = 1.63009 (BR)
[2026-03-04 08:35:20.870] [info] Frame 463 (t = 2.315):	 total squared error = 5.01375, marker error: RMS = 0.439132, max = 1.63005 (BR)
[2026-03-04 08:35:20.899] [info] Frame 464 (t = 2.32):	 total squared error = 5.01331, marker error: RMS = 0.439112, max = 1.63003 (BR)
[2026-03-04 08:35:20.918] [info] Frame 465 (t = 2.325):	 total squared error = 5.01303, marker error: RMS = 0.4391, max = 1.63003 (BR)
[2026-03-04 08:35:20.930] [info] Frame 466 (t = 2.33):	 total squared error = 5.01292, marker error: RMS = 0.439095, max = 1.63006 (BR)
[2026-03-04 08:35:20.943] [info] Frame 467 (t = 2.335):	 total squared error = 5.01296, marker error: RMS = 0.439097, max = 1.63011 (BR)
[2026-03-04 08:35:20.958] [info] Frame 468 (t = 2.34):	 total squared error = 5.01316, marker error: RMS = 0.439106, max = 1.63018 (BR)
[2026-03-04 08:35:20.973] [info] Frame 469 (t = 2.345):	 total squared error = 5.01352, marker error: RMS = 0.439121, max = 1.63027 (BR)
[2026-03-04 08:35:20.991] [info] Frame 470 (t = 2.35):	 total squared error = 5.01402, marker error: RMS = 0.439143, max = 1.63039 (BR)
[2026-03-04 08:35:21.009] [info] Frame 471 (t = 2.355):	 total squared error = 5.01466, marker error: RMS = 0.439171, max = 1.63052 (BR)
[2026-03-04 08:35:21.040] [info] Frame 472 (t = 2.36):	 total squared error = 5.01543, marker error: RMS = 0.439205, max = 1.63067 (BR)
[2026-03-04 08:35:21.063] [info] Frame 473 (t = 2.365):	 total squared error = 5.01631, marker error: RMS = 0.439244, max = 1.63083 (BR)
[2026-03-04 08:35:21.087] [info] Frame 474 (t = 2.37):	 total squared error = 5.01729, marker error: RMS = 0.439287, max = 1.63101 (BR)
[2026-03-04 08:35:21.117] [info] Frame 475 (t = 2.375):	 total squared error = 5.01837, marker error: RMS = 0.439334, max = 1.6312 (BR)
[2026-03-04 08:35:21.140] [info] Frame 476 (t = 2.38):	 total squared error = 5.01951, marker error: RMS = 0.439384, max = 1.63139 (BR)
[2026-03-04 08:35:21.167] [info] Frame 477 (t = 2.385):	 total squared error = 5.02071, marker error: RMS = 0.439436, max = 1.63159 (BR)
[2026-03-04 08:35:21.187] [info] Frame 478 (t = 2.39):	 total squared error = 5.02195, marker error: RMS = 0.439491, max = 1.6318 (BR)
[2026-03-04 08:35:21.215] [info] Frame 479 (t = 2.395):	 total squared error = 5.02323, marker error: RMS = 0.439546, max = 1.632 (BR)
[2026-03-04 08:35:21.229] [info] Frame 480 (t = 2.4):	 total squared error = 5.02451, marker error: RMS = 0.439603, max = 1.63221 (BR)
[2026-03-04 08:35:21.245] [info] Frame 481 (t = 2.40500):	 total squared error = 5.02579, marker error: RMS = 0.439659, max = 1.63241 (BR)
[2026-03-04 08:35:21.265] [info] Frame 482 (t = 2.41):	 total squared error = 5.02706, marker error: RMS = 0.439714, max = 1.6326 (BR)
[2026-03-04 08:35:21.279] [info] Frame 483 (t = 2.415):	 total squared error = 5.02829, marker error: RMS = 0.439768, max = 1.63279 (BR)
[2026-03-04 08:35:21.293] [info] Frame 484 (t = 2.42):	 total squared error = 5.0295, marker error: RMS = 0.439821, max = 1.63297 (BR)
[2026-03-04 08:35:21.311] [info] Frame 485 (t = 2.425):	 total squared error = 5.03064, marker error: RMS = 0.439871, max = 1.63313 (BR)
[2026-03-04 08:35:21.335] [info] Frame 486 (t = 2.43):	 total squared error = 5.03173, marker error: RMS = 0.439918, max = 1.63329 (BR)
[2026-03-04 08:35:21.348] [info] Frame 487 (t = 2.435):	 total squared error = 5.03275, marker error: RMS = 0.439963, max = 1.63343 (BR)
[2026-03-04 08:35:21.363] [info] Frame 488 (t = 2.44):	 total squared error = 5.0337, marker error: RMS = 0.440004, max = 1.63356 (BR)
[2026-03-04 08:35:21.379] [info] Frame 489 (t = 2.445):	 total squared error = 5.03456, marker error: RMS = 0.440042, max = 1.63368 (BR)
[2026-03-04 08:35:21.395] [info] Frame 490 (t = 2.45):	 total squared error = 5.03535, marker error: RMS = 0.440077, max = 1.63378 (BR)
[2026-03-04 08:35:21.414] [info] Frame 491 (t = 2.455):	 total squared error = 5.03606, marker error: RMS = 0.440107, max = 1.63386 (BR)
[2026-03-04 08:35:21.429] [info] Frame 492 (t = 2.46):	 total squared error = 5.03668, marker error: RMS = 0.440135, max = 1.63393 (BR)
[2026-03-04 08:35:21.449] [info] Frame 493 (t = 2.465):	 total squared error = 5.03721, marker error: RMS = 0.440158, max = 1.63399 (BR)
[2026-03-04 08:35:21.464] [info] Frame 494 (t = 2.47):	 total squared error = 5.03767, marker error: RMS = 0.440178, max = 1.63403 (BR)
[2026-03-04 08:35:21.487] [info] Frame 495 (t = 2.475):	 total squared error = 5.03804, marker error: RMS = 0.440194, max = 1.63405 (BR)
[2026-03-04 08:35:21.499] [info] Frame 496 (t = 2.48):	 total squared error = 5.03833, marker error: RMS = 0.440207, max = 1.63407 (BR)
[2026-03-04 08:35:21.515] [info] Frame 497 (t = 2.485):	 total squared error = 5.03854, marker error: RMS = 0.440216, max = 1.63407 (BR)
[2026-03-04 08:35:21.532] [info] Frame 498 (t = 2.49):	 total squared error = 5.03867, marker error: RMS = 0.440221, max = 1.63406 (BR)
[2026-03-04 08:35:21.548] [info] Frame 499 (t = 2.495):	 total squared error = 5.03872, marker error: RMS = 0.440224, max = 1.63403 (BR)
[2026-03-04 08:35:21.564] [info] Frame 500 (t = 2.5):	 total squared error = 5.03871, marker error: RMS = 0.440223, max = 1.634 (BR)
[2026-03-04 08:35:21.586] [info] Frame 501 (t = 2.50500):	 total squared error = 5.03863, marker error: RMS = 0.440220, max = 1.63396 (BR)
[2026-03-04 08:35:21.603] [info] Frame 502 (t = 2.51):	 total squared error = 5.03848, marker error: RMS = 0.440213, max = 1.6339 (BR)
[2026-03-04 08:35:21.618] [info] Frame 503 (t = 2.515):	 total squared error = 5.03827, marker error: RMS = 0.440204, max = 1.63384 (BR)
[2026-03-04 08:35:21.636] [info] Frame 504 (t = 2.52):	 total squared error = 5.03801, marker error: RMS = 0.440193, max = 1.63377 (BR)
[2026-03-04 08:35:21.649] [info] Frame 505 (t = 2.525):	 total squared error = 5.03769, marker error: RMS = 0.440179, max = 1.63369 (BR)
[2026-03-04 08:35:21.664] [info] Frame 506 (t = 2.53):	 total squared error = 5.03733, marker error: RMS = 0.440163, max = 1.63361 (BR)
[2026-03-04 08:35:21.680] [info] Frame 507 (t = 2.535):	 total squared error = 5.03692, marker error: RMS = 0.440145, max = 1.63352 (BR)
[2026-03-04 08:35:21.697] [info] Frame 508 (t = 2.54):	 total squared error = 5.03648, marker error: RMS = 0.440126, max = 1.63344 (BR)
[2026-03-04 08:35:21.714] [info] Frame 509 (t = 2.545):	 total squared error = 5.03601, marker error: RMS = 0.440105, max = 1.63335 (BR)
[2026-03-04 08:35:21.730] [info] Frame 510 (t = 2.55):	 total squared error = 5.03551, marker error: RMS = 0.440084, max = 1.63326 (BR)
[2026-03-04 08:35:21.752] [info] Frame 511 (t = 2.555):	 total squared error = 5.03499, marker error: RMS = 0.440061, max = 1.63317 (BR)
[2026-03-04 08:35:21.766] [info] Frame 512 (t = 2.56):	 total squared error = 5.03446, marker error: RMS = 0.440038, max = 1.63308 (BR)
[2026-03-04 08:35:21.790] [info] Frame 513 (t = 2.565):	 total squared error = 5.03391, marker error: RMS = 0.440014, max = 1.63299 (BR)
[2026-03-04 08:35:21.808] [info] Frame 514 (t = 2.57):	 total squared error = 5.03335, marker error: RMS = 0.439989, max = 1.6329 (BR)
[2026-03-04 08:35:21.823] [info] Frame 515 (t = 2.575):	 total squared error = 5.03279, marker error: RMS = 0.439965, max = 1.63281 (BR)
[2026-03-04 08:35:21.841] [info] Frame 516 (t = 2.58):	 total squared error = 5.03222, marker error: RMS = 0.43994, max = 1.63273 (BR)
[2026-03-04 08:35:21.858] [info] Frame 517 (t = 2.585):	 total squared error = 5.03167, marker error: RMS = 0.439915, max = 1.63264 (BR)
[2026-03-04 08:35:21.880] [info] Frame 518 (t = 2.59):	 total squared error = 5.03112, marker error: RMS = 0.439892, max = 1.63256 (BR)
[2026-03-04 08:35:21.902] [info] Frame 519 (t = 2.595):	 total squared error = 5.03060, marker error: RMS = 0.439869, max = 1.63248 (BR)
[2026-03-04 08:35:21.922] [info] Frame 520 (t = 2.6):	 total squared error = 5.03011, marker error: RMS = 0.439848, max = 1.63241 (BR)
[2026-03-04 08:35:21.944] [info] Frame 521 (t = 2.60500):	 total squared error = 5.02967, marker error: RMS = 0.439828, max = 1.63234 (BR)
[2026-03-04 08:35:21.967] [info] Frame 522 (t = 2.61):	 total squared error = 5.02928, marker error: RMS = 0.439811, max = 1.63228 (BR)
[2026-03-04 08:35:21.979] [info] Frame 523 (t = 2.615):	 total squared error = 5.02896, marker error: RMS = 0.439797, max = 1.63224 (BR)
[2026-03-04 08:35:22.011] [info] Frame 524 (t = 2.62):	 total squared error = 5.02869, marker error: RMS = 0.439785, max = 1.6322 (BR)
[2026-03-04 08:35:22.035] [info] Frame 525 (t = 2.625):	 total squared error = 5.02849, marker error: RMS = 0.439777, max = 1.63217 (BR)
[2026-03-04 08:35:22.056] [info] Frame 526 (t = 2.63):	 total squared error = 5.02836, marker error: RMS = 0.439771, max = 1.63215 (BR)
[2026-03-04 08:35:22.085] [info] Frame 527 (t = 2.635):	 total squared error = 5.02829, marker error: RMS = 0.439768, max = 1.63214 (BR)
[2026-03-04 08:35:22.104] [info] Frame 528 (t = 2.64):	 total squared error = 5.02826, marker error: RMS = 0.439766, max = 1.63214 (BR)
[2026-03-04 08:35:22.132] [info] Frame 529 (t = 2.645):	 total squared error = 5.02825, marker error: RMS = 0.439766, max = 1.63214 (BR)
[2026-03-04 08:35:22.153] [info] InverseKinematicsTool completed 529 frames in 10 second(s).
[2026-03-04 08:35:28.451] [info] Loaded model Athlete_03_Uhlrich_scaled from file ..\..\..\..\models\Athlete_03_Uhlrich\25_03_31\scaled.osim
[2026-03-04 08:35:28.527] [info] Storage: read data file = joint_angles.mot (nr=529 nc=40)
[2026-03-04 08:35:28.608] [info] Loaded model Athlete_03_Uhlrich_scaled from file ..\..\..\..\models\Athlete_03_Uhlrich\25_03_31\scaled.osim
[2026-03-04 08:35:28.674] [cout] [info] 
               MODEL: Athlete_03_Uhlrich_scaled
         coordinates: 39
              forces: 97
           actuators: 97
             muscles: 80
            analyses: 0
              probes: 0
              bodies: 22
              joints: 22
         constraints: 2
             markers: 46
         controllers: 0
  contact geometries: 0
misc modelcomponents: 0
[2026-03-04 08:35:28.674] [info] Running tool ...
[2026-03-04 08:35:28.751] [info] Storage: read data file = grf.mot (nr=5300 nc=46)
[2026-03-04 08:35:28.817] [info] ExternalForce::grf_r_4 Data source being set to grf
[2026-03-04 08:35:28.817] [info] ExternalForce::grf_l_5 Data source being set to grf
[2026-03-04 08:35:28.830] [info] Storage: read data file = joint_angles.mot (nr=529 nc=40)
[2026-03-04 08:35:28.839] [info] Low-pass filtering coordinates data with a cutoff frequency of 6.0...
[2026-03-04 08:35:29.377] [info] InverseDynamicsTool: 529 time frames in 404 millisecond(s).
[2026-03-04 08:35:32.005] [info] Loaded model Athlete_03_Uhlrich_scaled from file ..\..\..\..\models\Athlete_03_Uhlrich\25_03_31\scaled.osim
[2026-03-04 08:35:32.074] [info] Storage: read data file = joint_angles.mot (nr=529 nc=40)
[2026-03-04 08:35:32.112] [info] AbstractTool  loading model ..\..\..\..\models\Athlete_03_Uhlrich\25_03_31\scaled.osim
[2026-03-04 08:35:32.141] [info] Loaded model Athlete_03_Uhlrich_scaled from file ..\..\..\..\models\Athlete_03_Uhlrich\25_03_31\scaled.osim
[2026-03-04 08:35:32.307] [info] Storage: read data file = grf.mot (nr=5300 nc=46)
[2026-03-04 08:35:32.381] [info] ExternalForce::grf_r_4 Data source being set to grf
[2026-03-04 08:35:32.381] [info] ExternalForce::grf_l_5 Data source being set to grf
[2026-03-04 08:35:32.397] [info] Loading coordinates from file 'joint_angles.mot'.
[2026-03-04 08:35:32.398] [info] Storage: read data file = joint_angles.mot (nr=529 nc=40)
[2026-03-04 08:35:32.407] [info] Low-pass filtering coordinates data with a cutoff frequency of 6.0...
[2026-03-04 08:35:32.685] [info] AssemblySolver::track() attempt Failed: SimTK Exception thrown at Assembler.cpp:973:
  Method Assembler::track() failed because:
Unable to achieve required assembly error tolerance.
Assembly error tolerance achieved: 9.9519392145477355e-09 required: 1e-10.
[2026-03-04 08:35:32.692] [error] Model unable to assemble: AssemblySolver::assemble() Failed: SimTK Exception thrown at Assembler.cpp:897:
  Method Assembler::assemble() failed because:
Unable to achieve required assembly error tolerance.
Assembly error tolerance achieved: 9.9519392145479092e-09 required: 1e-10..Model relaxing constraints and trying again.
[2026-03-04 08:35:33.170] [info] Found 1057 state vectors with time stamps ranging from -1.315 to 3.965.
[2026-03-04 08:35:33.171] [info] Executing the analyses from 0.00500000 to 2.645...
[2026-03-04 08:35:33.178] [warning] MuscleAnalysis: coordinate mtp_angle_r is locked and can't be varied.
[2026-03-04 08:35:33.179] [warning] MuscleAnalysis: coordinate mtp_angle_l is locked and can't be varied.
[2026-03-04 08:35:33.179] [warning] MuscleAnalysis: coordinate wrist_flex_r is locked and can't be varied.
[2026-03-04 08:35:33.179] [warning] MuscleAnalysis: coordinate wrist_dev_r is locked and can't be varied.
[2026-03-04 08:35:33.179] [warning] MuscleAnalysis: coordinate wrist_flex_l is locked and can't be varied.
[2026-03-04 08:35:33.179] [warning] MuscleAnalysis: coordinate wrist_dev_l is locked and can't be varied.
[2026-03-04 08:37:04.247] [info] Printing results of investigation  to MuscleAnalysis
[2026-03-04 08:37:06.314] [info] Loaded model Athlete_03_Uhlrich_scaled from file ..\..\..\..\models\Athlete_03_Uhlrich\25_03_31\scaled.osim
[2026-03-04 08:37:06.359] [info] Storage: read data file = joint_angles.mot (nr=529 nc=40)
[2026-03-04 08:37:06.396] [info] AbstractTool SO loading model ..\..\..\..\models\Athlete_03_Uhlrich\25_03_31\scaled.osim
[2026-03-04 08:37:06.429] [info] Loaded model Athlete_03_Uhlrich_scaled from file ..\..\..\..\models\Athlete_03_Uhlrich\25_03_31\scaled.osim
[2026-03-04 08:37:06.494] [info] Adding force object set from actuators_so.xml
[2026-03-04 08:37:06.576] [info] Storage: read data file = grf.mot (nr=5300 nc=46)
[2026-03-04 08:37:06.653] [info] ExternalForce::grf_r_4 Data source being set to grf
[2026-03-04 08:37:06.653] [info] ExternalForce::grf_l_5 Data source being set to grf
[2026-03-04 08:37:06.671] [info] Loading coordinates from file 'joint_angles.mot'.
[2026-03-04 08:37:06.672] [info] Storage: read data file = joint_angles.mot (nr=529 nc=40)
[2026-03-04 08:37:06.687] [info] Low-pass filtering coordinates data with a cutoff frequency of 6.0...
[2026-03-04 08:37:06.997] [info] AssemblySolver::track() attempt Failed: SimTK Exception thrown at Assembler.cpp:973:
  Method Assembler::track() failed because:
Unable to achieve required assembly error tolerance.
Assembly error tolerance achieved: 9.9519392145477355e-09 required: 1e-10.
[2026-03-04 08:37:07.005] [error] Model unable to assemble: AssemblySolver::assemble() Failed: SimTK Exception thrown at Assembler.cpp:897:
  Method Assembler::assemble() failed because:
Unable to achieve required assembly error tolerance.
Assembly error tolerance achieved: 9.9519392145479092e-09 required: 1e-10..Model relaxing constraints and trying again.
[2026-03-04 08:37:07.523] [info] Found 1057 state vectors with time stamps ranging from -1.315 to 3.965.
[2026-03-04 08:37:07.524] [info] Executing the analyses from 0.00500000 to 2.645...
[2026-03-04 08:37:07.636] [info] Storage: read data file = grf.mot (nr=5300 nc=46)
[2026-03-04 08:37:07.755] [info] ExternalForce::grf_r_4 Data source being set to grf
[2026-03-04 08:37:07.755] [info] ExternalForce::grf_l_5 Data source being set to grf
[2026-03-04 08:37:07.797] [info] Storage: read data file = grf.mot (nr=5300 nc=46)
[2026-03-04 08:37:07.872] [info] ExternalForce::grf_r_4 Data source being set to grf
[2026-03-04 08:37:07.872] [info] ExternalForce::grf_l_5 Data source being set to grf
[2026-03-04 08:37:08.900] [cout] [info] time = 0.00500000 Performance = 40.4918 Constraint violation = 4.75494e-12
[2026-03-04 08:37:08.903] [info] Bounds for 'addbrev_r': 0.01 to 1.0.
[2026-03-04 08:37:08.904] [info] Bounds for 'addlong_r': 0.01 to 1.0.
[2026-03-04 08:37:08.904] [info] Bounds for 'addmagDist_r': 0.01 to 1.0.
[2026-03-04 08:37:08.904] [info] Bounds for 'addmagIsch_r': 0.01 to 1.0.
[2026-03-04 08:37:08.904] [info] Bounds for 'addmagMid_r': 0.01 to 1.0.
[2026-03-04 08:37:08.904] [info] Bounds for 'addmagProx_r': 0.01 to 1.0.
[2026-03-04 08:37:08.904] [info] Bounds for 'bflh_r': 0.01 to 1.0.
[2026-03-04 08:37:08.904] [info] Bounds for 'bfsh_r': 0.01 to 1.0.
[2026-03-04 08:37:08.904] [info] Bounds for 'edl_r': 0.01 to 1.0.
[2026-03-04 08:37:08.904] [info] Bounds for 'ehl_r': 0.01 to 1.0.
[2026-03-04 08:37:08.904] [info] Bounds for 'fdl_r': 0.01 to 1.0.
[2026-03-04 08:37:08.904] [info] Bounds for 'fhl_r': 0.01 to 1.0.
[2026-03-04 08:37:08.904] [info] Bounds for 'gaslat_r': 0.01 to 1.0.
[2026-03-04 08:37:08.905] [info] Bounds for 'gasmed_r': 0.01 to 1.0.
[2026-03-04 08:37:08.905] [info] Bounds for 'glmax1_r': 0.01 to 1.0.
[2026-03-04 08:37:08.905] [info] Bounds for 'glmax2_r': 0.01 to 1.0.
[2026-03-04 08:37:08.905] [info] Bounds for 'glmax3_r': 0.01 to 1.0.
[2026-03-04 08:37:08.905] [info] Bounds for 'glmed1_r': 0.01 to 1.0.
[2026-03-04 08:37:08.905] [info] Bounds for 'glmed2_r': 0.01 to 1.0.
[2026-03-04 08:37:08.905] [info] Bounds for 'glmed3_r': 0.01 to 1.0.
[2026-03-04 08:37:08.905] [info] Bounds for 'glmin1_r': 0.01 to 1.0.
[2026-03-04 08:37:08.905] [info] Bounds for 'glmin2_r': 0.01 to 1.0.
[2026-03-04 08:37:08.905] [info] Bounds for 'glmin3_r': 0.01 to 1.0.
[2026-03-04 08:37:08.905] [info] Bounds for 'grac_r': 0.01 to 1.0.
[2026-03-04 08:37:08.905] [info] Bounds for 'iliacus_r': 0.01 to 1.0.
[2026-03-04 08:37:08.905] [info] Bounds for 'perbrev_r': 0.01 to 1.0.
[2026-03-04 08:37:08.905] [info] Bounds for 'perlong_r': 0.01 to 1.0.
[2026-03-04 08:37:08.905] [info] Bounds for 'piri_r': 0.01 to 1.0.
[2026-03-04 08:37:08.905] [info] Bounds for 'psoas_r': 0.01 to 1.0.
[2026-03-04 08:37:08.905] [info] Bounds for 'recfem_r': 0.01 to 1.0.
[2026-03-04 08:37:08.905] [info] Bounds for 'sart_r': 0.01 to 1.0.
[2026-03-04 08:37:08.905] [info] Bounds for 'semimem_r': 0.01 to 1.0.
[2026-03-04 08:37:08.905] [info] Bounds for 'semiten_r': 0.01 to 1.0.
[2026-03-04 08:37:08.905] [info] Bounds for 'soleus_r': 0.01 to 1.0.
[2026-03-04 08:37:08.905] [info] Bounds for 'tfl_r': 0.01 to 1.0.
[2026-03-04 08:37:08.905] [info] Bounds for 'tibant_r': 0.01 to 1.0.
[2026-03-04 08:37:08.905] [info] Bounds for 'tibpost_r': 0.01 to 1.0.
[2026-03-04 08:37:08.905] [info] Bounds for 'vasint_r': 0.01 to 1.0.
[2026-03-04 08:37:08.905] [info] Bounds for 'vaslat_r': 0.01 to 1.0.
[2026-03-04 08:37:08.906] [info] Bounds for 'vasmed_r': 0.01 to 1.0.
[2026-03-04 08:37:08.906] [info] Bounds for 'addbrev_l': 0.01 to 1.0.
[2026-03-04 08:37:08.906] [info] Bounds for 'addlong_l': 0.01 to 1.0.
[2026-03-04 08:37:08.906] [info] Bounds for 'addmagDist_l': 0.01 to 1.0.
[2026-03-04 08:37:08.906] [info] Bounds for 'addmagIsch_l': 0.01 to 1.0.
[2026-03-04 08:37:08.906] [info] Bounds for 'addmagMid_l': 0.01 to 1.0.
[2026-03-04 08:37:08.906] [info] Bounds for 'addmagProx_l': 0.01 to 1.0.
[2026-03-04 08:37:08.906] [info] Bounds for 'bflh_l': 0.01 to 1.0.
[2026-03-04 08:37:08.906] [info] Bounds for 'bfsh_l': 0.01 to 1.0.
[2026-03-04 08:37:08.906] [info] Bounds for 'edl_l': 0.01 to 1.0.
[2026-03-04 08:37:08.906] [info] Bounds for 'ehl_l': 0.01 to 1.0.
[2026-03-04 08:37:08.906] [info] Bounds for 'fdl_l': 0.01 to 1.0.
[2026-03-04 08:37:08.906] [info] Bounds for 'fhl_l': 0.01 to 1.0.
[2026-03-04 08:37:08.906] [info] Bounds for 'gaslat_l': 0.01 to 1.0.
[2026-03-04 08:37:08.906] [info] Bounds for 'gasmed_l': 0.01 to 1.0.
[2026-03-04 08:37:08.906] [info] Bounds for 'glmax1_l': 0.01 to 1.0.
[2026-03-04 08:37:08.906] [info] Bounds for 'glmax2_l': 0.01 to 1.0.
[2026-03-04 08:37:08.906] [info] Bounds for 'glmax3_l': 0.01 to 1.0.
[2026-03-04 08:37:08.906] [info] Bounds for 'glmed1_l': 0.01 to 1.0.
[2026-03-04 08:37:08.906] [info] Bounds for 'glmed2_l': 0.01 to 1.0.
[2026-03-04 08:37:08.906] [info] Bounds for 'glmed3_l': 0.01 to 1.0.
[2026-03-04 08:37:08.906] [info] Bounds for 'glmin1_l': 0.01 to 1.0.
[2026-03-04 08:37:08.906] [info] Bounds for 'glmin2_l': 0.01 to 1.0.
[2026-03-04 08:37:08.906] [info] Bounds for 'glmin3_l': 0.01 to 1.0.
[2026-03-04 08:37:08.907] [info] Bounds for 'grac_l': 0.01 to 1.0.
[2026-03-04 08:37:08.907] [info] Bounds for 'iliacus_l': 0.01 to 1.0.
[2026-03-04 08:37:08.907] [info] Bounds for 'perbrev_l': 0.01 to 1.0.
[2026-03-04 08:37:08.907] [info] Bounds for 'perlong_l': 0.01 to 1.0.
[2026-03-04 08:37:08.907] [info] Bounds for 'piri_l': 0.01 to 1.0.
[2026-03-04 08:37:08.907] [info] Bounds for 'psoas_l': 0.01 to 1.0.
[2026-03-04 08:37:08.907] [info] Bounds for 'recfem_l': 0.01 to 1.0.
[2026-03-04 08:37:08.907] [info] Bounds for 'sart_l': 0.01 to 1.0.
[2026-03-04 08:37:08.907] [info] Bounds for 'semimem_l': 0.01 to 1.0.
[2026-03-04 08:37:08.907] [info] Bounds for 'semiten_l': 0.01 to 1.0.
[2026-03-04 08:37:08.907] [info] Bounds for 'soleus_l': 0.01 to 1.0.
[2026-03-04 08:37:08.907] [info] Bounds for 'tfl_l': 0.01 to 1.0.
[2026-03-04 08:37:08.907] [info] Bounds for 'tibant_l': 0.01 to 1.0.
[2026-03-04 08:37:08.907] [info] Bounds for 'tibpost_l': 0.01 to 1.0.
[2026-03-04 08:37:08.907] [info] Bounds for 'vasint_l': 0.01 to 1.0.
[2026-03-04 08:37:08.907] [info] Bounds for 'vaslat_l': 0.01 to 1.0.
[2026-03-04 08:37:08.907] [info] Bounds for 'vasmed_l': 0.01 to 1.0.
[2026-03-04 08:37:08.908] [info] Bounds for 'lumbar_ext': -inf to inf.
[2026-03-04 08:37:08.908] [info] Bounds for 'lumbar_bend': -inf to inf.
[2026-03-04 08:37:08.908] [info] Bounds for 'lumbar_rot': -inf to inf.
[2026-03-04 08:37:08.908] [info] Bounds for 'shoulder_flex_r': -inf to inf.
[2026-03-04 08:37:08.908] [info] Bounds for 'shoulder_add_r': -inf to inf.
[2026-03-04 08:37:08.908] [info] Bounds for 'shoulder_rot_r': -inf to inf.
[2026-03-04 08:37:08.908] [info] Bounds for 'elbow_flex_r': -inf to inf.
[2026-03-04 08:37:08.908] [info] Bounds for 'pro_sup_r': -inf to inf.
[2026-03-04 08:37:08.908] [info] Bounds for 'wrist_flex_r': -inf to inf.
[2026-03-04 08:37:08.908] [info] Bounds for 'wrist_dev_r': -inf to inf.
[2026-03-04 08:37:08.908] [info] Bounds for 'shoulder_flex_l': -inf to inf.
[2026-03-04 08:37:08.908] [info] Bounds for 'shoulder_add_l': -inf to inf.
[2026-03-04 08:37:08.908] [info] Bounds for 'shoulder_rot_l': -inf to inf.
[2026-03-04 08:37:08.908] [info] Bounds for 'elbow_flex_l': -inf to inf.
[2026-03-04 08:37:08.908] [info] Bounds for 'pro_sup_l': -inf to inf.
[2026-03-04 08:37:08.908] [info] Bounds for 'wrist_flex_l': -inf to inf.
[2026-03-04 08:37:08.908] [info] Bounds for 'wrist_dev_l': -inf to inf.
[2026-03-04 08:37:08.908] [info] Bounds for 'FX': -inf to inf.
[2026-03-04 08:37:08.908] [info] Bounds for 'FY': -inf to inf.
[2026-03-04 08:37:08.908] [info] Bounds for 'FZ': -inf to inf.
[2026-03-04 08:37:08.908] [info] Bounds for 'MX': -inf to inf.
[2026-03-04 08:37:08.909] [info] Bounds for 'MY': -inf to inf.
[2026-03-04 08:37:08.909] [info] Bounds for 'MZ': -inf to inf.
[2026-03-04 08:37:08.909] [info] Bounds for 'hip_flexion_r_reserve': -1.0 to 1.0.
[2026-03-04 08:37:08.909] [info] Bounds for 'hip_adduction_r_reserve': -1.0 to 1.0.
[2026-03-04 08:37:08.909] [info] Bounds for 'hip_rotation_r_reserve': -1.0 to 1.0.
[2026-03-04 08:37:08.909] [info] Bounds for 'knee_angle_r_reserve': -1.0 to 1.0.
[2026-03-04 08:37:08.909] [info] Bounds for 'ankle_angle_r_reserve': -1.0 to 1.0.
[2026-03-04 08:37:08.909] [info] Bounds for 'hip_flexion_l_reserve': -1.0 to 1.0.
[2026-03-04 08:37:08.909] [info] Bounds for 'hip_adduction_l_reserve': -1.0 to 1.0.
[2026-03-04 08:37:08.909] [info] Bounds for 'hip_rotation_l_reserve': -1.0 to 1.0.
[2026-03-04 08:37:08.909] [info] Bounds for 'knee_angle_l_reserve': -1.0 to 1.0.
[2026-03-04 08:37:08.909] [info] Bounds for 'ankle_angle_l_reserve': -1.0 to 1.0.
[2026-03-04 08:37:09.165] [cout] [info] time = 0.01 Performance = 41.7545 Constraint violation = 2.54528e-11
[2026-03-04 08:37:09.418] [cout] [info] time = 0.015 Performance = 42.9905 Constraint violation = 6.30978e-11
[2026-03-04 08:37:09.672] [cout] [info] time = 0.02 Performance = 44.1489 Constraint violation = 9.39061e-12
[2026-03-04 08:37:09.924] [cout] [info] time = 0.025 Performance = 45.1799 Constraint violation = 2.17786e-11
[2026-03-04 08:37:10.180] [cout] [info] time = 0.03 Performance = 46.0371 Constraint violation = 3.33412e-12
[2026-03-04 08:37:10.442] [cout] [info] time = 0.035 Performance = 46.6809 Constraint violation = 4.02882e-11
[2026-03-04 08:37:10.695] [cout] [info] time = 0.04 Performance = 47.0798 Constraint violation = 1.33826e-11
[2026-03-04 08:37:10.954] [cout] [info] time = 0.045 Performance = 47.2145 Constraint violation = 1.83901e-11
[2026-03-04 08:37:11.205] [cout] [info] time = 0.05 Performance = 47.075 Constraint violation = 8.7874e-12
[2026-03-04 08:37:11.521] [cout] [info] time = 0.055 Performance = 46.667 Constraint violation = 2.56635e-11
[2026-03-04 08:37:11.773] [cout] [info] time = 0.06 Performance = 46.0079 Constraint violation = 1.51398e-12
[2026-03-04 08:37:12.029] [cout] [info] time = 0.065 Performance = 45.1262 Constraint violation = 2.13206e-11
[2026-03-04 08:37:12.289] [cout] [info] time = 0.07 Performance = 44.0589 Constraint violation = 8.43161e-12
[2026-03-04 08:37:12.546] [cout] [info] time = 0.075 Performance = 42.8472 Constraint violation = 1.12199e-11
[2026-03-04 08:37:12.796] [cout] [info] time = 0.08 Performance = 41.5419 Constraint violation = 6.17995e-12
[2026-03-04 08:37:13.049] [cout] [info] time = 0.085 Performance = 40.1845 Constraint violation = 3.29637e-12
[2026-03-04 08:37:13.301] [cout] [info] time = 0.09 Performance = 38.8218 Constraint violation = 6.48605e-12
[2026-03-04 08:37:13.556] [cout] [info] time = 0.095 Performance = 37.4946 Constraint violation = 1.52768e-11
[2026-03-04 08:37:13.806] [cout] [info] time = 0.1 Performance = 36.2367 Constraint violation = 1.91508e-11
[2026-03-04 08:37:14.058] [cout] [info] time = 0.105000 Performance = 35.0749 Constraint violation = 1.95407e-11
[2026-03-04 08:37:14.311] [cout] [info] time = 0.11 Performance = 34.028 Constraint violation = 3.88857e-12
[2026-03-04 08:37:14.566] [cout] [info] time = 0.115 Performance = 33.1082 Constraint violation = 2.80950e-11
[2026-03-04 08:37:14.819] [cout] [info] time = 0.12 Performance = 32.3206 Constraint violation = 7.78866e-11
[2026-03-04 08:37:15.075] [cout] [info] time = 0.125 Performance = 31.6641 Constraint violation = 1.48239e-11
[2026-03-04 08:37:15.327] [cout] [info] time = 0.13 Performance = 31.1323 Constraint violation = 5.5748e-12
[2026-03-04 08:37:15.581] [cout] [info] time = 0.135 Performance = 30.7155 Constraint violation = 1.96070e-11
[2026-03-04 08:37:15.834] [cout] [info] time = 0.14 Performance = 30.4019 Constraint violation = 3.66872e-11
[2026-03-04 08:37:16.087] [cout] [info] time = 0.145 Performance = 30.1785 Constraint violation = 4.30441e-12
[2026-03-04 08:37:16.338] [cout] [info] time = 0.15 Performance = 30.0305 Constraint violation = 1.25223e-11
[2026-03-04 08:37:16.590] [cout] [info] time = 0.155 Performance = 29.9427 Constraint violation = 9.37307e-12
[2026-03-04 08:37:16.842] [cout] [info] time = 0.16 Performance = 29.8995 Constraint violation = 1.90543e-11
[2026-03-04 08:37:17.100] [cout] [info] time = 0.165 Performance = 29.8849 Constraint violation = 1.01757e-11
[2026-03-04 08:37:17.353] [cout] [info] time = 0.17 Performance = 29.8838 Constraint violation = 1.39645e-11
[2026-03-04 08:37:17.626] [cout] [info] time = 0.175 Performance = 29.8824 Constraint violation = 9.68445e-12
[2026-03-04 08:37:17.879] [cout] [info] time = 0.18 Performance = 29.8673 Constraint violation = 4.44084e-12
[2026-03-04 08:37:18.138] [cout] [info] time = 0.185 Performance = 29.8262 Constraint violation = 1.86379e-11
[2026-03-04 08:37:18.397] [cout] [info] time = 0.19 Performance = 29.7484 Constraint violation = 1.08755e-11
[2026-03-04 08:37:18.654] [cout] [info] time = 0.195 Performance = 29.6262 Constraint violation = 3.34724e-11
[2026-03-04 08:37:18.905] [cout] [info] time = 0.2 Performance = 29.4542 Constraint violation = 9.63331e-12
[2026-03-04 08:37:19.176] [cout] [info] time = 0.205000 Performance = 29.2301 Constraint violation = 4.82178e-12
[2026-03-04 08:37:19.442] [cout] [info] time = 0.21 Performance = 28.9514 Constraint violation = 1.61624e-11
[2026-03-04 08:37:19.692] [cout] [info] time = 0.215 Performance = 28.6205 Constraint violation = 2.53287e-12
[2026-03-04 08:37:19.944] [cout] [info] time = 0.22 Performance = 28.2409 Constraint violation = 9.30232e-12
[2026-03-04 08:37:20.205] [cout] [info] time = 0.225 Performance = 27.8168 Constraint violation = 1.02574e-11
[2026-03-04 08:37:20.467] [cout] [info] time = 0.23 Performance = 27.3561 Constraint violation = 3.2994e-12
[2026-03-04 08:37:20.726] [cout] [info] time = 0.235 Performance = 26.8638 Constraint violation = 2.82241e-12
[2026-03-04 08:37:20.988] [cout] [info] time = 0.24 Performance = 26.3484 Constraint violation = 1.76648e-10
[2026-03-04 08:37:21.248] [cout] [info] time = 0.245 Performance = 25.8167 Constraint violation = 2.21482e-12
[2026-03-04 08:37:21.509] [cout] [info] time = 0.25 Performance = 25.2754 Constraint violation = 3.60479e-12
[2026-03-04 08:37:21.762] [cout] [info] time = 0.255 Performance = 24.7329 Constraint violation = 6.92661e-12
[2026-03-04 08:37:22.013] [cout] [info] time = 0.26 Performance = 24.1972 Constraint violation = 1.68683e-12
[2026-03-04 08:37:22.268] [cout] [info] time = 0.265 Performance = 23.6746 Constraint violation = 4.72157e-12
[2026-03-04 08:37:22.522] [cout] [info] time = 0.27 Performance = 23.1728 Constraint violation = 4.77473e-12
[2026-03-04 08:37:22.772] [cout] [info] time = 0.275 Performance = 22.6971 Constraint violation = 5.12319e-12
[2026-03-04 08:37:23.024] [cout] [info] time = 0.28 Performance = 22.2496 Constraint violation = 6.50430e-12
[2026-03-04 08:37:23.278] [cout] [info] time = 0.285 Performance = 21.8319 Constraint violation = 5.24839e-12
[2026-03-04 08:37:23.527] [cout] [info] time = 0.29 Performance = 21.4426 Constraint violation = 2.55626e-12
[2026-03-04 08:37:23.772] [cout] [info] time = 0.295 Performance = 21.08 Constraint violation = 2.81953e-12
[2026-03-04 08:37:24.103] [cout] [info] time = 0.3 Performance = 20.741 Constraint violation = 4.25916e-12
[2026-03-04 08:37:24.349] [cout] [info] time = 0.305000 Performance = 20.4195 Constraint violation = 2.75713e-12
[2026-03-04 08:37:24.600] [cout] [info] time = 0.31 Performance = 20.1089 Constraint violation = 1.38451e-12
[2026-03-04 08:37:24.848] [cout] [info] time = 0.315 Performance = 19.8020 Constraint violation = 1.28613e-12
[2026-03-04 08:37:25.097] [cout] [info] time = 0.32 Performance = 19.4908 Constraint violation = 5.63743e-12
[2026-03-04 08:37:25.347] [cout] [info] time = 0.325 Performance = 19.1636 Constraint violation = 2.09112e-12
[2026-03-04 08:37:25.599] [cout] [info] time = 0.33 Performance = 18.8060 Constraint violation = 4.77497e-12
[2026-03-04 08:37:25.846] [cout] [info] time = 0.335 Performance = 18.4025 Constraint violation = 3.11894e-12
[2026-03-04 08:37:26.114] [cout] [info] time = 0.34 Performance = 17.9362 Constraint violation = 1.24751e-11
[2026-03-04 08:37:26.366] [cout] [info] time = 0.345 Performance = 17.3919 Constraint violation = 7.17213e-12
[2026-03-04 08:37:26.613] [cout] [info] time = 0.35 Performance = 16.7619 Constraint violation = 6.29599e-12
[2026-03-04 08:37:26.860] [cout] [info] time = 0.355 Performance = 16.0456 Constraint violation = 2.86123e-12
[2026-03-04 08:37:27.110] [cout] [info] time = 0.36 Performance = 15.251 Constraint violation = 2.436e-12
[2026-03-04 08:37:27.358] [cout] [info] time = 0.365 Performance = 14.3944 Constraint violation = 7.44097e-12
[2026-03-04 08:37:27.605] [cout] [info] time = 0.37 Performance = 13.4997 Constraint violation = 1.66052e-12
[2026-03-04 08:37:27.846] [cout] [info] time = 0.375 Performance = 12.5969 Constraint violation = 6.51644e-12
[2026-03-04 08:37:28.092] [cout] [info] time = 0.38 Performance = 11.7223 Constraint violation = 7.97878e-12
[2026-03-04 08:37:28.337] [cout] [info] time = 0.385 Performance = 10.9103 Constraint violation = 6.87798e-13
[2026-03-04 08:37:28.580] [cout] [info] time = 0.39 Performance = 10.1964 Constraint violation = 1.43289e-12
[2026-03-04 08:37:28.825] [cout] [info] time = 0.395 Performance = 9.61027 Constraint violation = 4.95896e-12
[2026-03-04 08:37:29.082] [cout] [info] time = 0.4 Performance = 9.18041 Constraint violation = 1.87853e-12
[2026-03-04 08:37:29.385] [cout] [info] time = 0.405000 Performance = 8.92585 Constraint violation = 2.31183e-11
[2026-03-04 08:37:29.678] [cout] [info] time = 0.41 Performance = 8.85978 Constraint violation = 4.15501e-11
[2026-03-04 08:37:29.956] [cout] [info] time = 0.415 Performance = 8.99518 Constraint violation = 2.44887e-11
[2026-03-04 08:37:30.221] [cout] [info] time = 0.42 Performance = 9.34415 Constraint violation = 4.86041e-11
[2026-03-04 08:37:30.502] [cout] [info] time = 0.425 Performance = 9.91905 Constraint violation = 2.13372e-11
[2026-03-04 08:37:30.771] [cout] [info] time = 0.43 Performance = 10.7345 Constraint violation = 1.99346e-12
[2026-03-04 08:37:31.024] [cout] [info] time = 0.435 Performance = 11.8034 Constraint violation = 1.58023e-12
[2026-03-04 08:37:31.266] [cout] [info] time = 0.44 Performance = 13.1437 Constraint violation = 3.67447e-11
[2026-03-04 08:37:31.511] [cout] [info] time = 0.445 Performance = 14.7734 Constraint violation = 1.0825e-12
[2026-03-04 08:37:31.749] [cout] [info] time = 0.45 Performance = 16.7048 Constraint violation = 2.6163e-12
[2026-03-04 08:37:31.989] [cout] [info] time = 0.455 Performance = 18.9497 Constraint violation = 1.26904e-12
[2026-03-04 08:37:32.242] [cout] [info] time = 0.46 Performance = 21.5173 Constraint violation = 1.54028e-12
[2026-03-04 08:37:32.492] [cout] [info] time = 0.465 Performance = 24.4131 Constraint violation = 5.88981e-11
[2026-03-04 08:37:32.731] [cout] [info] time = 0.47 Performance = 27.6377 Constraint violation = 1.20482e-11
[2026-03-04 08:37:32.976] [cout] [info] time = 0.475 Performance = 31.1838 Constraint violation = 1.04859e-11
[2026-03-04 08:37:33.213] [cout] [info] time = 0.48 Performance = 35.0373 Constraint violation = 2.25711e-11
[2026-03-04 08:37:33.458] [cout] [info] time = 0.485 Performance = 39.1757 Constraint violation = 8.03684e-12
[2026-03-04 08:37:33.692] [cout] [info] time = 0.49 Performance = 43.5676 Constraint violation = 8.74078e-12
[2026-03-04 08:37:33.932] [cout] [info] time = 0.495 Performance = 48.1732 Constraint violation = 1.80137e-12
[2026-03-04 08:37:34.173] [cout] [info] time = 0.5 Performance = 52.9462 Constraint violation = 3.5278e-11
[2026-03-04 08:37:34.413] [cout] [info] time = 0.505000 Performance = 57.8342 Constraint violation = 9.79112e-12
[2026-03-04 08:37:34.660] [cout] [info] time = 0.51 Performance = 62.7808 Constraint violation = 3.99463e-10
[2026-03-04 08:37:34.902] [cout] [info] time = 0.515 Performance = 67.7277 Constraint violation = 8.50613e-10
[2026-03-04 08:37:35.160] [cout] [info] time = 0.52 Performance = 72.612 Constraint violation = 9.4848e-11
[2026-03-04 08:37:35.403] [cout] [info] time = 0.525 Performance = 77.3626 Constraint violation = 2.4923e-12
[2026-03-04 08:37:35.641] [cout] [info] time = 0.53 Performance = 81.9 Constraint violation = 3.385e-11
[2026-03-04 08:37:35.872] [cout] [info] time = 0.535 Performance = 86.1393 Constraint violation = 9.99276e-12
[2026-03-04 08:37:36.104] [cout] [info] time = 0.54 Performance = 90.0 Constraint violation = 1.32747e-10
[2026-03-04 08:37:36.337] [cout] [info] time = 0.545 Performance = 93.4155 Constraint violation = 4.61231e-11
[2026-03-04 08:37:36.567] [cout] [info] time = 0.55 Performance = 96.3392 Constraint violation = 5.96917e-12
[2026-03-04 08:37:36.800] [cout] [info] time = 0.555 Performance = 98.7426 Constraint violation = 2.38094e-11
[2026-03-04 08:37:37.031] [cout] [info] time = 0.56 Performance = 100.613 Constraint violation = 1.54744e-12
[2026-03-04 08:37:37.269] [cout] [info] time = 0.565 Performance = 101.949 Constraint violation = 4.55661e-11
[2026-03-04 08:37:37.501] [cout] [info] time = 0.57 Performance = 102.76 Constraint violation = 1.23675e-10
[2026-03-04 08:37:37.736] [cout] [info] time = 0.575 Performance = 103.076 Constraint violation = 2.6195e-11
[2026-03-04 08:37:37.967] [cout] [info] time = 0.58 Performance = 102.939 Constraint violation = 3.27878e-11
[2026-03-04 08:37:38.198] [cout] [info] time = 0.585 Performance = 102.395 Constraint violation = 5.80920e-11
[2026-03-04 08:37:38.437] [cout] [info] time = 0.59 Performance = 101.481 Constraint violation = 2.28769e-11
[2026-03-04 08:37:38.666] [cout] [info] time = 0.595 Performance = 100.226 Constraint violation = 1.2549e-10
[2026-03-04 08:37:38.897] [cout] [info] time = 0.6 Performance = 98.6538 Constraint violation = 3.76593e-12
[2026-03-04 08:37:39.126] [cout] [info] time = 0.605000 Performance = 96.7948 Constraint violation = 1.94966e-11
[2026-03-04 08:37:39.358] [cout] [info] time = 0.61 Performance = 94.6869 Constraint violation = 1.14861e-10
[2026-03-04 08:37:39.585] [cout] [info] time = 0.615 Performance = 92.3749 Constraint violation = 6.36012e-11
[2026-03-04 08:37:39.815] [cout] [info] time = 0.62 Performance = 89.9038 Constraint violation = 1.41416e-10
[2026-03-04 08:37:40.046] [cout] [info] time = 0.625 Performance = 87.3128 Constraint violation = 4.57425e-11
[2026-03-04 08:37:40.278] [cout] [info] time = 0.63 Performance = 84.6378 Constraint violation = 2.19239e-10
[2026-03-04 08:37:40.510] [cout] [info] time = 0.635 Performance = 81.9152 Constraint violation = 1.05268e-10
[2026-03-04 08:37:40.738] [cout] [info] time = 0.64 Performance = 79.183 Constraint violation = 6.07576e-11
[2026-03-04 08:37:40.974] [cout] [info] time = 0.645 Performance = 76.4812 Constraint violation = 1.52506e-10
[2026-03-04 08:37:41.206] [cout] [info] time = 0.65 Performance = 73.8543 Constraint violation = 9.19072e-12
[2026-03-04 08:37:41.438] [cout] [info] time = 0.655 Performance = 71.3504 Constraint violation = 2.79803e-11
[2026-03-04 08:37:41.663] [cout] [info] time = 0.66 Performance = 69.0177 Constraint violation = 2.16669e-11
[2026-03-04 08:37:41.891] [cout] [info] time = 0.665 Performance = 66.9004 Constraint violation = 2.07734e-10
[2026-03-04 08:37:42.116] [cout] [info] time = 0.67 Performance = 65.0386 Constraint violation = 1.51807e-11
[2026-03-04 08:37:42.345] [cout] [info] time = 0.675 Performance = 63.4677 Constraint violation = 2.53577e-11
[2026-03-04 08:37:42.573] [cout] [info] time = 0.68 Performance = 62.2165 Constraint violation = 1.235e-10
[2026-03-04 08:37:42.802] [cout] [info] time = 0.685 Performance = 61.3053 Constraint violation = 1.07117e-12
[2026-03-04 08:37:43.031] [cout] [info] time = 0.69 Performance = 60.7427 Constraint violation = 1.17433e-10
[2026-03-04 08:37:43.258] [cout] [info] time = 0.695 Performance = 60.5231 Constraint violation = 3.99687e-12
[2026-03-04 08:37:43.484] [cout] [info] time = 0.7 Performance = 60.6288 Constraint violation = 5.26409e-12
[2026-03-04 08:37:43.710] [cout] [info] time = 0.705000 Performance = 61.0341 Constraint violation = 8.67482e-12
[2026-03-04 08:37:43.938] [cout] [info] time = 0.71 Performance = 61.7103 Constraint violation = 2.10868e-12
[2026-03-04 08:37:44.167] [cout] [info] time = 0.715 Performance = 62.6276 Constraint violation = 9.24058e-12
[2026-03-04 08:37:44.403] [cout] [info] time = 0.72 Performance = 63.7531 Constraint violation = 2.4246e-12
[2026-03-04 08:37:44.642] [cout] [info] time = 0.725 Performance = 65.0501 Constraint violation = 1.39739e-11
[2026-03-04 08:37:44.869] [cout] [info] time = 0.73 Performance = 66.4805 Constraint violation = 2.85487e-12
[2026-03-04 08:37:45.098] [cout] [info] time = 0.735 Performance = 68.01 Constraint violation = 1.76793e-12
[2026-03-04 08:37:45.328] [cout] [info] time = 0.74 Performance = 69.611 Constraint violation = 3.14912e-12
[2026-03-04 08:37:45.557] [cout] [info] time = 0.745 Performance = 71.2586 Constraint violation = 9.97478e-12
[2026-03-04 08:37:45.789] [cout] [info] time = 0.75 Performance = 72.9273 Constraint violation = 3.55123e-12
[2026-03-04 08:37:46.016] [cout] [info] time = 0.755 Performance = 74.5983 Constraint violation = 2.64368e-12
[2026-03-04 08:37:46.247] [cout] [info] time = 0.76 Performance = 76.2706 Constraint violation = 3.7524e-11
[2026-03-04 08:37:46.476] [cout] [info] time = 0.765 Performance = 77.9629 Constraint violation = 1.92608e-11
[2026-03-04 08:37:46.703] [cout] [info] time = 0.77 Performance = 79.7015 Constraint violation = 7.64531e-11
[2026-03-04 08:37:46.936] [cout] [info] time = 0.775 Performance = 81.5114 Constraint violation = 1.93706e-11
[2026-03-04 08:37:47.164] [cout] [info] time = 0.78 Performance = 83.4084 Constraint violation = 2.71488e-11
[2026-03-04 08:37:47.394] [cout] [info] time = 0.785 Performance = 85.4010 Constraint violation = 4.39724e-11
[2026-03-04 08:37:47.657] [cout] [info] time = 0.79 Performance = 87.4893 Constraint violation = 7.60236e-12
[2026-03-04 08:37:47.894] [cout] [info] time = 0.795 Performance = 89.6644 Constraint violation = 8.08473e-12
[2026-03-04 08:37:48.124] [cout] [info] time = 0.8 Performance = 91.9095 Constraint violation = 5.7869e-12
[2026-03-04 08:37:48.359] [cout] [info] time = 0.805000 Performance = 94.2035 Constraint violation = 6.18256e-12
[2026-03-04 08:37:48.592] [cout] [info] time = 0.81 Performance = 96.5239 Constraint violation = 6.63072e-11
[2026-03-04 08:37:48.822] [cout] [info] time = 0.815 Performance = 98.8478 Constraint violation = 3.08114e-11
[2026-03-04 08:37:49.054] [cout] [info] time = 0.82 Performance = 101.152 Constraint violation = 3.9731e-11
[2026-03-04 08:37:49.284] [cout] [info] time = 0.825 Performance = 103.416 Constraint violation = 1.35342e-11
[2026-03-04 08:37:49.517] [cout] [info] time = 0.83 Performance = 105.624 Constraint violation = 1.62768e-11
[2026-03-04 08:37:49.745] [cout] [info] time = 0.835 Performance = 107.768 Constraint violation = 2.40215e-12
[2026-03-04 08:37:49.976] [cout] [info] time = 0.84 Performance = 109.845 Constraint violation = 1.23783e-11
[2026-03-04 08:37:50.208] [cout] [info] time = 0.845 Performance = 111.854 Constraint violation = 2.514e-11
[2026-03-04 08:37:50.443] [cout] [info] time = 0.85 Performance = 113.795 Constraint violation = 1.28176e-11
[2026-03-04 08:37:50.673] [cout] [info] time = 0.855 Performance = 115.676 Constraint violation = 1.64258e-11
[2026-03-04 08:37:50.910] [cout] [info] time = 0.86 Performance = 117.499 Constraint violation = 4.37871e-12
[2026-03-04 08:37:51.147] [cout] [info] time = 0.865 Performance = 119.276 Constraint violation = 1.88301e-11
[2026-03-04 08:37:51.382] [cout] [info] time = 0.87 Performance = 121.026 Constraint violation = 4.12292e-12
[2026-03-04 08:37:51.612] [cout] [info] time = 0.875 Performance = 122.763 Constraint violation = 2.96361e-11
[2026-03-04 08:37:51.844] [cout] [info] time = 0.88 Performance = 124.501 Constraint violation = 4.58042e-11
[2026-03-04 08:37:52.075] [cout] [info] time = 0.885 Performance = 126.252 Constraint violation = 2.57777e-11
[2026-03-04 08:37:52.304] [cout] [info] time = 0.89 Performance = 128.025 Constraint violation = 9.42585e-12
[2026-03-04 08:37:52.535] [cout] [info] time = 0.895 Performance = 129.829 Constraint violation = 1.25020e-11
[2026-03-04 08:37:52.765] [cout] [info] time = 0.9 Performance = 131.667 Constraint violation = 5.23088e-11
[2026-03-04 08:37:52.995] [cout] [info] time = 0.905000 Performance = 133.542 Constraint violation = 5.09864e-11
[2026-03-04 08:37:53.226] [cout] [info] time = 0.91 Performance = 135.444 Constraint violation = 9.40743e-12
[2026-03-04 08:37:53.457] [cout] [info] time = 0.915 Performance = 137.358 Constraint violation = 5.00366e-11
[2026-03-04 08:37:53.683] [cout] [info] time = 0.92 Performance = 139.267 Constraint violation = 2.80369e-11
[2026-03-04 08:37:53.916] [cout] [info] time = 0.925 Performance = 141.156 Constraint violation = 2.41763e-11
[2026-03-04 08:37:54.149] [cout] [info] time = 0.93 Performance = 143.004 Constraint violation = 2.29537e-11
[2026-03-04 08:37:54.384] [cout] [info] time = 0.935 Performance = 144.789 Constraint violation = 7.78584e-11
[2026-03-04 08:37:54.617] [cout] [info] time = 0.94 Performance = 146.491 Constraint violation = 1.20430e-10
[2026-03-04 08:37:54.851] [cout] [info] time = 0.945 Performance = 148.092 Constraint violation = 6.86685e-11
[2026-03-04 08:37:55.086] [cout] [info] time = 0.95 Performance = 149.584 Constraint violation = 5.08849e-11
[2026-03-04 08:37:55.323] [cout] [info] time = 0.955 Performance = 150.957 Constraint violation = 6.62119e-11
[2026-03-04 08:37:55.559] [cout] [info] time = 0.96 Performance = 152.199 Constraint violation = 2.71248e-11
[2026-03-04 08:37:55.794] [cout] [info] time = 0.965 Performance = 153.308 Constraint violation = 8.81251e-11
[2026-03-04 08:37:56.030] [cout] [info] time = 0.97 Performance = 154.287 Constraint violation = 6.06039e-12
[2026-03-04 08:37:56.266] [cout] [info] time = 0.975 Performance = 155.148 Constraint violation = 2.19708e-11
[2026-03-04 08:37:56.504] [cout] [info] time = 0.98 Performance = 155.91 Constraint violation = 8.44704e-12
[2026-03-04 08:37:56.735] [cout] [info] time = 0.985 Performance = 156.596 Constraint violation = 1.08536e-11
[2026-03-04 08:37:56.972] [cout] [info] time = 0.99 Performance = 157.227 Constraint violation = 1.44697e-11
[2026-03-04 08:37:57.208] [cout] [info] time = 0.995 Performance = 157.819 Constraint violation = 4.68612e-11
[2026-03-04 08:37:57.447] [cout] [info] time = 1.0 Performance = 158.384 Constraint violation = 5.66245e-11
[2026-03-04 08:37:57.680] [cout] [info] time = 1.00500 Performance = 158.924 Constraint violation = 2.8635e-11
[2026-03-04 08:37:57.915] [cout] [info] time = 1.01 Performance = 159.433 Constraint violation = 6.63332e-11
[2026-03-04 08:37:58.150] [cout] [info] time = 1.015 Performance = 159.896 Constraint violation = 6.79387e-12
[2026-03-04 08:37:58.391] [cout] [info] time = 1.02 Performance = 160.29 Constraint violation = 1.12518e-11
[2026-03-04 08:37:58.627] [cout] [info] time = 1.025 Performance = 160.59 Constraint violation = 4.34329e-12
[2026-03-04 08:37:58.861] [cout] [info] time = 1.03 Performance = 160.765 Constraint violation = 1.24484e-10
[2026-03-04 08:37:59.095] [cout] [info] time = 1.035 Performance = 160.788 Constraint violation = 5.68517e-12
[2026-03-04 08:37:59.336] [cout] [info] time = 1.04 Performance = 160.628 Constraint violation = 3.60636e-11
[2026-03-04 08:37:59.574] [cout] [info] time = 1.045 Performance = 160.263 Constraint violation = 7.1128e-11
[2026-03-04 08:37:59.811] [cout] [info] time = 1.05 Performance = 159.682 Constraint violation = 4.96931e-11
[2026-03-04 08:38:00.059] [cout] [info] time = 1.055 Performance = 158.89 Constraint violation = 1.46006e-10
[2026-03-04 08:38:00.351] [cout] [info] time = 1.06 Performance = 157.908 Constraint violation = 9.7375e-11
[2026-03-04 08:38:00.586] [cout] [info] time = 1.065 Performance = 156.768 Constraint violation = 1.40819e-10
[2026-03-04 08:38:00.816] [cout] [info] time = 1.07 Performance = 155.504 Constraint violation = 1.24739e-10
[2026-03-04 08:38:01.057] [cout] [info] time = 1.075 Performance = 154.157 Constraint violation = 1.23069e-10
[2026-03-04 08:38:01.294] [cout] [info] time = 1.08 Performance = 152.773 Constraint violation = 3.88483e-11
[2026-03-04 08:38:01.536] [cout] [info] time = 1.085 Performance = 151.398 Constraint violation = 1.96179e-11
[2026-03-04 08:38:01.768] [cout] [info] time = 1.09 Performance = 150.07 Constraint violation = 8.36047e-11
[2026-03-04 08:38:02.002] [cout] [info] time = 1.095 Performance = 148.819 Constraint violation = 3.52007e-11
[2026-03-04 08:38:02.242] [cout] [info] time = 1.1 Performance = 147.668 Constraint violation = 4.82977e-11
[2026-03-04 08:38:02.480] [cout] [info] time = 1.10500 Performance = 146.622 Constraint violation = 1.18352e-10
[2026-03-04 08:38:02.717] [cout] [info] time = 1.11 Performance = 145.675 Constraint violation = 1.35201e-10
[2026-03-04 08:38:02.959] [cout] [info] time = 1.115 Performance = 144.816 Constraint violation = 3.27926e-12
[2026-03-04 08:38:03.198] [cout] [info] time = 1.12 Performance = 144.031 Constraint violation = 5.37028e-11
[2026-03-04 08:38:03.438] [cout] [info] time = 1.125 Performance = 143.302 Constraint violation = 6.92459e-11
[2026-03-04 08:38:03.673] [cout] [info] time = 1.13 Performance = 142.612 Constraint violation = 8.37886e-11
[2026-03-04 08:38:03.911] [cout] [info] time = 1.135 Performance = 141.952 Constraint violation = 2.81296e-10
[2026-03-04 08:38:04.150] [cout] [info] time = 1.14 Performance = 141.313 Constraint violation = 1.50978e-11
[2026-03-04 08:38:04.388] [cout] [info] time = 1.145 Performance = 140.695 Constraint violation = 1.07393e-10
[2026-03-04 08:38:04.628] [cout] [info] time = 1.15 Performance = 140.101 Constraint violation = 4.02477e-11
[2026-03-04 08:38:04.868] [cout] [info] time = 1.155 Performance = 139.537 Constraint violation = 2.93185e-11
[2026-03-04 08:38:05.104] [cout] [info] time = 1.16 Performance = 139.016 Constraint violation = 3.23851e-11
[2026-03-04 08:38:05.350] [cout] [info] time = 1.165 Performance = 138.551 Constraint violation = 8.94414e-11
[2026-03-04 08:38:05.591] [cout] [info] time = 1.17 Performance = 138.156 Constraint violation = 3.05262e-12
[2026-03-04 08:38:05.833] [cout] [info] time = 1.175 Performance = 137.846 Constraint violation = 4.06325e-11
[2026-03-04 08:38:06.072] [cout] [info] time = 1.18 Performance = 137.63 Constraint violation = 3.25399e-11
[2026-03-04 08:38:06.314] [cout] [info] time = 1.185 Performance = 137.519 Constraint violation = 2.41208e-11
[2026-03-04 08:38:06.557] [cout] [info] time = 1.19 Performance = 137.522 Constraint violation = 2.88362e-11
[2026-03-04 08:38:06.800] [cout] [info] time = 1.195 Performance = 137.649 Constraint violation = 3.64821e-12
[2026-03-04 08:38:07.043] [cout] [info] time = 1.2 Performance = 137.907 Constraint violation = 9.34514e-11
[2026-03-04 08:38:07.315] [cout] [info] time = 1.20500 Performance = 138.303 Constraint violation = 3.93648e-12
[2026-03-04 08:38:07.561] [cout] [info] time = 1.21 Performance = 138.839 Constraint violation = 3.73174e-12
[2026-03-04 08:38:07.802] [cout] [info] time = 1.215 Performance = 139.509 Constraint violation = 1.56559e-11
[2026-03-04 08:38:08.045] [cout] [info] time = 1.22 Performance = 140.31 Constraint violation = 2.44984e-12
[2026-03-04 08:38:08.293] [cout] [info] time = 1.225 Performance = 141.243 Constraint violation = 3.24401e-11
[2026-03-04 08:38:08.541] [cout] [info] time = 1.23 Performance = 142.311 Constraint violation = 3.07976e-11
[2026-03-04 08:38:08.786] [cout] [info] time = 1.235 Performance = 143.519 Constraint violation = 1.35665e-11
[2026-03-04 08:38:09.033] [cout] [info] time = 1.24 Performance = 144.868 Constraint violation = 5.95541e-12
[2026-03-04 08:38:09.285] [cout] [info] time = 1.245 Performance = 146.359 Constraint violation = 2.35794e-11
[2026-03-04 08:38:09.534] [cout] [info] time = 1.25 Performance = 147.993 Constraint violation = 1.49839e-12
[2026-03-04 08:38:09.781] [cout] [info] time = 1.255 Performance = 149.774 Constraint violation = 4.8713e-12
[2026-03-04 08:38:10.033] [cout] [info] time = 1.26 Performance = 151.7 Constraint violation = 2.28234e-10
[2026-03-04 08:38:10.290] [cout] [info] time = 1.265 Performance = 153.772 Constraint violation = 1.74087e-11
[2026-03-04 08:38:10.541] [cout] [info] time = 1.27 Performance = 155.996 Constraint violation = 1.43383e-11
[2026-03-04 08:38:10.787] [cout] [info] time = 1.275 Performance = 158.384 Constraint violation = 6.41677e-11
[2026-03-04 08:38:11.037] [cout] [info] time = 1.28 Performance = 160.94 Constraint violation = 1.04224e-11
[2026-03-04 08:38:11.292] [cout] [info] time = 1.285 Performance = 163.661 Constraint violation = 3.00760e-11
[2026-03-04 08:38:11.551] [cout] [info] time = 1.29 Performance = 166.544 Constraint violation = 5.16234e-11
[2026-03-04 08:38:11.801] [cout] [info] time = 1.295 Performance = 169.587 Constraint violation = 1.12511e-11
[2026-03-04 08:38:12.052] [cout] [info] time = 1.3 Performance = 172.781 Constraint violation = 2.66901e-10
[2026-03-04 08:38:12.310] [cout] [info] time = 1.30500 Performance = 176.104 Constraint violation = 1.46462e-10
[2026-03-04 08:38:12.566] [cout] [info] time = 1.31 Performance = 179.536 Constraint violation = 1.23383e-11
[2026-03-04 08:38:12.819] [cout] [info] time = 1.315 Performance = 183.031 Constraint violation = 9.99208e-12
[2026-03-04 08:38:13.077] [cout] [info] time = 1.32 Performance = 186.56 Constraint violation = 2.93598e-11
[2026-03-04 08:38:13.334] [cout] [info] time = 1.325 Performance = 190.094 Constraint violation = 1.48222e-11
[2026-03-04 08:38:13.591] [cout] [info] time = 1.33 Performance = 193.605 Constraint violation = 1.04115e-10
[2026-03-04 08:38:13.845] [cout] [info] time = 1.335 Performance = 197.064 Constraint violation = 1.46978e-12
[2026-03-04 08:38:14.097] [cout] [info] time = 1.34 Performance = 200.446 Constraint violation = 4.16444e-12
[2026-03-04 08:38:14.354] [cout] [info] time = 1.345 Performance = 203.732 Constraint violation = 7.30717e-11
[2026-03-04 08:38:14.610] [cout] [info] time = 1.35 Performance = 207.061 Constraint violation = 1.09167e-10
[2026-03-04 08:38:14.865] [cout] [info] time = 1.355 Performance = 210.821 Constraint violation = 6.32808e-11
[2026-03-04 08:38:16.589] [warning] SimTK Exception thrown at InteriorPointOptimizer.cpp:264:
  Optimizer failed: Ipopt: Maximum iterations exceeded (status -1)
[2026-03-04 08:38:16.591] [warning] OPTIMIZATION FAILED...
[2026-03-04 08:38:16.591] [warning] StaticOptimization.record: The optimizer could not find a solution at time = 1.36.
[2026-03-04 08:38:16.591] [warning] The model appears too weak for static optimization.
Try increasing the strength and/or range of the following force(s):
   addmagDist_r approaching upper bound of 1
   addmagMid_r approaching upper bound of 1
   addmagProx_r approaching upper bound of 1
   bflh_r approaching upper bound of 1
   glmax3_r approaching upper bound of 1
   psoas_r approaching upper bound of 1
   sart_r approaching upper bound of 1
   vasint_r approaching upper bound of 1
   vaslat_r approaching upper bound of 1
   vasmed_r approaching upper bound of 1
   addmagDist_l approaching upper bound of 1
   addmagMid_l approaching upper bound of 1
   addmagProx_l approaching upper bound of 1
   bflh_l approaching upper bound of 1
   fdl_l approaching upper bound of 1
   fhl_l approaching upper bound of 1
   gaslat_l approaching upper bound of 1
   glmax3_l approaching upper bound of 1
   psoas_l approaching upper bound of 1
   sart_l approaching upper bound of 1
   semimem_l approaching upper bound of 1
   soleus_l approaching upper bound of 1
   tibpost_l approaching upper bound of 1
   hip_adduction_r_reserve approaching lower bound of -1
   hip_rotation_r_reserve approaching lower bound of -1
   knee_angle_r_reserve approaching lower bound of -1
   hip_flexion_l_reserve approaching lower bound of -1
   hip_adduction_l_reserve approaching lower bound of -1
   hip_rotation_l_reserve approaching lower bound of -1
   ankle_angle_l_reserve approaching upper bound of 1

[2026-03-04 08:38:16.592] [cout] [info] time = 1.36 Performance = 2807.77 Constraint violation = 2925.06
[2026-03-04 08:38:17.831] [warning] SimTK Exception thrown at InteriorPointOptimizer.cpp:264:
  Optimizer failed: Ipopt: Maximum iterations exceeded (status -1)
[2026-03-04 08:38:17.831] [warning] OPTIMIZATION FAILED...
[2026-03-04 08:38:17.832] [warning] StaticOptimization.record: The optimizer could not find a solution at time = 1.365.
[2026-03-04 08:38:17.832] [warning] The model appears too weak for static optimization.
Try increasing the strength and/or range of the following force(s):
   addmagDist_l approaching upper bound of 1
   addmagMid_l approaching upper bound of 1
   addmagProx_l approaching upper bound of 1
   bflh_l approaching upper bound of 1
   glmax3_l approaching upper bound of 1
   grac_l approaching upper bound of 1
   psoas_l approaching upper bound of 1
   sart_l approaching upper bound of 1
   hip_rotation_r_reserve approaching lower bound of -1
   hip_adduction_l_reserve approaching lower bound of -1
   hip_rotation_l_reserve approaching lower bound of -1

[2026-03-04 08:38:17.832] [cout] [info] time = 1.365 Performance = 212.267 Constraint violation = 2.17741
[2026-03-04 08:38:19.559] [warning] SimTK Exception thrown at InteriorPointOptimizer.cpp:264:
  Optimizer failed: Ipopt: Maximum iterations exceeded (status -1)
[2026-03-04 08:38:19.559] [warning] OPTIMIZATION FAILED...
[2026-03-04 08:38:19.559] [warning] StaticOptimization.record: The optimizer could not find a solution at time = 1.37.
[2026-03-04 08:38:19.559] [warning] The model appears too weak for static optimization.
Try increasing the strength and/or range of the following force(s):
   vaslat_r approaching upper bound of 1
   addmagDist_l approaching upper bound of 1
   addmagMid_l approaching upper bound of 1
   addmagProx_l approaching upper bound of 1
   bflh_l approaching upper bound of 1
   glmax3_l approaching upper bound of 1
   grac_l approaching upper bound of 1
   psoas_l approaching upper bound of 1
   sart_l approaching upper bound of 1
   tibpost_l approaching upper bound of 1
   hip_adduction_r_reserve approaching lower bound of -1
   hip_rotation_r_reserve approaching lower bound of -1
   knee_angle_r_reserve approaching lower bound of -1
   hip_adduction_l_reserve approaching lower bound of -1
   hip_rotation_l_reserve approaching lower bound of -1

[2026-03-04 08:38:19.560] [cout] [info] time = 1.37 Performance = 151.553 Constraint violation = 6161.34
[2026-03-04 08:38:21.227] [warning] SimTK Exception thrown at InteriorPointOptimizer.cpp:264:
  Optimizer failed: Ipopt: Maximum iterations exceeded (status -1)
[2026-03-04 08:38:21.227] [warning] OPTIMIZATION FAILED...
[2026-03-04 08:38:21.227] [warning] StaticOptimization.record: The optimizer could not find a solution at time = 1.375.
[2026-03-04 08:38:21.228] [warning] The model appears too weak for static optimization.
Try increasing the strength and/or range of the following force(s):
   fhl_r approaching upper bound of 1
   gaslat_r approaching upper bound of 1
   gasmed_r approaching upper bound of 1
   soleus_r approaching upper bound of 1
   tibpost_r approaching upper bound of 1
   vaslat_r approaching upper bound of 1
   vasmed_r approaching upper bound of 1
   addmagDist_l approaching upper bound of 1
   addmagMid_l approaching upper bound of 1
   addmagProx_l approaching upper bound of 1
   bflh_l approaching upper bound of 1
   fhl_l approaching upper bound of 1
   glmax3_l approaching upper bound of 1
   grac_l approaching upper bound of 1
   psoas_l approaching upper bound of 1
   sart_l approaching upper bound of 1
   semimem_l approaching upper bound of 1
   tibpost_l approaching upper bound of 1
   hip_rotation_r_reserve approaching lower bound of -1
   knee_angle_r_reserve approaching lower bound of -1
   ankle_angle_r_reserve approaching lower bound of -1
   hip_flexion_l_reserve approaching upper bound of 1
   hip_adduction_l_reserve approaching lower bound of -1
   hip_rotation_l_reserve approaching lower bound of -1

[2026-03-04 08:38:21.228] [cout] [info] time = 1.375 Performance = 34602.3 Constraint violation = 90027.1
[2026-03-04 08:38:23.375] [warning] SimTK Exception thrown at InteriorPointOptimizer.cpp:264:
  Optimizer failed: Ipopt: Maximum iterations exceeded (status -1)
[2026-03-04 08:38:23.376] [warning] OPTIMIZATION FAILED...
[2026-03-04 08:38:23.376] [warning] StaticOptimization.record: The optimizer could not find a solution at time = 1.38.
[2026-03-04 08:38:23.376] [warning] The model appears too weak for static optimization.
Try increasing the strength and/or range of the following force(s):
   addmagProx_r approaching upper bound of 1
   psoas_r approaching upper bound of 1
   addmagDist_l approaching upper bound of 1
   addmagMid_l approaching upper bound of 1
   addmagProx_l approaching upper bound of 1
   bflh_l approaching upper bound of 1
   glmax3_l approaching upper bound of 1
   grac_l approaching upper bound of 1
   psoas_l approaching upper bound of 1
   sart_l approaching upper bound of 1
   semimem_l approaching upper bound of 1
   hip_rotation_r_reserve approaching lower bound of -1
   hip_adduction_l_reserve approaching lower bound of -1
   hip_rotation_l_reserve approaching lower bound of -1

[2026-03-04 08:38:23.376] [cout] [info] time = 1.38 Performance = 19.1246 Constraint violation = 491.388
[2026-03-04 08:38:25.082] [warning] SimTK Exception thrown at InteriorPointOptimizer.cpp:264:
  Optimizer failed: Ipopt: Maximum iterations exceeded (status -1)
[2026-03-04 08:38:25.082] [warning] OPTIMIZATION FAILED...
[2026-03-04 08:38:25.082] [warning] StaticOptimization.record: The optimizer could not find a solution at time = 1.385.
[2026-03-04 08:38:25.082] [warning] The model appears too weak for static optimization.
Try increasing the strength and/or range of the following force(s):
   addmagDist_l approaching upper bound of 1
   addmagMid_l approaching upper bound of 1
   addmagProx_l approaching upper bound of 1
   bflh_l approaching upper bound of 1
   glmax3_l approaching upper bound of 1
   grac_l approaching upper bound of 1
   psoas_l approaching upper bound of 1
   sart_l approaching upper bound of 1
   hip_adduction_l_reserve approaching lower bound of -1
   hip_rotation_l_reserve approaching lower bound of -1

[2026-03-04 08:38:25.083] [cout] [info] time = 1.385 Performance = 64.9019 Constraint violation = 535.653
[2026-03-04 08:38:27.068] [warning] SimTK Exception thrown at InteriorPointOptimizer.cpp:264:
  Optimizer failed: Ipopt: Maximum iterations exceeded (status -1)
[2026-03-04 08:38:27.068] [warning] OPTIMIZATION FAILED...
[2026-03-04 08:38:27.069] [warning] StaticOptimization.record: The optimizer could not find a solution at time = 1.39.
[2026-03-04 08:38:27.069] [warning] The model appears too weak for static optimization.
Try increasing the strength and/or range of the following force(s):
   addmagDist_r approaching upper bound of 1
   addmagMid_r approaching upper bound of 1
   addmagProx_r approaching upper bound of 1
   bflh_r approaching upper bound of 1
   edl_r approaching upper bound of 1
   ehl_r approaching upper bound of 1
   glmax3_r approaching upper bound of 1
   perbrev_r approaching upper bound of 1
   perlong_r approaching upper bound of 1
   psoas_r approaching upper bound of 1
   sart_r approaching upper bound of 1
   tibant_r approaching upper bound of 1
   vasint_r approaching upper bound of 1
   vaslat_r approaching upper bound of 1
   vasmed_r approaching upper bound of 1
   addmagDist_l approaching upper bound of 1
   addmagMid_l approaching upper bound of 1
   addmagProx_l approaching upper bound of 1
   bflh_l approaching upper bound of 1
   fdl_l approaching upper bound of 1
   fhl_l approaching upper bound of 1
   glmax3_l approaching upper bound of 1
   grac_l approaching upper bound of 1
   psoas_l approaching upper bound of 1
   sart_l approaching upper bound of 1
   semimem_l approaching upper bound of 1
   soleus_l approaching upper bound of 1
   tibpost_l approaching upper bound of 1
   vaslat_l approaching upper bound of 1
   hip_flexion_r_reserve approaching lower bound of -1
   hip_adduction_r_reserve approaching lower bound of -1
   hip_rotation_r_reserve approaching lower bound of -1
   knee_angle_r_reserve approaching lower bound of -1
   ankle_angle_r_reserve approaching upper bound of 1
   hip_flexion_l_reserve approaching upper bound of 1
   hip_adduction_l_reserve approaching lower bound of -1
   hip_rotation_l_reserve approaching lower bound of -1
   ankle_angle_l_reserve approaching upper bound of 1

[2026-03-04 08:38:27.069] [cout] [info] time = 1.39 Performance = 193.827 Constraint violation = 13202.4
[2026-03-04 08:38:28.858] [warning] SimTK Exception thrown at InteriorPointOptimizer.cpp:264:
  Optimizer failed: Ipopt: Maximum iterations exceeded (status -1)
[2026-03-04 08:38:28.859] [warning] OPTIMIZATION FAILED...
[2026-03-04 08:38:28.859] [warning] StaticOptimization.record: The optimizer could not find a solution at time = 1.395.
[2026-03-04 08:38:28.859] [warning] The model appears too weak for static optimization.
Try increasing the strength and/or range of the following force(s):
   addmagDist_r approaching upper bound of 1
   addmagIsch_r approaching upper bound of 1
   addmagMid_r approaching upper bound of 1
   addmagProx_r approaching upper bound of 1
   bflh_r approaching upper bound of 1
   edl_r approaching upper bound of 1
   ehl_r approaching upper bound of 1
   glmax3_r approaching upper bound of 1
   perbrev_r approaching upper bound of 1
   perlong_r approaching upper bound of 1
   recfem_r approaching upper bound of 1
   tibant_r approaching upper bound of 1
   vasint_r approaching upper bound of 1
   vaslat_r approaching upper bound of 1
   vasmed_r approaching upper bound of 1
   addmagDist_l approaching upper bound of 1
   addmagMid_l approaching upper bound of 1
   addmagProx_l approaching upper bound of 1
   bflh_l approaching upper bound of 1
   fdl_l approaching upper bound of 1
   fhl_l approaching upper bound of 1
   gaslat_l approaching upper bound of 1
   glmax3_l approaching upper bound of 1
   grac_l approaching upper bound of 1
   psoas_l approaching upper bound of 1
   sart_l approaching upper bound of 1
   semimem_l approaching upper bound of 1
   soleus_l approaching upper bound of 1
   tibpost_l approaching upper bound of 1
   vasint_l approaching upper bound of 1
   vaslat_l approaching upper bound of 1
   vasmed_l approaching upper bound of 1
   hip_flexion_r_reserve approaching lower bound of -1
   hip_adduction_r_reserve approaching lower bound of -1
   hip_rotation_r_reserve approaching lower bound of -1
   knee_angle_r_reserve approaching lower bound of -1
   ankle_angle_r_reserve approaching upper bound of 1
   hip_flexion_l_reserve approaching upper bound of 1
   hip_adduction_l_reserve approaching lower bound of -1
   hip_rotation_l_reserve approaching lower bound of -1
   knee_angle_l_reserve approaching lower bound of -1
   ankle_angle_l_reserve approaching upper bound of 1

[2026-03-04 08:38:28.860] [cout] [info] time = 1.395 Performance = 10924.8 Constraint violation = 23666.3
[2026-03-04 08:38:30.857] [warning] SimTK Exception thrown at InteriorPointOptimizer.cpp:264:
  Optimizer failed: Ipopt: Maximum iterations exceeded (status -1)
[2026-03-04 08:38:30.857] [warning] OPTIMIZATION FAILED...
[2026-03-04 08:38:30.858] [warning] StaticOptimization.record: The optimizer could not find a solution at time = 1.4.
[2026-03-04 08:38:30.858] [warning] The model appears too weak for static optimization.
Try increasing the strength and/or range of the following force(s):
   addmagDist_l approaching upper bound of 1
   addmagMid_l approaching upper bound of 1
   addmagProx_l approaching upper bound of 1
   bflh_l approaching upper bound of 1
   glmax3_l approaching upper bound of 1
   psoas_l approaching upper bound of 1
   sart_l approaching upper bound of 1
   hip_rotation_r_reserve approaching lower bound of -1
   hip_adduction_l_reserve approaching lower bound of -1
   hip_rotation_l_reserve approaching lower bound of -1

[2026-03-04 08:38:30.858] [cout] [info] time = 1.4 Performance = 25.6513 Constraint violation = 642.477
[2026-03-04 08:38:32.848] [warning] SimTK Exception thrown at InteriorPointOptimizer.cpp:264:
  Optimizer failed: Ipopt: Maximum iterations exceeded (status -1)
[2026-03-04 08:38:32.849] [warning] OPTIMIZATION FAILED...
[2026-03-04 08:38:32.849] [warning] StaticOptimization.record: The optimizer could not find a solution at time = 1.40500.
[2026-03-04 08:38:32.849] [warning] The model appears too weak for static optimization.
Try increasing the strength and/or range of the following force(s):
   addmagDist_l approaching upper bound of 1
   addmagMid_l approaching upper bound of 1
   addmagProx_l approaching upper bound of 1
   bflh_l approaching upper bound of 1
   glmax3_l approaching upper bound of 1
   grac_l approaching upper bound of 1
   psoas_l approaching upper bound of 1
   sart_l approaching upper bound of 1
   semimem_l approaching upper bound of 1
   vaslat_l approaching upper bound of 1
   hip_rotation_r_reserve approaching lower bound of -1
   hip_flexion_l_reserve approaching lower bound of -1
   hip_adduction_l_reserve approaching lower bound of -1
   hip_rotation_l_reserve approaching lower bound of -1

[2026-03-04 08:38:32.849] [cout] [info] time = 1.40500 Performance = 87.6659 Constraint violation = 1688.72
[2026-03-04 08:38:34.832] [warning] SimTK Exception thrown at InteriorPointOptimizer.cpp:264:
  Optimizer failed: Ipopt: Maximum iterations exceeded (status -1)
[2026-03-04 08:38:34.832] [warning] OPTIMIZATION FAILED...
[2026-03-04 08:38:34.832] [warning] StaticOptimization.record: The optimizer could not find a solution at time = 1.41.
[2026-03-04 08:38:34.833] [warning] The model appears too weak for static optimization.
Try increasing the strength and/or range of the following force(s):
   addmagDist_l approaching upper bound of 1
   addmagMid_l approaching upper bound of 1
   addmagProx_l approaching upper bound of 1
   bflh_l approaching upper bound of 1
   glmax3_l approaching upper bound of 1
   psoas_l approaching upper bound of 1
   sart_l approaching upper bound of 1
   semimem_l approaching upper bound of 1
   tibpost_l approaching upper bound of 1
   vaslat_l approaching upper bound of 1
   hip_adduction_l_reserve approaching lower bound of -1
   hip_rotation_l_reserve approaching lower bound of -1
   knee_angle_l_reserve approaching lower bound of -1

[2026-03-04 08:38:34.833] [cout] [info] time = 1.41 Performance = 599.876 Constraint violation = 6793.16
[2026-03-04 08:38:36.291] [warning] SimTK Exception thrown at InteriorPointOptimizer.cpp:264:
  Optimizer failed: Ipopt: Maximum iterations exceeded (status -1)
[2026-03-04 08:38:36.291] [warning] OPTIMIZATION FAILED...
[2026-03-04 08:38:36.291] [warning] StaticOptimization.record: The optimizer could not find a solution at time = 1.415.
[2026-03-04 08:38:36.291] [warning] The model appears too weak for static optimization.
Try increasing the strength and/or range of the following force(s):
   addmagDist_l approaching upper bound of 1
   addmagMid_l approaching upper bound of 1
   addmagProx_l approaching upper bound of 1
   bflh_l approaching upper bound of 1
   glmax3_l approaching upper bound of 1
   grac_l approaching upper bound of 1
   perlong_l approaching upper bound of 1
   psoas_l approaching upper bound of 1
   sart_l approaching upper bound of 1
   hip_rotation_r_reserve approaching lower bound of -1
   hip_adduction_l_reserve approaching lower bound of -1
   hip_rotation_l_reserve approaching lower bound of -1
   ankle_angle_l_reserve approaching upper bound of 1

[2026-03-04 08:38:36.292] [cout] [info] time = 1.415 Performance = 6842.05 Constraint violation = 17255.7
[2026-03-04 08:38:37.876] [warning] SimTK Exception thrown at InteriorPointOptimizer.cpp:264:
  Optimizer failed: Ipopt: Maximum iterations exceeded (status -1)
[2026-03-04 08:38:37.876] [warning] OPTIMIZATION FAILED...
[2026-03-04 08:38:37.877] [warning] StaticOptimization.record: The optimizer could not find a solution at time = 1.42.
[2026-03-04 08:38:37.877] [warning] The model appears too weak for static optimization.
Try increasing the strength and/or range of the following force(s):
   addmagDist_r approaching upper bound of 1
   addmagMid_r approaching upper bound of 1
   addmagProx_r approaching upper bound of 1
   bflh_r approaching upper bound of 1
   glmax3_r approaching upper bound of 1
   psoas_r approaching upper bound of 1
   sart_r approaching upper bound of 1
   addmagDist_l approaching upper bound of 1
   addmagMid_l approaching upper bound of 1
   addmagProx_l approaching upper bound of 1
   bflh_l approaching upper bound of 1
   glmax3_l approaching upper bound of 1
   grac_l approaching upper bound of 1
   psoas_l approaching upper bound of 1
   sart_l approaching upper bound of 1
   semimem_l approaching upper bound of 1
   tibpost_l approaching upper bound of 1
   hip_adduction_r_reserve approaching lower bound of -1
   hip_rotation_r_reserve approaching lower bound of -1
   hip_adduction_l_reserve approaching lower bound of -1
   hip_rotation_l_reserve approaching lower bound of -1

[2026-03-04 08:38:37.877] [cout] [info] time = 1.42 Performance = 403.639 Constraint violation = 2340.68
[2026-03-04 08:38:39.594] [warning] SimTK Exception thrown at InteriorPointOptimizer.cpp:264:
  Optimizer failed: Ipopt: Maximum iterations exceeded (status -1)
[2026-03-04 08:38:39.594] [warning] OPTIMIZATION FAILED...
[2026-03-04 08:38:39.594] [warning] StaticOptimization.record: The optimizer could not find a solution at time = 1.425.
[2026-03-04 08:38:39.595] [warning] The model appears too weak for static optimization.
Try increasing the strength and/or range of the following force(s):
   bflh_r approaching upper bound of 1
   glmax3_r approaching upper bound of 1
   addmagDist_l approaching upper bound of 1
   addmagMid_l approaching upper bound of 1
   addmagProx_l approaching upper bound of 1
   bflh_l approaching upper bound of 1
   glmax3_l approaching upper bound of 1
   psoas_l approaching upper bound of 1
   sart_l approaching upper bound of 1
   semimem_l approaching upper bound of 1
   hip_rotation_r_reserve approaching lower bound of -1
   hip_adduction_l_reserve approaching lower bound of -1
   hip_rotation_l_reserve approaching lower bound of -1

[2026-03-04 08:38:39.596] [cout] [info] time = 1.425 Performance = 843.425 Constraint violation = 2066.55
[2026-03-04 08:38:41.207] [warning] SimTK Exception thrown at InteriorPointOptimizer.cpp:264:
  Optimizer failed: Ipopt: Maximum iterations exceeded (status -1)
[2026-03-04 08:38:41.207] [warning] OPTIMIZATION FAILED...
[2026-03-04 08:38:41.208] [warning] StaticOptimization.record: The optimizer could not find a solution at time = 1.43.
[2026-03-04 08:38:41.208] [warning] The model appears too weak for static optimization.
Try increasing the strength and/or range of the following force(s):
   bflh_l approaching upper bound of 1
   glmax3_l approaching upper bound of 1
   hip_rotation_r_reserve approaching lower bound of -1
   hip_adduction_l_reserve approaching lower bound of -1

[2026-03-04 08:38:41.208] [cout] [info] time = 1.43 Performance = 23.9515 Constraint violation = 156.985
[2026-03-04 08:38:43.136] [warning] SimTK Exception thrown at InteriorPointOptimizer.cpp:264:
  Optimizer failed: Ipopt: Maximum iterations exceeded (status -1)
[2026-03-04 08:38:43.137] [warning] OPTIMIZATION FAILED...
[2026-03-04 08:38:43.137] [warning] StaticOptimization.record: The optimizer could not find a solution at time = 1.435.
[2026-03-04 08:38:43.137] [warning] The model appears too weak for static optimization.
Try increasing the strength and/or range of the following force(s):
   addmagDist_l approaching upper bound of 1
   addmagMid_l approaching upper bound of 1
   addmagProx_l approaching upper bound of 1
   bflh_l approaching upper bound of 1
   glmax3_l approaching upper bound of 1
   psoas_l approaching upper bound of 1
   sart_l approaching upper bound of 1
   semimem_l approaching upper bound of 1
   hip_adduction_l_reserve approaching lower bound of -1
   hip_rotation_l_reserve approaching lower bound of -1

[2026-03-04 08:38:43.138] [cout] [info] time = 1.435 Performance = 46.3192 Constraint violation = 6629.53
[2026-03-04 08:38:44.844] [warning] SimTK Exception thrown at InteriorPointOptimizer.cpp:264:
  Optimizer failed: Ipopt: Maximum iterations exceeded (status -1)
[2026-03-04 08:38:44.844] [warning] OPTIMIZATION FAILED...
[2026-03-04 08:38:44.844] [warning] StaticOptimization.record: The optimizer could not find a solution at time = 1.44.
[2026-03-04 08:38:44.845] [warning] The model appears too weak for static optimization.
Try increasing the strength and/or range of the following force(s):
   addmagProx_r approaching upper bound of 1
   addmagDist_l approaching upper bound of 1
   addmagMid_l approaching upper bound of 1
   addmagProx_l approaching upper bound of 1
   bflh_l approaching upper bound of 1
   glmax3_l approaching upper bound of 1
   psoas_l approaching upper bound of 1
   sart_l approaching upper bound of 1
   semimem_l approaching upper bound of 1
   vaslat_l approaching upper bound of 1
   hip_adduction_r_reserve approaching lower bound of -1
   hip_rotation_r_reserve approaching lower bound of -1
   hip_adduction_l_reserve approaching lower bound of -1
   hip_rotation_l_reserve approaching lower bound of -1

[2026-03-04 08:38:44.845] [cout] [info] time = 1.44 Performance = 410.859 Constraint violation = 1819.98
[2026-03-04 08:38:45.934] [warning] SimTK Exception thrown at InteriorPointOptimizer.cpp:264:
  Optimizer failed: Ipopt: Maximum iterations exceeded (status -1)
[2026-03-04 08:38:45.935] [warning] OPTIMIZATION FAILED...
[2026-03-04 08:38:45.935] [warning] StaticOptimization.record: The optimizer could not find a solution at time = 1.445.
[2026-03-04 08:38:45.935] [warning] The model appears too weak for static optimization.
Try increasing the strength and/or range of the following force(s):
   bflh_r approaching upper bound of 1
   addmagDist_l approaching upper bound of 1
   addmagMid_l approaching upper bound of 1
   addmagProx_l approaching upper bound of 1
   bflh_l approaching upper bound of 1
   glmax3_l approaching upper bound of 1
   grac_l approaching upper bound of 1
   psoas_l approaching upper bound of 1
   sart_l approaching upper bound of 1
   semimem_l approaching upper bound of 1
   hip_rotation_r_reserve approaching lower bound of -1
   hip_adduction_l_reserve approaching lower bound of -1
   hip_rotation_l_reserve approaching lower bound of -1

[2026-03-04 08:38:45.936] [cout] [info] time = 1.445 Performance = 200.986 Constraint violation = 18.8912
[2026-03-04 08:38:47.426] [warning] SimTK Exception thrown at InteriorPointOptimizer.cpp:264:
  Optimizer failed: Ipopt: Maximum iterations exceeded (status -1)
[2026-03-04 08:38:47.426] [warning] OPTIMIZATION FAILED...
[2026-03-04 08:38:47.426] [warning] StaticOptimization.record: The optimizer could not find a solution at time = 1.45.
[2026-03-04 08:38:47.426] [warning] The model appears too weak for static optimization.
Try increasing the strength and/or range of the following force(s):
   addmagDist_r approaching upper bound of 1
   addmagProx_r approaching upper bound of 1
   bflh_r approaching upper bound of 1
   edl_r approaching upper bound of 1
   ehl_r approaching upper bound of 1
   glmax3_r approaching upper bound of 1
   perbrev_r approaching upper bound of 1
   perlong_r approaching upper bound of 1
   semimem_r approaching upper bound of 1
   tibant_r approaching upper bound of 1
   vasint_r approaching upper bound of 1
   vaslat_r approaching upper bound of 1
   vasmed_r approaching upper bound of 1
   addmagDist_l approaching upper bound of 1
   addmagMid_l approaching upper bound of 1
   addmagProx_l approaching upper bound of 1
   bflh_l approaching upper bound of 1
   fdl_l approaching upper bound of 1
   fhl_l approaching upper bound of 1
   glmax3_l approaching upper bound of 1
   grac_l approaching upper bound of 1
   psoas_l approaching upper bound of 1
   sart_l approaching upper bound of 1
   semimem_l approaching upper bound of 1
   soleus_l approaching upper bound of 1
   tibpost_l approaching upper bound of 1
   vasint_l approaching upper bound of 1
   vaslat_l approaching upper bound of 1
   vasmed_l approaching upper bound of 1
   hip_adduction_r_reserve approaching lower bound of -1
   hip_rotation_r_reserve approaching lower bound of -1
   knee_angle_r_reserve approaching lower bound of -1
   ankle_angle_r_reserve approaching upper bound of 1
   hip_flexion_l_reserve approaching upper bound of 1
   hip_adduction_l_reserve approaching lower bound of -1
   hip_rotation_l_reserve approaching lower bound of -1
   knee_angle_l_reserve approaching lower bound of -1

[2026-03-04 08:38:47.427] [cout] [info] time = 1.45 Performance = 300312. Constraint violation = 21616.9
[2026-03-04 08:38:48.992] [warning] SimTK Exception thrown at InteriorPointOptimizer.cpp:264:
  Optimizer failed: Ipopt: Maximum iterations exceeded (status -1)
[2026-03-04 08:38:48.992] [warning] OPTIMIZATION FAILED...
[2026-03-04 08:38:48.992] [warning] StaticOptimization.record: The optimizer could not find a solution at time = 1.455.
[2026-03-04 08:38:48.993] [warning] The model appears too weak for static optimization.
Try increasing the strength and/or range of the following force(s):
   addmagDist_l approaching upper bound of 1
   addmagMid_l approaching upper bound of 1
   addmagProx_l approaching upper bound of 1
   bflh_l approaching upper bound of 1
   glmax3_l approaching upper bound of 1
   psoas_l approaching upper bound of 1
   sart_l approaching upper bound of 1
   semimem_l approaching upper bound of 1
   tibpost_l approaching upper bound of 1
   vaslat_l approaching upper bound of 1
   hip_flexion_r_reserve approaching lower bound of -1
   hip_rotation_r_reserve approaching lower bound of -1
   hip_adduction_l_reserve approaching lower bound of -1
   hip_rotation_l_reserve approaching lower bound of -1

[2026-03-04 08:38:48.993] [cout] [info] time = 1.455 Performance = 855.767 Constraint violation = 1326.41
[2026-03-04 08:38:50.484] [warning] SimTK Exception thrown at InteriorPointOptimizer.cpp:264:
  Optimizer failed: Ipopt: Maximum iterations exceeded (status -1)
[2026-03-04 08:38:50.484] [warning] OPTIMIZATION FAILED...
[2026-03-04 08:38:50.484] [warning] StaticOptimization.record: The optimizer could not find a solution at time = 1.46.
[2026-03-04 08:38:50.484] [warning] The model appears too weak for static optimization.
Try increasing the strength and/or range of the following force(s):
   addmagDist_l approaching upper bound of 1
   addmagMid_l approaching upper bound of 1
   addmagProx_l approaching upper bound of 1
   bflh_l approaching upper bound of 1
   glmax3_l approaching upper bound of 1
   psoas_l approaching upper bound of 1
   sart_l approaching upper bound of 1
   hip_rotation_r_reserve approaching lower bound of -1
   hip_adduction_l_reserve approaching lower bound of -1
   hip_rotation_l_reserve approaching lower bound of -1

[2026-03-04 08:38:50.485] [cout] [info] time = 1.46 Performance = 194.908 Constraint violation = 2525.97
[2026-03-04 08:38:52.194] [warning] SimTK Exception thrown at InteriorPointOptimizer.cpp:264:
  Optimizer failed: Ipopt: Maximum iterations exceeded (status -1)
[2026-03-04 08:38:52.195] [warning] OPTIMIZATION FAILED...
[2026-03-04 08:38:52.195] [warning] StaticOptimization.record: The optimizer could not find a solution at time = 1.465.
[2026-03-04 08:38:52.195] [warning] The model appears too weak for static optimization.
Try increasing the strength and/or range of the following force(s):
   perlong_r approaching upper bound of 1
   addmagDist_l approaching upper bound of 1
   addmagMid_l approaching upper bound of 1
   addmagProx_l approaching upper bound of 1
   bflh_l approaching upper bound of 1
   glmax3_l approaching upper bound of 1
   psoas_l approaching upper bound of 1
   sart_l approaching upper bound of 1
   semimem_l approaching upper bound of 1
   hip_adduction_l_reserve approaching lower bound of -1
   hip_rotation_l_reserve approaching lower bound of -1

[2026-03-04 08:38:52.196] [cout] [info] time = 1.465 Performance = 69.834 Constraint violation = 726.471
[2026-03-04 08:38:53.818] [warning] SimTK Exception thrown at InteriorPointOptimizer.cpp:264:
  Optimizer failed: Ipopt: Maximum iterations exceeded (status -1)
[2026-03-04 08:38:53.818] [warning] OPTIMIZATION FAILED...
[2026-03-04 08:38:53.819] [warning] StaticOptimization.record: The optimizer could not find a solution at time = 1.47.
[2026-03-04 08:38:53.819] [warning] The model appears too weak for static optimization.
Try increasing the strength and/or range of the following force(s):
   vaslat_r approaching upper bound of 1
   bflh_l approaching upper bound of 1
   hip_rotation_r_reserve approaching lower bound of -1
   hip_rotation_l_reserve approaching lower bound of -1

[2026-03-04 08:38:53.819] [cout] [info] time = 1.47 Performance = 820.938 Constraint violation = 2315.6
[2026-03-04 08:38:55.397] [warning] SimTK Exception thrown at InteriorPointOptimizer.cpp:264:
  Optimizer failed: Ipopt: Maximum iterations exceeded (status -1)
[2026-03-04 08:38:55.398] [warning] OPTIMIZATION FAILED...
[2026-03-04 08:38:55.398] [warning] StaticOptimization.record: The optimizer could not find a solution at time = 1.475.
[2026-03-04 08:38:55.398] [warning] The model appears too weak for static optimization.
Try increasing the strength and/or range of the following force(s):
   edl_r approaching upper bound of 1
   perlong_r approaching upper bound of 1
   vaslat_r approaching upper bound of 1
   addmagDist_l approaching upper bound of 1
   addmagMid_l approaching upper bound of 1
   addmagProx_l approaching upper bound of 1
   bflh_l approaching upper bound of 1
   fhl_l approaching upper bound of 1
   glmax3_l approaching upper bound of 1
   grac_l approaching upper bound of 1
   psoas_l approaching upper bound of 1
   sart_l approaching upper bound of 1
   tibpost_l approaching upper bound of 1
   hip_adduction_r_reserve approaching lower bound of -1
   hip_rotation_r_reserve approaching lower bound of -1
   knee_angle_r_reserve approaching lower bound of -1
   hip_adduction_l_reserve approaching lower bound of -1
   hip_rotation_l_reserve approaching lower bound of -1

[2026-03-04 08:38:55.398] [cout] [info] time = 1.475 Performance = 33656.1 Constraint violation = 30672.4
[2026-03-04 08:38:57.890] [warning] SimTK Exception thrown at InteriorPointOptimizer.cpp:264:
  Optimizer failed: Ipopt: Maximum iterations exceeded (status -1)
[2026-03-04 08:38:57.890] [warning] OPTIMIZATION FAILED...
[2026-03-04 08:38:57.890] [warning] StaticOptimization.record: The optimizer could not find a solution at time = 1.48.
[2026-03-04 08:38:57.890] [warning] The model appears too weak for static optimization.
Try increasing the strength and/or range of the following force(s):
   addmagDist_l approaching upper bound of 1
   addmagMid_l approaching upper bound of 1
   addmagProx_l approaching upper bound of 1
   bflh_l approaching upper bound of 1
   glmax3_l approaching upper bound of 1
   psoas_l approaching upper bound of 1
   sart_l approaching upper bound of 1
   tibpost_l approaching upper bound of 1
   hip_rotation_r_reserve approaching lower bound of -1
   hip_adduction_l_reserve approaching lower bound of -1
   hip_rotation_l_reserve approaching lower bound of -1

[2026-03-04 08:38:57.891] [cout] [info] time = 1.48 Performance = 266.376 Constraint violation = 417.017
[2026-03-04 08:38:59.471] [warning] SimTK Exception thrown at InteriorPointOptimizer.cpp:264:
  Optimizer failed: Ipopt: Maximum iterations exceeded (status -1)
[2026-03-04 08:38:59.471] [warning] OPTIMIZATION FAILED...
[2026-03-04 08:38:59.472] [warning] StaticOptimization.record: The optimizer could not find a solution at time = 1.485.
[2026-03-04 08:38:59.472] [warning] The model appears too weak for static optimization.
Try increasing the strength and/or range of the following force(s):
   addmagDist_l approaching upper bound of 1
   addmagMid_l approaching upper bound of 1
   addmagProx_l approaching upper bound of 1
   bflh_l approaching upper bound of 1
   glmax3_l approaching upper bound of 1
   grac_l approaching upper bound of 1
   psoas_l approaching upper bound of 1
   sart_l approaching upper bound of 1
   hip_rotation_r_reserve approaching lower bound of -1
   hip_adduction_l_reserve approaching lower bound of -1
   hip_rotation_l_reserve approaching lower bound of -1

[2026-03-04 08:38:59.472] [cout] [info] time = 1.485 Performance = 44.3326 Constraint violation = 640.705
[2026-03-04 08:39:00.606] [warning] SimTK Exception thrown at InteriorPointOptimizer.cpp:264:
  Optimizer failed: Ipopt: Maximum iterations exceeded (status -1)
[2026-03-04 08:39:00.606] [warning] OPTIMIZATION FAILED...
[2026-03-04 08:39:00.606] [warning] StaticOptimization.record: The optimizer could not find a solution at time = 1.49.
[2026-03-04 08:39:00.606] [warning] The model appears too weak for static optimization.
Try increasing the strength and/or range of the following force(s):
   addmagDist_l approaching upper bound of 1
   addmagMid_l approaching upper bound of 1
   addmagProx_l approaching upper bound of 1
   bflh_l approaching upper bound of 1
   glmax3_l approaching upper bound of 1
   grac_l approaching upper bound of 1
   psoas_l approaching upper bound of 1
   sart_l approaching upper bound of 1
   hip_adduction_l_reserve approaching lower bound of -1
   hip_rotation_l_reserve approaching lower bound of -1

[2026-03-04 08:39:00.606] [cout] [info] time = 1.49 Performance = 19.7949 Constraint violation = 2492.61
[2026-03-04 08:39:01.852] [warning] SimTK Exception thrown at InteriorPointOptimizer.cpp:264:
  Optimizer failed: Ipopt: Maximum iterations exceeded (status -1)
[2026-03-04 08:39:01.852] [warning] OPTIMIZATION FAILED...
[2026-03-04 08:39:01.852] [warning] StaticOptimization.record: The optimizer could not find a solution at time = 1.495.
[2026-03-04 08:39:01.852] [warning] The model appears too weak for static optimization.
Try increasing the strength and/or range of the following force(s):
   vaslat_r approaching upper bound of 1
   addmagDist_l approaching upper bound of 1
   addmagMid_l approaching upper bound of 1
   addmagProx_l approaching upper bound of 1
   bflh_l approaching upper bound of 1
   fhl_l approaching upper bound of 1
   glmax3_l approaching upper bound of 1
   psoas_l approaching upper bound of 1
   sart_l approaching upper bound of 1
   semimem_l approaching upper bound of 1
   soleus_l approaching upper bound of 1
   tibpost_l approaching upper bound of 1
   vaslat_l approaching upper bound of 1
   hip_rotation_r_reserve approaching lower bound of -1
   hip_adduction_l_reserve approaching lower bound of -1
   hip_rotation_l_reserve approaching lower bound of -1
   knee_angle_l_reserve approaching lower bound of -1

[2026-03-04 08:39:01.852] [cout] [info] time = 1.495 Performance = 46.9017 Constraint violation = 1423.46
[2026-03-04 08:39:03.281] [warning] SimTK Exception thrown at InteriorPointOptimizer.cpp:264:
  Optimizer failed: Ipopt: Maximum iterations exceeded (status -1)
[2026-03-04 08:39:03.282] [warning] OPTIMIZATION FAILED...
[2026-03-04 08:39:03.282] [warning] StaticOptimization.record: The optimizer could not find a solution at time = 1.5.
[2026-03-04 08:39:03.282] [warning] The model appears too weak for static optimization.
Try increasing the strength and/or range of the following force(s):
   addmagDist_l approaching upper bound of 1
   addmagMid_l approaching upper bound of 1
   addmagProx_l approaching upper bound of 1
   bflh_l approaching upper bound of 1
   glmax3_l approaching upper bound of 1
   grac_l approaching upper bound of 1
   psoas_l approaching upper bound of 1
   sart_l approaching upper bound of 1
   semimem_l approaching upper bound of 1
   tibpost_l approaching upper bound of 1
   hip_rotation_r_reserve approaching lower bound of -1
   hip_adduction_l_reserve approaching lower bound of -1
   hip_rotation_l_reserve approaching lower bound of -1

[2026-03-04 08:39:03.282] [cout] [info] time = 1.5 Performance = 475.731 Constraint violation = 144.531
[2026-03-04 08:39:04.913] [warning] SimTK Exception thrown at InteriorPointOptimizer.cpp:264:
  Optimizer failed: Ipopt: Maximum iterations exceeded (status -1)
[2026-03-04 08:39:04.914] [warning] OPTIMIZATION FAILED...
[2026-03-04 08:39:04.914] [warning] StaticOptimization.record: The optimizer could not find a solution at time = 1.50500.
[2026-03-04 08:39:04.914] [warning] The model appears too weak for static optimization.
Try increasing the strength and/or range of the following force(s):
   addmagProx_r approaching upper bound of 1
   bflh_r approaching upper bound of 1
   psoas_r approaching upper bound of 1
   addmagDist_l approaching upper bound of 1
   addmagMid_l approaching upper bound of 1
   addmagProx_l approaching upper bound of 1
   bflh_l approaching upper bound of 1
   glmax3_l approaching upper bound of 1
   psoas_l approaching upper bound of 1
   sart_l approaching upper bound of 1
   semimem_l approaching upper bound of 1
   tibpost_l approaching upper bound of 1
   hip_adduction_r_reserve approaching lower bound of -1
   hip_rotation_r_reserve approaching lower bound of -1
   hip_adduction_l_reserve approaching lower bound of -1
   hip_rotation_l_reserve approaching lower bound of -1

[2026-03-04 08:39:04.914] [cout] [info] time = 1.50500 Performance = 1114.55 Constraint violation = 32.0838
[2026-03-04 08:39:06.567] [warning] SimTK Exception thrown at InteriorPointOptimizer.cpp:264:
  Optimizer failed: Ipopt: Maximum iterations exceeded (status -1)
[2026-03-04 08:39:06.567] [warning] OPTIMIZATION FAILED...
[2026-03-04 08:39:06.567] [warning] StaticOptimization.record: The optimizer could not find a solution at time = 1.51.
[2026-03-04 08:39:06.567] [warning] The model appears too weak for static optimization.
Try increasing the strength and/or range of the following force(s):
   addmagDist_r approaching upper bound of 1
   addmagMid_r approaching upper bound of 1
   addmagProx_r approaching upper bound of 1
   bflh_r approaching upper bound of 1
   edl_r approaching upper bound of 1
   glmax3_r approaching upper bound of 1
   grac_r approaching upper bound of 1
   perbrev_r approaching upper bound of 1
   perlong_r approaching upper bound of 1
   psoas_r approaching upper bound of 1
   sart_r approaching upper bound of 1
   vasint_r approaching upper bound of 1
   vaslat_r approaching upper bound of 1
   vasmed_r approaching upper bound of 1
   addmagDist_l approaching upper bound of 1
   addmagMid_l approaching upper bound of 1
   addmagProx_l approaching upper bound of 1
   bflh_l approaching upper bound of 1
   fdl_l approaching upper bound of 1
   fhl_l approaching upper bound of 1
   glmax3_l approaching upper bound of 1
   grac_l approaching upper bound of 1
   psoas_l approaching upper bound of 1
   sart_l approaching upper bound of 1
   semimem_l approaching upper bound of 1
   soleus_l approaching upper bound of 1
   tibpost_l approaching upper bound of 1
   vasint_l approaching upper bound of 1
   vaslat_l approaching upper bound of 1
   vasmed_l approaching upper bound of 1
   hip_adduction_r_reserve approaching lower bound of -1
   hip_rotation_r_reserve approaching lower bound of -1
   knee_angle_r_reserve approaching lower bound of -1
   hip_flexion_l_reserve approaching upper bound of 1
   hip_adduction_l_reserve approaching lower bound of -1
   hip_rotation_l_reserve approaching lower bound of -1
   knee_angle_l_reserve approaching lower bound of -1

[2026-03-04 08:39:06.568] [cout] [info] time = 1.51 Performance = 301.974 Constraint violation = 5455.71
[2026-03-04 08:39:07.761] [warning] SimTK Exception thrown at InteriorPointOptimizer.cpp:264:
  Optimizer failed: Ipopt: Maximum iterations exceeded (status -1)
[2026-03-04 08:39:07.761] [warning] OPTIMIZATION FAILED...
[2026-03-04 08:39:07.761] [warning] StaticOptimization.record: The optimizer could not find a solution at time = 1.515.
[2026-03-04 08:39:07.761] [warning] The model appears too weak for static optimization.
Try increasing the strength and/or range of the following force(s):
   addmagDist_l approaching upper bound of 1
   addmagMid_l approaching upper bound of 1
   addmagProx_l approaching upper bound of 1
   bflh_l approaching upper bound of 1
   glmax3_l approaching upper bound of 1
   grac_l approaching upper bound of 1
   psoas_l approaching upper bound of 1
   sart_l approaching upper bound of 1
   vasint_l approaching upper bound of 1
   vasmed_l approaching upper bound of 1
   hip_adduction_l_reserve approaching lower bound of -1
   hip_rotation_l_reserve approaching lower bound of -1
   knee_angle_l_reserve approaching lower bound of -1

[2026-03-04 08:39:07.762] [cout] [info] time = 1.515 Performance = 95.3768 Constraint violation = 1617.93
[2026-03-04 08:39:09.701] [warning] SimTK Exception thrown at InteriorPointOptimizer.cpp:264:
  Optimizer failed: Ipopt: Maximum iterations exceeded (status -1)
[2026-03-04 08:39:09.702] [warning] OPTIMIZATION FAILED...
[2026-03-04 08:39:09.702] [warning] StaticOptimization.record: The optimizer could not find a solution at time = 1.52.
[2026-03-04 08:39:09.702] [warning] The model appears too weak for static optimization.
Try increasing the strength and/or range of the following force(s):
   addmagDist_l approaching upper bound of 1
   addmagMid_l approaching upper bound of 1
   addmagProx_l approaching upper bound of 1
   bflh_l approaching upper bound of 1
   glmax3_l approaching upper bound of 1
   grac_l approaching upper bound of 1
   psoas_l approaching upper bound of 1
   sart_l approaching upper bound of 1
   tibpost_l approaching upper bound of 1
   vaslat_l approaching upper bound of 1
   hip_adduction_l_reserve approaching lower bound of -1
   hip_rotation_l_reserve approaching lower bound of -1

[2026-03-04 08:39:09.703] [cout] [info] time = 1.52 Performance = 34.6335 Constraint violation = 3660.57
[2026-03-04 08:39:11.848] [warning] SimTK Exception thrown at InteriorPointOptimizer.cpp:264:
  Optimizer failed: Ipopt: Maximum iterations exceeded (status -1)
[2026-03-04 08:39:11.849] [warning] OPTIMIZATION FAILED...
[2026-03-04 08:39:11.849] [warning] StaticOptimization.record: The optimizer could not find a solution at time = 1.525.
[2026-03-04 08:39:11.849] [warning] The model appears too weak for static optimization.
Try increasing the strength and/or range of the following force(s):
   addmagDist_l approaching upper bound of 1
   addmagMid_l approaching upper bound of 1
   addmagProx_l approaching upper bound of 1
   bflh_l approaching upper bound of 1
   fhl_l approaching upper bound of 1
   glmax3_l approaching upper bound of 1
   psoas_l approaching upper bound of 1
   sart_l approaching upper bound of 1
   tibpost_l approaching upper bound of 1
   hip_rotation_r_reserve approaching lower bound of -1
   hip_adduction_l_reserve approaching lower bound of -1
   hip_rotation_l_reserve approaching lower bound of -1

[2026-03-04 08:39:11.850] [cout] [info] time = 1.525 Performance = 92.1438 Constraint violation = 148.373
[2026-03-04 08:39:14.664] [warning] SimTK Exception thrown at InteriorPointOptimizer.cpp:264:
  Optimizer failed: Ipopt: Maximum iterations exceeded (status -1)
[2026-03-04 08:39:14.665] [warning] OPTIMIZATION FAILED...
[2026-03-04 08:39:14.665] [warning] StaticOptimization.record: The optimizer could not find a solution at time = 1.53.
[2026-03-04 08:39:14.665] [warning] The model appears too weak for static optimization.
Try increasing the strength and/or range of the following force(s):
   addmagDist_l approaching upper bound of 1
   addmagMid_l approaching upper bound of 1
   addmagProx_l approaching upper bound of 1
   bflh_l approaching upper bound of 1
   fdl_l approaching upper bound of 1
   fhl_l approaching upper bound of 1
   glmax3_l approaching upper bound of 1
   grac_l approaching upper bound of 1
   psoas_l approaching upper bound of 1
   sart_l approaching upper bound of 1
   tibpost_l approaching upper bound of 1
   hip_adduction_l_reserve approaching lower bound of -1
   hip_rotation_l_reserve approaching lower bound of -1

[2026-03-04 08:39:14.665] [cout] [info] time = 1.53 Performance = 26.5269 Constraint violation = 1376.75
[2026-03-04 08:39:16.447] [warning] SimTK Exception thrown at InteriorPointOptimizer.cpp:264:
  Optimizer failed: Ipopt: Maximum iterations exceeded (status -1)
[2026-03-04 08:39:16.448] [warning] OPTIMIZATION FAILED...
[2026-03-04 08:39:16.448] [warning] StaticOptimization.record: The optimizer could not find a solution at time = 1.535.
[2026-03-04 08:39:16.448] [warning] The model appears too weak for static optimization.
Try increasing the strength and/or range of the following force(s):
   edl_r approaching upper bound of 1
   ehl_r approaching upper bound of 1
   glmax3_r approaching upper bound of 1
   perbrev_r approaching upper bound of 1
   perlong_r approaching upper bound of 1
   tibant_r approaching upper bound of 1
   vasint_r approaching upper bound of 1
   vaslat_r approaching upper bound of 1
   vasmed_r approaching upper bound of 1
   addmagDist_l approaching upper bound of 1
   addmagMid_l approaching upper bound of 1
   addmagProx_l approaching upper bound of 1
   bflh_l approaching upper bound of 1
   fdl_l approaching upper bound of 1
   fhl_l approaching upper bound of 1
   gaslat_l approaching upper bound of 1
   gasmed_l approaching upper bound of 1
   glmax3_l approaching upper bound of 1
   grac_l approaching upper bound of 1
   psoas_l approaching upper bound of 1
   sart_l approaching upper bound of 1
   semimem_l approaching upper bound of 1
   soleus_l approaching upper bound of 1
   tibpost_l approaching upper bound of 1
   vasint_l approaching upper bound of 1
   vaslat_l approaching upper bound of 1
   vasmed_l approaching upper bound of 1
   hip_flexion_r_reserve approaching lower bound of -1
   hip_adduction_r_reserve approaching lower bound of -1
   hip_rotation_r_reserve approaching lower bound of -1
   knee_angle_r_reserve approaching lower bound of -1
   ankle_angle_r_reserve approaching upper bound of 1
   hip_flexion_l_reserve approaching upper bound of 1
   hip_adduction_l_reserve approaching lower bound of -1
   hip_rotation_l_reserve approaching lower bound of -1
   knee_angle_l_reserve approaching lower bound of -1
   ankle_angle_l_reserve approaching lower bound of -1

[2026-03-04 08:39:16.448] [cout] [info] time = 1.535 Performance = 22427.1 Constraint violation = 262653.
[2026-03-04 08:39:17.980] [warning] SimTK Exception thrown at InteriorPointOptimizer.cpp:264:
  Optimizer failed: Ipopt: Maximum iterations exceeded (status -1)
[2026-03-04 08:39:17.980] [warning] OPTIMIZATION FAILED...
[2026-03-04 08:39:17.981] [warning] StaticOptimization.record: The optimizer could not find a solution at time = 1.54.
[2026-03-04 08:39:17.981] [warning] The model appears too weak for static optimization.
Try increasing the strength and/or range of the following force(s):
   addmagProx_r approaching upper bound of 1
   bflh_r approaching upper bound of 1
   glmax3_r approaching upper bound of 1
   psoas_r approaching upper bound of 1
   sart_r approaching upper bound of 1
   addmagDist_l approaching upper bound of 1
   addmagMid_l approaching upper bound of 1
   addmagProx_l approaching upper bound of 1
   bflh_l approaching upper bound of 1
   glmax3_l approaching upper bound of 1
   grac_l approaching upper bound of 1
   psoas_l approaching upper bound of 1
   sart_l approaching upper bound of 1
   semimem_l approaching upper bound of 1
   hip_adduction_r_reserve approaching lower bound of -1
   hip_rotation_r_reserve approaching lower bound of -1
   hip_flexion_l_reserve approaching upper bound of 1
   hip_adduction_l_reserve approaching lower bound of -1
   hip_rotation_l_reserve approaching lower bound of -1

[2026-03-04 08:39:17.981] [cout] [info] time = 1.54 Performance = 1862.02 Constraint violation = 9267.95
[2026-03-04 08:39:20.736] [warning] SimTK Exception thrown at InteriorPointOptimizer.cpp:264:
  Optimizer failed: Ipopt: Maximum iterations exceeded (status -1)
[2026-03-04 08:39:20.736] [warning] OPTIMIZATION FAILED...
[2026-03-04 08:39:20.736] [warning] StaticOptimization.record: The optimizer could not find a solution at time = 1.545.
[2026-03-04 08:39:20.736] [warning] The model appears too weak for static optimization.
Try increasing the strength and/or range of the following force(s):
   addmagDist_l approaching upper bound of 1
   addmagMid_l approaching upper bound of 1
   addmagProx_l approaching upper bound of 1
   bflh_l approaching upper bound of 1
   glmax3_l approaching upper bound of 1
   grac_l approaching upper bound of 1
   psoas_l approaching upper bound of 1
   sart_l approaching upper bound of 1
   tibpost_l approaching upper bound of 1
   hip_rotation_r_reserve approaching lower bound of -1
   hip_adduction_l_reserve approaching lower bound of -1
   hip_rotation_l_reserve approaching lower bound of -1

[2026-03-04 08:39:20.736] [cout] [info] time = 1.545 Performance = 406.869 Constraint violation = 8147.52
[2026-03-04 08:39:23.290] [warning] SimTK Exception thrown at InteriorPointOptimizer.cpp:264:
  Optimizer failed: Ipopt: Maximum iterations exceeded (status -1)
[2026-03-04 08:39:23.290] [warning] OPTIMIZATION FAILED...
[2026-03-04 08:39:23.290] [warning] StaticOptimization.record: The optimizer could not find a solution at time = 1.55.
[2026-03-04 08:39:23.291] [warning] The model appears too weak for static optimization.
Try increasing the strength and/or range of the following force(s):
   vaslat_r approaching upper bound of 1
   addmagDist_l approaching upper bound of 1
   addmagMid_l approaching upper bound of 1
   addmagProx_l approaching upper bound of 1
   bflh_l approaching upper bound of 1
   glmax3_l approaching upper bound of 1
   grac_l approaching upper bound of 1
   psoas_l approaching upper bound of 1
   sart_l approaching upper bound of 1
   semimem_l approaching upper bound of 1
   tibpost_l approaching upper bound of 1
   vaslat_l approaching upper bound of 1
   hip_rotation_r_reserve approaching lower bound of -1
   hip_adduction_l_reserve approaching lower bound of -1
   hip_rotation_l_reserve approaching lower bound of -1

[2026-03-04 08:39:23.291] [cout] [info] time = 1.55 Performance = 209.065 Constraint violation = 437.539
[2026-03-04 08:39:24.821] [warning] SimTK Exception thrown at InteriorPointOptimizer.cpp:264:
  Optimizer failed: Ipopt: Maximum iterations exceeded (status -1)
[2026-03-04 08:39:24.822] [warning] OPTIMIZATION FAILED...
[2026-03-04 08:39:24.822] [warning] StaticOptimization.record: The optimizer could not find a solution at time = 1.555.
[2026-03-04 08:39:24.822] [warning] The model appears too weak for static optimization.
Try increasing the strength and/or range of the following force(s):
   addmagDist_l approaching upper bound of 1
   addmagMid_l approaching upper bound of 1
   addmagProx_l approaching upper bound of 1
   bflh_l approaching upper bound of 1
   fhl_l approaching upper bound of 1
   glmax3_l approaching upper bound of 1
   grac_l approaching upper bound of 1
   psoas_l approaching upper bound of 1
   sart_l approaching upper bound of 1
   tibpost_l approaching upper bound of 1
   hip_rotation_r_reserve approaching lower bound of -1
   hip_adduction_l_reserve approaching lower bound of -1
   hip_rotation_l_reserve approaching lower bound of -1

[2026-03-04 08:39:24.823] [cout] [info] time = 1.555 Performance = 41.5213 Constraint violation = 88.6673
[2026-03-04 08:39:26.700] [warning] SimTK Exception thrown at InteriorPointOptimizer.cpp:264:
  Optimizer failed: Ipopt: Maximum iterations exceeded (status -1)
[2026-03-04 08:39:26.700] [warning] OPTIMIZATION FAILED...
[2026-03-04 08:39:26.700] [warning] StaticOptimization.record: The optimizer could not find a solution at time = 1.56.
[2026-03-04 08:39:26.701] [warning] The model appears too weak for static optimization.
Try increasing the strength and/or range of the following force(s):
   addmagDist_l approaching upper bound of 1
   addmagMid_l approaching upper bound of 1
   addmagProx_l approaching upper bound of 1
   bflh_l approaching upper bound of 1
   fhl_l approaching upper bound of 1
   glmax3_l approaching upper bound of 1
   psoas_l approaching upper bound of 1
   sart_l approaching upper bound of 1
   tibpost_l approaching upper bound of 1
   hip_rotation_r_reserve approaching lower bound of -1
   hip_adduction_l_reserve approaching lower bound of -1
   hip_rotation_l_reserve approaching lower bound of -1

[2026-03-04 08:39:26.701] [cout] [info] time = 1.56 Performance = 193.681 Constraint violation = 97.6307
[2026-03-04 08:39:28.142] [warning] SimTK Exception thrown at InteriorPointOptimizer.cpp:264:
  Optimizer failed: Ipopt: Maximum iterations exceeded (status -1)
[2026-03-04 08:39:28.143] [warning] OPTIMIZATION FAILED...
[2026-03-04 08:39:28.143] [warning] StaticOptimization.record: The optimizer could not find a solution at time = 1.565.
[2026-03-04 08:39:28.143] [warning] The model appears too weak for static optimization.
Try increasing the strength and/or range of the following force(s):
   addmagDist_l approaching upper bound of 1
   addmagMid_l approaching upper bound of 1
   addmagProx_l approaching upper bound of 1
   bflh_l approaching upper bound of 1
   glmax3_l approaching upper bound of 1
   grac_l approaching upper bound of 1
   psoas_l approaching upper bound of 1
   sart_l approaching upper bound of 1
   hip_adduction_l_reserve approaching lower bound of -1
   hip_rotation_l_reserve approaching lower bound of -1

[2026-03-04 08:39:28.144] [cout] [info] time = 1.565 Performance = 215.197 Constraint violation = 22595.1
[2026-03-04 08:39:30.196] [warning] SimTK Exception thrown at InteriorPointOptimizer.cpp:264:
  Optimizer failed: Ipopt: Maximum iterations exceeded (status -1)
[2026-03-04 08:39:30.197] [warning] OPTIMIZATION FAILED...
[2026-03-04 08:39:30.197] [warning] StaticOptimization.record: The optimizer could not find a solution at time = 1.57.
[2026-03-04 08:39:30.197] [warning] The model appears too weak for static optimization.
Try increasing the strength and/or range of the following force(s):
   addmagDist_l approaching upper bound of 1
   addmagMid_l approaching upper bound of 1
   addmagProx_l approaching upper bound of 1
   bflh_l approaching upper bound of 1
   fhl_l approaching upper bound of 1
   glmax3_l approaching upper bound of 1
   psoas_l approaching upper bound of 1
   sart_l approaching upper bound of 1
   tibpost_l approaching upper bound of 1
   hip_rotation_r_reserve approaching lower bound of -1
   hip_adduction_l_reserve approaching lower bound of -1
   hip_rotation_l_reserve approaching lower bound of -1

[2026-03-04 08:39:30.198] [cout] [info] time = 1.57 Performance = 166.752 Constraint violation = 1050.82
[2026-03-04 08:39:31.823] [warning] SimTK Exception thrown at InteriorPointOptimizer.cpp:264:
  Optimizer failed: Ipopt: Maximum iterations exceeded (status -1)
[2026-03-04 08:39:31.823] [warning] OPTIMIZATION FAILED...
[2026-03-04 08:39:31.823] [warning] StaticOptimization.record: The optimizer could not find a solution at time = 1.575.
[2026-03-04 08:39:31.824] [warning] The model appears too weak for static optimization.
Try increasing the strength and/or range of the following force(s):
   addmagDist_l approaching upper bound of 1
   addmagMid_l approaching upper bound of 1
   addmagProx_l approaching upper bound of 1
   bflh_l approaching upper bound of 1
   glmax3_l approaching upper bound of 1
   psoas_l approaching upper bound of 1
   sart_l approaching upper bound of 1
   tibpost_l approaching upper bound of 1
   hip_rotation_r_reserve approaching lower bound of -1
   hip_adduction_l_reserve approaching lower bound of -1
   hip_rotation_l_reserve approaching lower bound of -1

[2026-03-04 08:39:31.824] [cout] [info] time = 1.575 Performance = 232.758 Constraint violation = 10.6681
[2026-03-04 08:39:33.247] [warning] SimTK Exception thrown at InteriorPointOptimizer.cpp:264:
  Optimizer failed: Ipopt: Maximum iterations exceeded (status -1)
[2026-03-04 08:39:33.247] [warning] OPTIMIZATION FAILED...
[2026-03-04 08:39:33.248] [warning] StaticOptimization.record: The optimizer could not find a solution at time = 1.58.
[2026-03-04 08:39:33.248] [warning] The model appears too weak for static optimization.
Try increasing the strength and/or range of the following force(s):
   addmagDist_r approaching upper bound of 1
   addmagMid_r approaching upper bound of 1
   addmagProx_r approaching upper bound of 1
   bflh_r approaching upper bound of 1
   edl_r approaching upper bound of 1
   ehl_r approaching upper bound of 1
   glmax3_r approaching upper bound of 1
   perbrev_r approaching upper bound of 1
   perlong_r approaching upper bound of 1
   tibant_r approaching upper bound of 1
   vasint_r approaching upper bound of 1
   vaslat_r approaching upper bound of 1
   vasmed_r approaching upper bound of 1
   addmagDist_l approaching upper bound of 1
   addmagMid_l approaching upper bound of 1
   addmagProx_l approaching upper bound of 1
   bflh_l approaching upper bound of 1
   fdl_l approaching upper bound of 1
   fhl_l approaching upper bound of 1
   glmax3_l approaching upper bound of 1
   psoas_l approaching upper bound of 1
   sart_l approaching upper bound of 1
   semimem_l approaching upper bound of 1
   soleus_l approaching upper bound of 1
   tibpost_l approaching upper bound of 1
   vasint_l approaching upper bound of 1
   vaslat_l approaching upper bound of 1
   vasmed_l approaching upper bound of 1
   hip_flexion_r_reserve approaching lower bound of -1
   hip_adduction_r_reserve approaching lower bound of -1
   hip_rotation_r_reserve approaching lower bound of -1
   knee_angle_r_reserve approaching lower bound of -1
   hip_flexion_l_reserve approaching lower bound of -1
   hip_adduction_l_reserve approaching lower bound of -1
   hip_rotation_l_reserve approaching lower bound of -1
   knee_angle_l_reserve approaching lower bound of -1
   ankle_angle_l_reserve approaching lower bound of -1

[2026-03-04 08:39:33.248] [cout] [info] time = 1.58 Performance = 332.437 Constraint violation = 17629.7
[2026-03-04 08:39:34.505] [warning] SimTK Exception thrown at InteriorPointOptimizer.cpp:264:
  Optimizer failed: Ipopt: Maximum iterations exceeded (status -1)
[2026-03-04 08:39:34.506] [warning] OPTIMIZATION FAILED...
[2026-03-04 08:39:34.506] [warning] StaticOptimization.record: The optimizer could not find a solution at time = 1.585.
[2026-03-04 08:39:34.506] [warning] The model appears too weak for static optimization.
Try increasing the strength and/or range of the following force(s):
   addmagDist_l approaching upper bound of 1
   addmagMid_l approaching upper bound of 1
   addmagProx_l approaching upper bound of 1
   bflh_l approaching upper bound of 1
   fhl_l approaching upper bound of 1
   glmax3_l approaching upper bound of 1
   psoas_l approaching upper bound of 1
   sart_l approaching upper bound of 1
   tibpost_l approaching upper bound of 1
   hip_rotation_r_reserve approaching lower bound of -1
   hip_adduction_l_reserve approaching lower bound of -1
   hip_rotation_l_reserve approaching lower bound of -1

[2026-03-04 08:39:34.507] [cout] [info] time = 1.585 Performance = 24.0285 Constraint violation = 504.571
[2026-03-04 08:39:36.423] [warning] SimTK Exception thrown at InteriorPointOptimizer.cpp:264:
  Optimizer failed: Ipopt: Maximum iterations exceeded (status -1)
[2026-03-04 08:39:36.423] [warning] OPTIMIZATION FAILED...
[2026-03-04 08:39:36.424] [warning] StaticOptimization.record: The optimizer could not find a solution at time = 1.59.
[2026-03-04 08:39:36.424] [warning] The model appears too weak for static optimization.
Try increasing the strength and/or range of the following force(s):
   vaslat_r approaching upper bound of 1
   vasmed_r approaching upper bound of 1
   addmagDist_l approaching upper bound of 1
   addmagMid_l approaching upper bound of 1
   addmagProx_l approaching upper bound of 1
   bflh_l approaching upper bound of 1
   fhl_l approaching upper bound of 1
   glmax3_l approaching upper bound of 1
   psoas_l approaching upper bound of 1
   sart_l approaching upper bound of 1
   tibpost_l approaching upper bound of 1
   hip_flexion_r_reserve approaching lower bound of -1
   hip_rotation_r_reserve approaching lower bound of -1
   knee_angle_r_reserve approaching lower bound of -1
   hip_adduction_l_reserve approaching lower bound of -1
   hip_rotation_l_reserve approaching lower bound of -1

[2026-03-04 08:39:36.424] [cout] [info] time = 1.59 Performance = 146.601 Constraint violation = 531.438
[2026-03-04 08:39:37.994] [warning] SimTK Exception thrown at InteriorPointOptimizer.cpp:264:
  Optimizer failed: Ipopt: Maximum iterations exceeded (status -1)
[2026-03-04 08:39:37.994] [warning] OPTIMIZATION FAILED...
[2026-03-04 08:39:37.995] [warning] StaticOptimization.record: The optimizer could not find a solution at time = 1.595.
[2026-03-04 08:39:37.995] [warning] The model appears too weak for static optimization.
Try increasing the strength and/or range of the following force(s):
   vaslat_r approaching upper bound of 1
   addmagDist_l approaching upper bound of 1
   addmagMid_l approaching upper bound of 1
   addmagProx_l approaching upper bound of 1
   bflh_l approaching upper bound of 1
   glmax3_l approaching upper bound of 1
   psoas_l approaching upper bound of 1
   sart_l approaching upper bound of 1
   vaslat_l approaching upper bound of 1
   hip_adduction_l_reserve approaching lower bound of -1
   hip_rotation_l_reserve approaching lower bound of -1

[2026-03-04 08:39:37.995] [cout] [info] time = 1.595 Performance = 118.611 Constraint violation = 171.503
[2026-03-04 08:39:39.305] [warning] SimTK Exception thrown at InteriorPointOptimizer.cpp:264:
  Optimizer failed: Ipopt: Maximum iterations exceeded (status -1)
[2026-03-04 08:39:39.305] [warning] OPTIMIZATION FAILED...
[2026-03-04 08:39:39.305] [warning] StaticOptimization.record: The optimizer could not find a solution at time = 1.6.
[2026-03-04 08:39:39.306] [warning] The model appears too weak for static optimization.
Try increasing the strength and/or range of the following force(s):
   vaslat_r approaching upper bound of 1
   addmagDist_l approaching upper bound of 1
   addmagMid_l approaching upper bound of 1
   addmagProx_l approaching upper bound of 1
   bflh_l approaching upper bound of 1
   glmax3_l approaching upper bound of 1
   psoas_l approaching upper bound of 1
   sart_l approaching upper bound of 1
   vaslat_l approaching upper bound of 1
   hip_rotation_r_reserve approaching lower bound of -1
   hip_adduction_l_reserve approaching lower bound of -1
   hip_rotation_l_reserve approaching lower bound of -1

[2026-03-04 08:39:39.306] [cout] [info] time = 1.6 Performance = 1215.13 Constraint violation = 291.758
[2026-03-04 08:39:39.571] [cout] [info] time = 1.60500 Performance = 349.881 Constraint violation = 4.46232e-11
[2026-03-04 08:39:39.831] [cout] [info] time = 1.61 Performance = 349.4 Constraint violation = 4.34367e-12
[2026-03-04 08:39:40.092] [cout] [info] time = 1.615 Performance = 349.315 Constraint violation = 6.73897e-11
[2026-03-04 08:39:40.357] [cout] [info] time = 1.62 Performance = 348.84 Constraint violation = 8.27126e-11
[2026-03-04 08:39:40.617] [cout] [info] time = 1.625 Performance = 347.928 Constraint violation = 1.073e-10
[2026-03-04 08:39:40.874] [cout] [info] time = 1.63 Performance = 346.559 Constraint violation = 9.8313e-12
[2026-03-04 08:39:41.137] [cout] [info] time = 1.635 Performance = 344.712 Constraint violation = 1.88165e-11
[2026-03-04 08:39:41.401] [cout] [info] time = 1.64 Performance = 342.35 Constraint violation = 2.5237e-10
[2026-03-04 08:39:41.654] [cout] [info] time = 1.645 Performance = 339.48 Constraint violation = 1.54651e-10
[2026-03-04 08:39:41.914] [cout] [info] time = 1.65 Performance = 336.14 Constraint violation = 1.42909e-10
[2026-03-04 08:39:42.177] [cout] [info] time = 1.655 Performance = 332.384 Constraint violation = 2.596e-11
[2026-03-04 08:39:42.440] [cout] [info] time = 1.66 Performance = 328.277 Constraint violation = 1.14766e-10
[2026-03-04 08:39:42.690] [cout] [info] time = 1.665 Performance = 323.914 Constraint violation = 7.67996e-10
[2026-03-04 08:39:42.944] [cout] [info] time = 1.67 Performance = 319.352 Constraint violation = 2.68868e-11
[2026-03-04 08:39:43.194] [cout] [info] time = 1.675 Performance = 314.643 Constraint violation = 1.90890e-10
[2026-03-04 08:39:43.447] [cout] [info] time = 1.68 Performance = 309.861 Constraint violation = 3.73023e-10
[2026-03-04 08:39:43.698] [cout] [info] time = 1.685 Performance = 305.061 Constraint violation = 7.97219e-10
[2026-03-04 08:39:43.947] [cout] [info] time = 1.69 Performance = 300.282 Constraint violation = 7.0396e-12
[2026-03-04 08:39:44.203] [cout] [info] time = 1.695 Performance = 295.553 Constraint violation = 1.05569e-10
[2026-03-04 08:39:44.454] [cout] [info] time = 1.7 Performance = 290.906 Constraint violation = 1.03282e-10
[2026-03-04 08:39:44.711] [cout] [info] time = 1.70500 Performance = 286.364 Constraint violation = 7.65387e-11
[2026-03-04 08:39:44.958] [cout] [info] time = 1.71 Performance = 281.948 Constraint violation = 4.60519e-10
[2026-03-04 08:39:45.203] [cout] [info] time = 1.715 Performance = 277.68 Constraint violation = 6.78918e-11
[2026-03-04 08:39:45.450] [cout] [info] time = 1.72 Performance = 273.578 Constraint violation = 4.50419e-11
[2026-03-04 08:39:45.692] [cout] [info] time = 1.725 Performance = 269.649 Constraint violation = 1.53667e-11
[2026-03-04 08:39:45.937] [cout] [info] time = 1.73 Performance = 265.875 Constraint violation = 1.01372e-10
[2026-03-04 08:39:46.178] [cout] [info] time = 1.735 Performance = 262.226 Constraint violation = 1.80579e-10
[2026-03-04 08:39:46.421] [cout] [info] time = 1.74 Performance = 258.656 Constraint violation = 1.64546e-11
[2026-03-04 08:39:46.659] [cout] [info] time = 1.745 Performance = 255.101 Constraint violation = 1.97482e-11
[2026-03-04 08:39:46.898] [cout] [info] time = 1.75 Performance = 251.477 Constraint violation = 6.82357e-11
[2026-03-04 08:39:47.134] [cout] [info] time = 1.755 Performance = 247.688 Constraint violation = 1.60298e-10
[2026-03-04 08:39:47.375] [cout] [info] time = 1.76 Performance = 243.658 Constraint violation = 3.48669e-11
[2026-03-04 08:39:47.615] [cout] [info] time = 1.765 Performance = 239.331 Constraint violation = 2.70738e-11
[2026-03-04 08:39:47.850] [cout] [info] time = 1.77 Performance = 234.679 Constraint violation = 5.96313e-11
[2026-03-04 08:39:48.092] [cout] [info] time = 1.775 Performance = 229.691 Constraint violation = 3.64927e-11
[2026-03-04 08:39:48.327] [cout] [info] time = 1.78 Performance = 224.395 Constraint violation = 1.19321e-10
[2026-03-04 08:39:48.564] [cout] [info] time = 1.785 Performance = 218.83 Constraint violation = 9.18962e-11
[2026-03-04 08:39:48.812] [cout] [info] time = 1.79 Performance = 213.04 Constraint violation = 2.68239e-11
[2026-03-04 08:39:49.048] [cout] [info] time = 1.795 Performance = 207.073 Constraint violation = 1.67292e-11
[2026-03-04 08:39:49.284] [cout] [info] time = 1.8 Performance = 200.979 Constraint violation = 2.88177e-11
[2026-03-04 08:39:49.518] [cout] [info] time = 1.80500 Performance = 194.821 Constraint violation = 1.48904e-11
[2026-03-04 08:39:49.754] [cout] [info] time = 1.81 Performance = 188.656 Constraint violation = 5.81534e-11
[2026-03-04 08:39:49.991] [cout] [info] time = 1.815 Performance = 182.548 Constraint violation = 1.82831e-10
[2026-03-04 08:39:50.224] [cout] [info] time = 1.82 Performance = 176.56 Constraint violation = 1.32415e-11
[2026-03-04 08:39:50.460] [cout] [info] time = 1.825 Performance = 170.721 Constraint violation = 1.1889e-10
[2026-03-04 08:39:50.695] [cout] [info] time = 1.83 Performance = 165.044 Constraint violation = 2.49937e-11
[2026-03-04 08:39:50.929] [cout] [info] time = 1.835 Performance = 159.539 Constraint violation = 3.8656e-11
[2026-03-04 08:39:51.160] [cout] [info] time = 1.84 Performance = 154.217 Constraint violation = 2.57801e-11
[2026-03-04 08:39:51.389] [cout] [info] time = 1.845 Performance = 149.138 Constraint violation = 1.93309e-12
[2026-03-04 08:39:51.617] [cout] [info] time = 1.85 Performance = 144.318 Constraint violation = 1.01356e-11
[2026-03-04 08:39:51.845] [cout] [info] time = 1.855 Performance = 139.753 Constraint violation = 6.17946e-11
[2026-03-04 08:39:52.076] [cout] [info] time = 1.86 Performance = 135.427 Constraint violation = 1.21969e-11
[2026-03-04 08:39:52.310] [cout] [info] time = 1.865 Performance = 131.326 Constraint violation = 7.40487e-11
[2026-03-04 08:39:52.539] [cout] [info] time = 1.87 Performance = 127.43 Constraint violation = 1.37192e-10
[2026-03-04 08:39:52.766] [cout] [info] time = 1.875 Performance = 123.715 Constraint violation = 1.97747e-10
[2026-03-04 08:39:52.994] [cout] [info] time = 1.88 Performance = 120.157 Constraint violation = 1.70442e-10
[2026-03-04 08:39:53.225] [cout] [info] time = 1.885 Performance = 116.732 Constraint violation = 2.12277e-10
[2026-03-04 08:39:53.459] [cout] [info] time = 1.89 Performance = 113.415 Constraint violation = 1.05778e-10
[2026-03-04 08:39:53.686] [cout] [info] time = 1.895 Performance = 110.168 Constraint violation = 1.05292e-10
[2026-03-04 08:39:53.916] [cout] [info] time = 1.9 Performance = 106.952 Constraint violation = 1.07739e-10
[2026-03-04 08:39:54.143] [cout] [info] time = 1.90500 Performance = 103.736 Constraint violation = 3.95337e-10
[2026-03-04 08:39:54.372] [cout] [info] time = 1.91 Performance = 100.503 Constraint violation = 3.93070e-11
[2026-03-04 08:39:54.599] [cout] [info] time = 1.915 Performance = 97.2438 Constraint violation = 1.16691e-11
[2026-03-04 08:39:54.828] [cout] [info] time = 1.92 Performance = 93.9498 Constraint violation = 1.43157e-10
[2026-03-04 08:39:55.056] [cout] [info] time = 1.925 Performance = 90.6096 Constraint violation = 2.53019e-12
[2026-03-04 08:39:55.285] [cout] [info] time = 1.93 Performance = 87.2116 Constraint violation = 7.25084e-12
[2026-03-04 08:39:55.515] [cout] [info] time = 1.935 Performance = 83.7508 Constraint violation = 1.11585e-11
[2026-03-04 08:39:55.741] [cout] [info] time = 1.94 Performance = 80.2272 Constraint violation = 1.93408e-12
[2026-03-04 08:39:55.975] [cout] [info] time = 1.945 Performance = 76.6431 Constraint violation = 1.18128e-11
[2026-03-04 08:39:56.201] [cout] [info] time = 1.95 Performance = 73.0020 Constraint violation = 3.03031e-12
[2026-03-04 08:39:56.433] [cout] [info] time = 1.955 Performance = 69.3115 Constraint violation = 1.71685e-12
[2026-03-04 08:39:56.670] [cout] [info] time = 1.96 Performance = 65.5868 Constraint violation = 1.32273e-11
[2026-03-04 08:39:57.001] [cout] [info] time = 1.965 Performance = 61.8516 Constraint violation = 1.65771e-11
[2026-03-04 08:39:57.326] [cout] [info] time = 1.97 Performance = 58.1318 Constraint violation = 3.66696e-11
[2026-03-04 08:39:57.629] [cout] [info] time = 1.975 Performance = 54.4493 Constraint violation = 2.84161e-12
[2026-03-04 08:39:57.890] [cout] [info] time = 1.98 Performance = 50.8175 Constraint violation = 2.01983e-10
[2026-03-04 08:39:58.118] [cout] [info] time = 1.985 Performance = 47.2458 Constraint violation = 4.46046e-11
[2026-03-04 08:39:58.349] [cout] [info] time = 1.99 Performance = 43.7477 Constraint violation = 4.46127e-12
[2026-03-04 08:39:58.584] [cout] [info] time = 1.995 Performance = 40.3416 Constraint violation = 3.68206e-11
[2026-03-04 08:39:58.816] [cout] [info] time = 2.0 Performance = 37.0514 Constraint violation = 3.11997e-11
[2026-03-04 08:39:59.045] [cout] [info] time = 2.00500 Performance = 33.9004 Constraint violation = 2.21551e-12
[2026-03-04 08:39:59.290] [cout] [info] time = 2.01 Performance = 30.9096 Constraint violation = 5.66545e-12
[2026-03-04 08:39:59.527] [cout] [info] time = 2.015 Performance = 28.0983 Constraint violation = 8.03511e-12
[2026-03-04 08:39:59.766] [cout] [info] time = 2.02 Performance = 25.4808 Constraint violation = 1.85682e-12
[2026-03-04 08:40:00.004] [cout] [info] time = 2.025 Performance = 23.0653 Constraint violation = 1.39847e-12
[2026-03-04 08:40:00.319] [cout] [info] time = 2.03 Performance = 20.8548 Constraint violation = 2.78712e-12
[2026-03-04 08:40:00.558] [cout] [info] time = 2.035 Performance = 18.8454 Constraint violation = 1.37664e-12
[2026-03-04 08:40:00.797] [cout] [info] time = 2.04 Performance = 17.027 Constraint violation = 1.91207e-12
[2026-03-04 08:40:01.041] [cout] [info] time = 2.045 Performance = 15.3837 Constraint violation = 2.00768e-12
[2026-03-04 08:40:01.282] [cout] [info] time = 2.05 Performance = 13.8967 Constraint violation = 1.35452e-12
[2026-03-04 08:40:01.524] [cout] [info] time = 2.055 Performance = 12.5463 Constraint violation = 9.46167e-13
[2026-03-04 08:40:01.761] [cout] [info] time = 2.06 Performance = 11.3135 Constraint violation = 1.74457e-12
[2026-03-04 08:40:02.002] [cout] [info] time = 2.065 Performance = 10.1809 Constraint violation = 1.36521e-12
[2026-03-04 08:40:02.240] [cout] [info] time = 2.07 Performance = 9.13338 Constraint violation = 1.61687e-12
[2026-03-04 08:40:02.486] [cout] [info] time = 2.075 Performance = 8.1589 Constraint violation = 1.55544e-12
[2026-03-04 08:40:02.732] [cout] [info] time = 2.08 Performance = 7.24818 Constraint violation = 8.44387e-13
[2026-03-04 08:40:02.984] [cout] [info] time = 2.085 Performance = 6.39595 Constraint violation = 1.47695e-12
[2026-03-04 08:40:03.235] [cout] [info] time = 2.09 Performance = 5.5995 Constraint violation = 1.03051e-12
[2026-03-04 08:40:03.520] [cout] [info] time = 2.095 Performance = 4.85967 Constraint violation = 2.09994e-12
[2026-03-04 08:40:03.795] [cout] [info] time = 2.1 Performance = 4.18051 Constraint violation = 1.56943e-12
[2026-03-04 08:40:04.070] [cout] [info] time = 2.10500 Performance = 3.56772 Constraint violation = 7.55212e-13
[2026-03-04 08:40:04.316] [cout] [info] time = 2.11 Performance = 3.02745 Constraint violation = 8.05376e-13
[2026-03-04 08:40:04.565] [cout] [info] time = 2.115 Performance = 2.56523 Constraint violation = 8.54137e-13
[2026-03-04 08:40:04.811] [cout] [info] time = 2.12 Performance = 2.18464 Constraint violation = 9.5223e-13
[2026-03-04 08:40:05.062] [cout] [info] time = 2.125 Performance = 1.88659 Constraint violation = 9.28035e-13
[2026-03-04 08:40:05.306] [cout] [info] time = 2.13 Performance = 1.6688 Constraint violation = 1.2127e-12
[2026-03-04 08:40:05.557] [cout] [info] time = 2.135 Performance = 1.52581 Constraint violation = 8.71688e-13
[2026-03-04 08:40:05.808] [cout] [info] time = 2.14 Performance = 1.44871 Constraint violation = 1.00557e-12
[2026-03-04 08:40:06.051] [cout] [info] time = 2.145 Performance = 1.42872 Constraint violation = 8.59855e-13
[2026-03-04 08:40:06.302] [cout] [info] time = 2.15 Performance = 1.45038 Constraint violation = 7.44617e-13
[2026-03-04 08:40:06.553] [cout] [info] time = 2.155 Performance = 1.50466 Constraint violation = 1.84405e-12
[2026-03-04 08:40:06.801] [cout] [info] time = 2.16 Performance = 1.58126 Constraint violation = 2.64355e-13
[2026-03-04 08:40:07.050] [cout] [info] time = 2.165 Performance = 1.67153 Constraint violation = 1.21329e-12
[2026-03-04 08:40:07.296] [cout] [info] time = 2.17 Performance = 1.77263 Constraint violation = 9.62338e-13
[2026-03-04 08:40:07.549] [cout] [info] time = 2.175 Performance = 1.88975 Constraint violation = 1.01823e-12
[2026-03-04 08:40:07.797] [cout] [info] time = 2.18 Performance = 2.03056 Constraint violation = 1.78122e-12
[2026-03-04 08:40:08.050] [cout] [info] time = 2.185 Performance = 2.21268 Constraint violation = 1.38811e-12
[2026-03-04 08:40:08.304] [cout] [info] time = 2.19 Performance = 2.46289 Constraint violation = 9.46941e-13
[2026-03-04 08:40:08.565] [cout] [info] time = 2.195 Performance = 2.81272 Constraint violation = 7.41020e-13
[2026-03-04 08:40:08.813] [cout] [info] time = 2.2 Performance = 3.30102 Constraint violation = 4.46251e-13
[2026-03-04 08:40:09.062] [cout] [info] time = 2.20500 Performance = 3.96836 Constraint violation = 8.54807e-13
[2026-03-04 08:40:09.316] [cout] [info] time = 2.21 Performance = 4.85824 Constraint violation = 1.13384e-12
[2026-03-04 08:40:09.565] [cout] [info] time = 2.215 Performance = 6.01526 Constraint violation = 1.95137e-12
[2026-03-04 08:40:09.818] [cout] [info] time = 2.22 Performance = 7.47671 Constraint violation = 1.07839e-11
[2026-03-04 08:40:10.077] [cout] [info] time = 2.225 Performance = 9.2778 Constraint violation = 2.78030e-10
[2026-03-04 08:40:10.328] [cout] [info] time = 2.23 Performance = 11.4413 Constraint violation = 1.63275e-12
[2026-03-04 08:40:10.581] [cout] [info] time = 2.235 Performance = 13.974 Constraint violation = 2.94158e-12
[2026-03-04 08:40:10.830] [cout] [info] time = 2.24 Performance = 16.8685 Constraint violation = 4.93783e-12
[2026-03-04 08:40:11.079] [cout] [info] time = 2.245 Performance = 20.1023 Constraint violation = 1.05943e-11
[2026-03-04 08:40:11.334] [cout] [info] time = 2.25 Performance = 23.6329 Constraint violation = 1.56278e-11
[2026-03-04 08:40:11.587] [cout] [info] time = 2.255 Performance = 27.4022 Constraint violation = 1.16012e-11
[2026-03-04 08:40:11.838] [cout] [info] time = 2.26 Performance = 31.3369 Constraint violation = 1.77493e-12
[2026-03-04 08:40:12.089] [cout] [info] time = 2.265 Performance = 35.3515 Constraint violation = 6.50634e-12
[2026-03-04 08:40:12.341] [cout] [info] time = 2.27 Performance = 39.3507 Constraint violation = 2.25169e-11
[2026-03-04 08:40:12.592] [cout] [info] time = 2.275 Performance = 43.2341 Constraint violation = 1.94351e-11
[2026-03-04 08:40:12.845] [cout] [info] time = 2.28 Performance = 46.9025 Constraint violation = 4.02873e-12
[2026-03-04 08:40:13.097] [cout] [info] time = 2.285 Performance = 50.2634 Constraint violation = 1.29256e-11
[2026-03-04 08:40:13.409] [cout] [info] time = 2.29 Performance = 53.2375 Constraint violation = 9.25715e-12
[2026-03-04 08:40:13.660] [cout] [info] time = 2.295 Performance = 55.7623 Constraint violation = 1.23689e-10
[2026-03-04 08:40:13.910] [cout] [info] time = 2.3 Performance = 57.7938 Constraint violation = 3.74071e-11
[2026-03-04 08:40:14.161] [cout] [info] time = 2.30500 Performance = 59.3063 Constraint violation = 8.02776e-12
[2026-03-04 08:40:14.418] [cout] [info] time = 2.31 Performance = 60.2916 Constraint violation = 3.6812e-12
[2026-03-04 08:40:14.720] [cout] [info] time = 2.315 Performance = 60.7581 Constraint violation = 9.60747e-12
[2026-03-04 08:40:14.974] [cout] [info] time = 2.32 Performance = 60.7303 Constraint violation = 3.12688e-11
[2026-03-04 08:40:15.232] [cout] [info] time = 2.325 Performance = 60.2459 Constraint violation = 4.79703e-11
[2026-03-04 08:40:15.485] [cout] [info] time = 2.33 Performance = 59.353 Constraint violation = 6.44772e-11
[2026-03-04 08:40:15.736] [cout] [info] time = 2.335 Performance = 58.1055 Constraint violation = 6.3784e-12
[2026-03-04 08:40:15.994] [cout] [info] time = 2.34 Performance = 56.5599 Constraint violation = 2.97331e-11
[2026-03-04 08:40:16.248] [cout] [info] time = 2.345 Performance = 54.7718 Constraint violation = 9.67373e-12
[2026-03-04 08:40:16.501] [cout] [info] time = 2.35 Performance = 52.7934 Constraint violation = 8.98414e-11
[2026-03-04 08:40:16.755] [cout] [info] time = 2.355 Performance = 50.6717 Constraint violation = 5.64682e-12
[2026-03-04 08:40:17.007] [cout] [info] time = 2.36 Performance = 48.4485 Constraint violation = 1.12572e-10
[2026-03-04 08:40:17.263] [cout] [info] time = 2.365 Performance = 46.1623 Constraint violation = 4.09985e-11
[2026-03-04 08:40:17.514] [cout] [info] time = 2.37 Performance = 43.8495 Constraint violation = 8.84481e-11
[2026-03-04 08:40:17.774] [cout] [info] time = 2.375 Performance = 41.5444 Constraint violation = 1.83411e-11
[2026-03-04 08:40:18.034] [cout] [info] time = 2.38 Performance = 39.2795 Constraint violation = 2.55391e-11
[2026-03-04 08:40:18.290] [cout] [info] time = 2.385 Performance = 37.0841 Constraint violation = 2.00813e-12
[2026-03-04 08:40:18.542] [cout] [info] time = 2.39 Performance = 34.9846 Constraint violation = 1.09534e-11
[2026-03-04 08:40:18.793] [cout] [info] time = 2.395 Performance = 33.0027 Constraint violation = 2.01189e-11
[2026-03-04 08:40:19.045] [cout] [info] time = 2.4 Performance = 31.1553 Constraint violation = 2.21085e-11
[2026-03-04 08:40:19.294] [cout] [info] time = 2.40500 Performance = 29.4536 Constraint violation = 1.61151e-11
[2026-03-04 08:40:19.544] [cout] [info] time = 2.41 Performance = 27.9039 Constraint violation = 1.3641e-11
[2026-03-04 08:40:19.796] [cout] [info] time = 2.415 Performance = 26.5105 Constraint violation = 3.12657e-12
[2026-03-04 08:40:20.049] [cout] [info] time = 2.42 Performance = 25.2757 Constraint violation = 1.07425e-11
[2026-03-04 08:40:20.301] [cout] [info] time = 2.425 Performance = 24.2009 Constraint violation = 3.5641e-11
[2026-03-04 08:40:20.554] [cout] [info] time = 2.43 Performance = 23.2878 Constraint violation = 2.17615e-11
[2026-03-04 08:40:20.803] [cout] [info] time = 2.435 Performance = 22.5369 Constraint violation = 1.07034e-11
[2026-03-04 08:40:21.060] [cout] [info] time = 2.44 Performance = 21.9478 Constraint violation = 3.79264e-12
[2026-03-04 08:40:21.310] [cout] [info] time = 2.445 Performance = 21.5152 Constraint violation = 2.60594e-12
[2026-03-04 08:40:21.565] [cout] [info] time = 2.45 Performance = 21.2368 Constraint violation = 3.33837e-12
[2026-03-04 08:40:21.815] [cout] [info] time = 2.455 Performance = 21.1006 Constraint violation = 1.19144e-11
[2026-03-04 08:40:22.070] [cout] [info] time = 2.46 Performance = 21.1036 Constraint violation = 1.01913e-11
[2026-03-04 08:40:22.339] [cout] [info] time = 2.465 Performance = 21.237 Constraint violation = 4.4997e-12
[2026-03-04 08:40:22.604] [cout] [info] time = 2.47 Performance = 21.4956 Constraint violation = 1.01883e-11
[2026-03-04 08:40:22.852] [cout] [info] time = 2.475 Performance = 21.8754 Constraint violation = 2.11883e-12
[2026-03-04 08:40:23.107] [cout] [info] time = 2.48 Performance = 22.371 Constraint violation = 9.93844e-12
[2026-03-04 08:40:23.361] [cout] [info] time = 2.485 Performance = 22.9757 Constraint violation = 4.3487e-12
[2026-03-04 08:40:23.626] [cout] [info] time = 2.49 Performance = 23.6851 Constraint violation = 7.22229e-12
[2026-03-04 08:40:23.876] [cout] [info] time = 2.495 Performance = 24.4911 Constraint violation = 4.6421e-12
[2026-03-04 08:40:24.129] [cout] [info] time = 2.5 Performance = 25.3849 Constraint violation = 1.44122e-12
[2026-03-04 08:40:24.383] [cout] [info] time = 2.50500 Performance = 26.3544 Constraint violation = 2.54736e-12
[2026-03-04 08:40:24.634] [cout] [info] time = 2.51 Performance = 27.3872 Constraint violation = 2.65913e-11
[2026-03-04 08:40:24.885] [cout] [info] time = 2.515 Performance = 28.4697 Constraint violation = 2.25645e-12
[2026-03-04 08:40:25.135] [cout] [info] time = 2.52 Performance = 29.5888 Constraint violation = 8.48942e-12
[2026-03-04 08:40:25.387] [cout] [info] time = 2.525 Performance = 30.731 Constraint violation = 7.9589e-12
[2026-03-04 08:40:25.637] [cout] [info] time = 2.53 Performance = 31.8856 Constraint violation = 3.24974e-12
[2026-03-04 08:40:25.890] [cout] [info] time = 2.535 Performance = 33.0401 Constraint violation = 8.28318e-12
[2026-03-04 08:40:26.141] [cout] [info] time = 2.54 Performance = 34.1822 Constraint violation = 1.60467e-11
[2026-03-04 08:40:26.401] [cout] [info] time = 2.545 Performance = 35.2998 Constraint violation = 3.86185e-12
[2026-03-04 08:40:26.652] [cout] [info] time = 2.55 Performance = 36.3812 Constraint violation = 7.24925e-12
[2026-03-04 08:40:26.906] [cout] [info] time = 2.555 Performance = 37.4156 Constraint violation = 1.85745e-12
[2026-03-04 08:40:27.160] [cout] [info] time = 2.56 Performance = 38.3917 Constraint violation = 5.71022e-12
[2026-03-04 08:40:27.411] [cout] [info] time = 2.565 Performance = 39.2965 Constraint violation = 9.41419e-12
[2026-03-04 08:40:27.685] [cout] [info] time = 2.57 Performance = 40.1171 Constraint violation = 8.51193e-12
[2026-03-04 08:40:27.979] [cout] [info] time = 2.575 Performance = 40.8329 Constraint violation = 3.28407e-11
[2026-03-04 08:40:28.233] [cout] [info] time = 2.58 Performance = 41.4361 Constraint violation = 3.25369e-12
[2026-03-04 08:40:28.488] [cout] [info] time = 2.585 Performance = 41.9057 Constraint violation = 2.70246e-12
[2026-03-04 08:40:28.742] [cout] [info] time = 2.59 Performance = 42.2377 Constraint violation = 5.04814e-12
[2026-03-04 08:40:28.996] [cout] [info] time = 2.595 Performance = 42.4154 Constraint violation = 3.22472e-11
[2026-03-04 08:40:29.244] [cout] [info] time = 2.6 Performance = 42.4418 Constraint violation = 9.23427e-12
[2026-03-04 08:40:29.495] [cout] [info] time = 2.60500 Performance = 42.3134 Constraint violation = 7.13445e-12
[2026-03-04 08:40:29.743] [cout] [info] time = 2.61 Performance = 42.0347 Constraint violation = 4.56442e-11
[2026-03-04 08:40:30.030] [cout] [info] time = 2.615 Performance = 41.6165 Constraint violation = 2.23112e-11
[2026-03-04 08:40:30.303] [cout] [info] time = 2.62 Performance = 41.073 Constraint violation = 9.10240e-12
[2026-03-04 08:40:30.615] [cout] [info] time = 2.625 Performance = 40.4202 Constraint violation = 7.35205e-12
[2026-03-04 08:40:30.863] [cout] [info] time = 2.63 Performance = 39.6757 Constraint violation = 3.80909e-11
[2026-03-04 08:40:31.118] [cout] [info] time = 2.635 Performance = 38.8669 Constraint violation = 6.51518e-12
[2026-03-04 08:40:31.371] [cout] [info] time = 2.64 Performance = 38.0167 Constraint violation = 1.91922e-11
[2026-03-04 08:40:31.623] [cout] [info] time = 2.645 Performance = 37.1522 Constraint violation = 2.88856e-12
[2026-03-04 08:40:31.626] [info] Printing results of investigation SO to .
[2026-03-04 08:40:32.233] [info] Loaded model Athlete_03_Uhlrich_scaled from file ..\..\..\..\models\Athlete_03_Uhlrich\25_03_31\scaled.osim
[2026-03-04 08:40:32.414] [info] Loaded model Athlete_03_Uhlrich_scaled from file ..\..\..\..\models\Athlete_03_Uhlrich\25_03_31\scaled.osim
[2026-03-04 08:40:32.571] [info] Loaded model Athlete_03_Uhlrich_scaled from file ..\..\..\..\models\Athlete_03_Uhlrich\25_03_31\scaled.osim
[2026-03-04 08:40:32.730] [info] Loaded model Athlete_03_Uhlrich_scaled from file ..\..\..\..\models\Athlete_03_Uhlrich\25_03_31\scaled.osim
[2026-03-04 08:40:32.892] [info] Loaded model Athlete_03_Uhlrich_scaled from file ..\..\..\..\models\Athlete_03_Uhlrich\25_03_31\scaled.osim
[2026-03-04 08:40:33.054] [info] Loaded model Athlete_03_Uhlrich_scaled from file ..\..\..\..\models\Athlete_03_Uhlrich\25_03_31\scaled.osim
[2026-03-04 08:40:33.313] [info] Loaded model Athlete_03_Uhlrich_scaled from file ..\..\..\..\models\Athlete_03_Uhlrich\25_03_31\scaled.osim
[2026-03-04 08:40:33.412] [info] Loaded model Athlete_03_Uhlrich_scaled from file ..\..\..\..\models\Athlete_03_Uhlrich\25_03_31\scaled.osim
[2026-03-04 08:40:33.496] [info] Loaded model Athlete_03_Uhlrich_scaled from file ..\..\..\..\models\Athlete_03_Uhlrich\25_03_31\scaled.osim
[2026-03-04 08:40:33.582] [info] Loaded model Athlete_03_Uhlrich_scaled from file ..\..\..\..\models\Athlete_03_Uhlrich\25_03_31\scaled.osim
[2026-03-04 08:40:33.674] [info] Loaded model Athlete_03_Uhlrich_scaled from file ..\..\..\..\models\Athlete_03_Uhlrich\25_03_31\scaled.osim
[2026-03-04 08:40:33.757] [info] Loaded model Athlete_03_Uhlrich_scaled from file ..\..\..\..\models\Athlete_03_Uhlrich\25_03_31\scaled.osim
[2026-03-04 08:40:33.841] [info] Loaded model Athlete_03_Uhlrich_scaled from file ..\..\..\..\models\Athlete_03_Uhlrich\25_03_31\scaled.osim
[2026-03-04 08:40:33.999] [info] Loaded model Athlete_03_Uhlrich_scaled from file ..\..\..\..\models\Athlete_03_Uhlrich\25_03_31\scaled.osim
[2026-03-04 08:40:35.463] [info] Loaded model Athlete_03_Uhlrich_scaled from file ..\..\..\..\models\Athlete_03_Uhlrich\25_03_31\scaled.osim
[2026-03-04 08:40:35.507] [info] Storage: read data file = joint_angles.mot (nr=529 nc=40)
[2026-03-04 08:40:35.518] [info] Storage: read data file = joint_angles.mot (nr=529 nc=40)
[2026-03-04 08:40:35.554] [info] Loaded model Athlete_03_Uhlrich_scaled from file ..\..\..\..\models\Athlete_03_Uhlrich\25_03_31\scaled.osim
[2026-03-04 08:40:35.624] [info] AbstractTool Analyse loading model ..\..\..\..\models\Athlete_03_Uhlrich\25_03_31\scaled.osim
[2026-03-04 08:40:35.651] [info] Loaded model Athlete_03_Uhlrich_scaled from file ..\..\..\..\models\Athlete_03_Uhlrich\25_03_31\scaled.osim
[2026-03-04 08:40:35.775] [info] Storage: read data file = grf.mot (nr=5300 nc=46)
[2026-03-04 08:40:35.837] [info] ExternalForce::grf_r_4 Data source being set to grf
[2026-03-04 08:40:35.837] [info] ExternalForce::grf_l_5 Data source being set to grf
[2026-03-04 08:40:35.844] [info] Loading coordinates from file 'joint_angles.mot'.
[2026-03-04 08:40:35.844] [info] Storage: read data file = joint_angles.mot (nr=529 nc=40)
[2026-03-04 08:40:35.853] [info] Low-pass filtering coordinates data with a cutoff frequency of 6.0...
[2026-03-04 08:40:36.139] [info] AssemblySolver::track() attempt Failed: SimTK Exception thrown at Assembler.cpp:973:
  Method Assembler::track() failed because:
Unable to achieve required assembly error tolerance.
Assembly error tolerance achieved: 9.9519392145477355e-09 required: 1e-10.
[2026-03-04 08:40:36.146] [error] Model unable to assemble: AssemblySolver::assemble() Failed: SimTK Exception thrown at Assembler.cpp:897:
  Method Assembler::assemble() failed because:
Unable to achieve required assembly error tolerance.
Assembly error tolerance achieved: 9.9519392145479092e-09 required: 1e-10..Model relaxing constraints and trying again.
[2026-03-04 08:40:36.605] [info] Found 1057 state vectors with time stamps ranging from -1.315 to 3.965.
[2026-03-04 08:40:36.605] [info] Executing the analyses from 0.00500000 to 2.645...
[2026-03-04 08:40:36.607] [info] Loading actuator forces from file SO_StaticOptimization_force.sto.
[2026-03-04 08:40:36.607] [info] Storage: read data file = SO_StaticOptimization_force.sto (nr=529 nc=132)
[2026-03-04 08:40:36.637] [info] Found 131 actuator forces with time stamps ranging from 0.00500000to 2.645.
[2026-03-04 08:40:36.637] [warning] The forces file contains actuators that are not in the model's actuator set.
[2026-03-04 08:40:36.637] [warning] Ignoring fiber lengths and activations from the states since forces_file is also set. Actuator forces will be constructed from SO_StaticOptimization_force.sto.
[2026-03-04 08:40:37.832] [info] Printing results of investigation Analyse to .
[2026-03-04 08:40:37.908] [info] Loaded model Athlete_03_Uhlrich_scaled from file ..\..\..\..\models\Athlete_03_Uhlrich\25_03_31\scaled.osim
[2026-03-04 08:41:30.948] [info] Loaded model Athlete_03_Uhlrich_scaled from file ..\..\..\..\models\Athlete_03_Uhlrich\25_03_31\scaled.osim
[2026-03-04 08:41:30.992] [info] Storage: read data file = joint_angles.mot (nr=529 nc=40)
[2026-03-04 08:41:31.001] [info] Storage: read data file = joint_angles.mot (nr=529 nc=40)
[2026-03-04 08:41:31.038] [info] Loaded model Athlete_03_Uhlrich_scaled from file ..\..\..\..\models\Athlete_03_Uhlrich\25_03_31\scaled.osim
[2026-03-04 08:41:31.104] [info] AbstractTool Analyse loading model ..\..\..\..\models\Athlete_03_Uhlrich\25_03_31\scaled.osim
[2026-03-04 08:41:31.131] [info] Loaded model Athlete_03_Uhlrich_scaled from file ..\..\..\..\models\Athlete_03_Uhlrich\25_03_31\scaled.osim
[2026-03-04 08:41:31.262] [info] Storage: read data file = grf.mot (nr=5300 nc=46)
[2026-03-04 08:41:31.331] [info] ExternalForce::grf_r_4 Data source being set to grf
[2026-03-04 08:41:31.331] [info] ExternalForce::grf_l_5 Data source being set to grf
[2026-03-04 08:41:31.343] [info] Loading coordinates from file 'joint_angles.mot'.
[2026-03-04 08:41:31.343] [info] Storage: read data file = joint_angles.mot (nr=529 nc=40)
[2026-03-04 08:41:31.352] [info] Low-pass filtering coordinates data with a cutoff frequency of 6.0...
[2026-03-04 08:41:31.630] [info] AssemblySolver::track() attempt Failed: SimTK Exception thrown at Assembler.cpp:973:
  Method Assembler::track() failed because:
Unable to achieve required assembly error tolerance.
Assembly error tolerance achieved: 9.9519392145477355e-09 required: 1e-10.
[2026-03-04 08:41:31.638] [error] Model unable to assemble: AssemblySolver::assemble() Failed: SimTK Exception thrown at Assembler.cpp:897:
  Method Assembler::assemble() failed because:
Unable to achieve required assembly error tolerance.
Assembly error tolerance achieved: 9.9519392145479092e-09 required: 1e-10..Model relaxing constraints and trying again.
[2026-03-04 08:41:32.120] [info] Found 1057 state vectors with time stamps ranging from -1.315 to 3.965.
[2026-03-04 08:41:32.120] [info] Executing the analyses from 0.00500000 to 2.645...
[2026-03-04 08:41:32.122] [info] Loading actuator forces from file Execution_a10_b1_g1000\MuscleForces.sto.
[2026-03-04 08:41:32.131] [info] Storage: read data file = Execution_a10_b1_g1000\MuscleForces.sto (nr=529 nc=132)
[2026-03-04 08:41:32.157] [info] Found 131 actuator forces with time stamps ranging from 0.015to 2.645.
[2026-03-04 08:41:32.157] [warning] The forces file contains actuators that are not in the model's actuator set.
[2026-03-04 08:41:32.157] [warning] Ignoring fiber lengths and activations from the states since forces_file is also set. Actuator forces will be constructed from Execution_a10_b1_g1000\MuscleForces.sto.
[2026-03-04 08:41:33.332] [info] Printing results of investigation Analyse to .
