[2025-11-04 20:36:21.637] [info] Loaded model Athlete_03 from file C:\Git\1_current_projects\powerlifing_model\models\Athlete_03\25_03_31\scaled.osim
[2025-11-04 20:36:21.876] [info] Loaded model Athlete_03 from file C:\Git\1_current_projects\powerlifing_model\models\Athlete_03\25_03_31\scaled.osim
[2025-11-04 20:45:46.252] [info] Loaded model Athlete_03 from file C:\Git\1_current_projects\powerlifing_model\models\Athlete_03\25_03_31\scaled.osim
[2025-11-04 20:46:24.703] [info] Loaded model Athlete_03 from file C:\Git\1_current_projects\powerlifing_model\models\Athlete_03\25_03_31\scaled.osim
[2025-11-04 20:46:24.864] [info] Loaded model Athlete_03 from file C:\Git\1_current_projects\powerlifing_model\models\Athlete_03\25_03_31\scaled.osim
[2025-11-04 20:54:24.270] [info] Loaded model Athlete_03 from file C:\Git\1_current_projects\powerlifing_model\models\Athlete_03\25_03_31\scaled.osim
[2025-11-04 20:55:17.582] [info] Loaded model Athlete_03 from file C:\Git\1_current_projects\powerlifing_model\models\Athlete_03\25_03_31\scaled.osim
[2025-11-04 20:55:17.743] [info] Loaded model Athlete_03 from file C:\Git\1_current_projects\powerlifing_model\models\Athlete_03\25_03_31\scaled.osim
[2025-11-04 20:55:20.277] [cout] [info] 
               MODEL: Athlete_03
         coordinates: 39
              forces: 97
           actuators: 97
             muscles: 80
            analyses: 0
              probes: 0
              bodies: 22
              joints: 22
         constraints: 2
             markers: 45
         controllers: 0
  contact geometries: 0
misc modelcomponents: 0
[2025-11-04 20:55:20.279] [info] Running tool .
[2025-11-04 20:55:20.351] [error] InverseKinematicsTool Failed: SimTK Exception thrown at InverseKinematicsTool.cpp:158:
  Internal bug detected: InverseKinematicsTool final time (2.460000) is before start time (3.495000).
  (Assertion 'final_time >= start_time' failed).
  Please file an Issue at https://github.com/simbody/simbody/issues.
  Include the above information and anything else needed to reproduce the problem.
[2025-11-04 20:55:35.303] [info] Loaded model Athlete_03 from file C:\Git\1_current_projects\powerlifing_model\models\Athlete_03\25_03_31\scaled.osim
[2025-11-04 20:55:35.467] [info] Loaded model Athlete_03 from file C:\Git\1_current_projects\powerlifing_model\models\Athlete_03\25_03_31\scaled.osim
[2025-11-04 20:55:38.018] [cout] [info] 
               MODEL: Athlete_03
         coordinates: 39
              forces: 97
           actuators: 97
             muscles: 80
            analyses: 0
              probes: 0
              bodies: 22
              joints: 22
         constraints: 2
             markers: 45
         controllers: 0
  contact geometries: 0
misc modelcomponents: 0
[2025-11-04 20:55:38.018] [info] Running tool .
[2025-11-04 20:55:38.093] [error] InverseKinematicsTool Failed: SimTK Exception thrown at InverseKinematicsTool.cpp:158:
  Internal bug detected: InverseKinematicsTool final time (2.460000) is before start time (3.495000).
  (Assertion 'final_time >= start_time' failed).
  Please file an Issue at https://github.com/simbody/simbody/issues.
  Include the above information and anything else needed to reproduce the problem.
[2025-11-04 20:56:45.912] [info] Loaded model Athlete_03 from file C:\Git\1_current_projects\powerlifing_model\models\Athlete_03\25_03_31\scaled.osim
[2025-11-04 20:56:46.075] [info] Loaded model Athlete_03 from file C:\Git\1_current_projects\powerlifing_model\models\Athlete_03\25_03_31\scaled.osim
[2025-11-04 20:56:48.600] [cout] [info] 
               MODEL: Athlete_03
         coordinates: 39
              forces: 97
           actuators: 97
             muscles: 80
            analyses: 0
              probes: 0
              bodies: 22
              joints: 22
         constraints: 2
             markers: 45
         controllers: 0
  contact geometries: 0
misc modelcomponents: 0
[2025-11-04 20:56:48.600] [info] Running tool .
[2025-11-04 20:56:48.673] [error] InverseKinematicsTool Failed: SimTK Exception thrown at InverseKinematicsTool.cpp:158:
  Internal bug detected: InverseKinematicsTool final time (2.460000) is before start time (3.495000).
  (Assertion 'final_time >= start_time' failed).
  Please file an Issue at https://github.com/simbody/simbody/issues.
  Include the above information and anything else needed to reproduce the problem.
[2025-11-04 20:59:41.736] [info] Loaded model Athlete_03 from file C:\Git\1_current_projects\powerlifing_model\models\Athlete_03\25_03_31\scaled.osim
[2025-11-04 20:59:41.900] [info] Loaded model Athlete_03 from file C:\Git\1_current_projects\powerlifing_model\models\Athlete_03\25_03_31\scaled.osim
[2025-11-04 20:59:44.390] [cout] [info] 
               MODEL: Athlete_03
         coordinates: 39
              forces: 97
           actuators: 97
             muscles: 80
            analyses: 0
              probes: 0
              bodies: 22
              joints: 22
         constraints: 2
             markers: 45
         controllers: 0
  contact geometries: 0
misc modelcomponents: 0
[2025-11-04 20:59:44.390] [info] Running tool .
[2025-11-04 20:59:44.875] [info] Frame 0 (t = 0.0):	 total squared error = 0.00170243, marker error: RMS = 0.00860341, max = 0.0151634 (XIPH)
[2025-11-04 20:59:44.892] [info] Frame 1 (t = 0.00500000):	 total squared error = 0.00171991, marker error: RMS = 0.00864746, max = 0.0153632 (XIPH)
[2025-11-04 20:59:44.934] [info] Frame 2 (t = 0.01):	 total squared error = 0.00171079, marker error: RMS = 0.00862451, max = 0.0156743 (XIPH)
[2025-11-04 20:59:44.952] [info] Frame 3 (t = 0.015):	 total squared error = 0.00172764, marker error: RMS = 0.00866687, max = 0.0159047 (XIPH)
[2025-11-04 20:59:44.972] [info] Frame 4 (t = 0.02):	 total squared error = 0.00173167, marker error: RMS = 0.00867698, max = 0.0161478 (XIPH)
[2025-11-04 20:59:45.003] [info] Frame 5 (t = 0.025):	 total squared error = 0.00171459, marker error: RMS = 0.00863408, max = 0.0163292 (XIPH)
[2025-11-04 20:59:45.023] [info] Frame 6 (t = 0.03):	 total squared error = 0.00171725, marker error: RMS = 0.00864078, max = 0.0166089 (XIPH)
[2025-11-04 20:59:45.058] [info] Frame 7 (t = 0.035):	 total squared error = 0.00168779, marker error: RMS = 0.00856633, max = 0.0168668 (XIPH)
[2025-11-04 20:59:45.079] [info] Frame 8 (t = 0.04):	 total squared error = 0.00167257, marker error: RMS = 0.00852763, max = 0.0171113 (XIPH)
[2025-11-04 20:59:45.098] [info] Frame 9 (t = 0.045):	 total squared error = 0.00164557, marker error: RMS = 0.00845853, max = 0.0173295 (XIPH)
[2025-11-04 20:59:45.121] [info] Frame 10 (t = 0.05):	 total squared error = 0.00160151, marker error: RMS = 0.00834452, max = 0.0174164 (XIPH)
[2025-11-04 20:59:45.150] [info] Frame 11 (t = 0.055):	 total squared error = 0.00156744, marker error: RMS = 0.00825527, max = 0.0176233 (XIPH)
[2025-11-04 20:59:45.173] [info] Frame 12 (t = 0.06):	 total squared error = 0.00152694, marker error: RMS = 0.00814792, max = 0.01774 (XIPH)
[2025-11-04 20:59:45.196] [info] Frame 13 (t = 0.065):	 total squared error = 0.00150418, marker error: RMS = 0.00808697, max = 0.0179097 (XIPH)
[2025-11-04 20:59:45.224] [info] Frame 14 (t = 0.07):	 total squared error = 0.00146868, marker error: RMS = 0.00799098, max = 0.0179274 (XIPH)
[2025-11-04 20:59:45.245] [info] Frame 15 (t = 0.075):	 total squared error = 0.00145298, marker error: RMS = 0.00794816, max = 0.0180925 (XIPH)
[2025-11-04 20:59:45.263] [info] Frame 16 (t = 0.08):	 total squared error = 0.00144800, marker error: RMS = 0.00793450, max = 0.0181856 (XIPH)
[2025-11-04 20:59:45.281] [info] Frame 17 (t = 0.085):	 total squared error = 0.00144040, marker error: RMS = 0.00791367, max = 0.0182593 (XIPH)
[2025-11-04 20:59:45.311] [info] Frame 18 (t = 0.09):	 total squared error = 0.00143999, marker error: RMS = 0.00791255, max = 0.0181901 (XIPH)
[2025-11-04 20:59:45.335] [info] Frame 19 (t = 0.095):	 total squared error = 0.00145351, marker error: RMS = 0.00794960, max = 0.0182506 (XIPH)
[2025-11-04 20:59:45.362] [info] Frame 20 (t = 0.1):	 total squared error = 0.00147309, marker error: RMS = 0.00800296, max = 0.0182943 (XIPH)
[2025-11-04 20:59:45.381] [info] Frame 21 (t = 0.105000):	 total squared error = 0.00150095, marker error: RMS = 0.00807827, max = 0.0184413 (XIPH)
[2025-11-04 20:59:45.401] [info] Frame 22 (t = 0.11):	 total squared error = 0.00152869, marker error: RMS = 0.00815259, max = 0.0185591 (XIPH)
[2025-11-04 20:59:45.426] [info] Frame 23 (t = 0.115):	 total squared error = 0.00155256, marker error: RMS = 0.00821599, max = 0.0186184 (XIPH)
[2025-11-04 20:59:45.442] [info] Frame 24 (t = 0.12):	 total squared error = 0.00158304, marker error: RMS = 0.00829624, max = 0.0186993 (XIPH)
[2025-11-04 20:59:45.458] [info] Frame 25 (t = 0.125):	 total squared error = 0.00161325, marker error: RMS = 0.00837503, max = 0.0188882 (XIPH)
[2025-11-04 20:59:45.465] [info] Frame 26 (t = 0.13):	 total squared error = 0.00164784, marker error: RMS = 0.00846435, max = 0.0191139 (XIPH)
[2025-11-04 20:59:45.479] [info] Frame 27 (t = 0.135):	 total squared error = 0.00167660, marker error: RMS = 0.00853790, max = 0.019225 (XIPH)
[2025-11-04 20:59:45.494] [info] Frame 28 (t = 0.14):	 total squared error = 0.00170414, marker error: RMS = 0.00860774, max = 0.0194625 (XIPH)
[2025-11-04 20:59:45.532] [info] Frame 29 (t = 0.145):	 total squared error = 0.00171333, marker error: RMS = 0.00863091, max = 0.0201064 (XIPH)
[2025-11-04 20:59:45.551] [info] Frame 30 (t = 0.15):	 total squared error = 0.00173939, marker error: RMS = 0.00869630, max = 0.0203150 (XIPH)
[2025-11-04 20:59:45.572] [info] Frame 31 (t = 0.155):	 total squared error = 0.00176614, marker error: RMS = 0.00876291, max = 0.0205472 (XIPH)
[2025-11-04 20:59:45.594] [info] Frame 32 (t = 0.16):	 total squared error = 0.00179292, marker error: RMS = 0.00882910, max = 0.0207774 (XIPH)
[2025-11-04 20:59:45.607] [info] Frame 33 (t = 0.165):	 total squared error = 0.00183266, marker error: RMS = 0.00892641, max = 0.0209534 (XIPH)
[2025-11-04 20:59:45.644] [info] Frame 34 (t = 0.17):	 total squared error = 0.00183088, marker error: RMS = 0.00892209, max = 0.0215466 (XIPH)
[2025-11-04 20:59:45.667] [info] Frame 35 (t = 0.175):	 total squared error = 0.00185280, marker error: RMS = 0.00897532, max = 0.0216679 (XIPH)
[2025-11-04 20:59:45.691] [info] Frame 36 (t = 0.18):	 total squared error = 0.00187182, marker error: RMS = 0.00902128, max = 0.0218165 (XIPH)
[2025-11-04 20:59:45.717] [info] Frame 37 (t = 0.185):	 total squared error = 0.00188874, marker error: RMS = 0.00906196, max = 0.0219197 (XIPH)
[2025-11-04 20:59:45.736] [info] Frame 38 (t = 0.19):	 total squared error = 0.00189129, marker error: RMS = 0.00906807, max = 0.0218872 (XIPH)
[2025-11-04 20:59:45.763] [info] Frame 39 (t = 0.195):	 total squared error = 0.00189279, marker error: RMS = 0.00907166, max = 0.0220896 (XIPH)
[2025-11-04 20:59:45.802] [info] Frame 40 (t = 0.2):	 total squared error = 0.00187863, marker error: RMS = 0.00903767, max = 0.0222855 (XIPH)
[2025-11-04 20:59:45.821] [info] Frame 41 (t = 0.205000):	 total squared error = 0.00187839, marker error: RMS = 0.00903709, max = 0.0220904 (XIPH)
[2025-11-04 20:59:45.844] [info] Frame 42 (t = 0.21):	 total squared error = 0.00187637, marker error: RMS = 0.00903223, max = 0.0218964 (XIPH)
[2025-11-04 20:59:45.866] [info] Frame 43 (t = 0.215):	 total squared error = 0.00187971, marker error: RMS = 0.00904028, max = 0.0216503 (XIPH)
[2025-11-04 20:59:45.900] [info] Frame 44 (t = 0.22):	 total squared error = 0.00188467, marker error: RMS = 0.00905218, max = 0.0216909 (XIPH)
[2025-11-04 20:59:45.925] [info] Frame 45 (t = 0.225):	 total squared error = 0.00189923, marker error: RMS = 0.00908709, max = 0.021323 (XIPH)
[2025-11-04 20:59:45.967] [info] Frame 46 (t = 0.23):	 total squared error = 0.00191770, marker error: RMS = 0.00913116, max = 0.0210902 (XIPH)
[2025-11-04 20:59:45.989] [info] Frame 47 (t = 0.235):	 total squared error = 0.00194764, marker error: RMS = 0.00920218, max = 0.0206535 (XIPH)
[2025-11-04 20:59:46.025] [info] Frame 48 (t = 0.24):	 total squared error = 0.00199099, marker error: RMS = 0.00930401, max = 0.0202783 (XIPH)
[2025-11-04 20:59:46.052] [info] Frame 49 (t = 0.245):	 total squared error = 0.00203999, marker error: RMS = 0.00941783, max = 0.01987 (XIPH)
[2025-11-04 20:59:46.074] [info] Frame 50 (t = 0.25):	 total squared error = 0.00208891, marker error: RMS = 0.00953007, max = 0.0203093 (LTH2)
[2025-11-04 20:59:46.115] [info] Frame 51 (t = 0.255):	 total squared error = 0.00213852, marker error: RMS = 0.00964256, max = 0.0201622 (LTH2)
[2025-11-04 20:59:46.147] [info] Frame 52 (t = 0.26):	 total squared error = 0.00220463, marker error: RMS = 0.00979048, max = 0.0213349 (LTH2)
[2025-11-04 20:59:46.191] [info] Frame 53 (t = 0.265):	 total squared error = 0.00226818, marker error: RMS = 0.00993058, max = 0.0217792 (LTH2)
[2025-11-04 20:59:46.216] [info] Frame 54 (t = 0.27):	 total squared error = 0.00235014, marker error: RMS = 0.0101084, max = 0.0228271 (LTH2)
[2025-11-04 20:59:46.260] [info] Frame 55 (t = 0.275):	 total squared error = 0.00242561, marker error: RMS = 0.0102694, max = 0.0232090 (LTH2)
[2025-11-04 20:59:46.286] [info] Frame 56 (t = 0.28):	 total squared error = 0.00252811, marker error: RMS = 0.0104842, max = 0.0241605 (LTH2)
[2025-11-04 20:59:46.333] [info] Frame 57 (t = 0.285):	 total squared error = 0.00262392, marker error: RMS = 0.0106810, max = 0.0245288 (LTH2)
[2025-11-04 20:59:46.363] [info] Frame 58 (t = 0.29):	 total squared error = 0.00274281, marker error: RMS = 0.0109203, max = 0.0252822 (LTH2)
[2025-11-04 20:59:46.388] [info] Frame 59 (t = 0.295):	 total squared error = 0.00287286, marker error: RMS = 0.0111762, max = 0.0260476 (LTH2)
[2025-11-04 20:59:46.433] [info] Frame 60 (t = 0.3):	 total squared error = 0.00298871, marker error: RMS = 0.0113993, max = 0.0262384 (LTH2)
[2025-11-04 20:59:46.461] [info] Frame 61 (t = 0.305000):	 total squared error = 0.00313151, marker error: RMS = 0.0116684, max = 0.0270071 (LTH2)
[2025-11-04 20:59:46.491] [info] Frame 62 (t = 0.31):	 total squared error = 0.00326857, marker error: RMS = 0.0119211, max = 0.0274395 (LTH2)
[2025-11-04 20:59:46.524] [info] Frame 63 (t = 0.315):	 total squared error = 0.00339610, marker error: RMS = 0.0121514, max = 0.0277809 (LTH2)
[2025-11-04 20:59:46.603] [info] Frame 64 (t = 0.32):	 total squared error = 0.00351752, marker error: RMS = 0.0123667, max = 0.0282078 (LTH2)
[2025-11-04 20:59:46.657] [info] Frame 65 (t = 0.325):	 total squared error = 0.00364051, marker error: RMS = 0.0125811, max = 0.0287387 (LTH2)
[2025-11-04 20:59:46.687] [info] Frame 66 (t = 0.33):	 total squared error = 0.00375053, marker error: RMS = 0.0127697, max = 0.0290842 (LTH2)
[2025-11-04 20:59:46.711] [info] Frame 67 (t = 0.335):	 total squared error = 0.00385323, marker error: RMS = 0.0129434, max = 0.0294534 (LTH2)
[2025-11-04 20:59:46.729] [info] Frame 68 (t = 0.34):	 total squared error = 0.00394715, marker error: RMS = 0.0131002, max = 0.0299023 (LTH2)
[2025-11-04 20:59:46.753] [info] Frame 69 (t = 0.345):	 total squared error = 0.00403913, marker error: RMS = 0.013252, max = 0.0300987 (LTH2)
[2025-11-04 20:59:46.784] [info] Frame 70 (t = 0.35):	 total squared error = 0.00411298, marker error: RMS = 0.0133726, max = 0.0302670 (LTH2)
[2025-11-04 20:59:46.819] [info] Frame 71 (t = 0.355):	 total squared error = 0.00418090, marker error: RMS = 0.0134825, max = 0.0302609 (LTH2)
[2025-11-04 20:59:46.847] [info] Frame 72 (t = 0.36):	 total squared error = 0.00424933, marker error: RMS = 0.0135924, max = 0.0303356 (LTH2)
[2025-11-04 20:59:46.873] [info] Frame 73 (t = 0.365):	 total squared error = 0.00430876, marker error: RMS = 0.0136871, max = 0.0302798 (LTH2)
[2025-11-04 20:59:46.898] [info] Frame 74 (t = 0.37):	 total squared error = 0.00435637, marker error: RMS = 0.0137625, max = 0.0301145 (LTH2)
[2025-11-04 20:59:46.921] [info] Frame 75 (t = 0.375):	 total squared error = 0.00438856, marker error: RMS = 0.0138133, max = 0.0298135 (LTH2)
[2025-11-04 20:59:46.933] [info] Frame 76 (t = 0.38):	 total squared error = 0.00441007, marker error: RMS = 0.0138471, max = 0.0294328 (LTH2)
[2025-11-04 20:59:46.956] [info] Frame 77 (t = 0.385):	 total squared error = 0.00439925, marker error: RMS = 0.0138301, max = 0.0288886 (LTH2)
[2025-11-04 20:59:46.982] [info] Frame 78 (t = 0.39):	 total squared error = 0.00436993, marker error: RMS = 0.0137839, max = 0.0282893 (LTH2)
[2025-11-04 20:59:47.006] [info] Frame 79 (t = 0.395):	 total squared error = 0.00431826, marker error: RMS = 0.0137022, max = 0.0274341 (LTH2)
[2025-11-04 20:59:47.030] [info] Frame 80 (t = 0.4):	 total squared error = 0.00424492, marker error: RMS = 0.0135853, max = 0.0265085 (LTH2)
[2025-11-04 20:59:47.054] [info] Frame 81 (t = 0.405000):	 total squared error = 0.00415141, marker error: RMS = 0.0134349, max = 0.0254785 (LTH2)
[2025-11-04 20:59:47.082] [info] Frame 82 (t = 0.41):	 total squared error = 0.00404134, marker error: RMS = 0.0132556, max = 0.0243974 (LTH2)
[2025-11-04 20:59:47.097] [info] Frame 83 (t = 0.415):	 total squared error = 0.00392858, marker error: RMS = 0.0130694, max = 0.0230302 (LTH2)
[2025-11-04 20:59:47.130] [info] Frame 84 (t = 0.42):	 total squared error = 0.00379242, marker error: RMS = 0.0128409, max = 0.0218419 (LTH2)
[2025-11-04 20:59:47.144] [info] Frame 85 (t = 0.425):	 total squared error = 0.00366971, marker error: RMS = 0.0126314, max = 0.0203080 (LTH2)
[2025-11-04 20:59:47.167] [info] Frame 86 (t = 0.43):	 total squared error = 0.00354500, marker error: RMS = 0.0124149, max = 0.0198562 (LSHA2)
[2025-11-04 20:59:47.200] [info] Frame 87 (t = 0.435):	 total squared error = 0.00341788, marker error: RMS = 0.0121903, max = 0.0194351 (LSHA2)
[2025-11-04 20:59:47.226] [info] Frame 88 (t = 0.44):	 total squared error = 0.00331780, marker error: RMS = 0.0120105, max = 0.0191661 (LSHA2)
[2025-11-04 20:59:47.262] [info] Frame 89 (t = 0.445):	 total squared error = 0.00322351, marker error: RMS = 0.0118386, max = 0.01891 (LSHA2)
[2025-11-04 20:59:47.284] [info] Frame 90 (t = 0.45):	 total squared error = 0.00315385, marker error: RMS = 0.01171, max = 0.0187832 (LSHA2)
[2025-11-04 20:59:47.319] [info] Frame 91 (t = 0.455):	 total squared error = 0.00309499, marker error: RMS = 0.0116002, max = 0.0186008 (LSHA2)
[2025-11-04 20:59:47.342] [info] Frame 92 (t = 0.46):	 total squared error = 0.00306054, marker error: RMS = 0.0115355, max = 0.0186047 (XIPH)
[2025-11-04 20:59:47.355] [info] Frame 93 (t = 0.465):	 total squared error = 0.00304943, marker error: RMS = 0.0115145, max = 0.0186476 (XIPH)
[2025-11-04 20:59:47.385] [info] Frame 94 (t = 0.47):	 total squared error = 0.00304060, marker error: RMS = 0.0114978, max = 0.0185955 (XIPH)
[2025-11-04 20:59:47.401] [info] Frame 95 (t = 0.475):	 total squared error = 0.00306628, marker error: RMS = 0.0115463, max = 0.0186364 (XIPH)
[2025-11-04 20:59:47.429] [info] Frame 96 (t = 0.48):	 total squared error = 0.00309401, marker error: RMS = 0.0115984, max = 0.0187284 (LSHA2)
[2025-11-04 20:59:47.459] [info] Frame 97 (t = 0.485):	 total squared error = 0.00313074, marker error: RMS = 0.011667, max = 0.0187484 (LSHA2)
[2025-11-04 20:59:47.476] [info] Frame 98 (t = 0.49):	 total squared error = 0.00319355, marker error: RMS = 0.0117835, max = 0.0190564 (LSHA2)
[2025-11-04 20:59:47.501] [info] Frame 99 (t = 0.495):	 total squared error = 0.00325023, marker error: RMS = 0.0118876, max = 0.019337 (LSHA2)
[2025-11-04 20:59:47.526] [info] Frame 100 (t = 0.5):	 total squared error = 0.00331633, marker error: RMS = 0.0120078, max = 0.019479 (LSHA2)
[2025-11-04 20:59:47.542] [info] Frame 101 (t = 0.505000):	 total squared error = 0.00339588, marker error: RMS = 0.012151, max = 0.0198448 (LSHA2)
[2025-11-04 20:59:47.559] [info] Frame 102 (t = 0.51):	 total squared error = 0.00347810, marker error: RMS = 0.0122972, max = 0.0203096 (LSHA2)
[2025-11-04 20:59:47.586] [info] Frame 103 (t = 0.515):	 total squared error = 0.00352205, marker error: RMS = 0.0123747, max = 0.0204338 (LSHA2)
[2025-11-04 20:59:47.616] [info] Frame 104 (t = 0.52):	 total squared error = 0.00357864, marker error: RMS = 0.0124737, max = 0.0205935 (LSHA2)
[2025-11-04 20:59:47.651] [info] Frame 105 (t = 0.525):	 total squared error = 0.00361813, marker error: RMS = 0.0125423, max = 0.0207685 (LSHA2)
[2025-11-04 20:59:47.669] [info] Frame 106 (t = 0.53):	 total squared error = 0.00364440, marker error: RMS = 0.0125878, max = 0.0208343 (LSHA2)
[2025-11-04 20:59:47.685] [info] Frame 107 (t = 0.535):	 total squared error = 0.00365014, marker error: RMS = 0.0125977, max = 0.0208638 (LSHA2)
[2025-11-04 20:59:47.727] [info] Frame 108 (t = 0.54):	 total squared error = 0.00360949, marker error: RMS = 0.0125273, max = 0.0205118 (LSHA2)
[2025-11-04 20:59:47.748] [info] Frame 109 (t = 0.545):	 total squared error = 0.00355903, marker error: RMS = 0.0124395, max = 0.0200582 (LSHA2)
[2025-11-04 20:59:47.768] [info] Frame 110 (t = 0.55):	 total squared error = 0.00348111, marker error: RMS = 0.0123025, max = 0.0196272 (LSHA2)
[2025-11-04 20:59:47.789] [info] Frame 111 (t = 0.555):	 total squared error = 0.00337646, marker error: RMS = 0.0121162, max = 0.0189976 (LSHA2)
[2025-11-04 20:59:47.820] [info] Frame 112 (t = 0.56):	 total squared error = 0.00323333, marker error: RMS = 0.0118566, max = 0.0183191 (LSHA2)
[2025-11-04 20:59:47.840] [info] Frame 113 (t = 0.565):	 total squared error = 0.00308942, marker error: RMS = 0.0115898, max = 0.0182347 (XIPH)
[2025-11-04 20:59:47.867] [info] Frame 114 (t = 0.57):	 total squared error = 0.00292598, marker error: RMS = 0.011279, max = 0.0182919 (XIPH)
[2025-11-04 20:59:47.888] [info] Frame 115 (t = 0.575):	 total squared error = 0.00276133, marker error: RMS = 0.0109571, max = 0.018388 (XIPH)
[2025-11-04 20:59:47.915] [info] Frame 116 (t = 0.58):	 total squared error = 0.00259605, marker error: RMS = 0.0106241, max = 0.0184928 (XIPH)
[2025-11-04 20:59:47.954] [info] Frame 117 (t = 0.585):	 total squared error = 0.00242960, marker error: RMS = 0.0102779, max = 0.0185545 (XIPH)
[2025-11-04 20:59:47.986] [info] Frame 118 (t = 0.59):	 total squared error = 0.00228408, marker error: RMS = 0.00996534, max = 0.0187082 (XIPH)
[2025-11-04 20:59:48.015] [info] Frame 119 (t = 0.595):	 total squared error = 0.00215048, marker error: RMS = 0.00966950, max = 0.0188030 (XIPH)
[2025-11-04 20:59:48.061] [info] Frame 120 (t = 0.6):	 total squared error = 0.00203067, marker error: RMS = 0.00939628, max = 0.0189062 (XIPH)
[2025-11-04 20:59:48.085] [info] Frame 121 (t = 0.605000):	 total squared error = 0.00194177, marker error: RMS = 0.00918829, max = 0.0190495 (XIPH)
[2025-11-04 20:59:48.105] [info] Frame 122 (t = 0.61):	 total squared error = 0.00187073, marker error: RMS = 0.00901864, max = 0.0191264 (XIPH)
[2025-11-04 20:59:48.133] [info] Frame 123 (t = 0.615):	 total squared error = 0.00182211, marker error: RMS = 0.00890068, max = 0.0192316 (XIPH)
[2025-11-04 20:59:48.155] [info] Frame 124 (t = 0.62):	 total squared error = 0.00179504, marker error: RMS = 0.00883432, max = 0.0193116 (XIPH)
[2025-11-04 20:59:48.179] [info] Frame 125 (t = 0.625):	 total squared error = 0.00178584, marker error: RMS = 0.00881166, max = 0.0193953 (XIPH)
[2025-11-04 20:59:48.204] [info] Frame 126 (t = 0.63):	 total squared error = 0.00179151, marker error: RMS = 0.00882563, max = 0.0194056 (XIPH)
[2025-11-04 20:59:48.228] [info] Frame 127 (t = 0.635):	 total squared error = 0.00181246, marker error: RMS = 0.00887707, max = 0.019494 (XIPH)
[2025-11-04 20:59:48.266] [info] Frame 128 (t = 0.64):	 total squared error = 0.00183774, marker error: RMS = 0.00893877, max = 0.0195009 (XIPH)
[2025-11-04 20:59:48.295] [info] Frame 129 (t = 0.645):	 total squared error = 0.00187269, marker error: RMS = 0.00902338, max = 0.0195412 (XIPH)
[2025-11-04 20:59:48.316] [info] Frame 130 (t = 0.65):	 total squared error = 0.00191076, marker error: RMS = 0.00911463, max = 0.0195864 (XIPH)
[2025-11-04 20:59:48.331] [info] Frame 131 (t = 0.655):	 total squared error = 0.00194591, marker error: RMS = 0.00919808, max = 0.0195523 (XIPH)
[2025-11-04 20:59:48.353] [info] Frame 132 (t = 0.66):	 total squared error = 0.00197986, marker error: RMS = 0.00927798, max = 0.0196333 (XIPH)
[2025-11-04 20:59:48.362] [info] Frame 133 (t = 0.665):	 total squared error = 0.00202324, marker error: RMS = 0.00937908, max = 0.0195996 (XIPH)
[2025-11-04 20:59:48.410] [info] Frame 134 (t = 0.67):	 total squared error = 0.00202426, marker error: RMS = 0.00938142, max = 0.0200918 (RTOE)
[2025-11-04 20:59:48.426] [info] Frame 135 (t = 0.675):	 total squared error = 0.00204979, marker error: RMS = 0.00944041, max = 0.0201730 (RTOE)
[2025-11-04 20:59:48.444] [info] Frame 136 (t = 0.68):	 total squared error = 0.00207093, marker error: RMS = 0.00948896, max = 0.0201950 (RTOE)
[2025-11-04 20:59:48.481] [info] Frame 137 (t = 0.685):	 total squared error = 0.00207802, marker error: RMS = 0.00950519, max = 0.0207012 (RTOE)
[2025-11-04 20:59:48.501] [info] Frame 138 (t = 0.69):	 total squared error = 0.00209478, marker error: RMS = 0.00954344, max = 0.0207758 (RTOE)
[2025-11-04 20:59:48.524] [info] Frame 139 (t = 0.695):	 total squared error = 0.00211701, marker error: RMS = 0.00959396, max = 0.0209979 (RTOE)
[2025-11-04 20:59:48.546] [info] Frame 140 (t = 0.7):	 total squared error = 0.00214112, marker error: RMS = 0.00964842, max = 0.0211482 (RTOE)
[2025-11-04 20:59:48.593] [info] Frame 141 (t = 0.705000):	 total squared error = 0.00215682, marker error: RMS = 0.00968375, max = 0.0213953 (RTOE)
[2025-11-04 20:59:48.619] [info] Frame 142 (t = 0.71):	 total squared error = 0.00218315, marker error: RMS = 0.00974267, max = 0.021745 (RTOE)
[2025-11-04 20:59:48.647] [info] Frame 143 (t = 0.715):	 total squared error = 0.00221103, marker error: RMS = 0.00980468, max = 0.0220491 (RTOE)
[2025-11-04 20:59:48.699] [info] Frame 144 (t = 0.72):	 total squared error = 0.00222877, marker error: RMS = 0.00984393, max = 0.0220588 (RTOE)
[2025-11-04 20:59:48.745] [info] Frame 145 (t = 0.725):	 total squared error = 0.00224758, marker error: RMS = 0.00988538, max = 0.0223841 (RTOE)
[2025-11-04 20:59:48.782] [info] Frame 146 (t = 0.73):	 total squared error = 0.00226499, marker error: RMS = 0.00992359, max = 0.0226886 (RTOE)
[2025-11-04 20:59:48.805] [info] Frame 147 (t = 0.735):	 total squared error = 0.00226849, marker error: RMS = 0.00993126, max = 0.0231925 (RTOE)
[2025-11-04 20:59:48.833] [info] Frame 148 (t = 0.74):	 total squared error = 0.00226692, marker error: RMS = 0.00992783, max = 0.0235228 (RTOE)
[2025-11-04 20:59:48.863] [info] Frame 149 (t = 0.745):	 total squared error = 0.00225613, marker error: RMS = 0.00990418, max = 0.0235741 (RTOE)
[2025-11-04 20:59:48.902] [info] Frame 150 (t = 0.75):	 total squared error = 0.00223145, marker error: RMS = 0.00984984, max = 0.0233888 (RTOE)
[2025-11-04 20:59:48.949] [info] Frame 151 (t = 0.755):	 total squared error = 0.00220745, marker error: RMS = 0.00979674, max = 0.0236018 (RTOE)
[2025-11-04 20:59:48.982] [info] Frame 152 (t = 0.76):	 total squared error = 0.00217825, marker error: RMS = 0.00973174, max = 0.0237896 (RTOE)
[2025-11-04 20:59:49.023] [info] Frame 153 (t = 0.765):	 total squared error = 0.00215004, marker error: RMS = 0.00966851, max = 0.0233988 (RTOE)
[2025-11-04 20:59:49.053] [info] Frame 154 (t = 0.77):	 total squared error = 0.00211681, marker error: RMS = 0.00959349, max = 0.0232359 (RTOE)
[2025-11-04 20:59:49.087] [info] Frame 155 (t = 0.775):	 total squared error = 0.00209017, marker error: RMS = 0.00953294, max = 0.0226882 (RTOE)
[2025-11-04 20:59:49.125] [info] Frame 156 (t = 0.78):	 total squared error = 0.00205803, marker error: RMS = 0.00945936, max = 0.0221284 (RTOE)
[2025-11-04 20:59:49.156] [info] Frame 157 (t = 0.785):	 total squared error = 0.00202412, marker error: RMS = 0.00938112, max = 0.0214035 (RTOE)
[2025-11-04 20:59:49.189] [info] Frame 158 (t = 0.79):	 total squared error = 0.00199006, marker error: RMS = 0.00930184, max = 0.0212864 (RTHOL)
[2025-11-04 20:59:49.222] [info] Frame 159 (t = 0.795):	 total squared error = 0.00195282, marker error: RMS = 0.00921441, max = 0.021334 (RTHOL)
[2025-11-04 20:59:49.269] [info] Frame 160 (t = 0.8):	 total squared error = 0.00191380, marker error: RMS = 0.00912187, max = 0.0207999 (RTHOL)
[2025-11-04 20:59:49.327] [info] Frame 161 (t = 0.805000):	 total squared error = 0.00187976, marker error: RMS = 0.00904040, max = 0.0204056 (RTHOL)
[2025-11-04 20:59:49.369] [info] Frame 162 (t = 0.81):	 total squared error = 0.00185091, marker error: RMS = 0.00897075, max = 0.0202742 (RTHOL)
[2025-11-04 20:59:49.404] [info] Frame 163 (t = 0.815):	 total squared error = 0.00183268, marker error: RMS = 0.00892646, max = 0.0199207 (RTHOL)
[2025-11-04 20:59:49.453] [info] Frame 164 (t = 0.82):	 total squared error = 0.00181727, marker error: RMS = 0.00888886, max = 0.0188538 (RTHOL)
[2025-11-04 20:59:49.494] [info] Frame 165 (t = 0.825):	 total squared error = 0.00181922, marker error: RMS = 0.00889363, max = 0.0185854 (RTHOL)
[2025-11-04 20:59:49.550] [info] Frame 166 (t = 0.83):	 total squared error = 0.00183373, marker error: RMS = 0.00892902, max = 0.0175687 (RTHOL)
[2025-11-04 20:59:49.577] [info] Frame 167 (t = 0.835):	 total squared error = 0.00187850, marker error: RMS = 0.00903736, max = 0.0181807 (RTHOL)
[2025-11-04 20:59:49.624] [info] Frame 168 (t = 0.84):	 total squared error = 0.00191249, marker error: RMS = 0.00911876, max = 0.0162378 (RTHOL)
[2025-11-04 20:59:49.666] [info] Frame 169 (t = 0.845):	 total squared error = 0.00197198, marker error: RMS = 0.00925949, max = 0.0159925 (RSHA3)
[2025-11-04 20:59:49.685] [info] Frame 170 (t = 0.85):	 total squared error = 0.00205756, marker error: RMS = 0.00945829, max = 0.0166060 (RSHA3)
[2025-11-04 20:59:49.733] [info] Frame 171 (t = 0.855):	 total squared error = 0.00211844, marker error: RMS = 0.00959719, max = 0.0170083 (RSHA3)
[2025-11-04 20:59:49.755] [info] Frame 172 (t = 0.86):	 total squared error = 0.00220858, marker error: RMS = 0.00979925, max = 0.017493 (RSHA3)
[2025-11-04 20:59:49.791] [info] Frame 173 (t = 0.865):	 total squared error = 0.00228595, marker error: RMS = 0.00996941, max = 0.0179031 (RSHA3)
[2025-11-04 20:59:49.816] [info] Frame 174 (t = 0.87):	 total squared error = 0.00237786, marker error: RMS = 0.0101678, max = 0.0183045 (RSHA3)
[2025-11-04 20:59:49.864] [info] Frame 175 (t = 0.875):	 total squared error = 0.00243006, marker error: RMS = 0.0102788, max = 0.0189436 (RSHAOL)
[2025-11-04 20:59:49.886] [info] Frame 176 (t = 0.88):	 total squared error = 0.00250942, marker error: RMS = 0.0104453, max = 0.0193592 (RSHAOL)
[2025-11-04 20:59:49.939] [info] Frame 177 (t = 0.885):	 total squared error = 0.00256830, marker error: RMS = 0.0105672, max = 0.0201552 (RSHAOL)
[2025-11-04 20:59:49.963] [info] Frame 178 (t = 0.89):	 total squared error = 0.00264452, marker error: RMS = 0.0107228, max = 0.0207331 (RSHAOL)
[2025-11-04 20:59:50.010] [info] Frame 179 (t = 0.895):	 total squared error = 0.00270229, marker error: RMS = 0.0108393, max = 0.0214632 (RSHAOL)
[2025-11-04 20:59:50.038] [info] Frame 180 (t = 0.9):	 total squared error = 0.00276186, marker error: RMS = 0.0109581, max = 0.02211 (RSHAOL)
[2025-11-04 20:59:50.080] [info] Frame 181 (t = 0.905000):	 total squared error = 0.00282012, marker error: RMS = 0.0110731, max = 0.0227706 (RSHAOL)
[2025-11-04 20:59:50.102] [info] Frame 182 (t = 0.91):	 total squared error = 0.00287226, marker error: RMS = 0.011175, max = 0.0234074 (RSHAOL)
[2025-11-04 20:59:50.137] [info] Frame 183 (t = 0.915):	 total squared error = 0.00290395, marker error: RMS = 0.0112365, max = 0.0239369 (RSHAOL)
[2025-11-04 20:59:50.158] [info] Frame 184 (t = 0.92):	 total squared error = 0.00292942, marker error: RMS = 0.0112857, max = 0.0243544 (RSHAOL)
[2025-11-04 20:59:50.191] [info] Frame 185 (t = 0.925):	 total squared error = 0.00293472, marker error: RMS = 0.0112959, max = 0.0246666 (RSHAOL)
[2025-11-04 20:59:50.211] [info] Frame 186 (t = 0.93):	 total squared error = 0.00293054, marker error: RMS = 0.0112878, max = 0.0247788 (RSHAOL)
[2025-11-04 20:59:50.243] [info] Frame 187 (t = 0.935):	 total squared error = 0.00289471, marker error: RMS = 0.0112186, max = 0.0248753 (RSHAOL)
[2025-11-04 20:59:50.282] [info] Frame 188 (t = 0.94):	 total squared error = 0.00284578, marker error: RMS = 0.0111234, max = 0.0247141 (RSHAOL)
[2025-11-04 20:59:50.312] [info] Frame 189 (t = 0.945):	 total squared error = 0.00277808, marker error: RMS = 0.0109903, max = 0.0244355 (RSHAOL)
[2025-11-04 20:59:50.345] [info] Frame 190 (t = 0.95):	 total squared error = 0.00269558, marker error: RMS = 0.0108259, max = 0.0240016 (RSHAOL)
[2025-11-04 20:59:50.364] [info] Frame 191 (t = 0.955):	 total squared error = 0.00261344, marker error: RMS = 0.0106596, max = 0.0234755 (RSHAOL)
[2025-11-04 20:59:50.405] [info] Frame 192 (t = 0.96):	 total squared error = 0.00249479, marker error: RMS = 0.0104149, max = 0.0227187 (RSHAOL)
[2025-11-04 20:59:50.440] [info] Frame 193 (t = 0.965):	 total squared error = 0.00238227, marker error: RMS = 0.0101773, max = 0.0219995 (RSHAOL)
[2025-11-04 20:59:50.457] [info] Frame 194 (t = 0.97):	 total squared error = 0.00229378, marker error: RMS = 0.00998648, max = 0.0212579 (RSHAOL)
[2025-11-04 20:59:50.485] [info] Frame 195 (t = 0.975):	 total squared error = 0.00217138, marker error: RMS = 0.00971637, max = 0.0204343 (RSHAOL)
[2025-11-04 20:59:50.517] [info] Frame 196 (t = 0.98):	 total squared error = 0.00206521, marker error: RMS = 0.00947586, max = 0.0194695 (RSHAOL)
[2025-11-04 20:59:50.562] [info] Frame 197 (t = 0.985):	 total squared error = 0.00195729, marker error: RMS = 0.00922494, max = 0.0182452 (RSHAOL)
[2025-11-04 20:59:50.582] [info] Frame 198 (t = 0.99):	 total squared error = 0.00188533, marker error: RMS = 0.00905379, max = 0.0174392 (RSHAOL)
[2025-11-04 20:59:50.618] [info] Frame 199 (t = 0.995):	 total squared error = 0.00180218, marker error: RMS = 0.00885187, max = 0.0167022 (RSHAOL)
[2025-11-04 20:59:50.640] [info] Frame 200 (t = 1.0):	 total squared error = 0.00175636, marker error: RMS = 0.00873862, max = 0.0159899 (RSHAOL)
[2025-11-04 20:59:50.696] [info] Frame 201 (t = 1.00500):	 total squared error = 0.00167533, marker error: RMS = 0.00853465, max = 0.0148017 (RSHA3)
[2025-11-04 20:59:50.716] [info] Frame 202 (t = 1.01):	 total squared error = 0.00165245, marker error: RMS = 0.00847618, max = 0.0146 (XIPH)
[2025-11-04 20:59:50.745] [info] Frame 203 (t = 1.015):	 total squared error = 0.00164695, marker error: RMS = 0.00846207, max = 0.0145002 (XIPH)
[2025-11-04 20:59:50.781] [info] Frame 204 (t = 1.02):	 total squared error = 0.00160999, marker error: RMS = 0.00836657, max = 0.014619 (XIPH)
[2025-11-04 20:59:50.823] [info] Frame 205 (t = 1.025):	 total squared error = 0.00159214, marker error: RMS = 0.00832006, max = 0.0149865 (XIPH)
[2025-11-04 20:59:50.857] [info] Frame 206 (t = 1.03):	 total squared error = 0.00160694, marker error: RMS = 0.00835865, max = 0.0150249 (XIPH)
[2025-11-04 20:59:50.900] [info] Frame 207 (t = 1.035):	 total squared error = 0.00162411, marker error: RMS = 0.00840317, max = 0.0151684 (XIPH)
[2025-11-04 20:59:50.926] [info] Frame 208 (t = 1.04):	 total squared error = 0.00166970, marker error: RMS = 0.00852031, max = 0.015163 (XIPH)
[2025-11-04 20:59:50.950] [info] Frame 209 (t = 1.045):	 total squared error = 0.00172191, marker error: RMS = 0.00865250, max = 0.0151125 (XIPH)
[2025-11-04 20:59:50.985] [info] Frame 210 (t = 1.05):	 total squared error = 0.00173975, marker error: RMS = 0.00869721, max = 0.015452 (XIPH)
[2025-11-04 20:59:51.011] [info] Frame 211 (t = 1.055):	 total squared error = 0.00180918, marker error: RMS = 0.00886904, max = 0.0154555 (XIPH)
[2025-11-04 20:59:51.056] [info] Frame 212 (t = 1.06):	 total squared error = 0.00184688, marker error: RMS = 0.00896097, max = 0.0156811 (XIPH)
[2025-11-04 20:59:51.079] [info] Frame 213 (t = 1.065):	 total squared error = 0.00192338, marker error: RMS = 0.00914467, max = 0.0157836 (XIPH)
[2025-11-04 20:59:51.121] [info] Frame 214 (t = 1.07):	 total squared error = 0.00195765, marker error: RMS = 0.00922579, max = 0.0159204 (XIPH)
[2025-11-04 20:59:51.148] [info] Frame 215 (t = 1.075):	 total squared error = 0.00202600, marker error: RMS = 0.00938546, max = 0.0159858 (XIPH)
[2025-11-04 20:59:51.180] [info] Frame 216 (t = 1.08):	 total squared error = 0.00206560, marker error: RMS = 0.00947674, max = 0.0160557 (XIPH)
[2025-11-04 20:59:51.209] [info] Frame 217 (t = 1.085):	 total squared error = 0.00211069, marker error: RMS = 0.00957962, max = 0.0161497 (XIPH)
[2025-11-04 20:59:51.232] [info] Frame 218 (t = 1.09):	 total squared error = 0.00214980, marker error: RMS = 0.00966797, max = 0.0162764 (XIPH)
[2025-11-04 20:59:51.292] [info] Frame 219 (t = 1.095):	 total squared error = 0.00212184, marker error: RMS = 0.00960488, max = 0.0165896 (XIPH)
[2025-11-04 20:59:51.321] [info] Frame 220 (t = 1.1):	 total squared error = 0.00212181, marker error: RMS = 0.00960482, max = 0.0167183 (XIPH)
[2025-11-04 20:59:51.347] [info] Frame 221 (t = 1.10500):	 total squared error = 0.00210542, marker error: RMS = 0.00956766, max = 0.0168424 (XIPH)
[2025-11-04 20:59:51.370] [info] Frame 222 (t = 1.11):	 total squared error = 0.00207965, marker error: RMS = 0.00950891, max = 0.0170088 (XIPH)
[2025-11-04 20:59:51.395] [info] Frame 223 (t = 1.115):	 total squared error = 0.00203494, marker error: RMS = 0.00940614, max = 0.0171329 (XIPH)
[2025-11-04 20:59:51.443] [info] Frame 224 (t = 1.12):	 total squared error = 0.00194723, marker error: RMS = 0.00920120, max = 0.0173683 (XIPH)
[2025-11-04 20:59:51.470] [info] Frame 225 (t = 1.125):	 total squared error = 0.00188127, marker error: RMS = 0.00904402, max = 0.0175664 (XIPH)
[2025-11-04 20:59:51.500] [info] Frame 226 (t = 1.13):	 total squared error = 0.00179786, marker error: RMS = 0.00884126, max = 0.017724 (XIPH)
[2025-11-04 20:59:51.531] [info] Frame 227 (t = 1.135):	 total squared error = 0.00171646, marker error: RMS = 0.00863880, max = 0.0178959 (XIPH)
[2025-11-04 20:59:51.563] [info] Frame 228 (t = 1.14):	 total squared error = 0.00163678, marker error: RMS = 0.00843590, max = 0.0180513 (XIPH)
[2025-11-04 20:59:51.596] [info] Frame 229 (t = 1.145):	 total squared error = 0.00156570, marker error: RMS = 0.00825069, max = 0.0182205 (XIPH)
[2025-11-04 20:59:51.624] [info] Frame 230 (t = 1.15):	 total squared error = 0.00150718, marker error: RMS = 0.00809502, max = 0.018383 (XIPH)
[2025-11-04 20:59:51.651] [info] Frame 231 (t = 1.155):	 total squared error = 0.00145979, marker error: RMS = 0.00796674, max = 0.018525 (XIPH)
[2025-11-04 20:59:51.679] [info] Frame 232 (t = 1.16):	 total squared error = 0.00142585, marker error: RMS = 0.00787359, max = 0.0186292 (XIPH)
[2025-11-04 20:59:51.712] [info] Frame 233 (t = 1.165):	 total squared error = 0.00140338, marker error: RMS = 0.00781131, max = 0.0185614 (XIPH)
[2025-11-04 20:59:51.740] [info] Frame 234 (t = 1.17):	 total squared error = 0.00140090, marker error: RMS = 0.00780441, max = 0.0186897 (XIPH)
[2025-11-04 20:59:51.785] [info] Frame 235 (t = 1.175):	 total squared error = 0.00140988, marker error: RMS = 0.00782937, max = 0.0185418 (XIPH)
[2025-11-04 20:59:51.813] [info] Frame 236 (t = 1.18):	 total squared error = 0.00142962, marker error: RMS = 0.00788399, max = 0.0186418 (XIPH)
[2025-11-04 20:59:51.840] [info] Frame 237 (t = 1.185):	 total squared error = 0.00145328, marker error: RMS = 0.00794897, max = 0.0186665 (XIPH)
[2025-11-04 20:59:51.871] [info] Frame 238 (t = 1.19):	 total squared error = 0.00148212, marker error: RMS = 0.00802745, max = 0.0186775 (XIPH)
[2025-11-04 20:59:51.920] [info] Frame 239 (t = 1.195):	 total squared error = 0.00151522, marker error: RMS = 0.00811661, max = 0.0186142 (XIPH)
[2025-11-04 20:59:51.949] [info] Frame 240 (t = 1.2):	 total squared error = 0.00154721, marker error: RMS = 0.00820184, max = 0.0186899 (XIPH)
[2025-11-04 20:59:51.978] [info] Frame 241 (t = 1.20500):	 total squared error = 0.00157695, marker error: RMS = 0.00828027, max = 0.0187531 (XIPH)
[2025-11-04 20:59:51.987] [info] Frame 242 (t = 1.21):	 total squared error = 0.00160774, marker error: RMS = 0.00836073, max = 0.018885 (XIPH)
[2025-11-04 20:59:52.014] [info] Frame 243 (t = 1.215):	 total squared error = 0.00162884, marker error: RMS = 0.00841540, max = 0.018932 (XIPH)
[2025-11-04 20:59:52.057] [info] Frame 244 (t = 1.22):	 total squared error = 0.00164595, marker error: RMS = 0.00845949, max = 0.019223 (XIPH)
[2025-11-04 20:59:52.083] [info] Frame 245 (t = 1.225):	 total squared error = 0.00166785, marker error: RMS = 0.00851559, max = 0.0193398 (XIPH)
[2025-11-04 20:59:52.099] [info] Frame 246 (t = 1.23):	 total squared error = 0.00169833, marker error: RMS = 0.00859305, max = 0.0194556 (XIPH)
[2025-11-04 20:59:52.145] [info] Frame 247 (t = 1.235):	 total squared error = 0.00170186, marker error: RMS = 0.00860197, max = 0.0198694 (XIPH)
[2025-11-04 20:59:52.171] [info] Frame 248 (t = 1.24):	 total squared error = 0.00172226, marker error: RMS = 0.00865337, max = 0.019988 (XIPH)
[2025-11-04 20:59:52.197] [info] Frame 249 (t = 1.245):	 total squared error = 0.00174400, marker error: RMS = 0.00870783, max = 0.0201071 (XIPH)
[2025-11-04 20:59:52.223] [info] Frame 250 (t = 1.25):	 total squared error = 0.00176709, marker error: RMS = 0.00876526, max = 0.0202355 (XIPH)
[2025-11-04 20:59:52.249] [info] Frame 251 (t = 1.255):	 total squared error = 0.00179158, marker error: RMS = 0.00882581, max = 0.0203829 (XIPH)
[2025-11-04 20:59:52.277] [info] Frame 252 (t = 1.26):	 total squared error = 0.00181453, marker error: RMS = 0.00888214, max = 0.0204469 (XIPH)
[2025-11-04 20:59:52.318] [info] Frame 253 (t = 1.265):	 total squared error = 0.00180787, marker error: RMS = 0.00886583, max = 0.0210665 (XIPH)
[2025-11-04 20:59:52.351] [info] Frame 254 (t = 1.27):	 total squared error = 0.00182159, marker error: RMS = 0.00889942, max = 0.0210791 (XIPH)
[2025-11-04 20:59:52.399] [info] Frame 255 (t = 1.275):	 total squared error = 0.00182496, marker error: RMS = 0.00890764, max = 0.0213069 (XIPH)
[2025-11-04 20:59:52.432] [info] Frame 256 (t = 1.28):	 total squared error = 0.00183074, marker error: RMS = 0.00892173, max = 0.0212168 (XIPH)
[2025-11-04 20:59:52.468] [info] Frame 257 (t = 1.285):	 total squared error = 0.00183192, marker error: RMS = 0.00892460, max = 0.0212824 (XIPH)
[2025-11-04 20:59:52.496] [info] Frame 258 (t = 1.29):	 total squared error = 0.00183141, marker error: RMS = 0.00892336, max = 0.0211613 (XIPH)
[2025-11-04 20:59:52.524] [info] Frame 259 (t = 1.295):	 total squared error = 0.00183506, marker error: RMS = 0.00893225, max = 0.0210776 (XIPH)
[2025-11-04 20:59:52.553] [info] Frame 260 (t = 1.3):	 total squared error = 0.00183497, marker error: RMS = 0.00893205, max = 0.0209212 (XIPH)
[2025-11-04 20:59:52.591] [info] Frame 261 (t = 1.30500):	 total squared error = 0.00184245, marker error: RMS = 0.00895022, max = 0.0207299 (XIPH)
[2025-11-04 20:59:52.631] [info] Frame 262 (t = 1.31):	 total squared error = 0.00185365, marker error: RMS = 0.00897739, max = 0.0205557 (XIPH)
[2025-11-04 20:59:52.682] [info] Frame 263 (t = 1.315):	 total squared error = 0.00187020, marker error: RMS = 0.00901737, max = 0.0203654 (XIPH)
[2025-11-04 20:59:52.721] [info] Frame 264 (t = 1.32):	 total squared error = 0.00189630, marker error: RMS = 0.00908008, max = 0.0200945 (XIPH)
[2025-11-04 20:59:52.760] [info] Frame 265 (t = 1.325):	 total squared error = 0.00193084, marker error: RMS = 0.00916239, max = 0.019822 (XIPH)
[2025-11-04 20:59:52.794] [info] Frame 266 (t = 1.33):	 total squared error = 0.00197677, marker error: RMS = 0.00927074, max = 0.019568 (XIPH)
[2025-11-04 20:59:52.838] [info] Frame 267 (t = 1.335):	 total squared error = 0.00201692, marker error: RMS = 0.00936441, max = 0.0192676 (XIPH)
[2025-11-04 20:59:52.875] [info] Frame 268 (t = 1.34):	 total squared error = 0.00206455, marker error: RMS = 0.00947433, max = 0.0194417 (LTH2)
[2025-11-04 20:59:52.917] [info] Frame 269 (t = 1.345):	 total squared error = 0.00211943, marker error: RMS = 0.00959944, max = 0.0199061 (LTH2)
[2025-11-04 20:59:52.966] [info] Frame 270 (t = 1.35):	 total squared error = 0.00217453, marker error: RMS = 0.00972342, max = 0.0202828 (LTH2)
[2025-11-04 20:59:53.014] [info] Frame 271 (t = 1.355):	 total squared error = 0.00223401, marker error: RMS = 0.00985551, max = 0.0206888 (LTH2)
[2025-11-04 20:59:53.048] [info] Frame 272 (t = 1.36):	 total squared error = 0.00230797, marker error: RMS = 0.0100173, max = 0.0214338 (LTH2)
[2025-11-04 20:59:53.103] [info] Frame 273 (t = 1.365):	 total squared error = 0.00238405, marker error: RMS = 0.0101811, max = 0.0216222 (LTH2)
[2025-11-04 20:59:53.139] [info] Frame 274 (t = 1.37):	 total squared error = 0.00248079, marker error: RMS = 0.0103856, max = 0.022329 (LTH2)
[2025-11-04 20:59:53.179] [info] Frame 275 (t = 1.375):	 total squared error = 0.00258708, marker error: RMS = 0.0106057, max = 0.0228137 (LTH2)
[2025-11-04 20:59:53.228] [info] Frame 276 (t = 1.38):	 total squared error = 0.00268892, marker error: RMS = 0.0108125, max = 0.0229689 (LTH2)
[2025-11-04 20:59:53.269] [info] Frame 277 (t = 1.385):	 total squared error = 0.00281653, marker error: RMS = 0.0110661, max = 0.0236061 (LTH2)
[2025-11-04 20:59:53.308] [info] Frame 278 (t = 1.39):	 total squared error = 0.00294758, marker error: RMS = 0.0113206, max = 0.0240083 (LTH2)
[2025-11-04 20:59:53.334] [info] Frame 279 (t = 1.395):	 total squared error = 0.00309317, marker error: RMS = 0.0115968, max = 0.0249738 (LTH2)
[2025-11-04 20:59:53.380] [info] Frame 280 (t = 1.4):	 total squared error = 0.00320887, marker error: RMS = 0.0118117, max = 0.0247298 (LTH2)
[2025-11-04 20:59:53.432] [info] Frame 281 (t = 1.40500):	 total squared error = 0.00333664, marker error: RMS = 0.0120445, max = 0.0251506 (LTH2)
[2025-11-04 20:59:53.468] [info] Frame 282 (t = 1.41):	 total squared error = 0.00346963, marker error: RMS = 0.0122823, max = 0.0257593 (LTH2)
[2025-11-04 20:59:53.516] [info] Frame 283 (t = 1.415):	 total squared error = 0.00358343, marker error: RMS = 0.012482, max = 0.0260090 (LTH2)
[2025-11-04 20:59:53.545] [info] Frame 284 (t = 1.42):	 total squared error = 0.00369868, marker error: RMS = 0.0126812, max = 0.026568 (LTH2)
[2025-11-04 20:59:53.569] [info] Frame 285 (t = 1.425):	 total squared error = 0.00380874, marker error: RMS = 0.0128685, max = 0.0271392 (LTH2)
[2025-11-04 20:59:53.613] [info] Frame 286 (t = 1.43):	 total squared error = 0.00390631, marker error: RMS = 0.0130322, max = 0.027247 (LTH2)
[2025-11-04 20:59:53.640] [info] Frame 287 (t = 1.435):	 total squared error = 0.00400104, marker error: RMS = 0.0131893, max = 0.0276875 (LTH2)
[2025-11-04 20:59:53.678] [info] Frame 288 (t = 1.44):	 total squared error = 0.00409700, marker error: RMS = 0.0133466, max = 0.0279727 (LTH2)
[2025-11-04 20:59:53.722] [info] Frame 289 (t = 1.445):	 total squared error = 0.00417665, marker error: RMS = 0.0134757, max = 0.0280649 (LTH2)
[2025-11-04 20:59:53.755] [info] Frame 290 (t = 1.45):	 total squared error = 0.00425992, marker error: RMS = 0.0136093, max = 0.0282438 (LTH2)
[2025-11-04 20:59:53.816] [info] Frame 291 (t = 1.455):	 total squared error = 0.00432989, marker error: RMS = 0.0137206, max = 0.0282904 (LTH2)
[2025-11-04 20:59:53.843] [info] Frame 292 (t = 1.46):	 total squared error = 0.00439025, marker error: RMS = 0.0138159, max = 0.0283102 (LTH2)
[2025-11-04 20:59:53.877] [info] Frame 293 (t = 1.465):	 total squared error = 0.00443247, marker error: RMS = 0.0138822, max = 0.0282564 (LTH2)
[2025-11-04 20:59:53.904] [info] Frame 294 (t = 1.47):	 total squared error = 0.00445624, marker error: RMS = 0.0139194, max = 0.0280313 (LTH2)
[2025-11-04 20:59:53.923] [info] Frame 295 (t = 1.475):	 total squared error = 0.00445765, marker error: RMS = 0.0139216, max = 0.0276523 (LTH2)
[2025-11-04 20:59:53.991] [info] Frame 296 (t = 1.48):	 total squared error = 0.00443563, marker error: RMS = 0.0138872, max = 0.0273372 (LTH2)
[2025-11-04 20:59:54.062] [info] Frame 297 (t = 1.485):	 total squared error = 0.00437133, marker error: RMS = 0.0137861, max = 0.0267865 (LTH2)
[2025-11-04 20:59:54.090] [info] Frame 298 (t = 1.49):	 total squared error = 0.00429547, marker error: RMS = 0.013666, max = 0.0260103 (LTH2)
[2025-11-04 20:59:54.130] [info] Frame 299 (t = 1.495):	 total squared error = 0.00419400, marker error: RMS = 0.0135036, max = 0.0253603 (LTH2)
[2025-11-04 20:59:54.161] [info] Frame 300 (t = 1.5):	 total squared error = 0.00407986, marker error: RMS = 0.0133186, max = 0.0244841 (LTH2)
[2025-11-04 20:59:54.195] [info] Frame 301 (t = 1.50500):	 total squared error = 0.00395029, marker error: RMS = 0.0131054, max = 0.0235046 (LTH2)
[2025-11-04 20:59:54.220] [info] Frame 302 (t = 1.51):	 total squared error = 0.00381974, marker error: RMS = 0.012887, max = 0.0224701 (LTH2)
[2025-11-04 20:59:54.260] [info] Frame 303 (t = 1.515):	 total squared error = 0.00367021, marker error: RMS = 0.0126323, max = 0.0214010 (LTH2)
[2025-11-04 20:59:54.302] [info] Frame 304 (t = 1.52):	 total squared error = 0.00353359, marker error: RMS = 0.0123949, max = 0.0202208 (LTH2)
[2025-11-04 20:59:54.338] [info] Frame 305 (t = 1.525):	 total squared error = 0.00340533, marker error: RMS = 0.0121679, max = 0.0198369 (RTHOL)
[2025-11-04 20:59:54.380] [info] Frame 306 (t = 1.53):	 total squared error = 0.00327778, marker error: RMS = 0.0119378, max = 0.0193871 (RTHOL)
[2025-11-04 20:59:54.416] [info] Frame 307 (t = 1.535):	 total squared error = 0.00317073, marker error: RMS = 0.0117413, max = 0.0193572 (XIPH)
[2025-11-04 20:59:54.432] [info] Frame 308 (t = 1.54):	 total squared error = 0.00308064, marker error: RMS = 0.0115733, max = 0.0193854 (XIPH)
[2025-11-04 20:59:54.487] [info] Frame 309 (t = 1.545):	 total squared error = 0.00299328, marker error: RMS = 0.0114080, max = 0.0195372 (XIPH)
[2025-11-04 20:59:54.516] [info] Frame 310 (t = 1.55):	 total squared error = 0.00293414, marker error: RMS = 0.0112947, max = 0.0196062 (XIPH)
[2025-11-04 20:59:54.548] [info] Frame 311 (t = 1.555):	 total squared error = 0.00289129, marker error: RMS = 0.011212, max = 0.0196902 (XIPH)
[2025-11-04 20:59:54.592] [info] Frame 312 (t = 1.56):	 total squared error = 0.00286183, marker error: RMS = 0.0111547, max = 0.0196828 (XIPH)
[2025-11-04 20:59:54.621] [info] Frame 313 (t = 1.565):	 total squared error = 0.00285843, marker error: RMS = 0.0111481, max = 0.019739 (XIPH)
[2025-11-04 20:59:54.677] [info] Frame 314 (t = 1.57):	 total squared error = 0.00286438, marker error: RMS = 0.0111597, max = 0.0196753 (XIPH)
[2025-11-04 20:59:54.720] [info] Frame 315 (t = 1.575):	 total squared error = 0.00289060, marker error: RMS = 0.0112106, max = 0.0196472 (XIPH)
[2025-11-04 20:59:54.746] [info] Frame 316 (t = 1.58):	 total squared error = 0.00293584, marker error: RMS = 0.011298, max = 0.0196902 (XIPH)
[2025-11-04 20:59:54.785] [info] Frame 317 (t = 1.585):	 total squared error = 0.00298381, marker error: RMS = 0.0113899, max = 0.0196116 (XIPH)
[2025-11-04 20:59:54.831] [info] Frame 318 (t = 1.59):	 total squared error = 0.00304811, marker error: RMS = 0.011512, max = 0.019522 (XIPH)
[2025-11-04 20:59:54.855] [info] Frame 319 (t = 1.595):	 total squared error = 0.00312948, marker error: RMS = 0.0116647, max = 0.0195888 (XIPH)
[2025-11-04 20:59:54.901] [info] Frame 320 (t = 1.6):	 total squared error = 0.00319649, marker error: RMS = 0.0117889, max = 0.0194542 (XIPH)
[2025-11-04 20:59:54.925] [info] Frame 321 (t = 1.60500):	 total squared error = 0.00328211, marker error: RMS = 0.0119457, max = 0.0195455 (XIPH)
[2025-11-04 20:59:54.964] [info] Frame 322 (t = 1.61):	 total squared error = 0.00335082, marker error: RMS = 0.0120701, max = 0.0194353 (XIPH)
[2025-11-04 20:59:54.987] [info] Frame 323 (t = 1.615):	 total squared error = 0.00342832, marker error: RMS = 0.0122089, max = 0.0195428 (XIPH)
[2025-11-04 20:59:55.029] [info] Frame 324 (t = 1.62):	 total squared error = 0.00348601, marker error: RMS = 0.0123112, max = 0.0194183 (XIPH)
[2025-11-04 20:59:55.054] [info] Frame 325 (t = 1.625):	 total squared error = 0.00353788, marker error: RMS = 0.0124025, max = 0.0195728 (XIPH)
[2025-11-04 20:59:55.093] [info] Frame 326 (t = 1.63):	 total squared error = 0.00356501, marker error: RMS = 0.0124499, max = 0.0195392 (XIPH)
[2025-11-04 20:59:55.138] [info] Frame 327 (t = 1.635):	 total squared error = 0.00358093, marker error: RMS = 0.0124777, max = 0.0196197 (XIPH)
[2025-11-04 20:59:55.169] [info] Frame 328 (t = 1.64):	 total squared error = 0.00357884, marker error: RMS = 0.012474, max = 0.0197741 (XIPH)
[2025-11-04 20:59:55.208] [info] Frame 329 (t = 1.645):	 total squared error = 0.00355320, marker error: RMS = 0.0124293, max = 0.0198251 (XIPH)
[2025-11-04 20:59:55.252] [info] Frame 330 (t = 1.65):	 total squared error = 0.00350573, marker error: RMS = 0.012346, max = 0.019983 (XIPH)
[2025-11-04 20:59:55.288] [info] Frame 331 (t = 1.655):	 total squared error = 0.00343932, marker error: RMS = 0.0122285, max = 0.0201439 (XIPH)
[2025-11-04 20:59:55.325] [info] Frame 332 (t = 1.66):	 total squared error = 0.00335259, marker error: RMS = 0.0120733, max = 0.0203077 (XIPH)
[2025-11-04 20:59:55.363] [info] Frame 333 (t = 1.665):	 total squared error = 0.00324934, marker error: RMS = 0.011886, max = 0.0204992 (XIPH)
[2025-11-04 20:59:55.391] [info] Frame 334 (t = 1.67):	 total squared error = 0.00313575, marker error: RMS = 0.0116763, max = 0.0207476 (XIPH)
[2025-11-04 20:59:55.443] [info] Frame 335 (t = 1.675):	 total squared error = 0.00300368, marker error: RMS = 0.0114278, max = 0.0208792 (XIPH)
[2025-11-04 20:59:55.472] [info] Frame 336 (t = 1.68):	 total squared error = 0.00287253, marker error: RMS = 0.0111755, max = 0.0210964 (XIPH)
[2025-11-04 20:59:55.504] [info] Frame 337 (t = 1.685):	 total squared error = 0.00274057, marker error: RMS = 0.0109158, max = 0.0213185 (XIPH)
[2025-11-04 20:59:55.532] [info] Frame 338 (t = 1.69):	 total squared error = 0.00261549, marker error: RMS = 0.0106638, max = 0.0215683 (XIPH)
[2025-11-04 20:59:55.562] [info] Frame 339 (t = 1.695):	 total squared error = 0.00249561, marker error: RMS = 0.0104166, max = 0.0217361 (XIPH)
[2025-11-04 20:59:55.593] [info] Frame 340 (t = 1.7):	 total squared error = 0.00239130, marker error: RMS = 0.0101965, max = 0.0219219 (XIPH)
[2025-11-04 20:59:55.619] [info] Frame 341 (t = 1.70500):	 total squared error = 0.00231049, marker error: RMS = 0.0100228, max = 0.0221323 (XIPH)
[2025-11-04 20:59:55.650] [info] Frame 342 (t = 1.71):	 total squared error = 0.00224580, marker error: RMS = 0.00988147, max = 0.0222839 (XIPH)
[2025-11-04 20:59:55.677] [info] Frame 343 (t = 1.715):	 total squared error = 0.00220284, marker error: RMS = 0.00978651, max = 0.0224702 (XIPH)
[2025-11-04 20:59:55.703] [info] Frame 344 (t = 1.72):	 total squared error = 0.00217917, marker error: RMS = 0.00973378, max = 0.0225719 (XIPH)
[2025-11-04 20:59:55.730] [info] Frame 345 (t = 1.725):	 total squared error = 0.00217404, marker error: RMS = 0.00972232, max = 0.0226912 (XIPH)
[2025-11-04 20:59:55.756] [info] Frame 346 (t = 1.73):	 total squared error = 0.00218296, marker error: RMS = 0.00974225, max = 0.0227867 (XIPH)
[2025-11-04 20:59:55.788] [info] Frame 347 (t = 1.735):	 total squared error = 0.00220111, marker error: RMS = 0.00978265, max = 0.0228639 (XIPH)
[2025-11-04 20:59:55.815] [info] Frame 348 (t = 1.74):	 total squared error = 0.00222693, marker error: RMS = 0.00983986, max = 0.0229614 (XIPH)
[2025-11-04 20:59:55.845] [info] Frame 349 (t = 1.745):	 total squared error = 0.00225214, marker error: RMS = 0.00989541, max = 0.0230063 (XIPH)
[2025-11-04 20:59:55.871] [info] Frame 350 (t = 1.75):	 total squared error = 0.00227121, marker error: RMS = 0.00993722, max = 0.0230304 (XIPH)
[2025-11-04 20:59:55.912] [info] Frame 351 (t = 1.755):	 total squared error = 0.00228967, marker error: RMS = 0.00997752, max = 0.0231143 (XIPH)
[2025-11-04 20:59:55.928] [info] Frame 352 (t = 1.76):	 total squared error = 0.00230946, marker error: RMS = 0.0100205, max = 0.0230929 (XIPH)
[2025-11-04 20:59:55.945] [info] Frame 353 (t = 1.765):	 total squared error = 0.00232503, marker error: RMS = 0.0100543, max = 0.0231207 (XIPH)
[2025-11-04 20:59:55.963] [info] Frame 354 (t = 1.77):	 total squared error = 0.00234103, marker error: RMS = 0.0100888, max = 0.0231725 (XIPH)
[2025-11-04 20:59:55.993] [info] Frame 355 (t = 1.775):	 total squared error = 0.00234251, marker error: RMS = 0.0100920, max = 0.0231369 (XIPH)
[2025-11-04 20:59:56.036] [info] Frame 356 (t = 1.78):	 total squared error = 0.00234938, marker error: RMS = 0.0101068, max = 0.0231426 (XIPH)
[2025-11-04 20:59:56.063] [info] Frame 357 (t = 1.785):	 total squared error = 0.00236460, marker error: RMS = 0.0101395, max = 0.0230790 (XIPH)
[2025-11-04 20:59:56.095] [info] Frame 358 (t = 1.79):	 total squared error = 0.00238794, marker error: RMS = 0.0101894, max = 0.0230042 (XIPH)
[2025-11-04 20:59:56.122] [info] Frame 359 (t = 1.795):	 total squared error = 0.00241039, marker error: RMS = 0.0102372, max = 0.0228882 (XIPH)
[2025-11-04 20:59:56.149] [info] Frame 360 (t = 1.8):	 total squared error = 0.00243574, marker error: RMS = 0.0102909, max = 0.0227639 (XIPH)
[2025-11-04 20:59:56.183] [info] Frame 361 (t = 1.80500):	 total squared error = 0.00245703, marker error: RMS = 0.0103357, max = 0.0225794 (XIPH)
[2025-11-04 20:59:56.226] [info] Frame 362 (t = 1.81):	 total squared error = 0.00247102, marker error: RMS = 0.0103651, max = 0.0223552 (XIPH)
[2025-11-04 20:59:56.256] [info] Frame 363 (t = 1.815):	 total squared error = 0.00247320, marker error: RMS = 0.0103697, max = 0.0224787 (RTOE)
[2025-11-04 20:59:56.296] [info] Frame 364 (t = 1.82):	 total squared error = 0.00247153, marker error: RMS = 0.0103662, max = 0.0224857 (RTOE)
[2025-11-04 20:59:56.335] [info] Frame 365 (t = 1.825):	 total squared error = 0.00245653, marker error: RMS = 0.0103347, max = 0.0226675 (RTOE)
[2025-11-04 20:59:56.364] [info] Frame 366 (t = 1.83):	 total squared error = 0.00242844, marker error: RMS = 0.0102754, max = 0.0230992 (RTOE)
[2025-11-04 20:59:56.401] [info] Frame 367 (t = 1.835):	 total squared error = 0.00239647, marker error: RMS = 0.0102076, max = 0.0229083 (RTOE)
[2025-11-04 20:59:56.433] [info] Frame 368 (t = 1.84):	 total squared error = 0.00235051, marker error: RMS = 0.0101092, max = 0.0230966 (RTOE)
[2025-11-04 20:59:56.466] [info] Frame 369 (t = 1.845):	 total squared error = 0.00230895, marker error: RMS = 0.0100194, max = 0.0230577 (RTOE)
[2025-11-04 20:59:56.503] [info] Frame 370 (t = 1.85):	 total squared error = 0.00226367, marker error: RMS = 0.00992070, max = 0.0228485 (RTOE)
[2025-11-04 20:59:56.536] [info] Frame 371 (t = 1.855):	 total squared error = 0.00222151, marker error: RMS = 0.00982788, max = 0.022652 (RTOE)
[2025-11-04 20:59:56.566] [info] Frame 372 (t = 1.86):	 total squared error = 0.00217596, marker error: RMS = 0.00972662, max = 0.0224222 (RTOE)
[2025-11-04 20:59:56.593] [info] Frame 373 (t = 1.865):	 total squared error = 0.00213652, marker error: RMS = 0.00963807, max = 0.0220271 (RTOE)
[2025-11-04 20:59:56.624] [info] Frame 374 (t = 1.87):	 total squared error = 0.00210397, marker error: RMS = 0.00956436, max = 0.021458 (RTOE)
[2025-11-04 20:59:56.669] [info] Frame 375 (t = 1.875):	 total squared error = 0.00206898, marker error: RMS = 0.00948450, max = 0.0209916 (RTOE)
[2025-11-04 20:59:56.699] [info] Frame 376 (t = 1.88):	 total squared error = 0.00203328, marker error: RMS = 0.00940231, max = 0.0201209 (RTOE)
[2025-11-04 20:59:56.740] [info] Frame 377 (t = 1.885):	 total squared error = 0.00199560, marker error: RMS = 0.00931478, max = 0.0194485 (RTOE)
[2025-11-04 20:59:56.768] [info] Frame 378 (t = 1.89):	 total squared error = 0.00195964, marker error: RMS = 0.00923047, max = 0.0193907 (RTHOL)
[2025-11-04 20:59:56.817] [info] Frame 379 (t = 1.895):	 total squared error = 0.00192090, marker error: RMS = 0.00913878, max = 0.0189182 (RTHOL)
[2025-11-04 20:59:56.849] [info] Frame 380 (t = 1.9):	 total squared error = 0.00188665, marker error: RMS = 0.00905694, max = 0.0189186 (RTHOL)
[2025-11-04 20:59:56.901] [info] Frame 381 (t = 1.90500):	 total squared error = 0.00185461, marker error: RMS = 0.00897971, max = 0.0181635 (RTHOL)
[2025-11-04 20:59:56.935] [info] Frame 382 (t = 1.91):	 total squared error = 0.00183469, marker error: RMS = 0.00893135, max = 0.0181536 (RTHOL)
[2025-11-04 20:59:56.987] [info] Frame 383 (t = 1.915):	 total squared error = 0.00181832, marker error: RMS = 0.00889141, max = 0.0171941 (RTHOL)
[2025-11-04 20:59:57.018] [info] Frame 384 (t = 1.92):	 total squared error = 0.00182045, marker error: RMS = 0.00889664, max = 0.0170408 (RTHOL)
[2025-11-04 20:59:57.115] [info] Frame 385 (t = 1.925):	 total squared error = 0.00183431, marker error: RMS = 0.00893043, max = 0.0160841 (RTHOL)
[2025-11-04 20:59:57.179] [info] Frame 386 (t = 1.93):	 total squared error = 0.00186838, marker error: RMS = 0.00901298, max = 0.0160382 (RTHOL)
[2025-11-04 20:59:57.279] [info] Frame 387 (t = 1.935):	 total squared error = 0.00191120, marker error: RMS = 0.00911569, max = 0.0150117 (RTHOL)
[2025-11-04 20:59:57.336] [info] Frame 388 (t = 1.94):	 total squared error = 0.00197313, marker error: RMS = 0.00926220, max = 0.0153641 (RSHA3)
[2025-11-04 20:59:57.414] [info] Frame 389 (t = 1.945):	 total squared error = 0.00203767, marker error: RMS = 0.00941245, max = 0.0159223 (RSHAOL)
[2025-11-04 20:59:57.485] [info] Frame 390 (t = 1.95):	 total squared error = 0.00211010, marker error: RMS = 0.00957828, max = 0.0164842 (RSHAOL)
[2025-11-04 20:59:57.546] [info] Frame 391 (t = 1.955):	 total squared error = 0.00218977, marker error: RMS = 0.00975743, max = 0.0167622 (RSHAOL)
[2025-11-04 20:59:57.628] [info] Frame 392 (t = 1.96):	 total squared error = 0.00225933, marker error: RMS = 0.00991118, max = 0.0174215 (RSHAOL)
[2025-11-04 20:59:57.688] [info] Frame 393 (t = 1.965):	 total squared error = 0.00233292, marker error: RMS = 0.0100713, max = 0.017785 (RSHAOL)
[2025-11-04 20:59:57.753] [info] Frame 394 (t = 1.97):	 total squared error = 0.00240932, marker error: RMS = 0.0102349, max = 0.0181166 (RSHAOL)
[2025-11-04 20:59:57.879] [info] Frame 395 (t = 1.975):	 total squared error = 0.00246247, marker error: RMS = 0.0103472, max = 0.0190274 (RSHAOL)
[2025-11-04 20:59:57.940] [info] Frame 396 (t = 1.98):	 total squared error = 0.00252428, marker error: RMS = 0.0104762, max = 0.0195358 (RSHAOL)
[2025-11-04 20:59:57.996] [info] Frame 397 (t = 1.985):	 total squared error = 0.00258546, marker error: RMS = 0.0106024, max = 0.0201552 (RSHAOL)
[2025-11-04 20:59:58.042] [info] Frame 398 (t = 1.99):	 total squared error = 0.00264777, marker error: RMS = 0.0107294, max = 0.0206957 (RSHAOL)
[2025-11-04 20:59:58.118] [info] Frame 399 (t = 1.995):	 total squared error = 0.00269629, marker error: RMS = 0.0108273, max = 0.0215365 (RSHAOL)
[2025-11-04 20:59:58.153] [info] Frame 400 (t = 2.0):	 total squared error = 0.00274262, marker error: RMS = 0.0109199, max = 0.0221441 (RSHAOL)
[2025-11-04 20:59:58.190] [info] Frame 401 (t = 2.00500):	 total squared error = 0.00278607, marker error: RMS = 0.0110061, max = 0.0226933 (RSHAOL)
[2025-11-04 20:59:58.226] [info] Frame 402 (t = 2.01):	 total squared error = 0.00281278, marker error: RMS = 0.0110587, max = 0.0232171 (RSHAOL)
[2025-11-04 20:59:58.264] [info] Frame 403 (t = 2.015):	 total squared error = 0.00282579, marker error: RMS = 0.0110842, max = 0.0235992 (RSHAOL)
[2025-11-04 20:59:58.303] [info] Frame 404 (t = 2.02):	 total squared error = 0.00281933, marker error: RMS = 0.0110716, max = 0.0238464 (RSHAOL)
[2025-11-04 20:59:58.347] [info] Frame 405 (t = 2.025):	 total squared error = 0.00279396, marker error: RMS = 0.0110216, max = 0.0239491 (RSHAOL)
[2025-11-04 20:59:58.376] [info] Frame 406 (t = 2.03):	 total squared error = 0.00275340, marker error: RMS = 0.0109413, max = 0.0238823 (RSHAOL)
[2025-11-04 20:59:58.426] [info] Frame 407 (t = 2.035):	 total squared error = 0.00268762, marker error: RMS = 0.0108099, max = 0.0237081 (RSHAOL)
[2025-11-04 20:59:58.458] [info] Frame 408 (t = 2.04):	 total squared error = 0.00261380, marker error: RMS = 0.0106604, max = 0.0233674 (RSHAOL)
[2025-11-04 20:59:58.504] [info] Frame 409 (t = 2.045):	 total squared error = 0.00251300, marker error: RMS = 0.0104528, max = 0.0228746 (RSHAOL)
[2025-11-04 20:59:58.543] [info] Frame 410 (t = 2.05):	 total squared error = 0.00241046, marker error: RMS = 0.0102373, max = 0.0222856 (RSHAOL)
[2025-11-04 20:59:58.593] [info] Frame 411 (t = 2.055):	 total squared error = 0.00230021, marker error: RMS = 0.0100004, max = 0.0215088 (RSHAOL)
[2025-11-04 20:59:58.631] [info] Frame 412 (t = 2.06):	 total squared error = 0.00218981, marker error: RMS = 0.00975753, max = 0.0207498 (RSHAOL)
[2025-11-04 20:59:58.696] [info] Frame 413 (t = 2.065):	 total squared error = 0.00207428, marker error: RMS = 0.00949664, max = 0.0196243 (RSHAOL)
[2025-11-04 20:59:58.719] [info] Frame 414 (t = 2.07):	 total squared error = 0.00198019, marker error: RMS = 0.00927876, max = 0.0187855 (RSHAOL)
[2025-11-04 20:59:58.756] [info] Frame 415 (t = 2.075):	 total squared error = 0.00187107, marker error: RMS = 0.00901948, max = 0.0179794 (RSHAOL)
[2025-11-04 20:59:58.817] [info] Frame 416 (t = 2.08):	 total squared error = 0.00177441, marker error: RMS = 0.00878340, max = 0.0167276 (RSHAOL)
[2025-11-04 20:59:58.849] [info] Frame 417 (t = 2.085):	 total squared error = 0.00169782, marker error: RMS = 0.00859176, max = 0.0159282 (RSHAOL)
[2025-11-04 20:59:58.884] [info] Frame 418 (t = 2.09):	 total squared error = 0.00163480, marker error: RMS = 0.00843080, max = 0.0150842 (RSHAOL)
[2025-11-04 20:59:58.926] [info] Frame 419 (t = 2.095):	 total squared error = 0.00158374, marker error: RMS = 0.00829808, max = 0.0143804 (XIPH)
[2025-11-04 20:59:58.948] [info] Frame 420 (t = 2.1):	 total squared error = 0.00156588, marker error: RMS = 0.00825117, max = 0.0143682 (XIPH)
[2025-11-04 20:59:58.971] [info] Frame 421 (t = 2.10500):	 total squared error = 0.00156972, marker error: RMS = 0.00826127, max = 0.014337 (XIPH)
[2025-11-04 20:59:59.029] [info] Frame 422 (t = 2.11):	 total squared error = 0.00152137, marker error: RMS = 0.00813305, max = 0.0151719 (XIPH)
[2025-11-04 20:59:59.054] [info] Frame 423 (t = 2.115):	 total squared error = 0.00154921, marker error: RMS = 0.00820714, max = 0.0151079 (XIPH)
[2025-11-04 20:59:59.080] [info] Frame 424 (t = 2.12):	 total squared error = 0.00158948, marker error: RMS = 0.00831310, max = 0.0151404 (XIPH)
[2025-11-04 20:59:59.114] [info] Frame 425 (t = 2.125):	 total squared error = 0.00160992, marker error: RMS = 0.00836640, max = 0.0154153 (XIPH)
[2025-11-04 20:59:59.157] [info] Frame 426 (t = 2.13):	 total squared error = 0.00165689, marker error: RMS = 0.00848757, max = 0.0159209 (XIPH)
[2025-11-04 20:59:59.179] [info] Frame 427 (t = 2.135):	 total squared error = 0.00174326, marker error: RMS = 0.00870597, max = 0.0160227 (XIPH)
[2025-11-04 20:59:59.235] [info] Frame 428 (t = 2.14):	 total squared error = 0.00180341, marker error: RMS = 0.00885490, max = 0.0163894 (XIPH)
[2025-11-04 20:59:59.263] [info] Frame 429 (t = 2.145):	 total squared error = 0.00190512, marker error: RMS = 0.00910118, max = 0.0164582 (XIPH)
[2025-11-04 20:59:59.312] [info] Frame 430 (t = 2.15):	 total squared error = 0.00198172, marker error: RMS = 0.00928234, max = 0.016841 (XIPH)
[2025-11-04 20:59:59.340] [info] Frame 431 (t = 2.155):	 total squared error = 0.00208491, marker error: RMS = 0.00952095, max = 0.0169453 (XIPH)
[2025-11-04 20:59:59.387] [info] Frame 432 (t = 2.16):	 total squared error = 0.00216585, marker error: RMS = 0.00970399, max = 0.0174038 (XIPH)
[2025-11-04 20:59:59.411] [info] Frame 433 (t = 2.165):	 total squared error = 0.00227863, marker error: RMS = 0.00995343, max = 0.0176023 (XIPH)
[2025-11-04 20:59:59.453] [info] Frame 434 (t = 2.17):	 total squared error = 0.00233500, marker error: RMS = 0.0100758, max = 0.0179299 (XIPH)
[2025-11-04 20:59:59.493] [info] Frame 435 (t = 2.175):	 total squared error = 0.00242715, marker error: RMS = 0.0102727, max = 0.0181005 (XIPH)
[2025-11-04 20:59:59.538] [info] Frame 436 (t = 2.18):	 total squared error = 0.00250032, marker error: RMS = 0.0104264, max = 0.0182557 (XIPH)
[2025-11-04 20:59:59.581] [info] Frame 437 (t = 2.185):	 total squared error = 0.00256410, marker error: RMS = 0.0105585, max = 0.0184161 (XIPH)
[2025-11-04 20:59:59.648] [info] Frame 438 (t = 2.19):	 total squared error = 0.00254356, marker error: RMS = 0.0105161, max = 0.0190103 (XIPH)
[2025-11-04 20:59:59.697] [info] Frame 439 (t = 2.195):	 total squared error = 0.00256085, marker error: RMS = 0.0105518, max = 0.0191765 (XIPH)
[2025-11-04 20:59:59.733] [info] Frame 440 (t = 2.2):	 total squared error = 0.00255262, marker error: RMS = 0.0105349, max = 0.0193417 (XIPH)
[2025-11-04 20:59:59.802] [info] Frame 441 (t = 2.20500):	 total squared error = 0.00249820, marker error: RMS = 0.0104220, max = 0.0196866 (XIPH)
[2025-11-04 20:59:59.907] [info] Frame 442 (t = 2.21):	 total squared error = 0.00244576, marker error: RMS = 0.0103120, max = 0.019824 (XIPH)
[2025-11-04 21:00:00.018] [info] Frame 443 (t = 2.215):	 total squared error = 0.00237351, marker error: RMS = 0.0101586, max = 0.0199241 (XIPH)
[2025-11-04 21:00:00.122] [info] Frame 444 (t = 2.22):	 total squared error = 0.00228287, marker error: RMS = 0.00996269, max = 0.0200552 (XIPH)
[2025-11-04 21:00:00.180] [info] Frame 445 (t = 2.225):	 total squared error = 0.00219834, marker error: RMS = 0.00977651, max = 0.0201601 (XIPH)
[2025-11-04 21:00:00.232] [info] Frame 446 (t = 2.23):	 total squared error = 0.00208851, marker error: RMS = 0.00952915, max = 0.0202304 (XIPH)
[2025-11-04 21:00:00.303] [info] Frame 447 (t = 2.235):	 total squared error = 0.00198359, marker error: RMS = 0.00928671, max = 0.0202730 (XIPH)
[2025-11-04 21:00:00.359] [info] Frame 448 (t = 2.24):	 total squared error = 0.00188774, marker error: RMS = 0.00905956, max = 0.0203191 (XIPH)
[2025-11-04 21:00:00.407] [info] Frame 449 (t = 2.245):	 total squared error = 0.00179952, marker error: RMS = 0.00884534, max = 0.0203455 (XIPH)
[2025-11-04 21:00:00.462] [info] Frame 450 (t = 2.25):	 total squared error = 0.00173298, marker error: RMS = 0.00868026, max = 0.0203972 (XIPH)
[2025-11-04 21:00:00.521] [info] Frame 451 (t = 2.255):	 total squared error = 0.00166924, marker error: RMS = 0.00851912, max = 0.0203677 (XIPH)
[2025-11-04 21:00:00.606] [info] Frame 452 (t = 2.26):	 total squared error = 0.00162675, marker error: RMS = 0.00841001, max = 0.0201955 (XIPH)
[2025-11-04 21:00:00.649] [info] Frame 453 (t = 2.265):	 total squared error = 0.00160483, marker error: RMS = 0.00835316, max = 0.0202416 (XIPH)
[2025-11-04 21:00:00.682] [info] Frame 454 (t = 2.27):	 total squared error = 0.00159463, marker error: RMS = 0.00832657, max = 0.0202549 (XIPH)
[2025-11-04 21:00:00.728] [info] Frame 455 (t = 2.275):	 total squared error = 0.00159314, marker error: RMS = 0.00832267, max = 0.0202359 (XIPH)
[2025-11-04 21:00:00.773] [info] Frame 456 (t = 2.28):	 total squared error = 0.00159864, marker error: RMS = 0.00833703, max = 0.0202505 (XIPH)
[2025-11-04 21:00:00.827] [info] Frame 457 (t = 2.285):	 total squared error = 0.00161294, marker error: RMS = 0.00837424, max = 0.0201622 (XIPH)
[2025-11-04 21:00:00.869] [info] Frame 458 (t = 2.29):	 total squared error = 0.00163427, marker error: RMS = 0.00842942, max = 0.0202080 (XIPH)
[2025-11-04 21:00:00.911] [info] Frame 459 (t = 2.295):	 total squared error = 0.00166119, marker error: RMS = 0.00849856, max = 0.0203451 (XIPH)
[2025-11-04 21:00:00.938] [info] Frame 460 (t = 2.3):	 total squared error = 0.00168747, marker error: RMS = 0.00856552, max = 0.0203405 (XIPH)
[2025-11-04 21:00:00.966] [info] Frame 461 (t = 2.30500):	 total squared error = 0.00171781, marker error: RMS = 0.00864219, max = 0.0203976 (XIPH)
[2025-11-04 21:00:01.040] [info] Frame 462 (t = 2.31):	 total squared error = 0.00173712, marker error: RMS = 0.00869063, max = 0.0207717 (XIPH)
[2025-11-04 21:00:01.089] [info] Frame 463 (t = 2.315):	 total squared error = 0.00176551, marker error: RMS = 0.00876136, max = 0.0208243 (XIPH)
[2025-11-04 21:00:01.169] [info] Frame 464 (t = 2.32):	 total squared error = 0.00179036, marker error: RMS = 0.00882279, max = 0.021129 (XIPH)
[2025-11-04 21:00:01.203] [info] Frame 465 (t = 2.325):	 total squared error = 0.00181849, marker error: RMS = 0.00889185, max = 0.0211606 (XIPH)
[2025-11-04 21:00:01.268] [info] Frame 466 (t = 2.33):	 total squared error = 0.00184023, marker error: RMS = 0.00894483, max = 0.0214769 (XIPH)
[2025-11-04 21:00:01.310] [info] Frame 467 (t = 2.335):	 total squared error = 0.00186423, marker error: RMS = 0.00900297, max = 0.0214086 (XIPH)
[2025-11-04 21:00:01.346] [info] Frame 468 (t = 2.34):	 total squared error = 0.00189122, marker error: RMS = 0.00906790, max = 0.0213365 (XIPH)
[2025-11-04 21:00:01.403] [info] Frame 469 (t = 2.345):	 total squared error = 0.00190218, marker error: RMS = 0.00909416, max = 0.0217422 (XIPH)
[2025-11-04 21:00:01.438] [info] Frame 470 (t = 2.35):	 total squared error = 0.00192815, marker error: RMS = 0.00915602, max = 0.021516 (XIPH)
[2025-11-04 21:00:01.513] [info] Frame 471 (t = 2.355):	 total squared error = 0.00195575, marker error: RMS = 0.00922131, max = 0.0216442 (XIPH)
[2025-11-04 21:00:01.545] [info] Frame 472 (t = 2.36):	 total squared error = 0.00201030, marker error: RMS = 0.00934902, max = 0.0212938 (XIPH)
[2025-11-04 21:00:01.608] [info] Frame 473 (t = 2.365):	 total squared error = 0.00209299, marker error: RMS = 0.00953936, max = 0.0212166 (XIPH)
[2025-11-04 21:00:01.666] [info] Frame 474 (t = 2.37):	 total squared error = 0.00222560, marker error: RMS = 0.00983693, max = 0.0208821 (XIPH)
[2025-11-04 21:00:01.705] [info] Frame 475 (t = 2.375):	 total squared error = 0.00243781, marker error: RMS = 0.0102952, max = 0.0234069 (LTHOL)
[2025-11-04 21:00:01.763] [info] Frame 476 (t = 2.38):	 total squared error = 0.00274322, marker error: RMS = 0.0109211, max = 0.0277884 (LTHOL)
[2025-11-04 21:00:01.798] [info] Frame 477 (t = 2.385):	 total squared error = 0.00317417, marker error: RMS = 0.0117477, max = 0.0334903 (LTHOL)
[2025-11-04 21:00:01.840] [info] Frame 478 (t = 2.39):	 total squared error = 0.00374738, marker error: RMS = 0.0127644, max = 0.0392060 (LTHOL)
[2025-11-04 21:00:01.897] [info] Frame 479 (t = 2.395):	 total squared error = 0.00445855, marker error: RMS = 0.013923, max = 0.0453489 (LTHOL)
[2025-11-04 21:00:01.931] [info] Frame 480 (t = 2.4):	 total squared error = 0.00530994, marker error: RMS = 0.0151943, max = 0.0522299 (LTHOL)
[2025-11-04 21:00:02.000] [info] Frame 481 (t = 2.40500):	 total squared error = 0.00182788, marker error: RMS = 0.00891476, max = 0.0204511 (LTH2)
[2025-11-04 21:00:02.040] [info] Frame 482 (t = 2.41):	 total squared error = 0.00186766, marker error: RMS = 0.00901125, max = 0.0213211 (LTH2)
[2025-11-04 21:00:02.076] [info] Frame 483 (t = 2.415):	 total squared error = 0.00191202, marker error: RMS = 0.00911764, max = 0.0221478 (LTH2)
[2025-11-04 21:00:02.123] [info] Frame 484 (t = 2.42):	 total squared error = 0.00195683, marker error: RMS = 0.00922386, max = 0.0224291 (LTH2)
[2025-11-04 21:00:02.175] [info] Frame 485 (t = 2.425):	 total squared error = 0.00199484, marker error: RMS = 0.00931301, max = 0.0227734 (LTH2)
[2025-11-04 21:00:02.208] [info] Frame 486 (t = 2.43):	 total squared error = 0.00203238, marker error: RMS = 0.00940023, max = 0.023368 (LTH2)
[2025-11-04 21:00:02.246] [info] Frame 487 (t = 2.435):	 total squared error = 0.00206739, marker error: RMS = 0.00948085, max = 0.0237909 (LTH2)
[2025-11-04 21:00:02.294] [info] Frame 488 (t = 2.44):	 total squared error = 0.00209570, marker error: RMS = 0.00954555, max = 0.023997 (LTH2)
[2025-11-04 21:00:02.327] [info] Frame 489 (t = 2.445):	 total squared error = 0.00211588, marker error: RMS = 0.00959139, max = 0.0242026 (LTH2)
[2025-11-04 21:00:02.378] [info] Frame 490 (t = 2.45):	 total squared error = 0.00212449, marker error: RMS = 0.00961088, max = 0.0242392 (LTH2)
[2025-11-04 21:00:02.422] [info] Frame 491 (t = 2.455):	 total squared error = 0.00213000, marker error: RMS = 0.00962334, max = 0.0244009 (LTH2)
[2025-11-04 21:00:02.448] [info] Frame 492 (t = 2.46):	 total squared error = 0.00216001, marker error: RMS = 0.00969090, max = 0.024293 (LTH2)
[2025-11-04 21:00:02.486] [info] InverseKinematicsTool completed 493 frames in 18 second(s).
[2025-11-04 21:15:38.421] [info] Loaded model Athlete_03 from file C:\Git\1_current_projects\powerlifing_model\models\Athlete_03\25_03_31\scaled.osim
[2025-11-04 21:15:38.594] [info] Loaded model Athlete_03 from file C:\Git\1_current_projects\powerlifing_model\models\Athlete_03\25_03_31\scaled.osim
[2025-11-04 21:15:41.116] [cout] [info] 
               MODEL: Athlete_03
         coordinates: 39
              forces: 97
           actuators: 97
             muscles: 80
            analyses: 0
              probes: 0
              bodies: 22
              joints: 22
         constraints: 2
             markers: 45
         controllers: 0
  contact geometries: 0
misc modelcomponents: 0
[2025-11-04 21:15:41.117] [info] Running tool .
[2025-11-04 21:15:41.395] [info] Frame 0 (t = 0.0):	 total squared error = 0.00156019, marker error: RMS = 0.00823615, max = 0.0150625 (XIPH)
[2025-11-04 21:15:41.414] [info] Frame 1 (t = 0.00500000):	 total squared error = 0.00156925, marker error: RMS = 0.00826003, max = 0.0152389 (XIPH)
[2025-11-04 21:15:41.442] [info] Frame 2 (t = 0.01):	 total squared error = 0.00157231, marker error: RMS = 0.00826809, max = 0.0154685 (XIPH)
[2025-11-04 21:15:41.461] [info] Frame 3 (t = 0.015):	 total squared error = 0.00158425, marker error: RMS = 0.00829942, max = 0.0157099 (XIPH)
[2025-11-04 21:15:41.492] [info] Frame 4 (t = 0.02):	 total squared error = 0.00158423, marker error: RMS = 0.00829938, max = 0.0160307 (XIPH)
[2025-11-04 21:15:41.511] [info] Frame 5 (t = 0.025):	 total squared error = 0.00159014, marker error: RMS = 0.00831484, max = 0.0163134 (XIPH)
[2025-11-04 21:15:41.530] [info] Frame 6 (t = 0.03):	 total squared error = 0.00158614, marker error: RMS = 0.00830438, max = 0.0164933 (XIPH)
[2025-11-04 21:15:41.550] [info] Frame 7 (t = 0.035):	 total squared error = 0.00157798, marker error: RMS = 0.00828298, max = 0.0167433 (XIPH)
[2025-11-04 21:15:41.570] [info] Frame 8 (t = 0.04):	 total squared error = 0.00156282, marker error: RMS = 0.00824309, max = 0.0169296 (XIPH)
[2025-11-04 21:15:41.593] [info] Frame 9 (t = 0.045):	 total squared error = 0.00154222, marker error: RMS = 0.00818861, max = 0.0171426 (XIPH)
[2025-11-04 21:15:41.609] [info] Frame 10 (t = 0.05):	 total squared error = 0.00151934, marker error: RMS = 0.00812763, max = 0.0173085 (XIPH)
[2025-11-04 21:15:41.630] [info] Frame 11 (t = 0.055):	 total squared error = 0.00149112, marker error: RMS = 0.00805178, max = 0.0174671 (XIPH)
[2025-11-04 21:15:41.651] [info] Frame 12 (t = 0.06):	 total squared error = 0.00146195, marker error: RMS = 0.00797265, max = 0.0175987 (XIPH)
[2025-11-04 21:15:41.672] [info] Frame 13 (t = 0.065):	 total squared error = 0.00143957, marker error: RMS = 0.00791138, max = 0.0177162 (XIPH)
[2025-11-04 21:15:41.690] [info] Frame 14 (t = 0.07):	 total squared error = 0.00142092, marker error: RMS = 0.00785997, max = 0.017838 (XIPH)
[2025-11-04 21:15:41.712] [info] Frame 15 (t = 0.075):	 total squared error = 0.00140652, marker error: RMS = 0.00782004, max = 0.0178747 (XIPH)
[2025-11-04 21:15:41.734] [info] Frame 16 (t = 0.08):	 total squared error = 0.00140314, marker error: RMS = 0.00781065, max = 0.0179965 (XIPH)
[2025-11-04 21:15:41.765] [info] Frame 17 (t = 0.085):	 total squared error = 0.00140189, marker error: RMS = 0.00780717, max = 0.0179435 (XIPH)
[2025-11-04 21:15:41.786] [info] Frame 18 (t = 0.09):	 total squared error = 0.00141407, marker error: RMS = 0.00784100, max = 0.0180565 (XIPH)
[2025-11-04 21:15:41.819] [info] Frame 19 (t = 0.095):	 total squared error = 0.00142886, marker error: RMS = 0.00788191, max = 0.0180666 (XIPH)
[2025-11-04 21:15:41.848] [info] Frame 20 (t = 0.1):	 total squared error = 0.00145093, marker error: RMS = 0.00794254, max = 0.0181426 (XIPH)
[2025-11-04 21:15:41.873] [info] Frame 21 (t = 0.105000):	 total squared error = 0.00147667, marker error: RMS = 0.00801269, max = 0.0182181 (XIPH)
[2025-11-04 21:15:41.884] [info] Frame 22 (t = 0.11):	 total squared error = 0.00151002, marker error: RMS = 0.00810265, max = 0.0183087 (XIPH)
[2025-11-04 21:15:41.904] [info] Frame 23 (t = 0.115):	 total squared error = 0.00153556, marker error: RMS = 0.00817089, max = 0.0184966 (XIPH)
[2025-11-04 21:15:41.912] [info] Frame 24 (t = 0.12):	 total squared error = 0.00156966, marker error: RMS = 0.00826111, max = 0.0186098 (XIPH)
[2025-11-04 21:15:41.939] [info] Frame 25 (t = 0.125):	 total squared error = 0.00159018, marker error: RMS = 0.00831494, max = 0.0188192 (XIPH)
[2025-11-04 21:15:41.951] [info] Frame 26 (t = 0.13):	 total squared error = 0.00161879, marker error: RMS = 0.00838942, max = 0.018941 (XIPH)
[2025-11-04 21:15:41.962] [info] Frame 27 (t = 0.135):	 total squared error = 0.00164742, marker error: RMS = 0.00846327, max = 0.0191282 (XIPH)
[2025-11-04 21:15:41.981] [info] Frame 28 (t = 0.14):	 total squared error = 0.00167227, marker error: RMS = 0.00852687, max = 0.0194596 (XIPH)
[2025-11-04 21:15:41.993] [info] Frame 29 (t = 0.145):	 total squared error = 0.00170078, marker error: RMS = 0.00859925, max = 0.0196621 (XIPH)
[2025-11-04 21:15:42.017] [info] Frame 30 (t = 0.15):	 total squared error = 0.00172226, marker error: RMS = 0.00865337, max = 0.0199627 (XIPH)
[2025-11-04 21:15:42.031] [info] Frame 31 (t = 0.155):	 total squared error = 0.00175248, marker error: RMS = 0.00872896, max = 0.0201565 (XIPH)
[2025-11-04 21:15:42.063] [info] Frame 32 (t = 0.16):	 total squared error = 0.00175690, marker error: RMS = 0.00873997, max = 0.0208995 (XIPH)
[2025-11-04 21:15:42.081] [info] Frame 33 (t = 0.165):	 total squared error = 0.00178373, marker error: RMS = 0.00880645, max = 0.0210419 (XIPH)
[2025-11-04 21:15:42.097] [info] Frame 34 (t = 0.17):	 total squared error = 0.00180621, marker error: RMS = 0.00886176, max = 0.0212538 (XIPH)
[2025-11-04 21:15:42.132] [info] Frame 35 (t = 0.175):	 total squared error = 0.00181771, marker error: RMS = 0.00888994, max = 0.0216818 (XIPH)
[2025-11-04 21:15:42.149] [info] Frame 36 (t = 0.18):	 total squared error = 0.00183641, marker error: RMS = 0.00893554, max = 0.0217509 (XIPH)
[2025-11-04 21:15:42.175] [info] Frame 37 (t = 0.185):	 total squared error = 0.00184476, marker error: RMS = 0.00895583, max = 0.0219886 (XIPH)
[2025-11-04 21:15:42.195] [info] Frame 38 (t = 0.19):	 total squared error = 0.00185420, marker error: RMS = 0.00897871, max = 0.0219862 (XIPH)
[2025-11-04 21:15:42.219] [info] Frame 39 (t = 0.195):	 total squared error = 0.00185962, marker error: RMS = 0.00899183, max = 0.0219695 (XIPH)
[2025-11-04 21:15:42.256] [info] Frame 40 (t = 0.2):	 total squared error = 0.00184736, marker error: RMS = 0.00896215, max = 0.0221974 (XIPH)
[2025-11-04 21:15:42.280] [info] Frame 41 (t = 0.205000):	 total squared error = 0.00184840, marker error: RMS = 0.00896467, max = 0.0220440 (XIPH)
[2025-11-04 21:15:42.303] [info] Frame 42 (t = 0.21):	 total squared error = 0.00185064, marker error: RMS = 0.00897010, max = 0.0218538 (XIPH)
[2025-11-04 21:15:42.332] [info] Frame 43 (t = 0.215):	 total squared error = 0.00185515, marker error: RMS = 0.00898101, max = 0.0217515 (XIPH)
[2025-11-04 21:15:42.356] [info] Frame 44 (t = 0.22):	 total squared error = 0.00186138, marker error: RMS = 0.00899608, max = 0.0214374 (XIPH)
[2025-11-04 21:15:42.385] [info] Frame 45 (t = 0.225):	 total squared error = 0.00187650, marker error: RMS = 0.00903255, max = 0.0212994 (XIPH)
[2025-11-04 21:15:42.413] [info] Frame 46 (t = 0.23):	 total squared error = 0.00189799, marker error: RMS = 0.00908413, max = 0.0209846 (XIPH)
[2025-11-04 21:15:42.434] [info] Frame 47 (t = 0.235):	 total squared error = 0.00192441, marker error: RMS = 0.00914713, max = 0.0205449 (XIPH)
[2025-11-04 21:15:42.459] [info] Frame 48 (t = 0.24):	 total squared error = 0.00196697, marker error: RMS = 0.00924773, max = 0.0202212 (XIPH)
[2025-11-04 21:15:42.493] [info] Frame 49 (t = 0.245):	 total squared error = 0.00200195, marker error: RMS = 0.00932960, max = 0.0199089 (XIPH)
[2025-11-04 21:15:42.513] [info] Frame 50 (t = 0.25):	 total squared error = 0.00205085, marker error: RMS = 0.00944285, max = 0.0194616 (XIPH)
[2025-11-04 21:15:42.542] [info] Frame 51 (t = 0.255):	 total squared error = 0.00210064, marker error: RMS = 0.00955678, max = 0.0192816 (LTH2)
[2025-11-04 21:15:42.563] [info] Frame 52 (t = 0.26):	 total squared error = 0.00216141, marker error: RMS = 0.00969404, max = 0.0204228 (LTH2)
[2025-11-04 21:15:42.600] [info] Frame 53 (t = 0.265):	 total squared error = 0.00223294, marker error: RMS = 0.00985314, max = 0.0212806 (LTH2)
[2025-11-04 21:15:42.645] [info] Frame 54 (t = 0.27):	 total squared error = 0.00230546, marker error: RMS = 0.0100119, max = 0.0219642 (LTH2)
[2025-11-04 21:15:42.698] [info] Frame 55 (t = 0.275):	 total squared error = 0.00237249, marker error: RMS = 0.0101564, max = 0.0221075 (LTH2)
[2025-11-04 21:15:42.730] [info] Frame 56 (t = 0.28):	 total squared error = 0.00246850, marker error: RMS = 0.0103598, max = 0.0230909 (LTH2)
[2025-11-04 21:15:42.775] [info] Frame 57 (t = 0.285):	 total squared error = 0.00256116, marker error: RMS = 0.0105525, max = 0.0233688 (LTH2)
[2025-11-04 21:15:42.802] [info] Frame 58 (t = 0.29):	 total squared error = 0.00267511, marker error: RMS = 0.0107847, max = 0.0241236 (LTH2)
[2025-11-04 21:15:42.831] [info] Frame 59 (t = 0.295):	 total squared error = 0.00279784, marker error: RMS = 0.0110293, max = 0.024757 (LTH2)
[2025-11-04 21:15:42.874] [info] Frame 60 (t = 0.3):	 total squared error = 0.00291872, marker error: RMS = 0.011265, max = 0.0250539 (LTH2)
[2025-11-04 21:15:42.903] [info] Frame 61 (t = 0.305000):	 total squared error = 0.00305934, marker error: RMS = 0.0115332, max = 0.0257864 (LTH2)
[2025-11-04 21:15:42.949] [info] Frame 62 (t = 0.31):	 total squared error = 0.00318483, marker error: RMS = 0.0117674, max = 0.0260818 (LTH2)
[2025-11-04 21:15:42.974] [info] Frame 63 (t = 0.315):	 total squared error = 0.00332290, marker error: RMS = 0.0120197, max = 0.0268651 (LTH2)
[2025-11-04 21:15:43.010] [info] Frame 64 (t = 0.32):	 total squared error = 0.00344375, marker error: RMS = 0.0122364, max = 0.0270428 (LTH2)
[2025-11-04 21:15:43.029] [info] Frame 65 (t = 0.325):	 total squared error = 0.00356286, marker error: RMS = 0.0124462, max = 0.0277177 (LTH2)
[2025-11-04 21:15:43.066] [info] Frame 66 (t = 0.33):	 total squared error = 0.00367565, marker error: RMS = 0.0126416, max = 0.0279342 (LTH2)
[2025-11-04 21:15:43.093] [info] Frame 67 (t = 0.335):	 total squared error = 0.00378136, marker error: RMS = 0.0128221, max = 0.0283966 (LTH2)
[2025-11-04 21:15:43.118] [info] Frame 68 (t = 0.34):	 total squared error = 0.00387963, marker error: RMS = 0.0129877, max = 0.0288065 (LTH2)
[2025-11-04 21:15:43.141] [info] Frame 69 (t = 0.345):	 total squared error = 0.00397025, marker error: RMS = 0.0131385, max = 0.0290992 (LTH2)
[2025-11-04 21:15:43.165] [info] Frame 70 (t = 0.35):	 total squared error = 0.00405289, marker error: RMS = 0.0132745, max = 0.0293244 (LTH2)
[2025-11-04 21:15:43.192] [info] Frame 71 (t = 0.355):	 total squared error = 0.00412839, marker error: RMS = 0.0133976, max = 0.0294631 (LTH2)
[2025-11-04 21:15:43.214] [info] Frame 72 (t = 0.36):	 total squared error = 0.00419832, marker error: RMS = 0.0135106, max = 0.0295322 (LTH2)
[2025-11-04 21:15:43.234] [info] Frame 73 (t = 0.365):	 total squared error = 0.00426069, marker error: RMS = 0.0136106, max = 0.0295091 (LTH2)
[2025-11-04 21:15:43.259] [info] Frame 74 (t = 0.37):	 total squared error = 0.00431103, marker error: RMS = 0.0136907, max = 0.0293664 (LTH2)
[2025-11-04 21:15:43.283] [info] Frame 75 (t = 0.375):	 total squared error = 0.00434589, marker error: RMS = 0.013746, max = 0.0291771 (LTH2)
[2025-11-04 21:15:43.306] [info] Frame 76 (t = 0.38):	 total squared error = 0.00436592, marker error: RMS = 0.0137776, max = 0.0287641 (LTH2)
[2025-11-04 21:15:43.334] [info] Frame 77 (t = 0.385):	 total squared error = 0.00436199, marker error: RMS = 0.0137714, max = 0.0283118 (LTH2)
[2025-11-04 21:15:43.356] [info] Frame 78 (t = 0.39):	 total squared error = 0.00433987, marker error: RMS = 0.0137364, max = 0.0276866 (LTH2)
[2025-11-04 21:15:43.387] [info] Frame 79 (t = 0.395):	 total squared error = 0.00429436, marker error: RMS = 0.0136642, max = 0.0269099 (LTH2)
[2025-11-04 21:15:43.407] [info] Frame 80 (t = 0.4):	 total squared error = 0.00422526, marker error: RMS = 0.0135539, max = 0.0260580 (LTH2)
[2025-11-04 21:15:43.438] [info] Frame 81 (t = 0.405000):	 total squared error = 0.00413151, marker error: RMS = 0.0134026, max = 0.0252105 (LTH2)
[2025-11-04 21:15:43.459] [info] Frame 82 (t = 0.41):	 total squared error = 0.00402895, marker error: RMS = 0.0132353, max = 0.0240030 (LTH2)
[2025-11-04 21:15:43.480] [info] Frame 83 (t = 0.415):	 total squared error = 0.00391224, marker error: RMS = 0.0130421, max = 0.0228003 (LTH2)
[2025-11-04 21:15:43.514] [info] Frame 84 (t = 0.42):	 total squared error = 0.00378132, marker error: RMS = 0.0128221, max = 0.0220604 (LTH2)
[2025-11-04 21:15:43.540] [info] Frame 85 (t = 0.425):	 total squared error = 0.00365379, marker error: RMS = 0.0126040, max = 0.0205779 (LTH2)
[2025-11-04 21:15:43.561] [info] Frame 86 (t = 0.43):	 total squared error = 0.00353002, marker error: RMS = 0.0123887, max = 0.019828 (LSHA2)
[2025-11-04 21:15:43.572] [info] Frame 87 (t = 0.435):	 total squared error = 0.00341687, marker error: RMS = 0.0121885, max = 0.019546 (LSHA2)
[2025-11-04 21:15:43.604] [info] Frame 88 (t = 0.44):	 total squared error = 0.00330027, marker error: RMS = 0.0119787, max = 0.0192718 (LSHA2)
[2025-11-04 21:15:43.632] [info] Frame 89 (t = 0.445):	 total squared error = 0.00320704, marker error: RMS = 0.0118083, max = 0.0190416 (LSHA2)
[2025-11-04 21:15:43.648] [info] Frame 90 (t = 0.45):	 total squared error = 0.00313261, marker error: RMS = 0.0116705, max = 0.0188744 (LSHA2)
[2025-11-04 21:15:43.682] [info] Frame 91 (t = 0.455):	 total squared error = 0.00306923, marker error: RMS = 0.0115518, max = 0.0187251 (LSHA2)
[2025-11-04 21:15:43.706] [info] Frame 92 (t = 0.46):	 total squared error = 0.00302958, marker error: RMS = 0.011477, max = 0.0186736 (LSHA2)
[2025-11-04 21:15:43.721] [info] Frame 93 (t = 0.465):	 total squared error = 0.00301263, marker error: RMS = 0.0114448, max = 0.0187002 (XIPH)
[2025-11-04 21:15:43.766] [info] Frame 94 (t = 0.47):	 total squared error = 0.00299985, marker error: RMS = 0.0114205, max = 0.0185833 (XIPH)
[2025-11-04 21:15:43.787] [info] Frame 95 (t = 0.475):	 total squared error = 0.00301501, marker error: RMS = 0.0114493, max = 0.0187147 (LSHA2)
[2025-11-04 21:15:43.815] [info] Frame 96 (t = 0.48):	 total squared error = 0.00303720, marker error: RMS = 0.0114914, max = 0.018876 (LSHA2)
[2025-11-04 21:15:43.834] [info] Frame 97 (t = 0.485):	 total squared error = 0.00308418, marker error: RMS = 0.0115799, max = 0.0191159 (LSHA2)
[2025-11-04 21:15:43.869] [info] Frame 98 (t = 0.49):	 total squared error = 0.00312641, marker error: RMS = 0.0116589, max = 0.0190527 (LSHA2)
[2025-11-04 21:15:43.895] [info] Frame 99 (t = 0.495):	 total squared error = 0.00318524, marker error: RMS = 0.0117681, max = 0.0193909 (LSHA2)
[2025-11-04 21:15:43.913] [info] Frame 100 (t = 0.5):	 total squared error = 0.00325868, marker error: RMS = 0.0119030, max = 0.0197153 (LSHA2)
[2025-11-04 21:15:43.929] [info] Frame 101 (t = 0.505000):	 total squared error = 0.00334085, marker error: RMS = 0.0120522, max = 0.0201312 (LSHA2)
[2025-11-04 21:15:43.965] [info] Frame 102 (t = 0.51):	 total squared error = 0.00338433, marker error: RMS = 0.0121303, max = 0.0202338 (LSHA2)
[2025-11-04 21:15:43.985] [info] Frame 103 (t = 0.515):	 total squared error = 0.00345568, marker error: RMS = 0.0122575, max = 0.0206341 (LSHA2)
[2025-11-04 21:15:44.043] [info] Frame 104 (t = 0.52):	 total squared error = 0.00350224, marker error: RMS = 0.0123398, max = 0.0207237 (LSHA2)
[2025-11-04 21:15:44.128] [info] Frame 105 (t = 0.525):	 total squared error = 0.00354810, marker error: RMS = 0.0124204, max = 0.0209970 (LSHA2)
[2025-11-04 21:15:44.161] [info] Frame 106 (t = 0.53):	 total squared error = 0.00356302, marker error: RMS = 0.0124464, max = 0.0209774 (LSHA2)
[2025-11-04 21:15:44.184] [info] Frame 107 (t = 0.535):	 total squared error = 0.00356620, marker error: RMS = 0.012452, max = 0.0210092 (LSHA2)
[2025-11-04 21:15:44.204] [info] Frame 108 (t = 0.54):	 total squared error = 0.00354567, marker error: RMS = 0.0124161, max = 0.0206461 (LSHA2)
[2025-11-04 21:15:44.259] [info] Frame 109 (t = 0.545):	 total squared error = 0.00347549, marker error: RMS = 0.0122926, max = 0.0202636 (LSHA2)
[2025-11-04 21:15:44.284] [info] Frame 110 (t = 0.55):	 total squared error = 0.00339851, marker error: RMS = 0.0121557, max = 0.0197792 (LSHA2)
[2025-11-04 21:15:44.331] [info] Frame 111 (t = 0.555):	 total squared error = 0.00329438, marker error: RMS = 0.011968, max = 0.0192158 (LSHA2)
[2025-11-04 21:15:44.369] [info] Frame 112 (t = 0.56):	 total squared error = 0.00316578, marker error: RMS = 0.0117321, max = 0.0183863 (LSHA2)
[2025-11-04 21:15:44.450] [info] Frame 113 (t = 0.565):	 total squared error = 0.00300796, marker error: RMS = 0.0114359, max = 0.0180825 (XIPH)
[2025-11-04 21:15:44.479] [info] Frame 114 (t = 0.57):	 total squared error = 0.00285317, marker error: RMS = 0.0111378, max = 0.0182175 (XIPH)
[2025-11-04 21:15:44.506] [info] Frame 115 (t = 0.575):	 total squared error = 0.00268716, marker error: RMS = 0.0108089, max = 0.0183246 (XIPH)
[2025-11-04 21:15:44.532] [info] Frame 116 (t = 0.58):	 total squared error = 0.00252292, marker error: RMS = 0.0104734, max = 0.018447 (XIPH)
[2025-11-04 21:15:44.576] [info] Frame 117 (t = 0.585):	 total squared error = 0.00236463, marker error: RMS = 0.0101395, max = 0.0185882 (XIPH)
[2025-11-04 21:15:44.613] [info] Frame 118 (t = 0.59):	 total squared error = 0.00221385, marker error: RMS = 0.00981093, max = 0.0186791 (XIPH)
[2025-11-04 21:15:44.638] [info] Frame 119 (t = 0.595):	 total squared error = 0.00207551, marker error: RMS = 0.00949945, max = 0.0187646 (XIPH)
[2025-11-04 21:15:44.688] [info] Frame 120 (t = 0.6):	 total squared error = 0.00195659, marker error: RMS = 0.00922330, max = 0.0188726 (XIPH)
[2025-11-04 21:15:44.722] [info] Frame 121 (t = 0.605000):	 total squared error = 0.00186862, marker error: RMS = 0.00901357, max = 0.0190050 (XIPH)
[2025-11-04 21:15:44.765] [info] Frame 122 (t = 0.61):	 total squared error = 0.00179645, marker error: RMS = 0.00883780, max = 0.0191399 (XIPH)
[2025-11-04 21:15:44.811] [info] Frame 123 (t = 0.615):	 total squared error = 0.00174597, marker error: RMS = 0.00871274, max = 0.0192354 (XIPH)
[2025-11-04 21:15:44.843] [info] Frame 124 (t = 0.62):	 total squared error = 0.00171820, marker error: RMS = 0.00864317, max = 0.0193213 (XIPH)
[2025-11-04 21:15:44.902] [info] Frame 125 (t = 0.625):	 total squared error = 0.00170282, marker error: RMS = 0.00860440, max = 0.0193494 (XIPH)
[2025-11-04 21:15:44.946] [info] Frame 126 (t = 0.63):	 total squared error = 0.00170838, marker error: RMS = 0.00861845, max = 0.01941 (XIPH)
[2025-11-04 21:15:44.971] [info] Frame 127 (t = 0.635):	 total squared error = 0.00172987, marker error: RMS = 0.00867247, max = 0.0195055 (XIPH)
[2025-11-04 21:15:45.030] [info] Frame 128 (t = 0.64):	 total squared error = 0.00175445, marker error: RMS = 0.00873386, max = 0.019512 (XIPH)
[2025-11-04 21:15:45.074] [info] Frame 129 (t = 0.645):	 total squared error = 0.00178815, marker error: RMS = 0.00881734, max = 0.0195824 (XIPH)
[2025-11-04 21:15:45.125] [info] Frame 130 (t = 0.65):	 total squared error = 0.00181962, marker error: RMS = 0.00889460, max = 0.0195877 (XIPH)
[2025-11-04 21:15:45.169] [info] Frame 131 (t = 0.655):	 total squared error = 0.00185245, marker error: RMS = 0.00897449, max = 0.0196554 (XIPH)
[2025-11-04 21:15:45.207] [info] Frame 132 (t = 0.66):	 total squared error = 0.00188202, marker error: RMS = 0.00904583, max = 0.0196416 (XIPH)
[2025-11-04 21:15:45.235] [info] Frame 133 (t = 0.665):	 total squared error = 0.00190779, marker error: RMS = 0.00910754, max = 0.0196143 (XIPH)
[2025-11-04 21:15:45.293] [info] Frame 134 (t = 0.67):	 total squared error = 0.00192968, marker error: RMS = 0.00915965, max = 0.0196952 (XIPH)
[2025-11-04 21:15:45.326] [info] Frame 135 (t = 0.675):	 total squared error = 0.00194916, marker error: RMS = 0.00920576, max = 0.0196827 (XIPH)
[2025-11-04 21:15:45.385] [info] Frame 136 (t = 0.68):	 total squared error = 0.00196425, marker error: RMS = 0.00924134, max = 0.0197174 (XIPH)
[2025-11-04 21:15:45.400] [info] Frame 137 (t = 0.685):	 total squared error = 0.00198190, marker error: RMS = 0.00928276, max = 0.0197393 (XIPH)
[2025-11-04 21:15:45.425] [info] Frame 138 (t = 0.69):	 total squared error = 0.00199975, marker error: RMS = 0.00932446, max = 0.0197433 (XIPH)
[2025-11-04 21:15:45.501] [info] Frame 139 (t = 0.695):	 total squared error = 0.00201154, marker error: RMS = 0.00935192, max = 0.0197079 (XIPH)
[2025-11-04 21:15:45.546] [info] Frame 140 (t = 0.7):	 total squared error = 0.00203353, marker error: RMS = 0.00940290, max = 0.0196654 (XIPH)
[2025-11-04 21:15:45.596] [info] Frame 141 (t = 0.705000):	 total squared error = 0.00205982, marker error: RMS = 0.00946347, max = 0.0196101 (XIPH)
[2025-11-04 21:15:45.651] [info] Frame 142 (t = 0.71):	 total squared error = 0.00208429, marker error: RMS = 0.00951952, max = 0.0194931 (XIPH)
[2025-11-04 21:15:45.725] [info] Frame 143 (t = 0.715):	 total squared error = 0.00210700, marker error: RMS = 0.00957123, max = 0.0193176 (XIPH)
[2025-11-04 21:15:45.783] [info] Frame 144 (t = 0.72):	 total squared error = 0.00213108, marker error: RMS = 0.00962579, max = 0.0191355 (XIPH)
[2025-11-04 21:15:45.822] [info] Frame 145 (t = 0.725):	 total squared error = 0.00215034, marker error: RMS = 0.00966919, max = 0.0189148 (XIPH)
[2025-11-04 21:15:45.859] [info] Frame 146 (t = 0.73):	 total squared error = 0.00216522, marker error: RMS = 0.00970258, max = 0.0186876 (RTOE)
[2025-11-04 21:15:45.910] [info] Frame 147 (t = 0.735):	 total squared error = 0.00216419, marker error: RMS = 0.00970028, max = 0.0188386 (RTOE)
[2025-11-04 21:15:45.947] [info] Frame 148 (t = 0.74):	 total squared error = 0.00216239, marker error: RMS = 0.00969624, max = 0.0191089 (RTOE)
[2025-11-04 21:15:45.991] [info] Frame 149 (t = 0.745):	 total squared error = 0.00215218, marker error: RMS = 0.00967331, max = 0.0192741 (RTOE)
[2025-11-04 21:15:46.023] [info] Frame 150 (t = 0.75):	 total squared error = 0.00213477, marker error: RMS = 0.00963411, max = 0.0194539 (RTOE)
[2025-11-04 21:15:46.058] [info] Frame 151 (t = 0.755):	 total squared error = 0.00211107, marker error: RMS = 0.00958049, max = 0.0194599 (RTOE)
[2025-11-04 21:15:46.091] [info] Frame 152 (t = 0.76):	 total squared error = 0.00208280, marker error: RMS = 0.00951612, max = 0.0194271 (RTOE)
[2025-11-04 21:15:46.141] [info] Frame 153 (t = 0.765):	 total squared error = 0.00205306, marker error: RMS = 0.00944794, max = 0.0193161 (RTOE)
[2025-11-04 21:15:46.179] [info] Frame 154 (t = 0.77):	 total squared error = 0.00203034, marker error: RMS = 0.00939551, max = 0.0190958 (RTHOL)
[2025-11-04 21:15:46.229] [info] Frame 155 (t = 0.775):	 total squared error = 0.00199772, marker error: RMS = 0.00931973, max = 0.0192463 (RTHOL)
[2025-11-04 21:15:46.261] [info] Frame 156 (t = 0.78):	 total squared error = 0.00196449, marker error: RMS = 0.00924189, max = 0.0196507 (RTHOL)
[2025-11-04 21:15:46.311] [info] Frame 157 (t = 0.785):	 total squared error = 0.00193965, marker error: RMS = 0.00918327, max = 0.0196627 (RTHOL)
[2025-11-04 21:15:46.351] [info] Frame 158 (t = 0.79):	 total squared error = 0.00190701, marker error: RMS = 0.00910569, max = 0.0198473 (RTHOL)
[2025-11-04 21:15:46.413] [info] Frame 159 (t = 0.795):	 total squared error = 0.00187580, marker error: RMS = 0.00903087, max = 0.019972 (RTHOL)
[2025-11-04 21:15:46.473] [info] Frame 160 (t = 0.8):	 total squared error = 0.00184540, marker error: RMS = 0.00895738, max = 0.0200078 (RTHOL)
[2025-11-04 21:15:46.520] [info] Frame 161 (t = 0.805000):	 total squared error = 0.00181724, marker error: RMS = 0.00888877, max = 0.0199369 (RTHOL)
[2025-11-04 21:15:46.592] [info] Frame 162 (t = 0.81):	 total squared error = 0.00179120, marker error: RMS = 0.00882486, max = 0.0192458 (RTHOL)
[2025-11-04 21:15:46.638] [info] Frame 163 (t = 0.815):	 total squared error = 0.00177348, marker error: RMS = 0.00878110, max = 0.0194216 (RTHOL)
[2025-11-04 21:15:46.731] [info] Frame 164 (t = 0.82):	 total squared error = 0.00176224, marker error: RMS = 0.00875324, max = 0.0186054 (RTHOL)
[2025-11-04 21:15:46.808] [info] Frame 165 (t = 0.825):	 total squared error = 0.00176380, marker error: RMS = 0.00875710, max = 0.0186608 (RTHOL)
[2025-11-04 21:15:46.892] [info] Frame 166 (t = 0.83):	 total squared error = 0.00177243, marker error: RMS = 0.00877850, max = 0.0177637 (RTHOL)
[2025-11-04 21:15:46.982] [info] Frame 167 (t = 0.835):	 total squared error = 0.00179445, marker error: RMS = 0.00883287, max = 0.0172799 (RTHOL)
[2025-11-04 21:15:47.036] [info] Frame 168 (t = 0.84):	 total squared error = 0.00183030, marker error: RMS = 0.00892066, max = 0.0172919 (RTHOL)
[2025-11-04 21:15:47.110] [info] Frame 169 (t = 0.845):	 total squared error = 0.00187027, marker error: RMS = 0.00901755, max = 0.0164296 (RTHOL)
[2025-11-04 21:15:47.166] [info] Frame 170 (t = 0.85):	 total squared error = 0.00192276, marker error: RMS = 0.00914322, max = 0.0162927 (RTHOL)
[2025-11-04 21:15:47.213] [info] Frame 171 (t = 0.855):	 total squared error = 0.00197767, marker error: RMS = 0.00927284, max = 0.0156997 (RTHOL)
[2025-11-04 21:15:47.233] [info] Frame 172 (t = 0.86):	 total squared error = 0.00204921, marker error: RMS = 0.00943906, max = 0.0161827 (RTHOL)
[2025-11-04 21:15:47.289] [info] Frame 173 (t = 0.865):	 total squared error = 0.00209921, marker error: RMS = 0.00955352, max = 0.0155994 (RSHAOL)
[2025-11-04 21:15:47.317] [info] Frame 174 (t = 0.87):	 total squared error = 0.00216623, marker error: RMS = 0.00970484, max = 0.0158932 (RSHAOL)
[2025-11-04 21:15:47.378] [info] Frame 175 (t = 0.875):	 total squared error = 0.00222372, marker error: RMS = 0.00983278, max = 0.016595 (RSHAOL)
[2025-11-04 21:15:47.420] [info] Frame 176 (t = 0.88):	 total squared error = 0.00228895, marker error: RMS = 0.00997595, max = 0.0170360 (RSHAOL)
[2025-11-04 21:15:47.467] [info] Frame 177 (t = 0.885):	 total squared error = 0.00234965, marker error: RMS = 0.0101074, max = 0.0177926 (RSHAOL)
[2025-11-04 21:15:47.508] [info] Frame 178 (t = 0.89):	 total squared error = 0.00241304, marker error: RMS = 0.0102428, max = 0.0183407 (RSHAOL)
[2025-11-04 21:15:47.550] [info] Frame 179 (t = 0.895):	 total squared error = 0.00247393, marker error: RMS = 0.0103712, max = 0.0191161 (RSHAOL)
[2025-11-04 21:15:47.580] [info] Frame 180 (t = 0.9):	 total squared error = 0.00253437, marker error: RMS = 0.0104971, max = 0.0197465 (RSHAOL)
[2025-11-04 21:15:47.606] [info] Frame 181 (t = 0.905000):	 total squared error = 0.00259142, marker error: RMS = 0.0106146, max = 0.0203587 (RSHAOL)
[2025-11-04 21:15:47.643] [info] Frame 182 (t = 0.91):	 total squared error = 0.00264705, marker error: RMS = 0.0107280, max = 0.0209279 (RSHAOL)
[2025-11-04 21:15:47.681] [info] Frame 183 (t = 0.915):	 total squared error = 0.00268174, marker error: RMS = 0.0107980, max = 0.0214506 (RSHAOL)
[2025-11-04 21:15:47.747] [info] Frame 184 (t = 0.92):	 total squared error = 0.00270657, marker error: RMS = 0.0108479, max = 0.0219727 (RSHAOL)
[2025-11-04 21:15:47.775] [info] Frame 185 (t = 0.925):	 total squared error = 0.00272099, marker error: RMS = 0.0108768, max = 0.0222558 (RSHAOL)
[2025-11-04 21:15:47.827] [info] Frame 186 (t = 0.93):	 total squared error = 0.00270620, marker error: RMS = 0.0108472, max = 0.0224311 (RSHAOL)
[2025-11-04 21:15:47.872] [info] Frame 187 (t = 0.935):	 total squared error = 0.00267778, marker error: RMS = 0.0107901, max = 0.0224502 (RSHAOL)
[2025-11-04 21:15:47.910] [info] Frame 188 (t = 0.94):	 total squared error = 0.00263510, marker error: RMS = 0.0107037, max = 0.0223207 (RSHAOL)
[2025-11-04 21:15:47.969] [info] Frame 189 (t = 0.945):	 total squared error = 0.00256602, marker error: RMS = 0.0105625, max = 0.0220742 (RSHAOL)
[2025-11-04 21:15:48.010] [info] Frame 190 (t = 0.95):	 total squared error = 0.00248682, marker error: RMS = 0.0103982, max = 0.0216936 (RSHAOL)
[2025-11-04 21:15:48.047] [info] Frame 191 (t = 0.955):	 total squared error = 0.00239564, marker error: RMS = 0.0102058, max = 0.0211915 (RSHAOL)
[2025-11-04 21:15:48.090] [info] Frame 192 (t = 0.96):	 total squared error = 0.00229960, marker error: RMS = 0.00999913, max = 0.0206234 (RSHAOL)
[2025-11-04 21:15:48.133] [info] Frame 193 (t = 0.965):	 total squared error = 0.00219358, marker error: RMS = 0.00976590, max = 0.0199373 (RSHAOL)
[2025-11-04 21:15:48.182] [info] Frame 194 (t = 0.97):	 total squared error = 0.00208022, marker error: RMS = 0.00951022, max = 0.0188251 (RSHAOL)
[2025-11-04 21:15:48.224] [info] Frame 195 (t = 0.975):	 total squared error = 0.00197634, marker error: RMS = 0.00926973, max = 0.0181005 (RSHAOL)
[2025-11-04 21:15:48.249] [info] Frame 196 (t = 0.98):	 total squared error = 0.00188292, marker error: RMS = 0.00904798, max = 0.0173745 (RSHAOL)
[2025-11-04 21:15:48.312] [info] Frame 197 (t = 0.985):	 total squared error = 0.00178185, marker error: RMS = 0.00880181, max = 0.0162731 (RSHAOL)
[2025-11-04 21:15:48.341] [info] Frame 198 (t = 0.99):	 total squared error = 0.00170320, marker error: RMS = 0.00860535, max = 0.0156224 (RSHAOL)
[2025-11-04 21:15:48.395] [info] Frame 199 (t = 0.995):	 total squared error = 0.00162447, marker error: RMS = 0.00840412, max = 0.0145434 (RSHAOL)
[2025-11-04 21:15:48.426] [info] Frame 200 (t = 1.0):	 total squared error = 0.00156857, marker error: RMS = 0.00825825, max = 0.0142267 (XIPH)
[2025-11-04 21:15:48.481] [info] Frame 201 (t = 1.00500):	 total squared error = 0.00151247, marker error: RMS = 0.00810922, max = 0.0144854 (XIPH)
[2025-11-04 21:15:48.550] [info] Frame 202 (t = 1.01):	 total squared error = 0.00147464, marker error: RMS = 0.00800718, max = 0.0146193 (XIPH)
[2025-11-04 21:15:48.595] [info] Frame 203 (t = 1.015):	 total squared error = 0.00145624, marker error: RMS = 0.00795705, max = 0.01457 (XIPH)
[2025-11-04 21:15:48.665] [info] Frame 204 (t = 1.02):	 total squared error = 0.00143605, marker error: RMS = 0.00790170, max = 0.0148153 (XIPH)
[2025-11-04 21:15:48.712] [info] Frame 205 (t = 1.025):	 total squared error = 0.00144098, marker error: RMS = 0.00791526, max = 0.014743 (XIPH)
[2025-11-04 21:15:48.811] [info] Frame 206 (t = 1.03):	 total squared error = 0.00144186, marker error: RMS = 0.00791768, max = 0.0149907 (XIPH)
[2025-11-04 21:15:48.898] [info] Frame 207 (t = 1.035):	 total squared error = 0.00146000, marker error: RMS = 0.00796732, max = 0.0150749 (XIPH)
[2025-11-04 21:15:48.950] [info] Frame 208 (t = 1.04):	 total squared error = 0.00149473, marker error: RMS = 0.00806154, max = 0.0150636 (XIPH)
[2025-11-04 21:15:49.003] [info] Frame 209 (t = 1.045):	 total squared error = 0.00152307, marker error: RMS = 0.00813759, max = 0.0152394 (XIPH)
[2025-11-04 21:15:49.029] [info] Frame 210 (t = 1.05):	 total squared error = 0.00157336, marker error: RMS = 0.00827085, max = 0.015266 (XIPH)
[2025-11-04 21:15:49.092] [info] Frame 211 (t = 1.055):	 total squared error = 0.00161766, marker error: RMS = 0.00838649, max = 0.0153653 (XIPH)
[2025-11-04 21:15:49.157] [info] Frame 212 (t = 1.06):	 total squared error = 0.00166323, marker error: RMS = 0.00850379, max = 0.0155509 (XIPH)
[2025-11-04 21:15:49.203] [info] Frame 213 (t = 1.065):	 total squared error = 0.00172158, marker error: RMS = 0.00865166, max = 0.0155925 (XIPH)
[2025-11-04 21:15:49.246] [info] Frame 214 (t = 1.07):	 total squared error = 0.00177922, marker error: RMS = 0.00879529, max = 0.0156513 (XIPH)
[2025-11-04 21:15:49.296] [info] Frame 215 (t = 1.075):	 total squared error = 0.00183185, marker error: RMS = 0.00892444, max = 0.0157033 (XIPH)
[2025-11-04 21:15:49.367] [info] Frame 216 (t = 1.08):	 total squared error = 0.00185237, marker error: RMS = 0.00897430, max = 0.0160141 (XIPH)
[2025-11-04 21:15:49.416] [info] Frame 217 (t = 1.085):	 total squared error = 0.00188990, marker error: RMS = 0.00906475, max = 0.0161001 (XIPH)
[2025-11-04 21:15:49.463] [info] Frame 218 (t = 1.09):	 total squared error = 0.00191955, marker error: RMS = 0.00913558, max = 0.0162094 (XIPH)
[2025-11-04 21:15:49.508] [info] Frame 219 (t = 1.095):	 total squared error = 0.00193734, marker error: RMS = 0.00917782, max = 0.016326 (XIPH)
[2025-11-04 21:15:49.576] [info] Frame 220 (t = 1.1):	 total squared error = 0.00192088, marker error: RMS = 0.00913875, max = 0.0165649 (XIPH)
[2025-11-04 21:15:49.610] [info] Frame 221 (t = 1.10500):	 total squared error = 0.00191162, marker error: RMS = 0.00911669, max = 0.0167124 (XIPH)
[2025-11-04 21:15:49.673] [info] Frame 222 (t = 1.11):	 total squared error = 0.00188235, marker error: RMS = 0.00904661, max = 0.0168469 (XIPH)
[2025-11-04 21:15:49.730] [info] Frame 223 (t = 1.115):	 total squared error = 0.00184492, marker error: RMS = 0.00895623, max = 0.0170193 (XIPH)
[2025-11-04 21:15:49.781] [info] Frame 224 (t = 1.12):	 total squared error = 0.00179554, marker error: RMS = 0.00883555, max = 0.0171815 (XIPH)
[2025-11-04 21:15:49.830] [info] Frame 225 (t = 1.125):	 total squared error = 0.00173718, marker error: RMS = 0.00869077, max = 0.0173704 (XIPH)
[2025-11-04 21:15:49.867] [info] Frame 226 (t = 1.13):	 total squared error = 0.00167436, marker error: RMS = 0.00853218, max = 0.0175514 (XIPH)
[2025-11-04 21:15:49.914] [info] Frame 227 (t = 1.135):	 total squared error = 0.00160902, marker error: RMS = 0.00836406, max = 0.0177107 (XIPH)
[2025-11-04 21:15:49.952] [info] Frame 228 (t = 1.14):	 total squared error = 0.00154638, marker error: RMS = 0.00819962, max = 0.0178944 (XIPH)
[2025-11-04 21:15:49.990] [info] Frame 229 (t = 1.145):	 total squared error = 0.00149341, marker error: RMS = 0.00805797, max = 0.018118 (XIPH)
[2025-11-04 21:15:50.039] [info] Frame 230 (t = 1.15):	 total squared error = 0.00144570, marker error: RMS = 0.00792822, max = 0.0182263 (XIPH)
[2025-11-04 21:15:50.076] [info] Frame 231 (t = 1.155):	 total squared error = 0.00141020, marker error: RMS = 0.00783025, max = 0.0183567 (XIPH)
[2025-11-04 21:15:50.101] [info] Frame 232 (t = 1.16):	 total squared error = 0.00138815, marker error: RMS = 0.00776881, max = 0.0184999 (XIPH)
[2025-11-04 21:15:50.150] [info] Frame 233 (t = 1.165):	 total squared error = 0.00137313, marker error: RMS = 0.00772665, max = 0.0184413 (XIPH)
[2025-11-04 21:15:50.183] [info] Frame 234 (t = 1.17):	 total squared error = 0.00137850, marker error: RMS = 0.00774177, max = 0.0185914 (XIPH)
[2025-11-04 21:15:50.221] [info] Frame 235 (t = 1.175):	 total squared error = 0.00138996, marker error: RMS = 0.00777386, max = 0.0186059 (XIPH)
[2025-11-04 21:15:50.272] [info] Frame 236 (t = 1.18):	 total squared error = 0.00141094, marker error: RMS = 0.00783232, max = 0.0184557 (XIPH)
[2025-11-04 21:15:50.299] [info] Frame 237 (t = 1.185):	 total squared error = 0.00143862, marker error: RMS = 0.00790878, max = 0.0185006 (XIPH)
[2025-11-04 21:15:50.333] [info] Frame 238 (t = 1.19):	 total squared error = 0.00147077, marker error: RMS = 0.00799665, max = 0.0185662 (XIPH)
[2025-11-04 21:15:50.385] [info] Frame 239 (t = 1.195):	 total squared error = 0.00150097, marker error: RMS = 0.00807833, max = 0.0185435 (XIPH)
[2025-11-04 21:15:50.459] [info] Frame 240 (t = 1.2):	 total squared error = 0.00153277, marker error: RMS = 0.00816346, max = 0.0185585 (XIPH)
[2025-11-04 21:15:50.502] [info] Frame 241 (t = 1.20500):	 total squared error = 0.00156276, marker error: RMS = 0.00824294, max = 0.0186486 (XIPH)
[2025-11-04 21:15:50.537] [info] Frame 242 (t = 1.21):	 total squared error = 0.00158821, marker error: RMS = 0.00830980, max = 0.0187123 (XIPH)
[2025-11-04 21:15:50.564] [info] Frame 243 (t = 1.215):	 total squared error = 0.00161348, marker error: RMS = 0.00837563, max = 0.0187832 (XIPH)
[2025-11-04 21:15:50.587] [info] Frame 244 (t = 1.22):	 total squared error = 0.00163643, marker error: RMS = 0.00843500, max = 0.0188749 (XIPH)
[2025-11-04 21:15:50.630] [info] Frame 245 (t = 1.225):	 total squared error = 0.00165365, marker error: RMS = 0.00847925, max = 0.0190065 (XIPH)
[2025-11-04 21:15:50.652] [info] Frame 246 (t = 1.23):	 total squared error = 0.00167820, marker error: RMS = 0.00854197, max = 0.0191707 (XIPH)
[2025-11-04 21:15:50.728] [info] Frame 247 (t = 1.235):	 total squared error = 0.00167847, marker error: RMS = 0.00854266, max = 0.019744 (XIPH)
[2025-11-04 21:15:50.771] [info] Frame 248 (t = 1.24):	 total squared error = 0.00169751, marker error: RMS = 0.00859096, max = 0.0198623 (XIPH)
[2025-11-04 21:15:50.835] [info] Frame 249 (t = 1.245):	 total squared error = 0.00171015, marker error: RMS = 0.00862290, max = 0.0202096 (XIPH)
[2025-11-04 21:15:50.878] [info] Frame 250 (t = 1.25):	 total squared error = 0.00172974, marker error: RMS = 0.00867216, max = 0.0203058 (XIPH)
[2025-11-04 21:15:50.914] [info] Frame 251 (t = 1.255):	 total squared error = 0.00175571, marker error: RMS = 0.00873701, max = 0.0204094 (XIPH)
[2025-11-04 21:15:50.941] [info] Frame 252 (t = 1.26):	 total squared error = 0.00177039, marker error: RMS = 0.00877346, max = 0.0205427 (XIPH)
[2025-11-04 21:15:50.991] [info] Frame 253 (t = 1.265):	 total squared error = 0.00178444, marker error: RMS = 0.00880819, max = 0.0207290 (XIPH)
[2025-11-04 21:15:51.055] [info] Frame 254 (t = 1.27):	 total squared error = 0.00177796, marker error: RMS = 0.00879220, max = 0.0211262 (XIPH)
[2025-11-04 21:15:51.086] [info] Frame 255 (t = 1.275):	 total squared error = 0.00178874, marker error: RMS = 0.00881881, max = 0.0210976 (XIPH)
[2025-11-04 21:15:51.162] [info] Frame 256 (t = 1.28):	 total squared error = 0.00178690, marker error: RMS = 0.00881426, max = 0.0212626 (XIPH)
[2025-11-04 21:15:51.200] [info] Frame 257 (t = 1.285):	 total squared error = 0.00179320, marker error: RMS = 0.00882980, max = 0.0211098 (XIPH)
[2025-11-04 21:15:51.241] [info] Frame 258 (t = 1.29):	 total squared error = 0.00179514, marker error: RMS = 0.00883456, max = 0.0211339 (XIPH)
[2025-11-04 21:15:51.284] [info] Frame 259 (t = 1.295):	 total squared error = 0.00179497, marker error: RMS = 0.00883416, max = 0.0209374 (XIPH)
[2025-11-04 21:15:51.377] [info] Frame 260 (t = 1.3):	 total squared error = 0.00178904, marker error: RMS = 0.00881955, max = 0.0209545 (XIPH)
[2025-11-04 21:15:51.439] [info] Frame 261 (t = 1.30500):	 total squared error = 0.00179926, marker error: RMS = 0.00884470, max = 0.0207311 (XIPH)
[2025-11-04 21:15:51.501] [info] Frame 262 (t = 1.31):	 total squared error = 0.00181633, marker error: RMS = 0.00888656, max = 0.0205104 (XIPH)
[2025-11-04 21:15:51.570] [info] Frame 263 (t = 1.315):	 total squared error = 0.00183955, marker error: RMS = 0.00894318, max = 0.0202869 (XIPH)
[2025-11-04 21:15:51.629] [info] Frame 264 (t = 1.32):	 total squared error = 0.00186543, marker error: RMS = 0.00900587, max = 0.0200615 (XIPH)
[2025-11-04 21:15:51.700] [info] Frame 265 (t = 1.325):	 total squared error = 0.00189870, marker error: RMS = 0.00908582, max = 0.0197864 (XIPH)
[2025-11-04 21:15:51.782] [info] Frame 266 (t = 1.33):	 total squared error = 0.00193829, marker error: RMS = 0.00918007, max = 0.0194996 (XIPH)
[2025-11-04 21:15:51.848] [info] Frame 267 (t = 1.335):	 total squared error = 0.00198266, marker error: RMS = 0.00928454, max = 0.0192052 (XIPH)
[2025-11-04 21:15:51.887] [info] Frame 268 (t = 1.34):	 total squared error = 0.00202658, marker error: RMS = 0.00938680, max = 0.0192494 (LTH2)
[2025-11-04 21:15:51.926] [info] Frame 269 (t = 1.345):	 total squared error = 0.00208606, marker error: RMS = 0.00952357, max = 0.0193262 (LTH2)
[2025-11-04 21:15:51.992] [info] Frame 270 (t = 1.35):	 total squared error = 0.00213263, marker error: RMS = 0.00962929, max = 0.0193020 (LTH2)
[2025-11-04 21:15:52.042] [info] Frame 271 (t = 1.355):	 total squared error = 0.00219615, marker error: RMS = 0.00977163, max = 0.0200525 (LTH2)
[2025-11-04 21:15:52.087] [info] Frame 272 (t = 1.36):	 total squared error = 0.00226719, marker error: RMS = 0.00992843, max = 0.0206174 (LTH2)
[2025-11-04 21:15:52.118] [info] Frame 273 (t = 1.365):	 total squared error = 0.00236176, marker error: RMS = 0.0101334, max = 0.0219862 (LTH2)
[2025-11-04 21:15:52.175] [info] Frame 274 (t = 1.37):	 total squared error = 0.00244640, marker error: RMS = 0.0103133, max = 0.0217823 (LTH2)
[2025-11-04 21:15:52.218] [info] Frame 275 (t = 1.375):	 total squared error = 0.00255719, marker error: RMS = 0.0105443, max = 0.0230184 (LTH2)
[2025-11-04 21:15:52.292] [info] Frame 276 (t = 1.38):	 total squared error = 0.00263319, marker error: RMS = 0.0106998, max = 0.0219007 (LTH2)
[2025-11-04 21:15:52.345] [info] Frame 277 (t = 1.385):	 total squared error = 0.00275721, marker error: RMS = 0.0109489, max = 0.0225534 (LTH2)
[2025-11-04 21:15:52.412] [info] Frame 278 (t = 1.39):	 total squared error = 0.00287933, marker error: RMS = 0.0111888, max = 0.0227579 (LTH2)
[2025-11-04 21:15:52.472] [info] Frame 279 (t = 1.395):	 total squared error = 0.00301540, marker error: RMS = 0.0114501, max = 0.0233382 (LTH2)
[2025-11-04 21:15:52.544] [info] Frame 280 (t = 1.4):	 total squared error = 0.00314408, marker error: RMS = 0.0116918, max = 0.0235939 (LTH2)
[2025-11-04 21:15:52.588] [info] Frame 281 (t = 1.40500):	 total squared error = 0.00328068, marker error: RMS = 0.0119431, max = 0.0243148 (LTH2)
[2025-11-04 21:15:52.629] [info] Frame 282 (t = 1.41):	 total squared error = 0.00340321, marker error: RMS = 0.0121641, max = 0.0246043 (LTH2)
[2025-11-04 21:15:52.675] [info] Frame 283 (t = 1.415):	 total squared error = 0.00352240, marker error: RMS = 0.0123753, max = 0.0252846 (LTH2)
[2025-11-04 21:15:52.725] [info] Frame 284 (t = 1.42):	 total squared error = 0.00364482, marker error: RMS = 0.0125885, max = 0.0256007 (LTH2)
[2025-11-04 21:15:52.778] [info] Frame 285 (t = 1.425):	 total squared error = 0.00375462, marker error: RMS = 0.0127767, max = 0.0261061 (LTH2)
[2025-11-04 21:15:52.829] [info] Frame 286 (t = 1.43):	 total squared error = 0.00385864, marker error: RMS = 0.0129525, max = 0.026579 (LTH2)
[2025-11-04 21:15:52.878] [info] Frame 287 (t = 1.435):	 total squared error = 0.00395862, marker error: RMS = 0.0131192, max = 0.0269275 (LTH2)
[2025-11-04 21:15:52.941] [info] Frame 288 (t = 1.44):	 total squared error = 0.00404517, marker error: RMS = 0.0132619, max = 0.0271003 (LTH2)
[2025-11-04 21:15:52.962] [info] Frame 289 (t = 1.445):	 total squared error = 0.00413325, marker error: RMS = 0.0134055, max = 0.0273278 (LTH2)
[2025-11-04 21:15:53.015] [info] Frame 290 (t = 1.45):	 total squared error = 0.00421929, marker error: RMS = 0.0135443, max = 0.0275721 (LTH2)
[2025-11-04 21:15:53.070] [info] Frame 291 (t = 1.455):	 total squared error = 0.00429538, marker error: RMS = 0.0136659, max = 0.0276978 (LTH2)
[2025-11-04 21:15:53.104] [info] Frame 292 (t = 1.46):	 total squared error = 0.00435529, marker error: RMS = 0.0137608, max = 0.0276911 (LTH2)
[2025-11-04 21:15:53.130] [info] Frame 293 (t = 1.465):	 total squared error = 0.00440818, marker error: RMS = 0.0138441, max = 0.0276995 (LTH2)
[2025-11-04 21:15:53.182] [info] Frame 294 (t = 1.47):	 total squared error = 0.00443040, marker error: RMS = 0.013879, max = 0.0275626 (LTH2)
[2025-11-04 21:15:53.215] [info] Frame 295 (t = 1.475):	 total squared error = 0.00443023, marker error: RMS = 0.0138787, max = 0.0272738 (LTH2)
[2025-11-04 21:15:53.266] [info] Frame 296 (t = 1.48):	 total squared error = 0.00441221, marker error: RMS = 0.0138505, max = 0.0268929 (LTH2)
[2025-11-04 21:15:53.318] [info] Frame 297 (t = 1.485):	 total squared error = 0.00436201, marker error: RMS = 0.0137714, max = 0.0263612 (LTH2)
[2025-11-04 21:15:53.381] [info] Frame 298 (t = 1.49):	 total squared error = 0.00428275, marker error: RMS = 0.0136457, max = 0.0258959 (LTH2)
[2025-11-04 21:15:53.429] [info] Frame 299 (t = 1.495):	 total squared error = 0.00418822, marker error: RMS = 0.0134943, max = 0.0251602 (LTH2)
[2025-11-04 21:15:53.481] [info] Frame 300 (t = 1.5):	 total squared error = 0.00407489, marker error: RMS = 0.0133105, max = 0.0243555 (LTH2)
[2025-11-04 21:15:53.526] [info] Frame 301 (t = 1.50500):	 total squared error = 0.00394605, marker error: RMS = 0.0130984, max = 0.0234525 (LTH2)
[2025-11-04 21:15:53.578] [info] Frame 302 (t = 1.51):	 total squared error = 0.00380549, marker error: RMS = 0.012863, max = 0.0224649 (LTH2)
[2025-11-04 21:15:53.636] [info] Frame 303 (t = 1.515):	 total squared error = 0.00366461, marker error: RMS = 0.0126226, max = 0.0214087 (LTH2)
[2025-11-04 21:15:53.658] [info] Frame 304 (t = 1.52):	 total squared error = 0.00352853, marker error: RMS = 0.0123861, max = 0.0199738 (LTH2)
[2025-11-04 21:15:53.713] [info] Frame 305 (t = 1.525):	 total squared error = 0.00339831, marker error: RMS = 0.0121554, max = 0.0195291 (RTHOL)
[2025-11-04 21:15:53.779] [info] Frame 306 (t = 1.53):	 total squared error = 0.00326182, marker error: RMS = 0.0119087, max = 0.0193019 (XIPH)
[2025-11-04 21:15:53.824] [info] Frame 307 (t = 1.535):	 total squared error = 0.00314787, marker error: RMS = 0.0116989, max = 0.0194112 (XIPH)
[2025-11-04 21:15:53.882] [info] Frame 308 (t = 1.54):	 total squared error = 0.00304534, marker error: RMS = 0.0115068, max = 0.01952 (XIPH)
[2025-11-04 21:15:53.927] [info] Frame 309 (t = 1.545):	 total squared error = 0.00295959, marker error: RMS = 0.0113436, max = 0.0195951 (XIPH)
[2025-11-04 21:15:53.943] [info] Frame 310 (t = 1.55):	 total squared error = 0.00289557, marker error: RMS = 0.0112203, max = 0.0196489 (XIPH)
[2025-11-04 21:15:53.987] [info] Frame 311 (t = 1.555):	 total squared error = 0.00283988, marker error: RMS = 0.0111119, max = 0.0196834 (XIPH)
[2025-11-04 21:15:54.015] [info] Frame 312 (t = 1.56):	 total squared error = 0.00281345, marker error: RMS = 0.0110600, max = 0.0197424 (XIPH)
[2025-11-04 21:15:54.069] [info] Frame 313 (t = 1.565):	 total squared error = 0.00279394, marker error: RMS = 0.0110216, max = 0.0196978 (XIPH)
[2025-11-04 21:15:54.123] [info] Frame 314 (t = 1.57):	 total squared error = 0.00279846, marker error: RMS = 0.0110305, max = 0.0197243 (XIPH)
[2025-11-04 21:15:54.164] [info] Frame 315 (t = 1.575):	 total squared error = 0.00282613, marker error: RMS = 0.0110849, max = 0.0197594 (XIPH)
[2025-11-04 21:15:54.229] [info] Frame 316 (t = 1.58):	 total squared error = 0.00285164, marker error: RMS = 0.0111348, max = 0.0195935 (XIPH)
[2025-11-04 21:15:54.277] [info] Frame 317 (t = 1.585):	 total squared error = 0.00290509, marker error: RMS = 0.0112387, max = 0.0196586 (XIPH)
[2025-11-04 21:15:54.318] [info] Frame 318 (t = 1.59):	 total squared error = 0.00297632, marker error: RMS = 0.0113756, max = 0.0197006 (XIPH)
[2025-11-04 21:15:54.391] [info] Frame 319 (t = 1.595):	 total squared error = 0.00302588, marker error: RMS = 0.01147, max = 0.0194474 (XIPH)
[2025-11-04 21:15:54.437] [info] Frame 320 (t = 1.6):	 total squared error = 0.00310019, marker error: RMS = 0.0116099, max = 0.0194699 (XIPH)
[2025-11-04 21:15:54.477] [info] Frame 321 (t = 1.60500):	 total squared error = 0.00318208, marker error: RMS = 0.0117623, max = 0.0195516 (XIPH)
[2025-11-04 21:15:54.551] [info] Frame 322 (t = 1.61):	 total squared error = 0.00324631, marker error: RMS = 0.0118804, max = 0.0193533 (XIPH)
[2025-11-04 21:15:54.577] [info] Frame 323 (t = 1.615):	 total squared error = 0.00332178, marker error: RMS = 0.0120177, max = 0.0194904 (XIPH)
[2025-11-04 21:15:54.651] [info] Frame 324 (t = 1.62):	 total squared error = 0.00337547, marker error: RMS = 0.0121144, max = 0.0193657 (XIPH)
[2025-11-04 21:15:54.681] [info] Frame 325 (t = 1.625):	 total squared error = 0.00342858, marker error: RMS = 0.0122094, max = 0.0195282 (XIPH)
[2025-11-04 21:15:54.755] [info] Frame 326 (t = 1.63):	 total squared error = 0.00345600, marker error: RMS = 0.0122581, max = 0.0194695 (XIPH)
[2025-11-04 21:15:54.802] [info] Frame 327 (t = 1.635):	 total squared error = 0.00347579, marker error: RMS = 0.0122931, max = 0.0196272 (XIPH)
[2025-11-04 21:15:54.883] [info] Frame 328 (t = 1.64):	 total squared error = 0.00346814, marker error: RMS = 0.0122796, max = 0.0196444 (XIPH)
[2025-11-04 21:15:54.926] [info] Frame 329 (t = 1.645):	 total squared error = 0.00344736, marker error: RMS = 0.0122428, max = 0.0198432 (XIPH)
[2025-11-04 21:15:54.995] [info] Frame 330 (t = 1.65):	 total squared error = 0.00339670, marker error: RMS = 0.0121525, max = 0.0199206 (XIPH)
[2025-11-04 21:15:55.059] [info] Frame 331 (t = 1.655):	 total squared error = 0.00333201, marker error: RMS = 0.0120362, max = 0.0201136 (XIPH)
[2025-11-04 21:15:55.098] [info] Frame 332 (t = 1.66):	 total squared error = 0.00324980, marker error: RMS = 0.0118868, max = 0.0203373 (XIPH)
[2025-11-04 21:15:55.140] [info] Frame 333 (t = 1.665):	 total squared error = 0.00314647, marker error: RMS = 0.0116963, max = 0.0205267 (XIPH)
[2025-11-04 21:15:55.191] [info] Frame 334 (t = 1.67):	 total squared error = 0.00303000, marker error: RMS = 0.0114778, max = 0.0207185 (XIPH)
[2025-11-04 21:15:55.226] [info] Frame 335 (t = 1.675):	 total squared error = 0.00290515, marker error: RMS = 0.0112388, max = 0.0209522 (XIPH)
[2025-11-04 21:15:55.255] [info] Frame 336 (t = 1.68):	 total squared error = 0.00276997, marker error: RMS = 0.0109742, max = 0.0211346 (XIPH)
[2025-11-04 21:15:55.289] [info] Frame 337 (t = 1.685):	 total squared error = 0.00263986, marker error: RMS = 0.0107134, max = 0.0213577 (XIPH)
[2025-11-04 21:15:55.353] [info] Frame 338 (t = 1.69):	 total squared error = 0.00250885, marker error: RMS = 0.0104442, max = 0.0215423 (XIPH)
[2025-11-04 21:15:55.417] [info] Frame 339 (t = 1.695):	 total squared error = 0.00239119, marker error: RMS = 0.0101963, max = 0.0217481 (XIPH)
[2025-11-04 21:15:55.462] [info] Frame 340 (t = 1.7):	 total squared error = 0.00228890, marker error: RMS = 0.00997584, max = 0.021939 (XIPH)
[2025-11-04 21:15:55.521] [info] Frame 341 (t = 1.70500):	 total squared error = 0.00220339, marker error: RMS = 0.00978773, max = 0.0221197 (XIPH)
[2025-11-04 21:15:55.582] [info] Frame 342 (t = 1.71):	 total squared error = 0.00213801, marker error: RMS = 0.00964143, max = 0.0222761 (XIPH)
[2025-11-04 21:15:55.639] [info] Frame 343 (t = 1.715):	 total squared error = 0.00209552, marker error: RMS = 0.00954514, max = 0.0224422 (XIPH)
[2025-11-04 21:15:55.706] [info] Frame 344 (t = 1.72):	 total squared error = 0.00207133, marker error: RMS = 0.00948988, max = 0.0225687 (XIPH)
[2025-11-04 21:15:55.748] [info] Frame 345 (t = 1.725):	 total squared error = 0.00207022, marker error: RMS = 0.00948734, max = 0.0227267 (XIPH)
[2025-11-04 21:15:55.794] [info] Frame 346 (t = 1.73):	 total squared error = 0.00207786, marker error: RMS = 0.00950484, max = 0.0228155 (XIPH)
[2025-11-04 21:15:55.828] [info] Frame 347 (t = 1.735):	 total squared error = 0.00209679, marker error: RMS = 0.00954803, max = 0.0228913 (XIPH)
[2025-11-04 21:15:55.884] [info] Frame 348 (t = 1.74):	 total squared error = 0.00212011, marker error: RMS = 0.00960097, max = 0.0229717 (XIPH)
[2025-11-04 21:15:55.918] [info] Frame 349 (t = 1.745):	 total squared error = 0.00214747, marker error: RMS = 0.00966273, max = 0.0230381 (XIPH)
[2025-11-04 21:15:55.939] [info] Frame 350 (t = 1.75):	 total squared error = 0.00216978, marker error: RMS = 0.00971278, max = 0.0230151 (XIPH)
[2025-11-04 21:15:55.987] [info] Frame 351 (t = 1.755):	 total squared error = 0.00218887, marker error: RMS = 0.00975542, max = 0.0231169 (XIPH)
[2025-11-04 21:15:56.013] [info] Frame 352 (t = 1.76):	 total squared error = 0.00220616, marker error: RMS = 0.00979387, max = 0.023125 (XIPH)
[2025-11-04 21:15:56.077] [info] Frame 353 (t = 1.765):	 total squared error = 0.00221441, marker error: RMS = 0.00981217, max = 0.0231753 (XIPH)
[2025-11-04 21:15:56.096] [info] Frame 354 (t = 1.77):	 total squared error = 0.00222769, marker error: RMS = 0.00984156, max = 0.0231837 (XIPH)
[2025-11-04 21:15:56.131] [info] Frame 355 (t = 1.775):	 total squared error = 0.00223621, marker error: RMS = 0.00986036, max = 0.0231627 (XIPH)
[2025-11-04 21:15:56.151] [info] Frame 356 (t = 1.78):	 total squared error = 0.00225914, marker error: RMS = 0.00991078, max = 0.0231674 (XIPH)
[2025-11-04 21:15:56.196] [info] Frame 357 (t = 1.785):	 total squared error = 0.00226958, marker error: RMS = 0.00993365, max = 0.0230596 (XIPH)
[2025-11-04 21:15:56.237] [info] Frame 358 (t = 1.79):	 total squared error = 0.00229166, marker error: RMS = 0.00998185, max = 0.0229656 (XIPH)
[2025-11-04 21:15:56.319] [info] Frame 359 (t = 1.795):	 total squared error = 0.00230927, marker error: RMS = 0.0100201, max = 0.0228237 (XIPH)
[2025-11-04 21:15:56.372] [info] Frame 360 (t = 1.8):	 total squared error = 0.00233334, marker error: RMS = 0.0100722, max = 0.0226696 (XIPH)
[2025-11-04 21:15:56.410] [info] Frame 361 (t = 1.80500):	 total squared error = 0.00235756, marker error: RMS = 0.0101244, max = 0.0224867 (XIPH)
[2025-11-04 21:15:56.449] [info] Frame 362 (t = 1.81):	 total squared error = 0.00237217, marker error: RMS = 0.0101557, max = 0.0222381 (XIPH)
[2025-11-04 21:15:56.503] [info] Frame 363 (t = 1.815):	 total squared error = 0.00238224, marker error: RMS = 0.0101772, max = 0.0219877 (XIPH)
[2025-11-04 21:15:56.535] [info] Frame 364 (t = 1.82):	 total squared error = 0.00237605, marker error: RMS = 0.0101640, max = 0.021656 (XIPH)
[2025-11-04 21:15:56.591] [info] Frame 365 (t = 1.825):	 total squared error = 0.00236152, marker error: RMS = 0.0101328, max = 0.0213195 (XIPH)
[2025-11-04 21:15:56.641] [info] Frame 366 (t = 1.83):	 total squared error = 0.00233783, marker error: RMS = 0.0100819, max = 0.0209742 (XIPH)
[2025-11-04 21:15:56.700] [info] Frame 367 (t = 1.835):	 total squared error = 0.00230237, marker error: RMS = 0.0100052, max = 0.0205948 (XIPH)
[2025-11-04 21:15:56.756] [info] Frame 368 (t = 1.84):	 total squared error = 0.00225975, marker error: RMS = 0.00991212, max = 0.0201831 (XIPH)
[2025-11-04 21:15:56.795] [info] Frame 369 (t = 1.845):	 total squared error = 0.00221575, marker error: RMS = 0.00981515, max = 0.0197935 (XIPH)
[2025-11-04 21:15:56.844] [info] Frame 370 (t = 1.85):	 total squared error = 0.00217087, marker error: RMS = 0.00971522, max = 0.0193912 (XIPH)
[2025-11-04 21:15:56.911] [info] Frame 371 (t = 1.855):	 total squared error = 0.00213046, marker error: RMS = 0.00962438, max = 0.0190047 (XIPH)
[2025-11-04 21:15:56.968] [info] Frame 372 (t = 1.86):	 total squared error = 0.00208926, marker error: RMS = 0.00953086, max = 0.0186092 (XIPH)
[2025-11-04 21:15:57.024] [info] Frame 373 (t = 1.865):	 total squared error = 0.00205171, marker error: RMS = 0.00944482, max = 0.0182159 (XIPH)
[2025-11-04 21:15:57.110] [info] Frame 374 (t = 1.87):	 total squared error = 0.00201851, marker error: RMS = 0.00936810, max = 0.0177365 (XIPH)
[2025-11-04 21:15:57.166] [info] Frame 375 (t = 1.875):	 total squared error = 0.00198213, marker error: RMS = 0.00928329, max = 0.0179611 (RTHOL)
[2025-11-04 21:15:57.230] [info] Frame 376 (t = 1.88):	 total squared error = 0.00195031, marker error: RMS = 0.00920848, max = 0.0181827 (RTHOL)
[2025-11-04 21:15:57.304] [info] Frame 377 (t = 1.885):	 total squared error = 0.00191818, marker error: RMS = 0.00913232, max = 0.0178914 (RTHOL)
[2025-11-04 21:15:57.373] [info] Frame 378 (t = 1.89):	 total squared error = 0.00188392, marker error: RMS = 0.00905040, max = 0.0181356 (RTHOL)
[2025-11-04 21:15:57.447] [info] Frame 379 (t = 1.895):	 total squared error = 0.00185329, marker error: RMS = 0.00897652, max = 0.0182493 (RTHOL)
[2025-11-04 21:15:57.513] [info] Frame 380 (t = 1.9):	 total squared error = 0.00182605, marker error: RMS = 0.00891029, max = 0.018196 (RTHOL)
[2025-11-04 21:15:57.579] [info] Frame 381 (t = 1.90500):	 total squared error = 0.00179861, marker error: RMS = 0.00884310, max = 0.017399 (RTHOL)
[2025-11-04 21:15:57.617] [info] Frame 382 (t = 1.91):	 total squared error = 0.00177971, marker error: RMS = 0.00879651, max = 0.0174956 (RTHOL)
[2025-11-04 21:15:57.697] [info] Frame 383 (t = 1.915):	 total squared error = 0.00176922, marker error: RMS = 0.00877055, max = 0.0168523 (RTHOL)
[2025-11-04 21:15:57.760] [info] Frame 384 (t = 1.92):	 total squared error = 0.00177157, marker error: RMS = 0.00877638, max = 0.0169783 (RTHOL)
[2025-11-04 21:15:57.841] [info] Frame 385 (t = 1.925):	 total squared error = 0.00178133, marker error: RMS = 0.00880052, max = 0.0162004 (RTHOL)
[2025-11-04 21:15:57.913] [info] Frame 386 (t = 1.93):	 total squared error = 0.00180744, marker error: RMS = 0.00886478, max = 0.0162326 (RTHOL)
[2025-11-04 21:15:57.952] [info] Frame 387 (t = 1.935):	 total squared error = 0.00186210, marker error: RMS = 0.00899782, max = 0.0168951 (RTHOL)
[2025-11-04 21:15:58.040] [info] Frame 388 (t = 1.94):	 total squared error = 0.00188713, marker error: RMS = 0.00905811, max = 0.0151952 (RTHOL)
[2025-11-04 21:15:58.095] [info] Frame 389 (t = 1.945):	 total squared error = 0.00194364, marker error: RMS = 0.00919272, max = 0.0153485 (RTHOL)
[2025-11-04 21:15:58.159] [info] Frame 390 (t = 1.95):	 total squared error = 0.00199955, marker error: RMS = 0.00932399, max = 0.0148366 (RTHOL)
[2025-11-04 21:15:58.232] [info] Frame 391 (t = 1.955):	 total squared error = 0.00205968, marker error: RMS = 0.00946315, max = 0.0149959 (RSHAOL)
[2025-11-04 21:15:58.263] [info] Frame 392 (t = 1.96):	 total squared error = 0.00212571, marker error: RMS = 0.00961365, max = 0.0152479 (RSHAOL)
[2025-11-04 21:15:58.336] [info] Frame 393 (t = 1.965):	 total squared error = 0.00218097, marker error: RMS = 0.00973781, max = 0.0159445 (RSHAOL)
[2025-11-04 21:15:58.394] [info] Frame 394 (t = 1.97):	 total squared error = 0.00224343, marker error: RMS = 0.00987625, max = 0.0163022 (RSHAOL)
[2025-11-04 21:15:58.433] [info] Frame 395 (t = 1.975):	 total squared error = 0.00231023, marker error: RMS = 0.0100222, max = 0.0167177 (RSHAOL)
[2025-11-04 21:15:58.495] [info] Frame 396 (t = 1.98):	 total squared error = 0.00236639, marker error: RMS = 0.0101433, max = 0.0173413 (RSHAOL)
[2025-11-04 21:15:58.536] [info] Frame 397 (t = 1.985):	 total squared error = 0.00242952, marker error: RMS = 0.0102777, max = 0.0178998 (RSHAOL)
[2025-11-04 21:15:58.575] [info] Frame 398 (t = 1.99):	 total squared error = 0.00248372, marker error: RMS = 0.0103917, max = 0.0185778 (RSHAOL)
[2025-11-04 21:15:58.591] [info] Frame 399 (t = 1.995):	 total squared error = 0.00254247, marker error: RMS = 0.0105139, max = 0.0191684 (RSHAOL)
[2025-11-04 21:15:58.661] [info] Frame 400 (t = 2.0):	 total squared error = 0.00257657, marker error: RMS = 0.0105842, max = 0.0201012 (RSHAOL)
[2025-11-04 21:15:58.717] [info] Frame 401 (t = 2.00500):	 total squared error = 0.00261510, marker error: RMS = 0.0106630, max = 0.0206579 (RSHAOL)
[2025-11-04 21:15:58.761] [info] Frame 402 (t = 2.01):	 total squared error = 0.00264330, marker error: RMS = 0.0107204, max = 0.0211379 (RSHAOL)
[2025-11-04 21:15:58.811] [info] Frame 403 (t = 2.015):	 total squared error = 0.00265668, marker error: RMS = 0.0107475, max = 0.0214718 (RSHAOL)
[2025-11-04 21:15:58.858] [info] Frame 404 (t = 2.02):	 total squared error = 0.00265093, marker error: RMS = 0.0107358, max = 0.0217775 (RSHAOL)
[2025-11-04 21:15:58.904] [info] Frame 405 (t = 2.025):	 total squared error = 0.00262658, marker error: RMS = 0.0106864, max = 0.0218655 (RSHAOL)
[2025-11-04 21:15:58.968] [info] Frame 406 (t = 2.03):	 total squared error = 0.00258175, marker error: RMS = 0.0105948, max = 0.0218508 (RSHAOL)
[2025-11-04 21:15:59.007] [info] Frame 407 (t = 2.035):	 total squared error = 0.00251935, marker error: RMS = 0.0104660, max = 0.0216463 (RSHAOL)
[2025-11-04 21:15:59.067] [info] Frame 408 (t = 2.04):	 total squared error = 0.00244090, marker error: RMS = 0.0103018, max = 0.0213146 (RSHAOL)
[2025-11-04 21:15:59.132] [info] Frame 409 (t = 2.045):	 total squared error = 0.00234976, marker error: RMS = 0.0101076, max = 0.0208518 (RSHAOL)
[2025-11-04 21:15:59.205] [info] Frame 410 (t = 2.05):	 total squared error = 0.00224858, marker error: RMS = 0.00988759, max = 0.0202419 (RSHAOL)
[2025-11-04 21:15:59.256] [info] Frame 411 (t = 2.055):	 total squared error = 0.00214292, marker error: RMS = 0.00965248, max = 0.0195747 (RSHAOL)
[2025-11-04 21:15:59.324] [info] Frame 412 (t = 2.06):	 total squared error = 0.00203179, marker error: RMS = 0.00939888, max = 0.018661 (RSHAOL)
[2025-11-04 21:15:59.369] [info] Frame 413 (t = 2.065):	 total squared error = 0.00192410, marker error: RMS = 0.00914639, max = 0.0179123 (RSHAOL)
[2025-11-04 21:15:59.436] [info] Frame 414 (t = 2.07):	 total squared error = 0.00181792, marker error: RMS = 0.00889044, max = 0.0169095 (RSHAOL)
[2025-11-04 21:15:59.499] [info] Frame 415 (t = 2.075):	 total squared error = 0.00172129, marker error: RMS = 0.00865092, max = 0.0161094 (RSHAOL)
[2025-11-04 21:15:59.555] [info] Frame 416 (t = 2.08):	 total squared error = 0.00163030, marker error: RMS = 0.00841919, max = 0.0150708 (RSHAOL)
[2025-11-04 21:15:59.644] [info] Frame 417 (t = 2.085):	 total squared error = 0.00155182, marker error: RMS = 0.00821405, max = 0.0142975 (XIPH)
[2025-11-04 21:15:59.681] [info] Frame 418 (t = 2.09):	 total squared error = 0.00149267, marker error: RMS = 0.00805596, max = 0.0142509 (XIPH)
[2025-11-04 21:15:59.730] [info] Frame 419 (t = 2.095):	 total squared error = 0.00143485, marker error: RMS = 0.00789840, max = 0.0146377 (XIPH)
[2025-11-04 21:15:59.757] [info] Frame 420 (t = 2.1):	 total squared error = 0.00140570, marker error: RMS = 0.00781777, max = 0.014611 (XIPH)
[2025-11-04 21:15:59.802] [info] Frame 421 (t = 2.10500):	 total squared error = 0.00138265, marker error: RMS = 0.00775340, max = 0.0146948 (XIPH)
[2025-11-04 21:15:59.863] [info] Frame 422 (t = 2.11):	 total squared error = 0.00137021, marker error: RMS = 0.00771845, max = 0.0151365 (XIPH)
[2025-11-04 21:15:59.899] [info] Frame 423 (t = 2.115):	 total squared error = 0.00138647, marker error: RMS = 0.00776412, max = 0.0150898 (XIPH)
[2025-11-04 21:15:59.982] [info] Frame 424 (t = 2.12):	 total squared error = 0.00140182, marker error: RMS = 0.00780695, max = 0.0155104 (XIPH)
[2025-11-04 21:16:00.030] [info] Frame 425 (t = 2.125):	 total squared error = 0.00144681, marker error: RMS = 0.00793126, max = 0.0155194 (XIPH)
[2025-11-04 21:16:00.053] [info] Frame 426 (t = 2.13):	 total squared error = 0.00151045, marker error: RMS = 0.00810382, max = 0.0155988 (XIPH)
[2025-11-04 21:16:00.130] [info] Frame 427 (t = 2.135):	 total squared error = 0.00154841, marker error: RMS = 0.00820500, max = 0.0161106 (XIPH)
[2025-11-04 21:16:00.164] [info] Frame 428 (t = 2.14):	 total squared error = 0.00162731, marker error: RMS = 0.00841146, max = 0.0161909 (XIPH)
[2025-11-04 21:16:00.235] [info] Frame 429 (t = 2.145):	 total squared error = 0.00169612, marker error: RMS = 0.00858745, max = 0.0165846 (XIPH)
[2025-11-04 21:16:00.280] [info] Frame 430 (t = 2.15):	 total squared error = 0.00178833, marker error: RMS = 0.00881780, max = 0.01668 (XIPH)
[2025-11-04 21:16:00.334] [info] Frame 431 (t = 2.155):	 total squared error = 0.00188300, marker error: RMS = 0.00904818, max = 0.0168286 (XIPH)
[2025-11-04 21:16:00.376] [info] Frame 432 (t = 2.16):	 total squared error = 0.00198062, marker error: RMS = 0.00927975, max = 0.0170096 (XIPH)
[2025-11-04 21:16:00.447] [info] Frame 433 (t = 2.165):	 total squared error = 0.00204068, marker error: RMS = 0.00941940, max = 0.0175791 (XIPH)
[2025-11-04 21:16:00.501] [info] Frame 434 (t = 2.17):	 total squared error = 0.00213009, marker error: RMS = 0.00962354, max = 0.0177682 (XIPH)
[2025-11-04 21:16:00.565] [info] Frame 435 (t = 2.175):	 total squared error = 0.00219236, marker error: RMS = 0.00976320, max = 0.0181986 (XIPH)
[2025-11-04 21:16:00.601] [info] Frame 436 (t = 2.18):	 total squared error = 0.00226172, marker error: RMS = 0.00991643, max = 0.0183719 (XIPH)
[2025-11-04 21:16:00.662] [info] Frame 437 (t = 2.185):	 total squared error = 0.00230204, marker error: RMS = 0.0100044, max = 0.018693 (XIPH)
[2025-11-04 21:16:00.683] [info] Frame 438 (t = 2.19):	 total squared error = 0.00234128, marker error: RMS = 0.0100894, max = 0.0188701 (XIPH)
[2025-11-04 21:16:00.707] [info] Frame 439 (t = 2.195):	 total squared error = 0.00236310, marker error: RMS = 0.0101362, max = 0.0190589 (XIPH)
[2025-11-04 21:16:00.745] [info] Frame 440 (t = 2.2):	 total squared error = 0.00233981, marker error: RMS = 0.0100862, max = 0.0194554 (XIPH)
[2025-11-04 21:16:00.766] [info] Frame 441 (t = 2.20500):	 total squared error = 0.00231970, marker error: RMS = 0.0100427, max = 0.019592 (XIPH)
[2025-11-04 21:16:00.790] [info] Frame 442 (t = 2.21):	 total squared error = 0.00228407, marker error: RMS = 0.00996531, max = 0.0197252 (XIPH)
[2025-11-04 21:16:00.816] [info] Frame 443 (t = 2.215):	 total squared error = 0.00222642, marker error: RMS = 0.00983874, max = 0.0198592 (XIPH)
[2025-11-04 21:16:00.857] [info] Frame 444 (t = 2.22):	 total squared error = 0.00213894, marker error: RMS = 0.00964352, max = 0.0201010 (XIPH)
[2025-11-04 21:16:00.878] [info] Frame 445 (t = 2.225):	 total squared error = 0.00206128, marker error: RMS = 0.00946682, max = 0.0202196 (XIPH)
[2025-11-04 21:16:00.904] [info] Frame 446 (t = 2.23):	 total squared error = 0.00197570, marker error: RMS = 0.00926824, max = 0.0202401 (XIPH)
[2025-11-04 21:16:00.934] [info] Frame 447 (t = 2.235):	 total squared error = 0.00188780, marker error: RMS = 0.00905970, max = 0.0202602 (XIPH)
[2025-11-04 21:16:00.965] [info] Frame 448 (t = 2.24):	 total squared error = 0.00180207, marker error: RMS = 0.00885160, max = 0.0202659 (XIPH)
[2025-11-04 21:16:00.995] [info] Frame 449 (t = 2.245):	 total squared error = 0.00172997, marker error: RMS = 0.00867271, max = 0.0203059 (XIPH)
[2025-11-04 21:16:01.032] [info] Frame 450 (t = 2.25):	 total squared error = 0.00166416, marker error: RMS = 0.00850616, max = 0.0202259 (XIPH)
[2025-11-04 21:16:01.058] [info] Frame 451 (t = 2.255):	 total squared error = 0.00161862, marker error: RMS = 0.00838897, max = 0.0202849 (XIPH)
[2025-11-04 21:16:01.084] [info] Frame 452 (t = 2.26):	 total squared error = 0.00158405, marker error: RMS = 0.00829890, max = 0.0202255 (XIPH)
[2025-11-04 21:16:01.107] [info] Frame 453 (t = 2.265):	 total squared error = 0.00156443, marker error: RMS = 0.00824735, max = 0.0202184 (XIPH)
[2025-11-04 21:16:01.146] [info] Frame 454 (t = 2.27):	 total squared error = 0.00155500, marker error: RMS = 0.00822244, max = 0.0200496 (XIPH)
[2025-11-04 21:16:01.164] [info] Frame 455 (t = 2.275):	 total squared error = 0.00156316, marker error: RMS = 0.00824399, max = 0.0200923 (XIPH)
[2025-11-04 21:16:01.195] [info] Frame 456 (t = 2.28):	 total squared error = 0.00157004, marker error: RMS = 0.00826213, max = 0.0200534 (XIPH)
[2025-11-04 21:16:01.203] [info] Frame 457 (t = 2.285):	 total squared error = 0.00159184, marker error: RMS = 0.00831927, max = 0.0200485 (XIPH)
[2025-11-04 21:16:01.225] [info] Frame 458 (t = 2.29):	 total squared error = 0.00161489, marker error: RMS = 0.00837929, max = 0.0201118 (XIPH)
[2025-11-04 21:16:01.259] [info] Frame 459 (t = 2.295):	 total squared error = 0.00163390, marker error: RMS = 0.00842847, max = 0.0201916 (XIPH)
[2025-11-04 21:16:01.276] [info] Frame 460 (t = 2.3):	 total squared error = 0.00166009, marker error: RMS = 0.00849575, max = 0.0202388 (XIPH)
[2025-11-04 21:16:01.317] [info] Frame 461 (t = 2.30500):	 total squared error = 0.00168186, marker error: RMS = 0.00855128, max = 0.0205299 (XIPH)
[2025-11-04 21:16:01.333] [info] Frame 462 (t = 2.31):	 total squared error = 0.00171119, marker error: RMS = 0.00862552, max = 0.0205954 (XIPH)
[2025-11-04 21:16:01.348] [info] Frame 463 (t = 2.315):	 total squared error = 0.00174419, marker error: RMS = 0.00870830, max = 0.0206261 (XIPH)
[2025-11-04 21:16:01.392] [info] Frame 464 (t = 2.32):	 total squared error = 0.00175896, marker error: RMS = 0.00874507, max = 0.0210312 (XIPH)
[2025-11-04 21:16:01.412] [info] Frame 465 (t = 2.325):	 total squared error = 0.00178665, marker error: RMS = 0.00881366, max = 0.0210598 (XIPH)
[2025-11-04 21:16:01.437] [info] Frame 466 (t = 2.33):	 total squared error = 0.00181483, marker error: RMS = 0.00888288, max = 0.0211046 (XIPH)
[2025-11-04 21:16:01.462] [info] Frame 467 (t = 2.335):	 total squared error = 0.00184081, marker error: RMS = 0.00894623, max = 0.0211666 (XIPH)
[2025-11-04 21:16:01.487] [info] Frame 468 (t = 2.34):	 total squared error = 0.00186504, marker error: RMS = 0.00900494, max = 0.021197 (XIPH)
[2025-11-04 21:16:01.526] [info] Frame 469 (t = 2.345):	 total squared error = 0.00186299, marker error: RMS = 0.00899997, max = 0.0216914 (XIPH)
[2025-11-04 21:16:01.550] [info] Frame 470 (t = 2.35):	 total squared error = 0.00189298, marker error: RMS = 0.00907212, max = 0.0215181 (XIPH)
[2025-11-04 21:16:01.584] [info] Frame 471 (t = 2.355):	 total squared error = 0.00192761, marker error: RMS = 0.00915474, max = 0.0215095 (XIPH)
[2025-11-04 21:16:01.623] [info] Frame 472 (t = 2.36):	 total squared error = 0.00197375, marker error: RMS = 0.00926364, max = 0.0214292 (XIPH)
[2025-11-04 21:16:01.655] [info] Frame 473 (t = 2.365):	 total squared error = 0.00206301, marker error: RMS = 0.00947080, max = 0.0211467 (XIPH)
[2025-11-04 21:16:01.693] [info] Frame 474 (t = 2.37):	 total squared error = 0.00219504, marker error: RMS = 0.00976916, max = 0.0208374 (XIPH)
[2025-11-04 21:16:01.724] [info] Frame 475 (t = 2.375):	 total squared error = 0.00240757, marker error: RMS = 0.0102312, max = 0.0233609 (LTHOL)
[2025-11-04 21:16:01.759] [info] Frame 476 (t = 2.38):	 total squared error = 0.00271587, marker error: RMS = 0.0108665, max = 0.0276941 (LTHOL)
[2025-11-04 21:16:01.784] [info] Frame 477 (t = 2.385):	 total squared error = 0.00314652, marker error: RMS = 0.0116964, max = 0.03349 (LTHOL)
[2025-11-04 21:16:01.833] [info] Frame 478 (t = 2.39):	 total squared error = 0.00371722, marker error: RMS = 0.0127129, max = 0.0390033 (LTHOL)
[2025-11-04 21:16:01.875] [info] Frame 479 (t = 2.395):	 total squared error = 0.00443847, marker error: RMS = 0.0138916, max = 0.0456886 (LTHOL)
[2025-11-04 21:16:01.906] [info] Frame 480 (t = 2.4):	 total squared error = 0.00529150, marker error: RMS = 0.0151679, max = 0.0522465 (LTHOL)
[2025-11-04 21:16:01.960] [info] Frame 481 (t = 2.40500):	 total squared error = 0.00179365, marker error: RMS = 0.00883091, max = 0.019471 (LTH2)
[2025-11-04 21:16:01.988] [info] Frame 482 (t = 2.41):	 total squared error = 0.00182960, marker error: RMS = 0.00891895, max = 0.0204210 (LTH2)
[2025-11-04 21:16:02.030] [info] Frame 483 (t = 2.415):	 total squared error = 0.00187450, marker error: RMS = 0.00902773, max = 0.0210984 (LTH2)
[2025-11-04 21:16:02.068] [info] Frame 484 (t = 2.42):	 total squared error = 0.00191616, marker error: RMS = 0.00912751, max = 0.0214566 (LTH2)
[2025-11-04 21:16:02.106] [info] Frame 485 (t = 2.425):	 total squared error = 0.00195421, marker error: RMS = 0.00921768, max = 0.0219225 (LTH2)
[2025-11-04 21:16:02.138] [info] Frame 486 (t = 2.43):	 total squared error = 0.00198812, marker error: RMS = 0.00929731, max = 0.0224115 (LTH2)
[2025-11-04 21:16:02.178] [info] Frame 487 (t = 2.435):	 total squared error = 0.00202089, marker error: RMS = 0.00937363, max = 0.0225208 (LTH2)
[2025-11-04 21:16:02.205] [info] Frame 488 (t = 2.44):	 total squared error = 0.00204173, marker error: RMS = 0.00942182, max = 0.0231013 (LTH2)
[2025-11-04 21:16:02.240] [info] Frame 489 (t = 2.445):	 total squared error = 0.00206013, marker error: RMS = 0.00946420, max = 0.0231579 (LTH2)
[2025-11-04 21:16:02.274] [info] Frame 490 (t = 2.45):	 total squared error = 0.00207309, marker error: RMS = 0.00949392, max = 0.023184 (LTH2)
[2025-11-04 21:16:02.325] [info] Frame 491 (t = 2.455):	 total squared error = 0.00207340, marker error: RMS = 0.00949462, max = 0.0229731 (LTH2)
[2025-11-04 21:16:02.351] [info] Frame 492 (t = 2.46):	 total squared error = 0.00207806, marker error: RMS = 0.00950528, max = 0.022855 (LTH2)
[2025-11-04 21:16:02.399] [info] InverseKinematicsTool completed 493 frames in 21 second(s).
[2025-11-04 21:21:25.949] [info] Loaded model Athlete_03 from file C:\Git\1_current_projects\powerlifing_model\models\Athlete_03\25_03_31\scaled.osim
[2025-11-04 21:21:26.108] [info] Loaded model Athlete_03 from file C:\Git\1_current_projects\powerlifing_model\models\Athlete_03\25_03_31\scaled.osim
[2025-11-04 21:21:28.622] [cout] [info] 
               MODEL: Athlete_03
         coordinates: 39
              forces: 97
           actuators: 97
             muscles: 80
            analyses: 0
              probes: 0
              bodies: 22
              joints: 22
         constraints: 2
             markers: 45
         controllers: 0
  contact geometries: 0
misc modelcomponents: 0
[2025-11-04 21:21:28.622] [info] Running tool .
[2025-11-04 21:21:28.898] [info] Frame 0 (t = 0.0):	 total squared error = 0.00156019, marker error: RMS = 0.00823615, max = 0.0150625 (XIPH)
[2025-11-04 21:21:28.917] [info] Frame 1 (t = 0.00500000):	 total squared error = 0.00156925, marker error: RMS = 0.00826003, max = 0.0152389 (XIPH)
[2025-11-04 21:21:28.945] [info] Frame 2 (t = 0.01):	 total squared error = 0.00157231, marker error: RMS = 0.00826809, max = 0.0154685 (XIPH)
[2025-11-04 21:21:28.963] [info] Frame 3 (t = 0.015):	 total squared error = 0.00158425, marker error: RMS = 0.00829942, max = 0.0157099 (XIPH)
[2025-11-04 21:21:28.995] [info] Frame 4 (t = 0.02):	 total squared error = 0.00158423, marker error: RMS = 0.00829938, max = 0.0160307 (XIPH)
[2025-11-04 21:21:29.012] [info] Frame 5 (t = 0.025):	 total squared error = 0.00159014, marker error: RMS = 0.00831484, max = 0.0163134 (XIPH)
[2025-11-04 21:21:29.032] [info] Frame 6 (t = 0.03):	 total squared error = 0.00158614, marker error: RMS = 0.00830438, max = 0.0164933 (XIPH)
[2025-11-04 21:21:29.051] [info] Frame 7 (t = 0.035):	 total squared error = 0.00157798, marker error: RMS = 0.00828298, max = 0.0167433 (XIPH)
[2025-11-04 21:21:29.075] [info] Frame 8 (t = 0.04):	 total squared error = 0.00156282, marker error: RMS = 0.00824309, max = 0.0169296 (XIPH)
[2025-11-04 21:21:29.096] [info] Frame 9 (t = 0.045):	 total squared error = 0.00154222, marker error: RMS = 0.00818861, max = 0.0171426 (XIPH)
[2025-11-04 21:21:29.113] [info] Frame 10 (t = 0.05):	 total squared error = 0.00151934, marker error: RMS = 0.00812763, max = 0.0173085 (XIPH)
[2025-11-04 21:21:29.134] [info] Frame 11 (t = 0.055):	 total squared error = 0.00149112, marker error: RMS = 0.00805178, max = 0.0174671 (XIPH)
[2025-11-04 21:21:29.160] [info] Frame 12 (t = 0.06):	 total squared error = 0.00146195, marker error: RMS = 0.00797265, max = 0.0175987 (XIPH)
[2025-11-04 21:21:29.180] [info] Frame 13 (t = 0.065):	 total squared error = 0.00143957, marker error: RMS = 0.00791138, max = 0.0177162 (XIPH)
[2025-11-04 21:21:29.198] [info] Frame 14 (t = 0.07):	 total squared error = 0.00142092, marker error: RMS = 0.00785997, max = 0.017838 (XIPH)
[2025-11-04 21:21:29.225] [info] Frame 15 (t = 0.075):	 total squared error = 0.00140652, marker error: RMS = 0.00782004, max = 0.0178747 (XIPH)
[2025-11-04 21:21:29.246] [info] Frame 16 (t = 0.08):	 total squared error = 0.00140314, marker error: RMS = 0.00781065, max = 0.0179965 (XIPH)
[2025-11-04 21:21:29.277] [info] Frame 17 (t = 0.085):	 total squared error = 0.00140189, marker error: RMS = 0.00780717, max = 0.0179435 (XIPH)
[2025-11-04 21:21:29.298] [info] Frame 18 (t = 0.09):	 total squared error = 0.00141407, marker error: RMS = 0.00784100, max = 0.0180565 (XIPH)
[2025-11-04 21:21:29.329] [info] Frame 19 (t = 0.095):	 total squared error = 0.00142886, marker error: RMS = 0.00788191, max = 0.0180666 (XIPH)
[2025-11-04 21:21:29.357] [info] Frame 20 (t = 0.1):	 total squared error = 0.00145093, marker error: RMS = 0.00794254, max = 0.0181426 (XIPH)
[2025-11-04 21:21:29.379] [info] Frame 21 (t = 0.105000):	 total squared error = 0.00147667, marker error: RMS = 0.00801269, max = 0.0182181 (XIPH)
[2025-11-04 21:21:29.393] [info] Frame 22 (t = 0.11):	 total squared error = 0.00151002, marker error: RMS = 0.00810265, max = 0.0183087 (XIPH)
[2025-11-04 21:21:29.412] [info] Frame 23 (t = 0.115):	 total squared error = 0.00153556, marker error: RMS = 0.00817089, max = 0.0184966 (XIPH)
[2025-11-04 21:21:29.420] [info] Frame 24 (t = 0.12):	 total squared error = 0.00156966, marker error: RMS = 0.00826111, max = 0.0186098 (XIPH)
[2025-11-04 21:21:29.448] [info] Frame 25 (t = 0.125):	 total squared error = 0.00159018, marker error: RMS = 0.00831494, max = 0.0188192 (XIPH)
[2025-11-04 21:21:29.460] [info] Frame 26 (t = 0.13):	 total squared error = 0.00161879, marker error: RMS = 0.00838942, max = 0.018941 (XIPH)
[2025-11-04 21:21:29.472] [info] Frame 27 (t = 0.135):	 total squared error = 0.00164742, marker error: RMS = 0.00846327, max = 0.0191282 (XIPH)
[2025-11-04 21:21:29.490] [info] Frame 28 (t = 0.14):	 total squared error = 0.00167227, marker error: RMS = 0.00852687, max = 0.0194596 (XIPH)
[2025-11-04 21:21:29.500] [info] Frame 29 (t = 0.145):	 total squared error = 0.00170078, marker error: RMS = 0.00859925, max = 0.0196621 (XIPH)
[2025-11-04 21:21:29.523] [info] Frame 30 (t = 0.15):	 total squared error = 0.00172226, marker error: RMS = 0.00865337, max = 0.0199627 (XIPH)
[2025-11-04 21:21:29.534] [info] Frame 31 (t = 0.155):	 total squared error = 0.00175248, marker error: RMS = 0.00872896, max = 0.0201565 (XIPH)
[2025-11-04 21:21:29.567] [info] Frame 32 (t = 0.16):	 total squared error = 0.00175690, marker error: RMS = 0.00873997, max = 0.0208995 (XIPH)
[2025-11-04 21:21:29.584] [info] Frame 33 (t = 0.165):	 total squared error = 0.00178373, marker error: RMS = 0.00880645, max = 0.0210419 (XIPH)
[2025-11-04 21:21:29.600] [info] Frame 34 (t = 0.17):	 total squared error = 0.00180621, marker error: RMS = 0.00886176, max = 0.0212538 (XIPH)
[2025-11-04 21:21:29.633] [info] Frame 35 (t = 0.175):	 total squared error = 0.00181771, marker error: RMS = 0.00888994, max = 0.0216818 (XIPH)
[2025-11-04 21:21:29.650] [info] Frame 36 (t = 0.18):	 total squared error = 0.00183641, marker error: RMS = 0.00893554, max = 0.0217509 (XIPH)
[2025-11-04 21:21:29.677] [info] Frame 37 (t = 0.185):	 total squared error = 0.00184476, marker error: RMS = 0.00895583, max = 0.0219886 (XIPH)
[2025-11-04 21:21:29.696] [info] Frame 38 (t = 0.19):	 total squared error = 0.00185420, marker error: RMS = 0.00897871, max = 0.0219862 (XIPH)
[2025-11-04 21:21:29.722] [info] Frame 39 (t = 0.195):	 total squared error = 0.00185962, marker error: RMS = 0.00899183, max = 0.0219695 (XIPH)
[2025-11-04 21:21:29.760] [info] Frame 40 (t = 0.2):	 total squared error = 0.00184736, marker error: RMS = 0.00896215, max = 0.0221974 (XIPH)
[2025-11-04 21:21:29.781] [info] Frame 41 (t = 0.205000):	 total squared error = 0.00184840, marker error: RMS = 0.00896467, max = 0.0220440 (XIPH)
[2025-11-04 21:21:29.805] [info] Frame 42 (t = 0.21):	 total squared error = 0.00185064, marker error: RMS = 0.00897010, max = 0.0218538 (XIPH)
[2025-11-04 21:21:29.832] [info] Frame 43 (t = 0.215):	 total squared error = 0.00185515, marker error: RMS = 0.00898101, max = 0.0217515 (XIPH)
[2025-11-04 21:21:29.855] [info] Frame 44 (t = 0.22):	 total squared error = 0.00186138, marker error: RMS = 0.00899608, max = 0.0214374 (XIPH)
[2025-11-04 21:21:29.884] [info] Frame 45 (t = 0.225):	 total squared error = 0.00187650, marker error: RMS = 0.00903255, max = 0.0212994 (XIPH)
[2025-11-04 21:21:29.913] [info] Frame 46 (t = 0.23):	 total squared error = 0.00189799, marker error: RMS = 0.00908413, max = 0.0209846 (XIPH)
[2025-11-04 21:21:29.934] [info] Frame 47 (t = 0.235):	 total squared error = 0.00192441, marker error: RMS = 0.00914713, max = 0.0205449 (XIPH)
[2025-11-04 21:21:29.961] [info] Frame 48 (t = 0.24):	 total squared error = 0.00196697, marker error: RMS = 0.00924773, max = 0.0202212 (XIPH)
[2025-11-04 21:21:29.998] [info] Frame 49 (t = 0.245):	 total squared error = 0.00200195, marker error: RMS = 0.00932960, max = 0.0199089 (XIPH)
[2025-11-04 21:21:30.017] [info] Frame 50 (t = 0.25):	 total squared error = 0.00205085, marker error: RMS = 0.00944285, max = 0.0194616 (XIPH)
[2025-11-04 21:21:30.046] [info] Frame 51 (t = 0.255):	 total squared error = 0.00210064, marker error: RMS = 0.00955678, max = 0.0192816 (LTH2)
[2025-11-04 21:21:30.066] [info] Frame 52 (t = 0.26):	 total squared error = 0.00216141, marker error: RMS = 0.00969404, max = 0.0204228 (LTH2)
[2025-11-04 21:21:30.090] [info] Frame 53 (t = 0.265):	 total squared error = 0.00223294, marker error: RMS = 0.00985314, max = 0.0212806 (LTH2)
[2025-11-04 21:21:30.115] [info] Frame 54 (t = 0.27):	 total squared error = 0.00230546, marker error: RMS = 0.0100119, max = 0.0219642 (LTH2)
[2025-11-04 21:21:30.157] [info] Frame 55 (t = 0.275):	 total squared error = 0.00237249, marker error: RMS = 0.0101564, max = 0.0221075 (LTH2)
[2025-11-04 21:21:30.179] [info] Frame 56 (t = 0.28):	 total squared error = 0.00246850, marker error: RMS = 0.0103598, max = 0.0230909 (LTH2)
[2025-11-04 21:21:30.221] [info] Frame 57 (t = 0.285):	 total squared error = 0.00256116, marker error: RMS = 0.0105525, max = 0.0233688 (LTH2)
[2025-11-04 21:21:30.255] [info] Frame 58 (t = 0.29):	 total squared error = 0.00267511, marker error: RMS = 0.0107847, max = 0.0241236 (LTH2)
[2025-11-04 21:21:30.283] [info] Frame 59 (t = 0.295):	 total squared error = 0.00279784, marker error: RMS = 0.0110293, max = 0.024757 (LTH2)
[2025-11-04 21:21:30.325] [info] Frame 60 (t = 0.3):	 total squared error = 0.00291872, marker error: RMS = 0.011265, max = 0.0250539 (LTH2)
[2025-11-04 21:21:30.349] [info] Frame 61 (t = 0.305000):	 total squared error = 0.00305934, marker error: RMS = 0.0115332, max = 0.0257864 (LTH2)
[2025-11-04 21:21:30.383] [info] Frame 62 (t = 0.31):	 total squared error = 0.00318483, marker error: RMS = 0.0117674, max = 0.0260818 (LTH2)
[2025-11-04 21:21:30.408] [info] Frame 63 (t = 0.315):	 total squared error = 0.00332290, marker error: RMS = 0.0120197, max = 0.0268651 (LTH2)
[2025-11-04 21:21:30.444] [info] Frame 64 (t = 0.32):	 total squared error = 0.00344375, marker error: RMS = 0.0122364, max = 0.0270428 (LTH2)
[2025-11-04 21:21:30.461] [info] Frame 65 (t = 0.325):	 total squared error = 0.00356286, marker error: RMS = 0.0124462, max = 0.0277177 (LTH2)
[2025-11-04 21:21:30.496] [info] Frame 66 (t = 0.33):	 total squared error = 0.00367565, marker error: RMS = 0.0126416, max = 0.0279342 (LTH2)
[2025-11-04 21:21:30.518] [info] Frame 67 (t = 0.335):	 total squared error = 0.00378136, marker error: RMS = 0.0128221, max = 0.0283966 (LTH2)
[2025-11-04 21:21:30.544] [info] Frame 68 (t = 0.34):	 total squared error = 0.00387963, marker error: RMS = 0.0129877, max = 0.0288065 (LTH2)
[2025-11-04 21:21:30.564] [info] Frame 69 (t = 0.345):	 total squared error = 0.00397025, marker error: RMS = 0.0131385, max = 0.0290992 (LTH2)
[2025-11-04 21:21:30.588] [info] Frame 70 (t = 0.35):	 total squared error = 0.00405289, marker error: RMS = 0.0132745, max = 0.0293244 (LTH2)
[2025-11-04 21:21:30.613] [info] Frame 71 (t = 0.355):	 total squared error = 0.00412839, marker error: RMS = 0.0133976, max = 0.0294631 (LTH2)
[2025-11-04 21:21:30.632] [info] Frame 72 (t = 0.36):	 total squared error = 0.00419832, marker error: RMS = 0.0135106, max = 0.0295322 (LTH2)
[2025-11-04 21:21:30.651] [info] Frame 73 (t = 0.365):	 total squared error = 0.00426069, marker error: RMS = 0.0136106, max = 0.0295091 (LTH2)
[2025-11-04 21:21:30.677] [info] Frame 74 (t = 0.37):	 total squared error = 0.00431103, marker error: RMS = 0.0136907, max = 0.0293664 (LTH2)
[2025-11-04 21:21:30.698] [info] Frame 75 (t = 0.375):	 total squared error = 0.00434589, marker error: RMS = 0.013746, max = 0.0291771 (LTH2)
[2025-11-04 21:21:30.720] [info] Frame 76 (t = 0.38):	 total squared error = 0.00436592, marker error: RMS = 0.0137776, max = 0.0287641 (LTH2)
[2025-11-04 21:21:30.750] [info] Frame 77 (t = 0.385):	 total squared error = 0.00436199, marker error: RMS = 0.0137714, max = 0.0283118 (LTH2)
[2025-11-04 21:21:30.774] [info] Frame 78 (t = 0.39):	 total squared error = 0.00433987, marker error: RMS = 0.0137364, max = 0.0276866 (LTH2)
[2025-11-04 21:21:30.797] [info] Frame 79 (t = 0.395):	 total squared error = 0.00429436, marker error: RMS = 0.0136642, max = 0.0269099 (LTH2)
[2025-11-04 21:21:30.813] [info] Frame 80 (t = 0.4):	 total squared error = 0.00422526, marker error: RMS = 0.0135539, max = 0.0260580 (LTH2)
[2025-11-04 21:21:30.840] [info] Frame 81 (t = 0.405000):	 total squared error = 0.00413151, marker error: RMS = 0.0134026, max = 0.0252105 (LTH2)
[2025-11-04 21:21:30.859] [info] Frame 82 (t = 0.41):	 total squared error = 0.00402895, marker error: RMS = 0.0132353, max = 0.0240030 (LTH2)
[2025-11-04 21:21:30.879] [info] Frame 83 (t = 0.415):	 total squared error = 0.00391224, marker error: RMS = 0.0130421, max = 0.0228003 (LTH2)
[2025-11-04 21:21:30.910] [info] Frame 84 (t = 0.42):	 total squared error = 0.00378132, marker error: RMS = 0.0128221, max = 0.0220604 (LTH2)
[2025-11-04 21:21:30.932] [info] Frame 85 (t = 0.425):	 total squared error = 0.00365379, marker error: RMS = 0.0126040, max = 0.0205779 (LTH2)
[2025-11-04 21:21:30.953] [info] Frame 86 (t = 0.43):	 total squared error = 0.00353002, marker error: RMS = 0.0123887, max = 0.019828 (LSHA2)
[2025-11-04 21:21:30.966] [info] Frame 87 (t = 0.435):	 total squared error = 0.00341687, marker error: RMS = 0.0121885, max = 0.019546 (LSHA2)
[2025-11-04 21:21:30.999] [info] Frame 88 (t = 0.44):	 total squared error = 0.00330027, marker error: RMS = 0.0119787, max = 0.0192718 (LSHA2)
[2025-11-04 21:21:31.025] [info] Frame 89 (t = 0.445):	 total squared error = 0.00320704, marker error: RMS = 0.0118083, max = 0.0190416 (LSHA2)
[2025-11-04 21:21:31.039] [info] Frame 90 (t = 0.45):	 total squared error = 0.00313261, marker error: RMS = 0.0116705, max = 0.0188744 (LSHA2)
[2025-11-04 21:21:31.071] [info] Frame 91 (t = 0.455):	 total squared error = 0.00306923, marker error: RMS = 0.0115518, max = 0.0187251 (LSHA2)
[2025-11-04 21:21:31.094] [info] Frame 92 (t = 0.46):	 total squared error = 0.00302958, marker error: RMS = 0.011477, max = 0.0186736 (LSHA2)
[2025-11-04 21:21:31.109] [info] Frame 93 (t = 0.465):	 total squared error = 0.00301263, marker error: RMS = 0.0114448, max = 0.0187002 (XIPH)
[2025-11-04 21:21:31.149] [info] Frame 94 (t = 0.47):	 total squared error = 0.00299985, marker error: RMS = 0.0114205, max = 0.0185833 (XIPH)
[2025-11-04 21:21:31.165] [info] Frame 95 (t = 0.475):	 total squared error = 0.00301501, marker error: RMS = 0.0114493, max = 0.0187147 (LSHA2)
[2025-11-04 21:21:31.191] [info] Frame 96 (t = 0.48):	 total squared error = 0.00303720, marker error: RMS = 0.0114914, max = 0.018876 (LSHA2)
[2025-11-04 21:21:31.207] [info] Frame 97 (t = 0.485):	 total squared error = 0.00308418, marker error: RMS = 0.0115799, max = 0.0191159 (LSHA2)
[2025-11-04 21:21:31.239] [info] Frame 98 (t = 0.49):	 total squared error = 0.00312641, marker error: RMS = 0.0116589, max = 0.0190527 (LSHA2)
[2025-11-04 21:21:31.260] [info] Frame 99 (t = 0.495):	 total squared error = 0.00318524, marker error: RMS = 0.0117681, max = 0.0193909 (LSHA2)
[2025-11-04 21:21:31.276] [info] Frame 100 (t = 0.5):	 total squared error = 0.00325868, marker error: RMS = 0.0119030, max = 0.0197153 (LSHA2)
[2025-11-04 21:21:31.291] [info] Frame 101 (t = 0.505000):	 total squared error = 0.00334085, marker error: RMS = 0.0120522, max = 0.0201312 (LSHA2)
[2025-11-04 21:21:31.325] [info] Frame 102 (t = 0.51):	 total squared error = 0.00338433, marker error: RMS = 0.0121303, max = 0.0202338 (LSHA2)
[2025-11-04 21:21:31.343] [info] Frame 103 (t = 0.515):	 total squared error = 0.00345568, marker error: RMS = 0.0122575, max = 0.0206341 (LSHA2)
[2025-11-04 21:21:31.372] [info] Frame 104 (t = 0.52):	 total squared error = 0.00350224, marker error: RMS = 0.0123398, max = 0.0207237 (LSHA2)
[2025-11-04 21:21:31.392] [info] Frame 105 (t = 0.525):	 total squared error = 0.00354810, marker error: RMS = 0.0124204, max = 0.0209970 (LSHA2)
[2025-11-04 21:21:31.417] [info] Frame 106 (t = 0.53):	 total squared error = 0.00356302, marker error: RMS = 0.0124464, max = 0.0209774 (LSHA2)
[2025-11-04 21:21:31.439] [info] Frame 107 (t = 0.535):	 total squared error = 0.00356620, marker error: RMS = 0.012452, max = 0.0210092 (LSHA2)
[2025-11-04 21:21:31.456] [info] Frame 108 (t = 0.54):	 total squared error = 0.00354567, marker error: RMS = 0.0124161, max = 0.0206461 (LSHA2)
[2025-11-04 21:21:31.486] [info] Frame 109 (t = 0.545):	 total squared error = 0.00347549, marker error: RMS = 0.0122926, max = 0.0202636 (LSHA2)
[2025-11-04 21:21:31.510] [info] Frame 110 (t = 0.55):	 total squared error = 0.00339851, marker error: RMS = 0.0121557, max = 0.0197792 (LSHA2)
[2025-11-04 21:21:31.531] [info] Frame 111 (t = 0.555):	 total squared error = 0.00329438, marker error: RMS = 0.011968, max = 0.0192158 (LSHA2)
[2025-11-04 21:21:31.553] [info] Frame 112 (t = 0.56):	 total squared error = 0.00316578, marker error: RMS = 0.0117321, max = 0.0183863 (LSHA2)
[2025-11-04 21:21:31.590] [info] Frame 113 (t = 0.565):	 total squared error = 0.00300796, marker error: RMS = 0.0114359, max = 0.0180825 (XIPH)
[2025-11-04 21:21:31.608] [info] Frame 114 (t = 0.57):	 total squared error = 0.00285317, marker error: RMS = 0.0111378, max = 0.0182175 (XIPH)
[2025-11-04 21:21:31.629] [info] Frame 115 (t = 0.575):	 total squared error = 0.00268716, marker error: RMS = 0.0108089, max = 0.0183246 (XIPH)
[2025-11-04 21:21:31.646] [info] Frame 116 (t = 0.58):	 total squared error = 0.00252292, marker error: RMS = 0.0104734, max = 0.018447 (XIPH)
[2025-11-04 21:21:31.661] [info] Frame 117 (t = 0.585):	 total squared error = 0.00236463, marker error: RMS = 0.0101395, max = 0.0185882 (XIPH)
[2025-11-04 21:21:31.679] [info] Frame 118 (t = 0.59):	 total squared error = 0.00221385, marker error: RMS = 0.00981093, max = 0.0186791 (XIPH)
[2025-11-04 21:21:31.697] [info] Frame 119 (t = 0.595):	 total squared error = 0.00207551, marker error: RMS = 0.00949945, max = 0.0187646 (XIPH)
[2025-11-04 21:21:31.723] [info] Frame 120 (t = 0.6):	 total squared error = 0.00195659, marker error: RMS = 0.00922330, max = 0.0188726 (XIPH)
[2025-11-04 21:21:31.741] [info] Frame 121 (t = 0.605000):	 total squared error = 0.00186862, marker error: RMS = 0.00901357, max = 0.0190050 (XIPH)
[2025-11-04 21:21:31.761] [info] Frame 122 (t = 0.61):	 total squared error = 0.00179645, marker error: RMS = 0.00883780, max = 0.0191399 (XIPH)
[2025-11-04 21:21:31.778] [info] Frame 123 (t = 0.615):	 total squared error = 0.00174597, marker error: RMS = 0.00871274, max = 0.0192354 (XIPH)
[2025-11-04 21:21:31.794] [info] Frame 124 (t = 0.62):	 total squared error = 0.00171820, marker error: RMS = 0.00864317, max = 0.0193213 (XIPH)
[2025-11-04 21:21:31.829] [info] Frame 125 (t = 0.625):	 total squared error = 0.00170282, marker error: RMS = 0.00860440, max = 0.0193494 (XIPH)
[2025-11-04 21:21:31.850] [info] Frame 126 (t = 0.63):	 total squared error = 0.00170838, marker error: RMS = 0.00861845, max = 0.01941 (XIPH)
[2025-11-04 21:21:31.870] [info] Frame 127 (t = 0.635):	 total squared error = 0.00172987, marker error: RMS = 0.00867247, max = 0.0195055 (XIPH)
[2025-11-04 21:21:31.904] [info] Frame 128 (t = 0.64):	 total squared error = 0.00175445, marker error: RMS = 0.00873386, max = 0.019512 (XIPH)
[2025-11-04 21:21:31.924] [info] Frame 129 (t = 0.645):	 total squared error = 0.00178815, marker error: RMS = 0.00881734, max = 0.0195824 (XIPH)
[2025-11-04 21:21:31.943] [info] Frame 130 (t = 0.65):	 total squared error = 0.00181962, marker error: RMS = 0.00889460, max = 0.0195877 (XIPH)
[2025-11-04 21:21:31.960] [info] Frame 131 (t = 0.655):	 total squared error = 0.00185245, marker error: RMS = 0.00897449, max = 0.0196554 (XIPH)
[2025-11-04 21:21:31.984] [info] Frame 132 (t = 0.66):	 total squared error = 0.00188202, marker error: RMS = 0.00904583, max = 0.0196416 (XIPH)
[2025-11-04 21:21:31.999] [info] Frame 133 (t = 0.665):	 total squared error = 0.00190779, marker error: RMS = 0.00910754, max = 0.0196143 (XIPH)
[2025-11-04 21:21:32.033] [info] Frame 134 (t = 0.67):	 total squared error = 0.00192968, marker error: RMS = 0.00915965, max = 0.0196952 (XIPH)
[2025-11-04 21:21:32.045] [info] Frame 135 (t = 0.675):	 total squared error = 0.00194916, marker error: RMS = 0.00920576, max = 0.0196827 (XIPH)
[2025-11-04 21:21:32.081] [info] Frame 136 (t = 0.68):	 total squared error = 0.00196425, marker error: RMS = 0.00924134, max = 0.0197174 (XIPH)
[2025-11-04 21:21:32.096] [info] Frame 137 (t = 0.685):	 total squared error = 0.00198190, marker error: RMS = 0.00928276, max = 0.0197393 (XIPH)
[2025-11-04 21:21:32.115] [info] Frame 138 (t = 0.69):	 total squared error = 0.00199975, marker error: RMS = 0.00932446, max = 0.0197433 (XIPH)
[2025-11-04 21:21:32.151] [info] Frame 139 (t = 0.695):	 total squared error = 0.00201154, marker error: RMS = 0.00935192, max = 0.0197079 (XIPH)
[2025-11-04 21:21:32.190] [info] Frame 140 (t = 0.7):	 total squared error = 0.00203353, marker error: RMS = 0.00940290, max = 0.0196654 (XIPH)
[2025-11-04 21:21:32.229] [info] Frame 141 (t = 0.705000):	 total squared error = 0.00205982, marker error: RMS = 0.00946347, max = 0.0196101 (XIPH)
[2025-11-04 21:21:32.275] [info] Frame 142 (t = 0.71):	 total squared error = 0.00208429, marker error: RMS = 0.00951952, max = 0.0194931 (XIPH)
[2025-11-04 21:21:32.432] [info] Frame 143 (t = 0.715):	 total squared error = 0.00210700, marker error: RMS = 0.00957123, max = 0.0193176 (XIPH)
[2025-11-04 21:21:32.464] [info] Frame 144 (t = 0.72):	 total squared error = 0.00213108, marker error: RMS = 0.00962579, max = 0.0191355 (XIPH)
[2025-11-04 21:21:32.490] [info] Frame 145 (t = 0.725):	 total squared error = 0.00215034, marker error: RMS = 0.00966919, max = 0.0189148 (XIPH)
[2025-11-04 21:21:32.515] [info] Frame 146 (t = 0.73):	 total squared error = 0.00216522, marker error: RMS = 0.00970258, max = 0.0186876 (RTOE)
[2025-11-04 21:21:32.555] [info] Frame 147 (t = 0.735):	 total squared error = 0.00216419, marker error: RMS = 0.00970028, max = 0.0188386 (RTOE)
[2025-11-04 21:21:32.583] [info] Frame 148 (t = 0.74):	 total squared error = 0.00216239, marker error: RMS = 0.00969624, max = 0.0191089 (RTOE)
[2025-11-04 21:21:32.612] [info] Frame 149 (t = 0.745):	 total squared error = 0.00215218, marker error: RMS = 0.00967331, max = 0.0192741 (RTOE)
[2025-11-04 21:21:32.638] [info] Frame 150 (t = 0.75):	 total squared error = 0.00213477, marker error: RMS = 0.00963411, max = 0.0194539 (RTOE)
[2025-11-04 21:21:32.667] [info] Frame 151 (t = 0.755):	 total squared error = 0.00211107, marker error: RMS = 0.00958049, max = 0.0194599 (RTOE)
[2025-11-04 21:21:32.693] [info] Frame 152 (t = 0.76):	 total squared error = 0.00208280, marker error: RMS = 0.00951612, max = 0.0194271 (RTOE)
[2025-11-04 21:21:32.717] [info] Frame 153 (t = 0.765):	 total squared error = 0.00205306, marker error: RMS = 0.00944794, max = 0.0193161 (RTOE)
[2025-11-04 21:21:32.733] [info] Frame 154 (t = 0.77):	 total squared error = 0.00203034, marker error: RMS = 0.00939551, max = 0.0190958 (RTHOL)
[2025-11-04 21:21:32.760] [info] Frame 155 (t = 0.775):	 total squared error = 0.00199772, marker error: RMS = 0.00931973, max = 0.0192463 (RTHOL)
[2025-11-04 21:21:32.779] [info] Frame 156 (t = 0.78):	 total squared error = 0.00196449, marker error: RMS = 0.00924189, max = 0.0196507 (RTHOL)
[2025-11-04 21:21:32.822] [info] Frame 157 (t = 0.785):	 total squared error = 0.00193965, marker error: RMS = 0.00918327, max = 0.0196627 (RTHOL)
[2025-11-04 21:21:32.848] [info] Frame 158 (t = 0.79):	 total squared error = 0.00190701, marker error: RMS = 0.00910569, max = 0.0198473 (RTHOL)
[2025-11-04 21:21:32.875] [info] Frame 159 (t = 0.795):	 total squared error = 0.00187580, marker error: RMS = 0.00903087, max = 0.019972 (RTHOL)
[2025-11-04 21:21:32.898] [info] Frame 160 (t = 0.8):	 total squared error = 0.00184540, marker error: RMS = 0.00895738, max = 0.0200078 (RTHOL)
[2025-11-04 21:21:32.925] [info] Frame 161 (t = 0.805000):	 total squared error = 0.00181724, marker error: RMS = 0.00888877, max = 0.0199369 (RTHOL)
[2025-11-04 21:21:32.972] [info] Frame 162 (t = 0.81):	 total squared error = 0.00179120, marker error: RMS = 0.00882486, max = 0.0192458 (RTHOL)
[2025-11-04 21:21:32.993] [info] Frame 163 (t = 0.815):	 total squared error = 0.00177348, marker error: RMS = 0.00878110, max = 0.0194216 (RTHOL)
[2025-11-04 21:21:33.032] [info] Frame 164 (t = 0.82):	 total squared error = 0.00176224, marker error: RMS = 0.00875324, max = 0.0186054 (RTHOL)
[2025-11-04 21:21:33.064] [info] Frame 165 (t = 0.825):	 total squared error = 0.00176380, marker error: RMS = 0.00875710, max = 0.0186608 (RTHOL)
[2025-11-04 21:21:33.110] [info] Frame 166 (t = 0.83):	 total squared error = 0.00177243, marker error: RMS = 0.00877850, max = 0.0177637 (RTHOL)
[2025-11-04 21:21:33.160] [info] Frame 167 (t = 0.835):	 total squared error = 0.00179445, marker error: RMS = 0.00883287, max = 0.0172799 (RTHOL)
[2025-11-04 21:21:33.184] [info] Frame 168 (t = 0.84):	 total squared error = 0.00183030, marker error: RMS = 0.00892066, max = 0.0172919 (RTHOL)
[2025-11-04 21:21:33.225] [info] Frame 169 (t = 0.845):	 total squared error = 0.00187027, marker error: RMS = 0.00901755, max = 0.0164296 (RTHOL)
[2025-11-04 21:21:33.252] [info] Frame 170 (t = 0.85):	 total squared error = 0.00192276, marker error: RMS = 0.00914322, max = 0.0162927 (RTHOL)
[2025-11-04 21:21:33.292] [info] Frame 171 (t = 0.855):	 total squared error = 0.00197767, marker error: RMS = 0.00927284, max = 0.0156997 (RTHOL)
[2025-11-04 21:21:33.309] [info] Frame 172 (t = 0.86):	 total squared error = 0.00204921, marker error: RMS = 0.00943906, max = 0.0161827 (RTHOL)
[2025-11-04 21:21:33.360] [info] Frame 173 (t = 0.865):	 total squared error = 0.00209921, marker error: RMS = 0.00955352, max = 0.0155994 (RSHAOL)
[2025-11-04 21:21:33.380] [info] Frame 174 (t = 0.87):	 total squared error = 0.00216623, marker error: RMS = 0.00970484, max = 0.0158932 (RSHAOL)
[2025-11-04 21:21:33.418] [info] Frame 175 (t = 0.875):	 total squared error = 0.00222372, marker error: RMS = 0.00983278, max = 0.016595 (RSHAOL)
[2025-11-04 21:21:33.442] [info] Frame 176 (t = 0.88):	 total squared error = 0.00228895, marker error: RMS = 0.00997595, max = 0.0170360 (RSHAOL)
[2025-11-04 21:21:33.470] [info] Frame 177 (t = 0.885):	 total squared error = 0.00234965, marker error: RMS = 0.0101074, max = 0.0177926 (RSHAOL)
[2025-11-04 21:21:33.492] [info] Frame 178 (t = 0.89):	 total squared error = 0.00241304, marker error: RMS = 0.0102428, max = 0.0183407 (RSHAOL)
[2025-11-04 21:21:33.528] [info] Frame 179 (t = 0.895):	 total squared error = 0.00247393, marker error: RMS = 0.0103712, max = 0.0191161 (RSHAOL)
[2025-11-04 21:21:33.546] [info] Frame 180 (t = 0.9):	 total squared error = 0.00253437, marker error: RMS = 0.0104971, max = 0.0197465 (RSHAOL)
[2025-11-04 21:21:33.566] [info] Frame 181 (t = 0.905000):	 total squared error = 0.00259142, marker error: RMS = 0.0106146, max = 0.0203587 (RSHAOL)
[2025-11-04 21:21:33.581] [info] Frame 182 (t = 0.91):	 total squared error = 0.00264705, marker error: RMS = 0.0107280, max = 0.0209279 (RSHAOL)
[2025-11-04 21:21:33.607] [info] Frame 183 (t = 0.915):	 total squared error = 0.00268174, marker error: RMS = 0.0107980, max = 0.0214506 (RSHAOL)
[2025-11-04 21:21:33.639] [info] Frame 184 (t = 0.92):	 total squared error = 0.00270657, marker error: RMS = 0.0108479, max = 0.0219727 (RSHAOL)
[2025-11-04 21:21:33.651] [info] Frame 185 (t = 0.925):	 total squared error = 0.00272099, marker error: RMS = 0.0108768, max = 0.0222558 (RSHAOL)
[2025-11-04 21:21:33.680] [info] Frame 186 (t = 0.93):	 total squared error = 0.00270620, marker error: RMS = 0.0108472, max = 0.0224311 (RSHAOL)
[2025-11-04 21:21:33.701] [info] Frame 187 (t = 0.935):	 total squared error = 0.00267778, marker error: RMS = 0.0107901, max = 0.0224502 (RSHAOL)
[2025-11-04 21:21:33.723] [info] Frame 188 (t = 0.94):	 total squared error = 0.00263510, marker error: RMS = 0.0107037, max = 0.0223207 (RSHAOL)
[2025-11-04 21:21:33.751] [info] Frame 189 (t = 0.945):	 total squared error = 0.00256602, marker error: RMS = 0.0105625, max = 0.0220742 (RSHAOL)
[2025-11-04 21:21:33.778] [info] Frame 190 (t = 0.95):	 total squared error = 0.00248682, marker error: RMS = 0.0103982, max = 0.0216936 (RSHAOL)
[2025-11-04 21:21:33.799] [info] Frame 191 (t = 0.955):	 total squared error = 0.00239564, marker error: RMS = 0.0102058, max = 0.0211915 (RSHAOL)
[2025-11-04 21:21:33.818] [info] Frame 192 (t = 0.96):	 total squared error = 0.00229960, marker error: RMS = 0.00999913, max = 0.0206234 (RSHAOL)
[2025-11-04 21:21:33.845] [info] Frame 193 (t = 0.965):	 total squared error = 0.00219358, marker error: RMS = 0.00976590, max = 0.0199373 (RSHAOL)
[2025-11-04 21:21:33.890] [info] Frame 194 (t = 0.97):	 total squared error = 0.00208022, marker error: RMS = 0.00951022, max = 0.0188251 (RSHAOL)
[2025-11-04 21:21:33.914] [info] Frame 195 (t = 0.975):	 total squared error = 0.00197634, marker error: RMS = 0.00926973, max = 0.0181005 (RSHAOL)
[2025-11-04 21:21:33.928] [info] Frame 196 (t = 0.98):	 total squared error = 0.00188292, marker error: RMS = 0.00904798, max = 0.0173745 (RSHAOL)
[2025-11-04 21:21:33.961] [info] Frame 197 (t = 0.985):	 total squared error = 0.00178185, marker error: RMS = 0.00880181, max = 0.0162731 (RSHAOL)
[2025-11-04 21:21:33.979] [info] Frame 198 (t = 0.99):	 total squared error = 0.00170320, marker error: RMS = 0.00860535, max = 0.0156224 (RSHAOL)
[2025-11-04 21:21:34.018] [info] Frame 199 (t = 0.995):	 total squared error = 0.00162447, marker error: RMS = 0.00840412, max = 0.0145434 (RSHAOL)
[2025-11-04 21:21:34.038] [info] Frame 200 (t = 1.0):	 total squared error = 0.00156857, marker error: RMS = 0.00825825, max = 0.0142267 (XIPH)
[2025-11-04 21:21:34.075] [info] Frame 201 (t = 1.00500):	 total squared error = 0.00151247, marker error: RMS = 0.00810922, max = 0.0144854 (XIPH)
[2025-11-04 21:21:34.114] [info] Frame 202 (t = 1.01):	 total squared error = 0.00147464, marker error: RMS = 0.00800718, max = 0.0146193 (XIPH)
[2025-11-04 21:21:34.132] [info] Frame 203 (t = 1.015):	 total squared error = 0.00145624, marker error: RMS = 0.00795705, max = 0.01457 (XIPH)
[2025-11-04 21:21:34.177] [info] Frame 204 (t = 1.02):	 total squared error = 0.00143605, marker error: RMS = 0.00790170, max = 0.0148153 (XIPH)
[2025-11-04 21:21:34.201] [info] Frame 205 (t = 1.025):	 total squared error = 0.00144098, marker error: RMS = 0.00791526, max = 0.014743 (XIPH)
[2025-11-04 21:21:34.264] [info] Frame 206 (t = 1.03):	 total squared error = 0.00144186, marker error: RMS = 0.00791768, max = 0.0149907 (XIPH)
[2025-11-04 21:21:34.316] [info] Frame 207 (t = 1.035):	 total squared error = 0.00146000, marker error: RMS = 0.00796732, max = 0.0150749 (XIPH)
[2025-11-04 21:21:34.343] [info] Frame 208 (t = 1.04):	 total squared error = 0.00149473, marker error: RMS = 0.00806154, max = 0.0150636 (XIPH)
[2025-11-04 21:21:34.389] [info] Frame 209 (t = 1.045):	 total squared error = 0.00152307, marker error: RMS = 0.00813759, max = 0.0152394 (XIPH)
[2025-11-04 21:21:34.416] [info] Frame 210 (t = 1.05):	 total squared error = 0.00157336, marker error: RMS = 0.00827085, max = 0.015266 (XIPH)
[2025-11-04 21:21:34.459] [info] Frame 211 (t = 1.055):	 total squared error = 0.00161766, marker error: RMS = 0.00838649, max = 0.0153653 (XIPH)
[2025-11-04 21:21:34.503] [info] Frame 212 (t = 1.06):	 total squared error = 0.00166323, marker error: RMS = 0.00850379, max = 0.0155509 (XIPH)
[2025-11-04 21:21:34.532] [info] Frame 213 (t = 1.065):	 total squared error = 0.00172158, marker error: RMS = 0.00865166, max = 0.0155925 (XIPH)
[2025-11-04 21:21:34.562] [info] Frame 214 (t = 1.07):	 total squared error = 0.00177922, marker error: RMS = 0.00879529, max = 0.0156513 (XIPH)
[2025-11-04 21:21:34.597] [info] Frame 215 (t = 1.075):	 total squared error = 0.00183185, marker error: RMS = 0.00892444, max = 0.0157033 (XIPH)
[2025-11-04 21:21:34.649] [info] Frame 216 (t = 1.08):	 total squared error = 0.00185237, marker error: RMS = 0.00897430, max = 0.0160141 (XIPH)
[2025-11-04 21:21:34.684] [info] Frame 217 (t = 1.085):	 total squared error = 0.00188990, marker error: RMS = 0.00906475, max = 0.0161001 (XIPH)
[2025-11-04 21:21:34.714] [info] Frame 218 (t = 1.09):	 total squared error = 0.00191955, marker error: RMS = 0.00913558, max = 0.0162094 (XIPH)
[2025-11-04 21:21:34.744] [info] Frame 219 (t = 1.095):	 total squared error = 0.00193734, marker error: RMS = 0.00917782, max = 0.016326 (XIPH)
[2025-11-04 21:21:34.798] [info] Frame 220 (t = 1.1):	 total squared error = 0.00192088, marker error: RMS = 0.00913875, max = 0.0165649 (XIPH)
[2025-11-04 21:21:34.825] [info] Frame 221 (t = 1.10500):	 total squared error = 0.00191162, marker error: RMS = 0.00911669, max = 0.0167124 (XIPH)
[2025-11-04 21:21:34.865] [info] Frame 222 (t = 1.11):	 total squared error = 0.00188235, marker error: RMS = 0.00904661, max = 0.0168469 (XIPH)
[2025-11-04 21:21:34.899] [info] Frame 223 (t = 1.115):	 total squared error = 0.00184492, marker error: RMS = 0.00895623, max = 0.0170193 (XIPH)
[2025-11-04 21:21:34.935] [info] Frame 224 (t = 1.12):	 total squared error = 0.00179554, marker error: RMS = 0.00883555, max = 0.0171815 (XIPH)
[2025-11-04 21:21:34.973] [info] Frame 225 (t = 1.125):	 total squared error = 0.00173718, marker error: RMS = 0.00869077, max = 0.0173704 (XIPH)
[2025-11-04 21:21:35.006] [info] Frame 226 (t = 1.13):	 total squared error = 0.00167436, marker error: RMS = 0.00853218, max = 0.0175514 (XIPH)
[2025-11-04 21:21:35.046] [info] Frame 227 (t = 1.135):	 total squared error = 0.00160902, marker error: RMS = 0.00836406, max = 0.0177107 (XIPH)
[2025-11-04 21:21:35.093] [info] Frame 228 (t = 1.14):	 total squared error = 0.00154638, marker error: RMS = 0.00819962, max = 0.0178944 (XIPH)
[2025-11-04 21:21:35.122] [info] Frame 229 (t = 1.145):	 total squared error = 0.00149341, marker error: RMS = 0.00805797, max = 0.018118 (XIPH)
[2025-11-04 21:21:35.153] [info] Frame 230 (t = 1.15):	 total squared error = 0.00144570, marker error: RMS = 0.00792822, max = 0.0182263 (XIPH)
[2025-11-04 21:21:35.185] [info] Frame 231 (t = 1.155):	 total squared error = 0.00141020, marker error: RMS = 0.00783025, max = 0.0183567 (XIPH)
[2025-11-04 21:21:35.214] [info] Frame 232 (t = 1.16):	 total squared error = 0.00138815, marker error: RMS = 0.00776881, max = 0.0184999 (XIPH)
[2025-11-04 21:21:35.266] [info] Frame 233 (t = 1.165):	 total squared error = 0.00137313, marker error: RMS = 0.00772665, max = 0.0184413 (XIPH)
[2025-11-04 21:21:35.300] [info] Frame 234 (t = 1.17):	 total squared error = 0.00137850, marker error: RMS = 0.00774177, max = 0.0185914 (XIPH)
[2025-11-04 21:21:35.331] [info] Frame 235 (t = 1.175):	 total squared error = 0.00138996, marker error: RMS = 0.00777386, max = 0.0186059 (XIPH)
[2025-11-04 21:21:35.380] [info] Frame 236 (t = 1.18):	 total squared error = 0.00141094, marker error: RMS = 0.00783232, max = 0.0184557 (XIPH)
[2025-11-04 21:21:35.411] [info] Frame 237 (t = 1.185):	 total squared error = 0.00143862, marker error: RMS = 0.00790878, max = 0.0185006 (XIPH)
[2025-11-04 21:21:35.443] [info] Frame 238 (t = 1.19):	 total squared error = 0.00147077, marker error: RMS = 0.00799665, max = 0.0185662 (XIPH)
[2025-11-04 21:21:35.482] [info] Frame 239 (t = 1.195):	 total squared error = 0.00150097, marker error: RMS = 0.00807833, max = 0.0185435 (XIPH)
[2025-11-04 21:21:35.526] [info] Frame 240 (t = 1.2):	 total squared error = 0.00153277, marker error: RMS = 0.00816346, max = 0.0185585 (XIPH)
[2025-11-04 21:21:35.561] [info] Frame 241 (t = 1.20500):	 total squared error = 0.00156276, marker error: RMS = 0.00824294, max = 0.0186486 (XIPH)
[2025-11-04 21:21:35.588] [info] Frame 242 (t = 1.21):	 total squared error = 0.00158821, marker error: RMS = 0.00830980, max = 0.0187123 (XIPH)
[2025-11-04 21:21:35.608] [info] Frame 243 (t = 1.215):	 total squared error = 0.00161348, marker error: RMS = 0.00837563, max = 0.0187832 (XIPH)
[2025-11-04 21:21:35.626] [info] Frame 244 (t = 1.22):	 total squared error = 0.00163643, marker error: RMS = 0.00843500, max = 0.0188749 (XIPH)
[2025-11-04 21:21:35.656] [info] Frame 245 (t = 1.225):	 total squared error = 0.00165365, marker error: RMS = 0.00847925, max = 0.0190065 (XIPH)
[2025-11-04 21:21:35.673] [info] Frame 246 (t = 1.23):	 total squared error = 0.00167820, marker error: RMS = 0.00854197, max = 0.0191707 (XIPH)
[2025-11-04 21:21:35.722] [info] Frame 247 (t = 1.235):	 total squared error = 0.00167847, marker error: RMS = 0.00854266, max = 0.019744 (XIPH)
[2025-11-04 21:21:35.755] [info] Frame 248 (t = 1.24):	 total squared error = 0.00169751, marker error: RMS = 0.00859096, max = 0.0198623 (XIPH)
[2025-11-04 21:21:35.808] [info] Frame 249 (t = 1.245):	 total squared error = 0.00171015, marker error: RMS = 0.00862290, max = 0.0202096 (XIPH)
[2025-11-04 21:21:35.838] [info] Frame 250 (t = 1.25):	 total squared error = 0.00172974, marker error: RMS = 0.00867216, max = 0.0203058 (XIPH)
[2025-11-04 21:21:35.862] [info] Frame 251 (t = 1.255):	 total squared error = 0.00175571, marker error: RMS = 0.00873701, max = 0.0204094 (XIPH)
[2025-11-04 21:21:35.889] [info] Frame 252 (t = 1.26):	 total squared error = 0.00177039, marker error: RMS = 0.00877346, max = 0.0205427 (XIPH)
[2025-11-04 21:21:35.926] [info] Frame 253 (t = 1.265):	 total squared error = 0.00178444, marker error: RMS = 0.00880819, max = 0.0207290 (XIPH)
[2025-11-04 21:21:35.980] [info] Frame 254 (t = 1.27):	 total squared error = 0.00177796, marker error: RMS = 0.00879220, max = 0.0211262 (XIPH)
[2025-11-04 21:21:36.013] [info] Frame 255 (t = 1.275):	 total squared error = 0.00178874, marker error: RMS = 0.00881881, max = 0.0210976 (XIPH)
[2025-11-04 21:21:36.094] [info] Frame 256 (t = 1.28):	 total squared error = 0.00178690, marker error: RMS = 0.00881426, max = 0.0212626 (XIPH)
[2025-11-04 21:21:36.132] [info] Frame 257 (t = 1.285):	 total squared error = 0.00179320, marker error: RMS = 0.00882980, max = 0.0211098 (XIPH)
[2025-11-04 21:21:36.194] [info] Frame 258 (t = 1.29):	 total squared error = 0.00179514, marker error: RMS = 0.00883456, max = 0.0211339 (XIPH)
[2025-11-04 21:21:36.243] [info] Frame 259 (t = 1.295):	 total squared error = 0.00179497, marker error: RMS = 0.00883416, max = 0.0209374 (XIPH)
[2025-11-04 21:21:36.369] [info] Frame 260 (t = 1.3):	 total squared error = 0.00178904, marker error: RMS = 0.00881955, max = 0.0209545 (XIPH)
[2025-11-04 21:21:36.508] [info] Frame 261 (t = 1.30500):	 total squared error = 0.00179926, marker error: RMS = 0.00884470, max = 0.0207311 (XIPH)
[2025-11-04 21:21:36.693] [info] Frame 262 (t = 1.31):	 total squared error = 0.00181633, marker error: RMS = 0.00888656, max = 0.0205104 (XIPH)
[2025-11-04 21:21:36.782] [info] Frame 263 (t = 1.315):	 total squared error = 0.00183955, marker error: RMS = 0.00894318, max = 0.0202869 (XIPH)
[2025-11-04 21:21:36.857] [info] Frame 264 (t = 1.32):	 total squared error = 0.00186543, marker error: RMS = 0.00900587, max = 0.0200615 (XIPH)
[2025-11-04 21:21:36.917] [info] Frame 265 (t = 1.325):	 total squared error = 0.00189870, marker error: RMS = 0.00908582, max = 0.0197864 (XIPH)
[2025-11-04 21:21:36.981] [info] Frame 266 (t = 1.33):	 total squared error = 0.00193829, marker error: RMS = 0.00918007, max = 0.0194996 (XIPH)
[2025-11-04 21:21:37.048] [info] Frame 267 (t = 1.335):	 total squared error = 0.00198266, marker error: RMS = 0.00928454, max = 0.0192052 (XIPH)
[2025-11-04 21:21:37.090] [info] Frame 268 (t = 1.34):	 total squared error = 0.00202658, marker error: RMS = 0.00938680, max = 0.0192494 (LTH2)
[2025-11-04 21:21:37.138] [info] Frame 269 (t = 1.345):	 total squared error = 0.00208606, marker error: RMS = 0.00952357, max = 0.0193262 (LTH2)
[2025-11-04 21:21:37.220] [info] Frame 270 (t = 1.35):	 total squared error = 0.00213263, marker error: RMS = 0.00962929, max = 0.0193020 (LTH2)
[2025-11-04 21:21:37.278] [info] Frame 271 (t = 1.355):	 total squared error = 0.00219615, marker error: RMS = 0.00977163, max = 0.0200525 (LTH2)
[2025-11-04 21:21:37.329] [info] Frame 272 (t = 1.36):	 total squared error = 0.00226719, marker error: RMS = 0.00992843, max = 0.0206174 (LTH2)
[2025-11-04 21:21:37.362] [info] Frame 273 (t = 1.365):	 total squared error = 0.00236176, marker error: RMS = 0.0101334, max = 0.0219862 (LTH2)
[2025-11-04 21:21:37.409] [info] Frame 274 (t = 1.37):	 total squared error = 0.00244640, marker error: RMS = 0.0103133, max = 0.0217823 (LTH2)
[2025-11-04 21:21:37.440] [info] Frame 275 (t = 1.375):	 total squared error = 0.00255719, marker error: RMS = 0.0105443, max = 0.0230184 (LTH2)
[2025-11-04 21:21:37.503] [info] Frame 276 (t = 1.38):	 total squared error = 0.00263319, marker error: RMS = 0.0106998, max = 0.0219007 (LTH2)
[2025-11-04 21:21:37.551] [info] Frame 277 (t = 1.385):	 total squared error = 0.00275721, marker error: RMS = 0.0109489, max = 0.0225534 (LTH2)
[2025-11-04 21:21:37.613] [info] Frame 278 (t = 1.39):	 total squared error = 0.00287933, marker error: RMS = 0.0111888, max = 0.0227579 (LTH2)
[2025-11-04 21:21:37.666] [info] Frame 279 (t = 1.395):	 total squared error = 0.00301540, marker error: RMS = 0.0114501, max = 0.0233382 (LTH2)
[2025-11-04 21:21:37.734] [info] Frame 280 (t = 1.4):	 total squared error = 0.00314408, marker error: RMS = 0.0116918, max = 0.0235939 (LTH2)
[2025-11-04 21:21:37.777] [info] Frame 281 (t = 1.40500):	 total squared error = 0.00328068, marker error: RMS = 0.0119431, max = 0.0243148 (LTH2)
[2025-11-04 21:21:37.829] [info] Frame 282 (t = 1.41):	 total squared error = 0.00340321, marker error: RMS = 0.0121641, max = 0.0246043 (LTH2)
[2025-11-04 21:21:37.856] [info] Frame 283 (t = 1.415):	 total squared error = 0.00352240, marker error: RMS = 0.0123753, max = 0.0252846 (LTH2)
[2025-11-04 21:21:37.898] [info] Frame 284 (t = 1.42):	 total squared error = 0.00364482, marker error: RMS = 0.0125885, max = 0.0256007 (LTH2)
[2025-11-04 21:21:37.933] [info] Frame 285 (t = 1.425):	 total squared error = 0.00375462, marker error: RMS = 0.0127767, max = 0.0261061 (LTH2)
[2025-11-04 21:21:37.967] [info] Frame 286 (t = 1.43):	 total squared error = 0.00385864, marker error: RMS = 0.0129525, max = 0.026579 (LTH2)
[2025-11-04 21:21:37.998] [info] Frame 287 (t = 1.435):	 total squared error = 0.00395862, marker error: RMS = 0.0131192, max = 0.0269275 (LTH2)
[2025-11-04 21:21:38.050] [info] Frame 288 (t = 1.44):	 total squared error = 0.00404517, marker error: RMS = 0.0132619, max = 0.0271003 (LTH2)
[2025-11-04 21:21:38.071] [info] Frame 289 (t = 1.445):	 total squared error = 0.00413325, marker error: RMS = 0.0134055, max = 0.0273278 (LTH2)
[2025-11-04 21:21:38.123] [info] Frame 290 (t = 1.45):	 total squared error = 0.00421929, marker error: RMS = 0.0135443, max = 0.0275721 (LTH2)
[2025-11-04 21:21:38.164] [info] Frame 291 (t = 1.455):	 total squared error = 0.00429538, marker error: RMS = 0.0136659, max = 0.0276978 (LTH2)
[2025-11-04 21:21:38.182] [info] Frame 292 (t = 1.46):	 total squared error = 0.00435529, marker error: RMS = 0.0137608, max = 0.0276911 (LTH2)
[2025-11-04 21:21:38.211] [info] Frame 293 (t = 1.465):	 total squared error = 0.00440818, marker error: RMS = 0.0138441, max = 0.0276995 (LTH2)
[2025-11-04 21:21:38.250] [info] Frame 294 (t = 1.47):	 total squared error = 0.00443040, marker error: RMS = 0.013879, max = 0.0275626 (LTH2)
[2025-11-04 21:21:38.275] [info] Frame 295 (t = 1.475):	 total squared error = 0.00443023, marker error: RMS = 0.0138787, max = 0.0272738 (LTH2)
[2025-11-04 21:21:38.309] [info] Frame 296 (t = 1.48):	 total squared error = 0.00441221, marker error: RMS = 0.0138505, max = 0.0268929 (LTH2)
[2025-11-04 21:21:38.345] [info] Frame 297 (t = 1.485):	 total squared error = 0.00436201, marker error: RMS = 0.0137714, max = 0.0263612 (LTH2)
[2025-11-04 21:21:38.385] [info] Frame 298 (t = 1.49):	 total squared error = 0.00428275, marker error: RMS = 0.0136457, max = 0.0258959 (LTH2)
[2025-11-04 21:21:38.417] [info] Frame 299 (t = 1.495):	 total squared error = 0.00418822, marker error: RMS = 0.0134943, max = 0.0251602 (LTH2)
[2025-11-04 21:21:38.447] [info] Frame 300 (t = 1.5):	 total squared error = 0.00407489, marker error: RMS = 0.0133105, max = 0.0243555 (LTH2)
[2025-11-04 21:21:38.476] [info] Frame 301 (t = 1.50500):	 total squared error = 0.00394605, marker error: RMS = 0.0130984, max = 0.0234525 (LTH2)
[2025-11-04 21:21:38.514] [info] Frame 302 (t = 1.51):	 total squared error = 0.00380549, marker error: RMS = 0.012863, max = 0.0224649 (LTH2)
[2025-11-04 21:21:38.548] [info] Frame 303 (t = 1.515):	 total squared error = 0.00366461, marker error: RMS = 0.0126226, max = 0.0214087 (LTH2)
[2025-11-04 21:21:38.574] [info] Frame 304 (t = 1.52):	 total squared error = 0.00352853, marker error: RMS = 0.0123861, max = 0.0199738 (LTH2)
[2025-11-04 21:21:38.602] [info] Frame 305 (t = 1.525):	 total squared error = 0.00339831, marker error: RMS = 0.0121554, max = 0.0195291 (RTHOL)
[2025-11-04 21:21:38.657] [info] Frame 306 (t = 1.53):	 total squared error = 0.00326182, marker error: RMS = 0.0119087, max = 0.0193019 (XIPH)
[2025-11-04 21:21:38.692] [info] Frame 307 (t = 1.535):	 total squared error = 0.00314787, marker error: RMS = 0.0116989, max = 0.0194112 (XIPH)
[2025-11-04 21:21:38.739] [info] Frame 308 (t = 1.54):	 total squared error = 0.00304534, marker error: RMS = 0.0115068, max = 0.01952 (XIPH)
[2025-11-04 21:21:38.787] [info] Frame 309 (t = 1.545):	 total squared error = 0.00295959, marker error: RMS = 0.0113436, max = 0.0195951 (XIPH)
[2025-11-04 21:21:38.807] [info] Frame 310 (t = 1.55):	 total squared error = 0.00289557, marker error: RMS = 0.0112203, max = 0.0196489 (XIPH)
[2025-11-04 21:21:38.849] [info] Frame 311 (t = 1.555):	 total squared error = 0.00283988, marker error: RMS = 0.0111119, max = 0.0196834 (XIPH)
[2025-11-04 21:21:38.874] [info] Frame 312 (t = 1.56):	 total squared error = 0.00281345, marker error: RMS = 0.0110600, max = 0.0197424 (XIPH)
[2025-11-04 21:21:38.922] [info] Frame 313 (t = 1.565):	 total squared error = 0.00279394, marker error: RMS = 0.0110216, max = 0.0196978 (XIPH)
[2025-11-04 21:21:38.958] [info] Frame 314 (t = 1.57):	 total squared error = 0.00279846, marker error: RMS = 0.0110305, max = 0.0197243 (XIPH)
[2025-11-04 21:21:38.980] [info] Frame 315 (t = 1.575):	 total squared error = 0.00282613, marker error: RMS = 0.0110849, max = 0.0197594 (XIPH)
[2025-11-04 21:21:39.027] [info] Frame 316 (t = 1.58):	 total squared error = 0.00285164, marker error: RMS = 0.0111348, max = 0.0195935 (XIPH)
[2025-11-04 21:21:39.052] [info] Frame 317 (t = 1.585):	 total squared error = 0.00290509, marker error: RMS = 0.0112387, max = 0.0196586 (XIPH)
[2025-11-04 21:21:39.076] [info] Frame 318 (t = 1.59):	 total squared error = 0.00297632, marker error: RMS = 0.0113756, max = 0.0197006 (XIPH)
[2025-11-04 21:21:39.134] [info] Frame 319 (t = 1.595):	 total squared error = 0.00302588, marker error: RMS = 0.01147, max = 0.0194474 (XIPH)
[2025-11-04 21:21:39.174] [info] Frame 320 (t = 1.6):	 total squared error = 0.00310019, marker error: RMS = 0.0116099, max = 0.0194699 (XIPH)
[2025-11-04 21:21:39.198] [info] Frame 321 (t = 1.60500):	 total squared error = 0.00318208, marker error: RMS = 0.0117623, max = 0.0195516 (XIPH)
[2025-11-04 21:21:39.247] [info] Frame 322 (t = 1.61):	 total squared error = 0.00324631, marker error: RMS = 0.0118804, max = 0.0193533 (XIPH)
[2025-11-04 21:21:39.271] [info] Frame 323 (t = 1.615):	 total squared error = 0.00332178, marker error: RMS = 0.0120177, max = 0.0194904 (XIPH)
[2025-11-04 21:21:39.317] [info] Frame 324 (t = 1.62):	 total squared error = 0.00337547, marker error: RMS = 0.0121144, max = 0.0193657 (XIPH)
[2025-11-04 21:21:39.343] [info] Frame 325 (t = 1.625):	 total squared error = 0.00342858, marker error: RMS = 0.0122094, max = 0.0195282 (XIPH)
[2025-11-04 21:21:39.399] [info] Frame 326 (t = 1.63):	 total squared error = 0.00345600, marker error: RMS = 0.0122581, max = 0.0194695 (XIPH)
[2025-11-04 21:21:39.429] [info] Frame 327 (t = 1.635):	 total squared error = 0.00347579, marker error: RMS = 0.0122931, max = 0.0196272 (XIPH)
[2025-11-04 21:21:39.486] [info] Frame 328 (t = 1.64):	 total squared error = 0.00346814, marker error: RMS = 0.0122796, max = 0.0196444 (XIPH)
[2025-11-04 21:21:39.514] [info] Frame 329 (t = 1.645):	 total squared error = 0.00344736, marker error: RMS = 0.0122428, max = 0.0198432 (XIPH)
[2025-11-04 21:21:39.558] [info] Frame 330 (t = 1.65):	 total squared error = 0.00339670, marker error: RMS = 0.0121525, max = 0.0199206 (XIPH)
[2025-11-04 21:21:39.592] [info] Frame 331 (t = 1.655):	 total squared error = 0.00333201, marker error: RMS = 0.0120362, max = 0.0201136 (XIPH)
[2025-11-04 21:21:39.630] [info] Frame 332 (t = 1.66):	 total squared error = 0.00324980, marker error: RMS = 0.0118868, max = 0.0203373 (XIPH)
[2025-11-04 21:21:39.663] [info] Frame 333 (t = 1.665):	 total squared error = 0.00314647, marker error: RMS = 0.0116963, max = 0.0205267 (XIPH)
[2025-11-04 21:21:39.696] [info] Frame 334 (t = 1.67):	 total squared error = 0.00303000, marker error: RMS = 0.0114778, max = 0.0207185 (XIPH)
[2025-11-04 21:21:39.725] [info] Frame 335 (t = 1.675):	 total squared error = 0.00290515, marker error: RMS = 0.0112388, max = 0.0209522 (XIPH)
[2025-11-04 21:21:39.762] [info] Frame 336 (t = 1.68):	 total squared error = 0.00276997, marker error: RMS = 0.0109742, max = 0.0211346 (XIPH)
[2025-11-04 21:21:39.789] [info] Frame 337 (t = 1.685):	 total squared error = 0.00263986, marker error: RMS = 0.0107134, max = 0.0213577 (XIPH)
[2025-11-04 21:21:39.823] [info] Frame 338 (t = 1.69):	 total squared error = 0.00250885, marker error: RMS = 0.0104442, max = 0.0215423 (XIPH)
[2025-11-04 21:21:39.856] [info] Frame 339 (t = 1.695):	 total squared error = 0.00239119, marker error: RMS = 0.0101963, max = 0.0217481 (XIPH)
[2025-11-04 21:21:39.885] [info] Frame 340 (t = 1.7):	 total squared error = 0.00228890, marker error: RMS = 0.00997584, max = 0.021939 (XIPH)
[2025-11-04 21:21:39.918] [info] Frame 341 (t = 1.70500):	 total squared error = 0.00220339, marker error: RMS = 0.00978773, max = 0.0221197 (XIPH)
[2025-11-04 21:21:39.949] [info] Frame 342 (t = 1.71):	 total squared error = 0.00213801, marker error: RMS = 0.00964143, max = 0.0222761 (XIPH)
[2025-11-04 21:21:39.978] [info] Frame 343 (t = 1.715):	 total squared error = 0.00209552, marker error: RMS = 0.00954514, max = 0.0224422 (XIPH)
[2025-11-04 21:21:40.009] [info] Frame 344 (t = 1.72):	 total squared error = 0.00207133, marker error: RMS = 0.00948988, max = 0.0225687 (XIPH)
[2025-11-04 21:21:40.036] [info] Frame 345 (t = 1.725):	 total squared error = 0.00207022, marker error: RMS = 0.00948734, max = 0.0227267 (XIPH)
[2025-11-04 21:21:40.063] [info] Frame 346 (t = 1.73):	 total squared error = 0.00207786, marker error: RMS = 0.00950484, max = 0.0228155 (XIPH)
[2025-11-04 21:21:40.091] [info] Frame 347 (t = 1.735):	 total squared error = 0.00209679, marker error: RMS = 0.00954803, max = 0.0228913 (XIPH)
[2025-11-04 21:21:40.140] [info] Frame 348 (t = 1.74):	 total squared error = 0.00212011, marker error: RMS = 0.00960097, max = 0.0229717 (XIPH)
[2025-11-04 21:21:40.173] [info] Frame 349 (t = 1.745):	 total squared error = 0.00214747, marker error: RMS = 0.00966273, max = 0.0230381 (XIPH)
[2025-11-04 21:21:40.190] [info] Frame 350 (t = 1.75):	 total squared error = 0.00216978, marker error: RMS = 0.00971278, max = 0.0230151 (XIPH)
[2025-11-04 21:21:40.219] [info] Frame 351 (t = 1.755):	 total squared error = 0.00218887, marker error: RMS = 0.00975542, max = 0.0231169 (XIPH)
[2025-11-04 21:21:40.235] [info] Frame 352 (t = 1.76):	 total squared error = 0.00220616, marker error: RMS = 0.00979387, max = 0.023125 (XIPH)
[2025-11-04 21:21:40.278] [info] Frame 353 (t = 1.765):	 total squared error = 0.00221441, marker error: RMS = 0.00981217, max = 0.0231753 (XIPH)
[2025-11-04 21:21:40.293] [info] Frame 354 (t = 1.77):	 total squared error = 0.00222769, marker error: RMS = 0.00984156, max = 0.0231837 (XIPH)
[2025-11-04 21:21:40.322] [info] Frame 355 (t = 1.775):	 total squared error = 0.00223621, marker error: RMS = 0.00986036, max = 0.0231627 (XIPH)
[2025-11-04 21:21:40.340] [info] Frame 356 (t = 1.78):	 total squared error = 0.00225914, marker error: RMS = 0.00991078, max = 0.0231674 (XIPH)
[2025-11-04 21:21:40.378] [info] Frame 357 (t = 1.785):	 total squared error = 0.00226958, marker error: RMS = 0.00993365, max = 0.0230596 (XIPH)
[2025-11-04 21:21:40.408] [info] Frame 358 (t = 1.79):	 total squared error = 0.00229166, marker error: RMS = 0.00998185, max = 0.0229656 (XIPH)
[2025-11-04 21:21:40.460] [info] Frame 359 (t = 1.795):	 total squared error = 0.00230927, marker error: RMS = 0.0100201, max = 0.0228237 (XIPH)
[2025-11-04 21:21:40.492] [info] Frame 360 (t = 1.8):	 total squared error = 0.00233334, marker error: RMS = 0.0100722, max = 0.0226696 (XIPH)
[2025-11-04 21:21:40.527] [info] Frame 361 (t = 1.80500):	 total squared error = 0.00235756, marker error: RMS = 0.0101244, max = 0.0224867 (XIPH)
[2025-11-04 21:21:40.560] [info] Frame 362 (t = 1.81):	 total squared error = 0.00237217, marker error: RMS = 0.0101557, max = 0.0222381 (XIPH)
[2025-11-04 21:21:40.593] [info] Frame 363 (t = 1.815):	 total squared error = 0.00238224, marker error: RMS = 0.0101772, max = 0.0219877 (XIPH)
[2025-11-04 21:21:40.623] [info] Frame 364 (t = 1.82):	 total squared error = 0.00237605, marker error: RMS = 0.0101640, max = 0.021656 (XIPH)
[2025-11-04 21:21:40.657] [info] Frame 365 (t = 1.825):	 total squared error = 0.00236152, marker error: RMS = 0.0101328, max = 0.0213195 (XIPH)
[2025-11-04 21:21:40.693] [info] Frame 366 (t = 1.83):	 total squared error = 0.00233783, marker error: RMS = 0.0100819, max = 0.0209742 (XIPH)
[2025-11-04 21:21:40.725] [info] Frame 367 (t = 1.835):	 total squared error = 0.00230237, marker error: RMS = 0.0100052, max = 0.0205948 (XIPH)
[2025-11-04 21:21:40.757] [info] Frame 368 (t = 1.84):	 total squared error = 0.00225975, marker error: RMS = 0.00991212, max = 0.0201831 (XIPH)
[2025-11-04 21:21:40.791] [info] Frame 369 (t = 1.845):	 total squared error = 0.00221575, marker error: RMS = 0.00981515, max = 0.0197935 (XIPH)
[2025-11-04 21:21:40.824] [info] Frame 370 (t = 1.85):	 total squared error = 0.00217087, marker error: RMS = 0.00971522, max = 0.0193912 (XIPH)
[2025-11-04 21:21:40.861] [info] Frame 371 (t = 1.855):	 total squared error = 0.00213046, marker error: RMS = 0.00962438, max = 0.0190047 (XIPH)
[2025-11-04 21:21:40.897] [info] Frame 372 (t = 1.86):	 total squared error = 0.00208926, marker error: RMS = 0.00953086, max = 0.0186092 (XIPH)
[2025-11-04 21:21:40.934] [info] Frame 373 (t = 1.865):	 total squared error = 0.00205171, marker error: RMS = 0.00944482, max = 0.0182159 (XIPH)
[2025-11-04 21:21:40.987] [info] Frame 374 (t = 1.87):	 total squared error = 0.00201851, marker error: RMS = 0.00936810, max = 0.0177365 (XIPH)
[2025-11-04 21:21:41.021] [info] Frame 375 (t = 1.875):	 total squared error = 0.00198213, marker error: RMS = 0.00928329, max = 0.0179611 (RTHOL)
[2025-11-04 21:21:41.056] [info] Frame 376 (t = 1.88):	 total squared error = 0.00195031, marker error: RMS = 0.00920848, max = 0.0181827 (RTHOL)
[2025-11-04 21:21:41.105] [info] Frame 377 (t = 1.885):	 total squared error = 0.00191818, marker error: RMS = 0.00913232, max = 0.0178914 (RTHOL)
[2025-11-04 21:21:41.142] [info] Frame 378 (t = 1.89):	 total squared error = 0.00188392, marker error: RMS = 0.00905040, max = 0.0181356 (RTHOL)
[2025-11-04 21:21:41.181] [info] Frame 379 (t = 1.895):	 total squared error = 0.00185329, marker error: RMS = 0.00897652, max = 0.0182493 (RTHOL)
[2025-11-04 21:21:41.220] [info] Frame 380 (t = 1.9):	 total squared error = 0.00182605, marker error: RMS = 0.00891029, max = 0.018196 (RTHOL)
[2025-11-04 21:21:41.264] [info] Frame 381 (t = 1.90500):	 total squared error = 0.00179861, marker error: RMS = 0.00884310, max = 0.017399 (RTHOL)
[2025-11-04 21:21:41.299] [info] Frame 382 (t = 1.91):	 total squared error = 0.00177971, marker error: RMS = 0.00879651, max = 0.0174956 (RTHOL)
[2025-11-04 21:21:41.350] [info] Frame 383 (t = 1.915):	 total squared error = 0.00176922, marker error: RMS = 0.00877055, max = 0.0168523 (RTHOL)
[2025-11-04 21:21:41.385] [info] Frame 384 (t = 1.92):	 total squared error = 0.00177157, marker error: RMS = 0.00877638, max = 0.0169783 (RTHOL)
[2025-11-04 21:21:41.437] [info] Frame 385 (t = 1.925):	 total squared error = 0.00178133, marker error: RMS = 0.00880052, max = 0.0162004 (RTHOL)
[2025-11-04 21:21:41.478] [info] Frame 386 (t = 1.93):	 total squared error = 0.00180744, marker error: RMS = 0.00886478, max = 0.0162326 (RTHOL)
[2025-11-04 21:21:41.503] [info] Frame 387 (t = 1.935):	 total squared error = 0.00186210, marker error: RMS = 0.00899782, max = 0.0168951 (RTHOL)
[2025-11-04 21:21:41.561] [info] Frame 388 (t = 1.94):	 total squared error = 0.00188713, marker error: RMS = 0.00905811, max = 0.0151952 (RTHOL)
[2025-11-04 21:21:41.591] [info] Frame 389 (t = 1.945):	 total squared error = 0.00194364, marker error: RMS = 0.00919272, max = 0.0153485 (RTHOL)
[2025-11-04 21:21:41.629] [info] Frame 390 (t = 1.95):	 total squared error = 0.00199955, marker error: RMS = 0.00932399, max = 0.0148366 (RTHOL)
[2025-11-04 21:21:41.678] [info] Frame 391 (t = 1.955):	 total squared error = 0.00205968, marker error: RMS = 0.00946315, max = 0.0149959 (RSHAOL)
[2025-11-04 21:21:41.712] [info] Frame 392 (t = 1.96):	 total squared error = 0.00212571, marker error: RMS = 0.00961365, max = 0.0152479 (RSHAOL)
[2025-11-04 21:21:41.756] [info] Frame 393 (t = 1.965):	 total squared error = 0.00218097, marker error: RMS = 0.00973781, max = 0.0159445 (RSHAOL)
[2025-11-04 21:21:41.790] [info] Frame 394 (t = 1.97):	 total squared error = 0.00224343, marker error: RMS = 0.00987625, max = 0.0163022 (RSHAOL)
[2025-11-04 21:21:41.810] [info] Frame 395 (t = 1.975):	 total squared error = 0.00231023, marker error: RMS = 0.0100222, max = 0.0167177 (RSHAOL)
[2025-11-04 21:21:41.841] [info] Frame 396 (t = 1.98):	 total squared error = 0.00236639, marker error: RMS = 0.0101433, max = 0.0173413 (RSHAOL)
[2025-11-04 21:21:41.862] [info] Frame 397 (t = 1.985):	 total squared error = 0.00242952, marker error: RMS = 0.0102777, max = 0.0178998 (RSHAOL)
[2025-11-04 21:21:41.890] [info] Frame 398 (t = 1.99):	 total squared error = 0.00248372, marker error: RMS = 0.0103917, max = 0.0185778 (RSHAOL)
[2025-11-04 21:21:41.910] [info] Frame 399 (t = 1.995):	 total squared error = 0.00254247, marker error: RMS = 0.0105139, max = 0.0191684 (RSHAOL)
[2025-11-04 21:21:41.960] [info] Frame 400 (t = 2.0):	 total squared error = 0.00257657, marker error: RMS = 0.0105842, max = 0.0201012 (RSHAOL)
[2025-11-04 21:21:41.990] [info] Frame 401 (t = 2.00500):	 total squared error = 0.00261510, marker error: RMS = 0.0106630, max = 0.0206579 (RSHAOL)
[2025-11-04 21:21:42.016] [info] Frame 402 (t = 2.01):	 total squared error = 0.00264330, marker error: RMS = 0.0107204, max = 0.0211379 (RSHAOL)
[2025-11-04 21:21:42.043] [info] Frame 403 (t = 2.015):	 total squared error = 0.00265668, marker error: RMS = 0.0107475, max = 0.0214718 (RSHAOL)
[2025-11-04 21:21:42.073] [info] Frame 404 (t = 2.02):	 total squared error = 0.00265093, marker error: RMS = 0.0107358, max = 0.0217775 (RSHAOL)
[2025-11-04 21:21:42.100] [info] Frame 405 (t = 2.025):	 total squared error = 0.00262658, marker error: RMS = 0.0106864, max = 0.0218655 (RSHAOL)
[2025-11-04 21:21:42.136] [info] Frame 406 (t = 2.03):	 total squared error = 0.00258175, marker error: RMS = 0.0105948, max = 0.0218508 (RSHAOL)
[2025-11-04 21:21:42.163] [info] Frame 407 (t = 2.035):	 total squared error = 0.00251935, marker error: RMS = 0.0104660, max = 0.0216463 (RSHAOL)
[2025-11-04 21:21:42.199] [info] Frame 408 (t = 2.04):	 total squared error = 0.00244090, marker error: RMS = 0.0103018, max = 0.0213146 (RSHAOL)
[2025-11-04 21:21:42.233] [info] Frame 409 (t = 2.045):	 total squared error = 0.00234976, marker error: RMS = 0.0101076, max = 0.0208518 (RSHAOL)
[2025-11-04 21:21:42.279] [info] Frame 410 (t = 2.05):	 total squared error = 0.00224858, marker error: RMS = 0.00988759, max = 0.0202419 (RSHAOL)
[2025-11-04 21:21:42.307] [info] Frame 411 (t = 2.055):	 total squared error = 0.00214292, marker error: RMS = 0.00965248, max = 0.0195747 (RSHAOL)
[2025-11-04 21:21:42.352] [info] Frame 412 (t = 2.06):	 total squared error = 0.00203179, marker error: RMS = 0.00939888, max = 0.018661 (RSHAOL)
[2025-11-04 21:21:42.384] [info] Frame 413 (t = 2.065):	 total squared error = 0.00192410, marker error: RMS = 0.00914639, max = 0.0179123 (RSHAOL)
[2025-11-04 21:21:42.431] [info] Frame 414 (t = 2.07):	 total squared error = 0.00181792, marker error: RMS = 0.00889044, max = 0.0169095 (RSHAOL)
[2025-11-04 21:21:42.466] [info] Frame 415 (t = 2.075):	 total squared error = 0.00172129, marker error: RMS = 0.00865092, max = 0.0161094 (RSHAOL)
[2025-11-04 21:21:42.511] [info] Frame 416 (t = 2.08):	 total squared error = 0.00163030, marker error: RMS = 0.00841919, max = 0.0150708 (RSHAOL)
[2025-11-04 21:21:42.558] [info] Frame 417 (t = 2.085):	 total squared error = 0.00155182, marker error: RMS = 0.00821405, max = 0.0142975 (XIPH)
[2025-11-04 21:21:42.584] [info] Frame 418 (t = 2.09):	 total squared error = 0.00149267, marker error: RMS = 0.00805596, max = 0.0142509 (XIPH)
[2025-11-04 21:21:42.638] [info] Frame 419 (t = 2.095):	 total squared error = 0.00143485, marker error: RMS = 0.00789840, max = 0.0146377 (XIPH)
[2025-11-04 21:21:42.661] [info] Frame 420 (t = 2.1):	 total squared error = 0.00140570, marker error: RMS = 0.00781777, max = 0.014611 (XIPH)
[2025-11-04 21:21:42.692] [info] Frame 421 (t = 2.10500):	 total squared error = 0.00138265, marker error: RMS = 0.00775340, max = 0.0146948 (XIPH)
[2025-11-04 21:21:42.744] [info] Frame 422 (t = 2.11):	 total squared error = 0.00137021, marker error: RMS = 0.00771845, max = 0.0151365 (XIPH)
[2025-11-04 21:21:42.773] [info] Frame 423 (t = 2.115):	 total squared error = 0.00138647, marker error: RMS = 0.00776412, max = 0.0150898 (XIPH)
[2025-11-04 21:21:42.834] [info] Frame 424 (t = 2.12):	 total squared error = 0.00140182, marker error: RMS = 0.00780695, max = 0.0155104 (XIPH)
[2025-11-04 21:21:42.859] [info] Frame 425 (t = 2.125):	 total squared error = 0.00144681, marker error: RMS = 0.00793126, max = 0.0155194 (XIPH)
[2025-11-04 21:21:42.880] [info] Frame 426 (t = 2.13):	 total squared error = 0.00151045, marker error: RMS = 0.00810382, max = 0.0155988 (XIPH)
[2025-11-04 21:21:42.930] [info] Frame 427 (t = 2.135):	 total squared error = 0.00154841, marker error: RMS = 0.00820500, max = 0.0161106 (XIPH)
[2025-11-04 21:21:42.953] [info] Frame 428 (t = 2.14):	 total squared error = 0.00162731, marker error: RMS = 0.00841146, max = 0.0161909 (XIPH)
[2025-11-04 21:21:42.999] [info] Frame 429 (t = 2.145):	 total squared error = 0.00169612, marker error: RMS = 0.00858745, max = 0.0165846 (XIPH)
[2025-11-04 21:21:43.024] [info] Frame 430 (t = 2.15):	 total squared error = 0.00178833, marker error: RMS = 0.00881780, max = 0.01668 (XIPH)
[2025-11-04 21:21:43.053] [info] Frame 431 (t = 2.155):	 total squared error = 0.00188300, marker error: RMS = 0.00904818, max = 0.0168286 (XIPH)
[2025-11-04 21:21:43.076] [info] Frame 432 (t = 2.16):	 total squared error = 0.00198062, marker error: RMS = 0.00927975, max = 0.0170096 (XIPH)
[2025-11-04 21:21:43.115] [info] Frame 433 (t = 2.165):	 total squared error = 0.00204068, marker error: RMS = 0.00941940, max = 0.0175791 (XIPH)
[2025-11-04 21:21:43.141] [info] Frame 434 (t = 2.17):	 total squared error = 0.00213009, marker error: RMS = 0.00962354, max = 0.0177682 (XIPH)
[2025-11-04 21:21:43.185] [info] Frame 435 (t = 2.175):	 total squared error = 0.00219236, marker error: RMS = 0.00976320, max = 0.0181986 (XIPH)
[2025-11-04 21:21:43.215] [info] Frame 436 (t = 2.18):	 total squared error = 0.00226172, marker error: RMS = 0.00991643, max = 0.0183719 (XIPH)
[2025-11-04 21:21:43.257] [info] Frame 437 (t = 2.185):	 total squared error = 0.00230204, marker error: RMS = 0.0100044, max = 0.018693 (XIPH)
[2025-11-04 21:21:43.286] [info] Frame 438 (t = 2.19):	 total squared error = 0.00234128, marker error: RMS = 0.0100894, max = 0.0188701 (XIPH)
[2025-11-04 21:21:43.317] [info] Frame 439 (t = 2.195):	 total squared error = 0.00236310, marker error: RMS = 0.0101362, max = 0.0190589 (XIPH)
[2025-11-04 21:21:43.363] [info] Frame 440 (t = 2.2):	 total squared error = 0.00233981, marker error: RMS = 0.0100862, max = 0.0194554 (XIPH)
[2025-11-04 21:21:43.393] [info] Frame 441 (t = 2.20500):	 total squared error = 0.00231970, marker error: RMS = 0.0100427, max = 0.019592 (XIPH)
[2025-11-04 21:21:43.423] [info] Frame 442 (t = 2.21):	 total squared error = 0.00228407, marker error: RMS = 0.00996531, max = 0.0197252 (XIPH)
[2025-11-04 21:21:43.449] [info] Frame 443 (t = 2.215):	 total squared error = 0.00222642, marker error: RMS = 0.00983874, max = 0.0198592 (XIPH)
[2025-11-04 21:21:43.498] [info] Frame 444 (t = 2.22):	 total squared error = 0.00213894, marker error: RMS = 0.00964352, max = 0.0201010 (XIPH)
[2025-11-04 21:21:43.526] [info] Frame 445 (t = 2.225):	 total squared error = 0.00206128, marker error: RMS = 0.00946682, max = 0.0202196 (XIPH)
[2025-11-04 21:21:43.559] [info] Frame 446 (t = 2.23):	 total squared error = 0.00197570, marker error: RMS = 0.00926824, max = 0.0202401 (XIPH)
[2025-11-04 21:21:43.594] [info] Frame 447 (t = 2.235):	 total squared error = 0.00188780, marker error: RMS = 0.00905970, max = 0.0202602 (XIPH)
[2025-11-04 21:21:43.632] [info] Frame 448 (t = 2.24):	 total squared error = 0.00180207, marker error: RMS = 0.00885160, max = 0.0202659 (XIPH)
[2025-11-04 21:21:43.674] [info] Frame 449 (t = 2.245):	 total squared error = 0.00172997, marker error: RMS = 0.00867271, max = 0.0203059 (XIPH)
[2025-11-04 21:21:43.730] [info] Frame 450 (t = 2.25):	 total squared error = 0.00166416, marker error: RMS = 0.00850616, max = 0.0202259 (XIPH)
[2025-11-04 21:21:43.773] [info] Frame 451 (t = 2.255):	 total squared error = 0.00161862, marker error: RMS = 0.00838897, max = 0.0202849 (XIPH)
[2025-11-04 21:21:43.812] [info] Frame 452 (t = 2.26):	 total squared error = 0.00158405, marker error: RMS = 0.00829890, max = 0.0202255 (XIPH)
[2025-11-04 21:21:43.861] [info] Frame 453 (t = 2.265):	 total squared error = 0.00156443, marker error: RMS = 0.00824735, max = 0.0202184 (XIPH)
[2025-11-04 21:21:43.942] [info] Frame 454 (t = 2.27):	 total squared error = 0.00155500, marker error: RMS = 0.00822244, max = 0.0200496 (XIPH)
[2025-11-04 21:21:43.974] [info] Frame 455 (t = 2.275):	 total squared error = 0.00156316, marker error: RMS = 0.00824399, max = 0.0200923 (XIPH)
[2025-11-04 21:21:44.020] [info] Frame 456 (t = 2.28):	 total squared error = 0.00157004, marker error: RMS = 0.00826213, max = 0.0200534 (XIPH)
[2025-11-04 21:21:44.050] [info] Frame 457 (t = 2.285):	 total squared error = 0.00159184, marker error: RMS = 0.00831927, max = 0.0200485 (XIPH)
[2025-11-04 21:21:44.148] [info] Frame 458 (t = 2.29):	 total squared error = 0.00161489, marker error: RMS = 0.00837929, max = 0.0201118 (XIPH)
[2025-11-04 21:21:44.338] [info] Frame 459 (t = 2.295):	 total squared error = 0.00163390, marker error: RMS = 0.00842847, max = 0.0201916 (XIPH)
[2025-11-04 21:21:44.380] [info] Frame 460 (t = 2.3):	 total squared error = 0.00166009, marker error: RMS = 0.00849575, max = 0.0202388 (XIPH)
[2025-11-04 21:21:44.468] [info] Frame 461 (t = 2.30500):	 total squared error = 0.00168186, marker error: RMS = 0.00855128, max = 0.0205299 (XIPH)
[2025-11-04 21:21:44.499] [info] Frame 462 (t = 2.31):	 total squared error = 0.00171119, marker error: RMS = 0.00862552, max = 0.0205954 (XIPH)
[2025-11-04 21:21:44.531] [info] Frame 463 (t = 2.315):	 total squared error = 0.00174419, marker error: RMS = 0.00870830, max = 0.0206261 (XIPH)
[2025-11-04 21:21:44.645] [info] Frame 464 (t = 2.32):	 total squared error = 0.00175896, marker error: RMS = 0.00874507, max = 0.0210312 (XIPH)
[2025-11-04 21:21:44.699] [info] Frame 465 (t = 2.325):	 total squared error = 0.00178665, marker error: RMS = 0.00881366, max = 0.0210598 (XIPH)
[2025-11-04 21:21:44.750] [info] Frame 466 (t = 2.33):	 total squared error = 0.00181483, marker error: RMS = 0.00888288, max = 0.0211046 (XIPH)
[2025-11-04 21:21:44.787] [info] Frame 467 (t = 2.335):	 total squared error = 0.00184081, marker error: RMS = 0.00894623, max = 0.0211666 (XIPH)
[2025-11-04 21:21:44.829] [info] Frame 468 (t = 2.34):	 total squared error = 0.00186504, marker error: RMS = 0.00900494, max = 0.021197 (XIPH)
[2025-11-04 21:21:44.899] [info] Frame 469 (t = 2.345):	 total squared error = 0.00186299, marker error: RMS = 0.00899997, max = 0.0216914 (XIPH)
[2025-11-04 21:21:44.947] [info] Frame 470 (t = 2.35):	 total squared error = 0.00189298, marker error: RMS = 0.00907212, max = 0.0215181 (XIPH)
[2025-11-04 21:21:45.001] [info] Frame 471 (t = 2.355):	 total squared error = 0.00192761, marker error: RMS = 0.00915474, max = 0.0215095 (XIPH)
[2025-11-04 21:21:45.066] [info] Frame 472 (t = 2.36):	 total squared error = 0.00197375, marker error: RMS = 0.00926364, max = 0.0214292 (XIPH)
[2025-11-04 21:21:45.126] [info] Frame 473 (t = 2.365):	 total squared error = 0.00206301, marker error: RMS = 0.00947080, max = 0.0211467 (XIPH)
[2025-11-04 21:21:45.191] [info] Frame 474 (t = 2.37):	 total squared error = 0.00219504, marker error: RMS = 0.00976916, max = 0.0208374 (XIPH)
[2025-11-04 21:21:45.235] [info] Frame 475 (t = 2.375):	 total squared error = 0.00240757, marker error: RMS = 0.0102312, max = 0.0233609 (LTHOL)
[2025-11-04 21:21:45.294] [info] Frame 476 (t = 2.38):	 total squared error = 0.00271587, marker error: RMS = 0.0108665, max = 0.0276941 (LTHOL)
[2025-11-04 21:21:45.329] [info] Frame 477 (t = 2.385):	 total squared error = 0.00314652, marker error: RMS = 0.0116964, max = 0.03349 (LTHOL)
[2025-11-04 21:21:45.388] [info] Frame 478 (t = 2.39):	 total squared error = 0.00371722, marker error: RMS = 0.0127129, max = 0.0390033 (LTHOL)
[2025-11-04 21:21:45.432] [info] Frame 479 (t = 2.395):	 total squared error = 0.00443847, marker error: RMS = 0.0138916, max = 0.0456886 (LTHOL)
[2025-11-04 21:21:45.473] [info] Frame 480 (t = 2.4):	 total squared error = 0.00529150, marker error: RMS = 0.0151679, max = 0.0522465 (LTHOL)
[2025-11-04 21:21:45.525] [info] Frame 481 (t = 2.40500):	 total squared error = 0.00179365, marker error: RMS = 0.00883091, max = 0.019471 (LTH2)
[2025-11-04 21:21:45.558] [info] Frame 482 (t = 2.41):	 total squared error = 0.00182960, marker error: RMS = 0.00891895, max = 0.0204210 (LTH2)
[2025-11-04 21:21:45.593] [info] Frame 483 (t = 2.415):	 total squared error = 0.00187450, marker error: RMS = 0.00902773, max = 0.0210984 (LTH2)
[2025-11-04 21:21:45.631] [info] Frame 484 (t = 2.42):	 total squared error = 0.00191616, marker error: RMS = 0.00912751, max = 0.0214566 (LTH2)
[2025-11-04 21:21:45.668] [info] Frame 485 (t = 2.425):	 total squared error = 0.00195421, marker error: RMS = 0.00921768, max = 0.0219225 (LTH2)
[2025-11-04 21:21:45.698] [info] Frame 486 (t = 2.43):	 total squared error = 0.00198812, marker error: RMS = 0.00929731, max = 0.0224115 (LTH2)
[2025-11-04 21:21:45.736] [info] Frame 487 (t = 2.435):	 total squared error = 0.00202089, marker error: RMS = 0.00937363, max = 0.0225208 (LTH2)
[2025-11-04 21:21:45.764] [info] Frame 488 (t = 2.44):	 total squared error = 0.00204173, marker error: RMS = 0.00942182, max = 0.0231013 (LTH2)
[2025-11-04 21:21:45.794] [info] Frame 489 (t = 2.445):	 total squared error = 0.00206013, marker error: RMS = 0.00946420, max = 0.0231579 (LTH2)
[2025-11-04 21:21:45.823] [info] Frame 490 (t = 2.45):	 total squared error = 0.00207309, marker error: RMS = 0.00949392, max = 0.023184 (LTH2)
[2025-11-04 21:21:45.862] [info] Frame 491 (t = 2.455):	 total squared error = 0.00207340, marker error: RMS = 0.00949462, max = 0.0229731 (LTH2)
[2025-11-04 21:21:45.889] [info] Frame 492 (t = 2.46):	 total squared error = 0.00207806, marker error: RMS = 0.00950528, max = 0.022855 (LTH2)
[2025-11-04 21:21:45.925] [info] InverseKinematicsTool completed 493 frames in 17 second(s).
[2025-11-04 21:27:45.134] [info] Loaded model Athlete_03 from file C:\Git\1_current_projects\powerlifing_model\models\Athlete_03\25_03_31\scaled.osim
[2025-11-04 21:27:45.299] [info] Loaded model Athlete_03 from file C:\Git\1_current_projects\powerlifing_model\models\Athlete_03\25_03_31\scaled.osim
[2025-11-04 21:32:10.674] [info] Loaded model Athlete_03 from file C:\Git\1_current_projects\powerlifing_model\models\Athlete_03\25_03_31\scaled.osim
[2025-11-04 21:32:10.841] [info] Loaded model Athlete_03 from file C:\Git\1_current_projects\powerlifing_model\models\Athlete_03\25_03_31\scaled.osim
[2025-11-04 21:32:13.350] [cout] [info] 
               MODEL: Athlete_03
         coordinates: 39
              forces: 97
           actuators: 97
             muscles: 80
            analyses: 0
              probes: 0
              bodies: 22
              joints: 22
         constraints: 2
             markers: 45
         controllers: 0
  contact geometries: 0
misc modelcomponents: 0
[2025-11-04 21:32:13.351] [info] Running tool .
[2025-11-04 21:32:13.680] [info] Frame 0 (t = 0.0):	 total squared error = 0.00142938, marker error: RMS = 0.00788333, max = 0.01231 (XIPH)
[2025-11-04 21:32:13.702] [info] Frame 1 (t = 0.00500000):	 total squared error = 0.00143526, marker error: RMS = 0.00789952, max = 0.012549 (XIPH)
[2025-11-04 21:32:13.732] [info] Frame 2 (t = 0.01):	 total squared error = 0.00143912, marker error: RMS = 0.00791015, max = 0.01263 (XIPH)
[2025-11-04 21:32:13.748] [info] Frame 3 (t = 0.015):	 total squared error = 0.00144717, marker error: RMS = 0.00793224, max = 0.0128855 (XIPH)
[2025-11-04 21:32:13.780] [info] Frame 4 (t = 0.02):	 total squared error = 0.00144735, marker error: RMS = 0.00793274, max = 0.0130301 (XIPH)
[2025-11-04 21:32:13.802] [info] Frame 5 (t = 0.025):	 total squared error = 0.00144733, marker error: RMS = 0.00793268, max = 0.0133123 (XIPH)
[2025-11-04 21:32:13.822] [info] Frame 6 (t = 0.03):	 total squared error = 0.00144243, marker error: RMS = 0.00791923, max = 0.0135605 (XIPH)
[2025-11-04 21:32:13.843] [info] Frame 7 (t = 0.035):	 total squared error = 0.00143179, marker error: RMS = 0.00788999, max = 0.0137684 (XIPH)
[2025-11-04 21:32:13.865] [info] Frame 8 (t = 0.04):	 total squared error = 0.00141572, marker error: RMS = 0.00784558, max = 0.0139867 (XIPH)
[2025-11-04 21:32:13.895] [info] Frame 9 (t = 0.045):	 total squared error = 0.00139378, marker error: RMS = 0.00778456, max = 0.0140548 (XIPH)
[2025-11-04 21:32:13.918] [info] Frame 10 (t = 0.05):	 total squared error = 0.00137159, marker error: RMS = 0.00772232, max = 0.0142761 (XIPH)
[2025-11-04 21:32:13.940] [info] Frame 11 (t = 0.055):	 total squared error = 0.00134823, marker error: RMS = 0.00765627, max = 0.0144473 (XIPH)
[2025-11-04 21:32:13.963] [info] Frame 12 (t = 0.06):	 total squared error = 0.00132544, marker error: RMS = 0.00759131, max = 0.0145831 (XIPH)
[2025-11-04 21:32:14.010] [info] Frame 13 (t = 0.065):	 total squared error = 0.00130507, marker error: RMS = 0.00753274, max = 0.0146426 (XIPH)
[2025-11-04 21:32:14.044] [info] Frame 14 (t = 0.07):	 total squared error = 0.00129059, marker error: RMS = 0.00749082, max = 0.0147953 (XIPH)
[2025-11-04 21:32:14.080] [info] Frame 15 (t = 0.075):	 total squared error = 0.00128214, marker error: RMS = 0.00746627, max = 0.0149033 (XIPH)
[2025-11-04 21:32:14.142] [info] Frame 16 (t = 0.08):	 total squared error = 0.00128007, marker error: RMS = 0.00746023, max = 0.0149521 (XIPH)
[2025-11-04 21:32:14.169] [info] Frame 17 (t = 0.085):	 total squared error = 0.00128587, marker error: RMS = 0.00747713, max = 0.0150573 (XIPH)
[2025-11-04 21:32:14.195] [info] Frame 18 (t = 0.09):	 total squared error = 0.00129847, marker error: RMS = 0.00751366, max = 0.0151388 (XIPH)
[2025-11-04 21:32:14.215] [info] Frame 19 (t = 0.095):	 total squared error = 0.00131700, marker error: RMS = 0.00756710, max = 0.0151999 (XIPH)
[2025-11-04 21:32:14.240] [info] Frame 20 (t = 0.1):	 total squared error = 0.00133991, marker error: RMS = 0.00763263, max = 0.0152796 (XIPH)
[2025-11-04 21:32:14.263] [info] Frame 21 (t = 0.105000):	 total squared error = 0.00136597, marker error: RMS = 0.00770650, max = 0.0153793 (XIPH)
[2025-11-04 21:32:14.289] [info] Frame 22 (t = 0.11):	 total squared error = 0.00139362, marker error: RMS = 0.00778410, max = 0.0154828 (XIPH)
[2025-11-04 21:32:14.325] [info] Frame 23 (t = 0.115):	 total squared error = 0.00142099, marker error: RMS = 0.00786016, max = 0.0155356 (XIPH)
[2025-11-04 21:32:14.373] [info] Frame 24 (t = 0.12):	 total squared error = 0.00145336, marker error: RMS = 0.00794919, max = 0.0155478 (XIPH)
[2025-11-04 21:32:14.466] [info] Frame 25 (t = 0.125):	 total squared error = 0.00147303, marker error: RMS = 0.00800279, max = 0.0158551 (XIPH)
[2025-11-04 21:32:14.491] [info] Frame 26 (t = 0.13):	 total squared error = 0.00149713, marker error: RMS = 0.00806801, max = 0.0160364 (XIPH)
[2025-11-04 21:32:14.511] [info] Frame 27 (t = 0.135):	 total squared error = 0.00151938, marker error: RMS = 0.00812774, max = 0.0161963 (XIPH)
[2025-11-04 21:32:14.525] [info] Frame 28 (t = 0.14):	 total squared error = 0.00154163, marker error: RMS = 0.00818704, max = 0.0164202 (XIPH)
[2025-11-04 21:32:14.571] [info] Frame 29 (t = 0.145):	 total squared error = 0.00155425, marker error: RMS = 0.00822046, max = 0.0165668 (XIPH)
[2025-11-04 21:32:14.595] [info] Frame 30 (t = 0.15):	 total squared error = 0.00157319, marker error: RMS = 0.00827040, max = 0.0167734 (XIPH)
[2025-11-04 21:32:14.607] [info] Frame 31 (t = 0.155):	 total squared error = 0.00159566, marker error: RMS = 0.00832924, max = 0.0170509 (XIPH)
[2025-11-04 21:32:14.631] [info] Frame 32 (t = 0.16):	 total squared error = 0.00161055, marker error: RMS = 0.00836804, max = 0.0170936 (XIPH)
[2025-11-04 21:32:14.671] [info] Frame 33 (t = 0.165):	 total squared error = 0.00161863, marker error: RMS = 0.00838899, max = 0.0172037 (XIPH)
[2025-11-04 21:32:14.694] [info] Frame 34 (t = 0.17):	 total squared error = 0.00163403, marker error: RMS = 0.00842881, max = 0.0173464 (XIPH)
[2025-11-04 21:32:14.717] [info] Frame 35 (t = 0.175):	 total squared error = 0.00164740, marker error: RMS = 0.00846322, max = 0.0174041 (XIPH)
[2025-11-04 21:32:14.756] [info] Frame 36 (t = 0.18):	 total squared error = 0.00165011, marker error: RMS = 0.00847017, max = 0.0174388 (XIPH)
[2025-11-04 21:32:14.778] [info] Frame 37 (t = 0.185):	 total squared error = 0.00165658, marker error: RMS = 0.00848677, max = 0.0174544 (XIPH)
[2025-11-04 21:32:14.797] [info] Frame 38 (t = 0.19):	 total squared error = 0.00166031, marker error: RMS = 0.00849632, max = 0.0174618 (XIPH)
[2025-11-04 21:32:14.823] [info] Frame 39 (t = 0.195):	 total squared error = 0.00165851, marker error: RMS = 0.00849171, max = 0.0173696 (STRN)
[2025-11-04 21:32:14.845] [info] Frame 40 (t = 0.2):	 total squared error = 0.00165617, marker error: RMS = 0.00848571, max = 0.0173741 (STRN)
[2025-11-04 21:32:14.879] [info] Frame 41 (t = 0.205000):	 total squared error = 0.00164214, marker error: RMS = 0.00844971, max = 0.0173218 (STRN)
[2025-11-04 21:32:14.899] [info] Frame 42 (t = 0.21):	 total squared error = 0.00164143, marker error: RMS = 0.00844786, max = 0.0171163 (STRN)
[2025-11-04 21:32:14.925] [info] Frame 43 (t = 0.215):	 total squared error = 0.00164513, marker error: RMS = 0.00845740, max = 0.0169085 (STRN)
[2025-11-04 21:32:14.957] [info] Frame 44 (t = 0.22):	 total squared error = 0.00165246, marker error: RMS = 0.00847621, max = 0.0167372 (STRN)
[2025-11-04 21:32:14.979] [info] Frame 45 (t = 0.225):	 total squared error = 0.00166998, marker error: RMS = 0.00852101, max = 0.0163296 (STRN)
[2025-11-04 21:32:15.012] [info] Frame 46 (t = 0.23):	 total squared error = 0.00169300, marker error: RMS = 0.00857956, max = 0.0160107 (STRN)
[2025-11-04 21:32:15.038] [info] Frame 47 (t = 0.235):	 total squared error = 0.00172634, marker error: RMS = 0.00866361, max = 0.0156335 (STRN)
[2025-11-04 21:32:15.078] [info] Frame 48 (t = 0.24):	 total squared error = 0.00176434, marker error: RMS = 0.00875844, max = 0.0160390 (LTH2)
[2025-11-04 21:32:15.100] [info] Frame 49 (t = 0.245):	 total squared error = 0.00181136, marker error: RMS = 0.00887439, max = 0.0173184 (LTH2)
[2025-11-04 21:32:15.140] [info] Frame 50 (t = 0.25):	 total squared error = 0.00185806, marker error: RMS = 0.00898806, max = 0.0175604 (LTH2)
[2025-11-04 21:32:15.188] [info] Frame 51 (t = 0.255):	 total squared error = 0.00191135, marker error: RMS = 0.00911604, max = 0.0182803 (LTH2)
[2025-11-04 21:32:15.223] [info] Frame 52 (t = 0.26):	 total squared error = 0.00197121, marker error: RMS = 0.00925770, max = 0.0192891 (LTH2)
[2025-11-04 21:32:15.263] [info] Frame 53 (t = 0.265):	 total squared error = 0.00203203, marker error: RMS = 0.00939942, max = 0.0196651 (LTH2)
[2025-11-04 21:32:15.305] [info] Frame 54 (t = 0.27):	 total squared error = 0.00209961, marker error: RMS = 0.00955444, max = 0.0202284 (LTH2)
[2025-11-04 21:32:15.351] [info] Frame 55 (t = 0.275):	 total squared error = 0.00217520, marker error: RMS = 0.00972490, max = 0.0208017 (LTH2)
[2025-11-04 21:32:15.392] [info] Frame 56 (t = 0.28):	 total squared error = 0.00226184, marker error: RMS = 0.00991670, max = 0.0216339 (LTH2)
[2025-11-04 21:32:15.429] [info] Frame 57 (t = 0.285):	 total squared error = 0.00235714, marker error: RMS = 0.0101235, max = 0.022164 (LTH2)
[2025-11-04 21:32:15.449] [info] Frame 58 (t = 0.29):	 total squared error = 0.00247839, marker error: RMS = 0.0103806, max = 0.0233571 (LTH2)
[2025-11-04 21:32:15.502] [info] Frame 59 (t = 0.295):	 total squared error = 0.00257859, marker error: RMS = 0.0105883, max = 0.0230419 (LTH2)
[2025-11-04 21:32:15.540] [info] Frame 60 (t = 0.3):	 total squared error = 0.00270640, marker error: RMS = 0.0108476, max = 0.023814 (LTH2)
[2025-11-04 21:32:15.586] [info] Frame 61 (t = 0.305000):	 total squared error = 0.00283706, marker error: RMS = 0.0111063, max = 0.0241305 (LTH2)
[2025-11-04 21:32:15.615] [info] Frame 62 (t = 0.31):	 total squared error = 0.00297505, marker error: RMS = 0.0113732, max = 0.0249064 (LTH2)
[2025-11-04 21:32:15.641] [info] Frame 63 (t = 0.315):	 total squared error = 0.00312035, marker error: RMS = 0.0116476, max = 0.0256818 (LTH2)
[2025-11-04 21:32:15.695] [info] Frame 64 (t = 0.32):	 total squared error = 0.00324089, marker error: RMS = 0.0118705, max = 0.0258313 (LTH2)
[2025-11-04 21:32:15.717] [info] Frame 65 (t = 0.325):	 total squared error = 0.00337022, marker error: RMS = 0.0121050, max = 0.0264744 (LTH2)
[2025-11-04 21:32:15.759] [info] Frame 66 (t = 0.33):	 total squared error = 0.00348421, marker error: RMS = 0.0123080, max = 0.0268948 (LTH2)
[2025-11-04 21:32:15.805] [info] Frame 67 (t = 0.335):	 total squared error = 0.00359243, marker error: RMS = 0.0124977, max = 0.0273783 (LTH2)
[2025-11-04 21:32:15.832] [info] Frame 68 (t = 0.34):	 total squared error = 0.00369400, marker error: RMS = 0.0126731, max = 0.0278966 (LTH2)
[2025-11-04 21:32:15.868] [info] Frame 69 (t = 0.345):	 total squared error = 0.00378685, marker error: RMS = 0.0128314, max = 0.0282568 (LTH2)
[2025-11-04 21:32:15.896] [info] Frame 70 (t = 0.35):	 total squared error = 0.00387301, marker error: RMS = 0.0129766, max = 0.0285601 (LTH2)
[2025-11-04 21:32:15.929] [info] Frame 71 (t = 0.355):	 total squared error = 0.00395242, marker error: RMS = 0.0131089, max = 0.0287891 (LTH2)
[2025-11-04 21:32:15.961] [info] Frame 72 (t = 0.36):	 total squared error = 0.00402406, marker error: RMS = 0.0132272, max = 0.0289118 (LTH2)
[2025-11-04 21:32:15.999] [info] Frame 73 (t = 0.365):	 total squared error = 0.00408520, marker error: RMS = 0.0133273, max = 0.0289653 (LTH2)
[2025-11-04 21:32:16.030] [info] Frame 74 (t = 0.37):	 total squared error = 0.00413475, marker error: RMS = 0.0134079, max = 0.0288605 (LTH2)
[2025-11-04 21:32:16.061] [info] Frame 75 (t = 0.375):	 total squared error = 0.00416912, marker error: RMS = 0.0134635, max = 0.0286662 (LTH2)
[2025-11-04 21:32:16.091] [info] Frame 76 (t = 0.38):	 total squared error = 0.00418489, marker error: RMS = 0.013489, max = 0.0283552 (LTH2)
[2025-11-04 21:32:16.130] [info] Frame 77 (t = 0.385):	 total squared error = 0.00417931, marker error: RMS = 0.01348, max = 0.0279324 (LTH2)
[2025-11-04 21:32:16.163] [info] Frame 78 (t = 0.39):	 total squared error = 0.00415073, marker error: RMS = 0.0134338, max = 0.0273625 (LTH2)
[2025-11-04 21:32:16.198] [info] Frame 79 (t = 0.395):	 total squared error = 0.00409858, marker error: RMS = 0.0133491, max = 0.0265807 (LTH2)
[2025-11-04 21:32:16.228] [info] Frame 80 (t = 0.4):	 total squared error = 0.00402384, marker error: RMS = 0.0132268, max = 0.0257167 (LTH2)
[2025-11-04 21:32:16.269] [info] Frame 81 (t = 0.405000):	 total squared error = 0.00392768, marker error: RMS = 0.0130679, max = 0.0249223 (LTH2)
[2025-11-04 21:32:16.298] [info] Frame 82 (t = 0.41):	 total squared error = 0.00381539, marker error: RMS = 0.0128797, max = 0.0237572 (LTH2)
[2025-11-04 21:32:16.328] [info] Frame 83 (t = 0.415):	 total squared error = 0.00369088, marker error: RMS = 0.0126678, max = 0.0225544 (LTH2)
[2025-11-04 21:32:16.365] [info] Frame 84 (t = 0.42):	 total squared error = 0.00355773, marker error: RMS = 0.0124372, max = 0.0214359 (LTH2)
[2025-11-04 21:32:16.391] [info] Frame 85 (t = 0.425):	 total squared error = 0.00342471, marker error: RMS = 0.0122025, max = 0.0202797 (LSHA2)
[2025-11-04 21:32:16.436] [info] Frame 86 (t = 0.43):	 total squared error = 0.00329203, marker error: RMS = 0.0119638, max = 0.0200011 (LSHA2)
[2025-11-04 21:32:16.469] [info] Frame 87 (t = 0.435):	 total squared error = 0.00316866, marker error: RMS = 0.0117375, max = 0.01974 (LSHA2)
[2025-11-04 21:32:16.518] [info] Frame 88 (t = 0.44):	 total squared error = 0.00305666, marker error: RMS = 0.0115281, max = 0.0194395 (LSHA2)
[2025-11-04 21:32:16.548] [info] Frame 89 (t = 0.445):	 total squared error = 0.00296022, marker error: RMS = 0.0113448, max = 0.0192587 (LSHA2)
[2025-11-04 21:32:16.593] [info] Frame 90 (t = 0.45):	 total squared error = 0.00287967, marker error: RMS = 0.0111894, max = 0.0190686 (LSHA2)
[2025-11-04 21:32:16.616] [info] Frame 91 (t = 0.455):	 total squared error = 0.00282107, marker error: RMS = 0.0110750, max = 0.0190734 (LSHA2)
[2025-11-04 21:32:16.668] [info] Frame 92 (t = 0.46):	 total squared error = 0.00277593, marker error: RMS = 0.0109860, max = 0.0188747 (LSHA2)
[2025-11-04 21:32:16.695] [info] Frame 93 (t = 0.465):	 total squared error = 0.00275341, marker error: RMS = 0.0109414, max = 0.0189002 (LSHA2)
[2025-11-04 21:32:16.716] [info] Frame 94 (t = 0.47):	 total squared error = 0.00275360, marker error: RMS = 0.0109417, max = 0.0190511 (LSHA2)
[2025-11-04 21:32:16.752] [info] Frame 95 (t = 0.475):	 total squared error = 0.00275910, marker error: RMS = 0.0109527, max = 0.0189146 (LSHA2)
[2025-11-04 21:32:16.790] [info] Frame 96 (t = 0.48):	 total squared error = 0.00278670, marker error: RMS = 0.0110073, max = 0.0190343 (LSHA2)
[2025-11-04 21:32:16.811] [info] Frame 97 (t = 0.485):	 total squared error = 0.00283141, marker error: RMS = 0.0110953, max = 0.0193157 (LSHA2)
[2025-11-04 21:32:16.850] [info] Frame 98 (t = 0.49):	 total squared error = 0.00288020, marker error: RMS = 0.0111904, max = 0.0193133 (LSHA2)
[2025-11-04 21:32:16.872] [info] Frame 99 (t = 0.495):	 total squared error = 0.00294565, marker error: RMS = 0.0113169, max = 0.0197218 (LSHA2)
[2025-11-04 21:32:16.918] [info] Frame 100 (t = 0.5):	 total squared error = 0.00300973, marker error: RMS = 0.0114393, max = 0.019828 (LSHA2)
[2025-11-04 21:32:16.941] [info] Frame 101 (t = 0.505000):	 total squared error = 0.00308475, marker error: RMS = 0.011581, max = 0.0202184 (LSHA2)
[2025-11-04 21:32:16.983] [info] Frame 102 (t = 0.51):	 total squared error = 0.00315109, marker error: RMS = 0.0117049, max = 0.0203828 (LSHA2)
[2025-11-04 21:32:17.006] [info] Frame 103 (t = 0.515):	 total squared error = 0.00321953, marker error: RMS = 0.0118313, max = 0.0207852 (LSHA2)
[2025-11-04 21:32:17.042] [info] Frame 104 (t = 0.52):	 total squared error = 0.00327105, marker error: RMS = 0.0119256, max = 0.0208940 (LSHA2)
[2025-11-04 21:32:17.066] [info] Frame 105 (t = 0.525):	 total squared error = 0.00331537, marker error: RMS = 0.0120061, max = 0.0211091 (LSHA2)
[2025-11-04 21:32:17.093] [info] Frame 106 (t = 0.53):	 total squared error = 0.00334171, marker error: RMS = 0.0120537, max = 0.021281 (LSHA2)
[2025-11-04 21:32:17.116] [info] Frame 107 (t = 0.535):	 total squared error = 0.00334263, marker error: RMS = 0.0120554, max = 0.0213576 (LSHA2)
[2025-11-04 21:32:17.138] [info] Frame 108 (t = 0.54):	 total squared error = 0.00331814, marker error: RMS = 0.0120111, max = 0.0211341 (LSHA2)
[2025-11-04 21:32:17.175] [info] Frame 109 (t = 0.545):	 total squared error = 0.00324710, marker error: RMS = 0.0118818, max = 0.0203492 (LSHA2)
[2025-11-04 21:32:17.210] [info] Frame 110 (t = 0.55):	 total squared error = 0.00316608, marker error: RMS = 0.0117327, max = 0.019887 (LSHA2)
[2025-11-04 21:32:17.258] [info] Frame 111 (t = 0.555):	 total squared error = 0.00305673, marker error: RMS = 0.0115283, max = 0.0190577 (LSHA2)
[2025-11-04 21:32:17.290] [info] Frame 112 (t = 0.56):	 total squared error = 0.00292790, marker error: RMS = 0.0112827, max = 0.0183074 (LSHA2)
[2025-11-04 21:32:17.319] [info] Frame 113 (t = 0.565):	 total squared error = 0.00278113, marker error: RMS = 0.0109963, max = 0.0173968 (LSHA2)
[2025-11-04 21:32:17.347] [info] Frame 114 (t = 0.57):	 total squared error = 0.00262180, marker error: RMS = 0.0106767, max = 0.0163197 (LSHA2)
[2025-11-04 21:32:17.381] [info] Frame 115 (t = 0.575):	 total squared error = 0.00245375, marker error: RMS = 0.0103288, max = 0.0150902 (LSHA2)
[2025-11-04 21:32:17.409] [info] Frame 116 (t = 0.58):	 total squared error = 0.00228798, marker error: RMS = 0.00997384, max = 0.0138623 (LSHA2)
[2025-11-04 21:32:17.434] [info] Frame 117 (t = 0.585):	 total squared error = 0.00212779, marker error: RMS = 0.00961834, max = 0.0135903 (XIPH)
[2025-11-04 21:32:17.466] [info] Frame 118 (t = 0.59):	 total squared error = 0.00197818, marker error: RMS = 0.00927404, max = 0.0135555 (XIPH)
[2025-11-04 21:32:17.494] [info] Frame 119 (t = 0.595):	 total squared error = 0.00184440, marker error: RMS = 0.00895495, max = 0.0135055 (XIPH)
[2025-11-04 21:32:17.527] [info] Frame 120 (t = 0.6):	 total squared error = 0.00172687, marker error: RMS = 0.00866494, max = 0.0134515 (XIPH)
[2025-11-04 21:32:17.557] [info] Frame 121 (t = 0.605000):	 total squared error = 0.00163123, marker error: RMS = 0.00842159, max = 0.0133905 (XIPH)
[2025-11-04 21:32:17.583] [info] Frame 122 (t = 0.61):	 total squared error = 0.00155708, marker error: RMS = 0.00822795, max = 0.0133286 (XIPH)
[2025-11-04 21:32:17.610] [info] Frame 123 (t = 0.615):	 total squared error = 0.00150447, marker error: RMS = 0.00808775, max = 0.0133818 (RTOE)
[2025-11-04 21:32:17.639] [info] Frame 124 (t = 0.62):	 total squared error = 0.00147135, marker error: RMS = 0.00799822, max = 0.0133424 (RTOE)
[2025-11-04 21:32:17.668] [info] Frame 125 (t = 0.625):	 total squared error = 0.00145640, marker error: RMS = 0.00795750, max = 0.0134544 (RTOE)
[2025-11-04 21:32:17.701] [info] Frame 126 (t = 0.63):	 total squared error = 0.00145663, marker error: RMS = 0.00795812, max = 0.013595 (RTOE)
[2025-11-04 21:32:17.747] [info] Frame 127 (t = 0.635):	 total squared error = 0.00146958, marker error: RMS = 0.00799343, max = 0.0140510 (RTOE)
[2025-11-04 21:32:17.773] [info] Frame 128 (t = 0.64):	 total squared error = 0.00148994, marker error: RMS = 0.00804861, max = 0.0141158 (RTOE)
[2025-11-04 21:32:17.799] [info] Frame 129 (t = 0.645):	 total squared error = 0.00151599, marker error: RMS = 0.00811867, max = 0.0141493 (RTOE)
[2025-11-04 21:32:17.845] [info] Frame 130 (t = 0.65):	 total squared error = 0.00154447, marker error: RMS = 0.00819456, max = 0.0145595 (RTOE)
[2025-11-04 21:32:17.877] [info] Frame 131 (t = 0.655):	 total squared error = 0.00157299, marker error: RMS = 0.00826988, max = 0.0146 (RTOE)
[2025-11-04 21:32:17.896] [info] Frame 132 (t = 0.66):	 total squared error = 0.00160375, marker error: RMS = 0.00835035, max = 0.014562 (RTOE)
[2025-11-04 21:32:17.916] [info] Frame 133 (t = 0.665):	 total squared error = 0.00162924, marker error: RMS = 0.00841644, max = 0.0145577 (RTOE)
[2025-11-04 21:32:17.969] [info] Frame 134 (t = 0.67):	 total squared error = 0.00164569, marker error: RMS = 0.00845882, max = 0.0153273 (RTOE)
[2025-11-04 21:32:17.985] [info] Frame 135 (t = 0.675):	 total squared error = 0.00166749, marker error: RMS = 0.00851467, max = 0.0155436 (RTOE)
[2025-11-04 21:32:18.012] [info] Frame 136 (t = 0.68):	 total squared error = 0.00168903, marker error: RMS = 0.00856949, max = 0.0153535 (RTOE)
[2025-11-04 21:32:18.027] [info] Frame 137 (t = 0.685):	 total squared error = 0.00171484, marker error: RMS = 0.00863472, max = 0.0157646 (RTOE)
[2025-11-04 21:32:18.077] [info] Frame 138 (t = 0.69):	 total squared error = 0.00172640, marker error: RMS = 0.00866376, max = 0.0158809 (RTOE)
[2025-11-04 21:32:18.097] [info] Frame 139 (t = 0.695):	 total squared error = 0.00175574, marker error: RMS = 0.00873709, max = 0.0160360 (RTOE)
[2025-11-04 21:32:18.123] [info] Frame 140 (t = 0.7):	 total squared error = 0.00178793, marker error: RMS = 0.00881680, max = 0.0160368 (RTOE)
[2025-11-04 21:32:18.158] [info] Frame 141 (t = 0.705000):	 total squared error = 0.00181539, marker error: RMS = 0.00888426, max = 0.0162973 (RTOE)
[2025-11-04 21:32:18.189] [info] Frame 142 (t = 0.71):	 total squared error = 0.00185333, marker error: RMS = 0.00897661, max = 0.0165034 (RTOE)
[2025-11-04 21:32:18.236] [info] Frame 143 (t = 0.715):	 total squared error = 0.00188693, marker error: RMS = 0.00905762, max = 0.0167525 (RTOE)
[2025-11-04 21:32:18.275] [info] Frame 144 (t = 0.72):	 total squared error = 0.00192363, marker error: RMS = 0.00914527, max = 0.0170281 (RTOE)
[2025-11-04 21:32:18.322] [info] Frame 145 (t = 0.725):	 total squared error = 0.00195098, marker error: RMS = 0.00921006, max = 0.0172251 (RTOE)
[2025-11-04 21:32:18.362] [info] Frame 146 (t = 0.73):	 total squared error = 0.00197618, marker error: RMS = 0.00926936, max = 0.017513 (RTOE)
[2025-11-04 21:32:18.390] [info] Frame 147 (t = 0.735):	 total squared error = 0.00199429, marker error: RMS = 0.00931173, max = 0.0178066 (RTOE)
[2025-11-04 21:32:18.445] [info] Frame 148 (t = 0.74):	 total squared error = 0.00199896, marker error: RMS = 0.00932263, max = 0.0179647 (RTOE)
[2025-11-04 21:32:18.478] [info] Frame 149 (t = 0.745):	 total squared error = 0.00199861, marker error: RMS = 0.00932181, max = 0.0182115 (RTOE)
[2025-11-04 21:32:18.516] [info] Frame 150 (t = 0.75):	 total squared error = 0.00199016, marker error: RMS = 0.00930207, max = 0.0183539 (RTOE)
[2025-11-04 21:32:18.544] [info] Frame 151 (t = 0.755):	 total squared error = 0.00197649, marker error: RMS = 0.00927008, max = 0.0184437 (RTOE)
[2025-11-04 21:32:18.578] [info] Frame 152 (t = 0.76):	 total squared error = 0.00195810, marker error: RMS = 0.00922684, max = 0.0184119 (RTOE)
[2025-11-04 21:32:18.611] [info] Frame 153 (t = 0.765):	 total squared error = 0.00193867, marker error: RMS = 0.00918095, max = 0.0184938 (RTHOL)
[2025-11-04 21:32:18.643] [info] Frame 154 (t = 0.77):	 total squared error = 0.00191937, marker error: RMS = 0.00913516, max = 0.0189085 (RTHOL)
[2025-11-04 21:32:18.678] [info] Frame 155 (t = 0.775):	 total squared error = 0.00190019, marker error: RMS = 0.00908939, max = 0.0193171 (RTHOL)
[2025-11-04 21:32:18.714] [info] Frame 156 (t = 0.78):	 total squared error = 0.00188116, marker error: RMS = 0.00904377, max = 0.0196715 (RTHOL)
[2025-11-04 21:32:18.751] [info] Frame 157 (t = 0.785):	 total squared error = 0.00186190, marker error: RMS = 0.00899733, max = 0.0199916 (RTHOL)
[2025-11-04 21:32:18.798] [info] Frame 158 (t = 0.79):	 total squared error = 0.00184188, marker error: RMS = 0.00894883, max = 0.0199549 (RTHOL)
[2025-11-04 21:32:18.833] [info] Frame 159 (t = 0.795):	 total squared error = 0.00182099, marker error: RMS = 0.00889796, max = 0.0202280 (RTHOL)
[2025-11-04 21:32:18.872] [info] Frame 160 (t = 0.8):	 total squared error = 0.00180124, marker error: RMS = 0.00884956, max = 0.0202261 (RTHOL)
[2025-11-04 21:32:18.897] [info] Frame 161 (t = 0.805000):	 total squared error = 0.00179406, marker error: RMS = 0.00883190, max = 0.0208578 (RTHOL)
[2025-11-04 21:32:18.963] [info] Frame 162 (t = 0.81):	 total squared error = 0.00176500, marker error: RMS = 0.00876008, max = 0.0195416 (RTHOL)
[2025-11-04 21:32:19.009] [info] Frame 163 (t = 0.815):	 total squared error = 0.00175529, marker error: RMS = 0.00873596, max = 0.0193004 (RTHOL)
[2025-11-04 21:32:19.063] [info] Frame 164 (t = 0.82):	 total squared error = 0.00175108, marker error: RMS = 0.00872548, max = 0.0188477 (RTHOL)
[2025-11-04 21:32:19.100] [info] Frame 165 (t = 0.825):	 total squared error = 0.00175732, marker error: RMS = 0.00874102, max = 0.0188256 (RTHOL)
[2025-11-04 21:32:19.156] [info] Frame 166 (t = 0.83):	 total squared error = 0.00176949, marker error: RMS = 0.00877123, max = 0.0179278 (RTHOL)
[2025-11-04 21:32:19.191] [info] Frame 167 (t = 0.835):	 total squared error = 0.00179433, marker error: RMS = 0.00883259, max = 0.0177906 (RTHOL)
[2025-11-04 21:32:19.230] [info] Frame 168 (t = 0.84):	 total squared error = 0.00182761, marker error: RMS = 0.00891410, max = 0.0172874 (RTHOL)
[2025-11-04 21:32:19.277] [info] Frame 169 (t = 0.845):	 total squared error = 0.00186728, marker error: RMS = 0.00901033, max = 0.0164894 (RTHOL)
[2025-11-04 21:32:19.319] [info] Frame 170 (t = 0.85):	 total squared error = 0.00191708, marker error: RMS = 0.00912969, max = 0.0162365 (RTHOL)
[2025-11-04 21:32:19.381] [info] Frame 171 (t = 0.855):	 total squared error = 0.00196911, marker error: RMS = 0.00925276, max = 0.0153619 (RTHOL)
[2025-11-04 21:32:19.415] [info] Frame 172 (t = 0.86):	 total squared error = 0.00203439, marker error: RMS = 0.00940487, max = 0.0157236 (RTHOL)
[2025-11-04 21:32:19.454] [info] Frame 173 (t = 0.865):	 total squared error = 0.00209153, marker error: RMS = 0.00953604, max = 0.0156371 (RSHAOL)
[2025-11-04 21:32:19.506] [info] Frame 174 (t = 0.87):	 total squared error = 0.00214587, marker error: RMS = 0.00965913, max = 0.0164381 (RSHAOL)
[2025-11-04 21:32:19.557] [info] Frame 175 (t = 0.875):	 total squared error = 0.00220667, marker error: RMS = 0.00979500, max = 0.0169669 (RSHAOL)
[2025-11-04 21:32:19.594] [info] Frame 176 (t = 0.88):	 total squared error = 0.00227004, marker error: RMS = 0.00993466, max = 0.0174658 (RSHAOL)
[2025-11-04 21:32:19.648] [info] Frame 177 (t = 0.885):	 total squared error = 0.00233148, marker error: RMS = 0.0100682, max = 0.0181766 (RSHAOL)
[2025-11-04 21:32:19.675] [info] Frame 178 (t = 0.89):	 total squared error = 0.00239545, marker error: RMS = 0.0102054, max = 0.0187557 (RSHAOL)
[2025-11-04 21:32:19.700] [info] Frame 179 (t = 0.895):	 total squared error = 0.00245992, marker error: RMS = 0.0103418, max = 0.0193852 (RSHAOL)
[2025-11-04 21:32:19.724] [info] Frame 180 (t = 0.9):	 total squared error = 0.00252245, marker error: RMS = 0.0104724, max = 0.0200031 (RSHAOL)
[2025-11-04 21:32:19.748] [info] Frame 181 (t = 0.905000):	 total squared error = 0.00258039, marker error: RMS = 0.0105920, max = 0.0206456 (RSHAOL)
[2025-11-04 21:32:19.774] [info] Frame 182 (t = 0.91):	 total squared error = 0.00263066, marker error: RMS = 0.0106947, max = 0.0212899 (RSHAOL)
[2025-11-04 21:32:19.808] [info] Frame 183 (t = 0.915):	 total squared error = 0.00267036, marker error: RMS = 0.0107751, max = 0.0218243 (RSHAOL)
[2025-11-04 21:32:19.831] [info] Frame 184 (t = 0.92):	 total squared error = 0.00269619, marker error: RMS = 0.0108271, max = 0.022243 (RSHAOL)
[2025-11-04 21:32:19.855] [info] Frame 185 (t = 0.925):	 total squared error = 0.00270599, marker error: RMS = 0.0108467, max = 0.0225467 (RSHAOL)
[2025-11-04 21:32:19.889] [info] Frame 186 (t = 0.93):	 total squared error = 0.00269713, marker error: RMS = 0.0108290, max = 0.0227179 (RSHAOL)
[2025-11-04 21:32:19.927] [info] Frame 187 (t = 0.935):	 total squared error = 0.00266860, marker error: RMS = 0.0107715, max = 0.0227188 (RSHAOL)
[2025-11-04 21:32:19.952] [info] Frame 188 (t = 0.94):	 total squared error = 0.00262089, marker error: RMS = 0.0106748, max = 0.0225933 (RSHAOL)
[2025-11-04 21:32:19.992] [info] Frame 189 (t = 0.945):	 total squared error = 0.00255521, marker error: RMS = 0.0105402, max = 0.0223044 (RSHAOL)
[2025-11-04 21:32:20.043] [info] Frame 190 (t = 0.95):	 total squared error = 0.00247295, marker error: RMS = 0.0103692, max = 0.0217666 (RSHAOL)
[2025-11-04 21:32:20.071] [info] Frame 191 (t = 0.955):	 total squared error = 0.00237916, marker error: RMS = 0.0101706, max = 0.0212836 (RSHAOL)
[2025-11-04 21:32:20.096] [info] Frame 192 (t = 0.96):	 total squared error = 0.00227745, marker error: RMS = 0.00995085, max = 0.0206797 (RSHAOL)
[2025-11-04 21:32:20.145] [info] Frame 193 (t = 0.965):	 total squared error = 0.00216667, marker error: RMS = 0.00970582, max = 0.0197473 (RSHAOL)
[2025-11-04 21:32:20.159] [info] Frame 194 (t = 0.97):	 total squared error = 0.00206368, marker error: RMS = 0.00947234, max = 0.0190696 (RSHAOL)
[2025-11-04 21:32:20.182] [info] Frame 195 (t = 0.975):	 total squared error = 0.00195338, marker error: RMS = 0.00921573, max = 0.0183761 (RSHAOL)
[2025-11-04 21:32:20.214] [info] Frame 196 (t = 0.98):	 total squared error = 0.00184437, marker error: RMS = 0.00895489, max = 0.0172377 (RSHAOL)
[2025-11-04 21:32:20.242] [info] Frame 197 (t = 0.985):	 total squared error = 0.00174935, marker error: RMS = 0.00872116, max = 0.0165057 (RSHAOL)
[2025-11-04 21:32:20.292] [info] Frame 198 (t = 0.99):	 total squared error = 0.00165986, marker error: RMS = 0.00849516, max = 0.0154242 (RSHAOL)
[2025-11-04 21:32:20.325] [info] Frame 199 (t = 0.995):	 total squared error = 0.00158366, marker error: RMS = 0.00829789, max = 0.0147289 (RSHAOL)
[2025-11-04 21:32:20.358] [info] Frame 200 (t = 1.0):	 total squared error = 0.00151968, marker error: RMS = 0.00812854, max = 0.0140486 (RSHAOL)
[2025-11-04 21:32:20.409] [info] Frame 201 (t = 1.00500):	 total squared error = 0.00146168, marker error: RMS = 0.00797190, max = 0.0131267 (RM5)
[2025-11-04 21:32:20.444] [info] Frame 202 (t = 1.01):	 total squared error = 0.00142051, marker error: RMS = 0.00785884, max = 0.0130951 (RM5)
[2025-11-04 21:32:20.479] [info] Frame 203 (t = 1.015):	 total squared error = 0.00139101, marker error: RMS = 0.00777682, max = 0.0130590 (RM5)
[2025-11-04 21:32:20.505] [info] Frame 204 (t = 1.02):	 total squared error = 0.00137900, marker error: RMS = 0.00774317, max = 0.0129361 (RM5)
[2025-11-04 21:32:20.560] [info] Frame 205 (t = 1.025):	 total squared error = 0.00136203, marker error: RMS = 0.00769537, max = 0.0129941 (RM5)
[2025-11-04 21:32:20.593] [info] Frame 206 (t = 1.03):	 total squared error = 0.00136657, marker error: RMS = 0.00770818, max = 0.0130979 (RM5)
[2025-11-04 21:32:20.637] [info] Frame 207 (t = 1.035):	 total squared error = 0.00137759, marker error: RMS = 0.00773920, max = 0.0131322 (RM5)
[2025-11-04 21:32:20.674] [info] Frame 208 (t = 1.04):	 total squared error = 0.00140047, marker error: RMS = 0.00780319, max = 0.0132926 (RM5)
[2025-11-04 21:32:20.697] [info] Frame 209 (t = 1.045):	 total squared error = 0.00143525, marker error: RMS = 0.00789951, max = 0.0133698 (RM5)
[2025-11-04 21:32:20.752] [info] Frame 210 (t = 1.05):	 total squared error = 0.00146440, marker error: RMS = 0.00797932, max = 0.0135342 (RM5)
[2025-11-04 21:32:20.782] [info] Frame 211 (t = 1.055):	 total squared error = 0.00150830, marker error: RMS = 0.00809804, max = 0.013689 (RM5)
[2025-11-04 21:32:20.842] [info] Frame 212 (t = 1.06):	 total squared error = 0.00154921, marker error: RMS = 0.00820713, max = 0.0139291 (RM5)
[2025-11-04 21:32:20.866] [info] Frame 213 (t = 1.065):	 total squared error = 0.00159763, marker error: RMS = 0.00833440, max = 0.0140728 (RM5)
[2025-11-04 21:32:20.895] [info] Frame 214 (t = 1.07):	 total squared error = 0.00164714, marker error: RMS = 0.00846256, max = 0.0141759 (RM5)
[2025-11-04 21:32:20.948] [info] Frame 215 (t = 1.075):	 total squared error = 0.00167961, marker error: RMS = 0.00854556, max = 0.0144471 (RM5)
[2025-11-04 21:32:20.974] [info] Frame 216 (t = 1.08):	 total squared error = 0.00171781, marker error: RMS = 0.00864218, max = 0.0145010 (RM5)
[2025-11-04 21:32:21.023] [info] Frame 217 (t = 1.085):	 total squared error = 0.00174464, marker error: RMS = 0.00870942, max = 0.0146703 (RM5)
[2025-11-04 21:32:21.053] [info] Frame 218 (t = 1.09):	 total squared error = 0.00176614, marker error: RMS = 0.00876292, max = 0.0145986 (RM5)
[2025-11-04 21:32:21.094] [info] Frame 219 (t = 1.095):	 total squared error = 0.00177403, marker error: RMS = 0.00878246, max = 0.0146158 (RM5)
[2025-11-04 21:32:21.121] [info] Frame 220 (t = 1.1):	 total squared error = 0.00177284, marker error: RMS = 0.00877951, max = 0.0143806 (RM5)
[2025-11-04 21:32:21.148] [info] Frame 221 (t = 1.10500):	 total squared error = 0.00175938, marker error: RMS = 0.00874614, max = 0.0140902 (RM5)
[2025-11-04 21:32:21.184] [info] Frame 222 (t = 1.11):	 total squared error = 0.00172926, marker error: RMS = 0.00867095, max = 0.0139284 (RM5)
[2025-11-04 21:32:21.208] [info] Frame 223 (t = 1.115):	 total squared error = 0.00169143, marker error: RMS = 0.00857558, max = 0.0136799 (XIPH)
[2025-11-04 21:32:21.240] [info] Frame 224 (t = 1.12):	 total squared error = 0.00164369, marker error: RMS = 0.00845369, max = 0.0138363 (XIPH)
[2025-11-04 21:32:21.276] [info] Frame 225 (t = 1.125):	 total squared error = 0.00158823, marker error: RMS = 0.00830985, max = 0.0139875 (XIPH)
[2025-11-04 21:32:21.302] [info] Frame 226 (t = 1.13):	 total squared error = 0.00152862, marker error: RMS = 0.00815240, max = 0.0141334 (XIPH)
[2025-11-04 21:32:21.331] [info] Frame 227 (t = 1.135):	 total squared error = 0.00146812, marker error: RMS = 0.00798945, max = 0.0142941 (XIPH)
[2025-11-04 21:32:21.365] [info] Frame 228 (t = 1.14):	 total squared error = 0.00141051, marker error: RMS = 0.00783113, max = 0.0144643 (XIPH)
[2025-11-04 21:32:21.399] [info] Frame 229 (t = 1.145):	 total squared error = 0.00135903, marker error: RMS = 0.00768689, max = 0.0145737 (XIPH)
[2025-11-04 21:32:21.426] [info] Frame 230 (t = 1.15):	 total squared error = 0.00131695, marker error: RMS = 0.00756694, max = 0.0147419 (XIPH)
[2025-11-04 21:32:21.456] [info] Frame 231 (t = 1.155):	 total squared error = 0.00128613, marker error: RMS = 0.00747787, max = 0.0148749 (XIPH)
[2025-11-04 21:32:21.497] [info] Frame 232 (t = 1.16):	 total squared error = 0.00126787, marker error: RMS = 0.00742460, max = 0.0150272 (XIPH)
[2025-11-04 21:32:21.524] [info] Frame 233 (t = 1.165):	 total squared error = 0.00126141, marker error: RMS = 0.00740566, max = 0.0151382 (XIPH)
[2025-11-04 21:32:21.551] [info] Frame 234 (t = 1.17):	 total squared error = 0.00126740, marker error: RMS = 0.00742324, max = 0.0152294 (XIPH)
[2025-11-04 21:32:21.592] [info] Frame 235 (t = 1.175):	 total squared error = 0.00128334, marker error: RMS = 0.00746976, max = 0.0153444 (XIPH)
[2025-11-04 21:32:21.621] [info] Frame 236 (t = 1.18):	 total squared error = 0.00130695, marker error: RMS = 0.00753816, max = 0.0154305 (XIPH)
[2025-11-04 21:32:21.648] [info] Frame 237 (t = 1.185):	 total squared error = 0.00133668, marker error: RMS = 0.00762342, max = 0.0155097 (XIPH)
[2025-11-04 21:32:21.672] [info] Frame 238 (t = 1.19):	 total squared error = 0.00136969, marker error: RMS = 0.00771699, max = 0.015542 (XIPH)
[2025-11-04 21:32:21.691] [info] Frame 239 (t = 1.195):	 total squared error = 0.00140509, marker error: RMS = 0.00781606, max = 0.0155577 (XIPH)
[2025-11-04 21:32:21.719] [info] Frame 240 (t = 1.2):	 total squared error = 0.00143347, marker error: RMS = 0.00789460, max = 0.0155824 (XIPH)
[2025-11-04 21:32:21.765] [info] Frame 241 (t = 1.20500):	 total squared error = 0.00146083, marker error: RMS = 0.00796959, max = 0.0157399 (XIPH)
[2025-11-04 21:32:21.797] [info] Frame 242 (t = 1.21):	 total squared error = 0.00148519, marker error: RMS = 0.00803575, max = 0.0158323 (XIPH)
[2025-11-04 21:32:21.831] [info] Frame 243 (t = 1.215):	 total squared error = 0.00150517, marker error: RMS = 0.00808962, max = 0.0158991 (XIPH)
[2025-11-04 21:32:21.852] [info] Frame 244 (t = 1.22):	 total squared error = 0.00152326, marker error: RMS = 0.00813810, max = 0.0160486 (XIPH)
[2025-11-04 21:32:21.872] [info] Frame 245 (t = 1.225):	 total squared error = 0.00154102, marker error: RMS = 0.00818541, max = 0.0162765 (XIPH)
[2025-11-04 21:32:21.898] [info] Frame 246 (t = 1.23):	 total squared error = 0.00155424, marker error: RMS = 0.00822045, max = 0.0162040 (XIPH)
[2025-11-04 21:32:21.918] [info] Frame 247 (t = 1.235):	 total squared error = 0.00157109, marker error: RMS = 0.00826488, max = 0.0164131 (XIPH)
[2025-11-04 21:32:21.959] [info] Frame 248 (t = 1.24):	 total squared error = 0.00156522, marker error: RMS = 0.00824941, max = 0.0163648 (XIPH)
[2025-11-04 21:32:21.985] [info] Frame 249 (t = 1.245):	 total squared error = 0.00157732, marker error: RMS = 0.00828124, max = 0.0164489 (XIPH)
[2025-11-04 21:32:22.017] [info] Frame 250 (t = 1.25):	 total squared error = 0.00158811, marker error: RMS = 0.00830952, max = 0.0164447 (XIPH)
[2025-11-04 21:32:22.054] [info] Frame 251 (t = 1.255):	 total squared error = 0.00159080, marker error: RMS = 0.00831655, max = 0.0164668 (XIPH)
[2025-11-04 21:32:22.082] [info] Frame 252 (t = 1.26):	 total squared error = 0.00160062, marker error: RMS = 0.00834219, max = 0.0165101 (XIPH)
[2025-11-04 21:32:22.126] [info] Frame 253 (t = 1.265):	 total squared error = 0.00160162, marker error: RMS = 0.00834480, max = 0.0164417 (XIPH)
[2025-11-04 21:32:22.163] [info] Frame 254 (t = 1.27):	 total squared error = 0.00160633, marker error: RMS = 0.00835707, max = 0.0164047 (XIPH)
[2025-11-04 21:32:22.212] [info] Frame 255 (t = 1.275):	 total squared error = 0.00160393, marker error: RMS = 0.00835080, max = 0.016322 (XIPH)
[2025-11-04 21:32:22.239] [info] Frame 256 (t = 1.28):	 total squared error = 0.00160416, marker error: RMS = 0.00835142, max = 0.0162342 (XIPH)
[2025-11-04 21:32:22.272] [info] Frame 257 (t = 1.285):	 total squared error = 0.00160133, marker error: RMS = 0.00834404, max = 0.0160728 (XIPH)
[2025-11-04 21:32:22.300] [info] Frame 258 (t = 1.29):	 total squared error = 0.00159947, marker error: RMS = 0.00833920, max = 0.0159426 (XIPH)
[2025-11-04 21:32:22.349] [info] Frame 259 (t = 1.295):	 total squared error = 0.00159224, marker error: RMS = 0.00832033, max = 0.0156871 (XIPH)
[2025-11-04 21:32:22.389] [info] Frame 260 (t = 1.3):	 total squared error = 0.00159632, marker error: RMS = 0.00833097, max = 0.0155391 (XIPH)
[2025-11-04 21:32:22.429] [info] Frame 261 (t = 1.30500):	 total squared error = 0.00160595, marker error: RMS = 0.00835608, max = 0.0153131 (XIPH)
[2025-11-04 21:32:22.459] [info] Frame 262 (t = 1.31):	 total squared error = 0.00162283, marker error: RMS = 0.00839988, max = 0.0150389 (XIPH)
[2025-11-04 21:32:22.493] [info] Frame 263 (t = 1.315):	 total squared error = 0.00164716, marker error: RMS = 0.00846259, max = 0.0148671 (LTH2)
[2025-11-04 21:32:22.517] [info] Frame 264 (t = 1.32):	 total squared error = 0.00167974, marker error: RMS = 0.00854588, max = 0.0157963 (LTH2)
[2025-11-04 21:32:22.574] [info] Frame 265 (t = 1.325):	 total squared error = 0.00171220, marker error: RMS = 0.00862807, max = 0.0158829 (LTH2)
[2025-11-04 21:32:22.608] [info] Frame 266 (t = 1.33):	 total squared error = 0.00175458, marker error: RMS = 0.00873419, max = 0.0167607 (LTH2)
[2025-11-04 21:32:22.647] [info] Frame 267 (t = 1.335):	 total squared error = 0.00179945, marker error: RMS = 0.00884516, max = 0.0171161 (LTH2)
[2025-11-04 21:32:22.672] [info] Frame 268 (t = 1.34):	 total squared error = 0.00184920, marker error: RMS = 0.00896661, max = 0.0178965 (LTH2)
[2025-11-04 21:32:22.693] [info] Frame 269 (t = 1.345):	 total squared error = 0.00190791, marker error: RMS = 0.00910784, max = 0.0190054 (LTH2)
[2025-11-04 21:32:22.724] [info] Frame 270 (t = 1.35):	 total squared error = 0.00196489, marker error: RMS = 0.00924284, max = 0.0195030 (LTH2)
[2025-11-04 21:32:22.775] [info] Frame 271 (t = 1.355):	 total squared error = 0.00200885, marker error: RMS = 0.00934566, max = 0.0187588 (LTH2)
[2025-11-04 21:32:22.824] [info] Frame 272 (t = 1.36):	 total squared error = 0.00207307, marker error: RMS = 0.00949386, max = 0.0191621 (LTH2)
[2025-11-04 21:32:22.873] [info] Frame 273 (t = 1.365):	 total squared error = 0.00214459, marker error: RMS = 0.00965624, max = 0.0194947 (LTH2)
[2025-11-04 21:32:22.915] [info] Frame 274 (t = 1.37):	 total squared error = 0.00222853, marker error: RMS = 0.00984341, max = 0.0201303 (LTH2)
[2025-11-04 21:32:22.951] [info] Frame 275 (t = 1.375):	 total squared error = 0.00232339, marker error: RMS = 0.0100507, max = 0.0206105 (LTH2)
[2025-11-04 21:32:23.003] [info] Frame 276 (t = 1.38):	 total squared error = 0.00242441, marker error: RMS = 0.0102669, max = 0.0206230 (LTH2)
[2025-11-04 21:32:23.024] [info] Frame 277 (t = 1.385):	 total squared error = 0.00255422, marker error: RMS = 0.0105382, max = 0.0216316 (LTH2)
[2025-11-04 21:32:23.073] [info] Frame 278 (t = 1.39):	 total squared error = 0.00266521, marker error: RMS = 0.0107647, max = 0.0214747 (LTH2)
[2025-11-04 21:32:23.095] [info] Frame 279 (t = 1.395):	 total squared error = 0.00280697, marker error: RMS = 0.0110473, max = 0.0223845 (LTH2)
[2025-11-04 21:32:23.133] [info] Frame 280 (t = 1.4):	 total squared error = 0.00293359, marker error: RMS = 0.0112937, max = 0.0226846 (LTH2)
[2025-11-04 21:32:23.154] [info] Frame 281 (t = 1.40500):	 total squared error = 0.00307736, marker error: RMS = 0.0115671, max = 0.0234608 (LTH2)
[2025-11-04 21:32:23.206] [info] Frame 282 (t = 1.41):	 total squared error = 0.00319576, marker error: RMS = 0.0117875, max = 0.0235225 (LTH2)
[2025-11-04 21:32:23.254] [info] Frame 283 (t = 1.415):	 total squared error = 0.00332129, marker error: RMS = 0.0120168, max = 0.0239817 (LTH2)
[2025-11-04 21:32:23.294] [info] Frame 284 (t = 1.42):	 total squared error = 0.00344164, marker error: RMS = 0.0122326, max = 0.0245976 (LTH2)
[2025-11-04 21:32:23.338] [info] Frame 285 (t = 1.425):	 total squared error = 0.00355578, marker error: RMS = 0.0124338, max = 0.0251548 (LTH2)
[2025-11-04 21:32:23.368] [info] Frame 286 (t = 1.43):	 total squared error = 0.00366536, marker error: RMS = 0.0126239, max = 0.0256668 (LTH2)
[2025-11-04 21:32:23.413] [info] Frame 287 (t = 1.435):	 total squared error = 0.00376794, marker error: RMS = 0.0127994, max = 0.0260538 (LTH2)
[2025-11-04 21:32:23.439] [info] Frame 288 (t = 1.44):	 total squared error = 0.00386868, marker error: RMS = 0.0129693, max = 0.0264937 (LTH2)
[2025-11-04 21:32:23.489] [info] Frame 289 (t = 1.445):	 total squared error = 0.00396049, marker error: RMS = 0.0131223, max = 0.0268251 (LTH2)
[2025-11-04 21:32:23.524] [info] Frame 290 (t = 1.45):	 total squared error = 0.00404674, marker error: RMS = 0.0132644, max = 0.0271157 (LTH2)
[2025-11-04 21:32:23.557] [info] Frame 291 (t = 1.455):	 total squared error = 0.00412282, marker error: RMS = 0.0133885, max = 0.0272879 (LTH2)
[2025-11-04 21:32:23.594] [info] Frame 292 (t = 1.46):	 total squared error = 0.00418494, marker error: RMS = 0.013489, max = 0.0274095 (LTH2)
[2025-11-04 21:32:23.629] [info] Frame 293 (t = 1.465):	 total squared error = 0.00422896, marker error: RMS = 0.0135598, max = 0.0273804 (LTH2)
[2025-11-04 21:32:23.662] [info] Frame 294 (t = 1.47):	 total squared error = 0.00425147, marker error: RMS = 0.0135958, max = 0.0272496 (LTH2)
[2025-11-04 21:32:23.693] [info] Frame 295 (t = 1.475):	 total squared error = 0.00424911, marker error: RMS = 0.0135921, max = 0.0270007 (LTH2)
[2025-11-04 21:32:23.728] [info] Frame 296 (t = 1.48):	 total squared error = 0.00421972, marker error: RMS = 0.013545, max = 0.0267045 (LTH2)
[2025-11-04 21:32:23.756] [info] Frame 297 (t = 1.485):	 total squared error = 0.00416309, marker error: RMS = 0.0134538, max = 0.0262256 (LTH2)
[2025-11-04 21:32:23.783] [info] Frame 298 (t = 1.49):	 total squared error = 0.00408068, marker error: RMS = 0.0133199, max = 0.0256608 (LTH2)
[2025-11-04 21:32:23.812] [info] Frame 299 (t = 1.495):	 total squared error = 0.00397536, marker error: RMS = 0.0131469, max = 0.0249932 (LTH2)
[2025-11-04 21:32:23.839] [info] Frame 300 (t = 1.5):	 total squared error = 0.00385152, marker error: RMS = 0.0129405, max = 0.0242042 (LTH2)
[2025-11-04 21:32:23.880] [info] Frame 301 (t = 1.50500):	 total squared error = 0.00371301, marker error: RMS = 0.0127057, max = 0.0234843 (LTH2)
[2025-11-04 21:32:23.905] [info] Frame 302 (t = 1.51):	 total squared error = 0.00356714, marker error: RMS = 0.0124536, max = 0.0224305 (LTH2)
[2025-11-04 21:32:23.932] [info] Frame 303 (t = 1.515):	 total squared error = 0.00341782, marker error: RMS = 0.0121902, max = 0.0212993 (LTH2)
[2025-11-04 21:32:23.961] [info] Frame 304 (t = 1.52):	 total squared error = 0.00326967, marker error: RMS = 0.0119231, max = 0.0200941 (LTH2)
[2025-11-04 21:32:24.001] [info] Frame 305 (t = 1.525):	 total squared error = 0.00312581, marker error: RMS = 0.0116578, max = 0.0190877 (LTH2)
[2025-11-04 21:32:24.046] [info] Frame 306 (t = 1.53):	 total squared error = 0.00299294, marker error: RMS = 0.0114074, max = 0.018379 (LSHA2)
[2025-11-04 21:32:24.079] [info] Frame 307 (t = 1.535):	 total squared error = 0.00287213, marker error: RMS = 0.0111748, max = 0.0179445 (LSHA2)
[2025-11-04 21:32:24.118] [info] Frame 308 (t = 1.54):	 total squared error = 0.00276616, marker error: RMS = 0.0109667, max = 0.0175137 (LSHA2)
[2025-11-04 21:32:24.157] [info] Frame 309 (t = 1.545):	 total squared error = 0.00267753, marker error: RMS = 0.0107896, max = 0.0171555 (LSHA2)
[2025-11-04 21:32:24.189] [info] Frame 310 (t = 1.55):	 total squared error = 0.00260775, marker error: RMS = 0.0106480, max = 0.0169526 (LSHA2)
[2025-11-04 21:32:24.229] [info] Frame 311 (t = 1.555):	 total squared error = 0.00255579, marker error: RMS = 0.0105414, max = 0.0167377 (LSHA2)
[2025-11-04 21:32:24.259] [info] Frame 312 (t = 1.56):	 total squared error = 0.00252513, marker error: RMS = 0.0104780, max = 0.0166848 (LSHA2)
[2025-11-04 21:32:24.280] [info] Frame 313 (t = 1.565):	 total squared error = 0.00251958, marker error: RMS = 0.0104665, max = 0.0167832 (LSHA2)
[2025-11-04 21:32:24.325] [info] Frame 314 (t = 1.57):	 total squared error = 0.00251797, marker error: RMS = 0.0104631, max = 0.0166127 (LSHA2)
[2025-11-04 21:32:24.347] [info] Frame 315 (t = 1.575):	 total squared error = 0.00254474, marker error: RMS = 0.0105186, max = 0.0168375 (LSHA2)
[2025-11-04 21:32:24.378] [info] Frame 316 (t = 1.58):	 total squared error = 0.00258016, marker error: RMS = 0.0105916, max = 0.0169003 (LSHA2)
[2025-11-04 21:32:24.412] [info] Frame 317 (t = 1.585):	 total squared error = 0.00263261, marker error: RMS = 0.0106987, max = 0.0170734 (LSHA2)
[2025-11-04 21:32:24.433] [info] Frame 318 (t = 1.59):	 total squared error = 0.00270000, marker error: RMS = 0.0108347, max = 0.0174518 (LSHA2)
[2025-11-04 21:32:24.456] [info] Frame 319 (t = 1.595):	 total squared error = 0.00277840, marker error: RMS = 0.0109909, max = 0.0178953 (LSHA2)
[2025-11-04 21:32:24.495] [info] Frame 320 (t = 1.6):	 total squared error = 0.00284369, marker error: RMS = 0.0111193, max = 0.0177913 (LSHA2)
[2025-11-04 21:32:24.517] [info] Frame 321 (t = 1.60500):	 total squared error = 0.00292571, marker error: RMS = 0.0112785, max = 0.0181982 (LSHA2)
[2025-11-04 21:32:24.552] [info] Frame 322 (t = 1.61):	 total squared error = 0.00299735, marker error: RMS = 0.0114158, max = 0.0182803 (LSHA2)
[2025-11-04 21:32:24.586] [info] Frame 323 (t = 1.615):	 total squared error = 0.00306736, marker error: RMS = 0.0115483, max = 0.0184438 (LSHA2)
[2025-11-04 21:32:24.614] [info] Frame 324 (t = 1.62):	 total squared error = 0.00312882, marker error: RMS = 0.0116634, max = 0.0186904 (LSHA2)
[2025-11-04 21:32:24.636] [info] Frame 325 (t = 1.625):	 total squared error = 0.00318132, marker error: RMS = 0.0117609, max = 0.0187846 (LSHA2)
[2025-11-04 21:32:24.677] [info] Frame 326 (t = 1.63):	 total squared error = 0.00320600, marker error: RMS = 0.0118064, max = 0.0185782 (LSHA2)
[2025-11-04 21:32:24.716] [info] Frame 327 (t = 1.635):	 total squared error = 0.00321942, marker error: RMS = 0.0118311, max = 0.0184361 (LSHA2)
[2025-11-04 21:32:24.762] [info] Frame 328 (t = 1.64):	 total squared error = 0.00321258, marker error: RMS = 0.0118185, max = 0.0181979 (LSHA2)
[2025-11-04 21:32:24.783] [info] Frame 329 (t = 1.645):	 total squared error = 0.00318819, marker error: RMS = 0.0117736, max = 0.0178094 (LSHA2)
[2025-11-04 21:32:24.827] [info] Frame 330 (t = 1.65):	 total squared error = 0.00313480, marker error: RMS = 0.0116746, max = 0.017415 (LSHA2)
[2025-11-04 21:32:24.850] [info] Frame 331 (t = 1.655):	 total squared error = 0.00306740, marker error: RMS = 0.0115484, max = 0.0167858 (LSHA2)
[2025-11-04 21:32:24.874] [info] Frame 332 (t = 1.66):	 total squared error = 0.00297910, marker error: RMS = 0.011381, max = 0.0163652 (LSHA2)
[2025-11-04 21:32:24.919] [info] Frame 333 (t = 1.665):	 total squared error = 0.00286851, marker error: RMS = 0.0111677, max = 0.0154251 (LTH2)
[2025-11-04 21:32:24.948] [info] Frame 334 (t = 1.67):	 total squared error = 0.00274966, marker error: RMS = 0.0109339, max = 0.0153866 (RTOE)
[2025-11-04 21:32:24.978] [info] Frame 335 (t = 1.675):	 total squared error = 0.00262103, marker error: RMS = 0.0106751, max = 0.0153718 (RTOE)
[2025-11-04 21:32:25.007] [info] Frame 336 (t = 1.68):	 total squared error = 0.00248732, marker error: RMS = 0.0103992, max = 0.0154194 (RTOE)
[2025-11-04 21:32:25.035] [info] Frame 337 (t = 1.685):	 total squared error = 0.00235319, marker error: RMS = 0.0101150, max = 0.0154822 (RTOE)
[2025-11-04 21:32:25.079] [info] Frame 338 (t = 1.69):	 total squared error = 0.00222083, marker error: RMS = 0.00982639, max = 0.0155833 (RTOE)
[2025-11-04 21:32:25.109] [info] Frame 339 (t = 1.695):	 total squared error = 0.00210126, marker error: RMS = 0.00955820, max = 0.0155482 (RTOE)
[2025-11-04 21:32:25.137] [info] Frame 340 (t = 1.7):	 total squared error = 0.00199544, marker error: RMS = 0.00931441, max = 0.0155257 (RTOE)
[2025-11-04 21:32:25.166] [info] Frame 341 (t = 1.70500):	 total squared error = 0.00190664, marker error: RMS = 0.00910481, max = 0.0155152 (RTOE)
[2025-11-04 21:32:25.197] [info] Frame 342 (t = 1.71):	 total squared error = 0.00183711, marker error: RMS = 0.00893725, max = 0.0154959 (RTOE)
[2025-11-04 21:32:25.228] [info] Frame 343 (t = 1.715):	 total squared error = 0.00178771, marker error: RMS = 0.00881625, max = 0.0154791 (RTOE)
[2025-11-04 21:32:25.256] [info] Frame 344 (t = 1.72):	 total squared error = 0.00175767, marker error: RMS = 0.00874188, max = 0.0154968 (RTOE)
[2025-11-04 21:32:25.285] [info] Frame 345 (t = 1.725):	 total squared error = 0.00174505, marker error: RMS = 0.00871045, max = 0.0154538 (RTOE)
[2025-11-04 21:32:25.313] [info] Frame 346 (t = 1.73):	 total squared error = 0.00174662, marker error: RMS = 0.00871436, max = 0.0154692 (RTOE)
[2025-11-04 21:32:25.341] [info] Frame 347 (t = 1.735):	 total squared error = 0.00175821, marker error: RMS = 0.00874321, max = 0.0154516 (RTOE)
[2025-11-04 21:32:25.382] [info] Frame 348 (t = 1.74):	 total squared error = 0.00177571, marker error: RMS = 0.00878663, max = 0.0158794 (RTOE)
[2025-11-04 21:32:25.409] [info] Frame 349 (t = 1.745):	 total squared error = 0.00179565, marker error: RMS = 0.00883582, max = 0.0158413 (RTOE)
[2025-11-04 21:32:25.437] [info] Frame 350 (t = 1.75):	 total squared error = 0.00181550, marker error: RMS = 0.00888452, max = 0.0158082 (RTOE)
[2025-11-04 21:32:25.465] [info] Frame 351 (t = 1.755):	 total squared error = 0.00183371, marker error: RMS = 0.00892897, max = 0.0158148 (RTOE)
[2025-11-04 21:32:25.498] [info] Frame 352 (t = 1.76):	 total squared error = 0.00184845, marker error: RMS = 0.00896479, max = 0.0162122 (RTOE)
[2025-11-04 21:32:25.513] [info] Frame 353 (t = 1.765):	 total squared error = 0.00186436, marker error: RMS = 0.00900327, max = 0.0163301 (RTOE)
[2025-11-04 21:32:25.537] [info] Frame 354 (t = 1.77):	 total squared error = 0.00188204, marker error: RMS = 0.00904588, max = 0.0160306 (RTOE)
[2025-11-04 21:32:25.583] [info] Frame 355 (t = 1.775):	 total squared error = 0.00189759, marker error: RMS = 0.00908317, max = 0.0164153 (RTOE)
[2025-11-04 21:32:25.607] [info] Frame 356 (t = 1.78):	 total squared error = 0.00192258, marker error: RMS = 0.00914278, max = 0.0163821 (RTOE)
[2025-11-04 21:32:25.636] [info] Frame 357 (t = 1.785):	 total squared error = 0.00195288, marker error: RMS = 0.00921454, max = 0.0165194 (RTOE)
[2025-11-04 21:32:25.690] [info] Frame 358 (t = 1.79):	 total squared error = 0.00198335, marker error: RMS = 0.00928616, max = 0.0167283 (RTOE)
[2025-11-04 21:32:25.721] [info] Frame 359 (t = 1.795):	 total squared error = 0.00202218, marker error: RMS = 0.00937662, max = 0.0167316 (RTOE)
[2025-11-04 21:32:25.762] [info] Frame 360 (t = 1.8):	 total squared error = 0.00205840, marker error: RMS = 0.00946022, max = 0.0169949 (RTOE)
[2025-11-04 21:32:25.797] [info] Frame 361 (t = 1.80500):	 total squared error = 0.00209533, marker error: RMS = 0.00954471, max = 0.0171072 (RTOE)
[2025-11-04 21:32:25.832] [info] Frame 362 (t = 1.81):	 total squared error = 0.00212636, marker error: RMS = 0.00961512, max = 0.0173055 (RTOE)
[2025-11-04 21:32:25.876] [info] Frame 363 (t = 1.815):	 total squared error = 0.00214582, marker error: RMS = 0.00965901, max = 0.0172876 (RTOE)
[2025-11-04 21:32:25.899] [info] Frame 364 (t = 1.82):	 total squared error = 0.00215704, marker error: RMS = 0.00968423, max = 0.0175727 (RTOE)
[2025-11-04 21:32:25.924] [info] Frame 365 (t = 1.825):	 total squared error = 0.00215695, marker error: RMS = 0.00968402, max = 0.0177115 (RTOE)
[2025-11-04 21:32:25.959] [info] Frame 366 (t = 1.83):	 total squared error = 0.00214382, marker error: RMS = 0.00965451, max = 0.0178092 (RTOE)
[2025-11-04 21:32:25.989] [info] Frame 367 (t = 1.835):	 total squared error = 0.00212166, marker error: RMS = 0.00960448, max = 0.0180243 (RTOE)
[2025-11-04 21:32:26.036] [info] Frame 368 (t = 1.84):	 total squared error = 0.00209085, marker error: RMS = 0.00953449, max = 0.0179483 (RTOE)
[2025-11-04 21:32:26.063] [info] Frame 369 (t = 1.845):	 total squared error = 0.00205749, marker error: RMS = 0.00945812, max = 0.0179343 (RTOE)
[2025-11-04 21:32:26.100] [info] Frame 370 (t = 1.85):	 total squared error = 0.00202375, marker error: RMS = 0.00938026, max = 0.0178761 (RTOE)
[2025-11-04 21:32:26.126] [info] Frame 371 (t = 1.855):	 total squared error = 0.00199049, marker error: RMS = 0.00930286, max = 0.0177183 (RTOE)
[2025-11-04 21:32:26.158] [info] Frame 372 (t = 1.86):	 total squared error = 0.00196072, marker error: RMS = 0.00923303, max = 0.0175069 (RTHOL)
[2025-11-04 21:32:26.193] [info] Frame 373 (t = 1.865):	 total squared error = 0.00193354, marker error: RMS = 0.00916881, max = 0.0178404 (RTHOL)
[2025-11-04 21:32:26.228] [info] Frame 374 (t = 1.87):	 total squared error = 0.00190876, marker error: RMS = 0.00910985, max = 0.0181371 (RTHOL)
[2025-11-04 21:32:26.260] [info] Frame 375 (t = 1.875):	 total squared error = 0.00188578, marker error: RMS = 0.00905485, max = 0.0184735 (RTHOL)
[2025-11-04 21:32:26.294] [info] Frame 376 (t = 1.88):	 total squared error = 0.00186433, marker error: RMS = 0.00900322, max = 0.0187259 (RTHOL)
[2025-11-04 21:32:26.332] [info] Frame 377 (t = 1.885):	 total squared error = 0.00184181, marker error: RMS = 0.00894867, max = 0.0185757 (RTHOL)
[2025-11-04 21:32:26.365] [info] Frame 378 (t = 1.89):	 total squared error = 0.00182111, marker error: RMS = 0.00889823, max = 0.0188549 (RTHOL)
[2025-11-04 21:32:26.410] [info] Frame 379 (t = 1.895):	 total squared error = 0.00179916, marker error: RMS = 0.00884446, max = 0.0183756 (RTHOL)
[2025-11-04 21:32:26.443] [info] Frame 380 (t = 1.9):	 total squared error = 0.00178196, marker error: RMS = 0.00880207, max = 0.0185935 (RTHOL)
[2025-11-04 21:32:26.488] [info] Frame 381 (t = 1.90500):	 total squared error = 0.00176573, marker error: RMS = 0.00876189, max = 0.0180149 (RTHOL)
[2025-11-04 21:32:26.518] [info] Frame 382 (t = 1.91):	 total squared error = 0.00175774, marker error: RMS = 0.00874204, max = 0.0181415 (RTHOL)
[2025-11-04 21:32:26.552] [info] Frame 383 (t = 1.915):	 total squared error = 0.00175680, marker error: RMS = 0.00873971, max = 0.0179037 (RTHOL)
[2025-11-04 21:32:26.607] [info] Frame 384 (t = 1.92):	 total squared error = 0.00175911, marker error: RMS = 0.00874547, max = 0.0169412 (RTHOL)
[2025-11-04 21:32:26.628] [info] Frame 385 (t = 1.925):	 total squared error = 0.00178977, marker error: RMS = 0.00882134, max = 0.0175314 (RTHOL)
[2025-11-04 21:32:26.676] [info] Frame 386 (t = 1.93):	 total squared error = 0.00180179, marker error: RMS = 0.00885092, max = 0.0160816 (RTHOL)
[2025-11-04 21:32:26.698] [info] Frame 387 (t = 1.935):	 total squared error = 0.00185248, marker error: RMS = 0.00897456, max = 0.0166727 (RTHOL)
[2025-11-04 21:32:26.751] [info] Frame 388 (t = 1.94):	 total squared error = 0.00188318, marker error: RMS = 0.00904862, max = 0.0152271 (RTHOL)
[2025-11-04 21:32:26.775] [info] Frame 389 (t = 1.945):	 total squared error = 0.00194578, marker error: RMS = 0.00919777, max = 0.0157259 (RTHOL)
[2025-11-04 21:32:26.830] [info] Frame 390 (t = 1.95):	 total squared error = 0.00199074, marker error: RMS = 0.00930345, max = 0.0148123 (RSHAOL)
[2025-11-04 21:32:26.869] [info] Frame 391 (t = 1.955):	 total squared error = 0.00205003, marker error: RMS = 0.00944095, max = 0.0151764 (RSHAOL)
[2025-11-04 21:32:26.891] [info] Frame 392 (t = 1.96):	 total squared error = 0.00211765, marker error: RMS = 0.00959540, max = 0.0154428 (RSHAOL)
[2025-11-04 21:32:26.938] [info] Frame 393 (t = 1.965):	 total squared error = 0.00216484, marker error: RMS = 0.00970173, max = 0.016293 (RSHAOL)
[2025-11-04 21:32:26.967] [info] Frame 394 (t = 1.97):	 total squared error = 0.00222483, marker error: RMS = 0.00983523, max = 0.016719 (RSHAOL)
[2025-11-04 21:32:27.011] [info] Frame 395 (t = 1.975):	 total squared error = 0.00228073, marker error: RMS = 0.00995801, max = 0.0173704 (RSHAOL)
[2025-11-04 21:32:27.039] [info] Frame 396 (t = 1.98):	 total squared error = 0.00233931, marker error: RMS = 0.0100851, max = 0.0179011 (RSHAOL)
[2025-11-04 21:32:27.063] [info] Frame 397 (t = 1.985):	 total squared error = 0.00239846, marker error: RMS = 0.0102118, max = 0.018485 (RSHAOL)
[2025-11-04 21:32:27.082] [info] Frame 398 (t = 1.99):	 total squared error = 0.00245924, marker error: RMS = 0.0103404, max = 0.0191046 (RSHAOL)
[2025-11-04 21:32:27.107] [info] Frame 399 (t = 1.995):	 total squared error = 0.00251348, marker error: RMS = 0.0104538, max = 0.0197025 (RSHAOL)
[2025-11-04 21:32:27.132] [info] Frame 400 (t = 2.0):	 total squared error = 0.00256249, marker error: RMS = 0.0105552, max = 0.0203608 (RSHAOL)
[2025-11-04 21:32:27.162] [info] Frame 401 (t = 2.00500):	 total squared error = 0.00260147, marker error: RMS = 0.0106352, max = 0.0209718 (RSHAOL)
[2025-11-04 21:32:27.188] [info] Frame 402 (t = 2.01):	 total squared error = 0.00262963, marker error: RMS = 0.0106926, max = 0.0214658 (RSHAOL)
[2025-11-04 21:32:27.215] [info] Frame 403 (t = 2.015):	 total squared error = 0.00264227, marker error: RMS = 0.0107183, max = 0.0218421 (RSHAOL)
[2025-11-04 21:32:27.255] [info] Frame 404 (t = 2.02):	 total squared error = 0.00263661, marker error: RMS = 0.0107068, max = 0.0221461 (RSHAOL)
[2025-11-04 21:32:27.288] [info] Frame 405 (t = 2.025):	 total squared error = 0.00261182, marker error: RMS = 0.0106563, max = 0.0222596 (RSHAOL)
[2025-11-04 21:32:27.328] [info] Frame 406 (t = 2.03):	 total squared error = 0.00256777, marker error: RMS = 0.0105661, max = 0.0222222 (RSHAOL)
[2025-11-04 21:32:27.364] [info] Frame 407 (t = 2.035):	 total squared error = 0.00250519, marker error: RMS = 0.0104365, max = 0.0220208 (RSHAOL)
[2025-11-04 21:32:27.391] [info] Frame 408 (t = 2.04):	 total squared error = 0.00242663, marker error: RMS = 0.0102716, max = 0.0217001 (RSHAOL)
[2025-11-04 21:32:27.415] [info] Frame 409 (t = 2.045):	 total squared error = 0.00233518, marker error: RMS = 0.0100762, max = 0.0212575 (RSHAOL)
[2025-11-04 21:32:27.456] [info] Frame 410 (t = 2.05):	 total squared error = 0.00223077, marker error: RMS = 0.00984835, max = 0.0205223 (RSHAOL)
[2025-11-04 21:32:27.480] [info] Frame 411 (t = 2.055):	 total squared error = 0.00212258, marker error: RMS = 0.00960657, max = 0.019884 (RSHAOL)
[2025-11-04 21:32:27.517] [info] Frame 412 (t = 2.06):	 total squared error = 0.00200951, marker error: RMS = 0.00934719, max = 0.018981 (RSHAOL)
[2025-11-04 21:32:27.546] [info] Frame 413 (t = 2.065):	 total squared error = 0.00189836, marker error: RMS = 0.00908500, max = 0.0182166 (RSHAOL)
[2025-11-04 21:32:27.591] [info] Frame 414 (t = 2.07):	 total squared error = 0.00178950, marker error: RMS = 0.00882068, max = 0.0171334 (RSHAOL)
[2025-11-04 21:32:27.622] [info] Frame 415 (t = 2.075):	 total squared error = 0.00168853, marker error: RMS = 0.00856823, max = 0.0163373 (RSHAOL)
[2025-11-04 21:32:27.654] [info] Frame 416 (t = 2.08):	 total squared error = 0.00159740, marker error: RMS = 0.00833379, max = 0.0155226 (RSHAOL)
[2025-11-04 21:32:27.706] [info] Frame 417 (t = 2.085):	 total squared error = 0.00151185, marker error: RMS = 0.00810756, max = 0.0142903 (RSHAOL)
[2025-11-04 21:32:27.750] [info] Frame 418 (t = 2.09):	 total squared error = 0.00144174, marker error: RMS = 0.00791733, max = 0.013341 (RSHAOL)
[2025-11-04 21:32:27.781] [info] Frame 419 (t = 2.095):	 total squared error = 0.00138600, marker error: RMS = 0.00776279, max = 0.0132457 (XIPH)
[2025-11-04 21:32:27.800] [info] Frame 420 (t = 2.1):	 total squared error = 0.00135168, marker error: RMS = 0.00766609, max = 0.0131149 (XIPH)
[2025-11-04 21:32:27.850] [info] Frame 421 (t = 2.10500):	 total squared error = 0.00131552, marker error: RMS = 0.00756285, max = 0.0132593 (XIPH)
[2025-11-04 21:32:27.879] [info] Frame 422 (t = 2.11):	 total squared error = 0.00130466, marker error: RMS = 0.00753156, max = 0.0134617 (XIPH)
[2025-11-04 21:32:27.901] [info] Frame 423 (t = 2.115):	 total squared error = 0.00131365, marker error: RMS = 0.00755746, max = 0.0134007 (XIPH)
[2025-11-04 21:32:27.947] [info] Frame 424 (t = 2.12):	 total squared error = 0.00132070, marker error: RMS = 0.00757771, max = 0.0135004 (XIPH)
[2025-11-04 21:32:27.991] [info] Frame 425 (t = 2.125):	 total squared error = 0.00134967, marker error: RMS = 0.00766036, max = 0.0135891 (XIPH)
[2025-11-04 21:32:28.031] [info] Frame 426 (t = 2.13):	 total squared error = 0.00139109, marker error: RMS = 0.00777704, max = 0.0137069 (XIPH)
[2025-11-04 21:32:28.065] [info] Frame 427 (t = 2.135):	 total squared error = 0.00144466, marker error: RMS = 0.00792537, max = 0.0140699 (XIPH)
[2025-11-04 21:32:28.101] [info] Frame 428 (t = 2.14):	 total squared error = 0.00150468, marker error: RMS = 0.00808831, max = 0.0140403 (XIPH)
[2025-11-04 21:32:28.151] [info] Frame 429 (t = 2.145):	 total squared error = 0.00157326, marker error: RMS = 0.00827059, max = 0.0142349 (RM5)
[2025-11-04 21:32:28.198] [info] Frame 430 (t = 2.15):	 total squared error = 0.00164804, marker error: RMS = 0.00846487, max = 0.0144884 (RM5)
[2025-11-04 21:32:28.231] [info] Frame 431 (t = 2.155):	 total squared error = 0.00172917, marker error: RMS = 0.00867073, max = 0.0147036 (RM5)
[2025-11-04 21:32:28.280] [info] Frame 432 (t = 2.16):	 total squared error = 0.00180503, marker error: RMS = 0.00885887, max = 0.0149448 (RM5)
[2025-11-04 21:32:28.309] [info] Frame 433 (t = 2.165):	 total squared error = 0.00188500, marker error: RMS = 0.00905297, max = 0.0150432 (RM5)
[2025-11-04 21:32:28.356] [info] Frame 434 (t = 2.17):	 total squared error = 0.00195399, marker error: RMS = 0.00921715, max = 0.0152136 (RM5)
[2025-11-04 21:32:28.382] [info] Frame 435 (t = 2.175):	 total squared error = 0.00202167, marker error: RMS = 0.00937543, max = 0.0152198 (RM5)
[2025-11-04 21:32:28.414] [info] Frame 436 (t = 2.18):	 total squared error = 0.00208303, marker error: RMS = 0.00951664, max = 0.0153871 (XIPH)
[2025-11-04 21:32:28.442] [info] Frame 437 (t = 2.185):	 total squared error = 0.00213251, marker error: RMS = 0.00962900, max = 0.0156454 (XIPH)
[2025-11-04 21:32:28.486] [info] Frame 438 (t = 2.19):	 total squared error = 0.00214312, marker error: RMS = 0.00965294, max = 0.015721 (XIPH)
[2025-11-04 21:32:28.513] [info] Frame 439 (t = 2.195):	 total squared error = 0.00215616, marker error: RMS = 0.00968225, max = 0.0159532 (XIPH)
[2025-11-04 21:32:28.563] [info] Frame 440 (t = 2.2):	 total squared error = 0.00214723, marker error: RMS = 0.00966219, max = 0.0161012 (XIPH)
[2025-11-04 21:32:28.597] [info] Frame 441 (t = 2.20500):	 total squared error = 0.00212429, marker error: RMS = 0.00961044, max = 0.0162766 (XIPH)
[2025-11-04 21:32:28.632] [info] Frame 442 (t = 2.21):	 total squared error = 0.00208464, marker error: RMS = 0.00952033, max = 0.0164531 (XIPH)
[2025-11-04 21:32:28.665] [info] Frame 443 (t = 2.215):	 total squared error = 0.00202907, marker error: RMS = 0.00939257, max = 0.0166164 (XIPH)
[2025-11-04 21:32:28.699] [info] Frame 444 (t = 2.22):	 total squared error = 0.00196150, marker error: RMS = 0.00923487, max = 0.0167115 (XIPH)
[2025-11-04 21:32:28.729] [info] Frame 445 (t = 2.225):	 total squared error = 0.00188528, marker error: RMS = 0.00905366, max = 0.016828 (XIPH)
[2025-11-04 21:32:28.762] [info] Frame 446 (t = 2.23):	 total squared error = 0.00180490, marker error: RMS = 0.00885855, max = 0.0168826 (XIPH)
[2025-11-04 21:32:28.816] [info] Frame 447 (t = 2.235):	 total squared error = 0.00172340, marker error: RMS = 0.00865623, max = 0.0169173 (XIPH)
[2025-11-04 21:32:28.849] [info] Frame 448 (t = 2.24):	 total squared error = 0.00164902, marker error: RMS = 0.00846738, max = 0.0169454 (XIPH)
[2025-11-04 21:32:28.880] [info] Frame 449 (t = 2.245):	 total squared error = 0.00158317, marker error: RMS = 0.00829658, max = 0.0169865 (XIPH)
[2025-11-04 21:32:28.914] [info] Frame 450 (t = 2.25):	 total squared error = 0.00152834, marker error: RMS = 0.00815166, max = 0.0170142 (XIPH)
[2025-11-04 21:32:28.950] [info] Frame 451 (t = 2.255):	 total squared error = 0.00148682, marker error: RMS = 0.00804016, max = 0.0170253 (XIPH)
[2025-11-04 21:32:28.993] [info] Frame 452 (t = 2.26):	 total squared error = 0.00145836, marker error: RMS = 0.00796286, max = 0.0170118 (XIPH)
[2025-11-04 21:32:29.044] [info] Frame 453 (t = 2.265):	 total squared error = 0.00144375, marker error: RMS = 0.00792286, max = 0.0170489 (XIPH)
[2025-11-04 21:32:29.078] [info] Frame 454 (t = 2.27):	 total squared error = 0.00144010, marker error: RMS = 0.00791284, max = 0.0170769 (XIPH)
[2025-11-04 21:32:29.112] [info] Frame 455 (t = 2.275):	 total squared error = 0.00144634, marker error: RMS = 0.00792998, max = 0.0170785 (XIPH)
[2025-11-04 21:32:29.143] [info] Frame 456 (t = 2.28):	 total squared error = 0.00145976, marker error: RMS = 0.00796668, max = 0.0171086 (XIPH)
[2025-11-04 21:32:29.190] [info] Frame 457 (t = 2.285):	 total squared error = 0.00147846, marker error: RMS = 0.00801753, max = 0.0171697 (XIPH)
[2025-11-04 21:32:29.199] [info] Frame 458 (t = 2.29):	 total squared error = 0.00150378, marker error: RMS = 0.00808590, max = 0.0171214 (XIPH)
[2025-11-04 21:32:29.233] [info] Frame 459 (t = 2.295):	 total squared error = 0.00152190, marker error: RMS = 0.00813446, max = 0.017264 (XIPH)
[2025-11-04 21:32:29.257] [info] Frame 460 (t = 2.3):	 total squared error = 0.00154624, marker error: RMS = 0.00819927, max = 0.0173388 (XIPH)
[2025-11-04 21:32:29.289] [info] Frame 461 (t = 2.30500):	 total squared error = 0.00157051, marker error: RMS = 0.00826334, max = 0.0174014 (XIPH)
[2025-11-04 21:32:29.306] [info] Frame 462 (t = 2.31):	 total squared error = 0.00159664, marker error: RMS = 0.00833181, max = 0.0175699 (XIPH)
[2025-11-04 21:32:29.364] [info] Frame 463 (t = 2.315):	 total squared error = 0.00160303, marker error: RMS = 0.00834848, max = 0.0175302 (XIPH)
[2025-11-04 21:32:29.395] [info] Frame 464 (t = 2.32):	 total squared error = 0.00162361, marker error: RMS = 0.00840188, max = 0.017569 (XIPH)
[2025-11-04 21:32:29.422] [info] Frame 465 (t = 2.325):	 total squared error = 0.00164277, marker error: RMS = 0.00845133, max = 0.0175716 (XIPH)
[2025-11-04 21:32:29.463] [info] Frame 466 (t = 2.33):	 total squared error = 0.00165112, marker error: RMS = 0.00847278, max = 0.0176040 (XIPH)
[2025-11-04 21:32:29.490] [info] Frame 467 (t = 2.335):	 total squared error = 0.00166757, marker error: RMS = 0.00851487, max = 0.0175171 (XIPH)
[2025-11-04 21:32:29.515] [info] Frame 468 (t = 2.34):	 total squared error = 0.00168461, marker error: RMS = 0.00855825, max = 0.0174097 (XIPH)
[2025-11-04 21:32:29.555] [info] Frame 469 (t = 2.345):	 total squared error = 0.00168770, marker error: RMS = 0.00856610, max = 0.0172927 (STRN)
[2025-11-04 21:32:29.581] [info] Frame 470 (t = 2.35):	 total squared error = 0.00170786, marker error: RMS = 0.00861712, max = 0.0172994 (STRN)
[2025-11-04 21:32:29.630] [info] Frame 471 (t = 2.355):	 total squared error = 0.00173214, marker error: RMS = 0.00867815, max = 0.0173338 (STRN)
[2025-11-04 21:32:29.674] [info] Frame 472 (t = 2.36):	 total squared error = 0.00178065, marker error: RMS = 0.00879883, max = 0.0172635 (STRN)
[2025-11-04 21:32:29.704] [info] Frame 473 (t = 2.365):	 total squared error = 0.00186638, marker error: RMS = 0.00900815, max = 0.0170727 (STRN)
[2025-11-04 21:32:29.744] [info] Frame 474 (t = 2.37):	 total squared error = 0.00200024, marker error: RMS = 0.00932561, max = 0.0191309 (LTHOL)
[2025-11-04 21:32:29.772] [info] Frame 475 (t = 2.375):	 total squared error = 0.00221460, marker error: RMS = 0.00981259, max = 0.0231435 (LTHOL)
[2025-11-04 21:32:29.817] [info] Frame 476 (t = 2.38):	 total squared error = 0.00252328, marker error: RMS = 0.0104742, max = 0.0275704 (LTHOL)
[2025-11-04 21:32:29.859] [info] Frame 477 (t = 2.385):	 total squared error = 0.00295804, marker error: RMS = 0.0113407, max = 0.032866 (LTHOL)
[2025-11-04 21:32:29.903] [info] Frame 478 (t = 2.39):	 total squared error = 0.00353460, marker error: RMS = 0.0123967, max = 0.038718 (LTHOL)
[2025-11-04 21:32:29.952] [info] Frame 479 (t = 2.395):	 total squared error = 0.00425684, marker error: RMS = 0.0136044, max = 0.0449787 (LTHOL)
[2025-11-04 21:32:29.981] [info] Frame 480 (t = 2.4):	 total squared error = 0.00511096, marker error: RMS = 0.0149069, max = 0.0515938 (LTHOL)
[2025-11-04 21:32:30.026] [info] Frame 481 (t = 2.40500):	 total squared error = 0.00160654, marker error: RMS = 0.00835761, max = 0.0184656 (LTH2)
[2025-11-04 21:32:30.070] [info] Frame 482 (t = 2.41):	 total squared error = 0.00164583, marker error: RMS = 0.00845919, max = 0.0191257 (LTH2)
[2025-11-04 21:32:30.101] [info] Frame 483 (t = 2.415):	 total squared error = 0.00168721, marker error: RMS = 0.00856487, max = 0.0199175 (LTH2)
[2025-11-04 21:32:30.158] [info] Frame 484 (t = 2.42):	 total squared error = 0.00172470, marker error: RMS = 0.00865950, max = 0.0198987 (LTH2)
[2025-11-04 21:32:30.186] [info] Frame 485 (t = 2.425):	 total squared error = 0.00176383, marker error: RMS = 0.00875719, max = 0.0206299 (LTH2)
[2025-11-04 21:32:30.214] [info] Frame 486 (t = 2.43):	 total squared error = 0.00180011, marker error: RMS = 0.00884679, max = 0.0210704 (LTH2)
[2025-11-04 21:32:30.263] [info] Frame 487 (t = 2.435):	 total squared error = 0.00182762, marker error: RMS = 0.00891413, max = 0.0209079 (LTH2)
[2025-11-04 21:32:30.285] [info] Frame 488 (t = 2.44):	 total squared error = 0.00185361, marker error: RMS = 0.00897728, max = 0.0213734 (LTH2)
[2025-11-04 21:32:30.309] [info] Frame 489 (t = 2.445):	 total squared error = 0.00186992, marker error: RMS = 0.00901671, max = 0.02155 (LTH2)
[2025-11-04 21:32:30.352] [info] Frame 490 (t = 2.45):	 total squared error = 0.00187900, marker error: RMS = 0.00903856, max = 0.0213767 (LTH2)
[2025-11-04 21:32:30.385] [info] Frame 491 (t = 2.455):	 total squared error = 0.00188553, marker error: RMS = 0.00905425, max = 0.0214633 (LTH2)
[2025-11-04 21:32:30.422] [info] Frame 492 (t = 2.46):	 total squared error = 0.00188534, marker error: RMS = 0.00905381, max = 0.0215381 (LTH2)
[2025-11-04 21:32:30.457] [info] InverseKinematicsTool completed 493 frames in 17 second(s).
[2025-11-04 22:21:52.547] [info] Loaded model Athlete_03 from file C:\Git\1_current_projects\powerlifing_model\models\Athlete_03\25_03_31\scaled.osim
[2025-11-04 22:21:52.765] [info] Loaded model Athlete_03 from file C:\Git\1_current_projects\powerlifing_model\models\Athlete_03\25_03_31\scaled.osim
[2025-11-04 22:21:55.341] [cout] [info] 
               MODEL: Athlete_03
         coordinates: 39
              forces: 97
           actuators: 97
             muscles: 80
            analyses: 0
              probes: 0
              bodies: 22
              joints: 22
         constraints: 2
             markers: 45
         controllers: 0
  contact geometries: 0
misc modelcomponents: 0
[2025-11-04 22:21:55.342] [info] Running tool .
[2025-11-04 22:21:55.872] [info] Frame 0 (t = 0.0):	 total squared error = 0.00142938, marker error: RMS = 0.00788333, max = 0.01231 (XIPH)
[2025-11-04 22:21:55.892] [info] Frame 1 (t = 0.00500000):	 total squared error = 0.00143526, marker error: RMS = 0.00789952, max = 0.012549 (XIPH)
[2025-11-04 22:21:55.926] [info] Frame 2 (t = 0.01):	 total squared error = 0.00143912, marker error: RMS = 0.00791015, max = 0.01263 (XIPH)
[2025-11-04 22:21:55.945] [info] Frame 3 (t = 0.015):	 total squared error = 0.00144717, marker error: RMS = 0.00793224, max = 0.0128855 (XIPH)
[2025-11-04 22:21:55.978] [info] Frame 4 (t = 0.02):	 total squared error = 0.00144735, marker error: RMS = 0.00793274, max = 0.0130301 (XIPH)
[2025-11-04 22:21:56.002] [info] Frame 5 (t = 0.025):	 total squared error = 0.00144733, marker error: RMS = 0.00793268, max = 0.0133123 (XIPH)
[2025-11-04 22:21:56.020] [info] Frame 6 (t = 0.03):	 total squared error = 0.00144243, marker error: RMS = 0.00791923, max = 0.0135605 (XIPH)
[2025-11-04 22:21:56.044] [info] Frame 7 (t = 0.035):	 total squared error = 0.00143179, marker error: RMS = 0.00788999, max = 0.0137684 (XIPH)
[2025-11-04 22:21:56.070] [info] Frame 8 (t = 0.04):	 total squared error = 0.00141572, marker error: RMS = 0.00784558, max = 0.0139867 (XIPH)
[2025-11-04 22:21:56.103] [info] Frame 9 (t = 0.045):	 total squared error = 0.00139378, marker error: RMS = 0.00778456, max = 0.0140548 (XIPH)
[2025-11-04 22:21:56.130] [info] Frame 10 (t = 0.05):	 total squared error = 0.00137159, marker error: RMS = 0.00772232, max = 0.0142761 (XIPH)
[2025-11-04 22:21:56.152] [info] Frame 11 (t = 0.055):	 total squared error = 0.00134823, marker error: RMS = 0.00765627, max = 0.0144473 (XIPH)
[2025-11-04 22:21:56.178] [info] Frame 12 (t = 0.06):	 total squared error = 0.00132544, marker error: RMS = 0.00759131, max = 0.0145831 (XIPH)
[2025-11-04 22:21:56.213] [info] Frame 13 (t = 0.065):	 total squared error = 0.00130507, marker error: RMS = 0.00753274, max = 0.0146426 (XIPH)
[2025-11-04 22:21:56.235] [info] Frame 14 (t = 0.07):	 total squared error = 0.00129059, marker error: RMS = 0.00749082, max = 0.0147953 (XIPH)
[2025-11-04 22:21:56.258] [info] Frame 15 (t = 0.075):	 total squared error = 0.00128214, marker error: RMS = 0.00746627, max = 0.0149033 (XIPH)
[2025-11-04 22:21:56.294] [info] Frame 16 (t = 0.08):	 total squared error = 0.00128007, marker error: RMS = 0.00746023, max = 0.0149521 (XIPH)
[2025-11-04 22:21:56.314] [info] Frame 17 (t = 0.085):	 total squared error = 0.00128587, marker error: RMS = 0.00747713, max = 0.0150573 (XIPH)
[2025-11-04 22:21:56.336] [info] Frame 18 (t = 0.09):	 total squared error = 0.00129847, marker error: RMS = 0.00751366, max = 0.0151388 (XIPH)
[2025-11-04 22:21:56.358] [info] Frame 19 (t = 0.095):	 total squared error = 0.00131700, marker error: RMS = 0.00756710, max = 0.0151999 (XIPH)
[2025-11-04 22:21:56.386] [info] Frame 20 (t = 0.1):	 total squared error = 0.00133991, marker error: RMS = 0.00763263, max = 0.0152796 (XIPH)
[2025-11-04 22:21:56.412] [info] Frame 21 (t = 0.105000):	 total squared error = 0.00136597, marker error: RMS = 0.00770650, max = 0.0153793 (XIPH)
[2025-11-04 22:21:56.432] [info] Frame 22 (t = 0.11):	 total squared error = 0.00139362, marker error: RMS = 0.00778410, max = 0.0154828 (XIPH)
[2025-11-04 22:21:56.460] [info] Frame 23 (t = 0.115):	 total squared error = 0.00142099, marker error: RMS = 0.00786016, max = 0.0155356 (XIPH)
[2025-11-04 22:21:56.469] [info] Frame 24 (t = 0.12):	 total squared error = 0.00145336, marker error: RMS = 0.00794919, max = 0.0155478 (XIPH)
[2025-11-04 22:21:56.499] [info] Frame 25 (t = 0.125):	 total squared error = 0.00147303, marker error: RMS = 0.00800279, max = 0.0158551 (XIPH)
[2025-11-04 22:21:56.517] [info] Frame 26 (t = 0.13):	 total squared error = 0.00149713, marker error: RMS = 0.00806801, max = 0.0160364 (XIPH)
[2025-11-04 22:21:56.536] [info] Frame 27 (t = 0.135):	 total squared error = 0.00151938, marker error: RMS = 0.00812774, max = 0.0161963 (XIPH)
[2025-11-04 22:21:56.549] [info] Frame 28 (t = 0.14):	 total squared error = 0.00154163, marker error: RMS = 0.00818704, max = 0.0164202 (XIPH)
[2025-11-04 22:21:56.586] [info] Frame 29 (t = 0.145):	 total squared error = 0.00155425, marker error: RMS = 0.00822046, max = 0.0165668 (XIPH)
[2025-11-04 22:21:56.606] [info] Frame 30 (t = 0.15):	 total squared error = 0.00157319, marker error: RMS = 0.00827040, max = 0.0167734 (XIPH)
[2025-11-04 22:21:56.621] [info] Frame 31 (t = 0.155):	 total squared error = 0.00159566, marker error: RMS = 0.00832924, max = 0.0170509 (XIPH)
[2025-11-04 22:21:56.646] [info] Frame 32 (t = 0.16):	 total squared error = 0.00161055, marker error: RMS = 0.00836804, max = 0.0170936 (XIPH)
[2025-11-04 22:21:56.677] [info] Frame 33 (t = 0.165):	 total squared error = 0.00161863, marker error: RMS = 0.00838899, max = 0.0172037 (XIPH)
[2025-11-04 22:21:56.699] [info] Frame 34 (t = 0.17):	 total squared error = 0.00163403, marker error: RMS = 0.00842881, max = 0.0173464 (XIPH)
[2025-11-04 22:21:56.722] [info] Frame 35 (t = 0.175):	 total squared error = 0.00164740, marker error: RMS = 0.00846322, max = 0.0174041 (XIPH)
[2025-11-04 22:21:56.764] [info] Frame 36 (t = 0.18):	 total squared error = 0.00165011, marker error: RMS = 0.00847017, max = 0.0174388 (XIPH)
[2025-11-04 22:21:56.785] [info] Frame 37 (t = 0.185):	 total squared error = 0.00165658, marker error: RMS = 0.00848677, max = 0.0174544 (XIPH)
[2025-11-04 22:21:56.804] [info] Frame 38 (t = 0.19):	 total squared error = 0.00166031, marker error: RMS = 0.00849632, max = 0.0174618 (XIPH)
[2025-11-04 22:21:56.832] [info] Frame 39 (t = 0.195):	 total squared error = 0.00165851, marker error: RMS = 0.00849171, max = 0.0173696 (STRN)
[2025-11-04 22:21:56.854] [info] Frame 40 (t = 0.2):	 total squared error = 0.00165617, marker error: RMS = 0.00848571, max = 0.0173741 (STRN)
[2025-11-04 22:21:56.953] [info] Frame 41 (t = 0.205000):	 total squared error = 0.00164214, marker error: RMS = 0.00844971, max = 0.0173218 (STRN)
[2025-11-04 22:21:57.006] [info] Frame 42 (t = 0.21):	 total squared error = 0.00164143, marker error: RMS = 0.00844786, max = 0.0171163 (STRN)
[2025-11-04 22:21:57.029] [info] Frame 43 (t = 0.215):	 total squared error = 0.00164513, marker error: RMS = 0.00845740, max = 0.0169085 (STRN)
[2025-11-04 22:21:57.069] [info] Frame 44 (t = 0.22):	 total squared error = 0.00165246, marker error: RMS = 0.00847621, max = 0.0167372 (STRN)
[2025-11-04 22:21:57.089] [info] Frame 45 (t = 0.225):	 total squared error = 0.00166998, marker error: RMS = 0.00852101, max = 0.0163296 (STRN)
[2025-11-04 22:21:57.125] [info] Frame 46 (t = 0.23):	 total squared error = 0.00169300, marker error: RMS = 0.00857956, max = 0.0160107 (STRN)
[2025-11-04 22:21:57.155] [info] Frame 47 (t = 0.235):	 total squared error = 0.00172634, marker error: RMS = 0.00866361, max = 0.0156335 (STRN)
[2025-11-04 22:21:57.194] [info] Frame 48 (t = 0.24):	 total squared error = 0.00176434, marker error: RMS = 0.00875844, max = 0.0160390 (LTH2)
[2025-11-04 22:21:57.218] [info] Frame 49 (t = 0.245):	 total squared error = 0.00181136, marker error: RMS = 0.00887439, max = 0.0173184 (LTH2)
[2025-11-04 22:21:57.255] [info] Frame 50 (t = 0.25):	 total squared error = 0.00185806, marker error: RMS = 0.00898806, max = 0.0175604 (LTH2)
[2025-11-04 22:21:57.299] [info] Frame 51 (t = 0.255):	 total squared error = 0.00191135, marker error: RMS = 0.00911604, max = 0.0182803 (LTH2)
[2025-11-04 22:21:57.332] [info] Frame 52 (t = 0.26):	 total squared error = 0.00197121, marker error: RMS = 0.00925770, max = 0.0192891 (LTH2)
[2025-11-04 22:21:57.373] [info] Frame 53 (t = 0.265):	 total squared error = 0.00203203, marker error: RMS = 0.00939942, max = 0.0196651 (LTH2)
[2025-11-04 22:21:57.410] [info] Frame 54 (t = 0.27):	 total squared error = 0.00209961, marker error: RMS = 0.00955444, max = 0.0202284 (LTH2)
[2025-11-04 22:21:57.452] [info] Frame 55 (t = 0.275):	 total squared error = 0.00217520, marker error: RMS = 0.00972490, max = 0.0208017 (LTH2)
[2025-11-04 22:21:57.486] [info] Frame 56 (t = 0.28):	 total squared error = 0.00226184, marker error: RMS = 0.00991670, max = 0.0216339 (LTH2)
[2025-11-04 22:21:57.517] [info] Frame 57 (t = 0.285):	 total squared error = 0.00235714, marker error: RMS = 0.0101235, max = 0.022164 (LTH2)
[2025-11-04 22:21:57.535] [info] Frame 58 (t = 0.29):	 total squared error = 0.00247839, marker error: RMS = 0.0103806, max = 0.0233571 (LTH2)
[2025-11-04 22:21:57.574] [info] Frame 59 (t = 0.295):	 total squared error = 0.00257859, marker error: RMS = 0.0105883, max = 0.0230419 (LTH2)
[2025-11-04 22:21:57.601] [info] Frame 60 (t = 0.3):	 total squared error = 0.00270640, marker error: RMS = 0.0108476, max = 0.023814 (LTH2)
[2025-11-04 22:21:57.638] [info] Frame 61 (t = 0.305000):	 total squared error = 0.00283706, marker error: RMS = 0.0111063, max = 0.0241305 (LTH2)
[2025-11-04 22:21:57.664] [info] Frame 62 (t = 0.31):	 total squared error = 0.00297505, marker error: RMS = 0.0113732, max = 0.0249064 (LTH2)
[2025-11-04 22:21:57.682] [info] Frame 63 (t = 0.315):	 total squared error = 0.00312035, marker error: RMS = 0.0116476, max = 0.0256818 (LTH2)
[2025-11-04 22:21:57.718] [info] Frame 64 (t = 0.32):	 total squared error = 0.00324089, marker error: RMS = 0.0118705, max = 0.0258313 (LTH2)
[2025-11-04 22:21:57.736] [info] Frame 65 (t = 0.325):	 total squared error = 0.00337022, marker error: RMS = 0.0121050, max = 0.0264744 (LTH2)
[2025-11-04 22:21:57.771] [info] Frame 66 (t = 0.33):	 total squared error = 0.00348421, marker error: RMS = 0.0123080, max = 0.0268948 (LTH2)
[2025-11-04 22:21:57.814] [info] Frame 67 (t = 0.335):	 total squared error = 0.00359243, marker error: RMS = 0.0124977, max = 0.0273783 (LTH2)
[2025-11-04 22:21:57.835] [info] Frame 68 (t = 0.34):	 total squared error = 0.00369400, marker error: RMS = 0.0126731, max = 0.0278966 (LTH2)
[2025-11-04 22:21:57.865] [info] Frame 69 (t = 0.345):	 total squared error = 0.00378685, marker error: RMS = 0.0128314, max = 0.0282568 (LTH2)
[2025-11-04 22:21:57.886] [info] Frame 70 (t = 0.35):	 total squared error = 0.00387301, marker error: RMS = 0.0129766, max = 0.0285601 (LTH2)
[2025-11-04 22:21:57.909] [info] Frame 71 (t = 0.355):	 total squared error = 0.00395242, marker error: RMS = 0.0131089, max = 0.0287891 (LTH2)
[2025-11-04 22:21:57.934] [info] Frame 72 (t = 0.36):	 total squared error = 0.00402406, marker error: RMS = 0.0132272, max = 0.0289118 (LTH2)
[2025-11-04 22:21:57.959] [info] Frame 73 (t = 0.365):	 total squared error = 0.00408520, marker error: RMS = 0.0133273, max = 0.0289653 (LTH2)
[2025-11-04 22:21:57.982] [info] Frame 74 (t = 0.37):	 total squared error = 0.00413475, marker error: RMS = 0.0134079, max = 0.0288605 (LTH2)
[2025-11-04 22:21:58.004] [info] Frame 75 (t = 0.375):	 total squared error = 0.00416912, marker error: RMS = 0.0134635, max = 0.0286662 (LTH2)
[2025-11-04 22:21:58.029] [info] Frame 76 (t = 0.38):	 total squared error = 0.00418489, marker error: RMS = 0.013489, max = 0.0283552 (LTH2)
[2025-11-04 22:21:58.057] [info] Frame 77 (t = 0.385):	 total squared error = 0.00417931, marker error: RMS = 0.01348, max = 0.0279324 (LTH2)
[2025-11-04 22:21:58.081] [info] Frame 78 (t = 0.39):	 total squared error = 0.00415073, marker error: RMS = 0.0134338, max = 0.0273625 (LTH2)
[2025-11-04 22:21:58.104] [info] Frame 79 (t = 0.395):	 total squared error = 0.00409858, marker error: RMS = 0.0133491, max = 0.0265807 (LTH2)
[2025-11-04 22:21:58.123] [info] Frame 80 (t = 0.4):	 total squared error = 0.00402384, marker error: RMS = 0.0132268, max = 0.0257167 (LTH2)
[2025-11-04 22:21:58.151] [info] Frame 81 (t = 0.405000):	 total squared error = 0.00392768, marker error: RMS = 0.0130679, max = 0.0249223 (LTH2)
[2025-11-04 22:21:58.170] [info] Frame 82 (t = 0.41):	 total squared error = 0.00381539, marker error: RMS = 0.0128797, max = 0.0237572 (LTH2)
[2025-11-04 22:21:58.190] [info] Frame 83 (t = 0.415):	 total squared error = 0.00369088, marker error: RMS = 0.0126678, max = 0.0225544 (LTH2)
[2025-11-04 22:21:58.217] [info] Frame 84 (t = 0.42):	 total squared error = 0.00355773, marker error: RMS = 0.0124372, max = 0.0214359 (LTH2)
[2025-11-04 22:21:58.235] [info] Frame 85 (t = 0.425):	 total squared error = 0.00342471, marker error: RMS = 0.0122025, max = 0.0202797 (LSHA2)
[2025-11-04 22:21:58.265] [info] Frame 86 (t = 0.43):	 total squared error = 0.00329203, marker error: RMS = 0.0119638, max = 0.0200011 (LSHA2)
[2025-11-04 22:21:58.288] [info] Frame 87 (t = 0.435):	 total squared error = 0.00316866, marker error: RMS = 0.0117375, max = 0.01974 (LSHA2)
[2025-11-04 22:21:58.323] [info] Frame 88 (t = 0.44):	 total squared error = 0.00305666, marker error: RMS = 0.0115281, max = 0.0194395 (LSHA2)
[2025-11-04 22:21:58.348] [info] Frame 89 (t = 0.445):	 total squared error = 0.00296022, marker error: RMS = 0.0113448, max = 0.0192587 (LSHA2)
[2025-11-04 22:21:58.380] [info] Frame 90 (t = 0.45):	 total squared error = 0.00287967, marker error: RMS = 0.0111894, max = 0.0190686 (LSHA2)
[2025-11-04 22:21:58.396] [info] Frame 91 (t = 0.455):	 total squared error = 0.00282107, marker error: RMS = 0.0110750, max = 0.0190734 (LSHA2)
[2025-11-04 22:21:58.436] [info] Frame 92 (t = 0.46):	 total squared error = 0.00277593, marker error: RMS = 0.0109860, max = 0.0188747 (LSHA2)
[2025-11-04 22:21:58.456] [info] Frame 93 (t = 0.465):	 total squared error = 0.00275341, marker error: RMS = 0.0109414, max = 0.0189002 (LSHA2)
[2025-11-04 22:21:58.471] [info] Frame 94 (t = 0.47):	 total squared error = 0.00275360, marker error: RMS = 0.0109417, max = 0.0190511 (LSHA2)
[2025-11-04 22:21:58.499] [info] Frame 95 (t = 0.475):	 total squared error = 0.00275910, marker error: RMS = 0.0109527, max = 0.0189146 (LSHA2)
[2025-11-04 22:21:58.526] [info] Frame 96 (t = 0.48):	 total squared error = 0.00278670, marker error: RMS = 0.0110073, max = 0.0190343 (LSHA2)
[2025-11-04 22:21:58.542] [info] Frame 97 (t = 0.485):	 total squared error = 0.00283141, marker error: RMS = 0.0110953, max = 0.0193157 (LSHA2)
[2025-11-04 22:21:58.571] [info] Frame 98 (t = 0.49):	 total squared error = 0.00288020, marker error: RMS = 0.0111904, max = 0.0193133 (LSHA2)
[2025-11-04 22:21:58.586] [info] Frame 99 (t = 0.495):	 total squared error = 0.00294565, marker error: RMS = 0.0113169, max = 0.0197218 (LSHA2)
[2025-11-04 22:21:58.620] [info] Frame 100 (t = 0.5):	 total squared error = 0.00300973, marker error: RMS = 0.0114393, max = 0.019828 (LSHA2)
[2025-11-04 22:21:58.636] [info] Frame 101 (t = 0.505000):	 total squared error = 0.00308475, marker error: RMS = 0.011581, max = 0.0202184 (LSHA2)
[2025-11-04 22:21:58.669] [info] Frame 102 (t = 0.51):	 total squared error = 0.00315109, marker error: RMS = 0.0117049, max = 0.0203828 (LSHA2)
[2025-11-04 22:21:58.688] [info] Frame 103 (t = 0.515):	 total squared error = 0.00321953, marker error: RMS = 0.0118313, max = 0.0207852 (LSHA2)
[2025-11-04 22:21:58.716] [info] Frame 104 (t = 0.52):	 total squared error = 0.00327105, marker error: RMS = 0.0119256, max = 0.0208940 (LSHA2)
[2025-11-04 22:21:58.736] [info] Frame 105 (t = 0.525):	 total squared error = 0.00331537, marker error: RMS = 0.0120061, max = 0.0211091 (LSHA2)
[2025-11-04 22:21:58.760] [info] Frame 106 (t = 0.53):	 total squared error = 0.00334171, marker error: RMS = 0.0120537, max = 0.021281 (LSHA2)
[2025-11-04 22:21:58.780] [info] Frame 107 (t = 0.535):	 total squared error = 0.00334263, marker error: RMS = 0.0120554, max = 0.0213576 (LSHA2)
[2025-11-04 22:21:58.800] [info] Frame 108 (t = 0.54):	 total squared error = 0.00331814, marker error: RMS = 0.0120111, max = 0.0211341 (LSHA2)
[2025-11-04 22:21:58.834] [info] Frame 109 (t = 0.545):	 total squared error = 0.00324710, marker error: RMS = 0.0118818, max = 0.0203492 (LSHA2)
[2025-11-04 22:21:58.863] [info] Frame 110 (t = 0.55):	 total squared error = 0.00316608, marker error: RMS = 0.0117327, max = 0.019887 (LSHA2)
[2025-11-04 22:21:58.902] [info] Frame 111 (t = 0.555):	 total squared error = 0.00305673, marker error: RMS = 0.0115283, max = 0.0190577 (LSHA2)
[2025-11-04 22:21:58.928] [info] Frame 112 (t = 0.56):	 total squared error = 0.00292790, marker error: RMS = 0.0112827, max = 0.0183074 (LSHA2)
[2025-11-04 22:21:58.952] [info] Frame 113 (t = 0.565):	 total squared error = 0.00278113, marker error: RMS = 0.0109963, max = 0.0173968 (LSHA2)
[2025-11-04 22:21:58.981] [info] Frame 114 (t = 0.57):	 total squared error = 0.00262180, marker error: RMS = 0.0106767, max = 0.0163197 (LSHA2)
[2025-11-04 22:21:59.011] [info] Frame 115 (t = 0.575):	 total squared error = 0.00245375, marker error: RMS = 0.0103288, max = 0.0150902 (LSHA2)
[2025-11-04 22:21:59.035] [info] Frame 116 (t = 0.58):	 total squared error = 0.00228798, marker error: RMS = 0.00997384, max = 0.0138623 (LSHA2)
[2025-11-04 22:21:59.057] [info] Frame 117 (t = 0.585):	 total squared error = 0.00212779, marker error: RMS = 0.00961834, max = 0.0135903 (XIPH)
[2025-11-04 22:21:59.084] [info] Frame 118 (t = 0.59):	 total squared error = 0.00197818, marker error: RMS = 0.00927404, max = 0.0135555 (XIPH)
[2025-11-04 22:21:59.106] [info] Frame 119 (t = 0.595):	 total squared error = 0.00184440, marker error: RMS = 0.00895495, max = 0.0135055 (XIPH)
[2025-11-04 22:21:59.137] [info] Frame 120 (t = 0.6):	 total squared error = 0.00172687, marker error: RMS = 0.00866494, max = 0.0134515 (XIPH)
[2025-11-04 22:21:59.172] [info] Frame 121 (t = 0.605000):	 total squared error = 0.00163123, marker error: RMS = 0.00842159, max = 0.0133905 (XIPH)
[2025-11-04 22:21:59.197] [info] Frame 122 (t = 0.61):	 total squared error = 0.00155708, marker error: RMS = 0.00822795, max = 0.0133286 (XIPH)
[2025-11-04 22:21:59.220] [info] Frame 123 (t = 0.615):	 total squared error = 0.00150447, marker error: RMS = 0.00808775, max = 0.0133818 (RTOE)
[2025-11-04 22:21:59.247] [info] Frame 124 (t = 0.62):	 total squared error = 0.00147135, marker error: RMS = 0.00799822, max = 0.0133424 (RTOE)
[2025-11-04 22:21:59.276] [info] Frame 125 (t = 0.625):	 total squared error = 0.00145640, marker error: RMS = 0.00795750, max = 0.0134544 (RTOE)
[2025-11-04 22:21:59.308] [info] Frame 126 (t = 0.63):	 total squared error = 0.00145663, marker error: RMS = 0.00795812, max = 0.013595 (RTOE)
[2025-11-04 22:21:59.351] [info] Frame 127 (t = 0.635):	 total squared error = 0.00146958, marker error: RMS = 0.00799343, max = 0.0140510 (RTOE)
[2025-11-04 22:21:59.374] [info] Frame 128 (t = 0.64):	 total squared error = 0.00148994, marker error: RMS = 0.00804861, max = 0.0141158 (RTOE)
[2025-11-04 22:21:59.399] [info] Frame 129 (t = 0.645):	 total squared error = 0.00151599, marker error: RMS = 0.00811867, max = 0.0141493 (RTOE)
[2025-11-04 22:21:59.438] [info] Frame 130 (t = 0.65):	 total squared error = 0.00154447, marker error: RMS = 0.00819456, max = 0.0145595 (RTOE)
[2025-11-04 22:21:59.470] [info] Frame 131 (t = 0.655):	 total squared error = 0.00157299, marker error: RMS = 0.00826988, max = 0.0146 (RTOE)
[2025-11-04 22:21:59.488] [info] Frame 132 (t = 0.66):	 total squared error = 0.00160375, marker error: RMS = 0.00835035, max = 0.014562 (RTOE)
[2025-11-04 22:21:59.510] [info] Frame 133 (t = 0.665):	 total squared error = 0.00162924, marker error: RMS = 0.00841644, max = 0.0145577 (RTOE)
[2025-11-04 22:21:59.561] [info] Frame 134 (t = 0.67):	 total squared error = 0.00164569, marker error: RMS = 0.00845882, max = 0.0153273 (RTOE)
[2025-11-04 22:21:59.577] [info] Frame 135 (t = 0.675):	 total squared error = 0.00166749, marker error: RMS = 0.00851467, max = 0.0155436 (RTOE)
[2025-11-04 22:21:59.603] [info] Frame 136 (t = 0.68):	 total squared error = 0.00168903, marker error: RMS = 0.00856949, max = 0.0153535 (RTOE)
[2025-11-04 22:21:59.618] [info] Frame 137 (t = 0.685):	 total squared error = 0.00171484, marker error: RMS = 0.00863472, max = 0.0157646 (RTOE)
[2025-11-04 22:21:59.667] [info] Frame 138 (t = 0.69):	 total squared error = 0.00172640, marker error: RMS = 0.00866376, max = 0.0158809 (RTOE)
[2025-11-04 22:21:59.685] [info] Frame 139 (t = 0.695):	 total squared error = 0.00175574, marker error: RMS = 0.00873709, max = 0.0160360 (RTOE)
[2025-11-04 22:21:59.711] [info] Frame 140 (t = 0.7):	 total squared error = 0.00178793, marker error: RMS = 0.00881680, max = 0.0160368 (RTOE)
[2025-11-04 22:21:59.747] [info] Frame 141 (t = 0.705000):	 total squared error = 0.00181539, marker error: RMS = 0.00888426, max = 0.0162973 (RTOE)
[2025-11-04 22:21:59.778] [info] Frame 142 (t = 0.71):	 total squared error = 0.00185333, marker error: RMS = 0.00897661, max = 0.0165034 (RTOE)
[2025-11-04 22:21:59.817] [info] Frame 143 (t = 0.715):	 total squared error = 0.00188693, marker error: RMS = 0.00905762, max = 0.0167525 (RTOE)
[2025-11-04 22:21:59.848] [info] Frame 144 (t = 0.72):	 total squared error = 0.00192363, marker error: RMS = 0.00914527, max = 0.0170281 (RTOE)
[2025-11-04 22:21:59.892] [info] Frame 145 (t = 0.725):	 total squared error = 0.00195098, marker error: RMS = 0.00921006, max = 0.0172251 (RTOE)
[2025-11-04 22:21:59.934] [info] Frame 146 (t = 0.73):	 total squared error = 0.00197618, marker error: RMS = 0.00926936, max = 0.017513 (RTOE)
[2025-11-04 22:21:59.961] [info] Frame 147 (t = 0.735):	 total squared error = 0.00199429, marker error: RMS = 0.00931173, max = 0.0178066 (RTOE)
[2025-11-04 22:22:00.020] [info] Frame 148 (t = 0.74):	 total squared error = 0.00199896, marker error: RMS = 0.00932263, max = 0.0179647 (RTOE)
[2025-11-04 22:22:00.058] [info] Frame 149 (t = 0.745):	 total squared error = 0.00199861, marker error: RMS = 0.00932181, max = 0.0182115 (RTOE)
[2025-11-04 22:22:00.102] [info] Frame 150 (t = 0.75):	 total squared error = 0.00199016, marker error: RMS = 0.00930207, max = 0.0183539 (RTOE)
[2025-11-04 22:22:00.137] [info] Frame 151 (t = 0.755):	 total squared error = 0.00197649, marker error: RMS = 0.00927008, max = 0.0184437 (RTOE)
[2025-11-04 22:22:00.184] [info] Frame 152 (t = 0.76):	 total squared error = 0.00195810, marker error: RMS = 0.00922684, max = 0.0184119 (RTOE)
[2025-11-04 22:22:00.226] [info] Frame 153 (t = 0.765):	 total squared error = 0.00193867, marker error: RMS = 0.00918095, max = 0.0184938 (RTHOL)
[2025-11-04 22:22:00.267] [info] Frame 154 (t = 0.77):	 total squared error = 0.00191937, marker error: RMS = 0.00913516, max = 0.0189085 (RTHOL)
[2025-11-04 22:22:00.310] [info] Frame 155 (t = 0.775):	 total squared error = 0.00190019, marker error: RMS = 0.00908939, max = 0.0193171 (RTHOL)
[2025-11-04 22:22:00.349] [info] Frame 156 (t = 0.78):	 total squared error = 0.00188116, marker error: RMS = 0.00904377, max = 0.0196715 (RTHOL)
[2025-11-04 22:22:00.387] [info] Frame 157 (t = 0.785):	 total squared error = 0.00186190, marker error: RMS = 0.00899733, max = 0.0199916 (RTHOL)
[2025-11-04 22:22:00.434] [info] Frame 158 (t = 0.79):	 total squared error = 0.00184188, marker error: RMS = 0.00894883, max = 0.0199549 (RTHOL)
[2025-11-04 22:22:00.468] [info] Frame 159 (t = 0.795):	 total squared error = 0.00182099, marker error: RMS = 0.00889796, max = 0.0202280 (RTHOL)
[2025-11-04 22:22:00.514] [info] Frame 160 (t = 0.8):	 total squared error = 0.00180124, marker error: RMS = 0.00884956, max = 0.0202261 (RTHOL)
[2025-11-04 22:22:00.543] [info] Frame 161 (t = 0.805000):	 total squared error = 0.00179406, marker error: RMS = 0.00883190, max = 0.0208578 (RTHOL)
[2025-11-04 22:22:00.622] [info] Frame 162 (t = 0.81):	 total squared error = 0.00176500, marker error: RMS = 0.00876008, max = 0.0195416 (RTHOL)
[2025-11-04 22:22:00.671] [info] Frame 163 (t = 0.815):	 total squared error = 0.00175529, marker error: RMS = 0.00873596, max = 0.0193004 (RTHOL)
[2025-11-04 22:22:00.735] [info] Frame 164 (t = 0.82):	 total squared error = 0.00175108, marker error: RMS = 0.00872548, max = 0.0188477 (RTHOL)
[2025-11-04 22:22:00.775] [info] Frame 165 (t = 0.825):	 total squared error = 0.00175732, marker error: RMS = 0.00874102, max = 0.0188256 (RTHOL)
[2025-11-04 22:22:00.854] [info] Frame 166 (t = 0.83):	 total squared error = 0.00176949, marker error: RMS = 0.00877123, max = 0.0179278 (RTHOL)
[2025-11-04 22:22:00.912] [info] Frame 167 (t = 0.835):	 total squared error = 0.00179433, marker error: RMS = 0.00883259, max = 0.0177906 (RTHOL)
[2025-11-04 22:22:00.977] [info] Frame 168 (t = 0.84):	 total squared error = 0.00182761, marker error: RMS = 0.00891410, max = 0.0172874 (RTHOL)
[2025-11-04 22:22:01.036] [info] Frame 169 (t = 0.845):	 total squared error = 0.00186728, marker error: RMS = 0.00901033, max = 0.0164894 (RTHOL)
[2025-11-04 22:22:01.078] [info] Frame 170 (t = 0.85):	 total squared error = 0.00191708, marker error: RMS = 0.00912969, max = 0.0162365 (RTHOL)
[2025-11-04 22:22:01.140] [info] Frame 171 (t = 0.855):	 total squared error = 0.00196911, marker error: RMS = 0.00925276, max = 0.0153619 (RTHOL)
[2025-11-04 22:22:01.177] [info] Frame 172 (t = 0.86):	 total squared error = 0.00203439, marker error: RMS = 0.00940487, max = 0.0157236 (RTHOL)
[2025-11-04 22:22:01.225] [info] Frame 173 (t = 0.865):	 total squared error = 0.00209153, marker error: RMS = 0.00953604, max = 0.0156371 (RSHAOL)
[2025-11-04 22:22:01.282] [info] Frame 174 (t = 0.87):	 total squared error = 0.00214587, marker error: RMS = 0.00965913, max = 0.0164381 (RSHAOL)
[2025-11-04 22:22:01.338] [info] Frame 175 (t = 0.875):	 total squared error = 0.00220667, marker error: RMS = 0.00979500, max = 0.0169669 (RSHAOL)
[2025-11-04 22:22:01.374] [info] Frame 176 (t = 0.88):	 total squared error = 0.00227004, marker error: RMS = 0.00993466, max = 0.0174658 (RSHAOL)
[2025-11-04 22:22:01.431] [info] Frame 177 (t = 0.885):	 total squared error = 0.00233148, marker error: RMS = 0.0100682, max = 0.0181766 (RSHAOL)
[2025-11-04 22:22:01.458] [info] Frame 178 (t = 0.89):	 total squared error = 0.00239545, marker error: RMS = 0.0102054, max = 0.0187557 (RSHAOL)
[2025-11-04 22:22:01.485] [info] Frame 179 (t = 0.895):	 total squared error = 0.00245992, marker error: RMS = 0.0103418, max = 0.0193852 (RSHAOL)
[2025-11-04 22:22:01.508] [info] Frame 180 (t = 0.9):	 total squared error = 0.00252245, marker error: RMS = 0.0104724, max = 0.0200031 (RSHAOL)
[2025-11-04 22:22:01.535] [info] Frame 181 (t = 0.905000):	 total squared error = 0.00258039, marker error: RMS = 0.0105920, max = 0.0206456 (RSHAOL)
[2025-11-04 22:22:01.562] [info] Frame 182 (t = 0.91):	 total squared error = 0.00263066, marker error: RMS = 0.0106947, max = 0.0212899 (RSHAOL)
[2025-11-04 22:22:01.591] [info] Frame 183 (t = 0.915):	 total squared error = 0.00267036, marker error: RMS = 0.0107751, max = 0.0218243 (RSHAOL)
[2025-11-04 22:22:01.615] [info] Frame 184 (t = 0.92):	 total squared error = 0.00269619, marker error: RMS = 0.0108271, max = 0.022243 (RSHAOL)
[2025-11-04 22:22:01.639] [info] Frame 185 (t = 0.925):	 total squared error = 0.00270599, marker error: RMS = 0.0108467, max = 0.0225467 (RSHAOL)
[2025-11-04 22:22:01.674] [info] Frame 186 (t = 0.93):	 total squared error = 0.00269713, marker error: RMS = 0.0108290, max = 0.0227179 (RSHAOL)
[2025-11-04 22:22:01.714] [info] Frame 187 (t = 0.935):	 total squared error = 0.00266860, marker error: RMS = 0.0107715, max = 0.0227188 (RSHAOL)
[2025-11-04 22:22:01.737] [info] Frame 188 (t = 0.94):	 total squared error = 0.00262089, marker error: RMS = 0.0106748, max = 0.0225933 (RSHAOL)
[2025-11-04 22:22:01.775] [info] Frame 189 (t = 0.945):	 total squared error = 0.00255521, marker error: RMS = 0.0105402, max = 0.0223044 (RSHAOL)
[2025-11-04 22:22:01.826] [info] Frame 190 (t = 0.95):	 total squared error = 0.00247295, marker error: RMS = 0.0103692, max = 0.0217666 (RSHAOL)
[2025-11-04 22:22:01.858] [info] Frame 191 (t = 0.955):	 total squared error = 0.00237916, marker error: RMS = 0.0101706, max = 0.0212836 (RSHAOL)
[2025-11-04 22:22:01.889] [info] Frame 192 (t = 0.96):	 total squared error = 0.00227745, marker error: RMS = 0.00995085, max = 0.0206797 (RSHAOL)
[2025-11-04 22:22:01.936] [info] Frame 193 (t = 0.965):	 total squared error = 0.00216667, marker error: RMS = 0.00970582, max = 0.0197473 (RSHAOL)
[2025-11-04 22:22:01.952] [info] Frame 194 (t = 0.97):	 total squared error = 0.00206368, marker error: RMS = 0.00947234, max = 0.0190696 (RSHAOL)
[2025-11-04 22:22:01.975] [info] Frame 195 (t = 0.975):	 total squared error = 0.00195338, marker error: RMS = 0.00921573, max = 0.0183761 (RSHAOL)
[2025-11-04 22:22:02.010] [info] Frame 196 (t = 0.98):	 total squared error = 0.00184437, marker error: RMS = 0.00895489, max = 0.0172377 (RSHAOL)
[2025-11-04 22:22:02.039] [info] Frame 197 (t = 0.985):	 total squared error = 0.00174935, marker error: RMS = 0.00872116, max = 0.0165057 (RSHAOL)
[2025-11-04 22:22:02.091] [info] Frame 198 (t = 0.99):	 total squared error = 0.00165986, marker error: RMS = 0.00849516, max = 0.0154242 (RSHAOL)
[2025-11-04 22:22:02.124] [info] Frame 199 (t = 0.995):	 total squared error = 0.00158366, marker error: RMS = 0.00829789, max = 0.0147289 (RSHAOL)
[2025-11-04 22:22:02.162] [info] Frame 200 (t = 1.0):	 total squared error = 0.00151968, marker error: RMS = 0.00812854, max = 0.0140486 (RSHAOL)
[2025-11-04 22:22:02.214] [info] Frame 201 (t = 1.00500):	 total squared error = 0.00146168, marker error: RMS = 0.00797190, max = 0.0131267 (RM5)
[2025-11-04 22:22:02.248] [info] Frame 202 (t = 1.01):	 total squared error = 0.00142051, marker error: RMS = 0.00785884, max = 0.0130951 (RM5)
[2025-11-04 22:22:02.285] [info] Frame 203 (t = 1.015):	 total squared error = 0.00139101, marker error: RMS = 0.00777682, max = 0.0130590 (RM5)
[2025-11-04 22:22:02.309] [info] Frame 204 (t = 1.02):	 total squared error = 0.00137900, marker error: RMS = 0.00774317, max = 0.0129361 (RM5)
[2025-11-04 22:22:02.363] [info] Frame 205 (t = 1.025):	 total squared error = 0.00136203, marker error: RMS = 0.00769537, max = 0.0129941 (RM5)
[2025-11-04 22:22:02.397] [info] Frame 206 (t = 1.03):	 total squared error = 0.00136657, marker error: RMS = 0.00770818, max = 0.0130979 (RM5)
[2025-11-04 22:22:02.441] [info] Frame 207 (t = 1.035):	 total squared error = 0.00137759, marker error: RMS = 0.00773920, max = 0.0131322 (RM5)
[2025-11-04 22:22:02.476] [info] Frame 208 (t = 1.04):	 total squared error = 0.00140047, marker error: RMS = 0.00780319, max = 0.0132926 (RM5)
[2025-11-04 22:22:02.500] [info] Frame 209 (t = 1.045):	 total squared error = 0.00143525, marker error: RMS = 0.00789951, max = 0.0133698 (RM5)
[2025-11-04 22:22:02.546] [info] Frame 210 (t = 1.05):	 total squared error = 0.00146440, marker error: RMS = 0.00797932, max = 0.0135342 (RM5)
[2025-11-04 22:22:02.572] [info] Frame 211 (t = 1.055):	 total squared error = 0.00150830, marker error: RMS = 0.00809804, max = 0.013689 (RM5)
[2025-11-04 22:22:02.623] [info] Frame 212 (t = 1.06):	 total squared error = 0.00154921, marker error: RMS = 0.00820713, max = 0.0139291 (RM5)
[2025-11-04 22:22:02.646] [info] Frame 213 (t = 1.065):	 total squared error = 0.00159763, marker error: RMS = 0.00833440, max = 0.0140728 (RM5)
[2025-11-04 22:22:02.672] [info] Frame 214 (t = 1.07):	 total squared error = 0.00164714, marker error: RMS = 0.00846256, max = 0.0141759 (RM5)
[2025-11-04 22:22:02.723] [info] Frame 215 (t = 1.075):	 total squared error = 0.00167961, marker error: RMS = 0.00854556, max = 0.0144471 (RM5)
[2025-11-04 22:22:02.749] [info] Frame 216 (t = 1.08):	 total squared error = 0.00171781, marker error: RMS = 0.00864218, max = 0.0145010 (RM5)
[2025-11-04 22:22:02.796] [info] Frame 217 (t = 1.085):	 total squared error = 0.00174464, marker error: RMS = 0.00870942, max = 0.0146703 (RM5)
[2025-11-04 22:22:02.825] [info] Frame 218 (t = 1.09):	 total squared error = 0.00176614, marker error: RMS = 0.00876292, max = 0.0145986 (RM5)
[2025-11-04 22:22:02.868] [info] Frame 219 (t = 1.095):	 total squared error = 0.00177403, marker error: RMS = 0.00878246, max = 0.0146158 (RM5)
[2025-11-04 22:22:02.896] [info] Frame 220 (t = 1.1):	 total squared error = 0.00177284, marker error: RMS = 0.00877951, max = 0.0143806 (RM5)
[2025-11-04 22:22:02.923] [info] Frame 221 (t = 1.10500):	 total squared error = 0.00175938, marker error: RMS = 0.00874614, max = 0.0140902 (RM5)
[2025-11-04 22:22:02.965] [info] Frame 222 (t = 1.11):	 total squared error = 0.00172926, marker error: RMS = 0.00867095, max = 0.0139284 (RM5)
[2025-11-04 22:22:02.987] [info] Frame 223 (t = 1.115):	 total squared error = 0.00169143, marker error: RMS = 0.00857558, max = 0.0136799 (XIPH)
[2025-11-04 22:22:03.018] [info] Frame 224 (t = 1.12):	 total squared error = 0.00164369, marker error: RMS = 0.00845369, max = 0.0138363 (XIPH)
[2025-11-04 22:22:03.054] [info] Frame 225 (t = 1.125):	 total squared error = 0.00158823, marker error: RMS = 0.00830985, max = 0.0139875 (XIPH)
[2025-11-04 22:22:03.087] [info] Frame 226 (t = 1.13):	 total squared error = 0.00152862, marker error: RMS = 0.00815240, max = 0.0141334 (XIPH)
[2025-11-04 22:22:03.119] [info] Frame 227 (t = 1.135):	 total squared error = 0.00146812, marker error: RMS = 0.00798945, max = 0.0142941 (XIPH)
[2025-11-04 22:22:03.149] [info] Frame 228 (t = 1.14):	 total squared error = 0.00141051, marker error: RMS = 0.00783113, max = 0.0144643 (XIPH)
[2025-11-04 22:22:03.185] [info] Frame 229 (t = 1.145):	 total squared error = 0.00135903, marker error: RMS = 0.00768689, max = 0.0145737 (XIPH)
[2025-11-04 22:22:03.215] [info] Frame 230 (t = 1.15):	 total squared error = 0.00131695, marker error: RMS = 0.00756694, max = 0.0147419 (XIPH)
[2025-11-04 22:22:03.247] [info] Frame 231 (t = 1.155):	 total squared error = 0.00128613, marker error: RMS = 0.00747787, max = 0.0148749 (XIPH)
[2025-11-04 22:22:03.291] [info] Frame 232 (t = 1.16):	 total squared error = 0.00126787, marker error: RMS = 0.00742460, max = 0.0150272 (XIPH)
[2025-11-04 22:22:03.320] [info] Frame 233 (t = 1.165):	 total squared error = 0.00126141, marker error: RMS = 0.00740566, max = 0.0151382 (XIPH)
[2025-11-04 22:22:03.347] [info] Frame 234 (t = 1.17):	 total squared error = 0.00126740, marker error: RMS = 0.00742324, max = 0.0152294 (XIPH)
[2025-11-04 22:22:03.387] [info] Frame 235 (t = 1.175):	 total squared error = 0.00128334, marker error: RMS = 0.00746976, max = 0.0153444 (XIPH)
[2025-11-04 22:22:03.417] [info] Frame 236 (t = 1.18):	 total squared error = 0.00130695, marker error: RMS = 0.00753816, max = 0.0154305 (XIPH)
[2025-11-04 22:22:03.445] [info] Frame 237 (t = 1.185):	 total squared error = 0.00133668, marker error: RMS = 0.00762342, max = 0.0155097 (XIPH)
[2025-11-04 22:22:03.471] [info] Frame 238 (t = 1.19):	 total squared error = 0.00136969, marker error: RMS = 0.00771699, max = 0.015542 (XIPH)
[2025-11-04 22:22:03.494] [info] Frame 239 (t = 1.195):	 total squared error = 0.00140509, marker error: RMS = 0.00781606, max = 0.0155577 (XIPH)
[2025-11-04 22:22:03.529] [info] Frame 240 (t = 1.2):	 total squared error = 0.00143347, marker error: RMS = 0.00789460, max = 0.0155824 (XIPH)
[2025-11-04 22:22:03.577] [info] Frame 241 (t = 1.20500):	 total squared error = 0.00146083, marker error: RMS = 0.00796959, max = 0.0157399 (XIPH)
[2025-11-04 22:22:03.610] [info] Frame 242 (t = 1.21):	 total squared error = 0.00148519, marker error: RMS = 0.00803575, max = 0.0158323 (XIPH)
[2025-11-04 22:22:03.646] [info] Frame 243 (t = 1.215):	 total squared error = 0.00150517, marker error: RMS = 0.00808962, max = 0.0158991 (XIPH)
[2025-11-04 22:22:03.668] [info] Frame 244 (t = 1.22):	 total squared error = 0.00152326, marker error: RMS = 0.00813810, max = 0.0160486 (XIPH)
[2025-11-04 22:22:03.684] [info] Frame 245 (t = 1.225):	 total squared error = 0.00154102, marker error: RMS = 0.00818541, max = 0.0162765 (XIPH)
[2025-11-04 22:22:03.710] [info] Frame 246 (t = 1.23):	 total squared error = 0.00155424, marker error: RMS = 0.00822045, max = 0.0162040 (XIPH)
[2025-11-04 22:22:03.729] [info] Frame 247 (t = 1.235):	 total squared error = 0.00157109, marker error: RMS = 0.00826488, max = 0.0164131 (XIPH)
[2025-11-04 22:22:03.770] [info] Frame 248 (t = 1.24):	 total squared error = 0.00156522, marker error: RMS = 0.00824941, max = 0.0163648 (XIPH)
[2025-11-04 22:22:03.796] [info] Frame 249 (t = 1.245):	 total squared error = 0.00157732, marker error: RMS = 0.00828124, max = 0.0164489 (XIPH)
[2025-11-04 22:22:03.828] [info] Frame 250 (t = 1.25):	 total squared error = 0.00158811, marker error: RMS = 0.00830952, max = 0.0164447 (XIPH)
[2025-11-04 22:22:03.868] [info] Frame 251 (t = 1.255):	 total squared error = 0.00159080, marker error: RMS = 0.00831655, max = 0.0164668 (XIPH)
[2025-11-04 22:22:03.896] [info] Frame 252 (t = 1.26):	 total squared error = 0.00160062, marker error: RMS = 0.00834219, max = 0.0165101 (XIPH)
[2025-11-04 22:22:03.940] [info] Frame 253 (t = 1.265):	 total squared error = 0.00160162, marker error: RMS = 0.00834480, max = 0.0164417 (XIPH)
[2025-11-04 22:22:03.975] [info] Frame 254 (t = 1.27):	 total squared error = 0.00160633, marker error: RMS = 0.00835707, max = 0.0164047 (XIPH)
[2025-11-04 22:22:04.029] [info] Frame 255 (t = 1.275):	 total squared error = 0.00160393, marker error: RMS = 0.00835080, max = 0.016322 (XIPH)
[2025-11-04 22:22:04.057] [info] Frame 256 (t = 1.28):	 total squared error = 0.00160416, marker error: RMS = 0.00835142, max = 0.0162342 (XIPH)
[2025-11-04 22:22:04.089] [info] Frame 257 (t = 1.285):	 total squared error = 0.00160133, marker error: RMS = 0.00834404, max = 0.0160728 (XIPH)
[2025-11-04 22:22:04.122] [info] Frame 258 (t = 1.29):	 total squared error = 0.00159947, marker error: RMS = 0.00833920, max = 0.0159426 (XIPH)
[2025-11-04 22:22:04.169] [info] Frame 259 (t = 1.295):	 total squared error = 0.00159224, marker error: RMS = 0.00832033, max = 0.0156871 (XIPH)
[2025-11-04 22:22:04.208] [info] Frame 260 (t = 1.3):	 total squared error = 0.00159632, marker error: RMS = 0.00833097, max = 0.0155391 (XIPH)
[2025-11-04 22:22:04.244] [info] Frame 261 (t = 1.30500):	 total squared error = 0.00160595, marker error: RMS = 0.00835608, max = 0.0153131 (XIPH)
[2025-11-04 22:22:04.273] [info] Frame 262 (t = 1.31):	 total squared error = 0.00162283, marker error: RMS = 0.00839988, max = 0.0150389 (XIPH)
[2025-11-04 22:22:04.306] [info] Frame 263 (t = 1.315):	 total squared error = 0.00164716, marker error: RMS = 0.00846259, max = 0.0148671 (LTH2)
[2025-11-04 22:22:04.332] [info] Frame 264 (t = 1.32):	 total squared error = 0.00167974, marker error: RMS = 0.00854588, max = 0.0157963 (LTH2)
[2025-11-04 22:22:04.387] [info] Frame 265 (t = 1.325):	 total squared error = 0.00171220, marker error: RMS = 0.00862807, max = 0.0158829 (LTH2)
[2025-11-04 22:22:04.422] [info] Frame 266 (t = 1.33):	 total squared error = 0.00175458, marker error: RMS = 0.00873419, max = 0.0167607 (LTH2)
[2025-11-04 22:22:04.466] [info] Frame 267 (t = 1.335):	 total squared error = 0.00179945, marker error: RMS = 0.00884516, max = 0.0171161 (LTH2)
[2025-11-04 22:22:04.494] [info] Frame 268 (t = 1.34):	 total squared error = 0.00184920, marker error: RMS = 0.00896661, max = 0.0178965 (LTH2)
[2025-11-04 22:22:04.521] [info] Frame 269 (t = 1.345):	 total squared error = 0.00190791, marker error: RMS = 0.00910784, max = 0.0190054 (LTH2)
[2025-11-04 22:22:04.557] [info] Frame 270 (t = 1.35):	 total squared error = 0.00196489, marker error: RMS = 0.00924284, max = 0.0195030 (LTH2)
[2025-11-04 22:22:04.610] [info] Frame 271 (t = 1.355):	 total squared error = 0.00200885, marker error: RMS = 0.00934566, max = 0.0187588 (LTH2)
[2025-11-04 22:22:04.665] [info] Frame 272 (t = 1.36):	 total squared error = 0.00207307, marker error: RMS = 0.00949386, max = 0.0191621 (LTH2)
[2025-11-04 22:22:04.722] [info] Frame 273 (t = 1.365):	 total squared error = 0.00214459, marker error: RMS = 0.00965624, max = 0.0194947 (LTH2)
[2025-11-04 22:22:04.765] [info] Frame 274 (t = 1.37):	 total squared error = 0.00222853, marker error: RMS = 0.00984341, max = 0.0201303 (LTH2)
[2025-11-04 22:22:04.800] [info] Frame 275 (t = 1.375):	 total squared error = 0.00232339, marker error: RMS = 0.0100507, max = 0.0206105 (LTH2)
[2025-11-04 22:22:04.856] [info] Frame 276 (t = 1.38):	 total squared error = 0.00242441, marker error: RMS = 0.0102669, max = 0.0206230 (LTH2)
[2025-11-04 22:22:04.880] [info] Frame 277 (t = 1.385):	 total squared error = 0.00255422, marker error: RMS = 0.0105382, max = 0.0216316 (LTH2)
[2025-11-04 22:22:04.927] [info] Frame 278 (t = 1.39):	 total squared error = 0.00266521, marker error: RMS = 0.0107647, max = 0.0214747 (LTH2)
[2025-11-04 22:22:04.949] [info] Frame 279 (t = 1.395):	 total squared error = 0.00280697, marker error: RMS = 0.0110473, max = 0.0223845 (LTH2)
[2025-11-04 22:22:04.988] [info] Frame 280 (t = 1.4):	 total squared error = 0.00293359, marker error: RMS = 0.0112937, max = 0.0226846 (LTH2)
[2025-11-04 22:22:05.010] [info] Frame 281 (t = 1.40500):	 total squared error = 0.00307736, marker error: RMS = 0.0115671, max = 0.0234608 (LTH2)
[2025-11-04 22:22:05.054] [info] Frame 282 (t = 1.41):	 total squared error = 0.00319576, marker error: RMS = 0.0117875, max = 0.0235225 (LTH2)
[2025-11-04 22:22:05.097] [info] Frame 283 (t = 1.415):	 total squared error = 0.00332129, marker error: RMS = 0.0120168, max = 0.0239817 (LTH2)
[2025-11-04 22:22:05.131] [info] Frame 284 (t = 1.42):	 total squared error = 0.00344164, marker error: RMS = 0.0122326, max = 0.0245976 (LTH2)
[2025-11-04 22:22:05.173] [info] Frame 285 (t = 1.425):	 total squared error = 0.00355578, marker error: RMS = 0.0124338, max = 0.0251548 (LTH2)
[2025-11-04 22:22:05.203] [info] Frame 286 (t = 1.43):	 total squared error = 0.00366536, marker error: RMS = 0.0126239, max = 0.0256668 (LTH2)
[2025-11-04 22:22:05.247] [info] Frame 287 (t = 1.435):	 total squared error = 0.00376794, marker error: RMS = 0.0127994, max = 0.0260538 (LTH2)
[2025-11-04 22:22:05.268] [info] Frame 288 (t = 1.44):	 total squared error = 0.00386868, marker error: RMS = 0.0129693, max = 0.0264937 (LTH2)
[2025-11-04 22:22:05.314] [info] Frame 289 (t = 1.445):	 total squared error = 0.00396049, marker error: RMS = 0.0131223, max = 0.0268251 (LTH2)
[2025-11-04 22:22:05.352] [info] Frame 290 (t = 1.45):	 total squared error = 0.00404674, marker error: RMS = 0.0132644, max = 0.0271157 (LTH2)
[2025-11-04 22:22:05.384] [info] Frame 291 (t = 1.455):	 total squared error = 0.00412282, marker error: RMS = 0.0133885, max = 0.0272879 (LTH2)
[2025-11-04 22:22:05.418] [info] Frame 292 (t = 1.46):	 total squared error = 0.00418494, marker error: RMS = 0.013489, max = 0.0274095 (LTH2)
[2025-11-04 22:22:05.455] [info] Frame 293 (t = 1.465):	 total squared error = 0.00422896, marker error: RMS = 0.0135598, max = 0.0273804 (LTH2)
[2025-11-04 22:22:05.486] [info] Frame 294 (t = 1.47):	 total squared error = 0.00425147, marker error: RMS = 0.0135958, max = 0.0272496 (LTH2)
[2025-11-04 22:22:05.514] [info] Frame 295 (t = 1.475):	 total squared error = 0.00424911, marker error: RMS = 0.0135921, max = 0.0270007 (LTH2)
[2025-11-04 22:22:05.546] [info] Frame 296 (t = 1.48):	 total squared error = 0.00421972, marker error: RMS = 0.013545, max = 0.0267045 (LTH2)
[2025-11-04 22:22:05.572] [info] Frame 297 (t = 1.485):	 total squared error = 0.00416309, marker error: RMS = 0.0134538, max = 0.0262256 (LTH2)
[2025-11-04 22:22:05.599] [info] Frame 298 (t = 1.49):	 total squared error = 0.00408068, marker error: RMS = 0.0133199, max = 0.0256608 (LTH2)
[2025-11-04 22:22:05.626] [info] Frame 299 (t = 1.495):	 total squared error = 0.00397536, marker error: RMS = 0.0131469, max = 0.0249932 (LTH2)
[2025-11-04 22:22:05.658] [info] Frame 300 (t = 1.5):	 total squared error = 0.00385152, marker error: RMS = 0.0129405, max = 0.0242042 (LTH2)
[2025-11-04 22:22:05.700] [info] Frame 301 (t = 1.50500):	 total squared error = 0.00371301, marker error: RMS = 0.0127057, max = 0.0234843 (LTH2)
[2025-11-04 22:22:05.725] [info] Frame 302 (t = 1.51):	 total squared error = 0.00356714, marker error: RMS = 0.0124536, max = 0.0224305 (LTH2)
[2025-11-04 22:22:05.750] [info] Frame 303 (t = 1.515):	 total squared error = 0.00341782, marker error: RMS = 0.0121902, max = 0.0212993 (LTH2)
[2025-11-04 22:22:05.774] [info] Frame 304 (t = 1.52):	 total squared error = 0.00326967, marker error: RMS = 0.0119231, max = 0.0200941 (LTH2)
[2025-11-04 22:22:05.814] [info] Frame 305 (t = 1.525):	 total squared error = 0.00312581, marker error: RMS = 0.0116578, max = 0.0190877 (LTH2)
[2025-11-04 22:22:05.861] [info] Frame 306 (t = 1.53):	 total squared error = 0.00299294, marker error: RMS = 0.0114074, max = 0.018379 (LSHA2)
[2025-11-04 22:22:05.892] [info] Frame 307 (t = 1.535):	 total squared error = 0.00287213, marker error: RMS = 0.0111748, max = 0.0179445 (LSHA2)
[2025-11-04 22:22:05.932] [info] Frame 308 (t = 1.54):	 total squared error = 0.00276616, marker error: RMS = 0.0109667, max = 0.0175137 (LSHA2)
[2025-11-04 22:22:05.972] [info] Frame 309 (t = 1.545):	 total squared error = 0.00267753, marker error: RMS = 0.0107896, max = 0.0171555 (LSHA2)
[2025-11-04 22:22:06.004] [info] Frame 310 (t = 1.55):	 total squared error = 0.00260775, marker error: RMS = 0.0106480, max = 0.0169526 (LSHA2)
[2025-11-04 22:22:06.046] [info] Frame 311 (t = 1.555):	 total squared error = 0.00255579, marker error: RMS = 0.0105414, max = 0.0167377 (LSHA2)
[2025-11-04 22:22:06.077] [info] Frame 312 (t = 1.56):	 total squared error = 0.00252513, marker error: RMS = 0.0104780, max = 0.0166848 (LSHA2)
[2025-11-04 22:22:06.098] [info] Frame 313 (t = 1.565):	 total squared error = 0.00251958, marker error: RMS = 0.0104665, max = 0.0167832 (LSHA2)
[2025-11-04 22:22:06.139] [info] Frame 314 (t = 1.57):	 total squared error = 0.00251797, marker error: RMS = 0.0104631, max = 0.0166127 (LSHA2)
[2025-11-04 22:22:06.162] [info] Frame 315 (t = 1.575):	 total squared error = 0.00254474, marker error: RMS = 0.0105186, max = 0.0168375 (LSHA2)
[2025-11-04 22:22:06.197] [info] Frame 316 (t = 1.58):	 total squared error = 0.00258016, marker error: RMS = 0.0105916, max = 0.0169003 (LSHA2)
[2025-11-04 22:22:06.231] [info] Frame 317 (t = 1.585):	 total squared error = 0.00263261, marker error: RMS = 0.0106987, max = 0.0170734 (LSHA2)
[2025-11-04 22:22:06.253] [info] Frame 318 (t = 1.59):	 total squared error = 0.00270000, marker error: RMS = 0.0108347, max = 0.0174518 (LSHA2)
[2025-11-04 22:22:06.275] [info] Frame 319 (t = 1.595):	 total squared error = 0.00277840, marker error: RMS = 0.0109909, max = 0.0178953 (LSHA2)
[2025-11-04 22:22:06.316] [info] Frame 320 (t = 1.6):	 total squared error = 0.00284369, marker error: RMS = 0.0111193, max = 0.0177913 (LSHA2)
[2025-11-04 22:22:06.337] [info] Frame 321 (t = 1.60500):	 total squared error = 0.00292571, marker error: RMS = 0.0112785, max = 0.0181982 (LSHA2)
[2025-11-04 22:22:06.373] [info] Frame 322 (t = 1.61):	 total squared error = 0.00299735, marker error: RMS = 0.0114158, max = 0.0182803 (LSHA2)
[2025-11-04 22:22:06.408] [info] Frame 323 (t = 1.615):	 total squared error = 0.00306736, marker error: RMS = 0.0115483, max = 0.0184438 (LSHA2)
[2025-11-04 22:22:06.437] [info] Frame 324 (t = 1.62):	 total squared error = 0.00312882, marker error: RMS = 0.0116634, max = 0.0186904 (LSHA2)
[2025-11-04 22:22:06.459] [info] Frame 325 (t = 1.625):	 total squared error = 0.00318132, marker error: RMS = 0.0117609, max = 0.0187846 (LSHA2)
[2025-11-04 22:22:06.499] [info] Frame 326 (t = 1.63):	 total squared error = 0.00320600, marker error: RMS = 0.0118064, max = 0.0185782 (LSHA2)
[2025-11-04 22:22:06.537] [info] Frame 327 (t = 1.635):	 total squared error = 0.00321942, marker error: RMS = 0.0118311, max = 0.0184361 (LSHA2)
[2025-11-04 22:22:06.578] [info] Frame 328 (t = 1.64):	 total squared error = 0.00321258, marker error: RMS = 0.0118185, max = 0.0181979 (LSHA2)
[2025-11-04 22:22:06.597] [info] Frame 329 (t = 1.645):	 total squared error = 0.00318819, marker error: RMS = 0.0117736, max = 0.0178094 (LSHA2)
[2025-11-04 22:22:06.641] [info] Frame 330 (t = 1.65):	 total squared error = 0.00313480, marker error: RMS = 0.0116746, max = 0.017415 (LSHA2)
[2025-11-04 22:22:06.665] [info] Frame 331 (t = 1.655):	 total squared error = 0.00306740, marker error: RMS = 0.0115484, max = 0.0167858 (LSHA2)
[2025-11-04 22:22:06.688] [info] Frame 332 (t = 1.66):	 total squared error = 0.00297910, marker error: RMS = 0.011381, max = 0.0163652 (LSHA2)
[2025-11-04 22:22:06.732] [info] Frame 333 (t = 1.665):	 total squared error = 0.00286851, marker error: RMS = 0.0111677, max = 0.0154251 (LTH2)
[2025-11-04 22:22:06.760] [info] Frame 334 (t = 1.67):	 total squared error = 0.00274966, marker error: RMS = 0.0109339, max = 0.0153866 (RTOE)
[2025-11-04 22:22:06.788] [info] Frame 335 (t = 1.675):	 total squared error = 0.00262103, marker error: RMS = 0.0106751, max = 0.0153718 (RTOE)
[2025-11-04 22:22:06.816] [info] Frame 336 (t = 1.68):	 total squared error = 0.00248732, marker error: RMS = 0.0103992, max = 0.0154194 (RTOE)
[2025-11-04 22:22:06.848] [info] Frame 337 (t = 1.685):	 total squared error = 0.00235319, marker error: RMS = 0.0101150, max = 0.0154822 (RTOE)
[2025-11-04 22:22:06.897] [info] Frame 338 (t = 1.69):	 total squared error = 0.00222083, marker error: RMS = 0.00982639, max = 0.0155833 (RTOE)
[2025-11-04 22:22:06.927] [info] Frame 339 (t = 1.695):	 total squared error = 0.00210126, marker error: RMS = 0.00955820, max = 0.0155482 (RTOE)
[2025-11-04 22:22:06.954] [info] Frame 340 (t = 1.7):	 total squared error = 0.00199544, marker error: RMS = 0.00931441, max = 0.0155257 (RTOE)
[2025-11-04 22:22:06.984] [info] Frame 341 (t = 1.70500):	 total squared error = 0.00190664, marker error: RMS = 0.00910481, max = 0.0155152 (RTOE)
[2025-11-04 22:22:07.013] [info] Frame 342 (t = 1.71):	 total squared error = 0.00183711, marker error: RMS = 0.00893725, max = 0.0154959 (RTOE)
[2025-11-04 22:22:07.043] [info] Frame 343 (t = 1.715):	 total squared error = 0.00178771, marker error: RMS = 0.00881625, max = 0.0154791 (RTOE)
[2025-11-04 22:22:07.070] [info] Frame 344 (t = 1.72):	 total squared error = 0.00175767, marker error: RMS = 0.00874188, max = 0.0154968 (RTOE)
[2025-11-04 22:22:07.097] [info] Frame 345 (t = 1.725):	 total squared error = 0.00174505, marker error: RMS = 0.00871045, max = 0.0154538 (RTOE)
[2025-11-04 22:22:07.122] [info] Frame 346 (t = 1.73):	 total squared error = 0.00174662, marker error: RMS = 0.00871436, max = 0.0154692 (RTOE)
[2025-11-04 22:22:07.151] [info] Frame 347 (t = 1.735):	 total squared error = 0.00175821, marker error: RMS = 0.00874321, max = 0.0154516 (RTOE)
[2025-11-04 22:22:07.191] [info] Frame 348 (t = 1.74):	 total squared error = 0.00177571, marker error: RMS = 0.00878663, max = 0.0158794 (RTOE)
[2025-11-04 22:22:07.217] [info] Frame 349 (t = 1.745):	 total squared error = 0.00179565, marker error: RMS = 0.00883582, max = 0.0158413 (RTOE)
[2025-11-04 22:22:07.247] [info] Frame 350 (t = 1.75):	 total squared error = 0.00181550, marker error: RMS = 0.00888452, max = 0.0158082 (RTOE)
[2025-11-04 22:22:07.274] [info] Frame 351 (t = 1.755):	 total squared error = 0.00183371, marker error: RMS = 0.00892897, max = 0.0158148 (RTOE)
[2025-11-04 22:22:07.306] [info] Frame 352 (t = 1.76):	 total squared error = 0.00184845, marker error: RMS = 0.00896479, max = 0.0162122 (RTOE)
[2025-11-04 22:22:07.320] [info] Frame 353 (t = 1.765):	 total squared error = 0.00186436, marker error: RMS = 0.00900327, max = 0.0163301 (RTOE)
[2025-11-04 22:22:07.344] [info] Frame 354 (t = 1.77):	 total squared error = 0.00188204, marker error: RMS = 0.00904588, max = 0.0160306 (RTOE)
[2025-11-04 22:22:07.389] [info] Frame 355 (t = 1.775):	 total squared error = 0.00189759, marker error: RMS = 0.00908317, max = 0.0164153 (RTOE)
[2025-11-04 22:22:07.412] [info] Frame 356 (t = 1.78):	 total squared error = 0.00192258, marker error: RMS = 0.00914278, max = 0.0163821 (RTOE)
[2025-11-04 22:22:07.441] [info] Frame 357 (t = 1.785):	 total squared error = 0.00195288, marker error: RMS = 0.00921454, max = 0.0165194 (RTOE)
[2025-11-04 22:22:07.480] [info] Frame 358 (t = 1.79):	 total squared error = 0.00198335, marker error: RMS = 0.00928616, max = 0.0167283 (RTOE)
[2025-11-04 22:22:07.504] [info] Frame 359 (t = 1.795):	 total squared error = 0.00202218, marker error: RMS = 0.00937662, max = 0.0167316 (RTOE)
[2025-11-04 22:22:07.543] [info] Frame 360 (t = 1.8):	 total squared error = 0.00205840, marker error: RMS = 0.00946022, max = 0.0169949 (RTOE)
[2025-11-04 22:22:07.574] [info] Frame 361 (t = 1.80500):	 total squared error = 0.00209533, marker error: RMS = 0.00954471, max = 0.0171072 (RTOE)
[2025-11-04 22:22:07.605] [info] Frame 362 (t = 1.81):	 total squared error = 0.00212636, marker error: RMS = 0.00961512, max = 0.0173055 (RTOE)
[2025-11-04 22:22:07.648] [info] Frame 363 (t = 1.815):	 total squared error = 0.00214582, marker error: RMS = 0.00965901, max = 0.0172876 (RTOE)
[2025-11-04 22:22:07.669] [info] Frame 364 (t = 1.82):	 total squared error = 0.00215704, marker error: RMS = 0.00968423, max = 0.0175727 (RTOE)
[2025-11-04 22:22:07.692] [info] Frame 365 (t = 1.825):	 total squared error = 0.00215695, marker error: RMS = 0.00968402, max = 0.0177115 (RTOE)
[2025-11-04 22:22:07.728] [info] Frame 366 (t = 1.83):	 total squared error = 0.00214382, marker error: RMS = 0.00965451, max = 0.0178092 (RTOE)
[2025-11-04 22:22:07.759] [info] Frame 367 (t = 1.835):	 total squared error = 0.00212166, marker error: RMS = 0.00960448, max = 0.0180243 (RTOE)
[2025-11-04 22:22:07.809] [info] Frame 368 (t = 1.84):	 total squared error = 0.00209085, marker error: RMS = 0.00953449, max = 0.0179483 (RTOE)
[2025-11-04 22:22:07.833] [info] Frame 369 (t = 1.845):	 total squared error = 0.00205749, marker error: RMS = 0.00945812, max = 0.0179343 (RTOE)
[2025-11-04 22:22:07.870] [info] Frame 370 (t = 1.85):	 total squared error = 0.00202375, marker error: RMS = 0.00938026, max = 0.0178761 (RTOE)
[2025-11-04 22:22:07.895] [info] Frame 371 (t = 1.855):	 total squared error = 0.00199049, marker error: RMS = 0.00930286, max = 0.0177183 (RTOE)
[2025-11-04 22:22:07.930] [info] Frame 372 (t = 1.86):	 total squared error = 0.00196072, marker error: RMS = 0.00923303, max = 0.0175069 (RTHOL)
[2025-11-04 22:22:07.964] [info] Frame 373 (t = 1.865):	 total squared error = 0.00193354, marker error: RMS = 0.00916881, max = 0.0178404 (RTHOL)
[2025-11-04 22:22:07.997] [info] Frame 374 (t = 1.87):	 total squared error = 0.00190876, marker error: RMS = 0.00910985, max = 0.0181371 (RTHOL)
[2025-11-04 22:22:08.028] [info] Frame 375 (t = 1.875):	 total squared error = 0.00188578, marker error: RMS = 0.00905485, max = 0.0184735 (RTHOL)
[2025-11-04 22:22:08.060] [info] Frame 376 (t = 1.88):	 total squared error = 0.00186433, marker error: RMS = 0.00900322, max = 0.0187259 (RTHOL)
[2025-11-04 22:22:08.098] [info] Frame 377 (t = 1.885):	 total squared error = 0.00184181, marker error: RMS = 0.00894867, max = 0.0185757 (RTHOL)
[2025-11-04 22:22:08.130] [info] Frame 378 (t = 1.89):	 total squared error = 0.00182111, marker error: RMS = 0.00889823, max = 0.0188549 (RTHOL)
[2025-11-04 22:22:08.177] [info] Frame 379 (t = 1.895):	 total squared error = 0.00179916, marker error: RMS = 0.00884446, max = 0.0183756 (RTHOL)
[2025-11-04 22:22:08.212] [info] Frame 380 (t = 1.9):	 total squared error = 0.00178196, marker error: RMS = 0.00880207, max = 0.0185935 (RTHOL)
[2025-11-04 22:22:08.266] [info] Frame 381 (t = 1.90500):	 total squared error = 0.00176573, marker error: RMS = 0.00876189, max = 0.0180149 (RTHOL)
[2025-11-04 22:22:08.296] [info] Frame 382 (t = 1.91):	 total squared error = 0.00175774, marker error: RMS = 0.00874204, max = 0.0181415 (RTHOL)
[2025-11-04 22:22:08.328] [info] Frame 383 (t = 1.915):	 total squared error = 0.00175680, marker error: RMS = 0.00873971, max = 0.0179037 (RTHOL)
[2025-11-04 22:22:08.381] [info] Frame 384 (t = 1.92):	 total squared error = 0.00175911, marker error: RMS = 0.00874547, max = 0.0169412 (RTHOL)
[2025-11-04 22:22:08.403] [info] Frame 385 (t = 1.925):	 total squared error = 0.00178977, marker error: RMS = 0.00882134, max = 0.0175314 (RTHOL)
[2025-11-04 22:22:08.453] [info] Frame 386 (t = 1.93):	 total squared error = 0.00180179, marker error: RMS = 0.00885092, max = 0.0160816 (RTHOL)
[2025-11-04 22:22:08.473] [info] Frame 387 (t = 1.935):	 total squared error = 0.00185248, marker error: RMS = 0.00897456, max = 0.0166727 (RTHOL)
[2025-11-04 22:22:08.522] [info] Frame 388 (t = 1.94):	 total squared error = 0.00188318, marker error: RMS = 0.00904862, max = 0.0152271 (RTHOL)
[2025-11-04 22:22:08.546] [info] Frame 389 (t = 1.945):	 total squared error = 0.00194578, marker error: RMS = 0.00919777, max = 0.0157259 (RTHOL)
[2025-11-04 22:22:08.595] [info] Frame 390 (t = 1.95):	 total squared error = 0.00199074, marker error: RMS = 0.00930345, max = 0.0148123 (RSHAOL)
[2025-11-04 22:22:08.631] [info] Frame 391 (t = 1.955):	 total squared error = 0.00205003, marker error: RMS = 0.00944095, max = 0.0151764 (RSHAOL)
[2025-11-04 22:22:08.653] [info] Frame 392 (t = 1.96):	 total squared error = 0.00211765, marker error: RMS = 0.00959540, max = 0.0154428 (RSHAOL)
[2025-11-04 22:22:08.702] [info] Frame 393 (t = 1.965):	 total squared error = 0.00216484, marker error: RMS = 0.00970173, max = 0.016293 (RSHAOL)
[2025-11-04 22:22:08.730] [info] Frame 394 (t = 1.97):	 total squared error = 0.00222483, marker error: RMS = 0.00983523, max = 0.016719 (RSHAOL)
[2025-11-04 22:22:08.774] [info] Frame 395 (t = 1.975):	 total squared error = 0.00228073, marker error: RMS = 0.00995801, max = 0.0173704 (RSHAOL)
[2025-11-04 22:22:08.802] [info] Frame 396 (t = 1.98):	 total squared error = 0.00233931, marker error: RMS = 0.0100851, max = 0.0179011 (RSHAOL)
[2025-11-04 22:22:08.825] [info] Frame 397 (t = 1.985):	 total squared error = 0.00239846, marker error: RMS = 0.0102118, max = 0.018485 (RSHAOL)
[2025-11-04 22:22:08.846] [info] Frame 398 (t = 1.99):	 total squared error = 0.00245924, marker error: RMS = 0.0103404, max = 0.0191046 (RSHAOL)
[2025-11-04 22:22:08.869] [info] Frame 399 (t = 1.995):	 total squared error = 0.00251348, marker error: RMS = 0.0104538, max = 0.0197025 (RSHAOL)
[2025-11-04 22:22:08.898] [info] Frame 400 (t = 2.0):	 total squared error = 0.00256249, marker error: RMS = 0.0105552, max = 0.0203608 (RSHAOL)
[2025-11-04 22:22:08.930] [info] Frame 401 (t = 2.00500):	 total squared error = 0.00260147, marker error: RMS = 0.0106352, max = 0.0209718 (RSHAOL)
[2025-11-04 22:22:08.956] [info] Frame 402 (t = 2.01):	 total squared error = 0.00262963, marker error: RMS = 0.0106926, max = 0.0214658 (RSHAOL)
[2025-11-04 22:22:08.983] [info] Frame 403 (t = 2.015):	 total squared error = 0.00264227, marker error: RMS = 0.0107183, max = 0.0218421 (RSHAOL)
[2025-11-04 22:22:09.020] [info] Frame 404 (t = 2.02):	 total squared error = 0.00263661, marker error: RMS = 0.0107068, max = 0.0221461 (RSHAOL)
[2025-11-04 22:22:09.049] [info] Frame 405 (t = 2.025):	 total squared error = 0.00261182, marker error: RMS = 0.0106563, max = 0.0222596 (RSHAOL)
[2025-11-04 22:22:09.090] [info] Frame 406 (t = 2.03):	 total squared error = 0.00256777, marker error: RMS = 0.0105661, max = 0.0222222 (RSHAOL)
[2025-11-04 22:22:09.124] [info] Frame 407 (t = 2.035):	 total squared error = 0.00250519, marker error: RMS = 0.0104365, max = 0.0220208 (RSHAOL)
[2025-11-04 22:22:09.152] [info] Frame 408 (t = 2.04):	 total squared error = 0.00242663, marker error: RMS = 0.0102716, max = 0.0217001 (RSHAOL)
[2025-11-04 22:22:09.180] [info] Frame 409 (t = 2.045):	 total squared error = 0.00233518, marker error: RMS = 0.0100762, max = 0.0212575 (RSHAOL)
[2025-11-04 22:22:09.227] [info] Frame 410 (t = 2.05):	 total squared error = 0.00223077, marker error: RMS = 0.00984835, max = 0.0205223 (RSHAOL)
[2025-11-04 22:22:09.251] [info] Frame 411 (t = 2.055):	 total squared error = 0.00212258, marker error: RMS = 0.00960657, max = 0.019884 (RSHAOL)
[2025-11-04 22:22:09.298] [info] Frame 412 (t = 2.06):	 total squared error = 0.00200951, marker error: RMS = 0.00934719, max = 0.018981 (RSHAOL)
[2025-11-04 22:22:09.328] [info] Frame 413 (t = 2.065):	 total squared error = 0.00189836, marker error: RMS = 0.00908500, max = 0.0182166 (RSHAOL)
[2025-11-04 22:22:09.376] [info] Frame 414 (t = 2.07):	 total squared error = 0.00178950, marker error: RMS = 0.00882068, max = 0.0171334 (RSHAOL)
[2025-11-04 22:22:09.410] [info] Frame 415 (t = 2.075):	 total squared error = 0.00168853, marker error: RMS = 0.00856823, max = 0.0163373 (RSHAOL)
[2025-11-04 22:22:09.446] [info] Frame 416 (t = 2.08):	 total squared error = 0.00159740, marker error: RMS = 0.00833379, max = 0.0155226 (RSHAOL)
[2025-11-04 22:22:09.499] [info] Frame 417 (t = 2.085):	 total squared error = 0.00151185, marker error: RMS = 0.00810756, max = 0.0142903 (RSHAOL)
[2025-11-04 22:22:09.541] [info] Frame 418 (t = 2.09):	 total squared error = 0.00144174, marker error: RMS = 0.00791733, max = 0.013341 (RSHAOL)
[2025-11-04 22:22:09.574] [info] Frame 419 (t = 2.095):	 total squared error = 0.00138600, marker error: RMS = 0.00776279, max = 0.0132457 (XIPH)
[2025-11-04 22:22:09.593] [info] Frame 420 (t = 2.1):	 total squared error = 0.00135168, marker error: RMS = 0.00766609, max = 0.0131149 (XIPH)
[2025-11-04 22:22:09.641] [info] Frame 421 (t = 2.10500):	 total squared error = 0.00131552, marker error: RMS = 0.00756285, max = 0.0132593 (XIPH)
[2025-11-04 22:22:09.671] [info] Frame 422 (t = 2.11):	 total squared error = 0.00130466, marker error: RMS = 0.00753156, max = 0.0134617 (XIPH)
[2025-11-04 22:22:09.694] [info] Frame 423 (t = 2.115):	 total squared error = 0.00131365, marker error: RMS = 0.00755746, max = 0.0134007 (XIPH)
[2025-11-04 22:22:09.744] [info] Frame 424 (t = 2.12):	 total squared error = 0.00132070, marker error: RMS = 0.00757771, max = 0.0135004 (XIPH)
[2025-11-04 22:22:09.791] [info] Frame 425 (t = 2.125):	 total squared error = 0.00134967, marker error: RMS = 0.00766036, max = 0.0135891 (XIPH)
[2025-11-04 22:22:09.834] [info] Frame 426 (t = 2.13):	 total squared error = 0.00139109, marker error: RMS = 0.00777704, max = 0.0137069 (XIPH)
[2025-11-04 22:22:09.866] [info] Frame 427 (t = 2.135):	 total squared error = 0.00144466, marker error: RMS = 0.00792537, max = 0.0140699 (XIPH)
[2025-11-04 22:22:09.904] [info] Frame 428 (t = 2.14):	 total squared error = 0.00150468, marker error: RMS = 0.00808831, max = 0.0140403 (XIPH)
[2025-11-04 22:22:09.950] [info] Frame 429 (t = 2.145):	 total squared error = 0.00157326, marker error: RMS = 0.00827059, max = 0.0142349 (RM5)
[2025-11-04 22:22:09.993] [info] Frame 430 (t = 2.15):	 total squared error = 0.00164804, marker error: RMS = 0.00846487, max = 0.0144884 (RM5)
[2025-11-04 22:22:10.019] [info] Frame 431 (t = 2.155):	 total squared error = 0.00172917, marker error: RMS = 0.00867073, max = 0.0147036 (RM5)
[2025-11-04 22:22:10.058] [info] Frame 432 (t = 2.16):	 total squared error = 0.00180503, marker error: RMS = 0.00885887, max = 0.0149448 (RM5)
[2025-11-04 22:22:10.084] [info] Frame 433 (t = 2.165):	 total squared error = 0.00188500, marker error: RMS = 0.00905297, max = 0.0150432 (RM5)
[2025-11-04 22:22:10.122] [info] Frame 434 (t = 2.17):	 total squared error = 0.00195399, marker error: RMS = 0.00921715, max = 0.0152136 (RM5)
[2025-11-04 22:22:10.144] [info] Frame 435 (t = 2.175):	 total squared error = 0.00202167, marker error: RMS = 0.00937543, max = 0.0152198 (RM5)
[2025-11-04 22:22:10.166] [info] Frame 436 (t = 2.18):	 total squared error = 0.00208303, marker error: RMS = 0.00951664, max = 0.0153871 (XIPH)
[2025-11-04 22:22:10.187] [info] Frame 437 (t = 2.185):	 total squared error = 0.00213251, marker error: RMS = 0.00962900, max = 0.0156454 (XIPH)
[2025-11-04 22:22:10.225] [info] Frame 438 (t = 2.19):	 total squared error = 0.00214312, marker error: RMS = 0.00965294, max = 0.015721 (XIPH)
[2025-11-04 22:22:10.249] [info] Frame 439 (t = 2.195):	 total squared error = 0.00215616, marker error: RMS = 0.00968225, max = 0.0159532 (XIPH)
[2025-11-04 22:22:10.288] [info] Frame 440 (t = 2.2):	 total squared error = 0.00214723, marker error: RMS = 0.00966219, max = 0.0161012 (XIPH)
[2025-11-04 22:22:10.316] [info] Frame 441 (t = 2.20500):	 total squared error = 0.00212429, marker error: RMS = 0.00961044, max = 0.0162766 (XIPH)
[2025-11-04 22:22:10.339] [info] Frame 442 (t = 2.21):	 total squared error = 0.00208464, marker error: RMS = 0.00952033, max = 0.0164531 (XIPH)
[2025-11-04 22:22:10.364] [info] Frame 443 (t = 2.215):	 total squared error = 0.00202907, marker error: RMS = 0.00939257, max = 0.0166164 (XIPH)
[2025-11-04 22:22:10.390] [info] Frame 444 (t = 2.22):	 total squared error = 0.00196150, marker error: RMS = 0.00923487, max = 0.0167115 (XIPH)
[2025-11-04 22:22:10.416] [info] Frame 445 (t = 2.225):	 total squared error = 0.00188528, marker error: RMS = 0.00905366, max = 0.016828 (XIPH)
[2025-11-04 22:22:10.441] [info] Frame 446 (t = 2.23):	 total squared error = 0.00180490, marker error: RMS = 0.00885855, max = 0.0168826 (XIPH)
[2025-11-04 22:22:10.492] [info] Frame 447 (t = 2.235):	 total squared error = 0.00172340, marker error: RMS = 0.00865623, max = 0.0169173 (XIPH)
[2025-11-04 22:22:10.518] [info] Frame 448 (t = 2.24):	 total squared error = 0.00164902, marker error: RMS = 0.00846738, max = 0.0169454 (XIPH)
[2025-11-04 22:22:10.542] [info] Frame 449 (t = 2.245):	 total squared error = 0.00158317, marker error: RMS = 0.00829658, max = 0.0169865 (XIPH)
[2025-11-04 22:22:10.573] [info] Frame 450 (t = 2.25):	 total squared error = 0.00152834, marker error: RMS = 0.00815166, max = 0.0170142 (XIPH)
[2025-11-04 22:22:10.601] [info] Frame 451 (t = 2.255):	 total squared error = 0.00148682, marker error: RMS = 0.00804016, max = 0.0170253 (XIPH)
[2025-11-04 22:22:10.635] [info] Frame 452 (t = 2.26):	 total squared error = 0.00145836, marker error: RMS = 0.00796286, max = 0.0170118 (XIPH)
[2025-11-04 22:22:10.683] [info] Frame 453 (t = 2.265):	 total squared error = 0.00144375, marker error: RMS = 0.00792286, max = 0.0170489 (XIPH)
[2025-11-04 22:22:10.715] [info] Frame 454 (t = 2.27):	 total squared error = 0.00144010, marker error: RMS = 0.00791284, max = 0.0170769 (XIPH)
[2025-11-04 22:22:10.742] [info] Frame 455 (t = 2.275):	 total squared error = 0.00144634, marker error: RMS = 0.00792998, max = 0.0170785 (XIPH)
[2025-11-04 22:22:10.769] [info] Frame 456 (t = 2.28):	 total squared error = 0.00145976, marker error: RMS = 0.00796668, max = 0.0171086 (XIPH)
[2025-11-04 22:22:10.809] [info] Frame 457 (t = 2.285):	 total squared error = 0.00147846, marker error: RMS = 0.00801753, max = 0.0171697 (XIPH)
[2025-11-04 22:22:10.817] [info] Frame 458 (t = 2.29):	 total squared error = 0.00150378, marker error: RMS = 0.00808590, max = 0.0171214 (XIPH)
[2025-11-04 22:22:10.844] [info] Frame 459 (t = 2.295):	 total squared error = 0.00152190, marker error: RMS = 0.00813446, max = 0.017264 (XIPH)
[2025-11-04 22:22:10.858] [info] Frame 460 (t = 2.3):	 total squared error = 0.00154624, marker error: RMS = 0.00819927, max = 0.0173388 (XIPH)
[2025-11-04 22:22:10.881] [info] Frame 461 (t = 2.30500):	 total squared error = 0.00157051, marker error: RMS = 0.00826334, max = 0.0174014 (XIPH)
[2025-11-04 22:22:10.898] [info] Frame 462 (t = 2.31):	 total squared error = 0.00159664, marker error: RMS = 0.00833181, max = 0.0175699 (XIPH)
[2025-11-04 22:22:10.956] [info] Frame 463 (t = 2.315):	 total squared error = 0.00160303, marker error: RMS = 0.00834848, max = 0.0175302 (XIPH)
[2025-11-04 22:22:10.984] [info] Frame 464 (t = 2.32):	 total squared error = 0.00162361, marker error: RMS = 0.00840188, max = 0.017569 (XIPH)
[2025-11-04 22:22:11.010] [info] Frame 465 (t = 2.325):	 total squared error = 0.00164277, marker error: RMS = 0.00845133, max = 0.0175716 (XIPH)
[2025-11-04 22:22:11.050] [info] Frame 466 (t = 2.33):	 total squared error = 0.00165112, marker error: RMS = 0.00847278, max = 0.0176040 (XIPH)
[2025-11-04 22:22:11.084] [info] Frame 467 (t = 2.335):	 total squared error = 0.00166757, marker error: RMS = 0.00851487, max = 0.0175171 (XIPH)
[2025-11-04 22:22:11.109] [info] Frame 468 (t = 2.34):	 total squared error = 0.00168461, marker error: RMS = 0.00855825, max = 0.0174097 (XIPH)
[2025-11-04 22:22:11.151] [info] Frame 469 (t = 2.345):	 total squared error = 0.00168770, marker error: RMS = 0.00856610, max = 0.0172927 (STRN)
[2025-11-04 22:22:11.181] [info] Frame 470 (t = 2.35):	 total squared error = 0.00170786, marker error: RMS = 0.00861712, max = 0.0172994 (STRN)
[2025-11-04 22:22:11.227] [info] Frame 471 (t = 2.355):	 total squared error = 0.00173214, marker error: RMS = 0.00867815, max = 0.0173338 (STRN)
[2025-11-04 22:22:11.273] [info] Frame 472 (t = 2.36):	 total squared error = 0.00178065, marker error: RMS = 0.00879883, max = 0.0172635 (STRN)
[2025-11-04 22:22:11.304] [info] Frame 473 (t = 2.365):	 total squared error = 0.00186638, marker error: RMS = 0.00900815, max = 0.0170727 (STRN)
[2025-11-04 22:22:11.341] [info] Frame 474 (t = 2.37):	 total squared error = 0.00200024, marker error: RMS = 0.00932561, max = 0.0191309 (LTHOL)
[2025-11-04 22:22:11.368] [info] Frame 475 (t = 2.375):	 total squared error = 0.00221460, marker error: RMS = 0.00981259, max = 0.0231435 (LTHOL)
[2025-11-04 22:22:11.412] [info] Frame 476 (t = 2.38):	 total squared error = 0.00252328, marker error: RMS = 0.0104742, max = 0.0275704 (LTHOL)
[2025-11-04 22:22:11.454] [info] Frame 477 (t = 2.385):	 total squared error = 0.00295804, marker error: RMS = 0.0113407, max = 0.032866 (LTHOL)
[2025-11-04 22:22:11.500] [info] Frame 478 (t = 2.39):	 total squared error = 0.00353460, marker error: RMS = 0.0123967, max = 0.038718 (LTHOL)
[2025-11-04 22:22:11.543] [info] Frame 479 (t = 2.395):	 total squared error = 0.00425684, marker error: RMS = 0.0136044, max = 0.0449787 (LTHOL)
[2025-11-04 22:22:11.571] [info] Frame 480 (t = 2.4):	 total squared error = 0.00511096, marker error: RMS = 0.0149069, max = 0.0515938 (LTHOL)
[2025-11-04 22:22:11.613] [info] Frame 481 (t = 2.40500):	 total squared error = 0.00160654, marker error: RMS = 0.00835761, max = 0.0184656 (LTH2)
[2025-11-04 22:22:11.652] [info] Frame 482 (t = 2.41):	 total squared error = 0.00164583, marker error: RMS = 0.00845919, max = 0.0191257 (LTH2)
[2025-11-04 22:22:11.679] [info] Frame 483 (t = 2.415):	 total squared error = 0.00168721, marker error: RMS = 0.00856487, max = 0.0199175 (LTH2)
[2025-11-04 22:22:11.725] [info] Frame 484 (t = 2.42):	 total squared error = 0.00172470, marker error: RMS = 0.00865950, max = 0.0198987 (LTH2)
[2025-11-04 22:22:11.750] [info] Frame 485 (t = 2.425):	 total squared error = 0.00176383, marker error: RMS = 0.00875719, max = 0.0206299 (LTH2)
[2025-11-04 22:22:11.772] [info] Frame 486 (t = 2.43):	 total squared error = 0.00180011, marker error: RMS = 0.00884679, max = 0.0210704 (LTH2)
[2025-11-04 22:22:11.814] [info] Frame 487 (t = 2.435):	 total squared error = 0.00182762, marker error: RMS = 0.00891413, max = 0.0209079 (LTH2)
[2025-11-04 22:22:11.836] [info] Frame 488 (t = 2.44):	 total squared error = 0.00185361, marker error: RMS = 0.00897728, max = 0.0213734 (LTH2)
[2025-11-04 22:22:11.857] [info] Frame 489 (t = 2.445):	 total squared error = 0.00186992, marker error: RMS = 0.00901671, max = 0.02155 (LTH2)
[2025-11-04 22:22:11.898] [info] Frame 490 (t = 2.45):	 total squared error = 0.00187900, marker error: RMS = 0.00903856, max = 0.0213767 (LTH2)
[2025-11-04 22:22:11.928] [info] Frame 491 (t = 2.455):	 total squared error = 0.00188553, marker error: RMS = 0.00905425, max = 0.0214633 (LTH2)
[2025-11-04 22:22:11.961] [info] Frame 492 (t = 2.46):	 total squared error = 0.00188534, marker error: RMS = 0.00905381, max = 0.0215381 (LTH2)
[2025-11-04 22:22:12.000] [info] InverseKinematicsTool completed 493 frames in 16 second(s).
[2025-11-04 22:36:52.211] [info] Loaded model Athlete_03 from file C:\Git\1_current_projects\powerlifing_model\models\Athlete_03\25_03_31\scaled.osim
[2025-11-04 22:36:52.394] [info] Loaded model Athlete_03 from file C:\Git\1_current_projects\powerlifing_model\models\Athlete_03\25_03_31\scaled.osim
[2025-11-04 22:36:54.962] [cout] [info] 
               MODEL: Athlete_03
         coordinates: 39
              forces: 97
           actuators: 97
             muscles: 80
            analyses: 0
              probes: 0
              bodies: 22
              joints: 22
         constraints: 2
             markers: 45
         controllers: 0
  contact geometries: 0
misc modelcomponents: 0
[2025-11-04 22:36:54.963] [info] Running tool .
[2025-11-04 22:36:55.239] [info] Frame 0 (t = 0.0):	 total squared error = 0.00156019, marker error: RMS = 0.00823615, max = 0.0150625 (XIPH)
[2025-11-04 22:36:55.261] [info] Frame 1 (t = 0.00500000):	 total squared error = 0.00156925, marker error: RMS = 0.00826003, max = 0.0152389 (XIPH)
[2025-11-04 22:36:55.288] [info] Frame 2 (t = 0.01):	 total squared error = 0.00157231, marker error: RMS = 0.00826809, max = 0.0154685 (XIPH)
[2025-11-04 22:36:55.307] [info] Frame 3 (t = 0.015):	 total squared error = 0.00158425, marker error: RMS = 0.00829942, max = 0.0157099 (XIPH)
[2025-11-04 22:36:55.338] [info] Frame 4 (t = 0.02):	 total squared error = 0.00158423, marker error: RMS = 0.00829938, max = 0.0160307 (XIPH)
[2025-11-04 22:36:55.356] [info] Frame 5 (t = 0.025):	 total squared error = 0.00159014, marker error: RMS = 0.00831484, max = 0.0163134 (XIPH)
[2025-11-04 22:36:55.378] [info] Frame 6 (t = 0.03):	 total squared error = 0.00158614, marker error: RMS = 0.00830438, max = 0.0164933 (XIPH)
[2025-11-04 22:36:55.397] [info] Frame 7 (t = 0.035):	 total squared error = 0.00157798, marker error: RMS = 0.00828298, max = 0.0167433 (XIPH)
[2025-11-04 22:36:55.416] [info] Frame 8 (t = 0.04):	 total squared error = 0.00156282, marker error: RMS = 0.00824309, max = 0.0169296 (XIPH)
[2025-11-04 22:36:55.438] [info] Frame 9 (t = 0.045):	 total squared error = 0.00154222, marker error: RMS = 0.00818861, max = 0.0171426 (XIPH)
[2025-11-04 22:36:55.454] [info] Frame 10 (t = 0.05):	 total squared error = 0.00151934, marker error: RMS = 0.00812763, max = 0.0173085 (XIPH)
[2025-11-04 22:36:55.472] [info] Frame 11 (t = 0.055):	 total squared error = 0.00149112, marker error: RMS = 0.00805178, max = 0.0174671 (XIPH)
[2025-11-04 22:36:55.497] [info] Frame 12 (t = 0.06):	 total squared error = 0.00146195, marker error: RMS = 0.00797265, max = 0.0175987 (XIPH)
[2025-11-04 22:36:55.519] [info] Frame 13 (t = 0.065):	 total squared error = 0.00143957, marker error: RMS = 0.00791138, max = 0.0177162 (XIPH)
[2025-11-04 22:36:55.536] [info] Frame 14 (t = 0.07):	 total squared error = 0.00142092, marker error: RMS = 0.00785997, max = 0.017838 (XIPH)
[2025-11-04 22:36:55.559] [info] Frame 15 (t = 0.075):	 total squared error = 0.00140652, marker error: RMS = 0.00782004, max = 0.0178747 (XIPH)
[2025-11-04 22:36:55.581] [info] Frame 16 (t = 0.08):	 total squared error = 0.00140314, marker error: RMS = 0.00781065, max = 0.0179965 (XIPH)
[2025-11-04 22:36:55.611] [info] Frame 17 (t = 0.085):	 total squared error = 0.00140189, marker error: RMS = 0.00780717, max = 0.0179435 (XIPH)
[2025-11-04 22:36:55.633] [info] Frame 18 (t = 0.09):	 total squared error = 0.00141407, marker error: RMS = 0.00784100, max = 0.0180565 (XIPH)
[2025-11-04 22:36:55.670] [info] Frame 19 (t = 0.095):	 total squared error = 0.00142886, marker error: RMS = 0.00788191, max = 0.0180666 (XIPH)
[2025-11-04 22:36:55.699] [info] Frame 20 (t = 0.1):	 total squared error = 0.00145093, marker error: RMS = 0.00794254, max = 0.0181426 (XIPH)
[2025-11-04 22:36:55.723] [info] Frame 21 (t = 0.105000):	 total squared error = 0.00147667, marker error: RMS = 0.00801269, max = 0.0182181 (XIPH)
[2025-11-04 22:36:55.740] [info] Frame 22 (t = 0.11):	 total squared error = 0.00151002, marker error: RMS = 0.00810265, max = 0.0183087 (XIPH)
[2025-11-04 22:36:55.765] [info] Frame 23 (t = 0.115):	 total squared error = 0.00153556, marker error: RMS = 0.00817089, max = 0.0184966 (XIPH)
[2025-11-04 22:36:55.773] [info] Frame 24 (t = 0.12):	 total squared error = 0.00156966, marker error: RMS = 0.00826111, max = 0.0186098 (XIPH)
[2025-11-04 22:36:55.804] [info] Frame 25 (t = 0.125):	 total squared error = 0.00159018, marker error: RMS = 0.00831494, max = 0.0188192 (XIPH)
[2025-11-04 22:36:55.817] [info] Frame 26 (t = 0.13):	 total squared error = 0.00161879, marker error: RMS = 0.00838942, max = 0.018941 (XIPH)
[2025-11-04 22:36:55.829] [info] Frame 27 (t = 0.135):	 total squared error = 0.00164742, marker error: RMS = 0.00846327, max = 0.0191282 (XIPH)
[2025-11-04 22:36:55.849] [info] Frame 28 (t = 0.14):	 total squared error = 0.00167227, marker error: RMS = 0.00852687, max = 0.0194596 (XIPH)
[2025-11-04 22:36:55.862] [info] Frame 29 (t = 0.145):	 total squared error = 0.00170078, marker error: RMS = 0.00859925, max = 0.0196621 (XIPH)
[2025-11-04 22:36:55.884] [info] Frame 30 (t = 0.15):	 total squared error = 0.00172226, marker error: RMS = 0.00865337, max = 0.0199627 (XIPH)
[2025-11-04 22:36:55.897] [info] Frame 31 (t = 0.155):	 total squared error = 0.00175248, marker error: RMS = 0.00872896, max = 0.0201565 (XIPH)
[2025-11-04 22:36:55.931] [info] Frame 32 (t = 0.16):	 total squared error = 0.00175690, marker error: RMS = 0.00873997, max = 0.0208995 (XIPH)
[2025-11-04 22:36:55.950] [info] Frame 33 (t = 0.165):	 total squared error = 0.00178373, marker error: RMS = 0.00880645, max = 0.0210419 (XIPH)
[2025-11-04 22:36:55.970] [info] Frame 34 (t = 0.17):	 total squared error = 0.00180621, marker error: RMS = 0.00886176, max = 0.0212538 (XIPH)
[2025-11-04 22:36:56.019] [info] Frame 35 (t = 0.175):	 total squared error = 0.00181771, marker error: RMS = 0.00888994, max = 0.0216818 (XIPH)
[2025-11-04 22:36:56.045] [info] Frame 36 (t = 0.18):	 total squared error = 0.00183641, marker error: RMS = 0.00893554, max = 0.0217509 (XIPH)
[2025-11-04 22:36:56.079] [info] Frame 37 (t = 0.185):	 total squared error = 0.00184476, marker error: RMS = 0.00895583, max = 0.0219886 (XIPH)
[2025-11-04 22:36:56.103] [info] Frame 38 (t = 0.19):	 total squared error = 0.00185420, marker error: RMS = 0.00897871, max = 0.0219862 (XIPH)
[2025-11-04 22:36:56.132] [info] Frame 39 (t = 0.195):	 total squared error = 0.00185962, marker error: RMS = 0.00899183, max = 0.0219695 (XIPH)
[2025-11-04 22:36:56.182] [info] Frame 40 (t = 0.2):	 total squared error = 0.00184736, marker error: RMS = 0.00896215, max = 0.0221974 (XIPH)
[2025-11-04 22:36:56.206] [info] Frame 41 (t = 0.205000):	 total squared error = 0.00184840, marker error: RMS = 0.00896467, max = 0.0220440 (XIPH)
[2025-11-04 22:36:56.236] [info] Frame 42 (t = 0.21):	 total squared error = 0.00185064, marker error: RMS = 0.00897010, max = 0.0218538 (XIPH)
[2025-11-04 22:36:56.270] [info] Frame 43 (t = 0.215):	 total squared error = 0.00185515, marker error: RMS = 0.00898101, max = 0.0217515 (XIPH)
[2025-11-04 22:36:56.293] [info] Frame 44 (t = 0.22):	 total squared error = 0.00186138, marker error: RMS = 0.00899608, max = 0.0214374 (XIPH)
[2025-11-04 22:36:56.324] [info] Frame 45 (t = 0.225):	 total squared error = 0.00187650, marker error: RMS = 0.00903255, max = 0.0212994 (XIPH)
[2025-11-04 22:36:56.354] [info] Frame 46 (t = 0.23):	 total squared error = 0.00189799, marker error: RMS = 0.00908413, max = 0.0209846 (XIPH)
[2025-11-04 22:36:56.381] [info] Frame 47 (t = 0.235):	 total squared error = 0.00192441, marker error: RMS = 0.00914713, max = 0.0205449 (XIPH)
[2025-11-04 22:36:56.409] [info] Frame 48 (t = 0.24):	 total squared error = 0.00196697, marker error: RMS = 0.00924773, max = 0.0202212 (XIPH)
[2025-11-04 22:36:56.448] [info] Frame 49 (t = 0.245):	 total squared error = 0.00200195, marker error: RMS = 0.00932960, max = 0.0199089 (XIPH)
[2025-11-04 22:36:56.469] [info] Frame 50 (t = 0.25):	 total squared error = 0.00205085, marker error: RMS = 0.00944285, max = 0.0194616 (XIPH)
[2025-11-04 22:36:56.500] [info] Frame 51 (t = 0.255):	 total squared error = 0.00210064, marker error: RMS = 0.00955678, max = 0.0192816 (LTH2)
[2025-11-04 22:36:56.521] [info] Frame 52 (t = 0.26):	 total squared error = 0.00216141, marker error: RMS = 0.00969404, max = 0.0204228 (LTH2)
[2025-11-04 22:36:56.552] [info] Frame 53 (t = 0.265):	 total squared error = 0.00223294, marker error: RMS = 0.00985314, max = 0.0212806 (LTH2)
[2025-11-04 22:36:56.581] [info] Frame 54 (t = 0.27):	 total squared error = 0.00230546, marker error: RMS = 0.0100119, max = 0.0219642 (LTH2)
[2025-11-04 22:36:56.617] [info] Frame 55 (t = 0.275):	 total squared error = 0.00237249, marker error: RMS = 0.0101564, max = 0.0221075 (LTH2)
[2025-11-04 22:36:56.639] [info] Frame 56 (t = 0.28):	 total squared error = 0.00246850, marker error: RMS = 0.0103598, max = 0.0230909 (LTH2)
[2025-11-04 22:36:56.679] [info] Frame 57 (t = 0.285):	 total squared error = 0.00256116, marker error: RMS = 0.0105525, max = 0.0233688 (LTH2)
[2025-11-04 22:36:56.713] [info] Frame 58 (t = 0.29):	 total squared error = 0.00267511, marker error: RMS = 0.0107847, max = 0.0241236 (LTH2)
[2025-11-04 22:36:56.740] [info] Frame 59 (t = 0.295):	 total squared error = 0.00279784, marker error: RMS = 0.0110293, max = 0.024757 (LTH2)
[2025-11-04 22:36:56.785] [info] Frame 60 (t = 0.3):	 total squared error = 0.00291872, marker error: RMS = 0.011265, max = 0.0250539 (LTH2)
[2025-11-04 22:36:56.811] [info] Frame 61 (t = 0.305000):	 total squared error = 0.00305934, marker error: RMS = 0.0115332, max = 0.0257864 (LTH2)
[2025-11-04 22:36:56.850] [info] Frame 62 (t = 0.31):	 total squared error = 0.00318483, marker error: RMS = 0.0117674, max = 0.0260818 (LTH2)
[2025-11-04 22:36:56.875] [info] Frame 63 (t = 0.315):	 total squared error = 0.00332290, marker error: RMS = 0.0120197, max = 0.0268651 (LTH2)
[2025-11-04 22:36:56.919] [info] Frame 64 (t = 0.32):	 total squared error = 0.00344375, marker error: RMS = 0.0122364, max = 0.0270428 (LTH2)
[2025-11-04 22:36:56.936] [info] Frame 65 (t = 0.325):	 total squared error = 0.00356286, marker error: RMS = 0.0124462, max = 0.0277177 (LTH2)
[2025-11-04 22:36:56.979] [info] Frame 66 (t = 0.33):	 total squared error = 0.00367565, marker error: RMS = 0.0126416, max = 0.0279342 (LTH2)
[2025-11-04 22:36:57.003] [info] Frame 67 (t = 0.335):	 total squared error = 0.00378136, marker error: RMS = 0.0128221, max = 0.0283966 (LTH2)
[2025-11-04 22:36:57.049] [info] Frame 68 (t = 0.34):	 total squared error = 0.00387963, marker error: RMS = 0.0129877, max = 0.0288065 (LTH2)
[2025-11-04 22:36:57.072] [info] Frame 69 (t = 0.345):	 total squared error = 0.00397025, marker error: RMS = 0.0131385, max = 0.0290992 (LTH2)
[2025-11-04 22:36:57.105] [info] Frame 70 (t = 0.35):	 total squared error = 0.00405289, marker error: RMS = 0.0132745, max = 0.0293244 (LTH2)
[2025-11-04 22:36:57.136] [info] Frame 71 (t = 0.355):	 total squared error = 0.00412839, marker error: RMS = 0.0133976, max = 0.0294631 (LTH2)
[2025-11-04 22:36:57.166] [info] Frame 72 (t = 0.36):	 total squared error = 0.00419832, marker error: RMS = 0.0135106, max = 0.0295322 (LTH2)
[2025-11-04 22:36:57.192] [info] Frame 73 (t = 0.365):	 total squared error = 0.00426069, marker error: RMS = 0.0136106, max = 0.0295091 (LTH2)
[2025-11-04 22:36:57.221] [info] Frame 74 (t = 0.37):	 total squared error = 0.00431103, marker error: RMS = 0.0136907, max = 0.0293664 (LTH2)
[2025-11-04 22:36:57.246] [info] Frame 75 (t = 0.375):	 total squared error = 0.00434589, marker error: RMS = 0.013746, max = 0.0291771 (LTH2)
[2025-11-04 22:36:57.270] [info] Frame 76 (t = 0.38):	 total squared error = 0.00436592, marker error: RMS = 0.0137776, max = 0.0287641 (LTH2)
[2025-11-04 22:36:57.299] [info] Frame 77 (t = 0.385):	 total squared error = 0.00436199, marker error: RMS = 0.0137714, max = 0.0283118 (LTH2)
[2025-11-04 22:36:57.321] [info] Frame 78 (t = 0.39):	 total squared error = 0.00433987, marker error: RMS = 0.0137364, max = 0.0276866 (LTH2)
[2025-11-04 22:36:57.346] [info] Frame 79 (t = 0.395):	 total squared error = 0.00429436, marker error: RMS = 0.0136642, max = 0.0269099 (LTH2)
[2025-11-04 22:36:57.366] [info] Frame 80 (t = 0.4):	 total squared error = 0.00422526, marker error: RMS = 0.0135539, max = 0.0260580 (LTH2)
[2025-11-04 22:36:57.400] [info] Frame 81 (t = 0.405000):	 total squared error = 0.00413151, marker error: RMS = 0.0134026, max = 0.0252105 (LTH2)
[2025-11-04 22:36:57.419] [info] Frame 82 (t = 0.41):	 total squared error = 0.00402895, marker error: RMS = 0.0132353, max = 0.0240030 (LTH2)
[2025-11-04 22:36:57.445] [info] Frame 83 (t = 0.415):	 total squared error = 0.00391224, marker error: RMS = 0.0130421, max = 0.0228003 (LTH2)
[2025-11-04 22:36:57.481] [info] Frame 84 (t = 0.42):	 total squared error = 0.00378132, marker error: RMS = 0.0128221, max = 0.0220604 (LTH2)
[2025-11-04 22:36:57.503] [info] Frame 85 (t = 0.425):	 total squared error = 0.00365379, marker error: RMS = 0.0126040, max = 0.0205779 (LTH2)
[2025-11-04 22:36:57.529] [info] Frame 86 (t = 0.43):	 total squared error = 0.00353002, marker error: RMS = 0.0123887, max = 0.019828 (LSHA2)
[2025-11-04 22:36:57.543] [info] Frame 87 (t = 0.435):	 total squared error = 0.00341687, marker error: RMS = 0.0121885, max = 0.019546 (LSHA2)
[2025-11-04 22:36:57.581] [info] Frame 88 (t = 0.44):	 total squared error = 0.00330027, marker error: RMS = 0.0119787, max = 0.0192718 (LSHA2)
[2025-11-04 22:36:57.614] [info] Frame 89 (t = 0.445):	 total squared error = 0.00320704, marker error: RMS = 0.0118083, max = 0.0190416 (LSHA2)
[2025-11-04 22:36:57.628] [info] Frame 90 (t = 0.45):	 total squared error = 0.00313261, marker error: RMS = 0.0116705, max = 0.0188744 (LSHA2)
[2025-11-04 22:36:57.666] [info] Frame 91 (t = 0.455):	 total squared error = 0.00306923, marker error: RMS = 0.0115518, max = 0.0187251 (LSHA2)
[2025-11-04 22:36:57.691] [info] Frame 92 (t = 0.46):	 total squared error = 0.00302958, marker error: RMS = 0.011477, max = 0.0186736 (LSHA2)
[2025-11-04 22:36:57.711] [info] Frame 93 (t = 0.465):	 total squared error = 0.00301263, marker error: RMS = 0.0114448, max = 0.0187002 (XIPH)
[2025-11-04 22:36:57.753] [info] Frame 94 (t = 0.47):	 total squared error = 0.00299985, marker error: RMS = 0.0114205, max = 0.0185833 (XIPH)
[2025-11-04 22:36:57.772] [info] Frame 95 (t = 0.475):	 total squared error = 0.00301501, marker error: RMS = 0.0114493, max = 0.0187147 (LSHA2)
[2025-11-04 22:36:57.802] [info] Frame 96 (t = 0.48):	 total squared error = 0.00303720, marker error: RMS = 0.0114914, max = 0.018876 (LSHA2)
[2025-11-04 22:36:57.821] [info] Frame 97 (t = 0.485):	 total squared error = 0.00308418, marker error: RMS = 0.0115799, max = 0.0191159 (LSHA2)
[2025-11-04 22:36:57.862] [info] Frame 98 (t = 0.49):	 total squared error = 0.00312641, marker error: RMS = 0.0116589, max = 0.0190527 (LSHA2)
[2025-11-04 22:36:57.886] [info] Frame 99 (t = 0.495):	 total squared error = 0.00318524, marker error: RMS = 0.0117681, max = 0.0193909 (LSHA2)
[2025-11-04 22:36:57.905] [info] Frame 100 (t = 0.5):	 total squared error = 0.00325868, marker error: RMS = 0.0119030, max = 0.0197153 (LSHA2)
[2025-11-04 22:36:57.920] [info] Frame 101 (t = 0.505000):	 total squared error = 0.00334085, marker error: RMS = 0.0120522, max = 0.0201312 (LSHA2)
[2025-11-04 22:36:57.957] [info] Frame 102 (t = 0.51):	 total squared error = 0.00338433, marker error: RMS = 0.0121303, max = 0.0202338 (LSHA2)
[2025-11-04 22:36:57.981] [info] Frame 103 (t = 0.515):	 total squared error = 0.00345568, marker error: RMS = 0.0122575, max = 0.0206341 (LSHA2)
[2025-11-04 22:36:58.015] [info] Frame 104 (t = 0.52):	 total squared error = 0.00350224, marker error: RMS = 0.0123398, max = 0.0207237 (LSHA2)
[2025-11-04 22:36:58.038] [info] Frame 105 (t = 0.525):	 total squared error = 0.00354810, marker error: RMS = 0.0124204, max = 0.0209970 (LSHA2)
[2025-11-04 22:36:58.070] [info] Frame 106 (t = 0.53):	 total squared error = 0.00356302, marker error: RMS = 0.0124464, max = 0.0209774 (LSHA2)
[2025-11-04 22:36:58.096] [info] Frame 107 (t = 0.535):	 total squared error = 0.00356620, marker error: RMS = 0.012452, max = 0.0210092 (LSHA2)
[2025-11-04 22:36:58.117] [info] Frame 108 (t = 0.54):	 total squared error = 0.00354567, marker error: RMS = 0.0124161, max = 0.0206461 (LSHA2)
[2025-11-04 22:36:58.147] [info] Frame 109 (t = 0.545):	 total squared error = 0.00347549, marker error: RMS = 0.0122926, max = 0.0202636 (LSHA2)
[2025-11-04 22:36:58.168] [info] Frame 110 (t = 0.55):	 total squared error = 0.00339851, marker error: RMS = 0.0121557, max = 0.0197792 (LSHA2)
[2025-11-04 22:36:58.190] [info] Frame 111 (t = 0.555):	 total squared error = 0.00329438, marker error: RMS = 0.011968, max = 0.0192158 (LSHA2)
[2025-11-04 22:36:58.213] [info] Frame 112 (t = 0.56):	 total squared error = 0.00316578, marker error: RMS = 0.0117321, max = 0.0183863 (LSHA2)
[2025-11-04 22:36:58.248] [info] Frame 113 (t = 0.565):	 total squared error = 0.00300796, marker error: RMS = 0.0114359, max = 0.0180825 (XIPH)
[2025-11-04 22:36:58.268] [info] Frame 114 (t = 0.57):	 total squared error = 0.00285317, marker error: RMS = 0.0111378, max = 0.0182175 (XIPH)
[2025-11-04 22:36:58.288] [info] Frame 115 (t = 0.575):	 total squared error = 0.00268716, marker error: RMS = 0.0108089, max = 0.0183246 (XIPH)
[2025-11-04 22:36:58.304] [info] Frame 116 (t = 0.58):	 total squared error = 0.00252292, marker error: RMS = 0.0104734, max = 0.018447 (XIPH)
[2025-11-04 22:36:58.322] [info] Frame 117 (t = 0.585):	 total squared error = 0.00236463, marker error: RMS = 0.0101395, max = 0.0185882 (XIPH)
[2025-11-04 22:36:58.339] [info] Frame 118 (t = 0.59):	 total squared error = 0.00221385, marker error: RMS = 0.00981093, max = 0.0186791 (XIPH)
[2025-11-04 22:36:58.362] [info] Frame 119 (t = 0.595):	 total squared error = 0.00207551, marker error: RMS = 0.00949945, max = 0.0187646 (XIPH)
[2025-11-04 22:36:58.387] [info] Frame 120 (t = 0.6):	 total squared error = 0.00195659, marker error: RMS = 0.00922330, max = 0.0188726 (XIPH)
[2025-11-04 22:36:58.405] [info] Frame 121 (t = 0.605000):	 total squared error = 0.00186862, marker error: RMS = 0.00901357, max = 0.0190050 (XIPH)
[2025-11-04 22:36:58.432] [info] Frame 122 (t = 0.61):	 total squared error = 0.00179645, marker error: RMS = 0.00883780, max = 0.0191399 (XIPH)
[2025-11-04 22:36:58.452] [info] Frame 123 (t = 0.615):	 total squared error = 0.00174597, marker error: RMS = 0.00871274, max = 0.0192354 (XIPH)
[2025-11-04 22:36:58.469] [info] Frame 124 (t = 0.62):	 total squared error = 0.00171820, marker error: RMS = 0.00864317, max = 0.0193213 (XIPH)
[2025-11-04 22:36:58.499] [info] Frame 125 (t = 0.625):	 total squared error = 0.00170282, marker error: RMS = 0.00860440, max = 0.0193494 (XIPH)
[2025-11-04 22:36:58.521] [info] Frame 126 (t = 0.63):	 total squared error = 0.00170838, marker error: RMS = 0.00861845, max = 0.01941 (XIPH)
[2025-11-04 22:36:58.551] [info] Frame 127 (t = 0.635):	 total squared error = 0.00172987, marker error: RMS = 0.00867247, max = 0.0195055 (XIPH)
[2025-11-04 22:36:58.611] [info] Frame 128 (t = 0.64):	 total squared error = 0.00175445, marker error: RMS = 0.00873386, max = 0.019512 (XIPH)
[2025-11-04 22:36:58.638] [info] Frame 129 (t = 0.645):	 total squared error = 0.00178815, marker error: RMS = 0.00881734, max = 0.0195824 (XIPH)
[2025-11-04 22:36:58.673] [info] Frame 130 (t = 0.65):	 total squared error = 0.00181962, marker error: RMS = 0.00889460, max = 0.0195877 (XIPH)
[2025-11-04 22:36:58.695] [info] Frame 131 (t = 0.655):	 total squared error = 0.00185245, marker error: RMS = 0.00897449, max = 0.0196554 (XIPH)
[2025-11-04 22:36:58.728] [info] Frame 132 (t = 0.66):	 total squared error = 0.00188202, marker error: RMS = 0.00904583, max = 0.0196416 (XIPH)
[2025-11-04 22:36:58.741] [info] Frame 133 (t = 0.665):	 total squared error = 0.00190779, marker error: RMS = 0.00910754, max = 0.0196143 (XIPH)
[2025-11-04 22:36:58.781] [info] Frame 134 (t = 0.67):	 total squared error = 0.00192968, marker error: RMS = 0.00915965, max = 0.0196952 (XIPH)
[2025-11-04 22:36:58.795] [info] Frame 135 (t = 0.675):	 total squared error = 0.00194916, marker error: RMS = 0.00920576, max = 0.0196827 (XIPH)
[2025-11-04 22:36:58.829] [info] Frame 136 (t = 0.68):	 total squared error = 0.00196425, marker error: RMS = 0.00924134, max = 0.0197174 (XIPH)
[2025-11-04 22:36:58.843] [info] Frame 137 (t = 0.685):	 total squared error = 0.00198190, marker error: RMS = 0.00928276, max = 0.0197393 (XIPH)
[2025-11-04 22:36:58.864] [info] Frame 138 (t = 0.69):	 total squared error = 0.00199975, marker error: RMS = 0.00932446, max = 0.0197433 (XIPH)
[2025-11-04 22:36:58.900] [info] Frame 139 (t = 0.695):	 total squared error = 0.00201154, marker error: RMS = 0.00935192, max = 0.0197079 (XIPH)
[2025-11-04 22:36:58.923] [info] Frame 140 (t = 0.7):	 total squared error = 0.00203353, marker error: RMS = 0.00940290, max = 0.0196654 (XIPH)
[2025-11-04 22:36:58.948] [info] Frame 141 (t = 0.705000):	 total squared error = 0.00205982, marker error: RMS = 0.00946347, max = 0.0196101 (XIPH)
[2025-11-04 22:36:58.978] [info] Frame 142 (t = 0.71):	 total squared error = 0.00208429, marker error: RMS = 0.00951952, max = 0.0194931 (XIPH)
[2025-11-04 22:36:59.011] [info] Frame 143 (t = 0.715):	 total squared error = 0.00210700, marker error: RMS = 0.00957123, max = 0.0193176 (XIPH)
[2025-11-04 22:36:59.038] [info] Frame 144 (t = 0.72):	 total squared error = 0.00213108, marker error: RMS = 0.00962579, max = 0.0191355 (XIPH)
[2025-11-04 22:36:59.065] [info] Frame 145 (t = 0.725):	 total squared error = 0.00215034, marker error: RMS = 0.00966919, max = 0.0189148 (XIPH)
[2025-11-04 22:36:59.087] [info] Frame 146 (t = 0.73):	 total squared error = 0.00216522, marker error: RMS = 0.00970258, max = 0.0186876 (RTOE)
[2025-11-04 22:36:59.120] [info] Frame 147 (t = 0.735):	 total squared error = 0.00216419, marker error: RMS = 0.00970028, max = 0.0188386 (RTOE)
[2025-11-04 22:36:59.146] [info] Frame 148 (t = 0.74):	 total squared error = 0.00216239, marker error: RMS = 0.00969624, max = 0.0191089 (RTOE)
[2025-11-04 22:36:59.172] [info] Frame 149 (t = 0.745):	 total squared error = 0.00215218, marker error: RMS = 0.00967331, max = 0.0192741 (RTOE)
[2025-11-04 22:36:59.200] [info] Frame 150 (t = 0.75):	 total squared error = 0.00213477, marker error: RMS = 0.00963411, max = 0.0194539 (RTOE)
[2025-11-04 22:36:59.226] [info] Frame 151 (t = 0.755):	 total squared error = 0.00211107, marker error: RMS = 0.00958049, max = 0.0194599 (RTOE)
[2025-11-04 22:36:59.252] [info] Frame 152 (t = 0.76):	 total squared error = 0.00208280, marker error: RMS = 0.00951612, max = 0.0194271 (RTOE)
[2025-11-04 22:36:59.283] [info] Frame 153 (t = 0.765):	 total squared error = 0.00205306, marker error: RMS = 0.00944794, max = 0.0193161 (RTOE)
[2025-11-04 22:36:59.300] [info] Frame 154 (t = 0.77):	 total squared error = 0.00203034, marker error: RMS = 0.00939551, max = 0.0190958 (RTHOL)
[2025-11-04 22:36:59.327] [info] Frame 155 (t = 0.775):	 total squared error = 0.00199772, marker error: RMS = 0.00931973, max = 0.0192463 (RTHOL)
[2025-11-04 22:36:59.346] [info] Frame 156 (t = 0.78):	 total squared error = 0.00196449, marker error: RMS = 0.00924189, max = 0.0196507 (RTHOL)
[2025-11-04 22:36:59.378] [info] Frame 157 (t = 0.785):	 total squared error = 0.00193965, marker error: RMS = 0.00918327, max = 0.0196627 (RTHOL)
[2025-11-04 22:36:59.405] [info] Frame 158 (t = 0.79):	 total squared error = 0.00190701, marker error: RMS = 0.00910569, max = 0.0198473 (RTHOL)
[2025-11-04 22:36:59.433] [info] Frame 159 (t = 0.795):	 total squared error = 0.00187580, marker error: RMS = 0.00903087, max = 0.019972 (RTHOL)
[2025-11-04 22:36:59.464] [info] Frame 160 (t = 0.8):	 total squared error = 0.00184540, marker error: RMS = 0.00895738, max = 0.0200078 (RTHOL)
[2025-11-04 22:36:59.492] [info] Frame 161 (t = 0.805000):	 total squared error = 0.00181724, marker error: RMS = 0.00888877, max = 0.0199369 (RTHOL)
[2025-11-04 22:36:59.537] [info] Frame 162 (t = 0.81):	 total squared error = 0.00179120, marker error: RMS = 0.00882486, max = 0.0192458 (RTHOL)
[2025-11-04 22:36:59.559] [info] Frame 163 (t = 0.815):	 total squared error = 0.00177348, marker error: RMS = 0.00878110, max = 0.0194216 (RTHOL)
[2025-11-04 22:36:59.595] [info] Frame 164 (t = 0.82):	 total squared error = 0.00176224, marker error: RMS = 0.00875324, max = 0.0186054 (RTHOL)
[2025-11-04 22:36:59.621] [info] Frame 165 (t = 0.825):	 total squared error = 0.00176380, marker error: RMS = 0.00875710, max = 0.0186608 (RTHOL)
[2025-11-04 22:36:59.660] [info] Frame 166 (t = 0.83):	 total squared error = 0.00177243, marker error: RMS = 0.00877850, max = 0.0177637 (RTHOL)
[2025-11-04 22:36:59.700] [info] Frame 167 (t = 0.835):	 total squared error = 0.00179445, marker error: RMS = 0.00883287, max = 0.0172799 (RTHOL)
[2025-11-04 22:36:59.722] [info] Frame 168 (t = 0.84):	 total squared error = 0.00183030, marker error: RMS = 0.00892066, max = 0.0172919 (RTHOL)
[2025-11-04 22:36:59.760] [info] Frame 169 (t = 0.845):	 total squared error = 0.00187027, marker error: RMS = 0.00901755, max = 0.0164296 (RTHOL)
[2025-11-04 22:36:59.788] [info] Frame 170 (t = 0.85):	 total squared error = 0.00192276, marker error: RMS = 0.00914322, max = 0.0162927 (RTHOL)
[2025-11-04 22:36:59.819] [info] Frame 171 (t = 0.855):	 total squared error = 0.00197767, marker error: RMS = 0.00927284, max = 0.0156997 (RTHOL)
[2025-11-04 22:36:59.834] [info] Frame 172 (t = 0.86):	 total squared error = 0.00204921, marker error: RMS = 0.00943906, max = 0.0161827 (RTHOL)
[2025-11-04 22:36:59.868] [info] Frame 173 (t = 0.865):	 total squared error = 0.00209921, marker error: RMS = 0.00955352, max = 0.0155994 (RSHAOL)
[2025-11-04 22:36:59.888] [info] Frame 174 (t = 0.87):	 total squared error = 0.00216623, marker error: RMS = 0.00970484, max = 0.0158932 (RSHAOL)
[2025-11-04 22:36:59.919] [info] Frame 175 (t = 0.875):	 total squared error = 0.00222372, marker error: RMS = 0.00983278, max = 0.016595 (RSHAOL)
[2025-11-04 22:36:59.938] [info] Frame 176 (t = 0.88):	 total squared error = 0.00228895, marker error: RMS = 0.00997595, max = 0.0170360 (RSHAOL)
[2025-11-04 22:36:59.963] [info] Frame 177 (t = 0.885):	 total squared error = 0.00234965, marker error: RMS = 0.0101074, max = 0.0177926 (RSHAOL)
[2025-11-04 22:36:59.980] [info] Frame 178 (t = 0.89):	 total squared error = 0.00241304, marker error: RMS = 0.0102428, max = 0.0183407 (RSHAOL)
[2025-11-04 22:37:00.015] [info] Frame 179 (t = 0.895):	 total squared error = 0.00247393, marker error: RMS = 0.0103712, max = 0.0191161 (RSHAOL)
[2025-11-04 22:37:00.036] [info] Frame 180 (t = 0.9):	 total squared error = 0.00253437, marker error: RMS = 0.0104971, max = 0.0197465 (RSHAOL)
[2025-11-04 22:37:00.058] [info] Frame 181 (t = 0.905000):	 total squared error = 0.00259142, marker error: RMS = 0.0106146, max = 0.0203587 (RSHAOL)
[2025-11-04 22:37:00.072] [info] Frame 182 (t = 0.91):	 total squared error = 0.00264705, marker error: RMS = 0.0107280, max = 0.0209279 (RSHAOL)
[2025-11-04 22:37:00.094] [info] Frame 183 (t = 0.915):	 total squared error = 0.00268174, marker error: RMS = 0.0107980, max = 0.0214506 (RSHAOL)
[2025-11-04 22:37:00.125] [info] Frame 184 (t = 0.92):	 total squared error = 0.00270657, marker error: RMS = 0.0108479, max = 0.0219727 (RSHAOL)
[2025-11-04 22:37:00.137] [info] Frame 185 (t = 0.925):	 total squared error = 0.00272099, marker error: RMS = 0.0108768, max = 0.0222558 (RSHAOL)
[2025-11-04 22:37:00.165] [info] Frame 186 (t = 0.93):	 total squared error = 0.00270620, marker error: RMS = 0.0108472, max = 0.0224311 (RSHAOL)
[2025-11-04 22:37:00.182] [info] Frame 187 (t = 0.935):	 total squared error = 0.00267778, marker error: RMS = 0.0107901, max = 0.0224502 (RSHAOL)
[2025-11-04 22:37:00.197] [info] Frame 188 (t = 0.94):	 total squared error = 0.00263510, marker error: RMS = 0.0107037, max = 0.0223207 (RSHAOL)
[2025-11-04 22:37:00.221] [info] Frame 189 (t = 0.945):	 total squared error = 0.00256602, marker error: RMS = 0.0105625, max = 0.0220742 (RSHAOL)
[2025-11-04 22:37:00.239] [info] Frame 190 (t = 0.95):	 total squared error = 0.00248682, marker error: RMS = 0.0103982, max = 0.0216936 (RSHAOL)
[2025-11-04 22:37:00.259] [info] Frame 191 (t = 0.955):	 total squared error = 0.00239564, marker error: RMS = 0.0102058, max = 0.0211915 (RSHAOL)
[2025-11-04 22:37:00.276] [info] Frame 192 (t = 0.96):	 total squared error = 0.00229960, marker error: RMS = 0.00999913, max = 0.0206234 (RSHAOL)
[2025-11-04 22:37:00.296] [info] Frame 193 (t = 0.965):	 total squared error = 0.00219358, marker error: RMS = 0.00976590, max = 0.0199373 (RSHAOL)
[2025-11-04 22:37:00.337] [info] Frame 194 (t = 0.97):	 total squared error = 0.00208022, marker error: RMS = 0.00951022, max = 0.0188251 (RSHAOL)
[2025-11-04 22:37:00.361] [info] Frame 195 (t = 0.975):	 total squared error = 0.00197634, marker error: RMS = 0.00926973, max = 0.0181005 (RSHAOL)
[2025-11-04 22:37:00.376] [info] Frame 196 (t = 0.98):	 total squared error = 0.00188292, marker error: RMS = 0.00904798, max = 0.0173745 (RSHAOL)
[2025-11-04 22:37:00.408] [info] Frame 197 (t = 0.985):	 total squared error = 0.00178185, marker error: RMS = 0.00880181, max = 0.0162731 (RSHAOL)
[2025-11-04 22:37:00.426] [info] Frame 198 (t = 0.99):	 total squared error = 0.00170320, marker error: RMS = 0.00860535, max = 0.0156224 (RSHAOL)
[2025-11-04 22:37:00.464] [info] Frame 199 (t = 0.995):	 total squared error = 0.00162447, marker error: RMS = 0.00840412, max = 0.0145434 (RSHAOL)
[2025-11-04 22:37:00.480] [info] Frame 200 (t = 1.0):	 total squared error = 0.00156857, marker error: RMS = 0.00825825, max = 0.0142267 (XIPH)
[2025-11-04 22:37:00.512] [info] Frame 201 (t = 1.00500):	 total squared error = 0.00151247, marker error: RMS = 0.00810922, max = 0.0144854 (XIPH)
[2025-11-04 22:37:00.549] [info] Frame 202 (t = 1.01):	 total squared error = 0.00147464, marker error: RMS = 0.00800718, max = 0.0146193 (XIPH)
[2025-11-04 22:37:00.565] [info] Frame 203 (t = 1.015):	 total squared error = 0.00145624, marker error: RMS = 0.00795705, max = 0.01457 (XIPH)
[2025-11-04 22:37:00.604] [info] Frame 204 (t = 1.02):	 total squared error = 0.00143605, marker error: RMS = 0.00790170, max = 0.0148153 (XIPH)
[2025-11-04 22:37:00.625] [info] Frame 205 (t = 1.025):	 total squared error = 0.00144098, marker error: RMS = 0.00791526, max = 0.014743 (XIPH)
[2025-11-04 22:37:00.666] [info] Frame 206 (t = 1.03):	 total squared error = 0.00144186, marker error: RMS = 0.00791768, max = 0.0149907 (XIPH)
[2025-11-04 22:37:00.701] [info] Frame 207 (t = 1.035):	 total squared error = 0.00146000, marker error: RMS = 0.00796732, max = 0.0150749 (XIPH)
[2025-11-04 22:37:00.720] [info] Frame 208 (t = 1.04):	 total squared error = 0.00149473, marker error: RMS = 0.00806154, max = 0.0150636 (XIPH)
[2025-11-04 22:37:00.752] [info] Frame 209 (t = 1.045):	 total squared error = 0.00152307, marker error: RMS = 0.00813759, max = 0.0152394 (XIPH)
[2025-11-04 22:37:00.770] [info] Frame 210 (t = 1.05):	 total squared error = 0.00157336, marker error: RMS = 0.00827085, max = 0.015266 (XIPH)
[2025-11-04 22:37:00.796] [info] Frame 211 (t = 1.055):	 total squared error = 0.00161766, marker error: RMS = 0.00838649, max = 0.0153653 (XIPH)
[2025-11-04 22:37:00.830] [info] Frame 212 (t = 1.06):	 total squared error = 0.00166323, marker error: RMS = 0.00850379, max = 0.0155509 (XIPH)
[2025-11-04 22:37:00.850] [info] Frame 213 (t = 1.065):	 total squared error = 0.00172158, marker error: RMS = 0.00865166, max = 0.0155925 (XIPH)
[2025-11-04 22:37:00.869] [info] Frame 214 (t = 1.07):	 total squared error = 0.00177922, marker error: RMS = 0.00879529, max = 0.0156513 (XIPH)
[2025-11-04 22:37:00.890] [info] Frame 215 (t = 1.075):	 total squared error = 0.00183185, marker error: RMS = 0.00892444, max = 0.0157033 (XIPH)
[2025-11-04 22:37:00.922] [info] Frame 216 (t = 1.08):	 total squared error = 0.00185237, marker error: RMS = 0.00897430, max = 0.0160141 (XIPH)
[2025-11-04 22:37:00.945] [info] Frame 217 (t = 1.085):	 total squared error = 0.00188990, marker error: RMS = 0.00906475, max = 0.0161001 (XIPH)
[2025-11-04 22:37:00.962] [info] Frame 218 (t = 1.09):	 total squared error = 0.00191955, marker error: RMS = 0.00913558, max = 0.0162094 (XIPH)
[2025-11-04 22:37:00.983] [info] Frame 219 (t = 1.095):	 total squared error = 0.00193734, marker error: RMS = 0.00917782, max = 0.016326 (XIPH)
[2025-11-04 22:37:01.096] [info] Frame 220 (t = 1.1):	 total squared error = 0.00192088, marker error: RMS = 0.00913875, max = 0.0165649 (XIPH)
[2025-11-04 22:37:01.114] [info] Frame 221 (t = 1.10500):	 total squared error = 0.00191162, marker error: RMS = 0.00911669, max = 0.0167124 (XIPH)
[2025-11-04 22:37:01.144] [info] Frame 222 (t = 1.11):	 total squared error = 0.00188235, marker error: RMS = 0.00904661, max = 0.0168469 (XIPH)
[2025-11-04 22:37:01.168] [info] Frame 223 (t = 1.115):	 total squared error = 0.00184492, marker error: RMS = 0.00895623, max = 0.0170193 (XIPH)
[2025-11-04 22:37:01.193] [info] Frame 224 (t = 1.12):	 total squared error = 0.00179554, marker error: RMS = 0.00883555, max = 0.0171815 (XIPH)
[2025-11-04 22:37:01.216] [info] Frame 225 (t = 1.125):	 total squared error = 0.00173718, marker error: RMS = 0.00869077, max = 0.0173704 (XIPH)
[2025-11-04 22:37:01.240] [info] Frame 226 (t = 1.13):	 total squared error = 0.00167436, marker error: RMS = 0.00853218, max = 0.0175514 (XIPH)
[2025-11-04 22:37:01.265] [info] Frame 227 (t = 1.135):	 total squared error = 0.00160902, marker error: RMS = 0.00836406, max = 0.0177107 (XIPH)
[2025-11-04 22:37:01.298] [info] Frame 228 (t = 1.14):	 total squared error = 0.00154638, marker error: RMS = 0.00819962, max = 0.0178944 (XIPH)
[2025-11-04 22:37:01.317] [info] Frame 229 (t = 1.145):	 total squared error = 0.00149341, marker error: RMS = 0.00805797, max = 0.018118 (XIPH)
[2025-11-04 22:37:01.342] [info] Frame 230 (t = 1.15):	 total squared error = 0.00144570, marker error: RMS = 0.00792822, max = 0.0182263 (XIPH)
[2025-11-04 22:37:01.366] [info] Frame 231 (t = 1.155):	 total squared error = 0.00141020, marker error: RMS = 0.00783025, max = 0.0183567 (XIPH)
[2025-11-04 22:37:01.388] [info] Frame 232 (t = 1.16):	 total squared error = 0.00138815, marker error: RMS = 0.00776881, max = 0.0184999 (XIPH)
[2025-11-04 22:37:01.429] [info] Frame 233 (t = 1.165):	 total squared error = 0.00137313, marker error: RMS = 0.00772665, max = 0.0184413 (XIPH)
[2025-11-04 22:37:01.451] [info] Frame 234 (t = 1.17):	 total squared error = 0.00137850, marker error: RMS = 0.00774177, max = 0.0185914 (XIPH)
[2025-11-04 22:37:01.476] [info] Frame 235 (t = 1.175):	 total squared error = 0.00138996, marker error: RMS = 0.00777386, max = 0.0186059 (XIPH)
[2025-11-04 22:37:01.512] [info] Frame 236 (t = 1.18):	 total squared error = 0.00141094, marker error: RMS = 0.00783232, max = 0.0184557 (XIPH)
[2025-11-04 22:37:01.535] [info] Frame 237 (t = 1.185):	 total squared error = 0.00143862, marker error: RMS = 0.00790878, max = 0.0185006 (XIPH)
[2025-11-04 22:37:01.562] [info] Frame 238 (t = 1.19):	 total squared error = 0.00147077, marker error: RMS = 0.00799665, max = 0.0185662 (XIPH)
[2025-11-04 22:37:01.591] [info] Frame 239 (t = 1.195):	 total squared error = 0.00150097, marker error: RMS = 0.00807833, max = 0.0185435 (XIPH)
[2025-11-04 22:37:01.628] [info] Frame 240 (t = 1.2):	 total squared error = 0.00153277, marker error: RMS = 0.00816346, max = 0.0185585 (XIPH)
[2025-11-04 22:37:01.653] [info] Frame 241 (t = 1.20500):	 total squared error = 0.00156276, marker error: RMS = 0.00824294, max = 0.0186486 (XIPH)
[2025-11-04 22:37:01.674] [info] Frame 242 (t = 1.21):	 total squared error = 0.00158821, marker error: RMS = 0.00830980, max = 0.0187123 (XIPH)
[2025-11-04 22:37:01.691] [info] Frame 243 (t = 1.215):	 total squared error = 0.00161348, marker error: RMS = 0.00837563, max = 0.0187832 (XIPH)
[2025-11-04 22:37:01.712] [info] Frame 244 (t = 1.22):	 total squared error = 0.00163643, marker error: RMS = 0.00843500, max = 0.0188749 (XIPH)
[2025-11-04 22:37:01.735] [info] Frame 245 (t = 1.225):	 total squared error = 0.00165365, marker error: RMS = 0.00847925, max = 0.0190065 (XIPH)
[2025-11-04 22:37:01.752] [info] Frame 246 (t = 1.23):	 total squared error = 0.00167820, marker error: RMS = 0.00854197, max = 0.0191707 (XIPH)
[2025-11-04 22:37:01.799] [info] Frame 247 (t = 1.235):	 total squared error = 0.00167847, marker error: RMS = 0.00854266, max = 0.019744 (XIPH)
[2025-11-04 22:37:01.827] [info] Frame 248 (t = 1.24):	 total squared error = 0.00169751, marker error: RMS = 0.00859096, max = 0.0198623 (XIPH)
[2025-11-04 22:37:01.875] [info] Frame 249 (t = 1.245):	 total squared error = 0.00171015, marker error: RMS = 0.00862290, max = 0.0202096 (XIPH)
[2025-11-04 22:37:01.902] [info] Frame 250 (t = 1.25):	 total squared error = 0.00172974, marker error: RMS = 0.00867216, max = 0.0203058 (XIPH)
[2025-11-04 22:37:01.925] [info] Frame 251 (t = 1.255):	 total squared error = 0.00175571, marker error: RMS = 0.00873701, max = 0.0204094 (XIPH)
[2025-11-04 22:37:01.954] [info] Frame 252 (t = 1.26):	 total squared error = 0.00177039, marker error: RMS = 0.00877346, max = 0.0205427 (XIPH)
[2025-11-04 22:37:01.988] [info] Frame 253 (t = 1.265):	 total squared error = 0.00178444, marker error: RMS = 0.00880819, max = 0.0207290 (XIPH)
[2025-11-04 22:37:02.039] [info] Frame 254 (t = 1.27):	 total squared error = 0.00177796, marker error: RMS = 0.00879220, max = 0.0211262 (XIPH)
[2025-11-04 22:37:02.075] [info] Frame 255 (t = 1.275):	 total squared error = 0.00178874, marker error: RMS = 0.00881881, max = 0.0210976 (XIPH)
[2025-11-04 22:37:02.131] [info] Frame 256 (t = 1.28):	 total squared error = 0.00178690, marker error: RMS = 0.00881426, max = 0.0212626 (XIPH)
[2025-11-04 22:37:02.160] [info] Frame 257 (t = 1.285):	 total squared error = 0.00179320, marker error: RMS = 0.00882980, max = 0.0211098 (XIPH)
[2025-11-04 22:37:02.197] [info] Frame 258 (t = 1.29):	 total squared error = 0.00179514, marker error: RMS = 0.00883456, max = 0.0211339 (XIPH)
[2025-11-04 22:37:02.231] [info] Frame 259 (t = 1.295):	 total squared error = 0.00179497, marker error: RMS = 0.00883416, max = 0.0209374 (XIPH)
[2025-11-04 22:37:02.293] [info] Frame 260 (t = 1.3):	 total squared error = 0.00178904, marker error: RMS = 0.00881955, max = 0.0209545 (XIPH)
[2025-11-04 22:37:02.327] [info] Frame 261 (t = 1.30500):	 total squared error = 0.00179926, marker error: RMS = 0.00884470, max = 0.0207311 (XIPH)
[2025-11-04 22:37:02.366] [info] Frame 262 (t = 1.31):	 total squared error = 0.00181633, marker error: RMS = 0.00888656, max = 0.0205104 (XIPH)
[2025-11-04 22:37:02.408] [info] Frame 263 (t = 1.315):	 total squared error = 0.00183955, marker error: RMS = 0.00894318, max = 0.0202869 (XIPH)
[2025-11-04 22:37:02.452] [info] Frame 264 (t = 1.32):	 total squared error = 0.00186543, marker error: RMS = 0.00900587, max = 0.0200615 (XIPH)
[2025-11-04 22:37:02.495] [info] Frame 265 (t = 1.325):	 total squared error = 0.00189870, marker error: RMS = 0.00908582, max = 0.0197864 (XIPH)
[2025-11-04 22:37:02.534] [info] Frame 266 (t = 1.33):	 total squared error = 0.00193829, marker error: RMS = 0.00918007, max = 0.0194996 (XIPH)
[2025-11-04 22:37:02.576] [info] Frame 267 (t = 1.335):	 total squared error = 0.00198266, marker error: RMS = 0.00928454, max = 0.0192052 (XIPH)
[2025-11-04 22:37:02.602] [info] Frame 268 (t = 1.34):	 total squared error = 0.00202658, marker error: RMS = 0.00938680, max = 0.0192494 (LTH2)
[2025-11-04 22:37:02.637] [info] Frame 269 (t = 1.345):	 total squared error = 0.00208606, marker error: RMS = 0.00952357, max = 0.0193262 (LTH2)
[2025-11-04 22:37:02.687] [info] Frame 270 (t = 1.35):	 total squared error = 0.00213263, marker error: RMS = 0.00962929, max = 0.0193020 (LTH2)
[2025-11-04 22:37:02.722] [info] Frame 271 (t = 1.355):	 total squared error = 0.00219615, marker error: RMS = 0.00977163, max = 0.0200525 (LTH2)
[2025-11-04 22:37:02.752] [info] Frame 272 (t = 1.36):	 total squared error = 0.00226719, marker error: RMS = 0.00992843, max = 0.0206174 (LTH2)
[2025-11-04 22:37:02.773] [info] Frame 273 (t = 1.365):	 total squared error = 0.00236176, marker error: RMS = 0.0101334, max = 0.0219862 (LTH2)
[2025-11-04 22:37:02.804] [info] Frame 274 (t = 1.37):	 total squared error = 0.00244640, marker error: RMS = 0.0103133, max = 0.0217823 (LTH2)
[2025-11-04 22:37:02.827] [info] Frame 275 (t = 1.375):	 total squared error = 0.00255719, marker error: RMS = 0.0105443, max = 0.0230184 (LTH2)
[2025-11-04 22:37:02.877] [info] Frame 276 (t = 1.38):	 total squared error = 0.00263319, marker error: RMS = 0.0106998, max = 0.0219007 (LTH2)
[2025-11-04 22:37:02.915] [info] Frame 277 (t = 1.385):	 total squared error = 0.00275721, marker error: RMS = 0.0109489, max = 0.0225534 (LTH2)
[2025-11-04 22:37:02.965] [info] Frame 278 (t = 1.39):	 total squared error = 0.00287933, marker error: RMS = 0.0111888, max = 0.0227579 (LTH2)
[2025-11-04 22:37:03.004] [info] Frame 279 (t = 1.395):	 total squared error = 0.00301540, marker error: RMS = 0.0114501, max = 0.0233382 (LTH2)
[2025-11-04 22:37:03.057] [info] Frame 280 (t = 1.4):	 total squared error = 0.00314408, marker error: RMS = 0.0116918, max = 0.0235939 (LTH2)
[2025-11-04 22:37:03.091] [info] Frame 281 (t = 1.40500):	 total squared error = 0.00328068, marker error: RMS = 0.0119431, max = 0.0243148 (LTH2)
[2025-11-04 22:37:03.131] [info] Frame 282 (t = 1.41):	 total squared error = 0.00340321, marker error: RMS = 0.0121641, max = 0.0246043 (LTH2)
[2025-11-04 22:37:03.154] [info] Frame 283 (t = 1.415):	 total squared error = 0.00352240, marker error: RMS = 0.0123753, max = 0.0252846 (LTH2)
[2025-11-04 22:37:03.189] [info] Frame 284 (t = 1.42):	 total squared error = 0.00364482, marker error: RMS = 0.0125885, max = 0.0256007 (LTH2)
[2025-11-04 22:37:03.218] [info] Frame 285 (t = 1.425):	 total squared error = 0.00375462, marker error: RMS = 0.0127767, max = 0.0261061 (LTH2)
[2025-11-04 22:37:03.245] [info] Frame 286 (t = 1.43):	 total squared error = 0.00385864, marker error: RMS = 0.0129525, max = 0.026579 (LTH2)
[2025-11-04 22:37:03.273] [info] Frame 287 (t = 1.435):	 total squared error = 0.00395862, marker error: RMS = 0.0131192, max = 0.0269275 (LTH2)
[2025-11-04 22:37:03.319] [info] Frame 288 (t = 1.44):	 total squared error = 0.00404517, marker error: RMS = 0.0132619, max = 0.0271003 (LTH2)
[2025-11-04 22:37:03.337] [info] Frame 289 (t = 1.445):	 total squared error = 0.00413325, marker error: RMS = 0.0134055, max = 0.0273278 (LTH2)
[2025-11-04 22:37:03.382] [info] Frame 290 (t = 1.45):	 total squared error = 0.00421929, marker error: RMS = 0.0135443, max = 0.0275721 (LTH2)
[2025-11-04 22:37:03.423] [info] Frame 291 (t = 1.455):	 total squared error = 0.00429538, marker error: RMS = 0.0136659, max = 0.0276978 (LTH2)
[2025-11-04 22:37:03.442] [info] Frame 292 (t = 1.46):	 total squared error = 0.00435529, marker error: RMS = 0.0137608, max = 0.0276911 (LTH2)
[2025-11-04 22:37:03.468] [info] Frame 293 (t = 1.465):	 total squared error = 0.00440818, marker error: RMS = 0.0138441, max = 0.0276995 (LTH2)
[2025-11-04 22:37:03.505] [info] Frame 294 (t = 1.47):	 total squared error = 0.00443040, marker error: RMS = 0.013879, max = 0.0275626 (LTH2)
[2025-11-04 22:37:03.525] [info] Frame 295 (t = 1.475):	 total squared error = 0.00443023, marker error: RMS = 0.0138787, max = 0.0272738 (LTH2)
[2025-11-04 22:37:03.554] [info] Frame 296 (t = 1.48):	 total squared error = 0.00441221, marker error: RMS = 0.0138505, max = 0.0268929 (LTH2)
[2025-11-04 22:37:03.589] [info] Frame 297 (t = 1.485):	 total squared error = 0.00436201, marker error: RMS = 0.0137714, max = 0.0263612 (LTH2)
[2025-11-04 22:37:03.627] [info] Frame 298 (t = 1.49):	 total squared error = 0.00428275, marker error: RMS = 0.0136457, max = 0.0258959 (LTH2)
[2025-11-04 22:37:03.657] [info] Frame 299 (t = 1.495):	 total squared error = 0.00418822, marker error: RMS = 0.0134943, max = 0.0251602 (LTH2)
[2025-11-04 22:37:03.687] [info] Frame 300 (t = 1.5):	 total squared error = 0.00407489, marker error: RMS = 0.0133105, max = 0.0243555 (LTH2)
[2025-11-04 22:37:03.713] [info] Frame 301 (t = 1.50500):	 total squared error = 0.00394605, marker error: RMS = 0.0130984, max = 0.0234525 (LTH2)
[2025-11-04 22:37:03.745] [info] Frame 302 (t = 1.51):	 total squared error = 0.00380549, marker error: RMS = 0.012863, max = 0.0224649 (LTH2)
[2025-11-04 22:37:03.773] [info] Frame 303 (t = 1.515):	 total squared error = 0.00366461, marker error: RMS = 0.0126226, max = 0.0214087 (LTH2)
[2025-11-04 22:37:03.794] [info] Frame 304 (t = 1.52):	 total squared error = 0.00352853, marker error: RMS = 0.0123861, max = 0.0199738 (LTH2)
[2025-11-04 22:37:03.821] [info] Frame 305 (t = 1.525):	 total squared error = 0.00339831, marker error: RMS = 0.0121554, max = 0.0195291 (RTHOL)
[2025-11-04 22:37:03.867] [info] Frame 306 (t = 1.53):	 total squared error = 0.00326182, marker error: RMS = 0.0119087, max = 0.0193019 (XIPH)
[2025-11-04 22:37:03.898] [info] Frame 307 (t = 1.535):	 total squared error = 0.00314787, marker error: RMS = 0.0116989, max = 0.0194112 (XIPH)
[2025-11-04 22:37:03.942] [info] Frame 308 (t = 1.54):	 total squared error = 0.00304534, marker error: RMS = 0.0115068, max = 0.01952 (XIPH)
[2025-11-04 22:37:03.986] [info] Frame 309 (t = 1.545):	 total squared error = 0.00295959, marker error: RMS = 0.0113436, max = 0.0195951 (XIPH)
[2025-11-04 22:37:04.005] [info] Frame 310 (t = 1.55):	 total squared error = 0.00289557, marker error: RMS = 0.0112203, max = 0.0196489 (XIPH)
[2025-11-04 22:37:04.047] [info] Frame 311 (t = 1.555):	 total squared error = 0.00283988, marker error: RMS = 0.0111119, max = 0.0196834 (XIPH)
[2025-11-04 22:37:04.070] [info] Frame 312 (t = 1.56):	 total squared error = 0.00281345, marker error: RMS = 0.0110600, max = 0.0197424 (XIPH)
[2025-11-04 22:37:04.116] [info] Frame 313 (t = 1.565):	 total squared error = 0.00279394, marker error: RMS = 0.0110216, max = 0.0196978 (XIPH)
[2025-11-04 22:37:04.150] [info] Frame 314 (t = 1.57):	 total squared error = 0.00279846, marker error: RMS = 0.0110305, max = 0.0197243 (XIPH)
[2025-11-04 22:37:04.170] [info] Frame 315 (t = 1.575):	 total squared error = 0.00282613, marker error: RMS = 0.0110849, max = 0.0197594 (XIPH)
[2025-11-04 22:37:04.214] [info] Frame 316 (t = 1.58):	 total squared error = 0.00285164, marker error: RMS = 0.0111348, max = 0.0195935 (XIPH)
[2025-11-04 22:37:04.238] [info] Frame 317 (t = 1.585):	 total squared error = 0.00290509, marker error: RMS = 0.0112387, max = 0.0196586 (XIPH)
[2025-11-04 22:37:04.258] [info] Frame 318 (t = 1.59):	 total squared error = 0.00297632, marker error: RMS = 0.0113756, max = 0.0197006 (XIPH)
[2025-11-04 22:37:04.311] [info] Frame 319 (t = 1.595):	 total squared error = 0.00302588, marker error: RMS = 0.01147, max = 0.0194474 (XIPH)
[2025-11-04 22:37:04.344] [info] Frame 320 (t = 1.6):	 total squared error = 0.00310019, marker error: RMS = 0.0116099, max = 0.0194699 (XIPH)
[2025-11-04 22:37:04.366] [info] Frame 321 (t = 1.60500):	 total squared error = 0.00318208, marker error: RMS = 0.0117623, max = 0.0195516 (XIPH)
[2025-11-04 22:37:04.410] [info] Frame 322 (t = 1.61):	 total squared error = 0.00324631, marker error: RMS = 0.0118804, max = 0.0193533 (XIPH)
[2025-11-04 22:37:04.430] [info] Frame 323 (t = 1.615):	 total squared error = 0.00332178, marker error: RMS = 0.0120177, max = 0.0194904 (XIPH)
[2025-11-04 22:37:04.467] [info] Frame 324 (t = 1.62):	 total squared error = 0.00337547, marker error: RMS = 0.0121144, max = 0.0193657 (XIPH)
[2025-11-04 22:37:04.490] [info] Frame 325 (t = 1.625):	 total squared error = 0.00342858, marker error: RMS = 0.0122094, max = 0.0195282 (XIPH)
[2025-11-04 22:37:04.537] [info] Frame 326 (t = 1.63):	 total squared error = 0.00345600, marker error: RMS = 0.0122581, max = 0.0194695 (XIPH)
[2025-11-04 22:37:04.561] [info] Frame 327 (t = 1.635):	 total squared error = 0.00347579, marker error: RMS = 0.0122931, max = 0.0196272 (XIPH)
[2025-11-04 22:37:04.613] [info] Frame 328 (t = 1.64):	 total squared error = 0.00346814, marker error: RMS = 0.0122796, max = 0.0196444 (XIPH)
[2025-11-04 22:37:04.637] [info] Frame 329 (t = 1.645):	 total squared error = 0.00344736, marker error: RMS = 0.0122428, max = 0.0198432 (XIPH)
[2025-11-04 22:37:04.675] [info] Frame 330 (t = 1.65):	 total squared error = 0.00339670, marker error: RMS = 0.0121525, max = 0.0199206 (XIPH)
[2025-11-04 22:37:04.707] [info] Frame 331 (t = 1.655):	 total squared error = 0.00333201, marker error: RMS = 0.0120362, max = 0.0201136 (XIPH)
[2025-11-04 22:37:04.736] [info] Frame 332 (t = 1.66):	 total squared error = 0.00324980, marker error: RMS = 0.0118868, max = 0.0203373 (XIPH)
[2025-11-04 22:37:04.765] [info] Frame 333 (t = 1.665):	 total squared error = 0.00314647, marker error: RMS = 0.0116963, max = 0.0205267 (XIPH)
[2025-11-04 22:37:04.798] [info] Frame 334 (t = 1.67):	 total squared error = 0.00303000, marker error: RMS = 0.0114778, max = 0.0207185 (XIPH)
[2025-11-04 22:37:04.825] [info] Frame 335 (t = 1.675):	 total squared error = 0.00290515, marker error: RMS = 0.0112388, max = 0.0209522 (XIPH)
[2025-11-04 22:37:04.858] [info] Frame 336 (t = 1.68):	 total squared error = 0.00276997, marker error: RMS = 0.0109742, max = 0.0211346 (XIPH)
[2025-11-04 22:37:04.886] [info] Frame 337 (t = 1.685):	 total squared error = 0.00263986, marker error: RMS = 0.0107134, max = 0.0213577 (XIPH)
[2025-11-04 22:37:04.920] [info] Frame 338 (t = 1.69):	 total squared error = 0.00250885, marker error: RMS = 0.0104442, max = 0.0215423 (XIPH)
[2025-11-04 22:37:04.957] [info] Frame 339 (t = 1.695):	 total squared error = 0.00239119, marker error: RMS = 0.0101963, max = 0.0217481 (XIPH)
[2025-11-04 22:37:04.985] [info] Frame 340 (t = 1.7):	 total squared error = 0.00228890, marker error: RMS = 0.00997584, max = 0.021939 (XIPH)
[2025-11-04 22:37:05.017] [info] Frame 341 (t = 1.70500):	 total squared error = 0.00220339, marker error: RMS = 0.00978773, max = 0.0221197 (XIPH)
[2025-11-04 22:37:05.052] [info] Frame 342 (t = 1.71):	 total squared error = 0.00213801, marker error: RMS = 0.00964143, max = 0.0222761 (XIPH)
[2025-11-04 22:37:05.085] [info] Frame 343 (t = 1.715):	 total squared error = 0.00209552, marker error: RMS = 0.00954514, max = 0.0224422 (XIPH)
[2025-11-04 22:37:05.118] [info] Frame 344 (t = 1.72):	 total squared error = 0.00207133, marker error: RMS = 0.00948988, max = 0.0225687 (XIPH)
[2025-11-04 22:37:05.144] [info] Frame 345 (t = 1.725):	 total squared error = 0.00207022, marker error: RMS = 0.00948734, max = 0.0227267 (XIPH)
[2025-11-04 22:37:05.169] [info] Frame 346 (t = 1.73):	 total squared error = 0.00207786, marker error: RMS = 0.00950484, max = 0.0228155 (XIPH)
[2025-11-04 22:37:05.196] [info] Frame 347 (t = 1.735):	 total squared error = 0.00209679, marker error: RMS = 0.00954803, max = 0.0228913 (XIPH)
[2025-11-04 22:37:05.244] [info] Frame 348 (t = 1.74):	 total squared error = 0.00212011, marker error: RMS = 0.00960097, max = 0.0229717 (XIPH)
[2025-11-04 22:37:05.277] [info] Frame 349 (t = 1.745):	 total squared error = 0.00214747, marker error: RMS = 0.00966273, max = 0.0230381 (XIPH)
[2025-11-04 22:37:05.294] [info] Frame 350 (t = 1.75):	 total squared error = 0.00216978, marker error: RMS = 0.00971278, max = 0.0230151 (XIPH)
[2025-11-04 22:37:05.324] [info] Frame 351 (t = 1.755):	 total squared error = 0.00218887, marker error: RMS = 0.00975542, max = 0.0231169 (XIPH)
[2025-11-04 22:37:05.339] [info] Frame 352 (t = 1.76):	 total squared error = 0.00220616, marker error: RMS = 0.00979387, max = 0.023125 (XIPH)
[2025-11-04 22:37:05.377] [info] Frame 353 (t = 1.765):	 total squared error = 0.00221441, marker error: RMS = 0.00981217, max = 0.0231753 (XIPH)
[2025-11-04 22:37:05.390] [info] Frame 354 (t = 1.77):	 total squared error = 0.00222769, marker error: RMS = 0.00984156, max = 0.0231837 (XIPH)
[2025-11-04 22:37:05.418] [info] Frame 355 (t = 1.775):	 total squared error = 0.00223621, marker error: RMS = 0.00986036, max = 0.0231627 (XIPH)
[2025-11-04 22:37:05.433] [info] Frame 356 (t = 1.78):	 total squared error = 0.00225914, marker error: RMS = 0.00991078, max = 0.0231674 (XIPH)
[2025-11-04 22:37:05.467] [info] Frame 357 (t = 1.785):	 total squared error = 0.00226958, marker error: RMS = 0.00993365, max = 0.0230596 (XIPH)
[2025-11-04 22:37:05.491] [info] Frame 358 (t = 1.79):	 total squared error = 0.00229166, marker error: RMS = 0.00998185, max = 0.0229656 (XIPH)
[2025-11-04 22:37:05.535] [info] Frame 359 (t = 1.795):	 total squared error = 0.00230927, marker error: RMS = 0.0100201, max = 0.0228237 (XIPH)
[2025-11-04 22:37:05.563] [info] Frame 360 (t = 1.8):	 total squared error = 0.00233334, marker error: RMS = 0.0100722, max = 0.0226696 (XIPH)
[2025-11-04 22:37:05.594] [info] Frame 361 (t = 1.80500):	 total squared error = 0.00235756, marker error: RMS = 0.0101244, max = 0.0224867 (XIPH)
[2025-11-04 22:37:05.623] [info] Frame 362 (t = 1.81):	 total squared error = 0.00237217, marker error: RMS = 0.0101557, max = 0.0222381 (XIPH)
[2025-11-04 22:37:05.655] [info] Frame 363 (t = 1.815):	 total squared error = 0.00238224, marker error: RMS = 0.0101772, max = 0.0219877 (XIPH)
[2025-11-04 22:37:05.685] [info] Frame 364 (t = 1.82):	 total squared error = 0.00237605, marker error: RMS = 0.0101640, max = 0.021656 (XIPH)
[2025-11-04 22:37:05.715] [info] Frame 365 (t = 1.825):	 total squared error = 0.00236152, marker error: RMS = 0.0101328, max = 0.0213195 (XIPH)
[2025-11-04 22:37:05.749] [info] Frame 366 (t = 1.83):	 total squared error = 0.00233783, marker error: RMS = 0.0100819, max = 0.0209742 (XIPH)
[2025-11-04 22:37:05.780] [info] Frame 367 (t = 1.835):	 total squared error = 0.00230237, marker error: RMS = 0.0100052, max = 0.0205948 (XIPH)
[2025-11-04 22:37:05.812] [info] Frame 368 (t = 1.84):	 total squared error = 0.00225975, marker error: RMS = 0.00991212, max = 0.0201831 (XIPH)
[2025-11-04 22:37:05.848] [info] Frame 369 (t = 1.845):	 total squared error = 0.00221575, marker error: RMS = 0.00981515, max = 0.0197935 (XIPH)
[2025-11-04 22:37:05.881] [info] Frame 370 (t = 1.85):	 total squared error = 0.00217087, marker error: RMS = 0.00971522, max = 0.0193912 (XIPH)
[2025-11-04 22:37:05.920] [info] Frame 371 (t = 1.855):	 total squared error = 0.00213046, marker error: RMS = 0.00962438, max = 0.0190047 (XIPH)
[2025-11-04 22:37:05.956] [info] Frame 372 (t = 1.86):	 total squared error = 0.00208926, marker error: RMS = 0.00953086, max = 0.0186092 (XIPH)
[2025-11-04 22:37:05.997] [info] Frame 373 (t = 1.865):	 total squared error = 0.00205171, marker error: RMS = 0.00944482, max = 0.0182159 (XIPH)
[2025-11-04 22:37:06.048] [info] Frame 374 (t = 1.87):	 total squared error = 0.00201851, marker error: RMS = 0.00936810, max = 0.0177365 (XIPH)
[2025-11-04 22:37:06.082] [info] Frame 375 (t = 1.875):	 total squared error = 0.00198213, marker error: RMS = 0.00928329, max = 0.0179611 (RTHOL)
[2025-11-04 22:37:06.118] [info] Frame 376 (t = 1.88):	 total squared error = 0.00195031, marker error: RMS = 0.00920848, max = 0.0181827 (RTHOL)
[2025-11-04 22:37:06.172] [info] Frame 377 (t = 1.885):	 total squared error = 0.00191818, marker error: RMS = 0.00913232, max = 0.0178914 (RTHOL)
[2025-11-04 22:37:06.211] [info] Frame 378 (t = 1.89):	 total squared error = 0.00188392, marker error: RMS = 0.00905040, max = 0.0181356 (RTHOL)
[2025-11-04 22:37:06.249] [info] Frame 379 (t = 1.895):	 total squared error = 0.00185329, marker error: RMS = 0.00897652, max = 0.0182493 (RTHOL)
[2025-11-04 22:37:06.288] [info] Frame 380 (t = 1.9):	 total squared error = 0.00182605, marker error: RMS = 0.00891029, max = 0.018196 (RTHOL)
[2025-11-04 22:37:06.350] [info] Frame 381 (t = 1.90500):	 total squared error = 0.00179861, marker error: RMS = 0.00884310, max = 0.017399 (RTHOL)
[2025-11-04 22:37:06.392] [info] Frame 382 (t = 1.91):	 total squared error = 0.00177971, marker error: RMS = 0.00879651, max = 0.0174956 (RTHOL)
[2025-11-04 22:37:06.455] [info] Frame 383 (t = 1.915):	 total squared error = 0.00176922, marker error: RMS = 0.00877055, max = 0.0168523 (RTHOL)
[2025-11-04 22:37:06.496] [info] Frame 384 (t = 1.92):	 total squared error = 0.00177157, marker error: RMS = 0.00877638, max = 0.0169783 (RTHOL)
[2025-11-04 22:37:06.557] [info] Frame 385 (t = 1.925):	 total squared error = 0.00178133, marker error: RMS = 0.00880052, max = 0.0162004 (RTHOL)
[2025-11-04 22:37:06.601] [info] Frame 386 (t = 1.93):	 total squared error = 0.00180744, marker error: RMS = 0.00886478, max = 0.0162326 (RTHOL)
[2025-11-04 22:37:06.630] [info] Frame 387 (t = 1.935):	 total squared error = 0.00186210, marker error: RMS = 0.00899782, max = 0.0168951 (RTHOL)
[2025-11-04 22:37:06.694] [info] Frame 388 (t = 1.94):	 total squared error = 0.00188713, marker error: RMS = 0.00905811, max = 0.0151952 (RTHOL)
[2025-11-04 22:37:06.728] [info] Frame 389 (t = 1.945):	 total squared error = 0.00194364, marker error: RMS = 0.00919272, max = 0.0153485 (RTHOL)
[2025-11-04 22:37:06.767] [info] Frame 390 (t = 1.95):	 total squared error = 0.00199955, marker error: RMS = 0.00932399, max = 0.0148366 (RTHOL)
[2025-11-04 22:37:06.813] [info] Frame 391 (t = 1.955):	 total squared error = 0.00205968, marker error: RMS = 0.00946315, max = 0.0149959 (RSHAOL)
[2025-11-04 22:37:06.844] [info] Frame 392 (t = 1.96):	 total squared error = 0.00212571, marker error: RMS = 0.00961365, max = 0.0152479 (RSHAOL)
[2025-11-04 22:37:06.889] [info] Frame 393 (t = 1.965):	 total squared error = 0.00218097, marker error: RMS = 0.00973781, max = 0.0159445 (RSHAOL)
[2025-11-04 22:37:06.922] [info] Frame 394 (t = 1.97):	 total squared error = 0.00224343, marker error: RMS = 0.00987625, max = 0.0163022 (RSHAOL)
[2025-11-04 22:37:06.944] [info] Frame 395 (t = 1.975):	 total squared error = 0.00231023, marker error: RMS = 0.0100222, max = 0.0167177 (RSHAOL)
[2025-11-04 22:37:06.976] [info] Frame 396 (t = 1.98):	 total squared error = 0.00236639, marker error: RMS = 0.0101433, max = 0.0173413 (RSHAOL)
[2025-11-04 22:37:06.998] [info] Frame 397 (t = 1.985):	 total squared error = 0.00242952, marker error: RMS = 0.0102777, max = 0.0178998 (RSHAOL)
[2025-11-04 22:37:07.025] [info] Frame 398 (t = 1.99):	 total squared error = 0.00248372, marker error: RMS = 0.0103917, max = 0.0185778 (RSHAOL)
[2025-11-04 22:37:07.046] [info] Frame 399 (t = 1.995):	 total squared error = 0.00254247, marker error: RMS = 0.0105139, max = 0.0191684 (RSHAOL)
[2025-11-04 22:37:07.092] [info] Frame 400 (t = 2.0):	 total squared error = 0.00257657, marker error: RMS = 0.0105842, max = 0.0201012 (RSHAOL)
[2025-11-04 22:37:07.124] [info] Frame 401 (t = 2.00500):	 total squared error = 0.00261510, marker error: RMS = 0.0106630, max = 0.0206579 (RSHAOL)
[2025-11-04 22:37:07.151] [info] Frame 402 (t = 2.01):	 total squared error = 0.00264330, marker error: RMS = 0.0107204, max = 0.0211379 (RSHAOL)
[2025-11-04 22:37:07.179] [info] Frame 403 (t = 2.015):	 total squared error = 0.00265668, marker error: RMS = 0.0107475, max = 0.0214718 (RSHAOL)
[2025-11-04 22:37:07.210] [info] Frame 404 (t = 2.02):	 total squared error = 0.00265093, marker error: RMS = 0.0107358, max = 0.0217775 (RSHAOL)
[2025-11-04 22:37:07.236] [info] Frame 405 (t = 2.025):	 total squared error = 0.00262658, marker error: RMS = 0.0106864, max = 0.0218655 (RSHAOL)
[2025-11-04 22:37:07.279] [info] Frame 406 (t = 2.03):	 total squared error = 0.00258175, marker error: RMS = 0.0105948, max = 0.0218508 (RSHAOL)
[2025-11-04 22:37:07.308] [info] Frame 407 (t = 2.035):	 total squared error = 0.00251935, marker error: RMS = 0.0104660, max = 0.0216463 (RSHAOL)
[2025-11-04 22:37:07.351] [info] Frame 408 (t = 2.04):	 total squared error = 0.00244090, marker error: RMS = 0.0103018, max = 0.0213146 (RSHAOL)
[2025-11-04 22:37:07.385] [info] Frame 409 (t = 2.045):	 total squared error = 0.00234976, marker error: RMS = 0.0101076, max = 0.0208518 (RSHAOL)
[2025-11-04 22:37:07.431] [info] Frame 410 (t = 2.05):	 total squared error = 0.00224858, marker error: RMS = 0.00988759, max = 0.0202419 (RSHAOL)
[2025-11-04 22:37:07.461] [info] Frame 411 (t = 2.055):	 total squared error = 0.00214292, marker error: RMS = 0.00965248, max = 0.0195747 (RSHAOL)
[2025-11-04 22:37:07.506] [info] Frame 412 (t = 2.06):	 total squared error = 0.00203179, marker error: RMS = 0.00939888, max = 0.018661 (RSHAOL)
[2025-11-04 22:37:07.535] [info] Frame 413 (t = 2.065):	 total squared error = 0.00192410, marker error: RMS = 0.00914639, max = 0.0179123 (RSHAOL)
[2025-11-04 22:37:07.585] [info] Frame 414 (t = 2.07):	 total squared error = 0.00181792, marker error: RMS = 0.00889044, max = 0.0169095 (RSHAOL)
[2025-11-04 22:37:07.626] [info] Frame 415 (t = 2.075):	 total squared error = 0.00172129, marker error: RMS = 0.00865092, max = 0.0161094 (RSHAOL)
[2025-11-04 22:37:07.673] [info] Frame 416 (t = 2.08):	 total squared error = 0.00163030, marker error: RMS = 0.00841919, max = 0.0150708 (RSHAOL)
[2025-11-04 22:37:07.720] [info] Frame 417 (t = 2.085):	 total squared error = 0.00155182, marker error: RMS = 0.00821405, max = 0.0142975 (XIPH)
[2025-11-04 22:37:07.745] [info] Frame 418 (t = 2.09):	 total squared error = 0.00149267, marker error: RMS = 0.00805596, max = 0.0142509 (XIPH)
[2025-11-04 22:37:07.797] [info] Frame 419 (t = 2.095):	 total squared error = 0.00143485, marker error: RMS = 0.00789840, max = 0.0146377 (XIPH)
[2025-11-04 22:37:07.818] [info] Frame 420 (t = 2.1):	 total squared error = 0.00140570, marker error: RMS = 0.00781777, max = 0.014611 (XIPH)
[2025-11-04 22:37:07.848] [info] Frame 421 (t = 2.10500):	 total squared error = 0.00138265, marker error: RMS = 0.00775340, max = 0.0146948 (XIPH)
[2025-11-04 22:37:07.897] [info] Frame 422 (t = 2.11):	 total squared error = 0.00137021, marker error: RMS = 0.00771845, max = 0.0151365 (XIPH)
[2025-11-04 22:37:07.922] [info] Frame 423 (t = 2.115):	 total squared error = 0.00138647, marker error: RMS = 0.00776412, max = 0.0150898 (XIPH)
[2025-11-04 22:37:07.980] [info] Frame 424 (t = 2.12):	 total squared error = 0.00140182, marker error: RMS = 0.00780695, max = 0.0155104 (XIPH)
[2025-11-04 22:37:08.004] [info] Frame 425 (t = 2.125):	 total squared error = 0.00144681, marker error: RMS = 0.00793126, max = 0.0155194 (XIPH)
[2025-11-04 22:37:08.025] [info] Frame 426 (t = 2.13):	 total squared error = 0.00151045, marker error: RMS = 0.00810382, max = 0.0155988 (XIPH)
[2025-11-04 22:37:08.077] [info] Frame 427 (t = 2.135):	 total squared error = 0.00154841, marker error: RMS = 0.00820500, max = 0.0161106 (XIPH)
[2025-11-04 22:37:08.098] [info] Frame 428 (t = 2.14):	 total squared error = 0.00162731, marker error: RMS = 0.00841146, max = 0.0161909 (XIPH)
[2025-11-04 22:37:08.141] [info] Frame 429 (t = 2.145):	 total squared error = 0.00169612, marker error: RMS = 0.00858745, max = 0.0165846 (XIPH)
[2025-11-04 22:37:08.168] [info] Frame 430 (t = 2.15):	 total squared error = 0.00178833, marker error: RMS = 0.00881780, max = 0.01668 (XIPH)
[2025-11-04 22:37:08.198] [info] Frame 431 (t = 2.155):	 total squared error = 0.00188300, marker error: RMS = 0.00904818, max = 0.0168286 (XIPH)
[2025-11-04 22:37:08.220] [info] Frame 432 (t = 2.16):	 total squared error = 0.00198062, marker error: RMS = 0.00927975, max = 0.0170096 (XIPH)
[2025-11-04 22:37:08.260] [info] Frame 433 (t = 2.165):	 total squared error = 0.00204068, marker error: RMS = 0.00941940, max = 0.0175791 (XIPH)
[2025-11-04 22:37:08.289] [info] Frame 434 (t = 2.17):	 total squared error = 0.00213009, marker error: RMS = 0.00962354, max = 0.0177682 (XIPH)
[2025-11-04 22:37:08.334] [info] Frame 435 (t = 2.175):	 total squared error = 0.00219236, marker error: RMS = 0.00976320, max = 0.0181986 (XIPH)
[2025-11-04 22:37:08.363] [info] Frame 436 (t = 2.18):	 total squared error = 0.00226172, marker error: RMS = 0.00991643, max = 0.0183719 (XIPH)
[2025-11-04 22:37:08.405] [info] Frame 437 (t = 2.185):	 total squared error = 0.00230204, marker error: RMS = 0.0100044, max = 0.018693 (XIPH)
[2025-11-04 22:37:08.433] [info] Frame 438 (t = 2.19):	 total squared error = 0.00234128, marker error: RMS = 0.0100894, max = 0.0188701 (XIPH)
[2025-11-04 22:37:08.464] [info] Frame 439 (t = 2.195):	 total squared error = 0.00236310, marker error: RMS = 0.0101362, max = 0.0190589 (XIPH)
[2025-11-04 22:37:08.511] [info] Frame 440 (t = 2.2):	 total squared error = 0.00233981, marker error: RMS = 0.0100862, max = 0.0194554 (XIPH)
[2025-11-04 22:37:08.540] [info] Frame 441 (t = 2.20500):	 total squared error = 0.00231970, marker error: RMS = 0.0100427, max = 0.019592 (XIPH)
[2025-11-04 22:37:08.575] [info] Frame 442 (t = 2.21):	 total squared error = 0.00228407, marker error: RMS = 0.00996531, max = 0.0197252 (XIPH)
[2025-11-04 22:37:08.603] [info] Frame 443 (t = 2.215):	 total squared error = 0.00222642, marker error: RMS = 0.00983874, max = 0.0198592 (XIPH)
[2025-11-04 22:37:08.655] [info] Frame 444 (t = 2.22):	 total squared error = 0.00213894, marker error: RMS = 0.00964352, max = 0.0201010 (XIPH)
[2025-11-04 22:37:08.686] [info] Frame 445 (t = 2.225):	 total squared error = 0.00206128, marker error: RMS = 0.00946682, max = 0.0202196 (XIPH)
[2025-11-04 22:37:08.720] [info] Frame 446 (t = 2.23):	 total squared error = 0.00197570, marker error: RMS = 0.00926824, max = 0.0202401 (XIPH)
[2025-11-04 22:37:08.754] [info] Frame 447 (t = 2.235):	 total squared error = 0.00188780, marker error: RMS = 0.00905970, max = 0.0202602 (XIPH)
[2025-11-04 22:37:08.791] [info] Frame 448 (t = 2.24):	 total squared error = 0.00180207, marker error: RMS = 0.00885160, max = 0.0202659 (XIPH)
[2025-11-04 22:37:08.827] [info] Frame 449 (t = 2.245):	 total squared error = 0.00172997, marker error: RMS = 0.00867271, max = 0.0203059 (XIPH)
[2025-11-04 22:37:08.872] [info] Frame 450 (t = 2.25):	 total squared error = 0.00166416, marker error: RMS = 0.00850616, max = 0.0202259 (XIPH)
[2025-11-04 22:37:08.900] [info] Frame 451 (t = 2.255):	 total squared error = 0.00161862, marker error: RMS = 0.00838897, max = 0.0202849 (XIPH)
[2025-11-04 22:37:08.929] [info] Frame 452 (t = 2.26):	 total squared error = 0.00158405, marker error: RMS = 0.00829890, max = 0.0202255 (XIPH)
[2025-11-04 22:37:08.952] [info] Frame 453 (t = 2.265):	 total squared error = 0.00156443, marker error: RMS = 0.00824735, max = 0.0202184 (XIPH)
[2025-11-04 22:37:08.998] [info] Frame 454 (t = 2.27):	 total squared error = 0.00155500, marker error: RMS = 0.00822244, max = 0.0200496 (XIPH)
[2025-11-04 22:37:09.025] [info] Frame 455 (t = 2.275):	 total squared error = 0.00156316, marker error: RMS = 0.00824399, max = 0.0200923 (XIPH)
[2025-11-04 22:37:09.057] [info] Frame 456 (t = 2.28):	 total squared error = 0.00157004, marker error: RMS = 0.00826213, max = 0.0200534 (XIPH)
[2025-11-04 22:37:09.067] [info] Frame 457 (t = 2.285):	 total squared error = 0.00159184, marker error: RMS = 0.00831927, max = 0.0200485 (XIPH)
[2025-11-04 22:37:09.090] [info] Frame 458 (t = 2.29):	 total squared error = 0.00161489, marker error: RMS = 0.00837929, max = 0.0201118 (XIPH)
[2025-11-04 22:37:09.125] [info] Frame 459 (t = 2.295):	 total squared error = 0.00163390, marker error: RMS = 0.00842847, max = 0.0201916 (XIPH)
[2025-11-04 22:37:09.143] [info] Frame 460 (t = 2.3):	 total squared error = 0.00166009, marker error: RMS = 0.00849575, max = 0.0202388 (XIPH)
[2025-11-04 22:37:09.189] [info] Frame 461 (t = 2.30500):	 total squared error = 0.00168186, marker error: RMS = 0.00855128, max = 0.0205299 (XIPH)
[2025-11-04 22:37:09.233] [info] Frame 462 (t = 2.31):	 total squared error = 0.00171119, marker error: RMS = 0.00862552, max = 0.0205954 (XIPH)
[2025-11-04 22:37:09.308] [info] Frame 463 (t = 2.315):	 total squared error = 0.00174419, marker error: RMS = 0.00870830, max = 0.0206261 (XIPH)
[2025-11-04 22:37:09.400] [info] Frame 464 (t = 2.32):	 total squared error = 0.00175896, marker error: RMS = 0.00874507, max = 0.0210312 (XIPH)
[2025-11-04 22:37:09.439] [info] Frame 465 (t = 2.325):	 total squared error = 0.00178665, marker error: RMS = 0.00881366, max = 0.0210598 (XIPH)
[2025-11-04 22:37:09.489] [info] Frame 466 (t = 2.33):	 total squared error = 0.00181483, marker error: RMS = 0.00888288, max = 0.0211046 (XIPH)
[2025-11-04 22:37:09.519] [info] Frame 467 (t = 2.335):	 total squared error = 0.00184081, marker error: RMS = 0.00894623, max = 0.0211666 (XIPH)
[2025-11-04 22:37:09.551] [info] Frame 468 (t = 2.34):	 total squared error = 0.00186504, marker error: RMS = 0.00900494, max = 0.021197 (XIPH)
[2025-11-04 22:37:09.616] [info] Frame 469 (t = 2.345):	 total squared error = 0.00186299, marker error: RMS = 0.00899997, max = 0.0216914 (XIPH)
[2025-11-04 22:37:09.656] [info] Frame 470 (t = 2.35):	 total squared error = 0.00189298, marker error: RMS = 0.00907212, max = 0.0215181 (XIPH)
[2025-11-04 22:37:09.700] [info] Frame 471 (t = 2.355):	 total squared error = 0.00192761, marker error: RMS = 0.00915474, max = 0.0215095 (XIPH)
[2025-11-04 22:37:09.748] [info] Frame 472 (t = 2.36):	 total squared error = 0.00197375, marker error: RMS = 0.00926364, max = 0.0214292 (XIPH)
[2025-11-04 22:37:09.793] [info] Frame 473 (t = 2.365):	 total squared error = 0.00206301, marker error: RMS = 0.00947080, max = 0.0211467 (XIPH)
[2025-11-04 22:37:09.842] [info] Frame 474 (t = 2.37):	 total squared error = 0.00219504, marker error: RMS = 0.00976916, max = 0.0208374 (XIPH)
[2025-11-04 22:37:09.881] [info] Frame 475 (t = 2.375):	 total squared error = 0.00240757, marker error: RMS = 0.0102312, max = 0.0233609 (LTHOL)
[2025-11-04 22:37:09.924] [info] Frame 476 (t = 2.38):	 total squared error = 0.00271587, marker error: RMS = 0.0108665, max = 0.0276941 (LTHOL)
[2025-11-04 22:37:09.955] [info] Frame 477 (t = 2.385):	 total squared error = 0.00314652, marker error: RMS = 0.0116964, max = 0.03349 (LTHOL)
[2025-11-04 22:37:10.004] [info] Frame 478 (t = 2.39):	 total squared error = 0.00371722, marker error: RMS = 0.0127129, max = 0.0390033 (LTHOL)
[2025-11-04 22:37:10.115] [info] Frame 479 (t = 2.395):	 total squared error = 0.00443847, marker error: RMS = 0.0138916, max = 0.0456886 (LTHOL)
[2025-11-04 22:37:10.174] [info] Frame 480 (t = 2.4):	 total squared error = 0.00529150, marker error: RMS = 0.0151679, max = 0.0522465 (LTHOL)
[2025-11-04 22:37:10.229] [info] Frame 481 (t = 2.40500):	 total squared error = 0.00179365, marker error: RMS = 0.00883091, max = 0.019471 (LTH2)
[2025-11-04 22:37:10.261] [info] Frame 482 (t = 2.41):	 total squared error = 0.00182960, marker error: RMS = 0.00891895, max = 0.0204210 (LTH2)
[2025-11-04 22:37:10.296] [info] Frame 483 (t = 2.415):	 total squared error = 0.00187450, marker error: RMS = 0.00902773, max = 0.0210984 (LTH2)
[2025-11-04 22:37:10.338] [info] Frame 484 (t = 2.42):	 total squared error = 0.00191616, marker error: RMS = 0.00912751, max = 0.0214566 (LTH2)
[2025-11-04 22:37:10.379] [info] Frame 485 (t = 2.425):	 total squared error = 0.00195421, marker error: RMS = 0.00921768, max = 0.0219225 (LTH2)
[2025-11-04 22:37:10.409] [info] Frame 486 (t = 2.43):	 total squared error = 0.00198812, marker error: RMS = 0.00929731, max = 0.0224115 (LTH2)
[2025-11-04 22:37:10.452] [info] Frame 487 (t = 2.435):	 total squared error = 0.00202089, marker error: RMS = 0.00937363, max = 0.0225208 (LTH2)
[2025-11-04 22:37:10.479] [info] Frame 488 (t = 2.44):	 total squared error = 0.00204173, marker error: RMS = 0.00942182, max = 0.0231013 (LTH2)
[2025-11-04 22:37:10.512] [info] Frame 489 (t = 2.445):	 total squared error = 0.00206013, marker error: RMS = 0.00946420, max = 0.0231579 (LTH2)
[2025-11-04 22:37:10.540] [info] Frame 490 (t = 2.45):	 total squared error = 0.00207309, marker error: RMS = 0.00949392, max = 0.023184 (LTH2)
[2025-11-04 22:37:10.577] [info] Frame 491 (t = 2.455):	 total squared error = 0.00207340, marker error: RMS = 0.00949462, max = 0.0229731 (LTH2)
[2025-11-04 22:37:10.601] [info] Frame 492 (t = 2.46):	 total squared error = 0.00207806, marker error: RMS = 0.00950528, max = 0.022855 (LTH2)
[2025-11-04 22:37:10.639] [info] InverseKinematicsTool completed 493 frames in 15 second(s).
[2025-11-04 22:39:20.381] [info] Loaded model Athlete_03 from file C:\Git\1_current_projects\powerlifing_model\models\Athlete_03\25_03_31\scaled.osim
[2025-11-04 22:39:20.550] [info] Loaded model Athlete_03 from file C:\Git\1_current_projects\powerlifing_model\models\Athlete_03\25_03_31\scaled.osim
[2025-11-04 22:39:23.074] [cout] [info] 
               MODEL: Athlete_03
         coordinates: 39
              forces: 97
           actuators: 97
             muscles: 80
            analyses: 0
              probes: 0
              bodies: 22
              joints: 22
         constraints: 2
             markers: 45
         controllers: 0
  contact geometries: 0
misc modelcomponents: 0
[2025-11-04 22:39:23.074] [info] Running tool .
[2025-11-04 22:39:23.404] [info] Frame 1 (t = 0.00500000):	 total squared error = 0.00145502, marker error: RMS = 0.00795373, max = 0.0159434 (XIPH)
[2025-11-04 22:39:23.416] [info] Frame 2 (t = 0.01):	 total squared error = 0.00147455, marker error: RMS = 0.00800692, max = 0.0160318 (XIPH)
[2025-11-04 22:39:23.428] [info] Frame 3 (t = 0.015):	 total squared error = 0.00149841, marker error: RMS = 0.00807144, max = 0.0161294 (XIPH)
[2025-11-04 22:39:23.446] [info] Frame 4 (t = 0.02):	 total squared error = 0.00151886, marker error: RMS = 0.00812634, max = 0.0162463 (XIPH)
[2025-11-04 22:39:23.460] [info] Frame 5 (t = 0.025):	 total squared error = 0.00155439, marker error: RMS = 0.00822083, max = 0.016365 (XIPH)
[2025-11-04 22:39:23.494] [info] Frame 6 (t = 0.03):	 total squared error = 0.00157026, marker error: RMS = 0.00826270, max = 0.0169759 (XIPH)
[2025-11-04 22:39:23.506] [info] Frame 7 (t = 0.035):	 total squared error = 0.00161304, marker error: RMS = 0.00837450, max = 0.0171136 (XIPH)
[2025-11-04 22:39:23.528] [info] Frame 8 (t = 0.04):	 total squared error = 0.00164748, marker error: RMS = 0.00846343, max = 0.0171874 (XIPH)
[2025-11-04 22:39:23.551] [info] Frame 9 (t = 0.045):	 total squared error = 0.00168762, marker error: RMS = 0.00856590, max = 0.0173972 (XIPH)
[2025-11-04 22:39:23.594] [info] Frame 10 (t = 0.05):	 total squared error = 0.00171113, marker error: RMS = 0.00862538, max = 0.0179634 (XIPH)
[2025-11-04 22:39:23.612] [info] Frame 11 (t = 0.055):	 total squared error = 0.00174925, marker error: RMS = 0.00872091, max = 0.0180451 (XIPH)
[2025-11-04 22:39:23.633] [info] Frame 12 (t = 0.06):	 total squared error = 0.00178449, marker error: RMS = 0.00880832, max = 0.018162 (XIPH)
[2025-11-04 22:39:23.663] [info] Frame 13 (t = 0.065):	 total squared error = 0.00180636, marker error: RMS = 0.00886213, max = 0.0182559 (XIPH)
[2025-11-04 22:39:23.709] [info] Frame 14 (t = 0.07):	 total squared error = 0.00180983, marker error: RMS = 0.00887063, max = 0.0186852 (XIPH)
[2025-11-04 22:39:23.732] [info] Frame 15 (t = 0.075):	 total squared error = 0.00182177, marker error: RMS = 0.00889985, max = 0.0186258 (XIPH)
[2025-11-04 22:39:23.752] [info] Frame 16 (t = 0.08):	 total squared error = 0.00182727, marker error: RMS = 0.00891327, max = 0.0185632 (XIPH)
[2025-11-04 22:39:23.774] [info] Frame 17 (t = 0.085):	 total squared error = 0.00182924, marker error: RMS = 0.00891809, max = 0.0184895 (XIPH)
[2025-11-04 22:39:23.794] [info] Frame 18 (t = 0.09):	 total squared error = 0.00182883, marker error: RMS = 0.00891708, max = 0.018371 (XIPH)
[2025-11-04 22:39:23.823] [info] Frame 19 (t = 0.095):	 total squared error = 0.00181410, marker error: RMS = 0.00888109, max = 0.0185092 (XIPH)
[2025-11-04 22:39:23.846] [info] Frame 20 (t = 0.1):	 total squared error = 0.00181243, marker error: RMS = 0.00887702, max = 0.0183757 (STRN)
[2025-11-04 22:39:23.868] [info] Frame 21 (t = 0.105000):	 total squared error = 0.00181836, marker error: RMS = 0.00889153, max = 0.0183758 (STRN)
[2025-11-04 22:39:23.906] [info] Frame 22 (t = 0.11):	 total squared error = 0.00181969, marker error: RMS = 0.00889476, max = 0.0185405 (STRN)
[2025-11-04 22:39:23.928] [info] Frame 23 (t = 0.115):	 total squared error = 0.00184425, marker error: RMS = 0.00895459, max = 0.0182974 (STRN)
[2025-11-04 22:39:23.953] [info] Frame 24 (t = 0.12):	 total squared error = 0.00188508, marker error: RMS = 0.00905318, max = 0.0181322 (STRN)
[2025-11-04 22:39:24.000] [info] Frame 25 (t = 0.125):	 total squared error = 0.00192598, marker error: RMS = 0.00915085, max = 0.0185211 (LTH2)
[2025-11-04 22:39:24.028] [info] Frame 26 (t = 0.13):	 total squared error = 0.00197997, marker error: RMS = 0.00927824, max = 0.0195305 (LTH2)
[2025-11-04 22:39:24.054] [info] Frame 27 (t = 0.135):	 total squared error = 0.00203840, marker error: RMS = 0.00941413, max = 0.0205110 (LTH2)
[2025-11-04 22:39:24.084] [info] Frame 28 (t = 0.14):	 total squared error = 0.00210356, marker error: RMS = 0.00956342, max = 0.0212101 (LTH2)
[2025-11-04 22:39:24.111] [info] Frame 29 (t = 0.145):	 total squared error = 0.00216374, marker error: RMS = 0.00969925, max = 0.0221264 (LTH2)
[2025-11-04 22:39:24.143] [info] Frame 30 (t = 0.15):	 total squared error = 0.00221196, marker error: RMS = 0.00980673, max = 0.0219404 (LTH2)
[2025-11-04 22:39:24.183] [info] Frame 31 (t = 0.155):	 total squared error = 0.00226390, marker error: RMS = 0.00992121, max = 0.0223681 (LTH2)
[2025-11-04 22:39:24.223] [info] Frame 32 (t = 0.16):	 total squared error = 0.00232016, marker error: RMS = 0.0100437, max = 0.0228437 (LTH2)
[2025-11-04 22:39:24.265] [info] Frame 33 (t = 0.165):	 total squared error = 0.00238285, marker error: RMS = 0.0101785, max = 0.0233234 (LTH2)
[2025-11-04 22:39:24.299] [info] Frame 34 (t = 0.17):	 total squared error = 0.00244151, marker error: RMS = 0.0103030, max = 0.0236273 (LTH2)
[2025-11-04 22:39:24.321] [info] Frame 35 (t = 0.175):	 total squared error = 0.00252400, marker error: RMS = 0.0104756, max = 0.0244798 (LTH2)
[2025-11-04 22:39:24.347] [info] Frame 36 (t = 0.18):	 total squared error = 0.00261817, marker error: RMS = 0.0106693, max = 0.0249631 (LTH2)
[2025-11-04 22:39:24.383] [info] Frame 37 (t = 0.185):	 total squared error = 0.00270172, marker error: RMS = 0.0108382, max = 0.0248197 (LTH2)
[2025-11-04 22:39:24.421] [info] Frame 38 (t = 0.19):	 total squared error = 0.00281867, marker error: RMS = 0.0110703, max = 0.0253033 (LTH2)
[2025-11-04 22:39:24.461] [info] Frame 39 (t = 0.195):	 total squared error = 0.00294799, marker error: RMS = 0.0113214, max = 0.0257754 (LTH2)
[2025-11-04 22:39:24.478] [info] Frame 40 (t = 0.2):	 total squared error = 0.00308720, marker error: RMS = 0.0115856, max = 0.0267016 (LTH2)
[2025-11-04 22:39:24.512] [info] Frame 41 (t = 0.205000):	 total squared error = 0.00323206, marker error: RMS = 0.0118543, max = 0.026661 (LTH2)
[2025-11-04 22:39:24.536] [info] Frame 42 (t = 0.21):	 total squared error = 0.00338878, marker error: RMS = 0.0121383, max = 0.027371 (LTH2)
[2025-11-04 22:39:24.572] [info] Frame 43 (t = 0.215):	 total squared error = 0.00353932, marker error: RMS = 0.0124050, max = 0.0276428 (LTH2)
[2025-11-04 22:39:24.593] [info] Frame 44 (t = 0.22):	 total squared error = 0.00368804, marker error: RMS = 0.0126629, max = 0.0282756 (LTH2)
[2025-11-04 22:39:24.628] [info] Frame 45 (t = 0.225):	 total squared error = 0.00385230, marker error: RMS = 0.0129418, max = 0.0285645 (LTH2)
[2025-11-04 22:39:24.647] [info] Frame 46 (t = 0.23):	 total squared error = 0.00400680, marker error: RMS = 0.0131988, max = 0.029137 (LTH2)
[2025-11-04 22:39:24.668] [info] Frame 47 (t = 0.235):	 total squared error = 0.00415997, marker error: RMS = 0.0134487, max = 0.0295598 (LTH2)
[2025-11-04 22:39:24.705] [info] Frame 48 (t = 0.24):	 total squared error = 0.00430581, marker error: RMS = 0.0136824, max = 0.0297049 (LTH2)
[2025-11-04 22:39:24.725] [info] Frame 49 (t = 0.245):	 total squared error = 0.00444843, marker error: RMS = 0.0139072, max = 0.0300273 (LTH2)
[2025-11-04 22:39:24.747] [info] Frame 50 (t = 0.25):	 total squared error = 0.00458382, marker error: RMS = 0.0141172, max = 0.0302134 (LTH2)
[2025-11-04 22:39:24.773] [info] Frame 51 (t = 0.255):	 total squared error = 0.00470324, marker error: RMS = 0.0142999, max = 0.0303121 (LTH2)
[2025-11-04 22:39:24.795] [info] Frame 52 (t = 0.26):	 total squared error = 0.00480590, marker error: RMS = 0.0144552, max = 0.0302657 (LTH2)
[2025-11-04 22:39:24.820] [info] Frame 53 (t = 0.265):	 total squared error = 0.00488456, marker error: RMS = 0.014573, max = 0.0300643 (LTH2)
[2025-11-04 22:39:24.837] [info] Frame 54 (t = 0.27):	 total squared error = 0.00493156, marker error: RMS = 0.0146429, max = 0.0297423 (LTH2)
[2025-11-04 22:39:24.861] [info] Frame 55 (t = 0.275):	 total squared error = 0.00495930, marker error: RMS = 0.0146841, max = 0.0293459 (LTH2)
[2025-11-04 22:39:24.878] [info] Frame 56 (t = 0.28):	 total squared error = 0.00494445, marker error: RMS = 0.0146621, max = 0.028737 (LTH2)
[2025-11-04 22:39:24.913] [info] Frame 57 (t = 0.285):	 total squared error = 0.00490484, marker error: RMS = 0.0146032, max = 0.028127 (LTH2)
[2025-11-04 22:39:24.933] [info] Frame 58 (t = 0.29):	 total squared error = 0.00482660, marker error: RMS = 0.0144863, max = 0.0272318 (LTH2)
[2025-11-04 22:39:24.964] [info] Frame 59 (t = 0.295):	 total squared error = 0.00473113, marker error: RMS = 0.0143423, max = 0.026372 (LTH2)
[2025-11-04 22:39:25.012] [info] Frame 60 (t = 0.3):	 total squared error = 0.00460660, marker error: RMS = 0.0141523, max = 0.0256084 (LSHA2)
[2025-11-04 22:39:25.055] [info] Frame 61 (t = 0.305000):	 total squared error = 0.00447195, marker error: RMS = 0.0139439, max = 0.0251953 (LSHA2)
[2025-11-04 22:39:25.156] [info] Frame 62 (t = 0.31):	 total squared error = 0.00431429, marker error: RMS = 0.0136959, max = 0.0246981 (LSHA2)
[2025-11-04 22:39:25.214] [info] Frame 63 (t = 0.315):	 total squared error = 0.00415452, marker error: RMS = 0.0134399, max = 0.0241978 (LSHA2)
[2025-11-04 22:39:25.255] [info] Frame 64 (t = 0.32):	 total squared error = 0.00398735, marker error: RMS = 0.0131667, max = 0.023653 (LSHA2)
[2025-11-04 22:39:25.304] [info] Frame 65 (t = 0.325):	 total squared error = 0.00382804, marker error: RMS = 0.0129010, max = 0.0231054 (LSHA2)
[2025-11-04 22:39:25.319] [info] Frame 66 (t = 0.33):	 total squared error = 0.00368377, marker error: RMS = 0.0126556, max = 0.0225637 (LSHA2)
[2025-11-04 22:39:25.352] [info] Frame 67 (t = 0.335):	 total squared error = 0.00353315, marker error: RMS = 0.0123942, max = 0.0221342 (LSHA2)
[2025-11-04 22:39:25.404] [info] Frame 68 (t = 0.34):	 total squared error = 0.00340738, marker error: RMS = 0.0121716, max = 0.0216233 (LSHA2)
[2025-11-04 22:39:25.450] [info] Frame 69 (t = 0.345):	 total squared error = 0.00329848, marker error: RMS = 0.0119755, max = 0.0212316 (LSHA2)
[2025-11-04 22:39:25.471] [info] Frame 70 (t = 0.35):	 total squared error = 0.00321316, marker error: RMS = 0.0118196, max = 0.0208884 (LSHA2)
[2025-11-04 22:39:25.499] [info] Frame 71 (t = 0.355):	 total squared error = 0.00312791, marker error: RMS = 0.0116617, max = 0.0206152 (LSHA2)
[2025-11-04 22:39:25.536] [info] Frame 72 (t = 0.36):	 total squared error = 0.00307513, marker error: RMS = 0.0115629, max = 0.0201869 (LSHA2)
[2025-11-04 22:39:25.554] [info] Frame 73 (t = 0.365):	 total squared error = 0.00305648, marker error: RMS = 0.0115278, max = 0.0200321 (LSHA2)
[2025-11-04 22:39:25.597] [info] Frame 74 (t = 0.37):	 total squared error = 0.00303107, marker error: RMS = 0.0114798, max = 0.0197147 (LSHA2)
[2025-11-04 22:39:25.617] [info] Frame 75 (t = 0.375):	 total squared error = 0.00305257, marker error: RMS = 0.0115204, max = 0.0196712 (LSHA2)
[2025-11-04 22:39:25.649] [info] Frame 76 (t = 0.38):	 total squared error = 0.00306368, marker error: RMS = 0.0115414, max = 0.0196945 (LSHA2)
[2025-11-04 22:39:25.700] [info] Frame 77 (t = 0.385):	 total squared error = 0.00310236, marker error: RMS = 0.011614, max = 0.0193946 (LSHA2)
[2025-11-04 22:39:25.719] [info] Frame 78 (t = 0.39):	 total squared error = 0.00316081, marker error: RMS = 0.0117229, max = 0.0195263 (LSHA2)
[2025-11-04 22:39:25.752] [info] Frame 79 (t = 0.395):	 total squared error = 0.00321441, marker error: RMS = 0.0118219, max = 0.0196715 (LSHA2)
[2025-11-04 22:39:25.772] [info] Frame 80 (t = 0.4):	 total squared error = 0.00329723, marker error: RMS = 0.0119732, max = 0.0198534 (LSHA2)
[2025-11-04 22:39:25.816] [info] Frame 81 (t = 0.405000):	 total squared error = 0.00333788, marker error: RMS = 0.0120468, max = 0.0195026 (LSHA2)
[2025-11-04 22:39:25.837] [info] Frame 82 (t = 0.41):	 total squared error = 0.00341481, marker error: RMS = 0.0121848, max = 0.019727 (LSHA2)
[2025-11-04 22:39:25.877] [info] Frame 83 (t = 0.415):	 total squared error = 0.00345021, marker error: RMS = 0.0122478, max = 0.0203402 (LTH2)
[2025-11-04 22:39:25.900] [info] Frame 84 (t = 0.42):	 total squared error = 0.00348815, marker error: RMS = 0.012315, max = 0.0204702 (LTH2)
[2025-11-04 22:39:25.944] [info] Frame 85 (t = 0.425):	 total squared error = 0.00350922, marker error: RMS = 0.0123521, max = 0.0210346 (LTH2)
[2025-11-04 22:39:25.966] [info] Frame 86 (t = 0.43):	 total squared error = 0.00351644, marker error: RMS = 0.0123648, max = 0.0208483 (LTH2)
[2025-11-04 22:39:25.991] [info] Frame 87 (t = 0.435):	 total squared error = 0.00348477, marker error: RMS = 0.0123090, max = 0.0206564 (LTH2)
[2025-11-04 22:39:26.023] [info] Frame 88 (t = 0.44):	 total squared error = 0.00343645, marker error: RMS = 0.0122234, max = 0.0206730 (LTH2)
[2025-11-04 22:39:26.042] [info] Frame 89 (t = 0.445):	 total squared error = 0.00337844, marker error: RMS = 0.0121198, max = 0.0200497 (LTH2)
[2025-11-04 22:39:26.064] [info] Frame 90 (t = 0.45):	 total squared error = 0.00327887, marker error: RMS = 0.0119398, max = 0.0196726 (XIPH)
[2025-11-04 22:39:26.086] [info] Frame 91 (t = 0.455):	 total squared error = 0.00315533, marker error: RMS = 0.0117127, max = 0.0198046 (XIPH)
[2025-11-04 22:39:26.115] [info] Frame 92 (t = 0.46):	 total squared error = 0.00302195, marker error: RMS = 0.0114625, max = 0.0200029 (XIPH)
[2025-11-04 22:39:26.134] [info] Frame 93 (t = 0.465):	 total squared error = 0.00288481, marker error: RMS = 0.0111994, max = 0.0202222 (XIPH)
[2025-11-04 22:39:26.174] [info] Frame 94 (t = 0.47):	 total squared error = 0.00271288, marker error: RMS = 0.0108605, max = 0.0202853 (XIPH)
[2025-11-04 22:39:26.199] [info] Frame 95 (t = 0.475):	 total squared error = 0.00255837, marker error: RMS = 0.0105467, max = 0.0204980 (XIPH)
[2025-11-04 22:39:26.218] [info] Frame 96 (t = 0.48):	 total squared error = 0.00241825, marker error: RMS = 0.0102539, max = 0.0207146 (XIPH)
[2025-11-04 22:39:26.243] [info] Frame 97 (t = 0.485):	 total squared error = 0.00227088, marker error: RMS = 0.00993650, max = 0.0208839 (XIPH)
[2025-11-04 22:39:26.265] [info] Frame 98 (t = 0.49):	 total squared error = 0.00215685, marker error: RMS = 0.00968381, max = 0.0211193 (XIPH)
[2025-11-04 22:39:26.284] [info] Frame 99 (t = 0.495):	 total squared error = 0.00205801, marker error: RMS = 0.00945932, max = 0.0213016 (XIPH)
[2025-11-04 22:39:26.303] [info] Frame 100 (t = 0.5):	 total squared error = 0.00198637, marker error: RMS = 0.00929321, max = 0.0214851 (XIPH)
[2025-11-04 22:39:26.328] [info] Frame 101 (t = 0.505000):	 total squared error = 0.00193726, marker error: RMS = 0.00917761, max = 0.021643 (XIPH)
[2025-11-04 22:39:26.366] [info] Frame 102 (t = 0.51):	 total squared error = 0.00191987, marker error: RMS = 0.00913634, max = 0.021798 (XIPH)
[2025-11-04 22:39:26.382] [info] Frame 103 (t = 0.515):	 total squared error = 0.00192781, marker error: RMS = 0.00915520, max = 0.0219937 (XIPH)
[2025-11-04 22:39:26.411] [info] Frame 104 (t = 0.52):	 total squared error = 0.00194513, marker error: RMS = 0.00919624, max = 0.0220762 (XIPH)
[2025-11-04 22:39:26.444] [info] Frame 105 (t = 0.525):	 total squared error = 0.00198306, marker error: RMS = 0.00928548, max = 0.0222056 (XIPH)
[2025-11-04 22:39:26.461] [info] Frame 106 (t = 0.53):	 total squared error = 0.00202800, marker error: RMS = 0.00939009, max = 0.0223733 (XIPH)
[2025-11-04 22:39:26.501] [info] Frame 107 (t = 0.535):	 total squared error = 0.00207083, marker error: RMS = 0.00948874, max = 0.0224578 (XIPH)
[2025-11-04 22:39:26.518] [info] Frame 108 (t = 0.54):	 total squared error = 0.00211306, marker error: RMS = 0.00958500, max = 0.0226006 (XIPH)
[2025-11-04 22:39:26.532] [info] Frame 109 (t = 0.545):	 total squared error = 0.00214390, marker error: RMS = 0.00965470, max = 0.0226011 (XIPH)
[2025-11-04 22:39:26.547] [info] Frame 110 (t = 0.55):	 total squared error = 0.00217656, marker error: RMS = 0.00972795, max = 0.0227072 (XIPH)
[2025-11-04 22:39:26.553] [info] Frame 111 (t = 0.555):	 total squared error = 0.00220749, marker error: RMS = 0.00979684, max = 0.0228198 (XIPH)
[2025-11-04 22:39:26.597] [info] Frame 112 (t = 0.56):	 total squared error = 0.00221814, marker error: RMS = 0.00982043, max = 0.0229548 (XIPH)
[2025-11-04 22:39:26.620] [info] Frame 113 (t = 0.565):	 total squared error = 0.00223877, marker error: RMS = 0.00986600, max = 0.0230214 (XIPH)
[2025-11-04 22:39:26.638] [info] Frame 114 (t = 0.57):	 total squared error = 0.00226703, marker error: RMS = 0.00992806, max = 0.0230819 (XIPH)
[2025-11-04 22:39:26.666] [info] Frame 115 (t = 0.575):	 total squared error = 0.00229353, marker error: RMS = 0.00998592, max = 0.0230957 (XIPH)
[2025-11-04 22:39:26.727] [info] Frame 116 (t = 0.58):	 total squared error = 0.00231575, marker error: RMS = 0.0100342, max = 0.0230712 (XIPH)
[2025-11-04 22:39:26.755] [info] Frame 117 (t = 0.585):	 total squared error = 0.00235031, marker error: RMS = 0.0101088, max = 0.0230417 (XIPH)
[2025-11-04 22:39:26.828] [info] Frame 118 (t = 0.59):	 total squared error = 0.00238753, marker error: RMS = 0.0101885, max = 0.0229801 (XIPH)
[2025-11-04 22:39:26.862] [info] Frame 119 (t = 0.595):	 total squared error = 0.00242481, marker error: RMS = 0.0102677, max = 0.0229082 (XIPH)
[2025-11-04 22:39:26.901] [info] Frame 120 (t = 0.6):	 total squared error = 0.00245379, marker error: RMS = 0.0103289, max = 0.0227382 (XIPH)
[2025-11-04 22:39:26.930] [info] Frame 121 (t = 0.605000):	 total squared error = 0.00247892, marker error: RMS = 0.0103817, max = 0.0226083 (XIPH)
[2025-11-04 22:39:26.967] [info] Frame 122 (t = 0.61):	 total squared error = 0.00249510, marker error: RMS = 0.0104155, max = 0.0223917 (XIPH)
[2025-11-04 22:39:27.002] [info] Frame 123 (t = 0.615):	 total squared error = 0.00249660, marker error: RMS = 0.0104186, max = 0.0221724 (XIPH)
[2025-11-04 22:39:27.035] [info] Frame 124 (t = 0.62):	 total squared error = 0.00249191, marker error: RMS = 0.0104088, max = 0.0219752 (XIPH)
[2025-11-04 22:39:27.070] [info] Frame 125 (t = 0.625):	 total squared error = 0.00247360, marker error: RMS = 0.0103705, max = 0.0216579 (XIPH)
[2025-11-04 22:39:27.089] [info] Frame 126 (t = 0.63):	 total squared error = 0.00245097, marker error: RMS = 0.0103230, max = 0.021363 (XIPH)
[2025-11-04 22:39:27.120] [info] Frame 127 (t = 0.635):	 total squared error = 0.00241451, marker error: RMS = 0.0102459, max = 0.0211119 (XIPH)
[2025-11-04 22:39:27.147] [info] Frame 128 (t = 0.64):	 total squared error = 0.00237709, marker error: RMS = 0.0101662, max = 0.0207939 (XIPH)
[2025-11-04 22:39:27.165] [info] Frame 129 (t = 0.645):	 total squared error = 0.00233694, marker error: RMS = 0.0100800, max = 0.0204368 (XIPH)
[2025-11-04 22:39:27.194] [info] Frame 130 (t = 0.65):	 total squared error = 0.00230610, marker error: RMS = 0.0100132, max = 0.0201775 (XIPH)
[2025-11-04 22:39:27.219] [info] Frame 131 (t = 0.655):	 total squared error = 0.00227441, marker error: RMS = 0.00994420, max = 0.0198789 (XIPH)
[2025-11-04 22:39:27.244] [info] Frame 132 (t = 0.66):	 total squared error = 0.00224358, marker error: RMS = 0.00987659, max = 0.0195698 (XIPH)
[2025-11-04 22:39:27.271] [info] Frame 133 (t = 0.665):	 total squared error = 0.00221454, marker error: RMS = 0.00981246, max = 0.0192577 (XIPH)
[2025-11-04 22:39:27.302] [info] Frame 134 (t = 0.67):	 total squared error = 0.00218578, marker error: RMS = 0.00974854, max = 0.0189324 (XIPH)
[2025-11-04 22:39:27.331] [info] Frame 135 (t = 0.675):	 total squared error = 0.00215500, marker error: RMS = 0.00967966, max = 0.0185951 (XIPH)
[2025-11-04 22:39:27.361] [info] Frame 136 (t = 0.68):	 total squared error = 0.00212431, marker error: RMS = 0.00961048, max = 0.0181892 (XIPH)
[2025-11-04 22:39:27.381] [info] Frame 137 (t = 0.685):	 total squared error = 0.00208864, marker error: RMS = 0.00952945, max = 0.0184991 (RTHOL)
[2025-11-04 22:39:27.402] [info] Frame 138 (t = 0.69):	 total squared error = 0.00205544, marker error: RMS = 0.00945341, max = 0.0186389 (RTHOL)
[2025-11-04 22:39:27.439] [info] Frame 139 (t = 0.695):	 total squared error = 0.00202087, marker error: RMS = 0.00937357, max = 0.0181814 (RTHOL)
[2025-11-04 22:39:27.469] [info] Frame 140 (t = 0.7):	 total squared error = 0.00198598, marker error: RMS = 0.00929232, max = 0.0183751 (RTHOL)
[2025-11-04 22:39:27.487] [info] Frame 141 (t = 0.705000):	 total squared error = 0.00196188, marker error: RMS = 0.00923576, max = 0.0191814 (RTHOL)
[2025-11-04 22:39:27.534] [info] Frame 142 (t = 0.71):	 total squared error = 0.00192539, marker error: RMS = 0.00914945, max = 0.0176513 (RTHOL)
[2025-11-04 22:39:27.570] [info] Frame 143 (t = 0.715):	 total squared error = 0.00190141, marker error: RMS = 0.00909231, max = 0.0173468 (RTHOL)
[2025-11-04 22:39:27.596] [info] Frame 144 (t = 0.72):	 total squared error = 0.00188544, marker error: RMS = 0.00905404, max = 0.0173531 (RTHOL)
[2025-11-04 22:39:27.623] [info] Frame 145 (t = 0.725):	 total squared error = 0.00187635, marker error: RMS = 0.00903219, max = 0.0169042 (RTHOL)
[2025-11-04 22:39:27.651] [info] Frame 146 (t = 0.73):	 total squared error = 0.00187497, marker error: RMS = 0.00902886, max = 0.0165688 (RTHOL)
[2025-11-04 22:39:27.693] [info] Frame 147 (t = 0.735):	 total squared error = 0.00187659, marker error: RMS = 0.00903276, max = 0.0157313 (RTHOL)
[2025-11-04 22:39:27.711] [info] Frame 148 (t = 0.74):	 total squared error = 0.00190220, marker error: RMS = 0.00909419, max = 0.0162623 (RTHOL)
[2025-11-04 22:39:27.753] [info] Frame 149 (t = 0.745):	 total squared error = 0.00190503, marker error: RMS = 0.00910096, max = 0.0149169 (RTHOL)
[2025-11-04 22:39:27.802] [info] Frame 150 (t = 0.75):	 total squared error = 0.00192454, marker error: RMS = 0.00914745, max = 0.0145628 (RTHOL)
[2025-11-04 22:39:27.835] [info] Frame 151 (t = 0.755):	 total squared error = 0.00195062, marker error: RMS = 0.00920921, max = 0.0147011 (RTHOL)
[2025-11-04 22:39:27.877] [info] Frame 152 (t = 0.76):	 total squared error = 0.00196686, marker error: RMS = 0.00924748, max = 0.0149984 (RSHAOL)
[2025-11-04 22:39:27.893] [info] Frame 153 (t = 0.765):	 total squared error = 0.00199774, marker error: RMS = 0.00931978, max = 0.0150730 (RSHAOL)
[2025-11-04 22:39:27.931] [info] Frame 154 (t = 0.77):	 total squared error = 0.00200408, marker error: RMS = 0.00933455, max = 0.0155767 (RSHAOL)
[2025-11-04 22:39:27.954] [info] Frame 155 (t = 0.775):	 total squared error = 0.00202377, marker error: RMS = 0.00938030, max = 0.0157706 (RSHAOL)
[2025-11-04 22:39:27.977] [info] Frame 156 (t = 0.78):	 total squared error = 0.00204234, marker error: RMS = 0.00942324, max = 0.0159752 (RSHAOL)
[2025-11-04 22:39:28.015] [info] Frame 157 (t = 0.785):	 total squared error = 0.00205159, marker error: RMS = 0.00944454, max = 0.0164968 (RSHAOL)
[2025-11-04 22:39:28.043] [info] Frame 158 (t = 0.79):	 total squared error = 0.00206619, marker error: RMS = 0.00947811, max = 0.0167285 (RSHAOL)
[2025-11-04 22:39:28.064] [info] Frame 159 (t = 0.795):	 total squared error = 0.00207932, marker error: RMS = 0.00950817, max = 0.016922 (RSHAOL)
[2025-11-04 22:39:28.093] [info] Frame 160 (t = 0.8):	 total squared error = 0.00208742, marker error: RMS = 0.00952667, max = 0.0172457 (RSHAOL)
[2025-11-04 22:39:28.115] [info] Frame 161 (t = 0.805000):	 total squared error = 0.00208644, marker error: RMS = 0.00952444, max = 0.0173957 (RSHAOL)
[2025-11-04 22:39:28.130] [info] Frame 162 (t = 0.81):	 total squared error = 0.00208684, marker error: RMS = 0.00952535, max = 0.0173904 (RSHAOL)
[2025-11-04 22:39:28.163] [info] Frame 163 (t = 0.815):	 total squared error = 0.00205929, marker error: RMS = 0.00946226, max = 0.0175989 (RSHAOL)
[2025-11-04 22:39:28.185] [info] Frame 164 (t = 0.82):	 total squared error = 0.00202806, marker error: RMS = 0.00939024, max = 0.0174951 (RSHAOL)
[2025-11-04 22:39:28.203] [info] Frame 165 (t = 0.825):	 total squared error = 0.00198544, marker error: RMS = 0.00929105, max = 0.017336 (RSHAOL)
[2025-11-04 22:39:28.224] [info] Frame 166 (t = 0.83):	 total squared error = 0.00193022, marker error: RMS = 0.00916094, max = 0.0170226 (RSHAOL)
[2025-11-04 22:39:28.254] [info] Frame 167 (t = 0.835):	 total squared error = 0.00186302, marker error: RMS = 0.00900005, max = 0.0166539 (RSHAOL)
[2025-11-04 22:39:28.268] [info] Frame 168 (t = 0.84):	 total squared error = 0.00179454, marker error: RMS = 0.00883308, max = 0.01626 (RSHAOL)
[2025-11-04 22:39:28.294] [info] Frame 169 (t = 0.845):	 total squared error = 0.00170372, marker error: RMS = 0.00860667, max = 0.0155676 (RSHAOL)
[2025-11-04 22:39:28.319] [info] Frame 170 (t = 0.85):	 total squared error = 0.00161555, marker error: RMS = 0.00838102, max = 0.0149302 (RSHAOL)
[2025-11-04 22:39:28.346] [info] Frame 171 (t = 0.855):	 total squared error = 0.00152721, marker error: RMS = 0.00814864, max = 0.0142205 (RSHAOL)
[2025-11-04 22:39:28.368] [info] Frame 172 (t = 0.86):	 total squared error = 0.00144031, marker error: RMS = 0.00791343, max = 0.0137836 (XIPH)
[2025-11-04 22:39:28.382] [info] Frame 173 (t = 0.865):	 total squared error = 0.00136585, marker error: RMS = 0.00770615, max = 0.0138195 (XIPH)
[2025-11-04 22:39:28.413] [info] Frame 174 (t = 0.87):	 total squared error = 0.00128054, marker error: RMS = 0.00746161, max = 0.0140742 (XIPH)
[2025-11-04 22:39:28.427] [info] Frame 175 (t = 0.875):	 total squared error = 0.00122281, marker error: RMS = 0.00729146, max = 0.0140038 (XIPH)
[2025-11-04 22:39:28.458] [info] Frame 176 (t = 0.88):	 total squared error = 0.00115097, marker error: RMS = 0.00707404, max = 0.014361 (XIPH)
[2025-11-04 22:39:28.497] [info] Frame 177 (t = 0.885):	 total squared error = 0.00109657, marker error: RMS = 0.00690486, max = 0.0148217 (XIPH)
[2025-11-04 22:39:28.512] [info] Frame 178 (t = 0.89):	 total squared error = 0.00106569, marker error: RMS = 0.00680694, max = 0.0147178 (XIPH)
[2025-11-04 22:39:28.561] [info] Frame 179 (t = 0.895):	 total squared error = 0.00102608, marker error: RMS = 0.00667922, max = 0.0151511 (XIPH)
[2025-11-04 22:39:28.581] [info] Frame 180 (t = 0.9):	 total squared error = 0.00100845, marker error: RMS = 0.00662161, max = 0.0150858 (XIPH)
[2025-11-04 22:39:28.599] [info] Frame 181 (t = 0.905000):	 total squared error = 0.00101186, marker error: RMS = 0.00663280, max = 0.0149947 (XIPH)
[2025-11-04 22:39:28.635] [info] Frame 182 (t = 0.91):	 total squared error = 0.00100218, marker error: RMS = 0.00660099, max = 0.0155435 (XIPH)
[2025-11-04 22:39:28.665] [info] Frame 183 (t = 0.915):	 total squared error = 0.00101812, marker error: RMS = 0.00665328, max = 0.0155188 (XIPH)
[2025-11-04 22:39:28.684] [info] Frame 184 (t = 0.92):	 total squared error = 0.00105015, marker error: RMS = 0.00675712, max = 0.0154621 (XIPH)
[2025-11-04 22:39:28.718] [info] Frame 185 (t = 0.925):	 total squared error = 0.00107716, marker error: RMS = 0.00684346, max = 0.0158143 (XIPH)
[2025-11-04 22:39:28.751] [info] Frame 186 (t = 0.93):	 total squared error = 0.00111975, marker error: RMS = 0.00697744, max = 0.0159485 (XIPH)
[2025-11-04 22:39:28.777] [info] Frame 187 (t = 0.935):	 total squared error = 0.00118013, marker error: RMS = 0.00716310, max = 0.015893 (XIPH)
[2025-11-04 22:39:28.815] [info] Frame 188 (t = 0.94):	 total squared error = 0.00122968, marker error: RMS = 0.00731194, max = 0.0162375 (XIPH)
[2025-11-04 22:39:28.831] [info] Frame 189 (t = 0.945):	 total squared error = 0.00129976, marker error: RMS = 0.00751739, max = 0.0161875 (XIPH)
[2025-11-04 22:39:28.863] [info] Frame 190 (t = 0.95):	 total squared error = 0.00135982, marker error: RMS = 0.00768914, max = 0.0164576 (XIPH)
[2025-11-04 22:39:28.880] [info] Frame 191 (t = 0.955):	 total squared error = 0.00143488, marker error: RMS = 0.00789848, max = 0.0164462 (XIPH)
[2025-11-04 22:39:28.899] [info] Frame 192 (t = 0.96):	 total squared error = 0.00151150, marker error: RMS = 0.00810663, max = 0.0164453 (XIPH)
[2025-11-04 22:39:28.931] [info] Frame 193 (t = 0.965):	 total squared error = 0.00156336, marker error: RMS = 0.00824452, max = 0.0167392 (XIPH)
[2025-11-04 22:39:28.948] [info] Frame 194 (t = 0.97):	 total squared error = 0.00162974, marker error: RMS = 0.00841773, max = 0.0167958 (XIPH)
[2025-11-04 22:39:28.981] [info] Frame 195 (t = 0.975):	 total squared error = 0.00167619, marker error: RMS = 0.00853685, max = 0.0170770 (XIPH)
[2025-11-04 22:39:29.001] [info] Frame 196 (t = 0.98):	 total squared error = 0.00172865, marker error: RMS = 0.00866941, max = 0.0172177 (XIPH)
[2025-11-04 22:39:29.034] [info] Frame 197 (t = 0.985):	 total squared error = 0.00175765, marker error: RMS = 0.00874183, max = 0.0173349 (XIPH)
[2025-11-04 22:39:29.055] [info] Frame 198 (t = 0.99):	 total squared error = 0.00178775, marker error: RMS = 0.00881637, max = 0.0174471 (XIPH)
[2025-11-04 22:39:29.078] [info] Frame 199 (t = 0.995):	 total squared error = 0.00180496, marker error: RMS = 0.00885870, max = 0.0175558 (XIPH)
[2025-11-04 22:39:29.096] [info] Frame 200 (t = 1.0):	 total squared error = 0.00181038, marker error: RMS = 0.00887199, max = 0.0176868 (XIPH)
[2025-11-04 22:39:29.115] [info] Frame 201 (t = 1.00500):	 total squared error = 0.00180251, marker error: RMS = 0.00885268, max = 0.0178298 (XIPH)
[2025-11-04 22:39:29.151] [info] Frame 202 (t = 1.01):	 total squared error = 0.00176391, marker error: RMS = 0.00875737, max = 0.0181766 (XIPH)
[2025-11-04 22:39:29.177] [info] Frame 203 (t = 1.015):	 total squared error = 0.00173465, marker error: RMS = 0.00868444, max = 0.0183083 (XIPH)
[2025-11-04 22:39:29.200] [info] Frame 204 (t = 1.02):	 total squared error = 0.00169755, marker error: RMS = 0.00859106, max = 0.0184275 (XIPH)
[2025-11-04 22:39:29.233] [info] Frame 205 (t = 1.025):	 total squared error = 0.00165050, marker error: RMS = 0.00847117, max = 0.0185836 (XIPH)
[2025-11-04 22:39:29.268] [info] Frame 206 (t = 1.03):	 total squared error = 0.00160523, marker error: RMS = 0.00835421, max = 0.018735 (XIPH)
[2025-11-04 22:39:29.295] [info] Frame 207 (t = 1.035):	 total squared error = 0.00156155, marker error: RMS = 0.00823975, max = 0.0188921 (XIPH)
[2025-11-04 22:39:29.317] [info] Frame 208 (t = 1.04):	 total squared error = 0.00152145, marker error: RMS = 0.00813326, max = 0.0189453 (XIPH)
[2025-11-04 22:39:29.336] [info] Frame 209 (t = 1.045):	 total squared error = 0.00148716, marker error: RMS = 0.00804108, max = 0.0191206 (XIPH)
[2025-11-04 22:39:29.364] [info] Frame 210 (t = 1.05):	 total squared error = 0.00146023, marker error: RMS = 0.00796794, max = 0.0190505 (XIPH)
[2025-11-04 22:39:29.383] [info] Frame 211 (t = 1.055):	 total squared error = 0.00144484, marker error: RMS = 0.00792584, max = 0.0191497 (XIPH)
[2025-11-04 22:39:29.405] [info] Frame 212 (t = 1.06):	 total squared error = 0.00143825, marker error: RMS = 0.00790776, max = 0.0190587 (XIPH)
[2025-11-04 22:39:29.428] [info] Frame 213 (t = 1.065):	 total squared error = 0.00144432, marker error: RMS = 0.00792442, max = 0.0190638 (XIPH)
[2025-11-04 22:39:29.450] [info] Frame 214 (t = 1.07):	 total squared error = 0.00145919, marker error: RMS = 0.00796510, max = 0.0190599 (XIPH)
[2025-11-04 22:39:29.473] [info] Frame 215 (t = 1.075):	 total squared error = 0.00148107, marker error: RMS = 0.00802461, max = 0.0189908 (XIPH)
[2025-11-04 22:39:29.491] [info] Frame 216 (t = 1.08):	 total squared error = 0.00151541, marker error: RMS = 0.00811711, max = 0.0189884 (XIPH)
[2025-11-04 22:39:29.518] [info] Frame 217 (t = 1.085):	 total squared error = 0.00154344, marker error: RMS = 0.00819183, max = 0.018984 (XIPH)
[2025-11-04 22:39:29.548] [info] Frame 218 (t = 1.09):	 total squared error = 0.00157661, marker error: RMS = 0.00827938, max = 0.0189142 (XIPH)
[2025-11-04 22:39:29.569] [info] Frame 219 (t = 1.095):	 total squared error = 0.00161540, marker error: RMS = 0.00838062, max = 0.0188625 (XIPH)
[2025-11-04 22:39:29.609] [info] Frame 220 (t = 1.1):	 total squared error = 0.00164681, marker error: RMS = 0.00846170, max = 0.018979 (XIPH)
[2025-11-04 22:39:29.624] [info] Frame 221 (t = 1.10500):	 total squared error = 0.00168351, marker error: RMS = 0.00855546, max = 0.0189554 (XIPH)
[2025-11-04 22:39:29.639] [info] Frame 222 (t = 1.11):	 total squared error = 0.00172023, marker error: RMS = 0.00864828, max = 0.0190196 (XIPH)
[2025-11-04 22:39:29.677] [info] Frame 223 (t = 1.115):	 total squared error = 0.00173990, marker error: RMS = 0.00869757, max = 0.0193638 (XIPH)
[2025-11-04 22:39:29.693] [info] Frame 224 (t = 1.12):	 total squared error = 0.00177783, marker error: RMS = 0.00879187, max = 0.0194092 (XIPH)
[2025-11-04 22:39:29.721] [info] Frame 225 (t = 1.125):	 total squared error = 0.00180010, marker error: RMS = 0.00884677, max = 0.0195315 (XIPH)
[2025-11-04 22:39:29.747] [info] Frame 226 (t = 1.13):	 total squared error = 0.00182729, marker error: RMS = 0.00891332, max = 0.0195993 (XIPH)
[2025-11-04 22:39:29.771] [info] Frame 227 (t = 1.135):	 total squared error = 0.00185603, marker error: RMS = 0.00898314, max = 0.0197533 (XIPH)
[2025-11-04 22:39:29.823] [info] Frame 228 (t = 1.14):	 total squared error = 0.00186070, marker error: RMS = 0.00899445, max = 0.0202587 (XIPH)
[2025-11-04 22:39:29.852] [info] Frame 229 (t = 1.145):	 total squared error = 0.00187971, marker error: RMS = 0.00904026, max = 0.0202426 (XIPH)
[2025-11-04 22:39:29.894] [info] Frame 230 (t = 1.15):	 total squared error = 0.00188963, marker error: RMS = 0.00906409, max = 0.0205653 (XIPH)
[2025-11-04 22:39:29.923] [info] Frame 231 (t = 1.155):	 total squared error = 0.00189889, marker error: RMS = 0.00908629, max = 0.0205518 (XIPH)
[2025-11-04 22:39:29.963] [info] Frame 232 (t = 1.16):	 total squared error = 0.00190512, marker error: RMS = 0.00910118, max = 0.0206442 (XIPH)
[2025-11-04 22:39:29.991] [info] Frame 233 (t = 1.165):	 total squared error = 0.00190956, marker error: RMS = 0.00911176, max = 0.0206093 (XIPH)
[2025-11-04 22:39:30.021] [info] Frame 234 (t = 1.17):	 total squared error = 0.00190619, marker error: RMS = 0.00910371, max = 0.0205583 (XIPH)
[2025-11-04 22:39:30.066] [info] Frame 235 (t = 1.175):	 total squared error = 0.00188493, marker error: RMS = 0.00905282, max = 0.0208936 (XIPH)
[2025-11-04 22:39:30.103] [info] Frame 236 (t = 1.18):	 total squared error = 0.00187947, marker error: RMS = 0.00903970, max = 0.0207608 (XIPH)
[2025-11-04 22:39:30.141] [info] Frame 237 (t = 1.185):	 total squared error = 0.00187235, marker error: RMS = 0.00902255, max = 0.0207801 (XIPH)
[2025-11-04 22:39:30.166] [info] Frame 238 (t = 1.19):	 total squared error = 0.00186603, marker error: RMS = 0.00900731, max = 0.0206988 (XIPH)
[2025-11-04 22:39:30.192] [info] Frame 239 (t = 1.195):	 total squared error = 0.00186039, marker error: RMS = 0.00899370, max = 0.0205697 (XIPH)
[2025-11-04 22:39:30.210] [info] Frame 240 (t = 1.2):	 total squared error = 0.00186912, marker error: RMS = 0.00901477, max = 0.0204581 (XIPH)
[2025-11-04 22:39:30.239] [info] Frame 241 (t = 1.20500):	 total squared error = 0.00185353, marker error: RMS = 0.00897711, max = 0.0204085 (XIPH)
[2025-11-04 22:39:30.254] [info] Frame 242 (t = 1.21):	 total squared error = 0.00185688, marker error: RMS = 0.00898521, max = 0.0203378 (XIPH)
[2025-11-04 22:39:30.279] [info] Frame 243 (t = 1.215):	 total squared error = 0.00185574, marker error: RMS = 0.00898244, max = 0.0203819 (XIPH)
[2025-11-04 22:39:30.320] [info] Frame 244 (t = 1.22):	 total squared error = 0.00183800, marker error: RMS = 0.00893942, max = 0.0205383 (XIPH)
[2025-11-04 22:39:30.361] [info] Frame 245 (t = 1.225):	 total squared error = 0.00183946, marker error: RMS = 0.00894295, max = 0.0204789 (XIPH)
[2025-11-04 22:39:30.378] [info] InverseKinematicsTool completed 245 frames in 7 second(s).
[2025-11-04 22:39:57.928] [info] Loaded model Athlete_03 from file C:\Git\1_current_projects\powerlifing_model\models\Athlete_03\25_03_31\scaled.osim
[2025-11-04 22:39:58.105] [info] Loaded model Athlete_03 from file C:\Git\1_current_projects\powerlifing_model\models\Athlete_03\25_03_31\scaled.osim
[2025-11-04 22:40:00.614] [cout] [info] 
               MODEL: Athlete_03
         coordinates: 39
              forces: 97
           actuators: 97
             muscles: 80
            analyses: 0
              probes: 0
              bodies: 22
              joints: 22
         constraints: 2
             markers: 45
         controllers: 0
  contact geometries: 0
misc modelcomponents: 0
[2025-11-04 22:40:00.615] [info] Running tool .
[2025-11-04 22:40:00.922] [info] Frame 0 (t = 0.0):	 total squared error = 0.00165713, marker error: RMS = 0.00848816, max = 0.0172816 (XIPH)
[2025-11-04 22:40:00.938] [info] Frame 1 (t = 0.00500000):	 total squared error = 0.00165761, marker error: RMS = 0.00848940, max = 0.0174957 (XIPH)
[2025-11-04 22:40:00.966] [info] Frame 2 (t = 0.01):	 total squared error = 0.00167153, marker error: RMS = 0.00852498, max = 0.017721 (XIPH)
[2025-11-04 22:40:00.983] [info] Frame 3 (t = 0.015):	 total squared error = 0.00167963, marker error: RMS = 0.00854560, max = 0.0180092 (XIPH)
[2025-11-04 22:40:01.005] [info] Frame 4 (t = 0.02):	 total squared error = 0.00168448, marker error: RMS = 0.00855794, max = 0.0182572 (XIPH)
[2025-11-04 22:40:01.028] [info] Frame 5 (t = 0.025):	 total squared error = 0.00168787, marker error: RMS = 0.00856653, max = 0.01856 (XIPH)
[2025-11-04 22:40:01.052] [info] Frame 6 (t = 0.03):	 total squared error = 0.00169083, marker error: RMS = 0.00857405, max = 0.0188416 (XIPH)
[2025-11-04 22:40:01.075] [info] Frame 7 (t = 0.035):	 total squared error = 0.00168261, marker error: RMS = 0.00855319, max = 0.01915 (XIPH)
[2025-11-04 22:40:01.096] [info] Frame 8 (t = 0.04):	 total squared error = 0.00167729, marker error: RMS = 0.00853966, max = 0.0194359 (XIPH)
[2025-11-04 22:40:01.116] [info] Frame 9 (t = 0.045):	 total squared error = 0.00165393, marker error: RMS = 0.00847997, max = 0.0197308 (XIPH)
[2025-11-04 22:40:01.146] [info] Frame 10 (t = 0.05):	 total squared error = 0.00163425, marker error: RMS = 0.00842938, max = 0.0200124 (XIPH)
[2025-11-04 22:40:01.173] [info] Frame 11 (t = 0.055):	 total squared error = 0.00161657, marker error: RMS = 0.00838365, max = 0.0203229 (XIPH)
[2025-11-04 22:40:01.200] [info] Frame 12 (t = 0.06):	 total squared error = 0.00159757, marker error: RMS = 0.00833425, max = 0.0205906 (XIPH)
[2025-11-04 22:40:01.218] [info] Frame 13 (t = 0.065):	 total squared error = 0.00158217, marker error: RMS = 0.00829396, max = 0.0208570 (XIPH)
[2025-11-04 22:40:01.246] [info] Frame 14 (t = 0.07):	 total squared error = 0.00157043, marker error: RMS = 0.00826315, max = 0.0211105 (XIPH)
[2025-11-04 22:40:01.264] [info] Frame 15 (t = 0.075):	 total squared error = 0.00157014, marker error: RMS = 0.00826238, max = 0.0213836 (XIPH)
[2025-11-04 22:40:01.290] [info] Frame 16 (t = 0.08):	 total squared error = 0.00156878, marker error: RMS = 0.00825881, max = 0.021598 (XIPH)
[2025-11-04 22:40:01.313] [info] Frame 17 (t = 0.085):	 total squared error = 0.00158163, marker error: RMS = 0.00829255, max = 0.0218308 (XIPH)
[2025-11-04 22:40:01.335] [info] Frame 18 (t = 0.09):	 total squared error = 0.00160019, marker error: RMS = 0.00834107, max = 0.0220580 (XIPH)
[2025-11-04 22:40:01.359] [info] Frame 19 (t = 0.095):	 total squared error = 0.00162337, marker error: RMS = 0.00840126, max = 0.0222603 (XIPH)
[2025-11-04 22:40:01.377] [info] Frame 20 (t = 0.1):	 total squared error = 0.00165317, marker error: RMS = 0.00847803, max = 0.0224699 (XIPH)
[2025-11-04 22:40:01.391] [info] Frame 21 (t = 0.105000):	 total squared error = 0.00169444, marker error: RMS = 0.00858319, max = 0.0226355 (XIPH)
[2025-11-04 22:40:01.411] [info] Frame 22 (t = 0.11):	 total squared error = 0.00171657, marker error: RMS = 0.00863907, max = 0.0228566 (XIPH)
[2025-11-04 22:40:01.418] [info] Frame 23 (t = 0.115):	 total squared error = 0.00175923, marker error: RMS = 0.00874574, max = 0.0230085 (XIPH)
[2025-11-04 22:40:01.430] [info] Frame 24 (t = 0.12):	 total squared error = 0.00180446, marker error: RMS = 0.00885748, max = 0.02317 (XIPH)
[2025-11-04 22:40:01.463] [info] Frame 25 (t = 0.125):	 total squared error = 0.00179664, marker error: RMS = 0.00883826, max = 0.0234124 (XIPH)
[2025-11-04 22:40:01.470] [info] Frame 26 (t = 0.13):	 total squared error = 0.00181837, marker error: RMS = 0.00889155, max = 0.0236182 (XIPH)
[2025-11-04 22:40:01.498] [info] Frame 27 (t = 0.135):	 total squared error = 0.00184169, marker error: RMS = 0.00894837, max = 0.0238054 (XIPH)
[2025-11-04 22:40:01.514] [info] Frame 28 (t = 0.14):	 total squared error = 0.00185613, marker error: RMS = 0.00898338, max = 0.0239473 (XIPH)
[2025-11-04 22:40:01.541] [info] Frame 29 (t = 0.145):	 total squared error = 0.00187396, marker error: RMS = 0.00902643, max = 0.0241156 (XIPH)
[2025-11-04 22:40:01.556] [info] Frame 30 (t = 0.15):	 total squared error = 0.00188688, marker error: RMS = 0.00905749, max = 0.0242626 (XIPH)
[2025-11-04 22:40:01.581] [info] Frame 31 (t = 0.155):	 total squared error = 0.00190333, marker error: RMS = 0.00909690, max = 0.0244278 (XIPH)
[2025-11-04 22:40:01.597] [info] Frame 32 (t = 0.16):	 total squared error = 0.00191526, marker error: RMS = 0.00912536, max = 0.0245349 (XIPH)
[2025-11-04 22:40:01.620] [info] Frame 33 (t = 0.165):	 total squared error = 0.00193021, marker error: RMS = 0.00916090, max = 0.0246411 (XIPH)
[2025-11-04 22:40:01.654] [info] Frame 34 (t = 0.17):	 total squared error = 0.00194254, marker error: RMS = 0.00919011, max = 0.0247315 (XIPH)
[2025-11-04 22:40:01.670] [info] Frame 35 (t = 0.175):	 total squared error = 0.00195074, marker error: RMS = 0.00920951, max = 0.024763 (XIPH)
[2025-11-04 22:40:01.694] [info] Frame 36 (t = 0.18):	 total squared error = 0.00195829, marker error: RMS = 0.00922730, max = 0.0247793 (XIPH)
[2025-11-04 22:40:01.720] [info] Frame 37 (t = 0.185):	 total squared error = 0.00196246, marker error: RMS = 0.00923712, max = 0.024766 (XIPH)
[2025-11-04 22:40:01.744] [info] Frame 38 (t = 0.19):	 total squared error = 0.00196160, marker error: RMS = 0.00923510, max = 0.024697 (XIPH)
[2025-11-04 22:40:01.767] [info] Frame 39 (t = 0.195):	 total squared error = 0.00195839, marker error: RMS = 0.00922753, max = 0.0245918 (XIPH)
[2025-11-04 22:40:01.798] [info] Frame 40 (t = 0.2):	 total squared error = 0.00195240, marker error: RMS = 0.00921342, max = 0.0244465 (XIPH)
[2025-11-04 22:40:01.820] [info] Frame 41 (t = 0.205000):	 total squared error = 0.00194675, marker error: RMS = 0.00920006, max = 0.0242655 (XIPH)
[2025-11-04 22:40:01.844] [info] Frame 42 (t = 0.21):	 total squared error = 0.00194367, marker error: RMS = 0.00919280, max = 0.0240370 (XIPH)
[2025-11-04 22:40:01.868] [info] Frame 43 (t = 0.215):	 total squared error = 0.00194478, marker error: RMS = 0.00919542, max = 0.0237806 (XIPH)
[2025-11-04 22:40:01.896] [info] Frame 44 (t = 0.22):	 total squared error = 0.00195109, marker error: RMS = 0.00921032, max = 0.0234754 (XIPH)
[2025-11-04 22:40:01.933] [info] Frame 45 (t = 0.225):	 total squared error = 0.00196661, marker error: RMS = 0.00924688, max = 0.0231388 (XIPH)
[2025-11-04 22:40:01.966] [info] Frame 46 (t = 0.23):	 total squared error = 0.00199098, marker error: RMS = 0.00930399, max = 0.0227904 (XIPH)
[2025-11-04 22:40:02.002] [info] Frame 47 (t = 0.235):	 total squared error = 0.00202602, marker error: RMS = 0.00938552, max = 0.0223921 (XIPH)
[2025-11-04 22:40:02.037] [info] Frame 48 (t = 0.24):	 total squared error = 0.00206839, marker error: RMS = 0.00948315, max = 0.0219693 (XIPH)
[2025-11-04 22:40:02.055] [info] Frame 49 (t = 0.245):	 total squared error = 0.00215034, marker error: RMS = 0.00966918, max = 0.0215778 (XIPH)
[2025-11-04 22:40:02.083] [info] Frame 50 (t = 0.25):	 total squared error = 0.00216963, marker error: RMS = 0.00971246, max = 0.0212393 (LTH2)
[2025-11-04 22:40:02.131] [info] Frame 51 (t = 0.255):	 total squared error = 0.00220987, marker error: RMS = 0.00980211, max = 0.02196 (LTH2)
[2025-11-04 22:40:02.162] [info] Frame 52 (t = 0.26):	 total squared error = 0.00228958, marker error: RMS = 0.00997732, max = 0.0232413 (LTH2)
[2025-11-04 22:40:02.191] [info] Frame 53 (t = 0.265):	 total squared error = 0.00236031, marker error: RMS = 0.0101303, max = 0.0241253 (LTH2)
[2025-11-04 22:40:02.219] [info] Frame 54 (t = 0.27):	 total squared error = 0.00245151, marker error: RMS = 0.0103241, max = 0.0251713 (LTH2)
[2025-11-04 22:40:02.266] [info] Frame 55 (t = 0.275):	 total squared error = 0.00251896, marker error: RMS = 0.0104652, max = 0.0256782 (LTH2)
[2025-11-04 22:40:02.296] [info] Frame 56 (t = 0.28):	 total squared error = 0.00263455, marker error: RMS = 0.0107026, max = 0.0266326 (LTH2)
[2025-11-04 22:40:02.319] [info] Frame 57 (t = 0.285):	 total squared error = 0.00275191, marker error: RMS = 0.0109384, max = 0.0273993 (LTH2)
[2025-11-04 22:40:02.345] [info] Frame 58 (t = 0.29):	 total squared error = 0.00289299, marker error: RMS = 0.0112153, max = 0.0282787 (LTH2)
[2025-11-04 22:40:02.380] [info] Frame 59 (t = 0.295):	 total squared error = 0.00301494, marker error: RMS = 0.0114492, max = 0.0287298 (LTH2)
[2025-11-04 22:40:02.405] [info] Frame 60 (t = 0.3):	 total squared error = 0.00318835, marker error: RMS = 0.0117739, max = 0.0296076 (LTH2)
[2025-11-04 22:40:02.440] [info] Frame 61 (t = 0.305000):	 total squared error = 0.00330648, marker error: RMS = 0.01199, max = 0.0298212 (LTH2)
[2025-11-04 22:40:02.479] [info] Frame 62 (t = 0.31):	 total squared error = 0.00345300, marker error: RMS = 0.0122528, max = 0.0303124 (LTH2)
[2025-11-04 22:40:02.495] [info] Frame 63 (t = 0.315):	 total squared error = 0.00365717, marker error: RMS = 0.0126098, max = 0.0311038 (LTH2)
[2025-11-04 22:40:02.521] [info] Frame 64 (t = 0.32):	 total squared error = 0.00378133, marker error: RMS = 0.0128221, max = 0.0314316 (LTH2)
[2025-11-04 22:40:02.559] [info] Frame 65 (t = 0.325):	 total squared error = 0.00387116, marker error: RMS = 0.0129735, max = 0.0316368 (LTH2)
[2025-11-04 22:40:02.587] [info] Frame 66 (t = 0.33):	 total squared error = 0.00400451, marker error: RMS = 0.013195, max = 0.0320660 (LTH2)
[2025-11-04 22:40:02.618] [info] Frame 67 (t = 0.335):	 total squared error = 0.00413056, marker error: RMS = 0.0134011, max = 0.0324667 (LTH2)
[2025-11-04 22:40:02.649] [info] Frame 68 (t = 0.34):	 total squared error = 0.00423640, marker error: RMS = 0.0135717, max = 0.0327709 (LTH2)
[2025-11-04 22:40:02.676] [info] Frame 69 (t = 0.345):	 total squared error = 0.00435167, marker error: RMS = 0.0137551, max = 0.033179 (LTH2)
[2025-11-04 22:40:02.704] [info] Frame 70 (t = 0.35):	 total squared error = 0.00442862, marker error: RMS = 0.0138762, max = 0.0332754 (LTH2)
[2025-11-04 22:40:02.742] [info] Frame 71 (t = 0.355):	 total squared error = 0.00449170, marker error: RMS = 0.0139747, max = 0.0333834 (LTH2)
[2025-11-04 22:40:02.765] [info] Frame 72 (t = 0.36):	 total squared error = 0.00456883, marker error: RMS = 0.0140941, max = 0.0333939 (LTH2)
[2025-11-04 22:40:02.787] [info] Frame 73 (t = 0.365):	 total squared error = 0.00463404, marker error: RMS = 0.0141944, max = 0.0333767 (LTH2)
[2025-11-04 22:40:02.803] [info] Frame 74 (t = 0.37):	 total squared error = 0.00468811, marker error: RMS = 0.0142769, max = 0.0332443 (LTH2)
[2025-11-04 22:40:02.833] [info] Frame 75 (t = 0.375):	 total squared error = 0.00471949, marker error: RMS = 0.0143246, max = 0.0331317 (LTH2)
[2025-11-04 22:40:02.857] [info] Frame 76 (t = 0.38):	 total squared error = 0.00473203, marker error: RMS = 0.0143437, max = 0.0327424 (LTH2)
[2025-11-04 22:40:02.879] [info] Frame 77 (t = 0.385):	 total squared error = 0.00472818, marker error: RMS = 0.0143378, max = 0.0323215 (LTH2)
[2025-11-04 22:40:02.905] [info] Frame 78 (t = 0.39):	 total squared error = 0.00469846, marker error: RMS = 0.0142927, max = 0.0317863 (LTH2)
[2025-11-04 22:40:02.934] [info] Frame 79 (t = 0.395):	 total squared error = 0.00464127, marker error: RMS = 0.0142054, max = 0.0310954 (LTH2)
[2025-11-04 22:40:02.956] [info] Frame 80 (t = 0.4):	 total squared error = 0.00455877, marker error: RMS = 0.0140786, max = 0.0302338 (LTH2)
[2025-11-04 22:40:02.975] [info] Frame 81 (t = 0.405000):	 total squared error = 0.00444518, marker error: RMS = 0.0139021, max = 0.0292705 (LTH2)
[2025-11-04 22:40:03.004] [info] Frame 82 (t = 0.41):	 total squared error = 0.00434765, marker error: RMS = 0.0137487, max = 0.0284752 (LTH2)
[2025-11-04 22:40:03.027] [info] Frame 83 (t = 0.415):	 total squared error = 0.00420761, marker error: RMS = 0.0135255, max = 0.0272206 (LTH2)
[2025-11-04 22:40:03.043] [info] Frame 84 (t = 0.42):	 total squared error = 0.00404255, marker error: RMS = 0.0132576, max = 0.0257825 (LTH2)
[2025-11-04 22:40:03.064] [info] Frame 85 (t = 0.425):	 total squared error = 0.00391060, marker error: RMS = 0.0130394, max = 0.0246595 (LTH2)
[2025-11-04 22:40:03.077] [info] Frame 86 (t = 0.43):	 total squared error = 0.00374441, marker error: RMS = 0.0127593, max = 0.0231005 (LTH2)
[2025-11-04 22:40:03.103] [info] Frame 87 (t = 0.435):	 total squared error = 0.00364951, marker error: RMS = 0.0125966, max = 0.0223881 (LTH2)
[2025-11-04 22:40:03.129] [info] Frame 88 (t = 0.44):	 total squared error = 0.00351789, marker error: RMS = 0.0123674, max = 0.0210312 (LTH2)
[2025-11-04 22:40:03.146] [info] Frame 89 (t = 0.445):	 total squared error = 0.00338282, marker error: RMS = 0.0121276, max = 0.0194873 (LTH2)
[2025-11-04 22:40:03.176] [info] Frame 90 (t = 0.45):	 total squared error = 0.00330253, marker error: RMS = 0.0119828, max = 0.0187728 (XIPH)
[2025-11-04 22:40:03.188] [info] Frame 91 (t = 0.455):	 total squared error = 0.00320445, marker error: RMS = 0.0118036, max = 0.0187755 (XIPH)
[2025-11-04 22:40:03.213] [info] Frame 92 (t = 0.46):	 total squared error = 0.00316216, marker error: RMS = 0.0117254, max = 0.0187458 (XIPH)
[2025-11-04 22:40:03.238] [info] Frame 93 (t = 0.465):	 total squared error = 0.00313936, marker error: RMS = 0.0116831, max = 0.0187244 (XIPH)
[2025-11-04 22:40:03.253] [info] Frame 94 (t = 0.47):	 total squared error = 0.00310312, marker error: RMS = 0.0116154, max = 0.0187032 (XIPH)
[2025-11-04 22:40:03.281] [info] Frame 95 (t = 0.475):	 total squared error = 0.00311936, marker error: RMS = 0.0116458, max = 0.0186879 (XIPH)
[2025-11-04 22:40:03.297] [info] Frame 96 (t = 0.48):	 total squared error = 0.00312096, marker error: RMS = 0.0116488, max = 0.0186755 (XIPH)
[2025-11-04 22:40:03.320] [info] Frame 97 (t = 0.485):	 total squared error = 0.00315511, marker error: RMS = 0.0117123, max = 0.0186237 (XIPH)
[2025-11-04 22:40:03.336] [info] Frame 98 (t = 0.49):	 total squared error = 0.00318792, marker error: RMS = 0.0117731, max = 0.0186024 (XIPH)
[2025-11-04 22:40:03.360] [info] Frame 99 (t = 0.495):	 total squared error = 0.00325169, marker error: RMS = 0.0118902, max = 0.0185487 (XIPH)
[2025-11-04 22:40:03.381] [info] Frame 100 (t = 0.5):	 total squared error = 0.00330389, marker error: RMS = 0.0119853, max = 0.0188408 (LSHA2)
[2025-11-04 22:40:03.411] [info] Frame 101 (t = 0.505000):	 total squared error = 0.00337485, marker error: RMS = 0.0121133, max = 0.0191653 (LSHA2)
[2025-11-04 22:40:03.433] [info] Frame 102 (t = 0.51):	 total squared error = 0.00343502, marker error: RMS = 0.0122208, max = 0.0196389 (LSHA2)
[2025-11-04 22:40:03.463] [info] Frame 103 (t = 0.515):	 total squared error = 0.00349853, marker error: RMS = 0.0123333, max = 0.0198886 (LSHA2)
[2025-11-04 22:40:03.476] [info] Frame 104 (t = 0.52):	 total squared error = 0.00355235, marker error: RMS = 0.0124278, max = 0.0200478 (LSHA2)
[2025-11-04 22:40:03.505] [info] Frame 105 (t = 0.525):	 total squared error = 0.00359939, marker error: RMS = 0.0125098, max = 0.0206135 (LTH2)
[2025-11-04 22:40:03.543] [info] Frame 106 (t = 0.53):	 total squared error = 0.00361968, marker error: RMS = 0.012545, max = 0.0207667 (LTH2)
[2025-11-04 22:40:03.570] [info] Frame 107 (t = 0.535):	 total squared error = 0.00361466, marker error: RMS = 0.0125363, max = 0.0207036 (LTH2)
[2025-11-04 22:40:03.599] [info] Frame 108 (t = 0.54):	 total squared error = 0.00359142, marker error: RMS = 0.012496, max = 0.0207543 (LTH2)
[2025-11-04 22:40:03.622] [info] Frame 109 (t = 0.545):	 total squared error = 0.00353188, marker error: RMS = 0.0123919, max = 0.0203269 (LTH2)
[2025-11-04 22:40:03.667] [info] Frame 110 (t = 0.55):	 total squared error = 0.00345417, marker error: RMS = 0.0122549, max = 0.0202483 (LTH2)
[2025-11-04 22:40:03.692] [info] Frame 111 (t = 0.555):	 total squared error = 0.00334714, marker error: RMS = 0.0120635, max = 0.0194718 (LTH2)
[2025-11-04 22:40:03.718] [info] Frame 112 (t = 0.56):	 total squared error = 0.00321487, marker error: RMS = 0.0118227, max = 0.0190740 (LTH2)
[2025-11-04 22:40:03.755] [info] Frame 113 (t = 0.565):	 total squared error = 0.00306692, marker error: RMS = 0.0115475, max = 0.018462 (XIPH)
[2025-11-04 22:40:03.775] [info] Frame 114 (t = 0.57):	 total squared error = 0.00291394, marker error: RMS = 0.0112558, max = 0.0185646 (XIPH)
[2025-11-04 22:40:03.799] [info] Frame 115 (t = 0.575):	 total squared error = 0.00274165, marker error: RMS = 0.0109180, max = 0.0186010 (XIPH)
[2025-11-04 22:40:03.827] [info] Frame 116 (t = 0.58):	 total squared error = 0.00257242, marker error: RMS = 0.0105757, max = 0.0186783 (XIPH)
[2025-11-04 22:40:03.853] [info] Frame 117 (t = 0.585):	 total squared error = 0.00241444, marker error: RMS = 0.0102458, max = 0.0187734 (XIPH)
[2025-11-04 22:40:03.880] [info] Frame 118 (t = 0.59):	 total squared error = 0.00226308, marker error: RMS = 0.00991941, max = 0.0188528 (XIPH)
[2025-11-04 22:40:03.903] [info] Frame 119 (t = 0.595):	 total squared error = 0.00212762, marker error: RMS = 0.00961797, max = 0.0189424 (XIPH)
[2025-11-04 22:40:03.930] [info] Frame 120 (t = 0.6):	 total squared error = 0.00201147, marker error: RMS = 0.00935175, max = 0.0190286 (XIPH)
[2025-11-04 22:40:03.953] [info] Frame 121 (t = 0.605000):	 total squared error = 0.00191632, marker error: RMS = 0.00912787, max = 0.0191099 (XIPH)
[2025-11-04 22:40:03.979] [info] Frame 122 (t = 0.61):	 total squared error = 0.00184894, marker error: RMS = 0.00896596, max = 0.0191857 (XIPH)
[2025-11-04 22:40:03.999] [info] Frame 123 (t = 0.615):	 total squared error = 0.00179977, marker error: RMS = 0.00884594, max = 0.0192561 (XIPH)
[2025-11-04 22:40:04.023] [info] Frame 124 (t = 0.62):	 total squared error = 0.00176919, marker error: RMS = 0.00877049, max = 0.0193087 (XIPH)
[2025-11-04 22:40:04.051] [info] Frame 125 (t = 0.625):	 total squared error = 0.00176058, marker error: RMS = 0.00874912, max = 0.0193695 (XIPH)
[2025-11-04 22:40:04.082] [info] Frame 126 (t = 0.63):	 total squared error = 0.00176791, marker error: RMS = 0.00876731, max = 0.0194259 (XIPH)
[2025-11-04 22:40:04.105] [info] Frame 127 (t = 0.635):	 total squared error = 0.00178780, marker error: RMS = 0.00881648, max = 0.0194634 (XIPH)
[2025-11-04 22:40:04.130] [info] Frame 128 (t = 0.64):	 total squared error = 0.00181700, marker error: RMS = 0.00888819, max = 0.0195009 (XIPH)
[2025-11-04 22:40:04.162] [info] Frame 129 (t = 0.645):	 total squared error = 0.00184903, marker error: RMS = 0.00896619, max = 0.0195453 (XIPH)
[2025-11-04 22:40:04.191] [info] Frame 130 (t = 0.65):	 total squared error = 0.00188985, marker error: RMS = 0.00906462, max = 0.0195902 (XIPH)
[2025-11-04 22:40:04.209] [info] Frame 131 (t = 0.655):	 total squared error = 0.00192308, marker error: RMS = 0.00914397, max = 0.0196104 (XIPH)
[2025-11-04 22:40:04.216] [info] Frame 132 (t = 0.66):	 total squared error = 0.00196367, marker error: RMS = 0.00923996, max = 0.0196193 (XIPH)
[2025-11-04 22:40:04.239] [info] Frame 133 (t = 0.665):	 total squared error = 0.00196325, marker error: RMS = 0.00923898, max = 0.0196471 (XIPH)
[2025-11-04 22:40:04.249] [info] Frame 134 (t = 0.67):	 total squared error = 0.00198145, marker error: RMS = 0.00928170, max = 0.0197121 (XIPH)
[2025-11-04 22:40:04.263] [info] Frame 135 (t = 0.675):	 total squared error = 0.00198950, marker error: RMS = 0.00930055, max = 0.0195982 (XIPH)
[2025-11-04 22:40:04.288] [info] Frame 136 (t = 0.68):	 total squared error = 0.00202252, marker error: RMS = 0.00937741, max = 0.0197582 (XIPH)
[2025-11-04 22:40:04.304] [info] Frame 137 (t = 0.685):	 total squared error = 0.00201821, marker error: RMS = 0.00936741, max = 0.0197326 (XIPH)
[2025-11-04 22:40:04.337] [info] Frame 138 (t = 0.69):	 total squared error = 0.00203667, marker error: RMS = 0.00941015, max = 0.0197874 (XIPH)
[2025-11-04 22:40:04.361] [info] Frame 139 (t = 0.695):	 total squared error = 0.00204739, marker error: RMS = 0.00943487, max = 0.0197897 (XIPH)
[2025-11-04 22:40:04.375] [info] Frame 140 (t = 0.7):	 total squared error = 0.00205775, marker error: RMS = 0.00945873, max = 0.0197404 (XIPH)
[2025-11-04 22:40:04.400] [info] Frame 141 (t = 0.705000):	 total squared error = 0.00208780, marker error: RMS = 0.00952753, max = 0.0197569 (XIPH)
[2025-11-04 22:40:04.429] [info] Frame 142 (t = 0.71):	 total squared error = 0.00211700, marker error: RMS = 0.00959394, max = 0.0197314 (XIPH)
[2025-11-04 22:40:04.450] [info] Frame 143 (t = 0.715):	 total squared error = 0.00214257, marker error: RMS = 0.00965168, max = 0.0196631 (XIPH)
[2025-11-04 22:40:04.467] [info] Frame 144 (t = 0.72):	 total squared error = 0.00216813, marker error: RMS = 0.00970909, max = 0.0195469 (XIPH)
[2025-11-04 22:40:04.490] [info] Frame 145 (t = 0.725):	 total squared error = 0.00219551, marker error: RMS = 0.00977020, max = 0.0194402 (XIPH)
[2025-11-04 22:40:04.509] [info] Frame 146 (t = 0.73):	 total squared error = 0.00221198, marker error: RMS = 0.00980680, max = 0.0192461 (XIPH)
[2025-11-04 22:40:04.529] [info] Frame 147 (t = 0.735):	 total squared error = 0.00222274, marker error: RMS = 0.00983061, max = 0.0190363 (XIPH)
[2025-11-04 22:40:04.552] [info] Frame 148 (t = 0.74):	 total squared error = 0.00222395, marker error: RMS = 0.00983329, max = 0.0190369 (RTOE)
[2025-11-04 22:40:04.577] [info] Frame 149 (t = 0.745):	 total squared error = 0.00221713, marker error: RMS = 0.00981820, max = 0.0191155 (RTOE)
[2025-11-04 22:40:04.605] [info] Frame 150 (t = 0.75):	 total squared error = 0.00220126, marker error: RMS = 0.00978299, max = 0.0189955 (RTOE)
[2025-11-04 22:40:04.629] [info] Frame 151 (t = 0.755):	 total squared error = 0.00218163, marker error: RMS = 0.00973928, max = 0.0191894 (RTOE)
[2025-11-04 22:40:04.651] [info] Frame 152 (t = 0.76):	 total squared error = 0.00215734, marker error: RMS = 0.00968491, max = 0.0192358 (RTHOL)
[2025-11-04 22:40:04.677] [info] Frame 153 (t = 0.765):	 total squared error = 0.00213133, marker error: RMS = 0.00962634, max = 0.0197574 (RTHOL)
[2025-11-04 22:40:04.699] [info] Frame 154 (t = 0.77):	 total squared error = 0.00210640, marker error: RMS = 0.00956988, max = 0.0202724 (RTHOL)
[2025-11-04 22:40:04.726] [info] Frame 155 (t = 0.775):	 total squared error = 0.00208158, marker error: RMS = 0.00951333, max = 0.0207717 (RTHOL)
[2025-11-04 22:40:04.749] [info] Frame 156 (t = 0.78):	 total squared error = 0.00205888, marker error: RMS = 0.00946131, max = 0.0213305 (RTHOL)
[2025-11-04 22:40:04.776] [info] Frame 157 (t = 0.785):	 total squared error = 0.00203090, marker error: RMS = 0.00939681, max = 0.0216944 (RTHOL)
[2025-11-04 22:40:04.800] [info] Frame 158 (t = 0.79):	 total squared error = 0.00200705, marker error: RMS = 0.00934146, max = 0.0220839 (RTHOL)
[2025-11-04 22:40:04.823] [info] Frame 159 (t = 0.795):	 total squared error = 0.00198256, marker error: RMS = 0.00928431, max = 0.0223988 (RTHOL)
[2025-11-04 22:40:04.843] [info] Frame 160 (t = 0.8):	 total squared error = 0.00196732, marker error: RMS = 0.00924856, max = 0.0228787 (RTHOL)
[2025-11-04 22:40:04.869] [info] Frame 161 (t = 0.805000):	 total squared error = 0.00194275, marker error: RMS = 0.00919061, max = 0.0228327 (RTHOL)
[2025-11-04 22:40:04.896] [info] Frame 162 (t = 0.81):	 total squared error = 0.00193270, marker error: RMS = 0.00916681, max = 0.0229946 (RTHOL)
[2025-11-04 22:40:04.926] [info] Frame 163 (t = 0.815):	 total squared error = 0.00192664, marker error: RMS = 0.00915243, max = 0.0230084 (RTHOL)
[2025-11-04 22:40:04.953] [info] Frame 164 (t = 0.82):	 total squared error = 0.00193538, marker error: RMS = 0.00917316, max = 0.0230795 (RTHOL)
[2025-11-04 22:40:04.978] [info] Frame 165 (t = 0.825):	 total squared error = 0.00195200, marker error: RMS = 0.00921248, max = 0.0230257 (RTHOL)
[2025-11-04 22:40:04.999] [info] Frame 166 (t = 0.83):	 total squared error = 0.00202721, marker error: RMS = 0.00938828, max = 0.0236592 (RTHOL)
[2025-11-04 22:40:05.021] [info] Frame 167 (t = 0.835):	 total squared error = 0.00208206, marker error: RMS = 0.00951443, max = 0.0237292 (RTHOL)
[2025-11-04 22:40:05.046] [info] Frame 168 (t = 0.84):	 total squared error = 0.00209760, marker error: RMS = 0.00954988, max = 0.0229895 (RTHOL)
[2025-11-04 22:40:05.079] [info] Frame 169 (t = 0.845):	 total squared error = 0.00215060, marker error: RMS = 0.00966976, max = 0.0227131 (RTHOL)
[2025-11-04 22:40:05.105] [info] Frame 170 (t = 0.85):	 total squared error = 0.00221174, marker error: RMS = 0.00980624, max = 0.0224802 (RTHOL)
[2025-11-04 22:40:05.136] [info] Frame 171 (t = 0.855):	 total squared error = 0.00231374, marker error: RMS = 0.0100298, max = 0.0226899 (RTHOL)
[2025-11-04 22:40:05.162] [info] Frame 172 (t = 0.86):	 total squared error = 0.00237273, marker error: RMS = 0.0101569, max = 0.0223711 (RTHOL)
[2025-11-04 22:40:05.188] [info] Frame 173 (t = 0.865):	 total squared error = 0.00247324, marker error: RMS = 0.0103698, max = 0.0225519 (RTHOL)
[2025-11-04 22:40:05.209] [info] Frame 174 (t = 0.87):	 total squared error = 0.00255879, marker error: RMS = 0.0105476, max = 0.0225871 (RTHOL)
[2025-11-04 22:40:05.236] [info] Frame 175 (t = 0.875):	 total squared error = 0.00261773, marker error: RMS = 0.0106684, max = 0.0223824 (RTHOL)
[2025-11-04 22:40:05.273] [info] Frame 176 (t = 0.88):	 total squared error = 0.00266066, marker error: RMS = 0.0107555, max = 0.0220430 (RTHOL)
[2025-11-04 22:40:05.292] [info] Frame 177 (t = 0.885):	 total squared error = 0.00276237, marker error: RMS = 0.0109591, max = 0.0224581 (RTHOL)
[2025-11-04 22:40:05.319] [info] Frame 178 (t = 0.89):	 total squared error = 0.00282398, marker error: RMS = 0.0110807, max = 0.0222917 (RTHOL)
[2025-11-04 22:40:05.351] [info] Frame 179 (t = 0.895):	 total squared error = 0.00285674, marker error: RMS = 0.0111448, max = 0.0218935 (RTHOL)
[2025-11-04 22:40:05.373] [info] Frame 180 (t = 0.9):	 total squared error = 0.00292755, marker error: RMS = 0.0112821, max = 0.0219167 (RTHOL)
[2025-11-04 22:40:05.396] [info] Frame 181 (t = 0.905000):	 total squared error = 0.00298549, marker error: RMS = 0.0113932, max = 0.0218421 (RTHOL)
[2025-11-04 22:40:05.427] [info] Frame 182 (t = 0.91):	 total squared error = 0.00302290, marker error: RMS = 0.0114643, max = 0.0216501 (RTHOL)
[2025-11-04 22:40:05.443] [info] Frame 183 (t = 0.915):	 total squared error = 0.00306198, marker error: RMS = 0.0115382, max = 0.0215789 (RTHOL)
[2025-11-04 22:40:05.468] [info] Frame 184 (t = 0.92):	 total squared error = 0.00307999, marker error: RMS = 0.0115721, max = 0.0211685 (RTHOL)
[2025-11-04 22:40:05.489] [info] Frame 185 (t = 0.925):	 total squared error = 0.00308577, marker error: RMS = 0.0115829, max = 0.0209329 (RTHOL)
[2025-11-04 22:40:05.509] [info] Frame 186 (t = 0.93):	 total squared error = 0.00307276, marker error: RMS = 0.0115585, max = 0.0205387 (RTHOL)
[2025-11-04 22:40:05.549] [info] Frame 187 (t = 0.935):	 total squared error = 0.00303357, marker error: RMS = 0.0114845, max = 0.0202097 (RTHOL)
[2025-11-04 22:40:05.572] [info] Frame 188 (t = 0.94):	 total squared error = 0.00296976, marker error: RMS = 0.0113631, max = 0.0198997 (RSHAOL)
[2025-11-04 22:40:05.602] [info] Frame 189 (t = 0.945):	 total squared error = 0.00289235, marker error: RMS = 0.011214, max = 0.0197524 (RSHAOL)
[2025-11-04 22:40:05.783] [info] Frame 190 (t = 0.95):	 total squared error = 0.00280842, marker error: RMS = 0.0110501, max = 0.0193296 (RSHAOL)
[2025-11-04 22:40:05.873] [info] Frame 191 (t = 0.955):	 total squared error = 0.00270533, marker error: RMS = 0.0108454, max = 0.0187726 (RSHAOL)
[2025-11-04 22:40:05.916] [info] Frame 192 (t = 0.96):	 total squared error = 0.00258127, marker error: RMS = 0.0105938, max = 0.0181854 (RSHAOL)
[2025-11-04 22:40:05.970] [info] Frame 193 (t = 0.965):	 total squared error = 0.00246593, marker error: RMS = 0.0103544, max = 0.0176499 (XIPH)
[2025-11-04 22:40:06.033] [info] Frame 194 (t = 0.97):	 total squared error = 0.00235334, marker error: RMS = 0.0101153, max = 0.0176725 (XIPH)
[2025-11-04 22:40:06.077] [info] Frame 195 (t = 0.975):	 total squared error = 0.00222656, marker error: RMS = 0.00983905, max = 0.0176527 (XIPH)
[2025-11-04 22:40:06.128] [info] Frame 196 (t = 0.98):	 total squared error = 0.00211549, marker error: RMS = 0.00959050, max = 0.0176217 (XIPH)
[2025-11-04 22:40:06.155] [info] Frame 197 (t = 0.985):	 total squared error = 0.00199371, marker error: RMS = 0.00931038, max = 0.0176084 (XIPH)
[2025-11-04 22:40:06.224] [info] Frame 198 (t = 0.99):	 total squared error = 0.00191050, marker error: RMS = 0.00911401, max = 0.0175627 (XIPH)
[2025-11-04 22:40:06.267] [info] Frame 199 (t = 0.995):	 total squared error = 0.00181768, marker error: RMS = 0.00888987, max = 0.0175114 (XIPH)
[2025-11-04 22:40:06.297] [info] Frame 200 (t = 1.0):	 total squared error = 0.00172969, marker error: RMS = 0.00867201, max = 0.0174334 (XIPH)
[2025-11-04 22:40:06.338] [info] Frame 201 (t = 1.00500):	 total squared error = 0.00167507, marker error: RMS = 0.00853400, max = 0.0174237 (XIPH)
[2025-11-04 22:40:06.360] [info] Frame 202 (t = 1.01):	 total squared error = 0.00161366, marker error: RMS = 0.00837610, max = 0.0174299 (XIPH)
[2025-11-04 22:40:06.399] [info] Frame 203 (t = 1.015):	 total squared error = 0.00158869, marker error: RMS = 0.00831104, max = 0.0173426 (XIPH)
[2025-11-04 22:40:06.443] [info] Frame 204 (t = 1.02):	 total squared error = 0.00156969, marker error: RMS = 0.00826121, max = 0.0173003 (XIPH)
[2025-11-04 22:40:06.472] [info] Frame 205 (t = 1.025):	 total squared error = 0.00154768, marker error: RMS = 0.00820307, max = 0.0172785 (XIPH)
[2025-11-04 22:40:06.503] [info] Frame 206 (t = 1.03):	 total squared error = 0.00154384, marker error: RMS = 0.00819290, max = 0.0172621 (XIPH)
[2025-11-04 22:40:06.557] [info] Frame 207 (t = 1.035):	 total squared error = 0.00156598, marker error: RMS = 0.00825144, max = 0.017222 (XIPH)
[2025-11-04 22:40:06.602] [info] Frame 208 (t = 1.04):	 total squared error = 0.00158596, marker error: RMS = 0.00830390, max = 0.0172093 (XIPH)
[2025-11-04 22:40:06.636] [info] Frame 209 (t = 1.045):	 total squared error = 0.00161091, marker error: RMS = 0.00836896, max = 0.0172198 (XIPH)
[2025-11-04 22:40:06.695] [info] Frame 210 (t = 1.05):	 total squared error = 0.00165487, marker error: RMS = 0.00848240, max = 0.0171772 (XIPH)
[2025-11-04 22:40:06.728] [info] Frame 211 (t = 1.055):	 total squared error = 0.00169337, marker error: RMS = 0.00858050, max = 0.0172139 (XIPH)
[2025-11-04 22:40:06.782] [info] Frame 212 (t = 1.06):	 total squared error = 0.00174761, marker error: RMS = 0.00871684, max = 0.0171923 (XIPH)
[2025-11-04 22:40:06.815] [info] Frame 213 (t = 1.065):	 total squared error = 0.00179252, marker error: RMS = 0.00882811, max = 0.0172433 (XIPH)
[2025-11-04 22:40:06.847] [info] Frame 214 (t = 1.07):	 total squared error = 0.00184493, marker error: RMS = 0.00895624, max = 0.0172748 (XIPH)
[2025-11-04 22:40:06.892] [info] Frame 215 (t = 1.075):	 total squared error = 0.00189365, marker error: RMS = 0.00907373, max = 0.0172912 (XIPH)
[2025-11-04 22:40:06.933] [info] Frame 216 (t = 1.08):	 total squared error = 0.00193494, marker error: RMS = 0.00917212, max = 0.017352 (XIPH)
[2025-11-04 22:40:06.969] [info] Frame 217 (t = 1.085):	 total squared error = 0.00196819, marker error: RMS = 0.00925060, max = 0.0174445 (XIPH)
[2025-11-04 22:40:06.991] [info] Frame 218 (t = 1.09):	 total squared error = 0.00199627, marker error: RMS = 0.00931635, max = 0.0175986 (XIPH)
[2025-11-04 22:40:07.038] [info] Frame 219 (t = 1.095):	 total squared error = 0.00201155, marker error: RMS = 0.00935194, max = 0.017655 (XIPH)
[2025-11-04 22:40:07.068] [info] Frame 220 (t = 1.1):	 total squared error = 0.00200972, marker error: RMS = 0.00934768, max = 0.0178256 (XIPH)
[2025-11-04 22:40:07.113] [info] Frame 221 (t = 1.10500):	 total squared error = 0.00200266, marker error: RMS = 0.00933125, max = 0.0179735 (XIPH)
[2025-11-04 22:40:07.141] [info] Frame 222 (t = 1.11):	 total squared error = 0.00197252, marker error: RMS = 0.00926076, max = 0.0181683 (XIPH)
[2025-11-04 22:40:07.174] [info] Frame 223 (t = 1.115):	 total squared error = 0.00193406, marker error: RMS = 0.00917003, max = 0.0183864 (XIPH)
[2025-11-04 22:40:07.208] [info] Frame 224 (t = 1.12):	 total squared error = 0.00188535, marker error: RMS = 0.00905383, max = 0.0186569 (XIPH)
[2025-11-04 22:40:07.239] [info] Frame 225 (t = 1.125):	 total squared error = 0.00182906, marker error: RMS = 0.00891763, max = 0.0189257 (XIPH)
[2025-11-04 22:40:07.287] [info] Frame 226 (t = 1.13):	 total squared error = 0.00177010, marker error: RMS = 0.00877273, max = 0.0191691 (XIPH)
[2025-11-04 22:40:07.321] [info] Frame 227 (t = 1.135):	 total squared error = 0.00170670, marker error: RMS = 0.00861419, max = 0.0194572 (XIPH)
[2025-11-04 22:40:07.355] [info] Frame 228 (t = 1.14):	 total squared error = 0.00164782, marker error: RMS = 0.00846429, max = 0.0197934 (XIPH)
[2025-11-04 22:40:07.392] [info] Frame 229 (t = 1.145):	 total squared error = 0.00159629, marker error: RMS = 0.00833091, max = 0.0200999 (XIPH)
[2025-11-04 22:40:07.426] [info] Frame 230 (t = 1.15):	 total squared error = 0.00155506, marker error: RMS = 0.00822261, max = 0.0204302 (XIPH)
[2025-11-04 22:40:07.464] [info] Frame 231 (t = 1.155):	 total squared error = 0.00152851, marker error: RMS = 0.00815211, max = 0.0207511 (XIPH)
[2025-11-04 22:40:07.494] [info] Frame 232 (t = 1.16):	 total squared error = 0.00151639, marker error: RMS = 0.00811973, max = 0.0210699 (XIPH)
[2025-11-04 22:40:07.554] [info] Frame 233 (t = 1.165):	 total squared error = 0.00151639, marker error: RMS = 0.00811972, max = 0.0213565 (XIPH)
[2025-11-04 22:40:07.600] [info] Frame 234 (t = 1.17):	 total squared error = 0.00152817, marker error: RMS = 0.00815120, max = 0.0216128 (XIPH)
[2025-11-04 22:40:07.639] [info] Frame 235 (t = 1.175):	 total squared error = 0.00155504, marker error: RMS = 0.00822256, max = 0.0218738 (XIPH)
[2025-11-04 22:40:07.676] [info] Frame 236 (t = 1.18):	 total squared error = 0.00159045, marker error: RMS = 0.00831565, max = 0.0221101 (XIPH)
[2025-11-04 22:40:07.718] [info] Frame 237 (t = 1.185):	 total squared error = 0.00163068, marker error: RMS = 0.00842015, max = 0.0223078 (XIPH)
[2025-11-04 22:40:07.747] [info] Frame 238 (t = 1.19):	 total squared error = 0.00166974, marker error: RMS = 0.00852042, max = 0.0224675 (XIPH)
[2025-11-04 22:40:07.760] [info] Frame 239 (t = 1.195):	 total squared error = 0.00172719, marker error: RMS = 0.00866575, max = 0.0225667 (XIPH)
[2025-11-04 22:40:07.795] [info] Frame 240 (t = 1.2):	 total squared error = 0.00174598, marker error: RMS = 0.00871275, max = 0.0227788 (XIPH)
[2025-11-04 22:40:07.805] [info] Frame 241 (t = 1.20500):	 total squared error = 0.00178306, marker error: RMS = 0.00880478, max = 0.0228993 (XIPH)
[2025-11-04 22:40:07.818] [info] Frame 242 (t = 1.21):	 total squared error = 0.00181747, marker error: RMS = 0.00888934, max = 0.0230324 (XIPH)
[2025-11-04 22:40:07.867] [info] Frame 243 (t = 1.215):	 total squared error = 0.00181498, marker error: RMS = 0.00888325, max = 0.0230728 (XIPH)
[2025-11-04 22:40:07.892] [info] Frame 244 (t = 1.22):	 total squared error = 0.00182485, marker error: RMS = 0.00890737, max = 0.0231495 (XIPH)
[2025-11-04 22:40:07.921] [info] Frame 245 (t = 1.225):	 total squared error = 0.00183027, marker error: RMS = 0.00892059, max = 0.0231869 (XIPH)
[2025-11-04 22:40:07.947] [info] Frame 246 (t = 1.23):	 total squared error = 0.00183421, marker error: RMS = 0.00893019, max = 0.0232359 (XIPH)
[2025-11-04 22:40:07.968] [info] Frame 247 (t = 1.235):	 total squared error = 0.00183824, marker error: RMS = 0.00893999, max = 0.0232306 (XIPH)
[2025-11-04 22:40:08.019] [info] Frame 248 (t = 1.24):	 total squared error = 0.00184378, marker error: RMS = 0.00895344, max = 0.0232774 (XIPH)
[2025-11-04 22:40:08.049] [info] Frame 249 (t = 1.245):	 total squared error = 0.00184773, marker error: RMS = 0.00896303, max = 0.0232825 (XIPH)
[2025-11-04 22:40:08.081] [info] Frame 250 (t = 1.25):	 total squared error = 0.00185440, marker error: RMS = 0.00897921, max = 0.0232823 (XIPH)
[2025-11-04 22:40:08.111] [info] Frame 251 (t = 1.255):	 total squared error = 0.00185966, marker error: RMS = 0.00899194, max = 0.0232507 (XIPH)
[2025-11-04 22:40:08.138] [info] Frame 252 (t = 1.26):	 total squared error = 0.00186756, marker error: RMS = 0.00901101, max = 0.0232265 (XIPH)
[2025-11-04 22:40:08.172] [info] Frame 253 (t = 1.265):	 total squared error = 0.00187257, marker error: RMS = 0.00902308, max = 0.0231867 (XIPH)
[2025-11-04 22:40:08.198] [info] Frame 254 (t = 1.27):	 total squared error = 0.00187841, marker error: RMS = 0.00903714, max = 0.0230870 (XIPH)
[2025-11-04 22:40:08.239] [info] Frame 255 (t = 1.275):	 total squared error = 0.00187567, marker error: RMS = 0.00903055, max = 0.0230297 (XIPH)
[2025-11-04 22:40:08.271] [info] Frame 256 (t = 1.28):	 total squared error = 0.00187756, marker error: RMS = 0.00903509, max = 0.022913 (XIPH)
[2025-11-04 22:40:08.310] [info] Frame 257 (t = 1.285):	 total squared error = 0.00187598, marker error: RMS = 0.00903129, max = 0.0227853 (XIPH)
[2025-11-04 22:40:08.343] [info] Frame 258 (t = 1.29):	 total squared error = 0.00187367, marker error: RMS = 0.00902573, max = 0.0226253 (XIPH)
[2025-11-04 22:40:08.372] [info] Frame 259 (t = 1.295):	 total squared error = 0.00187475, marker error: RMS = 0.00902834, max = 0.0224442 (XIPH)
[2025-11-04 22:40:08.403] [info] Frame 260 (t = 1.3):	 total squared error = 0.00187939, marker error: RMS = 0.00903951, max = 0.0222525 (XIPH)
[2025-11-04 22:40:08.427] [info] Frame 261 (t = 1.30500):	 total squared error = 0.00190103, marker error: RMS = 0.00909140, max = 0.0220632 (XIPH)
[2025-11-04 22:40:08.456] [info] Frame 262 (t = 1.31):	 total squared error = 0.00190853, marker error: RMS = 0.00910931, max = 0.0218134 (XIPH)
[2025-11-04 22:40:08.488] [info] Frame 263 (t = 1.315):	 total squared error = 0.00193193, marker error: RMS = 0.00916498, max = 0.0215599 (XIPH)
[2025-11-04 22:40:08.518] [info] Frame 264 (t = 1.32):	 total squared error = 0.00196246, marker error: RMS = 0.00923711, max = 0.0213201 (XIPH)
[2025-11-04 22:40:08.549] [info] Frame 265 (t = 1.325):	 total squared error = 0.00200176, marker error: RMS = 0.00932915, max = 0.0210348 (XIPH)
[2025-11-04 22:40:08.579] [info] Frame 266 (t = 1.33):	 total squared error = 0.00204607, marker error: RMS = 0.00943185, max = 0.0207507 (XIPH)
[2025-11-04 22:40:08.607] [info] Frame 267 (t = 1.335):	 total squared error = 0.00209957, marker error: RMS = 0.00955435, max = 0.0205040 (LTH2)
[2025-11-04 22:40:08.637] [info] Frame 268 (t = 1.34):	 total squared error = 0.00215201, marker error: RMS = 0.00967293, max = 0.0212232 (LTH2)
[2025-11-04 22:40:08.665] [info] Frame 269 (t = 1.345):	 total squared error = 0.00221740, marker error: RMS = 0.00981879, max = 0.0221392 (LTH2)
[2025-11-04 22:40:08.700] [info] Frame 270 (t = 1.35):	 total squared error = 0.00227810, marker error: RMS = 0.00995227, max = 0.0227118 (LTH2)
[2025-11-04 22:40:08.725] [info] Frame 271 (t = 1.355):	 total squared error = 0.00238847, marker error: RMS = 0.0101905, max = 0.0241821 (LTH2)
[2025-11-04 22:40:08.758] [info] Frame 272 (t = 1.36):	 total squared error = 0.00243785, marker error: RMS = 0.0102953, max = 0.0241306 (LTH2)
[2025-11-04 22:40:08.815] [info] Frame 273 (t = 1.365):	 total squared error = 0.00249162, marker error: RMS = 0.0104082, max = 0.0242554 (LTH2)
[2025-11-04 22:40:08.850] [info] Frame 274 (t = 1.37):	 total squared error = 0.00260458, marker error: RMS = 0.0106415, max = 0.0249614 (LTH2)
[2025-11-04 22:40:08.882] [info] Frame 275 (t = 1.375):	 total squared error = 0.00272124, marker error: RMS = 0.0108773, max = 0.0255615 (LTH2)
[2025-11-04 22:40:08.915] [info] Frame 276 (t = 1.38):	 total squared error = 0.00284524, marker error: RMS = 0.0111223, max = 0.0260867 (LTH2)
[2025-11-04 22:40:08.948] [info] Frame 277 (t = 1.385):	 total squared error = 0.00299007, marker error: RMS = 0.0114019, max = 0.026649 (LTH2)
[2025-11-04 22:40:08.977] [info] Frame 278 (t = 1.39):	 total squared error = 0.00315375, marker error: RMS = 0.0117098, max = 0.0273096 (LTH2)
[2025-11-04 22:40:09.014] [info] Frame 279 (t = 1.395):	 total squared error = 0.00328557, marker error: RMS = 0.011952, max = 0.0275981 (LTH2)
[2025-11-04 22:40:09.043] [info] Frame 280 (t = 1.4):	 total squared error = 0.00344394, marker error: RMS = 0.0122367, max = 0.0281012 (LTH2)
[2025-11-04 22:40:09.082] [info] Frame 281 (t = 1.40500):	 total squared error = 0.00355582, marker error: RMS = 0.0124339, max = 0.0283339 (LTH2)
[2025-11-04 22:40:09.123] [info] Frame 282 (t = 1.41):	 total squared error = 0.00369765, marker error: RMS = 0.0126794, max = 0.0287738 (LTH2)
[2025-11-04 22:40:09.159] [info] Frame 283 (t = 1.415):	 total squared error = 0.00382971, marker error: RMS = 0.0129038, max = 0.0292116 (LTH2)
[2025-11-04 22:40:09.196] [info] Frame 284 (t = 1.42):	 total squared error = 0.00396286, marker error: RMS = 0.0131262, max = 0.0296325 (LTH2)
[2025-11-04 22:40:09.238] [info] Frame 285 (t = 1.425):	 total squared error = 0.00406854, marker error: RMS = 0.0133001, max = 0.0299708 (LTH2)
[2025-11-04 22:40:09.277] [info] Frame 286 (t = 1.43):	 total squared error = 0.00419278, marker error: RMS = 0.0135017, max = 0.0303769 (LTH2)
[2025-11-04 22:40:09.312] [info] Frame 287 (t = 1.435):	 total squared error = 0.00430521, marker error: RMS = 0.0136815, max = 0.0307503 (LTH2)
[2025-11-04 22:40:09.337] [info] Frame 288 (t = 1.44):	 total squared error = 0.00442430, marker error: RMS = 0.0138694, max = 0.0312343 (LTH2)
[2025-11-04 22:40:09.380] [info] Frame 289 (t = 1.445):	 total squared error = 0.00449099, marker error: RMS = 0.0139736, max = 0.0312966 (LTH2)
[2025-11-04 22:40:09.407] [info] Frame 290 (t = 1.45):	 total squared error = 0.00458802, marker error: RMS = 0.0141237, max = 0.0314756 (LTH2)
[2025-11-04 22:40:09.438] [info] Frame 291 (t = 1.455):	 total squared error = 0.00466626, marker error: RMS = 0.0142436, max = 0.0315614 (LTH2)
[2025-11-04 22:40:09.470] [info] Frame 292 (t = 1.46):	 total squared error = 0.00473029, marker error: RMS = 0.014341, max = 0.0315833 (LTH2)
[2025-11-04 22:40:09.500] [info] Frame 293 (t = 1.465):	 total squared error = 0.00477771, marker error: RMS = 0.0144127, max = 0.0315007 (LTH2)
[2025-11-04 22:40:09.519] [info] Frame 294 (t = 1.47):	 total squared error = 0.00480304, marker error: RMS = 0.0144509, max = 0.0313552 (LTH2)
[2025-11-04 22:40:09.560] [info] Frame 295 (t = 1.475):	 total squared error = 0.00480155, marker error: RMS = 0.0144486, max = 0.0311539 (LTH2)
[2025-11-04 22:40:09.578] [info] Frame 296 (t = 1.48):	 total squared error = 0.00476773, marker error: RMS = 0.0143977, max = 0.0307516 (LTH2)
[2025-11-04 22:40:09.607] [info] Frame 297 (t = 1.485):	 total squared error = 0.00471967, marker error: RMS = 0.0143249, max = 0.0303031 (LTH2)
[2025-11-04 22:40:09.638] [info] Frame 298 (t = 1.49):	 total squared error = 0.00464106, marker error: RMS = 0.0142051, max = 0.0297507 (LTH2)
[2025-11-04 22:40:09.661] [info] Frame 299 (t = 1.495):	 total squared error = 0.00452527, marker error: RMS = 0.0140268, max = 0.0290506 (LTH2)
[2025-11-04 22:40:09.699] [info] Frame 300 (t = 1.5):	 total squared error = 0.00441384, marker error: RMS = 0.013853, max = 0.0283573 (LTH2)
[2025-11-04 22:40:09.728] [info] Frame 301 (t = 1.50500):	 total squared error = 0.00426349, marker error: RMS = 0.013615, max = 0.0274145 (LTH2)
[2025-11-04 22:40:09.762] [info] Frame 302 (t = 1.51):	 total squared error = 0.00411956, marker error: RMS = 0.0133832, max = 0.0264443 (LTH2)
[2025-11-04 22:40:09.784] [info] Frame 303 (t = 1.515):	 total squared error = 0.00394338, marker error: RMS = 0.0130939, max = 0.0251352 (LTH2)
[2025-11-04 22:40:09.812] [info] Frame 304 (t = 1.52):	 total squared error = 0.00381457, marker error: RMS = 0.0128783, max = 0.024377 (LTH2)
[2025-11-04 22:40:09.833] [info] Frame 305 (t = 1.525):	 total squared error = 0.00364634, marker error: RMS = 0.0125911, max = 0.0230022 (LTH2)
[2025-11-04 22:40:09.867] [info] Frame 306 (t = 1.53):	 total squared error = 0.00352214, marker error: RMS = 0.0123748, max = 0.021996 (LTH2)
[2025-11-04 22:40:09.881] [info] Frame 307 (t = 1.535):	 total squared error = 0.00336138, marker error: RMS = 0.0120891, max = 0.0204679 (LTH2)
[2025-11-04 22:40:09.937] [info] Frame 308 (t = 1.54):	 total squared error = 0.00328380, marker error: RMS = 0.0119488, max = 0.0197509 (XIPH)
[2025-11-04 22:40:09.974] [info] Frame 309 (t = 1.545):	 total squared error = 0.00317409, marker error: RMS = 0.0117475, max = 0.0197505 (XIPH)
[2025-11-04 22:40:10.008] [info] Frame 310 (t = 1.55):	 total squared error = 0.00308620, marker error: RMS = 0.0115837, max = 0.0197653 (XIPH)
[2025-11-04 22:40:10.034] [info] Frame 311 (t = 1.555):	 total squared error = 0.00299712, marker error: RMS = 0.0114153, max = 0.0197496 (XIPH)
[2025-11-04 22:40:10.062] [info] Frame 312 (t = 1.56):	 total squared error = 0.00295677, marker error: RMS = 0.0113382, max = 0.0197479 (XIPH)
[2025-11-04 22:40:10.093] [info] Frame 313 (t = 1.565):	 total squared error = 0.00293747, marker error: RMS = 0.0113011, max = 0.0197429 (XIPH)
[2025-11-04 22:40:10.130] [info] Frame 314 (t = 1.57):	 total squared error = 0.00292651, marker error: RMS = 0.0112801, max = 0.0197313 (XIPH)
[2025-11-04 22:40:10.148] [info] Frame 315 (t = 1.575):	 total squared error = 0.00291346, marker error: RMS = 0.0112549, max = 0.0197696 (XIPH)
[2025-11-04 22:40:10.168] [info] Frame 316 (t = 1.58):	 total squared error = 0.00292718, marker error: RMS = 0.0112813, max = 0.0197614 (XIPH)
[2025-11-04 22:40:10.203] [info] Frame 317 (t = 1.585):	 total squared error = 0.00298270, marker error: RMS = 0.0113878, max = 0.0197067 (XIPH)
[2025-11-04 22:40:10.254] [info] Frame 318 (t = 1.59):	 total squared error = 0.00304954, marker error: RMS = 0.0115147, max = 0.0197131 (XIPH)
[2025-11-04 22:40:10.277] [info] Frame 319 (t = 1.595):	 total squared error = 0.00309639, marker error: RMS = 0.0116028, max = 0.0197677 (XIPH)
[2025-11-04 22:40:10.312] [info] Frame 320 (t = 1.6):	 total squared error = 0.00316990, marker error: RMS = 0.0117398, max = 0.0197473 (XIPH)
[2025-11-04 22:40:10.351] [info] Frame 321 (t = 1.60500):	 total squared error = 0.00324198, marker error: RMS = 0.0118725, max = 0.0197634 (XIPH)
[2025-11-04 22:40:10.392] [info] Frame 322 (t = 1.61):	 total squared error = 0.00331361, marker error: RMS = 0.0120029, max = 0.0198050 (XIPH)
[2025-11-04 22:40:10.432] [info] Frame 323 (t = 1.615):	 total squared error = 0.00337314, marker error: RMS = 0.0121103, max = 0.0198425 (XIPH)
[2025-11-04 22:40:10.457] [info] Frame 324 (t = 1.62):	 total squared error = 0.00342768, marker error: RMS = 0.0122078, max = 0.0199465 (XIPH)
[2025-11-04 22:40:10.486] [info] Frame 325 (t = 1.625):	 total squared error = 0.00347977, marker error: RMS = 0.0123002, max = 0.019978 (XIPH)
[2025-11-04 22:40:10.513] [info] Frame 326 (t = 1.63):	 total squared error = 0.00350904, marker error: RMS = 0.0123518, max = 0.0200761 (XIPH)
[2025-11-04 22:40:10.546] [info] Frame 327 (t = 1.635):	 total squared error = 0.00353294, marker error: RMS = 0.0123938, max = 0.0201596 (XIPH)
[2025-11-04 22:40:10.577] [info] Frame 328 (t = 1.64):	 total squared error = 0.00352880, marker error: RMS = 0.0123865, max = 0.0202646 (XIPH)
[2025-11-04 22:40:10.603] [info] Frame 329 (t = 1.645):	 total squared error = 0.00350226, marker error: RMS = 0.0123399, max = 0.0204115 (XIPH)
[2025-11-04 22:40:10.632] [info] Frame 330 (t = 1.65):	 total squared error = 0.00345247, marker error: RMS = 0.0122518, max = 0.0205318 (XIPH)
[2025-11-04 22:40:10.667] [info] Frame 331 (t = 1.655):	 total squared error = 0.00338947, marker error: RMS = 0.0121395, max = 0.0206501 (XIPH)
[2025-11-04 22:40:10.697] [info] Frame 332 (t = 1.66):	 total squared error = 0.00330008, marker error: RMS = 0.0119784, max = 0.0208024 (XIPH)
[2025-11-04 22:40:10.738] [info] Frame 333 (t = 1.665):	 total squared error = 0.00320403, marker error: RMS = 0.0118028, max = 0.0209686 (XIPH)
[2025-11-04 22:40:10.761] [info] Frame 334 (t = 1.67):	 total squared error = 0.00308728, marker error: RMS = 0.0115858, max = 0.0211744 (XIPH)
[2025-11-04 22:40:10.796] [info] Frame 335 (t = 1.675):	 total squared error = 0.00295337, marker error: RMS = 0.0113317, max = 0.0213032 (XIPH)
[2025-11-04 22:40:10.823] [info] Frame 336 (t = 1.68):	 total squared error = 0.00281899, marker error: RMS = 0.0110709, max = 0.0214878 (XIPH)
[2025-11-04 22:40:10.857] [info] Frame 337 (t = 1.685):	 total squared error = 0.00268316, marker error: RMS = 0.0108009, max = 0.0216765 (XIPH)
[2025-11-04 22:40:10.889] [info] Frame 338 (t = 1.69):	 total squared error = 0.00256074, marker error: RMS = 0.0105516, max = 0.021868 (XIPH)
[2025-11-04 22:40:10.916] [info] Frame 339 (t = 1.695):	 total squared error = 0.00244042, marker error: RMS = 0.0103007, max = 0.0220496 (XIPH)
[2025-11-04 22:40:10.943] [info] Frame 340 (t = 1.7):	 total squared error = 0.00233478, marker error: RMS = 0.0100753, max = 0.0222102 (XIPH)
[2025-11-04 22:40:10.973] [info] Frame 341 (t = 1.70500):	 total squared error = 0.00224990, marker error: RMS = 0.00989048, max = 0.0223702 (XIPH)
[2025-11-04 22:40:10.999] [info] Frame 342 (t = 1.71):	 total squared error = 0.00218643, marker error: RMS = 0.00974998, max = 0.0225272 (XIPH)
[2025-11-04 22:40:11.022] [info] Frame 343 (t = 1.715):	 total squared error = 0.00215977, marker error: RMS = 0.00969036, max = 0.0226669 (XIPH)
[2025-11-04 22:40:11.050] [info] Frame 344 (t = 1.72):	 total squared error = 0.00212500, marker error: RMS = 0.00961204, max = 0.0228123 (XIPH)
[2025-11-04 22:40:11.090] [info] Frame 345 (t = 1.725):	 total squared error = 0.00212969, marker error: RMS = 0.00962263, max = 0.022927 (XIPH)
[2025-11-04 22:40:11.119] [info] Frame 346 (t = 1.73):	 total squared error = 0.00213698, marker error: RMS = 0.00963908, max = 0.0230317 (XIPH)
[2025-11-04 22:40:11.146] [info] Frame 347 (t = 1.735):	 total squared error = 0.00215504, marker error: RMS = 0.00967974, max = 0.0231007 (XIPH)
[2025-11-04 22:40:11.165] [info] Frame 348 (t = 1.74):	 total squared error = 0.00218847, marker error: RMS = 0.00975453, max = 0.0231611 (XIPH)
[2025-11-04 22:40:11.195] [info] Frame 349 (t = 1.745):	 total squared error = 0.00219995, marker error: RMS = 0.00978009, max = 0.0232203 (XIPH)
[2025-11-04 22:40:11.212] [info] Frame 350 (t = 1.75):	 total squared error = 0.00222370, marker error: RMS = 0.00983273, max = 0.0232297 (XIPH)
[2025-11-04 22:40:11.221] [info] Frame 351 (t = 1.755):	 total squared error = 0.00224968, marker error: RMS = 0.00989000, max = 0.0233192 (XIPH)
[2025-11-04 22:40:11.237] [info] Frame 352 (t = 1.76):	 total squared error = 0.00225330, marker error: RMS = 0.00989796, max = 0.023269 (XIPH)
[2025-11-04 22:40:11.247] [info] Frame 353 (t = 1.765):	 total squared error = 0.00225936, marker error: RMS = 0.00991127, max = 0.0233851 (XIPH)
[2025-11-04 22:40:11.294] [info] Frame 354 (t = 1.77):	 total squared error = 0.00227085, marker error: RMS = 0.00993642, max = 0.0234264 (XIPH)
[2025-11-04 22:40:11.328] [info] Frame 355 (t = 1.775):	 total squared error = 0.00227643, marker error: RMS = 0.00994863, max = 0.0234276 (XIPH)
[2025-11-04 22:40:11.344] [info] Frame 356 (t = 1.78):	 total squared error = 0.00228361, marker error: RMS = 0.00996430, max = 0.0233951 (XIPH)
[2025-11-04 22:40:11.381] [info] Frame 357 (t = 1.785):	 total squared error = 0.00230334, marker error: RMS = 0.0100073, max = 0.0233731 (XIPH)
[2025-11-04 22:40:11.410] [info] Frame 358 (t = 1.79):	 total squared error = 0.00232580, marker error: RMS = 0.0100559, max = 0.0233539 (XIPH)
[2025-11-04 22:40:11.452] [info] Frame 359 (t = 1.795):	 total squared error = 0.00235196, marker error: RMS = 0.0101123, max = 0.0233 (XIPH)
[2025-11-04 22:40:11.478] [info] Frame 360 (t = 1.8):	 total squared error = 0.00237662, marker error: RMS = 0.0101652, max = 0.0231853 (XIPH)
[2025-11-04 22:40:11.503] [info] Frame 361 (t = 1.80500):	 total squared error = 0.00240616, marker error: RMS = 0.0102282, max = 0.0230985 (XIPH)
[2025-11-04 22:40:11.530] [info] Frame 362 (t = 1.81):	 total squared error = 0.00243051, marker error: RMS = 0.0102798, max = 0.0229515 (XIPH)
[2025-11-04 22:40:11.554] [info] Frame 363 (t = 1.815):	 total squared error = 0.00244288, marker error: RMS = 0.0103059, max = 0.0227846 (XIPH)
[2025-11-04 22:40:11.581] [info] Frame 364 (t = 1.82):	 total squared error = 0.00244780, marker error: RMS = 0.0103163, max = 0.0225987 (XIPH)
[2025-11-04 22:40:11.625] [info] Frame 365 (t = 1.825):	 total squared error = 0.00244013, marker error: RMS = 0.0103001, max = 0.0223693 (XIPH)
[2025-11-04 22:40:11.665] [info] Frame 366 (t = 1.83):	 total squared error = 0.00242005, marker error: RMS = 0.0102576, max = 0.0221267 (XIPH)
[2025-11-04 22:40:11.703] [info] Frame 367 (t = 1.835):	 total squared error = 0.00238964, marker error: RMS = 0.0101930, max = 0.0218481 (XIPH)
[2025-11-04 22:40:11.738] [info] Frame 368 (t = 1.84):	 total squared error = 0.00235344, marker error: RMS = 0.0101155, max = 0.0215672 (XIPH)
[2025-11-04 22:40:11.778] [info] Frame 369 (t = 1.845):	 total squared error = 0.00231288, marker error: RMS = 0.0100280, max = 0.0212757 (XIPH)
[2025-11-04 22:40:11.820] [info] Frame 370 (t = 1.85):	 total squared error = 0.00227024, marker error: RMS = 0.00993509, max = 0.0209701 (XIPH)
[2025-11-04 22:40:11.861] [info] Frame 371 (t = 1.855):	 total squared error = 0.00222979, marker error: RMS = 0.00984619, max = 0.0206559 (XIPH)
[2025-11-04 22:40:11.895] [info] Frame 372 (t = 1.86):	 total squared error = 0.00219162, marker error: RMS = 0.00976154, max = 0.0203252 (XIPH)
[2025-11-04 22:40:11.934] [info] Frame 373 (t = 1.865):	 total squared error = 0.00215617, marker error: RMS = 0.00968228, max = 0.0199878 (XIPH)
[2025-11-04 22:40:11.970] [info] Frame 374 (t = 1.87):	 total squared error = 0.00212420, marker error: RMS = 0.00961024, max = 0.0196539 (XIPH)
[2025-11-04 22:40:12.015] [info] Frame 375 (t = 1.875):	 total squared error = 0.00209310, marker error: RMS = 0.00953962, max = 0.0199542 (RTHOL)
[2025-11-04 22:40:12.053] [info] Frame 376 (t = 1.88):	 total squared error = 0.00206628, marker error: RMS = 0.00947831, max = 0.0203239 (RTHOL)
[2025-11-04 22:40:12.094] [info] Frame 377 (t = 1.885):	 total squared error = 0.00203993, marker error: RMS = 0.00941766, max = 0.0206775 (RTHOL)
[2025-11-04 22:40:12.129] [info] Frame 378 (t = 1.89):	 total squared error = 0.00201720, marker error: RMS = 0.00936507, max = 0.0210397 (RTHOL)
[2025-11-04 22:40:12.157] [info] Frame 379 (t = 1.895):	 total squared error = 0.00200560, marker error: RMS = 0.00933810, max = 0.0215661 (RTHOL)
[2025-11-04 22:40:12.197] [info] Frame 380 (t = 1.9):	 total squared error = 0.00198136, marker error: RMS = 0.00928149, max = 0.0214503 (RTHOL)
[2025-11-04 22:40:12.242] [info] Frame 381 (t = 1.90500):	 total squared error = 0.00196156, marker error: RMS = 0.00923501, max = 0.0214066 (RTHOL)
[2025-11-04 22:40:12.285] [info] Frame 382 (t = 1.91):	 total squared error = 0.00196583, marker error: RMS = 0.00924505, max = 0.0215984 (RTHOL)
[2025-11-04 22:40:12.333] [info] Frame 383 (t = 1.915):	 total squared error = 0.00197919, marker error: RMS = 0.00927641, max = 0.0217453 (RTHOL)
[2025-11-04 22:40:12.383] [info] Frame 384 (t = 1.92):	 total squared error = 0.00200081, marker error: RMS = 0.00932694, max = 0.0218338 (RTHOL)
[2025-11-04 22:40:12.432] [info] Frame 385 (t = 1.925):	 total squared error = 0.00203976, marker error: RMS = 0.00941729, max = 0.0218806 (RTHOL)
[2025-11-04 22:40:12.470] [info] Frame 386 (t = 1.93):	 total squared error = 0.00209414, marker error: RMS = 0.00954199, max = 0.0219712 (RTHOL)
[2025-11-04 22:40:12.513] [info] Frame 387 (t = 1.935):	 total squared error = 0.00214973, marker error: RMS = 0.00966782, max = 0.0219201 (RTHOL)
[2025-11-04 22:40:12.554] [info] Frame 388 (t = 1.94):	 total squared error = 0.00222542, marker error: RMS = 0.00983652, max = 0.0219725 (RTHOL)
[2025-11-04 22:40:12.585] [info] Frame 389 (t = 1.945):	 total squared error = 0.00231411, marker error: RMS = 0.0100306, max = 0.022131 (RTHOL)
[2025-11-04 22:40:12.629] [info] Frame 390 (t = 1.95):	 total squared error = 0.00238931, marker error: RMS = 0.0101923, max = 0.0220941 (RTHOL)
[2025-11-04 22:40:12.657] [info] Frame 391 (t = 1.955):	 total squared error = 0.00250371, marker error: RMS = 0.0104335, max = 0.0224863 (RTHOL)
[2025-11-04 22:40:12.702] [info] Frame 392 (t = 1.96):	 total squared error = 0.00254382, marker error: RMS = 0.0105167, max = 0.0221204 (RTHOL)
[2025-11-04 22:40:12.736] [info] Frame 393 (t = 1.965):	 total squared error = 0.00264728, marker error: RMS = 0.0107284, max = 0.0224388 (RTHOL)
[2025-11-04 22:40:12.758] [info] Frame 394 (t = 1.97):	 total squared error = 0.00275683, marker error: RMS = 0.0109482, max = 0.0229824 (RTHOL)
[2025-11-04 22:40:12.802] [info] Frame 395 (t = 1.975):	 total squared error = 0.00276198, marker error: RMS = 0.0109584, max = 0.0223175 (RTHOL)
[2025-11-04 22:40:12.836] [info] Frame 396 (t = 1.98):	 total squared error = 0.00284746, marker error: RMS = 0.0111267, max = 0.0225467 (RTHOL)
[2025-11-04 22:40:12.879] [info] Frame 397 (t = 1.985):	 total squared error = 0.00289374, marker error: RMS = 0.0112167, max = 0.0224106 (RTHOL)
[2025-11-04 22:40:12.905] [info] Frame 398 (t = 1.99):	 total squared error = 0.00297116, marker error: RMS = 0.0113658, max = 0.0226519 (RTHOL)
[2025-11-04 22:40:12.938] [info] Frame 399 (t = 1.995):	 total squared error = 0.00302845, marker error: RMS = 0.0114748, max = 0.0224707 (RTHOL)
[2025-11-04 22:40:12.981] [info] Frame 400 (t = 2.0):	 total squared error = 0.00305959, marker error: RMS = 0.0115337, max = 0.0222481 (RTHOL)
[2025-11-04 22:40:13.013] [info] Frame 401 (t = 2.00500):	 total squared error = 0.00309669, marker error: RMS = 0.0116034, max = 0.0220602 (RTHOL)
[2025-11-04 22:40:13.049] [info] Frame 402 (t = 2.01):	 total squared error = 0.00312137, marker error: RMS = 0.0116495, max = 0.0218114 (RTHOL)
[2025-11-04 22:40:13.083] [info] Frame 403 (t = 2.015):	 total squared error = 0.00312715, marker error: RMS = 0.0116603, max = 0.0214877 (RTHOL)
[2025-11-04 22:40:13.108] [info] Frame 404 (t = 2.02):	 total squared error = 0.00311431, marker error: RMS = 0.0116364, max = 0.0210527 (RTHOL)
[2025-11-04 22:40:13.144] [info] Frame 405 (t = 2.025):	 total squared error = 0.00308326, marker error: RMS = 0.0115782, max = 0.0207477 (RTHOL)
[2025-11-04 22:40:13.186] [info] Frame 406 (t = 2.03):	 total squared error = 0.00302497, marker error: RMS = 0.0114682, max = 0.0202024 (RTHOL)
[2025-11-04 22:40:13.219] [info] Frame 407 (t = 2.035):	 total squared error = 0.00294473, marker error: RMS = 0.0113151, max = 0.0195060 (RTHOL)
[2025-11-04 22:40:13.244] [info] Frame 408 (t = 2.04):	 total squared error = 0.00284731, marker error: RMS = 0.0111264, max = 0.0187909 (RTHOL)
[2025-11-04 22:40:13.285] [info] Frame 409 (t = 2.045):	 total squared error = 0.00274896, marker error: RMS = 0.0109325, max = 0.0183374 (RTHOL)
[2025-11-04 22:40:13.327] [info] Frame 410 (t = 2.05):	 total squared error = 0.00263300, marker error: RMS = 0.0106995, max = 0.0182998 (XIPH)
[2025-11-04 22:40:13.345] [info] Frame 411 (t = 2.055):	 total squared error = 0.00249417, marker error: RMS = 0.0104135, max = 0.0183309 (XIPH)
[2025-11-04 22:40:13.384] [info] Frame 412 (t = 2.06):	 total squared error = 0.00237658, marker error: RMS = 0.0101651, max = 0.0184132 (XIPH)
[2025-11-04 22:40:13.421] [info] Frame 413 (t = 2.065):	 total squared error = 0.00225151, marker error: RMS = 0.00989403, max = 0.0184618 (XIPH)
[2025-11-04 22:40:13.453] [info] Frame 414 (t = 2.07):	 total squared error = 0.00212904, marker error: RMS = 0.00962118, max = 0.0185044 (XIPH)
[2025-11-04 22:40:13.484] [info] Frame 415 (t = 2.075):	 total squared error = 0.00201194, marker error: RMS = 0.00935284, max = 0.0185254 (XIPH)
[2025-11-04 22:40:13.513] [info] Frame 416 (t = 2.08):	 total squared error = 0.00189198, marker error: RMS = 0.00906974, max = 0.0185218 (XIPH)
[2025-11-04 22:40:13.533] [info] Frame 417 (t = 2.085):	 total squared error = 0.00178729, marker error: RMS = 0.00881524, max = 0.0185425 (XIPH)
[2025-11-04 22:40:13.570] [info] Frame 418 (t = 2.09):	 total squared error = 0.00171738, marker error: RMS = 0.00864111, max = 0.0185481 (XIPH)
[2025-11-04 22:40:13.591] [info] Frame 419 (t = 2.095):	 total squared error = 0.00163690, marker error: RMS = 0.00843620, max = 0.0185692 (XIPH)
[2025-11-04 22:40:13.635] [info] Frame 420 (t = 2.1):	 total squared error = 0.00160740, marker error: RMS = 0.00835985, max = 0.0186017 (XIPH)
[2025-11-04 22:40:13.654] [info] Frame 421 (t = 2.10500):	 total squared error = 0.00155888, marker error: RMS = 0.00823270, max = 0.0186505 (XIPH)
[2025-11-04 22:40:13.694] [info] Frame 422 (t = 2.11):	 total squared error = 0.00154787, marker error: RMS = 0.00820357, max = 0.0186705 (XIPH)
[2025-11-04 22:40:13.725] [info] Frame 423 (t = 2.115):	 total squared error = 0.00153479, marker error: RMS = 0.00816885, max = 0.0187174 (XIPH)
[2025-11-04 22:40:13.782] [info] Frame 424 (t = 2.12):	 total squared error = 0.00156224, marker error: RMS = 0.00824157, max = 0.018795 (XIPH)
[2025-11-04 22:40:13.835] [info] Frame 425 (t = 2.125):	 total squared error = 0.00158908, marker error: RMS = 0.00831207, max = 0.0188762 (XIPH)
[2025-11-04 22:40:13.868] [info] Frame 426 (t = 2.13):	 total squared error = 0.00162178, marker error: RMS = 0.00839716, max = 0.0189604 (XIPH)
[2025-11-04 22:40:13.895] [info] Frame 427 (t = 2.135):	 total squared error = 0.00167136, marker error: RMS = 0.00852454, max = 0.0190555 (XIPH)
[2025-11-04 22:40:13.947] [info] Frame 428 (t = 2.14):	 total squared error = 0.00174568, marker error: RMS = 0.00871202, max = 0.0192209 (XIPH)
[2025-11-04 22:40:13.976] [info] Frame 429 (t = 2.145):	 total squared error = 0.00181287, marker error: RMS = 0.00887809, max = 0.0193586 (XIPH)
[2025-11-04 22:40:14.002] [info] Frame 430 (t = 2.15):	 total squared error = 0.00189108, marker error: RMS = 0.00906758, max = 0.0194898 (XIPH)
[2025-11-04 22:40:14.032] [info] Frame 431 (t = 2.155):	 total squared error = 0.00197525, marker error: RMS = 0.00926716, max = 0.019645 (XIPH)
[2025-11-04 22:40:14.059] [info] Frame 432 (t = 2.16):	 total squared error = 0.00206192, marker error: RMS = 0.00946831, max = 0.0198407 (XIPH)
[2025-11-04 22:40:14.099] [info] Frame 433 (t = 2.165):	 total squared error = 0.00215240, marker error: RMS = 0.00967381, max = 0.0200530 (XIPH)
[2025-11-04 22:40:14.127] [info] Frame 434 (t = 2.17):	 total squared error = 0.00222979, marker error: RMS = 0.00984619, max = 0.0202372 (XIPH)
[2025-11-04 22:40:14.174] [info] Frame 435 (t = 2.175):	 total squared error = 0.00230523, marker error: RMS = 0.0100114, max = 0.0204570 (XIPH)
[2025-11-04 22:40:14.200] [info] Frame 436 (t = 2.18):	 total squared error = 0.00236397, marker error: RMS = 0.0101381, max = 0.0206555 (XIPH)
[2025-11-04 22:40:14.219] [info] Frame 437 (t = 2.185):	 total squared error = 0.00241359, marker error: RMS = 0.0102440, max = 0.0208264 (XIPH)
[2025-11-04 22:40:14.254] [info] Frame 438 (t = 2.19):	 total squared error = 0.00244718, marker error: RMS = 0.0103150, max = 0.0210782 (XIPH)
[2025-11-04 22:40:14.282] [info] Frame 439 (t = 2.195):	 total squared error = 0.00246029, marker error: RMS = 0.0103426, max = 0.0212693 (XIPH)
[2025-11-04 22:40:14.335] [info] Frame 440 (t = 2.2):	 total squared error = 0.00245632, marker error: RMS = 0.0103342, max = 0.02149 (XIPH)
[2025-11-04 22:40:14.381] [info] Frame 441 (t = 2.20500):	 total squared error = 0.00243315, marker error: RMS = 0.0102854, max = 0.0216851 (XIPH)
[2025-11-04 22:40:14.423] [info] Frame 442 (t = 2.21):	 total squared error = 0.00239203, marker error: RMS = 0.0101981, max = 0.0218835 (XIPH)
[2025-11-04 22:40:14.457] [info] Frame 443 (t = 2.215):	 total squared error = 0.00233200, marker error: RMS = 0.0100693, max = 0.0220314 (XIPH)
[2025-11-04 22:40:14.515] [info] Frame 444 (t = 2.22):	 total squared error = 0.00225895, marker error: RMS = 0.00991037, max = 0.0222135 (XIPH)
[2025-11-04 22:40:14.614] [info] Frame 445 (t = 2.225):	 total squared error = 0.00217501, marker error: RMS = 0.00972449, max = 0.0223946 (XIPH)
[2025-11-04 22:40:14.737] [info] Frame 446 (t = 2.23):	 total squared error = 0.00208989, marker error: RMS = 0.00953230, max = 0.0225934 (XIPH)
[2025-11-04 22:40:14.844] [info] Frame 447 (t = 2.235):	 total squared error = 0.00200390, marker error: RMS = 0.00933415, max = 0.0227483 (XIPH)
[2025-11-04 22:40:14.917] [info] Frame 448 (t = 2.24):	 total squared error = 0.00192555, marker error: RMS = 0.00914984, max = 0.0229114 (XIPH)
[2025-11-04 22:40:14.980] [info] Frame 449 (t = 2.245):	 total squared error = 0.00185836, marker error: RMS = 0.00898878, max = 0.0230535 (XIPH)
[2025-11-04 22:40:15.014] [info] Frame 450 (t = 2.25):	 total squared error = 0.00182269, marker error: RMS = 0.00890210, max = 0.0231991 (XIPH)
[2025-11-04 22:40:15.054] [info] Frame 451 (t = 2.255):	 total squared error = 0.00176303, marker error: RMS = 0.00875521, max = 0.0233397 (XIPH)
[2025-11-04 22:40:15.117] [info] Frame 452 (t = 2.26):	 total squared error = 0.00172824, marker error: RMS = 0.00866839, max = 0.0234432 (XIPH)
[2025-11-04 22:40:15.162] [info] Frame 453 (t = 2.265):	 total squared error = 0.00171959, marker error: RMS = 0.00864667, max = 0.0235911 (XIPH)
[2025-11-04 22:40:15.254] [info] Frame 454 (t = 2.27):	 total squared error = 0.00171888, marker error: RMS = 0.00864487, max = 0.0237027 (XIPH)
[2025-11-04 22:40:15.345] [info] Frame 455 (t = 2.275):	 total squared error = 0.00172750, marker error: RMS = 0.00866653, max = 0.0237996 (XIPH)
[2025-11-04 22:40:15.398] [info] Frame 456 (t = 2.28):	 total squared error = 0.00174273, marker error: RMS = 0.00870466, max = 0.0238994 (XIPH)
[2025-11-04 22:40:15.414] [info] Frame 457 (t = 2.285):	 total squared error = 0.00177073, marker error: RMS = 0.00877430, max = 0.0239686 (XIPH)
[2025-11-04 22:40:15.498] [info] Frame 458 (t = 2.29):	 total squared error = 0.00178577, marker error: RMS = 0.00881148, max = 0.0241023 (XIPH)
[2025-11-04 22:40:15.522] [info] Frame 459 (t = 2.295):	 total squared error = 0.00180756, marker error: RMS = 0.00886508, max = 0.0241674 (XIPH)
[2025-11-04 22:40:15.553] [info] Frame 460 (t = 2.3):	 total squared error = 0.00182739, marker error: RMS = 0.00891356, max = 0.0242241 (XIPH)
[2025-11-04 22:40:15.579] [info] Frame 461 (t = 2.30500):	 total squared error = 0.00184616, marker error: RMS = 0.00895923, max = 0.0242807 (XIPH)
[2025-11-04 22:40:15.608] [info] Frame 462 (t = 2.31):	 total squared error = 0.00186318, marker error: RMS = 0.00900044, max = 0.0243183 (XIPH)
[2025-11-04 22:40:15.668] [info] Frame 463 (t = 2.315):	 total squared error = 0.00188562, marker error: RMS = 0.00905448, max = 0.0244285 (XIPH)
[2025-11-04 22:40:15.696] [info] Frame 464 (t = 2.32):	 total squared error = 0.00189964, marker error: RMS = 0.00908807, max = 0.0244075 (XIPH)
[2025-11-04 22:40:15.761] [info] Frame 465 (t = 2.325):	 total squared error = 0.00191520, marker error: RMS = 0.00912521, max = 0.024421 (XIPH)
[2025-11-04 22:40:15.798] [info] Frame 466 (t = 2.33):	 total squared error = 0.00192878, marker error: RMS = 0.00915752, max = 0.0243503 (XIPH)
[2025-11-04 22:40:15.841] [info] Frame 467 (t = 2.335):	 total squared error = 0.00194625, marker error: RMS = 0.00919890, max = 0.0242765 (XIPH)
[2025-11-04 22:40:15.875] [info] Frame 468 (t = 2.34):	 total squared error = 0.00196131, marker error: RMS = 0.00923442, max = 0.0241376 (XIPH)
[2025-11-04 22:40:15.911] [info] Frame 469 (t = 2.345):	 total squared error = 0.00197985, marker error: RMS = 0.00927795, max = 0.023973 (XIPH)
[2025-11-04 22:40:15.951] [info] Frame 470 (t = 2.35):	 total squared error = 0.00200289, marker error: RMS = 0.00933179, max = 0.0237521 (XIPH)
[2025-11-04 22:40:15.981] [info] Frame 471 (t = 2.355):	 total squared error = 0.00204135, marker error: RMS = 0.00942096, max = 0.0234689 (XIPH)
[2025-11-04 22:40:16.025] [info] Frame 472 (t = 2.36):	 total squared error = 0.00208112, marker error: RMS = 0.00951229, max = 0.0231221 (XIPH)
[2025-11-04 22:40:16.058] [info] Frame 473 (t = 2.365):	 total squared error = 0.00217644, marker error: RMS = 0.00972768, max = 0.0227374 (XIPH)
[2025-11-04 22:40:16.097] [info] Frame 474 (t = 2.37):	 total squared error = 0.00232477, marker error: RMS = 0.0100537, max = 0.0222814 (XIPH)
[2025-11-04 22:40:16.137] [info] Frame 475 (t = 2.375):	 total squared error = 0.00254981, marker error: RMS = 0.0105291, max = 0.024859 (LTHOL)
[2025-11-04 22:40:16.174] [info] Frame 476 (t = 2.38):	 total squared error = 0.00287814, marker error: RMS = 0.0111864, max = 0.0297258 (LTHOL)
[2025-11-04 22:40:16.204] [info] Frame 477 (t = 2.385):	 total squared error = 0.00333081, marker error: RMS = 0.0120340, max = 0.0350715 (LTHOL)
[2025-11-04 22:40:16.230] [info] Frame 478 (t = 2.39):	 total squared error = 0.00396118, marker error: RMS = 0.0131235, max = 0.0420604 (LTHOL)
[2025-11-04 22:40:16.264] [info] Frame 479 (t = 2.395):	 total squared error = 0.00466125, marker error: RMS = 0.014236, max = 0.0478676 (LTHOL)
[2025-11-04 22:40:16.298] [info] Frame 480 (t = 2.4):	 total squared error = 0.00554941, marker error: RMS = 0.0155332, max = 0.054579 (LTHOL)
[2025-11-04 22:40:16.344] [info] Frame 481 (t = 2.40500):	 total squared error = 0.00189799, marker error: RMS = 0.00908411, max = 0.0226682 (LTH2)
[2025-11-04 22:40:16.379] [info] Frame 482 (t = 2.41):	 total squared error = 0.00194492, marker error: RMS = 0.00919574, max = 0.0235138 (LTH2)
[2025-11-04 22:40:16.413] [info] Frame 483 (t = 2.415):	 total squared error = 0.00199262, marker error: RMS = 0.00930782, max = 0.0242697 (LTH2)
[2025-11-04 22:40:16.454] [info] Frame 484 (t = 2.42):	 total squared error = 0.00203386, marker error: RMS = 0.00940366, max = 0.0248534 (LTH2)
[2025-11-04 22:40:16.492] [info] Frame 485 (t = 2.425):	 total squared error = 0.00207569, marker error: RMS = 0.00949987, max = 0.0253981 (LTH2)
[2025-11-04 22:40:16.526] [info] Frame 486 (t = 2.43):	 total squared error = 0.00211049, marker error: RMS = 0.00957917, max = 0.0258212 (LTH2)
[2025-11-04 22:40:16.550] [info] Frame 487 (t = 2.435):	 total squared error = 0.00215942, marker error: RMS = 0.00968958, max = 0.0265555 (LTH2)
[2025-11-04 22:40:16.584] [info] Frame 488 (t = 2.44):	 total squared error = 0.00216787, marker error: RMS = 0.00970851, max = 0.0264665 (LTH2)
[2025-11-04 22:40:16.599] [info] Frame 489 (t = 2.445):	 total squared error = 0.00220121, marker error: RMS = 0.00978289, max = 0.0268568 (LTH2)
[2025-11-04 22:40:16.646] [info] Frame 490 (t = 2.45):	 total squared error = 0.00219474, marker error: RMS = 0.00976850, max = 0.0267534 (LTH2)
[2025-11-04 22:40:16.691] [info] Frame 491 (t = 2.455):	 total squared error = 0.00220500, marker error: RMS = 0.00979130, max = 0.0268864 (LTH2)
[2025-11-04 22:40:16.727] [info] Frame 492 (t = 2.46):	 total squared error = 0.00220042, marker error: RMS = 0.00978112, max = 0.0267961 (LTH2)
[2025-11-04 22:40:16.757] [info] InverseKinematicsTool completed 493 frames in 16 second(s).
[2025-11-04 22:40:17.823] [info] Loaded model Athlete_03 from file C:\Git\1_current_projects\powerlifing_model\models\Athlete_03\25_03_31\scaled.osim
[2025-11-04 22:40:18.063] [info] Loaded model Athlete_03 from file C:\Git\1_current_projects\powerlifing_model\models\Athlete_03\25_03_31\scaled.osim
[2025-11-04 22:40:20.610] [cout] [info] 
               MODEL: Athlete_03
         coordinates: 39
              forces: 97
           actuators: 97
             muscles: 80
            analyses: 0
              probes: 0
              bodies: 22
              joints: 22
         constraints: 2
             markers: 45
         controllers: 0
  contact geometries: 0
misc modelcomponents: 0
[2025-11-04 22:40:20.611] [info] Running tool .
[2025-11-04 22:40:20.957] [info] Frame 1 (t = 0.00500000):	 total squared error = 0.00143605, marker error: RMS = 0.00790170, max = 0.0163573 (XIPH)
[2025-11-04 22:40:20.963] [info] Frame 2 (t = 0.01):	 total squared error = 0.00146047, marker error: RMS = 0.00796861, max = 0.0165488 (XIPH)
[2025-11-04 22:40:20.979] [info] Frame 3 (t = 0.015):	 total squared error = 0.00148049, marker error: RMS = 0.00802303, max = 0.0165342 (XIPH)
[2025-11-04 22:40:20.991] [info] Frame 4 (t = 0.02):	 total squared error = 0.00151366, marker error: RMS = 0.00811241, max = 0.0166959 (XIPH)
[2025-11-04 22:40:21.004] [info] Frame 5 (t = 0.025):	 total squared error = 0.00155564, marker error: RMS = 0.00822415, max = 0.0168177 (XIPH)
[2025-11-04 22:40:21.036] [info] Frame 6 (t = 0.03):	 total squared error = 0.00156450, marker error: RMS = 0.00824754, max = 0.0175357 (XIPH)
[2025-11-04 22:40:21.053] [info] Frame 7 (t = 0.035):	 total squared error = 0.00161221, marker error: RMS = 0.00837234, max = 0.0176667 (XIPH)
[2025-11-04 22:40:21.087] [info] Frame 8 (t = 0.04):	 total squared error = 0.00164494, marker error: RMS = 0.00845689, max = 0.0181624 (XIPH)
[2025-11-04 22:40:21.103] [info] Frame 9 (t = 0.045):	 total squared error = 0.00169348, marker error: RMS = 0.00858077, max = 0.0182898 (XIPH)
[2025-11-04 22:40:21.132] [info] Frame 10 (t = 0.05):	 total squared error = 0.00172958, marker error: RMS = 0.00867173, max = 0.018722 (XIPH)
[2025-11-04 22:40:21.159] [info] Frame 11 (t = 0.055):	 total squared error = 0.00176779, marker error: RMS = 0.00876700, max = 0.0189771 (XIPH)
[2025-11-04 22:40:21.182] [info] Frame 12 (t = 0.06):	 total squared error = 0.00180221, marker error: RMS = 0.00885194, max = 0.0191002 (XIPH)
[2025-11-04 22:40:21.213] [info] Frame 13 (t = 0.065):	 total squared error = 0.00182766, marker error: RMS = 0.00891422, max = 0.0193447 (XIPH)
[2025-11-04 22:40:21.235] [info] Frame 14 (t = 0.07):	 total squared error = 0.00184940, marker error: RMS = 0.00896709, max = 0.0193432 (XIPH)
[2025-11-04 22:40:21.255] [info] Frame 15 (t = 0.075):	 total squared error = 0.00185741, marker error: RMS = 0.00898648, max = 0.0193144 (XIPH)
[2025-11-04 22:40:21.288] [info] Frame 16 (t = 0.08):	 total squared error = 0.00185416, marker error: RMS = 0.00897863, max = 0.0195266 (XIPH)
[2025-11-04 22:40:21.320] [info] Frame 17 (t = 0.085):	 total squared error = 0.00183947, marker error: RMS = 0.00894298, max = 0.0195655 (XIPH)
[2025-11-04 22:40:21.350] [info] Frame 18 (t = 0.09):	 total squared error = 0.00182486, marker error: RMS = 0.00890740, max = 0.0194104 (XIPH)
[2025-11-04 22:40:21.372] [info] Frame 19 (t = 0.095):	 total squared error = 0.00180882, marker error: RMS = 0.00886816, max = 0.019236 (STRN)
[2025-11-04 22:40:21.400] [info] Frame 20 (t = 0.1):	 total squared error = 0.00179678, marker error: RMS = 0.00883860, max = 0.0192135 (STRN)
[2025-11-04 22:40:21.426] [info] Frame 21 (t = 0.105000):	 total squared error = 0.00179166, marker error: RMS = 0.00882599, max = 0.0191338 (STRN)
[2025-11-04 22:40:21.452] [info] Frame 22 (t = 0.11):	 total squared error = 0.00179764, marker error: RMS = 0.00884072, max = 0.0189796 (STRN)
[2025-11-04 22:40:21.478] [info] Frame 23 (t = 0.115):	 total squared error = 0.00181659, marker error: RMS = 0.00888718, max = 0.018765 (STRN)
[2025-11-04 22:40:21.502] [info] Frame 24 (t = 0.12):	 total squared error = 0.00184831, marker error: RMS = 0.00896445, max = 0.0184868 (STRN)
[2025-11-04 22:40:21.520] [info] Frame 25 (t = 0.125):	 total squared error = 0.00190163, marker error: RMS = 0.00909283, max = 0.0197943 (LTH2)
[2025-11-04 22:40:21.544] [info] Frame 26 (t = 0.13):	 total squared error = 0.00194828, marker error: RMS = 0.00920368, max = 0.0204217 (LTH2)
[2025-11-04 22:40:21.583] [info] Frame 27 (t = 0.135):	 total squared error = 0.00199928, marker error: RMS = 0.00932336, max = 0.0204475 (LTH2)
[2025-11-04 22:40:21.611] [info] Frame 28 (t = 0.14):	 total squared error = 0.00206362, marker error: RMS = 0.00947221, max = 0.021592 (LTH2)
[2025-11-04 22:40:21.657] [info] Frame 29 (t = 0.145):	 total squared error = 0.00212748, marker error: RMS = 0.00961765, max = 0.0217894 (LTH2)
[2025-11-04 22:40:21.691] [info] Frame 30 (t = 0.15):	 total squared error = 0.00219345, marker error: RMS = 0.00976563, max = 0.0227051 (LTH2)
[2025-11-04 22:40:21.748] [info] Frame 31 (t = 0.155):	 total squared error = 0.00225224, marker error: RMS = 0.00989562, max = 0.0229797 (LTH2)
[2025-11-04 22:40:21.790] [info] Frame 32 (t = 0.16):	 total squared error = 0.00232215, marker error: RMS = 0.0100480, max = 0.0238819 (LTH2)
[2025-11-04 22:40:21.838] [info] Frame 33 (t = 0.165):	 total squared error = 0.00239224, marker error: RMS = 0.0101986, max = 0.0244879 (LTH2)
[2025-11-04 22:40:21.881] [info] Frame 34 (t = 0.17):	 total squared error = 0.00246671, marker error: RMS = 0.0103561, max = 0.0250240 (LTH2)
[2025-11-04 22:40:21.909] [info] Frame 35 (t = 0.175):	 total squared error = 0.00257310, marker error: RMS = 0.0105770, max = 0.0262935 (LTH2)
[2025-11-04 22:40:21.973] [info] Frame 36 (t = 0.18):	 total squared error = 0.00262973, marker error: RMS = 0.0106928, max = 0.0258581 (LTH2)
[2025-11-04 22:40:22.006] [info] Frame 37 (t = 0.185):	 total squared error = 0.00273022, marker error: RMS = 0.0108952, max = 0.0263836 (LTH2)
[2025-11-04 22:40:22.053] [info] Frame 38 (t = 0.19):	 total squared error = 0.00284246, marker error: RMS = 0.0111169, max = 0.0269223 (LTH2)
[2025-11-04 22:40:22.101] [info] Frame 39 (t = 0.195):	 total squared error = 0.00296629, marker error: RMS = 0.0113565, max = 0.0274722 (LTH2)
[2025-11-04 22:40:22.146] [info] Frame 40 (t = 0.2):	 total squared error = 0.00310756, marker error: RMS = 0.0116237, max = 0.0280816 (LTH2)
[2025-11-04 22:40:22.174] [info] Frame 41 (t = 0.205000):	 total squared error = 0.00325485, marker error: RMS = 0.011896, max = 0.0289296 (LTH2)
[2025-11-04 22:40:22.200] [info] Frame 42 (t = 0.21):	 total squared error = 0.00341503, marker error: RMS = 0.0121852, max = 0.0296729 (LTH2)
[2025-11-04 22:40:22.224] [info] Frame 43 (t = 0.215):	 total squared error = 0.00358139, marker error: RMS = 0.0124785, max = 0.0303554 (LTH2)
[2025-11-04 22:40:22.282] [info] Frame 44 (t = 0.22):	 total squared error = 0.00368084, marker error: RMS = 0.0126505, max = 0.0299149 (LTH2)
[2025-11-04 22:40:22.345] [info] Frame 45 (t = 0.225):	 total squared error = 0.00383011, marker error: RMS = 0.0129045, max = 0.0303579 (LTH2)
[2025-11-04 22:40:22.380] [info] Frame 46 (t = 0.23):	 total squared error = 0.00398328, marker error: RMS = 0.01316, max = 0.0308378 (LTH2)
[2025-11-04 22:40:22.399] [info] Frame 47 (t = 0.235):	 total squared error = 0.00412792, marker error: RMS = 0.0133968, max = 0.0312712 (LTH2)
[2025-11-04 22:40:22.422] [info] Frame 48 (t = 0.24):	 total squared error = 0.00427938, marker error: RMS = 0.0136404, max = 0.0318491 (LTH2)
[2025-11-04 22:40:22.455] [info] Frame 49 (t = 0.245):	 total squared error = 0.00442563, marker error: RMS = 0.0138715, max = 0.0317921 (LTH2)
[2025-11-04 22:40:22.484] [info] Frame 50 (t = 0.25):	 total squared error = 0.00455122, marker error: RMS = 0.0140669, max = 0.0319243 (LTH2)
[2025-11-04 22:40:22.520] [info] Frame 51 (t = 0.255):	 total squared error = 0.00466804, marker error: RMS = 0.0142463, max = 0.0319458 (LTH2)
[2025-11-04 22:40:22.545] [info] Frame 52 (t = 0.26):	 total squared error = 0.00475801, marker error: RMS = 0.014383, max = 0.031857 (LTH2)
[2025-11-04 22:40:22.568] [info] Frame 53 (t = 0.265):	 total squared error = 0.00483160, marker error: RMS = 0.0144938, max = 0.0315801 (LTH2)
[2025-11-04 22:40:22.614] [info] Frame 54 (t = 0.27):	 total squared error = 0.00488227, marker error: RMS = 0.0145696, max = 0.0312678 (LTH2)
[2025-11-04 22:40:22.643] [info] Frame 55 (t = 0.275):	 total squared error = 0.00489960, marker error: RMS = 0.0145954, max = 0.0307461 (LTH2)
[2025-11-04 22:40:22.663] [info] Frame 56 (t = 0.28):	 total squared error = 0.00488222, marker error: RMS = 0.0145695, max = 0.0302285 (LTH2)
[2025-11-04 22:40:22.700] [info] Frame 57 (t = 0.285):	 total squared error = 0.00484009, marker error: RMS = 0.0145065, max = 0.0295182 (LTH2)
[2025-11-04 22:40:22.727] [info] Frame 58 (t = 0.29):	 total squared error = 0.00476274, marker error: RMS = 0.0143901, max = 0.0286274 (LTH2)
[2025-11-04 22:40:22.760] [info] Frame 59 (t = 0.295):	 total squared error = 0.00465955, marker error: RMS = 0.0142334, max = 0.0277281 (LTH2)
[2025-11-04 22:40:22.786] [info] Frame 60 (t = 0.3):	 total squared error = 0.00453609, marker error: RMS = 0.0140436, max = 0.0265148 (LTH2)
[2025-11-04 22:40:22.811] [info] Frame 61 (t = 0.305000):	 total squared error = 0.00439861, marker error: RMS = 0.0138291, max = 0.0252501 (LTH2)
[2025-11-04 22:40:22.864] [info] Frame 62 (t = 0.31):	 total squared error = 0.00425132, marker error: RMS = 0.0135956, max = 0.0244517 (LTH2)
[2025-11-04 22:40:22.880] [info] Frame 63 (t = 0.315):	 total squared error = 0.00408687, marker error: RMS = 0.01333, max = 0.0228646 (LTH2)
[2025-11-04 22:40:22.908] [info] Frame 64 (t = 0.32):	 total squared error = 0.00393323, marker error: RMS = 0.0130771, max = 0.0218209 (LSHA2)
[2025-11-04 22:40:22.926] [info] Frame 65 (t = 0.325):	 total squared error = 0.00377223, marker error: RMS = 0.0128066, max = 0.0213363 (LSHA2)
[2025-11-04 22:40:22.978] [info] Frame 66 (t = 0.33):	 total squared error = 0.00363090, marker error: RMS = 0.0125644, max = 0.0208346 (LSHA2)
[2025-11-04 22:40:23.014] [info] Frame 67 (t = 0.335):	 total squared error = 0.00349409, marker error: RMS = 0.0123255, max = 0.0204166 (LSHA2)
[2025-11-04 22:40:23.032] [info] Frame 68 (t = 0.34):	 total squared error = 0.00337046, marker error: RMS = 0.0121054, max = 0.0198862 (LSHA2)
[2025-11-04 22:40:23.069] [info] Frame 69 (t = 0.345):	 total squared error = 0.00326878, marker error: RMS = 0.0119214, max = 0.0196566 (LSHA2)
[2025-11-04 22:40:23.093] [info] Frame 70 (t = 0.35):	 total squared error = 0.00318673, marker error: RMS = 0.0117709, max = 0.0193503 (LSHA2)
[2025-11-04 22:40:23.118] [info] Frame 71 (t = 0.355):	 total squared error = 0.00313542, marker error: RMS = 0.0116757, max = 0.019257 (RTHOL)
[2025-11-04 22:40:23.144] [info] Frame 72 (t = 0.36):	 total squared error = 0.00309268, marker error: RMS = 0.0115959, max = 0.0191273 (RTHOL)
[2025-11-04 22:40:23.203] [info] Frame 73 (t = 0.365):	 total squared error = 0.00305010, marker error: RMS = 0.0115158, max = 0.0185516 (XIPH)
[2025-11-04 22:40:23.229] [info] Frame 74 (t = 0.37):	 total squared error = 0.00304730, marker error: RMS = 0.0115105, max = 0.0186126 (XIPH)
[2025-11-04 22:40:23.289] [info] Frame 75 (t = 0.375):	 total squared error = 0.00305784, marker error: RMS = 0.0115304, max = 0.0184961 (XIPH)
[2025-11-04 22:40:23.316] [info] Frame 76 (t = 0.38):	 total squared error = 0.00309292, marker error: RMS = 0.0115963, max = 0.0185663 (XIPH)
[2025-11-04 22:40:23.374] [info] Frame 77 (t = 0.385):	 total squared error = 0.00313396, marker error: RMS = 0.011673, max = 0.018447 (XIPH)
[2025-11-04 22:40:23.399] [info] Frame 78 (t = 0.39):	 total squared error = 0.00319616, marker error: RMS = 0.0117883, max = 0.0185311 (XIPH)
[2025-11-04 22:40:23.429] [info] Frame 79 (t = 0.395):	 total squared error = 0.00327240, marker error: RMS = 0.011928, max = 0.0186066 (XIPH)
[2025-11-04 22:40:23.483] [info] Frame 80 (t = 0.4):	 total squared error = 0.00332184, marker error: RMS = 0.0120178, max = 0.0184269 (XIPH)
[2025-11-04 22:40:23.510] [info] Frame 81 (t = 0.405000):	 total squared error = 0.00339153, marker error: RMS = 0.0121432, max = 0.0185509 (XIPH)
[2025-11-04 22:40:23.559] [info] Frame 82 (t = 0.41):	 total squared error = 0.00345237, marker error: RMS = 0.0122517, max = 0.0187225 (LTH2)
[2025-11-04 22:40:23.586] [info] Frame 83 (t = 0.415):	 total squared error = 0.00351290, marker error: RMS = 0.0123586, max = 0.0189004 (LTH2)
[2025-11-04 22:40:23.614] [info] Frame 84 (t = 0.42):	 total squared error = 0.00355706, marker error: RMS = 0.012436, max = 0.0189891 (LTH2)
[2025-11-04 22:40:23.663] [info] Frame 85 (t = 0.425):	 total squared error = 0.00357391, marker error: RMS = 0.0124655, max = 0.0198353 (LTH2)
[2025-11-04 22:40:23.696] [info] Frame 86 (t = 0.43):	 total squared error = 0.00358165, marker error: RMS = 0.0124789, max = 0.0195869 (LTH2)
[2025-11-04 22:40:23.736] [info] Frame 87 (t = 0.435):	 total squared error = 0.00356311, marker error: RMS = 0.0124466, max = 0.0196946 (LTH2)
[2025-11-04 22:40:23.767] [info] Frame 88 (t = 0.44):	 total squared error = 0.00352516, marker error: RMS = 0.0123801, max = 0.0192149 (LTH2)
[2025-11-04 22:40:23.799] [info] Frame 89 (t = 0.445):	 total squared error = 0.00346550, marker error: RMS = 0.0122749, max = 0.0192373 (XIPH)
[2025-11-04 22:40:23.821] [info] Frame 90 (t = 0.45):	 total squared error = 0.00337836, marker error: RMS = 0.0121196, max = 0.0194256 (XIPH)
[2025-11-04 22:40:23.874] [info] Frame 91 (t = 0.455):	 total squared error = 0.00326716, marker error: RMS = 0.0119185, max = 0.0194291 (XIPH)
[2025-11-04 22:40:23.902] [info] Frame 92 (t = 0.46):	 total squared error = 0.00314471, marker error: RMS = 0.011693, max = 0.0196529 (XIPH)
[2025-11-04 22:40:23.940] [info] Frame 93 (t = 0.465):	 total squared error = 0.00300498, marker error: RMS = 0.0114303, max = 0.0198048 (XIPH)
[2025-11-04 22:40:23.969] [info] Frame 94 (t = 0.47):	 total squared error = 0.00287038, marker error: RMS = 0.0111713, max = 0.0200425 (XIPH)
[2025-11-04 22:40:23.998] [info] Frame 95 (t = 0.475):	 total squared error = 0.00272994, marker error: RMS = 0.0108946, max = 0.0202536 (XIPH)
[2025-11-04 22:40:24.042] [info] Frame 96 (t = 0.48):	 total squared error = 0.00258956, marker error: RMS = 0.0106108, max = 0.0204149 (XIPH)
[2025-11-04 22:40:24.073] [info] Frame 97 (t = 0.485):	 total squared error = 0.00246686, marker error: RMS = 0.0103564, max = 0.0206220 (XIPH)
[2025-11-04 22:40:24.108] [info] Frame 98 (t = 0.49):	 total squared error = 0.00236064, marker error: RMS = 0.0101310, max = 0.0208637 (XIPH)
[2025-11-04 22:40:24.173] [info] Frame 99 (t = 0.495):	 total squared error = 0.00227169, marker error: RMS = 0.00993826, max = 0.0210349 (XIPH)
[2025-11-04 22:40:24.237] [info] Frame 100 (t = 0.5):	 total squared error = 0.00220944, marker error: RMS = 0.00980115, max = 0.0212161 (XIPH)
[2025-11-04 22:40:24.272] [info] Frame 101 (t = 0.505000):	 total squared error = 0.00219011, marker error: RMS = 0.00975819, max = 0.0213136 (XIPH)
[2025-11-04 22:40:24.351] [info] Frame 102 (t = 0.51):	 total squared error = 0.00216585, marker error: RMS = 0.00970398, max = 0.0215743 (XIPH)
[2025-11-04 22:40:24.402] [info] Frame 103 (t = 0.515):	 total squared error = 0.00217929, marker error: RMS = 0.00973406, max = 0.0217326 (XIPH)
[2025-11-04 22:40:24.443] [info] Frame 104 (t = 0.52):	 total squared error = 0.00221247, marker error: RMS = 0.00980788, max = 0.0218965 (XIPH)
[2025-11-04 22:40:24.493] [info] Frame 105 (t = 0.525):	 total squared error = 0.00225427, marker error: RMS = 0.00990009, max = 0.0220015 (XIPH)
[2025-11-04 22:40:24.536] [info] Frame 106 (t = 0.53):	 total squared error = 0.00230644, marker error: RMS = 0.0100140, max = 0.0221133 (XIPH)
[2025-11-04 22:40:24.580] [info] Frame 107 (t = 0.535):	 total squared error = 0.00236422, marker error: RMS = 0.0101387, max = 0.0222138 (XIPH)
[2025-11-04 22:40:24.638] [info] Frame 108 (t = 0.54):	 total squared error = 0.00240718, marker error: RMS = 0.0102304, max = 0.0223169 (XIPH)
[2025-11-04 22:40:24.662] [info] Frame 109 (t = 0.545):	 total squared error = 0.00246285, marker error: RMS = 0.0103480, max = 0.0223701 (XIPH)
[2025-11-04 22:40:24.700] [info] Frame 110 (t = 0.55):	 total squared error = 0.00250107, marker error: RMS = 0.0104279, max = 0.0225272 (XIPH)
[2025-11-04 22:40:24.721] [info] Frame 111 (t = 0.555):	 total squared error = 0.00254393, marker error: RMS = 0.0105169, max = 0.0225999 (XIPH)
[2025-11-04 22:40:24.747] [info] Frame 112 (t = 0.56):	 total squared error = 0.00258678, marker error: RMS = 0.0106051, max = 0.0226761 (XIPH)
[2025-11-04 22:40:24.764] [info] Frame 113 (t = 0.565):	 total squared error = 0.00263225, marker error: RMS = 0.0106979, max = 0.0227528 (XIPH)
[2025-11-04 22:40:24.829] [info] Frame 114 (t = 0.57):	 total squared error = 0.00261662, marker error: RMS = 0.0106661, max = 0.0228311 (XIPH)
[2025-11-04 22:40:24.847] [info] Frame 115 (t = 0.575):	 total squared error = 0.00266290, marker error: RMS = 0.0107600, max = 0.0229102 (XIPH)
[2025-11-04 22:40:24.892] [info] Frame 116 (t = 0.58):	 total squared error = 0.00269967, marker error: RMS = 0.0108341, max = 0.0228789 (XIPH)
[2025-11-04 22:40:24.952] [info] Frame 117 (t = 0.585):	 total squared error = 0.00272954, marker error: RMS = 0.0108938, max = 0.022836 (XIPH)
[2025-11-04 22:40:24.993] [info] Frame 118 (t = 0.59):	 total squared error = 0.00277641, marker error: RMS = 0.0109870, max = 0.0228025 (XIPH)
[2025-11-04 22:40:25.024] [info] Frame 119 (t = 0.595):	 total squared error = 0.00282137, marker error: RMS = 0.0110756, max = 0.0227803 (XIPH)
[2025-11-04 22:40:25.079] [info] Frame 120 (t = 0.6):	 total squared error = 0.00285813, marker error: RMS = 0.0111475, max = 0.0227080 (RTHOL)
[2025-11-04 22:40:25.130] [info] Frame 121 (t = 0.605000):	 total squared error = 0.00288419, marker error: RMS = 0.0111982, max = 0.0228876 (RTHOL)
[2025-11-04 22:40:25.188] [info] Frame 122 (t = 0.61):	 total squared error = 0.00289783, marker error: RMS = 0.0112246, max = 0.0230850 (RTHOL)
[2025-11-04 22:40:25.242] [info] Frame 123 (t = 0.615):	 total squared error = 0.00289062, marker error: RMS = 0.0112107, max = 0.023129 (RTHOL)
[2025-11-04 22:40:25.272] [info] Frame 124 (t = 0.62):	 total squared error = 0.00287982, marker error: RMS = 0.0111897, max = 0.0230821 (RTHOL)
[2025-11-04 22:40:25.314] [info] Frame 125 (t = 0.625):	 total squared error = 0.00286195, marker error: RMS = 0.0111549, max = 0.0233929 (RTHOL)
[2025-11-04 22:40:25.355] [info] Frame 126 (t = 0.63):	 total squared error = 0.00282836, marker error: RMS = 0.0110893, max = 0.0235003 (RTHOL)
[2025-11-04 22:40:25.388] [info] Frame 127 (t = 0.635):	 total squared error = 0.00278151, marker error: RMS = 0.0109971, max = 0.0234492 (RTHOL)
[2025-11-04 22:40:25.435] [info] Frame 128 (t = 0.64):	 total squared error = 0.00274029, marker error: RMS = 0.0109153, max = 0.0237386 (RTHOL)
[2025-11-04 22:40:25.474] [info] Frame 129 (t = 0.645):	 total squared error = 0.00269136, marker error: RMS = 0.0108174, max = 0.0238374 (RTHOL)
[2025-11-04 22:40:25.499] [info] Frame 130 (t = 0.65):	 total squared error = 0.00263435, marker error: RMS = 0.0107022, max = 0.0238138 (RTHOL)
[2025-11-04 22:40:25.533] [info] Frame 131 (t = 0.655):	 total squared error = 0.00259523, marker error: RMS = 0.0106224, max = 0.0240031 (RTHOL)
[2025-11-04 22:40:25.558] [info] Frame 132 (t = 0.66):	 total squared error = 0.00254448, marker error: RMS = 0.0105181, max = 0.0240663 (RTHOL)
[2025-11-04 22:40:25.588] [info] Frame 133 (t = 0.665):	 total squared error = 0.00251094, marker error: RMS = 0.0104485, max = 0.0241707 (RTHOL)
[2025-11-04 22:40:25.643] [info] Frame 134 (t = 0.67):	 total squared error = 0.00246641, marker error: RMS = 0.0103554, max = 0.023961 (RTHOL)
[2025-11-04 22:40:25.673] [info] Frame 135 (t = 0.675):	 total squared error = 0.00242953, marker error: RMS = 0.0102777, max = 0.0242080 (RTHOL)
[2025-11-04 22:40:25.717] [info] Frame 136 (t = 0.68):	 total squared error = 0.00238636, marker error: RMS = 0.0101860, max = 0.0238775 (RTHOL)
[2025-11-04 22:40:25.758] [info] Frame 137 (t = 0.685):	 total squared error = 0.00234752, marker error: RMS = 0.0101028, max = 0.023876 (RTHOL)
[2025-11-04 22:40:25.791] [info] Frame 138 (t = 0.69):	 total squared error = 0.00231576, marker error: RMS = 0.0100342, max = 0.0241443 (RTHOL)
[2025-11-04 22:40:25.849] [info] Frame 139 (t = 0.695):	 total squared error = 0.00227561, marker error: RMS = 0.00994683, max = 0.0235861 (RTHOL)
[2025-11-04 22:40:25.884] [info] Frame 140 (t = 0.7):	 total squared error = 0.00225656, marker error: RMS = 0.00990512, max = 0.0238723 (RTHOL)
[2025-11-04 22:40:25.921] [info] Frame 141 (t = 0.705000):	 total squared error = 0.00223480, marker error: RMS = 0.00985724, max = 0.0237405 (RTHOL)
[2025-11-04 22:40:25.973] [info] Frame 142 (t = 0.71):	 total squared error = 0.00220984, marker error: RMS = 0.00980205, max = 0.0230073 (RTHOL)
[2025-11-04 22:40:26.032] [info] Frame 143 (t = 0.715):	 total squared error = 0.00220022, marker error: RMS = 0.00978068, max = 0.0227044 (RTHOL)
[2025-11-04 22:40:26.067] [info] Frame 144 (t = 0.72):	 total squared error = 0.00222411, marker error: RMS = 0.00983363, max = 0.0229036 (RTHOL)
[2025-11-04 22:40:26.118] [info] Frame 145 (t = 0.725):	 total squared error = 0.00221129, marker error: RMS = 0.00980526, max = 0.0219416 (RTHOL)
[2025-11-04 22:40:26.165] [info] Frame 146 (t = 0.73):	 total squared error = 0.00222886, marker error: RMS = 0.00984414, max = 0.0215029 (RTHOL)
[2025-11-04 22:40:26.196] [info] Frame 147 (t = 0.735):	 total squared error = 0.00228629, marker error: RMS = 0.00997015, max = 0.0217036 (RTHOL)
[2025-11-04 22:40:26.240] [info] Frame 148 (t = 0.74):	 total squared error = 0.00228761, marker error: RMS = 0.00997303, max = 0.0205880 (RTHOL)
[2025-11-04 22:40:26.285] [info] Frame 149 (t = 0.745):	 total squared error = 0.00232717, marker error: RMS = 0.0100589, max = 0.0200802 (RTHOL)
[2025-11-04 22:40:26.318] [info] Frame 150 (t = 0.75):	 total squared error = 0.00238801, marker error: RMS = 0.0101895, max = 0.0201887 (RTHOL)
[2025-11-04 22:40:26.343] [info] Frame 151 (t = 0.755):	 total squared error = 0.00248891, marker error: RMS = 0.0104026, max = 0.0208178 (RTHOL)
[2025-11-04 22:40:26.389] [info] Frame 152 (t = 0.76):	 total squared error = 0.00244397, marker error: RMS = 0.0103082, max = 0.0190308 (RTHOL)
[2025-11-04 22:40:26.415] [info] Frame 153 (t = 0.765):	 total squared error = 0.00253451, marker error: RMS = 0.0104974, max = 0.0196601 (RTHOL)
[2025-11-04 22:40:26.467] [info] Frame 154 (t = 0.77):	 total squared error = 0.00251637, marker error: RMS = 0.0104598, max = 0.0187249 (RTH2)
[2025-11-04 22:40:26.495] [info] Frame 155 (t = 0.775):	 total squared error = 0.00259517, marker error: RMS = 0.0106223, max = 0.0195012 (RTH2)
[2025-11-04 22:40:26.527] [info] Frame 156 (t = 0.78):	 total squared error = 0.00261756, marker error: RMS = 0.0106680, max = 0.0197596 (RTH2)
[2025-11-04 22:40:26.566] [info] Frame 157 (t = 0.785):	 total squared error = 0.00264034, marker error: RMS = 0.0107144, max = 0.0200376 (RTH2)
[2025-11-04 22:40:26.607] [info] Frame 158 (t = 0.79):	 total squared error = 0.00267258, marker error: RMS = 0.0107796, max = 0.0204335 (RTH2)
[2025-11-04 22:40:26.637] [info] Frame 159 (t = 0.795):	 total squared error = 0.00271556, marker error: RMS = 0.0108659, max = 0.0208051 (RTH2)
[2025-11-04 22:40:26.683] [info] Frame 160 (t = 0.8):	 total squared error = 0.00270723, marker error: RMS = 0.0108492, max = 0.0208394 (RTH2)
[2025-11-04 22:40:26.735] [info] Frame 161 (t = 0.805000):	 total squared error = 0.00272089, marker error: RMS = 0.0108766, max = 0.0211042 (RTH2)
[2025-11-04 22:40:26.793] [info] Frame 162 (t = 0.81):	 total squared error = 0.00271292, marker error: RMS = 0.0108606, max = 0.0211471 (RTH2)
[2025-11-04 22:40:26.852] [info] Frame 163 (t = 0.815):	 total squared error = 0.00269299, marker error: RMS = 0.0108207, max = 0.0211454 (RTH2)
[2025-11-04 22:40:26.902] [info] Frame 164 (t = 0.82):	 total squared error = 0.00265472, marker error: RMS = 0.0107435, max = 0.0209902 (RTH2)
[2025-11-04 22:40:26.951] [info] Frame 165 (t = 0.825):	 total squared error = 0.00259614, marker error: RMS = 0.0106243, max = 0.0207239 (RTH2)
[2025-11-04 22:40:27.061] [info] Frame 166 (t = 0.83):	 total squared error = 0.00251950, marker error: RMS = 0.0104663, max = 0.0203599 (RTH2)
[2025-11-04 22:40:27.129] [info] Frame 167 (t = 0.835):	 total squared error = 0.00242182, marker error: RMS = 0.0102614, max = 0.0198347 (RTH2)
[2025-11-04 22:40:27.172] [info] Frame 168 (t = 0.84):	 total squared error = 0.00230908, marker error: RMS = 0.0100197, max = 0.0192376 (RTH2)
[2025-11-04 22:40:27.206] [info] Frame 169 (t = 0.845):	 total squared error = 0.00218336, marker error: RMS = 0.00974313, max = 0.0184881 (RTH2)
[2025-11-04 22:40:27.243] [info] Frame 170 (t = 0.85):	 total squared error = 0.00205501, marker error: RMS = 0.00945241, max = 0.0177117 (RTH2)
[2025-11-04 22:40:27.284] [info] Frame 171 (t = 0.855):	 total squared error = 0.00192063, marker error: RMS = 0.00913814, max = 0.0169157 (RTH2)
[2025-11-04 22:40:27.318] [info] Frame 172 (t = 0.86):	 total squared error = 0.00178981, marker error: RMS = 0.00882145, max = 0.0166448 (XIPH)
[2025-11-04 22:40:27.351] [info] Frame 173 (t = 0.865):	 total squared error = 0.00166335, marker error: RMS = 0.00850410, max = 0.0166468 (XIPH)
[2025-11-04 22:40:27.396] [info] Frame 174 (t = 0.87):	 total squared error = 0.00154339, marker error: RMS = 0.00819170, max = 0.0166687 (XIPH)
[2025-11-04 22:40:27.413] [info] Frame 175 (t = 0.875):	 total squared error = 0.00144824, marker error: RMS = 0.00793518, max = 0.0166249 (XIPH)
[2025-11-04 22:40:27.480] [info] Frame 176 (t = 0.88):	 total squared error = 0.00134877, marker error: RMS = 0.00765783, max = 0.016769 (XIPH)
[2025-11-04 22:40:27.512] [info] Frame 177 (t = 0.885):	 total squared error = 0.00126174, marker error: RMS = 0.00740663, max = 0.0167143 (XIPH)
[2025-11-04 22:40:27.528] [info] Frame 178 (t = 0.89):	 total squared error = 0.00119914, marker error: RMS = 0.00722055, max = 0.01663 (XIPH)
[2025-11-04 22:40:27.569] [info] Frame 179 (t = 0.895):	 total squared error = 0.00113873, marker error: RMS = 0.00703633, max = 0.0166475 (XIPH)
[2025-11-04 22:40:27.611] [info] Frame 180 (t = 0.9):	 total squared error = 0.00110683, marker error: RMS = 0.00693709, max = 0.0167255 (XIPH)
[2025-11-04 22:40:27.656] [info] Frame 181 (t = 0.905000):	 total squared error = 0.00108594, marker error: RMS = 0.00687132, max = 0.0167309 (XIPH)
[2025-11-04 22:40:27.682] [info] Frame 182 (t = 0.91):	 total squared error = 0.00107799, marker error: RMS = 0.00684611, max = 0.0166371 (XIPH)
[2025-11-04 22:40:27.720] [info] Frame 183 (t = 0.915):	 total squared error = 0.00107835, marker error: RMS = 0.00684723, max = 0.0167186 (XIPH)
[2025-11-04 22:40:27.753] [info] Frame 184 (t = 0.92):	 total squared error = 0.00109808, marker error: RMS = 0.00690961, max = 0.0168199 (XIPH)
[2025-11-04 22:40:27.778] [info] Frame 185 (t = 0.925):	 total squared error = 0.00113207, marker error: RMS = 0.00701573, max = 0.0166431 (XIPH)
[2025-11-04 22:40:27.809] [info] Frame 186 (t = 0.93):	 total squared error = 0.00118219, marker error: RMS = 0.00716934, max = 0.0165959 (XIPH)
[2025-11-04 22:40:27.855] [info] Frame 187 (t = 0.935):	 total squared error = 0.00122764, marker error: RMS = 0.00730585, max = 0.0169568 (XIPH)
[2025-11-04 22:40:27.897] [info] Frame 188 (t = 0.94):	 total squared error = 0.00129224, marker error: RMS = 0.00749563, max = 0.0170537 (XIPH)
[2025-11-04 22:40:27.934] [info] Frame 189 (t = 0.945):	 total squared error = 0.00136422, marker error: RMS = 0.00770154, max = 0.0170444 (XIPH)
[2025-11-04 22:40:27.981] [info] Frame 190 (t = 0.95):	 total squared error = 0.00143273, marker error: RMS = 0.00789256, max = 0.0171745 (XIPH)
[2025-11-04 22:40:28.018] [info] Frame 191 (t = 0.955):	 total squared error = 0.00151877, marker error: RMS = 0.00812609, max = 0.0172058 (XIPH)
[2025-11-04 22:40:28.080] [info] Frame 192 (t = 0.96):	 total squared error = 0.00159197, marker error: RMS = 0.00831962, max = 0.0175138 (XIPH)
[2025-11-04 22:40:28.121] [info] Frame 193 (t = 0.965):	 total squared error = 0.00166991, marker error: RMS = 0.00852084, max = 0.017538 (XIPH)
[2025-11-04 22:40:28.183] [info] Frame 194 (t = 0.97):	 total squared error = 0.00173875, marker error: RMS = 0.00869470, max = 0.0177832 (XIPH)
[2025-11-04 22:40:28.219] [info] Frame 195 (t = 0.975):	 total squared error = 0.00181051, marker error: RMS = 0.00887231, max = 0.0178636 (XIPH)
[2025-11-04 22:40:28.251] [info] Frame 196 (t = 0.98):	 total squared error = 0.00187318, marker error: RMS = 0.00902455, max = 0.0179407 (XIPH)
[2025-11-04 22:40:28.307] [info] Frame 197 (t = 0.985):	 total squared error = 0.00190241, marker error: RMS = 0.00909469, max = 0.0182872 (XIPH)
[2025-11-04 22:40:28.343] [info] Frame 198 (t = 0.99):	 total squared error = 0.00193959, marker error: RMS = 0.00918315, max = 0.0184114 (XIPH)
[2025-11-04 22:40:28.427] [info] Frame 199 (t = 0.995):	 total squared error = 0.00196028, marker error: RMS = 0.00923198, max = 0.0185641 (XIPH)
[2025-11-04 22:40:28.516] [info] Frame 200 (t = 1.0):	 total squared error = 0.00195214, marker error: RMS = 0.00921279, max = 0.0188336 (XIPH)
[2025-11-04 22:40:28.556] [info] Frame 201 (t = 1.00500):	 total squared error = 0.00194106, marker error: RMS = 0.00918662, max = 0.0189663 (XIPH)
[2025-11-04 22:40:28.602] [info] Frame 202 (t = 1.01):	 total squared error = 0.00191438, marker error: RMS = 0.00912326, max = 0.0191246 (XIPH)
[2025-11-04 22:40:28.646] [info] Frame 203 (t = 1.015):	 total squared error = 0.00187407, marker error: RMS = 0.00902669, max = 0.0192832 (XIPH)
[2025-11-04 22:40:28.690] [info] Frame 204 (t = 1.02):	 total squared error = 0.00182277, marker error: RMS = 0.00890231, max = 0.0194269 (XIPH)
[2025-11-04 22:40:28.748] [info] Frame 205 (t = 1.025):	 total squared error = 0.00175947, marker error: RMS = 0.00874634, max = 0.0196388 (XIPH)
[2025-11-04 22:40:28.789] [info] Frame 206 (t = 1.03):	 total squared error = 0.00170075, marker error: RMS = 0.00859915, max = 0.0197853 (XIPH)
[2025-11-04 22:40:28.827] [info] Frame 207 (t = 1.035):	 total squared error = 0.00164135, marker error: RMS = 0.00844766, max = 0.0198883 (XIPH)
[2025-11-04 22:40:28.875] [info] Frame 208 (t = 1.04):	 total squared error = 0.00158517, marker error: RMS = 0.00830184, max = 0.0199939 (XIPH)
[2025-11-04 22:40:28.922] [info] Frame 209 (t = 1.045):	 total squared error = 0.00153700, marker error: RMS = 0.00817473, max = 0.0200463 (XIPH)
[2025-11-04 22:40:28.985] [info] Frame 210 (t = 1.05):	 total squared error = 0.00149726, marker error: RMS = 0.00806836, max = 0.0198827 (XIPH)
[2025-11-04 22:40:29.070] [info] Frame 211 (t = 1.055):	 total squared error = 0.00147041, marker error: RMS = 0.00799568, max = 0.019957 (XIPH)
[2025-11-04 22:40:29.143] [info] Frame 212 (t = 1.06):	 total squared error = 0.00145619, marker error: RMS = 0.00795693, max = 0.0199414 (XIPH)
[2025-11-04 22:40:29.226] [info] Frame 213 (t = 1.065):	 total squared error = 0.00145429, marker error: RMS = 0.00795172, max = 0.0196977 (XIPH)
[2025-11-04 22:40:29.260] [info] Frame 214 (t = 1.07):	 total squared error = 0.00146347, marker error: RMS = 0.00797680, max = 0.0196957 (XIPH)
[2025-11-04 22:40:29.303] [info] Frame 215 (t = 1.075):	 total squared error = 0.00148116, marker error: RMS = 0.00802485, max = 0.0196667 (XIPH)
[2025-11-04 22:40:29.334] [info] Frame 216 (t = 1.08):	 total squared error = 0.00150882, marker error: RMS = 0.00809944, max = 0.0196285 (XIPH)
[2025-11-04 22:40:29.369] [info] Frame 217 (t = 1.085):	 total squared error = 0.00153812, marker error: RMS = 0.00817770, max = 0.0195947 (XIPH)
[2025-11-04 22:40:29.402] [info] Frame 218 (t = 1.09):	 total squared error = 0.00157298, marker error: RMS = 0.00826986, max = 0.0195559 (XIPH)
[2025-11-04 22:40:29.414] [info] Frame 219 (t = 1.095):	 total squared error = 0.00160331, marker error: RMS = 0.00834919, max = 0.0194819 (XIPH)
[2025-11-04 22:40:29.441] [info] Frame 220 (t = 1.1):	 total squared error = 0.00164635, marker error: RMS = 0.00846053, max = 0.0195191 (XIPH)
[2025-11-04 22:40:29.452] [info] Frame 221 (t = 1.10500):	 total squared error = 0.00169241, marker error: RMS = 0.00857806, max = 0.0196301 (XIPH)
[2025-11-04 22:40:29.491] [info] Frame 222 (t = 1.11):	 total squared error = 0.00171421, marker error: RMS = 0.00863313, max = 0.0196166 (XIPH)
[2025-11-04 22:40:29.514] [info] Frame 223 (t = 1.115):	 total squared error = 0.00175729, marker error: RMS = 0.00874093, max = 0.0196881 (XIPH)
[2025-11-04 22:40:29.572] [info] Frame 224 (t = 1.12):	 total squared error = 0.00177491, marker error: RMS = 0.00878465, max = 0.0201635 (XIPH)
[2025-11-04 22:40:29.599] [info] Frame 225 (t = 1.125):	 total squared error = 0.00181974, marker error: RMS = 0.00889489, max = 0.0201986 (XIPH)
[2025-11-04 22:40:29.649] [info] Frame 226 (t = 1.13):	 total squared error = 0.00184153, marker error: RMS = 0.00894799, max = 0.0204850 (XIPH)
[2025-11-04 22:40:29.760] [info] Frame 227 (t = 1.135):	 total squared error = 0.00186531, marker error: RMS = 0.00900559, max = 0.0208215 (XIPH)
[2025-11-04 22:40:29.826] [info] Frame 228 (t = 1.14):	 total squared error = 0.00188722, marker error: RMS = 0.00905832, max = 0.0210336 (XIPH)
[2025-11-04 22:40:29.857] [info] Frame 229 (t = 1.145):	 total squared error = 0.00191346, marker error: RMS = 0.00912107, max = 0.0210840 (XIPH)
[2025-11-04 22:40:29.896] [info] Frame 230 (t = 1.15):	 total squared error = 0.00192878, marker error: RMS = 0.00915750, max = 0.0211238 (XIPH)
[2025-11-04 22:40:29.960] [info] Frame 231 (t = 1.155):	 total squared error = 0.00193171, marker error: RMS = 0.00916447, max = 0.0215056 (XIPH)
[2025-11-04 22:40:30.007] [info] Frame 232 (t = 1.16):	 total squared error = 0.00193449, marker error: RMS = 0.00917106, max = 0.0214787 (XIPH)
[2025-11-04 22:40:30.050] [info] Frame 233 (t = 1.165):	 total squared error = 0.00193369, marker error: RMS = 0.00916915, max = 0.0214893 (XIPH)
[2025-11-04 22:40:30.096] [info] Frame 234 (t = 1.17):	 total squared error = 0.00192347, marker error: RMS = 0.00914491, max = 0.0216442 (XIPH)
[2025-11-04 22:40:30.129] [info] Frame 235 (t = 1.175):	 total squared error = 0.00191026, marker error: RMS = 0.00911345, max = 0.0215493 (XIPH)
[2025-11-04 22:40:30.166] [info] Frame 236 (t = 1.18):	 total squared error = 0.00189766, marker error: RMS = 0.00908332, max = 0.021542 (XIPH)
[2025-11-04 22:40:30.205] [info] Frame 237 (t = 1.185):	 total squared error = 0.00188104, marker error: RMS = 0.00904347, max = 0.0214961 (XIPH)
[2025-11-04 22:40:30.236] [info] Frame 238 (t = 1.19):	 total squared error = 0.00186354, marker error: RMS = 0.00900131, max = 0.0213807 (XIPH)
[2025-11-04 22:40:30.290] [info] Frame 239 (t = 1.195):	 total squared error = 0.00184991, marker error: RMS = 0.00896833, max = 0.0213405 (XIPH)
[2025-11-04 22:40:30.321] [info] Frame 240 (t = 1.2):	 total squared error = 0.00183474, marker error: RMS = 0.00893147, max = 0.0211891 (XIPH)
[2025-11-04 22:40:30.348] [info] Frame 241 (t = 1.20500):	 total squared error = 0.00182587, marker error: RMS = 0.00890986, max = 0.0211305 (XIPH)
[2025-11-04 22:40:30.361] [info] Frame 242 (t = 1.21):	 total squared error = 0.00182704, marker error: RMS = 0.00891271, max = 0.0210583 (XIPH)
[2025-11-04 22:40:30.424] [info] Frame 243 (t = 1.215):	 total squared error = 0.00181807, marker error: RMS = 0.00889082, max = 0.0210061 (XIPH)
[2025-11-04 22:40:30.484] [info] Frame 244 (t = 1.22):	 total squared error = 0.00182049, marker error: RMS = 0.00889672, max = 0.0210615 (XIPH)
[2025-11-04 22:40:30.537] [info] Frame 245 (t = 1.225):	 total squared error = 0.00181957, marker error: RMS = 0.00889448, max = 0.0210238 (XIPH)
[2025-11-04 22:40:30.554] [info] InverseKinematicsTool completed 245 frames in 10 second(s).
[2025-11-05 12:41:36.610] [info] Loaded model Athlete_03 from file C:\Git\1_current_projects\powerlifing_model\models\Athlete_03\25_03_31\scaled.osim
[2025-11-05 12:41:37.093] [info] Loaded model Athlete_03 from file C:\Git\1_current_projects\powerlifing_model\models\Athlete_03\25_03_31\scaled.osim
[2025-11-05 12:41:39.827] [cout] [info] 
               MODEL: Athlete_03
         coordinates: 39
              forces: 97
           actuators: 97
             muscles: 80
            analyses: 0
              probes: 0
              bodies: 22
              joints: 22
         constraints: 2
             markers: 45
         controllers: 0
  contact geometries: 0
misc modelcomponents: 0
[2025-11-05 12:41:39.828] [info] Running tool .
[2025-11-05 12:41:40.855] [info] Frame 36 (t = 0.18):	 total squared error = 0.00195769, marker error: RMS = 0.00922588, max = 0.0247771 (XIPH)
[2025-11-05 12:41:40.942] [info] Frame 37 (t = 0.185):	 total squared error = 0.00196207, marker error: RMS = 0.00923620, max = 0.0247456 (XIPH)
[2025-11-05 12:41:41.023] [info] Frame 38 (t = 0.19):	 total squared error = 0.00196182, marker error: RMS = 0.00923562, max = 0.0246959 (XIPH)
[2025-11-05 12:41:41.093] [info] Frame 39 (t = 0.195):	 total squared error = 0.00195851, marker error: RMS = 0.00922781, max = 0.0245861 (XIPH)
[2025-11-05 12:41:41.184] [info] Frame 40 (t = 0.2):	 total squared error = 0.00195255, marker error: RMS = 0.00921377, max = 0.0244457 (XIPH)
[2025-11-05 12:41:41.274] [info] Frame 41 (t = 0.205000):	 total squared error = 0.00194626, marker error: RMS = 0.00919892, max = 0.0242557 (XIPH)
[2025-11-05 12:41:41.352] [info] Frame 42 (t = 0.21):	 total squared error = 0.00194270, marker error: RMS = 0.00919049, max = 0.0240351 (XIPH)
[2025-11-05 12:41:41.442] [info] Frame 43 (t = 0.215):	 total squared error = 0.00194255, marker error: RMS = 0.00919014, max = 0.0237661 (XIPH)
[2025-11-05 12:41:41.528] [info] Frame 44 (t = 0.22):	 total squared error = 0.00195025, marker error: RMS = 0.00920834, max = 0.0234788 (XIPH)
[2025-11-05 12:41:41.585] [info] Frame 45 (t = 0.225):	 total squared error = 0.00196600, marker error: RMS = 0.00924544, max = 0.0231378 (XIPH)
[2025-11-05 12:41:41.650] [info] Frame 46 (t = 0.23):	 total squared error = 0.00199709, marker error: RMS = 0.00931825, max = 0.0227707 (XIPH)
[2025-11-05 12:41:41.720] [info] Frame 47 (t = 0.235):	 total squared error = 0.00202919, marker error: RMS = 0.00939284, max = 0.0223953 (XIPH)
[2025-11-05 12:41:41.806] [info] Frame 48 (t = 0.24):	 total squared error = 0.00206981, marker error: RMS = 0.00948640, max = 0.0219655 (XIPH)
[2025-11-05 12:41:41.860] [info] Frame 49 (t = 0.245):	 total squared error = 0.00215256, marker error: RMS = 0.00967416, max = 0.0215866 (XIPH)
[2025-11-05 12:41:41.921] [info] Frame 50 (t = 0.25):	 total squared error = 0.00216939, marker error: RMS = 0.00971191, max = 0.0212633 (LTH2)
[2025-11-05 12:41:42.010] [info] Frame 51 (t = 0.255):	 total squared error = 0.00222577, marker error: RMS = 0.00983731, max = 0.0222077 (LTH2)
[2025-11-05 12:41:42.083] [info] Frame 52 (t = 0.26):	 total squared error = 0.00229346, marker error: RMS = 0.00998576, max = 0.0232463 (LTH2)
[2025-11-05 12:41:42.173] [info] Frame 53 (t = 0.265):	 total squared error = 0.00236284, marker error: RMS = 0.0101357, max = 0.0241514 (LTH2)
[2025-11-05 12:41:42.259] [info] Frame 54 (t = 0.27):	 total squared error = 0.00244892, marker error: RMS = 0.0103187, max = 0.0251017 (LTH2)
[2025-11-05 12:41:42.366] [info] Frame 55 (t = 0.275):	 total squared error = 0.00253775, marker error: RMS = 0.0105041, max = 0.0259135 (LTH2)
[2025-11-05 12:41:42.415] [info] Frame 56 (t = 0.28):	 total squared error = 0.00264621, marker error: RMS = 0.0107263, max = 0.0267866 (LTH2)
[2025-11-05 12:41:42.462] [info] Frame 57 (t = 0.285):	 total squared error = 0.00280129, marker error: RMS = 0.0110361, max = 0.0281097 (LTH2)
[2025-11-05 12:41:42.540] [info] Frame 58 (t = 0.29):	 total squared error = 0.00287648, marker error: RMS = 0.0111832, max = 0.0280899 (LTH2)
[2025-11-05 12:41:42.594] [info] Frame 59 (t = 0.295):	 total squared error = 0.00302951, marker error: RMS = 0.0114768, max = 0.0288763 (LTH2)
[2025-11-05 12:41:42.690] [info] Frame 60 (t = 0.3):	 total squared error = 0.00314192, marker error: RMS = 0.0116878, max = 0.0291737 (LTH2)
[2025-11-05 12:41:42.740] [info] Frame 61 (t = 0.305000):	 total squared error = 0.00330141, marker error: RMS = 0.0119808, max = 0.0297957 (LTH2)
[2025-11-05 12:41:42.777] [info] Frame 62 (t = 0.31):	 total squared error = 0.00350140, marker error: RMS = 0.0123383, max = 0.0307840 (LTH2)
[2025-11-05 12:41:42.897] [info] Frame 63 (t = 0.315):	 total squared error = 0.00359632, marker error: RMS = 0.0125045, max = 0.0307639 (LTH2)
[2025-11-05 12:41:43.014] [info] Frame 64 (t = 0.32):	 total squared error = 0.00374626, marker error: RMS = 0.0127625, max = 0.0312294 (LTH2)
[2025-11-05 12:41:43.083] [info] Frame 65 (t = 0.325):	 total squared error = 0.00388353, marker error: RMS = 0.0129942, max = 0.0317113 (LTH2)
[2025-11-05 12:41:43.189] [info] Frame 66 (t = 0.33):	 total squared error = 0.00399349, marker error: RMS = 0.0131769, max = 0.0320019 (LTH2)
[2025-11-05 12:41:43.253] [info] Frame 67 (t = 0.335):	 total squared error = 0.00412469, marker error: RMS = 0.0133916, max = 0.0324323 (LTH2)
[2025-11-05 12:41:43.309] [info] Frame 68 (t = 0.34):	 total squared error = 0.00423323, marker error: RMS = 0.0135666, max = 0.0327812 (LTH2)
[2025-11-05 12:41:43.377] [info] Frame 69 (t = 0.345):	 total squared error = 0.00432988, marker error: RMS = 0.0137206, max = 0.0330006 (LTH2)
[2025-11-05 12:41:43.420] [info] Frame 70 (t = 0.35):	 total squared error = 0.00443452, marker error: RMS = 0.0138854, max = 0.0333595 (LTH2)
[2025-11-05 12:41:43.486] [info] Frame 71 (t = 0.355):	 total squared error = 0.00449033, marker error: RMS = 0.0139725, max = 0.0333764 (LTH2)
[2025-11-05 12:41:43.549] [info] Frame 72 (t = 0.36):	 total squared error = 0.00456783, marker error: RMS = 0.0140926, max = 0.0334093 (LTH2)
[2025-11-05 12:41:43.603] [info] Frame 73 (t = 0.365):	 total squared error = 0.00463158, marker error: RMS = 0.0141906, max = 0.0334042 (LTH2)
[2025-11-05 12:41:43.671] [info] Frame 74 (t = 0.37):	 total squared error = 0.00468325, marker error: RMS = 0.0142695, max = 0.0333206 (LTH2)
[2025-11-05 12:41:43.726] [info] Frame 75 (t = 0.375):	 total squared error = 0.00471407, marker error: RMS = 0.0143164, max = 0.032979 (LTH2)
[2025-11-05 12:41:43.813] [info] Frame 76 (t = 0.38):	 total squared error = 0.00473336, marker error: RMS = 0.0143457, max = 0.0327226 (LTH2)
[2025-11-05 12:41:43.865] [info] Frame 77 (t = 0.385):	 total squared error = 0.00471791, marker error: RMS = 0.0143222, max = 0.0322535 (LTH2)
[2025-11-05 12:41:43.941] [info] Frame 78 (t = 0.39):	 total squared error = 0.00469298, marker error: RMS = 0.0142844, max = 0.0316665 (LTH2)
[2025-11-05 12:41:44.018] [info] Frame 79 (t = 0.395):	 total squared error = 0.00463891, marker error: RMS = 0.0142018, max = 0.0310052 (LTH2)
[2025-11-05 12:41:44.113] [info] Frame 80 (t = 0.4):	 total squared error = 0.00456172, marker error: RMS = 0.0140832, max = 0.0303108 (LTH2)
[2025-11-05 12:41:44.173] [info] Frame 81 (t = 0.405000):	 total squared error = 0.00444556, marker error: RMS = 0.0139027, max = 0.0292831 (LTH2)
[2025-11-05 12:41:44.213] [info] Frame 82 (t = 0.41):	 total squared error = 0.00433890, marker error: RMS = 0.0137349, max = 0.0283843 (LTH2)
[2025-11-05 12:41:44.240] [info] Frame 83 (t = 0.415):	 total squared error = 0.00418734, marker error: RMS = 0.0134929, max = 0.0270168 (LTH2)
[2025-11-05 12:41:44.284] [info] Frame 84 (t = 0.42):	 total squared error = 0.00404031, marker error: RMS = 0.0132539, max = 0.0256868 (LTH2)
[2025-11-05 12:41:44.342] [info] Frame 85 (t = 0.425):	 total squared error = 0.00391805, marker error: RMS = 0.0130518, max = 0.0248227 (LTH2)
[2025-11-05 12:41:44.433] [info] Frame 86 (t = 0.43):	 total squared error = 0.00379151, marker error: RMS = 0.0128393, max = 0.0237196 (LTH2)
[2025-11-05 12:41:44.478] [info] Frame 87 (t = 0.435):	 total squared error = 0.00363216, marker error: RMS = 0.0125666, max = 0.0221427 (LTH2)
[2025-11-05 12:41:44.507] [info] Frame 88 (t = 0.44):	 total squared error = 0.00348924, marker error: RMS = 0.0123169, max = 0.0205478 (LTH2)
[2025-11-05 12:41:44.571] [info] Frame 89 (t = 0.445):	 total squared error = 0.00341819, marker error: RMS = 0.0121908, max = 0.0200714 (LTH2)
[2025-11-05 12:41:44.637] [info] Frame 90 (t = 0.45):	 total squared error = 0.00331026, marker error: RMS = 0.0119968, max = 0.0188017 (LTH2)
[2025-11-05 12:41:44.673] [info] Frame 91 (t = 0.455):	 total squared error = 0.00321728, marker error: RMS = 0.0118272, max = 0.0187738 (XIPH)
[2025-11-05 12:41:44.699] [info] Frame 92 (t = 0.46):	 total squared error = 0.00314644, marker error: RMS = 0.0116962, max = 0.0187876 (XIPH)
[2025-11-05 12:41:44.735] [info] Frame 93 (t = 0.465):	 total squared error = 0.00312493, marker error: RMS = 0.0116562, max = 0.0187353 (XIPH)
[2025-11-05 12:41:44.767] [info] Frame 94 (t = 0.47):	 total squared error = 0.00309195, marker error: RMS = 0.0115945, max = 0.0187332 (XIPH)
[2025-11-05 12:41:44.806] [info] Frame 95 (t = 0.475):	 total squared error = 0.00310495, marker error: RMS = 0.0116189, max = 0.0186804 (XIPH)
[2025-11-05 12:41:44.862] [info] Frame 96 (t = 0.48):	 total squared error = 0.00311081, marker error: RMS = 0.0116298, max = 0.0186779 (XIPH)
[2025-11-05 12:41:44.950] [info] Frame 97 (t = 0.485):	 total squared error = 0.00315709, marker error: RMS = 0.011716, max = 0.0186259 (XIPH)
[2025-11-05 12:41:45.019] [info] Frame 98 (t = 0.49):	 total squared error = 0.00320181, marker error: RMS = 0.0117987, max = 0.0185922 (XIPH)
[2025-11-05 12:41:45.050] [info] Frame 99 (t = 0.495):	 total squared error = 0.00325427, marker error: RMS = 0.011895, max = 0.0185508 (XIPH)
[2025-11-05 12:41:45.071] [info] Frame 100 (t = 0.5):	 total squared error = 0.00330542, marker error: RMS = 0.0119881, max = 0.0188369 (LSHA2)
[2025-11-05 12:41:45.123] [info] Frame 101 (t = 0.505000):	 total squared error = 0.00337335, marker error: RMS = 0.0121106, max = 0.0191828 (LSHA2)
[2025-11-05 12:41:45.193] [info] Frame 102 (t = 0.51):	 total squared error = 0.00344356, marker error: RMS = 0.012236, max = 0.0194771 (LSHA2)
[2025-11-05 12:41:45.252] [info] Frame 103 (t = 0.515):	 total squared error = 0.00349909, marker error: RMS = 0.0123343, max = 0.0198894 (LSHA2)
[2025-11-05 12:41:45.306] [info] Frame 104 (t = 0.52):	 total squared error = 0.00355012, marker error: RMS = 0.0124239, max = 0.0202110 (LSHA2)
[2025-11-05 12:41:45.406] [info] Frame 105 (t = 0.525):	 total squared error = 0.00360005, marker error: RMS = 0.012511, max = 0.0206204 (LTH2)
[2025-11-05 12:41:45.455] [info] Frame 106 (t = 0.53):	 total squared error = 0.00361968, marker error: RMS = 0.012545, max = 0.0207464 (LTH2)
[2025-11-05 12:41:45.505] [info] Frame 107 (t = 0.535):	 total squared error = 0.00361372, marker error: RMS = 0.0125347, max = 0.0205946 (LTH2)
[2025-11-05 12:41:45.543] [info] Frame 108 (t = 0.54):	 total squared error = 0.00359237, marker error: RMS = 0.0124976, max = 0.0200322 (LTH2)
[2025-11-05 12:41:45.592] [info] Frame 109 (t = 0.545):	 total squared error = 0.00353418, marker error: RMS = 0.012396, max = 0.0205133 (LTH2)
[2025-11-05 12:41:45.661] [info] Frame 110 (t = 0.55):	 total squared error = 0.00345047, marker error: RMS = 0.0122483, max = 0.0200588 (LTH2)
[2025-11-05 12:41:45.713] [info] Frame 111 (t = 0.555):	 total squared error = 0.00334356, marker error: RMS = 0.0120570, max = 0.019331 (LTH2)
[2025-11-05 12:41:45.810] [info] Frame 112 (t = 0.56):	 total squared error = 0.00321488, marker error: RMS = 0.0118227, max = 0.0190652 (LTH2)
[2025-11-05 12:41:45.891] [info] Frame 113 (t = 0.565):	 total squared error = 0.00307152, marker error: RMS = 0.0115561, max = 0.018469 (XIPH)
[2025-11-05 12:41:45.926] [info] Frame 114 (t = 0.57):	 total squared error = 0.00291097, marker error: RMS = 0.0112501, max = 0.0185030 (XIPH)
[2025-11-05 12:41:45.964] [info] Frame 115 (t = 0.575):	 total squared error = 0.00274638, marker error: RMS = 0.0109274, max = 0.0186272 (XIPH)
[2025-11-05 12:41:46.029] [info] Frame 116 (t = 0.58):	 total squared error = 0.00257143, marker error: RMS = 0.0105736, max = 0.0186836 (XIPH)
[2025-11-05 12:41:46.102] [info] Frame 117 (t = 0.585):	 total squared error = 0.00241016, marker error: RMS = 0.0102367, max = 0.0187553 (XIPH)
[2025-11-05 12:41:46.158] [info] Frame 118 (t = 0.59):	 total squared error = 0.00226204, marker error: RMS = 0.00991713, max = 0.0188732 (XIPH)
[2025-11-05 12:41:46.244] [info] Frame 119 (t = 0.595):	 total squared error = 0.00212557, marker error: RMS = 0.00961333, max = 0.0189417 (XIPH)
[2025-11-05 12:41:46.316] [info] Frame 120 (t = 0.6):	 total squared error = 0.00200864, marker error: RMS = 0.00934518, max = 0.0190151 (XIPH)
[2025-11-05 12:41:46.380] [info] Frame 121 (t = 0.605000):	 total squared error = 0.00191483, marker error: RMS = 0.00912434, max = 0.0190904 (XIPH)
[2025-11-05 12:41:46.436] [info] Frame 122 (t = 0.61):	 total squared error = 0.00184962, marker error: RMS = 0.00896762, max = 0.0192339 (XIPH)
[2025-11-05 12:41:46.523] [info] Frame 123 (t = 0.615):	 total squared error = 0.00179519, marker error: RMS = 0.00883470, max = 0.0192418 (XIPH)
[2025-11-05 12:41:46.590] [info] Frame 124 (t = 0.62):	 total squared error = 0.00176746, marker error: RMS = 0.00876618, max = 0.0193044 (XIPH)
[2025-11-05 12:41:46.671] [info] Frame 125 (t = 0.625):	 total squared error = 0.00175939, marker error: RMS = 0.00874616, max = 0.0193665 (XIPH)
[2025-11-05 12:41:46.754] [info] Frame 126 (t = 0.63):	 total squared error = 0.00176736, marker error: RMS = 0.00876594, max = 0.0194251 (XIPH)
[2025-11-05 12:41:46.831] [info] Frame 127 (t = 0.635):	 total squared error = 0.00178753, marker error: RMS = 0.00881583, max = 0.0194624 (XIPH)
[2025-11-05 12:41:46.872] [info] Frame 128 (t = 0.64):	 total squared error = 0.00181694, marker error: RMS = 0.00888804, max = 0.0195011 (XIPH)
[2025-11-05 12:41:46.910] [info] Frame 129 (t = 0.645):	 total squared error = 0.00184960, marker error: RMS = 0.00896756, max = 0.0195479 (XIPH)
[2025-11-05 12:41:46.948] [info] Frame 130 (t = 0.65):	 total squared error = 0.00188379, marker error: RMS = 0.00905008, max = 0.0195471 (XIPH)
[2025-11-05 12:41:46.989] [info] Frame 131 (t = 0.655):	 total squared error = 0.00191865, marker error: RMS = 0.00913344, max = 0.0195947 (XIPH)
[2025-11-05 12:41:47.016] [info] Frame 132 (t = 0.66):	 total squared error = 0.00196028, marker error: RMS = 0.00923198, max = 0.0196024 (XIPH)
[2025-11-05 12:41:47.112] [info] Frame 133 (t = 0.665):	 total squared error = 0.00196242, marker error: RMS = 0.00923702, max = 0.0196438 (XIPH)
[2025-11-05 12:41:47.139] [info] Frame 134 (t = 0.67):	 total squared error = 0.00198163, marker error: RMS = 0.00928213, max = 0.0197132 (XIPH)
[2025-11-05 12:41:47.178] [info] Frame 135 (t = 0.675):	 total squared error = 0.00198951, marker error: RMS = 0.00930056, max = 0.0196088 (XIPH)
[2025-11-05 12:41:47.260] [info] Frame 136 (t = 0.68):	 total squared error = 0.00201839, marker error: RMS = 0.00936782, max = 0.0197443 (XIPH)
[2025-11-05 12:41:47.306] [info] Frame 137 (t = 0.685):	 total squared error = 0.00201749, marker error: RMS = 0.00936574, max = 0.019741 (XIPH)
[2025-11-05 12:41:47.364] [info] Frame 138 (t = 0.69):	 total squared error = 0.00202801, marker error: RMS = 0.00939012, max = 0.0197742 (XIPH)
[2025-11-05 12:41:47.439] [info] Frame 139 (t = 0.695):	 total squared error = 0.00205097, marker error: RMS = 0.00944312, max = 0.0197941 (XIPH)
[2025-11-05 12:41:47.486] [info] Frame 140 (t = 0.7):	 total squared error = 0.00206023, marker error: RMS = 0.00946442, max = 0.019749 (XIPH)
[2025-11-05 12:41:47.566] [info] Frame 141 (t = 0.705000):	 total squared error = 0.00208785, marker error: RMS = 0.00952764, max = 0.0197495 (XIPH)
[2025-11-05 12:41:47.648] [info] Frame 142 (t = 0.71):	 total squared error = 0.00211588, marker error: RMS = 0.00959139, max = 0.0197047 (XIPH)
[2025-11-05 12:41:47.751] [info] Frame 143 (t = 0.715):	 total squared error = 0.00214514, marker error: RMS = 0.00965747, max = 0.0196729 (XIPH)
[2025-11-05 12:41:47.841] [info] Frame 144 (t = 0.72):	 total squared error = 0.00216983, marker error: RMS = 0.00971289, max = 0.0195503 (XIPH)
[2025-11-05 12:41:47.944] [info] Frame 145 (t = 0.725):	 total squared error = 0.00219544, marker error: RMS = 0.00977006, max = 0.0194309 (XIPH)
[2025-11-05 12:41:48.037] [info] Frame 146 (t = 0.73):	 total squared error = 0.00221186, marker error: RMS = 0.00980652, max = 0.0192554 (XIPH)
[2025-11-05 12:41:48.121] [info] Frame 147 (t = 0.735):	 total squared error = 0.00222192, marker error: RMS = 0.00982878, max = 0.0190482 (XIPH)
[2025-11-05 12:41:48.225] [info] Frame 148 (t = 0.74):	 total squared error = 0.00222416, marker error: RMS = 0.00983376, max = 0.0189165 (RTOE)
[2025-11-05 12:41:48.313] [info] Frame 149 (t = 0.745):	 total squared error = 0.00221528, marker error: RMS = 0.00981409, max = 0.0189891 (RTOE)
[2025-11-05 12:41:48.385] [info] Frame 150 (t = 0.75):	 total squared error = 0.00220079, marker error: RMS = 0.00978194, max = 0.0191471 (RTOE)
[2025-11-05 12:41:48.430] [info] Frame 151 (t = 0.755):	 total squared error = 0.00218839, marker error: RMS = 0.00975436, max = 0.0193232 (RTOE)
[2025-11-05 12:41:48.500] [info] Frame 152 (t = 0.76):	 total squared error = 0.00215722, marker error: RMS = 0.00968463, max = 0.0192001 (RTOE)
[2025-11-05 12:41:48.554] [info] Frame 153 (t = 0.765):	 total squared error = 0.00213160, marker error: RMS = 0.00962696, max = 0.0196816 (RTHOL)
[2025-11-05 12:41:48.608] [info] Frame 154 (t = 0.77):	 total squared error = 0.00210736, marker error: RMS = 0.00957206, max = 0.0201092 (RTHOL)
[2025-11-05 12:41:48.672] [info] Frame 155 (t = 0.775):	 total squared error = 0.00208236, marker error: RMS = 0.00951511, max = 0.0208217 (RTHOL)
[2025-11-05 12:41:48.722] [info] Frame 156 (t = 0.78):	 total squared error = 0.00205506, marker error: RMS = 0.00945253, max = 0.0212221 (RTHOL)
[2025-11-05 12:41:48.754] [info] Frame 157 (t = 0.785):	 total squared error = 0.00203142, marker error: RMS = 0.00939800, max = 0.0216832 (RTHOL)
[2025-11-05 12:41:48.801] [info] Frame 158 (t = 0.79):	 total squared error = 0.00200663, marker error: RMS = 0.00934049, max = 0.0220756 (RTHOL)
[2025-11-05 12:41:48.845] [info] Frame 159 (t = 0.795):	 total squared error = 0.00198186, marker error: RMS = 0.00928266, max = 0.0223714 (RTHOL)
[2025-11-05 12:41:48.904] [info] Frame 160 (t = 0.8):	 total squared error = 0.00196780, marker error: RMS = 0.00924967, max = 0.0228974 (RTHOL)
[2025-11-05 12:41:49.002] [info] Frame 161 (t = 0.805000):	 total squared error = 0.00194343, marker error: RMS = 0.00919221, max = 0.0228524 (RTHOL)
[2025-11-05 12:41:49.065] [info] Frame 162 (t = 0.81):	 total squared error = 0.00197826, marker error: RMS = 0.00927424, max = 0.0238313 (RTHOL)
[2025-11-05 12:41:49.181] [info] Frame 163 (t = 0.815):	 total squared error = 0.00193080, marker error: RMS = 0.00916231, max = 0.0230891 (RTHOL)
[2025-11-05 12:41:49.253] [info] Frame 164 (t = 0.82):	 total squared error = 0.00193551, marker error: RMS = 0.00917347, max = 0.0230994 (RTHOL)
[2025-11-05 12:41:49.305] [info] Frame 165 (t = 0.825):	 total squared error = 0.00194956, marker error: RMS = 0.00920670, max = 0.0229692 (RTHOL)
[2025-11-05 12:41:49.396] [info] Frame 166 (t = 0.83):	 total squared error = 0.00198191, marker error: RMS = 0.00928278, max = 0.0229092 (RTHOL)
[2025-11-05 12:41:49.497] [info] Frame 167 (t = 0.835):	 total squared error = 0.00202771, marker error: RMS = 0.00938942, max = 0.0228918 (RTHOL)
[2025-11-05 12:41:49.585] [info] Frame 168 (t = 0.84):	 total squared error = 0.00209655, marker error: RMS = 0.00954749, max = 0.0229835 (RTHOL)
[2025-11-05 12:41:49.671] [info] Frame 169 (t = 0.845):	 total squared error = 0.00215914, marker error: RMS = 0.00968895, max = 0.0227718 (RTHOL)
[2025-11-05 12:41:49.765] [info] Frame 170 (t = 0.85):	 total squared error = 0.00223981, marker error: RMS = 0.00986829, max = 0.0228217 (RTHOL)
[2025-11-05 12:41:49.886] [info] Frame 171 (t = 0.855):	 total squared error = 0.00229392, marker error: RMS = 0.00998678, max = 0.0224523 (RTHOL)
[2025-11-05 12:41:49.944] [info] Frame 172 (t = 0.86):	 total squared error = 0.00237854, marker error: RMS = 0.0101693, max = 0.0224263 (RTHOL)
[2025-11-05 12:41:50.006] [info] Frame 173 (t = 0.865):	 total squared error = 0.00247364, marker error: RMS = 0.0103706, max = 0.0225552 (RTHOL)
[2025-11-05 12:41:50.085] [info] Frame 174 (t = 0.87):	 total squared error = 0.00252234, marker error: RMS = 0.0104722, max = 0.0222016 (RTHOL)
[2025-11-05 12:41:50.122] [info] Frame 175 (t = 0.875):	 total squared error = 0.00263577, marker error: RMS = 0.0107051, max = 0.0226438 (RTHOL)
[2025-11-05 12:41:50.310] [info] Frame 176 (t = 0.88):	 total squared error = 0.00266047, marker error: RMS = 0.0107551, max = 0.0220469 (RTHOL)
[2025-11-05 12:41:50.459] [info] Frame 177 (t = 0.885):	 total squared error = 0.00274639, marker error: RMS = 0.0109274, max = 0.0221841 (RTHOL)
[2025-11-05 12:41:50.550] [info] Frame 178 (t = 0.89):	 total squared error = 0.00283961, marker error: RMS = 0.0111113, max = 0.0225476 (RTHOL)
[2025-11-05 12:41:50.755] [info] Frame 179 (t = 0.895):	 total squared error = 0.00285633, marker error: RMS = 0.011144, max = 0.0219081 (RTHOL)
[2025-11-05 12:41:50.920] [info] Frame 180 (t = 0.9):	 total squared error = 0.00291700, marker error: RMS = 0.0112617, max = 0.0218111 (RTHOL)
[2025-11-05 12:41:51.006] [info] Frame 181 (t = 0.905000):	 total squared error = 0.00298748, marker error: RMS = 0.011397, max = 0.0219517 (RTHOL)
[2025-11-05 12:41:51.210] [info] Frame 182 (t = 0.91):	 total squared error = 0.00302122, marker error: RMS = 0.0114611, max = 0.0216128 (RTHOL)
[2025-11-05 12:41:51.292] [info] Frame 183 (t = 0.915):	 total squared error = 0.00306148, marker error: RMS = 0.0115372, max = 0.0215653 (RTHOL)
[2025-11-05 12:41:51.419] [info] Frame 184 (t = 0.92):	 total squared error = 0.00307951, marker error: RMS = 0.0115712, max = 0.0211778 (RTHOL)
[2025-11-05 12:41:51.513] [info] Frame 185 (t = 0.925):	 total squared error = 0.00308253, marker error: RMS = 0.0115768, max = 0.0209680 (RTHOL)
[2025-11-05 12:41:51.703] [info] Frame 186 (t = 0.93):	 total squared error = 0.00306832, marker error: RMS = 0.0115501, max = 0.0206094 (RTHOL)
[2025-11-05 12:41:51.851] [info] Frame 187 (t = 0.935):	 total squared error = 0.00302738, marker error: RMS = 0.0114728, max = 0.0201633 (RSHAOL)
[2025-11-05 12:41:52.046] [info] Frame 188 (t = 0.94):	 total squared error = 0.00297587, marker error: RMS = 0.0113748, max = 0.0200120 (RSHAOL)
[2025-11-05 12:41:52.126] [info] Frame 189 (t = 0.945):	 total squared error = 0.00289204, marker error: RMS = 0.0112134, max = 0.0198568 (RSHAOL)
[2025-11-05 12:41:52.293] [info] Frame 190 (t = 0.95):	 total squared error = 0.00280881, marker error: RMS = 0.0110509, max = 0.0193087 (RSHAOL)
[2025-11-05 12:41:52.402] [info] Frame 191 (t = 0.955):	 total squared error = 0.00269604, marker error: RMS = 0.0108268, max = 0.0187828 (RSHAOL)
[2025-11-05 12:41:52.506] [info] Frame 192 (t = 0.96):	 total squared error = 0.00258848, marker error: RMS = 0.0106086, max = 0.0181584 (RSHAOL)
[2025-11-05 12:41:52.615] [info] Frame 193 (t = 0.965):	 total squared error = 0.00247117, marker error: RMS = 0.0103654, max = 0.0176425 (XIPH)
[2025-11-05 12:41:52.749] [info] Frame 194 (t = 0.97):	 total squared error = 0.00234012, marker error: RMS = 0.0100868, max = 0.0176683 (XIPH)
[2025-11-05 12:41:52.808] [info] Frame 195 (t = 0.975):	 total squared error = 0.00222193, marker error: RMS = 0.00982881, max = 0.0176388 (XIPH)
[2025-11-05 12:41:52.849] [info] Frame 196 (t = 0.98):	 total squared error = 0.00211251, marker error: RMS = 0.00958374, max = 0.0176024 (XIPH)
[2025-11-05 12:41:52.892] [info] Frame 197 (t = 0.985):	 total squared error = 0.00200631, marker error: RMS = 0.00933975, max = 0.0175999 (XIPH)
[2025-11-05 12:41:52.918] [info] Frame 198 (t = 0.99):	 total squared error = 0.00189393, marker error: RMS = 0.00907441, max = 0.017592 (XIPH)
[2025-11-05 12:41:52.952] [info] Frame 199 (t = 0.995):	 total squared error = 0.00181670, marker error: RMS = 0.00888746, max = 0.0175202 (XIPH)
[2025-11-05 12:41:53.030] [info] Frame 200 (t = 1.0):	 total squared error = 0.00174447, marker error: RMS = 0.00870900, max = 0.0174796 (XIPH)
[2025-11-05 12:41:53.073] [info] Frame 201 (t = 1.00500):	 total squared error = 0.00166858, marker error: RMS = 0.00851745, max = 0.0174448 (XIPH)
[2025-11-05 12:41:53.146] [info] Frame 202 (t = 1.01):	 total squared error = 0.00162646, marker error: RMS = 0.00840926, max = 0.0173961 (XIPH)
[2025-11-05 12:41:53.194] [info] Frame 203 (t = 1.015):	 total squared error = 0.00157852, marker error: RMS = 0.00828440, max = 0.0173473 (XIPH)
[2025-11-05 12:41:53.278] [info] Frame 204 (t = 1.02):	 total squared error = 0.00156927, marker error: RMS = 0.00826008, max = 0.0173146 (XIPH)
[2025-11-05 12:41:53.319] [info] Frame 205 (t = 1.025):	 total squared error = 0.00154683, marker error: RMS = 0.00820081, max = 0.0173002 (XIPH)
[2025-11-05 12:41:53.360] [info] Frame 206 (t = 1.03):	 total squared error = 0.00154442, marker error: RMS = 0.00819442, max = 0.0172522 (XIPH)
[2025-11-05 12:41:53.442] [info] Frame 207 (t = 1.035):	 total squared error = 0.00156799, marker error: RMS = 0.00825673, max = 0.0172248 (XIPH)
[2025-11-05 12:41:53.480] [info] Frame 208 (t = 1.04):	 total squared error = 0.00158979, marker error: RMS = 0.00831392, max = 0.017189 (XIPH)
[2025-11-05 12:41:53.522] [info] Frame 209 (t = 1.045):	 total squared error = 0.00161287, marker error: RMS = 0.00837405, max = 0.0172132 (XIPH)
[2025-11-05 12:41:53.590] [info] Frame 210 (t = 1.05):	 total squared error = 0.00165359, marker error: RMS = 0.00847910, max = 0.0171767 (XIPH)
[2025-11-05 12:41:53.626] [info] Frame 211 (t = 1.055):	 total squared error = 0.00169253, marker error: RMS = 0.00857835, max = 0.01722 (XIPH)
[2025-11-05 12:41:53.674] [info] Frame 212 (t = 1.06):	 total squared error = 0.00174037, marker error: RMS = 0.00869875, max = 0.017244 (XIPH)
[2025-11-05 12:41:53.744] [info] Frame 213 (t = 1.065):	 total squared error = 0.00179619, marker error: RMS = 0.00883716, max = 0.0172142 (XIPH)
[2025-11-05 12:41:53.790] [info] Frame 214 (t = 1.07):	 total squared error = 0.00184394, marker error: RMS = 0.00895383, max = 0.0172545 (XIPH)
[2025-11-05 12:41:53.865] [info] Frame 215 (t = 1.075):	 total squared error = 0.00189354, marker error: RMS = 0.00907347, max = 0.0172654 (XIPH)
[2025-11-05 12:41:53.943] [info] Frame 216 (t = 1.08):	 total squared error = 0.00193363, marker error: RMS = 0.00916901, max = 0.0173665 (XIPH)
[2025-11-05 12:41:54.029] [info] Frame 217 (t = 1.085):	 total squared error = 0.00197079, marker error: RMS = 0.00925669, max = 0.0174334 (XIPH)
[2025-11-05 12:41:54.095] [info] Frame 218 (t = 1.09):	 total squared error = 0.00199409, marker error: RMS = 0.00931127, max = 0.0175375 (XIPH)
[2025-11-05 12:41:54.164] [info] Frame 219 (t = 1.095):	 total squared error = 0.00200771, marker error: RMS = 0.00934301, max = 0.0176828 (XIPH)
[2025-11-05 12:41:54.232] [info] Frame 220 (t = 1.1):	 total squared error = 0.00200846, marker error: RMS = 0.00934474, max = 0.0178148 (XIPH)
[2025-11-05 12:41:54.294] [info] Frame 221 (t = 1.10500):	 total squared error = 0.00199709, marker error: RMS = 0.00931827, max = 0.0180025 (XIPH)
[2025-11-05 12:41:54.385] [info] Frame 222 (t = 1.11):	 total squared error = 0.00197611, marker error: RMS = 0.00926919, max = 0.0181529 (XIPH)
[2025-11-05 12:41:54.483] [info] Frame 223 (t = 1.115):	 total squared error = 0.00193823, marker error: RMS = 0.00917991, max = 0.0183734 (XIPH)
[2025-11-05 12:41:54.547] [info] Frame 224 (t = 1.12):	 total squared error = 0.00188638, marker error: RMS = 0.00905630, max = 0.0186197 (XIPH)
[2025-11-05 12:41:54.612] [info] Frame 225 (t = 1.125):	 total squared error = 0.00182912, marker error: RMS = 0.00891778, max = 0.0189103 (XIPH)
[2025-11-05 12:41:54.712] [info] Frame 226 (t = 1.13):	 total squared error = 0.00177006, marker error: RMS = 0.00877263, max = 0.0191528 (XIPH)
[2025-11-05 12:41:54.787] [info] Frame 227 (t = 1.135):	 total squared error = 0.00170743, marker error: RMS = 0.00861604, max = 0.0194693 (XIPH)
[2025-11-05 12:41:54.847] [info] Frame 228 (t = 1.14):	 total squared error = 0.00164719, marker error: RMS = 0.00846268, max = 0.0197727 (XIPH)
[2025-11-05 12:41:54.915] [info] Frame 229 (t = 1.145):	 total squared error = 0.00159614, marker error: RMS = 0.00833051, max = 0.0201042 (XIPH)
[2025-11-05 12:41:54.987] [info] Frame 230 (t = 1.15):	 total squared error = 0.00155526, marker error: RMS = 0.00822313, max = 0.0204261 (XIPH)
[2025-11-05 12:41:55.063] [info] Frame 231 (t = 1.155):	 total squared error = 0.00152579, marker error: RMS = 0.00814487, max = 0.0207260 (XIPH)
[2025-11-05 12:41:55.126] [info] Frame 232 (t = 1.16):	 total squared error = 0.00151377, marker error: RMS = 0.00811272, max = 0.0210564 (XIPH)
[2025-11-05 12:41:55.192] [info] Frame 233 (t = 1.165):	 total squared error = 0.00151378, marker error: RMS = 0.00811274, max = 0.0213496 (XIPH)
[2025-11-05 12:41:55.257] [info] Frame 234 (t = 1.17):	 total squared error = 0.00153011, marker error: RMS = 0.00815637, max = 0.0216204 (XIPH)
[2025-11-05 12:41:55.343] [info] Frame 235 (t = 1.175):	 total squared error = 0.00155558, marker error: RMS = 0.00822397, max = 0.0218834 (XIPH)
[2025-11-05 12:41:55.413] [info] Frame 236 (t = 1.18):	 total squared error = 0.00158988, marker error: RMS = 0.00831417, max = 0.0221040 (XIPH)
[2025-11-05 12:41:55.487] [info] Frame 237 (t = 1.185):	 total squared error = 0.00162760, marker error: RMS = 0.00841219, max = 0.0223031 (XIPH)
[2025-11-05 12:41:55.567] [info] Frame 238 (t = 1.19):	 total squared error = 0.00167007, marker error: RMS = 0.00852125, max = 0.0224898 (XIPH)
[2025-11-05 12:41:55.585] [info] Frame 239 (t = 1.195):	 total squared error = 0.00172682, marker error: RMS = 0.00866482, max = 0.0225812 (XIPH)
[2025-11-05 12:41:55.655] [info] Frame 240 (t = 1.2):	 total squared error = 0.00174403, marker error: RMS = 0.00870790, max = 0.0227792 (XIPH)
[2025-11-05 12:41:55.677] [info] Frame 241 (t = 1.20500):	 total squared error = 0.00178016, marker error: RMS = 0.00879762, max = 0.0228915 (XIPH)
[2025-11-05 12:41:55.701] [info] Frame 242 (t = 1.21):	 total squared error = 0.00181432, marker error: RMS = 0.00888164, max = 0.0230259 (XIPH)
[2025-11-05 12:41:55.818] [info] Frame 243 (t = 1.215):	 total squared error = 0.00181420, marker error: RMS = 0.00888135, max = 0.0230724 (XIPH)
[2025-11-05 12:41:55.857] [info] Frame 244 (t = 1.22):	 total squared error = 0.00182396, marker error: RMS = 0.00890520, max = 0.0231113 (XIPH)
[2025-11-05 12:41:55.900] [info] Frame 245 (t = 1.225):	 total squared error = 0.00182969, marker error: RMS = 0.00891918, max = 0.0231796 (XIPH)
[2025-11-05 12:41:55.959] [info] Frame 246 (t = 1.23):	 total squared error = 0.00183506, marker error: RMS = 0.00893225, max = 0.023224 (XIPH)
[2025-11-05 12:41:56.025] [info] Frame 247 (t = 1.235):	 total squared error = 0.00184101, marker error: RMS = 0.00894673, max = 0.0232718 (XIPH)
[2025-11-05 12:41:56.083] [info] Frame 248 (t = 1.24):	 total squared error = 0.00184367, marker error: RMS = 0.00895320, max = 0.0232729 (XIPH)
[2025-11-05 12:41:56.148] [info] Frame 249 (t = 1.245):	 total squared error = 0.00185028, marker error: RMS = 0.00896922, max = 0.0232783 (XIPH)
[2025-11-05 12:41:56.210] [info] Frame 250 (t = 1.25):	 total squared error = 0.00185495, marker error: RMS = 0.00898053, max = 0.023273 (XIPH)
[2025-11-05 12:41:56.277] [info] Frame 251 (t = 1.255):	 total squared error = 0.00186043, marker error: RMS = 0.00899379, max = 0.0232574 (XIPH)
[2025-11-05 12:41:56.323] [info] InverseKinematicsTool completed 216 frames in 16 second(s).
[2025-11-05 12:45:22.788] [info] Loaded model Athlete_03 from file C:\Git\1_current_projects\powerlifing_model\models\Athlete_03\25_03_31\scaled.osim
[2025-11-05 12:45:22.930] [info] Storage: read data file = joint_angles.mot (nr=216 nc=40)
[2025-11-05 12:45:23.080] [info] Loaded model Athlete_03 from file ..\..\..\..\models\Athlete_03\25_03_31\scaled.osim
[2025-11-05 12:45:23.253] [cout] [info] 
               MODEL: Athlete_03
         coordinates: 39
              forces: 97
           actuators: 97
             muscles: 80
            analyses: 0
              probes: 0
              bodies: 22
              joints: 22
         constraints: 2
             markers: 45
         controllers: 0
  contact geometries: 0
misc modelcomponents: 0
[2025-11-05 12:45:23.254] [info] Running tool ...
[2025-11-05 12:45:23.478] [info] Storage: read data file = grf.mot (nr=4930 nc=46)
[2025-11-05 12:45:23.581] [info] ExternalForce::grf_r_2 Data source being set to grf
[2025-11-05 12:45:23.582] [info] ExternalForce::grf_r_5 Data source being set to grf
[2025-11-05 12:45:23.618] [info] Storage: read data file = joint_angles.mot (nr=216 nc=40)
[2025-11-05 12:45:23.627] [info] Low-pass filtering coordinates data with a cutoff frequency of 6.0...
[2025-11-05 12:45:24.560] [info] InverseDynamicsTool: 216 time frames in 772 millisecond(s).
[2025-11-05 12:45:24.693] [info] Loaded model Athlete_03 from file C:\Git\1_current_projects\powerlifing_model\models\Athlete_03\25_03_31\scaled.osim
[2025-11-05 12:45:24.866] [info] Storage: read data file = joint_angles.mot (nr=216 nc=40)
[2025-11-05 12:45:24.951] [info] AbstractTool  loading model ..\..\..\..\models\Athlete_03\25_03_31\scaled.osim
[2025-11-05 12:45:25.077] [info] Loaded model Athlete_03 from file ..\..\..\..\models\Athlete_03\25_03_31\scaled.osim
[2025-11-05 12:45:25.553] [info] Storage: read data file = grf.mot (nr=4930 nc=46)
[2025-11-05 12:45:25.773] [info] ExternalForce::grf_r_2 Data source being set to grf
[2025-11-05 12:45:25.773] [info] ExternalForce::grf_r_5 Data source being set to grf
[2025-11-05 12:45:25.818] [info] Loading coordinates from file 'joint_angles.mot'.
[2025-11-05 12:45:25.818] [info] Storage: read data file = joint_angles.mot (nr=216 nc=40)
[2025-11-05 12:45:25.829] [info] Low-pass filtering coordinates data with a cutoff frequency of 6.0...
[2025-11-05 12:45:26.594] [info] AssemblySolver::track() attempt Failed: SimTK Exception thrown at Assembler.cpp:973:
  Method Assembler::track() failed because:
Unable to achieve required assembly error tolerance.
Assembly error tolerance achieved: 5.2830928726627816e-09 required: 1e-10.
[2025-11-05 12:45:26.610] [error] Model unable to assemble: AssemblySolver::assemble() Failed: SimTK Exception thrown at Assembler.cpp:897:
  Method Assembler::assemble() failed because:
Unable to achieve required assembly error tolerance.
Assembly error tolerance achieved: 5.2830929719761564e-09 required: 1e-10..Model relaxing constraints and trying again.
[2025-11-05 12:45:27.197] [info] Found 432 state vectors with time stamps ranging from -0.36 to 1.795.
[2025-11-05 12:45:27.198] [info] Executing the analyses from 0.18 to 1.255...
[2025-11-05 12:45:27.212] [warning] MuscleAnalysis: coordinate mtp_angle_r is locked and can't be varied.
[2025-11-05 12:45:27.213] [warning] MuscleAnalysis: coordinate mtp_angle_l is locked and can't be varied.
[2025-11-05 12:45:27.213] [warning] MuscleAnalysis: coordinate wrist_flex_r is locked and can't be varied.
[2025-11-05 12:45:27.213] [warning] MuscleAnalysis: coordinate wrist_dev_r is locked and can't be varied.
[2025-11-05 12:45:27.213] [warning] MuscleAnalysis: coordinate wrist_flex_l is locked and can't be varied.
[2025-11-05 12:45:27.213] [warning] MuscleAnalysis: coordinate wrist_dev_l is locked and can't be varied.
[2025-11-05 12:47:04.822] [info] Printing results of investigation  to muscleAnalysis
[2025-11-05 12:47:06.811] [info] Storage: read data file = joint_angles.mot (nr=216 nc=40)
[2025-11-05 12:47:06.875] [info] Loaded model Athlete_03 from file C:\Git\1_current_projects\powerlifing_model\models\Athlete_03\25_03_31\scaled.osim
[2025-11-05 12:47:56.663] [info] Storage: read data file = joint_angles.mot (nr=216 nc=40)
[2025-11-05 12:47:56.869] [info] Loaded model Athlete_03 from file C:\Git\1_current_projects\powerlifing_model\models\Athlete_03\25_03_31\scaled.osim
[2025-11-05 12:49:10.604] [info] Loaded model Athlete_03 from file C:\Git\1_current_projects\powerlifing_model\models\Athlete_03\25_03_31\scaled.osim
[2025-11-05 12:49:10.963] [info] Storage: read data file = joint_angles.mot (nr=216 nc=40)
[2025-11-05 12:49:11.088] [info] AbstractTool SO loading model ..\..\..\..\models\Athlete_03\25_03_31\scaled.osim
[2025-11-05 12:49:11.243] [info] Loaded model Athlete_03 from file ..\..\..\..\models\Athlete_03\25_03_31\scaled.osim
[2025-11-05 12:49:11.557] [info] Adding force object set from actuators_so.xml
[2025-11-05 12:49:11.882] [info] Storage: read data file = grf.mot (nr=4930 nc=46)
[2025-11-05 12:49:12.184] [info] ExternalForce::grf_r_2 Data source being set to grf
[2025-11-05 12:49:12.184] [info] ExternalForce::grf_r_5 Data source being set to grf
[2025-11-05 12:49:12.216] [info] Loading coordinates from file 'joint_angles.mot'.
[2025-11-05 12:49:12.217] [info] Storage: read data file = joint_angles.mot (nr=216 nc=40)
[2025-11-05 12:49:12.236] [info] Low-pass filtering coordinates data with a cutoff frequency of 6.0...
[2025-11-05 12:49:13.785] [info] AssemblySolver::track() attempt Failed: SimTK Exception thrown at Assembler.cpp:973:
  Method Assembler::track() failed because:
Unable to achieve required assembly error tolerance.
Assembly error tolerance achieved: 5.2830928726627816e-09 required: 1e-10.
[2025-11-05 12:49:13.823] [error] Model unable to assemble: AssemblySolver::assemble() Failed: SimTK Exception thrown at Assembler.cpp:897:
  Method Assembler::assemble() failed because:
Unable to achieve required assembly error tolerance.
Assembly error tolerance achieved: 5.2830929719761564e-09 required: 1e-10..Model relaxing constraints and trying again.
[2025-11-05 12:49:15.350] [info] Found 432 state vectors with time stamps ranging from -0.36 to 1.795.
[2025-11-05 12:49:15.351] [info] Executing the analyses from 0.18 to 1.255...
[2025-11-05 12:49:15.734] [info] Storage: read data file = grf.mot (nr=4930 nc=46)
[2025-11-05 12:49:16.037] [info] ExternalForce::grf_r_2 Data source being set to grf
[2025-11-05 12:49:16.037] [info] ExternalForce::grf_r_5 Data source being set to grf
[2025-11-05 12:49:16.208] [info] Storage: read data file = grf.mot (nr=4930 nc=46)
[2025-11-05 12:49:16.537] [info] ExternalForce::grf_r_2 Data source being set to grf
[2025-11-05 12:49:16.538] [info] ExternalForce::grf_r_5 Data source being set to grf
[2025-11-05 12:49:20.412] [cout] [info] time = 0.18 Performance = 4.72171 Constraint violation = 4.16111e-13
[2025-11-05 12:49:20.419] [info] Bounds for 'addbrev_r': 0.01 to 1.0.
[2025-11-05 12:49:20.420] [info] Bounds for 'addlong_r': 0.01 to 1.0.
[2025-11-05 12:49:20.420] [info] Bounds for 'addmagDist_r': 0.01 to 1.0.
[2025-11-05 12:49:20.420] [info] Bounds for 'addmagIsch_r': 0.01 to 1.0.
[2025-11-05 12:49:20.420] [info] Bounds for 'addmagMid_r': 0.01 to 1.0.
[2025-11-05 12:49:20.420] [info] Bounds for 'addmagProx_r': 0.01 to 1.0.
[2025-11-05 12:49:20.420] [info] Bounds for 'bflh_r': 0.01 to 1.0.
[2025-11-05 12:49:20.420] [info] Bounds for 'bfsh_r': 0.01 to 1.0.
[2025-11-05 12:49:20.421] [info] Bounds for 'edl_r': 0.01 to 1.0.
[2025-11-05 12:49:20.421] [info] Bounds for 'ehl_r': 0.01 to 1.0.
[2025-11-05 12:49:20.421] [info] Bounds for 'fdl_r': 0.01 to 1.0.
[2025-11-05 12:49:20.421] [info] Bounds for 'fhl_r': 0.01 to 1.0.
[2025-11-05 12:49:20.421] [info] Bounds for 'gaslat_r': 0.01 to 1.0.
[2025-11-05 12:49:20.421] [info] Bounds for 'gasmed_r': 0.01 to 1.0.
[2025-11-05 12:49:20.421] [info] Bounds for 'glmax1_r': 0.01 to 1.0.
[2025-11-05 12:49:20.422] [info] Bounds for 'glmax2_r': 0.01 to 1.0.
[2025-11-05 12:49:20.422] [info] Bounds for 'glmax3_r': 0.01 to 1.0.
[2025-11-05 12:49:20.422] [info] Bounds for 'glmed1_r': 0.01 to 1.0.
[2025-11-05 12:49:20.422] [info] Bounds for 'glmed2_r': 0.01 to 1.0.
[2025-11-05 12:49:20.423] [info] Bounds for 'glmed3_r': 0.01 to 1.0.
[2025-11-05 12:49:20.423] [info] Bounds for 'glmin1_r': 0.01 to 1.0.
[2025-11-05 12:49:20.424] [info] Bounds for 'glmin2_r': 0.01 to 1.0.
[2025-11-05 12:49:20.424] [info] Bounds for 'glmin3_r': 0.01 to 1.0.
[2025-11-05 12:49:20.425] [info] Bounds for 'grac_r': 0.01 to 1.0.
[2025-11-05 12:49:20.425] [info] Bounds for 'iliacus_r': 0.01 to 1.0.
[2025-11-05 12:49:20.425] [info] Bounds for 'perbrev_r': 0.01 to 1.0.
[2025-11-05 12:49:20.425] [info] Bounds for 'perlong_r': 0.01 to 1.0.
[2025-11-05 12:49:20.426] [info] Bounds for 'piri_r': 0.01 to 1.0.
[2025-11-05 12:49:20.426] [info] Bounds for 'psoas_r': 0.01 to 1.0.
[2025-11-05 12:49:20.426] [info] Bounds for 'recfem_r': 0.01 to 1.0.
[2025-11-05 12:49:20.427] [info] Bounds for 'sart_r': 0.01 to 1.0.
[2025-11-05 12:49:20.427] [info] Bounds for 'semimem_r': 0.01 to 1.0.
[2025-11-05 12:49:20.427] [info] Bounds for 'semiten_r': 0.01 to 1.0.
[2025-11-05 12:49:20.428] [info] Bounds for 'soleus_r': 0.01 to 1.0.
[2025-11-05 12:49:20.428] [info] Bounds for 'tfl_r': 0.01 to 1.0.
[2025-11-05 12:49:20.428] [info] Bounds for 'tibant_r': 0.01 to 1.0.
[2025-11-05 12:49:20.429] [info] Bounds for 'tibpost_r': 0.01 to 1.0.
[2025-11-05 12:49:20.429] [info] Bounds for 'vasint_r': 0.01 to 1.0.
[2025-11-05 12:49:20.429] [info] Bounds for 'vaslat_r': 0.01 to 1.0.
[2025-11-05 12:49:20.429] [info] Bounds for 'vasmed_r': 0.01 to 1.0.
[2025-11-05 12:49:20.429] [info] Bounds for 'addbrev_l': 0.01 to 1.0.
[2025-11-05 12:49:20.430] [info] Bounds for 'addlong_l': 0.01 to 1.0.
[2025-11-05 12:49:20.430] [info] Bounds for 'addmagDist_l': 0.01 to 1.0.
[2025-11-05 12:49:20.430] [info] Bounds for 'addmagIsch_l': 0.01 to 1.0.
[2025-11-05 12:49:20.432] [info] Bounds for 'addmagMid_l': 0.01 to 1.0.
[2025-11-05 12:49:20.432] [info] Bounds for 'addmagProx_l': 0.01 to 1.0.
[2025-11-05 12:49:20.432] [info] Bounds for 'bflh_l': 0.01 to 1.0.
[2025-11-05 12:49:20.433] [info] Bounds for 'bfsh_l': 0.01 to 1.0.
[2025-11-05 12:49:20.433] [info] Bounds for 'edl_l': 0.01 to 1.0.
[2025-11-05 12:49:20.433] [info] Bounds for 'ehl_l': 0.01 to 1.0.
[2025-11-05 12:49:20.434] [info] Bounds for 'fdl_l': 0.01 to 1.0.
[2025-11-05 12:49:20.434] [info] Bounds for 'fhl_l': 0.01 to 1.0.
[2025-11-05 12:49:20.434] [info] Bounds for 'gaslat_l': 0.01 to 1.0.
[2025-11-05 12:49:20.434] [info] Bounds for 'gasmed_l': 0.01 to 1.0.
[2025-11-05 12:49:20.435] [info] Bounds for 'glmax1_l': 0.01 to 1.0.
[2025-11-05 12:49:20.436] [info] Bounds for 'glmax2_l': 0.01 to 1.0.
[2025-11-05 12:49:20.436] [info] Bounds for 'glmax3_l': 0.01 to 1.0.
[2025-11-05 12:49:20.436] [info] Bounds for 'glmed1_l': 0.01 to 1.0.
[2025-11-05 12:49:20.436] [info] Bounds for 'glmed2_l': 0.01 to 1.0.
[2025-11-05 12:49:20.436] [info] Bounds for 'glmed3_l': 0.01 to 1.0.
[2025-11-05 12:49:20.437] [info] Bounds for 'glmin1_l': 0.01 to 1.0.
[2025-11-05 12:49:20.437] [info] Bounds for 'glmin2_l': 0.01 to 1.0.
[2025-11-05 12:49:20.437] [info] Bounds for 'glmin3_l': 0.01 to 1.0.
[2025-11-05 12:49:20.438] [info] Bounds for 'grac_l': 0.01 to 1.0.
[2025-11-05 12:49:20.438] [info] Bounds for 'iliacus_l': 0.01 to 1.0.
[2025-11-05 12:49:20.438] [info] Bounds for 'perbrev_l': 0.01 to 1.0.
[2025-11-05 12:49:20.439] [info] Bounds for 'perlong_l': 0.01 to 1.0.
[2025-11-05 12:49:20.439] [info] Bounds for 'piri_l': 0.01 to 1.0.
[2025-11-05 12:49:20.439] [info] Bounds for 'psoas_l': 0.01 to 1.0.
[2025-11-05 12:49:20.439] [info] Bounds for 'recfem_l': 0.01 to 1.0.
[2025-11-05 12:49:20.439] [info] Bounds for 'sart_l': 0.01 to 1.0.
[2025-11-05 12:49:20.440] [info] Bounds for 'semimem_l': 0.01 to 1.0.
[2025-11-05 12:49:20.440] [info] Bounds for 'semiten_l': 0.01 to 1.0.
[2025-11-05 12:49:20.440] [info] Bounds for 'soleus_l': 0.01 to 1.0.
[2025-11-05 12:49:20.440] [info] Bounds for 'tfl_l': 0.01 to 1.0.
[2025-11-05 12:49:20.440] [info] Bounds for 'tibant_l': 0.01 to 1.0.
[2025-11-05 12:49:20.441] [info] Bounds for 'tibpost_l': 0.01 to 1.0.
[2025-11-05 12:49:20.441] [info] Bounds for 'vasint_l': 0.01 to 1.0.
[2025-11-05 12:49:20.441] [info] Bounds for 'vaslat_l': 0.01 to 1.0.
[2025-11-05 12:49:20.441] [info] Bounds for 'vasmed_l': 0.01 to 1.0.
[2025-11-05 12:49:20.441] [info] Bounds for 'lumbar_ext': -inf to inf.
[2025-11-05 12:49:20.441] [info] Bounds for 'lumbar_bend': -inf to inf.
[2025-11-05 12:49:20.442] [info] Bounds for 'lumbar_rot': -inf to inf.
[2025-11-05 12:49:20.442] [info] Bounds for 'shoulder_flex_r': -inf to inf.
[2025-11-05 12:49:20.443] [info] Bounds for 'shoulder_add_r': -inf to inf.
[2025-11-05 12:49:20.443] [info] Bounds for 'shoulder_rot_r': -inf to inf.
[2025-11-05 12:49:20.443] [info] Bounds for 'elbow_flex_r': -inf to inf.
[2025-11-05 12:49:20.444] [info] Bounds for 'pro_sup_r': -inf to inf.
[2025-11-05 12:49:20.444] [info] Bounds for 'wrist_flex_r': -inf to inf.
[2025-11-05 12:49:20.444] [info] Bounds for 'wrist_dev_r': -inf to inf.
[2025-11-05 12:49:20.445] [info] Bounds for 'shoulder_flex_l': -inf to inf.
[2025-11-05 12:49:20.445] [info] Bounds for 'shoulder_add_l': -inf to inf.
[2025-11-05 12:49:20.445] [info] Bounds for 'shoulder_rot_l': -inf to inf.
[2025-11-05 12:49:20.446] [info] Bounds for 'elbow_flex_l': -inf to inf.
[2025-11-05 12:49:20.446] [info] Bounds for 'pro_sup_l': -inf to inf.
[2025-11-05 12:49:20.446] [info] Bounds for 'wrist_flex_l': -inf to inf.
[2025-11-05 12:49:20.446] [info] Bounds for 'wrist_dev_l': -inf to inf.
[2025-11-05 12:49:20.446] [info] Bounds for 'FX': -inf to inf.
[2025-11-05 12:49:20.446] [info] Bounds for 'FY': -inf to inf.
[2025-11-05 12:49:20.446] [info] Bounds for 'FZ': -inf to inf.
[2025-11-05 12:49:20.446] [info] Bounds for 'MX': -inf to inf.
[2025-11-05 12:49:20.446] [info] Bounds for 'MY': -inf to inf.
[2025-11-05 12:49:20.446] [info] Bounds for 'MZ': -inf to inf.
[2025-11-05 12:49:20.446] [info] Bounds for 'hip_flexion_r_reserve': -1.0 to 1.0.
[2025-11-05 12:49:20.447] [info] Bounds for 'hip_adduction_r_reserve': -1.0 to 1.0.
[2025-11-05 12:49:20.447] [info] Bounds for 'hip_rotation_r_reserve': -1.0 to 1.0.
[2025-11-05 12:49:20.447] [info] Bounds for 'knee_angle_r_reserve': -1.0 to 1.0.
[2025-11-05 12:49:20.447] [info] Bounds for 'ankle_angle_r_reserve': -1.0 to 1.0.
[2025-11-05 12:49:20.447] [info] Bounds for 'hip_flexion_l_reserve': -1.0 to 1.0.
[2025-11-05 12:49:20.448] [info] Bounds for 'hip_adduction_l_reserve': -1.0 to 1.0.
[2025-11-05 12:49:20.448] [info] Bounds for 'hip_rotation_l_reserve': -1.0 to 1.0.
[2025-11-05 12:49:20.448] [info] Bounds for 'knee_angle_l_reserve': -1.0 to 1.0.
[2025-11-05 12:49:20.448] [info] Bounds for 'ankle_angle_l_reserve': -1.0 to 1.0.
[2025-11-05 12:49:21.560] [cout] [info] time = 0.185 Performance = 6.25917 Constraint violation = 4.21312e-13
[2025-11-05 12:49:22.765] [cout] [info] time = 0.19 Performance = 8.68531 Constraint violation = 4.95805e-13
[2025-11-05 12:49:24.101] [cout] [info] time = 0.195 Performance = 11.6965 Constraint violation = 2.76698e-12
[2025-11-05 12:49:25.360] [cout] [info] time = 0.2 Performance = 14.9825 Constraint violation = 7.42952e-13
[2025-11-05 12:49:26.568] [cout] [info] time = 0.205000 Performance = 18.3591 Constraint violation = 1.21486e-12
[2025-11-05 12:49:27.678] [cout] [info] time = 0.21 Performance = 21.7951 Constraint violation = 5.00872e-12
[2025-11-05 12:49:28.796] [cout] [info] time = 0.215 Performance = 25.375 Constraint violation = 2.22885e-12
[2025-11-05 12:49:29.865] [cout] [info] time = 0.22 Performance = 29.2228 Constraint violation = 1.63262e-12
[2025-11-05 12:49:30.958] [cout] [info] time = 0.225 Performance = 33.4232 Constraint violation = 1.1632e-12
[2025-11-05 12:49:32.010] [cout] [info] time = 0.23 Performance = 37.9488 Constraint violation = 2.86786e-12
[2025-11-05 12:49:33.184] [cout] [info] time = 0.235 Performance = 42.6123 Constraint violation = 4.73438e-12
[2025-11-05 12:49:34.630] [cout] [info] time = 0.24 Performance = 47.0341 Constraint violation = 6.98082e-12
[2025-11-05 12:49:36.011] [cout] [info] time = 0.245 Performance = 50.8 Constraint violation = 2.36738e-12
[2025-11-05 12:49:37.226] [cout] [info] time = 0.25 Performance = 53.5193 Constraint violation = 4.93664e-12
[2025-11-05 12:49:38.378] [cout] [info] time = 0.255 Performance = 54.9144 Constraint violation = 5.10242e-12
[2025-11-05 12:49:39.471] [cout] [info] time = 0.26 Performance = 54.8737 Constraint violation = 1.75897e-12
[2025-11-05 12:49:40.557] [cout] [info] time = 0.265 Performance = 53.469 Constraint violation = 2.71974e-12
[2025-11-05 12:49:41.737] [cout] [info] time = 0.27 Performance = 50.9348 Constraint violation = 3.52378e-11
[2025-11-05 12:49:42.883] [cout] [info] time = 0.275 Performance = 47.6245 Constraint violation = 1.35712e-12
[2025-11-05 12:49:44.118] [cout] [info] time = 0.28 Performance = 43.9398 Constraint violation = 3.04435e-12
[2025-11-05 12:49:45.166] [cout] [info] time = 0.285 Performance = 40.2624 Constraint violation = 1.44776e-12
[2025-11-05 12:49:46.323] [cout] [info] time = 0.29 Performance = 36.8923 Constraint violation = 2.78618e-12
[2025-11-05 12:49:47.423] [cout] [info] time = 0.295 Performance = 34.0077 Constraint violation = 3.91703e-12
[2025-11-05 12:49:48.511] [cout] [info] time = 0.3 Performance = 31.6623 Constraint violation = 1.95443e-12
[2025-11-05 12:49:49.545] [cout] [info] time = 0.305000 Performance = 29.8086 Constraint violation = 2.42090e-12
[2025-11-05 12:49:50.553] [cout] [info] time = 0.31 Performance = 28.337 Constraint violation = 1.90978e-12
[2025-11-05 12:49:51.633] [cout] [info] time = 0.315 Performance = 27.1093 Constraint violation = 5.21617e-12
[2025-11-05 12:49:52.711] [cout] [info] time = 0.32 Performance = 25.9986 Constraint violation = 4.83699e-12
[2025-11-05 12:49:53.789] [cout] [info] time = 0.325 Performance = 24.9037 Constraint violation = 2.18212e-12
[2025-11-05 12:49:54.974] [cout] [info] time = 0.33 Performance = 23.7396 Constraint violation = 3.79453e-12
[2025-11-05 12:49:55.925] [cout] [info] time = 0.335 Performance = 22.4546 Constraint violation = 1.40977e-12
[2025-11-05 12:49:56.728] [cout] [info] time = 0.34 Performance = 21.0393 Constraint violation = 5.7457e-12
[2025-11-05 12:49:57.605] [cout] [info] time = 0.345 Performance = 19.5184 Constraint violation = 3.37706e-12
[2025-11-05 12:49:58.209] [cout] [info] time = 0.35 Performance = 17.9301 Constraint violation = 2.46497e-12
[2025-11-05 12:49:58.790] [cout] [info] time = 0.355 Performance = 16.3216 Constraint violation = 2.21699e-12
[2025-11-05 12:49:59.337] [cout] [info] time = 0.36 Performance = 14.7437 Constraint violation = 2.39458e-12
[2025-11-05 12:49:59.917] [cout] [info] time = 0.365 Performance = 13.2474 Constraint violation = 1.75515e-12
[2025-11-05 12:50:00.388] [cout] [info] time = 0.37 Performance = 11.883 Constraint violation = 1.28385e-12
[2025-11-05 12:50:01.020] [cout] [info] time = 0.375 Performance = 10.6968 Constraint violation = 2.43416e-12
[2025-11-05 12:50:01.484] [cout] [info] time = 0.38 Performance = 9.72745 Constraint violation = 1.06464e-12
[2025-11-05 12:50:02.161] [cout] [info] time = 0.385 Performance = 9.00268 Constraint violation = 2.8282e-12
[2025-11-05 12:50:03.502] [cout] [info] time = 0.39 Performance = 8.53832 Constraint violation = 1.00424e-12
[2025-11-05 12:50:04.643] [cout] [info] time = 0.395 Performance = 8.3392 Constraint violation = 7.67859e-12
[2025-11-05 12:50:05.770] [cout] [info] time = 0.4 Performance = 8.40418 Constraint violation = 3.56367e-12
[2025-11-05 12:50:06.896] [cout] [info] time = 0.405000 Performance = 8.73051 Constraint violation = 1.52725e-11
[2025-11-05 12:50:07.945] [cout] [info] time = 0.41 Performance = 9.31235 Constraint violation = 3.40823e-12
[2025-11-05 12:50:08.815] [cout] [info] time = 0.415 Performance = 10.1356 Constraint violation = 2.63241e-12
[2025-11-05 12:50:09.546] [cout] [info] time = 0.42 Performance = 11.1709 Constraint violation = 3.34974e-12
[2025-11-05 12:50:10.695] [cout] [info] time = 0.425 Performance = 12.3709 Constraint violation = 1.17723e-12
[2025-11-05 12:50:11.773] [cout] [info] time = 0.43 Performance = 13.668 Constraint violation = 2.34136e-12
[2025-11-05 12:50:12.811] [cout] [info] time = 0.435 Performance = 14.9783 Constraint violation = 1.47079e-12
[2025-11-05 12:50:13.824] [cout] [info] time = 0.44 Performance = 16.2133 Constraint violation = 1.76692e-12
[2025-11-05 12:50:14.917] [cout] [info] time = 0.445 Performance = 17.287 Constraint violation = 1.97158e-12
[2025-11-05 12:50:16.073] [cout] [info] time = 0.45 Performance = 18.1205 Constraint violation = 1.02492e-12
[2025-11-05 12:50:17.118] [cout] [info] time = 0.455 Performance = 18.6468 Constraint violation = 1.7196e-12
[2025-11-05 12:50:18.153] [cout] [info] time = 0.46 Performance = 18.8197 Constraint violation = 9.85655e-13
[2025-11-05 12:50:19.227] [cout] [info] time = 0.465 Performance = 18.6196 Constraint violation = 4.50095e-12
[2025-11-05 12:50:20.328] [cout] [info] time = 0.47 Performance = 18.0595 Constraint violation = 3.78187e-12
[2025-11-05 12:50:21.523] [cout] [info] time = 0.475 Performance = 17.1814 Constraint violation = 1.09691e-11
[2025-11-05 12:50:22.803] [cout] [info] time = 0.48 Performance = 16.0508 Constraint violation = 1.92894e-12
[2025-11-05 12:50:23.813] [cout] [info] time = 0.485 Performance = 14.7478 Constraint violation = 9.21414e-12
[2025-11-05 12:50:24.461] [cout] [info] time = 0.49 Performance = 13.3575 Constraint violation = 1.58749e-12
[2025-11-05 12:50:25.299] [cout] [info] time = 0.495 Performance = 11.9597 Constraint violation = 2.7877e-12
[2025-11-05 12:50:26.492] [cout] [info] time = 0.5 Performance = 10.6246 Constraint violation = 2.13839e-12
[2025-11-05 12:50:27.516] [cout] [info] time = 0.505000 Performance = 9.40796 Constraint violation = 4.71044e-12
[2025-11-05 12:50:28.562] [cout] [info] time = 0.51 Performance = 8.35080 Constraint violation = 4.63077e-12
[2025-11-05 12:50:29.649] [cout] [info] time = 0.515 Performance = 7.47675 Constraint violation = 2.02301e-12
[2025-11-05 12:50:30.721] [cout] [info] time = 0.52 Performance = 6.79215 Constraint violation = 1.55835e-12
[2025-11-05 12:50:31.876] [cout] [info] time = 0.525 Performance = 6.2873 Constraint violation = 7.27134e-13
[2025-11-05 12:50:32.384] [cout] [info] time = 0.53 Performance = 5.93925 Constraint violation = 2.26065e-12
[2025-11-05 12:50:32.930] [cout] [info] time = 0.535 Performance = 5.71814 Constraint violation = 2.0882e-12
[2025-11-05 12:50:33.642] [cout] [info] time = 0.54 Performance = 5.59365 Constraint violation = 1.25478e-12
[2025-11-05 12:50:34.619] [cout] [info] time = 0.545 Performance = 5.54077 Constraint violation = 1.06891e-12
[2025-11-05 12:50:36.039] [cout] [info] time = 0.55 Performance = 5.54431 Constraint violation = 2.03043e-12
[2025-11-05 12:50:37.260] [cout] [info] time = 0.555 Performance = 5.59992 Constraint violation = 5.55776e-12
[2025-11-05 12:50:38.413] [cout] [info] time = 0.56 Performance = 5.7116 Constraint violation = 3.69264e-12
[2025-11-05 12:50:39.539] [cout] [info] time = 0.565 Performance = 5.88795 Constraint violation = 2.99529e-12
[2025-11-05 12:50:40.623] [cout] [info] time = 0.57 Performance = 6.13887 Constraint violation = 2.09734e-12
[2025-11-05 12:50:41.671] [cout] [info] time = 0.575 Performance = 6.47075 Constraint violation = 1.54114e-12
[2025-11-05 12:50:42.769] [cout] [info] time = 0.58 Performance = 6.88494 Constraint violation = 2.86821e-12
[2025-11-05 12:50:43.917] [cout] [info] time = 0.585 Performance = 7.37764 Constraint violation = 1.24708e-12
[2025-11-05 12:50:44.987] [cout] [info] time = 0.59 Performance = 7.93884 Constraint violation = 2.97963e-12
[2025-11-05 12:50:46.150] [cout] [info] time = 0.595 Performance = 8.55397 Constraint violation = 2.06812e-12
[2025-11-05 12:50:47.309] [cout] [info] time = 0.6 Performance = 9.20531 Constraint violation = 1.30478e-12
[2025-11-05 12:50:48.399] [cout] [info] time = 0.605000 Performance = 9.87466 Constraint violation = 7.34892e-12
[2025-11-05 12:50:49.532] [cout] [info] time = 0.61 Performance = 10.5474 Constraint violation = 2.12839e-12
[2025-11-05 12:50:50.630] [cout] [info] time = 0.615 Performance = 11.2142 Constraint violation = 2.9425e-12
[2025-11-05 12:50:51.755] [cout] [info] time = 0.62 Performance = 11.8708 Constraint violation = 3.71028e-12
[2025-11-05 12:50:52.851] [cout] [info] time = 0.625 Performance = 12.5156 Constraint violation = 1.00894e-11
[2025-11-05 12:50:53.987] [cout] [info] time = 0.63 Performance = 13.1462 Constraint violation = 2.23919e-12
[2025-11-05 12:50:54.732] [cout] [info] time = 0.635 Performance = 13.759 Constraint violation = 3.03335e-12
[2025-11-05 12:50:55.541] [cout] [info] time = 0.64 Performance = 14.3502 Constraint violation = 1.448e-12
[2025-11-05 12:50:56.107] [cout] [info] time = 0.645 Performance = 14.9226 Constraint violation = 3.82829e-12
[2025-11-05 12:50:56.794] [cout] [info] time = 0.65 Performance = 15.4942 Constraint violation = 7.45507e-12
[2025-11-05 12:50:57.553] [cout] [info] time = 0.655 Performance = 16.1125 Constraint violation = 5.72065e-12
[2025-11-05 12:50:58.373] [cout] [info] time = 0.66 Performance = 16.8596 Constraint violation = 2.50294e-12
[2025-11-05 12:50:59.140] [cout] [info] time = 0.665 Performance = 17.8627 Constraint violation = 7.57477e-12
[2025-11-05 12:50:59.838] [cout] [info] time = 0.67 Performance = 19.2912 Constraint violation = 9.33314e-13
[2025-11-05 12:51:00.612] [cout] [info] time = 0.675 Performance = 21.3389 Constraint violation = 4.28811e-12
[2025-11-05 12:51:01.377] [cout] [info] time = 0.68 Performance = 24.2029 Constraint violation = 4.40155e-12
[2025-11-05 12:51:02.175] [cout] [info] time = 0.685 Performance = 28.0557 Constraint violation = 1.28674e-11
[2025-11-05 12:51:03.059] [cout] [info] time = 0.69 Performance = 33.0905 Constraint violation = 4.19267e-12
[2025-11-05 12:51:03.926] [cout] [info] time = 0.695 Performance = 40.0403 Constraint violation = 7.42203e-12
[2025-11-05 12:51:12.162] [warning] SimTK Exception thrown at InteriorPointOptimizer.cpp:264:
  Optimizer failed: Ipopt: Maximum iterations exceeded (status -1)
[2025-11-05 12:51:12.162] [warning] OPTIMIZATION FAILED...
[2025-11-05 12:51:12.162] [warning] StaticOptimization.record: The optimizer could not find a solution at time = 0.7.
[2025-11-05 12:51:12.164] [warning] The model appears too weak for static optimization.
Try increasing the strength and/or range of the following force(s):
   bflh_r approaching upper bound of 1
   bfsh_r approaching upper bound of 1
   gaslat_r approaching upper bound of 1
   gasmed_r approaching upper bound of 1
   glmax2_r approaching upper bound of 1
   glmax3_r approaching upper bound of 1
   grac_r approaching upper bound of 1
   sart_r approaching upper bound of 1
   semimem_r approaching upper bound of 1
   semiten_r approaching upper bound of 1
   hip_flexion_r_reserve approaching lower bound of -1
   knee_angle_r_reserve approaching upper bound of 1

[2025-11-05 12:51:12.164] [cout] [info] time = 0.7 Performance = 66.8158 Constraint violation = 978.466
[2025-11-05 12:51:18.563] [warning] SimTK Exception thrown at InteriorPointOptimizer.cpp:264:
  Optimizer failed: Ipopt: Maximum iterations exceeded (status -1)
[2025-11-05 12:51:18.563] [warning] OPTIMIZATION FAILED...
[2025-11-05 12:51:18.564] [warning] StaticOptimization.record: The optimizer could not find a solution at time = 0.705000.
[2025-11-05 12:51:18.564] [warning] The model appears too weak for static optimization.
Try increasing the strength and/or range of the following force(s):
   addmagIsch_r approaching upper bound of 1
   bflh_r approaching upper bound of 1
   bfsh_r approaching upper bound of 1
   gaslat_r approaching upper bound of 1
   gasmed_r approaching upper bound of 1
   glmax1_r approaching upper bound of 1
   glmax2_r approaching upper bound of 1
   glmax3_r approaching upper bound of 1
   grac_r approaching upper bound of 1
   sart_r approaching upper bound of 1
   semimem_r approaching upper bound of 1
   semiten_r approaching upper bound of 1
   hip_flexion_r_reserve approaching lower bound of -1
   hip_rotation_r_reserve approaching upper bound of 1
   knee_angle_r_reserve approaching upper bound of 1

[2025-11-05 12:51:18.565] [cout] [info] time = 0.705000 Performance = 113.065 Constraint violation = 748.489
[2025-11-05 12:51:25.859] [warning] SimTK Exception thrown at InteriorPointOptimizer.cpp:264:
  Optimizer failed: Ipopt: Maximum iterations exceeded (status -1)
[2025-11-05 12:51:25.859] [warning] OPTIMIZATION FAILED...
[2025-11-05 12:51:25.860] [warning] StaticOptimization.record: The optimizer could not find a solution at time = 0.71.
[2025-11-05 12:51:25.860] [warning] The model appears too weak for static optimization.
Try increasing the strength and/or range of the following force(s):
   bflh_r approaching upper bound of 1
   bfsh_r approaching upper bound of 1
   gaslat_r approaching upper bound of 1
   gasmed_r approaching upper bound of 1
   grac_r approaching upper bound of 1
   sart_r approaching upper bound of 1
   semimem_r approaching upper bound of 1
   semiten_r approaching upper bound of 1
   knee_angle_r_reserve approaching upper bound of 1

[2025-11-05 12:51:25.860] [cout] [info] time = 0.71 Performance = 92.3603 Constraint violation = 1383.46
[2025-11-05 12:51:35.688] [warning] SimTK Exception thrown at InteriorPointOptimizer.cpp:264:
  Optimizer failed: Ipopt: Maximum iterations exceeded (status -1)
[2025-11-05 12:51:35.688] [warning] OPTIMIZATION FAILED...
[2025-11-05 12:51:35.689] [warning] StaticOptimization.record: The optimizer could not find a solution at time = 0.715.
[2025-11-05 12:51:35.689] [warning] The model appears too weak for static optimization.
Try increasing the strength and/or range of the following force(s):
   bflh_r approaching upper bound of 1
   bfsh_r approaching upper bound of 1
   gaslat_r approaching upper bound of 1
   gasmed_r approaching upper bound of 1
   glmax3_r approaching upper bound of 1
   grac_r approaching upper bound of 1
   sart_r approaching upper bound of 1
   semimem_r approaching upper bound of 1
   semiten_r approaching upper bound of 1
   knee_angle_r_reserve approaching upper bound of 1

[2025-11-05 12:51:35.690] [cout] [info] time = 0.715 Performance = 29.4843 Constraint violation = 270.731
[2025-11-05 12:51:44.617] [warning] SimTK Exception thrown at InteriorPointOptimizer.cpp:264:
  Optimizer failed: Ipopt: Maximum iterations exceeded (status -1)
[2025-11-05 12:51:44.618] [warning] OPTIMIZATION FAILED...
[2025-11-05 12:51:44.618] [warning] StaticOptimization.record: The optimizer could not find a solution at time = 0.72.
[2025-11-05 12:51:44.618] [warning] The model appears too weak for static optimization.
Try increasing the strength and/or range of the following force(s):
   bflh_r approaching upper bound of 1
   bfsh_r approaching upper bound of 1
   gaslat_r approaching upper bound of 1
   gasmed_r approaching upper bound of 1
   grac_r approaching upper bound of 1
   sart_r approaching upper bound of 1
   semimem_r approaching upper bound of 1
   semiten_r approaching upper bound of 1
   knee_angle_r_reserve approaching upper bound of 1

[2025-11-05 12:51:44.619] [cout] [info] time = 0.72 Performance = 261.184 Constraint violation = 3602.08
[2025-11-05 12:51:57.286] [warning] SimTK Exception thrown at InteriorPointOptimizer.cpp:264:
  Optimizer failed: Ipopt: Maximum iterations exceeded (status -1)
[2025-11-05 12:51:57.286] [warning] OPTIMIZATION FAILED...
[2025-11-05 12:51:57.287] [warning] StaticOptimization.record: The optimizer could not find a solution at time = 0.725.
[2025-11-05 12:51:57.287] [warning] The model appears too weak for static optimization.
Try increasing the strength and/or range of the following force(s):
   bflh_r approaching upper bound of 1
   bfsh_r approaching upper bound of 1
   gaslat_r approaching upper bound of 1
   gasmed_r approaching upper bound of 1
   grac_r approaching upper bound of 1
   sart_r approaching upper bound of 1
   semimem_r approaching upper bound of 1
   semiten_r approaching upper bound of 1
   hip_rotation_r_reserve approaching upper bound of 1
   knee_angle_r_reserve approaching upper bound of 1

[2025-11-05 12:51:57.288] [cout] [info] time = 0.725 Performance = 416.514 Constraint violation = 871.086
[2025-11-05 12:52:12.757] [warning] SimTK Exception thrown at InteriorPointOptimizer.cpp:264:
  Optimizer failed: Ipopt: Maximum iterations exceeded (status -1)
[2025-11-05 12:52:12.758] [warning] OPTIMIZATION FAILED...
[2025-11-05 12:52:12.758] [warning] StaticOptimization.record: The optimizer could not find a solution at time = 0.73.
[2025-11-05 12:52:12.758] [warning] The model appears too weak for static optimization.
Try increasing the strength and/or range of the following force(s):
   bflh_r approaching upper bound of 1
   bfsh_r approaching upper bound of 1
   gaslat_r approaching upper bound of 1
   gasmed_r approaching upper bound of 1
   glmax2_r approaching upper bound of 1
   grac_r approaching upper bound of 1
   sart_r approaching upper bound of 1
   semimem_r approaching upper bound of 1
   semiten_r approaching upper bound of 1
   hip_flexion_r_reserve approaching lower bound of -1
   knee_angle_r_reserve approaching upper bound of 1

[2025-11-05 12:52:12.759] [cout] [info] time = 0.73 Performance = 1041.61 Constraint violation = 353.206
[2025-11-05 12:52:22.714] [warning] SimTK Exception thrown at InteriorPointOptimizer.cpp:264:
  Optimizer failed: Ipopt: Maximum iterations exceeded (status -1)
[2025-11-05 12:52:22.714] [warning] OPTIMIZATION FAILED...
[2025-11-05 12:52:22.714] [warning] StaticOptimization.record: The optimizer could not find a solution at time = 0.735.
[2025-11-05 12:52:22.715] [warning] The model appears too weak for static optimization.
Try increasing the strength and/or range of the following force(s):
   bflh_r approaching upper bound of 1
   bfsh_r approaching upper bound of 1
   gaslat_r approaching upper bound of 1
   gasmed_r approaching upper bound of 1
   grac_r approaching upper bound of 1
   sart_r approaching upper bound of 1
   semimem_r approaching upper bound of 1
   semiten_r approaching upper bound of 1
   knee_angle_r_reserve approaching upper bound of 1

[2025-11-05 12:52:22.716] [cout] [info] time = 0.735 Performance = 21.8196 Constraint violation = 1748.07
[2025-11-05 12:52:35.566] [warning] SimTK Exception thrown at InteriorPointOptimizer.cpp:264:
  Optimizer failed: Ipopt: Maximum iterations exceeded (status -1)
[2025-11-05 12:52:35.567] [warning] OPTIMIZATION FAILED...
[2025-11-05 12:52:35.567] [warning] StaticOptimization.record: The optimizer could not find a solution at time = 0.74.
[2025-11-05 12:52:35.567] [warning] The model appears too weak for static optimization.
Try increasing the strength and/or range of the following force(s):
   bflh_r approaching upper bound of 1
   bfsh_r approaching upper bound of 1
   gaslat_r approaching upper bound of 1
   gasmed_r approaching upper bound of 1
   grac_r approaching upper bound of 1
   sart_r approaching upper bound of 1
   semimem_r approaching upper bound of 1
   semiten_r approaching upper bound of 1
   knee_angle_r_reserve approaching upper bound of 1

[2025-11-05 12:52:35.568] [cout] [info] time = 0.74 Performance = 20.6024 Constraint violation = 1016.76
[2025-11-05 12:52:46.436] [warning] SimTK Exception thrown at InteriorPointOptimizer.cpp:264:
  Optimizer failed: Ipopt: Maximum iterations exceeded (status -1)
[2025-11-05 12:52:46.436] [warning] OPTIMIZATION FAILED...
[2025-11-05 12:52:46.437] [warning] StaticOptimization.record: The optimizer could not find a solution at time = 0.745.
[2025-11-05 12:52:46.437] [warning] The model appears too weak for static optimization.
Try increasing the strength and/or range of the following force(s):
   bflh_r approaching upper bound of 1
   bfsh_r approaching upper bound of 1
   gaslat_r approaching upper bound of 1
   gasmed_r approaching upper bound of 1
   grac_r approaching upper bound of 1
   sart_r approaching upper bound of 1
   semimem_r approaching upper bound of 1
   semiten_r approaching upper bound of 1
   knee_angle_r_reserve approaching upper bound of 1

[2025-11-05 12:52:46.438] [cout] [info] time = 0.745 Performance = 100.24 Constraint violation = 4797.65
[2025-11-05 12:52:51.985] [warning] SimTK Exception thrown at InteriorPointOptimizer.cpp:264:
  Optimizer failed: Ipopt: Maximum iterations exceeded (status -1)
[2025-11-05 12:52:51.985] [warning] OPTIMIZATION FAILED...
[2025-11-05 12:52:51.986] [warning] StaticOptimization.record: The optimizer could not find a solution at time = 0.75.
[2025-11-05 12:52:51.986] [warning] The model appears too weak for static optimization.
Try increasing the strength and/or range of the following force(s):
   bflh_r approaching upper bound of 1
   bfsh_r approaching upper bound of 1
   gaslat_r approaching upper bound of 1
   gasmed_r approaching upper bound of 1
   glmax1_r approaching upper bound of 1
   glmax2_r approaching upper bound of 1
   glmed1_r approaching upper bound of 1
   glmin1_r approaching upper bound of 1
   glmin2_r approaching upper bound of 1
   grac_r approaching upper bound of 1
   perbrev_r approaching upper bound of 1
   perlong_r approaching upper bound of 1
   sart_r approaching upper bound of 1
   semimem_r approaching upper bound of 1
   semiten_r approaching upper bound of 1
   soleus_r approaching upper bound of 1
   addbrev_l approaching upper bound of 1
   addlong_l approaching upper bound of 1
   addmagProx_l approaching upper bound of 1
   edl_l approaching upper bound of 1
   iliacus_l approaching upper bound of 1
   perbrev_l approaching upper bound of 1
   perlong_l approaching upper bound of 1
   psoas_l approaching upper bound of 1
   sart_l approaching upper bound of 1
   tfl_l approaching upper bound of 1
   hip_flexion_r_reserve approaching lower bound of -1
   hip_adduction_r_reserve approaching lower bound of -1
   hip_rotation_r_reserve approaching upper bound of 1
   knee_angle_r_reserve approaching upper bound of 1
   ankle_angle_r_reserve approaching lower bound of -1
   hip_flexion_l_reserve approaching upper bound of 1
   hip_adduction_l_reserve approaching lower bound of -1
   hip_rotation_l_reserve approaching lower bound of -1
   ankle_angle_l_reserve approaching upper bound of 1

[2025-11-05 12:52:51.987] [cout] [info] time = 0.75 Performance = 64906.6 Constraint violation = 5301.09
[2025-11-05 12:52:58.408] [warning] SimTK Exception thrown at InteriorPointOptimizer.cpp:264:
  Optimizer failed: Ipopt: Maximum iterations exceeded (status -1)
[2025-11-05 12:52:58.408] [warning] OPTIMIZATION FAILED...
[2025-11-05 12:52:58.408] [warning] StaticOptimization.record: The optimizer could not find a solution at time = 0.755.
[2025-11-05 12:52:58.409] [warning] The model appears too weak for static optimization.
Try increasing the strength and/or range of the following force(s):
   bflh_r approaching upper bound of 1
   bfsh_r approaching upper bound of 1
   gaslat_r approaching upper bound of 1
   gasmed_r approaching upper bound of 1
   grac_r approaching upper bound of 1
   sart_r approaching upper bound of 1
   semimem_r approaching upper bound of 1
   semiten_r approaching upper bound of 1
   hip_flexion_r_reserve approaching upper bound of 1
   hip_adduction_r_reserve approaching lower bound of -1
   hip_rotation_r_reserve approaching lower bound of -1
   knee_angle_r_reserve approaching upper bound of 1
   ankle_angle_r_reserve approaching lower bound of -1

[2025-11-05 12:52:58.410] [cout] [info] time = 0.755 Performance = 6190.59 Constraint violation = 33117.0
[2025-11-05 12:53:05.050] [warning] SimTK Exception thrown at InteriorPointOptimizer.cpp:264:
  Optimizer failed: Ipopt: Maximum iterations exceeded (status -1)
[2025-11-05 12:53:05.051] [warning] OPTIMIZATION FAILED...
[2025-11-05 12:53:05.051] [warning] StaticOptimization.record: The optimizer could not find a solution at time = 0.76.
[2025-11-05 12:53:05.051] [warning] The model appears too weak for static optimization.
Try increasing the strength and/or range of the following force(s):
   bflh_r approaching upper bound of 1
   bfsh_r approaching upper bound of 1
   gaslat_r approaching upper bound of 1
   gasmed_r approaching upper bound of 1
   glmed1_r approaching upper bound of 1
   glmin3_r approaching upper bound of 1
   grac_r approaching upper bound of 1
   iliacus_r approaching upper bound of 1
   sart_r approaching upper bound of 1
   semimem_r approaching upper bound of 1
   semiten_r approaching upper bound of 1
   tfl_l approaching upper bound of 1
   hip_flexion_r_reserve approaching lower bound of -1
   hip_adduction_r_reserve approaching upper bound of 1
   knee_angle_r_reserve approaching upper bound of 1
   ankle_angle_r_reserve approaching lower bound of -1
   ankle_angle_l_reserve approaching upper bound of 1

[2025-11-05 12:53:05.052] [cout] [info] time = 0.76 Performance = 35.4194 Constraint violation = 2698.6
[2025-11-05 12:53:12.626] [warning] SimTK Exception thrown at InteriorPointOptimizer.cpp:264:
  Optimizer failed: Ipopt: Maximum iterations exceeded (status -1)
[2025-11-05 12:53:12.626] [warning] OPTIMIZATION FAILED...
[2025-11-05 12:53:12.627] [warning] StaticOptimization.record: The optimizer could not find a solution at time = 0.765.
[2025-11-05 12:53:12.627] [warning] The model appears too weak for static optimization.
Try increasing the strength and/or range of the following force(s):
   bflh_r approaching upper bound of 1
   bfsh_r approaching upper bound of 1
   gaslat_r approaching upper bound of 1
   gasmed_r approaching upper bound of 1
   grac_r approaching upper bound of 1
   sart_r approaching upper bound of 1
   semimem_r approaching upper bound of 1
   semiten_r approaching upper bound of 1
   knee_angle_r_reserve approaching upper bound of 1

[2025-11-05 12:53:12.627] [cout] [info] time = 0.765 Performance = 31.0418 Constraint violation = 4332.53
[2025-11-05 12:53:20.537] [warning] SimTK Exception thrown at InteriorPointOptimizer.cpp:264:
  Optimizer failed: Ipopt: Maximum iterations exceeded (status -1)
[2025-11-05 12:53:20.537] [warning] OPTIMIZATION FAILED...
[2025-11-05 12:53:20.538] [warning] StaticOptimization.record: The optimizer could not find a solution at time = 0.77.
[2025-11-05 12:53:20.538] [warning] The model appears too weak for static optimization.
Try increasing the strength and/or range of the following force(s):
   bflh_r approaching upper bound of 1
   bfsh_r approaching upper bound of 1
   gaslat_r approaching upper bound of 1
   gasmed_r approaching upper bound of 1
   glmed1_r approaching upper bound of 1
   glmin1_r approaching upper bound of 1
   glmin2_r approaching upper bound of 1
   grac_r approaching upper bound of 1
   iliacus_r approaching upper bound of 1
   sart_r approaching upper bound of 1
   semimem_r approaching upper bound of 1
   semiten_r approaching upper bound of 1
   iliacus_l approaching upper bound of 1
   psoas_l approaching upper bound of 1
   recfem_l approaching upper bound of 1
   hip_flexion_r_reserve approaching lower bound of -1
   hip_adduction_r_reserve approaching lower bound of -1
   hip_rotation_r_reserve approaching upper bound of 1
   knee_angle_r_reserve approaching upper bound of 1
   hip_flexion_l_reserve approaching upper bound of 1

[2025-11-05 12:53:20.539] [cout] [info] time = 0.77 Performance = 174.247 Constraint violation = 1079.81
[2025-11-05 12:53:21.287] [cout] [info] time = 0.775 Performance = 57.734 Constraint violation = 9.24321e-12
[2025-11-05 12:53:21.890] [cout] [info] time = 0.78 Performance = 52.3712 Constraint violation = 5.04842e-12
[2025-11-05 12:53:22.592] [cout] [info] time = 0.785 Performance = 49.2040 Constraint violation = 7.33765e-11
[2025-11-05 12:53:23.280] [cout] [info] time = 0.79 Performance = 46.5076 Constraint violation = 2.20047e-12
[2025-11-05 12:53:24.837] [cout] [info] time = 0.795 Performance = 44.0721 Constraint violation = 7.65139e-13
[2025-11-05 12:53:26.432] [cout] [info] time = 0.8 Performance = 41.7577 Constraint violation = 2.80755e-12
[2025-11-05 12:53:27.682] [cout] [info] time = 0.805000 Performance = 39.4591 Constraint violation = 1.68215e-12
[2025-11-05 12:53:28.650] [cout] [info] time = 0.81 Performance = 37.0315 Constraint violation = 6.47173e-13
[2025-11-05 12:53:29.691] [cout] [info] time = 0.815 Performance = 34.694 Constraint violation = 1.98218e-12
[2025-11-05 12:53:30.633] [cout] [info] time = 0.82 Performance = 32.4892 Constraint violation = 9.12286e-13
[2025-11-05 12:53:31.604] [cout] [info] time = 0.825 Performance = 30.5206 Constraint violation = 9.96462e-13
[2025-11-05 12:53:32.392] [cout] [info] time = 0.83 Performance = 28.8165 Constraint violation = 3.63937e-13
[2025-11-05 12:53:33.295] [cout] [info] time = 0.835 Performance = 27.3404 Constraint violation = 8.13503e-13
[2025-11-05 12:53:35.229] [cout] [info] time = 0.84 Performance = 26.0036 Constraint violation = 3.18653e-13
[2025-11-05 12:53:36.930] [cout] [info] time = 0.845 Performance = 24.7046 Constraint violation = 9.04904e-13
[2025-11-05 12:53:37.754] [cout] [info] time = 0.85 Performance = 23.3524 Constraint violation = 1.01542e-12
[2025-11-05 12:53:39.242] [cout] [info] time = 0.855 Performance = 21.8879 Constraint violation = 3.00746e-13
[2025-11-05 12:53:41.006] [cout] [info] time = 0.86 Performance = 20.2975 Constraint violation = 1.61324e-12
[2025-11-05 12:53:42.198] [cout] [info] time = 0.865 Performance = 18.6069 Constraint violation = 1.44783e-13
[2025-11-05 12:53:43.023] [cout] [info] time = 0.87 Performance = 16.8636 Constraint violation = 5.87223e-13
[2025-11-05 12:53:43.798] [cout] [info] time = 0.875 Performance = 15.1224 Constraint violation = 6.69864e-13
[2025-11-05 12:53:44.520] [cout] [info] time = 0.88 Performance = 13.4342 Constraint violation = 9.18566e-13
[2025-11-05 12:53:45.395] [cout] [info] time = 0.885 Performance = 11.8398 Constraint violation = 5.67015e-13
[2025-11-05 12:53:46.190] [cout] [info] time = 0.89 Performance = 10.3737 Constraint violation = 5.31356e-13
[2025-11-05 12:53:46.868] [cout] [info] time = 0.895 Performance = 9.06566 Constraint violation = 5.28237e-13
[2025-11-05 12:53:47.571] [cout] [info] time = 0.9 Performance = 7.95444 Constraint violation = 2.55499e-13
[2025-11-05 12:53:48.198] [cout] [info] time = 0.905000 Performance = 7.07573 Constraint violation = 4.90533e-13
[2025-11-05 12:53:48.944] [cout] [info] time = 0.91 Performance = 6.46836 Constraint violation = 8.22779e-13
[2025-11-05 12:53:49.587] [cout] [info] time = 0.915 Performance = 6.16758 Constraint violation = 7.11719e-13
[2025-11-05 12:53:50.287] [cout] [info] time = 0.92 Performance = 6.19484 Constraint violation = 4.89466e-13
[2025-11-05 12:53:52.159] [cout] [info] time = 0.925 Performance = 6.55501 Constraint violation = 3.76847e-13
[2025-11-05 12:53:52.858] [cout] [info] time = 0.93 Performance = 7.23925 Constraint violation = 3.48875e-13
[2025-11-05 12:53:53.618] [cout] [info] time = 0.935 Performance = 8.21834 Constraint violation = 4.65502e-13
[2025-11-05 12:53:54.118] [cout] [info] time = 0.94 Performance = 9.45422 Constraint violation = 6.82902e-13
[2025-11-05 12:53:54.742] [cout] [info] time = 0.945 Performance = 10.8999 Constraint violation = 1.93304e-13
[2025-11-05 12:53:55.212] [cout] [info] time = 0.95 Performance = 12.5020 Constraint violation = 6.16069e-13
[2025-11-05 12:53:55.719] [cout] [info] time = 0.955 Performance = 14.2015 Constraint violation = 2.30504e-12
[2025-11-05 12:53:56.432] [cout] [info] time = 0.96 Performance = 15.9327 Constraint violation = 8.86912e-13
[2025-11-05 12:53:57.248] [cout] [info] time = 0.965 Performance = 17.6282 Constraint violation = 6.50236e-13
[2025-11-05 12:53:57.985] [cout] [info] time = 0.97 Performance = 19.2209 Constraint violation = 4.72003e-13
[2025-11-05 12:53:58.752] [cout] [info] time = 0.975 Performance = 20.6498 Constraint violation = 6.44867e-13
[2025-11-05 12:53:59.426] [cout] [info] time = 0.98 Performance = 21.8588 Constraint violation = 1.57663e-12
[2025-11-05 12:54:00.071] [cout] [info] time = 0.985 Performance = 22.7985 Constraint violation = 5.61145e-13
[2025-11-05 12:54:00.727] [cout] [info] time = 0.99 Performance = 23.4259 Constraint violation = 1.8718e-12
[2025-11-05 12:54:01.492] [cout] [info] time = 0.995 Performance = 23.7104 Constraint violation = 8.67239e-13
[2025-11-05 12:54:02.290] [cout] [info] time = 1.0 Performance = 23.6367 Constraint violation = 2.76893e-13
[2025-11-05 12:54:03.051] [cout] [info] time = 1.00500 Performance = 23.2070 Constraint violation = 6.94199e-12
[2025-11-05 12:54:03.916] [cout] [info] time = 1.01 Performance = 22.4461 Constraint violation = 5.96019e-13
[2025-11-05 12:54:04.663] [cout] [info] time = 1.015 Performance = 21.3949 Constraint violation = 2.4213e-12
[2025-11-05 12:54:05.317] [cout] [info] time = 1.02 Performance = 20.1174 Constraint violation = 8.85937e-13
[2025-11-05 12:54:05.932] [cout] [info] time = 1.025 Performance = 18.6884 Constraint violation = 1.95426e-12
[2025-11-05 12:54:06.560] [cout] [info] time = 1.03 Performance = 17.1923 Constraint violation = 4.58942e-12
[2025-11-05 12:54:07.140] [cout] [info] time = 1.035 Performance = 15.715 Constraint violation = 3.19064e-13
[2025-11-05 12:54:07.866] [cout] [info] time = 1.04 Performance = 14.335 Constraint violation = 1.41266e-13
[2025-11-05 12:54:08.764] [cout] [info] time = 1.045 Performance = 13.121 Constraint violation = 4.12201e-13
[2025-11-05 12:54:09.509] [cout] [info] time = 1.05 Performance = 12.1285 Constraint violation = 2.82029e-13
[2025-11-05 12:54:10.186] [cout] [info] time = 1.055 Performance = 11.3914 Constraint violation = 1.96664e-13
[2025-11-05 12:54:11.029] [cout] [info] time = 1.06 Performance = 10.9232 Constraint violation = 3.17317e-13
[2025-11-05 12:54:11.704] [cout] [info] time = 1.065 Performance = 10.7112 Constraint violation = 4.56208e-13
[2025-11-05 12:54:12.406] [cout] [info] time = 1.07 Performance = 10.7138 Constraint violation = 1.27855e-13
[2025-11-05 12:54:12.994] [cout] [info] time = 1.075 Performance = 10.8645 Constraint violation = 2.84503e-13
[2025-11-05 12:54:13.700] [cout] [info] time = 1.08 Performance = 11.0801 Constraint violation = 6.05055e-13
[2025-11-05 12:54:14.261] [cout] [info] time = 1.085 Performance = 11.273 Constraint violation = 2.58328e-13
[2025-11-05 12:54:15.362] [cout] [info] time = 1.09 Performance = 11.3641 Constraint violation = 6.4428e-13
[2025-11-05 12:54:16.292] [cout] [info] time = 1.095 Performance = 11.2973 Constraint violation = 1.53626e-13
[2025-11-05 12:54:17.650] [cout] [info] time = 1.1 Performance = 11.0412 Constraint violation = 2.03093e-13
[2025-11-05 12:54:19.020] [cout] [info] time = 1.10500 Performance = 10.5934 Constraint violation = 1.44343e-12
[2025-11-05 12:54:20.604] [cout] [info] time = 1.11 Performance = 9.97978 Constraint violation = 2.12856e-13
[2025-11-05 12:54:21.837] [cout] [info] time = 1.115 Performance = 9.25089 Constraint violation = 3.97218e-13
[2025-11-05 12:54:22.749] [cout] [info] time = 1.12 Performance = 8.4872 Constraint violation = 2.15669e-13
[2025-11-05 12:54:23.662] [cout] [info] time = 1.125 Performance = 7.78379 Constraint violation = 2.0425e-13
[2025-11-05 12:54:24.813] [cout] [info] time = 1.13 Performance = 7.23235 Constraint violation = 2.81309e-13
[2025-11-05 12:54:26.055] [cout] [info] time = 1.135 Performance = 6.90737 Constraint violation = 2.34255e-13
[2025-11-05 12:54:27.487] [cout] [info] time = 1.14 Performance = 6.86080 Constraint violation = 2.63843e-13
[2025-11-05 12:54:28.329] [cout] [info] time = 1.145 Performance = 7.11066 Constraint violation = 3.71409e-13
[2025-11-05 12:54:29.200] [cout] [info] time = 1.15 Performance = 7.64338 Constraint violation = 3.46692e-13
[2025-11-05 12:54:30.018] [cout] [info] time = 1.155 Performance = 8.4161 Constraint violation = 5.10994e-13
[2025-11-05 12:54:30.967] [cout] [info] time = 1.16 Performance = 9.36223 Constraint violation = 5.43938e-13
[2025-11-05 12:54:31.632] [cout] [info] time = 1.165 Performance = 10.4039 Constraint violation = 3.62552e-13
[2025-11-05 12:54:32.352] [cout] [info] time = 1.17 Performance = 11.462 Constraint violation = 4.10041e-13
[2025-11-05 12:54:32.891] [cout] [info] time = 1.175 Performance = 12.4662 Constraint violation = 3.79881e-13
[2025-11-05 12:54:33.585] [cout] [info] time = 1.18 Performance = 13.3594 Constraint violation = 9.68221e-13
[2025-11-05 12:54:34.312] [cout] [info] time = 1.185 Performance = 14.1010 Constraint violation = 4.57036e-13
[2025-11-05 12:54:35.102] [cout] [info] time = 1.19 Performance = 14.666 Constraint violation = 3.93472e-13
[2025-11-05 12:54:35.862] [cout] [info] time = 1.195 Performance = 15.0411 Constraint violation = 1.53105e-12
[2025-11-05 12:54:36.649] [cout] [info] time = 1.2 Performance = 15.224 Constraint violation = 1.062e-12
[2025-11-05 12:54:37.219] [cout] [info] time = 1.20500 Performance = 15.2116 Constraint violation = 3.26991e-13
[2025-11-05 12:54:37.899] [cout] [info] time = 1.21 Performance = 14.9926 Constraint violation = 3.76306e-13
[2025-11-05 12:54:38.586] [cout] [info] time = 1.215 Performance = 14.5387 Constraint violation = 4.32823e-13
[2025-11-05 12:54:39.340] [cout] [info] time = 1.22 Performance = 13.8008 Constraint violation = 4.88429e-13
[2025-11-05 12:54:39.872] [cout] [info] time = 1.225 Performance = 12.7491 Constraint violation = 3.22436e-13
[2025-11-05 12:54:40.397] [cout] [info] time = 1.23 Performance = 11.3967 Constraint violation = 4.40165e-13
[2025-11-05 12:54:41.065] [cout] [info] time = 1.235 Performance = 9.82328 Constraint violation = 2.4779e-13
[2025-11-05 12:54:41.823] [cout] [info] time = 1.24 Performance = 8.17847 Constraint violation = 2.90683e-13
[2025-11-05 12:54:42.522] [cout] [info] time = 1.245 Performance = 6.67653 Constraint violation = 2.7531e-13
[2025-11-05 12:54:43.048] [cout] [info] time = 1.25 Performance = 5.57823 Constraint violation = 2.52236e-13
[2025-11-05 12:54:43.572] [cout] [info] time = 1.255 Performance = 5.13182 Constraint violation = 2.10247e-13
[2025-11-05 12:54:43.579] [info] Printing results of investigation SO to .
[2025-11-05 12:54:44.048] [info] Loaded model Athlete_03 from file C:\Git\1_current_projects\powerlifing_model\models\Athlete_03\25_03_31\scaled.osim
[2025-11-05 12:54:44.200] [info] Storage: read data file = joint_angles.mot (nr=216 nc=40)
[2025-11-05 12:54:44.250] [info] Storage: read data file = joint_angles.mot (nr=216 nc=40)
[2025-11-05 12:54:44.341] [info] Loaded model Athlete_03 from file C:\Git\1_current_projects\powerlifing_model\models\Athlete_03\25_03_31\scaled.osim
[2025-11-05 12:54:44.556] [info] AbstractTool Analyse loading model ..\..\..\..\models\Athlete_03\25_03_31\scaled.osim
[2025-11-05 12:54:44.657] [info] Loaded model Athlete_03 from file ..\..\..\..\models\Athlete_03\25_03_31\scaled.osim
[2025-11-05 12:54:45.006] [info] Storage: read data file = grf.mot (nr=4930 nc=46)
[2025-11-05 12:54:45.139] [info] ExternalForce::grf_r_2 Data source being set to grf
[2025-11-05 12:54:45.139] [info] ExternalForce::grf_r_5 Data source being set to grf
[2025-11-05 12:54:45.156] [info] Loading coordinates from file 'joint_angles.mot'.
[2025-11-05 12:54:45.157] [info] Storage: read data file = joint_angles.mot (nr=216 nc=40)
[2025-11-05 12:54:45.165] [info] Low-pass filtering coordinates data with a cutoff frequency of 6.0...
[2025-11-05 12:54:46.069] [info] AssemblySolver::track() attempt Failed: SimTK Exception thrown at Assembler.cpp:973:
  Method Assembler::track() failed because:
Unable to achieve required assembly error tolerance.
Assembly error tolerance achieved: 5.2830928726627816e-09 required: 1e-10.
[2025-11-05 12:54:46.090] [error] Model unable to assemble: AssemblySolver::assemble() Failed: SimTK Exception thrown at Assembler.cpp:897:
  Method Assembler::assemble() failed because:
Unable to achieve required assembly error tolerance.
Assembly error tolerance achieved: 5.2830929719761564e-09 required: 1e-10..Model relaxing constraints and trying again.
[2025-11-05 12:54:46.847] [info] Found 432 state vectors with time stamps ranging from -0.36 to 1.795.
[2025-11-05 12:54:46.847] [info] Executing the analyses from 0.18 to 1.255...
[2025-11-05 12:54:46.851] [info] Loading actuator forces from file SO_StaticOptimization_force.sto.
[2025-11-05 12:54:46.892] [info] Storage: read data file = SO_StaticOptimization_force.sto (nr=216 nc=132)
[2025-11-05 12:54:46.924] [info] Found 131 actuator forces with time stamps ranging from 0.18to 1.255.
[2025-11-05 12:54:46.924] [warning] The forces file contains actuators that are not in the model's actuator set.
[2025-11-05 12:54:46.925] [warning] Ignoring fiber lengths and activations from the states since forces_file is also set. Actuator forces will be constructed from SO_StaticOptimization_force.sto.
[2025-11-05 12:54:49.036] [info] Printing results of investigation Analyse to .
[2025-11-05 12:54:49.169] [info] Loaded model Athlete_03 from file C:\Git\1_current_projects\powerlifing_model\models\Athlete_03\25_03_31\scaled.osim
[2025-11-05 12:57:20.876] [info] Loaded model Athlete_03 from file C:\Git\1_current_projects\powerlifing_model\models\Athlete_03\25_03_31\scaled.osim
[2025-11-05 12:57:21.172] [info] Loaded model Athlete_03 from file C:\Git\1_current_projects\powerlifing_model\models\Athlete_03\25_03_31\scaled.osim
[2025-11-05 12:57:23.817] [cout] [info] 
               MODEL: Athlete_03
         coordinates: 39
              forces: 97
           actuators: 97
             muscles: 80
            analyses: 0
              probes: 0
              bodies: 22
              joints: 22
         constraints: 2
             markers: 45
         controllers: 0
  contact geometries: 0
misc modelcomponents: 0
[2025-11-05 12:57:23.817] [info] Running tool .
[2025-11-05 12:57:24.301] [info] Frame 36 (t = 0.18):	 total squared error = 0.00195769, marker error: RMS = 0.00922588, max = 0.0247771 (XIPH)
[2025-11-05 12:57:24.360] [info] Frame 37 (t = 0.185):	 total squared error = 0.00196207, marker error: RMS = 0.00923620, max = 0.0247456 (XIPH)
[2025-11-05 12:57:24.393] [info] Frame 38 (t = 0.19):	 total squared error = 0.00196182, marker error: RMS = 0.00923562, max = 0.0246959 (XIPH)
[2025-11-05 12:57:24.425] [info] Frame 39 (t = 0.195):	 total squared error = 0.00195851, marker error: RMS = 0.00922781, max = 0.0245861 (XIPH)
[2025-11-05 12:57:24.459] [info] Frame 40 (t = 0.2):	 total squared error = 0.00195255, marker error: RMS = 0.00921377, max = 0.0244457 (XIPH)
[2025-11-05 12:57:24.515] [info] Frame 41 (t = 0.205000):	 total squared error = 0.00194626, marker error: RMS = 0.00919892, max = 0.0242557 (XIPH)
[2025-11-05 12:57:24.589] [info] Frame 42 (t = 0.21):	 total squared error = 0.00194270, marker error: RMS = 0.00919049, max = 0.0240351 (XIPH)
[2025-11-05 12:57:24.667] [info] Frame 43 (t = 0.215):	 total squared error = 0.00194255, marker error: RMS = 0.00919014, max = 0.0237661 (XIPH)
[2025-11-05 12:57:24.747] [info] Frame 44 (t = 0.22):	 total squared error = 0.00195025, marker error: RMS = 0.00920834, max = 0.0234788 (XIPH)
[2025-11-05 12:57:24.777] [info] Frame 45 (t = 0.225):	 total squared error = 0.00196600, marker error: RMS = 0.00924544, max = 0.0231378 (XIPH)
[2025-11-05 12:57:24.799] [info] Frame 46 (t = 0.23):	 total squared error = 0.00199709, marker error: RMS = 0.00931825, max = 0.0227707 (XIPH)
[2025-11-05 12:57:24.837] [info] Frame 47 (t = 0.235):	 total squared error = 0.00202919, marker error: RMS = 0.00939284, max = 0.0223953 (XIPH)
[2025-11-05 12:57:24.864] [info] Frame 48 (t = 0.24):	 total squared error = 0.00206981, marker error: RMS = 0.00948640, max = 0.0219655 (XIPH)
[2025-11-05 12:57:24.884] [info] Frame 49 (t = 0.245):	 total squared error = 0.00215256, marker error: RMS = 0.00967416, max = 0.0215866 (XIPH)
[2025-11-05 12:57:24.917] [info] Frame 50 (t = 0.25):	 total squared error = 0.00216939, marker error: RMS = 0.00971191, max = 0.0212633 (LTH2)
[2025-11-05 12:57:24.971] [info] Frame 51 (t = 0.255):	 total squared error = 0.00222577, marker error: RMS = 0.00983731, max = 0.0222077 (LTH2)
[2025-11-05 12:57:25.017] [info] Frame 52 (t = 0.26):	 total squared error = 0.00229346, marker error: RMS = 0.00998576, max = 0.0232463 (LTH2)
[2025-11-05 12:57:25.099] [info] Frame 53 (t = 0.265):	 total squared error = 0.00236284, marker error: RMS = 0.0101357, max = 0.0241514 (LTH2)
[2025-11-05 12:57:25.178] [info] Frame 54 (t = 0.27):	 total squared error = 0.00244892, marker error: RMS = 0.0103187, max = 0.0251017 (LTH2)
[2025-11-05 12:57:25.265] [info] Frame 55 (t = 0.275):	 total squared error = 0.00253775, marker error: RMS = 0.0105041, max = 0.0259135 (LTH2)
[2025-11-05 12:57:25.320] [info] Frame 56 (t = 0.28):	 total squared error = 0.00264621, marker error: RMS = 0.0107263, max = 0.0267866 (LTH2)
[2025-11-05 12:57:25.358] [info] Frame 57 (t = 0.285):	 total squared error = 0.00280129, marker error: RMS = 0.0110361, max = 0.0281097 (LTH2)
[2025-11-05 12:57:25.401] [info] Frame 58 (t = 0.29):	 total squared error = 0.00287648, marker error: RMS = 0.0111832, max = 0.0280899 (LTH2)
[2025-11-05 12:57:25.439] [info] Frame 59 (t = 0.295):	 total squared error = 0.00302951, marker error: RMS = 0.0114768, max = 0.0288763 (LTH2)
[2025-11-05 12:57:25.529] [info] Frame 60 (t = 0.3):	 total squared error = 0.00314192, marker error: RMS = 0.0116878, max = 0.0291737 (LTH2)
[2025-11-05 12:57:25.585] [info] Frame 61 (t = 0.305000):	 total squared error = 0.00330141, marker error: RMS = 0.0119808, max = 0.0297957 (LTH2)
[2025-11-05 12:57:25.642] [info] Frame 62 (t = 0.31):	 total squared error = 0.00350140, marker error: RMS = 0.0123383, max = 0.0307840 (LTH2)
[2025-11-05 12:57:25.720] [info] Frame 63 (t = 0.315):	 total squared error = 0.00359632, marker error: RMS = 0.0125045, max = 0.0307639 (LTH2)
[2025-11-05 12:57:25.767] [info] Frame 64 (t = 0.32):	 total squared error = 0.00374626, marker error: RMS = 0.0127625, max = 0.0312294 (LTH2)
[2025-11-05 12:57:25.809] [info] Frame 65 (t = 0.325):	 total squared error = 0.00388353, marker error: RMS = 0.0129942, max = 0.0317113 (LTH2)
[2025-11-05 12:57:25.864] [info] Frame 66 (t = 0.33):	 total squared error = 0.00399349, marker error: RMS = 0.0131769, max = 0.0320019 (LTH2)
[2025-11-05 12:57:25.907] [info] Frame 67 (t = 0.335):	 total squared error = 0.00412469, marker error: RMS = 0.0133916, max = 0.0324323 (LTH2)
[2025-11-05 12:57:25.989] [info] Frame 68 (t = 0.34):	 total squared error = 0.00423323, marker error: RMS = 0.0135666, max = 0.0327812 (LTH2)
[2025-11-05 12:57:26.038] [info] Frame 69 (t = 0.345):	 total squared error = 0.00432988, marker error: RMS = 0.0137206, max = 0.0330006 (LTH2)
[2025-11-05 12:57:26.064] [info] Frame 70 (t = 0.35):	 total squared error = 0.00443452, marker error: RMS = 0.0138854, max = 0.0333595 (LTH2)
[2025-11-05 12:57:26.126] [info] Frame 71 (t = 0.355):	 total squared error = 0.00449033, marker error: RMS = 0.0139725, max = 0.0333764 (LTH2)
[2025-11-05 12:57:26.175] [info] Frame 72 (t = 0.36):	 total squared error = 0.00456783, marker error: RMS = 0.0140926, max = 0.0334093 (LTH2)
[2025-11-05 12:57:26.222] [info] Frame 73 (t = 0.365):	 total squared error = 0.00463158, marker error: RMS = 0.0141906, max = 0.0334042 (LTH2)
[2025-11-05 12:57:26.263] [info] Frame 74 (t = 0.37):	 total squared error = 0.00468325, marker error: RMS = 0.0142695, max = 0.0333206 (LTH2)
[2025-11-05 12:57:26.306] [info] Frame 75 (t = 0.375):	 total squared error = 0.00471407, marker error: RMS = 0.0143164, max = 0.032979 (LTH2)
[2025-11-05 12:57:26.345] [info] Frame 76 (t = 0.38):	 total squared error = 0.00473336, marker error: RMS = 0.0143457, max = 0.0327226 (LTH2)
[2025-11-05 12:57:26.365] [info] Frame 77 (t = 0.385):	 total squared error = 0.00471791, marker error: RMS = 0.0143222, max = 0.0322535 (LTH2)
[2025-11-05 12:57:26.410] [info] Frame 78 (t = 0.39):	 total squared error = 0.00469298, marker error: RMS = 0.0142844, max = 0.0316665 (LTH2)
[2025-11-05 12:57:26.457] [info] Frame 79 (t = 0.395):	 total squared error = 0.00463891, marker error: RMS = 0.0142018, max = 0.0310052 (LTH2)
[2025-11-05 12:57:26.523] [info] Frame 80 (t = 0.4):	 total squared error = 0.00456172, marker error: RMS = 0.0140832, max = 0.0303108 (LTH2)
[2025-11-05 12:57:26.560] [info] Frame 81 (t = 0.405000):	 total squared error = 0.00444556, marker error: RMS = 0.0139027, max = 0.0292831 (LTH2)
[2025-11-05 12:57:26.604] [info] Frame 82 (t = 0.41):	 total squared error = 0.00433890, marker error: RMS = 0.0137349, max = 0.0283843 (LTH2)
[2025-11-05 12:57:26.629] [info] Frame 83 (t = 0.415):	 total squared error = 0.00418734, marker error: RMS = 0.0134929, max = 0.0270168 (LTH2)
[2025-11-05 12:57:26.662] [info] Frame 84 (t = 0.42):	 total squared error = 0.00404031, marker error: RMS = 0.0132539, max = 0.0256868 (LTH2)
[2025-11-05 12:57:26.707] [info] Frame 85 (t = 0.425):	 total squared error = 0.00391805, marker error: RMS = 0.0130518, max = 0.0248227 (LTH2)
[2025-11-05 12:57:26.809] [info] Frame 86 (t = 0.43):	 total squared error = 0.00379151, marker error: RMS = 0.0128393, max = 0.0237196 (LTH2)
[2025-11-05 12:57:26.869] [info] Frame 87 (t = 0.435):	 total squared error = 0.00363216, marker error: RMS = 0.0125666, max = 0.0221427 (LTH2)
[2025-11-05 12:57:26.934] [info] Frame 88 (t = 0.44):	 total squared error = 0.00348924, marker error: RMS = 0.0123169, max = 0.0205478 (LTH2)
[2025-11-05 12:57:27.034] [info] Frame 89 (t = 0.445):	 total squared error = 0.00341819, marker error: RMS = 0.0121908, max = 0.0200714 (LTH2)
[2025-11-05 12:57:27.083] [info] Frame 90 (t = 0.45):	 total squared error = 0.00331026, marker error: RMS = 0.0119968, max = 0.0188017 (LTH2)
[2025-11-05 12:57:27.151] [info] Frame 91 (t = 0.455):	 total squared error = 0.00321728, marker error: RMS = 0.0118272, max = 0.0187738 (XIPH)
[2025-11-05 12:57:27.208] [info] Frame 92 (t = 0.46):	 total squared error = 0.00314644, marker error: RMS = 0.0116962, max = 0.0187876 (XIPH)
[2025-11-05 12:57:27.277] [info] Frame 93 (t = 0.465):	 total squared error = 0.00312493, marker error: RMS = 0.0116562, max = 0.0187353 (XIPH)
[2025-11-05 12:57:27.321] [info] Frame 94 (t = 0.47):	 total squared error = 0.00309195, marker error: RMS = 0.0115945, max = 0.0187332 (XIPH)
[2025-11-05 12:57:27.400] [info] Frame 95 (t = 0.475):	 total squared error = 0.00310495, marker error: RMS = 0.0116189, max = 0.0186804 (XIPH)
[2025-11-05 12:57:27.451] [info] Frame 96 (t = 0.48):	 total squared error = 0.00311081, marker error: RMS = 0.0116298, max = 0.0186779 (XIPH)
[2025-11-05 12:57:27.534] [info] Frame 97 (t = 0.485):	 total squared error = 0.00315709, marker error: RMS = 0.011716, max = 0.0186259 (XIPH)
[2025-11-05 12:57:27.611] [info] Frame 98 (t = 0.49):	 total squared error = 0.00320181, marker error: RMS = 0.0117987, max = 0.0185922 (XIPH)
[2025-11-05 12:57:27.679] [info] Frame 99 (t = 0.495):	 total squared error = 0.00325427, marker error: RMS = 0.011895, max = 0.0185508 (XIPH)
[2025-11-05 12:57:27.731] [info] Frame 100 (t = 0.5):	 total squared error = 0.00330542, marker error: RMS = 0.0119881, max = 0.0188369 (LSHA2)
[2025-11-05 12:57:27.790] [info] Frame 101 (t = 0.505000):	 total squared error = 0.00337335, marker error: RMS = 0.0121106, max = 0.0191828 (LSHA2)
[2025-11-05 12:57:27.863] [info] Frame 102 (t = 0.51):	 total squared error = 0.00344356, marker error: RMS = 0.012236, max = 0.0194771 (LSHA2)
[2025-11-05 12:57:27.935] [info] Frame 103 (t = 0.515):	 total squared error = 0.00349909, marker error: RMS = 0.0123343, max = 0.0198894 (LSHA2)
[2025-11-05 12:57:27.997] [info] Frame 104 (t = 0.52):	 total squared error = 0.00355012, marker error: RMS = 0.0124239, max = 0.0202110 (LSHA2)
[2025-11-05 12:57:28.120] [info] Frame 105 (t = 0.525):	 total squared error = 0.00360005, marker error: RMS = 0.012511, max = 0.0206204 (LTH2)
[2025-11-05 12:57:28.172] [info] Frame 106 (t = 0.53):	 total squared error = 0.00361968, marker error: RMS = 0.012545, max = 0.0207464 (LTH2)
[2025-11-05 12:57:28.241] [info] Frame 107 (t = 0.535):	 total squared error = 0.00361372, marker error: RMS = 0.0125347, max = 0.0205946 (LTH2)
[2025-11-05 12:57:28.278] [info] Frame 108 (t = 0.54):	 total squared error = 0.00359237, marker error: RMS = 0.0124976, max = 0.0200322 (LTH2)
[2025-11-05 12:57:28.354] [info] Frame 109 (t = 0.545):	 total squared error = 0.00353418, marker error: RMS = 0.012396, max = 0.0205133 (LTH2)
[2025-11-05 12:57:28.432] [info] Frame 110 (t = 0.55):	 total squared error = 0.00345047, marker error: RMS = 0.0122483, max = 0.0200588 (LTH2)
[2025-11-05 12:57:28.492] [info] Frame 111 (t = 0.555):	 total squared error = 0.00334356, marker error: RMS = 0.0120570, max = 0.019331 (LTH2)
[2025-11-05 12:57:28.578] [info] Frame 112 (t = 0.56):	 total squared error = 0.00321488, marker error: RMS = 0.0118227, max = 0.0190652 (LTH2)
[2025-11-05 12:57:28.646] [info] Frame 113 (t = 0.565):	 total squared error = 0.00307152, marker error: RMS = 0.0115561, max = 0.018469 (XIPH)
[2025-11-05 12:57:28.677] [info] Frame 114 (t = 0.57):	 total squared error = 0.00291097, marker error: RMS = 0.0112501, max = 0.0185030 (XIPH)
[2025-11-05 12:57:28.709] [info] Frame 115 (t = 0.575):	 total squared error = 0.00274638, marker error: RMS = 0.0109274, max = 0.0186272 (XIPH)
[2025-11-05 12:57:28.791] [info] Frame 116 (t = 0.58):	 total squared error = 0.00257143, marker error: RMS = 0.0105736, max = 0.0186836 (XIPH)
[2025-11-05 12:57:28.856] [info] Frame 117 (t = 0.585):	 total squared error = 0.00241016, marker error: RMS = 0.0102367, max = 0.0187553 (XIPH)
[2025-11-05 12:57:28.911] [info] Frame 118 (t = 0.59):	 total squared error = 0.00226204, marker error: RMS = 0.00991713, max = 0.0188732 (XIPH)
[2025-11-05 12:57:28.972] [info] Frame 119 (t = 0.595):	 total squared error = 0.00212557, marker error: RMS = 0.00961333, max = 0.0189417 (XIPH)
[2025-11-05 12:57:29.043] [info] Frame 120 (t = 0.6):	 total squared error = 0.00200864, marker error: RMS = 0.00934518, max = 0.0190151 (XIPH)
[2025-11-05 12:57:29.119] [info] Frame 121 (t = 0.605000):	 total squared error = 0.00191483, marker error: RMS = 0.00912434, max = 0.0190904 (XIPH)
[2025-11-05 12:57:29.183] [info] Frame 122 (t = 0.61):	 total squared error = 0.00184962, marker error: RMS = 0.00896762, max = 0.0192339 (XIPH)
[2025-11-05 12:57:29.249] [info] Frame 123 (t = 0.615):	 total squared error = 0.00179519, marker error: RMS = 0.00883470, max = 0.0192418 (XIPH)
[2025-11-05 12:57:29.335] [info] Frame 124 (t = 0.62):	 total squared error = 0.00176746, marker error: RMS = 0.00876618, max = 0.0193044 (XIPH)
[2025-11-05 12:57:29.419] [info] Frame 125 (t = 0.625):	 total squared error = 0.00175939, marker error: RMS = 0.00874616, max = 0.0193665 (XIPH)
[2025-11-05 12:57:29.519] [info] Frame 126 (t = 0.63):	 total squared error = 0.00176736, marker error: RMS = 0.00876594, max = 0.0194251 (XIPH)
[2025-11-05 12:57:29.612] [info] Frame 127 (t = 0.635):	 total squared error = 0.00178753, marker error: RMS = 0.00881583, max = 0.0194624 (XIPH)
[2025-11-05 12:57:29.729] [info] Frame 128 (t = 0.64):	 total squared error = 0.00181694, marker error: RMS = 0.00888804, max = 0.0195011 (XIPH)
[2025-11-05 12:57:29.835] [info] Frame 129 (t = 0.645):	 total squared error = 0.00184960, marker error: RMS = 0.00896756, max = 0.0195479 (XIPH)
[2025-11-05 12:57:29.941] [info] Frame 130 (t = 0.65):	 total squared error = 0.00188379, marker error: RMS = 0.00905008, max = 0.0195471 (XIPH)
[2025-11-05 12:57:30.013] [info] Frame 131 (t = 0.655):	 total squared error = 0.00191865, marker error: RMS = 0.00913344, max = 0.0195947 (XIPH)
[2025-11-05 12:57:30.041] [info] Frame 132 (t = 0.66):	 total squared error = 0.00196028, marker error: RMS = 0.00923198, max = 0.0196024 (XIPH)
[2025-11-05 12:57:30.125] [info] Frame 133 (t = 0.665):	 total squared error = 0.00196242, marker error: RMS = 0.00923702, max = 0.0196438 (XIPH)
[2025-11-05 12:57:30.159] [info] Frame 134 (t = 0.67):	 total squared error = 0.00198163, marker error: RMS = 0.00928213, max = 0.0197132 (XIPH)
[2025-11-05 12:57:30.215] [info] Frame 135 (t = 0.675):	 total squared error = 0.00198951, marker error: RMS = 0.00930056, max = 0.0196088 (XIPH)
[2025-11-05 12:57:30.372] [info] Frame 136 (t = 0.68):	 total squared error = 0.00201839, marker error: RMS = 0.00936782, max = 0.0197443 (XIPH)
[2025-11-05 12:57:30.504] [info] Frame 137 (t = 0.685):	 total squared error = 0.00201749, marker error: RMS = 0.00936574, max = 0.019741 (XIPH)
[2025-11-05 12:57:30.637] [info] Frame 138 (t = 0.69):	 total squared error = 0.00202801, marker error: RMS = 0.00939012, max = 0.0197742 (XIPH)
[2025-11-05 12:57:30.869] [info] Frame 139 (t = 0.695):	 total squared error = 0.00205097, marker error: RMS = 0.00944312, max = 0.0197941 (XIPH)
[2025-11-05 12:57:31.005] [info] Frame 140 (t = 0.7):	 total squared error = 0.00206023, marker error: RMS = 0.00946442, max = 0.019749 (XIPH)
[2025-11-05 12:57:31.244] [info] Frame 141 (t = 0.705000):	 total squared error = 0.00208785, marker error: RMS = 0.00952764, max = 0.0197495 (XIPH)
[2025-11-05 12:57:31.416] [info] Frame 142 (t = 0.71):	 total squared error = 0.00211588, marker error: RMS = 0.00959139, max = 0.0197047 (XIPH)
[2025-11-05 12:57:31.591] [info] Frame 143 (t = 0.715):	 total squared error = 0.00214514, marker error: RMS = 0.00965747, max = 0.0196729 (XIPH)
[2025-11-05 12:57:31.785] [info] Frame 144 (t = 0.72):	 total squared error = 0.00216983, marker error: RMS = 0.00971289, max = 0.0195503 (XIPH)
[2025-11-05 12:57:31.958] [info] Frame 145 (t = 0.725):	 total squared error = 0.00219544, marker error: RMS = 0.00977006, max = 0.0194309 (XIPH)
[2025-11-05 12:57:32.126] [info] Frame 146 (t = 0.73):	 total squared error = 0.00221186, marker error: RMS = 0.00980652, max = 0.0192554 (XIPH)
[2025-11-05 12:57:32.270] [info] Frame 147 (t = 0.735):	 total squared error = 0.00222192, marker error: RMS = 0.00982878, max = 0.0190482 (XIPH)
[2025-11-05 12:57:32.483] [info] Frame 148 (t = 0.74):	 total squared error = 0.00222416, marker error: RMS = 0.00983376, max = 0.0189165 (RTOE)
[2025-11-05 12:57:32.629] [info] Frame 149 (t = 0.745):	 total squared error = 0.00221528, marker error: RMS = 0.00981409, max = 0.0189891 (RTOE)
[2025-11-05 12:57:32.738] [info] Frame 150 (t = 0.75):	 total squared error = 0.00220079, marker error: RMS = 0.00978194, max = 0.0191471 (RTOE)
[2025-11-05 12:57:32.830] [info] Frame 151 (t = 0.755):	 total squared error = 0.00218839, marker error: RMS = 0.00975436, max = 0.0193232 (RTOE)
[2025-11-05 12:57:32.932] [info] Frame 152 (t = 0.76):	 total squared error = 0.00215722, marker error: RMS = 0.00968463, max = 0.0192001 (RTOE)
[2025-11-05 12:57:33.030] [info] Frame 153 (t = 0.765):	 total squared error = 0.00213160, marker error: RMS = 0.00962696, max = 0.0196816 (RTHOL)
[2025-11-05 12:57:33.138] [info] Frame 154 (t = 0.77):	 total squared error = 0.00210736, marker error: RMS = 0.00957206, max = 0.0201092 (RTHOL)
[2025-11-05 12:57:33.213] [info] Frame 155 (t = 0.775):	 total squared error = 0.00208236, marker error: RMS = 0.00951511, max = 0.0208217 (RTHOL)
[2025-11-05 12:57:33.309] [info] Frame 156 (t = 0.78):	 total squared error = 0.00205506, marker error: RMS = 0.00945253, max = 0.0212221 (RTHOL)
[2025-11-05 12:57:33.389] [info] Frame 157 (t = 0.785):	 total squared error = 0.00203142, marker error: RMS = 0.00939800, max = 0.0216832 (RTHOL)
[2025-11-05 12:57:33.467] [info] Frame 158 (t = 0.79):	 total squared error = 0.00200663, marker error: RMS = 0.00934049, max = 0.0220756 (RTHOL)
[2025-11-05 12:57:33.555] [info] Frame 159 (t = 0.795):	 total squared error = 0.00198186, marker error: RMS = 0.00928266, max = 0.0223714 (RTHOL)
[2025-11-05 12:57:33.631] [info] Frame 160 (t = 0.8):	 total squared error = 0.00196780, marker error: RMS = 0.00924967, max = 0.0228974 (RTHOL)
[2025-11-05 12:57:33.731] [info] Frame 161 (t = 0.805000):	 total squared error = 0.00194343, marker error: RMS = 0.00919221, max = 0.0228524 (RTHOL)
[2025-11-05 12:57:33.796] [info] Frame 162 (t = 0.81):	 total squared error = 0.00197826, marker error: RMS = 0.00927424, max = 0.0238313 (RTHOL)
[2025-11-05 12:57:33.946] [info] Frame 163 (t = 0.815):	 total squared error = 0.00193080, marker error: RMS = 0.00916231, max = 0.0230891 (RTHOL)
[2025-11-05 12:57:34.083] [info] Frame 164 (t = 0.82):	 total squared error = 0.00193551, marker error: RMS = 0.00917347, max = 0.0230994 (RTHOL)
[2025-11-05 12:57:34.193] [info] Frame 165 (t = 0.825):	 total squared error = 0.00194956, marker error: RMS = 0.00920670, max = 0.0229692 (RTHOL)
[2025-11-05 12:57:34.287] [info] Frame 166 (t = 0.83):	 total squared error = 0.00198191, marker error: RMS = 0.00928278, max = 0.0229092 (RTHOL)
[2025-11-05 12:57:34.402] [info] Frame 167 (t = 0.835):	 total squared error = 0.00202771, marker error: RMS = 0.00938942, max = 0.0228918 (RTHOL)
[2025-11-05 12:57:34.490] [info] Frame 168 (t = 0.84):	 total squared error = 0.00209655, marker error: RMS = 0.00954749, max = 0.0229835 (RTHOL)
[2025-11-05 12:57:34.597] [info] Frame 169 (t = 0.845):	 total squared error = 0.00215914, marker error: RMS = 0.00968895, max = 0.0227718 (RTHOL)
[2025-11-05 12:57:34.691] [info] Frame 170 (t = 0.85):	 total squared error = 0.00223981, marker error: RMS = 0.00986829, max = 0.0228217 (RTHOL)
[2025-11-05 12:57:34.836] [info] Frame 171 (t = 0.855):	 total squared error = 0.00229392, marker error: RMS = 0.00998678, max = 0.0224523 (RTHOL)
[2025-11-05 12:57:34.924] [info] Frame 172 (t = 0.86):	 total squared error = 0.00237854, marker error: RMS = 0.0101693, max = 0.0224263 (RTHOL)
[2025-11-05 12:57:35.027] [info] Frame 173 (t = 0.865):	 total squared error = 0.00247364, marker error: RMS = 0.0103706, max = 0.0225552 (RTHOL)
[2025-11-05 12:57:35.159] [info] Frame 174 (t = 0.87):	 total squared error = 0.00252234, marker error: RMS = 0.0104722, max = 0.0222016 (RTHOL)
[2025-11-05 12:57:35.234] [info] Frame 175 (t = 0.875):	 total squared error = 0.00263577, marker error: RMS = 0.0107051, max = 0.0226438 (RTHOL)
[2025-11-05 12:57:35.376] [info] Frame 176 (t = 0.88):	 total squared error = 0.00266047, marker error: RMS = 0.0107551, max = 0.0220469 (RTHOL)
[2025-11-05 12:57:35.463] [info] Frame 177 (t = 0.885):	 total squared error = 0.00274639, marker error: RMS = 0.0109274, max = 0.0221841 (RTHOL)
[2025-11-05 12:57:35.524] [info] Frame 178 (t = 0.89):	 total squared error = 0.00283961, marker error: RMS = 0.0111113, max = 0.0225476 (RTHOL)
[2025-11-05 12:57:35.648] [info] Frame 179 (t = 0.895):	 total squared error = 0.00285633, marker error: RMS = 0.011144, max = 0.0219081 (RTHOL)
[2025-11-05 12:57:35.740] [info] Frame 180 (t = 0.9):	 total squared error = 0.00291700, marker error: RMS = 0.0112617, max = 0.0218111 (RTHOL)
[2025-11-05 12:57:35.795] [info] Frame 181 (t = 0.905000):	 total squared error = 0.00298748, marker error: RMS = 0.011397, max = 0.0219517 (RTHOL)
[2025-11-05 12:57:35.900] [info] Frame 182 (t = 0.91):	 total squared error = 0.00302122, marker error: RMS = 0.0114611, max = 0.0216128 (RTHOL)
[2025-11-05 12:57:35.951] [info] Frame 183 (t = 0.915):	 total squared error = 0.00306148, marker error: RMS = 0.0115372, max = 0.0215653 (RTHOL)
[2025-11-05 12:57:36.045] [info] Frame 184 (t = 0.92):	 total squared error = 0.00307951, marker error: RMS = 0.0115712, max = 0.0211778 (RTHOL)
[2025-11-05 12:57:36.094] [info] Frame 185 (t = 0.925):	 total squared error = 0.00308253, marker error: RMS = 0.0115768, max = 0.0209680 (RTHOL)
[2025-11-05 12:57:36.206] [info] Frame 186 (t = 0.93):	 total squared error = 0.00306832, marker error: RMS = 0.0115501, max = 0.0206094 (RTHOL)
[2025-11-05 12:57:36.289] [info] Frame 187 (t = 0.935):	 total squared error = 0.00302738, marker error: RMS = 0.0114728, max = 0.0201633 (RSHAOL)
[2025-11-05 12:57:36.403] [info] Frame 188 (t = 0.94):	 total squared error = 0.00297587, marker error: RMS = 0.0113748, max = 0.0200120 (RSHAOL)
[2025-11-05 12:57:36.461] [info] Frame 189 (t = 0.945):	 total squared error = 0.00289204, marker error: RMS = 0.0112134, max = 0.0198568 (RSHAOL)
[2025-11-05 12:57:36.558] [info] Frame 190 (t = 0.95):	 total squared error = 0.00280881, marker error: RMS = 0.0110509, max = 0.0193087 (RSHAOL)
[2025-11-05 12:57:36.621] [info] Frame 191 (t = 0.955):	 total squared error = 0.00269604, marker error: RMS = 0.0108268, max = 0.0187828 (RSHAOL)
[2025-11-05 12:57:36.701] [info] Frame 192 (t = 0.96):	 total squared error = 0.00258848, marker error: RMS = 0.0106086, max = 0.0181584 (RSHAOL)
[2025-11-05 12:57:36.789] [info] Frame 193 (t = 0.965):	 total squared error = 0.00247117, marker error: RMS = 0.0103654, max = 0.0176425 (XIPH)
[2025-11-05 12:57:36.841] [info] Frame 194 (t = 0.97):	 total squared error = 0.00234012, marker error: RMS = 0.0100868, max = 0.0176683 (XIPH)
[2025-11-05 12:57:36.896] [info] Frame 195 (t = 0.975):	 total squared error = 0.00222193, marker error: RMS = 0.00982881, max = 0.0176388 (XIPH)
[2025-11-05 12:57:36.971] [info] Frame 196 (t = 0.98):	 total squared error = 0.00211251, marker error: RMS = 0.00958374, max = 0.0176024 (XIPH)
[2025-11-05 12:57:37.046] [info] Frame 197 (t = 0.985):	 total squared error = 0.00200631, marker error: RMS = 0.00933975, max = 0.0175999 (XIPH)
[2025-11-05 12:57:37.111] [info] Frame 198 (t = 0.99):	 total squared error = 0.00189393, marker error: RMS = 0.00907441, max = 0.017592 (XIPH)
[2025-11-05 12:57:37.182] [info] Frame 199 (t = 0.995):	 total squared error = 0.00181670, marker error: RMS = 0.00888746, max = 0.0175202 (XIPH)
[2025-11-05 12:57:37.284] [info] Frame 200 (t = 1.0):	 total squared error = 0.00174447, marker error: RMS = 0.00870900, max = 0.0174796 (XIPH)
[2025-11-05 12:57:37.342] [info] Frame 201 (t = 1.00500):	 total squared error = 0.00166858, marker error: RMS = 0.00851745, max = 0.0174448 (XIPH)
[2025-11-05 12:57:37.416] [info] Frame 202 (t = 1.01):	 total squared error = 0.00162646, marker error: RMS = 0.00840926, max = 0.0173961 (XIPH)
[2025-11-05 12:57:37.472] [info] Frame 203 (t = 1.015):	 total squared error = 0.00157852, marker error: RMS = 0.00828440, max = 0.0173473 (XIPH)
[2025-11-05 12:57:37.576] [info] Frame 204 (t = 1.02):	 total squared error = 0.00156927, marker error: RMS = 0.00826008, max = 0.0173146 (XIPH)
[2025-11-05 12:57:37.623] [info] Frame 205 (t = 1.025):	 total squared error = 0.00154683, marker error: RMS = 0.00820081, max = 0.0173002 (XIPH)
[2025-11-05 12:57:37.673] [info] Frame 206 (t = 1.03):	 total squared error = 0.00154442, marker error: RMS = 0.00819442, max = 0.0172522 (XIPH)
[2025-11-05 12:57:37.801] [info] Frame 207 (t = 1.035):	 total squared error = 0.00156799, marker error: RMS = 0.00825673, max = 0.0172248 (XIPH)
[2025-11-05 12:57:37.905] [info] Frame 208 (t = 1.04):	 total squared error = 0.00158979, marker error: RMS = 0.00831392, max = 0.017189 (XIPH)
[2025-11-05 12:57:37.965] [info] Frame 209 (t = 1.045):	 total squared error = 0.00161287, marker error: RMS = 0.00837405, max = 0.0172132 (XIPH)
[2025-11-05 12:57:38.062] [info] Frame 210 (t = 1.05):	 total squared error = 0.00165359, marker error: RMS = 0.00847910, max = 0.0171767 (XIPH)
[2025-11-05 12:57:38.143] [info] Frame 211 (t = 1.055):	 total squared error = 0.00169253, marker error: RMS = 0.00857835, max = 0.01722 (XIPH)
[2025-11-05 12:57:38.205] [info] Frame 212 (t = 1.06):	 total squared error = 0.00174037, marker error: RMS = 0.00869875, max = 0.017244 (XIPH)
[2025-11-05 12:57:38.306] [info] Frame 213 (t = 1.065):	 total squared error = 0.00179619, marker error: RMS = 0.00883716, max = 0.0172142 (XIPH)
[2025-11-05 12:57:38.378] [info] Frame 214 (t = 1.07):	 total squared error = 0.00184394, marker error: RMS = 0.00895383, max = 0.0172545 (XIPH)
[2025-11-05 12:57:38.471] [info] Frame 215 (t = 1.075):	 total squared error = 0.00189354, marker error: RMS = 0.00907347, max = 0.0172654 (XIPH)
[2025-11-05 12:57:38.543] [info] Frame 216 (t = 1.08):	 total squared error = 0.00193363, marker error: RMS = 0.00916901, max = 0.0173665 (XIPH)
[2025-11-05 12:57:38.632] [info] Frame 217 (t = 1.085):	 total squared error = 0.00197079, marker error: RMS = 0.00925669, max = 0.0174334 (XIPH)
[2025-11-05 12:57:38.699] [info] Frame 218 (t = 1.09):	 total squared error = 0.00199409, marker error: RMS = 0.00931127, max = 0.0175375 (XIPH)
[2025-11-05 12:57:38.793] [info] Frame 219 (t = 1.095):	 total squared error = 0.00200771, marker error: RMS = 0.00934301, max = 0.0176828 (XIPH)
[2025-11-05 12:57:38.876] [info] Frame 220 (t = 1.1):	 total squared error = 0.00200846, marker error: RMS = 0.00934474, max = 0.0178148 (XIPH)
[2025-11-05 12:57:38.942] [info] Frame 221 (t = 1.10500):	 total squared error = 0.00199709, marker error: RMS = 0.00931827, max = 0.0180025 (XIPH)
[2025-11-05 12:57:39.034] [info] Frame 222 (t = 1.11):	 total squared error = 0.00197611, marker error: RMS = 0.00926919, max = 0.0181529 (XIPH)
[2025-11-05 12:57:39.120] [info] Frame 223 (t = 1.115):	 total squared error = 0.00193823, marker error: RMS = 0.00917991, max = 0.0183734 (XIPH)
[2025-11-05 12:57:39.188] [info] Frame 224 (t = 1.12):	 total squared error = 0.00188638, marker error: RMS = 0.00905630, max = 0.0186197 (XIPH)
[2025-11-05 12:57:39.352] [info] Frame 225 (t = 1.125):	 total squared error = 0.00182912, marker error: RMS = 0.00891778, max = 0.0189103 (XIPH)
[2025-11-05 12:57:39.635] [info] Frame 226 (t = 1.13):	 total squared error = 0.00177006, marker error: RMS = 0.00877263, max = 0.0191528 (XIPH)
[2025-11-05 12:57:39.753] [info] Frame 227 (t = 1.135):	 total squared error = 0.00170743, marker error: RMS = 0.00861604, max = 0.0194693 (XIPH)
[2025-11-05 12:57:39.887] [info] Frame 228 (t = 1.14):	 total squared error = 0.00164719, marker error: RMS = 0.00846268, max = 0.0197727 (XIPH)
[2025-11-05 12:57:40.007] [info] Frame 229 (t = 1.145):	 total squared error = 0.00159614, marker error: RMS = 0.00833051, max = 0.0201042 (XIPH)
[2025-11-05 12:57:40.138] [info] Frame 230 (t = 1.15):	 total squared error = 0.00155526, marker error: RMS = 0.00822313, max = 0.0204261 (XIPH)
[2025-11-05 12:57:40.265] [info] Frame 231 (t = 1.155):	 total squared error = 0.00152579, marker error: RMS = 0.00814487, max = 0.0207260 (XIPH)
[2025-11-05 12:57:40.383] [info] Frame 232 (t = 1.16):	 total squared error = 0.00151377, marker error: RMS = 0.00811272, max = 0.0210564 (XIPH)
[2025-11-05 12:57:40.509] [info] Frame 233 (t = 1.165):	 total squared error = 0.00151378, marker error: RMS = 0.00811274, max = 0.0213496 (XIPH)
[2025-11-05 12:57:40.627] [info] Frame 234 (t = 1.17):	 total squared error = 0.00153011, marker error: RMS = 0.00815637, max = 0.0216204 (XIPH)
[2025-11-05 12:57:40.808] [info] Frame 235 (t = 1.175):	 total squared error = 0.00155558, marker error: RMS = 0.00822397, max = 0.0218834 (XIPH)
[2025-11-05 12:57:40.930] [info] Frame 236 (t = 1.18):	 total squared error = 0.00158988, marker error: RMS = 0.00831417, max = 0.0221040 (XIPH)
[2025-11-05 12:57:41.065] [info] Frame 237 (t = 1.185):	 total squared error = 0.00162760, marker error: RMS = 0.00841219, max = 0.0223031 (XIPH)
[2025-11-05 12:57:41.170] [info] Frame 238 (t = 1.19):	 total squared error = 0.00167007, marker error: RMS = 0.00852125, max = 0.0224898 (XIPH)
[2025-11-05 12:57:41.204] [info] Frame 239 (t = 1.195):	 total squared error = 0.00172682, marker error: RMS = 0.00866482, max = 0.0225812 (XIPH)
[2025-11-05 12:57:41.338] [info] Frame 240 (t = 1.2):	 total squared error = 0.00174403, marker error: RMS = 0.00870790, max = 0.0227792 (XIPH)
[2025-11-05 12:57:41.381] [info] Frame 241 (t = 1.20500):	 total squared error = 0.00178016, marker error: RMS = 0.00879762, max = 0.0228915 (XIPH)
[2025-11-05 12:57:41.416] [info] Frame 242 (t = 1.21):	 total squared error = 0.00181432, marker error: RMS = 0.00888164, max = 0.0230259 (XIPH)
[2025-11-05 12:57:41.616] [info] Frame 243 (t = 1.215):	 total squared error = 0.00181420, marker error: RMS = 0.00888135, max = 0.0230724 (XIPH)
[2025-11-05 12:57:41.693] [info] Frame 244 (t = 1.22):	 total squared error = 0.00182396, marker error: RMS = 0.00890520, max = 0.0231113 (XIPH)
[2025-11-05 12:57:41.774] [info] Frame 245 (t = 1.225):	 total squared error = 0.00182969, marker error: RMS = 0.00891918, max = 0.0231796 (XIPH)
[2025-11-05 12:57:41.875] [info] Frame 246 (t = 1.23):	 total squared error = 0.00183506, marker error: RMS = 0.00893225, max = 0.023224 (XIPH)
[2025-11-05 12:57:41.985] [info] Frame 247 (t = 1.235):	 total squared error = 0.00184101, marker error: RMS = 0.00894673, max = 0.0232718 (XIPH)
[2025-11-05 12:57:42.058] [info] Frame 248 (t = 1.24):	 total squared error = 0.00184367, marker error: RMS = 0.00895320, max = 0.0232729 (XIPH)
[2025-11-05 12:57:42.173] [info] Frame 249 (t = 1.245):	 total squared error = 0.00185028, marker error: RMS = 0.00896922, max = 0.0232783 (XIPH)
[2025-11-05 12:57:42.334] [info] Frame 250 (t = 1.25):	 total squared error = 0.00185495, marker error: RMS = 0.00898053, max = 0.023273 (XIPH)
[2025-11-05 12:57:42.441] [info] Frame 251 (t = 1.255):	 total squared error = 0.00186043, marker error: RMS = 0.00899379, max = 0.0232574 (XIPH)
[2025-11-05 12:57:42.503] [info] InverseKinematicsTool completed 216 frames in 18 second(s).
[2025-11-05 12:57:45.128] [info] Loaded model Athlete_03 from file C:\Git\1_current_projects\powerlifing_model\models\Athlete_03\25_03_31\scaled.osim
[2025-11-05 12:57:45.570] [info] Storage: read data file = joint_angles.mot (nr=216 nc=40)
[2025-11-05 12:57:45.816] [info] Loaded model Athlete_03 from file ..\..\..\..\models\Athlete_03\25_03_31\scaled.osim
[2025-11-05 12:57:46.216] [cout] [info] 
               MODEL: Athlete_03
         coordinates: 39
              forces: 97
           actuators: 97
             muscles: 80
            analyses: 0
              probes: 0
              bodies: 22
              joints: 22
         constraints: 2
             markers: 45
         controllers: 0
  contact geometries: 0
misc modelcomponents: 0
[2025-11-05 12:57:46.217] [info] Running tool ...
[2025-11-05 12:57:46.577] [info] Storage: read data file = grf.mot (nr=4930 nc=46)
[2025-11-05 12:57:46.953] [info] ExternalForce::grf_r_2 Data source being set to grf
[2025-11-05 12:57:46.953] [info] ExternalForce::grf_r_5 Data source being set to grf
[2025-11-05 12:57:47.022] [info] Storage: read data file = joint_angles.mot (nr=216 nc=40)
[2025-11-05 12:57:47.043] [info] Low-pass filtering coordinates data with a cutoff frequency of 6.0...
[2025-11-05 12:57:49.950] [info] InverseDynamicsTool: 216 time frames in 2 second(s).
[2025-11-05 12:57:50.501] [info] Loaded model Athlete_03 from file C:\Git\1_current_projects\powerlifing_model\models\Athlete_03\25_03_31\scaled.osim
[2025-11-05 12:57:51.269] [info] Storage: read data file = joint_angles.mot (nr=216 nc=40)
[2025-11-05 12:57:51.510] [info] AbstractTool  loading model ..\..\..\..\models\Athlete_03\25_03_31\scaled.osim
[2025-11-05 12:57:51.943] [info] Loaded model Athlete_03 from file ..\..\..\..\models\Athlete_03\25_03_31\scaled.osim
[2025-11-05 12:57:53.176] [info] Storage: read data file = grf.mot (nr=4930 nc=46)
[2025-11-05 12:57:53.572] [info] ExternalForce::grf_r_2 Data source being set to grf
[2025-11-05 12:57:53.573] [info] ExternalForce::grf_r_5 Data source being set to grf
[2025-11-05 12:57:53.669] [info] Loading coordinates from file 'joint_angles.mot'.
[2025-11-05 12:57:53.670] [info] Storage: read data file = joint_angles.mot (nr=216 nc=40)
[2025-11-05 12:57:53.698] [info] Low-pass filtering coordinates data with a cutoff frequency of 6.0...
[2025-11-05 12:57:55.615] [info] AssemblySolver::track() attempt Failed: SimTK Exception thrown at Assembler.cpp:973:
  Method Assembler::track() failed because:
Unable to achieve required assembly error tolerance.
Assembly error tolerance achieved: 5.2830928726627816e-09 required: 1e-10.
[2025-11-05 12:57:55.657] [error] Model unable to assemble: AssemblySolver::assemble() Failed: SimTK Exception thrown at Assembler.cpp:897:
  Method Assembler::assemble() failed because:
Unable to achieve required assembly error tolerance.
Assembly error tolerance achieved: 5.2830929719761564e-09 required: 1e-10..Model relaxing constraints and trying again.
[2025-11-05 12:57:57.558] [info] Found 432 state vectors with time stamps ranging from -0.36 to 1.795.
[2025-11-05 12:57:57.558] [info] Executing the analyses from 0.18 to 1.255...
[2025-11-05 12:57:57.610] [warning] MuscleAnalysis: coordinate mtp_angle_r is locked and can't be varied.
[2025-11-05 12:57:57.610] [warning] MuscleAnalysis: coordinate mtp_angle_l is locked and can't be varied.
[2025-11-05 12:57:57.611] [warning] MuscleAnalysis: coordinate wrist_flex_r is locked and can't be varied.
[2025-11-05 12:57:57.611] [warning] MuscleAnalysis: coordinate wrist_dev_r is locked and can't be varied.
[2025-11-05 12:57:57.611] [warning] MuscleAnalysis: coordinate wrist_flex_l is locked and can't be varied.
[2025-11-05 12:57:57.611] [warning] MuscleAnalysis: coordinate wrist_dev_l is locked and can't be varied.
[2025-11-05 13:00:06.499] [info] Printing results of investigation  to muscleAnalysis
[2025-11-05 13:00:08.338] [info] Storage: read data file = joint_angles.mot (nr=216 nc=40)
[2025-11-05 13:00:08.473] [info] Loaded model Athlete_03 from file C:\Git\1_current_projects\powerlifing_model\models\Athlete_03\25_03_31\scaled.osim
[2025-11-05 13:00:40.769] [info] Storage: read data file = joint_angles.mot (nr=216 nc=40)
[2025-11-05 13:00:40.861] [info] Loaded model Athlete_03 from file C:\Git\1_current_projects\powerlifing_model\models\Athlete_03\25_03_31\scaled.osim
[2025-11-05 13:01:14.565] [info] Loaded model Athlete_03 from file C:\Git\1_current_projects\powerlifing_model\models\Athlete_03\25_03_31\scaled.osim
[2025-11-05 13:01:14.765] [info] Storage: read data file = joint_angles.mot (nr=216 nc=40)
[2025-11-05 13:01:14.796] [info] AbstractTool SO loading model ..\..\..\..\models\Athlete_03\25_03_31\scaled.osim
[2025-11-05 13:01:14.926] [info] Loaded model Athlete_03 from file ..\..\..\..\models\Athlete_03\25_03_31\scaled.osim
[2025-11-05 13:01:15.035] [info] Adding force object set from actuators_so.xml
[2025-11-05 13:01:15.141] [info] Storage: read data file = grf.mot (nr=4930 nc=46)
[2025-11-05 13:01:15.268] [info] ExternalForce::grf_r_2 Data source being set to grf
[2025-11-05 13:01:15.268] [info] ExternalForce::grf_r_5 Data source being set to grf
[2025-11-05 13:01:15.284] [info] Loading coordinates from file 'joint_angles.mot'.
[2025-11-05 13:01:15.284] [info] Storage: read data file = joint_angles.mot (nr=216 nc=40)
[2025-11-05 13:01:15.293] [info] Low-pass filtering coordinates data with a cutoff frequency of 6.0...
[2025-11-05 13:01:16.275] [info] AssemblySolver::track() attempt Failed: SimTK Exception thrown at Assembler.cpp:973:
  Method Assembler::track() failed because:
Unable to achieve required assembly error tolerance.
Assembly error tolerance achieved: 5.2830928726627816e-09 required: 1e-10.
[2025-11-05 13:01:16.321] [error] Model unable to assemble: AssemblySolver::assemble() Failed: SimTK Exception thrown at Assembler.cpp:897:
  Method Assembler::assemble() failed because:
Unable to achieve required assembly error tolerance.
Assembly error tolerance achieved: 5.2830929719761564e-09 required: 1e-10..Model relaxing constraints and trying again.
[2025-11-05 13:01:18.392] [info] Found 432 state vectors with time stamps ranging from -0.36 to 1.795.
[2025-11-05 13:01:18.393] [info] Executing the analyses from 0.18 to 1.255...
[2025-11-05 13:01:18.832] [info] Storage: read data file = grf.mot (nr=4930 nc=46)
[2025-11-05 13:01:19.148] [info] ExternalForce::grf_r_2 Data source being set to grf
[2025-11-05 13:01:19.149] [info] ExternalForce::grf_r_5 Data source being set to grf
[2025-11-05 13:01:19.286] [info] Storage: read data file = grf.mot (nr=4930 nc=46)
[2025-11-05 13:01:19.652] [info] ExternalForce::grf_r_2 Data source being set to grf
[2025-11-05 13:01:19.652] [info] ExternalForce::grf_r_5 Data source being set to grf
[2025-11-05 13:01:24.185] [cout] [info] time = 0.18 Performance = 4.72171 Constraint violation = 4.16111e-13
[2025-11-05 13:01:24.204] [info] Bounds for 'addbrev_r': 0.01 to 1.0.
[2025-11-05 13:01:24.233] [info] Bounds for 'addlong_r': 0.01 to 1.0.
[2025-11-05 13:01:24.248] [info] Bounds for 'addmagDist_r': 0.01 to 1.0.
[2025-11-05 13:01:24.251] [info] Bounds for 'addmagIsch_r': 0.01 to 1.0.
[2025-11-05 13:01:24.257] [info] Bounds for 'addmagMid_r': 0.01 to 1.0.
[2025-11-05 13:01:24.265] [info] Bounds for 'addmagProx_r': 0.01 to 1.0.
[2025-11-05 13:01:24.278] [info] Bounds for 'bflh_r': 0.01 to 1.0.
[2025-11-05 13:01:24.292] [info] Bounds for 'bfsh_r': 0.01 to 1.0.
[2025-11-05 13:01:24.298] [info] Bounds for 'edl_r': 0.01 to 1.0.
[2025-11-05 13:01:24.302] [info] Bounds for 'ehl_r': 0.01 to 1.0.
[2025-11-05 13:01:24.306] [info] Bounds for 'fdl_r': 0.01 to 1.0.
[2025-11-05 13:01:24.313] [info] Bounds for 'fhl_r': 0.01 to 1.0.
[2025-11-05 13:01:24.316] [info] Bounds for 'gaslat_r': 0.01 to 1.0.
[2025-11-05 13:01:24.324] [info] Bounds for 'gasmed_r': 0.01 to 1.0.
[2025-11-05 13:01:24.329] [info] Bounds for 'glmax1_r': 0.01 to 1.0.
[2025-11-05 13:01:24.331] [info] Bounds for 'glmax2_r': 0.01 to 1.0.
[2025-11-05 13:01:24.332] [info] Bounds for 'glmax3_r': 0.01 to 1.0.
[2025-11-05 13:01:24.333] [info] Bounds for 'glmed1_r': 0.01 to 1.0.
[2025-11-05 13:01:24.335] [info] Bounds for 'glmed2_r': 0.01 to 1.0.
[2025-11-05 13:01:24.335] [info] Bounds for 'glmed3_r': 0.01 to 1.0.
[2025-11-05 13:01:24.335] [info] Bounds for 'glmin1_r': 0.01 to 1.0.
[2025-11-05 13:01:24.336] [info] Bounds for 'glmin2_r': 0.01 to 1.0.
[2025-11-05 13:01:24.337] [info] Bounds for 'glmin3_r': 0.01 to 1.0.
[2025-11-05 13:01:24.337] [info] Bounds for 'grac_r': 0.01 to 1.0.
[2025-11-05 13:01:24.337] [info] Bounds for 'iliacus_r': 0.01 to 1.0.
[2025-11-05 13:01:24.338] [info] Bounds for 'perbrev_r': 0.01 to 1.0.
[2025-11-05 13:01:24.338] [info] Bounds for 'perlong_r': 0.01 to 1.0.
[2025-11-05 13:01:24.338] [info] Bounds for 'piri_r': 0.01 to 1.0.
[2025-11-05 13:01:24.339] [info] Bounds for 'psoas_r': 0.01 to 1.0.
[2025-11-05 13:01:24.339] [info] Bounds for 'recfem_r': 0.01 to 1.0.
[2025-11-05 13:01:24.340] [info] Bounds for 'sart_r': 0.01 to 1.0.
[2025-11-05 13:01:24.340] [info] Bounds for 'semimem_r': 0.01 to 1.0.
[2025-11-05 13:01:24.341] [info] Bounds for 'semiten_r': 0.01 to 1.0.
[2025-11-05 13:01:24.342] [info] Bounds for 'soleus_r': 0.01 to 1.0.
[2025-11-05 13:01:24.342] [info] Bounds for 'tfl_r': 0.01 to 1.0.
[2025-11-05 13:01:24.342] [info] Bounds for 'tibant_r': 0.01 to 1.0.
[2025-11-05 13:01:24.343] [info] Bounds for 'tibpost_r': 0.01 to 1.0.
[2025-11-05 13:01:24.343] [info] Bounds for 'vasint_r': 0.01 to 1.0.
[2025-11-05 13:01:24.343] [info] Bounds for 'vaslat_r': 0.01 to 1.0.
[2025-11-05 13:01:24.344] [info] Bounds for 'vasmed_r': 0.01 to 1.0.
[2025-11-05 13:01:24.344] [info] Bounds for 'addbrev_l': 0.01 to 1.0.
[2025-11-05 13:01:24.344] [info] Bounds for 'addlong_l': 0.01 to 1.0.
[2025-11-05 13:01:24.345] [info] Bounds for 'addmagDist_l': 0.01 to 1.0.
[2025-11-05 13:01:24.345] [info] Bounds for 'addmagIsch_l': 0.01 to 1.0.
[2025-11-05 13:01:24.345] [info] Bounds for 'addmagMid_l': 0.01 to 1.0.
[2025-11-05 13:01:24.345] [info] Bounds for 'addmagProx_l': 0.01 to 1.0.
[2025-11-05 13:01:24.346] [info] Bounds for 'bflh_l': 0.01 to 1.0.
[2025-11-05 13:01:24.347] [info] Bounds for 'bfsh_l': 0.01 to 1.0.
[2025-11-05 13:01:24.347] [info] Bounds for 'edl_l': 0.01 to 1.0.
[2025-11-05 13:01:24.347] [info] Bounds for 'ehl_l': 0.01 to 1.0.
[2025-11-05 13:01:24.348] [info] Bounds for 'fdl_l': 0.01 to 1.0.
[2025-11-05 13:01:24.348] [info] Bounds for 'fhl_l': 0.01 to 1.0.
[2025-11-05 13:01:24.348] [info] Bounds for 'gaslat_l': 0.01 to 1.0.
[2025-11-05 13:01:24.348] [info] Bounds for 'gasmed_l': 0.01 to 1.0.
[2025-11-05 13:01:24.348] [info] Bounds for 'glmax1_l': 0.01 to 1.0.
[2025-11-05 13:01:24.349] [info] Bounds for 'glmax2_l': 0.01 to 1.0.
[2025-11-05 13:01:24.349] [info] Bounds for 'glmax3_l': 0.01 to 1.0.
[2025-11-05 13:01:24.349] [info] Bounds for 'glmed1_l': 0.01 to 1.0.
[2025-11-05 13:01:24.350] [info] Bounds for 'glmed2_l': 0.01 to 1.0.
[2025-11-05 13:01:24.350] [info] Bounds for 'glmed3_l': 0.01 to 1.0.
[2025-11-05 13:01:24.350] [info] Bounds for 'glmin1_l': 0.01 to 1.0.
[2025-11-05 13:01:24.350] [info] Bounds for 'glmin2_l': 0.01 to 1.0.
[2025-11-05 13:01:24.350] [info] Bounds for 'glmin3_l': 0.01 to 1.0.
[2025-11-05 13:01:24.350] [info] Bounds for 'grac_l': 0.01 to 1.0.
[2025-11-05 13:01:24.351] [info] Bounds for 'iliacus_l': 0.01 to 1.0.
[2025-11-05 13:01:24.351] [info] Bounds for 'perbrev_l': 0.01 to 1.0.
[2025-11-05 13:01:24.351] [info] Bounds for 'perlong_l': 0.01 to 1.0.
[2025-11-05 13:01:24.351] [info] Bounds for 'piri_l': 0.01 to 1.0.
[2025-11-05 13:01:24.352] [info] Bounds for 'psoas_l': 0.01 to 1.0.
[2025-11-05 13:01:24.352] [info] Bounds for 'recfem_l': 0.01 to 1.0.
[2025-11-05 13:01:24.352] [info] Bounds for 'sart_l': 0.01 to 1.0.
[2025-11-05 13:01:24.353] [info] Bounds for 'semimem_l': 0.01 to 1.0.
[2025-11-05 13:01:24.353] [info] Bounds for 'semiten_l': 0.01 to 1.0.
[2025-11-05 13:01:24.353] [info] Bounds for 'soleus_l': 0.01 to 1.0.
[2025-11-05 13:01:24.353] [info] Bounds for 'tfl_l': 0.01 to 1.0.
[2025-11-05 13:01:24.354] [info] Bounds for 'tibant_l': 0.01 to 1.0.
[2025-11-05 13:01:24.354] [info] Bounds for 'tibpost_l': 0.01 to 1.0.
[2025-11-05 13:01:24.355] [info] Bounds for 'vasint_l': 0.01 to 1.0.
[2025-11-05 13:01:24.355] [info] Bounds for 'vaslat_l': 0.01 to 1.0.
[2025-11-05 13:01:24.355] [info] Bounds for 'vasmed_l': 0.01 to 1.0.
[2025-11-05 13:01:24.355] [info] Bounds for 'lumbar_ext': -inf to inf.
[2025-11-05 13:01:24.355] [info] Bounds for 'lumbar_bend': -inf to inf.
[2025-11-05 13:01:24.355] [info] Bounds for 'lumbar_rot': -inf to inf.
[2025-11-05 13:01:24.356] [info] Bounds for 'shoulder_flex_r': -inf to inf.
[2025-11-05 13:01:24.356] [info] Bounds for 'shoulder_add_r': -inf to inf.
[2025-11-05 13:01:24.356] [info] Bounds for 'shoulder_rot_r': -inf to inf.
[2025-11-05 13:01:24.357] [info] Bounds for 'elbow_flex_r': -inf to inf.
[2025-11-05 13:01:24.357] [info] Bounds for 'pro_sup_r': -inf to inf.
[2025-11-05 13:01:24.357] [info] Bounds for 'wrist_flex_r': -inf to inf.
[2025-11-05 13:01:24.357] [info] Bounds for 'wrist_dev_r': -inf to inf.
[2025-11-05 13:01:24.358] [info] Bounds for 'shoulder_flex_l': -inf to inf.
[2025-11-05 13:01:24.359] [info] Bounds for 'shoulder_add_l': -inf to inf.
[2025-11-05 13:01:24.359] [info] Bounds for 'shoulder_rot_l': -inf to inf.
[2025-11-05 13:01:24.360] [info] Bounds for 'elbow_flex_l': -inf to inf.
[2025-11-05 13:01:24.361] [info] Bounds for 'pro_sup_l': -inf to inf.
[2025-11-05 13:01:24.361] [info] Bounds for 'wrist_flex_l': -inf to inf.
[2025-11-05 13:01:24.361] [info] Bounds for 'wrist_dev_l': -inf to inf.
[2025-11-05 13:01:24.361] [info] Bounds for 'FX': -inf to inf.
[2025-11-05 13:01:24.362] [info] Bounds for 'FY': -inf to inf.
[2025-11-05 13:01:24.362] [info] Bounds for 'FZ': -inf to inf.
[2025-11-05 13:01:24.363] [info] Bounds for 'MX': -inf to inf.
[2025-11-05 13:01:24.364] [info] Bounds for 'MY': -inf to inf.
[2025-11-05 13:01:24.364] [info] Bounds for 'MZ': -inf to inf.
[2025-11-05 13:01:24.365] [info] Bounds for 'hip_flexion_r_reserve': -1.0 to 1.0.
[2025-11-05 13:01:24.366] [info] Bounds for 'hip_adduction_r_reserve': -1.0 to 1.0.
[2025-11-05 13:01:24.366] [info] Bounds for 'hip_rotation_r_reserve': -1.0 to 1.0.
[2025-11-05 13:01:24.366] [info] Bounds for 'knee_angle_r_reserve': -1.0 to 1.0.
[2025-11-05 13:01:24.367] [info] Bounds for 'ankle_angle_r_reserve': -1.0 to 1.0.
[2025-11-05 13:01:24.367] [info] Bounds for 'hip_flexion_l_reserve': -1.0 to 1.0.
[2025-11-05 13:01:24.367] [info] Bounds for 'hip_adduction_l_reserve': -1.0 to 1.0.
[2025-11-05 13:01:24.368] [info] Bounds for 'hip_rotation_l_reserve': -1.0 to 1.0.
[2025-11-05 13:01:24.368] [info] Bounds for 'knee_angle_l_reserve': -1.0 to 1.0.
[2025-11-05 13:01:24.368] [info] Bounds for 'ankle_angle_l_reserve': -1.0 to 1.0.
[2025-11-05 13:01:26.111] [cout] [info] time = 0.185 Performance = 6.25917 Constraint violation = 4.21312e-13
[2025-11-05 13:01:28.082] [cout] [info] time = 0.19 Performance = 8.68531 Constraint violation = 4.95805e-13
[2025-11-05 13:01:29.506] [cout] [info] time = 0.195 Performance = 11.6965 Constraint violation = 2.76698e-12
[2025-11-05 13:01:30.944] [cout] [info] time = 0.2 Performance = 14.9825 Constraint violation = 7.42952e-13
[2025-11-05 13:01:32.438] [cout] [info] time = 0.205000 Performance = 18.3591 Constraint violation = 1.21486e-12
[2025-11-05 13:01:34.171] [cout] [info] time = 0.21 Performance = 21.7951 Constraint violation = 5.00872e-12
[2025-11-05 13:01:36.966] [cout] [info] time = 0.215 Performance = 25.375 Constraint violation = 2.22885e-12
[2025-11-05 13:01:39.293] [cout] [info] time = 0.22 Performance = 29.2228 Constraint violation = 1.63262e-12
[2025-11-05 13:01:40.933] [cout] [info] time = 0.225 Performance = 33.4232 Constraint violation = 1.1632e-12
[2025-11-05 13:02:12.978] [cout] [info] time = 0.23 Performance = 37.9488 Constraint violation = 2.86786e-12
[2025-11-05 13:02:13.229] [cout] [info] time = 0.235 Performance = 42.6123 Constraint violation = 4.73438e-12
[2025-11-05 13:02:13.755] [cout] [info] time = 0.24 Performance = 47.0341 Constraint violation = 6.98082e-12
[2025-11-05 13:02:15.801] [cout] [info] time = 0.245 Performance = 50.8 Constraint violation = 2.36738e-12
[2025-11-05 13:02:17.919] [cout] [info] time = 0.25 Performance = 53.5193 Constraint violation = 4.93664e-12
[2025-11-05 13:02:19.679] [cout] [info] time = 0.255 Performance = 54.9144 Constraint violation = 5.10242e-12
[2025-11-05 13:02:21.921] [cout] [info] time = 0.26 Performance = 54.8737 Constraint violation = 1.75897e-12
[2025-11-05 13:02:24.134] [cout] [info] time = 0.265 Performance = 53.469 Constraint violation = 2.71974e-12
[2025-11-05 13:02:25.633] [cout] [info] time = 0.27 Performance = 50.9348 Constraint violation = 3.52378e-11
[2025-11-05 13:02:27.155] [cout] [info] time = 0.275 Performance = 47.6245 Constraint violation = 1.35712e-12
[2025-11-05 13:02:28.641] [cout] [info] time = 0.28 Performance = 43.9398 Constraint violation = 3.04435e-12
[2025-11-05 13:02:30.111] [cout] [info] time = 0.285 Performance = 40.2624 Constraint violation = 1.44776e-12
[2025-11-05 13:02:31.535] [cout] [info] time = 0.29 Performance = 36.8923 Constraint violation = 2.78618e-12
[2025-11-05 13:02:32.980] [cout] [info] time = 0.295 Performance = 34.0077 Constraint violation = 3.91703e-12
[2025-11-05 13:02:34.393] [cout] [info] time = 0.3 Performance = 31.6623 Constraint violation = 1.95443e-12
[2025-11-05 13:02:35.686] [cout] [info] time = 0.305000 Performance = 29.8086 Constraint violation = 2.42090e-12
[2025-11-05 13:02:36.967] [cout] [info] time = 0.31 Performance = 28.337 Constraint violation = 1.90978e-12
[2025-11-05 13:02:38.337] [cout] [info] time = 0.315 Performance = 27.1093 Constraint violation = 5.21617e-12
[2025-11-05 13:02:39.918] [cout] [info] time = 0.32 Performance = 25.9986 Constraint violation = 4.83699e-12
[2025-11-05 13:02:41.211] [cout] [info] time = 0.325 Performance = 24.9037 Constraint violation = 2.18212e-12
[2025-11-05 13:02:42.528] [cout] [info] time = 0.33 Performance = 23.7396 Constraint violation = 3.79453e-12
[2025-11-05 13:02:43.814] [cout] [info] time = 0.335 Performance = 22.4546 Constraint violation = 1.40977e-12
[2025-11-05 13:02:45.204] [cout] [info] time = 0.34 Performance = 21.0393 Constraint violation = 5.7457e-12
[2025-11-05 13:02:46.518] [cout] [info] time = 0.345 Performance = 19.5184 Constraint violation = 3.37706e-12
[2025-11-05 13:02:47.973] [cout] [info] time = 0.35 Performance = 17.9301 Constraint violation = 2.46497e-12
[2025-11-05 13:02:49.396] [cout] [info] time = 0.355 Performance = 16.3216 Constraint violation = 2.21699e-12
[2025-11-05 13:02:50.750] [cout] [info] time = 0.36 Performance = 14.7437 Constraint violation = 2.39458e-12
[2025-11-05 13:02:52.067] [cout] [info] time = 0.365 Performance = 13.2474 Constraint violation = 1.75515e-12
[2025-11-05 13:02:53.449] [cout] [info] time = 0.37 Performance = 11.883 Constraint violation = 1.28385e-12
[2025-11-05 13:02:54.772] [cout] [info] time = 0.375 Performance = 10.6968 Constraint violation = 2.43416e-12
[2025-11-05 13:02:56.285] [cout] [info] time = 0.38 Performance = 9.72745 Constraint violation = 1.06464e-12
[2025-11-05 13:02:58.210] [cout] [info] time = 0.385 Performance = 9.00268 Constraint violation = 2.8282e-12
[2025-11-05 13:02:59.805] [cout] [info] time = 0.39 Performance = 8.53832 Constraint violation = 1.00424e-12
[2025-11-05 13:03:01.185] [cout] [info] time = 0.395 Performance = 8.3392 Constraint violation = 7.67859e-12
[2025-11-05 13:03:02.549] [cout] [info] time = 0.4 Performance = 8.40418 Constraint violation = 3.56367e-12
[2025-11-05 13:03:03.963] [cout] [info] time = 0.405000 Performance = 8.73051 Constraint violation = 1.52725e-11
[2025-11-05 13:03:05.468] [cout] [info] time = 0.41 Performance = 9.31235 Constraint violation = 3.40823e-12
[2025-11-05 13:03:06.905] [cout] [info] time = 0.415 Performance = 10.1356 Constraint violation = 2.63241e-12
[2025-11-05 13:03:08.526] [cout] [info] time = 0.42 Performance = 11.1709 Constraint violation = 3.34974e-12
[2025-11-05 13:03:09.825] [cout] [info] time = 0.425 Performance = 12.3709 Constraint violation = 1.17723e-12
[2025-11-05 13:03:11.225] [cout] [info] time = 0.43 Performance = 13.668 Constraint violation = 2.34136e-12
[2025-11-05 13:03:12.596] [cout] [info] time = 0.435 Performance = 14.9783 Constraint violation = 1.47079e-12
[2025-11-05 13:03:14.000] [cout] [info] time = 0.44 Performance = 16.2133 Constraint violation = 1.76692e-12
[2025-11-05 13:03:15.424] [cout] [info] time = 0.445 Performance = 17.287 Constraint violation = 1.97158e-12
[2025-11-05 13:03:16.880] [cout] [info] time = 0.45 Performance = 18.1205 Constraint violation = 1.02492e-12
[2025-11-05 13:03:18.326] [cout] [info] time = 0.455 Performance = 18.6468 Constraint violation = 1.7196e-12
[2025-11-05 13:03:19.631] [cout] [info] time = 0.46 Performance = 18.8197 Constraint violation = 9.85655e-13
[2025-11-05 13:03:21.067] [cout] [info] time = 0.465 Performance = 18.6196 Constraint violation = 4.50095e-12
[2025-11-05 13:03:22.367] [cout] [info] time = 0.47 Performance = 18.0595 Constraint violation = 3.78187e-12
[2025-11-05 13:03:23.733] [cout] [info] time = 0.475 Performance = 17.1814 Constraint violation = 1.09691e-11
[2025-11-05 13:03:25.099] [cout] [info] time = 0.48 Performance = 16.0508 Constraint violation = 1.92894e-12
[2025-11-05 13:03:26.437] [cout] [info] time = 0.485 Performance = 14.7478 Constraint violation = 9.21414e-12
[2025-11-05 13:03:27.720] [cout] [info] time = 0.49 Performance = 13.3575 Constraint violation = 1.58749e-12
[2025-11-05 13:03:28.950] [cout] [info] time = 0.495 Performance = 11.9597 Constraint violation = 2.7877e-12
[2025-11-05 13:03:30.189] [cout] [info] time = 0.5 Performance = 10.6246 Constraint violation = 2.13839e-12
[2025-11-05 13:03:31.572] [cout] [info] time = 0.505000 Performance = 9.40796 Constraint violation = 4.71044e-12
[2025-11-05 13:03:32.773] [cout] [info] time = 0.51 Performance = 8.35080 Constraint violation = 4.63077e-12
[2025-11-05 13:03:34.107] [cout] [info] time = 0.515 Performance = 7.47675 Constraint violation = 2.02301e-12
[2025-11-05 13:03:35.359] [cout] [info] time = 0.52 Performance = 6.79215 Constraint violation = 1.55835e-12
[2025-11-05 13:03:36.666] [cout] [info] time = 0.525 Performance = 6.2873 Constraint violation = 7.27134e-13
[2025-11-05 13:03:38.031] [cout] [info] time = 0.53 Performance = 5.93925 Constraint violation = 2.26065e-12
[2025-11-05 13:03:39.339] [cout] [info] time = 0.535 Performance = 5.71814 Constraint violation = 2.0882e-12
[2025-11-05 13:03:40.665] [cout] [info] time = 0.54 Performance = 5.59365 Constraint violation = 1.25478e-12
[2025-11-05 13:03:41.992] [cout] [info] time = 0.545 Performance = 5.54077 Constraint violation = 1.06891e-12
[2025-11-05 13:03:43.308] [cout] [info] time = 0.55 Performance = 5.54431 Constraint violation = 2.03043e-12
[2025-11-05 13:03:44.645] [cout] [info] time = 0.555 Performance = 5.59992 Constraint violation = 5.55776e-12
[2025-11-05 13:03:45.921] [cout] [info] time = 0.56 Performance = 5.7116 Constraint violation = 3.69264e-12
[2025-11-05 13:03:47.296] [cout] [info] time = 0.565 Performance = 5.88795 Constraint violation = 2.99529e-12
[2025-11-05 13:03:48.588] [cout] [info] time = 0.57 Performance = 6.13887 Constraint violation = 2.09734e-12
[2025-11-05 13:03:49.945] [cout] [info] time = 0.575 Performance = 6.47075 Constraint violation = 1.54114e-12
[2025-11-05 13:03:51.336] [cout] [info] time = 0.58 Performance = 6.88494 Constraint violation = 2.86821e-12
[2025-11-05 13:03:52.783] [cout] [info] time = 0.585 Performance = 7.37764 Constraint violation = 1.24708e-12
[2025-11-05 13:03:54.213] [cout] [info] time = 0.59 Performance = 7.93884 Constraint violation = 2.97963e-12
[2025-11-05 13:03:55.467] [cout] [info] time = 0.595 Performance = 8.55397 Constraint violation = 2.06812e-12
[2025-11-05 13:03:56.883] [cout] [info] time = 0.6 Performance = 9.20531 Constraint violation = 1.30478e-12
[2025-11-05 13:03:58.311] [cout] [info] time = 0.605000 Performance = 9.87466 Constraint violation = 7.34892e-12
[2025-11-05 13:03:59.656] [cout] [info] time = 0.61 Performance = 10.5474 Constraint violation = 2.12839e-12
[2025-11-05 13:04:01.067] [cout] [info] time = 0.615 Performance = 11.2142 Constraint violation = 2.9425e-12
[2025-11-05 13:04:02.383] [cout] [info] time = 0.62 Performance = 11.8708 Constraint violation = 3.71028e-12
[2025-11-05 13:04:03.837] [cout] [info] time = 0.625 Performance = 12.5156 Constraint violation = 1.00894e-11
[2025-11-05 13:04:05.227] [cout] [info] time = 0.63 Performance = 13.1462 Constraint violation = 2.23919e-12
[2025-11-05 13:04:06.693] [cout] [info] time = 0.635 Performance = 13.759 Constraint violation = 3.03335e-12
[2025-11-05 13:04:07.984] [cout] [info] time = 0.64 Performance = 14.3502 Constraint violation = 1.448e-12
[2025-11-05 13:04:09.386] [cout] [info] time = 0.645 Performance = 14.9226 Constraint violation = 3.82829e-12
[2025-11-05 13:04:10.825] [cout] [info] time = 0.65 Performance = 15.4942 Constraint violation = 7.45507e-12
[2025-11-05 13:04:12.103] [cout] [info] time = 0.655 Performance = 16.1125 Constraint violation = 5.72065e-12
[2025-11-05 13:04:13.340] [cout] [info] time = 0.66 Performance = 16.8596 Constraint violation = 2.50294e-12
[2025-11-05 13:04:14.507] [cout] [info] time = 0.665 Performance = 17.8627 Constraint violation = 7.57477e-12
[2025-11-05 13:04:15.838] [cout] [info] time = 0.67 Performance = 19.2912 Constraint violation = 9.33314e-13
[2025-11-05 13:04:17.146] [cout] [info] time = 0.675 Performance = 21.3389 Constraint violation = 4.28811e-12
[2025-11-05 13:04:18.306] [cout] [info] time = 0.68 Performance = 24.2029 Constraint violation = 4.40155e-12
[2025-11-05 13:04:19.445] [cout] [info] time = 0.685 Performance = 28.0557 Constraint violation = 1.28674e-11
[2025-11-05 13:04:20.566] [cout] [info] time = 0.69 Performance = 33.0905 Constraint violation = 4.19267e-12
[2025-11-05 13:04:21.676] [cout] [info] time = 0.695 Performance = 40.0403 Constraint violation = 7.42203e-12
[2025-11-05 13:04:33.312] [warning] SimTK Exception thrown at InteriorPointOptimizer.cpp:264:
  Optimizer failed: Ipopt: Maximum iterations exceeded (status -1)
[2025-11-05 13:04:33.312] [warning] OPTIMIZATION FAILED...
[2025-11-05 13:04:33.313] [warning] StaticOptimization.record: The optimizer could not find a solution at time = 0.7.
[2025-11-05 13:04:33.313] [warning] The model appears too weak for static optimization.
Try increasing the strength and/or range of the following force(s):
   bflh_r approaching upper bound of 1
   bfsh_r approaching upper bound of 1
   gaslat_r approaching upper bound of 1
   gasmed_r approaching upper bound of 1
   glmax2_r approaching upper bound of 1
   glmax3_r approaching upper bound of 1
   grac_r approaching upper bound of 1
   sart_r approaching upper bound of 1
   semimem_r approaching upper bound of 1
   semiten_r approaching upper bound of 1
   hip_flexion_r_reserve approaching lower bound of -1
   knee_angle_r_reserve approaching upper bound of 1

[2025-11-05 13:04:33.313] [cout] [info] time = 0.7 Performance = 66.8158 Constraint violation = 978.466
[2025-11-05 13:04:44.230] [warning] SimTK Exception thrown at InteriorPointOptimizer.cpp:264:
  Optimizer failed: Ipopt: Maximum iterations exceeded (status -1)
[2025-11-05 13:04:44.231] [warning] OPTIMIZATION FAILED...
[2025-11-05 13:04:44.231] [warning] StaticOptimization.record: The optimizer could not find a solution at time = 0.705000.
[2025-11-05 13:04:44.231] [warning] The model appears too weak for static optimization.
Try increasing the strength and/or range of the following force(s):
   addmagIsch_r approaching upper bound of 1
   bflh_r approaching upper bound of 1
   bfsh_r approaching upper bound of 1
   gaslat_r approaching upper bound of 1
   gasmed_r approaching upper bound of 1
   glmax1_r approaching upper bound of 1
   glmax2_r approaching upper bound of 1
   glmax3_r approaching upper bound of 1
   grac_r approaching upper bound of 1
   sart_r approaching upper bound of 1
   semimem_r approaching upper bound of 1
   semiten_r approaching upper bound of 1
   hip_flexion_r_reserve approaching lower bound of -1
   hip_rotation_r_reserve approaching upper bound of 1
   knee_angle_r_reserve approaching upper bound of 1

[2025-11-05 13:04:44.232] [cout] [info] time = 0.705000 Performance = 113.065 Constraint violation = 748.489
[2025-11-05 13:04:51.253] [warning] SimTK Exception thrown at InteriorPointOptimizer.cpp:264:
  Optimizer failed: Ipopt: Maximum iterations exceeded (status -1)
[2025-11-05 13:04:51.253] [warning] OPTIMIZATION FAILED...
[2025-11-05 13:04:51.253] [warning] StaticOptimization.record: The optimizer could not find a solution at time = 0.71.
[2025-11-05 13:04:51.254] [warning] The model appears too weak for static optimization.
Try increasing the strength and/or range of the following force(s):
   bflh_r approaching upper bound of 1
   bfsh_r approaching upper bound of 1
   gaslat_r approaching upper bound of 1
   gasmed_r approaching upper bound of 1
   grac_r approaching upper bound of 1
   sart_r approaching upper bound of 1
   semimem_r approaching upper bound of 1
   semiten_r approaching upper bound of 1
   knee_angle_r_reserve approaching upper bound of 1

[2025-11-05 13:04:51.254] [cout] [info] time = 0.71 Performance = 92.3603 Constraint violation = 1383.46
[2025-11-05 13:04:58.023] [warning] SimTK Exception thrown at InteriorPointOptimizer.cpp:264:
  Optimizer failed: Ipopt: Maximum iterations exceeded (status -1)
[2025-11-05 13:04:58.023] [warning] OPTIMIZATION FAILED...
[2025-11-05 13:04:58.024] [warning] StaticOptimization.record: The optimizer could not find a solution at time = 0.715.
[2025-11-05 13:04:58.024] [warning] The model appears too weak for static optimization.
Try increasing the strength and/or range of the following force(s):
   bflh_r approaching upper bound of 1
   bfsh_r approaching upper bound of 1
   gaslat_r approaching upper bound of 1
   gasmed_r approaching upper bound of 1
   glmax3_r approaching upper bound of 1
   grac_r approaching upper bound of 1
   sart_r approaching upper bound of 1
   semimem_r approaching upper bound of 1
   semiten_r approaching upper bound of 1
   knee_angle_r_reserve approaching upper bound of 1

[2025-11-05 13:04:58.025] [cout] [info] time = 0.715 Performance = 29.4843 Constraint violation = 270.731
[2025-11-05 13:05:01.361] [warning] SimTK Exception thrown at InteriorPointOptimizer.cpp:264:
  Optimizer failed: Ipopt: Maximum iterations exceeded (status -1)
[2025-11-05 13:05:01.362] [warning] OPTIMIZATION FAILED...
[2025-11-05 13:05:01.362] [warning] StaticOptimization.record: The optimizer could not find a solution at time = 0.72.
[2025-11-05 13:05:01.362] [warning] The model appears too weak for static optimization.
Try increasing the strength and/or range of the following force(s):
   bflh_r approaching upper bound of 1
   bfsh_r approaching upper bound of 1
   gaslat_r approaching upper bound of 1
   gasmed_r approaching upper bound of 1
   grac_r approaching upper bound of 1
   sart_r approaching upper bound of 1
   semimem_r approaching upper bound of 1
   semiten_r approaching upper bound of 1
   knee_angle_r_reserve approaching upper bound of 1

[2025-11-05 13:05:01.363] [cout] [info] time = 0.72 Performance = 261.184 Constraint violation = 3602.08
[2025-11-05 13:05:06.144] [warning] SimTK Exception thrown at InteriorPointOptimizer.cpp:264:
  Optimizer failed: Ipopt: Maximum iterations exceeded (status -1)
[2025-11-05 13:05:06.144] [warning] OPTIMIZATION FAILED...
[2025-11-05 13:05:06.144] [warning] StaticOptimization.record: The optimizer could not find a solution at time = 0.725.
[2025-11-05 13:05:06.144] [warning] The model appears too weak for static optimization.
Try increasing the strength and/or range of the following force(s):
   bflh_r approaching upper bound of 1
   bfsh_r approaching upper bound of 1
   gaslat_r approaching upper bound of 1
   gasmed_r approaching upper bound of 1
   grac_r approaching upper bound of 1
   sart_r approaching upper bound of 1
   semimem_r approaching upper bound of 1
   semiten_r approaching upper bound of 1
   hip_rotation_r_reserve approaching upper bound of 1
   knee_angle_r_reserve approaching upper bound of 1

[2025-11-05 13:05:06.145] [cout] [info] time = 0.725 Performance = 416.514 Constraint violation = 871.086
[2025-11-05 13:05:12.533] [warning] SimTK Exception thrown at InteriorPointOptimizer.cpp:264:
  Optimizer failed: Ipopt: Maximum iterations exceeded (status -1)
[2025-11-05 13:05:12.533] [warning] OPTIMIZATION FAILED...
[2025-11-05 13:05:12.533] [warning] StaticOptimization.record: The optimizer could not find a solution at time = 0.73.
[2025-11-05 13:05:12.533] [warning] The model appears too weak for static optimization.
Try increasing the strength and/or range of the following force(s):
   bflh_r approaching upper bound of 1
   bfsh_r approaching upper bound of 1
   gaslat_r approaching upper bound of 1
   gasmed_r approaching upper bound of 1
   glmax2_r approaching upper bound of 1
   grac_r approaching upper bound of 1
   sart_r approaching upper bound of 1
   semimem_r approaching upper bound of 1
   semiten_r approaching upper bound of 1
   hip_flexion_r_reserve approaching lower bound of -1
   knee_angle_r_reserve approaching upper bound of 1

[2025-11-05 13:05:12.534] [cout] [info] time = 0.73 Performance = 1041.61 Constraint violation = 353.206
[2025-11-05 13:05:17.578] [warning] SimTK Exception thrown at InteriorPointOptimizer.cpp:264:
  Optimizer failed: Ipopt: Maximum iterations exceeded (status -1)
[2025-11-05 13:05:17.579] [warning] OPTIMIZATION FAILED...
[2025-11-05 13:05:17.579] [warning] StaticOptimization.record: The optimizer could not find a solution at time = 0.735.
[2025-11-05 13:05:17.579] [warning] The model appears too weak for static optimization.
Try increasing the strength and/or range of the following force(s):
   bflh_r approaching upper bound of 1
   bfsh_r approaching upper bound of 1
   gaslat_r approaching upper bound of 1
   gasmed_r approaching upper bound of 1
   grac_r approaching upper bound of 1
   sart_r approaching upper bound of 1
   semimem_r approaching upper bound of 1
   semiten_r approaching upper bound of 1
   knee_angle_r_reserve approaching upper bound of 1

[2025-11-05 13:05:17.580] [cout] [info] time = 0.735 Performance = 21.8196 Constraint violation = 1748.07
[2025-11-05 13:05:24.000] [warning] SimTK Exception thrown at InteriorPointOptimizer.cpp:264:
  Optimizer failed: Ipopt: Maximum iterations exceeded (status -1)
[2025-11-05 13:05:24.000] [warning] OPTIMIZATION FAILED...
[2025-11-05 13:05:24.001] [warning] StaticOptimization.record: The optimizer could not find a solution at time = 0.74.
[2025-11-05 13:05:24.001] [warning] The model appears too weak for static optimization.
Try increasing the strength and/or range of the following force(s):
   bflh_r approaching upper bound of 1
   bfsh_r approaching upper bound of 1
   gaslat_r approaching upper bound of 1
   gasmed_r approaching upper bound of 1
   grac_r approaching upper bound of 1
   sart_r approaching upper bound of 1
   semimem_r approaching upper bound of 1
   semiten_r approaching upper bound of 1
   knee_angle_r_reserve approaching upper bound of 1

[2025-11-05 13:05:24.001] [cout] [info] time = 0.74 Performance = 20.6024 Constraint violation = 1016.76
[2025-11-05 13:05:28.762] [warning] SimTK Exception thrown at InteriorPointOptimizer.cpp:264:
  Optimizer failed: Ipopt: Maximum iterations exceeded (status -1)
[2025-11-05 13:05:28.762] [warning] OPTIMIZATION FAILED...
[2025-11-05 13:05:28.762] [warning] StaticOptimization.record: The optimizer could not find a solution at time = 0.745.
[2025-11-05 13:05:28.762] [warning] The model appears too weak for static optimization.
Try increasing the strength and/or range of the following force(s):
   bflh_r approaching upper bound of 1
   bfsh_r approaching upper bound of 1
   gaslat_r approaching upper bound of 1
   gasmed_r approaching upper bound of 1
   grac_r approaching upper bound of 1
   sart_r approaching upper bound of 1
   semimem_r approaching upper bound of 1
   semiten_r approaching upper bound of 1
   knee_angle_r_reserve approaching upper bound of 1

[2025-11-05 13:05:28.763] [cout] [info] time = 0.745 Performance = 100.24 Constraint violation = 4797.65
[2025-11-05 13:05:32.022] [warning] SimTK Exception thrown at InteriorPointOptimizer.cpp:264:
  Optimizer failed: Ipopt: Maximum iterations exceeded (status -1)
[2025-11-05 13:05:32.022] [warning] OPTIMIZATION FAILED...
[2025-11-05 13:05:32.022] [warning] StaticOptimization.record: The optimizer could not find a solution at time = 0.75.
[2025-11-05 13:05:32.022] [warning] The model appears too weak for static optimization.
Try increasing the strength and/or range of the following force(s):
   bflh_r approaching upper bound of 1
   bfsh_r approaching upper bound of 1
   gaslat_r approaching upper bound of 1
   gasmed_r approaching upper bound of 1
   glmax1_r approaching upper bound of 1
   glmax2_r approaching upper bound of 1
   glmed1_r approaching upper bound of 1
   glmin1_r approaching upper bound of 1
   glmin2_r approaching upper bound of 1
   grac_r approaching upper bound of 1
   perbrev_r approaching upper bound of 1
   perlong_r approaching upper bound of 1
   sart_r approaching upper bound of 1
   semimem_r approaching upper bound of 1
   semiten_r approaching upper bound of 1
   soleus_r approaching upper bound of 1
   addbrev_l approaching upper bound of 1
   addlong_l approaching upper bound of 1
   addmagProx_l approaching upper bound of 1
   edl_l approaching upper bound of 1
   iliacus_l approaching upper bound of 1
   perbrev_l approaching upper bound of 1
   perlong_l approaching upper bound of 1
   psoas_l approaching upper bound of 1
   sart_l approaching upper bound of 1
   tfl_l approaching upper bound of 1
   hip_flexion_r_reserve approaching lower bound of -1
   hip_adduction_r_reserve approaching lower bound of -1
   hip_rotation_r_reserve approaching upper bound of 1
   knee_angle_r_reserve approaching upper bound of 1
   ankle_angle_r_reserve approaching lower bound of -1
   hip_flexion_l_reserve approaching upper bound of 1
   hip_adduction_l_reserve approaching lower bound of -1
   hip_rotation_l_reserve approaching lower bound of -1
   ankle_angle_l_reserve approaching upper bound of 1

[2025-11-05 13:05:32.023] [cout] [info] time = 0.75 Performance = 64906.6 Constraint violation = 5301.09
[2025-11-05 13:05:37.319] [warning] SimTK Exception thrown at InteriorPointOptimizer.cpp:264:
  Optimizer failed: Ipopt: Maximum iterations exceeded (status -1)
[2025-11-05 13:05:37.319] [warning] OPTIMIZATION FAILED...
[2025-11-05 13:05:37.320] [warning] StaticOptimization.record: The optimizer could not find a solution at time = 0.755.
[2025-11-05 13:05:37.320] [warning] The model appears too weak for static optimization.
Try increasing the strength and/or range of the following force(s):
   bflh_r approaching upper bound of 1
   bfsh_r approaching upper bound of 1
   gaslat_r approaching upper bound of 1
   gasmed_r approaching upper bound of 1
   grac_r approaching upper bound of 1
   sart_r approaching upper bound of 1
   semimem_r approaching upper bound of 1
   semiten_r approaching upper bound of 1
   hip_flexion_r_reserve approaching upper bound of 1
   hip_adduction_r_reserve approaching lower bound of -1
   hip_rotation_r_reserve approaching lower bound of -1
   knee_angle_r_reserve approaching upper bound of 1
   ankle_angle_r_reserve approaching lower bound of -1

[2025-11-05 13:05:37.321] [cout] [info] time = 0.755 Performance = 6190.59 Constraint violation = 33117.0
[2025-11-05 13:05:42.815] [warning] SimTK Exception thrown at InteriorPointOptimizer.cpp:264:
  Optimizer failed: Ipopt: Maximum iterations exceeded (status -1)
[2025-11-05 13:05:42.815] [warning] OPTIMIZATION FAILED...
[2025-11-05 13:05:42.816] [warning] StaticOptimization.record: The optimizer could not find a solution at time = 0.76.
[2025-11-05 13:05:42.816] [warning] The model appears too weak for static optimization.
Try increasing the strength and/or range of the following force(s):
   bflh_r approaching upper bound of 1
   bfsh_r approaching upper bound of 1
   gaslat_r approaching upper bound of 1
   gasmed_r approaching upper bound of 1
   glmed1_r approaching upper bound of 1
   glmin3_r approaching upper bound of 1
   grac_r approaching upper bound of 1
   iliacus_r approaching upper bound of 1
   sart_r approaching upper bound of 1
   semimem_r approaching upper bound of 1
   semiten_r approaching upper bound of 1
   tfl_l approaching upper bound of 1
   hip_flexion_r_reserve approaching lower bound of -1
   hip_adduction_r_reserve approaching upper bound of 1
   knee_angle_r_reserve approaching upper bound of 1
   ankle_angle_r_reserve approaching lower bound of -1
   ankle_angle_l_reserve approaching upper bound of 1

[2025-11-05 13:05:42.817] [cout] [info] time = 0.76 Performance = 35.4194 Constraint violation = 2698.6
[2025-11-05 13:05:48.643] [warning] SimTK Exception thrown at InteriorPointOptimizer.cpp:264:
  Optimizer failed: Ipopt: Maximum iterations exceeded (status -1)
[2025-11-05 13:05:48.643] [warning] OPTIMIZATION FAILED...
[2025-11-05 13:05:48.643] [warning] StaticOptimization.record: The optimizer could not find a solution at time = 0.765.
[2025-11-05 13:05:48.644] [warning] The model appears too weak for static optimization.
Try increasing the strength and/or range of the following force(s):
   bflh_r approaching upper bound of 1
   bfsh_r approaching upper bound of 1
   gaslat_r approaching upper bound of 1
   gasmed_r approaching upper bound of 1
   grac_r approaching upper bound of 1
   sart_r approaching upper bound of 1
   semimem_r approaching upper bound of 1
   semiten_r approaching upper bound of 1
   knee_angle_r_reserve approaching upper bound of 1

[2025-11-05 13:05:48.644] [cout] [info] time = 0.765 Performance = 31.0418 Constraint violation = 4332.53
[2025-11-05 13:05:55.082] [warning] SimTK Exception thrown at InteriorPointOptimizer.cpp:264:
  Optimizer failed: Ipopt: Maximum iterations exceeded (status -1)
[2025-11-05 13:05:55.083] [warning] OPTIMIZATION FAILED...
[2025-11-05 13:05:55.083] [warning] StaticOptimization.record: The optimizer could not find a solution at time = 0.77.
[2025-11-05 13:05:55.083] [warning] The model appears too weak for static optimization.
Try increasing the strength and/or range of the following force(s):
   bflh_r approaching upper bound of 1
   bfsh_r approaching upper bound of 1
   gaslat_r approaching upper bound of 1
   gasmed_r approaching upper bound of 1
   glmed1_r approaching upper bound of 1
   glmin1_r approaching upper bound of 1
   glmin2_r approaching upper bound of 1
   grac_r approaching upper bound of 1
   iliacus_r approaching upper bound of 1
   sart_r approaching upper bound of 1
   semimem_r approaching upper bound of 1
   semiten_r approaching upper bound of 1
   iliacus_l approaching upper bound of 1
   psoas_l approaching upper bound of 1
   recfem_l approaching upper bound of 1
   hip_flexion_r_reserve approaching lower bound of -1
   hip_adduction_r_reserve approaching lower bound of -1
   hip_rotation_r_reserve approaching upper bound of 1
   knee_angle_r_reserve approaching upper bound of 1
   hip_flexion_l_reserve approaching upper bound of 1

[2025-11-05 13:05:55.083] [cout] [info] time = 0.77 Performance = 174.247 Constraint violation = 1079.81
[2025-11-05 13:05:55.657] [cout] [info] time = 0.775 Performance = 57.734 Constraint violation = 9.24321e-12
[2025-11-05 13:05:56.182] [cout] [info] time = 0.78 Performance = 52.3712 Constraint violation = 5.04842e-12
[2025-11-05 13:05:56.705] [cout] [info] time = 0.785 Performance = 49.2040 Constraint violation = 7.33765e-11
[2025-11-05 13:05:57.168] [cout] [info] time = 0.79 Performance = 46.5076 Constraint violation = 2.20047e-12
[2025-11-05 13:05:57.661] [cout] [info] time = 0.795 Performance = 44.0721 Constraint violation = 7.65139e-13
[2025-11-05 13:05:58.254] [cout] [info] time = 0.8 Performance = 41.7577 Constraint violation = 2.80755e-12
[2025-11-05 13:05:58.728] [cout] [info] time = 0.805000 Performance = 39.4591 Constraint violation = 1.68215e-12
[2025-11-05 13:05:59.226] [cout] [info] time = 0.81 Performance = 37.0315 Constraint violation = 6.47173e-13
[2025-11-05 13:05:59.701] [cout] [info] time = 0.815 Performance = 34.694 Constraint violation = 1.98218e-12
[2025-11-05 13:06:00.193] [cout] [info] time = 0.82 Performance = 32.4892 Constraint violation = 9.12286e-13
[2025-11-05 13:06:00.752] [cout] [info] time = 0.825 Performance = 30.5206 Constraint violation = 9.96462e-13
[2025-11-05 13:06:01.204] [cout] [info] time = 0.83 Performance = 28.8165 Constraint violation = 3.63937e-13
[2025-11-05 13:06:01.853] [cout] [info] time = 0.835 Performance = 27.3404 Constraint violation = 8.13503e-13
[2025-11-05 13:06:02.553] [cout] [info] time = 0.84 Performance = 26.0036 Constraint violation = 3.18653e-13
[2025-11-05 13:06:03.220] [cout] [info] time = 0.845 Performance = 24.7046 Constraint violation = 9.04904e-13
[2025-11-05 13:06:03.817] [cout] [info] time = 0.85 Performance = 23.3524 Constraint violation = 1.01542e-12
[2025-11-05 13:06:04.279] [cout] [info] time = 0.855 Performance = 21.8879 Constraint violation = 3.00746e-13
[2025-11-05 13:06:04.735] [cout] [info] time = 0.86 Performance = 20.2975 Constraint violation = 1.61324e-12
[2025-11-05 13:06:05.079] [cout] [info] time = 0.865 Performance = 18.6069 Constraint violation = 1.44783e-13
[2025-11-05 13:06:05.467] [cout] [info] time = 0.87 Performance = 16.8636 Constraint violation = 5.87223e-13
[2025-11-05 13:06:05.848] [cout] [info] time = 0.875 Performance = 15.1224 Constraint violation = 6.69864e-13
[2025-11-05 13:06:06.241] [cout] [info] time = 0.88 Performance = 13.4342 Constraint violation = 9.18566e-13
[2025-11-05 13:06:06.717] [cout] [info] time = 0.885 Performance = 11.8398 Constraint violation = 5.67015e-13
[2025-11-05 13:06:07.083] [cout] [info] time = 0.89 Performance = 10.3737 Constraint violation = 5.31356e-13
[2025-11-05 13:06:07.518] [cout] [info] time = 0.895 Performance = 9.06566 Constraint violation = 5.28237e-13
[2025-11-05 13:06:07.967] [cout] [info] time = 0.9 Performance = 7.95444 Constraint violation = 2.55499e-13
[2025-11-05 13:06:08.427] [cout] [info] time = 0.905000 Performance = 7.07573 Constraint violation = 4.90533e-13
[2025-11-05 13:06:08.863] [cout] [info] time = 0.91 Performance = 6.46836 Constraint violation = 8.22779e-13
[2025-11-05 13:06:09.245] [cout] [info] time = 0.915 Performance = 6.16758 Constraint violation = 7.11719e-13
[2025-11-05 13:06:09.707] [cout] [info] time = 0.92 Performance = 6.19484 Constraint violation = 4.89466e-13
[2025-11-05 13:06:10.132] [cout] [info] time = 0.925 Performance = 6.55501 Constraint violation = 3.76847e-13
[2025-11-05 13:06:10.621] [cout] [info] time = 0.93 Performance = 7.23925 Constraint violation = 3.48875e-13
[2025-11-05 13:06:11.060] [cout] [info] time = 0.935 Performance = 8.21834 Constraint violation = 4.65502e-13
[2025-11-05 13:06:11.472] [cout] [info] time = 0.94 Performance = 9.45422 Constraint violation = 6.82902e-13
[2025-11-05 13:06:11.885] [cout] [info] time = 0.945 Performance = 10.8999 Constraint violation = 1.93304e-13
[2025-11-05 13:06:12.296] [cout] [info] time = 0.95 Performance = 12.5020 Constraint violation = 6.16069e-13
[2025-11-05 13:06:12.756] [cout] [info] time = 0.955 Performance = 14.2015 Constraint violation = 2.30504e-12
[2025-11-05 13:06:13.120] [cout] [info] time = 0.96 Performance = 15.9327 Constraint violation = 8.86912e-13
[2025-11-05 13:06:13.523] [cout] [info] time = 0.965 Performance = 17.6282 Constraint violation = 6.50236e-13
[2025-11-05 13:06:13.953] [cout] [info] time = 0.97 Performance = 19.2209 Constraint violation = 4.72003e-13
[2025-11-05 13:06:14.396] [cout] [info] time = 0.975 Performance = 20.6498 Constraint violation = 6.44867e-13
[2025-11-05 13:06:14.877] [cout] [info] time = 0.98 Performance = 21.8588 Constraint violation = 1.57663e-12
[2025-11-05 13:06:15.394] [cout] [info] time = 0.985 Performance = 22.7985 Constraint violation = 5.61145e-13
[2025-11-05 13:06:15.986] [cout] [info] time = 0.99 Performance = 23.4259 Constraint violation = 1.8718e-12
[2025-11-05 13:06:16.386] [cout] [info] time = 0.995 Performance = 23.7104 Constraint violation = 8.67239e-13
[2025-11-05 13:06:16.868] [cout] [info] time = 1.0 Performance = 23.6367 Constraint violation = 2.76893e-13
[2025-11-05 13:06:17.318] [cout] [info] time = 1.00500 Performance = 23.2070 Constraint violation = 6.94199e-12
[2025-11-05 13:06:17.731] [cout] [info] time = 1.01 Performance = 22.4461 Constraint violation = 5.96019e-13
[2025-11-05 13:06:18.273] [cout] [info] time = 1.015 Performance = 21.3949 Constraint violation = 2.4213e-12
[2025-11-05 13:06:18.720] [cout] [info] time = 1.02 Performance = 20.1174 Constraint violation = 8.85937e-13
[2025-11-05 13:06:19.185] [cout] [info] time = 1.025 Performance = 18.6884 Constraint violation = 1.95426e-12
[2025-11-05 13:06:19.744] [cout] [info] time = 1.03 Performance = 17.1923 Constraint violation = 4.58942e-12
[2025-11-05 13:06:20.125] [cout] [info] time = 1.035 Performance = 15.715 Constraint violation = 3.19064e-13
[2025-11-05 13:06:20.532] [cout] [info] time = 1.04 Performance = 14.335 Constraint violation = 1.41266e-13
[2025-11-05 13:06:20.894] [cout] [info] time = 1.045 Performance = 13.121 Constraint violation = 4.12201e-13
[2025-11-05 13:06:21.317] [cout] [info] time = 1.05 Performance = 12.1285 Constraint violation = 2.82029e-13
[2025-11-05 13:06:21.906] [cout] [info] time = 1.055 Performance = 11.3914 Constraint violation = 1.96664e-13
[2025-11-05 13:06:22.481] [cout] [info] time = 1.06 Performance = 10.9232 Constraint violation = 3.17317e-13
[2025-11-05 13:06:22.954] [cout] [info] time = 1.065 Performance = 10.7112 Constraint violation = 4.56208e-13
[2025-11-05 13:06:23.513] [cout] [info] time = 1.07 Performance = 10.7138 Constraint violation = 1.27855e-13
[2025-11-05 13:06:23.989] [cout] [info] time = 1.075 Performance = 10.8645 Constraint violation = 2.84503e-13
[2025-11-05 13:06:24.407] [cout] [info] time = 1.08 Performance = 11.0801 Constraint violation = 6.05055e-13
[2025-11-05 13:06:24.927] [cout] [info] time = 1.085 Performance = 11.273 Constraint violation = 2.58328e-13
[2025-11-05 13:06:25.435] [cout] [info] time = 1.09 Performance = 11.3641 Constraint violation = 6.4428e-13
[2025-11-05 13:06:25.993] [cout] [info] time = 1.095 Performance = 11.2973 Constraint violation = 1.53626e-13
[2025-11-05 13:06:26.718] [cout] [info] time = 1.1 Performance = 11.0412 Constraint violation = 2.03093e-13
[2025-11-05 13:06:27.305] [cout] [info] time = 1.10500 Performance = 10.5934 Constraint violation = 1.44343e-12
[2025-11-05 13:06:27.939] [cout] [info] time = 1.11 Performance = 9.97978 Constraint violation = 2.12856e-13
[2025-11-05 13:06:28.710] [cout] [info] time = 1.115 Performance = 9.25089 Constraint violation = 3.97218e-13
[2025-11-05 13:06:29.271] [cout] [info] time = 1.12 Performance = 8.4872 Constraint violation = 2.15669e-13
[2025-11-05 13:06:29.947] [cout] [info] time = 1.125 Performance = 7.78379 Constraint violation = 2.0425e-13
[2025-11-05 13:06:30.475] [cout] [info] time = 1.13 Performance = 7.23235 Constraint violation = 2.81309e-13
[2025-11-05 13:06:31.274] [cout] [info] time = 1.135 Performance = 6.90737 Constraint violation = 2.34255e-13
[2025-11-05 13:06:31.824] [cout] [info] time = 1.14 Performance = 6.86080 Constraint violation = 2.63843e-13
[2025-11-05 13:06:32.316] [cout] [info] time = 1.145 Performance = 7.11066 Constraint violation = 3.71409e-13
[2025-11-05 13:06:32.874] [cout] [info] time = 1.15 Performance = 7.64338 Constraint violation = 3.46692e-13
[2025-11-05 13:06:33.444] [cout] [info] time = 1.155 Performance = 8.4161 Constraint violation = 5.10994e-13
[2025-11-05 13:06:34.107] [cout] [info] time = 1.16 Performance = 9.36223 Constraint violation = 5.43938e-13
[2025-11-05 13:06:34.679] [cout] [info] time = 1.165 Performance = 10.4039 Constraint violation = 3.62552e-13
[2025-11-05 13:06:35.159] [cout] [info] time = 1.17 Performance = 11.462 Constraint violation = 4.10041e-13
[2025-11-05 13:06:35.626] [cout] [info] time = 1.175 Performance = 12.4662 Constraint violation = 3.79881e-13
[2025-11-05 13:06:36.058] [cout] [info] time = 1.18 Performance = 13.3594 Constraint violation = 9.68221e-13
[2025-11-05 13:06:36.499] [cout] [info] time = 1.185 Performance = 14.1010 Constraint violation = 4.57036e-13
[2025-11-05 13:06:36.990] [cout] [info] time = 1.19 Performance = 14.666 Constraint violation = 3.93472e-13
[2025-11-05 13:06:37.550] [cout] [info] time = 1.195 Performance = 15.0411 Constraint violation = 1.53105e-12
[2025-11-05 13:06:38.010] [cout] [info] time = 1.2 Performance = 15.224 Constraint violation = 1.062e-12
[2025-11-05 13:06:38.466] [cout] [info] time = 1.20500 Performance = 15.2116 Constraint violation = 3.26991e-13
[2025-11-05 13:06:38.991] [cout] [info] time = 1.21 Performance = 14.9926 Constraint violation = 3.76306e-13
[2025-11-05 13:06:39.412] [cout] [info] time = 1.215 Performance = 14.5387 Constraint violation = 4.32823e-13
[2025-11-05 13:06:39.775] [cout] [info] time = 1.22 Performance = 13.8008 Constraint violation = 4.88429e-13
[2025-11-05 13:06:40.300] [cout] [info] time = 1.225 Performance = 12.7491 Constraint violation = 3.22436e-13
[2025-11-05 13:06:40.760] [cout] [info] time = 1.23 Performance = 11.3967 Constraint violation = 4.40165e-13
[2025-11-05 13:06:41.223] [cout] [info] time = 1.235 Performance = 9.82328 Constraint violation = 2.4779e-13
[2025-11-05 13:06:41.892] [cout] [info] time = 1.24 Performance = 8.17847 Constraint violation = 2.90683e-13
[2025-11-05 13:06:42.476] [cout] [info] time = 1.245 Performance = 6.67653 Constraint violation = 2.7531e-13
[2025-11-05 13:06:43.023] [cout] [info] time = 1.25 Performance = 5.57823 Constraint violation = 2.52236e-13
[2025-11-05 13:06:43.519] [cout] [info] time = 1.255 Performance = 5.13182 Constraint violation = 2.10247e-13
[2025-11-05 13:06:43.523] [info] Printing results of investigation SO to .
[2025-11-05 13:06:43.920] [info] Loaded model Athlete_03 from file C:\Git\1_current_projects\powerlifing_model\models\Athlete_03\25_03_31\scaled.osim
[2025-11-05 13:06:44.042] [info] Storage: read data file = joint_angles.mot (nr=216 nc=40)
[2025-11-05 13:06:44.051] [info] Storage: read data file = joint_angles.mot (nr=216 nc=40)
[2025-11-05 13:06:44.133] [info] Loaded model Athlete_03 from file C:\Git\1_current_projects\powerlifing_model\models\Athlete_03\25_03_31\scaled.osim
[2025-11-05 13:06:44.281] [info] AbstractTool Analyse loading model ..\..\..\..\models\Athlete_03\25_03_31\scaled.osim
[2025-11-05 13:06:44.369] [info] Loaded model Athlete_03 from file ..\..\..\..\models\Athlete_03\25_03_31\scaled.osim
[2025-11-05 13:06:44.686] [info] Storage: read data file = grf.mot (nr=4930 nc=46)
[2025-11-05 13:06:44.809] [info] ExternalForce::grf_r_2 Data source being set to grf
[2025-11-05 13:06:44.810] [info] ExternalForce::grf_r_5 Data source being set to grf
[2025-11-05 13:06:44.828] [info] Loading coordinates from file 'joint_angles.mot'.
[2025-11-05 13:06:44.829] [info] Storage: read data file = joint_angles.mot (nr=216 nc=40)
[2025-11-05 13:06:44.842] [info] Low-pass filtering coordinates data with a cutoff frequency of 6.0...
[2025-11-05 13:06:45.417] [info] AssemblySolver::track() attempt Failed: SimTK Exception thrown at Assembler.cpp:973:
  Method Assembler::track() failed because:
Unable to achieve required assembly error tolerance.
Assembly error tolerance achieved: 5.2830928726627816e-09 required: 1e-10.
[2025-11-05 13:06:45.450] [error] Model unable to assemble: AssemblySolver::assemble() Failed: SimTK Exception thrown at Assembler.cpp:897:
  Method Assembler::assemble() failed because:
Unable to achieve required assembly error tolerance.
Assembly error tolerance achieved: 5.2830929719761564e-09 required: 1e-10..Model relaxing constraints and trying again.
[2025-11-05 13:06:46.159] [info] Found 432 state vectors with time stamps ranging from -0.36 to 1.795.
[2025-11-05 13:06:46.159] [info] Executing the analyses from 0.18 to 1.255...
[2025-11-05 13:06:46.164] [info] Loading actuator forces from file SO_StaticOptimization_force.sto.
[2025-11-05 13:06:46.190] [info] Storage: read data file = SO_StaticOptimization_force.sto (nr=216 nc=132)
[2025-11-05 13:06:46.208] [info] Found 131 actuator forces with time stamps ranging from 0.18to 1.255.
[2025-11-05 13:06:46.208] [warning] The forces file contains actuators that are not in the model's actuator set.
[2025-11-05 13:06:46.208] [warning] Ignoring fiber lengths and activations from the states since forces_file is also set. Actuator forces will be constructed from SO_StaticOptimization_force.sto.
[2025-11-05 13:06:48.234] [info] Printing results of investigation Analyse to .
[2025-11-05 13:06:48.395] [info] Loaded model Athlete_03 from file C:\Git\1_current_projects\powerlifing_model\models\Athlete_03\25_03_31\scaled.osim
[2025-11-05 13:55:22.322] [info] Loaded model Athlete_03 from file C:\Git\1_current_projects\powerlifing_model\models\Athlete_03\25_03_31\scaled.osim
[2025-11-05 13:55:23.737] [info] Storage: read data file = joint_angles.mot (nr=216 nc=40)
[2025-11-05 13:55:23.792] [info] Loaded model Athlete_03 from file ..\..\..\..\models\Athlete_03\25_03_31\scaled.osim
[2025-11-05 13:55:23.878] [cout] [info] 
               MODEL: Athlete_03
         coordinates: 39
              forces: 97
           actuators: 97
             muscles: 80
            analyses: 0
              probes: 0
              bodies: 22
              joints: 22
         constraints: 2
             markers: 45
         controllers: 0
  contact geometries: 0
misc modelcomponents: 0
[2025-11-05 13:55:23.879] [info] Running tool ...
[2025-11-05 13:55:24.015] [info] Storage: read data file = grf.mot (nr=4930 nc=46)
[2025-11-05 13:55:24.104] [info] ExternalForce::grf_r_2 Data source being set to grf
[2025-11-05 13:55:24.104] [info] ExternalForce::grf_r_5 Data source being set to grf
[2025-11-05 13:55:24.131] [info] Storage: read data file = joint_angles.mot (nr=216 nc=40)
[2025-11-05 13:55:24.137] [info] Low-pass filtering coordinates data with a cutoff frequency of 6.0...
[2025-11-05 13:55:24.827] [info] InverseDynamicsTool: 216 time frames in 572 millisecond(s).
[2025-11-05 14:11:29.265] [info] Loaded model Athlete_03 from file C:\Git\1_current_projects\powerlifing_model\models\Athlete_03\25_03_31\scaled.osim
[2025-11-05 14:11:29.355] [info] Storage: read data file = joint_angles.mot (nr=216 nc=40)
[2025-11-05 14:11:29.409] [info] Loaded model Athlete_03 from file ..\..\..\..\models\Athlete_03\25_03_31\scaled.osim
[2025-11-05 14:11:29.486] [cout] [info] 
               MODEL: Athlete_03
         coordinates: 39
              forces: 97
           actuators: 97
             muscles: 80
            analyses: 0
              probes: 0
              bodies: 22
              joints: 22
         constraints: 2
             markers: 45
         controllers: 0
  contact geometries: 0
misc modelcomponents: 0
[2025-11-05 14:11:29.487] [info] Running tool ...
[2025-11-05 14:11:29.586] [info] Storage: read data file = grf.mot (nr=4930 nc=46)
[2025-11-05 14:11:29.690] [info] ExternalForce::grf_r_2 Data source being set to grf
[2025-11-05 14:11:29.691] [info] ExternalForce::grf_l_3 Data source being set to grf
[2025-11-05 14:11:29.691] [info] ExternalForce::grf_l_4 Data source being set to grf
[2025-11-05 14:11:29.715] [info] Storage: read data file = joint_angles.mot (nr=216 nc=40)
[2025-11-05 14:11:29.721] [info] Low-pass filtering coordinates data with a cutoff frequency of 6.0...
[2025-11-05 14:11:30.527] [info] InverseDynamicsTool: 216 time frames in 695 millisecond(s).
[2025-11-05 14:19:45.021] [info] Loaded model Athlete_03 from file C:\Git\1_current_projects\powerlifing_model\models\Athlete_03\25_03_31\scaled.osim
[2025-11-05 14:19:45.133] [info] Storage: read data file = joint_angles.mot (nr=216 nc=40)
[2025-11-05 14:19:45.159] [info] AbstractTool  loading model ..\..\..\..\models\Athlete_03\25_03_31\scaled.osim
[2025-11-05 14:19:45.210] [info] Loaded model Athlete_03 from file ..\..\..\..\models\Athlete_03\25_03_31\scaled.osim
[2025-11-05 14:19:45.446] [info] Storage: read data file = grf.mot (nr=4930 nc=46)
[2025-11-05 14:19:45.533] [info] ExternalForce::grf_r_2 Data source being set to grf
[2025-11-05 14:19:45.533] [info] ExternalForce::grf_l_3 Data source being set to grf
[2025-11-05 14:19:45.533] [info] ExternalForce::grf_l_4 Data source being set to grf
[2025-11-05 14:19:45.574] [info] Loading coordinates from file 'joint_angles.mot'.
[2025-11-05 14:19:45.576] [info] Storage: read data file = joint_angles.mot (nr=216 nc=40)
[2025-11-05 14:19:45.585] [info] Low-pass filtering coordinates data with a cutoff frequency of 6.0...
[2025-11-05 14:19:46.113] [info] AssemblySolver::track() attempt Failed: SimTK Exception thrown at Assembler.cpp:973:
  Method Assembler::track() failed because:
Unable to achieve required assembly error tolerance.
Assembly error tolerance achieved: 5.2830928726627816e-09 required: 1e-10.
[2025-11-05 14:19:46.132] [error] Model unable to assemble: AssemblySolver::assemble() Failed: SimTK Exception thrown at Assembler.cpp:897:
  Method Assembler::assemble() failed because:
Unable to achieve required assembly error tolerance.
Assembly error tolerance achieved: 5.2830929719761564e-09 required: 1e-10..Model relaxing constraints and trying again.
[2025-11-05 14:19:46.711] [info] Found 432 state vectors with time stamps ranging from -0.36 to 1.795.
[2025-11-05 14:19:46.711] [info] Executing the analyses from 0.18 to 1.255...
[2025-11-05 14:19:46.728] [warning] MuscleAnalysis: coordinate mtp_angle_r is locked and can't be varied.
[2025-11-05 14:19:46.729] [warning] MuscleAnalysis: coordinate mtp_angle_l is locked and can't be varied.
[2025-11-05 14:19:46.729] [warning] MuscleAnalysis: coordinate wrist_flex_r is locked and can't be varied.
[2025-11-05 14:19:46.729] [warning] MuscleAnalysis: coordinate wrist_dev_r is locked and can't be varied.
[2025-11-05 14:19:46.729] [warning] MuscleAnalysis: coordinate wrist_flex_l is locked and can't be varied.
[2025-11-05 14:19:46.729] [warning] MuscleAnalysis: coordinate wrist_dev_l is locked and can't be varied.
[2025-11-05 14:21:14.956] [info] Printing results of investigation  to muscleAnalysis
[2025-11-05 14:21:19.295] [info] Loaded model Athlete_03 from file C:\Git\1_current_projects\powerlifing_model\models\Athlete_03\25_03_31\scaled.osim
[2025-11-05 14:21:19.440] [info] Storage: read data file = joint_angles.mot (nr=216 nc=40)
[2025-11-05 14:21:19.459] [info] AbstractTool SO loading model ..\..\..\..\models\Athlete_03\25_03_31\scaled.osim
[2025-11-05 14:21:19.543] [info] Loaded model Athlete_03 from file ..\..\..\..\models\Athlete_03\25_03_31\scaled.osim
[2025-11-05 14:21:19.680] [info] Adding force object set from actuators_so.xml
[2025-11-05 14:21:19.797] [info] Storage: read data file = grf.mot (nr=4930 nc=46)
[2025-11-05 14:21:19.926] [info] ExternalForce::grf_r_2 Data source being set to grf
[2025-11-05 14:21:19.926] [info] ExternalForce::grf_l_3 Data source being set to grf
[2025-11-05 14:21:19.926] [info] ExternalForce::grf_l_4 Data source being set to grf
[2025-11-05 14:21:19.940] [info] Loading coordinates from file 'joint_angles.mot'.
[2025-11-05 14:21:19.941] [info] Storage: read data file = joint_angles.mot (nr=216 nc=40)
[2025-11-05 14:21:19.947] [info] Low-pass filtering coordinates data with a cutoff frequency of 6.0...
[2025-11-05 14:21:20.537] [info] AssemblySolver::track() attempt Failed: SimTK Exception thrown at Assembler.cpp:973:
  Method Assembler::track() failed because:
Unable to achieve required assembly error tolerance.
Assembly error tolerance achieved: 5.2830928726627816e-09 required: 1e-10.
[2025-11-05 14:21:20.551] [error] Model unable to assemble: AssemblySolver::assemble() Failed: SimTK Exception thrown at Assembler.cpp:897:
  Method Assembler::assemble() failed because:
Unable to achieve required assembly error tolerance.
Assembly error tolerance achieved: 5.2830929719761564e-09 required: 1e-10..Model relaxing constraints and trying again.
[2025-11-05 14:21:21.160] [info] Found 432 state vectors with time stamps ranging from -0.36 to 1.795.
[2025-11-05 14:21:21.161] [info] Executing the analyses from 0.18 to 1.255...
[2025-11-05 14:21:21.333] [info] Storage: read data file = grf.mot (nr=4930 nc=46)
[2025-11-05 14:21:21.479] [info] ExternalForce::grf_r_2 Data source being set to grf
[2025-11-05 14:21:21.479] [info] ExternalForce::grf_l_3 Data source being set to grf
[2025-11-05 14:21:21.479] [info] ExternalForce::grf_l_4 Data source being set to grf
[2025-11-05 14:21:21.539] [info] Storage: read data file = grf.mot (nr=4930 nc=46)
[2025-11-05 14:21:21.685] [info] ExternalForce::grf_r_2 Data source being set to grf
[2025-11-05 14:21:21.685] [info] ExternalForce::grf_l_3 Data source being set to grf
[2025-11-05 14:21:21.685] [info] ExternalForce::grf_l_4 Data source being set to grf
[2025-11-05 14:21:23.468] [cout] [info] time = 0.18 Performance = 4.56625 Constraint violation = 1.90789e-13
[2025-11-05 14:21:23.475] [info] Bounds for 'addbrev_r': 0.01 to 1.0.
[2025-11-05 14:21:23.475] [info] Bounds for 'addlong_r': 0.01 to 1.0.
[2025-11-05 14:21:23.475] [info] Bounds for 'addmagDist_r': 0.01 to 1.0.
[2025-11-05 14:21:23.475] [info] Bounds for 'addmagIsch_r': 0.01 to 1.0.
[2025-11-05 14:21:23.476] [info] Bounds for 'addmagMid_r': 0.01 to 1.0.
[2025-11-05 14:21:23.476] [info] Bounds for 'addmagProx_r': 0.01 to 1.0.
[2025-11-05 14:21:23.476] [info] Bounds for 'bflh_r': 0.01 to 1.0.
[2025-11-05 14:21:23.476] [info] Bounds for 'bfsh_r': 0.01 to 1.0.
[2025-11-05 14:21:23.476] [info] Bounds for 'edl_r': 0.01 to 1.0.
[2025-11-05 14:21:23.477] [info] Bounds for 'ehl_r': 0.01 to 1.0.
[2025-11-05 14:21:23.477] [info] Bounds for 'fdl_r': 0.01 to 1.0.
[2025-11-05 14:21:23.477] [info] Bounds for 'fhl_r': 0.01 to 1.0.
[2025-11-05 14:21:23.477] [info] Bounds for 'gaslat_r': 0.01 to 1.0.
[2025-11-05 14:21:23.477] [info] Bounds for 'gasmed_r': 0.01 to 1.0.
[2025-11-05 14:21:23.477] [info] Bounds for 'glmax1_r': 0.01 to 1.0.
[2025-11-05 14:21:23.477] [info] Bounds for 'glmax2_r': 0.01 to 1.0.
[2025-11-05 14:21:23.477] [info] Bounds for 'glmax3_r': 0.01 to 1.0.
[2025-11-05 14:21:23.478] [info] Bounds for 'glmed1_r': 0.01 to 1.0.
[2025-11-05 14:21:23.478] [info] Bounds for 'glmed2_r': 0.01 to 1.0.
[2025-11-05 14:21:23.478] [info] Bounds for 'glmed3_r': 0.01 to 1.0.
[2025-11-05 14:21:23.478] [info] Bounds for 'glmin1_r': 0.01 to 1.0.
[2025-11-05 14:21:23.478] [info] Bounds for 'glmin2_r': 0.01 to 1.0.
[2025-11-05 14:21:23.478] [info] Bounds for 'glmin3_r': 0.01 to 1.0.
[2025-11-05 14:21:23.478] [info] Bounds for 'grac_r': 0.01 to 1.0.
[2025-11-05 14:21:23.478] [info] Bounds for 'iliacus_r': 0.01 to 1.0.
[2025-11-05 14:21:23.478] [info] Bounds for 'perbrev_r': 0.01 to 1.0.
[2025-11-05 14:21:23.479] [info] Bounds for 'perlong_r': 0.01 to 1.0.
[2025-11-05 14:21:23.479] [info] Bounds for 'piri_r': 0.01 to 1.0.
[2025-11-05 14:21:23.479] [info] Bounds for 'psoas_r': 0.01 to 1.0.
[2025-11-05 14:21:23.479] [info] Bounds for 'recfem_r': 0.01 to 1.0.
[2025-11-05 14:21:23.479] [info] Bounds for 'sart_r': 0.01 to 1.0.
[2025-11-05 14:21:23.479] [info] Bounds for 'semimem_r': 0.01 to 1.0.
[2025-11-05 14:21:23.479] [info] Bounds for 'semiten_r': 0.01 to 1.0.
[2025-11-05 14:21:23.479] [info] Bounds for 'soleus_r': 0.01 to 1.0.
[2025-11-05 14:21:23.479] [info] Bounds for 'tfl_r': 0.01 to 1.0.
[2025-11-05 14:21:23.480] [info] Bounds for 'tibant_r': 0.01 to 1.0.
[2025-11-05 14:21:23.480] [info] Bounds for 'tibpost_r': 0.01 to 1.0.
[2025-11-05 14:21:23.480] [info] Bounds for 'vasint_r': 0.01 to 1.0.
[2025-11-05 14:21:23.480] [info] Bounds for 'vaslat_r': 0.01 to 1.0.
[2025-11-05 14:21:23.480] [info] Bounds for 'vasmed_r': 0.01 to 1.0.
[2025-11-05 14:21:23.480] [info] Bounds for 'addbrev_l': 0.01 to 1.0.
[2025-11-05 14:21:23.480] [info] Bounds for 'addlong_l': 0.01 to 1.0.
[2025-11-05 14:21:23.480] [info] Bounds for 'addmagDist_l': 0.01 to 1.0.
[2025-11-05 14:21:23.480] [info] Bounds for 'addmagIsch_l': 0.01 to 1.0.
[2025-11-05 14:21:23.480] [info] Bounds for 'addmagMid_l': 0.01 to 1.0.
[2025-11-05 14:21:23.480] [info] Bounds for 'addmagProx_l': 0.01 to 1.0.
[2025-11-05 14:21:23.481] [info] Bounds for 'bflh_l': 0.01 to 1.0.
[2025-11-05 14:21:23.481] [info] Bounds for 'bfsh_l': 0.01 to 1.0.
[2025-11-05 14:21:23.481] [info] Bounds for 'edl_l': 0.01 to 1.0.
[2025-11-05 14:21:23.481] [info] Bounds for 'ehl_l': 0.01 to 1.0.
[2025-11-05 14:21:23.481] [info] Bounds for 'fdl_l': 0.01 to 1.0.
[2025-11-05 14:21:23.481] [info] Bounds for 'fhl_l': 0.01 to 1.0.
[2025-11-05 14:21:23.481] [info] Bounds for 'gaslat_l': 0.01 to 1.0.
[2025-11-05 14:21:23.481] [info] Bounds for 'gasmed_l': 0.01 to 1.0.
[2025-11-05 14:21:23.481] [info] Bounds for 'glmax1_l': 0.01 to 1.0.
[2025-11-05 14:21:23.481] [info] Bounds for 'glmax2_l': 0.01 to 1.0.
[2025-11-05 14:21:23.481] [info] Bounds for 'glmax3_l': 0.01 to 1.0.
[2025-11-05 14:21:23.481] [info] Bounds for 'glmed1_l': 0.01 to 1.0.
[2025-11-05 14:21:23.481] [info] Bounds for 'glmed2_l': 0.01 to 1.0.
[2025-11-05 14:21:23.481] [info] Bounds for 'glmed3_l': 0.01 to 1.0.
[2025-11-05 14:21:23.481] [info] Bounds for 'glmin1_l': 0.01 to 1.0.
[2025-11-05 14:21:23.481] [info] Bounds for 'glmin2_l': 0.01 to 1.0.
[2025-11-05 14:21:23.482] [info] Bounds for 'glmin3_l': 0.01 to 1.0.
[2025-11-05 14:21:23.482] [info] Bounds for 'grac_l': 0.01 to 1.0.
[2025-11-05 14:21:23.482] [info] Bounds for 'iliacus_l': 0.01 to 1.0.
[2025-11-05 14:21:23.482] [info] Bounds for 'perbrev_l': 0.01 to 1.0.
[2025-11-05 14:21:23.482] [info] Bounds for 'perlong_l': 0.01 to 1.0.
[2025-11-05 14:21:23.482] [info] Bounds for 'piri_l': 0.01 to 1.0.
[2025-11-05 14:21:23.482] [info] Bounds for 'psoas_l': 0.01 to 1.0.
[2025-11-05 14:21:23.482] [info] Bounds for 'recfem_l': 0.01 to 1.0.
[2025-11-05 14:21:23.482] [info] Bounds for 'sart_l': 0.01 to 1.0.
[2025-11-05 14:21:23.482] [info] Bounds for 'semimem_l': 0.01 to 1.0.
[2025-11-05 14:21:23.482] [info] Bounds for 'semiten_l': 0.01 to 1.0.
[2025-11-05 14:21:23.482] [info] Bounds for 'soleus_l': 0.01 to 1.0.
[2025-11-05 14:21:23.482] [info] Bounds for 'tfl_l': 0.01 to 1.0.
[2025-11-05 14:21:23.482] [info] Bounds for 'tibant_l': 0.01 to 1.0.
[2025-11-05 14:21:23.482] [info] Bounds for 'tibpost_l': 0.01 to 1.0.
[2025-11-05 14:21:23.482] [info] Bounds for 'vasint_l': 0.01 to 1.0.
[2025-11-05 14:21:23.482] [info] Bounds for 'vaslat_l': 0.01 to 1.0.
[2025-11-05 14:21:23.482] [info] Bounds for 'vasmed_l': 0.01 to 1.0.
[2025-11-05 14:21:23.482] [info] Bounds for 'lumbar_ext': -inf to inf.
[2025-11-05 14:21:23.482] [info] Bounds for 'lumbar_bend': -inf to inf.
[2025-11-05 14:21:23.482] [info] Bounds for 'lumbar_rot': -inf to inf.
[2025-11-05 14:21:23.482] [info] Bounds for 'shoulder_flex_r': -inf to inf.
[2025-11-05 14:21:23.482] [info] Bounds for 'shoulder_add_r': -inf to inf.
[2025-11-05 14:21:23.483] [info] Bounds for 'shoulder_rot_r': -inf to inf.
[2025-11-05 14:21:23.483] [info] Bounds for 'elbow_flex_r': -inf to inf.
[2025-11-05 14:21:23.483] [info] Bounds for 'pro_sup_r': -inf to inf.
[2025-11-05 14:21:23.483] [info] Bounds for 'wrist_flex_r': -inf to inf.
[2025-11-05 14:21:23.483] [info] Bounds for 'wrist_dev_r': -inf to inf.
[2025-11-05 14:21:23.483] [info] Bounds for 'shoulder_flex_l': -inf to inf.
[2025-11-05 14:21:23.483] [info] Bounds for 'shoulder_add_l': -inf to inf.
[2025-11-05 14:21:23.484] [info] Bounds for 'shoulder_rot_l': -inf to inf.
[2025-11-05 14:21:23.484] [info] Bounds for 'elbow_flex_l': -inf to inf.
[2025-11-05 14:21:23.484] [info] Bounds for 'pro_sup_l': -inf to inf.
[2025-11-05 14:21:23.484] [info] Bounds for 'wrist_flex_l': -inf to inf.
[2025-11-05 14:21:23.484] [info] Bounds for 'wrist_dev_l': -inf to inf.
[2025-11-05 14:21:23.484] [info] Bounds for 'FX': -inf to inf.
[2025-11-05 14:21:23.484] [info] Bounds for 'FY': -inf to inf.
[2025-11-05 14:21:23.484] [info] Bounds for 'FZ': -inf to inf.
[2025-11-05 14:21:23.484] [info] Bounds for 'MX': -inf to inf.
[2025-11-05 14:21:23.484] [info] Bounds for 'MY': -inf to inf.
[2025-11-05 14:21:23.484] [info] Bounds for 'MZ': -inf to inf.
[2025-11-05 14:21:23.484] [info] Bounds for 'hip_flexion_r_reserve': -1.0 to 1.0.
[2025-11-05 14:21:23.484] [info] Bounds for 'hip_adduction_r_reserve': -1.0 to 1.0.
[2025-11-05 14:21:23.485] [info] Bounds for 'hip_rotation_r_reserve': -1.0 to 1.0.
[2025-11-05 14:21:23.485] [info] Bounds for 'knee_angle_r_reserve': -1.0 to 1.0.
[2025-11-05 14:21:23.485] [info] Bounds for 'ankle_angle_r_reserve': -1.0 to 1.0.
[2025-11-05 14:21:23.485] [info] Bounds for 'hip_flexion_l_reserve': -1.0 to 1.0.
[2025-11-05 14:21:23.485] [info] Bounds for 'hip_adduction_l_reserve': -1.0 to 1.0.
[2025-11-05 14:21:23.485] [info] Bounds for 'hip_rotation_l_reserve': -1.0 to 1.0.
[2025-11-05 14:21:23.485] [info] Bounds for 'knee_angle_l_reserve': -1.0 to 1.0.
[2025-11-05 14:21:23.485] [info] Bounds for 'ankle_angle_l_reserve': -1.0 to 1.0.
[2025-11-05 14:21:23.953] [cout] [info] time = 0.185 Performance = 6.03385 Constraint violation = 6.70553e-13
[2025-11-05 14:21:24.431] [cout] [info] time = 0.19 Performance = 8.34125 Constraint violation = 4.0484e-13
[2025-11-05 14:21:24.954] [cout] [info] time = 0.195 Performance = 11.2030 Constraint violation = 1.30329e-12
[2025-11-05 14:21:25.412] [cout] [info] time = 0.2 Performance = 14.3733 Constraint violation = 7.62942e-13
[2025-11-05 14:21:25.887] [cout] [info] time = 0.205000 Performance = 17.7283 Constraint violation = 2.26036e-12
[2025-11-05 14:21:26.581] [cout] [info] time = 0.21 Performance = 21.2461 Constraint violation = 4.88843e-12
[2025-11-05 14:21:27.668] [cout] [info] time = 0.215 Performance = 24.979 Constraint violation = 8.12205e-12
[2025-11-05 14:21:28.547] [cout] [info] time = 0.22 Performance = 29.0032 Constraint violation = 1.09451e-12
[2025-11-05 14:21:29.400] [cout] [info] time = 0.225 Performance = 33.3528 Constraint violation = 2.4537e-12
[2025-11-05 14:21:30.252] [cout] [info] time = 0.23 Performance = 37.9645 Constraint violation = 2.48667e-12
[2025-11-05 14:21:31.119] [cout] [info] time = 0.235 Performance = 42.6439 Constraint violation = 9.79552e-12
[2025-11-05 14:21:31.841] [cout] [info] time = 0.24 Performance = 47.0587 Constraint violation = 8.92331e-12
[2025-11-05 14:21:32.319] [cout] [info] time = 0.245 Performance = 50.7999 Constraint violation = 2.2692e-11
[2025-11-05 14:21:32.775] [cout] [info] time = 0.25 Performance = 53.4834 Constraint violation = 4.66632e-12
[2025-11-05 14:21:33.168] [cout] [info] time = 0.255 Performance = 54.8338 Constraint violation = 3.05087e-12
[2025-11-05 14:21:33.618] [cout] [info] time = 0.26 Performance = 54.7378 Constraint violation = 2.072e-12
[2025-11-05 14:21:34.265] [cout] [info] time = 0.265 Performance = 53.2629 Constraint violation = 4.17128e-12
[2025-11-05 14:21:34.896] [cout] [info] time = 0.27 Performance = 50.6439 Constraint violation = 2.08776e-12
[2025-11-05 14:21:35.416] [cout] [info] time = 0.275 Performance = 47.2364 Constraint violation = 3.28633e-12
[2025-11-05 14:21:35.977] [cout] [info] time = 0.28 Performance = 43.4478 Constraint violation = 1.59053e-12
[2025-11-05 14:21:36.722] [cout] [info] time = 0.285 Performance = 39.662 Constraint violation = 1.88804e-12
[2025-11-05 14:21:37.525] [cout] [info] time = 0.29 Performance = 36.1794 Constraint violation = 1.12654e-12
[2025-11-05 14:21:38.577] [cout] [info] time = 0.295 Performance = 33.178 Constraint violation = 1.51663e-12
[2025-11-05 14:21:39.834] [cout] [info] time = 0.3 Performance = 30.7127 Constraint violation = 1.48020e-12
[2025-11-05 14:21:40.790] [cout] [info] time = 0.305000 Performance = 28.7358 Constraint violation = 1.43811e-12
[2025-11-05 14:21:41.415] [cout] [info] time = 0.31 Performance = 27.1366 Constraint violation = 4.02232e-12
[2025-11-05 14:21:41.913] [cout] [info] time = 0.315 Performance = 25.7823 Constraint violation = 1.16139e-12
[2025-11-05 14:21:42.399] [cout] [info] time = 0.32 Performance = 24.5417 Constraint violation = 3.43091e-12
[2025-11-05 14:21:42.863] [cout] [info] time = 0.325 Performance = 23.3149 Constraint violation = 2.71553e-12
[2025-11-05 14:21:43.368] [cout] [info] time = 0.33 Performance = 22.0333 Constraint violation = 2.38247e-12
[2025-11-05 14:21:43.843] [cout] [info] time = 0.335 Performance = 20.6647 Constraint violation = 1.11010e-12
[2025-11-05 14:21:44.262] [cout] [info] time = 0.34 Performance = 19.2090 Constraint violation = 4.94206e-12
[2025-11-05 14:21:44.679] [cout] [info] time = 0.345 Performance = 17.6888 Constraint violation = 2.55546e-12
[2025-11-05 14:21:45.106] [cout] [info] time = 0.35 Performance = 16.1372 Constraint violation = 1.13591e-12
[2025-11-05 14:21:45.527] [cout] [info] time = 0.355 Performance = 14.5955 Constraint violation = 1.06212e-12
[2025-11-05 14:21:45.970] [cout] [info] time = 0.36 Performance = 13.1106 Constraint violation = 2.52307e-12
[2025-11-05 14:21:46.410] [cout] [info] time = 0.365 Performance = 11.7312 Constraint violation = 5.59382e-13
[2025-11-05 14:21:46.844] [cout] [info] time = 0.37 Performance = 10.5047 Constraint violation = 2.78048e-12
[2025-11-05 14:21:47.310] [cout] [info] time = 0.375 Performance = 9.47198 Constraint violation = 1.95684e-12
[2025-11-05 14:21:47.896] [cout] [info] time = 0.38 Performance = 8.66508 Constraint violation = 6.32719e-12
[2025-11-05 14:21:48.477] [cout] [info] time = 0.385 Performance = 8.10288 Constraint violation = 2.66328e-12
[2025-11-05 14:21:49.089] [cout] [info] time = 0.39 Performance = 7.79295 Constraint violation = 3.57408e-12
[2025-11-05 14:21:49.891] [cout] [info] time = 0.395 Performance = 7.73403 Constraint violation = 3.4849e-12
[2025-11-05 14:21:50.888] [cout] [info] time = 0.4 Performance = 7.92126 Constraint violation = 2.33894e-12
[2025-11-05 14:21:51.604] [cout] [info] time = 0.405000 Performance = 8.34949 Constraint violation = 2.79641e-12
[2025-11-05 14:21:52.212] [cout] [info] time = 0.41 Performance = 9.01342 Constraint violation = 1.15576e-12
[2025-11-05 14:21:52.730] [cout] [info] time = 0.415 Performance = 9.90079 Constraint violation = 3.52715e-12
[2025-11-05 14:21:53.232] [cout] [info] time = 0.42 Performance = 10.9856 Constraint violation = 3.21048e-12
[2025-11-05 14:21:53.668] [cout] [info] time = 0.425 Performance = 12.2223 Constraint violation = 1.90809e-11
[2025-11-05 14:21:54.177] [cout] [info] time = 0.43 Performance = 13.5446 Constraint violation = 5.70108e-12
[2025-11-05 14:21:54.594] [cout] [info] time = 0.435 Performance = 14.8697 Constraint violation = 5.1188e-13
[2025-11-05 14:21:55.021] [cout] [info] time = 0.44 Performance = 16.1084 Constraint violation = 2.08855e-12
[2025-11-05 14:21:55.390] [cout] [info] time = 0.445 Performance = 17.1748 Constraint violation = 1.83925e-12
[2025-11-05 14:21:55.769] [cout] [info] time = 0.45 Performance = 17.9909 Constraint violation = 3.11235e-12
[2025-11-05 14:21:56.207] [cout] [info] time = 0.455 Performance = 18.4914 Constraint violation = 4.42248e-12
[2025-11-05 14:21:56.578] [cout] [info] time = 0.46 Performance = 18.631 Constraint violation = 1.04213e-12
[2025-11-05 14:21:56.942] [cout] [info] time = 0.465 Performance = 18.3926 Constraint violation = 5.08573e-13
[2025-11-05 14:21:57.444] [cout] [info] time = 0.47 Performance = 17.7907 Constraint violation = 7.36030e-12
[2025-11-05 14:21:57.837] [cout] [info] time = 0.475 Performance = 16.87 Constraint violation = 4.84304e-13
[2025-11-05 14:21:58.211] [cout] [info] time = 0.48 Performance = 15.6978 Constraint violation = 4.03626e-12
[2025-11-05 14:21:58.556] [cout] [info] time = 0.485 Performance = 14.3552 Constraint violation = 7.82419e-12
[2025-11-05 14:21:58.917] [cout] [info] time = 0.49 Performance = 12.9283 Constraint violation = 1.67932e-12
[2025-11-05 14:21:59.298] [cout] [info] time = 0.495 Performance = 11.4983 Constraint violation = 2.32542e-12
[2025-11-05 14:21:59.660] [cout] [info] time = 0.5 Performance = 10.1355 Constraint violation = 1.48396e-12
[2025-11-05 14:22:00.032] [cout] [info] time = 0.505000 Performance = 8.89588 Constraint violation = 9.7869e-13
[2025-11-05 14:22:00.407] [cout] [info] time = 0.51 Performance = 7.82074 Constraint violation = 4.16292e-12
[2025-11-05 14:22:00.786] [cout] [info] time = 0.515 Performance = 6.934 Constraint violation = 1.94165e-12
[2025-11-05 14:22:01.265] [cout] [info] time = 0.52 Performance = 6.24154 Constraint violation = 6.41341e-12
[2025-11-05 14:22:01.717] [cout] [info] time = 0.525 Performance = 5.73222 Constraint violation = 6.13472e-13
[2025-11-05 14:22:02.128] [cout] [info] time = 0.53 Performance = 5.38141 Constraint violation = 4.56235e-12
[2025-11-05 14:22:02.553] [cout] [info] time = 0.535 Performance = 5.15695 Constraint violation = 2.75043e-12
[2025-11-05 14:22:02.979] [cout] [info] time = 0.54 Performance = 5.02644 Constraint violation = 1.87702e-12
[2025-11-05 14:22:03.603] [cout] [info] time = 0.545 Performance = 4.96274 Constraint violation = 9.88242e-13
[2025-11-05 14:22:04.223] [cout] [info] time = 0.55 Performance = 4.94881 Constraint violation = 5.46928e-12
[2025-11-05 14:22:04.670] [cout] [info] time = 0.555 Performance = 4.97907 Constraint violation = 7.28169e-12
[2025-11-05 14:22:05.070] [cout] [info] time = 0.56 Performance = 5.05542 Constraint violation = 1.84785e-12
[2025-11-05 14:22:05.495] [cout] [info] time = 0.565 Performance = 5.18677 Constraint violation = 5.46529e-12
[2025-11-05 14:22:06.346] [cout] [info] time = 0.57 Performance = 5.3829 Constraint violation = 4.56057e-12
[2025-11-05 14:22:07.404] [cout] [info] time = 0.575 Performance = 5.65084 Constraint violation = 1.16174e-12
[2025-11-05 14:22:08.602] [cout] [info] time = 0.58 Performance = 5.99147 Constraint violation = 4.57937e-12
[2025-11-05 14:22:09.392] [cout] [info] time = 0.585 Performance = 6.40007 Constraint violation = 2.75906e-12
[2025-11-05 14:22:10.074] [cout] [info] time = 0.59 Performance = 6.8661 Constraint violation = 1.18119e-12
[2025-11-05 14:22:10.876] [cout] [info] time = 0.595 Performance = 7.37421 Constraint violation = 1.20947e-12
[2025-11-05 14:22:11.549] [cout] [info] time = 0.6 Performance = 7.90568 Constraint violation = 1.05095e-12
[2025-11-05 14:22:12.295] [cout] [info] time = 0.605000 Performance = 8.44133 Constraint violation = 9.94748e-13
[2025-11-05 14:22:12.909] [cout] [info] time = 0.61 Performance = 8.9648 Constraint violation = 2.03621e-12
[2025-11-05 14:22:13.541] [cout] [info] time = 0.615 Performance = 9.46449 Constraint violation = 1.88419e-12
[2025-11-05 14:22:14.132] [cout] [info] time = 0.62 Performance = 9.93349 Constraint violation = 2.8156e-12
[2025-11-05 14:22:14.787] [cout] [info] time = 0.625 Performance = 10.366 Constraint violation = 1.69067e-12
[2025-11-05 14:22:15.400] [cout] [info] time = 0.63 Performance = 10.7554 Constraint violation = 1.18101e-12
[2025-11-05 14:22:15.932] [cout] [info] time = 0.635 Performance = 11.0927 Constraint violation = 1.01516e-12
[2025-11-05 14:22:16.376] [cout] [info] time = 0.64 Performance = 11.3682 Constraint violation = 7.29075e-12
[2025-11-05 14:22:17.450] [cout] [info] time = 0.645 Performance = 11.5769 Constraint violation = 1.22867e-12
[2025-11-05 14:22:18.142] [cout] [info] time = 0.65 Performance = 11.7296 Constraint violation = 2.79364e-12
[2025-11-05 14:22:18.794] [cout] [info] time = 0.655 Performance = 11.8657 Constraint violation = 2.3867e-12
[2025-11-05 14:22:19.777] [cout] [info] time = 0.66 Performance = 12.0672 Constraint violation = 3.41112e-12
[2025-11-05 14:22:20.891] [cout] [info] time = 0.665 Performance = 12.4645 Constraint violation = 2.24194e-12
[2025-11-05 14:22:21.855] [cout] [info] time = 0.67 Performance = 13.2327 Constraint violation = 3.77302e-12
[2025-11-05 14:22:22.779] [cout] [info] time = 0.675 Performance = 14.568 Constraint violation = 3.07132e-12
[2025-11-05 14:22:23.577] [cout] [info] time = 0.68 Performance = 16.6466 Constraint violation = 4.03682e-12
[2025-11-05 14:22:24.346] [cout] [info] time = 0.685 Performance = 19.5841 Constraint violation = 2.85611e-12
[2025-11-05 14:22:25.074] [cout] [info] time = 0.69 Performance = 23.398 Constraint violation = 9.79381e-13
[2025-11-05 14:22:25.833] [cout] [info] time = 0.695 Performance = 27.9859 Constraint violation = 2.90461e-12
[2025-11-05 14:22:26.319] [cout] [info] time = 0.7 Performance = 33.1255 Constraint violation = 3.00047e-12
[2025-11-05 14:22:26.885] [cout] [info] time = 0.705000 Performance = 38.4897 Constraint violation = 4.69187e-12
[2025-11-05 14:22:27.457] [cout] [info] time = 0.71 Performance = 43.6887 Constraint violation = 3.69626e-12
[2025-11-05 14:22:28.038] [cout] [info] time = 0.715 Performance = 48.3284 Constraint violation = 3.76298e-12
[2025-11-05 14:22:28.546] [cout] [info] time = 0.72 Performance = 52.0791 Constraint violation = 5.69588e-12
[2025-11-05 14:22:29.030] [cout] [info] time = 0.725 Performance = 54.7292 Constraint violation = 2.08836e-12
[2025-11-05 14:22:29.489] [cout] [info] time = 0.73 Performance = 56.2126 Constraint violation = 6.20991e-12
[2025-11-05 14:22:29.963] [cout] [info] time = 0.735 Performance = 56.6012 Constraint violation = 9.92495e-13
[2025-11-05 14:22:30.388] [cout] [info] time = 0.74 Performance = 56.0856 Constraint violation = 1.06373e-11
[2025-11-05 14:22:30.810] [cout] [info] time = 0.745 Performance = 54.9318 Constraint violation = 4.79295e-12
[2025-11-05 14:22:31.261] [cout] [info] time = 0.75 Performance = 53.4311 Constraint violation = 1.22253e-12
[2025-11-05 14:22:32.165] [cout] [info] time = 0.755 Performance = 51.8471 Constraint violation = 7.04265e-12
[2025-11-05 14:22:33.213] [cout] [info] time = 0.76 Performance = 50.3726 Constraint violation = 1.89297e-11
[2025-11-05 14:22:34.096] [cout] [info] time = 0.765 Performance = 49.1196 Constraint violation = 2.48119e-12
[2025-11-05 14:22:34.845] [cout] [info] time = 0.77 Performance = 48.1192 Constraint violation = 1.19754e-11
[2025-11-05 14:22:35.458] [cout] [info] time = 0.775 Performance = 47.3111 Constraint violation = 6.77024e-12
[2025-11-05 14:22:35.947] [cout] [info] time = 0.78 Performance = 46.5656 Constraint violation = 2.31591e-12
[2025-11-05 14:22:36.450] [cout] [info] time = 0.785 Performance = 45.7211 Constraint violation = 3.63382e-12
[2025-11-05 14:22:36.950] [cout] [info] time = 0.79 Performance = 44.6294 Constraint violation = 2.10314e-11
[2025-11-05 14:22:37.545] [cout] [info] time = 0.795 Performance = 43.1909 Constraint violation = 1.12903e-11
[2025-11-05 14:22:38.233] [cout] [info] time = 0.8 Performance = 41.3803 Constraint violation = 4.95929e-12
[2025-11-05 14:22:38.774] [cout] [info] time = 0.805000 Performance = 39.254 Constraint violation = 1.61912e-11
[2025-11-05 14:22:39.310] [cout] [info] time = 0.81 Performance = 37.0315 Constraint violation = 1.77621e-12
[2025-11-05 14:22:39.737] [cout] [info] time = 0.815 Performance = 34.694 Constraint violation = 1.98218e-12
[2025-11-05 14:22:40.136] [cout] [info] time = 0.82 Performance = 32.4892 Constraint violation = 9.12286e-13
[2025-11-05 14:22:40.591] [cout] [info] time = 0.825 Performance = 30.5206 Constraint violation = 9.96462e-13
[2025-11-05 14:22:41.235] [cout] [info] time = 0.83 Performance = 28.8165 Constraint violation = 3.63937e-13
[2025-11-05 14:22:41.656] [cout] [info] time = 0.835 Performance = 27.3404 Constraint violation = 8.13503e-13
[2025-11-05 14:22:42.180] [cout] [info] time = 0.84 Performance = 26.0036 Constraint violation = 3.18653e-13
[2025-11-05 14:22:42.716] [cout] [info] time = 0.845 Performance = 24.7046 Constraint violation = 9.04904e-13
[2025-11-05 14:22:43.215] [cout] [info] time = 0.85 Performance = 23.3524 Constraint violation = 1.01542e-12
[2025-11-05 14:22:43.648] [cout] [info] time = 0.855 Performance = 21.8879 Constraint violation = 3.00746e-13
[2025-11-05 14:22:44.226] [cout] [info] time = 0.86 Performance = 20.2975 Constraint violation = 1.61324e-12
[2025-11-05 14:22:44.841] [cout] [info] time = 0.865 Performance = 18.6069 Constraint violation = 1.44783e-13
[2025-11-05 14:22:45.343] [cout] [info] time = 0.87 Performance = 16.8636 Constraint violation = 5.87223e-13
[2025-11-05 14:22:45.756] [cout] [info] time = 0.875 Performance = 15.1224 Constraint violation = 6.69864e-13
[2025-11-05 14:22:46.219] [cout] [info] time = 0.88 Performance = 13.4342 Constraint violation = 9.18566e-13
[2025-11-05 14:22:46.730] [cout] [info] time = 0.885 Performance = 11.8398 Constraint violation = 5.67015e-13
[2025-11-05 14:22:47.453] [cout] [info] time = 0.89 Performance = 10.3737 Constraint violation = 5.31356e-13
[2025-11-05 14:22:48.379] [cout] [info] time = 0.895 Performance = 9.06566 Constraint violation = 5.28237e-13
[2025-11-05 14:22:49.177] [cout] [info] time = 0.9 Performance = 7.95444 Constraint violation = 2.55499e-13
[2025-11-05 14:22:50.112] [cout] [info] time = 0.905000 Performance = 7.07573 Constraint violation = 4.90533e-13
[2025-11-05 14:22:51.217] [cout] [info] time = 0.91 Performance = 6.46836 Constraint violation = 8.22779e-13
[2025-11-05 14:22:52.209] [cout] [info] time = 0.915 Performance = 6.16758 Constraint violation = 7.11719e-13
[2025-11-05 14:22:53.208] [cout] [info] time = 0.92 Performance = 6.19484 Constraint violation = 4.89466e-13
[2025-11-05 14:22:53.968] [cout] [info] time = 0.925 Performance = 6.55501 Constraint violation = 3.76847e-13
[2025-11-05 14:22:54.758] [cout] [info] time = 0.93 Performance = 7.23925 Constraint violation = 3.48875e-13
[2025-11-05 14:22:55.376] [cout] [info] time = 0.935 Performance = 8.21834 Constraint violation = 4.65502e-13
[2025-11-05 14:22:55.945] [cout] [info] time = 0.94 Performance = 9.45422 Constraint violation = 6.82902e-13
[2025-11-05 14:22:56.556] [cout] [info] time = 0.945 Performance = 10.8999 Constraint violation = 1.93304e-13
[2025-11-05 14:22:57.168] [cout] [info] time = 0.95 Performance = 12.5020 Constraint violation = 6.16069e-13
[2025-11-05 14:22:57.784] [cout] [info] time = 0.955 Performance = 14.2015 Constraint violation = 2.30504e-12
[2025-11-05 14:22:58.360] [cout] [info] time = 0.96 Performance = 15.9327 Constraint violation = 8.86912e-13
[2025-11-05 14:22:59.099] [cout] [info] time = 0.965 Performance = 17.6282 Constraint violation = 6.50236e-13
[2025-11-05 14:22:59.965] [cout] [info] time = 0.97 Performance = 19.2209 Constraint violation = 4.72003e-13
[2025-11-05 14:23:00.451] [cout] [info] time = 0.975 Performance = 20.6498 Constraint violation = 6.44867e-13
[2025-11-05 14:23:00.978] [cout] [info] time = 0.98 Performance = 21.8588 Constraint violation = 1.57663e-12
[2025-11-05 14:23:01.447] [cout] [info] time = 0.985 Performance = 22.7985 Constraint violation = 5.61145e-13
[2025-11-05 14:23:01.906] [cout] [info] time = 0.99 Performance = 23.4259 Constraint violation = 1.8718e-12
[2025-11-05 14:23:02.384] [cout] [info] time = 0.995 Performance = 23.7104 Constraint violation = 8.67239e-13
[2025-11-05 14:23:03.063] [cout] [info] time = 1.0 Performance = 23.6367 Constraint violation = 2.76893e-13
[2025-11-05 14:23:04.243] [cout] [info] time = 1.00500 Performance = 23.2070 Constraint violation = 6.94199e-12
[2025-11-05 14:23:04.930] [cout] [info] time = 1.01 Performance = 22.4461 Constraint violation = 5.96019e-13
[2025-11-05 14:23:05.523] [cout] [info] time = 1.015 Performance = 21.3949 Constraint violation = 2.4213e-12
[2025-11-05 14:23:06.109] [cout] [info] time = 1.02 Performance = 20.1174 Constraint violation = 8.85937e-13
[2025-11-05 14:23:06.604] [cout] [info] time = 1.025 Performance = 18.6884 Constraint violation = 1.95426e-12
[2025-11-05 14:23:07.083] [cout] [info] time = 1.03 Performance = 17.1923 Constraint violation = 4.58942e-12
[2025-11-05 14:23:07.585] [cout] [info] time = 1.035 Performance = 15.715 Constraint violation = 3.19064e-13
[2025-11-05 14:23:08.062] [cout] [info] time = 1.04 Performance = 14.335 Constraint violation = 1.41266e-13
[2025-11-05 14:23:08.493] [cout] [info] time = 1.045 Performance = 13.121 Constraint violation = 4.12201e-13
[2025-11-05 14:23:08.958] [cout] [info] time = 1.05 Performance = 12.1285 Constraint violation = 2.82029e-13
[2025-11-05 14:23:09.540] [cout] [info] time = 1.055 Performance = 11.3914 Constraint violation = 1.96664e-13
[2025-11-05 14:23:10.081] [cout] [info] time = 1.06 Performance = 10.9232 Constraint violation = 3.17317e-13
[2025-11-05 14:23:10.715] [cout] [info] time = 1.065 Performance = 10.7112 Constraint violation = 4.56208e-13
[2025-11-05 14:23:11.215] [cout] [info] time = 1.07 Performance = 10.7138 Constraint violation = 1.27855e-13
[2025-11-05 14:23:11.713] [cout] [info] time = 1.075 Performance = 10.8645 Constraint violation = 2.84503e-13
[2025-11-05 14:23:12.390] [cout] [info] time = 1.08 Performance = 11.0801 Constraint violation = 6.05055e-13
[2025-11-05 14:23:13.374] [cout] [info] time = 1.085 Performance = 11.273 Constraint violation = 2.58328e-13
[2025-11-05 14:23:14.279] [cout] [info] time = 1.09 Performance = 11.3641 Constraint violation = 6.4428e-13
[2025-11-05 14:23:15.076] [cout] [info] time = 1.095 Performance = 11.2973 Constraint violation = 1.53626e-13
[2025-11-05 14:23:16.020] [cout] [info] time = 1.1 Performance = 11.0412 Constraint violation = 2.03093e-13
[2025-11-05 14:23:16.959] [cout] [info] time = 1.10500 Performance = 10.5934 Constraint violation = 1.44343e-12
[2025-11-05 14:23:18.203] [cout] [info] time = 1.11 Performance = 9.97978 Constraint violation = 2.12856e-13
[2025-11-05 14:23:19.239] [cout] [info] time = 1.115 Performance = 9.25089 Constraint violation = 3.97218e-13
[2025-11-05 14:23:19.921] [cout] [info] time = 1.12 Performance = 8.4872 Constraint violation = 2.15669e-13
[2025-11-05 14:23:20.578] [cout] [info] time = 1.125 Performance = 7.78379 Constraint violation = 2.0425e-13
[2025-11-05 14:23:21.179] [cout] [info] time = 1.13 Performance = 7.23235 Constraint violation = 2.81309e-13
[2025-11-05 14:23:21.860] [cout] [info] time = 1.135 Performance = 6.90737 Constraint violation = 2.34255e-13
[2025-11-05 14:23:22.574] [cout] [info] time = 1.14 Performance = 6.86080 Constraint violation = 2.63843e-13
[2025-11-05 14:23:23.306] [cout] [info] time = 1.145 Performance = 7.11066 Constraint violation = 3.71409e-13
[2025-11-05 14:23:23.973] [cout] [info] time = 1.15 Performance = 7.64338 Constraint violation = 3.46692e-13
[2025-11-05 14:23:24.757] [cout] [info] time = 1.155 Performance = 8.4161 Constraint violation = 5.10994e-13
[2025-11-05 14:23:25.516] [cout] [info] time = 1.16 Performance = 9.36223 Constraint violation = 5.43938e-13
[2025-11-05 14:23:26.356] [cout] [info] time = 1.165 Performance = 10.4039 Constraint violation = 3.62552e-13
[2025-11-05 14:23:27.274] [cout] [info] time = 1.17 Performance = 11.462 Constraint violation = 4.10041e-13
[2025-11-05 14:23:28.031] [cout] [info] time = 1.175 Performance = 12.4662 Constraint violation = 3.79881e-13
[2025-11-05 14:23:29.129] [cout] [info] time = 1.18 Performance = 13.3594 Constraint violation = 9.68221e-13
[2025-11-05 14:23:29.976] [cout] [info] time = 1.185 Performance = 14.1010 Constraint violation = 4.57036e-13
[2025-11-05 14:23:30.853] [cout] [info] time = 1.19 Performance = 14.666 Constraint violation = 3.93472e-13
[2025-11-05 14:23:31.699] [cout] [info] time = 1.195 Performance = 15.0411 Constraint violation = 1.53105e-12
[2025-11-05 14:23:32.484] [cout] [info] time = 1.2 Performance = 15.224 Constraint violation = 1.062e-12
[2025-11-05 14:23:33.286] [cout] [info] time = 1.20500 Performance = 15.2116 Constraint violation = 3.26991e-13
[2025-11-05 14:23:34.037] [cout] [info] time = 1.21 Performance = 14.9926 Constraint violation = 3.76306e-13
[2025-11-05 14:23:35.103] [cout] [info] time = 1.215 Performance = 14.5387 Constraint violation = 4.32823e-13
[2025-11-05 14:23:35.854] [cout] [info] time = 1.22 Performance = 13.8008 Constraint violation = 4.88429e-13
[2025-11-05 14:23:36.666] [cout] [info] time = 1.225 Performance = 12.7491 Constraint violation = 3.22436e-13
[2025-11-05 14:23:37.483] [cout] [info] time = 1.23 Performance = 11.3967 Constraint violation = 4.40165e-13
[2025-11-05 14:23:38.535] [cout] [info] time = 1.235 Performance = 9.82328 Constraint violation = 2.4779e-13
[2025-11-05 14:23:39.371] [cout] [info] time = 1.24 Performance = 8.17847 Constraint violation = 2.90683e-13
[2025-11-05 14:23:40.081] [cout] [info] time = 1.245 Performance = 6.67653 Constraint violation = 2.7531e-13
[2025-11-05 14:23:40.739] [cout] [info] time = 1.25 Performance = 5.57823 Constraint violation = 2.52236e-13
[2025-11-05 14:23:41.433] [cout] [info] time = 1.255 Performance = 5.13182 Constraint violation = 2.10247e-13
[2025-11-05 14:23:41.438] [info] Printing results of investigation SO to .
[2025-11-05 14:23:41.973] [info] Loaded model Athlete_03 from file C:\Git\1_current_projects\powerlifing_model\models\Athlete_03\25_03_31\scaled.osim
[2025-11-05 14:23:42.125] [info] Storage: read data file = joint_angles.mot (nr=216 nc=40)
[2025-11-05 14:23:42.165] [info] Storage: read data file = joint_angles.mot (nr=216 nc=40)
[2025-11-05 14:23:42.277] [info] Loaded model Athlete_03 from file C:\Git\1_current_projects\powerlifing_model\models\Athlete_03\25_03_31\scaled.osim
[2025-11-05 14:23:42.449] [info] AbstractTool Analyse loading model ..\..\..\..\models\Athlete_03\25_03_31\scaled.osim
[2025-11-05 14:23:42.550] [info] Loaded model Athlete_03 from file ..\..\..\..\models\Athlete_03\25_03_31\scaled.osim
[2025-11-05 14:23:42.898] [info] Storage: read data file = grf.mot (nr=4930 nc=46)
[2025-11-05 14:23:43.074] [info] ExternalForce::grf_r_2 Data source being set to grf
[2025-11-05 14:23:43.074] [info] ExternalForce::grf_l_3 Data source being set to grf
[2025-11-05 14:23:43.075] [info] ExternalForce::grf_l_4 Data source being set to grf
[2025-11-05 14:23:43.104] [info] Loading coordinates from file 'joint_angles.mot'.
[2025-11-05 14:23:43.105] [info] Storage: read data file = joint_angles.mot (nr=216 nc=40)
[2025-11-05 14:23:43.117] [info] Low-pass filtering coordinates data with a cutoff frequency of 6.0...
[2025-11-05 14:23:43.989] [info] AssemblySolver::track() attempt Failed: SimTK Exception thrown at Assembler.cpp:973:
  Method Assembler::track() failed because:
Unable to achieve required assembly error tolerance.
Assembly error tolerance achieved: 5.2830928726627816e-09 required: 1e-10.
[2025-11-05 14:23:44.007] [error] Model unable to assemble: AssemblySolver::assemble() Failed: SimTK Exception thrown at Assembler.cpp:897:
  Method Assembler::assemble() failed because:
Unable to achieve required assembly error tolerance.
Assembly error tolerance achieved: 5.2830929719761564e-09 required: 1e-10..Model relaxing constraints and trying again.
[2025-11-05 14:23:45.059] [info] Found 432 state vectors with time stamps ranging from -0.36 to 1.795.
[2025-11-05 14:23:45.059] [info] Executing the analyses from 0.18 to 1.255...
[2025-11-05 14:23:45.066] [info] Loading actuator forces from file SO_StaticOptimization_force.sto.
[2025-11-05 14:23:45.094] [info] Storage: read data file = SO_StaticOptimization_force.sto (nr=216 nc=141)
[2025-11-05 14:23:45.134] [info] Found 140 actuator forces with time stamps ranging from 0.18to 1.255.
[2025-11-05 14:23:45.134] [warning] The forces file contains actuators that are not in the model's actuator set.
[2025-11-05 14:23:45.134] [warning] Ignoring fiber lengths and activations from the states since forces_file is also set. Actuator forces will be constructed from SO_StaticOptimization_force.sto.
[2025-11-05 14:23:48.370] [info] Printing results of investigation Analyse to .
[2025-11-05 14:23:48.570] [info] Loaded model Athlete_03 from file C:\Git\1_current_projects\powerlifing_model\models\Athlete_03\25_03_31\scaled.osim
