Moment_hip_flexion_l
version=1
nRows=707
nColumns=81
inDegrees=no

This analysis gathers basic information about muscles during a simulation (e.g., forces, tendon lengths, moment arms, etc).
Units are S.I. units (second, meters, Newtons, ...)
If the header above contains a line with 'inDegrees', this indicates whether rotational values are in degrees (yes) or radians (no).

endheader
time	addbrev_r	addlong_r	addmagDist_r	addmagIsch_r	addmagMid_r	addmagProx_r	bflh_r	bfsh_r	edl_r	ehl_r	fdl_r	fhl_r	gaslat_r	gasmed_r	glmax1_r	glmax2_r	glmax3_r	glmed1_r	glmed2_r	glmed3_r	glmin1_r	glmin2_r	glmin3_r	grac_r	iliacus_r	perbrev_r	perlong_r	piri_r	psoas_r	recfem_r	sart_r	semimem_r	semiten_r	soleus_r	tfl_r	tibant_r	tibpost_r	vasint_r	vaslat_r	vasmed_r	addbrev_l	addlong_l	addmagDist_l	addmagIsch_l	addmagMid_l	addmagProx_l	bflh_l	bfsh_l	edl_l	ehl_l	fdl_l	fhl_l	gaslat_l	gasmed_l	glmax1_l	glmax2_l	glmax3_l	glmed1_l	glmed2_l	glmed3_l	glmin1_l	glmin2_l	glmin3_l	grac_l	iliacus_l	perbrev_l	perlong_l	piri_l	psoas_l	recfem_l	sart_l	semimem_l	semiten_l	soleus_l	tfl_l	tibant_l	tibpost_l	vasint_l	vaslat_l	vasmed_l
      0.00500000	      0.00000000	      0.00000000	      0.00000000	      0.00000000	      0.00000000	      0.00000000	      0.00000000	      0.00000000	      0.00000000	      0.00000000	      0.00000000	      0.00000000	      0.00000000	      0.00000000	      0.00000000	      0.00000000	      0.00000000	      0.00000000	      0.00000000	      0.00000000	      0.00000000	      0.00000000	      0.00000000	      0.00000000	      0.00000000	      0.00000000	      0.00000000	      0.00000000	      0.00000000	      0.00000000	      0.00000000	      0.00000000	      0.00000000	      0.00000000	      0.00000000	      0.00000000	      0.00000000	      0.00000000	      0.00000000	      0.00000000	      0.51379112	      1.48893725	      0.04597953	     -0.10647571	      0.13214668	      0.12925725	     -0.40656968	     -0.00000000	      0.00000000	     -0.00000000	      0.00000000	      0.00000000	     -0.01053983	      0.00000000	     -0.30825322	     -0.62415683	     -0.55095304	     -0.42834147	     -0.22648910	     -0.09717039	     -0.11103990	     -0.12001142	     -0.10344252	      0.80196078	      0.71446423	      0.00000000	      0.00000000	     -0.03904386	      0.89898498	      0.55857586	      0.24633188	     -0.73855772	     -0.58799289	      0.00000000	      0.05681610	      0.00000000	      0.00000000	      0.00000000	      0.00000000	     -0.00000000
      0.01000000	      0.00000000	      0.00000000	      0.00000000	      0.00000000	      0.00000000	      0.00000000	      0.00000000	      0.00000000	      0.00000000	      0.00000000	      0.00000000	      0.00000000	      0.00000000	      0.00000000	      0.00000000	      0.00000000	      0.00000000	      0.00000000	      0.00000000	      0.00000000	      0.00000000	      0.00000000	      0.00000000	      0.00000000	      0.00000000	      0.00000000	      0.00000000	      0.00000000	      0.00000000	      0.00000000	      0.00000000	      0.00000000	      0.00000000	      0.00000000	      0.00000000	      0.00000000	      0.00000000	      0.00000000	      0.00000000	      0.00000000	      0.51366552	      1.48848497	      0.04595171	     -0.10651194	      0.13213084	      0.12925538	     -0.40664647	     -0.00000000	     -0.00000000	      0.00000000	      0.00000000	     -0.00000000	     -0.01053840	      0.00000000	     -0.30828928	     -0.62420049	     -0.55101508	     -0.42831243	     -0.22650027	     -0.09720002	     -0.11103572	     -0.12001008	     -0.10345057	      0.80170668	      0.71441385	     -0.00000000	      0.00000000	     -0.03906468	      0.89893551	      0.55861137	      0.24636024	     -0.73866583	     -0.58810709	      0.00000000	      0.05682958	      0.00000000	      0.00000000	     -0.00000000	      0.00000000	      0.00000000
      0.01500000	      0.00000000	      0.00000000	      0.00000000	      0.00000000	      0.00000000	      0.00000000	      0.00000000	      0.00000000	      0.00000000	      0.00000000	      0.00000000	      0.00000000	      0.00000000	      0.00000000	      0.00000000	      0.00000000	      0.00000000	      0.00000000	      0.00000000	      0.00000000	      0.00000000	      0.00000000	      0.00000000	      0.00000000	      0.00000000	      0.00000000	      0.00000000	      0.00000000	      0.00000000	      0.00000000	      0.00000000	      0.00000000	      0.00000000	      0.00000000	      0.00000000	      0.00000000	      0.00000000	      0.00000000	      0.00000000	      0.00000000	      0.51355668	      1.48807630	      0.04592649	     -0.10655189	      0.13212395	      0.12926275	     -0.40674229	      0.00000000	      0.00000000	      0.00000000	      0.00000000	      0.00000000	     -0.01053642	      0.00000000	     -0.30830644	     -0.62420598	     -0.55108173	     -0.42822662	     -0.22648167	     -0.09722006	     -0.11101862	     -0.11999221	     -0.10344041	      0.80145429	      0.71436781	      0.00000000	      0.00000000	     -0.03907863	      0.89889431	      0.55859258	      0.24638683	     -0.73879780	     -0.58821077	      0.00000000	      0.05683773	      0.00000000	     -0.00000000	     -0.00000000	      0.00000000	     -0.00000000
      0.02000000	      0.00000000	      0.00000000	      0.00000000	      0.00000000	      0.00000000	      0.00000000	      0.00000000	      0.00000000	      0.00000000	      0.00000000	      0.00000000	      0.00000000	      0.00000000	      0.00000000	      0.00000000	      0.00000000	      0.00000000	      0.00000000	      0.00000000	      0.00000000	      0.00000000	      0.00000000	      0.00000000	      0.00000000	      0.00000000	      0.00000000	      0.00000000	      0.00000000	      0.00000000	      0.00000000	      0.00000000	      0.00000000	      0.00000000	      0.00000000	      0.00000000	      0.00000000	      0.00000000	      0.00000000	      0.00000000	      0.00000000	      0.51346589	      1.48771671	      0.04590385	     -0.10659482	      0.13212535	      0.12927868	     -0.40685587	     -0.00000000	      0.00000000	      0.00000000	      0.00000000	     -0.00000000	     -0.01053427	      0.00000000	     -0.30830514	     -0.62417424	     -0.55115071	     -0.42808788	     -0.22643512	     -0.09723083	     -0.11098946	     -0.11995888	     -0.10341315	      0.80121027	      0.71432619	      0.00000000	      0.00000000	     -0.03908596	      0.89886179	      0.55851733	      0.24641226	     -0.73895269	     -0.58831198	      0.00000000	      0.05684086	      0.00000000	      0.00000000	      0.00000000	      0.00000000	     -0.00000000
      0.02500000	      0.00000000	      0.00000000	      0.00000000	      0.00000000	      0.00000000	      0.00000000	      0.00000000	      0.00000000	      0.00000000	      0.00000000	      0.00000000	      0.00000000	      0.00000000	      0.00000000	      0.00000000	      0.00000000	      0.00000000	      0.00000000	      0.00000000	      0.00000000	      0.00000000	      0.00000000	      0.00000000	      0.00000000	      0.00000000	      0.00000000	      0.00000000	      0.00000000	      0.00000000	      0.00000000	      0.00000000	      0.00000000	      0.00000000	      0.00000000	      0.00000000	      0.00000000	      0.00000000	      0.00000000	      0.00000000	      0.00000000	      0.51339373	      1.48740972	      0.04588368	     -0.10663991	      0.13213410	      0.12930218	     -0.40698481	     -0.00000000	     -0.00000000	     -0.00000000	     -0.00000000	     -0.00000000	     -0.01053212	     -0.00000000	     -0.30828646	     -0.62410751	     -0.55121971	     -0.42790169	     -0.22636340	     -0.09723302	     -0.11094948	     -0.11991168	     -0.10337050	      0.80097923	      0.71428891	      0.00000000	     -0.00000000	     -0.03908719	      0.89883801	      0.55838758	      0.24643671	     -0.73912760	     -0.58841436	     -0.00000000	      0.05683943	     -0.00000000	     -0.00000000	     -0.00000000	     -0.00000000	     -0.00000000
      0.03000000	      0.00000000	      0.00000000	      0.00000000	      0.00000000	      0.00000000	      0.00000000	      0.00000000	      0.00000000	      0.00000000	      0.00000000	      0.00000000	      0.00000000	      0.00000000	      0.00000000	      0.00000000	      0.00000000	      0.00000000	      0.00000000	      0.00000000	      0.00000000	      0.00000000	      0.00000000	      0.00000000	      0.00000000	      0.00000000	      0.00000000	      0.00000000	      0.00000000	      0.00000000	      0.00000000	      0.00000000	      0.00000000	      0.00000000	      0.00000000	      0.00000000	      0.00000000	      0.00000000	      0.00000000	      0.00000000	      0.00000000	      0.51334046	      1.48715766	      0.04586590	     -0.10668647	      0.13214930	      0.12933225	     -0.40712647	      0.00000000	     -0.00000000	      0.00000000	     -0.00000000	     -0.00000000	     -0.01053002	     -0.00000000	     -0.30825200	     -0.62400939	     -0.55128751	     -0.42767419	     -0.22626950	     -0.09722734	     -0.11090003	     -0.11985229	     -0.10331426	      0.80076457	      0.71425569	     -0.00000000	     -0.00000000	     -0.03908281	      0.89882283	      0.55820899	      0.24646013	     -0.73931903	     -0.58851946	      0.00000000	      0.05683397	     -0.00000000	      0.00000000	     -0.00000000	      0.00000000	      0.00000000
      0.03500000	      0.00000000	      0.00000000	      0.00000000	      0.00000000	      0.00000000	      0.00000000	      0.00000000	      0.00000000	      0.00000000	      0.00000000	      0.00000000	      0.00000000	      0.00000000	      0.00000000	      0.00000000	      0.00000000	      0.00000000	      0.00000000	      0.00000000	      0.00000000	      0.00000000	      0.00000000	      0.00000000	      0.00000000	      0.00000000	      0.00000000	      0.00000000	      0.00000000	      0.00000000	      0.00000000	      0.00000000	      0.00000000	      0.00000000	      0.00000000	      0.00000000	      0.00000000	      0.00000000	      0.00000000	      0.00000000	      0.00000000	      0.51330628	      1.48696225	      0.04585044	     -0.10673409	      0.13217018	      0.12936797	     -0.40727843	      0.00000000	     -0.00000000	     -0.00000000	      0.00000000	      0.00000000	     -0.01052803	      0.00000000	     -0.30820382	     -0.62388489	     -0.55135461	     -0.42741146	     -0.22615614	     -0.09721425	     -0.11084239	     -0.11978229	     -0.10324601	      0.80056886	      0.71422600	     -0.00000000	      0.00000000	     -0.03907311	      0.89881583	      0.55799082	      0.24648233	     -0.73952370	     -0.58862796	      0.00000000	      0.05682490	      0.00000000	      0.00000000	      0.00000000	     -0.00000000	     -0.00000000
      0.04000000	      0.00000000	      0.00000000	      0.00000000	      0.00000000	      0.00000000	      0.00000000	      0.00000000	      0.00000000	      0.00000000	      0.00000000	      0.00000000	      0.00000000	      0.00000000	      0.00000000	      0.00000000	      0.00000000	      0.00000000	      0.00000000	      0.00000000	      0.00000000	      0.00000000	      0.00000000	      0.00000000	      0.00000000	      0.00000000	      0.00000000	      0.00000000	      0.00000000	      0.00000000	      0.00000000	      0.00000000	      0.00000000	      0.00000000	      0.00000000	      0.00000000	      0.00000000	      0.00000000	      0.00000000	      0.00000000	      0.00000000	      0.51329129	      1.48682457	      0.04583726	     -0.10678266	      0.13219612	      0.12940845	     -0.40743866	      0.00000000	     -0.00000000	      0.00000000	      0.00000000	      0.00000000	     -0.01052618	      0.00000000	     -0.30814439	     -0.62374034	     -0.55142310	     -0.42711966	     -0.22602583	     -0.09719402	     -0.11077783	     -0.11970317	     -0.10316711	      0.80039401	      0.71419904	      0.00000000	      0.00000000	     -0.03905815	      0.89881643	      0.55774507	      0.24650303	     -0.73973878	     -0.58874021	      0.00000000	      0.05681254	     -0.00000000	      0.00000000	      0.00000000	      0.00000000	     -0.00000000
      0.04500000	      0.00000000	      0.00000000	      0.00000000	      0.00000000	      0.00000000	      0.00000000	      0.00000000	      0.00000000	      0.00000000	      0.00000000	      0.00000000	      0.00000000	      0.00000000	      0.00000000	      0.00000000	      0.00000000	      0.00000000	      0.00000000	      0.00000000	      0.00000000	      0.00000000	      0.00000000	      0.00000000	      0.00000000	      0.00000000	      0.00000000	      0.00000000	      0.00000000	      0.00000000	      0.00000000	      0.00000000	      0.00000000	      0.00000000	      0.00000000	      0.00000000	      0.00000000	      0.00000000	      0.00000000	      0.00000000	      0.00000000	      0.51329519	      1.48674428	      0.04582627	     -0.10683220	      0.13222638	      0.12945270	     -0.40760523	      0.00000000	      0.00000000	     -0.00000000	     -0.00000000	     -0.00000000	     -0.01052452	     -0.00000000	     -0.30807676	     -0.62358342	     -0.55149579	     -0.42680593	     -0.22588154	     -0.09716703	     -0.11070782	     -0.11961667	     -0.10307919	      0.80024123	      0.71417372	      0.00000000	      0.00000000	     -0.03903804	      0.89882371	      0.55748496	      0.24652194	     -0.73996182	     -0.58885648	      0.00000000	      0.05679727	     -0.00000000	     -0.00000000	     -0.00000000	      0.00000000	     -0.00000000
      0.05000000	      0.00000000	      0.00000000	      0.00000000	      0.00000000	      0.00000000	      0.00000000	      0.00000000	      0.00000000	      0.00000000	      0.00000000	      0.00000000	      0.00000000	      0.00000000	      0.00000000	      0.00000000	      0.00000000	      0.00000000	      0.00000000	      0.00000000	      0.00000000	      0.00000000	      0.00000000	      0.00000000	      0.00000000	      0.00000000	      0.00000000	      0.00000000	      0.00000000	      0.00000000	      0.00000000	      0.00000000	      0.00000000	      0.00000000	      0.00000000	      0.00000000	      0.00000000	      0.00000000	      0.00000000	      0.00000000	      0.00000000	      0.51331681	      1.48671868	      0.04581720	     -0.10688261	      0.13225987	      0.12949940	     -0.40777616	      0.00000000	     -0.00000000	      0.00000000	     -0.00000000	      0.00000000	     -0.01052305	     -0.00000000	     -0.30800473	     -0.62342317	     -0.55157542	     -0.42647921	     -0.22572739	     -0.09713413	     -0.11063423	     -0.11952512	     -0.10298460	      0.80011090	      0.71414873	     -0.00000000	      0.00000000	     -0.03901323	      0.89883640	      0.55722338	      0.24653886	     -0.74019062	     -0.58897702	      0.00000000	      0.05677963	      0.00000000	      0.00000000	      0.00000000	      0.00000000	      0.00000000
      0.05500000	      0.00000000	      0.00000000	      0.00000000	      0.00000000	      0.00000000	      0.00000000	      0.00000000	      0.00000000	      0.00000000	      0.00000000	      0.00000000	      0.00000000	      0.00000000	      0.00000000	      0.00000000	      0.00000000	      0.00000000	      0.00000000	      0.00000000	      0.00000000	      0.00000000	      0.00000000	      0.00000000	      0.00000000	      0.00000000	      0.00000000	      0.00000000	      0.00000000	      0.00000000	      0.00000000	      0.00000000	      0.00000000	      0.00000000	      0.00000000	      0.00000000	      0.00000000	      0.00000000	      0.00000000	      0.00000000	      0.00000000	      0.51335401	      1.48674217	      0.04580964	     -0.10693368	      0.13229507	      0.12954688	     -0.40794933	      0.00000000	      0.00000000	      0.00000000	      0.00000000	     -0.00000000	     -0.01052176	      0.00000000	     -0.30793288	     -0.62326988	     -0.55166426	     -0.42615045	     -0.22556888	     -0.09709685	     -0.11055945	     -0.11943150	     -0.10288653	      0.80000243	      0.71412254	      0.00000000	      0.00000000	     -0.03898466	      0.89885282	      0.55697208	      0.24655362	     -0.74042314	     -0.58910200	      0.00000000	      0.05676039	      0.00000000	     -0.00000000	     -0.00000000	      0.00000000	      0.00000000
      0.06000000	      0.00000000	      0.00000000	      0.00000000	      0.00000000	      0.00000000	      0.00000000	      0.00000000	      0.00000000	      0.00000000	      0.00000000	      0.00000000	      0.00000000	      0.00000000	      0.00000000	      0.00000000	      0.00000000	      0.00000000	      0.00000000	      0.00000000	      0.00000000	      0.00000000	      0.00000000	      0.00000000	      0.00000000	      0.00000000	      0.00000000	      0.00000000	      0.00000000	      0.00000000	      0.00000000	      0.00000000	      0.00000000	      0.00000000	      0.00000000	      0.00000000	      0.00000000	      0.00000000	      0.00000000	      0.00000000	      0.00000000	      0.51340357	      1.48680619	      0.04580295	     -0.10698502	      0.13233007	      0.12959313	     -0.40812246	     -0.00000000	      0.00000000	     -0.00000000	      0.00000000	      0.00000000	     -0.01052061	     -0.00000000	     -0.30786628	     -0.62313433	     -0.55176370	     -0.42583210	     -0.22541267	     -0.09705736	     -0.11048625	     -0.11933940	     -0.10278897	      0.79991420	      0.71409350	     -0.00000000	     -0.00000000	     -0.03895380	      0.89887097	      0.55674112	      0.24656623	     -0.74065741	     -0.58923157	      0.00000000	      0.05674049	     -0.00000000	      0.00000000	     -0.00000000	      0.00000000	      0.00000000
      0.06500000	      0.00000000	      0.00000000	      0.00000000	      0.00000000	      0.00000000	      0.00000000	      0.00000000	      0.00000000	      0.00000000	      0.00000000	      0.00000000	      0.00000000	      0.00000000	      0.00000000	      0.00000000	      0.00000000	      0.00000000	      0.00000000	      0.00000000	      0.00000000	      0.00000000	      0.00000000	      0.00000000	      0.00000000	      0.00000000	      0.00000000	      0.00000000	      0.00000000	      0.00000000	      0.00000000	      0.00000000	      0.00000000	      0.00000000	      0.00000000	      0.00000000	      0.00000000	      0.00000000	      0.00000000	      0.00000000	      0.00000000	      0.51346132	      1.48689941	      0.04579640	     -0.10703607	      0.13236264	      0.12963597	     -0.40829307	      0.00000000	     -0.00000000	      0.00000000	     -0.00000000	      0.00000000	     -0.01051952	     -0.00000000	     -0.30781020	     -0.62302719	     -0.55187407	     -0.42553750	     -0.22526630	     -0.09701838	     -0.11041765	     -0.11925277	     -0.10269649	      0.79984355	      0.71405996	     -0.00000000	     -0.00000000	     -0.03892255	      0.89888862	      0.55653852	      0.24657681	     -0.74089137	     -0.58936578	     -0.00000000	      0.05672110	     -0.00000000	     -0.00000000	      0.00000000	      0.00000000	     -0.00000000
      0.07000000	      0.00000000	      0.00000000	      0.00000000	      0.00000000	      0.00000000	      0.00000000	      0.00000000	      0.00000000	      0.00000000	      0.00000000	      0.00000000	      0.00000000	      0.00000000	      0.00000000	      0.00000000	      0.00000000	      0.00000000	      0.00000000	      0.00000000	      0.00000000	      0.00000000	      0.00000000	      0.00000000	      0.00000000	      0.00000000	      0.00000000	      0.00000000	      0.00000000	      0.00000000	      0.00000000	      0.00000000	      0.00000000	      0.00000000	      0.00000000	      0.00000000	      0.00000000	      0.00000000	      0.00000000	      0.00000000	      0.00000000	      0.51352224	      1.48700800	      0.04578910	     -0.10708607	      0.13239036	      0.12967307	     -0.40845745	     -0.00000000	      0.00000000	     -0.00000000	      0.00000000	     -0.00000000	     -0.01051797	     -0.00000000	     -0.30776993	     -0.62295852	     -0.55199462	     -0.42528024	     -0.22513786	     -0.09698312	     -0.11035679	     -0.11917580	     -0.10261408	      0.79978343	      0.71402040	      0.00000000	     -0.00000000	     -0.03889323	      0.89890339	      0.55637442	      0.24658464	     -0.74112040	     -0.58949526	      0.00000000	      0.05670360	      0.00000000	      0.00000000	      0.00000000	     -0.00000000	     -0.00000000
      0.07500000	      0.00000000	      0.00000000	      0.00000000	      0.00000000	      0.00000000	      0.00000000	      0.00000000	      0.00000000	      0.00000000	      0.00000000	      0.00000000	      0.00000000	      0.00000000	      0.00000000	      0.00000000	      0.00000000	      0.00000000	      0.00000000	      0.00000000	      0.00000000	      0.00000000	      0.00000000	      0.00000000	      0.00000000	      0.00000000	      0.00000000	      0.00000000	      0.00000000	      0.00000000	      0.00000000	      0.00000000	      0.00000000	      0.00000000	      0.00000000	      0.00000000	      0.00000000	      0.00000000	      0.00000000	      0.00000000	      0.00000000	      0.51358065	      1.48711600	      0.04578007	     -0.10713429	      0.13241070	      0.12970215	     -0.40861485	      0.00000000	     -0.00000000	     -0.00000000	     -0.00000000	      0.00000000	     -0.01051653	     -0.00000000	     -0.30775045	     -0.62293730	     -0.55212376	     -0.42507331	     -0.22503540	     -0.09695505	     -0.11030671	     -0.11911262	     -0.10254676	      0.79973444	      0.71397332	     -0.00000000	      0.00000000	     -0.03886841	      0.89891284	      0.55624606	      0.24659162	     -0.74134619	     -0.58963425	     -0.00000000	      0.05668924	     -0.00000000	      0.00000000	      0.00000000	     -0.00000000	     -0.00000000
      0.08000000	      0.00000000	      0.00000000	      0.00000000	      0.00000000	      0.00000000	      0.00000000	      0.00000000	      0.00000000	      0.00000000	      0.00000000	      0.00000000	      0.00000000	      0.00000000	      0.00000000	      0.00000000	      0.00000000	      0.00000000	      0.00000000	      0.00000000	      0.00000000	      0.00000000	      0.00000000	      0.00000000	      0.00000000	      0.00000000	      0.00000000	      0.00000000	      0.00000000	      0.00000000	      0.00000000	      0.00000000	      0.00000000	      0.00000000	      0.00000000	      0.00000000	      0.00000000	      0.00000000	      0.00000000	      0.00000000	      0.00000000	      0.51363072	      1.48720682	      0.04576838	     -0.10717992	      0.13242138	      0.12972121	     -0.40876271	     -0.00000000	      0.00000000	      0.00000000	     -0.00000000	     -0.00000000	     -0.01051499	     -0.00000000	     -0.30775585	     -0.62297016	     -0.55225896	     -0.42492771	     -0.22496613	     -0.09693751	     -0.11027007	     -0.11906687	     -0.10249910	      0.79969056	      0.71391762	     -0.00000000	      0.00000000	     -0.03885064	      0.89891476	      0.55615599	      0.24659805	     -0.74156605	     -0.58978036	     -0.00000000	      0.05667937	     -0.00000000	     -0.00000000	      0.00000000	     -0.00000000	      0.00000000
      0.08500000	      0.00000000	      0.00000000	      0.00000000	      0.00000000	      0.00000000	      0.00000000	      0.00000000	      0.00000000	      0.00000000	      0.00000000	      0.00000000	      0.00000000	      0.00000000	      0.00000000	      0.00000000	      0.00000000	      0.00000000	      0.00000000	      0.00000000	      0.00000000	      0.00000000	      0.00000000	      0.00000000	      0.00000000	      0.00000000	      0.00000000	      0.00000000	      0.00000000	      0.00000000	      0.00000000	      0.00000000	      0.00000000	      0.00000000	      0.00000000	      0.00000000	      0.00000000	      0.00000000	      0.00000000	      0.00000000	      0.00000000	      0.51366697	      1.48726444	      0.04575317	     -0.10722230	      0.13242057	      0.12972875	     -0.40889889	     -0.00000000	      0.00000000	      0.00000000	      0.00000000	      0.00000000	     -0.01051320	     -0.00000000	     -0.30778875	     -0.62306054	     -0.55239704	     -0.42485111	     -0.22493543	     -0.09693331	     -0.11024878	     -0.11904124	     -0.10247461	      0.79964553	      0.71385266	     -0.00000000	      0.00000000	     -0.03884211	      0.89890732	      0.55610447	      0.24660436	     -0.74177753	     -0.58993165	     -0.00000000	      0.05667514	      0.00000000	     -0.00000000	      0.00000000	     -0.00000000	     -0.00000000
      0.09000000	      0.00000000	      0.00000000	      0.00000000	      0.00000000	      0.00000000	      0.00000000	      0.00000000	      0.00000000	      0.00000000	      0.00000000	      0.00000000	      0.00000000	      0.00000000	      0.00000000	      0.00000000	      0.00000000	      0.00000000	      0.00000000	      0.00000000	      0.00000000	      0.00000000	      0.00000000	      0.00000000	      0.00000000	      0.00000000	      0.00000000	      0.00000000	      0.00000000	      0.00000000	      0.00000000	      0.00000000	      0.00000000	      0.00000000	      0.00000000	      0.00000000	      0.00000000	      0.00000000	      0.00000000	      0.00000000	      0.00000000	      0.51368473	      1.48727476	      0.04573379	     -0.10726104	      0.13240714	      0.12972399	     -0.40902207	     -0.00000000	     -0.00000000	      0.00000000	      0.00000000	     -0.00000000	     -0.01051101	      0.00000000	     -0.30785009	     -0.62320842	     -0.55253476	     -0.42484700	     -0.22494619	     -0.09694432	     -0.11024382	     -0.11903718	     -0.10247530	      0.79959337	      0.71377829	      0.00000000	      0.00000000	     -0.03884440	      0.89888924	      0.55608971	      0.24661108	     -0.74197883	     -0.59008686	     -0.00000000	      0.05667738	      0.00000000	     -0.00000000	      0.00000000	     -0.00000000	     -0.00000000
      0.09500000	      0.00000000	      0.00000000	      0.00000000	      0.00000000	      0.00000000	      0.00000000	      0.00000000	      0.00000000	      0.00000000	      0.00000000	      0.00000000	      0.00000000	      0.00000000	      0.00000000	      0.00000000	      0.00000000	      0.00000000	      0.00000000	      0.00000000	      0.00000000	      0.00000000	      0.00000000	      0.00000000	      0.00000000	      0.00000000	      0.00000000	      0.00000000	      0.00000000	      0.00000000	      0.00000000	      0.00000000	      0.00000000	      0.00000000	      0.00000000	      0.00000000	      0.00000000	      0.00000000	      0.00000000	      0.00000000	      0.00000000	      0.51368057	      1.48722664	      0.04570985	     -0.10729608	      0.13238081	      0.12970690	     -0.40913199	     -0.00000000	     -0.00000000	     -0.00000000	     -0.00000000	     -0.00000000	     -0.01050838	      0.00000000	     -0.30793916	     -0.62341067	     -0.55266953	     -0.42491435	     -0.22499851	     -0.09697130	     -0.11025513	     -0.11905471	     -0.10250143	      0.79952864	      0.71369478	      0.00000000	     -0.00000000	     -0.03885821	      0.89885986	      0.55610834	      0.24661878	     -0.74216930	     -0.59024535	     -0.00000000	      0.05668648	      0.00000000	      0.00000000	     -0.00000000	      0.00000000	      0.00000000
      0.10000000	      0.00000000	      0.00000000	      0.00000000	      0.00000000	      0.00000000	      0.00000000	      0.00000000	      0.00000000	      0.00000000	      0.00000000	      0.00000000	      0.00000000	      0.00000000	      0.00000000	      0.00000000	      0.00000000	      0.00000000	      0.00000000	      0.00000000	      0.00000000	      0.00000000	      0.00000000	      0.00000000	      0.00000000	      0.00000000	      0.00000000	      0.00000000	      0.00000000	      0.00000000	      0.00000000	      0.00000000	      0.00000000	      0.00000000	      0.00000000	      0.00000000	      0.00000000	      0.00000000	      0.00000000	      0.00000000	      0.00000000	      0.51365256	      1.48711283	      0.04568124	     -0.10732782	      0.13234216	      0.12967829	     -0.40922968	     -0.00000000	      0.00000000	      0.00000000	      0.00000000	     -0.00000000	     -0.01050525	     -0.00000000	     -0.30805363	     -0.62366148	     -0.55279993	     -0.42504766	     -0.22508956	     -0.09701369	     -0.11028157	     -0.11909236	     -0.10255143	      0.79944675	      0.71360277	     -0.00000000	      0.00000000	     -0.03888332	      0.89881912	      0.55615578	      0.24662798	     -0.74234974	     -0.59040701	     -0.00000000	      0.05670235	     -0.00000000	     -0.00000000	     -0.00000000	     -0.00000000	     -0.00000000
      0.10500000	      0.00000000	      0.00000000	      0.00000000	      0.00000000	      0.00000000	      0.00000000	      0.00000000	      0.00000000	      0.00000000	      0.00000000	      0.00000000	      0.00000000	      0.00000000	      0.00000000	      0.00000000	      0.00000000	      0.00000000	      0.00000000	      0.00000000	      0.00000000	      0.00000000	      0.00000000	      0.00000000	      0.00000000	      0.00000000	      0.00000000	      0.00000000	      0.00000000	      0.00000000	      0.00000000	      0.00000000	      0.00000000	      0.00000000	      0.00000000	      0.00000000	      0.00000000	      0.00000000	      0.00000000	      0.00000000	      0.00000000	      0.51360046	      1.48693032	      0.04564809	     -0.10735717	      0.13229264	      0.12963970	     -0.40931823	     -0.00000000	      0.00000000	     -0.00000000	      0.00000000	      0.00000000	     -0.01050188	     -0.00000000	     -0.30818986	     -0.62395291	     -0.55292598	     -0.42523726	     -0.22521375	     -0.09706971	     -0.11032102	     -0.11914732	     -0.10262198	      0.79934611	      0.71350307	      0.00000000	      0.00000000	     -0.03891851	      0.89876755	      0.55622405	      0.24663972	     -0.74252409	     -0.59057802	     -0.00000000	      0.05672436	      0.00000000	      0.00000000	     -0.00000000	      0.00000000	     -0.00000000
      0.11000000	      0.00000000	      0.00000000	      0.00000000	      0.00000000	      0.00000000	      0.00000000	      0.00000000	      0.00000000	      0.00000000	      0.00000000	      0.00000000	      0.00000000	      0.00000000	      0.00000000	      0.00000000	      0.00000000	      0.00000000	      0.00000000	      0.00000000	      0.00000000	      0.00000000	      0.00000000	      0.00000000	      0.00000000	      0.00000000	      0.00000000	      0.00000000	      0.00000000	      0.00000000	      0.00000000	      0.00000000	      0.00000000	      0.00000000	      0.00000000	      0.00000000	      0.00000000	      0.00000000	      0.00000000	      0.00000000	      0.00000000	      0.51352552	      1.48668040	      0.04561087	     -0.10738527	      0.13223441	      0.12959331	     -0.40940008	      0.00000000	      0.00000000	      0.00000000	     -0.00000000	      0.00000000	     -0.01049795	     -0.00000000	     -0.30834318	     -0.62427556	     -0.55304896	     -0.42547045	     -0.22536346	     -0.09713655	     -0.11037061	     -0.11921572	     -0.10270843	      0.79922181	      0.71339687	     -0.00000000	     -0.00000000	     -0.03896180	      0.89870623	      0.55631040	      0.24665357	     -0.74269410	     -0.59075196	     -0.00000000	      0.05675150	      0.00000000	      0.00000000	     -0.00000000	      0.00000000	      0.00000000
      0.11500000	      0.00000000	      0.00000000	      0.00000000	      0.00000000	      0.00000000	      0.00000000	      0.00000000	      0.00000000	      0.00000000	      0.00000000	      0.00000000	      0.00000000	      0.00000000	      0.00000000	      0.00000000	      0.00000000	      0.00000000	      0.00000000	      0.00000000	      0.00000000	      0.00000000	      0.00000000	      0.00000000	      0.00000000	      0.00000000	      0.00000000	      0.00000000	      0.00000000	      0.00000000	      0.00000000	      0.00000000	      0.00000000	      0.00000000	      0.00000000	      0.00000000	      0.00000000	      0.00000000	      0.00000000	      0.00000000	      0.00000000	      0.51343022	      1.48636779	      0.04557019	     -0.10741348	      0.13216998	      0.12954153	     -0.40947841	      0.00000000	     -0.00000000	     -0.00000000	      0.00000000	     -0.00000000	     -0.01049319	     -0.00000000	     -0.30850858	     -0.62461975	     -0.55317103	     -0.42573312	     -0.22553012	     -0.09721092	     -0.11042711	     -0.11929320	     -0.10280551	      0.79907057	      0.71328535	     -0.00000000	     -0.00000000	     -0.03901075	      0.89863659	      0.55641169	      0.24666911	     -0.74286252	     -0.59092386	      0.00000000	      0.05678257	     -0.00000000	      0.00000000	      0.00000000	      0.00000000	      0.00000000
      0.12000000	      0.00000000	      0.00000000	      0.00000000	      0.00000000	      0.00000000	      0.00000000	      0.00000000	      0.00000000	      0.00000000	      0.00000000	      0.00000000	      0.00000000	      0.00000000	      0.00000000	      0.00000000	      0.00000000	      0.00000000	      0.00000000	      0.00000000	      0.00000000	      0.00000000	      0.00000000	      0.00000000	      0.00000000	      0.00000000	      0.00000000	      0.00000000	      0.00000000	      0.00000000	      0.00000000	      0.00000000	      0.00000000	      0.00000000	      0.00000000	      0.00000000	      0.00000000	      0.00000000	      0.00000000	      0.00000000	      0.00000000	      0.51331745	      1.48599852	      0.04552657	     -0.10744326	      0.13210169	      0.12948671	     -0.40955864	     -0.00000000	     -0.00000000	     -0.00000000	      0.00000000	     -0.00000000	     -0.01048808	     -0.00000000	     -0.30868154	     -0.62497699	     -0.55329507	     -0.42601163	     -0.22570550	     -0.09728965	     -0.11048738	     -0.11937554	     -0.10290812	      0.79889515	      0.71316921	      0.00000000	     -0.00000000	     -0.03906301	      0.89855998	      0.55651843	      0.24668744	     -0.74303677	     -0.59110482	      0.00000000	      0.05681622	     -0.00000000	     -0.00000000	      0.00000000	     -0.00000000	     -0.00000000
      0.12500000	      0.00000000	      0.00000000	      0.00000000	      0.00000000	      0.00000000	      0.00000000	      0.00000000	      0.00000000	      0.00000000	      0.00000000	      0.00000000	      0.00000000	      0.00000000	      0.00000000	      0.00000000	      0.00000000	      0.00000000	      0.00000000	      0.00000000	      0.00000000	      0.00000000	      0.00000000	      0.00000000	      0.00000000	      0.00000000	      0.00000000	      0.00000000	      0.00000000	      0.00000000	      0.00000000	      0.00000000	      0.00000000	      0.00000000	      0.00000000	      0.00000000	      0.00000000	      0.00000000	      0.00000000	      0.00000000	      0.00000000	      0.51319042	      1.48558048	      0.04548076	     -0.10747562	      0.13203181	      0.12943090	     -0.40964302	     -0.00000000	     -0.00000000	     -0.00000000	     -0.00000000	     -0.00000000	     -0.01048217	      0.00000000	     -0.30885834	     -0.62534057	     -0.55342386	     -0.42629462	     -0.22588286	     -0.09737005	     -0.11054878	     -0.11945920	     -0.10301202	      0.79869324	      0.71304957	      0.00000000	      0.00000000	     -0.03911653	      0.89847784	      0.55662992	      0.24670744	     -0.74321840	     -0.59128538	      0.00000000	      0.05685124	     -0.00000000	      0.00000000	     -0.00000000	     -0.00000000	     -0.00000000
      0.13000000	      0.00000000	      0.00000000	      0.00000000	      0.00000000	      0.00000000	      0.00000000	      0.00000000	      0.00000000	      0.00000000	      0.00000000	      0.00000000	      0.00000000	      0.00000000	      0.00000000	      0.00000000	      0.00000000	      0.00000000	      0.00000000	      0.00000000	      0.00000000	      0.00000000	      0.00000000	      0.00000000	      0.00000000	      0.00000000	      0.00000000	      0.00000000	      0.00000000	      0.00000000	      0.00000000	      0.00000000	      0.00000000	      0.00000000	      0.00000000	      0.00000000	      0.00000000	      0.00000000	      0.00000000	      0.00000000	      0.00000000	      0.51305111	      1.48511756	      0.04543285	     -0.10751188	      0.13196158	      0.12937549	     -0.40973653	      0.00000000	      0.00000000	     -0.00000000	      0.00000000	     -0.00000000	     -0.01047574	      0.00000000	     -0.30903717	     -0.62570737	     -0.55356094	     -0.42657365	     -0.22605765	     -0.09745058	     -0.11060934	     -0.11954162	     -0.10311433	      0.79846618	      0.71292595	      0.00000000	     -0.00000000	     -0.03917009	      0.89839079	      0.55673964	      0.24672991	     -0.74341459	     -0.59147460	      0.00000000	      0.05688681	      0.00000000	      0.00000000	      0.00000000	      0.00000000	      0.00000000
      0.13500000	      0.00000000	      0.00000000	      0.00000000	      0.00000000	      0.00000000	      0.00000000	      0.00000000	      0.00000000	      0.00000000	      0.00000000	      0.00000000	      0.00000000	      0.00000000	      0.00000000	      0.00000000	      0.00000000	      0.00000000	      0.00000000	      0.00000000	      0.00000000	      0.00000000	      0.00000000	      0.00000000	      0.00000000	      0.00000000	      0.00000000	      0.00000000	      0.00000000	      0.00000000	      0.00000000	      0.00000000	      0.00000000	      0.00000000	      0.00000000	      0.00000000	      0.00000000	      0.00000000	      0.00000000	      0.00000000	      0.00000000	      0.51290039	      1.48461067	      0.04538276	     -0.10755319	      0.13189163	      0.12932124	     -0.40984629	     -0.00000000	      0.00000000	     -0.00000000	     -0.00000000	      0.00000000	     -0.01047004	      0.00000000	     -0.30921800	     -0.62607769	     -0.55371019	     -0.42684387	     -0.22622782	     -0.09753091	     -0.11066789	     -0.11962141	     -0.10321366	      0.79822267	      0.71279741	     -0.00000000	      0.00000000	     -0.03922329	      0.89829885	      0.55683250	      0.24675779	     -0.74363794	     -0.59170204	      0.00000000	      0.05692219	     -0.00000000	      0.00000000	     -0.00000000	     -0.00000000	     -0.00000000
      0.14000000	      0.00000000	      0.00000000	      0.00000000	      0.00000000	      0.00000000	      0.00000000	      0.00000000	      0.00000000	      0.00000000	      0.00000000	      0.00000000	      0.00000000	      0.00000000	      0.00000000	      0.00000000	      0.00000000	      0.00000000	      0.00000000	      0.00000000	      0.00000000	      0.00000000	      0.00000000	      0.00000000	      0.00000000	      0.00000000	      0.00000000	      0.00000000	      0.00000000	      0.00000000	      0.00000000	      0.00000000	      0.00000000	      0.00000000	      0.00000000	      0.00000000	      0.00000000	      0.00000000	      0.00000000	      0.00000000	      0.00000000	      0.51273958	      1.48406382	      0.04533095	     -0.10759967	      0.13182258	      0.12926859	     -0.40997085	     -0.00000000	     -0.00000000	     -0.00000000	     -0.00000000	     -0.00000000	     -0.01046357	      0.00000000	     -0.30940185	     -0.62645426	     -0.55387501	     -0.42710396	     -0.22639349	     -0.09761132	     -0.11072406	     -0.11969824	     -0.10330998	      0.79795339	      0.71266401	      0.00000000	      0.00000000	     -0.03927626	      0.89820222	      0.55691943	      0.24678754	     -0.74388417	     -0.59193640	      0.00000000	      0.05695701	      0.00000000	      0.00000000	      0.00000000	      0.00000000	     -0.00000000
      0.14500000	      0.00000000	      0.00000000	      0.00000000	      0.00000000	      0.00000000	      0.00000000	      0.00000000	      0.00000000	      0.00000000	      0.00000000	      0.00000000	      0.00000000	      0.00000000	      0.00000000	      0.00000000	      0.00000000	      0.00000000	      0.00000000	      0.00000000	      0.00000000	      0.00000000	      0.00000000	      0.00000000	      0.00000000	      0.00000000	      0.00000000	      0.00000000	      0.00000000	      0.00000000	      0.00000000	      0.00000000	      0.00000000	      0.00000000	      0.00000000	      0.00000000	      0.00000000	      0.00000000	      0.00000000	      0.00000000	      0.00000000	      0.51257669	      1.48350708	      0.04528078	     -0.10764801	      0.13175687	      0.12921833	     -0.41009584	     -0.00000000	     -0.00000000	     -0.00000000	      0.00000000	      0.00000000	     -0.01043136	      0.00000000	     -0.30958808	     -0.62683833	     -0.55405523	     -0.42735619	     -0.22655560	     -0.09769093	     -0.11077822	     -0.11977261	     -0.10340372	      0.79764684	      0.71253145	     -0.00000000	      0.00000000	     -0.03932830	      0.89810420	      0.55703174	      0.24680766	     -0.74412614	     -0.59207820	      0.00000000	      0.05698977	      0.00000000	      0.00000000	     -0.00000000	      0.00000000	     -0.00000000
      0.15000000	      0.00000000	      0.00000000	      0.00000000	      0.00000000	      0.00000000	      0.00000000	      0.00000000	      0.00000000	      0.00000000	      0.00000000	      0.00000000	      0.00000000	      0.00000000	      0.00000000	      0.00000000	      0.00000000	      0.00000000	      0.00000000	      0.00000000	      0.00000000	      0.00000000	      0.00000000	      0.00000000	      0.00000000	      0.00000000	      0.00000000	      0.00000000	      0.00000000	      0.00000000	      0.00000000	      0.00000000	      0.00000000	      0.00000000	      0.00000000	      0.00000000	      0.00000000	      0.00000000	      0.00000000	      0.00000000	      0.00000000	      0.51239555	      1.48287885	      0.04522536	     -0.10770634	      0.13168881	      0.12916811	     -0.41026409	      0.00000000	     -0.00000000	      0.00000000	     -0.00000000	      0.00000000	     -0.01044978	      0.00000000	     -0.30978799	     -0.62724960	     -0.55426643	     -0.42760195	     -0.22671979	     -0.09777621	     -0.11083065	     -0.11984569	     -0.10349811	      0.79734136	      0.71238404	      0.00000000	     -0.00000000	     -0.03938374	      0.89799607	      0.55708579	      0.24684470	     -0.74444478	     -0.59236993	      0.00000000	      0.05702245	      0.00000000	     -0.00000000	      0.00000000	      0.00000000	      0.00000000
      0.15500000	      0.00000000	      0.00000000	      0.00000000	      0.00000000	      0.00000000	      0.00000000	      0.00000000	      0.00000000	      0.00000000	      0.00000000	      0.00000000	      0.00000000	      0.00000000	      0.00000000	      0.00000000	      0.00000000	      0.00000000	      0.00000000	      0.00000000	      0.00000000	      0.00000000	      0.00000000	      0.00000000	      0.00000000	      0.00000000	      0.00000000	      0.00000000	      0.00000000	      0.00000000	      0.00000000	      0.00000000	      0.00000000	      0.00000000	      0.00000000	      0.00000000	      0.00000000	      0.00000000	      0.00000000	      0.00000000	      0.00000000	      0.51221102	      1.48223596	      0.04517111	     -0.10776777	      0.13162287	      0.12911911	     -0.41044182	     -0.00000000	      0.00000000	      0.00000000	      0.00000000	     -0.00000000	     -0.01044044	     -0.00000000	     -0.30999979	     -0.62768937	     -0.55450591	     -0.42784777	     -0.22688810	     -0.09786504	     -0.11088254	     -0.11991891	     -0.10359417	      0.79700334	      0.71223324	     -0.00000000	      0.00000000	     -0.03944110	      0.89788415	      0.55715918	      0.24687330	     -0.74477619	     -0.59258781	      0.00000000	      0.05705278	     -0.00000000	      0.00000000	      0.00000000	      0.00000000	     -0.00000000
      0.16000000	      0.00000000	      0.00000000	      0.00000000	      0.00000000	      0.00000000	      0.00000000	      0.00000000	      0.00000000	      0.00000000	      0.00000000	      0.00000000	      0.00000000	      0.00000000	      0.00000000	      0.00000000	      0.00000000	      0.00000000	      0.00000000	      0.00000000	      0.00000000	      0.00000000	      0.00000000	      0.00000000	      0.00000000	      0.00000000	      0.00000000	      0.00000000	      0.00000000	      0.00000000	      0.00000000	      0.00000000	      0.00000000	      0.00000000	      0.00000000	      0.00000000	      0.00000000	      0.00000000	      0.00000000	      0.00000000	      0.00000000	      0.51200961	      1.48152835	      0.04511300	     -0.10783832	      0.13155450	      0.12906911	     -0.41065707	     -0.00000000	     -0.00000000	     -0.00000000	     -0.00000000	      0.00000000	     -0.01042319	      0.00000000	     -0.31023458	     -0.62817816	     -0.55478813	     -0.42809848	     -0.22706737	     -0.09796347	     -0.11093491	     -0.11999429	     -0.10369586	      0.79664575	      0.71206693	      0.00000000	      0.00000000	     -0.03950442	      0.89776107	      0.55720829	      0.24690893	     -0.74517257	     -0.59287157	     -0.00000000	      0.05708253	      0.00000000	     -0.00000000	     -0.00000000	     -0.00000000	      0.00000000
      0.16500000	      0.00000000	      0.00000000	      0.00000000	      0.00000000	      0.00000000	      0.00000000	      0.00000000	      0.00000000	      0.00000000	      0.00000000	      0.00000000	      0.00000000	      0.00000000	      0.00000000	      0.00000000	      0.00000000	      0.00000000	      0.00000000	      0.00000000	      0.00000000	      0.00000000	      0.00000000	      0.00000000	      0.00000000	      0.00000000	      0.00000000	      0.00000000	      0.00000000	      0.00000000	      0.00000000	      0.00000000	      0.00000000	      0.00000000	      0.00000000	      0.00000000	      0.00000000	      0.00000000	      0.00000000	      0.00000000	      0.00000000	      0.51179242	      1.48076171	      0.04505197	     -0.10791698	      0.13148359	      0.12901734	     -0.41090627	     -0.00000000	      0.00000000	     -0.00000000	      0.00000000	     -0.00000000	     -0.01041431	      0.00000000	     -0.31049725	     -0.62872767	     -0.55511808	     -0.42836206	     -0.22726293	     -0.09807351	     -0.11098938	     -0.12007417	     -0.10380620	      0.79626100	      0.71188530	      0.00000000	      0.00000000	     -0.03957506	      0.89762646	      0.55724721	      0.24694650	     -0.74562785	     -0.59317885	      0.00000000	      0.05711138	      0.00000000	     -0.00000000	      0.00000000	      0.00000000	     -0.00000000
      0.17000000	      0.00000000	      0.00000000	      0.00000000	      0.00000000	      0.00000000	      0.00000000	      0.00000000	      0.00000000	      0.00000000	      0.00000000	      0.00000000	      0.00000000	      0.00000000	      0.00000000	      0.00000000	      0.00000000	      0.00000000	      0.00000000	      0.00000000	      0.00000000	      0.00000000	      0.00000000	      0.00000000	      0.00000000	      0.00000000	      0.00000000	      0.00000000	      0.00000000	      0.00000000	      0.00000000	      0.00000000	      0.00000000	      0.00000000	      0.00000000	      0.00000000	      0.00000000	      0.00000000	      0.00000000	      0.00000000	      0.00000000	      0.51155589	      1.47992472	      0.04498725	     -0.10800444	      0.13140850	      0.12896228	     -0.41119389	      0.00000000	     -0.00000000	     -0.00000000	     -0.00000000	     -0.00000000	     -0.01040466	      0.00000000	     -0.31079471	     -0.62935250	     -0.55550252	     -0.42864746	     -0.22748140	     -0.09819852	     -0.11104781	     -0.12016131	     -0.10392904	      0.79584545	      0.71168521	     -0.00000000	      0.00000000	     -0.03965532	      0.89747783	      0.55727346	      0.24698623	     -0.74615129	     -0.59351342	     -0.00000000	      0.05713975	     -0.00000000	     -0.00000000	     -0.00000000	      0.00000000	      0.00000000
      0.17500000	      0.00000000	      0.00000000	      0.00000000	      0.00000000	      0.00000000	      0.00000000	      0.00000000	      0.00000000	      0.00000000	      0.00000000	      0.00000000	      0.00000000	      0.00000000	      0.00000000	      0.00000000	      0.00000000	      0.00000000	      0.00000000	      0.00000000	      0.00000000	      0.00000000	      0.00000000	      0.00000000	      0.00000000	      0.00000000	      0.00000000	      0.00000000	      0.00000000	      0.00000000	      0.00000000	      0.00000000	      0.00000000	      0.00000000	      0.00000000	      0.00000000	      0.00000000	      0.00000000	      0.00000000	      0.00000000	      0.00000000	      0.51129574	      1.47900385	      0.04491792	     -0.10810144	      0.13132741	      0.12890229	     -0.41152473	      0.00000000	      0.00000000	      0.00000000	     -0.00000000	      0.00000000	     -0.01039416	      0.00000000	     -0.31113406	     -0.63006748	     -0.55594798	     -0.42896435	     -0.22772965	     -0.09834198	     -0.11111225	     -0.12025870	     -0.10406838	      0.79539454	      0.71146333	      0.00000000	      0.00000000	     -0.03974760	      0.89731240	      0.55728290	      0.24702848	     -0.74675299	     -0.59387961	      0.00000000	      0.05716819	     -0.00000000	      0.00000000	     -0.00000000	      0.00000000	     -0.00000000
      0.18000000	      0.00000000	      0.00000000	      0.00000000	      0.00000000	      0.00000000	      0.00000000	      0.00000000	      0.00000000	      0.00000000	      0.00000000	      0.00000000	      0.00000000	      0.00000000	      0.00000000	      0.00000000	      0.00000000	      0.00000000	      0.00000000	      0.00000000	      0.00000000	      0.00000000	      0.00000000	      0.00000000	      0.00000000	      0.00000000	      0.00000000	      0.00000000	      0.00000000	      0.00000000	      0.00000000	      0.00000000	      0.00000000	      0.00000000	      0.00000000	      0.00000000	      0.00000000	      0.00000000	      0.00000000	      0.00000000	      0.00000000	      0.51100735	      1.47798407	      0.04484299	     -0.10820895	      0.13123851	      0.12883576	     -0.41190432	     -0.00000000	     -0.00000000	      0.00000000	     -0.00000000	     -0.00000000	     -0.01035967	      0.00000000	     -0.31152241	     -0.63088756	     -0.55646149	     -0.42932212	     -0.22801426	     -0.09850723	     -0.11118468	     -0.12036918	     -0.10422806	      0.79490280	      0.71121610	      0.00000000	      0.00000000	     -0.03985420	      0.89712720	      0.55727013	      0.24707373	     -0.74744441	     -0.59428245	      0.00000000	      0.05719719	     -0.00000000	     -0.00000000	     -0.00000000	     -0.00000000	      0.00000000
      0.18500000	      0.00000000	      0.00000000	      0.00000000	      0.00000000	      0.00000000	      0.00000000	      0.00000000	      0.00000000	      0.00000000	      0.00000000	      0.00000000	      0.00000000	      0.00000000	      0.00000000	      0.00000000	      0.00000000	      0.00000000	      0.00000000	      0.00000000	      0.00000000	      0.00000000	      0.00000000	      0.00000000	      0.00000000	      0.00000000	      0.00000000	      0.00000000	      0.00000000	      0.00000000	      0.00000000	      0.00000000	      0.00000000	      0.00000000	      0.00000000	      0.00000000	      0.00000000	      0.00000000	      0.00000000	      0.00000000	      0.00000000	      0.51068599	      1.47684965	      0.04476141	     -0.10832824	      0.13114020	      0.12876124	     -0.41233916	     -0.00000000	      0.00000000	     -0.00000000	     -0.00000000	      0.00000000	     -0.01034626	     -0.00000000	     -0.31196673	     -0.63182760	     -0.55705102	     -0.42972920	     -0.22834103	     -0.09869725	     -0.11126684	     -0.12049525	     -0.10441135	      0.79436405	      0.71093980	      0.00000000	     -0.00000000	     -0.03997712	      0.89691918	      0.55722899	      0.24712253	     -0.74823856	     -0.59472779	      0.00000000	      0.05722715	      0.00000000	      0.00000000	     -0.00000000	      0.00000000	      0.00000000
      0.19000000	      0.00000000	      0.00000000	      0.00000000	      0.00000000	      0.00000000	      0.00000000	      0.00000000	      0.00000000	      0.00000000	      0.00000000	      0.00000000	      0.00000000	      0.00000000	      0.00000000	      0.00000000	      0.00000000	      0.00000000	      0.00000000	      0.00000000	      0.00000000	      0.00000000	      0.00000000	      0.00000000	      0.00000000	      0.00000000	      0.00000000	      0.00000000	      0.00000000	      0.00000000	      0.00000000	      0.00000000	      0.00000000	      0.00000000	      0.00000000	      0.00000000	      0.00000000	      0.00000000	      0.00000000	      0.00000000	      0.00000000	      0.51032715	      1.47558474	      0.04467219	     -0.10846102	      0.13103117	      0.12867759	     -0.41283683	     -0.00000000	     -0.00000000	     -0.00000000	      0.00000000	     -0.00000000	     -0.01033299	     -0.00000000	     -0.31247362	     -0.63290209	     -0.55772579	     -0.43019248	     -0.22871453	     -0.09891443	     -0.11136008	     -0.12063883	     -0.10462076	      0.79377149	      0.71063048	     -0.00000000	     -0.00000000	     -0.04011792	      0.89668522	      0.55715304	      0.24717551	     -0.74915009	     -0.59522236	     -0.00000000	      0.05725826	      0.00000000	     -0.00000000	     -0.00000000	     -0.00000000	      0.00000000
      0.19500000	      0.00000000	      0.00000000	      0.00000000	      0.00000000	      0.00000000	      0.00000000	      0.00000000	      0.00000000	      0.00000000	      0.00000000	      0.00000000	      0.00000000	      0.00000000	      0.00000000	      0.00000000	      0.00000000	      0.00000000	      0.00000000	      0.00000000	      0.00000000	      0.00000000	      0.00000000	      0.00000000	      0.00000000	      0.00000000	      0.00000000	      0.00000000	      0.00000000	      0.00000000	      0.00000000	      0.00000000	      0.00000000	      0.00000000	      0.00000000	      0.00000000	      0.00000000	      0.00000000	      0.00000000	      0.00000000	      0.00000000	      0.50992673	      1.47417422	      0.04457430	     -0.10860941	      0.13091049	      0.12858401	     -0.41340577	     -0.00000000	      0.00000000	      0.00000000	      0.00000000	      0.00000000	     -0.01031877	      0.00000000	     -0.31304898	     -0.63412430	     -0.55849583	     -0.43071675	     -0.22913773	     -0.09916038	     -0.11146526	     -0.12080108	     -0.10485777	      0.79311784	      0.71028414	      0.00000000	      0.00000000	     -0.04027751	      0.89642233	      0.55703600	      0.24723336	     -0.75019469	     -0.59577374	     -0.00000000	      0.05729053	      0.00000000	      0.00000000	      0.00000000	     -0.00000000	     -0.00000000
      0.20000000	      0.00000000	      0.00000000	      0.00000000	      0.00000000	      0.00000000	      0.00000000	      0.00000000	      0.00000000	      0.00000000	      0.00000000	      0.00000000	      0.00000000	      0.00000000	      0.00000000	      0.00000000	      0.00000000	      0.00000000	      0.00000000	      0.00000000	      0.00000000	      0.00000000	      0.00000000	      0.00000000	      0.00000000	      0.00000000	      0.00000000	      0.00000000	      0.00000000	      0.00000000	      0.00000000	      0.00000000	      0.00000000	      0.00000000	      0.00000000	      0.00000000	      0.00000000	      0.00000000	      0.00000000	      0.00000000	      0.00000000	      0.50948129	      1.47260440	      0.04446679	     -0.10877585	      0.13077765	      0.12848013	     -0.41405471	     -0.00000000	     -0.00000000	     -0.00000000	     -0.00000000	     -0.00000000	     -0.01032690	     -0.00000000	     -0.31369741	     -0.63550498	     -0.55937111	     -0.43130422	     -0.22961173	     -0.09943584	     -0.11158265	     -0.12098235	     -0.10512267	      0.79239560	      0.70989689	     -0.00000000	     -0.00000000	     -0.04045617	      0.89612777	      0.55687183	      0.24729686	     -0.75138814	     -0.59639023	     -0.00000000	      0.05732381	     -0.00000000	     -0.00000000	      0.00000000	     -0.00000000	     -0.00000000
      0.20500000	      0.00000000	      0.00000000	      0.00000000	      0.00000000	      0.00000000	      0.00000000	      0.00000000	      0.00000000	      0.00000000	      0.00000000	      0.00000000	      0.00000000	      0.00000000	      0.00000000	      0.00000000	      0.00000000	      0.00000000	      0.00000000	      0.00000000	      0.00000000	      0.00000000	      0.00000000	      0.00000000	      0.00000000	      0.00000000	      0.00000000	      0.00000000	      0.00000000	      0.00000000	      0.00000000	      0.00000000	      0.00000000	      0.00000000	      0.00000000	      0.00000000	      0.00000000	      0.00000000	      0.00000000	      0.00000000	      0.00000000	      0.50898812	      1.47086355	      0.04434867	     -0.10896290	      0.13063246	      0.12836597	     -0.41479206	      0.00000000	     -0.00000000	     -0.00000000	     -0.00000000	      0.00000000	     -0.01030194	      0.00000000	     -0.31442179	     -0.63705106	     -0.56036025	     -0.43195429	     -0.23013571	     -0.09974064	     -0.11171193	     -0.12118212	     -0.10541462	      0.79159722	      0.70946518	     -0.00000000	      0.00000000	     -0.04065352	      0.89579931	      0.55665474	      0.24736687	     -0.75274500	     -0.59708052	     -0.00000000	      0.05735788	     -0.00000000	      0.00000000	     -0.00000000	     -0.00000000	      0.00000000
      0.21000000	      0.00000000	      0.00000000	      0.00000000	      0.00000000	      0.00000000	      0.00000000	      0.00000000	      0.00000000	      0.00000000	      0.00000000	      0.00000000	      0.00000000	      0.00000000	      0.00000000	      0.00000000	      0.00000000	      0.00000000	      0.00000000	      0.00000000	      0.00000000	      0.00000000	      0.00000000	      0.00000000	      0.00000000	      0.00000000	      0.00000000	      0.00000000	      0.00000000	      0.00000000	      0.00000000	      0.00000000	      0.00000000	      0.00000000	      0.00000000	      0.00000000	      0.00000000	      0.00000000	      0.00000000	      0.00000000	      0.00000000	      0.50844527	      1.46894228	      0.04421896	     -0.10917305	      0.13047497	      0.12824189	     -0.41562511	      0.00000000	      0.00000000	      0.00000000	      0.00000000	     -0.00000000	     -0.01028533	     -0.00000000	     -0.31522296	     -0.63876471	     -0.56146942	     -0.43266369	     -0.23070702	     -0.10007387	     -0.11185227	     -0.12139908	     -0.10573177	      0.79071542	      0.70898603	      0.00000000	      0.00000000	     -0.04086867	      0.89543527	      0.55637908	      0.24744437	     -0.75427739	     -0.59785344	     -0.00000000	      0.05739255	     -0.00000000	     -0.00000000	     -0.00000000	     -0.00000000	     -0.00000000
      0.21500000	      0.00000000	      0.00000000	      0.00000000	      0.00000000	      0.00000000	      0.00000000	      0.00000000	      0.00000000	      0.00000000	      0.00000000	      0.00000000	      0.00000000	      0.00000000	      0.00000000	      0.00000000	      0.00000000	      0.00000000	      0.00000000	      0.00000000	      0.00000000	      0.00000000	      0.00000000	      0.00000000	      0.00000000	      0.00000000	      0.00000000	      0.00000000	      0.00000000	      0.00000000	      0.00000000	      0.00000000	      0.00000000	      0.00000000	      0.00000000	      0.00000000	      0.00000000	      0.00000000	      0.00000000	      0.00000000	      0.00000000	      0.50785162	      1.46683384	      0.04407669	     -0.10940856	      0.13030545	      0.12810857	     -0.41655960	     -0.00000000	      0.00000000	      0.00000000	      0.00000000	     -0.00000000	     -0.01026929	     -0.00000000	     -0.31609947	     -0.64064272	     -0.56270152	     -0.43342661	     -0.23132139	     -0.10043382	     -0.11200236	     -0.12163128	     -0.10607134	      0.78974341	      0.70845720	     -0.00000000	      0.00000000	     -0.04110026	      0.89503469	      0.55603943	      0.24753041	     -0.75599414	     -0.59871754	     -0.00000000	      0.05742774	     -0.00000000	     -0.00000000	     -0.00000000	     -0.00000000	     -0.00000000
      0.22000000	      0.00000000	      0.00000000	      0.00000000	      0.00000000	      0.00000000	      0.00000000	      0.00000000	      0.00000000	      0.00000000	      0.00000000	      0.00000000	      0.00000000	      0.00000000	      0.00000000	      0.00000000	      0.00000000	      0.00000000	      0.00000000	      0.00000000	      0.00000000	      0.00000000	      0.00000000	      0.00000000	      0.00000000	      0.00000000	      0.00000000	      0.00000000	      0.00000000	      0.00000000	      0.00000000	      0.00000000	      0.00000000	      0.00000000	      0.00000000	      0.00000000	      0.00000000	      0.00000000	      0.00000000	      0.00000000	      0.00000000	      0.50720686	      1.46453452	      0.04392091	     -0.10967134	      0.13012430	      0.12796694	     -0.41759923	      0.00000000	     -0.00000000	     -0.00000000	     -0.00000000	      0.00000000	     -0.01025190	      0.00000000	     -0.31704746	     -0.64267612	     -0.56405564	     -0.43423482	     -0.23197293	     -0.10081811	     -0.11216044	     -0.12187610	     -0.10642969	      0.78867520	      0.70787731	      0.00000000	      0.00000000	     -0.04134648	      0.89459738	      0.55563058	      0.24762611	     -0.75790010	     -0.59968089	      0.00000000	      0.05746345	     -0.00000000	      0.00000000	     -0.00000000	     -0.00000000	     -0.00000000
      0.22500000	      0.00000000	      0.00000000	      0.00000000	      0.00000000	      0.00000000	      0.00000000	      0.00000000	      0.00000000	      0.00000000	      0.00000000	      0.00000000	      0.00000000	      0.00000000	      0.00000000	      0.00000000	      0.00000000	      0.00000000	      0.00000000	      0.00000000	      0.00000000	      0.00000000	      0.00000000	      0.00000000	      0.00000000	      0.00000000	      0.00000000	      0.00000000	      0.00000000	      0.00000000	      0.00000000	      0.00000000	      0.00000000	      0.00000000	      0.00000000	      0.00000000	      0.00000000	      0.00000000	      0.00000000	      0.00000000	      0.00000000	      0.50651163	      1.46204390	      0.04375073	     -0.10996282	      0.12993211	      0.12781819	     -0.41874545	      0.00000000	     -0.00000000	      0.00000000	     -0.00000000	     -0.00000000	     -0.01021165	      0.00000000	     -0.31806064	     -0.64485000	     -0.56552673	     -0.43507788	     -0.23265432	     -0.10122371	     -0.11232438	     -0.12213038	     -0.10680248	      0.78750588	      0.70724601	      0.00000000	      0.00000000	     -0.04160516	      0.89412396	      0.55514732	      0.24773262	     -0.75999571	     -0.60075071	      0.00000000	      0.05749983	      0.00000000	      0.00000000	      0.00000000	     -0.00000000	      0.00000000
      0.23000000	      0.00000000	      0.00000000	      0.00000000	      0.00000000	      0.00000000	      0.00000000	      0.00000000	      0.00000000	      0.00000000	      0.00000000	      0.00000000	      0.00000000	      0.00000000	      0.00000000	      0.00000000	      0.00000000	      0.00000000	      0.00000000	      0.00000000	      0.00000000	      0.00000000	      0.00000000	      0.00000000	      0.00000000	      0.00000000	      0.00000000	      0.00000000	      0.00000000	      0.00000000	      0.00000000	      0.00000000	      0.00000000	      0.00000000	      0.00000000	      0.00000000	      0.00000000	      0.00000000	      0.00000000	      0.00000000	      0.00000000	      0.50576737	      1.45936490	      0.04356536	     -0.11028385	      0.12972951	      0.12766369	     -0.41999732	     -0.00000000	      0.00000000	     -0.00000000	     -0.00000000	      0.00000000	     -0.01021746	     -0.00000000	     -0.31913048	     -0.64714403	     -0.56710555	     -0.43594359	     -0.23335721	     -0.10164708	     -0.11249175	     -0.12239056	     -0.10718486	      0.78623186	      0.70656399	      0.00000000	      0.00000000	     -0.04187387	      0.89361590	      0.55458430	      0.24785111	     -0.76227696	     -0.60193316	      0.00000000	      0.05753719	     -0.00000000	      0.00000000	      0.00000000	      0.00000000	      0.00000000
      0.23500000	      0.00000000	      0.00000000	      0.00000000	      0.00000000	      0.00000000	      0.00000000	      0.00000000	      0.00000000	      0.00000000	      0.00000000	      0.00000000	      0.00000000	      0.00000000	      0.00000000	      0.00000000	      0.00000000	      0.00000000	      0.00000000	      0.00000000	      0.00000000	      0.00000000	      0.00000000	      0.00000000	      0.00000000	      0.00000000	      0.00000000	      0.00000000	      0.00000000	      0.00000000	      0.00000000	      0.00000000	      0.00000000	      0.00000000	      0.00000000	      0.00000000	      0.00000000	      0.00000000	      0.00000000	      0.00000000	      0.00000000	      0.50497634	      1.45650359	      0.04336408	     -0.11063465	      0.12951721	      0.12750491	     -0.42135149	      0.00000000	     -0.00000000	     -0.00000000	     -0.00000000	      0.00000000	     -0.01019347	     -0.00000000	     -0.32024657	     -0.64953326	     -0.56877895	     -0.43681868	     -0.23407255	     -0.10208436	     -0.11266001	     -0.12265289	     -0.10757171	      0.78485103	      0.70583298	      0.00000000	     -0.00000000	     -0.04215005	      0.89307540	      0.55393610	      0.24798270	     -0.76473546	     -0.60323311	     -0.00000000	      0.05757595	     -0.00000000	      0.00000000	     -0.00000000	     -0.00000000	     -0.00000000
      0.24000000	      0.00000000	      0.00000000	      0.00000000	      0.00000000	      0.00000000	      0.00000000	      0.00000000	      0.00000000	      0.00000000	      0.00000000	      0.00000000	      0.00000000	      0.00000000	      0.00000000	      0.00000000	      0.00000000	      0.00000000	      0.00000000	      0.00000000	      0.00000000	      0.00000000	      0.00000000	      0.00000000	      0.00000000	      0.00000000	      0.00000000	      0.00000000	      0.00000000	      0.00000000	      0.00000000	      0.00000000	      0.00000000	      0.00000000	      0.00000000	      0.00000000	      0.00000000	      0.00000000	      0.00000000	      0.00000000	      0.00000000	      0.50414147	      1.45346908	      0.04314637	     -0.11101483	      0.12929595	      0.12734338	     -0.42280228	     -0.00000000	     -0.00000000	      0.00000000	      0.00000000	      0.00000000	     -0.01017778	      0.00000000	     -0.32139703	     -0.65198915	     -0.57053047	     -0.43768925	     -0.23479094	     -0.10253145	     -0.11282653	     -0.12291350	     -0.10795782	      0.78336292	      0.70505565	     -0.00000000	      0.00000000	     -0.04243103	      0.89250533	      0.55319779	      0.24812841	     -0.76735866	     -0.60465401	      0.00000000	      0.05761668	      0.00000000	      0.00000000	      0.00000000	     -0.00000000	      0.00000000
      0.24500000	      0.00000000	      0.00000000	      0.00000000	      0.00000000	      0.00000000	      0.00000000	      0.00000000	      0.00000000	      0.00000000	      0.00000000	      0.00000000	      0.00000000	      0.00000000	      0.00000000	      0.00000000	      0.00000000	      0.00000000	      0.00000000	      0.00000000	      0.00000000	      0.00000000	      0.00000000	      0.00000000	      0.00000000	      0.00000000	      0.00000000	      0.00000000	      0.00000000	      0.00000000	      0.00000000	      0.00000000	      0.00000000	      0.00000000	      0.00000000	      0.00000000	      0.00000000	      0.00000000	      0.00000000	      0.00000000	      0.00000000	      0.50326641	      1.45027339	      0.04291184	     -0.11142337	      0.12906651	      0.12718066	     -0.42434180	     -0.00000000	      0.00000000	     -0.00000000	     -0.00000000	      0.00000000	     -0.01014002	     -0.00000000	     -0.32256888	     -0.65448059	     -0.57234102	     -0.43854111	     -0.23550286	     -0.10298414	     -0.11298865	     -0.12316854	     -0.10833800	      0.78176876	      0.70423558	      0.00000000	      0.00000000	     -0.04271413	      0.89190917	      0.55236594	      0.24828913	     -0.77013006	     -0.60619774	      0.00000000	      0.05766000	      0.00000000	     -0.00000000	      0.00000000	     -0.00000000	      0.00000000
      0.25000000	      0.00000000	      0.00000000	      0.00000000	      0.00000000	      0.00000000	      0.00000000	      0.00000000	      0.00000000	      0.00000000	      0.00000000	      0.00000000	      0.00000000	      0.00000000	      0.00000000	      0.00000000	      0.00000000	      0.00000000	      0.00000000	      0.00000000	      0.00000000	      0.00000000	      0.00000000	      0.00000000	      0.00000000	      0.00000000	      0.00000000	      0.00000000	      0.00000000	      0.00000000	      0.00000000	      0.00000000	      0.00000000	      0.00000000	      0.00000000	      0.00000000	      0.00000000	      0.00000000	      0.00000000	      0.00000000	      0.00000000	      0.50235546	      1.44693134	      0.04266037	     -0.11185874	      0.12882975	      0.12701837	     -0.42596006	     -0.00000000	     -0.00000000	     -0.00000000	      0.00000000	      0.00000000	     -0.01014089	      0.00000000	     -0.32374847	     -0.65697491	     -0.57418966	     -0.43935995	     -0.23619884	     -0.10343815	     -0.11314376	     -0.12341419	     -0.10870718	      0.78007152	      0.70337714	      0.00000000	     -0.00000000	     -0.04299669	      0.89129089	      0.55143963	      0.24846558	     -0.77302936	     -0.60786448	      0.00000000	      0.05770662	     -0.00000000	     -0.00000000	      0.00000000	      0.00000000	      0.00000000
      0.25500000	      0.00000000	      0.00000000	      0.00000000	      0.00000000	      0.00000000	      0.00000000	      0.00000000	      0.00000000	      0.00000000	      0.00000000	      0.00000000	      0.00000000	      0.00000000	      0.00000000	      0.00000000	      0.00000000	      0.00000000	      0.00000000	      0.00000000	      0.00000000	      0.00000000	      0.00000000	      0.00000000	      0.00000000	      0.00000000	      0.00000000	      0.00000000	      0.00000000	      0.00000000	      0.00000000	      0.00000000	      0.00000000	      0.00000000	      0.00000000	      0.00000000	      0.00000000	      0.00000000	      0.00000000	      0.00000000	      0.00000000	      0.50141350	      1.44346023	      0.04239204	     -0.11231888	      0.12858662	      0.12685812	     -0.42764514	      0.00000000	      0.00000000	     -0.00000000	      0.00000000	      0.00000000	     -0.01012943	     -0.00000000	     -0.32492178	     -0.65943888	     -0.57605424	     -0.44013175	     -0.23686969	     -0.10388926	     -0.11328928	     -0.12364674	     -0.10906051	      0.77827586	      0.70248536	     -0.00000000	     -0.00000000	     -0.04327615	      0.89065492	      0.55042139	      0.24865825	     -0.77603275	     -0.60965265	     -0.00000000	      0.05775729	     -0.00000000	     -0.00000000	     -0.00000000	      0.00000000	      0.00000000
      0.26000000	      0.00000000	      0.00000000	      0.00000000	      0.00000000	      0.00000000	      0.00000000	      0.00000000	      0.00000000	      0.00000000	      0.00000000	      0.00000000	      0.00000000	      0.00000000	      0.00000000	      0.00000000	      0.00000000	      0.00000000	      0.00000000	      0.00000000	      0.00000000	      0.00000000	      0.00000000	      0.00000000	      0.00000000	      0.00000000	      0.00000000	      0.00000000	      0.00000000	      0.00000000	      0.00000000	      0.00000000	      0.00000000	      0.00000000	      0.00000000	      0.00000000	      0.00000000	      0.00000000	      0.00000000	      0.00000000	      0.00000000	      0.50044598	      1.43987961	      0.04210718	     -0.11280132	      0.12833813	      0.12670151	     -0.42938338	      0.00000000	      0.00000000	     -0.00000000	     -0.00000000	     -0.00000000	     -0.01011836	     -0.00000000	     -0.32607491	     -0.66183973	     -0.57791223	     -0.44084305	     -0.23750661	     -0.10433335	     -0.11342275	     -0.12386267	     -0.10939341	      0.77638810	      0.70156585	      0.00000000	     -0.00000000	     -0.04354997	      0.89000599	      0.54931794	      0.24886738	     -0.77911338	     -0.61155885	     -0.00000000	      0.05781275	     -0.00000000	     -0.00000000	      0.00000000	      0.00000000	     -0.00000000
      0.26500000	      0.00000000	      0.00000000	      0.00000000	      0.00000000	      0.00000000	      0.00000000	      0.00000000	      0.00000000	      0.00000000	      0.00000000	      0.00000000	      0.00000000	      0.00000000	      0.00000000	      0.00000000	      0.00000000	      0.00000000	      0.00000000	      0.00000000	      0.00000000	      0.00000000	      0.00000000	      0.00000000	      0.00000000	      0.00000000	      0.00000000	      0.00000000	      0.00000000	      0.00000000	      0.00000000	      0.00000000	      0.00000000	      0.00000000	      0.00000000	      0.00000000	      0.00000000	      0.00000000	      0.00000000	      0.00000000	      0.00000000	      0.49945887	      1.43621113	      0.04180642	     -0.11330328	      0.12808543	      0.12655015	     -0.43115981	      0.00000000	      0.00000000	      0.00000000	     -0.00000000	      0.00000000	     -0.01010215	     -0.00000000	     -0.32719429	     -0.66414607	     -0.57974160	     -0.44148111	     -0.23810124	     -0.10476628	     -0.11354180	     -0.12405862	     -0.10970154	      0.77441605	      0.70062459	     -0.00000000	      0.00000000	     -0.04381569	      0.88934907	      0.54814081	      0.24909293	     -0.78224202	     -0.61357793	      0.00000000	      0.05787372	      0.00000000	     -0.00000000	      0.00000000	     -0.00000000	      0.00000000
      0.27000000	      0.00000000	      0.00000000	      0.00000000	      0.00000000	      0.00000000	      0.00000000	      0.00000000	      0.00000000	      0.00000000	      0.00000000	      0.00000000	      0.00000000	      0.00000000	      0.00000000	      0.00000000	      0.00000000	      0.00000000	      0.00000000	      0.00000000	      0.00000000	      0.00000000	      0.00000000	      0.00000000	      0.00000000	      0.00000000	      0.00000000	      0.00000000	      0.00000000	      0.00000000	      0.00000000	      0.00000000	      0.00000000	      0.00000000	      0.00000000	      0.00000000	      0.00000000	      0.00000000	      0.00000000	      0.00000000	      0.00000000	      0.49845869	      1.43247837	      0.04149065	     -0.11382178	      0.12782987	      0.12640564	     -0.43295848	     -0.00000000	      0.00000000	      0.00000000	     -0.00000000	     -0.00000000	     -0.01007811	     -0.00000000	     -0.32826694	     -0.66632852	     -0.58152145	     -0.44203397	     -0.23864556	     -0.10518392	     -0.11364420	     -0.12423139	     -0.10998073	      0.77236897	      0.69966788	     -0.00000000	     -0.00000000	     -0.04407072	      0.88868929	      0.54690645	      0.24933457	     -0.78538773	     -0.61570306	     -0.00000000	      0.05794081	      0.00000000	      0.00000000	     -0.00000000	      0.00000000	     -0.00000000
      0.27500000	      0.00000000	      0.00000000	      0.00000000	      0.00000000	      0.00000000	      0.00000000	      0.00000000	      0.00000000	      0.00000000	      0.00000000	      0.00000000	      0.00000000	      0.00000000	      0.00000000	      0.00000000	      0.00000000	      0.00000000	      0.00000000	      0.00000000	      0.00000000	      0.00000000	      0.00000000	      0.00000000	      0.00000000	      0.00000000	      0.00000000	      0.00000000	      0.00000000	      0.00000000	      0.00000000	      0.00000000	      0.00000000	      0.00000000	      0.00000000	      0.00000000	      0.00000000	      0.00000000	      0.00000000	      0.00000000	      0.00000000	      0.49745247	      1.42870672	      0.04116102	     -0.11435370	      0.12757294	      0.12626960	     -0.43476282	     -0.00000000	     -0.00000000	      0.00000000	     -0.00000000	      0.00000000	     -0.01006344	     -0.00000000	     -0.32928055	     -0.66835990	     -0.58323233	     -0.44249053	     -0.23913187	     -0.10558203	     -0.11372781	     -0.12437790	     -0.11022696	      0.77025740	      0.69870220	     -0.00000000	      0.00000000	     -0.04431244	      0.88803189	      0.54563564	      0.24959165	     -0.78851854	     -0.61792581	     -0.00000000	      0.05801453	     -0.00000000	      0.00000000	     -0.00000000	      0.00000000	     -0.00000000
      0.28000000	      0.00000000	      0.00000000	      0.00000000	      0.00000000	      0.00000000	      0.00000000	      0.00000000	      0.00000000	      0.00000000	      0.00000000	      0.00000000	      0.00000000	      0.00000000	      0.00000000	      0.00000000	      0.00000000	      0.00000000	      0.00000000	      0.00000000	      0.00000000	      0.00000000	      0.00000000	      0.00000000	      0.00000000	      0.00000000	      0.00000000	      0.00000000	      0.00000000	      0.00000000	      0.00000000	      0.00000000	      0.00000000	      0.00000000	      0.00000000	      0.00000000	      0.00000000	      0.00000000	      0.00000000	      0.00000000	      0.00000000	      0.49644664	      1.42491922	      0.04081854	     -0.11489625	      0.12731598	      0.12614351	     -0.43655674	     -0.00000000	     -0.00000000	     -0.00000000	     -0.00000000	     -0.00000000	     -0.01005376	      0.00000000	     -0.33022401	     -0.67021600	     -0.58485688	     -0.44284052	     -0.23955310	     -0.10595671	     -0.11379064	     -0.12449532	     -0.11043650	      0.76809051	      0.69773338	      0.00000000	      0.00000000	     -0.04453836	      0.88738166	      0.54435323	      0.24986353	     -0.79160322	     -0.62023796	      0.00000000	      0.05809547	      0.00000000	      0.00000000	     -0.00000000	      0.00000000	     -0.00000000
      0.28500000	      0.00000000	      0.00000000	      0.00000000	      0.00000000	      0.00000000	      0.00000000	      0.00000000	      0.00000000	      0.00000000	      0.00000000	      0.00000000	      0.00000000	      0.00000000	      0.00000000	      0.00000000	      0.00000000	      0.00000000	      0.00000000	      0.00000000	      0.00000000	      0.00000000	      0.00000000	      0.00000000	      0.00000000	      0.00000000	      0.00000000	      0.00000000	      0.00000000	      0.00000000	      0.00000000	      0.00000000	      0.00000000	      0.00000000	      0.00000000	      0.00000000	      0.00000000	      0.00000000	      0.00000000	      0.00000000	      0.00000000	      0.49544401	      1.42112575	      0.04046298	     -0.11544815	      0.12705925	      0.12602833	     -0.43833505	      0.00000000	     -0.00000000	     -0.00000000	     -0.00000000	     -0.00000000	     -0.01004824	      0.00000000	     -0.33108882	     -0.67187738	     -0.58638135	     -0.44307487	     -0.23990365	     -0.10630541	     -0.11383094	     -0.12458125	     -0.11060645	      0.76589182	      0.69676422	     -0.00000000	     -0.00000000	     -0.04474689	      0.88674138	      0.54306047	      0.25015692	     -0.79463199	     -0.62270068	      0.00000000	      0.05818439	     -0.00000000	     -0.00000000	     -0.00000000	     -0.00000000	     -0.00000000
      0.29000000	      0.00000000	      0.00000000	      0.00000000	      0.00000000	      0.00000000	      0.00000000	      0.00000000	      0.00000000	      0.00000000	      0.00000000	      0.00000000	      0.00000000	      0.00000000	      0.00000000	      0.00000000	      0.00000000	      0.00000000	      0.00000000	      0.00000000	      0.00000000	      0.00000000	      0.00000000	      0.00000000	      0.00000000	      0.00000000	      0.00000000	      0.00000000	      0.00000000	      0.00000000	      0.00000000	      0.00000000	      0.00000000	      0.00000000	      0.00000000	      0.00000000	      0.00000000	      0.00000000	      0.00000000	      0.00000000	      0.00000000	      0.49447255	      1.41742947	      0.04010386	     -0.11599650	      0.12680999	      0.12592726	     -0.44003916	     -0.00000000	      0.00000000	     -0.00000000	     -0.00000000	     -0.00000000	     -0.01003880	     -0.00000000	     -0.33185652	     -0.67331279	     -0.58777728	     -0.44318921	     -0.24017477	     -0.10661834	     -0.11384767	     -0.12463340	     -0.11073212	      0.76365679	      0.69581798	     -0.00000000	      0.00000000	     -0.04493157	      0.88612686	      0.54185382	      0.25044520	     -0.79749713	     -0.62507338	      0.00000000	      0.05827914	     -0.00000000	     -0.00000000	      0.00000000	     -0.00000000	     -0.00000000
      0.29500000	      0.00000000	      0.00000000	      0.00000000	      0.00000000	      0.00000000	      0.00000000	      0.00000000	      0.00000000	      0.00000000	      0.00000000	      0.00000000	      0.00000000	      0.00000000	      0.00000000	      0.00000000	      0.00000000	      0.00000000	      0.00000000	      0.00000000	      0.00000000	      0.00000000	      0.00000000	      0.00000000	      0.00000000	      0.00000000	      0.00000000	      0.00000000	      0.00000000	      0.00000000	      0.00000000	      0.00000000	      0.00000000	      0.00000000	      0.00000000	      0.00000000	      0.00000000	      0.00000000	      0.00000000	      0.00000000	      0.00000000	      0.49350855	      1.41374389	      0.03973129	     -0.11655085	      0.12656053	      0.12583784	     -0.44171082	      0.00000000	      0.00000000	     -0.00000000	      0.00000000	      0.00000000	     -0.01003664	      0.00000000	     -0.33253248	     -0.67452325	     -0.58904786	     -0.44317729	     -0.24036879	     -0.10690218	     -0.11384008	     -0.12465160	     -0.11081517	      0.76141913	      0.69487666	      0.00000000	     -0.00000000	     -0.04509714	      0.88552704	      0.54066219	      0.25076258	     -0.80027458	     -0.62766329	      0.00000000	      0.05838411	      0.00000000	      0.00000000	      0.00000000	      0.00000000	     -0.00000000
      0.30000000	      0.00000000	      0.00000000	      0.00000000	      0.00000000	      0.00000000	      0.00000000	      0.00000000	      0.00000000	      0.00000000	      0.00000000	      0.00000000	      0.00000000	      0.00000000	      0.00000000	      0.00000000	      0.00000000	      0.00000000	      0.00000000	      0.00000000	      0.00000000	      0.00000000	      0.00000000	      0.00000000	      0.00000000	      0.00000000	      0.00000000	      0.00000000	      0.00000000	      0.00000000	      0.00000000	      0.00000000	      0.00000000	      0.00000000	      0.00000000	      0.00000000	      0.00000000	      0.00000000	      0.00000000	      0.00000000	      0.00000000	      0.49257527	      1.41015661	      0.03935368	     -0.11709909	      0.12631645	      0.12576204	     -0.44329280	      0.00000000	      0.00000000	     -0.00000000	     -0.00000000	     -0.00000000	     -0.01003277	     -0.00000000	     -0.33310274	     -0.67548589	     -0.59016813	     -0.44304037	     -0.24048138	     -0.10714992	     -0.11380841	     -0.12463547	     -0.11085355	      0.75916169	      0.69396064	      0.00000000	      0.00000000	     -0.04523915	      0.88495537	      0.53958735	      0.25108145	     -0.80285930	     -0.63021727	      0.00000000	      0.05849816	     -0.00000000	     -0.00000000	     -0.00000000	     -0.00000000	      0.00000000
      0.30500000	      0.00000000	      0.00000000	      0.00000000	      0.00000000	      0.00000000	      0.00000000	      0.00000000	      0.00000000	      0.00000000	      0.00000000	      0.00000000	      0.00000000	      0.00000000	      0.00000000	      0.00000000	      0.00000000	      0.00000000	      0.00000000	      0.00000000	      0.00000000	      0.00000000	      0.00000000	      0.00000000	      0.00000000	      0.00000000	      0.00000000	      0.00000000	      0.00000000	      0.00000000	      0.00000000	      0.00000000	      0.00000000	      0.00000000	      0.00000000	      0.00000000	      0.00000000	      0.00000000	      0.00000000	      0.00000000	      0.00000000	      0.49169107	      1.40673809	      0.03897833	     -0.11763040	      0.12608225	      0.12570115	     -0.44475859	      0.00000000	      0.00000000	      0.00000000	     -0.00000000	      0.00000000	     -0.01002808	      0.00000000	     -0.33355680	     -0.67618421	     -0.59111731	     -0.44278193	     -0.24051069	     -0.10735666	     -0.11375341	     -0.12458550	     -0.11084664	      0.75693619	      0.69308755	      0.00000000	      0.00000000	     -0.04535470	      0.88442306	      0.53863297	      0.25139772	     -0.80521072	     -0.63270697	      0.00000000	      0.05861883	      0.00000000	      0.00000000	      0.00000000	     -0.00000000	     -0.00000000
      0.31000000	      0.00000000	      0.00000000	      0.00000000	      0.00000000	      0.00000000	      0.00000000	      0.00000000	      0.00000000	      0.00000000	      0.00000000	      0.00000000	      0.00000000	      0.00000000	      0.00000000	      0.00000000	      0.00000000	      0.00000000	      0.00000000	      0.00000000	      0.00000000	      0.00000000	      0.00000000	      0.00000000	      0.00000000	      0.00000000	      0.00000000	      0.00000000	      0.00000000	      0.00000000	      0.00000000	      0.00000000	      0.00000000	      0.00000000	      0.00000000	      0.00000000	      0.00000000	      0.00000000	      0.00000000	      0.00000000	      0.00000000	      0.49083399	      1.40340969	      0.03859661	     -0.11815287	      0.12585027	      0.12565186	     -0.44613482	     -0.00000000	      0.00000000	     -0.00000000	      0.00000000	     -0.00000000	     -0.01002752	     -0.00000000	     -0.33390419	     -0.67662922	     -0.59190260	     -0.44240419	     -0.24046387	     -0.10753057	     -0.11367610	     -0.12450388	     -0.11079882	      0.75473575	      0.69224026	      0.00000000	     -0.00000000	     -0.04544957	      0.88391907	      0.53777805	      0.25173024	     -0.80737394	     -0.63529716	      0.00000000	      0.05875092	     -0.00000000	      0.00000000	     -0.00000000	      0.00000000	     -0.00000000
      0.31500000	      0.00000000	      0.00000000	      0.00000000	      0.00000000	      0.00000000	      0.00000000	      0.00000000	      0.00000000	      0.00000000	      0.00000000	      0.00000000	      0.00000000	      0.00000000	      0.00000000	      0.00000000	      0.00000000	      0.00000000	      0.00000000	      0.00000000	      0.00000000	      0.00000000	      0.00000000	      0.00000000	      0.00000000	      0.00000000	      0.00000000	      0.00000000	      0.00000000	      0.00000000	      0.00000000	      0.00000000	      0.00000000	      0.00000000	      0.00000000	      0.00000000	      0.00000000	      0.00000000	      0.00000000	      0.00000000	      0.00000000	      0.49001920	      1.40023028	      0.03822089	     -0.11865719	      0.12562422	      0.12561477	     -0.44738878	      0.00000000	     -0.00000000	     -0.00000000	     -0.00000000	      0.00000000	     -0.01002712	      0.00000000	     -0.33413971	     -0.67681545	     -0.59251151	     -0.44191478	     -0.24034244	     -0.10766892	     -0.11357803	     -0.12439234	     -0.11071126	      0.75256959	      0.69143318	      0.00000000	     -0.00000000	     -0.04552226	      0.88345219	      0.53706786	      0.25206434	     -0.80929308	     -0.63785736	      0.00000000	      0.05889287	     -0.00000000	      0.00000000	      0.00000000	      0.00000000	      0.00000000
      0.32000000	      0.00000000	      0.00000000	      0.00000000	      0.00000000	      0.00000000	      0.00000000	      0.00000000	      0.00000000	      0.00000000	      0.00000000	      0.00000000	      0.00000000	      0.00000000	      0.00000000	      0.00000000	      0.00000000	      0.00000000	      0.00000000	      0.00000000	      0.00000000	      0.00000000	      0.00000000	      0.00000000	      0.00000000	      0.00000000	      0.00000000	      0.00000000	      0.00000000	      0.00000000	      0.00000000	      0.00000000	      0.00000000	      0.00000000	      0.00000000	      0.00000000	      0.00000000	      0.00000000	      0.00000000	      0.00000000	      0.00000000	      0.48925035	      1.39721552	      0.03784201	     -0.11913991	      0.12540468	      0.12558925	     -0.44851289	     -0.00000000	     -0.00000000	     -0.00000000	     -0.00000000	     -0.00000000	     -0.01002677	     -0.00000000	     -0.33426556	     -0.67674964	     -0.59294368	     -0.44132165	     -0.24015095	     -0.10777288	     -0.11346088	     -0.12425319	     -0.11058674	      0.75045157	      0.69067030	     -0.00000000	     -0.00000000	     -0.04557381	      0.88302445	      0.53651161	      0.25239792	     -0.81095718	     -0.64037264	     -0.00000000	      0.05904419	      0.00000000	     -0.00000000	     -0.00000000	     -0.00000000	      0.00000000
      0.32500000	      0.00000000	      0.00000000	      0.00000000	      0.00000000	      0.00000000	      0.00000000	      0.00000000	      0.00000000	      0.00000000	      0.00000000	      0.00000000	      0.00000000	      0.00000000	      0.00000000	      0.00000000	      0.00000000	      0.00000000	      0.00000000	      0.00000000	      0.00000000	      0.00000000	      0.00000000	      0.00000000	      0.00000000	      0.00000000	      0.00000000	      0.00000000	      0.00000000	      0.00000000	      0.00000000	      0.00000000	      0.00000000	      0.00000000	      0.00000000	      0.00000000	      0.00000000	      0.00000000	      0.00000000	      0.00000000	      0.00000000	      0.48852854	      1.39437049	      0.03746711	     -0.11959978	      0.12519179	      0.12557449	     -0.44950703	     -0.00000000	      0.00000000	     -0.00000000	     -0.00000000	     -0.00000000	     -0.01002663	     -0.00000000	     -0.33428767	     -0.67644645	     -0.59320677	     -0.44063352	     -0.23989493	     -0.10784460	     -0.11332631	     -0.12408882	     -0.11042833	      0.74839092	      0.68995212	     -0.00000000	     -0.00000000	     -0.04560570	      0.88263568	      0.53611481	      0.25273007	     -0.81236783	     -0.64284084	     -0.00000000	      0.05920421	     -0.00000000	     -0.00000000	     -0.00000000	     -0.00000000	     -0.00000000
      0.33000000	      0.00000000	      0.00000000	      0.00000000	      0.00000000	      0.00000000	      0.00000000	      0.00000000	      0.00000000	      0.00000000	      0.00000000	      0.00000000	      0.00000000	      0.00000000	      0.00000000	      0.00000000	      0.00000000	      0.00000000	      0.00000000	      0.00000000	      0.00000000	      0.00000000	      0.00000000	      0.00000000	      0.00000000	      0.00000000	      0.00000000	      0.00000000	      0.00000000	      0.00000000	      0.00000000	      0.00000000	      0.00000000	      0.00000000	      0.00000000	      0.00000000	      0.00000000	      0.00000000	      0.00000000	      0.00000000	      0.00000000	      0.48785537	      1.39170083	      0.03709787	     -0.12003660	      0.12498622	      0.12556989	     -0.45037524	      0.00000000	     -0.00000000	     -0.00000000	     -0.00000000	      0.00000000	     -0.01002681	      0.00000000	     -0.33421448	     -0.67592740	     -0.59331551	     -0.43985991	     -0.23958007	     -0.10788598	     -0.11317599	     -0.12390156	     -0.11023893	      0.74639664	      0.68927802	     -0.00000000	     -0.00000000	     -0.04561901	      0.88228500	      0.53588157	      0.25305937	     -0.81353399	     -0.64525892	      0.00000000	      0.05937149	     -0.00000000	      0.00000000	     -0.00000000	     -0.00000000	      0.00000000
      0.33500000	      0.00000000	      0.00000000	      0.00000000	      0.00000000	      0.00000000	      0.00000000	      0.00000000	      0.00000000	      0.00000000	      0.00000000	      0.00000000	      0.00000000	      0.00000000	      0.00000000	      0.00000000	      0.00000000	      0.00000000	      0.00000000	      0.00000000	      0.00000000	      0.00000000	      0.00000000	      0.00000000	      0.00000000	      0.00000000	      0.00000000	      0.00000000	      0.00000000	      0.00000000	      0.00000000	      0.00000000	      0.00000000	      0.00000000	      0.00000000	      0.00000000	      0.00000000	      0.00000000	      0.00000000	      0.00000000	      0.00000000	      0.48723301	      1.38921262	      0.03673612	     -0.12045132	      0.12478918	      0.12557503	     -0.45112593	     -0.00000000	      0.00000000	     -0.00000000	     -0.00000000	      0.00000000	     -0.01002744	      0.00000000	     -0.33405690	     -0.67522090	     -0.59329176	     -0.43901121	     -0.23921204	     -0.10789858	     -0.11301154	     -0.12369362	     -0.11002116	      0.74447777	      0.68864615	      0.00000000	     -0.00000000	     -0.04561427	      0.88197083	      0.53581462	      0.25338414	     -0.81447235	     -0.64762503	      0.00000000	      0.05954381	      0.00000000	      0.00000000	      0.00000000	     -0.00000000	     -0.00000000
      0.34000000	      0.00000000	      0.00000000	      0.00000000	      0.00000000	      0.00000000	      0.00000000	      0.00000000	      0.00000000	      0.00000000	      0.00000000	      0.00000000	      0.00000000	      0.00000000	      0.00000000	      0.00000000	      0.00000000	      0.00000000	      0.00000000	      0.00000000	      0.00000000	      0.00000000	      0.00000000	      0.00000000	      0.00000000	      0.00000000	      0.00000000	      0.00000000	      0.00000000	      0.00000000	      0.00000000	      0.00000000	      0.00000000	      0.00000000	      0.00000000	      0.00000000	      0.00000000	      0.00000000	      0.00000000	      0.00000000	      0.00000000	      0.48666396	      1.38691204	      0.03638375	     -0.12084586	      0.12460220	      0.12558962	     -0.45177267	      0.00000000	     -0.00000000	     -0.00000000	     -0.00000000	     -0.00000000	     -0.01002931	     -0.00000000	     -0.33382778	     -0.67436072	     -0.59316284	     -0.43809855	     -0.23879660	     -0.10788364	     -0.11283457	     -0.12346715	     -0.10977742	      0.74264756	      0.68805356	      0.00000000	      0.00000000	     -0.04559157	      0.88169098	      0.53590976	      0.25370386	     -0.81520890	     -0.64995237	     -0.00000000	      0.05971822	     -0.00000000	      0.00000000	      0.00000000	     -0.00000000	     -0.00000000
      0.34500000	      0.00000000	      0.00000000	      0.00000000	      0.00000000	      0.00000000	      0.00000000	      0.00000000	      0.00000000	      0.00000000	      0.00000000	      0.00000000	      0.00000000	      0.00000000	      0.00000000	      0.00000000	      0.00000000	      0.00000000	      0.00000000	      0.00000000	      0.00000000	      0.00000000	      0.00000000	      0.00000000	      0.00000000	      0.00000000	      0.00000000	      0.00000000	      0.00000000	      0.00000000	      0.00000000	      0.00000000	      0.00000000	      0.00000000	      0.00000000	      0.00000000	      0.00000000	      0.00000000	      0.00000000	      0.00000000	      0.00000000	      0.48615259	      1.38481185	      0.03604349	     -0.12122156	      0.12442752	      0.12561358	     -0.45232200	      0.00000000	     -0.00000000	     -0.00000000	      0.00000000	      0.00000000	     -0.01003082	     -0.00000000	     -0.33354015	     -0.67338243	     -0.59295708	     -0.43713420	     -0.23833951	     -0.10784184	     -0.11264686	     -0.12322438	     -0.10951008	      0.74090551	      0.68749867	      0.00000000	      0.00000000	     -0.04555051	      0.88144404	      0.53618337	      0.25401178	     -0.81575717	     -0.65219420	     -0.00000000	      0.05989164	      0.00000000	      0.00000000	     -0.00000000	     -0.00000000	     -0.00000000
      0.35000000	      0.00000000	      0.00000000	      0.00000000	      0.00000000	      0.00000000	      0.00000000	      0.00000000	      0.00000000	      0.00000000	      0.00000000	      0.00000000	      0.00000000	      0.00000000	      0.00000000	      0.00000000	      0.00000000	      0.00000000	      0.00000000	      0.00000000	      0.00000000	      0.00000000	      0.00000000	      0.00000000	      0.00000000	      0.00000000	      0.00000000	      0.00000000	      0.00000000	      0.00000000	      0.00000000	      0.00000000	      0.00000000	      0.00000000	      0.00000000	      0.00000000	      0.00000000	      0.00000000	      0.00000000	      0.00000000	      0.00000000	      0.48569699	      1.38290193	      0.03546884	     -0.12158274	      0.12426485	      0.12564569	     -0.45279808	     -0.00000000	     -0.00000000	     -0.00000000	      0.00000000	      0.00000000	     -0.01003424	     -0.00000000	     -0.33321030	     -0.67232555	     -0.59270564	     -0.43613172	     -0.23784887	     -0.10777618	     -0.11245064	     -0.12296838	     -0.10922289	      0.73926557	      0.68697379	      0.00000000	     -0.00000000	     -0.04549223	      0.88122484	      0.53661258	      0.25431229	     -0.81616191	     -0.65441041	      0.00000000	      0.06006170	      0.00000000	      0.00000000	      0.00000000	      0.00000000	      0.00000000
      0.35500000	      0.00000000	      0.00000000	      0.00000000	      0.00000000	      0.00000000	      0.00000000	      0.00000000	      0.00000000	      0.00000000	      0.00000000	      0.00000000	      0.00000000	      0.00000000	      0.00000000	      0.00000000	      0.00000000	      0.00000000	      0.00000000	      0.00000000	      0.00000000	      0.00000000	      0.00000000	      0.00000000	      0.00000000	      0.00000000	      0.00000000	      0.00000000	      0.00000000	      0.00000000	      0.00000000	      0.00000000	      0.00000000	      0.00000000	      0.00000000	      0.00000000	      0.00000000	      0.00000000	      0.00000000	      0.00000000	      0.00000000	      0.48529161	      1.38116026	      0.03515298	     -0.12193453	      0.12411199	      0.12568370	     -0.45320935	      0.00000000	     -0.00000000	     -0.00000000	     -0.00000000	      0.00000000	     -0.01003541	      0.00000000	     -0.33285577	     -0.67122988	     -0.59243730	     -0.43510726	     -0.23733547	     -0.10769157	     -0.11224892	     -0.12270337	     -0.10892133	      0.73768732	      0.68646837	     -0.00000000	     -0.00000000	     -0.04541922	      0.88102641	      0.53723197	      0.25459646	     -0.81643801	     -0.65652483	     -0.00000000	      0.06022861	     -0.00000000	     -0.00000000	      0.00000000	      0.00000000	     -0.00000000
      0.36000000	      0.00000000	      0.00000000	      0.00000000	      0.00000000	      0.00000000	      0.00000000	      0.00000000	      0.00000000	      0.00000000	      0.00000000	      0.00000000	      0.00000000	      0.00000000	      0.00000000	      0.00000000	      0.00000000	      0.00000000	      0.00000000	      0.00000000	      0.00000000	      0.00000000	      0.00000000	      0.00000000	      0.00000000	      0.00000000	      0.00000000	      0.00000000	      0.00000000	      0.00000000	      0.00000000	      0.00000000	      0.00000000	      0.00000000	      0.00000000	      0.00000000	      0.00000000	      0.00000000	      0.00000000	      0.00000000	      0.00000000	      0.48493673	      1.37958934	      0.03484855	     -0.12227658	      0.12396854	      0.12572565	     -0.45357235	     -0.00000000	      0.00000000	      0.00000000	     -0.00000000	     -0.00000000	     -0.01003724	     -0.00000000	     -0.33248979	     -0.67012760	     -0.59216915	     -0.43408045	     -0.23681092	     -0.10759197	     -0.11204556	     -0.12243457	     -0.10861185	      0.73620075	      0.68598068	     -0.00000000	     -0.00000000	     -0.04533389	      0.88084655	      0.53799683	      0.25486902	     -0.81662101	     -0.65859751	     -0.00000000	      0.06039013	     -0.00000000	     -0.00000000	     -0.00000000	      0.00000000	     -0.00000000
      0.36500000	      0.00000000	      0.00000000	      0.00000000	      0.00000000	      0.00000000	      0.00000000	      0.00000000	      0.00000000	      0.00000000	      0.00000000	      0.00000000	      0.00000000	      0.00000000	      0.00000000	      0.00000000	      0.00000000	      0.00000000	      0.00000000	      0.00000000	      0.00000000	      0.00000000	      0.00000000	      0.00000000	      0.00000000	      0.00000000	      0.00000000	      0.00000000	      0.00000000	      0.00000000	      0.00000000	      0.00000000	      0.00000000	      0.00000000	      0.00000000	      0.00000000	      0.00000000	      0.00000000	      0.00000000	      0.00000000	      0.00000000	      0.48463029	      1.37818568	      0.03455664	     -0.12260744	      0.12383324	      0.12576901	     -0.45389257	      0.00000000	      0.00000000	     -0.00000000	     -0.00000000	     -0.00000000	     -0.01003959	      0.00000000	     -0.33212447	     -0.66904649	     -0.59191164	     -0.43307234	     -0.23628844	     -0.10748260	     -0.11184496	     -0.12216810	     -0.10830221	      0.73481121	      0.68550971	     -0.00000000	      0.00000000	     -0.04523988	      0.88068299	      0.53888660	      0.25512830	     -0.81672666	     -0.66061878	      0.00000000	      0.06054554	     -0.00000000	      0.00000000	     -0.00000000	     -0.00000000	     -0.00000000
      0.37000000	      0.00000000	      0.00000000	      0.00000000	      0.00000000	      0.00000000	      0.00000000	      0.00000000	      0.00000000	      0.00000000	      0.00000000	      0.00000000	      0.00000000	      0.00000000	      0.00000000	      0.00000000	      0.00000000	      0.00000000	      0.00000000	      0.00000000	      0.00000000	      0.00000000	      0.00000000	      0.00000000	      0.00000000	      0.00000000	      0.00000000	      0.00000000	      0.00000000	      0.00000000	      0.00000000	      0.00000000	      0.00000000	      0.00000000	      0.00000000	      0.00000000	      0.00000000	      0.00000000	      0.00000000	      0.00000000	      0.00000000	      0.48436531	      1.37692881	      0.03427625	     -0.12292704	      0.12370292	      0.12581055	     -0.45417694	      0.00000000	     -0.00000000	     -0.00000000	      0.00000000	      0.00000000	     -0.01004211	     -0.00000000	     -0.33177182	     -0.66801087	     -0.59167196	     -0.43210313	     -0.23578205	     -0.10737023	     -0.11165160	     -0.12191028	     -0.10800085	      0.73351194	      0.68505124	      0.00000000	      0.00000000	     -0.04514205	      0.88053139	      0.53988107	      0.25537400	     -0.81677223	     -0.66258625	     -0.00000000	      0.06069568	     -0.00000000	      0.00000000	      0.00000000	      0.00000000	      0.00000000
      0.37500000	      0.00000000	      0.00000000	      0.00000000	      0.00000000	      0.00000000	      0.00000000	      0.00000000	      0.00000000	      0.00000000	      0.00000000	      0.00000000	      0.00000000	      0.00000000	      0.00000000	      0.00000000	      0.00000000	      0.00000000	      0.00000000	      0.00000000	      0.00000000	      0.00000000	      0.00000000	      0.00000000	      0.00000000	      0.00000000	      0.00000000	      0.00000000	      0.00000000	      0.00000000	      0.00000000	      0.00000000	      0.00000000	      0.00000000	      0.00000000	      0.00000000	      0.00000000	      0.00000000	      0.00000000	      0.00000000	      0.00000000	      0.48412970	      1.37577887	      0.03400335	     -0.12323817	      0.12357209	      0.12584632	     -0.45443735	      0.00000000	      0.00000000	      0.00000000	      0.00000000	      0.00000000	     -0.01005741	      0.00000000	     -0.33144410	     -0.66704212	     -0.59145642	     -0.43119047	     -0.23530552	     -0.10726281	     -0.11146962	     -0.12166713	     -0.10771608	      0.73228202	      0.68459539	      0.00000000	      0.00000000	     -0.04504596	      0.88038441	      0.54096115	      0.25560831	     -0.81678115	     -0.66451769	      0.00000000	      0.06084317	      0.00000000	      0.00000000	      0.00000000	      0.00000000	     -0.00000000
      0.38000000	      0.00000000	      0.00000000	      0.00000000	      0.00000000	      0.00000000	      0.00000000	      0.00000000	      0.00000000	      0.00000000	      0.00000000	      0.00000000	      0.00000000	      0.00000000	      0.00000000	      0.00000000	      0.00000000	      0.00000000	      0.00000000	      0.00000000	      0.00000000	      0.00000000	      0.00000000	      0.00000000	      0.00000000	      0.00000000	      0.00000000	      0.00000000	      0.00000000	      0.00000000	      0.00000000	      0.00000000	      0.00000000	      0.00000000	      0.00000000	      0.00000000	      0.00000000	      0.00000000	      0.00000000	      0.00000000	      0.00000000	      0.48396041	      1.37489232	      0.03376746	     -0.12350446	      0.12346211	      0.12588282	     -0.45462565	      0.00000000	      0.00000000	      0.00000000	      0.00000000	     -0.00000000	     -0.01006729	      0.00000000	     -0.33112180	     -0.66612107	     -0.59122495	     -0.43035277	     -0.23485992	     -0.10715180	     -0.11130222	     -0.12144227	     -0.10745044	      0.73130512	      0.68420941	      0.00000000	      0.00000000	     -0.04494948	      0.88027417	      0.54199954	      0.25582718	     -0.81669780	     -0.66637326	      0.00000000	      0.06097311	     -0.00000000	     -0.00000000	      0.00000000	      0.00000000	     -0.00000000
      0.38500000	      0.00000000	      0.00000000	      0.00000000	      0.00000000	      0.00000000	      0.00000000	      0.00000000	      0.00000000	      0.00000000	      0.00000000	      0.00000000	      0.00000000	      0.00000000	      0.00000000	      0.00000000	      0.00000000	      0.00000000	      0.00000000	      0.00000000	      0.00000000	      0.00000000	      0.00000000	      0.00000000	      0.00000000	      0.00000000	      0.00000000	      0.00000000	      0.00000000	      0.00000000	      0.00000000	      0.00000000	      0.00000000	      0.00000000	      0.00000000	      0.00000000	      0.00000000	      0.00000000	      0.00000000	      0.00000000	      0.00000000	      0.48377137	      1.37393461	      0.03351487	     -0.12378575	      0.12332872	      0.12590210	     -0.45482634	      0.00000000	      0.00000000	     -0.00000000	      0.00000000	      0.00000000	     -0.01006867	      0.00000000	     -0.33085544	     -0.66530830	     -0.59104050	     -0.42959503	     -0.23447062	     -0.10706702	     -0.11115263	     -0.12124217	     -0.10721692	      0.73022675	      0.68377269	      0.00000000	      0.00000000	     -0.04486832	      0.88013677	      0.54317435	      0.25603451	     -0.81663243	     -0.66816796	      0.00000000	      0.06111545	      0.00000000	     -0.00000000	     -0.00000000	     -0.00000000	     -0.00000000
      0.39000000	      0.00000000	      0.00000000	      0.00000000	      0.00000000	      0.00000000	      0.00000000	      0.00000000	      0.00000000	      0.00000000	      0.00000000	      0.00000000	      0.00000000	      0.00000000	      0.00000000	      0.00000000	      0.00000000	      0.00000000	      0.00000000	      0.00000000	      0.00000000	      0.00000000	      0.00000000	      0.00000000	      0.00000000	      0.00000000	      0.00000000	      0.00000000	      0.00000000	      0.00000000	      0.00000000	      0.00000000	      0.00000000	      0.00000000	      0.00000000	      0.00000000	      0.00000000	      0.00000000	      0.00000000	      0.00000000	      0.00000000	      0.48359189	      1.37302886	      0.03326807	     -0.12405381	      0.12318844	      0.12590957	     -0.45500551	     -0.00000000	     -0.00000000	     -0.00000000	     -0.00000000	     -0.00000000	     -0.01006933	     -0.00000000	     -0.33062609	     -0.66457998	     -0.59086659	     -0.42892716	     -0.23413535	     -0.10700046	     -0.11102250	     -0.12106837	     -0.10701576	      0.72920103	      0.68333775	     -0.00000000	     -0.00000000	     -0.04479987	      0.87999783	      0.54436716	      0.25623165	     -0.81654747	     -0.66991391	      0.00000000	      0.06125866	      0.00000000	     -0.00000000	     -0.00000000	     -0.00000000	     -0.00000000
      0.39500000	      0.00000000	      0.00000000	      0.00000000	      0.00000000	      0.00000000	      0.00000000	      0.00000000	      0.00000000	      0.00000000	      0.00000000	      0.00000000	      0.00000000	      0.00000000	      0.00000000	      0.00000000	      0.00000000	      0.00000000	      0.00000000	      0.00000000	      0.00000000	      0.00000000	      0.00000000	      0.00000000	      0.00000000	      0.00000000	      0.00000000	      0.00000000	      0.00000000	      0.00000000	      0.00000000	      0.00000000	      0.00000000	      0.00000000	      0.00000000	      0.00000000	      0.00000000	      0.00000000	      0.00000000	      0.00000000	      0.00000000	      0.48341613	      1.37215757	      0.03302614	     -0.12430783	      0.12303987	      0.12590430	     -0.45516343	      0.00000000	     -0.00000000	     -0.00000000	     -0.00000000	      0.00000000	     -0.01006924	     -0.00000000	     -0.33043325	     -0.66393191	     -0.59069592	     -0.42835177	     -0.23385654	     -0.10695419	     -0.11091271	     -0.12092219	     -0.10684884	      0.72822057	      0.68290463	     -0.00000000	     -0.00000000	     -0.04474611	      0.87985607	      0.54555935	      0.25641985	     -0.81644540	     -0.67161253	     -0.00000000	      0.06140395	     -0.00000000	     -0.00000000	      0.00000000	     -0.00000000	     -0.00000000
      0.40000000	      0.00000000	      0.00000000	      0.00000000	      0.00000000	      0.00000000	      0.00000000	      0.00000000	      0.00000000	      0.00000000	      0.00000000	      0.00000000	      0.00000000	      0.00000000	      0.00000000	      0.00000000	      0.00000000	      0.00000000	      0.00000000	      0.00000000	      0.00000000	      0.00000000	      0.00000000	      0.00000000	      0.00000000	      0.00000000	      0.00000000	      0.00000000	      0.00000000	      0.00000000	      0.00000000	      0.00000000	      0.00000000	      0.00000000	      0.00000000	      0.00000000	      0.00000000	      0.00000000	      0.00000000	      0.00000000	      0.00000000	      0.48323928	      1.37130610	      0.03278833	     -0.12454717	      0.12288221	      0.12588604	     -0.45529959	      0.00000000	      0.00000000	     -0.00000000	      0.00000000	      0.00000000	     -0.01006844	     -0.00000000	     -0.33027419	     -0.66335552	     -0.59052032	     -0.42786737	     -0.23363375	     -0.10692891	     -0.11082319	     -0.12080363	     -0.10671630	      0.72727842	      0.68247404	     -0.00000000	     -0.00000000	     -0.04470802	      0.87971094	      0.54673529	      0.25660037	     -0.81632635	     -0.67326530	     -0.00000000	      0.06155231	      0.00000000	      0.00000000	     -0.00000000	     -0.00000000	     -0.00000000
      0.40500000	      0.00000000	      0.00000000	      0.00000000	      0.00000000	      0.00000000	      0.00000000	      0.00000000	      0.00000000	      0.00000000	      0.00000000	      0.00000000	      0.00000000	      0.00000000	      0.00000000	      0.00000000	      0.00000000	      0.00000000	      0.00000000	      0.00000000	      0.00000000	      0.00000000	      0.00000000	      0.00000000	      0.00000000	      0.00000000	      0.00000000	      0.00000000	      0.00000000	      0.00000000	      0.00000000	      0.00000000	      0.00000000	      0.00000000	      0.00000000	      0.00000000	      0.00000000	      0.00000000	      0.00000000	      0.00000000	      0.00000000	      0.48305753	      1.37046239	      0.03255396	     -0.12477137	      0.12271516	      0.12585506	     -0.45541270	      0.00000000	      0.00000000	     -0.00000000	     -0.00000000	      0.00000000	     -0.01006700	     -0.00000000	     -0.33014440	     -0.66283868	     -0.59033092	     -0.42746925	     -0.23346425	     -0.10692423	     -0.11075319	     -0.12071166	     -0.10661688	      0.72636807	      0.68204720	      0.00000000	     -0.00000000	     -0.04468578	      0.87956244	      0.54788245	      0.25677454	     -0.81618828	     -0.67487392	     -0.00000000	      0.06170462	     -0.00000000	      0.00000000	     -0.00000000	      0.00000000	      0.00000000
      0.41000000	      0.00000000	      0.00000000	      0.00000000	      0.00000000	      0.00000000	      0.00000000	      0.00000000	      0.00000000	      0.00000000	      0.00000000	      0.00000000	      0.00000000	      0.00000000	      0.00000000	      0.00000000	      0.00000000	      0.00000000	      0.00000000	      0.00000000	      0.00000000	      0.00000000	      0.00000000	      0.00000000	      0.00000000	      0.00000000	      0.00000000	      0.00000000	      0.00000000	      0.00000000	      0.00000000	      0.00000000	      0.00000000	      0.00000000	      0.00000000	      0.00000000	      0.00000000	      0.00000000	      0.00000000	      0.00000000	      0.00000000	      0.48286822	      1.36961831	      0.03232279	     -0.12497964	      0.12253906	      0.12581207	     -0.45549997	     -0.00000000	      0.00000000	      0.00000000	     -0.00000000	      0.00000000	     -0.01006507	     -0.00000000	     -0.33003785	     -0.66236650	     -0.59011796	     -0.42715054	     -0.23334360	     -0.10693877	     -0.11070144	     -0.12064453	     -0.10654832	      0.72548493	      0.68162645	      0.00000000	      0.00000000	     -0.04467888	      0.87941138	      0.54899085	      0.25694344	     -0.81602619	     -0.67643772	     -0.00000000	      0.06186145	      0.00000000	     -0.00000000	     -0.00000000	     -0.00000000	      0.00000000
      0.41500000	      0.00000000	      0.00000000	      0.00000000	      0.00000000	      0.00000000	      0.00000000	      0.00000000	      0.00000000	      0.00000000	      0.00000000	      0.00000000	      0.00000000	      0.00000000	      0.00000000	      0.00000000	      0.00000000	      0.00000000	      0.00000000	      0.00000000	      0.00000000	      0.00000000	      0.00000000	      0.00000000	      0.00000000	      0.00000000	      0.00000000	      0.00000000	      0.00000000	      0.00000000	      0.00000000	      0.00000000	      0.00000000	      0.00000000	      0.00000000	      0.00000000	      0.00000000	      0.00000000	      0.00000000	      0.00000000	      0.00000000	      0.48266546	      1.36875013	      0.03209060	     -0.12517608	      0.12235122	      0.12575681	     -0.45556346	     -0.00000000	     -0.00000000	      0.00000000	      0.00000000	     -0.00000000	     -0.01006123	     -0.00000000	     -0.32995086	     -0.66192650	     -0.58987673	     -0.42690244	     -0.23326708	     -0.10697179	     -0.11066635	     -0.12060002	     -0.10650786	      0.72459793	      0.68120483	      0.00000000	      0.00000000	     -0.04468662	      0.87925462	      0.55007274	      0.25710725	     -0.81584016	     -0.67794991	     -0.00000000	      0.06202551	      0.00000000	     -0.00000000	     -0.00000000	     -0.00000000	     -0.00000000
      0.42000000	      0.00000000	      0.00000000	      0.00000000	      0.00000000	      0.00000000	      0.00000000	      0.00000000	      0.00000000	      0.00000000	      0.00000000	      0.00000000	      0.00000000	      0.00000000	      0.00000000	      0.00000000	      0.00000000	      0.00000000	      0.00000000	      0.00000000	      0.00000000	      0.00000000	      0.00000000	      0.00000000	      0.00000000	      0.00000000	      0.00000000	      0.00000000	      0.00000000	      0.00000000	      0.00000000	      0.00000000	      0.00000000	      0.00000000	      0.00000000	      0.00000000	      0.00000000	      0.00000000	      0.00000000	      0.00000000	      0.00000000	      0.48246255	      1.36791660	      0.03187166	     -0.12534406	      0.12216427	      0.12569509	     -0.45558010	     -0.00000000	     -0.00000000	     -0.00000000	     -0.00000000	     -0.00000000	     -0.01006063	     -0.00000000	     -0.32986561	     -0.66149018	     -0.58958303	     -0.42671643	     -0.23322448	     -0.10701571	     -0.11064578	     -0.12057492	     -0.10649049	      0.72379303	      0.68081814	     -0.00000000	     -0.00000000	     -0.04470596	      0.87910845	      0.55106522	      0.25726820	     -0.81559923	     -0.67941478	     -0.00000000	      0.06218924	     -0.00000000	      0.00000000	      0.00000000	     -0.00000000	     -0.00000000
      0.42500000	      0.00000000	      0.00000000	      0.00000000	      0.00000000	      0.00000000	      0.00000000	      0.00000000	      0.00000000	      0.00000000	      0.00000000	      0.00000000	      0.00000000	      0.00000000	      0.00000000	      0.00000000	      0.00000000	      0.00000000	      0.00000000	      0.00000000	      0.00000000	      0.00000000	      0.00000000	      0.00000000	      0.00000000	      0.00000000	      0.00000000	      0.00000000	      0.00000000	      0.00000000	      0.00000000	      0.00000000	      0.00000000	      0.00000000	      0.00000000	      0.00000000	      0.00000000	      0.00000000	      0.00000000	      0.00000000	      0.00000000	      0.48224287	      1.36704366	      0.03164920	     -0.12550295	      0.12196591	      0.12562322	     -0.45557000	     -0.00000000	      0.00000000	      0.00000000	      0.00000000	     -0.00000000	     -0.01005738	     -0.00000000	     -0.32978754	     -0.66105643	     -0.58924962	     -0.42658000	     -0.23321193	     -0.10707269	     -0.11063757	     -0.12056630	     -0.10649305	      0.72295984	      0.68042960	      0.00000000	      0.00000000	     -0.04473623	      0.87895681	      0.55204208	      0.25742464	     -0.81532478	     -0.68081778	      0.00000000	      0.06236176	     -0.00000000	     -0.00000000	     -0.00000000	      0.00000000	      0.00000000
      0.43000000	      0.00000000	      0.00000000	      0.00000000	      0.00000000	      0.00000000	      0.00000000	      0.00000000	      0.00000000	      0.00000000	      0.00000000	      0.00000000	      0.00000000	      0.00000000	      0.00000000	      0.00000000	      0.00000000	      0.00000000	      0.00000000	      0.00000000	      0.00000000	      0.00000000	      0.00000000	      0.00000000	      0.00000000	      0.00000000	      0.00000000	      0.00000000	      0.00000000	      0.00000000	      0.00000000	      0.00000000	      0.00000000	      0.00000000	      0.00000000	      0.00000000	      0.00000000	      0.00000000	      0.00000000	      0.00000000	      0.00000000	      0.48201279	      1.36615697	      0.03142903	     -0.12564666	      0.12176227	      0.12554472	     -0.45552628	      0.00000000	     -0.00000000	      0.00000000	      0.00000000	     -0.00000000	     -0.01005527	      0.00000000	     -0.32970548	     -0.66060570	     -0.58886533	     -0.42648222	     -0.23321993	     -0.10713711	     -0.11063920	     -0.12057047	     -0.10651024	      0.72213994	      0.68005455	     -0.00000000	     -0.00000000	     -0.04477436	      0.87880718	      0.55297036	      0.25758040	     -0.81500652	     -0.68218825	     -0.00000000	      0.06253949	      0.00000000	     -0.00000000	      0.00000000	     -0.00000000	      0.00000000
      0.43500000	      0.00000000	      0.00000000	      0.00000000	      0.00000000	      0.00000000	      0.00000000	      0.00000000	      0.00000000	      0.00000000	      0.00000000	      0.00000000	      0.00000000	      0.00000000	      0.00000000	      0.00000000	      0.00000000	      0.00000000	      0.00000000	      0.00000000	      0.00000000	      0.00000000	      0.00000000	      0.00000000	      0.00000000	      0.00000000	      0.00000000	      0.00000000	      0.00000000	      0.00000000	      0.00000000	      0.00000000	      0.00000000	      0.00000000	      0.00000000	      0.00000000	      0.00000000	      0.00000000	      0.00000000	      0.00000000	      0.00000000	      0.48177723	      1.36527488	      0.03121503	     -0.12577153	      0.12155797	      0.12546252	     -0.45543946	      0.00000000	      0.00000000	     -0.00000000	      0.00000000	      0.00000000	     -0.01005401	      0.00000000	     -0.32961034	     -0.66012172	     -0.58842263	     -0.42641233	     -0.23323975	     -0.10720411	     -0.11064819	     -0.12058385	     -0.10653708	      0.72134799	      0.67970354	      0.00000000	      0.00000000	     -0.04481742	      0.87866498	      0.55384829	      0.25773413	     -0.81462886	     -0.68350495	     -0.00000000	      0.06272022	     -0.00000000	     -0.00000000	     -0.00000000	     -0.00000000	      0.00000000
      0.44000000	      0.00000000	      0.00000000	      0.00000000	      0.00000000	      0.00000000	      0.00000000	      0.00000000	      0.00000000	      0.00000000	      0.00000000	      0.00000000	      0.00000000	      0.00000000	      0.00000000	      0.00000000	      0.00000000	      0.00000000	      0.00000000	      0.00000000	      0.00000000	      0.00000000	      0.00000000	      0.00000000	      0.00000000	      0.00000000	      0.00000000	      0.00000000	      0.00000000	      0.00000000	      0.00000000	      0.00000000	      0.00000000	      0.00000000	      0.00000000	      0.00000000	      0.00000000	      0.00000000	      0.00000000	      0.00000000	      0.00000000	      0.48153821	      1.36440280	      0.03100783	     -0.12587768	      0.12135483	      0.12537835	     -0.45530671	     -0.00000000	     -0.00000000	      0.00000000	      0.00000000	     -0.00000000	     -0.01005403	      0.00000000	     -0.32949646	     -0.65959330	     -0.58791889	     -0.42636040	     -0.23326429	     -0.10727022	     -0.11066234	     -0.12060329	     -0.10656928	      0.72058352	      0.67937918	     -0.00000000	     -0.00000000	     -0.04486298	      0.87853209	      0.55468245	      0.25788547	     -0.81418540	     -0.68476031	      0.00000000	      0.06290331	      0.00000000	     -0.00000000	     -0.00000000	      0.00000000	      0.00000000
      0.44500000	      0.00000000	      0.00000000	      0.00000000	      0.00000000	      0.00000000	      0.00000000	      0.00000000	      0.00000000	      0.00000000	      0.00000000	      0.00000000	      0.00000000	      0.00000000	      0.00000000	      0.00000000	      0.00000000	      0.00000000	      0.00000000	      0.00000000	      0.00000000	      0.00000000	      0.00000000	      0.00000000	      0.00000000	      0.00000000	      0.00000000	      0.00000000	      0.00000000	      0.00000000	      0.00000000	      0.00000000	      0.00000000	      0.00000000	      0.00000000	      0.00000000	      0.00000000	      0.00000000	      0.00000000	      0.00000000	      0.00000000	      0.48130177	      1.36356354	      0.03081184	     -0.12596087	      0.12115753	      0.12529487	     -0.45511721	     -0.00000000	     -0.00000000	     -0.00000000	      0.00000000	     -0.00000000	     -0.01005549	     -0.00000000	     -0.32935661	     -0.65900876	     -0.58734819	     -0.42631890	     -0.23328705	     -0.10733135	     -0.11067987	     -0.12062617	     -0.10660317	      0.71986270	      0.67909255	     -0.00000000	      0.00000000	     -0.04490863	      0.87841427	      0.55547496	      0.25803174	     -0.81365948	     -0.68592208	      0.00000000	      0.06308632	     -0.00000000	     -0.00000000	     -0.00000000	      0.00000000	     -0.00000000
      0.45000000	      0.00000000	      0.00000000	      0.00000000	      0.00000000	      0.00000000	      0.00000000	      0.00000000	      0.00000000	      0.00000000	      0.00000000	      0.00000000	      0.00000000	      0.00000000	      0.00000000	      0.00000000	      0.00000000	      0.00000000	      0.00000000	      0.00000000	      0.00000000	      0.00000000	      0.00000000	      0.00000000	      0.00000000	      0.00000000	      0.00000000	      0.00000000	      0.00000000	      0.00000000	      0.00000000	      0.00000000	      0.00000000	      0.00000000	      0.00000000	      0.00000000	      0.00000000	      0.00000000	      0.00000000	      0.00000000	      0.00000000	      0.48105963	      1.36271927	      0.03061829	     -0.12603169	      0.12095967	      0.12521019	     -0.45489042	      0.00000000	     -0.00000000	      0.00000000	      0.00000000	     -0.00000000	     -0.01005821	     -0.00000000	     -0.32919496	     -0.65837058	     -0.58672017	     -0.42628130	     -0.23330656	     -0.10738908	     -0.11069956	     -0.12065099	     -0.10663731	      0.71914920	      0.67882355	     -0.00000000	      0.00000000	     -0.04495421	      0.87830272	      0.55623997	      0.25817879	     -0.81307557	     -0.68705393	      0.00000000	      0.06327323	     -0.00000000	     -0.00000000	      0.00000000	     -0.00000000	      0.00000000
      0.45500000	      0.00000000	      0.00000000	      0.00000000	      0.00000000	      0.00000000	      0.00000000	      0.00000000	      0.00000000	      0.00000000	      0.00000000	      0.00000000	      0.00000000	      0.00000000	      0.00000000	      0.00000000	      0.00000000	      0.00000000	      0.00000000	      0.00000000	      0.00000000	      0.00000000	      0.00000000	      0.00000000	      0.00000000	      0.00000000	      0.00000000	      0.00000000	      0.00000000	      0.00000000	      0.00000000	      0.00000000	      0.00000000	      0.00000000	      0.00000000	      0.00000000	      0.00000000	      0.00000000	      0.00000000	      0.00000000	      0.00000000	      0.48081474	      1.36188183	      0.03042985	     -0.12608747	      0.12076387	      0.12512568	     -0.45461977	     -0.00000000	      0.00000000	      0.00000000	      0.00000000	     -0.00000000	     -0.01006216	     -0.00000000	     -0.32900867	     -0.65767472	     -0.58603252	     -0.42624467	     -0.23332065	     -0.10744202	     -0.11072071	     -0.12067680	     -0.10667052	      0.71845229	      0.67857858	     -0.00000000	     -0.00000000	     -0.04499908	      0.87820050	      0.55698091	      0.25832480	     -0.81242365	     -0.68813456	     -0.00000000	      0.06346263	     -0.00000000	     -0.00000000	     -0.00000000	     -0.00000000	      0.00000000
      0.46000000	      0.00000000	      0.00000000	      0.00000000	      0.00000000	      0.00000000	      0.00000000	      0.00000000	      0.00000000	      0.00000000	      0.00000000	      0.00000000	      0.00000000	      0.00000000	      0.00000000	      0.00000000	      0.00000000	      0.00000000	      0.00000000	      0.00000000	      0.00000000	      0.00000000	      0.00000000	      0.00000000	      0.00000000	      0.00000000	      0.00000000	      0.00000000	      0.00000000	      0.00000000	      0.00000000	      0.00000000	      0.00000000	      0.00000000	      0.00000000	      0.00000000	      0.00000000	      0.00000000	      0.00000000	      0.00000000	      0.00000000	      0.48057755	      1.36109454	      0.03025561	     -0.12611832	      0.12057769	      0.12504444	     -0.45428571	      0.00000000	     -0.00000000	      0.00000000	     -0.00000000	     -0.00000000	     -0.01003888	      0.00000000	     -0.32879144	     -0.65691474	     -0.58527692	     -0.42620881	     -0.23332699	     -0.10748701	     -0.11074297	     -0.12070309	     -0.10670184	      0.71781054	      0.67837852	     -0.00000000	      0.00000000	     -0.04504206	      0.87811752	      0.55769171	      0.25846438	     -0.81167731	     -0.68910394	     -0.00000000	      0.06364992	      0.00000000	     -0.00000000	      0.00000000	      0.00000000	     -0.00000000
      0.46500000	      0.00000000	      0.00000000	      0.00000000	      0.00000000	      0.00000000	      0.00000000	      0.00000000	      0.00000000	      0.00000000	      0.00000000	      0.00000000	      0.00000000	      0.00000000	      0.00000000	      0.00000000	      0.00000000	      0.00000000	      0.00000000	      0.00000000	      0.00000000	      0.00000000	      0.00000000	      0.00000000	      0.00000000	      0.00000000	      0.00000000	      0.00000000	      0.00000000	      0.00000000	      0.00000000	      0.00000000	      0.00000000	      0.00000000	      0.00000000	      0.00000000	      0.00000000	      0.00000000	      0.00000000	      0.00000000	      0.00000000	      0.48033674	      1.36030981	      0.03008607	     -0.12613555	      0.12039350	      0.12496355	     -0.45391025	     -0.00000000	      0.00000000	     -0.00000000	      0.00000000	     -0.00000000	     -0.01004527	     -0.00000000	     -0.32855248	     -0.65610301	     -0.58446789	     -0.42617285	     -0.23332906	     -0.10752862	     -0.11076639	     -0.12073029	     -0.10673273	      0.71718161	      0.67820044	     -0.00000000	     -0.00000000	     -0.04508512	      0.87804274	      0.55838977	      0.25860288	     -0.81086580	     -0.69002258	      0.00000000	      0.06383960	     -0.00000000	      0.00000000	     -0.00000000	      0.00000000	      0.00000000
      0.47000000	      0.00000000	      0.00000000	      0.00000000	      0.00000000	      0.00000000	      0.00000000	      0.00000000	      0.00000000	      0.00000000	      0.00000000	      0.00000000	      0.00000000	      0.00000000	      0.00000000	      0.00000000	      0.00000000	      0.00000000	      0.00000000	      0.00000000	      0.00000000	      0.00000000	      0.00000000	      0.00000000	      0.00000000	      0.00000000	      0.00000000	      0.00000000	      0.00000000	      0.00000000	      0.00000000	      0.00000000	      0.00000000	      0.00000000	      0.00000000	      0.00000000	      0.00000000	      0.00000000	      0.00000000	      0.00000000	      0.00000000	      0.48009590	      1.35954317	      0.02992508	     -0.12613533	      0.12021436	      0.12488410	     -0.45348750	      0.00000000	     -0.00000000	     -0.00000000	      0.00000000	     -0.00000000	     -0.01008567	      0.00000000	     -0.32829197	     -0.65524303	     -0.58360604	     -0.42613882	     -0.23332809	     -0.10756689	     -0.11079121	     -0.12075890	     -0.10676402	      0.71658248	      0.67805225	      0.00000000	      0.00000000	     -0.04512866	      0.87797956	      0.55907264	      0.25873825	     -0.80998206	     -0.69086887	      0.00000000	      0.06402951	      0.00000000	      0.00000000	     -0.00000000	      0.00000000	     -0.00000000
      0.47500000	      0.00000000	      0.00000000	      0.00000000	      0.00000000	      0.00000000	      0.00000000	      0.00000000	      0.00000000	      0.00000000	      0.00000000	      0.00000000	      0.00000000	      0.00000000	      0.00000000	      0.00000000	      0.00000000	      0.00000000	      0.00000000	      0.00000000	      0.00000000	      0.00000000	      0.00000000	      0.00000000	      0.00000000	      0.00000000	      0.00000000	      0.00000000	      0.00000000	      0.00000000	      0.00000000	      0.00000000	      0.00000000	      0.00000000	      0.00000000	      0.00000000	      0.00000000	      0.00000000	      0.00000000	      0.00000000	      0.00000000	      0.47985207	      1.35878353	      0.02977146	     -0.12611961	      0.12003915	      0.12480544	     -0.45302393	     -0.00000000	      0.00000000	      0.00000000	      0.00000000	     -0.00000000	     -0.01009471	      0.00000000	     -0.32801497	     -0.65434470	     -0.58269886	     -0.42610932	     -0.23332753	     -0.10760438	     -0.11081796	     -0.12078996	     -0.10679758	      0.71600903	      0.67792986	     -0.00000000	     -0.00000000	     -0.04517432	      0.87792537	      0.55974118	      0.25887186	     -0.80903601	     -0.69165866	     -0.00000000	      0.06421992	      0.00000000	     -0.00000000	      0.00000000	      0.00000000	      0.00000000
      0.48000000	      0.00000000	      0.00000000	      0.00000000	      0.00000000	      0.00000000	      0.00000000	      0.00000000	      0.00000000	      0.00000000	      0.00000000	      0.00000000	      0.00000000	      0.00000000	      0.00000000	      0.00000000	      0.00000000	      0.00000000	      0.00000000	      0.00000000	      0.00000000	      0.00000000	      0.00000000	      0.00000000	      0.00000000	      0.00000000	      0.00000000	      0.00000000	      0.00000000	      0.00000000	      0.00000000	      0.00000000	      0.00000000	      0.00000000	      0.00000000	      0.00000000	      0.00000000	      0.00000000	      0.00000000	      0.00000000	      0.00000000	      0.47960883	      1.35804651	      0.02962906	     -0.12608465	      0.11987070	      0.12472836	     -0.45251296	     -0.00000000	      0.00000000	     -0.00000000	     -0.00000000	      0.00000000	     -0.01008072	     -0.00000000	     -0.32772323	     -0.65341507	     -0.58174868	     -0.42608847	     -0.23333006	     -0.10764183	     -0.11084732	     -0.12082455	     -0.10683504	      0.71547327	      0.67784064	     -0.00000000	      0.00000000	     -0.04522297	      0.87788327	      0.56039822	      0.25899968	     -0.80802077	     -0.69235152	      0.00000000	      0.06440876	     -0.00000000	     -0.00000000	      0.00000000	     -0.00000000	     -0.00000000
      0.48500000	      0.00000000	      0.00000000	      0.00000000	      0.00000000	      0.00000000	      0.00000000	      0.00000000	      0.00000000	      0.00000000	      0.00000000	      0.00000000	      0.00000000	      0.00000000	      0.00000000	      0.00000000	      0.00000000	      0.00000000	      0.00000000	      0.00000000	      0.00000000	      0.00000000	      0.00000000	      0.00000000	      0.00000000	      0.00000000	      0.00000000	      0.00000000	      0.00000000	      0.00000000	      0.00000000	      0.00000000	      0.00000000	      0.00000000	      0.00000000	      0.00000000	      0.00000000	      0.00000000	      0.00000000	      0.00000000	      0.00000000	      0.47936128	      1.35731386	      0.02949576	     -0.12603354	      0.11970700	      0.12465174	     -0.45196503	      0.00000000	     -0.00000000	     -0.00000000	     -0.00000000	      0.00000000	     -0.01011166	      0.00000000	     -0.32742387	     -0.65246776	     -0.58076567	     -0.42608023	     -0.23334055	     -0.10768287	     -0.11088009	     -0.12086420	     -0.10687905	      0.71496784	      0.67777792	     -0.00000000	      0.00000000	     -0.04527691	      0.87784911	      0.56104128	      0.25912405	     -0.80695250	     -0.69297403	     -0.00000000	      0.06459663	      0.00000000	      0.00000000	      0.00000000	      0.00000000	     -0.00000000
      0.49000000	      0.00000000	      0.00000000	      0.00000000	      0.00000000	      0.00000000	      0.00000000	      0.00000000	      0.00000000	      0.00000000	      0.00000000	      0.00000000	      0.00000000	      0.00000000	      0.00000000	      0.00000000	      0.00000000	      0.00000000	      0.00000000	      0.00000000	      0.00000000	      0.00000000	      0.00000000	      0.00000000	      0.00000000	      0.00000000	      0.00000000	      0.00000000	      0.00000000	      0.00000000	      0.00000000	      0.00000000	      0.00000000	      0.00000000	      0.00000000	      0.00000000	      0.00000000	      0.00000000	      0.00000000	      0.00000000	      0.00000000	      0.47910956	      1.35658751	      0.02937306	     -0.12596536	      0.11954896	      0.12457557	     -0.45138175	      0.00000000	     -0.00000000	     -0.00000000	      0.00000000	      0.00000000	     -0.01012006	      0.00000000	     -0.32712134	     -0.65151385	     -0.57975629	     -0.42608915	     -0.23336288	     -0.10772958	     -0.11091708	     -0.12091028	     -0.10693181	      0.71449877	      0.67774332	      0.00000000	      0.00000000	     -0.04533771	      0.87782298	      0.56166765	      0.25924395	     -0.80583589	     -0.69351788	      0.00000000	      0.06478240	      0.00000000	      0.00000000	      0.00000000	      0.00000000	     -0.00000000
      0.49500000	      0.00000000	      0.00000000	      0.00000000	      0.00000000	      0.00000000	      0.00000000	      0.00000000	      0.00000000	      0.00000000	      0.00000000	      0.00000000	      0.00000000	      0.00000000	      0.00000000	      0.00000000	      0.00000000	      0.00000000	      0.00000000	      0.00000000	      0.00000000	      0.00000000	      0.00000000	      0.00000000	      0.00000000	      0.00000000	      0.00000000	      0.00000000	      0.00000000	      0.00000000	      0.00000000	      0.00000000	      0.00000000	      0.00000000	      0.00000000	      0.00000000	      0.00000000	      0.00000000	      0.00000000	      0.00000000	      0.00000000	      0.47886979	      1.35592814	      0.02926981	     -0.12587095	      0.11940334	      0.12450206	     -0.45076977	      0.00000000	      0.00000000	     -0.00000000	      0.00000000	      0.00000000	     -0.01014253	      0.00000000	     -0.32681298	     -0.65055693	     -0.57871759	     -0.42612042	     -0.23339737	     -0.10777899	     -0.11095888	     -0.12096338	     -0.10699364	      0.71416569	      0.67775492	      0.00000000	      0.00000000	     -0.04540394	      0.87781537	      0.56218536	      0.25937117	     -0.80468209	     -0.69411344	      0.00000000	      0.06495937	     -0.00000000	      0.00000000	      0.00000000	      0.00000000	      0.00000000
      0.50000000	      0.00000000	      0.00000000	      0.00000000	      0.00000000	      0.00000000	      0.00000000	      0.00000000	      0.00000000	      0.00000000	      0.00000000	      0.00000000	      0.00000000	      0.00000000	      0.00000000	      0.00000000	      0.00000000	      0.00000000	      0.00000000	      0.00000000	      0.00000000	      0.00000000	      0.00000000	      0.00000000	      0.00000000	      0.00000000	      0.00000000	      0.00000000	      0.00000000	      0.00000000	      0.00000000	      0.00000000	      0.00000000	      0.00000000	      0.00000000	      0.00000000	      0.00000000	      0.00000000	      0.00000000	      0.00000000	      0.00000000	      0.47860091	      1.35518175	      0.02916574	     -0.12577461	      0.11925403	      0.12442487	     -0.45012812	     -0.00000000	     -0.00000000	      0.00000000	     -0.00000000	      0.00000000	     -0.01015147	      0.00000000	     -0.32652331	     -0.64963042	     -0.57768620	     -0.42617472	     -0.23345570	     -0.10784569	     -0.11100626	     -0.12102600	     -0.10707043	      0.71372991	      0.67776435	     -0.00000000	     -0.00000000	     -0.04548405	      0.87779707	      0.56281892	      0.25947501	     -0.80349253	     -0.69443762	     -0.00000000	      0.06514148	      0.00000000	      0.00000000	     -0.00000000	     -0.00000000	     -0.00000000
      0.50500000	      0.00000000	      0.00000000	      0.00000000	      0.00000000	      0.00000000	      0.00000000	      0.00000000	      0.00000000	      0.00000000	      0.00000000	      0.00000000	      0.00000000	      0.00000000	      0.00000000	      0.00000000	      0.00000000	      0.00000000	      0.00000000	      0.00000000	      0.00000000	      0.00000000	      0.00000000	      0.00000000	      0.00000000	      0.00000000	      0.00000000	      0.00000000	      0.00000000	      0.00000000	      0.00000000	      0.00000000	      0.00000000	      0.00000000	      0.00000000	      0.00000000	      0.00000000	      0.00000000	      0.00000000	      0.00000000	      0.00000000	      0.47833297	      1.35445967	      0.02907624	     -0.12566042	      0.11911337	      0.12434855	     -0.44948006	      0.00000000	      0.00000000	      0.00000000	      0.00000000	      0.00000000	     -0.01017218	     -0.00000000	     -0.32624313	     -0.64873124	     -0.57665267	     -0.42625615	     -0.23353373	     -0.10792162	     -0.11105920	     -0.12109744	     -0.10715996	      0.71340201	      0.67780420	      0.00000000	      0.00000000	     -0.04557341	      0.87778760	      0.56335694	      0.25958847	     -0.80229948	     -0.69484462	     -0.00000000	      0.06531597	     -0.00000000	      0.00000000	     -0.00000000	      0.00000000	      0.00000000
      0.51000000	      0.00000000	      0.00000000	      0.00000000	      0.00000000	      0.00000000	      0.00000000	      0.00000000	      0.00000000	      0.00000000	      0.00000000	      0.00000000	      0.00000000	      0.00000000	      0.00000000	      0.00000000	      0.00000000	      0.00000000	      0.00000000	      0.00000000	      0.00000000	      0.00000000	      0.00000000	      0.00000000	      0.00000000	      0.00000000	      0.00000000	      0.00000000	      0.00000000	      0.00000000	      0.00000000	      0.00000000	      0.00000000	      0.00000000	      0.00000000	      0.00000000	      0.00000000	      0.00000000	      0.00000000	      0.00000000	      0.00000000	      0.47804080	      1.35366986	      0.02899182	     -0.12554134	      0.11897450	      0.12427063	     -0.44881103	      0.00000000	      0.00000000	      0.00000000	     -0.00000000	      0.00000000	     -0.01015819	      0.00000000	     -0.32598751	     -0.64788280	     -0.57564337	     -0.42636392	     -0.23363750	     -0.10801517	     -0.11111765	     -0.12117865	     -0.10726513	      0.71301520	      0.67785076	      0.00000000	      0.00000000	     -0.04567722	      0.87777067	      0.56398139	      0.25968166	     -0.80108735	     -0.69501847	      0.00000000	      0.06549032	      0.00000000	      0.00000000	      0.00000000	     -0.00000000	     -0.00000000
      0.51500000	      0.00000000	      0.00000000	      0.00000000	      0.00000000	      0.00000000	      0.00000000	      0.00000000	      0.00000000	      0.00000000	      0.00000000	      0.00000000	      0.00000000	      0.00000000	      0.00000000	      0.00000000	      0.00000000	      0.00000000	      0.00000000	      0.00000000	      0.00000000	      0.00000000	      0.00000000	      0.00000000	      0.00000000	      0.00000000	      0.00000000	      0.00000000	      0.00000000	      0.00000000	      0.00000000	      0.00000000	      0.00000000	      0.00000000	      0.00000000	      0.00000000	      0.00000000	      0.00000000	      0.00000000	      0.00000000	      0.00000000	      0.47775182	      1.35290656	      0.02892149	     -0.12540936	      0.11884501	      0.12419408	     -0.44815200	     -0.00000000	     -0.00000000	     -0.00000000	      0.00000000	     -0.00000000	     -0.01019482	     -0.00000000	     -0.32575058	     -0.64708586	     -0.57465734	     -0.42649903	     -0.23376163	     -0.10811835	     -0.11118099	     -0.12126790	     -0.10738241	      0.71273856	      0.67792108	      0.00000000	     -0.00000000	     -0.04578969	      0.87775987	      0.56451721	      0.25978502	     -0.79989670	     -0.69529885	      0.00000000	      0.06565501	      0.00000000	     -0.00000000	      0.00000000	      0.00000000	     -0.00000000
      0.52000000	      0.00000000	      0.00000000	      0.00000000	      0.00000000	      0.00000000	      0.00000000	      0.00000000	      0.00000000	      0.00000000	      0.00000000	      0.00000000	      0.00000000	      0.00000000	      0.00000000	      0.00000000	      0.00000000	      0.00000000	      0.00000000	      0.00000000	      0.00000000	      0.00000000	      0.00000000	      0.00000000	      0.00000000	      0.00000000	      0.00000000	      0.00000000	      0.00000000	      0.00000000	      0.00000000	      0.00000000	      0.00000000	      0.00000000	      0.00000000	      0.00000000	      0.00000000	      0.00000000	      0.00000000	      0.00000000	      0.00000000	      0.47744291	      1.35208639	      0.02885812	     -0.12527522	      0.11872033	      0.12411755	     -0.44749275	      0.00000000	     -0.00000000	     -0.00000000	      0.00000000	      0.00000000	     -0.01020445	     -0.00000000	     -0.32554505	     -0.64636077	     -0.57371937	     -0.42665874	     -0.23391007	     -0.10823811	     -0.11124863	     -0.12136537	     -0.10751354	      0.71243640	      0.67799705	     -0.00000000	     -0.00000000	     -0.04591532	      0.87774137	      0.56511215	      0.25987497	     -0.79871766	     -0.69543156	      0.00000000	      0.06581550	     -0.00000000	     -0.00000000	      0.00000000	     -0.00000000	     -0.00000000
      0.52500000	      0.00000000	      0.00000000	      0.00000000	      0.00000000	      0.00000000	      0.00000000	      0.00000000	      0.00000000	      0.00000000	      0.00000000	      0.00000000	      0.00000000	      0.00000000	      0.00000000	      0.00000000	      0.00000000	      0.00000000	      0.00000000	      0.00000000	      0.00000000	      0.00000000	      0.00000000	      0.00000000	      0.00000000	      0.00000000	      0.00000000	      0.00000000	      0.00000000	      0.00000000	      0.00000000	      0.00000000	      0.00000000	      0.00000000	      0.00000000	      0.00000000	      0.00000000	      0.00000000	      0.00000000	      0.00000000	      0.00000000	      0.47712126	      1.35123164	      0.02880359	     -0.12513922	      0.11860276	      0.12404222	     -0.44684727	     -0.00000000	      0.00000000	      0.00000000	      0.00000000	      0.00000000	     -0.01022338	      0.00000000	     -0.32537225	     -0.64571530	     -0.57283909	     -0.42684147	     -0.23408051	     -0.10837216	     -0.11131972	     -0.12146975	     -0.10765664	      0.71214892	      0.67808012	     -0.00000000	      0.00000000	     -0.04605212	      0.87771736	      0.56572792	      0.25995914	     -0.79756962	     -0.69550781	     -0.00000000	      0.06596866	     -0.00000000	     -0.00000000	     -0.00000000	     -0.00000000	     -0.00000000
      0.53000000	      0.00000000	      0.00000000	      0.00000000	      0.00000000	      0.00000000	      0.00000000	      0.00000000	      0.00000000	      0.00000000	      0.00000000	      0.00000000	      0.00000000	      0.00000000	      0.00000000	      0.00000000	      0.00000000	      0.00000000	      0.00000000	      0.00000000	      0.00000000	      0.00000000	      0.00000000	      0.00000000	      0.00000000	      0.00000000	      0.00000000	      0.00000000	      0.00000000	      0.00000000	      0.00000000	      0.00000000	      0.00000000	      0.00000000	      0.00000000	      0.00000000	      0.00000000	      0.00000000	      0.00000000	      0.00000000	      0.00000000	      0.47678693	      1.35033921	      0.02875743	     -0.12500444	      0.11849290	      0.12396872	     -0.44622365	     -0.00000000	     -0.00000000	     -0.00000000	     -0.00000000	      0.00000000	     -0.01021108	      0.00000000	     -0.32523593	     -0.64515951	     -0.57202986	     -0.42704449	     -0.23427151	     -0.10852017	     -0.11139330	     -0.12157981	     -0.10781031	      0.71187212	      0.67816670	     -0.00000000	     -0.00000000	     -0.04619942	      0.87768610	      0.56637306	      0.26003739	     -0.79646471	     -0.69553308	      0.00000000	      0.06611351	      0.00000000	      0.00000000	     -0.00000000	      0.00000000	     -0.00000000
      0.53500000	      0.00000000	      0.00000000	      0.00000000	      0.00000000	      0.00000000	      0.00000000	      0.00000000	      0.00000000	      0.00000000	      0.00000000	      0.00000000	      0.00000000	      0.00000000	      0.00000000	      0.00000000	      0.00000000	      0.00000000	      0.00000000	      0.00000000	      0.00000000	      0.00000000	      0.00000000	      0.00000000	      0.00000000	      0.00000000	      0.00000000	      0.00000000	      0.00000000	      0.00000000	      0.00000000	      0.00000000	      0.00000000	      0.00000000	      0.00000000	      0.00000000	      0.00000000	      0.00000000	      0.00000000	      0.00000000	      0.00000000	      0.47644049	      1.34940725	      0.02871912	     -0.12487431	      0.11839153	      0.12389790	     -0.44563045	     -0.00000000	     -0.00000000	      0.00000000	      0.00000000	      0.00000000	     -0.01024340	     -0.00000000	     -0.32513938	     -0.64470277	     -0.57130557	     -0.42726384	     -0.23448071	     -0.10868124	     -0.11146811	     -0.12169390	     -0.10797255	      0.71160180	      0.67825296	     -0.00000000	      0.00000000	     -0.04635607	      0.87764597	      0.56705701	      0.26010956	     -0.79541546	     -0.69551357	      0.00000000	      0.06624898	      0.00000000	      0.00000000	      0.00000000	     -0.00000000	      0.00000000
      0.54000000	      0.00000000	      0.00000000	      0.00000000	      0.00000000	      0.00000000	      0.00000000	      0.00000000	      0.00000000	      0.00000000	      0.00000000	      0.00000000	      0.00000000	      0.00000000	      0.00000000	      0.00000000	      0.00000000	      0.00000000	      0.00000000	      0.00000000	      0.00000000	      0.00000000	      0.00000000	      0.00000000	      0.00000000	      0.00000000	      0.00000000	      0.00000000	      0.00000000	      0.00000000	      0.00000000	      0.00000000	      0.00000000	      0.00000000	      0.00000000	      0.00000000	      0.00000000	      0.00000000	      0.00000000	      0.00000000	      0.00000000	      0.47608335	      1.34843587	      0.02868812	     -0.12475266	      0.11829969	      0.12383087	     -0.44507682	     -0.00000000	     -0.00000000	      0.00000000	     -0.00000000	      0.00000000	     -0.01025134	     -0.00000000	     -0.32508539	     -0.64435384	     -0.57068116	     -0.42749389	     -0.23470440	     -0.10885373	     -0.11154246	     -0.12180970	     -0.10814046	      0.71133378	      0.67833489	     -0.00000000	      0.00000000	     -0.04652032	      0.87759551	      0.56779078	      0.26017544	     -0.79443498	     -0.69545625	     -0.00000000	      0.06637378	     -0.00000000	     -0.00000000	      0.00000000	      0.00000000	     -0.00000000
      0.54500000	      0.00000000	      0.00000000	      0.00000000	      0.00000000	      0.00000000	      0.00000000	      0.00000000	      0.00000000	      0.00000000	      0.00000000	      0.00000000	      0.00000000	      0.00000000	      0.00000000	      0.00000000	      0.00000000	      0.00000000	      0.00000000	      0.00000000	      0.00000000	      0.00000000	      0.00000000	      0.00000000	      0.00000000	      0.00000000	      0.00000000	      0.00000000	      0.00000000	      0.00000000	      0.00000000	      0.00000000	      0.00000000	      0.00000000	      0.00000000	      0.00000000	      0.00000000	      0.00000000	      0.00000000	      0.00000000	      0.00000000	      0.47571796	      1.34742782	      0.02866390	     -0.12464383	      0.11821878	      0.12376914	     -0.44457265	      0.00000000	      0.00000000	      0.00000000	     -0.00000000	      0.00000000	     -0.01025831	      0.00000000	     -0.32507611	     -0.64412064	     -0.57017287	     -0.42772685	     -0.23493725	     -0.10903511	     -0.11161414	     -0.12192416	     -0.10831010	      0.71106398	      0.67840822	      0.00000000	      0.00000000	     -0.04668962	      0.87753349	      0.56858746	      0.26023476	     -0.79353699	     -0.69536888	      0.00000000	      0.06648638	      0.00000000	      0.00000000	      0.00000000	     -0.00000000	     -0.00000000
      0.55000000	      0.00000000	      0.00000000	      0.00000000	      0.00000000	      0.00000000	      0.00000000	      0.00000000	      0.00000000	      0.00000000	      0.00000000	      0.00000000	      0.00000000	      0.00000000	      0.00000000	      0.00000000	      0.00000000	      0.00000000	      0.00000000	      0.00000000	      0.00000000	      0.00000000	      0.00000000	      0.00000000	      0.00000000	      0.00000000	      0.00000000	      0.00000000	      0.00000000	      0.00000000	      0.00000000	      0.00000000	      0.00000000	      0.00000000	      0.00000000	      0.00000000	      0.00000000	      0.00000000	      0.00000000	      0.00000000	      0.00000000	      0.47533477	      1.34634787	      0.02864586	     -0.12455278	      0.11815086	      0.12371484	     -0.44411555	     -0.00000000	      0.00000000	     -0.00000000	     -0.00000000	     -0.00000000	     -0.01026889	      0.00000000	     -0.32511544	     -0.64401252	     -0.56980068	     -0.42795175	     -0.23517430	     -0.10922572	     -0.11168025	     -0.12203388	     -0.10847792	      0.71073934	      0.67846961	      0.00000000	     -0.00000000	     -0.04686433	      0.87745533	      0.56951714	      0.26027666	     -0.79272019	     -0.69513224	     -0.00000000	      0.06658653	     -0.00000000	     -0.00000000	     -0.00000000	      0.00000000	      0.00000000
      0.55500000	      0.00000000	      0.00000000	      0.00000000	      0.00000000	      0.00000000	      0.00000000	      0.00000000	      0.00000000	      0.00000000	      0.00000000	      0.00000000	      0.00000000	      0.00000000	      0.00000000	      0.00000000	      0.00000000	      0.00000000	      0.00000000	      0.00000000	      0.00000000	      0.00000000	      0.00000000	      0.00000000	      0.00000000	      0.00000000	      0.00000000	      0.00000000	      0.00000000	      0.00000000	      0.00000000	      0.00000000	      0.00000000	      0.00000000	      0.00000000	      0.00000000	      0.00000000	      0.00000000	      0.00000000	      0.00000000	      0.00000000	      0.47497773	      1.34532682	      0.02863347	     -0.12448391	      0.11809679	      0.12366918	     -0.44375380	     -0.00000000	     -0.00000000	     -0.00000000	     -0.00000000	     -0.00000000	     -0.01025713	     -0.00000000	     -0.32519635	     -0.64402708	     -0.56957269	     -0.42816054	     -0.23540182	     -0.10941016	     -0.11173831	     -0.12213333	     -0.10863413	      0.71050385	      0.67851137	      0.00000000	     -0.00000000	     -0.04702972	      0.87737137	      0.57043101	      0.26033229	     -0.79204330	     -0.69513837	      0.00000000	      0.06666803	     -0.00000000	     -0.00000000	      0.00000000	      0.00000000	      0.00000000
      0.56000000	      0.00000000	      0.00000000	      0.00000000	      0.00000000	      0.00000000	      0.00000000	      0.00000000	      0.00000000	      0.00000000	      0.00000000	      0.00000000	      0.00000000	      0.00000000	      0.00000000	      0.00000000	      0.00000000	      0.00000000	      0.00000000	      0.00000000	      0.00000000	      0.00000000	      0.00000000	      0.00000000	      0.00000000	      0.00000000	      0.00000000	      0.00000000	      0.00000000	      0.00000000	      0.00000000	      0.00000000	      0.00000000	      0.00000000	      0.00000000	      0.00000000	      0.00000000	      0.00000000	      0.00000000	      0.00000000	      0.00000000	      0.47459875	      1.34420990	      0.02862602	     -0.12444236	      0.11805953	      0.12363519	     -0.44344656	      0.00000000	      0.00000000	      0.00000000	      0.00000000	     -0.00000000	     -0.01025737	     -0.00000000	     -0.32532858	     -0.64417723	     -0.56951443	     -0.42833773	     -0.23561957	     -0.10959952	     -0.11178464	     -0.12222001	     -0.10877882	      0.71016105	      0.67853382	     -0.00000000	     -0.00000000	     -0.04719667	      0.87726677	      0.57155937	      0.26036048	     -0.79145777	     -0.69489693	     -0.00000000	      0.06673522	      0.00000000	     -0.00000000	      0.00000000	      0.00000000	     -0.00000000
      0.56500000	      0.00000000	      0.00000000	      0.00000000	      0.00000000	      0.00000000	      0.00000000	      0.00000000	      0.00000000	      0.00000000	      0.00000000	      0.00000000	      0.00000000	      0.00000000	      0.00000000	      0.00000000	      0.00000000	      0.00000000	      0.00000000	      0.00000000	      0.00000000	      0.00000000	      0.00000000	      0.00000000	      0.00000000	      0.00000000	      0.00000000	      0.00000000	      0.00000000	      0.00000000	      0.00000000	      0.00000000	      0.00000000	      0.00000000	      0.00000000	      0.00000000	      0.00000000	      0.00000000	      0.00000000	      0.00000000	      0.00000000	      0.47425633	      1.34317369	      0.02862228	     -0.12443165	      0.11803835	      0.12361300	     -0.44324743	      0.00000000	      0.00000000	      0.00000000	     -0.00000000	     -0.00000000	     -0.01028717	     -0.00000000	     -0.32550124	     -0.64445367	     -0.56962446	     -0.42847887	     -0.23581332	     -0.10977473	     -0.11181777	     -0.12228895	     -0.10890189	      0.70989376	      0.67852773	     -0.00000000	      0.00000000	     -0.04734670	      0.87715594	      0.57271183	      0.26039950	     -0.79102766	     -0.69489337	     -0.00000000	      0.06678173	      0.00000000	     -0.00000000	      0.00000000	      0.00000000	      0.00000000
      0.57000000	      0.00000000	      0.00000000	      0.00000000	      0.00000000	      0.00000000	      0.00000000	      0.00000000	      0.00000000	      0.00000000	      0.00000000	      0.00000000	      0.00000000	      0.00000000	      0.00000000	      0.00000000	      0.00000000	      0.00000000	      0.00000000	      0.00000000	      0.00000000	      0.00000000	      0.00000000	      0.00000000	      0.00000000	      0.00000000	      0.00000000	      0.00000000	      0.00000000	      0.00000000	      0.00000000	      0.00000000	      0.00000000	      0.00000000	      0.00000000	      0.00000000	      0.00000000	      0.00000000	      0.00000000	      0.00000000	      0.00000000	      0.47389819	      1.34205303	      0.02862135	     -0.12445471	      0.11803489	      0.12360449	     -0.44311762	     -0.00000000	      0.00000000	     -0.00000000	      0.00000000	      0.00000000	     -0.01028723	      0.00000000	     -0.32572354	     -0.64486525	     -0.56991898	     -0.42857284	     -0.23598648	     -0.10994948	     -0.11183526	     -0.12233952	     -0.10900610	      0.70952199	      0.67849483	     -0.00000000	      0.00000000	     -0.04749329	      0.87702380	      0.57408635	      0.26041488	     -0.79070514	     -0.69469743	      0.00000000	      0.06681281	     -0.00000000	      0.00000000	     -0.00000000	     -0.00000000	      0.00000000
      0.57500000	      0.00000000	      0.00000000	      0.00000000	      0.00000000	      0.00000000	      0.00000000	      0.00000000	      0.00000000	      0.00000000	      0.00000000	      0.00000000	      0.00000000	      0.00000000	      0.00000000	      0.00000000	      0.00000000	      0.00000000	      0.00000000	      0.00000000	      0.00000000	      0.00000000	      0.00000000	      0.00000000	      0.00000000	      0.00000000	      0.00000000	      0.00000000	      0.00000000	      0.00000000	      0.00000000	      0.00000000	      0.00000000	      0.00000000	      0.00000000	      0.00000000	      0.00000000	      0.00000000	      0.00000000	      0.00000000	      0.00000000	      0.47358581	      1.34103678	      0.02862187	     -0.12451239	      0.11804659	      0.12360814	     -0.44309321	      0.00000000	     -0.00000000	     -0.00000000	     -0.00000000	      0.00000000	     -0.01028962	     -0.00000000	     -0.32598349	     -0.64539853	     -0.57038480	     -0.42862359	     -0.23612959	     -0.11010560	     -0.11183790	     -0.12236958	     -0.10908461	      0.70920827	      0.67842710	     -0.00000000	      0.00000000	     -0.04761846	      0.87688622	      0.57552502	      0.26043562	     -0.79053243	     -0.69470024	     -0.00000000	      0.06682416	     -0.00000000	      0.00000000	     -0.00000000	      0.00000000	     -0.00000000
      0.58000000	      0.00000000	      0.00000000	      0.00000000	      0.00000000	      0.00000000	      0.00000000	      0.00000000	      0.00000000	      0.00000000	      0.00000000	      0.00000000	      0.00000000	      0.00000000	      0.00000000	      0.00000000	      0.00000000	      0.00000000	      0.00000000	      0.00000000	      0.00000000	      0.00000000	      0.00000000	      0.00000000	      0.00000000	      0.00000000	      0.00000000	      0.00000000	      0.00000000	      0.00000000	      0.00000000	      0.00000000	      0.00000000	      0.00000000	      0.00000000	      0.00000000	      0.00000000	      0.00000000	      0.00000000	      0.00000000	      0.00000000	      0.47327445	      1.33998572	      0.02862208	     -0.12460548	      0.11807242	      0.12362371	     -0.44314817	     -0.00000000	     -0.00000000	      0.00000000	     -0.00000000	     -0.00000000	     -0.01029771	      0.00000000	     -0.32628896	     -0.64605850	     -0.57102585	     -0.42862899	     -0.23625033	     -0.11025684	     -0.11182554	     -0.12238116	     -0.10914300	      0.70882904	      0.67832519	     -0.00000000	     -0.00000000	     -0.04773538	      0.87673042	      0.57714668	      0.26044259	     -0.79047620	     -0.69464011	      0.00000000	      0.06682118	     -0.00000000	     -0.00000000	      0.00000000	     -0.00000000	     -0.00000000
      0.58500000	      0.00000000	      0.00000000	      0.00000000	      0.00000000	      0.00000000	      0.00000000	      0.00000000	      0.00000000	      0.00000000	      0.00000000	      0.00000000	      0.00000000	      0.00000000	      0.00000000	      0.00000000	      0.00000000	      0.00000000	      0.00000000	      0.00000000	      0.00000000	      0.00000000	      0.00000000	      0.00000000	      0.00000000	      0.00000000	      0.00000000	      0.00000000	      0.00000000	      0.00000000	      0.00000000	      0.00000000	      0.00000000	      0.00000000	      0.00000000	      0.00000000	      0.00000000	      0.00000000	      0.00000000	      0.00000000	      0.00000000	      0.47297816	      1.33894463	      0.02862028	     -0.12473283	      0.11810897	      0.12364883	     -0.44328590	      0.00000000	      0.00000000	      0.00000000	     -0.00000000	     -0.00000000	     -0.01029622	      0.00000000	     -0.32663695	     -0.64683840	     -0.57182847	     -0.42859714	     -0.23635128	     -0.11040095	     -0.11180034	     -0.12237638	     -0.10918295	      0.70842046	      0.67818560	      0.00000000	     -0.00000000	     -0.04784133	      0.87655988	      0.57891234	      0.26044289	     -0.79053863	     -0.69461114	      0.00000000	      0.06680504	      0.00000000	     -0.00000000	      0.00000000	     -0.00000000	     -0.00000000
      0.59000000	      0.00000000	      0.00000000	      0.00000000	      0.00000000	      0.00000000	      0.00000000	      0.00000000	      0.00000000	      0.00000000	      0.00000000	      0.00000000	      0.00000000	      0.00000000	      0.00000000	      0.00000000	      0.00000000	      0.00000000	      0.00000000	      0.00000000	      0.00000000	      0.00000000	      0.00000000	      0.00000000	      0.00000000	      0.00000000	      0.00000000	      0.00000000	      0.00000000	      0.00000000	      0.00000000	      0.00000000	      0.00000000	      0.00000000	      0.00000000	      0.00000000	      0.00000000	      0.00000000	      0.00000000	      0.00000000	      0.00000000	      0.47269418	      1.33790733	      0.02861456	     -0.12489248	      0.11815238	      0.12368072	     -0.44349981	     -0.00000000	      0.00000000	      0.00000000	     -0.00000000	      0.00000000	     -0.01029258	     -0.00000000	     -0.32702782	     -0.64773411	     -0.57277849	     -0.42853830	     -0.23643972	     -0.11054153	     -0.11176511	     -0.12235907	     -0.10920940	      0.70797833	      0.67800638	      0.00000000	     -0.00000000	     -0.04793917	      0.87637366	      0.58081756	      0.26043729	     -0.79070984	     -0.69461703	     -0.00000000	      0.06677878	      0.00000000	     -0.00000000	      0.00000000	      0.00000000	      0.00000000
      0.59500000	      0.00000000	      0.00000000	      0.00000000	      0.00000000	      0.00000000	      0.00000000	      0.00000000	      0.00000000	      0.00000000	      0.00000000	      0.00000000	      0.00000000	      0.00000000	      0.00000000	      0.00000000	      0.00000000	      0.00000000	      0.00000000	      0.00000000	      0.00000000	      0.00000000	      0.00000000	      0.00000000	      0.00000000	      0.00000000	      0.00000000	      0.00000000	      0.00000000	      0.00000000	      0.00000000	      0.00000000	      0.00000000	      0.00000000	      0.00000000	      0.00000000	      0.00000000	      0.00000000	      0.00000000	      0.00000000	      0.00000000	      0.47241817	      1.33686369	      0.02860298	     -0.12508181	      0.11819832	      0.12371613	     -0.44378238	      0.00000000	     -0.00000000	     -0.00000000	      0.00000000	      0.00000000	     -0.01027887	      0.00000000	     -0.32746261	     -0.64874211	     -0.57385982	     -0.42846533	     -0.23652487	     -0.11068331	     -0.11172330	     -0.12233400	     -0.10922858	      0.70749790	      0.67778585	     -0.00000000	     -0.00000000	     -0.04803273	      0.87617048	      0.58285508	      0.26042670	     -0.79097897	     -0.69466057	     -0.00000000	      0.06674582	     -0.00000000	     -0.00000000	     -0.00000000	      0.00000000	      0.00000000
      0.60000000	      0.00000000	      0.00000000	      0.00000000	      0.00000000	      0.00000000	      0.00000000	      0.00000000	      0.00000000	      0.00000000	      0.00000000	      0.00000000	      0.00000000	      0.00000000	      0.00000000	      0.00000000	      0.00000000	      0.00000000	      0.00000000	      0.00000000	      0.00000000	      0.00000000	      0.00000000	      0.00000000	      0.00000000	      0.00000000	      0.00000000	      0.00000000	      0.00000000	      0.00000000	      0.00000000	      0.00000000	      0.00000000	      0.00000000	      0.00000000	      0.00000000	      0.00000000	      0.00000000	      0.00000000	      0.00000000	      0.00000000	      0.47214472	      1.33580051	      0.02858367	     -0.12529806	      0.11824232	      0.12375159	     -0.44412616	     -0.00000000	      0.00000000	      0.00000000	     -0.00000000	      0.00000000	     -0.01027123	      0.00000000	     -0.32794307	     -0.64986025	     -0.57505657	     -0.42839248	     -0.23661696	     -0.11083161	     -0.11167869	     -0.12230644	     -0.10924738	      0.70697398	      0.67752240	     -0.00000000	     -0.00000000	     -0.04812639	      0.87594869	      0.58501632	      0.26041206	     -0.79133568	     -0.69474396	      0.00000000	      0.06670964	     -0.00000000	      0.00000000	     -0.00000000	     -0.00000000	     -0.00000000
      0.60500000	      0.00000000	      0.00000000	      0.00000000	      0.00000000	      0.00000000	      0.00000000	      0.00000000	      0.00000000	      0.00000000	      0.00000000	      0.00000000	      0.00000000	      0.00000000	      0.00000000	      0.00000000	      0.00000000	      0.00000000	      0.00000000	      0.00000000	      0.00000000	      0.00000000	      0.00000000	      0.00000000	      0.00000000	      0.00000000	      0.00000000	      0.00000000	      0.00000000	      0.00000000	      0.00000000	      0.00000000	      0.00000000	      0.00000000	      0.00000000	      0.00000000	      0.00000000	      0.00000000	      0.00000000	      0.00000000	      0.00000000	      0.47186767	      1.33470224	      0.02855482	     -0.12553859	      0.11828003	      0.12378367	     -0.44452455	     -0.00000000	     -0.00000000	      0.00000000	      0.00000000	     -0.00000000	     -0.01026180	      0.00000000	     -0.32847175	     -0.65108821	     -0.57635434	     -0.42833455	     -0.23672660	     -0.11099205	     -0.11163513	     -0.12228175	     -0.10927284	      0.70640093	      0.67721437	     -0.00000000	     -0.00000000	     -0.04822475	      0.87570626	      0.58729244	      0.26039430	     -0.79177119	     -0.69486903	      0.00000000	      0.06667356	     -0.00000000	     -0.00000000	     -0.00000000	      0.00000000	      0.00000000
      0.61000000	      0.00000000	      0.00000000	      0.00000000	      0.00000000	      0.00000000	      0.00000000	      0.00000000	      0.00000000	      0.00000000	      0.00000000	      0.00000000	      0.00000000	      0.00000000	      0.00000000	      0.00000000	      0.00000000	      0.00000000	      0.00000000	      0.00000000	      0.00000000	      0.00000000	      0.00000000	      0.00000000	      0.00000000	      0.00000000	      0.00000000	      0.00000000	      0.00000000	      0.00000000	      0.00000000	      0.00000000	      0.00000000	      0.00000000	      0.00000000	      0.00000000	      0.00000000	      0.00000000	      0.00000000	      0.00000000	      0.00000000	      0.47158012	      1.33355077	      0.02851474	     -0.12580110	      0.11830732	      0.12380900	     -0.44497223	     -0.00000000	     -0.00000000	      0.00000000	     -0.00000000	      0.00000000	     -0.01022582	      0.00000000	     -0.32905205	     -0.65242780	     -0.57774104	     -0.42830643	     -0.23686445	     -0.11117036	     -0.11159642	     -0.12226529	     -0.10931199	      0.70577239	      0.67685989	     -0.00000000	     -0.00000000	     -0.04833251	      0.87544074	      0.58967468	      0.26037438	     -0.79227894	     -0.69503753	     -0.00000000	      0.06664068	     -0.00000000	     -0.00000000	     -0.00000000	      0.00000000	     -0.00000000
      0.61500000	      0.00000000	      0.00000000	      0.00000000	      0.00000000	      0.00000000	      0.00000000	      0.00000000	      0.00000000	      0.00000000	      0.00000000	      0.00000000	      0.00000000	      0.00000000	      0.00000000	      0.00000000	      0.00000000	      0.00000000	      0.00000000	      0.00000000	      0.00000000	      0.00000000	      0.00000000	      0.00000000	      0.00000000	      0.00000000	      0.00000000	      0.00000000	      0.00000000	      0.00000000	      0.00000000	      0.00000000	      0.00000000	      0.00000000	      0.00000000	      0.00000000	      0.00000000	      0.00000000	      0.00000000	      0.00000000	      0.00000000	      0.47127481	      1.33232650	      0.02846183	     -0.12608366	      0.11832035	      0.12382441	     -0.44546546	      0.00000000	     -0.00000000	      0.00000000	      0.00000000	      0.00000000	     -0.01023321	      0.00000000	     -0.32968806	     -0.65388288	     -0.57920710	     -0.42832290	     -0.23704100	     -0.11137220	     -0.11156627	     -0.12226228	     -0.10937167	      0.70508162	      0.67645689	      0.00000000	      0.00000000	     -0.04845431	      0.87514935	      0.59215402	      0.26035317	     -0.79285505	     -0.69525135	      0.00000000	      0.06661379	      0.00000000	     -0.00000000	      0.00000000	      0.00000000	      0.00000000
      0.62000000	      0.00000000	      0.00000000	      0.00000000	      0.00000000	      0.00000000	      0.00000000	      0.00000000	      0.00000000	      0.00000000	      0.00000000	      0.00000000	      0.00000000	      0.00000000	      0.00000000	      0.00000000	      0.00000000	      0.00000000	      0.00000000	      0.00000000	      0.00000000	      0.00000000	      0.00000000	      0.00000000	      0.00000000	      0.00000000	      0.00000000	      0.00000000	      0.00000000	      0.00000000	      0.00000000	      0.00000000	      0.00000000	      0.00000000	      0.00000000	      0.00000000	      0.00000000	      0.00000000	      0.00000000	      0.00000000	      0.00000000	      0.47094413	      1.33100825	      0.02839461	     -0.12638493	      0.11831563	      0.12382694	     -0.44600254	      0.00000000	     -0.00000000	      0.00000000	      0.00000000	     -0.00000000	     -0.01020570	      0.00000000	     -0.33038465	     -0.65545945	     -0.58074608	     -0.42839811	     -0.23726621	     -0.11160304	     -0.11154815	     -0.12227762	     -0.10945826	      0.70432123	      0.67600296	      0.00000000	      0.00000000	     -0.04859455	      0.87482887	      0.59472089	      0.26033152	     -0.79349909	     -0.69551275	     -0.00000000	      0.06659527	      0.00000000	      0.00000000	     -0.00000000	     -0.00000000	      0.00000000
      0.62500000	      0.00000000	      0.00000000	      0.00000000	      0.00000000	      0.00000000	      0.00000000	      0.00000000	      0.00000000	      0.00000000	      0.00000000	      0.00000000	      0.00000000	      0.00000000	      0.00000000	      0.00000000	      0.00000000	      0.00000000	      0.00000000	      0.00000000	      0.00000000	      0.00000000	      0.00000000	      0.00000000	      0.00000000	      0.00000000	      0.00000000	      0.00000000	      0.00000000	      0.00000000	      0.00000000	      0.00000000	      0.00000000	      0.00000000	      0.00000000	      0.00000000	      0.00000000	      0.00000000	      0.00000000	      0.00000000	      0.00000000	      0.47058038	      1.32957382	      0.02831167	     -0.12670425	      0.11829013	      0.12381398	     -0.44658428	      0.00000000	      0.00000000	     -0.00000000	     -0.00000000	      0.00000000	     -0.01018567	     -0.00000000	     -0.33114731	     -0.65716567	     -0.58235510	     -0.42854518	     -0.23754928	     -0.11186797	     -0.11154521	     -0.12231577	     -0.10957754	      0.70348330	      0.67549526	     -0.00000000	     -0.00000000	     -0.04875731	      0.87447574	      0.59736490	      0.26031026	     -0.79421476	     -0.69582476	     -0.00000000	      0.06658705	     -0.00000000	     -0.00000000	      0.00000000	      0.00000000	      0.00000000
      0.63000000	      0.00000000	      0.00000000	      0.00000000	      0.00000000	      0.00000000	      0.00000000	      0.00000000	      0.00000000	      0.00000000	      0.00000000	      0.00000000	      0.00000000	      0.00000000	      0.00000000	      0.00000000	      0.00000000	      0.00000000	      0.00000000	      0.00000000	      0.00000000	      0.00000000	      0.00000000	      0.00000000	      0.00000000	      0.00000000	      0.00000000	      0.00000000	      0.00000000	      0.00000000	      0.00000000	      0.00000000	      0.00000000	      0.00000000	      0.00000000	      0.00000000	      0.00000000	      0.00000000	      0.00000000	      0.00000000	      0.00000000	      0.47017592	      1.32800039	      0.02821173	     -0.12704171	      0.11824132	      0.12378326	     -0.44721432	     -0.00000000	     -0.00000000	     -0.00000000	     -0.00000000	      0.00000000	     -0.01016167	     -0.00000000	     -0.33198223	     -0.65901182	     -0.58403506	     -0.42877594	     -0.23789844	     -0.11217167	     -0.11156019	     -0.12238062	     -0.10973456	      0.70255935	      0.67493047	      0.00000000	     -0.00000000	     -0.04894622	      0.87408605	      0.60007440	      0.26029013	     -0.79501038	     -0.69619139	     -0.00000000	      0.06659047	      0.00000000	      0.00000000	     -0.00000000	     -0.00000000	     -0.00000000
      0.63500000	      0.00000000	      0.00000000	      0.00000000	      0.00000000	      0.00000000	      0.00000000	      0.00000000	      0.00000000	      0.00000000	      0.00000000	      0.00000000	      0.00000000	      0.00000000	      0.00000000	      0.00000000	      0.00000000	      0.00000000	      0.00000000	      0.00000000	      0.00000000	      0.00000000	      0.00000000	      0.00000000	      0.00000000	      0.00000000	      0.00000000	      0.00000000	      0.00000000	      0.00000000	      0.00000000	      0.00000000	      0.00000000	      0.00000000	      0.00000000	      0.00000000	      0.00000000	      0.00000000	      0.00000000	      0.00000000	      0.00000000	      0.46972331	      1.32626482	      0.02809353	     -0.12739828	      0.11816713	      0.12373290	     -0.44789926	     -0.00000000	      0.00000000	      0.00000000	     -0.00000000	      0.00000000	     -0.01010584	     -0.00000000	     -0.33289615	     -0.66101018	     -0.58579070	     -0.42910073	     -0.23832088	     -0.11251833	     -0.11159540	     -0.12247548	     -0.10993355	      0.70154036	      0.67430466	     -0.00000000	      0.00000000	     -0.04916448	      0.87365552	      0.60283634	      0.26027184	     -0.79589914	     -0.69661793	     -0.00000000	      0.06660637	      0.00000000	     -0.00000000	      0.00000000	     -0.00000000	     -0.00000000
      0.64000000	      0.00000000	      0.00000000	      0.00000000	      0.00000000	      0.00000000	      0.00000000	      0.00000000	      0.00000000	      0.00000000	      0.00000000	      0.00000000	      0.00000000	      0.00000000	      0.00000000	      0.00000000	      0.00000000	      0.00000000	      0.00000000	      0.00000000	      0.00000000	      0.00000000	      0.00000000	      0.00000000	      0.00000000	      0.00000000	      0.00000000	      0.00000000	      0.00000000	      0.00000000	      0.00000000	      0.00000000	      0.00000000	      0.00000000	      0.00000000	      0.00000000	      0.00000000	      0.00000000	      0.00000000	      0.00000000	      0.00000000	      0.46921539	      1.32434400	      0.02795590	     -0.12777585	      0.11806600	      0.12366146	     -0.44864906	      0.00000000	      0.00000000	     -0.00000000	     -0.00000000	     -0.00000000	     -0.01007312	     -0.00000000	     -0.33389647	     -0.66317517	     -0.58763100	     -0.42952827	     -0.23882263	     -0.11291162	     -0.11165266	     -0.12260299	     -0.11017786	      0.70041683	      0.67361322	     -0.00000000	     -0.00000000	     -0.04941470	      0.87317952	      0.60563625	      0.26025605	     -0.79689964	     -0.69711128	     -0.00000000	      0.06663496	     -0.00000000	     -0.00000000	     -0.00000000	     -0.00000000	      0.00000000
      0.64500000	      0.00000000	      0.00000000	      0.00000000	      0.00000000	      0.00000000	      0.00000000	      0.00000000	      0.00000000	      0.00000000	      0.00000000	      0.00000000	      0.00000000	      0.00000000	      0.00000000	      0.00000000	      0.00000000	      0.00000000	      0.00000000	      0.00000000	      0.00000000	      0.00000000	      0.00000000	      0.00000000	      0.00000000	      0.00000000	      0.00000000	      0.00000000	      0.00000000	      0.00000000	      0.00000000	      0.00000000	      0.00000000	      0.00000000	      0.00000000	      0.00000000	      0.00000000	      0.00000000	      0.00000000	      0.00000000	      0.00000000	      0.46864548	      1.32221494	      0.02779764	     -0.12817744	      0.11793693	      0.12356794	     -0.44947759	     -0.00000000	     -0.00000000	     -0.00000000	      0.00000000	      0.00000000	     -0.01002517	     -0.00000000	     -0.33499143	     -0.66552386	     -0.58956997	     -0.43006534	     -0.23940844	     -0.11335463	     -0.11173326	     -0.12276504	     -0.11046984	      0.69917852	      0.67285056	      0.00000000	     -0.00000000	     -0.04969893	      0.87265294	      0.60845880	      0.26024334	     -0.79803668	     -0.69768044	     -0.00000000	      0.06667576	      0.00000000	     -0.00000000	      0.00000000	     -0.00000000	     -0.00000000
      0.65000000	      0.00000000	      0.00000000	      0.00000000	      0.00000000	      0.00000000	      0.00000000	      0.00000000	      0.00000000	      0.00000000	      0.00000000	      0.00000000	      0.00000000	      0.00000000	      0.00000000	      0.00000000	      0.00000000	      0.00000000	      0.00000000	      0.00000000	      0.00000000	      0.00000000	      0.00000000	      0.00000000	      0.00000000	      0.00000000	      0.00000000	      0.00000000	      0.00000000	      0.00000000	      0.00000000	      0.00000000	      0.00000000	      0.00000000	      0.00000000	      0.00000000	      0.00000000	      0.00000000	      0.00000000	      0.00000000	      0.00000000	      0.46800784	      1.31985646	      0.02761768	     -0.12860733	      0.11777958	      0.12345187	     -0.45040293	     -0.00000000	     -0.00000000	     -0.00000000	      0.00000000	     -0.00000000	     -0.00999956	      0.00000000	     -0.33619018	     -0.66807631	     -0.59162722	     -0.43071669	     -0.24008167	     -0.11384978	     -0.11183784	     -0.12296266	     -0.11081072	      0.69781532	      0.67201015	      0.00000000	      0.00000000	     -0.05001844	      0.87207035	      0.61128792	      0.26023410	     -0.79934178	     -0.69833638	      0.00000000	      0.06672747	      0.00000000	     -0.00000000	      0.00000000	     -0.00000000	      0.00000000
      0.65500000	      0.00000000	      0.00000000	      0.00000000	      0.00000000	      0.00000000	      0.00000000	      0.00000000	      0.00000000	      0.00000000	      0.00000000	      0.00000000	      0.00000000	      0.00000000	      0.00000000	      0.00000000	      0.00000000	      0.00000000	      0.00000000	      0.00000000	      0.00000000	      0.00000000	      0.00000000	      0.00000000	      0.00000000	      0.00000000	      0.00000000	      0.00000000	      0.00000000	      0.00000000	      0.00000000	      0.00000000	      0.00000000	      0.00000000	      0.00000000	      0.00000000	      0.00000000	      0.00000000	      0.00000000	      0.00000000	      0.00000000	      0.46729738	      1.31724762	      0.02741482	     -0.12907136	      0.11759418	      0.12331331	     -0.45144819	      0.00000000	      0.00000000	     -0.00000000	     -0.00000000	     -0.00000000	     -0.00995430	      0.00000000	     -0.33750311	     -0.67085609	     -0.59382880	     -0.43148485	     -0.24084427	     -0.11439892	     -0.11196641	     -0.12319603	     -0.11120061	      0.69631605	      0.67108385	     -0.00000000	      0.00000000	     -0.05037387	      0.87142560	      0.61410790	      0.26022863	     -0.80085419	     -0.69909333	      0.00000000	      0.06678799	      0.00000000	      0.00000000	     -0.00000000	      0.00000000	      0.00000000
      0.66000000	      0.00000000	      0.00000000	      0.00000000	      0.00000000	      0.00000000	      0.00000000	      0.00000000	      0.00000000	      0.00000000	      0.00000000	      0.00000000	      0.00000000	      0.00000000	      0.00000000	      0.00000000	      0.00000000	      0.00000000	      0.00000000	      0.00000000	      0.00000000	      0.00000000	      0.00000000	      0.00000000	      0.00000000	      0.00000000	      0.00000000	      0.00000000	      0.00000000	      0.00000000	      0.00000000	      0.00000000	      0.00000000	      0.00000000	      0.00000000	      0.00000000	      0.00000000	      0.00000000	      0.00000000	      0.00000000	      0.00000000	      0.46650998	      1.31436921	      0.02718781	     -0.12957683	      0.11738146	      0.12315277	     -0.45264068	     -0.00000000	      0.00000000	     -0.00000000	     -0.00000000	     -0.00000000	     -0.00990520	      0.00000000	     -0.33894149	     -0.67388946	     -0.59620639	     -0.43237037	     -0.24169676	     -0.11500314	     -0.11211839	     -0.12346447	     -0.11163844	      0.69466908	      0.67006217	      0.00000000	      0.00000000	     -0.05076497	      0.87071204	      0.61690466	      0.26022706	     -0.80261955	     -0.69996836	     -0.00000000	      0.06685446	      0.00000000	     -0.00000000	     -0.00000000	     -0.00000000	      0.00000000
      0.66500000	      0.00000000	      0.00000000	      0.00000000	      0.00000000	      0.00000000	      0.00000000	      0.00000000	      0.00000000	      0.00000000	      0.00000000	      0.00000000	      0.00000000	      0.00000000	      0.00000000	      0.00000000	      0.00000000	      0.00000000	      0.00000000	      0.00000000	      0.00000000	      0.00000000	      0.00000000	      0.00000000	      0.00000000	      0.00000000	      0.00000000	      0.00000000	      0.00000000	      0.00000000	      0.00000000	      0.00000000	      0.00000000	      0.00000000	      0.00000000	      0.00000000	      0.00000000	      0.00000000	      0.00000000	      0.00000000	      0.00000000	      0.46564248	      1.31120365	      0.02693521	     -0.13013226	      0.11714258	      0.12297116	     -0.45401029	      0.00000000	      0.00000000	      0.00000000	      0.00000000	      0.00000000	     -0.00985210	      0.00000000	     -0.34051662	     -0.67720316	     -0.59879513	     -0.43337208	     -0.24263801	     -0.11566254	     -0.11229273	     -0.12376654	     -0.11212196	      0.69286216	      0.66893438	      0.00000000	     -0.00000000	     -0.05119058	      0.86992261	      0.61966828	      0.26022941	     -0.80468685	     -0.70098125	      0.00000000	      0.06692356	      0.00000000	      0.00000000	      0.00000000	      0.00000000	      0.00000000
      0.67000000	      0.00000000	      0.00000000	      0.00000000	      0.00000000	      0.00000000	      0.00000000	      0.00000000	      0.00000000	      0.00000000	      0.00000000	      0.00000000	      0.00000000	      0.00000000	      0.00000000	      0.00000000	      0.00000000	      0.00000000	      0.00000000	      0.00000000	      0.00000000	      0.00000000	      0.00000000	      0.00000000	      0.00000000	      0.00000000	      0.00000000	      0.00000000	      0.00000000	      0.00000000	      0.00000000	      0.00000000	      0.00000000	      0.00000000	      0.00000000	      0.00000000	      0.00000000	      0.00000000	      0.00000000	      0.00000000	      0.00000000	      0.46469260	      1.30773544	      0.02665531	     -0.13074702	      0.11687881	      0.12276962	     -0.45558714	      0.00000000	     -0.00000000	      0.00000000	     -0.00000000	     -0.00000000	     -0.00979484	     -0.00000000	     -0.34223857	     -0.68082092	     -0.60163033	     -0.43448701	     -0.24366504	     -0.11637603	     -0.11248798	     -0.12410013	     -0.11264772	      0.69088240	      0.66768904	      0.00000000	      0.00000000	     -0.05164849	      0.86905011	      0.62239509	      0.26023565	     -0.80710432	     -0.70215386	     -0.00000000	      0.06699181	     -0.00000000	     -0.00000000	     -0.00000000	     -0.00000000	     -0.00000000
      0.67500000	      0.00000000	      0.00000000	      0.00000000	      0.00000000	      0.00000000	      0.00000000	      0.00000000	      0.00000000	      0.00000000	      0.00000000	      0.00000000	      0.00000000	      0.00000000	      0.00000000	      0.00000000	      0.00000000	      0.00000000	      0.00000000	      0.00000000	      0.00000000	      0.00000000	      0.00000000	      0.00000000	      0.00000000	      0.00000000	      0.00000000	      0.00000000	      0.00000000	      0.00000000	      0.00000000	      0.00000000	      0.00000000	      0.00000000	      0.00000000	      0.00000000	      0.00000000	      0.00000000	      0.00000000	      0.00000000	      0.00000000	      0.46365901	      1.30395165	      0.02634613	     -0.13143081	      0.11659147	      0.12254950	     -0.45739959	     -0.00000000	     -0.00000000	     -0.00000000	     -0.00000000	     -0.00000000	     -0.00973323	     -0.00000000	     -0.34411494	     -0.68476016	     -0.60474423	     -0.43571001	     -0.24477287	     -0.11714136	     -0.11270227	     -0.12446240	     -0.11321108	      0.68871641	      0.66631451	     -0.00000000	      0.00000000	     -0.05213557	      0.86808757	      0.62508835	      0.26024580	     -0.80991571	     -0.70350942	     -0.00000000	      0.06705592	     -0.00000000	     -0.00000000	     -0.00000000	     -0.00000000	      0.00000000
      0.68000000	      0.00000000	      0.00000000	      0.00000000	      0.00000000	      0.00000000	      0.00000000	      0.00000000	      0.00000000	      0.00000000	      0.00000000	      0.00000000	      0.00000000	      0.00000000	      0.00000000	      0.00000000	      0.00000000	      0.00000000	      0.00000000	      0.00000000	      0.00000000	      0.00000000	      0.00000000	      0.00000000	      0.00000000	      0.00000000	      0.00000000	      0.00000000	      0.00000000	      0.00000000	      0.00000000	      0.00000000	      0.00000000	      0.00000000	      0.00000000	      0.00000000	      0.00000000	      0.00000000	      0.00000000	      0.00000000	      0.00000000	      0.46254135	      1.29984245	      0.02600533	     -0.13219332	      0.11628184	      0.12231238	     -0.45947294	     -0.00000000	     -0.00000000	      0.00000000	      0.00000000	     -0.00000000	     -0.00966202	      0.00000000	     -0.34614993	     -0.68902930	     -0.60816348	     -0.43703317	     -0.24595447	     -0.11795521	     -0.11293329	     -0.12484979	     -0.11380635	      0.68635055	      0.66479937	     -0.00000000	     -0.00000000	     -0.05264795	      0.86702857	      0.62775783	      0.26025990	     -0.81315796	     -0.70507185	      0.00000000	      0.06711292	      0.00000000	     -0.00000000	      0.00000000	      0.00000000	      0.00000000
      0.68500000	      0.00000000	      0.00000000	      0.00000000	      0.00000000	      0.00000000	      0.00000000	      0.00000000	      0.00000000	      0.00000000	      0.00000000	      0.00000000	      0.00000000	      0.00000000	      0.00000000	      0.00000000	      0.00000000	      0.00000000	      0.00000000	      0.00000000	      0.00000000	      0.00000000	      0.00000000	      0.00000000	      0.00000000	      0.00000000	      0.00000000	      0.00000000	      0.00000000	      0.00000000	      0.00000000	      0.00000000	      0.00000000	      0.00000000	      0.00000000	      0.00000000	      0.00000000	      0.00000000	      0.00000000	      0.00000000	      0.00000000	      0.46134037	      1.29540166	      0.02563034	     -0.13304392	      0.11595106	      0.12206007	     -0.46182860	     -0.00000000	     -0.00000000	      0.00000000	      0.00000000	      0.00000000	     -0.00959082	      0.00000000	     -0.34834380	     -0.69362620	     -0.61190741	     -0.43844546	     -0.24720086	     -0.11881343	     -0.11317823	     -0.12525800	     -0.11442693	      0.68377129	      0.66313280	      0.00000000	     -0.00000000	     -0.05318122	      0.86586746	      0.63041906	      0.26027808	     -0.81685953	     -0.70686517	     -0.00000000	      0.06716025	     -0.00000000	     -0.00000000	     -0.00000000	     -0.00000000	     -0.00000000
      0.69000000	      0.00000000	      0.00000000	      0.00000000	      0.00000000	      0.00000000	      0.00000000	      0.00000000	      0.00000000	      0.00000000	      0.00000000	      0.00000000	      0.00000000	      0.00000000	      0.00000000	      0.00000000	      0.00000000	      0.00000000	      0.00000000	      0.00000000	      0.00000000	      0.00000000	      0.00000000	      0.00000000	      0.00000000	      0.00000000	      0.00000000	      0.00000000	      0.00000000	      0.00000000	      0.00000000	      0.00000000	      0.00000000	      0.00000000	      0.00000000	      0.00000000	      0.00000000	      0.00000000	      0.00000000	      0.00000000	      0.00000000	      0.46005792	      1.29062714	      0.02521831	     -0.13399143	      0.11560018	      0.12179459	     -0.46448360	      0.00000000	      0.00000000	     -0.00000000	      0.00000000	      0.00000000	     -0.00951487	     -0.00000000	     -0.35069267	     -0.69853747	     -0.61598679	     -0.43993265	     -0.24850140	     -0.11971123	     -0.11343377	     -0.12568206	     -0.11506549	      0.68096552	      0.66130480	      0.00000000	     -0.00000000	     -0.05373062	      0.86459951	      0.63309251	      0.26030046	     -0.82103955	     -0.70891299	      0.00000000	      0.06719578	      0.00000000	      0.00000000	     -0.00000000	     -0.00000000	     -0.00000000
      0.69500000	      0.00000000	      0.00000000	      0.00000000	      0.00000000	      0.00000000	      0.00000000	      0.00000000	      0.00000000	      0.00000000	      0.00000000	      0.00000000	      0.00000000	      0.00000000	      0.00000000	      0.00000000	      0.00000000	      0.00000000	      0.00000000	      0.00000000	      0.00000000	      0.00000000	      0.00000000	      0.00000000	      0.00000000	      0.00000000	      0.00000000	      0.00000000	      0.00000000	      0.00000000	      0.00000000	      0.00000000	      0.00000000	      0.00000000	      0.00000000	      0.00000000	      0.00000000	      0.00000000	      0.00000000	      0.00000000	      0.00000000	      0.45869704	      1.28552107	      0.02476621	     -0.13504396	      0.11523008	      0.12151821	     -0.46745025	      0.00000000	      0.00000000	      0.00000000	      0.00000000	      0.00000000	     -0.00941699	     -0.00000000	     -0.35318853	     -0.70373862	     -0.62040318	     -0.44147744	     -0.24984408	     -0.12064343	     -0.11369612	     -0.12611642	     -0.11571430	      0.67792093	      0.65930631	      0.00000000	      0.00000000	     -0.05429127	      0.86322101	      0.63580275	      0.26032712	     -0.82570732	     -0.71123797	      0.00000000	      0.06721785	      0.00000000	      0.00000000	     -0.00000000	      0.00000000	      0.00000000
      0.70000000	      0.00000000	      0.00000000	      0.00000000	      0.00000000	      0.00000000	      0.00000000	      0.00000000	      0.00000000	      0.00000000	      0.00000000	      0.00000000	      0.00000000	      0.00000000	      0.00000000	      0.00000000	      0.00000000	      0.00000000	      0.00000000	      0.00000000	      0.00000000	      0.00000000	      0.00000000	      0.00000000	      0.00000000	      0.00000000	      0.00000000	      0.00000000	      0.00000000	      0.00000000	      0.00000000	      0.00000000	      0.00000000	      0.00000000	      0.00000000	      0.00000000	      0.00000000	      0.00000000	      0.00000000	      0.00000000	      0.00000000	      0.45726200	      1.28009024	      0.02427085	     -0.13620874	      0.11484157	      0.12123339	     -0.47073607	     -0.00000000	     -0.00000000	     -0.00000000	     -0.00000000	      0.00000000	     -0.00933042	     -0.00000000	     -0.35581952	     -0.70919498	     -0.62514884	     -0.44305960	     -0.25121586	     -0.12160462	     -0.11396102	     -0.12655498	     -0.11636534	      0.67462634	      0.65712939	      0.00000000	     -0.00000000	     -0.05485821	      0.86172935	      0.63857781	      0.26035807	     -0.83086215	     -0.71386146	     -0.00000000	      0.06722514	     -0.00000000	     -0.00000000	      0.00000000	      0.00000000	      0.00000000
      0.70500000	      0.00000000	      0.00000000	      0.00000000	      0.00000000	      0.00000000	      0.00000000	      0.00000000	      0.00000000	      0.00000000	      0.00000000	      0.00000000	      0.00000000	      0.00000000	      0.00000000	      0.00000000	      0.00000000	      0.00000000	      0.00000000	      0.00000000	      0.00000000	      0.00000000	      0.00000000	      0.00000000	      0.00000000	      0.00000000	      0.00000000	      0.00000000	      0.00000000	      0.00000000	      0.00000000	      0.00000000	      0.00000000	      0.00000000	      0.00000000	      0.00000000	      0.00000000	      0.00000000	      0.00000000	      0.00000000	      0.00000000	      0.45575841	      1.27434638	      0.02372900	     -0.13749213	      0.11443536	      0.12094287	     -0.47434379	      0.00000000	     -0.00000000	     -0.00000000	      0.00000000	      0.00000000	     -0.00923821	      0.00000000	     -0.35857030	     -0.71486341	     -0.63020712	     -0.44465633	     -0.25260293	     -0.12258919	     -0.11422377	     -0.12699120	     -0.11701046	      0.67107199	      0.65476715	      0.00000000	     -0.00000000	     -0.05542648	      0.86012299	      0.64144892	      0.26039312	     -0.83649356	     -0.71680316	      0.00000000	      0.06721667	     -0.00000000	     -0.00000000	     -0.00000000	      0.00000000	     -0.00000000
      0.71000000	      0.00000000	      0.00000000	      0.00000000	      0.00000000	      0.00000000	      0.00000000	      0.00000000	      0.00000000	      0.00000000	      0.00000000	      0.00000000	      0.00000000	      0.00000000	      0.00000000	      0.00000000	      0.00000000	      0.00000000	      0.00000000	      0.00000000	      0.00000000	      0.00000000	      0.00000000	      0.00000000	      0.00000000	      0.00000000	      0.00000000	      0.00000000	      0.00000000	      0.00000000	      0.00000000	      0.00000000	      0.00000000	      0.00000000	      0.00000000	      0.00000000	      0.00000000	      0.00000000	      0.00000000	      0.00000000	      0.00000000	      0.45419325	      1.26830626	      0.02313736	     -0.13889950	      0.11401217	      0.12064959	     -0.47827145	     -0.00000000	      0.00000000	      0.00000000	     -0.00000000	      0.00000000	     -0.00908681	     -0.00000000	     -0.36142276	     -0.72069467	     -0.63555346	     -0.44624281	     -0.25399098	     -0.12359143	     -0.11447928	     -0.12741811	     -0.11764153	      0.66724982	      0.65221381	     -0.00000000	     -0.00000000	     -0.05599106	      0.85840148	      0.64445059	      0.26043182	     -0.84258156	     -0.72008079	      0.00000000	      0.06719168	     -0.00000000	      0.00000000	      0.00000000	      0.00000000	      0.00000000
      0.71500000	      0.00000000	      0.00000000	      0.00000000	      0.00000000	      0.00000000	      0.00000000	      0.00000000	      0.00000000	      0.00000000	      0.00000000	      0.00000000	      0.00000000	      0.00000000	      0.00000000	      0.00000000	      0.00000000	      0.00000000	      0.00000000	      0.00000000	      0.00000000	      0.00000000	      0.00000000	      0.00000000	      0.00000000	      0.00000000	      0.00000000	      0.00000000	      0.00000000	      0.00000000	      0.00000000	      0.00000000	      0.00000000	      0.00000000	      0.00000000	      0.00000000	      0.00000000	      0.00000000	      0.00000000	      0.00000000	      0.00000000	      0.45257516	      1.26199265	      0.02249281	     -0.14043519	      0.11357280	      0.12035676	     -0.48251228	      0.00000000	     -0.00000000	     -0.00000000	      0.00000000	      0.00000000	     -0.00898322	      0.00000000	     -0.36435676	     -0.72663633	     -0.64115680	     -0.44779301	     -0.25536558	     -0.12460537	     -0.11472221	     -0.12782856	     -0.11825049	      0.66315432	      0.64946484	     -0.00000000	      0.00000000	     -0.05654674	      0.85656548	      0.64762061	      0.26047328	     -0.84909706	     -0.72370922	     -0.00000000	      0.06714952	     -0.00000000	      0.00000000	     -0.00000000	     -0.00000000	     -0.00000000
      0.72000000	      0.00000000	      0.00000000	      0.00000000	      0.00000000	      0.00000000	      0.00000000	      0.00000000	      0.00000000	      0.00000000	      0.00000000	      0.00000000	      0.00000000	      0.00000000	      0.00000000	      0.00000000	      0.00000000	      0.00000000	      0.00000000	      0.00000000	      0.00000000	      0.00000000	      0.00000000	      0.00000000	      0.00000000	      0.00000000	      0.00000000	      0.00000000	      0.00000000	      0.00000000	      0.00000000	      0.00000000	      0.00000000	      0.00000000	      0.00000000	      0.00000000	      0.00000000	      0.00000000	      0.00000000	      0.00000000	      0.00000000	      0.45091336	      1.25543030	      0.02179187	     -0.14210306	      0.11311778	      0.12006760	     -0.48705644	     -0.00000000	     -0.00000000	      0.00000000	     -0.00000000	      0.00000000	     -0.00887374	      0.00000000	     -0.36735155	     -0.73263641	     -0.64698236	     -0.44928038	     -0.25671260	     -0.12562522	     -0.11494703	     -0.12821523	     -0.11882956	      0.65877989	      0.64651555	      0.00000000	      0.00000000	     -0.05708836	      0.85461589	      0.65100112	      0.26051635	     -0.85600441	     -0.72770312	      0.00000000	      0.06708975	      0.00000000	     -0.00000000	      0.00000000	      0.00000000	      0.00000000
      0.72500000	      0.00000000	      0.00000000	      0.00000000	      0.00000000	      0.00000000	      0.00000000	      0.00000000	      0.00000000	      0.00000000	      0.00000000	      0.00000000	      0.00000000	      0.00000000	      0.00000000	      0.00000000	      0.00000000	      0.00000000	      0.00000000	      0.00000000	      0.00000000	      0.00000000	      0.00000000	      0.00000000	      0.00000000	      0.00000000	      0.00000000	      0.00000000	      0.00000000	      0.00000000	      0.00000000	      0.00000000	      0.00000000	      0.00000000	      0.00000000	      0.00000000	      0.00000000	      0.00000000	      0.00000000	      0.00000000	      0.00000000	      0.44921913	      1.24865134	      0.02103152	     -0.14390575	      0.11264794	      0.11978556	     -0.49188991	      0.00000000	      0.00000000	      0.00000000	      0.00000000	      0.00000000	     -0.00875846	      0.00000000	     -0.37038610	     -0.73864563	     -0.65299297	     -0.45067891	     -0.25801835	     -0.12664480	     -0.11514819	     -0.12857085	     -0.11937117	      0.65412485	      0.64336266	      0.00000000	      0.00000000	     -0.05761034	      0.85255476	      0.65463711	      0.26055915	     -0.86326093	     -0.73207290	      0.00000000	      0.06701173	      0.00000000	      0.00000000	      0.00000000	     -0.00000000	      0.00000000
      0.73000000	      0.00000000	      0.00000000	      0.00000000	      0.00000000	      0.00000000	      0.00000000	      0.00000000	      0.00000000	      0.00000000	      0.00000000	      0.00000000	      0.00000000	      0.00000000	      0.00000000	      0.00000000	      0.00000000	      0.00000000	      0.00000000	      0.00000000	      0.00000000	      0.00000000	      0.00000000	      0.00000000	      0.00000000	      0.00000000	      0.00000000	      0.00000000	      0.00000000	      0.00000000	      0.00000000	      0.00000000	      0.00000000	      0.00000000	      0.00000000	      0.00000000	      0.00000000	      0.00000000	      0.00000000	      0.00000000	      0.00000000	      0.44750462	      1.24169091	      0.02020864	     -0.14584519	      0.11216399	      0.11951406	     -0.49699636	     -0.00000000	      0.00000000	      0.00000000	     -0.00000000	      0.00000000	     -0.00863750	     -0.00000000	     -0.37344041	     -0.74461999	     -0.65915172	     -0.45196363	     -0.25927001	     -0.12765807	     -0.11532021	     -0.12888829	     -0.11986816	      0.64918873	      0.64000288	     -0.00000000	     -0.00000000	     -0.05810697	      0.85038438	      0.65857611	      0.26059924	     -0.87082002	     -0.73682745	     -0.00000000	      0.06691480	     -0.00000000	      0.00000000	     -0.00000000	     -0.00000000	     -0.00000000
      0.73500000	      0.00000000	      0.00000000	      0.00000000	      0.00000000	      0.00000000	      0.00000000	      0.00000000	      0.00000000	      0.00000000	      0.00000000	      0.00000000	      0.00000000	      0.00000000	      0.00000000	      0.00000000	      0.00000000	      0.00000000	      0.00000000	      0.00000000	      0.00000000	      0.00000000	      0.00000000	      0.00000000	      0.00000000	      0.00000000	      0.00000000	      0.00000000	      0.00000000	      0.00000000	      0.00000000	      0.00000000	      0.00000000	      0.00000000	      0.00000000	      0.00000000	      0.00000000	      0.00000000	      0.00000000	      0.00000000	      0.00000000	      0.44578275	      1.23458712	      0.01932015	     -0.14792231	      0.11166637	      0.11925634	     -0.50235733	      0.00000000	     -0.00000000	      0.00000000	      0.00000000	      0.00000000	     -0.00850387	      0.00000000	     -0.37649589	     -0.75052165	     -0.66542291	     -0.45311145	     -0.26045607	     -0.12865929	     -0.11545786	     -0.12916080	     -0.12031393	      0.64397267	      0.63643309	      0.00000000	     -0.00000000	     -0.05857262	      0.84810728	      0.66286597	      0.26063359	     -0.87863215	     -0.74197350	      0.00000000	      0.06679829	      0.00000000	     -0.00000000	      0.00000000	      0.00000000	      0.00000000
      0.74000000	      0.00000000	      0.00000000	      0.00000000	      0.00000000	      0.00000000	      0.00000000	      0.00000000	      0.00000000	      0.00000000	      0.00000000	      0.00000000	      0.00000000	      0.00000000	      0.00000000	      0.00000000	      0.00000000	      0.00000000	      0.00000000	      0.00000000	      0.00000000	      0.00000000	      0.00000000	      0.00000000	      0.00000000	      0.00000000	      0.00000000	      0.00000000	      0.00000000	      0.00000000	      0.00000000	      0.00000000	      0.00000000	      0.00000000	      0.00000000	      0.00000000	      0.00000000	      0.00000000	      0.00000000	      0.00000000	      0.00000000	      0.44406665	      1.22737975	      0.01836291	     -0.15013670	      0.11115505	      0.11901532	     -0.50795239	      0.00000000	      0.00000000	     -0.00000000	      0.00000000	      0.00000000	     -0.00837226	      0.00000000	     -0.37953567	     -0.75631896	     -0.67177256	     -0.45410177	     -0.26156675	     -0.12964342	     -0.11555634	     -0.12938228	     -0.12070271	      0.63847921	      0.63265034	      0.00000000	      0.00000000	     -0.05900205	      0.84572618	      0.66755210	      0.26065864	     -0.88664583	     -0.74751550	      0.00000000	      0.06666174	      0.00000000	      0.00000000	      0.00000000	      0.00000000	     -0.00000000
      0.74500000	      0.00000000	      0.00000000	      0.00000000	      0.00000000	      0.00000000	      0.00000000	      0.00000000	      0.00000000	      0.00000000	      0.00000000	      0.00000000	      0.00000000	      0.00000000	      0.00000000	      0.00000000	      0.00000000	      0.00000000	      0.00000000	      0.00000000	      0.00000000	      0.00000000	      0.00000000	      0.00000000	      0.00000000	      0.00000000	      0.00000000	      0.00000000	      0.00000000	      0.00000000	      0.00000000	      0.00000000	      0.00000000	      0.00000000	      0.00000000	      0.00000000	      0.00000000	      0.00000000	      0.00000000	      0.00000000	      0.00000000	      0.44236919	      1.22010901	      0.01733374	     -0.15248644	      0.11062930	      0.11879335	     -0.51375958	     -0.00000000	     -0.00000000	      0.00000000	      0.00000000	      0.00000000	     -0.00823573	     -0.00000000	     -0.38254464	     -0.76198604	     -0.67816884	     -0.45491664	     -0.26259424	     -0.13060646	     -0.11561142	     -0.12954737	     -0.12102971	      0.63271196	      0.62865190	     -0.00000000	      0.00000000	     -0.05939082	      0.84324388	      0.67267501	      0.26067034	     -0.89480862	     -0.75345559	     -0.00000000	      0.06650503	      0.00000000	     -0.00000000	     -0.00000000	     -0.00000000	     -0.00000000
      0.75000000	      0.00000000	      0.00000000	      0.00000000	      0.00000000	      0.00000000	      0.00000000	      0.00000000	      0.00000000	      0.00000000	      0.00000000	      0.00000000	      0.00000000	      0.00000000	      0.00000000	      0.00000000	      0.00000000	      0.00000000	      0.00000000	      0.00000000	      0.00000000	      0.00000000	      0.00000000	      0.00000000	      0.00000000	      0.00000000	      0.00000000	      0.00000000	      0.00000000	      0.00000000	      0.00000000	      0.00000000	      0.00000000	      0.00000000	      0.00000000	      0.00000000	      0.00000000	      0.00000000	      0.00000000	      0.00000000	      0.00000000	      0.44070262	      1.21281446	      0.01622941	     -0.15496804	      0.11008757	      0.11859222	     -0.51975601	     -0.00000000	     -0.00000000	     -0.00000000	      0.00000000	     -0.00000000	     -0.00809460	     -0.00000000	     -0.38550951	     -0.76750218	     -0.68458265	     -0.45554060	     -0.26353269	     -0.13154570	     -0.11561938	     -0.12965148	     -0.12129113	      0.62667539	      0.62443519	     -0.00000000	      0.00000000	     -0.05973552	      0.84066320	      0.67826812	      0.26066423	     -0.90306852	     -0.75979354	      0.00000000	      0.06632847	      0.00000000	      0.00000000	      0.00000000	      0.00000000	      0.00000000
      0.75500000	      0.00000000	      0.00000000	      0.00000000	      0.00000000	      0.00000000	      0.00000000	      0.00000000	      0.00000000	      0.00000000	      0.00000000	      0.00000000	      0.00000000	      0.00000000	      0.00000000	      0.00000000	      0.00000000	      0.00000000	      0.00000000	      0.00000000	      0.00000000	      0.00000000	      0.00000000	      0.00000000	      0.00000000	      0.00000000	      0.00000000	      0.00000000	      0.00000000	      0.00000000	      0.00000000	      0.00000000	      0.00000000	      0.00000000	      0.00000000	      0.00000000	      0.00000000	      0.00000000	      0.00000000	      0.00000000	      0.00000000	      0.43907821	      1.20553411	      0.01504670	     -0.15757656	      0.10952750	      0.11841305	     -0.52591881	     -0.00000000	      0.00000000	      0.00000000	     -0.00000000	      0.00000000	     -0.00794743	      0.00000000	     -0.38841866	     -0.77285123	     -0.69098816	     -0.45596024	     -0.26437804	     -0.13245981	     -0.11557699	     -0.12969071	     -0.12148406	      0.62037458	      0.61999778	      0.00000000	      0.00000000	     -0.06003405	      0.83798691	      0.68435600	      0.26063545	     -0.91137533	     -0.76652681	     -0.00000000	      0.06613287	     -0.00000000	      0.00000000	     -0.00000000	     -0.00000000	     -0.00000000
      0.76000000	      0.00000000	      0.00000000	      0.00000000	      0.00000000	      0.00000000	      0.00000000	      0.00000000	      0.00000000	      0.00000000	      0.00000000	      0.00000000	      0.00000000	      0.00000000	      0.00000000	      0.00000000	      0.00000000	      0.00000000	      0.00000000	      0.00000000	      0.00000000	      0.00000000	      0.00000000	      0.00000000	      0.00000000	      0.00000000	      0.00000000	      0.00000000	      0.00000000	      0.00000000	      0.00000000	      0.00000000	      0.00000000	      0.00000000	      0.00000000	      0.00000000	      0.00000000	      0.00000000	      0.00000000	      0.00000000	      0.00000000	      0.43750606	      1.19830369	      0.01378239	     -0.16030586	      0.10894584	      0.11825635	     -0.53222600	      0.00000000	      0.00000000	      0.00000000	     -0.00000000	     -0.00000000	     -0.00779807	     -0.00000000	     -0.39126203	     -0.77802091	     -0.69736312	     -0.45616368	     -0.26512774	     -0.13334896	     -0.11548142	     -0.12966173	     -0.12160638	      0.61381496	      0.61533729	      0.00000000	      0.00000000	     -0.06028572	      0.83521767	      0.69095314	      0.26057878	     -0.91968204	     -0.77365074	     -0.00000000	      0.06591943	     -0.00000000	     -0.00000000	     -0.00000000	      0.00000000	      0.00000000
      0.76500000	      0.00000000	      0.00000000	      0.00000000	      0.00000000	      0.00000000	      0.00000000	      0.00000000	      0.00000000	      0.00000000	      0.00000000	      0.00000000	      0.00000000	      0.00000000	      0.00000000	      0.00000000	      0.00000000	      0.00000000	      0.00000000	      0.00000000	      0.00000000	      0.00000000	      0.00000000	      0.00000000	      0.00000000	      0.00000000	      0.00000000	      0.00000000	      0.00000000	      0.00000000	      0.00000000	      0.00000000	      0.00000000	      0.00000000	      0.00000000	      0.00000000	      0.00000000	      0.00000000	      0.00000000	      0.00000000	      0.00000000	      0.43599493	      1.19115611	      0.01243339	     -0.16314894	      0.10833861	      0.11812205	     -0.53865725	     -0.00000000	      0.00000000	     -0.00000000	     -0.00000000	      0.00000000	     -0.00763090	      0.00000000	     -0.39403095	     -0.78300213	     -0.70368891	     -0.45614005	     -0.26578044	     -0.13421463	     -0.11533014	     -0.12956163	     -0.12165660	      0.60700211	      0.61045132	     -0.00000000	      0.00000000	     -0.06049130	      0.83235792	      0.69806342	      0.26048869	     -0.92794570	     -0.78115860	      0.00000000	      0.06568975	      0.00000000	      0.00000000	     -0.00000000	      0.00000000	      0.00000000
      0.77000000	      0.00000000	      0.00000000	      0.00000000	      0.00000000	      0.00000000	      0.00000000	      0.00000000	      0.00000000	      0.00000000	      0.00000000	      0.00000000	      0.00000000	      0.00000000	      0.00000000	      0.00000000	      0.00000000	      0.00000000	      0.00000000	      0.00000000	      0.00000000	      0.00000000	      0.00000000	      0.00000000	      0.00000000	      0.00000000	      0.00000000	      0.00000000	      0.00000000	      0.00000000	      0.00000000	      0.00000000	      0.00000000	      0.00000000	      0.00000000	      0.00000000	      0.00000000	      0.00000000	      0.00000000	      0.00000000	      0.00000000	      0.43455220	      1.18412123	      0.01099673	     -0.16609833	      0.10770112	      0.11800952	     -0.54519435	      0.00000000	     -0.00000000	      0.00000000	     -0.00000000	     -0.00000000	     -0.00747465	      0.00000000	     -0.39671777	     -0.78778827	     -0.70995031	     -0.45587889	     -0.26633546	     -0.13505940	     -0.11512080	     -0.12938777	     -0.12163355	      0.59994158	      0.60533741	      0.00000000	     -0.00000000	     -0.06065283	      0.82940989	      0.70568061	      0.26035931	     -0.93612785	     -0.78904178	      0.00000000	      0.06544574	      0.00000000	     -0.00000000	     -0.00000000	      0.00000000	     -0.00000000
      0.77500000	      0.00000000	      0.00000000	      0.00000000	      0.00000000	      0.00000000	      0.00000000	      0.00000000	      0.00000000	      0.00000000	      0.00000000	      0.00000000	      0.00000000	      0.00000000	      0.00000000	      0.00000000	      0.00000000	      0.00000000	      0.00000000	      0.00000000	      0.00000000	      0.00000000	      0.00000000	      0.00000000	      0.00000000	      0.00000000	      0.00000000	      0.00000000	      0.00000000	      0.00000000	      0.00000000	      0.00000000	      0.00000000	      0.00000000	      0.00000000	      0.00000000	      0.00000000	      0.00000000	      0.00000000	      0.00000000	      0.00000000	      0.43318395	      1.17722586	      0.00946968	     -0.16914633	      0.10702813	      0.11791769	     -0.55182127	     -0.00000000	      0.00000000	     -0.00000000	     -0.00000000	      0.00000000	     -0.00734913	      0.00000000	     -0.39931559	     -0.79237441	     -0.71613508	     -0.45536973	     -0.26679220	     -0.13588637	     -0.11485116	     -0.12913754	     -0.12153609	      0.59263875	      0.59999302	     -0.00000000	      0.00000000	     -0.06077329	      0.82637555	      0.71378977	      0.26018451	     -0.94419426	     -0.79728989	      0.00000000	      0.06518951	      0.00000000	      0.00000000	     -0.00000000	     -0.00000000	     -0.00000000
      0.78000000	      0.00000000	      0.00000000	      0.00000000	      0.00000000	      0.00000000	      0.00000000	      0.00000000	      0.00000000	      0.00000000	      0.00000000	      0.00000000	      0.00000000	      0.00000000	      0.00000000	      0.00000000	      0.00000000	      0.00000000	      0.00000000	      0.00000000	      0.00000000	      0.00000000	      0.00000000	      0.00000000	      0.00000000	      0.00000000	      0.00000000	      0.00000000	      0.00000000	      0.00000000	      0.00000000	      0.00000000	      0.00000000	      0.00000000	      0.00000000	      0.00000000	      0.00000000	      0.00000000	      0.00000000	      0.00000000	      0.00000000	      0.43189503	      1.17049403	      0.00784982	     -0.17228532	      0.10631398	      0.11784509	     -0.55852411	     -0.00000000	     -0.00000000	     -0.00000000	     -0.00000000	     -0.00000000	     -0.00720486	      0.00000000	     -0.40181784	     -0.79675661	     -0.72223339	     -0.45460172	     -0.26714961	     -0.13669868	     -0.11451907	     -0.12880827	     -0.12136282	      0.58509872	      0.59441563	      0.00000000	      0.00000000	     -0.06085608	      0.82325668	      0.72236898	      0.25995785	     -0.95211443	     -0.80589073	      0.00000000	      0.06492327	     -0.00000000	     -0.00000000	     -0.00000000	     -0.00000000	     -0.00000000
      0.78500000	      0.00000000	      0.00000000	      0.00000000	      0.00000000	      0.00000000	      0.00000000	      0.00000000	      0.00000000	      0.00000000	      0.00000000	      0.00000000	      0.00000000	      0.00000000	      0.00000000	      0.00000000	      0.00000000	      0.00000000	      0.00000000	      0.00000000	      0.00000000	      0.00000000	      0.00000000	      0.00000000	      0.00000000	      0.00000000	      0.00000000	      0.00000000	      0.00000000	      0.00000000	      0.00000000	      0.00000000	      0.00000000	      0.00000000	      0.00000000	      0.00000000	      0.00000000	      0.00000000	      0.00000000	      0.00000000	      0.00000000	      0.43068921	      1.16394714	      0.00613506	     -0.17550770	      0.10555270	      0.11778990	     -0.56529080	      0.00000000	     -0.00000000	     -0.00000000	      0.00000000	      0.00000000	     -0.00704010	     -0.00000000	     -0.40421812	     -0.80093138	     -0.72823722	     -0.45356354	     -0.26740573	     -0.13749894	     -0.11412243	     -0.12839720	     -0.12111184	      0.57732625	      0.58860275	     -0.00000000	     -0.00000000	     -0.06090459	      0.82005486	      0.73139114	      0.25967264	     -0.95986097	     -0.81483039	     -0.00000000	      0.06464932	      0.00000000	      0.00000000	     -0.00000000	     -0.00000000	      0.00000000
      0.79000000	      0.00000000	      0.00000000	      0.00000000	      0.00000000	      0.00000000	      0.00000000	      0.00000000	      0.00000000	      0.00000000	      0.00000000	      0.00000000	      0.00000000	      0.00000000	      0.00000000	      0.00000000	      0.00000000	      0.00000000	      0.00000000	      0.00000000	      0.00000000	      0.00000000	      0.00000000	      0.00000000	      0.00000000	      0.00000000	      0.00000000	      0.00000000	      0.00000000	      0.00000000	      0.00000000	      0.00000000	      0.00000000	      0.00000000	      0.00000000	      0.00000000	      0.00000000	      0.00000000	      0.00000000	      0.00000000	      0.00000000	      0.42956902	      1.15760409	      0.00432370	     -0.17880591	      0.10473807	      0.11774989	     -0.57211087	     -0.00000000	      0.00000000	      0.00000000	      0.00000000	      0.00000000	     -0.00689298	      0.00000000	     -0.40650996	     -0.80489527	     -0.73413968	     -0.45224339	     -0.26755756	     -0.13828898	     -0.11365929	     -0.12790146	     -0.12078069	      0.56932574	      0.58255200	     -0.00000000	      0.00000000	     -0.06092190	      0.81677150	      0.74082522	      0.25932200	     -0.96740912	     -0.82409326	      0.00000000	      0.06436992	      0.00000000	      0.00000000	     -0.00000000	     -0.00000000	     -0.00000000
      0.79500000	      0.00000000	      0.00000000	      0.00000000	      0.00000000	      0.00000000	      0.00000000	      0.00000000	      0.00000000	      0.00000000	      0.00000000	      0.00000000	      0.00000000	      0.00000000	      0.00000000	      0.00000000	      0.00000000	      0.00000000	      0.00000000	      0.00000000	      0.00000000	      0.00000000	      0.00000000	      0.00000000	      0.00000000	      0.00000000	      0.00000000	      0.00000000	      0.00000000	      0.00000000	      0.00000000	      0.00000000	      0.00000000	      0.00000000	      0.00000000	      0.00000000	      0.00000000	      0.00000000	      0.00000000	      0.00000000	      0.00000000	      0.42853555	      1.15148105	      0.00241452	     -0.18217206	      0.10386367	      0.11772233	     -0.57897521	      0.00000000	      0.00000000	     -0.00000000	      0.00000000	      0.00000000	     -0.00673700	      0.00000000	     -0.40868694	     -0.80864466	     -0.73993456	     -0.45062935	     -0.26760114	     -0.13906970	     -0.11312800	     -0.12731833	     -0.12036650	      0.56110120	      0.57626120	      0.00000000	     -0.00000000	     -0.06091062	      0.81340788	      0.75063715	      0.25889891	     -0.97473653	     -0.83366209	     -0.00000000	      0.06408728	      0.00000000	     -0.00000000	      0.00000000	     -0.00000000	      0.00000000
      0.80000000	      0.00000000	      0.00000000	      0.00000000	      0.00000000	      0.00000000	      0.00000000	      0.00000000	      0.00000000	      0.00000000	      0.00000000	      0.00000000	      0.00000000	      0.00000000	      0.00000000	      0.00000000	      0.00000000	      0.00000000	      0.00000000	      0.00000000	      0.00000000	      0.00000000	      0.00000000	      0.00000000	      0.00000000	      0.00000000	      0.00000000	      0.00000000	      0.00000000	      0.00000000	      0.00000000	      0.00000000	      0.00000000	      0.00000000	      0.00000000	      0.00000000	      0.00000000	      0.00000000	      0.00000000	      0.00000000	      0.00000000	      0.42758838	      1.14559117	      0.00040677	     -0.18559781	      0.10292294	      0.11770397	     -0.58587583	     -0.00000000	      0.00000000	      0.00000000	      0.00000000	     -0.00000000	     -0.00655966	      0.00000000	     -0.41074274	     -0.81217580	     -0.74561588	     -0.44870996	     -0.26753182	     -0.13984123	     -0.11252733	     -0.12664544	     -0.11986628	      0.55265624	      0.56972833	     -0.00000000	     -0.00000000	     -0.06087294	      0.80996503	      0.76079073	      0.25839628	     -0.98182320	     -0.84351811	      0.00000000	      0.06380354	      0.00000000	     -0.00000000	     -0.00000000	      0.00000000	      0.00000000
      0.80500000	      0.00000000	      0.00000000	      0.00000000	      0.00000000	      0.00000000	      0.00000000	      0.00000000	      0.00000000	      0.00000000	      0.00000000	      0.00000000	      0.00000000	      0.00000000	      0.00000000	      0.00000000	      0.00000000	      0.00000000	      0.00000000	      0.00000000	      0.00000000	      0.00000000	      0.00000000	      0.00000000	      0.00000000	      0.00000000	      0.00000000	      0.00000000	      0.00000000	      0.00000000	      0.00000000	      0.00000000	      0.00000000	      0.00000000	      0.00000000	      0.00000000	      0.00000000	      0.00000000	      0.00000000	      0.00000000	      0.00000000	      0.42672542	      1.13994416	     -0.00169974	     -0.18907418	      0.10190926	      0.11769094	     -0.59280562	      0.00000000	     -0.00000000	      0.00000000	     -0.00000000	      0.00000000	     -0.00638727	      0.00000000	     -0.41267129	     -0.81548480	     -0.75117756	     -0.44647493	     -0.26734456	     -0.14060298	     -0.11185672	     -0.12588114	     -0.11927723	      0.54399410	      0.56295154	      0.00000000	      0.00000000	     -0.06081064	      0.80644375	      0.77124880	      0.25780703	     -0.98865134	     -0.85364118	     -0.00000000	      0.06352075	      0.00000000	      0.00000000	      0.00000000	      0.00000000	     -0.00000000
      0.81000000	      0.00000000	      0.00000000	      0.00000000	      0.00000000	      0.00000000	      0.00000000	      0.00000000	      0.00000000	      0.00000000	      0.00000000	      0.00000000	      0.00000000	      0.00000000	      0.00000000	      0.00000000	      0.00000000	      0.00000000	      0.00000000	      0.00000000	      0.00000000	      0.00000000	      0.00000000	      0.00000000	      0.00000000	      0.00000000	      0.00000000	      0.00000000	      0.00000000	      0.00000000	      0.00000000	      0.00000000	      0.00000000	      0.00000000	      0.00000000	      0.00000000	      0.00000000	      0.00000000	      0.00000000	      0.00000000	      0.00000000	      0.42594288	      1.13454605	     -0.00390467	     -0.19259177	      0.10081608	      0.11767874	     -0.59975796	      0.00000000	     -0.00000000	     -0.00000000	     -0.00000000	     -0.00000000	     -0.00620613	     -0.00000000	     -0.41446687	     -0.81856777	     -0.75661334	     -0.44391617	     -0.26703421	     -0.14135360	     -0.11111646	     -0.12502471	     -0.11859706	      0.53511763	      0.55592921	      0.00000000	     -0.00000000	     -0.06072501	      0.80284451	      0.78197454	      0.25712419	     -0.99520525	     -0.86400987	     -0.00000000	      0.06324080	     -0.00000000	      0.00000000	      0.00000000	      0.00000000	      0.00000000
      0.81500000	      0.00000000	      0.00000000	      0.00000000	      0.00000000	      0.00000000	      0.00000000	      0.00000000	      0.00000000	      0.00000000	      0.00000000	      0.00000000	      0.00000000	      0.00000000	      0.00000000	      0.00000000	      0.00000000	      0.00000000	      0.00000000	      0.00000000	      0.00000000	      0.00000000	      0.00000000	      0.00000000	      0.00000000	      0.00000000	      0.00000000	      0.00000000	      0.00000000	      0.00000000	      0.00000000	      0.00000000	      0.00000000	      0.00000000	      0.00000000	      0.00000000	      0.00000000	      0.00000000	      0.00000000	      0.00000000	      0.00000000	      0.42523520	      1.12939903	     -0.00620713	     -0.19614136	      0.09963711	      0.11766220	     -0.60672630	     -0.00000000	     -0.00000000	      0.00000000	     -0.00000000	     -0.00000000	     -0.00603012	      0.00000000	     -0.41612415	     -0.82142082	     -0.76191668	     -0.44102900	     -0.26659573	     -0.14209093	     -0.11030784	     -0.12407672	     -0.11782422	      0.52602936	      0.54865995	      0.00000000	      0.00000000	     -0.06061677	      0.79916742	      0.79293246	      0.25634093	     -1.00147106	     -0.87460159	     -0.00000000	      0.06296548	     -0.00000000	     -0.00000000	     -0.00000000	      0.00000000	      0.00000000
      0.82000000	      0.00000000	      0.00000000	      0.00000000	      0.00000000	      0.00000000	      0.00000000	      0.00000000	      0.00000000	      0.00000000	      0.00000000	      0.00000000	      0.00000000	      0.00000000	      0.00000000	      0.00000000	      0.00000000	      0.00000000	      0.00000000	      0.00000000	      0.00000000	      0.00000000	      0.00000000	      0.00000000	      0.00000000	      0.00000000	      0.00000000	      0.00000000	      0.00000000	      0.00000000	      0.00000000	      0.00000000	      0.00000000	      0.00000000	      0.00000000	      0.00000000	      0.00000000	      0.00000000	      0.00000000	      0.00000000	      0.00000000	      0.42459517	      1.12450153	     -0.00860567	     -0.19971466	      0.09836656	      0.11763551	     -0.61370370	     -0.00000000	     -0.00000000	     -0.00000000	     -0.00000000	      0.00000000	     -0.00585041	     -0.00000000	     -0.41763809	     -0.82403997	     -0.76708058	     -0.43781353	     -0.26602429	     -0.14281177	     -0.10943341	     -0.12303920	     -0.11695815	      0.51673154	      0.54114277	     -0.00000000	     -0.00000000	     -0.06048575	      0.79541227	      0.80408539	      0.25545069	     -1.00743662	     -0.88539271	     -0.00000000	      0.06269653	     -0.00000000	     -0.00000000	     -0.00000000	     -0.00000000	     -0.00000000
      0.82500000	      0.00000000	      0.00000000	      0.00000000	      0.00000000	      0.00000000	      0.00000000	      0.00000000	      0.00000000	      0.00000000	      0.00000000	      0.00000000	      0.00000000	      0.00000000	      0.00000000	      0.00000000	      0.00000000	      0.00000000	      0.00000000	      0.00000000	      0.00000000	      0.00000000	      0.00000000	      0.00000000	      0.00000000	      0.00000000	      0.00000000	      0.00000000	      0.00000000	      0.00000000	      0.00000000	      0.00000000	      0.00000000	      0.00000000	      0.00000000	      0.00000000	      0.00000000	      0.00000000	      0.00000000	      0.00000000	      0.00000000	      0.42401410	      1.11984845	     -0.01109828	     -0.20330493	      0.09699928	      0.11759226	     -0.62068207	      0.00000000	      0.00000000	     -0.00000000	      0.00000000	      0.00000000	     -0.00567017	      0.00000000	     -0.41900392	     -0.82642106	     -0.77209750	     -0.43427614	     -0.26531544	     -0.14351153	     -0.10849699	     -0.12191581	     -0.11599940	      0.50722628	      0.53337722	     -0.00000000	      0.00000000	     -0.06033067	      0.79157852	      0.81539983	      0.25444722	     -1.01309055	     -0.89635851	      0.00000000	      0.06243558	      0.00000000	      0.00000000	      0.00000000	     -0.00000000	     -0.00000000
      0.83000000	      0.00000000	      0.00000000	      0.00000000	      0.00000000	      0.00000000	      0.00000000	      0.00000000	      0.00000000	      0.00000000	      0.00000000	      0.00000000	      0.00000000	      0.00000000	      0.00000000	      0.00000000	      0.00000000	      0.00000000	      0.00000000	      0.00000000	      0.00000000	      0.00000000	      0.00000000	      0.00000000	      0.00000000	      0.00000000	      0.00000000	      0.00000000	      0.00000000	      0.00000000	      0.00000000	      0.00000000	      0.00000000	      0.00000000	      0.00000000	      0.00000000	      0.00000000	      0.00000000	      0.00000000	      0.00000000	      0.00000000	      0.42348197	      1.11543128	     -0.01368246	     -0.20690697	      0.09553099	      0.11752555	     -0.62765160	     -0.00000000	     -0.00000000	     -0.00000000	     -0.00000000	      0.00000000	     -0.00548077	     -0.00000000	     -0.42021708	     -0.82855970	     -0.77695924	     -0.43043103	     -0.26446541	     -0.14418419	     -0.10750331	     -0.12071204	     -0.11494983	      0.49751560	      0.52536360	     -0.00000000	     -0.00000000	     -0.06014897	      0.78766534	      0.82684582	      0.25332467	     -1.01842178	     -0.90747318	     -0.00000000	      0.06218430	     -0.00000000	      0.00000000	     -0.00000000	     -0.00000000	     -0.00000000
      0.83500000	      0.00000000	      0.00000000	      0.00000000	      0.00000000	      0.00000000	      0.00000000	      0.00000000	      0.00000000	      0.00000000	      0.00000000	      0.00000000	      0.00000000	      0.00000000	      0.00000000	      0.00000000	      0.00000000	      0.00000000	      0.00000000	      0.00000000	      0.00000000	      0.00000000	      0.00000000	      0.00000000	      0.00000000	      0.00000000	      0.00000000	      0.00000000	      0.00000000	      0.00000000	      0.00000000	      0.00000000	      0.00000000	      0.00000000	      0.00000000	      0.00000000	      0.00000000	      0.00000000	      0.00000000	      0.00000000	      0.00000000	      0.42298768	      1.11123835	     -0.01633026	     -0.21051662	      0.09395839	      0.11742807	     -0.63460006	     -0.00000000	      0.00000000	     -0.00000000	     -0.00000000	     -0.00000000	     -0.00529563	      0.00000000	     -0.42127326	     -0.83045134	     -0.78165678	     -0.42630139	     -0.26347161	     -0.14482228	     -0.10645820	     -0.11943498	     -0.11381289	      0.48760175	      0.51710329	     -0.00000000	     -0.00000000	     -0.05993688	      0.78367177	      0.83839453	      0.25207770	     -1.02341947	     -0.91870959	     -0.00000000	      0.06194442	      0.00000000	     -0.00000000	     -0.00000000	     -0.00000000	     -0.00000000
      0.84000000	      0.00000000	      0.00000000	      0.00000000	      0.00000000	      0.00000000	      0.00000000	      0.00000000	      0.00000000	      0.00000000	      0.00000000	      0.00000000	      0.00000000	      0.00000000	      0.00000000	      0.00000000	      0.00000000	      0.00000000	      0.00000000	      0.00000000	      0.00000000	      0.00000000	      0.00000000	      0.00000000	      0.00000000	      0.00000000	      0.00000000	      0.00000000	      0.00000000	      0.00000000	      0.00000000	      0.00000000	      0.00000000	      0.00000000	      0.00000000	      0.00000000	      0.00000000	      0.00000000	      0.00000000	      0.00000000	      0.00000000	      0.42251923	      1.10725438	     -0.01903778	     -0.21413018	      0.09227916	      0.11729225	     -0.64151245	     -0.00000000	     -0.00000000	      0.00000000	      0.00000000	     -0.00000000	     -0.00508595	      0.00000000	     -0.42216838	     -0.83209113	     -0.78618034	     -0.42191996	     -0.26233305	     -0.14541706	     -0.10536902	     -0.11809235	     -0.11259368	      0.47748684	      0.50859850	     -0.00000000	     -0.00000000	     -0.05968946	      0.77959652	      0.85001746	      0.25070152	     -1.02807303	     -0.93004048	      0.00000000	      0.06171785	      0.00000000	      0.00000000	      0.00000000	     -0.00000000	     -0.00000000
      0.84500000	      0.00000000	      0.00000000	      0.00000000	      0.00000000	      0.00000000	      0.00000000	      0.00000000	      0.00000000	      0.00000000	      0.00000000	      0.00000000	      0.00000000	      0.00000000	      0.00000000	      0.00000000	      0.00000000	      0.00000000	      0.00000000	      0.00000000	      0.00000000	      0.00000000	      0.00000000	      0.00000000	      0.00000000	      0.00000000	      0.00000000	      0.00000000	      0.00000000	      0.00000000	      0.00000000	      0.00000000	      0.00000000	      0.00000000	      0.00000000	      0.00000000	      0.00000000	      0.00000000	      0.00000000	      0.00000000	      0.00000000	      0.42206416	      1.10346082	     -0.02182604	     -0.21774357	      0.09049216	      0.11711062	     -0.64836941	     -0.00000000	     -0.00000000	      0.00000000	      0.00000000	     -0.00000000	     -0.00489677	     -0.00000000	     -0.42289849	     -0.83347368	     -0.79051893	     -0.41732870	     -0.26105063	     -0.14595844	     -0.10424465	     -0.11669335	     -0.11129896	      0.46717388	      0.49985339	      0.00000000	     -0.00000000	     -0.05940079	      0.77543863	      0.86168541	      0.24919211	     -1.03237109	     -0.94143660	      0.00000000	      0.06150675	     -0.00000000	      0.00000000	     -0.00000000	     -0.00000000	      0.00000000
      0.85000000	      0.00000000	      0.00000000	      0.00000000	      0.00000000	      0.00000000	      0.00000000	      0.00000000	      0.00000000	      0.00000000	      0.00000000	      0.00000000	      0.00000000	      0.00000000	      0.00000000	      0.00000000	      0.00000000	      0.00000000	      0.00000000	      0.00000000	      0.00000000	      0.00000000	      0.00000000	      0.00000000	      0.00000000	      0.00000000	      0.00000000	      0.00000000	      0.00000000	      0.00000000	      0.00000000	      0.00000000	      0.00000000	      0.00000000	      0.00000000	      0.00000000	      0.00000000	      0.00000000	      0.00000000	      0.00000000	      0.00000000	      0.42160988	      1.09983678	     -0.02469057	     -0.22135209	      0.08859741	      0.11687596	     -0.65514641	      0.00000000	      0.00000000	      0.00000000	      0.00000000	      0.00000000	     -0.00473730	     -0.00000000	     -0.42345965	     -0.83459291	     -0.79466031	     -0.41257775	     -0.25962742	     -0.14643524	     -0.10309542	     -0.11524887	     -0.10993691	      0.45666652	      0.49087397	      0.00000000	     -0.00000000	     -0.05906408	      0.77119745	      0.87336777	      0.24754627	     -1.03630141	     -0.95286792	     -0.00000000	      0.06131364	     -0.00000000	      0.00000000	     -0.00000000	      0.00000000	      0.00000000
      0.85500000	      0.00000000	      0.00000000	      0.00000000	      0.00000000	      0.00000000	      0.00000000	      0.00000000	      0.00000000	      0.00000000	      0.00000000	      0.00000000	      0.00000000	      0.00000000	      0.00000000	      0.00000000	      0.00000000	      0.00000000	      0.00000000	      0.00000000	      0.00000000	      0.00000000	      0.00000000	      0.00000000	      0.00000000	      0.00000000	      0.00000000	      0.00000000	      0.00000000	      0.00000000	      0.00000000	      0.00000000	      0.00000000	      0.00000000	      0.00000000	      0.00000000	      0.00000000	      0.00000000	      0.00000000	      0.00000000	      0.00000000	      0.42114393	      1.09635975	     -0.02762622	     -0.22495018	      0.08659604	      0.11658159	     -0.66181244	     -0.00000000	      0.00000000	      0.00000000	     -0.00000000	     -0.00000000	     -0.00454011	      0.00000000	     -0.42384814	     -0.83544218	     -0.79859102	     -0.40772331	     -0.25806926	     -0.14683565	     -0.10193296	     -0.11377146	     -0.10851604	      0.44596950	      0.48166851	      0.00000000	      0.00000000	     -0.05867224	      0.76687291	      0.88503141	      0.24576174	     -1.03985100	     -0.96430322	     -0.00000000	      0.06114141	     -0.00000000	      0.00000000	      0.00000000	      0.00000000	      0.00000000
      0.86000000	      0.00000000	      0.00000000	      0.00000000	      0.00000000	      0.00000000	      0.00000000	      0.00000000	      0.00000000	      0.00000000	      0.00000000	      0.00000000	      0.00000000	      0.00000000	      0.00000000	      0.00000000	      0.00000000	      0.00000000	      0.00000000	      0.00000000	      0.00000000	      0.00000000	      0.00000000	      0.00000000	      0.00000000	      0.00000000	      0.00000000	      0.00000000	      0.00000000	      0.00000000	      0.00000000	      0.00000000	      0.00000000	      0.00000000	      0.00000000	      0.00000000	      0.00000000	      0.00000000	      0.00000000	      0.00000000	      0.00000000	      0.42065417	      1.09300586	     -0.03062718	     -0.22853137	      0.08449028	      0.11622163	     -0.66832899	     -0.00000000	     -0.00000000	     -0.00000000	      0.00000000	     -0.00000000	     -0.00434101	     -0.00000000	     -0.42406073	     -0.83601476	     -0.80229656	     -0.40282217	     -0.25638547	     -0.14714803	     -0.10077003	     -0.11227528	     -0.10704542	      0.43508891	      0.47224761	     -0.00000000	     -0.00000000	     -0.05821860	      0.76246562	      0.89663974	      0.24383733	     -1.04300679	     -0.97571044	      0.00000000	      0.06099336	      0.00000000	     -0.00000000	      0.00000000	      0.00000000	     -0.00000000
      0.86500000	      0.00000000	      0.00000000	      0.00000000	      0.00000000	      0.00000000	      0.00000000	      0.00000000	      0.00000000	      0.00000000	      0.00000000	      0.00000000	      0.00000000	      0.00000000	      0.00000000	      0.00000000	      0.00000000	      0.00000000	      0.00000000	      0.00000000	      0.00000000	      0.00000000	      0.00000000	      0.00000000	      0.00000000	      0.00000000	      0.00000000	      0.00000000	      0.00000000	      0.00000000	      0.00000000	      0.00000000	      0.00000000	      0.00000000	      0.00000000	      0.00000000	      0.00000000	      0.00000000	      0.00000000	      0.00000000	      0.00000000	      0.42012913	      1.08975072	     -0.03368690	     -0.23208834	      0.08228347	      0.11579117	     -0.67464968	     -0.00000000	     -0.00000000	      0.00000000	      0.00000000	      0.00000000	     -0.00415517	      0.00000000	     -0.42409496	     -0.83630431	     -0.80576181	     -0.39793287	     -0.25458893	     -0.14736120	     -0.09962028	     -0.11077579	     -0.10553575	      0.42403250	      0.46262427	     -0.00000000	      0.00000000	     -0.05769709	      0.75797696	      0.90815272	      0.24177290	     -1.04575627	     -0.98705681	     -0.00000000	      0.06087312	     -0.00000000	     -0.00000000	     -0.00000000	     -0.00000000	     -0.00000000
      0.87000000	      0.00000000	      0.00000000	      0.00000000	      0.00000000	      0.00000000	      0.00000000	      0.00000000	      0.00000000	      0.00000000	      0.00000000	      0.00000000	      0.00000000	      0.00000000	      0.00000000	      0.00000000	      0.00000000	      0.00000000	      0.00000000	      0.00000000	      0.00000000	      0.00000000	      0.00000000	      0.00000000	      0.00000000	      0.00000000	      0.00000000	      0.00000000	      0.00000000	      0.00000000	      0.00000000	      0.00000000	      0.00000000	      0.00000000	      0.00000000	      0.00000000	      0.00000000	      0.00000000	      0.00000000	      0.00000000	      0.00000000	      0.41955850	      1.08657089	     -0.03679809	     -0.23561322	      0.07998011	      0.11528658	     -0.68072236	      0.00000000	      0.00000000	      0.00000000	     -0.00000000	      0.00000000	     -0.00393233	      0.00000000	     -0.42394919	     -0.83630517	     -0.80897145	     -0.39311712	     -0.25269550	     -0.14746409	     -0.09849787	     -0.10928929	     -0.10399894	      0.41280986	      0.45281398	     -0.00000000	      0.00000000	     -0.05710197	      0.75340922	      0.91952793	      0.23956934	     -1.04808747	     -0.99830916	     -0.00000000	      0.06078448	     -0.00000000	     -0.00000000	     -0.00000000	      0.00000000	      0.00000000
      0.87500000	      0.00000000	      0.00000000	      0.00000000	      0.00000000	      0.00000000	      0.00000000	      0.00000000	      0.00000000	      0.00000000	      0.00000000	      0.00000000	      0.00000000	      0.00000000	      0.00000000	      0.00000000	      0.00000000	      0.00000000	      0.00000000	      0.00000000	      0.00000000	      0.00000000	      0.00000000	      0.00000000	      0.00000000	      0.00000000	      0.00000000	      0.00000000	      0.00000000	      0.00000000	      0.00000000	      0.00000000	      0.00000000	      0.00000000	      0.00000000	      0.00000000	      0.00000000	      0.00000000	      0.00000000	      0.00000000	      0.00000000	      0.41893355	      1.08344544	     -0.03995273	     -0.23909783	      0.07758581	      0.11470563	     -0.68649574	     -0.00000000	     -0.00000000	      0.00000000	     -0.00000000	     -0.00000000	     -0.00375160	     -0.00000000	     -0.42362271	     -0.83601281	     -0.81191047	     -0.38843876	     -0.25072331	     -0.14744535	     -0.09741721	     -0.10783249	     -0.10244752	      0.40143267	      0.44283465	      0.00000000	     -0.00000000	     -0.05642754	      0.74876566	      0.93072162	      0.23722841	     -1.04998907	     -1.00943406	     -0.00000000	      0.06073128	     -0.00000000	     -0.00000000	     -0.00000000	      0.00000000	     -0.00000000
      0.88000000	      0.00000000	      0.00000000	      0.00000000	      0.00000000	      0.00000000	      0.00000000	      0.00000000	      0.00000000	      0.00000000	      0.00000000	      0.00000000	      0.00000000	      0.00000000	      0.00000000	      0.00000000	      0.00000000	      0.00000000	      0.00000000	      0.00000000	      0.00000000	      0.00000000	      0.00000000	      0.00000000	      0.00000000	      0.00000000	      0.00000000	      0.00000000	      0.00000000	      0.00000000	      0.00000000	      0.00000000	      0.00000000	      0.00000000	      0.00000000	      0.00000000	      0.00000000	      0.00000000	      0.00000000	      0.00000000	      0.00000000	      0.41824729	      1.08035667	     -0.04314206	     -0.24253388	      0.07510727	      0.11404752	     -0.69192948	      0.00000000	      0.00000000	     -0.00000000	      0.00000000	      0.00000000	     -0.00351523	      0.00000000	     -0.42311601	     -0.83542429	     -0.81456424	     -0.38396235	     -0.24869250	     -0.14729383	     -0.09639266	     -0.10642211	     -0.10089451	      0.38991471	      0.43270647	      0.00000000	      0.00000000	     -0.05566850	      0.74405055	      0.94168882	      0.23475274	     -1.05145114	     -1.02039833	      0.00000000	      0.06071725	      0.00000000	      0.00000000	      0.00000000	      0.00000000	      0.00000000
      0.88500000	      0.00000000	      0.00000000	      0.00000000	      0.00000000	      0.00000000	      0.00000000	      0.00000000	      0.00000000	      0.00000000	      0.00000000	      0.00000000	      0.00000000	      0.00000000	      0.00000000	      0.00000000	      0.00000000	      0.00000000	      0.00000000	      0.00000000	      0.00000000	      0.00000000	      0.00000000	      0.00000000	      0.00000000	      0.00000000	      0.00000000	      0.00000000	      0.00000000	      0.00000000	      0.00000000	      0.00000000	      0.00000000	      0.00000000	      0.00000000	      0.00000000	      0.00000000	      0.00000000	      0.00000000	      0.00000000	      0.00000000	      0.41749444	      1.07729028	     -0.04635658	     -0.24591303	      0.07255201	      0.11331282	     -0.69700086	     -0.00000000	      0.00000000	     -0.00000000	     -0.00000000	     -0.00000000	     -0.00336113	     -0.00000000	     -0.42243107	     -0.83453863	     -0.81691827	     -0.37975114	     -0.24662536	     -0.14699960	     -0.09543808	     -0.10507457	     -0.09935348	      0.37827189	      0.42245170	     -0.00000000	     -0.00000000	     -0.05482082	      0.73926913	      0.95238273	      0.23214572	     -1.05246626	     -1.03116946	     -0.00000000	      0.06074596	     -0.00000000	      0.00000000	      0.00000000	      0.00000000	     -0.00000000
      0.89000000	      0.00000000	      0.00000000	      0.00000000	      0.00000000	      0.00000000	      0.00000000	      0.00000000	      0.00000000	      0.00000000	      0.00000000	      0.00000000	      0.00000000	      0.00000000	      0.00000000	      0.00000000	      0.00000000	      0.00000000	      0.00000000	      0.00000000	      0.00000000	      0.00000000	      0.00000000	      0.00000000	      0.00000000	      0.00000000	      0.00000000	      0.00000000	      0.00000000	      0.00000000	      0.00000000	      0.00000000	      0.00000000	      0.00000000	      0.00000000	      0.00000000	      0.00000000	      0.00000000	      0.00000000	      0.00000000	      0.00000000	      0.41667131	      1.07423540	     -0.04958602	     -0.24922702	      0.06992833	      0.11250334	     -0.70170281	     -0.00000000	      0.00000000	     -0.00000000	      0.00000000	      0.00000000	     -0.00316088	     -0.00000000	     -0.42157158	     -0.83335710	     -0.81895750	     -0.37586488	     -0.24454593	     -0.14655496	     -0.09456650	     -0.10380551	     -0.09783836	      0.36652214	      0.41209433	     -0.00000000	      0.00000000	     -0.05388250	      0.73442767	      0.96275425	      0.22941155	     -1.05303092	     -1.04171617	      0.00000000	      0.06082069	      0.00000000	      0.00000000	     -0.00000000	      0.00000000	     -0.00000000
      0.89500000	      0.00000000	      0.00000000	      0.00000000	      0.00000000	      0.00000000	      0.00000000	      0.00000000	      0.00000000	      0.00000000	      0.00000000	      0.00000000	      0.00000000	      0.00000000	      0.00000000	      0.00000000	      0.00000000	      0.00000000	      0.00000000	      0.00000000	      0.00000000	      0.00000000	      0.00000000	      0.00000000	      0.00000000	      0.00000000	      0.00000000	      0.00000000	      0.00000000	      0.00000000	      0.00000000	      0.00000000	      0.00000000	      0.00000000	      0.00000000	      0.00000000	      0.00000000	      0.00000000	      0.00000000	      0.00000000	      0.00000000	      0.41577593	      1.07118487	     -0.05281935	     -0.25246794	      0.06724512	      0.11162206	     -0.70603662	      0.00000000	      0.00000000	     -0.00000000	      0.00000000	      0.00000000	     -0.00295409	      0.00000000	     -0.42054299	     -0.83188356	     -0.82066518	     -0.37235785	     -0.24247926	     -0.14595496	     -0.09378966	     -0.10262932	     -0.09636305	      0.35468525	      0.40165969	      0.00000000	     -0.00000000	     -0.05285381	      0.72953332	      0.97275178	      0.22655510	     -1.05314742	     -1.05200923	      0.00000000	      0.06094421	      0.00000000	     -0.00000000	     -0.00000000	     -0.00000000	     -0.00000000
      0.90000000	      0.00000000	      0.00000000	      0.00000000	      0.00000000	      0.00000000	      0.00000000	      0.00000000	      0.00000000	      0.00000000	      0.00000000	      0.00000000	      0.00000000	      0.00000000	      0.00000000	      0.00000000	      0.00000000	      0.00000000	      0.00000000	      0.00000000	      0.00000000	      0.00000000	      0.00000000	      0.00000000	      0.00000000	      0.00000000	      0.00000000	      0.00000000	      0.00000000	      0.00000000	      0.00000000	      0.00000000	      0.00000000	      0.00000000	      0.00000000	      0.00000000	      0.00000000	      0.00000000	      0.00000000	      0.00000000	      0.00000000	      0.41480808	      1.06813568	     -0.05604496	     -0.25568710	      0.06451181	      0.11067308	     -0.71000601	     -0.00000000	      0.00000000	     -0.00000000	      0.00000000	      0.00000000	     -0.00275920	     -0.00000000	     -0.41935267	     -0.83012483	     -0.82202073	     -0.36927729	     -0.24045013	     -0.14519750	     -0.09311775	     -0.10155865	     -0.09494068	      0.34278262	      0.39117378	     -0.00000000	      0.00000000	     -0.05173704	      0.72459393	      0.98233340	      0.22358164	     -1.05282473	     -1.06202211	      0.00000000	      0.06111834	      0.00000000	      0.00000000	      0.00000000	     -0.00000000	      0.00000000
      0.90500000	      0.00000000	      0.00000000	      0.00000000	      0.00000000	      0.00000000	      0.00000000	      0.00000000	      0.00000000	      0.00000000	      0.00000000	      0.00000000	      0.00000000	      0.00000000	      0.00000000	      0.00000000	      0.00000000	      0.00000000	      0.00000000	      0.00000000	      0.00000000	      0.00000000	      0.00000000	      0.00000000	      0.00000000	      0.00000000	      0.00000000	      0.00000000	      0.00000000	      0.00000000	      0.00000000	      0.00000000	      0.00000000	      0.00000000	      0.00000000	      0.00000000	      0.00000000	      0.00000000	      0.00000000	      0.00000000	      0.00000000	      0.41376950	      1.06508945	     -0.05925100	     -0.25933552	      0.06173824	      0.10966154	     -0.71361339	     -0.00000000	      0.00000000	     -0.00000000	     -0.00000000	      0.00000000	     -0.00255864	     -0.00000000	     -0.41800999	     -0.82809124	     -0.82299568	     -0.36666216	     -0.23848133	     -0.14428339	     -0.09255919	     -0.10060400	     -0.09358293	      0.33083652	      0.38066245	     -0.00000000	     -0.00000000	     -0.05053614	      0.71961773	      0.99156462	      0.22049597	     -1.05206844	     -1.07172990	     -0.00000000	      0.06134265	     -0.00000000	     -0.00000000	     -0.00000000	      0.00000000	     -0.00000000
      0.91000000	      0.00000000	      0.00000000	      0.00000000	      0.00000000	      0.00000000	      0.00000000	      0.00000000	      0.00000000	      0.00000000	      0.00000000	      0.00000000	      0.00000000	      0.00000000	      0.00000000	      0.00000000	      0.00000000	      0.00000000	      0.00000000	      0.00000000	      0.00000000	      0.00000000	      0.00000000	      0.00000000	      0.00000000	      0.00000000	      0.00000000	      0.00000000	      0.00000000	      0.00000000	      0.00000000	      0.00000000	      0.00000000	      0.00000000	      0.00000000	      0.00000000	      0.00000000	      0.00000000	      0.00000000	      0.00000000	      0.00000000	      0.41266393	      1.06205264	     -0.06242610	     -0.26442704	      0.05893448	      0.10859353	     -0.71686439	     -0.00000000	     -0.00000000	     -0.00000000	      0.00000000	     -0.00000000	     -0.00237297	     -0.00000000	     -0.41652639	     -0.82579705	     -0.82354685	     -0.36454228	     -0.23659338	     -0.14321616	     -0.09212039	     -0.09977339	     -0.09229944	      0.31887008	      0.37015043	     -0.00000000	      0.00000000	     -0.04925614	      0.71461288	      1.00044288	      0.21730311	     -1.05090862	     -1.08111421	     -0.00000000	      0.06161548	      0.00000000	      0.00000000	     -0.00000000	     -0.00000000	     -0.00000000
      0.91500000	      0.00000000	      0.00000000	      0.00000000	      0.00000000	      0.00000000	      0.00000000	      0.00000000	      0.00000000	      0.00000000	      0.00000000	      0.00000000	      0.00000000	      0.00000000	      0.00000000	      0.00000000	      0.00000000	      0.00000000	      0.00000000	      0.00000000	      0.00000000	      0.00000000	      0.00000000	      0.00000000	      0.00000000	      0.00000000	      0.00000000	      0.00000000	      0.00000000	      0.00000000	      0.00000000	      0.00000000	      0.00000000	      0.00000000	      0.00000000	      0.00000000	      0.00000000	      0.00000000	      0.00000000	      0.00000000	      0.00000000	      0.41149708	      1.05903655	     -0.06556022	     -0.27196137	      0.05611058	      0.10747597	     -0.71976844	     -0.00000000	      0.00000000	     -0.00000000	      0.00000000	      0.00000000	     -0.00221750	     -0.00000000	     -0.41491541	     -0.82326059	     -0.82361037	     -0.36293792	     -0.23480426	     -0.14200198	     -0.09180573	     -0.09907219	     -0.09109739	      0.30690671	      0.35966033	     -0.00000000	     -0.00000000	     -0.04790282	      0.70958704	      1.00893690	      0.21400779	     -1.04940629	     -1.09016387	      0.00000000	      0.06193318	     -0.00000000	      0.00000000	      0.00000000	     -0.00000000	      0.00000000
      0.92000000	      0.00000000	      0.00000000	      0.00000000	      0.00000000	      0.00000000	      0.00000000	      0.00000000	      0.00000000	      0.00000000	      0.00000000	      0.00000000	      0.00000000	      0.00000000	      0.00000000	      0.00000000	      0.00000000	      0.00000000	      0.00000000	      0.00000000	      0.00000000	      0.00000000	      0.00000000	      0.00000000	      0.00000000	      0.00000000	      0.00000000	      0.00000000	      0.00000000	      0.00000000	      0.00000000	      0.00000000	      0.00000000	      0.00000000	      0.00000000	      0.00000000	      0.00000000	      0.00000000	      0.00000000	      0.00000000	      0.00000000	      0.41027638	      1.05605661	     -0.06864541	     -0.28208710	      0.05327633	      0.10631635	     -0.72233934	     -0.00000000	      0.00000000	      0.00000000	      0.00000000	     -0.00000000	     -0.00203550	      0.00000000	     -0.41319251	     -0.82050417	     -0.82311333	     -0.36185984	     -0.23312914	     -0.14064970	     -0.09161753	     -0.09850320	     -0.08998155	      0.29496932	      0.34921190	      0.00000000	     -0.00000000	     -0.04648251	      0.70454702	      1.01700990	      0.21061407	     -1.04765708	     -1.09887517	     -0.00000000	      0.06228979	     -0.00000000	     -0.00000000	      0.00000000	     -0.00000000	     -0.00000000
      0.92500000	      0.00000000	      0.00000000	      0.00000000	      0.00000000	      0.00000000	      0.00000000	      0.00000000	      0.00000000	      0.00000000	      0.00000000	      0.00000000	      0.00000000	      0.00000000	      0.00000000	      0.00000000	      0.00000000	      0.00000000	      0.00000000	      0.00000000	      0.00000000	      0.00000000	      0.00000000	      0.00000000	      0.00000000	      0.00000000	      0.00000000	      0.00000000	      0.00000000	      0.00000000	      0.00000000	      0.00000000	      0.00000000	      0.00000000	      0.00000000	      0.00000000	      0.00000000	      0.00000000	      0.00000000	      0.00000000	      0.00000000	      0.40901049	      1.05313116	     -0.07167591	     -0.29480947	      0.05044092	      0.10512248	     -0.72459587	     -0.00000000	      0.00000000	     -0.00000000	     -0.00000000	     -0.00000000	     -0.00173231	      0.00000000	     -0.41137492	     -0.81755355	     -0.82202465	     -0.36130970	     -0.23158057	     -0.13917124	     -0.09155615	     -0.09806691	     -0.08895459	      0.28307960	      0.33882133	      0.00000000	      0.00000000	     -0.04500232	      0.69949841	      1.02461494	      0.20712526	     -1.04577392	     -1.10725249	      0.00000000	      0.06267718	     -0.00000000	     -0.00000000	     -0.00000000	      0.00000000	      0.00000000
      0.93000000	      0.00000000	      0.00000000	      0.00000000	      0.00000000	      0.00000000	      0.00000000	      0.00000000	      0.00000000	      0.00000000	      0.00000000	      0.00000000	      0.00000000	      0.00000000	      0.00000000	      0.00000000	      0.00000000	      0.00000000	      0.00000000	      0.00000000	      0.00000000	      0.00000000	      0.00000000	      0.00000000	      0.00000000	      0.00000000	      0.00000000	      0.00000000	      0.00000000	      0.00000000	      0.00000000	      0.00000000	      0.00000000	      0.00000000	      0.00000000	      0.00000000	      0.00000000	      0.00000000	      0.00000000	      0.00000000	      0.00000000	      0.40770882	      1.05027998	     -0.07464794	     -0.31038912	      0.04761264	      0.10390219	     -0.72656190	      0.00000000	     -0.00000000	      0.00000000	     -0.00000000	     -0.00000000	     -0.00170082	      0.00000000	     -0.40948140	     -0.81443746	     -0.82040360	     -0.36128052	     -0.23016882	     -0.13758179	     -0.09162009	     -0.09776175	     -0.08801755	      0.27125728	      0.32850083	     -0.00000000	      0.00000000	     -0.04347038	      0.69444535	      1.03168692	      0.20354375	     -1.04388140	     -1.11530807	      0.00000000	      0.06308526	      0.00000000	     -0.00000000	      0.00000000	     -0.00000000	     -0.00000000
      0.93500000	      0.00000000	      0.00000000	      0.00000000	      0.00000000	      0.00000000	      0.00000000	      0.00000000	      0.00000000	      0.00000000	      0.00000000	      0.00000000	      0.00000000	      0.00000000	      0.00000000	      0.00000000	      0.00000000	      0.00000000	      0.00000000	      0.00000000	      0.00000000	      0.00000000	      0.00000000	      0.00000000	      0.00000000	      0.00000000	      0.00000000	      0.00000000	      0.00000000	      0.00000000	      0.00000000	      0.00000000	      0.00000000	      0.00000000	      0.00000000	      0.00000000	      0.00000000	      0.00000000	      0.00000000	      0.00000000	      0.00000000	      0.40638097	      1.04752298	     -0.07755942	     -0.32831627	      0.04479875	      0.10266309	     -0.72826628	      0.00000000	      0.00000000	      0.00000000	     -0.00000000	     -0.00000000	     -0.00155326	      0.00000000	     -0.40753198	     -0.81118697	     -0.81837112	     -0.36175705	     -0.22890213	     -0.13589973	     -0.09180607	     -0.09758432	     -0.08717020	      0.25951952	      0.31825823	     -0.00000000	     -0.00000000	     -0.04189585	      0.68939028	      1.03813042	      0.19987105	     -1.04211128	     -1.12306205	      0.00000000	      0.06350231	      0.00000000	      0.00000000	     -0.00000000	      0.00000000	     -0.00000000
      0.94000000	      0.00000000	      0.00000000	      0.00000000	      0.00000000	      0.00000000	      0.00000000	      0.00000000	      0.00000000	      0.00000000	      0.00000000	      0.00000000	      0.00000000	      0.00000000	      0.00000000	      0.00000000	      0.00000000	      0.00000000	      0.00000000	      0.00000000	      0.00000000	      0.00000000	      0.00000000	      0.00000000	      0.00000000	      0.00000000	      0.00000000	      0.00000000	      0.00000000	      0.00000000	      0.00000000	      0.00000000	      0.00000000	      0.00000000	      0.00000000	      0.00000000	      0.00000000	      0.00000000	      0.00000000	      0.00000000	      0.00000000	      0.40503625	      1.04487891	     -0.08040963	     -0.34740527	      0.04200523	      0.10141240	     -0.72974237	     -0.00000000	     -0.00000000	     -0.00000000	     -0.00000000	     -0.00000000	     -0.00141353	     -0.00000000	     -0.40554754	     -0.80783464	     -0.81604896	     -0.36271603	     -0.22778680	     -0.13414555	     -0.09210902	     -0.09752958	     -0.08641128	      0.24788033	      0.30809684	     -0.00000000	     -0.00000000	     -0.04028888	      0.68433390	      1.04381096	      0.19610774	     -1.04059729	     -1.13054183	     -0.00000000	      0.06391537	     -0.00000000	      0.00000000	      0.00000000	     -0.00000000	      0.00000000
      0.94500000	      0.00000000	      0.00000000	      0.00000000	      0.00000000	      0.00000000	      0.00000000	      0.00000000	      0.00000000	      0.00000000	      0.00000000	      0.00000000	      0.00000000	      0.00000000	      0.00000000	      0.00000000	      0.00000000	      0.00000000	      0.00000000	      0.00000000	      0.00000000	      0.00000000	      0.00000000	      0.00000000	      0.00000000	      0.00000000	      0.00000000	      0.00000000	      0.00000000	      0.00000000	      0.00000000	      0.00000000	      0.00000000	      0.00000000	      0.00000000	      0.00000000	      0.00000000	      0.00000000	      0.00000000	      0.00000000	      0.00000000	      0.40368319	      1.04236423	     -0.08319910	     -0.36686808	      0.03923683	      0.10015677	     -0.73102701	      0.00000000	      0.00000000	     -0.00000000	      0.00000000	     -0.00000000	     -0.00122780	     -0.00000000	     -0.40354927	     -0.80441358	     -0.81353359	     -0.36412623	     -0.22682723	     -0.13234003	     -0.09252212	     -0.09759093	     -0.08573870	      0.23635024	      0.29801554	     -0.00000000	      0.00000000	     -0.03866048	      0.67927522	      1.04858205	      0.19225350	     -1.03946936	     -1.13778091	      0.00000000	      0.06431071	     -0.00000000	      0.00000000	      0.00000000	      0.00000000	     -0.00000000
      0.95000000	      0.00000000	      0.00000000	      0.00000000	      0.00000000	      0.00000000	      0.00000000	      0.00000000	      0.00000000	      0.00000000	      0.00000000	      0.00000000	      0.00000000	      0.00000000	      0.00000000	      0.00000000	      0.00000000	      0.00000000	      0.00000000	      0.00000000	      0.00000000	      0.00000000	      0.00000000	      0.00000000	      0.00000000	      0.00000000	      0.00000000	      0.00000000	      0.00000000	      0.00000000	      0.00000000	      0.00000000	      0.00000000	      0.00000000	      0.00000000	      0.00000000	      0.00000000	      0.00000000	      0.00000000	      0.00000000	      0.00000000	      0.40232901	      1.03999183	     -0.08592935	     -0.38650777	      0.03649697	      0.09890205	     -0.73215910	      0.00000000	     -0.00000000	     -0.00000000	      0.00000000	      0.00000000	     -0.00099358	      0.00000000	     -0.40155806	     -0.80095624	     -0.81089714	     -0.36594866	     -0.22602616	     -0.13050571	     -0.09303684	     -0.09776039	     -0.08514990	      0.22493600	      0.28801175	     -0.00000000	     -0.00000000	     -0.03702247	      0.67421178	      1.05237409	      0.18830732	     -1.03884765	     -1.14481763	     -0.00000000	      0.06467453	      0.00000000	     -0.00000000	     -0.00000000	      0.00000000	      0.00000000
      0.95500000	      0.00000000	      0.00000000	      0.00000000	      0.00000000	      0.00000000	      0.00000000	      0.00000000	      0.00000000	      0.00000000	      0.00000000	      0.00000000	      0.00000000	      0.00000000	      0.00000000	      0.00000000	      0.00000000	      0.00000000	      0.00000000	      0.00000000	      0.00000000	      0.00000000	      0.00000000	      0.00000000	      0.00000000	      0.00000000	      0.00000000	      0.00000000	      0.00000000	      0.00000000	      0.00000000	      0.00000000	      0.00000000	      0.00000000	      0.00000000	      0.00000000	      0.00000000	      0.00000000	      0.00000000	      0.00000000	      0.00000000	      0.40097910	      1.03776982	     -0.08860270	     -0.40632349	      0.03378796	      0.09765316	     -0.73317764	     -0.00000000	     -0.00000000	     -0.00000000	      0.00000000	      0.00000000	     -0.00105997	      0.00000000	     -0.39959392	     -0.79749331	     -0.80819367	     -0.36813722	     -0.22538508	     -0.12866728	     -0.09364310	     -0.09802886	     -0.08464227	      0.21364059	      0.27812532	      0.00000000	      0.00000000	     -0.03538748	      0.66913989	      1.05525010	      0.18426767	     -1.03883715	     -1.15169335	     -0.00000000	      0.06499385	      0.00000000	      0.00000000	      0.00000000	     -0.00000000	      0.00000000
      0.96000000	      0.00000000	      0.00000000	      0.00000000	      0.00000000	      0.00000000	      0.00000000	      0.00000000	      0.00000000	      0.00000000	      0.00000000	      0.00000000	      0.00000000	      0.00000000	      0.00000000	      0.00000000	      0.00000000	      0.00000000	      0.00000000	      0.00000000	      0.00000000	      0.00000000	      0.00000000	      0.00000000	      0.00000000	      0.00000000	      0.00000000	      0.00000000	      0.00000000	      0.00000000	      0.00000000	      0.00000000	      0.00000000	      0.00000000	      0.00000000	      0.00000000	      0.00000000	      0.00000000	      0.00000000	      0.00000000	      0.00000000	      0.39963660	      1.03570044	     -0.09122198	     -0.42632073	      0.03111110	      0.09641389	     -0.73411980	      0.00000000	     -0.00000000	     -0.00000000	      0.00000000	      0.00000000	     -0.00094534	      0.00000000	     -0.39767555	     -0.79405287	     -0.80546397	     -0.37064031	     -0.22490494	     -0.12685141	     -0.09432965	     -0.09838662	     -0.08421359	      0.20246327	      0.26846111	      0.00000000	      0.00000000	     -0.03376887	      0.66405482	      1.05733848	      0.18013283	     -1.03952388	     -1.15845075	     -0.00000000	      0.06525726	      0.00000000	      0.00000000	     -0.00000000	     -0.00000000	      0.00000000
      0.96500000	      0.00000000	      0.00000000	      0.00000000	      0.00000000	      0.00000000	      0.00000000	      0.00000000	      0.00000000	      0.00000000	      0.00000000	      0.00000000	      0.00000000	      0.00000000	      0.00000000	      0.00000000	      0.00000000	      0.00000000	      0.00000000	      0.00000000	      0.00000000	      0.00000000	      0.00000000	      0.00000000	      0.00000000	      0.00000000	      0.00000000	      0.00000000	      0.00000000	      0.00000000	      0.00000000	      0.00000000	      0.00000000	      0.00000000	      0.00000000	      0.00000000	      0.00000000	      0.00000000	      0.00000000	      0.00000000	      0.00000000	      0.39830208	      1.03377924	     -0.09379029	     -0.44650779	      0.02846686	      0.09518680	     -0.73509729	      0.00000000	      0.00000000	      0.00000000	     -0.00000000	      0.00000000	     -0.00078599	      0.00000000	     -0.39582007	     -0.79065992	     -0.80273847	     -0.37340307	     -0.22458685	     -0.12508632	     -0.09508453	     -0.09882379	     -0.08386254	      0.19139985	      0.25918077	      0.00000000	      0.00000000	     -0.03218046	      0.65895091	      1.05874135	      0.17590088	     -1.04097100	     -1.16513126	     -0.00000000	      0.06545559	     -0.00000000	     -0.00000000	      0.00000000	      0.00000000	     -0.00000000
      0.97000000	      0.00000000	      0.00000000	      0.00000000	      0.00000000	      0.00000000	      0.00000000	      0.00000000	      0.00000000	      0.00000000	      0.00000000	      0.00000000	      0.00000000	      0.00000000	      0.00000000	      0.00000000	      0.00000000	      0.00000000	      0.00000000	      0.00000000	      0.00000000	      0.00000000	      0.00000000	      0.00000000	      0.00000000	      0.00000000	      0.00000000	      0.00000000	      0.00000000	      0.00000000	      0.00000000	      0.00000000	      0.00000000	      0.00000000	      0.00000000	      0.00000000	      0.00000000	      0.00000000	      0.00000000	      0.00000000	      0.00000000	      0.39697336	      1.03199474	     -0.09631073	     -0.46689534	      0.02585498	      0.09397313	     -0.73660338	     -0.00000000	     -0.00000000	     -0.00000000	     -0.00000000	     -0.00000000	     -0.00068633	      0.00000000	     -0.39404281	     -0.78733613	     -0.80003902	     -0.37636964	     -0.22443279	     -0.12340124	     -0.09589558	     -0.09933087	     -0.08358900	      0.18044300	      0.25049268	      0.00000000	      0.00000000	     -0.03063633	      0.65382168	      1.05950942	      0.17156983	     -1.04321801	     -1.17177398	     -0.00000000	      0.06558229	     -0.00000000	      0.00000000	      0.00000000	      0.00000000	      0.00000000
      0.97500000	      0.00000000	      0.00000000	      0.00000000	      0.00000000	      0.00000000	      0.00000000	      0.00000000	      0.00000000	      0.00000000	      0.00000000	      0.00000000	      0.00000000	      0.00000000	      0.00000000	      0.00000000	      0.00000000	      0.00000000	      0.00000000	      0.00000000	      0.00000000	      0.00000000	      0.00000000	      0.00000000	      0.00000000	      0.00000000	      0.00000000	      0.00000000	      0.00000000	      0.00000000	      0.00000000	      0.00000000	      0.00000000	      0.00000000	      0.00000000	      0.00000000	      0.00000000	      0.00000000	      0.00000000	      0.00000000	      0.00000000	      0.39564550	      1.03032828	     -0.09878625	     -0.48749618	      0.02327448	      0.09277294	     -0.73955470	      0.00000000	     -0.00000000	     -0.00000000	      0.00000000	      0.00000000	     -0.00074396	      0.00000000	     -0.39235725	     -0.78409964	     -0.79738006	     -0.37948505	     -0.22444583	     -0.12182577	     -0.09675086	     -0.09989907	     -0.08339421	      0.16958284	      0.24259524	      0.00000000	     -0.00000000	     -0.02915053	      0.64865995	      1.05969596	      0.16713840	     -1.04628889	     -1.17841488	     -0.00000000	      0.06563407	     -0.00000000	     -0.00000000	      0.00000000	     -0.00000000	      0.00000000
      0.98000000	      0.00000000	      0.00000000	      0.00000000	      0.00000000	      0.00000000	      0.00000000	      0.00000000	      0.00000000	      0.00000000	      0.00000000	      0.00000000	      0.00000000	      0.00000000	      0.00000000	      0.00000000	      0.00000000	      0.00000000	      0.00000000	      0.00000000	      0.00000000	      0.00000000	      0.00000000	      0.00000000	      0.00000000	      0.00000000	      0.00000000	      0.00000000	      0.00000000	      0.00000000	      0.00000000	      0.00000000	      0.00000000	      0.00000000	      0.00000000	      0.00000000	      0.00000000	      0.00000000	      0.00000000	      0.00000000	      0.00000000	      0.39431088	      1.02875434	     -0.10121946	     -0.50832520	      0.02072377	      0.09158514	     -0.74516812	      0.00000000	      0.00000000	      0.00000000	      0.00000000	      0.00000000	     -0.00050845	      0.00000000	     -0.39077477	     -0.78096507	     -0.79476961	     -0.38269673	     -0.22463020	     -0.12038908	     -0.09763893	     -0.10052050	     -0.08328070	      0.15880749	      0.23559293	      0.00000000	      0.00000000	     -0.02773683	      0.64345799	      1.05933970	      0.16260583	     -1.05019025	     -1.18508548	      0.00000000	      0.06561078	     -0.00000000	     -0.00000000	     -0.00000000	      0.00000000	     -0.00000000
      0.98500000	      0.00000000	      0.00000000	      0.00000000	      0.00000000	      0.00000000	      0.00000000	      0.00000000	      0.00000000	      0.00000000	      0.00000000	      0.00000000	      0.00000000	      0.00000000	      0.00000000	      0.00000000	      0.00000000	      0.00000000	      0.00000000	      0.00000000	      0.00000000	      0.00000000	      0.00000000	      0.00000000	      0.00000000	      0.00000000	      0.00000000	      0.00000000	      0.00000000	      0.00000000	      0.00000000	      0.00000000	      0.00000000	      0.00000000	      0.00000000	      0.00000000	      0.00000000	      0.00000000	      0.00000000	      0.00000000	      0.00000000	      0.39295942	      1.02724115	     -0.10361255	     -0.52939959	      0.01820081	      0.09040773	     -0.75437732	     -0.00000000	     -0.00000000	      0.00000000	     -0.00000000	     -0.00000000	     -0.00043483	      0.00000000	     -0.38930452	     -0.77794341	     -0.79221333	     -0.38595523	     -0.22499084	     -0.11911915	     -0.09854897	     -0.10118814	     -0.08325202	      0.14810363	      0.22946746	     -0.00000000	      0.00000000	     -0.02640845	      0.63820770	      1.05847026	      0.15797201	     -1.05491398	     -1.19181223	     -0.00000000	      0.06551521	      0.00000000	      0.00000000	     -0.00000000	     -0.00000000	     -0.00000000
      0.99000000	      0.00000000	      0.00000000	      0.00000000	      0.00000000	      0.00000000	      0.00000000	      0.00000000	      0.00000000	      0.00000000	      0.00000000	      0.00000000	      0.00000000	      0.00000000	      0.00000000	      0.00000000	      0.00000000	      0.00000000	      0.00000000	      0.00000000	      0.00000000	      0.00000000	      0.00000000	      0.00000000	      0.00000000	      0.00000000	      0.00000000	      0.00000000	      0.00000000	      0.00000000	      0.00000000	      0.00000000	      0.00000000	      0.00000000	      0.00000000	      0.00000000	      0.00000000	      0.00000000	      0.00000000	      0.00000000	      0.00000000	      0.39157891	      1.02575137	     -0.10596732	     -0.55073888	      0.01570324	      0.08923802	     -0.76732221	     -0.00000000	     -0.00000000	      0.00000000	      0.00000000	     -0.00000000	     -0.00037322	     -0.00000000	     -0.38795313	     -0.77504194	     -0.79012135	     -0.38921412	     -0.22553267	     -0.11804207	     -0.09947076	     -0.10189565	     -0.08331229	      0.13745710	      0.22413784	      0.00000000	     -0.00000000	     -0.02517780	      0.63290091	      1.05711208	      0.15323752	     -1.06043997	     -1.19861574	      0.00000000	      0.06535264	      0.00000000	      0.00000000	      0.00000000	     -0.00000000	     -0.00000000
      0.99500000	      0.00000000	      0.00000000	      0.00000000	      0.00000000	      0.00000000	      0.00000000	      0.00000000	      0.00000000	      0.00000000	      0.00000000	      0.00000000	      0.00000000	      0.00000000	      0.00000000	      0.00000000	      0.00000000	      0.00000000	      0.00000000	      0.00000000	      0.00000000	      0.00000000	      0.00000000	      0.00000000	      0.00000000	      0.00000000	      0.00000000	      0.00000000	      0.00000000	      0.00000000	      0.00000000	      0.00000000	      0.00000000	      0.00000000	      0.00000000	      0.00000000	      0.00000000	      0.00000000	      0.00000000	      0.00000000	      0.00000000	      0.39015539	      1.02424314	     -0.10828513	     -0.57236483	      0.01322861	      0.08807294	     -0.78373636	     -0.00000000	      0.00000000	      0.00000000	      0.00000000	      0.00000000	     -0.00031036	     -0.00000000	     -0.38672438	     -0.77226417	     -0.79036695	     -0.39242947	     -0.22625940	     -0.11718113	     -0.10039449	     -0.10263689	     -0.08346548	      0.12685352	      0.21954198	      0.00000000	      0.00000000	     -0.02405621	      0.62752968	      1.05528650	      0.14840369	     -1.06673969	     -1.20551121	      0.00000000	      0.06513032	     -0.00000000	     -0.00000000	     -0.00000000	     -0.00000000	     -0.00000000
      1.00000000	      0.00000000	      0.00000000	      0.00000000	      0.00000000	      0.00000000	      0.00000000	      0.00000000	      0.00000000	      0.00000000	      0.00000000	      0.00000000	      0.00000000	      0.00000000	      0.00000000	      0.00000000	      0.00000000	      0.00000000	      0.00000000	      0.00000000	      0.00000000	      0.00000000	      0.00000000	      0.00000000	      0.00000000	      0.00000000	      0.00000000	      0.00000000	      0.00000000	      0.00000000	      0.00000000	      0.00000000	      0.00000000	      0.00000000	      0.00000000	      0.00000000	      0.00000000	      0.00000000	      0.00000000	      0.00000000	      0.00000000	      0.38867360	      1.02267133	     -0.11056707	     -0.59430109	      0.01077458	      0.08690925	     -0.80359594	     -0.00000000	     -0.00000000	     -0.00000000	      0.00000000	      0.00000000	     -0.00025897	      0.00000000	     -0.38561893	     -0.76960983	     -0.79606676	     -0.39555952	     -0.22717229	     -0.11655590	     -0.10131062	     -0.10340560	     -0.08371468	      0.11627886	      0.21567612	      0.00000000	      0.00000000	     -0.02305340	      0.62208658	      1.05301265	      0.14347249	     -1.07377970	     -1.21250846	      0.00000000	      0.06485658	      0.00000000	     -0.00000000	     -0.00000000	     -0.00000000	      0.00000000
      1.00500000	      0.00000000	      0.00000000	      0.00000000	      0.00000000	      0.00000000	      0.00000000	      0.00000000	      0.00000000	      0.00000000	      0.00000000	      0.00000000	      0.00000000	      0.00000000	      0.00000000	      0.00000000	      0.00000000	      0.00000000	      0.00000000	      0.00000000	      0.00000000	      0.00000000	      0.00000000	      0.00000000	      0.00000000	      0.00000000	      0.00000000	      0.00000000	      0.00000000	      0.00000000	      0.00000000	      0.00000000	      0.00000000	      0.00000000	      0.00000000	      0.00000000	      0.00000000	      0.00000000	      0.00000000	      0.00000000	      0.00000000	      0.38711758	      1.02098888	     -0.11281415	     -0.61657284	      0.00833899	      0.08574389	     -0.82717719	     -0.00000000	      0.00000000	     -0.00000000	     -0.00000000	      0.00000000	     -0.00021281	      0.00000000	     -0.38463419	     -0.76707516	     -0.80906863	     -0.39856463	     -0.22826896	     -0.11618127	     -0.10220982	     -0.10419498	     -0.08406133	      0.10571990	      0.21257891	      0.00000000	      0.00000000	     -0.02217701	      0.61656485	      1.05030733	      0.13845660	     -1.08152556	     -1.21961256	     -0.00000000	      0.06453997	     -0.00000000	      0.00000000	      0.00000000	      0.00000000	      0.00000000
      1.01000000	      0.00000000	      0.00000000	      0.00000000	      0.00000000	      0.00000000	      0.00000000	      0.00000000	      0.00000000	      0.00000000	      0.00000000	      0.00000000	      0.00000000	      0.00000000	      0.00000000	      0.00000000	      0.00000000	      0.00000000	      0.00000000	      0.00000000	      0.00000000	      0.00000000	      0.00000000	      0.00000000	      0.00000000	      0.00000000	      0.00000000	      0.00000000	      0.00000000	      0.00000000	      0.00000000	      0.00000000	      0.00000000	      0.00000000	      0.00000000	      0.00000000	      0.00000000	      0.00000000	      0.00000000	      0.00000000	      0.00000000	      0.38547110	      1.01914817	     -0.11504446	     -0.63920638	      0.00591996	      0.08457414	     -0.85446941	      0.00000000	     -0.00000000	      0.00000000	      0.00000000	     -0.00000000	     -0.00017662	      0.00000000	     -0.38376425	     -0.76465311	     -0.82888797	     -0.40140709	     -0.22954241	     -0.11606665	     -0.10308286	     -0.10499740	     -0.08450450	      0.09516467	      0.21027027	      0.00000000	      0.00000000	     -0.02143218	      0.61095866	      1.04718452	      0.13341305	     -1.08994585	     -1.22682524	      0.00000000	      0.06418834	      0.00000000	      0.00000000	      0.00000000	      0.00000000	      0.00000000
      1.01500000	      0.00000000	      0.00000000	      0.00000000	      0.00000000	      0.00000000	      0.00000000	      0.00000000	      0.00000000	      0.00000000	      0.00000000	      0.00000000	      0.00000000	      0.00000000	      0.00000000	      0.00000000	      0.00000000	      0.00000000	      0.00000000	      0.00000000	      0.00000000	      0.00000000	      0.00000000	      0.00000000	      0.00000000	      0.00000000	      0.00000000	      0.00000000	      0.00000000	      0.00000000	      0.00000000	      0.00000000	      0.00000000	      0.00000000	      0.00000000	      0.00000000	      0.00000000	      0.00000000	      0.00000000	      0.00000000	      0.00000000	      0.38371821	      1.01710247	     -0.11734402	     -0.66222894	      0.00351588	      0.08339782	     -0.88468018	     -0.00000000	      0.00000000	     -0.00000000	      0.00000000	      0.00000000	     -0.00013916	      0.00000000	     -0.38299987	     -0.76233350	     -0.85540434	     -0.40405087	     -0.23098004	     -0.11621540	     -0.10392055	     -0.10580408	     -0.08504025	      0.08460271	      0.20868337	      0.00000000	      0.00000000	     -0.02082124	      0.60526328	      1.04376949	      0.12844596	     -1.09901443	     -1.23414536	      0.00000000	      0.06380804	      0.00000000	     -0.00000000	     -0.00000000	     -0.00000000	     -0.00000000
      1.02000000	      0.00000000	      0.00000000	      0.00000000	      0.00000000	      0.00000000	      0.00000000	      0.00000000	      0.00000000	      0.00000000	      0.00000000	      0.00000000	      0.00000000	      0.00000000	      0.00000000	      0.00000000	      0.00000000	      0.00000000	      0.00000000	      0.00000000	      0.00000000	      0.00000000	      0.00000000	      0.00000000	      0.00000000	      0.00000000	      0.00000000	      0.00000000	      0.00000000	      0.00000000	      0.00000000	      0.00000000	      0.00000000	      0.00000000	      0.00000000	      0.00000000	      0.00000000	      0.00000000	      0.00000000	      0.00000000	      0.00000000	      0.38184369	      1.01480735	     -0.11988156	     -0.68566860	      0.00112542	      0.08221339	     -0.91662292	     -0.00000000	     -0.00000000	      0.00000000	      0.00000000	      0.00000000	     -0.00008923	     -0.00000000	     -0.38232846	     -0.76010301	     -0.88882205	     -0.40646123	     -0.23256290	     -0.11662422	     -0.10471363	     -0.10660485	     -0.08566106	      0.07402526	      0.20765389	      0.00000000	      0.00000000	     -0.02034336	      0.59947537	      1.04082243	      0.12370967	     -1.10871305	     -1.24157049	      0.00000000	      0.06340329	      0.00000000	      0.00000000	      0.00000000	     -0.00000000	     -0.00000000
      1.02500000	      0.00000000	      0.00000000	      0.00000000	      0.00000000	      0.00000000	      0.00000000	      0.00000000	      0.00000000	      0.00000000	      0.00000000	      0.00000000	      0.00000000	      0.00000000	      0.00000000	      0.00000000	      0.00000000	      0.00000000	      0.00000000	      0.00000000	      0.00000000	      0.00000000	      0.00000000	      0.00000000	      0.00000000	      0.00000000	      0.00000000	      0.00000000	      0.00000000	      0.00000000	      0.00000000	      0.00000000	      0.00000000	      0.00000000	      0.00000000	      0.00000000	      0.00000000	      0.00000000	      0.00000000	      0.00000000	      0.00000000	      0.37983354	      1.01222221	     -0.12288913	     -0.70955453	     -0.00125254	      0.08102006	     -0.94934588	      0.00000000	      0.00000000	     -0.00000000	     -0.00000000	     -0.00000000	     -0.00006188	      0.00000000	     -0.38173401	     -0.75794508	     -0.92713283	     -0.40860443	     -0.23426514	     -0.11728260	     -0.10545273	     -0.10738798	     -0.08635537	      0.06342536	      0.20697829	     -0.00000000	     -0.00000000	     -0.01999435	      0.59359329	      1.03962488	      0.11937894	     -1.11903195	     -1.24909704	     -0.00000000	      0.06297568	      0.00000000	     -0.00000000	      0.00000000	      0.00000000	      0.00000000
      1.03000000	      0.00000000	      0.00000000	      0.00000000	      0.00000000	      0.00000000	      0.00000000	      0.00000000	      0.00000000	      0.00000000	      0.00000000	      0.00000000	      0.00000000	      0.00000000	      0.00000000	      0.00000000	      0.00000000	      0.00000000	      0.00000000	      0.00000000	      0.00000000	      0.00000000	      0.00000000	      0.00000000	      0.00000000	      0.00000000	      0.00000000	      0.00000000	      0.00000000	      0.00000000	      0.00000000	      0.00000000	      0.00000000	      0.00000000	      0.00000000	      0.00000000	      0.00000000	      0.00000000	      0.00000000	      0.00000000	      0.00000000	      0.37767543	      1.00931183	     -0.12654630	     -0.73391726	     -0.00361896	      0.07981777	     -0.98230646	     -0.00000000	     -0.00000000	     -0.00000000	     -0.00000000	     -0.00000000	     -0.00003777	     -0.00000000	     -0.38119731	     -0.75583990	     -0.96726761	     -0.41044777	     -0.23605382	     -0.11817238	     -0.10612841	     -0.10814018	     -0.08710719	      0.05279787	      0.20647882	     -0.00000000	     -0.00000000	     -0.01976640	      0.58761743	      1.04152226	      0.11557581	     -1.12997108	     -1.25672146	     -0.00000000	      0.06252377	     -0.00000000	     -0.00000000	      0.00000000	      0.00000000	     -0.00000000
      1.03500000	      0.00000000	      0.00000000	      0.00000000	      0.00000000	      0.00000000	      0.00000000	      0.00000000	      0.00000000	      0.00000000	      0.00000000	      0.00000000	      0.00000000	      0.00000000	      0.00000000	      0.00000000	      0.00000000	      0.00000000	      0.00000000	      0.00000000	      0.00000000	      0.00000000	      0.00000000	      0.00000000	      0.00000000	      0.00000000	      0.00000000	      0.00000000	      0.00000000	      0.00000000	      0.00000000	      0.00000000	      0.00000000	      0.00000000	      0.00000000	      0.00000000	      0.00000000	      0.00000000	      0.00000000	      0.00000000	      0.00000000	      0.37535910	      1.00604791	     -0.13089203	     -0.75878918	     -0.00597469	      0.07860718	     -1.01536681	     -0.00000000	      0.00000000	      0.00000000	      0.00000000	      0.00000000	     -0.00001667	      0.00000000	     -0.38069615	     -0.75376439	     -1.00740605	     -0.41195996	     -0.23788912	     -0.11926750	     -0.10673128	     -0.10884674	     -0.08789613	      0.04213940	      0.20603021	      0.00000000	      0.00000000	     -0.01964796	      0.58155041	      1.04719636	      0.11232578	     -1.14153789	     -1.26443964	      0.00000000	      0.06204284	      0.00000000	      0.00000000	      0.00000000	     -0.00000000	     -0.00000000
      1.04000000	      0.00000000	      0.00000000	      0.00000000	      0.00000000	      0.00000000	      0.00000000	      0.00000000	      0.00000000	      0.00000000	      0.00000000	      0.00000000	      0.00000000	      0.00000000	      0.00000000	      0.00000000	      0.00000000	      0.00000000	      0.00000000	      0.00000000	      0.00000000	      0.00000000	      0.00000000	      0.00000000	      0.00000000	      0.00000000	      0.00000000	      0.00000000	      0.00000000	      0.00000000	      0.00000000	      0.00000000	      0.00000000	      0.00000000	      0.00000000	      0.00000000	      0.00000000	      0.00000000	      0.00000000	      0.00000000	      0.00000000	      0.37287675	      1.00241037	     -0.13591104	     -0.78420491	     -0.00832054	      0.07738963	     -1.04852875	     -0.00000000	     -0.00000000	      0.00000000	      0.00000000	     -0.00000000	      0.00000225	     -0.00000000	     -0.38020575	     -0.75169242	     -1.04712658	     -0.41311170	     -0.23972506	     -0.12053405	     -0.10725226	     -0.10949183	     -0.08869753	      0.03144823	      0.20555726	     -0.00000000	     -0.00000000	     -0.01962372	      0.57539733	      1.05615380	      0.10960344	     -1.15375827	     -1.27224888	      0.00000000	      0.06152601	      0.00000000	     -0.00000000	      0.00000000	      0.00000000	     -0.00000000
      1.04500000	      0.00000000	      0.00000000	      0.00000000	      0.00000000	      0.00000000	      0.00000000	      0.00000000	      0.00000000	      0.00000000	      0.00000000	      0.00000000	      0.00000000	      0.00000000	      0.00000000	      0.00000000	      0.00000000	      0.00000000	      0.00000000	      0.00000000	      0.00000000	      0.00000000	      0.00000000	      0.00000000	      0.00000000	      0.00000000	      0.00000000	      0.00000000	      0.00000000	      0.00000000	      0.00000000	      0.00000000	      0.00000000	      0.00000000	      0.00000000	      0.00000000	      0.00000000	      0.00000000	      0.00000000	      0.00000000	      0.00000000	      0.37022325	      0.99838851	     -0.14164458	     -0.81020159	     -0.01065731	      0.07616700	     -1.08179499	      0.00000000	     -0.00000000	      0.00000000	     -0.00000000	     -0.00000000	     -0.00000000	     -0.00000000	     -0.37969923	     -0.74959494	     -1.08643475	     -0.41387657	     -0.24151059	     -0.12193071	     -0.10768279	     -0.11005902	     -0.08948304	      0.02072419	      0.20504104	     -0.00000000	      0.00000000	     -0.01967470	      0.56916590	      1.06752968	      0.10740464	     -1.16667262	     -1.28014724	      0.00000000	      0.06096474	     -0.00000000	     -0.00000000	     -0.00000000	     -0.00000000	     -0.00000000
      1.05000000	      0.00000000	      0.00000000	      0.00000000	      0.00000000	      0.00000000	      0.00000000	      0.00000000	      0.00000000	      0.00000000	      0.00000000	      0.00000000	      0.00000000	      0.00000000	      0.00000000	      0.00000000	      0.00000000	      0.00000000	      0.00000000	      0.00000000	      0.00000000	      0.00000000	      0.00000000	      0.00000000	      0.00000000	      0.00000000	      0.00000000	      0.00000000	      0.00000000	      0.00000000	      0.00000000	      0.00000000	      0.00000000	      0.00000000	      0.00000000	      0.00000000	      0.00000000	      0.00000000	      0.00000000	      0.00000000	      0.00000000	      0.36739639	      0.99398181	     -0.14816760	     -0.83681916	     -0.01298580	      0.07494157	     -1.11516687	      0.00000000	     -0.00000000	     -0.00000000	      0.00000000	     -0.00000000	      0.00000000	     -0.00000000	     -0.37914819	     -0.74744046	     -1.12534025	     -0.41423228	     -0.24319119	     -0.12340958	     -0.10801530	     -0.11053188	     -0.09022148	      0.00996850	      0.20449207	     -0.00000000	     -0.00000000	     -0.01977853	      0.56286660	      1.08068737	      0.10577128	     -1.18033447	     -1.28813321	      0.00000000	      0.06035007	      0.00000000	      0.00000000	      0.00000000	      0.00000000	      0.00000000
      1.05500000	      0.00000000	      0.00000000	      0.00000000	      0.00000000	      0.00000000	      0.00000000	      0.00000000	      0.00000000	      0.00000000	      0.00000000	      0.00000000	      0.00000000	      0.00000000	      0.00000000	      0.00000000	      0.00000000	      0.00000000	      0.00000000	      0.00000000	      0.00000000	      0.00000000	      0.00000000	      0.00000000	      0.00000000	      0.00000000	      0.00000000	      0.00000000	      0.00000000	      0.00000000	      0.00000000	      0.00000000	      0.00000000	      0.00000000	      0.00000000	      0.00000000	      0.00000000	      0.00000000	      0.00000000	      0.00000000	      0.00000000	      0.36439696	      0.98920047	     -0.15545328	     -0.86410048	     -0.01530681	      0.07371591	     -1.14864375	      0.00000000	      0.00000000	      0.00000000	      0.00000000	      0.00000000	      0.00000000	      0.00000000	     -0.37852344	     -0.74519559	     -1.16385204	     -0.41416236	     -0.24471073	     -0.12491721	     -0.10824365	     -0.11089479	     -0.09087995	     -0.00081640	      0.20392252	     -0.00000000	     -0.00000000	     -0.01990977	      0.55651253	      1.09527625	      0.10474810	     -1.19480825	     -1.29620539	      0.00000000	      0.05967387	      0.00000000	      0.00000000	     -0.00000000	     -0.00000000	     -0.00000000
      1.06000000	      0.00000000	      0.00000000	      0.00000000	      0.00000000	      0.00000000	      0.00000000	      0.00000000	      0.00000000	      0.00000000	      0.00000000	      0.00000000	      0.00000000	      0.00000000	      0.00000000	      0.00000000	      0.00000000	      0.00000000	      0.00000000	      0.00000000	      0.00000000	      0.00000000	      0.00000000	      0.00000000	      0.00000000	      0.00000000	      0.00000000	      0.00000000	      0.00000000	      0.00000000	      0.00000000	      0.00000000	      0.00000000	      0.00000000	      0.00000000	      0.00000000	      0.00000000	      0.00000000	      0.00000000	      0.00000000	      0.00000000	      0.36122880	      0.98406548	     -0.16332308	     -0.89209153	     -0.01762116	      0.07249270	     -1.18222242	     -0.00000000	     -0.00000000	     -0.00000000	     -0.00000000	     -0.00000000	      0.00000000	     -0.00000000	     -0.37779573	     -0.74282590	     -1.20197887	     -0.41365795	     -0.24601358	     -0.12639614	     -0.10836365	     -0.11113375	     -0.09142516	     -0.01162715	      0.20334528	      0.00000000	     -0.00000000	     -0.02004048	      0.55011933	      1.11103819	      0.10430222	     -1.21016449	     -1.30436228	     -0.00000000	      0.05892987	      0.00000000	      0.00000000	     -0.00000000	      0.00000000	     -0.00000000
      1.06500000	      0.00000000	      0.00000000	      0.00000000	      0.00000000	      0.00000000	      0.00000000	      0.00000000	      0.00000000	      0.00000000	      0.00000000	      0.00000000	      0.00000000	      0.00000000	      0.00000000	      0.00000000	      0.00000000	      0.00000000	      0.00000000	      0.00000000	      0.00000000	      0.00000000	      0.00000000	      0.00000000	      0.00000000	      0.00000000	      0.00000000	      0.00000000	      0.00000000	      0.00000000	      0.00000000	      0.00000000	      0.00000000	      0.00000000	      0.00000000	      0.00000000	      0.00000000	      0.00000000	      0.00000000	      0.00000000	      0.00000000	      0.35789855	      0.97860802	     -0.17156666	     -0.92084137	     -0.01992959	      0.07127460	     -1.21589596	     -0.00000000	     -0.00000000	     -0.00000000	     -0.00000000	      0.00000000	      0.00000000	      0.00000000	     -0.37693648	     -0.74029667	     -1.23972984	     -0.41271892	     -0.24704687	     -0.12778686	     -0.10837340	     -0.11123717	     -0.09182495	     -0.02245959	      0.20277364	     -0.00000000	     -0.00000000	     -0.02014119	      0.54370489	      1.12762745	      0.10429737	     -1.22646957	     -1.31260149	     -0.00000000	      0.05811410	     -0.00000000	     -0.00000000	     -0.00000000	      0.00000000	     -0.00000000
      1.07000000	      0.00000000	      0.00000000	      0.00000000	      0.00000000	      0.00000000	      0.00000000	      0.00000000	      0.00000000	      0.00000000	      0.00000000	      0.00000000	      0.00000000	      0.00000000	      0.00000000	      0.00000000	      0.00000000	      0.00000000	      0.00000000	      0.00000000	      0.00000000	      0.00000000	      0.00000000	      0.00000000	      0.00000000	      0.00000000	      0.00000000	      0.00000000	      0.00000000	      0.00000000	      0.00000000	      0.00000000	      0.00000000	      0.00000000	      0.00000000	      0.00000000	      0.00000000	      0.00000000	      0.00000000	      0.00000000	      0.00000000	      0.35441541	      0.97286811	     -0.18003865	     -0.95040185	     -0.02223395	      0.07006400	     -1.24965255	     -0.00000000	     -0.00000000	      0.00000000	      0.00000000	     -0.00000000	      0.00000000	      0.00000000	     -0.37591839	     -0.73757359	     -1.27711492	     -0.41135423	     -0.24776269	     -0.12903024	     -0.10827348	     -0.11119645	     -0.09204993	     -0.03330906	      0.20222108	      0.00000000	      0.00000000	     -0.02018215	      0.53728910	      1.14457779	      0.10455970	     -1.24377112	     -1.32091898	      0.00000000	      0.05722481	      0.00000000	     -0.00000000	      0.00000000	      0.00000000	     -0.00000000
      1.07500000	      0.00000000	      0.00000000	      0.00000000	      0.00000000	      0.00000000	      0.00000000	      0.00000000	      0.00000000	      0.00000000	      0.00000000	      0.00000000	      0.00000000	      0.00000000	      0.00000000	      0.00000000	      0.00000000	      0.00000000	      0.00000000	      0.00000000	      0.00000000	      0.00000000	      0.00000000	      0.00000000	      0.00000000	      0.00000000	      0.00000000	      0.00000000	      0.00000000	      0.00000000	      0.00000000	      0.00000000	      0.00000000	      0.00000000	      0.00000000	      0.00000000	      0.00000000	      0.00000000	      0.00000000	      0.00000000	      0.00000000	      0.35079061	      0.96689277	     -0.18867272	     -0.98082714	     -0.02454346	      0.06886293	     -1.28347458	      0.00000000	     -0.00000000	     -0.00000000	      0.00000000	      0.00000000	      0.00000000	     -0.00000000	     -0.37471597	     -0.73462344	     -1.31414523	     -0.40958180	     -0.24812004	     -0.13006995	     -0.10806697	     -0.11100647	     -0.09207491	     -0.04417053	      0.20170091	      0.00000000	     -0.00000000	     -0.02013481	      0.53089343	      1.16140436	      0.10494786	     -1.26208124	     -1.32930829	     -0.00000000	      0.05626224	      0.00000000	      0.00000000	      0.00000000	     -0.00000000	      0.00000000
      1.08000000	      0.00000000	      0.00000000	      0.00000000	      0.00000000	      0.00000000	      0.00000000	      0.00000000	      0.00000000	      0.00000000	      0.00000000	      0.00000000	      0.00000000	      0.00000000	      0.00000000	      0.00000000	      0.00000000	      0.00000000	      0.00000000	      0.00000000	      0.00000000	      0.00000000	      0.00000000	      0.00000000	      0.00000000	      0.00000000	      0.00000000	      0.00000000	      0.00000000	      0.00000000	      0.00000000	      0.00000000	      0.00000000	      0.00000000	      0.00000000	      0.00000000	      0.00000000	      0.00000000	      0.00000000	      0.00000000	      0.00000000	      0.34703685	      0.96073374	     -0.19746431	     -1.01217312	     -0.02687861	      0.06767291	     -1.31733751	     -0.00000000	      0.00000000	     -0.00000000	      0.00000000	      0.00000000	      0.00000000	     -0.00000000	     -0.37330618	     -0.73141505	     -1.35083321	     -0.40742848	     -0.24808677	     -0.13085483	     -0.10775951	     -0.11066602	     -0.09188035	     -0.05503867	      0.20122589	      0.00000000	      0.00000000	     -0.01997321	      0.52454042	      1.17772364	      0.10537174	     -1.28136154	     -1.33775954	      0.00000000	      0.05522822	      0.00000000	      0.00000000	      0.00000000	      0.00000000	     -0.00000000
      1.08500000	      0.00000000	      0.00000000	      0.00000000	      0.00000000	      0.00000000	      0.00000000	      0.00000000	      0.00000000	      0.00000000	      0.00000000	      0.00000000	      0.00000000	      0.00000000	      0.00000000	      0.00000000	      0.00000000	      0.00000000	      0.00000000	      0.00000000	      0.00000000	      0.00000000	      0.00000000	      0.00000000	      0.00000000	      0.00000000	      0.00000000	      0.00000000	      0.00000000	      0.00000000	      0.00000000	      0.00000000	      0.00000000	      0.00000000	      0.00000000	      0.00000000	      0.00000000	      0.00000000	      0.00000000	      0.00000000	      0.00000000	      0.34316783	      0.95444507	     -0.20641586	     -1.04449700	     -0.02927482	      0.06649488	     -1.35121062	      0.00000000	     -0.00000000	     -0.00000000	      0.00000000	     -0.00000000	      0.00000000	      0.00000000	     -0.37166935	     -0.72792074	     -1.38719288	     -0.40493038	     -0.24764157	     -0.13134109	     -0.10735930	     -0.11017817	     -0.09145368	     -0.06590803	      0.20080738	     -0.00000000	      0.00000000	     -0.01967541	      0.51825274	      1.19330130	      0.10579375	     -1.30151894	     -1.34625960	      0.00000000	      0.05412579	      0.00000000	      0.00000000	      0.00000000	      0.00000000	      0.00000000
      1.09000000	      0.00000000	      0.00000000	      0.00000000	      0.00000000	      0.00000000	      0.00000000	      0.00000000	      0.00000000	      0.00000000	      0.00000000	      0.00000000	      0.00000000	      0.00000000	      0.00000000	      0.00000000	      0.00000000	      0.00000000	      0.00000000	      0.00000000	      0.00000000	      0.00000000	      0.00000000	      0.00000000	      0.00000000	      0.00000000	      0.00000000	      0.00000000	      0.00000000	      0.00000000	      0.00000000	      0.00000000	      0.00000000	      0.00000000	      0.00000000	      0.00000000	      0.00000000	      0.00000000	      0.00000000	      0.00000000	      0.00000000	      0.33919755	      0.94808070	     -0.21552879	     -1.07785721	     -0.03177932	      0.06532920	     -1.38505804	     -0.00000000	      0.00000000	      0.00000000	      0.00000000	      0.00000000	      0.00000000	      0.00000000	     -0.36979030	     -0.72411808	     -1.42324004	     -0.40213339	     -0.24677592	     -0.13149441	     -0.10687725	     -0.10955071	     -0.09079041	     -0.07677319	      0.20045442	      0.00000000	      0.00000000	     -0.01922458	      0.51205206	      1.20804080	      0.10621107	     -1.32241222	     -1.35479229	      0.00000000	      0.05295874	      0.00000000	      0.00000000	      0.00000000	      0.00000000	      0.00000000
      1.09500000	      0.00000000	      0.00000000	      0.00000000	      0.00000000	      0.00000000	      0.00000000	      0.00000000	      0.00000000	      0.00000000	      0.00000000	      0.00000000	      0.00000000	      0.00000000	      0.00000000	      0.00000000	      0.00000000	      0.00000000	      0.00000000	      0.00000000	      0.00000000	      0.00000000	      0.00000000	      0.00000000	      0.00000000	      0.00000000	      0.00000000	      0.00000000	      0.00000000	      0.00000000	      0.00000000	      0.00000000	      0.00000000	      0.00000000	      0.00000000	      0.00000000	      0.00000000	      0.00000000	      0.00000000	      0.00000000	      0.00000000	      0.33513972	      0.94169194	     -0.22480324	     -1.11231343	     -0.03443587	      0.06417565	     -1.41884062	      0.00000000	     -0.00000000	     -0.00000000	     -0.00000000	     -0.00000000	      0.00000000	      0.00000000	     -0.36765935	     -0.71999139	     -1.45899225	     -0.39909322	     -0.24549552	     -0.13129173	     -0.10632688	     -0.10879624	     -0.08989493	     -0.08762903	      0.20017297	     -0.00000000	     -0.00000000	     -0.01861006	      0.50595782	      1.22194546	      0.10662307	     -1.34386825	     -1.36333930	     -0.00000000	      0.05173140	     -0.00000000	     -0.00000000	     -0.00000000	     -0.00000000	      0.00000000
      1.10000000	      0.00000000	      0.00000000	      0.00000000	      0.00000000	      0.00000000	      0.00000000	      0.00000000	      0.00000000	      0.00000000	      0.00000000	      0.00000000	      0.00000000	      0.00000000	      0.00000000	      0.00000000	      0.00000000	      0.00000000	      0.00000000	      0.00000000	      0.00000000	      0.00000000	      0.00000000	      0.00000000	      0.00000000	      0.00000000	      0.00000000	      0.00000000	      0.00000000	      0.00000000	      0.00000000	      0.00000000	      0.00000000	      0.00000000	      0.00000000	      0.00000000	      0.00000000	      0.00000000	      0.00000000	      0.00000000	      0.00000000	      0.33100712	      0.93532523	     -0.23423804	     -1.14792654	     -0.03727145	      0.06303344	     -1.45251679	     -0.00000000	      0.00000000	     -0.00000000	      0.00000000	      0.00000000	      0.00000000	     -0.00000000	     -0.36527307	     -0.71553246	     -1.49446816	     -0.39587427	     -0.24382100	     -0.13072271	     -0.10572407	     -0.10793202	     -0.08878078	     -0.09847095	      0.19996550	      0.00000000	     -0.00000000	     -0.01782807	      0.49998640	      1.23507645	      0.10702889	     -1.36569903	     -1.37188031	      0.00000000	      0.05044869	     -0.00000000	      0.00000000	     -0.00000000	     -0.00000000	      0.00000000
      1.10500000	      0.00000000	      0.00000000	      0.00000000	      0.00000000	      0.00000000	      0.00000000	      0.00000000	      0.00000000	      0.00000000	      0.00000000	      0.00000000	      0.00000000	      0.00000000	      0.00000000	      0.00000000	      0.00000000	      0.00000000	      0.00000000	      0.00000000	      0.00000000	      0.00000000	      0.00000000	      0.00000000	      0.00000000	      0.00000000	      0.00000000	      0.00000000	      0.00000000	      0.00000000	      0.00000000	      0.00000000	      0.00000000	      0.00000000	      0.00000000	      0.00000000	      0.00000000	      0.00000000	      0.00000000	      0.00000000	      0.00000000	      0.32681098	      0.92902026	     -0.24383047	     -1.18475829	     -0.04030263	      0.06190130	     -1.48604464	     -0.00000000	     -0.00000000	      0.00000000	      0.00000000	     -0.00000000	      0.00000000	      0.00000000	     -0.36263472	     -0.71074077	     -1.52968660	     -0.39254725	     -0.24178750	     -0.12979057	     -0.10508647	     -0.10697930	     -0.08747018	     -0.10929514	      0.19983105	      0.00000000	      0.00000000	     -0.01688202	      0.49415053	      1.24721494	      0.10742750	     -1.38771967	     -1.38039390	      0.00000000	      0.04911640	      0.00000000	      0.00000000	     -0.00000000	      0.00000000	     -0.00000000
      1.11000000	      0.00000000	      0.00000000	      0.00000000	      0.00000000	      0.00000000	      0.00000000	      0.00000000	      0.00000000	      0.00000000	      0.00000000	      0.00000000	      0.00000000	      0.00000000	      0.00000000	      0.00000000	      0.00000000	      0.00000000	      0.00000000	      0.00000000	      0.00000000	      0.00000000	      0.00000000	      0.00000000	      0.00000000	      0.00000000	      0.00000000	      0.00000000	      0.00000000	      0.00000000	      0.00000000	      0.00000000	      0.00000000	      0.00000000	      0.00000000	      0.00000000	      0.00000000	      0.00000000	      0.00000000	      0.00000000	      0.00000000	      0.32256055	      0.92280861	     -0.25357631	     -1.22287080	     -0.04355199	      0.06077756	     -1.51938130	     -0.00000000	     -0.00000000	     -0.00000000	     -0.00000000	      0.00000000	      0.00000000	      0.00000000	     -0.35975459	     -0.70562354	     -1.56466587	     -0.38918613	     -0.23944335	     -0.12851235	     -0.10443271	     -0.10596241	     -0.08599285	     -0.12009863	      0.19976530	      0.00000000	     -0.00000000	     -0.01578243	      0.48845885	      1.25822583	      0.10781796	     -1.40975594	     -1.38885750	     -0.00000000	      0.04774109	      0.00000000	      0.00000000	      0.00000000	      0.00000000	      0.00000000
      1.11500000	      0.00000000	      0.00000000	      0.00000000	      0.00000000	      0.00000000	      0.00000000	      0.00000000	      0.00000000	      0.00000000	      0.00000000	      0.00000000	      0.00000000	      0.00000000	      0.00000000	      0.00000000	      0.00000000	      0.00000000	      0.00000000	      0.00000000	      0.00000000	      0.00000000	      0.00000000	      0.00000000	      0.00000000	      0.00000000	      0.00000000	      0.00000000	      0.00000000	      0.00000000	      0.00000000	      0.00000000	      0.00000000	      0.00000000	      0.00000000	      0.00000000	      0.00000000	      0.00000000	      0.00000000	      0.00000000	      0.00000000	      0.31826280	      0.91671316	     -0.26346984	     -1.26232610	     -0.04705512	      0.05966031	     -1.55248276	     -0.00000000	      0.00000000	     -0.00000000	      0.00000000	     -0.00000000	     -0.00000000	      0.00000000	     -0.35665047	     -0.70019600	     -1.59942372	     -0.38586488	     -0.23684806	     -0.12691833	     -0.10378163	     -0.10490752	     -0.08438425	     -0.13087927	      0.19976059	      0.00000000	     -0.00000000	     -0.01454615	      0.48291563	      1.26813387	      0.10819944	     -1.43164874	     -1.39724729	      0.00000000	      0.04632996	      0.00000000	     -0.00000000	     -0.00000000	     -0.00000000	     -0.00000000
      1.12000000	      0.00000000	      0.00000000	      0.00000000	      0.00000000	      0.00000000	      0.00000000	      0.00000000	      0.00000000	      0.00000000	      0.00000000	      0.00000000	      0.00000000	      0.00000000	      0.00000000	      0.00000000	      0.00000000	      0.00000000	      0.00000000	      0.00000000	      0.00000000	      0.00000000	      0.00000000	      0.00000000	      0.00000000	      0.00000000	      0.00000000	      0.00000000	      0.00000000	      0.00000000	      0.00000000	      0.00000000	      0.00000000	      0.00000000	      0.00000000	      0.00000000	      0.00000000	      0.00000000	      0.00000000	      0.00000000	      0.00000000	      0.31392218	      0.91074784	     -0.27350423	     -1.30318576	     -0.05084642	      0.05854754	     -1.58530719	      0.00000000	      0.00000000	      0.00000000	      0.00000000	     -0.00000000	     -0.00000000	      0.00000000	     -0.35334795	     -0.69448173	     -1.63397789	     -0.38265444	     -0.23406966	     -0.12505074	     -0.10315145	     -0.10384146	     -0.08268345	     -0.14163576	      0.19980600	      0.00000000	      0.00000000	     -0.01319520	      0.47752045	      1.27696679	      0.10857110	     -1.45326209	     -1.40554016	     -0.00000000	      0.04489051	      0.00000000	      0.00000000	     -0.00000000	      0.00000000	     -0.00000000
      1.12500000	      0.00000000	      0.00000000	      0.00000000	      0.00000000	      0.00000000	      0.00000000	      0.00000000	      0.00000000	      0.00000000	      0.00000000	      0.00000000	      0.00000000	      0.00000000	      0.00000000	      0.00000000	      0.00000000	      0.00000000	      0.00000000	      0.00000000	      0.00000000	      0.00000000	      0.00000000	      0.00000000	      0.00000000	      0.00000000	      0.00000000	      0.00000000	      0.00000000	      0.00000000	      0.00000000	      0.00000000	      0.00000000	      0.00000000	      0.00000000	      0.00000000	      0.00000000	      0.00000000	      0.00000000	      0.00000000	      0.00000000	      0.30954053	      0.90491772	     -0.28367180	     -1.34551036	     -0.05492986	      0.05743733	     -1.61781514	     -0.00000000	      0.00000000	     -0.00000000	      0.00000000	     -0.00000000	     -0.00000000	     -0.00000000	     -0.34988033	     -0.68851273	     -1.66834679	     -0.37961993	     -0.23118160	     -0.12296179	     -0.10255909	     -0.10279049	     -0.08093075	     -0.15236758	      0.19988760	     -0.00000000	      0.00000000	     -0.01175530	      0.47226828	      1.28474729	      0.10893212	     -1.47448140	     -1.41371352	     -0.00000000	      0.04343038	     -0.00000000	      0.00000000	     -0.00000000	     -0.00000000	      0.00000000
      1.13000000	      0.00000000	      0.00000000	      0.00000000	      0.00000000	      0.00000000	      0.00000000	      0.00000000	      0.00000000	      0.00000000	      0.00000000	      0.00000000	      0.00000000	      0.00000000	      0.00000000	      0.00000000	      0.00000000	      0.00000000	      0.00000000	      0.00000000	      0.00000000	      0.00000000	      0.00000000	      0.00000000	      0.00000000	      0.00000000	      0.00000000	      0.00000000	      0.00000000	      0.00000000	      0.00000000	      0.00000000	      0.00000000	      0.00000000	      0.00000000	      0.00000000	      0.00000000	      0.00000000	      0.00000000	      0.00000000	      0.00000000	      0.30511695	      0.89921926	     -0.29396441	     -1.38935891	     -0.05927048	      0.05632784	     -1.64997115	      0.00000000	     -0.00000000	     -0.00000000	      0.00000000	      0.00000000	      0.00000000	      0.00000000	     -0.34628779	     -0.68232887	     -1.70254999	     -0.37681829	     -0.22825925	     -0.12071082	     -0.10201955	     -0.10177924	     -0.07916550	     -0.16307492	      0.19998907	     -0.00000000	      0.00000000	     -0.01025421	      0.46714983	      1.29148985	      0.10928173	     -1.49522603	     -1.42174630	      0.00000000	      0.04195711	      0.00000000	     -0.00000000	      0.00000000	     -0.00000000	      0.00000000
      1.13500000	      0.00000000	      0.00000000	      0.00000000	      0.00000000	      0.00000000	      0.00000000	      0.00000000	      0.00000000	      0.00000000	      0.00000000	      0.00000000	      0.00000000	      0.00000000	      0.00000000	      0.00000000	      0.00000000	      0.00000000	      0.00000000	      0.00000000	      0.00000000	      0.00000000	      0.00000000	      0.00000000	      0.00000000	      0.00000000	      0.00000000	      0.00000000	      0.00000000	      0.00000000	      0.00000000	      0.00000000	      0.00000000	      0.00000000	      0.00000000	      0.00000000	      0.00000000	      0.00000000	      0.00000000	      0.00000000	      0.00000000	      0.30064783	      0.89364070	     -0.30437382	     -1.43478802	     -0.06381768	      0.05521749	     -1.68174408	      0.00000000	      0.00000000	     -0.00000000	      0.00000000	     -0.00000000	      0.00000000	      0.00000000	     -0.34261596	     -0.67597709	     -1.73660867	     -0.37429653	     -0.22537630	     -0.11836101	     -0.10154546	     -0.10082980	     -0.07742418	     -0.17375859	      0.20009245	      0.00000000	      0.00000000	     -0.00872009	      0.46215208	      1.29720234	      0.10961927	     -1.51544748	     -1.42961896	      0.00000000	      0.04047815	      0.00000000	      0.00000000	      0.00000000	      0.00000000	     -0.00000000
      1.14000000	      0.00000000	      0.00000000	      0.00000000	      0.00000000	      0.00000000	      0.00000000	      0.00000000	      0.00000000	      0.00000000	      0.00000000	      0.00000000	      0.00000000	      0.00000000	      0.00000000	      0.00000000	      0.00000000	      0.00000000	      0.00000000	      0.00000000	      0.00000000	      0.00000000	      0.00000000	      0.00000000	      0.00000000	      0.00000000	      0.00000000	      0.00000000	      0.00000000	      0.00000000	      0.00000000	      0.00000000	      0.00000000	      0.00000000	      0.00000000	      0.00000000	      0.00000000	      0.00000000	      0.00000000	      0.00000000	      0.00000000	      0.29612695	      0.88816252	     -0.31489207	     -1.48185097	     -0.06852752	      0.05410493	     -1.71310752	      0.00000000	     -0.00000000	      0.00000000	     -0.00000000	      0.00000000	     -0.00000000	      0.00000000	     -0.33891379	     -0.66951005	     -1.77054588	     -0.37209070	     -0.22260156	     -0.11597585	     -0.10114683	     -0.09996107	     -0.07573905	     -0.18441977	      0.20017896	      0.00000000	     -0.00000000	     -0.00718009	      0.45725907	      1.30188690	      0.10994420	     -1.53510522	     -1.43731368	     -0.00000000	      0.03900062	     -0.00000000	     -0.00000000	      0.00000000	      0.00000000	     -0.00000000
      1.14500000	      0.00000000	      0.00000000	      0.00000000	      0.00000000	      0.00000000	      0.00000000	      0.00000000	      0.00000000	      0.00000000	      0.00000000	      0.00000000	      0.00000000	      0.00000000	      0.00000000	      0.00000000	      0.00000000	      0.00000000	      0.00000000	      0.00000000	      0.00000000	      0.00000000	      0.00000000	      0.00000000	      0.00000000	      0.00000000	      0.00000000	      0.00000000	      0.00000000	      0.00000000	      0.00000000	      0.00000000	      0.00000000	      0.00000000	      0.00000000	      0.00000000	      0.00000000	      0.00000000	      0.00000000	      0.00000000	      0.00000000	      0.29154559	      0.88275792	     -0.32551165	     -1.53059658	     -0.07337086	      0.05298910	     -1.74403934	     -0.00000000	      0.00000000	     -0.00000000	      0.00000000	     -0.00000000	     -0.00000000	     -0.00000000	     -0.33523093	     -0.66298436	     -1.80438651	     -0.37022558	     -0.21999626	     -0.11361586	     -0.10083089	     -0.09918840	     -0.07413733	     -0.19505981	      0.20023002	     -0.00000000	     -0.00000000	     -0.00565927	      0.45245278	      1.30554313	      0.11025616	     -1.55416263	     -1.44481402	      0.00000000	      0.03753139	     -0.00000000	     -0.00000000	     -0.00000000	     -0.00000000	      0.00000000
      1.15000000	      0.00000000	      0.00000000	      0.00000000	      0.00000000	      0.00000000	      0.00000000	      0.00000000	      0.00000000	      0.00000000	      0.00000000	      0.00000000	      0.00000000	      0.00000000	      0.00000000	      0.00000000	      0.00000000	      0.00000000	      0.00000000	      0.00000000	      0.00000000	      0.00000000	      0.00000000	      0.00000000	      0.00000000	      0.00000000	      0.00000000	      0.00000000	      0.00000000	      0.00000000	      0.00000000	      0.00000000	      0.00000000	      0.00000000	      0.00000000	      0.00000000	      0.00000000	      0.00000000	      0.00000000	      0.00000000	      0.00000000	      0.28689281	      0.87739335	     -0.33622562	     -1.58106766	     -0.07833671	      0.05186917	     -1.77452160	      0.00000000	     -0.00000000	      0.00000000	      0.00000000	     -0.00000000	      0.00000000	      0.00000000	     -0.33161495	     -0.65645799	     -1.83815674	     -0.36871464	     -0.21761213	     -0.11133593	     -0.10060213	     -0.09852340	     -0.07264096	     -0.20567998	      0.20022845	     -0.00000000	     -0.00000000	     -0.00417993	      0.44771422	      1.30816822	      0.11055508	     -1.57258630	     -1.45210510	      0.00000000	      0.03607712	      0.00000000	      0.00000000	      0.00000000	     -0.00000000	      0.00000000
      1.15500000	      0.00000000	      0.00000000	      0.00000000	      0.00000000	      0.00000000	      0.00000000	      0.00000000	      0.00000000	      0.00000000	      0.00000000	      0.00000000	      0.00000000	      0.00000000	      0.00000000	      0.00000000	      0.00000000	      0.00000000	      0.00000000	      0.00000000	      0.00000000	      0.00000000	      0.00000000	      0.00000000	      0.00000000	      0.00000000	      0.00000000	      0.00000000	      0.00000000	      0.00000000	      0.00000000	      0.00000000	      0.00000000	      0.00000000	      0.00000000	      0.00000000	      0.00000000	      0.00000000	      0.00000000	      0.00000000	      0.00000000	      0.28215576	      0.87202922	     -0.34702755	     -1.63329914	     -0.08341735	      0.05074459	     -1.80453808	      0.00000000	      0.00000000	      0.00000000	      0.00000000	      0.00000000	     -0.00000000	      0.00000000	     -0.32810860	     -0.64998744	     -1.87188321	     -0.36756051	     -0.21549017	     -0.10918328	     -0.10046232	     -0.09797400	     -0.07126668	     -0.21628095	      0.20015963	      0.00000000	      0.00000000	     -0.00276116	      0.44302449	      1.30976425	      0.11084130	     -1.59034050	     -1.45917211	      0.00000000	      0.03464442	     -0.00000000	      0.00000000	     -0.00000000	      0.00000000	      0.00000000
      1.16000000	      0.00000000	      0.00000000	      0.00000000	      0.00000000	      0.00000000	      0.00000000	      0.00000000	      0.00000000	      0.00000000	      0.00000000	      0.00000000	      0.00000000	      0.00000000	      0.00000000	      0.00000000	      0.00000000	      0.00000000	      0.00000000	      0.00000000	      0.00000000	      0.00000000	      0.00000000	      0.00000000	      0.00000000	      0.00000000	      0.00000000	      0.00000000	      0.00000000	      0.00000000	      0.00000000	      0.00000000	      0.00000000	      0.00000000	      0.00000000	      0.00000000	      0.00000000	      0.00000000	      0.00000000	      0.00000000	      0.00000000	      0.27732012	      0.86662088	     -0.35791143	     -1.68731625	     -0.08860468	      0.04961503	     -1.83407468	     -0.00000000	      0.00000000	      0.00000000	     -0.00000000	     -0.00000000	     -0.00000000	     -0.00000000	     -0.32482509	     -0.64362525	     -1.90559247	     -0.36675576	     -0.21366024	     -0.10719641	     -0.10041072	     -0.09754451	     -0.07002635	     -0.22686252	      0.20001224	      0.00000000	     -0.00000000	     -0.00141871	      0.43836557	      1.31033489	      0.11111542	     -1.60738938	     -1.46600105	      0.00000000	      0.03323965	     -0.00000000	      0.00000000	      0.00000000	     -0.00000000	     -0.00000000
      1.16500000	      0.00000000	      0.00000000	      0.00000000	      0.00000000	      0.00000000	      0.00000000	      0.00000000	      0.00000000	      0.00000000	      0.00000000	      0.00000000	      0.00000000	      0.00000000	      0.00000000	      0.00000000	      0.00000000	      0.00000000	      0.00000000	      0.00000000	      0.00000000	      0.00000000	      0.00000000	      0.00000000	      0.00000000	      0.00000000	      0.00000000	      0.00000000	      0.00000000	      0.00000000	      0.00000000	      0.00000000	      0.00000000	      0.00000000	      0.00000000	      0.00000000	      0.00000000	      0.00000000	      0.00000000	      0.00000000	      0.00000000	      0.27237065	      0.86111979	     -0.36887177	     -1.74313312	     -0.09389034	      0.04848044	     -1.86311908	     -0.00000000	     -0.00000000	     -0.00000000	     -0.00000000	     -0.00000000	     -0.00000000	      0.00000000	     -0.32183857	     -0.63741824	     -1.93931095	     -0.36628414	     -0.21214131	     -0.10540461	     -0.10044428	     -0.09723591	     -0.06892731	     -0.23742329	      0.19977855	     -0.00000000	      0.00000000	     -0.00016480	      0.43372085	      1.30988592	      0.11137803	     -1.62369762	     -1.47257860	     -0.00000000	      0.03186848	     -0.00000000	     -0.00000000	      0.00000000	     -0.00000000	      0.00000000
      1.17000000	      0.00000000	      0.00000000	      0.00000000	      0.00000000	      0.00000000	      0.00000000	      0.00000000	      0.00000000	      0.00000000	      0.00000000	      0.00000000	      0.00000000	      0.00000000	      0.00000000	      0.00000000	      0.00000000	      0.00000000	      0.00000000	      0.00000000	      0.00000000	      0.00000000	      0.00000000	      0.00000000	      0.00000000	      0.00000000	      0.00000000	      0.00000000	      0.00000000	      0.00000000	      0.00000000	      0.00000000	      0.00000000	      0.00000000	      0.00000000	      0.00000000	      0.00000000	      0.00000000	      0.00000000	      0.00000000	      0.00000000	      0.26729171	      0.85547487	     -0.37990367	     -1.80075193	     -0.09926587	      0.04734104	     -1.89166187	      0.00000000	      0.00000000	      0.00000000	     -0.00000000	      0.00000000	      0.00000000	      0.00000000	     -0.31903392	     -0.63140591	     -1.97306514	     -0.36612172	     -0.21094192	     -0.10382814	     -0.10055786	     -0.09704598	     -0.06797270	     -0.24796055	      0.19945423	      0.00000000	      0.00000000	     -0.00000000	      0.42907549	      1.30842117	      0.11162942	     -1.63923452	     -1.47889315	      0.00000000	      0.03053540	     -0.00000000	      0.00000000	      0.00000000	     -0.00000000	      0.00000000
      1.17500000	      0.00000000	      0.00000000	      0.00000000	      0.00000000	      0.00000000	      0.00000000	      0.00000000	      0.00000000	      0.00000000	      0.00000000	      0.00000000	      0.00000000	      0.00000000	      0.00000000	      0.00000000	      0.00000000	      0.00000000	      0.00000000	      0.00000000	      0.00000000	      0.00000000	      0.00000000	      0.00000000	      0.00000000	      0.00000000	      0.00000000	      0.00000000	      0.00000000	      0.00000000	      0.00000000	      0.00000000	      0.00000000	      0.00000000	      0.00000000	      0.00000000	      0.00000000	      0.00000000	      0.00000000	      0.00000000	      0.00000000	      0.26206771	      0.84963378	     -0.39100294	     -1.86016256	     -0.10472288	      0.04619730	     -1.91969540	     -0.00000000	      0.00000000	      0.00000000	      0.00000000	      0.00000000	     -0.00000000	      0.00000000	     -0.31642503	     -0.62561885	     -2.00688159	     -0.36623791	     -0.21006087	     -0.10247858	     -0.10074450	     -0.09696961	     -0.06716178	     -0.25847016	      0.19903822	      0.00000000	     -0.00000000	     -0.00000000	      0.42441680	      1.30594531	      0.11186951	     -1.65397248	     -1.48493406	      0.00000000	      0.02924356	      0.00000000	      0.00000000	     -0.00000000	     -0.00000000	      0.00000000
      1.18000000	      0.00000000	      0.00000000	      0.00000000	      0.00000000	      0.00000000	      0.00000000	      0.00000000	      0.00000000	      0.00000000	      0.00000000	      0.00000000	      0.00000000	      0.00000000	      0.00000000	      0.00000000	      0.00000000	      0.00000000	      0.00000000	      0.00000000	      0.00000000	      0.00000000	      0.00000000	      0.00000000	      0.00000000	      0.00000000	      0.00000000	      0.00000000	      0.00000000	      0.00000000	      0.00000000	      0.00000000	      0.00000000	      0.00000000	      0.00000000	      0.00000000	      0.00000000	      0.00000000	      0.00000000	      0.00000000	      0.00000000	      0.25668360	      0.84354439	     -0.40216610	     -1.92134257	     -0.11025321	      0.04504995	     -1.94721618	      0.00000000	      0.00000000	     -0.00000000	     -0.00000000	     -0.00000000	     -0.00000000	      0.00000000	     -0.31401769	     -0.62007764	     -2.04078676	     -0.36659642	     -0.20948791	     -0.10135958	     -0.10099556	     -0.09699897	     -0.06649027	     -0.26894678	      0.19853220	      0.00000000	      0.00000000	     -0.00000000	      0.41973456	      1.30251847	      0.11209788	     -1.66789301	     -1.49069353	      0.00000000	      0.02799453	     -0.00000000	     -0.00000000	      0.00000000	      0.00000000	      0.00000000
      1.18500000	      0.00000000	      0.00000000	      0.00000000	      0.00000000	      0.00000000	      0.00000000	      0.00000000	      0.00000000	      0.00000000	      0.00000000	      0.00000000	      0.00000000	      0.00000000	      0.00000000	      0.00000000	      0.00000000	      0.00000000	      0.00000000	      0.00000000	      0.00000000	      0.00000000	      0.00000000	      0.00000000	      0.00000000	      0.00000000	      0.00000000	      0.00000000	      0.00000000	      0.00000000	      0.00000000	      0.00000000	      0.00000000	      0.00000000	      0.00000000	      0.00000000	      0.00000000	      0.00000000	      0.00000000	      0.00000000	      0.00000000	      0.25112531	      0.83715613	     -0.41339056	     -1.98425779	     -0.11584917	      0.04389988	     -1.97422514	     -0.00000000	     -0.00000000	     -0.00000000	      0.00000000	      0.00000000	     -0.00000000	     -0.00000000	     -0.31181027	     -0.61479263	     -2.07480703	     -0.36715627	     -0.20920471	     -0.10046773	     -0.10130105	     -0.09712377	     -0.06595058	     -0.27938401	      0.19794004	      0.00000000	      0.00000000	     -0.00000000	      0.41502107	      1.29834816	      0.11231407	     -1.68098728	     -1.49616642	      0.00000000	      0.02678820	     -0.00000000	      0.00000000	      0.00000000	     -0.00000000	     -0.00000000
      1.19000000	      0.00000000	      0.00000000	      0.00000000	      0.00000000	      0.00000000	      0.00000000	      0.00000000	      0.00000000	      0.00000000	      0.00000000	      0.00000000	      0.00000000	      0.00000000	      0.00000000	      0.00000000	      0.00000000	      0.00000000	      0.00000000	      0.00000000	      0.00000000	      0.00000000	      0.00000000	      0.00000000	      0.00000000	      0.00000000	      0.00000000	      0.00000000	      0.00000000	      0.00000000	      0.00000000	      0.00000000	      0.00000000	      0.00000000	      0.00000000	      0.00000000	      0.00000000	      0.00000000	      0.00000000	      0.00000000	      0.00000000	      0.24538009	      0.83042131	     -0.42467468	     -2.04886360	     -0.12150371	      0.04274819	     -2.00072602	      0.00000000	     -0.00000000	     -0.00000000	      0.00000000	      0.00000000	     -0.00000000	      0.00000000	     -0.30979459	     -0.60976447	     -2.10896890	     -0.36787276	     -0.20918583	     -0.09979335	     -0.10164980	     -0.09733158	     -0.06553217	     -0.28977454	      0.19726698	     -0.00000000	      0.00000000	     -0.00000000	      0.41027108	      1.29347977	      0.11251818	     -1.69325541	     -1.50135002	      0.00000000	      0.02562281	     -0.00000000	      0.00000000	     -0.00000000	      0.00000000	     -0.00000000
      1.19500000	      0.00000000	      0.00000000	      0.00000000	      0.00000000	      0.00000000	      0.00000000	      0.00000000	      0.00000000	      0.00000000	      0.00000000	      0.00000000	      0.00000000	      0.00000000	      0.00000000	      0.00000000	      0.00000000	      0.00000000	      0.00000000	      0.00000000	      0.00000000	      0.00000000	      0.00000000	      0.00000000	      0.00000000	      0.00000000	      0.00000000	      0.00000000	      0.00000000	      0.00000000	      0.00000000	      0.00000000	      0.00000000	      0.00000000	      0.00000000	      0.00000000	      0.00000000	      0.00000000	      0.00000000	      0.00000000	      0.00000000	      0.23943677	      0.82329629	     -0.43601802	     -2.11510688	     -0.12721067	      0.04159611	     -2.02672885	      0.00000000	     -0.00000000	      0.00000000	     -0.00000000	     -0.00000000	      0.00000000	      0.00000000	     -0.30795695	     -0.60498505	     -2.14329933	     -0.36869844	     -0.20939961	     -0.09932142	     -0.10202974	     -0.09760801	     -0.06522173	     -0.30011072	      0.19651909	      0.00000000	      0.00000000	     -0.00000000	      0.40548162	      1.28793050	      0.11271104	     -1.70471348	     -1.50624596	      0.00000000	      0.02449477	      0.00000000	     -0.00000000	     -0.00000000	     -0.00000000	     -0.00000000
      1.20000000	      0.00000000	      0.00000000	      0.00000000	      0.00000000	      0.00000000	      0.00000000	      0.00000000	      0.00000000	      0.00000000	      0.00000000	      0.00000000	      0.00000000	      0.00000000	      0.00000000	      0.00000000	      0.00000000	      0.00000000	      0.00000000	      0.00000000	      0.00000000	      0.00000000	      0.00000000	      0.00000000	      0.00000000	      0.00000000	      0.00000000	      0.00000000	      0.00000000	      0.00000000	      0.00000000	      0.00000000	      0.00000000	      0.00000000	      0.00000000	      0.00000000	      0.00000000	      0.00000000	      0.00000000	      0.00000000	      0.00000000	      0.23328593	      0.81574238	     -0.44742153	     -2.18292852	     -0.13296498	      0.04044494	     -2.05224958	     -0.00000000	     -0.00000000	     -0.00000000	      0.00000000	     -0.00000000	     -0.00000000	     -0.00000000	     -0.30627906	     -0.60043868	     -2.17782605	     -0.36958396	     -0.20980910	     -0.09903218	     -0.10242810	     -0.09793706	     -0.06500349	     -0.31038489	      0.19570276	     -0.00000000	      0.00000000	     -0.00000000	      0.40065172	      1.28170374	      0.11289405	     -1.71539260	     -1.51085975	     -0.00000000	      0.02339871	     -0.00000000	     -0.00000000	      0.00000000	     -0.00000000	     -0.00000000
      1.20500000	      0.00000000	      0.00000000	      0.00000000	      0.00000000	      0.00000000	      0.00000000	      0.00000000	      0.00000000	      0.00000000	      0.00000000	      0.00000000	      0.00000000	      0.00000000	      0.00000000	      0.00000000	      0.00000000	      0.00000000	      0.00000000	      0.00000000	      0.00000000	      0.00000000	      0.00000000	      0.00000000	      0.00000000	      0.00000000	      0.00000000	      0.00000000	      0.00000000	      0.00000000	      0.00000000	      0.00000000	      0.00000000	      0.00000000	      0.00000000	      0.00000000	      0.00000000	      0.00000000	      0.00000000	      0.00000000	      0.00000000	      0.22691990	      0.80772654	     -0.45888772	     -2.25226636	     -0.13876286	      0.03929605	     -2.07731193	      0.00000000	     -0.00000000	      0.00000000	     -0.00000000	     -0.00000000	      0.00000000	      0.00000000	     -0.30473894	     -0.59610325	     -2.21257778	     -0.37047891	     -0.21037291	     -0.09890190	     -0.10283168	     -0.09830136	     -0.06485942	     -0.32059004	      0.19482441	     -0.00000000	      0.00000000	     -0.00000000	      0.39578217	      1.27478487	      0.11306874	     -1.72534187	     -1.51520184	      0.00000000	      0.02232761	     -0.00000000	      0.00000000	      0.00000000	     -0.00000000	     -0.00000000
      1.21000000	      0.00000000	      0.00000000	      0.00000000	      0.00000000	      0.00000000	      0.00000000	      0.00000000	      0.00000000	      0.00000000	      0.00000000	      0.00000000	      0.00000000	      0.00000000	      0.00000000	      0.00000000	      0.00000000	      0.00000000	      0.00000000	      0.00000000	      0.00000000	      0.00000000	      0.00000000	      0.00000000	      0.00000000	      0.00000000	      0.00000000	      0.00000000	      0.00000000	      0.00000000	      0.00000000	      0.00000000	      0.00000000	      0.00000000	      0.00000000	      0.00000000	      0.00000000	      0.00000000	      0.00000000	      0.00000000	      0.00000000	      0.22033274	      0.79922183	     -0.47042083	     -2.32305816	     -0.14460191	      0.03815079	     -2.10194671	     -0.00000000	      0.00000000	      0.00000000	     -0.00000000	     -0.00000000	      0.00000000	      0.00000000	     -0.30331166	     -0.59195124	     -2.24758428	     -0.37133272	     -0.21104609	     -0.09890345	     -0.10322709	     -0.09868256	     -0.06476959	     -0.33072010	      0.19389038	     -0.00000000	      0.00000000	     -0.00000000	      0.39087541	      1.26714442	      0.11323629	     -1.73462544	     -1.51928684	      0.00000000	      0.02127317	     -0.00000000	      0.00000000	     -0.00000000	     -0.00000000	     -0.00000000
      1.21500000	      0.00000000	      0.00000000	      0.00000000	      0.00000000	      0.00000000	      0.00000000	      0.00000000	      0.00000000	      0.00000000	      0.00000000	      0.00000000	      0.00000000	      0.00000000	      0.00000000	      0.00000000	      0.00000000	      0.00000000	      0.00000000	      0.00000000	      0.00000000	      0.00000000	      0.00000000	      0.00000000	      0.00000000	      0.00000000	      0.00000000	      0.00000000	      0.00000000	      0.00000000	      0.00000000	      0.00000000	      0.00000000	      0.00000000	      0.00000000	      0.00000000	      0.00000000	      0.00000000	      0.00000000	      0.00000000	      0.00000000	      0.21352011	      0.79020760	     -0.48202682	     -2.39524439	     -0.15048123	      0.03701044	     -2.12619156	     -0.00000000	     -0.00000000	     -0.00000000	      0.00000000	     -0.00000000	      0.00000000	      0.00000000	     -0.30197007	     -0.58795070	     -2.28287599	     -0.37209571	     -0.21178125	     -0.09900699	     -0.10360106	     -0.09906173	     -0.06471256	     -0.34077049	      0.19290698	      0.00000000	      0.00000000	     -0.00000000	      0.38593536	      1.25874156	      0.11339727	     -1.74332009	     -1.52313327	     -0.00000000	      0.02022625	      0.00000000	     -0.00000000	     -0.00000000	     -0.00000000	      0.00000000
      1.22000000	      0.00000000	      0.00000000	      0.00000000	      0.00000000	      0.00000000	      0.00000000	      0.00000000	      0.00000000	      0.00000000	      0.00000000	      0.00000000	      0.00000000	      0.00000000	      0.00000000	      0.00000000	      0.00000000	      0.00000000	      0.00000000	      0.00000000	      0.00000000	      0.00000000	      0.00000000	      0.00000000	      0.00000000	      0.00000000	      0.00000000	      0.00000000	      0.00000000	      0.00000000	      0.00000000	      0.00000000	      0.00000000	      0.00000000	      0.00000000	      0.00000000	      0.00000000	      0.00000000	      0.00000000	      0.00000000	      0.00000000	      0.20647908	      0.78066945	     -0.49371328	     -2.46877040	     -0.15640127	      0.03587618	     -2.15009057	      0.00000000	      0.00000000	     -0.00000000	     -0.00000000	      0.00000000	      0.00000000	      0.00000000	     -0.30068559	     -0.58406631	     -2.31848345	     -0.37272046	     -0.21252984	     -0.09918081	     -0.10394085	     -0.09942001	     -0.06466597	     -0.35073836	      0.19188060	     -0.00000000	      0.00000000	     -0.00000000	      0.38096730	      1.24952397	      0.11355169	     -1.75151277	     -1.52676331	     -0.00000000	      0.01917739	      0.00000000	      0.00000000	     -0.00000000	      0.00000000	     -0.00000000
      1.22500000	      0.00000000	      0.00000000	      0.00000000	      0.00000000	      0.00000000	      0.00000000	      0.00000000	      0.00000000	      0.00000000	      0.00000000	      0.00000000	      0.00000000	      0.00000000	      0.00000000	      0.00000000	      0.00000000	      0.00000000	      0.00000000	      0.00000000	      0.00000000	      0.00000000	      0.00000000	      0.00000000	      0.00000000	      0.00000000	      0.00000000	      0.00000000	      0.00000000	      0.00000000	      0.00000000	      0.00000000	      0.00000000	      0.00000000	      0.00000000	      0.00000000	      0.00000000	      0.00000000	      0.00000000	      0.00000000	      0.00000000	      0.19920799	      0.77059906	     -0.50548929	     -2.54358803	     -0.16236380	      0.03474897	     -2.17369061	     -0.00000000	      0.00000000	      0.00000000	     -0.00000000	     -0.00000000	     -0.00000000	     -0.00000000	     -0.29942904	     -0.58026047	     -2.35443657	     -0.37316327	     -0.21324357	     -0.09939215	     -0.10423467	     -0.09973916	     -0.06460723	     -0.36062258	      0.19081781	      0.00000000	     -0.00000000	     -0.00000000	      0.37597777	      1.23943780	      0.11369915	     -1.75929213	     -1.53020048	      0.00000000	      0.01811743	      0.00000000	     -0.00000000	      0.00000000	      0.00000000	     -0.00000000
      1.23000000	      0.00000000	      0.00000000	      0.00000000	      0.00000000	      0.00000000	      0.00000000	      0.00000000	      0.00000000	      0.00000000	      0.00000000	      0.00000000	      0.00000000	      0.00000000	      0.00000000	      0.00000000	      0.00000000	      0.00000000	      0.00000000	      0.00000000	      0.00000000	      0.00000000	      0.00000000	      0.00000000	      0.00000000	      0.00000000	      0.00000000	      0.00000000	      0.00000000	      0.00000000	      0.00000000	      0.00000000	      0.00000000	      0.00000000	      0.00000000	      0.00000000	      0.00000000	      0.00000000	      0.00000000	      0.00000000	      0.00000000	      0.19170624	      0.75999376	     -0.51736507	     -2.61965630	     -0.16837167	      0.03362959	     -2.19704124	      0.00000000	     -0.00000000	      0.00000000	      0.00000000	     -0.00000000	     -0.00000000	     -0.00000000	     -0.29817140	     -0.57649441	     -2.39076348	     -0.37338557	     -0.21387597	     -0.09960819	     -0.10447202	     -0.10000225	     -0.06451425	     -0.37042390	      0.18972546	     -0.00000000	     -0.00000000	     -0.00000000	      0.37097446	      1.22842679	      0.11383913	     -1.76674701	     -1.53346985	     -0.00000000	      0.01703799	      0.00000000	     -0.00000000	      0.00000000	      0.00000000	      0.00000000
      1.23500000	      0.00000000	      0.00000000	      0.00000000	      0.00000000	      0.00000000	      0.00000000	      0.00000000	      0.00000000	      0.00000000	      0.00000000	      0.00000000	      0.00000000	      0.00000000	      0.00000000	      0.00000000	      0.00000000	      0.00000000	      0.00000000	      0.00000000	      0.00000000	      0.00000000	      0.00000000	      0.00000000	      0.00000000	      0.00000000	      0.00000000	      0.00000000	      0.00000000	      0.00000000	      0.00000000	      0.00000000	      0.00000000	      0.00000000	      0.00000000	      0.00000000	      0.00000000	      0.00000000	      0.00000000	      0.00000000	      0.00000000	      0.18397414	      0.74885608	     -0.52935157	     -2.69694119	     -0.17442854	      0.03251859	     -2.22018958	     -0.00000000	      0.00000000	      0.00000000	      0.00000000	      0.00000000	      0.00000000	      0.00000000	     -0.29688465	     -0.57272926	     -2.42748944	     -0.37335532	     -0.21438391	     -0.09979702	     -0.10464415	     -0.10019431	     -0.06436632	     -0.38014450	      0.18861081	      0.00000000	     -0.00000000	     -0.00000000	      0.36596610	      1.21644287	      0.11397123	     -1.77395681	     -1.53659518	     -0.00000000	      0.01593201	      0.00000000	     -0.00000000	     -0.00000000	     -0.00000000	      0.00000000
      1.24000000	      0.00000000	      0.00000000	      0.00000000	      0.00000000	      0.00000000	      0.00000000	      0.00000000	      0.00000000	      0.00000000	      0.00000000	      0.00000000	      0.00000000	      0.00000000	      0.00000000	      0.00000000	      0.00000000	      0.00000000	      0.00000000	      0.00000000	      0.00000000	      0.00000000	      0.00000000	      0.00000000	      0.00000000	      0.00000000	      0.00000000	      0.00000000	      0.00000000	      0.00000000	      0.00000000	      0.00000000	      0.00000000	      0.00000000	      0.00000000	      0.00000000	      0.00000000	      0.00000000	      0.00000000	      0.00000000	      0.00000000	      0.17601283	      0.73719311	     -0.54146003	     -2.77541456	     -0.18053854	      0.03141627	     -2.24317961	     -0.00000000	     -0.00000000	      0.00000000	      0.00000000	      0.00000000	     -0.00000000	      0.00000000	     -0.29554275	     -0.56892753	     -2.46463554	     -0.37304831	     -0.21472924	     -0.09992883	     -0.10474438	     -0.10030292	     -0.06414498	     -0.38978784	      0.18748141	     -0.00000000	      0.00000000	     -0.00000000	      0.36096223	      1.20344545	      0.11409534	     -1.78099032	     -1.53959888	     -0.00000000	      0.01479406	     -0.00000000	     -0.00000000	      0.00000000	      0.00000000	      0.00000000
      1.24500000	      0.00000000	      0.00000000	      0.00000000	      0.00000000	      0.00000000	      0.00000000	      0.00000000	      0.00000000	      0.00000000	      0.00000000	      0.00000000	      0.00000000	      0.00000000	      0.00000000	      0.00000000	      0.00000000	      0.00000000	      0.00000000	      0.00000000	      0.00000000	      0.00000000	      0.00000000	      0.00000000	      0.00000000	      0.00000000	      0.00000000	      0.00000000	      0.00000000	      0.00000000	      0.00000000	      0.00000000	      0.00000000	      0.00000000	      0.00000000	      0.00000000	      0.00000000	      0.00000000	      0.00000000	      0.00000000	      0.00000000	      0.16782411	      0.72501570	     -0.55370147	     -2.85505247	     -0.18670597	      0.03032269	     -2.26604892	      0.00000000	     -0.00000000	     -0.00000000	     -0.00000000	     -0.00000000	      0.00000000	     -0.00000000	     -0.29412286	     -0.56505494	     -2.50221791	     -0.37244950	     -0.21488067	     -0.09997716	     -0.10476844	     -0.10031890	     -0.06383500	     -0.39935817	      0.18634479	     -0.00000000	     -0.00000000	     -0.00000000	      0.35597274	      1.18940757	      0.11421173	     -1.78790132	     -1.54250030	     -0.00000000	      0.01362055	     -0.00000000	     -0.00000000	      0.00000000	      0.00000000	     -0.00000000
      1.25000000	      0.00000000	      0.00000000	      0.00000000	      0.00000000	      0.00000000	      0.00000000	      0.00000000	      0.00000000	      0.00000000	      0.00000000	      0.00000000	      0.00000000	      0.00000000	      0.00000000	      0.00000000	      0.00000000	      0.00000000	      0.00000000	      0.00000000	      0.00000000	      0.00000000	      0.00000000	      0.00000000	      0.00000000	      0.00000000	      0.00000000	      0.00000000	      0.00000000	      0.00000000	      0.00000000	      0.00000000	      0.00000000	      0.00000000	      0.00000000	      0.00000000	      0.00000000	      0.00000000	      0.00000000	      0.00000000	      0.00000000	      0.15941035	      0.71233753	     -0.56608641	     -2.93583364	     -0.19293499	      0.02923768	     -2.28882880	      0.00000000	     -0.00000000	      0.00000000	      0.00000000	     -0.00000000	      0.00000000	      0.00000000	     -0.29260682	     -0.56108295	     -2.54024763	     -0.37155444	     -0.21481579	     -0.09992047	     -0.10471480	     -0.10023690	     -0.06342536	     -0.40886014	      0.18520773	      0.00000000	      0.00000000	     -0.00000000	      0.35100707	      1.17431222	      0.11432085	     -1.79473096	     -1.54531591	      0.00000000	      0.01240950	      0.00000000	      0.00000000	      0.00000000	      0.00000000	      0.00000000
      1.25500000	      0.00000000	      0.00000000	      0.00000000	      0.00000000	      0.00000000	      0.00000000	      0.00000000	      0.00000000	      0.00000000	      0.00000000	      0.00000000	      0.00000000	      0.00000000	      0.00000000	      0.00000000	      0.00000000	      0.00000000	      0.00000000	      0.00000000	      0.00000000	      0.00000000	      0.00000000	      0.00000000	      0.00000000	      0.00000000	      0.00000000	      0.00000000	      0.00000000	      0.00000000	      0.00000000	      0.00000000	      0.00000000	      0.00000000	      0.00000000	      0.00000000	      0.00000000	      0.00000000	      0.00000000	      0.00000000	      0.00000000	      0.15077422	      0.69917381	     -0.57862471	     -3.01773840	     -0.19922948	      0.02816092	     -2.31154533	      0.00000000	      0.00000000	     -0.00000000	      0.00000000	     -0.00000000	     -0.00000000	      0.00000000	     -0.29098270	     -0.55699137	     -2.57873151	     -0.37037019	     -0.21452292	     -0.09974349	     -0.10458495	     -0.10005588	     -0.06291010	     -0.41829862	      0.18407538	     -0.00000000	      0.00000000	     -0.00000000	      0.34607352	      1.15814983	      0.11442314	     -1.80151195	     -1.54805979	      0.00000000	      0.01116025	      0.00000000	      0.00000000	     -0.00000000	      0.00000000	     -0.00000000
      1.26000000	      0.00000000	      0.00000000	      0.00000000	      0.00000000	      0.00000000	      0.00000000	      0.00000000	      0.00000000	      0.00000000	      0.00000000	      0.00000000	      0.00000000	      0.00000000	      0.00000000	      0.00000000	      0.00000000	      0.00000000	      0.00000000	      0.00000000	      0.00000000	      0.00000000	      0.00000000	      0.00000000	      0.00000000	      0.00000000	      0.00000000	      0.00000000	      0.00000000	      0.00000000	      0.00000000	      0.00000000	      0.00000000	      0.00000000	      0.00000000	      0.00000000	      0.00000000	      0.00000000	      0.00000000	      0.00000000	      0.00000000	      0.14191844	      0.68553993	     -0.59132558	     -3.10074826	     -0.20559293	      0.02709190	     -2.33422104	     -0.00000000	      0.00000000	      0.00000000	      0.00000000	     -0.00000000	     -0.00000000	      0.00000000	     -0.28924545	     -0.55276963	     -2.61767329	     -0.36891537	     -0.21400181	     -0.09943801	     -0.10438336	     -0.09977919	     -0.06228865	     -0.42767853	      0.18295070	     -0.00000000	     -0.00000000	     -0.00000000	      0.34117949	      1.14091615	      0.11451875	     -1.80827289	     -1.55074432	      0.00000000	      0.00987309	     -0.00000000	     -0.00000000	      0.00000000	      0.00000000	     -0.00000000
      1.26500000	      0.00000000	      0.00000000	      0.00000000	      0.00000000	      0.00000000	      0.00000000	      0.00000000	      0.00000000	      0.00000000	      0.00000000	      0.00000000	      0.00000000	      0.00000000	      0.00000000	      0.00000000	      0.00000000	      0.00000000	      0.00000000	      0.00000000	      0.00000000	      0.00000000	      0.00000000	      0.00000000	      0.00000000	      0.00000000	      0.00000000	      0.00000000	      0.00000000	      0.00000000	      0.00000000	      0.00000000	      0.00000000	      0.00000000	      0.00000000	      0.00000000	      0.00000000	      0.00000000	      0.00000000	      0.00000000	      0.00000000	      0.13284539	      0.67145020	     -0.60419764	     -3.18484585	     -0.21202844	      0.02603000	     -2.35687788	      0.00000000	      0.00000000	      0.00000000	      0.00000000	     -0.00000000	      0.00000000	     -0.00000000	     -0.28739677	     -0.54841661	     -2.65707477	     -0.36721890	     -0.21326308	     -0.09900272	     -0.10411717	     -0.09941418	     -0.06156551	     -0.43700496	      0.18183454	     -0.00000000	     -0.00000000	     -0.00000000	      0.33633054	      1.12262956	      0.11460754	     -1.81504418	     -1.55338128	     -0.00000000	      0.00854906	     -0.00000000	     -0.00000000	     -0.00000000	     -0.00000000	     -0.00000000
      1.27000000	      0.00000000	      0.00000000	      0.00000000	      0.00000000	      0.00000000	      0.00000000	      0.00000000	      0.00000000	      0.00000000	      0.00000000	      0.00000000	      0.00000000	      0.00000000	      0.00000000	      0.00000000	      0.00000000	      0.00000000	      0.00000000	      0.00000000	      0.00000000	      0.00000000	      0.00000000	      0.00000000	      0.00000000	      0.00000000	      0.00000000	      0.00000000	      0.00000000	      0.00000000	      0.00000000	      0.00000000	      0.00000000	      0.00000000	      0.00000000	      0.00000000	      0.00000000	      0.00000000	      0.00000000	      0.00000000	      0.00000000	      0.12355696	      0.65691687	     -0.61724904	     -3.27001482	     -0.21853871	      0.02497454	     -2.37953571	      0.00000000	     -0.00000000	      0.00000000	      0.00000000	     -0.00000000	      0.00000000	      0.00000000	     -0.28544426	     -0.54393957	     -2.69693673	     -0.36531815	     -0.21232686	     -0.09844264	     -0.10379576	     -0.09897163	     -0.06074960	     -0.44628305	      0.18072588	      0.00000000	     -0.00000000	     -0.00000000	      0.33153013	      1.10329472	      0.11468914	     -1.82185218	     -1.55598135	      0.00000000	      0.00718984	     -0.00000000	     -0.00000000	     -0.00000000	      0.00000000	      0.00000000
      1.27500000	      0.00000000	      0.00000000	      0.00000000	      0.00000000	      0.00000000	      0.00000000	      0.00000000	      0.00000000	      0.00000000	      0.00000000	      0.00000000	      0.00000000	      0.00000000	      0.00000000	      0.00000000	      0.00000000	      0.00000000	      0.00000000	      0.00000000	      0.00000000	      0.00000000	      0.00000000	      0.00000000	      0.00000000	      0.00000000	      0.00000000	      0.00000000	      0.00000000	      0.00000000	      0.00000000	      0.00000000	      0.00000000	      0.00000000	      0.00000000	      0.00000000	      0.00000000	      0.00000000	      0.00000000	      0.00000000	      0.00000000	      0.11405434	      0.64194943	     -0.63048743	     -3.35623963	     -0.22512609	      0.02392483	     -2.40221229	     -0.00000000	     -0.00000000	      0.00000000	     -0.00000000	     -0.00000000	     -0.00000000	      0.00000000	     -0.28340023	     -0.53935236	     -2.73725958	     -0.36325655	     -0.21122066	     -0.09776799	     -0.10343014	     -0.09846485	     -0.05985324	     -0.45551792	      0.17962239	     -0.00000000	      0.00000000	     -0.00000000	      0.32677995	      1.08291361	      0.11476311	     -1.82871908	     -1.55855396	     -0.00000000	      0.00579767	     -0.00000000	      0.00000000	      0.00000000	     -0.00000000	     -0.00000000
      1.28000000	      0.00000000	      0.00000000	      0.00000000	      0.00000000	      0.00000000	      0.00000000	      0.00000000	      0.00000000	      0.00000000	      0.00000000	      0.00000000	      0.00000000	      0.00000000	      0.00000000	      0.00000000	      0.00000000	      0.00000000	      0.00000000	      0.00000000	      0.00000000	      0.00000000	      0.00000000	      0.00000000	      0.00000000	      0.00000000	      0.00000000	      0.00000000	      0.00000000	      0.00000000	      0.00000000	      0.00000000	      0.00000000	      0.00000000	      0.00000000	      0.00000000	      0.00000000	      0.00000000	      0.00000000	      0.00000000	      0.00000000	      0.10433801	      0.62655443	     -0.64391995	     -3.44350486	     -0.23179252	      0.02288018	     -2.42492372	     -0.00000000	     -0.00000000	      0.00000000	     -0.00000000	     -0.00000000	     -0.00000000	      0.00000000	     -0.28128016	     -0.53467312	     -2.77804337	     -0.36108102	     -0.20997699	     -0.09699281	     -0.10303235	     -0.09790879	     -0.05889105	     -0.46471461	      0.17852120	     -0.00000000	      0.00000000	     -0.00000000	      0.32208050	      1.06149273	      0.11482908	     -1.83566245	     -1.56110753	      0.00000000	      0.00437546	      0.00000000	     -0.00000000	      0.00000000	      0.00000000	      0.00000000
      1.28500000	      0.00000000	      0.00000000	      0.00000000	      0.00000000	      0.00000000	      0.00000000	      0.00000000	      0.00000000	      0.00000000	      0.00000000	      0.00000000	      0.00000000	      0.00000000	      0.00000000	      0.00000000	      0.00000000	      0.00000000	      0.00000000	      0.00000000	      0.00000000	      0.00000000	      0.00000000	      0.00000000	      0.00000000	      0.00000000	      0.00000000	      0.00000000	      0.00000000	      0.00000000	      0.00000000	      0.00000000	      0.00000000	      0.00000000	      0.00000000	      0.00000000	      0.00000000	      0.00000000	      0.00000000	      0.00000000	      0.00000000	      0.09440789	      0.61073569	     -0.65755298	     -3.53179385	     -0.23853948	      0.02183996	     -2.44768221	     -0.00000000	     -0.00000000	     -0.00000000	     -0.00000000	      0.00000000	      0.00000000	     -0.00000000	     -0.27910117	     -0.52992197	     -2.81928725	     -0.35883965	     -0.20863089	     -0.09613351	     -0.10261481	     -0.09731915	     -0.05787880	     -0.47387775	      0.17741969	      0.00000000	      0.00000000	     -0.00000000	      0.31743186	      1.03904810	      0.11488702	     -1.84269066	     -1.56364838	      0.00000000	      0.00292691	      0.00000000	     -0.00000000	      0.00000000	      0.00000000	      0.00000000
      1.29000000	      0.00000000	      0.00000000	      0.00000000	      0.00000000	      0.00000000	      0.00000000	      0.00000000	      0.00000000	      0.00000000	      0.00000000	      0.00000000	      0.00000000	      0.00000000	      0.00000000	      0.00000000	      0.00000000	      0.00000000	      0.00000000	      0.00000000	      0.00000000	      0.00000000	      0.00000000	      0.00000000	      0.00000000	      0.00000000	      0.00000000	      0.00000000	      0.00000000	      0.00000000	      0.00000000	      0.00000000	      0.00000000	      0.00000000	      0.00000000	      0.00000000	      0.00000000	      0.00000000	      0.00000000	      0.00000000	      0.00000000	      0.08426365	      0.59449483	     -0.67139202	     -3.62108708	     -0.24536793	      0.02080363	     -2.47049531	      0.00000000	     -0.00000000	      0.00000000	     -0.00000000	      0.00000000	      0.00000000	      0.00000000	     -0.27688104	     -0.52511973	     -2.86098913	     -0.35658020	     -0.20721831	     -0.09520779	     -0.10219002	     -0.09671182	     -0.05683266	     -0.48301130	      0.17631582	      0.00000000	      0.00000000	     -0.00000000	      0.31283411	      1.01561086	      0.11493723	     -1.84980247	     -1.56618058	     -0.00000000	      0.00145637	      0.00000000	      0.00000000	     -0.00000000	      0.00000000	      0.00000000
      1.29500000	      0.00000000	      0.00000000	      0.00000000	      0.00000000	      0.00000000	      0.00000000	      0.00000000	      0.00000000	      0.00000000	      0.00000000	      0.00000000	      0.00000000	      0.00000000	      0.00000000	      0.00000000	      0.00000000	      0.00000000	      0.00000000	      0.00000000	      0.00000000	      0.00000000	      0.00000000	      0.00000000	      0.00000000	      0.00000000	      0.00000000	      0.00000000	      0.00000000	      0.00000000	      0.00000000	      0.00000000	      0.00000000	      0.00000000	      0.00000000	      0.00000000	      0.00000000	      0.00000000	      0.00000000	      0.00000000	      0.00000000	      0.07390492	      0.57783191	     -0.68544165	     -3.71136123	     -0.25227831	      0.01977076	     -2.49336584	     -0.00000000	      0.00000000	      0.00000000	     -0.00000000	      0.00000000	      0.00000000	      0.00000000	     -0.27463774	     -0.52028757	     -2.90314563	     -0.35434920	     -0.20577507	     -0.09423400	     -0.10177026	     -0.09610242	     -0.05576860	     -0.49211825	      0.17520804	      0.00000000	      0.00000000	     -0.00000000	      0.30828745	      0.99124121	      0.11498023	     -1.85698899	     -1.56870607	     -0.00000000	      0.00000000	      0.00000000	      0.00000000	     -0.00000000	     -0.00000000	      0.00000000
      1.30000000	      0.00000000	      0.00000000	      0.00000000	      0.00000000	      0.00000000	      0.00000000	      0.00000000	      0.00000000	      0.00000000	      0.00000000	      0.00000000	      0.00000000	      0.00000000	      0.00000000	      0.00000000	      0.00000000	      0.00000000	      0.00000000	      0.00000000	      0.00000000	      0.00000000	      0.00000000	      0.00000000	      0.00000000	      0.00000000	      0.00000000	      0.00000000	      0.00000000	      0.00000000	      0.00000000	      0.00000000	      0.00000000	      0.00000000	      0.00000000	      0.00000000	      0.00000000	      0.00000000	      0.00000000	      0.00000000	      0.00000000	      0.06333154	      0.56074605	     -0.69970558	     -3.80258876	     -0.25927062	      0.01874105	     -2.51629468	     -0.00000000	      0.00000000	     -0.00000000	      0.00000000	     -0.00000000	      0.00000000	     -0.00000000	     -0.27238893	     -0.51544639	     -2.94575234	     -0.35219104	     -0.20433576	     -0.09323031	     -0.10136734	     -0.09550594	     -0.05470192	     -0.50120090	      0.17409521	      0.00000000	     -0.00000000	     -0.00000000	      0.30379240	      0.96602404	      0.11501663	     -1.86423943	     -1.57122624	     -0.00000000	      0.00000000	     -0.00000000	     -0.00000000	      0.00000000	      0.00000000	     -0.00000000
      1.30500000	      0.00000000	      0.00000000	      0.00000000	      0.00000000	      0.00000000	      0.00000000	      0.00000000	      0.00000000	      0.00000000	      0.00000000	      0.00000000	      0.00000000	      0.00000000	      0.00000000	      0.00000000	      0.00000000	      0.00000000	      0.00000000	      0.00000000	      0.00000000	      0.00000000	      0.00000000	      0.00000000	      0.00000000	      0.00000000	      0.00000000	      0.00000000	      0.00000000	      0.00000000	      0.00000000	      0.00000000	      0.00000000	      0.00000000	      0.00000000	      0.00000000	      0.00000000	      0.00000000	      0.00000000	      0.00000000	      0.00000000	      0.05254380	      0.54323610	     -0.71418677	     -3.89473805	     -0.26634448	      0.01771434	     -2.53927837	      0.00000000	     -0.00000000	     -0.00000000	      0.00000000	      0.00000000	     -0.00000000	     -0.00000000	     -0.27015105	     -0.51061559	     -2.98880384	     -0.35014685	     -0.20293232	     -0.09221374	     -0.10099231	     -0.09493622	     -0.05364656	     -0.51026051	      0.17297679	      0.00000000	      0.00000000	     -0.00000000	      0.29935008	      0.94008000	      0.11504707	     -1.87153900	     -1.57374087	     -0.00000000	      0.00000000	      0.00000000	      0.00000000	      0.00000000	      0.00000000	      0.00000000
      1.31000000	      0.00000000	      0.00000000	      0.00000000	      0.00000000	      0.00000000	      0.00000000	      0.00000000	      0.00000000	      0.00000000	      0.00000000	      0.00000000	      0.00000000	      0.00000000	      0.00000000	      0.00000000	      0.00000000	      0.00000000	      0.00000000	      0.00000000	      0.00000000	      0.00000000	      0.00000000	      0.00000000	      0.00000000	      0.00000000	      0.00000000	      0.00000000	      0.00000000	      0.00000000	      0.00000000	      0.00000000	      0.00000000	      0.00000000	      0.00000000	      0.00000000	      0.00000000	      0.00000000	      0.00000000	      0.00000000	      0.00000000	      0.04154255	      0.52530135	     -0.72888744	     -3.98777368	     -0.27349926	      0.01669062	     -2.56231102	      0.00000000	      0.00000000	     -0.00000000	     -0.00000000	      0.00000000	     -0.00000000	     -0.00000000	     -0.26793844	     -0.50581160	     -3.03229339	     -0.34825338	     -0.20159271	     -0.09119917	     -0.10065518	     -0.09440553	     -0.05261464	     -0.51929764	      0.17185307	     -0.00000000	      0.00000000	     -0.00000000	      0.29496267	      0.91357598	      0.11507225	     -1.87887218	     -1.57624937	     -0.00000000	      0.00000000	      0.00000000	     -0.00000000	     -0.00000000	      0.00000000	     -0.00000000
      1.31500000	      0.00000000	      0.00000000	      0.00000000	      0.00000000	      0.00000000	      0.00000000	      0.00000000	      0.00000000	      0.00000000	      0.00000000	      0.00000000	      0.00000000	      0.00000000	      0.00000000	      0.00000000	      0.00000000	      0.00000000	      0.00000000	      0.00000000	      0.00000000	      0.00000000	      0.00000000	      0.00000000	      0.00000000	      0.00000000	      0.00000000	      0.00000000	      0.00000000	      0.00000000	      0.00000000	      0.00000000	      0.00000000	      0.00000000	      0.00000000	      0.00000000	      0.00000000	      0.00000000	      0.00000000	      0.00000000	      0.00000000	      0.03032942	      0.50694222	     -0.74380923	     -4.08165679	     -0.28073413	      0.01567003	     -2.58538325	      0.00000000	      0.00000000	     -0.00000000	     -0.00000000	      0.00000000	     -0.00000000	     -0.00000000	     -0.26576256	     -0.50104680	     -3.07621260	     -0.34654225	     -0.20033992	     -0.09019866	     -0.10036463	     -0.09392427	     -0.05161605	     -0.52831220	      0.17072531	      0.00000000	      0.00000000	     -0.00000000	      0.29063366	      0.88674172	      0.11509293	     -1.88622205	     -1.57875039	      0.00000000	      0.00000000	      0.00000000	     -0.00000000	      0.00000000	     -0.00000000	     -0.00000000
      1.32000000	      0.00000000	      0.00000000	      0.00000000	      0.00000000	      0.00000000	      0.00000000	      0.00000000	      0.00000000	      0.00000000	      0.00000000	      0.00000000	      0.00000000	      0.00000000	      0.00000000	      0.00000000	      0.00000000	      0.00000000	      0.00000000	      0.00000000	      0.00000000	      0.00000000	      0.00000000	      0.00000000	      0.00000000	      0.00000000	      0.00000000	      0.00000000	      0.00000000	      0.00000000	      0.00000000	      0.00000000	      0.00000000	      0.00000000	      0.00000000	      0.00000000	      0.00000000	      0.00000000	      0.00000000	      0.00000000	      0.00000000	      0.01890693	      0.48816092	     -0.75895319	     -4.17634571	     -0.28804818	      0.01465287	     -2.60848315	     -0.00000000	      0.00000000	      0.00000000	      0.00000000	     -0.00000000	     -0.00000000	     -0.00000000	     -0.26363158	     -0.49632887	     -3.12055090	     -0.34503940	     -0.19919137	     -0.08922094	     -0.10012793	     -0.09350075	     -0.05065827	     -0.53730368	      0.16959576	     -0.00000000	     -0.00000000	     -0.00000000	      0.28636803	      0.85988099	      0.11510986	     -1.89357212	     -1.58124258	     -0.00000000	      0.00000000	      0.00000000	      0.00000000	      0.00000000	      0.00000000	      0.00000000
      1.32500000	      0.00000000	      0.00000000	      0.00000000	      0.00000000	      0.00000000	      0.00000000	      0.00000000	      0.00000000	      0.00000000	      0.00000000	      0.00000000	      0.00000000	      0.00000000	      0.00000000	      0.00000000	      0.00000000	      0.00000000	      0.00000000	      0.00000000	      0.00000000	      0.00000000	      0.00000000	      0.00000000	      0.00000000	      0.00000000	      0.00000000	      0.00000000	      0.00000000	      0.00000000	      0.00000000	      0.00000000	      0.00000000	      0.00000000	      0.00000000	      0.00000000	      0.00000000	      0.00000000	      0.00000000	      0.00000000	      0.00000000	      0.00727854	      0.46896190	     -0.77431989	     -4.27179653	     -0.29544043	      0.01363957	     -2.63159497	     -0.00000000	      0.00000000	     -0.00000000	      0.00000000	      0.00000000	     -0.00000000	      0.00000000	     -0.26155019	     -0.49166061	     -3.16529509	     -0.34376471	     -0.19815868	     -0.08827132	     -0.09995075	     -0.09314108	     -0.04974629	     -0.54627120	      0.16846757	     -0.00000000	     -0.00000000	     -0.00000000	      0.28217218	      0.83336891	      0.11512383	     -1.90090522	     -1.58372397	      0.00000000	      0.00000000	     -0.00000000	     -0.00000000	      0.00000000	     -0.00000000	      0.00000000
      1.33000000	      0.00000000	      0.00000000	      0.00000000	      0.00000000	      0.00000000	      0.00000000	      0.00000000	      0.00000000	      0.00000000	      0.00000000	      0.00000000	      0.00000000	      0.00000000	      0.00000000	      0.00000000	      0.00000000	      0.00000000	      0.00000000	      0.00000000	      0.00000000	      0.00000000	      0.00000000	      0.00000000	      0.00000000	      0.00000000	      0.00000000	      0.00000000	      0.00000000	      0.00000000	      0.00000000	      0.00000000	      0.00000000	      0.00000000	      0.00000000	      0.00000000	      0.00000000	      0.00000000	      0.00000000	      0.00000000	      0.00000000	     -0.00455132	      0.44935210	     -0.78990944	     -4.36796376	     -0.30290993	      0.01263066	     -2.65469976	      0.00000000	     -0.00000000	     -0.00000000	     -0.00000000	      0.00000000	      0.00000000	     -0.00000000	     -0.25951964	     -0.48704008	     -3.21042875	     -0.34273180	     -0.19724771	     -0.08735178	     -0.09983714	     -0.09284918	     -0.04888270	     -0.55521375	      0.16734461	      0.00000000	      0.00000000	     -0.00000000	      0.27805371	      0.80761477	      0.11513558	     -1.90820454	     -1.58619242	      0.00000000	      0.00000000	      0.00000000	      0.00000000	      0.00000000	      0.00000000	     -0.00000000
      1.33500000	      0.00000000	      0.00000000	      0.00000000	      0.00000000	      0.00000000	      0.00000000	      0.00000000	      0.00000000	      0.00000000	      0.00000000	      0.00000000	      0.00000000	      0.00000000	      0.00000000	      0.00000000	      0.00000000	      0.00000000	      0.00000000	      0.00000000	      0.00000000	      0.00000000	      0.00000000	      0.00000000	      0.00000000	      0.00000000	      0.00000000	      0.00000000	      0.00000000	      0.00000000	      0.00000000	      0.00000000	      0.00000000	      0.00000000	      0.00000000	      0.00000000	      0.00000000	      0.00000000	      0.00000000	      0.00000000	      0.00000000	     -0.01657729	      0.42934112	     -0.80572150	     -4.46480071	     -0.31045571	      0.01162680	     -2.67777503	     -0.00000000	     -0.00000000	     -0.00000000	      0.00000000	      0.00000000	      0.00000000	     -0.00000000	     -0.25753776	     -0.48246069	     -3.25593150	     -0.34194796	     -0.19645864	     -0.08646103	     -0.09978944	     -0.09262672	     -0.04806777	     -0.56413037	      0.16623147	     -0.00000000	     -0.00000000	     -0.00000000	      0.27402126	      0.78299329	      0.11514594	     -1.91545299	     -1.58864549	      0.00000000	      0.00000000	     -0.00000000	      0.00000000	     -0.00000000	      0.00000000	     -0.00000000
      1.34000000	      0.00000000	      0.00000000	      0.00000000	      0.00000000	      0.00000000	      0.00000000	      0.00000000	      0.00000000	      0.00000000	      0.00000000	      0.00000000	      0.00000000	      0.00000000	      0.00000000	      0.00000000	      0.00000000	      0.00000000	      0.00000000	      0.00000000	      0.00000000	      0.00000000	      0.00000000	      0.00000000	      0.00000000	      0.00000000	      0.00000000	      0.00000000	      0.00000000	      0.00000000	      0.00000000	      0.00000000	      0.00000000	      0.00000000	      0.00000000	      0.00000000	      0.00000000	      0.00000000	      0.00000000	      0.00000000	      0.00000000	     -0.02879312	      0.40894126	     -0.82175520	     -4.56225939	     -0.31807681	      0.01062872	     -2.70079321	      0.00000000	     -0.00000000	      0.00000000	     -0.00000000	      0.00000000	     -0.00000000	     -0.00000000	     -0.25559919	     -0.47791153	     -3.30177804	     -0.34141428	     -0.19578632	     -0.08559481	     -0.09980837	     -0.09247331	     -0.04729960	     -0.57302010	      0.16513338	      0.00000000	     -0.00000000	     -0.00000000	      0.27008426	      0.75977746	      0.11515583	     -1.92263090	     -1.59107977	     -0.00000000	      0.00000000	     -0.00000000	      0.00000000	      0.00000000	     -0.00000000	     -0.00000000
      1.34500000	      0.00000000	      0.00000000	      0.00000000	      0.00000000	      0.00000000	      0.00000000	      0.00000000	      0.00000000	      0.00000000	      0.00000000	      0.00000000	      0.00000000	      0.00000000	      0.00000000	      0.00000000	      0.00000000	      0.00000000	      0.00000000	      0.00000000	      0.00000000	      0.00000000	      0.00000000	      0.00000000	      0.00000000	      0.00000000	      0.00000000	      0.00000000	      0.00000000	      0.00000000	      0.00000000	      0.00000000	      0.00000000	      0.00000000	      0.00000000	      0.00000000	      0.00000000	      0.00000000	      0.00000000	      0.00000000	      0.00000000	     -0.04119172	      0.38816747	     -0.83800899	     -4.66029015	     -0.32577218	      0.00963721	     -2.72372203	     -0.00000000	     -0.00000000	     -0.00000000	      0.00000000	     -0.00000000	      0.00000000	     -0.00000000	     -0.25369590	     -0.47337830	     -3.34793716	     -0.34112614	     -0.19522086	     -0.08474639	     -0.09989305	     -0.09238662	     -0.04657444	     -0.58188215	      0.16405603	     -0.00000000	     -0.00000000	     -0.00000000	      0.26625247	      0.73812264	      0.11516633	     -1.92971651	     -1.59349107	     -0.00000000	      0.00000000	     -0.00000000	     -0.00000000	      0.00000000	     -0.00000000	     -0.00000000
      1.35000000	      0.00000000	      0.00000000	      0.00000000	      0.00000000	      0.00000000	      0.00000000	      0.00000000	      0.00000000	      0.00000000	      0.00000000	      0.00000000	      0.00000000	      0.00000000	      0.00000000	      0.00000000	      0.00000000	      0.00000000	      0.00000000	      0.00000000	      0.00000000	      0.00000000	      0.00000000	      0.00000000	      0.00000000	      0.00000000	      0.00000000	      0.00000000	      0.00000000	      0.00000000	      0.00000000	      0.00000000	      0.00000000	      0.00000000	      0.00000000	      0.00000000	      0.00000000	      0.00000000	      0.00000000	      0.00000000	      0.00000000	     -0.05376526	      0.36703704	     -0.85448059	     -4.75884119	     -0.33354061	      0.00865311	     -2.74652437	      0.00000000	     -0.00000000	     -0.00000000	      0.00000000	     -0.00000000	     -0.00000000	     -0.00000000	     -0.25181804	     -0.46884479	     -3.39437131	     -0.34107372	     -0.19474874	     -0.08390733	     -0.10004123	     -0.09236269	     -0.04588709	     -0.59071581	      0.16300510	      0.00000000	     -0.00000000	     -0.00000000	      0.26253547	      0.71810600	      0.11517862	     -1.93668721	     -1.59587421	      0.00000000	      0.00000000	     -0.00000000	      0.00000000	     -0.00000000	      0.00000000	      0.00000000
      1.35500000	      0.00000000	      0.00000000	      0.00000000	      0.00000000	      0.00000000	      0.00000000	      0.00000000	      0.00000000	      0.00000000	      0.00000000	      0.00000000	      0.00000000	      0.00000000	      0.00000000	      0.00000000	      0.00000000	      0.00000000	      0.00000000	      0.00000000	      0.00000000	      0.00000000	      0.00000000	      0.00000000	      0.00000000	      0.00000000	      0.00000000	      0.00000000	      0.00000000	      0.00000000	      0.00000000	      0.00000000	      0.00000000	      0.00000000	      0.00000000	      0.00000000	      0.00000000	      0.00000000	      0.00000000	      0.00000000	      0.00000000	     -0.06650527	      0.34556920	     -0.87116689	     -4.85785819	     -0.34138069	      0.00767731	     -2.76916036	      0.00000000	     -0.00000000	     -0.00000000	      0.00000000	     -0.00000000	      0.00000000	     -0.00000000	     -0.24995479	     -0.46429430	     -3.44103624	     -0.34124251	     -0.19435371	     -0.08306833	     -0.10024933	     -0.09239615	     -0.04523126	     -0.59952057	      0.16198592	      0.00000000	      0.00000000	     -0.00000000	      0.25894202	      0.69980162	      0.11519392	     -1.94352248	     -1.59822375	      0.00000000	      0.00000000	      0.00000000	      0.00000000	      0.00000000	     -0.00000000	     -0.00000000
      1.36000000	      0.00000000	      0.00000000	      0.00000000	      0.00000000	      0.00000000	      0.00000000	      0.00000000	      0.00000000	      0.00000000	      0.00000000	      0.00000000	      0.00000000	      0.00000000	      0.00000000	      0.00000000	      0.00000000	      0.00000000	      0.00000000	      0.00000000	      0.00000000	      0.00000000	      0.00000000	      0.00000000	      0.00000000	      0.00000000	      0.00000000	      0.00000000	      0.00000000	      0.00000000	      0.00000000	      0.00000000	      0.00000000	      0.00000000	      0.00000000	      0.00000000	      0.00000000	      0.00000000	      0.00000000	      0.00000000	      0.00000000	     -0.07940282	      0.32378456	     -0.88806388	     -4.95728381	     -0.34929072	      0.00671069	     -2.79158486	     -0.00000000	     -0.00000000	     -0.00000000	      0.00000000	      0.00000000	      0.00000000	      0.00000000	     -0.24809520	     -0.45971102	     -3.48788099	     -0.34161381	     -0.19401784	     -0.08221989	     -0.10051260	     -0.09248051	     -0.04460002	     -0.60829598	      0.16100307	      0.00000000	     -0.00000000	     -0.00000000	      0.25547968	      0.68340437	      0.11521341	     -1.95019659	     -1.60053277	     -0.00000000	      0.00000000	      0.00000000	      0.00000000	      0.00000000	     -0.00000000	     -0.00000000
      1.36500000	      0.00000000	      0.00000000	      0.00000000	      0.00000000	      0.00000000	      0.00000000	      0.00000000	      0.00000000	      0.00000000	      0.00000000	      0.00000000	      0.00000000	      0.00000000	      0.00000000	      0.00000000	      0.00000000	      0.00000000	      0.00000000	      0.00000000	      0.00000000	      0.00000000	      0.00000000	      0.00000000	      0.00000000	      0.00000000	      0.00000000	      0.00000000	      0.00000000	      0.00000000	      0.00000000	      0.00000000	      0.00000000	      0.00000000	      0.00000000	      0.00000000	      0.00000000	      0.00000000	      0.00000000	      0.00000000	      0.00000000	     -0.09244872	      0.30170439	     -0.90516665	     -5.05705759	     -0.35726868	      0.00575414	     -2.81374928	      0.00000000	      0.00000000	      0.00000000	     -0.00000000	     -0.00000000	     -0.00000000	      0.00000000	     -0.24622905	     -0.45508156	     -3.53484852	     -0.34216534	     -0.19372258	     -0.08135321	     -0.10082528	     -0.09260840	     -0.04398617	     -0.61704148	      0.16005991	      0.00000000	      0.00000000	     -0.00000000	      0.25215429	      0.66919372	      0.11523813	     -1.95668354	     -1.60279340	      0.00000000	      0.00000000	      0.00000000	     -0.00000000	      0.00000000	     -0.00000000	      0.00000000
      1.37000000	      0.00000000	      0.00000000	      0.00000000	      0.00000000	      0.00000000	      0.00000000	      0.00000000	      0.00000000	      0.00000000	      0.00000000	      0.00000000	      0.00000000	      0.00000000	      0.00000000	      0.00000000	      0.00000000	      0.00000000	      0.00000000	      0.00000000	      0.00000000	      0.00000000	      0.00000000	      0.00000000	      0.00000000	      0.00000000	      0.00000000	      0.00000000	      0.00000000	      0.00000000	      0.00000000	      0.00000000	      0.00000000	      0.00000000	      0.00000000	      0.00000000	      0.00000000	      0.00000000	      0.00000000	      0.00000000	      0.00000000	     -0.10563371	      0.27934985	     -0.92246952	     -5.15711628	     -0.36531227	      0.00480851	     -2.83560440	     -0.00000000	      0.00000000	     -0.00000000	      0.00000000	      0.00000000	     -0.00000000	      0.00000000	     -0.24434771	     -0.45039619	     -3.58187686	     -0.34287196	     -0.19344985	     -0.08046081	     -0.10118078	     -0.09277190	     -0.04338262	     -0.62575659	      0.15915820	     -0.00000000	      0.00000000	     -0.00000000	      0.24896957	      0.65742512	      0.11526884	     -1.96296039	     -1.60499775	      0.00000000	      0.00000000	      0.00000000	      0.00000000	      0.00000000	     -0.00000000	     -0.00000000
      1.37500000	      0.00000000	      0.00000000	      0.00000000	      0.00000000	      0.00000000	      0.00000000	      0.00000000	      0.00000000	      0.00000000	      0.00000000	      0.00000000	      0.00000000	      0.00000000	      0.00000000	      0.00000000	      0.00000000	      0.00000000	      0.00000000	      0.00000000	      0.00000000	      0.00000000	      0.00000000	      0.00000000	      0.00000000	      0.00000000	      0.00000000	      0.00000000	      0.00000000	      0.00000000	      0.00000000	      0.00000000	      0.00000000	      0.00000000	      0.00000000	      0.00000000	      0.00000000	      0.00000000	      0.00000000	      0.00000000	      0.00000000	     -0.11894881	      0.25674122	     -0.93996620	     -5.25739449	     -0.37341897	      0.00387462	     -2.85710205	      0.00000000	      0.00000000	      0.00000000	      0.00000000	      0.00000000	      0.00000000	     -0.00000000	     -0.24244438	     -0.44564924	     -3.62890038	     -0.34370617	     -0.19318252	     -0.07953686	     -0.10157180	     -0.09296271	     -0.04278263	     -0.63444092	      0.15829797	      0.00000000	     -0.00000000	     -0.00000000	      0.24592707	      0.64814771	      0.11530601	     -1.96900794	     -1.60713818	      0.00000000	      0.00000000	     -0.00000000	      0.00000000	     -0.00000000	      0.00000000	     -0.00000000
      1.38000000	      0.00000000	      0.00000000	      0.00000000	      0.00000000	      0.00000000	      0.00000000	      0.00000000	      0.00000000	      0.00000000	      0.00000000	      0.00000000	      0.00000000	      0.00000000	      0.00000000	      0.00000000	      0.00000000	      0.00000000	      0.00000000	      0.00000000	      0.00000000	      0.00000000	      0.00000000	      0.00000000	      0.00000000	      0.00000000	      0.00000000	      0.00000000	      0.00000000	      0.00000000	      0.00000000	      0.00000000	      0.00000000	      0.00000000	      0.00000000	      0.00000000	      0.00000000	      0.00000000	      0.00000000	      0.00000000	      0.00000000	     -0.13238564	      0.23389679	     -0.95765014	     -5.35782682	     -0.38158617	      0.00295318	     -2.87819646	     -0.00000000	      0.00000000	      0.00000000	     -0.00000000	      0.00000000	     -0.00000000	     -0.00000000	     -0.24051439	     -0.44083926	     -3.67585192	     -0.34463892	     -0.19290513	     -0.07857742	     -0.10199056	     -0.09317241	     -0.04218003	     -0.64309423	      0.15747760	      0.00000000	     -0.00000000	     -0.00000000	      0.24302619	      0.64108401	      0.11534982	     -1.97481083	     -1.60920742	      0.00000000	      0.00000000	     -0.00000000	     -0.00000000	      0.00000000	      0.00000000	     -0.00000000
      1.38500000	      0.00000000	      0.00000000	      0.00000000	      0.00000000	      0.00000000	      0.00000000	      0.00000000	      0.00000000	      0.00000000	      0.00000000	      0.00000000	      0.00000000	      0.00000000	      0.00000000	      0.00000000	      0.00000000	      0.00000000	      0.00000000	      0.00000000	      0.00000000	      0.00000000	      0.00000000	      0.00000000	      0.00000000	      0.00000000	      0.00000000	      0.00000000	      0.00000000	      0.00000000	      0.00000000	      0.00000000	      0.00000000	      0.00000000	      0.00000000	      0.00000000	      0.00000000	      0.00000000	      0.00000000	      0.00000000	      0.00000000	     -0.14593589	      0.21083374	     -0.97551365	     -5.45834254	     -0.38981074	      0.00204489	     -2.89884399	     -0.00000000	     -0.00000000	      0.00000000	      0.00000000	      0.00000000	     -0.00000000	      0.00000000	     -0.23855576	     -0.43596991	     -3.72266175	     -0.34564084	     -0.19260479	     -0.07758089	     -0.10242914	     -0.09339290	     -0.04156964	     -0.65171577	      0.15669364	     -0.00000000	      0.00000000	     -0.00000000	      0.24026414	      0.63570584	      0.11540007	     -1.98035811	     -1.61119850	      0.00000000	      0.00000000	     -0.00000000	      0.00000000	      0.00000000	     -0.00000000	     -0.00000000
      1.39000000	      0.00000000	      0.00000000	      0.00000000	      0.00000000	      0.00000000	      0.00000000	      0.00000000	      0.00000000	      0.00000000	      0.00000000	      0.00000000	      0.00000000	      0.00000000	      0.00000000	      0.00000000	      0.00000000	      0.00000000	      0.00000000	      0.00000000	      0.00000000	      0.00000000	      0.00000000	      0.00000000	      0.00000000	      0.00000000	      0.00000000	      0.00000000	      0.00000000	      0.00000000	      0.00000000	      0.00000000	      0.00000000	      0.00000000	      0.00000000	      0.00000000	      0.00000000	      0.00000000	      0.00000000	      0.00000000	      0.00000000	     -0.15959273	      0.18756534	     -0.99354994	     -5.55887670	     -0.39808999	      0.00115030	     -2.91901131	     -0.00000000	     -0.00000000	     -0.00000000	      0.00000000	     -0.00000000	     -0.00000000	     -0.00000000	     -0.23656936	     -0.43104989	     -3.76926435	     -0.34668340	     -0.19227198	     -0.07654818	     -0.10287979	     -0.09361669	     -0.04094744	     -0.66030562	      0.15594067	      0.00000000	     -0.00000000	     -0.00000000	      0.23763566	      0.63143276	      0.11545607	     -1.98564973	     -1.61310713	     -0.00000000	      0.00000000	     -0.00000000	      0.00000000	     -0.00000000	     -0.00000000	     -0.00000000
      1.39500000	      0.00000000	      0.00000000	      0.00000000	      0.00000000	      0.00000000	      0.00000000	      0.00000000	      0.00000000	      0.00000000	      0.00000000	      0.00000000	      0.00000000	      0.00000000	      0.00000000	      0.00000000	      0.00000000	      0.00000000	      0.00000000	      0.00000000	      0.00000000	      0.00000000	      0.00000000	      0.00000000	      0.00000000	      0.00000000	      0.00000000	      0.00000000	      0.00000000	      0.00000000	      0.00000000	      0.00000000	      0.00000000	      0.00000000	      0.00000000	      0.00000000	      0.00000000	      0.00000000	      0.00000000	      0.00000000	      0.00000000	     -0.17335024	      0.16410182	     -1.01175228	     -5.65936571	     -0.40642124	      0.00026982	     -2.93867378	     -0.00000000	      0.00000000	     -0.00000000	     -0.00000000	      0.00000000	      0.00000000	      0.00000000	     -0.23455890	     -0.42609288	     -3.81559781	     -0.34773952	     -0.19190074	     -0.07548269	     -0.10333509	     -0.09383712	     -0.04031072	     -0.66886393	      0.15521143	      0.00000000	      0.00000000	     -0.00000000	      0.23513321	      0.62777963	      0.11551664	     -1.99069465	     -1.61493101	     -0.00000000	      0.00000000	     -0.00000000	      0.00000000	     -0.00000000	      0.00000000	     -0.00000000
      1.40000000	      0.00000000	      0.00000000	      0.00000000	      0.00000000	      0.00000000	      0.00000000	      0.00000000	      0.00000000	      0.00000000	      0.00000000	      0.00000000	      0.00000000	      0.00000000	      0.00000000	      0.00000000	      0.00000000	      0.00000000	      0.00000000	      0.00000000	      0.00000000	      0.00000000	      0.00000000	      0.00000000	      0.00000000	      0.00000000	      0.00000000	      0.00000000	      0.00000000	      0.00000000	      0.00000000	      0.00000000	      0.00000000	      0.00000000	      0.00000000	      0.00000000	      0.00000000	      0.00000000	      0.00000000	      0.00000000	      0.00000000	     -0.18720378	      0.14044961	     -1.03011461	     -5.75975071	     -0.41480214	     -0.00059626	     -2.95781837	      0.00000000	     -0.00000000	     -0.00000000	      0.00000000	     -0.00000000	      0.00000000	      0.00000000	     -0.23253046	     -0.42111646	     -3.86160667	     -0.34878383	     -0.19148839	     -0.07438992	     -0.10378804	     -0.09404836	     -0.03965799	     -0.67739121	      0.15449721	      0.00000000	     -0.00000000	     -0.00000000	      0.23274729	      0.62439704	      0.11558019	     -1.99551158	     -1.61667050	      0.00000000	      0.00000000	      0.00000000	      0.00000000	     -0.00000000	     -0.00000000	      0.00000000
      1.40500000	      0.00000000	      0.00000000	      0.00000000	      0.00000000	      0.00000000	      0.00000000	      0.00000000	      0.00000000	      0.00000000	      0.00000000	      0.00000000	      0.00000000	      0.00000000	      0.00000000	      0.00000000	      0.00000000	      0.00000000	      0.00000000	      0.00000000	      0.00000000	      0.00000000	      0.00000000	      0.00000000	      0.00000000	      0.00000000	      0.00000000	      0.00000000	      0.00000000	      0.00000000	      0.00000000	      0.00000000	      0.00000000	      0.00000000	      0.00000000	      0.00000000	      0.00000000	      0.00000000	      0.00000000	      0.00000000	      0.00000000	     -0.20115013	      0.11661117	     -1.04863183	     -5.85997921	     -0.42323078	     -0.00144780	     -2.97644483	      0.00000000	      0.00000000	     -0.00000000	      0.00000000	      0.00000000	     -0.00000000	     -0.00000000	     -0.23049206	     -0.41614125	     -3.90724380	     -0.34979267	     -0.19103514	     -0.07327710	     -0.10423209	     -0.09424540	     -0.03898881	     -0.68588847	      0.15378812	     -0.00000000	     -0.00000000	     -0.00000000	      0.23046665	      0.62109596	      0.11564479	     -2.00012845	     -1.61832875	      0.00000000	      0.00000000	     -0.00000000	     -0.00000000	     -0.00000000	     -0.00000000	      0.00000000
      1.41000000	      0.00000000	      0.00000000	      0.00000000	      0.00000000	      0.00000000	      0.00000000	      0.00000000	      0.00000000	      0.00000000	      0.00000000	      0.00000000	      0.00000000	      0.00000000	      0.00000000	      0.00000000	      0.00000000	      0.00000000	      0.00000000	      0.00000000	      0.00000000	      0.00000000	      0.00000000	      0.00000000	      0.00000000	      0.00000000	      0.00000000	      0.00000000	      0.00000000	      0.00000000	      0.00000000	      0.00000000	      0.00000000	      0.00000000	      0.00000000	      0.00000000	      0.00000000	      0.00000000	      0.00000000	      0.00000000	      0.00000000	     -0.21518754	      0.09258491	     -1.06730012	     -5.96000678	     -0.43170581	     -0.00228484	     -2.99456747	     -0.00000000	      0.00000000	     -0.00000000	      0.00000000	      0.00000000	      0.00000000	     -0.00000000	     -0.22845328	     -0.41119023	     -3.95247232	     -0.35074411	     -0.19054377	     -0.07215290	     -0.10466109	     -0.09442395	     -0.03830368	     -0.69435720	      0.15307327	      0.00000000	      0.00000000	     -0.00000000	      0.22827852	      0.61782370	      0.11570817	     -2.00458327	     -1.61991215	      0.00000000	      0.00000000	     -0.00000000	      0.00000000	     -0.00000000	     -0.00000000	      0.00000000
      1.41500000	      0.00000000	      0.00000000	      0.00000000	      0.00000000	      0.00000000	      0.00000000	      0.00000000	      0.00000000	      0.00000000	      0.00000000	      0.00000000	      0.00000000	      0.00000000	      0.00000000	      0.00000000	      0.00000000	      0.00000000	      0.00000000	      0.00000000	      0.00000000	      0.00000000	      0.00000000	      0.00000000	      0.00000000	      0.00000000	      0.00000000	      0.00000000	      0.00000000	      0.00000000	      0.00000000	      0.00000000	      0.00000000	      0.00000000	      0.00000000	      0.00000000	      0.00000000	      0.00000000	      0.00000000	      0.00000000	      0.00000000	     -0.22931585	      0.06836505	     -1.08611730	     -6.05979898	     -0.44022664	     -0.00310760	     -3.01221700	      0.00000000	      0.00000000	     -0.00000000	     -0.00000000	     -0.00000000	     -0.00000000	      0.00000000	     -0.22642483	     -0.40628796	     -3.99726757	     -0.35161752	     -0.19001907	     -0.07102702	     -0.10506925	     -0.09458028	     -0.03760384	     -0.70279955	      0.15234091	      0.00000000	      0.00000000	     -0.00000000	      0.22616879	      0.61453653	      0.11576772	     -2.00892516	     -1.62143073	      0.00000000	      0.00000000	      0.00000000	      0.00000000	      0.00000000	      0.00000000	      0.00000000
      1.42000000	      0.00000000	      0.00000000	      0.00000000	      0.00000000	      0.00000000	      0.00000000	      0.00000000	      0.00000000	      0.00000000	      0.00000000	      0.00000000	      0.00000000	      0.00000000	      0.00000000	      0.00000000	      0.00000000	      0.00000000	      0.00000000	      0.00000000	      0.00000000	      0.00000000	      0.00000000	      0.00000000	      0.00000000	      0.00000000	      0.00000000	      0.00000000	      0.00000000	      0.00000000	      0.00000000	      0.00000000	      0.00000000	      0.00000000	      0.00000000	      0.00000000	      0.00000000	      0.00000000	      0.00000000	      0.00000000	      0.00000000	     -0.24345704	      0.04394169	     -1.10508322	     -6.15933332	     -0.44879360	     -0.00391651	     -3.02944158	     -0.00000000	      0.00000000	      0.00000000	      0.00000000	      0.00000000	      0.00000000	     -0.00000000	     -0.22441798	     -0.40145954	     -4.04161871	     -0.35239295	     -0.18946701	     -0.06990970	     -0.10545092	     -0.09471098	     -0.03689094	     -0.71121844	      0.15157865	     -0.00000000	      0.00000000	     -0.00000000	      0.22412227	      0.61118692	      0.11582051	     -2.01321431	     -1.62289843	      0.00000000	      0.00000000	     -0.00000000	      0.00000000	     -0.00000000	     -0.00000000	     -0.00000000
      1.42500000	      0.00000000	      0.00000000	      0.00000000	      0.00000000	      0.00000000	      0.00000000	      0.00000000	      0.00000000	      0.00000000	      0.00000000	      0.00000000	      0.00000000	      0.00000000	      0.00000000	      0.00000000	      0.00000000	      0.00000000	      0.00000000	      0.00000000	      0.00000000	      0.00000000	      0.00000000	      0.00000000	      0.00000000	      0.00000000	      0.00000000	      0.00000000	      0.00000000	      0.00000000	      0.00000000	      0.00000000	      0.00000000	      0.00000000	      0.00000000	      0.00000000	      0.00000000	      0.00000000	      0.00000000	      0.00000000	      0.00000000	     -0.25747077	      0.01930081	     -1.12420020	     -6.25860111	     -0.45740811	     -0.00471222	     -3.04630777	      0.00000000	      0.00000000	     -0.00000000	      0.00000000	     -0.00000000	     -0.00000000	      0.00000000	     -0.22244381	     -0.39672928	     -4.08552999	     -0.35305080	     -0.18889392	     -0.06881113	     -0.10580052	     -0.09481272	     -0.03616678	     -0.71961773	      0.15077394	      0.00000000	      0.00000000	     -0.00000000	      0.22212321	      0.60772501	      0.11586339	     -2.01752148	     -1.62433326	      0.00000000	      0.00000000	     -0.00000000	     -0.00000000	     -0.00000000	     -0.00000000	      0.00000000
      1.43000000	      0.00000000	      0.00000000	      0.00000000	      0.00000000	      0.00000000	      0.00000000	      0.00000000	      0.00000000	      0.00000000	      0.00000000	      0.00000000	      0.00000000	      0.00000000	      0.00000000	      0.00000000	      0.00000000	      0.00000000	      0.00000000	      0.00000000	      0.00000000	      0.00000000	      0.00000000	      0.00000000	      0.00000000	      0.00000000	      0.00000000	      0.00000000	      0.00000000	      0.00000000	      0.00000000	      0.00000000	      0.00000000	      0.00000000	      0.00000000	      0.00000000	      0.00000000	      0.00000000	      0.00000000	      0.00000000	      0.00000000	     -0.27158177	     -0.00557552	     -1.14347324	     -6.35760868	     -0.46607285	     -0.00549557	     -3.06289946	     -0.00000000	      0.00000000	     -0.00000000	      0.00000000	     -0.00000000	     -0.00000000	      0.00000000	     -0.22051245	     -0.39211919	     -4.12902108	     -0.35357198	     -0.18830571	     -0.06774081	     -0.10611260	     -0.09488216	     -0.03543303	     -0.72800232	      0.14991465	      0.00000000	     -0.00000000	     -0.00000000	      0.22015591	      0.60410135	      0.11589318	     -2.02192519	     -1.62575694	      0.00000000	      0.00000000	      0.00000000	     -0.00000000	      0.00000000	      0.00000000	      0.00000000
      1.43500000	      0.00000000	      0.00000000	      0.00000000	      0.00000000	      0.00000000	      0.00000000	      0.00000000	      0.00000000	      0.00000000	      0.00000000	      0.00000000	      0.00000000	      0.00000000	      0.00000000	      0.00000000	      0.00000000	      0.00000000	      0.00000000	      0.00000000	      0.00000000	      0.00000000	      0.00000000	      0.00000000	      0.00000000	      0.00000000	      0.00000000	      0.00000000	      0.00000000	      0.00000000	      0.00000000	      0.00000000	      0.00000000	      0.00000000	      0.00000000	      0.00000000	      0.00000000	      0.00000000	      0.00000000	      0.00000000	      0.00000000	     -0.28579642	     -0.03070861	     -1.16291011	     -6.45637774	     -0.47479172	     -0.00626768	     -3.07931576	      0.00000000	      0.00000000	     -0.00000000	     -0.00000000	      0.00000000	     -0.00000000	      0.00000000	     -0.21863232	     -0.38764729	     -4.17212638	     -0.35393820	     -0.18770708	     -0.06670690	     -0.10638192	     -0.09491590	     -0.03469098	     -0.73637816	      0.14898986	     -0.00000000	      0.00000000	     -0.00000000	      0.21820553	      0.60027097	      0.11590688	     -2.02650771	     -1.62719421	      0.00000000	      0.00000000	     -0.00000000	      0.00000000	      0.00000000	      0.00000000	      0.00000000
      1.44000000	      0.00000000	      0.00000000	      0.00000000	      0.00000000	      0.00000000	      0.00000000	      0.00000000	      0.00000000	      0.00000000	      0.00000000	      0.00000000	      0.00000000	      0.00000000	      0.00000000	      0.00000000	      0.00000000	      0.00000000	      0.00000000	      0.00000000	      0.00000000	      0.00000000	      0.00000000	      0.00000000	      0.00000000	      0.00000000	      0.00000000	      0.00000000	      0.00000000	      0.00000000	      0.00000000	      0.00000000	      0.00000000	      0.00000000	      0.00000000	      0.00000000	      0.00000000	      0.00000000	      0.00000000	      0.00000000	      0.00000000	     -0.30012260	     -0.05612247	     -1.18252123	     -6.55494453	     -0.48356989	     -0.00702982	     -3.09566763	      0.00000000	     -0.00000000	      0.00000000	     -0.00000000	     -0.00000000	     -0.00000000	     -0.00000000	     -0.21680930	     -0.38332617	     -4.21489335	     -0.35413243	     -0.18710079	     -0.06571562	     -0.10660356	     -0.09491045	     -0.03394138	     -0.74475221	      0.14799060	     -0.00000000	      0.00000000	     -0.00000000	      0.21625884	      0.59619690	      0.11590192	     -2.03135050	     -1.62867189	      0.00000000	      0.00000000	      0.00000000	     -0.00000000	     -0.00000000	     -0.00000000	      0.00000000
      1.44500000	      0.00000000	      0.00000000	      0.00000000	      0.00000000	      0.00000000	      0.00000000	      0.00000000	      0.00000000	      0.00000000	      0.00000000	      0.00000000	      0.00000000	      0.00000000	      0.00000000	      0.00000000	      0.00000000	      0.00000000	      0.00000000	      0.00000000	      0.00000000	      0.00000000	      0.00000000	      0.00000000	      0.00000000	      0.00000000	      0.00000000	      0.00000000	      0.00000000	      0.00000000	      0.00000000	      0.00000000	      0.00000000	      0.00000000	      0.00000000	      0.00000000	      0.00000000	      0.00000000	      0.00000000	      0.00000000	      0.00000000	     -0.31456938	     -0.08184288	     -1.20231954	     -6.65335852	     -0.49241371	     -0.00778346	     -3.11207420	     -0.00000000	     -0.00000000	      0.00000000	     -0.00000000	     -0.00000000	     -0.00000000	      0.00000000	     -0.21504639	     -0.37916220	     -4.25738032	     -0.35413977	     -0.18648739	     -0.06477085	     -0.10677317	     -0.09486233	     -0.03318426	     -0.75313227	      0.14691030	     -0.00000000	     -0.00000000	     -0.00000000	      0.21430486	      0.59185186	      0.11587623	     -2.03653099	     -1.63021796	     -0.00000000	      0.00000000	      0.00000000	     -0.00000000	      0.00000000	     -0.00000000	     -0.00000000
      1.45000000	      0.00000000	      0.00000000	      0.00000000	      0.00000000	      0.00000000	      0.00000000	      0.00000000	      0.00000000	      0.00000000	      0.00000000	      0.00000000	      0.00000000	      0.00000000	      0.00000000	      0.00000000	      0.00000000	      0.00000000	      0.00000000	      0.00000000	      0.00000000	      0.00000000	      0.00000000	      0.00000000	      0.00000000	      0.00000000	      0.00000000	      0.00000000	      0.00000000	      0.00000000	      0.00000000	      0.00000000	      0.00000000	      0.00000000	      0.00000000	      0.00000000	      0.00000000	      0.00000000	      0.00000000	      0.00000000	      0.00000000	     -0.32914676	     -0.10789644	     -1.22232020	     -6.75168069	     -0.50133061	     -0.00853022	     -3.12865961	      0.00000000	     -0.00000000	     -0.00000000	     -0.00000000	     -0.00000000	      0.00000000	      0.00000000	     -0.21334368	     -0.37515549	     -4.29965388	     -0.35394860	     -0.18586544	     -0.06387415	     -0.10688732	     -0.09476839	     -0.03241913	     -0.76152693	      0.14574503	     -0.00000000	      0.00000000	     -0.00000000	      0.21233509	      0.58723106	      0.11582830	     -2.04212071	     -1.63186094	     -0.00000000	      0.00000000	      0.00000000	     -0.00000000	      0.00000000	      0.00000000	     -0.00000000
      1.45500000	      0.00000000	      0.00000000	      0.00000000	      0.00000000	      0.00000000	      0.00000000	      0.00000000	      0.00000000	      0.00000000	      0.00000000	      0.00000000	      0.00000000	      0.00000000	      0.00000000	      0.00000000	      0.00000000	      0.00000000	      0.00000000	      0.00000000	      0.00000000	      0.00000000	      0.00000000	      0.00000000	      0.00000000	      0.00000000	      0.00000000	      0.00000000	      0.00000000	      0.00000000	      0.00000000	      0.00000000	      0.00000000	      0.00000000	      0.00000000	      0.00000000	      0.00000000	      0.00000000	      0.00000000	      0.00000000	      0.00000000	     -0.34386530	     -0.13430964	     -1.24254016	     -6.84998117	     -0.51032886	     -0.00927207	     -3.14554941	     -0.00000000	      0.00000000	     -0.00000000	     -0.00000000	      0.00000000	      0.00000000	     -0.00000000	     -0.21169863	     -0.37130026	     -4.34178597	     -0.35355125	     -0.18523194	     -0.06302498	     -0.10694364	     -0.09462598	     -0.03164504	     -0.76994532	      0.14449354	      0.00000000	     -0.00000000	     -0.00000000	      0.21034372	      0.58236951	      0.11575729	     -2.04818313	     -1.63362893	     -0.00000000	      0.00000000	      0.00000000	      0.00000000	      0.00000000	      0.00000000	      0.00000000
      1.46000000	      0.00000000	      0.00000000	      0.00000000	      0.00000000	      0.00000000	      0.00000000	      0.00000000	      0.00000000	      0.00000000	      0.00000000	      0.00000000	      0.00000000	      0.00000000	      0.00000000	      0.00000000	      0.00000000	      0.00000000	      0.00000000	      0.00000000	      0.00000000	      0.00000000	      0.00000000	      0.00000000	      0.00000000	      0.00000000	      0.00000000	      0.00000000	      0.00000000	      0.00000000	      0.00000000	      0.00000000	      0.00000000	      0.00000000	      0.00000000	      0.00000000	      0.00000000	      0.00000000	      0.00000000	      0.00000000	      0.00000000	     -0.35873563	     -0.16110778	     -1.26299744	     -6.94833607	     -0.51941721	     -0.01001152	     -3.16286532	      0.00000000	      0.00000000	      0.00000000	      0.00000000	     -0.00000000	      0.00000000	     -0.00000000	     -0.21010636	     -0.36758541	     -4.38385042	     -0.35294419	     -0.18458259	     -0.06222097	     -0.10694090	     -0.09443311	     -0.03086082	     -0.77839670	      0.14315732	      0.00000000	      0.00000000	     -0.00000000	      0.20832769	      0.57727379	      0.11566312	     -2.05476770	     -1.63554813	      0.00000000	      0.00000000	     -0.00000000	     -0.00000000	      0.00000000	      0.00000000	      0.00000000
      1.46500000	      0.00000000	      0.00000000	      0.00000000	      0.00000000	      0.00000000	      0.00000000	      0.00000000	      0.00000000	      0.00000000	      0.00000000	      0.00000000	      0.00000000	      0.00000000	      0.00000000	      0.00000000	      0.00000000	      0.00000000	      0.00000000	      0.00000000	      0.00000000	      0.00000000	      0.00000000	      0.00000000	      0.00000000	      0.00000000	      0.00000000	      0.00000000	      0.00000000	      0.00000000	      0.00000000	      0.00000000	      0.00000000	      0.00000000	      0.00000000	      0.00000000	      0.00000000	      0.00000000	      0.00000000	      0.00000000	      0.00000000	     -0.37376796	     -0.18831377	     -1.28371032	     -7.04682354	     -0.52860450	     -0.01075153	     -3.18072149	      0.00000000	      0.00000000	      0.00000000	      0.00000000	     -0.00000000	      0.00000000	      0.00000000	     -0.20855997	     -0.36399518	     -4.42591952	     -0.35212803	     -0.18391215	     -0.06145816	     -0.10687905	     -0.09418851	     -0.03006512	     -0.78689003	      0.14174052	      0.00000000	      0.00000000	     -0.00000000	      0.20628663	      0.57195952	      0.11554663	     -2.06190856	     -1.63764182	     -0.00000000	      0.00000000	     -0.00000000	     -0.00000000	      0.00000000	      0.00000000	      0.00000000
      1.47000000	      0.00000000	      0.00000000	      0.00000000	      0.00000000	      0.00000000	      0.00000000	      0.00000000	      0.00000000	      0.00000000	      0.00000000	      0.00000000	      0.00000000	      0.00000000	      0.00000000	      0.00000000	      0.00000000	      0.00000000	      0.00000000	      0.00000000	      0.00000000	      0.00000000	      0.00000000	      0.00000000	      0.00000000	      0.00000000	      0.00000000	      0.00000000	      0.00000000	      0.00000000	      0.00000000	      0.00000000	      0.00000000	      0.00000000	      0.00000000	      0.00000000	      0.00000000	      0.00000000	      0.00000000	      0.00000000	      0.00000000	     -0.38897146	     -0.21594702	     -1.30469652	     -7.14551973	     -0.53789931	     -0.01149559	     -3.19922145	     -0.00000000	      0.00000000	     -0.00000000	      0.00000000	      0.00000000	      0.00000000	     -0.00000000	     -0.20705105	     -0.36051004	     -4.46806072	     -0.35110804	     -0.18321487	     -0.06073133	     -0.10675930	     -0.09389182	     -0.02925663	     -0.79543356	      0.14024973	     -0.00000000	     -0.00000000	     -0.00000000	      0.20422270	      0.56645343	      0.11540946	     -2.06962427	     -1.63992970	     -0.00000000	      0.00000000	      0.00000000	      0.00000000	     -0.00000000	      0.00000000	      0.00000000
      1.47500000	      0.00000000	      0.00000000	      0.00000000	      0.00000000	      0.00000000	      0.00000000	      0.00000000	      0.00000000	      0.00000000	      0.00000000	      0.00000000	      0.00000000	      0.00000000	      0.00000000	      0.00000000	      0.00000000	      0.00000000	      0.00000000	      0.00000000	      0.00000000	      0.00000000	      0.00000000	      0.00000000	      0.00000000	      0.00000000	      0.00000000	      0.00000000	      0.00000000	      0.00000000	      0.00000000	      0.00000000	      0.00000000	      0.00000000	      0.00000000	      0.00000000	      0.00000000	      0.00000000	      0.00000000	      0.00000000	      0.00000000	     -0.40435384	     -0.24402237	     -1.32597255	     -7.24449526	     -0.54730963	     -0.01224780	     -3.21845589	      0.00000000	     -0.00000000	      0.00000000	     -0.00000000	     -0.00000000	      0.00000000	     -0.00000000	     -0.20557022	     -0.35710788	     -4.51033403	     -0.34989470	     -0.18248531	     -0.06003437	     -0.10658433	     -0.09354380	     -0.02843428	     -0.80403451	      0.13869348	      0.00000000	     -0.00000000	     -0.00000000	      0.20214015	      0.56078984	      0.11525393	     -2.07791896	     -1.64242751	     -0.00000000	      0.00000000	     -0.00000000	      0.00000000	     -0.00000000	      0.00000000	      0.00000000
      1.48000000	      0.00000000	      0.00000000	      0.00000000	      0.00000000	      0.00000000	      0.00000000	      0.00000000	      0.00000000	      0.00000000	      0.00000000	      0.00000000	      0.00000000	      0.00000000	      0.00000000	      0.00000000	      0.00000000	      0.00000000	      0.00000000	      0.00000000	      0.00000000	      0.00000000	      0.00000000	      0.00000000	      0.00000000	      0.00000000	      0.00000000	      0.00000000	      0.00000000	      0.00000000	      0.00000000	      0.00000000	      0.00000000	      0.00000000	      0.00000000	      0.00000000	      0.00000000	      0.00000000	      0.00000000	      0.00000000	      0.00000000	     -0.41992097	     -0.27254952	     -1.34755319	     -7.34381264	     -0.55684270	     -0.01301282	     -3.23850176	     -0.00000000	      0.00000000	     -0.00000000	     -0.00000000	      0.00000000	      0.00000000	      0.00000000	     -0.20410784	     -0.35376541	     -4.55279011	     -0.34850443	     -0.18171924	     -0.05936080	     -0.10635850	     -0.09314667	     -0.02759752	     -0.81269890	      0.13708170	      0.00000000	      0.00000000	     -0.00000000	      0.20004477	      0.55500595	      0.11508276	     -2.08678517	     -1.64514713	     -0.00000000	      0.00000000	     -0.00000000	      0.00000000	      0.00000000	      0.00000000	      0.00000000
      1.48500000	      0.00000000	      0.00000000	      0.00000000	      0.00000000	      0.00000000	      0.00000000	      0.00000000	      0.00000000	      0.00000000	      0.00000000	      0.00000000	      0.00000000	      0.00000000	      0.00000000	      0.00000000	      0.00000000	      0.00000000	      0.00000000	      0.00000000	      0.00000000	      0.00000000	      0.00000000	      0.00000000	      0.00000000	      0.00000000	      0.00000000	      0.00000000	      0.00000000	      0.00000000	      0.00000000	      0.00000000	      0.00000000	      0.00000000	      0.00000000	      0.00000000	      0.00000000	      0.00000000	      0.00000000	      0.00000000	      0.00000000	     -0.43567671	     -0.30153267	     -1.36945123	     -7.44352488	     -0.56650487	     -0.01379571	     -3.25942203	     -0.00000000	     -0.00000000	      0.00000000	     -0.00000000	      0.00000000	      0.00000000	     -0.00000000	     -0.20265479	     -0.35045950	     -4.59546925	     -0.34695996	     -0.18091458	     -0.05870427	     -0.10608795	     -0.09270426	     -0.02674654	     -0.82143149	      0.13542504	     -0.00000000	     -0.00000000	     -0.00000000	      0.19794324	      0.54913670	      0.11489879	     -2.09620720	     -1.64809682	      0.00000000	      0.00000000	     -0.00000000	     -0.00000000	     -0.00000000	     -0.00000000	     -0.00000000
      1.49000000	      0.00000000	      0.00000000	      0.00000000	      0.00000000	      0.00000000	      0.00000000	      0.00000000	      0.00000000	      0.00000000	      0.00000000	      0.00000000	      0.00000000	      0.00000000	      0.00000000	      0.00000000	      0.00000000	      0.00000000	      0.00000000	      0.00000000	      0.00000000	      0.00000000	      0.00000000	      0.00000000	      0.00000000	      0.00000000	      0.00000000	      0.00000000	      0.00000000	      0.00000000	      0.00000000	      0.00000000	      0.00000000	      0.00000000	      0.00000000	      0.00000000	      0.00000000	      0.00000000	      0.00000000	      0.00000000	      0.00000000	     -0.45162292	     -0.33097074	     -1.39167733	     -7.54367508	     -0.57630159	     -0.01460151	     -3.28126610	      0.00000000	      0.00000000	      0.00000000	     -0.00000000	     -0.00000000	     -0.00000000	     -0.00000000	     -0.20120288	     -0.34716829	     -4.63840095	     -0.34528998	     -0.18007187	     -0.05805901	     -0.10578056	     -0.09222202	     -0.02588241	     -0.83023587	      0.13373432	      0.00000000	      0.00000000	     -0.00000000	      0.19584251	      0.54321085	      0.11470479	     -2.10616398	     -1.65128174	      0.00000000	      0.00000000	      0.00000000	     -0.00000000	      0.00000000	      0.00000000	     -0.00000000
      1.49500000	      0.00000000	      0.00000000	      0.00000000	      0.00000000	      0.00000000	      0.00000000	      0.00000000	      0.00000000	      0.00000000	      0.00000000	      0.00000000	      0.00000000	      0.00000000	      0.00000000	      0.00000000	      0.00000000	      0.00000000	      0.00000000	      0.00000000	      0.00000000	      0.00000000	      0.00000000	      0.00000000	      0.00000000	      0.00000000	      0.00000000	      0.00000000	      0.00000000	      0.00000000	      0.00000000	      0.00000000	      0.00000000	      0.00000000	      0.00000000	      0.00000000	      0.00000000	      0.00000000	      0.00000000	      0.00000000	      0.00000000	     -0.46775954	     -0.36085761	     -1.41423989	     -7.64429637	     -0.58623732	     -0.01543478	     -3.30406978	      0.00000000	     -0.00000000	     -0.00000000	      0.00000000	      0.00000000	      0.00000000	     -0.00000000	     -0.19974512	     -0.34387163	     -4.68160362	     -0.34352782	     -0.17919412	     -0.05741996	     -0.10544558	     -0.09170674	     -0.02500701	     -0.83911458	      0.13202026	      0.00000000	      0.00000000	     -0.00000000	      0.19374946	      0.53724983	      0.11450340	     -2.11663011	     -1.65470399	     -0.00000000	      0.00000000	      0.00000000	     -0.00000000	     -0.00000000	      0.00000000	     -0.00000000
      1.50000000	      0.00000000	      0.00000000	      0.00000000	      0.00000000	      0.00000000	      0.00000000	      0.00000000	      0.00000000	      0.00000000	      0.00000000	      0.00000000	      0.00000000	      0.00000000	      0.00000000	      0.00000000	      0.00000000	      0.00000000	      0.00000000	      0.00000000	      0.00000000	      0.00000000	      0.00000000	      0.00000000	      0.00000000	      0.00000000	      0.00000000	      0.00000000	      0.00000000	      0.00000000	      0.00000000	      0.00000000	      0.00000000	      0.00000000	      0.00000000	      0.00000000	      0.00000000	      0.00000000	      0.00000000	      0.00000000	      0.00000000	     -0.48408466	     -0.39118256	     -1.43714480	     -7.74541144	     -0.59631542	     -0.01629909	     -3.32785466	      0.00000000	     -0.00000000	     -0.00000000	      0.00000000	     -0.00000000	      0.00000000	     -0.00000000	     -0.19827551	     -0.34055113	     -4.72508421	     -0.34170930	     -0.17828610	     -0.05678276	     -0.10509307	     -0.09116602	     -0.02412279	     -0.84806905	      0.13029332	      0.00000000	      0.00000000	     -0.00000000	      0.19167064	      0.53127064	      0.11429724	     -2.12757526	     -1.65836253	      0.00000000	      0.00000000	      0.00000000	      0.00000000	      0.00000000	      0.00000000	     -0.00000000
      1.50500000	      0.00000000	      0.00000000	      0.00000000	      0.00000000	      0.00000000	      0.00000000	      0.00000000	      0.00000000	      0.00000000	      0.00000000	      0.00000000	      0.00000000	      0.00000000	      0.00000000	      0.00000000	      0.00000000	      0.00000000	      0.00000000	      0.00000000	      0.00000000	      0.00000000	      0.00000000	      0.00000000	      0.00000000	      0.00000000	      0.00000000	      0.00000000	      0.00000000	      0.00000000	      0.00000000	      0.00000000	      0.00000000	      0.00000000	      0.00000000	      0.00000000	      0.00000000	      0.00000000	      0.00000000	      0.00000000	      0.00000000	     -0.50059448	     -0.42193046	     -1.46039513	     -7.84703166	     -0.60653800	     -0.01719695	     -3.35262743	      0.00000000	      0.00000000	      0.00000000	      0.00000000	     -0.00000000	      0.00000000	     -0.00000000	     -0.19678895	     -0.33719019	     -4.76883768	     -0.33987059	     -0.17735346	     -0.05614366	     -0.10473327	     -0.09060765	     -0.02323249	     -0.85709962	      0.12856366	     -0.00000000	     -0.00000000	     -0.00000000	      0.18961224	      0.52529271	      0.11408899	     -2.13896355	     -1.66225293	     -0.00000000	      0.00000000	     -0.00000000	      0.00000000	      0.00000000	     -0.00000000	     -0.00000000
      1.51000000	      0.00000000	      0.00000000	      0.00000000	      0.00000000	      0.00000000	      0.00000000	      0.00000000	      0.00000000	      0.00000000	      0.00000000	      0.00000000	      0.00000000	      0.00000000	      0.00000000	      0.00000000	      0.00000000	      0.00000000	      0.00000000	      0.00000000	      0.00000000	      0.00000000	      0.00000000	      0.00000000	      0.00000000	      0.00000000	      0.00000000	      0.00000000	      0.00000000	      0.00000000	      0.00000000	      0.00000000	      0.00000000	      0.00000000	      0.00000000	      0.00000000	      0.00000000	      0.00000000	      0.00000000	      0.00000000	      0.00000000	     -0.51728332	     -0.45308204	     -1.48399081	     -7.94915597	     -0.61690578	     -0.01812995	     -3.37837953	     -0.00000000	     -0.00000000	     -0.00000000	      0.00000000	      0.00000000	     -0.00000000	     -0.00000000	     -0.19528112	     -0.33377411	     -4.81284681	     -0.33804661	     -0.17640216	     -0.05549943	     -0.10437614	     -0.09003921	     -0.02233893	     -0.86620537	      0.12684094	     -0.00000000	      0.00000000	     -0.00000000	      0.18757981	      0.51934596	      0.11388136	     -2.15075395	     -1.66636740	      0.00000000	      0.00000000	      0.00000000	      0.00000000	      0.00000000	      0.00000000	     -0.00000000
      1.51500000	      0.00000000	      0.00000000	      0.00000000	      0.00000000	      0.00000000	      0.00000000	      0.00000000	      0.00000000	      0.00000000	      0.00000000	      0.00000000	      0.00000000	      0.00000000	      0.00000000	      0.00000000	      0.00000000	      0.00000000	      0.00000000	      0.00000000	      0.00000000	      0.00000000	      0.00000000	      0.00000000	      0.00000000	      0.00000000	      0.00000000	      0.00000000	      0.00000000	      0.00000000	      0.00000000	      0.00000000	      0.00000000	      0.00000000	      0.00000000	      0.00000000	      0.00000000	      0.00000000	      0.00000000	      0.00000000	      0.00000000	     -0.53414366	     -0.48461422	     -1.50792858	     -8.05177053	     -0.62741814	     -0.01909913	     -3.40508766	      0.00000000	      0.00000000	      0.00000000	     -0.00000000	      0.00000000	     -0.00000000	     -0.00000000	     -0.19374857	     -0.33029050	     -4.85708254	     -0.33627032	     -0.17543836	     -0.05484746	     -0.10403116	     -0.08946791	     -0.02144496	     -0.87538419	      0.12513406	     -0.00000000	     -0.00000000	     -0.00000000	      0.18557812	      0.51347388	      0.11367697	     -2.16290184	     -1.67069511	      0.00000000	      0.00000000	     -0.00000000	     -0.00000000	     -0.00000000	      0.00000000	     -0.00000000
      1.52000000	      0.00000000	      0.00000000	      0.00000000	      0.00000000	      0.00000000	      0.00000000	      0.00000000	      0.00000000	      0.00000000	      0.00000000	      0.00000000	      0.00000000	      0.00000000	      0.00000000	      0.00000000	      0.00000000	      0.00000000	      0.00000000	      0.00000000	      0.00000000	      0.00000000	      0.00000000	      0.00000000	      0.00000000	      0.00000000	      0.00000000	      0.00000000	      0.00000000	      0.00000000	      0.00000000	      0.00000000	      0.00000000	      0.00000000	      0.00000000	      0.00000000	      0.00000000	      0.00000000	      0.00000000	      0.00000000	      0.00000000	     -0.55116628	     -0.51650066	     -1.53220193	     -8.15484859	     -0.63807307	     -0.02010533	     -3.43271386	     -0.00000000	     -0.00000000	     -0.00000000	      0.00000000	      0.00000000	     -0.00000000	      0.00000000	     -0.19218877	     -0.32672931	     -4.90150441	     -0.33457272	     -0.17446838	     -0.05418574	     -0.10370737	     -0.08890061	     -0.02055342	     -0.88463281	      0.12345111	     -0.00000000	     -0.00000000	     -0.00000000	      0.18361114	      0.50779075	      0.11347831	     -2.17535947	     -1.67522238	      0.00000000	      0.00000000	     -0.00000000	      0.00000000	      0.00000000	     -0.00000000	     -0.00000000
      1.52500000	      0.00000000	      0.00000000	      0.00000000	      0.00000000	      0.00000000	      0.00000000	      0.00000000	      0.00000000	      0.00000000	      0.00000000	      0.00000000	      0.00000000	      0.00000000	      0.00000000	      0.00000000	      0.00000000	      0.00000000	      0.00000000	      0.00000000	      0.00000000	      0.00000000	      0.00000000	      0.00000000	      0.00000000	      0.00000000	      0.00000000	      0.00000000	      0.00000000	      0.00000000	      0.00000000	      0.00000000	      0.00000000	      0.00000000	      0.00000000	      0.00000000	      0.00000000	      0.00000000	      0.00000000	      0.00000000	      0.00000000	     -0.56834038	     -0.54871220	     -1.55680334	     -8.25835050	     -0.64886722	     -0.02114948	     -3.46120511	      0.00000000	      0.00000000	      0.00000000	      0.00000000	      0.00000000	     -0.00000000	      0.00000000	     -0.19059993	     -0.32308262	     -4.94606089	     -0.33298315	     -0.17349870	     -0.05351277	     -0.10341335	     -0.08834388	     -0.01966716	     -0.89394680	      0.12179953	     -0.00000000	     -0.00000000	     -0.00000000	      0.18168216	      0.50369533	      0.11328778	     -2.18807535	     -1.67993269	     -0.00000000	      0.00000000	     -0.00000000	     -0.00000000	      0.00000000	      0.00000000	     -0.00000000
      1.53000000	      0.00000000	      0.00000000	      0.00000000	      0.00000000	      0.00000000	      0.00000000	      0.00000000	      0.00000000	      0.00000000	      0.00000000	      0.00000000	      0.00000000	      0.00000000	      0.00000000	      0.00000000	      0.00000000	      0.00000000	      0.00000000	      0.00000000	      0.00000000	      0.00000000	      0.00000000	      0.00000000	      0.00000000	      0.00000000	      0.00000000	      0.00000000	      0.00000000	      0.00000000	      0.00000000	      0.00000000	      0.00000000	      0.00000000	      0.00000000	      0.00000000	      0.00000000	      0.00000000	      0.00000000	      0.00000000	      0.00000000	     -0.58565375	     -0.58121745	     -1.58172743	     -8.36222354	     -0.65979594	     -0.02223273	     -3.49049274	      0.00000000	     -0.00000000	      0.00000000	      0.00000000	      0.00000000	      0.00000000	      0.00000000	     -0.18898086	     -0.31934429	     -4.99068960	     -0.33152914	     -0.17253565	     -0.05282738	     -0.10315724	     -0.08780401	     -0.01878890	     -0.90332066	      0.12018618	      0.00000000	      0.00000000	     -0.00000000	      0.17979405	      0.49978251	      0.11310767	     -2.20099362	     -1.68480658	     -0.00000000	      0.00000000	      0.00000000	     -0.00000000	      0.00000000	      0.00000000	      0.00000000
      1.53500000	      0.00000000	      0.00000000	      0.00000000	      0.00000000	      0.00000000	      0.00000000	      0.00000000	      0.00000000	      0.00000000	      0.00000000	      0.00000000	      0.00000000	      0.00000000	      0.00000000	      0.00000000	      0.00000000	      0.00000000	      0.00000000	      0.00000000	      0.00000000	      0.00000000	      0.00000000	      0.00000000	      0.00000000	      0.00000000	      0.00000000	      0.00000000	      0.00000000	      0.00000000	      0.00000000	      0.00000000	      0.00000000	      0.00000000	      0.00000000	      0.00000000	      0.00000000	      0.00000000	      0.00000000	      0.00000000	      0.00000000	     -0.60309296	     -0.61398332	     -1.60695641	     -8.46640227	     -0.67085335	     -0.02335640	     -3.52049271	      0.00000000	     -0.00000000	      0.00000000	     -0.00000000	     -0.00000000	     -0.00000000	      0.00000000	     -0.18733078	     -0.31551003	     -5.03531804	     -0.33023595	     -0.17158506	     -0.05212866	     -0.10294658	     -0.08728688	     -0.01792114	     -0.91274789	      0.11861726	     -0.00000000	     -0.00000000	     -0.00000000	      0.17794923	      0.49609678	      0.11294003	     -2.21405523	     -1.68982198	     -0.00000000	      0.00000000	     -0.00000000	     -0.00000000	      0.00000000	     -0.00000000	     -0.00000000
      1.54000000	      0.00000000	      0.00000000	      0.00000000	      0.00000000	      0.00000000	      0.00000000	      0.00000000	      0.00000000	      0.00000000	      0.00000000	      0.00000000	      0.00000000	      0.00000000	      0.00000000	      0.00000000	      0.00000000	      0.00000000	      0.00000000	      0.00000000	      0.00000000	      0.00000000	      0.00000000	      0.00000000	      0.00000000	      0.00000000	      0.00000000	      0.00000000	      0.00000000	      0.00000000	      0.00000000	      0.00000000	      0.00000000	      0.00000000	      0.00000000	      0.00000000	      0.00000000	      0.00000000	      0.00000000	      0.00000000	      0.00000000	     -0.62064372	     -0.64697596	     -1.63247169	     -8.57081015	     -0.68203270	     -0.02452180	     -3.55110719	      0.00000000	      0.00000000	      0.00000000	     -0.00000000	      0.00000000	     -0.00000000	      0.00000000	     -0.18564930	     -0.31157751	     -5.07986497	     -0.32912607	     -0.17065210	     -0.05141583	     -0.10278813	     -0.08679782	     -0.01706599	     -0.92222128	      0.11709789	     -0.00000000	     -0.00000000	     -0.00000000	      0.17614954	      0.49267169	      0.11278642	     -2.22720064	     -1.69495504	     -0.00000000	      0.00000000	      0.00000000	     -0.00000000	     -0.00000000	     -0.00000000	     -0.00000000
      1.54500000	      0.00000000	      0.00000000	      0.00000000	      0.00000000	      0.00000000	      0.00000000	      0.00000000	      0.00000000	      0.00000000	      0.00000000	      0.00000000	      0.00000000	      0.00000000	      0.00000000	      0.00000000	      0.00000000	      0.00000000	      0.00000000	      0.00000000	      0.00000000	      0.00000000	      0.00000000	      0.00000000	      0.00000000	      0.00000000	      0.00000000	      0.00000000	      0.00000000	      0.00000000	      0.00000000	      0.00000000	      0.00000000	      0.00000000	      0.00000000	      0.00000000	      0.00000000	      0.00000000	      0.00000000	      0.00000000	      0.00000000	     -0.63829151	     -0.68016211	     -1.65825272	     -8.67536255	     -0.69332676	     -0.02572994	     -3.58222716	     -0.00000000	     -0.00000000	     -0.00000000	      0.00000000	      0.00000000	      0.00000000	     -0.00000000	     -0.18393637	     -0.30754647	     -5.12424254	     -0.32821856	     -0.16974093	     -0.05068821	     -0.10268772	     -0.08634145	     -0.01622505	     -0.93173342	      0.11563182	     -0.00000000	      0.00000000	     -0.00000000	      0.17439606	      0.48952839	      0.11264765	     -2.24037283	     -1.70018104	      0.00000000	      0.00000000	      0.00000000	      0.00000000	      0.00000000	      0.00000000	      0.00000000
      1.55000000	      0.00000000	      0.00000000	      0.00000000	      0.00000000	      0.00000000	      0.00000000	      0.00000000	      0.00000000	      0.00000000	      0.00000000	      0.00000000	      0.00000000	      0.00000000	      0.00000000	      0.00000000	      0.00000000	      0.00000000	      0.00000000	      0.00000000	      0.00000000	      0.00000000	      0.00000000	      0.00000000	      0.00000000	      0.00000000	      0.00000000	      0.00000000	      0.00000000	      0.00000000	      0.00000000	      0.00000000	      0.00000000	      0.00000000	      0.00000000	      0.00000000	      0.00000000	      0.00000000	      0.00000000	      0.00000000	      0.00000000	     -0.65602237	     -0.71351072	     -1.68427806	     -8.77997079	     -0.70472836	     -0.02698111	     -3.61373541	     -0.00000000	      0.00000000	      0.00000000	     -0.00000000	      0.00000000	      0.00000000	     -0.00000000	     -0.18219212	     -0.30341860	     -5.16835870	     -0.32752849	     -0.16885444	     -0.04994514	     -0.10265003	     -0.08592153	     -0.01539931	     -0.94127728	      0.11422123	     -0.00000000	      0.00000000	     -0.00000000	      0.17268903	      0.48667501	      0.11252366	     -2.25351961	     -1.70547539	      0.00000000	      0.00000000	      0.00000000	     -0.00000000	      0.00000000	     -0.00000000	      0.00000000
      1.55500000	      0.00000000	      0.00000000	      0.00000000	      0.00000000	      0.00000000	      0.00000000	      0.00000000	      0.00000000	      0.00000000	      0.00000000	      0.00000000	      0.00000000	      0.00000000	      0.00000000	      0.00000000	      0.00000000	      0.00000000	      0.00000000	      0.00000000	      0.00000000	      0.00000000	      0.00000000	      0.00000000	      0.00000000	      0.00000000	      0.00000000	      0.00000000	      0.00000000	      0.00000000	      0.00000000	      0.00000000	      0.00000000	      0.00000000	      0.00000000	      0.00000000	      0.00000000	      0.00000000	      0.00000000	      0.00000000	      0.00000000	     -0.67382367	     -0.74699466	     -1.71052650	     -8.88454651	     -0.71623088	     -0.02827462	     -3.64550985	      0.00000000	     -0.00000000	     -0.00000000	      0.00000000	     -0.00000000	     -0.00000000	      0.00000000	     -0.18041673	     -0.29919733	     -5.21211958	     -0.32706646	     -0.16799406	     -0.04918591	     -0.10267848	     -0.08554083	     -0.01458907	     -0.95084680	      0.11286666	      0.00000000	      0.00000000	     -0.00000000	      0.17102780	      0.48410742	      0.11241344	     -2.26659508	     -1.71081443	     -0.00000000	      0.00000000	      0.00000000	     -0.00000000	      0.00000000	      0.00000000	     -0.00000000
      1.56000000	      0.00000000	      0.00000000	      0.00000000	      0.00000000	      0.00000000	      0.00000000	      0.00000000	      0.00000000	      0.00000000	      0.00000000	      0.00000000	      0.00000000	      0.00000000	      0.00000000	      0.00000000	      0.00000000	      0.00000000	      0.00000000	      0.00000000	      0.00000000	      0.00000000	      0.00000000	      0.00000000	      0.00000000	      0.00000000	      0.00000000	      0.00000000	      0.00000000	      0.00000000	      0.00000000	      0.00000000	      0.00000000	      0.00000000	      0.00000000	      0.00000000	      0.00000000	      0.00000000	      0.00000000	      0.00000000	      0.00000000	     -0.69168487	     -0.78059228	     -1.73697792	     -8.98900539	     -0.72782862	     -0.02960873	     -3.67742560	      0.00000000	     -0.00000000	     -0.00000000	     -0.00000000	      0.00000000	     -0.00000000	     -0.00000000	     -0.17861037	     -0.29488730	     -5.25543138	     -0.32683850	     -0.16715962	     -0.04840975	     -0.10277518	     -0.08520107	     -0.01379394	     -0.96043735	      0.11156727	     -0.00000000	      0.00000000	     -0.00000000	      0.16941100	      0.48181231	      0.11231531	     -2.27955863	     -1.71617558	     -0.00000000	      0.00000000	     -0.00000000	     -0.00000000	     -0.00000000	     -0.00000000	     -0.00000000
      1.56500000	      0.00000000	      0.00000000	      0.00000000	      0.00000000	      0.00000000	      0.00000000	      0.00000000	      0.00000000	      0.00000000	      0.00000000	      0.00000000	      0.00000000	      0.00000000	      0.00000000	      0.00000000	      0.00000000	      0.00000000	      0.00000000	      0.00000000	      0.00000000	      0.00000000	      0.00000000	      0.00000000	      0.00000000	      0.00000000	      0.00000000	      0.00000000	      0.00000000	      0.00000000	      0.00000000	      0.00000000	      0.00000000	      0.00000000	      0.00000000	      0.00000000	      0.00000000	      0.00000000	      0.00000000	      0.00000000	      0.00000000	     -0.70959793	     -0.81428828	     -1.76361362	     -9.09326905	     -0.73951680	     -0.03098076	     -3.70935576	      0.00000000	      0.00000000	      0.00000000	      0.00000000	     -0.00000000	      0.00000000	     -0.00000000	     -0.17677312	     -0.29049397	     -5.29820108	     -0.32684650	     -0.16634955	     -0.04761583	     -0.10294102	     -0.08490313	     -0.01301296	     -0.97004584	      0.11032132	     -0.00000000	      0.00000000	     -0.00000000	      0.16783689	      0.47977217	      0.11222726	     -2.29237212	     -1.72153703	     -0.00000000	      0.00000000	      0.00000000	     -0.00000000	     -0.00000000	     -0.00000000	      0.00000000
      1.57000000	      0.00000000	      0.00000000	      0.00000000	      0.00000000	      0.00000000	      0.00000000	      0.00000000	      0.00000000	      0.00000000	      0.00000000	      0.00000000	      0.00000000	      0.00000000	      0.00000000	      0.00000000	      0.00000000	      0.00000000	      0.00000000	      0.00000000	      0.00000000	      0.00000000	      0.00000000	      0.00000000	      0.00000000	      0.00000000	      0.00000000	      0.00000000	      0.00000000	      0.00000000	      0.00000000	      0.00000000	      0.00000000	      0.00000000	      0.00000000	      0.00000000	      0.00000000	      0.00000000	      0.00000000	      0.00000000	      0.00000000	     -0.72755733	     -0.84807392	     -1.79041619	     -9.19726495	     -0.75129150	     -0.03238744	     -3.74117119	      0.00000000	     -0.00000000	     -0.00000000	      0.00000000	     -0.00000000	      0.00000000	     -0.00000000	     -0.17490518	     -0.28602338	     -5.34033665	     -0.32708909	     -0.16556141	     -0.04680346	     -0.10317594	     -0.08464721	     -0.01224487	     -0.97967049	      0.10912659	     -0.00000000	     -0.00000000	     -0.00000000	      0.16630432	      0.47797001	      0.11214735	     -2.30499704	     -1.72687711	     -0.00000000	      0.00000000	     -0.00000000	     -0.00000000	     -0.00000000	      0.00000000	     -0.00000000
      1.57500000	      0.00000000	      0.00000000	      0.00000000	      0.00000000	      0.00000000	      0.00000000	      0.00000000	      0.00000000	      0.00000000	      0.00000000	      0.00000000	      0.00000000	      0.00000000	      0.00000000	      0.00000000	      0.00000000	      0.00000000	      0.00000000	      0.00000000	      0.00000000	      0.00000000	      0.00000000	      0.00000000	      0.00000000	      0.00000000	      0.00000000	      0.00000000	      0.00000000	      0.00000000	      0.00000000	      0.00000000	      0.00000000	      0.00000000	      0.00000000	      0.00000000	      0.00000000	      0.00000000	      0.00000000	      0.00000000	      0.00000000	     -0.74555988	     -0.88194666	     -1.81736932	     -9.30092536	     -0.76314940	     -0.03382522	     -3.77274111	      0.00000000	     -0.00000000	     -0.00000000	      0.00000000	      0.00000000	     -0.00000000	      0.00000000	     -0.17300706	     -0.28148222	     -5.38174699	     -0.32756247	     -0.16479235	     -0.04597220	     -0.10347912	     -0.08443310	     -0.01148823	     -0.98931070	      0.10798056	      0.00000000	      0.00000000	     -0.00000000	      0.16481233	      0.47639793	      0.11207382	     -2.31739484	     -1.73217426	      0.00000000	      0.00000000	      0.00000000	      0.00000000	     -0.00000000	     -0.00000000	     -0.00000000
      1.58000000	      0.00000000	      0.00000000	      0.00000000	      0.00000000	      0.00000000	      0.00000000	      0.00000000	      0.00000000	      0.00000000	      0.00000000	      0.00000000	      0.00000000	      0.00000000	      0.00000000	      0.00000000	      0.00000000	      0.00000000	      0.00000000	      0.00000000	      0.00000000	      0.00000000	      0.00000000	      0.00000000	      0.00000000	      0.00000000	      0.00000000	      0.00000000	      0.00000000	      0.00000000	      0.00000000	      0.00000000	      0.00000000	      0.00000000	      0.00000000	      0.00000000	      0.00000000	      0.00000000	      0.00000000	      0.00000000	      0.00000000	     -0.76360454	     -0.91590974	     -1.84445765	     -9.40418659	     -0.77508783	     -0.03529060	     -3.80393340	      0.00000000	      0.00000000	      0.00000000	     -0.00000000	     -0.00000000	      0.00000000	      0.00000000	     -0.17107972	     -0.27687798	     -5.42234241	     -0.32826109	     -0.16403955	     -0.04512195	     -0.10384918	     -0.08426032	     -0.01074155	     -0.99896674	      0.10688029	      0.00000000	      0.00000000	     -0.00000000	      0.16335950	      0.47504258	      0.11200499	     -2.32952576	     -1.73740691	      0.00000000	      0.00000000	      0.00000000	      0.00000000	      0.00000000	      0.00000000	     -0.00000000
      1.58500000	      0.00000000	      0.00000000	      0.00000000	      0.00000000	      0.00000000	      0.00000000	      0.00000000	      0.00000000	      0.00000000	      0.00000000	      0.00000000	      0.00000000	      0.00000000	      0.00000000	      0.00000000	      0.00000000	      0.00000000	      0.00000000	      0.00000000	      0.00000000	      0.00000000	      0.00000000	      0.00000000	      0.00000000	      0.00000000	      0.00000000	      0.00000000	      0.00000000	      0.00000000	      0.00000000	      0.00000000	      0.00000000	      0.00000000	      0.00000000	      0.00000000	      0.00000000	      0.00000000	      0.00000000	      0.00000000	      0.00000000	     -0.78169229	     -0.94997197	     -1.87166703	     -9.50698917	     -0.78710481	     -0.03678034	     -3.83461626	     -0.00000000	     -0.00000000	      0.00000000	     -0.00000000	     -0.00000000	     -0.00000000	     -0.00000000	     -0.16912469	     -0.27221914	     -5.46203571	     -0.32917809	     -0.16330049	     -0.04425303	     -0.10428435	     -0.08412812	     -0.01000336	     -1.00863968	      0.10582231	     -0.00000000	     -0.00000000	     -0.00000000	      0.16194373	      0.47388596	      0.11193905	     -2.34135137	     -1.74255398	     -0.00000000	      0.00000000	      0.00000000	      0.00000000	      0.00000000	      0.00000000	      0.00000000
      1.59000000	      0.00000000	      0.00000000	      0.00000000	      0.00000000	      0.00000000	      0.00000000	      0.00000000	      0.00000000	      0.00000000	      0.00000000	      0.00000000	      0.00000000	      0.00000000	      0.00000000	      0.00000000	      0.00000000	      0.00000000	      0.00000000	      0.00000000	      0.00000000	      0.00000000	      0.00000000	      0.00000000	      0.00000000	      0.00000000	      0.00000000	      0.00000000	      0.00000000	      0.00000000	      0.00000000	      0.00000000	      0.00000000	      0.00000000	      0.00000000	      0.00000000	      0.00000000	      0.00000000	      0.00000000	      0.00000000	      0.00000000	     -0.79982617	     -0.98414754	     -1.89898473	     -9.60927876	     -0.79919917	     -0.03829152	     -3.86466059	      0.00000000	      0.00000000	      0.00000000	     -0.00000000	     -0.00000000	     -0.00000000	     -0.00000000	     -0.16714420	     -0.26751525	     -5.50074337	     -0.33030518	     -0.16257314	     -0.04336625	     -0.10478242	     -0.08403551	     -0.00927225	     -1.01833145	      0.10480238	      0.00000000	     -0.00000000	     -0.00000000	      0.16056216	      0.47290729	      0.11187402	     -2.35283664	     -1.74759547	     -0.00000000	      0.00000000	     -0.00000000	     -0.00000000	      0.00000000	     -0.00000000	     -0.00000000
      1.59500000	      0.00000000	      0.00000000	      0.00000000	      0.00000000	      0.00000000	      0.00000000	      0.00000000	      0.00000000	      0.00000000	      0.00000000	      0.00000000	      0.00000000	      0.00000000	      0.00000000	      0.00000000	      0.00000000	      0.00000000	      0.00000000	      0.00000000	      0.00000000	      0.00000000	      0.00000000	      0.00000000	      0.00000000	      0.00000000	      0.00000000	      0.00000000	      0.00000000	      0.00000000	      0.00000000	      0.00000000	      0.00000000	      0.00000000	      0.00000000	      0.00000000	      0.00000000	      0.00000000	      0.00000000	      0.00000000	      0.00000000	     -0.81801109	     -1.01845564	     -1.92639954	     -9.71100684	     -0.81137044	     -0.03982155	     -3.89394223	      0.00000000	     -0.00000000	     -0.00000000	     -0.00000000	     -0.00000000	      0.00000000	     -0.00000000	     -0.16514136	     -0.26277708	     -5.53838671	     -0.33163252	     -0.16185611	     -0.04246309	     -0.10534067	     -0.08398123	     -0.00854697	     -1.02804473	      0.10381557	     -0.00000000	     -0.00000000	     -0.00000000	      0.15921110	      0.47208336	      0.11180781	     -2.36395058	     -1.75251272	      0.00000000	      0.00000000	      0.00000000	     -0.00000000	      0.00000000	      0.00000000	      0.00000000
      1.60000000	      0.00000000	      0.00000000	      0.00000000	      0.00000000	      0.00000000	      0.00000000	      0.00000000	      0.00000000	      0.00000000	      0.00000000	      0.00000000	      0.00000000	      0.00000000	      0.00000000	      0.00000000	      0.00000000	      0.00000000	      0.00000000	      0.00000000	      0.00000000	      0.00000000	      0.00000000	      0.00000000	      0.00000000	      0.00000000	      0.00000000	      0.00000000	      0.00000000	      0.00000000	      0.00000000	      0.00000000	      0.00000000	      0.00000000	      0.00000000	      0.00000000	      0.00000000	      0.00000000	      0.00000000	      0.00000000	      0.00000000	     -0.83625353	     -1.05291967	     -1.95390165	     -9.81213080	     -0.82361866	     -0.04136814	     -3.92234394	      0.00000000	      0.00000000	      0.00000000	      0.00000000	      0.00000000	     -0.00000000	      0.00000000	     -0.16312030	     -0.25801667	     -5.57489300	     -0.33314823	     -0.16114877	     -0.04154579	     -0.10595576	     -0.08396367	     -0.00782646	     -1.03778273	      0.10285618	      0.00000000	     -0.00000000	     -0.00000000	      0.15788602	      0.47138956	      0.11173840	     -2.37466635	     -1.75728854	     -0.00000000	      0.00000000	     -0.00000000	      0.00000000	      0.00000000	      0.00000000	     -0.00000000
      1.60500000	      0.00000000	      0.00000000	      0.00000000	      0.00000000	      0.00000000	      0.00000000	      0.00000000	      0.00000000	      0.00000000	      0.00000000	      0.00000000	      0.00000000	      0.00000000	      0.00000000	      0.00000000	      0.00000000	      0.00000000	      0.00000000	      0.00000000	      0.00000000	      0.00000000	      0.00000000	      0.00000000	      0.00000000	      0.00000000	      0.00000000	      0.00000000	      0.00000000	      0.00000000	      0.00000000	      0.00000000	      0.00000000	      0.00000000	      0.00000000	      0.00000000	      0.00000000	      0.00000000	      0.00000000	      0.00000000	      0.00000000	     -0.85456108	     -1.08756606	     -1.98148231	     -9.91261342	     -0.83594414	     -0.04292921	     -3.94975714	     -0.00000000	     -0.00000000	      0.00000000	     -0.00000000	      0.00000000	     -0.00000000	     -0.00000000	     -0.16108619	     -0.25324713	     -5.61019637	     -0.33483806	     -0.16045116	     -0.04061737	     -0.10662362	     -0.08398086	     -0.00710990	     -1.04754883	      0.10191799	      0.00000000	      0.00000000	     -0.00000000	      0.15658166	      0.47080146	      0.11166398	     -2.38496077	     -1.76190724	      0.00000000	      0.00000000	      0.00000000	     -0.00000000	     -0.00000000	      0.00000000	      0.00000000
      1.61000000	      0.00000000	      0.00000000	      0.00000000	      0.00000000	      0.00000000	      0.00000000	      0.00000000	      0.00000000	      0.00000000	      0.00000000	      0.00000000	      0.00000000	      0.00000000	      0.00000000	      0.00000000	      0.00000000	      0.00000000	      0.00000000	      0.00000000	      0.00000000	      0.00000000	      0.00000000	      0.00000000	      0.00000000	      0.00000000	      0.00000000	      0.00000000	      0.00000000	      0.00000000	      0.00000000	      0.00000000	      0.00000000	      0.00000000	      0.00000000	      0.00000000	      0.00000000	      0.00000000	      0.00000000	      0.00000000	      0.00000000	     -0.87294182	     -1.12242290	     -2.00913331	    -10.01242128	     -0.84834709	     -0.04450316	     -3.97608254	     -0.00000000	     -0.00000000	     -0.00000000	      0.00000000	     -0.00000000	     -0.00000000	     -0.00000000	     -0.15904489	     -0.24848202	     -5.64423815	     -0.33668500	     -0.15976351	     -0.03968133	     -0.10733930	     -0.08403027	     -0.00639663	     -1.05734618	      0.10099463	      0.00000000	     -0.00000000	     -0.00000000	      0.15529246	      0.47029760	      0.11158321	     -2.39481258	     -1.76635432	      0.00000000	      0.00000000	      0.00000000	     -0.00000000	      0.00000000	      0.00000000	     -0.00000000
      1.61500000	      0.00000000	      0.00000000	      0.00000000	      0.00000000	      0.00000000	      0.00000000	      0.00000000	      0.00000000	      0.00000000	      0.00000000	      0.00000000	      0.00000000	      0.00000000	      0.00000000	      0.00000000	      0.00000000	      0.00000000	      0.00000000	      0.00000000	      0.00000000	      0.00000000	      0.00000000	      0.00000000	      0.00000000	      0.00000000	      0.00000000	      0.00000000	      0.00000000	      0.00000000	      0.00000000	      0.00000000	      0.00000000	      0.00000000	      0.00000000	      0.00000000	      0.00000000	      0.00000000	      0.00000000	      0.00000000	      0.00000000	     -0.89140353	     -1.15751806	     -2.03684603	    -10.11152190	     -0.86082718	     -0.04608876	     -4.00122936	     -0.00000000	     -0.00000000	     -0.00000000	      0.00000000	      0.00000000	     -0.00000000	     -0.00000000	     -0.15700251	     -0.24373459	     -5.67696639	     -0.33866937	     -0.15908577	     -0.03874139	     -0.10809696	     -0.08410882	     -0.00568607	     -1.06717709	      0.10008009	      0.00000000	      0.00000000	     -0.00000000	      0.15401297	      0.46986302	      0.11149553	     -2.40419965	     -1.77061579	      0.00000000	      0.00000000	     -0.00000000	      0.00000000	      0.00000000	     -0.00000000	      0.00000000
      1.62000000	      0.00000000	      0.00000000	      0.00000000	      0.00000000	      0.00000000	      0.00000000	      0.00000000	      0.00000000	      0.00000000	      0.00000000	      0.00000000	      0.00000000	      0.00000000	      0.00000000	      0.00000000	      0.00000000	      0.00000000	      0.00000000	      0.00000000	      0.00000000	      0.00000000	      0.00000000	      0.00000000	      0.00000000	      0.00000000	      0.00000000	      0.00000000	      0.00000000	      0.00000000	      0.00000000	      0.00000000	      0.00000000	      0.00000000	      0.00000000	      0.00000000	      0.00000000	      0.00000000	      0.00000000	      0.00000000	      0.00000000	     -0.90995273	     -1.19287715	     -2.06279192	    -10.20987971	     -0.87338295	     -0.04768464	     -4.02511358	      0.00000000	     -0.00000000	     -0.00000000	      0.00000000	      0.00000000	      0.00000000	      0.00000000	     -0.15496521	     -0.23901735	     -5.70833490	     -0.34076904	     -0.15841734	     -0.03780124	     -0.10888994	     -0.08421284	     -0.00497768	     -1.07704233	      0.09916914	     -0.00000000	      0.00000000	     -0.00000000	      0.15273830	      0.46949180	      0.11140133	     -2.41309628	     -1.77467741	     -0.00000000	      0.00000000	     -0.00000000	     -0.00000000	     -0.00000000	     -0.00000000	      0.00000000
      1.62500000	      0.00000000	      0.00000000	      0.00000000	      0.00000000	      0.00000000	      0.00000000	      0.00000000	      0.00000000	      0.00000000	      0.00000000	      0.00000000	      0.00000000	      0.00000000	      0.00000000	      0.00000000	      0.00000000	      0.00000000	      0.00000000	      0.00000000	      0.00000000	      0.00000000	      0.00000000	      0.00000000	      0.00000000	      0.00000000	      0.00000000	      0.00000000	      0.00000000	      0.00000000	      0.00000000	      0.00000000	      0.00000000	      0.00000000	      0.00000000	      0.00000000	      0.00000000	      0.00000000	      0.00000000	      0.00000000	      0.00000000	     -0.92859363	     -1.22852117	     -2.08967011	    -10.30745173	     -0.88601121	     -0.04928919	     -4.04765600	      0.00000000	     -0.00000000	      0.00000000	      0.00000000	     -0.00000000	     -0.00000000	      0.00000000	     -0.15293897	     -0.23434190	     -5.73830219	     -0.34295970	     -0.15775697	     -0.03686442	     -0.10971081	     -0.08433815	     -0.00427097	     -1.08694036	      0.09825757	      0.00000000	     -0.00000000	     -0.00000000	      0.15146428	      0.46913938	      0.11130202	     -2.42147144	     -1.77852408	      0.00000000	      0.00000000	     -0.00000000	     -0.00000000	      0.00000000	      0.00000000	      0.00000000
      1.63000000	      0.00000000	      0.00000000	      0.00000000	      0.00000000	      0.00000000	      0.00000000	      0.00000000	      0.00000000	      0.00000000	      0.00000000	      0.00000000	      0.00000000	      0.00000000	      0.00000000	      0.00000000	      0.00000000	      0.00000000	      0.00000000	      0.00000000	      0.00000000	      0.00000000	      0.00000000	      0.00000000	      0.00000000	      0.00000000	      0.00000000	      0.00000000	      0.00000000	      0.00000000	      0.00000000	      0.00000000	      0.00000000	      0.00000000	      0.00000000	      0.00000000	      0.00000000	      0.00000000	      0.00000000	      0.00000000	      0.00000000	     -0.94732704	     -1.26446422	     -2.11724812	    -10.40418343	     -0.89870652	     -0.05090058	     -4.06878072	     -0.00000000	     -0.00000000	     -0.00000000	     -0.00000000	      0.00000000	     -0.00000000	      0.00000000	     -0.15092956	     -0.22971895	     -5.76683064	     -0.34521494	     -0.15710257	     -0.03593421	     -0.11055136	     -0.08447996	     -0.00356544	     -1.09686664	      0.09734219	      0.00000000	     -0.00000000	     -0.00000000	      0.15018763	      0.46891194	      0.11119996	     -2.42928807	     -1.78213944	      0.00000000	      0.00000000	      0.00000000	     -0.00000000	     -0.00000000	     -0.00000000	     -0.00000000
      1.63500000	      0.00000000	      0.00000000	      0.00000000	      0.00000000	      0.00000000	      0.00000000	      0.00000000	      0.00000000	      0.00000000	      0.00000000	      0.00000000	      0.00000000	      0.00000000	      0.00000000	      0.00000000	      0.00000000	      0.00000000	      0.00000000	      0.00000000	      0.00000000	      0.00000000	      0.00000000	      0.00000000	      0.00000000	      0.00000000	      0.00000000	      0.00000000	      0.00000000	      0.00000000	      0.00000000	      0.00000000	      0.00000000	      0.00000000	      0.00000000	      0.00000000	      0.00000000	      0.00000000	      0.00000000	      0.00000000	      0.00000000	     -0.96614960	     -1.30071159	     -2.14481782	    -10.50000573	     -0.91146081	     -0.05251665	     -4.08841443	     -0.00000000	     -0.00000000	      0.00000000	      0.00000000	     -0.00000000	      0.00000000	      0.00000000	     -0.14894240	     -0.22515842	     -5.79388625	     -0.34750623	     -0.15645111	     -0.03501351	     -0.11140264	     -0.08463285	     -0.00286054	     -1.10681312	      0.09642074	     -0.00000000	      0.00000000	     -0.00000000	      0.14890589	      0.46878559	      0.11109820	     -2.43650399	     -1.78550584	      0.00000000	      0.00000000	      0.00000000	     -0.00000000	      0.00000000	     -0.00000000	      0.00000000
      1.64000000	      0.00000000	      0.00000000	      0.00000000	      0.00000000	      0.00000000	      0.00000000	      0.00000000	      0.00000000	      0.00000000	      0.00000000	      0.00000000	      0.00000000	      0.00000000	      0.00000000	      0.00000000	      0.00000000	      0.00000000	      0.00000000	      0.00000000	      0.00000000	      0.00000000	      0.00000000	      0.00000000	      0.00000000	      0.00000000	      0.00000000	      0.00000000	      0.00000000	      0.00000000	      0.00000000	      0.00000000	      0.00000000	      0.00000000	      0.00000000	      0.00000000	      0.00000000	      0.00000000	      0.00000000	      0.00000000	      0.00000000	     -0.98505327	     -1.33725855	     -2.17238591	    -10.59483430	     -0.92426339	     -0.05413506	     -4.10648799	     -0.00000000	     -0.00000000	      0.00000000	     -0.00000000	      0.00000000	     -0.00000000	      0.00000000	     -0.14698247	     -0.22066958	     -5.81943946	     -0.34980358	     -0.15579873	     -0.03410483	     -0.11225513	     -0.08479080	     -0.00215564	     -1.11676825	      0.09549146	     -0.00000000	      0.00000000	     -0.00000000	      0.14761718	      0.46877345	      0.11099998	     -2.44307596	     -1.78860525	     -0.00000000	      0.00000000	      0.00000000	     -0.00000000	      0.00000000	     -0.00000000	      0.00000000
      1.64500000	      0.00000000	      0.00000000	      0.00000000	      0.00000000	      0.00000000	      0.00000000	      0.00000000	      0.00000000	      0.00000000	      0.00000000	      0.00000000	      0.00000000	      0.00000000	      0.00000000	      0.00000000	      0.00000000	      0.00000000	      0.00000000	      0.00000000	      0.00000000	      0.00000000	      0.00000000	      0.00000000	      0.00000000	      0.00000000	      0.00000000	      0.00000000	      0.00000000	      0.00000000	      0.00000000	      0.00000000	      0.00000000	      0.00000000	      0.00000000	      0.00000000	      0.00000000	      0.00000000	      0.00000000	      0.00000000	      0.00000000	     -1.00402568	     -1.37409055	     -2.19985678	    -10.68857271	     -0.93710160	     -0.05575333	     -4.12294074	     -0.00000000	     -0.00000000	     -0.00000000	     -0.00000000	     -0.00000000	      0.00000000	      0.00000000	     -0.14505425	     -0.21626120	     -5.84346733	     -0.35207669	     -0.15514106	     -0.03321021	     -0.11309922	     -0.08494739	     -0.00145002	     -1.12671752	      0.09455254	     -0.00000000	      0.00000000	     -0.00000000	      0.14631977	      0.46890638	      0.11090796	     -2.44896660	     -1.79142099	      0.00000000	      0.00000000	      0.00000000	      0.00000000	     -0.00000000	     -0.00000000	     -0.00000000
      1.65000000	      0.00000000	      0.00000000	      0.00000000	      0.00000000	      0.00000000	      0.00000000	      0.00000000	      0.00000000	      0.00000000	      0.00000000	      0.00000000	      0.00000000	      0.00000000	      0.00000000	      0.00000000	      0.00000000	      0.00000000	      0.00000000	      0.00000000	      0.00000000	      0.00000000	      0.00000000	      0.00000000	      0.00000000	      0.00000000	      0.00000000	      0.00000000	      0.00000000	      0.00000000	      0.00000000	      0.00000000	      0.00000000	      0.00000000	      0.00000000	      0.00000000	      0.00000000	      0.00000000	      0.00000000	      0.00000000	      0.00000000	     -1.02305102	     -1.41118480	     -2.22722998	    -10.78111882	     -0.94996174	     -0.05736906	     -4.13772608	      0.00000000	     -0.00000000	      0.00000000	     -0.00000000	     -0.00000000	     -0.00000000	      0.00000000	     -0.14316150	     -0.21194142	     -5.86595620	     -0.35429599	     -0.15447350	     -0.03233123	     -0.11392553	     -0.08509598	     -0.00074287	     -1.13664465	      0.09360164	      0.00000000	     -0.00000000	     -0.00000000	      0.14501180	      0.46918068	      0.11082366	     -2.45415102	     -1.79393963	      0.00000000	      0.00000000	     -0.00000000	     -0.00000000	      0.00000000	      0.00000000	     -0.00000000
      1.65500000	      0.00000000	      0.00000000	      0.00000000	      0.00000000	      0.00000000	      0.00000000	      0.00000000	      0.00000000	      0.00000000	      0.00000000	      0.00000000	      0.00000000	      0.00000000	      0.00000000	      0.00000000	      0.00000000	      0.00000000	      0.00000000	      0.00000000	      0.00000000	      0.00000000	      0.00000000	      0.00000000	      0.00000000	      0.00000000	      0.00000000	      0.00000000	      0.00000000	      0.00000000	      0.00000000	      0.00000000	      0.00000000	      0.00000000	      0.00000000	      0.00000000	      0.00000000	      0.00000000	      0.00000000	      0.00000000	      0.00000000	     -1.04211146	     -1.44851268	     -2.25447360	    -10.87237278	     -0.96283011	     -0.05898007	     -4.15081669	     -0.00000000	      0.00000000	     -0.00000000	     -0.00000000	      0.00000000	      0.00000000	      0.00000000	     -0.14130701	     -0.20771729	     -5.88690413	     -0.35643306	     -0.15379109	     -0.03146889	     -0.11472511	     -0.08522976	     -0.00003327	     -1.14653286	      0.09263576	      0.00000000	      0.00000000	     -0.00000000	      0.14369112	      0.46958030	      0.11074717	     -2.45862093	     -1.79615249	     -0.00000000	      0.00000000	      0.00000000	     -0.00000000	     -0.00000000	     -0.00000000	     -0.00000000
      1.66000000	      0.00000000	      0.00000000	      0.00000000	      0.00000000	      0.00000000	      0.00000000	      0.00000000	      0.00000000	      0.00000000	      0.00000000	      0.00000000	      0.00000000	      0.00000000	      0.00000000	      0.00000000	      0.00000000	      0.00000000	      0.00000000	      0.00000000	      0.00000000	      0.00000000	      0.00000000	      0.00000000	      0.00000000	      0.00000000	      0.00000000	      0.00000000	      0.00000000	      0.00000000	      0.00000000	      0.00000000	      0.00000000	      0.00000000	      0.00000000	      0.00000000	      0.00000000	      0.00000000	      0.00000000	      0.00000000	      0.00000000	     -1.06118856	     -1.48604237	     -2.28166538	    -10.96224461	     -0.97569387	     -0.06058454	     -4.16220792	      0.00000000	     -0.00000000	     -0.00000000	     -0.00000000	     -0.00000000	      0.00000000	      0.00000000	     -0.13949230	     -0.20359432	     -5.90632221	     -0.35846062	     -0.15308827	     -0.03062358	     -0.11548949	     -0.08534171	     -0.00000000	     -1.15636613	      0.09165143	     -0.00000000	      0.00000000	     -0.00000000	      0.14235539	      0.47008271	      0.11067736	     -2.46238558	     -1.79805638	      0.00000000	      0.00000000	     -0.00000000	      0.00000000	     -0.00000000	      0.00000000	     -0.00000000
      1.66500000	      0.00000000	      0.00000000	      0.00000000	      0.00000000	      0.00000000	      0.00000000	      0.00000000	      0.00000000	      0.00000000	      0.00000000	      0.00000000	      0.00000000	      0.00000000	      0.00000000	      0.00000000	      0.00000000	      0.00000000	      0.00000000	      0.00000000	      0.00000000	      0.00000000	      0.00000000	      0.00000000	      0.00000000	      0.00000000	      0.00000000	      0.00000000	      0.00000000	      0.00000000	      0.00000000	      0.00000000	      0.00000000	      0.00000000	      0.00000000	      0.00000000	      0.00000000	      0.00000000	      0.00000000	      0.00000000	      0.00000000	     -1.08026449	     -1.52374126	     -2.30882592	    -11.05066012	     -0.98854179	     -0.06218107	     -4.17191916	     -0.00000000	      0.00000000	     -0.00000000	      0.00000000	     -0.00000000	     -0.00000000	     -0.00000000	     -0.13771741	     -0.19957594	     -5.92423475	     -0.36035278	     -0.15235877	     -0.02979500	     -0.11621070	     -0.08542468	     -0.00000000	     -1.16613012	      0.09064500	     -0.00000000	     -0.00000000	     -0.00000000	      0.14100229	      0.47066994	      0.11061211	     -2.46547043	     -1.79965366	     -0.00000000	      0.00000000	      0.00000000	      0.00000000	     -0.00000000	     -0.00000000	     -0.00000000
      1.67000000	      0.00000000	      0.00000000	      0.00000000	      0.00000000	      0.00000000	      0.00000000	      0.00000000	      0.00000000	      0.00000000	      0.00000000	      0.00000000	      0.00000000	      0.00000000	      0.00000000	      0.00000000	      0.00000000	      0.00000000	      0.00000000	      0.00000000	      0.00000000	      0.00000000	      0.00000000	      0.00000000	      0.00000000	      0.00000000	      0.00000000	      0.00000000	      0.00000000	      0.00000000	      0.00000000	      0.00000000	      0.00000000	      0.00000000	      0.00000000	      0.00000000	      0.00000000	      0.00000000	      0.00000000	      0.00000000	      0.00000000	     -1.09932303	     -1.56157782	     -2.33553220	    -11.13756461	     -1.00136460	     -0.06376877	     -4.17999290	     -0.00000000	     -0.00000000	      0.00000000	      0.00000000	     -0.00000000	      0.00000000	     -0.00000000	     -0.13598083	     -0.19566326	     -5.94067839	     -0.36208535	     -0.15159559	     -0.02898227	     -0.11688139	     -0.08547153	     -0.00000000	     -1.17581279	      0.08961301	      0.00000000	     -0.00000000	     -0.00000000	      0.13962971	      0.47125906	      0.11054871	     -2.46791421	     -1.80095183	      0.00000000	      0.00000000	      0.00000000	     -0.00000000	     -0.00000000	      0.00000000	     -0.00000000
      1.67500000	      0.00000000	      0.00000000	      0.00000000	      0.00000000	      0.00000000	      0.00000000	      0.00000000	      0.00000000	      0.00000000	      0.00000000	      0.00000000	      0.00000000	      0.00000000	      0.00000000	      0.00000000	      0.00000000	      0.00000000	      0.00000000	      0.00000000	      0.00000000	      0.00000000	      0.00000000	      0.00000000	      0.00000000	      0.00000000	      0.00000000	      0.00000000	      0.00000000	      0.00000000	      0.00000000	      0.00000000	      0.00000000	      0.00000000	      0.00000000	      0.00000000	      0.00000000	      0.00000000	      0.00000000	      0.00000000	      0.00000000	     -1.11835012	     -1.59952286	     -2.36210281	    -11.22292435	     -1.01415523	     -0.06534719	     -4.18649207	     -0.00000000	      0.00000000	     -0.00000000	     -0.00000000	     -0.00000000	      0.00000000	      0.00000000	     -0.13427946	     -0.19185505	     -5.97494024	     -0.36363599	     -0.15079107	     -0.02818391	     -0.11749485	     -0.08547521	     -0.00000000	     -1.18540467	      0.08855251	     -0.00000000	      0.00000000	     -0.00000000	      0.13823592	      0.47182867	      0.11048425	     -2.46976498	     -1.80196258	     -0.00000000	      0.00000000	      0.00000000	     -0.00000000	      0.00000000	      0.00000000	      0.00000000
      1.68000000	      0.00000000	      0.00000000	      0.00000000	      0.00000000	      0.00000000	      0.00000000	      0.00000000	      0.00000000	      0.00000000	      0.00000000	      0.00000000	      0.00000000	      0.00000000	      0.00000000	      0.00000000	      0.00000000	      0.00000000	      0.00000000	      0.00000000	      0.00000000	      0.00000000	      0.00000000	      0.00000000	      0.00000000	      0.00000000	      0.00000000	      0.00000000	      0.00000000	      0.00000000	      0.00000000	      0.00000000	      0.00000000	      0.00000000	      0.00000000	      0.00000000	      0.00000000	      0.00000000	      0.00000000	      0.00000000	      0.00000000	     -1.13733410	     -1.63755013	     -2.38836264	    -11.30672581	     -1.02690869	     -0.06691633	     -4.19149606	     -0.00000000	      0.00000000	      0.00000000	     -0.00000000	     -0.00000000	      0.00000000	      0.00000000	     -0.13260861	     -0.18814780	     -6.00944160	     -0.36498436	     -0.14993696	     -0.02739802	     -0.11804499	     -0.08542890	     -0.00000000	     -1.19489884	      0.08746133	      0.00000000	      0.00000000	     -0.00000000	      0.13681977	      0.47232680	      0.11041596	     -2.47107581	     -1.80270078	     -0.00000000	      0.00000000	      0.00000000	     -0.00000000	      0.00000000	     -0.00000000	      0.00000000
      1.68500000	      0.00000000	      0.00000000	      0.00000000	      0.00000000	      0.00000000	      0.00000000	      0.00000000	      0.00000000	      0.00000000	      0.00000000	      0.00000000	      0.00000000	      0.00000000	      0.00000000	      0.00000000	      0.00000000	      0.00000000	      0.00000000	      0.00000000	      0.00000000	      0.00000000	      0.00000000	      0.00000000	      0.00000000	      0.00000000	      0.00000000	      0.00000000	      0.00000000	      0.00000000	      0.00000000	      0.00000000	      0.00000000	      0.00000000	      0.00000000	      0.00000000	      0.00000000	      0.00000000	      0.00000000	      0.00000000	      0.00000000	     -1.15626566	     -1.67563640	     -2.41438895	    -11.38897348	     -1.03962188	     -0.06847657	     -4.19509605	      0.00000000	      0.00000000	     -0.00000000	      0.00000000	      0.00000000	      0.00000000	      0.00000000	     -0.13096208	     -0.18453604	     -6.04311848	     -0.36611268	     -0.14902485	     -0.02662239	     -0.11852652	     -0.08532622	     -0.00000000	     -1.20429062	      0.08633819	      0.00000000	      0.00000000	     -0.00000000	      0.13538073	      0.47273793	      0.11034148	     -2.47190116	     -1.80318331	      0.00000000	      0.00000000	     -0.00000000	      0.00000000	      0.00000000	      0.00000000	      0.00000000
      1.69000000	      0.00000000	      0.00000000	      0.00000000	      0.00000000	      0.00000000	      0.00000000	      0.00000000	      0.00000000	      0.00000000	      0.00000000	      0.00000000	      0.00000000	      0.00000000	      0.00000000	      0.00000000	      0.00000000	      0.00000000	      0.00000000	      0.00000000	      0.00000000	      0.00000000	      0.00000000	      0.00000000	      0.00000000	      0.00000000	      0.00000000	      0.00000000	      0.00000000	      0.00000000	      0.00000000	      0.00000000	      0.00000000	      0.00000000	      0.00000000	      0.00000000	      0.00000000	      0.00000000	      0.00000000	      0.00000000	      0.00000000	     -1.17513768	     -1.71376138	     -2.44018193	    -11.46968731	     -1.05229344	     -0.07002860	     -4.19739100	     -0.00000000	      0.00000000	     -0.00000000	      0.00000000	      0.00000000	      0.00000000	      0.00000000	     -0.12933205	     -0.18101282	     -6.07602229	     -0.36700700	     -0.14804680	     -0.02585467	     -0.11893527	     -0.08516167	     -0.00000000	     -1.21357739	      0.08518269	      0.00000000	      0.00000000	     -0.00000000	      0.13391879	      0.47302917	      0.11025878	     -2.47229511	     -1.80342835	      0.00000000	      0.00000000	     -0.00000000	     -0.00000000	      0.00000000	      0.00000000	      0.00000000
      1.69500000	      0.00000000	      0.00000000	      0.00000000	      0.00000000	      0.00000000	      0.00000000	      0.00000000	      0.00000000	      0.00000000	      0.00000000	      0.00000000	      0.00000000	      0.00000000	      0.00000000	      0.00000000	      0.00000000	      0.00000000	      0.00000000	      0.00000000	      0.00000000	      0.00000000	      0.00000000	      0.00000000	      0.00000000	      0.00000000	      0.00000000	      0.00000000	      0.00000000	      0.00000000	      0.00000000	      0.00000000	      0.00000000	      0.00000000	      0.00000000	      0.00000000	      0.00000000	      0.00000000	      0.00000000	      0.00000000	      0.00000000	     -1.19394521	     -1.75190788	     -2.46574575	    -11.54890043	     -1.06492367	     -0.07157346	     -4.19848404	     -0.00000000	      0.00000000	      0.00000000	     -0.00000000	      0.00000000	      0.00000000	     -0.00000000	     -0.12770872	     -0.17757007	     -6.10820983	     -0.36765854	     -0.14699616	     -0.02509261	     -0.11926866	     -0.08493107	     -0.00000000	     -1.22275835	      0.08399515	     -0.00000000	      0.00000000	     -0.00000000	      0.13243442	      0.47317476	      0.11016614	     -2.47231033	     -1.80345480	     -0.00000000	      0.00000000	     -0.00000000	      0.00000000	      0.00000000	      0.00000000	      0.00000000
      1.70000000	      0.00000000	      0.00000000	      0.00000000	      0.00000000	      0.00000000	      0.00000000	      0.00000000	      0.00000000	      0.00000000	      0.00000000	      0.00000000	      0.00000000	      0.00000000	      0.00000000	      0.00000000	      0.00000000	      0.00000000	      0.00000000	      0.00000000	      0.00000000	      0.00000000	      0.00000000	      0.00000000	      0.00000000	      0.00000000	      0.00000000	      0.00000000	      0.00000000	      0.00000000	      0.00000000	      0.00000000	      0.00000000	      0.00000000	      0.00000000	      0.00000000	      0.00000000	      0.00000000	      0.00000000	      0.00000000	      0.00000000	     -1.21268536	     -1.79006190	     -2.49116422	    -11.62665673	     -1.07751431	     -0.07311239	     -4.19847851	      0.00000000	     -0.00000000	     -0.00000000	     -0.00000000	     -0.00000000	      0.00000000	      0.00000000	     -0.12607896	     -0.17419896	     -6.13974124	     -0.36806465	     -0.14586804	     -0.02433418	     -0.11952594	     -0.08463188	     -0.00000000	     -1.23183435	      0.08277666	      0.00000000	      0.00000000	     -0.00000000	      0.13092853	      0.47316233	      0.11006220	     -2.47199590	     -1.80328155	      0.00000000	      0.00000000	      0.00000000	     -0.00000000	     -0.00000000	      0.00000000	     -0.00000000
      1.70500000	      0.00000000	      0.00000000	      0.00000000	      0.00000000	      0.00000000	      0.00000000	      0.00000000	      0.00000000	      0.00000000	      0.00000000	      0.00000000	      0.00000000	      0.00000000	      0.00000000	      0.00000000	      0.00000000	      0.00000000	      0.00000000	      0.00000000	      0.00000000	      0.00000000	      0.00000000	      0.00000000	      0.00000000	      0.00000000	      0.00000000	      0.00000000	      0.00000000	      0.00000000	      0.00000000	      0.00000000	      0.00000000	      0.00000000	      0.00000000	      0.00000000	      0.00000000	      0.00000000	      0.00000000	      0.00000000	      0.00000000	     -1.23135696	     -1.82821235	     -2.51629667	    -11.70300734	     -1.09006812	     -0.07464679	     -4.19747287	     -0.00000000	      0.00000000	     -0.00000000	      0.00000000	      0.00000000	     -0.00000000	     -0.00000000	     -0.12442237	     -0.17089011	     -6.17067725	     -0.36822870	     -0.14465936	     -0.02357759	     -0.11970810	     -0.08426325	     -0.00000000	     -1.24080734	      0.08152923	     -0.00000000	     -0.00000000	     -0.00000000	      0.12940259	      0.47298725	      0.10994625	     -2.47139319	     -1.80292619	     -0.00000000	      0.00000000	     -0.00000000	      0.00000000	      0.00000000	      0.00000000	     -0.00000000
      1.71000000	      0.00000000	      0.00000000	      0.00000000	      0.00000000	      0.00000000	      0.00000000	      0.00000000	      0.00000000	      0.00000000	      0.00000000	      0.00000000	      0.00000000	      0.00000000	      0.00000000	      0.00000000	      0.00000000	      0.00000000	      0.00000000	      0.00000000	      0.00000000	      0.00000000	      0.00000000	      0.00000000	      0.00000000	      0.00000000	      0.00000000	      0.00000000	      0.00000000	      0.00000000	      0.00000000	      0.00000000	      0.00000000	      0.00000000	      0.00000000	      0.00000000	      0.00000000	      0.00000000	      0.00000000	      0.00000000	      0.00000000	     -1.24995991	     -1.86635006	     -2.54162863	    -11.77800548	     -1.10258810	     -0.07617806	     -4.19555498	      0.00000000	     -0.00000000	     -0.00000000	      0.00000000	      0.00000000	      0.00000000	      0.00000000	     -0.12269615	     -0.16763383	     -6.20107558	     -0.36815901	     -0.14336861	     -0.02282132	     -0.11981757	     -0.08382578	     -0.00000000	     -1.24967962	      0.08025589	      0.00000000	      0.00000000	     -0.00000000	      0.12785882	      0.47265808	      0.10981848	     -2.47053124	     -1.80240351	     -0.00000000	      0.00000000	     -0.00000000	      0.00000000	     -0.00000000	     -0.00000000	      0.00000000
      1.71500000	      0.00000000	      0.00000000	      0.00000000	      0.00000000	      0.00000000	      0.00000000	      0.00000000	      0.00000000	      0.00000000	      0.00000000	      0.00000000	      0.00000000	      0.00000000	      0.00000000	      0.00000000	      0.00000000	      0.00000000	      0.00000000	      0.00000000	      0.00000000	      0.00000000	      0.00000000	      0.00000000	      0.00000000	      0.00000000	      0.00000000	      0.00000000	      0.00000000	      0.00000000	      0.00000000	      0.00000000	      0.00000000	      0.00000000	      0.00000000	      0.00000000	      0.00000000	      0.00000000	      0.00000000	      0.00000000	      0.00000000	     -1.26849419	     -1.90446613	     -2.56616134	    -11.85170040	     -1.11507662	     -0.07770744	     -4.19279694	      0.00000000	      0.00000000	     -0.00000000	      0.00000000	     -0.00000000	      0.00000000	     -0.00000000	     -0.12067673	     -0.16442053	     -6.23098713	     -0.36786740	     -0.14199535	     -0.02206413	     -0.11985767	     -0.08332119	     -0.00000000	     -1.25845279	      0.07896073	      0.00000000	     -0.00000000	     -0.00000000	      0.12630018	      0.47219024	      0.10968020	     -2.46942313	     -1.80172422	      0.00000000	      0.00000000	     -0.00000000	      0.00000000	      0.00000000	      0.00000000	     -0.00000000
      1.72000000	      0.00000000	      0.00000000	      0.00000000	      0.00000000	      0.00000000	      0.00000000	      0.00000000	      0.00000000	      0.00000000	      0.00000000	      0.00000000	      0.00000000	      0.00000000	      0.00000000	      0.00000000	      0.00000000	      0.00000000	      0.00000000	      0.00000000	      0.00000000	      0.00000000	      0.00000000	      0.00000000	      0.00000000	      0.00000000	      0.00000000	      0.00000000	      0.00000000	      0.00000000	      0.00000000	      0.00000000	      0.00000000	      0.00000000	      0.00000000	      0.00000000	      0.00000000	      0.00000000	      0.00000000	      0.00000000	      0.00000000	     -1.28695863	     -1.94254975	     -2.59080919	    -11.92413086	     -1.12753437	     -0.07923587	     -4.18925077	      0.00000000	     -0.00000000	      0.00000000	     -0.00000000	      0.00000000	      0.00000000	      0.00000000	     -0.11456571	     -0.16124114	     -6.26045222	     -0.36736736	     -0.14053980	     -0.02130504	     -0.11983204	     -0.08275184	     -0.00000000	     -1.26712666	      0.07764876	      0.00000000	      0.00000000	     -0.00000000	      0.12473041	      0.47165439	      0.10953391	     -2.46806347	     -1.80089375	      0.00000000	      0.00000000	     -0.00000000	     -0.00000000	      0.00000000	     -0.00000000	      0.00000000
      1.72500000	      0.00000000	      0.00000000	      0.00000000	      0.00000000	      0.00000000	      0.00000000	      0.00000000	      0.00000000	      0.00000000	      0.00000000	      0.00000000	      0.00000000	      0.00000000	      0.00000000	      0.00000000	      0.00000000	      0.00000000	      0.00000000	      0.00000000	      0.00000000	      0.00000000	      0.00000000	      0.00000000	      0.00000000	      0.00000000	      0.00000000	      0.00000000	      0.00000000	      0.00000000	      0.00000000	      0.00000000	      0.00000000	      0.00000000	      0.00000000	      0.00000000	      0.00000000	      0.00000000	      0.00000000	      0.00000000	      0.00000000	     -1.30534950	     -1.98058545	     -2.61518375	    -11.99531832	     -1.13995919	     -0.08076377	     -4.18494440	     -0.00000000	      0.00000000	      0.00000000	     -0.00000000	     -0.00000000	     -0.00000000	     -0.00000000	     -0.11326939	     -0.15808756	     -6.28949672	     -0.36667172	     -0.13900222	     -0.02054330	     -0.11974392	     -0.08212011	     -0.00000000	     -1.27569792	      0.07632591	      0.00000000	     -0.00000000	     -0.00000000	      0.12315399	      0.47106437	      0.10938351	     -2.46642550	     -1.79991106	     -0.00000000	      0.00000000	      0.00000000	     -0.00000000	      0.00000000	     -0.00000000	      0.00000000
      1.73000000	      0.00000000	      0.00000000	      0.00000000	      0.00000000	      0.00000000	      0.00000000	      0.00000000	      0.00000000	      0.00000000	      0.00000000	      0.00000000	      0.00000000	      0.00000000	      0.00000000	      0.00000000	      0.00000000	      0.00000000	      0.00000000	      0.00000000	      0.00000000	      0.00000000	      0.00000000	      0.00000000	      0.00000000	      0.00000000	      0.00000000	      0.00000000	      0.00000000	      0.00000000	      0.00000000	      0.00000000	      0.00000000	      0.00000000	      0.00000000	      0.00000000	      0.00000000	      0.00000000	      0.00000000	      0.00000000	      0.00000000	     -1.32365863	     -2.01854936	     -2.63944475	    -12.06525924	     -1.15234454	     -0.08229085	     -4.17987820	     -0.00000000	     -0.00000000	      0.00000000	     -0.00000000	     -0.00000000	      0.00000000	      0.00000000	     -0.11196922	     -0.15495317	     -6.31812794	     -0.36579007	     -0.13738224	     -0.01977846	     -0.11959523	     -0.08142781	     -0.00000000	     -1.28415857	      0.07499895	      0.00000000	     -0.00000000	     -0.00000000	      0.12157621	      0.47050155	      0.10923450	     -2.46445812	     -1.79876743	      0.00000000	      0.00000000	      0.00000000	      0.00000000	      0.00000000	     -0.00000000	      0.00000000
      1.73500000	      0.00000000	      0.00000000	      0.00000000	      0.00000000	      0.00000000	      0.00000000	      0.00000000	      0.00000000	      0.00000000	      0.00000000	      0.00000000	      0.00000000	      0.00000000	      0.00000000	      0.00000000	      0.00000000	      0.00000000	      0.00000000	      0.00000000	      0.00000000	      0.00000000	      0.00000000	      0.00000000	      0.00000000	      0.00000000	      0.00000000	      0.00000000	      0.00000000	      0.00000000	      0.00000000	      0.00000000	      0.00000000	      0.00000000	      0.00000000	      0.00000000	      0.00000000	      0.00000000	      0.00000000	      0.00000000	      0.00000000	     -1.34187145	     -2.05640520	     -2.66341559	    -12.13391801	     -1.16467820	     -0.08381595	     -4.17402368	      0.00000000	     -0.00000000	     -0.00000000	      0.00000000	      0.00000000	      0.00000000	      0.00000000	     -0.11066464	     -0.15183333	     -6.34633132	     -0.36472708	     -0.13567858	     -0.01901034	     -0.11938611	     -0.08067569	     -0.00000000	     -1.29249441	      0.07367535	      0.00000000	      0.00000000	     -0.00000000	      0.12000309	      0.47006823	      0.10909386	     -2.46208598	     -1.79744598	      0.00000000	      0.00000000	     -0.00000000	      0.00000000	     -0.00000000	      0.00000000	     -0.00000000
      1.74000000	      0.00000000	      0.00000000	      0.00000000	      0.00000000	      0.00000000	      0.00000000	      0.00000000	      0.00000000	      0.00000000	      0.00000000	      0.00000000	      0.00000000	      0.00000000	      0.00000000	      0.00000000	      0.00000000	      0.00000000	      0.00000000	      0.00000000	      0.00000000	      0.00000000	      0.00000000	      0.00000000	      0.00000000	      0.00000000	      0.00000000	      0.00000000	      0.00000000	      0.00000000	      0.00000000	      0.00000000	      0.00000000	      0.00000000	      0.00000000	      0.00000000	      0.00000000	      0.00000000	      0.00000000	      0.00000000	      0.00000000	     -1.35996568	     -2.09410113	     -2.68714349	    -12.20122321	     -1.17694174	     -0.08533700	     -4.16732630	     -0.00000000	      0.00000000	     -0.00000000	     -0.00000000	     -0.00000000	      0.00000000	      0.00000000	     -0.10935601	     -0.14872561	     -6.37406945	     -0.36348257	     -0.13388906	     -0.01823897	     -0.11911493	     -0.07986340	     -0.00000000	     -1.30068428	      0.07236271	      0.00000000	      0.00000000	     -0.00000000	      0.11844099	      0.46985167	      0.10896929	     -2.45921564	     -1.79592269	      0.00000000	      0.00000000	     -0.00000000	     -0.00000000	      0.00000000	     -0.00000000	     -0.00000000
      1.74500000	      0.00000000	      0.00000000	      0.00000000	      0.00000000	      0.00000000	      0.00000000	      0.00000000	      0.00000000	      0.00000000	      0.00000000	      0.00000000	      0.00000000	      0.00000000	      0.00000000	      0.00000000	      0.00000000	      0.00000000	      0.00000000	      0.00000000	      0.00000000	      0.00000000	      0.00000000	      0.00000000	      0.00000000	      0.00000000	      0.00000000	      0.00000000	      0.00000000	      0.00000000	      0.00000000	      0.00000000	      0.00000000	      0.00000000	      0.00000000	      0.00000000	      0.00000000	      0.00000000	      0.00000000	      0.00000000	      0.00000000	     -1.37791314	     -2.13157336	     -2.71058912	    -12.26707696	     -1.18911240	     -0.08685141	     -4.15971224	      0.00000000	     -0.00000000	     -0.00000000	     -0.00000000	     -0.00000000	      0.00000000	      0.00000000	     -0.10804414	     -0.14562948	     -6.40128729	     -0.36205259	     -0.13201078	     -0.01746451	     -0.11877885	     -0.07898955	     -0.00000000	     -1.30870148	      0.07106796	      0.00000000	      0.00000000	     -0.00000000	      0.11689598	      0.46993949	      0.10886809	     -2.45574675	     -1.79416893	      0.00000000	      0.00000000	     -0.00000000	      0.00000000	      0.00000000	     -0.00000000	     -0.00000000
      1.75000000	      0.00000000	      0.00000000	      0.00000000	      0.00000000	      0.00000000	      0.00000000	      0.00000000	      0.00000000	      0.00000000	      0.00000000	      0.00000000	      0.00000000	      0.00000000	      0.00000000	      0.00000000	      0.00000000	      0.00000000	      0.00000000	      0.00000000	      0.00000000	      0.00000000	      0.00000000	      0.00000000	      0.00000000	      0.00000000	      0.00000000	      0.00000000	      0.00000000	      0.00000000	      0.00000000	      0.00000000	      0.00000000	      0.00000000	      0.00000000	      0.00000000	      0.00000000	      0.00000000	      0.00000000	      0.00000000	      0.00000000	     -1.39567273	     -2.16873090	     -2.73378620	    -12.33133258	     -1.20115887	     -0.08835560	     -4.15109976	     -0.00000000	     -0.00000000	      0.00000000	      0.00000000	      0.00000000	     -0.00000000	      0.00000000	     -0.10673036	     -0.14254733	     -6.42790481	     -0.36042931	     -0.13004048	     -0.01668741	     -0.11837384	     -0.07805178	     -0.00000000	     -1.31651123	      0.06979724	      0.00000000	      0.00000000	     -0.00000000	      0.11537400	      0.47040195	      0.10879627	     -2.45158358	     -1.79215476	     -0.00000000	      0.00000000	     -0.00000000	      0.00000000	      0.00000000	     -0.00000000	     -0.00000000
      1.75500000	      0.00000000	      0.00000000	      0.00000000	      0.00000000	      0.00000000	      0.00000000	      0.00000000	      0.00000000	      0.00000000	      0.00000000	      0.00000000	      0.00000000	      0.00000000	      0.00000000	      0.00000000	      0.00000000	      0.00000000	      0.00000000	      0.00000000	      0.00000000	      0.00000000	      0.00000000	      0.00000000	      0.00000000	      0.00000000	      0.00000000	      0.00000000	      0.00000000	      0.00000000	      0.00000000	      0.00000000	      0.00000000	      0.00000000	      0.00000000	      0.00000000	      0.00000000	      0.00000000	      0.00000000	      0.00000000	      0.00000000	     -1.41320438	     -2.20548445	     -2.75650353	    -12.39384938	     -1.21305119	     -0.08984635	     -4.14140575	     -0.00000000	      0.00000000	     -0.00000000	      0.00000000	      0.00000000	      0.00000000	      0.00000000	     -0.10541521	     -0.13948187	     -6.45384117	     -0.35860088	     -0.12797340	     -0.01590780	     -0.11789480	     -0.07704632	     -0.00000000	     -1.32407832	      0.06855486	     -0.00000000	      0.00000000	     -0.00000000	      0.11387959	      0.47128670	      0.10875804	     -2.44664205	     -1.78985097	      0.00000000	      0.00000000	     -0.00000000	      0.00000000	      0.00000000	     -0.00000000	     -0.00000000
      1.76000000	      0.00000000	      0.00000000	      0.00000000	      0.00000000	      0.00000000	      0.00000000	      0.00000000	      0.00000000	      0.00000000	      0.00000000	      0.00000000	      0.00000000	      0.00000000	      0.00000000	      0.00000000	      0.00000000	      0.00000000	      0.00000000	      0.00000000	      0.00000000	      0.00000000	      0.00000000	      0.00000000	      0.00000000	      0.00000000	      0.00000000	      0.00000000	      0.00000000	      0.00000000	      0.00000000	      0.00000000	      0.00000000	      0.00000000	      0.00000000	      0.00000000	      0.00000000	      0.00000000	      0.00000000	      0.00000000	      0.00000000	     -1.43046068	     -2.24172833	     -2.77891067	    -12.45446504	     -1.22475495	     -0.09132003	     -4.13055500	     -0.00000000	     -0.00000000	      0.00000000	     -0.00000000	     -0.00000000	      0.00000000	     -0.00000000	     -0.10409896	     -0.13643730	     -6.47900456	     -0.35654976	     -0.12580342	     -0.01512588	     -0.11733502	     -0.07596788	     -0.00000000	     -1.33136379	      0.06734405	     -0.00000000	     -0.00000000	     -0.00000000	      0.11241672	      0.47262132	      0.10875612	     -2.44085242	     -1.78723093	     -0.00000000	      0.00000000	      0.00000000	     -0.00000000	      0.00000000	      0.00000000	      0.00000000
      1.76500000	      0.00000000	      0.00000000	      0.00000000	      0.00000000	      0.00000000	      0.00000000	      0.00000000	      0.00000000	      0.00000000	      0.00000000	      0.00000000	      0.00000000	      0.00000000	      0.00000000	      0.00000000	      0.00000000	      0.00000000	      0.00000000	      0.00000000	      0.00000000	      0.00000000	      0.00000000	      0.00000000	      0.00000000	      0.00000000	      0.00000000	      0.00000000	      0.00000000	      0.00000000	      0.00000000	      0.00000000	      0.00000000	      0.00000000	      0.00000000	      0.00000000	      0.00000000	      0.00000000	      0.00000000	      0.00000000	      0.00000000	     -1.44739820	     -2.27736411	     -2.80068921	    -12.51303836	     -1.23623912	     -0.09277358	     -4.11848216	      0.00000000	     -0.00000000	      0.00000000	      0.00000000	     -0.00000000	      0.00000000	     -0.00000000	     -0.10278095	     -0.13341722	     -6.50331115	     -0.35425510	     -0.12352323	     -0.01434167	     -0.11668687	     -0.07481003	     -0.00000000	     -1.33833087	      0.06616655	      0.00000000	     -0.00000000	     -0.00000000	      0.11098801	      0.47441574	      0.10879188	     -2.43415975	     -1.78427099	      0.00000000	      0.00000000	      0.00000000	      0.00000000	     -0.00000000	     -0.00000000	      0.00000000
      1.77000000	      0.00000000	      0.00000000	      0.00000000	      0.00000000	      0.00000000	      0.00000000	      0.00000000	      0.00000000	      0.00000000	      0.00000000	      0.00000000	      0.00000000	      0.00000000	      0.00000000	      0.00000000	      0.00000000	      0.00000000	      0.00000000	      0.00000000	      0.00000000	      0.00000000	      0.00000000	      0.00000000	      0.00000000	      0.00000000	      0.00000000	      0.00000000	      0.00000000	      0.00000000	      0.00000000	      0.00000000	      0.00000000	      0.00000000	      0.00000000	      0.00000000	      0.00000000	      0.00000000	      0.00000000	      0.00000000	      0.00000000	     -1.46396719	     -2.31227867	     -2.82188041	    -12.56941440	     -1.24746905	     -0.09420368	     -4.10513999	      0.00000000	     -0.00000000	     -0.00000000	     -0.00000000	     -0.00000000	      0.00000000	     -0.00000000	     -0.10146059	     -0.13042631	     -6.52667140	     -0.35169658	     -0.12112661	     -0.01355562	     -0.11594301	     -0.07356670	     -0.00000000	     -1.34494074	      0.06502375	     -0.00000000	      0.00000000	     -0.00000000	      0.10959596	      0.47666507	      0.10886568	     -2.42652645	     -1.78095222	      0.00000000	      0.00000000	      0.00000000	      0.00000000	      0.00000000	     -0.00000000	      0.00000000
      1.77500000	      0.00000000	      0.00000000	      0.00000000	      0.00000000	      0.00000000	      0.00000000	      0.00000000	      0.00000000	      0.00000000	      0.00000000	      0.00000000	      0.00000000	      0.00000000	      0.00000000	      0.00000000	      0.00000000	      0.00000000	      0.00000000	      0.00000000	      0.00000000	      0.00000000	      0.00000000	      0.00000000	      0.00000000	      0.00000000	      0.00000000	      0.00000000	      0.00000000	      0.00000000	      0.00000000	      0.00000000	      0.00000000	      0.00000000	      0.00000000	      0.00000000	      0.00000000	      0.00000000	      0.00000000	      0.00000000	      0.00000000	     -1.48012093	     -2.34636391	     -2.84253701	    -12.62345792	     -1.25841287	     -0.09560747	     -4.09049917	      0.00000000	      0.00000000	      0.00000000	      0.00000000	     -0.00000000	      0.00000000	     -0.00000000	     -0.10013715	     -0.12746876	     -6.54900475	     -0.34886032	     -0.11860998	     -0.01276865	     -0.11509823	     -0.07223349	     -0.00000000	     -1.35115760	      0.06391641	      0.00000000	      0.00000000	     -0.00000000	      0.10824232	      0.47935962	      0.10897680	     -2.41793255	     -1.77726060	      0.00000000	      0.00000000	     -0.00000000	     -0.00000000	      0.00000000	      0.00000000	      0.00000000
      1.78000000	      0.00000000	      0.00000000	      0.00000000	      0.00000000	      0.00000000	      0.00000000	      0.00000000	      0.00000000	      0.00000000	      0.00000000	      0.00000000	      0.00000000	      0.00000000	      0.00000000	      0.00000000	      0.00000000	      0.00000000	      0.00000000	      0.00000000	      0.00000000	      0.00000000	      0.00000000	      0.00000000	      0.00000000	      0.00000000	      0.00000000	      0.00000000	      0.00000000	      0.00000000	      0.00000000	      0.00000000	      0.00000000	      0.00000000	      0.00000000	      0.00000000	      0.00000000	      0.00000000	      0.00000000	      0.00000000	      0.00000000	     -1.49581503	     -2.37951544	     -2.86243632	    -12.67505039	     -1.26904096	     -0.09698245	     -4.07454911	     -0.00000000	      0.00000000	      0.00000000	      0.00000000	     -0.00000000	      0.00000000	     -0.00000000	     -0.09881037	     -0.12454856	     -6.57023859	     -0.34574317	     -0.11597414	     -0.01198239	     -0.11415079	     -0.07080905	     -0.00000000	     -1.35694860	      0.06284511	     -0.00000000	      0.00000000	     -0.00000000	      0.10692845	      0.48245601	      0.10912382	     -2.40837472	     -1.77318730	      0.00000000	      0.00000000	     -0.00000000	      0.00000000	     -0.00000000	     -0.00000000	     -0.00000000
      1.78500000	      0.00000000	      0.00000000	      0.00000000	      0.00000000	      0.00000000	      0.00000000	      0.00000000	      0.00000000	      0.00000000	      0.00000000	      0.00000000	      0.00000000	      0.00000000	      0.00000000	      0.00000000	      0.00000000	      0.00000000	      0.00000000	      0.00000000	      0.00000000	      0.00000000	      0.00000000	      0.00000000	      0.00000000	      0.00000000	      0.00000000	      0.00000000	      0.00000000	      0.00000000	      0.00000000	      0.00000000	      0.00000000	      0.00000000	      0.00000000	      0.00000000	      0.00000000	      0.00000000	      0.00000000	      0.00000000	      0.00000000	     -1.51100832	     -2.41163491	     -2.88162104	    -12.72409253	     -1.27932646	     -0.09832645	     -4.05729746	      0.00000000	      0.00000000	     -0.00000000	      0.00000000	      0.00000000	     -0.00000000	      0.00000000	     -0.09748079	     -0.12166963	     -6.59030954	     -0.34235555	     -0.11322540	     -0.01119940	     -0.11310332	     -0.06929583	     -0.00000000	     -1.36228471	      0.06181041	      0.00000000	      0.00000000	     -0.00000000	      0.10565539	      0.48592797	      0.10930467	     -2.39786525	     -1.76872866	      0.00000000	      0.00000000	     -0.00000000	      0.00000000	      0.00000000	      0.00000000	     -0.00000000
      1.79000000	      0.00000000	      0.00000000	      0.00000000	      0.00000000	      0.00000000	      0.00000000	      0.00000000	      0.00000000	      0.00000000	      0.00000000	      0.00000000	      0.00000000	      0.00000000	      0.00000000	      0.00000000	      0.00000000	      0.00000000	      0.00000000	      0.00000000	      0.00000000	      0.00000000	      0.00000000	      0.00000000	      0.00000000	      0.00000000	      0.00000000	      0.00000000	      0.00000000	      0.00000000	      0.00000000	      0.00000000	      0.00000000	      0.00000000	      0.00000000	      0.00000000	      0.00000000	      0.00000000	      0.00000000	      0.00000000	      0.00000000	     -1.52566388	     -2.44263243	     -2.90016502	    -12.77050628	     -1.28924586	     -0.09963771	     -4.03876880	      0.00000000	      0.00000000	      0.00000000	     -0.00000000	     -0.00000000	     -0.00000000	     -0.00000000	     -0.09614987	     -0.11883574	     -6.60916447	     -0.33872268	     -0.11037583	     -0.01042314	     -0.11196328	     -0.06770038	     -0.00000000	     -1.36714140	      0.06081290	     -0.00000000	     -0.00000000	     -0.00000000	      0.10442390	      0.48973524	      0.10951677	     -2.38643147	     -1.76388617	      0.00000000	      0.00000000	      0.00000000	     -0.00000000	      0.00000000	     -0.00000000	      0.00000000
      1.79500000	      0.00000000	      0.00000000	      0.00000000	      0.00000000	      0.00000000	      0.00000000	      0.00000000	      0.00000000	      0.00000000	      0.00000000	      0.00000000	      0.00000000	      0.00000000	      0.00000000	      0.00000000	      0.00000000	      0.00000000	      0.00000000	      0.00000000	      0.00000000	      0.00000000	      0.00000000	      0.00000000	      0.00000000	      0.00000000	      0.00000000	      0.00000000	      0.00000000	      0.00000000	      0.00000000	      0.00000000	      0.00000000	      0.00000000	      0.00000000	      0.00000000	      0.00000000	      0.00000000	      0.00000000	      0.00000000	      0.00000000	     -1.53974985	     -2.47242894	     -2.91780252	    -12.81423618	     -1.29877956	     -0.10091483	     -4.01900331	     -0.00000000	      0.00000000	      0.00000000	      0.00000000	      0.00000000	     -0.00000000	     -0.00000000	     -0.09481991	     -0.11605040	     -6.62676130	     -0.33488352	     -0.10744254	     -0.00965773	     -0.11074258	     -0.06603301	     -0.00000000	     -1.37149934	      0.05985318	      0.00000000	     -0.00000000	     -0.00000000	      0.10323449	      0.49383396	      0.10975698	     -2.37411476	     -1.75866647	      0.00000000	      0.00000000	      0.00000000	      0.00000000	      0.00000000	     -0.00000000	     -0.00000000
      1.80000000	      0.00000000	      0.00000000	      0.00000000	      0.00000000	      0.00000000	      0.00000000	      0.00000000	      0.00000000	      0.00000000	      0.00000000	      0.00000000	      0.00000000	      0.00000000	      0.00000000	      0.00000000	      0.00000000	      0.00000000	      0.00000000	      0.00000000	      0.00000000	      0.00000000	      0.00000000	      0.00000000	      0.00000000	      0.00000000	      0.00000000	      0.00000000	      0.00000000	      0.00000000	      0.00000000	      0.00000000	      0.00000000	      0.00000000	      0.00000000	      0.00000000	      0.00000000	      0.00000000	      0.00000000	      0.00000000	      0.00000000	     -1.55324014	     -2.50095812	     -2.93465337	    -12.85524981	     -1.30791209	     -0.10215680	     -3.99805396	      0.00000000	      0.00000000	     -0.00000000	      0.00000000	     -0.00000000	      0.00000000	      0.00000000	     -0.09349394	     -0.11331681	     -6.64306903	     -0.33088793	     -0.10444659	     -0.00890783	     -0.10945677	     -0.06430703	     -0.00000000	     -1.37534475	      0.05893194	      0.00000000	      0.00000000	     -0.00000000	      0.10208747	      0.49817315	      0.11002184	     -2.36096750	     -1.75308070	      0.00000000	      0.00000000	     -0.00000000	      0.00000000	     -0.00000000	      0.00000000	      0.00000000
      1.80500000	      0.00000000	      0.00000000	      0.00000000	      0.00000000	      0.00000000	      0.00000000	      0.00000000	      0.00000000	      0.00000000	      0.00000000	      0.00000000	      0.00000000	      0.00000000	      0.00000000	      0.00000000	      0.00000000	      0.00000000	      0.00000000	      0.00000000	      0.00000000	      0.00000000	      0.00000000	      0.00000000	      0.00000000	      0.00000000	      0.00000000	      0.00000000	      0.00000000	      0.00000000	      0.00000000	      0.00000000	      0.00000000	      0.00000000	      0.00000000	      0.00000000	      0.00000000	      0.00000000	      0.00000000	      0.00000000	      0.00000000	     -1.56611459	     -2.52816723	     -2.95080568	    -12.89353647	     -1.31663195	     -0.10336286	     -3.97598326	     -0.00000000	     -0.00000000	      0.00000000	      0.00000000	      0.00000000	      0.00000000	      0.00000000	     -0.09217570	     -0.11063794	     -6.65806694	     -0.32679317	     -0.10141172	     -0.00817836	     -0.10812381	     -0.06253777	     -0.00000000	     -1.37866937	      0.05804992	      0.00000000	      0.00000000	     -0.00000000	      0.10098302	      0.50270716	      0.11030787	     -2.34704903	     -1.74714361	      0.00000000	      0.00000000	      0.00000000	     -0.00000000	      0.00000000	      0.00000000	      0.00000000
      1.81000000	      0.00000000	      0.00000000	      0.00000000	      0.00000000	      0.00000000	      0.00000000	      0.00000000	      0.00000000	      0.00000000	      0.00000000	      0.00000000	      0.00000000	      0.00000000	      0.00000000	      0.00000000	      0.00000000	      0.00000000	      0.00000000	      0.00000000	      0.00000000	      0.00000000	      0.00000000	      0.00000000	      0.00000000	      0.00000000	      0.00000000	      0.00000000	      0.00000000	      0.00000000	      0.00000000	      0.00000000	      0.00000000	      0.00000000	      0.00000000	      0.00000000	      0.00000000	      0.00000000	      0.00000000	      0.00000000	      0.00000000	     -1.57835876	     -2.55401708	     -2.96604580	    -12.92910481	     -1.32493125	     -0.10453245	     -3.95286019	     -0.00000000	      0.00000000	      0.00000000	      0.00000000	      0.00000000	     -0.00000000	     -0.00000000	     -0.09086959	     -0.10801666	     -6.67174352	     -0.32266054	     -0.09836321	     -0.00747431	     -0.10676296	     -0.06074185	     -0.00000000	     -1.38147008	      0.05720793	     -0.00000000	     -0.00000000	     -0.00000000	      0.09992121	      0.50739212	      0.11061178	     -2.33242202	     -1.74087274	     -0.00000000	      0.00000000	      0.00000000	     -0.00000000	      0.00000000	     -0.00000000	      0.00000000
      1.81500000	      0.00000000	      0.00000000	      0.00000000	      0.00000000	      0.00000000	      0.00000000	      0.00000000	      0.00000000	      0.00000000	      0.00000000	      0.00000000	      0.00000000	      0.00000000	      0.00000000	      0.00000000	      0.00000000	      0.00000000	      0.00000000	      0.00000000	      0.00000000	      0.00000000	      0.00000000	      0.00000000	      0.00000000	      0.00000000	      0.00000000	      0.00000000	      0.00000000	      0.00000000	      0.00000000	      0.00000000	      0.00000000	      0.00000000	      0.00000000	      0.00000000	      0.00000000	      0.00000000	      0.00000000	      0.00000000	      0.00000000	     -1.58996353	     -2.57848136	     -2.98046001	    -12.96198014	     -1.33280527	     -0.10566508	     -3.92875757	      0.00000000	      0.00000000	     -0.00000000	      0.00000000	     -0.00000000	      0.00000000	      0.00000000	     -0.08958056	     -0.10545580	     -6.68409528	     -0.31855253	     -0.09532696	     -0.00680056	     -0.10539388	     -0.05893638	     -0.00000000	     -1.38374844	      0.05640678	      0.00000000	      0.00000000	     -0.00000000	      0.09890199	      0.51218827	      0.11093051	     -2.31714822	     -1.73428765	     -0.00000000	      0.00000000	      0.00000000	      0.00000000	     -0.00000000	     -0.00000000	      0.00000000
      1.82000000	      0.00000000	      0.00000000	      0.00000000	      0.00000000	      0.00000000	      0.00000000	      0.00000000	      0.00000000	      0.00000000	      0.00000000	      0.00000000	      0.00000000	      0.00000000	      0.00000000	      0.00000000	      0.00000000	      0.00000000	      0.00000000	      0.00000000	      0.00000000	      0.00000000	      0.00000000	      0.00000000	      0.00000000	      0.00000000	      0.00000000	      0.00000000	      0.00000000	      0.00000000	      0.00000000	      0.00000000	      0.00000000	      0.00000000	      0.00000000	      0.00000000	      0.00000000	      0.00000000	      0.00000000	      0.00000000	      0.00000000	     -1.60092457	     -2.60154572	     -2.99411778	    -12.99220159	     -1.34025206	     -0.10676030	     -3.90375014	      0.00000000	     -0.00000000	      0.00000000	     -0.00000000	     -0.00000000	      0.00000000	     -0.00000000	     -0.08831392	     -0.10295824	     -6.69512578	     -0.31453010	     -0.09232844	     -0.00616160	     -0.10403564	     -0.05713829	     -0.00000000	     -1.38551020	      0.05564724	     -0.00000000	      0.00000000	     -0.00000000	      0.09792520	      0.51706029	      0.11126131	     -2.30128826	     -1.72740934	     -0.00000000	      0.00000000	     -0.00000000	     -0.00000000	     -0.00000000	      0.00000000	      0.00000000
      1.82500000	      0.00000000	      0.00000000	      0.00000000	      0.00000000	      0.00000000	      0.00000000	      0.00000000	      0.00000000	      0.00000000	      0.00000000	      0.00000000	      0.00000000	      0.00000000	      0.00000000	      0.00000000	      0.00000000	      0.00000000	      0.00000000	      0.00000000	      0.00000000	      0.00000000	      0.00000000	      0.00000000	      0.00000000	      0.00000000	      0.00000000	      0.00000000	      0.00000000	      0.00000000	      0.00000000	      0.00000000	      0.00000000	      0.00000000	      0.00000000	      0.00000000	      0.00000000	      0.00000000	      0.00000000	      0.00000000	      0.00000000	     -1.61124174	     -2.62320656	     -3.00684730	    -13.01981950	     -1.34727197	     -0.10781764	     -3.87791232	     -0.00000000	      0.00000000	      0.00000000	      0.00000000	     -0.00000000	     -0.00000000	     -0.00000000	     -0.08707513	     -0.10052682	     -6.70484467	     -0.31065022	     -0.08939178	     -0.00556135	     -0.10270598	     -0.05536373	     -0.00000000	     -1.38676467	      0.05492998	      0.00000000	     -0.00000000	     -0.00000000	      0.09699059	      0.52197751	      0.11160170	     -2.28490227	     -1.72025962	      0.00000000	      0.00000000	     -0.00000000	     -0.00000000	      0.00000000	      0.00000000	     -0.00000000
      1.83000000	      0.00000000	      0.00000000	      0.00000000	      0.00000000	      0.00000000	      0.00000000	      0.00000000	      0.00000000	      0.00000000	      0.00000000	      0.00000000	      0.00000000	      0.00000000	      0.00000000	      0.00000000	      0.00000000	      0.00000000	      0.00000000	      0.00000000	      0.00000000	      0.00000000	      0.00000000	      0.00000000	      0.00000000	      0.00000000	      0.00000000	      0.00000000	      0.00000000	      0.00000000	      0.00000000	      0.00000000	      0.00000000	      0.00000000	      0.00000000	      0.00000000	      0.00000000	      0.00000000	      0.00000000	      0.00000000	      0.00000000	     -1.62091854	     -2.64346978	     -3.01874966	    -13.04489301	     -1.35386729	     -0.10883660	     -3.85131778	     -0.00000000	      0.00000000	     -0.00000000	      0.00000000	     -0.00000000	      0.00000000	     -0.00000000	     -0.08586953	     -0.09816433	     -6.71326687	     -0.30696400	     -0.08653905	     -0.00500295	     -0.10142064	     -0.05362755	     -0.00000000	     -1.38752418	      0.05425553	      0.00000000	      0.00000000	     -0.00000000	      0.09609782	      0.52691335	      0.11194949	     -2.26804947	     -1.71286087	     -0.00000000	      0.00000000	      0.00000000	     -0.00000000	      0.00000000	      0.00000000	     -0.00000000
      1.83500000	      0.00000000	      0.00000000	      0.00000000	      0.00000000	      0.00000000	      0.00000000	      0.00000000	      0.00000000	      0.00000000	      0.00000000	      0.00000000	      0.00000000	      0.00000000	      0.00000000	      0.00000000	      0.00000000	      0.00000000	      0.00000000	      0.00000000	      0.00000000	      0.00000000	      0.00000000	      0.00000000	      0.00000000	      0.00000000	      0.00000000	      0.00000000	      0.00000000	      0.00000000	      0.00000000	      0.00000000	      0.00000000	      0.00000000	      0.00000000	      0.00000000	      0.00000000	      0.00000000	      0.00000000	      0.00000000	      0.00000000	     -1.62996159	     -2.66234961	     -3.02997392	    -13.06748833	     -1.36000685	     -0.10981668	     -3.82403956	     -0.00000000	      0.00000000	      0.00000000	      0.00000000	      0.00000000	     -0.00000000	     -0.00000000	     -0.08470210	     -0.09587336	     -6.72041223	     -0.30351568	     -0.08378966	     -0.00448864	     -0.10019314	     -0.05194298	     -0.00000000	     -1.38780365	      0.05362421	      0.00000000	     -0.00000000	     -0.00000000	      0.09524647	      0.53184390	      0.11230263	     -2.25078844	     -1.70523597	     -0.00000000	      0.00000000	      0.00000000	     -0.00000000	     -0.00000000	     -0.00000000	      0.00000000
      1.84000000	      0.00000000	      0.00000000	      0.00000000	      0.00000000	      0.00000000	      0.00000000	      0.00000000	      0.00000000	      0.00000000	      0.00000000	      0.00000000	      0.00000000	      0.00000000	      0.00000000	      0.00000000	      0.00000000	      0.00000000	      0.00000000	      0.00000000	      0.00000000	      0.00000000	      0.00000000	      0.00000000	      0.00000000	      0.00000000	      0.00000000	      0.00000000	      0.00000000	      0.00000000	      0.00000000	      0.00000000	      0.00000000	      0.00000000	      0.00000000	      0.00000000	      0.00000000	      0.00000000	      0.00000000	      0.00000000	      0.00000000	     -1.63838043	     -2.67986797	     -3.04029527	    -13.08767791	     -1.36558631	     -0.11075738	     -3.79615017	      0.00000000	      0.00000000	     -0.00000000	      0.00000000	      0.00000000	     -0.00000000	      0.00000000	     -0.08357721	     -0.09365622	     -6.72630552	     -0.30034208	     -0.08116005	     -0.00401969	     -0.09903463	     -0.05032146	     -0.00000000	     -1.38762034	      0.05303606	     -0.00000000	     -0.00000000	     -0.00000000	      0.09443599	      0.53675112	      0.11265910	     -2.23317794	     -1.69740832	     -0.00000000	      0.00000000	      0.00000000	     -0.00000000	     -0.00000000	      0.00000000	     -0.00000000
      1.84500000	      0.00000000	      0.00000000	      0.00000000	      0.00000000	      0.00000000	      0.00000000	      0.00000000	      0.00000000	      0.00000000	      0.00000000	      0.00000000	      0.00000000	      0.00000000	      0.00000000	      0.00000000	      0.00000000	      0.00000000	      0.00000000	      0.00000000	      0.00000000	      0.00000000	      0.00000000	      0.00000000	      0.00000000	      0.00000000	      0.00000000	      0.00000000	      0.00000000	      0.00000000	      0.00000000	      0.00000000	      0.00000000	      0.00000000	      0.00000000	      0.00000000	      0.00000000	      0.00000000	      0.00000000	      0.00000000	      0.00000000	     -1.64618742	     -2.69605415	     -3.04984191	    -13.10554024	     -1.37076389	     -0.11165836	     -3.76772186	     -0.00000000	      0.00000000	     -0.00000000	     -0.00000000	     -0.00000000	     -0.00000000	     -0.00000000	     -0.08249843	     -0.09151475	     -6.73097662	     -0.29747271	     -0.07866346	     -0.00359634	     -0.09795409	     -0.04877259	     -0.00000000	     -1.38699381	      0.05249082	     -0.00000000	     -0.00000000	     -0.00000000	      0.09366574	      0.54158496	      0.11301673	     -2.21527775	     -1.68940193	     -0.00000000	      0.00000000	     -0.00000000	      0.00000000	      0.00000000	     -0.00000000	      0.00000000
      1.85000000	      0.00000000	      0.00000000	      0.00000000	      0.00000000	      0.00000000	      0.00000000	      0.00000000	      0.00000000	      0.00000000	      0.00000000	      0.00000000	      0.00000000	      0.00000000	      0.00000000	      0.00000000	      0.00000000	      0.00000000	      0.00000000	      0.00000000	      0.00000000	      0.00000000	      0.00000000	      0.00000000	      0.00000000	      0.00000000	      0.00000000	      0.00000000	      0.00000000	      0.00000000	      0.00000000	      0.00000000	      0.00000000	      0.00000000	      0.00000000	      0.00000000	      0.00000000	      0.00000000	      0.00000000	      0.00000000	      0.00000000	     -1.65339792	     -2.71094505	     -3.05861925	    -13.12116022	     -1.37554922	     -0.11251944	     -3.73882690	      0.00000000	     -0.00000000	     -0.00000000	      0.00000000	     -0.00000000	      0.00000000	      0.00000000	     -0.08146829	     -0.08945015	     -6.73446076	     -0.29493003	     -0.07630985	     -0.00321786	     -0.09695853	     -0.04730409	     -0.00000000	     -1.38594595	      0.05198790	     -0.00000000	     -0.00000000	     -0.00000000	      0.09293491	      0.54631610	      0.11337320	     -2.19714904	     -1.68124143	     -0.00000000	      0.00000000	      0.00000000	     -0.00000000	      0.00000000	     -0.00000000	     -0.00000000
      1.85500000	      0.00000000	      0.00000000	      0.00000000	      0.00000000	      0.00000000	      0.00000000	      0.00000000	      0.00000000	      0.00000000	      0.00000000	      0.00000000	      0.00000000	      0.00000000	      0.00000000	      0.00000000	      0.00000000	      0.00000000	      0.00000000	      0.00000000	      0.00000000	      0.00000000	      0.00000000	      0.00000000	      0.00000000	      0.00000000	      0.00000000	      0.00000000	      0.00000000	      0.00000000	      0.00000000	      0.00000000	      0.00000000	      0.00000000	      0.00000000	      0.00000000	      0.00000000	      0.00000000	      0.00000000	      0.00000000	      0.00000000	     -1.66003047	     -2.72458542	     -3.06679678	    -13.13462944	     -1.37995403	     -0.11334074	     -3.70953727	      0.00000000	     -0.00000000	      0.00000000	     -0.00000000	      0.00000000	     -0.00000000	      0.00000000	     -0.08048823	     -0.08746283	     -6.73679853	     -0.29272954	     -0.07410578	     -0.00288261	     -0.09605316	     -0.04592177	     -0.00000000	     -1.38450096	      0.05152639	      0.00000000	      0.00000000	     -0.00000000	      0.09224262	      0.55090824	      0.11372601	     -2.17885390	     -1.67295194	      0.00000000	      0.00000000	      0.00000000	      0.00000000	     -0.00000000	      0.00000000	      0.00000000
      1.86000000	      0.00000000	      0.00000000	      0.00000000	      0.00000000	      0.00000000	      0.00000000	      0.00000000	      0.00000000	      0.00000000	      0.00000000	      0.00000000	      0.00000000	      0.00000000	      0.00000000	      0.00000000	      0.00000000	      0.00000000	      0.00000000	      0.00000000	      0.00000000	      0.00000000	      0.00000000	      0.00000000	      0.00000000	      0.00000000	      0.00000000	      0.00000000	      0.00000000	      0.00000000	      0.00000000	      0.00000000	      0.00000000	      0.00000000	      0.00000000	      0.00000000	      0.00000000	      0.00000000	      0.00000000	      0.00000000	      0.00000000	     -1.66610690	     -2.73702801	     -3.07414603	    -13.14604615	     -1.38399232	     -0.11412264	     -3.67992421	      0.00000000	     -0.00000000	      0.00000000	      0.00000000	      0.00000000	     -0.00000000	     -0.00000000	     -0.07955849	     -0.08555240	     -6.73803546	     -0.29087961	     -0.07205433	     -0.00258812	     -0.09524144	     -0.04462945	     -0.00000000	     -1.38268532	      0.05110505	      0.00000000	      0.00000000	     -0.00000000	      0.09158788	      0.55532769	      0.11407260	     -2.16045440	     -1.66455882	     -0.00000000	      0.00000000	      0.00000000	     -0.00000000	     -0.00000000	      0.00000000	      0.00000000
      1.86500000	      0.00000000	      0.00000000	      0.00000000	      0.00000000	      0.00000000	      0.00000000	      0.00000000	      0.00000000	      0.00000000	      0.00000000	      0.00000000	      0.00000000	      0.00000000	      0.00000000	      0.00000000	      0.00000000	      0.00000000	      0.00000000	      0.00000000	      0.00000000	      0.00000000	      0.00000000	      0.00000000	      0.00000000	      0.00000000	      0.00000000	      0.00000000	      0.00000000	      0.00000000	      0.00000000	      0.00000000	      0.00000000	      0.00000000	      0.00000000	      0.00000000	      0.00000000	      0.00000000	      0.00000000	      0.00000000	      0.00000000	     -1.67165225	     -2.74833317	     -3.08090212	    -13.15551479	     -1.38768016	     -0.11486586	     -3.65005747	     -0.00000000	      0.00000000	     -0.00000000	     -0.00000000	     -0.00000000	     -0.00000000	      0.00000000	     -0.07867823	     -0.08371766	     -6.73822139	     -0.28938113	     -0.07015518	     -0.00233135	     -0.09452505	     -0.04342887	     -0.00000000	     -1.38052748	      0.05072237	     -0.00000000	     -0.00000000	     -0.00000000	      0.09096957	      0.55954513	      0.11441041	     -2.14201132	     -1.65608725	     -0.00000000	      0.00000000	     -0.00000000	      0.00000000	      0.00000000	     -0.00000000	     -0.00000000
      1.87000000	      0.00000000	      0.00000000	      0.00000000	      0.00000000	      0.00000000	      0.00000000	      0.00000000	      0.00000000	      0.00000000	      0.00000000	      0.00000000	      0.00000000	      0.00000000	      0.00000000	      0.00000000	      0.00000000	      0.00000000	      0.00000000	      0.00000000	      0.00000000	      0.00000000	      0.00000000	      0.00000000	      0.00000000	      0.00000000	      0.00000000	      0.00000000	      0.00000000	      0.00000000	      0.00000000	      0.00000000	      0.00000000	      0.00000000	      0.00000000	      0.00000000	      0.00000000	      0.00000000	      0.00000000	      0.00000000	      0.00000000	     -1.67669446	     -2.75856807	     -3.08693710	    -13.16314512	     -1.39103545	     -0.11557138	     -3.62000502	     -0.00000000	     -0.00000000	     -0.00000000	     -0.00000000	      0.00000000	     -0.00000000	      0.00000000	     -0.07784558	     -0.08195677	     -6.73740983	     -0.28822723	     -0.06840465	     -0.00210878	     -0.09390380	     -0.04231961	     -0.00000000	     -1.37805756	      0.05037651	      0.00000000	     -0.00000000	     -0.00000000	      0.09038642	      0.56353668	      0.11473705	     -2.12358325	     -1.64756197	      0.00000000	      0.00000000	     -0.00000000	      0.00000000	     -0.00000000	     -0.00000000	     -0.00000000
      1.87500000	      0.00000000	      0.00000000	      0.00000000	      0.00000000	      0.00000000	      0.00000000	      0.00000000	      0.00000000	      0.00000000	      0.00000000	      0.00000000	      0.00000000	      0.00000000	      0.00000000	      0.00000000	      0.00000000	      0.00000000	      0.00000000	      0.00000000	      0.00000000	      0.00000000	      0.00000000	      0.00000000	      0.00000000	      0.00000000	      0.00000000	      0.00000000	      0.00000000	      0.00000000	      0.00000000	      0.00000000	      0.00000000	      0.00000000	      0.00000000	      0.00000000	      0.00000000	      0.00000000	      0.00000000	      0.00000000	      0.00000000	     -1.68126395	     -2.76780542	     -3.09236104	    -13.16905128	     -1.39407765	     -0.11624042	     -3.58983285	     -0.00000000	     -0.00000000	      0.00000000	     -0.00000000	      0.00000000	      0.00000000	      0.00000000	     -0.07705775	     -0.08026727	     -6.73565727	     -0.28740286	     -0.06679590	     -0.00191665	     -0.09337541	     -0.04129905	     -0.00000000	     -1.37530681	      0.05006528	      0.00000000	     -0.00000000	     -0.00000000	      0.08983696	      0.56728421	      0.11505030	     -2.10522591	     -1.63900695	      0.00000000	      0.00000000	      0.00000000	      0.00000000	      0.00000000	     -0.00000000	     -0.00000000
      1.88000000	      0.00000000	      0.00000000	      0.00000000	      0.00000000	      0.00000000	      0.00000000	      0.00000000	      0.00000000	      0.00000000	      0.00000000	      0.00000000	      0.00000000	      0.00000000	      0.00000000	      0.00000000	      0.00000000	      0.00000000	      0.00000000	      0.00000000	      0.00000000	      0.00000000	      0.00000000	      0.00000000	      0.00000000	      0.00000000	      0.00000000	      0.00000000	      0.00000000	      0.00000000	      0.00000000	      0.00000000	      0.00000000	      0.00000000	      0.00000000	      0.00000000	      0.00000000	      0.00000000	      0.00000000	      0.00000000	      0.00000000	     -1.68539305	     -2.77612192	     -3.09719217	    -13.17335067	     -1.39682739	     -0.11687445	     -3.55960510	      0.00000000	     -0.00000000	     -0.00000000	     -0.00000000	      0.00000000	      0.00000000	      0.00000000	     -0.07631117	     -0.07864625	     -6.73302275	     -0.28688468	     -0.06531914	     -0.00175113	     -0.09293541	     -0.04036236	     -0.00000000	     -1.37230720	      0.04978617	      0.00000000	     -0.00000000	     -0.00000000	      0.08931945	      0.57075840	      0.11534823	     -2.08699179	     -1.63044524	     -0.00000000	      0.00000000	      0.00000000	     -0.00000000	      0.00000000	      0.00000000	      0.00000000
      1.88500000	      0.00000000	      0.00000000	      0.00000000	      0.00000000	      0.00000000	      0.00000000	      0.00000000	      0.00000000	      0.00000000	      0.00000000	      0.00000000	      0.00000000	      0.00000000	      0.00000000	      0.00000000	      0.00000000	      0.00000000	      0.00000000	      0.00000000	      0.00000000	      0.00000000	      0.00000000	      0.00000000	      0.00000000	      0.00000000	      0.00000000	      0.00000000	      0.00000000	      0.00000000	      0.00000000	      0.00000000	      0.00000000	      0.00000000	      0.00000000	      0.00000000	      0.00000000	      0.00000000	      0.00000000	      0.00000000	      0.00000000	     -1.68911536	     -2.78359656	     -3.10158662	    -13.17616284	     -1.39930609	     -0.11747512	     -3.52938429	      0.00000000	     -0.00000000	      0.00000000	     -0.00000000	      0.00000000	      0.00000000	     -0.00000000	     -0.07560157	     -0.07709040	     -6.72956739	     -0.28664130	     -0.06396200	     -0.00160844	     -0.09257702	     -0.03950259	     -0.00000000	     -1.36909084	      0.04953635	     -0.00000000	      0.00000000	     -0.00000000	      0.08883195	      0.57398423	      0.11562920	     -2.06892981	     -1.62189882	      0.00000000	      0.00000000	     -0.00000000	     -0.00000000	      0.00000000	     -0.00000000	     -0.00000000
      1.89000000	      0.00000000	      0.00000000	      0.00000000	      0.00000000	      0.00000000	      0.00000000	      0.00000000	      0.00000000	      0.00000000	      0.00000000	      0.00000000	      0.00000000	      0.00000000	      0.00000000	      0.00000000	      0.00000000	      0.00000000	      0.00000000	      0.00000000	      0.00000000	      0.00000000	      0.00000000	      0.00000000	      0.00000000	      0.00000000	      0.00000000	      0.00000000	      0.00000000	      0.00000000	      0.00000000	      0.00000000	      0.00000000	      0.00000000	      0.00000000	      0.00000000	      0.00000000	      0.00000000	      0.00000000	      0.00000000	      0.00000000	     -1.69246511	     -2.79030883	     -3.10537945	    -13.17760836	     -1.40153557	     -0.11804425	     -3.49923168	      0.00000000	      0.00000000	      0.00000000	     -0.00000000	     -0.00000000	     -0.00000000	      0.00000000	     -0.07492424	     -0.07559605	     -6.72535401	     -0.28663429	     -0.06271010	     -0.00148503	     -0.09229139	     -0.03871103	     -0.00000000	     -1.36568950	      0.04931274	     -0.00000000	      0.00000000	     -0.00000000	      0.08837226	      0.57694176	      0.11589193	     -2.05108512	     -1.61338848	     -0.00000000	      0.00000000	      0.00000000	      0.00000000	      0.00000000	     -0.00000000	     -0.00000000
      1.89500000	      0.00000000	      0.00000000	      0.00000000	      0.00000000	      0.00000000	      0.00000000	      0.00000000	      0.00000000	      0.00000000	      0.00000000	      0.00000000	      0.00000000	      0.00000000	      0.00000000	      0.00000000	      0.00000000	      0.00000000	      0.00000000	      0.00000000	      0.00000000	      0.00000000	      0.00000000	      0.00000000	      0.00000000	      0.00000000	      0.00000000	      0.00000000	      0.00000000	      0.00000000	      0.00000000	      0.00000000	      0.00000000	      0.00000000	      0.00000000	      0.00000000	      0.00000000	      0.00000000	      0.00000000	      0.00000000	      0.00000000	     -1.69547659	     -2.79633729	     -3.10871288	    -13.17780782	     -1.40353781	     -0.11858380	     -3.46929620	      0.00000000	     -0.00000000	      0.00000000	     -0.00000000	      0.00000000	     -0.00000000	      0.00000000	     -0.07427414	     -0.07415927	     -6.72044672	     -0.28682021	     -0.06154783	     -0.00137767	     -0.09206808	     -0.03797767	     -0.00000000	     -1.36213917	      0.04911209	      0.00000000	      0.00000000	     -0.00000000	      0.08793800	      0.57910673	      0.11614128	     -2.03357219	     -1.60494578	      0.00000000	      0.00000000	     -0.00000000	      0.00000000	      0.00000000	     -0.00000000	     -0.00000000
      1.90000000	      0.00000000	      0.00000000	      0.00000000	      0.00000000	      0.00000000	      0.00000000	      0.00000000	      0.00000000	      0.00000000	      0.00000000	      0.00000000	      0.00000000	      0.00000000	      0.00000000	      0.00000000	      0.00000000	      0.00000000	      0.00000000	      0.00000000	      0.00000000	      0.00000000	      0.00000000	      0.00000000	      0.00000000	      0.00000000	      0.00000000	      0.00000000	      0.00000000	      0.00000000	      0.00000000	      0.00000000	      0.00000000	      0.00000000	      0.00000000	      0.00000000	      0.00000000	      0.00000000	      0.00000000	      0.00000000	      0.00000000	     -1.69818382	     -2.80175872	     -3.11162777	    -13.17688121	     -1.40533485	     -0.11909594	     -3.43961879	      0.00000000	     -0.00000000	      0.00000000	      0.00000000	      0.00000000	     -0.00000000	     -0.00000000	     -0.07364610	     -0.07277585	     -6.71491070	     -0.28715350	     -0.06045929	     -0.00128348	     -0.09189587	     -0.03729195	     -0.00000000	     -1.35846857	      0.04893110	      0.00000000	      0.00000000	     -0.00000000	      0.08752666	      0.58098040	      0.11637109	     -2.01637775	     -1.59658399	     -0.00000000	      0.00000000	      0.00000000	     -0.00000000	      0.00000000	     -0.00000000	      0.00000000
      1.90500000	      0.00000000	      0.00000000	      0.00000000	      0.00000000	      0.00000000	      0.00000000	      0.00000000	      0.00000000	      0.00000000	      0.00000000	      0.00000000	      0.00000000	      0.00000000	      0.00000000	      0.00000000	      0.00000000	      0.00000000	      0.00000000	      0.00000000	      0.00000000	      0.00000000	      0.00000000	      0.00000000	      0.00000000	      0.00000000	      0.00000000	      0.00000000	      0.00000000	      0.00000000	      0.00000000	      0.00000000	      0.00000000	      0.00000000	      0.00000000	      0.00000000	      0.00000000	      0.00000000	      0.00000000	      0.00000000	      0.00000000	     -1.70062039	     -2.80664776	     -3.11416543	    -13.17494756	     -1.40694878	     -0.11958296	     -3.41024670	     -0.00000000	      0.00000000	      0.00000000	      0.00000000	     -0.00000000	      0.00000000	     -0.00000000	     -0.07303503	     -0.07144132	     -6.70881183	     -0.28758908	     -0.05942907	     -0.00120002	     -0.09176351	     -0.03664337	     -0.00000000	     -1.35470618	      0.04876646	     -0.00000000	     -0.00000000	     -0.00000000	      0.08713567	      0.58262514	      0.11658010	     -1.99952839	     -1.58831909	     -0.00000000	      0.00000000	      0.00000000	     -0.00000000	      0.00000000	     -0.00000000	     -0.00000000
      1.91000000	      0.00000000	      0.00000000	      0.00000000	      0.00000000	      0.00000000	      0.00000000	      0.00000000	      0.00000000	      0.00000000	      0.00000000	      0.00000000	      0.00000000	      0.00000000	      0.00000000	      0.00000000	      0.00000000	      0.00000000	      0.00000000	      0.00000000	      0.00000000	      0.00000000	      0.00000000	      0.00000000	      0.00000000	      0.00000000	      0.00000000	      0.00000000	      0.00000000	      0.00000000	      0.00000000	      0.00000000	      0.00000000	      0.00000000	      0.00000000	      0.00000000	      0.00000000	      0.00000000	      0.00000000	      0.00000000	      0.00000000	     -1.70281932	     -2.81069276	     -3.11636741	    -13.17212450	     -1.40840158	     -0.12004733	     -3.38123265	      0.00000000	      0.00000000	      0.00000000	      0.00000000	     -0.00000000	     -0.00000000	     -0.00000000	     -0.07243607	     -0.07015107	     -6.70221624	     -0.28808395	     -0.05844278	     -0.00112525	     -0.09166014	     -0.03602191	     -0.00000000	     -1.35087978	      0.04861494	     -0.00000000	      0.00000000	     -0.00000000	      0.08676237	      0.58404218	      0.11676790	     -1.98305559	     -1.58016709	     -0.00000000	      0.00000000	      0.00000000	      0.00000000	      0.00000000	      0.00000000	      0.00000000
      1.91500000	      0.00000000	      0.00000000	      0.00000000	      0.00000000	      0.00000000	      0.00000000	      0.00000000	      0.00000000	      0.00000000	      0.00000000	      0.00000000	      0.00000000	      0.00000000	      0.00000000	      0.00000000	      0.00000000	      0.00000000	      0.00000000	      0.00000000	      0.00000000	      0.00000000	      0.00000000	      0.00000000	      0.00000000	      0.00000000	      0.00000000	      0.00000000	      0.00000000	      0.00000000	      0.00000000	      0.00000000	      0.00000000	      0.00000000	      0.00000000	      0.00000000	      0.00000000	      0.00000000	      0.00000000	      0.00000000	      0.00000000	     -1.70481277	     -2.81403976	     -3.11838298	    -13.16852765	     -1.40971490	     -0.12049156	     -3.35262764	      0.00000000	     -0.00000000	      0.00000000	     -0.00000000	      0.00000000	     -0.00000000	     -0.00000000	     -0.07184474	     -0.06890042	     -6.69518989	     -0.28859799	     -0.05748731	     -0.00105749	     -0.09157544	     -0.03541818	     -0.00000000	     -1.34701584	      0.04847338	     -0.00000000	      0.00000000	     -0.00000000	      0.08640409	      0.58523608	      0.11693427	     -1.96698778	     -1.57214291	     -0.00000000	      0.00000000	      0.00000000	      0.00000000	      0.00000000	      0.00000000	      0.00000000
      1.92000000	      0.00000000	      0.00000000	      0.00000000	      0.00000000	      0.00000000	      0.00000000	      0.00000000	      0.00000000	      0.00000000	      0.00000000	      0.00000000	      0.00000000	      0.00000000	      0.00000000	      0.00000000	      0.00000000	      0.00000000	      0.00000000	      0.00000000	      0.00000000	      0.00000000	      0.00000000	      0.00000000	      0.00000000	      0.00000000	      0.00000000	      0.00000000	      0.00000000	      0.00000000	      0.00000000	      0.00000000	      0.00000000	      0.00000000	      0.00000000	      0.00000000	      0.00000000	      0.00000000	      0.00000000	      0.00000000	      0.00000000	     -1.70663179	     -2.81707296	     -3.12003733	    -13.16427007	     -1.41090989	     -0.12091820	     -3.32448069	      0.00000000	     -0.00000000	      0.00000000	      0.00000000	      0.00000000	     -0.00000000	      0.00000000	     -0.07125699	     -0.06768476	     -6.68779825	     -0.28909441	     -0.05655100	     -0.00099540	     -0.09149974	     -0.03482354	     -0.00000000	     -1.34313937	      0.04833872	      0.00000000	     -0.00000000	     -0.00000000	      0.08605808	      0.58619438	      0.11707914	     -1.95135046	     -1.56426030	      0.00000000	      0.00000000	     -0.00000000	      0.00000000	      0.00000000	      0.00000000	      0.00000000
      1.92500000	      0.00000000	      0.00000000	      0.00000000	      0.00000000	      0.00000000	      0.00000000	      0.00000000	      0.00000000	      0.00000000	      0.00000000	      0.00000000	      0.00000000	      0.00000000	      0.00000000	      0.00000000	      0.00000000	      0.00000000	      0.00000000	      0.00000000	      0.00000000	      0.00000000	      0.00000000	      0.00000000	      0.00000000	      0.00000000	      0.00000000	      0.00000000	      0.00000000	      0.00000000	      0.00000000	      0.00000000	      0.00000000	      0.00000000	      0.00000000	      0.00000000	      0.00000000	      0.00000000	      0.00000000	      0.00000000	      0.00000000	     -1.70830610	     -2.81985377	     -3.12147824	    -13.15946197	     -1.41200698	     -0.12132980	     -3.29683886	     -0.00000000	     -0.00000000	      0.00000000	     -0.00000000	      0.00000000	      0.00000000	     -0.00000000	     -0.07066929	     -0.06649955	     -6.68010629	     -0.28954018	     -0.05562375	     -0.00093790	     -0.09142406	     -0.03423015	     -0.00000000	     -1.33927381	      0.04820798	      0.00000000	     -0.00000000	     -0.00000000	      0.08572155	      0.58692326	      0.11720260	     -1.93616645	     -1.55653198	      0.00000000	      0.00000000	      0.00000000	     -0.00000000	     -0.00000000	     -0.00000000	     -0.00000000
      1.93000000	      0.00000000	      0.00000000	      0.00000000	      0.00000000	      0.00000000	      0.00000000	      0.00000000	      0.00000000	      0.00000000	      0.00000000	      0.00000000	      0.00000000	      0.00000000	      0.00000000	      0.00000000	      0.00000000	      0.00000000	      0.00000000	      0.00000000	      0.00000000	      0.00000000	      0.00000000	      0.00000000	      0.00000000	      0.00000000	      0.00000000	      0.00000000	      0.00000000	      0.00000000	      0.00000000	      0.00000000	      0.00000000	      0.00000000	      0.00000000	      0.00000000	      0.00000000	      0.00000000	      0.00000000	      0.00000000	      0.00000000	     -1.70986379	     -2.82243891	     -3.12274467	    -13.15421019	     -1.40959955	     -0.12172887	     -3.26974707	      0.00000000	     -0.00000000	      0.00000000	      0.00000000	     -0.00000000	      0.00000000	     -0.00000000	     -0.07007868	     -0.06534043	     -6.67217834	     -0.28990656	     -0.05469711	     -0.00088413	     -0.09134028	     -0.03363113	     -0.00000000	     -1.33544083	      0.04807828	      0.00000000	      0.00000000	     -0.00000000	      0.08539169	      0.58742533	      0.11730486	     -1.92145567	     -1.54896954	      0.00000000	      0.00000000	      0.00000000	     -0.00000000	     -0.00000000	     -0.00000000	      0.00000000
      1.93500000	      0.00000000	      0.00000000	      0.00000000	      0.00000000	      0.00000000	      0.00000000	      0.00000000	      0.00000000	      0.00000000	      0.00000000	      0.00000000	      0.00000000	      0.00000000	      0.00000000	      0.00000000	      0.00000000	      0.00000000	      0.00000000	      0.00000000	      0.00000000	      0.00000000	      0.00000000	      0.00000000	      0.00000000	      0.00000000	      0.00000000	      0.00000000	      0.00000000	      0.00000000	      0.00000000	      0.00000000	      0.00000000	      0.00000000	      0.00000000	      0.00000000	      0.00000000	      0.00000000	      0.00000000	      0.00000000	      0.00000000	     -1.71133125	     -2.82488023	     -3.12387424	    -13.14861709	     -1.41041075	     -0.12211783	     -3.24324530	     -0.00000000	      0.00000000	     -0.00000000	      0.00000000	     -0.00000000	      0.00000000	     -0.00000000	     -0.06948272	     -0.06420310	     -6.66407693	     -0.29016963	     -0.05376427	     -0.00083342	     -0.09124130	     -0.03302053	     -0.00000000	     -1.33165983	      0.04794695	      0.00000000	     -0.00000000	     -0.00000000	      0.08506568	      0.58770292	      0.11738638	     -1.90723360	     -1.54158270	     -0.00000000	      0.00000000	     -0.00000000	      0.00000000	      0.00000000	     -0.00000000	      0.00000000
      1.94000000	      0.00000000	      0.00000000	      0.00000000	      0.00000000	      0.00000000	      0.00000000	      0.00000000	      0.00000000	      0.00000000	      0.00000000	      0.00000000	      0.00000000	      0.00000000	      0.00000000	      0.00000000	      0.00000000	      0.00000000	      0.00000000	      0.00000000	      0.00000000	      0.00000000	      0.00000000	      0.00000000	      0.00000000	      0.00000000	      0.00000000	      0.00000000	      0.00000000	      0.00000000	      0.00000000	      0.00000000	      0.00000000	      0.00000000	      0.00000000	      0.00000000	      0.00000000	      0.00000000	      0.00000000	      0.00000000	      0.00000000	     -1.71273223	     -2.82722317	     -3.12490224	    -13.14278225	     -1.41110508	     -0.12249886	     -3.21737902	      0.00000000	     -0.00000000	     -0.00000000	     -0.00000000	      0.00000000	      0.00000000	     -0.00000000	     -0.06887991	     -0.06308394	     -6.65586601	     -0.29031166	     -0.05282091	     -0.00078522	     -0.09112153	     -0.03239407	     -0.00000000	     -1.32794937	      0.04781158	      0.00000000	      0.00000000	     -0.00000000	      0.08474094	      0.58775955	      0.11744783	     -1.89351693	     -1.53438236	      0.00000000	      0.00000000	     -0.00000000	     -0.00000000	     -0.00000000	      0.00000000	     -0.00000000
      1.94500000	      0.00000000	      0.00000000	      0.00000000	      0.00000000	      0.00000000	      0.00000000	      0.00000000	      0.00000000	      0.00000000	      0.00000000	      0.00000000	      0.00000000	      0.00000000	      0.00000000	      0.00000000	      0.00000000	      0.00000000	      0.00000000	      0.00000000	      0.00000000	      0.00000000	      0.00000000	      0.00000000	      0.00000000	      0.00000000	      0.00000000	      0.00000000	      0.00000000	      0.00000000	      0.00000000	      0.00000000	      0.00000000	      0.00000000	      0.00000000	      0.00000000	      0.00000000	      0.00000000	      0.00000000	      0.00000000	      0.00000000	     -1.71408861	     -2.82950802	     -3.12597549	    -13.13679800	     -1.41177298	     -0.12287407	     -3.19218232	     -0.00000000	     -0.00000000	      0.00000000	      0.00000000	      0.00000000	     -0.00000000	      0.00000000	     -0.06826924	     -0.06197922	     -6.64760508	     -0.29032098	     -0.05186432	     -0.00073906	     -0.09097683	     -0.03174858	     -0.00000000	     -1.32432468	      0.04767007	      0.00000000	     -0.00000000	     -0.00000000	      0.08441495	      0.58760096	      0.11749016	     -1.88031407	     -1.52737580	      0.00000000	      0.00000000	      0.00000000	      0.00000000	     -0.00000000	      0.00000000	     -0.00000000
      1.95000000	      0.00000000	      0.00000000	      0.00000000	      0.00000000	      0.00000000	      0.00000000	      0.00000000	      0.00000000	      0.00000000	      0.00000000	      0.00000000	      0.00000000	      0.00000000	      0.00000000	      0.00000000	      0.00000000	      0.00000000	      0.00000000	      0.00000000	      0.00000000	      0.00000000	      0.00000000	      0.00000000	      0.00000000	      0.00000000	      0.00000000	      0.00000000	      0.00000000	      0.00000000	      0.00000000	      0.00000000	      0.00000000	      0.00000000	      0.00000000	      0.00000000	      0.00000000	      0.00000000	      0.00000000	      0.00000000	      0.00000000	     -1.71541941	     -2.83176845	     -3.12694486	    -13.13075066	     -1.41248173	     -0.12324530	     -3.16768835	      0.00000000	      0.00000000	     -0.00000000	     -0.00000000	      0.00000000	     -0.00000000	     -0.00000000	     -0.06765055	     -0.06088572	     -6.63935192	     -0.29019321	     -0.05089418	     -0.00069453	     -0.09080500	     -0.03108267	     -0.00000000	     -1.32079914	      0.04752074	      0.00000000	      0.00000000	     -0.00000000	      0.08408549	      0.58723543	      0.11751465	     -1.86763089	     -1.52056979	      0.00000000	      0.00000000	      0.00000000	      0.00000000	     -0.00000000	     -0.00000000	      0.00000000
      1.95500000	      0.00000000	      0.00000000	      0.00000000	      0.00000000	      0.00000000	      0.00000000	      0.00000000	      0.00000000	      0.00000000	      0.00000000	      0.00000000	      0.00000000	      0.00000000	      0.00000000	      0.00000000	      0.00000000	      0.00000000	      0.00000000	      0.00000000	      0.00000000	      0.00000000	      0.00000000	      0.00000000	      0.00000000	      0.00000000	      0.00000000	      0.00000000	      0.00000000	      0.00000000	      0.00000000	      0.00000000	      0.00000000	      0.00000000	      0.00000000	      0.00000000	      0.00000000	      0.00000000	      0.00000000	      0.00000000	      0.00000000	     -1.71674092	     -2.83403184	     -3.12779580	    -13.12471916	     -1.41313638	     -0.12361415	     -3.14392616	      0.00000000	      0.00000000	     -0.00000000	      0.00000000	      0.00000000	      0.00000000	      0.00000000	     -0.06702442	     -0.05980065	     -6.63116109	     -0.28993171	     -0.04991236	     -0.00065123	     -0.09060608	     -0.03039676	     -0.00000000	     -1.31738385	      0.04736237	     -0.00000000	      0.00000000	     -0.00000000	      0.08375070	      0.58667346	      0.11752283	     -1.85546960	     -1.51396983	      0.00000000	      0.00000000	      0.00000000	      0.00000000	      0.00000000	      0.00000000	      0.00000000
      1.96000000	      0.00000000	      0.00000000	      0.00000000	      0.00000000	      0.00000000	      0.00000000	      0.00000000	      0.00000000	      0.00000000	      0.00000000	      0.00000000	      0.00000000	      0.00000000	      0.00000000	      0.00000000	      0.00000000	      0.00000000	      0.00000000	      0.00000000	      0.00000000	      0.00000000	      0.00000000	      0.00000000	      0.00000000	      0.00000000	      0.00000000	      0.00000000	      0.00000000	      0.00000000	      0.00000000	      0.00000000	      0.00000000	      0.00000000	      0.00000000	      0.00000000	      0.00000000	      0.00000000	      0.00000000	      0.00000000	      0.00000000	     -1.71806666	     -2.83631962	     -3.12874872	    -13.11877459	     -1.41379977	     -0.12398195	     -3.12092066	      0.00000000	     -0.00000000	     -0.00000000	      0.00000000	      0.00000000	      0.00000000	      0.00000000	     -0.06639211	     -0.05872162	     -6.62308344	     -0.28954768	     -0.04892281	     -0.00060878	     -0.09038242	     -0.02969309	     -0.00000000	     -1.31408784	      0.04719422	      0.00000000	      0.00000000	     -0.00000000	      0.08340910	      0.58592713	      0.11751634	     -1.84382951	     -1.50758035	      0.00000000	      0.00000000	      0.00000000	      0.00000000	      0.00000000	     -0.00000000	     -0.00000000
      1.96500000	      0.00000000	      0.00000000	      0.00000000	      0.00000000	      0.00000000	      0.00000000	      0.00000000	      0.00000000	      0.00000000	      0.00000000	      0.00000000	      0.00000000	      0.00000000	      0.00000000	      0.00000000	      0.00000000	      0.00000000	      0.00000000	      0.00000000	      0.00000000	      0.00000000	      0.00000000	      0.00000000	      0.00000000	      0.00000000	      0.00000000	      0.00000000	      0.00000000	      0.00000000	      0.00000000	      0.00000000	      0.00000000	      0.00000000	      0.00000000	      0.00000000	      0.00000000	      0.00000000	      0.00000000	      0.00000000	      0.00000000	     -1.71940753	     -2.83864778	     -3.12975033	    -13.11297982	     -1.41448001	     -0.12434977	     -3.09869205	     -0.00000000	      0.00000000	     -0.00000000	     -0.00000000	      0.00000000	      0.00000000	     -0.00000000	     -0.06575549	     -0.05764674	     -6.61516548	     -0.28905937	     -0.04793122	     -0.00056676	     -0.09013852	     -0.02897553	     -0.00000000	     -1.31091814	      0.04701599	     -0.00000000	      0.00000000	     -0.00000000	      0.08305960	      0.58501032	      0.11749697	     -1.83270690	     -1.50140463	     -0.00000000	      0.00000000	     -0.00000000	     -0.00000000	     -0.00000000	      0.00000000	      0.00000000
      1.97000000	      0.00000000	      0.00000000	      0.00000000	      0.00000000	      0.00000000	      0.00000000	      0.00000000	      0.00000000	      0.00000000	      0.00000000	      0.00000000	      0.00000000	      0.00000000	      0.00000000	      0.00000000	      0.00000000	      0.00000000	      0.00000000	      0.00000000	      0.00000000	      0.00000000	      0.00000000	      0.00000000	      0.00000000	      0.00000000	      0.00000000	      0.00000000	      0.00000000	      0.00000000	      0.00000000	      0.00000000	      0.00000000	      0.00000000	      0.00000000	      0.00000000	      0.00000000	      0.00000000	      0.00000000	      0.00000000	      0.00000000	     -1.72077172	     -2.84102699	     -3.13075900	    -13.10738878	     -1.41528126	     -0.12471835	     -3.07725525	     -0.00000000	      0.00000000	     -0.00000000	      0.00000000	      0.00000000	      0.00000000	      0.00000000	     -0.06511703	     -0.05657465	     -6.60744859	     -0.28849081	     -0.04694469	     -0.00052476	     -0.08988071	     -0.02824936	     -0.00000000	     -1.30787975	      0.04682787	      0.00000000	      0.00000000	     -0.00000000	      0.08270155	      0.58393953	      0.11746671	     -1.82209427	     -1.49544469	     -0.00000000	      0.00000000	      0.00000000	      0.00000000	      0.00000000	      0.00000000	      0.00000000
      1.97500000	      0.00000000	      0.00000000	      0.00000000	      0.00000000	      0.00000000	      0.00000000	      0.00000000	      0.00000000	      0.00000000	      0.00000000	      0.00000000	      0.00000000	      0.00000000	      0.00000000	      0.00000000	      0.00000000	      0.00000000	      0.00000000	      0.00000000	      0.00000000	      0.00000000	      0.00000000	      0.00000000	      0.00000000	      0.00000000	      0.00000000	      0.00000000	      0.00000000	      0.00000000	      0.00000000	      0.00000000	      0.00000000	      0.00000000	      0.00000000	      0.00000000	      0.00000000	      0.00000000	      0.00000000	      0.00000000	      0.00000000	     -1.72216455	     -2.84346253	     -3.13183003	    -13.10204539	     -1.41601225	     -0.12508803	     -3.05661927	     -0.00000000	      0.00000000	      0.00000000	     -0.00000000	     -0.00000000	     -0.00000000	      0.00000000	     -0.06447979	     -0.05550462	     -6.59996813	     -0.28787059	     -0.04597143	     -0.00048234	     -0.08961679	     -0.02752103	     -0.00000000	     -1.30497556	      0.04663051	     -0.00000000	     -0.00000000	     -0.00000000	      0.08233477	      0.58273490	      0.11742781	     -1.81197952	     -1.48970100	     -0.00000000	      0.00000000	      0.00000000	     -0.00000000	     -0.00000000	     -0.00000000	      0.00000000
      1.98000000	      0.00000000	      0.00000000	      0.00000000	      0.00000000	      0.00000000	      0.00000000	      0.00000000	      0.00000000	      0.00000000	      0.00000000	      0.00000000	      0.00000000	      0.00000000	      0.00000000	      0.00000000	      0.00000000	      0.00000000	      0.00000000	      0.00000000	      0.00000000	      0.00000000	      0.00000000	      0.00000000	      0.00000000	      0.00000000	      0.00000000	      0.00000000	      0.00000000	      0.00000000	      0.00000000	      0.00000000	      0.00000000	      0.00000000	      0.00000000	      0.00000000	      0.00000000	      0.00000000	      0.00000000	      0.00000000	      0.00000000	     -1.72358818	     -2.84595370	     -3.13297065	    -13.09698212	     -1.41677159	     -0.12545868	     -3.03678634	      0.00000000	      0.00000000	     -0.00000000	      0.00000000	      0.00000000	     -0.00000000	     -0.00000000	     -0.06384740	     -0.05443667	     -6.59275228	     -0.28723059	     -0.04502043	     -0.00043908	     -0.08935557	     -0.02679784	     -0.00000000	     -1.30220605	      0.04642511	      0.00000000	      0.00000000	     -0.00000000	      0.08195957	      0.58142155	      0.11738290	     -1.80234459	     -1.48417220	      0.00000000	      0.00000000	      0.00000000	     -0.00000000	      0.00000000	     -0.00000000	     -0.00000000
      1.98500000	      0.00000000	      0.00000000	      0.00000000	      0.00000000	      0.00000000	      0.00000000	      0.00000000	      0.00000000	      0.00000000	      0.00000000	      0.00000000	      0.00000000	      0.00000000	      0.00000000	      0.00000000	      0.00000000	      0.00000000	      0.00000000	      0.00000000	      0.00000000	      0.00000000	      0.00000000	      0.00000000	      0.00000000	      0.00000000	      0.00000000	      0.00000000	      0.00000000	      0.00000000	      0.00000000	      0.00000000	      0.00000000	      0.00000000	      0.00000000	      0.00000000	      0.00000000	      0.00000000	      0.00000000	      0.00000000	      0.00000000	     -1.72504112	     -2.84849305	     -3.13428892	    -13.09221807	     -1.41762546	     -0.12582964	     -3.01775112	     -0.00000000	      0.00000000	     -0.00000000	      0.00000000	     -0.00000000	      0.00000000	     -0.00000000	     -0.06322408	     -0.05337162	     -6.58582078	     -0.28660459	     -0.04410115	     -0.00000000	     -0.08910654	     -0.02608774	     -0.00000000	     -1.29956898	      0.04621337	     -0.00000000	     -0.00000000	     -0.00000000	      0.08157684	      0.58003086	      0.11733505	     -1.79316428	     -1.47885474	     -0.00000000	      0.00000000	     -0.00000000	     -0.00000000	     -0.00000000	     -0.00000000	     -0.00000000
      1.99000000	      0.00000000	      0.00000000	      0.00000000	      0.00000000	      0.00000000	      0.00000000	      0.00000000	      0.00000000	      0.00000000	      0.00000000	      0.00000000	      0.00000000	      0.00000000	      0.00000000	      0.00000000	      0.00000000	      0.00000000	      0.00000000	      0.00000000	      0.00000000	      0.00000000	      0.00000000	      0.00000000	      0.00000000	      0.00000000	      0.00000000	      0.00000000	      0.00000000	      0.00000000	      0.00000000	      0.00000000	      0.00000000	      0.00000000	      0.00000000	      0.00000000	      0.00000000	      0.00000000	      0.00000000	      0.00000000	      0.00000000	     -1.72651782	     -2.85106555	     -3.13556701	    -13.08775733	     -1.41864637	     -0.12619967	     -2.99950045	     -0.00000000	      0.00000000	     -0.00000000	      0.00000000	      0.00000000	      0.00000000	     -0.00000000	     -0.06261444	     -0.05231110	     -6.57918398	     -0.28602700	     -0.04322313	     -0.00000000	     -0.08887942	     -0.02539896	     -0.00000000	     -1.29705913	      0.04599755	     -0.00000000	      0.00000000	     -0.00000000	      0.08118808	      0.57859995	      0.11728772	     -1.78440645	     -1.47374277	     -0.00000000	      0.00000000	     -0.00000000	     -0.00000000	     -0.00000000	      0.00000000	      0.00000000
      1.99500000	      0.00000000	      0.00000000	      0.00000000	      0.00000000	      0.00000000	      0.00000000	      0.00000000	      0.00000000	      0.00000000	      0.00000000	      0.00000000	      0.00000000	      0.00000000	      0.00000000	      0.00000000	      0.00000000	      0.00000000	      0.00000000	      0.00000000	      0.00000000	      0.00000000	      0.00000000	      0.00000000	      0.00000000	      0.00000000	      0.00000000	      0.00000000	      0.00000000	      0.00000000	      0.00000000	      0.00000000	      0.00000000	      0.00000000	      0.00000000	      0.00000000	      0.00000000	      0.00000000	      0.00000000	      0.00000000	      0.00000000	     -1.72800864	     -2.85364854	     -3.13690045	    -13.08358855	     -1.41947035	     -0.12656705	     -2.98201414	      0.00000000	      0.00000000	      0.00000000	      0.00000000	      0.00000000	      0.00000000	     -0.00000000	     -0.06202325	     -0.05125752	     -6.57284271	     -0.28553189	     -0.04239550	     -0.00000000	     -0.08868391	     -0.02473975	     -0.00000000	     -1.29466835	      0.04578035	     -0.00000000	     -0.00000000	     -0.00000000	      0.08079531	      0.57716884	      0.11724444	     -1.77603424	     -1.46882858	     -0.00000000	      0.00000000	     -0.00000000	      0.00000000	      0.00000000	     -0.00000000	     -0.00000000
      2.00000000	      0.00000000	      0.00000000	      0.00000000	      0.00000000	      0.00000000	      0.00000000	      0.00000000	      0.00000000	      0.00000000	      0.00000000	      0.00000000	      0.00000000	      0.00000000	      0.00000000	      0.00000000	      0.00000000	      0.00000000	      0.00000000	      0.00000000	      0.00000000	      0.00000000	      0.00000000	      0.00000000	      0.00000000	      0.00000000	      0.00000000	      0.00000000	      0.00000000	      0.00000000	      0.00000000	      0.00000000	      0.00000000	      0.00000000	      0.00000000	      0.00000000	      0.00000000	      0.00000000	      0.00000000	      0.00000000	      0.00000000	     -1.72950030	     -2.85621286	     -3.13827304	    -13.07968644	     -1.42029861	     -0.12692973	     -2.96526668	      0.00000000	      0.00000000	     -0.00000000	      0.00000000	      0.00000000	     -0.00000000	      0.00000000	     -0.06145503	     -0.05021384	     -6.56678928	     -0.28515221	     -0.04162653	     -0.00000000	     -0.08852951	     -0.02411806	     -0.00000000	     -1.29238615	      0.04556467	     -0.00000000	     -0.00000000	     -0.00000000	      0.08040100	      0.57577586	      0.11720836	     -1.76801000	     -1.46410337	     -0.00000000	      0.00000000	     -0.00000000	      0.00000000	     -0.00000000	      0.00000000	      0.00000000
      2.00500000	      0.00000000	      0.00000000	      0.00000000	      0.00000000	      0.00000000	      0.00000000	      0.00000000	      0.00000000	      0.00000000	      0.00000000	      0.00000000	      0.00000000	      0.00000000	      0.00000000	      0.00000000	      0.00000000	      0.00000000	      0.00000000	      0.00000000	      0.00000000	      0.00000000	      0.00000000	      0.00000000	      0.00000000	      0.00000000	      0.00000000	      0.00000000	      0.00000000	      0.00000000	      0.00000000	      0.00000000	      0.00000000	      0.00000000	      0.00000000	      0.00000000	      0.00000000	      0.00000000	      0.00000000	      0.00000000	      0.00000000	     -1.73097701	     -2.85872515	     -3.13966496	    -13.07601497	     -1.42118107	     -0.12728553	     -2.94922929	     -0.00000000	     -0.00000000	     -0.00000000	      0.00000000	     -0.00000000	     -0.00000000	     -0.00000000	     -0.06091377	     -0.04918339	     -6.56100936	     -0.28491907	     -0.04092320	     -0.00000000	     -0.08842537	     -0.02354126	     -0.00000000	     -1.29020053	      0.04535345	     -0.00000000	      0.00000000	     -0.00000000	      0.08000785	      0.57445295	      0.11718189	     -1.76029924	     -1.45955816	     -0.00000000	      0.00000000	     -0.00000000	      0.00000000	     -0.00000000	      0.00000000	      0.00000000
      2.01000000	      0.00000000	      0.00000000	      0.00000000	      0.00000000	      0.00000000	      0.00000000	      0.00000000	      0.00000000	      0.00000000	      0.00000000	      0.00000000	      0.00000000	      0.00000000	      0.00000000	      0.00000000	      0.00000000	      0.00000000	      0.00000000	      0.00000000	      0.00000000	      0.00000000	      0.00000000	      0.00000000	      0.00000000	      0.00000000	      0.00000000	      0.00000000	      0.00000000	      0.00000000	      0.00000000	      0.00000000	      0.00000000	      0.00000000	      0.00000000	      0.00000000	      0.00000000	      0.00000000	      0.00000000	      0.00000000	      0.00000000	     -1.73242184	     -2.86115087	     -3.14105460	    -13.07253164	     -1.42198403	     -0.12763232	     -2.93387171	     -0.00000000	      0.00000000	      0.00000000	     -0.00000000	     -0.00000000	      0.00000000	     -0.00000000	     -0.06040267	     -0.04816964	     -6.55548413	     -0.28486076	     -0.04029092	     -0.00000000	     -0.08838001	     -0.02301592	     -0.00000000	     -1.28809906	      0.04514944	     -0.00000000	     -0.00000000	     -0.00000000	      0.07961869	      0.57320779	      0.11716645	     -1.75287318	     -1.45518448	      0.00000000	      0.00000000	      0.00000000	     -0.00000000	      0.00000000	     -0.00000000	     -0.00000000
      2.01500000	      0.00000000	      0.00000000	      0.00000000	      0.00000000	      0.00000000	      0.00000000	      0.00000000	      0.00000000	      0.00000000	      0.00000000	      0.00000000	      0.00000000	      0.00000000	      0.00000000	      0.00000000	      0.00000000	      0.00000000	      0.00000000	      0.00000000	      0.00000000	      0.00000000	      0.00000000	      0.00000000	      0.00000000	      0.00000000	      0.00000000	      0.00000000	      0.00000000	      0.00000000	      0.00000000	      0.00000000	      0.00000000	      0.00000000	      0.00000000	      0.00000000	      0.00000000	      0.00000000	      0.00000000	      0.00000000	      0.00000000	     -1.73381809	     -2.86345720	     -3.14242018	    -13.06919157	     -1.42275721	     -0.12796812	     -2.91916324	     -0.00000000	      0.00000000	      0.00000000	     -0.00000000	     -0.00000000	      0.00000000	     -0.00000000	     -0.05992406	     -0.04717608	     -6.55019225	     -0.28500163	     -0.03973329	     -0.00000000	     -0.08840091	     -0.02254744	     -0.00000000	     -1.28606974	      0.04495508	     -0.00000000	     -0.00000000	     -0.00000000	      0.07923625	      0.57208392	      0.11716253	     -1.74570944	     -1.45097471	     -0.00000000	      0.00000000	      0.00000000	      0.00000000	      0.00000000	     -0.00000000	      0.00000000
      2.02000000	      0.00000000	      0.00000000	      0.00000000	      0.00000000	      0.00000000	      0.00000000	      0.00000000	      0.00000000	      0.00000000	      0.00000000	      0.00000000	      0.00000000	      0.00000000	      0.00000000	      0.00000000	      0.00000000	      0.00000000	      0.00000000	      0.00000000	      0.00000000	      0.00000000	      0.00000000	      0.00000000	      0.00000000	      0.00000000	      0.00000000	      0.00000000	      0.00000000	      0.00000000	      0.00000000	      0.00000000	      0.00000000	      0.00000000	      0.00000000	      0.00000000	      0.00000000	      0.00000000	      0.00000000	      0.00000000	      0.00000000	     -1.73515056	     -2.86561549	     -3.14385264	    -13.06595109	     -1.42357962	     -0.12829122	     -2.90507353	     -0.00000000	     -0.00000000	      0.00000000	      0.00000000	      0.00000000	      0.00000000	     -0.00000000	     -0.05947931	     -0.04620600	     -6.54511148	     -0.28536086	     -0.03925194	     -0.00000000	     -0.08849410	     -0.02213994	     -0.00000000	     -1.28410173	      0.04477240	     -0.00000000	      0.00000000	     -0.00000000	      0.07886313	      0.57107058	      0.11716976	     -1.73879185	     -1.44692223	     -0.00000000	      0.00000000	      0.00000000	      0.00000000	     -0.00000000	     -0.00000000	     -0.00000000
      2.02500000	      0.00000000	      0.00000000	      0.00000000	      0.00000000	      0.00000000	      0.00000000	      0.00000000	      0.00000000	      0.00000000	      0.00000000	      0.00000000	      0.00000000	      0.00000000	      0.00000000	      0.00000000	      0.00000000	      0.00000000	      0.00000000	      0.00000000	      0.00000000	      0.00000000	      0.00000000	      0.00000000	      0.00000000	      0.00000000	      0.00000000	      0.00000000	      0.00000000	      0.00000000	      0.00000000	      0.00000000	      0.00000000	      0.00000000	      0.00000000	      0.00000000	      0.00000000	      0.00000000	      0.00000000	      0.00000000	      0.00000000	     -1.73640647	     -2.86760333	     -3.14511119	    -13.06277066	     -1.42424325	     -0.12860025	     -2.89157305	      0.00000000	     -0.00000000	      0.00000000	      0.00000000	      0.00000000	     -0.00000000	      0.00000000	     -0.05906889	     -0.04526247	     -6.54022006	     -0.28595171	     -0.03884657	     -0.00000000	     -0.08866388	     -0.02179598	     -0.00000000	     -1.28218595	      0.04460296	     -0.00000000	      0.00000000	     -0.00000000	      0.07850166	      0.57016423	      0.11718706	     -1.73210992	     -1.44302143	     -0.00000000	      0.00000000	     -0.00000000	     -0.00000000	      0.00000000	     -0.00000000	      0.00000000
      2.03000000	      0.00000000	      0.00000000	      0.00000000	      0.00000000	      0.00000000	      0.00000000	      0.00000000	      0.00000000	      0.00000000	      0.00000000	      0.00000000	      0.00000000	      0.00000000	      0.00000000	      0.00000000	      0.00000000	      0.00000000	      0.00000000	      0.00000000	      0.00000000	      0.00000000	      0.00000000	      0.00000000	      0.00000000	      0.00000000	      0.00000000	      0.00000000	      0.00000000	      0.00000000	      0.00000000	      0.00000000	      0.00000000	      0.00000000	      0.00000000	      0.00000000	      0.00000000	      0.00000000	      0.00000000	      0.00000000	      0.00000000	     -1.73757623	     -2.86940591	     -3.14629245	    -13.05961718	     -1.42487675	     -0.12889421	     -2.87863331	      0.00000000	      0.00000000	      0.00000000	      0.00000000	      0.00000000	      0.00000000	     -0.00000000	     -0.05869240	     -0.04434816	     -6.53549772	     -0.28678102	     -0.03851503	     -0.00000000	     -0.08891264	     -0.02151658	     -0.00000000	     -1.28031541	      0.04444784	     -0.00000000	     -0.00000000	     -0.00000000	      0.07815382	      0.56935477	      0.11721277	     -1.72565807	     -1.43926767	     -0.00000000	      0.00000000	      0.00000000	      0.00000000	     -0.00000000	     -0.00000000	     -0.00000000
      2.03500000	      0.00000000	      0.00000000	      0.00000000	      0.00000000	      0.00000000	      0.00000000	      0.00000000	      0.00000000	      0.00000000	      0.00000000	      0.00000000	      0.00000000	      0.00000000	      0.00000000	      0.00000000	      0.00000000	      0.00000000	      0.00000000	      0.00000000	      0.00000000	      0.00000000	      0.00000000	      0.00000000	      0.00000000	      0.00000000	      0.00000000	      0.00000000	      0.00000000	      0.00000000	      0.00000000	      0.00000000	      0.00000000	      0.00000000	      0.00000000	      0.00000000	      0.00000000	      0.00000000	      0.00000000	      0.00000000	      0.00000000	     -1.73865397	     -2.87101692	     -3.14738570	    -13.05646562	     -1.42545409	     -0.12917251	     -2.86622719	      0.00000000	      0.00000000	     -0.00000000	     -0.00000000	     -0.00000000	     -0.00000000	      0.00000000	     -0.05834867	     -0.04346535	     -6.53092662	     -0.28784879	     -0.03825342	     -0.00000000	     -0.08924065	     -0.02130118	     -0.00000000	     -1.27848549	      0.04430755	      0.00000000	     -0.00000000	     -0.00000000	      0.07782119	      0.56862683	      0.11724479	     -1.71943493	     -1.43565722	     -0.00000000	      0.00000000	      0.00000000	     -0.00000000	      0.00000000	      0.00000000	      0.00000000
      2.04000000	      0.00000000	      0.00000000	      0.00000000	      0.00000000	      0.00000000	      0.00000000	      0.00000000	      0.00000000	      0.00000000	      0.00000000	      0.00000000	      0.00000000	      0.00000000	      0.00000000	      0.00000000	      0.00000000	      0.00000000	      0.00000000	      0.00000000	      0.00000000	      0.00000000	      0.00000000	      0.00000000	      0.00000000	      0.00000000	      0.00000000	      0.00000000	      0.00000000	      0.00000000	      0.00000000	      0.00000000	      0.00000000	      0.00000000	      0.00000000	      0.00000000	      0.00000000	      0.00000000	      0.00000000	      0.00000000	      0.00000000	     -1.73963776	     -2.87243884	     -3.14838465	    -13.05330032	     -1.42607038	     -0.12943496	     -2.85432927	     -0.00000000	      0.00000000	     -0.00000000	      0.00000000	      0.00000000	      0.00000000	      0.00000000	     -0.05803582	     -0.04261583	     -6.52649217	     -0.28914797	     -0.03805633	     -0.00000000	     -0.08964598	     -0.02114761	     -0.00000000	     -1.27669395	      0.04418204	     -0.00000000	     -0.00000000	     -0.00000000	      0.07750486	      0.56796068	      0.11728066	     -1.71344283	     -1.43218721	      0.00000000	      0.00000000	      0.00000000	      0.00000000	      0.00000000	      0.00000000	     -0.00000000
      2.04500000	      0.00000000	      0.00000000	      0.00000000	      0.00000000	      0.00000000	      0.00000000	      0.00000000	      0.00000000	      0.00000000	      0.00000000	      0.00000000	      0.00000000	      0.00000000	      0.00000000	      0.00000000	      0.00000000	      0.00000000	      0.00000000	      0.00000000	      0.00000000	      0.00000000	      0.00000000	      0.00000000	      0.00000000	      0.00000000	      0.00000000	      0.00000000	      0.00000000	      0.00000000	      0.00000000	      0.00000000	      0.00000000	      0.00000000	      0.00000000	      0.00000000	      0.00000000	      0.00000000	      0.00000000	      0.00000000	      0.00000000	     -1.74052963	     -2.87368260	     -3.14928766	    -13.05011570	     -1.42653680	     -0.12968178	     -2.84291617	     -0.00000000	      0.00000000	     -0.00000000	      0.00000000	     -0.00000000	     -0.00000000	      0.00000000	     -0.05775143	     -0.04180091	     -6.52218380	     -0.29066416	     -0.03791699	     -0.00000000	     -0.09012438	     -0.02105211	     -0.00000000	     -1.27494095	      0.04407067	      0.00000000	      0.00000000	     -0.00000000	      0.07720535	      0.56733347	      0.11731772	     -1.70768720	     -1.42885555	      0.00000000	      0.00000000	     -0.00000000	     -0.00000000	      0.00000000	     -0.00000000	      0.00000000
      2.05000000	      0.00000000	      0.00000000	      0.00000000	      0.00000000	      0.00000000	      0.00000000	      0.00000000	      0.00000000	      0.00000000	      0.00000000	      0.00000000	      0.00000000	      0.00000000	      0.00000000	      0.00000000	      0.00000000	      0.00000000	      0.00000000	      0.00000000	      0.00000000	      0.00000000	      0.00000000	      0.00000000	      0.00000000	      0.00000000	      0.00000000	      0.00000000	      0.00000000	      0.00000000	      0.00000000	      0.00000000	      0.00000000	      0.00000000	      0.00000000	      0.00000000	      0.00000000	      0.00000000	      0.00000000	      0.00000000	      0.00000000	     -1.74133528	     -2.87476660	     -3.15009756	    -13.04691632	     -1.42695300	     -0.12991354	     -2.83196684	     -0.00000000	     -0.00000000	      0.00000000	      0.00000000	     -0.00000000	      0.00000000	      0.00000000	     -0.05749271	     -0.04102140	     -6.51799546	     -0.29237553	     -0.03782759	     -0.00000000	     -0.09066919	     -0.02100945	     -0.00000000	     -1.27322869	      0.04397224	     -0.00000000	      0.00000000	     -0.00000000	      0.07692260	      0.56672112	      0.11735327	     -1.70217530	     -1.42566072	     -0.00000000	      0.00000000	     -0.00000000	      0.00000000	      0.00000000	     -0.00000000	      0.00000000
      2.05500000	      0.00000000	      0.00000000	      0.00000000	      0.00000000	      0.00000000	      0.00000000	      0.00000000	      0.00000000	      0.00000000	      0.00000000	      0.00000000	      0.00000000	      0.00000000	      0.00000000	      0.00000000	      0.00000000	      0.00000000	      0.00000000	      0.00000000	      0.00000000	      0.00000000	      0.00000000	      0.00000000	      0.00000000	      0.00000000	      0.00000000	      0.00000000	      0.00000000	      0.00000000	      0.00000000	      0.00000000	      0.00000000	      0.00000000	      0.00000000	      0.00000000	      0.00000000	      0.00000000	      0.00000000	      0.00000000	      0.00000000	     -1.74206361	     -2.87571533	     -3.15082132	    -13.04371627	     -1.42730037	     -0.13013108	     -2.82146243	     -0.00000000	      0.00000000	     -0.00000000	     -0.00000000	     -0.00000000	     -0.00000000	      0.00000000	     -0.05725655	     -0.04027754	     -6.51392581	     -0.29425344	     -0.03777951	     -0.00000000	     -0.09127149	     -0.02101300	     -0.00000000	     -1.27156108	      0.04388512	      0.00000000	     -0.00000000	     -0.00000000	      0.07665604	      0.56610032	      0.11738480	     -1.69691482	     -1.42260151	     -0.00000000	      0.00000000	      0.00000000	     -0.00000000	      0.00000000	      0.00000000	      0.00000000
      2.06000000	      0.00000000	      0.00000000	      0.00000000	      0.00000000	      0.00000000	      0.00000000	      0.00000000	      0.00000000	      0.00000000	      0.00000000	      0.00000000	      0.00000000	      0.00000000	      0.00000000	      0.00000000	      0.00000000	      0.00000000	      0.00000000	      0.00000000	      0.00000000	      0.00000000	      0.00000000	      0.00000000	      0.00000000	      0.00000000	      0.00000000	      0.00000000	      0.00000000	      0.00000000	      0.00000000	      0.00000000	      0.00000000	      0.00000000	      0.00000000	      0.00000000	      0.00000000	      0.00000000	      0.00000000	      0.00000000	      0.00000000	     -1.74272624	     -2.87655826	     -3.15146965	    -13.04053815	     -1.42773943	     -0.13033560	     -2.81138608	      0.00000000	     -0.00000000	     -0.00000000	      0.00000000	      0.00000000	      0.00000000	      0.00000000	     -0.05703960	     -0.03956892	     -6.50997791	     -0.29626396	     -0.03776362	     -0.00000000	     -0.09192059	     -0.02105512	     -0.00000000	     -1.26994342	      0.04380735	     -0.00000000	      0.00000000	     -0.00000000	      0.07640475	      0.56544991	      0.11741001	     -1.69191289	     -1.41967689	      0.00000000	      0.00000000	      0.00000000	      0.00000000	     -0.00000000	     -0.00000000	     -0.00000000
      2.06500000	      0.00000000	      0.00000000	      0.00000000	      0.00000000	      0.00000000	      0.00000000	      0.00000000	      0.00000000	      0.00000000	      0.00000000	      0.00000000	      0.00000000	      0.00000000	      0.00000000	      0.00000000	      0.00000000	      0.00000000	      0.00000000	      0.00000000	      0.00000000	      0.00000000	      0.00000000	      0.00000000	      0.00000000	      0.00000000	      0.00000000	      0.00000000	      0.00000000	      0.00000000	      0.00000000	      0.00000000	      0.00000000	      0.00000000	      0.00000000	      0.00000000	      0.00000000	      0.00000000	      0.00000000	      0.00000000	      0.00000000	     -1.74333718	     -2.87732901	     -3.15205650	    -13.03741157	     -1.42808188	     -0.13052858	     -2.80172232	     -0.00000000	     -0.00000000	      0.00000000	     -0.00000000	     -0.00000000	     -0.00000000	      0.00000000	     -0.05683818	     -0.03889439	     -6.50615838	     -0.29836919	     -0.03777040	     -0.00000000	     -0.09260443	     -0.02112731	     -0.00000000	     -1.26838215	      0.04373689	      0.00000000	     -0.00000000	     -0.00000000	      0.07616755	      0.56475208	      0.11742698	     -1.68717502	     -1.41688573	     -0.00000000	      0.00000000	     -0.00000000	     -0.00000000	      0.00000000	      0.00000000	     -0.00000000
      2.07000000	      0.00000000	      0.00000000	      0.00000000	      0.00000000	      0.00000000	      0.00000000	      0.00000000	      0.00000000	      0.00000000	      0.00000000	      0.00000000	      0.00000000	      0.00000000	      0.00000000	      0.00000000	      0.00000000	      0.00000000	      0.00000000	      0.00000000	      0.00000000	      0.00000000	      0.00000000	      0.00000000	      0.00000000	      0.00000000	      0.00000000	      0.00000000	      0.00000000	      0.00000000	      0.00000000	      0.00000000	      0.00000000	      0.00000000	      0.00000000	      0.00000000	      0.00000000	      0.00000000	      0.00000000	      0.00000000	      0.00000000	     -1.74391224	     -2.87806412	     -3.15271456	    -13.03437097	     -1.42843254	     -0.13071175	     -2.79245602	     -0.00000000	     -0.00000000	      0.00000000	     -0.00000000	      0.00000000	      0.00000000	     -0.00000000	     -0.05664840	     -0.03825210	     -6.50247600	     -0.30052747	     -0.03779008	     -0.00000000	     -0.09330957	     -0.02122029	     -0.00000000	     -1.26688443	      0.04367162	     -0.00000000	     -0.00000000	     -0.00000000	      0.07594316	      0.56399406	      0.11743427	     -1.68270334	     -1.41422638	     -0.00000000	      0.00000000	      0.00000000	     -0.00000000	      0.00000000	     -0.00000000	     -0.00000000
      2.07500000	      0.00000000	      0.00000000	      0.00000000	      0.00000000	      0.00000000	      0.00000000	      0.00000000	      0.00000000	      0.00000000	      0.00000000	      0.00000000	      0.00000000	      0.00000000	      0.00000000	      0.00000000	      0.00000000	      0.00000000	      0.00000000	      0.00000000	      0.00000000	      0.00000000	      0.00000000	      0.00000000	      0.00000000	      0.00000000	      0.00000000	      0.00000000	      0.00000000	      0.00000000	      0.00000000	      0.00000000	      0.00000000	      0.00000000	      0.00000000	      0.00000000	      0.00000000	      0.00000000	      0.00000000	      0.00000000	      0.00000000	     -1.74446807	     -2.87880104	     -3.15320498	    -13.03145245	     -1.42872156	     -0.13088694	     -2.78357124	     -0.00000000	     -0.00000000	     -0.00000000	     -0.00000000	      0.00000000	      0.00000000	      0.00000000	     -0.05646630	     -0.03763963	     -6.49893994	     -0.30269285	     -0.03781267	     -0.00000000	     -0.09402103	     -0.02132395	     -0.00000000	     -1.26545736	      0.04360953	      0.00000000	      0.00000000	     -0.00000000	      0.07573022	      0.56317033	      0.11743116	     -1.67849444	     -1.41169605	     -0.00000000	      0.00000000	     -0.00000000	     -0.00000000	     -0.00000000	      0.00000000	     -0.00000000
      2.08000000	      0.00000000	      0.00000000	      0.00000000	      0.00000000	      0.00000000	      0.00000000	      0.00000000	      0.00000000	      0.00000000	      0.00000000	      0.00000000	      0.00000000	      0.00000000	      0.00000000	      0.00000000	      0.00000000	      0.00000000	      0.00000000	      0.00000000	      0.00000000	      0.00000000	      0.00000000	      0.00000000	      0.00000000	      0.00000000	      0.00000000	      0.00000000	      0.00000000	      0.00000000	      0.00000000	      0.00000000	      0.00000000	      0.00000000	      0.00000000	      0.00000000	      0.00000000	      0.00000000	      0.00000000	      0.00000000	      0.00000000	     -1.74502081	     -2.87957513	     -3.15377217	    -13.02868985	     -1.42900040	     -0.13105587	     -2.77505020	      0.00000000	     -0.00000000	      0.00000000	      0.00000000	     -0.00000000	     -0.00000000	     -0.00000000	     -0.05628801	     -0.03705419	     -6.49555775	     -0.30481483	     -0.03782812	     -0.00000000	     -0.09472209	     -0.02142738	     -0.00000000	     -1.26410706	      0.04354876	      0.00000000	      0.00000000	     -0.00000000	      0.07552740	      0.56228467	      0.11741785	     -1.67453722	     -1.40929018	      0.00000000	      0.00000000	      0.00000000	      0.00000000	     -0.00000000	     -0.00000000	      0.00000000
      2.08500000	      0.00000000	      0.00000000	      0.00000000	      0.00000000	      0.00000000	      0.00000000	      0.00000000	      0.00000000	      0.00000000	      0.00000000	      0.00000000	      0.00000000	      0.00000000	      0.00000000	      0.00000000	      0.00000000	      0.00000000	      0.00000000	      0.00000000	      0.00000000	      0.00000000	      0.00000000	      0.00000000	      0.00000000	      0.00000000	      0.00000000	      0.00000000	      0.00000000	      0.00000000	      0.00000000	      0.00000000	      0.00000000	      0.00000000	      0.00000000	      0.00000000	      0.00000000	      0.00000000	      0.00000000	      0.00000000	      0.00000000	     -1.74558455	     -2.88041616	     -3.15427720	    -13.02611034	     -1.42930640	     -0.13122002	     -2.76687241	      0.00000000	     -0.00000000	     -0.00000000	      0.00000000	     -0.00000000	     -0.00000000	     -0.00000000	     -0.05610995	     -0.03649276	     -6.49233347	     -0.30683848	     -0.03782650	     -0.00000000	     -0.09539435	     -0.02151896	     -0.00000000	     -1.26283755	      0.04348771	      0.00000000	     -0.00000000	     -0.00000000	      0.07533341	      0.56135186	      0.11739559	     -1.67081116	     -1.40700195	     -0.00000000	      0.00000000	     -0.00000000	      0.00000000	     -0.00000000	      0.00000000	     -0.00000000
      2.09000000	      0.00000000	      0.00000000	      0.00000000	      0.00000000	      0.00000000	      0.00000000	      0.00000000	      0.00000000	      0.00000000	      0.00000000	      0.00000000	      0.00000000	      0.00000000	      0.00000000	      0.00000000	      0.00000000	      0.00000000	      0.00000000	      0.00000000	      0.00000000	      0.00000000	      0.00000000	      0.00000000	      0.00000000	      0.00000000	      0.00000000	      0.00000000	      0.00000000	      0.00000000	      0.00000000	      0.00000000	      0.00000000	      0.00000000	      0.00000000	      0.00000000	      0.00000000	      0.00000000	      0.00000000	      0.00000000	      0.00000000	     -1.74616963	     -2.88134449	     -3.15476905	    -13.02372992	     -1.42971173	     -0.13138042	     -2.75901417	     -0.00000000	     -0.00000000	     -0.00000000	     -0.00000000	      0.00000000	      0.00000000	     -0.00000000	     -0.05592897	     -0.03595233	     -6.48926580	     -0.30870530	     -0.03779820	     -0.00000000	     -0.09601795	     -0.02158659	     -0.00000000	     -1.26164972	      0.04342520	      0.00000000	     -0.00000000	     -0.00000000	      0.07514718	      0.56039829	      0.11736674	     -1.66728535	     -1.40482183	     -0.00000000	      0.00000000	     -0.00000000	     -0.00000000	      0.00000000	      0.00000000	      0.00000000
      2.09500000	      0.00000000	      0.00000000	      0.00000000	      0.00000000	      0.00000000	      0.00000000	      0.00000000	      0.00000000	      0.00000000	      0.00000000	      0.00000000	      0.00000000	      0.00000000	      0.00000000	      0.00000000	      0.00000000	      0.00000000	      0.00000000	      0.00000000	      0.00000000	      0.00000000	      0.00000000	      0.00000000	      0.00000000	      0.00000000	      0.00000000	      0.00000000	      0.00000000	      0.00000000	      0.00000000	      0.00000000	      0.00000000	      0.00000000	      0.00000000	      0.00000000	      0.00000000	      0.00000000	      0.00000000	      0.00000000	      0.00000000	     -1.74678118	     -2.88236787	     -3.15535908	    -13.02154965	     -1.43005252	     -0.13153764	     -2.75144855	     -0.00000000	      0.00000000	      0.00000000	     -0.00000000	     -0.00000000	      0.00000000	      0.00000000	     -0.05574235	     -0.03542996	     -6.48634677	     -0.31035552	     -0.03773420	     -0.00000000	     -0.09657236	     -0.02161810	     -0.00000000	     -1.26054041	      0.04336057	      0.00000000	      0.00000000	     -0.00000000	      0.07496795	      0.55946082	      0.11733463	     -1.66391912	     -1.40273762	     -0.00000000	      0.00000000	      0.00000000	     -0.00000000	      0.00000000	      0.00000000	     -0.00000000
      2.10000000	      0.00000000	      0.00000000	      0.00000000	      0.00000000	      0.00000000	      0.00000000	      0.00000000	      0.00000000	      0.00000000	      0.00000000	      0.00000000	      0.00000000	      0.00000000	      0.00000000	      0.00000000	      0.00000000	      0.00000000	      0.00000000	      0.00000000	      0.00000000	      0.00000000	      0.00000000	      0.00000000	      0.00000000	      0.00000000	      0.00000000	      0.00000000	      0.00000000	      0.00000000	      0.00000000	      0.00000000	      0.00000000	      0.00000000	      0.00000000	      0.00000000	      0.00000000	      0.00000000	      0.00000000	      0.00000000	      0.00000000	     -1.74741837	     -2.88347989	     -3.15585735	    -13.01955359	     -1.43040763	     -0.13169182	     -2.74414610	      0.00000000	     -0.00000000	      0.00000000	      0.00000000	      0.00000000	      0.00000000	      0.00000000	     -0.05554770	     -0.03492282	     -6.48356123	     -0.31173202	     -0.03762633	     -0.00000000	     -0.09703779	     -0.02160191	     -0.00000000	     -1.25950229	      0.04329372	      0.00000000	      0.00000000	     -0.00000000	      0.07479533	      0.55858265	      0.11730317	     -1.66066504	     -1.40073497	     -0.00000000	      0.00000000	      0.00000000	     -0.00000000	      0.00000000	      0.00000000	      0.00000000
      2.10500000	      0.00000000	      0.00000000	      0.00000000	      0.00000000	      0.00000000	      0.00000000	      0.00000000	      0.00000000	      0.00000000	      0.00000000	      0.00000000	      0.00000000	      0.00000000	      0.00000000	      0.00000000	      0.00000000	      0.00000000	      0.00000000	      0.00000000	      0.00000000	      0.00000000	      0.00000000	      0.00000000	      0.00000000	      0.00000000	      0.00000000	      0.00000000	      0.00000000	      0.00000000	      0.00000000	      0.00000000	      0.00000000	      0.00000000	      0.00000000	      0.00000000	      0.00000000	      0.00000000	      0.00000000	      0.00000000	      0.00000000	     -1.74807462	     -2.88466053	     -3.15645751	    -13.01770922	     -1.43077022	     -0.13184284	     -2.73707618	     -0.00000000	     -0.00000000	      0.00000000	     -0.00000000	      0.00000000	     -0.00000000	     -0.00000000	     -0.05534278	     -0.03442820	     -6.48088733	     -0.31278445	     -0.03746758	     -0.00000000	     -0.09739663	     -0.02152766	     -0.00000000	     -1.25852419	      0.04322513	     -0.00000000	      0.00000000	     -0.00000000	      0.07462936	      0.55780731	      0.11727624	     -1.65747362	     -1.39879833	      0.00000000	      0.00000000	     -0.00000000	     -0.00000000	      0.00000000	      0.00000000	      0.00000000
      2.11000000	      0.00000000	      0.00000000	      0.00000000	      0.00000000	      0.00000000	      0.00000000	      0.00000000	      0.00000000	      0.00000000	      0.00000000	      0.00000000	      0.00000000	      0.00000000	      0.00000000	      0.00000000	      0.00000000	      0.00000000	      0.00000000	      0.00000000	      0.00000000	      0.00000000	      0.00000000	      0.00000000	      0.00000000	      0.00000000	      0.00000000	      0.00000000	      0.00000000	      0.00000000	      0.00000000	      0.00000000	      0.00000000	      0.00000000	      0.00000000	      0.00000000	      0.00000000	      0.00000000	      0.00000000	      0.00000000	      0.00000000	     -1.74873840	     -2.88587831	     -3.15704033	    -13.01596986	     -1.43113086	     -0.13199044	     -2.73020834	     -0.00000000	     -0.00000000	     -0.00000000	      0.00000000	      0.00000000	     -0.00000000	      0.00000000	     -0.05512540	     -0.03394343	     -6.47829776	     -0.31347174	     -0.03725214	     -0.00000000	     -0.09763443	     -0.02138663	     -0.00000000	     -1.25759199	      0.04315564	     -0.00000000	      0.00000000	     -0.00000000	      0.07447036	      0.55717345	      0.11725726	     -1.65429755	     -1.39691191	      0.00000000	      0.00000000	      0.00000000	     -0.00000000	      0.00000000	     -0.00000000	      0.00000000
      2.11500000	      0.00000000	      0.00000000	      0.00000000	      0.00000000	      0.00000000	      0.00000000	      0.00000000	      0.00000000	      0.00000000	      0.00000000	      0.00000000	      0.00000000	      0.00000000	      0.00000000	      0.00000000	      0.00000000	      0.00000000	      0.00000000	      0.00000000	      0.00000000	      0.00000000	      0.00000000	      0.00000000	      0.00000000	      0.00000000	      0.00000000	      0.00000000	      0.00000000	      0.00000000	      0.00000000	      0.00000000	      0.00000000	      0.00000000	      0.00000000	      0.00000000	      0.00000000	      0.00000000	      0.00000000	      0.00000000	      0.00000000	     -1.74939441	     -2.88709296	     -3.15750866	    -13.01427805	     -1.43147831	     -0.13213432	     -2.72351326	      0.00000000	     -0.00000000	     -0.00000000	      0.00000000	      0.00000000	      0.00000000	      0.00000000	     -0.05489342	     -0.03346589	     -6.47576132	     -0.31376291	     -0.03697550	     -0.00000000	     -0.09774019	     -0.02117187	     -0.00000000	     -1.25668946	      0.04308637	      0.00000000	     -0.00000000	     -0.00000000	      0.07431886	      0.55671212	      0.11724897	     -1.65109416	     -1.39506034	      0.00000000	      0.00000000	     -0.00000000	     -0.00000000	      0.00000000	      0.00000000	      0.00000000
      2.12000000	      0.00000000	      0.00000000	      0.00000000	      0.00000000	      0.00000000	      0.00000000	      0.00000000	      0.00000000	      0.00000000	      0.00000000	      0.00000000	      0.00000000	      0.00000000	      0.00000000	      0.00000000	      0.00000000	      0.00000000	      0.00000000	      0.00000000	      0.00000000	      0.00000000	      0.00000000	      0.00000000	      0.00000000	      0.00000000	      0.00000000	      0.00000000	      0.00000000	      0.00000000	      0.00000000	      0.00000000	      0.00000000	      0.00000000	      0.00000000	      0.00000000	      0.00000000	      0.00000000	      0.00000000	      0.00000000	      0.00000000	     -1.75002472	     -2.88825818	     -3.15804680	    -13.01256910	     -1.43180033	     -0.13227419	     -2.71696346	     -0.00000000	      0.00000000	      0.00000000	     -0.00000000	      0.00000000	     -0.00000000	     -0.00000000	     -0.05464479	     -0.03299307	     -6.47324457	     -0.31363734	     -0.03663446	     -0.00000000	     -0.09770647	     -0.02087826	     -0.00000000	     -1.25579910	      0.04301856	     -0.00000000	     -0.00000000	     -0.00000000	      0.07417544	      0.55644577	      0.11725335	     -1.64782672	     -1.39322907	     -0.00000000	      0.00000000	      0.00000000	     -0.00000000	      0.00000000	     -0.00000000	     -0.00000000
      2.12500000	      0.00000000	      0.00000000	      0.00000000	      0.00000000	      0.00000000	      0.00000000	      0.00000000	      0.00000000	      0.00000000	      0.00000000	      0.00000000	      0.00000000	      0.00000000	      0.00000000	      0.00000000	      0.00000000	      0.00000000	      0.00000000	      0.00000000	      0.00000000	      0.00000000	      0.00000000	      0.00000000	      0.00000000	      0.00000000	      0.00000000	      0.00000000	      0.00000000	      0.00000000	      0.00000000	      0.00000000	      0.00000000	      0.00000000	      0.00000000	      0.00000000	      0.00000000	      0.00000000	      0.00000000	      0.00000000	      0.00000000	     -1.75060993	     -2.88932434	     -3.15855653	    -13.01077473	     -1.43215602	     -0.13240982	     -2.71053389	      0.00000000	      0.00000000	      0.00000000	      0.00000000	      0.00000000	      0.00000000	     -0.00000000	     -0.05437761	     -0.03252254	     -6.47071337	     -0.31308493	     -0.03622726	     -0.00000000	     -0.09752947	     -0.02050260	     -0.00000000	     -1.25490300	      0.04295348	     -0.00000000	     -0.00000000	     -0.00000000	      0.07404067	      0.55638805	      0.11727164	     -1.64446511	     -1.39140480	      0.00000000	      0.00000000	      0.00000000	     -0.00000000	     -0.00000000	      0.00000000	      0.00000000
      2.13000000	      0.00000000	      0.00000000	      0.00000000	      0.00000000	      0.00000000	      0.00000000	      0.00000000	      0.00000000	      0.00000000	      0.00000000	      0.00000000	      0.00000000	      0.00000000	      0.00000000	      0.00000000	      0.00000000	      0.00000000	      0.00000000	      0.00000000	      0.00000000	      0.00000000	      0.00000000	      0.00000000	      0.00000000	      0.00000000	      0.00000000	      0.00000000	      0.00000000	      0.00000000	      0.00000000	      0.00000000	      0.00000000	      0.00000000	      0.00000000	      0.00000000	      0.00000000	      0.00000000	      0.00000000	      0.00000000	      0.00000000	     -1.75113025	     -2.89024099	     -3.15892389	    -13.00882632	     -1.43238975	     -0.13254104	     -2.70420213	     -0.00000000	      0.00000000	     -0.00000000	      0.00000000	     -0.00000000	      0.00000000	     -0.00000000	     -0.05409028	     -0.03205197	     -6.46813438	     -0.31210614	     -0.03575363	     -0.00000000	     -0.09720904	     -0.02004368	     -0.00000000	     -1.25398350	      0.04289239	     -0.00000000	     -0.00000000	     -0.00000000	      0.07391503	      0.55654436	      0.11730436	     -1.64098596	     -1.38957564	     -0.00000000	      0.00000000	     -0.00000000	     -0.00000000	      0.00000000	     -0.00000000	     -0.00000000
      2.13500000	      0.00000000	      0.00000000	      0.00000000	      0.00000000	      0.00000000	      0.00000000	      0.00000000	      0.00000000	      0.00000000	      0.00000000	      0.00000000	      0.00000000	      0.00000000	      0.00000000	      0.00000000	      0.00000000	      0.00000000	      0.00000000	      0.00000000	      0.00000000	      0.00000000	      0.00000000	      0.00000000	      0.00000000	      0.00000000	      0.00000000	      0.00000000	      0.00000000	      0.00000000	      0.00000000	      0.00000000	      0.00000000	      0.00000000	      0.00000000	      0.00000000	      0.00000000	      0.00000000	      0.00000000	      0.00000000	      0.00000000	     -1.75156640	     -2.89095901	     -3.15919915	    -13.00665771	     -1.43256165	     -0.13266776	     -2.69794855	      0.00000000	      0.00000000	     -0.00000000	     -0.00000000	     -0.00000000	     -0.00000000	     -0.00000000	     -0.05378156	     -0.03157917	     -6.46547626	     -0.31071193	     -0.03521488	     -0.00000000	     -0.09674860	     -0.01950235	     -0.00000000	     -1.25302380	      0.04283648	     -0.00000000	      0.00000000	     -0.00000000	      0.07379888	      0.55691291	      0.11735141	     -1.63737234	     -1.38773130	      0.00000000	      0.00000000	     -0.00000000	      0.00000000	     -0.00000000	     -0.00000000	      0.00000000
      2.14000000	      0.00000000	      0.00000000	      0.00000000	      0.00000000	      0.00000000	      0.00000000	      0.00000000	      0.00000000	      0.00000000	      0.00000000	      0.00000000	      0.00000000	      0.00000000	      0.00000000	      0.00000000	      0.00000000	      0.00000000	      0.00000000	      0.00000000	      0.00000000	      0.00000000	      0.00000000	      0.00000000	      0.00000000	      0.00000000	      0.00000000	      0.00000000	      0.00000000	      0.00000000	      0.00000000	      0.00000000	      0.00000000	      0.00000000	      0.00000000	      0.00000000	      0.00000000	      0.00000000	      0.00000000	      0.00000000	      0.00000000	     -1.75190031	     -2.89143232	     -3.15936652	    -13.00420750	     -1.43266134	     -0.13278994	     -2.69175611	      0.00000000	      0.00000000	      0.00000000	      0.00000000	     -0.00000000	     -0.00000000	     -0.00000000	     -0.05345067	     -0.03110215	     -6.46271060	     -0.30892348	     -0.03461402	     -0.00000000	     -0.09615509	     -0.01888150	     -0.00000000	     -1.25200843	      0.04278682	     -0.00000000	     -0.00000000	     -0.00000000	      0.07369246	      0.55748608	      0.11741220	     -1.63361309	     -1.38586303	     -0.00000000	      0.00000000	     -0.00000000	     -0.00000000	      0.00000000	      0.00000000	     -0.00000000
      2.14500000	      0.00000000	      0.00000000	      0.00000000	      0.00000000	      0.00000000	      0.00000000	      0.00000000	      0.00000000	      0.00000000	      0.00000000	      0.00000000	      0.00000000	      0.00000000	      0.00000000	      0.00000000	      0.00000000	      0.00000000	      0.00000000	      0.00000000	      0.00000000	      0.00000000	      0.00000000	      0.00000000	      0.00000000	      0.00000000	      0.00000000	      0.00000000	      0.00000000	      0.00000000	      0.00000000	      0.00000000	      0.00000000	      0.00000000	      0.00000000	      0.00000000	      0.00000000	      0.00000000	      0.00000000	      0.00000000	      0.00000000	     -1.75211568	     -2.89161927	     -3.15941220	    -13.00142065	     -1.43267982	     -0.13290762	     -2.68561015	     -0.00000000	      0.00000000	     -0.00000000	      0.00000000	     -0.00000000	      0.00000000	      0.00000000	     -0.05309746	     -0.03061914	     -6.45981259	     -0.30677173	     -0.03395569	     -0.00000000	     -0.09543872	     -0.01818609	     -0.00000000	     -1.25092352	      0.04274440	      0.00000000	     -0.00000000	     -0.00000000	      0.07359582	      0.55825187	      0.11748572	     -1.62970212	     -1.38396369	      0.00000000	      0.00000000	     -0.00000000	     -0.00000000	      0.00000000	      0.00000000	      0.00000000
      2.15000000	      0.00000000	      0.00000000	      0.00000000	      0.00000000	      0.00000000	      0.00000000	      0.00000000	      0.00000000	      0.00000000	      0.00000000	      0.00000000	      0.00000000	      0.00000000	      0.00000000	      0.00000000	      0.00000000	      0.00000000	      0.00000000	      0.00000000	      0.00000000	      0.00000000	      0.00000000	      0.00000000	      0.00000000	      0.00000000	      0.00000000	      0.00000000	      0.00000000	      0.00000000	      0.00000000	      0.00000000	      0.00000000	      0.00000000	      0.00000000	      0.00000000	      0.00000000	      0.00000000	      0.00000000	      0.00000000	      0.00000000	     -1.75219830	     -2.89148349	     -3.15932457	    -12.99824956	     -1.43260953	     -0.13302081	     -2.67949796	      0.00000000	     -0.00000000	      0.00000000	     -0.00000000	     -0.00000000	      0.00000000	      0.00000000	     -0.05272236	     -0.03012868	     -6.45676138	     -0.30429618	     -0.03324613	     -0.00000000	     -0.09461260	     -0.01742289	     -0.00000000	     -1.24975701	      0.04271012	      0.00000000	     -0.00000000	     -0.00000000	      0.07350888	      0.55919536	      0.11757071	     -1.62563732	     -1.38202754	      0.00000000	      0.00000000	      0.00000000	     -0.00000000	     -0.00000000	     -0.00000000	      0.00000000
      2.15500000	      0.00000000	      0.00000000	      0.00000000	      0.00000000	      0.00000000	      0.00000000	      0.00000000	      0.00000000	      0.00000000	      0.00000000	      0.00000000	      0.00000000	      0.00000000	      0.00000000	      0.00000000	      0.00000000	      0.00000000	      0.00000000	      0.00000000	      0.00000000	      0.00000000	      0.00000000	      0.00000000	      0.00000000	      0.00000000	      0.00000000	      0.00000000	      0.00000000	      0.00000000	      0.00000000	      0.00000000	      0.00000000	      0.00000000	      0.00000000	      0.00000000	      0.00000000	      0.00000000	      0.00000000	      0.00000000	      0.00000000	     -1.75213625	     -2.89099441	     -3.15909425	    -12.99465459	     -1.43244441	     -0.13312953	     -2.67340853	     -0.00000000	      0.00000000	     -0.00000000	      0.00000000	      0.00000000	      0.00000000	      0.00000000	     -0.05232644	     -0.02962966	     -6.45354024	     -0.30154332	     -0.03249286	     -0.00000000	     -0.09369221	     -0.01660026	     -0.00000000	     -1.24849876	      0.04268475	     -0.00000000	     -0.00000000	     -0.00000000	      0.07343148	      0.56029976	      0.11766571	     -1.62142001	     -1.38005021	     -0.00000000	      0.00000000	      0.00000000	     -0.00000000	      0.00000000	      0.00000000	     -0.00000000
      2.16000000	      0.00000000	      0.00000000	      0.00000000	      0.00000000	      0.00000000	      0.00000000	      0.00000000	      0.00000000	      0.00000000	      0.00000000	      0.00000000	      0.00000000	      0.00000000	      0.00000000	      0.00000000	      0.00000000	      0.00000000	      0.00000000	      0.00000000	      0.00000000	      0.00000000	      0.00000000	      0.00000000	      0.00000000	      0.00000000	      0.00000000	      0.00000000	      0.00000000	      0.00000000	      0.00000000	      0.00000000	      0.00000000	      0.00000000	      0.00000000	      0.00000000	      0.00000000	      0.00000000	      0.00000000	      0.00000000	      0.00000000	     -1.75192003	     -2.89012770	     -3.15871418	    -12.99060457	     -1.43218000	     -0.13323380	     -2.66733263	      0.00000000	     -0.00000000	     -0.00000000	      0.00000000	     -0.00000000	     -0.00000000	     -0.00000000	     -0.05191128	     -0.02912132	     -6.45013685	     -0.29856482	     -0.03170440	     -0.00000000	     -0.09269477	     -0.01572775	     -0.00000000	     -1.24714064	      0.04266897	     -0.00000000	     -0.00000000	     -0.00000000	      0.07336333	      0.56154616	      0.11776914	     -1.61705503	     -1.37802877	      0.00000000	      0.00000000	      0.00000000	      0.00000000	      0.00000000	     -0.00000000	      0.00000000
      2.16500000	      0.00000000	      0.00000000	      0.00000000	      0.00000000	      0.00000000	      0.00000000	      0.00000000	      0.00000000	      0.00000000	      0.00000000	      0.00000000	      0.00000000	      0.00000000	      0.00000000	      0.00000000	      0.00000000	      0.00000000	      0.00000000	      0.00000000	      0.00000000	      0.00000000	      0.00000000	      0.00000000	      0.00000000	      0.00000000	      0.00000000	      0.00000000	      0.00000000	      0.00000000	      0.00000000	      0.00000000	      0.00000000	      0.00000000	      0.00000000	      0.00000000	      0.00000000	      0.00000000	      0.00000000	      0.00000000	      0.00000000	     -1.75154286	     -2.88886598	     -3.15818006	    -12.98607777	     -1.43181369	     -0.13333368	     -2.66126344	     -0.00000000	     -0.00000000	      0.00000000	     -0.00000000	      0.00000000	      0.00000000	     -0.00000000	     -0.05147883	     -0.02860321	     -6.44654385	     -0.29541612	     -0.03088990	     -0.00000000	     -0.09163885	     -0.01481578	     -0.00000000	     -1.24567682	      0.04266326	     -0.00000000	     -0.00000000	     -0.00000000	      0.07330401	      0.56291208	      0.11787909	     -1.61255215	     -1.37596201	      0.00000000	      0.00000000	      0.00000000	      0.00000000	      0.00000000	      0.00000000	     -0.00000000
      2.17000000	      0.00000000	      0.00000000	      0.00000000	      0.00000000	      0.00000000	      0.00000000	      0.00000000	      0.00000000	      0.00000000	      0.00000000	      0.00000000	      0.00000000	      0.00000000	      0.00000000	      0.00000000	      0.00000000	      0.00000000	      0.00000000	      0.00000000	      0.00000000	      0.00000000	      0.00000000	      0.00000000	      0.00000000	      0.00000000	      0.00000000	      0.00000000	      0.00000000	      0.00000000	      0.00000000	      0.00000000	      0.00000000	      0.00000000	      0.00000000	      0.00000000	      0.00000000	      0.00000000	      0.00000000	      0.00000000	      0.00000000	     -1.75100120	     -2.88719993	     -3.15749102	    -12.98106348	     -1.43142112	     -0.13342937	     -2.65519730	     -0.00000000	      0.00000000	     -0.00000000	     -0.00000000	      0.00000000	     -0.00000000	     -0.00000000	     -0.05103122	     -0.02807513	     -6.44275975	     -0.29215488	     -0.03005875	     -0.00000000	     -0.09054386	     -0.01387527	     -0.00000000	     -1.24410422	      0.04266783	     -0.00000000	     -0.00000000	     -0.00000000	      0.07325295	      0.56436987	      0.11799324	     -1.60792748	     -1.37385085	      0.00000000	      0.00000000	      0.00000000	     -0.00000000	      0.00000000	      0.00000000	     -0.00000000
      2.17500000	      0.00000000	      0.00000000	      0.00000000	      0.00000000	      0.00000000	      0.00000000	      0.00000000	      0.00000000	      0.00000000	      0.00000000	      0.00000000	      0.00000000	      0.00000000	      0.00000000	      0.00000000	      0.00000000	      0.00000000	      0.00000000	      0.00000000	      0.00000000	      0.00000000	      0.00000000	      0.00000000	      0.00000000	      0.00000000	      0.00000000	      0.00000000	      0.00000000	      0.00000000	      0.00000000	      0.00000000	      0.00000000	      0.00000000	      0.00000000	      0.00000000	      0.00000000	      0.00000000	      0.00000000	      0.00000000	      0.00000000	     -1.75029529	     -2.88512953	     -3.15665024	    -12.97556369	     -1.43085274	     -0.13352129	     -2.64913419	      0.00000000	      0.00000000	      0.00000000	      0.00000000	      0.00000000	     -0.00000000	      0.00000000	     -0.05057064	     -0.02753705	     -6.43878962	     -0.28883934	     -0.02922023	     -0.00000000	     -0.08942952	     -0.01291728	     -0.00000000	     -1.24242286	      0.04268255	      0.00000000	      0.00000000	     -0.00000000	      0.07320934	      0.56588673	      0.11810888	     -1.60320383	     -1.37169847	     -0.00000000	      0.00000000	     -0.00000000	      0.00000000	      0.00000000	     -0.00000000	      0.00000000
      2.18000000	      0.00000000	      0.00000000	      0.00000000	      0.00000000	      0.00000000	      0.00000000	      0.00000000	      0.00000000	      0.00000000	      0.00000000	      0.00000000	      0.00000000	      0.00000000	      0.00000000	      0.00000000	      0.00000000	      0.00000000	      0.00000000	      0.00000000	      0.00000000	      0.00000000	      0.00000000	      0.00000000	      0.00000000	      0.00000000	      0.00000000	      0.00000000	      0.00000000	      0.00000000	      0.00000000	      0.00000000	      0.00000000	      0.00000000	      0.00000000	      0.00000000	      0.00000000	      0.00000000	      0.00000000	      0.00000000	      0.00000000	     -1.74942964	     -2.88266506	     -3.15566539	    -12.96959427	     -1.43018978	     -0.13361006	     -2.64307769	     -0.00000000	      0.00000000	     -0.00000000	     -0.00000000	     -0.00000000	     -0.00000000	     -0.00000000	     -0.05009929	     -0.02698902	     -6.43464551	     -0.28552671	     -0.02838328	     -0.00000000	     -0.08831533	     -0.01195273	     -0.00000000	     -1.24063615	      0.04270696	     -0.00000000	      0.00000000	     -0.00000000	      0.07317219	      0.56742571	      0.11822296	     -1.59841012	     -1.36951029	     -0.00000000	      0.00000000	      0.00000000	      0.00000000	     -0.00000000	     -0.00000000	     -0.00000000
      2.18500000	      0.00000000	      0.00000000	      0.00000000	      0.00000000	      0.00000000	      0.00000000	      0.00000000	      0.00000000	      0.00000000	      0.00000000	      0.00000000	      0.00000000	      0.00000000	      0.00000000	      0.00000000	      0.00000000	      0.00000000	      0.00000000	      0.00000000	      0.00000000	      0.00000000	      0.00000000	      0.00000000	      0.00000000	      0.00000000	      0.00000000	      0.00000000	      0.00000000	      0.00000000	      0.00000000	      0.00000000	      0.00000000	      0.00000000	      0.00000000	      0.00000000	      0.00000000	      0.00000000	      0.00000000	      0.00000000	      0.00000000	     -1.74841327	     -2.87982764	     -3.15454889	    -12.96318568	     -1.42944051	     -0.13369655	     -2.63703493	     -0.00000000	     -0.00000000	      0.00000000	     -0.00000000	     -0.00000000	      0.00000000	      0.00000000	     -0.04961929	     -0.02643116	     -6.43034640	     -0.28227187	     -0.02755620	     -0.00000000	     -0.08722009	     -0.01099209	     -0.00000000	     -1.23875101	      0.04274024	     -0.00000000	      0.00000000	     -0.00000000	      0.07314029	      0.56894718	      0.11833223	     -1.59358046	     -1.36729381	     -0.00000000	      0.00000000	     -0.00000000	      0.00000000	      0.00000000	      0.00000000	     -0.00000000
      2.19000000	      0.00000000	      0.00000000	      0.00000000	      0.00000000	      0.00000000	      0.00000000	      0.00000000	      0.00000000	      0.00000000	      0.00000000	      0.00000000	      0.00000000	      0.00000000	      0.00000000	      0.00000000	      0.00000000	      0.00000000	      0.00000000	      0.00000000	      0.00000000	      0.00000000	      0.00000000	      0.00000000	      0.00000000	      0.00000000	      0.00000000	      0.00000000	      0.00000000	      0.00000000	      0.00000000	      0.00000000	      0.00000000	      0.00000000	      0.00000000	      0.00000000	      0.00000000	      0.00000000	      0.00000000	      0.00000000	      0.00000000	     -1.74725987	     -2.87664952	     -3.15331785	    -12.95638299	     -1.42861619	     -0.13378186	     -2.63101615	      0.00000000	     -0.00000000	     -0.00000000	     -0.00000000	     -0.00000000	      0.00000000	     -0.00000000	     -0.04913270	     -0.02586358	     -6.42591798	     -0.27912636	     -0.02674661	     -0.00000000	     -0.08616156	     -0.01004528	     -0.00000000	     -1.23677784	      0.04278127	     -0.00000000	     -0.00000000	     -0.00000000	      0.07311225	      0.57041020	      0.11843337	     -1.58875298	     -1.36505840	      0.00000000	      0.00000000	      0.00000000	     -0.00000000	      0.00000000	      0.00000000	     -0.00000000
      2.19500000	      0.00000000	      0.00000000	      0.00000000	      0.00000000	      0.00000000	      0.00000000	      0.00000000	      0.00000000	      0.00000000	      0.00000000	      0.00000000	      0.00000000	      0.00000000	      0.00000000	      0.00000000	      0.00000000	      0.00000000	      0.00000000	      0.00000000	      0.00000000	      0.00000000	      0.00000000	      0.00000000	      0.00000000	      0.00000000	      0.00000000	      0.00000000	      0.00000000	      0.00000000	      0.00000000	      0.00000000	      0.00000000	      0.00000000	      0.00000000	      0.00000000	      0.00000000	      0.00000000	      0.00000000	      0.00000000	      0.00000000	     -1.74598761	     -2.87317358	     -3.15199382	    -12.94924523	     -1.42773076	     -0.13386726	     -2.62503402	      0.00000000	      0.00000000	      0.00000000	     -0.00000000	     -0.00000000	     -0.00000000	     -0.00000000	     -0.04864150	     -0.02528642	     -6.42139183	     -0.27613711	     -0.02596119	     -0.00000000	     -0.08515601	     -0.00912137	     -0.00000000	     -1.23473033	      0.04282861	      0.00000000	      0.00000000	     -0.00000000	      0.07308648	      0.57177476	      0.11852316	     -1.58396797	     -1.36281485	      0.00000000	      0.00000000	     -0.00000000	     -0.00000000	     -0.00000000	     -0.00000000	     -0.00000000
      2.20000000	      0.00000000	      0.00000000	      0.00000000	      0.00000000	      0.00000000	      0.00000000	      0.00000000	      0.00000000	      0.00000000	      0.00000000	      0.00000000	      0.00000000	      0.00000000	      0.00000000	      0.00000000	      0.00000000	      0.00000000	      0.00000000	      0.00000000	      0.00000000	      0.00000000	      0.00000000	      0.00000000	      0.00000000	      0.00000000	      0.00000000	      0.00000000	      0.00000000	      0.00000000	      0.00000000	      0.00000000	      0.00000000	      0.00000000	      0.00000000	      0.00000000	      0.00000000	      0.00000000	      0.00000000	      0.00000000	      0.00000000	     -1.74461861	     -2.86945220	     -3.15060188	    -12.94184334	     -1.42680036	     -0.13395411	     -2.61910250	     -0.00000000	     -0.00000000	      0.00000000	     -0.00000000	     -0.00000000	     -0.00000000	     -0.00000000	     -0.04814769	     -0.02469985	     -6.41680403	     -0.27334528	     -0.02520569	     -0.00000000	     -0.08421775	     -0.00822846	     -0.00000000	     -1.23262489	      0.04288066	      0.00000000	     -0.00000000	     -0.00000000	      0.07306135	      0.57300487	      0.11859881	     -1.57926493	     -1.36057470	     -0.00000000	      0.00000000	     -0.00000000	     -0.00000000	     -0.00000000	     -0.00000000	     -0.00000000
      2.20500000	      0.00000000	      0.00000000	      0.00000000	      0.00000000	      0.00000000	      0.00000000	      0.00000000	      0.00000000	      0.00000000	      0.00000000	      0.00000000	      0.00000000	      0.00000000	      0.00000000	      0.00000000	      0.00000000	      0.00000000	      0.00000000	      0.00000000	      0.00000000	      0.00000000	      0.00000000	      0.00000000	      0.00000000	      0.00000000	      0.00000000	      0.00000000	      0.00000000	      0.00000000	      0.00000000	      0.00000000	      0.00000000	      0.00000000	      0.00000000	      0.00000000	      0.00000000	      0.00000000	      0.00000000	      0.00000000	      0.00000000	     -1.74317805	     -2.86554507	     -3.14916942	    -12.93425708	     -1.42597244	     -0.13404377	     -2.61323542	     -0.00000000	     -0.00000000	      0.00000000	     -0.00000000	      0.00000000	     -0.00000000	      0.00000000	     -0.04765327	     -0.02410412	     -6.41219317	     -0.27078497	     -0.02448478	     -0.00000000	     -0.08335869	     -0.00737349	     -0.00000000	     -1.23047991	      0.04293573	     -0.00000000	     -0.00000000	     -0.00000000	      0.07303522	      0.57407141	      0.11865816	     -1.57467970	     -1.35834948	      0.00000000	      0.00000000	      0.00000000	     -0.00000000	      0.00000000	      0.00000000	     -0.00000000
      2.21000000	      0.00000000	      0.00000000	      0.00000000	      0.00000000	      0.00000000	      0.00000000	      0.00000000	      0.00000000	      0.00000000	      0.00000000	      0.00000000	      0.00000000	      0.00000000	      0.00000000	      0.00000000	      0.00000000	      0.00000000	      0.00000000	      0.00000000	      0.00000000	      0.00000000	      0.00000000	      0.00000000	      0.00000000	      0.00000000	      0.00000000	      0.00000000	      0.00000000	      0.00000000	      0.00000000	      0.00000000	      0.00000000	      0.00000000	      0.00000000	      0.00000000	      0.00000000	      0.00000000	      0.00000000	      0.00000000	      0.00000000	     -1.74169297	     -2.86151662	     -3.14783665	    -12.92657121	     -1.42494845	     -0.13413745	     -2.60744560	      0.00000000	     -0.00000000	     -0.00000000	      0.00000000	     -0.00000000	      0.00000000	      0.00000000	     -0.04716024	     -0.02349964	     -6.40759835	     -0.26848239	     -0.02380201	     -0.00000000	     -0.08258801	     -0.00656203	     -0.00000000	     -1.22831489	      0.04299218	     -0.00000000	     -0.00000000	     -0.00000000	      0.07300657	      0.57496231	      0.11869986	     -1.57024263	     -1.35615011	     -0.00000000	      0.00000000	     -0.00000000	     -0.00000000	     -0.00000000	     -0.00000000	     -0.00000000
      2.21500000	      0.00000000	      0.00000000	      0.00000000	      0.00000000	      0.00000000	      0.00000000	      0.00000000	      0.00000000	      0.00000000	      0.00000000	      0.00000000	      0.00000000	      0.00000000	      0.00000000	      0.00000000	      0.00000000	      0.00000000	      0.00000000	      0.00000000	      0.00000000	      0.00000000	      0.00000000	      0.00000000	      0.00000000	      0.00000000	      0.00000000	      0.00000000	      0.00000000	      0.00000000	      0.00000000	      0.00000000	      0.00000000	      0.00000000	      0.00000000	      0.00000000	      0.00000000	      0.00000000	      0.00000000	      0.00000000	      0.00000000	     -1.74019114	     -2.85743329	     -3.14640772	    -12.91887188	     -1.42405499	     -0.13423622	     -2.60174431	     -0.00000000	      0.00000000	      0.00000000	      0.00000000	      0.00000000	     -0.00000000	      0.00000000	     -0.04667058	     -0.02288702	     -6.40305742	     -0.26645553	     -0.02315975	     -0.00000000	     -0.08191205	     -0.00579828	     -0.00000000	     -1.22614963	      0.04304841	     -0.00000000	      0.00000000	     -0.00000000	      0.07297400	      0.57564639	      0.11872331	     -1.56597814	     -1.35398661	      0.00000000	      0.00000000	     -0.00000000	     -0.00000000	     -0.00000000	     -0.00000000	      0.00000000
      2.22000000	      0.00000000	      0.00000000	      0.00000000	      0.00000000	      0.00000000	      0.00000000	      0.00000000	      0.00000000	      0.00000000	      0.00000000	      0.00000000	      0.00000000	      0.00000000	      0.00000000	      0.00000000	      0.00000000	      0.00000000	      0.00000000	      0.00000000	      0.00000000	      0.00000000	      0.00000000	      0.00000000	      0.00000000	      0.00000000	      0.00000000	      0.00000000	      0.00000000	      0.00000000	      0.00000000	      0.00000000	      0.00000000	      0.00000000	      0.00000000	      0.00000000	      0.00000000	      0.00000000	      0.00000000	      0.00000000	      0.00000000	     -1.73869997	     -2.85336100	     -3.14502129	    -12.91124341	     -1.42312045	     -0.13434091	     -2.59614127	     -0.00000000	     -0.00000000	     -0.00000000	     -0.00000000	     -0.00000000	     -0.00000000	     -0.00000000	     -0.04618617	     -0.02226705	     -6.39860569	     -0.26471412	     -0.02255923	     -0.00000000	     -0.08133434	     -0.00508500	     -0.00000000	     -1.22400352	      0.04310293	     -0.00000000	     -0.00000000	     -0.00000000	      0.07293629	      0.57612622	      0.11872862	     -1.56190472	     -1.35186784	     -0.00000000	      0.00000000	      0.00000000	     -0.00000000	      0.00000000	     -0.00000000	      0.00000000
      2.22500000	      0.00000000	      0.00000000	      0.00000000	      0.00000000	      0.00000000	      0.00000000	      0.00000000	      0.00000000	      0.00000000	      0.00000000	      0.00000000	      0.00000000	      0.00000000	      0.00000000	      0.00000000	      0.00000000	      0.00000000	      0.00000000	      0.00000000	      0.00000000	      0.00000000	      0.00000000	      0.00000000	      0.00000000	      0.00000000	      0.00000000	      0.00000000	      0.00000000	      0.00000000	      0.00000000	      0.00000000	      0.00000000	      0.00000000	      0.00000000	      0.00000000	      0.00000000	      0.00000000	      0.00000000	      0.00000000	      0.00000000	     -1.73724555	     -2.84936286	     -3.14370183	    -12.90376543	     -1.42222644	     -0.13445214	     -2.59064445	     -0.00000000	      0.00000000	     -0.00000000	      0.00000000	     -0.00000000	     -0.00000000	      0.00000000	     -0.04570876	     -0.02164073	     -6.39427480	     -0.26325984	     -0.02200062	     -0.00000000	     -0.08085559	     -0.00442357	     -0.00000000	     -1.22189494	      0.04315438	     -0.00000000	     -0.00000000	     -0.00000000	      0.07289244	      0.57640189	      0.11871651	     -1.55803494	     -1.34980137	      0.00000000	      0.00000000	      0.00000000	      0.00000000	     -0.00000000	      0.00000000	     -0.00000000
      2.23000000	      0.00000000	      0.00000000	      0.00000000	      0.00000000	      0.00000000	      0.00000000	      0.00000000	      0.00000000	      0.00000000	      0.00000000	      0.00000000	      0.00000000	      0.00000000	      0.00000000	      0.00000000	      0.00000000	      0.00000000	      0.00000000	      0.00000000	      0.00000000	      0.00000000	      0.00000000	      0.00000000	      0.00000000	      0.00000000	      0.00000000	      0.00000000	      0.00000000	      0.00000000	      0.00000000	      0.00000000	      0.00000000	      0.00000000	      0.00000000	      0.00000000	      0.00000000	      0.00000000	      0.00000000	      0.00000000	      0.00000000	     -1.73585173	     -2.84549697	     -3.14247063	    -12.89651017	     -1.42138643	     -0.13457022	     -2.58525994	     -0.00000000	     -0.00000000	      0.00000000	     -0.00000000	     -0.00000000	     -0.00000000	     -0.00000000	     -0.04523995	     -0.02100925	     -6.39009172	     -0.26208652	     -0.02148310	     -0.00000000	     -0.08047381	     -0.00381402	     -0.00000000	     -1.21984057	      0.04320158	      0.00000000	     -0.00000000	     -0.00000000	      0.07284166	      0.57648025	      0.11868837	     -1.55437480	     -1.34779322	     -0.00000000	      0.00000000	      0.00000000	      0.00000000	     -0.00000000	     -0.00000000	     -0.00000000
      2.23500000	      0.00000000	      0.00000000	      0.00000000	      0.00000000	      0.00000000	      0.00000000	      0.00000000	      0.00000000	      0.00000000	      0.00000000	      0.00000000	      0.00000000	      0.00000000	      0.00000000	      0.00000000	      0.00000000	      0.00000000	      0.00000000	      0.00000000	      0.00000000	      0.00000000	      0.00000000	      0.00000000	      0.00000000	      0.00000000	      0.00000000	      0.00000000	      0.00000000	      0.00000000	      0.00000000	      0.00000000	      0.00000000	      0.00000000	      0.00000000	      0.00000000	      0.00000000	      0.00000000	      0.00000000	      0.00000000	      0.00000000	     -1.73453914	     -2.84181419	     -3.14134489	    -12.88953946	     -1.42061125	     -0.13469515	     -2.57999139	     -0.00000000	      0.00000000	     -0.00000000	      0.00000000	      0.00000000	     -0.00000000	     -0.00000000	     -0.04478121	     -0.02037401	     -6.38607752	     -0.26118063	     -0.02100503	     -0.00000000	     -0.08018439	     -0.00325516	     -0.00000000	     -1.21785482	      0.04324365	     -0.00000000	      0.00000000	     -0.00000000	      0.07278347	      0.57637575	      0.11864629	     -1.55092279	     -1.34584745	      0.00000000	      0.00000000	     -0.00000000	     -0.00000000	     -0.00000000	     -0.00000000	     -0.00000000
      2.24000000	      0.00000000	      0.00000000	      0.00000000	      0.00000000	      0.00000000	      0.00000000	      0.00000000	      0.00000000	      0.00000000	      0.00000000	      0.00000000	      0.00000000	      0.00000000	      0.00000000	      0.00000000	      0.00000000	      0.00000000	      0.00000000	      0.00000000	      0.00000000	      0.00000000	      0.00000000	      0.00000000	      0.00000000	      0.00000000	      0.00000000	      0.00000000	      0.00000000	      0.00000000	      0.00000000	      0.00000000	      0.00000000	      0.00000000	      0.00000000	      0.00000000	      0.00000000	      0.00000000	      0.00000000	      0.00000000	      0.00000000	     -1.73332440	     -2.83835615	     -3.14033680	    -12.88290204	     -1.41990866	     -0.13482656	     -2.57483979	     -0.00000000	     -0.00000000	     -0.00000000	      0.00000000	      0.00000000	     -0.00000000	      0.00000000	     -0.04433392	     -0.01973661	     -6.38224631	     -0.26052260	     -0.02056417	     -0.00000000	     -0.07998056	     -0.00274483	     -0.00000000	     -1.21594920	      0.04328003	      0.00000000	     -0.00000000	     -0.00000000	      0.07271775	      0.57611033	      0.11859299	     -1.54766973	     -1.34396606	      0.00000000	      0.00000000	      0.00000000	      0.00000000	     -0.00000000	     -0.00000000	     -0.00000000
      2.24500000	      0.00000000	      0.00000000	      0.00000000	      0.00000000	      0.00000000	      0.00000000	      0.00000000	      0.00000000	      0.00000000	      0.00000000	      0.00000000	      0.00000000	      0.00000000	      0.00000000	      0.00000000	      0.00000000	      0.00000000	      0.00000000	      0.00000000	      0.00000000	      0.00000000	      0.00000000	      0.00000000	      0.00000000	      0.00000000	      0.00000000	      0.00000000	      0.00000000	      0.00000000	      0.00000000	      0.00000000	      0.00000000	      0.00000000	      0.00000000	      0.00000000	      0.00000000	      0.00000000	      0.00000000	      0.00000000	      0.00000000	     -1.73221946	     -2.83515396	     -3.13945322	    -12.87663194	     -1.41935394	     -0.13496374	     -2.56980382	      0.00000000	     -0.00000000	     -0.00000000	      0.00000000	      0.00000000	     -0.00000000	     -0.00000000	     -0.04389940	     -0.01909885	     -6.37860501	     -0.26008950	     -0.02015805	     -0.00000000	     -0.07985432	     -0.00228037	     -0.00000000	     -1.21413208	      0.04331053	      0.00000000	      0.00000000	     -0.00000000	      0.07264471	      0.57571094	      0.11853156	     -1.54460058	     -1.34214922	      0.00000000	      0.00000000	     -0.00000000	      0.00000000	      0.00000000	     -0.00000000	     -0.00000000
      2.25000000	      0.00000000	      0.00000000	      0.00000000	      0.00000000	      0.00000000	      0.00000000	      0.00000000	      0.00000000	      0.00000000	      0.00000000	      0.00000000	      0.00000000	      0.00000000	      0.00000000	      0.00000000	      0.00000000	      0.00000000	      0.00000000	      0.00000000	      0.00000000	      0.00000000	      0.00000000	      0.00000000	      0.00000000	      0.00000000	      0.00000000	      0.00000000	      0.00000000	      0.00000000	      0.00000000	      0.00000000	      0.00000000	      0.00000000	      0.00000000	      0.00000000	      0.00000000	      0.00000000	      0.00000000	      0.00000000	      0.00000000	     -1.73123164	     -2.83222809	     -3.13869598	    -12.87074853	     -1.41880691	     -0.13510571	     -2.56488068	     -0.00000000	     -0.00000000	     -0.00000000	      0.00000000	     -0.00000000	     -0.00000000	      0.00000000	     -0.04347889	     -0.01846276	     -6.37515377	     -0.25985809	     -0.01978422	     -0.00000000	     -0.07979751	     -0.00185908	     -0.00000000	     -1.21240878	      0.04333527	     -0.00000000	      0.00000000	     -0.00000000	      0.07256482	      0.57520605	      0.11846510	     -1.54169734	     -1.34039576	     -0.00000000	      0.00000000	      0.00000000	     -0.00000000	     -0.00000000	     -0.00000000	      0.00000000
      2.25500000	      0.00000000	      0.00000000	      0.00000000	      0.00000000	      0.00000000	      0.00000000	      0.00000000	      0.00000000	      0.00000000	      0.00000000	      0.00000000	      0.00000000	      0.00000000	      0.00000000	      0.00000000	      0.00000000	      0.00000000	      0.00000000	      0.00000000	      0.00000000	      0.00000000	      0.00000000	      0.00000000	      0.00000000	      0.00000000	      0.00000000	      0.00000000	      0.00000000	      0.00000000	      0.00000000	      0.00000000	      0.00000000	      0.00000000	      0.00000000	      0.00000000	      0.00000000	      0.00000000	      0.00000000	      0.00000000	      0.00000000	     -1.73036388	     -2.82958907	     -3.13806229	    -12.86525750	     -1.41833724	     -0.13525126	     -2.56006640	      0.00000000	      0.00000000	      0.00000000	     -0.00000000	      0.00000000	      0.00000000	     -0.00000000	     -0.04307364	     -0.01783051	     -6.37188674	     -0.25980692	     -0.01944054	     -0.00000000	     -0.07980255	     -0.00147863	     -0.00000000	     -1.21078185	      0.04335462	     -0.00000000	      0.00000000	     -0.00000000	      0.07247882	      0.57462407	      0.11839655	     -1.53894043	     -1.33870355	      0.00000000	      0.00000000	      0.00000000	      0.00000000	     -0.00000000	     -0.00000000	     -0.00000000
      2.26000000	      0.00000000	      0.00000000	      0.00000000	      0.00000000	      0.00000000	      0.00000000	      0.00000000	      0.00000000	      0.00000000	      0.00000000	      0.00000000	      0.00000000	      0.00000000	      0.00000000	      0.00000000	      0.00000000	      0.00000000	      0.00000000	      0.00000000	      0.00000000	      0.00000000	      0.00000000	      0.00000000	      0.00000000	      0.00000000	      0.00000000	      0.00000000	      0.00000000	      0.00000000	      0.00000000	      0.00000000	      0.00000000	      0.00000000	      0.00000000	      0.00000000	      0.00000000	      0.00000000	      0.00000000	      0.00000000	      0.00000000	     -1.72961505	     -2.82723820	     -3.13754505	    -12.86015175	     -1.41794126	     -0.13539897	     -2.55535565	      0.00000000	      0.00000000	     -0.00000000	      0.00000000	      0.00000000	      0.00000000	      0.00000000	     -0.04268496	     -0.01720450	     -6.36879245	     -0.25991743	     -0.01912529	     -0.00000000	     -0.07986281	     -0.00113721	     -0.00000000	     -1.20925119	      0.04336927	      0.00000000	      0.00000000	     -0.00000000	      0.07238766	      0.57399354	      0.11832872	     -1.53630866	     -1.33706949	     -0.00000000	      0.00000000	      0.00000000	      0.00000000	     -0.00000000	      0.00000000	      0.00000000
      2.26500000	      0.00000000	      0.00000000	      0.00000000	      0.00000000	      0.00000000	      0.00000000	      0.00000000	      0.00000000	      0.00000000	      0.00000000	      0.00000000	      0.00000000	      0.00000000	      0.00000000	      0.00000000	      0.00000000	      0.00000000	      0.00000000	      0.00000000	      0.00000000	      0.00000000	      0.00000000	      0.00000000	      0.00000000	      0.00000000	      0.00000000	      0.00000000	      0.00000000	      0.00000000	      0.00000000	      0.00000000	      0.00000000	      0.00000000	      0.00000000	      0.00000000	      0.00000000	      0.00000000	      0.00000000	      0.00000000	      0.00000000	     -1.72898022	     -2.82516822	     -3.13713315	    -12.85541235	     -1.41761297	     -0.13554717	     -2.55074176	     -0.00000000	     -0.00000000	      0.00000000	      0.00000000	      0.00000000	      0.00000000	     -0.00000000	     -0.04231430	     -0.01658732	     -6.36585442	     -0.26017493	     -0.01883729	     -0.00000000	     -0.07997295	     -0.00083371	     -0.00000000	     -1.20781424	      0.04338017	      0.00000000	      0.00000000	     -0.00000000	      0.07229247	      0.57334247	      0.11826423	     -1.53377986	     -1.33548964	     -0.00000000	      0.00000000	      0.00000000	      0.00000000	      0.00000000	     -0.00000000	      0.00000000
      2.27000000	      0.00000000	      0.00000000	      0.00000000	      0.00000000	      0.00000000	      0.00000000	      0.00000000	      0.00000000	      0.00000000	      0.00000000	      0.00000000	      0.00000000	      0.00000000	      0.00000000	      0.00000000	      0.00000000	      0.00000000	      0.00000000	      0.00000000	      0.00000000	      0.00000000	      0.00000000	      0.00000000	      0.00000000	      0.00000000	      0.00000000	      0.00000000	      0.00000000	      0.00000000	      0.00000000	      0.00000000	      0.00000000	      0.00000000	      0.00000000	      0.00000000	      0.00000000	      0.00000000	      0.00000000	      0.00000000	      0.00000000	     -1.72845112	     -2.82336436	     -3.13681221	    -12.85101045	     -1.41734451	     -0.13569404	     -2.54621752	      0.00000000	     -0.00000000	      0.00000000	      0.00000000	     -0.00000000	     -0.00000000	     -0.00000000	     -0.04196327	     -0.01598180	     -6.36305232	     -0.26056963	     -0.01857598	     -0.00000000	     -0.08012934	     -0.00056783	     -0.00000000	     -1.20646641	      0.04338842	     -0.00000000	     -0.00000000	     -0.00000000	      0.07219453	      0.57269572	      0.11820527	     -1.53133308	     -1.33395979	     -0.00000000	      0.00000000	     -0.00000000	     -0.00000000	     -0.00000000	      0.00000000	     -0.00000000
      2.27500000	      0.00000000	      0.00000000	      0.00000000	      0.00000000	      0.00000000	      0.00000000	      0.00000000	      0.00000000	      0.00000000	      0.00000000	      0.00000000	      0.00000000	      0.00000000	      0.00000000	      0.00000000	      0.00000000	      0.00000000	      0.00000000	      0.00000000	      0.00000000	      0.00000000	      0.00000000	      0.00000000	      0.00000000	      0.00000000	      0.00000000	      0.00000000	      0.00000000	      0.00000000	      0.00000000	      0.00000000	      0.00000000	      0.00000000	      0.00000000	      0.00000000	      0.00000000	      0.00000000	      0.00000000	      0.00000000	      0.00000000	     -1.72801688	     -2.82180599	     -3.13656559	    -12.84691023	     -1.41712683	     -0.13583767	     -2.54177625	      0.00000000	      0.00000000	     -0.00000000	     -0.00000000	     -0.00000000	      0.00000000	      0.00000000	     -0.04163357	     -0.01539097	     -6.36036382	     -0.26109698	     -0.01834133	     -0.00000000	     -0.08033020	     -0.00034013	     -0.00000000	     -1.20520159	      0.04339515	      0.00000000	      0.00000000	     -0.00000000	      0.07209510	      0.57207224	      0.11815345	     -1.52895114	     -1.33247602	      0.00000000	      0.00000000	     -0.00000000	     -0.00000000	      0.00000000	      0.00000000	      0.00000000
      2.28000000	      0.00000000	      0.00000000	      0.00000000	      0.00000000	      0.00000000	      0.00000000	      0.00000000	      0.00000000	      0.00000000	      0.00000000	      0.00000000	      0.00000000	      0.00000000	      0.00000000	      0.00000000	      0.00000000	      0.00000000	      0.00000000	      0.00000000	      0.00000000	      0.00000000	      0.00000000	      0.00000000	      0.00000000	      0.00000000	      0.00000000	      0.00000000	      0.00000000	      0.00000000	      0.00000000	      0.00000000	      0.00000000	      0.00000000	      0.00000000	      0.00000000	      0.00000000	      0.00000000	      0.00000000	      0.00000000	      0.00000000	     -1.72766495	     -2.82046854	     -3.13637565	    -12.84307217	     -1.41703655	     -0.13597614	     -2.53741269	     -0.00000000	     -0.00000000	      0.00000000	      0.00000000	     -0.00000000	     -0.00000000	     -0.00000000	     -0.04132690	     -0.01481796	     -6.35776645	     -0.26175688	     -0.01813375	     -0.00000000	     -0.08057537	     -0.00015177	     -0.00000000	     -1.20401285	      0.04340145	     -0.00000000	     -0.00000000	     -0.00000000	      0.07199537	      0.57148408	      0.11810966	     -1.52662185	     -1.33103517	      0.00000000	      0.00000000	     -0.00000000	     -0.00000000	     -0.00000000	      0.00000000	      0.00000000
      2.28500000	      0.00000000	      0.00000000	      0.00000000	      0.00000000	      0.00000000	      0.00000000	      0.00000000	      0.00000000	      0.00000000	      0.00000000	      0.00000000	      0.00000000	      0.00000000	      0.00000000	      0.00000000	      0.00000000	      0.00000000	      0.00000000	      0.00000000	      0.00000000	      0.00000000	      0.00000000	      0.00000000	      0.00000000	      0.00000000	      0.00000000	      0.00000000	      0.00000000	      0.00000000	      0.00000000	      0.00000000	      0.00000000	      0.00000000	      0.00000000	      0.00000000	      0.00000000	      0.00000000	      0.00000000	      0.00000000	      0.00000000	     -1.72738193	     -2.81932535	     -3.13634719	    -12.83945612	     -1.41687946	     -0.13610765	     -2.53312341	      0.00000000	      0.00000000	     -0.00000000	     -0.00000000	     -0.00000000	      0.00000000	     -0.00000000	     -0.04104490	     -0.01426597	     -6.35523909	     -0.26255235	     -0.01795385	     -0.00000000	     -0.08086586	     -0.00000425	     -0.00000000	     -1.20289294	      0.04340828	     -0.00000000	      0.00000000	     -0.00000000	      0.07189648	      0.57093678	      0.11807422	     -1.52433810	     -1.32963498	     -0.00000000	      0.00000000	      0.00000000	     -0.00000000	      0.00000000	     -0.00000000	     -0.00000000
      2.29000000	      0.00000000	      0.00000000	      0.00000000	      0.00000000	      0.00000000	      0.00000000	      0.00000000	      0.00000000	      0.00000000	      0.00000000	      0.00000000	      0.00000000	      0.00000000	      0.00000000	      0.00000000	      0.00000000	      0.00000000	      0.00000000	      0.00000000	      0.00000000	      0.00000000	      0.00000000	      0.00000000	      0.00000000	      0.00000000	      0.00000000	      0.00000000	      0.00000000	      0.00000000	      0.00000000	      0.00000000	      0.00000000	      0.00000000	      0.00000000	      0.00000000	      0.00000000	      0.00000000	      0.00000000	      0.00000000	      0.00000000	     -1.72715433	     -2.81834923	     -3.13621810	    -12.83602369	     -1.41675667	     -0.13623048	     -2.52890705	     -0.00000000	      0.00000000	      0.00000000	      0.00000000	     -0.00000000	     -0.00000000	     -0.00000000	     -0.04078911	     -0.01373816	     -6.35276314	     -0.26348805	     -0.01780236	     -0.00000000	     -0.08120333	     -0.00000000	     -0.00000000	     -1.20183476	      0.04341647	      0.00000000	      0.00000000	     -0.00000000	      0.07179945	      0.57043030	      0.11804691	     -1.52209748	     -1.32827421	     -0.00000000	      0.00000000	     -0.00000000	     -0.00000000	      0.00000000	      0.00000000	      0.00000000
      2.29500000	      0.00000000	      0.00000000	      0.00000000	      0.00000000	      0.00000000	      0.00000000	      0.00000000	      0.00000000	      0.00000000	      0.00000000	      0.00000000	      0.00000000	      0.00000000	      0.00000000	      0.00000000	      0.00000000	      0.00000000	      0.00000000	      0.00000000	      0.00000000	      0.00000000	      0.00000000	      0.00000000	      0.00000000	      0.00000000	      0.00000000	      0.00000000	      0.00000000	      0.00000000	      0.00000000	      0.00000000	      0.00000000	      0.00000000	      0.00000000	      0.00000000	      0.00000000	      0.00000000	      0.00000000	      0.00000000	      0.00000000	     -1.72696911	     -2.81751368	     -3.13609540	    -12.83274023	     -1.41664769	     -0.13634312	     -2.52476454	     -0.00000000	     -0.00000000	     -0.00000000	      0.00000000	     -0.00000000	      0.00000000	      0.00000000	     -0.04056085	     -0.01323761	     -6.35032341	     -0.26456891	     -0.01767991	     -0.00000000	     -0.08158959	     -0.00000000	     -0.00000000	     -1.20083173	      0.04342667	      0.00000000	     -0.00000000	     -0.00000000	      0.07170520	      0.56995983	      0.11802714	     -1.51990200	     -1.32695267	     -0.00000000	      0.00000000	     -0.00000000	     -0.00000000	      0.00000000	      0.00000000	      0.00000000
      2.30000000	      0.00000000	      0.00000000	      0.00000000	      0.00000000	      0.00000000	      0.00000000	      0.00000000	      0.00000000	      0.00000000	      0.00000000	      0.00000000	      0.00000000	      0.00000000	      0.00000000	      0.00000000	      0.00000000	      0.00000000	      0.00000000	      0.00000000	      0.00000000	      0.00000000	      0.00000000	      0.00000000	      0.00000000	      0.00000000	      0.00000000	      0.00000000	      0.00000000	      0.00000000	      0.00000000	      0.00000000	      0.00000000	      0.00000000	      0.00000000	      0.00000000	      0.00000000	      0.00000000	      0.00000000	      0.00000000	      0.00000000	     -1.72681428	     -2.81679401	     -3.13595832	    -12.82957642	     -1.41654510	     -0.13644429	     -2.52069937	      0.00000000	     -0.00000000	      0.00000000	     -0.00000000	      0.00000000	      0.00000000	     -0.00000000	     -0.04036120	     -0.01276721	     -6.34790888	     -0.26579887	     -0.01758698	     -0.00000000	     -0.08202617	     -0.00000000	     -0.00000000	     -1.19987806	      0.04343935	      0.00000000	      0.00000000	     -0.00000000	      0.07161448	      0.56951626	      0.11801395	     -1.51775784	     -1.32567126	     -0.00000000	      0.00000000	     -0.00000000	      0.00000000	      0.00000000	      0.00000000	     -0.00000000
      2.30500000	      0.00000000	      0.00000000	      0.00000000	      0.00000000	      0.00000000	      0.00000000	      0.00000000	      0.00000000	      0.00000000	      0.00000000	      0.00000000	      0.00000000	      0.00000000	      0.00000000	      0.00000000	      0.00000000	      0.00000000	      0.00000000	      0.00000000	      0.00000000	      0.00000000	      0.00000000	      0.00000000	      0.00000000	      0.00000000	      0.00000000	      0.00000000	      0.00000000	      0.00000000	      0.00000000	      0.00000000	      0.00000000	      0.00000000	      0.00000000	      0.00000000	      0.00000000	      0.00000000	      0.00000000	      0.00000000	      0.00000000	     -1.72667925	     -2.81616814	     -3.13581019	    -12.82650959	     -1.41644281	     -0.13653296	     -2.51671786	      0.00000000	      0.00000000	     -0.00000000	     -0.00000000	     -0.00000000	     -0.00000000	      0.00000000	     -0.04019092	     -0.01232963	     -6.34551326	     -0.26717975	     -0.01752377	     -0.00000000	     -0.08251394	     -0.00000000	     -0.00000000	     -1.19896907	      0.04345470	      0.00000000	      0.00000000	     -0.00000000	      0.07152791	      0.56908669	      0.11800612	     -1.51567525	     -1.32443202	     -0.00000000	      0.00000000	      0.00000000	      0.00000000	      0.00000000	      0.00000000	      0.00000000
      2.31000000	      0.00000000	      0.00000000	      0.00000000	      0.00000000	      0.00000000	      0.00000000	      0.00000000	      0.00000000	      0.00000000	      0.00000000	      0.00000000	      0.00000000	      0.00000000	      0.00000000	      0.00000000	      0.00000000	      0.00000000	      0.00000000	      0.00000000	      0.00000000	      0.00000000	      0.00000000	      0.00000000	      0.00000000	      0.00000000	      0.00000000	      0.00000000	      0.00000000	      0.00000000	      0.00000000	      0.00000000	      0.00000000	      0.00000000	      0.00000000	      0.00000000	      0.00000000	      0.00000000	      0.00000000	      0.00000000	      0.00000000	     -1.72655523	     -2.81561729	     -3.13563566	    -12.82352472	     -1.41633622	     -0.13660843	     -2.51282930	     -0.00000000	     -0.00000000	     -0.00000000	     -0.00000000	      0.00000000	     -0.00000000	     -0.00000000	     -0.04005042	     -0.01192717	     -6.34313545	     -0.26871046	     -0.01749013	     -0.00000000	     -0.08305276	     -0.00000000	     -0.00000000	     -1.19810134	      0.04347268	      0.00000000	     -0.00000000	     -0.00000000	      0.07144591	      0.56865509	      0.11800217	     -1.51366820	     -1.32323811	     -0.00000000	      0.00000000	     -0.00000000	      0.00000000	     -0.00000000	      0.00000000	      0.00000000
      2.31500000	      0.00000000	      0.00000000	      0.00000000	      0.00000000	      0.00000000	      0.00000000	      0.00000000	      0.00000000	      0.00000000	      0.00000000	      0.00000000	      0.00000000	      0.00000000	      0.00000000	      0.00000000	      0.00000000	      0.00000000	      0.00000000	      0.00000000	      0.00000000	      0.00000000	      0.00000000	      0.00000000	      0.00000000	      0.00000000	      0.00000000	      0.00000000	      0.00000000	      0.00000000	      0.00000000	      0.00000000	      0.00000000	      0.00000000	      0.00000000	      0.00000000	      0.00000000	      0.00000000	      0.00000000	      0.00000000	      0.00000000	     -1.72643544	     -2.81512646	     -3.13542978	    -12.82061511	     -1.41622237	     -0.13667033	     -2.50904605	      0.00000000	     -0.00000000	     -0.00000000	      0.00000000	     -0.00000000	     -0.00000000	     -0.00000000	     -0.03993971	     -0.01156174	     -6.34077976	     -0.27038640	     -0.01748557	     -0.00000000	     -0.08364133	     -0.00004004	     -0.00000000	     -1.19727289	      0.04349299	     -0.00000000	     -0.00000000	     -0.00000000	      0.07136867	      0.56820300	      0.11800048	     -1.51175393	     -1.32209378	     -0.00000000	      0.00000000	      0.00000000	     -0.00000000	     -0.00000000	     -0.00000000	      0.00000000
      2.32000000	      0.00000000	      0.00000000	      0.00000000	      0.00000000	      0.00000000	      0.00000000	      0.00000000	      0.00000000	      0.00000000	      0.00000000	      0.00000000	      0.00000000	      0.00000000	      0.00000000	      0.00000000	      0.00000000	      0.00000000	      0.00000000	      0.00000000	      0.00000000	      0.00000000	      0.00000000	      0.00000000	      0.00000000	      0.00000000	      0.00000000	      0.00000000	      0.00000000	      0.00000000	      0.00000000	      0.00000000	      0.00000000	      0.00000000	      0.00000000	      0.00000000	      0.00000000	      0.00000000	      0.00000000	      0.00000000	      0.00000000	     -1.72631530	     -2.81468465	     -3.13519094	    -12.81778269	     -1.41610000	     -0.13671861	     -2.50538354	     -0.00000000	     -0.00000000	      0.00000000	     -0.00000000	      0.00000000	     -0.00000000	      0.00000000	     -0.03985842	     -0.01123477	     -6.33845604	     -0.27219916	     -0.01750923	     -0.00000000	     -0.08427702	     -0.00019760	     -0.00000000	     -1.19648317	      0.04351502	      0.00000000	      0.00000000	     -0.00000000	      0.07129617	      0.56771042	      0.11799936	     -1.50995239	     -1.32100427	      0.00000000	      0.00000000	      0.00000000	     -0.00000000	      0.00000000	     -0.00000000	     -0.00000000
      2.32500000	      0.00000000	      0.00000000	      0.00000000	      0.00000000	      0.00000000	      0.00000000	      0.00000000	      0.00000000	      0.00000000	      0.00000000	      0.00000000	      0.00000000	      0.00000000	      0.00000000	      0.00000000	      0.00000000	      0.00000000	      0.00000000	      0.00000000	      0.00000000	      0.00000000	      0.00000000	      0.00000000	      0.00000000	      0.00000000	      0.00000000	      0.00000000	      0.00000000	      0.00000000	      0.00000000	      0.00000000	      0.00000000	      0.00000000	      0.00000000	      0.00000000	      0.00000000	      0.00000000	      0.00000000	      0.00000000	      0.00000000	     -1.72619244	     -2.81428492	     -3.13492094	    -12.81503808	     -1.41606019	     -0.13675361	     -2.50186008	      0.00000000	     -0.00000000	      0.00000000	      0.00000000	     -0.00000000	     -0.00000000	     -0.00000000	     -0.03980577	     -0.01094713	     -6.33617962	     -0.27413640	     -0.01755988	     -0.00000000	     -0.08495586	     -0.00039309	     -0.00000000	     -1.19573311	      0.04353797	     -0.00000000	      0.00000000	     -0.00000000	      0.07122819	      0.56715673	      0.11799707	     -1.50828554	     -1.31997565	     -0.00000000	      0.00000000	      0.00000000	     -0.00000000	      0.00000000	     -0.00000000	     -0.00000000
      2.33000000	      0.00000000	      0.00000000	      0.00000000	      0.00000000	      0.00000000	      0.00000000	      0.00000000	      0.00000000	      0.00000000	      0.00000000	      0.00000000	      0.00000000	      0.00000000	      0.00000000	      0.00000000	      0.00000000	      0.00000000	      0.00000000	      0.00000000	      0.00000000	      0.00000000	      0.00000000	      0.00000000	      0.00000000	      0.00000000	      0.00000000	      0.00000000	      0.00000000	      0.00000000	      0.00000000	      0.00000000	      0.00000000	      0.00000000	      0.00000000	      0.00000000	      0.00000000	      0.00000000	      0.00000000	      0.00000000	      0.00000000	     -1.72606673	     -2.81392428	     -3.13462491	    -12.81240020	     -1.41592354	     -0.13677597	     -2.49849658	     -0.00000000	     -0.00000000	      0.00000000	     -0.00000000	     -0.00000000	     -0.00000000	      0.00000000	     -0.03978056	     -0.01069910	     -6.33397091	     -0.27618191	     -0.01763593	     -0.00000000	     -0.08567245	     -0.00062261	     -0.00000000	     -1.19502503	      0.04356076	      0.00000000	     -0.00000000	     -0.00000000	      0.07116426	      0.56652177	      0.11799192	     -1.50677654	     -1.31901466	     -0.00000000	      0.00000000	      0.00000000	     -0.00000000	      0.00000000	      0.00000000	     -0.00000000
      2.33500000	      0.00000000	      0.00000000	      0.00000000	      0.00000000	      0.00000000	      0.00000000	      0.00000000	      0.00000000	      0.00000000	      0.00000000	      0.00000000	      0.00000000	      0.00000000	      0.00000000	      0.00000000	      0.00000000	      0.00000000	      0.00000000	      0.00000000	      0.00000000	      0.00000000	      0.00000000	      0.00000000	      0.00000000	      0.00000000	      0.00000000	      0.00000000	      0.00000000	      0.00000000	      0.00000000	      0.00000000	      0.00000000	      0.00000000	      0.00000000	      0.00000000	      0.00000000	      0.00000000	      0.00000000	      0.00000000	      0.00000000	     -1.72594018	     -2.81360361	     -3.13431110	    -12.80989552	     -1.41578433	     -0.13678672	     -2.49531592	     -0.00000000	      0.00000000	      0.00000000	      0.00000000	     -0.00000000	      0.00000000	      0.00000000	     -0.03978116	     -0.01049030	     -6.33185484	     -0.27831587	     -0.01773546	     -0.00000000	     -0.08642016	     -0.00088161	     -0.00000000	     -1.19436254	      0.04358223	     -0.00000000	     -0.00000000	     -0.00000000	      0.07110381	      0.56578713	      0.11798238	     -1.50544851	     -1.31812847	     -0.00000000	      0.00000000	     -0.00000000	     -0.00000000	      0.00000000	      0.00000000	     -0.00000000
      2.34000000	      0.00000000	      0.00000000	      0.00000000	      0.00000000	      0.00000000	      0.00000000	      0.00000000	      0.00000000	      0.00000000	      0.00000000	      0.00000000	      0.00000000	      0.00000000	      0.00000000	      0.00000000	      0.00000000	      0.00000000	      0.00000000	      0.00000000	      0.00000000	      0.00000000	      0.00000000	      0.00000000	      0.00000000	      0.00000000	      0.00000000	      0.00000000	      0.00000000	      0.00000000	      0.00000000	      0.00000000	      0.00000000	      0.00000000	      0.00000000	      0.00000000	      0.00000000	      0.00000000	      0.00000000	      0.00000000	      0.00000000	     -1.72581676	     -2.81332738	     -3.13399043	    -12.80755667	     -1.41564742	     -0.13678715	     -2.49234194	      0.00000000	      0.00000000	     -0.00000000	     -0.00000000	      0.00000000	      0.00000000	      0.00000000	     -0.03980559	     -0.01031972	     -6.32985964	     -0.28051558	     -0.01785624	     -0.00000000	     -0.08719127	     -0.00116504	     -0.00000000	     -1.19375033	      0.04360113	     -0.00000000	      0.00000000	     -0.00000000	      0.07104616	      0.56493795	      0.11796718	     -1.50432296	     -1.31732420	     -0.00000000	      0.00000000	      0.00000000	     -0.00000000	      0.00000000	      0.00000000	     -0.00000000
      2.34500000	      0.00000000	      0.00000000	      0.00000000	      0.00000000	      0.00000000	      0.00000000	      0.00000000	      0.00000000	      0.00000000	      0.00000000	      0.00000000	      0.00000000	      0.00000000	      0.00000000	      0.00000000	      0.00000000	      0.00000000	      0.00000000	      0.00000000	      0.00000000	      0.00000000	      0.00000000	      0.00000000	      0.00000000	      0.00000000	      0.00000000	      0.00000000	      0.00000000	      0.00000000	      0.00000000	      0.00000000	      0.00000000	      0.00000000	      0.00000000	      0.00000000	      0.00000000	      0.00000000	      0.00000000	      0.00000000	      0.00000000	     -1.72570208	     -2.81310295	     -3.13367572	    -12.80542036	     -1.41551857	     -0.13677882	     -2.48959803	      0.00000000	     -0.00000000	      0.00000000	     -0.00000000	      0.00000000	     -0.00000000	     -0.00000000	     -0.03985154	     -0.01018571	     -6.32801521	     -0.28275646	     -0.01799581	     -0.00000000	     -0.08797734	     -0.00146758	     -0.00000000	     -1.19319378	      0.04361630	      0.00000000	      0.00000000	     -0.00000000	      0.07099064	      0.56396497	      0.11794543	     -1.50341770	     -1.31660849	     -0.00000000	      0.00000000	     -0.00000000	     -0.00000000	     -0.00000000	     -0.00000000	      0.00000000
      2.35000000	      0.00000000	      0.00000000	      0.00000000	      0.00000000	      0.00000000	      0.00000000	      0.00000000	      0.00000000	      0.00000000	      0.00000000	      0.00000000	      0.00000000	      0.00000000	      0.00000000	      0.00000000	      0.00000000	      0.00000000	      0.00000000	      0.00000000	      0.00000000	      0.00000000	      0.00000000	      0.00000000	      0.00000000	      0.00000000	      0.00000000	      0.00000000	      0.00000000	      0.00000000	      0.00000000	      0.00000000	      0.00000000	      0.00000000	      0.00000000	      0.00000000	      0.00000000	      0.00000000	      0.00000000	      0.00000000	      0.00000000	     -1.72560279	     -2.81293970	     -3.13338072	    -12.80352463	     -1.41540396	     -0.13676336	     -2.48710560	     -0.00000000	     -0.00000000	      0.00000000	      0.00000000	      0.00000000	      0.00000000	      0.00000000	     -0.03991657	     -0.01008611	     -6.32635113	     -0.28501328	     -0.01815167	     -0.00000000	     -0.08876956	     -0.00178393	     -0.00000000	     -1.19269853	      0.04362676	      0.00000000	     -0.00000000	     -0.00000000	      0.07093666	      0.56286624	      0.11791680	     -1.50274501	     -1.31598684	     -0.00000000	      0.00000000	     -0.00000000	      0.00000000	     -0.00000000	     -0.00000000	      0.00000000
      2.35500000	      0.00000000	      0.00000000	      0.00000000	      0.00000000	      0.00000000	      0.00000000	      0.00000000	      0.00000000	      0.00000000	      0.00000000	      0.00000000	      0.00000000	      0.00000000	      0.00000000	      0.00000000	      0.00000000	      0.00000000	      0.00000000	      0.00000000	      0.00000000	      0.00000000	      0.00000000	      0.00000000	      0.00000000	      0.00000000	      0.00000000	      0.00000000	      0.00000000	      0.00000000	      0.00000000	      0.00000000	      0.00000000	      0.00000000	      0.00000000	      0.00000000	      0.00000000	      0.00000000	      0.00000000	      0.00000000	      0.00000000	     -1.72552594	     -2.81284774	     -3.13311897	    -12.80190579	     -1.41530962	     -0.13674243	     -2.48488268	     -0.00000000	     -0.00000000	     -0.00000000	      0.00000000	      0.00000000	      0.00000000	      0.00000000	     -0.03999818	     -0.01001834	     -6.32489465	     -0.28726133	     -0.01832131	     -0.00000000	     -0.08955925	     -0.00210904	     -0.00000000	     -1.19226991	      0.04363180	      0.00000000	     -0.00000000	     -0.00000000	      0.07088378	      0.56164803	      0.11788155	     -1.50231027	     -1.31546325	     -0.00000000	      0.00000000	      0.00000000	      0.00000000	      0.00000000	     -0.00000000	      0.00000000
      2.36000000	      0.00000000	      0.00000000	      0.00000000	      0.00000000	      0.00000000	      0.00000000	      0.00000000	      0.00000000	      0.00000000	      0.00000000	      0.00000000	      0.00000000	      0.00000000	      0.00000000	      0.00000000	      0.00000000	      0.00000000	      0.00000000	      0.00000000	      0.00000000	      0.00000000	      0.00000000	      0.00000000	      0.00000000	      0.00000000	      0.00000000	      0.00000000	      0.00000000	      0.00000000	      0.00000000	      0.00000000	      0.00000000	      0.00000000	      0.00000000	      0.00000000	      0.00000000	      0.00000000	      0.00000000	      0.00000000	      0.00000000	     -1.72547830	     -2.81283670	     -3.13290277	    -12.80059546	     -1.41522828	     -0.13671762	     -2.48294269	     -0.00000000	      0.00000000	      0.00000000	      0.00000000	      0.00000000	      0.00000000	      0.00000000	     -0.04009396	     -0.00997958	     -6.32366863	     -0.28947730	     -0.01850234	     -0.00000000	     -0.09033807	     -0.00243826	     -0.00000000	     -1.19191248	      0.04363107	     -0.00000000	      0.00000000	     -0.00000000	      0.07083175	      0.56032489	      0.11784050	     -1.50211125	     -1.31503979	      0.00000000	      0.00000000	     -0.00000000	      0.00000000	     -0.00000000	      0.00000000	     -0.00000000
      2.36500000	      0.00000000	      0.00000000	      0.00000000	      0.00000000	      0.00000000	      0.00000000	      0.00000000	      0.00000000	      0.00000000	      0.00000000	      0.00000000	      0.00000000	      0.00000000	      0.00000000	      0.00000000	      0.00000000	      0.00000000	      0.00000000	      0.00000000	      0.00000000	      0.00000000	      0.00000000	      0.00000000	      0.00000000	      0.00000000	      0.00000000	      0.00000000	      0.00000000	      0.00000000	      0.00000000	      0.00000000	      0.00000000	      0.00000000	      0.00000000	      0.00000000	      0.00000000	      0.00000000	      0.00000000	      0.00000000	      0.00000000	     -1.72546570	     -2.81291459	     -3.13274228	    -12.79961799	     -1.41518952	     -0.13669032	     -2.48129389	      0.00000000	      0.00000000	      0.00000000	      0.00000000	      0.00000000	      0.00000000	      0.00000000	     -0.04020156	     -0.00996690	     -6.32269015	     -0.29163978	     -0.01869245	     -0.00000000	     -0.09109828	     -0.00276744	     -0.00000000	     -1.19162960	      0.04362454	      0.00000000	      0.00000000	     -0.00000000	      0.07078058	      0.55891814	      0.11779498	     -1.50213865	     -1.31471656	      0.00000000	      0.00000000	     -0.00000000	      0.00000000	     -0.00000000	      0.00000000	     -0.00000000
      2.37000000	      0.00000000	      0.00000000	      0.00000000	      0.00000000	      0.00000000	      0.00000000	      0.00000000	      0.00000000	      0.00000000	      0.00000000	      0.00000000	      0.00000000	      0.00000000	      0.00000000	      0.00000000	      0.00000000	      0.00000000	      0.00000000	      0.00000000	      0.00000000	      0.00000000	      0.00000000	      0.00000000	      0.00000000	      0.00000000	      0.00000000	      0.00000000	      0.00000000	      0.00000000	      0.00000000	      0.00000000	      0.00000000	      0.00000000	      0.00000000	      0.00000000	      0.00000000	      0.00000000	      0.00000000	      0.00000000	      0.00000000	     -1.72549275	     -2.81308730	     -3.13264523	    -12.79898924	     -1.41518389	     -0.13666179	     -2.47993963	      0.00000000	      0.00000000	      0.00000000	      0.00000000	      0.00000000	      0.00000000	     -0.00000000	     -0.04031870	     -0.00997734	     -6.32196980	     -0.29372961	     -0.01888942	     -0.00000000	     -0.09183291	     -0.00309290	     -0.00000000	     -1.19142338	      0.04361248	     -0.00000000	     -0.00000000	     -0.00000000	      0.07073043	      0.55745237	      0.11774647	     -1.50237831	     -1.31449195	      0.00000000	      0.00000000	      0.00000000	     -0.00000000	     -0.00000000	      0.00000000	      0.00000000
      2.37500000	      0.00000000	      0.00000000	      0.00000000	      0.00000000	      0.00000000	      0.00000000	      0.00000000	      0.00000000	      0.00000000	      0.00000000	      0.00000000	      0.00000000	      0.00000000	      0.00000000	      0.00000000	      0.00000000	      0.00000000	      0.00000000	      0.00000000	      0.00000000	      0.00000000	      0.00000000	      0.00000000	      0.00000000	      0.00000000	      0.00000000	      0.00000000	      0.00000000	      0.00000000	      0.00000000	      0.00000000	      0.00000000	      0.00000000	      0.00000000	      0.00000000	      0.00000000	      0.00000000	      0.00000000	      0.00000000	      0.00000000	     -1.72556288	     -2.81335878	     -3.13261715	    -12.79871676	     -1.41521364	     -0.13663319	     -2.47887903	     -0.00000000	     -0.00000000	      0.00000000	     -0.00000000	     -0.00000000	      0.00000000	      0.00000000	     -0.04044314	     -0.01000799	     -6.32151191	     -0.29573014	     -0.01909104	     -0.00000000	     -0.09253591	     -0.00341146	     -0.00000000	     -1.19129476	      0.04359531	      0.00000000	      0.00000000	     -0.00000000	      0.07068158	      0.55595178	      0.11769639	     -1.50281389	     -1.31436315	     -0.00000000	      0.00000000	      0.00000000	     -0.00000000	     -0.00000000	     -0.00000000	      0.00000000
      2.38000000	      0.00000000	      0.00000000	      0.00000000	      0.00000000	      0.00000000	      0.00000000	      0.00000000	      0.00000000	      0.00000000	      0.00000000	      0.00000000	      0.00000000	      0.00000000	      0.00000000	      0.00000000	      0.00000000	      0.00000000	      0.00000000	      0.00000000	      0.00000000	      0.00000000	      0.00000000	      0.00000000	      0.00000000	      0.00000000	      0.00000000	      0.00000000	      0.00000000	      0.00000000	      0.00000000	      0.00000000	      0.00000000	      0.00000000	      0.00000000	      0.00000000	      0.00000000	      0.00000000	      0.00000000	      0.00000000	      0.00000000	     -1.72567945	     -2.81373429	     -3.13266173	    -12.79880071	     -1.41528066	     -0.13660551	     -2.47810920	     -0.00000000	      0.00000000	      0.00000000	      0.00000000	     -0.00000000	     -0.00000000	     -0.00000000	     -0.04057279	     -0.01005622	     -6.32131325	     -0.29762760	     -0.01929522	     -0.00000000	     -0.09320223	     -0.00372050	     -0.00000000	     -1.19124488	      0.04357349	     -0.00000000	      0.00000000	     -0.00000000	      0.07063434	      0.55443822	      0.11764592	     -1.50342918	     -1.31432693	     -0.00000000	      0.00000000	     -0.00000000	     -0.00000000	     -0.00000000	      0.00000000	     -0.00000000
      2.38500000	      0.00000000	      0.00000000	      0.00000000	      0.00000000	      0.00000000	      0.00000000	      0.00000000	      0.00000000	      0.00000000	      0.00000000	      0.00000000	      0.00000000	      0.00000000	      0.00000000	      0.00000000	      0.00000000	      0.00000000	      0.00000000	      0.00000000	      0.00000000	      0.00000000	      0.00000000	      0.00000000	      0.00000000	      0.00000000	      0.00000000	      0.00000000	      0.00000000	      0.00000000	      0.00000000	      0.00000000	      0.00000000	      0.00000000	      0.00000000	      0.00000000	      0.00000000	      0.00000000	      0.00000000	      0.00000000	      0.00000000	     -1.72584386	     -2.81421386	     -3.13278173	    -12.79923937	     -1.41538592	     -0.13657971	     -2.47806357	     -0.00000000	      0.00000000	     -0.00000000	      0.00000000	     -0.00000000	      0.00000000	      0.00000000	     -0.04070557	     -0.01011927	     -6.32137246	     -0.29941080	     -0.01950004	     -0.00000000	     -0.09382782	     -0.00401790	     -0.00000000	     -1.19135688	      0.04354758	      0.00000000	      0.00000000	     -0.00000000	      0.07058906	      0.55292057	      0.11759663	     -1.50439422	     -1.31447538	     -0.00000000	      0.00000000	     -0.00000000	     -0.00000000	      0.00000000	     -0.00000000	     -0.00000000
      2.39000000	      0.00000000	      0.00000000	      0.00000000	      0.00000000	      0.00000000	      0.00000000	      0.00000000	      0.00000000	      0.00000000	      0.00000000	      0.00000000	      0.00000000	      0.00000000	      0.00000000	      0.00000000	      0.00000000	      0.00000000	      0.00000000	      0.00000000	      0.00000000	      0.00000000	      0.00000000	      0.00000000	      0.00000000	      0.00000000	      0.00000000	      0.00000000	      0.00000000	      0.00000000	      0.00000000	      0.00000000	      0.00000000	      0.00000000	      0.00000000	      0.00000000	      0.00000000	      0.00000000	      0.00000000	      0.00000000	      0.00000000	     -1.72605908	     -2.81480366	     -3.13297859	    -12.80002601	     -1.41554328	     -0.13655643	     -2.47799076	      0.00000000	     -0.00000000	      0.00000000	     -0.00000000	     -0.00000000	      0.00000000	     -0.00000000	     -0.04084009	     -0.01019510	     -6.32167925	     -0.30107360	     -0.01970410	     -0.00000000	     -0.09441034	     -0.00430247	     -0.00000000	     -1.19148916	      0.04351809	      0.00000000	      0.00000000	     -0.00000000	      0.07054600	      0.55143850	      0.11754869	     -1.50537591	     -1.31464184	     -0.00000000	      0.00000000	     -0.00000000	      0.00000000	      0.00000000	     -0.00000000	     -0.00000000
      2.39500000	      0.00000000	      0.00000000	      0.00000000	      0.00000000	      0.00000000	      0.00000000	      0.00000000	      0.00000000	      0.00000000	      0.00000000	      0.00000000	      0.00000000	      0.00000000	      0.00000000	      0.00000000	      0.00000000	      0.00000000	      0.00000000	      0.00000000	      0.00000000	      0.00000000	      0.00000000	      0.00000000	      0.00000000	      0.00000000	      0.00000000	      0.00000000	      0.00000000	      0.00000000	      0.00000000	      0.00000000	      0.00000000	      0.00000000	      0.00000000	      0.00000000	      0.00000000	      0.00000000	      0.00000000	      0.00000000	      0.00000000	     -1.72631207	     -2.81546799	     -3.13324010	    -12.80109569	     -1.41571907	     -0.13653663	     -2.47742692	      0.00000000	      0.00000000	     -0.00000000	     -0.00000000	     -0.00000000	     -0.00000000	     -0.00000000	     -0.04097185	     -0.01027767	     -6.32219874	     -0.30260088	     -0.01990265	     -0.00000000	     -0.09494468	     -0.00457024	     -0.00000000	     -1.19154385	      0.04348639	     -0.00000000	      0.00000000	     -0.00000000	      0.07050562	      0.55002668	      0.11750280	     -1.50615077	     -1.31471632	     -0.00000000	      0.00000000	     -0.00000000	     -0.00000000	     -0.00000000	      0.00000000	      0.00000000
      2.40000000	      0.00000000	      0.00000000	      0.00000000	      0.00000000	      0.00000000	      0.00000000	      0.00000000	      0.00000000	      0.00000000	      0.00000000	      0.00000000	      0.00000000	      0.00000000	      0.00000000	      0.00000000	      0.00000000	      0.00000000	      0.00000000	      0.00000000	      0.00000000	      0.00000000	      0.00000000	      0.00000000	      0.00000000	      0.00000000	      0.00000000	      0.00000000	      0.00000000	      0.00000000	      0.00000000	      0.00000000	      0.00000000	      0.00000000	      0.00000000	      0.00000000	      0.00000000	      0.00000000	      0.00000000	      0.00000000	      0.00000000	     -1.72661856	     -2.81624991	     -3.13357511	    -12.80247958	     -1.41593393	     -0.13652002	     -2.47774554	      0.00000000	     -0.00000000	     -0.00000000	      0.00000000	     -0.00000000	      0.00000000	     -0.00000000	     -0.04110334	     -0.01036960	     -6.32292963	     -0.30400602	     -0.02009838	     -0.00000000	     -0.09543510	     -0.00482438	     -0.00000000	     -1.19179618	      0.04345229	      0.00000000	     -0.00000000	     -0.00000000	      0.07046801	      0.54865936	      0.11746089	     -1.50730358	     -1.31500260	     -0.00000000	      0.00000000	     -0.00000000	     -0.00000000	     -0.00000000	      0.00000000	      0.00000000
      2.40500000	      0.00000000	      0.00000000	      0.00000000	      0.00000000	      0.00000000	      0.00000000	      0.00000000	      0.00000000	      0.00000000	      0.00000000	      0.00000000	      0.00000000	      0.00000000	      0.00000000	      0.00000000	      0.00000000	      0.00000000	      0.00000000	      0.00000000	      0.00000000	      0.00000000	      0.00000000	      0.00000000	      0.00000000	      0.00000000	      0.00000000	      0.00000000	      0.00000000	      0.00000000	      0.00000000	      0.00000000	      0.00000000	      0.00000000	      0.00000000	      0.00000000	      0.00000000	      0.00000000	      0.00000000	      0.00000000	      0.00000000	     -1.72697223	     -2.81713306	     -3.13397586	    -12.80413666	     -1.41618328	     -0.13650696	     -2.47816057	     -0.00000000	      0.00000000	      0.00000000	     -0.00000000	     -0.00000000	      0.00000000	      0.00000000	     -0.04123251	     -0.01046768	     -6.32384552	     -0.30528771	     -0.02028922	     -0.00000000	     -0.09588120	     -0.00506389	     -0.00000000	     -1.19209190	      0.04341669	     -0.00000000	     -0.00000000	     -0.00000000	      0.07043344	      0.54737249	      0.11742281	     -1.50848384	     -1.31532387	      0.00000000	      0.00000000	     -0.00000000	      0.00000000	     -0.00000000	     -0.00000000	     -0.00000000
      2.41000000	      0.00000000	      0.00000000	      0.00000000	      0.00000000	      0.00000000	      0.00000000	      0.00000000	      0.00000000	      0.00000000	      0.00000000	      0.00000000	      0.00000000	      0.00000000	      0.00000000	      0.00000000	      0.00000000	      0.00000000	      0.00000000	      0.00000000	      0.00000000	      0.00000000	      0.00000000	      0.00000000	      0.00000000	      0.00000000	      0.00000000	      0.00000000	      0.00000000	      0.00000000	      0.00000000	      0.00000000	      0.00000000	      0.00000000	      0.00000000	      0.00000000	      0.00000000	      0.00000000	      0.00000000	      0.00000000	      0.00000000	     -1.72736902	     -2.81810886	     -3.13443468	    -12.80602776	     -1.41646351	     -0.13649754	     -2.47869235	     -0.00000000	     -0.00000000	     -0.00000000	      0.00000000	     -0.00000000	      0.00000000	      0.00000000	     -0.04135814	     -0.01056980	     -6.32491631	     -0.30644917	     -0.02047386	     -0.00000000	     -0.09628417	     -0.00528861	     -0.00000000	     -1.19243335	      0.04338030	     -0.00000000	     -0.00000000	     -0.00000000	      0.07040209	      0.54617517	      0.11738894	     -1.50968842	     -1.31568088	      0.00000000	      0.00000000	     -0.00000000	     -0.00000000	      0.00000000	      0.00000000	      0.00000000
      2.41500000	      0.00000000	      0.00000000	      0.00000000	      0.00000000	      0.00000000	      0.00000000	      0.00000000	      0.00000000	      0.00000000	      0.00000000	      0.00000000	      0.00000000	      0.00000000	      0.00000000	      0.00000000	      0.00000000	      0.00000000	      0.00000000	      0.00000000	      0.00000000	      0.00000000	      0.00000000	      0.00000000	      0.00000000	      0.00000000	      0.00000000	      0.00000000	      0.00000000	      0.00000000	      0.00000000	      0.00000000	      0.00000000	      0.00000000	      0.00000000	      0.00000000	      0.00000000	      0.00000000	      0.00000000	      0.00000000	      0.00000000	     -1.72780726	     -2.81917524	     -3.13494585	    -12.80812332	     -1.41677249	     -0.13649171	     -2.47935590	     -0.00000000	     -0.00000000	      0.00000000	      0.00000000	      0.00000000	      0.00000000	      0.00000000	     -0.04147973	     -0.01067482	     -6.32611625	     -0.30749674	     -0.02065176	     -0.00000000	     -0.09664625	     -0.00549912	     -0.00000000	     -1.19282354	      0.04334360	      0.00000000	      0.00000000	     -0.00000000	      0.07037406	      0.54507400	      0.11735942	     -1.51091646	     -1.31607460	     -0.00000000	      0.00000000	     -0.00000000	      0.00000000	      0.00000000	      0.00000000	      0.00000000
      2.42000000	      0.00000000	      0.00000000	      0.00000000	      0.00000000	      0.00000000	      0.00000000	      0.00000000	      0.00000000	      0.00000000	      0.00000000	      0.00000000	      0.00000000	      0.00000000	      0.00000000	      0.00000000	      0.00000000	      0.00000000	      0.00000000	      0.00000000	      0.00000000	      0.00000000	      0.00000000	      0.00000000	      0.00000000	      0.00000000	      0.00000000	      0.00000000	      0.00000000	      0.00000000	      0.00000000	      0.00000000	      0.00000000	      0.00000000	      0.00000000	      0.00000000	      0.00000000	      0.00000000	      0.00000000	      0.00000000	      0.00000000	     -1.72828124	     -2.82032064	     -3.13549918	    -12.81037546	     -1.41710542	     -0.13648936	     -2.48033272	     -0.00000000	     -0.00000000	      0.00000000	     -0.00000000	     -0.00000000	      0.00000000	      0.00000000	     -0.04159609	     -0.01078090	     -6.32740932	     -0.30843297	     -0.02082140	     -0.00000000	     -0.09696849	     -0.00569499	     -0.00000000	     -1.19329489	      0.04330715	     -0.00000000	      0.00000000	     -0.00000000	      0.07034940	      0.54406722	      0.11733451	     -1.51223673	     -1.31654109	      0.00000000	      0.00000000	      0.00000000	     -0.00000000	      0.00000000	     -0.00000000	     -0.00000000
      2.42500000	      0.00000000	      0.00000000	      0.00000000	      0.00000000	      0.00000000	      0.00000000	      0.00000000	      0.00000000	      0.00000000	      0.00000000	      0.00000000	      0.00000000	      0.00000000	      0.00000000	      0.00000000	      0.00000000	      0.00000000	      0.00000000	      0.00000000	      0.00000000	      0.00000000	      0.00000000	      0.00000000	      0.00000000	      0.00000000	      0.00000000	      0.00000000	      0.00000000	      0.00000000	      0.00000000	      0.00000000	      0.00000000	      0.00000000	      0.00000000	      0.00000000	      0.00000000	      0.00000000	      0.00000000	      0.00000000	      0.00000000	     -1.72879898	     -2.82156686	     -3.13609983	    -12.81280179	     -1.41746664	     -0.13649029	     -2.48126689	     -0.00000000	     -0.00000000	      0.00000000	     -0.00000000	      0.00000000	      0.00000000	      0.00000000	     -0.04170884	     -0.01088941	     -6.32879678	     -0.30927022	     -0.02098466	     -0.00000000	     -0.09725508	     -0.00587877	     -0.00000000	     -1.19378533	      0.04327053	     -0.00000000	     -0.00000000	     -0.00000000	      0.07032779	      0.54317578	      0.11731347	     -1.51350253	     -1.31700467	     -0.00000000	      0.00000000	     -0.00000000	      0.00000000	     -0.00000000	      0.00000000	      0.00000000
      2.43000000	      0.00000000	      0.00000000	      0.00000000	      0.00000000	      0.00000000	      0.00000000	      0.00000000	      0.00000000	      0.00000000	      0.00000000	      0.00000000	      0.00000000	      0.00000000	      0.00000000	      0.00000000	      0.00000000	      0.00000000	      0.00000000	      0.00000000	      0.00000000	      0.00000000	      0.00000000	      0.00000000	      0.00000000	      0.00000000	      0.00000000	      0.00000000	      0.00000000	      0.00000000	      0.00000000	      0.00000000	      0.00000000	      0.00000000	      0.00000000	      0.00000000	      0.00000000	      0.00000000	      0.00000000	      0.00000000	      0.00000000	     -1.72935436	     -2.82290130	     -3.13673730	    -12.81535437	     -1.41785102	     -0.13649429	     -2.48217556	     -0.00000000	      0.00000000	      0.00000000	      0.00000000	      0.00000000	     -0.00000000	      0.00000000	     -0.04181685	     -0.01099863	     -6.33024318	     -0.31000806	     -0.02113987	     -0.00000000	     -0.09750606	     -0.00604958	     -0.00000000	     -1.19429537	      0.04323407	      0.00000000	      0.00000000	     -0.00000000	      0.07030907	      0.54237105	      0.11729628	     -1.51471440	     -1.31746547	     -0.00000000	      0.00000000	      0.00000000	     -0.00000000	     -0.00000000	      0.00000000	     -0.00000000
      2.43500000	      0.00000000	      0.00000000	      0.00000000	      0.00000000	      0.00000000	      0.00000000	      0.00000000	      0.00000000	      0.00000000	      0.00000000	      0.00000000	      0.00000000	      0.00000000	      0.00000000	      0.00000000	      0.00000000	      0.00000000	      0.00000000	      0.00000000	      0.00000000	      0.00000000	      0.00000000	      0.00000000	      0.00000000	      0.00000000	      0.00000000	      0.00000000	      0.00000000	      0.00000000	      0.00000000	      0.00000000	      0.00000000	      0.00000000	      0.00000000	      0.00000000	      0.00000000	      0.00000000	      0.00000000	      0.00000000	      0.00000000	     -1.72994761	     -2.82432679	     -3.13740825	    -12.81801666	     -1.41825757	     -0.13650100	     -2.48318969	     -0.00000000	      0.00000000	     -0.00000000	      0.00000000	      0.00000000	      0.00000000	      0.00000000	     -0.04192054	     -0.01110843	     -6.33173121	     -0.31065098	     -0.02128712	     -0.00000000	     -0.09772302	     -0.00620804	     -0.00000000	     -1.19485115	      0.04319760	      0.00000000	      0.00000000	     -0.00000000	      0.07029284	      0.54166117	      0.11728305	     -1.51592773	     -1.31795135	     -0.00000000	      0.00000000	     -0.00000000	      0.00000000	      0.00000000	      0.00000000	     -0.00000000
      2.44000000	      0.00000000	      0.00000000	      0.00000000	      0.00000000	      0.00000000	      0.00000000	      0.00000000	      0.00000000	      0.00000000	      0.00000000	      0.00000000	      0.00000000	      0.00000000	      0.00000000	      0.00000000	      0.00000000	      0.00000000	      0.00000000	      0.00000000	      0.00000000	      0.00000000	      0.00000000	      0.00000000	      0.00000000	      0.00000000	      0.00000000	      0.00000000	      0.00000000	      0.00000000	      0.00000000	      0.00000000	      0.00000000	      0.00000000	      0.00000000	      0.00000000	      0.00000000	      0.00000000	      0.00000000	      0.00000000	      0.00000000	     -1.73052821	     -2.82572400	     -3.13805363	    -12.82054963	     -1.41865177	     -0.13650974	     -2.48564305	     -0.00000000	      0.00000000	      0.00000000	     -0.00000000	      0.00000000	      0.00000000	     -0.00000000	     -0.04201187	     -0.01120964	     -6.33312175	     -0.31116762	     -0.02141552	     -0.00000000	     -0.09789582	     -0.00634387	     -0.00000000	     -1.19567792	      0.04316414	     -0.00000000	      0.00000000	     -0.00000000	      0.07028013	      0.54102125	      0.11727633	     -1.51767047	     -1.31873474	      0.00000000	      0.00000000	     -0.00000000	     -0.00000000	     -0.00000000	      0.00000000	      0.00000000
      2.44500000	      0.00000000	      0.00000000	      0.00000000	      0.00000000	      0.00000000	      0.00000000	      0.00000000	      0.00000000	      0.00000000	      0.00000000	      0.00000000	      0.00000000	      0.00000000	      0.00000000	      0.00000000	      0.00000000	      0.00000000	      0.00000000	      0.00000000	      0.00000000	      0.00000000	      0.00000000	      0.00000000	      0.00000000	      0.00000000	      0.00000000	      0.00000000	      0.00000000	      0.00000000	      0.00000000	      0.00000000	      0.00000000	      0.00000000	      0.00000000	      0.00000000	      0.00000000	      0.00000000	      0.00000000	      0.00000000	      0.00000000	     -1.73116632	     -2.82726364	     -3.13874830	    -12.82325844	     -1.41907887	     -0.13652017	     -2.48665534	      0.00000000	     -0.00000000	     -0.00000000	      0.00000000	      0.00000000	     -0.00000000	     -0.00000000	     -0.04210428	     -0.01131588	     -6.33457867	     -0.31161816	     -0.02154208	     -0.00000000	     -0.09804425	     -0.00647422	     -0.00000000	     -1.19626783	      0.04312908	      0.00000000	      0.00000000	     -0.00000000	      0.07026854	      0.54050729	      0.11727146	     -1.51877056	     -1.31921083	      0.00000000	      0.00000000	      0.00000000	      0.00000000	     -0.00000000	     -0.00000000	      0.00000000
      2.45000000	      0.00000000	      0.00000000	      0.00000000	      0.00000000	      0.00000000	      0.00000000	      0.00000000	      0.00000000	      0.00000000	      0.00000000	      0.00000000	      0.00000000	      0.00000000	      0.00000000	      0.00000000	      0.00000000	      0.00000000	      0.00000000	      0.00000000	      0.00000000	      0.00000000	      0.00000000	      0.00000000	      0.00000000	      0.00000000	      0.00000000	      0.00000000	      0.00000000	      0.00000000	      0.00000000	      0.00000000	      0.00000000	      0.00000000	      0.00000000	      0.00000000	      0.00000000	      0.00000000	      0.00000000	      0.00000000	      0.00000000	     -1.73179420	     -2.82878454	     -3.13941569	    -12.82584080	     -1.41940212	     -0.13653119	     -2.48846027	      0.00000000	     -0.00000000	     -0.00000000	     -0.00000000	     -0.00000000	      0.00000000	     -0.00000000	     -0.04218802	     -0.01141584	     -6.33593252	     -0.31196677	     -0.02165377	     -0.00000000	     -0.09815679	     -0.00658669	     -0.00000000	     -1.19700754	      0.04309662	     -0.00000000	      0.00000000	     -0.00000000	      0.07025967	      0.54007606	      0.11727265	     -1.52012823	     -1.31984400	      0.00000000	      0.00000000	      0.00000000	     -0.00000000	     -0.00000000	     -0.00000000	      0.00000000
      2.45500000	      0.00000000	      0.00000000	      0.00000000	      0.00000000	      0.00000000	      0.00000000	      0.00000000	      0.00000000	      0.00000000	      0.00000000	      0.00000000	      0.00000000	      0.00000000	      0.00000000	      0.00000000	      0.00000000	      0.00000000	      0.00000000	      0.00000000	      0.00000000	      0.00000000	      0.00000000	      0.00000000	      0.00000000	      0.00000000	      0.00000000	      0.00000000	      0.00000000	      0.00000000	      0.00000000	      0.00000000	      0.00000000	      0.00000000	      0.00000000	      0.00000000	      0.00000000	      0.00000000	      0.00000000	      0.00000000	      0.00000000	     -1.73244581	     -2.83037076	     -3.14009020	    -12.82844130	     -1.41982484	     -0.13654206	     -2.48989103	     -0.00000000	      0.00000000	     -0.00000000	     -0.00000000	     -0.00000000	      0.00000000	      0.00000000	     -0.04227110	     -0.01151688	     -6.33725810	     -0.31225568	     -0.02176077	     -0.00000000	     -0.09824740	     -0.00669217	     -0.00000000	     -1.19769530	      0.04306460	      0.00000000	      0.00000000	     -0.00000000	      0.07025219	      0.53974947	      0.11727817	     -1.52127276	     -1.32039133	     -0.00000000	      0.00000000	      0.00000000	     -0.00000000	     -0.00000000	      0.00000000	      0.00000000
      2.46000000	      0.00000000	      0.00000000	      0.00000000	      0.00000000	      0.00000000	      0.00000000	      0.00000000	      0.00000000	      0.00000000	      0.00000000	      0.00000000	      0.00000000	      0.00000000	      0.00000000	      0.00000000	      0.00000000	      0.00000000	      0.00000000	      0.00000000	      0.00000000	      0.00000000	      0.00000000	      0.00000000	      0.00000000	      0.00000000	      0.00000000	      0.00000000	      0.00000000	      0.00000000	      0.00000000	      0.00000000	      0.00000000	      0.00000000	      0.00000000	      0.00000000	      0.00000000	      0.00000000	      0.00000000	      0.00000000	      0.00000000	     -1.73309822	     -2.83196940	     -3.14074481	    -12.83096477	     -1.42023984	     -0.13655144	     -2.49131562	      0.00000000	      0.00000000	     -0.00000000	     -0.00000000	     -0.00000000	     -0.00000000	     -0.00000000	     -0.04235289	     -0.01161712	     -6.33850227	     -0.31249276	     -0.02186213	     -0.00000000	     -0.09831890	     -0.00679049	     -0.00000000	     -1.19838816	      0.04303459	     -0.00000000	      0.00000000	     -0.00000000	      0.07024656	      0.53952404	      0.11728936	     -1.52234474	     -1.32092606	      0.00000000	      0.00000000	     -0.00000000	      0.00000000	     -0.00000000	     -0.00000000	      0.00000000
      2.46500000	      0.00000000	      0.00000000	      0.00000000	      0.00000000	      0.00000000	      0.00000000	      0.00000000	      0.00000000	      0.00000000	      0.00000000	      0.00000000	      0.00000000	      0.00000000	      0.00000000	      0.00000000	      0.00000000	      0.00000000	      0.00000000	      0.00000000	      0.00000000	      0.00000000	      0.00000000	      0.00000000	      0.00000000	      0.00000000	      0.00000000	      0.00000000	      0.00000000	      0.00000000	      0.00000000	      0.00000000	      0.00000000	      0.00000000	      0.00000000	      0.00000000	      0.00000000	      0.00000000	      0.00000000	      0.00000000	      0.00000000	     -1.73374166	     -2.83355966	     -3.14136703	    -12.83337785	     -1.42063973	     -0.13655793	     -2.49271983	     -0.00000000	     -0.00000000	     -0.00000000	      0.00000000	      0.00000000	      0.00000000	      0.00000000	     -0.04243559	     -0.01171769	     -6.33964677	     -0.31270008	     -0.02196072	     -0.00000000	     -0.09837877	     -0.00688546	     -0.00000000	     -1.19907816	      0.04300739	      0.00000000	      0.00000000	     -0.00000000	      0.07024297	      0.53940240	      0.11730681	     -1.52333349	     -1.32144321	      0.00000000	      0.00000000	     -0.00000000	     -0.00000000	      0.00000000	      0.00000000	      0.00000000
      2.47000000	      0.00000000	      0.00000000	      0.00000000	      0.00000000	      0.00000000	      0.00000000	      0.00000000	      0.00000000	      0.00000000	      0.00000000	      0.00000000	      0.00000000	      0.00000000	      0.00000000	      0.00000000	      0.00000000	      0.00000000	      0.00000000	      0.00000000	      0.00000000	      0.00000000	      0.00000000	      0.00000000	      0.00000000	      0.00000000	      0.00000000	      0.00000000	      0.00000000	      0.00000000	      0.00000000	      0.00000000	      0.00000000	      0.00000000	      0.00000000	      0.00000000	      0.00000000	      0.00000000	      0.00000000	      0.00000000	      0.00000000	     -1.73436518	     -2.83511814	     -3.14194338	    -12.83564694	     -1.42101652	     -0.13655993	     -2.49409146	     -0.00000000	     -0.00000000	      0.00000000	      0.00000000	      0.00000000	      0.00000000	     -0.00000000	     -0.04252176	     -0.01182023	     -6.34067485	     -0.31290264	     -0.02205998	     -0.00000000	     -0.09843551	     -0.00698151	     -0.00000000	     -1.19975706	      0.04298389	      0.00000000	      0.00000000	     -0.00000000	      0.07024174	      0.53938528	      0.11733106	     -1.52423072	     -1.32193856	      0.00000000	      0.00000000	     -0.00000000	      0.00000000	      0.00000000	     -0.00000000	      0.00000000
      2.47500000	      0.00000000	      0.00000000	      0.00000000	      0.00000000	      0.00000000	      0.00000000	      0.00000000	      0.00000000	      0.00000000	      0.00000000	      0.00000000	      0.00000000	      0.00000000	      0.00000000	      0.00000000	      0.00000000	      0.00000000	      0.00000000	      0.00000000	      0.00000000	      0.00000000	      0.00000000	      0.00000000	      0.00000000	      0.00000000	      0.00000000	      0.00000000	      0.00000000	      0.00000000	      0.00000000	      0.00000000	      0.00000000	      0.00000000	      0.00000000	      0.00000000	      0.00000000	      0.00000000	      0.00000000	      0.00000000	      0.00000000	     -1.73495693	     -2.83661956	     -3.14245989	    -12.83773922	     -1.42136198	     -0.13655582	     -2.49542105	     -0.00000000	      0.00000000	     -0.00000000	     -0.00000000	      0.00000000	      0.00000000	      0.00000000	     -0.04261411	     -0.01192683	     -6.34157182	     -0.31312714	     -0.02216374	     -0.00000000	     -0.09849821	     -0.00708353	     -0.00000000	     -1.20041659	      0.04296505	     -0.00000000	      0.00000000	     -0.00000000	      0.07024331	      0.53946990	      0.11736241	     -1.52503177	     -1.32240901	      0.00000000	      0.00000000	      0.00000000	      0.00000000	      0.00000000	      0.00000000	      0.00000000
      2.48000000	      0.00000000	      0.00000000	      0.00000000	      0.00000000	      0.00000000	      0.00000000	      0.00000000	      0.00000000	      0.00000000	      0.00000000	      0.00000000	      0.00000000	      0.00000000	      0.00000000	      0.00000000	      0.00000000	      0.00000000	      0.00000000	      0.00000000	      0.00000000	      0.00000000	      0.00000000	      0.00000000	      0.00000000	      0.00000000	      0.00000000	      0.00000000	      0.00000000	      0.00000000	      0.00000000	      0.00000000	      0.00000000	      0.00000000	      0.00000000	      0.00000000	      0.00000000	      0.00000000	      0.00000000	      0.00000000	      0.00000000	     -1.73550471	     -2.83803793	     -3.14290279	    -12.83962412	     -1.42166798	     -0.13654398	     -2.49670273	     -0.00000000	      0.00000000	      0.00000000	     -0.00000000	     -0.00000000	     -0.00000000	     -0.00000000	     -0.04271541	     -0.01203994	     -6.34232577	     -0.31340089	     -0.02227602	     -0.00000000	     -0.09857620	     -0.00719661	     -0.00000000	     -1.20104893	      0.04295178	     -0.00000000	      0.00000000	     -0.00000000	      0.07024820	      0.53964865	      0.11740090	     -1.52573697	     -1.32285291	     -0.00000000	      0.00000000	     -0.00000000	      0.00000000	     -0.00000000	      0.00000000	     -0.00000000
      2.48500000	      0.00000000	      0.00000000	      0.00000000	      0.00000000	      0.00000000	      0.00000000	      0.00000000	      0.00000000	      0.00000000	      0.00000000	      0.00000000	      0.00000000	      0.00000000	      0.00000000	      0.00000000	      0.00000000	      0.00000000	      0.00000000	      0.00000000	      0.00000000	      0.00000000	      0.00000000	      0.00000000	      0.00000000	      0.00000000	      0.00000000	      0.00000000	      0.00000000	      0.00000000	      0.00000000	      0.00000000	      0.00000000	      0.00000000	      0.00000000	      0.00000000	      0.00000000	      0.00000000	      0.00000000	      0.00000000	      0.00000000	     -1.73599659	     -2.83934778	     -3.14325925	    -12.84127514	     -1.42192702	     -0.13652288	     -2.49793510	      0.00000000	     -0.00000000	     -0.00000000	      0.00000000	     -0.00000000	     -0.00000000	      0.00000000	     -0.04282838	     -0.01216230	     -6.34292849	     -0.31375111	     -0.02240093	     -0.00000000	     -0.09867887	     -0.00732596	     -0.00000000	     -1.20164716	      0.04294487	     -0.00000000	      0.00000000	     -0.00000000	      0.07025693	      0.53990791	      0.11744620	     -1.52635278	     -1.32327040	     -0.00000000	      0.00000000	      0.00000000	      0.00000000	     -0.00000000	     -0.00000000	     -0.00000000
      2.49000000	      0.00000000	      0.00000000	      0.00000000	      0.00000000	      0.00000000	      0.00000000	      0.00000000	      0.00000000	      0.00000000	      0.00000000	      0.00000000	      0.00000000	      0.00000000	      0.00000000	      0.00000000	      0.00000000	      0.00000000	      0.00000000	      0.00000000	      0.00000000	      0.00000000	      0.00000000	      0.00000000	      0.00000000	      0.00000000	      0.00000000	      0.00000000	      0.00000000	      0.00000000	      0.00000000	      0.00000000	      0.00000000	      0.00000000	      0.00000000	      0.00000000	      0.00000000	      0.00000000	      0.00000000	      0.00000000	      0.00000000	     -1.73642159	     -2.84052574	     -3.14351829	    -12.84267204	     -1.42213271	     -0.13649120	     -2.49912220	     -0.00000000	     -0.00000000	     -0.00000000	     -0.00000000	     -0.00000000	     -0.00000000	     -0.00000000	     -0.04295565	     -0.01229684	     -6.34337657	     -0.31420540	     -0.02254269	     -0.00000000	     -0.09881580	     -0.00747694	     -0.00000000	     -1.20220581	      0.04294491	     -0.00000000	      0.00000000	     -0.00000000	      0.07026995	      0.54021332	      0.11749751	     -1.52689305	     -1.32366377	     -0.00000000	      0.00000000	      0.00000000	     -0.00000000	     -0.00000000	     -0.00000000	     -0.00000000
      2.49500000	      0.00000000	      0.00000000	      0.00000000	      0.00000000	      0.00000000	      0.00000000	      0.00000000	      0.00000000	      0.00000000	      0.00000000	      0.00000000	      0.00000000	      0.00000000	      0.00000000	      0.00000000	      0.00000000	      0.00000000	      0.00000000	      0.00000000	      0.00000000	      0.00000000	      0.00000000	      0.00000000	      0.00000000	      0.00000000	      0.00000000	      0.00000000	      0.00000000	      0.00000000	      0.00000000	      0.00000000	      0.00000000	      0.00000000	      0.00000000	      0.00000000	      0.00000000	      0.00000000	      0.00000000	      0.00000000	      0.00000000	     -1.73677048	     -2.84155214	     -3.14367177	    -12.84380323	     -1.42228032	     -0.13644781	     -2.50027416	      0.00000000	      0.00000000	      0.00000000	      0.00000000	      0.00000000	      0.00000000	     -0.00000000	     -0.04309977	     -0.01244655	     -6.34367248	     -0.31479269	     -0.02270571	     -0.00000000	     -0.09899710	     -0.00765522	     -0.00000000	     -1.20272146	      0.04295224	     -0.00000000	      0.00000000	     -0.00000000	      0.07028752	      0.54056436	      0.11755351	     -1.52737988	     -1.32403781	      0.00000000	      0.00000000	     -0.00000000	     -0.00000000	      0.00000000	     -0.00000000	     -0.00000000
      2.50000000	      0.00000000	      0.00000000	      0.00000000	      0.00000000	      0.00000000	      0.00000000	      0.00000000	      0.00000000	      0.00000000	      0.00000000	      0.00000000	      0.00000000	      0.00000000	      0.00000000	      0.00000000	      0.00000000	      0.00000000	      0.00000000	      0.00000000	      0.00000000	      0.00000000	      0.00000000	      0.00000000	      0.00000000	      0.00000000	      0.00000000	      0.00000000	      0.00000000	      0.00000000	      0.00000000	      0.00000000	      0.00000000	      0.00000000	      0.00000000	      0.00000000	      0.00000000	      0.00000000	      0.00000000	      0.00000000	      0.00000000	     -1.73703657	     -2.84241278	     -3.14371524	    -12.84466815	     -1.42236730	     -0.13639190	     -2.50140775	     -0.00000000	     -0.00000000	     -0.00000000	     -0.00000000	      0.00000000	      0.00000000	     -0.00000000	     -0.04326328	     -0.01261445	     -6.34382566	     -0.31554404	     -0.02289466	     -0.00000000	     -0.09923372	     -0.00786693	     -0.00000000	     -1.20319319	      0.04296686	      0.00000000	     -0.00000000	     -0.00000000	      0.07030971	      0.54091243	      0.11761235	     -1.52784402	     -1.32439998	      0.00000000	      0.00000000	      0.00000000	      0.00000000	     -0.00000000	     -0.00000000	     -0.00000000
      2.50500000	      0.00000000	      0.00000000	      0.00000000	      0.00000000	      0.00000000	      0.00000000	      0.00000000	      0.00000000	      0.00000000	      0.00000000	      0.00000000	      0.00000000	      0.00000000	      0.00000000	      0.00000000	      0.00000000	      0.00000000	      0.00000000	      0.00000000	      0.00000000	      0.00000000	      0.00000000	      0.00000000	      0.00000000	      0.00000000	      0.00000000	      0.00000000	      0.00000000	      0.00000000	      0.00000000	      0.00000000	      0.00000000	      0.00000000	      0.00000000	      0.00000000	      0.00000000	      0.00000000	      0.00000000	      0.00000000	      0.00000000	     -1.73721644	     -2.84310049	     -3.14364875	    -12.84527944	     -1.42239371	     -0.13632299	     -2.50254662	     -0.00000000	      0.00000000	      0.00000000	     -0.00000000	     -0.00000000	     -0.00000000	     -0.00000000	     -0.04344869	     -0.01280348	     -6.34385352	     -0.31649289	     -0.02311460	     -0.00000000	     -0.09953748	     -0.00811876	     -0.00000000	     -1.20362311	      0.04298845	      0.00000000	     -0.00000000	     -0.00000000	      0.07033630	      0.54121451	      0.11767169	     -1.52832482	     -1.32476061	      0.00000000	      0.00000000	      0.00000000	      0.00000000	      0.00000000	      0.00000000	     -0.00000000
      2.51000000	      0.00000000	      0.00000000	      0.00000000	      0.00000000	      0.00000000	      0.00000000	      0.00000000	      0.00000000	      0.00000000	      0.00000000	      0.00000000	      0.00000000	      0.00000000	      0.00000000	      0.00000000	      0.00000000	      0.00000000	      0.00000000	      0.00000000	      0.00000000	      0.00000000	      0.00000000	      0.00000000	      0.00000000	      0.00000000	      0.00000000	      0.00000000	      0.00000000	      0.00000000	      0.00000000	      0.00000000	      0.00000000	      0.00000000	      0.00000000	      0.00000000	      0.00000000	      0.00000000	      0.00000000	      0.00000000	      0.00000000	     -1.73731056	     -2.84361662	     -3.14347751	    -12.84566494	     -1.42236262	     -0.13624096	     -2.50372140	     -0.00000000	      0.00000000	      0.00000000	     -0.00000000	      0.00000000	     -0.00000000	      0.00000000	     -0.04365856	     -0.01301648	     -6.34378216	     -0.31767499	     -0.02337096	     -0.00000000	     -0.09992105	     -0.00841796	     -0.00000000	     -1.20401675	      0.04301630	     -0.00000000	     -0.00000000	     -0.00000000	      0.07036674	      0.54142338	      0.11772868	     -1.52887003	     -1.32513292	     -0.00000000	      0.00000000	      0.00000000	     -0.00000000	     -0.00000000	      0.00000000	     -0.00000000
      2.51500000	      0.00000000	      0.00000000	      0.00000000	      0.00000000	      0.00000000	      0.00000000	      0.00000000	      0.00000000	      0.00000000	      0.00000000	      0.00000000	      0.00000000	      0.00000000	      0.00000000	      0.00000000	      0.00000000	      0.00000000	      0.00000000	      0.00000000	      0.00000000	      0.00000000	      0.00000000	      0.00000000	      0.00000000	      0.00000000	      0.00000000	      0.00000000	      0.00000000	      0.00000000	      0.00000000	      0.00000000	      0.00000000	      0.00000000	      0.00000000	      0.00000000	      0.00000000	      0.00000000	      0.00000000	      0.00000000	      0.00000000	     -1.73732398	     -2.84397238	     -3.14321258	    -12.84586930	     -1.42228049	     -0.13614611	     -2.50496982	      0.00000000	      0.00000000	      0.00000000	      0.00000000	      0.00000000	      0.00000000	     -0.00000000	     -0.04389539	     -0.01325612	     -6.34364713	     -0.31912772	     -0.02366956	     -0.00000000	     -0.10039769	     -0.00877233	     -0.00000000	     -1.20438341	      0.04304926	      0.00000000	      0.00000000	     -0.00000000	      0.07040016	      0.54148607	      0.11778004	     -1.52953565	     -1.32553310	     -0.00000000	      0.00000000	      0.00000000	      0.00000000	     -0.00000000	      0.00000000	     -0.00000000
      2.52000000	      0.00000000	      0.00000000	      0.00000000	      0.00000000	      0.00000000	      0.00000000	      0.00000000	      0.00000000	      0.00000000	      0.00000000	      0.00000000	      0.00000000	      0.00000000	      0.00000000	      0.00000000	      0.00000000	      0.00000000	      0.00000000	      0.00000000	      0.00000000	      0.00000000	      0.00000000	      0.00000000	      0.00000000	      0.00000000	      0.00000000	      0.00000000	      0.00000000	      0.00000000	      0.00000000	      0.00000000	      0.00000000	      0.00000000	      0.00000000	      0.00000000	      0.00000000	      0.00000000	      0.00000000	      0.00000000	      0.00000000	     -1.73726670	     -2.84418987	     -3.14287123	    -12.84595530	     -1.42215737	     -0.13603914	     -2.50633666	     -0.00000000	      0.00000000	      0.00000000	     -0.00000000	      0.00000000	      0.00000000	      0.00000000	     -0.04416168	     -0.01352484	     -6.34349378	     -0.32088879	     -0.02401653	     -0.00000000	     -0.10098075	     -0.00919006	     -0.00000000	     -1.20473644	      0.04308578	      0.00000000	      0.00000000	     -0.00000000	      0.07043532	      0.54134554	      0.11782213	     -1.53038525	     -1.32598026	     -0.00000000	      0.00000000	     -0.00000000	     -0.00000000	     -0.00000000	     -0.00000000	     -0.00000000
      2.52500000	      0.00000000	      0.00000000	      0.00000000	      0.00000000	      0.00000000	      0.00000000	      0.00000000	      0.00000000	      0.00000000	      0.00000000	      0.00000000	      0.00000000	      0.00000000	      0.00000000	      0.00000000	      0.00000000	      0.00000000	      0.00000000	      0.00000000	      0.00000000	      0.00000000	      0.00000000	      0.00000000	      0.00000000	      0.00000000	      0.00000000	      0.00000000	      0.00000000	      0.00000000	      0.00000000	      0.00000000	      0.00000000	      0.00000000	      0.00000000	      0.00000000	      0.00000000	      0.00000000	      0.00000000	      0.00000000	      0.00000000	     -1.73715399	     -2.84430267	     -3.14247707	    -12.84600421	     -1.42200692	     -0.13592120	     -2.50787316	     -0.00000000	      0.00000000	     -0.00000000	      0.00000000	      0.00000000	     -0.00000000	      0.00000000	     -0.04445988	     -0.01382479	     -6.34337719	     -0.32299443	     -0.02441829	     -0.00000000	     -0.10168303	     -0.00967955	     -0.00000000	     -1.20509326	      0.04312387	      0.00000000	     -0.00000000	     -0.00000000	      0.07047064	      0.54094296	      0.11785117	     -1.53148830	     -1.32649612	     -0.00000000	      0.00000000	      0.00000000	     -0.00000000	     -0.00000000	     -0.00000000	     -0.00000000
      2.53000000	      0.00000000	      0.00000000	      0.00000000	      0.00000000	      0.00000000	      0.00000000	      0.00000000	      0.00000000	      0.00000000	      0.00000000	      0.00000000	      0.00000000	      0.00000000	      0.00000000	      0.00000000	      0.00000000	      0.00000000	      0.00000000	      0.00000000	      0.00000000	      0.00000000	      0.00000000	      0.00000000	      0.00000000	      0.00000000	      0.00000000	      0.00000000	      0.00000000	      0.00000000	      0.00000000	      0.00000000	      0.00000000	      0.00000000	      0.00000000	      0.00000000	      0.00000000	      0.00000000	      0.00000000	      0.00000000	      0.00000000	     -1.73700623	     -2.84435550	     -3.14205958	    -12.84611497	     -1.42184608	     -0.13579375	     -2.50963621	      0.00000000	      0.00000000	      0.00000000	      0.00000000	      0.00000000	      0.00000000	     -0.00000000	     -0.04479246	     -0.01415786	     -6.34336142	     -0.32547712	     -0.02488147	     -0.00000000	     -0.10251584	     -0.01024925	     -0.00000000	     -1.20547520	      0.04316118	     -0.00000000	     -0.00000000	     -0.00000000	      0.07050422	      0.54022089	      0.11786348	     -1.53291767	     -1.32710449	     -0.00000000	      0.00000000	     -0.00000000	      0.00000000	      0.00000000	      0.00000000	      0.00000000
      2.53500000	      0.00000000	      0.00000000	      0.00000000	      0.00000000	      0.00000000	      0.00000000	      0.00000000	      0.00000000	      0.00000000	      0.00000000	      0.00000000	      0.00000000	      0.00000000	      0.00000000	      0.00000000	      0.00000000	      0.00000000	      0.00000000	      0.00000000	      0.00000000	      0.00000000	      0.00000000	      0.00000000	      0.00000000	      0.00000000	      0.00000000	      0.00000000	      0.00000000	      0.00000000	      0.00000000	      0.00000000	      0.00000000	      0.00000000	      0.00000000	      0.00000000	      0.00000000	      0.00000000	      0.00000000	      0.00000000	      0.00000000	     -1.73684831	     -2.84440303	     -3.14166051	    -12.84640197	     -1.42169452	     -0.13565852	     -2.51168705	      0.00000000	      0.00000000	      0.00000000	      0.00000000	     -0.00000000	     -0.00000000	      0.00000000	     -0.04516191	     -0.01452567	     -6.34351810	     -0.32836312	     -0.02541280	     -0.00000000	     -0.10348815	     -0.01090735	     -0.00000000	     -1.20590692	      0.04319513	     -0.00000000	     -0.00000000	     -0.00000000	      0.07053398	      0.53912707	      0.11785578	     -1.53474632	     -1.32783053	     -0.00000000	      0.00000000	      0.00000000	      0.00000000	      0.00000000	      0.00000000	      0.00000000
      2.54000000	      0.00000000	      0.00000000	      0.00000000	      0.00000000	      0.00000000	      0.00000000	      0.00000000	      0.00000000	      0.00000000	      0.00000000	      0.00000000	      0.00000000	      0.00000000	      0.00000000	      0.00000000	      0.00000000	      0.00000000	      0.00000000	      0.00000000	      0.00000000	      0.00000000	      0.00000000	      0.00000000	      0.00000000	      0.00000000	      0.00000000	      0.00000000	      0.00000000	      0.00000000	      0.00000000	      0.00000000	      0.00000000	      0.00000000	      0.00000000	      0.00000000	      0.00000000	      0.00000000	      0.00000000	      0.00000000	      0.00000000	     -1.73670870	     -2.84450780	     -3.14130343	    -12.84699143	     -1.42157375	     -0.13551733	     -2.51408975	      0.00000000	      0.00000000	     -0.00000000	     -0.00000000	      0.00000000	     -0.00000000	     -0.00000000	     -0.04557081	     -0.01492960	     -6.34392428	     -0.33167012	     -0.02601914	     -0.00000000	     -0.10460563	     -0.01166164	     -0.00000000	     -1.20641564	      0.04322302	      0.00000000	      0.00000000	     -0.00000000	      0.07055773	      0.53761812	      0.11782554	     -1.53704401	     -1.32869996	      0.00000000	      0.00000000	     -0.00000000	     -0.00000000	      0.00000000	      0.00000000	     -0.00000000
      2.54500000	      0.00000000	      0.00000000	      0.00000000	      0.00000000	      0.00000000	      0.00000000	      0.00000000	      0.00000000	      0.00000000	      0.00000000	      0.00000000	      0.00000000	      0.00000000	      0.00000000	      0.00000000	      0.00000000	      0.00000000	      0.00000000	      0.00000000	      0.00000000	      0.00000000	      0.00000000	      0.00000000	      0.00000000	      0.00000000	      0.00000000	      0.00000000	      0.00000000	      0.00000000	      0.00000000	      0.00000000	      0.00000000	      0.00000000	      0.00000000	      0.00000000	      0.00000000	      0.00000000	      0.00000000	      0.00000000	      0.00000000	     -1.73661829	     -2.84473765	     -3.14103566	    -12.84801708	     -1.42150622	     -0.13537201	     -2.51690986	     -0.00000000	     -0.00000000	      0.00000000	     -0.00000000	     -0.00000000	     -0.00000000	      0.00000000	     -0.04602184	     -0.01537091	     -6.34466016	     -0.33540584	     -0.02670738	     -0.00000000	     -0.10587017	     -0.01251935	     -0.00000000	     -1.20703031	      0.04324224	     -0.00000000	     -0.00000000	     -0.00000000	      0.07057336	      0.53566159	      0.11777108	     -1.53987484	     -1.32973839	     -0.00000000	      0.00000000	      0.00000000	      0.00000000	      0.00000000	     -0.00000000	      0.00000000
      2.55000000	      0.00000000	      0.00000000	      0.00000000	      0.00000000	      0.00000000	      0.00000000	      0.00000000	      0.00000000	      0.00000000	      0.00000000	      0.00000000	      0.00000000	      0.00000000	      0.00000000	      0.00000000	      0.00000000	      0.00000000	      0.00000000	      0.00000000	      0.00000000	      0.00000000	      0.00000000	      0.00000000	      0.00000000	      0.00000000	      0.00000000	      0.00000000	      0.00000000	      0.00000000	      0.00000000	      0.00000000	      0.00000000	      0.00000000	      0.00000000	      0.00000000	      0.00000000	      0.00000000	      0.00000000	      0.00000000	      0.00000000	     -1.73660915	     -2.84516327	     -3.14089795	    -12.84961592	     -1.42152671	     -0.13522433	     -2.52021359	      0.00000000	      0.00000000	     -0.00000000	      0.00000000	     -0.00000000	     -0.00000000	      0.00000000	     -0.04651777	     -0.01585079	     -6.34580685	     -0.33956766	     -0.02748449	     -0.00000000	     -0.10727974	     -0.01348720	     -0.00000000	     -1.20778082	      0.04325027	     -0.00000000	      0.00000000	     -0.00000000	      0.07057885	      0.53323587	      0.11769158	     -1.54329653	     -1.33097091	     -0.00000000	      0.00000000	     -0.00000000	      0.00000000	     -0.00000000	     -0.00000000	      0.00000000
      2.55500000	      0.00000000	      0.00000000	      0.00000000	      0.00000000	      0.00000000	      0.00000000	      0.00000000	      0.00000000	      0.00000000	      0.00000000	      0.00000000	      0.00000000	      0.00000000	      0.00000000	      0.00000000	      0.00000000	      0.00000000	      0.00000000	      0.00000000	      0.00000000	      0.00000000	      0.00000000	      0.00000000	      0.00000000	      0.00000000	      0.00000000	      0.00000000	      0.00000000	      0.00000000	      0.00000000	      0.00000000	      0.00000000	      0.00000000	      0.00000000	      0.00000000	      0.00000000	      0.00000000	      0.00000000	      0.00000000	      0.00000000	     -1.73671360	     -2.84585608	     -3.14080717	    -12.85192443	     -1.42163328	     -0.13507593	     -2.52406708	      0.00000000	     -0.00000000	     -0.00000000	      0.00000000	     -0.00000000	     -0.00000000	     -0.00000000	     -0.04706145	     -0.01637041	     -6.34744457	     -0.34414300	     -0.02835751	     -0.00000000	     -0.10882866	     -0.01457143	     -0.00000000	     -1.20869736	      0.04324485	     -0.00000000	      0.00000000	     -0.00000000	      0.07057241	      0.53032967	      0.11758696	     -1.54736005	     -1.33242184	      0.00000000	      0.00000000	      0.00000000	      0.00000000	      0.00000000	      0.00000000	     -0.00000000
      2.56000000	      0.00000000	      0.00000000	      0.00000000	      0.00000000	      0.00000000	      0.00000000	      0.00000000	      0.00000000	      0.00000000	      0.00000000	      0.00000000	      0.00000000	      0.00000000	      0.00000000	      0.00000000	      0.00000000	      0.00000000	      0.00000000	      0.00000000	      0.00000000	      0.00000000	      0.00000000	      0.00000000	      0.00000000	      0.00000000	      0.00000000	      0.00000000	      0.00000000	      0.00000000	      0.00000000	      0.00000000	      0.00000000	      0.00000000	      0.00000000	      0.00000000	      0.00000000	      0.00000000	      0.00000000	      0.00000000	      0.00000000	     -1.73696317	     -2.84688609	     -3.14104825	    -12.85507465	     -1.42177214	     -0.13492824	     -2.52853512	      0.00000000	      0.00000000	     -0.00000000	      0.00000000	      0.00000000	      0.00000000	      0.00000000	     -0.04765584	     -0.01693105	     -6.34965045	     -0.34910997	     -0.02933360	     -0.00000000	     -0.11050789	     -0.01577787	     -0.00000000	     -1.20980969	      0.04322403	      0.00000000	      0.00000000	     -0.00000000	      0.07055253	      0.52694319	      0.11745797	     -1.55210779	     -1.33411424	      0.00000000	      0.00000000	     -0.00000000	      0.00000000	      0.00000000	      0.00000000	      0.00000000
      2.56500000	      0.00000000	      0.00000000	      0.00000000	      0.00000000	      0.00000000	      0.00000000	      0.00000000	      0.00000000	      0.00000000	      0.00000000	      0.00000000	      0.00000000	      0.00000000	      0.00000000	      0.00000000	      0.00000000	      0.00000000	      0.00000000	      0.00000000	      0.00000000	      0.00000000	      0.00000000	      0.00000000	      0.00000000	      0.00000000	      0.00000000	      0.00000000	      0.00000000	      0.00000000	      0.00000000	      0.00000000	      0.00000000	      0.00000000	      0.00000000	      0.00000000	      0.00000000	      0.00000000	      0.00000000	      0.00000000	      0.00000000	     -1.73738738	     -2.84831943	     -3.14153267	    -12.85918954	     -1.42213633	     -0.13478235	     -2.53367952	     -0.00000000	      0.00000000	     -0.00000000	      0.00000000	      0.00000000	      0.00000000	      0.00000000	     -0.04830403	     -0.01753418	     -6.35249599	     -0.35443853	     -0.03042001	     -0.00000000	     -0.11230561	     -0.01711182	     -0.00000000	     -1.21114625	      0.04318634	      0.00000000	      0.00000000	     -0.00000000	      0.07051812	      0.52309045	      0.11730639	     -1.55757088	     -1.33606908	     -0.00000000	      0.00000000	     -0.00000000	      0.00000000	      0.00000000	      0.00000000	      0.00000000
      2.57000000	      0.00000000	      0.00000000	      0.00000000	      0.00000000	      0.00000000	      0.00000000	      0.00000000	      0.00000000	      0.00000000	      0.00000000	      0.00000000	      0.00000000	      0.00000000	      0.00000000	      0.00000000	      0.00000000	      0.00000000	      0.00000000	      0.00000000	      0.00000000	      0.00000000	      0.00000000	      0.00000000	      0.00000000	      0.00000000	      0.00000000	      0.00000000	      0.00000000	      0.00000000	      0.00000000	      0.00000000	      0.00000000	      0.00000000	      0.00000000	      0.00000000	      0.00000000	      0.00000000	      0.00000000	      0.00000000	      0.00000000	     -1.73801230	     -2.85021523	     -3.14228961	    -12.86437726	     -1.42265471	     -0.13463882	     -2.53955705	      0.00000000	      0.00000000	      0.00000000	     -0.00000000	      0.00000000	     -0.00000000	      0.00000000	     -0.04900927	     -0.01818159	     -6.35604387	     -0.36009255	     -0.03162406	     -0.00000000	     -0.11420807	     -0.01857797	     -0.00000000	     -1.21273306	      0.04313098	     -0.00000000	     -0.00000000	     -0.00000000	      0.07046869	      0.51880212	      0.11713523	     -1.56376591	     -1.33830439	     -0.00000000	      0.00000000	     -0.00000000	     -0.00000000	      0.00000000	      0.00000000	     -0.00000000
      2.57500000	      0.00000000	      0.00000000	      0.00000000	      0.00000000	      0.00000000	      0.00000000	      0.00000000	      0.00000000	      0.00000000	      0.00000000	      0.00000000	      0.00000000	      0.00000000	      0.00000000	      0.00000000	      0.00000000	      0.00000000	      0.00000000	      0.00000000	      0.00000000	      0.00000000	      0.00000000	      0.00000000	      0.00000000	      0.00000000	      0.00000000	      0.00000000	      0.00000000	      0.00000000	      0.00000000	      0.00000000	      0.00000000	      0.00000000	      0.00000000	      0.00000000	      0.00000000	      0.00000000	      0.00000000	      0.00000000	      0.00000000	     -1.73885875	     -2.85262195	     -3.14334025	    -12.87072472	     -1.42333854	     -0.13449754	     -2.54621734	     -0.00000000	      0.00000000	      0.00000000	     -0.00000000	     -0.00000000	     -0.00000000	      0.00000000	     -0.04977505	     -0.01887559	     -6.36034436	     -0.36603307	     -0.03295321	     -0.00000000	     -0.11620079	     -0.02018030	     -0.00000000	     -1.21459242	      0.04305798	     -0.00000000	     -0.00000000	     -0.00000000	      0.07040452	      0.51412808	      0.11694897	     -1.57069187	     -1.34083420	     -0.00000000	      0.00000000	      0.00000000	     -0.00000000	     -0.00000000	     -0.00000000	      0.00000000
      2.58000000	      0.00000000	      0.00000000	      0.00000000	      0.00000000	      0.00000000	      0.00000000	      0.00000000	      0.00000000	      0.00000000	      0.00000000	      0.00000000	      0.00000000	      0.00000000	      0.00000000	      0.00000000	      0.00000000	      0.00000000	      0.00000000	      0.00000000	      0.00000000	      0.00000000	      0.00000000	      0.00000000	      0.00000000	      0.00000000	      0.00000000	      0.00000000	      0.00000000	      0.00000000	      0.00000000	      0.00000000	      0.00000000	      0.00000000	      0.00000000	      0.00000000	      0.00000000	      0.00000000	      0.00000000	      0.00000000	      0.00000000	     -1.73994045	     -2.85557337	     -3.14469548	    -12.87829078	     -1.42419320	     -0.13435756	     -2.55370126	     -0.00000000	     -0.00000000	     -0.00000000	     -0.00000000	     -0.00000000	      0.00000000	     -0.00000000	     -0.05060508	     -0.01961919	     -6.36543180	     -0.37222182	     -0.03441514	     -0.00000000	     -0.11826981	     -0.02192191	     -0.00000000	     -1.21674165	      0.04296837	      0.00000000	     -0.00000000	     -0.00000000	      0.07032674	      0.50913757	      0.11675359	     -1.57832906	     -1.34366796	      0.00000000	      0.00000000	      0.00000000	      0.00000000	     -0.00000000	     -0.00000000	      0.00000000
      2.58500000	      0.00000000	      0.00000000	      0.00000000	      0.00000000	      0.00000000	      0.00000000	      0.00000000	      0.00000000	      0.00000000	      0.00000000	      0.00000000	      0.00000000	      0.00000000	      0.00000000	      0.00000000	      0.00000000	      0.00000000	      0.00000000	      0.00000000	      0.00000000	      0.00000000	      0.00000000	      0.00000000	      0.00000000	      0.00000000	      0.00000000	      0.00000000	      0.00000000	      0.00000000	      0.00000000	      0.00000000	      0.00000000	      0.00000000	      0.00000000	      0.00000000	      0.00000000	      0.00000000	      0.00000000	      0.00000000	      0.00000000	     -1.74126238	     -2.85908509	     -3.14635408	    -12.88710080	     -1.42521726	     -0.13421698	     -2.56204053	      0.00000000	     -0.00000000	      0.00000000	      0.00000000	      0.00000000	     -0.00000000	     -0.00000000	     -0.05150322	     -0.02041626	     -6.37132195	     -0.37862432	     -0.03601779	     -0.00000000	     -0.12040262	     -0.02380492	     -0.00000000	     -1.21919199	      0.04286417	     -0.00000000	      0.00000000	     -0.00000000	      0.07023748	      0.50391595	      0.11655634	     -1.58664105	     -1.34681032	      0.00000000	      0.00000000	     -0.00000000	      0.00000000	      0.00000000	      0.00000000	      0.00000000
      2.59000000	      0.00000000	      0.00000000	      0.00000000	      0.00000000	      0.00000000	      0.00000000	      0.00000000	      0.00000000	      0.00000000	      0.00000000	      0.00000000	      0.00000000	      0.00000000	      0.00000000	      0.00000000	      0.00000000	      0.00000000	      0.00000000	      0.00000000	      0.00000000	      0.00000000	      0.00000000	      0.00000000	      0.00000000	      0.00000000	      0.00000000	      0.00000000	      0.00000000	      0.00000000	      0.00000000	      0.00000000	      0.00000000	      0.00000000	      0.00000000	      0.00000000	      0.00000000	      0.00000000	      0.00000000	      0.00000000	      0.00000000	     -1.74281961	     -2.86315198	     -3.14830170	    -12.89714286	     -1.42633038	     -0.13407302	     -2.57125805	     -0.00000000	     -0.00000000	      0.00000000	      0.00000000	     -0.00000000	     -0.00000000	      0.00000000	     -0.05247328	     -0.02127162	     -6.37801034	     -0.38521130	     -0.03776939	     -0.00000000	     -0.12258856	     -0.02583024	     -0.00000000	     -1.22194803	      0.04274838	     -0.00000000	     -0.00000000	     -0.00000000	      0.07013978	      0.49856002	      0.11636539	     -1.59557802	     -1.35026145	     -0.00000000	      0.00000000	      0.00000000	     -0.00000000	      0.00000000	     -0.00000000	      0.00000000
      2.59500000	      0.00000000	      0.00000000	      0.00000000	      0.00000000	      0.00000000	      0.00000000	      0.00000000	      0.00000000	      0.00000000	      0.00000000	      0.00000000	      0.00000000	      0.00000000	      0.00000000	      0.00000000	      0.00000000	      0.00000000	      0.00000000	      0.00000000	      0.00000000	      0.00000000	      0.00000000	      0.00000000	      0.00000000	      0.00000000	      0.00000000	      0.00000000	      0.00000000	      0.00000000	      0.00000000	      0.00000000	      0.00000000	      0.00000000	      0.00000000	      0.00000000	      0.00000000	      0.00000000	      0.00000000	      0.00000000	      0.00000000	     -1.74459652	     -2.86774631	     -3.15051005	    -12.90836534	     -1.42765919	     -0.13392193	     -2.58136825	      0.00000000	     -0.00000000	      0.00000000	     -0.00000000	     -0.00000000	      0.00000000	      0.00000000	     -0.05351894	     -0.02219109	     -6.38547107	     -0.39195845	     -0.03967834	     -0.00000000	     -0.12481850	     -0.02799730	     -0.00000000	     -1.22500710	      0.04262492	      0.00000000	     -0.00000000	     -0.00000000	      0.07003762	      0.49317471	      0.11618964	     -1.60507969	     -1.35401712	      0.00000000	      0.00000000	      0.00000000	      0.00000000	      0.00000000	      0.00000000	      0.00000000
      2.60000000	      0.00000000	      0.00000000	      0.00000000	      0.00000000	      0.00000000	      0.00000000	      0.00000000	      0.00000000	      0.00000000	      0.00000000	      0.00000000	      0.00000000	      0.00000000	      0.00000000	      0.00000000	      0.00000000	      0.00000000	      0.00000000	      0.00000000	      0.00000000	      0.00000000	      0.00000000	      0.00000000	      0.00000000	      0.00000000	      0.00000000	      0.00000000	      0.00000000	      0.00000000	      0.00000000	      0.00000000	      0.00000000	      0.00000000	      0.00000000	      0.00000000	      0.00000000	      0.00000000	      0.00000000	      0.00000000	      0.00000000	     -1.74656608	     -2.87281615	     -3.15293643	    -12.92067524	     -1.42910769	     -0.13375909	     -2.59237749	     -0.00000000	     -0.00000000	      0.00000000	      0.00000000	      0.00000000	     -0.00000000	      0.00000000	     -0.05464366	     -0.02318154	     -6.39365600	     -0.39884556	     -0.04175315	     -0.00000000	     -0.12708450	     -0.03030398	     -0.00000000	     -1.22835888	      0.04249861	      0.00000000	      0.00000000	     -0.00000000	      0.06993588	      0.48787019	      0.11603855	     -1.61507781	     -1.35806890	     -0.00000000	      0.00000000	      0.00000000	      0.00000000	      0.00000000	     -0.00000000	     -0.00000000
      2.60500000	      0.00000000	      0.00000000	      0.00000000	      0.00000000	      0.00000000	      0.00000000	      0.00000000	      0.00000000	      0.00000000	      0.00000000	      0.00000000	      0.00000000	      0.00000000	      0.00000000	      0.00000000	      0.00000000	      0.00000000	      0.00000000	      0.00000000	      0.00000000	      0.00000000	      0.00000000	      0.00000000	      0.00000000	      0.00000000	      0.00000000	      0.00000000	      0.00000000	      0.00000000	      0.00000000	      0.00000000	      0.00000000	      0.00000000	      0.00000000	      0.00000000	      0.00000000	      0.00000000	      0.00000000	      0.00000000	      0.00000000	     -1.74868968	     -2.87828463	     -3.15552389	    -12.93393835	     -1.43064340	     -0.13357897	     -2.60428532	      0.00000000	     -0.00000000	     -0.00000000	      0.00000000	     -0.00000000	     -0.00000000	     -0.00000000	     -0.05585065	     -0.02425083	     -6.40249506	     -0.40585560	     -0.04400241	     -0.00000000	     -0.12937944	     -0.03274661	     -0.00000000	     -1.23198525	      0.04237502	     -0.00000000	      0.00000000	     -0.00000000	      0.06984021	      0.48275684	      0.11592176	     -1.62550044	     -1.36240475	      0.00000000	      0.00000000	     -0.00000000	     -0.00000000	     -0.00000000	     -0.00000000	     -0.00000000
      2.61000000	      0.00000000	      0.00000000	      0.00000000	      0.00000000	      0.00000000	      0.00000000	      0.00000000	      0.00000000	      0.00000000	      0.00000000	      0.00000000	      0.00000000	      0.00000000	      0.00000000	      0.00000000	      0.00000000	      0.00000000	      0.00000000	      0.00000000	      0.00000000	      0.00000000	      0.00000000	      0.00000000	      0.00000000	      0.00000000	      0.00000000	      0.00000000	      0.00000000	      0.00000000	      0.00000000	      0.00000000	      0.00000000	      0.00000000	      0.00000000	      0.00000000	      0.00000000	      0.00000000	      0.00000000	      0.00000000	      0.00000000	     -1.75091759	     -2.88405081	     -3.15820256	    -12.94798229	     -1.43222674	     -0.13337539	     -2.61708685	      0.00000000	     -0.00000000	     -0.00000000	     -0.00000000	      0.00000000	     -0.00000000	     -0.00000000	     -0.05714271	     -0.02540778	     -6.41189823	     -0.41297415	     -0.04643463	     -0.00000000	     -0.13169695	     -0.03532026	     -0.00000000	     -1.23586084	      0.04226030	      0.00000000	     -0.00000000	     -0.00000000	      0.06975688	      0.47793750	      0.11584844	     -1.63627814	     -1.36701032	     -0.00000000	      0.00000000	     -0.00000000	      0.00000000	     -0.00000000	     -0.00000000	     -0.00000000
      2.61500000	      0.00000000	      0.00000000	      0.00000000	      0.00000000	      0.00000000	      0.00000000	      0.00000000	      0.00000000	      0.00000000	      0.00000000	      0.00000000	      0.00000000	      0.00000000	      0.00000000	      0.00000000	      0.00000000	      0.00000000	      0.00000000	      0.00000000	      0.00000000	      0.00000000	      0.00000000	      0.00000000	      0.00000000	      0.00000000	      0.00000000	      0.00000000	      0.00000000	      0.00000000	      0.00000000	      0.00000000	      0.00000000	      0.00000000	      0.00000000	      0.00000000	      0.00000000	      0.00000000	      0.00000000	      0.00000000	      0.00000000	     -1.75319053	     -2.88999261	     -3.16089221	    -12.96260261	     -1.43374825	     -0.13314179	     -2.63077556	      0.00000000	      0.00000000	      0.00000000	     -0.00000000	      0.00000000	     -0.00000000	     -0.00000000	     -0.05852213	     -0.02666191	     -6.42175915	     -0.42018859	     -0.04905802	     -0.00000000	     -0.13403125	     -0.03801883	     -0.00000000	     -1.23995418	      0.04216085	      0.00000000	      0.00000000	     -0.00000000	      0.06969248	      0.47350020	      0.11582664	     -1.64734966	     -1.37187044	     -0.00000000	      0.00000000	      0.00000000	     -0.00000000	      0.00000000	     -0.00000000	      0.00000000
      2.62000000	      0.00000000	      0.00000000	      0.00000000	      0.00000000	      0.00000000	      0.00000000	      0.00000000	      0.00000000	      0.00000000	      0.00000000	      0.00000000	      0.00000000	      0.00000000	      0.00000000	      0.00000000	      0.00000000	      0.00000000	      0.00000000	      0.00000000	      0.00000000	      0.00000000	      0.00000000	      0.00000000	      0.00000000	      0.00000000	      0.00000000	      0.00000000	      0.00000000	      0.00000000	      0.00000000	      0.00000000	      0.00000000	      0.00000000	      0.00000000	      0.00000000	      0.00000000	      0.00000000	      0.00000000	      0.00000000	      0.00000000	     -1.75544168	     -2.89597107	     -3.16339201	    -12.97757061	     -1.43520926	     -0.13287153	     -2.64534536	      0.00000000	      0.00000000	      0.00000000	      0.00000000	     -0.00000000	     -0.00000000	     -0.00000000	     -0.05999054	     -0.02802315	     -6.43195926	     -0.42748678	     -0.05188012	     -0.00000000	     -0.13637678	     -0.04083517	     -0.00000000	     -1.24422906	      0.04208314	      0.00000000	     -0.00000000	     -0.00000000	      0.06965375	      0.46950850	      0.11586292	     -1.65866469	     -1.37697022	     -0.00000000	      0.00000000	     -0.00000000	      0.00000000	      0.00000000	      0.00000000	     -0.00000000
      2.62500000	      0.00000000	      0.00000000	      0.00000000	      0.00000000	      0.00000000	      0.00000000	      0.00000000	      0.00000000	      0.00000000	      0.00000000	      0.00000000	      0.00000000	      0.00000000	      0.00000000	      0.00000000	      0.00000000	      0.00000000	      0.00000000	      0.00000000	      0.00000000	      0.00000000	      0.00000000	      0.00000000	      0.00000000	      0.00000000	      0.00000000	      0.00000000	      0.00000000	      0.00000000	      0.00000000	      0.00000000	      0.00000000	      0.00000000	      0.00000000	      0.00000000	      0.00000000	      0.00000000	      0.00000000	      0.00000000	      0.00000000	     -1.75759897	     -2.90183489	     -3.16583569	    -12.99264124	     -1.43664928	     -0.13255804	     -2.66079173	      0.00000000	      0.00000000	     -0.00000000	     -0.00000000	     -0.00000000	      0.00000000	     -0.00000000	     -0.06154894	     -0.02950155	     -6.44237172	     -0.43485578	     -0.05490747	     -0.00000000	     -0.13872792	     -0.04376101	     -0.00000000	     -1.24864595	      0.04203352	      0.00000000	      0.00000000	     -0.00000000	      0.06964737	      0.46602629	      0.11596233	     -1.67018376	     -1.38229566	     -0.00000000	      0.00000000	     -0.00000000	      0.00000000	      0.00000000	     -0.00000000	      0.00000000
      2.63000000	      0.00000000	      0.00000000	      0.00000000	      0.00000000	      0.00000000	      0.00000000	      0.00000000	      0.00000000	      0.00000000	      0.00000000	      0.00000000	      0.00000000	      0.00000000	      0.00000000	      0.00000000	      0.00000000	      0.00000000	      0.00000000	      0.00000000	      0.00000000	      0.00000000	      0.00000000	      0.00000000	      0.00000000	      0.00000000	      0.00000000	      0.00000000	      0.00000000	      0.00000000	      0.00000000	      0.00000000	      0.00000000	      0.00000000	      0.00000000	      0.00000000	      0.00000000	      0.00000000	      0.00000000	      0.00000000	      0.00000000	     -1.75958705	     -2.90742461	     -3.16801567	    -13.00756008	     -1.43793814	     -0.13219505	     -2.67711217	      0.00000000	      0.00000000	      0.00000000	     -0.00000000	     -0.00000000	      0.00000000	     -0.00000000	     -0.06319776	     -0.03110692	     -6.45286484	     -0.44228098	     -0.05814524	     -0.00000000	     -0.14107870	     -0.04678702	     -0.00000000	     -1.25316313	      0.04201816	     -0.00000000	     -0.00000000	     -0.00000000	      0.06967987	      0.46308323	      0.11612856	     -1.68187683	     -1.38783388	     -0.00000000	      0.00000000	      0.00000000	      0.00000000	     -0.00000000	      0.00000000	      0.00000000
      2.63500000	      0.00000000	      0.00000000	      0.00000000	      0.00000000	      0.00000000	      0.00000000	      0.00000000	      0.00000000	      0.00000000	      0.00000000	      0.00000000	      0.00000000	      0.00000000	      0.00000000	      0.00000000	      0.00000000	      0.00000000	      0.00000000	      0.00000000	      0.00000000	      0.00000000	      0.00000000	      0.00000000	      0.00000000	      0.00000000	      0.00000000	      0.00000000	      0.00000000	      0.00000000	      0.00000000	      0.00000000	      0.00000000	      0.00000000	      0.00000000	      0.00000000	      0.00000000	      0.00000000	      0.00000000	      0.00000000	      0.00000000	     -1.76132917	     -2.91257642	     -3.16983730	    -13.02206960	     -1.43894619	     -0.13177668	     -2.69430645	      0.00000000	      0.00000000	     -0.00000000	      0.00000000	      0.00000000	      0.00000000	     -0.00000000	     -0.06493695	     -0.03284863	     -6.46330512	     -0.44974566	     -0.06159692	     -0.00000000	     -0.14342276	     -0.04990283	     -0.00000000	     -1.25773776	      0.04204296	     -0.00000000	     -0.00000000	     -0.00000000	      0.06975754	      0.46070156	      0.11636402	     -1.69372191	     -1.39357336	      0.00000000	      0.00000000	     -0.00000000	      0.00000000	     -0.00000000	      0.00000000	      0.00000000
      2.64000000	      0.00000000	      0.00000000	      0.00000000	      0.00000000	      0.00000000	      0.00000000	      0.00000000	      0.00000000	      0.00000000	      0.00000000	      0.00000000	      0.00000000	      0.00000000	      0.00000000	      0.00000000	      0.00000000	      0.00000000	      0.00000000	      0.00000000	      0.00000000	      0.00000000	      0.00000000	      0.00000000	      0.00000000	      0.00000000	      0.00000000	      0.00000000	      0.00000000	      0.00000000	      0.00000000	      0.00000000	      0.00000000	      0.00000000	      0.00000000	      0.00000000	      0.00000000	      0.00000000	      0.00000000	      0.00000000	      0.00000000	     -1.76274877	     -2.91712547	     -3.17120764	    -13.03591430	     -1.43977516	     -0.13129756	     -2.71237664	      0.00000000	      0.00000000	     -0.00000000	     -0.00000000	     -0.00000000	     -0.00000000	     -0.00000000	     -0.06676601	     -0.03473533	     -6.47355991	     -0.45723079	     -0.06526406	     -0.00000000	     -0.14575328	     -0.05309718	     -0.00000000	     -1.26232673	      0.04211353	      0.00000000	      0.00000000	     -0.00000000	      0.06988630	      0.45889249	      0.11667001	     -1.70570359	     -1.39950391	     -0.00000000	      0.00000000	      0.00000000	     -0.00000000	      0.00000000	     -0.00000000	     -0.00000000
      2.64500000	      0.00000000	      0.00000000	      0.00000000	      0.00000000	      0.00000000	      0.00000000	      0.00000000	      0.00000000	      0.00000000	      0.00000000	      0.00000000	      0.00000000	      0.00000000	      0.00000000	      0.00000000	      0.00000000	      0.00000000	      0.00000000	      0.00000000	      0.00000000	      0.00000000	      0.00000000	      0.00000000	      0.00000000	      0.00000000	      0.00000000	      0.00000000	      0.00000000	      0.00000000	      0.00000000	      0.00000000	      0.00000000	      0.00000000	      0.00000000	      0.00000000	      0.00000000	      0.00000000	      0.00000000	      0.00000000	      0.00000000	     -1.76377070	     -2.92090849	     -3.17203681	    -13.04884456	     -1.44029796	     -0.13075285	     -2.73132649	     -0.00000000	     -0.00000000	     -0.00000000	     -0.00000000	     -0.00000000	      0.00000000	     -0.00000000	     -0.06868408	     -0.03677478	     -6.48349920	     -0.46471492	     -0.06914603	     -0.00000000	     -0.14806304	     -0.05635803	     -0.00000000	     -1.26688733	      0.04223517	     -0.00000000	     -0.00000000	     -0.00000000	      0.07007173	      0.45766018	      0.11704704	     -1.71781086	     -1.40561653	     -0.00000000	      0.00000000	      0.00000000	      0.00000000	     -0.00000000	      0.00000000	     -0.00000000
      2.65000000	      0.00000000	      0.00000000	      0.00000000	      0.00000000	      0.00000000	      0.00000000	      0.00000000	      0.00000000	      0.00000000	      0.00000000	      0.00000000	      0.00000000	      0.00000000	      0.00000000	      0.00000000	      0.00000000	      0.00000000	      0.00000000	      0.00000000	      0.00000000	      0.00000000	      0.00000000	      0.00000000	      0.00000000	      0.00000000	      0.00000000	      0.00000000	      0.00000000	      0.00000000	      0.00000000	      0.00000000	      0.00000000	      0.00000000	      0.00000000	      0.00000000	      0.00000000	      0.00000000	      0.00000000	      0.00000000	      0.00000000	     -1.76432212	     -2.92376567	     -3.17217032	    -13.06061897	     -1.44039384	     -0.13013828	     -2.75116074	     -0.00000000	     -0.00000000	     -0.00000000	     -0.00000000	     -0.00000000	      0.00000000	      0.00000000	     -0.07068992	     -0.03897370	     -6.49299682	     -0.47217426	     -0.07323987	     -0.00000000	     -0.15034442	     -0.05967264	     -0.00000000	     -1.27137762	      0.04241296	      0.00000000	     -0.00000000	     -0.00000000	      0.07031904	      0.45700274	      0.11749506	     -1.73003536	     -1.41190307	     -0.00000000	      0.00000000	      0.00000000	      0.00000000	      0.00000000	     -0.00000000	     -0.00000000
      2.65500000	      0.00000000	      0.00000000	      0.00000000	      0.00000000	      0.00000000	      0.00000000	      0.00000000	      0.00000000	      0.00000000	      0.00000000	      0.00000000	      0.00000000	      0.00000000	      0.00000000	      0.00000000	      0.00000000	      0.00000000	      0.00000000	      0.00000000	      0.00000000	      0.00000000	      0.00000000	      0.00000000	      0.00000000	      0.00000000	      0.00000000	      0.00000000	      0.00000000	      0.00000000	      0.00000000	      0.00000000	      0.00000000	      0.00000000	      0.00000000	      0.00000000	      0.00000000	      0.00000000	      0.00000000	      0.00000000	      0.00000000	     -1.76433321	     -2.92554235	     -3.17165076	    -13.07100617	     -1.44016206	     -0.12945020	     -2.77188479	      0.00000000	      0.00000000	      0.00000000	      0.00000000	      0.00000000	      0.00000000	     -0.00000000	     -0.07278192	     -0.04133772	     -6.50193152	     -0.47958304	     -0.07754012	     -0.00000000	     -0.15258962	     -0.06302785	     -0.00000000	     -1.27575686	      0.04265169	     -0.00000000	      0.00000000	     -0.00000000	      0.07063309	      0.45691554	      0.11801341	     -1.74237121	     -1.41835626	     -0.00000000	      0.00000000	      0.00000000	     -0.00000000	     -0.00000000	     -0.00000000	      0.00000000
      2.66000000	      0.00000000	      0.00000000	      0.00000000	      0.00000000	      0.00000000	      0.00000000	      0.00000000	      0.00000000	      0.00000000	      0.00000000	      0.00000000	      0.00000000	      0.00000000	      0.00000000	      0.00000000	      0.00000000	      0.00000000	      0.00000000	      0.00000000	      0.00000000	      0.00000000	      0.00000000	      0.00000000	      0.00000000	      0.00000000	      0.00000000	      0.00000000	      0.00000000	      0.00000000	      0.00000000	      0.00000000	      0.00000000	      0.00000000	      0.00000000	      0.00000000	      0.00000000	      0.00000000	      0.00000000	      0.00000000	      0.00000000	     -1.76373811	     -2.92609106	     -3.17038801	    -13.07978708	     -1.43941915	     -0.12868568	     -2.79350490	      0.00000000	     -0.00000000	     -0.00000000	     -0.00000000	     -0.00000000	     -0.00000000	      0.00000000	     -0.07495796	     -0.04387118	     -6.51018833	     -0.48691406	     -0.08203884	     -0.00000000	     -0.15479088	     -0.06641029	     -0.00000000	     -1.27998616	      0.04295583	      0.00000000	      0.00000000	     -0.00000000	      0.07101827	      0.45738795	      0.11860066	     -1.75481617	     -1.42497004	      0.00000000	      0.00000000	     -0.00000000	      0.00000000	     -0.00000000	     -0.00000000	     -0.00000000
      2.66500000	      0.00000000	      0.00000000	      0.00000000	      0.00000000	      0.00000000	      0.00000000	      0.00000000	      0.00000000	      0.00000000	      0.00000000	      0.00000000	      0.00000000	      0.00000000	      0.00000000	      0.00000000	      0.00000000	      0.00000000	      0.00000000	      0.00000000	      0.00000000	      0.00000000	      0.00000000	      0.00000000	      0.00000000	      0.00000000	      0.00000000	      0.00000000	      0.00000000	      0.00000000	      0.00000000	      0.00000000	      0.00000000	      0.00000000	      0.00000000	      0.00000000	      0.00000000	      0.00000000	      0.00000000	      0.00000000	      0.00000000	     -1.76247591	     -2.92527385	     -3.16817505	    -13.08675725	     -1.43824332	     -0.12784256	     -2.81602829	      0.00000000	     -0.00000000	     -0.00000000	      0.00000000	      0.00000000	     -0.00000000	      0.00000000	     -0.07721532	     -0.04657711	     -6.51765998	     -0.49413896	     -0.08672553	     -0.00000000	     -0.15694063	     -0.06980654	     -0.00000000	     -1.28402910	      0.04332940	     -0.00000000	      0.00000000	     -0.00000000	      0.07147851	      0.45840305	      0.11925453	     -1.76737257	     -1.43173975	      0.00000000	      0.00000000	     -0.00000000	      0.00000000	      0.00000000	      0.00000000	      0.00000000
      2.67000000	      0.00000000	      0.00000000	      0.00000000	      0.00000000	      0.00000000	      0.00000000	      0.00000000	      0.00000000	      0.00000000	      0.00000000	      0.00000000	      0.00000000	      0.00000000	      0.00000000	      0.00000000	      0.00000000	      0.00000000	      0.00000000	      0.00000000	      0.00000000	      0.00000000	      0.00000000	      0.00000000	      0.00000000	      0.00000000	      0.00000000	      0.00000000	      0.00000000	      0.00000000	      0.00000000	      0.00000000	      0.00000000	      0.00000000	      0.00000000	      0.00000000	      0.00000000	      0.00000000	      0.00000000	      0.00000000	      0.00000000	     -1.76049154	     -2.92296448	     -3.16499625	    -13.09172861	     -1.43642226	     -0.12691953	     -2.83946288	     -0.00000000	      0.00000000	      0.00000000	     -0.00000000	     -0.00000000	     -0.00000000	      0.00000000	     -0.07955060	     -0.04945705	     -6.52424793	     -0.50122814	     -0.09158720	     -0.00000000	     -0.15903152	     -0.07320326	     -0.00000000	     -1.28785235	      0.04377598	     -0.00000000	     -0.00000000	     -0.00000000	      0.07201717	      0.45993846	      0.11997198	     -1.78004705	     -1.43866213	     -0.00000000	      0.00000000	      0.00000000	      0.00000000	      0.00000000	     -0.00000000	     -0.00000000
      2.67500000	      0.00000000	      0.00000000	      0.00000000	      0.00000000	      0.00000000	      0.00000000	      0.00000000	      0.00000000	      0.00000000	      0.00000000	      0.00000000	      0.00000000	      0.00000000	      0.00000000	      0.00000000	      0.00000000	      0.00000000	      0.00000000	      0.00000000	      0.00000000	      0.00000000	      0.00000000	      0.00000000	      0.00000000	      0.00000000	      0.00000000	      0.00000000	      0.00000000	      0.00000000	      0.00000000	      0.00000000	      0.00000000	      0.00000000	      0.00000000	      0.00000000	      0.00000000	      0.00000000	      0.00000000	      0.00000000	      0.00000000	     -1.75773642	     -2.91905000	     -3.16096582	    -13.09453023	     -1.43420502	     -0.12591605	     -2.86381647	      0.00000000	     -0.00000000	      0.00000000	     -0.00000000	     -0.00000000	      0.00000000	     -0.00000000	     -0.08195965	     -0.05251103	     -6.52986288	     -0.50815067	     -0.09660843	     -0.00000000	     -0.16105645	     -0.07658730	     -0.00000000	     -1.29142597	      0.04429867	     -0.00000000	     -0.00000000	     -0.00000000	      0.07263710	      0.46196807	      0.12074934	     -1.79284955	     -1.44573503	      0.00000000	      0.00000000	      0.00000000	     -0.00000000	      0.00000000	      0.00000000	      0.00000000
      2.68000000	      0.00000000	      0.00000000	      0.00000000	      0.00000000	      0.00000000	      0.00000000	      0.00000000	      0.00000000	      0.00000000	      0.00000000	      0.00000000	      0.00000000	      0.00000000	      0.00000000	      0.00000000	      0.00000000	      0.00000000	      0.00000000	      0.00000000	      0.00000000	      0.00000000	      0.00000000	      0.00000000	      0.00000000	      0.00000000	      0.00000000	      0.00000000	      0.00000000	      0.00000000	      0.00000000	      0.00000000	      0.00000000	      0.00000000	      0.00000000	      0.00000000	      0.00000000	      0.00000000	      0.00000000	      0.00000000	      0.00000000	     -1.75416875	     -2.91343168	     -3.15591992	    -13.09500785	     -1.43132138	     -0.12483233	     -2.88909596	      0.00000000	      0.00000000	      0.00000000	      0.00000000	     -0.00000000	      0.00000000	     -0.00000000	     -0.08443762	     -0.05573759	     -6.53442462	     -0.51487405	     -0.10177156	     -0.00000000	     -0.16300851	     -0.07994575	     -0.00000000	     -1.29472354	      0.04490011	      0.00000000	     -0.00000000	     -0.00000000	      0.07334064	      0.46447743	      0.12158252	     -1.80579212	     -1.45295711	     -0.00000000	      0.00000000	     -0.00000000	      0.00000000	     -0.00000000	     -0.00000000	      0.00000000
      2.68500000	      0.00000000	      0.00000000	      0.00000000	      0.00000000	      0.00000000	      0.00000000	      0.00000000	      0.00000000	      0.00000000	      0.00000000	      0.00000000	      0.00000000	      0.00000000	      0.00000000	      0.00000000	      0.00000000	      0.00000000	      0.00000000	      0.00000000	      0.00000000	      0.00000000	      0.00000000	      0.00000000	      0.00000000	      0.00000000	      0.00000000	      0.00000000	      0.00000000	      0.00000000	      0.00000000	      0.00000000	      0.00000000	      0.00000000	      0.00000000	      0.00000000	      0.00000000	      0.00000000	      0.00000000	      0.00000000	      0.00000000	     -1.74975348	     -2.90602512	     -3.14981997	    -13.09302276	     -1.42787746	     -0.12366925	     -2.91530603	     -0.00000000	     -0.00000000	     -0.00000000	      0.00000000	     -0.00000000	     -0.00000000	      0.00000000	     -0.08697889	     -0.05913383	     -6.53786138	     -0.52136387	     -0.10705693	     -0.00000000	     -0.16488099	     -0.08326606	     -0.00000000	     -1.29772203	      0.04558251	      0.00000000	     -0.00000000	     -0.00000000	      0.07412967	      0.46741234	      0.12246727	     -1.81888693	     -1.46032726	      0.00000000	      0.00000000	      0.00000000	     -0.00000000	      0.00000000	      0.00000000	      0.00000000
      2.69000000	      0.00000000	      0.00000000	      0.00000000	      0.00000000	      0.00000000	      0.00000000	      0.00000000	      0.00000000	      0.00000000	      0.00000000	      0.00000000	      0.00000000	      0.00000000	      0.00000000	      0.00000000	      0.00000000	      0.00000000	      0.00000000	      0.00000000	      0.00000000	      0.00000000	      0.00000000	      0.00000000	      0.00000000	      0.00000000	      0.00000000	      0.00000000	      0.00000000	      0.00000000	      0.00000000	      0.00000000	      0.00000000	      0.00000000	      0.00000000	      0.00000000	      0.00000000	      0.00000000	      0.00000000	      0.00000000	      0.00000000	     -1.74446178	     -2.89675950	     -3.14252147	    -13.08844951	     -1.42389336	     -0.12242813	     -2.94244772	      0.00000000	     -0.00000000	     -0.00000000	     -0.00000000	      0.00000000	     -0.00000000	     -0.00000000	     -0.08957717	     -0.06269555	     -6.54010841	     -0.52758333	     -0.11244314	     -0.00000000	     -0.16666733	     -0.08653609	     -0.00000000	     -1.30040136	      0.04634779	     -0.00000000	     -0.00000000	     -0.00000000	      0.07500567	      0.47076254	      0.12339946	     -1.83214395	     -1.46784394	     -0.00000000	      0.00000000	      0.00000000	     -0.00000000	     -0.00000000	      0.00000000	      0.00000000
      2.69500000	      0.00000000	      0.00000000	      0.00000000	      0.00000000	      0.00000000	      0.00000000	      0.00000000	      0.00000000	      0.00000000	      0.00000000	      0.00000000	      0.00000000	      0.00000000	      0.00000000	      0.00000000	      0.00000000	      0.00000000	      0.00000000	      0.00000000	      0.00000000	      0.00000000	      0.00000000	      0.00000000	      0.00000000	      0.00000000	      0.00000000	      0.00000000	      0.00000000	      0.00000000	      0.00000000	      0.00000000	      0.00000000	      0.00000000	      0.00000000	      0.00000000	      0.00000000	      0.00000000	      0.00000000	      0.00000000	      0.00000000	     -1.73827020	     -2.88557583	     -3.13422243	    -13.08117241	     -1.41922722	     -0.12111065	     -2.97051662	     -0.00000000	      0.00000000	      0.00000000	      0.00000000	      0.00000000	      0.00000000	     -0.00000000	     -0.09222561	     -0.06641745	     -6.54110610	     -0.53349292	     -0.11790742	     -0.00000000	     -0.16836102	     -0.08974419	     -0.00000000	     -1.30274369	      0.04719766	     -0.00000000	     -0.00000000	     -0.00000000	      0.07596992	      0.47450600	      0.12437532	     -1.84556813	     -1.47550440	     -0.00000000	      0.00000000	      0.00000000	      0.00000000	     -0.00000000	     -0.00000000	     -0.00000000
      2.70000000	      0.00000000	      0.00000000	      0.00000000	      0.00000000	      0.00000000	      0.00000000	      0.00000000	      0.00000000	      0.00000000	      0.00000000	      0.00000000	      0.00000000	      0.00000000	      0.00000000	      0.00000000	      0.00000000	      0.00000000	      0.00000000	      0.00000000	      0.00000000	      0.00000000	      0.00000000	      0.00000000	      0.00000000	      0.00000000	      0.00000000	      0.00000000	      0.00000000	      0.00000000	      0.00000000	      0.00000000	      0.00000000	      0.00000000	      0.00000000	      0.00000000	      0.00000000	      0.00000000	      0.00000000	      0.00000000	      0.00000000	     -1.73115938	     -2.87242446	     -3.12478627	    -13.07108081	     -1.41377760	     -0.11971860	     -2.99950055	     -0.00000000	     -0.00000000	      0.00000000	     -0.00000000	      0.00000000	      0.00000000	      0.00000000	     -0.09491687	     -0.07029343	     -6.54079726	     -0.53904991	     -0.12342592	     -0.00000000	     -0.16995559	     -0.09287921	     -0.00000000	     -1.30473240	      0.04813382	      0.00000000	     -0.00000000	     -0.00000000	      0.07702357	      0.47864462	      0.12539184	     -1.85915576	     -1.48330367	     -0.00000000	      0.00000000	      0.00000000	     -0.00000000	     -0.00000000	     -0.00000000	      0.00000000
      2.70500000	      0.00000000	      0.00000000	      0.00000000	      0.00000000	      0.00000000	      0.00000000	      0.00000000	      0.00000000	      0.00000000	      0.00000000	      0.00000000	      0.00000000	      0.00000000	      0.00000000	      0.00000000	      0.00000000	      0.00000000	      0.00000000	      0.00000000	      0.00000000	      0.00000000	      0.00000000	      0.00000000	      0.00000000	      0.00000000	      0.00000000	      0.00000000	      0.00000000	      0.00000000	      0.00000000	      0.00000000	      0.00000000	      0.00000000	      0.00000000	      0.00000000	      0.00000000	      0.00000000	      0.00000000	      0.00000000	      0.00000000	     -1.72311228	     -2.85726147	     -3.11408268	    -13.05806275	     -1.40783299	     -0.11825362	     -3.02937675	      0.00000000	     -0.00000000	     -0.00000000	     -0.00000000	     -0.00000000	     -0.00000000	     -0.00000000	     -0.09764337	     -0.07431688	     -6.53912359	     -0.54420814	     -0.12897401	     -0.00108875	     -0.17144436	     -0.09593049	     -0.00000000	     -1.30635076	      0.04915824	      0.00000000	     -0.00000000	     -0.00000000	      0.07816799	      0.48318044	      0.12644711	     -1.87289011	     -1.49123327	      0.00000000	      0.00000000	     -0.00000000	      0.00000000	      0.00000000	     -0.00000000	      0.00000000
      2.71000000	      0.00000000	      0.00000000	      0.00000000	      0.00000000	      0.00000000	      0.00000000	      0.00000000	      0.00000000	      0.00000000	      0.00000000	      0.00000000	      0.00000000	      0.00000000	      0.00000000	      0.00000000	      0.00000000	      0.00000000	      0.00000000	      0.00000000	      0.00000000	      0.00000000	      0.00000000	      0.00000000	      0.00000000	      0.00000000	      0.00000000	      0.00000000	      0.00000000	      0.00000000	      0.00000000	      0.00000000	      0.00000000	      0.00000000	      0.00000000	      0.00000000	      0.00000000	      0.00000000	      0.00000000	      0.00000000	      0.00000000	     -1.71411206	     -2.84004432	     -3.10231629	    -13.04199747	     -1.40120475	     -0.11671700	     -3.06010847	      0.00000000	     -0.00000000	     -0.00000000	     -0.00000000	      0.00000000	     -0.00000000	     -0.00000000	     -0.10039742	     -0.07848105	     -6.53602156	     -0.54891844	     -0.13452646	     -0.00155011	     -0.17282033	     -0.09888774	     -0.00000000	     -1.30758028	      0.05027345	     -0.00000000	     -0.00000000	     -0.00000000	      0.07940497	      0.48813795	      0.12754056	     -1.88673677	     -1.49927996	     -0.00000000	      0.00000000	      0.00000000	     -0.00000000	      0.00000000	     -0.00000000	      0.00000000
      2.71500000	      0.00000000	      0.00000000	      0.00000000	      0.00000000	      0.00000000	      0.00000000	      0.00000000	      0.00000000	      0.00000000	      0.00000000	      0.00000000	      0.00000000	      0.00000000	      0.00000000	      0.00000000	      0.00000000	      0.00000000	      0.00000000	      0.00000000	      0.00000000	      0.00000000	      0.00000000	      0.00000000	      0.00000000	      0.00000000	      0.00000000	      0.00000000	      0.00000000	      0.00000000	      0.00000000	      0.00000000	      0.00000000	      0.00000000	      0.00000000	      0.00000000	      0.00000000	      0.00000000	      0.00000000	      0.00000000	      0.00000000	     -1.70413990	     -2.82072735	     -3.08924773	    -13.02274726	     -1.39400629	     -0.11510949	     -3.09164173	      0.00000000	     -0.00000000	      0.00000000	      0.00000000	     -0.00000000	      0.00000000	     -0.00000000	     -0.10317147	     -0.08277944	     -6.53141811	     -0.55313057	     -0.14005764	     -0.00210983	     -0.17407608	     -0.10174104	     -0.00000000	     -1.30839918	      0.05148275	     -0.00000000	     -0.00000000	     -0.00000000	      0.08073705	      0.49356088	      0.12867301	     -1.90064038	     -1.50742451	     -0.00000000	      0.00000000	     -0.00000000	     -0.00000000	     -0.00000000	     -0.00000000	      0.00000000
      2.72000000	      0.00000000	      0.00000000	      0.00000000	      0.00000000	      0.00000000	      0.00000000	      0.00000000	      0.00000000	      0.00000000	      0.00000000	      0.00000000	      0.00000000	      0.00000000	      0.00000000	      0.00000000	      0.00000000	      0.00000000	      0.00000000	      0.00000000	      0.00000000	      0.00000000	      0.00000000	      0.00000000	      0.00000000	      0.00000000	      0.00000000	      0.00000000	      0.00000000	      0.00000000	      0.00000000	      0.00000000	      0.00000000	      0.00000000	      0.00000000	      0.00000000	      0.00000000	      0.00000000	      0.00000000	      0.00000000	      0.00000000	     -1.69317311	     -2.79925792	     -3.07487731	    -13.00015003	     -1.38606715	     -0.11343119	     -3.12390231	     -0.00000000	      0.00000000	     -0.00000000	     -0.00000000	     -0.00000000	      0.00000000	      0.00000000	     -0.10595834	     -0.08720606	     -6.52522702	     -0.55679727	     -0.14554177	     -0.00277541	     -0.17520395	     -0.10448093	     -0.00000000	     -1.30878102	      0.05279050	      0.00000000	      0.00000000	     -0.00000000	      0.08216769	      0.49951122	      0.12984643	     -1.91452294	     -1.51564097	      0.00000000	      0.00000000	     -0.00000000	     -0.00000000	     -0.00000000	      0.00000000	     -0.00000000
      2.72500000	      0.00000000	      0.00000000	      0.00000000	      0.00000000	      0.00000000	      0.00000000	      0.00000000	      0.00000000	      0.00000000	      0.00000000	      0.00000000	      0.00000000	      0.00000000	      0.00000000	      0.00000000	      0.00000000	      0.00000000	      0.00000000	      0.00000000	      0.00000000	      0.00000000	      0.00000000	      0.00000000	      0.00000000	      0.00000000	      0.00000000	      0.00000000	      0.00000000	      0.00000000	      0.00000000	      0.00000000	      0.00000000	      0.00000000	      0.00000000	      0.00000000	      0.00000000	      0.00000000	      0.00000000	      0.00000000	      0.00000000	     -1.68118383	     -2.77557408	     -3.05932202	    -12.97401342	     -1.37739531	     -0.11168154	     -3.15679333	      0.00000000	      0.00000000	      0.00000000	     -0.00000000	     -0.00000000	      0.00000000	     -0.00000000	     -0.10875142	     -0.09175573	     -6.51734619	     -0.55988009	     -0.15095332	     -0.00355282	     -0.17619628	     -0.10709870	     -0.00000000	     -1.30869391	      0.05420215	      0.00000000	     -0.00000000	     -0.00000000	      0.08370143	      0.50606516	      0.13106342	     -1.92828449	     -1.52389639	     -0.00000000	      0.00000000	     -0.00000000	     -0.00000000	      0.00000000	     -0.00000000	     -0.00000000
      2.73000000	      0.00000000	      0.00000000	      0.00000000	      0.00000000	      0.00000000	      0.00000000	      0.00000000	      0.00000000	      0.00000000	      0.00000000	      0.00000000	      0.00000000	      0.00000000	      0.00000000	      0.00000000	      0.00000000	      0.00000000	      0.00000000	      0.00000000	      0.00000000	      0.00000000	      0.00000000	      0.00000000	      0.00000000	      0.00000000	      0.00000000	      0.00000000	      0.00000000	      0.00000000	      0.00000000	      0.00000000	      0.00000000	      0.00000000	      0.00000000	      0.00000000	      0.00000000	      0.00000000	      0.00000000	      0.00000000	      0.00000000	     -1.66814021	     -2.74960730	     -3.04230226	    -12.94411516	     -1.37106129	     -0.10985969	     -3.19019041	      0.00000000	     -0.00000000	     -0.00000000	     -0.00000000	     -0.00000000	      0.00000000	     -0.00000000	     -0.11154460	     -0.09642359	     -6.50765778	     -0.56235561	     -0.15626699	     -0.00444615	     -0.17704591	     -0.10958646	     -0.00000000	     -1.30810067	      0.05572408	     -0.00000000	      0.00000000	     -0.00000000	      0.08534370	      0.51330558	      0.13232641	     -1.94180498	     -1.53215031	     -0.00000000	      0.00000000	      0.00000000	     -0.00000000	      0.00000000	     -0.00000000	     -0.00000000
      2.73500000	      0.00000000	      0.00000000	      0.00000000	      0.00000000	      0.00000000	      0.00000000	      0.00000000	      0.00000000	      0.00000000	      0.00000000	      0.00000000	      0.00000000	      0.00000000	      0.00000000	      0.00000000	      0.00000000	      0.00000000	      0.00000000	      0.00000000	      0.00000000	      0.00000000	      0.00000000	      0.00000000	      0.00000000	      0.00000000	      0.00000000	      0.00000000	      0.00000000	      0.00000000	      0.00000000	      0.00000000	      0.00000000	      0.00000000	      0.00000000	      0.00000000	      0.00000000	      0.00000000	      0.00000000	      0.00000000	      0.00000000	     -1.65400189	     -2.72127413	     -3.02396515	    -12.91019149	     -1.36049319	     -0.10796394	     -3.22395542	     -0.00000000	      0.00000000	      0.00000000	      0.00000000	      0.00000000	      0.00000000	     -0.00000000	     -0.11433366	     -0.10120717	     -6.49602586	     -0.56422183	     -0.16146088	     -0.00545766	     -0.17774742	     -0.11193899	     -0.00000000	     -1.30695941	      0.05736392	      0.00000000	      0.00000000	     -0.00000000	      0.08710126	      0.52131345	      0.13363706	     -1.95495758	     -1.54035954	      0.00000000	      0.00000000	     -0.00000000	      0.00000000	     -0.00000000	      0.00000000	      0.00000000
      2.74000000	      0.00000000	      0.00000000	      0.00000000	      0.00000000	      0.00000000	      0.00000000	      0.00000000	      0.00000000	      0.00000000	      0.00000000	      0.00000000	      0.00000000	      0.00000000	      0.00000000	      0.00000000	      0.00000000	      0.00000000	      0.00000000	      0.00000000	      0.00000000	      0.00000000	      0.00000000	      0.00000000	      0.00000000	      0.00000000	      0.00000000	      0.00000000	      0.00000000	      0.00000000	      0.00000000	      0.00000000	      0.00000000	      0.00000000	      0.00000000	      0.00000000	      0.00000000	      0.00000000	      0.00000000	      0.00000000	      0.00000000	     -1.63872999	     -2.69049709	     -3.00413404	    -12.87195910	     -1.34913861	     -0.10599309	     -3.25791618	      0.00000000	     -0.00000000	      0.00000000	     -0.00000000	     -0.00000000	      0.00000000	     -0.00000000	     -0.11711459	     -0.10610321	     -6.48230399	     -0.56549649	     -0.16651360	     -0.00658706	     -0.17829683	     -0.11415225	     -0.00000000	     -1.30522557	      0.05912938	      0.00000000	      0.00000000	     -0.00000000	      0.08898107	      0.53015279	      0.13499542	     -1.96760400	     -1.54847373	      0.00000000	      0.00000000	     -0.00000000	      0.00000000	     -0.00000000	     -0.00000000	     -0.00000000
      2.74500000	      0.00000000	      0.00000000	      0.00000000	      0.00000000	      0.00000000	      0.00000000	      0.00000000	      0.00000000	      0.00000000	      0.00000000	      0.00000000	      0.00000000	      0.00000000	      0.00000000	      0.00000000	      0.00000000	      0.00000000	      0.00000000	      0.00000000	      0.00000000	      0.00000000	      0.00000000	      0.00000000	      0.00000000	      0.00000000	      0.00000000	      0.00000000	      0.00000000	      0.00000000	      0.00000000	      0.00000000	      0.00000000	      0.00000000	      0.00000000	      0.00000000	      0.00000000	      0.00000000	      0.00000000	      0.00000000	      0.00000000	     -1.62228412	     -2.65629538	     -2.98263530	    -12.82910892	     -1.33697018	     -0.10394591	     -3.29188027	      0.00000000	     -0.00000000	     -0.00000000	      0.00000000	     -0.00000000	      0.00000000	      0.00000000	     -0.11988493	     -0.11110951	     -6.46633516	     -0.56621519	     -0.17140725	     -0.00783177	     -0.17869241	     -0.11622485	     -0.00000000	     -1.30285331	      0.06102853	      0.00000000	      0.00000000	     -0.00000000	      0.09099060	      0.53989277	      0.13640007	     -1.97960539	     -1.55643983	      0.00000000	      0.00000000	     -0.00000000	      0.00000000	     -0.00000000	     -0.00000000	      0.00000000
      2.75000000	      0.00000000	      0.00000000	      0.00000000	      0.00000000	      0.00000000	      0.00000000	      0.00000000	      0.00000000	      0.00000000	      0.00000000	      0.00000000	      0.00000000	      0.00000000	      0.00000000	      0.00000000	      0.00000000	      0.00000000	      0.00000000	      0.00000000	      0.00000000	      0.00000000	      0.00000000	      0.00000000	      0.00000000	      0.00000000	      0.00000000	      0.00000000	      0.00000000	      0.00000000	      0.00000000	      0.00000000	      0.00000000	      0.00000000	      0.00000000	      0.00000000	      0.00000000	      0.00000000	      0.00000000	      0.00000000	      0.00000000	     -1.60462567	     -2.61914967	     -2.95953416	    -12.78131414	     -1.32396247	     -0.10182133	     -3.32549744	      0.00000000	     -0.00000000	     -0.00000000	      0.00000000	     -0.00000000	     -0.00000000	      0.00000000	     -0.12264348	     -0.11622428	     -6.44795521	     -0.56642525	     -0.17612716	     -0.00918688	     -0.17893459	     -0.11815768	     -0.00000000	     -1.29978982	      0.06306935	     -0.00000000	     -0.00000000	     -0.00000000	      0.09313753	      0.55167636	      0.13784040	     -1.99069429	     -1.56418246	     -0.00000000	      0.00000000	     -0.00000000	     -0.00000000	     -0.00000000	     -0.00000000	     -0.00000000
      2.75500000	      0.00000000	      0.00000000	      0.00000000	      0.00000000	      0.00000000	      0.00000000	      0.00000000	      0.00000000	      0.00000000	      0.00000000	      0.00000000	      0.00000000	      0.00000000	      0.00000000	      0.00000000	      0.00000000	      0.00000000	      0.00000000	      0.00000000	      0.00000000	      0.00000000	      0.00000000	      0.00000000	      0.00000000	      0.00000000	      0.00000000	      0.00000000	      0.00000000	      0.00000000	      0.00000000	      0.00000000	      0.00000000	      0.00000000	      0.00000000	      0.00000000	      0.00000000	      0.00000000	      0.00000000	      0.00000000	      0.00000000	     -1.58571950	     -2.57936611	     -2.93473044	    -12.72823474	     -1.31009296	     -0.09961852	     -3.35824134	      0.00000000	      0.00000000	     -0.00000000	     -0.00000000	      0.00000000	     -0.00000000	     -0.00000000	     -0.12539029	     -0.12144591	     -6.42699505	     -0.56618028	     -0.18066205	     -0.01064542	     -0.17902598	     -0.11995380	     -0.00000000	     -1.29597602	      0.06525962	     -0.00000000	     -0.00000000	     -0.00000000	      0.09542964	      0.56631334	      0.13930793	     -2.00058118	     -1.57160962	     -0.00000000	      0.00000000	     -0.00000000	      0.00000000	     -0.00000000	     -0.00000000	      0.00000000
      2.76000000	      0.00000000	      0.00000000	      0.00000000	      0.00000000	      0.00000000	      0.00000000	      0.00000000	      0.00000000	      0.00000000	      0.00000000	      0.00000000	      0.00000000	      0.00000000	      0.00000000	      0.00000000	      0.00000000	      0.00000000	      0.00000000	      0.00000000	      0.00000000	      0.00000000	      0.00000000	      0.00000000	      0.00000000	      0.00000000	      0.00000000	      0.00000000	      0.00000000	      0.00000000	      0.00000000	      0.00000000	      0.00000000	      0.00000000	      0.00000000	      0.00000000	      0.00000000	      0.00000000	      0.00000000	      0.00000000	      0.00000000	     -1.56553503	     -2.53690560	     -2.90808785	    -12.66952092	     -1.29534258	     -0.09733687	     -3.38994505	     -0.00000000	     -0.00000000	     -0.00000000	      0.00000000	      0.00000000	     -0.00000000	     -0.00000000	     -0.12812664	     -0.12677287	     -6.40328238	     -0.56553625	     -0.18500411	     -0.01219863	     -0.17897132	     -0.12161827	     -0.00000000	     -1.29137547	      0.06760667	      0.00000000	      0.00000000	     -0.00000000	      0.09787470	      0.58203200	      0.14081136	     -2.00928578	     -1.57867593	      0.00000000	      0.00000000	      0.00000000	     -0.00000000	     -0.00000000	      0.00000000	     -0.00000000
      2.76500000	      0.00000000	      0.00000000	      0.00000000	      0.00000000	      0.00000000	      0.00000000	      0.00000000	      0.00000000	      0.00000000	      0.00000000	      0.00000000	      0.00000000	      0.00000000	      0.00000000	      0.00000000	      0.00000000	      0.00000000	      0.00000000	      0.00000000	      0.00000000	      0.00000000	      0.00000000	      0.00000000	      0.00000000	      0.00000000	      0.00000000	      0.00000000	      0.00000000	      0.00000000	      0.00000000	      0.00000000	      0.00000000	      0.00000000	      0.00000000	      0.00000000	      0.00000000	      0.00000000	      0.00000000	      0.00000000	      0.00000000	     -1.54404688	     -2.49174437	     -2.87969585	    -12.60481550	     -1.27969603	     -0.09497598	     -3.42029125	     -0.00000000	     -0.00000000	      0.00000000	     -0.00000000	      0.00000000	     -0.00000000	      0.00000000	     -0.13085488	     -0.13220351	     -6.37664257	     -0.56454908	     -0.18914893	     -0.01383641	     -0.17877747	     -0.12315789	     -0.00000000	     -1.28594768	      0.07011739	      0.00000000	     -0.00000000	     -0.00000000	      0.10048044	      0.59861419	      0.14234710	     -2.01665757	     -1.58531100	     -0.00000000	      0.00000000	      0.00000000	     -0.00000000	      0.00000000	      0.00000000	      0.00000000
      2.77000000	      0.00000000	      0.00000000	      0.00000000	      0.00000000	      0.00000000	      0.00000000	      0.00000000	      0.00000000	      0.00000000	      0.00000000	      0.00000000	      0.00000000	      0.00000000	      0.00000000	      0.00000000	      0.00000000	      0.00000000	      0.00000000	      0.00000000	      0.00000000	      0.00000000	      0.00000000	      0.00000000	      0.00000000	      0.00000000	      0.00000000	      0.00000000	      0.00000000	      0.00000000	      0.00000000	      0.00000000	      0.00000000	      0.00000000	      0.00000000	      0.00000000	      0.00000000	      0.00000000	      0.00000000	      0.00000000	      0.00000000	     -1.52123502	     -2.44387402	     -2.84928834	    -12.53375529	     -1.26314177	     -0.09253562	     -3.44893453	      0.00000000	     -0.00000000	      0.00000000	      0.00000000	     -0.00000000	     -0.00000000	     -0.00000000	     -0.13357833	     -0.13773583	     -6.34689923	     -0.56327355	     -0.19309543	     -0.01554769	     -0.17845352	     -0.12458094	     -0.00000000	     -1.27965529	      0.07279810	      0.00000000	      0.00000000	     -0.00000000	      0.10325447	      0.61576675	      0.14391190	     -2.02253319	     -1.59144055	      0.00000000	      0.00000000	      0.00000000	     -0.00000000	      0.00000000	     -0.00000000	     -0.00000000
      2.77500000	      0.00000000	      0.00000000	      0.00000000	      0.00000000	      0.00000000	      0.00000000	      0.00000000	      0.00000000	      0.00000000	      0.00000000	      0.00000000	      0.00000000	      0.00000000	      0.00000000	      0.00000000	      0.00000000	      0.00000000	      0.00000000	      0.00000000	      0.00000000	      0.00000000	      0.00000000	      0.00000000	      0.00000000	      0.00000000	      0.00000000	      0.00000000	      0.00000000	      0.00000000	      0.00000000	      0.00000000	      0.00000000	      0.00000000	      0.00000000	      0.00000000	      0.00000000	      0.00000000	      0.00000000	      0.00000000	      0.00000000	     -1.49708474	     -2.39330099	     -2.81689612	    -12.45597218	     -1.24567205	     -0.09001572	     -3.47550357	     -0.00000000	      0.00000000	     -0.00000000	      0.00000000	      0.00000000	      0.00000000	      0.00000000	     -0.13630116	     -0.14336725	     -6.31387450	     -0.56176318	     -0.19684559	     -0.01732095	     -0.17801089	     -0.12589702	     -0.00000000	     -1.27246412	      0.07565449	      0.00000000	     -0.00000000	     -0.00000000	      0.10620430	      0.63317175	      0.14550284	     -2.02673652	     -1.59698648	     -0.00000000	      0.00000000	      0.00000000	      0.00000000	      0.00000000	     -0.00000000	      0.00000000
      2.78000000	      0.00000000	      0.00000000	      0.00000000	      0.00000000	      0.00000000	      0.00000000	      0.00000000	      0.00000000	      0.00000000	      0.00000000	      0.00000000	      0.00000000	      0.00000000	      0.00000000	      0.00000000	      0.00000000	      0.00000000	      0.00000000	      0.00000000	      0.00000000	      0.00000000	      0.00000000	      0.00000000	      0.00000000	      0.00000000	      0.00000000	      0.00000000	      0.00000000	      0.00000000	      0.00000000	      0.00000000	      0.00000000	      0.00000000	      0.00000000	      0.00000000	      0.00000000	      0.00000000	      0.00000000	      0.00000000	      0.00000000	     -1.47158646	     -2.34004573	     -2.78253812	    -12.37109466	     -1.22716649	     -0.08741644	     -3.49960310	     -0.00000000	     -0.00000000	      0.00000000	     -0.00000000	      0.00000000	     -0.00000000	      0.00000000	     -0.13902822	     -0.14909432	     -6.27738967	     -0.56007053	     -0.20040433	     -0.01914450	     -0.17746343	     -0.12711698	     -0.00000000	     -1.26434347	      0.07869154	     -0.00000000	     -0.00000000	     -0.00000000	      0.10933724	      0.65060128	      0.14711735	     -2.02908605	     -1.60186733	     -0.00000000	      0.00000000	      0.00000000	     -0.00000000	      0.00000000	      0.00000000	     -0.00000000
      2.78500000	      0.00000000	      0.00000000	      0.00000000	      0.00000000	      0.00000000	      0.00000000	      0.00000000	      0.00000000	      0.00000000	      0.00000000	      0.00000000	      0.00000000	      0.00000000	      0.00000000	      0.00000000	      0.00000000	      0.00000000	      0.00000000	      0.00000000	      0.00000000	      0.00000000	      0.00000000	      0.00000000	      0.00000000	      0.00000000	      0.00000000	      0.00000000	      0.00000000	      0.00000000	      0.00000000	      0.00000000	      0.00000000	      0.00000000	      0.00000000	      0.00000000	      0.00000000	      0.00000000	      0.00000000	      0.00000000	      0.00000000	     -1.44473597	     -2.28414237	     -2.74598367	    -12.27875101	     -1.20744505	     -0.08473826	     -3.52081694	     -0.00000000	     -0.00000000	      0.00000000	      0.00000000	     -0.00000000	      0.00000000	     -0.00000000	     -0.14176488	     -0.15491224	     -6.23726660	     -0.55824766	     -0.20377933	     -0.02100690	     -0.17682744	     -0.12825277	     -0.00000000	     -1.25526645	      0.08191335	      0.00000000	     -0.00000000	     -0.00000000	      0.11266013	      0.66790788	      0.14875301	     -2.02939847	     -1.60599903	      0.00000000	      0.00000000	     -0.00000000	     -0.00000000	     -0.00000000	     -0.00000000	      0.00000000
      2.79000000	      0.00000000	      0.00000000	      0.00000000	      0.00000000	      0.00000000	      0.00000000	      0.00000000	      0.00000000	      0.00000000	      0.00000000	      0.00000000	      0.00000000	      0.00000000	      0.00000000	      0.00000000	      0.00000000	      0.00000000	      0.00000000	      0.00000000	      0.00000000	      0.00000000	      0.00000000	      0.00000000	      0.00000000	      0.00000000	      0.00000000	      0.00000000	      0.00000000	      0.00000000	      0.00000000	      0.00000000	      0.00000000	      0.00000000	      0.00000000	      0.00000000	      0.00000000	      0.00000000	      0.00000000	      0.00000000	      0.00000000	     -1.41653394	     -2.22563695	     -2.70745907	    -12.17857130	     -1.18679169	     -0.08198200	     -3.53871231	      0.00000000	     -0.00000000	     -0.00000000	     -0.00000000	      0.00000000	      0.00000000	     -0.00000000	     -0.14451687	     -0.16081459	     -6.19332875	     -0.55634653	     -0.20698084	     -0.02289723	     -0.17612139	     -0.12931735	     -0.00000000	     -1.24521009	      0.08532302	     -0.00000000	      0.00000000	     -0.00000000	      0.11617911	      0.68506097	      0.15040734	     -2.02749340	     -1.60929596	      0.00000000	      0.00000000	     -0.00000000	      0.00000000	     -0.00000000	     -0.00000000	     -0.00000000
      2.79500000	      0.00000000	      0.00000000	      0.00000000	      0.00000000	      0.00000000	      0.00000000	      0.00000000	      0.00000000	      0.00000000	      0.00000000	      0.00000000	      0.00000000	      0.00000000	      0.00000000	      0.00000000	      0.00000000	      0.00000000	      0.00000000	      0.00000000	      0.00000000	      0.00000000	      0.00000000	      0.00000000	      0.00000000	      0.00000000	      0.00000000	      0.00000000	      0.00000000	      0.00000000	      0.00000000	      0.00000000	      0.00000000	      0.00000000	      0.00000000	      0.00000000	      0.00000000	      0.00000000	      0.00000000	      0.00000000	      0.00000000	     -1.38698734	     -2.16458941	     -2.66664874	    -12.07019684	     -1.16521760	     -0.07914908	     -3.55284768	      0.00000000	      0.00000000	     -0.00000000	      0.00000000	      0.00000000	     -0.00000000	      0.00000000	     -0.14729002	     -0.16679252	     -6.14540556	     -0.55441910	     -0.21002137	     -0.02480520	     -0.17536550	     -0.13032448	     -0.00000000	     -1.23415669	      0.08892233	      0.00000000	     -0.00000000	     -0.00000000	      0.11989905	      0.70210019	      0.15207753	     -2.02320062	     -1.61167294	      0.00000000	      0.00000000	      0.00000000	      0.00000000	     -0.00000000	     -0.00000000	      0.00000000
      2.80000000	      0.00000000	      0.00000000	      0.00000000	      0.00000000	      0.00000000	      0.00000000	      0.00000000	      0.00000000	      0.00000000	      0.00000000	      0.00000000	      0.00000000	      0.00000000	      0.00000000	      0.00000000	      0.00000000	      0.00000000	      0.00000000	      0.00000000	      0.00000000	      0.00000000	      0.00000000	      0.00000000	      0.00000000	      0.00000000	      0.00000000	      0.00000000	      0.00000000	      0.00000000	      0.00000000	      0.00000000	      0.00000000	      0.00000000	      0.00000000	      0.00000000	      0.00000000	      0.00000000	      0.00000000	      0.00000000	      0.00000000	     -1.35610983	     -2.10107322	     -2.62367254	    -11.95328758	     -1.14274051	     -0.07624167	     -3.56278092	     -0.00000000	      0.00000000	     -0.00000000	      0.00000000	     -0.00000000	     -0.00000000	     -0.00000000	     -0.15009000	     -0.17283417	     -6.09333589	     -0.55251706	     -0.21291537	     -0.02672135	     -0.17458111	     -0.13128848	     -0.00000000	     -1.22209451	      0.09271159	     -0.00000000	     -0.00000000	     -0.00000000	      0.12382303	      0.71910522	      0.15376026	     -2.01636662	     -1.61304713	      0.00000000	      0.00000000	     -0.00000000	     -0.00000000	     -0.00000000	      0.00000000	     -0.00000000
      2.80500000	      0.00000000	      0.00000000	      0.00000000	      0.00000000	      0.00000000	      0.00000000	      0.00000000	      0.00000000	      0.00000000	      0.00000000	      0.00000000	      0.00000000	      0.00000000	      0.00000000	      0.00000000	      0.00000000	      0.00000000	      0.00000000	      0.00000000	      0.00000000	      0.00000000	      0.00000000	      0.00000000	      0.00000000	      0.00000000	      0.00000000	      0.00000000	      0.00000000	      0.00000000	      0.00000000	      0.00000000	      0.00000000	      0.00000000	      0.00000000	      0.00000000	      0.00000000	      0.00000000	      0.00000000	      0.00000000	      0.00000000	     -1.32392224	     -2.03517524	     -2.57850605	    -11.82753091	     -1.11938533	     -0.07326274	     -3.56807932	      0.00000000	     -0.00000000	     -0.00000000	      0.00000000	     -0.00000000	     -0.00000000	      0.00000000	     -0.15292210	     -0.17892409	     -6.03697199	     -0.55069091	     -0.21567880	     -0.02863705	     -0.17378973	     -0.13222393	     -0.00000000	     -1.20901852	      0.09668953	      0.00000000	      0.00000000	     -0.00000000	      0.12795186	      0.73615210	      0.15545159	     -2.00686028	     -1.61334013	      0.00000000	      0.00000000	      0.00000000	      0.00000000	      0.00000000	      0.00000000	      0.00000000
      2.81000000	      0.00000000	      0.00000000	      0.00000000	      0.00000000	      0.00000000	      0.00000000	      0.00000000	      0.00000000	      0.00000000	      0.00000000	      0.00000000	      0.00000000	      0.00000000	      0.00000000	      0.00000000	      0.00000000	      0.00000000	      0.00000000	      0.00000000	      0.00000000	      0.00000000	      0.00000000	      0.00000000	      0.00000000	      0.00000000	      0.00000000	      0.00000000	      0.00000000	      0.00000000	      0.00000000	      0.00000000	      0.00000000	      0.00000000	      0.00000000	      0.00000000	      0.00000000	      0.00000000	      0.00000000	      0.00000000	      0.00000000	     -1.29045382	     -1.96699680	     -2.53117368	    -11.69265453	     -1.09518516	     -0.07021628	     -3.56833064	      0.00000000	     -0.00000000	     -0.00000000	      0.00000000	      0.00000000	     -0.00000000	      0.00000000	     -0.15579084	     -0.18504244	     -5.97618501	     -0.54898835	     -0.21832843	     -0.03054444	     -0.17301210	     -0.13314507	     -0.00000000	     -1.19493158	      0.10085310	     -0.00000000	     -0.00000000	     -0.00000000	      0.13228352	      0.75330578	      0.15714694	     -1.99457712	     -1.61248021	     -0.00000000	      0.00000000	     -0.00000000	     -0.00000000	      0.00000000	     -0.00000000	      0.00000000
      2.81500000	      0.00000000	      0.00000000	      0.00000000	      0.00000000	      0.00000000	      0.00000000	      0.00000000	      0.00000000	      0.00000000	      0.00000000	      0.00000000	      0.00000000	      0.00000000	      0.00000000	      0.00000000	      0.00000000	      0.00000000	      0.00000000	      0.00000000	      0.00000000	      0.00000000	      0.00000000	      0.00000000	      0.00000000	      0.00000000	      0.00000000	      0.00000000	      0.00000000	      0.00000000	      0.00000000	      0.00000000	      0.00000000	      0.00000000	      0.00000000	      0.00000000	      0.00000000	      0.00000000	      0.00000000	      0.00000000	      0.00000000	     -1.25574264	     -1.89665302	     -2.48163663	    -11.54843736	     -1.07018170	     -0.06710737	     -3.56315655	     -0.00000000	      0.00000000	     -0.00000000	     -0.00000000	     -0.00000000	      0.00000000	     -0.00000000	     -0.15869967	     -0.19116465	     -5.91086981	     -0.54745267	     -0.22088120	     -0.03243635	     -0.17226714	     -0.13406541	     -0.00000000	     -1.17984516	      0.10519742	      0.00000000	      0.00000000	     -0.00000000	      0.13681268	      0.77064103	      0.15884108	     -1.97944348	     -1.61040502	     -0.00000000	      0.00000000	      0.00000000	     -0.00000000	     -0.00000000	     -0.00000000	     -0.00000000
      2.82000000	      0.00000000	      0.00000000	      0.00000000	      0.00000000	      0.00000000	      0.00000000	      0.00000000	      0.00000000	      0.00000000	      0.00000000	      0.00000000	      0.00000000	      0.00000000	      0.00000000	      0.00000000	      0.00000000	      0.00000000	      0.00000000	      0.00000000	      0.00000000	      0.00000000	      0.00000000	      0.00000000	      0.00000000	      0.00000000	      0.00000000	      0.00000000	      0.00000000	      0.00000000	      0.00000000	      0.00000000	      0.00000000	      0.00000000	      0.00000000	      0.00000000	      0.00000000	      0.00000000	      0.00000000	      0.00000000	      0.00000000	     -1.21983611	     -1.82427240	     -2.43002112	    -11.39472227	     -1.04442574	     -0.06394228	     -3.55222398	      0.00000000	     -0.00000000	      0.00000000	     -0.00000000	      0.00000000	     -0.00000000	     -0.00000000	     -0.16165061	     -0.19726137	     -5.84095086	     -0.54612108	     -0.22335360	     -0.03430618	     -0.17157118	     -0.13499717	     -0.00000000	     -1.16377984	      0.10971556	     -0.00000000	     -0.00000000	     -0.00000000	      0.14153027	      0.78817774	      0.16052801	     -1.96141859	     -1.60706377	     -0.00000000	      0.00000000	      0.00000000	     -0.00000000	      0.00000000	     -0.00000000	      0.00000000
      2.82500000	      0.00000000	      0.00000000	      0.00000000	      0.00000000	      0.00000000	      0.00000000	      0.00000000	      0.00000000	      0.00000000	      0.00000000	      0.00000000	      0.00000000	      0.00000000	      0.00000000	      0.00000000	      0.00000000	      0.00000000	      0.00000000	      0.00000000	      0.00000000	      0.00000000	      0.00000000	      0.00000000	      0.00000000	      0.00000000	      0.00000000	      0.00000000	      0.00000000	      0.00000000	      0.00000000	      0.00000000	      0.00000000	      0.00000000	      0.00000000	      0.00000000	      0.00000000	      0.00000000	      0.00000000	      0.00000000	      0.00000000	     -1.18279148	     -1.74999612	     -2.37645455	    -11.23142925	     -1.01797748	     -0.06072852	     -3.53526165	     -0.00000000	     -0.00000000	     -0.00000000	     -0.00000000	     -0.00000000	     -0.00000000	     -0.00000000	     -0.16464395	     -0.20329905	     -5.76638844	     -0.54502299	     -0.22576105	     -0.03614777	     -0.17093721	     -0.13595091	     -0.02403921	     -1.14676620	      0.11439838	      0.00000000	      0.00000000	     -0.00000000	      0.14642326	      0.80592617	      0.16220102	     -1.94049776	     -1.60242054	     -0.00000000	      0.00000000	      0.00000000	     -0.00000000	     -0.00000000	     -0.00000000	     -0.00000000
      2.83000000	      0.00000000	      0.00000000	      0.00000000	      0.00000000	      0.00000000	      0.00000000	      0.00000000	      0.00000000	      0.00000000	      0.00000000	      0.00000000	      0.00000000	      0.00000000	      0.00000000	      0.00000000	      0.00000000	      0.00000000	      0.00000000	      0.00000000	      0.00000000	      0.00000000	      0.00000000	      0.00000000	      0.00000000	      0.00000000	      0.00000000	      0.00000000	      0.00000000	      0.00000000	      0.00000000	      0.00000000	      0.00000000	      0.00000000	      0.00000000	      0.00000000	      0.00000000	      0.00000000	      0.00000000	      0.00000000	      0.00000000	     -1.14467600	     -1.67397709	     -2.32089535	    -11.05856800	     -0.99090653	     -0.05747489	     -3.51207352	      0.00000000	      0.00000000	     -0.00000000	      0.00000000	     -0.00000000	      0.00000000	     -0.00000000	     -0.16628244	     -0.20924146	     -5.68718493	     -0.54417852	     -0.22811724	     -0.03795523	     -0.17037422	     -0.13693502	     -0.02368363	     -1.12884499	      0.11923433	     -0.00000000	     -0.00000000	     -0.00000000	      0.15147459	      0.82388805	      0.16385269	     -1.91671270	     -1.59645662	     -0.00000000	      0.00000000	     -0.00000000	     -0.00000000	     -0.00000000	      0.00000000	     -0.00000000
      2.83500000	      0.00000000	      0.00000000	      0.00000000	      0.00000000	      0.00000000	      0.00000000	      0.00000000	      0.00000000	      0.00000000	      0.00000000	      0.00000000	      0.00000000	      0.00000000	      0.00000000	      0.00000000	      0.00000000	      0.00000000	      0.00000000	      0.00000000	      0.00000000	      0.00000000	      0.00000000	      0.00000000	      0.00000000	      0.00000000	      0.00000000	      0.00000000	      0.00000000	      0.00000000	      0.00000000	      0.00000000	      0.00000000	      0.00000000	      0.00000000	      0.00000000	      0.00000000	      0.00000000	      0.00000000	      0.00000000	      0.00000000	     -1.10556696	     -1.59637856	     -2.26345352	    -10.87624925	     -0.96329153	     -0.05419146	     -3.48255306	     -0.00000000	     -0.00000000	     -0.00000000	      0.00000000	      0.00000000	     -0.00000000	      0.00000000	     -0.17218085	     -0.21505220	     -5.60339075	     -0.54359725	     -0.23043348	     -0.03972288	     -0.16988688	     -0.13795535	     -0.02340743	     -1.11006721	      0.12420935	     -0.00000000	      0.00000000	     -0.00000000	      0.15666348	      0.84198522	      0.16547503	     -1.89013126	     -1.58917274	     -0.00000000	      0.00000000	     -0.00000000	     -0.00000000	      0.00000000	      0.00000000	      0.00000000
      2.84000000	      0.00000000	      0.00000000	      0.00000000	      0.00000000	      0.00000000	      0.00000000	      0.00000000	      0.00000000	      0.00000000	      0.00000000	      0.00000000	      0.00000000	      0.00000000	      0.00000000	      0.00000000	      0.00000000	      0.00000000	      0.00000000	      0.00000000	      0.00000000	      0.00000000	      0.00000000	      0.00000000	      0.00000000	      0.00000000	      0.00000000	      0.00000000	      0.00000000	      0.00000000	      0.00000000	      0.00000000	      0.00000000	      0.00000000	      0.00000000	      0.00000000	      0.00000000	      0.00000000	      0.00000000	      0.00000000	      0.00000000	     -1.06555116	     -1.51737220	     -2.20446024	    -10.68469304	     -0.93521922	     -0.05088948	     -3.44669492	      0.00000000	      0.00000000	      0.00000000	      0.00000000	     -0.00000000	     -0.00000000	      0.00000000	     -0.17647014	     -0.22069815	     -5.54299370	     -0.54327742	     -0.23271811	     -0.04144507	     -0.16947527	     -0.13901489	     -0.02326649	     -1.09049352	      0.12930688	      0.00000000	      0.00000000	     -0.00000000	      0.16196602	      0.86021602	      0.16705971	     -1.86085408	     -1.58059017	     -0.00000000	      0.00000000	      0.00000000	     -0.00000000	      0.00000000	      0.00000000	      0.00000000
      2.84500000	      0.00000000	      0.00000000	      0.00000000	      0.00000000	      0.00000000	      0.00000000	      0.00000000	      0.00000000	      0.00000000	      0.00000000	      0.00000000	      0.00000000	      0.00000000	      0.00000000	      0.00000000	      0.00000000	      0.00000000	      0.00000000	      0.00000000	      0.00000000	      0.00000000	      0.00000000	      0.00000000	      0.00000000	      0.00000000	      0.00000000	      0.00000000	      0.00000000	      0.00000000	      0.00000000	      0.00000000	      0.00000000	      0.00000000	      0.00000000	      0.00000000	      0.00000000	      0.00000000	      0.00000000	      0.00000000	      0.00000000	     -1.02472390	     -1.43713548	     -2.14412661	    -10.48423268	     -0.90678302	     -0.04758116	     -3.40460612	     -0.00000000	      0.00000000	      0.00000000	      0.00000000	      0.00000000	     -0.00000000	      0.00000000	     -0.18033052	     -0.22615341	     -5.48756812	     -0.54320601	     -0.23497601	     -0.04311618	     -0.16913514	     -0.14011361	     -0.02335514	     -1.07019345	      0.13450802	      0.00000000	      0.00000000	     -0.00000000	      0.16735590	      0.87848902	      0.16859839	     -1.82901582	     -1.57075194	     -0.00000000	      0.00000000	      0.00000000	     -0.00000000	     -0.00000000	     -0.00000000	      0.00000000
      2.85000000	      0.00000000	      0.00000000	      0.00000000	      0.00000000	      0.00000000	      0.00000000	      0.00000000	      0.00000000	      0.00000000	      0.00000000	      0.00000000	      0.00000000	      0.00000000	      0.00000000	      0.00000000	      0.00000000	      0.00000000	      0.00000000	      0.00000000	      0.00000000	      0.00000000	      0.00000000	      0.00000000	      0.00000000	      0.00000000	      0.00000000	      0.00000000	      0.00000000	      0.00000000	      0.00000000	      0.00000000	      0.00000000	      0.00000000	      0.00000000	      0.00000000	      0.00000000	      0.00000000	      0.00000000	      0.00000000	      0.00000000	     -0.98318755	     -1.35584879	     -2.08251315	    -10.27531382	     -0.87808113	     -0.04427954	     -3.35651178	      0.00000000	     -0.00000000	     -0.00000000	      0.00000000	     -0.00000000	     -0.00000000	     -0.00000000	     -0.18394567	     -0.23140287	     -5.42535948	     -0.54335985	     -0.23720853	     -0.04473068	     -0.16885847	     -0.14124861	     -0.02381126	     -1.04924381	      0.13979173	     -0.00000000	      0.00000000	     -0.00000000	      0.17280532	      0.89675139	      0.17008298	     -1.79478194	     -1.55972246	     -0.00000000	      0.00000000	     -0.00000000	     -0.00000000	     -0.00000000	     -0.00000000	     -0.00000000
      2.85500000	      0.00000000	      0.00000000	      0.00000000	      0.00000000	      0.00000000	      0.00000000	      0.00000000	      0.00000000	      0.00000000	      0.00000000	      0.00000000	      0.00000000	      0.00000000	      0.00000000	      0.00000000	      0.00000000	      0.00000000	      0.00000000	      0.00000000	      0.00000000	      0.00000000	      0.00000000	      0.00000000	      0.00000000	      0.00000000	      0.00000000	      0.00000000	      0.00000000	      0.00000000	      0.00000000	      0.00000000	      0.00000000	      0.00000000	      0.00000000	      0.00000000	      0.00000000	      0.00000000	      0.00000000	      0.00000000	      0.00000000	     -0.94104973	     -1.27369242	     -2.01962868	    -10.05848857	     -0.84921433	     -0.04099818	     -3.30275653	      0.00000000	      0.00000000	     -0.00000000	      0.00000000	      0.00000000	     -0.00000000	      0.00000000	     -0.18737902	     -0.23644439	     -5.35635279	     -0.54370745	     -0.23941364	     -0.04628323	     -0.16863436	     -0.14241438	     -0.02476547	     -1.02772690	      0.14513533	     -0.00000000	      0.00000000	     -0.00000000	      0.17828581	      0.91481948	      0.17150598	     -1.75834589	     -1.54758649	     -0.00000000	      0.00000000	      0.00000000	     -0.00000000	     -0.00000000	     -0.00000000	      0.00000000
      2.86000000	      0.00000000	      0.00000000	      0.00000000	      0.00000000	      0.00000000	      0.00000000	      0.00000000	      0.00000000	      0.00000000	      0.00000000	      0.00000000	      0.00000000	      0.00000000	      0.00000000	      0.00000000	      0.00000000	      0.00000000	      0.00000000	      0.00000000	      0.00000000	      0.00000000	      0.00000000	      0.00000000	      0.00000000	      0.00000000	      0.00000000	      0.00000000	      0.00000000	      0.00000000	      0.00000000	      0.00000000	      0.00000000	      0.00000000	      0.00000000	      0.00000000	      0.00000000	      0.00000000	      0.00000000	      0.00000000	      0.00000000	     -0.89842110	     -1.19084338	     -1.95638207	     -9.83440321	     -0.82028331	     -0.03775090	     -3.24379769	     -0.00000000	      0.00000000	      0.00000000	     -0.00000000	     -0.00000000	      0.00000000	      0.00000000	     -0.19065514	     -0.24128862	     -5.28062466	     -0.54421111	     -0.24158629	     -0.04776891	     -0.16844997	     -0.14360326	     -0.02622544	     -1.00572794	      0.15051509	     -0.00000000	      0.00000000	     -0.00000000	      0.18376985	      0.93274367	      0.17286090	     -1.71992257	     -1.53444642	     -0.00000000	      0.00000000	     -0.00000000	      0.00000000	     -0.00000000	      0.00000000	      0.00000000
      2.86500000	      0.00000000	      0.00000000	      0.00000000	      0.00000000	      0.00000000	      0.00000000	      0.00000000	      0.00000000	      0.00000000	      0.00000000	      0.00000000	      0.00000000	      0.00000000	      0.00000000	      0.00000000	      0.00000000	      0.00000000	      0.00000000	      0.00000000	      0.00000000	      0.00000000	      0.00000000	      0.00000000	      0.00000000	      0.00000000	      0.00000000	      0.00000000	      0.00000000	      0.00000000	      0.00000000	      0.00000000	      0.00000000	      0.00000000	      0.00000000	      0.00000000	      0.00000000	      0.00000000	      0.00000000	      0.00000000	      0.00000000	     -0.85541262	     -1.10747186	     -1.89266092	     -9.60377870	     -0.79138561	     -0.03455140	     -3.18019034	      0.00000000	     -0.00000000	     -0.00000000	      0.00000000	      0.00000000	     -0.00000000	      0.00000000	     -0.19378194	     -0.24595639	     -5.19834432	     -0.54482900	     -0.24371872	     -0.04918342	     -0.16829140	     -0.14480587	     -0.02805421	     -0.98333219	      0.15590723	      0.00000000	     -0.00000000	     -0.00000000	      0.18924024	      0.95034901	      0.17414272	     -1.67973826	     -1.52041808	      0.00000000	      0.00000000	     -0.00000000	      0.00000000	     -0.00000000	      0.00000000	      0.00000000
      2.87000000	      0.00000000	      0.00000000	      0.00000000	      0.00000000	      0.00000000	      0.00000000	      0.00000000	      0.00000000	      0.00000000	      0.00000000	      0.00000000	      0.00000000	      0.00000000	      0.00000000	      0.00000000	      0.00000000	      0.00000000	      0.00000000	      0.00000000	      0.00000000	      0.00000000	      0.00000000	      0.00000000	      0.00000000	      0.00000000	      0.00000000	      0.00000000	      0.00000000	      0.00000000	      0.00000000	      0.00000000	      0.00000000	      0.00000000	      0.00000000	      0.00000000	      0.00000000	      0.00000000	      0.00000000	      0.00000000	      0.00000000	     -0.81213262	     -1.02373778	     -1.82865235	     -9.36738520	     -0.76261260	     -0.03141301	     -3.11256471	     -0.00000000	     -0.00000000	      0.00000000	     -0.00000000	      0.00000000	      0.00000000	      0.00000000	     -0.19675945	     -0.25047089	     -5.10976963	     -0.54551738	     -0.24580099	     -0.05052322	     -0.16814456	     -0.14601163	     -0.03008874	     -0.96062161	      0.16128892	      0.00000000	     -0.00000000	     -0.00000000	      0.19469751	      0.96755244	      0.17534826	     -1.63801980	     -1.50562551	     -0.00000000	      0.00000000	     -0.00000000	      0.00000000	     -0.00000000	      0.00000000	      0.00000000
      2.87500000	      0.00000000	      0.00000000	      0.00000000	      0.00000000	      0.00000000	      0.00000000	      0.00000000	      0.00000000	      0.00000000	      0.00000000	      0.00000000	      0.00000000	      0.00000000	      0.00000000	      0.00000000	      0.00000000	      0.00000000	      0.00000000	      0.00000000	      0.00000000	      0.00000000	      0.00000000	      0.00000000	      0.00000000	      0.00000000	      0.00000000	      0.00000000	      0.00000000	      0.00000000	      0.00000000	      0.00000000	      0.00000000	      0.00000000	      0.00000000	      0.00000000	      0.00000000	      0.00000000	      0.00000000	      0.00000000	      0.00000000	     -0.76868417	     -0.93978821	     -1.76473130	     -9.12601487	     -0.73404724	     -0.02834851	     -3.04160099	     -0.00000000	     -0.00000000	      0.00000000	      0.00000000	      0.00000000	     -0.00000000	      0.00000000	     -0.19958444	     -0.25484870	     -5.01523943	     -0.54623281	     -0.24782162	     -0.05178579	     -0.16799601	     -0.14720932	     -0.03221532	     -0.93767223	      0.16663907	     -0.00000000	      0.00000000	     -0.00000000	      0.20016582	      0.98438866	      0.17647619	     -1.59498738	     -1.49019652	      0.00000000	      0.00000000	      0.00000000	      0.00000000	     -0.00000000	     -0.00000000	     -0.00000000
      2.88000000	      0.00000000	      0.00000000	      0.00000000	      0.00000000	      0.00000000	      0.00000000	      0.00000000	      0.00000000	      0.00000000	      0.00000000	      0.00000000	      0.00000000	      0.00000000	      0.00000000	      0.00000000	      0.00000000	      0.00000000	      0.00000000	      0.00000000	      0.00000000	      0.00000000	      0.00000000	      0.00000000	      0.00000000	      0.00000000	      0.00000000	      0.00000000	      0.00000000	      0.00000000	      0.00000000	      0.00000000	      0.00000000	      0.00000000	      0.00000000	      0.00000000	      0.00000000	      0.00000000	      0.00000000	      0.00000000	      0.00000000	     -0.72516324	     -0.85575647	     -1.70290700	     -8.88045669	     -0.70576269	     -0.02536999	     -2.96800310	     -0.00000000	      0.00000000	      0.00000000	      0.00000000	      0.00000000	      0.00000000	      0.00000000	     -0.20225325	     -0.25910859	     -4.91516329	     -0.54693386	     -0.24976832	     -0.05296973	     -0.16783353	     -0.14838754	     -0.03436759	     -0.91455198	      0.17193888	     -0.00000000	      0.00000000	     -0.00000000	      0.20570279	      1.00050215	      0.17752687	     -1.55085008	     -1.47425873	      0.00000000	      0.00000000	     -0.00000000	      0.00000000	      0.00000000	      0.00000000	      0.00000000
      2.88500000	      0.00000000	      0.00000000	      0.00000000	      0.00000000	      0.00000000	      0.00000000	      0.00000000	      0.00000000	      0.00000000	      0.00000000	      0.00000000	      0.00000000	      0.00000000	      0.00000000	      0.00000000	      0.00000000	      0.00000000	      0.00000000	      0.00000000	      0.00000000	      0.00000000	      0.00000000	      0.00000000	      0.00000000	      0.00000000	      0.00000000	      0.00000000	      0.00000000	      0.00000000	      0.00000000	      0.00000000	      0.00000000	      0.00000000	      0.00000000	      0.00000000	      0.00000000	      0.00000000	      0.00000000	      0.00000000	      0.00000000	     -0.68165784	     -0.77176292	     -1.63936417	     -8.63147532	     -0.67782170	     -0.02248891	     -2.89247338	     -0.00000000	      0.00000000	     -0.00000000	     -0.00000000	     -0.00000000	      0.00000000	     -0.00000000	     -0.20476396	     -0.26327232	     -4.81000960	     -0.54758231	     -0.25162871	     -0.05407499	     -0.16764645	     -0.14953507	     -0.03650794	     -0.89131945	      0.17717220	     -0.00000000	     -0.00000000	     -0.00000000	      0.21140605	      1.01592119	      0.17850207	     -1.50580263	     -1.45793624	      0.00000000	      0.00000000	     -0.00000000	     -0.00000000	      0.00000000	      0.00000000	      0.00000000
      2.89000000	      0.00000000	      0.00000000	      0.00000000	      0.00000000	      0.00000000	      0.00000000	      0.00000000	      0.00000000	      0.00000000	      0.00000000	      0.00000000	      0.00000000	      0.00000000	      0.00000000	      0.00000000	      0.00000000	      0.00000000	      0.00000000	      0.00000000	      0.00000000	      0.00000000	      0.00000000	      0.00000000	      0.00000000	      0.00000000	      0.00000000	      0.00000000	      0.00000000	      0.00000000	      0.00000000	      0.00000000	      0.00000000	      0.00000000	      0.00000000	      0.00000000	      0.00000000	      0.00000000	      0.00000000	      0.00000000	      0.00000000	     -0.63824786	     -0.68791707	     -1.57654100	     -8.37979483	     -0.65027671	     -0.01971823	     -2.81568949	      0.00000000	     -0.00000000	      0.00000000	     -0.00000000	     -0.00000000	      0.00000000	      0.00000000	     -0.20711784	     -0.26736334	     -4.70029271	     -0.54814398	     -0.25339097	     -0.05510309	     -0.16742585	     -0.15064120	     -0.03861472	     -0.86802329	      0.18232572	      0.00000000	     -0.00000000	     -0.00000000	      0.21740544	      1.03043615	      0.17940473	     -1.46002309	     -1.44134680	      0.00000000	      0.00000000	      0.00000000	     -0.00000000	      0.00000000	      0.00000000	      0.00000000
      2.89500000	      0.00000000	      0.00000000	      0.00000000	      0.00000000	      0.00000000	      0.00000000	      0.00000000	      0.00000000	      0.00000000	      0.00000000	      0.00000000	      0.00000000	      0.00000000	      0.00000000	      0.00000000	      0.00000000	      0.00000000	      0.00000000	      0.00000000	      0.00000000	      0.00000000	      0.00000000	      0.00000000	      0.00000000	      0.00000000	      0.00000000	      0.00000000	      0.00000000	      0.00000000	      0.00000000	      0.00000000	      0.00000000	      0.00000000	      0.00000000	      0.00000000	      0.00000000	      0.00000000	      0.00000000	      0.00000000	      0.00000000	     -0.59500563	     -0.60432049	     -1.51460687	     -8.12608713	     -0.62317035	     -0.01707637	     -2.73828525	      0.00000000	      0.00000000	     -0.00000000	      0.00000000	     -0.00000000	      0.00000000	      0.00000000	     -0.20932046	     -0.27140547	     -4.58655986	     -0.54858957	     -0.25504477	     -0.05605735	     -0.16716472	     -0.15169599	     -0.04067560	     -0.84470225	      0.18738912	      0.00000000	     -0.00000000	     -0.00000000	      0.22383164	      1.04358950	      0.18023867	     -1.41367141	     -1.42459960	     -0.00000000	      0.00000000	     -0.00000000	     -0.00000000	     -0.00000000	      0.00000000	     -0.00000000
      2.90000000	      0.00000000	      0.00000000	      0.00000000	      0.00000000	      0.00000000	      0.00000000	      0.00000000	      0.00000000	      0.00000000	      0.00000000	      0.00000000	      0.00000000	      0.00000000	      0.00000000	      0.00000000	      0.00000000	      0.00000000	      0.00000000	      0.00000000	      0.00000000	      0.00000000	      0.00000000	      0.00000000	      0.00000000	      0.00000000	      0.00000000	      0.00000000	      0.00000000	      0.00000000	      0.00000000	      0.00000000	      0.00000000	      0.00000000	      0.00000000	      0.00000000	      0.00000000	      0.00000000	      0.00000000	      0.00000000	      0.00000000	     -0.55199675	     -0.52107003	     -1.45370617	     -7.87096428	     -0.59653619	     -0.01458406	     -2.66083607	      0.00000000	     -0.00000000	      0.00000000	     -0.00000000	     -0.00000000	      0.00000000	     -0.00000000	     -0.21138199	     -0.27542139	     -4.46937762	     -0.54889537	     -0.25658200	     -0.05694320	     -0.16685804	     -0.15269063	     -0.04268422	     -0.82138578	      0.19235510	     -0.00000000	      0.00000000	     -0.00000000	      0.23077582	      1.05469518	      0.18100848	     -1.36689424	     -1.40779425	     -0.00000000	      0.00000000	      0.00000000	     -0.00000000	      0.00000000	      0.00000000	      0.00000000
      2.90500000	      0.00000000	      0.00000000	      0.00000000	      0.00000000	      0.00000000	      0.00000000	      0.00000000	      0.00000000	      0.00000000	      0.00000000	      0.00000000	      0.00000000	      0.00000000	      0.00000000	      0.00000000	      0.00000000	      0.00000000	      0.00000000	      0.00000000	      0.00000000	      0.00000000	      0.00000000	      0.00000000	      0.00000000	      0.00000000	      0.00000000	      0.00000000	      0.00000000	      0.00000000	      0.00000000	      0.00000000	      0.00000000	      0.00000000	      0.00000000	      0.00000000	      0.00000000	      0.00000000	      0.00000000	      0.00000000	      0.00000000	     -0.50928093	     -0.43826052	     -1.39395812	     -7.61497268	     -0.57039947	     -0.01226041	     -2.58384953	     -0.00000000	      0.00000000	      0.00000000	      0.00000000	     -0.00000000	      0.00000000	     -0.00000000	     -0.21331676	     -0.27943064	     -4.34931771	     -0.54904433	     -0.25799773	     -0.05776831	     -0.16650298	     -0.15361781	     -0.04463854	     -0.79809499	      0.19721968	      0.00000000	      0.00000000	     -0.00000000	      0.23827648	      1.06374285	      0.18171950	     -1.31982591	     -1.39101985	      0.00000000	      0.00000000	     -0.00000000	     -0.00000000	     -0.00000000	     -0.00000000	      0.00000000
      2.91000000	      0.00000000	      0.00000000	      0.00000000	      0.00000000	      0.00000000	      0.00000000	      0.00000000	      0.00000000	      0.00000000	      0.00000000	      0.00000000	      0.00000000	      0.00000000	      0.00000000	      0.00000000	      0.00000000	      0.00000000	      0.00000000	      0.00000000	      0.00000000	      0.00000000	      0.00000000	      0.00000000	      0.00000000	      0.00000000	      0.00000000	      0.00000000	      0.00000000	      0.00000000	      0.00000000	      0.00000000	      0.00000000	      0.00000000	      0.00000000	      0.00000000	      0.00000000	      0.00000000	      0.00000000	      0.00000000	      0.00000000	     -0.46691261	     -0.35598650	     -1.33545694	     -7.35858869	     -0.54477771	     -0.01011432	     -2.50774107	      0.00000000	      0.00000000	     -0.00000000	     -0.00000000	      0.00000000	     -0.00000000	     -0.00000000	     -0.21514201	     -0.28344749	     -4.22694244	     -0.54902718	     -0.25929092	     -0.05854261	     -0.16609914	     -0.15447208	     -0.04654001	     -0.77484168	      0.20198238	     -0.00000000	     -0.00000000	     -0.00000000	      0.24634631	      1.07138196	      0.18237747	     -1.27255559	     -1.37434730	     -0.00000000	      0.00000000	     -0.00000000	     -0.00000000	     -0.00000000	     -0.00000000	      0.00000000
      2.91500000	      0.00000000	      0.00000000	      0.00000000	      0.00000000	      0.00000000	      0.00000000	      0.00000000	      0.00000000	      0.00000000	      0.00000000	      0.00000000	      0.00000000	      0.00000000	      0.00000000	      0.00000000	      0.00000000	      0.00000000	      0.00000000	      0.00000000	      0.00000000	      0.00000000	      0.00000000	      0.00000000	      0.00000000	      0.00000000	      0.00000000	      0.00000000	      0.00000000	      0.00000000	      0.00000000	      0.00000000	      0.00000000	      0.00000000	      0.00000000	      0.00000000	      0.00000000	      0.00000000	      0.00000000	      0.00000000	      0.00000000	     -0.42494137	     -0.27434297	     -1.27827287	     -7.10221650	     -0.51968165	     -0.00813695	     -2.43282881	      0.00000000	      0.00000000	     -0.00000000	     -0.00000000	     -0.00000000	      0.00000000	     -0.00000000	     -0.21687607	     -0.28747917	     -4.10279118	     -0.54884336	     -0.26046504	     -0.05927805	     -0.16564870	     -0.15525016	     -0.04839293	     -0.75162908	      0.20664624	     -0.00000000	      0.00000000	     -0.00000000	      0.25501157	      1.07808100	      0.18298845	     -1.22513546	     -1.35782943	      0.00000000	      0.00000000	     -0.00000000	      0.00000000	      0.00000000	      0.00000000	     -0.00000000
      2.92000000	      0.00000000	      0.00000000	      0.00000000	      0.00000000	      0.00000000	      0.00000000	      0.00000000	      0.00000000	      0.00000000	      0.00000000	      0.00000000	      0.00000000	      0.00000000	      0.00000000	      0.00000000	      0.00000000	      0.00000000	      0.00000000	      0.00000000	      0.00000000	      0.00000000	      0.00000000	      0.00000000	      0.00000000	      0.00000000	      0.00000000	      0.00000000	      0.00000000	      0.00000000	      0.00000000	      0.00000000	      0.00000000	      0.00000000	      0.00000000	      0.00000000	      0.00000000	      0.00000000	      0.00000000	      0.00000000	      0.00000000	     -0.38341256	     -0.19342577	     -1.22245428	     -6.84619051	     -0.49511636	     -0.00630644	     -2.35933302	     -0.00000000	     -0.00000000	      0.00000000	     -0.00000000	     -0.00000000	      0.00000000	     -0.00000000	     -0.21853645	     -0.29152512	     -3.97737016	     -0.54850087	     -0.26152802	     -0.05998804	     -0.16515625	     -0.15595089	     -0.05020384	     -0.72845275	      0.21121745	     -0.00000000	      0.00000000	     -0.00000000	      0.26433236	      1.08184590	      0.18355848	     -1.17758191	     -1.34150101	      0.00000000	      0.00000000	     -0.00000000	     -0.00000000	      0.00000000	      0.00000000	     -0.00000000
      2.92500000	      0.00000000	      0.00000000	      0.00000000	      0.00000000	      0.00000000	      0.00000000	      0.00000000	      0.00000000	      0.00000000	      0.00000000	      0.00000000	      0.00000000	      0.00000000	      0.00000000	      0.00000000	      0.00000000	      0.00000000	      0.00000000	      0.00000000	      0.00000000	      0.00000000	      0.00000000	      0.00000000	      0.00000000	      0.00000000	      0.00000000	      0.00000000	      0.00000000	      0.00000000	      0.00000000	      0.00000000	      0.00000000	      0.00000000	      0.00000000	      0.00000000	      0.00000000	      0.00000000	      0.00000000	      0.00000000	      0.00000000	     -0.34236816	     -0.11333218	     -1.16799899	     -6.59078409	     -0.47108284	     -0.00459943	     -2.28738276	      0.00000000	      0.00000000	     -0.00000000	     -0.00000000	     -0.00000000	      0.00000000	      0.00000000	     -0.22013803	     -0.29557739	     -3.85114699	     -0.54801500	     -0.26249163	     -0.06068665	     -0.16462829	     -0.15657491	     -0.05198071	     -0.70530194	      0.21570442	     -0.00000000	     -0.00000000	     -0.00000000	      0.27438625	      1.08407715	      0.18409308	     -1.12988169	     -1.32538069	      0.00000000	      0.00000000	     -0.00000000	      0.00000000	      0.00000000	     -0.00000000	      0.00000000
      2.93000000	      0.00000000	      0.00000000	      0.00000000	      0.00000000	      0.00000000	      0.00000000	      0.00000000	      0.00000000	      0.00000000	      0.00000000	      0.00000000	      0.00000000	      0.00000000	      0.00000000	      0.00000000	      0.00000000	      0.00000000	      0.00000000	      0.00000000	      0.00000000	      0.00000000	      0.00000000	      0.00000000	      0.00000000	      0.00000000	      0.00000000	      0.00000000	      0.00000000	      0.00000000	      0.00000000	      0.00000000	      0.00000000	      0.00000000	      0.00000000	      0.00000000	      0.00000000	      0.00000000	      0.00000000	      0.00000000	      0.00000000	     -0.30184822	     -0.03416209	     -1.11489317	     -6.33622473	     -0.44757978	     -0.00299505	     -2.21702973	      0.00000000	     -0.00000000	     -0.00000000	     -0.00000000	     -0.00000000	     -0.00000000	      0.00000000	     -0.22169188	     -0.29962208	     -3.72455040	     -0.54740592	     -0.26337015	     -0.06138757	     -0.16407246	     -0.15712406	     -0.05373204	     -0.68216144	      0.22011670	      0.00000000	      0.00000000	     -0.00000000	      0.28521549	      1.08581251	      0.18459675	     -1.08200265	     -1.30947452	      0.00000000	      0.00000000	      0.00000000	     -0.00000000	     -0.00000000	      0.00000000	      0.00000000
      2.93500000	      0.00000000	      0.00000000	      0.00000000	      0.00000000	      0.00000000	      0.00000000	      0.00000000	      0.00000000	      0.00000000	      0.00000000	      0.00000000	      0.00000000	      0.00000000	      0.00000000	      0.00000000	      0.00000000	      0.00000000	      0.00000000	      0.00000000	      0.00000000	      0.00000000	      0.00000000	      0.00000000	      0.00000000	      0.00000000	      0.00000000	      0.00000000	      0.00000000	      0.00000000	      0.00000000	      0.00000000	      0.00000000	      0.00000000	      0.00000000	      0.00000000	      0.00000000	      0.00000000	      0.00000000	      0.00000000	      0.00000000	     -0.26189257	      0.04398021	     -1.06319130	     -6.08271370	     -0.42460524	     -0.00147071	     -2.14826475	      0.00000000	      0.00000000	     -0.00000000	      0.00000000	     -0.00000000	      0.00000000	     -0.00000000	     -0.22320479	     -0.30364117	     -3.59797382	     -0.54669642	     -0.26417912	     -0.06210325	     -0.16349679	     -0.15760096	     -0.05546605	     -0.65901359	      0.22446383	      0.00000000	     -0.00000000	     -0.00000000	      0.29677447	      1.09593019	      0.18507263	     -1.03390470	     -1.29377991	     -0.00000000	      0.00000000	      0.00000000	     -0.00000000	     -0.00000000	      0.00000000	      0.00000000
      2.94000000	      0.00000000	      0.00000000	      0.00000000	      0.00000000	      0.00000000	      0.00000000	      0.00000000	      0.00000000	      0.00000000	      0.00000000	      0.00000000	      0.00000000	      0.00000000	      0.00000000	      0.00000000	      0.00000000	      0.00000000	      0.00000000	      0.00000000	      0.00000000	      0.00000000	      0.00000000	      0.00000000	      0.00000000	      0.00000000	      0.00000000	      0.00000000	      0.00000000	      0.00000000	      0.00000000	      0.00000000	      0.00000000	      0.00000000	      0.00000000	      0.00000000	      0.00000000	      0.00000000	      0.00000000	      0.00000000	      0.00000000	     -0.22254258	      0.12098429	     -1.01289939	     -5.83044769	     -0.40215803	      0.00000126	     -2.08103538	      0.00000000	     -0.00000000	     -0.00000000	     -0.00000000	     -0.00000000	     -0.00000000	     -0.00000000	     -0.22467965	     -0.30761476	     -3.47178114	     -0.54591021	     -0.26493424	     -0.06284424	     -0.16290914	     -0.15800895	     -0.05719024	     -0.63584040	      0.22875446	     -0.00000000	      0.00000000	     -0.00000000	      0.30893259	      1.13929054	      0.18552234	     -0.98555058	     -1.27828978	     -0.00000000	      0.00000000	     -0.00000000	     -0.00000000	      0.00000000	     -0.00000000	      0.00000000
      2.94500000	      0.00000000	      0.00000000	      0.00000000	      0.00000000	      0.00000000	      0.00000000	      0.00000000	      0.00000000	      0.00000000	      0.00000000	      0.00000000	      0.00000000	      0.00000000	      0.00000000	      0.00000000	      0.00000000	      0.00000000	      0.00000000	      0.00000000	      0.00000000	      0.00000000	      0.00000000	      0.00000000	      0.00000000	      0.00000000	      0.00000000	      0.00000000	      0.00000000	      0.00000000	      0.00000000	      0.00000000	      0.00000000	      0.00000000	      0.00000000	      0.00000000	      0.00000000	      0.00000000	      0.00000000	      0.00000000	      0.00000000	     -0.18384262	      0.19673208	     -0.96402156	     -5.57964013	     -0.38023874	      0.00144771	     -2.01526086	      0.00000000	      0.00000000	      0.00000000	      0.00000000	     -0.00000000	     -0.00000000	      0.00000000	     -0.22611650	     -0.31152335	     -3.34631341	     -0.54507124	     -0.26565094	     -0.06361895	     -0.16231704	     -0.15835232	     -0.05891115	     -0.61262525	      0.23299559	     -0.00000000	      0.00000000	     -0.00000000	      0.32152930	      1.21836504	      0.18594595	     -0.93691408	     -1.26299564	     -0.00000000	      0.05994605	     -0.00000000	     -0.00000000	      0.00000000	      0.00000000	      0.00000000
      2.95000000	      0.00000000	      0.00000000	      0.00000000	      0.00000000	      0.00000000	      0.00000000	      0.00000000	      0.00000000	      0.00000000	      0.00000000	      0.00000000	      0.00000000	      0.00000000	      0.00000000	      0.00000000	      0.00000000	      0.00000000	      0.00000000	      0.00000000	      0.00000000	      0.00000000	      0.00000000	      0.00000000	      0.00000000	      0.00000000	      0.00000000	      0.00000000	      0.00000000	      0.00000000	      0.00000000	      0.00000000	      0.00000000	      0.00000000	      0.00000000	      0.00000000	      0.00000000	      0.00000000	      0.00000000	      0.00000000	      0.00000000	     -0.14584122	      0.27109702	     -0.91656237	     -5.33054032	     -0.35885034	      0.00288541	     -1.95084669	      0.00000000	     -0.00000000	     -0.00000000	     -0.00000000	     -0.00000000	      0.00000000	      0.00000000	     -0.22751326	     -0.31534952	     -3.22189452	     -0.54420338	     -0.26634395	     -0.06443355	     -0.16172753	     -0.15863658	     -0.06063434	     -0.58935462	      0.23719207	      0.00000000	      0.00000000	     -0.00000000	      0.33442425	      1.32401043	      0.18634210	     -0.88798907	     -1.24789106	      0.00000000	      0.05954762	     -0.00000000	      0.00000000	     -0.00000000	     -0.00000000	     -0.00000000
      2.95500000	      0.00000000	      0.00000000	      0.00000000	      0.00000000	      0.00000000	      0.00000000	      0.00000000	      0.00000000	      0.00000000	      0.00000000	      0.00000000	      0.00000000	      0.00000000	      0.00000000	      0.00000000	      0.00000000	      0.00000000	      0.00000000	      0.00000000	      0.00000000	      0.00000000	      0.00000000	      0.00000000	      0.00000000	      0.00000000	      0.00000000	      0.00000000	      0.00000000	      0.00000000	      0.00000000	      0.00000000	      0.00000000	      0.00000000	      0.00000000	      0.00000000	      0.00000000	      0.00000000	      0.00000000	      0.00000000	      0.00000000	     -0.10859155	      0.34394423	     -0.87052795	     -5.08344823	     -0.33799833	      0.00431987	     -1.88770066	      0.00000000	      0.00000000	     -0.00000000	      0.00000000	      0.00000000	     -0.00000000	     -0.00000000	     -0.22886581	     -0.31907859	     -3.09883477	     -0.54333012	     -0.26702688	     -0.06529205	     -0.16114709	     -0.15886859	     -0.06236436	     -0.56601965	      0.24134652	     -0.00000000	     -0.00000000	     -0.00000000	      0.34751433	      1.43250099	      0.18670833	     -0.83880889	     -1.23297598	      0.00000000	      0.05991481	     -0.00000000	     -0.00000000	      0.00000000	     -0.00000000	     -0.00000000
      2.96000000	      0.00000000	      0.00000000	      0.00000000	      0.00000000	      0.00000000	      0.00000000	      0.00000000	      0.00000000	      0.00000000	      0.00000000	      0.00000000	      0.00000000	      0.00000000	      0.00000000	      0.00000000	      0.00000000	      0.00000000	      0.00000000	      0.00000000	      0.00000000	      0.00000000	      0.00000000	      0.00000000	      0.00000000	      0.00000000	      0.00000000	      0.00000000	      0.00000000	      0.00000000	      0.00000000	      0.00000000	      0.00000000	      0.00000000	      0.00000000	      0.00000000	      0.00000000	      0.00000000	      0.00000000	      0.00000000	      0.00000000	     -0.07215128	      0.41513185	     -0.82592621	     -4.83872488	     -0.31769062	      0.00575013	     -1.82573098	     -0.00000000	      0.00000000	     -0.00000000	     -0.00000000	     -0.00000000	      0.00000000	      0.00000000	     -0.23017004	     -0.32269930	     -2.97743244	     -0.54247427	     -0.26771181	     -0.06619637	     -0.16058154	     -0.15905626	     -0.06410477	     -0.54261624	      0.24545922	     -0.00000000	      0.00000000	     -0.00000000	      0.36073256	      1.53776738	      0.18704113	     -0.78974739	     -1.21825399	      0.00000000	      0.06242469	      0.00000000	     -0.00000000	     -0.00000000	     -0.00000000	     -0.00000000
      2.96500000	      0.00000000	      0.00000000	      0.00000000	      0.00000000	      0.00000000	      0.00000000	      0.00000000	      0.00000000	      0.00000000	      0.00000000	      0.00000000	      0.00000000	      0.00000000	      0.00000000	      0.00000000	      0.00000000	      0.00000000	      0.00000000	      0.00000000	      0.00000000	      0.00000000	      0.00000000	      0.00000000	      0.00000000	      0.00000000	      0.00000000	      0.00000000	      0.00000000	      0.00000000	      0.00000000	      0.00000000	      0.00000000	      0.00000000	      0.00000000	      0.00000000	      0.00000000	      0.00000000	      0.00000000	      0.00000000	      0.00000000	     -0.03658200	      0.48451286	     -0.78276656	     -4.59679878	     -0.29793726	      0.00717499	     -1.76485153	      0.00000000	     -0.00000000	     -0.00000000	     -0.00000000	      0.00000000	     -0.00000000	     -0.00000000	     -0.23142308	     -0.32620527	     -2.85797402	     -0.54165788	     -0.26840941	     -0.06714687	     -0.16003607	     -0.15920818	     -0.06585831	     -0.51914522	      0.24952801	      0.00000000	      0.00000000	     -0.00000000	      0.37405461	      1.63963572	      0.18733620	     -0.74253175	     -1.20373371	     -0.00000000	      0.06741679	      0.00000000	      0.00000000	      0.00000000	     -0.00000000	     -0.00000000
      2.97000000	      0.00000000	      0.00000000	      0.00000000	      0.00000000	      0.00000000	      0.00000000	      0.00000000	      0.00000000	      0.00000000	      0.00000000	      0.00000000	      0.00000000	      0.00000000	      0.00000000	      0.00000000	      0.00000000	      0.00000000	      0.00000000	      0.00000000	      0.00000000	      0.00000000	      0.00000000	      0.00000000	      0.00000000	      0.00000000	      0.00000000	      0.00000000	      0.00000000	      0.00000000	      0.00000000	      0.00000000	      0.00000000	      0.00000000	      0.00000000	      0.00000000	      0.00000000	      0.00000000	      0.00000000	      0.00000000	      0.00000000	     -0.00194839	      0.55193733	     -0.74105908	     -4.35816813	     -0.27874999	      0.00859461	     -1.70498630	     -0.00000000	      0.00000000	     -0.00000000	     -0.00000000	      0.00000000	      0.00000000	      0.00000000	     -0.23270062	     -0.32959605	     -2.74073272	     -0.54090220	     -0.26912918	     -0.06814288	     -0.15951521	     -0.15933313	     -0.06762708	     -0.49561250	      0.25354832	      0.00000000	      0.00000000	     -0.00000000	      0.38746715	      1.73796530	      0.18758874	     -0.70027721	     -1.18942980	      0.00000000	      0.07347674	     -0.00000000	     -0.00000000	     -0.00000000	     -0.00000000	     -0.00000000
      2.97500000	      0.00000000	      0.00000000	      0.00000000	      0.00000000	      0.00000000	      0.00000000	      0.00000000	      0.00000000	      0.00000000	      0.00000000	      0.00000000	      0.00000000	      0.00000000	      0.00000000	      0.00000000	      0.00000000	      0.00000000	      0.00000000	      0.00000000	      0.00000000	      0.00000000	      0.00000000	      0.00000000	      0.00000000	      0.00000000	      0.00000000	      0.00000000	      0.00000000	      0.00000000	      0.00000000	      0.00000000	      0.00000000	      0.00000000	      0.00000000	      0.00000000	      0.00000000	      0.00000000	      0.00000000	      0.00000000	      0.00000000	      0.03168307	      0.61725503	     -0.70081319	     -4.12339740	     -0.26014166	      0.01000949	     -1.64607112	      0.00000000	     -0.00000000	     -0.00000000	      0.00000000	     -0.00000000	      0.00000000	      0.00000000	     -0.23412581	     -0.33287714	     -2.62596466	     -0.54022747	     -0.26987952	     -0.06918312	     -0.15902286	     -0.15943955	     -0.06941278	     -0.47202898	      0.25751341	      0.00000000	     -0.00000000	     -0.00000000	      0.40095388	      1.83261970	      0.18779371	     -0.66589267	     -1.17536299	     -0.00000000	      0.07977235	      0.00000000	     -0.00000000	      0.00000000	     -0.00000000	      0.00000000
      2.98000000	      0.00000000	      0.00000000	      0.00000000	      0.00000000	      0.00000000	      0.00000000	      0.00000000	      0.00000000	      0.00000000	      0.00000000	      0.00000000	      0.00000000	      0.00000000	      0.00000000	      0.00000000	      0.00000000	      0.00000000	      0.00000000	      0.00000000	      0.00000000	      0.00000000	      0.00000000	      0.00000000	      0.00000000	      0.00000000	      0.00000000	      0.00000000	      0.00000000	      0.00000000	      0.00000000	      0.00000000	      0.00000000	      0.00000000	      0.00000000	      0.00000000	      0.00000000	      0.00000000	      0.00000000	      0.00000000	      0.00000000	      0.06424556	      0.68031843	     -0.66203621	     -3.89310897	     -0.24212557	      0.01142037	     -1.58805297	     -0.00000000	      0.00000000	      0.00000000	     -0.00000000	     -0.00000000	     -0.00000000	     -0.00000000	     -0.23550868	     -0.33605968	     -2.51390401	     -0.53965213	     -0.27066757	     -0.07026601	     -0.15856212	     -0.15953515	     -0.07121671	     -0.44840996	      0.26141456	     -0.00000000	      0.00000000	     -0.00000000	      0.41449542	      1.92347914	      0.18794607	     -0.63987411	     -1.16155928	      0.00000000	      0.08602467	     -0.00000000	     -0.00000000	     -0.00000000	     -0.00000000	     -0.00000000
      2.98500000	      0.00000000	      0.00000000	      0.00000000	      0.00000000	      0.00000000	      0.00000000	      0.00000000	      0.00000000	      0.00000000	      0.00000000	      0.00000000	      0.00000000	      0.00000000	      0.00000000	      0.00000000	      0.00000000	      0.00000000	      0.00000000	      0.00000000	      0.00000000	      0.00000000	      0.00000000	      0.00000000	      0.00000000	      0.00000000	      0.00000000	      0.00000000	      0.00000000	      0.00000000	      0.00000000	      0.00000000	      0.00000000	      0.00000000	      0.00000000	      0.00000000	      0.00000000	      0.00000000	      0.00000000	      0.00000000	      0.00000000	      0.09567350	      0.74098553	     -0.62473228	     -3.66797085	     -0.22471504	      0.01282817	     -1.53089093	      0.00000000	      0.00000000	      0.00000000	      0.00000000	      0.00000000	      0.00000000	      0.00000000	     -0.23685591	     -0.33916070	     -2.40475832	     -0.53919185	     -0.27149911	     -0.07138996	     -0.15813511	     -0.15962645	     -0.07303986	     -0.42477473	      0.26524109	      0.00000000	     -0.00000000	     -0.00000000	      0.42806915	      2.01042543	      0.18804090	     -0.62160068	     -1.14804993	      0.00000000	      0.09212447	      0.00000000	      0.00000000	      0.00000000	     -0.00000000	      0.00000000
      2.99000000	      0.00000000	      0.00000000	      0.00000000	      0.00000000	      0.00000000	      0.00000000	      0.00000000	      0.00000000	      0.00000000	      0.00000000	      0.00000000	      0.00000000	      0.00000000	      0.00000000	      0.00000000	      0.00000000	      0.00000000	      0.00000000	      0.00000000	      0.00000000	      0.00000000	      0.00000000	      0.00000000	      0.00000000	      0.00000000	      0.00000000	      0.00000000	      0.00000000	      0.00000000	      0.00000000	      0.00000000	      0.00000000	      0.00000000	      0.00000000	      0.00000000	      0.00000000	      0.00000000	      0.00000000	      0.00000000	      0.00000000	      0.12590395	      0.79912213	     -0.58890151	     -3.44868133	     -0.20792308	      0.01423387	     -1.47455680	     -0.00000000	     -0.00000000	      0.00000000	      0.00000000	     -0.00000000	     -0.00000000	      0.00000000	     -0.23817728	     -0.34220347	     -2.29870469	     -0.53885867	     -0.27237852	     -0.07255371	     -0.15774289	     -0.15971868	     -0.07488286	     -0.40114603	      0.26898025	      0.00000000	      0.00000000	     -0.00000000	      0.44164902	      2.09330715	      0.18807348	     -0.61128296	     -1.13487131	      0.00000000	      0.09801609	      0.00000000	      0.00000000	      0.00000000	      0.00000000	      0.00000000
      2.99500000	      0.00000000	      0.00000000	      0.00000000	      0.00000000	      0.00000000	      0.00000000	      0.00000000	      0.00000000	      0.00000000	      0.00000000	      0.00000000	      0.00000000	      0.00000000	      0.00000000	      0.00000000	      0.00000000	      0.00000000	      0.00000000	      0.00000000	      0.00000000	      0.00000000	      0.00000000	      0.00000000	      0.00000000	      0.00000000	      0.00000000	      0.00000000	      0.00000000	      0.00000000	      0.00000000	      0.00000000	      0.00000000	      0.00000000	      0.00000000	      0.00000000	      0.00000000	      0.00000000	      0.00000000	      0.00000000	      0.00000000	      0.15487781	      0.85460349	     -0.55453951	     -3.23595049	     -0.19176202	      0.01563847	     -1.41903907	      0.00000000	     -0.00000000	     -0.00000000	     -0.00000000	      0.00000000	      0.00000000	      0.00000000	     -0.23948595	     -0.34521767	     -2.19588653	     -0.53866051	     -0.27330904	     -0.07375664	     -0.15738536	     -0.15981577	     -0.07674616	     -0.37754988	      0.27261692	     -0.00000000	     -0.00000000	     -0.00000000	      0.45520547	      2.17187994	      0.18803940	     -0.60906663	     -1.12206613	     -0.00000000	      0.10366456	     -0.00000000	      0.00000000	     -0.00000000	     -0.00000000	      0.00000000
      3.00000000	      0.00000000	      0.00000000	      0.00000000	      0.00000000	      0.00000000	      0.00000000	      0.00000000	      0.00000000	      0.00000000	      0.00000000	      0.00000000	      0.00000000	      0.00000000	      0.00000000	      0.00000000	      0.00000000	      0.00000000	      0.00000000	      0.00000000	      0.00000000	      0.00000000	      0.00000000	      0.00000000	      0.00000000	      0.00000000	      0.00000000	      0.00000000	      0.00000000	      0.00000000	      0.00000000	      0.00000000	      0.00000000	      0.00000000	      0.00000000	      0.00000000	      0.00000000	      0.00000000	      0.00000000	      0.00000000	      0.00000000	      0.18304726	      0.90731566	     -0.52163686	     -3.03047848	     -0.17624325	      0.01704282	     -1.36435960	      0.00000000	      0.00000000	      0.00000000	      0.00000000	      0.00000000	     -0.00000000	     -0.00000000	     -0.24079810	     -0.34823847	     -2.09641056	     -0.53860096	     -0.27429287	     -0.07499893	     -0.15706140	     -0.15992045	     -0.07863006	     -0.35401598	      0.27613321	      0.00000000	      0.00000000	     -0.00000000	      0.46870567	      2.24562311	      0.18793477	     -0.61329302	     -1.10968943	     -0.00000000	      0.10904577	      0.00000000	      0.00000000	      0.00000000	     -0.00000000	     -0.00000000
      3.00500000	      0.00000000	      0.00000000	      0.00000000	      0.00000000	      0.00000000	      0.00000000	      0.00000000	      0.00000000	      0.00000000	      0.00000000	      0.00000000	      0.00000000	      0.00000000	      0.00000000	      0.00000000	      0.00000000	      0.00000000	      0.00000000	      0.00000000	      0.00000000	      0.00000000	      0.00000000	      0.00000000	      0.00000000	      0.00000000	      0.00000000	      0.00000000	      0.00000000	      0.00000000	      0.00000000	      0.00000000	      0.00000000	      0.00000000	      0.00000000	      0.00000000	      0.00000000	      0.00000000	      0.00000000	      0.00000000	      0.00000000	      0.20985467	      0.95715668	     -0.49017873	     -2.83293091	     -0.16137689	      0.01844754	     -1.31054119	     -0.00000000	     -0.00000000	      0.00000000	      0.00000000	     -0.00000000	      0.00000000	     -0.00000000	     -0.24213217	     -0.35130471	     -2.00034410	     -0.53867930	     -0.27533120	     -0.07628159	     -0.15676897	     -0.16003443	     -0.08053474	     -0.33057581	      0.27950757	     -0.00000000	      0.00000000	     -0.00000000	      0.48211407	      2.31393359	      0.18775611	     -0.62130638	     -1.09779450	     -0.00000000	      0.11414103	      0.00000000	      0.00000000	      0.00000000	     -0.00000000	      0.00000000
      3.01000000	      0.00000000	      0.00000000	      0.00000000	      0.00000000	      0.00000000	      0.00000000	      0.00000000	      0.00000000	      0.00000000	      0.00000000	      0.00000000	      0.00000000	      0.00000000	      0.00000000	      0.00000000	      0.00000000	      0.00000000	      0.00000000	      0.00000000	      0.00000000	      0.00000000	      0.00000000	      0.00000000	      0.00000000	      0.00000000	      0.00000000	      0.00000000	      0.00000000	      0.00000000	      0.00000000	      0.00000000	      0.00000000	      0.00000000	      0.00000000	      0.00000000	      0.00000000	      0.00000000	      0.00000000	      0.00000000	      0.00000000	      0.23522716	      1.00403784	     -0.46014466	     -2.64391299	     -0.14717149	      0.01985289	     -1.25761050	      0.00000000	     -0.00000000	     -0.00000000	     -0.00000000	      0.00000000	      0.00000000	     -0.00000000	     -0.24350774	     -0.35445659	     -1.90771309	     -0.53889085	     -0.27642413	     -0.07760628	     -0.15650528	     -0.16015851	     -0.08246034	     -0.30726217	      0.28271283	     -0.00000000	      0.00000000	     -0.00000000	      0.49539321	      2.37609571	      0.18750039	     -0.63122924	     -1.08643409	     -0.00000000	      0.11893616	     -0.00000000	      0.00000000	     -0.00000000	     -0.00000000	      0.00000000
      3.01500000	      0.00000000	      0.00000000	      0.00000000	      0.00000000	      0.00000000	      0.00000000	      0.00000000	      0.00000000	      0.00000000	      0.00000000	      0.00000000	      0.00000000	      0.00000000	      0.00000000	      0.00000000	      0.00000000	      0.00000000	      0.00000000	      0.00000000	      0.00000000	      0.00000000	      0.00000000	      0.00000000	      0.00000000	      0.00000000	      0.00000000	      0.00000000	      0.00000000	      0.00000000	      0.00000000	      0.00000000	      0.00000000	      0.00000000	      0.00000000	      0.00000000	      0.00000000	      0.00000000	      0.00000000	      0.00000000	      0.00000000	      0.25913170	      1.04788506	     -0.43150843	     -2.46394432	     -0.13363371	      0.02125863	     -1.20559456	     -0.00000000	     -0.00000000	     -0.00000000	      0.00000000	      0.00000000	      0.00000000	     -0.00000000	     -0.24494404	     -0.35773288	     -1.81850112	     -0.53922722	     -0.27757049	     -0.07897504	     -0.15626698	     -0.16029276	     -0.08440682	     -0.28410833	      0.28571352	      0.00000000	     -0.00000000	     -0.00000000	      0.50850480	      2.43125931	      0.18716491	     -0.64222932	     -1.07565809	      0.00000000	      0.12342131	     -0.00000000	      0.00000000	     -0.00000000	      0.00000000	      0.00000000
      3.02000000	      0.00000000	      0.00000000	      0.00000000	      0.00000000	      0.00000000	      0.00000000	      0.00000000	      0.00000000	      0.00000000	      0.00000000	      0.00000000	      0.00000000	      0.00000000	      0.00000000	      0.00000000	      0.00000000	      0.00000000	      0.00000000	      0.00000000	      0.00000000	      0.00000000	      0.00000000	      0.00000000	      0.00000000	      0.00000000	      0.00000000	      0.00000000	      0.00000000	      0.00000000	      0.00000000	      0.00000000	      0.00000000	      0.00000000	      0.00000000	      0.00000000	      0.00000000	      0.00000000	      0.00000000	      0.00000000	      0.00000000	      0.28154437	      1.08864044	     -0.40423808	     -2.29343608	     -0.12076811	      0.02266391	     -1.15451818	      0.00000000	      0.00000000	      0.00000000	      0.00000000	     -0.00000000	     -0.00000000	      0.00000000	     -0.24645832	     -0.36116811	     -1.73264954	     -0.53967656	     -0.27876750	     -0.08038997	     -0.15605020	     -0.16043655	     -0.08637387	     -0.26114752	      0.28846600	     -0.00000000	      0.00000000	     -0.00000000	      0.52141091	      2.47841767	      0.18674686	     -0.65420802	     -1.06551218	     -0.00000000	      0.12759081	      0.00000000	      0.00000000	      0.00000000	     -0.00000000	      0.00000000
      3.02500000	      0.00000000	      0.00000000	      0.00000000	      0.00000000	      0.00000000	      0.00000000	      0.00000000	      0.00000000	      0.00000000	      0.00000000	      0.00000000	      0.00000000	      0.00000000	      0.00000000	      0.00000000	      0.00000000	      0.00000000	      0.00000000	      0.00000000	      0.00000000	      0.00000000	      0.00000000	      0.00000000	      0.00000000	      0.00000000	      0.00000000	      0.00000000	      0.00000000	      0.00000000	      0.00000000	      0.00000000	      0.00000000	      0.00000000	      0.00000000	      0.00000000	      0.00000000	      0.00000000	      0.00000000	      0.00000000	      0.00000000	      0.30245102	      1.12626379	     -0.37829636	     -2.13267381	     -0.10857699	      0.02406713	     -1.10439899	     -0.00000000	     -0.00000000	     -0.00000000	     -0.00000000	     -0.00000000	      0.00000000	      0.00000000	     -0.24806453	     -0.36479038	     -1.65005952	     -0.54022398	     -0.28001067	     -0.08185288	     -0.15585076	     -0.16058857	     -0.08836081	     -0.23841201	      0.29093143	     -0.00000000	     -0.00000000	     -0.00000000	      0.53407511	      2.51636821	      0.18624224	     -0.66719053	     -1.05603497	      0.00000000	      0.13144307	     -0.00000000	      0.00000000	     -0.00000000	     -0.00000000	     -0.00000000
      3.03000000	      0.00000000	      0.00000000	      0.00000000	      0.00000000	      0.00000000	      0.00000000	      0.00000000	      0.00000000	      0.00000000	      0.00000000	      0.00000000	      0.00000000	      0.00000000	      0.00000000	      0.00000000	      0.00000000	      0.00000000	      0.00000000	      0.00000000	      0.00000000	      0.00000000	      0.00000000	      0.00000000	      0.00000000	      0.00000000	      0.00000000	      0.00000000	      0.00000000	      0.00000000	      0.00000000	      0.00000000	      0.00000000	      0.00000000	      0.00000000	      0.00000000	      0.00000000	      0.00000000	      0.00000000	      0.00000000	      0.00000000	      0.32184767	      1.16073389	     -0.35364130	     -1.98180693	     -0.09706044	      0.02546583	     -1.05524490	      0.00000000	      0.00000000	     -0.00000000	      0.00000000	     -0.00000000	      0.00000000	      0.00000000	     -0.24977255	     -0.36862027	     -1.57059597	     -0.54085219	     -0.28129387	     -0.08336510	     -0.15566426	     -0.16074700	     -0.09036647	     -0.21593239	      0.29310054	      0.00000000	      0.00000000	     -0.00000000	      0.54646341	      2.54362645	      0.18564388	     -0.68117423	     -1.04725632	      0.00000000	      0.13498018	      0.00000000	      0.00000000	     -0.00000000	      0.00000000	      0.00000000
      3.03500000	      0.00000000	      0.00000000	      0.00000000	      0.00000000	      0.00000000	      0.00000000	      0.00000000	      0.00000000	      0.00000000	      0.00000000	      0.00000000	      0.00000000	      0.00000000	      0.00000000	      0.00000000	      0.00000000	      0.00000000	      0.00000000	      0.00000000	      0.00000000	      0.00000000	      0.00000000	      0.00000000	      0.00000000	      0.00000000	      0.00000000	      0.00000000	      0.00000000	      0.00000000	      0.00000000	      0.00000000	      0.00000000	      0.00000000	      0.00000000	      0.00000000	      0.00000000	      0.00000000	      0.00000000	      0.00000000	      0.00000000	      0.33974069	      1.19204949	     -0.33022714	     -1.84084626	     -0.08621637	      0.02685690	     -1.00705786	     -0.00000000	     -0.00000000	     -0.00000000	     -0.00000000	      0.00000000	     -0.00000000	     -0.00000000	     -0.25158779	     -0.37267036	     -1.49409296	     -0.54154206	     -0.28260952	     -0.08492726	     -0.15548620	     -0.16090949	     -0.09238912	     -0.19373721	      0.29499779	      0.00000000	      0.00000000	     -0.00000000	      0.55854501	      2.55831074	      0.18493836	     -0.69613604	     -1.03919815	     -0.00000000	      0.13820747	      0.00000000	     -0.00000000	      0.00000000	     -0.00000000	      0.00000000
      3.04000000	      0.00000000	      0.00000000	      0.00000000	      0.00000000	      0.00000000	      0.00000000	      0.00000000	      0.00000000	      0.00000000	      0.00000000	      0.00000000	      0.00000000	      0.00000000	      0.00000000	      0.00000000	      0.00000000	      0.00000000	      0.00000000	      0.00000000	      0.00000000	      0.00000000	      0.00000000	      0.00000000	      0.00000000	      0.00000000	      0.00000000	      0.00000000	      0.00000000	      0.00000000	      0.00000000	      0.00000000	      0.00000000	      0.00000000	      0.00000000	      0.00000000	      0.00000000	      0.00000000	      0.00000000	      0.00000000	      0.00000000	      0.35614663	      1.22022978	     -0.30800522	     -1.70966902	     -0.07604081	      0.02823712	     -0.95985002	      0.00000000	     -0.00000000	      0.00000000	     -0.00000000	     -0.00000000	     -0.00000000	     -0.00000000	     -0.25351098	     -0.37694509	     -1.42035989	     -0.54227317	     -0.28394879	     -0.08653926	     -0.15531205	     -0.16107328	     -0.09442641	     -0.17185304	      0.29665877	      0.00000000	      0.00000000	     -0.00000000	      0.57029290	      2.55825027	      0.18410444	     -0.71205821	     -1.03187942	     -0.00000000	      0.14113270	     -0.00000000	     -0.00000000	      0.00000000	      0.00000000	      0.00000000
      3.04500000	      0.00000000	      0.00000000	      0.00000000	      0.00000000	      0.00000000	      0.00000000	      0.00000000	      0.00000000	      0.00000000	      0.00000000	      0.00000000	      0.00000000	      0.00000000	      0.00000000	      0.00000000	      0.00000000	      0.00000000	      0.00000000	      0.00000000	      0.00000000	      0.00000000	      0.00000000	      0.00000000	      0.00000000	      0.00000000	      0.00000000	      0.00000000	      0.00000000	      0.00000000	      0.00000000	      0.00000000	      0.00000000	      0.00000000	      0.00000000	      0.00000000	      0.00000000	      0.00000000	      0.00000000	      0.00000000	      0.00000000	      0.37109179	      1.24531460	     -0.28692494	     -1.58803035	     -0.06652815	      0.02960425	     -0.91361550	      0.00000000	      0.00000000	      0.00000000	      0.00000000	     -0.00000000	      0.00000000	      0.00000000	     -0.25553820	     -0.38144086	     -1.34918782	     -0.54302410	     -0.28530176	     -0.08820009	     -0.15513730	     -0.16123520	     -0.09647526	     -0.15030350	      0.29811367	      0.00000000	     -0.00000000	     -0.00000000	      0.58168430	      2.54151951	      0.18312292	     -0.72885951	     -1.02530431	      0.00000000	      0.14376520	      0.00000000	      0.00000000	     -0.00000000	     -0.00000000	     -0.00000000
      3.05000000	      0.00000000	      0.00000000	      0.00000000	      0.00000000	      0.00000000	      0.00000000	      0.00000000	      0.00000000	      0.00000000	      0.00000000	      0.00000000	      0.00000000	      0.00000000	      0.00000000	      0.00000000	      0.00000000	      0.00000000	      0.00000000	      0.00000000	      0.00000000	      0.00000000	      0.00000000	      0.00000000	      0.00000000	      0.00000000	      0.00000000	      0.00000000	      0.00000000	      0.00000000	      0.00000000	      0.00000000	      0.00000000	      0.00000000	      0.00000000	      0.00000000	      0.00000000	      0.00000000	      0.00000000	      0.00000000	      0.00000000	      0.38461170	      1.26736414	     -0.26693462	     -1.47557978	     -0.05767141	      0.03095767	     -0.86834297	      0.00000000	      0.00000000	      0.00000000	      0.00000000	     -0.00000000	     -0.00000000	      0.00000000	     -0.25766105	     -0.38614635	     -1.28035543	     -0.54377285	     -0.28665767	     -0.08990785	     -0.15495749	     -0.16139171	     -0.09853186	     -0.12910917	      0.29938480	     -0.00000000	     -0.00000000	     -0.00000000	      0.59270104	      2.50859344	      0.18199846	     -0.74642298	     -1.01946681	     -0.00000000	      0.14611560	      0.00000000	      0.00000000	      0.00000000	      0.00000000	      0.00000000
      3.05500000	      0.00000000	      0.00000000	      0.00000000	      0.00000000	      0.00000000	      0.00000000	      0.00000000	      0.00000000	      0.00000000	      0.00000000	      0.00000000	      0.00000000	      0.00000000	      0.00000000	      0.00000000	      0.00000000	      0.00000000	      0.00000000	      0.00000000	      0.00000000	      0.00000000	      0.00000000	      0.00000000	      0.00000000	      0.00000000	      0.00000000	      0.00000000	      0.00000000	      0.00000000	      0.00000000	      0.00000000	      0.00000000	      0.00000000	      0.00000000	      0.00000000	      0.00000000	      0.00000000	      0.00000000	      0.00000000	      0.00000000	      0.39675031	      1.28645843	     -0.24798224	     -1.37188100	     -0.04946257	      0.03229799	     -0.82401950	      0.00000000	     -0.00000000	     -0.00000000	      0.00000000	      0.00000000	      0.00000000	     -0.00000000	     -0.25986704	     -0.39104301	     -1.21363413	     -0.54449726	     -0.28800513	     -0.09165973	     -0.15476825	     -0.16153901	     -0.10059171	     -0.10828748	      0.30048908	     -0.00000000	     -0.00000000	     -0.00000000	      0.60332970	      2.46304851	      0.18076192	     -0.76460244	     -1.01435151	     -0.00000000	      0.14819546	      0.00000000	      0.00000000	      0.00000000	     -0.00000000	     -0.00000000
      3.06000000	      0.00000000	      0.00000000	      0.00000000	      0.00000000	      0.00000000	      0.00000000	      0.00000000	      0.00000000	      0.00000000	      0.00000000	      0.00000000	      0.00000000	      0.00000000	      0.00000000	      0.00000000	      0.00000000	      0.00000000	      0.00000000	      0.00000000	      0.00000000	      0.00000000	      0.00000000	      0.00000000	      0.00000000	      0.00000000	      0.00000000	      0.00000000	      0.00000000	      0.00000000	      0.00000000	      0.00000000	      0.00000000	      0.00000000	      0.00000000	      0.00000000	      0.00000000	      0.00000000	      0.00000000	      0.00000000	      0.00000000	      0.40755917	      1.30269633	     -0.23001606	     -1.27643307	     -0.04189268	      0.03362639	     -0.78063303	     -0.00000000	     -0.00000000	     -0.00000000	     -0.00000000	     -0.00000000	     -0.00000000	     -0.00000000	     -0.26214031	     -0.39610605	     -1.14879246	     -0.54517558	     -0.28933255	     -0.09345206	     -0.15456542	     -0.16167318	     -0.10264969	     -0.08785274	      0.30144021	     -0.00000000	     -0.00000000	     -0.00000000	      0.61356164	      2.40772667	      0.17944817	     -0.78322600	     -1.00993490	     -0.00000000	      0.15001667	      0.00000000	     -0.00000000	     -0.00000000	      0.00000000	      0.00000000
      3.06500000	      0.00000000	      0.00000000	      0.00000000	      0.00000000	      0.00000000	      0.00000000	      0.00000000	      0.00000000	      0.00000000	      0.00000000	      0.00000000	      0.00000000	      0.00000000	      0.00000000	      0.00000000	      0.00000000	      0.00000000	      0.00000000	      0.00000000	      0.00000000	      0.00000000	      0.00000000	      0.00000000	      0.00000000	      0.00000000	      0.00000000	      0.00000000	      0.00000000	      0.00000000	      0.00000000	      0.00000000	      0.00000000	      0.00000000	      0.00000000	      0.00000000	      0.00000000	      0.00000000	      0.00000000	      0.00000000	      0.00000000	      0.41709644	      1.31619419	     -0.21298526	     -1.18869168	     -0.03495195	      0.03494418	     -0.73817131	      0.00000000	     -0.00000000	      0.00000000	      0.00000000	     -0.00000000	      0.00000000	      0.00000000	     -0.26446253	     -0.40130583	     -1.08559950	     -0.54578705	     -0.29062848	     -0.09528046	     -0.15434517	     -0.16179026	     -0.10470020	     -0.06781610	      0.30225006	      0.00000000	     -0.00000000	     -0.00000000	      0.62339284	      2.34392877	      0.17808326	     -0.80210230	     -1.00618571	      0.00000000	      0.15159098	     -0.00000000	      0.00000000	      0.00000000	      0.00000000	      0.00000000
      3.07000000	      0.00000000	      0.00000000	      0.00000000	      0.00000000	      0.00000000	      0.00000000	      0.00000000	      0.00000000	      0.00000000	      0.00000000	      0.00000000	      0.00000000	      0.00000000	      0.00000000	      0.00000000	      0.00000000	      0.00000000	      0.00000000	      0.00000000	      0.00000000	      0.00000000	      0.00000000	      0.00000000	      0.00000000	      0.00000000	      0.00000000	      0.00000000	      0.00000000	      0.00000000	      0.00000000	      0.00000000	      0.00000000	      0.00000000	      0.00000000	      0.00000000	      0.00000000	      0.00000000	      0.00000000	      0.00000000	      0.00000000	      0.42542585	      1.32708401	     -0.19684056	     -1.10808896	     -0.02862969	      0.03625267	     -0.69662302	      0.00000000	      0.00000000	      0.00000000	      0.00000000	      0.00000000	      0.00000000	     -0.00000000	     -0.26681396	     -0.40660940	     -1.02382772	     -0.54631244	     -0.29188204	     -0.09713995	     -0.15410405	     -0.16188649	     -0.10673733	     -0.04818584	      0.30292934	     -0.00000000	      0.00000000	     -0.00000000	      0.63282347	      2.27296826	      0.17668456	     -0.82102872	     -1.00306739	      0.00000000	      0.15292933	      0.00000000	     -0.00000000	      0.00000000	      0.00000000	     -0.00000000
      3.07500000	      0.00000000	      0.00000000	      0.00000000	      0.00000000	      0.00000000	      0.00000000	      0.00000000	      0.00000000	      0.00000000	      0.00000000	      0.00000000	      0.00000000	      0.00000000	      0.00000000	      0.00000000	      0.00000000	      0.00000000	      0.00000000	      0.00000000	      0.00000000	      0.00000000	      0.00000000	      0.00000000	      0.00000000	      0.00000000	      0.00000000	      0.00000000	      0.00000000	      0.00000000	      0.00000000	      0.00000000	      0.00000000	      0.00000000	      0.00000000	      0.00000000	      0.00000000	      0.00000000	      0.00000000	      0.00000000	      0.00000000	      0.43261558	      1.33551136	     -0.18153489	     -1.03405105	     -0.02291415	      0.03755320	     -0.65598398	      0.00000000	     -0.00000000	     -0.00000000	      0.00000000	     -0.00000000	      0.00000000	     -0.00000000	     -0.26917462	     -0.41198236	     -0.96325597	     -0.54673465	     -0.29308323	     -0.09902511	     -0.15383915	     -0.16195841	     -0.10875500	     -0.02896750	      0.30348784	     -0.00000000	     -0.00000000	     -0.00000000	      0.64185744	      2.19711833	      0.17526338	     -0.83980792	     -1.00053948	     -0.00000000	      0.15404095	      0.00000000	     -0.00000000	      0.00000000	      0.00000000	     -0.00000000
      3.08000000	      0.00000000	      0.00000000	      0.00000000	      0.00000000	      0.00000000	      0.00000000	      0.00000000	      0.00000000	      0.00000000	      0.00000000	      0.00000000	      0.00000000	      0.00000000	      0.00000000	      0.00000000	      0.00000000	      0.00000000	      0.00000000	      0.00000000	      0.00000000	      0.00000000	      0.00000000	      0.00000000	      0.00000000	      0.00000000	      0.00000000	      0.00000000	      0.00000000	      0.00000000	      0.00000000	      0.00000000	      0.00000000	      0.00000000	      0.00000000	      0.00000000	      0.00000000	      0.00000000	      0.00000000	      0.00000000	      0.00000000	      0.43873714	      1.34163285	     -0.16702416	     -0.96601276	     -0.01779248	      0.03884717	     -0.61625103	      0.00000000	      0.00000000	      0.00000000	      0.00000000	      0.00000000	      0.00000000	      0.00000000	     -0.27152535	     -0.41739063	     -0.90367386	     -0.54703915	     -0.29422330	     -0.10093025	     -0.15354818	     -0.16200306	     -0.11074723	     -0.01016443	      0.30393460	     -0.00000000	      0.00000000	     -0.01329019	      0.65050176	      2.11802461	      0.17382754	     -0.85824786	     -0.99855877	     -0.00000000	      0.15493310	      0.00000000	      0.00000000	     -0.00000000	      0.00000000	     -0.00000000
      3.08500000	      0.00000000	      0.00000000	      0.00000000	      0.00000000	      0.00000000	      0.00000000	      0.00000000	      0.00000000	      0.00000000	      0.00000000	      0.00000000	      0.00000000	      0.00000000	      0.00000000	      0.00000000	      0.00000000	      0.00000000	      0.00000000	      0.00000000	      0.00000000	      0.00000000	      0.00000000	      0.00000000	      0.00000000	      0.00000000	      0.00000000	      0.00000000	      0.00000000	      0.00000000	      0.00000000	      0.00000000	      0.00000000	      0.00000000	      0.00000000	      0.00000000	      0.00000000	      0.00000000	      0.00000000	      0.00000000	      0.00000000	      0.44386413	      1.34561343	     -0.15326800	     -0.90342890	     -0.01325068	      0.04013600	     -0.57741223	     -0.00000000	      0.00000000	      0.00000000	     -0.00000000	      0.00000000	      0.00000000	      0.00000000	     -0.27384855	     -0.42280164	     -0.84488846	     -0.54721402	     -0.29529482	     -0.10284954	     -0.15322944	     -0.16201799	     -0.11270822	      0.00822213	      0.30427793	      0.00000000	      0.00000000	     -0.01381349	      0.65876594	      2.03615067	      0.17238288	     -0.87616431	     -0.99707848	      0.00000000	      0.15561038	     -0.00000000	     -0.00000000	      0.00000000	     -0.00000000	     -0.00000000
      3.09000000	      0.00000000	      0.00000000	      0.00000000	      0.00000000	      0.00000000	      0.00000000	      0.00000000	      0.00000000	      0.00000000	      0.00000000	      0.00000000	      0.00000000	      0.00000000	      0.00000000	      0.00000000	      0.00000000	      0.00000000	      0.00000000	      0.00000000	      0.00000000	      0.00000000	      0.00000000	      0.00000000	      0.00000000	      0.00000000	      0.00000000	      0.00000000	      0.00000000	      0.00000000	      0.00000000	      0.00000000	      0.00000000	      0.00000000	      0.00000000	      0.00000000	      0.00000000	      0.00000000	      0.00000000	      0.00000000	      0.00000000	      0.44807120	      1.34762351	     -0.14023009	     -0.84578205	     -0.00927367	      0.04142108	     -0.53945241	     -0.00000000	     -0.00000000	     -0.00000000	     -0.00000000	     -0.00000000	     -0.00000000	      0.00000000	     -0.27612810	     -0.42818415	     -0.78673246	     -0.54724939	     -0.29629164	     -0.10477716	     -0.15288179	     -0.16200130	     -0.11463247	      0.02619276	      0.30452640	      0.00000000	     -0.00000000	     -0.01430965	      0.66666169	      1.95186788	      0.17093382	     -0.89338962	     -0.99605018	     -0.00000000	      0.15607338	     -0.00000000	      0.00000000	     -0.00000000	      0.00000000	      0.00000000
      3.09500000	      0.00000000	      0.00000000	      0.00000000	      0.00000000	      0.00000000	      0.00000000	      0.00000000	      0.00000000	      0.00000000	      0.00000000	      0.00000000	      0.00000000	      0.00000000	      0.00000000	      0.00000000	      0.00000000	      0.00000000	      0.00000000	      0.00000000	      0.00000000	      0.00000000	      0.00000000	      0.00000000	      0.00000000	      0.00000000	      0.00000000	      0.00000000	      0.00000000	      0.00000000	      0.00000000	      0.00000000	      0.00000000	      0.00000000	      0.00000000	      0.00000000	      0.00000000	      0.00000000	      0.00000000	      0.00000000	      0.00000000	      0.45143293	      1.34783633	     -0.12787800	     -0.79258750	     -0.00584595	      0.04270372	     -0.50250629	      0.00000000	     -0.00000000	      0.00000000	     -0.00000000	     -0.00000000	      0.00000000	      0.00000000	     -0.27834923	     -0.43350795	     -0.72907106	     -0.54713707	     -0.29720870	     -0.10670731	     -0.15250455	     -0.16195156	     -0.11651480	      0.04374967	      0.30477999	      0.00000000	     -0.00000000	     -0.01478643	      0.67420268	      1.86554997	      0.16948381	     -0.90977382	     -0.99542393	     -0.00000000	      0.15631719	     -0.00000000	      0.00000000	      0.00000000	      0.00000000	      0.00000000
      3.10000000	      0.00000000	      0.00000000	      0.00000000	      0.00000000	      0.00000000	      0.00000000	      0.00000000	      0.00000000	      0.00000000	      0.00000000	      0.00000000	      0.00000000	      0.00000000	      0.00000000	      0.00000000	      0.00000000	      0.00000000	      0.00000000	      0.00000000	      0.00000000	      0.00000000	      0.00000000	      0.00000000	      0.00000000	      0.00000000	      0.00000000	      0.00000000	      0.00000000	      0.00000000	      0.00000000	      0.00000000	      0.00000000	      0.00000000	      0.00000000	      0.00000000	      0.00000000	      0.00000000	      0.00000000	      0.00000000	      0.00000000	      0.45402295	      1.34642532	     -0.11618267	     -0.74339629	     -0.00295774	      0.04398511	     -0.46778668	      0.00000000	     -0.00000000	     -0.00000000	      0.00000000	      0.00000000	      0.00000000	      0.00000000	     -0.28049916	     -0.43874506	     -0.67180398	     -0.54687070	     -0.29804232	     -0.10863442	     -0.15209761	     -0.16186794	     -0.11835055	      0.06089652	      0.30541821	     -0.00000000	      0.00000000	     -0.01525850	      0.68140391	      1.77759267	      0.16803561	     -0.92518728	     -0.99514870	      0.00000000	      0.15633004	     -0.00000000	     -0.00000000	     -0.00000000	      0.00000000	      0.00000000
      3.10500000	      0.00000000	      0.00000000	      0.00000000	      0.00000000	      0.00000000	      0.00000000	      0.00000000	      0.00000000	      0.00000000	      0.00000000	      0.00000000	      0.00000000	      0.00000000	      0.00000000	      0.00000000	      0.00000000	      0.00000000	      0.00000000	      0.00000000	      0.00000000	      0.00000000	      0.00000000	      0.00000000	      0.00000000	      0.00000000	      0.00000000	      0.00000000	      0.00000000	      0.00000000	      0.00000000	      0.00000000	      0.00000000	      0.00000000	      0.00000000	      0.00000000	      0.00000000	      0.00000000	      0.00000000	      0.00000000	      0.00000000	      0.45591303	      1.34356146	     -0.10511765	     -0.69779694	     -0.00057722	      0.04526620	     -0.43769476	      0.00000000	     -0.00000000	     -0.00000000	      0.00000000	      0.00000000	     -0.00000000	     -0.00000000	     -0.28256824	     -0.44387200	     -0.61486108	     -0.54644621	     -0.29879052	     -0.11055333	     -0.15166155	     -0.16175036	     -0.12013577	      0.07763816	      0.30704520	     -0.00000000	      0.00000000	     -0.01575079	      0.68828088	      1.68839912	      0.16662219	     -0.93952380	     -0.99517342	      0.00000000	      0.15609361	     -0.00000000	      0.00000000	     -0.00000000	     -0.00000000	     -0.00000000
      3.11000000	      0.00000000	      0.00000000	      0.00000000	      0.00000000	      0.00000000	      0.00000000	      0.00000000	      0.00000000	      0.00000000	      0.00000000	      0.00000000	      0.00000000	      0.00000000	      0.00000000	      0.00000000	      0.00000000	      0.00000000	      0.00000000	      0.00000000	      0.00000000	      0.00000000	      0.00000000	      0.00000000	      0.00000000	      0.00000000	      0.00000000	      0.00000000	      0.00000000	      0.00000000	      0.00000000	      0.00000000	      0.00000000	      0.00000000	      0.00000000	      0.00000000	      0.00000000	      0.00000000	      0.00000000	      0.00000000	      0.00000000	      0.45717227	      1.33941076	     -0.09465839	     -0.65541576	      0.00140063	      0.04654772	     -0.41418788	      0.00000000	      0.00000000	      0.00000000	      0.00000000	      0.00000000	     -0.00000000	     -0.00000000	     -0.28455048	     -0.44887116	     -0.55819416	     -0.54586164	     -0.29945322	     -0.11245943	     -0.15119765	     -0.16159954	     -0.12186730	      0.09398023	      0.31019638	      0.00000000	      0.00000000	     -0.01630284	      0.69484886	      1.59796114	      0.16553146	     -0.95269064	     -0.99544892	      0.00000000	      0.15558912	      0.00000000	      0.00000000	      0.00000000	      0.00000000	      0.00000000
      3.11500000	      0.00000000	      0.00000000	      0.00000000	      0.00000000	      0.00000000	      0.00000000	      0.00000000	      0.00000000	      0.00000000	      0.00000000	      0.00000000	      0.00000000	      0.00000000	      0.00000000	      0.00000000	      0.00000000	      0.00000000	      0.00000000	      0.00000000	      0.00000000	      0.00000000	      0.00000000	      0.00000000	      0.00000000	      0.00000000	      0.00000000	      0.00000000	      0.00000000	      0.00000000	      0.00000000	      0.00000000	      0.00000000	      0.00000000	      0.00000000	      0.00000000	      0.00000000	      0.00000000	      0.00000000	      0.00000000	      0.00000000	      0.45786637	      1.33413203	     -0.08478151	     -0.61591549	      0.00311821	      0.04783009	     -0.39706021	     -0.00000000	      0.00000000	     -0.00000000	     -0.00000000	     -0.00000000	     -0.00000000	     -0.00000000	     -0.28644281	     -0.45372964	     -0.50176811	     -0.54511598	     -0.30003183	     -0.11434868	     -0.15070777	     -0.16141686	     -0.12354273	      0.10992866	      0.31494540	     -0.00000000	      0.00000000	     -0.01697238	      0.70112272	      1.50478796	      0.16535858	     -0.96461608	     -0.99593014	     -0.00000000	      0.15481201	      0.00000000	      0.00000000	      0.00000000	      0.00000000	      0.00000000
      3.12000000	      0.00000000	      0.00000000	      0.00000000	      0.00000000	      0.00000000	      0.00000000	      0.00000000	      0.00000000	      0.00000000	      0.00000000	      0.00000000	      0.00000000	      0.00000000	      0.00000000	      0.00000000	      0.00000000	      0.00000000	      0.00000000	      0.00000000	      0.00000000	      0.00000000	      0.00000000	      0.00000000	      0.00000000	      0.00000000	      0.00000000	      0.00000000	      0.00000000	      0.00000000	      0.00000000	      0.00000000	      0.00000000	      0.00000000	      0.00000000	      0.00000000	      0.00000000	      0.00000000	      0.00000000	      0.00000000	      0.00000000	      0.45805711	      1.32787530	     -0.07546433	     -0.57899262	      0.00470767	      0.04911342	     -0.38552954	      0.00000000	     -0.00000000	     -0.00000000	      0.00000000	     -0.00000000	      0.00000000	      0.00000000	     -0.28824336	     -0.45843634	     -0.44570500	     -0.54420726	     -0.30052861	     -0.11621747	     -0.15019402	     -0.16120405	     -0.12516019	      0.12548947	      0.32105021	     -0.00000000	      0.00000000	     -0.01783216	      0.70711729	      1.40877358	      0.16658346	     -0.97523152	     -0.99656900	      0.00000000	      0.15378584	      0.00000000	      0.00000000	     -0.00000000	     -0.00000000	     -0.00000000
      3.12500000	      0.00000000	      0.00000000	      0.00000000	      0.00000000	      0.00000000	      0.00000000	      0.00000000	      0.00000000	      0.00000000	      0.00000000	      0.00000000	      0.00000000	      0.00000000	      0.00000000	      0.00000000	      0.00000000	      0.00000000	      0.00000000	      0.00000000	      0.00000000	      0.00000000	      0.00000000	      0.00000000	      0.00000000	      0.00000000	      0.00000000	      0.00000000	      0.00000000	      0.00000000	      0.00000000	      0.00000000	      0.00000000	      0.00000000	      0.00000000	      0.00000000	      0.00000000	      0.00000000	      0.00000000	      0.00000000	      0.00000000	      0.45780201	      1.32078088	     -0.06674587	     -0.54437404	      0.00629589	      0.05039751	     -0.37952463	      0.00000000	      0.00000000	      0.00000000	      0.00000000	      0.00000000	      0.00000000	     -0.00000000	     -0.28994960	     -0.46297847	     -0.39320000	     -0.54313082	     -0.30094591	     -0.11806250	     -0.14965848	     -0.16096291	     -0.12671807	      0.14066900	      0.32834757	     -0.00000000	      0.00000000	     -0.01895003	      0.71284797	      1.31000836	      0.16912842	     -0.98449079	     -0.99731616	     -0.00000000	      0.15256121	      0.00000000	     -0.00000000	      0.00000000	     -0.00000000	      0.00000000
      3.13000000	      0.00000000	      0.00000000	      0.00000000	      0.00000000	      0.00000000	      0.00000000	      0.00000000	      0.00000000	      0.00000000	      0.00000000	      0.00000000	      0.00000000	      0.00000000	      0.00000000	      0.00000000	      0.00000000	      0.00000000	      0.00000000	      0.00000000	      0.00000000	      0.00000000	      0.00000000	      0.00000000	      0.00000000	      0.00000000	      0.00000000	      0.00000000	      0.00000000	      0.00000000	      0.00000000	      0.00000000	      0.00000000	      0.00000000	      0.00000000	      0.00000000	      0.00000000	      0.00000000	      0.00000000	      0.00000000	      0.00000000	      0.45715429	      1.31297913	     -0.05898116	     -0.51181345	      0.00793746	      0.05168190	     -0.37848990	     -0.00000000	      0.00000000	     -0.00000000	      0.00000000	      0.00000000	      0.00000000	      0.00000000	     -0.29155697	     -0.46733913	     -0.35222336	     -0.54187890	     -0.30128565	     -0.11988064	     -0.14910294	     -0.16069508	     -0.12821476	      0.15547409	      0.33682139	      0.00000000	      0.00000000	     -0.02035449	      0.71833114	      1.20858591	      0.17280618	     -0.99236869	     -0.99812125	      0.00000000	      0.15119812	      0.00000000	      0.00000000	      0.00000000	      0.00000000	      0.00000000
      3.13500000	      0.00000000	      0.00000000	      0.00000000	      0.00000000	      0.00000000	      0.00000000	      0.00000000	      0.00000000	      0.00000000	      0.00000000	      0.00000000	      0.00000000	      0.00000000	      0.00000000	      0.00000000	      0.00000000	      0.00000000	      0.00000000	      0.00000000	      0.00000000	      0.00000000	      0.00000000	      0.00000000	      0.00000000	      0.00000000	      0.00000000	      0.00000000	      0.00000000	      0.00000000	      0.00000000	      0.00000000	      0.00000000	      0.00000000	      0.00000000	      0.00000000	      0.00000000	      0.00000000	      0.00000000	      0.00000000	      0.00000000	      0.45616293	      1.30459060	     -0.05270963	     -0.48108838	      0.00961071	      0.05296599	     -0.38057047	     -0.00000000	      0.00000000	      0.00000000	     -0.00000000	      0.00000000	     -0.00000000	     -0.00000000	     -0.29305874	     -0.47149710	     -0.32549318	     -0.54044279	     -0.30154912	     -0.12166878	     -0.14852887	     -0.16040193	     -0.12964854	      0.16991238	      0.34638989	     -0.00000000	      0.00000000	     -0.02201766	      0.72358429	      1.10460778	      0.17760225	     -0.99885720	     -0.99893313	      0.00000000	      0.14974962	      0.00000000	      0.00000000	     -0.00000000	     -0.00000000	     -0.00000000
      3.14000000	      0.00000000	      0.00000000	      0.00000000	      0.00000000	      0.00000000	      0.00000000	      0.00000000	      0.00000000	      0.00000000	      0.00000000	      0.00000000	      0.00000000	      0.00000000	      0.00000000	      0.00000000	      0.00000000	      0.00000000	      0.00000000	      0.00000000	      0.00000000	      0.00000000	      0.00000000	      0.00000000	      0.00000000	      0.00000000	      0.00000000	      0.00000000	      0.00000000	      0.00000000	      0.00000000	      0.00000000	      0.00000000	      0.00000000	      0.00000000	      0.00000000	      0.00000000	      0.00000000	      0.00000000	      0.00000000	      0.00000000	      0.45487289	      1.29572647	     -0.04799762	     -0.45199786	      0.01128941	      0.05424912	     -0.38387067	     -0.00000000	     -0.00000000	     -0.00000000	     -0.00000000	     -0.00000000	     -0.00000596	     -0.00000000	     -0.29444681	     -0.47542862	     -0.31226958	     -0.53881764	     -0.30173707	     -0.12342380	     -0.14793752	     -0.16008461	     -0.13101748	      0.18399250	      0.35673963	     -0.00000000	     -0.00000000	     -0.02387761	      0.72862557	      0.99819348	      0.18330638	     -1.00396275	     -0.99970017	     -0.00000000	      0.14825590	     -0.00000000	     -0.00000000	     -0.00000000	     -0.00000000	     -0.00000000
      3.14500000	      0.00000000	      0.00000000	      0.00000000	      0.00000000	      0.00000000	      0.00000000	      0.00000000	      0.00000000	      0.00000000	      0.00000000	      0.00000000	      0.00000000	      0.00000000	      0.00000000	      0.00000000	      0.00000000	      0.00000000	      0.00000000	      0.00000000	      0.00000000	      0.00000000	      0.00000000	      0.00000000	      0.00000000	      0.00000000	      0.00000000	      0.00000000	      0.00000000	      0.00000000	      0.00000000	      0.00000000	      0.00000000	      0.00000000	      0.00000000	      0.00000000	      0.00000000	      0.00000000	      0.00000000	      0.00000000	      0.00000000	      0.45332525	      1.28648839	     -0.04459748	     -0.42435891	      0.01296972	      0.05553077	     -0.38730753	      0.00000000	      0.00000000	     -0.00000000	      0.00000000	     -0.00000000	     -0.00005262	     -0.00000000	     -0.29571282	     -0.47911001	     -0.31130801	     -0.53700731	     -0.30185002	     -0.12514257	     -0.14732996	     -0.15974417	     -0.13231950	      0.19772498	      0.36744521	     -0.00000000	     -0.00000000	     -0.02587143	      0.73347358	      0.88947972	      0.18940510	     -1.00770350	     -1.00037075	     -0.00000000	      0.14674522	     -0.00000000	     -0.00000000	     -0.00000000	     -0.00000000	      0.00000000
      3.15000000	      0.00000000	      0.00000000	      0.00000000	      0.00000000	      0.00000000	      0.00000000	      0.00000000	      0.00000000	      0.00000000	      0.00000000	      0.00000000	      0.00000000	      0.00000000	      0.00000000	      0.00000000	      0.00000000	      0.00000000	      0.00000000	      0.00000000	      0.00000000	      0.00000000	      0.00000000	      0.00000000	      0.00000000	      0.00000000	      0.00000000	      0.00000000	      0.00000000	      0.00000000	      0.00000000	      0.00000000	      0.00000000	      0.00000000	      0.00000000	      0.00000000	      0.00000000	      0.00000000	      0.00000000	      0.00000000	      0.00000000	      0.45155787	      1.27697119	     -0.04241488	     -0.39801296	      0.01465189	      0.05681036	     -0.39052177	      0.00000000	     -0.00000000	     -0.00000000	     -0.00000000	     -0.00000000	     -0.00009513	     -0.00000000	     -0.29684990	     -0.48252125	     -0.31555463	     -0.53502574	     -0.30188842	     -0.12682172	     -0.14670734	     -0.15938164	     -0.13355202	      0.21111859	      0.37816607	     -0.00000000	     -0.00000000	     -0.02794999	      0.73814511	      0.77896705	      0.19546876	     -1.01009864	     -1.00089545	     -0.00000000	      0.14523651	     -0.00000000	     -0.00000000	     -0.00000000	      0.00000000	      0.00000000
      3.15500000	      0.00000000	      0.00000000	      0.00000000	      0.00000000	      0.00000000	      0.00000000	      0.00000000	      0.00000000	      0.00000000	      0.00000000	      0.00000000	      0.00000000	      0.00000000	      0.00000000	      0.00000000	      0.00000000	      0.00000000	      0.00000000	      0.00000000	      0.00000000	      0.00000000	      0.00000000	      0.00000000	      0.00000000	      0.00000000	      0.00000000	      0.00000000	      0.00000000	      0.00000000	      0.00000000	      0.00000000	      0.00000000	      0.00000000	      0.00000000	      0.00000000	      0.00000000	      0.00000000	      0.00000000	      0.00000000	      0.00000000	      0.44960508	      1.26725990	     -0.04111790	     -0.37281404	      0.01633655	      0.05808771	     -0.39347915	      0.00000000	      0.00000000	      0.00000000	      0.00000000	     -0.00000000	     -0.00016986	     -0.00000000	     -0.29785331	     -0.48564794	     -0.32036653	     -0.53289390	     -0.30185298	     -0.12845802	     -0.14607080	     -0.15899808	     -0.13471243	      0.22418478	      0.38870621	     -0.00000000	     -0.00000000	     -0.03007892	      0.74265677	      0.66769851	      0.20129866	     -1.01116325	     -1.00122215	     -0.00000000	      0.14374166	     -0.00000000	     -0.00000000	      0.00000000	      0.00000000	      0.00000000
      3.16000000	      0.00000000	      0.00000000	      0.00000000	      0.00000000	      0.00000000	      0.00000000	      0.00000000	      0.00000000	      0.00000000	      0.00000000	      0.00000000	      0.00000000	      0.00000000	      0.00000000	      0.00000000	      0.00000000	      0.00000000	      0.00000000	      0.00000000	      0.00000000	      0.00000000	      0.00000000	      0.00000000	      0.00000000	      0.00000000	      0.00000000	      0.00000000	      0.00000000	      0.00000000	      0.00000000	      0.00000000	      0.00000000	      0.00000000	      0.00000000	      0.00000000	      0.00000000	      0.00000000	      0.00000000	      0.00000000	      0.00000000	      0.44749830	      1.25743239	     -0.04017342	     -0.34863697	      0.01802431	      0.05936288	     -0.39616990	      0.00000000	     -0.00000000	     -0.00000000	      0.00000000	      0.00000000	     -0.00024963	     -0.00000000	     -0.29872192	     -0.48848437	     -0.32505850	     -0.53063525	     -0.30174475	     -0.13004815	     -0.14542171	     -0.15859469	     -0.13579776	      0.23693436	      0.39897940	      0.00000000	      0.00000000	     -0.03223419	      0.74702273	      0.55613069	      0.20686552	     -1.01094371	     -1.00130621	     -0.00000000	      0.14226867	     -0.00000000	      0.00000000	      0.00000000	     -0.00000000	      0.00000000
      3.16500000	      0.00000000	      0.00000000	      0.00000000	      0.00000000	      0.00000000	      0.00000000	      0.00000000	      0.00000000	      0.00000000	      0.00000000	      0.00000000	      0.00000000	      0.00000000	      0.00000000	      0.00000000	      0.00000000	      0.00000000	      0.00000000	      0.00000000	      0.00000000	      0.00000000	      0.00000000	      0.00000000	      0.00000000	      0.00000000	      0.00000000	      0.00000000	      0.00000000	      0.00000000	      0.00000000	      0.00000000	      0.00000000	      0.00000000	      0.00000000	      0.00000000	      0.00000000	      0.00000000	      0.00000000	      0.00000000	      0.00000000	      0.44526622	      1.24755927	     -0.03928043	     -0.32537603	      0.01971591	      0.06063621	     -0.39859413	      0.00000000	     -0.00000000	     -0.00000000	      0.00000000	     -0.00000000	     -0.00033182	      0.00000000	     -0.29945850	     -0.49103455	     -0.32962207	     -0.52827244	     -0.30156519	     -0.13158872	     -0.14476149	     -0.15817271	     -0.13680464	      0.24937788	      0.40898460	     -0.00000000	      0.00000000	     -0.03439833	      0.75125471	      0.45128652	      0.21217740	     -1.00949488	     -1.00110769	     -0.00000000	      0.14082204	     -0.00000000	      0.00000000	      0.00000000	     -0.00000000	     -0.00000000
      3.17000000	      0.00000000	      0.00000000	      0.00000000	      0.00000000	      0.00000000	      0.00000000	      0.00000000	      0.00000000	      0.00000000	      0.00000000	      0.00000000	      0.00000000	      0.00000000	      0.00000000	      0.00000000	      0.00000000	      0.00000000	      0.00000000	      0.00000000	      0.00000000	      0.00000000	      0.00000000	      0.00000000	      0.00000000	      0.00000000	      0.00000000	      0.00000000	      0.00000000	      0.00000000	      0.00000000	      0.00000000	      0.00000000	      0.00000000	      0.00000000	      0.00000000	      0.00000000	      0.00000000	      0.00000000	      0.00000000	      0.00000000	      0.44293514	      1.23770450	     -0.03837366	     -0.30294526	      0.02141226	      0.06190843	     -0.40076161	      0.00000000	      0.00000000	      0.00000000	      0.00000000	      0.00000000	     -0.00041457	      0.00000000	     -0.30006931	     -0.49331154	     -0.33405587	     -0.52582538	     -0.30131578	     -0.13307622	     -0.14409158	     -0.15773335	     -0.13772920	      0.26152521	      0.41873695	     -0.00000000	     -0.00000000	     -0.03655790	      0.75536200	      0.37386808	      0.21724142	     -1.00687851	     -1.00059199	      0.00000000	      0.13940359	      0.00000000	      0.00000000	     -0.00000000	     -0.00000000	     -0.00000000
      3.17500000	      0.00000000	      0.00000000	      0.00000000	      0.00000000	      0.00000000	      0.00000000	      0.00000000	      0.00000000	      0.00000000	      0.00000000	      0.00000000	      0.00000000	      0.00000000	      0.00000000	      0.00000000	      0.00000000	      0.00000000	      0.00000000	      0.00000000	      0.00000000	      0.00000000	      0.00000000	      0.00000000	      0.00000000	      0.00000000	      0.00000000	      0.00000000	      0.00000000	      0.00000000	      0.00000000	      0.00000000	      0.00000000	      0.00000000	      0.00000000	      0.00000000	      0.00000000	      0.00000000	      0.00000000	      0.00000000	      0.00000000	      0.44052928	      1.22792621	     -0.03745243	     -0.28127768	      0.02311437	      0.06318068	     -0.40269080	      0.00000000	     -0.00000000	      0.00000000	     -0.00000000	     -0.00000000	     -0.00052268	     -0.00000000	     -0.30056324	     -0.49533573	     -0.33836404	     -0.52331027	     -0.30099765	     -0.13450693	     -0.14341313	     -0.15727751	     -0.13856699	      0.27338516	      0.42824890	     -0.00000000	     -0.00000000	     -0.03870180	      0.75935174	      0.32955326	      0.22206375	     -1.00316303	     -0.99973035	      0.00000000	      0.13801315	     -0.00000000	     -0.00000000	      0.00000000	      0.00000000	      0.00000000
      3.18000000	      0.00000000	      0.00000000	      0.00000000	      0.00000000	      0.00000000	      0.00000000	      0.00000000	      0.00000000	      0.00000000	      0.00000000	      0.00000000	      0.00000000	      0.00000000	      0.00000000	      0.00000000	      0.00000000	      0.00000000	      0.00000000	      0.00000000	      0.00000000	      0.00000000	      0.00000000	      0.00000000	      0.00000000	      0.00000000	      0.00000000	      0.00000000	      0.00000000	      0.00000000	      0.00000000	      0.00000000	      0.00000000	      0.00000000	      0.00000000	      0.00000000	      0.00000000	      0.00000000	      0.00000000	      0.00000000	      0.00000000	      0.43807120	      1.21827778	     -0.03651738	     -0.26032345	      0.02482331	      0.06445457	     -0.40440762	     -0.00000000	     -0.00000000	     -0.00000000	     -0.00000000	     -0.00000000	     -0.00080705	     -0.00000000	     -0.30095099	     -0.49713325	     -0.34255459	     -0.52073921	     -0.30061109	     -0.13587673	     -0.14272682	     -0.15680558	     -0.13931296	      0.28496532	      0.43753009	     -0.00000000	      0.00000000	     -0.04082030	      0.76322916	      0.31685073	      0.22664963	     -0.99842435	     -0.99850031	      0.00000000	      0.13664904	      0.00000000	     -0.00000000	     -0.00000000	      0.00000000	      0.00000000
      3.18500000	      0.00000000	      0.00000000	      0.00000000	      0.00000000	      0.00000000	      0.00000000	      0.00000000	      0.00000000	      0.00000000	      0.00000000	      0.00000000	      0.00000000	      0.00000000	      0.00000000	      0.00000000	      0.00000000	      0.00000000	      0.00000000	      0.00000000	      0.00000000	      0.00000000	      0.00000000	      0.00000000	      0.00000000	      0.00000000	      0.00000000	      0.00000000	      0.00000000	      0.00000000	      0.00000000	      0.00000000	      0.00000000	      0.00000000	      0.00000000	      0.00000000	      0.00000000	      0.00000000	      0.00000000	      0.00000000	      0.00000000	      0.43558232	      1.20880900	     -0.03556949	     -0.24004737	      0.02654021	      0.06573226	     -0.40594444	      0.00000000	     -0.00000000	     -0.00000000	     -0.00000000	      0.00000000	     -0.00079610	     -0.00000000	     -0.30124451	     -0.49873475	     -0.34663722	     -0.51812007	     -0.30015519	     -0.13718103	     -0.14203273	     -0.15631732	     -0.13996180	      0.29627194	      0.44658729	     -0.00000000	     -0.00000000	     -0.04290425	      0.76699793	      0.31601168	      0.23100350	     -0.99274760	     -0.99688617	     -0.00000000	      0.13530834	      0.00000000	      0.00000000	      0.00000000	      0.00000000	      0.00000000
      3.19000000	      0.00000000	      0.00000000	      0.00000000	      0.00000000	      0.00000000	      0.00000000	      0.00000000	      0.00000000	      0.00000000	      0.00000000	      0.00000000	      0.00000000	      0.00000000	      0.00000000	      0.00000000	      0.00000000	      0.00000000	      0.00000000	      0.00000000	      0.00000000	      0.00000000	      0.00000000	      0.00000000	      0.00000000	      0.00000000	      0.00000000	      0.00000000	      0.00000000	      0.00000000	      0.00000000	      0.00000000	      0.00000000	      0.00000000	      0.00000000	      0.00000000	      0.00000000	      0.00000000	      0.00000000	      0.00000000	      0.00000000	      0.43308335	      1.19956732	     -0.03461013	     -0.22042624	      0.02826614	      0.06701648	     -0.40733905	     -0.00000000	      0.00000000	     -0.00000000	     -0.00000000	      0.00000000	     -0.00094105	      0.00000000	     -0.30145654	     -0.50017433	     -0.35061986	     -0.51545640	     -0.29962749	     -0.13841453	     -0.14133018	     -0.15581170	     -0.14050827	      0.30730995	      0.45542434	      0.00000000	     -0.00000000	     -0.04494472	      0.77066036	      0.31659150	      0.23512907	     -0.98622908	     -0.99487937	     -0.00000000	      0.13398723	      0.00000000	      0.00000000	     -0.00000000	      0.00000000	     -0.00000000
      3.19500000	      0.00000000	      0.00000000	      0.00000000	      0.00000000	      0.00000000	      0.00000000	      0.00000000	      0.00000000	      0.00000000	      0.00000000	      0.00000000	      0.00000000	      0.00000000	      0.00000000	      0.00000000	      0.00000000	      0.00000000	      0.00000000	      0.00000000	      0.00000000	      0.00000000	      0.00000000	      0.00000000	      0.00000000	      0.00000000	      0.00000000	      0.00000000	      0.00000000	      0.00000000	      0.00000000	      0.00000000	      0.00000000	      0.00000000	      0.00000000	      0.00000000	      0.00000000	      0.00000000	      0.00000000	      0.00000000	      0.00000000	      0.43059478	      1.19059897	     -0.03364092	     -0.20144684	      0.03000205	      0.06831054	     -0.40863394	     -0.00000000	      0.00000000	      0.00000000	     -0.00000000	     -0.00000000	     -0.00114793	     -0.00000000	     -0.30160024	     -0.50148865	     -0.35450416	     -0.51274732	     -0.29902378	     -0.13957116	     -0.14061763	     -0.15528683	     -0.14094791	      0.31808274	      0.46404226	     -0.00000000	      0.00000000	     -0.04693262	      0.77421765	      0.31800112	      0.23902902	     -0.97896859	     -0.99247743	     -0.00000000	      0.13268101	      0.00000000	     -0.00000000	     -0.00000000	      0.00000000	      0.00000000
      3.20000000	      0.00000000	      0.00000000	      0.00000000	      0.00000000	      0.00000000	      0.00000000	      0.00000000	      0.00000000	      0.00000000	      0.00000000	      0.00000000	      0.00000000	      0.00000000	      0.00000000	      0.00000000	      0.00000000	      0.00000000	      0.00000000	      0.00000000	      0.00000000	      0.00000000	      0.00000000	      0.00000000	      0.00000000	      0.00000000	      0.00000000	      0.00000000	      0.00000000	      0.00000000	      0.00000000	      0.00000000	      0.00000000	      0.00000000	      0.00000000	      0.00000000	      0.00000000	      0.00000000	      0.00000000	      0.00000000	      0.00000000	      0.42813724	      1.18194991	     -0.03266371	     -0.18310416	      0.03174883	      0.06961831	     -0.40987401	     -0.00000000	      0.00000000	     -0.00000000	      0.00000000	      0.00000000	     -0.00110450	     -0.00000000	     -0.30168882	     -0.50271579	     -0.35828278	     -0.50998749	     -0.29833785	     -0.14064395	     -0.13989266	     -0.15473987	     -0.14127751	      0.32859231	      0.47243937	      0.00000000	     -0.00000000	     -0.04885855	      0.77767024	      0.32010262	      0.24270554	     -0.97108143	     -0.98968543	      0.00000000	      0.13138462	      0.00000000	     -0.00000000	     -0.00000000	      0.00000000	     -0.00000000
      3.20500000	      0.00000000	      0.00000000	      0.00000000	      0.00000000	      0.00000000	      0.00000000	      0.00000000	      0.00000000	      0.00000000	      0.00000000	      0.00000000	      0.00000000	      0.00000000	      0.00000000	      0.00000000	      0.00000000	      0.00000000	      0.00000000	      0.00000000	      0.00000000	      0.00000000	      0.00000000	      0.00000000	      0.00000000	      0.00000000	      0.00000000	      0.00000000	      0.00000000	      0.00000000	      0.00000000	      0.00000000	      0.00000000	      0.00000000	      0.00000000	      0.00000000	      0.00000000	      0.00000000	      0.00000000	      0.00000000	      0.00000000	      0.42573177	      1.17366650	     -0.03168039	     -0.16552575	      0.03350762	      0.07094411	     -0.41110418	     -0.00000000	      0.00000000	      0.00000000	     -0.00000000	      0.00000000	     -0.00144996	     -0.00000000	     -0.30173510	     -0.50389396	     -0.36194946	     -0.50716718	     -0.29756142	     -0.14162504	     -0.13915189	     -0.15416701	     -0.14149545	      0.33883985	      0.48061171	     -0.00000000	      0.00000000	     -0.05071278	      0.78101805	      0.32281673	      0.24616071	     -0.96269946	     -0.98651632	     -0.00000000	      0.13009296	     -0.00000000	     -0.00000000	     -0.00000000	     -0.00000000	      0.00000000
      3.21000000	      0.00000000	      0.00000000	      0.00000000	      0.00000000	      0.00000000	      0.00000000	      0.00000000	      0.00000000	      0.00000000	      0.00000000	      0.00000000	      0.00000000	      0.00000000	      0.00000000	      0.00000000	      0.00000000	      0.00000000	      0.00000000	      0.00000000	      0.00000000	      0.00000000	      0.00000000	      0.00000000	      0.00000000	      0.00000000	      0.00000000	      0.00000000	      0.00000000	      0.00000000	      0.00000000	      0.00000000	      0.00000000	      0.00000000	      0.00000000	      0.00000000	      0.00000000	      0.00000000	      0.00000000	      0.00000000	      0.00000000	      0.42339991	      1.16579569	     -0.03069281	     -0.14960727	      0.03528043	      0.07229250	     -0.41236738	     -0.00000000	     -0.00000000	     -0.00000000	     -0.00000000	      0.00000000	     -0.00163943	     -0.00000000	     -0.30175130	     -0.50506053	     -0.36552886	     -0.50427275	     -0.29668431	     -0.14250574	     -0.13839114	     -0.15356359	     -0.14160153	      0.34882584	      0.48855332	     -0.00000000	     -0.00000000	     -0.05248523	      0.78426079	      0.32604695	      0.24939641	     -0.95396032	     -0.98298931	     -0.00000000	      0.12880092	      0.00000000	      0.00000000	     -0.00000000	     -0.00000000	      0.00000000
      3.21500000	      0.00000000	      0.00000000	      0.00000000	      0.00000000	      0.00000000	      0.00000000	      0.00000000	      0.00000000	      0.00000000	      0.00000000	      0.00000000	      0.00000000	      0.00000000	      0.00000000	      0.00000000	      0.00000000	      0.00000000	      0.00000000	      0.00000000	      0.00000000	      0.00000000	      0.00000000	      0.00000000	      0.00000000	      0.00000000	      0.00000000	      0.00000000	      0.00000000	      0.00000000	      0.00000000	      0.00000000	      0.00000000	      0.00000000	      0.00000000	      0.00000000	      0.00000000	      0.00000000	      0.00000000	      0.00000000	      0.00000000	      0.42116362	      1.15838474	     -0.02970260	     -0.13683099	      0.03707062	      0.07366805	     -0.41370215	     -0.00000000	      0.00000000	      0.00000000	     -0.00000000	      0.00000000	     -0.00190388	      0.00000000	     -0.30174892	     -0.50625107	     -0.36909303	     -0.50128759	     -0.29569471	     -0.14327667	     -0.13760559	     -0.15292422	     -0.14159660	      0.35855037	      0.49625680	     -0.00000000	     -0.00000000	     -0.05416571	      0.78739815	      0.32965180	      0.25241445	     -0.94500230	     -0.97912894	     -0.00000000	      0.12750373	     -0.00000000	     -0.00000000	      0.00000000	     -0.00000000	     -0.00000000
      3.22000000	      0.00000000	      0.00000000	      0.00000000	      0.00000000	      0.00000000	      0.00000000	      0.00000000	      0.00000000	      0.00000000	      0.00000000	      0.00000000	      0.00000000	      0.00000000	      0.00000000	      0.00000000	      0.00000000	      0.00000000	      0.00000000	      0.00000000	      0.00000000	      0.00000000	      0.00000000	      0.00000000	      0.00000000	      0.00000000	      0.00000000	      0.00000000	      0.00000000	      0.00000000	      0.00000000	      0.00000000	      0.00000000	      0.00000000	      0.00000000	      0.00000000	      0.00000000	      0.00000000	      0.00000000	      0.00000000	      0.00000000	      0.41904496	      1.15148042	     -0.02871110	     -0.12765323	      0.03888264	      0.07507498	     -0.41514046	      0.00000000	      0.00000000	      0.00000000	      0.00000000	     -0.00000000	     -0.00201078	      0.00000000	     -0.30173867	     -0.50749858	     -0.37273494	     -0.49819327	     -0.29457972	     -0.14392803	     -0.13679002	     -0.15224302	     -0.14148189	      0.36801336	      0.50371384	      0.00000000	     -0.00000000	     -0.05574407	      0.79042993	      0.33344300	      0.25521676	     -0.93595876	     -0.97496387	     -0.00000000	      0.12619714	     -0.00000000	     -0.00000000	     -0.00000000	     -0.00000000	      0.00000000
      3.22500000	      0.00000000	      0.00000000	      0.00000000	      0.00000000	      0.00000000	      0.00000000	      0.00000000	      0.00000000	      0.00000000	      0.00000000	      0.00000000	      0.00000000	      0.00000000	      0.00000000	      0.00000000	      0.00000000	      0.00000000	      0.00000000	      0.00000000	      0.00000000	      0.00000000	      0.00000000	      0.00000000	      0.00000000	      0.00000000	      0.00000000	      0.00000000	      0.00000000	      0.00000000	      0.00000000	      0.00000000	      0.00000000	      0.00000000	      0.00000000	      0.00000000	      0.00000000	      0.00000000	      0.00000000	      0.00000000	      0.00000000	      0.41706566	      1.14512787	     -0.02771928	     -0.12161595	      0.04072117	      0.07651686	     -0.41670587	      0.00000000	      0.00000000	     -0.00000000	      0.00000000	     -0.00000000	     -0.00222405	      0.00000000	     -0.30173034	     -0.50883254	     -0.37653663	     -0.49497073	     -0.29332580	     -0.14444991	     -0.13593910	     -0.15151385	     -0.14125853	      0.37721484	      0.51091572	      0.00000000	      0.00000000	     -0.05721055	      0.79335622	      0.33733860	      0.25780552	     -0.92695271	     -0.97052580	      0.00000000	      0.12487770	     -0.00000000	      0.00000000	      0.00000000	     -0.00000000	      0.00000000
      3.23000000	      0.00000000	      0.00000000	      0.00000000	      0.00000000	      0.00000000	      0.00000000	      0.00000000	      0.00000000	      0.00000000	      0.00000000	      0.00000000	      0.00000000	      0.00000000	      0.00000000	      0.00000000	      0.00000000	      0.00000000	      0.00000000	      0.00000000	      0.00000000	      0.00000000	      0.00000000	      0.00000000	      0.00000000	      0.00000000	      0.00000000	      0.00000000	      0.00000000	      0.00000000	      0.00000000	      0.00000000	      0.00000000	      0.00000000	      0.00000000	      0.00000000	      0.00000000	      0.00000000	      0.00000000	      0.00000000	      0.00000000	      0.41524656	      1.13936903	     -0.02672791	     -0.11861204	      0.04259033	      0.07799625	     -0.41841264	      0.00000000	     -0.00000000	      0.00000000	      0.00000000	      0.00000000	     -0.00238255	     -0.00000000	     -0.30173277	     -0.51027827	     -0.38055972	     -0.49160152	     -0.29191946	     -0.14483268	     -0.13504768	     -0.15073051	     -0.14092720	      0.38615514	      0.51785396	      0.00000000	      0.00000000	     -0.05855611	      0.79617749	      0.34147794	      0.26018336	     -0.91809265	     -0.96584852	     -0.00000000	      0.12354282	      0.00000000	      0.00000000	     -0.00000000	     -0.00000000	      0.00000000
      3.23500000	      0.00000000	      0.00000000	      0.00000000	      0.00000000	      0.00000000	      0.00000000	      0.00000000	      0.00000000	      0.00000000	      0.00000000	      0.00000000	      0.00000000	      0.00000000	      0.00000000	      0.00000000	      0.00000000	      0.00000000	      0.00000000	      0.00000000	      0.00000000	      0.00000000	      0.00000000	      0.00000000	      0.00000000	      0.00000000	      0.00000000	      0.00000000	      0.00000000	      0.00000000	      0.00000000	      0.00000000	      0.00000000	      0.00000000	      0.00000000	      0.00000000	      0.00000000	      0.00000000	      0.00000000	      0.00000000	      0.00000000	      0.41360691	      1.13424103	     -0.02573774	     -0.11806790	      0.04449323	      0.07951446	     -0.42026593	     -0.00000000	     -0.00000000	      0.00000000	      0.00000000	      0.00000000	     -0.00263261	      0.00000000	     -0.30175387	     -0.51185657	     -0.38484764	     -0.48806911	     -0.29034789	     -0.14506747	     -0.13411106	     -0.14988691	     -0.14048803	      0.39483513	      0.52452073	      0.00000000	      0.00000000	     -0.05977275	      0.79889464	      0.34603069	      0.26235349	     -0.90946992	     -0.96096676	      0.00000000	      0.12219093	      0.00000000	      0.00000000	     -0.00000000	     -0.00000000	     -0.00000000
      3.24000000	      0.00000000	      0.00000000	      0.00000000	      0.00000000	      0.00000000	      0.00000000	      0.00000000	      0.00000000	      0.00000000	      0.00000000	      0.00000000	      0.00000000	      0.00000000	      0.00000000	      0.00000000	      0.00000000	      0.00000000	      0.00000000	      0.00000000	      0.00000000	      0.00000000	      0.00000000	      0.00000000	      0.00000000	      0.00000000	      0.00000000	      0.00000000	      0.00000000	      0.00000000	      0.00000000	      0.00000000	      0.00000000	      0.00000000	      0.00000000	      0.00000000	      0.00000000	      0.00000000	      0.00000000	      0.00000000	      0.00000000	      0.41216375	      1.12977457	     -0.02474979	     -0.11873482	      0.04643164	      0.08107128	     -0.42226281	      0.00000000	      0.00000000	     -0.00000000	     -0.00000000	      0.00000000	     -0.00286412	     -0.00000000	     -0.30180062	     -0.51358344	     -0.38942900	     -0.48436028	     -0.28859975	     -0.14514662	     -0.13312536	     -0.14897729	     -0.13994056	      0.40325629	      0.53090934	      0.00000000	      0.00000000	     -0.06085380	      0.80150901	      0.35109470	      0.26431985	     -0.90115527	     -0.95591531	     -0.00000000	      0.12082141	      0.00000000	      0.00000000	      0.00000000	     -0.00000000	     -0.00000000
      3.24500000	      0.00000000	      0.00000000	      0.00000000	      0.00000000	      0.00000000	      0.00000000	      0.00000000	      0.00000000	      0.00000000	      0.00000000	      0.00000000	      0.00000000	      0.00000000	      0.00000000	      0.00000000	      0.00000000	      0.00000000	      0.00000000	      0.00000000	      0.00000000	      0.00000000	      0.00000000	      0.00000000	      0.00000000	      0.00000000	      0.00000000	      0.00000000	      0.00000000	      0.00000000	      0.00000000	      0.00000000	      0.00000000	      0.00000000	      0.00000000	      0.00000000	      0.00000000	      0.00000000	      0.00000000	      0.00000000	      0.00000000	      0.41093122	      1.12599240	     -0.02376530	     -0.11976600	      0.04840587	      0.08266488	     -0.42439285	     -0.00000000	     -0.00000000	      0.00000000	     -0.00000000	     -0.00000000	     -0.00308831	      0.00000000	     -0.30187891	     -0.51546960	     -0.39431961	     -0.48046660	     -0.28666602	     -0.14506408	     -0.13208784	     -0.14799638	     -0.13928387	      0.41142081	      0.53701463	      0.00000000	      0.00000000	     -0.06179411	      0.80402239	      0.35674824	      0.26608714	     -0.89319710	     -0.95072762	      0.00000000	      0.11943454	     -0.00000000	      0.00000000	      0.00000000	      0.00000000	     -0.00000000
      3.25000000	      0.00000000	      0.00000000	      0.00000000	      0.00000000	      0.00000000	      0.00000000	      0.00000000	      0.00000000	      0.00000000	      0.00000000	      0.00000000	      0.00000000	      0.00000000	      0.00000000	      0.00000000	      0.00000000	      0.00000000	      0.00000000	      0.00000000	      0.00000000	      0.00000000	      0.00000000	      0.00000000	      0.00000000	      0.00000000	      0.00000000	      0.00000000	      0.00000000	      0.00000000	      0.00000000	      0.00000000	      0.00000000	      0.00000000	      0.00000000	      0.00000000	      0.00000000	      0.00000000	      0.00000000	      0.00000000	      0.00000000	      0.40992005	      1.12290830	     -0.02278545	     -0.12089661	      0.05041462	      0.08429172	     -0.42663575	      0.00000000	     -0.00000000	      0.00000000	     -0.00000000	     -0.00000000	     -0.00329357	      0.00000000	     -0.30199321	     -0.51751996	     -0.39952344	     -0.47638577	     -0.28454087	     -0.14481590	     -0.13099720	     -0.14693962	     -0.13851657	      0.41933117	      0.54283338	     -0.00000000	     -0.00000000	     -0.06259015	      0.80643718	      0.36319566	      0.26766059	     -0.88561204	     -0.94543298	      0.00000000	      0.11803109	     -0.00000000	     -0.00000000	     -0.00000000	     -0.00000000	      0.00000000
      3.25500000	      0.00000000	      0.00000000	      0.00000000	      0.00000000	      0.00000000	      0.00000000	      0.00000000	      0.00000000	      0.00000000	      0.00000000	      0.00000000	      0.00000000	      0.00000000	      0.00000000	      0.00000000	      0.00000000	      0.00000000	      0.00000000	      0.00000000	      0.00000000	      0.00000000	      0.00000000	      0.00000000	      0.00000000	      0.00000000	      0.00000000	      0.00000000	      0.00000000	      0.00000000	      0.00000000	      0.00000000	      0.00000000	      0.00000000	      0.00000000	      0.00000000	      0.00000000	      0.00000000	      0.00000000	      0.00000000	      0.00000000	      0.40913719	      1.12052656	     -0.02181111	     -0.12210805	      0.05245500	      0.08594665	     -0.42897178	      0.00000000	     -0.00000000	      0.00000000	     -0.00000000	     -0.00000000	     -0.00355078	      0.00000000	     -0.30214636	     -0.51973341	     -0.40503356	     -0.47212280	     -0.28222263	     -0.14440054	     -0.12985375	     -0.14580337	     -0.13763684	      0.42699093	      0.54836464	     -0.00000000	     -0.00000000	     -0.06323993	      0.80875631	      0.37043060	      0.26904681	     -0.87842356	     -0.94006094	     -0.00000000	      0.11661307	      0.00000000	     -0.00000000	      0.00000000	      0.00000000	     -0.00000000
      3.26000000	      0.00000000	      0.00000000	      0.00000000	      0.00000000	      0.00000000	      0.00000000	      0.00000000	      0.00000000	      0.00000000	      0.00000000	      0.00000000	      0.00000000	      0.00000000	      0.00000000	      0.00000000	      0.00000000	      0.00000000	      0.00000000	      0.00000000	      0.00000000	      0.00000000	      0.00000000	      0.00000000	      0.00000000	      0.00000000	      0.00000000	      0.00000000	      0.00000000	      0.00000000	      0.00000000	      0.00000000	      0.00000000	      0.00000000	      0.00000000	      0.00000000	      0.00000000	      0.00000000	      0.00000000	      0.00000000	      0.00000000	      0.40858576	      1.11884215	     -0.02084270	     -0.12339275	      0.05452259	      0.08762314	     -0.43137844	     -0.00000000	     -0.00000000	      0.00000000	     -0.00000000	     -0.00000000	     -0.00373599	     -0.00000000	     -0.30233955	     -0.52210341	     -0.41083344	     -0.46769089	     -0.27971483	     -0.14381922	     -0.12865966	     -0.14458520	     -0.13664241	      0.43440469	      0.55360973	      0.00000000	      0.00000000	     -0.06374286	      0.81098328	      0.37840312	      0.27025351	     -0.87164767	     -0.93463922	      0.00000000	      0.11518312	      0.00000000	     -0.00000000	     -0.00000000	      0.00000000	     -0.00000000
      3.26500000	      0.00000000	      0.00000000	      0.00000000	      0.00000000	      0.00000000	      0.00000000	      0.00000000	      0.00000000	      0.00000000	      0.00000000	      0.00000000	      0.00000000	      0.00000000	      0.00000000	      0.00000000	      0.00000000	      0.00000000	      0.00000000	      0.00000000	      0.00000000	      0.00000000	      0.00000000	      0.00000000	      0.00000000	      0.00000000	      0.00000000	      0.00000000	      0.00000000	      0.00000000	      0.00000000	      0.00000000	      0.00000000	      0.00000000	      0.00000000	      0.00000000	      0.00000000	      0.00000000	      0.00000000	      0.00000000	      0.00000000	      0.40826511	      1.11784121	     -0.01988037	     -0.12474102	      0.05661157	      0.08931353	     -0.43383035	      0.00000000	     -0.00000000	      0.00000000	     -0.00000000	     -0.00000000	     -0.00395595	      0.00000000	     -0.30257255	     -0.52461877	     -0.41689839	     -0.46311193	     -0.27702727	     -0.14307632	     -0.12741894	     -0.14328429	     -0.13553068	      0.44157805	      0.55857220	     -0.00000000	      0.00000000	     -0.06409956	      0.81312201	      0.38706358	      0.27128941	     -0.86529106	     -0.92919315	      0.00000000	      0.11374418	      0.00000000	     -0.00000000	      0.00000000	     -0.00000000	      0.00000000
      3.27000000	      0.00000000	      0.00000000	      0.00000000	      0.00000000	      0.00000000	      0.00000000	      0.00000000	      0.00000000	      0.00000000	      0.00000000	      0.00000000	      0.00000000	      0.00000000	      0.00000000	      0.00000000	      0.00000000	      0.00000000	      0.00000000	      0.00000000	      0.00000000	      0.00000000	      0.00000000	      0.00000000	      0.00000000	      0.00000000	      0.00000000	      0.00000000	      0.00000000	      0.00000000	      0.00000000	      0.00000000	      0.00000000	      0.00000000	      0.00000000	      0.00000000	      0.00000000	      0.00000000	      0.00000000	      0.00000000	      0.00000000	      0.40817093	      1.11750174	     -0.01892409	     -0.12614134	      0.05871487	      0.09100930	     -0.43630028	      0.00000000	     -0.00000000	     -0.00000000	      0.00000000	     -0.00000000	     -0.00420796	      0.00000000	     -0.30284380	     -0.52726446	     -0.42319657	     -0.45841632	     -0.27417699	     -0.14217987	     -0.12613768	     -0.14190212	     -0.13429905	      0.44851751	      0.56325777	     -0.00000000	     -0.00000000	     -0.06431169	      0.81517669	      0.39636124	      0.27216408	     -0.85935355	     -0.92374561	      0.00000000	      0.11229938	      0.00000000	      0.00000000	      0.00000000	      0.00000000	      0.00000000
      3.27500000	      0.00000000	      0.00000000	      0.00000000	      0.00000000	      0.00000000	      0.00000000	      0.00000000	      0.00000000	      0.00000000	      0.00000000	      0.00000000	      0.00000000	      0.00000000	      0.00000000	      0.00000000	      0.00000000	      0.00000000	      0.00000000	      0.00000000	      0.00000000	      0.00000000	      0.00000000	      0.00000000	      0.00000000	      0.00000000	      0.00000000	      0.00000000	      0.00000000	      0.00000000	      0.00000000	      0.00000000	      0.00000000	      0.00000000	      0.00000000	      0.00000000	      0.00000000	      0.00000000	      0.00000000	      0.00000000	      0.00000000	      0.40829549	      1.11779435	     -0.01797381	     -0.12758052	      0.06082432	      0.09270133	     -0.43876035	     -0.00000000	     -0.00000000	      0.00000000	      0.00000000	      0.00000000	     -0.00442460	     -0.00000000	     -0.30315063	     -0.53002221	     -0.42968967	     -0.45364219	     -0.27118890	     -0.14114195	     -0.12482398	     -0.14044320	     -0.13294570	      0.45523039	      0.56767412	     -0.00000000	     -0.00000000	     -0.06438201	      0.81715177	      0.40624173	      0.27288793	     -0.85382998	     -0.91831710	     -0.00000000	      0.11085192	     -0.00000000	     -0.00000000	     -0.00000000	      0.00000000	      0.00000000
      3.28000000	      0.00000000	      0.00000000	      0.00000000	      0.00000000	      0.00000000	      0.00000000	      0.00000000	      0.00000000	      0.00000000	      0.00000000	      0.00000000	      0.00000000	      0.00000000	      0.00000000	      0.00000000	      0.00000000	      0.00000000	      0.00000000	      0.00000000	      0.00000000	      0.00000000	      0.00000000	      0.00000000	      0.00000000	      0.00000000	      0.00000000	      0.00000000	      0.00000000	      0.00000000	      0.00000000	      0.00000000	      0.00000000	      0.00000000	      0.00000000	      0.00000000	      0.00000000	      0.00000000	      0.00000000	      0.00000000	      0.00000000	      0.40862803	      1.11868352	     -0.01702969	     -0.12904405	      0.06293070	      0.09438003	     -0.44118349	      0.00000000	      0.00000000	      0.00000000	      0.00000000	      0.00000000	     -0.00461399	     -0.00000000	     -0.30348952	     -0.53287122	     -0.43633366	     -0.44883372	     -0.26809544	     -0.13997892	     -0.12348799	     -0.13891581	     -0.13147077	      0.46172399	      0.57183010	      0.00000000	      0.00000000	     -0.06431425	      0.81905152	      0.41664433	      0.27347202	     -0.84871231	     -0.91292729	     -0.00000000	      0.10940521	      0.00000000	     -0.00000000	     -0.00000000	      0.00000000	      0.00000000
      3.28500000	      0.00000000	      0.00000000	      0.00000000	      0.00000000	      0.00000000	      0.00000000	      0.00000000	      0.00000000	      0.00000000	      0.00000000	      0.00000000	      0.00000000	      0.00000000	      0.00000000	      0.00000000	      0.00000000	      0.00000000	      0.00000000	      0.00000000	      0.00000000	      0.00000000	      0.00000000	      0.00000000	      0.00000000	      0.00000000	      0.00000000	      0.00000000	      0.00000000	      0.00000000	      0.00000000	      0.00000000	      0.00000000	      0.00000000	      0.00000000	      0.00000000	      0.00000000	      0.00000000	      0.00000000	      0.00000000	      0.00000000	      0.40915444	      1.12012711	     -0.01609156	     -0.13051576	      0.06502459	      0.09603598	     -0.44354372	      0.00000000	      0.00000000	     -0.00000000	      0.00000000	     -0.00000000	     -0.00482744	      0.00000000	     -0.30385598	     -0.53578834	     -0.44307893	     -0.44403907	     -0.26493520	     -0.13871115	     -0.12214162	     -0.13733256	     -0.12987821	      0.46800826	      0.57573830	      0.00000000	      0.00000000	     -0.06411378	      0.82088107	      0.42749722	      0.27392831	     -0.84398924	     -0.90758940	      0.00000000	      0.10796244	      0.00000000	      0.00000000	     -0.00000000	     -0.00000000	      0.00000000
      3.29000000	      0.00000000	      0.00000000	      0.00000000	      0.00000000	      0.00000000	      0.00000000	      0.00000000	      0.00000000	      0.00000000	      0.00000000	      0.00000000	      0.00000000	      0.00000000	      0.00000000	      0.00000000	      0.00000000	      0.00000000	      0.00000000	      0.00000000	      0.00000000	      0.00000000	      0.00000000	      0.00000000	      0.00000000	      0.00000000	      0.00000000	      0.00000000	      0.00000000	      0.00000000	      0.00000000	      0.00000000	      0.00000000	      0.00000000	      0.00000000	      0.00000000	      0.00000000	      0.00000000	      0.00000000	      0.00000000	      0.00000000	      0.40985865	      1.12207949	     -0.01515984	     -0.13197867	      0.06709564	      0.09765950	     -0.44581729	     -0.00000000	      0.00000000	     -0.00000000	     -0.00000000	     -0.00000000	     -0.00502585	     -0.00000000	     -0.30424492	     -0.53874870	     -0.44987094	     -0.43930829	     -0.26175087	     -0.13736218	     -0.12079833	     -0.13571054	     -0.12817794	      0.47409152	      0.57941088	     -0.00000000	      0.00000000	     -0.06378727	      0.82264477	      0.43871630	      0.27426894	     -0.83964808	     -0.90231850	      0.00000000	      0.10652742	      0.00000000	     -0.00000000	     -0.00000000	     -0.00000000	      0.00000000
      3.29500000	      0.00000000	      0.00000000	      0.00000000	      0.00000000	      0.00000000	      0.00000000	      0.00000000	      0.00000000	      0.00000000	      0.00000000	      0.00000000	      0.00000000	      0.00000000	      0.00000000	      0.00000000	      0.00000000	      0.00000000	      0.00000000	      0.00000000	      0.00000000	      0.00000000	      0.00000000	      0.00000000	      0.00000000	      0.00000000	      0.00000000	      0.00000000	      0.00000000	      0.00000000	      0.00000000	      0.00000000	      0.00000000	      0.00000000	      0.00000000	      0.00000000	      0.00000000	      0.00000000	      0.00000000	      0.00000000	      0.00000000	      0.41072222	      1.12449081	     -0.01423494	     -0.13341467	      0.06913339	      0.09924116	     -0.44798197	     -0.00000000	      0.00000000	     -0.00000000	     -0.00000000	     -0.00000000	     -0.00521834	      0.00000000	     -0.30465047	     -0.54172564	     -0.45665007	     -0.43469134	     -0.25858657	     -0.13595757	     -0.11947254	     -0.13407083	     -0.12638799	      0.47998305	      0.58286218	     -0.00000000	     -0.00000000	     -0.06334375	      0.82434714	      0.45020082	      0.27450656	     -0.83567307	     -0.89712589	     -0.00000000	      0.10510430	     -0.00000000	      0.00000000	     -0.00000000	      0.00000000	      0.00000000
      3.30000000	      0.00000000	      0.00000000	      0.00000000	      0.00000000	      0.00000000	      0.00000000	      0.00000000	      0.00000000	      0.00000000	      0.00000000	      0.00000000	      0.00000000	      0.00000000	      0.00000000	      0.00000000	      0.00000000	      0.00000000	      0.00000000	      0.00000000	      0.00000000	      0.00000000	      0.00000000	      0.00000000	      0.00000000	      0.00000000	      0.00000000	      0.00000000	      0.00000000	      0.00000000	      0.00000000	      0.00000000	      0.00000000	      0.00000000	      0.00000000	      0.00000000	      0.00000000	      0.00000000	      0.00000000	      0.00000000	      0.00000000	      0.41172497	      1.12730828	     -0.01331737	     -0.13480511	      0.07112740	      0.10077188	     -0.45001760	      0.00000000	     -0.00000000	      0.00000000	      0.00000000	      0.00000000	     -0.00536706	      0.00000000	     -0.30506634	     -0.54469155	     -0.46335297	     -0.43023624	     -0.25548519	     -0.13452343	     -0.11817900	     -0.13243718	     -0.12453547	      0.48569235	      0.58610785	     -0.00000000	      0.00000000	     -0.06279504	      0.82599259	      0.46183138	      0.27465397	     -0.83204639	     -0.89202045	      0.00000000	      0.10369785	     -0.00000000	      0.00000000	      0.00000000	     -0.00000000	      0.00000000
      3.30500000	      0.00000000	      0.00000000	      0.00000000	      0.00000000	      0.00000000	      0.00000000	      0.00000000	      0.00000000	      0.00000000	      0.00000000	      0.00000000	      0.00000000	      0.00000000	      0.00000000	      0.00000000	      0.00000000	      0.00000000	      0.00000000	      0.00000000	      0.00000000	      0.00000000	      0.00000000	      0.00000000	      0.00000000	      0.00000000	      0.00000000	      0.00000000	      0.00000000	      0.00000000	      0.00000000	      0.00000000	      0.00000000	      0.00000000	      0.00000000	      0.00000000	      0.00000000	      0.00000000	      0.00000000	      0.00000000	      0.00000000	      0.41284555	      1.13047731	     -0.01240775	     -0.13613150	      0.07306764	      0.10224318	     -0.45190720	      0.00000000	     -0.00000000	      0.00000000	     -0.00000000	     -0.00000000	     -0.00553641	      0.00000000	     -0.30548624	     -0.54761922	     -0.46991476	     -0.42598736	     -0.25248614	     -0.13308497	     -0.11693206	     -0.13083429	     -0.12265541	      0.49122903	      0.58916444	      0.00000000	      0.00000000	     -0.06215638	      0.82758519	      0.47346862	      0.27472390	     -0.82874993	     -0.88700908	      0.00000000	      0.10231345	      0.00000000	     -0.00000000	      0.00000000	     -0.00000000	      0.00000000
      3.31000000	      0.00000000	      0.00000000	      0.00000000	      0.00000000	      0.00000000	      0.00000000	      0.00000000	      0.00000000	      0.00000000	      0.00000000	      0.00000000	      0.00000000	      0.00000000	      0.00000000	      0.00000000	      0.00000000	      0.00000000	      0.00000000	      0.00000000	      0.00000000	      0.00000000	      0.00000000	      0.00000000	      0.00000000	      0.00000000	      0.00000000	      0.00000000	      0.00000000	      0.00000000	      0.00000000	      0.00000000	      0.00000000	      0.00000000	      0.00000000	      0.00000000	      0.00000000	      0.00000000	      0.00000000	      0.00000000	      0.00000000	      0.41406198	      1.13394239	     -0.01150675	     -0.13737626	      0.07494478	      0.10364732	     -0.45363779	      0.00000000	      0.00000000	      0.00000000	      0.00000000	     -0.00000000	     -0.00570108	     -0.00000000	     -0.30590432	     -0.55048312	     -0.47627143	     -0.42198433	     -0.24962393	     -0.13166535	     -0.11574498	     -0.12928596	     -0.12078747	      0.49660273	      0.59204897	     -0.00000000	     -0.00000000	     -0.06144658	      0.82912860	      0.48495390	      0.27472878	     -0.82576695	     -0.88209711	      0.00000000	      0.10095704	      0.00000000	      0.00000000	     -0.00000000	      0.00000000	     -0.00000000
      3.31500000	      0.00000000	      0.00000000	      0.00000000	      0.00000000	      0.00000000	      0.00000000	      0.00000000	      0.00000000	      0.00000000	      0.00000000	      0.00000000	      0.00000000	      0.00000000	      0.00000000	      0.00000000	      0.00000000	      0.00000000	      0.00000000	      0.00000000	      0.00000000	      0.00000000	      0.00000000	      0.00000000	      0.00000000	      0.00000000	      0.00000000	      0.00000000	      0.00000000	      0.00000000	      0.00000000	      0.00000000	      0.00000000	      0.00000000	      0.00000000	      0.00000000	      0.00000000	      0.00000000	      0.00000000	      0.00000000	      0.00000000	      0.41535202	      1.13764786	     -0.01061508	     -0.13852320	      0.07675042	      0.10497752	     -0.45520066	     -0.00000000	     -0.00000000	      0.00000000	     -0.00000000	      0.00000000	     -0.00588028	      0.00000000	     -0.30631545	     -0.55326016	     -0.48236186	     -0.41826129	     -0.24692756	     -0.13028499	     -0.11462949	     -0.12781367	     -0.11897141	      0.50182299	      0.59477863	      0.00000000	     -0.00000000	     -0.06068760	      0.83062598	      0.49611263	      0.27468053	     -0.82308291	     -0.87728866	     -0.00000000	      0.09963501	     -0.00000000	      0.00000000	      0.00000000	     -0.00000000	     -0.00000000
      3.32000000	      0.00000000	      0.00000000	      0.00000000	      0.00000000	      0.00000000	      0.00000000	      0.00000000	      0.00000000	      0.00000000	      0.00000000	      0.00000000	      0.00000000	      0.00000000	      0.00000000	      0.00000000	      0.00000000	      0.00000000	      0.00000000	      0.00000000	      0.00000000	      0.00000000	      0.00000000	      0.00000000	      0.00000000	      0.00000000	      0.00000000	      0.00000000	      0.00000000	      0.00000000	      0.00000000	      0.00000000	      0.00000000	      0.00000000	      0.00000000	      0.00000000	      0.00000000	      0.00000000	      0.00000000	      0.00000000	      0.00000000	      0.41669367	      1.14153870	     -0.00973343	     -0.13955812	      0.07847731	      0.10622800	     -0.45659115	     -0.00000000	      0.00000000	      0.00000000	     -0.00000000	      0.00000000	     -0.00602770	      0.00000000	     -0.30671523	     -0.55593013	     -0.48812953	     -0.41484514	     -0.24442028	     -0.12896103	     -0.11359556	     -0.12643568	     -0.11724297	      0.50689917	      0.59737047	     -0.00000000	      0.00000000	     -0.05990326	      0.83207996	      0.50676067	      0.27459043	     -0.82068566	     -0.87258694	     -0.00000000	      0.09835405	     -0.00000000	     -0.00000000	     -0.00000000	     -0.00000000	     -0.00000000
      3.32500000	      0.00000000	      0.00000000	      0.00000000	      0.00000000	      0.00000000	      0.00000000	      0.00000000	      0.00000000	      0.00000000	      0.00000000	      0.00000000	      0.00000000	      0.00000000	      0.00000000	      0.00000000	      0.00000000	      0.00000000	      0.00000000	      0.00000000	      0.00000000	      0.00000000	      0.00000000	      0.00000000	      0.00000000	      0.00000000	      0.00000000	      0.00000000	      0.00000000	      0.00000000	      0.00000000	      0.00000000	      0.00000000	      0.00000000	      0.00000000	      0.00000000	      0.00000000	      0.00000000	      0.00000000	      0.00000000	      0.00000000	      0.41806552	      1.14556129	     -0.00886244	     -0.14046911	      0.08011951	      0.10739408	     -0.45780846	     -0.00000000	     -0.00000000	     -0.00000000	      0.00000000	      0.00000000	     -0.00616681	      0.00000000	     -0.30710011	     -0.55847607	     -0.49352435	     -0.41175792	     -0.24211887	     -0.12770722	     -0.11265127	     -0.12516666	     -0.11563114	      0.51184035	      0.59984116	     -0.00000000	      0.00000000	     -0.05911729	      0.83349265	      0.51671354	      0.27446897	     -0.81856537	     -0.86799449	      0.00000000	      0.09712082	      0.00000000	     -0.00000000	     -0.00000000	     -0.00000000	     -0.00000000
      3.33000000	      0.00000000	      0.00000000	      0.00000000	      0.00000000	      0.00000000	      0.00000000	      0.00000000	      0.00000000	      0.00000000	      0.00000000	      0.00000000	      0.00000000	      0.00000000	      0.00000000	      0.00000000	      0.00000000	      0.00000000	      0.00000000	      0.00000000	      0.00000000	      0.00000000	      0.00000000	      0.00000000	      0.00000000	      0.00000000	      0.00000000	      0.00000000	      0.00000000	      0.00000000	      0.00000000	      0.00000000	      0.00000000	      0.00000000	      0.00000000	      0.00000000	      0.00000000	      0.00000000	      0.00000000	      0.00000000	      0.00000000	      0.41944711	      1.14966398	     -0.00800266	     -0.14124696	      0.08167248	      0.10847228	     -0.45885522	      0.00000000	      0.00000000	      0.00000000	      0.00000000	      0.00000000	     -0.00630557	      0.00000000	     -0.30746746	     -0.56088485	     -0.49850420	     -0.40901830	     -0.24003507	     -0.12653391	     -0.11180290	     -0.12401778	     -0.11415737	      0.51665530	      0.60220671	      0.00000000	      0.00000000	     -0.05835138	      0.83486561	      0.52579662	      0.27432574	     -0.81671429	     -0.86351343	      0.00000000	      0.09594158	      0.00000000	      0.00000000	      0.00000000	      0.00000000	      0.00000000
      3.33500000	      0.00000000	      0.00000000	      0.00000000	      0.00000000	      0.00000000	      0.00000000	      0.00000000	      0.00000000	      0.00000000	      0.00000000	      0.00000000	      0.00000000	      0.00000000	      0.00000000	      0.00000000	      0.00000000	      0.00000000	      0.00000000	      0.00000000	      0.00000000	      0.00000000	      0.00000000	      0.00000000	      0.00000000	      0.00000000	      0.00000000	      0.00000000	      0.00000000	      0.00000000	      0.00000000	      0.00000000	      0.00000000	      0.00000000	      0.00000000	      0.00000000	      0.00000000	      0.00000000	      0.00000000	      0.00000000	      0.00000000	      0.42081922	      1.15379772	     -0.00715451	     -0.14188521	      0.08313315	      0.10946026	     -0.45973699	     -0.00000000	      0.00000000	      0.00000000	      0.00000000	      0.00000000	     -0.00642952	     -0.00000000	     -0.30781552	     -0.56314703	     -0.50303590	     -0.40664115	     -0.23817724	     -0.12544829	     -0.11105495	     -0.12299693	     -0.11283599	      0.52135232	      0.60448228	      0.00000000	      0.00000000	     -0.05762371	      0.83619990	      0.53385457	      0.27416937	     -0.81512607	     -0.85914554	      0.00000000	      0.09482180	     -0.00000000	      0.00000000	     -0.00000000	     -0.00000000	     -0.00000000
      3.34000000	      0.00000000	      0.00000000	      0.00000000	      0.00000000	      0.00000000	      0.00000000	      0.00000000	      0.00000000	      0.00000000	      0.00000000	      0.00000000	      0.00000000	      0.00000000	      0.00000000	      0.00000000	      0.00000000	      0.00000000	      0.00000000	      0.00000000	      0.00000000	      0.00000000	      0.00000000	      0.00000000	      0.00000000	      0.00000000	      0.00000000	      0.00000000	      0.00000000	      0.00000000	      0.00000000	      0.00000000	      0.00000000	      0.00000000	      0.00000000	      0.00000000	      0.00000000	      0.00000000	      0.00000000	      0.00000000	      0.00000000	      0.42216410	      1.15791658	     -0.00629727	     -0.14238013	      0.08449990	      0.11035695	     -0.46046143	      0.00000000	     -0.00000000	      0.00000000	      0.00000000	     -0.00000000	     -0.00654685	      0.00000000	     -0.30814310	     -0.56525631	     -0.50709532	     -0.40463700	     -0.23655028	     -0.12445466	     -0.11041013	     -0.12210890	     -0.11167520	      0.52593927	      0.60668214	     -0.00000000	     -0.00000000	     -0.05694833	      0.83749622	      0.54075865	      0.27400752	     -0.81379466	     -0.85489231	     -0.00000000	      0.09376584	     -0.00000000	      0.00000000	     -0.00000000	     -0.00000000	      0.00000000
      3.34500000	      0.00000000	      0.00000000	      0.00000000	      0.00000000	      0.00000000	      0.00000000	      0.00000000	      0.00000000	      0.00000000	      0.00000000	      0.00000000	      0.00000000	      0.00000000	      0.00000000	      0.00000000	      0.00000000	      0.00000000	      0.00000000	      0.00000000	      0.00000000	      0.00000000	      0.00000000	      0.00000000	      0.00000000	      0.00000000	      0.00000000	      0.00000000	      0.00000000	      0.00000000	      0.00000000	      0.00000000	      0.00000000	      0.00000000	      0.00000000	      0.00000000	      0.00000000	      0.00000000	      0.00000000	      0.00000000	      0.00000000	      0.42346565	      1.16197818	     -0.00545147	     -0.14273042	      0.08577252	      0.11116242	     -0.46103757	      0.00000000	     -0.00000000	     -0.00000000	     -0.00000000	      0.00000000	     -0.00666030	     -0.00000000	     -0.30844946	     -0.56720908	     -0.51066724	     -0.40301155	     -0.23515575	     -0.12355490	     -0.10986953	     -0.12135573	     -0.11067812	      0.53042359	      0.60881967	     -0.00000000	     -0.00000000	     -0.05633522	      0.83875508	      0.54641137	      0.27384691	     -0.81271321	     -0.85075470	     -0.00000000	      0.09277672	      0.00000000	     -0.00000000	      0.00000000	     -0.00000000	      0.00000000
      3.35000000	      0.00000000	      0.00000000	      0.00000000	      0.00000000	      0.00000000	      0.00000000	      0.00000000	      0.00000000	      0.00000000	      0.00000000	      0.00000000	      0.00000000	      0.00000000	      0.00000000	      0.00000000	      0.00000000	      0.00000000	      0.00000000	      0.00000000	      0.00000000	      0.00000000	      0.00000000	      0.00000000	      0.00000000	      0.00000000	      0.00000000	      0.00000000	      0.00000000	      0.00000000	      0.00000000	      0.00000000	      0.00000000	      0.00000000	      0.00000000	      0.00000000	      0.00000000	      0.00000000	      0.00000000	      0.00000000	      0.00000000	      0.42470947	      1.16594368	     -0.00461798	     -0.14293721	      0.08695205	      0.11187790	     -0.46147564	      0.00000000	     -0.00000000	     -0.00000000	      0.00000000	     -0.00000000	     -0.00676683	     -0.00000000	     -0.30873441	     -0.56900455	     -0.51374547	     -0.40176563	     -0.23399222	     -0.12274923	     -0.10943293	     -0.12073752	     -0.10984412	      0.53481202	      0.61090698	     -0.00000000	     -0.00000000	     -0.05579089	      0.83997669	      0.55074883	      0.27369332	     -0.81187373	     -0.84673371	     -0.00000000	      0.09185600	     -0.00000000	     -0.00000000	     -0.00000000	      0.00000000	     -0.00000000
      3.35500000	      0.00000000	      0.00000000	      0.00000000	      0.00000000	      0.00000000	      0.00000000	      0.00000000	      0.00000000	      0.00000000	      0.00000000	      0.00000000	      0.00000000	      0.00000000	      0.00000000	      0.00000000	      0.00000000	      0.00000000	      0.00000000	      0.00000000	      0.00000000	      0.00000000	      0.00000000	      0.00000000	      0.00000000	      0.00000000	      0.00000000	      0.00000000	      0.00000000	      0.00000000	      0.00000000	      0.00000000	      0.00000000	      0.00000000	      0.00000000	      0.00000000	      0.00000000	      0.00000000	      0.00000000	      0.00000000	      0.00000000	      0.42588304	      1.16977824	     -0.00379665	     -0.14300383	      0.08804084	      0.11250574	     -0.46178687	      0.00000000	     -0.00000000	     -0.00000000	      0.00000000	      0.00000000	     -0.00686930	      0.00000000	     -0.30899841	     -0.57064489	     -0.51633301	     -0.40089499	     -0.23305536	     -0.12203657	     -0.10909874	     -0.12025250	     -0.10917023	      0.53911095	      0.61295509	      0.00000000	     -0.00000000	     -0.05531892	      0.84116116	      0.55374071	      0.27355155	     -0.81126682	     -0.84282959	     -0.00000000	      0.09100363	     -0.00000000	     -0.00000000	     -0.00000000	      0.00000000	      0.00000000
      3.36000000	      0.00000000	      0.00000000	      0.00000000	      0.00000000	      0.00000000	      0.00000000	      0.00000000	      0.00000000	      0.00000000	      0.00000000	      0.00000000	      0.00000000	      0.00000000	      0.00000000	      0.00000000	      0.00000000	      0.00000000	      0.00000000	      0.00000000	      0.00000000	      0.00000000	      0.00000000	      0.00000000	      0.00000000	      0.00000000	      0.00000000	      0.00000000	      0.00000000	      0.00000000	      0.00000000	      0.00000000	      0.00000000	      0.00000000	      0.00000000	      0.00000000	      0.00000000	      0.00000000	      0.00000000	      0.00000000	      0.00000000	      0.42697594	      1.17345167	     -0.00298720	     -0.14293577	      0.08904243	      0.11304940	     -0.46198348	      0.00000000	      0.00000000	      0.00000000	     -0.00000000	     -0.00000000	     -0.00696867	      0.00000000	     -0.30924245	     -0.57213510	     -0.51844190	     -0.40039001	     -0.23233800	     -0.12141454	     -0.10886398	     -0.11989708	     -0.10865126	      0.54332620	      0.61497356	      0.00000000	      0.00000000	     -0.05492043	      0.84230849	      0.55538973	      0.27342546	     -0.81088143	     -0.83904240	     -0.00000000	      0.09021798	     -0.00000000	      0.00000000	     -0.00000000	      0.00000000	      0.00000000
      3.36500000	      0.00000000	      0.00000000	      0.00000000	      0.00000000	      0.00000000	      0.00000000	      0.00000000	      0.00000000	      0.00000000	      0.00000000	      0.00000000	      0.00000000	      0.00000000	      0.00000000	      0.00000000	      0.00000000	      0.00000000	      0.00000000	      0.00000000	      0.00000000	      0.00000000	      0.00000000	      0.00000000	      0.00000000	      0.00000000	      0.00000000	      0.00000000	      0.00000000	      0.00000000	      0.00000000	      0.00000000	      0.00000000	      0.00000000	      0.00000000	      0.00000000	      0.00000000	      0.00000000	      0.00000000	      0.00000000	      0.00000000	      0.42797998	      1.17693889	     -0.00218924	     -0.14274056	      0.08996149	      0.11351346	     -0.46207841	      0.00000000	     -0.00000000	      0.00000000	      0.00000000	      0.00000000	     -0.00707108	      0.00000000	     -0.30946796	     -0.57348266	     -0.52009284	     -0.40023559	     -0.23183001	     -0.12087955	     -0.10872421	     -0.11966576	     -0.10827991	      0.54746301	      0.61697053	     -0.00000000	     -0.00000000	     -0.05459450	      0.84341863	      0.55573145	      0.27331793	     -0.81070432	     -0.83537181	      0.00000000	      0.08949596	     -0.00000000	      0.00000000	     -0.00000000	      0.00000000	      0.00000000
      3.37000000	      0.00000000	      0.00000000	      0.00000000	      0.00000000	      0.00000000	      0.00000000	      0.00000000	      0.00000000	      0.00000000	      0.00000000	      0.00000000	      0.00000000	      0.00000000	      0.00000000	      0.00000000	      0.00000000	      0.00000000	      0.00000000	      0.00000000	      0.00000000	      0.00000000	      0.00000000	      0.00000000	      0.00000000	      0.00000000	      0.00000000	      0.00000000	      0.00000000	      0.00000000	      0.00000000	      0.00000000	      0.00000000	      0.00000000	      0.00000000	      0.00000000	      0.00000000	      0.00000000	      0.00000000	      0.00000000	      0.00000000	      0.42888931	      1.18022011	     -0.00140229	     -0.14242763	      0.09080376	      0.11390347	     -0.46208523	      0.00000000	      0.00000000	      0.00000000	      0.00000000	      0.00000000	     -0.00716976	      0.00000000	     -0.30967686	     -0.57469774	     -0.52131494	     -0.40041147	     -0.23151853	     -0.12042681	     -0.10867366	     -0.11955130	     -0.10804686	      0.55152607	      0.61895259	     -0.00000000	     -0.00000000	     -0.05433842	      0.84449151	      0.55483148	      0.27323089	     -0.81072008	     -0.83181714	      0.00000000	      0.08883312	      0.00000000	      0.00000000	      0.00000000	     -0.00000000	     -0.00000000
      3.37500000	      0.00000000	      0.00000000	      0.00000000	      0.00000000	      0.00000000	      0.00000000	      0.00000000	      0.00000000	      0.00000000	      0.00000000	      0.00000000	      0.00000000	      0.00000000	      0.00000000	      0.00000000	      0.00000000	      0.00000000	      0.00000000	      0.00000000	      0.00000000	      0.00000000	      0.00000000	      0.00000000	      0.00000000	      0.00000000	      0.00000000	      0.00000000	      0.00000000	      0.00000000	      0.00000000	      0.00000000	      0.00000000	      0.00000000	      0.00000000	      0.00000000	      0.00000000	      0.00000000	      0.00000000	      0.00000000	      0.00000000	      0.42970050	      1.18328091	     -0.00062582	     -0.14200823	      0.09157589	      0.11422593	     -0.46201839	     -0.00000000	      0.00000000	      0.00000000	     -0.00000000	     -0.00000000	     -0.00726557	     -0.00000000	     -0.30987182	     -0.57579371	     -0.52214559	     -0.40089257	     -0.23138837	     -0.12005061	     -0.10870530	     -0.11954482	     -0.10794106	      0.55551947	      0.62092454	      0.00000000	     -0.00000000	     -0.05414806	      0.84552696	      0.55278337	      0.27316531	     -0.81091158	     -0.82837739	     -0.00000000	      0.08822387	     -0.00000000	      0.00000000	     -0.00000000	     -0.00000000	      0.00000000
      3.38000000	      0.00000000	      0.00000000	      0.00000000	      0.00000000	      0.00000000	      0.00000000	      0.00000000	      0.00000000	      0.00000000	      0.00000000	      0.00000000	      0.00000000	      0.00000000	      0.00000000	      0.00000000	      0.00000000	      0.00000000	      0.00000000	      0.00000000	      0.00000000	      0.00000000	      0.00000000	      0.00000000	      0.00000000	      0.00000000	      0.00000000	      0.00000000	      0.00000000	      0.00000000	      0.00000000	      0.00000000	      0.00000000	      0.00000000	      0.00000000	      0.00000000	      0.00000000	      0.00000000	      0.00000000	      0.00000000	      0.00000000	      0.43041250	      1.18611211	      0.00014074	     -0.14149533	      0.09228538	      0.11448813	     -0.46189337	      0.00000000	      0.00000000	      0.00000000	      0.00000000	      0.00000000	     -0.00736199	     -0.00000000	     -0.31005661	     -0.57678775	     -0.52263034	     -0.40164958	     -0.23142234	     -0.11974457	     -0.10881097	     -0.11963600	     -0.10795000	      0.55944658	      0.62288924	     -0.00000000	     -0.00000000	     -0.05401823	      0.84652458	      0.54970604	      0.27312118	     -0.81126052	     -0.82505143	     -0.00000000	      0.08766163	      0.00000000	     -0.00000000	     -0.00000000	     -0.00000000	     -0.00000000
      3.38500000	      0.00000000	      0.00000000	      0.00000000	      0.00000000	      0.00000000	      0.00000000	      0.00000000	      0.00000000	      0.00000000	      0.00000000	      0.00000000	      0.00000000	      0.00000000	      0.00000000	      0.00000000	      0.00000000	      0.00000000	      0.00000000	      0.00000000	      0.00000000	      0.00000000	      0.00000000	      0.00000000	      0.00000000	      0.00000000	      0.00000000	      0.00000000	      0.00000000	      0.00000000	      0.00000000	      0.00000000	      0.00000000	      0.00000000	      0.00000000	      0.00000000	      0.00000000	      0.00000000	      0.00000000	      0.00000000	      0.00000000	      0.43102650	      1.18870956	      0.00089792	     -0.14090348	      0.09294034	      0.11469797	     -0.46172681	      0.00000000	      0.00000000	     -0.00000000	     -0.00000000	     -0.00000000	     -0.00746707	     -0.00000000	     -0.31023645	     -0.57770139	     -0.52282246	     -0.40264962	     -0.23160192	     -0.11950195	     -0.10898154	     -0.11981334	     -0.10806008	      0.56330994	      0.62484738	     -0.00000000	     -0.00000000	     -0.05394293	      0.84748368	      0.54574074	      0.27309752	     -0.81174817	     -0.82183811	     -0.00000000	      0.08713907	     -0.00000000	      0.00000000	     -0.00000000	     -0.00000000	     -0.00000000
      3.39000000	      0.00000000	      0.00000000	      0.00000000	      0.00000000	      0.00000000	      0.00000000	      0.00000000	      0.00000000	      0.00000000	      0.00000000	      0.00000000	      0.00000000	      0.00000000	      0.00000000	      0.00000000	      0.00000000	      0.00000000	      0.00000000	      0.00000000	      0.00000000	      0.00000000	      0.00000000	      0.00000000	      0.00000000	      0.00000000	      0.00000000	      0.00000000	      0.00000000	      0.00000000	      0.00000000	      0.00000000	      0.00000000	      0.00000000	      0.00000000	      0.00000000	      0.00000000	      0.00000000	      0.00000000	      0.00000000	      0.00000000	      0.43154576	      1.19107357	      0.00164619	     -0.14024858	      0.09354931	      0.11486381	     -0.46153651	      0.00000000	     -0.00000000	      0.00000000	     -0.00000000	     -0.00000000	     -0.00757971	      0.00000000	     -0.31041822	     -0.57856087	     -0.52278222	     -0.40385716	     -0.23190782	     -0.11931601	     -0.10920718	     -0.12006447	     -0.10825699	      0.56711104	      0.62679730	     -0.00000000	     -0.00000000	     -0.05391573	      0.84840310	      0.54104721	      0.27309253	     -0.81235605	     -0.81873655	     -0.00000000	      0.08664840	     -0.00000000	      0.00000000	     -0.00000000	      0.00000000	     -0.00000000
      3.39500000	      0.00000000	      0.00000000	      0.00000000	      0.00000000	      0.00000000	      0.00000000	      0.00000000	      0.00000000	      0.00000000	      0.00000000	      0.00000000	      0.00000000	      0.00000000	      0.00000000	      0.00000000	      0.00000000	      0.00000000	      0.00000000	      0.00000000	      0.00000000	      0.00000000	      0.00000000	      0.00000000	      0.00000000	      0.00000000	      0.00000000	      0.00000000	      0.00000000	      0.00000000	      0.00000000	      0.00000000	      0.00000000	      0.00000000	      0.00000000	      0.00000000	      0.00000000	      0.00000000	      0.00000000	      0.00000000	      0.00000000	      0.43197536	      1.19320852	      0.00238595	     -0.13954753	      0.09412105	      0.11499425	     -0.46134124	      0.00000000	     -0.00000000	      0.00000000	      0.00000000	      0.00000000	     -0.00765455	      0.00000000	     -0.31061065	     -0.57939709	     -0.52257572	     -0.40523491	     -0.23232061	     -0.11918031	     -0.10947752	     -0.12037647	     -0.10852616	      0.57085032	      0.62873514	      0.00000000	     -0.00000000	     -0.05393009	      0.84928125	      0.53579915	      0.27310355	     -0.81306656	     -0.81574595	     -0.00000000	      0.08618156	     -0.00000000	     -0.00000000	     -0.00000000	      0.00000000	     -0.00000000
      3.40000000	      0.00000000	      0.00000000	      0.00000000	      0.00000000	      0.00000000	      0.00000000	      0.00000000	      0.00000000	      0.00000000	      0.00000000	      0.00000000	      0.00000000	      0.00000000	      0.00000000	      0.00000000	      0.00000000	      0.00000000	      0.00000000	      0.00000000	      0.00000000	      0.00000000	      0.00000000	      0.00000000	      0.00000000	      0.00000000	      0.00000000	      0.00000000	      0.00000000	      0.00000000	      0.00000000	      0.00000000	      0.00000000	      0.00000000	      0.00000000	      0.00000000	      0.00000000	      0.00000000	      0.00000000	      0.00000000	      0.00000000	      0.43232189	      1.19512204	      0.00311742	     -0.13881800	      0.09466428	      0.11509792	     -0.46116046	      0.00000000	     -0.00000000	     -0.00000000	      0.00000000	      0.00000000	     -0.00773541	     -0.00000000	     -0.31082424	     -0.58024513	     -0.52227353	     -0.40674452	     -0.23282116	     -0.11908900	     -0.10978192	     -0.12073611	     -0.10885303	      0.57452675	      0.63065464	      0.00000000	      0.00000000	     -0.05397958	      0.85011596	      0.53017921	      0.27312732	     -0.81386358	     -0.81286631	      0.00000000	      0.08573056	     -0.00000000	      0.00000000	     -0.00000000	     -0.00000000	      0.00000000
      3.40500000	      0.00000000	      0.00000000	      0.00000000	      0.00000000	      0.00000000	      0.00000000	      0.00000000	      0.00000000	      0.00000000	      0.00000000	      0.00000000	      0.00000000	      0.00000000	      0.00000000	      0.00000000	      0.00000000	      0.00000000	      0.00000000	      0.00000000	      0.00000000	      0.00000000	      0.00000000	      0.00000000	      0.00000000	      0.00000000	      0.00000000	      0.00000000	      0.00000000	      0.00000000	      0.00000000	      0.00000000	      0.00000000	      0.00000000	      0.00000000	      0.00000000	      0.00000000	      0.00000000	      0.00000000	      0.00000000	      0.00000000	      0.43259340	      1.19682534	      0.00384079	     -0.13807781	      0.09518765	      0.11518339	     -0.46101332	      0.00000000	      0.00000000	     -0.00000000	     -0.00000000	     -0.00000000	     -0.00784531	     -0.00000000	     -0.31107061	     -0.58114276	     -0.52194848	     -0.40834712	     -0.23339074	     -0.11903667	     -0.11010958	     -0.12113006	     -0.10922325	      0.57813856	      0.63254797	      0.00000000	     -0.00000000	     -0.05405793	      0.85090493	      0.52437361	      0.27316001	     -0.81473200	     -0.81009717	     -0.00000000	      0.08528766	      0.00000000	     -0.00000000	     -0.00000000	      0.00000000	      0.00000000
      3.41000000	      0.00000000	      0.00000000	      0.00000000	      0.00000000	      0.00000000	      0.00000000	      0.00000000	      0.00000000	      0.00000000	      0.00000000	      0.00000000	      0.00000000	      0.00000000	      0.00000000	      0.00000000	      0.00000000	      0.00000000	      0.00000000	      0.00000000	      0.00000000	      0.00000000	      0.00000000	      0.00000000	      0.00000000	      0.00000000	      0.00000000	      0.00000000	      0.00000000	      0.00000000	      0.00000000	      0.00000000	      0.00000000	      0.00000000	      0.00000000	      0.00000000	      0.00000000	      0.00000000	      0.00000000	      0.00000000	      0.00000000	      0.43279873	      1.19833088	      0.00455555	     -0.13734510	      0.09569901	      0.11525880	     -0.46091861	     -0.00000000	     -0.00000000	     -0.00000000	     -0.00000000	      0.00000000	     -0.00793600	     -0.00000000	     -0.31136205	     -0.58212878	     -0.52167379	     -0.41000386	     -0.23401108	     -0.11901833	     -0.11044975	     -0.12154506	     -0.10962273	      0.58168041	      0.63440440	     -0.00000000	      0.00000000	     -0.05415900	      0.85164500	      0.51856853	      0.27319758	     -0.81565844	     -0.80744172	      0.00000000	      0.08484593	      0.00000000	      0.00000000	      0.00000000	     -0.00000000	     -0.00000000
      3.41500000	      0.00000000	      0.00000000	      0.00000000	      0.00000000	      0.00000000	      0.00000000	      0.00000000	      0.00000000	      0.00000000	      0.00000000	      0.00000000	      0.00000000	      0.00000000	      0.00000000	      0.00000000	      0.00000000	      0.00000000	      0.00000000	      0.00000000	      0.00000000	      0.00000000	      0.00000000	      0.00000000	      0.00000000	      0.00000000	      0.00000000	      0.00000000	      0.00000000	      0.00000000	      0.00000000	      0.00000000	      0.00000000	      0.00000000	      0.00000000	      0.00000000	      0.00000000	      0.00000000	      0.00000000	      0.00000000	      0.00000000	      0.43294806	      1.19965538	      0.00526147	     -0.13663699	      0.09620605	      0.11533206	     -0.46089205	      0.00000000	      0.00000000	      0.00000000	      0.00000000	     -0.00000000	     -0.00798599	      0.00000000	     -0.31171019	     -0.58324044	     -0.52151973	     -0.41167669	     -0.23466409	     -0.11902886	     -0.11079194	     -0.12196811	     -0.11003763	      0.58514773	      0.63621341	     -0.00000000	     -0.00000000	     -0.05427657	      0.85233378	      0.51294396	      0.27323573	     -0.81662852	     -0.80490040	      0.00000000	      0.08439902	      0.00000000	      0.00000000	     -0.00000000	      0.00000000	     -0.00000000
      3.42000000	      0.00000000	      0.00000000	      0.00000000	      0.00000000	      0.00000000	      0.00000000	      0.00000000	      0.00000000	      0.00000000	      0.00000000	      0.00000000	      0.00000000	      0.00000000	      0.00000000	      0.00000000	      0.00000000	      0.00000000	      0.00000000	      0.00000000	      0.00000000	      0.00000000	      0.00000000	      0.00000000	      0.00000000	      0.00000000	      0.00000000	      0.00000000	      0.00000000	      0.00000000	      0.00000000	      0.00000000	      0.00000000	      0.00000000	      0.00000000	      0.00000000	      0.00000000	      0.00000000	      0.00000000	      0.00000000	      0.00000000	      0.43305212	      1.20081705	      0.00595788	     -0.13596966	      0.09671556	      0.11541036	     -0.46094649	     -0.00000000	     -0.00000000	      0.00000000	     -0.00000000	      0.00000000	     -0.00810326	      0.00000000	     -0.31212579	     -0.58451237	     -0.52155201	     -0.41332935	     -0.23533239	     -0.11906313	     -0.11112618	     -0.12238676	     -0.11045468	      0.58853396	      0.63796339	     -0.00000000	      0.00000000	     -0.05440447	      0.85296880	      0.50767039	      0.27327023	     -0.81762805	     -0.80247494	      0.00000000	      0.08394166	     -0.00000000	      0.00000000	      0.00000000	      0.00000000	      0.00000000
      3.42500000	      0.00000000	      0.00000000	      0.00000000	      0.00000000	      0.00000000	      0.00000000	      0.00000000	      0.00000000	      0.00000000	      0.00000000	      0.00000000	      0.00000000	      0.00000000	      0.00000000	      0.00000000	      0.00000000	      0.00000000	      0.00000000	      0.00000000	      0.00000000	      0.00000000	      0.00000000	      0.00000000	      0.00000000	      0.00000000	      0.00000000	      0.00000000	      0.00000000	      0.00000000	      0.00000000	      0.00000000	      0.00000000	      0.00000000	      0.00000000	      0.00000000	      0.00000000	      0.00000000	      0.00000000	      0.00000000	      0.00000000	      0.43312188	      1.20183539	      0.00664391	     -0.13535790	      0.09723337	      0.11550010	     -0.46109130	      0.00000000	      0.00000000	     -0.00000000	     -0.00000000	     -0.00000000	     -0.00826041	      0.00000000	     -0.31261841	     -0.58597558	     -0.52182996	     -0.41492854	     -0.23599973	     -0.11911616	     -0.11144333	     -0.12278951	     -0.11086159	      0.59183147	      0.63964239	      0.00000000	     -0.00000000	     -0.05453673	      0.85354789	      0.50290446	      0.27329703	     -0.81864314	     -0.80016730	     -0.00000000	      0.08346976	     -0.00000000	     -0.00000000	      0.00000000	      0.00000000	     -0.00000000
      3.43000000	      0.00000000	      0.00000000	      0.00000000	      0.00000000	      0.00000000	      0.00000000	      0.00000000	      0.00000000	      0.00000000	      0.00000000	      0.00000000	      0.00000000	      0.00000000	      0.00000000	      0.00000000	      0.00000000	      0.00000000	      0.00000000	      0.00000000	      0.00000000	      0.00000000	      0.00000000	      0.00000000	      0.00000000	      0.00000000	      0.00000000	      0.00000000	      0.00000000	      0.00000000	      0.00000000	      0.00000000	      0.00000000	      0.00000000	      0.00000000	      0.00000000	      0.00000000	      0.00000000	      0.00000000	      0.00000000	      0.00000000	      0.43316827	      1.20273050	      0.00731841	     -0.13481470	      0.09776418	      0.11560667	     -0.46133225	     -0.00000000	      0.00000000	      0.00000000	     -0.00000000	     -0.00000000	     -0.00837932	     -0.00000000	     -0.31319612	     -0.58765644	     -0.52240501	     -0.41644465	     -0.23665137	     -0.11918318	     -0.11173534	     -0.12316607	     -0.11124726	      0.59503178	      0.64123855	     -0.00000000	     -0.00000000	     -0.05466771	      0.85406923	      0.49878565	      0.27331236	     -0.81966064	     -0.79797959	     -0.00000000	      0.08298036	     -0.00000000	     -0.00000000	      0.00000000	      0.00000000	     -0.00000000
      3.43500000	      0.00000000	      0.00000000	      0.00000000	      0.00000000	      0.00000000	      0.00000000	      0.00000000	      0.00000000	      0.00000000	      0.00000000	      0.00000000	      0.00000000	      0.00000000	      0.00000000	      0.00000000	      0.00000000	      0.00000000	      0.00000000	      0.00000000	      0.00000000	      0.00000000	      0.00000000	      0.00000000	      0.00000000	      0.00000000	      0.00000000	      0.00000000	      0.00000000	      0.00000000	      0.00000000	      0.00000000	      0.00000000	      0.00000000	      0.00000000	      0.00000000	      0.00000000	      0.00000000	      0.00000000	      0.00000000	      0.00000000	      0.43320191	      1.20352272	      0.00798002	     -0.13435102	      0.09831150	      0.11573443	     -0.46167124	      0.00000000	     -0.00000000	     -0.00000000	     -0.00000000	     -0.00000000	     -0.00849882	      0.00000000	     -0.31386483	     -0.58957518	     -0.52331906	     -0.41785201	     -0.23727413	     -0.11925963	     -0.11199532	     -0.12350755	     -0.11160189	      0.59812579	      0.64274057	      0.00000000	      0.00000000	     -0.05479220	      0.85453152	      0.49543383	      0.27331294	     -0.82066814	     -0.79591392	      0.00000000	      0.08247174	      0.00000000	     -0.00000000	      0.00000000	     -0.00000000	      0.00000000
      3.44000000	      0.00000000	      0.00000000	      0.00000000	      0.00000000	      0.00000000	      0.00000000	      0.00000000	      0.00000000	      0.00000000	      0.00000000	      0.00000000	      0.00000000	      0.00000000	      0.00000000	      0.00000000	      0.00000000	      0.00000000	      0.00000000	      0.00000000	      0.00000000	      0.00000000	      0.00000000	      0.00000000	      0.00000000	      0.00000000	      0.00000000	      0.00000000	      0.00000000	      0.00000000	      0.00000000	      0.00000000	      0.00000000	      0.00000000	      0.00000000	      0.00000000	      0.00000000	      0.00000000	      0.00000000	      0.00000000	      0.00000000	      0.43323292	      1.20423238	      0.00862717	     -0.13397548	      0.09887759	      0.11588666	     -0.46210625	     -0.00000000	     -0.00000000	     -0.00000000	      0.00000000	      0.00000000	     -0.00862004	     -0.00000000	     -0.31462767	     -0.59174419	     -0.52460283	     -0.41912890	     -0.23785624	     -0.11934105	     -0.11221763	     -0.12380644	     -0.11191710	      0.60110422	      0.64413828	     -0.00000000	     -0.00000000	     -0.05490537	      0.85493429	      0.49294740	      0.27329607	     -0.82165388	     -0.79397222	     -0.00000000	      0.08194337	     -0.00000000	     -0.00000000	     -0.00000000	     -0.00000000	     -0.00000000
      3.44500000	      0.00000000	      0.00000000	      0.00000000	      0.00000000	      0.00000000	      0.00000000	      0.00000000	      0.00000000	      0.00000000	      0.00000000	      0.00000000	      0.00000000	      0.00000000	      0.00000000	      0.00000000	      0.00000000	      0.00000000	      0.00000000	      0.00000000	      0.00000000	      0.00000000	      0.00000000	      0.00000000	      0.00000000	      0.00000000	      0.00000000	      0.00000000	      0.00000000	      0.00000000	      0.00000000	      0.00000000	      0.00000000	      0.00000000	      0.00000000	      0.00000000	      0.00000000	      0.00000000	      0.00000000	      0.00000000	      0.00000000	      0.43327069	      1.20487953	      0.00925806	     -0.13369414	      0.09946341	      0.11606555	     -0.46263138	      0.00000000	      0.00000000	      0.00000000	      0.00000000	     -0.00000000	     -0.00873818	      0.00000000	     -0.31548451	     -0.59416679	     -0.52627461	     -0.42025768	     -0.23838736	     -0.11942304	     -0.11239792	     -0.12405676	     -0.11218587	      0.60395792	      0.64542311	      0.00000000	      0.00000000	     -0.05500282	      0.85527797	      0.49140168	      0.27325972	     -0.82260661	     -0.79215607	      0.00000000	      0.08139587	      0.00000000	     -0.00000000	      0.00000000	     -0.00000000	     -0.00000000
      3.45000000	      0.00000000	      0.00000000	      0.00000000	      0.00000000	      0.00000000	      0.00000000	      0.00000000	      0.00000000	      0.00000000	      0.00000000	      0.00000000	      0.00000000	      0.00000000	      0.00000000	      0.00000000	      0.00000000	      0.00000000	      0.00000000	      0.00000000	      0.00000000	      0.00000000	      0.00000000	      0.00000000	      0.00000000	      0.00000000	      0.00000000	      0.00000000	      0.00000000	      0.00000000	      0.00000000	      0.00000000	      0.00000000	      0.00000000	      0.00000000	      0.00000000	      0.00000000	      0.00000000	      0.00000000	      0.00000000	      0.00000000	      0.43332362	      1.20548328	      0.00987078	     -0.13351034	      0.10006864	      0.11627212	     -0.46323732	     -0.00000000	     -0.00000000	     -0.00000000	     -0.00000000	      0.00000000	     -0.00885429	      0.00000000	     -0.31643184	     -0.59683688	     -0.52833944	     -0.42122531	     -0.23885889	     -0.11950139	     -0.11253322	     -0.12425412	     -0.11240283	      0.60667830	      0.64658845	     -0.00000000	     -0.00000000	     -0.05508070	      0.85556398	      0.49084733	      0.27320262	     -0.82351604	     -0.79046653	      0.00000000	      0.08083097	      0.00000000	      0.00000000	     -0.00000000	      0.00000000	      0.00000000
      3.45500000	      0.00000000	      0.00000000	      0.00000000	      0.00000000	      0.00000000	      0.00000000	      0.00000000	      0.00000000	      0.00000000	      0.00000000	      0.00000000	      0.00000000	      0.00000000	      0.00000000	      0.00000000	      0.00000000	      0.00000000	      0.00000000	      0.00000000	      0.00000000	      0.00000000	      0.00000000	      0.00000000	      0.00000000	      0.00000000	      0.00000000	      0.00000000	      0.00000000	      0.00000000	      0.00000000	      0.00000000	      0.00000000	      0.00000000	      0.00000000	      0.00000000	      0.00000000	      0.00000000	      0.00000000	      0.00000000	      0.00000000	      0.43339874	      1.20606101	      0.01046329	     -0.13342468	      0.10069156	      0.11650615	     -0.46391230	      0.00000000	     -0.00000000	     -0.00000000	     -0.00000000	      0.00000000	     -0.00896742	     -0.00000000	     -0.31746318	     -0.59973968	     -0.53078927	     -0.42202403	     -0.23926449	     -0.11957241	     -0.11262211	     -0.12439603	     -0.11256449	      0.60925765	      0.64762983	      0.00000000	     -0.00000000	     -0.05513598	      0.85579461	      0.49130868	      0.27312430	     -0.82437373	     -0.78890407	     -0.00000000	      0.08025145	     -0.00000000	     -0.00000000	     -0.00000000	      0.00000000	     -0.00000000
      3.46000000	      0.00000000	      0.00000000	      0.00000000	      0.00000000	      0.00000000	      0.00000000	      0.00000000	      0.00000000	      0.00000000	      0.00000000	      0.00000000	      0.00000000	      0.00000000	      0.00000000	      0.00000000	      0.00000000	      0.00000000	      0.00000000	      0.00000000	      0.00000000	      0.00000000	      0.00000000	      0.00000000	      0.00000000	      0.00000000	      0.00000000	      0.00000000	      0.00000000	      0.00000000	      0.00000000	      0.00000000	      0.00000000	      0.00000000	      0.00000000	      0.00000000	      0.00000000	      0.00000000	      0.00000000	      0.00000000	      0.00000000	      0.43350132	      1.20662735	      0.01103346	     -0.13343504	      0.10132915	      0.11676613	     -0.46464306	      0.00000000	     -0.00000000	     -0.00000000	     -0.00000000	      0.00000000	     -0.00913967	     -0.00000000	     -0.31856959	     -0.60285271	     -0.53360327	     -0.42265198	     -0.23960064	     -0.11963319	     -0.11266483	     -0.12448202	     -0.11266953	      0.61168937	      0.64854494	      0.00000000	     -0.00000000	     -0.05516667	      0.85597280	      0.49278207	      0.27302504	     -0.82517400	     -0.78746865	     -0.00000000	      0.07966097	     -0.00000000	      0.00000000	      0.00000000	      0.00000000	      0.00000000
      3.46500000	      0.00000000	      0.00000000	      0.00000000	      0.00000000	      0.00000000	      0.00000000	      0.00000000	      0.00000000	      0.00000000	      0.00000000	      0.00000000	      0.00000000	      0.00000000	      0.00000000	      0.00000000	      0.00000000	      0.00000000	      0.00000000	      0.00000000	      0.00000000	      0.00000000	      0.00000000	      0.00000000	      0.00000000	      0.00000000	      0.00000000	      0.00000000	      0.00000000	      0.00000000	      0.00000000	      0.00000000	      0.00000000	      0.00000000	      0.00000000	      0.00000000	      0.00000000	      0.00000000	      0.00000000	      0.00000000	      0.00000000	      0.43363467	      1.20719355	      0.01157917	     -0.13353665	      0.10197708	      0.11704933	     -0.46541572	      0.00000000	     -0.00000000	     -0.00000000	     -0.00000000	      0.00000000	     -0.00924419	     -0.00000000	     -0.31974000	     -0.60614655	     -0.53674839	     -0.42311324	     -0.23986680	     -0.11968187	     -0.11266322	     -0.12451368	     -0.11271894	      0.61396818	      0.64933380	      0.00000000	     -0.00000000	     -0.05517198	      0.85610207	      0.49523447	      0.27290593	     -0.82591426	     -0.78615964	     -0.00000000	      0.07906402	     -0.00000000	     -0.00000000	      0.00000000	      0.00000000	      0.00000000
      3.47000000	      0.00000000	      0.00000000	      0.00000000	      0.00000000	      0.00000000	      0.00000000	      0.00000000	      0.00000000	      0.00000000	      0.00000000	      0.00000000	      0.00000000	      0.00000000	      0.00000000	      0.00000000	      0.00000000	      0.00000000	      0.00000000	      0.00000000	      0.00000000	      0.00000000	      0.00000000	      0.00000000	      0.00000000	      0.00000000	      0.00000000	      0.00000000	      0.00000000	      0.00000000	      0.00000000	      0.00000000	      0.00000000	      0.00000000	      0.00000000	      0.00000000	      0.00000000	      0.00000000	      0.00000000	      0.00000000	      0.00000000	      0.43379993	      1.20776705	      0.01209827	     -0.13372221	      0.10262990	      0.11735188	     -0.46621630	     -0.00000000	      0.00000000	     -0.00000000	     -0.00000000	      0.00000000	     -0.00934314	     -0.00000000	     -0.32096132	     -0.60958520	     -0.54017983	     -0.42341736	     -0.24006535	     -0.11971764	     -0.11262064	     -0.12449452	     -0.11271586	      0.61609025	      0.64999879	     -0.00000000	     -0.00000000	     -0.05515242	      0.85618649	      0.49860227	      0.27276884	     -0.82659471	     -0.78497579	      0.00000000	      0.07846579	      0.00000000	      0.00000000	     -0.00000000	     -0.00000000	     -0.00000000
      3.47500000	      0.00000000	      0.00000000	      0.00000000	      0.00000000	      0.00000000	      0.00000000	      0.00000000	      0.00000000	      0.00000000	      0.00000000	      0.00000000	      0.00000000	      0.00000000	      0.00000000	      0.00000000	      0.00000000	      0.00000000	      0.00000000	      0.00000000	      0.00000000	      0.00000000	      0.00000000	      0.00000000	      0.00000000	      0.00000000	      0.00000000	      0.00000000	      0.00000000	      0.00000000	      0.00000000	      0.00000000	      0.00000000	      0.00000000	      0.00000000	      0.00000000	      0.00000000	      0.00000000	      0.00000000	      0.00000000	      0.00000000	      0.43399603	      1.20835119	      0.01258874	     -0.13398198	      0.10328111	      0.11766891	     -0.46703107	     -0.00000000	      0.00000000	      0.00000000	     -0.00000000	      0.00000000	     -0.00943588	     -0.00000000	     -0.32221866	     -0.61312660	     -0.54384172	     -0.42357883	     -0.24020138	     -0.11974081	     -0.11254184	     -0.12442989	     -0.11266548	      0.61805334	      0.65054479	     -0.00000000	     -0.00000000	     -0.05510976	      0.85623059	      0.50279066	      0.27261638	     -0.82721786	     -0.78391511	      0.00000000	      0.07787207	      0.00000000	     -0.00000000	      0.00000000	     -0.00000000	     -0.00000000
      3.48000000	      0.00000000	      0.00000000	      0.00000000	      0.00000000	      0.00000000	      0.00000000	      0.00000000	      0.00000000	      0.00000000	      0.00000000	      0.00000000	      0.00000000	      0.00000000	      0.00000000	      0.00000000	      0.00000000	      0.00000000	      0.00000000	      0.00000000	      0.00000000	      0.00000000	      0.00000000	      0.00000000	      0.00000000	      0.00000000	      0.00000000	      0.00000000	      0.00000000	      0.00000000	      0.00000000	      0.00000000	      0.00000000	      0.00000000	      0.00000000	      0.00000000	      0.00000000	      0.00000000	      0.00000000	      0.00000000	      0.00000000	      0.43421967	      1.20894520	      0.01304873	     -0.13430399	      0.10392347	      0.11799471	     -0.46784669	     -0.00000000	      0.00000000	      0.00000000	     -0.00000000	     -0.00000000	     -0.00953723	     -0.00000000	     -0.32349536	     -0.61672303	     -0.54766810	     -0.42361636	     -0.24028234	     -0.11975266	     -0.11243273	     -0.12432668	     -0.11257483	      0.61985693	      0.65097918	     -0.00000000	     -0.00000000	     -0.05504702	      0.85623936	      0.50767377	      0.27245186	     -0.82778774	     -0.78297469	     -0.00000000	      0.07728913	      0.00000000	     -0.00000000	     -0.00000000	     -0.00000000	      0.00000000
      3.48500000	      0.00000000	      0.00000000	      0.00000000	      0.00000000	      0.00000000	      0.00000000	      0.00000000	      0.00000000	      0.00000000	      0.00000000	      0.00000000	      0.00000000	      0.00000000	      0.00000000	      0.00000000	      0.00000000	      0.00000000	      0.00000000	      0.00000000	      0.00000000	      0.00000000	      0.00000000	      0.00000000	      0.00000000	      0.00000000	      0.00000000	      0.00000000	      0.00000000	      0.00000000	      0.00000000	      0.00000000	      0.00000000	      0.00000000	      0.00000000	      0.00000000	      0.00000000	      0.00000000	      0.00000000	      0.00000000	      0.00000000	      0.43446554	      1.20954456	      0.01347662	     -0.13467423	      0.10454919	      0.11832300	     -0.46865000	     -0.00000000	     -0.00000000	     -0.00000000	     -0.00000000	     -0.00000000	     -0.00961623	     -0.00000000	     -0.32477292	     -0.62032125	     -0.55158391	     -0.42355173	     -0.24031736	     -0.11975517	     -0.11230014	     -0.12419300	     -0.11245227	      0.62150230	      0.65131195	     -0.00000000	      0.00000000	     -0.05496817	      0.85621835	      0.51309638	      0.27227926	     -0.82830862	     -0.78215056	     -0.00000000	      0.07672357	     -0.00000000	     -0.00000000	      0.00000000	     -0.00000000	     -0.00000000
      3.49000000	      0.00000000	      0.00000000	      0.00000000	      0.00000000	      0.00000000	      0.00000000	      0.00000000	      0.00000000	      0.00000000	      0.00000000	      0.00000000	      0.00000000	      0.00000000	      0.00000000	      0.00000000	      0.00000000	      0.00000000	      0.00000000	      0.00000000	      0.00000000	      0.00000000	      0.00000000	      0.00000000	      0.00000000	      0.00000000	      0.00000000	      0.00000000	      0.00000000	      0.00000000	      0.00000000	      0.00000000	      0.00000000	      0.00000000	      0.00000000	      0.00000000	      0.00000000	      0.00000000	      0.00000000	      0.00000000	      0.00000000	      0.43472670	      1.21014199	      0.01387118	     -0.13507692	      0.10515033	      0.11864721	     -0.46942760	     -0.00000000	      0.00000000	     -0.00000000	      0.00000000	      0.00000000	     -0.00969013	     -0.00000000	     -0.32603071	     -0.62386227	     -0.55550621	     -0.42340820	     -0.24031620	     -0.11975057	     -0.11215140	     -0.12403766	     -0.11230690	      0.62299272	      0.65155584	     -0.00000000	      0.00000000	     -0.05487781	      0.85617376	      0.51887750	      0.27210311	     -0.82878352	     -0.78143730	     -0.00000000	      0.07618214	      0.00000000	     -0.00000000	     -0.00000000	     -0.00000000	     -0.00000000
      3.49500000	      0.00000000	      0.00000000	      0.00000000	      0.00000000	      0.00000000	      0.00000000	      0.00000000	      0.00000000	      0.00000000	      0.00000000	      0.00000000	      0.00000000	      0.00000000	      0.00000000	      0.00000000	      0.00000000	      0.00000000	      0.00000000	      0.00000000	      0.00000000	      0.00000000	      0.00000000	      0.00000000	      0.00000000	      0.00000000	      0.00000000	      0.00000000	      0.00000000	      0.00000000	      0.00000000	      0.00000000	      0.00000000	      0.00000000	      0.00000000	      0.00000000	      0.00000000	      0.00000000	      0.00000000	      0.00000000	      0.00000000	      0.43499510	      1.21072858	      0.01423166	     -0.13549488	      0.10571917	      0.11896085	     -0.47016550	      0.00000000	      0.00000000	      0.00000000	      0.00000000	     -0.00000000	     -0.00975505	      0.00000000	     -0.32724585	     -0.62728171	     -0.55934599	     -0.42320896	     -0.24028829	     -0.11974083	     -0.11199395	     -0.12386961	     -0.11214786	      0.62433369	      0.65172625	      0.00000000	      0.00000000	     -0.05478070	      0.85611262	      0.52481589	      0.27192839	     -0.82921295	     -0.78082788	     -0.00000000	      0.07567150	      0.00000000	      0.00000000	      0.00000000	      0.00000000	     -0.00000000
      3.50000000	      0.00000000	      0.00000000	      0.00000000	      0.00000000	      0.00000000	      0.00000000	      0.00000000	      0.00000000	      0.00000000	      0.00000000	      0.00000000	      0.00000000	      0.00000000	      0.00000000	      0.00000000	      0.00000000	      0.00000000	      0.00000000	      0.00000000	      0.00000000	      0.00000000	      0.00000000	      0.00000000	      0.00000000	      0.00000000	      0.00000000	      0.00000000	      0.00000000	      0.00000000	      0.00000000	      0.00000000	      0.00000000	      0.00000000	      0.00000000	      0.00000000	      0.00000000	      0.00000000	      0.00000000	      0.00000000	      0.00000000	      0.43526200	      1.21129476	      0.01455792	     -0.13590995	      0.10624855	      0.11925778	     -0.47084906	      0.00000000	     -0.00000000	      0.00000000	      0.00000000	     -0.00000000	     -0.00981871	      0.00000000	     -0.32839363	     -0.63051128	     -0.56301078	     -0.42297607	     -0.24024215	     -0.11972749	     -0.11183504	     -0.12369755	     -0.11198389	      0.62553309	      0.65184111	      0.00000000	      0.00000000	     -0.05468155	      0.85604274	      0.53069713	      0.27176037	     -0.82959452	     -0.78031344	     -0.00000000	      0.07519801	      0.00000000	     -0.00000000	      0.00000000	      0.00000000	      0.00000000
      3.50500000	      0.00000000	      0.00000000	      0.00000000	      0.00000000	      0.00000000	      0.00000000	      0.00000000	      0.00000000	      0.00000000	      0.00000000	      0.00000000	      0.00000000	      0.00000000	      0.00000000	      0.00000000	      0.00000000	      0.00000000	      0.00000000	      0.00000000	      0.00000000	      0.00000000	      0.00000000	      0.00000000	      0.00000000	      0.00000000	      0.00000000	      0.00000000	      0.00000000	      0.00000000	      0.00000000	      0.00000000	      0.00000000	      0.00000000	      0.00000000	      0.00000000	      0.00000000	      0.00000000	      0.00000000	      0.00000000	      0.00000000	      0.43551842	      1.21183091	      0.01485051	     -0.13630347	      0.10673220	      0.11953241	     -0.47146327	      0.00000000	     -0.00000000	     -0.00000000	     -0.00000000	     -0.00000000	     -0.00987097	     -0.00000000	     -0.32944854	     -0.63348139	     -0.56640789	     -0.42272995	     -0.24018526	     -0.11971162	     -0.11168155	     -0.12352974	     -0.11182316	      0.62660131	      0.65192032	      0.00000000	     -0.00000000	     -0.05458484	      0.85597251	      0.53630190	      0.27160438	     -0.82992309	     -0.77988327	      0.00000000	      0.07476739	     -0.00000000	     -0.00000000	     -0.00000000	      0.00000000	     -0.00000000
      3.51000000	      0.00000000	      0.00000000	      0.00000000	      0.00000000	      0.00000000	      0.00000000	      0.00000000	      0.00000000	      0.00000000	      0.00000000	      0.00000000	      0.00000000	      0.00000000	      0.00000000	      0.00000000	      0.00000000	      0.00000000	      0.00000000	      0.00000000	      0.00000000	      0.00000000	      0.00000000	      0.00000000	      0.00000000	      0.00000000	      0.00000000	      0.00000000	      0.00000000	      0.00000000	      0.00000000	      0.00000000	      0.00000000	      0.00000000	      0.00000000	      0.00000000	      0.00000000	      0.00000000	      0.00000000	      0.00000000	      0.00000000	      0.43575532	      1.21232766	      0.01511076	     -0.13665685	      0.10716490	      0.11977983	     -0.47199299	     -0.00000000	      0.00000000	     -0.00000000	     -0.00000000	     -0.00000000	     -0.00991800	     -0.00000000	     -0.33038540	     -0.63612427	     -0.56944791	     -0.42248934	     -0.24012424	     -0.11969403	     -0.11153983	     -0.12337387	     -0.11167320	      0.62755123	      0.65198523	     -0.00000000	     -0.00000000	     -0.05449491	      0.85591067	      0.54141497	      0.27146569	     -0.83019130	     -0.77952491	      0.00000000	      0.07438463	      0.00000000	     -0.00000000	     -0.00000000	     -0.00000000	     -0.00000000
      3.51500000	      0.00000000	      0.00000000	      0.00000000	      0.00000000	      0.00000000	      0.00000000	      0.00000000	      0.00000000	      0.00000000	      0.00000000	      0.00000000	      0.00000000	      0.00000000	      0.00000000	      0.00000000	      0.00000000	      0.00000000	      0.00000000	      0.00000000	      0.00000000	      0.00000000	      0.00000000	      0.00000000	      0.00000000	      0.00000000	      0.00000000	      0.00000000	      0.00000000	      0.00000000	      0.00000000	      0.00000000	      0.00000000	      0.00000000	      0.00000000	      0.00000000	      0.00000000	      0.00000000	      0.00000000	      0.00000000	      0.00000000	      0.43596391	      1.21277610	      0.01534079	     -0.13695202	      0.10754268	      0.11999590	     -0.47242331	     -0.00000000	      0.00000000	     -0.00000000	      0.00000000	     -0.00000000	     -0.00997385	     -0.00000000	     -0.33118061	     -0.63837694	     -0.57204784	     -0.42227116	     -0.24006510	     -0.11967549	     -0.11141567	     -0.12323701	     -0.11154098	      0.62839802	      0.65205790	     -0.00000000	     -0.00000000	     -0.05441595	      0.85586592	      0.54583393	      0.27134926	     -0.83038997	     -0.77922427	     -0.00000000	      0.07405373	      0.00000000	     -0.00000000	     -0.00000000	      0.00000000	     -0.00000000
      3.52000000	      0.00000000	      0.00000000	      0.00000000	      0.00000000	      0.00000000	      0.00000000	      0.00000000	      0.00000000	      0.00000000	      0.00000000	      0.00000000	      0.00000000	      0.00000000	      0.00000000	      0.00000000	      0.00000000	      0.00000000	      0.00000000	      0.00000000	      0.00000000	      0.00000000	      0.00000000	      0.00000000	      0.00000000	      0.00000000	      0.00000000	      0.00000000	      0.00000000	      0.00000000	      0.00000000	      0.00000000	      0.00000000	      0.00000000	      0.00000000	      0.00000000	      0.00000000	      0.00000000	      0.00000000	      0.00000000	      0.00000000	      0.43613587	      1.21316808	      0.01554350	     -0.13717199	      0.10786298	      0.12017738	     -0.47273971	     -0.00000000	      0.00000000	     -0.00000000	     -0.00000000	     -0.00000000	     -0.01001344	      0.00000000	     -0.33181300	     -0.64018349	     -0.57413392	     -0.42209025	     -0.24001317	     -0.11965677	     -0.11131413	     -0.12312542	     -0.11143274	      0.62915897	      0.65216057	     -0.00000000	      0.00000000	     -0.05435195	      0.85584678	      0.54937727	      0.27125961	     -0.83050829	     -0.77896577	     -0.00000000	      0.07377763	     -0.00000000	     -0.00000000	     -0.00000000	      0.00000000	      0.00000000
      3.52500000	      0.00000000	      0.00000000	      0.00000000	      0.00000000	      0.00000000	      0.00000000	      0.00000000	      0.00000000	      0.00000000	      0.00000000	      0.00000000	      0.00000000	      0.00000000	      0.00000000	      0.00000000	      0.00000000	      0.00000000	      0.00000000	      0.00000000	      0.00000000	      0.00000000	      0.00000000	      0.00000000	      0.00000000	      0.00000000	      0.00000000	      0.00000000	      0.00000000	      0.00000000	      0.00000000	      0.00000000	      0.00000000	      0.00000000	      0.00000000	      0.00000000	      0.00000000	      0.00000000	      0.00000000	      0.00000000	      0.00000000	      0.43626373	      1.21349681	      0.01572251	     -0.13730131	      0.10812475	      0.12032210	     -0.47292839	      0.00000000	     -0.00000000	     -0.00000000	      0.00000000	     -0.00000000	     -0.01003141	      0.00000000	     -0.33226447	     -0.64149680	     -0.57564390	     -0.42195874	     -0.23997291	     -0.11963862	     -0.11123935	     -0.12304434	     -0.11135375	      0.62985316	      0.65231505	     -0.00000000	      0.00000000	     -0.05430657	      0.85586134	      0.55189152	      0.27120063	     -0.83053389	     -0.77873258	      0.00000000	      0.07355808	     -0.00000000	      0.00000000	     -0.00000000	     -0.00000000	     -0.00000000
      3.53000000	      0.00000000	      0.00000000	      0.00000000	      0.00000000	      0.00000000	      0.00000000	      0.00000000	      0.00000000	      0.00000000	      0.00000000	      0.00000000	      0.00000000	      0.00000000	      0.00000000	      0.00000000	      0.00000000	      0.00000000	      0.00000000	      0.00000000	      0.00000000	      0.00000000	      0.00000000	      0.00000000	      0.00000000	      0.00000000	      0.00000000	      0.00000000	      0.00000000	      0.00000000	      0.00000000	      0.00000000	      0.00000000	      0.00000000	      0.00000000	      0.00000000	      0.00000000	      0.00000000	      0.00000000	      0.00000000	      0.00000000	      0.43634128	      1.21375742	      0.01588216	     -0.13732669	      0.10832862	      0.12042903	     -0.47297678	     -0.00000000	     -0.00000000	     -0.00000000	     -0.00000000	     -0.00000000	     -0.01008584	     -0.00000000	     -0.33252067	     -0.64228044	     -0.57652971	     -0.42188558	     -0.23994759	     -0.11962161	     -0.11119439	     -0.12299774	     -0.11130808	      0.63050115	      0.65254211	      0.00000000	      0.00000000	     -0.05428293	      0.85591709	      0.55325752	      0.27117546	     -0.83045326	     -0.77850685	     -0.00000000	      0.07339550	     -0.00000000	      0.00000000	     -0.00000000	      0.00000000	     -0.00000000
      3.53500000	      0.00000000	      0.00000000	      0.00000000	      0.00000000	      0.00000000	      0.00000000	      0.00000000	      0.00000000	      0.00000000	      0.00000000	      0.00000000	      0.00000000	      0.00000000	      0.00000000	      0.00000000	      0.00000000	      0.00000000	      0.00000000	      0.00000000	      0.00000000	      0.00000000	      0.00000000	      0.00000000	      0.00000000	      0.00000000	      0.00000000	      0.00000000	      0.00000000	      0.00000000	      0.00000000	      0.00000000	      0.00000000	      0.00000000	      0.00000000	      0.00000000	      0.00000000	      0.00000000	      0.00000000	      0.00000000	      0.00000000	      0.43636387	      1.21394748	      0.01602735	     -0.13723758	      0.10847697	      0.12049844	     -0.47287432	     -0.00000000	      0.00000000	      0.00000000	      0.00000000	      0.00000000	     -0.01012358	     -0.00000000	     -0.33257171	     -0.64251062	     -0.57675980	     -0.42187632	     -0.23993915	     -0.11960601	     -0.11118107	     -0.12298816	     -0.11129832	      0.63112451	      0.65286073	     -0.00000000	      0.00000000	     -0.05428337	      0.85602064	      0.55339548	      0.27118629	     -0.83025258	     -0.77827018	      0.00000000	      0.07328884	      0.00000000	      0.00000000	      0.00000000	      0.00000000	      0.00000000
