[2025-12-17 07:06:29.985] [info] Loaded model Athlete_03 from file ..\..\..\..\models\Athlete_03_MRI_Katya\25_03_31\scaled.osim
[2025-12-17 07:10:05.728] [info] Loaded model Athlete_03 from file ..\..\..\..\models\Athlete_03_MRI_Katya\25_03_31\scaled_increased_3.00.osim
[2025-12-17 07:10:06.479] [info] Loaded model Athlete_03 from file ..\..\..\..\models\Athlete_03_MRI_Katya\25_03_31\scaled_increased_3.00.osim
[2025-12-17 07:10:07.393] [info] Loaded model Athlete_03 from file ..\..\..\..\models\Athlete_03_MRI_Katya\25_03_31\scaled_increased_3.00.osim
[2025-12-17 07:10:07.799] [cout] [info] 
               MODEL: Athlete_03
         coordinates: 39
              forces: 97
           actuators: 97
             muscles: 80
            analyses: 0
              probes: 0
              bodies: 22
              joints: 22
         constraints: 2
             markers: 39
         controllers: 0
  contact geometries: 0
misc modelcomponents: 0
[2025-12-17 07:10:07.800] [info] Running tool .
[2025-12-17 07:10:09.157] [info] Frame 1 (t = 0.00500000):	 total squared error = 0.000284103, marker error: RMS = 0.00337107, max = 0.00588462 (STRN)
[2025-12-17 07:10:09.286] [info] Frame 2 (t = 0.01):	 total squared error = 0.000283932, marker error: RMS = 0.00337005, max = 0.00587427 (STRN)
[2025-12-17 07:10:09.452] [info] Frame 3 (t = 0.015):	 total squared error = 0.000282901, marker error: RMS = 0.00336393, max = 0.00585808 (STRN)
[2025-12-17 07:10:09.567] [info] Frame 4 (t = 0.02):	 total squared error = 0.000281855, marker error: RMS = 0.00335771, max = 0.00584518 (STRN)
[2025-12-17 07:10:09.738] [info] Frame 5 (t = 0.025):	 total squared error = 0.000281163, marker error: RMS = 0.00335358, max = 0.00583008 (STRN)
[2025-12-17 07:10:09.850] [info] Frame 6 (t = 0.03):	 total squared error = 0.000279735, marker error: RMS = 0.00334505, max = 0.00578967 (STRN)
[2025-12-17 07:10:09.955] [info] Frame 7 (t = 0.035):	 total squared error = 0.000279491, marker error: RMS = 0.00334360, max = 0.00571026 (STRN)
[2025-12-17 07:10:10.105] [info] Frame 8 (t = 0.04):	 total squared error = 0.000278489, marker error: RMS = 0.00333760, max = 0.00576018 (STRN)
[2025-12-17 07:10:10.229] [info] Frame 9 (t = 0.045):	 total squared error = 0.000277965, marker error: RMS = 0.00333446, max = 0.00573083 (STRN)
[2025-12-17 07:10:10.319] [info] Frame 10 (t = 0.05):	 total squared error = 0.000277771, marker error: RMS = 0.00333329, max = 0.00567273 (STRN)
[2025-12-17 07:10:10.457] [info] Frame 11 (t = 0.055):	 total squared error = 0.000275805, marker error: RMS = 0.00332147, max = 0.00568031 (STRN)
[2025-12-17 07:10:10.587] [info] Frame 12 (t = 0.06):	 total squared error = 0.000275270, marker error: RMS = 0.00331825, max = 0.00562510 (STRN)
[2025-12-17 07:10:10.711] [info] Frame 13 (t = 0.065):	 total squared error = 0.000275257, marker error: RMS = 0.00331817, max = 0.00559158 (STRN)
[2025-12-17 07:10:10.860] [info] Frame 14 (t = 0.07):	 total squared error = 0.000273495, marker error: RMS = 0.00330754, max = 0.00557407 (STRN)
[2025-12-17 07:10:10.981] [info] Frame 15 (t = 0.075):	 total squared error = 0.000272627, marker error: RMS = 0.00330228, max = 0.00553927 (STRN)
[2025-12-17 07:10:11.118] [info] Frame 16 (t = 0.08):	 total squared error = 0.000272162, marker error: RMS = 0.00329947, max = 0.00552331 (STRN)
[2025-12-17 07:10:11.279] [info] Frame 17 (t = 0.085):	 total squared error = 0.000272763, marker error: RMS = 0.00330311, max = 0.00546258 (STRN)
[2025-12-17 07:10:11.463] [info] Frame 18 (t = 0.09):	 total squared error = 0.000271102, marker error: RMS = 0.00329303, max = 0.00545331 (STRN)
[2025-12-17 07:10:11.663] [info] Frame 19 (t = 0.095):	 total squared error = 0.000270042, marker error: RMS = 0.00328659, max = 0.00543657 (STRN)
[2025-12-17 07:10:11.790] [info] Frame 20 (t = 0.1):	 total squared error = 0.000275205, marker error: RMS = 0.00331786, max = 0.00553971 (STRN)
[2025-12-17 07:10:11.940] [info] Frame 21 (t = 0.105000):	 total squared error = 0.000268567, marker error: RMS = 0.00327761, max = 0.00546899 (SACR3)
[2025-12-17 07:10:12.081] [info] Frame 22 (t = 0.11):	 total squared error = 0.000268797, marker error: RMS = 0.00327900, max = 0.00542115 (SACR3)
[2025-12-17 07:10:12.203] [info] Frame 23 (t = 0.115):	 total squared error = 0.000268211, marker error: RMS = 0.00327543, max = 0.00542482 (SACR3)
[2025-12-17 07:10:12.299] [info] Frame 24 (t = 0.12):	 total squared error = 0.000273117, marker error: RMS = 0.00330525, max = 0.00551148 (SACR3)
[2025-12-17 07:10:12.468] [info] Frame 25 (t = 0.125):	 total squared error = 0.000267131, marker error: RMS = 0.00326883, max = 0.00542967 (SACR3)
[2025-12-17 07:10:12.590] [info] Frame 26 (t = 0.13):	 total squared error = 0.000266494, marker error: RMS = 0.00326493, max = 0.00542139 (SACR3)
[2025-12-17 07:10:12.769] [info] Frame 27 (t = 0.135):	 total squared error = 0.000266483, marker error: RMS = 0.00326486, max = 0.00543511 (SACR3)
[2025-12-17 07:10:12.970] [info] Frame 28 (t = 0.14):	 total squared error = 0.000265651, marker error: RMS = 0.00325976, max = 0.00541207 (SACR3)
[2025-12-17 07:10:13.120] [info] Frame 29 (t = 0.145):	 total squared error = 0.000265360, marker error: RMS = 0.00325798, max = 0.00542536 (SACR3)
[2025-12-17 07:10:13.342] [info] Frame 30 (t = 0.15):	 total squared error = 0.000264321, marker error: RMS = 0.00325159, max = 0.00541119 (SACR3)
[2025-12-17 07:10:13.527] [info] Frame 31 (t = 0.155):	 total squared error = 0.000264097, marker error: RMS = 0.00325021, max = 0.00541113 (SACR3)
[2025-12-17 07:10:13.722] [info] Frame 32 (t = 0.16):	 total squared error = 0.000262789, marker error: RMS = 0.00324215, max = 0.00540179 (SACR3)
[2025-12-17 07:10:13.896] [info] Frame 33 (t = 0.165):	 total squared error = 0.000262384, marker error: RMS = 0.00323965, max = 0.00539883 (SACR3)
[2025-12-17 07:10:13.981] [info] Frame 34 (t = 0.17):	 total squared error = 0.000261973, marker error: RMS = 0.00323711, max = 0.00540871 (SACR3)
[2025-12-17 07:10:14.105] [info] Frame 35 (t = 0.175):	 total squared error = 0.000261290, marker error: RMS = 0.00323290, max = 0.00535787 (SACR3)
[2025-12-17 07:10:14.263] [info] Frame 36 (t = 0.18):	 total squared error = 0.000259523, marker error: RMS = 0.00322194, max = 0.00540136 (SACR3)
[2025-12-17 07:10:14.382] [info] Frame 37 (t = 0.185):	 total squared error = 0.000258667, marker error: RMS = 0.00321663, max = 0.00537209 (SACR3)
[2025-12-17 07:10:14.488] [info] Frame 38 (t = 0.19):	 total squared error = 0.000257844, marker error: RMS = 0.00321150, max = 0.00537274 (SACR3)
[2025-12-17 07:10:14.693] [info] Frame 39 (t = 0.195):	 total squared error = 0.000255865, marker error: RMS = 0.00319915, max = 0.00536840 (SACR3)
[2025-12-17 07:10:14.808] [info] Frame 40 (t = 0.2):	 total squared error = 0.000257553, marker error: RMS = 0.00320969, max = 0.00549305 (SACR3)
[2025-12-17 07:10:14.941] [info] Frame 41 (t = 0.205000):	 total squared error = 0.000254048, marker error: RMS = 0.00318778, max = 0.00533129 (SACR3)
[2025-12-17 07:10:15.065] [info] Frame 42 (t = 0.21):	 total squared error = 0.000252240, marker error: RMS = 0.00317641, max = 0.00533873 (SACR3)
[2025-12-17 07:10:15.217] [info] Frame 43 (t = 0.215):	 total squared error = 0.000250403, marker error: RMS = 0.00316483, max = 0.00529862 (SACR3)
[2025-12-17 07:10:15.397] [info] Frame 44 (t = 0.22):	 total squared error = 0.000249544, marker error: RMS = 0.00315939, max = 0.00530751 (SACR3)
[2025-12-17 07:10:15.518] [info] Frame 45 (t = 0.225):	 total squared error = 0.000247639, marker error: RMS = 0.00314731, max = 0.00531801 (SACR3)
[2025-12-17 07:10:15.689] [info] Frame 46 (t = 0.23):	 total squared error = 0.000245677, marker error: RMS = 0.00313482, max = 0.00529065 (SACR3)
[2025-12-17 07:10:15.824] [info] Frame 47 (t = 0.235):	 total squared error = 0.000244983, marker error: RMS = 0.00313038, max = 0.00530233 (SACR3)
[2025-12-17 07:10:15.922] [info] Frame 48 (t = 0.24):	 total squared error = 0.000243689, marker error: RMS = 0.00312211, max = 0.00529823 (SACR3)
[2025-12-17 07:10:16.047] [info] Frame 49 (t = 0.245):	 total squared error = 0.000241762, marker error: RMS = 0.00310974, max = 0.00528100 (SACR3)
[2025-12-17 07:10:16.156] [info] Frame 50 (t = 0.25):	 total squared error = 0.000240584, marker error: RMS = 0.00310216, max = 0.00529284 (SACR3)
[2025-12-17 07:10:16.269] [info] Frame 51 (t = 0.255):	 total squared error = 0.000239575, marker error: RMS = 0.00309564, max = 0.00530590 (SACR3)
[2025-12-17 07:10:16.381] [info] Frame 52 (t = 0.26):	 total squared error = 0.000238233, marker error: RMS = 0.00308696, max = 0.00531079 (SACR3)
[2025-12-17 07:10:16.477] [info] Frame 53 (t = 0.265):	 total squared error = 0.000237457, marker error: RMS = 0.00308193, max = 0.00535201 (SACR3)
[2025-12-17 07:10:16.627] [info] Frame 54 (t = 0.27):	 total squared error = 0.000235652, marker error: RMS = 0.00307019, max = 0.00534732 (SACR3)
[2025-12-17 07:10:16.712] [info] Frame 55 (t = 0.275):	 total squared error = 0.000234063, marker error: RMS = 0.00305982, max = 0.00536827 (SACR3)
[2025-12-17 07:10:16.838] [info] Frame 56 (t = 0.28):	 total squared error = 0.000233496, marker error: RMS = 0.00305611, max = 0.00544470 (SACR3)
[2025-12-17 07:10:16.931] [info] Frame 57 (t = 0.285):	 total squared error = 0.000231718, marker error: RMS = 0.00304446, max = 0.00540481 (SACR3)
[2025-12-17 07:10:17.050] [info] Frame 58 (t = 0.29):	 total squared error = 0.000230595, marker error: RMS = 0.00303707, max = 0.00540310 (SACR3)
[2025-12-17 07:10:17.170] [info] Frame 59 (t = 0.295):	 total squared error = 0.000229180, marker error: RMS = 0.00302774, max = 0.00544664 (SACR3)
[2025-12-17 07:10:17.241] [info] Frame 60 (t = 0.3):	 total squared error = 0.000229343, marker error: RMS = 0.00302881, max = 0.00557100 (SACR3)
[2025-12-17 07:10:17.386] [info] Frame 61 (t = 0.305000):	 total squared error = 0.000226204, marker error: RMS = 0.00300802, max = 0.00549744 (SACR3)
[2025-12-17 07:10:17.479] [info] Frame 62 (t = 0.31):	 total squared error = 0.000225186, marker error: RMS = 0.00300124, max = 0.00551622 (SACR3)
[2025-12-17 07:10:17.558] [info] Frame 63 (t = 0.315):	 total squared error = 0.000224576, marker error: RMS = 0.00299717, max = 0.00560374 (SACR3)
[2025-12-17 07:10:17.705] [info] Frame 64 (t = 0.32):	 total squared error = 0.000221678, marker error: RMS = 0.00297777, max = 0.00554588 (SACR3)
[2025-12-17 07:10:17.808] [info] Frame 65 (t = 0.325):	 total squared error = 0.000220038, marker error: RMS = 0.00296673, max = 0.00555892 (SACR3)
[2025-12-17 07:10:17.917] [info] Frame 66 (t = 0.33):	 total squared error = 0.000218427, marker error: RMS = 0.00295586, max = 0.00560462 (SACR3)
[2025-12-17 07:10:18.014] [info] Frame 67 (t = 0.335):	 total squared error = 0.000216287, marker error: RMS = 0.00294134, max = 0.00559629 (SACR3)
[2025-12-17 07:10:18.104] [info] Frame 68 (t = 0.34):	 total squared error = 0.000214537, marker error: RMS = 0.00292941, max = 0.00561543 (SACR3)
[2025-12-17 07:10:18.217] [info] Frame 69 (t = 0.345):	 total squared error = 0.000212799, marker error: RMS = 0.00291752, max = 0.00562775 (SACR3)
[2025-12-17 07:10:18.346] [info] Frame 70 (t = 0.35):	 total squared error = 0.000209935, marker error: RMS = 0.00289783, max = 0.00557440 (SACR3)
[2025-12-17 07:10:18.433] [info] Frame 71 (t = 0.355):	 total squared error = 0.000208916, marker error: RMS = 0.00289078, max = 0.00563029 (SACR3)
[2025-12-17 07:10:18.524] [info] Frame 72 (t = 0.36):	 total squared error = 0.000206253, marker error: RMS = 0.00287230, max = 0.00560999 (SACR3)
[2025-12-17 07:10:18.607] [info] Frame 73 (t = 0.365):	 total squared error = 0.000205050, marker error: RMS = 0.00286391, max = 0.00562052 (SACR3)
[2025-12-17 07:10:18.678] [info] Frame 74 (t = 0.37):	 total squared error = 0.000202634, marker error: RMS = 0.00284699, max = 0.00559819 (SACR3)
[2025-12-17 07:10:18.764] [info] Frame 75 (t = 0.375):	 total squared error = 0.000201687, marker error: RMS = 0.00284033, max = 0.00560506 (SACR3)
[2025-12-17 07:10:18.832] [info] Frame 76 (t = 0.38):	 total squared error = 0.000199858, marker error: RMS = 0.00282742, max = 0.00563256 (SACR3)
[2025-12-17 07:10:18.926] [info] Frame 77 (t = 0.385):	 total squared error = 0.000198639, marker error: RMS = 0.00281879, max = 0.00561149 (SACR3)
[2025-12-17 07:10:19.033] [info] Frame 78 (t = 0.39):	 total squared error = 0.000197170, marker error: RMS = 0.00280835, max = 0.00559923 (SACR3)
[2025-12-17 07:10:19.114] [info] Frame 79 (t = 0.395):	 total squared error = 0.000195598, marker error: RMS = 0.00279713, max = 0.00562562 (SACR3)
[2025-12-17 07:10:19.202] [info] Frame 80 (t = 0.4):	 total squared error = 0.000194628, marker error: RMS = 0.00279018, max = 0.00563928 (SACR3)
[2025-12-17 07:10:19.277] [info] Frame 81 (t = 0.405000):	 total squared error = 0.000193202, marker error: RMS = 0.00277994, max = 0.00565606 (SACR3)
[2025-12-17 07:10:19.350] [info] Frame 82 (t = 0.41):	 total squared error = 0.000191564, marker error: RMS = 0.00276813, max = 0.00569283 (SACR3)
[2025-12-17 07:10:19.435] [info] Frame 83 (t = 0.415):	 total squared error = 0.000190813, marker error: RMS = 0.00276270, max = 0.00568431 (SACR3)
[2025-12-17 07:10:19.539] [info] Frame 84 (t = 0.42):	 total squared error = 0.000189473, marker error: RMS = 0.00275298, max = 0.00568292 (SACR3)
[2025-12-17 07:10:19.642] [info] Frame 85 (t = 0.425):	 total squared error = 0.000188103, marker error: RMS = 0.00274302, max = 0.00568569 (SACR3)
[2025-12-17 07:10:19.752] [info] Frame 86 (t = 0.43):	 total squared error = 0.000186483, marker error: RMS = 0.00273118, max = 0.00568718 (SACR3)
[2025-12-17 07:10:19.836] [info] Frame 87 (t = 0.435):	 total squared error = 0.000185548, marker error: RMS = 0.00272432, max = 0.00571038 (SACR3)
[2025-12-17 07:10:19.911] [info] Frame 88 (t = 0.44):	 total squared error = 0.000184857, marker error: RMS = 0.00271924, max = 0.00571203 (SACR3)
[2025-12-17 07:10:20.013] [info] Frame 89 (t = 0.445):	 total squared error = 0.000183085, marker error: RMS = 0.00270617, max = 0.00569152 (SACR3)
[2025-12-17 07:10:20.092] [info] Frame 90 (t = 0.45):	 total squared error = 0.000182886, marker error: RMS = 0.00270470, max = 0.00574065 (SACR3)
[2025-12-17 07:10:20.183] [info] Frame 91 (t = 0.455):	 total squared error = 0.000183270, marker error: RMS = 0.00270755, max = 0.00576658 (SACR3)
[2025-12-17 07:10:20.281] [info] Frame 92 (t = 0.46):	 total squared error = 0.000181027, marker error: RMS = 0.00269093, max = 0.00573164 (SACR3)
[2025-12-17 07:10:20.380] [info] Frame 93 (t = 0.465):	 total squared error = 0.000180294, marker error: RMS = 0.00268548, max = 0.00572499 (SACR3)
[2025-12-17 07:10:20.460] [info] Frame 94 (t = 0.47):	 total squared error = 0.000181423, marker error: RMS = 0.00269387, max = 0.00579278 (SACR3)
[2025-12-17 07:10:20.585] [info] Frame 95 (t = 0.475):	 total squared error = 0.000179545, marker error: RMS = 0.00267989, max = 0.00572380 (SACR3)
[2025-12-17 07:10:20.698] [info] Frame 96 (t = 0.48):	 total squared error = 0.000179949, marker error: RMS = 0.00268290, max = 0.00570415 (SACR3)
[2025-12-17 07:10:20.804] [info] Frame 97 (t = 0.485):	 total squared error = 0.000179372, marker error: RMS = 0.00267860, max = 0.00577143 (SACR3)
[2025-12-17 07:10:20.912] [info] Frame 98 (t = 0.49):	 total squared error = 0.000179573, marker error: RMS = 0.00268009, max = 0.00574977 (SACR3)
[2025-12-17 07:10:20.976] [info] Frame 99 (t = 0.495):	 total squared error = 0.000179539, marker error: RMS = 0.00267984, max = 0.00575333 (SACR3)
[2025-12-17 07:10:21.061] [info] Frame 100 (t = 0.5):	 total squared error = 0.000179408, marker error: RMS = 0.00267886, max = 0.00575958 (SACR3)
[2025-12-17 07:10:21.137] [info] Frame 101 (t = 0.505000):	 total squared error = 0.000179828, marker error: RMS = 0.00268200, max = 0.00578858 (SACR3)
[2025-12-17 07:10:21.203] [info] Frame 102 (t = 0.51):	 total squared error = 0.000179968, marker error: RMS = 0.00268304, max = 0.00578930 (SACR3)
[2025-12-17 07:10:21.303] [info] Frame 103 (t = 0.515):	 total squared error = 0.000179966, marker error: RMS = 0.00268303, max = 0.00580347 (SACR3)
[2025-12-17 07:10:21.389] [info] Frame 104 (t = 0.52):	 total squared error = 0.000180829, marker error: RMS = 0.00268945, max = 0.00579492 (SACR3)
[2025-12-17 07:10:21.479] [info] Frame 105 (t = 0.525):	 total squared error = 0.000180918, marker error: RMS = 0.00269012, max = 0.00580912 (SACR3)
[2025-12-17 07:10:21.573] [info] Frame 106 (t = 0.53):	 total squared error = 0.000181046, marker error: RMS = 0.00269106, max = 0.00579877 (SACR3)
[2025-12-17 07:10:21.666] [info] Frame 107 (t = 0.535):	 total squared error = 0.000181454, marker error: RMS = 0.00269410, max = 0.00585081 (SACR3)
[2025-12-17 07:10:21.721] [info] Frame 108 (t = 0.54):	 total squared error = 0.000182371, marker error: RMS = 0.00270090, max = 0.00585041 (SACR3)
[2025-12-17 07:10:21.794] [info] Frame 109 (t = 0.545):	 total squared error = 0.000182613, marker error: RMS = 0.00270268, max = 0.00581988 (SACR3)
[2025-12-17 07:10:21.849] [info] Frame 110 (t = 0.55):	 total squared error = 0.000183336, marker error: RMS = 0.00270803, max = 0.00582609 (SACR3)
[2025-12-17 07:10:21.926] [info] Frame 111 (t = 0.555):	 total squared error = 0.000183341, marker error: RMS = 0.00270807, max = 0.00580763 (SACR3)
[2025-12-17 07:10:21.991] [info] Frame 112 (t = 0.56):	 total squared error = 0.000184728, marker error: RMS = 0.00271829, max = 0.00584316 (SACR3)
[2025-12-17 07:10:22.078] [info] Frame 113 (t = 0.565):	 total squared error = 0.000184631, marker error: RMS = 0.00271758, max = 0.00578817 (SACR3)
[2025-12-17 07:10:22.155] [info] Frame 114 (t = 0.57):	 total squared error = 0.000184803, marker error: RMS = 0.00271885, max = 0.00578658 (SACR3)
[2025-12-17 07:10:22.228] [info] Frame 115 (t = 0.575):	 total squared error = 0.000185377, marker error: RMS = 0.00272306, max = 0.00578319 (SACR3)
[2025-12-17 07:10:22.289] [info] Frame 116 (t = 0.58):	 total squared error = 0.000186543, marker error: RMS = 0.00273162, max = 0.00582694 (SACR3)
[2025-12-17 07:10:22.353] [info] Frame 117 (t = 0.585):	 total squared error = 0.000187350, marker error: RMS = 0.00273751, max = 0.00581029 (SACR3)
[2025-12-17 07:10:22.402] [info] Frame 118 (t = 0.59):	 total squared error = 0.000187870, marker error: RMS = 0.00274131, max = 0.00577946 (SACR3)
[2025-12-17 07:10:22.476] [info] Frame 119 (t = 0.595):	 total squared error = 0.000187899, marker error: RMS = 0.00274153, max = 0.00574317 (SACR3)
[2025-12-17 07:10:22.529] [info] Frame 120 (t = 0.6):	 total squared error = 0.000188648, marker error: RMS = 0.00274698, max = 0.00574741 (SACR3)
[2025-12-17 07:10:22.583] [info] Frame 121 (t = 0.605000):	 total squared error = 0.000190537, marker error: RMS = 0.00276070, max = 0.00576936 (SACR3)
[2025-12-17 07:10:22.644] [info] Frame 122 (t = 0.61):	 total squared error = 0.000192687, marker error: RMS = 0.00277624, max = 0.00579502 (SACR3)
[2025-12-17 07:10:22.711] [info] Frame 123 (t = 0.615):	 total squared error = 0.000192438, marker error: RMS = 0.00277444, max = 0.00578393 (SACR3)
[2025-12-17 07:10:22.770] [info] Frame 124 (t = 0.62):	 total squared error = 0.000193404, marker error: RMS = 0.00278139, max = 0.00579165 (SACR3)
[2025-12-17 07:10:22.839] [info] Frame 125 (t = 0.625):	 total squared error = 0.000194888, marker error: RMS = 0.00279205, max = 0.00577748 (SACR3)
[2025-12-17 07:10:22.907] [info] Frame 126 (t = 0.63):	 total squared error = 0.000196569, marker error: RMS = 0.00280406, max = 0.00575605 (SACR3)
[2025-12-17 07:10:22.982] [info] Frame 127 (t = 0.635):	 total squared error = 0.000198815, marker error: RMS = 0.00282004, max = 0.00579651 (SACR3)
[2025-12-17 07:10:23.105] [info] Frame 128 (t = 0.64):	 total squared error = 0.000200924, marker error: RMS = 0.00283495, max = 0.00581848 (SACR3)
[2025-12-17 07:10:23.215] [info] Frame 129 (t = 0.645):	 total squared error = 0.000202666, marker error: RMS = 0.00284721, max = 0.00579665 (SACR3)
[2025-12-17 07:10:23.281] [info] Frame 130 (t = 0.65):	 total squared error = 0.000204967, marker error: RMS = 0.00286333, max = 0.00579929 (SACR3)
[2025-12-17 07:10:23.349] [info] Frame 131 (t = 0.655):	 total squared error = 0.000207119, marker error: RMS = 0.00287832, max = 0.00574040 (SACR3)
[2025-12-17 07:10:23.412] [info] Frame 132 (t = 0.66):	 total squared error = 0.000209513, marker error: RMS = 0.00289491, max = 0.00572126 (SACR3)
[2025-12-17 07:10:23.492] [info] Frame 133 (t = 0.665):	 total squared error = 0.000212385, marker error: RMS = 0.00291469, max = 0.00570994 (SACR3)
[2025-12-17 07:10:23.569] [info] Frame 134 (t = 0.67):	 total squared error = 0.000215002, marker error: RMS = 0.00293259, max = 0.00571873 (SACR3)
[2025-12-17 07:10:23.685] [info] Frame 135 (t = 0.675):	 total squared error = 0.000218568, marker error: RMS = 0.00295681, max = 0.00568174 (SACR3)
[2025-12-17 07:10:23.796] [info] Frame 136 (t = 0.68):	 total squared error = 0.000223096, marker error: RMS = 0.00298728, max = 0.00565111 (SACR3)
[2025-12-17 07:10:23.875] [info] Frame 137 (t = 0.685):	 total squared error = 0.000226717, marker error: RMS = 0.00301143, max = 0.00562497 (SACR3)
[2025-12-17 07:10:24.004] [info] Frame 138 (t = 0.69):	 total squared error = 0.000230642, marker error: RMS = 0.00303738, max = 0.00554054 (SACR3)
[2025-12-17 07:10:24.093] [info] Frame 139 (t = 0.695):	 total squared error = 0.000235142, marker error: RMS = 0.00306687, max = 0.00552590 (SACR3)
[2025-12-17 07:10:24.215] [info] Frame 140 (t = 0.7):	 total squared error = 0.000240227, marker error: RMS = 0.00309985, max = 0.00547368 (SACR3)
[2025-12-17 07:10:24.287] [info] Frame 141 (t = 0.705000):	 total squared error = 0.000245436, marker error: RMS = 0.00313328, max = 0.00541189 (SACR3)
[2025-12-17 07:10:24.406] [info] Frame 142 (t = 0.71):	 total squared error = 0.000251314, marker error: RMS = 0.00317058, max = 0.00536483 (SACR3)
[2025-12-17 07:10:24.468] [info] Frame 143 (t = 0.715):	 total squared error = 0.000258048, marker error: RMS = 0.00321277, max = 0.00532648 (SACR3)
[2025-12-17 07:10:24.539] [info] Frame 144 (t = 0.72):	 total squared error = 0.000264263, marker error: RMS = 0.00325123, max = 0.00528845 (SACR3)
[2025-12-17 07:10:24.609] [info] Frame 145 (t = 0.725):	 total squared error = 0.000271279, marker error: RMS = 0.00329411, max = 0.00518886 (SACR3)
[2025-12-17 07:10:24.668] [info] Frame 146 (t = 0.73):	 total squared error = 0.000280032, marker error: RMS = 0.00334683, max = 0.00516135 (SACR3)
[2025-12-17 07:10:24.726] [info] Frame 147 (t = 0.735):	 total squared error = 0.000295596, marker error: RMS = 0.00343858, max = 0.00533434 (SACR3)
[2025-12-17 07:10:24.748] [info] Frame 148 (t = 0.74):	 total squared error = 0.000309780, marker error: RMS = 0.00352011, max = 0.00545164 (SACR3)
[2025-12-17 07:10:24.820] [info] Frame 149 (t = 0.745):	 total squared error = 0.000306484, marker error: RMS = 0.00350134, max = 0.00520632 (XIPH)
[2025-12-17 07:10:24.868] [info] Frame 150 (t = 0.75):	 total squared error = 0.000318463, marker error: RMS = 0.00356911, max = 0.00531269 (XIPH)
[2025-12-17 07:10:24.934] [info] Frame 151 (t = 0.755):	 total squared error = 0.000328040, marker error: RMS = 0.00362237, max = 0.00552577 (XIPH)
[2025-12-17 07:10:25.006] [info] Frame 152 (t = 0.76):	 total squared error = 0.000340259, marker error: RMS = 0.00368922, max = 0.00567309 (XIPH)
[2025-12-17 07:10:25.059] [info] Frame 153 (t = 0.765):	 total squared error = 0.000353375, marker error: RMS = 0.00375966, max = 0.00583763 (XIPH)
[2025-12-17 07:10:25.124] [info] Frame 154 (t = 0.77):	 total squared error = 0.000366923, marker error: RMS = 0.00383105, max = 0.00599814 (XIPH)
[2025-12-17 07:10:25.160] [info] Frame 155 (t = 0.775):	 total squared error = 0.000386724, marker error: RMS = 0.00393306, max = 0.00624808 (SACROL)
[2025-12-17 07:10:25.218] [info] Frame 156 (t = 0.78):	 total squared error = 0.000398090, marker error: RMS = 0.00399044, max = 0.00633140 (XIPH)
[2025-12-17 07:10:25.277] [info] Frame 157 (t = 0.785):	 total squared error = 0.000415190, marker error: RMS = 0.00407524, max = 0.00650388 (XIPH)
[2025-12-17 07:10:25.343] [info] Frame 158 (t = 0.79):	 total squared error = 0.000436047, marker error: RMS = 0.00417635, max = 0.00670093 (XIPH)
[2025-12-17 07:10:25.387] [info] Frame 159 (t = 0.795):	 total squared error = 0.000454943, marker error: RMS = 0.00426588, max = 0.00686432 (XIPH)
[2025-12-17 07:10:25.467] [info] Frame 160 (t = 0.8):	 total squared error = 0.000474568, marker error: RMS = 0.00435692, max = 0.00705440 (SACROL)
[2025-12-17 07:10:25.516] [info] Frame 161 (t = 0.805000):	 total squared error = 0.000497483, marker error: RMS = 0.00446086, max = 0.00724135 (SACROL)
[2025-12-17 07:10:25.573] [info] Frame 162 (t = 0.81):	 total squared error = 0.000519108, marker error: RMS = 0.00455679, max = 0.00758528 (SACROL)
[2025-12-17 07:10:25.630] [info] Frame 163 (t = 0.815):	 total squared error = 0.000543143, marker error: RMS = 0.00466109, max = 0.00769982 (SACROL)
[2025-12-17 07:10:25.675] [info] Frame 164 (t = 0.82):	 total squared error = 0.000567189, marker error: RMS = 0.00476315, max = 0.00797516 (SACROL)
[2025-12-17 07:10:25.746] [info] Frame 165 (t = 0.825):	 total squared error = 0.000591322, marker error: RMS = 0.00486342, max = 0.00814680 (SACROL)
[2025-12-17 07:10:25.787] [info] Frame 166 (t = 0.83):	 total squared error = 0.000617314, marker error: RMS = 0.00496916, max = 0.00838842 (SACROL)
[2025-12-17 07:10:25.844] [info] Frame 167 (t = 0.835):	 total squared error = 0.000640542, marker error: RMS = 0.00506179, max = 0.00860261 (SACROL)
[2025-12-17 07:10:25.905] [info] Frame 168 (t = 0.84):	 total squared error = 0.000665693, marker error: RMS = 0.00516020, max = 0.00883507 (SACROL)
[2025-12-17 07:10:25.964] [info] Frame 169 (t = 0.845):	 total squared error = 0.000689038, marker error: RMS = 0.00524991, max = 0.00901931 (SACROL)
[2025-12-17 07:10:26.013] [info] Frame 170 (t = 0.85):	 total squared error = 0.000713117, marker error: RMS = 0.00534085, max = 0.00925267 (SACROL)
[2025-12-17 07:10:26.069] [info] Frame 171 (t = 0.855):	 total squared error = 0.000734674, marker error: RMS = 0.00542097, max = 0.00945804 (SACROL)
[2025-12-17 07:10:26.127] [info] Frame 172 (t = 0.86):	 total squared error = 0.000755185, marker error: RMS = 0.00549612, max = 0.00967364 (SACROL)
[2025-12-17 07:10:26.176] [info] Frame 173 (t = 0.865):	 total squared error = 0.000777483, marker error: RMS = 0.00557668, max = 0.00980093 (SACROL)
[2025-12-17 07:10:26.227] [info] Frame 174 (t = 0.87):	 total squared error = 0.000796247, marker error: RMS = 0.00564357, max = 0.0100612 (SACROL)
[2025-12-17 07:10:26.277] [info] Frame 175 (t = 0.875):	 total squared error = 0.000815069, marker error: RMS = 0.00570988, max = 0.0103116 (SACROL)
[2025-12-17 07:10:26.352] [info] Frame 176 (t = 0.88):	 total squared error = 0.000831969, marker error: RMS = 0.00576877, max = 0.0104242 (SACROL)
[2025-12-17 07:10:26.421] [info] Frame 177 (t = 0.885):	 total squared error = 0.000849431, marker error: RMS = 0.00582900, max = 0.0106449 (SACROL)
[2025-12-17 07:10:26.467] [info] Frame 178 (t = 0.89):	 total squared error = 0.000865350, marker error: RMS = 0.00588337, max = 0.0107985 (SACROL)
[2025-12-17 07:10:26.537] [info] Frame 179 (t = 0.895):	 total squared error = 0.000880599, marker error: RMS = 0.00593498, max = 0.0109451 (SACROL)
[2025-12-17 07:10:26.598] [info] Frame 180 (t = 0.9):	 total squared error = 0.000895631, marker error: RMS = 0.00598542, max = 0.0111376 (SACROL)
[2025-12-17 07:10:26.686] [info] Frame 181 (t = 0.905000):	 total squared error = 0.000911070, marker error: RMS = 0.00603679, max = 0.0112852 (SACROL)
[2025-12-17 07:10:26.743] [info] Frame 182 (t = 0.91):	 total squared error = 0.000925686, marker error: RMS = 0.00608502, max = 0.0114798 (SACROL)
[2025-12-17 07:10:26.781] [info] Frame 183 (t = 0.915):	 total squared error = 0.000941348, marker error: RMS = 0.00613628, max = 0.0115876 (SACROL)
[2025-12-17 07:10:26.833] [info] Frame 184 (t = 0.92):	 total squared error = 0.000956766, marker error: RMS = 0.00618633, max = 0.0117384 (SACROL)
[2025-12-17 07:10:26.876] [info] Frame 185 (t = 0.925):	 total squared error = 0.000977455, marker error: RMS = 0.00625285, max = 0.01165 (SACROL)
[2025-12-17 07:10:26.914] [info] Frame 186 (t = 0.93):	 total squared error = 0.000990526, marker error: RMS = 0.00629453, max = 0.0119811 (SACROL)
[2025-12-17 07:10:26.975] [info] Frame 187 (t = 0.935):	 total squared error = 0.00100554, marker error: RMS = 0.00634206, max = 0.0121758 (SACROL)
[2025-12-17 07:10:27.019] [info] Frame 188 (t = 0.94):	 total squared error = 0.00102282, marker error: RMS = 0.00639630, max = 0.0122921 (SACROL)
[2025-12-17 07:10:27.060] [info] Frame 189 (t = 0.945):	 total squared error = 0.00103987, marker error: RMS = 0.00644941, max = 0.012471 (SACROL)
[2025-12-17 07:10:27.099] [info] Frame 190 (t = 0.95):	 total squared error = 0.00105781, marker error: RMS = 0.00650478, max = 0.0125726 (SACROL)
[2025-12-17 07:10:27.135] [info] Frame 191 (t = 0.955):	 total squared error = 0.00107628, marker error: RMS = 0.00656134, max = 0.0126787 (SACROL)
[2025-12-17 07:10:27.164] [info] Frame 192 (t = 0.96):	 total squared error = 0.00109877, marker error: RMS = 0.00662953, max = 0.0126394 (SACROL)
[2025-12-17 07:10:27.205] [info] Frame 193 (t = 0.965):	 total squared error = 0.00111436, marker error: RMS = 0.00667642, max = 0.0129831 (SACROL)
[2025-12-17 07:10:27.244] [info] Frame 194 (t = 0.97):	 total squared error = 0.00113298, marker error: RMS = 0.00673194, max = 0.0130965 (SACROL)
[2025-12-17 07:10:27.278] [info] Frame 195 (t = 0.975):	 total squared error = 0.00115478, marker error: RMS = 0.00679642, max = 0.0131554 (SACROL)
[2025-12-17 07:10:27.334] [info] Frame 196 (t = 0.98):	 total squared error = 0.00117445, marker error: RMS = 0.00685404, max = 0.0133658 (SACROL)
[2025-12-17 07:10:27.379] [info] Frame 197 (t = 0.985):	 total squared error = 0.00119652, marker error: RMS = 0.00691816, max = 0.0135645 (SACROL)
[2025-12-17 07:10:27.410] [info] Frame 198 (t = 0.99):	 total squared error = 0.00122047, marker error: RMS = 0.00698705, max = 0.0135057 (SACROL)
[2025-12-17 07:10:27.448] [info] Frame 199 (t = 0.995):	 total squared error = 0.00124747, marker error: RMS = 0.00706391, max = 0.0135839 (SACROL)
[2025-12-17 07:10:27.472] [info] Frame 200 (t = 1.0):	 total squared error = 0.00127270, marker error: RMS = 0.00713498, max = 0.013637 (SACROL)
[2025-12-17 07:10:27.529] [info] Frame 201 (t = 1.00500):	 total squared error = 0.00129356, marker error: RMS = 0.00719323, max = 0.0140325 (SACROL)
[2025-12-17 07:10:27.559] [info] Frame 202 (t = 1.01):	 total squared error = 0.00132159, marker error: RMS = 0.00727075, max = 0.0140728 (SACROL)
[2025-12-17 07:10:27.587] [info] Frame 203 (t = 1.015):	 total squared error = 0.00135226, marker error: RMS = 0.00735462, max = 0.0140589 (SACROL)
[2025-12-17 07:10:27.611] [info] Frame 204 (t = 1.02):	 total squared error = 0.00138485, marker error: RMS = 0.00744270, max = 0.0140045 (SACROL)
[2025-12-17 07:10:27.662] [info] Frame 205 (t = 1.025):	 total squared error = 0.00140828, marker error: RMS = 0.00750540, max = 0.0146431 (SACROL)
[2025-12-17 07:10:27.691] [info] Frame 206 (t = 1.03):	 total squared error = 0.00143922, marker error: RMS = 0.00758742, max = 0.0147542 (SACROL)
[2025-12-17 07:10:27.715] [info] Frame 207 (t = 1.035):	 total squared error = 0.00147243, marker error: RMS = 0.00767446, max = 0.0147663 (SACROL)
[2025-12-17 07:10:27.730] [info] Frame 208 (t = 1.04):	 total squared error = 0.00151452, marker error: RMS = 0.00778336, max = 0.0145785 (SACROL)
[2025-12-17 07:10:27.760] [info] Frame 209 (t = 1.045):	 total squared error = 0.00153700, marker error: RMS = 0.00784092, max = 0.0149708 (SACROL)
[2025-12-17 07:10:27.798] [info] Frame 210 (t = 1.05):	 total squared error = 0.00156295, marker error: RMS = 0.00790684, max = 0.0154018 (SACROL)
[2025-12-17 07:10:27.823] [info] Frame 211 (t = 1.055):	 total squared error = 0.00159397, marker error: RMS = 0.00798490, max = 0.0152559 (SACROL)
[2025-12-17 07:10:27.845] [info] Frame 212 (t = 1.06):	 total squared error = 0.00162192, marker error: RMS = 0.00805463, max = 0.0154116 (SACROL)
[2025-12-17 07:10:27.869] [info] Frame 213 (t = 1.065):	 total squared error = 0.00165425, marker error: RMS = 0.00813449, max = 0.0153435 (SACROL)
[2025-12-17 07:10:27.903] [info] Frame 214 (t = 1.07):	 total squared error = 0.00167079, marker error: RMS = 0.00817505, max = 0.0159152 (SACROL)
[2025-12-17 07:10:27.925] [info] Frame 215 (t = 1.075):	 total squared error = 0.00169551, marker error: RMS = 0.00823531, max = 0.015842 (SACROL)
[2025-12-17 07:10:27.957] [info] Frame 216 (t = 1.08):	 total squared error = 0.00171593, marker error: RMS = 0.00828475, max = 0.016141 (SACROL)
[2025-12-17 07:10:27.985] [info] Frame 217 (t = 1.085):	 total squared error = 0.00173763, marker error: RMS = 0.00833698, max = 0.0161213 (SACROL)
[2025-12-17 07:10:28.007] [info] Frame 218 (t = 1.09):	 total squared error = 0.00176051, marker error: RMS = 0.00839168, max = 0.0160642 (SACROL)
[2025-12-17 07:10:28.049] [info] Frame 219 (t = 1.095):	 total squared error = 0.00178270, marker error: RMS = 0.00844441, max = 0.0161704 (SACROL)
[2025-12-17 07:10:28.104] [info] Frame 220 (t = 1.1):	 total squared error = 0.00179840, marker error: RMS = 0.00848152, max = 0.0165238 (SACROL)
[2025-12-17 07:10:28.125] [info] Frame 221 (t = 1.10500):	 total squared error = 0.00182005, marker error: RMS = 0.00853242, max = 0.0165351 (SACROL)
[2025-12-17 07:10:28.148] [info] Frame 222 (t = 1.11):	 total squared error = 0.00184388, marker error: RMS = 0.00858808, max = 0.0165402 (SACROL)
[2025-12-17 07:10:28.184] [info] Frame 223 (t = 1.115):	 total squared error = 0.00186353, marker error: RMS = 0.00863372, max = 0.0168929 (SACROL)
[2025-12-17 07:10:28.207] [info] Frame 224 (t = 1.12):	 total squared error = 0.00188857, marker error: RMS = 0.00869154, max = 0.0168746 (SACROL)
[2025-12-17 07:10:28.234] [info] Frame 225 (t = 1.125):	 total squared error = 0.00191544, marker error: RMS = 0.00875316, max = 0.0169219 (SACROL)
[2025-12-17 07:10:28.291] [info] Frame 226 (t = 1.13):	 total squared error = 0.00193850, marker error: RMS = 0.00880568, max = 0.0172080 (SACROL)
[2025-12-17 07:10:28.312] [info] Frame 227 (t = 1.135):	 total squared error = 0.00196675, marker error: RMS = 0.00886960, max = 0.0172257 (SACROL)
[2025-12-17 07:10:28.338] [info] Frame 228 (t = 1.14):	 total squared error = 0.00199620, marker error: RMS = 0.00893576, max = 0.0173238 (SACROL)
[2025-12-17 07:10:28.366] [info] Frame 229 (t = 1.145):	 total squared error = 0.00202775, marker error: RMS = 0.00900610, max = 0.0173909 (SACROL)
[2025-12-17 07:10:28.409] [info] Frame 230 (t = 1.15):	 total squared error = 0.00205631, marker error: RMS = 0.00906931, max = 0.0176972 (SACROL)
[2025-12-17 07:10:28.431] [info] Frame 231 (t = 1.155):	 total squared error = 0.00209070, marker error: RMS = 0.00914484, max = 0.0176294 (SACROL)
[2025-12-17 07:10:28.468] [info] Frame 232 (t = 1.16):	 total squared error = 0.00212215, marker error: RMS = 0.00921336, max = 0.017956 (SACROL)
[2025-12-17 07:10:28.495] [info] Frame 233 (t = 1.165):	 total squared error = 0.00215689, marker error: RMS = 0.00928846, max = 0.0179316 (SACROL)
[2025-12-17 07:10:28.518] [info] Frame 234 (t = 1.17):	 total squared error = 0.00219333, marker error: RMS = 0.00936661, max = 0.0180009 (SACROL)
[2025-12-17 07:10:28.546] [info] Frame 235 (t = 1.175):	 total squared error = 0.00222716, marker error: RMS = 0.00943855, max = 0.018232 (SACROL)
[2025-12-17 07:10:28.568] [info] Frame 236 (t = 1.18):	 total squared error = 0.00226495, marker error: RMS = 0.00951830, max = 0.0182615 (SACROL)
[2025-12-17 07:10:28.605] [info] Frame 237 (t = 1.185):	 total squared error = 0.00230016, marker error: RMS = 0.00959200, max = 0.0185131 (SACROL)
[2025-12-17 07:10:28.633] [info] Frame 238 (t = 1.19):	 total squared error = 0.00233770, marker error: RMS = 0.00966995, max = 0.0185829 (SACROL)
[2025-12-17 07:10:28.675] [info] Frame 239 (t = 1.195):	 total squared error = 0.00237562, marker error: RMS = 0.00974807, max = 0.0187287 (SACROL)
[2025-12-17 07:10:28.709] [info] Frame 240 (t = 1.2):	 total squared error = 0.00241397, marker error: RMS = 0.00982642, max = 0.0188387 (SACROL)
[2025-12-17 07:10:28.729] [info] Frame 241 (t = 1.20500):	 total squared error = 0.00245415, marker error: RMS = 0.00990787, max = 0.0188055 (SACROL)
[2025-12-17 07:10:28.759] [info] Frame 242 (t = 1.21):	 total squared error = 0.00249216, marker error: RMS = 0.00998431, max = 0.0190110 (SACROL)
[2025-12-17 07:10:28.795] [info] Frame 243 (t = 1.215):	 total squared error = 0.00253109, marker error: RMS = 0.0100620, max = 0.0191297 (SACROL)
[2025-12-17 07:10:28.817] [info] Frame 244 (t = 1.22):	 total squared error = 0.00257161, marker error: RMS = 0.0101422, max = 0.0191364 (LTHOL)
[2025-12-17 07:10:28.849] [info] Frame 245 (t = 1.225):	 total squared error = 0.00260897, marker error: RMS = 0.0102156, max = 0.0192918 (SACROL)
[2025-12-17 07:10:28.875] [info] Frame 246 (t = 1.23):	 total squared error = 0.00264800, marker error: RMS = 0.0102917, max = 0.019481 (LTHOL)
[2025-12-17 07:10:28.897] [info] Frame 247 (t = 1.235):	 total squared error = 0.00268573, marker error: RMS = 0.0103648, max = 0.0196195 (LTHOL)
[2025-12-17 07:10:28.923] [info] Frame 248 (t = 1.24):	 total squared error = 0.00272446, marker error: RMS = 0.0104393, max = 0.0198791 (LTHOL)
[2025-12-17 07:10:28.946] [info] Frame 249 (t = 1.245):	 total squared error = 0.00276201, marker error: RMS = 0.0105110, max = 0.0200888 (LTHOL)
[2025-12-17 07:10:28.991] [info] Frame 250 (t = 1.25):	 total squared error = 0.00279264, marker error: RMS = 0.0105691, max = 0.0198115 (LTHOL)
[2025-12-17 07:10:29.004] [info] Frame 251 (t = 1.255):	 total squared error = 0.00282848, marker error: RMS = 0.0106367, max = 0.0201150 (LTHOL)
[2025-12-17 07:10:29.050] [info] Frame 252 (t = 1.26):	 total squared error = 0.00286068, marker error: RMS = 0.0106971, max = 0.0200102 (LTHOL)
[2025-12-17 07:10:29.084] [info] Frame 253 (t = 1.265):	 total squared error = 0.00289458, marker error: RMS = 0.0107603, max = 0.0202045 (LTHOL)
[2025-12-17 07:10:29.128] [info] Frame 254 (t = 1.27):	 total squared error = 0.00292873, marker error: RMS = 0.0108236, max = 0.0202321 (LTHOL)
[2025-12-17 07:10:29.151] [info] Frame 255 (t = 1.275):	 total squared error = 0.00296649, marker error: RMS = 0.0108931, max = 0.0204534 (LTHOL)
[2025-12-17 07:10:29.178] [info] Frame 256 (t = 1.28):	 total squared error = 0.00299935, marker error: RMS = 0.0109533, max = 0.0205541 (LTHOL)
[2025-12-17 07:10:29.214] [info] Frame 257 (t = 1.285):	 total squared error = 0.00303552, marker error: RMS = 0.0110191, max = 0.0204978 (LTHOL)
[2025-12-17 07:10:29.248] [info] Frame 258 (t = 1.29):	 total squared error = 0.00307343, marker error: RMS = 0.0110877, max = 0.0206771 (LTHOL)
[2025-12-17 07:10:29.274] [info] Frame 259 (t = 1.295):	 total squared error = 0.00311638, marker error: RMS = 0.0111649, max = 0.0209046 (LTHOL)
[2025-12-17 07:10:29.296] [info] Frame 260 (t = 1.3):	 total squared error = 0.00316071, marker error: RMS = 0.011244, max = 0.0210892 (LTHOL)
[2025-12-17 07:10:29.346] [info] Frame 261 (t = 1.30500):	 total squared error = 0.00319748, marker error: RMS = 0.0113093, max = 0.0209457 (LTHOL)
[2025-12-17 07:10:29.378] [info] Frame 262 (t = 1.31):	 total squared error = 0.00324344, marker error: RMS = 0.0113902, max = 0.0211463 (LTHOL)
[2025-12-17 07:10:29.407] [info] Frame 263 (t = 1.315):	 total squared error = 0.00329350, marker error: RMS = 0.0114778, max = 0.021392 (LTHOL)
[2025-12-17 07:10:29.453] [info] Frame 264 (t = 1.32):	 total squared error = 0.00333669, marker error: RMS = 0.0115528, max = 0.0213211 (LTHOL)
[2025-12-17 07:10:29.476] [info] Frame 265 (t = 1.325):	 total squared error = 0.00338821, marker error: RMS = 0.0116417, max = 0.0215774 (LTHOL)
[2025-12-17 07:10:29.512] [info] Frame 266 (t = 1.33):	 total squared error = 0.00343579, marker error: RMS = 0.0117231, max = 0.021689 (LTHOL)
[2025-12-17 07:10:29.545] [info] Frame 267 (t = 1.335):	 total squared error = 0.00348561, marker error: RMS = 0.0118078, max = 0.0217947 (LTHOL)
[2025-12-17 07:10:29.577] [info] Frame 268 (t = 1.34):	 total squared error = 0.00353680, marker error: RMS = 0.0118942, max = 0.0219414 (LTHOL)
[2025-12-17 07:10:29.614] [info] Frame 269 (t = 1.345):	 total squared error = 0.00358764, marker error: RMS = 0.0119794, max = 0.0220398 (LTHOL)
[2025-12-17 07:10:29.644] [info] Frame 270 (t = 1.35):	 total squared error = 0.00363974, marker error: RMS = 0.0120661, max = 0.0222075 (LTHOL)
[2025-12-17 07:10:29.671] [info] Frame 271 (t = 1.355):	 total squared error = 0.00369775, marker error: RMS = 0.0121618, max = 0.0224771 (LTHOL)
[2025-12-17 07:10:29.704] [info] Frame 272 (t = 1.36):	 total squared error = 0.00374411, marker error: RMS = 0.0122378, max = 0.022513 (LTHOL)
[2025-12-17 07:10:29.741] [info] Frame 273 (t = 1.365):	 total squared error = 0.00379610, marker error: RMS = 0.0123225, max = 0.0226079 (LTHOL)
[2025-12-17 07:10:29.770] [info] Frame 274 (t = 1.37):	 total squared error = 0.00384882, marker error: RMS = 0.0124078, max = 0.0227301 (LTHOL)
[2025-12-17 07:10:29.796] [info] Frame 275 (t = 1.375):	 total squared error = 0.00390552, marker error: RMS = 0.0124988, max = 0.0229783 (LTHOL)
[2025-12-17 07:10:29.815] [info] Frame 276 (t = 1.38):	 total squared error = 0.00396239, marker error: RMS = 0.0125895, max = 0.0231859 (LTHOL)
[2025-12-17 07:10:29.885] [info] Frame 277 (t = 1.385):	 total squared error = 0.00400572, marker error: RMS = 0.0126581, max = 0.0230263 (LTHOL)
[2025-12-17 07:10:29.939] [info] Frame 278 (t = 1.39):	 total squared error = 0.00405943, marker error: RMS = 0.0127427, max = 0.0232547 (LTHOL)
[2025-12-17 07:10:30.025] [info] Frame 279 (t = 1.395):	 total squared error = 0.00410863, marker error: RMS = 0.0128197, max = 0.0232363 (LTHOL)
[2025-12-17 07:10:30.057] [info] Frame 280 (t = 1.4):	 total squared error = 0.00416309, marker error: RMS = 0.0129044, max = 0.0234656 (LTHOL)
[2025-12-17 07:10:30.115] [info] Frame 281 (t = 1.40500):	 total squared error = 0.00421052, marker error: RMS = 0.0129777, max = 0.0235204 (LTHOL)
[2025-12-17 07:10:30.136] [info] Frame 282 (t = 1.41):	 total squared error = 0.00426749, marker error: RMS = 0.0130652, max = 0.0237514 (LTHOL)
[2025-12-17 07:10:30.179] [info] Frame 283 (t = 1.415):	 total squared error = 0.00431210, marker error: RMS = 0.0131333, max = 0.023737 (LTHOL)
[2025-12-17 07:10:30.205] [info] Frame 284 (t = 1.42):	 total squared error = 0.00437120, marker error: RMS = 0.013223, max = 0.0239797 (LTHOL)
[2025-12-17 07:10:30.243] [info] Frame 285 (t = 1.425):	 total squared error = 0.00441490, marker error: RMS = 0.0132889, max = 0.0240034 (LTHOL)
[2025-12-17 07:10:30.292] [info] Frame 286 (t = 1.43):	 total squared error = 0.00446648, marker error: RMS = 0.0133663, max = 0.0240087 (LTHOL)
[2025-12-17 07:10:30.323] [info] Frame 287 (t = 1.435):	 total squared error = 0.00452416, marker error: RMS = 0.0134524, max = 0.0243237 (LTHOL)
[2025-12-17 07:10:30.372] [info] Frame 288 (t = 1.44):	 total squared error = 0.00457365, marker error: RMS = 0.0135258, max = 0.0241999 (LTHOL)
[2025-12-17 07:10:30.416] [info] Frame 289 (t = 1.445):	 total squared error = 0.00462923, marker error: RMS = 0.0136077, max = 0.0243265 (LTHOL)
[2025-12-17 07:10:30.451] [info] Frame 290 (t = 1.45):	 total squared error = 0.00468801, marker error: RMS = 0.0136938, max = 0.0245878 (LTHOL)
[2025-12-17 07:10:30.492] [info] Frame 291 (t = 1.455):	 total squared error = 0.00474406, marker error: RMS = 0.0137754, max = 0.0245599 (LTHOL)
[2025-12-17 07:10:30.543] [info] Frame 292 (t = 1.46):	 total squared error = 0.00480364, marker error: RMS = 0.0138617, max = 0.0247041 (LTHOL)
[2025-12-17 07:10:30.578] [info] Frame 293 (t = 1.465):	 total squared error = 0.00486430, marker error: RMS = 0.0139489, max = 0.0248363 (LTHOL)
[2025-12-17 07:10:30.611] [info] Frame 294 (t = 1.47):	 total squared error = 0.00492570, marker error: RMS = 0.0140367, max = 0.0249963 (LTHOL)
[2025-12-17 07:10:30.633] [info] Frame 295 (t = 1.475):	 total squared error = 0.00499012, marker error: RMS = 0.0141282, max = 0.0251783 (LTHOL)
[2025-12-17 07:10:30.667] [info] Frame 296 (t = 1.48):	 total squared error = 0.00504883, marker error: RMS = 0.014211, max = 0.0251261 (LTH3)
[2025-12-17 07:10:30.698] [info] Frame 297 (t = 1.485):	 total squared error = 0.00511280, marker error: RMS = 0.0143008, max = 0.0253507 (LTHOL)
[2025-12-17 07:10:30.745] [info] Frame 298 (t = 1.49):	 total squared error = 0.00517167, marker error: RMS = 0.0143829, max = 0.0254207 (LTH3)
[2025-12-17 07:10:30.773] [info] Frame 299 (t = 1.495):	 total squared error = 0.00523401, marker error: RMS = 0.0144693, max = 0.0256311 (LTH3)
[2025-12-17 07:10:30.817] [info] Frame 300 (t = 1.5):	 total squared error = 0.00529245, marker error: RMS = 0.0145498, max = 0.0256889 (LTH3)
[2025-12-17 07:10:30.849] [info] Frame 301 (t = 1.50500):	 total squared error = 0.00535216, marker error: RMS = 0.0146317, max = 0.02589 (LTH3)
[2025-12-17 07:10:30.880] [info] Frame 302 (t = 1.51):	 total squared error = 0.00541661, marker error: RMS = 0.0147195, max = 0.0261133 (LTH3)
[2025-12-17 07:10:30.925] [info] Frame 303 (t = 1.515):	 total squared error = 0.00546401, marker error: RMS = 0.0147838, max = 0.0260871 (LTH3)
[2025-12-17 07:10:30.958] [info] Frame 304 (t = 1.52):	 total squared error = 0.00551805, marker error: RMS = 0.0148567, max = 0.0262614 (LTH3)
[2025-12-17 07:10:30.990] [info] Frame 305 (t = 1.525):	 total squared error = 0.00557102, marker error: RMS = 0.0149278, max = 0.0263501 (LTH3)
[2025-12-17 07:10:31.024] [info] Frame 306 (t = 1.53):	 total squared error = 0.00562307, marker error: RMS = 0.0149974, max = 0.026481 (LTH3)
[2025-12-17 07:10:31.043] [info] Frame 307 (t = 1.535):	 total squared error = 0.00567700, marker error: RMS = 0.0150692, max = 0.0267273 (LTH3)
[2025-12-17 07:10:31.059] [info] Frame 308 (t = 1.54):	 total squared error = 0.00573114, marker error: RMS = 0.0151409, max = 0.0269355 (LTH3)
[2025-12-17 07:10:31.101] [info] Frame 309 (t = 1.545):	 total squared error = 0.00577218, marker error: RMS = 0.015195, max = 0.0269152 (LTH3)
[2025-12-17 07:10:31.121] [info] Frame 310 (t = 1.55):	 total squared error = 0.00582228, marker error: RMS = 0.0152608, max = 0.0271211 (LTH3)
[2025-12-17 07:10:31.149] [info] Frame 311 (t = 1.555):	 total squared error = 0.00586615, marker error: RMS = 0.0153182, max = 0.027228 (LTH3)
[2025-12-17 07:10:31.169] [info] Frame 312 (t = 1.56):	 total squared error = 0.00591573, marker error: RMS = 0.0153828, max = 0.0274385 (LTH3)
[2025-12-17 07:10:31.197] [info] Frame 313 (t = 1.565):	 total squared error = 0.00595711, marker error: RMS = 0.0154365, max = 0.0274951 (LTH3)
[2025-12-17 07:10:31.225] [info] Frame 314 (t = 1.57):	 total squared error = 0.00600164, marker error: RMS = 0.015494, max = 0.027613 (LTH3)
[2025-12-17 07:10:31.244] [info] Frame 315 (t = 1.575):	 total squared error = 0.00604932, marker error: RMS = 0.0155555, max = 0.0278103 (LTH3)
[2025-12-17 07:10:31.267] [info] Frame 316 (t = 1.58):	 total squared error = 0.00609773, marker error: RMS = 0.0156176, max = 0.0280124 (LTH3)
[2025-12-17 07:10:31.288] [info] Frame 317 (t = 1.585):	 total squared error = 0.00614527, marker error: RMS = 0.0156784, max = 0.0281941 (LTH3)
[2025-12-17 07:10:31.324] [info] Frame 318 (t = 1.59):	 total squared error = 0.00617625, marker error: RMS = 0.0157178, max = 0.028139 (LTH3)
[2025-12-17 07:10:31.363] [info] Frame 319 (t = 1.595):	 total squared error = 0.00621935, marker error: RMS = 0.0157726, max = 0.0282771 (LTH3)
[2025-12-17 07:10:31.390] [info] Frame 320 (t = 1.6):	 total squared error = 0.00626154, marker error: RMS = 0.015826, max = 0.0283605 (LTH3)
[2025-12-17 07:10:31.419] [info] Frame 321 (t = 1.60500):	 total squared error = 0.00630420, marker error: RMS = 0.0158798, max = 0.0284707 (LTH3)
[2025-12-17 07:10:31.453] [info] Frame 322 (t = 1.61):	 total squared error = 0.00634691, marker error: RMS = 0.0159335, max = 0.0285978 (LTH3)
[2025-12-17 07:10:31.482] [info] Frame 323 (t = 1.615):	 total squared error = 0.00639024, marker error: RMS = 0.0159878, max = 0.0287041 (LTH3)
[2025-12-17 07:10:31.497] [info] Frame 324 (t = 1.62):	 total squared error = 0.00643725, marker error: RMS = 0.0160465, max = 0.0288334 (LTH3)
[2025-12-17 07:10:31.526] [info] Frame 325 (t = 1.625):	 total squared error = 0.00647955, marker error: RMS = 0.0160991, max = 0.0289111 (LTH3)
[2025-12-17 07:10:31.552] [info] Frame 326 (t = 1.63):	 total squared error = 0.00652615, marker error: RMS = 0.0161569, max = 0.0290154 (LTH3)
[2025-12-17 07:10:31.577] [info] Frame 327 (t = 1.635):	 total squared error = 0.00657365, marker error: RMS = 0.0162156, max = 0.0291102 (LTH3)
[2025-12-17 07:10:31.614] [info] Frame 328 (t = 1.64):	 total squared error = 0.00662324, marker error: RMS = 0.0162767, max = 0.0291762 (LTH3)
[2025-12-17 07:10:31.639] [info] Frame 329 (t = 1.645):	 total squared error = 0.00667578, marker error: RMS = 0.0163411, max = 0.0292869 (LTH3)
[2025-12-17 07:10:31.663] [info] Frame 330 (t = 1.65):	 total squared error = 0.00673446, marker error: RMS = 0.0164127, max = 0.0294346 (LTH3)
[2025-12-17 07:10:31.701] [info] Frame 331 (t = 1.655):	 total squared error = 0.00678825, marker error: RMS = 0.0164782, max = 0.0294656 (LTH3)
[2025-12-17 07:10:31.731] [info] Frame 332 (t = 1.66):	 total squared error = 0.00684913, marker error: RMS = 0.0165519, max = 0.029582 (LTH3)
[2025-12-17 07:10:31.763] [info] Frame 333 (t = 1.665):	 total squared error = 0.00691311, marker error: RMS = 0.016629, max = 0.0296888 (LTH3)
[2025-12-17 07:10:31.785] [info] Frame 334 (t = 1.67):	 total squared error = 0.00698109, marker error: RMS = 0.0167106, max = 0.0297988 (LTH3)
[2025-12-17 07:10:31.819] [info] Frame 335 (t = 1.675):	 total squared error = 0.00705121, marker error: RMS = 0.0167943, max = 0.0299468 (LTH3)
[2025-12-17 07:10:31.849] [info] Frame 336 (t = 1.68):	 total squared error = 0.00712506, marker error: RMS = 0.016882, max = 0.0300459 (LTH3)
[2025-12-17 07:10:31.878] [info] Frame 337 (t = 1.685):	 total squared error = 0.00720187, marker error: RMS = 0.0169728, max = 0.0301837 (LTH3)
[2025-12-17 07:10:31.910] [info] Frame 338 (t = 1.69):	 total squared error = 0.00728172, marker error: RMS = 0.0170666, max = 0.0303026 (LTH3)
[2025-12-17 07:10:31.940] [info] Frame 339 (t = 1.695):	 total squared error = 0.00736380, marker error: RMS = 0.0171625, max = 0.0304584 (LTH3)
[2025-12-17 07:10:31.972] [info] Frame 340 (t = 1.7):	 total squared error = 0.00744810, marker error: RMS = 0.0172605, max = 0.0306056 (LTH3)
[2025-12-17 07:10:32.006] [info] Frame 341 (t = 1.70500):	 total squared error = 0.00753459, marker error: RMS = 0.0173604, max = 0.0307051 (LTH3)
[2025-12-17 07:10:32.032] [info] Frame 342 (t = 1.71):	 total squared error = 0.00762649, marker error: RMS = 0.017466, max = 0.0308755 (LTH3)
[2025-12-17 07:10:32.059] [info] Frame 343 (t = 1.715):	 total squared error = 0.00771277, marker error: RMS = 0.0175645, max = 0.0310336 (LTH3)
[2025-12-17 07:10:32.093] [info] Frame 344 (t = 1.72):	 total squared error = 0.00780123, marker error: RMS = 0.0176649, max = 0.0311173 (LTH3)
[2025-12-17 07:10:32.111] [info] Frame 345 (t = 1.725):	 total squared error = 0.00789912, marker error: RMS = 0.0177754, max = 0.0313248 (LTHOL)
[2025-12-17 07:10:32.149] [info] Frame 346 (t = 1.73):	 total squared error = 0.00798202, marker error: RMS = 0.0178684, max = 0.0313519 (LTH3)
[2025-12-17 07:10:32.172] [info] Frame 347 (t = 1.735):	 total squared error = 0.00808022, marker error: RMS = 0.017978, max = 0.0316145 (LTHOL)
[2025-12-17 07:10:32.209] [info] Frame 348 (t = 1.74):	 total squared error = 0.00816278, marker error: RMS = 0.0180696, max = 0.0316486 (LTHOL)
[2025-12-17 07:10:32.243] [info] Frame 349 (t = 1.745):	 total squared error = 0.00825189, marker error: RMS = 0.018168, max = 0.0318789 (LTHOL)
[2025-12-17 07:10:32.282] [info] Frame 350 (t = 1.75):	 total squared error = 0.00834024, marker error: RMS = 0.018265, max = 0.0319953 (LTHOL)
[2025-12-17 07:10:32.320] [info] Frame 351 (t = 1.755):	 total squared error = 0.00842851, marker error: RMS = 0.0183614, max = 0.0322331 (LTHOL)
[2025-12-17 07:10:32.349] [info] Frame 352 (t = 1.76):	 total squared error = 0.00851745, marker error: RMS = 0.018458, max = 0.0324676 (LTHOL)
[2025-12-17 07:10:32.390] [info] Frame 353 (t = 1.765):	 total squared error = 0.00860298, marker error: RMS = 0.0185504, max = 0.0325 (LTHOL)
[2025-12-17 07:10:32.421] [info] Frame 354 (t = 1.77):	 total squared error = 0.00869034, marker error: RMS = 0.0186444, max = 0.0327426 (LTHOL)
[2025-12-17 07:10:32.444] [info] Frame 355 (t = 1.775):	 total squared error = 0.00878512, marker error: RMS = 0.0187458, max = 0.0330556 (LTHOL)
[2025-12-17 07:10:32.483] [info] Frame 356 (t = 1.78):	 total squared error = 0.00886712, marker error: RMS = 0.0188331, max = 0.0330630 (LTHOL)
[2025-12-17 07:10:32.519] [info] Frame 357 (t = 1.785):	 total squared error = 0.00895902, marker error: RMS = 0.0189304, max = 0.0333241 (LTHOL)
[2025-12-17 07:10:32.551] [info] Frame 358 (t = 1.79):	 total squared error = 0.00905274, marker error: RMS = 0.0190292, max = 0.0336061 (LTHOL)
[2025-12-17 07:10:32.585] [info] Frame 359 (t = 1.795):	 total squared error = 0.00914801, marker error: RMS = 0.019129, max = 0.0338166 (LTHOL)
[2025-12-17 07:10:32.617] [info] Frame 360 (t = 1.8):	 total squared error = 0.00924763, marker error: RMS = 0.0192329, max = 0.0340736 (LTHOL)
[2025-12-17 07:10:32.642] [info] Frame 361 (t = 1.80500):	 total squared error = 0.00934969, marker error: RMS = 0.0193388, max = 0.0342903 (LTHOL)
[2025-12-17 07:10:32.673] [info] Frame 362 (t = 1.81):	 total squared error = 0.00945367, marker error: RMS = 0.019446, max = 0.0344897 (LTHOL)
[2025-12-17 07:10:32.710] [info] Frame 363 (t = 1.815):	 total squared error = 0.00956085, marker error: RMS = 0.0195559, max = 0.0346616 (LTHOL)
[2025-12-17 07:10:32.754] [info] Frame 364 (t = 1.82):	 total squared error = 0.00966942, marker error: RMS = 0.0196666, max = 0.0347409 (LTHOL)
[2025-12-17 07:10:32.796] [info] Frame 365 (t = 1.825):	 total squared error = 0.00978317, marker error: RMS = 0.019782, max = 0.0349727 (LTHOL)
[2025-12-17 07:10:32.845] [info] Frame 366 (t = 1.83):	 total squared error = 0.00990060, marker error: RMS = 0.0199003, max = 0.0352505 (LTHOL)
[2025-12-17 07:10:32.896] [info] Frame 367 (t = 1.835):	 total squared error = 0.0100211, marker error: RMS = 0.0200211, max = 0.0354344 (LTHOL)
[2025-12-17 07:10:32.943] [info] Frame 368 (t = 1.84):	 total squared error = 0.0101430, marker error: RMS = 0.0201425, max = 0.0357593 (LTHOL)
[2025-12-17 07:10:32.996] [info] Frame 369 (t = 1.845):	 total squared error = 0.0102682, marker error: RMS = 0.0202664, max = 0.0358832 (LTHOL)
[2025-12-17 07:10:33.037] [info] Frame 370 (t = 1.85):	 total squared error = 0.0103930, marker error: RMS = 0.0203892, max = 0.036137 (LTHOL)
[2025-12-17 07:10:33.094] [info] Frame 371 (t = 1.855):	 total squared error = 0.0105212, marker error: RMS = 0.0205146, max = 0.0363398 (LTHOL)
[2025-12-17 07:10:33.139] [info] Frame 372 (t = 1.86):	 total squared error = 0.0106487, marker error: RMS = 0.0206385, max = 0.0366026 (LTHOL)
[2025-12-17 07:10:33.181] [info] Frame 373 (t = 1.865):	 total squared error = 0.0107769, marker error: RMS = 0.0207623, max = 0.0367624 (LTHOL)
[2025-12-17 07:10:33.226] [info] Frame 374 (t = 1.87):	 total squared error = 0.0109031, marker error: RMS = 0.0208836, max = 0.0371017 (LTHOL)
[2025-12-17 07:10:33.278] [info] Frame 375 (t = 1.875):	 total squared error = 0.0110306, marker error: RMS = 0.0210054, max = 0.0373058 (LTHOL)
[2025-12-17 07:10:33.325] [info] Frame 376 (t = 1.88):	 total squared error = 0.0111568, marker error: RMS = 0.0211252, max = 0.0375041 (LTHOL)
[2025-12-17 07:10:33.371] [info] Frame 377 (t = 1.885):	 total squared error = 0.0112798, marker error: RMS = 0.0212413, max = 0.037896 (LTHOL)
[2025-12-17 07:10:33.410] [info] Frame 378 (t = 1.89):	 total squared error = 0.0114038, marker error: RMS = 0.0213577, max = 0.0380742 (LTHOL)
[2025-12-17 07:10:33.437] [info] Frame 379 (t = 1.895):	 total squared error = 0.0115308, marker error: RMS = 0.0214763, max = 0.0387236 (LTHOL)
[2025-12-17 07:10:33.482] [info] Frame 380 (t = 1.9):	 total squared error = 0.0116465, marker error: RMS = 0.0215838, max = 0.038494 (LTHOL)
[2025-12-17 07:10:33.507] [info] Frame 381 (t = 1.90500):	 total squared error = 0.0117736, marker error: RMS = 0.0217012, max = 0.0392783 (LTHOL)
[2025-12-17 07:10:33.550] [info] Frame 382 (t = 1.91):	 total squared error = 0.0118823, marker error: RMS = 0.0218012, max = 0.0388813 (LTHOL)
[2025-12-17 07:10:33.576] [info] Frame 383 (t = 1.915):	 total squared error = 0.0119994, marker error: RMS = 0.0219083, max = 0.0390819 (LTHOL)
[2025-12-17 07:10:33.600] [info] Frame 384 (t = 1.92):	 total squared error = 0.0121172, marker error: RMS = 0.0220157, max = 0.0393706 (LTHOL)
[2025-12-17 07:10:33.630] [info] Frame 385 (t = 1.925):	 total squared error = 0.0122288, marker error: RMS = 0.0221168, max = 0.0395686 (LTHOL)
[2025-12-17 07:10:33.658] [info] Frame 386 (t = 1.93):	 total squared error = 0.0123374, marker error: RMS = 0.0222148, max = 0.0397014 (LTHOL)
[2025-12-17 07:10:33.689] [info] Frame 387 (t = 1.935):	 total squared error = 0.0124473, marker error: RMS = 0.0223135, max = 0.0398982 (LTHOL)
[2025-12-17 07:10:33.718] [info] Frame 388 (t = 1.94):	 total squared error = 0.0125566, marker error: RMS = 0.0224112, max = 0.0400673 (LTHOL)
[2025-12-17 07:10:33.747] [info] Frame 389 (t = 1.945):	 total squared error = 0.0126651, marker error: RMS = 0.0225079, max = 0.0402590 (LTHOL)
[2025-12-17 07:10:33.775] [info] Frame 390 (t = 1.95):	 total squared error = 0.012764, marker error: RMS = 0.0225955, max = 0.0403948 (LTHOL)
[2025-12-17 07:10:33.817] [info] Frame 391 (t = 1.955):	 total squared error = 0.012862, marker error: RMS = 0.0226821, max = 0.0404970 (LTHOL)
[2025-12-17 07:10:33.842] [info] Frame 392 (t = 1.96):	 total squared error = 0.0129683, marker error: RMS = 0.0227757, max = 0.0407984 (LTHOL)
[2025-12-17 07:10:33.886] [info] Frame 393 (t = 1.965):	 total squared error = 0.0130656, marker error: RMS = 0.022861, max = 0.0407986 (LTHOL)
[2025-12-17 07:10:33.907] [info] Frame 394 (t = 1.97):	 total squared error = 0.0131683, marker error: RMS = 0.0229506, max = 0.0410468 (LTHOL)
[2025-12-17 07:10:33.938] [info] Frame 395 (t = 1.975):	 total squared error = 0.0132666, marker error: RMS = 0.0230361, max = 0.041248 (LTHOL)
[2025-12-17 07:10:33.967] [info] Frame 396 (t = 1.98):	 total squared error = 0.0133664, marker error: RMS = 0.0231226, max = 0.0414118 (LTHOL)
[2025-12-17 07:10:33.995] [info] Frame 397 (t = 1.985):	 total squared error = 0.0134615, marker error: RMS = 0.0232048, max = 0.0415354 (LTHOL)
[2025-12-17 07:10:34.027] [info] Frame 398 (t = 1.99):	 total squared error = 0.0135579, marker error: RMS = 0.0232876, max = 0.0417025 (LTHOL)
[2025-12-17 07:10:34.055] [info] Frame 399 (t = 1.995):	 total squared error = 0.0136505, marker error: RMS = 0.023367, max = 0.041834 (LTHOL)
[2025-12-17 07:10:34.080] [info] Frame 400 (t = 2.0):	 total squared error = 0.013741, marker error: RMS = 0.0234444, max = 0.0419295 (LTHOL)
[2025-12-17 07:10:34.102] [info] Frame 401 (t = 2.00500):	 total squared error = 0.0138327, marker error: RMS = 0.0235225, max = 0.042129 (LTHOL)
[2025-12-17 07:10:34.128] [info] Frame 402 (t = 2.01):	 total squared error = 0.0139234, marker error: RMS = 0.0235995, max = 0.0423091 (LTHOL)
[2025-12-17 07:10:34.164] [info] Frame 403 (t = 2.015):	 total squared error = 0.0140008, marker error: RMS = 0.023665, max = 0.0422328 (LTHOL)
[2025-12-17 07:10:34.205] [info] Frame 404 (t = 2.02):	 total squared error = 0.0140853, marker error: RMS = 0.0237363, max = 0.0423685 (LTHOL)
[2025-12-17 07:10:34.234] [info] Frame 405 (t = 2.025):	 total squared error = 0.0141714, marker error: RMS = 0.0238087, max = 0.0425901 (LTHOL)
[2025-12-17 07:10:34.276] [info] Frame 406 (t = 2.03):	 total squared error = 0.0142486, marker error: RMS = 0.0238735, max = 0.0426275 (LTHOL)
[2025-12-17 07:10:34.301] [info] Frame 407 (t = 2.035):	 total squared error = 0.0143287, marker error: RMS = 0.0239405, max = 0.0428284 (LTHOL)
[2025-12-17 07:10:34.334] [info] Frame 408 (t = 2.04):	 total squared error = 0.0144050, marker error: RMS = 0.0240041, max = 0.0429917 (LTHOL)
[2025-12-17 07:10:34.360] [info] Frame 409 (t = 2.045):	 total squared error = 0.0144773, marker error: RMS = 0.0240643, max = 0.0431108 (LTHOL)
[2025-12-17 07:10:34.383] [info] Frame 410 (t = 2.05):	 total squared error = 0.0145464, marker error: RMS = 0.0241217, max = 0.0432486 (LTHOL)
[2025-12-17 07:10:34.407] [info] Frame 411 (t = 2.055):	 total squared error = 0.0146121, marker error: RMS = 0.0241761, max = 0.0433505 (LTHOL)
[2025-12-17 07:10:34.432] [info] Frame 412 (t = 2.06):	 total squared error = 0.0146736, marker error: RMS = 0.0242269, max = 0.0434089 (LTHOL)
[2025-12-17 07:10:34.477] [info] Frame 413 (t = 2.065):	 total squared error = 0.0147185, marker error: RMS = 0.024264, max = 0.0432605 (LTHOL)
[2025-12-17 07:10:34.505] [info] Frame 414 (t = 2.07):	 total squared error = 0.0147723, marker error: RMS = 0.0243083, max = 0.043428 (LTHOL)
[2025-12-17 07:10:34.527] [info] Frame 415 (t = 2.075):	 total squared error = 0.0148223, marker error: RMS = 0.0243494, max = 0.0435994 (LTHOL)
[2025-12-17 07:10:34.559] [info] Frame 416 (t = 2.08):	 total squared error = 0.0148658, marker error: RMS = 0.0243851, max = 0.0436494 (LTHOL)
[2025-12-17 07:10:34.586] [info] Frame 417 (t = 2.085):	 total squared error = 0.0149096, marker error: RMS = 0.024421, max = 0.0437375 (LTHOL)
[2025-12-17 07:10:34.612] [info] Frame 418 (t = 2.09):	 total squared error = 0.0149499, marker error: RMS = 0.024454, max = 0.0437306 (LTHOL)
[2025-12-17 07:10:34.636] [info] Frame 419 (t = 2.095):	 total squared error = 0.0149863, marker error: RMS = 0.0244837, max = 0.043869 (LTHOL)
[2025-12-17 07:10:34.667] [info] Frame 420 (t = 2.1):	 total squared error = 0.0150155, marker error: RMS = 0.0245075, max = 0.0437379 (LTHOL)
[2025-12-17 07:10:34.695] [info] Frame 421 (t = 2.10500):	 total squared error = 0.0150554, marker error: RMS = 0.0245401, max = 0.0439539 (LTHOL)
[2025-12-17 07:10:34.723] [info] Frame 422 (t = 2.11):	 total squared error = 0.0150886, marker error: RMS = 0.0245672, max = 0.0440507 (LTHOL)
[2025-12-17 07:10:34.751] [info] Frame 423 (t = 2.115):	 total squared error = 0.0151241, marker error: RMS = 0.024596, max = 0.0441557 (LTHOL)
[2025-12-17 07:10:34.780] [info] Frame 424 (t = 2.12):	 total squared error = 0.0151572, marker error: RMS = 0.0246229, max = 0.0442262 (LTHOL)
[2025-12-17 07:10:34.809] [info] Frame 425 (t = 2.125):	 total squared error = 0.0151912, marker error: RMS = 0.0246505, max = 0.0443023 (LTHOL)
[2025-12-17 07:10:34.835] [info] Frame 426 (t = 2.13):	 total squared error = 0.0152258, marker error: RMS = 0.0246786, max = 0.0443834 (LTHOL)
[2025-12-17 07:10:34.859] [info] Frame 427 (t = 2.135):	 total squared error = 0.0152617, marker error: RMS = 0.0247077, max = 0.0445076 (LTHOL)
[2025-12-17 07:10:34.885] [info] Frame 428 (t = 2.14):	 total squared error = 0.0152971, marker error: RMS = 0.0247363, max = 0.0446087 (LTHOL)
[2025-12-17 07:10:34.911] [info] Frame 429 (t = 2.145):	 total squared error = 0.0153298, marker error: RMS = 0.0247627, max = 0.0446787 (LTHOL)
[2025-12-17 07:10:34.955] [info] Frame 430 (t = 2.15):	 total squared error = 0.0153544, marker error: RMS = 0.0247825, max = 0.0445139 (LTHOL)
[2025-12-17 07:10:34.987] [info] Frame 431 (t = 2.155):	 total squared error = 0.0153886, marker error: RMS = 0.0248102, max = 0.0446706 (LTHOL)
[2025-12-17 07:10:35.023] [info] Frame 432 (t = 2.16):	 total squared error = 0.0154222, marker error: RMS = 0.0248372, max = 0.0446697 (LTHOL)
[2025-12-17 07:10:35.048] [info] Frame 433 (t = 2.165):	 total squared error = 0.0154613, marker error: RMS = 0.0248687, max = 0.0448819 (LTHOL)
[2025-12-17 07:10:35.085] [info] Frame 434 (t = 2.17):	 total squared error = 0.0154963, marker error: RMS = 0.0248969, max = 0.0448409 (LTHOL)
[2025-12-17 07:10:35.104] [info] Frame 435 (t = 2.175):	 total squared error = 0.0155383, marker error: RMS = 0.0249306, max = 0.0450635 (LTHOL)
[2025-12-17 07:10:35.146] [info] Frame 436 (t = 2.18):	 total squared error = 0.0155717, marker error: RMS = 0.0249573, max = 0.0449934 (LTHOL)
[2025-12-17 07:10:35.174] [info] Frame 437 (t = 2.185):	 total squared error = 0.0156154, marker error: RMS = 0.0249923, max = 0.0453262 (LTHOL)
[2025-12-17 07:10:35.212] [info] Frame 438 (t = 2.19):	 total squared error = 0.0156569, marker error: RMS = 0.0250255, max = 0.0451928 (LTHOL)
[2025-12-17 07:10:35.250] [info] Frame 439 (t = 2.195):	 total squared error = 0.0157007, marker error: RMS = 0.0250605, max = 0.0452686 (LTHOL)
[2025-12-17 07:10:35.276] [info] Frame 440 (t = 2.2):	 total squared error = 0.0157471, marker error: RMS = 0.0250975, max = 0.0455318 (LTHOL)
[2025-12-17 07:10:35.316] [info] Frame 441 (t = 2.20500):	 total squared error = 0.0157933, marker error: RMS = 0.0251343, max = 0.0454277 (LTHOL)
[2025-12-17 07:10:35.353] [info] Frame 442 (t = 2.21):	 total squared error = 0.0158412, marker error: RMS = 0.0251723, max = 0.0454966 (LTHOL)
[2025-12-17 07:10:35.396] [info] Frame 443 (t = 2.215):	 total squared error = 0.0158911, marker error: RMS = 0.025212, max = 0.0456481 (LTHOL)
[2025-12-17 07:10:35.422] [info] Frame 444 (t = 2.22):	 total squared error = 0.015944, marker error: RMS = 0.0252539, max = 0.0460135 (LTHOL)
[2025-12-17 07:10:35.458] [info] Frame 445 (t = 2.225):	 total squared error = 0.015994, marker error: RMS = 0.0252934, max = 0.0458888 (LTHOL)
[2025-12-17 07:10:35.489] [info] Frame 446 (t = 2.23):	 total squared error = 0.0160470, marker error: RMS = 0.0253353, max = 0.0458709 (LTHOL)
[2025-12-17 07:10:35.517] [info] Frame 447 (t = 2.235):	 total squared error = 0.0161023, marker error: RMS = 0.0253789, max = 0.0463123 (LTHOL)
[2025-12-17 07:10:35.555] [info] Frame 448 (t = 2.24):	 total squared error = 0.0161545, marker error: RMS = 0.0254201, max = 0.0461693 (LTHOL)
[2025-12-17 07:10:35.576] [info] Frame 449 (t = 2.245):	 total squared error = 0.0162147, marker error: RMS = 0.0254674, max = 0.0466039 (LTHOL)
[2025-12-17 07:10:35.605] [info] Frame 450 (t = 2.25):	 total squared error = 0.016268, marker error: RMS = 0.0255092, max = 0.0467772 (LTHOL)
[2025-12-17 07:10:35.642] [info] Frame 451 (t = 2.255):	 total squared error = 0.0163179, marker error: RMS = 0.0255483, max = 0.046457 (LTHOL)
[2025-12-17 07:10:35.692] [info] Frame 452 (t = 2.26):	 total squared error = 0.0163718, marker error: RMS = 0.0255905, max = 0.0465512 (LTHOL)
[2025-12-17 07:10:35.748] [info] Frame 453 (t = 2.265):	 total squared error = 0.0164262, marker error: RMS = 0.025633, max = 0.0466922 (LTHOL)
[2025-12-17 07:10:35.778] [info] Frame 454 (t = 2.27):	 total squared error = 0.0164856, marker error: RMS = 0.0256792, max = 0.0470883 (LTHOL)
[2025-12-17 07:10:35.822] [info] Frame 455 (t = 2.275):	 total squared error = 0.0165295, marker error: RMS = 0.0257135, max = 0.0467973 (LTHOL)
[2025-12-17 07:10:35.875] [info] Frame 456 (t = 2.28):	 total squared error = 0.0165806, marker error: RMS = 0.0257531, max = 0.0468772 (LTHOL)
[2025-12-17 07:10:35.912] [info] Frame 457 (t = 2.285):	 total squared error = 0.0166324, marker error: RMS = 0.0257933, max = 0.0472614 (LTHOL)
[2025-12-17 07:10:35.937] [info] Frame 458 (t = 2.29):	 total squared error = 0.0166797, marker error: RMS = 0.02583, max = 0.0473288 (LTHOL)
[2025-12-17 07:10:35.961] [info] Frame 459 (t = 2.295):	 total squared error = 0.0167287, marker error: RMS = 0.0258679, max = 0.0472842 (LTHOL)
[2025-12-17 07:10:35.991] [info] Frame 460 (t = 2.3):	 total squared error = 0.0167738, marker error: RMS = 0.0259027, max = 0.0474308 (LTHOL)
[2025-12-17 07:10:36.015] [info] Frame 461 (t = 2.30500):	 total squared error = 0.0168161, marker error: RMS = 0.0259354, max = 0.0474536 (LTHOL)
[2025-12-17 07:10:36.052] [info] Frame 462 (t = 2.31):	 total squared error = 0.0168502, marker error: RMS = 0.0259616, max = 0.0472163 (LTHOL)
[2025-12-17 07:10:36.077] [info] Frame 463 (t = 2.315):	 total squared error = 0.0168912, marker error: RMS = 0.0259932, max = 0.0474153 (LTHOL)
[2025-12-17 07:10:36.109] [info] Frame 464 (t = 2.32):	 total squared error = 0.0169238, marker error: RMS = 0.0260183, max = 0.0473501 (LTHOL)
[2025-12-17 07:10:36.135] [info] Frame 465 (t = 2.325):	 total squared error = 0.0169592, marker error: RMS = 0.0260455, max = 0.0474772 (LTHOL)
[2025-12-17 07:10:36.161] [info] Frame 466 (t = 2.33):	 total squared error = 0.0169908, marker error: RMS = 0.0260698, max = 0.0475098 (LTHOL)
[2025-12-17 07:10:36.197] [info] Frame 467 (t = 2.335):	 total squared error = 0.0170136, marker error: RMS = 0.0260872, max = 0.0473465 (LTHOL)
[2025-12-17 07:10:36.226] [info] Frame 468 (t = 2.34):	 total squared error = 0.0170388, marker error: RMS = 0.0261066, max = 0.0474172 (LTHOL)
[2025-12-17 07:10:36.246] [info] Frame 469 (t = 2.345):	 total squared error = 0.0170627, marker error: RMS = 0.0261249, max = 0.0475529 (LTHOL)
[2025-12-17 07:10:36.275] [info] Frame 470 (t = 2.35):	 total squared error = 0.0170836, marker error: RMS = 0.0261409, max = 0.0475496 (LTHOL)
[2025-12-17 07:10:36.302] [info] Frame 471 (t = 2.355):	 total squared error = 0.0171019, marker error: RMS = 0.0261548, max = 0.0476189 (LTHOL)
[2025-12-17 07:10:36.327] [info] Frame 472 (t = 2.36):	 total squared error = 0.0171171, marker error: RMS = 0.0261664, max = 0.0476421 (LTHOL)
[2025-12-17 07:10:36.352] [info] Frame 473 (t = 2.365):	 total squared error = 0.0171312, marker error: RMS = 0.0261772, max = 0.047743 (LTHOL)
[2025-12-17 07:10:36.375] [info] Frame 474 (t = 2.37):	 total squared error = 0.0171441, marker error: RMS = 0.0261871, max = 0.0477746 (LTHOL)
[2025-12-17 07:10:36.406] [info] Frame 475 (t = 2.375):	 total squared error = 0.0171399, marker error: RMS = 0.0261839, max = 0.0474019 (LTHOL)
[2025-12-17 07:10:36.442] [info] Frame 476 (t = 2.38):	 total squared error = 0.0171429, marker error: RMS = 0.0261862, max = 0.0473617 (LTHOL)
[2025-12-17 07:10:36.468] [info] Frame 477 (t = 2.385):	 total squared error = 0.0171452, marker error: RMS = 0.0261879, max = 0.0474523 (LTHOL)
[2025-12-17 07:10:36.491] [info] Frame 478 (t = 2.39):	 total squared error = 0.0171451, marker error: RMS = 0.0261879, max = 0.04748 (LTHOL)
[2025-12-17 07:10:36.512] [info] Frame 479 (t = 2.395):	 total squared error = 0.0171438, marker error: RMS = 0.0261869, max = 0.0475427 (LTHOL)
[2025-12-17 07:10:36.534] [info] Frame 480 (t = 2.4):	 total squared error = 0.0171396, marker error: RMS = 0.0261837, max = 0.0476019 (LTHOL)
[2025-12-17 07:10:36.561] [info] Frame 481 (t = 2.40500):	 total squared error = 0.0171273, marker error: RMS = 0.0261743, max = 0.0474228 (LTHOL)
[2025-12-17 07:10:36.598] [info] Frame 482 (t = 2.41):	 total squared error = 0.0171142, marker error: RMS = 0.0261643, max = 0.0472698 (LTHOL)
[2025-12-17 07:10:36.635] [info] Frame 483 (t = 2.415):	 total squared error = 0.0171042, marker error: RMS = 0.0261566, max = 0.047245 (LTHOL)
[2025-12-17 07:10:36.677] [info] Frame 484 (t = 2.42):	 total squared error = 0.0170920, marker error: RMS = 0.0261473, max = 0.0472208 (LTHOL)
[2025-12-17 07:10:36.720] [info] Frame 485 (t = 2.425):	 total squared error = 0.0170809, marker error: RMS = 0.0261387, max = 0.0472392 (LTHOL)
[2025-12-17 07:10:36.772] [info] Frame 486 (t = 2.43):	 total squared error = 0.0170701, marker error: RMS = 0.0261305, max = 0.0471819 (LTHOL)
[2025-12-17 07:10:36.828] [info] Frame 487 (t = 2.435):	 total squared error = 0.0170581, marker error: RMS = 0.0261213, max = 0.0471131 (LTHOL)
[2025-12-17 07:10:36.887] [info] Frame 488 (t = 2.44):	 total squared error = 0.0170466, marker error: RMS = 0.0261126, max = 0.0470926 (LTHOL)
[2025-12-17 07:10:36.928] [info] Frame 489 (t = 2.445):	 total squared error = 0.0170367, marker error: RMS = 0.0261050, max = 0.0471073 (LTHOL)
[2025-12-17 07:10:36.981] [info] Frame 490 (t = 2.45):	 total squared error = 0.0170275, marker error: RMS = 0.0260979, max = 0.0470556 (LTHOL)
[2025-12-17 07:10:37.031] [info] Frame 491 (t = 2.455):	 total squared error = 0.0170179, marker error: RMS = 0.0260905, max = 0.0470113 (LTHOL)
[2025-12-17 07:10:37.077] [info] Frame 492 (t = 2.46):	 total squared error = 0.0170096, marker error: RMS = 0.0260842, max = 0.0469908 (LTHOL)
[2025-12-17 07:10:37.139] [info] Frame 493 (t = 2.465):	 total squared error = 0.0170025, marker error: RMS = 0.0260787, max = 0.0469569 (LTHOL)
[2025-12-17 07:10:37.165] [info] Frame 494 (t = 2.47):	 total squared error = 0.0170032, marker error: RMS = 0.0260792, max = 0.047298 (LTHOL)
[2025-12-17 07:10:37.224] [info] Frame 495 (t = 2.475):	 total squared error = 0.0169896, marker error: RMS = 0.0260688, max = 0.0469218 (LTHOL)
[2025-12-17 07:10:37.257] [info] Frame 496 (t = 2.48):	 total squared error = 0.0169902, marker error: RMS = 0.0260693, max = 0.0471345 (LTHOL)
[2025-12-17 07:10:37.328] [info] Frame 497 (t = 2.485):	 total squared error = 0.0169798, marker error: RMS = 0.0260613, max = 0.0468967 (LTHOL)
[2025-12-17 07:10:37.376] [info] Frame 498 (t = 2.49):	 total squared error = 0.0169752, marker error: RMS = 0.0260578, max = 0.0468634 (LTHOL)
[2025-12-17 07:10:37.405] [info] Frame 499 (t = 2.495):	 total squared error = 0.0169772, marker error: RMS = 0.0260593, max = 0.0470835 (LTHOL)
[2025-12-17 07:10:37.445] [info] Frame 500 (t = 2.5):	 total squared error = 0.0169739, marker error: RMS = 0.0260568, max = 0.0470751 (LTHOL)
[2025-12-17 07:10:37.491] [info] Frame 501 (t = 2.50500):	 total squared error = 0.0169648, marker error: RMS = 0.0260498, max = 0.0467991 (LTHOL)
[2025-12-17 07:10:37.542] [info] Frame 502 (t = 2.51):	 total squared error = 0.0169643, marker error: RMS = 0.0260494, max = 0.0468122 (LTHOL)
[2025-12-17 07:10:37.625] [info] Frame 503 (t = 2.515):	 total squared error = 0.0169586, marker error: RMS = 0.0260451, max = 0.0467576 (LTHOL)
[2025-12-17 07:10:37.700] [info] Frame 504 (t = 2.52):	 total squared error = 0.0169559, marker error: RMS = 0.0260430, max = 0.0467432 (LTHOL)
[2025-12-17 07:10:37.747] [info] Frame 505 (t = 2.525):	 total squared error = 0.0169508, marker error: RMS = 0.0260390, max = 0.0467693 (LTHOL)
[2025-12-17 07:10:37.789] [info] Frame 506 (t = 2.53):	 total squared error = 0.0169442, marker error: RMS = 0.0260340, max = 0.0467374 (LTHOL)
[2025-12-17 07:10:37.827] [info] Frame 507 (t = 2.535):	 total squared error = 0.0169373, marker error: RMS = 0.0260287, max = 0.0467078 (LTHOL)
[2025-12-17 07:10:37.887] [info] Frame 508 (t = 2.54):	 total squared error = 0.016924, marker error: RMS = 0.0260185, max = 0.0465964 (LTHOL)
[2025-12-17 07:10:37.921] [info] Frame 509 (t = 2.545):	 total squared error = 0.0169181, marker error: RMS = 0.0260139, max = 0.046887 (LTHOL)
[2025-12-17 07:10:37.959] [info] Frame 510 (t = 2.55):	 total squared error = 0.0168969, marker error: RMS = 0.0259976, max = 0.04648 (LTHOL)
[2025-12-17 07:10:37.991] [info] Frame 511 (t = 2.555):	 total squared error = 0.0168795, marker error: RMS = 0.0259842, max = 0.0465586 (LTHOL)
[2025-12-17 07:10:38.025] [info] Frame 512 (t = 2.56):	 total squared error = 0.0168615, marker error: RMS = 0.0259704, max = 0.0465555 (LTHOL)
[2025-12-17 07:10:38.082] [info] Frame 513 (t = 2.565):	 total squared error = 0.0168282, marker error: RMS = 0.0259447, max = 0.0463721 (LTHOL)
[2025-12-17 07:10:38.129] [info] Frame 514 (t = 2.57):	 total squared error = 0.0167962, marker error: RMS = 0.02592, max = 0.0463035 (LTHOL)
[2025-12-17 07:10:38.155] [info] Frame 515 (t = 2.575):	 total squared error = 0.0167646, marker error: RMS = 0.0258956, max = 0.0466015 (LTHOL)
[2025-12-17 07:10:38.176] [info] Frame 516 (t = 2.58):	 total squared error = 0.0167225, marker error: RMS = 0.0258631, max = 0.0465277 (LTHOL)
[2025-12-17 07:10:38.202] [info] Frame 517 (t = 2.585):	 total squared error = 0.0166751, marker error: RMS = 0.0258264, max = 0.0465104 (LTHOL)
[2025-12-17 07:10:38.246] [info] Frame 518 (t = 2.59):	 total squared error = 0.0166064, marker error: RMS = 0.0257731, max = 0.0460444 (LTHOL)
[2025-12-17 07:10:38.269] [info] Frame 519 (t = 2.595):	 total squared error = 0.016543, marker error: RMS = 0.0257239, max = 0.0461305 (LTHOL)
[2025-12-17 07:10:38.292] [info] Frame 520 (t = 2.6):	 total squared error = 0.0164695, marker error: RMS = 0.0256667, max = 0.0460838 (LTHOL)
[2025-12-17 07:10:38.318] [info] Frame 521 (t = 2.60500):	 total squared error = 0.0163847, marker error: RMS = 0.0256005, max = 0.0459229 (LTHOL)
[2025-12-17 07:10:38.347] [info] Frame 522 (t = 2.61):	 total squared error = 0.0162914, marker error: RMS = 0.0255275, max = 0.045673 (LTHOL)
[2025-12-17 07:10:38.382] [info] Frame 523 (t = 2.615):	 total squared error = 0.0161877, marker error: RMS = 0.0254462, max = 0.0454831 (LTHOL)
[2025-12-17 07:10:38.407] [info] Frame 524 (t = 2.62):	 total squared error = 0.0160801, marker error: RMS = 0.0253614, max = 0.0454119 (LTHOL)
[2025-12-17 07:10:38.427] [info] Frame 525 (t = 2.625):	 total squared error = 0.0159632, marker error: RMS = 0.0252691, max = 0.0453631 (LTHOL)
[2025-12-17 07:10:38.452] [info] Frame 526 (t = 2.63):	 total squared error = 0.0158338, marker error: RMS = 0.0251665, max = 0.0451534 (LTHOL)
[2025-12-17 07:10:38.490] [info] Frame 527 (t = 2.635):	 total squared error = 0.0156882, marker error: RMS = 0.0250505, max = 0.0445703 (LTHOL)
[2025-12-17 07:10:38.513] [info] Frame 528 (t = 2.64):	 total squared error = 0.0155436, marker error: RMS = 0.0249348, max = 0.0444878 (LTHOL)
[2025-12-17 07:10:38.541] [info] Frame 529 (t = 2.645):	 total squared error = 0.0153883, marker error: RMS = 0.0248099, max = 0.0443042 (LTHOL)
[2025-12-17 07:10:38.564] [info] Frame 530 (t = 2.65):	 total squared error = 0.0152218, marker error: RMS = 0.0246753, max = 0.0438899 (LTHOL)
[2025-12-17 07:10:38.595] [info] Frame 531 (t = 2.655):	 total squared error = 0.0150466, marker error: RMS = 0.0245329, max = 0.0435573 (LTHOL)
[2025-12-17 07:10:38.620] [info] Frame 532 (t = 2.66):	 total squared error = 0.0148695, marker error: RMS = 0.0243881, max = 0.0432543 (LTHOL)
[2025-12-17 07:10:38.645] [info] Frame 533 (t = 2.665):	 total squared error = 0.0146816, marker error: RMS = 0.0242335, max = 0.0428516 (LTHOL)
[2025-12-17 07:10:38.668] [info] Frame 534 (t = 2.67):	 total squared error = 0.0144962, marker error: RMS = 0.0240800, max = 0.0425235 (LTHOL)
[2025-12-17 07:10:38.698] [info] Frame 535 (t = 2.675):	 total squared error = 0.0143030, marker error: RMS = 0.023919, max = 0.0421139 (LTHOL)
[2025-12-17 07:10:38.725] [info] Frame 536 (t = 2.68):	 total squared error = 0.0140991, marker error: RMS = 0.0237479, max = 0.0415981 (LTHOL)
[2025-12-17 07:10:38.754] [info] Frame 537 (t = 2.685):	 total squared error = 0.0138979, marker error: RMS = 0.0235778, max = 0.0411234 (LTHOL)
[2025-12-17 07:10:38.784] [info] Frame 538 (t = 2.69):	 total squared error = 0.0136911, marker error: RMS = 0.0234018, max = 0.0407778 (LTHOL)
[2025-12-17 07:10:38.814] [info] Frame 539 (t = 2.695):	 total squared error = 0.0134832, marker error: RMS = 0.0232234, max = 0.0403333 (LTHOL)
[2025-12-17 07:10:38.861] [info] Frame 540 (t = 2.7):	 total squared error = 0.0132664, marker error: RMS = 0.0230360, max = 0.0396263 (LTHOL)
[2025-12-17 07:10:38.905] [info] Frame 541 (t = 2.70500):	 total squared error = 0.0130538, marker error: RMS = 0.0228506, max = 0.0392259 (LTHOL)
[2025-12-17 07:10:38.952] [info] Frame 542 (t = 2.71):	 total squared error = 0.0128395, marker error: RMS = 0.0226623, max = 0.038732 (LTHOL)
[2025-12-17 07:10:38.993] [info] Frame 543 (t = 2.715):	 total squared error = 0.0126227, marker error: RMS = 0.0224701, max = 0.0382039 (LTHOL)
[2025-12-17 07:10:39.037] [info] Frame 544 (t = 2.72):	 total squared error = 0.0124072, marker error: RMS = 0.0222775, max = 0.0377391 (LTHOL)
[2025-12-17 07:10:39.099] [info] Frame 545 (t = 2.725):	 total squared error = 0.0121897, marker error: RMS = 0.0220814, max = 0.0373209 (LTHOL)
[2025-12-17 07:10:39.155] [info] Frame 546 (t = 2.73):	 total squared error = 0.0119729, marker error: RMS = 0.0218842, max = 0.0368585 (LTHOL)
[2025-12-17 07:10:39.190] [info] Frame 547 (t = 2.735):	 total squared error = 0.0117533, marker error: RMS = 0.0216825, max = 0.0363245 (LTHOL)
[2025-12-17 07:10:39.201] [info] Frame 548 (t = 2.74):	 total squared error = 0.0115368, marker error: RMS = 0.0214819, max = 0.0358339 (LTHOL)
[2025-12-17 07:10:39.216] [info] Frame 549 (t = 2.745):	 total squared error = 0.0113231, marker error: RMS = 0.021282, max = 0.0353335 (LTHOL)
[2025-12-17 07:10:39.243] [info] Frame 550 (t = 2.75):	 total squared error = 0.0111159, marker error: RMS = 0.0210864, max = 0.0349461 (LTHOL)
[2025-12-17 07:10:39.259] [info] Frame 551 (t = 2.755):	 total squared error = 0.0109079, marker error: RMS = 0.0208882, max = 0.0344311 (LTHOL)
[2025-12-17 07:10:39.275] [info] Frame 552 (t = 2.76):	 total squared error = 0.0107057, marker error: RMS = 0.0206937, max = 0.0339521 (LTHOL)
[2025-12-17 07:10:39.291] [info] Frame 553 (t = 2.765):	 total squared error = 0.0105092, marker error: RMS = 0.0205029, max = 0.0334918 (LTHOL)
[2025-12-17 07:10:39.310] [info] Frame 554 (t = 2.77):	 total squared error = 0.0103184, marker error: RMS = 0.0203159, max = 0.0330355 (LTHOL)
[2025-12-17 07:10:39.324] [info] Frame 555 (t = 2.775):	 total squared error = 0.0101336, marker error: RMS = 0.0201332, max = 0.0325797 (LTHOL)
[2025-12-17 07:10:39.345] [info] Frame 556 (t = 2.78):	 total squared error = 0.00995444, marker error: RMS = 0.0199544, max = 0.0323879 (LTH3)
[2025-12-17 07:10:39.365] [info] Frame 557 (t = 2.785):	 total squared error = 0.00977923, marker error: RMS = 0.019778, max = 0.0320828 (LTH3)
[2025-12-17 07:10:39.387] [info] Frame 558 (t = 2.79):	 total squared error = 0.00961128, marker error: RMS = 0.0196074, max = 0.031799 (LTH3)
[2025-12-17 07:10:39.402] [info] Frame 559 (t = 2.795):	 total squared error = 0.00945007, marker error: RMS = 0.0194423, max = 0.0314932 (LTH3)
[2025-12-17 07:10:39.415] [info] Frame 560 (t = 2.8):	 total squared error = 0.00929492, marker error: RMS = 0.019282, max = 0.0312309 (LTH3)
[2025-12-17 07:10:39.428] [info] Frame 561 (t = 2.80500):	 total squared error = 0.00914555, marker error: RMS = 0.0191265, max = 0.0309353 (LTH3)
[2025-12-17 07:10:39.445] [info] Frame 562 (t = 2.81):	 total squared error = 0.00900159, marker error: RMS = 0.0189753, max = 0.0306418 (LTH3)
[2025-12-17 07:10:39.478] [info] Frame 563 (t = 2.815):	 total squared error = 0.00885196, marker error: RMS = 0.018817, max = 0.0306540 (LTH3)
[2025-12-17 07:10:39.492] [info] Frame 564 (t = 2.82):	 total squared error = 0.00871411, marker error: RMS = 0.0186699, max = 0.0303260 (LTH3)
[2025-12-17 07:10:39.508] [info] Frame 565 (t = 2.825):	 total squared error = 0.00858254, marker error: RMS = 0.0185284, max = 0.0300135 (LTH3)
[2025-12-17 07:10:39.523] [info] Frame 566 (t = 2.83):	 total squared error = 0.00845636, marker error: RMS = 0.0183917, max = 0.029697 (LTH3)
[2025-12-17 07:10:39.535] [info] Frame 567 (t = 2.835):	 total squared error = 0.00833491, marker error: RMS = 0.0182591, max = 0.0293888 (LTH3)
[2025-12-17 07:10:39.547] [info] Frame 568 (t = 2.84):	 total squared error = 0.00821778, marker error: RMS = 0.0181304, max = 0.0290957 (LTH3)
[2025-12-17 07:10:39.577] [info] Frame 569 (t = 2.845):	 total squared error = 0.00809033, marker error: RMS = 0.0179892, max = 0.0291132 (LTH3)
[2025-12-17 07:10:39.592] [info] Frame 570 (t = 2.85):	 total squared error = 0.00797625, marker error: RMS = 0.017862, max = 0.0287323 (LTH3)
[2025-12-17 07:10:39.608] [info] Frame 571 (t = 2.855):	 total squared error = 0.00786776, marker error: RMS = 0.0177401, max = 0.0284040 (LTH3)
[2025-12-17 07:10:39.642] [info] Frame 572 (t = 2.86):	 total squared error = 0.00775721, marker error: RMS = 0.017615, max = 0.0283078 (LTH3)
[2025-12-17 07:10:39.660] [info] Frame 573 (t = 2.865):	 total squared error = 0.00765235, marker error: RMS = 0.0174955, max = 0.0280168 (LTH3)
[2025-12-17 07:10:39.681] [info] Frame 574 (t = 2.87):	 total squared error = 0.00755016, marker error: RMS = 0.0173783, max = 0.0275869 (LTH3)
[2025-12-17 07:10:39.702] [info] Frame 575 (t = 2.875):	 total squared error = 0.00745196, marker error: RMS = 0.0172649, max = 0.0272381 (LTH3)
[2025-12-17 07:10:39.728] [info] Frame 576 (t = 2.88):	 total squared error = 0.00734970, marker error: RMS = 0.0171461, max = 0.0271385 (LTH3)
[2025-12-17 07:10:39.744] [info] Frame 577 (t = 2.885):	 total squared error = 0.00725043, marker error: RMS = 0.0170299, max = 0.0267074 (LTH3)
[2025-12-17 07:10:39.759] [info] Frame 578 (t = 2.89):	 total squared error = 0.00715363, marker error: RMS = 0.0169158, max = 0.0263301 (LTH3)
[2025-12-17 07:10:39.796] [info] Frame 579 (t = 2.895):	 total squared error = 0.00704298, marker error: RMS = 0.0167845, max = 0.0263099 (LTH3)
[2025-12-17 07:10:39.813] [info] Frame 580 (t = 2.9):	 total squared error = 0.00694034, marker error: RMS = 0.0166617, max = 0.0259983 (SACROL)
[2025-12-17 07:10:39.845] [info] Frame 581 (t = 2.90500):	 total squared error = 0.00683488, marker error: RMS = 0.0165347, max = 0.0257134 (LTH3)
[2025-12-17 07:10:39.865] [info] Frame 582 (t = 2.91):	 total squared error = 0.00672924, marker error: RMS = 0.0164064, max = 0.0257575 (SACROL)
[2025-12-17 07:10:39.892] [info] Frame 583 (t = 2.915):	 total squared error = 0.00662069, marker error: RMS = 0.0162735, max = 0.0253843 (SACROL)
[2025-12-17 07:10:39.908] [info] Frame 584 (t = 2.92):	 total squared error = 0.00651260, marker error: RMS = 0.0161401, max = 0.0256999 (SACROL)
[2025-12-17 07:10:39.926] [info] Frame 585 (t = 2.925):	 total squared error = 0.00640731, marker error: RMS = 0.0160091, max = 0.0258555 (SACROL)
[2025-12-17 07:10:39.949] [info] Frame 586 (t = 2.93):	 total squared error = 0.00628989, marker error: RMS = 0.0158618, max = 0.0251638 (SACROL)
[2025-12-17 07:10:39.962] [info] Frame 587 (t = 2.935):	 total squared error = 0.00618015, marker error: RMS = 0.0157228, max = 0.0255066 (SACROL)
[2025-12-17 07:10:39.984] [info] Frame 588 (t = 2.94):	 total squared error = 0.00606210, marker error: RMS = 0.0155719, max = 0.024831 (SACROL)
[2025-12-17 07:10:39.998] [info] Frame 589 (t = 2.945):	 total squared error = 0.00595162, marker error: RMS = 0.0154293, max = 0.0251415 (SACROL)
[2025-12-17 07:10:40.026] [info] Frame 590 (t = 2.95):	 total squared error = 0.00583674, marker error: RMS = 0.0152797, max = 0.0245498 (SACROL)
[2025-12-17 07:10:40.043] [info] Frame 591 (t = 2.955):	 total squared error = 0.00572773, marker error: RMS = 0.0151363, max = 0.0248126 (SACROL)
[2025-12-17 07:10:40.059] [info] Frame 592 (t = 2.96):	 total squared error = 0.00562539, marker error: RMS = 0.0150005, max = 0.0249867 (SACROL)
[2025-12-17 07:10:40.100] [info] Frame 593 (t = 2.965):	 total squared error = 0.00550413, marker error: RMS = 0.014838, max = 0.0241034 (SACROL)
[2025-12-17 07:10:40.127] [info] Frame 594 (t = 2.97):	 total squared error = 0.00539791, marker error: RMS = 0.0146941, max = 0.0239634 (SACROL)
[2025-12-17 07:10:40.155] [info] Frame 595 (t = 2.975):	 total squared error = 0.00529203, marker error: RMS = 0.0145493, max = 0.0238127 (SACROL)
[2025-12-17 07:10:40.170] [info] Frame 596 (t = 2.98):	 total squared error = 0.00519212, marker error: RMS = 0.0144113, max = 0.0242655 (SACROL)
[2025-12-17 07:10:40.184] [info] Frame 597 (t = 2.985):	 total squared error = 0.00509918, marker error: RMS = 0.0142817, max = 0.024239 (SACROL)
[2025-12-17 07:10:40.212] [info] Frame 598 (t = 2.99):	 total squared error = 0.00498422, marker error: RMS = 0.0141198, max = 0.0239462 (XIPH)
[2025-12-17 07:10:40.225] [info] Frame 599 (t = 2.995):	 total squared error = 0.00488927, marker error: RMS = 0.0139847, max = 0.0240067 (XIPH)
[2025-12-17 07:10:40.260] [info] Frame 600 (t = 3.0):	 total squared error = 0.00478392, marker error: RMS = 0.0138332, max = 0.0241028 (XIPH)
[2025-12-17 07:10:40.291] [info] Frame 601 (t = 3.00500):	 total squared error = 0.00468688, marker error: RMS = 0.0136922, max = 0.0241449 (XIPH)
[2025-12-17 07:10:40.313] [info] Frame 602 (t = 3.01):	 total squared error = 0.00459291, marker error: RMS = 0.0135542, max = 0.0242913 (XIPH)
[2025-12-17 07:10:40.327] [info] Frame 603 (t = 3.015):	 total squared error = 0.00450596, marker error: RMS = 0.0134253, max = 0.0243355 (XIPH)
[2025-12-17 07:10:40.355] [info] Frame 604 (t = 3.02):	 total squared error = 0.00440595, marker error: RMS = 0.0132755, max = 0.024383 (XIPH)
[2025-12-17 07:10:40.373] [info] Frame 605 (t = 3.025):	 total squared error = 0.00432105, marker error: RMS = 0.0131469, max = 0.0244428 (XIPH)
[2025-12-17 07:10:40.397] [info] Frame 606 (t = 3.03):	 total squared error = 0.00423075, marker error: RMS = 0.0130088, max = 0.0246743 (XIPH)
[2025-12-17 07:10:40.432] [info] Frame 607 (t = 3.035):	 total squared error = 0.00413996, marker error: RMS = 0.0128685, max = 0.024637 (XIPH)
[2025-12-17 07:10:40.450] [info] Frame 608 (t = 3.04):	 total squared error = 0.00405958, marker error: RMS = 0.012743, max = 0.0247719 (XIPH)
[2025-12-17 07:10:40.476] [info] Frame 609 (t = 3.045):	 total squared error = 0.00397525, marker error: RMS = 0.0126099, max = 0.0248242 (XIPH)
[2025-12-17 07:10:40.514] [info] Frame 610 (t = 3.05):	 total squared error = 0.00389018, marker error: RMS = 0.0124743, max = 0.0247237 (XIPH)
[2025-12-17 07:10:40.532] [info] Frame 611 (t = 3.055):	 total squared error = 0.00381582, marker error: RMS = 0.0123545, max = 0.0248377 (XIPH)
[2025-12-17 07:10:40.584] [info] Frame 612 (t = 3.06):	 total squared error = 0.00373461, marker error: RMS = 0.0122223, max = 0.0248313 (XIPH)
[2025-12-17 07:10:40.611] [info] Frame 613 (t = 3.065):	 total squared error = 0.00366044, marker error: RMS = 0.0121003, max = 0.0248741 (XIPH)
[2025-12-17 07:10:40.640] [info] Frame 614 (t = 3.07):	 total squared error = 0.00358863, marker error: RMS = 0.011981, max = 0.0248913 (XIPH)
[2025-12-17 07:10:40.656] [info] Frame 615 (t = 3.075):	 total squared error = 0.00352543, marker error: RMS = 0.0118751, max = 0.0249002 (XIPH)
[2025-12-17 07:10:40.691] [info] Frame 616 (t = 3.08):	 total squared error = 0.00345029, marker error: RMS = 0.0117478, max = 0.0249376 (XIPH)
[2025-12-17 07:10:40.727] [info] Frame 617 (t = 3.085):	 total squared error = 0.00338412, marker error: RMS = 0.0116346, max = 0.0249346 (XIPH)
[2025-12-17 07:10:40.742] [info] Frame 618 (t = 3.09):	 total squared error = 0.00332716, marker error: RMS = 0.0115363, max = 0.0249252 (XIPH)
[2025-12-17 07:10:40.794] [info] Frame 619 (t = 3.095):	 total squared error = 0.00325847, marker error: RMS = 0.0114166, max = 0.0249426 (XIPH)
[2025-12-17 07:10:40.809] [info] Frame 620 (t = 3.1):	 total squared error = 0.00320484, marker error: RMS = 0.0113223, max = 0.0249349 (XIPH)
[2025-12-17 07:10:40.851] [info] Frame 621 (t = 3.10500):	 total squared error = 0.00314130, marker error: RMS = 0.0112095, max = 0.0249669 (XIPH)
[2025-12-17 07:10:40.889] [info] Frame 622 (t = 3.11):	 total squared error = 0.00308602, marker error: RMS = 0.0111104, max = 0.0249807 (XIPH)
[2025-12-17 07:10:40.902] [info] Frame 623 (t = 3.115):	 total squared error = 0.00303894, marker error: RMS = 0.0110253, max = 0.0250018 (XIPH)
[2025-12-17 07:10:40.930] [info] Frame 624 (t = 3.12):	 total squared error = 0.00298215, marker error: RMS = 0.0109218, max = 0.0250623 (XIPH)
[2025-12-17 07:10:40.952] [info] Frame 625 (t = 3.125):	 total squared error = 0.00293422, marker error: RMS = 0.0108337, max = 0.0250236 (XIPH)
[2025-12-17 07:10:40.980] [info] Frame 626 (t = 3.13):	 total squared error = 0.00288591, marker error: RMS = 0.0107441, max = 0.0250974 (XIPH)
[2025-12-17 07:10:40.992] [info] Frame 627 (t = 3.135):	 total squared error = 0.00284718, marker error: RMS = 0.0106718, max = 0.0250922 (XIPH)
[2025-12-17 07:10:41.039] [info] Frame 628 (t = 3.14):	 total squared error = 0.00279585, marker error: RMS = 0.0105752, max = 0.0250972 (XIPH)
[2025-12-17 07:10:41.050] [info] Frame 629 (t = 3.145):	 total squared error = 0.00276098, marker error: RMS = 0.0105090, max = 0.0250866 (XIPH)
[2025-12-17 07:10:41.077] [info] Frame 630 (t = 3.15):	 total squared error = 0.00271575, marker error: RMS = 0.0104226, max = 0.0251686 (XIPH)
[2025-12-17 07:10:41.093] [info] Frame 631 (t = 3.155):	 total squared error = 0.00268371, marker error: RMS = 0.0103609, max = 0.025174 (XIPH)
[2025-12-17 07:10:41.116] [info] Frame 632 (t = 3.16):	 total squared error = 0.00265086, marker error: RMS = 0.0102973, max = 0.0252113 (XIPH)
[2025-12-17 07:10:41.160] [info] Frame 633 (t = 3.165):	 total squared error = 0.00260223, marker error: RMS = 0.0102024, max = 0.0251674 (XIPH)
[2025-12-17 07:10:41.188] [info] Frame 634 (t = 3.17):	 total squared error = 0.00256909, marker error: RMS = 0.0101372, max = 0.0251852 (XIPH)
[2025-12-17 07:10:41.227] [info] Frame 635 (t = 3.175):	 total squared error = 0.00253395, marker error: RMS = 0.0100677, max = 0.0251858 (XIPH)
[2025-12-17 07:10:41.265] [info] Frame 636 (t = 3.18):	 total squared error = 0.00250080, marker error: RMS = 0.0100016, max = 0.0252025 (XIPH)
[2025-12-17 07:10:41.300] [info] Frame 637 (t = 3.185):	 total squared error = 0.00246892, marker error: RMS = 0.00993765, max = 0.0252060 (XIPH)
[2025-12-17 07:10:41.342] [info] Frame 638 (t = 3.19):	 total squared error = 0.00243722, marker error: RMS = 0.00987364, max = 0.0252077 (XIPH)
[2025-12-17 07:10:41.376] [info] Frame 639 (t = 3.195):	 total squared error = 0.00240717, marker error: RMS = 0.00981259, max = 0.0252017 (XIPH)
[2025-12-17 07:10:41.413] [info] Frame 640 (t = 3.2):	 total squared error = 0.00237609, marker error: RMS = 0.00974904, max = 0.0251984 (XIPH)
[2025-12-17 07:10:41.458] [info] Frame 641 (t = 3.20500):	 total squared error = 0.00234705, marker error: RMS = 0.00968927, max = 0.025178 (XIPH)
[2025-12-17 07:10:41.495] [info] Frame 642 (t = 3.21):	 total squared error = 0.00231762, marker error: RMS = 0.00962833, max = 0.0251531 (XIPH)
[2025-12-17 07:10:41.524] [info] Frame 643 (t = 3.215):	 total squared error = 0.00228968, marker error: RMS = 0.00957011, max = 0.0251144 (XIPH)
[2025-12-17 07:10:41.547] [info] Frame 644 (t = 3.22):	 total squared error = 0.00226437, marker error: RMS = 0.00951707, max = 0.0250079 (XIPH)
[2025-12-17 07:10:41.571] [info] Frame 645 (t = 3.225):	 total squared error = 0.00223918, marker error: RMS = 0.00946400, max = 0.0249321 (XIPH)
[2025-12-17 07:10:41.607] [info] Frame 646 (t = 3.23):	 total squared error = 0.00221017, marker error: RMS = 0.00940248, max = 0.0249581 (XIPH)
[2025-12-17 07:10:41.631] [info] Frame 647 (t = 3.235):	 total squared error = 0.00218564, marker error: RMS = 0.00935017, max = 0.024836 (XIPH)
[2025-12-17 07:10:41.666] [info] Frame 648 (t = 3.24):	 total squared error = 0.00216302, marker error: RMS = 0.00930165, max = 0.0247796 (XIPH)
[2025-12-17 07:10:41.714] [info] Frame 649 (t = 3.245):	 total squared error = 0.00213864, marker error: RMS = 0.00924908, max = 0.0246818 (XIPH)
[2025-12-17 07:10:41.747] [info] Frame 650 (t = 3.25):	 total squared error = 0.00211750, marker error: RMS = 0.00920325, max = 0.0246089 (XIPH)
[2025-12-17 07:10:41.782] [info] Frame 651 (t = 3.255):	 total squared error = 0.00209667, marker error: RMS = 0.00915787, max = 0.0245139 (XIPH)
[2025-12-17 07:10:41.821] [info] Frame 652 (t = 3.26):	 total squared error = 0.00207653, marker error: RMS = 0.00911380, max = 0.0243973 (XIPH)
[2025-12-17 07:10:41.858] [info] Frame 653 (t = 3.265):	 total squared error = 0.00205617, marker error: RMS = 0.00906901, max = 0.0242967 (XIPH)
[2025-12-17 07:10:41.898] [info] Frame 654 (t = 3.27):	 total squared error = 0.00203730, marker error: RMS = 0.00902729, max = 0.0241917 (XIPH)
[2025-12-17 07:10:41.949] [info] Frame 655 (t = 3.275):	 total squared error = 0.00201804, marker error: RMS = 0.00898452, max = 0.0240904 (XIPH)
[2025-12-17 07:10:41.993] [info] Frame 656 (t = 3.28):	 total squared error = 0.00199868, marker error: RMS = 0.00894132, max = 0.0239779 (XIPH)
[2025-12-17 07:10:42.037] [info] Frame 657 (t = 3.285):	 total squared error = 0.00197865, marker error: RMS = 0.00889639, max = 0.0238669 (XIPH)
[2025-12-17 07:10:42.074] [info] Frame 658 (t = 3.29):	 total squared error = 0.00195811, marker error: RMS = 0.00885010, max = 0.0237348 (XIPH)
[2025-12-17 07:10:42.108] [info] Frame 659 (t = 3.295):	 total squared error = 0.00193821, marker error: RMS = 0.00880503, max = 0.0236161 (XIPH)
[2025-12-17 07:10:42.144] [info] Frame 660 (t = 3.3):	 total squared error = 0.00191438, marker error: RMS = 0.00875073, max = 0.0235012 (XIPH)
[2025-12-17 07:10:42.193] [info] Frame 661 (t = 3.30500):	 total squared error = 0.00188956, marker error: RMS = 0.00869382, max = 0.023374 (XIPH)
[2025-12-17 07:10:42.234] [info] Frame 662 (t = 3.31):	 total squared error = 0.00186451, marker error: RMS = 0.00863601, max = 0.0232317 (XIPH)
[2025-12-17 07:10:42.268] [info] Frame 663 (t = 3.315):	 total squared error = 0.00183876, marker error: RMS = 0.00857614, max = 0.02312 (XIPH)
[2025-12-17 07:10:42.318] [info] Frame 664 (t = 3.32):	 total squared error = 0.00181043, marker error: RMS = 0.00850982, max = 0.0230028 (XIPH)
[2025-12-17 07:10:42.364] [info] Frame 665 (t = 3.325):	 total squared error = 0.00178155, marker error: RMS = 0.00844169, max = 0.0228906 (XIPH)
[2025-12-17 07:10:42.411] [info] Frame 666 (t = 3.33):	 total squared error = 0.00175094, marker error: RMS = 0.00836884, max = 0.0227512 (XIPH)
[2025-12-17 07:10:42.452] [info] Frame 667 (t = 3.335):	 total squared error = 0.00171851, marker error: RMS = 0.00829099, max = 0.02258 (XIPH)
[2025-12-17 07:10:42.491] [info] Frame 668 (t = 3.34):	 total squared error = 0.00168606, marker error: RMS = 0.00821233, max = 0.0224738 (XIPH)
[2025-12-17 07:10:42.521] [info] Frame 669 (t = 3.345):	 total squared error = 0.00165338, marker error: RMS = 0.00813236, max = 0.0223104 (XIPH)
[2025-12-17 07:10:42.585] [info] Frame 670 (t = 3.35):	 total squared error = 0.00161869, marker error: RMS = 0.00804658, max = 0.0221606 (XIPH)
[2025-12-17 07:10:42.635] [info] Frame 671 (t = 3.355):	 total squared error = 0.00158372, marker error: RMS = 0.00795920, max = 0.0220268 (XIPH)
[2025-12-17 07:10:42.671] [info] Frame 672 (t = 3.36):	 total squared error = 0.00154893, marker error: RMS = 0.00787129, max = 0.0218969 (XIPH)
[2025-12-17 07:10:42.727] [info] Frame 673 (t = 3.365):	 total squared error = 0.00151206, marker error: RMS = 0.00777704, max = 0.0217044 (XIPH)
[2025-12-17 07:10:42.770] [info] Frame 674 (t = 3.37):	 total squared error = 0.00147711, marker error: RMS = 0.00768664, max = 0.0215567 (XIPH)
[2025-12-17 07:10:42.806] [info] Frame 675 (t = 3.375):	 total squared error = 0.00144142, marker error: RMS = 0.00759321, max = 0.0213984 (XIPH)
[2025-12-17 07:10:42.838] [info] Frame 676 (t = 3.38):	 total squared error = 0.00140609, marker error: RMS = 0.00749958, max = 0.0212193 (XIPH)
[2025-12-17 07:10:42.891] [info] Frame 677 (t = 3.385):	 total squared error = 0.00137215, marker error: RMS = 0.00740851, max = 0.0210402 (XIPH)
[2025-12-17 07:10:42.933] [info] Frame 678 (t = 3.39):	 total squared error = 0.00133848, marker error: RMS = 0.00731706, max = 0.0208634 (XIPH)
[2025-12-17 07:10:42.973] [info] Frame 679 (t = 3.395):	 total squared error = 0.00130665, marker error: RMS = 0.00722954, max = 0.0207134 (XIPH)
[2025-12-17 07:10:43.018] [info] Frame 680 (t = 3.4):	 total squared error = 0.00127664, marker error: RMS = 0.00714602, max = 0.0205846 (XIPH)
[2025-12-17 07:10:43.061] [info] Frame 681 (t = 3.40500):	 total squared error = 0.00124346, marker error: RMS = 0.00705253, max = 0.0203192 (XIPH)
[2025-12-17 07:10:43.103] [info] Frame 682 (t = 3.41):	 total squared error = 0.00121395, marker error: RMS = 0.00696835, max = 0.0201329 (XIPH)
[2025-12-17 07:10:43.150] [info] Frame 683 (t = 3.415):	 total squared error = 0.00118557, marker error: RMS = 0.00688643, max = 0.0198862 (XIPH)
[2025-12-17 07:10:43.198] [info] Frame 684 (t = 3.42):	 total squared error = 0.00115812, marker error: RMS = 0.00680623, max = 0.0197007 (XIPH)
[2025-12-17 07:10:43.249] [info] Frame 685 (t = 3.425):	 total squared error = 0.00113038, marker error: RMS = 0.00672422, max = 0.0195181 (XIPH)
[2025-12-17 07:10:43.316] [info] Frame 686 (t = 3.43):	 total squared error = 0.00110332, marker error: RMS = 0.00664326, max = 0.0193016 (XIPH)
[2025-12-17 07:10:43.352] [info] Frame 687 (t = 3.435):	 total squared error = 0.00107714, marker error: RMS = 0.00656397, max = 0.0191089 (XIPH)
[2025-12-17 07:10:43.379] [info] Frame 688 (t = 3.44):	 total squared error = 0.00105224, marker error: RMS = 0.00648766, max = 0.018824 (XIPH)
[2025-12-17 07:10:43.437] [info] Frame 689 (t = 3.445):	 total squared error = 0.00102588, marker error: RMS = 0.00640586, max = 0.0186835 (XIPH)
[2025-12-17 07:10:43.460] [info] Frame 690 (t = 3.45):	 total squared error = 0.00100070, marker error: RMS = 0.00632678, max = 0.0184409 (XIPH)
[2025-12-17 07:10:43.513] [info] Frame 691 (t = 3.455):	 total squared error = 0.000976022, marker error: RMS = 0.00624827, max = 0.0183041 (XIPH)
[2025-12-17 07:10:43.562] [info] Frame 692 (t = 3.46):	 total squared error = 0.000952058, marker error: RMS = 0.00617109, max = 0.0181243 (XIPH)
[2025-12-17 07:10:43.607] [info] Frame 693 (t = 3.465):	 total squared error = 0.000927920, marker error: RMS = 0.00609236, max = 0.0179443 (XIPH)
[2025-12-17 07:10:43.657] [info] Frame 694 (t = 3.47):	 total squared error = 0.000904508, marker error: RMS = 0.00601501, max = 0.0177495 (XIPH)
[2025-12-17 07:10:43.704] [info] Frame 695 (t = 3.475):	 total squared error = 0.000881478, marker error: RMS = 0.00593794, max = 0.0176255 (XIPH)
[2025-12-17 07:10:43.746] [info] Frame 696 (t = 3.48):	 total squared error = 0.000861584, marker error: RMS = 0.00587055, max = 0.0174385 (XIPH)
[2025-12-17 07:10:43.809] [info] Frame 697 (t = 3.485):	 total squared error = 0.000841435, marker error: RMS = 0.00580150, max = 0.0172907 (XIPH)
[2025-12-17 07:10:43.852] [info] Frame 698 (t = 3.49):	 total squared error = 0.000823152, marker error: RMS = 0.00573812, max = 0.017133 (XIPH)
[2025-12-17 07:10:43.899] [info] Frame 699 (t = 3.495):	 total squared error = 0.000811242, marker error: RMS = 0.00569646, max = 0.0171321 (XIPH)
[2025-12-17 07:10:43.934] [info] Frame 700 (t = 3.5):	 total squared error = 0.000793412, marker error: RMS = 0.00563351, max = 0.0169435 (XIPH)
[2025-12-17 07:10:43.967] [info] Frame 701 (t = 3.50500):	 total squared error = 0.000780978, marker error: RMS = 0.00558920, max = 0.0168334 (XIPH)
[2025-12-17 07:10:44.022] [info] Frame 702 (t = 3.51):	 total squared error = 0.000771617, marker error: RMS = 0.00555560, max = 0.0167845 (XIPH)
[2025-12-17 07:10:44.062] [info] Frame 703 (t = 3.515):	 total squared error = 0.000763561, marker error: RMS = 0.00552652, max = 0.0167466 (XIPH)
[2025-12-17 07:10:44.100] [info] Frame 704 (t = 3.52):	 total squared error = 0.000759240, marker error: RMS = 0.00551086, max = 0.0167099 (XIPH)
[2025-12-17 07:10:44.144] [info] Frame 705 (t = 3.525):	 total squared error = 0.000756443, marker error: RMS = 0.00550070, max = 0.0166805 (XIPH)
[2025-12-17 07:10:44.205] [info] Frame 706 (t = 3.53):	 total squared error = 0.000755886, marker error: RMS = 0.00549868, max = 0.0166688 (XIPH)
[2025-12-17 07:10:44.248] [info] Frame 707 (t = 3.535):	 total squared error = 0.000755486, marker error: RMS = 0.00549722, max = 0.0166722 (XIPH)
[2025-12-17 07:10:44.293] [info] InverseKinematicsTool completed 707 frames in 35 second(s).
[2025-12-17 07:10:44.407] [info] Loaded model Athlete_03 from file ..\..\..\..\models\Athlete_03_MRI_Katya\25_03_31\scaled_increased_3.00.osim
[2025-12-17 07:10:44.543] [info] Storage: read data file = joint_angles.mot (nr=707 nc=40)
[2025-12-17 07:10:44.695] [info] Loaded model Athlete_03 from file ..\..\..\..\models\Athlete_03_MRI_Katya\25_03_31\scaled_increased_3.00.osim
[2025-12-17 07:10:44.791] [cout] [info] 
               MODEL: Athlete_03
         coordinates: 39
              forces: 97
           actuators: 97
             muscles: 80
            analyses: 0
              probes: 0
              bodies: 22
              joints: 22
         constraints: 2
             markers: 39
         controllers: 0
  contact geometries: 0
misc modelcomponents: 0
[2025-12-17 07:10:44.792] [info] Running tool ...
[2025-12-17 07:10:45.000] [info] Storage: read data file = grf.mot (nr=7080 nc=46)
[2025-12-17 07:10:45.152] [info] ExternalForce::grf_r_4 Data source being set to grf
[2025-12-17 07:10:45.152] [info] ExternalForce::grf_l_5 Data source being set to grf
[2025-12-17 07:10:45.174] [info] Storage: read data file = joint_angles.mot (nr=707 nc=40)
[2025-12-17 07:10:45.193] [info] Low-pass filtering coordinates data with a cutoff frequency of 6.0...
[2025-12-17 07:10:47.012] [info] InverseDynamicsTool: 707 time frames in 824 millisecond(s).
[2025-12-17 07:10:47.127] [info] Loaded model Athlete_03 from file ..\..\..\..\models\Athlete_03_MRI_Katya\25_03_31\scaled_increased_3.00.osim
[2025-12-17 07:10:47.239] [info] Storage: read data file = joint_angles.mot (nr=707 nc=40)
[2025-12-17 07:10:47.308] [info] AbstractTool  loading model ..\..\..\..\models\Athlete_03_MRI_Katya\25_03_31\scaled_increased_3.00.osim
[2025-12-17 07:10:47.361] [info] Loaded model Athlete_03 from file ..\..\..\..\models\Athlete_03_MRI_Katya\25_03_31\scaled_increased_3.00.osim
[2025-12-17 07:10:47.680] [info] Storage: read data file = grf.mot (nr=7080 nc=46)
[2025-12-17 07:10:47.836] [info] ExternalForce::grf_r_4 Data source being set to grf
[2025-12-17 07:10:47.836] [info] ExternalForce::grf_l_5 Data source being set to grf
[2025-12-17 07:10:47.890] [info] Loading coordinates from file 'joint_angles.mot'.
[2025-12-17 07:10:47.891] [info] Storage: read data file = joint_angles.mot (nr=707 nc=40)
[2025-12-17 07:10:47.910] [info] Low-pass filtering coordinates data with a cutoff frequency of 6.0...
[2025-12-17 07:10:49.169] [info] AssemblySolver::track() attempt Failed: SimTK Exception thrown at Assembler.cpp:973:
  Method Assembler::track() failed because:
Unable to achieve required assembly error tolerance.
Assembly error tolerance achieved: 9.9460325735550944e-09 required: 1e-10.
[2025-12-17 07:10:49.179] [error] Model unable to assemble: AssemblySolver::assemble() Failed: SimTK Exception thrown at Assembler.cpp:897:
  Method Assembler::assemble() failed because:
Unable to achieve required assembly error tolerance.
Assembly error tolerance achieved: 9.9460325735573211e-09 required: 1e-10..Model relaxing constraints and trying again.
[2025-12-17 07:10:50.175] [info] Found 1413 state vectors with time stamps ranging from -1.76 to 5.3.
[2025-12-17 07:10:50.176] [info] Executing the analyses from 0.00500000 to 3.535...
[2025-12-17 07:10:50.188] [warning] MuscleAnalysis: coordinate mtp_angle_r is locked and can't be varied.
[2025-12-17 07:10:50.188] [warning] MuscleAnalysis: coordinate mtp_angle_l is locked and can't be varied.
[2025-12-17 07:10:50.188] [warning] MuscleAnalysis: coordinate wrist_flex_r is locked and can't be varied.
[2025-12-17 07:10:50.188] [warning] MuscleAnalysis: coordinate wrist_dev_r is locked and can't be varied.
[2025-12-17 07:10:50.188] [warning] MuscleAnalysis: coordinate wrist_flex_l is locked and can't be varied.
[2025-12-17 07:10:50.188] [warning] MuscleAnalysis: coordinate wrist_dev_l is locked and can't be varied.
[2025-12-17 07:14:17.296] [info] Printing results of investigation  to MuscleAnalysis
[2025-12-17 07:14:22.232] [info] Loaded model Athlete_03 from file ..\..\..\..\models\Athlete_03_MRI_Katya\25_03_31\scaled_increased_3.00.osim
[2025-12-17 07:14:22.303] [info] Storage: read data file = joint_angles.mot (nr=707 nc=40)
[2025-12-17 07:14:22.399] [info] AbstractTool SO loading model ..\..\..\..\models\Athlete_03_MRI_Katya\25_03_31\scaled_increased_3.00.osim
[2025-12-17 07:14:22.457] [info] Loaded model Athlete_03 from file ..\..\..\..\models\Athlete_03_MRI_Katya\25_03_31\scaled_increased_3.00.osim
[2025-12-17 07:14:22.557] [info] Adding force object set from actuators_so.xml
[2025-12-17 07:14:22.664] [info] Storage: read data file = grf.mot (nr=7080 nc=46)
[2025-12-17 07:14:22.809] [info] ExternalForce::grf_r_4 Data source being set to grf
[2025-12-17 07:14:22.809] [info] ExternalForce::grf_l_5 Data source being set to grf
[2025-12-17 07:14:22.827] [info] Loading coordinates from file 'joint_angles.mot'.
[2025-12-17 07:14:22.827] [info] Storage: read data file = joint_angles.mot (nr=707 nc=40)
[2025-12-17 07:14:22.848] [info] Low-pass filtering coordinates data with a cutoff frequency of 6.0...
[2025-12-17 07:14:24.152] [info] AssemblySolver::track() attempt Failed: SimTK Exception thrown at Assembler.cpp:973:
  Method Assembler::track() failed because:
Unable to achieve required assembly error tolerance.
Assembly error tolerance achieved: 9.9460325735550944e-09 required: 1e-10.
[2025-12-17 07:14:24.167] [error] Model unable to assemble: AssemblySolver::assemble() Failed: SimTK Exception thrown at Assembler.cpp:897:
  Method Assembler::assemble() failed because:
Unable to achieve required assembly error tolerance.
Assembly error tolerance achieved: 9.9460325735573211e-09 required: 1e-10..Model relaxing constraints and trying again.
[2025-12-17 07:14:25.297] [info] Found 1413 state vectors with time stamps ranging from -1.76 to 5.3.
[2025-12-17 07:14:25.298] [info] Executing the analyses from 0.00500000 to 3.535...
[2025-12-17 07:14:25.437] [info] Storage: read data file = grf.mot (nr=7080 nc=46)
[2025-12-17 07:14:25.592] [info] ExternalForce::grf_r_4 Data source being set to grf
[2025-12-17 07:14:25.592] [info] ExternalForce::grf_l_5 Data source being set to grf
[2025-12-17 07:14:25.648] [info] Storage: read data file = grf.mot (nr=7080 nc=46)
[2025-12-17 07:14:25.792] [info] ExternalForce::grf_r_4 Data source being set to grf
[2025-12-17 07:14:25.792] [info] ExternalForce::grf_l_5 Data source being set to grf
[2025-12-17 07:14:27.397] [cout] [info] time = 0.00500000 Performance = 8.84165 Constraint violation = 1.83411e-12
[2025-12-17 07:14:27.402] [info] Bounds for 'addbrev_r': 0.01 to 1.0.
[2025-12-17 07:14:27.403] [info] Bounds for 'addlong_r': 0.01 to 1.0.
[2025-12-17 07:14:27.403] [info] Bounds for 'addmagDist_r': 0.01 to 1.0.
[2025-12-17 07:14:27.403] [info] Bounds for 'addmagIsch_r': 0.01 to 1.0.
[2025-12-17 07:14:27.403] [info] Bounds for 'addmagMid_r': 0.01 to 1.0.
[2025-12-17 07:14:27.403] [info] Bounds for 'addmagProx_r': 0.01 to 1.0.
[2025-12-17 07:14:27.403] [info] Bounds for 'bflh_r': 0.01 to 1.0.
[2025-12-17 07:14:27.403] [info] Bounds for 'bfsh_r': 0.01 to 1.0.
[2025-12-17 07:14:27.403] [info] Bounds for 'edl_r': 0.01 to 1.0.
[2025-12-17 07:14:27.403] [info] Bounds for 'ehl_r': 0.01 to 1.0.
[2025-12-17 07:14:27.404] [info] Bounds for 'fdl_r': 0.01 to 1.0.
[2025-12-17 07:14:27.404] [info] Bounds for 'fhl_r': 0.01 to 1.0.
[2025-12-17 07:14:27.404] [info] Bounds for 'gaslat_r': 0.01 to 1.0.
[2025-12-17 07:14:27.404] [info] Bounds for 'gasmed_r': 0.01 to 1.0.
[2025-12-17 07:14:27.404] [info] Bounds for 'glmax1_r': 0.01 to 1.0.
[2025-12-17 07:14:27.404] [info] Bounds for 'glmax2_r': 0.01 to 1.0.
[2025-12-17 07:14:27.405] [info] Bounds for 'glmax3_r': 0.01 to 1.0.
[2025-12-17 07:14:27.405] [info] Bounds for 'glmed1_r': 0.01 to 1.0.
[2025-12-17 07:14:27.405] [info] Bounds for 'glmed2_r': 0.01 to 1.0.
[2025-12-17 07:14:27.405] [info] Bounds for 'glmed3_r': 0.01 to 1.0.
[2025-12-17 07:14:27.405] [info] Bounds for 'glmin1_r': 0.01 to 1.0.
[2025-12-17 07:14:27.405] [info] Bounds for 'glmin2_r': 0.01 to 1.0.
[2025-12-17 07:14:27.406] [info] Bounds for 'glmin3_r': 0.01 to 1.0.
[2025-12-17 07:14:27.406] [info] Bounds for 'grac_r': 0.01 to 1.0.
[2025-12-17 07:14:27.406] [info] Bounds for 'iliacus_r': 0.01 to 1.0.
[2025-12-17 07:14:27.407] [info] Bounds for 'perbrev_r': 0.01 to 1.0.
[2025-12-17 07:14:27.407] [info] Bounds for 'perlong_r': 0.01 to 1.0.
[2025-12-17 07:14:27.407] [info] Bounds for 'piri_r': 0.01 to 1.0.
[2025-12-17 07:14:27.408] [info] Bounds for 'psoas_r': 0.01 to 1.0.
[2025-12-17 07:14:27.408] [info] Bounds for 'recfem_r': 0.01 to 1.0.
[2025-12-17 07:14:27.408] [info] Bounds for 'sart_r': 0.01 to 1.0.
[2025-12-17 07:14:27.409] [info] Bounds for 'semimem_r': 0.01 to 1.0.
[2025-12-17 07:14:27.409] [info] Bounds for 'semiten_r': 0.01 to 1.0.
[2025-12-17 07:14:27.409] [info] Bounds for 'soleus_r': 0.01 to 1.0.
[2025-12-17 07:14:27.409] [info] Bounds for 'tfl_r': 0.01 to 1.0.
[2025-12-17 07:14:27.409] [info] Bounds for 'tibant_r': 0.01 to 1.0.
[2025-12-17 07:14:27.410] [info] Bounds for 'tibpost_r': 0.01 to 1.0.
[2025-12-17 07:14:27.410] [info] Bounds for 'vasint_r': 0.01 to 1.0.
[2025-12-17 07:14:27.410] [info] Bounds for 'vaslat_r': 0.01 to 1.0.
[2025-12-17 07:14:27.410] [info] Bounds for 'vasmed_r': 0.01 to 1.0.
[2025-12-17 07:14:27.410] [info] Bounds for 'addbrev_l': 0.01 to 1.0.
[2025-12-17 07:14:27.410] [info] Bounds for 'addlong_l': 0.01 to 1.0.
[2025-12-17 07:14:27.410] [info] Bounds for 'addmagDist_l': 0.01 to 1.0.
[2025-12-17 07:14:27.411] [info] Bounds for 'addmagIsch_l': 0.01 to 1.0.
[2025-12-17 07:14:27.411] [info] Bounds for 'addmagMid_l': 0.01 to 1.0.
[2025-12-17 07:14:27.411] [info] Bounds for 'addmagProx_l': 0.01 to 1.0.
[2025-12-17 07:14:27.411] [info] Bounds for 'bflh_l': 0.01 to 1.0.
[2025-12-17 07:14:27.411] [info] Bounds for 'bfsh_l': 0.01 to 1.0.
[2025-12-17 07:14:27.411] [info] Bounds for 'edl_l': 0.01 to 1.0.
[2025-12-17 07:14:27.411] [info] Bounds for 'ehl_l': 0.01 to 1.0.
[2025-12-17 07:14:27.411] [info] Bounds for 'fdl_l': 0.01 to 1.0.
[2025-12-17 07:14:27.412] [info] Bounds for 'fhl_l': 0.01 to 1.0.
[2025-12-17 07:14:27.412] [info] Bounds for 'gaslat_l': 0.01 to 1.0.
[2025-12-17 07:14:27.412] [info] Bounds for 'gasmed_l': 0.01 to 1.0.
[2025-12-17 07:14:27.412] [info] Bounds for 'glmax1_l': 0.01 to 1.0.
[2025-12-17 07:14:27.412] [info] Bounds for 'glmax2_l': 0.01 to 1.0.
[2025-12-17 07:14:27.412] [info] Bounds for 'glmax3_l': 0.01 to 1.0.
[2025-12-17 07:14:27.412] [info] Bounds for 'glmed1_l': 0.01 to 1.0.
[2025-12-17 07:14:27.412] [info] Bounds for 'glmed2_l': 0.01 to 1.0.
[2025-12-17 07:14:27.412] [info] Bounds for 'glmed3_l': 0.01 to 1.0.
[2025-12-17 07:14:27.412] [info] Bounds for 'glmin1_l': 0.01 to 1.0.
[2025-12-17 07:14:27.412] [info] Bounds for 'glmin2_l': 0.01 to 1.0.
[2025-12-17 07:14:27.412] [info] Bounds for 'glmin3_l': 0.01 to 1.0.
[2025-12-17 07:14:27.413] [info] Bounds for 'grac_l': 0.01 to 1.0.
[2025-12-17 07:14:27.413] [info] Bounds for 'iliacus_l': 0.01 to 1.0.
[2025-12-17 07:14:27.413] [info] Bounds for 'perbrev_l': 0.01 to 1.0.
[2025-12-17 07:14:27.413] [info] Bounds for 'perlong_l': 0.01 to 1.0.
[2025-12-17 07:14:27.413] [info] Bounds for 'piri_l': 0.01 to 1.0.
[2025-12-17 07:14:27.413] [info] Bounds for 'psoas_l': 0.01 to 1.0.
[2025-12-17 07:14:27.413] [info] Bounds for 'recfem_l': 0.01 to 1.0.
[2025-12-17 07:14:27.413] [info] Bounds for 'sart_l': 0.01 to 1.0.
[2025-12-17 07:14:27.413] [info] Bounds for 'semimem_l': 0.01 to 1.0.
[2025-12-17 07:14:27.413] [info] Bounds for 'semiten_l': 0.01 to 1.0.
[2025-12-17 07:14:27.414] [info] Bounds for 'soleus_l': 0.01 to 1.0.
[2025-12-17 07:14:27.414] [info] Bounds for 'tfl_l': 0.01 to 1.0.
[2025-12-17 07:14:27.414] [info] Bounds for 'tibant_l': 0.01 to 1.0.
[2025-12-17 07:14:27.414] [info] Bounds for 'tibpost_l': 0.01 to 1.0.
[2025-12-17 07:14:27.414] [info] Bounds for 'vasint_l': 0.01 to 1.0.
[2025-12-17 07:14:27.415] [info] Bounds for 'vaslat_l': 0.01 to 1.0.
[2025-12-17 07:14:27.415] [info] Bounds for 'vasmed_l': 0.01 to 1.0.
[2025-12-17 07:14:27.415] [info] Bounds for 'lumbar_ext': -inf to inf.
[2025-12-17 07:14:27.415] [info] Bounds for 'lumbar_bend': -inf to inf.
[2025-12-17 07:14:27.415] [info] Bounds for 'lumbar_rot': -inf to inf.
[2025-12-17 07:14:27.416] [info] Bounds for 'shoulder_flex_r': -inf to inf.
[2025-12-17 07:14:27.416] [info] Bounds for 'shoulder_add_r': -inf to inf.
[2025-12-17 07:14:27.416] [info] Bounds for 'shoulder_rot_r': -inf to inf.
[2025-12-17 07:14:27.416] [info] Bounds for 'elbow_flex_r': -inf to inf.
[2025-12-17 07:14:27.416] [info] Bounds for 'pro_sup_r': -inf to inf.
[2025-12-17 07:14:27.416] [info] Bounds for 'wrist_flex_r': -inf to inf.
[2025-12-17 07:14:27.417] [info] Bounds for 'wrist_dev_r': -inf to inf.
[2025-12-17 07:14:27.417] [info] Bounds for 'shoulder_flex_l': -inf to inf.
[2025-12-17 07:14:27.417] [info] Bounds for 'shoulder_add_l': -inf to inf.
[2025-12-17 07:14:27.417] [info] Bounds for 'shoulder_rot_l': -inf to inf.
[2025-12-17 07:14:27.417] [info] Bounds for 'elbow_flex_l': -inf to inf.
[2025-12-17 07:14:27.417] [info] Bounds for 'pro_sup_l': -inf to inf.
[2025-12-17 07:14:27.417] [info] Bounds for 'wrist_flex_l': -inf to inf.
[2025-12-17 07:14:27.418] [info] Bounds for 'wrist_dev_l': -inf to inf.
[2025-12-17 07:14:27.418] [info] Bounds for 'FX': -inf to inf.
[2025-12-17 07:14:27.418] [info] Bounds for 'FY': -inf to inf.
[2025-12-17 07:14:27.418] [info] Bounds for 'FZ': -inf to inf.
[2025-12-17 07:14:27.418] [info] Bounds for 'MX': -inf to inf.
[2025-12-17 07:14:27.418] [info] Bounds for 'MY': -inf to inf.
[2025-12-17 07:14:27.418] [info] Bounds for 'MZ': -inf to inf.
[2025-12-17 07:14:27.418] [info] Bounds for 'hip_flexion_r_reserve': -1.0 to 1.0.
[2025-12-17 07:14:27.419] [info] Bounds for 'hip_adduction_r_reserve': -1.0 to 1.0.
[2025-12-17 07:14:27.419] [info] Bounds for 'hip_rotation_r_reserve': -1.0 to 1.0.
[2025-12-17 07:14:27.419] [info] Bounds for 'knee_angle_r_reserve': -1.0 to 1.0.
[2025-12-17 07:14:27.419] [info] Bounds for 'ankle_angle_r_reserve': -1.0 to 1.0.
[2025-12-17 07:14:27.419] [info] Bounds for 'hip_flexion_l_reserve': -1.0 to 1.0.
[2025-12-17 07:14:27.419] [info] Bounds for 'hip_adduction_l_reserve': -1.0 to 1.0.
[2025-12-17 07:14:27.419] [info] Bounds for 'hip_rotation_l_reserve': -1.0 to 1.0.
[2025-12-17 07:14:27.419] [info] Bounds for 'knee_angle_l_reserve': -1.0 to 1.0.
[2025-12-17 07:14:27.420] [info] Bounds for 'ankle_angle_l_reserve': -1.0 to 1.0.
[2025-12-17 07:14:27.915] [cout] [info] time = 0.01 Performance = 8.7658 Constraint violation = 7.57028e-12
[2025-12-17 07:14:28.379] [cout] [info] time = 0.015 Performance = 8.69874 Constraint violation = 2.0488e-12
[2025-12-17 07:14:28.841] [cout] [info] time = 0.02 Performance = 8.63989 Constraint violation = 2.55429e-12
[2025-12-17 07:14:29.273] [cout] [info] time = 0.025 Performance = 8.58779 Constraint violation = 3.87163e-12
[2025-12-17 07:14:29.718] [cout] [info] time = 0.03 Performance = 8.54066 Constraint violation = 1.13704e-12
[2025-12-17 07:14:30.141] [cout] [info] time = 0.035 Performance = 8.49641 Constraint violation = 2.18232e-12
[2025-12-17 07:14:30.560] [cout] [info] time = 0.04 Performance = 8.4533 Constraint violation = 2.75731e-12
[2025-12-17 07:14:30.987] [cout] [info] time = 0.045 Performance = 8.41 Constraint violation = 6.14711e-13
[2025-12-17 07:14:31.388] [cout] [info] time = 0.05 Performance = 8.36575 Constraint violation = 3.81961e-12
[2025-12-17 07:14:31.816] [cout] [info] time = 0.055 Performance = 8.32019 Constraint violation = 2.87969e-12
[2025-12-17 07:14:32.228] [cout] [info] time = 0.06 Performance = 8.2733 Constraint violation = 2.07218e-12
[2025-12-17 07:14:32.658] [cout] [info] time = 0.065 Performance = 8.22527 Constraint violation = 6.21857e-12
[2025-12-17 07:14:33.070] [cout] [info] time = 0.07 Performance = 8.17645 Constraint violation = 1.58513e-12
[2025-12-17 07:14:33.502] [cout] [info] time = 0.075 Performance = 8.12731 Constraint violation = 2.56393e-12
[2025-12-17 07:14:33.952] [cout] [info] time = 0.08 Performance = 8.07835 Constraint violation = 3.51615e-12
[2025-12-17 07:14:34.382] [cout] [info] time = 0.085 Performance = 8.03042 Constraint violation = 1.20553e-12
[2025-12-17 07:14:34.809] [cout] [info] time = 0.09 Performance = 7.98489 Constraint violation = 2.84716e-12
[2025-12-17 07:14:35.236] [cout] [info] time = 0.095 Performance = 7.94376 Constraint violation = 2.47676e-12
[2025-12-17 07:14:35.650] [cout] [info] time = 0.1 Performance = 7.90931 Constraint violation = 1.13384e-12
[2025-12-17 07:14:36.067] [cout] [info] time = 0.105000 Performance = 7.88312 Constraint violation = 1.30882e-12
[2025-12-17 07:14:36.497] [cout] [info] time = 0.11 Performance = 7.86541 Constraint violation = 3.35010e-12
[2025-12-17 07:14:36.916] [cout] [info] time = 0.115 Performance = 7.85533 Constraint violation = 2.28137e-12
[2025-12-17 07:14:37.335] [cout] [info] time = 0.12 Performance = 7.85178 Constraint violation = 6.20705e-12
[2025-12-17 07:14:37.793] [cout] [info] time = 0.125 Performance = 7.85346 Constraint violation = 4.29684e-12
[2025-12-17 07:14:38.213] [cout] [info] time = 0.13 Performance = 7.85895 Constraint violation = 6.56831e-12
[2025-12-17 07:14:38.643] [cout] [info] time = 0.135 Performance = 7.86688 Constraint violation = 1.38621e-12
[2025-12-17 07:14:39.066] [cout] [info] time = 0.14 Performance = 7.87611 Constraint violation = 1.60487e-12
[2025-12-17 07:14:39.491] [cout] [info] time = 0.145 Performance = 7.8858 Constraint violation = 1.2716e-12
[2025-12-17 07:14:39.904] [cout] [info] time = 0.15 Performance = 7.89547 Constraint violation = 3.4761e-12
[2025-12-17 07:14:40.328] [cout] [info] time = 0.155 Performance = 7.90513 Constraint violation = 7.15257e-13
[2025-12-17 07:14:40.745] [cout] [info] time = 0.16 Performance = 7.9151 Constraint violation = 6.62693e-13
[2025-12-17 07:14:41.171] [cout] [info] time = 0.165 Performance = 7.92619 Constraint violation = 8.80996e-13
[2025-12-17 07:14:41.630] [cout] [info] time = 0.17 Performance = 7.93944 Constraint violation = 2.8472e-12
[2025-12-17 07:14:42.054] [cout] [info] time = 0.175 Performance = 7.95574 Constraint violation = 1.57859e-12
[2025-12-17 07:14:42.529] [cout] [info] time = 0.18 Performance = 7.97585 Constraint violation = 1.47060e-12
[2025-12-17 07:14:42.970] [cout] [info] time = 0.185 Performance = 8.00038 Constraint violation = 1.87399e-12
[2025-12-17 07:14:43.439] [cout] [info] time = 0.19 Performance = 8.0295 Constraint violation = 2.06033e-12
[2025-12-17 07:14:43.869] [cout] [info] time = 0.195 Performance = 8.06047 Constraint violation = 1.67072e-12
[2025-12-17 07:14:44.286] [cout] [info] time = 0.2 Performance = 8.09977 Constraint violation = 9.16452e-13
[2025-12-17 07:14:44.712] [cout] [info] time = 0.205000 Performance = 8.14718 Constraint violation = 1.57686e-12
[2025-12-17 07:14:45.190] [cout] [info] time = 0.21 Performance = 8.20411 Constraint violation = 1.27839e-12
[2025-12-17 07:14:45.614] [cout] [info] time = 0.215 Performance = 8.27162 Constraint violation = 3.1722e-12
[2025-12-17 07:14:46.080] [cout] [info] time = 0.22 Performance = 8.35057 Constraint violation = 2.25506e-12
[2025-12-17 07:14:46.501] [cout] [info] time = 0.225 Performance = 8.44147 Constraint violation = 1.57665e-12
[2025-12-17 07:14:46.949] [cout] [info] time = 0.23 Performance = 8.54422 Constraint violation = 8.13859e-13
[2025-12-17 07:14:47.372] [cout] [info] time = 0.235 Performance = 8.65814 Constraint violation = 3.02619e-12
[2025-12-17 07:14:47.797] [cout] [info] time = 0.24 Performance = 8.78222 Constraint violation = 2.12002e-12
[2025-12-17 07:14:48.219] [cout] [info] time = 0.245 Performance = 8.91546 Constraint violation = 1.9475e-12
[2025-12-17 07:14:48.655] [cout] [info] time = 0.25 Performance = 9.05684 Constraint violation = 1.26852e-12
[2025-12-17 07:14:49.076] [cout] [info] time = 0.255 Performance = 9.20532 Constraint violation = 9.04969e-13
[2025-12-17 07:14:49.497] [cout] [info] time = 0.26 Performance = 9.35942 Constraint violation = 4.87332e-12
[2025-12-17 07:14:49.936] [cout] [info] time = 0.265 Performance = 9.51809 Constraint violation = 1.87979e-12
[2025-12-17 07:14:50.370] [cout] [info] time = 0.27 Performance = 9.67963 Constraint violation = 5.02631e-12
[2025-12-17 07:14:50.804] [cout] [info] time = 0.275 Performance = 9.84271 Constraint violation = 9.76676e-12
[2025-12-17 07:14:51.231] [cout] [info] time = 0.28 Performance = 10.0063 Constraint violation = 1.81963e-11
[2025-12-17 07:14:51.651] [cout] [info] time = 0.285 Performance = 10.1689 Constraint violation = 2.45247e-12
[2025-12-17 07:14:52.092] [cout] [info] time = 0.29 Performance = 10.3294 Constraint violation = 3.01102e-12
[2025-12-17 07:14:52.498] [cout] [info] time = 0.295 Performance = 10.4869 Constraint violation = 1.70237e-12
[2025-12-17 07:14:52.918] [cout] [info] time = 0.3 Performance = 10.6396 Constraint violation = 9.77332e-13
[2025-12-17 07:14:53.343] [cout] [info] time = 0.305000 Performance = 10.788 Constraint violation = 5.98005e-12
[2025-12-17 07:14:53.799] [cout] [info] time = 0.31 Performance = 10.9316 Constraint violation = 3.17716e-12
[2025-12-17 07:14:54.256] [cout] [info] time = 0.315 Performance = 11.0707 Constraint violation = 2.07151e-12
[2025-12-17 07:14:54.676] [cout] [info] time = 0.32 Performance = 11.2050 Constraint violation = 5.81057e-12
[2025-12-17 07:14:55.096] [cout] [info] time = 0.325 Performance = 11.3347 Constraint violation = 7.40974e-13
[2025-12-17 07:14:55.517] [cout] [info] time = 0.33 Performance = 11.46 Constraint violation = 2.999e-12
[2025-12-17 07:14:55.924] [cout] [info] time = 0.335 Performance = 11.581 Constraint violation = 1.35409e-12
[2025-12-17 07:14:56.343] [cout] [info] time = 0.34 Performance = 11.6987 Constraint violation = 2.62044e-12
[2025-12-17 07:14:56.762] [cout] [info] time = 0.345 Performance = 11.8129 Constraint violation = 1.04769e-12
[2025-12-17 07:14:57.205] [cout] [info] time = 0.35 Performance = 11.9272 Constraint violation = 1.50473e-12
[2025-12-17 07:14:57.618] [cout] [info] time = 0.355 Performance = 12.0376 Constraint violation = 8.26824e-12
[2025-12-17 07:14:58.042] [cout] [info] time = 0.36 Performance = 12.1549 Constraint violation = 2.79593e-12
[2025-12-17 07:14:58.543] [cout] [info] time = 0.365 Performance = 12.2715 Constraint violation = 3.41843e-12
[2025-12-17 07:14:58.952] [cout] [info] time = 0.37 Performance = 12.394 Constraint violation = 8.43846e-12
[2025-12-17 07:14:59.380] [cout] [info] time = 0.375 Performance = 12.5228 Constraint violation = 2.48844e-12
[2025-12-17 07:14:59.804] [cout] [info] time = 0.38 Performance = 12.659 Constraint violation = 2.59836e-12
[2025-12-17 07:15:00.232] [cout] [info] time = 0.385 Performance = 12.8034 Constraint violation = 1.17216e-12
[2025-12-17 07:15:00.676] [cout] [info] time = 0.39 Performance = 12.9559 Constraint violation = 3.04628e-11
[2025-12-17 07:15:01.091] [cout] [info] time = 0.395 Performance = 13.115 Constraint violation = 7.93336e-12
[2025-12-17 07:15:01.526] [cout] [info] time = 0.4 Performance = 13.2785 Constraint violation = 1.80635e-12
[2025-12-17 07:15:01.967] [cout] [info] time = 0.405000 Performance = 13.4432 Constraint violation = 1.09055e-11
[2025-12-17 07:15:02.435] [cout] [info] time = 0.41 Performance = 13.6060 Constraint violation = 6.47562e-13
[2025-12-17 07:15:02.869] [cout] [info] time = 0.415 Performance = 13.7637 Constraint violation = 9.88752e-12
[2025-12-17 07:15:03.290] [cout] [info] time = 0.42 Performance = 13.9139 Constraint violation = 6.46295e-12
[2025-12-17 07:15:03.742] [cout] [info] time = 0.425 Performance = 14.0541 Constraint violation = 7.86325e-13
[2025-12-17 07:15:04.157] [cout] [info] time = 0.43 Performance = 14.1827 Constraint violation = 9.49252e-13
[2025-12-17 07:15:04.580] [cout] [info] time = 0.435 Performance = 14.2983 Constraint violation = 1.34947e-12
[2025-12-17 07:15:05.038] [cout] [info] time = 0.44 Performance = 14.4 Constraint violation = 1.72304e-11
[2025-12-17 07:15:05.452] [cout] [info] time = 0.445 Performance = 14.4874 Constraint violation = 2.60323e-12
[2025-12-17 07:15:05.882] [cout] [info] time = 0.45 Performance = 14.5609 Constraint violation = 1.0787e-12
[2025-12-17 07:15:06.293] [cout] [info] time = 0.455 Performance = 14.6208 Constraint violation = 1.80238e-12
[2025-12-17 07:15:06.720] [cout] [info] time = 0.46 Performance = 14.6676 Constraint violation = 3.56305e-12
[2025-12-17 07:15:07.237] [cout] [info] time = 0.465 Performance = 14.7028 Constraint violation = 1.40644e-12
[2025-12-17 07:15:07.664] [cout] [info] time = 0.47 Performance = 14.7236 Constraint violation = 4.52099e-12
[2025-12-17 07:15:08.093] [cout] [info] time = 0.475 Performance = 14.7357 Constraint violation = 4.81245e-12
[2025-12-17 07:15:08.518] [cout] [info] time = 0.48 Performance = 14.7395 Constraint violation = 6.29324e-13
[2025-12-17 07:15:08.929] [cout] [info] time = 0.485 Performance = 14.7365 Constraint violation = 1.07933e-12
[2025-12-17 07:15:09.357] [cout] [info] time = 0.49 Performance = 14.723 Constraint violation = 1.82534e-12
[2025-12-17 07:15:09.780] [cout] [info] time = 0.495 Performance = 14.7105 Constraint violation = 5.13053e-12
[2025-12-17 07:15:10.197] [cout] [info] time = 0.5 Performance = 14.6935 Constraint violation = 6.02633e-12
[2025-12-17 07:15:10.621] [cout] [info] time = 0.505000 Performance = 14.6774 Constraint violation = 2.30040e-12
[2025-12-17 07:15:11.038] [cout] [info] time = 0.51 Performance = 14.6578 Constraint violation = 4.96697e-12
[2025-12-17 07:15:11.452] [cout] [info] time = 0.515 Performance = 14.6391 Constraint violation = 1.46458e-11
[2025-12-17 07:15:11.898] [cout] [info] time = 0.52 Performance = 14.6154 Constraint violation = 4.28208e-12
[2025-12-17 07:15:12.342] [cout] [info] time = 0.525 Performance = 14.5915 Constraint violation = 3.91919e-12
[2025-12-17 07:15:12.787] [cout] [info] time = 0.53 Performance = 14.5594 Constraint violation = 8.80355e-13
[2025-12-17 07:15:13.220] [cout] [info] time = 0.535 Performance = 14.5245 Constraint violation = 7.75003e-12
[2025-12-17 07:15:13.637] [cout] [info] time = 0.54 Performance = 14.4793 Constraint violation = 9.62268e-12
[2025-12-17 07:15:14.060] [cout] [info] time = 0.545 Performance = 14.4294 Constraint violation = 1.65082e-12
[2025-12-17 07:15:14.469] [cout] [info] time = 0.55 Performance = 14.368 Constraint violation = 4.92935e-12
[2025-12-17 07:15:14.884] [cout] [info] time = 0.555 Performance = 14.3015 Constraint violation = 2.33826e-12
[2025-12-17 07:15:15.298] [cout] [info] time = 0.56 Performance = 14.2197 Constraint violation = 4.6612e-12
[2025-12-17 07:15:15.726] [cout] [info] time = 0.565 Performance = 14.1258 Constraint violation = 9.93115e-12
[2025-12-17 07:15:16.145] [cout] [info] time = 0.57 Performance = 14.015 Constraint violation = 2.62591e-12
[2025-12-17 07:15:16.561] [cout] [info] time = 0.575 Performance = 13.8889 Constraint violation = 5.43506e-12
[2025-12-17 07:15:16.975] [cout] [info] time = 0.58 Performance = 13.7422 Constraint violation = 3.02054e-12
[2025-12-17 07:15:17.391] [cout] [info] time = 0.585 Performance = 13.5781 Constraint violation = 1.49764e-12
[2025-12-17 07:15:17.815] [cout] [info] time = 0.59 Performance = 13.3957 Constraint violation = 1.12488e-11
[2025-12-17 07:15:18.234] [cout] [info] time = 0.595 Performance = 13.196 Constraint violation = 1.38361e-12
[2025-12-17 07:15:18.655] [cout] [info] time = 0.6 Performance = 12.9806 Constraint violation = 1.63075e-11
[2025-12-17 07:15:19.080] [cout] [info] time = 0.605000 Performance = 12.7516 Constraint violation = 1.86897e-11
[2025-12-17 07:15:19.481] [cout] [info] time = 0.61 Performance = 12.5119 Constraint violation = 1.87888e-12
[2025-12-17 07:15:19.899] [cout] [info] time = 0.615 Performance = 12.2653 Constraint violation = 1.90307e-12
[2025-12-17 07:15:20.311] [cout] [info] time = 0.62 Performance = 12.0158 Constraint violation = 4.22375e-12
[2025-12-17 07:15:20.737] [cout] [info] time = 0.625 Performance = 11.768 Constraint violation = 1.27118e-12
[2025-12-17 07:15:21.171] [cout] [info] time = 0.63 Performance = 11.5263 Constraint violation = 7.56020e-12
[2025-12-17 07:15:21.601] [cout] [info] time = 0.635 Performance = 11.2949 Constraint violation = 2.06177e-12
[2025-12-17 07:15:22.049] [cout] [info] time = 0.64 Performance = 11.0772 Constraint violation = 5.45905e-12
[2025-12-17 07:15:22.508] [cout] [info] time = 0.645 Performance = 10.8762 Constraint violation = 8.89917e-13
[2025-12-17 07:15:22.960] [cout] [info] time = 0.65 Performance = 10.6934 Constraint violation = 1.91685e-12
[2025-12-17 07:15:23.426] [cout] [info] time = 0.655 Performance = 10.529 Constraint violation = 9.11070e-13
[2025-12-17 07:15:23.868] [cout] [info] time = 0.66 Performance = 10.3806 Constraint violation = 2.80506e-12
[2025-12-17 07:15:24.321] [cout] [info] time = 0.665 Performance = 10.2436 Constraint violation = 5.43824e-12
[2025-12-17 07:15:24.768] [cout] [info] time = 0.67 Performance = 10.111 Constraint violation = 1.63485e-12
[2025-12-17 07:15:25.224] [cout] [info] time = 0.675 Performance = 9.97601 Constraint violation = 4.08188e-12
[2025-12-17 07:15:25.667] [cout] [info] time = 0.68 Performance = 9.83433 Constraint violation = 1.63045e-12
[2025-12-17 07:15:26.112] [cout] [info] time = 0.685 Performance = 9.68457 Constraint violation = 9.61185e-13
[2025-12-17 07:15:26.567] [cout] [info] time = 0.69 Performance = 9.52745 Constraint violation = 7.25548e-12
[2025-12-17 07:15:27.017] [cout] [info] time = 0.695 Performance = 9.36517 Constraint violation = 9.84142e-13
[2025-12-17 07:15:27.445] [cout] [info] time = 0.7 Performance = 9.19944 Constraint violation = 2.83736e-12
[2025-12-17 07:15:27.949] [cout] [info] time = 0.705000 Performance = 9.03253 Constraint violation = 4.12302e-12
[2025-12-17 07:15:28.384] [cout] [info] time = 0.71 Performance = 8.86669 Constraint violation = 2.73339e-12
[2025-12-17 07:15:28.807] [cout] [info] time = 0.715 Performance = 8.70386 Constraint violation = 8.32619e-12
[2025-12-17 07:15:29.238] [cout] [info] time = 0.72 Performance = 8.54545 Constraint violation = 1.77955e-12
[2025-12-17 07:15:29.666] [cout] [info] time = 0.725 Performance = 8.39215 Constraint violation = 4.02e-12
[2025-12-17 07:15:30.096] [cout] [info] time = 0.73 Performance = 8.24383 Constraint violation = 3.66423e-12
[2025-12-17 07:15:30.542] [cout] [info] time = 0.735 Performance = 8.09961 Constraint violation = 3.02039e-12
[2025-12-17 07:15:30.954] [cout] [info] time = 0.74 Performance = 7.95761 Constraint violation = 1.07070e-11
[2025-12-17 07:15:31.380] [cout] [info] time = 0.745 Performance = 7.81498 Constraint violation = 5.5493e-13
[2025-12-17 07:15:31.807] [cout] [info] time = 0.75 Performance = 7.6684 Constraint violation = 2.72571e-12
[2025-12-17 07:15:32.239] [cout] [info] time = 0.755 Performance = 7.51497 Constraint violation = 2.14427e-12
[2025-12-17 07:15:32.696] [cout] [info] time = 0.76 Performance = 7.35295 Constraint violation = 1.17134e-12
[2025-12-17 07:15:33.117] [cout] [info] time = 0.765 Performance = 7.18217 Constraint violation = 4.4696e-12
[2025-12-17 07:15:33.543] [cout] [info] time = 0.77 Performance = 7.00397 Constraint violation = 9.52378e-12
[2025-12-17 07:15:33.981] [cout] [info] time = 0.775 Performance = 6.82083 Constraint violation = 3.61952e-12
[2025-12-17 07:15:34.419] [cout] [info] time = 0.78 Performance = 6.63558 Constraint violation = 5.33741e-12
[2025-12-17 07:15:34.860] [cout] [info] time = 0.785 Performance = 6.45098 Constraint violation = 1.5397e-11
[2025-12-17 07:15:35.281] [cout] [info] time = 0.79 Performance = 6.27004 Constraint violation = 2.648e-12
[2025-12-17 07:15:35.706] [cout] [info] time = 0.795 Performance = 6.09702 Constraint violation = 1.61281e-12
[2025-12-17 07:15:36.125] [cout] [info] time = 0.8 Performance = 5.935 Constraint violation = 1.34622e-12
[2025-12-17 07:15:36.555] [cout] [info] time = 0.805000 Performance = 5.78969 Constraint violation = 1.47767e-12
[2025-12-17 07:15:36.973] [cout] [info] time = 0.81 Performance = 5.66624 Constraint violation = 1.35206e-12
[2025-12-17 07:15:37.448] [cout] [info] time = 0.815 Performance = 5.56946 Constraint violation = 1.3228e-12
[2025-12-17 07:15:37.921] [cout] [info] time = 0.82 Performance = 5.50597 Constraint violation = 8.45335e-12
[2025-12-17 07:15:38.332] [cout] [info] time = 0.825 Performance = 5.48031 Constraint violation = 2.20307e-12
[2025-12-17 07:15:38.771] [cout] [info] time = 0.83 Performance = 5.49716 Constraint violation = 1.44347e-11
[2025-12-17 07:15:39.196] [cout] [info] time = 0.835 Performance = 5.56076 Constraint violation = 1.6732e-12
[2025-12-17 07:15:39.608] [cout] [info] time = 0.84 Performance = 5.67632 Constraint violation = 1.52247e-12
[2025-12-17 07:15:40.040] [cout] [info] time = 0.845 Performance = 5.84146 Constraint violation = 7.97191e-12
[2025-12-17 07:15:40.463] [cout] [info] time = 0.85 Performance = 6.06479 Constraint violation = 2.50310e-12
[2025-12-17 07:15:40.878] [cout] [info] time = 0.855 Performance = 6.34713 Constraint violation = 9.2284e-12
[2025-12-17 07:15:41.292] [cout] [info] time = 0.86 Performance = 6.69109 Constraint violation = 9.21071e-13
[2025-12-17 07:15:41.712] [cout] [info] time = 0.865 Performance = 7.09919 Constraint violation = 2.4247e-12
[2025-12-17 07:15:42.117] [cout] [info] time = 0.87 Performance = 7.57402 Constraint violation = 1.19286e-11
[2025-12-17 07:15:42.546] [cout] [info] time = 0.875 Performance = 8.11652 Constraint violation = 1.14935e-12
[2025-12-17 07:15:42.975] [cout] [info] time = 0.88 Performance = 8.72827 Constraint violation = 1.93814e-12
[2025-12-17 07:15:43.393] [cout] [info] time = 0.885 Performance = 9.41116 Constraint violation = 2.19542e-12
[2025-12-17 07:15:43.805] [cout] [info] time = 0.89 Performance = 10.1651 Constraint violation = 2.7614e-12
[2025-12-17 07:15:44.213] [cout] [info] time = 0.895 Performance = 10.9914 Constraint violation = 3.90625e-12
[2025-12-17 07:15:44.640] [cout] [info] time = 0.9 Performance = 11.8908 Constraint violation = 2.54664e-12
[2025-12-17 07:15:45.062] [cout] [info] time = 0.905000 Performance = 12.8646 Constraint violation = 3.22423e-12
[2025-12-17 07:15:45.469] [cout] [info] time = 0.91 Performance = 13.9112 Constraint violation = 2.2376e-11
[2025-12-17 07:15:45.886] [cout] [info] time = 0.915 Performance = 15.0316 Constraint violation = 9.19131e-12
[2025-12-17 07:15:46.297] [cout] [info] time = 0.92 Performance = 16.2242 Constraint violation = 7.64438e-12
[2025-12-17 07:15:46.715] [cout] [info] time = 0.925 Performance = 17.4793 Constraint violation = 1.39333e-12
[2025-12-17 07:15:47.124] [cout] [info] time = 0.93 Performance = 18.7895 Constraint violation = 1.61134e-12
[2025-12-17 07:15:47.553] [cout] [info] time = 0.935 Performance = 20.1445 Constraint violation = 2.81787e-12
[2025-12-17 07:15:47.953] [cout] [info] time = 0.94 Performance = 21.5319 Constraint violation = 6.20241e-12
[2025-12-17 07:15:48.349] [cout] [info] time = 0.945 Performance = 22.9369 Constraint violation = 5.76635e-12
[2025-12-17 07:15:48.776] [cout] [info] time = 0.95 Performance = 24.3475 Constraint violation = 4.47842e-12
[2025-12-17 07:15:49.185] [cout] [info] time = 0.955 Performance = 25.7515 Constraint violation = 4.20587e-11
[2025-12-17 07:15:49.592] [cout] [info] time = 0.96 Performance = 27.1434 Constraint violation = 1.91696e-10
[2025-12-17 07:15:50.008] [cout] [info] time = 0.965 Performance = 28.5167 Constraint violation = 4.32427e-12
[2025-12-17 07:15:50.413] [cout] [info] time = 0.97 Performance = 29.8656 Constraint violation = 1.53277e-11
[2025-12-17 07:15:50.820] [cout] [info] time = 0.975 Performance = 31.1871 Constraint violation = 1.94947e-11
[2025-12-17 07:15:51.229] [cout] [info] time = 0.98 Performance = 32.4758 Constraint violation = 1.70370e-12
[2025-12-17 07:15:51.634] [cout] [info] time = 0.985 Performance = 33.7258 Constraint violation = 1.80243e-11
[2025-12-17 07:15:52.033] [cout] [info] time = 0.99 Performance = 34.9255 Constraint violation = 1.12914e-10
[2025-12-17 07:15:52.419] [cout] [info] time = 0.995 Performance = 36.0629 Constraint violation = 1.67040e-11
[2025-12-17 07:15:52.810] [cout] [info] time = 1.0 Performance = 37.1224 Constraint violation = 9.85883e-12
[2025-12-17 07:15:53.203] [cout] [info] time = 1.00500 Performance = 38.0924 Constraint violation = 9.25978e-11
[2025-12-17 07:15:53.603] [cout] [info] time = 1.01 Performance = 38.9625 Constraint violation = 6.30009e-12
[2025-12-17 07:15:53.988] [cout] [info] time = 1.015 Performance = 39.7227 Constraint violation = 3.56333e-12
[2025-12-17 07:15:54.380] [cout] [info] time = 1.02 Performance = 40.367 Constraint violation = 7.55827e-11
[2025-12-17 07:15:54.773] [cout] [info] time = 1.025 Performance = 40.9018 Constraint violation = 1.63104e-12
[2025-12-17 07:15:55.176] [cout] [info] time = 1.03 Performance = 41.3355 Constraint violation = 2.88069e-11
[2025-12-17 07:15:55.614] [cout] [info] time = 1.035 Performance = 41.6808 Constraint violation = 4.96216e-11
[2025-12-17 07:15:56.049] [cout] [info] time = 1.04 Performance = 41.9504 Constraint violation = 4.07077e-11
[2025-12-17 07:15:56.507] [cout] [info] time = 1.045 Performance = 42.1587 Constraint violation = 1.34075e-10
[2025-12-17 07:15:56.907] [cout] [info] time = 1.05 Performance = 42.325 Constraint violation = 1.45602e-11
[2025-12-17 07:15:57.321] [cout] [info] time = 1.055 Performance = 42.466 Constraint violation = 5.04485e-12
[2025-12-17 07:15:57.724] [cout] [info] time = 1.06 Performance = 42.6 Constraint violation = 6.24145e-11
[2025-12-17 07:15:58.130] [cout] [info] time = 1.065 Performance = 42.7456 Constraint violation = 7.63896e-11
[2025-12-17 07:15:58.577] [cout] [info] time = 1.07 Performance = 42.9163 Constraint violation = 7.99663e-11
[2025-12-17 07:15:58.962] [cout] [info] time = 1.075 Performance = 43.1258 Constraint violation = 2.26192e-11
[2025-12-17 07:15:59.365] [cout] [info] time = 1.08 Performance = 43.3843 Constraint violation = 1.83775e-10
[2025-12-17 07:15:59.767] [cout] [info] time = 1.085 Performance = 43.696 Constraint violation = 1.57195e-10
[2025-12-17 07:16:00.175] [cout] [info] time = 1.09 Performance = 44.0603 Constraint violation = 1.03876e-10
[2025-12-17 07:16:00.564] [cout] [info] time = 1.095 Performance = 44.4748 Constraint violation = 1.76039e-11
[2025-12-17 07:16:00.969] [cout] [info] time = 1.1 Performance = 44.9402 Constraint violation = 1.07202e-10
[2025-12-17 07:16:01.365] [cout] [info] time = 1.10500 Performance = 45.4589 Constraint violation = 7.89189e-11
[2025-12-17 07:16:01.775] [cout] [info] time = 1.11 Performance = 46.0311 Constraint violation = 3.26606e-11
[2025-12-17 07:16:02.211] [cout] [info] time = 1.115 Performance = 46.6539 Constraint violation = 2.63711e-11
[2025-12-17 07:16:02.651] [cout] [info] time = 1.12 Performance = 47.3208 Constraint violation = 5.69292e-11
[2025-12-17 07:16:03.085] [cout] [info] time = 1.125 Performance = 48.0228 Constraint violation = 6.13954e-11
[2025-12-17 07:16:03.506] [cout] [info] time = 1.13 Performance = 48.7488 Constraint violation = 4.82977e-11
[2025-12-17 07:16:03.912] [cout] [info] time = 1.135 Performance = 49.4848 Constraint violation = 1.19417e-11
[2025-12-17 07:16:04.315] [cout] [info] time = 1.14 Performance = 50.2142 Constraint violation = 9.43124e-11
[2025-12-17 07:16:04.727] [cout] [info] time = 1.145 Performance = 50.9206 Constraint violation = 3.83652e-11
[2025-12-17 07:16:05.145] [cout] [info] time = 1.15 Performance = 51.5911 Constraint violation = 1.76233e-10
[2025-12-17 07:16:05.552] [cout] [info] time = 1.155 Performance = 52.2161 Constraint violation = 9.27587e-11
[2025-12-17 07:16:05.976] [cout] [info] time = 1.16 Performance = 52.7879 Constraint violation = 1.17474e-10
[2025-12-17 07:16:06.385] [cout] [info] time = 1.165 Performance = 53.2994 Constraint violation = 5.05374e-11
[2025-12-17 07:16:06.793] [cout] [info] time = 1.17 Performance = 53.7471 Constraint violation = 1.43053e-10
[2025-12-17 07:16:07.195] [cout] [info] time = 1.175 Performance = 54.1331 Constraint violation = 1.90690e-10
[2025-12-17 07:16:07.606] [cout] [info] time = 1.18 Performance = 54.4659 Constraint violation = 1.02718e-11
[2025-12-17 07:16:07.986] [cout] [info] time = 1.185 Performance = 54.7596 Constraint violation = 7.28053e-12
[2025-12-17 07:16:08.393] [cout] [info] time = 1.19 Performance = 55.0313 Constraint violation = 2.18090e-10
[2025-12-17 07:16:08.806] [cout] [info] time = 1.195 Performance = 55.2986 Constraint violation = 1.30827e-11
[2025-12-17 07:16:09.193] [cout] [info] time = 1.2 Performance = 55.5768 Constraint violation = 1.95365e-11
[2025-12-17 07:16:09.586] [cout] [info] time = 1.20500 Performance = 55.8771 Constraint violation = 4.30576e-12
[2025-12-17 07:16:09.991] [cout] [info] time = 1.21 Performance = 56.2071 Constraint violation = 7.22659e-11
[2025-12-17 07:16:10.398] [cout] [info] time = 1.215 Performance = 56.5715 Constraint violation = 2.44142e-11
[2025-12-17 07:16:10.825] [cout] [info] time = 1.22 Performance = 56.9719 Constraint violation = 3.21828e-11
[2025-12-17 07:16:11.235] [cout] [info] time = 1.225 Performance = 57.4063 Constraint violation = 2.55494e-11
[2025-12-17 07:16:11.662] [cout] [info] time = 1.23 Performance = 57.8707 Constraint violation = 5.72583e-11
[2025-12-17 07:16:12.046] [cout] [info] time = 1.235 Performance = 58.3583 Constraint violation = 1.94855e-11
[2025-12-17 07:16:12.460] [cout] [info] time = 1.24 Performance = 58.865 Constraint violation = 5.14002e-11
[2025-12-17 07:16:12.885] [cout] [info] time = 1.245 Performance = 59.3908 Constraint violation = 6.05554e-12
[2025-12-17 07:16:13.287] [cout] [info] time = 1.25 Performance = 59.9375 Constraint violation = 7.59147e-12
[2025-12-17 07:16:13.698] [cout] [info] time = 1.255 Performance = 60.5113 Constraint violation = 5.81253e-11
[2025-12-17 07:16:14.094] [cout] [info] time = 1.26 Performance = 61.1197 Constraint violation = 7.48921e-11
[2025-12-17 07:16:14.494] [cout] [info] time = 1.265 Performance = 61.7633 Constraint violation = 4.32298e-11
[2025-12-17 07:16:14.942] [cout] [info] time = 1.27 Performance = 62.4326 Constraint violation = 5.78799e-11
[2025-12-17 07:16:15.343] [cout] [info] time = 1.275 Performance = 63.1189 Constraint violation = 1.61868e-11
[2025-12-17 07:16:15.761] [cout] [info] time = 1.28 Performance = 63.8067 Constraint violation = 1.48342e-10
[2025-12-17 07:16:16.159] [cout] [info] time = 1.285 Performance = 64.4835 Constraint violation = 1.57835e-10
[2025-12-17 07:16:16.558] [cout] [info] time = 1.29 Performance = 65.1383 Constraint violation = 4.90162e-11
[2025-12-17 07:16:16.940] [cout] [info] time = 1.295 Performance = 65.7585 Constraint violation = 6.53389e-12
[2025-12-17 07:16:17.342] [cout] [info] time = 1.3 Performance = 66.3331 Constraint violation = 4.67403e-11
[2025-12-17 07:16:17.747] [cout] [info] time = 1.30500 Performance = 66.8556 Constraint violation = 5.58235e-11
[2025-12-17 07:16:18.151] [cout] [info] time = 1.31 Performance = 67.3258 Constraint violation = 1.97308e-10
[2025-12-17 07:16:18.561] [cout] [info] time = 1.315 Performance = 67.7474 Constraint violation = 1.40532e-10
[2025-12-17 07:16:18.971] [cout] [info] time = 1.32 Performance = 68.1276 Constraint violation = 4.71318e-11
[2025-12-17 07:16:19.369] [cout] [info] time = 1.325 Performance = 68.4758 Constraint violation = 1.02523e-10
[2025-12-17 07:16:19.773] [cout] [info] time = 1.33 Performance = 68.8022 Constraint violation = 1.95149e-11
[2025-12-17 07:16:20.177] [cout] [info] time = 1.335 Performance = 69.1155 Constraint violation = 8.54817e-11
[2025-12-17 07:16:20.594] [cout] [info] time = 1.34 Performance = 69.424 Constraint violation = 1.81851e-10
[2025-12-17 07:16:21.009] [cout] [info] time = 1.345 Performance = 69.7301 Constraint violation = 3.20138e-10
[2025-12-17 07:16:21.433] [cout] [info] time = 1.35 Performance = 70.0296 Constraint violation = 1.32744e-10
[2025-12-17 07:16:21.854] [cout] [info] time = 1.355 Performance = 70.3119 Constraint violation = 9.32143e-11
[2025-12-17 07:16:22.274] [cout] [info] time = 1.36 Performance = 70.5647 Constraint violation = 3.52429e-11
[2025-12-17 07:16:22.705] [cout] [info] time = 1.365 Performance = 70.7752 Constraint violation = 8.97059e-12
[2025-12-17 07:16:23.118] [cout] [info] time = 1.37 Performance = 70.9322 Constraint violation = 1.66042e-11
[2025-12-17 07:16:23.533] [cout] [info] time = 1.375 Performance = 71.0221 Constraint violation = 2.41635e-11
[2025-12-17 07:16:23.955] [cout] [info] time = 1.38 Performance = 71.0317 Constraint violation = 1.25268e-11
[2025-12-17 07:16:24.391] [cout] [info] time = 1.385 Performance = 70.9529 Constraint violation = 8.58050e-12
[2025-12-17 07:16:24.822] [cout] [info] time = 1.39 Performance = 70.7843 Constraint violation = 3.30952e-11
[2025-12-17 07:16:25.254] [cout] [info] time = 1.395 Performance = 70.5279 Constraint violation = 2.39768e-12
[2025-12-17 07:16:25.692] [cout] [info] time = 1.4 Performance = 70.1861 Constraint violation = 7.73173e-12
[2025-12-17 07:16:26.124] [cout] [info] time = 1.40500 Performance = 69.7614 Constraint violation = 7.47604e-12
[2025-12-17 07:16:26.543] [cout] [info] time = 1.41 Performance = 69.2587 Constraint violation = 1.77811e-11
[2025-12-17 07:16:26.964] [cout] [info] time = 1.415 Performance = 68.6867 Constraint violation = 3.24016e-11
[2025-12-17 07:16:27.378] [cout] [info] time = 1.42 Performance = 68.0598 Constraint violation = 1.33838e-12
[2025-12-17 07:16:27.792] [cout] [info] time = 1.425 Performance = 67.3984 Constraint violation = 3.48974e-11
[2025-12-17 07:16:28.205] [cout] [info] time = 1.43 Performance = 66.7281 Constraint violation = 4.94386e-11
[2025-12-17 07:16:28.611] [cout] [info] time = 1.435 Performance = 66.0815 Constraint violation = 1.31389e-11
[2025-12-17 07:16:29.008] [cout] [info] time = 1.44 Performance = 65.4895 Constraint violation = 8.55396e-11
[2025-12-17 07:16:29.416] [cout] [info] time = 1.445 Performance = 64.9819 Constraint violation = 9.26054e-12
[2025-12-17 07:16:29.849] [cout] [info] time = 1.45 Performance = 64.5841 Constraint violation = 5.44707e-11
[2025-12-17 07:16:30.261] [cout] [info] time = 1.455 Performance = 64.3171 Constraint violation = 5.08621e-11
[2025-12-17 07:16:30.672] [cout] [info] time = 1.46 Performance = 64.1973 Constraint violation = 6.63685e-12
[2025-12-17 07:16:31.072] [cout] [info] time = 1.465 Performance = 64.236 Constraint violation = 4.16945e-12
[2025-12-17 07:16:31.479] [cout] [info] time = 1.47 Performance = 64.4388 Constraint violation = 1.07836e-10
[2025-12-17 07:16:31.880] [cout] [info] time = 1.475 Performance = 64.8020 Constraint violation = 3.22806e-11
[2025-12-17 07:16:32.272] [cout] [info] time = 1.48 Performance = 65.3285 Constraint violation = 3.07546e-11
[2025-12-17 07:16:32.694] [cout] [info] time = 1.485 Performance = 66.0169 Constraint violation = 1.33218e-11
[2025-12-17 07:16:33.096] [cout] [info] time = 1.49 Performance = 66.8682 Constraint violation = 3.61792e-11
[2025-12-17 07:16:33.508] [cout] [info] time = 1.495 Performance = 67.878 Constraint violation = 1.10578e-10
[2025-12-17 07:16:33.915] [cout] [info] time = 1.5 Performance = 69.039 Constraint violation = 7.86955e-11
[2025-12-17 07:16:34.325] [cout] [info] time = 1.50500 Performance = 70.3408 Constraint violation = 8.55229e-11
[2025-12-17 07:16:34.730] [cout] [info] time = 1.51 Performance = 71.7684 Constraint violation = 6.11964e-11
[2025-12-17 07:16:35.153] [cout] [info] time = 1.515 Performance = 73.3056 Constraint violation = 1.93097e-10
[2025-12-17 07:16:35.569] [cout] [info] time = 1.52 Performance = 74.9363 Constraint violation = 4.20750e-11
[2025-12-17 07:16:35.996] [cout] [info] time = 1.525 Performance = 76.6404 Constraint violation = 7.72193e-11
[2025-12-17 07:16:36.390] [cout] [info] time = 1.53 Performance = 78.3917 Constraint violation = 6.30907e-11
[2025-12-17 07:16:36.792] [cout] [info] time = 1.535 Performance = 80.1571 Constraint violation = 1.16642e-10
[2025-12-17 07:16:37.193] [cout] [info] time = 1.54 Performance = 81.9005 Constraint violation = 6.96472e-11
[2025-12-17 07:16:37.603] [cout] [info] time = 1.545 Performance = 83.5875 Constraint violation = 8.92064e-11
[2025-12-17 07:16:37.991] [cout] [info] time = 1.55 Performance = 85.1887 Constraint violation = 6.168e-11
[2025-12-17 07:16:38.388] [cout] [info] time = 1.555 Performance = 86.6787 Constraint violation = 4.97016e-11
[2025-12-17 07:16:38.801] [cout] [info] time = 1.56 Performance = 88.0355 Constraint violation = 2.90837e-11
[2025-12-17 07:16:39.406] [cout] [info] time = 1.565 Performance = 89.2362 Constraint violation = 1.38971e-11
[2025-12-17 07:16:39.913] [cout] [info] time = 1.57 Performance = 90.2655 Constraint violation = 1.47185e-11
[2025-12-17 07:16:40.309] [cout] [info] time = 1.575 Performance = 91.1092 Constraint violation = 1.38033e-10
[2025-12-17 07:16:40.726] [cout] [info] time = 1.58 Performance = 91.7576 Constraint violation = 7.51909e-12
[2025-12-17 07:16:41.112] [cout] [info] time = 1.585 Performance = 92.2087 Constraint violation = 1.5939e-11
[2025-12-17 07:16:41.525] [cout] [info] time = 1.59 Performance = 92.4747 Constraint violation = 6.07104e-11
[2025-12-17 07:16:41.947] [cout] [info] time = 1.595 Performance = 92.5811 Constraint violation = 1.87356e-11
[2025-12-17 07:16:42.367] [cout] [info] time = 1.6 Performance = 92.5588 Constraint violation = 1.15245e-12
[2025-12-17 07:16:42.791] [cout] [info] time = 1.60500 Performance = 92.4391 Constraint violation = 4.21179e-12
[2025-12-17 07:16:43.226] [cout] [info] time = 1.61 Performance = 92.2501 Constraint violation = 2.41528e-11
[2025-12-17 07:16:43.626] [cout] [info] time = 1.615 Performance = 92.0162 Constraint violation = 2.64891e-11
[2025-12-17 07:16:44.021] [cout] [info] time = 1.62 Performance = 91.7581 Constraint violation = 1.14734e-11
[2025-12-17 07:16:44.431] [cout] [info] time = 1.625 Performance = 91.4949 Constraint violation = 1.55522e-11
[2025-12-17 07:16:44.845] [cout] [info] time = 1.63 Performance = 91.2449 Constraint violation = 1.31604e-11
[2025-12-17 07:16:45.242] [cout] [info] time = 1.635 Performance = 91.026 Constraint violation = 1.19031e-11
[2025-12-17 07:16:45.636] [cout] [info] time = 1.64 Performance = 90.8556 Constraint violation = 1.05643e-11
[2025-12-17 07:16:46.036] [cout] [info] time = 1.645 Performance = 90.7485 Constraint violation = 1.97072e-11
[2025-12-17 07:16:46.433] [cout] [info] time = 1.65 Performance = 90.7172 Constraint violation = 9.05317e-12
[2025-12-17 07:16:46.860] [cout] [info] time = 1.655 Performance = 90.7752 Constraint violation = 1.61234e-11
[2025-12-17 07:16:47.328] [cout] [info] time = 1.66 Performance = 90.9351 Constraint violation = 1.51521e-11
[2025-12-17 07:16:47.732] [cout] [info] time = 1.665 Performance = 91.2062 Constraint violation = 2.57188e-11
[2025-12-17 07:16:48.133] [cout] [info] time = 1.67 Performance = 91.5928 Constraint violation = 2.16121e-12
[2025-12-17 07:16:48.526] [cout] [info] time = 1.675 Performance = 92.096 Constraint violation = 5.32909e-12
[2025-12-17 07:16:48.929] [cout] [info] time = 1.68 Performance = 92.7149 Constraint violation = 5.83947e-11
[2025-12-17 07:16:49.351] [cout] [info] time = 1.685 Performance = 93.4459 Constraint violation = 1.74795e-12
[2025-12-17 07:16:49.752] [cout] [info] time = 1.69 Performance = 94.2806 Constraint violation = 3.72735e-11
[2025-12-17 07:16:50.169] [cout] [info] time = 1.695 Performance = 95.2053 Constraint violation = 2.94299e-11
[2025-12-17 07:16:50.569] [cout] [info] time = 1.7 Performance = 96.2013 Constraint violation = 1.5252e-12
[2025-12-17 07:16:50.964] [cout] [info] time = 1.70500 Performance = 97.2469 Constraint violation = 3.72666e-11
[2025-12-17 07:16:51.377] [cout] [info] time = 1.71 Performance = 98.3185 Constraint violation = 4.52956e-12
[2025-12-17 07:16:51.782] [cout] [info] time = 1.715 Performance = 99.3938 Constraint violation = 1.03038e-11
[2025-12-17 07:16:52.189] [cout] [info] time = 1.72 Performance = 100.458 Constraint violation = 8.6191e-12
[2025-12-17 07:16:52.581] [cout] [info] time = 1.725 Performance = 101.502 Constraint violation = 1.03826e-10
[2025-12-17 07:16:53.047] [cout] [info] time = 1.73 Performance = 102.525 Constraint violation = 1.40300e-12
[2025-12-17 07:16:53.443] [cout] [info] time = 1.735 Performance = 103.53 Constraint violation = 1.4557e-12
[2025-12-17 07:16:53.923] [cout] [info] time = 1.74 Performance = 104.521 Constraint violation = 1.44111e-11
[2025-12-17 07:16:54.330] [cout] [info] time = 1.745 Performance = 105.505 Constraint violation = 7.33214e-11
[2025-12-17 07:16:54.736] [cout] [info] time = 1.75 Performance = 106.484 Constraint violation = 6.5337e-12
[2025-12-17 07:16:55.219] [cout] [info] time = 1.755 Performance = 107.458 Constraint violation = 2.50489e-11
[2025-12-17 07:16:55.645] [cout] [info] time = 1.76 Performance = 108.427 Constraint violation = 4.41441e-11
[2025-12-17 07:16:56.059] [cout] [info] time = 1.765 Performance = 109.385 Constraint violation = 2.9815e-11
[2025-12-17 07:16:56.480] [cout] [info] time = 1.77 Performance = 110.327 Constraint violation = 1.40258e-11
[2025-12-17 07:16:56.904] [cout] [info] time = 1.775 Performance = 111.248 Constraint violation = 6.68612e-11
[2025-12-17 07:16:57.338] [cout] [info] time = 1.78 Performance = 112.147 Constraint violation = 2.4252e-12
[2025-12-17 07:16:57.749] [cout] [info] time = 1.785 Performance = 113.022 Constraint violation = 2.26135e-11
[2025-12-17 07:16:58.204] [cout] [info] time = 1.79 Performance = 113.873 Constraint violation = 2.10464e-11
[2025-12-17 07:16:58.627] [cout] [info] time = 1.795 Performance = 114.702 Constraint violation = 1.50356e-11
[2025-12-17 07:16:59.041] [cout] [info] time = 1.8 Performance = 115.505 Constraint violation = 5.3773e-11
[2025-12-17 07:16:59.455] [cout] [info] time = 1.80500 Performance = 116.284 Constraint violation = 5.01049e-12
[2025-12-17 07:16:59.866] [cout] [info] time = 1.81 Performance = 117.039 Constraint violation = 6.71985e-11
[2025-12-17 07:17:00.279] [cout] [info] time = 1.815 Performance = 117.768 Constraint violation = 3.00702e-11
[2025-12-17 07:17:00.697] [cout] [info] time = 1.82 Performance = 118.471 Constraint violation = 2.06571e-11
[2025-12-17 07:17:01.107] [cout] [info] time = 1.825 Performance = 119.144 Constraint violation = 1.24215e-11
[2025-12-17 07:17:01.540] [cout] [info] time = 1.83 Performance = 119.774 Constraint violation = 5.95683e-11
[2025-12-17 07:17:01.982] [cout] [info] time = 1.835 Performance = 120.348 Constraint violation = 3.95105e-11
[2025-12-17 07:17:02.419] [cout] [info] time = 1.84 Performance = 120.856 Constraint violation = 7.4348e-12
[2025-12-17 07:17:02.850] [cout] [info] time = 1.845 Performance = 121.295 Constraint violation = 8.70854e-12
[2025-12-17 07:17:03.270] [cout] [info] time = 1.85 Performance = 121.665 Constraint violation = 2.08134e-11
[2025-12-17 07:17:03.700] [cout] [info] time = 1.855 Performance = 121.978 Constraint violation = 3.06582e-11
[2025-12-17 07:17:04.143] [cout] [info] time = 1.86 Performance = 122.246 Constraint violation = 3.43668e-12
[2025-12-17 07:17:04.558] [cout] [info] time = 1.865 Performance = 122.486 Constraint violation = 7.97354e-12
[2025-12-17 07:17:04.981] [cout] [info] time = 1.87 Performance = 122.711 Constraint violation = 8.04251e-11
[2025-12-17 07:17:05.398] [cout] [info] time = 1.875 Performance = 122.927 Constraint violation = 2.53437e-11
[2025-12-17 07:17:05.818] [cout] [info] time = 1.88 Performance = 123.131 Constraint violation = 2.54232e-11
[2025-12-17 07:17:06.234] [cout] [info] time = 1.885 Performance = 123.309 Constraint violation = 3.2335e-11
[2025-12-17 07:17:06.658] [cout] [info] time = 1.89 Performance = 123.437 Constraint violation = 5.62649e-11
[2025-12-17 07:17:07.066] [cout] [info] time = 1.895 Performance = 123.484 Constraint violation = 3.98005e-11
[2025-12-17 07:17:07.508] [cout] [info] time = 1.9 Performance = 123.418 Constraint violation = 1.08171e-11
[2025-12-17 07:17:07.933] [cout] [info] time = 1.90500 Performance = 123.212 Constraint violation = 5.56259e-12
[2025-12-17 07:17:08.372] [cout] [info] time = 1.91 Performance = 122.853 Constraint violation = 2.91326e-11
[2025-12-17 07:17:08.812] [cout] [info] time = 1.915 Performance = 122.337 Constraint violation = 9.56119e-12
[2025-12-17 07:17:09.267] [cout] [info] time = 1.92 Performance = 121.671 Constraint violation = 9.73257e-12
[2025-12-17 07:17:09.698] [cout] [info] time = 1.925 Performance = 120.864 Constraint violation = 1.63679e-11
[2025-12-17 07:17:10.128] [cout] [info] time = 1.93 Performance = 119.931 Constraint violation = 1.72804e-09
[2025-12-17 07:17:10.558] [cout] [info] time = 1.935 Performance = 118.893 Constraint violation = 2.50680e-10
[2025-12-17 07:17:11.000] [cout] [info] time = 1.94 Performance = 117.781 Constraint violation = 1.87732e-11
[2025-12-17 07:17:11.473] [cout] [info] time = 1.945 Performance = 116.63 Constraint violation = 3.93846e-10
[2025-12-17 07:17:11.917] [cout] [info] time = 1.95 Performance = 115.473 Constraint violation = 4.25705e-10
[2025-12-17 07:17:12.361] [cout] [info] time = 1.955 Performance = 114.34 Constraint violation = 6.96216e-11
[2025-12-17 07:17:12.809] [cout] [info] time = 1.96 Performance = 113.259 Constraint violation = 2.12622e-11
[2025-12-17 07:17:13.228] [cout] [info] time = 1.965 Performance = 112.257 Constraint violation = 9.62585e-12
[2025-12-17 07:17:13.618] [cout] [info] time = 1.97 Performance = 111.365 Constraint violation = 1.87268e-12
[2025-12-17 07:17:14.029] [cout] [info] time = 1.975 Performance = 110.613 Constraint violation = 3.65608e-11
[2025-12-17 07:17:14.448] [cout] [info] time = 1.98 Performance = 110.024 Constraint violation = 4.39884e-12
[2025-12-17 07:17:14.869] [cout] [info] time = 1.985 Performance = 109.613 Constraint violation = 6.80575e-12
[2025-12-17 07:17:15.288] [cout] [info] time = 1.99 Performance = 109.382 Constraint violation = 9.3518e-12
[2025-12-17 07:17:15.698] [cout] [info] time = 1.995 Performance = 109.325 Constraint violation = 1.37089e-11
[2025-12-17 07:17:16.108] [cout] [info] time = 2.0 Performance = 109.426 Constraint violation = 3.96476e-11
[2025-12-17 07:17:16.540] [cout] [info] time = 2.00500 Performance = 109.657 Constraint violation = 1.10851e-11
[2025-12-17 07:17:16.960] [cout] [info] time = 2.01 Performance = 109.98 Constraint violation = 1.80234e-12
[2025-12-17 07:17:17.400] [cout] [info] time = 2.015 Performance = 110.359 Constraint violation = 2.19421e-09
[2025-12-17 07:17:17.799] [cout] [info] time = 2.02 Performance = 110.758 Constraint violation = 1.75199e-11
[2025-12-17 07:17:18.214] [cout] [info] time = 2.025 Performance = 111.146 Constraint violation = 3.97213e-11
[2025-12-17 07:17:18.627] [cout] [info] time = 2.03 Performance = 111.495 Constraint violation = 2.16207e-11
[2025-12-17 07:17:19.083] [cout] [info] time = 2.035 Performance = 111.787 Constraint violation = 1.67924e-11
[2025-12-17 07:17:19.502] [cout] [info] time = 2.04 Performance = 112.006 Constraint violation = 2.9619e-11
[2025-12-17 07:17:19.930] [cout] [info] time = 2.045 Performance = 112.143 Constraint violation = 2.30555e-12
[2025-12-17 07:17:20.367] [cout] [info] time = 2.05 Performance = 112.191 Constraint violation = 3.72445e-11
[2025-12-17 07:17:20.806] [cout] [info] time = 2.055 Performance = 112.152 Constraint violation = 1.62606e-11
[2025-12-17 07:17:21.238] [cout] [info] time = 2.06 Performance = 112.028 Constraint violation = 5.99521e-12
[2025-12-17 07:17:21.682] [cout] [info] time = 2.065 Performance = 111.827 Constraint violation = 5.06185e-12
[2025-12-17 07:17:22.115] [cout] [info] time = 2.07 Performance = 111.56 Constraint violation = 3.10059e-12
[2025-12-17 07:17:22.558] [cout] [info] time = 2.075 Performance = 111.238 Constraint violation = 9.10829e-11
[2025-12-17 07:17:23.012] [cout] [info] time = 2.08 Performance = 110.879 Constraint violation = 6.18654e-11
[2025-12-17 07:17:23.464] [cout] [info] time = 2.085 Performance = 110.499 Constraint violation = 2.11009e-11
[2025-12-17 07:17:23.943] [cout] [info] time = 2.09 Performance = 110.114 Constraint violation = 4.85834e-11
[2025-12-17 07:17:24.395] [cout] [info] time = 2.095 Performance = 109.742 Constraint violation = 8.87291e-12
[2025-12-17 07:17:24.851] [cout] [info] time = 2.1 Performance = 109.392 Constraint violation = 2.07065e-11
[2025-12-17 07:17:25.361] [cout] [info] time = 2.10500 Performance = 109.075 Constraint violation = 1.26499e-11
[2025-12-17 07:17:25.815] [cout] [info] time = 2.11 Performance = 108.793 Constraint violation = 1.80294e-11
[2025-12-17 07:17:26.343] [cout] [info] time = 2.115 Performance = 108.551 Constraint violation = 5.71625e-12
[2025-12-17 07:17:26.807] [cout] [info] time = 2.12 Performance = 108.341 Constraint violation = 4.19366e-11
[2025-12-17 07:17:27.246] [cout] [info] time = 2.125 Performance = 108.158 Constraint violation = 2.88241e-11
[2025-12-17 07:17:27.691] [cout] [info] time = 2.13 Performance = 107.984 Constraint violation = 6.17791e-11
[2025-12-17 07:17:28.118] [cout] [info] time = 2.135 Performance = 107.799 Constraint violation = 1.61953e-11
[2025-12-17 07:17:28.544] [cout] [info] time = 2.14 Performance = 107.578 Constraint violation = 1.64482e-11
[2025-12-17 07:17:28.957] [cout] [info] time = 2.145 Performance = 107.294 Constraint violation = 4.31613e-11
[2025-12-17 07:17:29.402] [cout] [info] time = 2.15 Performance = 106.92 Constraint violation = 5.20527e-11
[2025-12-17 07:17:29.823] [cout] [info] time = 2.155 Performance = 106.433 Constraint violation = 4.87156e-11
[2025-12-17 07:17:30.263] [cout] [info] time = 2.16 Performance = 105.815 Constraint violation = 3.10209e-12
[2025-12-17 07:17:30.680] [cout] [info] time = 2.165 Performance = 105.055 Constraint violation = 2.71393e-11
[2025-12-17 07:17:31.083] [cout] [info] time = 2.17 Performance = 104.152 Constraint violation = 2.72706e-10
[2025-12-17 07:17:31.515] [cout] [info] time = 2.175 Performance = 103.115 Constraint violation = 6.79121e-11
[2025-12-17 07:17:31.931] [cout] [info] time = 2.18 Performance = 101.961 Constraint violation = 1.74611e-11
[2025-12-17 07:17:32.359] [cout] [info] time = 2.185 Performance = 100.712 Constraint violation = 5.10049e-12
[2025-12-17 07:17:32.778] [cout] [info] time = 2.19 Performance = 99.3976 Constraint violation = 1.57141e-10
[2025-12-17 07:17:33.208] [cout] [info] time = 2.195 Performance = 98.0488 Constraint violation = 5.34783e-11
[2025-12-17 07:17:33.632] [cout] [info] time = 2.2 Performance = 96.7012 Constraint violation = 3.1928e-11
[2025-12-17 07:17:34.065] [cout] [info] time = 2.20500 Performance = 95.3894 Constraint violation = 1.35041e-10
[2025-12-17 07:17:34.478] [cout] [info] time = 2.21 Performance = 94.1452 Constraint violation = 3.85513e-12
[2025-12-17 07:17:34.899] [cout] [info] time = 2.215 Performance = 92.9916 Constraint violation = 3.00814e-11
[2025-12-17 07:17:35.321] [cout] [info] time = 2.22 Performance = 91.9421 Constraint violation = 1.17702e-10
[2025-12-17 07:17:35.739] [cout] [info] time = 2.225 Performance = 91.0016 Constraint violation = 1.49182e-11
[2025-12-17 07:17:36.152] [cout] [info] time = 2.23 Performance = 90.1683 Constraint violation = 9.37692e-12
[2025-12-17 07:17:36.593] [cout] [info] time = 2.235 Performance = 89.4334 Constraint violation = 2.12745e-11
[2025-12-17 07:17:37.044] [cout] [info] time = 2.24 Performance = 88.7871 Constraint violation = 2.05728e-11
[2025-12-17 07:17:37.499] [cout] [info] time = 2.245 Performance = 88.2158 Constraint violation = 3.84632e-11
[2025-12-17 07:17:37.979] [cout] [info] time = 2.25 Performance = 87.7107 Constraint violation = 1.70923e-11
[2025-12-17 07:17:38.446] [cout] [info] time = 2.255 Performance = 87.2705 Constraint violation = 3.10235e-12
[2025-12-17 07:17:38.896] [cout] [info] time = 2.26 Performance = 86.9016 Constraint violation = 1.50020e-11
[2025-12-17 07:17:39.312] [cout] [info] time = 2.265 Performance = 86.6127 Constraint violation = 1.16172e-11
[2025-12-17 07:17:39.728] [cout] [info] time = 2.27 Performance = 86.4112 Constraint violation = 2.08394e-11
[2025-12-17 07:17:40.150] [cout] [info] time = 2.275 Performance = 86.3009 Constraint violation = 2.49848e-11
[2025-12-17 07:17:40.579] [cout] [info] time = 2.28 Performance = 86.2907 Constraint violation = 1.47596e-11
[2025-12-17 07:17:41.006] [cout] [info] time = 2.285 Performance = 86.3844 Constraint violation = 9.73999e-12
[2025-12-17 07:17:41.438] [cout] [info] time = 2.29 Performance = 86.5893 Constraint violation = 2.81081e-11
[2025-12-17 07:17:41.863] [cout] [info] time = 2.295 Performance = 86.9162 Constraint violation = 1.67248e-11
[2025-12-17 07:17:42.292] [cout] [info] time = 2.3 Performance = 87.3789 Constraint violation = 1.03671e-10
[2025-12-17 07:17:42.740] [cout] [info] time = 2.30500 Performance = 87.9898 Constraint violation = 5.94261e-12
[2025-12-17 07:17:43.196] [cout] [info] time = 2.31 Performance = 88.7535 Constraint violation = 1.20266e-11
[2025-12-17 07:17:43.650] [cout] [info] time = 2.315 Performance = 89.6666 Constraint violation = 1.74306e-11
[2025-12-17 07:17:44.068] [cout] [info] time = 2.32 Performance = 90.7161 Constraint violation = 1.02259e-10
[2025-12-17 07:17:44.503] [cout] [info] time = 2.325 Performance = 91.8812 Constraint violation = 3.01766e-11
[2025-12-17 07:17:44.971] [cout] [info] time = 2.33 Performance = 93.1333 Constraint violation = 5.23357e-11
[2025-12-17 07:17:45.390] [cout] [info] time = 2.335 Performance = 94.4403 Constraint violation = 8.1182e-11
[2025-12-17 07:17:45.815] [cout] [info] time = 2.34 Performance = 95.7678 Constraint violation = 3.67219e-11
[2025-12-17 07:17:46.241] [cout] [info] time = 2.345 Performance = 97.078 Constraint violation = 6.65705e-11
[2025-12-17 07:17:46.661] [cout] [info] time = 2.35 Performance = 98.3304 Constraint violation = 2.30175e-11
[2025-12-17 07:17:47.080] [cout] [info] time = 2.355 Performance = 99.4837 Constraint violation = 8.12507e-12
[2025-12-17 07:17:47.525] [cout] [info] time = 2.36 Performance = 100.499 Constraint violation = 1.5354e-10
[2025-12-17 07:17:47.948] [cout] [info] time = 2.365 Performance = 101.339 Constraint violation = 2.93306e-10
[2025-12-17 07:17:48.384] [cout] [info] time = 2.37 Performance = 101.975 Constraint violation = 4.52275e-12
[2025-12-17 07:17:48.834] [cout] [info] time = 2.375 Performance = 102.387 Constraint violation = 1.75604e-11
[2025-12-17 07:17:49.260] [cout] [info] time = 2.38 Performance = 102.562 Constraint violation = 3.3572e-11
[2025-12-17 07:17:49.693] [cout] [info] time = 2.385 Performance = 102.5 Constraint violation = 4.45801e-12
[2025-12-17 07:17:50.117] [cout] [info] time = 2.39 Performance = 102.206 Constraint violation = 1.42375e-12
[2025-12-17 07:17:50.549] [cout] [info] time = 2.395 Performance = 101.688 Constraint violation = 7.36026e-11
[2025-12-17 07:17:50.998] [cout] [info] time = 2.4 Performance = 100.972 Constraint violation = 3.63236e-11
[2025-12-17 07:17:51.425] [cout] [info] time = 2.40500 Performance = 100.086 Constraint violation = 2.40005e-11
[2025-12-17 07:17:51.881] [cout] [info] time = 2.41 Performance = 99.0703 Constraint violation = 1.23316e-12
[2025-12-17 07:17:52.308] [cout] [info] time = 2.415 Performance = 97.9713 Constraint violation = 1.24648e-12
[2025-12-17 07:17:52.722] [cout] [info] time = 2.42 Performance = 96.8367 Constraint violation = 2.01208e-11
[2025-12-17 07:17:53.157] [cout] [info] time = 2.425 Performance = 95.7131 Constraint violation = 2.00981e-11
[2025-12-17 07:17:53.574] [cout] [info] time = 2.43 Performance = 94.6425 Constraint violation = 9.96917e-12
[2025-12-17 07:17:54.016] [cout] [info] time = 2.435 Performance = 93.6617 Constraint violation = 5.70829e-11
[2025-12-17 07:17:54.461] [cout] [info] time = 2.44 Performance = 92.7995 Constraint violation = 9.81976e-13
[2025-12-17 07:17:54.897] [cout] [info] time = 2.445 Performance = 92.0733 Constraint violation = 9.44118e-12
[2025-12-17 07:17:55.320] [cout] [info] time = 2.45 Performance = 91.496 Constraint violation = 3.05147e-11
[2025-12-17 07:17:55.738] [cout] [info] time = 2.455 Performance = 91.0741 Constraint violation = 7.90967e-12
[2025-12-17 07:17:56.161] [cout] [info] time = 2.46 Performance = 90.8135 Constraint violation = 3.38534e-12
[2025-12-17 07:17:56.665] [cout] [info] time = 2.465 Performance = 90.7138 Constraint violation = 2.48569e-12
[2025-12-17 07:17:57.097] [cout] [info] time = 2.47 Performance = 90.7773 Constraint violation = 4.20617e-12
[2025-12-17 07:17:57.518] [cout] [info] time = 2.475 Performance = 91.0077 Constraint violation = 1.51187e-12
[2025-12-17 07:17:57.947] [cout] [info] time = 2.48 Performance = 91.4119 Constraint violation = 8.63745e-12
[2025-12-17 07:17:58.378] [cout] [info] time = 2.485 Performance = 91.9986 Constraint violation = 8.80457e-12
[2025-12-17 07:17:58.803] [cout] [info] time = 2.49 Performance = 92.7771 Constraint violation = 5.88951e-12
[2025-12-17 07:17:59.230] [cout] [info] time = 2.495 Performance = 93.7582 Constraint violation = 1.21473e-11
[2025-12-17 07:17:59.664] [cout] [info] time = 2.5 Performance = 94.9535 Constraint violation = 7.58452e-12
[2025-12-17 07:18:00.105] [cout] [info] time = 2.50500 Performance = 96.3719 Constraint violation = 1.02714e-11
[2025-12-17 07:18:00.541] [cout] [info] time = 2.51 Performance = 98.019 Constraint violation = 1.95249e-11
[2025-12-17 07:18:00.961] [cout] [info] time = 2.515 Performance = 99.8932 Constraint violation = 3.93988e-11
[2025-12-17 07:18:01.371] [cout] [info] time = 2.52 Performance = 101.985 Constraint violation = 5.5928e-12
[2025-12-17 07:18:01.833] [cout] [info] time = 2.525 Performance = 104.275 Constraint violation = 1.93829e-12
[2025-12-17 07:18:02.272] [cout] [info] time = 2.53 Performance = 106.738 Constraint violation = 1.66763e-11
[2025-12-17 07:18:02.724] [cout] [info] time = 2.535 Performance = 109.343 Constraint violation = 1.33498e-11
[2025-12-17 07:18:03.168] [cout] [info] time = 2.54 Performance = 112.051 Constraint violation = 3.03521e-12
[2025-12-17 07:18:03.603] [cout] [info] time = 2.545 Performance = 114.825 Constraint violation = 9.11929e-11
[2025-12-17 07:18:04.037] [cout] [info] time = 2.55 Performance = 117.631 Constraint violation = 2.02252e-11
[2025-12-17 07:18:04.481] [cout] [info] time = 2.555 Performance = 120.442 Constraint violation = 4.02422e-12
[2025-12-17 07:18:04.904] [cout] [info] time = 2.56 Performance = 123.242 Constraint violation = 2.50299e-11
[2025-12-17 07:18:05.323] [cout] [info] time = 2.565 Performance = 126.021 Constraint violation = 7.54727e-11
[2025-12-17 07:18:05.752] [cout] [info] time = 2.57 Performance = 128.778 Constraint violation = 1.13139e-11
[2025-12-17 07:18:06.165] [cout] [info] time = 2.575 Performance = 131.52 Constraint violation = 2.52403e-11
[2025-12-17 07:18:06.574] [cout] [info] time = 2.58 Performance = 134.263 Constraint violation = 5.25226e-11
[2025-12-17 07:18:06.981] [cout] [info] time = 2.585 Performance = 137.035 Constraint violation = 1.46768e-10
[2025-12-17 07:18:07.385] [cout] [info] time = 2.59 Performance = 139.87 Constraint violation = 6.17493e-11
[2025-12-17 07:18:07.806] [cout] [info] time = 2.595 Performance = 142.797 Constraint violation = 1.59931e-11
[2025-12-17 07:18:08.222] [cout] [info] time = 2.6 Performance = 145.844 Constraint violation = 3.70820e-11
[2025-12-17 07:18:08.686] [cout] [info] time = 2.60500 Performance = 149.025 Constraint violation = 5.24598e-11
[2025-12-17 07:18:09.110] [cout] [info] time = 2.61 Performance = 152.351 Constraint violation = 1.71344e-11
[2025-12-17 07:18:09.579] [cout] [info] time = 2.615 Performance = 155.818 Constraint violation = 1.31925e-10
[2025-12-17 07:18:10.010] [cout] [info] time = 2.62 Performance = 159.416 Constraint violation = 6.82736e-11
[2025-12-17 07:18:10.440] [cout] [info] time = 2.625 Performance = 163.123 Constraint violation = 3.07312e-11
[2025-12-17 07:18:10.867] [cout] [info] time = 2.63 Performance = 166.917 Constraint violation = 6.61872e-11
[2025-12-17 07:18:11.301] [cout] [info] time = 2.635 Performance = 170.772 Constraint violation = 1.36964e-11
[2025-12-17 07:18:11.727] [cout] [info] time = 2.64 Performance = 174.662 Constraint violation = 1.40108e-11
[2025-12-17 07:18:12.217] [cout] [info] time = 2.645 Performance = 178.556 Constraint violation = 5.97766e-11
[2025-12-17 07:18:12.706] [cout] [info] time = 2.65 Performance = 182.423 Constraint violation = 6.33044e-11
[2025-12-17 07:18:13.167] [cout] [info] time = 2.655 Performance = 186.226 Constraint violation = 1.11869e-12
[2025-12-17 07:18:13.598] [cout] [info] time = 2.66 Performance = 189.929 Constraint violation = 6.44678e-10
[2025-12-17 07:18:14.031] [cout] [info] time = 2.665 Performance = 193.49 Constraint violation = 4.56788e-11
[2025-12-17 07:18:14.467] [cout] [info] time = 2.67 Performance = 196.87 Constraint violation = 2.00667e-11
[2025-12-17 07:18:14.901] [cout] [info] time = 2.675 Performance = 200.03 Constraint violation = 1.97431e-11
[2025-12-17 07:18:15.334] [cout] [info] time = 2.68 Performance = 202.934 Constraint violation = 1.82524e-11
[2025-12-17 07:18:15.768] [cout] [info] time = 2.685 Performance = 205.545 Constraint violation = 2.08277e-12
[2025-12-17 07:18:16.172] [cout] [info] time = 2.69 Performance = 207.829 Constraint violation = 2.70324e-11
[2025-12-17 07:18:16.615] [cout] [info] time = 2.695 Performance = 209.754 Constraint violation = 7.01434e-11
[2025-12-17 07:18:17.040] [cout] [info] time = 2.7 Performance = 211.296 Constraint violation = 3.58066e-11
[2025-12-17 07:18:17.473] [cout] [info] time = 2.70500 Performance = 212.443 Constraint violation = 5.11097e-11
[2025-12-17 07:18:17.925] [cout] [info] time = 2.71 Performance = 213.197 Constraint violation = 1.09719e-10
[2025-12-17 07:18:18.409] [cout] [info] time = 2.715 Performance = 213.569 Constraint violation = 1.50207e-11
[2025-12-17 07:18:18.839] [cout] [info] time = 2.72 Performance = 213.579 Constraint violation = 3.99905e-12
[2025-12-17 07:18:19.262] [cout] [info] time = 2.725 Performance = 213.257 Constraint violation = 1.30101e-11
[2025-12-17 07:18:19.695] [cout] [info] time = 2.73 Performance = 212.633 Constraint violation = 2.89309e-10
[2025-12-17 07:18:20.118] [cout] [info] time = 2.735 Performance = 211.745 Constraint violation = 8.49213e-12
[2025-12-17 07:18:20.535] [cout] [info] time = 2.74 Performance = 210.628 Constraint violation = 4.36769e-11
[2025-12-17 07:18:20.969] [cout] [info] time = 2.745 Performance = 209.332 Constraint violation = 5.49951e-10
[2025-12-17 07:18:21.414] [cout] [info] time = 2.75 Performance = 207.865 Constraint violation = 1.45581e-10
[2025-12-17 07:18:21.832] [cout] [info] time = 2.755 Performance = 206.258 Constraint violation = 3.54168e-12
[2025-12-17 07:18:22.261] [cout] [info] time = 2.76 Performance = 204.531 Constraint violation = 6.17003e-11
[2025-12-17 07:18:22.676] [cout] [info] time = 2.765 Performance = 202.695 Constraint violation = 1.46775e-11
[2025-12-17 07:18:23.102] [cout] [info] time = 2.77 Performance = 200.754 Constraint violation = 5.12167e-11
[2025-12-17 07:18:23.523] [cout] [info] time = 2.775 Performance = 198.698 Constraint violation = 5.3197e-11
[2025-12-17 07:18:24.000] [cout] [info] time = 2.78 Performance = 196.511 Constraint violation = 1.98757e-11
[2025-12-17 07:18:24.450] [cout] [info] time = 2.785 Performance = 194.167 Constraint violation = 9.10014e-12
[2025-12-17 07:18:24.905] [cout] [info] time = 2.79 Performance = 191.638 Constraint violation = 2.80463e-12
[2025-12-17 07:18:25.344] [cout] [info] time = 2.795 Performance = 188.898 Constraint violation = 4.23914e-11
[2025-12-17 07:18:25.971] [cout] [info] time = 2.8 Performance = 185.922 Constraint violation = 7.89859e-12
[2025-12-17 07:18:26.630] [cout] [info] time = 2.80500 Performance = 182.683 Constraint violation = 1.45237e-10
[2025-12-17 07:18:27.077] [cout] [info] time = 2.81 Performance = 179.149 Constraint violation = 2.80553e-11
[2025-12-17 07:18:27.512] [cout] [info] time = 2.815 Performance = 175.297 Constraint violation = 1.30513e-11
[2025-12-17 07:18:27.947] [cout] [info] time = 2.82 Performance = 171.108 Constraint violation = 2.93134e-11
[2025-12-17 07:18:28.371] [cout] [info] time = 2.825 Performance = 166.59 Constraint violation = 7.80521e-11
[2025-12-17 07:18:28.838] [cout] [info] time = 2.83 Performance = 161.772 Constraint violation = 9.28632e-13
[2025-12-17 07:18:29.405] [cout] [info] time = 2.835 Performance = 156.696 Constraint violation = 5.23887e-11
[2025-12-17 07:18:29.856] [cout] [info] time = 2.84 Performance = 151.411 Constraint violation = 1.10322e-10
[2025-12-17 07:18:30.308] [cout] [info] time = 2.845 Performance = 145.962 Constraint violation = 7.31143e-11
[2025-12-17 07:18:30.735] [cout] [info] time = 2.85 Performance = 140.397 Constraint violation = 1.25785e-10
[2025-12-17 07:18:31.133] [cout] [info] time = 2.855 Performance = 134.77 Constraint violation = 1.86078e-11
[2025-12-17 07:18:31.541] [cout] [info] time = 2.86 Performance = 129.142 Constraint violation = 2.77491e-12
[2025-12-17 07:18:31.955] [cout] [info] time = 2.865 Performance = 123.579 Constraint violation = 2.28322e-11
[2025-12-17 07:18:32.379] [cout] [info] time = 2.87 Performance = 118.153 Constraint violation = 4.87237e-11
[2025-12-17 07:18:32.792] [cout] [info] time = 2.875 Performance = 112.931 Constraint violation = 1.05783e-11
[2025-12-17 07:18:33.188] [cout] [info] time = 2.88 Performance = 107.97 Constraint violation = 4.68105e-12
[2025-12-17 07:18:33.589] [cout] [info] time = 2.885 Performance = 103.309 Constraint violation = 1.08779e-11
[2025-12-17 07:18:33.991] [cout] [info] time = 2.89 Performance = 98.966 Constraint violation = 2.97873e-11
[2025-12-17 07:18:34.385] [cout] [info] time = 2.895 Performance = 94.9414 Constraint violation = 1.21572e-11
[2025-12-17 07:18:34.782] [cout] [info] time = 2.9 Performance = 91.2189 Constraint violation = 6.33594e-11
[2025-12-17 07:18:35.183] [cout] [info] time = 2.90500 Performance = 87.7736 Constraint violation = 1.13947e-11
[2025-12-17 07:18:35.577] [cout] [info] time = 2.91 Performance = 84.5776 Constraint violation = 1.20934e-11
[2025-12-17 07:18:35.973] [cout] [info] time = 2.915 Performance = 81.6015 Constraint violation = 1.7694e-12
[2025-12-17 07:18:36.371] [cout] [info] time = 2.92 Performance = 78.8155 Constraint violation = 6.46758e-12
[2025-12-17 07:18:36.776] [cout] [info] time = 2.925 Performance = 76.1885 Constraint violation = 2.84347e-11
[2025-12-17 07:18:37.170] [cout] [info] time = 2.93 Performance = 73.6914 Constraint violation = 2.59959e-11
[2025-12-17 07:18:37.575] [cout] [info] time = 2.935 Performance = 71.2889 Constraint violation = 6.14336e-12
[2025-12-17 07:18:37.974] [cout] [info] time = 2.94 Performance = 68.9505 Constraint violation = 4.80523e-11
[2025-12-17 07:18:38.399] [cout] [info] time = 2.945 Performance = 66.648 Constraint violation = 3.74506e-11
[2025-12-17 07:18:38.820] [cout] [info] time = 2.95 Performance = 64.364 Constraint violation = 3.00824e-11
[2025-12-17 07:18:39.227] [cout] [info] time = 2.955 Performance = 62.0857 Constraint violation = 4.63842e-11
[2025-12-17 07:18:39.665] [cout] [info] time = 2.96 Performance = 59.8043 Constraint violation = 2.83225e-10
[2025-12-17 07:18:40.071] [cout] [info] time = 2.965 Performance = 57.5146 Constraint violation = 1.9514e-11
[2025-12-17 07:18:40.473] [cout] [info] time = 2.97 Performance = 55.215 Constraint violation = 3.49651e-11
[2025-12-17 07:18:40.885] [cout] [info] time = 2.975 Performance = 52.9129 Constraint violation = 1.78387e-11
[2025-12-17 07:18:41.291] [cout] [info] time = 2.98 Performance = 50.6257 Constraint violation = 5.75785e-11
[2025-12-17 07:18:41.764] [cout] [info] time = 2.985 Performance = 48.3759 Constraint violation = 1.15422e-11
[2025-12-17 07:18:42.194] [cout] [info] time = 2.99 Performance = 46.1749 Constraint violation = 1.69032e-10
[2025-12-17 07:18:42.652] [cout] [info] time = 2.995 Performance = 44.0355 Constraint violation = 1.40071e-10
[2025-12-17 07:18:43.089] [cout] [info] time = 3.0 Performance = 41.9602 Constraint violation = 2.63656e-11
[2025-12-17 07:18:43.497] [cout] [info] time = 3.00500 Performance = 39.9541 Constraint violation = 1.68892e-12
[2025-12-17 07:18:43.912] [cout] [info] time = 3.01 Performance = 38.0234 Constraint violation = 8.15363e-12
[2025-12-17 07:18:44.316] [cout] [info] time = 3.015 Performance = 36.1809 Constraint violation = 6.75436e-12
[2025-12-17 07:18:44.700] [cout] [info] time = 3.02 Performance = 34.4371 Constraint violation = 8.11643e-13
[2025-12-17 07:18:45.110] [cout] [info] time = 3.025 Performance = 32.7972 Constraint violation = 1.61418e-11
[2025-12-17 07:18:45.519] [cout] [info] time = 3.03 Performance = 31.2606 Constraint violation = 7.21176e-12
[2025-12-17 07:18:45.932] [cout] [info] time = 3.035 Performance = 29.8205 Constraint violation = 2.13521e-12
[2025-12-17 07:18:46.342] [cout] [info] time = 3.04 Performance = 28.4667 Constraint violation = 1.34383e-11
[2025-12-17 07:18:46.743] [cout] [info] time = 3.045 Performance = 27.1902 Constraint violation = 6.11788e-13
[2025-12-17 07:18:47.131] [cout] [info] time = 3.05 Performance = 25.9777 Constraint violation = 5.46992e-12
[2025-12-17 07:18:47.536] [cout] [info] time = 3.055 Performance = 24.8205 Constraint violation = 4.13558e-11
[2025-12-17 07:18:47.941] [cout] [info] time = 3.06 Performance = 23.7092 Constraint violation = 8.1883e-12
[2025-12-17 07:18:48.344] [cout] [info] time = 3.065 Performance = 22.6343 Constraint violation = 1.34451e-11
[2025-12-17 07:18:48.744] [cout] [info] time = 3.07 Performance = 21.5897 Constraint violation = 1.68271e-12
[2025-12-17 07:18:49.150] [cout] [info] time = 3.075 Performance = 20.5689 Constraint violation = 1.54764e-11
[2025-12-17 07:18:49.548] [cout] [info] time = 3.08 Performance = 19.568 Constraint violation = 1.1316e-11
[2025-12-17 07:18:49.960] [cout] [info] time = 3.085 Performance = 18.5808 Constraint violation = 7.698e-12
[2025-12-17 07:18:50.356] [cout] [info] time = 3.09 Performance = 17.6035 Constraint violation = 1.54062e-11
[2025-12-17 07:18:50.758] [cout] [info] time = 3.095 Performance = 16.6337 Constraint violation = 1.4376e-11
[2025-12-17 07:18:51.160] [cout] [info] time = 3.1 Performance = 15.6697 Constraint violation = 6.14622e-11
[2025-12-17 07:18:51.564] [cout] [info] time = 3.10500 Performance = 14.7111 Constraint violation = 4.02407e-12
[2025-12-17 07:18:51.979] [cout] [info] time = 3.11 Performance = 13.7585 Constraint violation = 2.2826e-11
[2025-12-17 07:18:52.381] [cout] [info] time = 3.115 Performance = 12.8155 Constraint violation = 2.65287e-11
[2025-12-17 07:18:52.802] [cout] [info] time = 3.12 Performance = 11.8881 Constraint violation = 4.98359e-11
[2025-12-17 07:18:53.205] [cout] [info] time = 3.125 Performance = 10.984 Constraint violation = 4.11743e-11
[2025-12-17 07:18:53.634] [cout] [info] time = 3.13 Performance = 10.112 Constraint violation = 6.2837e-12
[2025-12-17 07:18:54.042] [cout] [info] time = 3.135 Performance = 9.28123 Constraint violation = 2.75312e-12
[2025-12-17 07:18:54.454] [cout] [info] time = 3.14 Performance = 8.50037 Constraint violation = 3.72565e-12
[2025-12-17 07:18:54.867] [cout] [info] time = 3.145 Performance = 7.77618 Constraint violation = 1.91582e-11
[2025-12-17 07:18:55.266] [cout] [info] time = 3.15 Performance = 7.11338 Constraint violation = 1.63559e-11
[2025-12-17 07:18:55.717] [cout] [info] time = 3.155 Performance = 6.51469 Constraint violation = 4.05035e-12
[2025-12-17 07:18:56.126] [cout] [info] time = 3.16 Performance = 5.98044 Constraint violation = 1.59846e-12
[2025-12-17 07:18:56.527] [cout] [info] time = 3.165 Performance = 5.50956 Constraint violation = 4.51129e-13
[2025-12-17 07:18:56.933] [cout] [info] time = 3.17 Performance = 5.09624 Constraint violation = 7.58823e-13
[2025-12-17 07:18:57.340] [cout] [info] time = 3.175 Performance = 4.73527 Constraint violation = 2.73029e-13
[2025-12-17 07:18:57.732] [cout] [info] time = 3.18 Performance = 4.42127 Constraint violation = 3.19453e-13
[2025-12-17 07:18:58.143] [cout] [info] time = 3.185 Performance = 4.14682 Constraint violation = 1.01933e-12
[2025-12-17 07:18:58.548] [cout] [info] time = 3.19 Performance = 3.90657 Constraint violation = 6.70730e-13
[2025-12-17 07:18:58.951] [cout] [info] time = 3.195 Performance = 3.69668 Constraint violation = 3.25858e-13
[2025-12-17 07:18:59.365] [cout] [info] time = 3.2 Performance = 3.51404 Constraint violation = 5.20810e-13
[2025-12-17 07:18:59.787] [cout] [info] time = 3.20500 Performance = 3.35722 Constraint violation = 4.14361e-13
[2025-12-17 07:19:00.202] [cout] [info] time = 3.21 Performance = 3.22508 Constraint violation = 1.02122e-12
[2025-12-17 07:19:00.616] [cout] [info] time = 3.215 Performance = 3.12121 Constraint violation = 7.57082e-13
[2025-12-17 07:19:01.048] [cout] [info] time = 3.22 Performance = 3.04606 Constraint violation = 7.62638e-13
[2025-12-17 07:19:01.472] [cout] [info] time = 3.225 Performance = 3.00126 Constraint violation = 5.9569e-13
[2025-12-17 07:19:01.927] [cout] [info] time = 3.23 Performance = 2.98419 Constraint violation = 1.29901e-12
[2025-12-17 07:19:02.383] [cout] [info] time = 3.235 Performance = 2.99461 Constraint violation = 2.45296e-12
[2025-12-17 07:19:02.840] [cout] [info] time = 3.24 Performance = 3.0285 Constraint violation = 8.20417e-13
[2025-12-17 07:19:03.281] [cout] [info] time = 3.245 Performance = 3.0824 Constraint violation = 1.25072e-12
[2025-12-17 07:19:03.723] [cout] [info] time = 3.25 Performance = 3.15284 Constraint violation = 1.43953e-12
[2025-12-17 07:19:04.128] [cout] [info] time = 3.255 Performance = 3.2371 Constraint violation = 7.7539e-13
[2025-12-17 07:19:04.548] [cout] [info] time = 3.26 Performance = 3.33358 Constraint violation = 5.67642e-13
[2025-12-17 07:19:04.970] [cout] [info] time = 3.265 Performance = 3.44213 Constraint violation = 1.30539e-12
[2025-12-17 07:19:05.395] [cout] [info] time = 3.27 Performance = 3.5623 Constraint violation = 1.62116e-12
[2025-12-17 07:19:05.816] [cout] [info] time = 3.275 Performance = 3.69673 Constraint violation = 7.23050e-13
[2025-12-17 07:19:06.219] [cout] [info] time = 3.28 Performance = 3.84716 Constraint violation = 1.22995e-12
[2025-12-17 07:19:06.633] [cout] [info] time = 3.285 Performance = 4.01559 Constraint violation = 1.03613e-11
[2025-12-17 07:19:07.063] [cout] [info] time = 3.29 Performance = 4.20391 Constraint violation = 1.15445e-12
[2025-12-17 07:19:07.474] [cout] [info] time = 3.295 Performance = 4.41374 Constraint violation = 3.61866e-12
[2025-12-17 07:19:07.897] [cout] [info] time = 3.3 Performance = 4.64583 Constraint violation = 1.63851e-12
[2025-12-17 07:19:08.316] [cout] [info] time = 3.30500 Performance = 4.90020 Constraint violation = 2.81535e-12
[2025-12-17 07:19:08.734] [cout] [info] time = 3.31 Performance = 5.17616 Constraint violation = 1.11362e-11
[2025-12-17 07:19:09.184] [cout] [info] time = 3.315 Performance = 5.47274 Constraint violation = 3.74811e-12
[2025-12-17 07:19:09.619] [cout] [info] time = 3.32 Performance = 5.78915 Constraint violation = 9.05943e-13
[2025-12-17 07:19:10.040] [cout] [info] time = 3.325 Performance = 6.12434 Constraint violation = 5.62272e-12
[2025-12-17 07:19:10.453] [cout] [info] time = 3.33 Performance = 6.47705 Constraint violation = 1.26489e-12
[2025-12-17 07:19:10.878] [cout] [info] time = 3.335 Performance = 6.84565 Constraint violation = 1.22815e-12
[2025-12-17 07:19:11.302] [cout] [info] time = 3.34 Performance = 7.22838 Constraint violation = 1.87152e-11
[2025-12-17 07:19:11.714] [cout] [info] time = 3.345 Performance = 7.62371 Constraint violation = 1.63042e-12
[2025-12-17 07:19:12.189] [cout] [info] time = 3.35 Performance = 8.03032 Constraint violation = 8.97317e-12
[2025-12-17 07:19:12.616] [cout] [info] time = 3.355 Performance = 8.44694 Constraint violation = 5.17517e-12
[2025-12-17 07:19:13.055] [cout] [info] time = 3.36 Performance = 8.87238 Constraint violation = 3.17495e-11
[2025-12-17 07:19:13.488] [cout] [info] time = 3.365 Performance = 9.30541 Constraint violation = 9.02044e-12
[2025-12-17 07:19:13.916] [cout] [info] time = 3.37 Performance = 9.74458 Constraint violation = 9.37564e-12
[2025-12-17 07:19:14.338] [cout] [info] time = 3.375 Performance = 10.1881 Constraint violation = 1.14886e-11
[2025-12-17 07:19:14.786] [cout] [info] time = 3.38 Performance = 10.6337 Constraint violation = 4.60421e-11
[2025-12-17 07:19:15.211] [cout] [info] time = 3.385 Performance = 11.0791 Constraint violation = 4.24602e-11
[2025-12-17 07:19:15.637] [cout] [info] time = 3.39 Performance = 11.5216 Constraint violation = 5.07044e-12
[2025-12-17 07:19:16.057] [cout] [info] time = 3.395 Performance = 11.9592 Constraint violation = 6.98738e-13
[2025-12-17 07:19:16.513] [cout] [info] time = 3.4 Performance = 12.3897 Constraint violation = 7.04673e-12
[2025-12-17 07:19:16.993] [cout] [info] time = 3.40500 Performance = 12.8119 Constraint violation = 6.55179e-12
[2025-12-17 07:19:17.442] [cout] [info] time = 3.41 Performance = 13.2247 Constraint violation = 5.81342e-12
[2025-12-17 07:19:17.857] [cout] [info] time = 3.415 Performance = 13.6276 Constraint violation = 6.39105e-11
[2025-12-17 07:19:18.269] [cout] [info] time = 3.42 Performance = 14.0215 Constraint violation = 1.99703e-12
[2025-12-17 07:19:18.697] [cout] [info] time = 3.425 Performance = 14.4065 Constraint violation = 2.75379e-11
[2025-12-17 07:19:19.115] [cout] [info] time = 3.43 Performance = 14.7845 Constraint violation = 4.66039e-11
[2025-12-17 07:19:19.525] [cout] [info] time = 3.435 Performance = 15.157 Constraint violation = 8.86024e-12
[2025-12-17 07:19:19.962] [cout] [info] time = 3.44 Performance = 15.5254 Constraint violation = 1.40870e-11
[2025-12-17 07:19:20.380] [cout] [info] time = 3.445 Performance = 15.8904 Constraint violation = 9.53603e-12
[2025-12-17 07:19:20.826] [cout] [info] time = 3.45 Performance = 16.2507 Constraint violation = 5.79703e-12
[2025-12-17 07:19:21.298] [cout] [info] time = 3.455 Performance = 16.6039 Constraint violation = 2.42883e-12
[2025-12-17 07:19:21.738] [cout] [info] time = 3.46 Performance = 16.9439 Constraint violation = 2.84975e-12
[2025-12-17 07:19:22.178] [cout] [info] time = 3.465 Performance = 17.2672 Constraint violation = 2.06479e-11
[2025-12-17 07:19:22.624] [cout] [info] time = 3.47 Performance = 17.5664 Constraint violation = 1.31457e-12
[2025-12-17 07:19:23.062] [cout] [info] time = 3.475 Performance = 17.8373 Constraint violation = 2.73725e-12
[2025-12-17 07:19:23.497] [cout] [info] time = 3.48 Performance = 18.075 Constraint violation = 7.75532e-12
[2025-12-17 07:19:23.940] [cout] [info] time = 3.485 Performance = 18.2753 Constraint violation = 1.82519e-11
[2025-12-17 07:19:24.371] [cout] [info] time = 3.49 Performance = 18.4375 Constraint violation = 5.68498e-12
[2025-12-17 07:19:24.817] [cout] [info] time = 3.495 Performance = 18.5587 Constraint violation = 1.04126e-11
[2025-12-17 07:19:25.272] [cout] [info] time = 3.5 Performance = 18.6432 Constraint violation = 2.44739e-12
[2025-12-17 07:19:25.697] [cout] [info] time = 3.50500 Performance = 18.6974 Constraint violation = 1.51347e-12
[2025-12-17 07:19:26.137] [cout] [info] time = 3.51 Performance = 18.7306 Constraint violation = 4.32859e-11
[2025-12-17 07:19:26.578] [cout] [info] time = 3.515 Performance = 18.754 Constraint violation = 2.17774e-11
[2025-12-17 07:19:27.010] [cout] [info] time = 3.52 Performance = 18.7784 Constraint violation = 5.45080e-12
[2025-12-17 07:19:27.442] [cout] [info] time = 3.525 Performance = 18.8134 Constraint violation = 4.04042e-11
[2025-12-17 07:19:27.871] [cout] [info] time = 3.53 Performance = 18.867 Constraint violation = 5.30552e-12
[2025-12-17 07:19:28.293] [cout] [info] time = 3.535 Performance = 18.9446 Constraint violation = 1.18464e-11
[2025-12-17 07:19:28.296] [info] Printing results of investigation SO to .
