time,addbrev_r,addlong_r,addmagDist_r,addmagIsch_r,addmagMid_r,addmagProx_r,bflh_r,bfsh_r,edl_r,ehl_r,fdl_r,fhl_r,gaslat_r,gasmed_r,glmax1_r,glmax2_r,glmax3_r,glmed1_r,glmed2_r,glmed3_r,glmin1_r,glmin2_r,glmin3_r,grac_r,iliacus_r,perbrev_r,perlong_r,piri_r,psoas_r,recfem_r,sart_r,semimem_r,semiten_r,soleus_r,tfl_r,tibant_r,tibpost_r,vasint_r,vaslat_r,vasmed_r,addbrev_l,addlong_l,addmagDist_l,addmagIsch_l,addmagMid_l,addmagProx_l,bflh_l,bfsh_l,edl_l,ehl_l,fdl_l,fhl_l,gaslat_l,gasmed_l,glmax1_l,glmax2_l,glmax3_l,glmed1_l,glmed2_l,glmed3_l,glmin1_l,glmin2_l,glmin3_l,grac_l,iliacus_l,perbrev_l,perlong_l,piri_l,psoas_l,recfem_l,sart_l,semimem_l,semiten_l,soleus_l,tfl_l,tibant_l,tibpost_l,vasint_l,vaslat_l,vasmed_l,
-0,0.00436404,0.00265965,0.00482425,0.00134016,0.00199882,0.0106783,0.00135844,0.00841975,0.0113729,0.00784362,0.0242196,0.00737942,0.0121367,0.000351259,0.00364278,0.00302028,0.00370479,0,0,6.64591e-08,-7.97623e-08,0,0,0.00857467,0.00839804,0.0350476,0.022469,-3.4127e-05,0.00940436,0.00158007,0.016644,0.00133478,0.00572784,0.000708852,0.0238487,0.00354559,2.4395e-06,0.00582465,0.00161298,0.00171154,0.00308713,0.00140463,0.0166925,0.000884069,0.00210203,0.0166351,0.00205564,0.00927271,0.00760973,0.0100271,0.0124417,0.00607604,0.0270877,0.00533683,0.0026449,0.00276923,0.00444678,5.68786e-06,0.000125991,6.73213e-08,0.000378281,0.000790568,0,0.0215085,0.00831911,0.0112443,0.0158365,0,0.0117613,0.0014028,0.0206513,0.00189098,0.00604027,0.00423149,0.021482,0.0133753,0.0181727,0.00535528,0.00187701,0.00283342,
0.005,0.0043314,0.00264249,0.0161559,0.00150353,0.00465109,0.0112747,0.00137402,0.00841131,0.0115263,0.00802985,0.0243869,0.00753946,0.0127322,0.00149051,0.00438156,0.00309337,0.00383694,-1.94537e-05,2.07563e-05,7.52982e-05,-9.73897e-05,-2.94833e-05,2.18647e-05,0.00922877,0.00793356,0.035344,0.0223946,2.67231e-05,0.00970308,0.0015733,0.0165807,0.0013452,0.00574426,0.000848139,0.0240236,0.00356338,0.000807156,0.00466444,0.0018625,0.00195109,0.00309506,0.00138536,0.0174767,0.000893712,0.00208454,0.0170392,0.00205218,0.00926333,0.00797241,0.0110327,0.0126473,0.00637363,0.0274484,0.00552024,0.00263625,0.00276969,0.00535997,3.56018e-05,0.000146372,2.73998e-05,0.000519192,0.00087234,3.37971e-05,0.0222014,0.00799107,0.0114413,0.0158326,1.16636e-05,0.010538,0.00140489,0.0207262,0.00188885,0.00603404,0.00446238,0.0219009,0.0141535,0.018615,0.00424761,0.00222062,0.00298989,
0.01,0.00433825,0.00263874,0.0163111,0.00159998,0.00436751,0.0115652,0.00138238,0.00840979,0.0116322,0.00808185,0.0246091,0.00765595,0.0125673,0.000894562,0.00500472,0.00309105,0.00383927,-3.30504e-05,2.16748e-05,8.10136e-05,-0.000103133,-2.71201e-05,2.28816e-05,0.00967464,0.00847459,0.035684,0.0222719,2.75329e-05,0.00980165,0.0015666,0.0165686,0.00135125,0.00574832,0.000903248,0.0241655,0.00372081,0.000506673,0.00370669,0.00207813,0.00213889,0.00315411,0.0013835,0.0178529,0.000904631,0.00216123,0.0163354,0.00205002,0.00925451,0.00826159,0.0122162,0.0128389,0.00657736,0.0275451,0.0056193,0.00262726,0.00277108,0.00617453,6.5937e-05,0.000160732,2.91501e-05,0.00059753,0.000913395,3.47464e-05,0.0230031,0.0084192,0.0117057,0.0158928,1.18946e-05,0.012408,0.00140326,0.020732,0.00188859,0.00603056,0.00460436,0.0222551,0.0148465,0.0188205,0.00375169,0.00252779,0.00305355,
0.015,0.0043414,0.00263608,0.0163544,0.00165367,0.00350873,0.0112424,0.00138683,0.00840582,0.0117817,0.00839099,0.0248182,0.00766652,0.0129793,0.00241072,0.00549528,0.00306673,0.00381264,-2.46832e-05,2.29606e-05,9.08496e-05,-9.77088e-05,-2.22812e-05,2.49791e-05,0.00979298,0.00856741,0.0359467,0.0220701,2.77643e-05,0.0097369,0.00156148,0.0165677,0.00135476,0.00574978,0.00089043,0.0242621,0.00386599,0.00087281,0.00308939,0.00225361,0.00227364,0.00318933,0.00138234,0.0180153,0.000914911,0.00219968,0.0151313,0.00205002,0.00925299,0.00845818,0.0133768,0.0130453,0.0067424,0.0277898,0.0057599,0.00262475,0.00277305,0.00682956,9.59563e-05,0.000172312,3.1439e-05,0.0006419,0.000936693,3.58224e-05,0.0235866,0.00849128,0.0119058,0.0160085,1.22411e-05,0.0128572,0.00140098,0.0207273,0.00188936,0.00603111,0.00468041,0.0225006,0.0153787,0.0189309,0.00323135,0.00278278,0.0030656,
0.02,0.00434772,0.00263306,0.0164964,0.00167815,0.00287981,0.0114346,0.00141095,0.00844133,0.0120083,0.00876037,0.0250882,0.00771186,0.0126581,0.00119385,0.00587468,0.00304333,0.00377966,-2.11272e-05,2.49811e-05,0.000101749,-8.59039e-05,-1.54168e-05,2.77758e-05,0.0102072,0.00892532,0.0362951,0.0223624,2.81114e-05,0.00966022,0.00156817,0.016631,0.00137684,0.00579516,0.000868628,0.0243175,0.00431313,0.00113691,0.00454881,0.00239312,0.00236542,0.00321315,0.00138118,0.0182219,0.000929304,0.00228561,0.01468,0.00206855,0.00928993,0.00861053,0.0145024,0.0132474,0.00695151,0.0278408,0.00584534,0.00268171,0.00284957,0.00735346,0.000125133,0.000191118,3.48724e-05,0.000666929,0.000968588,3.71515e-05,0.0243374,0.00877387,0.012167,0.0161662,1.28185e-05,0.0154994,0.00139316,0.0207172,0.00190669,0.00608513,0.00477064,0.0226345,0.0157718,0.0190399,0.00429411,0.00298741,0.00305456,
0.025,0.00432298,0.00262943,0.016473,0.0016834,0.00300077,0.010672,0.0014437,0.00848298,0.0122467,0.00910589,0.0253345,0.00766258,0.0129635,0.0025128,0.00616038,0.00302317,0.00375176,-1.6839e-05,2.7369e-05,0.000113645,-6.89943e-05,-6.52683e-06,3.19072e-05,0.0103148,0.00832226,0.0365609,0.0220842,2.86898e-05,0.00941765,0.0015854,0.0167128,0.00140743,0.0058453,0.000835119,0.0243397,0.00448558,0.00138956,0.00338002,0.00250223,0.00242272,0.00321067,0.00137991,0.0184323,0.000944052,0.00233097,0.0135955,0.0020967,0.00934278,0.00871526,0.0155733,0.0134502,0.00712401,0.0280206,0.00596342,0.00275538,0.00293455,0.00776453,0.000153151,0.000209739,3.8979e-05,0.000680744,0.000983064,3.84806e-05,0.0249171,0.00829274,0.0122979,0.0161232,1.35113e-05,0.0153317,0.00138033,0.0207043,0.0019316,0.00614829,0.00482382,0.0226648,0.0160434,0.0191471,0.00311662,0.00314638,0.00303395,
0.03,0.00433561,0.00262448,0.0166059,0.00167327,0.00266073,0.0116578,0.00147698,0.00852614,0.0124112,0.00923469,0.0254736,0.00797952,0.012604,0.00121867,0.00637071,0.00300348,0.003724,-1.19233e-05,3.03079e-05,0.000126073,-5.0649e-05,4.2762e-06,3.65471e-05,0.00976339,0.00934622,0.0366187,0.0236216,2.96153e-05,0.00937236,0.00160925,0.0167947,0.00143951,0.00588923,0.000946548,0.0243368,0.00437224,0.00160911,0.0116551,0.00258622,0.00245185,0.00321215,0.00137526,0.0184164,0.000949866,0.00226216,0.0141708,0.00212658,0.00939404,0.00879022,0.0165775,0.0135664,0.0071591,0.0278709,0.00590121,0.00282436,0.00300725,0.00808957,0.000180221,0.000233269,4.43647e-05,0.00068822,0.000973677,4.0316e-05,0.0247314,0.00904657,0.0124161,0.0164485,1.42042e-05,0.0150667,0.0013645,0.020688,0.00195806,0.00620823,0.00499245,0.0226077,0.0162011,0.0192622,0.0112393,0.00326498,0.00300976,
0.035,0.00430088,0.00261952,0.0163731,0.00165323,0.00282123,0.0110717,0.00150724,0.00855941,0.0125969,0.00947087,0.0255199,0.0078529,0.0129717,0.00258691,0.00652029,0.00298645,0.00369892,-6.2754e-06,3.3798e-05,0.000139365,-3.10275e-05,1.64296e-05,4.22675e-05,0.00950229,0.00859658,0.0365335,0.0228822,3.05407e-05,0.00917629,0.00163673,0.0168731,0.00146869,0.00592454,0.000904762,0.0243174,0.00454379,0.00171518,0.00737147,0.00264923,0.00246008,0.00319454,0.00137352,0.0182863,0.000952702,0.00221467,0.0136341,0.00215421,0.00943682,0.00881691,0.017503,0.0136229,0.00713493,0.0279028,0.00589495,0.00288231,0.00306352,0.00834189,0.000204974,0.000255688,4.96158e-05,0.000689358,0.000958861,4.18349e-05,0.0242709,0.00844843,0.0123274,0.0163286,1.50126e-05,0.0154627,0.00134744,0.0206693,0.00198247,0.00626138,0.00492672,0.0224835,0.0162562,0.0191959,0.00713593,0.00334835,0.00298417,
0.04,0.00426298,0.00261324,0.0161452,0.00162705,0.00327738,0.0100266,0.00153198,0.00858792,0.0128063,0.00966122,0.0256187,0.00766491,0.012639,0.00123483,0.00661892,0.00297267,0.00367357,8.3672e-06,3.73798e-05,0.000153454,-1.06084e-05,2.92582e-05,4.84328e-05,0.00980577,0.00782487,0.0365985,0.0219764,3.16976e-05,0.00887983,0.00166558,0.0169498,0.00149481,0.00595433,0.000850057,0.0242876,0.00490371,0.00176195,0.00327416,0.00269462,0.00245288,0.00316651,0.00137271,0.0182565,0.000960359,0.00226216,0.0123941,0.00217872,0.00946696,0.00882281,0.0183416,0.0136725,0.00718328,0.0278202,0.0058804,0.00292255,0.00310612,0.00853552,0.000227725,0.000279219,5.5944e-05,0.000685945,0.000961915,4.32906e-05,0.0242756,0.00795591,0.0123452,0.0160237,1.59365e-05,0.0169375,0.00133025,0.0206482,0.00200295,0.00630014,0.00486078,0.0223134,0.0162624,0.019181,0.00312128,0.00340149,0.00295763,
0.045,0.00429088,0.00260671,0.0161695,0.00159569,0.00309826,0.0118739,0.00157007,0.00864025,0.0128658,0.00957732,0.0256216,0.00799744,0.012326,0.00118637,0.00667689,0.00295947,0.00364687,2.70888e-05,4.66559e-05,0.000167942,9.65123e-06,4.35497e-05,5.56787e-05,0.00925817,0.00988415,0.0364727,0.024341,3.32015e-05,0.00896723,0.00170392,0.0170819,0.00153241,0.00601512,0.000987426,0.0242533,0.00465364,0.00189454,0.012727,0.00272696,0.00243287,0.00316452,0.00137248,0.0180562,0.000961423,0.0021991,0.0132904,0.00221259,0.0095221,0.00880712,0.0190887,0.0136644,0.00713442,0.027598,0.00576201,0.00299577,0.00319283,0.00868489,0.000249212,0.000303491,6.19356e-05,0.000680419,0.000946646,4.45564e-05,0.0237321,0.00938744,0.0123444,0.016571,1.63984e-05,0.0164558,0.00130856,0.0206252,0.0020329,0.00637264,0.00498398,0.0221153,0.0161914,0.0192495,0.0124512,0.00342856,0.00293042,
0.05,0.00424772,0.00259885,0.0160547,0.00156315,0.00313358,0.0115167,0.00160861,0.0086933,0.0129267,0.00959771,0.0257011,0.00788247,0.0126825,0.00177678,0.00670339,0.00295147,0.00362335,4.96802e-05,5.88709e-05,0.000183494,3.05489e-05,5.9079e-05,6.33059e-05,0.00969602,0.00907022,0.0365307,0.0227678,3.49367e-05,0.00892904,0.00174945,0.0172252,0.00156992,0.00606792,0.000932721,0.0242189,0.00465506,0.00191564,0.00358587,0.00274737,0.00240422,0.00314989,0.00136876,0.0180082,0.00096908,0.00226485,0.0129787,0.00224697,0.0095728,0.00877801,0.0197427,0.0137249,0.0071926,0.0277818,0.00584128,0.00305979,0.00326079,0.00879931,0.000268067,0.000325076,6.88697e-05,0.00067213,0.000952075,4.57589e-05,0.023818,0.00871963,0.0123862,0.0164773,1.73222e-05,0.0157748,0.00128387,0.020598,0.00206328,0.00643648,0.00496234,0.0219036,0.0160932,0.0192882,0.00355047,0.003434,0.00290172,
0.055,0.00422403,0.002591,0.0159929,0.00152942,0.00420214,0.0116472,0.00164047,0.0087366,0.0130487,0.00972305,0.0257682,0.00783319,0.0124874,0.0017548,0.0067048,0.00294209,0.00360357,7.57231e-05,7.40249e-05,0.000200175,5.28824e-05,7.58462e-05,7.90053e-05,0.00966872,0.00864041,0.0365527,0.0226898,3.67877e-05,0.00886489,0.00179743,0.0173569,0.00160261,0.00610855,0.000969359,0.0241874,0.00500801,0.00203359,0.00316439,0.00275802,0.00236912,0.00313476,0.00136807,0.0179942,0.000978014,0.00229618,0.0122545,0.00227304,0.00960419,0.00875715,0.0203048,0.013769,0.00723784,0.0277228,0.00582101,0.00309931,0.00329529,0.00888381,0.000285025,0.000347217,7.54672e-05,0.000661566,0.000953432,4.69615e-05,0.0239076,0.00851882,0.0124476,0.0162692,1.80151e-05,0.0180198,0.00125893,0.0205711,0.00208615,0.00647982,0.00496448,0.0216901,0.0160094,0.0193547,0.00332492,0.00342148,0.00287155,
0.06,0.00421771,0.00258495,0.015889,0.00149791,0.00437322,0.0123952,0.0016637,0.00876461,0.0131183,0.00973568,0.0258443,0.00789,0.0124791,0.00177663,0.00668498,0.00293248,0.00358069,0.000105427,9.21178e-05,0.000217654,0.000104728,9.36262e-05,0.000101696,0.00967903,0.00925476,0.0365895,0.0225103,3.86387e-05,0.00891213,0.00184391,0.0174695,0.00162662,0.0061322,0.00101508,0.0241606,0.00501336,0.00211409,0.00277666,0.00276137,0.00232944,0.00313103,0.0013683,0.018004,0.000987443,0.0023254,0.0116672,0.00228846,0.00961065,0.00873321,0.0207774,0.0138245,0.00728536,0.0277215,0.00582477,0.00310585,0.00329263,0.00894478,0.000300403,0.000365745,8.29398e-05,0.000649864,0.000951283,4.76577e-05,0.0240036,0.00897664,0.0125093,0.0163115,1.8708e-05,0.018222,0.00123633,0.0205415,0.00209895,0.00649184,0.00500766,0.0214836,0.0159292,0.0194293,0.00325193,0.00339358,0.00283942,
0.065,0.00419719,0.00257661,0.0158258,0.00146759,0.00443729,0.0128058,0.00169316,0.00881419,0.0132235,0.00985718,0.0259425,0.00789072,0.0125434,0.0018838,0.00664905,0.00292252,0.00355717,0.000137745,0.00011269,0.000236129,0.0001679,0.000113544,0.000131125,0.00984909,0.00917266,0.0366648,0.0223117,4.31504e-05,0.00895334,0.00186777,0.0175986,0.00165966,0.00617511,0.00102295,0.0241325,0.00515132,0.00216702,0.00234591,0.00272832,0.00225596,0.00312905,0.00136876,0.0180734,0.000999355,0.00237307,0.0110559,0.00228759,0.00958384,0.00872367,0.021164,0.0139049,0.00735486,0.0277809,0.0058606,0.00308246,0.00325986,0.00898627,0.000313675,0.000383903,8.98739e-05,0.000637837,0.000955242,4.81007e-05,0.0242099,0.00890892,0.012609,0.0162829,1.91699e-05,0.0187544,0.00122317,0.020499,0.00209665,0.00647133,0.00504145,0.0212925,0.0158772,0.0195041,0.00289515,0.00336448,0.00281746,
0.07,0.0041714,0.0025673,0.015728,0.00143904,0.00379379,0.0126539,0.00168915,0.0087898,0.0134044,0.010162,0.0260211,0.00782943,0.0127315,0.00217942,0.00660045,0.0029129,0.00353301,0.000172887,0.000135835,0.000255934,0.000240483,0.000149554,0.000167036,0.009805,0.00896863,0.0366987,0.0221348,4.96287e-05,0.0089541,0.00191418,0.0176129,0.00165712,0.00615007,0.000978948,0.0241209,0.00536522,0.00213583,0.00259419,0.00274788,0.00224568,0.00312731,0.00136958,0.0181449,0.00101219,0.00240152,0.0106359,0.00228473,0.00955961,0.00873612,0.0214684,0.0139831,0.007385,0.027883,0.00590763,0.00303733,0.00320371,0.0090146,0.000325893,0.000403635,9.73466e-05,0.00062516,0.000959653,4.88602e-05,0.0243575,0.00875824,0.0126797,0.0162759,1.99783e-05,0.0194171,0.00120396,0.020485,0.00209511,0.00644826,0.00502369,0.0211153,0.0158571,0.0194908,0.00290357,0.00330553,0.002772,
0.075,0.00416403,0.00255763,0.0160711,0.0014085,0.00281997,0.0137913,0.0016904,0.00879593,0.0134954,0.0102234,0.0259331,0.00817459,0.0124339,0.00200009,0.00654396,0.00290271,0.00350935,0.000209807,0.000161091,0.000276403,0.000318969,0.000198506,0.000209304,0.0089419,0.00953231,0.0364417,0.0240404,5.7958e-05,0.00914082,0.00194378,0.0176571,0.00165957,0.00615083,0.00106878,0.0241106,0.00505237,0.0021684,0.0147067,0.00274078,0.00220757,0.003136,0.00137051,0.0179078,0.00101297,0.00229541,0.0132261,0.00227053,0.00951071,0.00876798,0.0216938,0.0139435,0.00724246,0.0276259,0.00575067,0.00297674,0.00313321,0.009029,0.000336216,0.000429019,0.000104819,0.000613133,0.000937937,4.99361e-05,0.0235585,0.00913285,0.012641,0.0166452,2.03248e-05,0.0179626,0.00119086,0.0204538,0.00208214,0.00639938,0.00518272,0.0209587,0.0158254,0.0195239,0.013587,0.0032474,0.00273724,
0.08,0.0041156,0.00254809,0.0159346,0.00138054,0.0025717,0.0130033,0.00169236,0.00880481,0.0135994,0.0103701,0.0258486,0.00800407,0.0129304,0.002592,0.00647904,0.00289298,0.00348576,0.000247251,0.00018846,0.000297803,0.000397934,0.000257135,0.000257037,0.00913849,0.0086652,0.0362692,0.0230697,6.82539e-05,0.00910731,0.0019623,0.0176727,0.00166282,0.00615489,0.00097158,0.024104,0.00507628,0.00208906,0.00370091,0.00272735,0.00216645,0.003136,0.00137143,0.0177149,0.00101722,0.00230579,0.013539,0.00224914,0.00945272,0.0087806,0.0218446,0.0139095,0.0071675,0.0277821,0.00579089,0.0029094,0.00305888,0.00903367,0.000345274,0.000449956,0.000112157,0.000598993,0.000925836,5.08222e-05,0.0231406,0.00843313,0.012509,0.0165319,2.09022e-05,0.0173769,0.00118109,0.020423,0.00206302,0.00634433,0.00507666,0.0208225,0.015778,0.0193944,0.00818086,0.0031849,0.00270477,
0.085,0.00409929,0.00253817,0.0155868,0.00135288,0.00282102,0.0126132,0.00169681,0.00881729,0.0136955,0.0104755,0.0258072,0.00789376,0.012811,0.00257764,0.00640778,0.00288325,0.00346224,0.000285321,0.000217299,0.000319602,0.000475463,0.000322628,0.000309284,0.00919919,0.0091025,0.0361894,0.0225795,8.05165e-05,0.0091295,0.00197023,0.0176636,0.00166781,0.00616345,0.000955632,0.0241004,0.00520251,0.0020653,0.00322357,0.00271076,0.00212751,0.00314046,0.00137294,0.0175859,0.00102318,0.00233732,0.0132303,0.00222506,0.00939251,0.00877526,0.0219253,0.0138924,0.00712418,0.0277496,0.00577399,0.00284273,0.00298873,0.00902754,0.000352331,0.000466168,0.000127708,0.00058469,0.000917127,5.17082e-05,0.0230227,0.00882479,0.0125427,0.01644,2.13641e-05,0.0187403,0.0011736,0.0203942,0.00204152,0.00628397,0.00500991,0.0207056,0.0157208,0.019348,0.00486769,0.00311905,0.00267628,
0.09,0.0041135,0.00252838,0.0154479,0.00132625,0.00283308,0.0138817,0.0017057,0.00883714,0.0136149,0.0102141,0.0257128,0.00809197,0.0123805,0.00215242,0.00633255,0.00287375,0.00343978,0.00032266,0.000247239,0.000341999,0.000549323,0.000392848,0.000364772,0.00885104,0.0101036,0.0360163,0.0235864,9.43986e-05,0.00938987,0.00196791,0.0176306,0.00167798,0.00618323,0.00103809,0.0240987,0.00479083,0.00210667,0.00834155,0.00269165,0.00208968,0.00316229,0.00137434,0.0173678,0.00102573,0.0023104,0.0140852,0.00220029,0.00933424,0.00874032,0.0219405,0.0138156,0.00702991,0.0275167,0.00565638,0.00278829,0.0029327,0.0090148,0.000358546,0.000478211,0.000146087,0.000572501,0.000898239,5.23412e-05,0.0226119,0.00955772,0.0124759,0.0166554,2.15951e-05,0.0178019,0.00116748,0.0203646,0.0020195,0.00622849,0.00507227,0.0206064,0.0156134,0.0193482,0.0101633,0.0030513,0.00265284,
0.095,0.00405928,0.00251847,0.0153896,0.00130466,0.00303038,0.0133315,0.00172528,0.00887583,0.0135705,0.0101442,0.0258151,0.00794986,0.0127459,0.00252522,0.00625617,0.00286147,0.00341464,0.000358116,0.000277639,0.000364262,0.000619035,0.000463742,0.000422039,0.00969048,0.00922836,0.036211,0.0230876,0.000110247,0.00938942,0.00195048,0.0175895,0.0016991,0.00622246,0.000956339,0.0240961,0.00486548,0.00208248,0.00641312,0.00266215,0.00204451,0.00316601,0.0013755,0.0174543,0.00103736,0.00244016,0.0137191,0.00217638,0.00928208,0.00870765,0.0218958,0.0138786,0.00715952,0.0277991,0.00580497,0.00275221,0.00289982,0.00899671,0.000364128,0.000487661,0.000167159,0.000561124,0.000917127,5.30373e-05,0.0232383,0.00879484,0.0124922,0.0165045,2.2057e-05,0.0168841,0.00116429,0.0203322,0.00199859,0.00618308,0.00504165,0.0205235,0.0155256,0.0193672,0.00732499,0.00298754,0.00264159,
0.1,0.00404244,0.00251086,0.015337,0.0012869,0.00338861,0.0129988,0.00176177,0.00894201,0.0135316,0.0100441,0.0258672,0.00786133,0.0124667,0.00225547,0.00617561,0.00284584,0.00338801,0.000390957,0.000306937,0.000384732,0.000678378,0.000528448,0.000476765,0.0096504,0.00902162,0.0362709,0.0225492,0.000126675,0.0093458,0.0019122,0.0175514,0.00173635,0.00628598,0.000934537,0.0240883,0.00498061,0.0020706,0.00383372,0.00261269,0.00198296,0.003168,0.00137642,0.0175592,0.00104743,0.00247745,0.0130731,0.002153,0.00923701,0.0086783,0.0217969,0.0138842,0.0071842,0.0277289,0.00579261,0.00274263,0.00289322,0.00896747,0.000368868,0.000495442,0.0001885,0.000550397,0.00092052,5.30373e-05,0.0235872,0.00871592,0.0124799,0.01634,2.21725e-05,0.0176942,0.00116703,0.0202933,0.00197632,0.00614225,0.0049948,0.0204558,0.0154575,0.0193396,0.00449824,0.00293352,0.0026488,
0.105,0.00403665,0.00250179,0.0153042,0.00127389,0.00358189,0.0132708,0.00178011,0.00895522,0.0133562,0.00964813,0.0259408,0.00789107,0.0121879,0.00179301,0.00609688,0.00282858,0.00336251,0.000422648,0.000336694,0.000406132,0.000735488,0.000590115,0.000530664,0.0096901,0.00944569,0.0363569,0.0224386,0.00014449,0.00938127,0.00189272,0.0174271,0.0017544,0.00630512,0.00094675,0.0240897,0.004686,0.00208567,0.00323045,0.00261347,0.00197851,0.00317767,0.00137654,0.0176955,0.00105941,0.00251398,0.0125644,0.00214806,0.00922972,0.00863261,0.0216492,0.0138867,0.0072297,0.0276506,0.00578314,0.00275901,0.00292008,0.00893755,0.000374135,0.000500352,0.000212803,0.000544221,0.000920746,5.49361e-05,0.0239113,0.00902072,0.0124577,0.0163457,2.30963e-05,0.0165006,0.00115765,0.0202843,0.0019724,0.00614213,0.00501623,0.0203938,0.0153824,0.0193828,0.00396949,0.00285888,0.00264119,
0.11,0.0040477,0.00249188,0.0152984,0.00126191,0.00280178,0.014145,0.00180538,0.0089916,0.0131006,0.00914453,0.0259012,0.00814332,0.012055,0.00147339,0.00601733,0.00280831,0.00333369,0.000452038,0.000365716,0.000426867,0.000786217,0.000645481,0.000580558,0.0091112,0.0100413,0.0362338,0.0232511,0.000162537,0.00957614,0.00186633,0.0173309,0.00177798,0.00634816,0.00101831,0.0240875,0.00420727,0.00210571,0.0103138,0.00260294,0.00196082,0.00319479,0.00137526,0.0176112,0.00106267,0.00244266,0.0133837,0.00214979,0.00922993,0.00858021,0.0214582,0.0138435,0.00712855,0.0274572,0.00567665,0.00280144,0.00297321,0.00890128,0.000380455,0.000506374,0.000238923,0.000546009,0.000906383,5.87335e-05,0.023525,0.00945633,0.0124738,0.0165774,2.40202e-05,0.0151554,0.00114768,0.0202625,0.0019741,0.00615305,0.0051327,0.0203401,0.0152902,0.0194015,0.0100053,0.00279271,0.00265224,
0.115,0.00402086,0.00248535,0.0150448,0.00125311,0.00271317,0.0136538,0.00183359,0.00903094,0.0130037,0.00926173,0.0257848,0.00797692,0.01248,0.00198992,0.00593873,0.0027834,0.00330417,0.00047944,0.00039382,0.000446539,0.000830883,0.000692744,0.000624733,0.00891823,0.00930814,0.0360161,0.0230015,0.000180468,0.00961206,0.00183592,0.0172339,0.00180471,0.00639374,0.000946952,0.0240821,0.00452986,0.00204769,0.00735251,0.00258887,0.00193958,0.00319156,0.00137271,0.0174382,0.00106232,0.00239191,0.0131696,0.00215707,0.00924243,0.008516,0.0212288,0.0137691,0.00701144,0.0275081,0.00565631,0.0028648,0.00304245,0.00886077,0.000388881,0.000514712,0.000266794,0.000553323,0.000899484,6.61385e-05,0.0230055,0.00884784,0.0123821,0.0164492,2.52905e-05,0.0162445,0.0011372,0.0202411,0.00198153,0.00617667,0.00501674,0.0202929,0.0151868,0.0192805,0.00774542,0.0027323,0.00267655,
0.12,0.00399139,0.00248052,0.0149926,0.00124992,0.00275124,0.0125094,0.00185495,0.00905136,0.0130769,0.00950324,0.0258152,0.00773552,0.0122977,0.00185418,0.00586174,0.00275595,0.00327514,0.000505588,0.000420638,0.000465014,0.000870286,0.00073213,0.000662424,0.00945552,0.00839126,0.0361007,0.0222417,0.000197821,0.00945855,0.00181138,0.0171191,0.00182329,0.00642036,0.000846423,0.0240769,0.00498036,0.00195361,0.00423182,0.002587,0.00193245,0.00317073,0.00136865,0.0174585,0.00106636,0.00245265,0.0125454,0.00217439,0.00927514,0.00848527,0.0209667,0.0137499,0.00705694,0.0275302,0.00568995,0.00293445,0.00312348,0.00881442,0.000399203,0.000529164,0.000297156,0.00056535,0.000928889,7.83535e-05,0.0232844,0.0082275,0.0123706,0.0161744,2.69072e-05,0.0177648,0.00112208,0.0202321,0.00199817,0.00621805,0.00489834,0.0202488,0.0151288,0.0191725,0.00426428,0.00266892,0.00270302,
0.125,0.00401191,0.00247665,0.0151204,0.00125281,0.00251206,0.0124446,0.00188218,0.00908803,0.0131824,0.00970041,0.0259632,0.00784287,0.0120801,0.00153172,0.00578887,0.00272676,0.00324731,0.000531526,0.000446904,0.000483091,0.000904105,0.000764427,0.000693632,0.00993823,0.00942032,0.036336,0.022464,0.000213901,0.00942142,0.00177727,0.0170403,0.00184905,0.00646144,0.000839459,0.0240648,0.00521385,0.00191946,0.00435868,0.00256589,0.00190407,0.00315361,0.00136203,0.017688,0.00107529,0.00253916,0.0124654,0.0021918,0.0093016,0.00850533,0.0206787,0.0138302,0.0071774,0.0276089,0.00576475,0.00300806,0.00320151,0.00876799,0.000413844,0.000548525,0.000330884,0.000588428,0.000973225,9.75305e-05,0.0239978,0.00899936,0.0125819,0.0163827,2.93323e-05,0.0189331,0.00111271,0.0202068,0.00201353,0.00625345,0.00496816,0.0202112,0.0151331,0.0192424,0.00487527,0.00262242,0.00275165,
0.13,0.00402665,0.00247593,0.0152614,0.00126272,0.00228875,0.0121656,0.00190141,0.00909799,0.013302,0.00983146,0.0261359,0.00783731,0.0119995,0.00129899,0.00571633,0.00269537,0.00322139,0.000556209,0.000471334,0.000498643,0.000929948,0.000786708,0.000716132,0.0102346,0.00931537,0.0365754,0.0222069,0.000227205,0.00938187,0.00174665,0.0169463,0.00186763,0.00648356,0.000799388,0.0240502,0.00534794,0.001866,0.00363552,0.0025513,0.0018833,0.00313004,0.00135379,0.0180222,0.00108543,0.00259279,0.0122383,0.00221311,0.00933757,0.00856282,0.0203703,0.0139269,0.0072872,0.027691,0.00584104,0.00307096,0.00326611,0.00871342,0.000432909,0.000569925,0.000366497,0.000621909,0.00101609,0.000124999,0.0247589,0.00892448,0.0127327,0.0163696,3.19884e-05,0.0192906,0.00110281,0.0201966,0.00203307,0.00629843,0.00499378,0.0201768,0.0151998,0.0192694,0.00413013,0.00257511,0.00279975,
0.135,0.0040377,0.00247617,0.0154279,0.0012784,0.00217921,0.0116681,0.00191502,0.009099,0.013406,0.00990348,0.0262837,0.00777011,0.0119745,0.00113133,0.00564568,0.00266549,0.00319724,0.000580579,0.000494846,0.000513397,0.000950048,0.0008019,0.000731386,0.0102618,0.00898263,0.0367467,0.0219636,0.000237848,0.00930489,0.00171561,0.0168644,0.00188095,0.00649535,0.000747004,0.0240317,0.00538882,0.00180597,0.00330468,0.00253354,0.00185767,0.00309358,0.00134265,0.0183246,0.00109231,0.00258856,0.0119953,0.00223346,0.00937195,0.00863795,0.0200468,0.0139957,0.00735998,0.0277238,0.00588204,0.00311655,0.00331196,0.00865872,0.000457241,0.000593919,0.000405072,0.000666116,0.00105443,0.00016253,0.0252499,0.00867522,0.0127858,0.0163059,3.53374e-05,0.0190212,0.00109714,0.0201818,0.00205048,0.00634018,0.0049751,0.0201479,0.015302,0.0192591,0.00355522,0.00253658,0.00285491,
0.14,0.00406244,0.00247822,0.0153506,0.00129519,0.00200855,0.0117331,0.00191938,0.00908009,0.0134145,0.0097686,0.0261765,0.00791679,0.0119639,0.00100337,0.00557942,0.00263468,0.00317845,0.000604635,0.000517531,0.000527353,0.000964405,0.000809889,0.000739586,0.00903466,0.00908939,0.0364746,0.0228295,0.000244673,0.00927274,0.00168752,0.0167808,0.00188551,0.00648901,0.000829567,0.0240101,0.0050728,0.00185094,0.00893368,0.0025185,0.00183574,0.00305463,0.00132919,0.0181257,0.00108075,0.00236115,0.0124087,0.00225277,0.00940293,0.00867676,0.0197101,0.0138977,0.00714693,0.0274516,0.00570474,0.00314358,0.00333789,0.00860178,0.000487787,0.000619766,0.000447821,0.000723976,0.00105477,0.000212403,0.0243058,0.00875186,0.0125973,0.0163258,3.94947e-05,0.0177934,0.00109447,0.0201701,0.00206755,0.0063793,0.00496418,0.0201243,0.015363,0.0191345,0.00893616,0.00250173,0.00290893,
0.145,0.00407139,0.00248221,0.0151856,0.00131471,0.00243318,0.0109877,0.00191253,0.00904234,0.0134948,0.0099062,0.0260591,0.00776312,0.0121627,0.00125651,0.00551504,0.00260433,0.0031646,0.000628376,0.000539022,0.00053998,0.000971265,0.000810227,0.000740984,0.00919709,0.00841514,0.036283,0.0225575,0.000247681,0.00910444,0.00166455,0.0166933,0.0018778,0.0064622,0.000790809,0.0239863,0.00533583,0.00182623,0.007076,0.00250888,0.00181819,0.00299931,0.00131317,0.017908,0.00106792,0.00227946,0.0120041,0.00226603,0.0094246,0.00869544,0.0193633,0.0138097,0.00706743,0.0274702,0.00568181,0.00314853,0.00333442,0.00854206,0.000523915,0.000648855,0.000492994,0.000792237,0.00108746,0.000274807,0.0236016,0.00826175,0.0124732,0.0161165,4.4114e-05,0.0188087,0.00109779,0.0201546,0.00208026,0.00640493,0.00483638,0.0201079,0.0154053,0.0189941,0.00710402,0.00247567,0.0029649,
0.15,0.00409823,0.00248572,0.0151517,0.0013386,0.00339073,0.0108337,0.00189829,0.00899045,0.0135143,0.00988141,0.0259993,0.00768794,0.0121007,0.00119325,0.00545504,0.00258024,0.00316213,0.000653478,0.000562442,0.000555864,0.000977805,0.000808764,0.000739459,0.00928145,0.00841631,0.0362061,0.022179,0.000247565,0.0089701,0.00164336,0.0166123,0.00186404,0.00642854,0.000816446,0.0239595,0.0052809,0.00188404,0.00419552,0.00249778,0.00179852,0.00293605,0.00129437,0.0177457,0.00105714,0.00223755,0.0114026,0.00228162,0.00945439,0.00868986,0.0190093,0.0137439,0.00704636,0.0274208,0.00564965,0.00313116,0.00330825,0.00848478,0.000567101,0.000681928,0.0005451,0.000878376,0.00114027,0.000352781,0.0233301,0.00829001,0.0124198,0.0160414,5.76253e-05,0.0184419,0.00109929,0.0201518,0.00209571,0.00643593,0.00479708,0.0200958,0.0154205,0.0190403,0.00424761,0.00244258,0.0030031,
0.155,0.00415666,0.00249116,0.015347,0.00136597,0.00362271,0.0117536,0.00186011,0.00888897,0.0134502,0.00973558,0.0260675,0.00780165,0.0121163,0.00121052,0.00539666,0.0025624,0.00316185,0.000677952,0.000585035,0.000571615,0.000975572,0.000799987,0.000732531,0.00964391,0.0091926,0.0363377,0.0223722,0.000243632,0.00899606,0.00164487,0.0164898,0.00182329,0.00634867,0.000880841,0.0239376,0.00502368,0.00194884,0.00452347,0.00252076,0.00181689,0.00287502,0.0012744,0.0177486,0.00104906,0.00225024,0.0114501,0.00228984,0.00946356,0.00867919,0.0186512,0.0137735,0.00713761,0.0274999,0.00569793,0.00308913,0.00325824,0.0084243,0.000614499,0.000716112,0.000599227,0.000974755,0.00121006,0.00044259,0.0236078,0.00886913,0.0124852,0.0162265,7.63333e-05,0.0176691,0.00110886,0.0201359,0.00210253,0.00645192,0.00486904,0.0200926,0.015418,0.0191415,0.00471421,0.00242367,0.00304506,
0.16,0.00420455,0.00249756,0.0156098,0.00139518,0.00353453,0.0123274,0.00183235,0.00882603,0.0133579,0.00958817,0.0261939,0.00784968,0.0121168,0.00122675,0.00533794,0.0025478,0.00316884,0.000700125,0.000606343,0.000587033,0.000967596,0.000785695,0.000721662,0.010015,0.00928135,0.0365387,0.022289,0.000236228,0.00905629,0.00163482,0.0164369,0.0017948,0.00630614,0.000903551,0.0239082,0.00486109,0.00196305,0.00409544,0.00251159,0.00179845,0.00282789,0.00125421,0.0179061,0.00104743,0.00227657,0.01157,0.00230258,0.00948953,0.00867951,0.018292,0.0138464,0.0072438,0.0276018,0.00577093,0.00303092,0.00319086,0.00836263,0.000664532,0.000750575,0.000653286,0.0010804,0.00128481,0.000539994,0.0241842,0.00892741,0.0125823,0.0162999,9.97761e-05,0.0171406,0.00111264,0.0201413,0.00211627,0.00647902,0.00492559,0.0200925,0.0154227,0.0192228,0.00428794,0.00239027,0.00305866,
0.165,0.00424982,0.00250107,0.0158622,0.00142802,0.00311116,0.0127745,0.00180467,0.00875847,0.0132991,0.00959257,0.0263153,0.00789636,0.0122671,0.00148371,0.00528341,0.00254433,0.0031913,0.000724808,0.000630864,0.000609098,0.000963289,0.000775117,0.000712001,0.0100879,0.00941981,0.0366977,0.022317,0.000227089,0.00915591,0.00162805,0.0163672,0.00176606,0.00626265,0.000920003,0.0238782,0.00480494,0.00195149,0.00459829,0.00250643,0.00178796,0.00277356,0.00123111,0.0180888,0.00104764,0.00225735,0.0119639,0.00231652,0.00951384,0.00869908,0.0179343,0.0139297,0.00732078,0.0277053,0.00583353,0.00297066,0.00312418,0.00830764,0.000719409,0.000791522,0.00071374,0.00119872,0.0013624,0.000645942,0.0246113,0.00903745,0.0126868,0.0164205,0.000129686,0.0172076,0.00111687,0.0201331,0.00213061,0.00650844,0.00497224,0.0200978,0.0154419,0.019273,0.00470488,0.00236168,0.003065,
0.17,0.00431035,0.00250409,0.0159642,0.00145982,0.00286353,0.0136293,0.00178108,0.00869611,0.0132414,0.00957152,0.0263951,0.00797226,0.0121496,0.00144033,0.00523305,0.0025507,0.00322577,0.000750224,0.000657591,0.000635615,0.000960736,0.000767015,0.00070431,0.00992601,0.00999872,0.0367701,0.0223999,0.000216909,0.00937916,0.00162545,0.0163096,0.00174055,0.00622842,0.000968249,0.0238483,0.00479572,0.00193866,0.00461844,0.00250384,0.00178179,0.00273462,0.00120825,0.0181881,0.00104757,0.00219238,0.0125577,0.00233436,0.0095444,0.00872593,0.0175807,0.0139749,0.00733522,0.027668,0.00582265,0.00291984,0.00306838,0.00825634,0.00077713,0.000835804,0.000777359,0.00131834,0.00143105,0.000753409,0.0246951,0.00950068,0.0127708,0.0165503,0.000165485,0.018174,0.00112176,0.0201214,0.00214802,0.0065478,0.00499623,0.0201075,0.0154611,0.0192766,0.00491901,0.00233473,0.00306048,
0.175,0.00433956,0.00250457,0.0159431,0.00149037,0.00321774,0.0141742,0.00176765,0.00865194,0.0131801,0.0095154,0.0263741,0.00796151,0.0120451,0.00127715,0.0051837,0.00256912,0.00326942,0.000776894,0.000687072,0.000668645,0.000963608,0.000764764,0.000700687,0.00951355,0.00985827,0.036672,0.0224047,0.000206613,0.00956105,0.00162703,0.0162637,0.00172408,0.0062146,0.0010063,0.0238187,0.00480469,0.00195489,0.00466121,0.00250197,0.00177994,0.00269765,0.00118503,0.0181166,0.00104402,0.00207973,0.0128769,0.00235931,0.00958884,0.00873879,0.0172315,0.0139392,0.00726059,0.0275222,0.00574003,0.0028915,0.00304522,0.00821006,0.00083601,0.000882402,0.000844344,0.00143373,0.00148953,0.000858851,0.0242888,0.00937325,0.0127042,0.0165237,0.000207174,0.0185191,0.00112671,0.0201051,0.00217123,0.00660664,0.00495428,0.0201203,0.0154604,0.0192165,0.00490152,0.00230766,0.00304519,
0.18,0.00435377,0.002503,0.0156833,0.00151744,0.00367981,0.014521,0.00177067,0.00863195,0.0130571,0.00932992,0.0261812,0.00790819,0.0120178,0.00114224,0.00513725,0.00260282,0.00332508,0.000806179,0.000720594,0.000709185,0.000975253,0.000770503,0.00070342,0.00881535,0.00963894,0.0363052,0.0223692,0.000197589,0.00968286,0.00163277,0.0162312,0.00172145,0.00622709,0.00105182,0.0237901,0.00467285,0.00198363,0.0044688,0.00250036,0.00178268,0.00266317,0.00116205,0.0177903,0.00103403,0.00191576,0.0128114,0.00239629,0.0096535,0.00870167,0.0168863,0.0137798,0.00705056,0.0272759,0.00557603,0.00290451,0.00306629,0.00817045,0.000895311,0.000930483,0.000914762,0.00154165,0.00153714,0.000959925,0.0232383,0.00920929,0.0124477,0.0163883,0.000254637,0.0182235,0.00113179,0.0200852,0.00220545,0.00669092,0.0048372,0.0201353,0.0153972,0.0190557,0.00473504,0.00228014,0.00302061,
0.185,0.00437062,0.00249792,0.0153119,0.00153889,0.00403952,0.015099,0.00179461,0.00864393,0.0128233,0.00898439,0.025864,0.00786921,0.0120142,0.00103815,0.00509627,0.00265228,0.00339733,0.000837556,0.000758617,0.0007579,0.000997746,0.000787721,0.000714797,0.0083462,0.00980005,0.0358053,0.022388,0.000191574,0.00981614,0.0016422,0.0162087,0.00173959,0.00627812,0.00110299,0.0237631,0.00437618,0.00201662,0.00406245,0.0024992,0.00178878,0.00263861,0.0011393,0.0173007,0.00102141,0.00178158,0.0127234,0.0024499,0.00974962,0.00859703,0.0165444,0.0135371,0.00681115,0.0270531,0.00541062,0.00296907,0.0031478,0.00813816,0.000955771,0.000979583,0.000989152,0.00164355,0.00158566,0.0010553,0.0219646,0.00934069,0.0121286,0.0163174,0.000307643,0.0174843,0.00113687,0.0200595,0.00225444,0.00681476,0.00470715,0.0201525,0.0152381,0.018881,0.00442659,0.00225206,0.00298888,
0.19,0.00436877,0.00248946,0.0149843,0.00155716,0.00387732,0.0153245,0.00184365,0.00868911,0.0125055,0.00856675,0.0256141,0.00780917,0.0120008,0.000955286,0.0050573,0.00271761,0.00348696,0.000872908,0.000801875,0.000816051,0.00103555,0.000818892,0.000736726,0.00844755,0.00969961,0.0355075,0.0223117,0.000189954,0.00990822,0.00165416,0.0161905,0.00178192,0.0063694,0.0011039,0.023738,0.00405758,0.00198936,0.0038469,0.00249803,0.00179893,0.00261058,0.00111679,0.0168663,0.00101481,0.00175313,0.0126195,0.00252638,0.00988644,0.00843999,0.0162059,0.0133278,0.00666366,0.0269907,0.0053427,0.00309415,0.00329865,0.00811435,0.00101655,0.00103109,0.00106825,0.00173798,0.00164526,0.00114442,0.0212671,0.00924914,0.0118875,0.0162465,0.000365961,0.0162257,0.00114241,0.0200279,0.00232245,0.00698735,0.00459824,0.0201711,0.0149945,0.0187219,0.00416188,0.00222327,0.00295325,
0.195,0.00434772,0.00247726,0.0148029,0.00157291,0.00372104,0.0151964,0.00191938,0.00877413,0.0121878,0.00828137,0.0255104,0.00778534,0.0122014,0.00126803,0.00502387,0.00279916,0.00359792,0.000912443,0.000851194,0.000884637,0.00108947,0.000865592,0.000770794,0.00876763,0.00947538,0.0354476,0.0222022,0.000194466,0.00993539,0.00166688,0.016174,0.00185081,0.00650125,0.00109583,0.0237153,0.00380784,0.00198321,0.00362949,0.00249694,0.00181353,0.00258032,0.00109392,0.0166177,0.00101871,0.00179715,0.0124283,0.0026304,0.0100726,0.00826483,0.0158714,0.0132436,0.00664091,0.0271125,0.00538088,0.00328465,0.00352011,0.00810085,0.00107795,0.00108547,0.00115106,0.00182672,0.0017155,0.00122676,0.0212836,0.00906623,0.011809,0.0162292,0.00042913,0.0147022,0.00114846,0.0199929,0.00241478,0.0072197,0.00456905,0.0201916,0.0147116,0.01869,0.00389192,0.00219456,0.00291701,
0.2,0.00431167,0.00246094,0.0146199,0.0015877,0.003322,0.0146813,0.00202129,0.00889885,0.0119783,0.00821748,0.0254455,0.00776276,0.0122563,0.00143255,0.00499515,0.00290236,0.00372287,0.000957416,0.00090685,0.000963325,0.00116014,0.000930298,0.0008184,0.00890277,0.0092729,0.0354242,0.0220483,0.000206497,0.00990656,0.00167816,0.0161489,0.00194371,0.00667658,0.00107059,0.0236945,0.00383144,0.00194057,0.00353188,0.00249506,0.00183128,0.00254658,0.00106699,0.0164994,0.00103161,0.00183118,0.0120712,0.00276508,0.0103176,0.00810326,0.0155427,0.0132007,0.006608,0.0271869,0.00541273,0.00353898,0.00381186,0.00809674,0.00113905,0.00114282,0.00123474,0.00191107,0.00178653,0.00130258,0.0214971,0.0089211,0.0118282,0.016205,0.000496686,0.0147642,0.00115472,0.01995,0.00253477,0.00752144,0.00453945,0.0202137,0.0144395,0.0186355,0.00382051,0.00216615,0.00288327,
0.205,0.00428324,0.00244063,0.0144031,0.00160087,0.00339326,0.0146196,0.0021473,0.00905598,0.0118844,0.00829025,0.025362,0.00781688,0.0122366,0.00149066,0.00497284,0.00302225,0.00386844,0.00100741,0.000969028,0.00105238,0.0012474,0.00101312,0.000879482,0.00876153,0.00956871,0.0353431,0.0220893,0.00022732,0.00992709,0.00168636,0.016116,0.00206036,0.00689127,0.00109724,0.0236759,0.00400794,0.0019638,0.00343741,0.00249377,0.0018502,0.00252723,0.00104355,0.0163832,0.00104856,0.00182176,0.0117653,0.00293467,0.0106257,0.00796974,0.0152214,0.0131618,0.00655478,0.0271702,0.00539771,0.00384908,0.00415847,0.00810336,0.00119972,0.00120303,0.00131882,0.0019912,0.00185145,0.0013734,0.0214998,0.00917172,0.0119091,0.0162519,0.000567592,0.0162444,0.00116084,0.0199032,0.00268385,0.00790136,0.00453802,0.0202372,0.0142027,0.0186228,0.00393233,0.00213845,0.00285471,
0.21,0.00426035,0.00241682,0.0141561,0.0016124,0.00331037,0.0153095,0.00229388,0.00924717,0.0119023,0.00847302,0.0252271,0.00797575,0.0121705,0.0014591,0.00495794,0.00315684,0.0040311,0.00106389,0.00103782,0.00115067,0.00134806,0.00111406,0.000953466,0.00844049,0.0101913,0.0351636,0.0224131,0.000257977,0.0100933,0.00169025,0.0160722,0.00219751,0.0071409,0.00116164,0.0236592,0.00424666,0.00200824,0.00522503,0.0024919,0.00187145,0.00251383,0.00102033,0.0161814,0.00106643,0.00178043,0.0120018,0.00313899,0.0109996,0.00787618,0.0149094,0.0131163,0.00645086,0.0270662,0.00533057,0.00420212,0.00455047,0.0081209,0.00125986,0.00126566,0.00140284,0.00206937,0.00191161,0.00144062,0.0211412,0.00966776,0.0120591,0.0164207,0.000640807,0.0181669,0.00116657,0.0198526,0.00286485,0.00835567,0.00458732,0.0202623,0.014012,0.018627,0.00565449,0.00211245,0.00283423,
0.215,0.00423982,0.00238914,0.0139133,0.00162083,0.0029737,0.0164779,0.00245666,0.00946204,0.0120537,0.00883342,0.0250213,0.00808292,0.0120473,0.0013123,0.00494823,0.00330383,0.00420655,0.00112528,0.00111249,0.00125322,0.00146037,0.00122896,0.00103984,0.00807402,0.0107894,0.0348741,0.0226664,0.000299276,0.0104026,0.00168834,0.0160159,0.00235115,0.00741746,0.00120766,0.0236439,0.00466769,0.00201216,0.00596987,0.00248977,0.00189379,0.00251879,0.00100188,0.0158722,0.00108465,0.00172737,0.0129225,0.00337786,0.0114353,0.00783373,0.0146088,0.0130353,0.00629514,0.0268948,0.00522244,0.0045814,0.00496562,0.00814895,0.00131916,0.00133152,0.00148699,0.00214674,0.00197144,0.00150543,0.020473,0.0101403,0.0121905,0.0165947,0.000715178,0.0205776,0.00117139,0.0197988,0.00307495,0.00888256,0.0045863,0.0202887,0.0138676,0.0185481,0.00645862,0.00208841,0.00282346,
0.22,0.00420692,0.00235796,0.0135947,0.00162749,0.00288193,0.0176349,0.00263056,0.00969827,0.0123296,0.00935732,0.0248246,0.00817396,0.0123511,0.00173199,0.00494506,0.00346449,0.00439449,0.00119055,0.00119064,0.00135676,0.00158256,0.00135184,0.00113614,0.00795091,0.0112201,0.0346228,0.0227877,0.000351797,0.0107982,0.00168068,0.0159505,0.00251565,0.00771539,0.00125359,0.0236297,0.00511232,0.00206063,0.00574616,0.00248693,0.00191572,0.00252897,0.000978203,0.0155485,0.00110642,0.0017118,0.0137878,0.00364818,0.0119256,0.00783979,0.0143216,0.0130091,0.00619197,0.0269326,0.00519552,0.00496147,0.00537638,0.00818632,0.00137857,0.00139869,0.00157162,0.00222524,0.0020332,0.00156897,0.0198911,0.0104657,0.0123988,0.0167745,0.000789548,0.0225447,0.00117484,0.0197412,0.00331193,0.00947023,0.00460998,0.0203157,0.0137789,0.0185505,0.00648611,0.00206722,0.00282373,
0.225,0.00415982,0.00232435,0.0132224,0.00163289,0.00271486,0.0184851,0.00280953,0.0099436,0.0126888,0.00992378,0.0246456,0.00820936,0.0123824,0.00185583,0.00494938,0.00362827,0.00458689,0.00125874,0.00127073,0.00145911,0.00171162,0.00147878,0.00123841,0.00788945,0.0114479,0.0344117,0.0227978,0.000415655,0.0112175,0.00166756,0.0158782,0.00268515,0.00802415,0.00126883,0.0236161,0.00559511,0.00206816,0.00508159,0.00248273,0.00193526,0.00254856,0.000953713,0.0152538,0.00113088,0.00171622,0.0144705,0.00394292,0.0124576,0.00788888,0.0140492,0.0129937,0.00609224,0.026923,0.00516665,0.00532238,0.00576097,0.00823177,0.00143776,0.00146669,0.00165617,0.00230439,0.00209766,0.00163188,0.0194885,0.0106275,0.0126045,0.0169016,0.000862763,0.0243346,0.00117621,0.0196804,0.00356991,0.0101009,0.00460365,0.0203427,0.0137502,0.0185226,0.00610684,0.00204907,0.00283524,
0.23,0.00410587,0.00228773,0.0128331,0.00163674,0.00283265,0.0192131,0.00298654,0.0101834,0.0131005,0.0105374,0.0244483,0.00827432,0.0127207,0.00230902,0.00495854,0.00379043,0.00477943,0.00132934,0.001351,0.00156013,0.00184482,0.00160684,0.00134341,0.00768617,0.0116238,0.0341614,0.0228479,0.000489924,0.0116276,0.00164965,0.0158015,0.0028536,0.00832677,0.00130607,0.0236029,0.00598848,0.00214591,0.0048799,0.00247841,0.00195205,0.00256667,0.000933169,0.0149439,0.00115768,0.00170296,0.0149743,0.00425307,0.0130085,0.00796651,0.0137927,0.0130094,0.0060083,0.0270178,0.00517197,0.00564305,0.00609415,0.00828725,0.00149664,0.00153431,0.00174093,0.00238565,0.00216213,0.00169447,0.0190294,0.0107493,0.0127909,0.0170466,0.000934015,0.0256316,0.00117452,0.0196204,0.00384136,0.0107497,0.00462845,0.020369,0.0137692,0.0185507,0.00606151,0.00203426,0.00285727,
0.235,0.00404349,0.00224905,0.0123948,0.00163955,0.00268801,0.0197706,0.00315368,0.0104075,0.0135258,0.0111167,0.0242115,0.00834323,0.0128929,0.00261653,0.00497216,0.00394935,0.00496342,0.00140088,0.00143072,0.00165862,0.00197946,0.00173422,0.00144847,0.00742678,0.0117622,0.0338534,0.0229274,0.000573564,0.012021,0.00162819,0.0157274,0.00301416,0.00860783,0.00133302,0.0235896,0.00628735,0.00219873,0.00535563,0.00247247,0.00196466,0.00258875,0.000906938,0.0145919,0.00118583,0.00167701,0.0153798,0.00456877,0.0135613,0.0080574,0.0135522,0.0130202,0.00588884,0.0270579,0.00515593,0.00590352,0.00635915,0.00834669,0.00155531,0.00160083,0.00182461,0.00246821,0.00222626,0.00175669,0.0184377,0.0108396,0.0129527,0.017185,0.0010025,0.0265546,0.00116898,0.019558,0.00411606,0.0113886,0.00465377,0.0203931,0.0138185,0.0185639,0.0065386,0.00202288,0.00288866,
0.24,0.00398586,0.00220844,0.011935,0.00164154,0.00250382,0.020298,0.00330301,0.0105978,0.0139597,0.01169,0.0239563,0.0083969,0.0130927,0.00295156,0.00499171,0.0040975,0.00513774,0.00147294,0.00150934,0.00175425,0.00211298,0.00185981,0.00155163,0.00722427,0.0119747,0.033531,0.0229841,0.000664377,0.0123903,0.0016044,0.0156564,0.00315833,0.00884941,0.00135523,0.0235763,0.00657074,0.00224593,0.00531644,0.00246498,0.00197391,0.0026143,0.000884886,0.0142194,0.00121475,0.0016549,0.015777,0.00487806,0.0140904,0.00815428,0.0133276,0.0130303,0.00577569,0.0271117,0.00514842,0.00608946,0.00653825,0.00840947,0.00161346,0.00166633,0.00190674,0.00255224,0.00229197,0.00181859,0.0178123,0.0109967,0.0130673,0.0173168,0.00106763,0.0274405,0.00115895,0.0194961,0.0043853,0.0119959,0.00465571,0.0204134,0.0138831,0.0185345,0.00663109,0.00201491,0.00292739,
0.245,0.00390322,0.00216686,0.0115414,0.00164236,0.00244947,0.0205567,0.00342778,0.0107422,0.0143942,0.0122225,0.0236933,0.00844036,0.0132063,0.00320141,0.00501564,0.00423267,0.00529426,0.001545,0.00158575,0.0018459,0.00224555,0.00198179,0.00165167,0.00706929,0.0118668,0.0332182,0.0230544,0.000759701,0.0126906,0.00158034,0.0155958,0.00328032,0.0090409,0.00136532,0.0235629,0.00682255,0.00229323,0.00604087,0.0024573,0.00198022,0.00263216,0.00085703,0.0138475,0.00124226,0.00163991,0.0160473,0.00517107,0.0145765,0.00825488,0.0131184,0.0130372,0.00566102,0.0271261,0.00512878,0.00618943,0.00662484,0.00847559,0.00167033,0.00173025,0.00198658,0.0026361,0.00235904,0.00187966,0.0172313,0.0108791,0.0131794,0.0173998,0.00112895,0.0280111,0.00114456,0.0194357,0.00463918,0.0125505,0.00467745,0.0204286,0.0139653,0.0185484,0.00719234,0.00200991,0.00297137,
0.25,0.00381901,0.00212419,0.0112251,0.00164317,0.00238455,0.0206975,0.0035239,0.0108382,0.0148066,0.0126565,0.0234551,0.00848149,0.0130754,0.00321532,0.00504005,0.00434897,0.00542846,0.00161602,0.00165977,0.00193296,0.00237859,0.00209883,0.00174778,0.00699504,0.0117792,0.0329709,0.0231324,0.000856182,0.0129577,0.00155744,0.0155481,0.00337603,0.00917573,0.00136774,0.0235498,0.0070585,0.00230628,0.00660035,0.00244781,0.00198214,0.00264407,0.000833585,0.0135105,0.00126984,0.00163876,0.0162644,0.00543957,0.0150031,0.00835847,0.0129243,0.0130235,0.00554307,0.027019,0.0050672,0.00620258,0.00661547,0.00854325,0.00172584,0.00179204,0.00206259,0.00271834,0.00242656,0.00193953,0.0167977,0.0107991,0.0133216,0.0174642,0.00118623,0.0285404,0.00112619,0.0193749,0.00487138,0.0130398,0.00470399,0.0204383,0.0140665,0.0185808,0.00770543,0.00200782,0.00301805,
0.255,0.00373585,0.00208164,0.0109534,0.00164258,0.0022435,0.0207201,0.0035886,0.0108817,0.0151864,0.0129793,0.0232479,0.0085219,0.0127876,0.00300645,0.00506438,0.00444754,0.00554203,0.00168578,0.00173068,0.00201431,0.00251052,0.00221169,0.00183911,0.00696259,0.0116905,0.0327823,0.0231973,0.00095058,0.0131777,0.00153755,0.0155156,0.00344272,0.00925104,0.0013628,0.0235371,0.00727962,0.00229313,0.00719623,0.00243625,0.00198091,0.00264854,0.000804336,0.0132241,0.00129792,0.00164644,0.0164058,0.00567541,0.0153529,0.00846295,0.0127449,0.012986,0.00542362,0.0268426,0.00498473,0.00613042,0.00651417,0.00860624,0.00177883,0.00185124,0.00213496,0.00279944,0.00249397,0.00199706,0.0165269,0.0107218,0.0134304,0.0174806,0.001239,0.029023,0.00110541,0.0193196,0.00507491,0.0134496,0.00472022,0.0204419,0.0141874,0.0185739,0.00825676,0.00200751,0.00306446,
0.26,0.00365084,0.00203886,0.0107383,0.00164302,0.00214432,0.020678,0.00362206,0.0108737,0.0155177,0.0131836,0.0231044,0.00855792,0.0125013,0.00268361,0.00508993,0.00452549,0.00562799,0.00175335,0.00179744,0.00208914,0.00264085,0.00232017,0.00192492,0.0070336,0.0116283,0.0326934,0.0232302,0.00104035,0.0133445,0.0015219,0.0154992,0.00348049,0.00927024,0.00135492,0.0235253,0.00743833,0.00227308,0.00750386,0.00242392,0.00197666,0.00265499,0.000774391,0.0130225,0.00132664,0.0016722,0.0164585,0.00587072,0.0156136,0.00856436,0.0125799,0.0129432,0.00534345,0.0266913,0.00491995,0.00598625,0.00633658,0.00866721,0.00182865,0.00190655,0.00220336,0.00287729,0.0025599,0.00205187,0.0165074,0.0106643,0.0134991,0.017468,0.00128739,0.0293196,0.00108353,0.019265,0.00524311,0.0137652,0.00473206,0.0204405,0.0143224,0.0185507,0.00857947,0.00200877,0.00310824,
0.265,0.00355715,0.00199715,0.0106047,0.00164295,0.00218471,0.0204958,0.00362536,0.0108223,0.0157932,0.0132922,0.0230196,0.00857396,0.0124294,0.00251198,0.0051144,0.00458433,0.00569134,0.00181777,0.00185971,0.00215773,0.00276655,0.00242494,0.00200431,0.00713743,0.0114317,0.0326793,0.0232156,0.00112307,0.013437,0.00151165,0.0155044,0.00348987,0.00923671,0.0013419,0.0235147,0.00750048,0.00226778,0.0076041,0.00241062,0.00197049,0.00264308,0.000750249,0.0129134,0.00135521,0.00170604,0.0163465,0.00601779,0.0157684,0.00865638,0.0124286,0.0129179,0.00531155,0.0266505,0.0049007,0.00578319,0.00610156,0.00872296,0.00187531,0.00195731,0.00226745,0.00295059,0.00262358,0.00210371,0.0166915,0.0104889,0.0135373,0.0174323,0.00133162,0.0292421,0.00106236,0.0192171,0.00536898,0.0139687,0.00474911,0.0204353,0.0144645,0.0185565,0.00867328,0.00201054,0.00314677,
0.27,0.00346373,0.00195618,0.0105626,0.00164376,0.0022048,0.0201395,0.00360159,0.0107286,0.0160062,0.0133161,0.0229888,0.00856034,0.0123961,0.00239824,0.00513449,0.00462325,0.00572927,0.00187864,0.00191675,0.00222007,0.00288684,0.00252419,0.00207683,0.0072781,0.0111285,0.0327295,0.0231498,0.00119676,0.0134418,0.00150748,0.0155252,0.00347348,0.00915843,0.00131768,0.023506,0.00747244,0.00225537,0.00753378,0.00239629,0.00196466,0.00263539,0.000720653,0.012898,0.00138208,0.00174717,0.0160693,0.00610865,0.0158056,0.00873434,0.01229,0.0129066,0.00531525,0.0266565,0.00490836,0.00554849,0.00583552,0.00877001,0.00191786,0.0020028,0.00232656,0.00301902,0.00268477,0.00215187,0.0170387,0.0102307,0.0135386,0.0173707,0.00137169,0.0288246,0.00104308,0.0191731,0.00544604,0.0140492,0.00475697,0.0204286,0.0146057,0.0185639,0.00856897,0.00201212,0.00317856,
0.275,0.00336714,0.00191678,0.010635,0.00164413,0.00244228,0.0195945,0.00355469,0.0106065,0.0161502,0.0132606,0.0229917,0.00852298,0.012436,0.00238305,0.00515128,0.0046448,0.00574693,0.00193512,0.0019679,0.00227523,0.00300026,0.0026167,0.00214223,0.00739682,0.0106686,0.0328083,0.023047,0.00126073,0.0133375,0.0015098,0.0155663,0.00343439,0.00904312,0.00129184,0.0234993,0.0073455,0.00226226,0.00739034,0.00238182,0.00195664,0.00260438,0.000690475,0.0129543,0.00140739,0.0017837,0.01559,0.00613879,0.0157206,0.00879265,0.0121627,0.0129053,0.00534975,0.0266994,0.00493481,0.00530361,0.00556693,0.00880641,0.00195599,0.00204273,0.00237947,0.00307931,0.00274052,0.00219592,0.0174414,0.00985001,0.0134865,0.0172694,0.00140784,0.0279961,0.00102686,0.0191353,0.00547088,0.0139975,0.00476074,0.0204227,0.0147373,0.0185885,0.00832842,0.00201288,0.00320254,
0.28,0.00327003,0.00187955,0.0107866,0.00164495,0.00263556,0.0188547,0.00349008,0.0104621,0.0162361,0.0131761,0.0230209,0.00845559,0.0125511,0.002487,0.00516449,0.00465372,0.00574933,0.00198658,0.00201281,0.00232294,0.00310363,0.00270098,0.00220096,0.00751325,0.0101301,0.0329068,0.0228931,0.0013151,0.0131259,0.00151855,0.0156244,0.00337927,0.00890728,0.00125843,0.0234953,0.0071777,0.00226979,0.00705474,0.00236575,0.00194876,0.00256841,0.000660531,0.0130663,0.00143107,0.00181676,0.0149137,0.00610899,0.0155201,0.00883041,0.0120454,0.0129191,0.00540607,0.0267855,0.00498301,0.00507406,0.00531942,0.0088337,0.00198907,0.00207737,0.00242606,0.00313344,0.00279063,0.00223561,0.0178589,0.00942019,0.0134184,0.0171549,0.00143971,0.0269593,0.00101468,0.0191049,0.00544451,0.0138227,0.00475564,0.0204197,0.0148553,0.0186264,0.00787807,0.00201238,0.0032185,
0.285,0.00317792,0.00184449,0.0109904,0.00164554,0.00270894,0.0180006,0.00341622,0.0103141,0.016278,0.0130914,0.0230784,0.00837808,0.0126413,0.00260023,0.00517346,0.00465117,0.00573662,0.00203218,0.0020512,0.00236242,0.00319823,0.00277672,0.00225225,0.00765105,0.00967283,0.0330337,0.0227198,0.00135999,0.0128319,0.00153359,0.0156997,0.00331371,0.0087625,0.00122149,0.0234944,0.00701711,0.00226682,0.00663572,0.00234896,0.00194129,0.0025245,0.000631514,0.0132297,0.00145206,0.00184905,0.014137,0.00602662,0.0152282,0.00885168,0.0119373,0.0129458,0.00547894,0.0268748,0.00503841,0.00486943,0.00510571,0.00885263,0.00201698,0.00210628,0.00246524,0.00318008,0.00283451,0.00226985,0.0183016,0.00906669,0.0133516,0.0170479,0.00146777,0.0259768,0.00100648,0.0190803,0.00537376,0.0135485,0.00474257,0.0204218,0.0149592,0.0186608,0.00735607,0.00200997,0.00322665,
0.29,0.00310529,0.00181162,0.0112339,0.00164576,0.00275335,0.0173312,0.00334261,0.0101762,0.0162854,0.013006,0.023183,0.00835855,0.012687,0.00268802,0.00517831,0.00463947,0.00570865,0.00207224,0.00208262,0.00239313,0.00328182,0.00284221,0.00229617,0.00784383,0.00958233,0.0332221,0.0226264,0.00139654,0.0125257,0.00155457,0.0157929,0.00324781,0.00863091,0.00120393,0.0234968,0.00687387,0.00227361,0.00635275,0.00233211,0.00193464,0.0024791,0.000602382,0.0134574,0.00147064,0.00188865,0.0134624,0.00590485,0.0148729,0.00886518,0.0118373,0.0129987,0.00558186,0.0269584,0.00509905,0.00470311,0.00493321,0.00885966,0.0020392,0.00212981,0.00249688,0.00321746,0.00287217,0.00229845,0.0188212,0.00900236,0.0133365,0.0170134,0.00149156,0.0252925,0.00100237,0.0190636,0.00526922,0.0132069,0.00475819,0.0204308,0.015054,0.0187212,0.00706802,0.00200542,0.003228,
0.295,0.00304634,0.00178406,0.0115959,0.00164606,0.00277027,0.0170188,0.00327925,0.0100618,0.0162563,0.0128962,0.0233328,0.00837549,0.0126451,0.00268922,0.00517615,0.00462163,0.00567573,0.0021056,0.0021076,0.00241546,0.00335536,0.00289769,0.00233215,0.00806486,0.00967728,0.033466,0.0226474,0.00142523,0.0122705,0.00158061,0.0158955,0.00319084,0.00852974,0.00119696,0.023503,0.00672437,0.00227976,0.00647978,0.00231494,0.00192779,0.00243147,0.000574642,0.0137511,0.00148631,0.00193325,0.0131662,0.00575743,0.0144929,0.0088816,0.011746,0.0130696,0.00571063,0.0270112,0.00515366,0.00457406,0.00480169,0.00885493,0.00205627,0.00214797,0.00252091,0.00324753,0.00290327,0.00232149,0.019414,0.00906741,0.0133636,0.0170444,0.00151154,0.0247478,0.0010012,0.0190523,0.00514489,0.0128339,0.0047982,0.0204473,0.0151444,0.0188091,0.00713085,0.00199922,0.00322416,
0.3,0.0029816,0.00175118,0.0120907,0.00164938,0.0027155,0.0169335,0.00325762,0.0100361,0.0161864,0.012754,0.0235077,0.00838579,0.012593,0.00265504,0.00517649,0.00460657,0.0056407,0.00214232,0.00213497,0.00244138,0.00343688,0.00295857,0.00236984,0.00829886,0.00971439,0.0337265,0.0227067,0.00144999,0.0120808,0.00158472,0.0160545,0.00317612,0.00851636,0.00118485,0.0235038,0.00654193,0.00227435,0.00671514,0.00225445,0.00187672,0.00238136,0.000534483,0.0140962,0.00150254,0.00197362,0.0133066,0.00561141,0.0141402,0.00890675,0.0116635,0.0131463,0.00584847,0.0270526,0.00520507,0.00448605,0.0047144,0.00885298,0.0020766,0.00216974,0.00255006,0.00328735,0.00294263,0.00234782,0.0200216,0.00907014,0.013396,0.0171002,0.00153071,0.024081,0.000991236,0.0190608,0.00502576,0.0124875,0.00483985,0.0204671,0.0152309,0.0189059,0.00726166,0.0019743,0.00319877,
0.305,0.00296318,0.00173728,0.0125862,0.00164066,0.00256831,0.0168596,0.00320512,0.00993162,0.0160722,0.012562,0.0236857,0.00837647,0.0125127,0.00257891,0.00514568,0.0045621,0.00556873,0.0021466,0.00213074,0.00242496,0.00344613,0.00296262,0.00237353,0.00836318,0.00962977,0.0339752,0.0227446,0.00146121,0.0119593,0.00164986,0.0160744,0.00312353,0.00843795,0.00116335,0.0235303,0.00632049,0.00224837,0.00705848,0.002301,0.001943,0.00237243,0.000516609,0.0144357,0.00150566,0.00200303,0.0136922,0.00544927,0.0137847,0.00893643,0.0115882,0.0132181,0.00597178,0.0270669,0.0052409,0.00440094,0.00463232,0.00880481,0.00206785,0.00216066,0.00253512,0.00326232,0.0029285,0.00234212,0.0205133,0.00897716,0.0134303,0.0171463,0.00153798,0.0232341,0.00100537,0.0190421,0.00488725,0.0121317,0.00487721,0.0205024,0.0153095,0.019004,0.00742039,0.00199119,0.00321756,
0.31,0.00288422,0.00170211,0.0129824,0.0016414,0.00220057,0.0164047,0.00324783,0.0100369,0.0159246,0.0123494,0.0238621,0.00830792,0.0125275,0.00258138,0.00513827,0.00453986,0.00552805,0.00217129,0.00214626,0.00243779,0.00351137,0.00300853,0.00239736,0.00857505,0.0093306,0.0342062,0.0226426,0.00147394,0.0118402,0.00164712,0.0162832,0.00316937,0.00855921,0.0011144,0.0235341,0.00610143,0.00218303,0.00667552,0.00221578,0.00186288,0.00230917,0.000483182,0.0148005,0.00151594,0.00202629,0.0138959,0.00533875,0.0135543,0.00896489,0.0115213,0.0132847,0.00607554,0.0271123,0.00528691,0.00436407,0.00459562,0.00878651,0.00207902,0.00217224,0.00255269,0.00329141,0.0029553,0.002357,0.0209981,0.00871826,0.0134526,0.0171451,0.00154907,0.0222454,0.000993646,0.0190698,0.00480149,0.0119053,0.00488109,0.0205322,0.0153794,0.0190711,0.00702037,0.00195867,0.00318388,
0.315,0.00285186,0.00168398,0.0131768,0.00163644,0.00214558,0.0157648,0.00327898,0.0100752,0.0157417,0.01207,0.0240026,0.00825712,0.0124042,0.00244894,0.00511157,0.00449978,0.00546038,0.00217809,0.00214452,0.00242715,0.00353147,0.00301956,0.00240295,0.00852065,0.0090637,0.0343662,0.0224902,0.00147937,0.0116999,0.00168506,0.0163065,0.00319803,0.00863376,0.00108382,0.0235584,0.00591628,0.00213445,0.00632835,0.00222314,0.00188625,0.00228362,0.000459505,0.015096,0.0015175,0.00202437,0.0137434,0.0052608,0.0133991,0.00897823,0.0114604,0.0133186,0.00613103,0.0270707,0.00528613,0.00432648,0.00455834,0.00874412,0.00207449,0.00216687,0.00254575,0.00328101,0.00294874,0.00235541,0.0212505,0.00850886,0.0134082,0.017061,0.00155392,0.0215064,0.000992278,0.0190632,0.00474056,0.0117636,0.00486322,0.0205688,0.0154342,0.0190832,0.00670425,0.00195715,0.00318563,
0.32,0.00284212,0.00167443,0.0132318,0.00162313,0.00204471,0.0151359,0.00332241,0.010147,0.0155516,0.0117777,0.0240934,0.00819215,0.0121324,0.00211309,0.00507011,0.00444001,0.00536786,0.00216313,0.00212266,0.00239173,0.00350659,0.0029957,0.00238592,0.00836834,0.00893474,0.034445,0.022368,0.00147637,0.0115532,0.00173995,0.0163399,0.00323615,0.00873651,0.00105212,0.0235915,0.00587696,0.00206148,0.0061486,0.002254,0.00193121,0.00226651,0.000435827,0.015288,0.00150814,0.00200226,0.0134434,0.00524028,0.0133805,0.00897573,0.0114042,0.0133033,0.00613287,0.0269309,0.00523441,0.00428234,0.00451667,0.00867744,0.00205174,0.00214241,0.00251236,0.00323518,0.00291006,0.00233301,0.0212697,0.00841985,0.0133332,0.0169443,0.00154988,0.0215102,0.000992278,0.0190799,0.00473049,0.0117586,0.0048077,0.0206056,0.0154718,0.0190301,0.00649028,0.00195722,0.00319041,
0.325,0.00280343,0.00165303,0.0131451,0.00161307,0.00205909,0.0147823,0.00343188,0.0103542,0.0153656,0.0114907,0.0241324,0.00819762,0.0119427,0.00175203,0.00503978,0.0043902,0.00529242,0.00215999,0.00211256,0.00237472,0.00351648,0.00299874,0.00238122,0.00822557,0.00909378,0.0344448,0.0223563,0.00147371,0.0114439,0.00174965,0.0164443,0.00334158,0.00896649,0.00105505,0.0236117,0.0058709,0.00202627,0.0061634,0.00220803,0.00189029,0.00223078,0.000409132,0.0153765,0.00150176,0.00196151,0.0130738,0.0053087,0.0135369,0.00895778,0.011353,0.0132599,0.00609249,0.0267661,0.00515797,0.00426238,0.00449571,0.0086276,0.00204089,0.00213092,0.0024991,0.00322153,0.00289524,0.00232231,0.0210774,0.00854754,0.0132998,0.0168863,0.00154722,0.0218295,0.000977037,0.0190998,0.00480047,0.0119422,0.00477718,0.0206332,0.0154925,0.018992,0.00664984,0.0019383,0.00317701,
0.33,0.00278922,0.00163756,0.012947,0.00159902,0.00205804,0.0146187,0.00357089,0.0105946,0.0152165,0.0113043,0.024117,0.00819753,0.0119435,0.00160418,0.00500256,0.00433298,0.00520491,0.00214974,0.00209713,0.00235106,0.00350914,0.0029894,0.00237073,0.00806218,0.00920422,0.0343689,0.0223487,0.00146885,0.0113802,0.00174063,0.0165062,0.00347778,0.00923551,0.00106222,0.0236298,0.00592086,0.00200665,0.00611416,0.00215367,0.00184567,0.00221367,0.000386499,0.015354,0.00148999,0.00191557,0.0127081,0.00545533,0.0138422,0.00892697,0.0113057,0.0132016,0.00602349,0.0266518,0.00508551,0.00424738,0.00448217,0.0085706,0.0020253,0.00211443,0.00247857,0.0031939,0.00286934,0.00230655,0.0207125,0.00862632,0.0132696,0.0168436,0.00154191,0.0222983,0.000958865,0.0191099,0.0049376,0.0122811,0.0047389,0.0206543,0.0154967,0.0189403,0.00672558,0.00192799,0.00317438,
0.335,0.00278264,0.00162487,0.0126991,0.00157993,0.00213522,0.0146295,0.00371008,0.0108192,0.0151082,0.0112125,0.0240644,0.00820989,0.0120322,0.00162849,0.00495605,0.0042687,0.00510822,0.00213081,0.00207389,0.00231882,0.00348266,0.00296611,0.00235242,0.00789747,0.00930937,0.0342556,0.0223734,0.00146144,0.0113721,0.00173817,0.0164963,0.00361239,0.0094883,0.00107917,0.0236543,0.00595909,0.00201418,0.0061429,0.00213327,0.00183868,0.00220325,0.000368393,0.0152495,0.00147588,0.00187635,0.0123941,0.00567463,0.0142816,0.00888661,0.0112614,0.0131487,0.00595189,0.0265974,0.00503097,0.00424249,0.00447985,0.00850928,0.00200276,0.00209109,0.00244814,0.00315131,0.00283191,0.00228238,0.0202878,0.00869613,0.0132737,0.0168464,0.00153279,0.0226469,0.000938154,0.0191224,0.00513772,0.0127557,0.00472104,0.0206659,0.0154855,0.0189305,0.0068219,0.00192028,0.00317539,
0.34,0.00278001,0.00161363,0.0123899,0.00155723,0.00189351,0.0146396,0.00384856,0.011041,0.0150667,0.0112487,0.0239821,0.00820783,0.0121383,0.00173999,0.0049063,0.00419955,0.00500566,0.00210456,0.00204514,0.00228114,0.00344262,0.0029328,0.00232827,0.00774821,0.00938986,0.0341186,0.022385,0.00145161,0.0114343,0.00173325,0.0164711,0.00374657,0.00973108,0.00108362,0.0236799,0.00605475,0.00200049,0.00619307,0.00212087,0.00183971,0.00221119,0.000353304,0.0150887,0.00145731,0.00184483,0.0121608,0.005953,0.0148298,0.00884553,0.011219,0.0131078,0.00586534,0.0265754,0.00499005,0.00425657,0.00450104,0.0084417,0.00197442,0.00206237,0.00241138,0.00309703,0.00278554,0.00225156,0.0198613,0.008749,0.013348,0.0168901,0.00152032,0.0231475,0.000914641,0.0191372,0.00538878,0.0133311,0.00470797,0.0206667,0.0154676,0.0189407,0.00691263,0.00191287,0.003176,
0.345,0.00277106,0.00160275,0.0121105,0.00153016,0.0021496,0.0147698,0.0039801,0.0112563,0.0150855,0.0113525,0.0238671,0.00821079,0.0121382,0.00175547,0.0048521,0.00413051,0.00490056,0.00207381,0.00201318,0.00224113,0.00339572,0.00289532,0.00230081,0.00758081,0.00942116,0.0339509,0.0224293,0.0014405,0.0115362,0.00172129,0.0164326,0.00387392,0.00995661,0.00110158,0.023704,0.00620844,0.00202054,0.00624893,0.0021077,0.00183793,0.00221788,0.000341001,0.0148783,0.0014388,0.00181503,0.0119886,0.00627165,0.0154435,0.00881027,0.0111784,0.0130591,0.0057777,0.0265072,0.00493215,0.00429304,0.00454422,0.00837648,0.00194314,0.00203115,0.00237099,0.00303706,0.00273442,0.00221643,0.0194122,0.0087658,0.0134091,0.0169083,0.00150519,0.0237755,0.000889566,0.0191501,0.00567457,0.0139676,0.00469623,0.0206559,0.0154507,0.0189591,0.00697321,0.00190535,0.00317519,
0.35,0.00276185,0.00159199,0.011814,0.00150065,0.00217519,0.0148814,0.00409588,0.0114421,0.0151768,0.0115407,0.023709,0.00820559,0.0121533,0.00178329,0.00479817,0.00406321,0.00480041,0.00203982,0.00197984,0.00220079,0.00334467,0.00285526,0.00227215,0.00737697,0.00940606,0.0337339,0.0224714,0.00142905,0.0116691,0.00170112,0.0163893,0.00398794,0.0101468,0.00111289,0.0237256,0.0064335,0.00203083,0.00641295,0.00209092,0.00183464,0.00223277,0.000330788,0.0146135,0.00141945,0.0017835,0.0118495,0.00660727,0.0160718,0.00878755,0.0111394,0.0130048,0.00566479,0.0264296,0.0048669,0.00435311,0.00461762,0.0083107,0.00190912,0.00199882,0.00232932,0.00297172,0.00267798,0.00217795,0.0188923,0.00875108,0.0135009,0.0169302,0.00148786,0.024574,0.000864685,0.0191583,0.00597343,0.0146138,0.00468429,0.0206347,0.0154447,0.018983,0.00712668,0.00189845,0.00317398,
0.355,0.00275159,0.00158087,0.0114901,0.00146722,0.00202928,0.0149365,0.00418666,0.0115857,0.0153427,0.01181,0.0235038,0.00819753,0.0121842,0.00183414,0.00474087,0.00399881,0.00470047,0.00200353,0.00194531,0.00216039,0.00329011,0.00281295,0.00224297,0.00714793,0.00938921,0.0334646,0.0225344,0.00141771,0.0118371,0.00167426,0.0163434,0.00407978,0.0102838,0.00111773,0.0237444,0.00670812,0.0020286,0.00676088,0.0020731,0.00183128,0.00225435,0.000323475,0.0142919,0.00140066,0.00175044,0.0117979,0.00693561,0.0166615,0.00878286,0.0111015,0.0129474,0.00552511,0.0263504,0.00479663,0.00443676,0.00471185,0.00824931,0.0018731,0.00196565,0.0022865,0.00290184,0.00261736,0.00213706,0.018281,0.00873858,0.0136297,0.0169732,0.0014687,0.0254729,0.000842606,0.0191649,0.00626451,0.0152243,0.00467551,0.0206055,0.0154573,0.0190156,0.00743747,0.0018927,0.00317142,
0.36,0.00274448,0.00156927,0.0111078,0.00143216,0.00190916,0.0150112,0.00424869,0.011684,0.0155765,0.0121466,0.0232596,0.00820864,0.0122469,0.0019345,0.00468492,0.00394298,0.00461204,0.00196608,0.00191078,0.00212151,0.00323332,0.00276985,0.00221393,0.00693453,0.00945614,0.0331591,0.0226016,0.00140696,0.0120233,0.00163947,0.0163096,0.00414534,0.0103681,0.00112964,0.0237591,0.00701917,0.00203613,0.0070425,0.00204869,0.00182182,0.00228511,0.000318369,0.0139253,0.00138151,0.00172161,0.0117826,0.0072391,0.0171761,0.00879766,0.0110648,0.0128928,0.00537376,0.0262915,0.00473216,0.00454142,0.00482809,0.00819154,0.00183591,0.00193248,0.00224335,0.00282772,0.00255357,0.00209441,0.0176164,0.00879451,0.0137531,0.0170141,0.00144814,0.0264771,0.00082007,0.0191789,0.00653315,0.0157633,0.00466775,0.0205693,0.0154931,0.0190285,0.00774542,0.00187878,0.00315808,
0.365,0.00275843,0.00156407,0.0107276,0.00139296,0.00189266,0.0152593,0.00427583,0.0117292,0.015863,0.0125303,0.0230198,0.0082504,0.0123433,0.00208968,0.00462236,0.00388808,0.00452636,0.00191881,0.00186697,0.00207233,0.00315228,0.00270852,0.00217554,0.00682154,0.00964275,0.0328891,0.0227002,0.001394,0.0122175,0.00160023,0.0162957,0.00417873,0.0103878,0.00115275,0.0237693,0.00733248,0.0020653,0.00733329,0.00201938,0.00181188,0.00233175,0.000331252,0.0135514,0.00136024,0.00171046,0.0118757,0.00749409,0.0175745,0.00883267,0.0110289,0.0128579,0.00525397,0.0262797,0.00469304,0.00465613,0.00495682,0.00812786,0.00178936,0.00188996,0.00218781,0.00273313,0.00247463,0.00204124,0.0170414,0.00894187,0.0138609,0.0170684,0.00142343,0.0274758,0.000800075,0.0192042,0.00675844,0.0161852,0.00467316,0.0205311,0.0155527,0.0190319,0.00808404,0.00186037,0.00313895,
0.37,0.00274053,0.00154812,0.0104303,0.0013568,0.00192164,0.0156847,0.00425785,0.0116918,0.0161793,0.0129256,0.0228399,0.0083081,0.012416,0.0022385,0.00457112,0.00385507,0.00446421,0.00188251,0.00183556,0.00204103,0.00310395,0.00267251,0.00215094,0.00683185,0.00988654,0.032736,0.0228052,0.00138509,0.0123959,0.00157166,0.0162572,0.004169,0.0103272,0.00117829,0.0237814,0.00761768,0.00210465,0.00755096,0.00201157,0.00182703,0.00236176,0.000334966,0.013249,0.0013467,0.00173064,0.0121006,0.00767,0.0177874,0.00888912,0.0109954,0.0128509,0.00519529,0.0262995,0.00468122,0.00479621,0.0051108,0.00808442,0.0017526,0.00185874,0.00215024,0.00266227,0.00241728,0.00199884,0.0167193,0.00912295,0.0139407,0.0171261,0.00140125,0.0283485,0.000800531,0.0191738,0.0069094,0.0164267,0.00468766,0.0205008,0.0156378,0.0190241,0.00838116,0.00187378,0.00315296,
0.375,0.00274395,0.00153531,0.0102648,0.00132107,0.00198296,0.0162305,0.00419618,0.0115849,0.0165213,0.013345,0.0227661,0.0083667,0.0125455,0.00244894,0.00452178,0.00382982,0.00441236,0.00184539,0.00180415,0.00201119,0.00304987,0.00263301,0.00212704,0.00699695,0.0101251,0.0327551,0.0228829,0.00137769,0.0125667,0.0015556,0.0162342,0.00411545,0.0101926,0.00119979,0.0237943,0.00789682,0.00215259,0.00751389,0.00201577,0.0018552,0.0024089,0.000338448,0.0130738,0.00133642,0.0017885,0.0124307,0.00775895,0.0178258,0.00897088,0.0109653,0.0128987,0.0052219,0.0263982,0.00472144,0.00494303,0.00527126,0.00804085,0.00171521,0.00182724,0.00211187,0.00258783,0.00236062,0.00195662,0.0168335,0.00929589,0.0140531,0.0172094,0.00137885,0.0291424,0.000810561,0.0191614,0.00698219,0.0164824,0.00472532,0.0204771,0.0157534,0.0190578,0.00843565,0.0018846,0.00316448,
0.38,0.00274053,0.00152443,0.0102851,0.00128801,0.00207136,0.0166515,0.00410923,0.0114522,0.0168644,0.0137437,0.0228085,0.0083978,0.0126567,0.00264854,0.00447277,0.00381221,0.00437281,0.00180627,0.0017721,0.00198048,0.00298829,0.00258901,0.0021013,0.00734586,0.0101727,0.0329477,0.0228912,0.00137109,0.0126957,0.00153748,0.0162671,0.00403842,0.0100286,0.00120302,0.0238016,0.0081104,0.00219194,0.00718466,0.00200234,0.0018648,0.00246223,0.000353769,0.0130841,0.00133103,0.00188442,0.0127301,0.00775592,0.0176917,0.00907576,0.0109389,0.0129925,0.00532851,0.0265415,0.00480555,0.00509151,0.0054287,0.0079986,0.00167623,0.0017938,0.00207107,0.00250852,0.00230498,0.00191226,0.0174486,0.00930833,0.014155,0.017268,0.00135587,0.0295952,0.000820266,0.0191707,0.00697358,0.0163471,0.00477034,0.0204584,0.0159006,0.0191139,0.00817153,0.00188055,0.00316233,
0.385,0.0027429,0.0015185,0.0105353,0.0012608,0.00205042,0.0169201,0.00399834,0.0112878,0.017188,0.0141018,0.022953,0.00842351,0.0128049,0.00288553,0.00442369,0.003799,0.00434216,0.0017636,0.00173766,0.00194818,0.0029173,0.00253781,0.00207231,0.00777168,0.0101212,0.0332724,0.022892,0.00136381,0.0127698,0.00152415,0.0163217,0.00393859,0.00982831,0.00119565,0.0238068,0.00821864,0.00222599,0.00700644,0.00198697,0.00187419,0.00251309,0.000366072,0.0132933,0.00133011,0.00200188,0.0130743,0.00765016,0.0173734,0.00920046,0.0109177,0.0131338,0.00550362,0.0267369,0.00493082,0.00522848,0.00557481,0.00795573,0.00163452,0.00175702,0.00202664,0.00242531,0.00224865,0.00186498,0.0184127,0.00924354,0.0142517,0.0173364,0.00133173,0.0296172,0.000830947,0.0191816,0.00687441,0.0160061,0.00483669,0.0204475,0.0160773,0.0192052,0.00796314,0.00187568,0.00316212,
0.39,0.00282606,0.00153954,0.0108712,0.00123425,0.001792,0.0168062,0.00391344,0.0112088,0.0174697,0.0143759,0.0231571,0.00842889,0.0129286,0.00309993,0.00435095,0.00376634,0.00430147,0.00168243,0.00166547,0.00186571,0.00274582,0.00240592,0.00199547,0.00827787,0.00983677,0.0336493,0.0228284,0.00134125,0.0127688,0.00146578,0.0165409,0.00386953,0.00969938,0.00116779,0.0237868,0.00819949,0.00222578,0.00691759,0.00187664,0.00178351,0.00260339,0.000396481,0.0136322,0.00131409,0.00210799,0.0132809,0.00744688,0.0169153,0.00933243,0.0108991,0.0132991,0.00569048,0.0269326,0.00506978,0.00531637,0.00566719,0.00785731,0.00155953,0.00168217,0.00192761,0.00227351,0.00213555,0.00178011,0.0195156,0.00900561,0.0143328,0.0173646,0.00129351,0.0291477,0.000828081,0.0192755,0.00669358,0.0154819,0.004911,0.0204391,0.0162732,0.0193,0.00786907,0.00183684,0.0031302,
0.395,0.0027208,0.00150678,0.0113084,0.00122345,0.00185249,0.0163402,0.00376428,0.0109501,0.0177027,0.0145567,0.0233853,0.00843032,0.0129222,0.0031973,0.00433026,0.00378765,0.00431122,0.00165942,0.00165096,0.00186544,0.00274023,0.00240154,0.00198778,0.00848782,0.0094393,0.0340187,0.0227826,0.00133697,0.0126355,0.00148533,0.0164954,0.00372834,0.00943176,0.00114306,0.0237997,0.00812477,0.00223532,0.00714895,0.00192067,0.00186384,0.00258925,0.000397874,0.0141062,0.00132586,0.00220872,0.0132934,0.00713967,0.0162405,0.00946926,0.0108897,0.013461,0.00588087,0.0270545,0.00517534,0.00543814,0.00579107,0.00784861,0.00153446,0.00166262,0.00191509,0.00224295,0.00211983,0.00175124,0.0204576,0.00868219,0.0143566,0.0173378,0.0012718,0.0284392,0.000843518,0.0192042,0.00641684,0.0147604,0.00497581,0.0204436,0.0164902,0.0193831,0.00794148,0.00186246,0.00317189,
0.4,0.00273159,0.00150013,0.0118764,0.00121894,0.00187871,0.0159666,0.00362545,0.0107455,0.017894,0.014687,0.0236462,0.00841563,0.0128706,0.00322721,0.00429884,0.00379263,0.00431489,0.00162554,0.00162689,0.0018475,0.00268121,0.00236069,0.00196604,0.00879035,0.00924785,0.0344063,0.0227493,0.00133107,0.0124317,0.00151082,0.0165855,0.0035946,0.00921161,0.00111551,0.0238083,0.00808293,0.00222917,0.00712582,0.00193681,0.001904,0.00261877,0.000413426,0.0146399,0.00133231,0.00229926,0.0134453,0.00675945,0.0154636,0.00960997,0.0108864,0.0136241,0.00609065,0.0271571,0.00527658,0.00551446,0.005864,0.0078143,0.00150096,0.00163307,0.00188136,0.00218282,0.00208206,0.00171314,0.0213699,0.00854154,0.0143614,0.0173175,0.0012487,0.0279608,0.000856153,0.0192085,0.00607899,0.0139353,0.0050244,0.0204504,0.0167185,0.0194481,0.00778508,0.00187524,0.00320281,
0.405,0.00272395,0.00149143,0.0124361,0.00122145,0.00171672,0.0155988,0.00350459,0.0105788,0.0180261,0.0147402,0.0239199,0.00838292,0.012871,0.00327433,0.00427093,0.00380028,0.00432252,0.00159301,0.00160485,0.00183195,0.0026225,0.00231972,0.0019445,0.009036,0.0091409,0.0347775,0.0226706,0.00132563,0.0122062,0.00154138,0.0166777,0.00347743,0.00903368,0.0010818,0.0238168,0.00794891,0.00220382,0.00682636,0.00194553,0.00193204,0.00263092,0.000423176,0.0152096,0.00133982,0.00237422,0.013648,0.00633643,0.0146476,0.00974493,0.0108895,0.0137853,0.00629237,0.0272622,0.00537517,0.00555979,0.00590533,0.00778186,0.00146926,0.00160361,0.00184743,0.00212593,0.00204552,0.00167713,0.0221837,0.00845468,0.0143666,0.0173188,0.00122665,0.0272395,0.000863448,0.0192109,0.00570675,0.0130836,0.00506707,0.020456,0.0169426,0.0195249,0.00741497,0.00188435,0.00323305,
0.41,0.00272948,0.00148394,0.0129117,0.00122988,0.00203181,0.0153808,0.00340634,0.0104499,0.0180757,0.0146638,0.024222,0.00841276,0.0129006,0.00333079,0.00424761,0.00380966,0.00433509,0.00156132,0.00158336,0.00181639,0.00256172,0.00227663,0.00192142,0.00934177,0.00920926,0.03517,0.02257,0.00132031,0.012013,0.00157542,0.0167644,0.00338014,0.00889904,0.00108109,0.0238264,0.0076775,0.00222705,0.00622402,0.00195147,0.0019563,0.00264109,0.000429908,0.015825,0.00134642,0.00244862,0.0136214,0.00590199,0.0138621,0.00986259,0.0108991,0.0139657,0.00651247,0.0273827,0.00548237,0.00557221,0.00590915,0.00774699,0.00143776,0.00157267,0.00181215,0.0020723,0.00200979,0.00164163,0.022991,0.00849837,0.0144183,0.0173472,0.00120517,0.0262113,0.000865272,0.0192163,0.00532734,0.0122688,0.00515618,0.0204576,0.0171538,0.0196745,0.00695254,0.00189333,0.00326491,
0.415,0.00272843,0.00147596,0.0136556,0.00124408,0.00182055,0.0153356,0.00333345,0.0103587,0.0180552,0.0145159,0.024533,0.00837056,0.0127093,0.00317898,0.00422597,0.00381731,0.00435063,0.00153266,0.00156481,0.0018045,0.00250525,0.00223701,0.00190026,0.0096107,0.00909875,0.035549,0.0226533,0.0013151,0.0118611,0.00160987,0.0168319,0.003306,0.00881188,0.00104223,0.0238375,0.00744762,0.00218112,0.0067648,0.00195766,0.00197796,0.00264655,0.000425033,0.0164632,0.0013528,0.00251609,0.0141882,0.00548643,0.013162,0.00997532,0.0109154,0.0141215,0.0067293,0.0274155,0.00555404,0.00555061,0.00587604,0.00771261,0.00140911,0.00154469,0.00177876,0.00202517,0.00198219,0.00160884,0.0237552,0.00839413,0.0144317,0.0173894,0.00118484,0.0252643,0.000860908,0.0192194,0.00496645,0.0115385,0.00520181,0.0204522,0.0173482,0.0197822,0.00707452,0.00190269,0.00329711,
0.42,0.00274422,0.00147185,0.0140579,0.00126228,0.0017588,0.0150896,0.0032853,0.0103001,0.0179248,0.0141558,0.0248145,0.00838032,0.0124726,0.00292374,0.00420615,0.00382009,0.00436448,0.00150296,0.00154451,0.00178921,0.00244288,0.00219166,0.00187502,0.00967559,0.00908481,0.0358506,0.0225261,0.00130816,0.0117029,0.00164247,0.0168813,0.00325534,0.00876358,0.00103002,0.0238497,0.00708596,0.00214283,0.00634374,0.00196457,0.00199729,0.0026535,0.000425613,0.017023,0.001355,0.00254204,0.01425,0.00511348,0.0125792,0.0100559,0.0109369,0.0142419,0.00687478,0.0273844,0.00558432,0.00549021,0.0058038,0.00767133,0.00137899,0.00151264,0.00174052,0.00197771,0.00194464,0.00157479,0.0242848,0.00838045,0.0143583,0.01732,0.00116382,0.0241118,0.000851203,0.0192276,0.00464319,0.0109199,0.00523202,0.020438,0.0175083,0.0198146,0.00684189,0.00191269,0.00332802,
0.425,0.0027229,0.00145988,0.0145232,0.00128432,0.0016924,0.0145186,0.0032449,0.0102363,0.0176645,0.0136283,0.0250399,0.00818588,0.012229,0.00258452,0.00419307,0.00382843,0.00438538,0.00148037,0.00153138,0.00178243,0.00239725,0.0021588,0.00185634,0.0095773,0.00854488,0.0360426,0.0223004,0.00130284,0.0115013,0.00168854,0.0168553,0.00321073,0.00871794,0.000950889,0.0238699,0.00664862,0.00202903,0.00552594,0.00200376,0.00204712,0.00263911,0.000424801,0.0174591,0.00135365,0.00253724,0.0143872,0.00480055,0.0121238,0.0100937,0.0109619,0.0142798,0.006974,0.0272878,0.00557125,0.00540266,0.00569741,0.00763646,0.00135403,0.00148577,0.00170949,0.00194293,0.00191603,0.00154656,0.0245236,0.00793742,0.0141235,0.0171711,0.00114465,0.0222779,0.00083961,0.019219,0.00437284,0.0104338,0.00514342,0.0204137,0.0176054,0.0197665,0.00573581,0.00192831,0.0033617,
0.43,0.00272053,0.00146109,0.014871,0.00130503,0.00169261,0.0132635,0.00326038,0.0102932,0.0172191,0.0128129,0.0252415,0.00793176,0.0120045,0.00220283,0.00417319,0.0038268,0.00439287,0.00145066,0.00150906,0.00176143,0.00232818,0.00210648,0.00182532,0.00973324,0.0076526,0.036205,0.0218021,0.00129278,0.0111514,0.0016854,0.0169303,0.00322484,0.00877854,0.000849754,0.0238732,0.00601504,0.00189485,0.0040048,0.00196128,0.00200277,0.00261951,0.000419926,0.0178312,0.00134585,0.00254127,0.0140178,0.00456236,0.0118169,0.0100676,0.0109867,0.0142554,0.00705056,0.0272036,0.00556288,0.005275,0.00555478,0.00758496,0.00132274,0.00144909,0.00166452,0.00189319,0.00187373,0.00151074,0.0247502,0.0072558,0.0137002,0.0168396,0.00112283,0.0191688,0.000819614,0.0192455,0.00416991,0.0100958,0.00499582,0.0203764,0.0176175,0.019615,0.00403281,0.00192888,0.00337376,
0.435,0.00266079,0.00144671,0.0150484,0.00132795,0.00162685,0.0114084,0.00325558,0.0102623,0.01655,0.0116827,0.0253702,0.00765971,0.0117862,0.00178292,0.00416772,0.0038363,0.00441773,0.00143769,0.00150419,0.00176495,0.00230393,0.00209005,0.00181502,0.00951469,0.00670912,0.0362421,0.0212447,0.00128826,0.0106048,0.00171356,0.0168125,0.0032138,0.00877366,0.000737315,0.0238939,0.00525627,0.00175167,0.00305402,0.00200473,0.00205137,0.00256022,0.00041273,0.0180781,0.00134216,0.00251205,0.0131569,0.00439347,0.0116125,0.00995963,0.0110097,0.0141381,0.0070467,0.0270572,0.005506,0.00514106,0.00540601,0.00755725,0.00130399,0.001425,0.00164049,0.00187207,0.00185122,0.00148922,0.0246973,0.00656891,0.0130701,0.0163542,0.00110551,0.0149926,0.000803201,0.0192253,0.00402535,0.00988323,0.00477585,0.0203306,0.0175237,0.0193251,0.00280175,0.00194495,0.00339646,
0.44,0.0026529,0.00144369,0.0151076,0.00134888,0.00163763,0.00950018,0.00327418,0.0102928,0.0157449,0.0106869,0.0254726,0.00752333,0.0121627,0.00215998,0.00415505,0.00383723,0.00443101,0.00141949,0.00149262,0.00175625,0.00226038,0.0020573,0.00179545,0.00946411,0.00630035,0.0362549,0.0209616,0.00128109,0.0099775,0.00171889,0.01676,0.0032287,0.00881771,0.000659697,0.0239062,0.00457693,0.00170033,0.00246563,0.00201099,0.00205274,0.00250962,0.000401588,0.0182359,0.00133124,0.00248572,0.012034,0.00429084,0.0115186,0.00977849,0.0110274,0.014049,0.00705946,0.0271098,0.00551625,0.00498916,0.00523884,0.00751452,0.00128029,0.00139387,0.00160521,0.00183696,0.00181842,0.00146207,0.0245863,0.00628651,0.0126607,0.0161357,0.00108645,0.0107699,0.000786267,0.0192327,0.00393805,0.00978454,0.00465755,0.0202765,0.017331,0.0191976,0.00218159,0.00195222,0.00340239,
0.445,0.00266658,0.00144792,0.0148891,0.00136338,0.00159745,0.00765008,0.00331672,0.0103706,0.0149634,0.00987449,0.025479,0.0074581,0.0120219,0.00198857,0.00413611,0.0038319,0.0044368,0.00139209,0.0014692,0.00172893,0.00219418,0.00200419,0.00176163,0.00910623,0.00618966,0.0361153,0.0208896,0.0012679,0.00948874,0.0016893,0.0167336,0.00327042,0.00890481,0.000609534,0.0239068,0.00433414,0.00163446,0.00283533,0.00197167,0.00200489,0.00246794,0.000391838,0.0181974,0.00131082,0.0024021,0.0106164,0.00424467,0.011517,0.00954188,0.0110378,0.0139179,0.00694462,0.0269474,0.00542009,0.00482806,0.00506449,0.00745703,0.00124796,0.00135255,0.00155431,0.00178333,0.00176436,0.00142486,0.0240999,0.00623234,0.0126241,0.0160205,0.00106347,0.0112356,0.000766272,0.0192631,0.00390204,0.00977453,0.00459273,0.0202156,0.0170673,0.0191912,0.00283149,0.00194482,0.00338521,
0.45,0.00268421,0.00143837,0.0148052,0.00137699,0.0016628,0.0080169,0.00332784,0.0103584,0.0144799,0.00987131,0.0254927,0.00758158,0.0122605,0.00221412,0.0041266,0.00383885,0.0044539,0.00137703,0.00145827,0.00172089,0.00216531,0.00198089,0.00174358,0.00897969,0.00747316,0.0360295,0.0214755,0.00125853,0.00938097,0.00168438,0.0165673,0.00327787,0.00891261,0.000655559,0.0239191,0.00451994,0.00168484,0.00378186,0.00200221,0.002033,0.00242428,0.000385455,0.018106,0.00129438,0.00235981,0.0103765,0.00423289,0.0115469,0.0093224,0.0110436,0.0138866,0.00692783,0.0269572,0.00539567,0.00469346,0.0049214,0.00741687,0.00122426,0.00132402,0.0015187,0.00175147,0.00173688,0.00139682,0.0236414,0.00718971,0.0128365,0.0163657,0.00104303,0.0142802,0.000757153,0.0192451,0.00389376,0.00980956,0.00464938,0.0201559,0.0167878,0.0193294,0.00379285,0.00195608,0.00338137,
0.455,0.00272632,0.00143547,0.0147903,0.00138638,0.00170361,0.00948605,0.0033379,0.0103652,0.0141654,0.0098787,0.0254879,0.00771043,0.0121092,0.00207061,0.00411366,0.00384325,0.00446633,0.00136009,0.00144376,0.00170521,0.00213005,0.00195163,0.0017221,0.00883711,0.00815496,0.0359308,0.0217402,0.00124743,0.0095698,0.0016664,0.0164625,0.00328567,0.00892528,0.0007249,0.0239249,0.00471456,0.00171889,0.00476342,0.0020097,0.00202991,0.00241014,0.000375125,0.0179578,0.00127594,0.0023204,0.0110881,0.00424892,0.0116127,0.009147,0.0110455,0.0138447,0.00687864,0.0268424,0.00532455,0.0045736,0.00480053,0.00737002,0.00119782,0.00129475,0.00147777,0.00171181,0.00170227,0.00136543,0.0232145,0.00774266,0.01299,0.0165484,0.00102132,0.0162549,0.000750836,0.0192502,0.00390929,0.00987926,0.00469184,0.0200972,0.0165207,0.0194001,0.00485852,0.00195734,0.0033611,
0.46,0.00279317,0.00143402,0.0148484,0.00139074,0.00186116,0.0117849,0.00333692,0.0103564,0.0140907,0.0102615,0.0255005,0.00790326,0.012493,0.00252283,0.00409748,0.00384696,0.00447565,0.00134074,0.00142502,0.00168248,0.00208937,0.00191742,0.00169642,0.00879932,0.00917989,0.0358748,0.0221183,0.00123435,0.00998233,0.00164131,0.0163698,0.00328505,0.00892008,0.000848442,0.0239267,0.00503928,0.00183906,0.00535742,0.00200828,0.00201614,0.00242304,0.000373964,0.0178,0.00125602,0.00229733,0.0125267,0.00428036,0.0116908,0.00904244,0.0110455,0.0138819,0.00689778,0.0269482,0.00534106,0.00448123,0.0047056,0.00732026,0.00116875,0.0012639,0.00143172,0.00166663,0.00166641,0.00133036,0.0229135,0.00853992,0.0131863,0.0168398,0.000997992,0.0188891,0.000747774,0.0192599,0.00393728,0.00996184,0.00478044,0.0200421,0.0162959,0.0194973,0.00561608,0.00195298,0.00333072,
0.465,0.00283106,0.00143341,0.0146678,0.00139045,0.00194997,0.013032,0.00331939,0.0103224,0.0140198,0.0103559,0.0255038,0.00802889,0.0122119,0.00233347,0.00407874,0.00385136,0.00448017,0.00131961,0.0014028,0.00165403,0.00204853,0.00188153,0.0016682,0.00879035,0.00940915,0.0358289,0.0222307,0.0012192,0.0104353,0.00161438,0.0162923,0.00326867,0.00888351,0.000924747,0.0239258,0.00514023,0.00187629,0.0054433,0.00200434,0.00200023,0.00245554,0.000378839,0.0176546,0.00123617,0.00228541,0.0132106,0.00431517,0.0117669,0.00896813,0.0110444,0.0138806,0.00684557,0.0268173,0.00527549,0.00441621,0.00464471,0.00727007,0.00113757,0.00122916,0.00138264,0.00161787,0.00162208,0.00129195,0.0227324,0.00868089,0.0133384,0.0169402,0.000972817,0.0198664,0.000747449,0.0192697,0.00396869,0.0100375,0.00485016,0.019993,0.016116,0.0195684,0.00599052,0.00194507,0.00329441,
0.47,0.00282685,0.00143365,0.0144689,0.00138823,0.0018878,0.0127945,0.00328201,0.0102607,0.0140588,0.0104462,0.0255025,0.00799717,0.0119243,0.00192186,0.00405744,0.00385437,0.00448314,0.00129692,0.00137782,0.00162107,0.00200865,0.00184383,0.00163769,0.00886956,0.00849157,0.0357979,0.0221014,0.00120208,0.0106958,0.00159005,0.0162377,0.00323475,0.00881689,0.000912534,0.0239229,0.0054128,0.00184956,0.00573885,0.00199969,0.00198509,0.00247761,0.00039799,0.0175569,0.00121915,0.00229195,0.0130629,0.00434583,0.0118252,0.00892915,0.0110424,0.0138679,0.00678907,0.0267142,0.00523355,0.00438106,0.00461403,0.00721717,0.0011045,0.00119321,0.00133094,0.00156521,0.00157887,0.00125087,0.0227212,0.00792374,0.0134469,0.0168341,0.00094591,0.0203597,0.000749728,0.0192783,0.00399651,0.0100955,0.004867,0.0199503,0.0160125,0.0196028,0.00607934,0.00193476,0.00325508,
0.475,0.00289054,0.00143498,0.0145096,0.00138113,0.00233147,0.0140701,0.00322425,0.0101751,0.0141652,0.0107091,0.0255157,0.00812925,0.0121365,0.00211264,0.00403573,0.00385704,0.00448102,0.00127171,0.00134852,0.00158213,0.00196446,0.00180298,0.00160394,0.00881592,0.00957543,0.0357814,0.0225158,0.00118264,0.0110015,0.00157104,0.0162173,0.00318059,0.00871902,0.00100792,0.0239187,0.00565854,0.00195213,0.0059351,0.00199472,0.00196877,0.00252078,0.000416908,0.0174591,0.00120199,0.00228561,0.013772,0.00436705,0.0118624,0.00893311,0.0110411,0.013886,0.00682181,0.0267471,0.00523308,0.00437326,0.00461252,0.00716302,0.00106858,0.00115616,0.00127587,0.00150833,0.00153465,0.00120676,0.0226726,0.00881437,0.0135038,0.0170395,0.00091727,0.0218223,0.000752529,0.0192919,0.00401554,0.010127,0.00490906,0.0199144,0.015956,0.0196187,0.0063773,0.00191977,0.00321244,
0.48,0.00292028,0.00143921,0.0147635,0.00137196,0.00210858,0.0149789,0.00314887,0.0100695,0.0141646,0.0107141,0.0255498,0.00809179,0.011919,0.00186735,0.00401092,0.00385924,0.00448017,0.00124253,0.00131371,0.0015354,0.00191533,0.00175572,0.00156485,0.00897778,0.00946312,0.035813,0.0225822,0.00116008,0.0112097,0.00155751,0.0162325,0.00311039,0.00859522,0.00100024,0.023913,0.00550047,0.0019219,0.00604546,0.00198452,0.00195054,0.00256419,0.000436407,0.0174283,0.0011854,0.0023081,0.0148353,0.00437676,0.0118805,0.00894346,0.01104,0.0138501,0.00684943,0.0266995,0.00522291,0.00438608,0.00463267,0.00710957,0.00102971,0.00111586,0.00121683,0.0014482,0.00148941,0.0011591,0.0228221,0.00869307,0.0133144,0.0170334,0.000886552,0.0210511,0.000749793,0.0193184,0.00402527,0.0101327,0.00486078,0.0198822,0.0158951,0.0195098,0.00623932,0.00189282,0.00316051,
0.485,0.00291423,0.00143776,0.0149127,0.00136449,0.00195441,0.0148828,0.00305373,0.00993184,0.0141067,0.0105637,0.0256253,0.00802056,0.0117379,0.00155685,0.00399104,0.00386734,0.00448172,0.00121785,0.00128377,0.00149579,0.00188135,0.00172072,0.00153263,0.00924881,0.00881778,0.035921,0.0223623,0.00113868,0.0111912,0.00155867,0.0162546,0.00301976,0.00844467,0.000961083,0.0239103,0.00536122,0.00186876,0.00551906,0.00198517,0.00194643,0.00259049,0.000453121,0.0175205,0.00117569,0.00235962,0.0151863,0.00435346,0.0118292,0.00895106,0.0110396,0.0138273,0.00689098,0.026707,0.00524748,0.0044172,0.00467018,0.00706307,0.00099369,0.00107797,0.00116358,0.00139619,0.00145424,0.00111511,0.0232056,0.00817241,0.013089,0.0168333,0.000856065,0.0198599,0.000760475,0.0192966,0.00400325,0.0100751,0.00480474,0.0198606,0.0158428,0.0193548,0.00568632,0.00189618,0.00314582,
0.49,0.00289659,0.00144127,0.0148995,0.0013565,0.00186094,0.0135439,0.00294952,0.00979369,0.0139518,0.010235,0.025702,0.00781267,0.0118398,0.00158242,0.00396906,0.00387059,0.00447989,0.0011894,0.00124869,0.00144841,0.00183684,0.00167672,0.00149506,0.0094164,0.00766964,0.036018,0.0216695,0.00111497,0.0108841,0.00156742,0.0163221,0.00292117,0.00828728,0.000868931,0.0239075,0.00504753,0.00178062,0.00358417,0.00198026,0.00193663,0.00260239,0.000470299,0.0176785,0.00116853,0.00239845,0.0145008,0.00431266,0.0117579,0.00892616,0.0110378,0.0137905,0.00692397,0.026784,0.00529794,0.00445123,0.00470746,0.0070115,0.000955982,0.00103526,0.00110676,0.00133963,0.00141375,0.00106866,0.0236396,0.00729708,0.0127354,0.0164321,0.000824308,0.0172527,0.000767118,0.0193079,0.0039663,0.00998765,0.0046748,0.0198402,0.0157764,0.0191383,0.00373836,0.00188416,0.00311982,
0.495,0.00287791,0.00144598,0.0147513,0.00134755,0.00180342,0.0114487,0.00284237,0.00965742,0.0136451,0.00963297,0.025738,0.00761831,0.0118463,0.00153434,0.00394398,0.00387012,0.00447438,0.00115823,0.00121066,0.00139763,0.00178787,0.00162946,0.00145464,0.00933833,0.00663515,0.0360362,0.0210265,0.0010894,0.0103766,0.00158478,0.0164131,0.00281854,0.00813286,0.000776073,0.0239062,0.00448506,0.00169863,0.00261273,0.00197355,0.00192642,0.00259446,0.000477959,0.0177933,0.0011591,0.00239287,0.0130419,0.00425091,0.0116539,0.00884521,0.0110323,0.013717,0.00690525,0.0267926,0.00530937,0.00448149,0.00473732,0.00696208,0.000916904,0.000988291,0.00104792,0.00128274,0.0013676,0.00102151,0.0238334,0.00655257,0.0123957,0.0160503,0.000791742,0.0127197,0.000770896,0.0193188,0.00391074,0.0098637,0.00455925,0.019821,0.0156711,0.0189891,0.00264652,0.00186916,0.00309766,
0.5,0.00288212,0.00145082,0.0148386,0.00133949,0.00228494,0.0102162,0.00273895,0.00953032,0.0135275,0.00977571,0.0257579,0.00763238,0.0121186,0.00186077,0.00392106,0.00386862,0.00446873,0.00112518,0.00117062,0.00134467,0.00173571,0.00157927,0.00141231,0.00922515,0.00662502,0.0360234,0.0216834,0.00106245,0.0098495,0.00161028,0.0165201,0.00271828,0.00799138,0.000766585,0.023907,0.0048228,0.00176556,0.00479199,0.00196735,0.00191805,0.0025828,0.000488869,0.0178421,0.00114711,0.00237038,0.0121268,0.00416698,0.0115174,0.00877453,0.0110243,0.0137077,0.0069296,0.0268668,0.00533558,0.00449629,0.00475006,0.00691399,0.000878669,0.000944472,0.000988142,0.00122683,0.00132949,0.000974166,0.0238159,0.00660036,0.0124126,0.0160969,0.000758599,0.0159255,0.000773045,0.0193274,0.00383641,0.00970703,0.00456466,0.0198019,0.0155824,0.0190132,0.00439851,0.00185588,0.00308372,
0.505,0.00288028,0.00145577,0.0151543,0.00133261,0.0025662,0.00956139,0.00264622,0.00942473,0.0136422,0.0101983,0.0258254,0.00763211,0.012438,0.00224224,0.00389956,0.00386526,0.00445813,0.00109098,0.00113039,0.0012919,0.00168163,0.00152818,0.00136966,0.00937441,0.00649941,0.0360995,0.0216755,0.00103491,0.00949825,0.00164234,0.0166414,0.00262792,0.00787379,0.000754978,0.0239105,0.00515197,0.00183938,0.00491162,0.0019596,0.00190887,0.00255675,0.000500011,0.0179211,0.00113591,0.00238018,0.0118164,0.00406504,0.0113556,0.00876281,0.011015,0.013798,0.00701933,0.027039,0.00541782,0.00448764,0.00473512,0.00686373,0.000841382,0.000906211,0.000927216,0.00117515,0.00130348,0.000927964,0.023934,0.00652795,0.0127637,0.0162749,0.000725571,0.0165372,0.00077285,0.0193375,0.00374655,0.00951997,0.00466347,0.019782,0.0155619,0.0192804,0.00439159,0.0018426,0.00307618,
0.51,0.00299897,0.00147946,0.0157321,0.00132462,0.00325221,0.0114054,0.0025752,0.00936511,0.013839,0.0106166,0.0259665,0.00790613,0.0123386,0.00227088,0.00386221,0.00383688,0.00442861,0.00103492,0.00106675,0.0012071,0.00157156,0.00143073,0.00129879,0.00965384,0.00814599,0.0362863,0.0222718,0.00099697,0.00948195,0.00166818,0.0168116,0.00256026,0.00779995,0.000871353,0.0239102,0.00550892,0.00199074,0.00614971,0.00192887,0.00187734,0.00256295,0.000517421,0.0180633,0.00112045,0.00240537,0.0128116,0.00396206,0.0112165,0.00882806,0.011006,0.0139238,0.00717111,0.0270871,0.00546844,0.00443834,0.0046762,0.00679434,0.000794299,0.000860447,0.000847306,0.00110266,0.00126536,0.000870559,0.0243016,0.00775939,0.0130695,0.0165653,0.000688501,0.0191342,0.00075292,0.0194096,0.00365917,0.00934292,0.00483036,0.0197543,0.01562,0.0194911,0.00587754,0.00179357,0.00303496,
0.515,0.00299055,0.00147499,0.016161,0.00132522,0.00326405,0.0122233,0.00250382,0.00927287,0.0140847,0.0109912,0.0261704,0.00808624,0.0125066,0.0025226,0.00385169,0.00382773,0.0044166,0.00100113,0.00102863,0.00116237,0.00152801,0.0013874,0.00125925,0.0100468,0.00821641,0.0365567,0.0223811,0.00096828,0.00951063,0.00171787,0.0168926,0.00248761,0.00770892,0.000931509,0.0239234,0.00570154,0.00210242,0.0064808,0.00194333,0.00189496,0.00254732,0.00052601,0.0183631,0.00111868,0.00247495,0.0133194,0.00381949,0.0109815,0.00894734,0.0110035,0.0141142,0.00734294,0.027273,0.00558784,0.00437663,0.00460037,0.00675856,0.000763648,0.000830987,0.000789544,0.00106788,0.00126265,0.000828977,0.0249079,0.0078025,0.0133573,0.0167207,0.000655935,0.0197989,0.000764122,0.0193461,0.00352954,0.00908878,0.00500603,0.019739,0.01577,0.0197,0.00636455,0.00182292,0.0030817,
0.52,0.00303923,0.00149058,0.0163842,0.00132433,0.00352099,0.0125383,0.0024603,0.00924653,0.0142523,0.0111246,0.026237,0.00801115,0.0121513,0.00227193,0.00382399,0.00379391,0.00438694,0.000952814,0.000976283,0.00109777,0.00143995,0.00131009,0.00120154,0.00960536,0.00770197,0.0365611,0.0222427,0.00093369,0.0094261,0.00175375,0.0170463,0.00244414,0.00767438,0.000921315,0.0239312,0.00574822,0.00209786,0.00573035,0.00192274,0.00187117,0.00253988,0.000536456,0.0184453,0.00110564,0.00239518,0.0134823,0.00368932,0.0108049,0.00905449,0.0110023,0.0141426,0.00733959,0.0271277,0.00552665,0.00426688,0.00447325,0.00670316,0.000727625,0.000794857,0.0007233,0.00102042,0.00122295,0.000783029,0.0248634,0.00739814,0.0132261,0.0165721,0.000621753,0.0196351,0.000757414,0.0193991,0.00341587,0.00887438,0.00495509,0.0197155,0.0159192,0.0196324,0.00554175,0.00179743,0.00307059,
0.525,0.00301555,0.00149095,0.0164709,0.00132928,0.00315134,0.0116048,0.00241687,0.00919066,0.0142221,0.0108119,0.0263319,0.00779968,0.0118068,0.00182128,0.00381381,0.00376773,0.00436349,0.000916626,0.000938261,0.0010559,0.00138475,0.00126013,0.0011615,0.00989948,0.00677361,0.0366503,0.0216703,0.000905,0.00912663,0.00180324,0.0171148,0.00239839,0.00762671,0.000827044,0.0239483,0.00532145,0.00198045,0.00387828,0.00193403,0.00188221,0.00250763,0.000540635,0.0185999,0.00109869,0.0024094,0.0129037,0.0035387,0.0105788,0.00911231,0.0110034,0.0141118,0.00737661,0.0270482,0.00552446,0.00413486,0.00432402,0.00666112,0.000702345,0.000764286,0.000670857,0.000997346,0.00121164,0.000748725,0.0250398,0.00668742,0.012864,0.0162155,0.000590573,0.0165312,0.000772459,0.019362,0.00328044,0.00862525,0.0048326,0.0197023,0.0160282,0.0194606,0.00357738,0.00182033,0.00311134,
0.53,0.0030645,0.00151077,0.0167867,0.00133868,0.00286014,0.0100273,0.00239489,0.00918763,0.0140453,0.0101703,0.0267011,0.00784555,0.011695,0.00151272,0.00378738,0.00372001,0.00432054,0.000864331,0.00088389,0.000991105,0.00128074,0.00117134,0.00109953,0.0112688,0.00630293,0.0372045,0.0210979,0.000869601,0.00874172,0.001834,0.0172274,0.00237578,0.00761498,0.000740242,0.0239589,0.00482499,0.00191352,0.00280642,0.00191337,0.00185596,0.00247613,0.000547366,0.0192107,0.00110209,0.00261528,0.011738,0.00340904,0.0104196,0.00916221,0.0110062,0.0143138,0.00769148,0.027321,0.00574292,0.00396246,0.00412953,0.00660328,0.000671378,0.000722783,0.000609056,0.000956714,0.00122578,0.000709232,0.026527,0.00635254,0.0131063,0.0161956,0.000558007,0.0117755,0.000770049,0.0194205,0.00316805,0.00842916,0.00501001,0.0196842,0.0161595,0.0197313,0.00267027,0.00179275,0.00309625,
0.535,0.00305344,0.00151077,0.0167192,0.0013531,0.00291555,0.0087098,0.00236748,0.00914288,0.0138179,0.00982557,0.026786,0.00769511,0.0122118,0.00216835,0.00378051,0.00368225,0.00428904,0.000827516,0.00084899,0.000954419,0.0012155,0.00111519,0.00105878,0.0101719,0.00616184,0.0372071,0.0210841,0.000841605,0.00830232,0.00187221,0.0172365,0.00234642,0.0075805,0.000708448,0.0239773,0.00454411,0.00190461,0.00271093,0.00192377,0.00186404,0.00241163,0.000545741,0.019329,0.00109302,0.0024292,0.0105366,0.00326726,0.0102132,0.00915622,0.0110101,0.0143108,0.00765547,0.0272802,0.00570255,0.00377573,0.00392357,0.00656173,0.000653472,0.000693045,0.000564018,0.000947288,0.00120542,0.000684296,0.0263323,0.00627154,0.0128199,0.0160028,0.000529714,0.0111628,0.000791478,0.0193839,0.00303843,0.00820566,0.00489334,0.0196806,0.0162303,0.0196028,0.00243222,0.00181805,0.00313518,
0.54,0.0031245,0.00153083,0.0166097,0.00136234,0.0032078,0.00849884,0.00235111,0.00913472,0.0134446,0.00926472,0.0267362,0.00761742,0.0120345,0.00111981,0.00375577,0.00362132,0.00423861,0.000776267,0.000798936,0.000894805,0.00110447,0.00102134,0.000996242,0.00960841,0.00654827,0.0369769,0.0212268,0.000806784,0.0080033,0.00189039,0.0172737,0.00232915,0.0075689,0.000702392,0.0239885,0.00410258,0.001887,0.00301533,0.00190834,0.00184129,0.00237913,0.000546902,0.0192164,0.00107231,0.00229407,0.00991937,0.00315336,0.0100831,0.00908069,0.0110088,0.0141855,0.00753577,0.027063,0.00557618,0.00356488,0.00369354,0.00650208,0.000628824,0.000656267,0.000511036,0.000920633,0.00116651,0.000654802,0.0255902,0.00654671,0.0124562,0.0159177,0.000500382,0.00942381,0.000794604,0.0194427,0.00293969,0.00804521,0.00476993,0.019674,0.0162025,0.0194493,0.0026931,0.00179174,0.00311343,
0.545,0.00315213,0.00153277,0.0169145,0.00138165,0.00343217,0.00927933,0.00232743,0.00908752,0.0132588,0.00941204,0.026944,0.0078202,0.0125006,0.00256762,0.00375111,0.0035736,0.00420316,0.000740288,0.000768536,0.000865962,0.0010255,0.000954717,0.000953148,0.0105017,0.00710092,0.0372644,0.0215623,0.000779598,0.00796134,0.00190741,0.0172127,0.00230321,0.00753416,0.000749124,0.0240025,0.00422133,0.00200431,0.00416142,0.00191596,0.00184266,0.00232158,0.000530653,0.0193722,0.00106565,0.00237326,0.0102006,0.00302985,0.00991158,0.00903638,0.0110099,0.0143652,0.00777686,0.0274109,0.00575364,0.00335522,0.00347045,0.00646045,0.000618291,0.00063709,0.000476163,0.000929085,0.00120259,0.000641258,0.0259359,0.00697509,0.0129211,0.0163231,0.000476477,0.0111807,0.000821764,0.0194065,0.00282713,0.00785815,0.00500103,0.0196845,0.0161853,0.0198251,0.00388817,0.00181818,0.00314414,
0.55,0.00318056,0.00153978,0.0174639,0.00140384,0.00295954,0.00959883,0.00230474,0.00904847,0.0131617,0.00942186,0.0270702,0.00795738,0.0121922,0.001226,0.00374323,0.0035209,0.00416883,0.000706296,0.00074282,0.000844562,0.000938562,0.000883372,0.00091069,0.010416,0.00673107,0.037349,0.0220902,0.000754148,0.00789386,0.00190844,0.0171356,0.0022792,0.00750392,0.000759722,0.0240107,0.00424331,0.00200484,0.00825091,0.00191363,0.00183121,0.002267,0.000513939,0.0195103,0.00105742,0.00235173,0.0115422,0.00292982,0.00979441,0.00904099,0.0110115,0.0144325,0.00782563,0.0273533,0.00574472,0.00314814,0.00324852,0.0064125,0.000613446,0.000630698,0.000449235,0.000947938,0.00123211,0.000636575,0.0261182,0.00667296,0.012967,0.0164187,0.000456268,0.0106214,0.00084202,0.0194244,0.00273847,0.00772485,0.00509279,0.0196978,0.0162011,0.0198867,0.00745747,0.00181748,0.00313916,
0.555,0.00322924,0.00155235,0.0175672,0.00142469,0.00289631,0.00919528,0.0022751,0.00899694,0.0130194,0.00923114,0.0271364,0.00784977,0.0118779,0.00118786,0.00372813,0.00345707,0.00412193,0.000669794,0.000715084,0.000820371,0.000834233,0.000800549,0.000862638,0.0102356,0.00654931,0.0373348,0.0219593,0.000727425,0.00783771,0.00189702,0.0170243,0.00224966,0.00746336,0.000717229,0.0240145,0.00418374,0.0019237,0.00730166,0.00191099,0.00181963,0.0022221,0.000499315,0.0195743,0.0010475,0.00229772,0.0116468,0.00284806,0.0097051,0.00903209,0.0110115,0.0144233,0.00778634,0.027218,0.00569363,0.00294872,0.00303735,0.00636691,0.000609654,0.000623286,0.000426076,0.000963215,0.00123652,0.000635435,0.026083,0.00657269,0.0128759,0.0162899,0.000438484,0.0104219,0.000858368,0.0194404,0.00266704,0.00762055,0.00502583,0.0197147,0.0162044,0.0198117,0.00657393,0.00181046,0.00312245,
0.56,0.00326372,0.00155972,0.017573,0.00144888,0.00341103,0.00899374,0.00224004,0.0089335,0.0128185,0.00894931,0.0271828,0.00776876,0.0119876,0.00142194,0.00372179,0.00339823,0.00408026,0.000638417,0.000694695,0.000807611,0.000735807,0.000723128,0.000819544,0.0101755,0.00653808,0.0373023,0.0215586,0.000703131,0.00776617,0.00187351,0.0168675,0.00221355,0.00741207,0.000717229,0.0240129,0.00399273,0.00194269,0.00433989,0.00191183,0.00181024,0.00216579,0.000481673,0.0195952,0.00103927,0.00224928,0.0112959,0.0027818,0.00963253,0.00899643,0.0110102,0.0144007,0.00778097,0.0271915,0.00567712,0.00277104,0.00285027,0.00632306,0.000612604,0.000620137,0.000413959,0.000991495,0.00125009,0.000643663,0.0259694,0.00657419,0.0127202,0.0161751,0.000424857,0.00919718,0.000873673,0.0194419,0.00260833,0.00753871,0.00497051,0.0197358,0.0161778,0.0197696,0.00386517,0.00180781,0.00310487,
0.565,0.0033024,0.00157012,0.0177544,0.00146922,0.00375551,0.00901281,0.00218655,0.00883851,0.0126654,0.00881967,0.0272815,0.0077296,0.0118314,0.00135702,0.00370467,0.00332873,0.00402262,0.00060704,0.000672653,0.000790465,0.000635466,0.00064323,0.000773908,0.0104257,0.00640479,0.0373779,0.0215346,0.000677796,0.00766594,0.00185157,0.0166717,0.0021579,0.00732961,0.000706833,0.0240114,0.00409091,0.0019464,0.0042564,0.0019321,0.00182367,0.00212858,0.000467861,0.0196968,0.00103736,0.00227753,0.011143,0.00274109,0.00960232,0.00896554,0.0110072,0.0144108,0.00784578,0.0271849,0.00569402,0.00261457,0.00268935,0.00628561,0.000614289,0.000619025,0.000405409,0.0010084,0.00126762,0.000652397,0.0261628,0.00648732,0.0126633,0.0161091,0.000413309,0.00995184,0.000873087,0.0194668,0.00257394,0.0075027,0.00495611,0.0197515,0.0161486,0.0197668,0.00344623,0.00178225,0.00305826,
0.57,0.00331267,0.00156613,0.0180492,0.00150893,0.00390312,0.00907356,0.00215825,0.00878814,0.0125255,0.00869901,0.0274063,0.00773417,0.0117817,0.00130819,0.00371727,0.00328842,0.00401486,0.00059428,0.000678071,0.00081851,0.000565275,0.000592704,0.000753061,0.0106568,0.00636109,0.0374827,0.0214974,0.000663567,0.00751379,0.00179367,0.0164664,0.00212819,0.0073045,0.000699969,0.023991,0.00406171,0.00195149,0.00409034,0.00191421,0.00179653,0.00203952,0.000437568,0.019852,0.00103927,0.00226888,0.0110779,0.00269302,0.00953217,0.00894548,0.0110061,0.0144437,0.00792284,0.0272113,0.005725,0.00250257,0.00257728,0.00625694,0.000639252,0.000641074,0.000428163,0.00108349,0.001333,0.000688726,0.0264378,0.00646844,0.0125952,0.016065,0.000412154,0.00931808,0.000890868,0.0194158,0.00252956,0.00743691,0.00495815,0.0197774,0.0161293,0.0197602,0.00339724,0.00180559,0.00306015,
0.575,0.00333556,0.00157036,0.0181259,0.00153364,0.00375403,0.00886284,0.00209524,0.00866746,0.0123779,0.00862231,0.0274036,0.00762898,0.0119181,0.00151287,0.00370608,0.00323016,0.00396838,0.00058016,0.00068,0.000837385,0.000495882,0.000539701,0.00072967,0.0100886,0.00615667,0.0373606,0.0214097,0.000649222,0.00731952,0.00176018,0.0161952,0.00206106,0.00720353,0.000677361,0.0239784,0.00394432,0.00191935,0.00399137,0.00195611,0.00183622,0.00200057,0.000413542,0.0198198,0.00103757,0.00217854,0.0110749,0.00267007,0.00951488,0.00890287,0.0110015,0.0143797,0.00785274,0.0271486,0.00567172,0.00241469,0.00249184,0.00622735,0.000660002,0.000660899,0.000454486,0.00113387,0.00134939,0.000722396,0.02612,0.00632024,0.0123183,0.0159396,0.000413424,0.00837229,0.00089178,0.0194174,0.00250934,0.00742049,0.00484107,0.0197903,0.0160703,0.0195896,0.00315511,0.00179376,0.0030202,
0.58,0.0033582,0.00156673,0.0184319,0.00157039,0.00396127,0.0089782,0.00205528,0.00860207,0.0122794,0.00853298,0.0276883,0.007871,0.0119298,0.00157674,0.00371114,0.00318441,0.00394733,0.000576918,0.00069745,0.000880716,0.000444515,0.000504366,0.000720963,0.0113535,0.00655389,0.0377727,0.0214447,0.000642397,0.0072448,0.00170017,0.0159735,0.0020189,0.00716537,0.000711678,0.0239491,0.00387295,0.00199678,0.00404017,0.00195837,0.00183176,0.00193285,0.000381392,0.0201574,0.00105345,0.00234289,0.0108664,0.00265084,0.00948654,0.00889858,0.0109989,0.0145812,0.00813757,0.0274083,0.00585857,0.0023611,0.00244623,0.00621009,0.000693497,0.000692952,0.000503092,0.00120961,0.00142562,0.000772269,0.0269936,0.00662178,0.0127727,0.0161729,0.000423009,0.00768499,0.000893864,0.01938,0.00249082,0.00739992,0.00511218,0.0197989,0.0160701,0.0199819,0.00361421,0.00179743,0.00299447,
0.585,0.0033603,0.00156226,0.0184002,0.00160397,0.00383291,0.00870391,0.00201719,0.00852722,0.012187,0.00855655,0.0277046,0.00776249,0.0121748,0.00193353,0.00371363,0.00314028,0.00392473,0.000581102,0.000723901,0.000935611,0.00040607,0.000481972,0.000722488,0.0103568,0.00625052,0.0376602,0.0213207,0.000641008,0.00711303,0.00163728,0.0157404,0.00197789,0.00712226,0.000700171,0.0239139,0.00378799,0.00197727,0.00367523,0.00196644,0.00183807,0.00187852,0.000336475,0.0201315,0.00105785,0.00217335,0.0105817,0.0026401,0.00947154,0.00886462,0.0109943,0.0145646,0.00806378,0.0273553,0.00580161,0.00233771,0.00242713,0.00619798,0.000732786,0.000731676,0.000567114,0.00128664,0.00145707,0.00082961,0.0265836,0.00639779,0.0125748,0.0160745,0.000439061,0.00757896,0.000890608,0.0193426,0.00247981,0.00739083,0.00502042,0.0197957,0.016032,0.0198774,0.00313645,0.00179693,0.00296235,
0.59,0.00335556,0.00155452,0.0183035,0.001634,0.00386315,0.0084494,0.00198346,0.00846017,0.0120804,0.00855646,0.0276173,0.00764681,0.0122118,0.00208213,0.00371417,0.0031002,0.00390538,0.000592293,0.000758709,0.00100141,0.000382779,0.000474095,0.000735137,0.00991819,0.00604243,0.0373861,0.0212892,0.000645751,0.00697673,0.00157419,0.0155221,0.00194073,0.00708524,0.0006925,0.023873,0.00367556,0.00196624,0.00366605,0.00197819,0.00184965,0.00182643,0.000292022,0.0199735,0.00106267,0.00209357,0.0103994,0.0026375,0.00945835,0.00879806,0.0109858,0.0144695,0.00794122,0.0272651,0.00572485,0.00233718,0.00243071,0.00619402,0.000776498,0.000777348,0.00064514,0.00136368,0.00149303,0.000892648,0.0258574,0.00625604,0.0122835,0.0159684,0.000461695,0.00685494,0.00088201,0.0192954,0.00247588,0.00739242,0.00489701,0.0197795,0.0159434,0.0197121,0.00295414,0.00179515,0.00292725,
0.595,0.00336504,0.00154691,0.0184509,0.00166551,0.00426283,0.0090147,0.00195596,0.00840106,0.0120326,0.00857788,0.0277938,0.00785738,0.0121659,0.00211039,0.00371781,0.0030651,0.0038856,0.000611119,0.000801599,0.00107743,0.000376877,0.00048276,0.000759734,0.010816,0.00662283,0.0376152,0.0214433,0.000657436,0.00699786,0.00151315,0.0153251,0.00190882,0.00705659,0.000751142,0.0238273,0.00373151,0.00206063,0.003923,0.00199117,0.00186404,0.00179294,0.000246059,0.0201123,0.00108132,0.0022387,0.0103383,0.00264157,0.00945175,0.00875973,0.0109766,0.0145967,0.00812514,0.0274137,0.00583478,0.00235403,0.00245283,0.00619861,0.00082474,0.000829227,0.000734879,0.00143844,0.00156067,0.000959989,0.0262846,0.00669523,0.0126121,0.0161707,0.000490797,0.00805617,0.000868723,0.0192381,0.00247768,0.00740151,0.00509208,0.0197485,0.0158887,0.0199832,0.00354447,0.00179294,0.00289095,
0.6,0.00336214,0.00153361,0.0183011,0.00169376,0.00459209,0.00970195,0.00193638,0.00835003,0.0118793,0.00830653,0.0277558,0.00787055,0.0119092,0.00186585,0.00372078,0.00303452,0.00386837,0.000637162,0.000852112,0.00116157,0.000390117,0.000509768,0.000796409,0.0100409,0.00683531,0.0374247,0.0214453,0.000675945,0.0070525,0.00145621,0.0151518,0.00188481,0.00704093,0.000810592,0.0237774,0.00356661,0.00209553,0.00371639,0.00200576,0.00188193,0.00176689,0.000197776,0.0200153,0.00109514,0.00213567,0.0100103,0.00265275,0.0094446,0.00868606,0.0109644,0.0145371,0.00801593,0.0272184,0.00571898,0.0023843,0.00248524,0.00621197,0.000876773,0.000884718,0.000834851,0.00151191,0.00159652,0.00103005,0.0258158,0.00685932,0.012441,0.016084,0.00052625,0.00801112,0.000851659,0.0191711,0.00248553,0.00742012,0.00504053,0.0197029,0.0157966,0.0198953,0.00356738,0.00179098,0.00285471,
0.605,0.00334346,0.00151681,0.0181493,0.00171898,0.00453055,0.0101476,0.00192535,0.00831098,0.01171,0.00811497,0.0276691,0.00782199,0.0120229,0.00196733,0.00372388,0.00300893,0.00385382,0.00067084,0.000909422,0.0012495,0.000423298,0.000555568,0.000844968,0.00982676,0.00677419,0.037179,0.0214242,0.000701511,0.00709084,0.00140494,0.0150028,0.00187053,0.00703859,0.000825429,0.0237249,0.00347558,0.00209776,0.00363178,0.00201945,0.00190092,0.00174531,0.000146707,0.0198706,0.0011123,0.00211837,0.00989576,0.0026699,0.00944321,0.00858854,0.0109483,0.0144419,0.00791646,0.0271395,0.00565568,0.00242335,0.00252611,0.00623132,0.000931334,0.000945491,0.000942902,0.00158277,0.0016404,0.00110157,0.0252894,0.0068002,0.0122106,0.0160196,0.000567361,0.00767497,0.000831533,0.0190944,0.00249858,0.00744594,0.0049602,0.0196433,0.0156652,0.0197535,0.00336325,0.00178934,0.00281914,
0.61,0.00331162,0.00149651,0.018098,0.00174316,0.00424422,0.00999813,0.00192392,0.00828059,0.0115954,0.00808129,0.0276954,0.00779251,0.0120798,0.00204795,0.00372806,0.0029875,0.00384238,0.000711003,0.000972793,0.00133935,0.000477856,0.000620836,0.000904906,0.0102039,0.00649406,0.0371525,0.0212741,0.000734134,0.00706352,0.00136004,0.0148759,0.001865,0.00704658,0.000803325,0.0236707,0.003481,0.0020741,0.00332704,0.00203384,0.00191984,0.00172596,9.11117e-05,0.0198785,0.00113995,0.00221179,0.00973631,0.00269242,0.00944418,0.00849675,0.0109292,0.0144377,0.00793778,0.0272218,0.00569957,0.00246696,0.00257543,0.00626132,0.000988002,0.00101201,0.00105795,0.00164973,0.00169944,0.00117271,0.0253642,0.00658206,0.0121677,0.0159873,0.000613785,0.0070127,0.000810105,0.0190067,0.00251744,0.0074781,0.00495029,0.0195717,0.0155317,0.0197098,0.0029878,0.00178845,0.0027852,
0.615,0.0032624,0.0014739,0.0181951,0.00176772,0.00388261,0.00942319,0.00193184,0.00826205,0.0115778,0.00820598,0.0278085,0.00778355,0.0121396,0.00215504,0.00373325,0.00297452,0.00383842,0.000758068,0.00104131,0.00142927,0.000552194,0.00070411,0.000975076,0.0106284,0.00620328,0.0372432,0.0211294,0.000773583,0.00696827,0.0013221,0.0147672,0.0018679,0.0070642,0.000759924,0.023616,0.00359497,0.00203931,0.00328581,0.0020485,0.00193862,0.00170165,3.04092e-05,0.020076,0.0011798,0.0023427,0.00961226,0.0027216,0.00944876,0.00844055,0.0109087,0.0145069,0.00802357,0.027362,0.00579175,0.00251751,0.00262926,0.00629995,0.00104741,0.0010839,0.00117839,0.00171506,0.00176685,0.00124245,0.0258823,0.00636699,0.0122378,0.0159958,0.000664943,0.00689438,0.000788286,0.0189108,0.00253997,0.00751955,0.00498204,0.0194907,0.0154376,0.0197222,0.00283982,0.00178858,0.0027534,
0.62,0.00322056,0.00144864,0.0182898,0.00179161,0.00394647,0.0092167,0.00195036,0.00825209,0.0116229,0.00837883,0.0278933,0.00785846,0.0122138,0.00227581,0.00373959,0.00296688,0.00383503,0.000811513,0.00111441,0.00151925,0.000646952,0.000803813,0.00105395,0.0105482,0.00632707,0.0372537,0.0212518,0.000818815,0.00689325,0.00129066,0.0146732,0.00188113,0.0070945,0.000774155,0.0235612,0.00369928,0.00208248,0.00399188,0.00206303,0.00195753,0.00168751,-3.7025e-05,0.020266,0.00122142,0.00239787,0.00956204,0.00275486,0.00945488,0.00841354,0.0108873,0.0145732,0.00806328,0.0274314,0.00583509,0.00257228,0.00268286,0.00634638,0.00110882,0.00115949,0.00129829,0.00177943,0.00182475,0.00131087,0.0261616,0.00646317,0.0123142,0.0160464,0.000720143,0.00777236,0.000767574,0.018808,0.00256745,0.00756788,0.00503961,0.0194043,0.0153833,0.0197624,0.0036817,0.00178984,0.00272444,
0.625,0.00318187,0.0014212,0.0181227,0.00181476,0.00414589,0.00941706,0.0019791,0.00825338,0.0116234,0.00836911,0.0278633,0.00791222,0.0121066,0.00221225,0.00374747,0.00296514,0.00384068,0.000871443,0.00118972,0.00160884,0.000760693,0.000918032,0.00113976,0.00998747,0.00664413,0.0370673,0.0212629,0.000869138,0.00688797,0.00126571,0.0145913,0.00190506,0.007139,0.000814932,0.0235078,0.00367433,0.00212003,0.00396994,0.00207787,0.00197371,0.00167882,-0.000113048,0.0202674,0.00125921,0.00236538,0.00924983,0.00279375,0.00946245,0.00837222,0.0108639,0.0145504,0.00796926,0.0273166,0.00576319,0.00262706,0.00274283,0.00639934,0.0011717,0.00123546,0.00141503,0.00184476,0.00186751,0.00137859,0.0258133,0.00669927,0.0122544,0.0160161,0.000778577,0.0085475,0.000749142,0.0186993,0.00259826,0.0076197,0.00503297,0.0193165,0.0153237,0.0197039,0.00393083,0.00179231,0.00269804,
0.63,0.00313082,0.00139207,0.0177926,0.00183635,0.00433431,0.00966192,0.00201773,0.00826602,0.0115424,0.00819494,0.0277189,0.00790039,0.0120655,0.00216573,0.00375738,0.00296954,0.0038493,0.000937335,0.0012665,0.00169796,0.000891981,0.00104497,0.00122938,0.00946602,0.00666904,0.0367189,0.0212258,0.000923047,0.00690593,0.00124677,0.0145147,0.0019388,0.00719408,0.00084289,0.0234553,0.00351607,0.00214718,0.00371962,0.00209227,0.00198988,0.00166766,-0.000199401,0.0200944,0.00129438,0.00232444,0.00879576,0.00283498,0.00946828,0.00829054,0.0108367,0.0144402,0.00780305,0.0271479,0.00564958,0.00268435,0.00279979,0.00645864,0.00123574,0.0013117,0.0015288,0.00191367,0.00191014,0.00144669,0.0250248,0.00669413,0.0120612,0.0159331,0.000839551,0.00803236,0.000734357,0.0185839,0.0026312,0.00767359,0.00497204,0.0192316,0.0152199,0.0195818,0.00380526,0.00179591,0.00267493,
0.635,0.00307423,0.00136161,0.0175206,0.00185788,0.00430724,0.00971301,0.00206578,0.00828637,0.0114423,0.00807643,0.0276125,0.00787602,0.0121253,0.00223461,0.00377269,0.00298379,0.0038695,0.00100971,0.00134365,0.00178675,0.00104066,0.00118293,0.00132021,0.00953378,0.00654653,0.0364886,0.0211368,0.000979617,0.0069082,0.0012331,0.0144441,0.00198148,0.00725918,0.000843092,0.0234046,0.00343561,0.00215493,0.00338937,0.00210719,0.00200243,0.00165426,-0.000297245,0.019947,0.001335,0.00237019,0.00839746,0.00287681,0.00946981,0.00818485,0.0108057,0.0143596,0.00773253,0.0271355,0.00562509,0.00274481,0.00286208,0.00652303,0.00130168,0.0013898,0.00164109,0.00198746,0.00196952,0.00151644,0.0245484,0.00658076,0.0119486,0.0158976,0.000902489,0.00739405,0.000724262,0.0184639,0.00266602,0.00772913,0.00494182,0.0191537,0.0150823,0.0195131,0.0034564,0.0018011,0.00265479,
0.64,0.00301923,0.00133031,0.0173726,0.00188177,0.00398454,0.00963438,0.00212141,0.00830968,0.0113721,0.00809046,0.0275757,0.00785801,0.012177,0.00232263,0.00378873,0.00300626,0.00390001,0.00108857,0.00142163,0.00187521,0.00120688,0.00132326,0.00141167,0.00971778,0.00652071,0.0363752,0.021066,0.00103781,0.00691016,0.00122415,0.0143713,0.00203275,0.00733449,0.000821594,0.0233555,0.00343999,0.00212958,0.00330638,0.00212197,0.00201497,0.0016369,-0.000377678,0.0199026,0.00138059,0.00245938,0.00829609,0.0029196,0.00946613,0.00808094,0.0107711,0.0143307,0.00771633,0.0271893,0.00564887,0.00280857,0.0029283,0.00659534,0.00137077,0.00147049,0.00175318,0.00206872,0.00204326,0.00158859,0.0244868,0.00654716,0.0119246,0.0159252,0.000967043,0.00731577,0.000719638,0.0183416,0.00269981,0.00778033,0.00493304,0.0190862,0.0149327,0.0194668,0.00331942,0.00180762,0.00263762,
0.645,0.00296923,0.00129816,0.0173651,0.00190906,0.00373754,0.00967935,0.00218121,0.00833191,0.0113656,0.00823946,0.0275806,0.00787889,0.0122462,0.00243907,0.00381071,0.00303615,0.00394507,0.00117266,0.0015007,0.00196433,0.00137917,0.00146133,0.00150231,0.00984528,0.00658997,0.036318,0.0211037,0.00109634,0.00693612,0.00121889,0.0142972,0.002087,0.00741011,0.000809482,0.0233081,0.00352799,0.0021212,0.00366571,0.00213798,0.00202436,0.00161631,-0.000453121,0.0199446,0.00143263,0.00255146,0.00857659,0.00295953,0.00945224,0.00800056,0.0107343,0.0143428,0.00773379,0.0272675,0.00569159,0.00287557,0.00300123,0.00666975,0.00144345,0.00155507,0.00186588,0.00215844,0.00212571,0.00166447,0.0246208,0.00658532,0.0119722,0.0160039,0.00103275,0.00794134,0.00072107,0.0182161,0.00273147,0.00782513,0.00495928,0.019032,0.0147949,0.0194682,0.00361854,0.00181578,0.00262341,
0.65,0.0029187,0.0012648,0.0173905,0.00193931,0.00345226,0.00971325,0.00224146,0.00835198,0.0113859,0.00837144,0.0276045,0.0079357,0.0122675,0.00251909,0.0038368,0.00307495,0.00399819,0.00126094,0.00158116,0.00205352,0.00155002,0.00159615,0.00159282,0.00990197,0.00667033,0.0362804,0.021146,0.00115419,0.00698352,0.0012167,0.0142141,0.00214335,0.00748675,0.000805343,0.0232622,0.00355204,0.00211239,0.00424432,0.00215573,0.00203402,0.0015987,-0.000527867,0.0200367,0.0014868,0.00263277,0.00896471,0.00299469,0.00942946,0.00794508,0.0106958,0.0143737,0.00774949,0.0273282,0.00573025,0.00294938,0.00307857,0.00675105,0.00151992,0.0016427,0.00197945,0.0022592,0.00221348,0.00174428,0.0247878,0.00662582,0.012041,0.0160827,0.00109915,0.00801188,0.000728495,0.0180883,0.00275886,0.00786047,0.00500858,0.0189927,0.0146797,0.019481,0.00424761,0.00182526,0.00261175,
0.655,0.00285896,0.00123059,0.0173562,0.0019737,0.00322028,0.00953055,0.0022994,0.00836273,0.0114072,0.00847284,0.0275845,0.0079357,0.0123055,0.00260987,0.0038674,0.00312534,0.00406684,0.00135298,0.00166363,0.0021441,0.00171959,0.00172905,0.00168358,0.00971358,0.00654595,0.0361654,0.0211094,0.00121041,0.00700586,0.00121677,0.0141253,0.00219787,0.0075552,0.000793332,0.0232177,0.00353231,0.00209182,0.00441438,0.00217446,0.00204246,0.00156719,-0.000602846,0.0200839,0.00154296,0.0026718,0.00924428,0.00302526,0.0093932,0.00789745,0.0106556,0.0143732,0.00771356,0.0273426,0.00573518,0.00302735,0.00315984,0.00683436,0.00160103,0.00173312,0.00209463,0.00237037,0.00230509,0.00182833,0.0247193,0.00650627,0.0120195,0.0160964,0.00116602,0.00771532,0.000741392,0.0179586,0.00278224,0.00788781,0.0050095,0.0189688,0.0145721,0.0194345,0.00441009,0.0018364,0.00260259,
0.66,0.00280291,0.00119566,0.0171547,0.00201046,0.0030731,0.00924896,0.00235155,0.00835941,0.01141,0.00854196,0.0274734,0.00791043,0.0123981,0.00275256,0.00390205,0.0031851,0.00414764,0.00144794,0.00174858,0.00223741,0.00188853,0.0018624,0.00177498,0.00930054,0.00646637,0.0359133,0.0210282,0.00126513,0.00700737,0.00121834,0.0140261,0.00224545,0.00761644,0.000792323,0.0231745,0.00346443,0.00207898,0.00429015,0.00219479,0.00205027,0.00154338,-0.000678985,0.0200041,0.00159599,0.00266622,0.00928131,0.00305151,0.00934674,0.00783348,0.0106124,0.0143177,0.00759906,0.0273115,0.00569738,0.00310922,0.00324504,0.00692533,0.00168656,0.00182558,0.00221164,0.00249259,0.00239772,0.00191643,0.0242547,0.00643035,0.0119038,0.0160681,0.00123242,0.00752586,0.000758912,0.0178241,0.00280196,0.00790807,0.00496438,0.0189594,0.0144449,0.019323,0.00436526,0.00184911,0.00259559,
0.665,0.0027458,0.00115867,0.0168112,0.00204936,0.00304772,0.00913783,0.00239578,0.00834541,0.0113893,0.00855571,0.0273174,0.00793426,0.0124339,0.00284791,0.00394405,0.00325414,0.00424059,0.00154678,0.00183648,0.00233511,0.00206018,0.00199732,0.00186829,0.0090442,0.00660908,0.035625,0.0209689,0.00131869,0.00703076,0.00122053,0.0139174,0.0022863,0.00766728,0.000815134,0.0231327,0.00340357,0.00208673,0.00410224,0.0022172,0.00205795,0.00151634,-0.000756749,0.0198518,0.00165073,0.00267391,0.0090707,0.00307507,0.00929396,0.00774558,0.0105657,0.0142431,0.00747104,0.0272643,0.00565153,0.00319829,0.00333789,0.00702298,0.00177682,0.00192007,0.00233268,0.00262456,0.00249815,0.00200789,0.0236667,0.0065245,0.0118182,0.0160573,0.00129848,0.0079911,0.000779363,0.0176862,0.0028192,0.00792485,0.0049406,0.0189633,0.0142908,0.0192303,0.00440992,0.00186385,0.00259134,
0.67,0.00269448,0.00111963,0.0166745,0.00208996,0.00316361,0.00974527,0.00242978,0.00831322,0.0114028,0.00867693,0.0272175,0.00799278,0.0124421,0.00290961,0.00399144,0.00333545,0.00434484,0.00164949,0.00192777,0.00243845,0.00223406,0.00213551,0.00196445,0.00909249,0.00690973,0.0354536,0.0211568,0.00137156,0.00713944,0.00122258,0.013797,0.00231776,0.00770347,0.000852984,0.0230917,0.00351194,0.00211759,0.00466172,0.0022405,0.00206535,0.00149575,-0.000836254,0.019744,0.00170993,0.00273312,0.00946506,0.00309819,0.009235,0.00766472,0.0105163,0.0142074,0.00743805,0.0272613,0.0056423,0.00329238,0.00343606,0.00712822,0.00187046,0.0020179,0.00245857,0.00276499,0.00261396,0.00210213,0.0233493,0.00673345,0.011846,0.0161711,0.00136384,0.00941258,0.000801052,0.0175424,0.00283584,0.00794231,0.00496867,0.018977,0.0141312,0.019233,0.00486252,0.0018803,0.00258946,
0.675,0.00263474,0.00107817,0.016808,0.00213456,0.00340172,0.010696,0.00245319,0.00826248,0.0114546,0.00885784,0.0271984,0.00807423,0.0124461,0.00295448,0.00404328,0.0034236,0.00446364,0.00175648,0.00202283,0.00254844,0.00241783,0.00228034,0.0020652,0.00927878,0.00711376,0.0354069,0.0213067,0.00142477,0.00731409,0.00122429,0.0136653,0.00233792,0.00772356,0.000899716,0.0230522,0.00363804,0.00216977,0.00509264,0.00226549,0.0020733,0.0014831,-0.000916572,0.0197479,0.00177615,0.00283788,0.0103221,0.00312383,0.00917791,0.00761506,0.0104658,0.0142251,0.00747692,0.0273048,0.00567164,0.0033917,0.00353933,0.00724223,0.00196716,0.0021186,0.00258891,0.00291029,0.00273928,0.00219845,0.0233895,0.00685717,0.0119464,0.0163069,0.00142851,0.010239,0.000822155,0.0173912,0.00285453,0.0079652,0.00504237,0.0189979,0.0139928,0.0193093,0.00523313,0.0018994,0.00259081,
0.68,0.00255605,0.00103321,0.017028,0.00218167,0.00341589,0.0113305,0.0024652,0.00819629,0.0114941,0.00898308,0.027194,0.00811169,0.0124528,0.00299725,0.00410355,0.00352379,0.00458936,0.00186871,0.00212229,0.00266554,0.00261612,0.00243653,0.00217166,0.00931943,0.00705819,0.0353684,0.0213628,0.00147949,0.00747816,0.00122524,0.0135263,0.00234721,0.00773054,0.000926665,0.0230141,0.00363011,0.00219067,0.0053223,0.00229131,0.00208296,0.00146846,-0.000997005,0.0198204,0.00184797,0.0029438,0.0111772,0.00315631,0.00912388,0.00758797,0.0104144,0.0142455,0.00750412,0.0273423,0.00569895,0.00349907,0.00365441,0.00737051,0.00206648,0.00222115,0.00272382,0.00305916,0.00286573,0.00229731,0.0235015,0.00676784,0.0119882,0.0163886,0.00149237,0.00988919,0.000841368,0.0172295,0.00287919,0.00800151,0.00509157,0.019022,0.0138736,0.0193511,0.00539503,0.00192091,0.00259559,
0.685,0.00247078,0.000984859,0.0171766,0.00223071,0.00330783,0.0118452,0.00246662,0.00811473,0.011502,0.0090465,0.0271556,0.00812701,0.0124575,0.00303502,0.00416914,0.00363093,0.00472356,0.00198606,0.00222809,0.00279122,0.00283068,0.00260634,0.00228683,0.00914155,0.00710169,0.0352652,0.021374,0.00153652,0.00764284,0.00122558,0.013379,0.00234738,0.00772838,0.000953816,0.0229776,0.00356906,0.00219375,0.00526661,0.00231959,0.00209235,0.0014692,-0.00107663,0.0198755,0.00192483,0.00303069,0.0119493,0.00320135,0.00908304,0.00756565,0.0103623,0.0142375,0.00748573,0.0273362,0.00569551,0.00361609,0.00377666,0.00750846,0.0021676,0.00232713,0.00286216,0.00320739,0.00298878,0.00239782,0.0234233,0.00676985,0.0119691,0.016447,0.00155531,0.00970686,0.000856804,0.0170577,0.00291426,0.00806022,0.00510422,0.0190457,0.0137555,0.01934,0.00538211,0.00194558,0.00260475,
0.69,0.00237999,0.000932159,0.0171717,0.00227945,0.00320907,0.0124189,0.00245959,0.00802156,0.0114718,0.00905641,0.0270495,0.00815523,0.0124683,0.00307323,0.00424329,0.00374677,0.0048661,0.00210874,0.00234143,0.00292606,0.00306231,0.00279134,0.00241211,0.00879264,0.00730063,0.0350569,0.0214056,0.00159714,0.00783786,0.00122538,0.0132261,0.00233941,0.00771773,0.000996308,0.0229432,0.00349208,0.00220329,0.00526117,0.00234877,0.00210421,0.00146896,-0.00115137,0.01985,0.00200509,0.0031022,0.0126311,0.00326189,0.00906026,0.00753072,0.0103086,0.0141873,0.00740683,0.0272796,0.00565263,0.003746,0.00390864,0.00766416,0.00227156,0.00243534,0.00300435,0.00335594,0.00310584,0.00249877,0.0230328,0.00689227,0.0119127,0.016506,0.00161709,0.0100665,0.000867356,0.0168707,0.00296401,0.00814731,0.00509677,0.0190649,0.0136165,0.0192915,0.00551926,0.00197366,0.0026191,
0.695,0.00227867,0.000874261,0.0168465,0.00232745,0.00312829,0.0130278,0.00244749,0.00792412,0.0114022,0.00899159,0.02686,0.00826993,0.0125383,0.00316604,0.00432325,0.00386873,0.00501188,0.00223718,0.00246358,0.00307068,0.00331021,0.00299266,0.00255029,0.00834811,0.00765692,0.0347334,0.0214426,0.00166285,0.00808164,0.00122517,0.013071,0.00232486,0.00770208,0.00107413,0.0229114,0.00336231,0.00225166,0.00545495,0.00238047,0.00211744,0.00148682,-0.00121614,0.0197169,0.00209031,0.00317524,0.012941,0.00334408,0.00905797,0.00746376,0.0102525,0.0141133,0.00725673,0.0272048,0.00558322,0.00388383,0.00405451,0.00783379,0.00237837,0.00254512,0.00314902,0.00350123,0.00321656,0.00259927,0.0223277,0.0071341,0.0118853,0.016573,0.0016776,0.0106586,0.00087198,0.0166673,0.00303186,0.00826822,0.00512443,0.0190763,0.0134439,0.0192463,0.00611833,0.00200586,0.00263971,
0.7,0.00216682,0.000809474,0.016365,0.00237316,0.00306083,0.0137998,0.00243459,0.00782769,0.0113324,0.00896409,0.0266183,0.00833301,0.0125422,0.00320493,0.00440873,0.00399928,0.00516288,0.00237398,0.00259473,0.00322566,0.00357853,0.00320985,0.00270169,0.00801676,0.00802909,0.034361,0.0214511,0.00173446,0.00838383,0.00122579,0.0129151,0.00230996,0.00769187,0.00113883,0.0228828,0.00340802,0.0022787,0.00503593,0.00241294,0.00213341,0.00153246,-0.00126988,0.0195241,0.00218213,0.00328635,0.0131937,0.00344992,0.00907651,0.00736793,0.0101934,0.0140127,0.00709363,0.027111,0.00550349,0.00403191,0.00420872,0.00802505,0.00248665,0.00265731,0.00329713,0.00364133,0.00332582,0.00269794,0.0215412,0.00738323,0.0118567,0.0166456,0.0017365,0.0121656,0.000870026,0.0164456,0.00312061,0.00842415,0.0051132,0.0190758,0.0132335,0.0191641,0.00602351,0.00204287,0.00266766,
0.705,0.00202892,0.00073671,0.016073,0.00241627,0.00314838,0.0146994,0.00242488,0.00773264,0.0112735,0.00897597,0.0263824,0.00839511,0.0124664,0.00316095,0.00450229,0.00413248,0.00531107,0.00251968,0.00273543,0.00339387,0.00386951,0.00344459,0.00286771,0.00783772,0.00817471,0.0340273,0.021621,0.00181301,0.00870278,0.00122777,0.0127626,0.00229637,0.00768648,0.00119737,0.0228584,0.00347223,0.00231795,0.00594632,0.00244761,0.00215233,0.00156918,-0.00131201,0.0193432,0.00228437,0.00345705,0.0138225,0.00357941,0.00911256,0.00726483,0.0101313,0.0139034,0.00697652,0.0270031,0.00542987,0.00419003,0.00437658,0.00823804,0.00259651,0.00277209,0.00344954,0.00377298,0.00343394,0.00279351,0.0209116,0.00742985,0.0118268,0.0167343,0.00179378,0.012897,0.000861103,0.0161993,0.0032289,0.00861335,0.00512402,0.0190605,0.0129977,0.0191264,0.00668725,0.00208493,0.00270356,
0.71,0.00189339,0.000655243,0.015757,0.00245673,0.00321986,0.0156673,0.00242213,0.00764639,0.0112907,0.00911562,0.0261883,0.00850577,0.0125024,0.00319984,0.004602,0.0042702,0.00545826,0.00267374,0.00288532,0.00357583,0.00418201,0.00369947,0.00304847,0.00772855,0.00849886,0.033763,0.0216857,0.00189954,0.00905931,0.00123201,0.0126132,0.00229024,0.00769599,0.00126822,0.0228391,0.00371256,0.00238159,0.00574497,0.00248306,0.00217282,0.00165501,-0.00134404,0.0192196,0.00239909,0.00368408,0.0144224,0.00373002,0.00916242,0.00717183,0.0100669,0.013844,0.00688964,0.0269736,0.00539536,0.00435661,0.0045507,0.00847803,0.00270647,0.00288789,0.003606,0.00389325,0.00353675,0.00288497,0.0205024,0.00764089,0.0119316,0.0168531,0.00184898,0.0147032,0.000845016,0.0159301,0.00335562,0.00883239,0.00517823,0.0190279,0.0127674,0.0191402,0.00678365,0.00213307,0.00274882,
0.715,0.00174338,0.000563622,0.0155125,0.00249526,0.00364872,0.016825,0.00243031,0.00757024,0.0113584,0.00924367,0.026013,0.00866321,0.0123038,0.00300967,0.00470689,0.00440966,0.00560475,0.00283543,0.00304439,0.00377255,0.0045151,0.00397518,0.00324436,0.00755638,0.00882159,0.0335224,0.0218519,0.00199487,0.00945267,0.00123932,0.0124724,0.00229515,0.00772236,0.00135714,0.0228255,0.00401265,0.00248044,0.00622453,0.00252063,0.00219777,0.00174531,-0.00136505,0.0191443,0.00252565,0.003953,0.0150827,0.00389788,0.00921701,0.00710269,0.0100011,0.0137875,0.00681258,0.0268344,0.00531962,0.00453382,0.00473547,0.00874015,0.0028157,0.00300489,0.00376656,0.00400214,0.00362983,0.00297167,0.0201755,0.00784053,0.0120759,0.0169654,0.00190198,0.0165729,0.000822024,0.0156316,0.003496,0.00906577,0.00527203,0.0189755,0.0125696,0.0192037,0.0074628,0.00218798,0.00280446,
0.72,0.00159784,0.000458223,0.0154531,0.00253025,0.00368721,0.0179476,0.00245345,0.00751416,0.0114622,0.00939305,0.0258418,0.0087737,0.0120303,0.00267905,0.00481711,0.00455074,0.00574248,0.00300403,0.003212,0.00398482,0.00486925,0.00426933,0.00345627,0.00735731,0.00907487,0.0332762,0.0220477,0.00209933,0.00986912,0.00124992,0.0123356,0.00231311,0.00776603,0.001417,0.0228185,0.00431558,0.00253262,0.00700185,0.00256111,0.00222752,0.00186215,-0.00137631,0.0191113,0.00266447,0.00426249,0.0161549,0.00407777,0.00926479,0.00706719,0.00993481,0.0137096,0.00673585,0.0266524,0.00522948,0.00471937,0.0049251,0.00903151,0.0029244,0.00312255,0.00393075,0.00409706,0.00371409,0.00305262,0.0198689,0.00796926,0.0121838,0.0170915,0.00195291,0.0182032,0.000792389,0.0153032,0.00364534,0.00931228,0.00533358,0.0189025,0.0124069,0.0192234,0.00818452,0.0022501,0.00287108,
0.725,0.00145889,0.000334571,0.0153775,0.00256205,0.0036815,0.0187224,0.00249341,0.00746984,0.0115488,0.00944992,0.0256683,0.00886276,0.0117551,0.00226131,0.00493542,0.00469298,0.00587809,0.00317765,0.00338935,0.00421211,0.00524556,0.00458161,0.00368484,0.00715289,0.00917124,0.0330177,0.0221498,0.00221374,0.0102563,0.00126434,0.0122065,0.00234694,0.0078305,0.00146433,0.0228192,0.00451194,0.0025724,0.007231,0.00260243,0.00226172,0.00201595,-0.00137712,0.0191194,0.00281457,0.00461523,0.0171621,0.00426451,0.00929854,0.00704843,0.00986839,0.0136088,0.00664292,0.0264589,0.00513426,0.00490967,0.00512157,0.00935126,0.00303205,0.00324011,0.00409832,0.00417832,0.00378658,0.00312756,0.0195764,0.00795962,0.0122456,0.0171585,0.00200141,0.019184,0.000756502,0.0149389,0.00379929,0.00955756,0.00538074,0.0188081,0.012269,0.019219,0.00853864,0.00231993,0.00294941,
0.73,0.00129414,0.000170912,0.0153053,0.00259119,0.00303567,0.0186626,0.00255286,0.00744891,0.0116623,0.0095212,0.0254643,0.00887603,0.0115835,0.00191543,0.00505993,0.00483638,0.00600989,0.00335608,0.00357661,0.00445562,0.00563911,0.00491245,0.00393005,0.00692098,0.00865642,0.0327059,0.0222036,0.00233856,0.0104795,0.00128239,0.0120783,0.00239997,0.00791994,0.00145697,0.0228279,0.00471269,0.00253496,0.00865657,0.00264781,0.0023012,0.00217621,-0.00136818,0.0191625,0.00297573,0.00501142,0.0179865,0.00445306,0.00930861,0.00704487,0.00980093,0.0134786,0.0064998,0.0263084,0.00505116,0.00510334,0.00532544,0.00969997,0.0031378,0.00335887,0.00426898,0.00424496,0.00384913,0.00319749,0.0192715,0.00743656,0.0122269,0.0171171,0.00204772,0.0194821,0.000714883,0.0145348,0.00395213,0.00979168,0.00538523,0.0186931,0.0121623,0.0191208,0.00963422,0.00239786,0.00304021,
0.735,0.00119993,-4.67772e-05,0.0150944,0.00261782,0.00235113,0.0177046,0.00263198,0.00744234,0.0117471,0.00954832,0.025186,0.00866886,0.0115644,0.00174986,0.0051866,0.00498117,0.00614267,0.00353849,0.0037738,0.004717,0.00604973,0.00526074,0.00419039,0.00662266,0.00760961,0.032282,0.0219311,0.00247461,0.0104607,0.00130385,0.0119535,0.00247183,0.00802751,0.00138974,0.022845,0.00480417,0.00241319,0.00804378,0.00269578,0.00234877,0.00234415,-0.0013488,0.0192192,0.00314632,0.00544374,0.018273,0.00463659,0.00928695,0.00702368,0.0097301,0.0132655,0.00630295,0.0262131,0.00498332,0.00529998,0.00553012,0.0100768,0.0032425,0.00347773,0.00444428,0.00429762,0.00389912,0.00326186,0.0188866,0.00652424,0.0119867,0.0168688,0.00209206,0.0188812,0.000667988,0.0140961,0.00409951,0.010009,0.00521661,0.0185579,0.0120478,0.0188419,0.00887392,0.00248446,0.0031434,
0.74,0.000968865,-0.000407578,0.0146819,0.00264208,0.0018066,0.0160841,0.00273112,0.00745238,0.0117812,0.00951082,0.0248234,0.00838893,0.0115979,0.00169579,0.00532075,0.00512723,0.00626995,0.00372455,0.00397953,0.00499686,0.00647311,0.00562196,0.00446459,0.00625943,0.00652536,0.0317463,0.0213651,0.00262164,0.0102075,0.00132812,0.0118266,0.00256035,0.00815942,0.00131929,0.0228709,0.00480617,0.00228867,0.00622997,0.00274762,0.00240326,0.00252177,-0.0013199,0.0192644,0.00332499,0.00590913,0.0179765,0.00480852,0.00922659,0.00696012,0.00965363,0.0129839,0.00606303,0.0261422,0.00491822,0.00549926,0.00573341,0.0104858,0.00334678,0.00359631,0.0046241,0.00433695,0.00393735,0.00332173,0.0183686,0.00565028,0.0116203,0.016487,0.00213491,0.017866,0.000616339,0.013625,0.00423451,0.0101961,0.00495928,0.0184041,0.0118964,0.0184627,0.0070372,0.00257953,0.00325932,
0.745,0.00161337,-0.0010963,0.0142159,0.00266508,0.00174886,0.0143034,0.00284877,0.00748118,0.011771,0.00944422,0.0244099,0.00821993,0.0116311,0.00167889,0.00546117,0.00527422,0.00639638,0.00391125,0.00419297,0.00529446,0.00690749,0.00599647,0.00475195,0.0058922,0.00582181,0.0311539,0.0209304,0.00277967,0.00979184,0.0013547,0.0116941,0.00266771,0.00831289,0.00128498,0.0229052,0.00478812,0.00224497,0.00518056,0.00280263,0.00246515,0.00270534,-0.00128137,0.0192952,0.00351231,0.00641296,0.0173331,0.00496303,0.00912103,0.00684998,0.00956947,0.0126868,0.00583655,0.0260759,0.00485469,0.00569723,0.00593393,0.0109151,0.00345127,0.00371526,0.00480903,0.00436328,0.00396675,0.00337755,0.017753,0.00508561,0.0112782,0.0161594,0.0021766,0.0170518,0.000560652,0.0131259,0.00435253,0.0103502,0.0047536,0.0182335,0.0116992,0.0181637,0.00598135,0.00268328,0.0033875,
0.75,-0.000902283,-0.00212999,0.0137514,0.00268852,0.0017808,0.0131714,0.00298414,0.007519,0.011696,0.00931775,0.0239832,0.00825362,0.0116242,0.00164315,0.00560362,0.00542596,0.00652874,0.00409658,0.00441247,0.00561014,0.00734858,0.00637964,0.00505163,0.00548966,0.00600622,0.030541,0.020907,0.00294799,0.00939169,0.00138252,0.0115551,0.00279102,0.00848404,0.00130698,0.0229475,0.0046909,0.00227266,0.00529969,0.00286202,0.00253479,0.00292141,-0.00123378,0.0193003,0.00370779,0.00695351,0.01683,0.00509555,0.00897095,0.00669714,0.00947678,0.0124147,0.00562828,0.0259819,0.00477989,0.00589275,0.00613433,0.0113629,0.00355533,0.0038344,0.00499854,0.00438083,0.00398835,0.00343021,0.0170208,0.00516511,0.0110807,0.0161155,0.00221771,0.0167271,0.000501447,0.0126084,0.00445093,0.0104669,0.00467398,0.0180488,0.0114474,0.0180044,0.00633613,0.00279518,0.0035272,
0.755,-0.00029462,-0.00290623,0.0134415,0.00271248,0.00168542,0.0121614,0.0031357,0.00757046,0.0116207,0.00928502,0.0235625,0.00821025,0.0116475,0.00165631,0.00575361,0.00558024,0.00667099,0.00427825,0.00463923,0.00594523,0.0077954,0.00676933,0.00536142,0.00518446,0.0056354,0.0299311,0.0207824,0.0031258,0.00897825,0.00141096,0.0114048,0.00292765,0.00866938,0.00130335,0.0229975,0.00471488,0.00228804,0.0055796,0.00292646,0.00261217,0.00315187,-0.00117714,0.0193132,0.00390979,0.00754404,0.0165611,0.00520641,0.00877857,0.0065232,0.00937507,0.012159,0.0054478,0.0259284,0.00472684,0.00608093,0.0063243,0.0118219,0.00366056,0.00395492,0.00519289,0.00439058,0.00400849,0.00348084,0.0163456,0.00478381,0.0108806,0.0159984,0.00225894,0.0165206,0.000439442,0.0120801,0.00452884,0.0105486,0.00456752,0.0178518,0.0111576,0.0178317,0.00641429,0.00291505,0.00367659,
0.76,0.0102672,-0.00322907,0.0130995,0.00273948,0.000984397,0.0112333,0.00330123,0.00762545,0.0115739,0.00937519,0.0231298,0.00818893,0.0118216,0.00188567,0.00590657,0.00573928,0.00682129,0.00445511,0.00487186,0.00629913,0.00824478,0.00716274,0.00567891,0.00481494,0.00540497,0.0292846,0.0206614,0.00331217,0.0086024,0.00143926,0.0112393,0.00307594,0.00886823,0.00129547,0.0230534,0.00475202,0.00227828,0.00582575,0.00299689,0.00269812,0.00339548,-0.00111261,0.0193203,0.00411597,0.00817167,0.0165518,0.00529709,0.00855314,0.00634085,0.00926371,0.0119474,0.00524801,0.0259575,0.00470227,0.00626608,0.00651069,0.0122854,0.00376694,0.00407712,0.0053927,0.00439773,0.00402534,0.00353084,0.0156322,0.0045311,0.0107822,0.0159913,0.00230074,0.0164778,0.000375157,0.0115576,0.00458781,0.010606,0.00448361,0.0176452,0.0108397,0.0176795,0.00665975,0.00304207,0.00383448,
0.765,-0.00157916,-0.00345136,0.0129102,0.00277114,0.00242473,0.0111793,0.00347762,0.00768211,0.0115237,0.0094662,0.0228019,0.00835416,0.0119214,0.00203711,0.00606688,0.0059077,0.00699052,0.00462518,0.00510882,0.00667156,0.00868874,0.0075557,0.00600313,0.00453456,0.00567567,0.0287525,0.0208084,0.00350675,0.00840285,0.00146639,0.0110574,0.00323396,0.00907425,0.00135916,0.0231142,0.00472133,0.00240715,0.00652417,0.00307223,0.00279271,0.0036562,-0.0010403,0.0193464,0.00432442,0.00884909,0.0170124,0.00536881,0.00829958,0.00616504,0.00914352,0.0118354,0.00515516,0.0259701,0.00468552,0.00644277,0.00669072,0.0127458,0.00387512,0.00420042,0.00559931,0.00440456,0.0040431,0.00358198,0.015024,0.00465442,0.0109124,0.0161843,0.00234428,0.016552,0.000308723,0.0110429,0.00463056,0.0106426,0.00460559,0.0174315,0.0105112,0.0178694,0.00752037,0.00317541,0.00399849,
0.77,-0.0050167,-0.00365502,0.0129926,0.00280982,0.00132042,0.0117298,0.00365944,0.00773033,0.0115187,0.00961913,0.0225424,0.00851895,0.0117825,0.00194512,0.00623325,0.00608295,0.00718334,0.00478666,0.00534807,0.00706394,0.0091244,0.00794563,0.00633097,0.00425875,0.00590591,0.0282814,0.0210018,0.00370839,0.0084273,0.00149189,0.0108564,0.00339504,0.00928108,0.00142305,0.0231781,0.00489449,0.00251587,0.0078262,0.00315397,0.00289504,0.00394049,-0.000960096,0.0193981,0.00453464,0.00957398,0.0181642,0.00542736,0.00802706,0.00602951,0.00901648,0.0117534,0.00508037,0.0258505,0.00462512,0.00661113,0.00685963,0.0131899,0.00398624,0.00432762,0.00581238,0.00441561,0.00406605,0.00363629,0.0145107,0.00473842,0.0111771,0.0164173,0.00239035,0.0175504,0.0002404,0.010532,0.00466171,0.0106699,0.00475421,0.0172119,0.0102096,0.0180727,0.00878194,0.00331483,0.00416675,
0.775,-0.00727971,-0.00385513,0.0132624,0.00285878,0.00225259,0.0127511,0.00384135,0.00776172,0.0114868,0.00964485,0.0225896,0.00881294,0.0115423,0.00163701,0.00640522,0.00627152,0.00739891,0.00493727,0.00558915,0.00747585,0.00954204,0.00832666,0.00666587,0.00442328,0.00639588,0.0282032,0.0212132,0.00391615,0.00870987,0.00151554,0.0106355,0.00355359,0.00948164,0.00151571,0.0232432,0.00492272,0.00266266,0.00884491,0.00324216,0.00300505,0.00423495,-0.00087177,0.0196357,0.00474826,0.0103854,0.0196905,0.00547854,0.00774669,0.00594217,0.00888523,0.0118027,0.00515978,0.0257865,0.00462293,0.00677077,0.00702171,0.0136105,0.00410074,0.00445713,0.00603273,0.00443544,0.00409851,0.00369502,0.014798,0.00501972,0.0116105,0.0167461,0.00243978,0.0180853,0.000170254,0.0100294,0.0046862,0.0106977,0.00506666,0.0169879,0.00996704,0.018455,0.0100691,0.00345981,0.00433709,
0.78,-0.00834213,-0.00405197,0.0136562,0.00291876,0.000899174,0.0129732,0.00401774,0.00776829,0.0115516,0.00986551,0.0225205,0.00882217,0.0113983,0.00136959,0.00657894,0.0064682,0.00764456,0.0050747,0.00583051,0.0079077,0.00993303,0.00869441,0.00699956,0.00412266,0.00592127,0.0278756,0.021237,0.00412774,0.0089301,0.00153762,0.010396,0.0037038,0.00966331,0.00149774,0.0233068,0.00528361,0.00264823,0.00955157,0.00333816,0.00312122,0.00451775,-0.000778453,0.0199203,0.00496097,0.0112125,0.0212409,0.00553008,0.00747223,0.00590821,0.00875134,0.0117689,0.00511873,0.0257049,0.00459085,0.00692314,0.00717336,0.0140101,0.00421913,0.00459183,0.00626034,0.00446632,0.00414025,0.00376021,0.0148348,0.00451951,0.0117572,0.0168503,0.00249359,0.0188943,9.81531e-05,0.00954002,0.00471069,0.0107373,0.00512984,0.0167606,0.00979007,0.0185457,0.0105322,0.00360948,0.00450811,
0.785,-0.00914033,-0.00424282,0.0138419,0.00299102,0.00355736,0.0137675,0.00418363,0.00774281,0.0116048,0.0100076,0.0224477,0.00912226,0.01133,0.00117096,0.00676055,0.0066753,0.00792779,0.00519749,0.00607022,0.00835956,0.0102854,0.00904337,0.00732556,0.00380296,0.00640531,0.027501,0.0213577,0.0043413,0.00915802,0.00155833,0.0101361,0.00384193,0.00982337,0.00160403,0.023367,0.00546328,0.00280489,0.0101106,0.00344139,0.00324405,0.00480006,-0.000685485,0.0201822,0.00516864,0.0119955,0.0226334,0.00558993,0.00721019,0.00589357,0.00861633,0.0117528,0.00508985,0.025631,0.00454828,0.00706468,0.00731993,0.0143924,0.00434289,0.00472875,0.00649597,0.00451345,0.00418752,0.003834,0.0145955,0.00486793,0.0117886,0.0169907,0.00255261,0.0198793,2.38381e-05,0.0090557,0.00474167,0.0107986,0.00528081,0.0165305,0.00965105,0.0185617,0.0115504,0.00376243,0.00467839,
0.79,-0.009898,-0.00442794,0.0140161,0.00307903,0.00175944,0.0144082,0.00433679,0.00767959,0.0115736,0.00995259,0.0225564,0.00929646,0.0113171,0.00101698,0.00695106,0.006897,0.0082445,0.00530386,0.00630589,0.00883082,0.0105864,0.00936577,0.00765417,0.00400509,0.00628376,0.0273795,0.0212893,0.0045552,0.00929629,0.00157863,0.00986064,0.00396576,0.00996206,0.00167639,0.0234209,0.005399,0.00296643,0.00948381,0.00355392,0.00337387,0.00506847,-0.000597042,0.0205874,0.00537198,0.0127483,0.0234733,0.00566606,0.00696962,0.00587012,0.00848132,0.0117993,0.005202,0.0257102,0.00459844,0.00720337,0.00745862,0.014752,0.00447245,0.00486697,0.00674108,0.00457814,0.00425267,0.0039173,0.0150084,0.00467897,0.011749,0.0170145,0.00261774,0.0197163,-5.26914e-05,0.00856475,0.00478758,0.0108915,0.00543545,0.0162978,0.00953419,0.0186697,0.0112711,0.00391804,0.00484644,
0.795,-0.0106749,-0.00460483,0.0141005,0.00318065,0.000875701,0.0138909,0.00447589,0.00758316,0.0115105,0.00990732,0.022387,0.00909269,0.0112624,0.000894412,0.00714393,0.00712727,0.00860005,0.00539287,0.00653669,0.00932182,0.0108186,0.00965442,0.00795811,0.00337064,0.00515911,0.0267737,0.0209699,0.00476759,0.00916874,0.00159907,0.00956827,0.00407251,0.0100765,0.00159827,0.0234665,0.00538895,0.0028522,0.00922413,0.00367342,0.00350971,0.00529323,-0.000517653,0.0208358,0.00556477,0.0133421,0.0239598,0.0057654,0.00675551,0.00581456,0.00834378,0.0116388,0.00503562,0.0256078,0.00453537,0.00733724,0.00759488,0.0150938,0.00460801,0.00500927,0.00699482,0.00466298,0.00432912,0.00401147,0.0145003,0.00370454,0.0112817,0.0167452,0.00268968,0.0188794,-0.00013137,0.00807614,0.00485193,0.0110214,0.00521069,0.016063,0.00938492,0.018314,0.0104704,0.00407492,0.00501194,
0.8,-0.011417,-0.00477151,0.0135878,0.00329803,0.00274955,0.0126709,0.004602,0.00744877,0.0112289,0.00943159,0.02173,0.00885891,0.011253,0.000788892,0.00734394,0.00737087,0.00899827,0.00546231,0.00676023,0.00983036,0.0109746,0.00990131,0.00821979,0.002481,0.00408293,0.0255406,0.0203293,0.00497617,0.00881644,0.00162026,0.00925425,0.00416374,0.0101733,0.00157506,0.0235005,0.00486142,0.00277753,0.00724435,0.00380235,0.00365118,0.00546836,-0.000451496,0.0207527,0.00574344,0.0137667,0.0235337,0.00588787,0.00656959,0.00564361,0.00819958,0.0111996,0.00456629,0.0253632,0.0043684,0.007469,0.00772953,0.0154162,0.00474957,0.00515193,0.00725824,0.00476862,0.00441067,0.0041178,0.0127478,0.00289348,0.010424,0.0162122,0.00276902,0.0164076,-0.000211547,0.00758169,0.00493812,0.0111835,0.00479259,0.0158264,0.0091061,0.0176651,0.00857472,0.00423255,0.00517461,
0.805,-0.0120507,-0.00492508,0.0140881,0.00343781,0.00193855,0.0118193,0.00471565,0.00728363,0.0109548,0.00901629,0.0239968,0.00923723,0.0112754,0.00070147,0.0075482,0.00762233,0.00944126,0.00551953,0.00697469,0.0103535,0.0110519,0.0100986,0.00858342,0.00572023,0.00367203,0.0280649,0.0200832,0.00517885,0.00840058,0.00164179,0.00891467,0.00423938,0.010252,0.00163239,0.0235208,0.00477645,0.00298563,0.00639373,0.00393837,0.00379827,0.00559811,-0.000403097,0.0216583,0.00592991,0.0144036,0.0227438,0.00603563,0.00640756,0.00549951,0.008055,0.0120076,0.00587902,0.0261963,0.00487519,0.00760194,0.00787354,0.0157302,0.00489746,0.00529868,0.0075309,0.00489702,0.00455623,0.00423679,0.0169426,0.0026648,0.0114777,0.0164841,0.00285632,0.0152223,-0.000243461,0.00709036,0.00504368,0.0113706,0.00567451,0.0155886,0.00892759,0.0193425,0.00803021,0.00439038,0.00533539,
0.81,-0.0125679,-0.00506342,0.0138651,0.00359209,0.0021754,0.010894,0.0048188,0.00708883,0.0106398,0.00865823,0.021893,0.00908239,0.0112763,0.000628481,0.00775975,0.00788724,0.00993116,0.00556523,0.00717784,0.0108816,0.0110499,0.0102395,0.00879291,0.00325268,0.00293872,0.0260675,0.0196808,0.00537297,0.00793824,0.00166305,0.00854347,0.00430248,0.0103206,0.00163976,0.0235242,0.00462463,0.00295667,0.00616824,0.00408234,0.00395057,0.00567377,-0.000377098,0.0216917,0.00608589,0.0146012,0.0217563,0.00620418,0.00626651,0.0052844,0.00790469,0.0117831,0.00547273,0.0258793,0.00470829,0.00774407,0.00802682,0.0160399,0.00505135,0.00544894,0.00781398,0.00504752,0.00466831,0.00436919,0.0154252,0.00213985,0.0110616,0.0161866,0.00295194,0.0146982,-0.000266909,0.00660058,0.00516554,0.0115823,0.0055607,0.0153503,0.00867055,0.0185271,0.00756895,0.00454839,0.00549482,
0.815,-0.0129632,-0.00518453,0.0136187,0.00376043,0.00140692,0.00940694,0.00491438,0.00686826,0.010462,0.00877795,0.0197847,0.00861787,0.0113276,0.000746789,0.00797088,0.0081621,0.0104689,0.00559765,0.00736703,0.0113892,0.0109688,0.0103152,0.00892016,0.00144955,0.00161294,0.0231248,0.0192758,0.00555656,0.00728586,0.00168267,0.00813719,0.0043541,0.0103808,0.00157455,0.0235082,0.00486277,0.00275642,0.0073247,0.004234,0.0041063,0.00568195,-0.000377678,0.0211943,0.00622145,0.0147782,0.0210011,0.00638918,0.00614268,0.00502142,0.00774538,0.010968,0.00440872,0.025279,0.00433937,0.00789744,0.00819214,0.0163486,0.0052105,0.00560458,0.00810703,0.00521817,0.00480708,0.00451425,0.0111202,0.00120689,0.0099177,0.0155415,0.00305553,0.014937,-0.000283843,0.00612132,0.00530216,0.0118057,0.00465693,0.0151125,0.00832151,0.0171199,0.00774742,0.0047059,0.00565392,
0.82,-0.0132111,-0.00528691,0.0137689,0.00394629,0.00194828,0.00842044,0.00500596,0.00663145,0.0103335,0.00876823,0.0225119,0.0090099,0.011269,0.000708949,0.00818573,0.00844612,0.011047,0.00561711,0.00754062,0.011862,0.0108096,0.0103239,0.00916537,0.00540339,0.00225473,0.0274177,0.0189269,0.00572766,0.00662397,0.001699,0.00768933,0.00439924,0.0104416,0.00162381,0.0234703,0.00492646,0.00279185,0.00679745,0.00439378,0.00426408,0.00563904,-0.000408087,0.021364,0.00635723,0.0151552,0.0200576,0.0065883,0.00602962,0.00479645,0.00758157,0.0114831,0.00525262,0.0258664,0.00463201,0.00806666,0.00837101,0.0166473,0.00537418,0.00576123,0.00840937,0.00540767,0.00499246,0.00467172,0.0135479,0.00234457,0.0104265,0.015664,0.00316697,0.0149785,-0.00029472,0.00565376,0.00544937,0.0120384,0.00510432,0.0148761,0.00803593,0.018419,0.00761411,0.00486309,0.00581382,
0.825,-0.0133569,-0.00536934,0.0155483,0.00414494,0.00152872,0.0091157,0.00509691,0.00637847,0.0104078,0.00939633,0.0202656,0.0088642,0.011232,0.000652263,0.00840441,0.00873755,0.0116465,0.00562338,0.00769656,0.0122925,0.0105742,0.0102648,0.00926745,0.00252109,0.00138658,0.0231197,0.0203473,0.00588407,0.00606819,0.00171042,0.00719469,0.00444008,0.0105061,0.00162976,0.0234075,0.00532151,0.00269766,0.0167058,0.00455932,0.00442487,0.00554353,-0.000470995,0.0210296,0.00646748,0.0152619,0.0224006,0.00679652,0.00592767,0.00469019,0.00741232,0.0111399,0.00496536,0.0255266,0.00442951,0.00824513,0.00856736,0.0169342,0.00554198,0.00592641,0.00872127,0.00561181,0.00517749,0.00484007,0.0114296,0.00108506,0.00985483,0.015862,0.00328649,0.0159591,-0.00029954,0.00520723,0.00560323,0.0122735,0.00478779,0.0146416,0.00775331,0.0177861,0.014219,0.0050194,0.00597541,
0.83,-0.0134029,-0.00543044,0.0156164,0.00435248,0.0016186,0.00897067,0.00519,0.00611893,0.0104447,0.00962493,0.0190006,0.00885524,0.0112254,0.000610683,0.00862209,0.009035,0.0122541,0.00561575,0.00783212,0.0126737,0.0102639,0.0101377,0.009282,0.00105712,0.00207865,0.0209684,0.0195686,0.00602335,0.00562472,0.00171541,0.00665587,0.00448101,0.0105795,0.00170052,0.0233175,0.00546695,0.00262267,0.0124529,0.00473066,0.00458725,0.00541081,-0.00056733,0.0203602,0.00655901,0.0153213,0.0230306,0.00700707,0.00582821,0.00455862,0.00723715,0.0104463,0.00404633,0.025095,0.00415471,0.0084392,0.00877898,0.017207,0.00571209,0.00608482,0.00904125,0.00582667,0.00535347,0.00501722,0.00804141,0.00238318,0.00946577,0.0156761,0.00341283,0.0171706,-0.000298432,0.00478837,0.00576034,0.0125052,0.00427089,0.0144106,0.00744318,0.0169553,0.01309,0.00517482,0.00613888,
0.835,-0.0133724,-0.005469,0.0166006,0.00457044,0.00208637,0.00952113,0.00528825,0.0058552,0.0105005,0.00981069,0.0189467,0.00934637,0.0112197,0.00057718,0.00883592,0.00933639,0.0128572,0.00559535,0.00794527,0.0129951,0.00988135,0.00994531,0.00928525,0.00238137,0.00108883,0.0207218,0.0213135,0.00614401,0.00525475,0.00171302,0.00607287,0.00452377,0.010664,0.00184536,0.0231985,0.00537928,0.00278251,0.0237841,0.00490743,0.00475058,0.00523567,-0.000697323,0.0196324,0.0066363,0.0153905,0.0245103,0.00721615,0.00572973,0.00447937,0.00705729,0.0103072,0.00385309,0.0250617,0.0040677,0.00864311,0.00899767,0.0174644,0.00588304,0.00624213,0.00936796,0.00604673,0.00555388,0.00520076,0.00616052,0.00090118,0.00938661,0.0159649,0.0035454,0.0167468,-0.000291138,0.0043999,0.00591292,0.0127247,0.00482444,0.0141838,0.00718575,0.0176891,0.0203131,0.00532974,0.00630472,
0.84,-0.0132674,-0.00548501,0.0167571,0.00479653,0.00341695,0.00896078,0.00539247,0.00558959,0.0105626,0.0099061,0.0189665,0.00928965,0.0112566,0.000561401,0.00904652,0.0096394,0.0134325,0.00556283,0.00803408,0.0132582,0.00943181,0.00968874,0.00930698,0.00160434,0.000878215,0.020503,0.0197809,0.00624419,0.00482245,0.0017029,0.00545696,0.00457075,0.0107618,0.00188896,0.0230488,0.00556062,0.00276575,0.0162339,0.00508781,0.00491433,0.00501142,-0.000857494,0.0190469,0.0067028,0.0154549,0.024303,0.00741787,0.00562771,0.00438597,0.00687359,0.0102005,0.0035665,0.02517,0.00409102,0.00884728,0.00921995,0.0176961,0.00605272,0.00639147,0.00969965,0.00626582,0.00575317,0.00538804,0.00650627,0.00131609,0.00929582,0.0156524,0.00368282,0.0175474,-0.000278242,0.00405078,0.00605927,0.0129188,0.00469562,0.0139619,0.00698752,0.0175218,0.0178877,0.00548408,0.00647324,
0.845,-0.013069,-0.00547788,0.0179304,0.00503698,0.00562597,0.00928145,0.00550345,0.00532932,0.0107406,0.0101304,0.0225128,0.00986958,0.0113989,0.000737067,0.00924862,0.00994404,0.0139647,0.00551921,0.00809718,0.0134699,0.00893377,0.00937545,0.00977313,0.00771271,0.00242565,0.0251692,0.0194264,0.00632297,0.00449278,0.0016854,0.00482458,0.00462325,0.0108724,0.00203975,0.0228676,0.00593027,0.00307239,0.00973294,0.00526903,0.00507848,0.0047688,-0.0010439,0.0203802,0.00678363,0.0158343,0.0232775,0.00760296,0.00551514,0.00443336,0.00669927,0.011744,0.00585443,0.0264114,0.00487535,0.00904512,0.00943343,0.0178928,0.00621862,0.00653506,0.0100323,0.00647645,0.00599904,0.00557576,0.0167748,0.00116431,0.0106264,0.0160327,0.00382336,0.0186963,-0.000259614,0.00373635,0.00619172,0.0130847,0.00593592,0.0137447,0.00714542,0.01942,0.0116517,0.00563824,0.00664386,
0.85,-0.0128089,-0.00544779,0.0186922,0.00527742,0.00594233,0.00917927,0.00562003,0.00507108,0.0109167,0.0103851,0.0208989,0.00969798,0.0113383,0.000758605,0.00944277,0.0102385,0.0144628,0.00546535,0.00813364,0.0136371,0.00840606,0.00901445,0.00969292,0.00420416,0.000138452,0.0227985,0.0190047,0.00637873,0.00412599,0.00166189,0.0042078,0.00468056,0.0109952,0.00205156,0.0226545,0.0061659,0.00295848,0.0111024,0.00545231,0.00524264,0.00449741,-0.00125026,0.0207507,0.00682794,0.0157236,0.0224999,0.00776804,0.00538853,0.00447072,0.00653039,0.0114459,0.00205699,0.0261775,0.00482026,0.00923753,0.00964089,0.0180548,0.00637946,0.00667272,0.0103634,0.00667278,0.00616994,0.00575968,0.0145944,0.000643458,0.0104237,0.0157566,0.00396495,0.0195549,-0.000235971,0.00346087,0.00630573,0.013223,0.00586784,0.0135326,0.00729636,0.0187248,0.0109673,0.00579265,0.00681717,
0.855,-0.0124152,-0.00539593,0.0203046,0.00551446,0.00622359,0.00971137,0.00573991,0.00481579,0.0111313,0.0108109,0.0198541,0.00923929,0.0113437,0.000789491,0.00962283,0.0105212,0.0149373,0.00540301,0.00814255,0.01376,0.00786879,0.00861766,0.00936686,0.0014568,7.81009e-05,0.0204333,0.0196282,0.00641124,0.0037444,0.00163427,0.00364645,0.00474104,0.0111202,0.00204571,0.0224101,0.00640075,0.00276194,0.0148836,0.00563321,0.00540535,0.00420097,-0.00144989,0.0203495,0.00684992,0.0154822,0.0236274,0.00790896,0.00524859,0.00453274,0.00636489,0.0109158,0.00271596,0.0254294,0.00441026,0.00942049,0.00983898,0.0181841,0.00653261,0.00680575,0.0106824,0.00684864,0.00633359,0.00593683,0.0101875,0.000564409,0.00958085,0.0156276,0.00410583,0.0200253,-0.00020803,0.00323176,0.00639832,0.0133295,0.0048471,0.0133257,0.00741007,0.0175795,0.0140291,0.00594769,0.00699297,
0.86,-0.0119618,-0.00532268,0.021887,0.00575313,0.00716379,0.00964403,0.00585979,0.00456693,0.0113153,0.0110202,0.0246928,0.00976814,0.0113447,0.000796146,0.00978948,0.0107799,0.015392,0.00533388,0.00812455,0.01384,0.00733502,0.00819657,0.00962135,0.00842312,0.00154427,0.0292189,0.019263,0.00642026,0.00339783,0.0016057,0.00317607,0.00480063,0.0112417,0.00211717,0.0221358,0.00643582,0.00278941,0.0142231,0.00581547,0.00556965,0.00389162,-0.00162747,0.0212382,0.00688296,0.015604,0.0237052,0.00802095,0.00509434,0.00464175,0.00621111,0.0124132,0.00396725,0.0267214,0.0050719,0.00959209,0.0100255,0.0182725,0.00667649,0.00692156,0.0109792,0.00699654,0.00651874,0.00610322,0.0166442,0.00126673,0.0106215,0.0156314,0.0042436,0.0198906,-0.000177092,0.00302019,0.00646932,0.0134086,0.00587774,0.0131234,0.0076434,0.0198707,0.0128175,0.00610342,0.00717133,
0.865,-0.0114231,-0.00522998,0.0223845,0.00598359,0.00794919,0.00915431,0.00597504,0.00432146,0.0114501,0.0111148,0.0214103,0.00960999,0.0113641,0.000810505,0.00993724,0.0110127,0.015834,0.00526014,0.0080801,0.0138776,0.00681369,0.00776299,0.00933076,0.00433224,-0.00128408,0.0225923,0.0185638,0.00640603,0.00301806,0.00158,0.00283563,0.00485874,0.0113629,0.00216945,0.0218333,0.00643762,0.00265078,0.0112262,0.00599307,0.00573415,0.00358004,-0.0017837,0.0212115,0.00688736,0.0153585,0.0230831,0.00810531,0.00492329,0.0046969,0.00606409,0.0118547,0.00420028,0.0262491,0.0048791,0.00975497,0.0102072,0.0183231,0.00680921,0.0070205,0.0112483,0.00711063,0.00662675,0.00625512,0.0142607,-0.000529899,0.0101549,0.015219,0.00437652,0.0202821,-0.000145243,0.00284446,0.00651557,0.0134568,0.00566287,0.0129255,0.00781902,0.0185169,0.010306,0.00625992,0.00735285,
0.87,-0.0108015,-0.00511962,0.0232063,0.00619948,0.00881347,0.00954844,0.00608192,0.00407685,0.0115868,0.0113121,0.0199548,0.00935927,0.0113966,0.000831893,0.0100638,0.0112112,0.0162855,0.00518358,0.00801113,0.0138749,0.00631246,0.00732738,0.0088416,0.00168336,-0.00380932,0.0199133,0.0193732,0.00636936,0.00268311,0.00156045,0.00254023,0.00491264,0.0114803,0.0022182,0.0215057,0.00649996,0.00254387,0.0160856,0.00616751,0.00590036,0.00327169,-0.00192019,0.0205672,0.00687403,0.0150646,0.0235175,0.00816048,0.00473938,0.00473038,0.00592167,0.0111621,0.00382186,0.0254697,0.00442888,0.00990966,0.0103774,0.0183377,0.00692929,0.00710684,0.0114857,0.00718767,0.0067161,0.0063898,0.00946184,-0.00117538,0.00931164,0.015154,0.00450274,0.0206649,-0.000115022,0.00268042,0.00653631,0.0134769,0.00467837,0.0127319,0.00791758,0.0175903,0.0134776,0.00641794,0.00753815,
0.875,-0.0101064,-0.00499361,0.0241366,0.00640886,0.0101142,0.0099049,0.00617751,0.003836,0.0116573,0.0112806,0.0252404,0.0100314,0.0114248,0.000855599,0.0101673,0.0113767,0.0167481,0.0051064,0.00792029,0.0138341,0.00583517,0.00689784,0.00913601,0.00776558,-0.00458943,0.0302995,0.0188898,0.00631187,0.00248281,0.00154999,0.00242241,0.0049583,0.0115887,0.00234719,0.021156,0.00630011,0.00265428,0.0146678,0.00633937,0.00606822,0.00298641,-0.00203881,0.0213195,0.00687786,0.0151942,0.0231578,0.00818534,0.00454242,0.00478206,0.00579201,0.0128968,0.00572339,0.0268287,0.00509443,0.0100561,0.0105365,0.0183167,0.00703514,0.00717057,0.0116899,0.0072244,0.00681698,0.00650461,0.0165073,-0.00206783,0.0102518,0.0152917,0.00462007,0.0201897,-8.88393e-05,0.00257055,0.00653298,0.0134725,0.00590796,0.0125424,0.00808469,0.0199686,0.0122358,0.00657722,0.00772837,
0.88,-0.00934297,-0.00485491,0.0242369,0.0066019,0.0111815,0.00956351,0.00625867,0.0036015,0.0116971,0.0112144,0.0217362,0.00990443,0.0114706,0.000886934,0.0200041,0.0115059,0.0172143,0.00503078,0.0078099,0.013758,0.00538818,0.00648193,0.0087331,0.00439656,-0.00565011,0.0227495,0.0181983,0.00623551,0.00220568,0.00154985,0.00206161,0.00499309,0.0116862,0.00238999,0.0207878,0.00622018,0.00253856,0.0112861,0.00650536,0.00623758,0.00271601,-0.00214107,0.021192,0.00685694,0.0149253,0.0222638,0.00818127,0.00433644,0.00478424,0.00566976,0.012052,0.0021035,0.0263352,0.00489186,0.0101903,0.0106812,0.0182773,0.00712699,0.00721476,0.0118588,0.00721887,0.00683293,0.00659663,0.0138321,-0.00374563,0.00979453,0.0149442,0.00472666,0.0204928,-6.71505e-05,0.0024104,0.00650448,0.0134461,0.00573984,0.0123565,0.0081935,0.0187175,0.00997809,0.0067382,0.00792316,
0.885,-0.00854162,-0.00470582,0.0242644,0.00677415,0.0121898,0.00942272,0.00632346,0.00337285,0.0117359,0.0112171,0.0201525,0.00963051,0.0115148,0.000920287,0.014099,0.011599,0.0176766,0.00495882,0.00768417,0.0136501,0.00497246,0.00608267,0.00812934,0.00196967,-0.00626847,0.0195701,0.0182954,0.0061425,0.00194605,0.00155963,0.00265544,0.00501755,0.0117747,0.00243278,0.0204049,0.00619497,0.00242582,0.0125865,0.00666631,0.00640605,0.00246794,-0.00222904,0.0204821,0.0068217,0.0146636,0.0216908,0.00815113,0.00412545,0.00474696,0.00555304,0.0113827,0.00238169,0.0255647,0.00443279,0.0220023,0.0108106,0.0182323,0.00720431,0.00724163,0.011992,0.00717272,0.00681721,0.00666422,0.00907182,-0.00478954,0.00902118,0.0146194,0.00482089,0.0208864,-4.94999e-05,0.00241781,0.00645319,0.0134042,0.00468123,0.0121747,0.00822552,0.0177146,0.0106379,0.00690084,0.00812267,
0.89,-0.007765,-0.00454959,0.0254715,0.00692932,0.0133692,0.0146432,0.00636965,0.00315098,0.0116799,0.0110986,0.0230195,0.0109835,0.0115471,0.000945863,0.0113422,0.0116608,0.0181295,0.0048922,0.00754594,0.0135152,0.00459247,0.00570546,0.00801137,0.00428471,-0.00601228,0.0260278,0.019726,0.00603642,0.00273881,0.00157843,0.000337304,0.00502973,0.0118515,0.00287992,0.0200106,0.00577072,0.00279598,0.0176089,0.00681957,0.00657247,0.00232356,-0.00230356,0.0202897,0.00679455,0.0146504,0.0236943,0.00810548,0.00391272,0.00474373,0.00544881,0.0124173,0.00384318,0.0260598,0.0046029,0.0149937,0.0109214,0.0181852,0.0072675,0.00724923,0.0120899,0.00708918,0.00679968,0.0067065,0.0105466,-0.00262469,0.00981644,0.0164296,0.00490139,0.0209319,1.0421e-06,0.00203908,0.00638808,0.0133527,0.00632575,0.0119961,0.0082252,0.0205101,0.0172679,0.00706505,0.00832575,
0.895,-0.00704891,-0.00438932,0.0254879,0.00706289,0.0140641,0.0151348,0.00639653,0.00293604,0.011616,0.0109622,0.0210961,0.0108208,0.0115867,0.000977646,0.0107252,0.0116905,0.0185587,0.00483226,0.00740065,0.0133572,0.00425364,0.00535369,0.00757408,0.00269115,-0.00576688,0.0211212,0.019294,0.00591981,0.0025687,0.00160426,0.0711644,0.00502491,0.0119124,0.0028561,0.0196083,0.00566763,0.00268748,0.0170888,0.00696348,0.0067332,0.00219655,-0.00236356,0.0197056,0.00675534,0.0144708,0.0239672,0.008051,0.00370792,0.00470313,0.00535273,0.0121856,0.00393426,0.0257548,0.00438342,0.0116752,0.0110094,0.01814,0.00731796,0.00723505,0.012152,0.00697118,0.00671938,0.00672296,0.00849195,-0.00325037,0.00940242,0.0155978,0.00496698,0.021078,6.55874e-05,0.00286355,0.00631529,0.0133026,0.00604739,0.011821,0.00816909,0.0190351,0.0164385,0.00723059,0.00853085,
0.9,-0.00639967,-0.0042285,0.0264552,0.00718714,0.0159629,0.0156791,0.00640338,0.00272818,0.0115662,0.010754,0.028531,0.011251,0.0116671,0.00100285,0.0105126,0.0116977,0.0189503,0.00478102,0.00725131,0.0131824,0.00395469,0.00502937,0.0084957,0.00870866,-0.00552599,0.0389698,0.0187607,0.00579684,0.00265141,0.00163496,0.00179524,0.00500554,0.0119634,0.00299831,0.0192011,0.00550589,0.00301013,0.0115719,0.00709925,0.00688461,0.00211394,-0.0024079,0.0213326,0.00675066,0.0148391,0.0232338,0.00800059,0.00352415,0.00474114,0.00527683,0.0139141,0.00656435,0.0273064,0.00530632,0.0109953,0.0110739,0.0181035,0.00735682,0.00719985,0.0121797,0.00682458,0.00667742,0.00671555,0.0186916,-0.00382598,0.0105161,0.0160799,0.00501733,0.0206152,0.000142964,0.000535072,0.00624557,0.0132663,0.00761076,0.0116493,0.00831378,0.0230823,0.0113307,0.00739702,0.00873582,
0.905,-0.00581385,-0.00407094,0.0264382,0.00728899,0.0161443,0.0150307,0.00639136,0.00252904,0.0115395,0.0106464,0.0235587,0.0108511,0.0116816,0.00102827,0.010439,0.0116789,0.0192811,0.00473897,0.00710216,0.0129956,0.00370169,0.00473578,0.00800801,0.0057857,-0.00607515,0.0262736,0.0181466,0.00567063,0.00246228,0.0016679,0.00590265,0.00497004,0.0120027,0.00290283,0.0187923,0.00549087,0.00283035,0.010818,0.00722243,0.00702429,0.00205044,-0.00243529,0.0216004,0.0067162,0.0145769,0.0221226,0.00796742,0.0033665,0.00475303,0.00521294,0.0132271,0.00225024,0.0267903,0.00512393,0.0107632,0.0111123,0.0180726,0.00738621,0.00714927,0.0121749,0.00665556,0.00653129,0.00668233,0.015612,-0.00474402,0.0100943,0.0155423,0.0050514,0.0209304,0.000231477,0.0410649,0.00619103,0.0132561,0.00730096,0.0114813,0.00843283,0.0202998,0.00981778,0.00756364,0.0089385,
0.91,-0.00528829,-0.00392028,0.0272956,0.00737929,0.0172383,0.0177437,0.00636111,0.00234889,0.0114241,0.0102962,0.0308848,0.0122409,0.0117274,0.00104031,0.0104083,0.0116473,0.0195482,0.00470738,0.00695705,0.0128025,0.00349335,0.00447605,0.00860598,0.00879779,-0.00597949,0.04234,0.019773,0.00554488,0.00297534,0.00170085,-0.00345522,0.00492456,0.0120304,0.00338145,0.0183841,0.00505378,0.00325015,0.0124856,0.00733302,0.0071489,0.00208467,-0.00244574,0.0232736,0.00670826,0.0148791,0.021859,0.00796534,0.00324705,0.00482613,0.0051725,0.01556,0.00853715,0.0276992,0.00561632,0.0106981,0.0111241,0.018058,0.00740759,0.00708016,0.0121391,0.00647223,0.00642645,0.00662733,0.0199881,-0.00280805,0.0112432,0.0170835,0.00506964,0.0205002,0.000328849,0.00319786,0.00616262,0.0132817,0.00919546,0.0113171,0.00867261,0.0247501,0.0140531,0.00772987,0.00913599,
0.915,-0.00479932,-0.00377928,0.0270398,0.00744489,0.0175474,0.0177682,0.00631572,0.0021795,0.0113516,0.010156,0.0248448,0.0118738,0.0117599,0.00107434,0.0103816,0.0116041,0.019755,0.00468689,0.00681929,0.0126068,0.00332936,0.00425032,0.00789277,0.00560781,-0.00578747,0.0274069,0.018837,0.0054226,0.00292357,0.00173147,-0.006132,0.00486619,0.0120471,0.00325377,0.0179782,0.0051011,0.00304365,0.0113479,0.00742831,0.00725644,0.00211766,-0.00243785,0.0232997,0.00667139,0.0145931,0.0211941,0.00800934,0.00317086,0.00486098,0.00514464,0.0138742,0.00267953,0.0271201,0.00529967,0.0106687,0.011107,0.0180548,0.00742287,0.00700067,0.0120744,0.00627719,0.00623113,0.0065503,0.017785,-0.00343301,0.0107457,0.0160922,0.00507207,0.0210191,0.000431496,0.000184786,0.006172,0.0133516,0.00849054,0.0111567,0.00884938,0.021162,0.0129116,0.00789485,0.00932634,
0.92,-0.00441088,-0.00365049,0.0284186,0.00748394,0.0176124,0.0184194,0.00625912,0.00202237,0.0114197,0.010497,0.0220854,0.0108241,0.011776,0.00108234,0.0103513,0.0115491,0.0199063,0.00467726,0.00669052,0.0124122,0.00320939,0.00406138,0.00689901,0.00269306,-0.00621444,0.0213184,0.0221965,0.00530691,0.0028324,0.00175833,-0.00856925,0.004803,0.0120631,0.00303535,0.0175762,0.00530868,0.0027088,0.0230358,0.00750998,0.00734315,0.00217373,-0.00241208,0.0224545,0.00662183,0.0143878,0.0237249,0.00810921,0.00314489,0.00493328,0.00512493,0.0127946,0.00357313,0.0259134,0.0046101,0.0106352,0.0110643,0.0180652,0.00743361,0.00692156,0.0119829,0.00607794,0.00604609,0.00645499,0.0121419,-0.00471759,0.00955789,0.0161243,0.00505925,0.0215572,0.000535381,0.0595864,0.00622662,0.013476,0.00647814,0.011,0.0089464,0.0197348,0.0186262,0.00805729,0.00950685,
0.925,-0.00408797,-0.00353603,0.028232,0.00749888,0.0176669,0.0175909,0.00619575,0.0018796,0.0114891,0.0106315,0.0204961,0.0103839,0.0118007,0.00108481,0.0103168,0.0114906,0.0200158,0.00467925,0.00657407,0.0122234,0.00313155,0.00391036,0.00623322,0.00214183,-0.00592024,0.0188443,0.0196102,0.00520095,0.00254017,0.00178082,-0.0104781,0.00473508,0.0120751,0.00292584,0.0171791,0.00538514,0.00242422,0.0176578,0.00757596,0.00740984,0.0022541,-0.00236728,0.021344,0.00657468,0.0143174,0.0243699,0.00827134,0.00316815,0.0049649,0.00510861,0.0120345,0.00344587,0.02553,0.00421167,0.010585,0.0109982,0.0180952,0.00744235,0.00682539,0.011867,0.00587998,0.00584161,0.00634347,0.00699167,-0.00532517,0.00873967,0.0153495,0.00503165,0.0220144,0.000635423,0.00279459,0.00633048,0.0136547,0.00505757,0.0108465,0.00895111,0.0186748,0.0172068,0.00821644,0.00967497,
0.93,-0.00380401,-0.00343915,0.0274881,0.00749223,0.0177589,0.0161213,0.00613052,0.00175366,0.0115658,0.0107127,0.0199233,0.0102727,0.0118304,0.00108212,0.01028,0.0114304,0.0200996,0.00469243,0.00647102,0.0120447,0.00309198,0.00379771,0.00586495,0.00209106,-0.00584298,0.0180639,0.01897,0.00510678,0.00216869,0.00179948,-0.0123137,0.00466803,0.0120895,0.00287669,0.0167879,0.00544632,0.00223946,0.0137717,0.00762542,0.00745405,0.00236573,-0.0023046,0.0202302,0.00653342,0.0143443,0.0242336,0.00849367,0.00323781,0.00495843,0.0050936,0.0116419,0.00308541,0.0254591,0.0040109,0.0105182,0.0109181,0.0181447,0.00745015,0.0067183,0.0117281,0.00568592,0.00564188,0.00621803,0.00426932,-0.00506015,0.00829508,0.0145308,0.00499065,0.0224276,0.000727063,0.00184348,0.00648622,0.0138875,0.00426609,0.0106953,0.00888314,0.018446,0.0123257,0.00837041,0.00982888,
0.935,-0.00360558,-0.00336185,0.0281805,0.00747211,0.0180918,0.0171909,0.00606875,0.00165449,0.0116411,0.0107971,0.0230384,0.0109841,0.0118496,0.0010697,0.0102433,0.0113755,0.0201588,0.0047168,0.00638249,0.0118812,0.00308943,0.00372299,0.00635455,0.00508464,-0.00579715,0.025064,0.0207354,0.00502661,0.00223164,0.0018152,-0.0137227,0.00460519,0.0121081,0.00309935,0.0164041,0.00539926,0.00238487,0.0191741,0.00766183,0.00748016,0.00254707,-0.00222336,0.0201696,0.00651952,0.0146538,0.0254197,0.00877257,0.00334983,0.00500808,0.00508553,0.012713,0.00496855,0.0261543,0.0043745,0.0104399,0.0108265,0.0182107,0.00745794,0.00660778,0.0115702,0.00550064,0.00547935,0.00608145,0.0109572,-0.00499562,0.00897288,0.0159224,0.0049373,0.0225115,0.000806653,0.00113589,0.00668898,0.014169,0.00555376,0.0105455,0.00885273,0.0204312,0.0169925,0.00851805,0.0099671,
0.94,-0.00348399,-0.00330601,0.027952,0.00743491,0.018222,0.0168422,0.00601331,0.00156737,0.0116979,0.0108169,0.0214572,0.0108869,0.0118802,0.00105624,0.0102086,0.0113172,0.0202028,0.00475173,0.00631002,0.0117379,0.00312038,0.00368462,0.00612999,0.00338915,-0.00598937,0.0210625,0.0195985,0.0049616,0.00202922,0.00182956,-0.0143083,0.00455147,0.0121353,0.00302799,0.0160287,0.00537322,0.00226025,0.0180645,0.00768726,0.00749058,0.00277059,-0.00212458,0.0197207,0.00650109,0.0147096,0.0258057,0.00909935,0.0034938,0.00504164,0.00508084,0.0125637,0.00196331,0.0259305,0.00422451,0.0103602,0.0107342,0.0182997,0.00746784,0.00649133,0.0113967,0.00532609,0.00527238,0.00593613,0.00911536,-0.00504615,0.00875949,0.0152317,0.00487309,0.0225621,0.00087172,0.00862164,0.00693108,0.0144863,0.00546179,0.0103951,0.00879933,0.0198508,0.0155328,0.00865816,0.0100887,
0.945,-0.00343925,-0.00327198,0.027434,0.00738373,0.018167,0.0158816,0.00596676,0.00149455,0.0117656,0.0108625,0.0206646,0.0106207,0.0119063,0.00103919,0.0101787,0.0112571,0.0202364,0.00479681,0.00625354,0.0116186,0.00317972,0.00368147,0.00580253,0.00225406,-0.00575106,0.0190954,0.0193851,0.00491278,0.00178394,0.00184398,-0.0145322,0.00450484,0.0121661,0.0029426,0.0156625,0.00543607,0.00212353,0.0153715,0.00769895,0.0074888,0.00302511,-0.00200922,0.0189734,0.00648662,0.0147988,0.0258719,0.00945879,0.00365986,0.0050604,0.00507708,0.0121481,0.00228096,0.0253971,0.00397099,0.0102871,0.0106521,0.0184117,0.00747985,0.00637386,0.0112106,0.00516421,0.00507004,0.00578512,0.00616052,-0.00493285,0.00836233,0.0146206,0.00479953,0.0228593,0.000921089,-0.00330443,0.00720382,0.0148316,0.00455649,0.0102428,0.00872247,0.0191356,0.0125792,0.00878948,0.0101937,
0.95,-0.00347425,-0.0032602,0.0281324,0.00732449,0.0181692,0.0178744,0.00593099,0.00143139,0.0118406,0.0109521,0.0233406,0.0114386,0.0119311,0.00101436,0.010151,0.0111971,0.020259,0.00485161,0.00621295,0.011527,0.00326618,0.00371208,0.00625908,0.00483346,-0.00568549,0.0261338,0.0205987,0.0048805,0.00217126,0.0018595,-0.01467,0.0044697,0.0122063,0.00328082,0.0153072,0.0054353,0.00233407,0.0197747,0.00770353,0.00748044,0.00336224,-0.00187876,0.0190795,0.00649598,0.0151625,0.0273563,0.00983945,0.00383591,0.00514677,0.0050814,0.0130372,0.00376301,0.0257547,0.00425408,0.0102281,0.0105818,0.0185472,0.00749576,0.00625992,0.0110161,0.00501859,0.00490876,0.00563019,0.0105436,-0.00488571,0.00916321,0.0160152,0.00471881,0.0232634,0.000954371,-0.00576032,0.00749575,0.0151915,0.00585069,0.0100865,0.00871236,0.021169,0.0175616,0.00891081,0.010282,
0.955,-0.00357137,-0.00326981,0.0280629,0.00725482,0.017882,0.017892,0.0059066,0.00138275,0.0119318,0.0110524,0.0217934,0.0112981,0.011731,0.000989686,0.0101296,0.0111348,0.0202764,0.00491562,0.00618796,0.0114631,0.00337689,0.00377284,0.00607978,0.00314255,-0.00571085,0.0213538,0.0202833,0.00486454,0.00197699,0.00187652,-0.0147574,0.0044463,0.0122545,0.00316899,0.0149639,0.00553425,0.00223681,0.0189487,0.00770031,0.00747091,0.0037269,-0.00173298,0.0188225,0.0065018,0.0153097,0.0281846,0.0102256,0.00401273,0.00523451,0.00508966,0.0129038,0.00174589,0.0252933,0.00407537,0.0101792,0.0105265,0.018705,0.00751503,0.00614736,0.0108168,0.00488759,0.00471649,0.00547424,0.00903624,-0.00479423,0.00902356,0.0154391,0.00463243,0.0236038,0.000972348,-0.00785113,0.00779751,0.0155493,0.00570666,0.00992407,0.00870933,0.0203035,0.0165671,0.00902182,0.0103539,
0.96,-0.0037619,-0.00329924,0.0291225,0.00718914,0.0180275,0.0175101,0.00589557,0.00133778,0.0120678,0.0111691,0.0283635,0.0116552,0.0115837,0.00100352,0.0101165,0.0110681,0.0202927,0.00498748,0.00617731,0.0114274,0.00350739,0.00385949,0.00746933,0.00838742,-0.00562707,0.0383731,0.0200531,0.00614702,0.00189835,0.00189456,-0.0148107,0.00443745,0.0123138,0.00314204,0.0146335,0.00564707,0.00241266,0.0165999,0.0076932,0.00746604,0.00411935,-0.00157002,0.0207861,0.00655129,0.0160106,0.0286919,0.0106023,0.00417892,0.0054222,0.00511255,0.0141909,0.00776938,0.0264069,0.00483599,0.0101473,0.0104886,0.018886,0.0075382,0.0060386,0.0106164,0.00477317,0.0046,0.00531994,0.0179452,-0.00482346,0.0100667,0.0157714,0.0045427,0.0234161,0.000975604,-0.00928227,0.00809798,0.0158974,0.00697841,0.0097536,0.00891535,0.0229846,0.0138758,0.00912139,0.01041,
0.965,-0.00399375,-0.00334644,0.029844,0.00712302,0.0177225,0.0166256,0.00589779,0.00130595,0.0122249,0.0113173,0.0239172,0.0115574,0.011606,0.00121082,0.0101122,0.0110065,0.0203076,0.00506655,0.00617933,0.0114173,0.00365511,0.00396854,0.0077879,0.00670893,-0.00559428,0.0261365,0.0198561,0.00550705,0.00169473,0.00191281,-0.0148371,0.00443973,0.0123793,0.00302617,0.0143172,0.00575937,0.00238063,0.0159789,0.00768468,0.00747242,0.00452892,-0.00138908,0.0224081,0.00659588,0.0164619,0.0290832,0.0109581,0.00432394,0.00564442,0.00514867,0.0141162,0.00237649,0.0260101,0.0048061,0.0101239,0.0104629,0.0190876,0.00756527,0.00593604,0.0104193,0.0046737,0.00444132,0.0051688,0.0173393,-0.00478068,0.0102197,0.0156017,0.00445159,0.023384,0.000965509,-0.0105163,0.00838718,0.0162204,0.00701036,0.00957379,0.009201,0.0212991,0.0131884,0.00920881,0.0104504,
0.97,-0.0042714,-0.0034079,0.0301305,0.00704995,0.0169156,0.0160469,0.00591363,0.00127087,0.0123687,0.0114754,0.0230962,0.01119,0.0114542,0.00117126,0.010117,0.0109433,0.0203291,0.0051521,0.00619329,0.0114311,0.00381495,0.00409423,0.00714543,0.00324276,-0.00557253,0.0230158,0.0201372,0.00521934,0.00155541,0.00193018,-0.0148436,0.00445664,0.0124563,0.00292806,0.0140154,0.00583641,0.00223076,0.0178013,0.0076759,0.00749264,0.00495089,-0.00118944,0.0225489,0.00662006,0.0166684,0.030025,0.0112799,0.00443582,0.00584416,0.0051908,0.0137751,0.00288646,0.0251457,0.00434688,0.0101143,0.0104487,0.019312,0.00759645,0.00584174,0.0102286,0.00458951,0.00425618,0.00502361,0.0146312,-0.00474819,0.00972737,0.0152901,0.00436093,0.023532,0.000943234,-0.0117074,0.00865446,0.0165073,0.00600635,0.00938316,0.00943021,0.0202636,0.0144867,0.00928371,0.0104762,
0.975,-0.00458063,-0.00348055,0.0306316,0.00697029,0.0159035,0.0162889,0.00594336,0.00126127,0.0125402,0.0117386,0.0219152,0.011025,0.0113447,0.00108062,0.010126,0.0108884,0.0203584,0.00524268,0.0062157,0.0114642,0.00398277,0.00423073,0.0064544,0.00191031,-0.00555614,0.0200283,0.0205495,-0.0161976,0.00149744,0.00194603,-0.0148332,0.00448548,0.0125403,0.00287194,0.0137275,0.00601943,0.00213339,0.019947,0.00766815,0.00753212,0.00537459,-0.000968685,0.0219178,0.0066402,0.0168987,0.03186,0.0115563,0.00450756,0.00603533,0.00523555,0.0130616,0.0030682,0.0244207,0.00386771,0.0101159,0.010445,0.0195476,0.00763184,0.00575882,0.010048,0.00452158,0.00409942,0.00488627,0.00997361,-0.00471967,0.00914712,0.0153057,0.00427282,0.0240458,0.000910277,-0.0127193,0.00889195,0.0167485,0.00495703,0.00918164,0.00958637,0.0199755,0.0162037,0.00934709,0.0104889,
0.98,-0.0049088,-0.00355996,0.0305441,0.00688827,0.015014,0.0164214,0.00598447,0.00122923,0.0127137,0.0119681,0.0211659,0.0111202,0.0112689,0.000999333,0.0101411,0.010845,0.0204062,0.00533649,0.00624454,0.0115116,0.00415506,0.00437354,0.00611665,0.00167019,-0.00554381,0.0188016,0.0206398,-0.00335115,0.00147465,0.00196052,-0.0148099,0.0045243,0.0126305,0.00292887,0.0134528,0.00618594,0.00208312,0.0198148,0.0076657,0.00759312,0.00580748,-0.00071276,0.0210794,0.00666459,0.0172439,0.0333169,0.0117772,0.00453506,0.00619812,0.00528068,0.0125506,0.00305426,0.0241198,0.00359041,0.0101287,0.0104528,0.0197939,0.00767082,0.00568036,0.0098796,0.00446892,0.00396065,0.00475893,0.00643691,-0.00469375,0.0089663,0.0151982,0.00418909,0.0247078,0.000868268,-0.0134382,0.00909147,0.0169392,0.00440256,0.00896944,0.00967154,0.0197791,0.0159514,0.00939959,0.0104905,
0.985,-0.00524013,-0.00364185,0.0306448,0.00680906,0.0153816,0.0174953,0.0060344,0.00123904,0.0128881,0.0121819,0.0220447,0.0114777,0.0112333,0.000923727,0.0101615,0.0108113,0.0204702,0.00543209,0.00627668,0.0115683,0.00432415,0.00451623,0.00629353,0.0028135,-0.00553509,0.0209966,0.0209276,0.000622846,0.0016505,0.00197385,-0.0147739,0.00457259,0.012727,0.0032244,0.0131896,0.00632848,0.0023013,0.0199652,0.0076679,0.00767043,0.0062426,-0.000418765,0.0205929,0.00669862,0.0177956,0.0347191,0.0119377,0.00451534,0.0063575,0.00532778,0.012751,0.00362618,0.0241643,0.00358587,0.0101554,0.0104742,0.0200406,0.00771305,0.00560939,0.00972678,0.00443154,0.00385422,0.00464387,0.00735929,-0.00467122,0.00925009,0.0154503,0.00411115,0.0252452,0.000818377,-0.0138757,0.00924798,0.0170757,0.00483567,0.00874746,0.00973441,0.0205303,0.0163869,0.00944166,0.010482,
0.99,-0.00555883,-0.0037209,0.030865,0.00673628,0.0157504,0.0190198,0.00608806,0.00119805,0.0129845,0.0122271,0.0224491,0.011885,0.0111943,0.000857319,0.0101809,0.0107916,0.0205571,0.00552747,0.0063092,0.0116274,0.00448623,0.0046525,0.0068357,0.00361648,-0.00468599,0.0214281,0.0211412,0.00231462,0.00190152,0.00198664,-0.0147302,0.00462728,0.0128268,0.00353517,0.0129365,0.00620277,0.00251512,0.0195502,0.00767874,0.00776721,0.00668143,-9.64507e-05,0.0207936,0.00674393,0.0185715,0.0358971,0.0120358,0.00445033,0.00650808,0.005379,0.0130264,0.00415017,0.024272,0.00369479,0.0101966,0.010514,0.0202877,0.00775887,0.00554269,0.00959241,0.00440943,0.00376962,0.00454058,0.0103557,-0.00378717,0.00966906,0.0157723,0.00404047,0.0249086,0.000761322,-0.0142057,0.00935909,0.0171609,0.00532389,0.0085174,0.00979355,0.0209622,0.0165159,0.00947373,0.010465,
0.995,-0.00585253,-0.00379288,0.0310094,0.0066675,0.0151384,0.0192983,0.0061412,0.00122396,0.0130564,0.0122736,0.0225271,0.0117822,0.0111225,0.000785976,0.0102039,0.010784,0.0206669,0.00562014,0.00633776,0.0116824,0.00463586,0.00477561,0.00678479,0.00242164,-0.00508495,0.0212799,0.0212217,0.00330071,0.00191903,0.00199928,-0.0146821,0.00468223,0.0129236,0.00337974,0.0126911,0.0061686,0.00245435,0.019988,0.00769746,0.00788161,0.00708778,0.000206249,0.0206482,0.00677867,0.019315,0.0368779,0.0120711,0.00434623,0.00663787,0.00543089,0.0129772,0.00422245,0.0239476,0.00353267,0.0102592,0.0105771,0.0205324,0.00780711,0.00548618,0.00947776,0.00439936,0.0036814,0.00444969,0.0098459,-0.00406846,0.00962172,0.0157869,0.00397799,0.0245567,0.000697558,-0.0144968,0.00942335,0.0172003,0.00521855,0.00828052,0.0098179,0.0209405,0.0164688,0.009496,0.0104399,
1,-0.00610518,-0.00385301,0.0313872,0.00660988,0.0147734,0.0194954,0.00619086,0.001159,0.013061,0.0121962,0.0236097,0.0120808,0.0110477,0.000708724,0.0102253,0.0107873,0.0207992,0.005708,0.00636311,0.0117266,0.00476667,0.00487858,0.00746463,0.00494759,-0.00497677,0.0239113,0.0212699,0.00367414,0.00208432,0.00201152,-0.0146349,0.00473622,0.0130188,0.00340457,0.0124513,0.00595586,0.00251247,0.0196062,0.00772342,0.00800697,0.0074636,0.000600757,0.0214094,0.00682319,0.0201927,0.0375831,0.0120473,0.00421261,0.00676556,0.00548652,0.0133757,0.00500247,0.0242862,0.00377976,0.0103478,0.0106703,0.0207715,0.00785767,0.00543597,0.00938203,0.00440261,0.00363582,0.00437337,0.0135372,-0.00395516,0.00996819,0.0159982,0.0039251,0.0235423,0.000627542,-0.0147696,0.00944195,0.0171992,0.00579465,0.00803934,0.00986094,0.0214689,0.0162991,0.00950865,0.0104075,
1.005,-0.00630229,-0.00389671,0.0314049,0.00655715,0.0141576,0.0195839,0.0062358,0.00122172,0.0130535,0.0121594,0.0235573,0.0120236,0.0109876,0.000636334,0.0102419,0.0107952,0.0209452,0.00578874,0.00639516,0.0117533,0.00487323,0.00495645,0.00721261,0.00295817,-0.00497225,0.0230259,0.0213836,0.00383818,0.00223888,0.0020228,-0.014598,0.00478591,0.0131096,0.00336389,0.0122151,0.00591041,0.00243621,0.0202446,0.00775337,0.00814062,0.00780371,0.000954293,0.0214009,0.0068451,0.0207179,0.0382015,0.0119724,0.00405642,0.0068681,0.00554263,0.0133212,0.00496016,0.0238348,0.00356076,0.0104668,0.0107958,0.0210041,0.00790949,0.00539428,0.009304,0.00441561,0.00356875,0.00431153,0.0123365,-0.0039161,0.00995076,0.0160637,0.00388157,0.0235639,0.000551208,-0.0150248,0.00942113,0.0171644,0.00568747,0.0077955,0.00986957,0.0213701,0.0169973,0.00951206,0.0103682,
1.01,-0.00643125,-0.00392016,0.0316496,0.00650826,0.0140205,0.019995,0.00627318,0.001104,0.0131262,0.0123566,0.022819,0.0119352,0.0110635,0.00086046,0.0102504,0.0108072,0.0211068,0.00585986,0.00642877,0.0117559,0.00495108,0.00500349,0.00676337,0.00157094,-0.00506371,0.0208382,0.0216866,0.00392934,0.00234469,0.00203168,-0.0145768,0.00483113,0.013198,0.00334976,0.0119797,0.00614346,0.00242592,0.0216905,0.00778966,0.00828195,0.00808825,0.00122658,0.0208597,0.0068495,0.0209936,0.0391381,0.011858,0.00389106,0.00697638,0.0055978,0.0130067,0.004561,0.0233325,0.00325959,0.0106228,0.0109592,0.0212216,0.00796227,0.00536742,0.00924153,0.00443934,0.00352431,0.00426451,0.00907851,-0.00396018,0.00977976,0.0161594,0.00384819,0.0243314,0.000469142,-0.015255,0.00936813,0.0171112,0.00519874,0.00755173,0.0098583,0.021008,0.0181708,0.00950618,0.0103223,
1.015,-0.00647993,-0.00392022,0.0324604,0.00646403,0.0137253,0.021248,0.00630317,0.00124244,0.0132158,0.0125827,0.0225406,0.0120962,0.0109621,0.000881699,0.0102512,0.010811,0.0212761,0.0059199,0.00645917,0.0117288,0.00499639,0.00501497,0.00657828,0.00192271,-0.00458136,0.0205015,0.0221768,0.00399042,0.00261323,0.00203653,-0.0145846,0.00487197,0.0132847,0.00343565,0.0117426,0.0062341,0.00242815,0.0238512,0.00782943,0.00842445,0.00832268,0.00142436,0.0202389,0.00684446,0.02116,0.0406767,0.0117178,0.00372938,0.00710859,0.00565259,0.0127973,0.00457602,0.0230957,0.00310436,0.0108165,0.0111604,0.0214248,0.00801546,0.00535871,0.00919205,0.00446827,0.00350666,0.00423122,0.00734231,-0.00353466,0.00969955,0.016544,0.00382464,0.0245901,0.000381736,-0.0154655,0.00929193,0.0170515,0.00515189,0.00731062,0.00982344,0.0210262,0.0202981,0.00949157,0.0102699,
1.02,-0.00643756,-0.00389375,0.0327905,0.00642802,0.0136543,0.022206,0.00632586,0.00102208,0.0132508,0.0126426,0.023117,0.0123734,0.010814,0.000772889,0.0102349,0.0108029,0.0214473,0.00596623,0.00648443,0.0116674,0.00500532,0.00498773,0.00682064,0.00299711,-0.00393474,0.0216163,0.0223336,0.00403253,0.002921,0.00203544,-0.0146301,0.00490545,0.0133655,0.0036028,0.0115011,0.00613353,0.0024605,0.0234151,0.00787514,0.00856565,0.00850674,0.00155273,0.0200606,0.00683397,0.0212981,0.0416036,0.0115713,0.00358832,0.00722763,0.00570813,0.0129652,0.00467928,0.0231128,0.00312689,0.0110464,0.0113948,0.0216123,0.0080676,0.00535667,0.0091528,0.00450338,0.00349999,0.00421103,0.00950827,-0.00292877,0.00996133,0.0167355,0.00381066,0.0244602,0.000289965,-0.0156587,0.00920693,0.0169975,0.00537023,0.00707538,0.00978092,0.0211822,0.0201999,0.00946816,0.0102118,
1.025,-0.00629782,-0.00383905,0.0330799,0.00640013,0.0136847,0.0225869,0.00634206,0.00132638,0.0132868,0.0126792,0.023479,0.0124419,0.0107122,0.000652337,0.0102051,0.0107784,0.0216109,0.00599844,0.00650087,0.0115668,0.00497724,0.00491977,0.00716958,0.00351436,-0.00399166,0.0222746,0.0223429,0.00405775,0.00311074,0.00202649,-0.0147189,0.00493394,0.0134454,0.00352135,0.0112528,0.00614604,0.00243526,0.0224141,0.00792459,0.00870451,0.00861838,0.00162562,0.0203776,0.00681398,0.0213753,0.0420618,0.0114321,0.00347859,0.00734958,0.00576611,0.0131456,0.00490542,0.0231138,0.00317227,0.0112999,0.0116558,0.021779,0.00811816,0.00536501,0.00912156,0.00453913,0.00351277,0.00420286,0.0115859,-0.00294642,0.0101944,0.0167958,0.00380581,0.0243663,0.000194808,-0.0158239,0.00912492,0.0169625,0.0054721,0.00684917,0.0097808,0.0213087,0.0193838,0.00943653,0.010149,
1.03,-0.00605728,-0.00375498,0.0337512,0.0063778,0.0137465,0.0233241,0.00635381,0.000891733,0.0133367,0.0127777,0.0236934,0.0125002,0.0106309,0.000534478,0.0101531,0.0107287,0.021769,0.00601518,0.00650675,0.0114247,0.00491152,0.00480982,0.00713424,0.00311087,-0.00395313,0.0225239,0.0227201,0.00406562,0.00333964,0.00200837,-0.0148566,0.00495874,0.0135248,0.00352175,0.0109954,0.00617673,0.00243313,0.024483,0.00797662,0.00884337,0.00865435,0.00165324,0.0205725,0.00677455,0.0212769,0.0427258,0.0113158,0.00340921,0.00748705,0.00582644,0.0132146,0.00501648,0.0229005,0.00308902,0.0115719,0.0119334,0.0219239,0.00816576,0.00538659,0.00909537,0.00457424,0.003526,0.00420476,0.0120973,-0.00290637,0.0102593,0.0170258,0.00380916,0.0243032,9.75669e-05,-0.0159498,0.00905836,0.016954,0.00549741,0.00663601,0.0098045,0.0213746,0.0210448,0.00939757,0.0100832,
1.035,-0.00571937,-0.003641,0.033975,0.00636012,0.0139922,0.024255,0.00636342,0.00156333,0.0133256,0.0127215,0.0240722,0.0128299,0.0105635,0.000429482,0.0100838,0.0106528,0.021911,0.0060158,0.00650041,0.0112389,0.00481038,0.00465926,0.00720365,0.00373138,-0.00312655,0.0232023,0.0228035,0.00405486,0.00369716,0.00198021,-0.0150437,0.00498231,0.0136061,0.00379841,0.0107271,0.00601498,0.00251427,0.0236202,0.00803047,0.00898011,0.00863376,0.00164396,0.0209302,0.00672315,0.0211004,0.0429522,0.0112286,0.0033806,0.00760423,0.00589052,0.0134166,0.00518782,0.022846,0.00308918,0.0118504,0.0122142,0.02205,0.00821042,0.00541068,0.00907147,0.00460479,0.00353833,0.00421508,0.0131871,-0.00213828,0.0105754,0.0172264,0.0038199,0.0240874,0,-0.0160203,0.00901271,0.0169753,0.00583273,0.00643952,0.00984013,0.021618,0.0205943,0.00935253,0.0100169,
1.04,-0.00524619,-0.00349759,0.0341821,0.00634755,0.014196,0.0246127,0.00637445,0.000733235,0.0133333,0.0127013,0.024442,0.0128355,0.0104965,0.000335853,0.00999037,0.0105475,0.0220364,0.00600158,0.00648103,0.0110082,0.00467479,0.0044693,0.00731304,0.00421542,-0.00325377,0.0238385,0.0227425,0.00402501,0.00390531,0.00194166,-0.0152785,0.00500571,0.0136893,0.0036791,0.0104461,0.00604444,0.00248044,0.0224181,0.00808954,0.00911651,0.00853056,0.00160577,0.021461,0.00665863,0.0208471,0.0428313,0.0111741,0.00339255,0.00771857,0.00595873,0.0136066,0.00539273,0.0228045,0.00310702,0.0121277,0.0124965,0.0221593,0.00824982,0.00544208,0.00904744,0.0046269,0.0035614,0.00423141,0.0145315,-0.00215762,0.0107615,0.0172382,0.00383665,0.0240074,-9.36591e-05,-0.0160183,0.00899154,0.0170221,0.00592612,0.0062632,0.00992104,0.021719,0.0195742,0.0093018,0.00995208,
1.045,-0.004718,-0.00332595,0.0348932,0.0063366,0.0143576,0.0251702,0.00638816,0.00192803,0.0134197,0.0128749,0.0245918,0.0127513,0.0104149,0.000216723,0.00987489,0.0104135,0.0221483,0.00597219,0.00644861,0.0107331,0.00450952,0.00424446,0.00705174,0.00376135,-0.00366041,0.023961,0.0231255,0.00397585,0.00405663,0.0018934,-0.0155687,0.00503183,0.0137767,0.00352589,0.0101514,0.00623784,0.00243579,0.0251709,0.00815145,0.00925373,0.00835145,0.00153752,0.0216281,0.00657412,0.0204211,0.0430711,0.011147,0.00343408,0.00786001,0.00603069,0.0136647,0.00548272,0.0225526,0.00299521,0.0124046,0.012778,0.0222541,0.00828395,0.00548488,0.00902092,0.00463762,0.00357939,0.00425122,0.014415,-0.00250663,0.010785,0.0173759,0.00385812,0.0243017,-0.000186732,-0.0159326,0.00899026,0.017086,0.00586212,0.00611096,0.0100389,0.0217351,0.0215549,0.00924626,0.00989105,
1.05,-0.00404034,-0.00312893,0.0350028,0.00632551,0.0147027,0.0263776,0.00640605,0.00068033,0.0134378,0.0128522,0.0248205,0.0132016,0.0103569,0.00013491,0.00973487,0.0102504,0.0222429,0.00593004,0.00640416,0.0104147,0.00432064,0.00398913,0.00685166,0.00407704,-0.00224776,0.0243385,0.0232286,0.00390806,0.00444267,0.00183646,-0.0159282,0.00506172,0.0138679,0.00401985,0.00984229,0.00610891,0.00254896,0.024436,0.00821511,0.00939136,0.00814258,0.00144339,0.021732,0.00647656,0.0199063,0.0430142,0.0111372,0.00349172,0.00797468,0.00610688,0.0138232,0.00557329,0.0224169,0.00293582,0.0126735,0.0130471,0.0223329,0.00831165,0.00552352,0.00898968,0.00463502,0.00358029,0.00427185,0.0144943,-0.00124492,0.0110859,0.017626,0.00410225,0.0243572,-0.000274529,-0.0157581,0.00900195,0.0171569,0.00623255,0.00598526,0.0101475,0.0219645,0.0212489,0.00918775,0.0098371,
1.055,-0.00332951,-0.00291003,0.034867,0.00631183,0.0149201,0.0272541,0.00642767,0.00213121,0.0134622,0.0128433,0.0247748,0.0131905,0.0102721,5.75834e-06,0.00957544,0.0100585,0.0223208,0.00587618,0.00634869,0.0100561,0.00411358,0.00371005,0.00638665,0.00353841,-0.00178935,0.0240924,0.0232417,0.0038228,0.00481603,0.00177269,-0.0163722,0.00509388,0.0139598,0.00401329,0.00951843,0.00612902,0.00250812,0.023168,0.00828212,0.00952803,0.0078883,0.00132686,0.021444,0.00636184,0.0192331,0.0427478,0.0111352,0.00355818,0.00806161,0.00618522,0.0138233,0.00544074,0.0220963,0.00276329,0.0129271,0.0133006,0.0223972,0.00833219,0.00556465,0.00895063,0.00461649,0.00357045,0.00429084,0.0134274,-0.000148395,0.0111333,0.0176711,0.00402846,0.0246547,-0.000354836,-0.015504,0.00901945,0.0172225,0.00619682,0.00588876,0.0102362,0.0219291,0.020487,0.0091286,0.00979372,
1.06,-0.00258553,-0.0026727,0.03554,0.00629378,0.0151396,0.028166,0.00645108,0.000753661,0.0135949,0.0130995,0.0246592,0.0129925,0.0101859,-0.000133937,0.0093999,0.00984755,0.0223823,0.00581353,0.00628394,0.00965976,0.00389631,0.00341128,0.00599645,0.00361018,-0.00195168,0.0237698,0.0236686,0.00372204,0.00509981,0.00170488,-0.0169162,0.00512718,0.0140507,0.00374542,0.00918038,0.00640816,0.00242932,0.0263916,0.0083463,0.00966313,0.00759086,0.00119107,0.02103,0.00623663,0.0184381,0.0429964,0.0111306,0.00362159,0.00818202,0.00626562,0.0137583,0.00551092,0.0218676,0.00263771,0.0131547,0.0135301,0.0224548,0.00834493,0.00561458,0.00890297,0.00457911,0.00356955,0.00430545,0.0125529,0.00228049,0.0110649,0.017798,0.00400421,0.0251369,-0.000395413,-0.0152021,0.00903472,0.0172717,0.00600227,0.00582302,0.0103403,0.0219027,0.0224116,0.0090718,0.00976368,
1.065,-0.00170285,-0.00241742,0.0354035,0.00627033,0.0154598,0.0289815,0.00647324,0.00209361,0.0136818,0.0131582,0.0246146,0.0132535,0.0100997,-0.000283729,0.00921215,0.00961751,0.0224331,0.00574345,0.00621239,0.00923575,0.00367425,0.00309799,0.00566715,0.00374035,-0.00112013,0.0236841,0.0236958,0.00360786,0.00541853,0.00163728,-0.0175854,0.00515856,0.0141375,0.00402157,0.00882912,0.00639004,0.00245657,0.0255028,0.00841124,0.00979315,0.00729169,0.00103925,0.0205781,0.00610681,0.0174727,0.0427318,0.0111123,0.003675,0.00826871,0.00634687,0.0137769,0.00539424,0.0216839,0.0025291,0.0133487,0.0137286,0.0225042,0.00834914,0.00565469,0.00884386,0.00452223,0.00353505,0.00431311,0.0121011,0.00134754,0.0111568,0.0178122,0.00400248,0.0253073,-0.000417037,-0.0148896,0.00903882,0.0172988,0.00610088,0.00578833,0.0104257,0.0219159,0.0217159,0.0090198,0.00975001,
1.07,-0.000675955,-0.00214691,0.0350531,0.00624371,0.0157969,0.029426,0.00649202,0.000856439,0.0137693,0.013179,0.0247766,0.0132888,0.01015,-0.000288141,0.0090114,0.00938724,0.022472,0.00566909,0.00613617,0.00880184,0.00345506,0.00277829,0.00554816,0.00439389,0.000115473,0.0241042,0.0235492,0.00348292,0.0056586,0.0015746,-0.018394,0.00518897,0.0142215,0.00398897,0.00846667,0.00639707,0.0024431,0.0230966,0.00847535,0.00991419,0.00698334,0.000878734,0.0203529,0.00598748,0.0163974,0.0420989,0.0110719,0.00371132,0.00833154,0.00642897,0.0138999,0.00545871,0.0217167,0.00253865,0.0135055,0.0138891,0.0225493,0.00834483,0.00569119,0.0087727,0.00444584,0.00349728,0.00431147,0.0128051,0.0016373,0.0112739,0.0177496,0.00400906,0.025393,-0.000423876,-0.0145942,0.00902295,0.0172983,0.00614007,0.00578455,0.0105198,0.0219856,0.0203438,0.00897527,0.00975317,
1.075,0.001576,-0.00186752,0.0355378,0.00621094,0.0161234,0.0302152,0.0065051,0.0019769,0.0139369,0.0134022,0.0249304,0.0132353,0.0100021,-0.00040443,0.00880013,0.00915442,0.0224983,0.00559263,0.00605856,0.00837172,0.00324513,0.0024569,0.0053871,0.00462865,0.00337054,0.0244627,0.0240173,0.00335046,0.00586087,0.00152149,-0.0193106,0.00521421,0.0142944,0.00383888,0.008096,0.00662683,0.00240386,0.0265267,0.00853811,0.0100271,0.00667722,0.000707537,0.0202291,0.00588169,0.0153462,0.0420047,0.011006,0.00372813,0.00843238,0.00651294,0.0139926,0.00564498,0.0215859,0.00249812,0.0136183,0.0140024,0.0225897,0.00833177,0.00573288,0.00868768,0.00434832,0.00345701,0.00429843,0.0133373,0.00131485,0.0113428,0.0179213,-0.0183688,0.025832,-0.000419316,-0.0143008,0.00898471,0.0172691,0.00613589,0.0058099,0.0106519,0.0220838,0.0223339,0.00893997,0.00977331,
1.08,0.00272737,-0.00158468,0.0353645,0.006173,0.0165501,0.0315008,0.00650884,0.000958135,0.0140277,0.0134107,0.0251153,0.013621,0.00989751,-0.000392913,0.00858966,0.00893319,0.022518,0.00551681,0.00598169,0.00795775,0.00305051,0.00213619,0.00517227,0.00478001,0.00221523,0.0248996,0.0241031,0.0032136,0.00627257,0.00148191,-0.0201859,0.00523025,0.01436,0.0043283,0.00772065,0.00651021,0.00249592,0.025463,0.00859582,0.0101271,0.00642294,0.000534715,0.0201358,0.0057881,0.0146008,0.0417105,0.0109114,0.00372465,0.00850743,0.00659935,0.0141485,0.00570643,0.021442,0.00244225,0.0136827,0.0140676,0.0226313,0.00831017,0.00576271,0.00858871,0.00423261,0.00337535,0.00427261,0.0136659,0.00335794,0.0115972,0.0181121,-0.00471396,0.0259717,-0.00040629,-0.0140043,0.00892088,0.0172131,0.00643262,0.00586185,0.0107682,0.0222796,0.0218224,0.00891543,0.00980901,
1.085,0.00350663,-0.00128867,0.0349943,0.00612914,0.0168737,0.0321419,0.00650172,0.00183724,0.0140868,0.0133581,0.0251383,0.0135608,0.0098847,-0.000391043,0.00837893,0.00872156,0.0225338,0.00544338,0.00590904,0.00758132,0.00287599,0.00182324,0.00484443,0.00463438,0.00195194,0.0249737,0.0239811,0.00307547,0.00661982,0.00145908,-0.0207888,0.00523901,0.0144162,0.00424231,0.00734492,0.00640326,0.00243101,0.0230696,0.00865025,0.0102119,0.0061905,0.000365607,0.0199152,0.0057048,0.0141448,0.0411914,0.0107908,0.00370278,0.00855013,0.00668585,0.0141961,0.00563852,0.0212632,0.00235149,0.0136923,0.0140774,0.0226739,0.00828005,0.00578754,0.00847528,0.00409933,0.00327605,0.00423299,0.0133909,0.00224344,0.0116117,0.0180703,4.97726e-05,0.0257424,-0.000387337,-0.0137101,0.00883495,0.017137,0.00640587,0.00593775,0.0108595,0.0222983,0.020379,0.00890265,0.00985812,
1.09,0.00415613,-0.000974766,0.0356183,0.00607922,0.0171617,0.0327776,0.00648081,0.00105016,0.0142133,0.0135236,0.0252262,0.0133966,0.00974129,-0.000395979,0.00817278,0.00852743,0.022548,0.00537425,0.00584227,0.00724384,0.00272603,0.00152379,0.00464847,0.00501001,0.00139349,0.0252521,0.0245109,0.00293978,0.00683899,0.00145532,-0.0210574,0.00523603,0.0144573,0.00393033,0.00697312,0.00653593,0.00236101,0.0276707,0.00869602,0.0102779,0.00598386,0.000199517,0.0197841,0.00563567,0.0138246,0.0412974,0.0106538,0.00367264,0.00862946,0.00677264,0.014225,0.00585426,0.0211347,0.0023065,0.0136419,0.0140248,0.0227222,0.00824202,0.00581663,0.00834797,0.00394916,0.00318173,0.0041783,0.0135804,0.00117642,0.0115157,0.0181699,0.00136649,0.0256588,-0.000364541,-0.0134179,0.00873382,0.0170525,0.00634657,0.00603492,0.0109659,0.0223608,0.0230914,0.00890189,0.00991766,
1.095,0.00477879,-0.000625388,0.0355444,0.00602456,0.0175123,0.0332908,0.00644467,0.00170313,0.014285,0.0135018,0.025431,0.0136355,0.0096227,-0.000405552,0.00797587,0.0083516,0.022563,0.00531118,0.0057845,0.00694597,0.00260224,0.00123245,0.00457328,0.00548813,0.00278988,0.0258292,0.0245315,0.00280917,0.00705341,0.00147214,-0.0210427,0.00521851,0.0144825,0.00416106,0.00661045,0.00641963,0.00238657,0.026622,0.00873702,0.0103239,0.00582782,3.3427e-05,0.0198597,0.0055849,0.0135685,0.0410574,0.0105133,0.00364541,0.00868922,0.00685961,0.0143713,0.0059403,0.0210746,0.00229703,0.013522,0.0139015,0.0227739,0.00819631,0.00583312,0.00820734,0.00378663,0.00305076,0.00410862,0.0143184,0.00276462,0.0116668,0.0181728,0.00219889,0.0254777,-0.000339661,-0.0131261,0.00862886,0.0169741,0.00654939,0.00615099,0.0110699,0.022489,0.0224762,0.00891245,0.00998488,
1.1,0.00526461,-0.000231831,0.0353726,0.00597124,0.0178321,0.033154,0.00639314,0.00112479,0.0143616,0.0134909,0.0255732,0.0134984,0.00972762,-0.000417966,0.00779109,0.00819894,0.0225832,0.00525596,0.00573748,0.00668745,0.00250557,0.000948303,0.00447578,0.005679,0.00174139,0.0262478,0.0242976,0.00268585,0.00712873,0.00151035,-0.0207992,0.00518994,0.0144967,0.00391196,0.00626168,0.00639269,0.00230702,0.0237936,0.00876865,0.0103517,0.00570651,-0.000136726,0.0200246,0.0055503,0.0133348,0.0405936,0.0103891,0.00363597,0.00873612,0.00694574,0.0144797,0.00601426,0.0210589,0.00229797,0.0133319,0.013704,0.022835,0.00814375,0.00584452,0.00805486,0.00361143,0.00290769,0.00402438,0.0149073,0.00145263,0.0117176,0.0180297,0.00260249,0.0251743,-0.00031439,-0.0128369,0.00853448,0.0169228,0.00651795,0.00628514,0.0111816,0.0225651,0.0204898,0.00893345,0.010056,
1.105,0.00563542,0.00018318,0.036102,0.00592435,0.0179873,0.0329188,0.00632809,0.00159595,0.014517,0.0137029,0.0256816,0.0131855,0.00959865,-0.000473305,0.00762425,0.00807176,0.0226081,0.0052091,0.00570313,0.006468,0.00243538,0.000665399,0.00436531,0.00580879,0.000177502,0.0265841,0.024743,0.00257213,0.0069925,0.00156981,-0.0203566,0.00514804,0.0144971,0.00337711,0.00593186,0.00656894,0.00217656,0.0277313,0.00879564,0.0103573,0.00561026,-0.000308503,0.0202182,0.00552967,0.0131391,0.0407362,0.0102971,0.00365812,0.00882596,0.00703065,0.0145069,0.00620397,0.020946,0.00226933,0.0130681,0.0134365,0.0229029,0.00808487,0.00586008,0.00789167,0.00342615,0.00276416,0.00392565,0.0153316,-1.17205e-06,0.0115114,0.0179893,0.00273495,0.0250009,-0.000290291,-0.0125533,0.00846663,0.0169098,0.00630962,0.00643478,0.0113171,0.0225243,0.0225143,0.00896338,0.0101277,
1.11,0.00599096,0.000413621,0.0361684,0.00588574,0.0181628,0.032782,0.00625289,0.00117459,0.0146531,0.0137863,0.0259073,0.0135292,0.00952028,-0.000477792,0.00747088,0.00797156,0.0226458,0.00517176,0.00568265,0.00628723,0.00239103,0.000394648,0.0043702,0.00626058,0.0061204,0.0272353,0.0247208,0.00246998,0.00686095,0.00164958,-0.0197151,0.00509633,0.0144885,0.0037324,0.00562575,0.00657223,0.00222779,0.0266918,0.00881358,0.0103441,0.00557975,-0.000469254,0.0205777,0.00552825,0.0130168,0.0406318,0.0102552,0.00372014,0.00891338,0.00711527,0.0146816,0.00634122,0.0209193,0.00228412,0.0127398,0.0131027,0.0229799,0.0080203,0.00586351,0.00772034,0.00323664,0.0025884,0.00381375,0.0161521,0.00533291,0.011742,0.0179814,0.00276625,0.0251291,-0.000268342,-0.0122689,0.00843856,0.0169475,0.00659961,0.00659658,0.0114721,0.0226939,0.0218456,0.00900063,0.0101971,
1.115,0.00624466,0.000791223,0.0362566,0.00585497,0.0182631,0.0325718,0.00617332,0.00152529,0.0147861,0.013845,0.0261319,0.0134898,0.00937254,-0.000485121,0.00733329,0.00789836,0.0226923,0.00514352,0.00567668,0.00614487,0.00236934,0.000146178,0.00440287,0.00655585,-0.000655208,0.0278638,0.0246677,0.00238137,0.00677914,0.0017474,-0.0188441,0.00503919,0.0144755,0.00360694,0.00534788,0.00657938,0.00217996,0.0250147,0.00882424,0.0103134,0.00560232,-0.000554446,0.0210472,0.00554314,0.0129461,0.0405441,0.0102734,0.00383147,0.0090063,0.00720009,0.014835,0.0065144,0.0208369,0.00228459,0.0123573,0.0127163,0.0230681,0.0079511,0.00586351,0.00754194,0.00304291,0.00240394,0.00368894,0.0170086,-0.000759101,0.011967,0.018016,0.00275816,0.0250803,-0.000249844,-0.0119805,0.00845938,0.0170438,0.00669801,0.00677075,0.0116463,0.0229036,0.0209536,0.00904371,0.0102622,
1.12,0.00638151,0.00113099,0.0374013,0.00583256,0.0184991,0.0327163,0.00609394,0.00121089,0.0150291,0.0141885,0.0263725,0.0132952,0.00931536,-0.00049417,0.00721727,0.00785249,0.022751,0.00512554,0.00568623,0.00603974,0.00236966,-8.32733e-05,0.00446891,0.00685322,-0.00189869,0.0285092,0.0252826,0.0023071,0.00662714,0.00185984,-0.0176031,0.00498144,0.0144629,0.00323843,0.00510217,0.00688392,0.00216033,0.0290556,0.00883082,0.0102687,0.00566112,-0.000585204,0.0215992,0.00557512,0.012933,0.0412625,0.0103581,0.00399579,0.00917377,0.00728669,0.0149715,0.00685497,0.0207971,0.00230548,0.0119295,0.0122968,0.0231655,0.00787663,0.00586944,0.00735875,0.00284918,0.00222909,0.00355319,0.0178785,-0.00204478,0.0120351,0.018184,0.00273322,0.0253973,-0.000235255,-0.0116871,0.00853627,0.0172003,0.00672302,0.00695812,0.0118736,0.0230725,0.0233604,0.00909109,0.0103227,
1.125,0.00651994,0.00139594,0.0376827,0.00581496,0.018362,0.0332192,0.00602043,0.00148653,0.0152246,0.0143856,0.0264595,0.0135631,0.00958239,-0.000504266,0.0071202,0.00783419,0.0228243,0.00511664,0.00571139,0.00597035,0.00239008,-0.000287631,0.00429177,0.00625333,-0.000276129,0.0287408,0.0254631,0.00224856,0.00662352,0.00198267,-0.0157939,0.00492841,0.0144543,0.00370494,0.00489158,0.00685156,0.00222758,0.0286282,0.00882992,0.0102147,0.00578962,-0.000562339,0.0218201,0.00561326,0.0128523,0.0418616,0.0105112,0.00421226,0.00932831,0.00737375,0.0150685,0.0069322,0.0207165,0.00224218,0.0114782,0.0118632,0.0232733,0.00779879,0.00586369,0.00717308,0.00265805,0.00200345,0.00340679,0.0176527,-0.00101943,0.0120734,0.0183344,0.00269869,0.0255039,-0.000204252,-0.0113926,0.00866982,0.0174163,0.00682121,0.00715972,0.0120726,0.0231074,0.023266,0.00914157,0.0103787,
1.13,0.00652099,0.00156885,0.0388159,0.00580328,0.0182275,0.033934,0.00595475,0.00125009,0.0154797,0.0147491,0.0264117,0.0134553,0.00955505,-0.000316409,0.00704672,0.00784253,0.022909,0.00511696,0.00575089,0.005935,0.00242709,-0.000299221,0.00404675,0.00576623,0.00105017,0.028627,0.0261926,0.00220564,0.0066882,0.00211138,-0.0136781,0.00487933,0.0144465,0.00356212,0.00471799,0.00696882,0.00225028,0.0324827,0.00882869,0.0101535,0.00594838,-0.000488173,0.0217665,0.00566183,0.01281,0.043116,0.0107264,0.00447131,0.00952821,0.00746035,0.0150737,0.00706836,0.0204955,0.00211816,0.0110236,0.0114333,0.0233883,0.00771758,0.00586369,0.00698707,0.00247211,0.00179388,0.00325287,0.0167813,-0.0011535,0.0121366,0.0186482,0.00265723,0.0253302,-0.000164262,-0.0111003,0.00885611,0.0176794,0.00691155,0.00737577,0.0122659,0.023388,0.0263168,0.00919451,0.0104314,
1.135,0.00650493,0.00166536,0.0388065,0.00579751,0.0177246,0.0339978,0.00589806,0.00146077,0.0156698,0.0149383,0.0262991,0.0135764,0.00997293,0.000551903,0.00699313,0.00786882,0.023007,0.00512554,0.00580489,0.00593061,0.002481,-0.000273001,0.00387558,0.00557154,0.00164102,0.0283887,0.026347,0.00217753,0.00671393,0.00224201,-0.0125701,0.00483779,0.0144442,0.00372654,0.00458222,0.00679264,0.00230427,0.0318835,0.00882488,0.0100916,0.00615627,-0.000366304,0.0216034,0.00572316,0.0128188,0.0437842,0.0109899,0.00476043,0.00968121,0.00754385,0.015117,0.00699524,0.0205741,0.002095,0.0105809,0.0110198,0.0235132,0.0076329,0.0058498,0.00680995,0.00229464,0.0015454,0.00309186,0.015937,-0.000581535,0.0120721,0.0186842,0.00261092,0.0248482,-0.000116846,-0.0108108,0.00908336,0.017973,0.00695075,0.00760591,0.012403,0.0233628,0.0259229,0.00924892,0.0104814,
1.14,0.00639098,0.00170749,0.0397387,0.00579595,0.0169079,0.0344365,0.00584929,0.00129541,0.0159107,0.015281,0.026058,0.0134687,0.00976447,5.96025e-05,0.00695686,0.00791399,0.0231168,0.00514133,0.00587129,0.00595427,0.00254801,-0.000203682,0.00364174,0.00498634,0.000291103,0.0278108,0.0272326,0.002164,0.00681506,0.00237126,-0.0116857,0.00480221,0.0144434,0.00350318,0.00448437,0.0068934,0.00226778,0.0360847,0.00882327,0.010035,0.00639094,-0.00020033,0.0212129,0.00579285,0.012843,0.0450274,0.0112819,0.00505628,0.00986567,0.00762398,0.0150238,0.00701724,0.0202265,0.00191519,0.0101631,0.0106378,0.023646,0.00754558,0.00584544,0.00664609,0.00212723,0.00131954,0.00292655,0.0145987,-0.000616371,0.0121126,0.0190609,0.00256023,0.0247222,-6.40894e-05,-0.0105217,0.0093363,0.0182742,0.00702097,0.00784849,0.0125176,0.0235666,0.029451,0.00930407,0.0105294,
1.145,0.0062444,0.00171287,0.0393596,0.00580039,0.0164888,0.0337104,0.00580586,0.00144049,0.0160757,0.0154231,0.0256856,0.013525,0.0105098,0.00213462,0.00693576,0.00797689,0.0232367,0.00516256,0.00594899,0.00600239,0.00262649,-9.38513e-05,0.00344502,0.00461338,0.000408836,0.0269295,0.0272898,0.00216295,0.00673499,0.00249751,-0.0106738,0.00477154,0.0144436,0.00369323,0.00442343,0.00663031,0.00239241,0.0350232,0.00882069,0.0099863,0.00664646,-2.08918e-06,0.0206932,0.00587269,0.0128896,0.045447,0.0115814,0.0053363,0.00997459,0.00769603,0.0150152,0.00676129,0.0204241,0.0019105,0.00977288,0.0102918,0.0237855,0.00745584,0.00582534,0.00649435,0.00197251,0.00103713,0.00275971,0.0132551,-0.000978536,0.0120308,0.0189737,0.00250641,0.0237277,-8.66249e-06,-0.0102287,0.00959701,0.0185584,0.00704588,0.00810086,0.0125677,0.0235422,0.0286015,0.00935942,0.0105755,
1.15,0.00607754,0.00169365,0.0401161,0.00580919,0.015736,0.0340845,0.00576394,0.00132703,0.0162871,0.0157042,0.0253014,0.0136356,0.0100835,0.000870033,0.00693151,0.00804454,0.0233659,0.00518902,0.00603615,0.00607084,0.00271295,2.74577e-05,0.0032326,0.00410281,0.00066489,0.0260616,0.0285256,0.00217256,0.00679733,0.00262,-0.00943508,0.00474139,0.0144393,0.00371968,0.00439791,0.00674223,0.00240089,0.0403239,0.00882082,0.00994689,0.00692082,0.000139279,0.0199976,0.00595862,0.0129634,0.0465299,0.0118655,0.00557806,0.0101155,0.0077619,0.0148579,0.0067429,0.0199011,0.0016537,0.00942618,0.00998728,0.0239325,0.00736399,0.0058195,0.00635472,0.00182851,0.000817599,0.00258991,0.011716,-0.00169766,0.0121036,0.0194777,0.00245017,0.024051,4.63736e-05,-0.0099279,0.00984696,0.018805,0.00724533,0.00835968,0.0126061,0.0237174,0.0335383,0.00941401,0.010619,
1.155,0.00588148,0.00166095,0.0397012,0.00582657,0.0165861,0.0334382,0.00571962,0.00141775,0.0164235,0.015796,0.0249653,0.0136663,0.0108726,0.00391178,0.00693906,0.00811994,0.0235011,0.00521789,0.0061302,0.0061567,0.00280324,0.000112306,0.0031672,0.00409842,-0.000558325,0.0254007,0.0283804,0.00219118,0.00667091,0.00273853,-0.00785328,0.00471115,0.0144326,0.00398685,0.00440584,0.00649893,0.00261981,0.0385818,0.00882559,0.00991762,0.00720114,0.000478191,0.0193331,0.00605441,0.0130764,0.0468305,0.0121153,0.00576488,0.0101827,0.00781819,0.0148697,0.00652431,0.0202266,0.00170863,0.00912388,0.00973166,0.0240846,0.00727077,0.00579884,0.00622843,0.00170369,0.000544576,0.002422,0.0109757,-0.00294388,0.0120454,0.0193579,0.00239278,0.0232313,9.81531e-05,-0.00960996,0.0100696,0.0189976,0.00731168,0.00862124,0.0125971,0.0237559,0.0322227,0.00946709,0.0106593,
1.16,0.00568489,0.00161689,0.0388668,0.00585276,0.0160498,0.0320851,0.00566978,0.00133006,0.0164982,0.0157224,0.0249675,0.0134083,0.0102898,0.00125173,0.00695571,0.0081994,0.0236424,0.00524906,0.00622994,0.0062552,0.00289545,0.000267712,0.00338432,0.00471092,-0.00193335,0.0258478,0.0277081,0.00221594,0.00659846,0.00285288,-0.0060432,0.00467461,0.0144158,0.00361531,0.00444518,0.00643175,0.00244798,0.0316435,0.00883037,0.00989898,0.00748295,0.000814318,0.0190062,0.00616346,0.0132782,0.0466116,0.0123133,0.00588252,0.0101855,0.00786548,0.0147955,0.00628624,0.0197854,0.0015742,0.00887345,0.00952651,0.0242401,0.00717576,0.00577893,0.00611614,0.00159707,0.000360223,0.0022525,0.0119298,-0.00352847,0.0123781,0.0190345,0.00233573,0.0235232,0.000143875,-0.00927876,0.010251,0.0191244,0.00718419,0.00888161,0.0125623,0.0237688,0.0265454,0.00951794,0.0106949,
1.165,0.00550831,0.00156764,0.0386423,0.00588885,0.0178871,0.0317649,0.0056122,0.00137849,0.016556,0.0157102,0.0249723,0.0135524,0.0101561,0.00256343,0.00698254,0.0082799,0.0237921,0.00528001,0.00633353,0.00636366,0.0029867,0.000470382,0.00351246,0.00460403,-0.00287695,0.0259785,0.0282882,0.00224509,0.00647982,0.00296252,-0.00424006,0.00463184,0.0143955,0.00420143,0.00451359,0.00641667,0.00281041,0.0323245,0.00883863,0.00988609,0.00775881,0.00109276,0.0187923,0.00627924,0.013442,0.0464632,0.0124464,0.0059226,0.0101639,0.00790497,0.0147843,0.00650307,0.0196137,0.00153539,0.00867198,0.00937069,0.0244019,0.00708002,0.00576633,0.00601866,0.0015041,0.000258094,0.00209225,0.012358,-0.00358265,0.0123145,0.01896,0.00227972,0.0236489,0.000181326,-0.00893861,0.0103794,0.019181,0.00729269,0.00913746,0.0125145,0.0238948,0.0264481,0.0095652,0.0107241,
1.17,0.00533645,0.00151838,0.0386498,0.00593633,0.01887,0.0316712,0.00554839,0.00130674,0.0166019,0.0156884,0.0250748,0.0134527,0.00945229,0.000989537,0.0070116,0.00836006,0.0239484,0.00530993,0.00643851,0.00647823,0.00307188,0.000691394,0.00371528,0.0049182,-0.00354165,0.0263851,0.0281803,0.00227575,0.00638638,0.00306601,-0.00232777,0.0045846,0.0143681,0.00411513,0.0046082,0.00649087,0.00280426,0.0305746,0.00884903,0.00987917,0.00801879,0.00132802,0.0188152,0.00640112,0.0136212,0.0464315,0.0125049,0.00588482,0.0101416,0.00793847,0.0147382,0.00656645,0.0191945,0.00143391,0.00851862,0.0092673,0.0245668,0.00698374,0.00575873,0.00593706,0.00142609,0.000174852,0.0019358,0.0132193,-0.00370167,0.012374,0.018849,0.0022266,0.0240431,0.000209267,-0.008593,0.010446,0.0191649,0.00727228,0.00938561,0.012474,0.0239683,0.0246926,0.00960796,0.0107453,
1.175,0.00519224,0.00147384,0.0388843,0.00599602,0.0202323,0.0319154,0.00548066,0.00133165,0.0166544,0.0157403,0.0252844,0.013653,0.0101477,0.00307039,0.00704679,0.00844612,0.0241125,0.00533785,0.00654358,0.00659573,0.00315101,0.000904528,0.00395363,0.00524058,-0.00355165,0.0269646,0.0282109,0.00230606,0.00617483,0.00316157,0.00142187,0.00453403,0.0143407,0.0044034,0.00472622,0.00647043,0.00303771,0.0301402,0.00885813,0.00987101,0.00826091,0.00151768,0.0191026,0.0065298,0.0137957,0.0465067,0.0124819,0.00577224,0.0101316,0.00796737,0.0148884,0.00682727,0.0195404,0.00158007,0.00841647,0.00921741,0.0247369,0.00688747,0.00575502,0.0058723,0.0013536,0.000106879,0.00178935,0.0143052,-0.00357197,0.0122995,0.0188292,0.00217741,0.0237937,0.000226788,-0.0082431,0.0104447,0.0190818,0.00750133,0.00962382,0.0124566,0.024117,0.0246675,0.00964465,0.0107566,
1.18,0.00507828,0.00143807,0.0391383,0.00606532,0.0202851,0.0320296,0.00541543,0.00127556,0.0166916,0.0157401,0.0255005,0.0136119,0.00963264,0.00110321,0.00707908,0.00853056,0.0242887,0.00536264,0.00664662,0.00671363,0.00321865,0.00109538,0.0041881,0.00551753,-0.00354694,0.0275677,0.0281626,0.00233417,0.00603506,0.00324735,0.00976838,0.0044846,0.014318,0.00422444,0.00486463,0.00647701,0.00298499,0.0295904,0.00886717,0.00986018,0.00847003,0.00166508,0.0195956,0.00666281,0.0139476,0.0466854,0.0123774,0.00559167,0.0101383,0.00799336,0.0149507,0.00695822,0.0192663,0.00155308,0.00837332,0.00922435,0.0249121,0.00679067,0.00575641,0.00582464,0.0012964,2.21676e-05,0.00164909,0.0154152,-0.0035342,0.0124885,0.0188452,0.00213329,0.0238037,0.000233301,-0.0078897,0.0103756,0.018938,0.00758799,0.00985055,0.0124655,0.024224,0.0242572,0.009674,0.0107557,
1.185,0.0050096,0.0014183,0.0397666,0.00614549,0.021543,0.0328261,0.00536079,0.00130148,0.0167064,0.0157384,0.0256796,0.0138384,0.00937721,0.00173932,0.00711413,0.00862172,0.0244753,0.00538283,0.00674673,0.00682861,0.00327544,0.00125563,0.00428306,0.00540434,-0.00353984,0.0280018,0.028519,0.00235823,0.00587378,0.00332213,0.00276113,0.00444253,0.0143063,0.00471942,0.0050204,0.00639436,0.00325917,0.0309792,0.00887401,0.00984154,0.00865112,0.0017765,0.0200377,0.0067949,0.0140314,0.0471312,0.0121969,0.00535478,0.0101684,0.00801756,0.0150158,0.00720922,0.0190586,0.00153735,0.00839433,0.00929798,0.0250916,0.00669408,0.00576336,0.00579434,0.00123626,-9.29681e-05,0.00152188,0.0159382,-0.00351551,0.0123723,0.0189268,0.0020953,0.0232666,0.00022809,-0.00753201,0.0102417,0.0187474,0.0078391,0.0100643,0.0124901,0.024409,0.0256292,0.00969468,0.0107411,
1.19,0.00498117,0.00141274,0.0408873,0.00623602,0.0209069,0.0338653,0.00532759,0.00127311,0.0167503,0.0158576,0.0259341,0.0137556,0.00879005,0.000750902,0.00714757,0.0087211,0.0246699,0.00539789,0.00684151,0.006938,0.00331755,0.00136996,0.00447152,0.00586109,-0.00353197,0.0286492,0.0289238,0.00237651,0.00590517,0.00338529,0.00485317,0.00441764,0.0143148,0.00447991,0.00519082,0.00644091,0.00317092,0.0328333,0.00887711,0.00980919,0.00879327,0.00185729,0.0206075,0.00692827,0.0141437,0.0481819,0.0119538,0.00508448,0.0102643,0.00804261,0.0150564,0.00746928,0.0188012,0.00153406,0.00848611,0.00944675,0.0252748,0.00659813,0.00578124,0.00578101,0.00119888,-0.000134136,0.00139967,0.0168751,-0.00350386,0.0124849,0.019284,0.00206377,0.0231153,0.000210505,-0.00716887,0.0100542,0.0185277,0.00794964,0.0102639,0.0125384,0.0245405,0.0271559,0.0097055,0.0107121,
1.195,0.00501407,0.00142531,0.0413311,0.00633342,0.021614,0.0345266,0.00532617,0.00132753,0.0167308,0.0158473,0.0259994,0.0139388,0.00960998,0.00252469,0.00718074,0.00882361,0.0248783,0.00540688,0.00693014,0.00703955,0.00334563,0.00143939,0.00436849,0.00525108,-0.00352274,0.0287338,0.0290397,0.00238785,0.00586178,0.00343676,0.00394185,0.00441922,0.0143505,0.00494581,0.00537333,0.0061998,0.00340108,0.0325369,0.00887595,0.00976546,0.00890167,0.00191184,0.0208319,0.00705752,0.0141041,0.0487507,0.0116709,0.00480487,0.0103318,0.00806625,0.0151083,0.00756288,0.0188661,0.00155472,0.00864958,0.0096681,0.0254589,0.00650196,0.00579347,0.0057833,0.00112932,-0.00042944,0.00129271,0.0165748,-0.0034965,0.0123065,0.0193049,0.00203929,0.0221181,0.000179958,-0.00679754,0.00982989,0.0182999,0.00810378,0.0104486,0.0125582,0.0246225,0.0268142,0.00970499,0.0106683,
1.2,0.00508276,0.00145795,0.0424136,0.00643623,0.020091,0.0354524,0.00536702,0.00133872,0.0167418,0.0159792,0.026142,0.0138628,0.00914989,0.000980413,0.00720528,0.00892751,0.0250947,0.00540918,0.00701069,0.0071298,0.00335648,0.00146797,0.00440707,0.00564636,-0.00351086,0.0290855,0.0297488,0.00239097,0.0059814,0.00347716,0.0044079,0.0044555,0.0144197,0.00457175,0.00556625,0.00615203,0.00321653,0.0368026,0.00887027,0.00970843,0.00896791,0.00193992,0.0211015,0.00718571,0.0141367,0.0498679,0.0113713,0.0045386,0.0104519,0.00809065,0.015084,0.00776678,0.018601,0.00152624,0.00887913,0.00994919,0.0256486,0.00640548,0.00581969,0.0058,0.00115305,-0.000831171,0.00118923,0.0167871,-0.00349227,0.0122303,0.0197751,0.00202116,0.0215773,0.00013645,-0.00641531,0.00958711,0.0180867,0.00816686,0.0106177,0.0125707,0.0246318,0.0306313,0.00969317,0.0106104,
1.205,0.00520039,0.00151125,0.0426373,0.00654443,0.0200297,0.0356351,0.00545726,0.00143233,0.0167149,0.0160172,0.0261887,0.0140172,0.0103602,0.00424846,0.00722968,0.00903384,0.0253162,0.00540406,0.00708223,0.00720782,0.00335073,0.00146032,0.00434167,0.00543011,-0.00349556,0.0291266,0.0298759,0.00238484,0.00595325,0.00350744,0.00444689,0.0045342,0.0145284,0.00484831,0.00576242,0.00585439,0.0033891,0.0364875,0.00885916,0.00963708,0.0089942,0.00194967,0.0212372,0.0073122,0.0140798,0.0503226,0.0110772,0.0043015,0.0105289,0.00811326,0.0152305,0.00782664,0.0190628,0.00169846,0.00915579,0.010278,0.0258369,0.00630847,0.00583673,0.00582787,0.000940137,-0.00156508,0.00110138,0.0166308,-0.0034909,0.0121447,0.0198033,0.0020095,0.0203984,7.9786e-05,-0.00601593,0.00934646,0.0179005,0.0083266,0.0107707,0.0125527,0.0246747,0.0303232,0.00966919,0.01054,
1.21,0.00535698,0.00158498,0.0434368,0.00665552,0.0185304,0.0361799,0.0056001,0.00149974,0.0167334,0.0161442,0.0262999,0.0141191,0.00970539,0.00130363,0.0072437,0.00913879,0.0255384,0.00539067,0.00714331,0.00727096,0.00332744,0.00141936,0.00434033,0.00565934,-0.00347581,0.0294064,0.0306364,0.00236899,0.00603257,0.00352945,0.00460671,0.00465769,0.0146767,0.00452967,0.00595602,0.00583196,0.00321017,0.0405368,0.00884289,0.00955819,0.00897932,0.00194201,0.0213962,0.00743585,0.0140487,0.0510993,0.0108092,0.00410996,0.010648,0.00813643,0.0152556,0.00795793,0.0187578,0.00165245,0.00946219,0.0106327,0.0260264,0.0062104,0.00586619,0.00586463,0.00155384,-0.00218079,0.00101651,0.0167968,-0.0034911,0.0122073,0.0201884,0.00200257,0.0201962,1.0421e-05,-0.00559823,0.00912364,0.0177508,0.00852442,0.0109073,0.0125529,0.0247092,0.0343064,0.00963339,0.0104583,
1.215,0.00558673,0.00167709,0.0434268,0.00676986,0.0181709,0.0363092,0.00579358,0.00163579,0.0167028,0.0161651,0.0264242,0.0142485,0.0108024,0.00464115,0.00725078,0.00923666,0.0257607,0.00536954,0.00719354,0.00731761,0.00328628,0.00134633,0.00435705,0.00585823,-0.0034507,0.0296836,0.0307366,0.00234273,0.00610985,0.00354565,0.00474185,0.0048257,0.0148636,0.00479017,0.00614442,0.00552439,0.00331135,0.0397286,0.0088234,0.00947471,0.00893913,0.00191903,0.0216018,0.00755716,0.0139806,0.0513169,0.0105796,0.00396703,0.0107189,0.00815914,0.0154624,0.00803306,0.0192273,0.00186981,0.00977744,0.0109879,0.0262163,0.00611097,0.00588352,0.00590771,0.000124577,-0.00252145,0.000942774,0.0171648,-0.00349188,0.0123208,0.0202418,0.00199968,0.0194903,-7.1319e-05,-0.00515249,0.00893044,0.0176418,0.00869673,0.0110274,0.0125308,0.0247705,0.0335889,0.00958632,0.0103683,
1.22,0.00582674,0.00178176,0.043979,0.00688265,0.0168826,0.0369609,0.00603315,0.00176217,0.0167036,0.0162419,0.0263704,0.0144225,0.00998556,0.00136009,0.00724876,0.00932168,0.0259801,0.00534036,0.00723184,0.00734712,0.00322949,0.00124269,0.00407961,0.00515469,-0.0031474,0.0294684,0.0315502,0.00230617,0.00632578,0.00355939,0.00490947,0.00503315,0.0150828,0.00469217,0.00632601,0.00547333,0.00317951,0.0440691,0.00880216,0.00939328,0.00887364,0.00188259,0.0214337,0.00766763,0.0137973,0.0518413,0.0103921,0.00386966,0.0108156,0.00818184,0.0154442,0.00800275,0.0187485,0.00172631,0.0100854,0.0113257,0.0264037,0.00600901,0.0059114,0.00595416,0.00958104,-0.00268149,0.00086961,0.0162804,-0.00336543,0.0123362,0.020572,0.00199979,0.0194339,-0.000165173,-0.00466193,0.00877112,0.017573,0.00891282,0.0111307,0.012516,0.0247981,0.0376869,0.00952889,0.0102719,
1.225,0.00614728,0.00189997,0.043726,0.00699448,0.0162947,0.037246,0.00631127,0.00193316,0.0166329,0.016178,0.0264162,0.014498,0.0106467,0.00413262,0.00723622,0.00939176,0.0261909,0.00530302,0.00725848,0.00735908,0.00315675,0.00110686,0.00400194,0.00561983,-0.00189714,0.0296257,0.031627,0.00225932,0.00668155,0.00357395,0.00511695,0.00527477,0.0153296,0.00484205,0.00650066,0.00514507,0.00318652,0.0427778,0.00878208,0.00931994,0.00880468,0.00183175,0.0213679,0.0077766,0.0136758,0.05187,0.0102488,0.00381279,0.0108541,0.0082038,0.0155855,0.00797933,0.0190474,0.0018756,0.0103717,0.0116379,0.0265896,0.00590463,0.00592539,0.00600102,0.000995071,-0.00275749,0.000801509,0.0161828,-0.00238038,0.0126003,0.020652,0.0020013,0.019153,-0.000270035,-0.00410436,0.00864806,0.017536,0.00905654,0.0112169,0.0124633,0.0248755,0.0365164,0.00946222,0.0101723,
1.23,0.00644177,0.00202659,0.0430332,0.00710608,0.0153693,0.0368634,0.00661937,0.0021232,0.0164546,0.0158621,0.0264259,0.0142531,0.00982147,0.00128246,0.00721707,0.00944678,0.026393,0.00525826,0.00727336,0.00735416,0.00307061,0.0009375,0.0039535,0.00577864,-0.00162205,0.0297334,0.0311992,0.0022024,0.00718994,0.00359227,0.00537379,0.00554348,0.0155944,0.00436979,0.00666905,0.00485516,0.002875,0.0371095,0.00876484,0.0092647,0.00871289,0.00177256,0.0213693,0.00788274,0.0135401,0.0514803,0.0101463,0.00379237,0.0108203,0.00822434,0.0155655,0.00778777,0.0185493,0.00176426,0.0106298,0.0119239,0.0267723,0.00579646,0.00593465,0.00604639,0.000620609,-0.00282546,0.000731384,0.0163795,-0.00234932,0.0129724,0.0205616,0.00200314,0.018815,-0.00038408,-0.00342989,0.00855837,0.0175251,0.00902101,0.0112859,0.0123679,0.0249442,0.0316801,0.00938764,0.0100712,
1.235,0.00679311,0.00215652,0.0423104,0.00721325,0.0159635,0.0370242,0.00694706,0.00234009,0.0162945,0.015707,0.0263464,0.0144488,0.0104681,0.00404632,0.00718896,0.00948269,0.0265808,0.00520701,0.00727685,0.00733263,0.00297298,0.000728191,0.00370848,0.00532189,-0.000283358,0.0295152,0.0311475,0.00213669,0.00772186,0.00361578,0.00566963,0.0058291,0.0158717,0.00493673,0.00683252,0.00479063,0.00308533,0.0354005,0.00875367,0.00923536,0.00861962,0.00170663,0.0211493,0.0079808,0.0133159,0.0509609,0.0100778,0.0037989,0.0107376,0.00824348,0.0156301,0.00773992,0.0186373,0.00180064,0.010866,0.012189,0.0269528,0.00568491,0.00594207,0.00608813,0.00261904,-0.00289423,0.000662271,0.0157404,-0.00156775,0.0130955,0.0206466,0.00200384,0.0197712,-0.000416776,-0.00250022,0.00849812,0.0175344,0.00912064,0.0113373,0.0122384,0.0249718,0.0304868,0.00930686,0.00997134,
1.24,0.00716234,0.00228755,0.0420337,0.00731724,0.0155135,0.0377696,0.00728275,0.00256073,0.0161357,0.0155583,0.026355,0.0144446,0.00964095,0.00126743,0.00714784,0.0094967,0.0267564,0.00514938,0.00727005,0.00729634,0.0028661,0.000480397,0.00356833,0.00556849,0.00459814,0.0296357,0.0312945,0.00206242,0.00846874,0.00364476,0.00599621,0.0061234,0.0161477,0.00484548,0.00699313,0.00482912,0.0029275,0.0355809,0.00875025,0.00923605,0.00853825,0.00163514,0.0209715,0.00807503,0.0131379,0.0507135,0.0100385,0.0038255,0.010658,0.00826309,0.0155912,0.00770181,0.0180895,0.00165933,0.0110867,0.0124421,0.0271314,0.00556873,0.00595059,0.00612435,-0.000651326,-0.00296797,0.000582145,0.0155361,-0.000356891,0.0133551,0.0208647,0.00200245,0.0207642,-0.000440158,-0.000676705,0.00846271,0.0175569,0.00918046,0.0113715,0.0120945,0.0250425,0.0305236,0.00922159,0.00987462,
1.245,0.00755946,0.00241803,0.0418642,0.00741612,0.0162469,0.0390299,0.00761462,0.00278642,0.015994,0.0154825,0.0262269,0.0147475,0.00953983,0.00279436,0.007102,0.00948686,0.026917,0.00508621,0.00725333,0.0072469,0.00275252,0.000195355,0.00321144,0.00492316,0.00320278,0.0292901,0.0315138,0.00198098,0.00929916,0.00367785,0.00633405,0.00641779,0.0164118,0.00541596,0.00715268,0.00479224,0.00311863,0.0356936,0.00875574,0.00927231,0.00847325,0.00156317,0.0205034,0.00816139,0.0128642,0.0506471,0.0100254,0.00387092,0.0105841,0.00828373,0.0155826,0.00763919,0.0177798,0.00155762,0.011307,0.0126989,0.0273088,0.00544823,0.00595309,0.0061537,0.000951513,-0.00304714,0.000495754,0.0143191,0.0046595,0.0134619,0.021095,0.00199806,0.0215501,-0.00045579,0.0203724,0.00844957,0.0175904,0.00939685,0.0113893,0.0119332,0.0251329,0.0310324,0.00913379,0.00978355,
1.25,0.00789158,0.00254531,0.0420957,0.00751087,0.0157402,0.0399084,0.00793349,0.00300865,0.015888,0.0154453,0.0262487,0.014649,0.00864481,0.0010365,0.00704598,0.00945929,0.0270639,0.00501948,0.00722863,0.00718629,0.00263574,-0.000141677,0.00312646,0.00554539,0.00271617,0.0295195,0.0317261,0.00189364,0.0101502,0.00371278,0.00666064,0.0067021,0.016656,0.0052046,0.00731276,0.00486399,0.0029501,0.0363569,0.00877511,0.00934496,0.0084033,0.00148727,0.0202344,0.00824909,0.012695,0.050807,0.0100349,0.00393293,0.0105523,0.00830625,0.0155286,0.00766135,0.017231,0.00144299,0.0115394,0.0129713,0.0274836,0.00532226,0.0059529,0.00617565,-1.19457e-05,-0.003134,0.000388603,0.0144314,0.00235811,0.0137534,0.0213055,0.00198963,0.0216646,-0.000464908,0.00214389,0.00845597,0.0176377,0.00948729,0.0113926,0.0117942,0.0252966,0.0314545,0.00904517,0.0096999,
1.255,0.00822134,0.0026666,0.0423001,0.00760028,0.0150385,0.0406206,0.00823217,0.00322821,0.0158432,0.0155049,0.0261676,0.0146865,0.00874636,0.0021875,0.00698409,0.00941504,0.0271981,0.00494878,0.00719658,0.00711717,0.00251738,-0.000547803,0.0028986,0.00519477,0.00294085,0.0293543,0.0319542,0.00180132,0.0109246,0.00374688,0.00695474,0.00697107,0.0168762,0.00509075,0.0074748,0.00494413,0.00287702,0.0369593,0.00880823,0.00945387,0.00833781,0.00141066,0.0198639,0.00833219,0.012457,0.051029,0.010066,0.00401204,0.0105528,0.00833046,0.0155052,0.00760871,0.0170999,0.00139995,0.0117953,0.0132715,0.0276676,0.00519133,0.00594485,0.00618938,0.00678103,-0.00322889,0.000259427,0.0139153,0.00212161,0.013898,0.0215018,0.00197705,0.0219932,-0.000468881,0.00438548,0.00848234,0.0176963,0.0095912,0.0113831,0.0116794,0.025356,0.0321252,0.00895781,0.00962634,
1.26,0.00852293,0.00277998,0.0425538,0.00768622,0.0146304,0.0411044,0.0085077,0.00343925,0.0158509,0.0155675,0.0261912,0.0147277,0.00807815,0.00087938,0.00691506,0.00936002,0.027329,0.00487619,0.00715892,0.0070426,0.00240124,-0.000844999,0.00281209,0.00554272,0.00277671,0.0295524,0.0322007,0.00170519,0.0116113,0.0037771,0.00720422,0.00722093,0.0170728,0.00491765,0.00763933,0.00509904,0.00276735,0.0378204,0.00885684,0.00959801,0.0082743,0.00133499,0.0196422,0.00841571,0.0122687,0.0512518,0.0101166,0.00410899,0.010592,0.00835767,0.0154985,0.00760645,0.0166888,0.00131662,0.0120803,0.0136007,0.0278553,0.00505535,0.00592993,0.00619558,-0.000647101,-0.00333192,0.000101138,0.0141101,0.00179311,0.0141568,0.0216595,0.00195961,0.0224359,-0.000468751,0.00247041,0.00852637,0.0177672,0.00975983,0.0113634,0.0116264,0.0254818,0.0329914,0.00887425,0.00956545,
1.265,0.00883032,0.0028835,0.0425468,0.00776847,0.0144997,0.0415237,0.00876107,0.00364243,0.015864,0.0156238,0.0262361,0.0147899,0.00858963,0.00230057,0.00684698,0.00929678,0.0274562,0.00480162,0.00711722,0.00696352,0.0022883,-0.00117415,0.00271173,0.00560208,0.00335944,0.0297318,0.0323276,0.0016057,0.0122891,0.00380068,0.00739653,0.00745353,0.0172488,0.0049766,0.00780643,0.00508479,0.00276586,0.037499,0.0089192,0.0097719,0.00822816,0.00126233,0.0194909,0.00849966,0.012071,0.051352,0.0101864,0.00421948,0.0106354,0.00838769,0.0155961,0.00762584,0.0168888,0.00140559,0.0123861,0.0139525,0.028046,0.00491494,0.00590353,0.00619342,-0.00018845,-0.00344231,-9.41761e-05,0.0142996,0.00237758,0.0144523,0.0218529,0.00193732,0.0225513,-0.000465299,0.00401182,0.00858696,0.017849,0.00992815,0.0113361,0.0115987,0.0256356,0.0327708,0.00879632,0.00951978,
1.27,0.00909928,0.00297555,0.0426081,0.0078479,0.0143978,0.0418541,0.00899656,0.00384358,0.0159067,0.0156841,0.0262869,0.0147707,0.00806449,0.000910565,0.00677579,0.00922728,0.0275761,0.00472684,0.0070724,0.00688337,0.00218078,-0.00150072,0.00262656,0.00572386,0.00329211,0.0299497,0.0325135,0.00150436,0.0129353,0.00381578,0.00753384,0.00767036,0.0174127,0.00483691,0.00797557,0.0052212,0.00267327,0.0378215,0.00899422,0.00996855,0.00818946,0.00119408,0.0194139,0.00858169,0.0118838,0.0514305,0.0102729,0.00434234,0.0106959,0.00842118,0.015627,0.00763474,0.0165604,0.0013523,0.0126936,0.0143061,0.0282371,0.00476969,0.00587249,0.00618359,0.00409446,-0.00355993,-0.000332464,0.0145527,0.00212565,0.0147381,0.0220014,0.00190983,0.0230695,-0.000459502,0.00314916,0.0086618,0.0179397,0.0100522,0.0113035,0.0116117,0.0257682,0.0330342,0.00872667,0.0094919,
1.275,0.00936218,0.00305562,0.042501,0.00792319,0.0142997,0.0422098,0.00922109,0.00405044,0.0159539,0.0157334,0.0262534,0.014951,0.00812642,0.00182285,0.00670487,0.00915593,0.0276918,0.00465174,0.00702529,0.00680375,0.00207932,-0.00176573,0.00240035,0.00535338,0.00373303,0.0298978,0.0327001,0.00140198,0.0135555,0.00382173,0.00762783,0.00787763,0.0175723,0.00509176,0.00814561,0.00521953,0.00273457,0.0380475,0.00908125,0.0101816,0.00817358,0.00113605,0.019183,0.00866145,0.0116466,0.0514539,0.0103714,0.00447478,0.0107521,0.00845777,0.0156796,0.00757639,0.016428,0.00133337,0.0129836,0.0146349,0.0284291,0.00462065,0.00583192,0.00616569,-0.00159268,-0.00368242,-0.000441767,0.0140828,0.00249726,0.0149595,0.0221669,0.00187704,0.0233154,-0.000451882,0.00385518,0.00874756,0.0180344,0.0102477,0.0112679,0.0116396,0.0258796,0.0334777,0.00866746,0.00948368,
1.28,0.00958693,0.00312138,0.0425538,0.00799382,0.0142155,0.042696,0.00944323,0.00427086,0.0160295,0.0158068,0.0261703,0.0150952,0.00756261,0.000770496,0.00663206,0.00908527,0.0278039,0.00457675,0.00697744,0.00672559,0.00198456,-0.00196896,0.00215126,0.00512854,0.00392402,0.029737,0.0330273,0.00129948,0.0141309,0.00382016,0.00770536,0.00808236,0.0177372,0.00523206,0.00831551,0.0053279,0.00275441,0.039291,0.00917706,0.0104045,0.00816962,0.00108347,0.0188237,0.00873817,0.0114128,0.0515562,0.0104791,0.00461153,0.0108221,0.00849718,0.0156657,0.00751579,0.0159457,0.00119949,0.0132288,0.0149176,0.028623,0.00446866,0.0057881,0.00613997,-0.00403709,-0.00380988,-0.00058493,0.0133373,0.00253776,0.0150943,0.0223322,0.00183881,0.023882,-0.000442959,0.00380141,0.00884178,0.0181302,0.010423,0.0112315,0.0116903,0.0259473,0.0347385,0.00862072,0.00949735,
1.285,0.0097951,0.00317674,0.0424505,0.00806165,0.0140835,0.0431572,0.00967195,0.00451049,0.0161109,0.0159053,0.0260446,0.0152759,0.00826283,0.00228412,0.00656169,0.00901971,0.0279154,0.00450249,0.00692886,0.0066501,0.00189523,-0.00212696,0.00188462,0.00486247,0.00436326,0.0294426,0.033273,0.00119687,0.0146303,0.00381483,0.00780628,0.00829173,0.0179167,0.00550619,0.00848367,0.00528767,0.00287224,0.0397477,0.00928068,0.0106298,0.00819343,0.00103914,0.018328,0.00881524,0.011181,0.0516362,0.0105867,0.00474376,0.0108832,0.00853856,0.0157141,0.00745174,0.016172,0.00124698,0.0134083,0.0151266,0.0288189,0.00431414,0.0057352,0.00610685,-0.00527359,-0.00393916,-0.00075613,0.0124226,0.00285239,0.0151229,0.0224862,0.00179516,0.0240032,-0.000432929,0.00412754,0.00893693,0.01822,0.0105997,0.0111967,0.0117343,0.0259714,0.0353396,0.00858839,0.00953352,
1.29,0.00996169,0.00322122,0.042672,0.00812688,0.0139622,0.043804,0.00991731,0.00478136,0.0162129,0.0160256,0.0260315,0.0154416,0.00778007,0.000908322,0.00649832,0.008964,0.0280274,0.00442823,0.00688009,0.00657859,0.00181228,-0.00225693,0.00176437,0.00505505,0.00462247,0.0295503,0.0336871,0.00109472,0.0151216,0.00381127,0.00796524,0.00851452,0.0181206,0.00567909,0.00864956,0.00535175,0.00291976,0.0412701,0.00938817,0.0108554,0.00823411,0.0010042,0.0179019,0.00889358,0.0110115,0.0518556,0.0106881,0.0048637,0.010968,0.00858265,0.0157312,0.00749749,0.0157864,0.00115638,0.0134995,0.0152413,0.0290157,0.00415804,0.00568017,0.00606524,-0.00571436,-0.00406888,-0.000947457,0.0122171,0.00296536,0.0152633,0.0227184,0.00174585,0.0243382,-0.000422182,0.00434769,0.0090267,0.0182949,0.010833,0.0111661,0.0117953,0.0260939,0.0367908,0.00857188,0.00959226,
1.295,0.0100843,0.00325476,0.0426405,0.00818864,0.0137955,0.0441272,0.0101874,0.00509071,0.0163079,0.0161365,0.0259508,0.0155073,0.00832753,0.00250974,0.00643576,0.00891639,0.028142,0.0043545,0.00683141,0.0065104,0.00173762,-0.0023725,0.00159619,0.00483899,0.00465204,0.0294047,0.0339201,0.000992574,0.0155633,0.00381537,0.00821559,0.00875833,0.0183549,0.00578618,0.00881258,0.00526659,0.00298817,0.0414969,0.00949792,0.0110743,0.00829415,0.00098505,0.0174328,0.0089703,0.0108339,0.0519915,0.0107706,0.00496002,0.01104,0.00862787,0.0157998,0.00745543,0.0159886,0.00123407,0.0134839,0.0152409,0.0292103,0.00400225,0.00561514,0.0060161,-0.00597473,-0.00419815,-0.00115302,0.0117864,0.00290943,0.0153947,0.0228687,0.00169088,0.0240754,-0.000410784,0.00462005,0.00910205,0.0183439,0.0110038,0.0111423,0.0118456,0.0261938,0.0370301,0.00857213,0.00967214,
1.3,0.0101622,0.00327815,0.0429235,0.00824958,0.0136323,0.044527,0.0104875,0.00544163,0.0164144,0.0162495,0.0259345,0.0156514,0.00778535,0.000970916,0.00637684,0.00888326,0.0282575,0.00428118,0.00678283,0.00644567,0.00166647,-0.00247772,0.00150682,0.00491992,0.00455825,0.0294879,0.0343545,0.000889614,0.0159766,0.00383301,0.00857683,0.00902687,0.0186245,0.00590003,0.00897288,0.00527677,0.00302837,0.0432216,0.00961077,0.0112847,0.00836807,0.000975765,0.0170342,0.00904744,0.0106951,0.0522269,0.0108245,0.0050242,0.0111327,0.00867478,0.0158187,0.00749681,0.0155721,0.00114245,0.0133454,0.015108,0.029402,0.00384615,0.00554899,0.00595901,-0.00618894,-0.00432415,-0.0013572,0.0116827,0.00277627,0.0155421,0.0230826,0.00163025,0.0239467,-0.000398539,0.00489981,0.0091536,0.0183576,0.0112516,0.0111283,0.0119132,0.0263408,0.0386347,0.00858959,0.00977143,
1.305,0.0102014,0.00329211,0.0428922,0.00830778,0.0134356,0.044563,0.0108177,0.00583145,0.0164928,0.0163188,0.0258379,0.0156313,0.00826802,0.00247317,0.0063248,0.0088623,0.0283793,0.00420703,0.00673387,0.00638439,0.00160011,-0.00257506,0.00134945,0.00467675,0.00437087,0.029309,0.0345604,0.000785267,0.0163495,0.00386808,0.00904201,0.00932152,0.0189222,0.00588358,0.0091313,0.00512025,0.00305192,0.0432614,0.00972511,0.011488,0.00844746,0.000977854,0.0165886,0.00912231,0.0105374,0.0523484,0.0108397,0.00504711,0.0112026,0.00872123,0.0158659,0.00743125,0.0157224,0.00120716,0.0130779,0.0148379,0.0295895,0.003693,0.00547349,0.00589479,-0.00638365,-0.00444618,-0.00153656,0.0112493,0.00260125,0.0157176,0.023209,0.00156385,0.0232352,-0.000385318,0.00520139,0.0091728,0.0183316,0.0113988,0.0111265,0.0119604,0.0264796,0.0386,0.00862375,0.00988661,
1.31,0.0101849,0.00329821,0.0431084,0.00836555,0.0132254,0.0445225,0.0111715,0.00624942,0.016596,0.0164126,0.0257994,0.0156339,0.00770612,0.00096411,0.00627343,0.00885651,0.028505,0.00413214,0.00668483,0.00632604,0.00153726,-0.00266655,0.00129714,0.00479471,0.00376885,0.0293655,0.0349081,0.000678953,0.016688,0.00392166,0.00957953,0.00963685,0.0192379,0.00577699,0.00928926,0.00518343,0.00302752,0.0444677,0.00983977,0.0116826,0.00852684,0.000991434,0.0162406,0.00919662,0.0104186,0.0525159,0.0108097,0.00502718,0.0112864,0.00876748,0.015871,0.00743755,0.0152793,0.00111389,0.0126886,0.0144407,0.0297701,0.00354375,0.00539836,0.00582316,-0.00656275,-0.00456166,-0.00168992,0.0112094,0.00208033,0.015983,0.0233728,0.00149191,0.0230111,-0.000371054,0.00552401,0.00915377,0.0182621,0.0116069,0.0111392,0.0120299,0.0266832,0.0396177,0.00867404,0.010014,
1.315,0.0101438,0.00329773,0.0430939,0.0084225,0.0130558,0.0442228,0.0115361,0.00667483,0.0166748,0.0164786,0.0257226,0.0154937,0.00807538,0.00226871,0.00622826,0.00886253,0.0286354,0.00405694,0.00663478,0.00626995,0.00147664,-0.00275286,0.00121381,0.00469927,0.00340507,0.0292691,0.0350483,0.000569631,0.0169822,0.00399214,0.0101521,0.00996235,0.0195525,0.00557806,0.00944828,0.00507525,0.00299655,0.0441347,0.0099563,0.0118732,0.00860672,0.0010165,0.0159301,0.00926901,0.0102948,0.0525925,0.0107322,0.0049669,0.0113484,0.00881195,0.0158951,0.00739247,0.0154315,0.00119206,0.0121967,0.0139463,0.0299449,0.00339934,0.00531619,0.00574547,-0.006723,-0.00466888,-0.00182289,0.011075,0.00186103,0.0161719,0.0234612,0.00141488,0.0222357,-0.000355422,0.00586533,0.0090936,0.018153,0.0116933,0.0111683,0.0120799,0.0268312,0.0391107,0.00873837,0.010149,
1.32,0.0100656,0.00329163,0.043204,0.00847974,0.0128536,0.0437986,0.0118927,0.00707764,0.0167616,0.0165411,0.0256941,0.0153215,0.00751953,0.000911687,0.00618984,0.00888303,0.0287716,0.00398007,0.00658426,0.00621479,0.00142017,-0.00283534,0.00122188,0.00485388,0.00261735,0.0293643,0.0352366,0.000455219,0.0172448,0.00407573,0.0107312,0.0102823,0.019838,0.00521571,0.00960965,0.00513521,0.00288688,0.044356,0.0100756,0.0120623,0.00867568,0.00104715,0.0157557,0.00934097,0.010201,0.0526705,0.010608,0.00487162,0.0114112,0.00885436,0.015867,0.00737694,0.015014,0.00112046,0.0116354,0.0133906,0.0301112,0.00326062,0.00523429,0.00566212,-0.00686278,-0.00476535,-0.00193972,0.0112958,0.00121913,0.0164434,0.0235482,0.00133243,0.0219153,-0.000338293,0.00622263,0.00899419,0.0180112,0.0117897,0.0112143,0.0121376,0.0270243,0.0390993,0.00881491,0.0102869,
1.325,0.0099859,0.00328196,0.0432359,0.00853736,0.0126536,0.0433555,0.0122189,0.00742502,0.0168104,0.0165676,0.0257085,0.0152425,0.00783837,0.00205819,0.00615478,0.00891442,0.0289134,0.00390288,0.0065321,0.00616122,0.00136465,-0.0029149,0.00122766,0.00494874,0.00248567,0.0295092,0.035346,0.000334444,0.0174692,0.00416801,0.0113186,0.0105784,0.0200661,0.00506956,0.00977471,0.00495747,0.00287415,0.0439876,0.0101975,0.0122542,0.00874613,0.00108939,0.0156925,0.0094118,0.0101153,0.0527131,0.0104435,0.00475105,0.0114558,0.00889395,0.0159,0.00741153,0.0152117,0.00123595,0.0110388,0.0128158,0.030269,0.00312917,0.00514888,0.00557488,-0.00698012,-0.0048495,-0.00204295,0.0116204,0.00146259,0.0166046,0.0236376,0.00124547,0.0206288,-0.000319405,0.00659474,0.00885995,0.0178463,0.0118842,0.0112764,0.0121728,0.0271841,0.0386024,0.00890088,0.0104221,
1.33,0.0099009,0.00326981,0.0433115,0.00859593,0.0124336,0.0429479,0.0124925,0.00768897,0.016828,0.0165354,0.0256855,0.0151562,0.00730545,0.000855001,0.00612553,0.00895925,0.0290596,0.00382423,0.0064791,0.00610832,0.00131424,-0.0029921,0.00115991,0.0048388,0.00214184,0.0295587,0.0354942,0.00020453,0.0176929,0.00426391,0.011899,0.0108304,0.0202142,0.00483539,0.00994392,0.00484704,0.00278527,0.0441106,0.0103225,0.0124517,0.00881113,0.00114035,0.0156026,0.0094793,0.0100115,0.0527629,0.010251,0.00462257,0.0114908,0.00893007,0.0158578,0.00737896,0.0147961,0.00116052,0.0104419,0.0122551,0.0304182,0.00300477,0.0050643,0.00548507,-0.00707114,-0.00492018,-0.00213428,0.0116339,0.00103688,0.0168121,0.0237202,0.00115401,0.0198312,-0.000298888,0.00697269,0.00869969,0.0176728,0.0119766,0.011352,0.0121934,0.0273568,0.0386256,0.00899292,0.0105494,
1.335,0.00983326,0.00325657,0.0434021,0.0086554,0.0122729,0.0426958,0.0126924,0.0078461,0.0167929,0.0164639,0.0257773,0.0152649,0.00762221,0.00189973,0.00609923,0.00900848,0.0292091,0.00374505,0.00642473,0.00605582,0.00126447,-0.00306648,0.00122175,0.00512587,0.00233231,0.0298854,0.0356612,6.31638e-05,0.0178973,0.00435783,0.0124486,0.0110214,0.0202641,0.00492512,0.0101173,0.00450356,0.00285326,0.0443087,0.010452,0.012656,0.00888456,0.00119327,0.0156686,0.00954545,0.0099396,0.052821,0.0100441,0.00450096,0.0115123,0.00896282,0.015928,0.00748599,0.0150382,0.00130105,0.00987569,0.0117365,0.0305577,0.00288848,0.00497925,0.00539459,-0.00713485,-0.00497526,-0.00221605,0.0121166,0.00155981,0.0169466,0.023852,0.00105827,0.0177711,-0.000277004,0.00734908,0.0085268,0.0175033,0.0121665,0.0114367,0.0121914,0.0275384,0.0388387,0.00908761,0.010664,
1.34,0.0097551,0.00324376,0.0434585,0.00871715,0.012053,0.0423374,0.0128,0.00788103,0.0167192,0.0163155,0.0257477,0.0153101,0.00713755,0.000810355,0.00607456,0.00906546,0.0293619,0.00366556,0.00636944,0.00600385,0.00122172,-0.00313749,0.001083,0.00480998,0.00179768,0.0298698,0.0358252,-9.06967e-05,0.0180364,0.00444416,0.0129519,0.0111352,0.0202042,0.0048689,0.0102936,0.00426407,0.00283448,0.0447884,0.0105873,0.0128675,0.00894906,0.00125235,0.0155791,0.0096087,0.00981773,0.0528638,0.00984395,0.00440471,0.0115204,0.00899125,0.015899,0.00742916,0.0146314,0.00122101,0.00936552,0.0112764,0.0306894,0.00278052,0.00489689,0.00530492,-0.0071329,-0.00501553,-0.00228833,0.011882,0.000734878,0.017027,0.0238947,0.000958266,0.0162313,-0.000253948,0.00771884,0.0083574,0.017358,0.012305,0.0115245,0.0121777,0.0276642,0.0393384,0.00918161,0.0107616,
1.345,0.0097051,0.0032327,0.0435232,0.00878069,0.0119731,0.0421422,0.0127994,0.00778864,0.0166413,0.0162196,0.0258537,0.015458,0.00750846,0.0018654,0.00605501,0.00912199,0.0295169,0.00358649,0.00631351,0.00595254,0.00117705,-0.00320546,0.00118012,0.00519591,0.00209078,0.0302211,0.0360033,-0.000257051,0.0181274,0.00451764,0.0133985,0.0111581,0.0200321,0.00502555,0.0104712,0.0040327,0.00293716,0.0451441,0.0107266,0.0130885,0.00901256,0.00131015,0.01567,0.00967144,0.00974545,0.0529033,0.00966839,0.00434956,0.0115249,0.00901611,0.0160042,0.00755146,0.014924,0.00137609,0.00893391,0.010895,0.0308172,0.00268256,0.00481713,0.00521807,-0.00710494,-0.00503871,-0.00235067,0.0123414,0.00181857,0.0171419,0.024012,0.000853871,0.0149448,-0.000230631,0.00807147,0.00820943,0.017252,0.0125194,0.0116081,0.0121658,0.0278222,0.039739,0.00927131,0.0108389,
1.35,0.0096543,0.00322436,0.0435264,0.00884651,0.0117569,0.0418006,0.0126786,0.00756887,0.0165382,0.0160643,0.0257969,0.0155009,0.00716964,0.000802129,0.0060418,0.00917886,0.0296718,0.00350868,0.00625776,0.00590243,0.0011477,-0.00326938,0.000989441,0.00476131,0.00149579,0.0301089,0.0361546,-0.000257167,0.0181256,0.00457383,0.0137602,0.0110802,0.019749,0.00500334,0.0106478,0.00382151,0.00294076,0.0455691,0.0108713,0.013314,0.00907111,0.00137027,0.01554,0.00973093,0.00961166,0.0529126,0.00953146,0.0043429,0.0115161,0.00903637,0.0159876,0.00747751,0.0145972,0.00131412,0.00859844,0.0106079,0.0309387,0.00259345,0.004742,0.00513715,-0.00705293,-0.0050455,-0.00240219,0.0119013,0.000618454,0.017117,0.0240202,0.000746127,0.0134111,-0.000207835,0.00840227,0.00809482,0.0171914,0.0126409,0.0116793,0.0121457,0.0278904,0.0401885,0.00935367,0.010894,
1.355,0.00963588,0.00321977,0.0435009,0.00891418,0.0125127,0.041637,0.0124311,0.00723029,0.016428,0.0159157,0.025758,0.0156362,0.00717544,0.00138888,0.00603182,0.0092311,0.0298291,0.00343264,0.00620229,0.00585432,0.00109888,-0.00332666,0.000932236,0.00477085,0.00169053,0.0300761,0.0363083,-0.000272322,0.0180534,0.00460978,0.0140118,0.0108948,0.019368,0.00527082,0.0108203,0.00366189,0.00309456,0.0457943,0.0110181,0.0135415,0.00912916,0.00142622,0.0153962,0.00979105,0.00949209,0.0528855,0.00944242,0.00438713,0.0114953,0.00905204,0.0160122,0.00749362,0.0144914,0.00132625,0.0083642,0.0104197,0.0310571,0.00251214,0.00467122,0.0050631,-0.00697882,-0.005036,-0.00244244,0.0115844,0.00137983,0.0171002,0.024043,0.000635842,0.0127564,-0.000186797,0.00870697,0.00802058,0.0171791,0.0128163,0.0117296,0.0121231,0.0279927,0.0404694,0.00942603,0.0109257,
1.36,0.00963825,0.00322225,0.0434393,0.008986,0.0132745,0.0415313,0.0120595,0.00679045,0.0163035,0.0157293,0.0256708,0.0157738,0.00693082,0.000615245,0.00602427,0.00927651,0.029985,0.00335995,0.00614847,0.00580833,0.00111165,-0.00337651,0.000823676,0.00460804,0.00152361,0.0299274,0.0364633,-0.000296962,0.0178694,0.00462434,0.0141534,0.0106021,0.0189067,0.00549226,0.0109853,0.00352819,0.00322215,0.0461185,0.0111653,0.013767,0.00917877,0.00148123,0.0151764,0.00984933,0.0093683,0.0528189,0.00940293,0.0044754,0.0114602,0.00906302,0.0159945,0.0074472,0.0142037,0.00126772,0.00823614,0.0103301,0.0311766,0.00243883,0.00460665,0.00499914,-0.00688423,-0.00501146,-0.00247086,0.0111204,0.000645607,0.0169382,0.0239898,0.000523478,0.0122064,-0.00016843,0.00898089,0.00798832,0.0172087,0.0129573,0.0117502,0.0120979,0.0280155,0.0408821,0.00948638,0.0109339,
1.365,0.00966588,0.00322859,0.0432564,0.00905966,0.0138716,0.0414081,0.0115806,0.00628291,0.0161736,0.0155362,0.0254317,0.0159291,0.00703358,0.00120476,0.00601996,0.00931241,0.0301397,0.00329092,0.00609649,0.00576579,0.000985622,-0.00341623,0.000521002,0.00408869,0.00148818,0.0293748,0.0365966,-0.000328197,0.0175357,0.00461881,0.0142002,0.0102144,0.0183983,0.00578335,0.0111396,0.00338417,0.00338263,0.0463476,0.0113123,0.0139855,0.00922144,0.001533,0.0147051,0.0099074,0.0092026,0.052687,0.0094083,0.00459819,0.0114004,0.0090679,0.0159441,0.0073034,0.0140436,0.00120192,0.00820958,0.0103304,0.0312973,0.00237215,0.00454792,0.00494609,-0.00677274,-0.00497165,-0.00248744,0.00987661,0.000984266,0.0166156,0.0238712,0.000409382,0.0117633,-0.000153841,0.00922246,0.00799583,0.0172728,0.0130698,0.0117338,0.0120588,0.0279563,0.0412467,0.00953275,0.0109201,
1.37,0.00975273,0.0032408,0.0430805,0.00913806,0.0148415,0.0417015,0.0110279,0.00575516,0.0159984,0.0152336,0.0252584,0.0161621,0.00651596,0.000527,0.00601874,0.00933778,0.030293,0.00322744,0.00604754,0.00572658,0.00128489,-0.0034447,0.000372971,0.00411484,0.00269964,0.0291446,0.0367855,-0.000363134,0.017124,0.00459666,0.0141846,0.00975674,0.0178825,0.0061998,0.01128,0.00326935,0.00355371,0.0466448,0.0114553,0.0141905,0.00927403,0.00157954,0.0142633,0.00996739,0.00908034,0.0525481,0.0094529,0.00474508,0.0113212,0.0090679,0.0158407,0.00721761,0.0134632,0.00101522,0.00826812,0.0104116,0.0314216,0.00231138,0.00449743,0.00490611,-0.00664857,-0.00491894,-0.00249238,0.00905593,0.0021291,0.0162061,0.0237625,0.000293785,0.0127659,-0.000143224,0.00943209,0.00803892,0.0173618,0.0131985,0.0116737,0.0120039,0.0278503,0.0417276,0.00956482,0.0108864,
1.375,0.00984721,0.00325929,0.0427697,0.00921927,0.0151659,0.04177,0.0104514,0.00525722,0.0158413,0.0150028,0.024924,0.0163307,0.00727214,0.00176205,0.00602063,0.00934983,0.0304445,0.00316981,0.00600272,0.00569242,0.000554587,-0.00345978,-9.79462e-05,0.00358899,0.0022921,0.0284317,0.0369166,-0.000400037,0.0165789,0.00456276,0.0141478,0.00926981,0.0174089,0.00651764,0.0114043,0.00313816,0.00373095,0.0468252,0.0115937,0.0143751,0.00932017,0.00161981,0.0136172,0.0100294,0.0089304,0.0523398,0.00952869,0.00490696,0.0112163,0.00906152,0.0157909,0.00702723,0.0137467,0.00100756,0.00839717,0.0105544,0.031554,0.00225524,0.00445324,0.00487985,-0.00651269,-0.00485504,-0.00248617,0.00748538,0.00134838,0.0158149,0.0236079,0.000177495,0.0124323,-0.000136841,0.00961093,0.00811009,0.017467,0.0133177,0.0115653,0.0119353,0.0277314,0.0420854,0.00958272,0.0108361,
1.38,0.00996853,0.00328455,0.0425864,0.00930344,0.0154962,0.0419614,0.00990601,0.00483932,0.015668,0.0147266,0.0247318,0.0164282,0.00681058,0.000780442,0.00602629,0.00934797,0.0305954,0.0031194,0.00596231,0.00566371,0.00372721,-0.00346034,-0.000466659,0.00382166,0.00226441,0.0283079,0.0370923,-0.000437288,0.0159983,0.00452332,0.0141283,0.00880145,0.0170187,0.00672496,0.0115106,0.00308221,0.00381569,0.0470884,0.0117267,0.0145354,0.00935887,0.00165371,0.0131321,0.0100969,0.00885505,0.0521651,0.0096256,0.00506955,0.0111054,0.00904951,0.0156678,0.0069233,0.0132596,0.000834401,0.00857492,0.0107389,0.0316961,0.00220278,0.00441887,0.00486854,-0.00637065,-0.00478141,-0.00246978,0.00699438,0.00139611,0.015484,0.0234926,6.16672e-05,0.0125448,-0.000134301,0.00976211,0.00820098,0.0175771,0.0133968,0.0114072,0.0118572,0.0276143,0.0424321,0.00959221,0.010774,
1.385,0.0101185,0.00331695,0.0424577,0.00939248,0.0162186,0.042275,0.0094378,0.0045325,0.0154851,0.0144261,0.0245339,0.0165637,0.00619271,0.000691075,0.00603223,0.00933408,0.0307439,0.00307662,0.00592667,0.00563925,0.000404953,-0.0034456,-0.00104645,0.00366076,0.00246663,0.0280905,0.0372761,-0.000473266,0.0154334,0.00448374,0.0141582,0.00839173,0.016737,0.00701312,0.0115984,0.00303121,0.00394149,0.0473198,0.0118572,0.0146664,0.00939955,0.0016804,0.0126426,0.0101673,0.00878815,0.0520123,0.00973482,0.00522296,0.0109934,0.00903243,0.0155433,0.00681115,0.0126185,0.000622827,0.00877757,0.0109428,0.0318478,0.00215349,0.00439247,0.00487177,-0.006226,-0.00470111,-0.00244383,0.00636302,0.0016009,0.0152369,0.0233932,-5.15048e-05,0.0128691,-0.000135278,0.00989069,0.0083033,0.0176829,0.0135108,0.0112004,0.0117762,0.0275347,0.0427815,0.0095929,0.0107049,
1.39,0.0103141,0.00335563,0.0424522,0.00948553,0.0163281,0.0428271,0.00907371,0.00434795,0.0153109,0.0141889,0.024405,0.016662,0.00573884,0.000508529,0.00603735,0.00930917,0.030889,0.00304168,0.00589664,0.00562104,0.00498682,-0.00341432,-0.00168867,0.00366763,0.003127,0.0280569,0.0375035,-0.000506814,0.0150066,0.00444874,0.0142548,0.00806781,0.0165716,0.00721882,0.0116678,0.00303192,0.00399696,0.0476137,0.0119811,0.0147659,0.00944222,0.00169978,0.0122038,0.0102421,0.00874855,0.05196,0.00984525,0.00535478,0.0108982,0.00901161,0.0154211,0.00674492,0.0121603,0.000410471,0.00898188,0.0111393,0.0320103,0.00210556,0.00437412,0.00488847,-0.0060833,-0.00461662,-0.00241041,0.00595151,0.00217266,0.0150873,0.0234261,-0.000158787,0.0138714,-0.000139577,0.0100013,0.00840784,0.0177762,0.0135965,0.0109498,0.0116893,0.0274427,0.0431525,0.00958557,0.0106349,
1.395,0.0105149,0.00340017,0.0424658,0.00958093,0.016853,0.0433037,0.00881927,0.00427231,0.0151875,0.0140685,0.0242292,0.0167712,0.00611443,0.000823667,0.00604436,0.00927292,0.0310321,0.00301543,0.00587184,0.00560789,0.000695288,-0.00336672,-0.00220865,0.00348306,0.00308673,0.0278548,0.037719,-0.000537239,0.0146234,0.00442106,0.0144202,0.00783845,0.0165049,0.00746641,0.0117201,0.00305165,0.00411999,0.0478708,0.0120966,0.0148317,0.00947844,0.00171615,0.0117123,0.0103219,0.00870626,0.0519274,0.00994927,0.00546041,0.010819,0.00898787,0.0153658,0.00668221,0.0123419,0.000321742,0.00916366,0.0113123,0.0321833,0.00205816,0.00436097,0.00491755,-0.00594548,-0.00453112,-0.00237149,0.00516985,0.00197648,0.0149262,0.0234056,-0.00010682,0.0142601,-0.000146871,0.010098,0.00850768,0.0178518,0.0137071,0.0106635,0.0116097,0.027375,0.043492,0.0095719,0.0105703,
1.4,0.0107186,0.00344979,0.0426562,0.00967834,0.0162444,0.0436679,0.008663,0.00427642,0.0150993,0.0140304,0.0241473,0.016683,0.00579715,0.000298761,0.0060538,0.00922751,0.0311735,0.00299755,0.00585256,0.00559805,0.00246792,-0.00330505,-0.00218882,0.00381288,0.00284713,0.0280018,0.0379393,-0.000564078,0.0143219,0.00440178,0.0146446,0.00769533,0.016513,0.00737829,0.0117573,0.00312385,0.00404151,0.0481002,0.0122027,0.0148642,0.00951119,0.00172451,0.0114092,0.0104064,0.00872471,0.0519977,0.0100411,0.0055368,0.0107715,0.0089616,0.0152249,0.00664863,0.0120583,0.000168304,0.00930407,0.0114399,0.0323665,0.00201076,0.00435485,0.00495687,-0.00581643,-0.00444743,-0.00232883,0.0054849,0.00170117,0.0147346,0.0234302,-7.69108e-05,0.0143552,-0.000156967,0.010188,0.00859865,0.0179053,0.0136747,0.0103525,0.0115262,0.0272235,0.0436435,0.00955394,0.0105159,
1.405,0.0109288,0.00350514,0.0428439,0.00977789,0.0170137,0.0440378,0.00858334,0.00433192,0.0150406,0.0139691,0.0240378,0.0168137,0.00542969,7.36619e-05,0.00605838,0.00917365,0.0313113,0.0029874,0.00583768,0.00559233,0.000519172,-0.00322932,-0.00216753,0.00363728,0.00278923,0.028022,0.0381902,-0.000587099,0.014058,0.00439105,0.0149188,0.00762014,0.0165646,0.00766323,0.0117822,0.00316975,0.00416369,0.0484638,0.0123,0.0148665,0.00953351,0.00172683,0.0110631,0.0104929,0.00872241,0.0520595,0.0101157,0.0055832,0.0107463,0.00893383,0.0151424,0.0066101,0.0116076,-8.84947e-05,0.00938937,0.011512,0.0325596,0.00196147,0.00434957,0.00500305,-0.00570104,-0.00436871,-0.00228523,0.00503599,0.00168756,0.0147132,0.0234219,-6.00504e-05,0.0146903,-0.000169863,0.0102776,0.0086758,0.0179393,0.0138258,0.0100289,0.0114665,0.0272305,0.0440835,0.00953496,0.0104757,
1.41,0.0111304,0.00356093,0.0432832,0.0098787,0.0169401,0.0444361,0.00855415,0.00440764,0.015069,0.0141221,0.024214,0.016708,0.00564551,0.00025905,0.00606243,0.00911342,0.0314454,0.00298395,0.00582693,0.00558888,0.00376103,-0.00314233,-0.0021421,0.00445935,0.00258488,0.0288544,0.0384554,-0.00060665,0.0139038,0.00438832,0.0152354,0.00759297,0.0166333,0.00755503,0.0117974,0.00334916,0.00411469,0.0487206,0.0123874,0.0148417,0.00954939,0.00172381,0.0111615,0.0105861,0.00882121,0.0522241,0.0101709,0.00560007,0.0107738,0.00890662,0.0151444,0.00680955,0.0121373,-0.000345137,0.00940827,0.0115171,0.0327603,0.00191007,0.004348,0.0050534,-0.00559929,-0.00429859,-0.00224282,0.00680687,0.00145634,0.0148123,0.0235702,-4.68855e-05,0.0150094,-0.000185299,0.0103688,0.00873502,0.0179507,0.0138536,0.00970476,0.0114368,0.02724,0.0441926,0.0095175,0.0104527,
1.415,0.0113049,0.00361635,0.0435854,0.00997773,0.0173381,0.0444707,0.00854997,0.00448017,0.0151101,0.0141913,0.0241145,0.0166736,0.00551057,-0.000102827,0.00606634,0.00905029,0.0315772,0.00298698,0.00581958,0.00558662,0.00094287,-0.003046,-0.00211261,0.00395241,0.00164057,0.0288291,0.0386732,-0.000622846,0.0136649,0.00439324,0.0155841,0.00759139,0.0166914,0.00753252,0.0118066,0.00334884,0.00413166,0.048958,0.0124662,0.0147929,0.00954294,0.00171731,0.0110161,0.010677,0.00882775,0.0523204,0.0102013,0.00558757,0.0108121,0.00887857,0.0150708,0.00677186,0.0118516,-0.000526117,0.00935164,0.0114542,0.0329663,0.00185624,0.00434225,0.00510511,-0.00551543,-0.00423932,-0.00220466,0.00615564,0.000483538,0.0147281,0.0235177,-3.56838e-05,0.0139085,-0.000203015,0.0104646,0.00877359,0.0179376,0.013896,0.00938917,0.0114292,0.0272024,0.0444023,0.00950422,0.0104484,
1.42,0.0114741,0.00366995,0.0440444,0.0100765,0.0172252,0.0445842,0.00854606,0.00452536,0.0152149,0.0143773,0.0240781,0.0165172,0.00525453,-0.000300032,0.00606661,0.00898821,0.0317054,0.00299483,0.00581444,0.00558502,0.00165243,-0.00294382,-0.00207937,0.00420951,0.00129325,0.0290276,0.0389524,-0.000636034,0.0135261,0.00440506,0.0159384,0.00759323,0.0167216,0.00730421,0.0118126,0.00353392,0.0040432,0.0492923,0.0125381,0.0147266,0.00952607,0.00170779,0.0109833,0.0107708,0.00887465,0.0524854,0.0102041,0.00554215,0.0108878,0.00885108,0.0149928,0.00684725,0.0115047,-0.000655612,0.00922253,0.0113252,0.0331745,0.00179958,0.00433716,0.00515425,-0.00545334,-0.00419318,-0.00217276,0.00622049,0.000396871,0.0149088,0.0236564,-2.58679e-05,0.0143986,-0.000223271,0.0105671,0.00878742,0.0178958,0.0139025,0.00908781,0.0114465,0.0272513,0.044572,0.00949701,0.0104622,
1.425,0.0116349,0.00372036,0.0443174,0.0101719,0.0180537,0.0445838,0.00852229,0.0045312,0.0153606,0.0145959,0.0239582,0.0166436,0.00644953,0.000783508,0.00606256,0.00892543,0.0318307,0.00300623,0.00581123,0.0055829,0.00100381,-0.0028385,-0.00204422,0.00392836,0.00093521,0.0288958,0.0391921,-0.000646793,0.0132688,0.00442297,0.0162879,0.0075814,0.0167085,0.00759136,0.0118184,0.00350607,0.0042233,0.0495236,0.0126029,0.0146487,0.00950077,0.00169549,0.0108044,0.0108617,0.00888042,0.0525698,0.0101744,0.00546402,0.0109658,0.00882302,0.0150758,0.00688267,0.0123778,-0.000724076,0.00902483,0.0111313,0.0333852,0.00173901,0.0043228,0.00519963,-0.00541271,-0.00416208,-0.00214833,0.00550639,-0.000209472,0.0148623,0.0236573,-1.81306e-05,0.0134142,-0.000245415,0.010677,0.00877205,0.0178268,0.0140407,0.00880238,0.0114868,0.0272748,0.0448293,0.00949777,0.0104923,
1.43,0.0117823,0.00376556,0.044691,0.0102642,0.0180093,0.0446706,0.00846231,0.00448927,0.0155119,0.0148002,0.023993,0.0165343,0.00613,0.000290833,0.00605973,0.00886983,0.031955,0.00302014,0.00580875,0.00557984,0.00170699,-0.00273035,-0.00200812,0.00442137,0.000904357,0.029382,0.0394613,-0.000655469,0.0130802,0.00444662,0.016631,0.0075403,0.016643,0.00744309,0.0118265,0.0035541,0.00415966,0.0497873,0.0126636,0.0145655,0.00946901,0.00168133,0.0108676,0.0109546,0.00894885,0.0527008,0.0101105,0.00535728,0.0110615,0.00879544,0.0150479,0.00696443,0.0120583,-0.000776813,0.00876614,0.0108875,0.0335943,0.0016755,0.00430585,0.00523786,-0.00539386,-0.00414726,-0.00213352,0.00628878,-0.000807806,0.0149171,0.0237537,-1.29339e-05,0.0131831,-0.000269514,0.0107923,0.00872683,0.0177323,0.0140539,0.00853126,0.011536,0.0272882,0.0449652,0.00950675,0.0105386,
1.435,0.0119097,0.00380424,0.0448918,0.0103523,0.0191813,0.0447311,0.00835765,0.00439934,0.0156691,0.0149846,0.0239113,0.0166923,0.00673714,0.00137205,0.00605353,0.00882176,0.0320761,0.00303468,0.00580654,0.00557598,0.00125171,-0.00262379,-0.00197195,0.00407342,0.000716785,0.0293637,0.0397048,-0.000662179,0.0127777,0.00447608,0.016974,0.00746177,0.0165295,0.00779081,0.0118388,0.00346946,0.00436691,0.0499761,0.0127217,0.0144847,0.00943081,0.00166624,0.0107508,0.0110444,0.00895885,0.0527543,0.0100177,0.0052306,0.0111465,0.00876757,0.0151261,0.00702135,0.0123791,-0.000658585,0.00846292,0.0106073,0.0338031,0.00160872,0.00427852,0.00526829,-0.00539809,-0.00414941,-0.00212884,0.0056827,-0.00168561,0.0148173,0.0237367,-1.02779e-05,0.0122125,-0.00029485,0.0109135,0.00865437,0.0176189,0.0142137,0.00826992,0.0115963,0.0273289,0.0452081,0.00952421,0.0105996,
1.44,0.0120181,0.00383428,0.0451712,0.0104362,0.0193077,0.0448703,0.00820742,0.00426913,0.0158123,0.0151352,0.0238715,0.0166218,0.00628691,0.000657273,0.00604598,0.00878133,0.0321953,0.00304911,0.00580388,0.00557173,0.00155449,-0.00252014,-0.00193579,0.00426047,0.000666052,0.0295692,0.0399797,-0.000667037,0.0125766,0.0045117,0.01733,0.00734451,0.0163733,0.00771238,0.0118569,0.00347635,0.00433075,0.0502526,0.0127784,0.014412,0.00939459,0.00164628,0.0107109,0.0111334,0.00899653,0.0528534,0.0099032,0.00509851,0.011237,0.0087398,0.0150864,0.00706676,0.0119215,-0.00072212,0.0081324,0.01031,0.0340072,0.00153878,0.00424693,0.00528889,-0.00542539,-0.00416784,-0.00213523,0.00571721,-0.00211771,0.014886,0.0238342,-1.02779e-05,0.0120728,-0.000321098,0.0110374,0.00856289,0.0174986,0.0142536,0.00801244,0.0116542,0.0273644,0.0454094,0.00954951,0.0106697,
1.445,0.0120994,0.00385519,0.0452862,0.0105165,0.0208633,0.0450085,0.00802044,0.00411662,0.015939,0.0152208,0.0238032,0.016823,0.0065189,0.00135665,0.00603802,0.00875226,0.0323157,0.00306166,0.00580085,0.00556668,0.00150344,-0.00242168,-0.00190077,0.00406578,0.000603636,0.0296186,0.0402217,-0.000669929,0.012293,0.00455544,0.0177108,0.00719376,0.0161963,0.00813448,0.0118818,0.00338391,0.00457226,0.0504005,0.0128358,0.0143504,0.00935986,0.00162794,0.0105717,0.0112193,0.00900191,0.0528709,0.00978315,0.00497773,0.0113088,0.00871184,0.0151607,0.0071335,0.0119852,-0.000766093,0.00779568,0.0100138,0.0342088,0.00146747,0.00420385,0.00529953,-0.00547252,-0.00420268,-0.00215175,0.00520616,-0.00226187,0.0148587,0.0237994,-1.33959e-05,0.0114458,-0.000347737,0.0111664,0.00846467,0.0173918,0.0144597,0.00775229,0.0117238,0.0274633,0.0456424,0.00958139,0.0107438,
1.45,0.0121539,0.00386534,0.0454157,0.0105924,0.0209542,0.0451265,0.0078154,0.00396599,0.0160385,0.0152594,0.0237552,0.0167929,0.00595509,0.000653085,0.00603047,0.00873639,0.0324356,0.0030717,0.00579653,0.0055619,0.00161096,-0.00233075,-0.00186663,0.0042034,0.000645849,0.0298072,0.0404641,-0.000670855,0.0120933,0.0046091,0.0181292,0.00702549,0.0160187,0.00813085,0.0119142,0.00337076,0.00456812,0.0505592,0.0128924,0.0143013,0.00932563,0.00160983,0.010499,0.0113044,0.00903036,0.0529064,0.00967445,0.0048903,0.0113738,0.00868398,0.0151232,0.00715146,0.0114304,-0.000894415,0.00746748,0.00973467,0.0344057,0.00139405,0.00415586,0.00529994,-0.00553948,-0.00425176,-0.00217902,0.00524969,-0.00230602,0.0149053,0.0238415,-1.88235e-05,0.0114947,-0.000374376,0.0112961,0.00837524,0.0173154,0.0145232,0.00748346,0.0117879,0.0274999,0.0457714,0.0096184,0.0108175,
1.455,0.0121752,0.00386655,0.0454647,0.0106644,0.022638,0.0453275,0.00761765,0.0038407,0.0160945,0.0151858,0.0237111,0.0169738,0.00558652,0.000638129,0.006024,0.00872817,0.0325561,0.00307777,0.00579176,0.00555764,0.00166328,-0.00224917,-0.00183371,0.00408525,0.000633779,0.0299631,0.0406976,-0.00066912,0.0118385,0.0046739,0.0185792,0.00686099,0.0158704,0.00853579,0.0119546,0.00329076,0.00480305,0.0506548,0.0129513,0.0142674,0.00929685,0.00159207,0.0103752,0.0113862,0.0090392,0.0528802,0.00959676,0.00485022,0.0114173,0.00865621,0.0151381,0.00722819,0.010952,-0.000884243,0.00716657,0.00948264,0.0345992,0.00132043,0.00409713,0.00528984,-0.00562465,-0.00431533,-0.0022158,0.0049397,-0.00232054,0.0148677,0.0237644,-2.73691e-05,0.0111307,-0.000400298,0.0114278,0.0083114,0.0172838,0.0147254,0.00720123,0.0118601,0.027627,0.0459507,0.00965869,0.0108865,
1.46,0.0121671,0.00385422,0.0454866,0.0107336,0.0231188,0.0454836,0.00745621,0.00376758,0.0161213,0.015081,0.0236527,0.0170187,0.00518421,0.000478989,0.00601942,0.00873627,0.0326773,0.00307913,0.00578551,0.00555512,0.00171593,-0.00217816,-0.00180231,0.00406387,0.000659533,0.0300771,0.0409141,-0.000664492,0.0116083,0.00474943,0.0190548,0.00672418,0.0157748,0.00866892,0.012003,0.00325311,0.00488685,0.0507295,0.0130121,0.0142485,0.00926907,0.00157791,0.0102444,0.0114662,0.00904997,0.0528464,0.0095687,0.00487425,0.0114452,0.00862872,0.0151175,0.00725799,0.0105255,-0.000874853,0.00690041,0.0092651,0.0347863,0.00124638,0.00403274,0.00527004,-0.00572476,-0.00439156,-0.00226187,0.00470179,-0.00232581,0.0148783,0.0237393,-3.83399e-05,0.0110563,-0.000425178,0.0115619,0.00829092,0.0173158,0.0148411,0.00690224,0.0119302,0.0277042,0.0460555,0.00970006,0.0109477,
1.465,0.0121263,0.00382908,0.0453987,0.0107996,0.0239161,0.045559,0.00735795,0.0037691,0.0161356,0.0149779,0.0236225,0.0171429,0.00563254,0.000787845,0.00601982,0.00875434,0.0328012,0.00307505,0.00577826,0.00555445,0.00175262,-0.00211942,-0.00177269,0.00405433,0.000648173,0.0302419,0.0410906,-0.000656394,0.0113291,0.00483337,0.019539,0.00663926,0.015753,0.00893468,0.0120586,0.00318245,0.0050644,0.0506667,0.0130768,0.0142463,0.00924426,0.00156271,0.0101283,0.0115442,0.00906035,0.0527522,0.00960802,0.00497579,0.0114502,0.00860095,0.0151938,0.00732447,0.010954,-0.000865933,0.00667304,0.0090889,0.0349717,0.00117433,0.00395937,0.00524042,-0.00583821,-0.00447785,-0.00231554,0.00457624,-0.00232757,0.0149058,0.0236684,-5.19667e-05,0.0106871,-0.000448756,0.0116978,0.0083289,0.0174219,0.0150164,0.00658561,0.0120041,0.0278219,0.0460748,0.00974054,0.0109989,
1.47,0.0120531,0.00379137,0.0453446,0.0108632,0.02401,0.045623,0.00734309,0.00385463,0.0161309,0.0148748,0.0235821,0.0171479,0.00535107,0.000303621,0.006024,0.00878701,0.0329298,0.00306469,0.00577008,0.00555724,0.00177208,-0.00207339,-0.00174498,0.00405433,0.00067838,0.0303833,0.041267,-0.000644594,0.0111125,0.00492209,0.0200202,0.00662497,0.015816,0.00902047,0.0121208,0.00317762,0.00513164,0.0506411,0.0131442,0.0142615,0.00922938,0.00154739,0.0100331,0.0116219,0.00907726,0.0526812,0.00972651,0.00516316,0.0114445,0.00857346,0.015189,0.00736317,0.0106196,-0.00085717,0.00648314,0.0089472,0.0351524,0.00110197,0.00388155,0.00520218,-0.00596368,-0.00457444,-0.00237655,0.00452837,-0.00232711,0.0149277,0.0236537,-6.77877e-05,0.0107638,-0.000470705,0.0118365,0.00843736,0.0176113,0.0151088,0.00625223,0.0120684,0.0279008,0.0460518,0.00977793,0.0110385,
1.475,0.0119468,0.00374399,0.0453214,0.0109246,0.0252627,0.0458055,0.00742176,0.00402936,0.0161047,0.0147289,0.0235927,0.0172879,0.00507279,0.00014695,0.00603465,0.00883322,0.0330606,0.00304765,0.00576062,0.00556203,0.00177399,-0.00204121,-0.00171905,0.0040467,0.00067767,0.0306495,0.0414545,-0.000628746,0.0109015,0.00501109,0.020488,0.00668974,0.0159696,0.00935163,0.012188,0.00315899,0.00534759,0.0506633,0.0132164,0.0142931,0.00921449,0.00153242,0.00995938,0.0116972,0.00909379,0.0526027,0.0099323,0.00544305,0.0114306,0.00854662,0.0152296,0.00748473,0.010207,-0.000848563,0.00632429,0.00883629,0.0353301,0.00103424,0.00379697,0.00515587,-0.00609858,-0.0046786,-0.00244339,0.00452494,-0.00232542,0.0149733,0.0236022,-8.68422e-05,0.0106418,-0.000491091,0.0119795,0.00862246,0.0178862,0.0153079,0.00590521,0.0121386,0.028077,0.0461428,0.00981114,0.0110667,
1.48,0.0118126,0.00368337,0.0452909,0.0109838,0.025253,0.0458914,0.00759415,0.00428775,0.0160779,0.0146054,0.0235942,0.0173287,0.00485637,-3.91118e-05,0.00604975,0.00889218,0.0331973,0.00302411,0.00574988,0.00557133,0.00175676,-0.00202208,-0.00169477,0.00403811,0.000692774,0.030857,0.0416134,-0.000608501,0.0108178,0.00509564,0.0209199,0.00683601,0.0162056,0.00947265,0.0122583,0.00316859,0.00543647,0.0506825,0.0132917,0.014342,0.00921052,0.00151884,0.00990862,0.0117723,0.00911379,0.0525483,0.0102249,0.00580974,0.0114164,0.00852092,0.0152657,0.00753644,0.00994474,-0.0008398,0.00619538,0.00875421,0.0355066,0.000965356,0.0037085,0.00510174,-0.00624062,-0.00478933,-0.00251529,0.00454047,-0.0023221,0.0152199,0.0236436,-0.000109015,0.0107394,-0.000509719,0.0121264,0.00888444,0.018242,0.0154556,0.00554856,0.0122126,0.0282354,0.0461995,0.00983922,0.0110845,
1.485,0.0116502,0.00361151,0.0452773,0.011042,0.0250454,0.0459258,0.00785126,0.00461976,0.0160693,0.014566,0.0235969,0.0173337,0.00496372,-2.75204e-05,0.00607173,0.00896411,0.0333373,0.00299368,0.00573803,0.0055829,0.00172135,-0.00201544,-0.00167316,0.00402131,0.000741055,0.03103,0.0417569,-0.00058386,0.0108546,0.00517097,0.0212997,0.00705634,0.0165127,0.00954028,0.0123291,0.00320759,0.00550711,0.0506659,0.0133721,0.014406,0.00920953,0.00150584,0.00987544,0.0118465,0.00913532,0.0525342,0.0105965,0.00625332,0.0114081,0.00849671,0.0153127,0.00760662,0.0100468,-0.000831193,0.00609263,0.0086976,0.0356797,0.000903632,0.0036154,0.00504102,-0.00638917,-0.00490469,-0.0025906,0.00455511,-0.00231787,0.0154265,0.0237096,-0.000134767,0.0108919,-0.000526783,0.0122784,0.00921709,0.0186652,0.0155801,0.00518717,0.012285,0.0283882,0.0461849,0.00986149,0.0110936,
1.49,0.0114644,0.00353004,0.0452696,0.0110986,0.0260507,0.046051,0.00817814,0.00500417,0.0160492,0.0144812,0.0236352,0.0174512,0.00486407,-0.000183968,0.00609762,0.00905168,0.0334832,0.00295655,0.00572517,0.00559792,0.00166966,-0.0020214,-0.00165358,0.00399841,0.000951475,0.0312877,0.0418989,-0.000555055,0.0109444,0.0052329,0.0216138,0.00733776,0.0168698,0.00982026,0.0123978,0.00320366,0.00570174,0.0506281,0.0134556,0.0144849,0.00921549,0.001494,0.00985568,0.0119199,0.00915531,0.0525097,0.011034,0.00675655,0.0113999,0.00847476,0.0153942,0.00773287,0.00984648,-0.000822508,0.00601532,0.0086602,0.0358524,0.000823792,0.00351692,0.00497437,-0.00654162,-0.00502311,-0.0026687,0.00457678,-0.00231266,0.0156344,0.0237337,-0.000165139,0.0108427,-0.000542285,0.0124374,0.00960853,0.0191375,0.0157837,0.00482577,0.0123645,0.028615,0.0461951,0.00987819,0.0110971,
1.495,0.011256,0.00344054,0.0452807,0.0111533,0.0251942,0.0460353,0.0085554,0.0054233,0.0160665,0.0145213,0.0236263,0.0173617,0.00470413,-0.000233101,0.00612971,0.00914886,0.0336327,0.00291356,0.00571084,0.00561546,0.00160394,-0.0020393,-0.00163693,0.00397703,0.000837616,0.0313884,0.0420028,-0.000522432,0.0112002,0.00527664,0.0218511,0.00766492,0.017254,0.00975173,0.012461,0.00335026,0.0056887,0.0505609,0.0135442,0.0145773,0.00922243,0.00148286,0.00984778,0.0119923,0.00917953,0.0525536,0.0115216,0.00729694,0.0114063,0.00845543,0.0154125,0.00776611,0.00964537,-0.000813823,0.0059577,0.00864585,0.0360237,0.000767018,0.00341779,0.0049026,-0.00669635,-0.00514356,-0.00274794,0.00459322,-0.00230673,0.015913,0.0238572,-0.000201053,0.0118997,-0.000556288,0.0126022,0.0100452,0.0196359,0.0158515,0.00446808,0.0124365,0.0287562,0.0460648,0.00989021,0.0110986,
1.5,0.0110673,0.0033471,0.0452728,0.0112072,0.0264178,0.0463347,0.00896158,0.00584827,0.0160597,0.0144731,0.0237248,0.0176203,0.00467965,-0.000265631,0.00616476,0.00925751,0.0337868,0.00286399,0.00569431,0.0056338,0.00152609,-0.00206855,-0.0016232,0.00394725,0.00378789,0.0317556,0.0421451,-0.000486569,0.0115729,0.00529831,0.0219997,0.0080189,0.0176373,0.0102431,0.0125154,0.00334446,0.00595842,0.0505103,0.0136361,0.0146798,0.00924873,0.00147566,0.00984976,0.0120624,0.00919837,0.052581,0.0120405,0.00784719,0.0114133,0.00844051,0.0155405,0.00793568,0.00951088,-0.000804903,0.00592387,0.0086558,0.0361949,0.000659686,0.00331209,0.0048268,-0.00685303,-0.00526435,-0.00282756,0.00461779,-0.00229983,0.0161989,0.0239691,-0.000243551,0.0128901,-0.000568923,0.0127732,0.0105097,0.0201392,0.0161224,0.00411684,0.0125141,0.0290222,0.0461428,0.00989843,0.0111021,
1.505,0.0108338,0.00324751,0.0452605,0.0112601,0.0251684,0.0463098,0.00937399,0.00625346,0.0161212,0.0145958,0.0237161,0.0175142,0.00457378,-0.000289861,0.00620413,0.00937056,0.0339419,0.00280918,0.00567604,0.00565281,0.00144218,-0.00210772,-0.00161354,0.00392034,0.00241119,0.0317954,0.0422093,-0.000448625,0.0120403,0.00529551,0.0220551,0.00837955,0.0179946,0.0101536,0.0125573,0.0035873,0.00591313,0.0504126,0.0137302,0.01479,0.00926956,0.00146649,0.00985825,0.0121326,0.0092199,0.052655,0.0125707,0.00837868,0.011438,0.0084301,0.0155749,0.00794265,0.00940988,-0.000796061,0.00591581,0.00868753,0.0363635,0.000628508,0.00320815,0.00474763,-0.00700791,-0.00538457,-0.00290591,0.00463314,-0.00221251,0.0165195,0.024097,-0.000293092,0.0142041,-0.000580061,0.0129505,0.0109828,0.0206201,0.0161778,0.00377345,0.0125898,0.0291577,0.0459735,0.00990495,0.011111,
1.51,0.0106433,0.00314495,0.0451946,0.0113123,0.0263861,0.0465836,0.00977002,0.00661304,0.0161581,0.0146,0.0238339,0.0178373,0.00466624,-0.000309006,0.00624795,0.0094857,0.0340984,0.00274957,0.00565473,0.00567076,0.00135508,-0.00215734,-0.00160833,0.00388656,0.00340397,0.0321629,0.0423327,-0.000409176,0.012571,0.00526742,0.0220239,0.00872871,0.0183013,0.0106885,0.0125834,0.00358002,0.00620884,0.0503969,0.0138273,0.0149056,0.00931124,0.00145593,0.00987247,0.0122016,0.00923335,0.0526828,0.0130905,0.00885789,0.0114604,0.00842597,0.015746,0.00811113,0.00941005,-0.000787141,0.00593378,0.0087431,0.0365327,0.000452395,0.00309809,0.00466563,-0.00716004,-0.00550152,-0.00298224,0.00465609,-0.00100894,0.0168531,0.0242365,-0.000349909,0.015198,-0.000589896,0.0131329,0.0114453,0.0210525,0.0164869,0.00343837,0.0126788,0.0294413,0.0461517,0.00991146,0.0111284,
1.515,0.0103975,0.00304172,0.0451063,0.0113626,0.0246943,0.0464214,0.0101285,0.00690276,0.0162587,0.0147521,0.0238053,0.0177067,0.00452862,-0.000324935,0.00629204,0.00959562,0.0342521,0.00268503,0.00563085,0.00568604,0.00126766,-0.0022162,-0.00160871,0.00385812,0.00240777,0.0321115,0.0423518,-0.000370075,0.0130864,0.00521567,0.0219191,0.00904667,0.0185379,0.0105303,0.0125903,0.00380745,0.0061155,0.0502994,0.0139262,0.0150234,0.00934299,0.00144421,0.00988926,0.0122693,0.00924758,0.0527342,0.0135784,0.00925965,0.0114947,0.00842691,0.0157815,0.00806563,0.00928564,-0.000778221,0.00597263,0.00882078,0.0367005,0.000482204,0.00299192,0.00458243,-0.00730713,-0.00561451,-0.00305515,0.00466675,-0.000814643,0.0171098,0.0243349,-0.000413078,0.0161284,-0.000597972,0.0133219,0.0118779,0.0214133,0.016518,0.0031124,0.0127644,0.0295378,0.0459904,0.00991994,0.0111563,
1.52,0.0101975,0.00294037,0.0449704,0.0114117,0.0251024,0.0464259,0.0104298,0.00710492,0.0163374,0.0148027,0.0238594,0.0178687,0.00447716,-0.000338545,0.00633437,0.00969778,0.0344021,0.00261621,0.00560256,0.00569734,0.00118598,-0.0022845,-0.00161506,0.00382548,0.00306549,0.0323062,0.0424064,-0.000332825,0.0135851,0.00514369,0.021761,0.00931599,0.0186905,0.0107777,0.0125751,0.00383285,0.00626569,0.0502146,0.0140253,0.0151395,0.00938219,0.00143388,0.00990763,0.0123352,0.00925219,0.0527409,0.0140147,0.00956204,0.0115232,0.00843422,0.0158833,0.00814277,0.00916458,-0.000769145,0.00603924,0.00892474,0.0368656,0.000191702,0.00288214,0.00449868,-0.00744609,-0.00572116,-0.00312363,0.00468391,0.00120435,0.0173395,0.0244305,-0.00048075,0.0168989,-0.000602271,0.0135167,0.0122622,0.021683,0.0167088,0.00279548,0.0128514,0.0297285,0.0460297,0.00993145,0.0111948,
1.525,0.00996748,0.00284271,0.0448366,0.0114596,0.0234965,0.0461304,0.0106575,0.0072064,0.0164489,0.0149446,0.0238078,0.017704,0.00435415,-0.000350436,0.00637657,0.00978222,0.0345442,0.00254384,0.00557051,0.00570319,0.00110814,-0.00236125,-0.00162879,0.00379838,0.00229765,0.0322078,0.0423895,-0.000298698,0.0140057,0.00505627,0.0215739,0.00952256,0.0187495,0.0104841,0.0125356,0.00397107,0.00611402,0.0501516,0.014123,0.0152509,0.00940303,0.00141972,0.0099258,0.0123992,0.00925411,0.0527659,0.0143803,0.00975226,0.0115556,0.00844623,0.0158806,0.00805967,0.00908726,-0.00075999,0.0061336,0.00905139,0.0370303,0.000189385,0.00277727,0.0044156,-0.00757578,-0.0058191,-0.00318705,0.00469059,0.000985828,0.0174523,0.0244937,-0.000550385,0.0172382,-0.000602727,0.0137177,0.0125825,0.0218472,0.0166853,0.00248834,0.012923,0.0297577,0.0459094,0.00994727,0.0112434,
1.53,0.00980326,0.00274946,0.0446686,0.0115064,0.0242654,0.0461177,0.0107986,0.00720351,0.0165047,0.0149446,0.0238639,0.0178994,0.00431886,-0.00036098,0.0064127,0.00984523,0.0346776,0.00246822,0.00553313,0.00570199,0.00104098,-0.00244587,-0.00165047,0.00376975,0.00333375,0.0323999,0.0424125,-0.000270239,0.0143793,0.00495928,0.0213794,0.00965429,0.0187114,0.010805,0.0124699,0.00388823,0.00628425,0.0500466,0.0142201,0.0153546,0.00943329,0.00140207,0.00994358,0.0124613,0.00924373,0.052742,0.0146592,0.00982365,0.0115724,0.0084634,0.0159559,0.00813371,0.00898688,-0.000750914,0.00625789,0.00920733,0.0371947,-8.54232e-05,0.0026712,0.00433387,-0.00769313,-0.00590698,-0.00324477,0.00470631,0.0026422,0.0175261,0.0245578,-0.000619443,0.0174232,-0.000599991,0.0139258,0.0128251,0.0219002,0.0168537,0.00219291,0.0129791,0.0298948,0.0459363,0.00996833,0.011301,
1.535,0.00961851,0.00266285,0.0445412,0.011553,0.0232161,0.0459168,0.0108442,0.00710203,0.0165677,0.0150072,0.0238314,0.0177922,0.00420849,-0.000370328,0.00644277,0.0098845,0.0347999,0.00238967,0.00549097,0.00569269,0.000977008,-0.00253792,-0.00168015,0.00374741,0.00270145,0.0323394,0.0423892,-0.000249069,0.0146702,0.00486023,0.0211975,0.00970293,0.0185804,0.0105904,0.0123773,0.0039273,0.00617745,0.0500517,0.0143143,0.0154486,0.00944917,0.00138142,0.00995899,0.0125213,0.00922912,0.0527362,0.0148378,0.00977705,0.0115881,0.00848442,0.0159456,0.00807511,0.00889516,-0.000741681,0.00641336,0.00938863,0.0373556,-0.000503586,0.00257208,0.00425484,-0.00779519,-0.0059831,-0.00329559,0.0047092,0.00151429,0.0175411,0.0246058,-0.000685961,0.0172175,-0.000594259,0.0141436,0.0129797,0.0218409,0.0168398,0.00191074,0.0130141,0.0299055,0.0459084,0.00999433,0.0113652,
1.54,0.0094943,0.00258417,0.0444254,0.0115977,0.02334,0.0459055,0.010791,0.00690918,0.016602,0.0150192,0.0238632,0.0178819,0.00414923,-0.00037833,0.00646299,0.00989319,0.0349124,0.00230893,0.00544266,0.00567381,0.00092612,-0.00263616,-0.00171841,0.00373119,0.00324332,0.0324482,0.042396,-0.000236691,0.0149163,0.00476399,0.0210442,0.00966437,0.018366,0.0106572,0.0122575,0.00388572,0.00622857,0.0500532,0.0144051,0.0155303,0.00946058,0.00136168,0.00997479,0.0125793,0.00920452,0.052721,0.0149055,0.00961864,0.0115981,0.00850947,0.0159751,0.00810634,0.00881078,-0.000732292,0.00659976,0.00960188,0.0375156,-0.00150244,0.00247573,0.00417904,-0.00788101,-0.00604689,-0.00333901,0.00472871,0.00202805,0.0175271,0.0246706,-0.000747974,0.0174675,-0.000586053,0.0143708,0.0130375,0.0216741,0.0169228,0.00164259,0.0130315,0.0299556,0.0459979,0.0100253,0.0114336,
1.545,0.00937798,0.00251521,0.0443374,0.0116418,0.022978,0.0458288,0.0106423,0.00664336,0.0166197,0.0150298,0.0238543,0.0178323,0.00408375,-0.000385285,0.00647567,0.00987141,0.0350126,0.00222672,0.00538857,0.00564497,0.000861034,-0.00273924,-0.00176526,0.00371153,0.00290219,0.0324409,0.0423686,-0.000234377,0.0151038,0.00467492,0.0209385,0.00954202,0.0180845,0.0105021,0.0121114,0.00384665,0.00617755,0.0500408,0.0144939,0.0156005,0.00946356,0.00133719,0.00998447,0.0126348,0.0091703,0.0527001,0.0148551,0.00936126,0.0116041,0.00853771,0.0159664,0.00808468,0.00872551,-0.000723059,0.00682238,0.00984569,0.0376747,-0.00298581,0.00238448,0.00410754,-0.00794894,-0.00609699,-0.00337439,0.00472491,0.00153194,0.017499,0.0247097,-0.000804445,0.0169986,-0.000575437,0.0146077,0.0129946,0.0214117,0.0169301,0.00139325,0.0130286,0.0299702,0.0459869,0.0100602,0.0115037,
1.55,0.0093006,0.00245707,0.0442578,0.0116863,0.0231307,0.0458257,0.0104109,0.00633336,0.0166053,0.0149967,0.0238648,0.0178659,0.00403047,-0.000391043,0.00647418,0.00982091,0.0351012,0.00214368,0.00532786,0.00560509,0.000837902,-0.0028466,-0.00182024,0.0036997,0.00300721,0.0324853,0.042346,-0.000242012,0.0152286,0.00459727,0.0208943,0.00934527,0.0177614,0.0104949,0.0119405,0.00376748,0.00620492,0.0500207,0.0145789,0.0156606,0.00945611,0.00130876,0.00999098,0.0126882,0.00912609,0.0526576,0.0146868,0.00902359,0.0116026,0.00856848,0.0159645,0.00809979,0.00864315,-0.000713826,0.00708721,0.0101271,0.0378316,-0.00372966,0.00229712,0.00404035,-0.00799721,-0.00613228,-0.00340091,0.00472509,0.0017125,0.0174112,0.0247341,-0.000854333,0.0165892,-0.000562671,0.0148508,0.0128517,0.0210706,0.0169695,0.00116572,0.0130069,0.0299838,0.0460089,0.0100984,0.0115729,
1.555,0.00923849,0.00241084,0.0442011,0.0117294,0.0232115,0.0457876,0.0101201,0.00600871,0.0165712,0.0149549,0.0238484,0.0178465,0.00397009,-0.000395306,0.00646272,0.00974469,0.0351792,0.00206011,0.00526155,0.00555326,0.000715228,-0.00295564,-0.00188208,0.00369015,0.00268751,0.0324624,0.0423046,-0.000260059,0.0152353,0.00453514,0.0209281,0.00909417,0.0174252,0.0104174,0.0117474,0.00371817,0.00620927,0.0499931,0.0146612,0.0157115,0.00943627,0.00127777,0.00999335,0.0127394,0.00907419,0.0525909,0.0144105,0.00862898,0.0115945,0.00860085,0.0159324,0.00810181,0.00856115,-0.000704593,0.00739294,0.0104458,0.0379875,-0.0038709,0.00221578,0.00397828,-0.00802436,-0.00615343,-0.00341939,0.00471642,0.00137436,0.0172177,0.0247038,-0.000897061,0.0159181,-0.00054769,0.0151017,0.0126185,0.0206796,0.0169645,0.000959373,0.0129679,0.0299521,0.0459817,0.0101385,0.0116387,
1.56,0.00920849,0.00237729,0.04417,0.0117714,0.0234661,0.0457501,0.00980429,0.00570825,0.0165144,0.0149098,0.0238262,0.0178191,0.00406187,-0.000398298,0.0064398,0.00964659,0.035248,0.00197717,0.00518863,0.00549039,0.000896129,-0.00306547,-0.00195002,0.00368653,0.00237123,0.0324338,0.0422526,-0.00028898,0.0151151,0.00449208,0.0210546,0.00881749,0.0171158,0.0103649,0.0115349,0.00364061,0.00623949,0.0499149,0.0147406,0.0157566,0.00940104,0.00124423,0.00999197,0.0127883,0.00901575,0.0524995,0.0140499,0.00821221,0.0115783,0.0086336,0.0158912,0.0081285,0.0086397,-0.000695438,0.00774017,0.0108015,0.0381417,-0.00389366,0.00213926,0.0039212,-0.00803232,-0.00615931,-0.00342945,0.00470739,0.00115122,0.0169562,0.0246513,-0.000932629,0.0148395,-0.000530821,0.0153585,0.0123146,0.0202706,0.0169486,0.000771115,0.0129093,0.0299126,0.0458804,0.0101789,0.011699,
1.565,0.00919797,0.00235632,0.0441057,0.0118131,0.0235177,0.0456246,0.00950481,0.00547187,0.0164554,0.0148884,0.0238278,0.0177881,0.00437526,-0.000399644,0.00640165,0.00952994,0.0353093,0.00189517,0.0051101,0.00541555,0.000227243,-0.00317508,-0.00202312,0.00378139,0.00196304,0.0324732,0.0421671,-0.000329007,0.014882,0.00447171,0.0212889,0.00855115,0.0168686,0.0102933,0.0113072,0.00356242,0.00626506,0.0497599,0.0148181,0.0157975,0.00935341,0.00120941,0.0100443,0.0128363,0.00895962,0.0523595,0.0136409,0.00781378,0.0115528,0.00866578,0.0158954,0.00814924,0.00899439,-0.000686362,0.0081252,0.0111872,0.0382951,-0.00389102,0.00206681,0.00386922,-0.00801867,-0.00615139,-0.00343154,0.00496825,0.000842121,0.016807,0.0245895,-0.000961153,0.0136009,-0.000512064,0.0156114,0.0119708,0.0198803,0.0169438,0.000583376,0.0128408,0.0298874,0.045705,0.0102185,0.0117531,
1.57,0.00921639,0.00234792,0.0440422,0.0118556,0.0238433,0.0454888,0.00926515,0.00533113,0.0164034,0.01492,0.0239911,0.0177215,0.00474288,-0.000152409,0.00635365,0.00940427,0.0353659,0.00181589,0.00502579,0.00532969,0.00294937,-0.00328322,-0.0020992,0.0043183,0.00168885,0.0328799,0.04204,-0.000381065,0.0145588,0.00447697,0.0216393,0.00833441,0.0167171,0.0102217,0.0110688,0.0035258,0.00631172,0.0493514,0.0148942,0.0158381,0.00929437,0.00116971,0.0104147,0.0128839,0.00895116,0.0521713,0.0132267,0.00746736,0.0115216,0.0086973,0.0159645,0.00828271,0.00948534,-0.00067752,0.00853824,0.0115986,0.0384456,-0.00387859,0.00199891,0.00382156,-0.00798551,-0.00612979,-0.00342616,0.00655198,0.000267749,0.0166895,0.0245221,-0.000982979,0.0126655,-0.000491547,0.015858,0.0116213,0.019545,0.0169253,0.000378813,0.0127698,0.0298788,0.04521,0.0102565,0.0118007,
1.575,0.00927218,0.00235149,0.0439091,0.0118979,0.0237939,0.0453205,0.00912337,0.00531496,0.0163673,0.0149864,0.0241217,0.0176762,0.00511215,-0.00022824,0.00629446,0.00927929,0.03542,0.00174017,0.00493643,0.00523332,-0.000309557,-0.00338979,-0.00217897,0.0043853,0.00179451,0.0331143,0.0418798,-0.000444923,0.0142077,0.00450964,0.0221071,0.0082005,0.0166902,0.0101481,0.0108247,0.00350485,0.00633612,0.048854,0.0149706,0.0158818,0.00923285,0.00113199,0.0108038,0.0129307,0.0089181,0.0519295,0.0128483,0.00720505,0.0114828,0.00872798,0.0160581,0.00836036,0.0098843,-0.000433475,0.0089651,0.012017,0.0385958,-0.00385911,0.00193499,0.00377821,-0.0079322,-0.00609552,-0.00341401,0.00728559,0.00131934,0.0166724,0.0244729,-0.000998454,0.0125369,-0.000469402,0.0160957,0.0113016,0.019291,0.0169088,0.000142676,0.0127003,0.0298548,0.0446801,0.010292,0.0118426,
1.58,0.0093485,0.00236617,0.043822,0.0119404,0.0241728,0.045174,0.00910362,0.00543477,0.0163389,0.0150596,0.0243491,0.0175751,0.00528368,1.43585e-05,0.0062253,0.00915477,0.0354723,0.00166821,0.00484275,0.00512659,0.00150089,-0.00349298,-0.00226071,0.00490942,0.00139297,0.0335754,0.0417024,-0.000520349,0.0138615,0.00456952,0.0226788,0.00817263,0.0167993,0.0100484,0.0105799,0.00352935,0.00636879,0.0482386,0.0150486,0.01593,0.0091624,0.00109729,0.0114344,0.0129774,0.00892079,0.0516656,0.0125406,0.00704629,0.0114465,0.00875866,0.0161603,0.0085254,0.0101645,-0.000129495,0.00938911,0.0124269,0.0387453,-0.00383362,0.00187644,0.00373835,-0.00786053,-0.00604949,-0.00339623,0.00885198,0.000408331,0.0167143,0.0244166,-0.00100873,0.0121048,-0.000445629,0.0163256,0.0110413,0.0191355,0.0168874,-0.000142453,0.0126416,0.0298822,0.0439517,0.0103252,0.01188,
1.585,0.00946851,0.00239089,0.0437185,0.011981,0.0242836,0.0451735,0.00921486,0.0056954,0.0163339,0.0151763,0.0244239,0.0176107,0.00562691,0.000428959,0.00615128,0.00904021,0.0355263,0.00160023,0.00474475,0.00501175,-0.000748569,-0.00359212,-0.00241154,0.00439217,0.0021226,0.0335893,0.0415896,-0.00060584,0.0136217,0.0046549,0.0233294,0.00825834,0.0170431,0.0100917,0.0103395,0.00351968,0.00643285,0.0479999,0.0151272,0.0159847,0.00910534,0.00106537,0.0116533,0.0130197,0.0088239,0.0514187,0.0123274,0.00700143,0.0114142,0.00878906,0.0162582,0.00859112,0.0103906,0.000158524,0.00979118,0.0128121,0.0388932,-0.00380265,0.0018228,0.00370092,-0.00777293,-0.00599373,-0.00337363,0.00847009,0.00193591,0.0168253,0.0244728,-0.00101451,0.012529,-0.000420424,0.0165508,0.0108614,0.0190877,0.0169204,-0.000499698,0.0125889,0.0299086,0.0437748,0.0103554,0.0119146,
1.59,0.00959957,0.00242407,0.0437077,0.0120222,0.0249815,0.045311,0.00945017,0.00608378,0.0163112,0.0152295,0.0245851,0.0175503,0.0055347,3.41013e-05,0.00607038,0.00893898,0.0355805,0.00153569,0.00464345,0.0048888,-0.00128154,-0.00368608,-0.00244668,0.00485865,0.00192954,0.0339044,0.0414601,-0.000699313,0.0135534,0.00476262,0.0240328,0.00845413,0.0174071,0.0100816,0.0101082,0.00353702,0.00648981,0.0475215,0.0152065,0.0160458,0.00905275,0.00103809,0.0120426,0.0130615,0.0087893,0.0512044,0.0122213,0.00707303,0.0113937,0.00882058,0.0163292,0.00874172,0.010309,0.000403508,0.0101479,0.013149,0.0390393,-0.00376599,0.00177407,0.00366497,-0.00766956,-0.00592881,-0.00334718,0.00906929,0.000902222,0.017054,0.0245173,-0.00101658,0.0125529,-0.000393915,0.0167702,0.0107741,0.019147,0.0169449,-0.000951591,0.012547,0.0300165,0.0432148,0.0103835,0.0119479,
1.595,0.00978221,0.00246692,0.043658,0.012061,0.0252501,0.0456119,0.00979094,0.00657551,0.0162769,0.0152873,0.0245717,0.0175311,0.00570476,0.000454086,0.0059845,0.00885523,0.0356387,0.00147576,0.0045393,0.00475907,-0.00261947,-0.00377363,-0.00251673,0.00422096,0.00283751,0.0337408,0.0413432,-0.000798802,0.0137278,0.00488915,0.0247674,0.00874343,0.0178597,0.010137,0.00988955,0.00352251,0.00654231,0.047009,0.0152874,0.0161134,0.00902199,0.00101674,0.0120106,0.0130996,0.00866705,0.0510285,0.0122263,0.00725735,0.0113739,0.00885286,0.0163614,0.00877748,0.0102445,0.000585818,0.0104386,0.0134164,0.0391844,-0.00372513,0.00172756,0.00362969,-0.00755238,-0.00585643,-0.00331787,0.00802263,0.00222729,0.0172703,0.0246393,-0.00101635,0.0136151,-0.000366039,0.0169864,0.0107843,0.0193124,0.0169516,-0.00149494,0.0124892,0.0300817,0.042703,0.0104099,0.0119815,
1.6,0.00995537,0.00251364,0.0437852,0.0120981,0.0257627,0.0460703,0.01021,0.00713451,0.0162719,0.0153812,0.0245013,0.0176275,0.00551585,6.13973e-05,0.00589861,0.00879106,0.0356982,0.00141814,0.00443295,0.00462429,-0.00350882,-0.00385499,-0.00259491,0.00397264,0.00270377,0.0335338,0.0413904,-0.000902224,0.0140304,0.00503009,0.0255068,0.00910504,0.0183654,0.0102741,0.00968674,0.00357196,0.00664922,0.0476061,0.0153692,0.0161867,0.00900512,0.00100211,0.0118018,0.0131355,0.00855709,0.0509855,0.0123393,0.00754869,0.0113864,0.00888654,0.0163669,0.00884657,0.00983729,0.000621654,0.0106442,0.0135954,0.0393273,-0.00368036,0.00168773,0.00359401,-0.00742366,-0.0057785,-0.00328699,0.00662604,0.00142183,0.0174858,0.024806,-0.00101485,0.0138786,-0.00033712,0.0172003,0.0108898,0.0195748,0.0170587,-0.00203681,0.0124467,0.0302022,0.0433466,0.0104354,0.0120171,
1.605,0.0101533,0.00256374,0.0437877,0.0121343,0.0263188,0.0464583,0.010677,0.00771921,0.0162593,0.0154545,0.0244544,0.0176295,0.00597516,0.000647925,0.00581138,0.00874102,0.0357586,0.00136469,0.00432531,0.00448526,-0.00382931,-0.00392938,-0.00267283,0.00401921,0.00294182,0.0334654,0.0413016,-0.0010075,0.0144844,0.00518122,0.0262292,0.00951249,0.0188834,0.0103831,0.00950129,0.00351381,0.00674924,0.0471977,0.015453,0.0162623,0.00901107,0.000990506,0.0116031,0.0131718,0.00847943,0.0508989,0.0125517,0.0079333,0.0113966,0.00892154,0.0164345,0.00889534,0.0101987,0.00083268,0.0107511,0.0136684,0.0394695,-0.0036318,0.00164289,0.00355672,-0.00728486,-0.00569571,-0.00325521,0.00598457,0.00157316,0.0178684,0.024949,-0.00101312,0.0139838,-0.000307355,0.0174119,0.0110872,0.0199196,0.0171291,-0.00246647,0.012403,0.0303532,0.0429007,0.0104604,0.0120558,
1.61,0.0103264,0.00261583,0.0439289,0.0121685,0.0266153,0.0468228,0.0111617,0.00828962,0.01627,0.0155528,0.0244107,0.017606,0.00583235,0.000214554,0.00572361,0.00870512,0.0358214,0.00131386,0.00421657,0.0043433,-0.00395804,-0.00399644,-0.00274796,0.0040049,0.00247354,0.0334523,0.0413239,-0.00111323,0.0150239,0.00533871,0.0269214,0.00993904,0.0193757,0.0104206,0.00933396,0.00355436,0.00680822,0.0474767,0.0155365,0.0163395,0.00902397,0.000990389,0.0114082,0.0132079,0.00842714,0.0508961,0.01285,0.00839285,0.0114335,0.00895794,0.0164446,0.00895746,0.00989508,0.000851458,0.0107451,0.013624,0.0396085,-0.00358061,0.00160713,0.00351767,-0.00713696,-0.00560919,-0.00322363,0.00563411,0.00100028,0.0182204,0.0251357,-0.00101243,0.0136167,-0.000277134,0.0176242,0.0113637,0.020332,0.01721,-0.00237412,0.0123773,0.0305134,0.0431145,0.010486,0.0120987,
1.615,0.0105086,0.00267131,0.0439447,0.0122024,0.0271288,0.0470587,0.0116366,0.00880798,0.0162668,0.0156247,0.0243342,0.0175073,0.00618596,0.00078276,0.00564191,0.00867975,0.0358841,0.00126585,0.00410764,0.00420002,-0.00402919,-0.00405665,-0.00281889,0.00393332,0.00236078,0.0333718,0.0412176,-0.00121214,0.0156095,0.00549879,0.0275702,0.0103598,0.0198121,0.0104594,0.00918476,0.00350407,0.00688108,0.0468163,0.015619,0.0164144,0.00904729,0.0010013,0.0111933,0.0132427,0.00837486,0.0508278,0.0132179,0.00890317,0.0114604,0.00899472,0.0164734,0.00898852,0.0100888,0.000988778,0.0106206,0.0134595,0.0397468,-0.00352679,0.00156396,0.00347607,-0.0069837,-0.00552063,-0.00319294,0.00524337,0.00107712,0.0185744,0.0252544,-0.00101312,0.0132657,-0.000246718,0.0178358,0.0117042,0.0207881,0.0172417,-0.00232743,0.0123438,0.0306671,0.0423223,0.010513,0.0121462,
1.62,0.0106849,0.00272468,0.04409,0.0122349,0.0276185,0.0473655,0.0120777,0.00924277,0.0162734,0.0156993,0.0242868,0.0174733,0.00596072,0.00032299,0.00556276,0.00866272,0.0359458,0.00122109,0.00399863,0.00405646,-0.00407785,-0.00410909,-0.00288499,0.00391366,0.00217759,0.0334037,0.0412494,-0.00129868,0.0162495,0.00565778,0.0281636,0.010753,0.0201698,0.0105129,0.00905239,0.00355442,0.00694536,0.0469904,0.0157006,0.0164854,0.0090845,0.00102312,0.0109778,0.0132785,0.00834064,0.0508346,0.0136362,0.00943717,0.0115073,0.00903272,0.0164543,0.00905316,0.00966772,0.000929781,0.010384,0.0131842,0.0398811,-0.0034717,0.00152968,0.0034315,-0.00682556,-0.00543083,-0.00316332,0.00492688,0.000821024,0.0189372,0.0254482,-0.00101635,0.0133574,-0.000217018,0.0180451,0.012091,0.0212645,0.0173173,-0.00229267,0.0123215,0.0308441,0.0424382,0.0105419,0.0121986,
1.625,0.0108575,0.00277593,0.0441277,0.0122668,0.0284099,0.0476009,0.0124631,0.00957074,0.0162606,0.0157222,0.0242417,0.0174199,0.00615007,0.00076197,0.00548928,0.00864755,0.0360056,0.00117737,0.00389062,0.00391331,-0.00411597,-0.00415556,-0.00294627,0.0039234,0.00215972,0.0334316,0.0411658,-0.00137237,0.0168771,0.00581151,0.0286903,0.0110989,0.0204298,0.0106106,0.00893498,0.00351781,0.00704771,0.0463014,0.0157791,0.0165473,0.00913809,0.00105539,0.0107899,0.0133145,0.00831565,0.0507774,0.0140853,0.00996602,0.0115432,0.00907109,0.0164699,0.0090995,0.00970996,0.000987917,0.0100484,0.0128162,0.040012,-0.00341482,0.00148772,0.0033837,-0.00666319,-0.00534114,-0.00313579,0.00476592,0.000942072,0.0192955,0.0255587,-0.00102224,0.0132914,-0.000188816,0.01825,0.0125049,0.0217377,0.0173733,-0.00226161,0.012299,0.0310187,0.0416503,0.010573,0.012255,
1.63,0.0110112,0.00282434,0.0442205,0.0122984,0.0292557,0.0478413,0.0127744,0.00977947,0.0162222,0.0157095,0.0242035,0.0173293,0.00601876,0.000320672,0.00541877,0.00863353,0.0360632,0.00113647,0.00378335,0.00377215,-0.00414437,-0.0041954,-0.00300201,0.00394821,0.00174171,0.0334845,0.0411255,-0.00143622,0.0174538,0.00595526,0.0291386,0.0113808,0.0205781,0.0106773,0.0088301,0.00347629,0.00714031,0.0458245,0.0158547,0.0165983,0.00919564,0.00109729,0.0106329,0.0133506,0.00830681,0.0507309,0.014546,0.0104642,0.0115762,0.00910927,0.0164392,0.00917715,0.00940166,0.000948403,0.00964033,0.0123873,0.040141,-0.00335794,0.00145057,0.003332,-0.00650067,-0.00525202,-0.00311053,0.00470324,0.000314371,0.019559,0.025664,-0.00103125,0.0124961,-0.000163024,0.0184511,0.012929,0.0221858,0.0174107,-0.00223182,0.0122721,0.0311882,0.0410413,0.0106066,0.0123148,
1.635,0.0111591,0.0028719,0.0442576,0.0123291,0.030152,0.0480283,0.0129964,0.00986103,0.0161984,0.0157103,0.024187,0.0173365,0.00617169,0.000709173,0.0053548,0.00862044,0.0361191,0.00109704,0.00367746,0.00363365,-0.00416638,-0.00422938,-0.00305279,0.0039755,0.00143854,0.0335767,0.0410568,-0.00149141,0.0179236,0.00608418,0.029499,0.0115848,0.0206087,0.0108292,0.00873481,0.00350536,0.00727861,0.0452125,0.0159258,0.0166356,0.00925815,0.0011429,0.0105101,0.0133877,0.00830565,0.0506332,0.0150017,0.0109123,0.0116027,0.00914727,0.0164629,0.00924942,0.00945538,0.000997619,0.00919141,0.0119325,0.0402664,-0.00330085,0.00140962,0.00327693,-0.006337,-0.00516527,-0.00308781,0.00470396,-0.00026521,0.0198543,0.0257283,-0.00104384,0.0128427,-0.000140423,0.0186467,0.0133478,0.02259,0.0174887,-0.00220291,0.0122597,0.0313616,0.0404178,0.0106425,0.0123769,
1.64,0.0112981,0.00291354,0.0443459,0.0123602,0.0311387,0.0482887,0.0131185,0.00981816,0.0161512,0.0156446,0.0241922,0.0173635,0.00594212,0.000295545,0.0052952,0.00860342,0.0361721,0.00105887,0.00357367,0.00349834,-0.00418281,-0.00425831,-0.00309843,0.00399497,0.00136961,0.0337175,0.0410522,-0.00153999,0.01832,0.00619423,0.0297697,0.0117015,0.0205226,0.0110056,0.00864548,0.00348725,0.00742064,0.0449681,0.0159913,0.0166567,0.00933506,0.0011978,0.0104103,0.0134241,0.0083145,0.0505548,0.0154356,0.0112955,0.0116299,0.00918518,0.0164474,0.00934202,0.00904909,0.000908499,0.00873687,0.0114864,0.04039,-0.0032444,0.00137173,0.00321796,-0.0061761,-0.0050809,-0.00306806,0.00470233,-0.000757147,0.0200938,0.0258079,-0.00105954,0.012701,-0.000121275,0.0188376,0.0137467,0.0229359,0.0175734,-0.00217482,0.0122601,0.0315373,0.0401764,0.0106802,0.0124398,
1.645,0.0114349,0.00295022,0.0443685,0.0123915,0.0318556,0.0485006,0.0131353,0.00966204,0.016111,0.0155714,0.024194,0.0174375,0.0059845,0.000600587,0.00523939,0.00858419,0.0362227,0.00102205,0.00347145,0.00336728,-0.00419478,-0.00428261,-0.00313987,0.00401348,0.0014033,0.0338268,0.0410158,-0.0015828,0.0185834,0.00628199,0.0299546,0.0117263,0.0203311,0.0112048,0.00855895,0.00350163,0.00756891,0.0445892,0.0160509,0.0166593,0.00941593,0.00125931,0.0103311,0.0134615,0.00832718,0.0504386,0.0158328,0.0116017,0.0116512,0.0092228,0.0164594,0.00940749,0.00900394,0.000909203,0.00831543,0.0110844,0.0405098,-0.00318899,0.00133032,0.00315575,-0.00601813,-0.00500003,-0.0030511,0.00470522,-0.00108337,0.0202671,0.0258247,-0.00107825,0.0133,-0.000105383,0.0190207,0.0141129,0.0232097,0.0176565,-0.00214777,0.0122789,0.0316736,0.0398829,0.0107192,0.0125017,
1.65,0.0115655,0.00298395,0.0443985,0.0124219,0.0326672,0.048764,0.0130496,0.00941542,0.0160371,0.015423,0.024208,0.0175221,0.00575078,0.000228913,0.00519098,0.00856322,0.0362709,0.000985865,0.00337089,0.00324048,-0.00420483,-0.00430354,-0.00317661,0.00403429,0.00172693,0.0339643,0.0410164,-0.00162074,0.0187445,0.00634638,0.0300642,0.0116615,0.0200545,0.0114332,0.00847158,0.00344915,0.00772557,0.0443549,0.0161028,0.016642,0.00950821,0.00132501,0.0102689,0.0134991,0.00834602,0.0503286,0.0161817,0.0118225,0.0116662,0.00926023,0.0164406,0.00949001,0.00861823,0.000815779,0.00795651,0.010753,0.0406265,-0.00313549,0.00129002,0.00308978,-0.00586649,-0.00492437,-0.00303737,0.00471588,-0.00107276,0.0203505,0.0258386,-0.00109962,0.0133606,-9.2161e-05,0.0191957,0.014435,0.0234037,0.0177387,-0.00212153,0.0123043,0.0318004,0.0397266,0.0107588,0.0125613,
1.655,0.0116818,0.0030109,0.04434,0.0124523,0.0331214,0.0489404,0.0128729,0.00910795,0.0159705,0.0152936,0.024202,0.0176021,0.00587586,0.000560503,0.0051473,0.00853855,0.0363168,0.000950723,0.00327225,0.00311793,-0.0042136,-0.00432065,-0.00320991,0.00405185,0.00185686,0.0340402,0.0409718,-0.00165417,0.0187479,0.00638685,0.0301036,0.0115166,0.0197237,0.0116371,0.00838022,0.00345624,0.00786431,0.0439231,0.0161485,0.0166037,0.00960645,0.0013965,0.0102229,0.0135361,0.0083664,0.0501618,0.0164729,0.0119535,0.011667,0.00929682,0.0164405,0.00953551,0.00874247,0.000843164,0.00768612,0.0105102,0.0407418,-0.0030845,0.00124704,0.00302111,-0.00572168,-0.00485289,-0.00302667,0.00472708,-0.000985047,0.0203416,0.0257751,-0.00112329,0.0141682,-8.05025e-05,0.019364,0.0147034,0.0235138,0.0177919,-0.00209648,0.0123352,0.0318691,0.0394163,0.0107983,0.0126178,
1.66,0.0117865,0.00303157,0.0442627,0.0124825,0.0335524,0.0490847,0.0126241,0.00877045,0.015871,0.0151003,0.0241819,0.0176364,0.00567786,0.00021074,0.00510564,0.00850971,0.036362,0.000913175,0.00317526,0.00299883,-0.00422253,-0.0043364,-0.00323934,0.00407036,0.00187184,0.034109,0.0409316,-0.00168356,0.0186266,0.0064038,0.0300785,0.011307,0.0193672,0.0118117,0.00828213,0.00341337,0.0079814,0.0434973,0.0161865,0.016545,0.00970567,0.00146568,0.0101883,0.0135722,0.008391,0.0499755,0.016699,0.011997,0.0116514,0.00933201,0.0163908,0.0095748,0.00843983,0.000764607,0.00751796,0.0103705,0.0408543,-0.00303637,0.00120479,0.00294908,-0.00558499,-0.00478741,-0.00301933,0.00474117,-0.000922798,0.0202465,0.0256811,-0.00114835,0.0142987,-7.02769e-05,0.0195245,0.0149039,0.0235419,0.0178151,-0.00207217,0.0123563,0.0319156,0.0390617,0.0108367,0.0126703,
1.665,0.0118786,0.00304916,0.0440895,0.0125114,0.0336463,0.0491177,0.0123263,0.00843123,0.0157822,0.0149367,0.0241491,0.0176831,0.00580856,0.000542406,0.00506991,0.00848434,0.0364058,0.000876045,0.00307975,0.00288466,-0.00423386,-0.00435002,-0.00326572,0.00408506,0.00196485,0.0341524,0.0408484,-0.00170924,0.018371,0.00639751,0.029988,0.0110535,0.0190113,0.0119633,0.00817453,0.00341891,0.00807739,0.0429484,0.0162154,0.0164666,0.00980441,0.0015323,0.0101628,0.0136085,0.00841369,0.0497163,0.0168573,0.0119651,0.0116154,0.00936522,0.016366,0.00957589,0.00856813,0.000800208,0.00745968,0.0103335,0.0409638,-0.00299192,0.00115986,0.00287448,-0.0054592,-0.00472927,-0.00301541,0.00475346,-0.00071313,0.020157,0.0255475,-0.00117479,0.0150824,-6.08979e-05,0.0196784,0.0150512,0.0234985,0.0178269,-0.00204919,0.0123711,0.0319178,0.0386603,0.0108733,0.0127183,
1.67,0.0119497,0.00305931,0.0439019,0.01254,0.0337432,0.0490878,0.0120039,0.0081125,0.0156841,0.014747,0.0240922,0.0176546,0.00557112,0.00020745,0.00504193,0.00845967,0.0364501,0.000835674,0.00298533,0.00277433,-0.00421711,-0.00436375,-0.00328924,0.00410109,0.00178632,0.034175,0.0407551,-0.0017318,0.0180114,0.00636839,0.0298342,0.0107758,0.0186778,0.0120539,0.00805553,0.00345295,0.00813711,0.0423676,0.0162372,0.0163711,0.00989967,0.00159498,0.0101439,0.0136443,0.00843752,0.0494272,0.0169505,0.0118742,0.0115632,0.00939571,0.0162805,0.0095617,0.00823544,0.000712339,0.00750415,0.0103928,0.0410721,-0.00295137,0.00111771,0.00279787,-0.00534494,-0.00467826,-0.00301439,0.00476664,-0.00076991,0.0200028,0.025369,-0.00120159,0.0157536,-5.21703e-05,0.0198241,0.0151397,0.0233996,0.0177883,-0.00202718,0.0123724,0.031889,0.0381421,0.0109078,0.0127617,
1.675,0.012026,0.00306354,0.0435694,0.0125679,0.0336023,0.0489698,0.0116791,0.00783101,0.01556,0.0145004,0.0240538,0.0177227,0.00580926,0.00059453,0.00501591,0.00843755,0.0364953,0.000795302,0.00289211,0.0026692,-0.00421679,-0.00437815,-0.00331091,0.00411216,0.00181162,0.0342406,0.0406081,-0.00175135,0.0175957,0.00631795,0.0296176,0.0104934,0.0183799,0.012184,0.00792309,0.00334226,0.00819968,0.0416128,0.0162516,0.016259,0.00999741,0.00165289,0.0101318,0.0136794,0.00845636,0.0490076,0.0169873,0.0117492,0.0114776,0.00942273,0.0162583,0.0095089,0.00849991,0.000780099,0.00764192,0.0105338,0.0411795,-0.00291534,0.00106731,0.00271938,-0.00524434,-0.00463529,-0.00301718,0.0047773,0.000102815,0.0199681,0.0252219,-0.00122884,0.0159121,-4.40289e-05,0.0199636,0.0151778,0.0232686,0.0177958,-0.00200628,0.0123566,0.0318511,0.0376487,0.0109391,0.0128003,
1.68,0.0120886,0.00306221,0.043283,0.0125947,0.033387,0.0488928,0.011369,0.0075924,0.0153849,0.0141848,0.0240092,0.0176992,0.00546101,0.000254563,0.00499286,0.0084204,0.0365402,0.000750747,0.00279963,0.00256751,-0.00422349,-0.00439357,-0.00333106,0.00413411,0.00243229,0.0343069,0.0405174,-0.00176859,0.0172035,0.00624904,0.0293521,0.0102214,0.0181251,0.0122301,0.007776,0.0032524,0.00820467,0.0412141,0.01626,0.0161342,0.0100917,0.00170512,0.0101257,0.0137135,0.00847712,0.0486406,0.0169821,0.0116152,0.0113752,0.00944581,0.0161486,0.00945811,0.00805863,0.000657959,0.00785052,0.010739,0.0412847,-0.00288427,0.00102683,0.0026398,-0.00515836,-0.00460056,-0.003023,0.00480566,0.00190381,0.0198231,0.0251236,-0.00125598,0.0160508,-3.63434e-05,0.0200973,0.0151776,0.0231279,0.0177396,-0.00198649,0.0123108,0.0317744,0.037343,0.0109672,0.0128339,
1.685,0.0121507,0.00305581,0.042879,0.01262,0.0329286,0.0487565,0.0110861,0.00740005,0.0152127,0.0138857,0.0239707,0.0177496,0.00539803,0.000467622,0.00497567,0.00840732,0.036587,0.000704727,0.00270843,0.00246995,-0.00423817,-0.00441247,-0.00335083,0.00415225,0.00305955,0.0343797,0.0403601,-0.00178362,0.0168278,0.00616688,0.0290593,0.00997032,0.017914,0.0122942,0.00761343,0.00324479,0.00819958,0.0405852,0.0162628,0.0160011,0.0101845,0.00175387,0.0101273,0.0137465,0.00848904,0.048193,0.0169513,0.0114952,0.0112534,0.00946514,0.0160818,0.00935259,0.0079761,0.000631982,0.00810875,0.0109823,0.0413886,-0.00285783,0.000976247,0.00255861,-0.00508945,-0.00457546,-0.00303174,0.00484504,0.00180549,0.0197814,0.0249982,-0.00128277,0.0174633,-2.89184e-05,0.0202243,0.0151548,0.0229993,0.0177038,-0.00196759,0.0122501,0.0316584,0.0369978,0.0109916,0.0128624,
1.69,0.0121997,0.0030442,0.0424833,0.0126448,0.0324866,0.0486253,0.0108366,0.0072505,0.0149939,0.0135592,0.0239097,0.0176941,0.00517106,0.000168787,0.00495908,0.00839701,0.0366339,0.000654524,0.00261714,0.00237438,-0.00426178,-0.00443464,-0.00337021,0.00415186,0.0033464,0.0343973,0.0401971,-0.00179704,0.0164825,0.00607761,0.0287626,0.00974675,0.0177445,0.0122767,0.00743493,0.00314706,0.00815376,0.0398756,0.0162606,0.0158618,0.0102698,0.00179322,0.0101223,0.0137778,0.00849596,0.0477748,0.0169122,0.0114073,0.0111129,0.00947987,0.0159534,0.00925899,0.0076974,0.000557258,0.00838746,0.0112377,0.041492,-0.00283708,0.000933725,0.00247662,-0.00503695,-0.00455951,-0.00304382,0.00483023,0.0019727,0.0195539,0.024882,-0.00130898,0.0176264,-2.18842e-05,0.0203459,0.0151246,0.0229007,0.0175928,-0.00194943,0.0121504,0.0314951,0.0364244,0.0110116,0.0128856,
1.695,0.0122286,0.00302794,0.0419334,0.0126677,0.0320374,0.0483393,0.010624,0.00714152,0.014765,0.0132216,0.0238438,0.0176834,0.00540236,0.000493572,0.00494695,0.00838901,0.0366815,0.000599823,0.00252603,0.00228094,-0.0042956,-0.00446221,-0.00339087,0.00416542,0.00335918,0.0344229,0.0399258,-0.00180954,0.0161339,0.00598759,0.0284837,0.00955376,0.0176122,0.0122686,0.00724087,0.00304514,0.00811664,0.0388358,0.0162552,0.0157224,0.0103442,0.00182374,0.0101223,0.013808,0.00849327,0.047155,0.0168793,0.0113613,0.0109393,0.00948916,0.0158944,0.00911436,0.00797583,0.000618993,0.00865857,0.0114818,0.0415951,-0.00282181,0.000875732,0.00239475,-0.00500168,-0.0045525,-0.00305876,0.00484595,0.0019684,0.0195499,0.0247095,-0.00133427,0.0177053,-1.49802e-05,0.0204639,0.0150998,0.0228419,0.0175313,-0.00193209,0.0120295,0.0313552,0.0356822,0.0110272,0.0129035,
1.7,0.0122423,0.00300909,0.0413905,0.0126907,0.0318463,0.0480287,0.0104508,0.00706739,0.0144883,0.0128548,0.0237849,0.0176362,0.00554111,0.000195036,0.00493704,0.00838067,0.0367284,0.000540102,0.002434,0.0021883,-0.00434122,-0.00449642,-0.00341331,0.00416484,0.00325564,0.0344595,0.0396783,-0.00182134,0.0158027,0.00590208,0.0282394,0.00939426,0.0175171,0.0122481,0.00703172,0.00283117,0.00809012,0.0379924,0.0162462,0.0155853,0.0103998,0.00184591,0.0101156,0.0138363,0.00848366,0.0464507,0.0168629,0.0113609,0.0107353,0.00949207,0.0158313,0.00902,0.00807939,0.000684328,0.00889704,0.0116899,0.0416958,-0.00281254,0.000825984,0.00231181,-0.00498429,-0.00455578,-0.00307617,0.00482662,0.00188349,0.0194739,0.0245994,-0.00135864,0.0164668,-8.2717e-06,0.0205765,0.015089,0.0228245,0.0174638,-0.00191519,0.0118787,0.0312395,0.0350111,0.0110382,0.0129169,
1.705,0.0122676,0.00298818,0.0407359,0.0127124,0.0317422,0.0477547,0.0103213,0.00703267,0.0141866,0.0124293,0.0237667,0.0177038,0.00559941,0.00044414,0.00492821,0.0083706,0.0367749,0.000471701,0.00234042,0.00209645,-0.00440024,-0.00453851,-0.00343848,0.00416713,0.00391131,0.0345918,0.0393952,-0.00183268,0.0155886,0.00582484,0.0280371,0.00927209,0.0174626,0.0123169,0.00680881,0.00270114,0.00808513,0.0369896,0.016236,0.0154551,0.0104549,0.00185972,0.0101057,0.0138626,0.00846328,0.0455516,0.0168683,0.011401,0.0105019,0.00948869,0.0158226,0.00889492,0.00808929,0.000723528,0.00908377,0.0118441,0.0417945,-0.00280843,0.000760858,0.00222941,-0.00498413,-0.00456754,-0.00309636,0.00480801,0.0024492,0.0196677,0.0245452,-0.00138208,0.0171071,-1.56316e-06,0.0206864,0.0150971,0.0228447,0.0174712,-0.00189888,0.0117202,0.0311646,0.034417,0.0110445,0.0129263,
1.71,0.0122834,0.00296485,0.0401259,0.0127335,0.0314423,0.0475383,0.0102419,0.00704401,0.013923,0.012103,0.023746,0.0177245,0.00548886,0.000615918,0.00491722,0.00835867,0.0368214,0.000395036,0.00224545,0.00200474,-0.00447458,-0.00459039,-0.00346721,0.00417859,0.00418976,0.034694,0.0391887,-0.00184448,0.0154681,0.00575772,0.0278764,0.00919268,0.0174548,0.0123246,0.00657308,0.00273177,0.00804557,0.0366218,0.0162251,0.0153329,0.0104935,0.00186495,0.0100959,0.0138871,0.00843791,0.0446867,0.0168954,0.0114693,0.0102719,0.00948006,0.0157919,0.00877849,0.00792476,0.00071187,0.00920343,0.0119334,0.0418915,-0.00281001,0.00070796,0.00214674,-0.00500103,-0.00458869,-0.00311908,0.00480277,0.00262638,0.0197584,0.0245195,-0.00140437,0.0181658,5.01512e-06,0.0207936,0.015123,0.0228905,0.0174442,-0.00188302,0.0115697,0.0310535,0.034253,0.0110468,0.0129326,
1.715,0.0123065,0.00293717,0.0394467,0.0127543,0.0311712,0.0473895,0.0102188,0.0071094,0.0137157,0.0118288,0.0237692,0.0178142,0.00540305,0.000764887,0.00490839,0.00834129,0.0368673,0.000303415,0.0021481,0.00191289,-0.00456344,-0.00465104,-0.00350013,0.00423566,0.00487943,0.0348858,0.0389508,-0.00185674,0.0154846,0.00570112,0.0277534,0.00916201,0.0175026,0.0123963,0.00632647,0.00282015,0.00802468,0.035948,0.0162134,0.015223,0.0105332,0.00186506,0.0101142,0.0139093,0.00840715,0.0437478,0.0169382,0.0115515,0.010052,0.00946786,0.0158062,0.0086561,0.00780547,0.000709914,0.00924632,0.0119447,0.041986,-0.00281633,0.00063709,0.00206434,-0.00503451,-0.0046173,-0.00314338,0.00494711,0.00314794,0.0200055,0.0245329,-0.00142539,0.0200406,1.15934e-05,0.0208999,0.0151614,0.0229489,0.0174679,-0.00186731,0.0114463,0.0309731,0.0339543,0.011045,0.0129371,
1.72,0.0123144,0.00290901,0.0388628,0.0127751,0.0310067,0.0473321,0.0102561,0.00723036,0.0135484,0.0115958,0.0238102,0.0178727,0.00512123,0.000799586,0.0049001,0.00832346,0.0369129,0.000190354,0.00204873,0.00182277,-0.00466936,-0.00472329,-0.00353712,0.00431162,0.00524057,0.0350905,0.0387912,-0.00186958,0.0156018,0.00565519,0.0276677,0.00918436,0.0176079,0.0124457,0.00607042,0.00290234,0.00799816,0.0356971,0.0162028,0.0151274,0.0105625,0.00185601,0.0101695,0.0139308,0.00837601,0.0429325,0.0169888,0.0116295,0.00985993,0.00945351,0.0158021,0.0085745,0.00748665,0.000651778,0.00920383,0.011874,0.042079,-0.00282792,0.000575484,0.00198221,-0.00508457,-0.00465519,-0.00317009,0.00520074,0.00338034,0.0201631,0.0245625,-0.00144583,0.0213004,1.83019e-05,0.0210051,0.0152048,0.0230022,0.0174814,-0.00185204,0.0113508,0.0308926,0.0339016,0.01104,0.0129407,
1.725,0.0123102,0.00288012,0.0382322,0.0127946,0.0308401,0.0472209,0.0103534,0.00740553,0.0134172,0.0113871,0.0238117,0.017913,0.0051394,0.000902788,0.00488884,0.00829786,0.0369578,4.01625e-05,0.00194678,0.00173571,-0.00479012,-0.00480498,-0.0035792,0.00424921,0.00537108,0.0351864,0.0385591,-0.001883,0.0157608,0.00561985,0.02762,0.00925868,0.0177697,0.0124837,0.00580682,0.00294405,0.00797345,0.0350592,0.0161941,0.0150465,0.0105814,0.0018422,0.0101804,0.0139491,0.00832219,0.0420179,0.0170354,0.0116857,0.00968,0.00943765,0.0158144,0.00846084,0.00746527,0.00064544,0.00907445,0.0117185,0.0421678,-0.00284467,0.000493312,0.00189954,-0.00514942,-0.00470134,-0.00319946,0.00512469,0.00345997,0.0203414,0.0245457,-0.00146523,0.0221798,2.49454e-05,0.0211092,0.015243,0.0230339,0.0174991,-0.00183722,0.011279,0.0308251,0.03353,0.0110321,0.0129443,
1.73,0.0122786,0.0028493,0.03775,0.0128151,0.0307453,0.0470599,0.0105066,0.00762935,0.0133047,0.0112264,0.0239335,0.0178921,0.00517331,0.000997539,0.00487913,0.00827075,0.0370037,-0.000186379,0.00184364,0.00165171,-0.00492652,-0.0048976,-0.00362534,0.00470176,0.00509024,0.0355714,0.0383574,-0.00189769,0.0159127,0.00559421,0.0276018,0.00938234,0.0179775,0.0124626,0.00553725,0.00291691,0.0079429,0.0346185,0.0161879,0.014982,0.0105809,0.00181945,0.0104378,0.0139674,0.0083145,0.0411731,0.0170648,0.0117019,0.00952312,0.00942058,0.0158528,0.00846529,0.00763157,0.000758817,0.00886076,0.0114836,0.0422559,-0.00286668,0.000413177,0.00181902,-0.00523052,-0.00475619,-0.00323148,0.00631786,0.00324106,0.0204922,0.0245535,-0.00148417,0.0220497,3.17842e-05,0.021214,0.0152642,0.0230275,0.0175192,-0.00182291,0.0112278,0.0307991,0.0331435,0.0110218,0.0129482,
1.735,0.0122392,0.00281696,0.0373605,0.0128355,0.030824,0.0469078,0.010707,0.00788745,0.0131769,0.0109903,0.0241224,0.0179316,0.00510558,0.00102596,0.00486713,0.0082382,0.0370485,-0.000584449,0.00174179,0.00157036,-0.00507631,-0.00499865,-0.00367581,0.00498806,0.00503112,0.0360385,0.0381921,-0.00191296,0.016129,0.00557644,0.0276018,0.00954754,0.0182194,0.0124946,0.00526369,0.00281196,0.0079411,0.0343159,0.0161848,0.0149328,0.0105645,0.0017902,0.0108441,0.0139853,0.00830988,0.0403485,0.0170649,0.011664,0.00938758,0.00940341,0.0159383,0.00849828,0.00767098,0.000861239,0.00857181,0.0111849,0.04234,-0.00289344,0.000311458,0.00173972,-0.0053269,-0.00481987,-0.00326667,0.00746985,0.00321215,0.02082,0.0246337,-0.00150299,0.0215201,5.06723e-05,0.0213184,0.0152563,0.0229702,0.0176202,-0.00180965,0.0112037,0.0308662,0.0329746,0.0110098,0.0129526,
1.74,0.0121923,0.00278306,0.037081,0.0128569,0.0307153,0.0467555,0.0109435,0.00816367,0.0130565,0.0108084,0.0242977,0.0179188,0.00516492,0.00109147,0.00485149,0.0082045,0.0370944,-0.00131219,0.00164205,0.00149181,-0.00523679,-0.00510691,-0.00372907,0.0051293,0.00493849,0.0364101,0.0380441,-0.00192869,0.0163854,0.00556469,0.0276118,0.00974465,0.0184795,0.0124719,0.00498801,0.00273486,0.00791554,0.0340607,0.0161851,0.0148992,0.0105352,0.00175875,0.0112717,0.0140005,0.00828682,0.0396734,0.017023,0.0115637,0.00927663,0.00938708,0.0160267,0.00854479,0.00781863,0.000995898,0.00822795,0.0108384,0.0424212,-0.00292609,0.00019399,0.00166149,-0.00544051,-0.00489361,-0.0033061,0.00833966,0.00315224,0.0210673,0.0247208,-0.00152205,0.0210373,7.56828e-05,0.0214236,0.0152089,0.0228521,0.0176889,-0.00179756,0.0111965,0.0309173,0.0327506,0.0109964,0.0129569,
1.745,0.0121518,0.00274795,0.0369115,0.0128779,0.0305106,0.0466726,0.0112029,0.00844321,0.0129156,0.0105469,0.0245572,0.0179494,0.00478466,0.00098146,0.0048374,0.00817322,0.0371407,-0.00221752,0.00154488,0.00141631,-0.00540764,-0.00522225,-0.00378526,0.00560437,0.00519642,0.0369651,0.0379565,-0.00194524,0.0167249,0.00555765,0.0276278,0.00996217,0.018741,0.0124595,0.00471165,0.00267381,0.00787406,0.0340591,0.0161877,0.0148818,0.0105005,0.00172056,0.0118911,0.0140171,0.00829297,0.03923,0.0169291,0.0113961,0.00919779,0.00937329,0.0161211,0.00862907,0.00765048,0.00106843,0.00785528,0.0104722,0.0424998,-0.00296422,4.03913e-05,0.00158461,-0.0055702,-0.00497775,-0.00334958,0.00975088,0.00334791,0.0213573,0.0248445,-0.00154179,0.0210165,0.00010662,0.0215284,0.0151131,0.0226676,0.0177894,-0.00178697,0.01121,0.0309925,0.0328235,0.0109815,0.0129598,
1.75,0.0120992,0.0027115,0.0367893,0.0128988,0.0300949,0.046573,0.0114703,0.00870513,0.0127414,0.0102521,0.024712,0.0178942,0.00437007,0.000860161,0.00482432,0.00814345,0.0371888,-0.0027777,0.00145056,0.00134374,-0.00558519,-0.00534142,-0.00384329,0.00545893,0.00519758,0.0372249,0.0378514,-0.00196178,0.0170827,0.00555505,0.0276581,0.0101881,0.0189853,0.0123675,0.00443649,0.00259606,0.00778762,0.0339048,0.0161945,0.0148787,0.0104553,0.00167773,0.0123239,0.0140298,0.0082403,0.039,0.016775,0.0111615,0.00913423,0.00936175,0.0161528,0.00864989,0.00731532,0.00107023,0.00747686,0.0101129,0.0425764,-0.00300825,-0.000183521,0.00150786,-0.00571664,-0.00507287,-0.00339844,0.0101358,0.00333417,0.0214776,0.0249097,-0.00156258,0.0207488,0.000143289,0.021636,0.0149621,0.0224198,0.017818,-0.00177829,0.0112141,0.0310138,0.0326573,0.0109648,0.0129602,
1.755,0.0120318,0.00267403,0.0367256,0.0129196,0.0297518,0.0464259,0.0117301,0.00893321,0.0125083,0.00990189,0.0249794,0.0178027,0.00411541,0.000760026,0.00480943,0.00812191,0.0372379,-0.0029532,0.00135963,0.00127422,-0.00576833,-0.00546419,-0.00390227,0.00619454,0.00509353,0.0377712,0.0376949,-0.00197867,0.0173859,0.0055586,0.0277171,0.0104071,0.0191948,0.0122283,0.00416406,0.00246262,0.00769227,0.0333076,0.0162055,0.0148888,0.0103953,0.00163154,0.0130649,0.0140443,0.00826413,0.0388319,0.0165564,0.0108676,0.00907778,0.00935312,0.0162022,0.00877564,0.00747844,0.00122101,0.00712494,0.00978711,0.0426505,-0.00305859,-0.000566127,0.00143179,-0.00588063,-0.00518031,-0.00345325,0.0116632,0.00324913,0.0215023,0.0249251,-0.00158475,0.0198532,0.000185234,0.0217443,0.0147526,0.0221123,0.0178281,-0.00177177,0.0112017,0.0310249,0.0320198,0.0109463,0.0129567,
1.76,0.011936,0.0026356,0.0366687,0.0129389,0.0294029,0.0461365,0.0119654,0.0091078,0.0121453,0.00940278,0.0250716,0.0175883,0.00397961,0.000676642,0.00479716,0.00810871,0.0372903,-0.00304399,0.00127211,0.00120736,-0.00595449,-0.00558854,-0.00396158,0.00576222,0.00445323,0.0378697,0.0374965,-0.00199556,0.0175792,0.00557186,0.0278323,0.0106051,0.019351,0.0119896,0.00389638,0.00215673,0.00756085,0.032635,0.0162192,0.0149099,0.0103194,0.00158233,0.0134509,0.0140548,0.00773204,0.0386639,0.0162752,0.0105288,0.00899319,0.0093442,0.0161472,0.00878437,0.00730268,0.00123353,0.00682376,0.00951621,0.0427231,-0.00311526,-0.00124926,0.00135625,-0.00606298,-0.00529997,-0.00351414,0.0116863,0.00276989,0.0213122,0.0248469,-0.00160877,0.0170391,0.000231998,0.0218557,0.0144874,0.021761,0.0177493,-0.00176784,0.0111273,0.0309918,0.031164,0.0109253,0.0129484,
1.765,0.0118434,0.00259378,0.0366736,0.0129587,0.0292024,0.0458071,0.0121591,0.00921145,0.0116856,0.00885213,0.0253549,0.0174243,0.0039194,0.000606046,0.00478651,0.00810813,0.037345,-0.00311469,0.00118853,0.00114489,-0.00614034,-0.00571255,-0.00402018,0.00671427,0.00414987,0.038478,0.0372759,-0.00201199,0.0177289,0.00560016,0.0280315,0.010767,0.0194377,0.0117621,0.00363497,0.00189628,0.00744949,0.0316767,0.0162364,0.014942,0.0102311,0.00152777,0.0142485,0.0140683,0.00663364,0.0384623,0.0159388,0.0101633,0.00889753,0.00933595,0.016184,0.00895603,0.00763139,0.00143008,0.00659157,0.00931928,0.0427943,-0.00317867,-0.00213092,0.0012818,-0.00626257,-0.00543321,-0.0035823,0.0132296,0.00257266,0.0213629,0.0248593,-0.0016351,0.0139956,0.000283061,0.0219711,0.0141749,0.0213823,0.0177503,-0.00176666,0.0110185,0.0310461,0.0300743,0.0109013,0.0129349,
1.77,0.0117365,0.00255304,0.0366866,0.0129758,0.0288535,0.045408,0.0122962,0.0092318,0.0111761,0.00840661,0.0254397,0.0171533,0.00386871,0.000545098,0.00477734,0.00811994,0.0374029,-0.00318016,0.00110835,0.00108242,-0.00632618,-0.00583555,-0.0040777,0.00617202,0.00361846,0.0385525,0.0370533,-0.00202807,0.0178014,0.00564897,0.028339,0.0108794,0.0194435,0.0114495,0.00338225,0.00173209,0.00729718,0.0309293,0.0162571,0.0149834,0.0101269,0.00147346,0.0146496,0.0140775,0.00649024,0.0383253,0.0155621,0.00979622,0.0087827,0.00932591,0.0161111,0.00898239,0.00753172,0.00145339,0.00644006,0.00920074,0.0428647,-0.00324903,-0.00271372,0.00120774,-0.00648214,-0.00558012,-0.0036573,0.013213,0.00219825,0.021178,0.0247849,-0.00166363,0.011621,0.000337707,0.0220903,0.0138296,0.021002,0.0176314,-0.00176836,0.0108548,0.0310102,0.0290865,0.010874,0.0129163,
1.775,0.0116002,0.00251219,0.036712,0.0129918,0.0288489,0.0448658,0.0123638,0.00916612,0.0107251,0.00822366,0.0255591,0.016853,0.00439585,0.000711192,0.00477255,0.0081482,0.0374635,-0.00324313,0.00103277,0.00102899,-0.00650932,-0.00595551,-0.0041337,0.00653696,0.00260618,0.038759,0.0367231,-0.0020438,0.0177329,0.00572286,0.0287609,0.010931,0.0193619,0.0111277,0.00314032,0.00165872,0.00719822,0.0295337,0.0162802,0.0150309,0.0100029,0.00141565,0.0151776,0.0140879,0.00651139,0.0380069,0.0151683,0.00945432,0.00865695,0.00931315,0.0160947,0.00910185,0.00808611,0.00164478,0.00637028,0.00916149,0.042935,-0.00332624,-0.00290734,0.00113625,-0.00672008,-0.00574106,-0.0037397,0.0137257,0.0014708,0.0210268,0.0246494,-0.00169504,0.00884496,0.000395022,0.0222138,0.0134731,0.020648,0.0175252,-0.00177311,0.0106621,0.0310147,0.0273702,0.0108434,0.0128939,
1.78,0.0114686,0.00247109,0.0369256,0.0130077,0.0291762,0.0443716,0.0123535,0.00901744,0.0105091,0.00839604,0.0259093,0.0168095,0.00479824,0.000911762,0.00477282,0.00819442,0.0375262,-0.00330337,0.000960211,0.000963723,-0.00668894,-0.0060722,-0.00418785,0.00751191,0.00180284,0.0394514,0.0366104,-0.00205907,0.0175459,0.00582402,0.0292863,0.0109147,0.0191955,0.0109858,0.002911,0.00177573,0.00720076,0.029712,0.0163063,0.0150838,0.00986295,0.00135611,0.0161497,0.0141014,0.0066471,0.0377303,0.0147861,0.00916423,0.00858304,0.0093003,0.0162718,0.00939599,0.00868574,0.00194313,0.00636823,0.00919113,0.0430045,-0.0034104,-0.00301017,0.00106556,-0.00697898,-0.00591512,-0.00382951,0.0156051,0.000851889,0.0211846,0.024681,-0.00172864,0.00794309,0.000454031,0.0223412,0.013131,0.0203454,0.0176211,-0.00178096,0.0105274,0.0311394,0.027501,0.0108098,0.01287,
1.785,0.0113418,0.00242939,0.0370016,0.0130196,0.0293052,0.043945,0.0122616,0.00879405,0.0103867,0.00868835,0.0259445,0.016669,0.00551446,0.00126706,0.00477835,0.00826079,0.0375898,-0.00336079,0.000890411,0.000937937,-0.00686506,-0.00618428,-0.00423997,0.00627642,0.0015382,0.0393699,0.0364407,-0.00207399,0.0172782,0.00595157,0.0298832,0.0108275,0.0189536,0.0108744,0.0026961,0.00173718,0.00720235,0.0291485,0.0163343,0.0151387,0.00971461,0.00129901,0.0143454,0.0141056,0.0064987,0.0374255,0.0144442,0.00894789,0.00850605,0.00928435,0.0163242,0.00946508,0.00909486,0.00205377,0.00642037,0.0092673,0.0430741,-0.00350025,-0.00309531,0.000999452,-0.00725577,-0.0061031,-0.00392616,0.0149199,0.000598399,0.0210478,0.0246496,-0.00176491,0.00696696,0.000513822,0.0224714,0.0128273,0.0201171,0.0175731,-0.00179171,0.0103825,0.0311623,0.0268578,0.010774,0.0128471,
1.79,0.0112207,0.00239047,0.0372904,0.0130331,0.0296833,0.0436462,0.0120901,0.00851062,0.0105281,0.00925256,0.0265706,0.0168208,0.00618951,0.00159828,0.00478637,0.00834593,0.0376573,-0.00341507,0.000811059,0.00079824,-0.00703591,-0.00629254,-0.00429031,0.0089711,0.00128763,0.040734,0.0363912,-0.00208845,0.0169198,0.00610188,0.0305125,0.010671,0.0186481,0.0108854,0.00249691,0.00193599,0.00730757,0.0292914,0.0163628,0.015195,0.00956229,0.00123912,0.0152246,0.0141233,0.00678127,0.0371853,0.0141692,0.00882281,0.00851843,0.00927177,0.0167147,0.00999729,0.0101945,0.00256807,0.00650607,0.00937011,0.0431438,-0.00359641,-0.00318008,0.000932265,-0.00755238,-0.00630328,-0.00402919,0.0180214,0.000281293,0.0214103,0.0248055,-0.00180336,0.00768726,0.000573222,0.0226027,0.0125829,0.0199786,0.0178304,-0.00180527,0.0103599,0.0313753,0.027042,0.0107375,0.0128281,
1.795,0.0111081,0.00234998,0.0372887,0.0130399,0.0295852,0.043387,0.0118461,0.00818547,0.0106671,0.00976823,0.0265548,0.016683,0.00686905,0.00190317,0.00480167,0.00845318,0.037726,-0.00346601,0.000736299,0.00098725,-0.00720118,-0.00639685,-0.00463449,0.00664613,0.0013798,0.0405117,0.036253,-0.00210268,0.0165472,0.00626935,0.0311388,0.0104515,0.0182957,0.0108312,0.00231388,0.00188622,0.0073326,0.0285724,0.0163922,0.0152508,0.00941543,0.00118236,0.0151027,0.0141223,0.00648178,0.0369212,0.0139797,0.00879767,0.0085008,0.00925629,0.0168131,0.0100413,0.0105538,0.00262933,0.00660789,0.00948761,0.0432137,-0.00369669,-0.00326855,0.000867637,-0.00786817,-0.00651512,-0.00413748,0.0164507,0.000443623,0.0212197,0.0247974,-0.00184389,0.00770804,0.000631254,0.0227332,0.0124137,0.0199394,0.0177823,-0.00182106,0.0102922,0.0313806,0.0262716,0.0107013,0.0128164,
1.8,0.0109949,0.00230924,0.0375127,0.0130497,0.0302171,0.0432286,0.0115425,0.00783931,0.0109474,0.0103391,0.0274532,0.0169331,0.00747101,0.00214352,0.00482486,0.00858315,0.0377983,-0.00351443,0.000643631,0.000262048,-0.00736214,-0.00649712,-0.00442811,0.0107574,0.00132533,0.0425156,0.0361517,-0.0021168,0.0160925,0.00644823,0.0317348,0.0101795,0.0179153,0.0109448,0.0021467,0.00205777,0.00750114,0.0279155,0.0164212,0.0153025,0.0092656,0.00112746,0.0166108,0.0141431,0.00691545,0.0364646,0.0138886,0.00887928,0.00856226,0.00924738,0.0172925,0.0107612,0.011662,0.00319692,0.0067154,0.00960825,0.0432847,-0.00380086,-0.00336091,0.000786447,-0.00820086,-0.00673747,-0.00425096,0.020522,0.000385346,0.0216869,0.0249282,-0.00188558,0.00823077,0.000686942,0.0228618,0.0123304,0.0200044,0.0181451,-0.00183877,0.0103573,0.0316605,0.0257596,0.0106674,0.0128142,
1.805,0.0108828,0.00227141,0.0377696,0.0130523,0.0304941,0.0433668,0.0111946,0.00748962,0.0112047,0.0107539,0.0273526,0.0170442,0.00750734,0.00209364,0.00485412,0.00873801,0.0378732,-0.00355961,0.000560881,0.00233331,-0.00752006,-0.00659367,-0.004714,0.00777665,0.00116474,0.0420143,0.0365513,-0.00213091,0.0155497,0.00663285,0.0322853,0.00986954,0.017525,0.0111266,0.00199418,0.00211166,0.00760869,0.0322109,0.0164503,0.0153506,0.00911824,0.00107372,0.01634,0.0141386,0.00654714,0.0367682,0.0139047,0.00907186,0.00863115,0.00923941,0.017382,0.0107974,0.0116309,0.00309207,0.00681735,0.00972355,0.0433541,-0.00390682,-0.0034555,0.000738649,-0.00855111,-0.00696808,-0.00436786,0.0185928,9.87782e-05,0.0213647,0.0248969,-0.00192808,0.00966871,0.000739763,0.0229861,0.01234,0.020177,0.0182034,-0.00185782,0.0104077,0.0316676,0.0301387,0.0106375,0.0128235,
1.81,0.0107823,0.00223249,0.0380843,0.0130613,0.0320738,0.0434835,0.0108215,0.00715249,0.0114949,0.0110531,0.0286953,0.0173923,0.00806985,0.00226512,0.00489052,0.00891767,0.0379522,-0.0036026,0.000443047,-0.000515124,-0.00767401,-0.00668854,-0.00451531,0.0133357,0.00139013,0.0449212,0.0365146,-0.00214479,0.0148751,0.00681713,0.0327787,0.00953676,0.0171431,0.0114342,0.00185441,0.00219837,0.00790493,0.0311019,0.0164775,0.015391,0.0089818,0.00102126,0.0185294,0.0141657,0.00728991,0.0360459,0.0140328,0.00937841,0.00876685,0.00924466,0.0180151,0.0117601,0.0133259,0.00389877,0.00691799,0.00983794,0.0434237,-0.00401342,-0.00355147,0.000586368,-0.00891322,-0.00720435,-0.00448697,0.0238992,0.000496561,0.0221334,0.0249241,-0.00197092,0.00934485,0.000789133,0.0231045,0.0124468,0.0204589,0.0186974,-0.00187746,0.0106311,0.0320959,0.0291167,0.0106133,0.0128456,
1.815,0.0106759,0.0021943,0.0378528,0.0130618,0.0321275,0.0433661,0.0104423,0.00684343,0.0117642,0.0113233,0.0282562,0.0172771,0.00823108,0.00229511,0.00493461,0.00912187,0.0380354,-0.00364391,0.000335775,3.8214e-05,-0.00782619,-0.00678081,-0.00472201,0.00959486,0.00122593,0.0434443,0.0361929,-0.00215925,0.0141467,0.00699451,0.033204,0.00919663,0.0167854,0.0115055,0.00172582,0.00241878,0.00798045,0.0273597,0.016504,0.0154239,0.00884288,0.000970542,0.0184396,0.0141589,0.00673399,0.0346745,0.0142741,0.00979823,0.00882645,0.00925329,0.0181195,0.0116983,0.0129292,0.00374338,0.00702364,0.00995753,0.0434933,-0.00411885,-0.00364773,0.000714952,-0.00928784,-0.00744299,-0.00460634,0.0219279,0.000438479,0.0218539,0.024585,-0.00201296,0.0151179,0.000834985,0.0232187,0.0126518,0.02085,0.0186809,-0.00189696,0.0107812,0.0320869,0.025509,0.0105962,0.0128818,
1.82,0.0105759,0.00216057,0.0379557,0.0130667,0.0344156,0.0436156,0.0100743,0.00657306,0.0119203,0.011229,0.029535,0.0178763,0.00818662,0.00221868,0.00498868,0.0093467,0.0381204,-0.00368314,0.000170827,0.0014316,-0.00797646,-0.00687219,-0.00459082,0.0121699,0.00109457,0.0463362,0.0363335,-0.00217383,0.0132919,0.00715842,0.0335535,0.00886534,0.0164611,0.0121181,0.00160659,0.00227999,0.00841744,0.0282315,0.016527,0.0154482,0.00871388,0.000927018,0.0196871,0.0141755,0.00713921,0.032523,0.0146257,0.0103264,0.00889106,0.00927393,0.0185387,0.0125467,0.013646,0.00401888,0.0071441,0.0100955,0.0435602,-0.00422123,-0.00374213,5.83002e-05,-0.00966799,-0.00768141,-0.00472399,0.0237391,0.000182385,0.0220977,0.0244961,-0.00205338,0.0130873,0.000877451,0.023327,0.0129516,0.0213456,0.0192961,-0.00191563,0.0110174,0.03255,0.0272509,0.0105879,0.0129339,
1.825,0.0104801,0.00212903,0.03775,0.0130638,0.0342782,0.043711,0.00973069,0.00634426,0.0121105,0.0113587,0.0289058,0.0177627,0.00810834,0.0021771,0.00505137,0.00958925,0.0382063,-0.00372173,-4.39006e-05,-0.000963723,-0.0081261,-0.006963,-0.00489044,0.00827615,0.000952573,0.0441803,0.0362003,-0.0021891,0.0125539,0.0073032,0.0338225,0.00855378,0.0161795,0.0122561,0.00149393,0.00261437,0.00851799,0.026736,0.016548,0.0154618,0.00858886,0.00088152,0.0191544,0.0141628,0.00500854,0.0305376,0.0150795,0.0109501,0.00889785,0.00929776,0.0185632,0.0124278,0.0132738,0.00369291,0.00729423,0.0102672,0.0436263,-0.00431982,-0.00383329,0.00108751,-0.0100494,-0.00791597,-0.00483792,0.0210509,0.000117205,0.0216736,0.0242077,-0.00209206,0.0190128,0.000916465,0.0234322,0.0133381,0.0219312,0.0192769,-0.00193253,0.0111688,0.032553,0.0257118,0.0105905,0.0130028,
1.83,0.0103886,0.00209736,0.0373703,0.0130537,0.034219,0.0437851,0.00941991,0.0061579,0.0121367,0.0111548,0.0276004,0.017346,0.00737171,0.00188402,0.00512317,0.00983666,0.0382929,-0.00376001,-0.000429454,-0.00226114,-0.00827557,-0.00705415,-0.00469042,0.00455956,0.000847814,0.0400541,0.0359608,-0.0022046,0.0120889,0.00742555,0.0340196,0.00827079,0.0159386,0.0122866,0.00138505,0.00261972,0.00853644,0.0238432,0.0165648,0.0154646,0.00846631,0.000837183,0.0181678,0.0141433,0.0059866,0.0286801,0.0156212,0.0116477,0.00879871,0.00931897,0.0181661,0.0118988,0.0114011,0.00286407,0.00750184,0.0104949,0.0436891,-0.00441188,-0.00391944,-0.00100982,-0.0104242,-0.00814172,-0.00494513,0.0151183,-1.11345e-05,0.0209447,0.0237867,-0.00212809,0.01868,0.000952678,0.023537,0.0137996,0.022587,0.0189209,-0.00194706,0.0111684,0.0324255,0.0224077,0.0106053,0.0130906,
1.835,0.0103149,0.00206823,0.0370152,0.0130415,0.0350352,0.0439756,0.00914678,0.0060111,0.0122452,0.0111823,0.0274904,0.0176042,0.00789962,0.0019793,0.00519927,0.0100786,0.0383737,-0.00379829,-0.00127413,-0.00371898,-0.0084276,-0.00714699,-0.00470154,0.00557651,0.00132997,0.0412047,0.03595,-0.0022208,0.0116359,0.00752494,0.034156,0.00801987,0.0157381,0.0126485,0.00127715,0.0028431,0.00877795,0.0246176,0.0165788,0.0154554,0.00835567,0.000799926,0.0173192,0.0141304,0.00684625,0.0263653,0.0162328,0.0123951,0.00866399,0.00933858,0.0181013,0.011942,0.0120567,0.00284247,0.00778762,0.0108039,0.04375,-0.00449573,-0.00399874,-0.0026052,-0.0107761,-0.00835412,-0.00504386,0.012078,0.000686824,0.0208796,0.0236282,-0.00216043,0.0207185,0.000984983,0.0236461,0.0143195,0.0232875,0.0191052,-0.0019584,0.011127,0.0324952,0.0242864,0.0106322,0.0131971,
1.84,0.0102585,0.00204139,0.0365237,0.013025,0.0342054,0.0439756,0.00891334,0.00590031,0.0126857,0.0118632,0.0266486,0.0174456,0.00778388,0.00198446,0.00528004,0.010306,0.0384495,-0.00383678,-0.00267518,-0.0043546,-0.00858122,-0.00724208,-0.00474394,0.00428604,0.00191386,0.0398632,0.0358118,-0.00223757,0.0112002,0.00760402,0.0342509,0.00780278,0.0155747,0.0126768,0.00116774,0.00356532,0.0087805,0.0241713,0.0165885,0.0154331,0.00825694,0.000760579,0.0162001,0.0141143,0.00527996,0.0246913,0.0168899,0.0131594,0.00857487,0.00935725,0.0178664,0.0115657,0.011253,0.0025309,0.00817278,0.0112147,0.0438063,-0.00456914,-0.00406943,-0.00406715,-0.0110878,-0.00854832,-0.00513209,0.00879832,0.0015699,0.0207006,0.0234803,-0.00218861,0.0255128,0.00101273,0.0237646,0.0148792,0.0239991,0.018887,-0.00196574,0.0110919,0.0322799,0.0236955,0.0106716,0.0133225,
1.845,0.0102254,0.00202085,0.036234,0.0130086,0.0344951,0.0441892,0.00871951,0.00582055,0.0130925,0.0123146,0.0266103,0.0176624,0.00805099,0.00209589,0.00536336,0.0105064,0.0385131,-0.00387694,-0.00353547,-0.00463067,-0.00873803,-0.00733987,-0.00479256,0.00523371,0.00253815,0.0399876,0.035951,-0.00225481,0.0108408,0.00766657,0.0343185,0.00762084,0.0154469,0.0129897,0.00105463,0.0036947,0.00897895,0.0252061,0.0165939,0.0153985,0.00817259,0.000728777,0.0155189,0.0141038,0.00651831,0.0235663,0.0175657,0.0139054,0.00852781,0.00937648,0.0179003,0.0116306,0.0114543,0.0025917,0.00866888,0.0117347,0.0438599,-0.00463097,-0.0041314,-0.00465379,-0.0113531,-0.00872023,-0.00520842,0.00955524,0.00162603,0.0207565,0.0236687,-0.00221159,0.0267588,0.00103709,0.023897,0.0154566,0.0246855,0.019069,-0.00196855,0.0110852,0.0323784,0.0249245,0.0107266,0.013469,
1.85,0.0101696,0.00200151,0.0359842,0.0129901,0.033994,0.0442304,0.00856519,0.0057675,0.0136765,0.0130878,0.0260135,0.0174644,0.00828809,0.00221232,0.00544614,0.0106664,0.0385638,-0.00391731,-0.00391211,-0.00480506,-0.00889724,-0.00744025,-0.00484347,0.0041763,0.00210027,0.0390401,0.0358764,-0.00227262,0.0105704,0.00771544,0.0343605,0.00747185,0.0153505,0.0129766,0.000936152,0.00416505,0.00898764,0.0244555,0.0165941,0.015352,0.00809519,0.000701037,0.0146506,0.0140891,0.000111301,0.0232747,0.0182313,0.014594,0.00855174,0.00939674,0.0178061,0.0113904,0.0112659,0.00249608,0.00926938,0.0123577,0.0439097,-0.00467963,-0.00418291,-0.00491593,-0.0115673,-0.00886522,-0.00527133,0.00790448,0.00125377,0.0208322,0.0237109,-0.00222891,0.0292902,0.00105865,0.0240474,0.0160282,0.0253107,0.0189025,-0.0019664,0.0111107,0.0322567,0.0238135,0.0107995,0.0136378,
1.855,0.0101212,0.00198531,0.0354903,0.0129714,0.0327814,0.0438767,0.00845012,0.00574181,0.0144025,0.014099,0.0253488,0.0172046,0.0096483,0.00281635,0.00552744,0.010775,0.0385963,-0.00395831,-0.00385829,-0.00487856,-0.00905836,-0.00754231,-0.00489527,0.00410396,0.00149921,0.0382069,0.035553,-0.00229009,0.0101726,0.00775092,0.0343678,0.00735739,0.015284,0.0128295,0.000810205,0.0044703,0.00897057,0.0221879,0.0165907,0.0152937,0.00802276,0.000677012,0.0138204,0.0140753,0.052979,0.0223467,0.018858,0.0151802,0.00861862,0.0094172,0.017924,0.0111868,0.0126548,0.0029125,0.0099536,0.0130656,0.0439545,-0.00471439,-0.00422404,-0.00499807,-0.0117306,-0.00897968,-0.00531975,0.00670318,0.000879041,0.0209376,0.0238396,-0.00223953,0.0308224,0.00107825,0.0242189,0.0165681,0.0258374,0.0186851,-0.00195907,0.0111626,0.0320678,0.0213511,0.0108913,0.0138278,
1.86,0.0101122,0.00197201,0.0353854,0.0129528,0.0333134,0.0440357,0.00837509,0.00574556,0.0150309,0.0147815,0.0248635,0.0173504,0.00967581,0.00274583,0.00560517,0.0108246,0.03861,-0.00399973,-0.00388676,-0.00494236,-0.00921948,-0.00764483,-0.0049479,0.00371898,0.00284913,0.0379098,0.0360285,-0.00230802,0.0100453,0.00777149,0.0343267,0.00727702,0.0152504,0.0130639,0.000671194,0.00453348,0.00907101,0.0266912,0.0165821,0.0152239,0.0079652,0.000656352,0.0130128,0.0140593,0.014374,0.0230014,0.0194178,0.0156178,0.00871194,0.00943915,0.0178656,0.0110477,0.0123463,0.00278387,0.0106839,0.0138294,0.0439948,-0.00473462,-0.00425397,-0.00504937,-0.0118424,-0.00906168,-0.00535373,0.00535411,0.00227678,0.0209951,0.0239989,-0.00224277,0.0316181,0.00109655,0.0244121,0.0170506,0.0262297,0.0187385,-0.00194639,0.0112155,0.0320808,0.0259348,0.0110028,0.0140374,
1.865,0.0100843,0.00196271,0.0348284,0.0129337,0.0317705,0.0436109,0.00834323,0.00578107,0.0157546,0.0157064,0.0243448,0.0171606,0.0114606,0.00339046,0.00567575,0.0108081,0.0386022,-0.00404041,-0.00392745,-0.00500324,-0.0093798,-0.00774813,-0.00500015,0.00360827,0.00218624,0.0373977,0.0358357,-0.00232526,0.00977486,0.00777511,0.0342284,0.00723434,0.0152562,0.0128866,0.000513834,0.00468703,0.00900249,0.0246391,0.0165689,0.0151439,0.00791261,0.000632791,0.0121757,0.0140427,0.00726569,0.0224024,0.0198827,0.0158616,0.00881116,0.00946045,0.0180129,0.0108022,0.0142015,0.00325779,0.0114194,0.0146077,0.0440312,-0.00474073,-0.00427222,-0.00508599,-0.0119052,-0.0091085,-0.00537221,0.00440408,0.00148968,0.0211276,0.0241499,-0.00223792,0.0324102,0.00111375,0.0246288,0.0174488,0.0264528,0.018569,-0.00192838,0.0112692,0.0318722,0.0239249,0.0111328,0.0142626,
1.87,0.0100585,0.00195678,0.0341669,0.0129138,0.0286446,0.0427031,0.00835961,0.0058583,0.0165853,0.0167688,0.023819,0.0166804,0.0116407,0.00360831,0.00573655,0.0107221,0.0385729,-0.00408026,-0.00396979,-0.00506305,-0.00953502,-0.00784862,-0.00505227,0.00361037,0.00149889,0.0369447,0.035416,-0.00234146,0.00935893,0.00776076,0.0340716,0.0072332,0.0153081,0.0122102,0.000332086,0.00510181,0.00866923,0.0242362,0.0165524,0.0150558,0.0078635,0.000618631,0.011659,0.0140267,0.00474403,0.0228554,0.0202248,0.0158777,0.00896133,0.00948194,0.0180681,0.0104192,0.01401,0.00338831,0.0121247,0.0153532,0.0440631,-0.0047323,-0.00427981,-0.00510942,-0.011919,-0.00911936,-0.00537626,0.00400269,0.00100953,0.0211542,0.0242821,-0.00222371,0.0341478,0.00113049,0.0248665,0.0177359,0.0264745,0.018095,-0.00190503,0.0113368,0.0313254,0.0229258,0.01128,0.014498,
1.875,0.0100438,0.001954,0.0340796,0.0128946,0.02741,0.0421345,0.00843143,0.00598244,0.0174009,0.0177787,0.0236464,0.0165675,0.0122606,0.00380873,0.00578684,0.0105676,0.0385248,-0.00411844,-0.00401002,-0.00511981,-0.00968513,-0.00794596,-0.00510223,0.0036224,0.00118552,0.0370344,0.0357934,-0.00235661,0.00899998,0.00772884,0.0338637,0.00727913,0.0154152,0.0119783,0.000118095,0.00520715,0.00857908,0.026609,0.0165324,0.014964,0.00782232,0.000602265,0.0111854,0.01401,0.00549488,0.0254356,0.020416,0.0156433,0.00915986,0.00950323,0.0181469,0.0104191,0.0145833,0.00353009,0.0127607,0.0160188,0.0440908,-0.00470997,-0.00427648,-0.00512099,-0.011887,-0.00909493,-0.00536544,0.0038896,0.000789574,0.0211552,0.0246577,-0.00314826,0.0344845,0.00114677,0.0251217,0.0178858,0.0262697,0.0180588,-0.00187665,0.0113978,0.0312002,0.0251173,0.0114409,0.0147363,
1.88,0.0100427,0.00195437,0.0335991,0.012877,0.0259987,0.0412603,0.00856501,0.00616346,0.0181597,0.0186756,0.0234481,0.0163986,0.0130654,0.00415872,0.00582702,0.0103523,0.0384583,-0.00415421,-0.00404859,-0.00517431,-0.00982615,-0.00803858,-0.00515021,0.00360102,0.000972582,0.0369532,0.0355662,-0.00237003,0.00862949,0.00768236,0.0336202,0.00737816,0.0155875,0.0115559,-0.000137425,0.00505469,0.00840344,0.0255884,0.0165085,0.0148698,0.00778709,0.00058973,0.0107998,0.0139938,0.00997459,0.0264074,0.0204286,0.0151497,0.0093279,0.00952162,0.018296,0.0102297,0.0153264,0.00378735,0.0132984,0.0165548,0.0441141,-0.00467416,-0.0042624,-0.00512126,-0.0118104,-0.00903532,-0.00534139,0.00380596,0.000697503,0.0212214,0.0248562,-0.00253066,0.0338347,0.00116286,0.0253901,0.0178738,0.0258228,0.0178975,-0.00184329,0.0114193,0.0309174,0.0240112,0.0116118,0.0149691,
1.885,0.0100459,0.00195461,0.0327967,0.0128588,0.0241216,0.040052,0.00876481,0.00640777,0.0188635,0.0194922,0.0232487,0.0161687,0.0138115,0.00446107,0.00585291,0.0100822,0.0383779,-0.00418674,-0.00408413,-0.00522415,-0.0099568,-0.00812399,-0.00519452,0.00357067,0.000844974,0.0368172,0.0350016,-0.00238102,0.00825039,0.00762549,0.0333625,0.00753399,0.0158297,0.0109738,-0.00044331,0.00488791,0.0081423,0.0232722,0.0164822,0.0147743,0.00776129,0.000580909,0.0104472,0.0139761,0.0061796,0.0265456,0.0202369,0.0144121,0.00945106,0.00953513,0.0184445,0.00997328,0.0160469,0.00401849,0.0137077,0.0169234,0.0441315,-0.00462591,-0.00423887,-0.00511103,-0.0116913,-0.00894405,-0.00530456,0.00367554,0.000689298,0.0212602,0.0250263,-0.00238874,0.0331749,0.00117868,0.0256672,0.0176766,0.0251346,0.0176648,-0.00180542,0.0113908,0.0305322,0.0220724,0.0117873,0.0151874,
1.89,0.010058,0.0019592,0.0322881,0.0128437,0.0228998,0.0389887,0.00903046,0.00671431,0.0194633,0.0201425,0.0236136,0.0160597,0.0143663,0.00460114,0.00586781,0.00977191,0.0382872,-0.00421602,-0.00411655,-0.00527041,-0.0100737,-0.00820141,-0.00523513,0.00464946,0.000808441,0.0378486,0.0349706,-0.00238923,0.00812171,0.00756363,0.0331139,0.00774713,0.0161399,0.0104656,-0.000800615,0.00458453,0.00789888,0.0247491,0.0164531,0.0146809,0.00774541,0.000570115,0.0107192,0.0139621,0.00701387,0.0271556,0.0198208,0.013473,0.00954495,0.00954414,0.0186056,0.00997622,0.0166553,0.00421222,0.0139607,0.0171038,0.0441439,-0.0045663,-0.00420644,-0.00509097,-0.0115331,-0.00882258,-0.0052557,0.00669487,0.000603087,0.0214635,0.0253221,-0.00234289,0.0315654,0.00119438,0.0259462,0.0172772,0.0242306,0.0176579,-0.00176317,0.0113214,0.0304241,0.0232684,0.0119616,0.0153814,
1.895,0.0100749,0.0019667,0.0316132,0.0128288,0.0218014,0.0378527,0.00935681,0.00707555,0.0199481,0.0206472,0.0235997,0.0159797,0.014997,0.0048139,0.00587145,0.00943241,0.0381909,-0.00424123,-0.00414484,-0.00531068,-0.0101752,-0.00826893,-0.00527079,0.00403219,0.000774877,0.0377598,0.0346675,-0.00239375,0.00800798,0.00750245,0.0328904,0.00801198,0.0165096,0.010063,-0.00118978,0.00417524,0.00768919,0.0240919,0.0164219,0.0145914,0.00774392,0.000569303,0.0106835,0.0139454,0.00582666,0.0273031,0.0191736,0.012409,0.00957495,0.00954545,0.0187362,0.00980413,0.0172739,0.00438272,0.0140372,0.0170859,0.0441511,-0.00449636,-0.00416605,-0.00506256,-0.0113373,-0.00867567,-0.00519715,0.00616575,0.000532894,0.021408,0.0254862,-0.00231933,0.029219,0.00120969,0.0262212,0.0166705,0.0231647,0.0175539,-0.00171707,0.0111836,0.0301558,0.0228715,0.0121287,0.0155434,
1.9,0.0100906,0.0019754,0.0314652,0.0128155,0.0207969,0.0371537,0.00973309,0.00747915,0.0202811,0.0209178,0.0236773,0.0160888,0.0152664,0.00474696,0.00586376,0.00908075,0.0380926,-0.00426152,-0.00416909,-0.00534564,-0.0102573,-0.00832553,-0.00530066,0.00428662,0.000997884,0.0379925,0.0351544,-0.00239375,0.00823055,0.0074477,0.0327081,0.008321,0.0169211,0.00973689,-0.00142084,0.00368439,0.00744832,0.0288362,0.0163889,0.0145084,0.00775682,0.000567562,0.0107886,0.0139279,0.00493933,0.0287676,0.0183116,0.0113112,0.00957673,0.00953926,0.0188027,0.00967763,0.0175988,0.00439837,0.0139307,0.0168741,0.0441526,-0.00441768,-0.00411899,-0.00502675,-0.0111072,-0.00850703,-0.00512943,0.0064398,0.000531071,0.0215392,0.0258046,0.00358848,0.0257107,0.00122473,0.0264878,0.0158728,0.0220199,0.0176712,-0.00166764,0.0109988,0.0300981,0.0274103,0.0122826,0.0156657,
1.905,0.0101101,0.00198289,0.0309189,0.0128051,0.0204057,0.0361825,0.0101443,0.00790348,0.02047,0.021019,0.0239006,0.0160556,0.0157457,0.00488075,0.00584738,0.00872932,0.0379968,-0.00427689,-0.00418874,-0.00537435,-0.0103205,-0.00836964,-0.00532456,0.00493099,0.000914813,0.0384444,0.0349451,-0.00238808,0.00840458,0.0074034,0.0325751,0.00866079,0.0173516,0.00945115,-0.0015378,0.00322055,0.00729304,0.0272197,0.0163558,0.0144331,0.0077722,0.000569071,0.0112567,0.0139136,0.00591586,0.02879,0.0172804,0.0102621,0.00950815,0.00952425,0.0189329,0.00963121,0.0181258,0.00457457,0.0136555,0.0164891,0.0441479,-0.0043313,-0.00406581,-0.00498447,-0.0108458,-0.00832099,-0.00505443,0.00817094,0.000420377,0.0215753,0.0259038,0.000332703,0.022103,0.00123939,0.0267402,0.0149307,0.0208946,0.0176793,-0.00161509,0.010769,0.0299709,0.0260268,0.0124173,0.0157438,
1.91,0.0101312,0.00199244,0.0302962,0.0127963,0.0199612,0.0351327,0.0105722,0.0083234,0.0204849,0.020888,0.0242032,0.015924,0.0159487,0.00481816,0.00582628,0.00839017,0.037906,-0.00428714,-0.00420325,-0.00539615,-0.0103631,-0.0084007,-0.00534223,0.00552535,0.00087686,0.0390228,0.0343892,-0.00237477,0.0087313,0.00737278,0.0324989,0.00901617,0.0177751,0.00905186,-0.00158968,0.00277631,0.00705577,0.0235493,0.0163225,0.0143652,0.00780297,0.000575222,0.0120082,0.0139006,0.00605311,0.0280985,0.0161618,0.0093357,0.00936939,0.00950079,0.0190265,0.00960124,0.018455,0.00464836,0.0132433,0.0159696,0.0441379,-0.00423893,-0.00400801,-0.00493714,-0.0105569,-0.00812216,-0.00497386,0.01006,0.000322185,0.0217227,0.0259816,-0.000802597,0.0182302,0.00125332,0.0269764,0.0139322,0.0198844,0.0176761,-0.00156017,0.0105008,0.0299162,0.0226393,0.0125283,0.0157744,
1.915,0.0101728,0.0020003,0.0300787,0.0127912,0.0192802,0.0345886,0.0109966,0.00871278,0.0203504,0.0206133,0.0246822,0.015978,0.0160047,0.00470516,0.00580188,0.00807303,0.0378213,-0.00429216,-0.0042129,-0.0054107,-0.0103851,-0.00841848,-0.00535253,0.00648848,0.00278317,0.0398629,0.0345269,-0.00247773,0.00932738,0.00735665,0.0324742,0.00936928,0.0181635,0.0087639,-0.00161067,0.00243825,0.0068307,0.0256229,0.0162888,0.0143032,0.00785308,0.000585784,0.0131667,0.0138902,0.00589048,0.0281186,0.0150724,0.00859995,0.00921938,0.00947199,0.0191525,0.00973782,0.018728,0.00473623,0.0127505,0.0153713,0.0441213,-0.00414245,-0.00394705,-0.00488591,-0.0102422,-0.00791564,-0.0048888,0.0125921,0.0022566,0.021988,0.0262351,-0.00184262,0.015227,0.00126668,0.0271957,0.0129915,0.0190714,0.017793,-0.00150324,0.0102351,0.0299374,0.0245962,0.0126116,0.0157565,
1.92,0.0101864,0.00200973,0.0298572,0.0127883,0.0195179,0.0340379,0.0113981,0.00904515,0.0200521,0.0201336,0.0250096,0.0159009,0.0158914,0.00452486,0.00577424,0.00778426,0.0377456,-0.00429133,-0.00421685,-0.00541808,-0.0103877,-0.00842175,-0.00535609,0.00639571,0.00204992,0.0402756,0.0342637,-0.00250307,0.00994852,0.00735405,0.0324872,0.00970319,0.0184928,0.00852217,-0.00161746,0.00214744,0.00665739,0.0240769,0.0162557,0.0142438,0.00791063,0.000600524,0.0140748,0.0138776,0.00625495,0.0277444,0.0141384,0.00811061,0.00903961,0.00943803,0.0192091,0.00975587,0.0188219,0.00472081,0.0122431,0.0147672,0.0440992,-0.0040427,-0.0038835,-0.00483199,-0.00990821,-0.00770459,-0.00480121,0.0137464,0.0014581,0.0221187,0.0262811,-0.0020968,0.0116611,0.00127918,0.0273956,0.0122061,0.0185128,0.017826,-0.00144484,0.00996865,0.0299461,0.0231604,0.0126641,0.0156916,
1.925,0.0101928,0.00201903,0.0296364,0.0127878,0.0198973,0.0334144,0.0117586,0.00930282,0.019624,0.019548,0.0254052,0.0158959,0.0158485,0.00444259,0.00574721,0.00752295,0.0376767,-0.00428589,-0.00421538,-0.00541768,-0.0103709,-0.00841094,-0.00535202,0.00709162,0.00142692,0.0408255,0.0338761,-0.00250816,0.0104462,0.00736048,0.032511,0.0100017,0.0187455,0.00836643,-0.00161739,0.00188145,0.00655567,0.0218012,0.0162214,0.0141877,0.00796372,0.000619559,0.0151989,0.0138667,0.00639451,0.0267712,0.0134481,0.00789705,0.0088389,0.00940012,0.0193023,0.0098843,0.0189984,0.00478842,0.0117852,0.0142255,0.0440736,-0.00394211,-0.00381763,-0.0047757,-0.00955715,-0.00749366,-0.00471146,0.0153536,0.00092384,0.0222162,0.0262676,-0.00215604,0.00731092,0.00129084,0.0275787,0.0116362,0.0182431,0.0179043,-0.00138555,0.00972443,0.0299818,0.0212634,0.0126844,0.015584,
1.93,0.0101996,0.00202737,0.0294528,0.0127869,0.0203181,0.0330573,0.0120619,0.00947027,0.0190743,0.0188607,0.0255852,0.0158341,0.0155985,0.00426027,0.00572091,0.00729314,0.0376161,-0.00427438,-0.00420858,-0.00540924,-0.0103339,-0.00838596,-0.00534051,0.006302,0.00125226,0.0408821,0.0338168,-0.00250515,0.0109533,0.00736943,0.0325119,0.0102498,0.0189073,0.00826701,-0.00161324,0.00168432,0.00644887,0.0220916,0.0161864,0.0141315,0.00802573,0.000642076,0.0160067,0.0138499,0.00632646,0.0258795,0.0130334,0.00796393,0.00861247,0.00935725,0.0192845,0.00983494,0.0189058,0.0046838,0.0114323,0.0138058,0.0440425,-0.00384152,-0.00375167,-0.00471862,-0.00920446,-0.00728465,-0.00462191,0.0152621,0.000736376,0.0222298,0.0262542,-0.00215535,0.00510209,0.00130133,0.0277451,0.0113039,0.0182662,0.0179116,-0.00132573,0.00947318,0.0299979,0.0215545,0.0126723,0.015441,
1.935,0.0102028,0.00203124,0.0291787,0.012785,0.020684,0.032899,0.0122932,0.00953999,0.0184553,0.0181836,0.0255328,0.0158001,0.0153857,0.00414593,0.00569644,0.00709392,0.037563,-0.00425786,-0.00419618,-0.00539329,-0.01028,-0.0083468,-0.00532145,0.00545836,0.00132868,0.0405024,0.0337319,-0.00249809,0.0114018,0.00737326,0.0324625,0.0104361,0.01897,0.00824874,-0.00160629,0.00155603,0.00638576,0.0217902,0.0161492,0.0140737,0.00808825,0.000667378,0.0158316,0.0138293,0.00688162,0.0250075,0.0128898,0.00829757,0.00835378,0.0093079,0.0191817,0.00967343,0.0187092,0.00452903,0.0112162,0.0135417,0.0440088,-0.00374187,-0.00368571,-0.00466139,-0.00886072,-0.00708186,-0.00453311,0.0137983,0.000829164,0.022109,0.0261974,-0.0021378,0.00479537,0.00131071,0.0278979,0.0112036,0.0185609,0.017877,-0.00126614,0.00919816,0.0299633,0.0214492,0.0126297,0.0152718,
1.94,0.0102101,0.00203523,0.0289617,0.0127825,0.0212609,0.0330763,0.0124415,0.00950997,0.017807,0.0175201,0.0254697,0.0158366,0.0150809,0.00400115,0.00567602,0.00692307,0.0375154,-0.00423652,-0.00417809,-0.00536877,-0.0102068,-0.00829402,-0.005295,0.00550703,0.00181491,0.04035,0.0337331,0.00257202,0.0118705,0.00736499,0.0323412,0.0105502,0.0189289,0.0083098,-0.00159693,0.00150162,0.00636783,0.0215383,0.0161105,0.0140119,0.0081587,0.000701966,0.0157415,0.0138093,0.00623803,0.0242606,0.0129909,0.0088683,0.00808627,0.00925245,0.0190727,0.0095826,0.0184424,0.00438522,0.0111486,0.0134387,0.0439736,-0.00364423,-0.00362095,-0.00460451,-0.00853534,-0.00688665,-0.00444621,0.0126963,0.0013394,0.0221192,0.0261925,-0.00211562,0.00580183,0.00131878,0.0280377,0.0113141,0.01909,0.0179107,-0.00120707,0.00892237,0.0300005,0.0213667,0.0125593,0.0150871,
1.945,0.010197,0.00203813,0.0287119,0.0127795,0.0217126,0.0331585,0.0124981,0.00938409,0.0172856,0.0170792,0.0253523,0.0158468,0.0148727,0.00392793,0.00566058,0.0067792,0.0374744,-0.00420995,-0.00415494,-0.00533673,-0.0101181,-0.00822853,-0.00526125,0.00531597,0.00149257,0.0401504,0.0336802,-1.70056e-05,0.0122126,0.00733915,0.0321402,0.0105788,0.0187882,0.00835734,-0.00158537,0.00169734,0.00637038,0.0213316,0.0160706,0.0139459,0.00822766,0.000733536,0.0153277,0.0137902,0.00617037,0.0232717,0.0133015,0.00963753,0.00784036,0.00919156,0.0189739,0.00946634,0.018222,0.0042756,0.0112196,0.0134824,0.0439369,-0.00355028,-0.00355814,-0.00454863,-0.00823044,-0.00670139,-0.00436248,0.0118225,0.00112413,0.0220998,0.0261065,-0.00209287,0.00943837,0.00132556,0.0281679,0.0116054,0.0198064,0.0179134,-0.00114859,0.00868562,0.0299962,0.0212561,0.0124658,0.0148986,
1.95,0.0101801,0.00203813,0.0284527,0.0127764,0.0220856,0.033171,0.0124596,0.00917283,0.0169857,0.0169026,0.0252887,0.0158773,0.0146873,0.00387304,0.00564824,0.00666106,0.0374392,-0.00417941,-0.00412629,-0.00529679,-0.0100123,-0.00815055,-0.00522038,0.00543565,0.00124025,0.0401385,0.0336177,-0.00128745,0.0123948,0.0072924,0.0318583,0.0105353,0.0185568,0.00842073,-0.00157171,0.00204816,0.00639042,0.0209779,0.0160285,0.0138776,0.00829018,0.000770445,0.0154345,0.0137715,0.00617767,0.0220004,0.0137836,0.0105517,0.00765558,0.00912719,0.0189162,0.00939985,0.0180519,0.00420901,0.0114043,0.0136432,0.0438986,-0.00346054,-0.00349746,-0.00449383,-0.00795008,-0.00652733,-0.00428261,0.0115808,0.00102646,0.0221345,0.026,-0.00207035,0.0135107,0.00133083,0.0282879,0.0120429,0.0206595,0.0179223,-0.00109115,0.00853391,0.0299806,0.0210344,0.0123543,0.0147173,
1.955,0.010157,0.0020362,0.0280091,0.0127717,0.0223702,0.033066,0.0123288,0.00889344,0.0168238,0.0168606,0.025066,0.0159223,0.0146907,0.00391073,0.00564272,0.00656955,0.0374111,-0.00414427,-0.00409258,-0.00524881,-0.00989124,-0.00806153,-0.0051724,0.00486877,0.00106947,0.0398064,0.0335314,-0.00202737,0.0123859,0.00722432,0.0315035,0.0104144,0.0182519,0.00853075,-0.00155615,0.00224053,0.00644452,0.0205825,0.0159849,0.0138092,0.00834972,0.00080863,0.0153652,0.013753,0.00624649,0.0201668,0.0143963,0.0115516,0.00750379,0.00905927,0.0188558,0.00925421,0.0179645,0.00415362,0.0116684,0.0138875,0.0438627,-0.00337627,-0.00343993,-0.00444098,-0.00769426,-0.00636458,-0.00420698,0.0105233,0.000984982,0.0220545,0.0258674,-0.00204841,0.015758,0.00133448,0.0283997,0.0125911,0.0215945,0.0179102,-0.00103475,0.00844043,0.0299237,0.0209173,0.0122308,0.0145523,
1.96,0.0101275,0.00203185,0.0275363,0.0127667,0.0228169,0.0329977,0.0121153,0.0085685,0.0167626,0.0168691,0.0248005,0.0159821,0.0146079,0.00388994,0.00564042,0.00650584,0.0373881,-0.00410474,-0.00405419,-0.00519371,-0.00975628,-0.00796149,-0.00511799,0.00465671,0.000935855,0.0395185,0.0335089,-0.00229831,0.0122665,0.00713682,0.031092,0.010225,0.017893,0.00866499,-0.00153871,0.0024144,0.00651442,0.0205243,0.0159402,0.0137421,0.00840032,0.00084612,0.0147691,0.013734,0.00607618,0.0178867,0.0151008,0.0125816,0.00738362,0.00898871,0.0187948,0.00911973,0.0178098,0.00407459,0.0119846,0.0141838,0.043828,-0.00329833,-0.00338518,-0.00438921,-0.00746283,-0.00621405,-0.00413565,0.00941849,0.000978796,0.0220442,0.0257572,-0.00202716,0.0178795,0.00133656,0.028503,0.0132133,0.0225574,0.0179315,-0.000978866,0.00840184,0.0299102,0.0210019,0.0121013,0.01441,
1.965,0.010098,0.00202774,0.0269708,0.012759,0.022934,0.0329661,0.0118353,0.00822119,0.0169026,0.0171215,0.0243102,0.0160409,0.0146278,0.00392494,0.00564723,0.00647225,0.0373735,-0.00406227,-0.00401094,-0.00513151,-0.00960888,-0.00785211,-0.00505761,0.00391633,0.00122244,0.0388718,0.0335432,-0.00235407,0.0120327,0.00703423,0.0306472,0.00998023,0.0175067,0.00879983,-0.00151938,0.00281261,0.00657901,0.0210296,0.0158962,0.0136802,0.00845043,0.000887207,0.0139771,0.0137138,0.00596853,0.0153729,0.0158565,0.0135842,0.0073199,0.00891656,0.0187271,0.00888829,0.0176785,0.00398508,0.0123234,0.0145041,0.0437964,-0.00322628,-0.00333405,-0.00433973,-0.00725495,-0.00607674,-0.00406945,0.00727944,0.00127845,0.022021,0.0256554,-0.00200672,0.0218457,0.00133695,0.0285976,0.0138747,0.0234955,0.0179035,-0.000922981,0.00842961,0.0298123,0.0216152,0.0119711,0.0142942,
1.97,0.0100612,0.00201915,0.0265225,0.0127511,0.0233312,0.0330881,0.011509,0.00787533,0.0171952,0.0175072,0.0238652,0.0160622,0.0145715,0.00390789,0.00566004,0.00647052,0.0373685,-0.00401584,-0.00396364,-0.00506272,-0.00945175,-0.00773429,-0.00499125,0.00385564,0.00130751,0.0385229,0.0335626,-0.00234666,0.0116882,0.00692247,0.0301959,0.00969793,0.0171163,0.00893266,-0.00149861,0.0032522,0.0066541,0.0206754,0.0158536,0.0136259,0.0084936,0.000927134,0.0132595,0.0136952,0.00592624,0.0129093,0.0166247,0.0145085,0.00732879,0.00884545,0.0186605,0.00873442,0.0175067,0.00389627,0.0126654,0.0148275,0.0437672,-0.00316119,-0.00328615,-0.00429086,-0.00706951,-0.00595166,-0.00400729,0.0056865,0.00143225,0.021994,0.0255172,-0.00198663,0.0251054,0.00133565,0.0286822,0.0145424,0.0243572,0.0178518,-0.000868654,0.00853178,0.0296963,0.0212662,0.0118451,0.0142053,
1.975,0.0100154,0.00200803,0.0261119,0.012742,0.0233058,0.0330777,0.0111593,0.00755126,0.0175984,0.0179785,0.0235187,0.0160642,0.0145783,0.00392674,0.0056802,0.00650758,0.037373,-0.00396647,-0.0039122,-0.00498795,-0.00928584,-0.00760916,-0.00491994,0.00378998,0.00108625,0.0383321,0.0335623,-0.0023204,0.011232,0.00680804,0.0297645,0.00939733,0.0167416,0.0090014,-0.00147619,0.00362482,0.00669727,0.0208227,0.015812,0.01358,0.00852535,0.000963926,0.0126539,0.0136784,0.00563482,0.0109044,0.0173665,0.0152989,0.00740117,0.00877724,0.0186158,0.0085787,0.0174144,0.00385253,0.0129948,0.0151383,0.0437414,-0.00310262,-0.00324131,-0.00424299,-0.0069052,-0.00583788,-0.00394938,0.00485028,0.00138693,0.021979,0.0254021,-0.001967,0.0277848,0.00133265,0.0287578,0.0151848,0.0250957,0.0177955,-0.000817661,0.00869728,0.0295533,0.0214074,0.0117267,0.0141413,
1.98,0.00997116,0.0019951,0.0257912,0.0127329,0.0233807,0.0331361,0.0108081,0.00725909,0.0180543,0.018467,0.0232689,0.0160718,0.014598,0.00394596,0.00570966,0.00657917,0.0373872,-0.00391459,-0.00385719,-0.00490787,-0.00911276,-0.00747761,-0.00484385,0.00373482,0.00129925,0.0382419,0.0335771,-0.00228755,0.0106965,0.00669663,0.0293703,0.00909619,0.0164014,0.00908477,-0.00145255,0.00390493,0.00675073,0.0205467,0.0157735,0.0135466,0.00854916,0.000995612,0.0121013,0.0136633,0.0058851,0.00935699,0.0180458,0.0158979,0.00751455,0.00871335,0.0185787,0.00847536,0.0173521,0.00382515,0.0133037,0.0154254,0.0437193,-0.00305017,-0.00319888,-0.00419526,-0.00676006,-0.00573507,-0.00389565,0.00439216,0.00154067,0.0218982,0.0253069,-0.00194725,0.0298427,0.00132803,0.0288225,0.0157712,0.0256687,0.017732,-0.000770745,0.00889628,0.0293937,0.021164,0.011618,0.0140979,
1.985,0.00991748,0.0019806,0.0255462,0.0127236,0.0233608,0.0331058,0.0104745,0.00701145,0.0185298,0.0189287,0.0231403,0.0160511,0.0145855,0.00394012,0.00574694,0.00668724,0.0374107,-0.00385979,-0.00379878,-0.00482254,-0.00893473,-0.00734032,-0.00476383,0.00382643,0.00108599,0.0383094,0.033565,-0.00225122,0.0101612,0.00659122,0.0290143,0.0088096,0.0161086,0.00911565,-0.00142771,0.00411212,0.00677884,0.0203924,0.0157369,0.0135229,0.00856554,0.00101767,0.01166,0.0136501,0.00585012,0.00796908,0.0186287,0.0162518,0.00765307,0.00865489,0.0185539,0.00839175,0.0172831,0.00380292,0.0135846,0.0156823,0.0437009,-0.00300361,-0.00315905,-0.00414719,-0.0066315,-0.00564176,-0.003844,0.00447725,0.00146898,0.0219077,0.0252471,-0.0019275,0.0313139,0.00132165,0.028879,0.0162716,0.0260356,0.0176946,-0.000728646,0.00911441,0.0292886,0.0209945,0.01152,0.0140701,
1.99,0.00987116,0.00196464,0.0253075,0.0127143,0.0230431,0.0330125,0.0101736,0.00681196,0.018995,0.0193472,0.0231095,0.0160666,0.0146156,0.00396091,0.00579365,0.00682577,0.037443,-0.00380289,-0.00373752,-0.00473342,-0.00875175,-0.00719898,-0.00467968,0.00395412,0.00135005,0.0384442,0.0335713,-0.00221281,0.00962142,0.00649245,0.0286829,0.00855115,0.0158671,0.00912665,-0.00140204,0.00422481,0.00678658,0.020641,0.0157028,0.0135076,0.00857695,0.0010367,0.0113949,0.0136385,0.00591201,0.0070246,0.019084,0.0163225,0.00779847,0.00860273,0.0185474,0.00833367,0.0172879,0.0038181,0.013833,0.0159049,0.0436868,-0.00296211,-0.00312051,-0.00409825,-0.00651757,-0.00555547,-0.00379464,0.00489761,0.00160454,0.0218442,0.0252128,-0.00190718,0.0322299,0.00131377,0.0289261,0.0166548,0.0261608,0.0176563,-0.000691365,0.00932881,0.0291353,0.0213354,0.0114327,0.0140521,
1.995,0.00983642,0.00194796,0.024988,0.0127052,0.0224396,0.0329628,0.00991562,0.00666342,0.0194231,0.0197029,0.0230658,0.0160924,0.0146535,0.00398312,0.00584718,0.00698839,0.0374839,-0.0037438,-0.00367332,-0.00464031,-0.00856623,-0.00705449,-0.00459324,0.00385831,0.00216275,0.0384637,0.0335931,-0.00217302,0.00918444,0.00639874,0.0283607,0.00832951,0.0156827,0.00911959,-0.00137538,0.00425201,0.00676197,0.0207565,0.0156712,0.0134997,0.00858538,0.00105237,0.0111526,0.0136277,0.00591125,0.00692924,0.0193803,0.0160868,0.00793255,0.00855666,0.01854,0.00824712,0.0173031,0.0038289,0.0140528,0.0160959,0.0436761,-0.00292419,-0.0030829,-0.00404749,-0.0064155,-0.00547449,-0.00374616,0.00487124,0.00203599,0.0217731,0.0252516,-0.0018857,0.0327688,0.00130439,0.0289678,0.0168906,0.0260133,0.0176155,-0.000658605,0.00951344,0.0289606,0.0215943,0.0113545,0.0140379,
2,0.00978589,0.0019308,0.0246822,0.0126969,0.0217337,0.0326634,0.0097063,0.00656021,0.0197997,0.0199943,0.0232078,0.0160747,0.014768,0.00404333,0.00590913,0.00716828,0.0375281,-0.00368303,-0.00360738,-0.00454447,-0.00837847,-0.00690797,-0.00450362,0.00435953,0.00198363,0.0388178,0.0335348,-0.00213184,0.00875908,0.00630858,0.0280384,0.00814914,0.0155532,0.00903218,-0.00134835,0.0041891,0.00671445,0.0206737,0.0156415,0.0134945,0.00859084,0.0010627,0.0111808,0.0136202,0.00596661,0.00684269,0.0194857,0.0155375,0.00804568,0.00851641,0.0185727,0.00825165,0.017453,0.00391638,0.0142458,0.0162586,0.0436692,-0.00288943,-0.00304528,-0.00399424,-0.00632075,-0.00539848,-0.0036978,0.00615672,0.00194144,0.0216822,0.0252664,-0.00186295,0.0325544,0.00129345,0.0290029,0.016948,0.025572,0.0175868,-0.000629996,0.0096611,0.0288017,0.0215033,0.0112841,0.014023,
2.005,0.00975168,0.00191339,0.0242959,0.0126899,0.0206095,0.0322415,0.00954718,0.00650124,0.0201002,0.0201905,0.0234065,0.0161042,0.014868,0.00409104,0.00597937,0.00735824,0.0375747,-0.00362069,-0.00353942,-0.00444645,-0.00818927,-0.00675932,-0.00441266,0.00466091,0.00243429,0.0391611,0.0335079,-0.00208984,0.00841523,0.00622143,0.0277188,0.00801145,0.0154729,0.00890763,-0.00132079,0.00403193,0.00661613,0.021097,0.0156111,0.0134893,0.00859183,0.00106409,0.011439,0.0136142,0.0060262,0.00728982,0.019368,0.0146885,0.00812816,0.00848151,0.0186244,0.00824913,0.0176248,0.00400863,0.0144139,0.0163961,0.0436651,-0.00285625,-0.00300712,-0.00393749,-0.00623315,-0.00532316,-0.00364837,0.00741529,0.00220281,0.0215901,0.0253448,-0.00183893,0.0318436,0.00128127,0.0290348,0.0167975,0.0248318,0.0175732,-0.000605093,0.00975954,0.0286112,0.0220849,0.0112188,0.0140027,
2.01,0.00971957,0.00189611,0.0239451,0.0126837,0.0193991,0.0316905,0.00943798,0.00648096,0.0203038,0.020283,0.0237806,0.0161057,0.0150196,0.00416201,0.00605508,0.0075445,0.0376208,-0.00355731,-0.00347054,-0.00434702,-0.00800007,-0.00660988,-0.00432082,0.00544652,0.00270687,0.0397823,0.0334121,-0.00204739,0.00817236,0.00613797,0.0274143,0.00791575,0.0154379,0.00871828,-0.00129308,0.00377548,0.00649013,0.0207719,0.0155804,0.0134805,0.00859233,0.00105922,0.0121084,0.0136119,0.00614615,0.00800472,0.0189971,0.013594,0.00817628,0.00845186,0.0187269,0.00836305,0.0179086,0.00416715,0.0145555,0.0165061,0.0436639,-0.00282371,-0.00296747,-0.00387663,-0.00614798,-0.00524829,-0.00359705,0.00970282,0.00235446,0.0215292,0.0254557,-0.00181283,0.0303047,0.00126785,0.0290644,0.0164124,0.0238166,0.0175834,-0.00058308,0.00980476,0.028467,0.0218558,0.0111565,0.0139737,
2.015,0.00969325,0.00187689,0.0235811,0.0126805,0.0179027,0.0310077,0.00937639,0.00649294,0.0204047,0.0202785,0.0241903,0.0161442,0.0151821,0.00423357,0.0061355,0.00772044,0.0376644,-0.0034931,-0.00340046,-0.004247,-0.0078112,-0.00645987,-0.00422777,0.00602276,0.00308227,0.0403445,0.0333423,-0.00200493,0.00804187,0.00606018,0.0271405,0.00786062,0.0154442,0.00849491,-0.00126537,0.00347307,0.00632944,0.0210996,0.0155493,0.0134653,0.00859084,0.0010497,0.0129942,0.0136119,0.0062661,0.00900567,0.0183511,0.0123469,0.00819189,0.00842766,0.0188652,0.00849274,0.0182356,0.00433976,0.0146699,0.0165872,0.0436658,-0.00279063,-0.00292578,-0.00381146,-0.0060625,-0.00517081,-0.00354255,0.0117496,0.00256459,0.0215052,0.0255981,-0.00178454,0.0282026,0.00125313,0.0290921,0.0157755,0.0225846,0.0176228,-0.000563142,0.00980167,0.028328,0.0223011,0.0110949,0.0139336,
2.02,0.00966325,0.00186069,0.0232572,0.0126793,0.0161657,0.0300375,0.00935761,0.00653509,0.0203992,0.0201911,0.0246836,0.0161391,0.0153914,0.00432601,0.00621963,0.0078782,0.0377025,-0.00342773,-0.0033302,-0.00414678,-0.00762312,-0.00631009,-0.00413497,0.0068788,0.00316773,0.0409956,0.0331796,-0.00196224,0.00796428,0.00599053,0.0269145,0.00784108,0.0154822,0.00817516,-0.00123781,0.00312727,0.00613258,0.0208384,0.0155166,0.0134421,0.00859382,0.00103693,0.0142204,0.0136143,0.0064245,0.00988095,0.0174222,0.0110452,0.00817919,0.00840899,0.0190481,0.0086974,0.0186487,0.00455853,0.0147534,0.0166368,0.0436703,-0.00275598,-0.00288075,-0.00374071,-0.00597408,-0.00508961,-0.00348452,0.0141383,0.00257435,0.0215027,0.0257381,-0.00175417,0.0251126,0.00123756,0.0291186,0.0148883,0.0212244,0.0176686,-0.000544687,0.00975928,0.0282168,0.0221129,0.0110313,0.0138809,
2.025,0.00964325,0.00184631,0.022916,0.0126805,0.013988,0.0288478,0.00937426,0.00659738,0.0203073,0.0200653,0.0252001,0.0161377,0.0156116,0.00441874,0.0063041,0.0080077,0.0377332,-0.00336215,-0.00325948,-0.00404716,-0.0074352,-0.00616031,-0.00404255,0.00758616,0.00344664,0.0415936,0.0329966,-0.0019199,0.007943,0.00593277,0.0267568,0.00785239,0.0155462,0.00779394,-0.00121032,0.00282692,0.00588959,0.0206793,0.0154814,0.0134095,0.00859183,0.0010165,0.0156133,0.0136193,0.00673399,0.0108361,0.0162247,0.00976344,0.00815016,0.0083966,0.0192608,0.00891792,0.019097,0.00478583,0.0148051,0.0166538,0.0436754,-0.00271932,-0.0028323,-0.0036645,-0.00588144,-0.00500297,-0.00342236,0.0164457,0.00272724,0.0215322,0.0258954,-0.00172091,0.0221354,0.00122108,0.0291459,0.0137871,0.019836,0.0177123,-0.000526751,0.00969112,0.0280865,0.0220942,0.0109642,0.013815,
2.03,0.00962009,0.00183096,0.0225501,0.0126831,0.0121604,0.0274392,0.0094168,0.00666811,0.0201263,0.0198737,0.025676,0.0162011,0.0158417,0.00450811,0.0063881,0.00810743,0.0377559,-0.00329584,-0.00318895,-0.0039486,-0.00724871,-0.00601256,-0.0039509,0.00788964,0.00346613,0.0420426,0.0329661,-0.00187768,0.00791568,0.00589114,0.0266923,0.00788586,0.0156222,0.00749608,-0.00118314,0.00247409,0.00568382,0.021914,0.0154432,0.0133685,0.00859283,0.000996773,0.0169724,0.0136237,0.00667978,0.0116343,0.0148136,0.00855793,0.00810172,0.00838957,0.0194784,0.00910789,0.0195369,0.00498716,0.0148271,0.0166421,0.0436827,-0.00267951,-0.00277996,-0.00358311,-0.00578149,-0.00491057,-0.0033554,0.0182169,0.00269429,0.0215419,0.0260372,-0.00168511,0.0179894,0.00120376,0.0291731,0.0125539,0.0185052,0.0177965,-0.00050874,0.00960331,0.027989,0.0232346,0.0108919,0.0137359,
2.035,0.00958746,0.00181875,0.0223361,0.0126878,0.011202,0.0258954,0.00947429,0.00673885,0.0199212,0.0197564,0.0261411,0.016143,0.0161489,0.00463606,0.00646812,0.00817612,0.0377725,-0.00322953,-0.00311905,-0.00385144,-0.00706287,-0.00586537,-0.00386032,0.00832482,0.00319562,0.0424388,0.0327737,-0.00183557,0.00780994,0.0058703,0.0267438,0.00793179,0.0156969,0.00715079,-0.00115626,0.00228476,0.00551369,0.0212657,0.0154031,0.0133199,0.0085829,0.000972167,0.0182657,0.0136278,0.00676474,0.0121981,0.0133089,0.00748403,0.00805045,0.0083876,0.01971,0.00934655,0.0200286,0.00520773,0.0148245,0.0166041,0.0436909,-0.00263601,-0.00272382,-0.00349626,-0.00567389,-0.00481116,-0.00328395,0.0196922,0.00248508,0.0215373,0.0261449,-0.00164654,0.0145991,0.00118585,0.0292008,0.0112995,0.017293,0.0178293,-0.000490211,0.00951009,0.027907,0.022576,0.0108132,0.0136439,
2.04,0.00955588,0.0018098,0.0221453,0.0126941,0.0101591,0.0241679,0.00953534,0.00679803,0.019718,0.0196939,0.0265731,0.0160524,0.016469,0.00475863,0.00654571,0.00821539,0.0377807,-0.0031627,-0.00304953,-0.00375554,-0.00687878,-0.00571941,-0.00377013,0.00856226,0.00291691,0.0427504,0.03255,-0.00179369,0.00776337,0.0058744,0.0269235,0.00798157,0.0157608,0.00678188,-0.00112953,0.00213081,0.00533656,0.0205135,0.0153617,0.0132666,0.00856802,0.000950347,0.0193689,0.013631,0.00682626,0.01251,0.011876,0.00658535,0.00800274,0.00839032,0.0199482,0.00955666,0.0205142,0.0054089,0.0148041,0.0165501,0.0437005,-0.00258882,-0.0026636,-0.00340437,-0.00555655,-0.00470416,-0.00320756,0.0207803,0.00228212,0.0216826,0.0262908,-0.00160566,0.0111701,0.00116729,0.0292281,0.0101177,0.016241,0.0178814,-0.000470496,0.00942119,0.0279217,0.0218222,0.010727,0.0135387,
2.045,0.00952377,0.00179941,0.0220045,0.012702,0.00958555,0.0223454,0.00959025,0.00683852,0.01955,0.0196773,0.0269852,0.0159565,0.0167113,0.00482033,0.00661852,0.00822755,0.0377824,-0.00309586,-0.00298138,-0.00366143,-0.00669532,-0.00557515,-0.0036814,0.00889304,0.00258914,0.0430227,0.0322791,-0.00175216,0.00760043,0.00590529,0.0272246,0.00802644,0.0158039,0.00645112,-0.0011031,0.00214602,0.00517768,0.0197332,0.0153195,0.0132125,0.0085442,0.000924812,0.0203681,0.0136345,0.00689277,0.0123441,0.0106108,0.00587759,0.00796983,0.00839801,0.0201684,0.00976233,0.0209485,0.00557517,0.0147736,0.0164878,0.0437105,-0.00253773,-0.00259987,-0.00330864,-0.00543124,-0.00458993,-0.00312692,0.0217428,0.00206529,0.0217028,0.0263262,-0.00156235,0.0111949,0.00114827,0.0292557,0.00906698,0.0153849,0.0178763,-0.000449298,0.00935439,0.0278427,0.0210889,0.010632,0.0134211,
2.05,0.00948061,0.00179349,0.0218493,0.0127097,0.00974627,0.0203088,0.0096311,0.00685758,0.0193657,0.0196043,0.0272918,0.0158509,0.0169189,0.00485346,0.00668815,0.00821678,0.0377807,-0.00302893,-0.0029136,-0.00356905,-0.00651283,-0.00543156,-0.0035935,0.00859471,0.00179219,0.0431079,0.0321261,-0.00171132,0.0073356,0.00596093,0.0276109,0.00805922,0.0158197,0.00622493,-0.00107645,0.00203089,0.00508084,0.0199951,0.0152766,0.0131591,0.00850898,0.000897885,0.0210634,0.0136338,0.00682203,0.0114744,0.00954601,0.00535325,0.00792567,0.00840786,0.0203388,0.00987616,0.0212976,0.00566984,0.0147396,0.0164225,0.0437209,-0.00248233,-0.00253224,-0.00320914,-0.00529699,-0.00446937,-0.00304313,0.0220062,0.00151358,0.0216747,0.026307,-0.00151697,0.00781749,0.00112892,0.029283,0.00817896,0.0147422,0.0178715,-0.00042647,0.00928848,0.0278223,0.0211532,0.010528,0.013291,
2.055,0.00944166,0.0017901,0.0216348,0.0127172,0.00944302,0.0180999,0.00965068,0.0068487,0.0191815,0.0195349,0.0275316,0.0157306,0.0171442,0.00490708,0.00675024,0.00819013,0.037775,-0.0029623,-0.00284674,-0.0034788,-0.00633225,-0.00528999,-0.00350687,0.00848114,0.00120927,0.0431138,0.031933,-0.00167106,0.00696299,0.00603537,0.0280298,0.00807508,0.0158067,0.00597987,-0.00104987,0.00193341,0.00497339,0.0196075,0.0152333,0.0131096,0.00846184,0.000876529,0.0215433,0.0136323,0.00714651,0.0102686,0.00869046,0.00499065,0.00786575,0.00841762,0.0204801,0.00995683,0.021634,0.00575521,0.014702,0.0163553,0.0437311,-0.00242398,-0.00246202,-0.00310782,-0.00515527,-0.00434338,-0.00295617,0.0219814,0.00110362,0.0215783,0.0262732,-0.00146973,0.00384177,0.00110906,0.0293099,0.00746614,0.0142996,0.0178223,-0.000402086,0.00921234,0.0277405,0.020755,0.010414,0.0131487,
2.06,0.00941798,0.00178853,0.0214768,0.0127242,0.00975346,0.0161869,0.00964302,0.00681088,0.0189894,0.0194406,0.0277143,0.0156644,0.0172907,0.0049067,0.00680821,0.00815423,0.037767,-0.00289547,-0.00278043,-0.00339068,-0.0061523,-0.00514955,-0.00342176,0.00835173,0.000866662,0.0430717,0.0318822,-0.00163162,0.00651506,0.0061204,0.0284248,0.00806842,0.0157598,0.00587944,-0.00102261,0.00187849,0.0049175,0.0194519,0.0151912,0.0130632,0.00841273,0.000853316,0.0218983,0.0136292,0.00645948,0.00899549,0.00803723,0.00476154,0.00779079,0.00842616,0.0205824,0.0100116,0.0218918,0.00579378,0.0146576,0.0162771,0.0437424,-0.00236278,-0.00238976,-0.00300489,-0.00500737,-0.00421308,-0.00286756,0.0217935,0.000837303,0.0214277,0.0262075,-0.00142112,0.00244524,0.001089,0.0293364,0.00692562,0.0140238,0.0177667,-0.000376219,0.00912343,0.0276466,0.0206058,0.0102897,0.0129946,
2.065,0.00940166,0.00178914,0.0213398,0.0127318,0.00972682,0.0144986,0.00960307,0.00674188,0.0188137,0.0193795,0.0278742,0.0155993,0.0174697,0.00494006,0.00686032,0.0081079,0.0377569,-0.00282853,-0.00271486,-0.00330541,-0.00597459,-0.00501103,-0.00333786,0.00837292,0.000650755,0.0430423,0.0317867,-0.00159298,0.00604366,0.0062066,0.0287527,0.00803494,0.0156784,0.00576609,-0.000994596,0.00185476,0.00486648,0.0190301,0.0151498,0.0130221,0.00836311,0.000829522,0.0221665,0.0136265,0.00681895,0.00781378,0.00757013,0.00464049,0.00770968,0.00843254,0.0206775,0.0100697,0.0221568,0.00584503,0.0145929,0.0161749,0.0437537,-0.00229937,-0.00231676,-0.00290269,-0.00485557,-0.00408144,-0.00277744,0.0216777,0.000646584,0.0213131,0.0261749,-0.00137146,0.00177568,0.00106868,0.0293625,0.00654211,0.013878,0.0177123,-0.000349388,0.00902712,0.0275579,0.0202188,0.010155,0.0128302,
2.07,0.0093885,0.00179107,0.0212621,0.012738,0.0101218,0.0135366,0.0095284,0.00664422,0.0186402,0.0193032,0.0279906,0.0155643,0.0175788,0.00492749,0.00690677,0.00805658,0.0377466,-0.00276097,-0.00264983,-0.00322267,-0.0057988,-0.00487442,-0.00325568,0.00825725,0.000512819,0.0429785,0.0317823,-0.00155503,0.00561483,0.00628555,0.0289861,0.00797351,0.0155616,0.00574056,-0.000965223,0.00183684,0.00484792,0.0189236,0.0151089,0.0129835,0.00831647,0.000812809,0.0223229,0.0136233,0.0066471,0.00681283,0.00726223,0.0046041,0.00762477,0.00843591,0.0207439,0.0101004,0.0223499,0.00585614,0.0144905,0.0160304,0.0437659,-0.00223512,-0.00224339,-0.00280157,-0.00470215,-0.00394911,-0.00268744,0.0214823,0.000505351,0.0212093,0.026133,-0.00132157,0.00145008,0.0010481,0.0293871,0.00629472,0.013831,0.0176661,-0.000322039,0.00892501,0.0274906,0.0201176,0.01001,0.0126571,
2.075,0.0093864,0.00179457,0.0211375,0.0127434,0.00991545,0.0127081,0.00941902,0.00652023,0.0184882,0.0192582,0.028078,0.0155185,0.0177176,0.00494851,0.00694958,0.00800133,0.0377336,-0.00269319,-0.00258591,-0.00314232,-0.00562443,-0.00473994,-0.00317546,0.00820953,0.000420647,0.0429084,0.0317158,-0.0015179,0.00521928,0.00635062,0.0291156,0.00788306,0.0154156,0.00566466,-0.000934642,0.00183194,0.00480878,0.018757,0.0150697,0.0129466,0.0082743,0.000794122,0.0224324,0.0136206,0.00684471,0.00601578,0.00708996,0.00463326,0.00754115,0.00843601,0.0208008,0.0101141,0.0225485,0.00587821,0.0143328,0.015826,0.0437784,-0.00217108,-0.0021715,-0.00270221,-0.00454937,-0.00381916,-0.00259807,0.0213014,0.000395113,0.0211125,0.0261087,-0.0012718,0.00128451,0.00102732,0.0294093,0.00615844,0.0138634,0.0176061,-0.000294838,0.00882039,0.0273931,0.0199816,0.00985554,0.0124778,
2.08,0.00938745,0.00179941,0.0210877,0.0127483,0.010338,0.012426,0.00927734,0.0063784,0.0183279,0.0191688,0.0281357,0.0154956,0.0177509,0.00490005,0.00698733,0.00793901,0.0377182,-0.00262521,-0.00252272,-0.00306523,-0.00545279,-0.00460727,-0.00309665,0.00813109,0.000359587,0.0428328,0.0317287,-0.00148169,0.00489717,0.00639717,0.0291421,0.00776729,0.0152455,0.00566688,-0.000903004,0.00182105,0.0047969,0.0186636,0.0150302,0.0129089,0.00823263,0.000781703,0.0224776,0.0136177,0.00656252,0.00540248,0.00702543,0.00471237,0.00745802,0.00843254,0.0208243,0.0101119,0.0226556,0.00585513,0.0141035,0.0155429,0.0437907,-0.00210851,-0.0021022,-0.00260614,-0.00439952,-0.00369305,-0.00251168,0.0211035,0.000303953,0.0210192,0.0260608,-0.0012226,0.00119061,0.00100641,0.0294272,0.0061138,0.0139523,0.017557,-0.000268749,0.00871487,0.0273237,0.0198839,0.00969222,0.012295,
2.085,0.00938955,0.00180521,0.020925,0.0127512,0.0107237,0.0124851,0.00910931,0.00622553,0.0181582,0.0190629,0.0280485,0.0154477,0.0177866,0.00487043,0.00701942,0.00786952,0.0376997,-0.00255796,-0.00246101,-0.00299112,-0.00528449,-0.00447707,-0.00301974,0.00749836,0.000309434,0.0425464,0.0317471,-0.00144606,0.00460728,0.00642246,0.029071,0.00762987,0.0150614,0.00569897,-0.000870385,0.00180035,0.00479764,0.0186604,0.0149892,0.0128679,0.0081974,0.000766615,0.022366,0.0136116,0.00671592,0.00490304,0.00704726,0.00482765,0.00735839,0.00842334,0.0207845,0.0100024,0.0226942,0.00578455,0.0137914,0.0151722,0.043804,-0.00204858,-0.00203624,-0.00251438,-0.00425568,-0.0035726,-0.00242946,0.0202665,0.0002251,0.0208047,0.0259834,-0.00117445,0.00154511,0.000985309,0.0294408,0.00613992,0.0140827,0.0174512,-0.000244735,0.00858545,0.0271819,0.0198764,0.00952155,0.0121111,
2.09,0.00939692,0.00181138,0.0207699,0.012753,0.0110726,0.0127707,0.00892473,0.00606999,0.0179597,0.0188934,0.027912,0.0154157,0.0177191,0.0047851,0.00704544,0.00779064,0.0376778,-0.00249091,-0.00240048,-0.00291981,-0.00512002,-0.00435002,-0.00294544,0.00732238,0.000377724,0.0422866,0.031767,-0.00141147,0.00438893,0.00642492,0.0289064,0.00747868,0.0148759,0.00571946,-0.00083701,0.00177122,0.00478354,0.0186853,0.0149473,0.0128203,0.00816664,0.000757678,0.0220306,0.0136066,0.00657559,0.00453622,0.0071337,0.00496822,0.00724299,0.00840805,0.0207012,0.00988061,0.0226455,0.00568831,0.0133904,0.0147077,0.0438169,-0.00199265,-0.00197501,-0.00242915,-0.00412127,-0.00345961,-0.00235282,0.0194569,0.000219174,0.0206257,0.0259002,-0.00112814,0.00148588,0.000964076,0.0294474,0.00622056,0.0142434,0.0173607,-0.000223537,0.00843567,0.0270567,0.0199035,0.00934519,0.0119291,
2.095,0.00940534,0.00181839,0.0205529,0.0127529,0.0107842,0.0127149,0.00873464,0.00592456,0.0177541,0.0187195,0.0277753,0.015369,0.0176686,0.00473463,0.00706553,0.00769994,0.037652,-0.00242523,-0.00234198,-0.00285136,-0.00496097,-0.00422646,-0.00287317,0.00727753,0.000358941,0.0420953,0.0317147,-0.0013778,0.00418418,0.00640407,0.0286557,0.0073233,0.0147035,0.00566516,-0.000802956,0.00175123,0.00473241,0.0186667,0.0149025,0.0127647,0.00813935,0.000752455,0.0217268,0.013603,0.00661134,0.00424438,0.00726751,0.00512094,0.00711927,0.00838619,0.0206074,0.00975368,0.0226043,0.00561828,0.012905,0.0141562,0.0438295,-0.00194177,-0.00191951,-0.0023514,-0.0039984,-0.00335703,-0.00228339,0.0189158,0.000162525,0.0204565,0.0258283,-0.00108356,0.00130051,0.000942778,0.0294467,0.00633961,0.0144198,0.0172575,-0.000206268,0.00827358,0.0268878,0.0199035,0.00916478,0.0117513,
2.1,0.00941324,0.00182516,0.0204558,0.0127526,0.010988,0.0128305,0.00855282,0.00579998,0.017529,0.0184989,0.0276956,0.0153613,0.0175221,0.00463584,0.00708205,0.00759789,0.0376215,-0.00236122,-0.0022854,-0.00278577,-0.00480831,-0.00410774,-0.00280326,0.00741705,0.000325635,0.0420374,0.0317215,-0.00134495,0.00399497,0.00636231,0.0283421,0.00717518,0.0145545,0.00566021,-0.000768222,0.00173711,0.00470293,0.0186896,0.014856,0.012697,0.00811752,0.000742357,0.0215236,0.013601,0.00655637,0.00402892,0.00743051,0.00527498,0.00699837,0.00835813,0.0205055,0.00967226,0.0225022,0.00554011,0.0123452,0.013531,0.0438426,-0.00189616,-0.00186986,-0.00228192,-0.00388902,-0.00326599,-0.00222194,0.0187988,9.2983e-05,0.0203281,0.0257456,-0.0010413,0.00115974,0.00092161,0.0294369,0.00648229,0.0145987,0.0171909,-0.000193224,0.00811645,0.0267624,0.0199134,0.00898235,0.0115799,
2.105,0.00942114,0.00183265,0.0203904,0.0127515,0.0111065,0.0129767,0.00839458,0.00570579,0.0172874,0.0182429,0.0276128,0.0153431,0.0173283,0.00453091,0.00709357,0.00748229,0.0375859,-0.00229941,-0.00223149,-0.00272343,-0.0046625,-0.00399487,-0.0027362,0.00738269,0.00032215,0.0419708,0.0317139,-0.00131337,0.00384259,0.00630475,0.0280016,0.00704723,0.0144422,0.00563922,-0.000733413,0.00173112,0.00466135,0.0187035,0.0148061,0.0126165,0.00809718,0.000736786,0.0213606,0.0136004,0.00654714,0.003872,0.0076079,0.00542096,0.00688362,0.00832464,0.0203859,0.00957228,0.0223511,0.00545209,0.0117316,0.012861,0.0438549,-0.00185656,-0.00182595,-0.0022216,-0.00379508,-0.00318829,-0.00216909,0.0187243,4.57101e-05,0.0202233,0.0256668,-0.00100146,0.0018111,0.000900573,0.0294194,0.0066359,0.014767,0.0171212,-0.000184255,0.00796912,0.0266346,0.0199308,0.00879979,0.0114165,
2.11,0.00943324,0.00183978,0.0203957,0.0127508,0.0112917,0.0131841,0.00827613,0.00565534,0.017025,0.0179472,0.0275627,0.015337,0.0170844,0.00441724,0.00709647,0.00735511,0.0375477,-0.00224105,-0.0021807,-0.00266401,-0.00452611,-0.00388875,-0.0026722,0.00747393,0.00030653,0.0419612,0.031713,-0.00128294,0.00370999,0.00623906,0.0276785,0.00695205,0.0143818,0.0056261,-0.000698679,0.00171577,0.00462391,0.0187167,0.0147527,0.0125242,0.00808378,0.000733884,0.0212502,0.0135999,0.0065556,0.00375976,0.00778484,0.00554792,0.00677833,0.00828617,0.0202598,0.00949765,0.0221668,0.00536829,0.0110937,0.0121829,0.0438657,-0.00182327,-0.00178861,-0.00217057,-0.00371577,-0.00312416,-0.00212529,0.0188073,-1.73204e-05,0.020129,0.0255863,-0.000963809,0.00151144,0.000879796,0.0293929,0.00678737,0.0149158,0.0170665,-0.000179289,0.00783731,0.0265207,0.0199426,0.00861888,0.0112628,
2.115,0.00944114,0.00184667,0.0204522,0.01275,0.0113797,0.0133595,0.00821303,0.00565751,0.0167463,0.0176181,0.0275529,0.0153316,0.0167959,0.00429751,0.00709445,0.00722202,0.0375086,-0.00218635,-0.0021335,-0.00260932,-0.00439993,-0.00379051,-0.00261245,0.0076104,0.000298655,0.042005,0.0317062,-0.00125402,0.00366938,0.00617358,0.0274069,0.00690244,0.0143857,0.00559622,-0.000664926,0.00170075,0.00457618,0.0187278,0.0146948,0.0124212,0.00806791,0.000731679,0.0212107,0.0136007,0.00657597,0.00368732,0.00794811,0.00564626,0.00668776,0.00824433,0.0201402,0.00944048,0.0219552,0.00528989,0.010472,0.0115388,0.0438766,-0.00179705,-0.00175795,-0.00212883,-0.00365352,-0.0030736,-0.00209042,0.0190419,-8.24345e-05,0.0201379,0.0255408,-0.00092905,0.00124515,0.000859279,0.0293594,0.00692519,0.0150317,0.0170414,-0.000177659,0.00772896,0.0264639,0.0199557,0.00844164,0.01112,
2.12,0.00944798,0.00185042,0.0205197,0.0127493,0.0113771,0.0134643,0.00821828,0.00572153,0.0164626,0.0172881,0.0275572,0.0153252,0.0165134,0.00419858,0.00708663,0.00708291,0.037468,-0.00213656,-0.00209033,-0.00255887,-0.00428475,-0.00370094,-0.00255772,0.00768465,0.000293362,0.0420465,0.0316892,-0.00122684,0.00365421,0.00611514,0.0272068,0.00690788,0.0144619,0.00556191,-0.000632382,0.00168973,0.00452771,0.0187361,0.0146345,0.012309,0.00805253,0.000728661,0.0212147,0.0136014,0.00659058,0.00364126,0.00808357,0.00570654,0.00661151,0.00819967,0.0200241,0.00939079,0.0217476,0.005224,0.00990781,0.0109731,0.0438851,-0.00177767,-0.00173386,-0.00209591,-0.00360801,-0.00303707,-0.00206466,0.0192863,-5.11797e-05,0.0201153,0.0254902,-0.000898331,0.00108731,0.000839479,0.029322,0.00703792,0.0151047,0.0170093,-0.000178845,0.00764179,0.0263868,0.0199675,0.00826983,0.0109892,
2.125,0.00945745,0.00185586,0.0206372,0.0127496,0.0113733,0.0135606,0.00829936,0.00585411,0.0161864,0.0169679,0.0276063,0.0153324,0.016227,0.00410517,0.00707193,0.00694565,0.0374289,-0.0020918,-0.00205148,-0.00251335,-0.00418201,-0.00362025,-0.00250859,0.00786845,0.000301883,0.042143,0.0316882,-0.00120162,0.00375082,0.00606852,0.0270838,0.00697562,0.0146164,0.00553516,-0.000602028,0.00168515,0.00448687,0.0187494,0.0145733,0.0121925,0.00803814,0.000724947,0.0212814,0.0136029,0.00662057,0.00362298,0.00818083,0.0057239,0.00655571,0.00815388,0.0199346,0.00937601,0.0215496,0.00517494,0.00944389,0.010526,0.0438933,-0.00176587,-0.00171682,-0.00207134,-0.00358071,-0.00301434,-0.00204687,0.0196545,-5.05286e-05,0.0202212,0.0254927,-0.000872233,0.00100009,0.000820266,0.0292826,0.0071166,0.0151264,0.0170251,-0.000182106,0.0075842,0.0263989,0.0199811,0.00810524,0.0108715,
2.13,0.0094643,0.00186166,0.0207092,0.0127506,0.0113323,0.0135632,0.00845697,0.00605209,0.0159248,0.0166795,0.0276331,0.0153227,0.0159784,0.00403839,0.0070505,0.00681117,0.0373935,-0.00205289,-0.00201777,-0.00247301,-0.00409364,-0.00355014,-0.00246493,0.00782513,0.00030937,0.042174,0.0316685,-0.00117848,0.00387074,0.00603674,0.0270362,0.00710726,0.0148461,0.00549923,-0.000574165,0.00167793,0.00444158,0.0187568,0.0145102,0.0120756,0.00802226,0.000719724,0.0213478,0.0136038,0.00662057,0.00361071,0.00823124,0.00569605,0.00651204,0.00810735,0.0198428,0.00933773,0.0213626,0.00512784,0.0091178,0.0102289,0.0439004,-0.00176176,-0.00170663,-0.00205478,-0.0035708,-0.0030054,-0.00203782,0.0198322,-5.48912e-05,0.0202527,0.0254776,-0.000850868,0.000951323,0.000801899,0.0292437,0.0071533,0.015094,0.0170121,-0.000187442,0.00754374,0.026365,0.0199952,0.00794944,0.0107678,
2.135,0.00947377,0.00186686,0.0208127,0.0127517,0.0114702,0.0136614,0.0086832,0.00630536,0.0156894,0.0164301,0.0276767,0.0153347,0.0157615,0.00398447,0.00702461,0.0066789,0.0373589,-0.00201942,-0.00198838,-0.00243805,-0.00401818,-0.00348983,-0.00242793,0.00789117,0.000326797,0.0422263,0.0316887,-0.00115754,0.00409746,0.00602095,0.0270557,0.00729551,0.0151395,0.00550286,-0.000549323,0.00167606,0.00442493,0.01878,0.0144477,0.0119638,0.00800093,0.000712412,0.0214244,0.0136047,0.00662903,0.0036165,0.00823115,0.00562862,0.00648349,0.008061,0.0197773,0.00932909,0.0212004,0.00509592,0.0089493,0.0100981,0.0439066,-0.00176503,-0.00170348,-0.00204603,-0.00357941,-0.00301015,-0.00203618,0.0200021,-6.06864e-05,0.0203944,0.0255152,-0.000834701,0.000931072,0.000784574,0.0292098,0.00714698,0.0150132,0.0170489,-0.000194335,0.00752397,0.0264249,0.0200139,0.00780401,0.010679,
2.14,0.00948114,0.00187109,0.0207957,0.0127534,0.0110895,0.0134544,0.00896194,0.00659363,0.0154931,0.0162498,0.0276903,0.0153112,0.0156263,0.00396989,0.00699293,0.00655519,0.0373272,-0.00199244,-0.00196405,-0.00240828,-0.00395581,-0.00344076,-0.00239692,0.0077965,0.000342482,0.0422171,0.0316435,-0.00113915,0.00437354,0.0060219,0.0271397,0.00752715,0.0154729,0.00544048,-0.000527879,0.00167162,0.00437328,0.0187709,0.0143862,0.0118657,0.00798108,0.00070243,0.0214574,0.0136038,0.00661634,0.00361095,0.00818369,0.00553104,0.00646247,0.00801503,0.0197186,0.00928418,0.0210836,0.00507581,0.00894488,0.010135,0.0439111,-0.0017763,-0.00170709,-0.00204448,-0.00360574,-0.00302768,-0.00204244,0.0199907,-6.75885e-05,0.0205007,0.0255555,-0.000823499,0.000917724,0.000768226,0.0291844,0.00709979,0.0148945,0.0170544,-0.000202785,0.00751269,0.0264401,0.0200248,0.00767041,0.0106061,
2.145,0.00948693,0.0018752,0.0206932,0.0127547,0.0106158,0.0130214,0.00927182,0.00689381,0.0153524,0.0161566,0.0276976,0.0152925,0.0155784,0.00398873,0.00695693,0.00643947,0.0373012,-0.00197089,-0.00194467,-0.00238402,-0.00390779,-0.00340194,-0.00237225,0.00775527,0.000363911,0.0422025,0.0316055,-0.0011233,0.00475399,0.00604057,0.0272965,0.00778464,0.015819,0.00537387,-0.000509908,0.00167207,0.00432512,0.0187693,0.0143298,0.0117852,0.00795627,0.000689895,0.021458,0.0136025,0.00660558,0.00359914,0.0080989,0.00541902,0.00645034,0.00796934,0.01969,0.00924455,0.0210306,0.00507964,0.00909632,0.0103273,0.0439149,-0.00179505,-0.001717,-0.0020498,-0.00365043,-0.00305845,-0.0020558,0.019919,-7.50115e-05,0.0206956,0.025648,-0.000817148,0.000914311,0.00075318,0.0291712,0.00702154,0.0147583,0.0170896,-0.000212865,0.00751018,0.0265139,0.0200395,0.0075501,0.0105502,
2.15,0.00949272,0.0018781,0.0204948,0.0127563,0.0100165,0.0123509,0.00958972,0.00717594,0.0152803,0.0161737,0.0276868,0.0152726,0.0156442,0.00405574,0.0069179,0.00633094,0.0372758,-0.00195541,-0.00192979,-0.00236508,-0.00387365,-0.0033737,-0.00235395,0.00767415,0.000378757,0.0421581,0.0315526,-0.00110988,0.00512909,0.00607932,0.0275377,0.00804888,0.016144,0.00530261,-0.000495712,0.00167851,0.00428291,0.0187668,0.014278,0.0117264,0.00793147,0.000674342,0.021443,0.0135992,0.00658981,0.00357924,0.00799618,0.00531352,0.00644476,0.00792402,0.0196862,0.00920376,0.0210635,0.00511235,0.00938646,0.0106562,0.043919,-0.00182096,-0.00173331,-0.00206131,-0.00371203,-0.00310154,-0.00207618,0.0197701,-8.36066e-05,0.0208338,0.0257352,-0.000815647,0.000917648,0.000739372,0.0291731,0.00692869,0.0146307,0.017109,-0.000224205,0.00751076,0.0265542,0.020055,0.00744459,0.0105121,
2.155,0.00949588,0.00188039,0.0202055,0.0127573,0.00912497,0.011311,0.00989355,0.00741759,0.0152918,0.0163102,0.0276914,0.0152538,0.0158161,0.00416433,0.0068763,0.0062304,0.037255,-0.00194558,-0.0019195,-0.00235152,-0.00385148,-0.00335603,-0.00234149,0.00770488,0.000395926,0.0421446,0.0314792,-0.001099,0.00554011,0.00614111,0.0278803,0.00830085,0.0164229,0.00519754,-0.000485066,0.00169592,0.00423242,0.0187556,0.0142338,0.0116943,0.00789525,0.000654843,0.0214343,0.0135958,0.00658828,0.00356142,0.00789709,0.00523449,0.00645171,0.00787927,0.0197293,0.00918353,0.0211935,0.00518418,0.00979283,0.0110964,0.0439228,-0.00185361,-0.00175517,-0.00207861,-0.00379021,-0.00315605,-0.00210257,0.0197063,-9.36342e-05,0.0210484,0.0258714,-0.000818534,0.00105174,0.000727128,0.0291938,0.00684105,0.0145348,0.0171549,-0.00023673,0.00752023,0.0266354,0.0200687,0.00735483,0.010493,
2.16,0.00949851,0.00188196,0.019845,0.0127582,0.00819788,0.00997647,0.010164,0.00760315,0.0153922,0.0165698,0.0276999,0.0152467,0.0161026,0.00432122,0.00682911,0.00613762,0.0372367,-0.00194098,-0.00191381,-0.00234295,-0.00384271,-0.00334871,-0.00233526,0.00769877,0.000407738,0.0421282,0.0314127,-0.00109102,0.00591687,0.00622868,0.0283317,0.00852442,0.016637,0.00511195,-0.000478119,0.00172087,0.00420495,0.0187477,0.0141971,0.0116898,0.00786052,0.000632791,0.0214288,0.0135926,0.0065852,0.00354267,0.00782711,0.00519879,0.00647306,0.0078348,0.0198133,0.0091847,0.0214217,0.00529145,0.0102871,0.0116232,0.043927,-0.00189216,-0.00178241,-0.00210143,-0.00388334,-0.00322086,-0.00213459,0.019663,-0.000104443,0.0212352,0.0260138,-0.000825693,0.00102633,0.000719963,0.0292367,0.00677978,0.0144911,0.0172028,-0.000250368,0.00753898,0.0267078,0.0200848,0.00728265,0.0104935,
2.165,0.00950114,0.00188209,0.0203165,0.0127637,0.00804224,0.00877219,0.0103855,0.00771921,0.0156347,0.0169825,0.0283157,0.0154821,0.0164764,0.0045099,0.00678132,0.0060526,0.0372228,-0.00194224,-0.00191271,-0.00233943,-0.00384669,-0.00335006,-0.00233456,0.0102696,0.000455373,0.0430701,0.0314295,-0.0010857,0.00623302,0.0063433,0.0288809,0.00870636,0.0167749,0.0051172,-0.000474645,0.00185231,0.00429712,0.0187649,0.0141678,0.0117127,0.00782033,0.000606676,0.0223172,0.0136019,0.00696082,0.00370121,0.00780771,0.00522463,0.00660504,0.00779989,0.0201524,0.00974823,0.0219396,0.00562986,0.0108395,0.0122062,0.0439298,-0.00193556,-0.00181372,-0.00212863,-0.00398865,-0.0032946,-0.00217181,0.0225564,-0.000116554,0.0218133,0.0262822,-0.000836433,0.00102755,0.000721722,0.0293017,0.00676467,0.0145189,0.0175364,-0.000264895,0.0076952,0.0270816,0.0201037,0.0072285,0.0105142,
2.17,0.00950324,0.0018816,0.0198776,0.0127658,0.00731605,0.00745937,0.0105477,0.00776613,0.0158944,0.0174045,0.0283533,0.0153814,0.0168802,0.00469656,0.00672914,0.00597523,0.0372105,-0.0019483,-0.00191583,-0.00234062,-0.00386217,-0.00336177,-0.00233901,0.00828665,0.000447757,0.0429923,0.0313879,-0.00108304,0.0064894,0.00648405,0.0295059,0.00883747,0.0168313,0.00510468,-0.000474419,0.00182421,0.00429744,0.0187759,0.0141474,0.0117611,0.00777568,0.000577543,0.0222518,0.0135911,0.00665363,0.00367529,0.00785812,0.00531894,0.00669714,0.00776612,0.0202824,0.00972867,0.022219,0.00569316,0.0114184,0.0128173,0.043933,-0.00198254,-0.00184883,-0.00216007,-0.00410453,-0.00337626,-0.00221276,0.0218092,-0.000129642,0.0218494,0.0263797,-0.000850753,0.00101898,0.000736246,0.0293898,0.00680981,0.0146289,0.0175307,-0.000279644,0.00779435,0.027113,0.0201277,0.00719359,0.0105549,
2.175,0.00950219,0.00187991,0.0206042,0.0127733,0.00741417,0.00636692,0.010644,0.00774317,0.016286,0.0179682,0.0291576,0.0157182,0.0173843,0.00493557,0.00667676,0.00590932,0.037203,-0.00195939,-0.00192299,-0.0023464,-0.00388897,-0.00338135,-0.0023488,0.0122596,0.000471058,0.0442862,0.0314184,-0.00108304,0.00661672,0.00664796,0.0301725,0.00891241,0.0168089,0.0051606,-0.000477288,0.00198486,0.0044593,0.0187814,0.014135,0.0118337,0.00772755,0.000545509,0.0233802,0.0136021,0.00715036,0.00388288,0.00798951,0.00549013,0.00690352,0.00774613,0.0207252,0.0105958,0.022911,0.00614205,0.0119992,0.0134292,0.0439367,-0.00203204,-0.00188635,-0.00219474,-0.00422854,-0.00346368,-0.00225681,0.0247903,-0.000143707,0.0224959,0.0266833,-0.000867844,0.00101678,0.000766076,0.0294985,0.00692331,0.0148268,0.0179905,-0.000294542,0.00803999,0.0276054,0.020137,0.00717828,0.0106145,
2.18,0.00950009,0.00187713,0.0199553,0.0127745,0.00688549,0.00541197,0.0106731,0.00766147,0.0166457,0.018471,0.0290829,0.0155469,0.0178493,0.00512357,0.00662067,0.00585858,0.0371995,-0.00197455,-0.00193365,-0.00235604,-0.00392598,-0.00340835,-0.00236278,0.00904229,0.00044156,0.0439791,0.0314011,-0.00108558,0.00670344,0.00682916,0.0308374,0.00893081,0.0167178,0.00520844,-0.000482951,0.00191143,0.00448263,0.0187962,0.0141303,0.0119245,0.00767695,0.000510457,0.0230518,0.013582,0.00662941,0.00378545,0.00820197,0.00573321,0.00702134,0.00772587,0.0208651,0.0104571,0.0232198,0.00616224,0.0125503,0.0140126,0.0439392,-0.00208281,-0.00192563,-0.00223197,-0.0043584,-0.00355439,-0.00230295,0.0230301,-0.000158748,0.0223747,0.0267382,-0.000887245,0.00128853,0.000811212,0.0296279,0.00710747,0.0151089,0.0179343,-0.00030892,0.00816239,0.0275941,0.0201561,0.00718258,0.0106919,
2.185,0.00949219,0.0018764,0.0225823,0.0127765,0.00731605,0.0120528,0.010639,0.00753343,0.0171625,0.0191416,0.0291632,0.0165422,0.0181438,0.00517129,0.00656748,0.00581828,0.0371999,-0.00199359,-0.00194724,-0.00236867,-0.00397096,-0.00344211,-0.00238064,0.00903943,0.000618933,0.04384,0.0350059,-0.00109021,0.00672872,0.00701967,0.0314528,0.00889593,0.0165728,0.00591376,-0.00049088,0.00222171,0.00480974,0.0421981,0.0141328,0.0120274,0.00762932,0.000472852,0.0229092,0.0135705,0.00668055,0.0191978,0.00849194,0.00604323,0.00731052,0.00771423,0.0210913,0.0108505,0.0235088,0.00621849,0.0130503,0.0145427,0.0439409,-0.00213421,-0.00196574,-0.00227102,-0.00449151,-0.00364668,-0.00235035,0.0217383,-0.000174506,0.0225637,0.0272307,-0.00090884,0.00967053,0.000868202,0.0297724,0.00735657,0.0154648,0.0185411,-0.000322484,0.00838935,0.0279664,0.0384554,0.00720624,0.0107847,
2.19,0.0094864,0.00187266,0.0223685,0.0127719,0.00682882,0.011839,0.0105512,0.00737601,0.0176014,0.0196796,0.0285924,0.0163338,0.0186404,0.00537948,0.00651227,0.00579905,0.0372062,-0.00201503,-0.00196359,-0.00238435,-0.00402217,-0.00348004,-0.00240117,0.00575573,0.0005682,0.0424871,0.03301,-0.00109669,0.00667325,0.00720921,0.0319735,0.00881723,0.0163912,0.00596978,-0.000500847,0.00211173,0.00484993,0.0272593,0.0141397,0.0121392,0.00757772,0.000433158,0.0219137,0.013544,0.00610271,0.0181075,0.00884783,0.00640666,0.00748479,0.00769735,0.0211214,0.0105409,0.0237391,0.00613352,0.0134761,0.014992,0.043943,-0.00218519,-0.0020053,-0.0023106,-0.00462397,-0.00373852,-0.00239738,0.0176802,-0.000190524,0.0221679,0.0272739,-0.000931475,0.00616862,0.000930598,0.0299298,0.00766216,0.0158832,0.0184447,-0.000334639,0.00846994,0.0278509,0.0272472,0.00724792,0.01089,
2.195,0.00947956,0.00186782,0.0228741,0.0127748,0.0102872,0.0124931,0.0104257,0.00720907,0.0180479,0.0201945,0.030511,0.0164158,0.0191232,0.00556345,0.00646104,0.00579604,0.0372175,-0.00203846,-0.00198113,-0.0024017,-0.004078,-0.00352257,-0.00242412,0.0124953,0.000535346,0.0466508,0.0328893,-0.0011049,0.00654774,0.00738638,0.032365,0.0087068,0.0161959,0.0061992,-0.000512475,0.00215872,0.00516208,0.0203793,0.0141501,0.0122535,0.00752413,0.000391142,0.0225771,0.0135474,0.00675398,0.0182966,0.00925638,0.00680898,0.00768113,0.00768909,0.021555,0.0117954,0.0243833,0.00656926,0.0138128,0.0153419,0.0439435,-0.00223512,-0.00204384,-0.00235046,-0.00475432,-0.00382764,-0.00244333,0.0236042,-0.000206803,0.0228506,0.027415,-0.000955033,0.00288097,0.000990519,0.0300939,0.00801221,0.0163417,0.0188696,-0.000345016,0.00863119,0.0285217,0.021348,0.00730644,0.0110044,
2.2,0.00946851,0.00186504,0.021954,0.0127714,0.00888178,0.0115612,0.0102801,0.00705021,0.0185057,0.02072,0.0282148,0.0159864,0.019509,0.00567234,0.00641102,0.00581897,0.0372354,-0.00206335,-0.00199996,-0.00242031,-0.00413719,-0.00356624,-0.00244789,0.00897492,0.000462925,0.0422252,0.0321849,-0.00111393,0.00621265,0.00753998,0.0326041,0.00858051,0.01601,0.00607747,-0.000525387,0.00244238,0.0051502,0.0190804,0.0141639,0.0123643,0.00747402,0.000347501,0.0219743,0.0135229,0.0066744,0.0170346,0.00970234,0.00723144,0.00779289,0.0076783,0.0216542,0.011211,0.0246504,0.00654321,0.0140452,0.0155783,0.0439434,-0.00228167,-0.00208015,-0.0023889,-0.00487832,-0.00391201,-0.00248712,0.0210323,-0.00022269,0.0225547,0.0272656,-0.000978591,0.0205743,0.00104093,0.0302598,0.00839333,0.0168219,0.0186566,-0.00035302,0.0086987,0.0283722,0.0203658,0.00737943,0.0111245,
2.205,0.00945956,0.00185985,0.0225148,0.0127756,0.0124023,0.0129289,0.0101319,0.00691337,0.0189212,0.0211297,0.0353814,0.0163872,0.0198409,0.00572394,0.00636403,0.00586171,0.0372618,-0.00208835,-0.00201897,-0.00243905,-0.00419573,-0.00361069,-0.0024723,0.0120899,0.00044666,0.050457,0.0325193,-0.00112353,0.00587996,0.00765994,0.0326829,0.00845282,0.0158487,0.0065131,-0.000539205,0.00244476,0.00549417,0.0190942,0.0141767,0.0124663,0.0074254,0.000312101,0.0227111,0.0135244,0.00688393,0.0150739,0.0101688,0.00765877,0.00792988,0.00767708,0.0219915,0.0127066,0.0251366,0.00681245,0.0141683,0.0156966,0.043942,-0.00232465,-0.00211434,-0.00242525,-0.00499242,-0.00398892,-0.00252744,0.0235463,-0.000303432,0.0229588,0.0273939,-0.00100192,0.0114177,0.0010776,0.0304231,0.0087916,0.0173006,0.0191636,-0.000358653,0.008849,0.0290768,0.0202672,0.00746489,0.0112462,
2.21,0.00944798,0.00185404,0.0216405,0.0127733,0.0103371,0.0122045,0.00999447,0.0068046,0.0193054,0.0214895,0.0279964,0.0160425,0.0200515,0.00570651,0.00632352,0.00593538,0.037294,-0.00211355,-0.0020378,-0.00245792,-0.00425444,-0.00365424,-0.00249639,0.00828397,0.000369333,0.0410802,0.0321218,-0.00113336,0.00547038,0.00773902,0.0326054,0.00833441,0.0157198,0.00636816,-0.000553627,0.00261457,0.00542003,0.0189387,0.0141888,0.0125561,0.00737727,0.000271594,0.022141,0.0134976,0.0064468,0.0127822,0.0106399,0.00807227,0.00798632,0.00767417,0.0220272,0.0116072,0.0252565,0.0066781,0.0141858,0.0157014,0.0439387,-0.00236288,-0.00214482,-0.00245864,-0.00509432,-0.00405746,-0.00256307,0.0209291,-0.000297832,0.0225396,0.0271981,-0.00102409,0.0206583,0.00109948,0.0305805,0.00919336,0.0177576,0.018905,-0.000361247,0.00889937,0.0288466,0.0202658,0.00755959,0.0113658,
2.215,0.00943693,0.0018509,0.0224924,0.0127784,0.0139677,0.0142702,0.00987495,0.00672492,0.0196038,0.0216727,0.0364328,0.016432,0.0201671,0.00561468,0.00628583,0.00603233,0.0373351,-0.0021373,-0.00205543,-0.0024756,-0.00430947,-0.00369576,-0.0025194,0.0122096,0.000373658,0.0503219,0.0325273,-0.00114308,0.00525181,0.00777313,0.0323823,0.00823152,0.0156232,0.00684678,-0.000568351,0.00252573,0.00576156,0.0191344,0.0141988,0.0126299,0.00733758,0.00022865,0.0228546,0.0134972,0.00684702,0.0108923,0.0111017,0.00845501,0.00807293,0.0076813,0.0223064,0.014306,0.0255783,0.00686965,0.0141083,0.0156061,0.0439335,-0.0023948,-0.00217131,-0.00248826,-0.00518176,-0.00411503,-0.00259351,0.0235205,-0.00037076,0.0230096,0.0273103,-0.00104418,0.01509,0.00110841,0.0307278,0.00958515,0.0181766,0.0194452,-0.00036058,0.00902455,0.0296608,0.0202884,0.00766067,0.0114791,
2.22,0.00942377,0.00184607,0.0217347,0.012778,0.0114321,0.0136682,0.00977323,0.00666357,0.0198969,0.021884,0.0133836,0.0160675,0.0202112,0.00553316,0.00625732,0.00615801,0.037384,-0.00215978,-0.00207224,-0.00249168,-0.00436052,-0.00373436,-0.00254075,0.0084798,0.000300462,0.040735,0.0321748,-0.00115222,0.00492147,0.00776185,0.0320358,0.00814379,0.0155492,0.00663846,-0.000583075,0.00280365,0.00562018,0.0189816,0.0142057,0.0126859,0.00729888,0.000194642,0.0222607,0.0134696,0.00634991,0.00914846,0.0115401,0.00879288,0.00809832,0.00768778,0.0222704,0.00377132,0.0255361,0.00665666,0.0139537,0.0154323,0.043927,-0.00242018,-0.00219318,-0.00251331,-0.0052523,-0.00416095,-0.00261813,0.0209383,-0.000350054,0.0225719,0.0270641,-0.00106151,0.0230019,0.00110737,0.0308646,0.00995534,0.0185419,0.0191331,-0.000356726,0.00906236,0.0293188,0.0203009,0.00776486,0.0115828,
2.225,0.00941535,0.00184111,0.0225229,0.012783,0.0147412,0.0157038,0.00968245,0.00661088,0.0200772,0.0218772,0.0311113,0.0163992,0.0201475,0.00537006,0.00623548,0.00630627,0.0374411,-0.00217976,-0.00208739,-0.00250637,-0.00440615,-0.00376857,-0.00255988,0.0113522,0.000315824,0.0492379,0.0325966,-0.00116066,0.00491218,0.00770908,0.0315958,0.00806588,0.0154841,0.00709467,-0.000597573,0.00265118,0.00591865,0.0191922,0.014208,0.0127212,0.0072711,0.000157269,0.0227444,0.0134645,0.00683471,0.00778578,0.0119417,0.00907144,0.00814272,0.00770298,0.0224519,0.0139687,0.0256728,0.00674727,0.0137488,0.0152081,0.0439183,-0.0024382,-0.00220985,-0.00253323,-0.00530382,-0.0041942,-0.00263566,0.0226467,-0.000390164,0.0229693,0.0271689,-0.00107594,0.0180744,0.00110007,0.0309885,0.0102907,0.0188399,0.0196112,-0.000349314,0.00914779,0.0302028,0.0203285,0.00786898,0.0116736,
2.23,0.00940798,0.00183688,0.0217421,0.0127813,0.0119671,0.0150302,0.00959345,0.00655242,0.020306,0.0220183,0.0104439,0.0160027,0.0200688,0.00527688,0.00622166,0.00647862,0.0375042,-0.00219723,-0.00210025,-0.00251847,-0.00444459,-0.00379749,-0.00257628,0.00772797,0.000245727,0.0405951,0.0322286,-0.00116795,0.00472818,0.00762364,0.0311102,0.00798963,0.0154122,0.00681196,-0.000611467,0.00305577,0.00570843,0.0190219,0.0142057,0.0127357,0.0072458,0.000118619,0.0220498,0.0134365,0.00639528,0.00655548,0.0122932,0.00927639,0.00814862,0.0077178,0.0223295,0.0037589,0.0254744,0.0064731,0.0135286,0.0149713,0.0439086,-0.00244831,-0.00222069,-0.00254825,-0.00533584,-0.00421388,-0.00264674,0.0198295,-0.000360407,0.0225287,0.0268972,-0.0010868,0.0262583,0.00108945,0.0311011,0.0105804,0.0190593,0.0192319,-0.000338493,0.00916673,0.0297152,0.0203366,0.00797,0.0117498,
2.235,0.00939798,0.00183313,0.0223461,0.0127859,0.0144418,0.0164123,0.00949787,0.00648118,0.0204132,0.0219257,0.028336,0.0162946,0.0199348,0.00513591,0.00621438,0.00666974,0.0375733,-0.00221145,-0.00211044,-0.00252804,-0.00447474,-0.00382045,-0.0025895,0.0108132,0.000258249,0.048412,0.03254,-0.00117397,0.00479965,0.00752015,0.0306507,0.00790786,0.0153235,0.00714272,-0.000624303,0.00284677,0.00593074,0.0192034,0.0141977,0.0127298,0.0072329,9.14599e-05,0.0223936,0.0134297,0.00675898,0.00574893,0.0125831,0.00940251,0.00816803,0.00773975,0.0224538,0.0132242,0.0255412,0.00656167,0.0133342,0.0147665,0.0438952,-0.00245041,-0.00222579,-0.0025576,-0.0053464,-0.00421908,-0.00265085,0.0216622,-0.000360407,0.0228,0.0269945,-0.00109442,0.0211136,0.00107884,0.0312028,0.0108143,0.0191923,0.0196302,-0.000324263,0.00921749,0.0305538,0.0203614,0.00806526,0.0118095,
2.24,0.00939534,0.00182757,0.0214981,0.0127841,0.01168,0.0154747,0.00939099,0.00639579,0.0205242,0.0219263,0.00919161,0.0158934,0.0198254,0.00507347,0.00621815,0.00687442,0.0376448,-0.00222191,-0.00211825,-0.00253442,-0.00449644,-0.00383699,-0.0025991,0.00741361,0.000188281,0.0405105,0.0321399,-0.00117871,0.00466101,0.00741755,0.030302,0.00781803,0.01522,0.00678107,-0.000636082,0.00298796,0.00566621,0.0190435,0.0141831,0.012703,0.00722347,6.40683e-05,0.0216338,0.0134032,0.00634799,0.00499561,0.0128036,0.00944633,0.00813188,0.00775908,0.0222655,0.00370803,0.0252813,0.00629322,0.0132072,0.0146431,0.0438817,-0.0024443,-0.00222523,-0.00256157,-0.00533616,-0.00421071,-0.0026475,0.0189066,-0.000327003,0.0222647,0.0267247,-0.00109892,0.0237014,0.0010705,0.0312959,0.0109855,0.0192381,0.0191928,-0.000306919,0.00917864,0.0299679,0.0203707,0.0081523,0.0118527,
2.245,0.00939324,0.0018254,0.0198475,0.0127773,0.00875574,0.0133148,0.00927538,0.00630175,0.0204886,0.0217358,0.0193369,0.0153268,0.0196872,0.00500048,0.00622921,0.00708558,0.0377198,-0.00222839,-0.00212266,-0.00253754,-0.00450792,-0.00384644,-0.00260489,0.00419748,0.00010024,0.0381499,0.0315556,-0.00118172,0.00438705,0.00733553,0.0301361,0.00772031,0.0151054,0.00614368,-0.000646276,0.00267465,0.00521183,0.0190041,0.0141629,0.0126565,0.00722694,2.73915e-05,0.0203083,0.013373,0.00603004,0.00430386,0.01295,0.0094164,0.00796562,0.00776631,0.0217757,0.00553577,0.024877,0.00593243,0.0131897,0.0146406,0.0438664,-0.00242998,-0.00221893,-0.0025605,-0.00530431,-0.00418752,-0.00263744,0.0130757,-0.000297507,0.0210849,0.0263633,-0.00110031,0.0200093,0.00106646,0.031382,0.0110914,0.0192031,0.0181273,-0.000286685,0.00895677,0.0283557,0.0203859,0.00822966,0.0118799,
2.25,0.00939324,0.00182407,0.0183593,0.0127685,0.00852439,0.0118581,0.00915942,0.00621434,0.0203842,0.021552,0.0204322,0.0152352,0.0197059,0.00502217,0.0062493,0.00729859,0.0377945,-0.0022309,-0.00212376,-0.00253741,-0.00450952,-0.00384835,-0.00260622,0.00428051,4.58923e-05,0.0384231,0.031619,-0.00118287,0.00427588,0.0072896,0.0301907,0.00762356,0.0149997,0.00606203,-0.000654355,0.00245056,0.00509261,0.0190576,0.0141365,0.0125932,0.00723389,-3.24984e-06,0.0189614,0.0133482,0.00594508,0.0037505,0.0130233,0.00932466,0.00771097,0.00775974,0.0214064,0.00175714,0.0246842,0.00577399,0.0133134,0.0147905,0.0438498,-0.00240807,-0.00220707,-0.0025541,-0.00525197,-0.00415111,-0.00262085,0.00875551,-0.000262801,0.0209022,0.0263398,-0.00109915,0.0157371,0.00106855,0.0314658,0.0111338,0.0191003,0.0180048,-0.000263931,0.00861527,0.0285985,0.0204061,0.00829615,0.0118922,
2.255,0.00939482,0.00182383,0.0167418,0.0127578,0.00748945,0.0101879,0.00905645,0.00614419,0.0203492,0.0215788,0.0212056,0.0150754,0.0197934,0.00509366,0.00627606,0.00750372,0.0378664,-0.00222839,-0.00212137,-0.00253316,-0.00450074,-0.00384194,-0.00260298,0.0037331,-2.61412e-05,0.0377452,0.0314348,-0.0011823,0.00404471,0.00728795,0.030451,0.00753775,0.0149179,0.00580677,-0.000660245,0.00258427,0.00489735,0.0190306,0.0141044,0.0125137,0.00725324,-2.6463e-05,0.0175634,0.0133249,0.00658097,0.00330244,0.0130284,0.00918805,0.00743497,0.00773807,0.0210831,0.00458702,0.0245662,0.00565889,0.0135908,0.015105,0.0438336,-0.00237868,-0.00218956,-0.00254266,-0.00517949,-0.00410179,-0.00259763,0.00574232,-0.000226727,0.0204793,0.0262232,-0.00109523,0.018495,0.00107812,0.0315468,0.0111193,0.018947,0.0175324,-0.000239621,0.00823003,0.0278394,0.0204174,0.00835124,0.0118918,
2.26,0.00939692,0.00182443,0.0156973,0.0127472,0.00823933,0.0094578,0.0089816,0.00610947,0.020364,0.0216885,0.0218541,0.0151638,0.0200031,0.00522244,0.00630909,0.00769762,0.0379348,-0.00222191,-0.00211549,-0.00252525,-0.0044816,-0.00382765,-0.00259529,0.00448817,-5.34442e-05,0.0384414,0.0315636,-0.00117964,0.00407384,0.0073304,0.0308646,0.00747509,0.0148763,0.00588176,-0.000663718,0.00256957,0.00493553,0.0190812,0.0140676,0.0124236,0.00727606,-5.24617e-05,0.0165199,0.0133089,0.00529342,0.00299441,0.0129738,0.00902255,0.00719771,0.00770354,0.0210081,0.00161872,0.0246421,0.00569535,0.0140187,0.0155734,0.0438184,-0.00234171,-0.00216705,-0.0025263,-0.00508798,-0.00403925,-0.0025682,0.00659208,-0.000118703,0.0207573,0.026378,-0.00108865,0.017322,0.00109616,0.0316302,0.0110558,0.0187594,0.0176376,-0.000214125,0.00788731,0.0279711,0.0204338,0.00839483,0.0118812,
2.265,0.00940587,0.00182564,0.0144987,0.0127367,0.00742263,0.00828624,0.00894752,0.00611756,0.0204769,0.0219457,0.022148,0.0151114,0.0202575,0.00537717,0.00634785,0.00787195,0.0379958,-0.00221061,-0.00210594,-0.00251342,-0.00445113,-0.00380525,-0.0025827,0.00385984,-0.000106308,0.0379828,0.03146,-0.00117501,0.00394546,0.00741099,0.0313627,0.0074467,0.014886,0.00578567,-0.000664473,0.0027114,0.0048808,0.019053,0.0140279,0.0123246,0.00731079,-6.66218e-05,0.0154276,0.0132931,0.00584281,0.00274724,0.0128705,0.00884288,0.00701624,0.00765653,0.0209016,0.00503403,0.024745,0.00571585,0.0145736,0.0161669,0.0438025,-0.002298,-0.00213907,-0.00250435,-0.00497795,-0.00396483,-0.00253244,0.00546268,9.3569e-05,0.020645,0.0263898,-0.00107952,0.0185919,0.00112287,0.0317151,0.0109529,0.0185516,0.017425,-0.000188776,0.00760205,0.0274947,0.0204458,0.0084274,0.0118631,
2.27,0.00941166,0.00182806,0.0133238,0.0127253,0.00674423,0.00696824,0.00896211,0.00617263,0.0206463,0.0222389,0.0221976,0.0150614,0.0204736,0.00548134,0.00639248,0.00801882,0.0380485,-0.00219492,-0.0020929,-0.00249793,-0.00441077,-0.00377509,-0.00256567,0.00361705,-0.00010876,0.0373865,0.0313731,-0.0011683,0.00368018,0.00751906,0.0318743,0.00745809,0.0149528,0.0056912,-0.000662359,0.00283659,0.00482055,0.0190604,0.0139844,0.0122221,0.00734552,-6.74342e-05,0.0143707,0.0132788,0.00582513,0.00255191,0.0127287,0.00865794,0.00688734,0.00759808,0.0207934,0.00167882,0.0248293,0.00572242,0.015219,0.0168388,0.0437903,-0.00224755,-0.00210619,-0.00247783,-0.00485167,-0.00387899,-0.00249086,0.00415497,0.000340807,0.0204784,0.0263742,-0.00106797,0.0195618,0.0011566,0.0318024,0.010821,0.0183367,0.0171947,-0.00016454,0.00737567,0.0268648,0.0204652,0.00845024,0.0118406,
2.275,0.00942271,0.00183108,0.0124184,0.0127145,0.00656364,0.00589981,0.00902833,0.00627382,0.0208111,0.022524,0.0222885,0.015101,0.0208317,0.00568213,0.00644014,0.00813569,0.0380913,-0.00217474,-0.002076,-0.00247813,-0.00436036,-0.00373661,-0.00254406,0.00374379,-0.000107276,0.0373975,0.031389,-0.00115939,0.003349,0.00764141,0.0323343,0.0075126,0.0150746,0.00572138,-0.000657376,0.00270108,0.00486436,0.0190671,0.0139387,0.012121,0.00739216,-5.40867e-05,0.0135123,0.0132675,0.00582551,0.00241027,0.0125596,0.00847543,0.00677801,0.0075279,0.0207688,0.00554626,0.0250667,0.00582414,0.0159131,0.0175331,0.0437789,-0.00219109,-0.0020683,-0.00244531,-0.00470913,-0.00378172,-0.00244333,0.00389737,0.000392117,0.0203533,0.0264643,-0.00105331,0.0177419,0.00119412,0.0318897,0.0106688,0.0181222,0.0171552,-0.000142305,0.00717274,0.0266188,0.0204721,0.00846428,0.0118153,
2.28,0.00943482,0.0018347,0.0116409,0.0127045,0.00640038,0.0050162,0.00914384,0.00641644,0.0209709,0.0227701,0.0222795,0.0150826,0.0210584,0.00575572,0.0064876,0.00821898,0.0381242,-0.00214995,-0.00205571,-0.0024546,-0.00429942,-0.00369036,-0.00251774,0.00362411,-0.000104113,0.0372491,0.0313623,-0.00114829,0.00300568,0.00776301,0.0326886,0.00760778,0.0152422,0.00568605,-0.000649598,0.00267581,0.00484665,0.0190712,0.0138933,0.0120276,0.00743681,-2.61148e-05,0.012802,0.0132576,0.00581321,0.00230311,0.0123714,0.00829604,0.00668914,0.00744703,0.0207151,0.00174715,0.0251979,0.00584894,0.0166022,0.0181992,0.0437706,-0.00212916,-0.00202568,-0.00240727,-0.00455262,-0.00367428,-0.00238959,0.00349435,0.000474292,0.0202622,0.0264839,-0.00103564,0.0172719,0.00123085,0.0319774,0.0105029,0.0179118,0.0170546,-0.00012296,0.00699873,0.0262749,0.020483,0.0084708,0.0117892,
2.285,0.00944377,0.00183893,0.0109955,0.0126952,0.0063234,0.004328,0.00930217,0.00659146,0.0211867,0.0231029,0.0222947,0.0151165,0.0214022,0.00592316,0.006536,0.00826786,0.0381458,-0.00212129,-0.00203155,-0.00242682,-0.00422987,-0.00363691,-0.0024866,0.00360732,-9.94657e-05,0.0372142,0.0313848,-0.00113487,0.00268032,0.00786855,0.0328965,0.00773898,0.0154461,0.00572996,-0.000638952,0.00278244,0.0049001,0.0190787,0.0138492,0.0119448,0.0074894,1.67135e-05,0.0121893,0.0132497,0.00628801,0.00223253,0.0121677,0.0081188,0.00664741,0.00735771,0.0207377,0.00549741,0.0254396,0.00594096,0.0172381,0.0187921,0.0437654,-0.00206216,-0.0019788,-0.00236419,-0.00438376,-0.00355744,-0.00233098,0.00324505,0.000585116,0.0203758,0.0265859,-0.00101462,0.0182809,0.0012616,0.03206,0.0103261,0.0177014,0.0170572,-0.000106655,0.00688535,0.0261318,0.020494,0.00847054,0.0117626,
2.29,0.0094543,0.00184377,0.0115959,0.0126893,0.00648581,0.00423218,0.00949396,0.00678598,0.0214325,0.0234126,0.0232414,0.0152311,0.021592,0.00594477,0.00658602,0.00828442,0.0381571,-0.00208845,-0.00200446,-0.00239492,-0.00415075,-0.00357546,-0.00245088,0.00575554,-9.44311e-05,0.0392538,0.0314768,-0.00111913,0.00251715,0.00794367,0.032932,0.00789814,0.0156746,0.00571754,-0.000625436,0.00292923,0.00492312,0.0194765,0.0138071,0.0118794,0.00753902,7.28893e-05,0.0126677,0.0132512,0.00624226,0.00304486,0.011949,0.00793809,0.00670499,0.00726839,0.0208574,0.00173481,0.0256558,0.00606443,0.0177769,0.0192809,0.0437631,-0.00199107,-0.00192767,-0.00231478,-0.00420384,-0.00343156,-0.00226687,0.00953211,0.000684806,0.0207871,0.0267117,-0.000990024,0.0193352,0.00128192,0.032136,0.0101374,0.017484,0.017223,-9.28688e-05,0.00690893,0.0262455,0.0207525,0.00846479,0.0117351,
2.295,0.00946693,0.00184897,0.0113766,0.0126836,0.00617115,0.00392092,0.00970799,0.00698901,0.0216787,0.0236944,0.0232547,0.0151954,0.02179,0.00598658,0.0066326,0.00826867,0.0381594,-0.00205195,-0.00197351,-0.00235923,-0.00406301,-0.00350761,-0.00241084,0.00449046,-8.88801e-05,0.0387736,0.0314337,-0.00110097,0.00234953,0.007976,0.0327808,0.00807508,0.0159135,0.0057128,-0.000609277,0.0030051,0.00492312,0.019213,0.0137691,0.0118348,0.00759359,0.00014044,0.0124686,0.0132477,0.0052915,0.00320709,0.0117099,0.00774107,0.00678327,0.00717823,0.0208884,0.00503772,0.0257933,0.00608164,0.0181904,0.0196382,0.043764,-0.00191639,-0.00187171,-0.00225964,-0.00401498,-0.0032972,-0.00219738,0.00818322,0.000755585,0.0208489,0.0267414,-0.000960922,0.0201695,0.00128895,0.0322022,0.00993298,0.0172493,0.0171847,-8.13066e-05,0.00696697,0.026106,0.0205809,0.00845353,0.0117056,
2.3,0.00947482,0.00185429,0.0110473,0.0126782,0.00604765,0.00377024,0.00993146,0.00718727,0.0218728,0.0238517,0.0229673,0.0151045,0.0218091,0.00588383,0.00667683,0.00822847,0.038154,-0.00201168,-0.00193952,-0.00231916,-0.00396841,-0.00343232,-0.00236653,0.00373081,-8.29418e-05,0.0377181,0.0314277,-0.00108015,0.0022342,0.00795707,0.0324391,0.00826053,0.0161444,0.0056371,-0.000590551,0.00301896,0.00484707,0.0194252,0.013738,0.0118143,0.00764767,0.000215186,0.0120122,0.0132425,0.00585358,0.00363201,0.0114419,0.00751702,0.0068495,0.00708685,0.0208108,0.00166396,0.0257571,0.00598955,0.0184562,0.0198444,0.0437677,-0.00183718,-0.00181094,-0.00219865,-0.00381897,-0.00315651,-0.00212333,0.00568596,0.000798169,0.020736,0.0266859,-0.000927433,0.0206411,0.00128166,0.0322564,0.0097047,0.0169826,0.0170492,-7.11525e-05,0.00701349,0.0258447,0.0207313,0.00843696,0.0116722,
2.305,0.00948535,0.00185972,0.0116332,0.0126764,0.00620456,0.00357153,0.0101505,0.00736642,0.0220259,0.0239418,0.0239867,0.0152316,0.0218854,0.00586281,0.00671883,0.00816732,0.0381414,-0.00196828,-0.00190196,-0.00227496,-0.00386584,-0.0033513,-0.0023181,0.00616056,-7.71327e-05,0.0402416,0.0314015,-0.00105643,0.00213133,0.00788209,0.0319137,0.00844195,0.0163542,0.005615,-0.000569408,0.00296114,0.00485248,0.0192283,0.013712,0.0118209,0.00769431,0.000292022,0.0126902,0.0132481,0.00610117,0.00381044,0.0111364,0.00725929,0.00693869,0.00699969,0.0208929,0.00725631,0.0259031,0.00609925,0.0185621,0.019888,0.0437744,-0.00175355,-0.00174498,-0.00213119,-0.00361614,-0.00300948,-0.00204441,0.0108384,0.000791658,0.0209643,0.0267563,-0.000889324,0.0197639,0.00126075,0.0322961,0.00944443,0.016675,0.0172245,-6.22584e-05,0.00710542,0.0259882,0.0206043,0.00841469,0.0116329,
2.31,0.00949482,0.00186541,0.0113991,0.0126739,0.00610051,0.00330077,0.0103505,0.00751279,0.0220792,0.023859,0.0237486,0.0151251,0.0217547,0.00568909,0.00675867,0.0080904,0.0381258,-0.00192194,-0.00186091,-0.00222718,-0.00375592,-0.00326386,-0.00226566,0.00468668,-7.14526e-05,0.039125,0.0313376,-0.00102971,0.00223934,0.00775187,0.0312246,0.00860742,0.0165234,0.00551477,-0.000546227,0.00284349,0.00474048,0.0191312,0.0136947,0.0118561,0.00774392,0.00036642,0.01252,0.0132458,0.00599006,0.00369125,0.0107868,0.00696344,0.00698244,0.00691375,0.0207978,0.00201435,0.0257599,0.00597163,0.0185104,0.0197715,0.0437834,-0.00166538,-0.00167383,-0.00205774,-0.00340534,-0.00285622,-0.00196093,0.00926963,0.000788793,0.0208858,0.0266863,-0.000846596,0.0188661,0.00122884,0.032321,0.00914651,0.0163204,0.0171242,-5.39573e-05,0.00715019,0.0258373,0.0205484,0.00838597,0.0115849,
2.315,0.00950377,0.0018706,0.0109191,0.0126723,0.00601973,0.00304414,0.0105179,0.00761225,0.0220592,0.0237003,0.0232051,0.0150302,0.0216336,0.00557437,0.00679359,0.0080084,0.0381091,-0.00187237,-0.00181664,-0.00217501,-0.00364059,-0.00317204,-0.00220986,0.00377185,-6.61598e-05,0.0377446,0.0313033,-0.000999862,0.00235685,0.00757272,0.0304086,0.0087458,0.0166397,0.00545169,-0.000521385,0.00277709,0.00464756,0.0191171,0.0136854,0.0119161,0.00778907,0.000434318,0.0120801,0.0132425,0.00574708,0.00344686,0.0103917,0.00663814,0.00697436,0.00682649,0.0206171,0.00512343,0.0255596,0.00582078,0.0183148,0.0195137,0.0437943,-0.00157238,-0.00159685,-0.00197783,-0.00318886,-0.00269732,-0.00187264,0.00631244,0.000798951,0.0206908,0.0265935,-0.000799017,0.018541,0.00118963,0.0323304,0.00880875,0.0159254,0.0169602,-4.64715e-05,0.00713576,0.0255887,0.0205433,0.00834985,0.0115269,
2.32,0.00950956,0.00187592,0.0104606,0.01267,0.00598801,0.00286191,0.0106409,0.00765671,0.0219262,0.0233773,0.0227323,0.0149447,0.0213511,0.00536729,0.00682817,0.00792511,0.0380926,-0.00181966,-0.00176879,-0.00211958,-0.00351839,-0.00307515,-0.00215037,0.00370332,-6.12543e-05,0.0374044,0.0312831,-0.000965966,0.00275745,0.00735665,0.0295202,0.00884729,0.0166939,0.00534318,-0.000495033,0.00262385,0.00450671,0.0191236,0.0136847,0.0120013,0.00783025,0.00049386,0.0116197,0.0132405,0.00636721,0.00318858,0.0099549,0.00629353,0.00690578,0.0067368,0.0203694,0.00166648,0.0252074,0.00562055,0.0180031,0.0191452,0.0438071,-0.00147463,-0.00151449,-0.00189166,-0.00296896,-0.00253129,-0.00177859,0.00447761,0.000794197,0.020652,0.0265299,-0.000746473,0.0171694,0.00114683,0.0323245,0.0084383,0.0155049,0.0168602,-3.95786e-05,0.00705678,0.025496,0.0205535,0.00830538,0.011457,
2.325,0.0095143,0.00188076,0.0104652,0.0126695,0.00683897,0.00272088,0.0107112,0.0076453,0.0217023,0.0229705,0.0230229,0.014956,0.0210822,0.00521945,0.00686134,0.00784936,0.0380784,-0.0017638,-0.00171782,-0.00206003,-0.00339157,-0.00297398,-0.00208808,0.00458056,-4.35687e-05,0.0381768,0.0312639,-0.000928137,0.00309632,0.00712001,0.0286349,0.00890487,0.0166822,0.00526688,-0.000467623,0.0024799,0.00441083,0.0191231,0.0136915,0.0121079,0.00786498,0.000544116,0.0116229,0.0132431,0.0071269,0.00298584,0.00949196,0.00595225,0.00680494,0.00664579,0.0201851,0.00524423,0.0249352,0.00552681,0.0176168,0.018713,0.043821,-0.00137193,-0.00142593,-0.00179808,-0.00274565,-0.00235836,-0.00167776,0.0064174,0.000763138,0.0206075,0.026474,-0.000689079,0.0152138,0.00110391,0.0323078,0.0080478,0.015088,0.0168307,-3.29822e-05,0.00695035,0.0254144,0.0205518,0.00825168,0.0113753,
2.33,0.00952009,0.00188257,0.0106205,0.0126708,0.00579346,0.00261352,0.0107242,0.00757948,0.0213635,0.0224314,0.0231149,0.0149409,0.0207119,0.00503129,0.00689248,0.00778299,0.0380659,-0.00170503,-0.00166308,-0.00199683,-0.00325964,-0.00286843,-0.00202248,0.00476665,-2.84649e-05,0.0383898,0.0312445,-0.000886838,0.00348757,0.00688234,0.0278366,0.00891468,0.0166069,0.00516988,-0.000439232,0.00227567,0.00429171,0.0191259,0.0137057,0.0122292,0.00789971,0.000577543,0.0117228,0.013247,0.00607156,0.00283217,0.0090292,0.00564139,0.00667369,0.00655384,0.0199856,0.00167991,0.02458,0.00540498,0.0172014,0.0182629,0.0438361,-0.0012646,-0.0013318,-0.0016965,-0.0025186,-0.00218091,-0.00156985,0.00740572,0.000706814,0.0205786,0.0264189,-0.000626603,0.0120365,0.00106282,0.0322805,0.00766242,0.0147081,0.0168038,-2.68304e-05,0.00682029,0.0253732,0.0205546,0.00818842,0.011282,
2.335,0.00952167,0.00188583,0.0108433,0.0126734,0.00540689,0.00253276,0.0106792,0.00746559,0.0209497,0.021874,0.0232619,0.0149452,0.0204153,0.00491687,0.00692416,0.00772855,0.038058,-0.0016429,-0.00160504,-0.00193044,-0.00312245,-0.00275849,-0.00195371,0.00493691,-1.25865e-05,0.0386233,0.0312387,-0.000841837,0.00384871,0.00666279,0.0272034,0.00887612,0.0164767,0.00511427,-0.000409935,0.00210573,0.00421238,0.0191285,0.0137251,0.0123586,0.00792452,0.000606908,0.0119104,0.0132524,0.00604619,0.00272201,0.00860376,0.00538811,0.00652676,0.00646124,0.0198167,0.00513342,0.024288,0.0053283,0.0167994,0.0178372,0.0438521,-0.00115211,-0.00123147,-0.00158656,-0.00228765,-0.0020004,-0.00145568,0.00843233,0.000651142,0.020556,0.0263904,-0.000559046,0.0091654,0.00102471,0.0322466,0.0073116,0.014403,0.0167946,-2.11975e-05,0.00668068,0.0253489,0.0205572,0.00811549,0.0111787,
2.34,0.0095243,0.00188922,0.0112262,0.0126768,0.00639869,0.00270181,0.0105802,0.00731669,0.0205031,0.0213407,0.0235092,0.0149752,0.0200966,0.00479969,0.0069572,0.00768755,0.0380533,-0.00157753,-0.00154313,-0.00185946,-0.00298127,-0.00264314,-0.00188208,0.00536464,0.000386115,0.0390107,0.0312521,-0.000793481,0.00421248,0.00647858,0.0267962,0.00879392,0.0163007,0.00507137,-0.000379731,0.00200703,0.00414259,0.0191651,0.0137484,0.0124899,0.00794288,0.000631398,0.0123651,0.0132605,0.00611116,0.00276529,0.00825263,0.00521713,0.00638969,0.00636986,0.01969,0.00166144,0.0240122,0.00527502,0.016449,0.0174728,0.0438693,-0.00103287,-0.00112466,-0.00146875,-0.00205442,-0.00181887,-0.00133448,0.00978791,0.000749724,0.0206204,0.026386,-0.00048687,0.00777638,0.000990128,0.0322069,0.00702828,0.0141997,0.0168204,-1.60834e-05,0.00655983,0.0253737,0.0206099,0.00803287,0.0110679,
2.345,0.00952693,0.00189163,0.0115246,0.0126819,0.00621429,0.00269521,0.0104341,0.00714101,0.0200978,0.0209387,0.0236801,0.0149806,0.0198756,0.00474629,0.00698915,0.00766565,0.0380519,-0.00150861,-0.00147701,-0.00178336,-0.00283659,-0.00252217,-0.00180574,0.00534136,0.000454211,0.0391542,0.0312412,-0.000741885,0.0044992,0.00634276,0.0266511,0.00867341,0.0160938,0.00504483,-0.000348622,0.00200981,0.00410111,0.0191418,0.0137727,0.012619,0.00796024,0.000642772,0.0127544,0.0132675,0.00613116,0.00276251,0.00800848,0.0051417,0.00627834,0.00628082,0.0195878,0.00528931,0.0238003,0.005242,0.0161792,0.0171957,0.0438873,-0.000903948,-0.0010096,-0.00134272,-0.00182445,-0.00163418,-0.00120676,0.0104467,0.000726804,0.0206571,0.0263789,-0.000410191,0.00832064,0.000959256,0.0321656,0.00683695,0.0141181,0.01682,-1.1414e-05,0.00647002,0.0253679,0.0205706,0.00794178,0.0109523,
2.35,0.00952219,0.00189345,0.0117848,0.012687,0.00620456,0.00262364,0.010252,0.00695415,0.0197215,0.0205902,0.0238171,0.0149791,0.0196517,0.00468946,0.00702474,0.00765697,0.0380536,-0.00143581,-0.00140693,-0.00170208,-0.00268647,-0.00239546,-0.00172458,0.00539728,0.000421164,0.0392431,0.0312248,-0.000687051,0.00467875,0.0062634,0.0267767,0.00852354,0.0158725,0.00501546,-0.000316455,0.00198589,0.00406039,0.0191354,0.0137984,0.0127389,0.00796818,0.000652986,0.0131108,0.0132748,0.00597814,0.00273566,0.00788826,0.00516969,0.00618663,0.00619451,0.0194864,0.00168201,0.0235931,0.00520804,0.016003,0.0170145,0.0439066,-0.000760909,-0.000881754,-0.00120828,-0.00159398,-0.00144282,-0.00107094,0.0108749,0.000673411,0.0206157,0.0263482,-0.000329584,0.00784107,0.000932227,0.0321235,0.00675187,0.0141624,0.0167985,-7.3376e-06,0.00640116,0.0253248,0.0205618,0.00784348,0.0108351,
2.355,0.00951956,0.00189188,0.0118619,0.0126924,0.00617749,0.00253276,0.0100472,0.00676815,0.0193826,0.0203252,0.0238328,0.0149709,0.0195436,0.00469581,0.0070598,0.0076616,0.0380589,-0.00135946,-0.00133263,-0.00161522,-0.00252998,-0.00226458,-0.00163845,0.00512014,0.000372496,0.039094,0.031219,-0.000628861,0.00470818,0.0062433,0.0271522,0.00835685,0.015651,0.00502191,-0.000283534,0.00193264,0.00405137,0.0191359,0.0138222,0.0128432,0.00797612,0.000660531,0.0132717,0.0132807,0.00610501,0.00268243,0.00789484,0.00529519,0.00609849,0.0061095,0.0193832,0.00511117,0.0234523,0.00518762,0.0159163,0.0169232,0.0439277,-0.000608285,-0.000739643,-0.00106469,-0.00135767,-0.00124308,-0.000923913,0.0106001,0.000613701,0.0204561,0.0263136,-0.00024586,0.00665236,0.000908649,0.0320818,0.00677448,0.0143246,0.0167446,-3.77998e-06,0.00632952,0.0252237,0.0205606,0.00773936,0.0107193,
2.36,0.00951482,0.00189188,0.011893,0.0126975,0.00616015,0.00244918,0.00983472,0.006595,0.0190553,0.0200822,0.0238175,0.014968,0.0194483,0.00469798,0.00709708,0.00767955,0.0380684,-0.0012807,-0.0012553,-0.00152524,-0.00237412,-0.0021336,-0.00154941,0.00508846,0.000331574,0.0389858,0.0312164,-0.000568358,0.00464871,0.00628021,0.0277326,0.00818446,0.0154446,0.00502464,-0.000250537,0.00182466,0.00404501,0.0191363,0.0138414,0.012929,0.00797562,0.000665289,0.0133715,0.0132878,0.00609694,0.00262226,0.008018,0.00550451,0.00600355,0.00602488,0.0192855,0.00165599,0.0233318,0.00517236,0.0159044,0.0169051,0.0439487,-0.0004505,-0.000588083,-0.000908501,-0.00111128,-0.00103475,-0.000758852,0.0103004,0.000538624,0.0202977,0.0262911,-0.00016306,0.00404398,0.000888002,0.0320421,0.00689438,0.014585,0.0167039,-5.92938e-07,0.00624281,0.0251445,0.0205596,0.00763157,0.0106075,
2.365,0.0095064,0.00189079,0.0117401,0.0127009,0.00611701,0.00238938,0.00962861,0.00644653,0.0188173,0.0199904,0.0236712,0.0149621,0.019475,0.00476215,0.00713914,0.0077128,0.0380773,-0.00119253,-0.00116823,-0.00142329,-0.00219928,-0.00198742,-0.0014486,0.00470271,0.000333639,0.0386522,0.0312257,-0.000502534,0.00449535,0.00636805,0.0284577,0.00801847,0.0152664,0.0050631,-0.00021618,0.00185812,0.0040712,0.0191417,0.0138569,0.0129946,0.00797116,0.000666682,0.0132626,0.0132925,0.00604235,0.00255723,0.00823531,0.00577446,0.00591387,0.00593912,0.0192061,0.0049657,0.0232872,0.00517354,0.0159426,0.0169343,0.0439726,-0.000287974,-0.00042837,-0.00072882,-0.000844408,-0.00080448,-0.000577778,0.009395,0.000528466,0.0201643,0.0262864,-8.89208e-05,0.00613396,0.000869049,0.0320015,0.00709202,0.0149163,0.0166465,1.92705e-06,0.00615152,0.0250377,0.0205646,0.00752182,0.010502,
2.37,0.00950114,0.00189043,0.0115691,0.0127042,0.00609925,0.00233146,0.00945035,0.00633906,0.0186568,0.0199676,0.0235233,0.0149547,0.019485,0.00479924,0.0071777,0.00775137,0.0380895,-0.00110604,-0.00108227,-0.0013248,-0.00204295,-0.00185688,-0.00135256,0.00465938,0.000313501,0.038459,0.0312302,-0.000436594,0.00436146,0.00648972,0.0293222,0.00787491,0.0151374,0.00507844,-0.000184391,0.00192671,0.00408361,0.0191199,0.013856,0.0130222,0.0079657,0.00065879,0.0131088,0.013297,0.0060139,0.00248803,0.00852771,0.00608282,0.00584263,0.00585337,0.0191405,0.00163567,0.0232408,0.00517088,0.0160012,0.016978,0.0439956,-0.000125344,-0.00026486,-0.000535608,-0.000542108,-0.000545933,-0.000389173,0.00867585,0.00052469,0.0201675,0.0263008,-3.98412e-05,0.00711251,0.000844625,0.0320101,0.00735017,0.0152965,0.0166167,4.81762e-06,0.0060746,0.0249982,0.0205422,0.00740145,0.0103926,
2.375,0.00949061,0.00189151,0.0113058,0.0127064,0.00606372,0.00225635,0.00929968,0.0062583,0.0185946,0.0200481,0.0232928,0.0149421,0.0195374,0.00485398,0.00722193,0.0078021,0.0381029,-0.00100982,-0.000985559,-0.00121647,-0.0018729,-0.00171262,-0.00124591,0.00439064,0.000276516,0.0381322,0.0312197,-0.000366836,0.0040921,0.00664461,0.0301179,0.00775572,0.0150431,0.00510468,-0.000154188,0.00207479,0.00410599,0.0191203,0.0138572,0.0130356,0.0079523,0.000651129,0.0128451,0.0133019,0.00597045,0.00240865,0.00886264,0.00640069,0.00579596,0.00576686,0.0190726,0.0048318,0.0232215,0.00516798,0.0160536,0.0170099,0.0440209,1.20077e-05,-9.94961e-05,-0.000329672,-0.000207303,-0.000264993,-0.000192086,0.0077186,0.000556856,0.0200196,0.0262615,-1.22411e-05,0.00980811,0.000822545,0.0319669,0.0076439,0.0156876,0.0165267,6.29996e-06,0.00601643,0.0248272,0.0205417,0.00729144,0.0103011,
2.38,0.00947903,0.00188958,0.0109583,0.0127073,0.00602312,0.00217842,0.00918585,0.00621211,0.0185477,0.020094,0.0229918,0.0149114,0.0195385,0.00486041,0.00726945,0.00785828,0.0381155,-0.000900101,-0.000874706,-0.00109658,-0.00169263,-0.00155462,-0.00112845,0.0041051,0.000250375,0.0377746,0.0312185,-0.000293145,0.00387701,0.00681925,0.0308179,0.00766703,0.0149921,0.00510468,-0.000126401,0.00208336,0.0041026,0.0191263,0.0138585,0.0130346,0.00794288,0.000643469,0.0124755,0.0133058,0.00592047,0.00231793,0.00921905,0.00671043,0.0057489,0.00567848,0.0189799,0.00161771,0.0231465,0.00512737,0.0160756,0.0170069,0.0440465,6.7201e-05,3.16831e-05,-0.000114715,0.000142617,2.95191e-05,6.32904e-08,0.00652759,0.000548131,0.0199394,0.0262474,7.73727e-06,0.00981009,0.000801378,0.0319033,0.00795359,0.0160692,0.0164615,7.3376e-06,0.00595368,0.0247417,0.0205454,0.0071903,0.0102239,
2.385,0.00945956,0.00188571,0.0107008,0.012705,0.00601635,0.00210261,0.0091038,0.00618879,0.0185839,0.0202259,0.0228674,0.01492,0.0195836,0.0048892,0.00732385,0.00792164,0.0381236,-0.000765598,-0.000740249,-0.000952425,-0.0014768,-0.00136411,-0.000986835,0.00416599,0.000236626,0.0377876,0.0312294,-0.000212628,0.00373135,0.00701215,0.0312779,0.00760576,0.0149722,0.00512598,-9.89914e-05,0.00223041,0.00412487,0.019165,0.0138822,0.0130416,0.00792849,0.000634416,0.0121903,0.0133099,0.00608002,0.00224549,0.00957381,0.0069958,0.00573281,0.00558879,0.0189442,0.00490341,0.0231321,0.00512377,0.0160477,0.0169535,0.0440723,9.77469e-05,7.55948e-05,6.90716e-05,0.00031132,0.000198264,9.51887e-05,0.00613125,0.000591953,0.0200419,0.0262761,2.40202e-05,0.0121146,0.000787244,0.0317775,0.00826182,0.0164182,0.0164527,6.67055e-06,0.00592572,0.0247308,0.020569,0.00710965,0.0101719,
2.39,0.00945166,0.00188378,0.0104001,0.0127057,0.00599182,0.00204916,0.0090957,0.00625252,0.0186452,0.0203239,0.0226638,0.014883,0.0195344,0.00485046,0.0073697,0.00797816,0.0381371,-0.000635279,-0.000610384,-0.000809671,-0.00129319,-0.00120015,-0.000849545,0.00397321,0.00023398,0.0375925,0.0312244,-0.000141482,0.00377406,0.00717175,0.0318604,0.00760419,0.0150434,0.00509761,-8.07939e-05,0.00233801,0.00409454,0.0191284,0.0138577,0.0129873,0.00792303,0.000627336,0.0118465,0.013315,0.00589318,0.00217513,0.009931,0.00725832,0.00573847,0.00550201,0.0188705,0.00162955,0.023017,0.00506313,0.0159615,0.0168419,0.0440974,0.000187067,0.000190469,0.000138615,0.000510903,0.000327763,0.000148036,0.00543973,0.000636426,0.0201681,0.0262828,3.98412e-05,0.0134417,0.000756307,0.0317958,0.00856835,0.0167483,0.0164185,8.89406e-06,0.00592811,0.0247326,0.0205431,0.00700356,0.0100939,
2.395,0.00944008,0.00188124,0.0102071,0.0127044,0.00601212,0.00202185,0.00913779,0.00634578,0.0187174,0.0203941,0.0225733,0.0148687,0.0194595,0.00480754,0.00741763,0.00802959,0.0381444,-0.000497639,-0.000473631,-0.000651233,-0.00108947,-0.00101897,-0.000694839,0.00409766,0.000227525,0.0376149,0.0312087,-8.23674e-05,0.0038001,0.00731263,0.0321675,0.00764485,0.0151559,0.00507319,-6.48617e-05,0.00241943,0.00406633,0.0191279,0.0138391,0.0129329,0.00791708,0.00062072,0.0116043,0.0133197,0.00588741,0.0021219,0.010267,0.00748181,0.00575836,0.00541747,0.0187892,0.00459642,0.0228935,0.00501298,0.0158156,0.0166715,0.044122,0.000293346,0.000328319,0.000367103,0.000776797,0.000514265,0.000261073,0.00539764,0.000667876,0.0201583,0.0262397,5.41609e-05,0.0144857,0.00072348,0.0317564,0.0088556,0.0170324,0.0163612,9.19053e-06,0.00595078,0.0246563,0.0205402,0.00690944,0.0100299,
2.4,0.00942535,0.00187556,0.00996966,0.0127018,0.0059859,0.00197665,0.00923533,0.00648291,0.018685,0.0202716,0.0224138,0.0148226,0.0192754,0.00470284,0.0074667,0.00807094,0.0381475,-0.000352364,-0.000329714,-0.000480566,-0.000860395,-0.00081214,-0.000526278,0.00390412,0.000232044,0.0374628,0.0311956,-4.3266e-05,0.0039638,0.0074235,0.0323057,0.00773109,0.0153221,0.00501303,-5.0062e-05,0.00223434,0.00399643,0.0191302,0.013821,0.0128759,0.00791113,0.000615149,0.0113195,0.0133244,0.0058678,0.00206821,0.0105757,0.00766828,0.00573629,0.00533284,0.0186439,0.00158698,0.0226557,0.00490821,0.0156186,0.0164518,0.0441462,0.000407419,0.000465241,0.000580781,0.00103538,0.000721464,0.000399109,0.00492923,0.000601134,0.0200808,0.0261986,8.64957e-05,0.0121829,0.000688309,0.0317042,0.00911733,0.0172695,0.0163085,9.26465e-06,0.00593004,0.0246358,0.0205402,0.00682309,0.00997363,
2.405,0.00941377,0.00187205,0.00985678,0.0127,0.00599097,0.00207082,0.00939099,0.00666949,0.0185679,0.020043,0.0224193,0.0148208,0.0191112,0.0046294,0.00751207,0.00809724,0.0381457,-0.000200708,-0.000180746,-0.000300129,-0.000591278,-0.000572898,-0.000347165,0.00409193,0.000437559,0.0376196,0.0312072,-1.92036e-05,0.00425392,0.00749794,0.032291,0.00786509,0.015546,0.00498063,-3.6395e-05,0.00205751,0.00394743,0.0191461,0.0138031,0.0128201,0.00790765,0.00061097,0.0111652,0.0133305,0.00506351,0.00209459,0.0108535,0.00781996,0.00568033,0.00524812,0.0185204,0.00449762,0.0224483,0.00484045,0.0153875,0.0162016,0.044169,0.000520334,0.000590492,0.000755277,0.00127104,0.000924252,0.000551259,0.00519875,0.000611813,0.0201099,0.0262017,0.000127838,0.00908675,0.000650924,0.0316489,0.00935269,0.0174642,0.0163109,9.41288e-06,0.00587721,0.0246876,0.0205631,0.00674244,0.00992204,
2.41,0.00939798,0.00186951,0.00969258,0.0126971,0.00597405,0.00204351,0.00960574,0.00690817,0.01838,0.0197349,0.0223385,0.014781,0.0188645,0.00451648,0.00755757,0.00810639,0.0381376,-5.27133e-05,-3.93085e-05,-0.000113246,-0.000291052,-0.0003107,-0.000159218,0.00390622,0.000475899,0.037534,0.031202,-4.62738e-07,0.00473362,0.00753341,0.0321298,0.00804765,0.0158318,0.00491775,-2.35586e-05,0.00194721,0.00386904,0.019139,0.0137869,0.0127737,0.00791261,0.000608417,0.010963,0.0133343,0.00582359,0.00207423,0.0111031,0.00794504,0.00559622,0.0051634,0.0183733,0.00157456,0.0221533,0.0047331,0.0151454,0.0159471,0.0441897,0.000622926,0.000696287,0.000887227,0.00145242,0.00110227,0.000701574,0.00490249,0.000560438,0.020232,0.0262106,0.000175532,0.00770031,0.000610738,0.031606,0.00956236,0.0176272,0.0163085,9.56112e-06,0.00580177,0.0247803,0.0205375,0.00666419,0.00987118,
2.415,0.00938955,0.0018677,0.00958908,0.0126952,0.00597236,0.00198183,0.00988518,0.00721015,0.0181983,0.0194647,0.0223075,0.0147516,0.0185767,0.00440154,0.00759667,0.00809249,0.0381238,4.35094e-05,4.39006e-05,4.79835e-05,3.61323e-05,-2.86955e-05,1.85596e-05,0.00397798,0.000470219,0.0375734,0.0311899,1.64272e-05,0.00527822,0.00752562,0.0318673,0.00828481,0.0161871,0.00485316,-1.20058e-05,0.00203463,0.00378706,0.0191266,0.0137699,0.0127329,0.00791658,0.000608417,0.0108239,0.0133395,0.00567057,0.00204437,0.0113257,0.00805296,0.0055228,0.00508121,0.0182318,0.0041568,0.0218237,0.00462661,0.0149222,0.0157172,0.0442096,0.000716249,0.000790966,0.000992787,0.00159723,0.00126231,0.000844863,0.00492326,0.000561805,0.020382,0.0261991,0.000229693,0.0105769,0.000571008,0.0315402,0.00974908,0.0177687,0.016296,9.85759e-06,0.0057474,0.0248472,0.0205273,0.00659423,0.00982706,
2.42,0.0093764,0.00186601,0.00946875,0.0126926,0.00596348,0.00193521,0.0102271,0.00756995,0.0179918,0.0191488,0.0222398,0.0147115,0.0182142,0.00426446,0.00763247,0.0080589,0.0381027,8.47179e-05,8.23825e-05,0.000112116,0.00025835,0.000190066,0.000103158,0.00389018,0.000486872,0.0375237,0.0311806,3.28544e-05,0.00589166,0.00747873,0.0315039,0.00857455,0.0166099,0.00477887,-6.79575e-07,0.00204384,0.00368757,0.019125,0.0137572,0.0127081,0.00792998,0.000611203,0.0105527,0.0133442,0.0058282,0.00201544,0.0115283,0.0081554,0.00545277,0.00500184,0.0180616,0.00152512,0.021413,0.00449414,0.0147422,0.0155379,0.0442267,0.00079609,0.000869155,0.00107404,0.00170401,0.00138559,0.000968976,0.00472708,0.000563889,0.0205017,0.0261787,0.000287434,0.0107251,0.000532319,0.0314716,0.00991916,0.0178996,0.0162756,1.01541e-05,0.00570353,0.0249174,0.0205292,0.00653028,0.00978766,
2.425,0.00936903,0.00186553,0.00938803,0.0126902,0.00596982,0.00188883,0.0106294,0.00798857,0.0177873,0.0188399,0.0222003,0.0146818,0.0178309,0.00413882,0.00766348,0.00800052,0.0380759,0.00017864,0.000178358,0.000247294,0.000536561,0.000323866,0.000162841,0.0039232,0.000486355,0.0375383,0.0311676,4.87032e-05,0.00648457,0.00739978,0.0310756,0.00891547,0.0170966,0.00471235,1.00426e-05,0.00209619,0.00359391,0.0191207,0.0137491,0.0127021,0.00794586,0.000617238,0.0104,0.0133485,0.00530149,0.00198698,0.0117202,0.00826083,0.00539584,0.00492603,0.0178862,0.00395147,0.0209875,0.00437223,0.0146293,0.0154316,0.0442425,0.000864765,0.000933911,0.00113537,0.00178983,0.00147889,0.00107239,0.00472654,0.000579646,0.020584,0.0261377,0.000347022,0.0116669,0.000494218,0.0314112,0.0100804,0.0180333,0.0162423,1.09693e-05,0.00567854,0.0249533,0.020521,0.00646981,0.00975041,
2.43,0.00935955,0.00186166,0.00932372,0.0126877,0.00597998,0.00186434,0.0110915,0.00847078,0.0174899,0.0184009,0.0221873,0.0146634,0.0174855,0.00404205,0.00768539,0.00792291,0.0380431,0.000288145,0.000289303,0.000392175,0.00080169,0.00050808,0.000284813,0.00392149,0.00049636,0.0375775,0.0311799,7.43852e-05,0.00716035,0.00729691,0.0306767,0.00930714,0.017646,0.0046628,1.88771e-05,0.00189654,0.00351617,0.0191107,0.0137426,0.012714,0.00795975,0.000623738,0.0103074,0.0133495,0.00580859,0.00195828,0.0119185,0.00838764,0.00531173,0.00485172,0.0177159,0.00149666,0.020605,0.00428397,0.0145914,0.0154107,0.0442505,0.000903948,0.00096337,0.00115342,0.00180218,0.00150638,0.00113113,0.00475508,0.000504179,0.0206911,0.0261621,0.000398642,0.00872186,0.000445629,0.0314728,0.0102457,0.0181907,0.0162701,1.27482e-05,0.00562539,0.0250997,0.0204824,0.00638979,0.00969114,
2.435,0.00935903,0.00186238,0.00922575,0.0126867,0.00596348,0.00193851,0.0116041,0.00899875,0.0172234,0.0180604,0.0221682,0.0146545,0.0172007,0.00397303,0.00770642,0.00783141,0.0380096,0.000423694,0.000424311,0.000555266,0.00108899,0.000747097,0.000448607,0.00381269,0.000644494,0.0375826,0.0312179,0.000115338,0.00800677,0.00718898,0.0302496,0.00974202,0.0182419,0.00463504,2.85422e-05,0.00191362,0.00345741,0.019132,0.0137517,0.0127611,0.00798803,0.000636157,0.0101559,0.0133546,0.00581321,0.0019842,0.0121094,0.00852654,0.00524575,0.00478267,0.0176092,0.00387399,0.0202428,0.00419305,0.0146592,0.0154937,0.044262,0.000954507,0.001002,0.00118445,0.00187873,0.00156926,0.00119397,0.0044599,0.000580558,0.0210548,0.0262657,0.000453496,0.00990709,0.000416711,0.0313119,0.010409,0.0183512,0.016349,1.29705e-05,0.00560129,0.0253469,0.0205363,0.0063574,0.00968232,
2.44,0.00935955,0.00186311,0.00911159,0.012685,0.00596771,0.00229496,0.0121716,0.00958777,0.0170244,0.017835,0.0221395,0.0146594,0.0169631,0.00392876,0.00771283,0.0077304,0.0379746,0.000554536,0.000554084,0.000696358,0.00132541,0.000967996,0.000618313,0.0037581,0.000986847,0.0375626,0.0312602,0.000162768,0.00892519,0.00707681,0.0299681,0.010223,0.0188904,0.00463342,3.53379e-05,0.00199311,0.00341699,0.0191552,0.0137581,0.012822,0.00801432,0.000649156,0.0100105,0.0133551,0.00580283,0.00214828,0.0123281,0.0087069,0.00520944,0.0047184,0.0175323,0.00148583,0.0199427,0.00413374,0.0148101,0.0156684,0.0442673,0.000982314,0.00101775,0.00118236,0.00188946,0.00158125,0.00122049,0.00415551,0.000823303,0.0213651,0.0263577,0.000498765,0.0110213,0.000378805,0.0313493,0.0105948,0.0185626,0.0164154,1.55646e-05,0.00560973,0.0255665,0.0205579,0.00629762,0.00964439,
2.445,0.0093585,0.00186565,0.00899382,0.0126844,0.00594783,0.0022653,0.0127811,0.0102113,0.0169317,0.0177304,0.0220997,0.0146307,0.0166935,0.00386482,0.00771997,0.00763206,0.0379423,0.000686215,0.000683306,0.000829542,0.00153933,0.0011907,0.000797807,0.00371039,0.000923075,0.0375453,0.0312561,0.000220958,0.00985999,0.0069764,0.0297008,0.010739,0.0195712,0.00459033,4.95335e-05,0.00218535,0.00335951,0.0191133,0.0137808,0.0129188,0.00805054,0.000666682,0.00983988,0.0133576,0.00560752,0.00218022,0.0125664,0.008924,0.00522302,0.00466249,0.0174693,0.00371609,0.0196095,0.00405597,0.0150503,0.0159294,0.0442735,0.00101518,0.00103906,0.00118452,0.0019361,0.0016128,0.00124644,0.00386269,0.000841145,0.0217016,0.0264319,0.000541147,0.0136421,0.000352491,0.0312776,0.0108002,0.0188081,0.0164677,1.74917e-05,0.0056775,0.0257851,0.0205042,0.00626315,0.00963537,
2.45,0.00936271,0.00186867,0.00887732,0.0126845,0.00593261,0.00215582,0.0134315,0.0108717,0.0169028,0.017675,0.0220542,0.0146082,0.0164504,0.00381464,0.00772051,0.00753778,0.0379123,0.000804924,0.000798936,0.000944517,0.00170715,0.00138256,0.000964716,0.00367069,0.000828773,0.0375204,0.0312549,0.000285972,0.0107453,0.00688897,0.029515,0.0112875,0.0202825,0.00455561,6.92412e-05,0.00231209,0.00331061,0.0191001,0.0138124,0.0130423,0.00808775,0.000686413,0.00968009,0.0133592,0.00578053,0.00215176,0.0128391,0.0091893,0.00527033,0.00461492,0.017412,0.0014609,0.0193027,0.00398962,0.0153518,0.016249,0.0442778,0.00104383,0.00105471,0.00117772,0.00197169,0.00163565,0.00126169,0.00361357,0.000828252,0.0219741,0.0264885,0.000577062,0.0150724,0.000332366,0.0312394,0.0110353,0.0191022,0.0165057,2.00858e-05,0.00578283,0.025979,0.0204838,0.00623386,0.00963328,
2.455,0.00936587,0.00187217,0.00878021,0.0126853,0.00592626,0.00204775,0.0141187,0.0115616,0.0169109,0.0176345,0.0220257,0.0145924,0.016218,0.00376752,0.00771734,0.00745774,0.0378876,0.000908782,0.000898677,0.00104294,0.0018378,0.00153257,0.00111097,0.00366534,0.000769713,0.0375313,0.0312621,0.000356309,0.0115715,0.00681768,0.0294063,0.0118629,0.0210194,0.00452543,9.31018e-05,0.00238893,0.00326575,0.019095,0.0138547,0.013191,0.00812645,0.000708466,0.00953946,0.0133601,0.00593239,0.00210547,0.0131513,0.00950391,0.00533729,0.00457608,0.017362,0.00366329,0.0190131,0.00393062,0.0156856,0.0165938,0.0442794,0.00106921,0.00106537,0.00116405,0.00200241,0.00165363,0.00126967,0.00347845,0.000828122,0.0222204,0.0265423,0.000605932,0.0160442,0.000319861,0.0312164,0.0113045,0.0194484,0.0165442,2.31246e-05,0.00590929,0.0261703,0.0204766,0.0062121,0.00964197,
2.46,0.00937429,0.00187665,0.0087046,0.0126867,0.00592711,0.00196205,0.0148393,0.0122763,0.0169203,0.0175744,0.0220284,0.0145879,0.0160474,0.00374397,0.00770851,0.00739102,0.0378684,0.000998102,0.000983263,0.00112675,0.00194436,0.00164769,0.00123313,0.00366839,0.000740151,0.0375817,0.0312848,0.00043,0.0123768,0.00676498,0.029376,0.0124624,0.0217764,0.00451109,0.000120134,0.00237088,0.00323817,0.0190909,0.0139059,0.0133667,0.00816862,0.000739571,0.00942194,0.0133615,0.00579437,0.00205687,0.0135049,0.00986921,0.0054053,0.00454521,0.0173354,0.00145309,0.0187836,0.00389439,0.0160158,0.0169259,0.0442803,0.00109207,0.00107083,0.00114608,0.00203118,0.00166868,0.00127258,0.00342353,0.000816401,0.0224813,0.026627,0.00062822,0.0158889,0.000316213,0.0312067,0.0116099,0.0198441,0.0166113,2.66081e-05,0.0060364,0.0264013,0.0204709,0.0061992,0.00966305,
2.465,0.00938377,0.00188172,0.0086471,0.012689,0.00592457,0.0018973,0.0155879,0.0130104,0.0169638,0.0175655,0.0220579,0.0145908,0.0159379,0.00374068,0.00769955,0.0073455,0.0378564,0.00107518,0.0010549,0.00119626,0.00203402,0.00173861,0.0013305,0.00367393,0.000734729,0.0376571,0.031317,0.000505195,0.0131966,0.00673224,0.0294249,0.0130801,0.0225471,0.00450786,0.00014928,0.00241047,0.00322565,0.0190869,0.0139678,0.0135658,0.0082098,0.000768472,0.00932516,0.0133616,0.00597545,0.0020159,0.0139009,0.0102781,0.00548341,0.00452278,0.0173502,0.00374941,0.0186171,0.00387867,0.0163065,0.0172076,0.0442803,0.00111398,0.00107333,0.00112501,0.00205962,0.00168293,0.00127258,0.00340691,0.000834633,0.0228095,0.0267427,0.000644272,0.0163893,0.000322466,0.0312055,0.0119502,0.0202834,0.0167038,3.02398e-05,0.00617555,0.0266697,0.0204652,0.00619685,0.00969841,
2.47,0.00939324,0.00188777,0.00860451,0.0126925,0.00592415,0.00185281,0.0163568,0.0137575,0.0170376,0.0175812,0.0221011,0.0145869,0.0158152,0.00372063,0.00768991,0.00732453,0.037851,0.00114087,0.0011157,0.00125329,0.00211298,0.001813,0.00140709,0.00368061,0.00074596,0.0377499,0.0313516,0.000579811,0.014077,0.00672021,0.0295466,0.0137112,0.0233216,0.00449404,0.000179634,0.00246649,0.00320444,0.0190826,0.0140411,0.0137877,0.00825247,0.000796676,0.00924536,0.0133626,0.00580552,0.00198536,0.0143363,0.0107241,0.00557479,0.00450984,0.0173866,0.00146896,0.0184412,0.00385425,0.0165267,0.0174105,0.044279,0.00113462,0.00107482,0.00110252,0.00208904,0.00169752,0.00127106,0.00340673,0.000866149,0.023193,0.0268791,0.000654781,0.0170838,0.000338944,0.0312145,0.0123226,0.0207604,0.0168155,3.40939e-05,0.0063321,0.0269755,0.0204594,0.00620653,0.00974893,
2.475,0.00940798,0.00189357,0.00857299,0.012696,0.00592795,0.00207977,0.0171348,0.0145083,0.0171708,0.0176796,0.0221583,0.0146056,0.0157664,0.00373036,0.00767912,0.00732349,0.0378536,0.0011963,0.00116676,0.0013008,0.00218572,0.0018768,0.00146818,0.00368767,0.000964772,0.0378433,0.0314071,0.000652461,0.0150101,0.00672834,0.0297355,0.01435,0.0240898,0.00451321,0.000210668,0.00258311,0.00320667,0.0191122,0.014125,0.0140321,0.0082996,0.000824067,0.00918057,0.0133634,0.00630993,0.00208371,0.0148067,0.011197,0.00569019,0.0045074,0.0174604,0.0037767,0.0183375,0.00385449,0.0166558,0.0175129,0.0442776,0.00115548,0.00107723,0.0010797,0.00211976,0.0017129,0.00126942,0.00341287,0.00101995,0.0235974,0.0270311,0.000660555,0.0184413,0.000365192,0.0312316,0.0127225,0.0212636,0.0169373,3.80962e-05,0.00651718,0.027291,0.0205041,0.00622931,0.00981615,
2.48,0.00942061,0.00189719,0.00855105,0.0127006,0.0059233,0.00211509,0.017909,0.01525,0.0173255,0.0177619,0.0222102,0.0145898,0.0156344,0.00368923,0.00767116,0.00734689,0.0378622,0.00124399,0.00121066,0.00134281,0.0022548,0.00193475,0.00151928,0.00369588,0.000967547,0.0379414,0.0314354,0.000721409,0.01602,0.00675678,0.0299906,0.0149884,0.0248376,0.00448435,0.000241627,0.00266433,0.00317432,0.019087,0.0142187,0.014297,0.00834773,0.000850762,0.00912645,0.0133634,0.00583858,0.00212908,0.0153049,0.0116848,0.00582079,0.00451575,0.0175315,0.00147458,0.0181569,0.00381865,0.0166753,0.017503,0.0442768,0.00117623,0.00108019,0.00105762,0.00215177,0.00172986,0.00126847,0.00342191,0.00104717,0.0240309,0.0271845,0.000662633,0.019356,0.000399712,0.031255,0.0131429,0.0217813,0.017065,4.64715e-05,0.00672397,0.0276337,0.0204664,0.00626637,0.00990035,
2.485,0.00943271,0.00190251,0.00854275,0.0127055,0.0060265,0.00215205,0.0186685,0.0159697,0.0175129,0.0178804,0.0222613,0.0145906,0.0155765,0.00368586,0.00766678,0.00739009,0.0378777,0.00128646,0.00124979,0.00138168,0.00232308,0.00198944,0.00156447,0.00370447,0.000958382,0.0380215,0.0314692,0.000786424,0.0170459,0.0068064,0.0303202,0.0156208,0.0255572,0.00448253,0.00027251,0.0027573,0.003167,0.0190796,0.0143234,0.0145802,0.00839486,0.000882913,0.00909209,0.0133644,0.00562982,0.002155,0.0158235,0.012177,0.00596546,0.00453545,0.0176217,0.00372138,0.0180445,0.00381004,0.0165729,0.0173696,0.0442747,0.00119761,0.00108501,0.00103729,0.00218574,0.00174886,0.00126853,0.00343094,0.00107152,0.0244402,0.0273331,0.000661941,0.0203015,0.000440419,0.031283,0.013578,0.0223032,0.0171873,5.80338e-05,0.00694894,0.0279662,0.0204568,0.006319,0.0100027,
2.49,0.00944429,0.00190795,0.00853188,0.0127116,0.00594149,0.00222527,0.0194067,0.0166583,0.0176829,0.0179232,0.0223078,0.0145707,0.01539,0.00361392,0.0076649,0.00745264,0.0378975,0.00132557,0.00128643,0.00141997,0.00239183,0.00204391,0.00160705,0.00371268,0.00100782,0.0381215,0.0315034,0.000847043,0.0180969,0.00687899,0.0307321,0.0162424,0.0262442,0.00444054,0.000303317,0.00278179,0.00311535,0.0190833,0.0144368,0.0148818,0.00844101,0.000911581,0.00904409,0.0133657,0.00531649,0.00220244,0.0163544,0.0126655,0.00610851,0.00456594,0.0176936,0.00146669,0.0178091,0.00375042,0.016341,0.0171032,0.0442733,0.00121952,0.00109047,0.00102005,0.00222264,0.00177035,0.00127125,0.00344232,0.00110955,0.0248668,0.0274846,0.0006594,0.0206963,0.000484708,0.0313142,0.0140217,0.0228203,0.0173164,7.25607e-05,0.00717615,0.0283223,0.0204647,0.00638808,0.0101248,
2.495,0.00945008,0.00191327,0.00852443,0.0127168,0.0059288,0.00220055,0.0201211,0.0173113,0.0178511,0.0179638,0.0223526,0.0145634,0.0152861,0.00359096,0.00767009,0.00753372,0.0379229,0.00136385,0.00132308,0.00145964,0.0024633,0.0021004,0.0016497,0.00372088,0.000987428,0.0382007,0.0315313,0.000903959,0.0191105,0.00697585,0.031225,0.0168499,0.0269022,0.00442197,0.0003342,0.00281377,0.00309063,0.0190679,0.0145601,0.015199,0.00848516,0.000937115,0.00901051,0.0133675,0.00579168,0.00220961,0.0168916,0.0131464,0.00624817,0.00460685,0.017777,0.00362098,0.0176464,0.00372437,0.0159792,0.0167047,0.0442721,0.00124248,0.00109788,0.00100659,0.00226229,0.00179501,0.00127682,0.0034528,0.00111235,0.0252636,0.0276296,0.000656051,0.0210611,0.000530235,0.0313473,0.0144702,0.0233298,0.0174381,8.93853e-05,0.00740137,0.0286654,0.0204412,0.00647525,0.010268,
2.5,0.0094564,0.00191774,0.00851847,0.0127231,0.00591865,0.00212874,0.0208147,0.0179359,0.017974,0.0178997,0.0223927,0.0145319,0.0150333,0.00349531,0.00767959,0.00762778,0.0379507,0.00140318,0.0013611,0.00150304,0.00254051,0.00216173,0.00169534,0.00372852,0.000953799,0.038301,0.0315577,0.000957868,0.020118,0.00709643,0.0317825,0.0174439,0.0275411,0.00435969,0.000365687,0.0027825,0.00301957,0.0190538,0.0146941,0.0155303,0.00852932,0.000960793,0.00898128,0.0133689,0.00580783,0.00218231,0.0174316,0.0136225,0.00637214,0.00465676,0.0178371,0.00145074,0.0173361,0.00364291,0.0154967,0.0161835,0.0442707,0.00126639,0.00110687,0.000998509,0.00230617,0.0018234,0.00128606,0.00346544,0.00109398,0.0256778,0.0277766,0.000653048,0.0209123,0.00057472,0.0313816,0.0149225,0.0238317,0.0175675,0.000108211,0.00761248,0.0290321,0.0204243,0.00658202,0.0104341,
2.505,0.00945693,0.00192101,0.00851463,0.0127289,0.00570379,0.0020567,0.0214932,0.0185463,0.018078,0.0178279,0.0224373,0.0145252,0.0148752,0.00345597,0.00769537,0.00773295,0.0379807,0.00144481,0.00140225,0.00155155,0.00262314,0.00222947,0.00174504,0.00373558,0.000935081,0.0383902,0.0315936,0.00101004,0.0210968,0.00723853,0.0323767,0.0180278,0.0281735,0.00433618,0.000398533,0.00277831,0.00298276,0.0190601,0.0148364,0.0158751,0.00857546,0.0009883,0.00896567,0.0133719,0.00581052,0.00214342,0.017975,0.0141052,0.00648438,0.00471531,0.017911,0.00350421,0.0171075,0.00360074,0.014916,0.0155659,0.0442705,0.0012922,0.00111891,0.000997365,0.00235428,0.00185676,0.00129986,0.00347827,0.00108897,0.0260752,0.0279248,0.000651201,0.0209318,0.000617056,0.0314151,0.0153805,0.0243367,0.0176963,0.000128297,0.007812,0.0293924,0.0204288,0.00671012,0.0106254,
2.51,0.00945851,0.00192354,0.00851229,0.0127345,0.00663511,0.00216806,0.0221645,0.0191589,0.0181345,0.0176621,0.0224851,0.0145045,0.0145673,0.00334866,0.00771802,0.00784878,0.0380135,0.00148978,0.00144762,0.00160592,0.00271359,0.00230577,0.00180079,0.00374226,0.00105126,0.0385078,0.0316405,0.00106141,0.0220921,0.007398,0.0329792,0.0186067,0.0288142,0.00428299,0.000433116,0.00273776,0.00290481,0.0190662,0.0149885,0.0162306,0.00861962,0.00101151,0.0089317,0.0133758,0.00580975,0.00218254,0.0185249,0.0146074,0.00658053,0.00478173,0.0179683,0.00143152,0.0167246,0.0035056,0.014276,0.0148866,0.0442716,0.00132022,0.00113476,0.00100477,0.00241003,0.00189635,0.00131992,0.00349326,0.001141,0.0265021,0.0280842,0.000651894,0.0207192,0.00065633,0.0314467,0.0158496,0.0248565,0.0178385,0.000149272,0.00799727,0.0297787,0.0204458,0.00686136,0.0108439,
2.515,0.0094564,0.00192512,0.00851208,0.0127408,0.0059859,0.00214617,0.0228359,0.0197872,0.0181764,0.0175078,0.022535,0.0144926,0.0143643,0.0032996,0.00774862,0.0079726,0.0380465,0.00153998,0.00149831,0.00166826,0.00281569,0.00239265,0.00186435,0.00374818,0.00103138,0.0386069,0.0316754,0.00111335,0.0230817,0.00757026,0.0335683,0.0191862,0.0294742,0.00425291,0.000470644,0.00273538,0.00285962,0.0190375,0.0151495,0.0165964,0.00866328,0.00103136,0.00890899,0.0133811,0.00581013,0.00217675,0.0190861,0.0151441,0.00666827,0.00485529,0.0180412,0.00336864,0.0164332,0.00345231,0.0136247,0.0141997,0.0442741,0.00135118,0.00115625,0.00102288,0.00247406,0.00194362,0.00134701,0.0035088,0.00113201,0.0269163,0.0282424,0.000656397,0.0207503,0.000692413,0.0314775,0.0163347,0.0254033,0.0179782,0.000170395,0.00817482,0.0301601,0.0204092,0.00703734,0.011091,
2.52,0.00944851,0.0019256,0.00852422,0.0127461,0.00600112,0.00213887,0.0235119,0.0204382,0.0181811,0.017279,0.0225864,0.0144639,0.0140179,0.00318847,0.00778792,0.00810338,0.0380797,0.00159583,0.00155581,0.00173877,0.00292959,0.00249111,0.00193642,0.00375314,0.00101137,0.0387282,0.031716,0.00116703,0.0240961,0.00774914,0.0341179,0.0197687,0.0301559,0.00419164,0.000511494,0.00270617,0.00277785,0.0190268,0.0153201,0.0169728,0.00870297,0.00104877,0.00888548,0.0133866,0.00580936,0.00214504,0.0196651,0.0157283,0.00674591,0.00493579,0.0181017,0.00140843,0.0159869,0.00334997,0.0130014,0.0135509,0.0442778,0.00138615,0.00118432,0.00105391,0.00254883,0.00200051,0.00138277,0.00352722,0.0011143,0.0273578,0.0284092,0.000666329,0.0205887,0.000725304,0.0315059,0.0168417,0.0259908,0.0181305,0.000191222,0.0083456,0.030565,0.020393,0.00723989,0.0113671,
2.525,0.00944114,0.00192536,0.0085436,0.0127521,0.00595206,0.00220856,0.0241914,0.0211044,0.0181879,0.0170897,0.0226429,0.0144592,0.0137782,0.00313239,0.00783579,0.008236,0.0381125,0.0016588,0.00162037,0.00181892,0.00305625,0.00260375,0.00201803,0.00375791,0.00103881,0.0388388,0.031765,0.00122325,0.0251148,0.00792659,0.0346009,0.0203526,0.03085,0.00417145,0.000556496,0.00272983,0.00273277,0.0190242,0.0154995,0.0173573,0.00874216,0.00106421,0.00886376,0.0133944,0.00580821,0.00213278,0.0202679,0.01637,0.00682362,0.00502304,0.0181803,0.00322165,0.0156372,0.00328823,0.0124439,0.012977,0.0442836,0.00142618,0.00122054,0.00109902,0.0026361,0.00206814,0.00142865,0.00354601,0.00113103,0.027791,0.0285777,0.000682843,0.0208747,0.000754743,0.0315328,0.0173752,0.0266266,0.0182822,0.000211382,0.00851864,0.0309657,0.0203933,0.00747002,0.0116721,
2.53,0.00943061,0.00192149,0.00854722,0.012758,0.0061094,0.00223705,0.0248674,0.0217631,0.0181793,0.0168569,0.0226979,0.0144321,0.0134017,0.00302051,0.00789012,0.00836851,0.0381434,0.00172898,0.00169284,0.00190877,0.00319871,0.00273069,0.00210988,0.00376211,0.0010734,0.0389614,0.031807,0.00128317,0.0261542,0.00809303,0.0349898,0.0209314,0.0315355,0.00410767,0.000606257,0.00273976,0.00264548,0.0190153,0.0156893,0.0177515,0.00878285,0.00107732,0.00884025,0.0134038,0.00580475,0.00213208,0.0208989,0.01707,0.00690125,0.00511687,0.0182487,0.00138258,0.0151355,0.00318151,0.0119781,0.0125068,0.0442921,0.00147231,0.00126631,0.00116015,0.00273833,0.00214901,0.00148631,0.00356769,0.00114601,0.0282409,0.0287499,0.000707787,0.0210832,0.000779819,0.0315566,0.0179385,0.0273168,0.0184391,0.000230282,0.00869541,0.0313802,0.0203859,0.00772798,0.0120045,
2.535,0.00941429,0.00191871,0.00854381,0.0127631,0.0059178,0.00218831,0.0255277,0.0223834,0.0182081,0.016719,0.0227526,0.0144193,0.0131372,0.00296248,0.00795342,0.00849755,0.0381727,0.00180731,0.00177384,0.00200813,0.00335855,0.00287338,0.00221291,0.00376975,0.00107192,0.0390665,0.0318437,0.00134761,0.0271838,0.00823889,0.0352679,0.0214929,0.0321824,0.00407113,0.000661076,0.00283788,0.00258905,0.0189998,0.015889,0.0181541,0.00881659,0.00108881,0.00881833,0.013414,0.00580283,0.00211658,0.0215602,0.0178192,0.00699198,0.00521782,0.0183342,0.00302547,0.0147467,0.00311609,0.0116307,0.0121671,0.0443042,0.00152561,0.00132365,0.00123858,0.00285779,0.00224537,0.00155682,0.00360021,0.00115923,0.028676,0.0289142,0.000742547,0.0219934,0.000799033,0.0315772,0.0185311,0.0280576,0.0185867,0.000247922,0.00888778,0.0317826,0.0203667,0.00801377,0.0123624,
2.54,0.00939955,0.00191605,0.00858704,0.0127691,0.00655137,0.00232416,0.0261561,0.0229283,0.0182679,0.0166136,0.0228011,0.014404,0.0127793,0.00286825,0.00802643,0.00861963,0.0381989,0.00189412,0.00186339,0.00211772,0.00353881,0.0030316,0.00232846,0.00377089,0.00108283,0.0391696,0.0318902,0.0014169,0.0281933,0.0083551,0.035423,0.0220221,0.0327583,0.00404044,0.000721105,0.00295069,0.00252679,0.0189923,0.0160982,0.0185663,0.0088528,0.00109845,0.00879344,0.0134269,0.00579783,0.00210153,0.0222504,0.0186017,0.007098,0.00532628,0.0184132,0.00134648,0.0142569,0.00302103,0.0114317,0.0119842,0.0443195,0.0015867,0.00139313,0.00133491,0.00299626,0.00235926,0.0016415,0.00362206,0.00118013,0.0290996,0.0290666,0.000788624,0.022989,0.000810952,0.031592,0.0191502,0.0288418,0.0187283,0.000264005,0.00909786,0.0321813,0.0203551,0.00832638,0.0127431,
2.545,0.00938324,0.00191303,0.00860579,0.0127753,0.005291,0.00239573,0.026735,0.023361,0.0184069,0.0166581,0.0228435,0.0143975,0.0125395,0.00282473,0.00810416,0.00873685,0.0382215,0.00198961,0.00196138,0.00223808,0.00373917,0.00320647,0.00245711,0.00377414,0.00111387,0.0392512,0.0319244,0.00149187,0.0291501,0.00843486,0.0354572,0.0225022,0.0332313,0.00402066,0.000786268,0.00315718,0.00248585,0.0189842,0.0163188,0.0189875,0.00888803,0.00111121,0.00877231,0.0134419,0.00579245,0.00210871,0.0229657,0.0194009,0.00723143,0.00544308,0.018507,0.0028632,0.0139061,0.00296704,0.0114061,0.0119825,0.0443394,0.00165622,0.00147595,0.00144875,0.00315359,0.00249204,0.00174099,0.00364338,0.00123079,0.0294971,0.0292039,0.000847173,0.0245935,0.000814013,0.031601,0.019791,0.0296565,0.0188521,0.000278681,0.00933635,0.0325581,0.0203499,0.00866379,0.013143,
2.55,0.00936061,0.00190916,0.0085847,0.0127815,0.00599647,0.00230697,0.027245,0.0236474,0.01864,0.0168439,0.0228715,0.01438,0.0123045,0.0027827,0.00819065,0.008844,0.0382388,0.00209347,0.00206792,0.00237053,0.00396155,0.00339924,0.00259929,0.00377814,0.00112194,0.0393113,0.0319391,0.0015725,0.030025,0.0084741,0.0353805,0.0229155,0.0335729,0.00398069,0.000856416,0.00343052,0.00243473,0.0189639,0.0165489,0.019418,0.00891581,0.0011205,0.00874031,0.0134592,0.00648294,0.00211473,0.0236999,0.0201962,0.00739955,0.0055689,0.0186033,0.00131542,0.0135821,0.0029168,0.0115701,0.0121771,0.0443646,0.00173522,0.00157285,0.00157996,0.00333269,0.00264541,0.00185561,0.00366777,0.00128027,0.0298608,0.029315,0.000918656,0.0265082,0.000807565,0.0316045,0.0204457,0.0304833,0.0189497,0.000292022,0.00960937,0.0329062,0.020331,0.00902347,0.0135583,
2.555,0.0093406,0.00190541,0.00856511,0.0127883,0.00598378,0.00217654,0.0276651,0.0237563,0.0189906,0.0172106,0.0228882,0.0143746,0.0121859,0.00278345,0.00828455,0.00893956,0.038253,0.00220622,0.00218291,0.00251574,0.00420499,0.00361102,0.0027552,0.00378272,0.00110096,0.039349,0.0319509,0.00165926,0.0307828,0.00847116,0.0352025,0.0232421,0.0337545,0.003971,0.000931244,0.0037847,0.00241744,0.0189433,0.0167889,0.0198568,0.00894608,0.00113141,0.00871167,0.0134772,0.0051627,0.002102,0.0244437,0.0209664,0.00761013,0.00570513,0.0187132,0.00277187,0.0134088,0.0029046,0.0119309,0.0125687,0.0443944,0.0018238,0.00168328,0.00172719,0.0035352,0.00281856,0.00198491,0.00369378,0.00132846,0.0301795,0.0293959,0.00100342,0.0287172,0.000791282,0.0316018,0.0211053,0.0312991,0.019019,0.000304548,0.00992407,0.0332175,0.020303,0.00940212,0.0139847,
2.56,0.00931903,0.00190082,0.00853913,0.0127949,0.00594064,0.00209578,0.0279725,0.0236616,0.0194527,0.0177247,0.0228929,0.0143763,0.0121251,0.00280289,0.00838581,0.00902353,0.0382632,0.00232922,0.00230763,0.00267365,0.00447059,0.00384228,0.00292415,0.00379151,0.00113311,0.0393675,0.0319598,0.00175204,0.0313936,0.00842598,0.0349309,0.0234616,0.0337507,0.00397403,0.00101023,0.00418587,0.00241468,0.018937,0.0170379,0.0203027,0.00897138,0.00114325,0.00868441,0.0134983,0.00575515,0.00212769,0.0251857,0.0216879,0.00786446,0.00585252,0.0188298,0.00129712,0.0133237,0.0029118,0.0124795,0.013148,0.044431,0.00192123,0.0018064,0.00188904,0.00376128,0.00301151,0.00212808,0.00373515,0.00140907,0.0304432,0.0294405,0.00110077,0.0309889,0.00076549,0.031592,0.0217587,0.0320793,0.0190534,0.000316406,0.0102812,0.0334828,0.0203015,0.00979596,0.0144178,
2.565,0.00929429,0.00189623,0.00852273,0.0128012,0.00593937,0.001971,0.0281444,0.0233468,0.0200255,0.0183821,0.0228835,0.01438,0.0121605,0.00285509,0.00849178,0.0090979,0.0382676,0.00246257,0.00244227,0.00284325,0.00476045,0.00409232,0.00310593,0.00379857,0.00110652,0.0393622,0.0319582,0.00185061,0.0318299,0.00833951,0.0345727,0.0235546,0.0335411,0.0039922,0.00109283,0.00464249,0.00243886,0.0189108,0.0172949,0.0207534,0.00899024,0.00115485,0.00865775,0.0135228,0.00576323,0.00212861,0.0259137,0.0223378,0.0081631,0.00601202,0.0189567,0.00281737,0.0133625,0.0029492,0.013192,0.013887,0.0444736,0.00202762,0.00194138,0.00206326,0.00401157,0.00322267,0.00228447,0.00377634,0.00146429,0.0306466,0.0294438,0.00120921,0.0332603,0.00073071,0.0315764,0.0223938,0.0327993,0.0190498,0.000328636,0.0106815,0.0336942,0.0202676,0.0102007,0.0148532,
2.57,0.0092685,0.00189091,0.00849845,0.0128077,0.00591527,0.00181184,0.0281611,0.0228157,0.0206862,0.0191384,0.0228571,0.0143882,0.0122874,0.0029387,0.00860422,0.00916346,0.038268,0.00260638,0.00258665,0.00302422,0.0050736,0.00436015,0.00329915,0.00379857,0.00107618,0.0393281,0.0319493,0.00195495,0.0320698,0.00821476,0.0341374,0.0235048,0.0331177,0.00402258,0.00117816,0.00510175,0.00248415,0.0188852,0.0175582,0.0212074,0.00900363,0.00116611,0.0086372,0.0135482,0.00575362,0.00211866,0.0266146,0.0228941,0.00849716,0.0061839,0.0190895,0.00130946,0.0135157,0.00301516,0.0140323,0.0147493,0.0445229,0.00214264,0.00208534,0.00224725,0.0042838,0.00345237,0.00245554,0.00379838,0.00151384,0.0307739,0.0294024,0.00132665,0.0352876,0.000687853,0.0315577,0.0229983,0.0334375,0.0190042,0.000341977,0.0111157,0.0338414,0.0202385,0.0106122,0.0152865,
2.575,0.00923955,0.00188499,0.00847459,0.0128132,0.00589835,0.0016588,0.028011,0.0220991,0.0214226,0.0199749,0.0228195,0.0144007,0.0124827,0.00304295,0.00872348,0.00921848,0.0382645,0.00275981,0.00274094,0.00321443,0.00540972,0.00464688,0.0035056,0.00380258,0.00105346,0.0392809,0.0319384,0.00206462,0.0321034,0.00805782,0.0336497,0.0233066,0.0324936,0.00406315,0.00126575,0.00557977,0.00254641,0.0188628,0.0178252,0.0216614,0.00901703,0.00118178,0.00864372,0.0135754,0.00574324,0.00210755,0.0272752,0.0233349,0.00886082,0.00636826,0.0192292,0.00302262,0.0137535,0.0031006,0.0149592,0.0156891,0.044579,0.0022664,0.00223727,0.00244282,0.00457976,0.00370278,0.00264136,0.0038224,0.00156788,0.0308334,0.0293199,0.0014508,0.0371272,0.000637832,0.0315363,0.0235601,0.033975,0.0189212,0.000357393,0.0115777,0.0339222,0.0202118,0.0110269,0.0157135,
2.58,0.0092106,0.00187834,0.00845095,0.0128195,0.0058882,0.00154626,0.0276967,0.0212559,0.0222089,0.0208531,0.0227745,0.0144217,0.0127656,0.00317763,0.00884772,0.00926435,0.038255,0.00292182,0.00290341,0.003415,0.00576944,0.00495262,0.00372456,0.00380754,0.00104636,0.039221,0.0319284,0.0021795,0.0319247,0.00787792,0.0331451,0.022969,0.0317103,0.00412099,0.00135477,0.00602149,0.0026319,0.0188408,0.0180957,0.0221123,0.00902596,0.00119896,0.00856788,0.0136043,0.0057317,0.00210848,0.0278823,0.0236453,0.00924113,0.00656398,0.0193742,0.00135412,0.0140908,0.0032128,0.0159223,0.0166477,0.0446407,0.00240028,0.00239708,0.00265024,0.00489962,0.00397162,0.00284009,0.00385239,0.00161359,0.0308109,0.0291986,0.0015799,0.0386796,0.000581624,0.0315149,0.024067,0.0343974,0.0188033,0.000376219,0.0120535,0.033931,0.0201874,0.0114415,0.0161296,
2.585,0.00917902,0.0018706,0.00842966,0.0128244,0.00695063,0.00166304,0.0272399,0.0203636,0.0230296,0.0217524,0.022731,0.0144509,0.0130842,0.00331688,0.0089756,0.00930732,0.0382417,0.00309116,0.00307304,0.00362654,0.00615262,0.00527638,0.00395541,0.00381269,0.00114395,0.0391696,0.0319338,0.00229958,0.0315493,0.00768707,0.0326665,0.0225205,0.0308319,0.00418882,0.00144523,0.00644265,0.00272513,0.0188473,0.0183662,0.0225578,0.00903142,0.00121358,0.00854259,0.0136356,0.0057194,0.00220036,0.0284237,0.0238147,0.00962945,0.00677029,0.0195245,0.00342497,0.0144715,0.00333041,0.0168617,0.0175559,0.0447081,0.00254395,0.00256541,0.00286822,0.00524222,0.00425787,0.00305041,0.0038878,0.00169277,0.0307326,0.0290552,0.00171282,0.0400262,0.00052014,0.0314962,0.024508,0.0346942,0.0186668,0.000399862,0.012534,0.0338809,0.0201983,0.0118532,0.0165308,
2.59,0.00913796,0.00186166,0.00840729,0.0128291,0.00593895,0.0015213,0.02668,0.0194949,0.023858,0.0226356,0.0226848,0.0144685,0.0134483,0.00346757,0.00910969,0.0093438,0.0382255,0.00326613,0.00324846,0.00384758,0.00655686,0.00561667,0.00419662,0.00381727,0.00111439,0.0391118,0.0319218,0.00242498,0.0309934,0.0074976,0.0322559,0.0220026,0.0299363,0.00424564,0.0015372,0.00678851,0.00282367,0.0187956,0.0186355,0.022993,0.00903687,0.00123146,0.00849914,0.0136675,0.0057071,0.00223322,0.0288875,0.0238362,0.010011,0.00698533,0.0196739,0.00143278,0.0149008,0.00345755,0.0177175,0.0183559,0.0447797,0.00269668,0.00274013,0.00309388,0.00560823,0.0045603,0.00326996,0.00392609,0.00169727,0.0305859,0.0288882,0.00184794,0.0410664,0.000453054,0.0314837,0.0248724,0.034858,0.018512,0.000429954,0.0130033,0.0337731,0.0201331,0.0122593,0.0169142,
2.595,0.00909533,0.0018538,0.00838429,0.012833,0.00464644,0.00138192,0.0260653,0.0187073,0.0246811,0.0234897,0.022646,0.0145348,0.0138264,0.00361414,0.00924741,0.00938029,0.0382061,0.0034477,0.00343031,0.0040774,0.00698422,0.00597419,0.00444743,0.00382147,0.00106017,0.0390703,0.0319805,0.00255547,0.0302804,0.0073207,0.0319488,0.0214623,0.0290928,0.00433557,0.00163045,0.00708229,0.00293503,0.0193422,0.018902,0.0234145,0.00904233,0.00125189,0.00848472,0.0137008,0.00569479,0.00222049,0.0292619,0.0237096,0.0103777,0.00720722,0.0198256,0.00386148,0.0153479,0.00358173,0.0184436,0.0190109,0.0448556,0.00285762,0.00291994,0.00332439,0.00599667,0.00488003,0.00349945,0.00396764,0.00169394,0.0303938,0.0287101,0.00198478,0.0418835,0.000379,0.0314775,0.0251501,0.0348829,0.0183682,0.00046805,0.0134546,0.0336237,0.0206184,0.0126582,0.0172783,
2.6,0.00904533,0.00184171,0.00836236,0.0128361,0.00584337,0.00124513,0.0254418,0.0180292,0.0254749,0.0242782,0.0226222,0.0146417,0.0142036,0.0037498,0.0093912,0.00942269,0.0381845,0.00363544,0.00361822,0.00431373,0.00743408,0.00634655,0.00470758,0.00382872,0.00102144,0.0390535,0.0320974,0.00269036,0.0294446,0.00716505,0.0317673,0.0209376,0.0283474,0.00445508,0.00172529,0.00727233,0.00305637,0.0200551,0.0191634,0.0238191,0.00904729,0.00126999,0.00843297,0.0137339,0.00568787,0.00218555,0.0295358,0.023439,0.0107175,0.00743343,0.0199756,0.00150992,0.0157952,0.00369729,0.0190136,0.0194999,0.0449343,0.00302552,0.00310244,0.00356076,0.00640819,0.00521673,0.00373825,0.00402346,0.0016819,0.030161,0.0285345,0.00212232,0.0424009,0.000295567,0.0314806,0.0253325,0.0347667,0.018253,0.000516078,0.0138767,0.0334565,0.0212741,0.0130489,0.0176228,
2.605,0.00899059,0.00182733,0.00833638,0.0128386,0.00494081,0.00118792,0.0248438,0.0174689,0.0262207,0.0249809,0.0226056,0.0147537,0.0145596,0.00386556,0.00953776,0.00946682,0.0381622,0.00382757,0.00381127,0.00455697,0.00790723,0.00673422,0.00497625,0.00382911,0.00101718,0.039043,0.0322236,0.00282918,0.0285257,0.00703621,0.0317175,0.0204533,0.0277219,0.0045768,0.00182141,0.00736897,0.00317389,0.020698,0.0194175,0.0242031,0.00905374,0.00128833,0.00840888,0.0137671,0.00583512,0.00215245,0.0296991,0.0230331,0.0110202,0.00766123,0.0201172,0.00395055,0.0162214,0.00379643,0.01942,0.019821,0.0450126,0.00319932,0.00328671,0.00380251,0.00684327,0.00556757,0.0039854,0.0040679,0.00167363,0.0298928,0.0283602,0.00226021,0.0426581,0.000199433,0.0314946,0.0254114,0.0345109,0.0181548,0.000575446,0.0142592,0.0332759,0.0218645,0.0134309,0.0179487,
2.61,0.00892532,0.00181005,0.00831508,0.0128401,0.00583914,0.00109304,0.024291,0.0170197,0.0268931,0.0255662,0.0225945,0.0148538,0.0149027,0.00396951,0.00968944,0.00952253,0.0381376,0.00402253,0.00400772,0.00480665,0.00840431,0.00713607,0.00525185,0.00383121,0.00100066,0.0390351,0.0323375,0.00297101,0.0275673,0.00693648,0.0317928,0.0200209,0.027214,0.00468884,0.00191867,0.00733151,0.0032859,0.0212032,0.0196631,0.0245636,0.00906069,0.00130841,0.00837549,0.0138007,0.00574247,0.00210269,0.0297428,0.0225067,0.0112722,0.00788752,0.0202447,0.00152537,0.0166308,0.00388516,0.0196711,0.0199842,0.0450903,0.00337964,0.00347291,0.00404729,0.00730339,0.00593446,0.00423932,0.00411559,0.00163957,0.0295824,0.0281938,0.0023989,0.0425651,8.68854e-05,0.0315199,0.0253815,0.034122,0.0180719,0.000647636,0.0145852,0.0330977,0.02232,0.0138043,0.0182574,
2.615,0.00885321,0.00179034,0.00828484,0.0128401,0.00583618,0.00101369,0.0237874,0.0166604,0.0274819,0.0260266,0.0225863,0.0149499,0.0151773,0.00403054,0.00984597,0.0095874,0.038114,0.00421874,0.00420546,0.00506133,0.00892627,0.00755154,0.0055324,0.00383082,0.000988267,0.0390373,0.0324562,0.00311481,0.0266201,0.00686566,0.0319795,0.0196386,0.0268021,0.00478281,0.00201698,0.00723191,0.00337499,0.0217779,0.0198996,0.0248978,0.0090721,0.00133081,0.00834231,0.0138329,0.00575592,0.00204252,0.0296612,0.021881,0.0114686,0.0081096,0.0203527,0.00394224,0.0169727,0.0039404,0.0197909,0.0200189,0.0451638,0.00356639,0.00366162,0.00429328,0.00778902,0.00631538,0.00449868,0.00416093,0.00161177,0.0292666,0.0280347,0.0025384,0.0422744,-4.49407e-05,0.031557,0.0252413,0.0336098,0.0180061,0.000733464,0.0148496,0.0329339,0.022848,0.0141687,0.0185504,
2.62,0.00877216,0.00176786,0.00824842,0.0128392,0.00581883,0.000936233,0.023324,0.0163558,0.0279648,0.026339,0.0225778,0.0150367,0.0154326,0.00408677,0.0100068,0.00966917,0.038091,0.00441506,0.00440457,0.00531852,0.00947328,0.0079804,0.00581747,0.00383082,0.000980005,0.0390274,0.0325588,0.00326011,0.0257112,0.00682151,0.0322585,0.0192949,0.0264505,0.00486749,0.00211567,0.00701653,0.00345783,0.02223,0.0201243,0.0252023,0.00908599,0.00135182,0.00830873,0.0138635,0.00563674,0.00197332,0.0294523,0.0211829,0.011599,0.00832427,0.0204383,0.00152537,0.0172881,0.00398876,0.0198187,0.0199659,0.0452331,0.00375925,0.00385135,0.00454028,0.00830358,0.00671101,0.00476444,0.0042079,0.00157062,0.028904,0.027877,0.00267825,0.0416263,-0.000197609,0.0316064,0.0249941,0.0329919,0.0179436,0.000833225,0.0150386,0.0327701,0.0232578,0.0145248,0.0188291,
2.625,0.0086832,0.00174175,0.00820902,0.0128372,0.00657971,0.000887261,0.0228814,0.0160622,0.0283364,0.0265032,0.0225717,0.0151242,0.0156015,0.00409709,0.0101717,0.00976994,0.0380691,0.00461189,0.00460405,0.00557771,0.0100457,0.00842287,0.00610521,0.0038293,0.000976971,0.0390296,0.0326703,0.00340633,0.0248759,0.00679998,0.0326011,0.0189694,0.0261177,0.00493824,0.00221504,0.00677497,0.00351839,0.0227786,0.020337,0.0254744,0.00910385,0.00137352,0.00827911,0.0138926,0.00570364,0.0018988,0.0291198,0.0204391,0.0116641,0.00852917,0.0204996,0.00388935,0.0175186,0.00400198,0.019805,0.0198818,0.0452958,0.00395728,0.0040421,0.00478829,0.00884886,0.00712134,0.00503526,0.0042574,0.00154099,0.0285486,0.0277267,0.00281787,0.0408245,-0.000369556,0.0316699,0.0246488,0.0322918,0.0178968,0.000946032,0.0151541,0.0326314,0.0237589,0.0148718,0.0190943,
2.63,0.0085853,0.00171577,0.00818708,0.0128342,0.00586367,0.000951065,0.0224335,0.0157367,0.0285844,0.0265208,0.02256,0.015189,0.0157688,0.00412192,0.010339,0.00989632,0.0380517,0.00480695,0.00480298,0.00583843,0.0106404,0.00887772,0.00639377,0.00382739,0.00097284,0.0390016,0.0327446,0.00355302,0.0241063,0.00679471,0.0329727,0.0186381,0.0257588,0.00499598,0.00231463,0.00647134,0.00357864,0.023078,0.0205361,0.0257118,0.0091232,0.00139766,0.00825047,0.0139195,0.00583128,0.00183863,0.0286745,0.0196786,0.0116595,0.0087217,0.020537,0.00151857,0.0177387,0.00402201,0.0198111,0.0198273,0.0453506,0.00415867,0.00423257,0.0050355,0.0094281,0.0075467,0.00530943,0.00430581,0.00150492,0.0281367,0.0275664,0.00295668,0.0397247,-0.000394176,0.0317479,0.0242214,0.031537,0.0178342,0.00107077,0.0151897,0.032476,0.0240164,0.0152101,0.0193466,
2.635,0.00847898,0.00168386,0.00814385,0.0128289,0.00654249,0.000598374,0.0219523,0.0153413,0.028721,0.0264266,0.0225463,0.0152575,0.0158658,0.00411579,0.0105109,0.0100471,0.0380372,0.0049994,0.0049998,0.00609835,0.0112368,0.00934451,0.00668265,0.00382453,0.000968709,0.0389752,0.0328227,0.00369925,0.0234034,0.00679868,0.0333413,0.0182748,0.0253334,0.00504069,0.00241453,0.00622263,0.00362064,0.0234992,0.0207201,0.0259126,0.00914702,0.00142343,0.00823625,0.0139439,0.00547258,0.00176225,0.0281361,0.0189322,0.0115959,0.00890033,0.0205541,0.00386795,0.0178926,0.00401888,0.0198871,0.0198495,0.045395,0.00436301,0.00442359,0.00528068,0.0100441,0.00798836,0.00558677,0.00435441,0.00149111,0.0277301,0.0274029,0.00309421,0.0386885,-0.000421075,0.0318422,0.0237336,0.0307614,0.0177744,0.00120492,0.015159,0.0323251,0.0243971,0.015539,0.0195858,
2.64,0.00836845,0.00164844,0.00810487,0.0128228,0.00633271,0.00165221,0.0214119,0.0148516,0.0287614,0.0262733,0.0225223,0.0152898,0.0159927,0.00414249,0.0106873,0.0102305,0.0380298,0.00518808,0.0051934,0.00635635,0.0118084,0.00982231,0.00697039,0.00383044,0.000958898,0.0389086,0.0328422,0.0038442,0.0227231,0.0068049,0.0336865,0.0178564,0.0248154,0.00506108,0.00251428,0.00601472,0.00366254,0.0235872,0.0208888,0.0260752,0.00917133,0.00144792,0.00824513,0.0139665,0.00562675,0.00170648,0.0275329,0.0182261,0.0114824,0.00906358,0.0205547,0.00151664,0.0180722,0.00403891,0.0200658,0.0199781,0.0454301,0.00457114,0.00461582,0.00552358,0.0106952,0.00844687,0.00586651,0.00442992,0.00148564,0.0272561,0.0272117,0.00322967,0.0376833,-0.000448691,0.0319544,0.023214,0.0300029,0.0176749,0.00134523,0.0150698,0.0321191,0.0244534,0.0158574,0.0198119,
2.645,0.00824318,0.00160952,0.00805376,0.0128156,0.0039968,-0.000246389,0.0207929,0.0142642,0.0287378,0.0260457,0.0225794,0.0159346,0.0160628,0.00415116,0.0108646,0.0104455,0.0380279,0.00537195,0.00538278,0.00661135,0.0123427,0.0103091,0.00725545,0.00381804,0.000931079,0.0389731,0.0335395,0.00398707,0.0219362,0.00680709,0.0339932,0.0173643,0.0241937,0.00555252,0.00261327,0.0057976,0.0039033,0.0282192,0.021041,0.0261977,0.00919961,0.00147624,0.0082001,0.0139851,0.00563097,0.00162409,0.0268992,0.0175882,0.0113481,0.00921145,0.0206117,0.00387676,0.0182157,0.00404658,0.0203551,0.0202151,0.0454534,0.00478117,0.00480722,0.00576331,0.0113604,0.00892189,0.00614727,0.00446225,0.00147809,0.0267647,0.0270145,0.00336317,0.0365732,-0.000476046,0.0320849,0.0226928,0.0293008,0.0178112,0.00148894,0.0149858,0.0319297,0.0288926,0.0161642,0.0200238,
2.65,0.00811212,0.00156794,0.00826333,0.0128066,0.00559721,0.0114906,0.0200854,0.0135959,0.0287107,0.0259659,0.0225449,0.0158433,0.0162026,0.00419506,0.0110467,0.010694,0.038032,0.00555059,0.00556729,0.00686303,0.0128321,0.0107976,0.00753709,0.003848,0.000920364,0.0388238,0.0334354,0.00412716,0.021137,0.00679977,0.0342479,0.0167904,0.0234779,0.00551114,0.00271113,0.00591041,0.00393417,0.0268284,0.0211768,0.0262805,0.0092259,0.00150294,0.00811912,0.0140001,0.00563866,0.00154887,0.026272,0.0170411,0.0112101,0.00934449,0.0206115,0.00151974,0.0184059,0.00408367,0.0207481,0.020548,0.0454646,0.00499289,0.00500093,0.00599913,0.0120069,0.00941557,0.00642802,0.00460858,0.00154425,0.0262652,0.026779,0.0034947,0.0366003,-0.000502098,0.0322361,0.0221986,0.028687,0.017651,0.00163451,0.0148909,0.0316556,0.0275202,0.0164579,0.0202199,
2.655,0.00797211,0.0015231,0.00824991,0.0127962,0.00509053,0.0022547,0.0192936,0.0128835,0.0287024,0.0259855,0.0224493,0.0154149,0.0163111,0.00422385,0.0112345,0.0109784,0.0380447,0.00572337,0.00574602,0.00710946,0.0132604,0.0112664,0.00781389,0.00381269,0.000911328,0.0386138,0.0328948,0.00426356,0.0203699,0.00677763,0.0344419,0.0161375,0.0227007,0.00521359,0.0028074,0.00608828,0.00385748,0.0231108,0.0212952,0.0263229,0.00924972,0.00153323,0.00820938,0.0140112,0.00564251,0.00147319,0.0256829,0.016606,0.0110795,0.00946336,0.0205734,0.0040041,0.018573,0.00411027,0.0212285,0.0209623,0.0454639,0.00520397,0.00519371,0.00622924,0.0126209,0.00992621,0.00670853,0.00461364,0.00161359,0.0257836,0.0265354,0.00362358,0.036858,-0.000525937,0.0324091,0.0217541,0.0281841,0.0173557,0.00178118,0.014787,0.0313215,0.0238985,0.0167368,0.0203988,
2.66,0.00782369,0.00147547,0.00814853,0.012784,0.00465955,0.000108421,0.018438,0.0121697,0.0287003,0.0259934,0.0224265,0.0159517,0.0164505,0.00428495,0.0114275,0.0113038,0.0380657,0.00588883,0.00591795,0.00734965,0.013634,0.0117056,0.00808498,0.00379895,0.000873116,0.0385373,0.0336117,0.00439578,0.0194435,0.00673586,0.0345614,0.0154269,0.0219058,0.00554727,0.00290163,0.00611432,0.00401807,0.0302035,0.0213961,0.0263253,0.00927105,0.00156422,0.0082157,0.0140187,0.0057417,0.00139358,0.0251557,0.0162921,0.0109621,0.00956844,0.0205828,0.00154182,0.0187887,0.00416144,0.021785,0.0214457,0.0454502,0.00541442,0.00538168,0.00645328,0.0131799,0.0104526,0.0069872,0.00460207,0.00163795,0.0251631,0.0262471,0.00374923,0.0366296,-0.000547235,0.0326059,0.021374,0.0278011,0.0173179,0.00192801,0.0147063,0.0308911,0.0305833,0.016999,0.0205584,
2.665,0.0076721,0.00142543,0.00970217,0.012774,0.00489513,0.0125018,0.0175563,0.0115051,0.0287931,0.0261935,0.0236883,0.0157649,0.0165903,0.00433296,0.0116254,0.0116679,0.038096,0.00604676,0.0060817,0.00758245,0.013969,0.0121108,0.00834831,0.00702348,0.000993043,0.040672,0.0331817,0.0045235,0.0184847,0.00667004,0.0345944,0.014699,0.0211541,0.00530957,0.00299353,0.00649287,0.00399685,0.0248276,0.0214807,0.0262896,0.00928544,0.00159532,0.0100996,0.0140352,0.00614653,0.00171041,0.0247035,0.0160974,0.01093,0.00966742,0.0207678,0.00723256,0.0192651,0.00445196,0.0224096,0.0219943,0.0454234,0.00562298,0.00556956,0.00667046,0.0136678,0.0109855,0.0072627,0.0139684,0.00177801,0.0249001,0.026064,0.00387129,0.0373452,-0.000565536,0.0328248,0.0210638,0.0275365,0.0171625,0.00207476,0.0147232,0.0307249,0.0256355,0.0172429,0.0206969,
2.67,0.00750946,0.00137346,0.0102927,0.0127616,0.00679498,0.00307734,0.0167053,0.0109388,0.0288937,0.0263389,0.0235688,0.0159893,0.016669,0.00434493,0.0118268,0.0120764,0.0381372,0.00619591,0.00623701,0.00780649,0.0142737,0.0124799,0.00860325,0.00532093,0.00100518,0.0401235,0.0336502,0.00464601,0.0173859,0.00657694,0.0345363,0.0140129,0.0205083,0.0057448,0.00308285,0.00663921,0.00425024,0.0303183,0.0215487,0.0262187,0.00929884,0.00162515,0.0102669,0.0140358,0.00591163,0.00160511,0.0243308,0.0160131,0.0109213,0.00975909,0.020832,0.00204667,0.019463,0.00447763,0.0231059,0.0226112,0.0453836,0.00582837,0.00574965,0.00687936,0.0141112,0.0114952,0.0075339,0.0120278,0.00183081,0.024349,0.0257606,0.00398873,0.0375264,-0.000580582,0.0330668,0.0208254,0.0273799,0.0170641,0.00222114,0.0147837,0.0303827,0.0304503,0.0174672,0.0208134,
2.675,0.00736261,0.00131907,0.011324,0.0127494,0.00618637,0.00472448,0.0159571,0.0105242,0.0290616,0.0266081,0.0242437,0.0157723,0.016791,0.00438531,0.0120369,0.0125303,0.0381893,0.00633627,0.00638285,0.00802075,0.0145511,0.0128056,0.0088477,0.00684406,0.00251691,0.0409096,0.0332181,0.00476262,0.0163758,0.00645602,0.034396,0.0134314,0.0200303,0.00555201,0.00316946,0.0069979,0.00424006,0.0251484,0.0216012,0.0261151,0.00931223,0.00165359,0.0115134,0.0140399,0.00597199,0.00310711,0.0240371,0.0160285,0.0109707,0.00984934,0.020979,0.00716976,0.0198513,0.00467097,0.0238762,0.0233015,0.045331,0.00602976,0.00592548,0.0070785,0.0145191,0.0119761,0.0077994,0.014394,0.00244035,0.0240918,0.0256352,0.00410098,0.0383247,-0.00059224,0.0333314,0.0206552,0.0273197,0.0168777,0.0023676,0.014908,0.030167,0.0259098,0.0176708,0.020907,
2.68,0.00718155,0.0012631,0.0117797,0.0127339,0.00771065,0.00559726,0.0153853,0.0103098,0.0292603,0.0268717,0.0242169,0.0158665,0.0168535,0.0043895,0.0122537,0.0130294,0.0382516,0.0064668,0.0065186,0.00822239,0.014806,0.0130869,0.00908071,0.00496916,0.00195491,0.0402524,0.0333513,0.0048724,0.0152697,0.00631002,0.034195,0.0130082,0.019773,0.00576963,0.00325358,0.00726969,0.00443596,0.0278698,0.0216388,0.0259831,0.00931918,0.0016833,0.0115413,0.0140281,0.00578053,0.00275487,0.0238211,0.0161349,0.0110342,0.0099365,0.0210171,0.00203752,0.0199918,0.00464249,0.0247259,0.0240687,0.0452642,0.00622494,0.0060927,0.00726619,0.0149059,0.0124176,0.00805756,0.0125381,0.0023027,0.0235795,0.0253229,0.00420769,0.038864,-0.000600512,0.0336178,0.020551,0.0273456,0.0167114,0.00251465,0.0150593,0.0297922,0.0279479,0.0178524,0.020978,
2.685,0.00708365,0.00120629,0.0123828,0.0127169,0.00630691,0.0095183,0.0150429,0.0103328,0.0294965,0.0271823,0.0247834,0.0158567,0.0168468,0.00436714,0.0124789,0.0135702,0.0383251,0.0065877,0.00664387,0.00841106,0.0150378,0.0133286,0.00930012,0.00696221,0.00484839,0.0410892,0.0330732,0.00497513,0.0145196,0.00614453,0.0339633,0.0127788,0.0197726,0.00567424,0.00333513,0.00762677,0.00440436,0.0245201,0.0216628,0.0258274,0.00934895,0.00170791,0.0125658,0.0140207,0.00616114,0.00618356,0.0236812,0.0163274,0.0111429,0.0100273,0.0211666,0.00733337,0.0202712,0.00478521,0.0256626,0.0249192,0.0451845,0.00641369,0.00625176,0.00744095,0.015277,0.0128181,0.00830617,0.0147665,0.00401149,0.0234313,0.0253802,0.00430804,0.0398427,-0.000605332,0.0339232,0.0205112,0.0274525,0.0165926,0.0026617,0.0152528,0.0295976,0.025124,0.0180119,0.0210263,
2.69,0.00694312,0.00115202,0.0122685,0.0126955,0.00630776,0.0119911,0.0149507,0.0106099,0.0297429,0.0274782,0.0247277,0.0160059,0.0168942,0.00438105,0.0127113,0.014157,0.0384087,0.00669815,0.00675739,0.00858472,0.0152463,0.0135392,0.00950758,0.00506612,0.00487834,0.0403545,0.0332104,0.00507022,0.0139925,0.00596613,0.0337259,0.0127559,0.0200387,0.00585239,0.00341434,0.00787348,0.00450947,0.0255513,0.021675,0.0256525,0.00938963,0.00173182,0.0125105,0.0139981,0.00585396,0.0079994,0.0236186,0.0166094,0.0112522,0.0101202,0.0212166,0.0020737,0.020364,0.00473576,0.0266946,0.0258611,0.0450925,0.00659476,0.00639851,0.00760158,0.0156386,0.0131609,0.0085437,0.01283,0.00432202,0.0230811,0.0252596,0.00440181,0.040528,-0.000606895,0.0342482,0.0205363,0.0276417,0.0164591,0.00280823,0.0154429,0.0292675,0.0261769,0.0181488,0.0210527,
2.695,0.00686048,0.00108965,0.0120559,0.0126709,0.00516285,0.0155536,0.0151028,0.0111342,0.0299997,0.0277846,0.0247889,0.0160887,0.0168439,0.00434298,0.0129508,0.0147906,0.0385015,0.00679772,0.00685878,0.00874176,0.0154384,0.0137222,0.0096994,0.00544156,0.00669195,0.0400981,0.0331388,0.00515699,0.0140084,0.00578178,0.0335076,0.0129341,0.0205548,0.00588923,0.0034912,0.00817976,0.00447542,0.023249,0.0216771,0.0254636,0.00946554,0.00175271,0.012709,0.0139746,0.00610386,0.0116996,0.0236336,0.0169852,0.011375,0.0102193,0.0213005,0.00621338,0.0204592,0.00474272,0.0278206,0.026891,0.0449877,0.00676687,0.00653469,0.00774659,0.0160169,0.0134585,0.008768,0.012169,0.00563596,0.022978,0.025347,0.00448762,0.0414478,-0.000605202,0.0345887,0.0206275,0.0279163,0.0163533,0.00295305,0.0156285,0.0291073,0.0245007,0.0182633,0.0210577,
2.7,0.00681206,0.00103297,0.0113195,0.0126404,0.00430639,0.0198379,0.015478,0.0118854,0.0302522,0.0280939,0.024607,0.0162835,0.0168288,0.00433663,0.0131988,0.015471,0.0386035,0.00688652,0.0069475,0.008881,0.0156164,0.0138802,0.00987458,0.00422287,0.00845277,0.0393169,0.0332643,0.00523531,0.0145701,0.00559866,0.0333352,0.0132974,0.0212906,0.00610452,0.00356581,0.00845168,0.00449165,0.0217578,0.0216704,0.025266,0.00958412,0.00177,0.0124248,0.0139407,0.00631762,0.015368,0.023727,0.0174568,0.0114939,0.0103256,0.0213449,0.00187844,0.0204634,0.00466925,0.0290215,0.0279878,0.0448712,0.00692929,0.00665809,0.00787363,0.0164194,0.0137175,0.00897692,0.00988094,0.00704613,0.0228371,0.0254612,0.00456568,0.0423907,-0.000600512,0.0349417,0.0207852,0.028277,0.0162406,0.00309536,0.0157749,0.0288717,0.0239218,0.0183552,0.021042,
2.705,0.00674416,0.000975672,0.0105206,0.0126052,0.00392109,0.0227612,0.0160488,0.0128373,0.0304891,0.0283609,0.0244249,0.0164899,0.0166673,0.00425107,0.0134595,0.0161993,0.0387114,0.00696444,0.00702354,0.00900089,0.0157791,0.0140141,0.0100279,0.00394668,0.00997606,0.0388014,0.0333788,0.00530483,0.015599,0.00542436,0.0332447,0.0138221,0.0222091,0.0062971,0.00363837,0.00870504,0.0045048,0.021431,0.0216559,0.0250653,0.00973346,0.00178579,0.0120525,0.0139027,0.00597237,0.0192339,0.0238972,0.0180232,0.0116089,0.010441,0.0213838,0.00494194,0.0203289,0.00455939,0.0302621,0.0291129,0.0447441,0.0070798,0.00676759,0.00798175,0.0168507,0.0139445,0.00916869,0.00776737,0.00820028,0.0228178,0.0256056,0.0046352,0.0432411,-0.000593022,0.0353057,0.0210079,0.0287206,0.0162066,0.00323425,0.0158889,0.028823,0.0238651,0.0184251,0.021006,
2.71,0.00673258,0.00091983,0.00974561,0.0125657,0.00382762,0.0259731,0.0167851,0.0139629,0.0306746,0.0285343,0.0243809,0.0168812,0.0163969,0.00413553,0.0137283,0.0169725,0.038825,0.00703179,0.00708682,0.00910031,0.0159238,0.0141251,0.0101604,0.0037289,0.0120171,0.0385735,0.0336567,0.00536534,0.0170726,0.00526728,0.0332794,0.0144859,0.0232752,0.00666631,0.0037092,0.0088468,0.00460471,0.0221109,0.0216355,0.0248651,0.0099344,0.00179519,0.0116487,0.0138598,0.00580667,0.0226524,0.0241396,0.0186747,0.011715,0.0105678,0.0214389,0.00169746,0.0200743,0.00442943,0.0314845,0.030209,0.0446066,0.00721831,0.00686088,0.0080696,0.0173163,0.0141392,0.00934128,0.00616828,0.00982364,0.0228429,0.025834,0.00469537,0.0439947,-0.000582861,0.0356766,0.0212913,0.0292405,0.0162683,0.00336952,0.0159629,0.0288378,0.0248,0.018473,0.0209505,
2.715,0.00667415,0.000861933,0.00906879,0.0125208,0.00369609,0.0285184,0.0176546,0.0152418,0.0308082,0.0286133,0.0243961,0.0171681,0.0160143,0.00398432,0.0140092,0.0177793,0.038939,0.00708858,0.00713697,0.00917853,0.0160487,0.0142151,0.010272,0.00367431,0.013402,0.0384435,0.0338389,0.0054167,0.0188022,0.00513624,0.0334868,0.0152653,0.0244549,0.00693449,0.00377821,0.00895852,0.00466538,0.0223839,0.0216102,0.0246694,0.0101577,0.00180181,0.0109979,0.0138124,0.00586473,0.0254641,0.0244483,0.0193984,0.0118124,0.0107071,0.021506,0.00482752,0.0196896,0.00428624,0.0326222,0.0312133,0.0444586,0.00734324,0.00693832,0.00813618,0.0178194,0.0143046,0.00949255,0.00535953,0.0108815,0.022995,0.0260613,0.00474618,0.0445859,-0.000570356,0.0360534,0.0216303,0.0298271,0.0163638,0.00350063,0.016015,0.0290399,0.0252336,0.0184997,0.0208761,
2.72,0.00669468,0.000802585,0.00849589,0.012472,0.00375742,0.0310289,0.0186229,0.0166494,0.0308229,0.0285002,0.0245698,0.0176326,0.015464,0.00379422,0.0143005,0.0185992,0.039051,0.00713554,0.00717398,0.00923469,0.0161497,0.0142846,0.0103621,0.00364473,0.0155554,0.0385112,0.0341499,0.00545858,0.0207578,0.00503829,0.0338975,0.0161367,0.0257104,0.00737617,0.00384549,0.00885879,0.00480963,0.023166,0.0215812,0.0244807,0.010435,0.00180134,0.0109628,0.0137611,0.00531303,0.0283674,0.0248155,0.020179,0.0118895,0.0108608,0.0215975,0.00168554,0.0191357,0.00412138,0.0336095,0.0320657,0.0443018,0.0074551,0.00699706,0.00818055,0.0183427,0.0144416,0.00962109,0.00502009,0.012612,0.0231839,0.0263843,0.00478717,0.0450345,-0.000555637,0.0364337,0.0220174,0.0304659,0.0165501,0.003627,0.016021,0.0293007,0.0263031,0.0185054,0.0207842,
2.725,0.0066131,0.000735622,0.00801117,0.0124195,0.00358824,0.0326709,0.0196559,0.0181243,0.0307548,0.0282726,0.0247108,0.0179159,0.0147965,0.00358692,0.0146023,0.0194103,0.039156,0.00717173,0.00719795,0.00926785,0.0162239,0.0143343,0.0104315,0.00361419,0.0167957,0.0384676,0.0343234,0.00549108,0.0227588,0.00497821,0.0345207,0.0170801,0.0270021,0.00764435,0.00391126,0.00884183,0.00486542,0.0233991,0.0215497,0.0243008,0.0107158,0.00179832,0.0108119,0.0137067,0.0056006,0.030626,0.0252314,0.020999,0.0119515,0.0110291,0.0216849,0.00486715,0.0184202,0.00394596,0.0343909,0.0327179,0.0441344,0.00755179,0.0070406,0.00820263,0.0188639,0.0145521,0.00972609,0.00487937,0.0134666,0.0234486,0.0266514,0.00481824,0.0453756,-0.000539028,0.0368151,0.0224434,0.0311388,0.0167105,0.00374825,0.0160109,0.0296494,0.0266905,0.0184913,0.0206765,
2.73,0.00662784,0.00067422,0.0076012,0.0123623,0.00365126,0.0340492,0.0207222,0.0195877,0.0305309,0.0278123,0.0249611,0.0183721,0.0139209,0.00334731,0.0149146,0.020189,0.0392501,0.0071983,0.00720888,0.00927756,0.0162678,0.0143645,0.0104794,0.00358785,0.0187706,0.0385603,0.0346059,0.00551376,0.0249056,0.00495716,0.0353307,0.0180504,0.0282889,0.00808089,0.00397551,0.00861072,0.00501168,0.0242434,0.0215154,0.0241308,0.0110338,0.00178799,0.0107884,0.0136466,0.00682895,0.0326901,0.0256829,0.0218366,0.0119887,0.0112127,0.0217937,0.00169536,0.017463,0.00374362,0.034923,0.0331345,0.0439575,0.00763479,0.00706589,0.00820168,0.0193362,0.014634,0.00980678,0.00481903,0.0150543,0.0237353,0.0270022,0.00483937,0.0456405,-0.000520531,0.0371989,0.0228962,0.0318214,0.0169532,0.00386388,0.0159595,0.0300438,0.0277507,0.018458,0.0205546,
2.735,0.00653888,0.000605202,0.00724617,0.0123015,0.00346093,0.0348772,0.0217956,0.020981,0.0302103,0.0272641,0.0251697,0.0186508,0.013063,0.00313613,0.0152353,0.0209208,0.0393289,0.00721482,0.00720649,0.0092642,0.0162773,0.0143748,0.0105068,0.00355731,0.0198857,0.0385328,0.0347665,0.00552695,0.0270753,0.00497274,0.0362719,0.0190282,0.0295299,0.00835189,0.00403811,0.00851699,0.00506822,0.0243687,0.0214794,0.0239711,0.0113459,0.00177534,0.0106402,0.0135839,0.00674052,0.0341507,0.0261551,0.0226623,0.0120096,0.011411,0.0218999,0.00499013,0.0164334,0.00356326,0.0351792,0.0332935,0.0437705,0.00770305,0.00707673,0.00817839,0.0197214,0.0146901,0.00986298,0.00479464,0.0158858,0.0240668,0.0273008,0.00485046,0.045852,-0.00050047,0.0375831,0.0233612,0.0324851,0.0171564,0.00397365,0.0158966,0.0304848,0.0280651,0.0184071,0.0204206,
2.74,0.00651362,0.000527724,0.00693651,0.0122363,0.00344402,0.0355275,0.0228528,0.022273,0.0297463,0.0265297,0.0254227,0.0190207,0.0119587,0.00288276,0.0155614,0.0215923,0.0393865,0.00722141,0.00719162,0.00922765,0.0162516,0.0143657,0.0105131,0.00352715,0.0213221,0.0385589,0.0349751,0.00553042,0.0292752,0.00501861,0.0372685,0.019988,0.0306881,0.00871081,0.00409874,0.00830315,0.00517312,0.0249687,0.0214422,0.0238221,0.0116704,0.00175631,0.0105995,0.0135164,0.00579975,0.0353368,0.0266303,0.0234446,0.01201,0.0116238,0.0220092,0.00171668,0.015077,0.00334433,0.035154,0.0331888,0.0435735,0.00775666,0.00707154,0.00813342,0.0199888,0.0147195,0.00989482,0.00477983,0.0171261,0.0243909,0.0276315,0.00485196,0.0460266,-0.000478847,0.0379708,0.0238219,0.0330994,0.0173967,0.00407748,0.0158089,0.0309327,0.0288138,0.0183403,0.0202779,
2.745,0.00639993,0.000452058,0.00666326,0.0121678,0.00324481,0.0359077,0.0238741,0.0234396,0.0291926,0.0257444,0.0256335,0.0192584,0.0110005,0.00268069,0.0158929,0.0221943,0.0394192,0.00721807,0.00716388,0.00916803,0.0161886,0.0143373,0.0104994,0.0034928,0.0221599,0.038491,0.0351004,0.00682724,0.0313965,0.00508607,0.0382587,0.0209087,0.0317307,0.00894851,0.00415764,0.00817738,0.00521034,0.0250244,0.0214038,0.0236832,0.011977,0.00173251,0.0106527,0.013445,0.000774492,0.0361753,0.0270904,0.0241523,0.0119929,0.0118493,0.0221033,0.00498996,0.0138481,0.00316609,0.0348658,0.0328386,0.043365,0.00779679,0.00705292,0.00806771,0.0201438,0.0147249,0.00990286,0.00476863,0.0177961,0.0247038,0.0279152,0.00484388,0.046138,-0.000455725,0.0383624,0.0242615,0.0336359,0.0175951,0.00417539,0.0157126,0.0313827,0.029029,0.0182591,0.020129,
2.75,0.00627887,0.000364064,0.00641409,0.0120954,0.00308832,0.0361133,0.0248408,0.0244595,0.0285804,0.0249254,0.0258286,0.0194762,0.00986066,0.00244804,0.0162288,0.0227147,0.0394235,0.0072052,0.00712384,0.00908649,0.0160899,0.0142903,0.0104662,0.00345634,0.0228207,0.038408,0.0352106,0.00614644,0.0333782,0.00516748,0.0392034,0.0217727,0.0326301,0.00916511,0.00421435,0.00810221,0.00523219,0.025263,0.0213674,0.0235572,0.0122628,0.00170489,0.0107054,0.0133695,0.0185788,0.0367701,0.0275184,0.0247569,0.0119634,0.0120856,0.022183,0.00172046,0.0124102,0.00295898,0.0343584,0.0322856,0.0431459,0.00782397,0.00702226,0.00798242,0.020209,0.0147077,0.00988887,0.00475671,0.0183462,0.0250098,0.0281831,0.00482678,0.0462441,-0.000431301,0.0387571,0.0246637,0.0340718,0.0177907,0.00426782,0.0156212,0.031832,0.0293256,0.0181663,0.0199773,
2.755,0.00610991,0.000255522,0.00620857,0.0120192,0.00291534,0.0361566,0.0257342,0.0253096,0.0279298,0.0241107,0.0259856,0.0196184,0.00909946,0.00229698,0.0165609,0.0231465,0.039395,0.0071824,0.00707204,0.00898361,0.0159581,0.0142248,0.0104133,0.00341721,0.0231089,0.0382705,0.0352737,0.00580158,0.0351525,0.00525614,0.0400701,0.0225637,0.033366,0.00931197,0.00426886,0.00799249,0.00523007,0.0253177,0.0213387,0.0234481,0.0125089,0.00167367,0.0108786,0.0132897,0.0107631,0.0371286,0.0278997,0.0252392,0.0119169,0.0123297,0.0222461,0.00485086,0.0115411,0.00282698,0.0337008,0.0315981,0.0429151,0.0078384,0.00697881,0.00788117,0.0202056,0.0146701,0.00985374,0.0047428,0.0185651,0.0252732,0.0284127,0.00480126,0.0461899,-0.000405704,0.0391557,0.025015,0.0343932,0.017956,0.0043552,0.0155347,0.0322642,0.0294025,0.0180638,0.0198263,
2.76,0.00592306,0.00013175,0.00650332,0.0119403,0.00424634,0.0361112,0.0265359,0.0259765,0.0272055,0.0231404,0.0261326,0.0198012,0.00794788,0.00206321,0.0168865,0.0234815,0.0393337,0.00715019,0.00700867,0.0088786,0.0157964,0.0141419,0.010341,0.00337675,0.0232409,0.0381455,0.035356,-0.0255075,0.0367098,0.00534213,0.0408332,0.0232682,0.0339247,0.00950212,0.00432081,0.00779864,0.00532214,0.0260651,0.0213162,0.0233528,0.0127183,0.00163699,0.010849,0.0132059,0.0120141,0.0373035,0.0282238,0.025595,0.0118521,0.0125792,0.0222917,0.00170417,0.0101372,0.00261674,0.0329806,0.0308668,0.0426734,0.0078425,0.00692359,0.00777722,0.0201467,0.0146131,0.0097995,0.00472925,0.0186801,0.0255026,0.0286127,0.00476766,0.0459901,-0.000378935,0.039557,0.0253064,0.0345957,0.0181445,0.00443762,0.0154624,0.0327058,0.0299004,0.0179545,0.0196793,
2.765,0.00569621,-3.72283e-05,0.00694524,0.0118573,0.00452717,0.035984,0.0272314,0.0264497,0.0264627,0.0222017,0.026246,0.0199134,0.00728832,0.00192889,0.0171973,0.0237151,0.0392369,0.00710877,0.00693501,0.00877307,0.0156124,0.0140413,0.0102509,0.00333438,0.023113,0.0379803,0.0353985,-0.00800364,0.0380603,0.00541663,0.0414751,0.0238737,0.034299,0.00963626,0.00440161,0.00764901,0.00539596,0.0263569,0.021298,0.023268,0.012881,0.00159683,0.0111476,0.0131176,0.00629647,0.0373156,0.0284847,0.0258321,0.0117706,0.012831,0.0223237,0.00498484,0.00935836,0.00249866,0.0322942,0.0301914,0.0424199,0.00783597,0.00685856,0.00767193,0.0200439,0.0145405,0.0097278,0.00471335,0.0185837,0.0256846,0.0287741,0.00472655,0.0457063,-0.000351059,0.0399611,0.0255329,0.0346858,0.0182987,0.00451559,0.0154055,0.0331213,0.0300589,0.0178413,0.0195394,
2.77,0.00545988,-0.000299398,0.00758437,0.0117711,0.00525336,0.0358112,0.0278091,0.0267275,0.0257453,0.0213021,0.0263436,0.0200375,0.00628129,0.0017287,0.0174861,0.0238422,0.0391055,0.00705836,0.0068608,0.00866753,0.0154149,0.013926,0.0101443,0.00329086,0.0229329,0.0378211,0.0354483,0.000586752,0.0392178,0.00547309,0.0419862,0.0243701,0.03449,0.00977757,0.0045598,0.00758506,0.00548898,0.0269931,0.0212831,0.0231914,0.0130011,0.00155482,0.00879206,0.0130263,0.00545643,0.0372193,0.0286811,0.0259699,0.0116834,0.0130829,0.0223412,0.00172608,0.00813383,0.00231886,0.0317311,0.0296583,0.0421566,0.00782091,0.00678612,0.00756476,0.0199039,0.0144551,0.00964052,0.00469547,0.018483,0.025842,0.0289083,0.00496444,0.0454743,-0.000322401,0.0403659,0.0256941,0.0346777,0.0184549,0.00458926,0.0153801,0.0335237,0.0304407,0.0177271,0.0194092,
2.775,0.00522145,-0.000765719,0.00890735,0.0116818,0.0047564,0.0356198,0.0282604,0.0268194,0.0252393,0.0209333,0.0264211,0.0200974,0.0058269,0.00163731,0.0177483,0.0238652,0.0389406,0.00699979,0.00679798,0.00856319,0.0152083,0.0137955,0.0100248,0.00324925,0.022784,0.0376424,0.0355027,0.00235094,0.0401934,0.00550686,0.0423683,0.0247507,0.0345052,0.00985397,0.00479335,0.0078319,0.00551708,0.0276257,0.0212709,0.0231195,0.0130834,0.00151153,0.00713272,0.0129301,0.00538377,0.03717,0.0288163,0.0260345,0.0116279,0.0133341,0.022352,0.00508053,0.00775006,0.00224813,0.0313562,0.0293194,0.0418836,0.00779848,0.00671154,0.00745664,0.019732,0.0143613,0.00954014,0.00467217,0.018444,0.0259646,0.0290357,0.00477366,0.0455349,-0.000293157,0.0407719,0.0257953,0.0345922,0.018564,0.00465915,0.0154015,0.0338732,0.0307386,0.0176148,0.0192919,
2.78,0.00498723,-0.00152805,0.010094,0.0115885,0.00457539,0.0354322,0.0285803,0.0267456,0.0248799,0.0206912,0.0264945,0.0202103,0.00519087,0.00152132,0.0179806,0.0237895,0.0387438,0.00693327,0.00674572,0.00846137,0.0150003,0.0136513,0.00989174,0.00320478,0.0227652,0.0374771,0.0355771,0.00333796,0.0409893,0.00551581,0.0426294,0.0250123,0.0343605,0.00996379,0.0050944,0.00808074,0.00557903,0.0285741,0.0212598,0.0230501,0.0131335,0.00147125,0.00689017,0.0128306,0.00533725,0.0371705,0.0288975,0.0260558,0.0116119,0.0135836,0.0223593,0.00174212,0.0071613,0.00215619,0.0311961,0.0291881,0.041602,0.00776909,0.00663233,0.00734812,0.0195287,0.014257,0.0094278,0.00464615,0.0185401,0.0260359,0.0291411,0.00464767,0.0456921,-0.000263652,0.0411783,0.0258439,0.0344528,0.0186724,0.00472556,0.0154747,0.0341758,0.0313267,0.0175072,0.019189,
2.785,0.00474616,-0.0022841,0.0114191,0.0114919,0.00421081,0.0352476,0.0287677,0.0265318,0.0247034,0.0207235,0.0265597,0.0203138,0.00508222,0.00150861,0.018177,0.023624,0.0385188,0.00686006,0.00670265,0.00836328,0.0147915,0.0134938,0.00974771,0.00315954,0.022757,0.0373083,0.0356593,0.00365991,0.0416089,0.00550098,0.0427914,0.0251557,0.0340767,0.0100611,0.00545351,0.00842067,0.00564235,0.0295246,0.0212496,0.0229805,0.0131588,0.00142842,0.00669088,0.0127268,0.00528496,0.0372318,0.0289329,0.0260566,0.0116458,0.0138308,0.0223775,0.00524482,0.00729712,0.00216589,0.0312392,0.0292468,0.0413119,0.00773454,0.00654979,0.00723906,0.019294,0.0141463,0.00930571,0.00461689,0.0186467,0.0260627,0.0292332,0.00455044,0.045957,-0.000228677,0.0415792,0.0258507,0.0342816,0.0187609,0.00478856,0.0156038,0.0344292,0.0319102,0.0174162,0.0191116,
2.79,0.00452615,-0.0027132,0.0126422,0.011392,0.00347827,0.0350844,0.0288238,0.0262064,0.0246648,0.0208737,0.0266311,0.0204694,0.00456279,0.00142291,0.0183408,0.02338,0.03827,0.00678078,0.00666857,0.00826864,0.0145797,0.0133253,0.00959555,0.00311392,0.0229691,0.0371644,0.0357678,0.00375778,0.0420711,0.00546626,0.0428898,0.0251847,0.0336745,0.010184,0.00586149,0.00879903,0.00569856,0.0307106,0.021239,0.0229096,0.0131643,0.00138513,0.00649336,0.0126199,0.00212856,0.0373633,0.0289312,0.0260574,0.0117316,0.0140762,0.0223941,0.00176738,0.00692449,0.0021058,0.0314454,0.0294521,0.0410152,0.00769525,0.00646354,0.0071304,0.0190286,0.0140289,0.00917552,0.00458491,0.0189661,0.0260525,0.0293211,-0.0186211,0.0463456,-0.000185885,0.041972,0.0258256,0.0340981,0.018848,0.00484875,0.0157894,0.0346224,0.0327371,0.0173503,0.0190665,
2.795,0.00427982,-0.00282476,0.0140159,0.0112881,0.00321182,0.0349172,0.0287518,0.0257947,0.0247566,0.0211755,0.026698,0.0206186,0.00478942,0.0014855,0.018472,0.0230742,0.038001,0.00669669,0.00664369,0.00817998,0.014361,0.0131466,0.00943665,0.00306621,0.0230354,0.0370163,0.0358815,0.00378265,0.042378,0.00541827,0.0429638,0.0251026,0.033174,0.010305,0.00631008,0.00916062,0.00578935,0.0318719,0.0212278,0.0228365,0.0131484,0.00134578,0.00629821,0.0125098,0.00263258,0.0375248,0.028902,0.0260719,0.0118656,0.0143197,0.0224346,0.00544074,0.00744035,0.00218428,0.0317539,0.0297434,0.0407126,0.00765175,0.00637405,0.00702134,0.0187258,0.0139069,0.00903831,0.00455276,0.0191296,0.0260073,0.0293968,-0.00502253,0.0466954,-0.000140098,0.042362,0.0257773,0.0339131,0.0189333,0.00490582,0.0160291,0.0347869,0.0335301,0.017308,0.0190506,
2.8,0.00404455,-0.00290526,0.015351,0.0111809,0.00294748,0.034751,0.0285572,0.0253183,0.0249116,0.02147,0.0267703,0.0208125,0.00454376,0.00146927,0.0185694,0.0227213,0.0377181,0.00660862,0.00662752,0.00809744,0.0141355,0.0129609,0.0092747,0.0030265,0.0231439,0.0368908,0.0360099,0.00378277,0.042543,0.00536455,0.04305,0.0249151,0.0325934,0.0104567,0.0067925,0.00942912,0.0058969,0.0331166,0.0212155,0.0227611,0.0131196,0.00130841,0.00611136,0.0123963,0.001994,0.0376836,0.0288525,0.0261041,0.0120332,0.0145609,0.0224789,0.0017971,0.00736118,0.00218803,0.0320965,0.0300564,0.0404051,0.00760456,0.00627891,0.00691228,0.0183832,0.0137788,0.00889546,0.00454914,0.0193356,0.0259293,0.0294615,0.000142851,0.0469898,-9.70459e-05,0.0427493,0.0257134,0.0337342,0.0190323,0.00495992,0.016313,0.0349161,0.0344343,0.0172883,0.0190609,
2.805,0.00377927,-0.00297984,0.0161953,0.0110699,0.00191423,0.0345396,0.0282473,0.0247959,0.0251521,0.0218403,0.0268185,0.0209854,0.00510393,0.00164232,0.0186386,0.0223404,0.0374236,0.00651825,0.00662054,0.00802234,0.0139073,0.01277,0.00911046,0.00296504,0.0230486,0.0367312,0.0361184,0.00377352,0.0425555,0.00531178,0.0431709,0.0246324,0.0319482,0.0105753,0.00730392,0.00970865,0.00598229,0.0341462,0.0212025,0.0226848,0.013072,0.00126825,0.00592115,0.0122793,0.00226504,0.037765,0.0287868,0.0261514,0.0122203,0.0147996,0.0225543,0.00521224,0.00825948,0.00235814,0.0324053,0.0303306,0.0400942,0.0075539,0.0061783,0.00680308,0.0180011,0.0136431,0.00874736,0.00450796,0.0193523,0.0258289,0.0294961,0.00146512,0.0472385,-6.21354e-05,0.0431351,0.0256371,0.0335601,0.0191188,0.00501106,0.0166401,0.0349938,0.0351985,0.0172902,0.0190941,
2.81,0.00353452,-0.00305502,0.0172791,0.010955,0.00301177,0.0343317,0.0278314,0.0242434,0.025418,0.0221722,0.0268712,0.0211593,0.00481883,0.00160531,0.0186807,0.021947,0.0371231,0.00642642,0.00662229,0.00795495,0.0136777,0.012573,0.00894596,0.00291313,0.0230263,0.0366021,0.03625,0.00376056,0.0424524,0.00526495,0.0433355,0.0242651,0.0312521,0.0107116,0.00784003,0.00994382,0.00607774,0.0352123,0.0211893,0.0226097,0.0130095,0.00123169,0.00572996,0.0121594,0.0017268,0.0378389,0.0287064,0.0262035,0.0124244,0.0150353,0.0226038,0.00176579,0.00811262,0.00233146,0.0326252,0.0305153,0.0397805,0.00749892,0.00607528,0.00669335,0.0175762,0.0135028,0.00859534,0.00447002,0.01945,0.0257114,0.0295346,0.00235964,0.0474512,-3.57572e-05,0.0435181,0.025549,0.0333858,0.0192078,0.00505894,0.0169934,0.035069,0.0359733,0.0173122,0.019146,
2.815,0.00325661,-0.00313256,0.0176175,0.0108357,0.000762141,0.0340626,0.0273218,0.0236761,0.025768,0.0226337,0.026893,0.0213179,0.00631217,0.00198147,0.0187014,0.0215535,0.0368191,0.0063347,0.00663303,0.00789567,0.0134472,0.0123726,0.00878668,0.00285453,0.022706,0.0364171,0.0363487,0.00374529,0.0421951,0.00522722,0.0435468,0.0238261,0.0305204,0.0108178,0.00839826,0.0102346,0.00618286,0.0360366,0.0211766,0.0225386,0.0129197,0.00119675,0.00554429,0.0120369,0.00218353,0.0378118,0.0286092,0.0262459,0.0126322,0.0152672,0.0227137,0.00527193,0.0100027,0.00268262,0.0327115,0.0305715,0.0394635,0.00743951,0.00598033,0.00658268,0.0171143,0.0133537,0.00843851,0.00443353,0.0192759,0.0255552,0.0295233,0.00268599,0.0476376,-1.43289e-05,0.043898,0.0254469,0.0332012,0.0192823,0.00510349,0.0173788,0.0350713,0.0366077,0.0173522,0.0192123,
2.82,0.00301186,-0.003213,0.0185989,0.0107121,0.0133502,0.0338069,0.0267344,0.0231099,0.0261211,0.0230389,0.0269124,0.0214203,0.00600699,0.00193989,0.0187045,0.0211724,0.0365137,0.00624371,0.00665204,0.00784463,0.0132138,0.0121685,0.00863096,0.00280376,0.0224833,0.0362641,0.0364739,0.00372863,0.04185,0.00519968,0.0437954,0.0233316,0.029772,0.0108906,0.00897605,0.0104822,0.00622549,0.0369024,0.0211648,0.0224739,0.012813,0.00115799,0.00535566,0.0119116,0.00127813,0.0378171,0.0284922,0.0262654,0.0128505,0.0154952,0.0227533,0.00177553,0.00972613,0.00264647,0.0326304,0.0304697,0.0391461,0.00737547,0.00589825,0.00647011,0.016635,0.013199,0.00827788,0.0044077,0.0192076,0.0253927,0.0295328,0.00276983,0.0478051,5.08025e-06,0.0442763,0.025328,0.0329966,0.019333,0.00514418,0.017769,0.0350895,0.0372069,0.0174082,0.0192873,
2.825,0.00272869,-0.00329743,0.0186924,0.0105846,0.000595925,0.033477,0.0260906,0.0225633,0.0265351,0.0235358,0.0268987,0.0215392,0.00745916,0.0023322,0.0186938,0.0208094,0.0362091,0.00616683,0.00668042,0.00780263,0.0129841,0.011965,0.0084849,0.00273848,0.0219775,0.0360511,0.0365563,0.00371128,0.0413622,0.00518149,0.0440701,0.0227998,0.0290303,0.0109632,0.00957204,0.010764,0.0063236,0.0375214,0.0211543,0.0224183,0.0126805,0.00112259,0.00517257,0.0117837,0.00337074,0.0377162,0.0283528,0.0262545,0.0130603,0.0157176,0.022863,0.00522861,0.0114884,0.00301422,0.0323607,0.0301909,0.0388275,0.00730658,0.00581904,0.00635701,0.0161694,0.0130326,0.00811408,0.00438006,0.0188852,0.0251874,0.0294699,0.00276717,0.0479593,2.39032e-05,0.0446543,0.0251892,0.0327669,0.0193813,0.00518138,0.0181748,0.0350255,0.0376886,0.0174767,0.0193655,
2.83,0.00250973,-0.00338554,0.0195298,0.0104514,0.020149,0.0331601,0.0254147,0.0220554,0.0269406,0.0239722,0.0268713,0.0215518,0.00702268,0.00224508,0.0186718,0.0204713,0.0359071,0.00610481,0.00671661,0.0077682,0.0127573,0.0117613,0.0083457,0.00268409,0.021516,0.0358596,0.0366579,0.00369335,0.0408065,0.00516987,0.0443399,0.0222506,0.0283168,0.0109693,0.0101843,0.0110574,0.00633262,0.038118,0.0211454,0.0223729,0.0125213,0.00108336,0.0049867,0.0116529,0.000281616,0.0376509,0.0281894,0.0262119,0.0132727,0.0159345,0.0228742,0.00177066,0.0110841,0.00293198,0.0318952,0.0297311,0.0385069,0.00723222,0.00575095,0.00624149,0.0157582,0.0128615,0.00794718,0.00436181,0.0186118,0.0249726,0.0294205,0.00273356,0.0481034,4.24657e-05,0.0450287,0.0250299,0.0325103,0.0193783,0.00521466,0.01857,0.0349893,0.0380757,0.0175542,0.0194413,
2.835,0.00228498,-0.00347698,0.0204449,0.0103142,0.00271148,0.0328515,0.0247329,0.0216042,0.0273347,0.024377,0.0268395,0.0215492,0.00598978,0.00213694,0.0186425,0.0201591,0.0356081,0.0060567,0.00676042,0.00774096,0.0125306,0.0115605,0.00821362,0.00262148,0.0210865,0.0356698,0.036751,0.00367518,0.0402105,0.00516017,0.0445734,0.0217053,0.0276538,0.0109802,0.0108111,0.0113267,0.00637144,0.0386179,0.0211388,0.0223375,0.0123437,0.00104773,0.00480005,0.0115196,0.033287,0.0376079,0.0280042,0.0261454,0.0134851,0.016145,0.0228503,0.00570022,0.00986212,0.0028215,0.0312434,0.0291033,0.0381863,0.00715238,0.00568916,0.00612395,0.0154162,0.0126795,0.0077775,0.00434537,0.018367,0.0247302,0.029353,0.00268807,0.0482255,8.44755e-05,0.0453997,0.0248586,0.0322322,0.0193639,0.00524416,0.0189446,0.0349416,0.0383883,0.0176368,0.0195091,
2.84,0.00209919,-0.00357253,0.0212248,0.0101716,0.00155093,0.0325179,0.0240707,0.0212235,0.0277154,0.0247558,0.0267812,0.0215151,0.00558522,0.00210434,0.0186073,0.0198803,0.0353124,0.00602187,0.00681047,0.00771996,0.0123026,0.0113642,0.00808955,0.00255563,0.0211282,0.0354442,0.0368262,0.00365667,0.0395606,0.00514691,0.0447388,0.0211834,0.0270596,0.0109661,0.0114489,0.0115853,0.0064057,0.0389974,0.0211328,0.0223099,0.0121417,0.00100722,0.00461517,0.0113833,0.00829643,0.0375479,0.0278031,0.0260698,0.0136882,0.0163485,0.0228004,0.00184033,0.00950646,0.00278496,0.0304327,0.0283346,0.0378632,0.0070678,0.00563042,0.00600398,0.0151339,0.0124841,0.0076058,0.00432894,0.0180184,0.0244209,0.0292336,0.00263668,0.0483128,0.000143159,0.0457694,0.0246662,0.0319444,0.0193133,0.00527033,0.0192926,0.0348315,0.0386368,0.0177201,0.0195633,
2.845,0.00190496,-0.00367164,0.0218378,0.0100243,0.00327822,0.0321532,0.0234509,0.0209263,0.0280823,0.0251415,0.0267204,0.0214715,0.00627376,0.0022978,0.0185689,0.0196336,0.03502,0.00599813,0.00686631,0.00770401,0.0120723,0.0111733,0.00796942,0.00248826,0.0202112,0.0352135,0.0368902,0.00363816,0.038864,0.00512524,0.0448181,0.0207015,0.02655,0.0109385,0.0120949,0.0117509,0.00644982,0.0393138,0.0211275,0.022287,0.0119219,0.000966132,0.00443148,0.0112436,-0.00020088,0.0374621,0.0275872,0.0260065,0.0138747,0.0165438,0.0227775,0.00583252,0.0104323,0.00295945,0.0295031,0.0274664,0.0375381,0.00697942,0.00557363,0.00588159,0.0148893,0.0122763,0.00743162,0.00431232,0.0176763,0.0240994,0.0291116,0.00258159,0.0482845,0.00021806,0.0461404,0.0244712,0.0316622,0.0192596,0.00529375,0.0196071,0.0347272,0.0388442,0.0177992,0.0195994,
2.85,0.0017818,-0.00377457,0.0222545,0.00987056,0.000301981,0.0317576,0.0228919,0.0207218,0.0283899,0.0254032,0.0266459,0.0214126,0.00617169,0.00230782,0.018526,0.0194243,0.0347322,0.00598485,0.00692656,0.00769191,0.0118368,0.0109852,0.00785184,0.00241878,0.0195501,0.0349801,0.0369394,0.00361919,0.0381442,0.00509181,0.0448038,0.0202725,0.0261333,0.0108867,0.0127472,0.0117723,0.0064547,0.0395561,0.0211207,0.0222642,0.0116838,0.000919821,0.00424542,0.0111002,0.0349698,0.0373413,0.027359,0.0259729,0.0140308,0.01673,0.0227159,0.00186182,0.0104441,0.00296571,0.0285087,0.026548,0.0372093,0.00688758,0.00551703,0.00575624,0.0146641,0.0120549,0.00725675,0.00429714,0.0173725,0.0237545,0.0289599,0.0025235,0.0481148,0.000308072,0.0465168,0.0242839,0.0314007,0.0191874,0.00531524,0.0198755,0.0346065,0.0390031,0.0178705,0.0196141,
2.855,0.00158548,-0.0038813,0.0225548,0.00971184,0.0321812,0.031355,0.0224047,0.0206144,0.0286028,0.025506,0.0265919,0.0213851,0.00629089,0.00239136,0.0184832,0.0192551,0.0344509,0.00597962,0.00698947,0.00768194,0.0115981,0.0107989,0.00773387,0.0023472,0.0191186,0.034776,0.0369839,0.00359987,0.0374317,0.00504568,0.0447089,0.0199052,0.0258122,0.0108773,0.0134028,0.0115704,0.00652523,0.0397556,0.0211108,0.0222352,0.0114392,0.000877225,0.00405818,0.0109529,0.00861514,0.0371876,0.0271292,0.0259815,0.0141437,0.0169058,0.022663,0.00590202,0.0105939,0.00303519,0.0275,0.0256243,0.0368745,0.00679489,0.00546006,0.00562725,0.0144421,0.0118211,0.0070827,0.0042845,0.0171685,0.0234024,0.0288117,0.00246276,0.0476925,0.000412022,0.0468974,0.0241114,0.0311693,0.0191409,0.00533599,0.0200847,0.0345503,0.0391433,0.01793,0.019605,
2.86,0.00180128,-0.00399183,0.0227557,0.00954595,0.00561667,0.0309658,0.0219934,0.0206021,0.0286748,0.025341,0.0265529,0.0213874,0.00568184,0.00225061,0.0184387,0.0191268,0.034175,0.00598108,0.00705376,0.00767264,0.01136,0.0106124,0.00761692,0.00227448,0.0189227,0.0345984,0.0370229,0.00357963,0.0367602,0.00498846,0.0445599,0.019603,0.0255804,0.0109054,0.01406,0.0112239,0.00661751,0.0399079,0.0210955,0.0221936,0.0111891,0.000828478,0.0038652,0.0108004,-0.000897134,0.0370025,0.0269054,0.0260374,0.0142033,0.0170703,0.0225705,0.00187475,0.0099185,0.00290358,0.0265238,0.0247343,0.0365334,0.00670114,0.00540318,0.00549328,0.0142218,0.011577,0.00691068,0.00427348,0.0171344,0.0230319,0.028642,0.00239867,0.0471554,0.00052763,0.0472867,0.0239596,0.0309712,0.0191012,0.00535704,0.0202272,0.0345132,0.0392607,0.0179746,0.0195718,
2.865,0.000417521,-0.00410593,0.0228051,0.0093737,0.00242769,0.0305788,0.0216559,0.020674,0.028611,0.0249905,0.0265331,0.0214071,0.0055828,0.00223977,0.0183945,0.0190434,0.0339066,0.00598725,0.00711823,0.00766214,0.0111197,0.0104223,0.00750188,0.00219966,0.018922,0.0344267,0.037053,0.00355834,0.0361579,0.00492394,0.0443897,0.0193623,0.025425,0.0109378,0.0147185,0.0108369,0.00670692,0.0400232,0.0210728,0.0221333,0.0109416,0.000779034,0.00366966,0.0106426,0.00350915,0.0367935,0.0266907,0.0261345,0.0142097,0.0172233,0.0224941,0.00589203,0.00981714,0.0028877,0.0256142,0.0239089,0.0361842,0.00660908,0.00534703,0.00535366,0.0140066,0.0113289,0.00673903,0.00425957,0.0172578,0.0226764,0.0284873,0.00233169,0.0465946,0.000652031,0.0476864,0.0238278,0.0308041,0.0190681,0.00537972,0.0203044,0.0344864,0.0393578,0.0180023,0.0195157,
2.87,0.0273984,-0.00422336,0.0227288,0.00919434,0.00273094,0.0301856,0.0213817,0.0208095,0.0284203,0.0244934,0.0265144,0.0214333,0.00511163,0.0021427,0.0183509,0.0190076,0.0336448,0.00599708,0.00718161,0.00764938,0.0108745,0.010227,0.00738887,0.0021237,0.0189801,0.0342397,0.0370722,0.00353544,0.0356193,0.00485668,0.0442256,0.0191745,0.0253259,0.0109743,0.0153787,0.0105139,0.00679199,0.0400983,0.0210402,0.0220478,0.010699,0.000735161,0.00347175,0.0104785,-0.00185482,0.036563,0.0264823,0.0262574,0.0141668,0.0173646,0.0223997,0.00187634,0.00936808,0.0028039,0.0247969,0.0231697,0.0358258,0.00651945,0.00529293,0.00520703,0.0137976,0.0110808,0.00656942,0.00424385,0.0174231,0.0222852,0.0283074,0.00226125,0.046116,0.000781447,0.0480967,0.0237033,0.0306547,0.0190207,0.00540522,0.0203237,0.034427,0.0394369,0.0180118,0.0194391,
2.875,0.0019376,-0.0043449,0.0225235,0.00900656,0.00191846,0.029783,0.0211543,0.0209813,0.0281312,0.0239358,0.0265083,0.0214666,0.00482342,0.00207367,0.0183096,0.0190163,0.0333897,0.00600848,0.00724185,0.0076317,0.0106217,0.0100236,0.00727611,0.00204659,0.0191432,0.0340567,0.0370814,0.00351033,0.0351642,0.00479195,0.0440982,0.0190256,0.0252563,0.0110047,0.0160411,0.010258,0.00685743,0.0401469,0.0209961,0.021933,0.0104678,0.000685253,0.00327265,0.0103066,-0.003686,0.0363188,0.0262723,0.0263829,0.0140851,0.0174942,0.0223166,0.00576998,0.00915504,0.00275014,0.0240902,0.0225332,0.0354569,0.00643328,0.00524022,0.00505192,0.0135968,0.0108341,0.00640075,0.00422579,0.0176875,0.0219393,0.0281448,0.00218688,0.0457529,0.00091171,0.0485203,0.0235764,0.0305043,0.0189782,0.00547919,0.0202995,0.0343873,0.0395008,0.0180027,0.0193456,
2.88,-0.00132362,-0.00447006,0.0222149,0.00881057,0.00298724,0.0293684,0.020954,0.0211584,0.0277826,0.0234054,0.0265052,0.0215033,0.00471391,0.00204025,0.0182684,0.0190657,0.0331371,0.00602082,0.00729825,0.00760804,0.0103585,0.0098105,0.00716285,0.00196852,0.0193408,0.0338551,0.0370783,0.00348292,0.0347759,0.00473467,0.0440332,0.0188983,0.0251883,0.0110359,0.0167068,0.0101061,0.00692468,0.0401512,0.0209389,0.0217846,0.0102509,0.000635692,0.00306961,0.0101275,-0.00555677,0.0360642,0.0260481,0.0264823,0.0139756,0.017613,0.0222381,0.00186157,0.00919171,0.00272925,0.0235031,0.0220081,0.0350757,0.0063525,0.00518936,0.00488752,0.0134048,0.0105912,0.0062348,0.00420537,0.0179878,0.0215694,0.0279682,0.00210846,0.045538,0.00103963,0.0489672,0.0234348,0.030329,0.0189206,0.00564862,0.0202458,0.0343117,0.0395513,0.0179756,0.0192388,
2.885,-0.00137099,-0.00459776,0.0217928,0.00860614,0.000496534,0.0289333,0.0207604,0.0213099,0.0274189,0.022954,0.0265081,0.0215383,0.00469842,0.00203127,0.01823,0.0191471,0.032885,0.00603285,0.00734958,0.00757747,0.0100843,0.00958836,0.00704736,0.00189027,0.0195718,0.0336474,0.0370635,0.00345238,0.0344639,0.00468989,0.0440562,0.0187748,0.0250959,0.0110434,0.0173753,0.0100368,0.00695427,0.0401532,0.0208677,0.0216009,0.0100495,0.000593677,0.00286735,0.00994037,-0.0064541,0.0358043,0.025794,0.0265271,0.0138518,0.0177219,0.0221767,0.00560284,0.00933645,0.00273113,0.0230377,0.0215927,0.0346822,0.00627792,0.00513906,0.00471222,0.0132246,0.0103551,0.00607024,0.00418279,0.0183263,0.0212514,0.0278086,0.00202543,0.0454582,0.00116253,0.0494453,0.0232646,0.0301052,0.0188617,0.00590358,0.0201797,0.0342425,0.0395895,0.0179314,0.0191224,
2.89,-0.00239999,-0.00472751,0.0212932,0.00839143,0.0211585,0.028481,0.0205554,0.0214167,0.0270648,0.022579,0.0265108,0.0215748,0.00472662,0.00203726,0.0181903,0.0192466,0.0326293,0.00604425,0.00739532,0.00753865,0.00979855,0.0093588,0.00692894,0.00181277,0.0197846,0.0334201,0.0370357,0.00341871,0.0342045,0.00466159,0.0441844,0.0186387,0.0249615,0.0110497,0.0180431,0.0100348,0.00698969,0.0401217,0.0207813,0.0213821,0.00986642,0.00054609,0.0026643,0.00974461,-0.00701964,0.0355391,0.0254944,0.0264914,0.0137219,0.0178216,0.0221212,0.00183991,0.0095259,0.00274607,0.0226818,0.021275,0.034275,0.00622336,0.00508903,0.00452534,0.0130578,0.0101267,0.00590854,0.00415877,0.0186569,0.0209124,0.0276332,0.00193778,0.0454758,0.0012786,0.0499409,0.0230507,0.0298112,0.0187892,0.00622999,0.0201132,0.0341416,0.0396167,0.0178715,0.0189996,
2.895,-0.00652915,-0.00485848,0.0207081,0.008168,0.000650485,0.0280077,0.0203252,0.0214654,0.0267201,0.0222416,0.0265135,0.0216049,0.00477273,0.00205303,0.0181516,0.0193513,0.0323644,0.0060544,0.00743436,0.0074908,0.00950248,0.00912451,0.00680526,0.00173872,0.0200017,0.0331808,0.0369946,0.00338169,0.0339973,0.00465326,0.0444296,0.0184777,0.0247763,0.011031,0.0187064,0.010017,0.0069915,0.040078,0.02068,0.0211293,0.00969724,0.000507904,0.00247548,0.00953957,-0.00751598,0.0352713,0.0251352,0.0263623,0.0135903,0.0179133,0.0220709,0.00543554,0.00973373,0.00276963,0.0224164,0.0210352,0.0338534,0.00618734,0.00503817,0.00432607,0.0129089,0.00990744,0.00574898,0.00413257,0.0190051,0.0205926,0.0274655,0.00184459,0.0455012,0.00138756,0.0504186,0.0227806,0.0294331,0.0187083,0.00661437,0.0200501,0.0340316,0.039633,0.0177978,0.0188729,
2.9,-0.00949035,-0.00498902,0.0200833,0.00793414,0.0156294,0.0275119,0.0200598,0.0214561,0.0263842,0.0219277,0.0265079,0.0216285,0.00483051,0.00207472,0.01811,0.0194442,0.0320859,0.00606297,0.0074665,0.00743259,0.00920448,0.00888616,0.00667706,0.00166599,0.0201391,0.0329156,0.0369389,0.00334074,0.0338097,0.00466679,0.0447908,0.018283,0.0245374,0.0110029,0.0193622,0.0100036,0.00699765,0.0400069,0.020563,0.0208454,0.00954443,0.000464727,0.00229396,0.00932403,-0.00801577,0.0349968,0.0247059,0.0261363,0.0134578,0.0179978,0.0220145,0.00181783,0.00995207,0.00279795,0.0222162,0.0208469,0.0334181,0.00617006,0.0049862,0.00411441,0.0127796,0.00970069,0.00559303,0.00410638,0.0192866,0.0202325,0.0272728,0.00174527,0.0455148,0.00149021,0.0509017,0.0224457,0.0289675,0.0186087,0.00704506,0.0199917,0.0338808,0.0396394,0.0177116,0.018744,
2.905,-0.0113815,-0.00511799,0.0194073,0.00769081,-0.00263535,0.0269866,0.0197545,0.0213933,0.0260345,0.0215768,0.0264967,0.0216401,0.00490715,0.00209992,0.0180614,0.0195088,0.0317872,0.00606988,0.0074913,0.00736413,0.00890857,0.00864523,0.00654218,0.00159747,0.0202113,0.0326394,0.0368697,0.0032962,0.0336415,0.00470295,0.045256,0.0180506,0.0242501,0.0109436,0.0200089,0.00988999,0.00697187,0.0399416,0.0204317,0.0205335,0.00940551,0.000431997,0.00212232,0.00909856,-0.00853787,0.0347163,0.0242019,0.0258245,0.0133219,0.0180758,0.0219573,0.00522265,0.0101745,0.00283003,0.022051,0.020681,0.0329663,0.00617017,0.00493238,0.00389063,0.0126718,0.00951023,0.00543911,0.00407928,0.0201946,0.0198943,0.027084,0.00163891,0.0453834,0.00158791,0.0514469,0.0220434,0.0284204,0.0185049,0.00751274,0.0199342,0.0337432,0.0396356,0.0176142,0.018613,
2.91,-0.0129142,-0.00524436,0.0187428,0.00743661,-0.00642576,0.0264407,0.0194098,0.0212891,0.025676,0.0212122,0.0264733,0.0216434,0.00498725,0.00212737,0.0180051,0.0195296,0.0314639,0.0060749,0.0075082,0.00728491,0.00861807,0.00840374,0.00640311,0.00153162,0.0201794,0.0323389,0.0367878,0.00324727,0.0334586,0.00476057,0.0458043,0.0177806,0.0239256,0.0108757,0.0206462,0.00977911,0.00695936,0.0398648,0.0202858,0.0201972,0.00927353,0.000404721,0.00195897,0.00886267,-0.00909187,0.0344273,0.0236261,0.0254525,0.0131825,0.018148,0.0218893,0.00178812,0.0104034,0.00286368,0.0218881,0.0205061,0.0324964,0.00618829,0.00487679,0.00365474,0.0125862,0.00933934,0.00528943,0.00405291,0.0199034,0.019507,0.0268641,0.00152447,0.0452018,0.00168189,0.0520368,0.0215776,0.027811,0.018382,0.00801059,0.0198778,0.0335644,0.0396221,0.0175069,0.0184796,
2.915,-0.0139648,-0.00536735,0.0181259,0.00717331,-0.0101654,0.0258817,0.0190318,0.0211614,0.0253232,0.020884,0.026445,0.0216256,0.00506484,0.00215653,0.0179366,0.0194919,0.0311096,0.00607835,0.00751637,0.0071932,0.00833508,0.00816169,0.00625978,0.00147131,0.0201675,0.0320327,0.0366985,0.00319405,0.0332732,0.00483282,0.0464181,0.0174789,0.0235818,0.0107682,0.0212769,0.00969169,0.00690028,0.0398012,0.020126,0.0198409,0.00915347,0.000374196,0.00180609,0.00861572,-0.00968355,0.0341498,0.0229897,0.025054,0.0130462,0.0182147,0.0218147,0.00507063,0.010637,0.00289967,0.021694,0.02029,0.0320081,0.00622357,0.00481991,0.00340686,0.0125244,0.00919095,0.00514146,0.00402581,0.0198762,0.0191444,0.0266592,0.00140183,0.0450396,0.00177327,0.0525733,0.02106,0.0271648,0.0182435,0.00853408,0.0198225,0.0333793,0.0395985,0.0173899,0.0183422,
2.92,-0.0146232,-0.00548538,0.017504,0.0068987,-0.0127411,0.0253065,0.0186339,0.0210399,0.0249714,0.0205425,0.0264094,0.0216068,0.00517841,0.00218637,0.0178527,0.0193843,0.0307197,0.00607971,0.00751564,0.00708793,0.00805926,0.00791963,0.00611099,0.00141023,0.0200516,0.031719,0.0365968,0.00313575,0.0330701,0.00490972,0.0470704,0.017158,0.0232411,0.0106593,0.021904,0.00958159,0.00686687,0.0397221,0.0199525,0.0194677,0.00904233,0.000357018,0.00168975,0.00835778,-0.0103175,0.0338644,0.0223135,0.0246685,0.0129117,0.0182765,0.0217409,0.00176537,0.0108744,0.00293527,0.0214393,0.020007,0.0314975,0.00627508,0.00476006,0.00314673,0.012488,0.00906055,0.00499741,0.0040007,0.0198614,0.0187793,0.0264306,0.00126926,0.044792,0.00186296,0.0531126,0.02051,0.0265172,0.0181036,0.00908143,0.019773,0.0332089,0.0395644,0.0172631,0.0181984,
2.925,-0.0151791,-0.00559718,0.0169667,0.00661269,-0.0149819,0.024725,0.018235,0.0209516,0.0246389,0.0202656,0.0263635,0.0215555,0.00528204,0.00222242,0.0177473,0.0192005,0.0302909,0.00607814,0.00750434,0.00696751,0.00779046,0.00767656,0.00595705,0.00135908,0.0199255,0.0313914,0.0364916,0.00307212,0.0328569,0.00498901,0.0477274,0.0168361,0.022928,0.010502,0.0225295,0.00951022,0.00678159,0.0396687,0.019766,0.0190807,0.00893913,0.000338912,0.00154814,0.00808793,-0.0109911,0.033599,0.0216229,0.0243388,0.0127874,0.0183338,0.0216518,0.00493162,0.0111315,0.00297588,0.0210981,0.0196322,0.0309644,0.00634217,0.00469781,0.00287529,0.012476,0.00894948,0.00485456,0.00397396,0.0199001,0.0184145,0.0262116,0.00112525,0.0445531,0.00194867,0.0537286,0.0199523,0.0259075,0.0179353,0.00965347,0.0197284,0.0330063,0.0395195,0.0171264,0.0180459,
2.93,-0.0157296,-0.00570162,0.0164417,0.00631619,-0.0159229,0.0241347,0.0178549,0.0209264,0.0243123,0.0199719,0.0263088,0.0214998,0.00541127,0.00225226,0.0176168,0.0189369,0.0298206,0.00607333,0.00748193,0.0068294,0.00752708,0.00743226,0.00579573,0.00130144,0.019673,0.0310603,0.0363769,0.0030019,0.0326224,0.00506734,0.0483555,0.0165312,0.0226652,0.0103404,0.0231556,0.00938812,0.0067223,0.0396048,0.0195671,0.018684,0.00883693,0.000336591,0.00154063,0.00780546,-0.0116643,0.033328,0.0209465,0.0241044,0.0126709,0.0183868,0.0215613,0.00174245,0.0113688,0.00301187,0.0206482,0.0191461,0.0304037,0.00642338,0.00463074,0.00259322,0.0124856,0.00885335,0.00471361,0.00394903,0.0198402,0.0180602,0.0259727,0.000966581,0.0441616,0.00202136,0.0543769,0.0194132,0.0253664,0.0177689,0.0102527,0.0196933,0.032842,0.0394631,0.0169783,0.0178822,
2.935,-0.0163541,-0.00579729,0.0159902,0.00600741,-0.0172146,0.0235348,0.0175109,0.0209812,0.0240185,0.0197611,0.0262387,0.0213981,0.00552199,0.00228255,0.0174558,0.0185953,0.029308,0.00606465,0.00744648,0.00667256,0.00726834,0.00718491,0.00562685,0.00126078,0.0193733,0.0307125,0.036258,0.00292462,0.0323773,0.00514171,0.048942,0.0162613,0.0224642,0.0101176,0.023783,0.00933552,0.00659969,0.0395522,0.019356,0.0182791,0.00873869,0.000336591,0.00109108,0.00751009,-0.0123133,0.0330759,0.0203086,0.0239857,0.012571,0.0184355,0.0214515,0.00476188,0.0116129,0.00304927,0.020075,0.0185374,0.0298133,0.00651787,0.00455894,0.00230347,0.0125159,0.00877124,0.00457108,0.00392158,0.0197513,0.0177207,0.0257435,0.000787815,0.043787,0.00208453,0.0550058,0.0189127,0.0249143,0.0175693,0.0108842,0.0196676,0.0326535,0.0393943,0.0168182,0.0177052,
2.94,-0.0171157,-0.00588298,0.0155069,0.00568657,-0.0186323,0.022925,0.0172127,0.0211262,0.0237307,0.019515,0.026158,0.0212989,0.0056712,0.00231306,0.0172636,0.0181804,0.0287555,0.00605157,0.00739707,0.00649339,0.0070115,0.00693363,0.00544818,0.0012039,0.018968,0.0303618,0.0361291,0.00283925,0.0321032,0.00520938,0.0495146,0.0160355,0.0223278,0.0098997,0.0244107,0.00920484,0.00651685,0.0394772,0.0191341,0.0178689,0.00863649,0.000344135,0.00343876,0.0072006,-0.0129268,0.0328072,0.019721,0.0239884,0.0124807,0.0184801,0.0213378,0.00171215,0.0118632,0.00308526,0.0193781,0.017807,0.0291908,0.00662414,0.0044789,0.00201237,0.0125624,0.00869682,0.0044278,0.00389954,0.0195617,0.0173759,0.0254856,0.000583875,0.043217,0.00214224,0.0556059,0.0184626,0.0245555,0.0173708,0.0115515,0.0196537,0.0324907,0.0393133,0.016645,0.0175138,
2.945,-0.018081,-0.0059569,0.0150823,0.00535338,-0.020777,0.0223145,0.0169615,0.0213509,0.0234856,0.0193604,0.0260643,0.0211479,0.00582171,0.00234521,0.0170363,0.0177031,0.0281646,0.00603348,0.00733195,0.00629015,0.00675849,0.00667751,0.0052596,0.00117527,0.0185011,0.0300036,0.0359976,0.00274427,0.0318235,0.00526912,0.05004,0.015855,0.0222457,0.00961476,0.0250363,0.00916681,0.00636656,0.0393839,0.0189008,0.0174545,0.00852981,0.000361661,-0.00149125,0.00687694,-0.013477,0.0325522,0.0191883,0.0240984,0.0124099,0.0185202,0.0212121,0.00459877,0.0121185,0.00312306,0.0185663,0.0169658,0.028536,0.00674043,0.00439154,0.00172571,0.0126214,0.00863111,0.00427989,0.00386991,0.0193143,0.0170885,0.0252497,0.000347484,0.0426807,0.00219721,0.056239,0.0180652,0.0242787,0.0171463,0.0122612,0.0196553,0.0323475,0.0392181,0.0164583,0.0173078,
2.95,-0.019283,-0.00601769,0.0146154,0.00500924,-0.0227429,0.021713,0.0167503,0.021636,0.0232523,0.0191763,0.0259701,0.0210057,0.00600492,0.00237737,0.0167733,0.0171749,0.0275371,0.00600995,0.0072504,0.00606127,0.00650485,0.00641621,0.00505856,0.00110885,0.0180247,0.0296583,0.0358597,0.00263888,0.0315426,0.0053208,0.0504644,0.0157134,0.0222008,0.00934174,0.0256565,0.00904619,0.00625721,0.0392485,0.0186565,0.0170384,0.00841967,0.000389053,-0.00212864,0.00653789,-0.0139822,0.0322814,0.0187059,0.0242939,0.0123523,0.0185559,0.021092,0.00167966,0.0123763,0.00315889,0.01766,0.0160325,0.0278493,0.00686472,0.00429251,0.00146693,0.0126876,0.00856517,0.00412767,0.00384101,0.0190544,0.0168295,0.0250045,6.38613e-05,0.0419843,0.00225081,0.0569684,0.0177161,0.024066,0.0169293,0.0130229,0.0196741,0.032251,0.0390976,0.0162573,0.017087,
2.955,-0.0206046,-0.00606381,0.014172,0.00465253,-0.0243369,0.0211154,0.0165676,0.0219579,0.0230661,0.0190852,0.0258628,0.0208094,0.0061806,0.00241065,0.0164722,0.0166075,0.0268759,0.00598045,0.00715093,0.00580474,0.0062544,0.0061485,0.00484716,0.00111648,0.0174929,0.0293022,0.0357157,0.00252181,0.0312802,0.00536605,0.0508902,0.0156014,0.0221742,0.00900331,0.0262664,0.00904316,0.00608549,0.0390677,0.0184018,0.0166209,0.00830159,0.00042689,-0.00427663,0.00618402,-0.0144704,0.032016,0.0182655,0.0245507,0.0123151,0.0185871,0.0209597,0.0044496,0.0126395,0.00319575,0.0166825,0.0150346,0.0271284,0.00699575,0.0041831,0.00126618,0.0127568,0.00850059,0.00396843,0.00380921,0.0187307,0.0166185,0.0247746,-0.000285586,0.0413858,0.00230363,0.0577216,0.0174072,0.0238983,0.0166813,0.0138432,0.019712,0.032159,0.0389111,0.0160419,0.0168518,
2.96,-0.0216983,-0.00609324,0.0136977,0.00428554,-0.0252369,0.0205544,0.0163991,0.0222902,0.0228874,0.0189521,0.0257596,0.0206311,0.00638656,0.0024437,0.0161334,0.0160119,0.0261869,0.00594542,0.00703319,0.00551896,0.00600522,0.00587493,0.00462209,0.000992038,0.0169804,0.0289638,0.0355672,0.00239224,0.0310367,0.00540768,0.0513952,0.0155046,0.0221472,0.00869224,0.0268604,0.00893344,0.00597232,0.0388426,0.018137,0.016198,0.00817706,0.000474013,-0.00626661,0.00581498,-0.0149633,0.0317299,0.0178576,0.0248478,0.0122902,0.0186134,0.0208341,0.00164617,0.0129036,0.00323033,0.0156677,0.0140042,0.0263768,0.00713057,0.00405951,0.00109841,0.0128234,0.00842945,0.00380198,0.00377778,0.0184112,0.0164283,0.0245372,-0.000699818,0.0405939,0.00235626,0.05843,0.0171297,0.023758,0.0164425,0.0147346,0.0197672,0.0321102,0.038665,0.0158116,0.0166034,
2.965,-0.0224413,-0.00610484,0.0132607,0.00391116,-0.0260638,0.0200364,0.0162288,0.0226046,0.0227447,0.0188853,0.0256543,0.0204206,0.00660609,0.00248566,0.0157604,0.015402,0.0254723,0.00590421,0.00689607,0.00520355,0.00576051,0.00559631,0.00438476,0.00115504,0.0164644,0.0286283,0.0354183,0.00224926,0.0308272,0.00544978,0.0519865,0.0154088,0.0221001,0.00834402,0.0274332,0.00891797,0.0058286,0.0385805,0.017862,0.0157527,0.00804508,0.00052984,-0.0073492,0.00543076,-0.0154747,0.0314455,0.0174739,0.025171,0.0122833,0.0186349,0.0207063,0.00442366,0.01319,0.0032689,0.0146553,0.012984,0.0255968,0.00726761,0.00392213,0.000970504,0.0128836,0.0083513,0.00362502,0.00374382,0.0180662,0.0162832,0.0243185,-0.000907916,0.0399129,0.0024083,0.0591134,0.0168759,0.0236327,0.0161846,0.0157099,0.0198417,0.0320758,0.0383563,0.0155667,0.0163394,
2.97,-0.0228776,-0.00609638,0.0128224,0.0035296,-0.0266995,0.019558,0.0160397,0.0228801,0.022612,0.0187954,0.0255486,0.0202242,0.00680081,0.00251677,0.0153512,0.0147853,0.0247345,0.0058585,0.00673902,0.00485743,0.00552154,0.0053134,0.00413357,0.000731885,0.0159599,0.028298,0.0352677,0.00209227,0.0306355,0.00549756,0.0525391,0.015299,0.022016,0.00801417,0.0279788,0.00883655,0.00572253,0.0382781,0.0175767,0.0152895,0.00790666,0.000592632,-0.00817186,0.00503428,-0.0160398,0.0311437,0.0171077,0.0255125,0.0122888,0.0186515,0.020576,0.00162803,0.0134516,0.0033002,0.0136846,0.0120178,0.0247905,0.00740422,0.00376909,0.000835726,0.012932,0.0082607,0.00343692,0.00370841,0.0177004,0.01613,0.024087,-0.00114927,0.0390825,0.00245949,0.0599301,0.0166401,0.0235159,0.0159227,0.016783,0.0199322,0.0320405,0.0380094,0.0153076,0.0160404,
2.975,-0.0231368,-0.00606659,0.0124418,0.00315033,-0.0272637,0.0191363,0.0158151,0.0230964,0.0225128,0.01876,0.0254459,0.0200259,0.00700287,0.00254735,0.0149093,0.0141659,0.0239768,0.00580757,0.00656286,0.00448114,0.00528959,0.00502667,0.003871,0.00175456,0.0154751,0.027977,0.0351242,0.00192036,0.030453,0.00555614,0.0531525,0.0151597,0.02188,0.00768695,0.0284947,0.00885047,0.0056311,0.0379436,0.0172817,0.014813,0.00775682,0.000662155,-0.00895205,0.00462596,-0.0167299,0.0308398,0.0167545,0.0258676,0.0123114,0.0186628,0.0204459,0.00444238,0.013721,0.00333064,0.0127886,0.0111326,0.0239646,0.00753852,0.00360067,0.000752383,0.0129642,0.00815722,0.00323642,0.00367084,0.017315,0.0159883,0.0238606,-0.00140403,0.0383985,0.00250919,0.0607093,0.0164183,0.0234047,0.0156511,0.0179637,0.020043,0.0320105,0.0376353,0.0150351,0.0157086,
2.98,-0.023276,-0.00601346,0.0119918,0.00277831,-0.0277788,0.0187434,0.0155402,0.023234,0.0224412,0.0187084,0.0253463,0.0198565,0.00720632,0.00257824,0.0144362,0.0135479,0.0231998,0.00575266,0.00636696,0.00407667,0.00506881,0.00473848,0.003601,0.000282199,0.0149967,0.0276701,0.0349739,0.00173319,0.030257,0.00562983,0.0539784,0.0149773,0.0216807,0.00738475,0.0289812,0.00886511,0.00557001,0.0375742,0.0169765,0.0143263,0.00759756,0.000737018,-0.00975594,0.00420849,-0.0176042,0.0304971,0.0164123,0.0262391,0.0123452,0.0186691,0.0203298,0.0016141,0.0140061,0.00336084,0.0119796,0.0103386,0.023124,0.00766734,0.00341492,0.000451995,0.0129779,0.00803462,0.0030225,0.00366759,0.0168915,0.0158621,0.0236136,-0.00163349,0.0377422,0.00256136,0.0614341,0.0162092,0.0232998,0.0153842,0.0192337,0.0201809,0.0319804,0.0372351,0.014751,0.0153511,
2.985,-0.0233087,-0.00593623,0.0116117,0.0024219,-0.0282035,0.0183977,0.015204,0.0232861,0.0224573,0.0188124,0.0252439,0.0196654,0.0074371,0.0026101,0.013933,0.0129293,0.0224071,0.00569398,0.00615132,0.00364548,0.00486047,0.00444927,0.00331574,0.00355884,0.0144443,0.0273634,0.0348296,0.00152704,0.0300437,0.00572183,0.054911,0.0147414,0.021415,0.00707812,0.0294398,0.00915566,0.0055209,0.037173,0.01665,0.0138345,0.00742441,0.000816059,-0.0106147,0.00378698,-0.0187399,0.0301374,0.0160809,0.02663,0.0124029,0.0186702,0.0202214,0.00441594,0.0142878,0.00338713,0.011254,0.00962527,0.0222779,0.00778942,0.00321417,0.00104213,0.0129674,0.00789641,0.0027949,0.00361628,0.0163442,0.0157772,0.0233715,-0.00183269,0.0375757,0.00261763,0.0622843,0.0160129,0.0232047,0.0151047,0.020556,0.0203613,0.0319696,0.0367801,0.0144569,0.0149738,
2.99,-0.0232442,-0.00583324,0.0111813,0.00210601,-0.0284953,0.0180403,0.0148012,0.0232532,0.022518,0.0188947,0.0251305,0.0194965,0.00766624,0.00264083,0.0134018,0.0123079,0.0216031,0.0056329,0.00591648,0.00319356,0.00466872,0.0041604,0.00301548,0.000433367,0.013749,0.0270502,0.034675,0.00129891,0.0297699,0.00583393,0.0557915,0.0144466,0.0210863,0.00680106,0.0298737,0.00934499,0.00551327,0.0367316,0.0162857,0.0133426,0.00723835,0.00089893,-0.0115119,0.00336441,-0.0201285,0.0297167,0.0157604,0.0270477,0.0124738,0.0186662,0.0201178,0.00159127,0.0145735,0.00340912,0.0105973,0.00897325,0.0214347,0.00790138,0.00299693,-0.00162258,0.0129297,0.00773524,0.00255301,0.00356353,0.0155935,0.0156766,0.0230819,-0.00200753,0.0370971,0.00267879,0.0630904,0.0158294,0.023124,0.014826,0.0218938,0.0205849,0.0319507,0.0362913,0.014147,0.0145838,
2.995,-0.0230774,-0.00570403,0.0108194,0.00181897,-0.0285778,0.0177649,0.0143329,0.0231511,0.0226695,0.0191266,0.0250332,0.0193405,0.00809199,0.00278838,0.0128464,0.0116825,0.0207891,0.00556952,0.00566318,0.00273154,0.00449516,0.0038739,0.00270595,0.00246382,0.0131907,0.0267651,0.0345328,0.00104359,0.0294272,0.00596517,0.0567336,0.0140943,0.0207046,0.0065675,0.0302859,0.00974804,0.00556163,0.0362543,0.0158893,0.0128542,0.00703494,0.000984702,-0.0123677,0.00295545,-0.0215133,0.0292596,0.0154521,0.0274904,0.0125678,0.0186572,0.0200401,0.00461078,0.0150657,0.00347438,0.00998505,0.00835388,0.0206032,0.0080024,0.00276569,-0.00465352,0.0128673,0.00755496,0.00229415,0.00351747,0.0149698,0.0155942,0.0227951,-0.00216413,0.0371715,0.00274607,0.0637723,0.0156593,0.0230575,0.0145468,0.023231,0.0208616,0.0319491,0.0357595,0.0138054,0.0141898,
3,-0.0228123,-0.00554738,0.0103198,0.0015769,-0.0286645,0.0173849,0.0138054,0.0229936,0.0228946,0.0193858,0.0248979,0.0191556,0.00842389,0.00291043,0.0122697,0.0110523,0.0199827,0.0055053,0.00539197,0.00227563,0.00434361,0.00359189,0.00238516,0.000203179,0.0122334,0.0264339,0.0343479,0.000752297,0.0289534,0.00611234,0.0578338,0.0136892,0.0202848,0.00631396,0.0306791,0.0101958,0.00559674,0.0356274,0.0154654,0.0123725,0.00680721,0.00107198,-0.013139,0.00256245,-0.022644,0.0286808,0.0151546,0.0279521,0.0126718,0.018643,0.0199579,0.00159899,0.0154643,0.00352469,0.00939757,0.007744,0.0198042,0.00808929,0.00252149,-0.00643026,0.0127779,0.00735127,0.00201706,0.00347466,0.0139514,0.0154977,0.022411,-0.00230998,0.0372073,0.00281895,0.0644974,0.0155014,0.0230021,0.0142416,0.0245581,0.0211917,0.0319116,0.0350915,0.0134432,0.0137996,
3.005,-0.0224434,-0.00536348,0.00972517,0.00141101,-0.0288214,0.0168994,0.0132283,0.0227954,0.0232528,0.0199066,0.0247276,0.0188956,0.00939935,0.0035069,0.0116776,0.0104163,0.0191843,0.00544098,0.00510413,0.0018681,0.00421408,0.00331327,0.00205261,0.00303548,0.0110735,0.0260509,0.0341085,0.000409176,0.0283077,0.00627023,0.0587559,0.0132401,0.0198392,0.00602105,0.0310547,0.0109117,0.00561604,0.0347603,0.0150189,0.0119001,0.00655318,0.00115834,-0.0137752,0.00221283,-0.0233837,0.0279543,0.0148654,0.0284171,0.0127876,0.0186231,0.0198986,0.00436171,0.0166029,0.00375269,0.00881332,0.00713261,0.0190369,0.00816155,0.00226988,-0.00734448,0.0126599,0.0071288,0.00172251,0.00343347,0.0128634,0.0153982,0.0219646,-0.00245029,0.0378619,0.00289685,0.0653005,0.0153525,0.022953,0.0138859,0.0258678,0.0215737,0.0318301,0.0341725,0.0130705,0.0134201,
3.01,-0.0219612,-0.00515214,0.00888414,0.00120629,-0.0288747,0.0162722,0.0126128,0.0225671,0.023647,0.0203163,0.0245604,0.0187245,0.00996541,0.00387342,0.0110748,0.00977446,0.0184049,0.00537749,0.00480069,0.0015269,0.00411262,0.00303993,0.00170227,0.000317319,0.00996361,0.0257073,0.0338258,-8.79203e-06,0.0274676,0.00643216,0.0595888,0.0127566,0.0193791,0.00580293,0.0314114,0.0113588,0.0056888,0.0338215,0.0145529,0.0114392,0.00627782,0.00124573,-0.0143241,0.0019098,-0.0240108,0.0269355,0.0145803,0.0288649,0.0128888,0.0185969,0.01987,0.00153947,0.0172487,0.00390543,0.00822617,0.0065159,0.0183179,0.00821759,0.00201216,-0.00805082,0.0125085,0.00688066,0.00140751,0.00339517,0.0119239,0.0153292,0.0214295,-0.0025854,0.037908,0.00297768,0.0658958,0.0152072,0.0228998,0.0135674,0.0271482,0.0220007,0.0317753,0.0332624,0.0126964,0.0130569,
3.015,-0.0213686,-0.00491426,0.00796005,0.00121516,-0.0289284,0.0154962,0.0119711,0.0223234,0.0241219,0.0208492,0.0243697,0.0184745,0.0107223,0.00439234,0.0104664,0.00912987,0.0176524,0.00531558,0.00448383,0.00133962,0.00403956,0.00277559,0.00133851,0.00233174,0.0087311,0.0253257,0.0334794,-0.000530761,0.0264182,0.0065902,0.060462,0.0122497,0.018915,0.00554394,0.0317443,0.0120073,0.0057324,0.0326502,0.0140719,0.0109906,0.00597716,0.00132826,-0.0148274,0.00163988,-0.0245709,0.0256073,0.0142931,0.0292609,0.0129794,0.0185639,0.0198419,0.00421808,0.0181182,0.00412279,0.00764007,0.00590313,0.0176422,0.00825688,0.00175813,-0.00844855,0.0123245,0.00662008,0.0010629,0.00335742,0.0109062,0.0152287,0.020817,-0.00271312,0.0385696,0.00305936,0.066527,0.015058,0.0228288,0.0131889,0.0283827,0.0224633,0.0316538,0.0321041,0.0123281,0.0127145,
3.02,-0.020532,-0.00465106,0.00682086,0.000563132,-0.0288696,0.01456,0.0113162,0.0220784,0.0245992,0.0212312,0.0242127,0.0183298,0.011155,0.00468115,0.00985601,0.00848527,0.0169024,0.0052568,0.00415623,0.00108122,0.00399649,0.00252014,0.000945393,0.000241544,0.00784404,0.0250367,0.0331096,-0.000920618,0.025215,0.00673613,0.0609597,0.0117311,0.0184579,0.00536751,0.0320456,0.0124117,0.00581555,0.0315043,0.0135808,0.0105549,0.00565417,0.0013979,-0.0153143,0.00146858,-0.02509,0.0238325,0.0139956,0.0295749,0.0130432,0.0185233,0.0198295,0.00149389,0.0186138,0.0042148,0.00706481,0.00531027,0.0169913,0.00827878,0.0015207,-0.00888977,0.0121051,0.00634015,0.000679359,0.00333303,0.0101555,0.0151935,0.0201722,-0.00283196,0.0387691,0.00313979,0.0671964,0.0148954,0.0227235,0.0128603,0.0295503,0.0229535,0.0315842,0.0310547,0.0119725,0.0123954,
3.025,-0.0195119,-0.00436224,0.00571937,0.00354942,-0.0290942,0.0134718,0.0106621,0.0218474,0.0251578,0.0218285,0.0240202,0.0180424,0.0115984,0.00500908,0.00924997,0.00784137,0.0160921,0.00520126,0.00381954,0.00127169,0.00398404,0.00227212,0.000526659,0.00236171,0.00723066,0.0246748,0.0326878,-0.00132482,0.0239122,0.00686327,0.0614331,0.0112135,0.0180182,0.00508288,0.0323065,0.0132478,0.00578713,0.0301438,0.013085,0.0101331,0.00531729,0.00145813,-0.0158031,0.00124843,-0.025584,0.0218278,0.013679,0.0297742,0.0131113,0.0184757,0.0197738,0.00398018,0.0191553,0.00432638,0.0065142,0.00475724,0.0163287,0.00828363,0.00132643,-0.00933948,0.0118496,0.00605786,0.000234174,0.00329401,0.00958884,0.015098,0.0195365,-0.00293993,0.0403186,0.00321691,0.0677525,0.014709,0.0225685,0.0124225,0.0306314,0.0234597,0.0313624,0.0297282,0.0116338,0.0121016,
3.03,-0.0182555,-0.00404979,0.00444367,-0.00152239,-0.0291411,0.0125381,0.0100224,0.0216445,0.0256862,0.0222244,0.0239218,0.0179753,0.0119191,0.00523007,0.00864912,0.00720291,0.0152163,0.00514959,0.00347733,-0.000157575,0.00400255,0.00203434,4.88142e-05,0.000358355,0.00776329,0.0244995,0.0323159,-0.00169166,0.0226374,0.00696642,0.0618074,0.0107103,0.0176102,0.0049667,0.0325172,0.0136109,0.00585649,0.0290028,0.0125878,0.00972426,0.00497842,0.00150653,-0.0163439,0.00126835,-0.026048,0.0194998,0.0133334,0.0298223,0.0131632,0.0184208,0.0197575,0.00143286,0.0195389,0.00437771,0.00601076,0.00426313,0.0155866,0.00827225,0.00115717,-0.00978501,0.0115567,0.00575859,-0.000303224,0.00326041,0.00985685,0.0150911,0.0190274,-0.0030359,0.0408408,0.0032894,0.0681674,0.0144874,0.0223465,0.0120951,0.0316102,0.0239678,0.0312512,0.0287595,0.0113156,0.0118335,
3.035,-0.0165897,-0.00371625,0.00351404,-0.00368469,-0.0296207,0.011637,0.00940994,0.0214835,0.0263042,0.0229229,0.0241618,0.0177046,0.0124664,0.00567226,0.00805596,0.00657592,0.0142406,0.0051019,0.00313458,0.00612268,0.00404977,0.00180726,0.000547698,0.00845518,0.00761303,0.0249594,0.0318666,-0.00197531,0.0213742,0.00704304,0.0619971,0.0102333,0.0172434,0.00465523,0.0326697,0.0144586,0.00575849,0.0275943,0.0120925,0.00932707,0.00463162,0.00154089,-0.0166639,0.000602803,-0.0264802,0.0173905,0.0129502,0.0296904,0.0132601,0.0183617,0.0197858,0.00484272,0.0206087,0.00479663,0.00556944,0.00385041,0.014778,0.00824476,0.00102803,-0.0102203,0.0112317,0.00547765,-0.00098176,0.00637115,0.00962823,0.0150934,0.0185875,-0.00311858,0.0423999,0.00335551,0.0684834,0.0142195,0.0220439,0.0116551,0.0324756,0.024497,0.0309887,0.0274085,0.0110186,0.0115892,
3.04,-0.0145567,-0.00336258,0.00269751,-0.00578634,-0.0298292,0.0110011,0.00883378,0.0213682,0.0268826,0.0233828,0.0242776,0.0176029,0.0125801,0.00576342,0.00747189,0.00596098,0.0131587,0.00505839,0.0027954,-0.00191037,0.00412379,0.00159052,-0.000636809,0.00094623,0.00777039,0.0251335,0.0314858,-0.00219488,0.0201805,0.0070939,0.0620443,0.0097918,0.0169236,0.00448889,0.0327589,0.0148146,0.00574449,0.0265046,0.0116028,0.00893659,0.00428432,0.00156027,-0.0169793,0.0035735,-0.0268827,0.015284,0.0125217,0.0293613,0.0133687,0.0182989,0.0198045,0.00153427,0.0209892,0.00489264,0.00520166,0.00352602,0.0138887,0.00820263,0.000895187,-0.010636,0.0108748,0.00517364,-0.0014934,0.00686016,0.00959197,0.0151542,0.0181825,-0.00318799,0.042801,0.00341315,0.0687753,0.0138959,0.021652,0.0113097,0.0332175,0.0250306,0.0308443,0.0264761,0.0107417,0.0113654,
3.045,-0.0131563,-0.00298794,0.00270517,-0.00682037,-0.0306092,0.0104349,0.00830051,0.0213044,0.0275456,0.0241852,0.0246149,0.0172212,0.0130651,0.00618049,0.00689956,0.0053648,0.012071,0.00501864,0.00246486,-0.00523173,0.00422206,0.00137604,0.000142629,0.00685933,0.00794751,0.025766,0.0310003,-0.00237905,0.0190761,0.00712254,0.0620066,0.0093918,0.0166525,0.00405326,0.0327837,0.015706,0.00548749,0.0249462,0.0111197,0.00855132,0.0039395,0.00156538,-0.0170032,-0.00134833,-0.0272572,0.0138209,0.0120428,0.0288313,0.0135543,0.018236,0.0198468,0.00524364,0.0219911,0.00536187,0.00491257,0.00329216,0.0129648,0.0081468,0.000816998,-0.0110116,0.0104925,0.00489496,-0.00192491,0.0097787,0.00960466,0.0152245,0.0179668,-0.0032433,0.0443746,0.00346128,0.0690402,0.0135097,0.0211688,0.010811,0.0338278,0.0255737,0.0305038,0.024921,0.0104837,0.0111584,
3.05,-0.0122057,-0.00259656,0.00269772,-0.00744793,-0.0308452,0.0101373,0.00781531,0.0212909,0.0281338,0.0246246,0.0256644,0.0175446,0.0135505,0.00655725,0.00634327,0.00478808,0.0110887,0.00498235,0.00215839,-0.00732957,0.00434074,0.00116414,0.00307803,0.00573951,0.00876505,0.0278071,0.0307779,-0.00254923,0.0180637,0.00713512,0.0619351,0.00903765,0.0164316,0.00403156,0.0327471,0.0156488,0.00562113,0.0244736,0.0106436,0.00817078,0.00361006,0.00155876,-0.0158551,-0.00299112,-0.0276028,0.0118083,0.0115122,0.0281211,0.0138222,0.0181813,0.0202937,0.00156373,0.0234563,0.00636325,0.0046967,0.00313911,0.0120837,0.00807897,0.000605036,-0.0113367,0.0100852,0.00464083,-0.00223105,0.0161133,0.0099723,0.0158005,0.0180726,-0.00328268,0.0430904,0.0034986,0.069267,0.013058,0.0205994,0.0108321,0.0343043,0.0262237,0.0309101,0.0247165,0.0102433,0.0109647,
3.055,-0.011157,-0.00218547,0.00271561,-0.00793769,-0.031845,0.00966852,0.00738189,0.0213353,0.0288318,0.0255581,0.0259541,0.017143,0.0139631,0.0069465,0.0058103,0.00423592,0.0102435,0.0049493,0.00187726,-0.00847732,0.00447761,0.000950554,-0.000152417,0.00454334,0.00867391,0.0281834,0.0303216,-0.00271014,0.0171856,0.00713929,0.0618637,0.00873379,0.0162634,0.00348763,0.0326564,0.0168083,0.00526719,0.0229208,0.0101753,0.00779614,0.00329253,0.00153648,-0.0148511,-0.00522493,-0.0279111,0.0113362,0.0109321,0.0272641,0.0141683,0.0181355,0.0204243,0.00473821,0.0242098,0.00672779,0.00454486,0.00305009,0.011317,0.0080004,0.000673312,-0.01161,0.00965515,0.00434756,-0.00245263,0.0172461,0.00977904,0.0159803,0.0180057,-0.00330416,0.0454237,0.00352439,0.0694084,0.0125418,0.019957,0.0103263,0.034651,0.0268681,0.0306522,0.0231019,0.0100184,0.0107812,
3.06,-0.00995327,-0.00175227,0.00282593,-0.00836118,-0.0323508,0.00901281,0.00700348,0.021436,0.0293986,0.0259459,0.0268158,0.0175514,0.0143544,0.0072822,0.00530545,0.00371456,0.00947418,0.00491887,0.00162552,-0.009393,0.00462948,0.000730442,0.00463245,0.00848305,0.00880113,0.0298832,0.030219,-0.00286227,0.0163585,0.00714352,0.0618333,0.00848156,0.0161477,0.00354607,0.0325224,0.0164877,0.00538344,0.0231208,0.00971665,0.00742896,0.0030003,0.00149957,-0.0132944,-0.00635929,-0.0281802,0.0103371,0.0103078,0.0263041,0.0145576,0.0181046,0.0208285,0.00146501,0.0254788,0.00757056,0.00444112,0.0030054,0.0106747,0.0079116,0.000131828,-0.0118326,0.0092121,0.00408653,-0.00263465,0.0213172,0.00954209,0.0165943,0.0181764,-0.00330393,0.0429702,0.00353827,0.0694447,0.0119675,0.0192584,0.0104473,0.0348764,0.0275902,0.0310393,0.0236395,0.00980709,0.0106045,
3.065,-0.0086311,-0.00129828,0.00290963,-0.00874237,-0.0333003,0.00861892,0.00668034,0.021589,0.0301204,0.0269691,0.0271049,0.01704,0.014576,0.00753333,0.00483572,0.00322761,0.00874824,0.00489136,0.0014365,-0.0102509,0.00479251,0.000506955,-0.000234092,0.00702367,0.00879151,0.0302547,0.0297759,-0.00300537,0.0157138,0.00715644,0.0618749,0.00828157,0.016083,0.00291535,0.0323595,0.0182041,0.00493065,0.0214019,0.00926977,0.00707207,0.00271452,0.00145361,-0.0126823,-0.00698556,-0.0284059,0.0110914,0.00964795,0.0252884,0.0150085,0.0180883,0.0209317,0.00521124,0.0259977,0.0077571,0.00436658,0.00298815,0.0101163,0.00781512,0.000445046,-0.0120066,0.00877198,0.00379484,-0.00279142,0.0216981,0.00948746,0.0167615,0.0181251,-0.0032754,0.0471831,0.00354003,0.0693921,0.0113451,0.0185261,0.00986364,0.034993,0.0282835,0.0306963,0.0217821,0.00960695,0.0104308,
3.07,-0.00730287,-0.000789531,0.0028008,-0.00875288,-0.0337119,0.00810895,0.0064105,0.0217838,0.0306016,0.0271732,0.0275112,0.0176424,0.0145509,0.00754694,0.00440522,0.00278873,0.00801975,0.00486521,0.00126531,-0.0110864,0.00496384,0.000289093,0.0035846,0.00751306,0.0088194,0.0310037,0.0300811,-0.00313818,0.0151996,0.00718495,0.0620023,0.00813117,0.0160642,0.00328365,0.0321846,0.0176903,0.00511987,0.023178,0.00883605,0.00673032,0.00247588,0.00139418,-0.0119278,-0.00742344,-0.0285905,0.0109511,0.00896493,0.0242571,0.0154178,0.0180838,0.0211243,0.00150438,0.0263603,0.00789708,0.0043089,0.00298387,0.00962299,0.00771074,-0.000295524,-0.0121357,0.00834421,0.00350146,-0.0029268,0.0223329,0.00906663,0.0171426,0.0182978,-0.00328372,0.0438456,0.00353013,0.0692647,0.01069,0.0177809,0.0100429,0.0350161,0.0289513,0.0309833,0.0240664,0.00941528,0.0102576,
3.075,-0.00611518,-0.000164687,0.00392764,-0.00879977,-0.0340384,0.00792884,0.00619005,0.0220131,0.0309045,0.0271484,0.0282509,0.0171454,0.0156386,0.0083721,0.00402137,0.00240568,0.00728378,0.00484042,0.00113728,-0.0115816,0.00513868,6.71813e-05,-0.000700687,0.0111418,0.00897824,0.032349,0.029704,-0.00326219,0.0154018,0.00723286,0.0622045,0.00802653,0.0160841,0.00260942,0.0320162,0.0157163,0.0047584,0.0208712,0.00841809,0.00640948,0.00226006,0.00132013,-0.0100773,-0.00776462,-0.0287293,0.0117468,0.00827342,0.0232489,0.0158494,0.0180982,0.0214419,0.0120935,0.0281016,0.00905549,0.00425141,0.0029746,0.00917726,0.00759993,-0.00104443,-0.0122224,0.00793074,0.00329901,-0.00304325,0.0261357,0.00881405,0.0177171,0.0186469,-0.00350856,0.0366439,0.00350928,0.0690698,0.0100205,0.0170468,0.00963714,0.0349618,0.0295798,0.0309973,0.0214145,0.0092307,0.0100832,
3.08,-0.00507513,0.000573836,0.00351745,-0.00884592,-0.0343408,0.00805174,0.00601286,0.0222545,0.0310096,0.0266429,0.0284994,0.0171482,0.0154567,0.00827929,0.0036866,0.00209954,0.00653933,0.00481637,0.000984365,-0.0120124,0.00531544,-0.000171048,-0.000526024,0.0088938,0.0091096,0.032815,0.0302378,-0.00337776,0.015641,0.00729937,0.0624428,0.00796115,0.0161325,0.00272943,0.0318685,0.0137638,0.00454733,0.023849,0.00801807,0.00611462,0.00208095,0.00123958,-0.00882603,-0.00807113,-0.0288688,0.0128901,0.00759412,0.0222981,0.0162162,0.0181206,0.0214913,0.00327974,0.0283166,0.00909617,0.00418646,0.00295816,0.00876062,0.00748301,-0.00302073,-0.0122696,0.00753288,0.00296842,-0.00314287,0.0258053,0.00863323,0.017875,0.0187855,-0.00354725,0.0336042,0.0034788,0.068794,0.00935994,0.0163527,0.0093301,0.0348464,0.0300941,0.0307694,0.0249963,0.00905168,0.00990655,
3.085,-0.00413271,0.00121548,0.00381753,-0.00888179,-0.0342896,0.00758486,0.00587234,0.0224957,0.0311311,0.0265946,0.0289309,0.0164184,0.0140382,0.00712778,0.00339989,0.00185468,0.00579348,0.00479252,0.000970313,-0.0123896,0.005489,-0.000442586,0.00148241,0.0112031,0.00924721,0.0337143,0.0297382,-0.00348477,0.0161622,0.00737941,0.0626671,0.00792802,0.0161985,0.00197505,0.031748,0.0162167,0.00392611,0.0200244,0.0076382,0.00584998,0.00191226,0.00114928,-0.00693283,-0.0081109,-0.0288742,0.013321,0.00695077,0.0214284,0.0165809,0.0181573,0.02153,0.0112734,0.028124,0.00907309,0.00410862,0.00292945,0.00837056,0.00736104,-0.00450206,-0.0122819,0.00714834,0.00273329,-0.00322832,0.0269315,0.00869469,0.0182773,0.0187586,-0.000888284,0.0392012,0.00343946,0.0684363,0.00873434,0.0157269,0.00881238,0.0346849,0.0305484,0.0305195,0.0204001,0.00887735,0.00972751,
3.09,-0.00325188,0.00203759,0.00310599,-0.00890464,-0.0339682,0.00684416,0.00576127,0.0227257,0.0309071,0.0254537,0.0289279,0.0166866,0.0134506,0.00632318,0.00315525,0.00166263,0.00505863,0.00476752,0.000535349,-0.0127134,0.00565778,-0.000626125,0.000765455,0.00822862,0.00934713,0.0337059,0.0302248,-0.00358298,0.0166646,0.00746513,0.0628352,0.00791926,0.0162741,0.00244369,0.0316587,0.0155435,0.00395591,0.0241918,0.00728118,0.005619,0.0017917,0.00105272,-0.00583365,-0.00810552,-0.0289503,0.0131731,0.00636787,0.0206636,0.0167966,0.0181937,0.0213555,0.0030159,0.0266201,0.00810865,0.00401651,0.00288766,0.0080057,0.00723348,-0.00510311,-0.0122628,0.0067755,0.00239297,-0.00330192,0.0250172,0.00841718,0.0183365,0.0187325,-0.00264488,0.036425,0.00339218,0.0680529,0.00816821,0.0151978,0.00855352,0.0344918,0.030835,0.0302529,0.0266181,0.0087063,0.00954578,
3.095,-0.00241183,0.00265639,0.00299354,-0.00891492,-0.0334674,0.00616232,0.00567307,0.0229283,0.0309183,0.0262358,0.0289761,0.015891,0.0141536,0.00677076,0.00294884,0.00153302,0.00435854,0.00474169,0.00151191,-0.0129842,0.0058189,-0.000814953,0.00130006,0.00920682,0.0094626,0.0339141,0.0295008,-0.00367206,0.017372,0.00754688,0.0629114,0.00792881,0.01635,0.00163208,0.0316459,0.0165975,0.00345062,0.0174407,0.00694831,0.00542311,0.00167014,0.000957311,-0.00482079,-0.00807765,-0.0288054,0.0126396,0.00586631,0.020008,0.0169659,0.018233,0.0211966,0.00884976,0.0278172,0.00825121,0.00391086,0.00283892,0.00766354,0.00710087,-0.00507727,-0.0122165,0.00641112,0.00214143,-0.00336502,0.024423,0.00850274,0.0185892,0.018638,-0.00332495,0.0414696,0.00333786,0.0676862,0.00768332,0.0147827,0.00793984,0.0342804,0.0310066,0.0298724,0.0173931,0.00853753,0.00936123,
3.1,-0.00159311,0.00309581,0.00184264,-0.00891322,-0.0328211,0.0046894,0.00560054,0.0230957,0.0305714,0.0256161,0.028605,0.0161334,0.0144471,0.0068875,0.00277505,0.00141962,0.00372075,0.00471293,-0.00104397,-0.0132096,0.00596885,-0.00100097,0.000146443,0.00644629,0.00954586,0.0332202,0.0296846,-0.00375154,0.0179634,0.00761516,0.0628776,0.00794853,0.0164181,0.00218984,0.031707,0.0153245,0.00351489,0.0272747,0.00664145,0.00526204,0.00161805,0.000859119,-0.00463809,-0.00803369,-0.0286497,0.0110742,0.00546122,0.0194775,0.0169439,0.0182619,0.0209049,0.00215219,0.0273877,0.00755092,0.00379787,0.00278995,0.00734531,0.00696341,-0.00510784,-0.0121458,0.00605258,0.0018044,-0.00341945,0.0214803,0.00821109,0.0185725,0.0185537,-0.00343962,0.0380321,0.00327702,0.0673145,0.00729419,0.0144921,0.00770201,0.0340617,0.0309817,0.029591,0.0382384,0.00836984,0.00917472,
3.105,-0.000765697,0.00342652,0.00253032,-0.00890109,-0.0320514,0.00299022,0.00553771,0.0232188,0.0297634,0.0236774,0.0286574,0.0152784,0.0141844,0.00643304,0.00263341,0.00134549,0.00316743,0.00468124,-0.00245439,-0.013399,0.00610604,-0.00118113,0.00115139,0.00878939,0.00961803,0.0337532,0.0285779,-0.00382141,0.0190313,0.00766233,0.0627208,0.00797263,0.0164705,-2.8564e-05,0.0318235,0.0129846,0.00302286,0.0138985,0.00636358,0.00513688,0.00144837,0.000761624,-0.00430626,-0.00797584,-0.028459,0.00887028,0.00516224,0.0190842,0.0167442,0.0182802,0.0206433,0.00745812,0.0269941,0.00746141,0.00368706,0.00274225,0.00704727,0.0068208,-0.00513859,-0.0120535,0.00569795,0.00154393,-0.00346641,0.0218703,0.00802304,0.018916,0.0185471,-0.00343038,0.0327346,0.00321,0.0668871,0.00700925,0.0143277,0.00714999,0.0338447,0.0307416,0.0294475,0.0090074,0.00820278,0.00898807,
3.11,0.000213563,0.00369576,0.00124355,-0.00887905,-0.0311903,0.00385618,0.00548022,0.0232949,0.0289488,0.0218371,0.0283346,0.016504,0.0139159,0.00607946,0.00251955,0.00126325,0.00273658,0.00464609,-0.00443442,-0.0135597,0.00622696,-0.00134025,-0.00220922,0.00696832,0.00965495,0.0332709,0.0344118,-0.0038818,0.0195943,0.00768427,0.062438,0.00799559,0.016505,0.00594121,0.0319777,0.0114416,0.0034748,0.0744548,0.00611884,0.0050475,0.00172571,0.000666102,-0.00440146,-0.00790642,-0.028226,0.00882816,0.0049729,0.0188348,0.0165168,0.0182846,0.0204162,0.00176864,0.0260423,0.00679743,0.00357856,0.00269977,0.00676928,0.00667281,-0.00516231,-0.0119414,0.00534526,0.00124319,-0.00350812,0.0201767,0.00778635,0.0189235,0.0186526,-0.00339527,0.0282745,0.00313686,0.0663965,0.00683098,0.0142846,0.00713448,0.0336354,0.030468,0.029204,0.0868501,0.00803692,0.00880419,
3.115,0.00143389,0.00392149,0.00513157,-0.00884829,-0.0303144,0.00285014,0.00542477,0.0233234,0.028137,0.0209637,0.0284211,0.0153531,0.0131322,0.00491493,0.00242436,0.00125178,0.00238696,0.00460666,-0.00542457,-0.0136938,0.00633288,-0.00147124,-0.00258696,0.00908123,0.00969109,0.0338121,0.0271688,-0.00393235,0.0204507,0.0076788,0.0620296,0.00801408,0.0165194,0.000619425,0.0321531,0.012219,0.00306624,0.00865241,0.00590953,0.00499308,0.000681328,0.000580329,-0.00408543,-0.00782581,-0.0279542,0.00780082,0.00488941,0.0187395,0.0162917,0.0182786,0.0201918,0.00721157,0.0261562,0.00683983,0.00347746,0.00265982,0.00651022,0.00651976,-0.00517973,-0.0118117,0.00499193,0.000994714,-0.00354464,0.0215639,0.00770913,0.0193903,0.0186709,-0.00335312,0.0312887,0.00305844,0.0658331,0.00675571,0.0143521,0.00665922,0.033437,0.0301535,0.0290733,0.00884443,0.00787562,0.00863007,
3.12,0.00243368,0.00411016,-0.000105847,-0.00880975,-0.029534,0.00398449,0.00536915,0.0233104,0.0275734,0.0199758,0.0280621,0.0166744,0.0128786,0.00437462,0.00234846,0.00112958,0.00215063,0.00456263,-0.00591409,-0.0138025,0.00641966,-0.00158107,-0.00364428,0.00690858,0.00968386,0.0332732,0.0391423,-0.00397342,0.020737,0.00764688,0.0614994,0.0080253,0.0165128,0.00736043,0.0323358,0.0117081,0.00336375,0.100059,0.00573522,0.00496882,0.010882,0.000491887,-0.00422962,-0.00773626,-0.0276474,0.00840325,0.00490344,0.018793,0.0161218,0.0182581,0.0199039,0.00169301,0.0253231,0.00618516,0.00337769,0.00262035,0.00627315,0.00636177,-0.00519066,-0.0116669,0.00463827,0.000661295,-0.00357768,0.0199392,0.0074923,0.0193466,0.0186902,-0.00330762,0.0295192,0.00297534,0.0651894,0.00677517,0.0145168,0.00659379,0.0332493,0.0299011,0.0287697,0.0988748,0.00772304,0.00847198,
3.125,0.00310213,0.00426591,0.0134187,-0.00876419,-0.0288958,0.00299069,0.00531202,0.0232557,0.0271433,0.0199109,0.0280492,0.0152581,0.0126357,0.00351992,0.00228475,0.00131085,0.00187715,0.00451347,-0.00623379,-0.0138878,0.00648826,-0.00167638,-0.00397747,0.00890964,0.00967683,0.0336623,0.0132878,-0.004005,0.0211934,0.00759309,0.0608588,0.00802706,0.0164853,0.000853791,0.0325143,0.0125776,0.00292634,0.0082691,0.00559454,0.00496895,0.000264568,0.000410409,-0.00399596,-0.0076387,-0.0273087,0.0076703,0.00500296,0.0189707,0.0159862,0.0182277,0.019636,0.00673207,0.0258073,0.00633915,0.00327699,0.00257844,0.00605613,0.00619819,-0.00519686,-0.0115099,0.00428201,0.000492663,-0.00360844,0.0208991,0.00744294,0.0196718,0.0186246,-0.00325993,0.0322777,0.00288721,0.0646034,0.0068774,0.0147619,0.0061169,0.0330687,0.0296466,0.0285391,0.00895308,0.0075816,0.00833511,
3.13,0.00353399,0.00439216,-0.00176043,-0.00871242,-0.0283659,0.00400497,0.00525114,0.0231624,0.0266609,0.0192682,0.0275408,0.0167293,0.0132371,0.00418511,0.00223075,0.000726604,0.00181966,0.00445877,-0.00624968,-0.0139509,0.00653803,-0.00176528,-0.00466112,0.00639323,0.00963474,0.0328149,0.0357153,-0.00402721,0.0211796,0.00752603,0.0601238,0.00801733,0.016436,0.0066319,0.0326812,0.0117528,0.00325482,0.10432,0.00548511,0.00498801,0.0259901,0.000321967,-0.00432068,-0.00753455,-0.02694,0.00841667,0.00517315,0.0192404,0.0158464,0.0181809,0.0193041,0.00158069,0.0253606,0.00581452,0.003178,0.00253468,0.00585832,0.00602987,-0.005199,-0.011342,0.0039238,0.000131422,-0.00363692,0.0186747,0.00715279,0.0194637,0.0186742,-0.00321097,0.0292266,0.00279362,0.0640852,0.00704705,0.015068,0.00608179,0.0328898,0.0293978,0.0282013,0.0975698,0.00745344,0.00822283,
3.135,0.00383269,0.00449176,-0.00206157,-0.00865466,-0.0279133,0.00304555,0.00518555,0.0230261,0.0264193,0.0194773,0.0273472,0.0149787,0.0130614,0.00380649,0.00218815,0.00257514,0.00130984,0.00439801,-0.00628872,-0.0139928,0.00656675,-0.00184991,-0.00477375,0.00804844,0.00959305,0.0328941,0.0131169,-0.00404028,0.0213899,0.00745693,0.0595564,0.00799393,0.0163628,0.000694317,0.0328328,0.0129799,0.00281741,0.00806368,0.00540415,0.00502056,0.00472688,0.000237239,-0.00440976,-0.00742543,-0.0265463,0.00774945,0.00539964,0.0195663,0.0157211,0.0181221,0.0189666,0.00559302,0.0254954,0.00583431,0.00308001,0.00249404,0.00568028,0.00585607,-0.0051977,-0.0111655,0.00356462,3.03108e-05,-0.00366426,0.0190015,0.00714348,0.0197343,0.0185763,-0.00316119,0.0337776,0.00269436,0.0634505,0.00726918,0.0154158,0.00559847,0.0327049,0.0291242,0.0279011,0.00912805,0.00733946,0.00813655,
3.14,0.00405349,0.00456712,-0.00276523,-0.00859105,-0.0275149,0.00338741,0.00511462,0.0228528,0.0261323,0.019175,0.0266436,0.0165508,0.0137772,0.00449494,0.00215134,-0.000526102,0.00318043,0.00433138,-0.00632472,-0.014016,0.00657472,-0.00193442,-0.00522197,0.00560991,0.00951346,0.0316498,0.0330307,-0.0040441,0.0212198,0.00739712,0.0591583,0.00795572,0.0162678,0.00609241,0.0329693,0.0123487,0.00309244,0.0932065,0.00534669,0.00506011,-0.000910298,0.000150305,-0.0050422,-0.0073127,-0.0261338,0.00785313,0.00566684,0.0199127,0.0155651,0.0180456,0.0186184,0.00138082,0.0252325,0.0053873,0.00298956,0.00245873,0.00551977,0.00567775,-0.00519362,-0.0109818,0.00320284,-0.000479091,-0.00369072,0.016357,0.00687885,0.0194974,0.0185813,-0.00311096,0.0314164,0.00258937,0.0627472,0.00752852,0.0157846,0.00556805,0.0325049,0.0288434,0.0275404,0.0860955,0.0072404,0.00807673,
3.145,0.00421324,0.00461825,-0.00458955,-0.00852264,-0.0271453,0.00250309,0.00503835,0.0226447,0.0259282,0.0192226,0.0267272,0.0145519,0.0135069,0.00410397,0.00212337,0.00155213,-0.00172063,0.00425775,-0.00635457,-0.0140213,0.00656164,-0.00201972,-0.00501362,0.00814101,0.00944646,0.0325009,0.0116491,-0.00403901,0.0212728,0.00735344,0.0587494,0.00790304,0.0161508,0.000587732,0.0330936,0.0128971,0.00265714,0.00881753,0.0053015,0.00509521,0.00319181,4.57299e-05,-0.00517829,-0.00719777,-0.0257116,0.00694544,0.00596106,0.0202455,0.0154188,0.0179572,0.0183088,0.00552628,0.0255893,0.00558025,0.0029133,0.00243558,0.0053743,0.00549479,-0.00518732,-0.0107925,0.00284235,-0.00107094,-0.00371654,0.0179891,0.0068336,0.0196982,0.0184663,-0.00306084,0.033049,0.00247923,0.0621678,0.00781124,0.0161568,0.00510953,0.0322818,0.028537,0.0272417,0.00887317,0.00715601,0.00804211,
3.15,0.00432719,0.00465149,-0.00729175,-0.00844823,-0.0267858,0.00196794,0.00495772,0.0224053,0.0257168,0.0189255,0.0260895,0.0159974,0.0140005,0.0045117,0.00210058,-0.000228881,-0.00287276,0.00417701,-0.00637808,-0.0140096,0.00652431,-0.00210839,-0.00501566,0.00568969,0.0093712,0.0313631,0.0288558,-0.00402501,0.020985,0.00732986,0.0583761,0.00783591,0.0160148,0.00522802,0.0332109,0.0121853,0.00284011,0.0731925,0.00526173,0.00511714,-0.00104029,-6.82467e-05,-0.00577973,-0.00708227,-0.0252826,0.00575842,0.00626827,0.0205402,0.0152147,0.0178512,0.0179598,0.00135253,0.0254154,0.00522792,0.00285509,0.00242655,0.00524387,0.00530846,-0.00517954,-0.0105994,0.00248642,-0.00195742,-0.00374185,0.0156094,0.00665291,0.0194362,0.0183256,-0.00301084,0.0309735,0.00236453,0.0615767,0.00810207,0.0165125,0.00502797,0.0320283,0.0282265,0.0268351,0.0714549,0.00708504,0.00802985,
3.155,0.00439588,0.00466829,-0.00915845,-0.00836865,-0.0264318,0.00134708,0.00487371,0.0221436,0.0256566,0.0192086,0.0262227,0.0141121,0.0136007,0.00398716,0.00208265,0.00292043,-0.00566789,0.00408863,-0.00639626,-0.0139827,0.00646369,-0.00220168,-0.00504261,0.00822881,0.00927496,0.0322798,0.00922997,-0.00400153,0.0209134,0.00732685,0.0581374,0.00775502,0.015862,0.000443297,0.0333257,0.0132646,0.0024046,0.00852444,0.00522222,0.00512283,0.00104847,-0.000199517,-0.00572265,-0.00696712,-0.0248443,0.00423628,0.00657453,0.0207732,0.0150646,0.0177356,0.0176907,0.00558102,0.0258036,0.00545162,0.0028198,0.00243569,0.00512513,0.00511886,-0.00517083,-0.0104038,0.00214446,-0.00253694,-0.00376616,0.0176321,0.00660746,0.0196614,0.0182097,-0.00296153,0.0335763,0.00224456,0.0609334,0.00838701,0.016831,0.00459763,0.0317386,0.0279317,0.0265414,0.00917171,0.00702191,0.00803248,
3.16,0.00443667,0.00467052,-0.0110039,-0.00828301,-0.0260765,0.00183421,0.00478712,0.0218712,0.0256349,0.0192256,0.025601,0.0151798,0.0140003,0.00427306,0.00206876,-0.000968342,-0.00803953,0.00399199,-0.0064093,-0.0139412,0.00637787,-0.00230341,-0.00507051,0.00568397,0.0091289,0.0310869,0.0262575,-0.00396798,0.0205655,0.00734168,0.0579815,0.00766089,0.0156954,0.00444367,0.0334426,0.0130378,0.002576,0.0629985,0.00518077,0.00511179,0.00223277,-0.000354929,-0.00614869,-0.00685389,-0.0244002,0.0029907,0.00686693,0.0209273,0.0148962,0.0176055,0.0173521,0.00134539,0.0256057,0.00511892,0.00281135,0.00246753,0.00501557,0.004926,-0.00516083,-0.0102071,0.00182656,-0.00284277,-0.00378983,0.0153235,0.00641596,0.019414,0.0180713,-0.00291279,0.0327974,0.00211853,0.0602262,0.00865258,0.0170963,0.00450219,0.0314187,0.0276592,0.0261249,0.0609095,0.00696061,0.00804238,
3.165,0.0044543,0.00466128,-0.0122589,-0.00819145,-0.025717,0.000186587,0.00469892,0.021587,0.0258056,0.019792,0.0256442,0.0137092,0.0135736,0.0036887,0.00205878,-0.000757878,-0.00962349,0.00388688,-0.00641757,-0.0138858,0.00626652,-0.00241414,-0.00509619,0.00784975,0.00902007,0.0317364,0.00847813,-0.00392298,0.0204366,0.00736827,0.0578303,0.00755537,0.0155148,0.000318342,0.0335638,0.0141759,0.00216734,0.00862894,0.00513674,0.00508623,-0.000883507,-0.00053576,-0.00598732,-0.00674315,-0.0239581,0.00195481,0.007133,0.0209868,0.0148277,0.0174693,0.0170936,0.00514836,0.0259192,0.00528284,0.00283328,0.00252495,0.00491339,0.00473209,-0.00515008,-0.0100105,0.00155091,-0.00307292,-0.00381211,0.016911,0.00640534,0.0196522,0.0179733,-0.00286464,0.0354121,0.00198768,0.0595747,0.00888504,0.0172944,0.00409797,0.0310696,0.0274379,0.0258225,0.00905981,0.00689767,0.00805397,
3.17,0.00445615,0.00464224,-0.0132424,-0.00809301,-0.0253448,0.0154851,0.00460983,0.0212902,0.0259693,0.0200156,0.0250115,0.0147017,0.0139924,0.00403301,0.00205225,0.000751971,-0.0108635,0.00377361,-0.00642161,-0.0138179,0.00612933,-0.00253534,-0.00511983,0.00540721,0.00887149,0.0304513,0.0264091,-0.00386387,0.0200065,0.00739882,0.0576298,0.00743846,0.0153213,0.00446103,0.0336899,0.0140144,0.00246898,0.0649488,0.0050902,0.00504805,0.00266987,-0.000731911,-0.00631777,-0.00663594,-0.0235225,0.00246049,0.00736149,0.0209454,0.0147658,0.0173224,0.0168058,0.00127202,0.0257508,0.00497065,0.00289295,0.00261896,0.00481581,0.00453712,-0.00513878,-0.0098147,0.0013484,-0.00327198,-0.00383299,0.0145386,0.00620785,0.0194064,0.0179029,-0.00281729,0.0347445,0.00185358,0.0590175,0.00907338,0.0174148,0.00411645,0.0306913,0.0272699,0.0254402,0.0630653,0.00683075,0.00806434,
3.175,0.00445088,0.00461649,-0.0134556,-0.00798798,-0.0249506,0.00187564,0.00452137,0.0209825,0.0262197,0.020519,0.0249908,0.0134139,0.0135796,0.0034802,0.00205063,0.00213869,-0.0118708,0.00365144,-0.00642235,-0.0137378,0.00596598,-0.00266666,-0.00514265,0.00734032,0.00875304,0.0308781,0.00850582,-0.00378416,0.0197872,0.00742439,0.0573352,0.00731199,0.0151188,0.000318948,0.0338192,0.014835,0.00211398,0.0087547,0.005043,0.00500199,-0.00101945,-0.000922723,-0.00614336,-0.00653299,-0.0230916,0.00109688,0.00754432,0.0208073,0.0147719,0.017172,0.0165446,0.00462295,0.0259874,0.00508598,0.00299458,0.00274885,0.00472268,0.00434279,-0.00512701,-0.00962257,0.00121156,-0.00345407,-0.00385173,0.0159243,0.0061945,0.0195483,0.0177969,-0.00277063,0.0365816,0.00171928,0.0583785,0.00920975,0.0174551,0.00375041,0.0302853,0.0271327,0.0251186,0.00912588,0.00675889,0.00807121,
3.18,0.00444378,0.00458561,-0.013662,-0.00787534,-0.0245264,0.000515263,0.00443496,0.0206686,0.0264674,0.0208105,0.0243499,0.0142591,0.0143077,0.00420763,0.00204995,-0.000707492,-0.0125886,0.00352154,-0.00641941,-0.0136462,0.00577646,-0.00280811,-0.00516502,0.00506803,0.00859026,0.0295059,0.0261008,-0.00367056,0.0192372,0.00743615,0.0569108,0.00717764,0.0149096,0.00424181,0.0339474,0.0145843,0.00247005,0.0622657,0.00499794,0.00495292,0.000710849,-0.00108847,-0.00646097,-0.00643487,-0.022661,0.00507129,0.00767658,0.0205837,0.0147714,0.0170135,0.0163017,0.00119034,0.0260034,0.00484804,0.00313591,0.00291382,0.00463136,0.00414982,-0.00511451,-0.00943797,0.00110071,-0.00362293,-0.00386825,0.0135307,0.00601505,0.0192307,0.0177218,-0.00272467,0.0358239,0.00158777,0.0577239,0.00928962,0.0174185,0.00381819,0.0298559,0.0270382,0.0247509,0.0611114,0.00668146,0.00807377,
3.185,0.00444088,0.00455177,-0.0134897,-0.00775508,-0.0240717,0.00750151,0.00435308,0.0203531,0.0267644,0.0213139,0.024356,0.0131241,0.0139017,0.00370014,0.00205494,0.00052587,-0.0130371,0.00338359,-0.00641289,-0.0135432,0.00556302,-0.00295868,-0.00518708,0.0070042,0.00845884,0.0300042,0.00842517,-0.00432718,0.0188603,0.00742651,0.0563122,0.00703864,0.0146997,0.000290586,0.034069,0.015427,0.00213562,0.00893725,0.00496075,0.00490919,0.00607291,-0.00118898,-0.00628537,-0.00634163,-0.022235,7.64889e-05,0.00775695,0.0202942,0.0148155,0.0168536,0.0160489,0.00431848,0.0261527,0.00493153,0.00331293,0.00310461,0.0045413,0.00395907,-0.00510061,-0.00926173,0.00103375,-0.00377855,-0.00388147,0.0150633,0.00601577,0.0192707,0.0175656,-0.00267975,0.0375413,0.00146292,0.0571839,0.0093142,0.0173161,0.00346756,0.0294102,0.0269554,0.024391,0.00925603,0.00659866,0.00807175,
3.19,0.0044472,0.00451907,-0.0134584,-0.00762647,-0.0235826,0.000837347,0.00427895,0.020043,0.0270836,0.0216835,0.0237751,0.0141094,0.0147622,0.00461923,0.00206249,0.00307715,-0.0132863,0.00323863,-0.00640269,-0.0134293,0.00532628,-0.00311679,-0.00520926,0.00490446,0.00828734,0.0287139,0.0269112,-0.00403219,0.0181333,0.00738898,0.0554974,0.00689859,0.0144954,0.00425139,0.0341765,0.0151969,0.00256434,0.066469,0.00493454,0.0048756,-0.000805364,-0.00124179,-0.00657948,-0.00625393,-0.0218186,0.0217713,0.00779013,0.0199623,0.014867,0.0166884,0.0158925,0.00114291,0.0263645,0.00478239,0.00351083,0.00331914,0.00445179,0.00377147,-0.00508597,-0.00909349,0.00093136,-0.00391959,-0.00389141,0.0128327,0.00584693,0.0189772,0.017603,-0.00263552,0.0367938,0.00134835,0.0566505,0.00929005,0.0171666,0.00367314,0.0289583,0.0269335,0.0240941,0.0652654,0.00651092,0.00806542,
3.195,0.0044672,0.00448468,-0.0131327,-0.00748993,-0.023052,0.00380909,0.00421629,0.0197465,0.0274031,0.02214,0.0238421,0.0129598,0.014121,0.00402508,0.00207442,-0.000851817,-0.013422,0.0030876,-0.00638965,-0.0133043,0.00506722,-0.00328142,-0.00523157,0.00688987,0.00814612,0.0293123,0.00861462,-0.00396,0.0175987,0.00731851,0.0544774,0.00676231,0.0143047,0.000307038,0.0342637,0.0158796,0.00223946,0.00902772,0.00492227,0.0048562,0.00311541,-0.00126384,-0.00634502,-0.0061709,-0.0214145,0.00387386,0.00778606,0.0196248,0.0149458,0.0165239,0.0156767,0.00424771,0.026449,0.00484827,0.00371857,0.0035376,0.00436381,0.00358914,-0.00506967,-0.00893293,0.00101652,-0.00404445,-0.00389742,0.014646,0.0058524,0.0189788,0.0174463,-0.00259175,0.0381947,0.0012474,0.0560968,0.00922886,0.0169951,0.00334855,0.028513,0.0269111,0.0237465,0.00922703,0.00641958,0.00805606,
3.2,0.00450747,0.00445114,-0.0131956,-0.00734446,-0.0224641,0.000160218,0.00416966,0.0194768,0.0276979,0.0223925,0.0233363,0.0139387,0.014499,0.00486707,0.00209215,-0.000220657,-0.0134868,0.00293155,-0.00637183,-0.0131684,0.00478901,-0.00345314,-0.00525363,0.00487774,0.00796158,0.0281447,0.0264123,0.00939232,0.016783,0.0072129,0.0534747,0.00663531,0.0141358,0.00372594,0.0343245,0.0154899,0.00258226,0.0649304,0.0049246,0.00485284,-0.000957184,-0.00126814,-0.00658007,-0.00609255,-0.0210086,-0.000639567,0.00775903,0.0193151,0.0149996,0.0163558,0.0155591,0.0011346,0.0266744,0.00473122,0.00392387,0.00375003,0.00427639,0.00341345,-0.00505123,-0.00877849,0.000454831,-0.00415258,-0.00389843,0.0125961,0.00568707,0.0187567,0.0175002,-0.00254868,0.0371984,0.00116377,0.0555186,0.00914771,0.0168282,0.00359791,0.0280895,0.0269301,0.0235113,0.0646436,0.00632773,0.00804777,
3.205,0.00455852,0.00441941,-0.0129389,-0.00719069,-0.0218139,0.00948158,0.00414358,0.0192383,0.0279647,0.0227297,0.0231974,0.0127832,0.0136701,0.00421346,0.00211548,0.00353005,-0.0134939,0.00277216,-0.00634979,-0.0130208,0.00449452,-0.00363083,-0.00527498,0.00625867,0.00780886,0.0281037,0.00848343,0.000201523,0.0161803,0.00707244,0.0522905,0.00652269,0.0139953,0.000248093,0.0343538,0.0161202,0.00223872,0.00912048,0.00494216,0.00486532,0.00093064,-0.00126268,-0.00643884,-0.00601811,-0.0205922,0.0059843,0.00772577,0.019065,0.0150447,0.0161881,0.0153148,0.00363139,0.0266255,0.00470837,0.00411563,0.00394522,0.00419175,0.00324492,-0.00502965,-0.00862877,0.00373235,-0.00424407,-0.00389407,0.0135212,0.00570348,0.0185576,0.0172555,-0.0025056,0.0385408,0.00109955,0.0549485,0.00906561,0.0166956,0.00325331,0.0277026,0.0269075,0.0230963,0.00952974,0.00623816,0.00804319,
3.21,0.00463695,0.00439034,-0.012976,-0.00702865,-0.0211029,0.00103088,0.00414002,0.0190371,0.0282185,0.0229377,0.0226376,0.0138497,0.0144861,0.00528092,0.00214669,-0.00083421,-0.0134483,0.00261213,-0.00632297,-0.0128612,0.00418696,-0.00381122,-0.00529532,0.00441965,0.00762,0.0267676,0.0264076,-0.00217718,0.015378,0.0069008,0.0509417,0.0064276,0.013885,0.00339094,0.034348,0.0156685,0.00265343,0.0648072,0.00497579,0.00489383,0.0023769,-0.00125189,-0.00675645,-0.00594721,-0.0201639,-0.00119663,0.00770585,0.0189103,0.0150633,0.0160172,0.0152426,0.00104403,0.0268804,0.00464671,0.00428584,0.00411541,0.00411185,0.00308472,-0.00500426,-0.00848134,-0.000514479,-0.00431691,-0.00388337,0.0112815,0.00554688,0.0183933,0.0174412,-0.00246253,0.0374843,0.00105506,0.0544564,0.00900136,0.0166196,0.00361557,0.0273661,0.0269148,0.0229845,0.0641623,0.00615276,0.0080442,
3.215,0.00473169,0.00436363,-0.0127824,-0.00685795,-0.0202866,0.000133142,0.00415907,0.0188678,0.0284468,0.0232906,0.0222357,0.0126238,0.0138384,0.00458334,0.00218788,4.63322e-06,-0.0133518,0.00245358,-0.00629064,-0.0126882,0.00386951,-0.00399284,-0.00531331,0.00516919,0.00749936,0.0260627,0.00847934,-0.00399505,0.0148424,0.00670455,0.0496519,0.00635127,0.0138033,0.000224374,0.0343052,0.0162294,0.00232855,0.0093606,0.00502473,0.00493784,-0.000839598,-0.00123831,-0.00690558,-0.00587822,-0.0197272,-0.00241953,0.00771607,0.0188818,0.0150497,0.0158446,0.0149737,0.00278984,0.0264561,0.004568,0.00442559,0.00425248,0.00403765,0.00293336,-0.00497462,-0.00833592,0.00179145,-0.00437233,-0.00386628,0.0110945,0.00560118,0.0180445,0.0171884,-0.00241911,0.0387809,0.00102888,0.0539912,0.00897319,0.0166218,0.00322902,0.0270903,0.0268433,0.0225329,0.00959265,0.00607205,0.00805154,
3.22,0.00484854,0.00433976,-0.0127502,-0.0066797,-0.0193278,0.0073101,0.00419921,0.0187237,0.0287071,0.0236229,0.02163,0.0136469,0.014522,0.0055737,0.00224013,0.0041963,-0.0132032,0.00229805,-0.0062517,-0.0124994,0.00354759,-0.00417199,-0.00532901,0.00386575,0.00745392,0.0246531,0.0257939,-0.00378439,0.0141799,0.00649314,0.0483932,0.00629299,0.0137455,0.00278766,0.0342251,0.0158938,0.00269458,0.0599431,0.00508832,0.00499596,0.00201,-0.0012238,-0.00736935,-0.00581072,-0.0192746,-0.00489888,0.00777402,0.0190041,0.0150318,0.0156683,0.0149494,0.000891918,0.0267224,0.00459695,0.00453032,0.00435227,0.00397056,0.00279147,-0.00493979,-0.00818977,-0.000979306,-0.00440897,-0.00384211,0.00890527,0.00557397,0.017979,0.0174436,-0.00237499,0.0381188,0.00101846,0.0535127,0.00899709,0.0167206,0.00365365,0.0268807,0.0268018,0.0225143,0.0596988,0.00599658,0.00806542,
3.225,0.00497986,0.00431818,-0.0126661,-0.00649391,-0.0181816,0.000876195,0.00425803,0.0185993,0.0289681,0.0241216,0.0208361,0.0124081,0.0141139,0.00506973,0.00231179,-0.000526102,-0.0130057,0.00214734,-0.00620679,-0.0122935,0.00322471,-0.00434811,-0.00534134,0.0037457,0.00720219,0.0229706,0.00834053,-0.00371209,0.0137511,0.00627816,0.0471085,0.00625057,0.0137067,0.000151601,0.0341098,0.0164952,0.00238339,0.00953278,0.00516702,0.00506765,-0.000715314,-0.00120801,-0.00789138,-0.00574329,-0.018781,-0.00606924,0.00789328,0.0192932,0.0149741,0.015488,0.0146586,0.00145452,0.0264651,0.00446902,0.00460102,0.00441456,0.00391306,0.00266076,-0.00490023,-0.00804213,-0.00173701,-0.00442707,-0.00381059,0.00722435,0.00555782,0.0175272,0.0171727,-0.00233019,0.0394805,0.00102094,0.0530144,0.00908473,0.0169275,0.00320156,0.0267391,0.026661,0.022009,0.00975012,0.00592624,0.00808522,
3.23,0.00513671,0.00429903,-0.0125745,-0.00630154,-0.0167132,0.0024101,0.00433234,0.0184865,0.0292552,0.0245222,0.0204239,0.0132995,0.014288,0.00537156,-0.0112901,0.00173051,-0.0127598,0.00200196,-0.00615508,-0.0120694,0.00290853,-0.00451983,-0.00534954,0.0033193,0.00741745,0.0223671,0.0248629,-0.00365945,0.0133069,0.00607276,0.0459395,0.00622121,0.0136809,0.00197778,0.0339632,0.0163364,0.00265587,0.0534188,0.0052598,0.0051512,0.00350562,-0.00119176,-0.0084946,-0.00567516,-0.0182197,-0.00625114,0.00808288,0.0197505,0.0149375,0.0153042,0.0146491,0.0004962,0.0265977,0.00449242,0.00464146,0.00444512,0.00386935,0.00254142,-0.00485437,-0.00789207,-0.00325403,-0.00442888,-0.00377249,0.00550694,0.00574001,0.0176772,0.0174851,-0.00228457,0.0392703,0.00103325,0.0524837,0.00924337,0.0172471,0.00373112,0.0266632,0.0265637,0.0221596,0.0533766,0.00586147,0.00811122,
3.235,0.00529172,0.0042815,-0.0124252,-0.00610385,-0.01498,0.000953891,0.00441885,0.0183767,0.0295859,0.0251533,0.0197508,0.0121392,0.0141551,0.0052881,-0.00687307,-9.13902e-05,-0.0124621,0.00186348,-0.00609686,-0.0118261,0.00260416,-0.00468514,-0.00535297,0.00320573,0.00705554,0.0211028,0.00813148,-0.00360809,0.012973,0.00588978,0.0448774,0.00620202,0.0136636,-2.92705e-06,0.0337907,0.0170193,0.0023696,0.00982885,0.00536645,0.00524469,-0.000800651,-0.00117493,-0.00908537,-0.00560504,-0.0175819,-0.00631108,0.00834695,0.0203631,0.0148915,0.0151172,0.0143954,0.00062833,0.0265188,0.00443702,0.00466069,0.00445114,0.00383859,0.00243198,-0.00480286,-0.00773899,-0.00403026,-0.00441418,-0.0037273,0.00436037,0.00565197,0.0172838,0.0172284,-0.00223803,0.0406891,0.00105213,0.0519596,0.00947404,0.017675,0.00321626,0.0266479,0.0263966,0.021658,0.00986811,0.00580232,0.00814295,
3.24,0.00546304,0.0042653,-0.0121927,-0.00590186,-0.0137179,0.00207294,0.00451345,0.0182629,0.0299246,0.0256331,0.019631,0.0125956,0.0142024,0.00535159,-0.00407834,0.00361785,-0.0121095,0.00173567,-0.00603183,-0.0115632,0.00232563,-0.00484201,-0.00535176,0.00321088,0.00685158,0.0212651,0.0230393,-0.00355591,0.0126571,0.0057409,0.0439596,0.0061901,0.0136508,0.00086449,0.0335993,0.0170315,0.00253262,0.0437123,0.00548576,0.00534675,0.00205192,-0.00115752,-0.00959852,-0.00553187,-0.0168641,-0.00630576,0.00868292,0.0211062,0.0148813,0.0149285,0.0143812,0.000783461,0.0265773,0.00445196,0.00466802,0.00444477,0.00382481,0.00233265,-0.00474543,-0.00758166,-0.00426527,-0.00438534,-0.00367641,0.00380054,0.00555619,0.0174864,0.01744,-0.00219092,0.0407371,0.0010746,0.0514921,0.00977238,0.0181982,0.00370142,0.0266857,0.0262894,0.0218392,0.0438304,0.00574944,0.00818141,
3.245,0.00563594,0.00425007,-0.0118781,-0.0056967,-0.0129968,0.00127338,0.00461001,0.0181321,0.0303239,0.026307,0.0192197,0.0116273,0.0141224,0.00531495,-0.00252494,-0.000114325,-0.0116928,0.0016225,-0.00596056,-0.0112852,0.00207741,-0.00498999,-0.00534528,0.00324409,0.00658849,0.0205382,0.00769675,-0.00350189,0.0123964,0.00563427,0.0431756,0.00617923,0.0136307,-0.000468631,0.0333961,0.0178021,0.00225431,0.0100445,0.00561591,0.00545443,-0.000685546,-0.00113861,-0.010002,-0.00545558,-0.0161205,-0.00631363,0.00908385,0.0219483,0.0148949,0.0147396,0.0141715,0.000885538,0.0265211,0.00441339,0.00467728,0.00443794,0.00383024,0.00224144,-0.00468225,-0.00741975,-0.00432671,-0.00434326,-0.00361945,0.00354511,0.00555912,0.0171964,0.0171501,-0.00214276,0.0422695,0.00109786,0.0510151,0.0101301,0.0187968,0.00318645,0.0267665,0.0261597,0.0213374,0.00999484,0.00570339,0.00822681,
3.25,0.00581622,0.00423563,-0.0114824,-0.0054888,-0.0122638,0.00139558,0.00470168,0.0179662,0.0307087,0.0268178,0.0190578,0.0111139,0.0138486,0.00510159,-0.00124026,0.00359167,-0.0112072,0.0015198,-0.00588314,-0.0109919,0.00186173,-0.00512649,-0.00533295,0.00328322,0.00640298,0.0205315,0.0187968,-0.00344682,0.0123968,0.0055735,0.0425142,0.00616345,0.013593,-0.000669185,0.0331887,0.0181209,0.00213456,0.0230115,0.00575575,0.00556636,0.00337811,-0.00111922,-0.0102898,-0.00537489,-0.0154743,-0.00632196,0.00953743,0.0228482,0.01494,0.0145529,0.0140306,0.000909379,0.0262863,0.004295,0.00469954,0.00443655,0.00385376,0.00215875,-0.00461304,-0.00725326,-0.00433288,-0.00428886,-0.00355692,0.00341504,0.00550312,0.0174548,0.0172115,-0.00209357,0.0429517,0.00111974,0.0504759,0.0105334,0.0194429,0.00324831,0.0268792,0.0260714,0.0214007,0.0230403,0.00566544,0.00827995,
3.255,0.00600201,0.00422143,-0.0110147,-0.00527816,-0.0114636,0.00142666,0.00478062,0.0177513,0.0311532,0.0274831,0.0187897,0.010043,0.0138456,0.00511655,0.0013372,0.000141313,-0.010654,0.00142765,-0.00580002,-0.0106852,0.00168274,-0.00525286,-0.00531592,0.00333495,0.00626201,0.0200736,0.0180012,-0.00339072,0.0124405,0.00555771,0.041959,0.00613777,0.0135266,-0.00132273,0.0329845,0.0188308,0.00185434,0.00480423,0.00590333,0.00567924,-0.000705391,-0.00109914,-0.0104567,-0.00528995,-0.015016,-0.00630391,0.0100279,0.0237648,0.0150233,0.0143706,0.0138356,0.00100273,0.0263046,0.00428601,0.00474124,0.00444246,0.00389887,0.00208386,-0.004538,-0.00708166,-0.00431241,-0.00422428,-0.00348945,0.00336392,0.00556342,0.0173596,0.0169608,-0.00204379,0.0443025,0.00113902,0.0499086,0.0109665,0.0201054,0.00280847,0.0270116,0.0259955,0.0209538,0.00466805,0.00563609,0.00834118,
3.26,0.00618597,0.00420753,-0.0104878,-0.00506612,-0.0105678,0.00154932,0.00483944,0.0174747,0.0316056,0.0280931,0.0186724,0.00979736,0.013807,0.00509718,0.00325111,0.00405372,-0.0100303,0.00134325,-0.00571149,-0.0103656,0.00154938,-0.00536753,-0.00529342,0.00336587,0.00614957,0.0200002,0.0189491,-0.00333357,0.0125401,0.0055815,0.0414643,0.00609395,0.0134207,-0.00169698,0.0327891,0.0192935,0.00177574,0.0114825,0.0060575,0.00579186,0.00283781,-0.00107779,-0.0105203,-0.00520012,-0.0147004,-0.00625878,0.010536,0.024652,0.0151379,0.0141942,0.0137247,0.00107635,0.0262745,0.00426253,-0.00727361,0.00445183,0.00396568,0.00201645,-0.00445713,-0.00690548,-0.0042708,-0.00414862,-0.00341629,0.00328678,0.00556296,0.0174322,0.0169125,-0.0019931,0.0451677,0.00115504,0.0493892,0.0114105,0.0207531,0.00265434,0.0271523,0.0259579,0.0207466,0.0113697,0.00561622,0.00841055,
3.265,0.00637414,0.00419369,-0.00990918,-0.00485407,-0.00960184,0.00174074,0.0048722,0.0171322,0.0320703,0.0287158,0.0185031,0.00916707,0.0137685,0.00507422,0.0025391,0.000492279,-0.00934506,0.00126627,-0.00561799,-0.0100335,0.00143293,-0.00547218,-0.00526615,0.00340156,0.00604953,0.0197439,0.0184146,-0.00327572,0.0126468,0.00563687,0.0409926,0.00602621,0.0132709,-0.00181215,0.0326067,0.0198244,0.00159172,0.000564753,0.006216,0.0059007,-0.000666444,-0.00105655,-0.010499,-0.00510617,-0.0144259,-0.00618542,0.0110429,0.0254668,0.0152741,0.0140252,0.0135807,0.00113603,0.0262313,0.00423155,-0.0028276,0.00445948,0.00405311,0.00195557,-0.00437042,-0.00672459,-0.00421229,-0.00406413,-0.00333895,0.0032203,0.00559858,0.0173942,0.0167284,-0.00194136,0.046128,0.0011682,0.0488632,0.0118465,0.0213571,0.00229269,0.0272903,0.025938,0.0203506,0.000301538,0.00560566,0.00848801,
3.27,0.00656441,0.00417936,-0.00920424,-0.00464188,-0.00858149,0.00199807,0.00487558,0.016722,0.0325342,0.029322,0.0183663,0.00870945,0.0138043,0.00512156,0.00260409,0.0036746,-0.00862054,0.00119609,-0.00552082,-0.0096898,0.00134934,-0.00556581,-0.0052343,0.0034384,0.00595652,0.0195672,0.017626,-0.00321788,0.0127233,0.00571472,0.0405149,0.00593164,0.0130788,-0.00180518,0.0324402,0.0202811,0.00146402,-0.00201184,0.00637669,0.00600372,0.00309705,-0.00103519,-0.0104107,-0.00500791,-0.0141464,-0.0060896,0.0115302,0.0261724,0.0154227,0.0138644,0.0134584,0.0012136,0.0262522,0.00422818,7.47323e-05,0.00446005,0.00416517,0.00190227,-0.0042787,-0.00653892,-0.00413915,-0.00397116,-0.00325654,0.0031681,0.00561557,0.0173477,0.0165819,-0.00188847,0.0469259,0.0011794,0.0482892,0.0122576,0.0218902,0.0019684,0.0274159,0.0259308,0.0199879,-0.00250971,0.00560446,0.00857295,
3.275,0.00675363,0.00416498,-0.00849717,-0.00443013,-0.00759477,0.00238561,0.00484772,0.0162523,0.0329725,0.0298615,0.0182735,0.00849108,0.0138056,0.00515102,0.00269381,0.000813129,-0.00789502,0.00113062,-0.0054198,-0.00934083,0.00124916,-0.00564874,-0.00519833,0.00347524,0.00587002,0.0194999,0.0172718,-0.00315958,0.0127783,0.00580543,0.0400055,0.00580886,0.0128466,-0.00175341,0.0322905,0.0206086,0.00139041,-0.00376009,0.00653899,0.00609878,-0.000592023,-0.00101442,-0.0102689,-0.00490595,-0.0138638,-0.00597828,0.0119819,0.0267344,0.0155699,0.0137121,0.0133569,0.00128461,0.02621,0.00421089,0.00856626,0.00444686,0.00430006,0.00185656,-0.00418199,-0.0063492,-0.00405171,-0.00387073,-0.00317009,0.00312149,0.00560965,0.0173178,0.016485,-0.00183362,0.0474892,0.00118917,0.0476993,0.0126281,0.0223314,0.00175813,0.0275209,0.0259291,0.0197321,-0.00427278,0.00561205,0.00866388,
3.28,0.00694127,0.00415247,-0.00782822,-0.00421913,-0.00669898,0.00292971,0.00478854,0.0157361,0.0333996,0.0303782,0.018202,0.00839197,0.0138761,0.00524323,0.00278118,0.00284375,-0.00719662,0.00107163,-0.00531592,-0.00899743,0.0012415,-0.00572166,-0.00515873,0.00351112,0.00578495,0.019439,0.0171081,-0.00310162,0.0127282,0.00589996,0.0394442,0.0056575,0.0125802,-0.00168477,0.0321566,0.0209234,0.00138532,-0.00375601,0.00669988,0.00618378,0.00393578,-0.000994568,-0.0100834,-0.00480059,-0.013575,-0.00585539,0.0123832,0.0271301,0.0157198,0.0135688,0.0132905,0.00138157,0.0262552,0.00421895,0.00428564,0.00441641,0.00445652,0.00181727,-0.00408119,-0.00615593,-0.0039516,-0.00376261,-0.00308009,0.00307633,0.00561805,0.0172525,0.0163667,-0.00177726,0.0480302,0.00119848,0.0471195,0.0129456,0.0226626,0.00160042,0.0275988,0.0259414,0.0194481,-0.00417463,0.00562761,0.00875987,
3.285,0.00712497,0.00413742,-0.00721082,-0.00401048,-0.00589137,0.00337941,0.00469839,0.0151857,0.0337935,0.0308308,0.0181424,0.00832638,0.0139599,0.00535226,0.0028738,0.00107896,-0.0065399,0.00101379,-0.00521021,-0.0086652,0.00098977,-0.00578435,-0.00511596,0.00354624,0.00570491,0.0193951,0.0170037,-0.00304378,0.012587,0.00598875,0.0388157,0.00547985,0.0122821,-0.00160867,0.0320368,0.021111,0.00139104,-0.00360602,0.00685844,0.00625794,-0.000440947,-0.000976346,-0.00986181,-0.00469254,-0.0132792,-0.00572556,0.0127224,0.0273434,0.0158593,0.0134342,0.0132405,0.00146585,0.0262935,0.00422818,0.00434603,0.00436084,0.00463415,0.00178378,-0.00397614,-0.00596036,-0.00384108,-0.00364758,-0.00298642,0.00303207,0.00560066,0.0171583,0.0162758,-0.00171906,0.048363,0.00120806,0.0465362,0.0131976,0.0228707,0.00150131,0.0276448,0.0259565,0.019201,-0.00404348,0.00565,0.00885874,
3.29,0.00730498,0.00412135,-0.00664197,-0.00380539,-0.005114,0.0037766,0.00457966,0.0146228,0.0341458,0.0312122,0.0180845,0.0082814,0.014024,0.00546212,0.00296973,0.00221363,-0.00592174,0.00096547,-0.00510331,-0.00834653,0.00185918,-0.00583802,-0.00507006,0.00358079,0.00563075,0.0193505,0.0169439,-0.00298651,0.0123505,0.00606285,0.0381054,0.00527775,0.011962,-0.00152822,0.0319276,0.0212037,0.00141141,-0.00343358,0.00701196,0.00631956,0.00623565,-0.000960328,-0.00952445,-0.00458236,-0.0129753,-0.00559341,0.012989,0.027367,0.0159802,0.0133077,0.0131969,0.001543,0.0263221,0.00423194,0.00428868,0.0042754,0.00482959,0.00175607,-0.0038684,-0.00576371,-0.00371951,-0.00352657,-0.00289035,0.00298799,0.00558002,0.0170175,0.0161714,-0.00165901,0.048561,0.00121854,0.0459502,0.0133745,0.022948,0.00143067,0.0276556,0.0259655,0.0189453,-0.00390683,0.00567771,0.0089583,
3.295,0.00747972,0.00410418,-0.0061138,-0.00360385,-0.00439373,0.00410951,0.00443772,0.0140631,0.0344482,0.0315143,0.018027,0.00824654,0.0140875,0.00556779,0.00306775,0.0013434,-0.00534073,0.000906272,-0.00499585,-0.00804281,-0.000353746,-0.0058827,-0.00502201,0.00361495,0.00555639,0.0193105,0.0169068,-0.00293017,0.0120279,0.0061137,0.0373097,0.00505742,0.0116288,-0.00144485,0.031825,0.0212032,0.00143612,-0.00325877,0.00715955,0.00636897,-8.57087e-05,-0.000947561,-0.00919124,-0.00447104,-0.0126652,-0.00546265,0.0131756,0.0272042,0.0160751,0.0131886,0.013154,0.00160906,0.0263198,0.00423092,0.00418408,0.00416241,0.00504077,0.00173269,-0.00375797,-0.00556659,-0.00358884,-0.0034008,-0.00279123,0.00294428,0.00555001,0.0168372,0.016062,-0.0015978,0.048632,0.00123059,0.0453685,0.0134693,0.022893,0.00138402,0.0276304,0.0259588,0.018691,-0.00377044,0.00570934,0.00905576,
3.3,0.00764815,0.00408611,-0.00561906,-0.00340556,-0.0036244,0.00450293,0.00428135,0.0135255,0.0346887,0.0317191,0.0179698,0.00821608,0.0141069,0.00563607,0.00316638,0.00190101,-0.00478558,0.000867992,-0.00488904,-0.00775445,0.00879594,-0.00591983,-0.00497231,0.00364816,0.00550269,0.0192842,0.0168937,-0.00287465,0.011645,0.00613462,0.036433,0.00482833,0.0113003,-0.00135896,0.0317251,0.0211019,0.00146465,-0.00308667,0.00730003,0.00640557,0.0127081,-0.00093816,-0.00886751,-0.00435965,-0.0123463,-0.00532865,0.0132779,0.0268738,0.0161356,0.013076,0.0130989,0.00166421,0.0262914,0.00421042,0.00405034,0.0040258,0.00525723,0.00171373,-0.00364541,-0.00536961,-0.00344971,-0.00327074,-0.00268946,0.00290182,0.00552285,0.0166147,0.0159398,-0.00153521,0.0485719,0.00124466,0.0447957,0.0134789,0.0227147,0.00135432,0.0275692,0.0259256,0.018449,-0.00363412,0.00574274,0.00914885,
3.305,0.00780711,0.00406689,-0.00513285,-0.00321186,-0.00303524,0.00472331,0.00412267,0.0130242,0.0348682,0.0318372,0.0179036,0.00817074,0.0140848,0.00568168,0.00326298,0.0015863,-0.00425345,0.000787876,-0.00478314,-0.00748177,-1.8106e-05,-0.00594864,-0.00492083,0.00368118,0.0054304,0.0192443,0.0168415,-0.0028197,0.0112137,0.00612068,0.0354819,0.00460107,0.0109949,-0.00127125,0.0316236,0.0209437,0.00146603,-0.002919,0.00743051,0.00643073,0.00160341,-0.000932241,-0.00855721,-0.00424898,-0.0120149,-0.00518794,0.0132982,0.0264077,0.0161601,0.0129691,0.0130312,0.00168931,0.0262405,0.00418179,0.00390061,0.00387831,0.0054769,0.00169888,-0.00353174,-0.00517519,-0.00330474,-0.0031383,-0.00258617,0.00285937,0.00548437,0.0163674,0.0158068,-0.0014717,0.0484521,0.00126068,0.0442366,0.0134075,0.0224338,0.00131768,0.0274738,0.0258614,0.018178,-0.00349956,0.00577588,0.00923419,
3.31,0.00795685,0.00404647,-0.00452843,-0.00302519,-0.00190937,0.00541056,0.00397609,0.0125817,0.0349704,0.031835,0.0178529,0.00816841,0.013973,0.0056416,0.00335837,0.00180614,-0.00373671,0.000782647,-0.004679,-0.0072241,0.0123323,-0.00597013,-0.00486852,0.00371344,0.00538915,0.0192649,0.0169363,-0.00276567,0.0107638,0.00606955,0.0344389,0.00439196,0.0107295,-0.00118172,0.0315165,0.020685,0.00152182,-0.00275796,0.00755027,0.00644485,-0.000311702,-0.000929803,-0.00826212,-0.00414029,-0.0116729,-0.0050537,0.0132448,0.0258554,0.0161417,0.0128682,0.0129378,0.00174035,0.0261094,0.00411778,0.00375611,0.00373892,0.00569601,0.00168666,-0.00341863,-0.00498447,-0.00315521,-0.00300552,-0.00248212,0.00282017,0.00545162,0.0160771,0.0156501,-0.00140772,0.0481971,0.00127886,0.0436899,0.0132661,0.0220806,0.00132156,0.0273481,0.0257578,0.0179923,-0.00336775,0.00580637,0.0093095,
3.315,0.00809475,0.00402471,-0.00387141,-0.00284687,-0.000489555,0.00620847,0.0038571,0.0122137,0.0349999,0.0317306,0.0178051,0.0081572,0.0138041,0.00554154,0.00344695,0.00175738,-0.00322718,0.000639986,-0.00457769,-0.00698206,0.000714111,-0.00598454,-0.00481608,0.00374512,0.00532235,0.0192965,0.0169985,-0.00271315,0.0103275,0.00598151,0.0332919,0.00421423,0.0105232,-0.00109038,0.0314009,0.0203942,0.00156679,-0.00260184,0.0076575,0.00644834,0.00767645,-0.00093108,-0.00798441,-0.00403436,-0.0113248,-0.00494192,0.013132,0.0252681,0.0160836,0.0127726,0.0128274,0.00177511,0.0259367,0.00403821,0.00363083,0.00362408,0.00591192,0.00167739,-0.00330653,-0.00480001,-0.00300374,-0.00287364,-0.00237871,0.00278205,0.00540754,0.0158098,0.0155009,-0.00134351,0.047921,0.00129905,0.043162,0.0130713,0.0216909,0.00133901,0.0271966,0.0256179,0.017842,-0.00323976,0.00583218,0.00937241,
3.32,0.00821871,0.0040018,-0.00320758,-0.0026775,0.00748523,0.00695247,0.00377843,0.0119371,0.0349584,0.0315305,0.0177511,0.00813095,0.0135845,0.00538008,0.00352818,0.00183487,-0.00269915,0.000728469,-0.00447988,-0.00675623,0.00219482,-0.00599298,-0.00476294,0.00377604,0.005266,0.0193176,0.017031,-0.00266213,0.00992241,0.00585888,0.0320432,0.00408066,0.0103912,-0.000996308,0.031274,0.0200714,0.00158949,-0.00245228,0.00775182,0.00644341,0.000295081,-0.000934562,-0.00772507,-0.00393212,-0.0109788,-0.00484032,0.0129778,0.0246925,0.0159878,0.0126819,0.0126949,0.00178552,0.0257288,0.00394658,0.00353766,0.00354558,0.00612003,0.00167023,-0.0031974,-0.00462194,-0.00285292,-0.00274279,-0.00227693,0.00274556,0.00536795,0.0155423,0.0153479,-0.00127965,0.0476148,0.0013208,0.0426558,0.0128428,0.0213004,0.0013482,0.0270246,0.0254429,0.0176868,-0.00311728,0.0058516,0.00942144,
3.325,0.00832897,0.00397769,-0.00274819,-0.00251575,0.00321626,0.0070982,0.00375004,0.0117603,0.0348523,0.0312551,0.0176883,0.00806177,0.0134181,0.00524428,0.00360132,0.0018607,-0.00212436,0.000435303,-0.0043862,-0.00654642,-0.00149371,-0.00599455,-0.0047107,0.00380639,0.00522321,0.0193225,0.0169346,-0.0026132,0.00961101,0.00570577,0.0307499,0.00399907,0.0103394,-0.000896486,0.0311343,0.0197093,0.00153073,-0.00231071,0.00783136,0.00643176,0.00791261,-0.000940133,-0.00748371,-0.00383428,-0.0106385,-0.00475354,0.0128016,0.0241672,0.0158572,0.0125958,0.012559,0.00173112,0.0255799,0.00387679,0.00348704,0.00350831,0.00631867,0.00166412,-0.00309225,-0.00445196,-0.00270177,-0.00261419,-0.0021782,0.00270889,0.00533142,0.0153529,0.0152849,-0.00121637,0.0472565,0.00134334,0.042177,0.0126005,0.020938,0.00135024,0.0268376,0.0252339,0.0175503,-0.00300105,0.00586254,0.00945559,
3.33,0.00842398,0.00395237,-0.0023182,-0.00236354,0.00272353,0.00723358,0.00377665,0.0116892,0.0346822,0.0309028,0.0176433,0.0080271,0.0132239,0.00506622,0.0036653,0.00190332,-0.00139135,0.000706505,-0.00429748,-0.00635236,-0.00325103,-0.00598972,-0.00465921,0.00383617,0.00521598,0.0193819,0.0169447,-0.00256658,0.00942323,0.00552743,0.0294955,0.00397532,0.0103735,-0.000791717,0.0309806,0.0193124,0.00149319,-0.00217934,0.00789631,0.00641442,0.000384387,-0.000947097,-0.00726071,-0.00374118,-0.0103085,-0.00466281,0.0126205,0.0237143,0.0156947,0.0125138,0.0124206,0.00169158,0.0254157,0.00379776,0.00347363,0.00351097,0.00650465,0.00165906,-0.00299229,-0.00429133,-0.00255224,-0.00248865,-0.0020839,0.00267602,0.00531533,0.0152065,0.0152472,-0.00115378,0.0468493,0.00136633,0.0417261,0.012362,0.0206235,0.00139015,0.0266416,0.0249951,0.0175099,-0.00289257,0.00586419,0.00947472,
3.335,0.00850004,0.00392638,-0.00175021,-0.00222228,0.00323847,0.00757191,0.00385764,0.0117209,0.0344519,0.0304797,0.0176145,0.00801088,0.0130071,0.00484493,0.00371828,0.00193784,8.69463e-05,0.000195165,-0.00421427,-0.00617571,-0.00466505,-0.0059788,-0.004609,0.00386537,0.00517957,0.0194748,0.0170311,-0.00252273,0.00936135,0.00533064,0.0283438,0.00400809,0.0104876,-0.000686041,0.0308128,0.0188972,0.00148725,-0.00205903,0.00794602,0.00639324,0.00595086,-0.000954293,-0.00705648,-0.00365326,-0.00999016,-0.00454247,0.0124475,0.023344,0.0155061,0.0124361,0.0122819,0.00167765,0.0252296,0.00371153,0.00349577,0.00354975,0.00667337,0.0016539,-0.00289836,-0.00414228,-0.00240337,-0.00236786,-0.00199498,0.00264657,0.005279,0.0150989,0.0152266,-0.00109234,0.0464122,0.00138912,0.0413053,0.012139,0.0203679,0.00146109,0.0264417,0.024732,0.0175437,-0.00279133,0.00585502,0.00947822,
3.34,0.00856083,0.00389719,-0.00111789,-0.00209418,0.00351211,0.00776756,0.00398624,0.0118414,0.0341743,0.0300136,0.0175698,0.00797244,0.0127794,0.00460308,0.00376217,0.00196935,0.00803049,0.000544704,-0.00413768,-0.00601581,-0.00515224,-0.00596169,-0.00456019,0.00389362,0.0051726,0.019523,0.0170261,-0.00248213,0.00937689,0.00512326,0.0273129,0.00409135,0.0106688,-0.00058208,0.0306312,0.0185028,0.00144227,-0.00195206,0.00798005,0.00637021,6.11496e-05,-0.000961489,-0.00687121,-0.00357173,-0.00968701,-0.00444758,0.0122907,0.0230538,0.0152985,0.0123627,0.0121344,0.00162602,0.0250396,0.0036268,0.00354519,0.00361157,0.00682399,0.00164927,-0.00281109,-0.00400568,-0.00225839,-0.00225363,-0.00191257,0.00261821,0.0052704,0.014987,0.0151803,-0.00103183,0.0460226,0.00141114,0.0409176,0.0119386,0.0201693,0.00149631,0.0262433,0.0244525,0.0175074,-0.00269801,0.00583408,0.00946617,
3.345,0.00861004,0.00386891,-8.32722e-05,-0.00198035,0.00343873,0.00790577,0.00415044,0.0120263,0.0338562,0.0295131,0.0175557,0.0079495,0.0126031,0.00438389,0.00379439,0.001999,0.00243005,0.00010208,-0.00406678,-0.00587352,-0.0053357,-0.00593851,-0.00451328,0.00392683,0.00540832,0.0196562,0.0170664,-0.00244453,0.00956965,0.00491375,0.0264107,0.00421388,0.0108945,-0.000481954,0.0304369,0.0180954,0.00136145,-0.00185845,0.00799903,0.00634594,0.0100738,-0.00096706,-0.0067047,-0.00349664,-0.00940521,-0.00421823,0.012153,0.0228297,0.0150788,0.0122937,0.0120104,0.00155349,0.0248903,0.00355583,0.00361391,0.00369018,0.00695429,0.00164263,-0.00273031,-0.00388222,-0.00211992,-0.00214731,-0.0018365,0.00261044,0.00542362,0.0150097,0.0152811,-0.000971893,0.0456263,0.00143218,0.0405631,0.0117621,0.020018,0.0015848,0.0260506,0.0241632,0.0175979,-0.00261353,0.00580112,0.00943842,
3.35,0.00863899,0.00384026,0.00568828,-0.00188199,0.00330783,0.00762065,0.00433421,0.0122475,0.0335145,0.0290141,0.0175181,0.00788543,0.0125115,0.00423649,0.00381394,0.00201985,0.00198394,0.000170482,-0.00400285,-0.00574818,-0.00543364,-0.0059088,-0.0044679,0.00394897,0.00528646,0.0197133,0.0169958,-0.00241052,0.00984739,0.00470978,0.0256345,0.00435971,0.0111399,-0.000386674,0.030232,0.0177108,0.00126854,-0.00177708,0.00800213,0.00632127,0.00108271,-0.000970426,-0.00655538,-0.00342872,-0.00915242,-0.00409788,0.0120329,0.0226592,0.0148538,0.0122293,0.0119013,0.00147349,0.0248049,0.00350927,0.00368904,0.0037762,0.00706384,0.00163505,-0.00265758,-0.00377336,-0.00198925,-0.00205039,-0.00176694,0.00258118,0.00533506,0.0150357,0.0153277,-0.000912189,0.0452385,0.00145204,0.040244,0.0116081,0.0199037,0.00164503,0.0258682,0.0238724,0.0176555,-0.00253854,0.00575501,0.00939484,
3.355,0.0086432,0.00381083,0.00173381,-0.00179804,0.00328118,0.00725736,0.00452137,0.0124791,0.0331571,0.0285237,0.0174976,0.00784305,0.012464,0.00412656,0.00382075,0.00203792,0.00209766,1.06682e-05,-0.00394545,-0.00563952,-0.00549586,-0.00587291,-0.00442468,0.00397703,0.00521837,0.0198186,0.0170403,-0.00237998,0.01021,0.00451921,0.0249965,0.00451361,0.0113813,-0.000298156,0.030019,0.0173325,0.00119588,-0.00170837,0.00799018,0.00629584,0.000221404,-0.000970078,-0.00642364,-0.00336781,-0.00892886,-0.00392361,0.0119286,0.0225292,0.0146305,0.01217,0.0118162,0.00142615,0.0247426,0.00347164,0.00376846,0.00386256,0.00715168,0.00162504,-0.0025932,-0.0036783,-0.001868,-0.00196466,-0.00170466,0.00256889,0.0052775,0.0151085,0.0154206,-0.000855141,0.0448364,0.0014708,0.0399591,0.0114737,0.0198154,0.00173434,0.0257001,0.0235873,0.0177834,-0.00247405,0.00569593,0.00933496,
3.36,0.00863083,0.00377994,0.00097158,-0.00172808,0.00331396,0.00685499,0.00469723,0.0126968,0.0327825,0.0280151,0.0174471,0.00779278,0.0122501,0.0038779,0.00381677,0.00204371,0.00212351,-0.000218384,-0.00389457,-0.00554621,-0.00553733,-0.00583037,-0.00438247,0.00399745,0.00519726,0.0198678,0.0170077,-0.00235256,0.0105736,0.00434894,0.0245032,0.00466234,0.0115963,-0.000218318,0.0298007,0.01698,0.00110021,-0.00183294,0.0079621,0.00626863,0.0075993,-0.000965319,-0.00630809,-0.003314,-0.00873202,-0.0038558,0.0118369,0.0224286,0.0144092,0.0121154,0.0116986,0.00133423,0.0245604,0.00338917,0.00384524,0.00394754,0.00721919,0.0016123,-0.00253789,-0.00359785,-0.00175586,-0.0018908,-0.00165061,0.00254595,0.00525855,0.015113,0.0154123,-0.000802944,0.044481,0.00148806,0.0397078,0.0113557,0.0197441,0.00176527,0.0255498,0.0233093,0.0178083,-0.0024203,0.00562331,0.0092583,
3.365,0.0085982,0.00374761,0.00102014,-0.0016729,0.00335203,0.00648511,0.00484843,0.0128793,0.0323889,0.027495,0.0174223,0.00776446,0.012202,0.00375399,0.00380093,0.00204661,0.00214837,-0.000648039,-0.00384911,-0.00546812,-0.00555743,-0.00578119,-0.00434167,0.00401921,0.00521423,0.0199774,0.0170359,-0.00232804,0.010976,0.00420492,0.024161,0.00479388,0.0117685,-0.00015251,0.0295812,0.0165961,0.00103583,-0.00167802,0.00791891,0.0062382,0.000457072,-0.000955222,-0.00620716,-0.00326721,-0.00855901,-0.00385696,0.0117561,0.0223549,0.0141884,0.0120659,0.0116067,0.00128503,0.0244905,0.00334676,0.00391442,0.00402233,0.00726388,0.00159724,-0.00249203,-0.00353268,-0.00165152,-0.00182781,-0.00160555,0.00253385,0.00525269,0.0151675,0.0154845,-0.000756866,0.0440315,0.00150363,0.0394896,0.0112525,0.0196884,0.0018454,0.0254204,0.0230372,0.017939,-0.00237723,0.00553741,0.00916414,
3.37,0.0085403,0.00371316,0.000831657,-0.00163348,0.00336281,0.00617904,0.00496395,0.0130143,0.0319855,0.0269709,0.0173713,0.00772046,0.0119614,0.00346577,0.00377518,0.00203711,0.00214978,-0.00149407,-0.00380971,-0.00540312,-0.00556063,-0.00572617,-0.00430137,0.00403811,0.00524806,0.0200346,0.0170523,-0.00230617,0.0113509,0.00409159,0.0239726,0.00489721,0.0118827,-0.000107695,0.0293641,0.0162677,0.000941222,-0.00161187,0.00786009,0.00620393,0.00401119,-0.000938856,-0.00612025,-0.00322701,-0.00840619,-0.00386136,0.0116872,0.0223101,0.0139724,0.0120209,0.0114828,0.00119379,0.0242929,0.00325834,0.00397297,0.00408554,0.00728935,0.00157849,-0.00245553,-0.00348186,-0.00155465,-0.0017768,-0.00157061,0.00252265,0.00527457,0.0151583,0.0154611,-0.000718411,0.0436946,0.00151743,0.039303,0.0111652,0.0196517,0.0018602,0.025314,0.0227742,0.0179541,-0.00234498,0.00543784,0.00905132,
3.375,0.00846451,0.00367636,0.000766274,-0.00160996,0.00333236,0.00591229,0.00503506,0.0130905,0.031569,0.0264433,0.0173455,0.00769152,0.0118876,0.00329646,0.00373696,0.0020261,0.00213594,-0.00249091,-0.0037749,-0.00535049,-0.00554659,-0.00566461,-0.00426139,0.004057,0.00529608,0.0201513,0.0171023,-0.00228639,0.0117506,0.00401121,0.0239328,0.00496356,0.0119281,-8.60957e-05,0.0291539,0.0159148,0.000868886,-0.00158542,0.00778572,0.00616308,-4.99864e-05,-0.000915527,-0.00604539,-0.00319283,-0.00827105,-0.00387802,0.0116338,0.022304,0.01376,0.0119807,0.0113842,0.00113788,0.0242096,0.00320686,0.00402266,0.00413671,0.0072959,0.00155721,-0.00242848,-0.00344557,-0.00146656,-0.0017371,-0.00154549,0.00252156,0.00529274,0.0152079,0.015524,-0.000687924,0.0432678,0.00152877,0.0391452,0.0110969,0.0196413,0.00192471,0.0252319,0.0225191,0.0180771,-0.00232307,0.00532493,0.0089189,
3.38,0.00836845,0.00363695,0.000600156,-0.00160212,0.00325813,0.00567449,0.00505588,0.0131019,0.03115,0.0259288,0.0173005,0.00765254,0.0117146,0.00304489,0.00369038,0.00200433,0.00210359,-0.00298897,-0.00374423,-0.00530776,-0.00551596,-0.00559698,-0.00422154,0.00407189,0.00535094,0.0202188,0.0171298,-0.00226834,0.012123,0.00396459,0.0240341,0.00498748,0.0119026,-8.00398e-05,0.0289547,0.0156082,0.000780003,-0.00158253,0.00769663,0.00611428,0.00848814,-0.000885118,-0.00598159,-0.00316376,-0.00814956,-0.00389214,0.0115998,0.0223465,0.0135543,0.0119449,0.0112707,0.00105931,0.0240638,0.00313487,0.00406197,0.00417838,0.00728462,0.00153235,-0.00240995,-0.00342208,-0.00138725,-0.00170939,-0.00153042,0.00251994,0.00532731,0.0152052,0.0155161,-0.000665867,0.0429245,0.00153665,0.0390119,0.0110516,0.0196647,0.00193788,0.0251742,0.0222739,0.0181068,-0.00231107,0.00519911,0.00876626,
3.385,0.00825344,0.00359441,0.000493031,-0.00160863,0.0031433,0.00545694,0.00502598,0.0130495,0.0307388,0.0254421,0.0172891,0.00775541,0.0117168,0.00296188,0.00363584,0.00198325,0.00206022,-0.00317159,-0.00371713,-0.00527353,-0.00547193,-0.00552338,-0.00418073,0.00408506,0.0054131,0.0203527,0.0174838,-0.00225145,0.0124513,0.00395017,0.0242589,0.00496776,0.0118065,-8.1251e-05,0.0287706,0.015302,0.000776715,-0.00159665,0.00759307,0.00605588,0.000824714,-0.000847513,-0.00592649,-0.00313958,-0.0080398,-0.0038963,0.0115895,0.022442,0.0133605,0.0119131,0.0112083,0.00101926,0.024041,0.00310318,0.00409309,0.00421219,0.00725998,0.00150549,-0.00239884,-0.00341029,-0.00131769,-0.00169322,-0.00152492,0.00252319,0.00536026,0.0152222,0.0155568,-0.00065224,0.0425369,0.00154029,0.038902,0.0110322,0.0197271,0.00204087,0.0251386,0.0220481,0.0181881,-0.00230757,0.00506058,0.0085935,
3.39,0.00811607,0.00354902,0.000329681,-0.00162845,0.00298787,0.00524787,0.00494873,0.0129465,0.0303461,0.0249744,0.0172789,0.00788032,0.011533,0.00271696,0.00357726,0.00195684,0.00200386,-0.0030921,-0.00369243,-0.00524515,-0.00541354,-0.00544416,-0.00413859,0.00409613,0.00548062,0.0204971,0.0178306,-0.00223503,0.0127158,0.00396459,0.0245812,0.00490615,0.0116525,-8.64995e-05,0.0286056,0.015046,0.000787852,0.00170854,0.00747615,0.00598727,0.00106311,-0.000802595,-0.00587711,-0.00311881,-0.00793696,-0.00388705,0.0116046,0.0225904,0.0131865,0.0118854,0.0111536,0.000937249,0.0238867,0.0030294,0.00411583,0.00423974,0.00722379,0.00147632,-0.00239476,-0.00340801,-0.00125723,-0.00168711,-0.00152789,0.00253023,0.00540656,0.0152414,0.0155648,-0.000646351,0.0422408,0.0015386,0.0388089,0.01104,0.0198304,0.00215397,0.0251222,0.0218566,0.0182443,0.000249713,0.00491079,0.00840126,
3.395,0.00796711,0.00349771,0.000210843,-0.00165878,0.00280072,0.00504492,0.00483286,0.0128057,0.0299676,0.0245565,0.017239,0.00780254,0.0115961,0.00270246,0.00351396,0.00192753,0.00194736,-0.00304963,-0.00366882,-0.0052203,-0.00534208,-0.00535841,-0.00409454,0.00411159,0.00555491,0.0205429,0.0178311,-0.00221871,0.0129375,0.00400123,0.0249645,0.00481062,0.0114548,-0.000136562,0.0284624,0.0148063,0.00075285,0.00254267,0.00734723,0.00590899,0.000350401,-0.000750946,-0.00583247,-0.0031003,-0.00783931,-0.0038639,0.0116432,0.0227821,0.0130245,0.011861,0.0110887,0.000913576,0.0239017,0.00301046,0.00413122,0.00425514,0.00717827,0.00144535,-0.00239569,-0.00341332,-0.00120684,-0.00168971,-0.00153783,0.00256203,0.00545129,0.0152045,0.0155626,-0.000647852,0.0419265,0.00153098,0.0387283,0.0110723,0.0199673,0.00215734,0.0251199,0.0216815,0.0182476,0.00251137,0.00475081,0.00819111,
3.4,0.00780342,0.00344447,4.47242e-06,-0.00169746,0.0025865,0.00493826,0.00469091,0.0126455,0.0296239,0.0241842,0.0172323,0.00798946,0.0115157,0.00257846,0.00344803,0.00190309,0.00188478,-0.0030124,-0.0036454,-0.00519697,-0.00525865,-0.00526738,-0.00404827,0.00411369,0.00569704,0.0206882,0.0183474,-0.00220171,0.0130845,0.00405188,0.0253677,0.00469099,0.0112364,-0.00012011,0.0283432,0.0146204,0.000817338,0.00497105,0.00720765,0.00582037,0.00488664,-0.000693377,-0.00578961,-0.00308336,-0.007743,-0.00378707,0.0117003,0.0230021,0.0128862,0.0118395,0.0110638,0.000863965,0.0238177,0.00296328,0.00413301,0.00425572,0.00712913,0.00141354,-0.00239995,-0.00342309,-0.00116556,-0.00169978,-0.00155365,0.00256853,0.00555346,0.0151963,0.0155724,-0.000655589,0.0417136,0.00151672,0.0386554,0.011124,0.0201254,0.00228054,0.0251266,0.0215426,0.0182741,0.00375235,0.00458236,0.007966,
3.405,0.00762868,0.0033882,-0.00031243,-0.00174146,0.00234352,0.00475556,0.00453579,0.0124872,0.029326,0.0238895,0.0171891,0.00797996,0.01147,0.00249134,0.00338351,0.00187831,0.00182333,-0.00297537,-0.0036207,-0.00517205,-0.00516548,-0.00517015,-0.00399793,0.00411674,0.00574377,0.020731,0.018451,-0.00218355,0.0131499,0.00410807,0.0257537,0.00455839,0.0110168,-0.000123441,0.0282485,0.0145198,0.000832399,0.00507462,0.00705948,0.00572352,0.000386868,-0.000630469,-0.00574615,-0.00306634,-0.00764496,-0.00372157,0.0117692,0.0232317,0.0127732,0.0118209,0.0110254,0.000816955,0.0237617,0.00292283,0.00412157,0.00423997,0.00707901,0.00138173,-0.00240616,-0.00343554,-0.00113403,-0.00171448,-0.00157283,0.00257865,0.00559604,0.0151421,0.0155262,-0.000668408,0.0416441,0.00149587,0.0385841,0.0111887,0.0202923,0.00229718,0.0251361,0.0214379,0.018217,0.0041078,0.00440796,0.00772877,
3.41,0.00744182,0.00332795,-0.000951347,-0.00178769,0.00208003,0.00453825,0.00437907,0.0123429,0.0290681,0.0236357,0.0171518,0.00800783,0.0113549,0.00233759,0.00332041,0.00185468,0.00177007,-0.00293626,-0.00359333,-0.0051432,-0.00506195,-0.00506741,-0.00394416,0.00411884,0.00580148,0.0208145,0.0186151,-0.00216342,0.0131665,0.00416172,0.0260945,0.00442439,0.0108066,-0.000135452,0.0281777,0.0144491,0.000854249,0.00560009,0.00690576,0.00561948,0.00443341,-0.000562803,-0.00569974,-0.00304791,-0.00754404,-0.00366556,0.0118422,0.0234503,0.012685,0.0118044,0.0109895,0.00075173,0.0236573,0.00286602,0.0040884,0.00420351,0.00703085,0.00135023,-0.00241246,-0.00344739,-0.00111128,-0.00173156,-0.00159365,0.00259472,0.00564058,0.015118,0.0154999,-0.00068469,0.0415913,0.00146832,0.038512,0.0112583,0.0204524,0.00233699,0.025142,0.0213679,0.0181937,0.00472771,0.00423002,0.00748379,
3.415,0.00724839,0.00326376,-0.00176064,-0.00183332,0.0018049,0.00431199,0.00423142,0.0122239,0.0288411,0.0234172,0.0170981,0.00796912,0.0112742,0.00220013,0.00326062,0.00183753,0.00172035,-0.00289505,-0.00356219,-0.00510778,-0.00494997,-0.00495893,-0.0038853,0.00412476,0.00587209,0.0208521,0.0186598,-0.00214097,0.0131321,0.0042067,0.0263726,0.00429801,0.0106223,-0.000151399,0.0281291,0.0144014,0.000849158,0.00552271,0.00674811,0.00551057,0.00045211,-0.000492003,-0.00564759,-0.00302742,-0.00743485,-0.00361048,0.01191,0.0236384,0.0126144,0.0117894,0.0109333,0.000689778,0.0235794,0.00281587,0.00403277,0.00414203,0.00699034,0.00132053,-0.00241718,-0.00345614,-0.00109697,-0.00174852,-0.00161384,0.00263284,0.00569228,0.0150396,0.0154329,-0.000703398,0.0415443,0.00143465,0.0384294,0.0113231,0.0205885,0.00231657,0.0251383,0.0213206,0.0181005,0.00473679,0.00405107,0.00723518,
3.42,0.00704786,0.00319523,-0.00231778,-0.00187555,0.00151984,0.00408832,0.00410131,0.0121359,0.0286644,0.0232907,0.0170515,0.00797011,0.0114558,0.00235845,0.0032081,0.00182711,0.00168405,-0.00285008,-0.00352582,-0.00506319,-0.00483032,-0.00484448,-0.00382085,0.00411827,0.00594509,0.0208802,0.0187503,-0.00211541,0.0130242,0.00423794,0.0265775,0.00418609,0.0104687,-0.000169365,0.0281001,0.0144064,0.000890099,0.00568869,0.00658922,0.00539905,0.00366513,-0.000418881,-0.00558794,-0.00300296,-0.00731721,-0.003551,0.011961,0.0237704,0.0125639,0.0117752,0.0109136,0.000692548,0.0236797,0.0028262,0.00395757,0.00405775,0.00695888,0.0012922,-0.00241811,-0.0034593,-0.00108917,-0.00176289,-0.00163169,0.00264747,0.00575101,0.0149459,0.0153841,-0.000722337,0.0415682,0.00139583,0.0383371,0.0113726,0.0206838,0.0023032,0.0251199,0.021296,0.0179858,0.00494984,0.00387414,0.00698771,
3.425,0.00684285,0.00312386,-0.00254033,-0.00191216,0.00121702,0.00387124,0.00399594,0.0120861,0.0285062,0.0231589,0.0170074,0.00796043,0.011361,0.00226849,0.00316267,0.00181761,0.00165283,-0.00280217,-0.00348303,-0.00500776,-0.00470334,-0.00472362,-0.00375005,0.00411293,0.00601861,0.0209493,0.0188464,-0.00208637,0.0129125,0.00425236,0.0267022,0.00409635,0.010356,-0.000188946,0.0280868,0.0143806,0.000899326,0.00588119,0.00643195,0.0052874,0.000471956,-0.000319877,-0.00551881,-0.00297424,-0.00718784,-0.00348667,0.011983,0.0238205,0.0125236,0.0117611,0.0108772,0.000644196,0.02357,0.00277479,0.00385839,0.00394962,0.0069419,0.00126692,-0.00241422,-0.00345432,-0.00108625,-0.00177284,-0.00164517,0.002665,0.00579633,0.0148954,0.0153616,-0.000740122,0.0414869,0.0013533,0.0382264,0.0113947,0.0207169,0.00230575,0.0250825,0.0212839,0.0179422,0.00517764,0.00370202,0.0067461,
3.43,0.0066352,0.00305043,-0.00266769,-0.0019413,0.000894522,0.00367347,0.00392065,0.0120777,0.028357,0.0230185,0.0169656,0.00798821,0.0112943,0.00218585,0.00312505,0.00182178,0.00163729,-0.00274957,-0.00343288,-0.00493931,-0.00456918,-0.00459612,-0.00367263,0.00410606,0.00608548,0.0210085,0.0190048,-0.00205317,0.0127737,0.0042486,0.0267473,0.00403333,0.0102891,-0.000209335,0.0280861,0.0143283,0.000928919,0.006378,0.0062792,0.00517759,0.00348354,-0.000205436,-0.00543744,-0.00293929,-0.00704636,-0.00339224,0.011964,0.0237685,0.0124865,0.0117458,0.0108387,0.000601216,0.023495,0.00273183,0.00374137,0.00382343,0.00694009,0.00124459,-0.00240393,-0.00343911,-0.00108332,-0.00177612,-0.00165264,0.00268469,0.00583351,0.0148043,0.0153185,-0.000755134,0.0413225,0.00130875,0.038097,0.0113773,0.0206694,0.00231443,0.0250239,0.0212768,0.0178616,0.00568806,0.00353806,0.00651446,
3.435,0.00642862,0.00297464,-0.00275331,-0.00196127,0.000544961,0.00367442,0.00387811,0.0121115,0.0282248,0.0229508,0.0169453,0.00799896,0.011849,0.00276325,0.00309964,0.00183139,0.00163192,-0.00269235,-0.00337419,-0.0048561,-0.00442864,-0.00446233,-0.00358733,0.00409747,0.00627492,0.0210351,0.0190909,-0.00201569,0.0125774,0.00422734,0.0267217,0.00400003,0.0102692,-0.000229521,0.0280935,0.0142344,0.00102957,0.00636466,0.00613259,0.00507245,0.000576642,-7.52106e-05,-0.00534282,-0.00289788,-0.00688988,-0.00321658,0.0118938,0.0235975,0.0124452,0.0117279,0.0108693,0.000741237,0.0238549,0.00283433,0.00360915,0.00368405,0.00695971,0.00122552,-0.00238578,-0.00341198,-0.00107617,-0.00177126,-0.00165302,0.00270546,0.00595033,0.0146499,0.0153417,-0.000765874,0.0410308,0.00126427,0.0379451,0.0113111,0.0205281,0.00231464,0.024944,0.0212592,0.0177623,0.00573048,0.00338435,0.0062969,
3.44,0.00621781,0.00289644,-0.00281102,-0.00197081,0.000200686,0.00363157,0.00386947,0.0121833,0.0280716,0.0227917,0.0168907,0.00797315,0.0115504,0.00259888,0.00308501,0.0018556,0.00164195,-0.0026296,-0.00330632,-0.00475701,-0.00428092,-0.00432132,-0.00349403,0.00408659,0.00633185,0.0210997,0.0191751,-0.00197381,0.0124207,0.00419153,0.026639,0.00399766,0.0102969,-0.0002488,0.0281058,0.0141365,0.00101282,0.0065728,0.00599559,0.004973,0.00267334,5.43188e-05,-0.00523439,-0.00284882,-0.00671919,-0.00304463,0.0117657,0.0233038,0.0123931,0.0117066,0.0108061,0.000670387,0.0235659,0.00271861,0.0034731,0.00353806,0.00699967,0.00121141,-0.00235854,-0.00337138,-0.00105537,-0.00175701,-0.00164492,0.00272822,0.00598223,0.0145662,0.0152854,-0.000771071,0.0407874,0.00122135,0.0377682,0.0111894,0.0202888,0.00230688,0.0248443,0.0212273,0.0177032,0.00597202,0.00324309,0.00609632,
3.445,0.00600833,0.00281551,-0.00284297,-0.00196896,-0.000181654,0.00344227,0.0038943,0.0122934,0.0278759,0.0225346,0.0168393,0.00791805,0.0111408,0.00213919,0.00308434,0.00189058,0.00166413,-0.00256162,-0.00322881,-0.00464084,-0.0041281,-0.00417402,-0.00339322,0.0040738,0.00630126,0.0211678,0.0192011,-0.00192707,0.0123522,0.00414614,0.0265242,0.0040258,0.0103699,-0.000265857,0.0281197,0.0139591,0.000977496,0.0065291,0.00586892,0.00488122,0.000570937,0.000185705,-0.00511074,-0.0027921,-0.00653234,-0.00293539,0.0115783,0.0228962,0.0123187,0.0116808,0.0107144,0.000570156,0.0232432,0.00260954,0.00334088,0.00340099,0.00706287,0.0012014,-0.00232195,-0.00331618,-0.00101279,-0.00173179,-0.00162758,0.00275044,0.0059345,0.0145277,0.0152826,-0.000769685,0.0403385,0.00118116,0.0375652,0.011011,0.0199588,0.00231535,0.0247286,0.0211683,0.0177333,0.00595936,0.00311608,0.00591526,
3.45,0.00580016,0.00273139,-0.00284914,-0.00195491,-0.000489767,0.00350325,0.00395064,0.0124381,0.0276244,0.0222048,0.0168069,0.00790344,0.0111351,0.00202738,0.00309559,0.00194143,0.0017082,-0.00248736,-0.00314091,-0.00450765,-0.00396873,-0.0040203,-0.00328428,0.00405987,0.0064876,0.0212292,0.0192663,-0.00187513,0.0123368,0.00409774,0.0263964,0.00408276,0.0104847,-0.000279584,0.0281327,0.0136832,0.000981209,0.00654313,0.00575549,0.00479719,0.00276488,0.00030386,-0.00497268,-0.00272687,-0.00633088,-0.0027315,0.0113349,0.0223935,0.0122118,0.0116488,0.0106353,0.000537166,0.023232,0.00257198,0.00322498,0.00328417,0.00714973,0.00119635,-0.00227535,-0.00324583,-0.000933798,-0.00169514,-0.00160036,0.00277338,0.00603244,0.0144298,0.0152999,-0.000760677,0.0396856,0.00114462,0.0373376,0.0107803,0.0195508,0.00232933,0.0246014,0.0210666,0.0177319,0.00603051,0.00300436,0.00575556,
3.455,0.00559594,0.00264521,-0.00282998,-0.00192903,-0.00074184,0.00333868,0.00403438,0.0126014,0.0273737,0.0219925,0.0167832,0.00790147,0.0116881,0.00260561,0.00312161,0.0020085,0.00176372,-0.00240745,-0.00304347,-0.00435806,-0.00380554,-0.00386141,-0.00316771,0.00404212,0.00640253,0.0212291,0.0193042,-0.00181775,0.0122542,0.00405161,0.026266,0.00416436,0.0106324,-0.000288971,0.0281432,0.0134471,0.00106914,0.00659423,0.00565607,0.00472255,0.000705391,0.000397177,-0.00482059,-0.00265384,-0.00611635,-0.00259773,0.0110451,0.0218227,0.0120833,0.0116098,0.0106533,0.000666357,0.0236087,0.00268262,0.00313274,0.00319596,0.0072604,0.00119614,-0.00221847,-0.0031606,-0.000793375,-0.00164617,-0.00156302,0.00278874,0.00595267,0.0142757,0.0153172,-0.000743702,0.0390963,0.00111245,0.0370863,0.0105055,0.0190853,0.00234638,0.0244679,0.020929,0.0176892,0.00610134,0.00290822,0.00561828,
3.46,0.0053983,0.00255564,-0.00278397,-0.00188983,-0.00096896,0.00342979,0.00413904,0.0127781,0.0270457,0.0216293,0.0167445,0.00784735,0.0115099,0.00251221,0.0031628,0.00209375,0.00185215,-0.00232127,-0.00293601,-0.00419078,-0.0036358,-0.00369542,-0.00304326,0.00402322,0.00656377,0.021286,0.0193058,-0.0017547,0.0122376,0.00401093,0.0261253,0.00426532,0.0108011,-0.000292302,0.02815,0.0130718,0.00105439,0.00639731,0.00557111,0.0046586,0.00203828,0.00045196,-0.00465329,-0.00257216,-0.00588856,-0.00236468,0.010722,0.0212175,0.011915,0.0115623,0.0105818,0.000649065,0.0234151,0.00261118,0.00307466,0.00314062,0.00739529,0.00120151,-0.0021513,-0.00306002,-0.000535932,-0.00158476,-0.00151467,0.00280409,0.00602801,0.0141539,0.0153301,-0.000718065,0.0382361,0.00108463,0.0368093,0.0102001,0.0185894,0.00235526,0.0243327,0.0207353,0.0177135,0.00596402,0.00282851,0.00550385,
3.465,0.0052025,0.00246438,-0.00271263,-0.0018382,-0.00114765,0.00330548,0.00425705,0.0129482,0.0267079,0.0214025,0.0167258,0.00780658,0.012382,0.00339024,0.00321592,0.00219638,0.0019588,-0.00222913,-0.00281882,-0.00400928,-0.00346049,-0.00352392,-0.00291283,0.00400356,0.00646017,0.0212528,0.0192381,-0.0016861,0.012138,0.00397525,0.0259585,0.00437689,0.0109796,-0.000289173,0.0281524,0.0126924,0.00117297,0.00597548,0.00550099,0.00460418,0.000706632,0.00048678,-0.00447454,-0.00248325,-0.00565116,-0.0021911,0.0103864,0.0206147,0.0117149,0.011505,0.0106327,0.000908539,0.0240026,0.00280358,0.0030512,0.00312684,0.00754939,0.00121246,-0.00207478,-0.00294591,2.73858e-05,-0.00151068,-0.00145568,0.00281746,0.00592233,0.0139266,0.0153768,-0.000683767,0.0372921,0.00106151,0.0365124,0.00988289,0.0180954,0.00236047,0.0242008,0.0204849,0.0176741,0.00557633,0.00276475,0.00541177,
3.47,0.00501328,0.00237155,-0.00261679,-0.00177401,-0.00125635,0.00307145,0.00437969,0.0131007,0.026256,0.0209248,0.0166858,0.00769502,0.0120446,0.00319677,0.00328239,0.00231325,0.002093,-0.00213207,-0.00269263,-0.00381469,-0.00328118,-0.00334725,-0.00277688,0.00401234,0.00635548,0.02135,0.0191342,-0.00161253,0.0121331,0.00394238,0.0257467,0.00449222,0.0111529,-0.000279079,0.02815,0.0121784,0.0011175,0.00562219,0.00544599,0.004561,0.00208765,0.00049653,-0.00428512,-0.0023876,-0.00540607,-0.00210802,0.0100606,0.0200506,0.0114647,0.0114376,0.0105339,0.000896787,0.023666,0.00268896,0.00306197,0.00314687,0.00772145,0.00122816,-0.00198946,-0.00281928,0.00140691,-0.00142404,-0.00138688,0.00292693,0.00580388,0.0138049,0.0153541,-0.000641154,0.0360913,0.00104275,0.036196,0.00957508,0.0176405,0.00236057,0.024075,0.0201643,0.0177409,0.0052438,0.00271636,0.00534098,
3.475,0.00483143,0.00227842,-0.00249838,-0.00169775,-0.00129251,0.0030738,0.00449966,0.0132222,0.0257136,0.020288,0.0166519,0.00759959,0.0112627,0.00245021,0.00336154,0.0024468,0.0022546,-0.00203072,-0.00255808,-0.00360893,-0.00309948,-0.00316799,-0.00263482,0.00399249,0.006453,0.021438,0.0190605,-0.00153409,0.0122539,0.00390813,0.0254734,0.00460414,0.0113087,-0.000261618,0.0281419,0.0117433,0.00102767,0.0052542,0.00540544,0.00452837,0.000789984,0.000498154,-0.0040878,-0.0022865,-0.00515386,-0.00191106,0.00976886,0.0195637,0.0111776,0.0113599,0.0103776,0.000817459,0.0230807,0.00252605,0.00310631,0.00320151,0.00790826,0.00124985,-0.00189765,-0.00268134,0.000775334,-0.00132497,-0.00130796,0.00298709,0.0058537,0.0137654,0.0153682,-0.000590457,0.0352393,0.0010281,0.0358617,0.00929935,0.0172598,0.00236996,0.0239584,0.0197868,0.0178235,0.00491835,0.00268201,0.00528965,
3.48,0.00465826,0.00218535,-0.00235909,-0.00161033,-0.00125846,0.00289699,0.00461001,0.0133046,0.0251613,0.0198289,0.0166364,0.00759331,0.0123444,0.00356,0.00344911,0.00259391,0.0024388,-0.00192655,-0.002416,-0.00339287,-0.00291619,-0.00298636,-0.00248768,0.00394286,0.00633424,0.0214145,0.019036,-0.00145138,0.012338,0.00386862,0.0251325,0.0047051,0.0114396,-0.000237091,0.0281275,0.0112804,0.00112164,0.00517189,0.0053793,0.00450706,0.00179567,0.000483298,-0.00388535,-0.00218128,-0.0049005,-0.00177058,0.00953354,0.0191834,0.0108663,0.0112718,0.0103985,0.00100508,0.0238052,0.00269044,0.00317721,0.00328417,0.00810621,0.00127629,-0.00179825,-0.00253317,0.000788662,-0.00121345,-0.00121935,0.0029329,0.00573512,0.0136366,0.0154431,-0.00053237,0.0341317,0.00101722,0.0355157,0.00907603,0.0169835,0.00241916,0.0238518,0.0193619,0.0178891,0.00484336,0.00266031,0.00525597,
3.485,0.00449167,0.00209421,-0.00220192,-0.00151248,-0.0011762,0.00267238,0.0047047,0.0133434,0.0246755,0.0194528,0.0165457,0.00755209,0.0118994,0.00141431,0.0035453,0.0027497,0.00264618,-0.00182028,-0.00226924,-0.00317023,-0.00273465,-0.00280699,-0.002338,0.00391252,0.00623645,0.021333,0.0190151,-0.00136508,0.0123081,0.00382002,0.0247193,0.00479082,0.011536,-0.00020661,0.028106,0.011239,0.00107752,0.00541991,0.00536593,0.00449629,0.000830419,0.00046612,-0.00368112,-0.00207387,-0.0046483,-0.00166297,0.00937131,0.0189314,0.0105739,0.0111752,0.0102892,0.000945559,0.0234482,0.00257777,0.00326939,0.00338339,0.00831029,0.00130694,-0.00169208,-0.00237698,0.000849447,-0.00108994,-0.00112132,0.00288538,0.00569599,0.0134207,0.0152717,-0.000467585,0.0343292,0.00100993,0.0351619,0.00892063,0.0168353,0.0023671,0.0237559,0.0189409,0.0177188,0.00509124,0.0026495,0.00523752,
3.49,0.00434009,0.00200574,-0.00203176,-0.00140539,-0.00105397,0.00245271,0.00477884,0.0133311,0.0241452,0.0189476,0.0167072,0.00746984,0.0113445,0.00152678,0.00364797,0.00291244,0.0028705,-0.00171109,-0.00211981,-0.00294487,-0.00255407,-0.00262885,-0.00218787,0.00412877,0.00618049,0.0218598,0.0189028,-0.00127565,0.0123965,0.00375994,0.0242446,0.00485462,0.011593,-0.000171889,0.0280762,0.0109193,0.00101409,0.0049117,0.00536374,0.00449691,0.0016632,0.00043664,-0.00347669,-0.00196617,-0.0044009,-0.0016065,0.00929379,0.0188203,0.0102841,0.0110714,0.0102216,0.0010358,0.0231131,0.00251971,0.00337233,0.00349881,0.00851715,0.00134212,-0.00158026,-0.00221655,0.000902755,-0.000951736,-0.00101328,0.00362405,0.00561571,0.0134988,0.015381,-0.000397141,0.0335742,0.00100583,0.0348065,0.00884263,0.0168245,0.00244754,0.0236705,0.0185176,0.0180036,0.00460556,0.00264773,0.00523125,
3.495,0.00419771,0.00192173,-0.00165565,-0.00129031,-0.000892196,0.00225776,0.00482832,0.0132687,0.0236186,0.0184623,0.0167479,0.00742423,0.0113397,0.00167119,0.0037524,0.00307645,0.00310598,-0.0015996,-0.00197149,-0.0027225,-0.00237508,-0.00245409,-0.00204028,0.00402952,0.00613137,0.0219574,0.0188633,-0.00118403,0.0126076,0.00368742,0.0237214,0.00489494,0.0116078,-0.000136058,0.0280371,0.0106018,0.00099277,0.00465722,0.00537058,0.00450767,0.000874576,0.000407855,-0.00319088,-0.00186024,-0.00416157,-0.00160071,0.00930401,0.0188507,0.0100044,0.010962,0.0102086,0.00107886,0.0230935,0.00250312,0.00348513,0.00361644,0.00871816,0.00137973,-0.00146409,-0.00205505,0.000964191,-0.000793057,-0.000892584,0.00367969,0.00556186,0.013627,0.0154872,-0.000322194,0.0328429,0.00100472,0.0344535,0.00884544,0.0169516,0.00253757,0.0235957,0.018104,0.0181982,0.00436976,0.00265317,0.00523415,
3.5,0.00407323,0.00184244,-0.00138113,-0.00116857,-0.000686646,0.00209272,0.00485137,0.0131575,0.0231438,0.018154,0.0166837,0.00738821,0.0117408,0.00224014,0.00385736,0.00323827,0.00334994,-0.00148737,-0.00182729,-0.00250298,-0.00220216,-0.00228484,-0.00189841,0.00387988,0.00607799,0.0217659,0.0187998,-0.00109056,0.012795,0.00360409,0.0231782,0.00490852,0.0115804,-0.000102851,0.0279883,0.0103311,0.00104347,0.00433012,0.0053853,0.0045283,0.00154908,0.000368393,-0.00297579,-0.00175601,-0.00393494,-0.00163496,0.00939834,0.0190096,0.00973571,0.0108479,0.0102373,0.00115937,0.0233666,0.00258512,0.00359713,0.00373823,0.00890831,0.00141891,-0.0013457,-0.00189711,0.00102855,-0.000617186,-0.000757902,0.00334278,0.00551328,0.0136081,0.0155407,-0.000244821,0.0322034,0.00100654,0.034111,0.00892481,0.017203,0.00257819,0.023531,0.0176954,0.0182832,0.00405648,0.00266316,0.00524311,
3.505,0.00396402,0.00176943,-0.00109958,-0.00104091,-0.000445781,0.00196111,0.00484906,0.0130099,0.0227441,0.0178804,0.0166356,0.00734681,0.0114605,0.00218854,0.00395753,0.00339568,0.00358556,-0.00137672,-0.00168696,-0.00229065,-0.00203864,-0.00212595,-0.00176418,0.00388389,0.00603003,0.02179,0.0187911,-0.000994887,0.0130334,0.0035138,0.0226463,0.00489783,0.0115141,-7.54978e-05,0.0279292,0.0103015,0.000998179,0.00440383,0.00540473,0.00455798,0.000913275,0.000331252,-0.00277866,-0.00165413,-0.00372464,-0.0016831,0.00956515,0.0192728,0.00950524,0.0107317,0.0102151,0.0011111,0.0231078,0.00249499,0.00371012,0.0038584,0.00908427,0.00145862,-0.00122647,-0.0017453,0.00109486,-0.000431137,-0.000615183,0.00322554,0.00550013,0.0137402,0.0155692,-0.000169296,0.0323862,0.00101123,0.0337869,0.0090698,0.0175529,0.00263464,0.0234768,0.017332,0.0184235,0.00413296,0.00267575,0.00525476,
3.51,0.00387138,0.0017032,-0.00080397,-0.000905789,-0.000177424,0.00185681,0.00482458,0.0128367,0.022431,0.017766,0.0165944,0.00735165,0.0119109,0.00268458,0.00405171,0.00353954,0.00381116,-0.00126951,-0.00155094,-0.00209087,-0.00188773,-0.00198022,-0.00163648,0.00382281,0.00598137,0.021728,0.0188002,-0.000895167,0.013237,0.00342302,0.0221647,0.00486487,0.0114204,-5.46047e-05,0.0278605,0.010234,0.00106479,0.00438793,0.00542649,0.0045939,0.00145705,0.000295504,-0.00262144,-0.00155685,-0.00353375,-0.00172615,0.00978757,0.0196048,0.00931108,0.0106156,0.0102756,0.00120294,0.0233985,0.002582,0.00381683,0.00397498,0.00924004,0.00149643,-0.00110826,-0.00159854,0.0011615,-0.000239319,-0.000469805,0.00304453,0.00546464,0.0137877,0.0156335,-0.000103933,0.0323011,0.00101872,0.0334861,0.00926513,0.0179649,0.00269741,0.0234337,0.0170129,0.0185295,0.0041183,0.00268853,0.00526574,
3.515,0.00379427,0.00164554,-0.00032819,-0.000761049,9.72766e-05,0.00177652,0.00478445,0.0126558,0.0222023,0.0176761,0.0165822,0.00732889,0.011567,0.00250293,0.00413483,0.00366904,0.00401712,-0.00116743,-0.00142227,-0.00191043,-0.00175198,-0.00185216,-0.00151731,0.00385182,0.00593973,0.0218298,0.0188176,-0.000793481,0.0134587,0.0033395,0.0217649,0.00481702,0.0113107,-3.88592e-05,0.0277834,0.0103449,0.00102851,0.00454745,0.00544715,0.00463434,0.00094354,0.000250354,-0.00246264,-0.00146645,-0.0033644,-0.001753,0.0100454,0.019968,0.00917021,0.0105021,0.0102789,0.00115844,0.0230983,0.00248998,0.00391984,0.00408507,0.00937006,0.00153172,-0.000991163,-0.00145966,0.00122456,-5.14605e-05,-0.000325186,0.00309168,0.00546295,0.0139293,0.0156426,-6.01659e-05,0.032805,0.00102843,0.0332156,0.00949204,0.0184025,0.00274968,0.0234025,0.0167681,0.0186447,0.00427211,0.00269947,0.00527362,
3.52,0.00373374,0.00159768,0.000631463,-0.000615791,0.00022289,0.0017146,0.00473559,0.0124822,0.0220319,0.0176701,0.0165572,0.00731912,0.0119246,0.00286616,0.00420339,0.00377711,0.00419595,-0.00107215,-0.00130489,-0.00175432,-0.00162867,-0.00174075,-0.00140964,0.00380162,0.00590275,0.021795,0.0188037,-0.000695264,0.0136358,0.00326977,0.0214721,0.00476137,0.0112007,-2.66463e-05,0.0277001,0.0103485,0.0010825,0.00437586,0.00546516,0.00467717,0.00138709,0.000209151,-0.00234176,-0.00138506,-0.00322119,-0.00176295,0.0103181,0.0203322,0.00906298,0.0103929,0.0103366,0.00123903,0.0233451,0.002564,0.00401499,0.00418637,0.00947209,0.00156163,-0.00087388,-0.00133229,0.00128144,6.86516e-05,-0.00018639,0.00299142,0.00543371,0.013967,0.0156806,-3.77625e-05,0.0328417,0.00103995,0.032983,0.00973312,0.0188323,0.00279224,0.0233842,0.0165728,0.0187232,0.0041013,0.00270605,0.00527584,
3.525,0.00368848,0.00156069,0.00081611,-0.000477856,0.000402218,0.00167104,0.00468406,0.0123276,0.0219287,0.0176769,0.0165176,0.00729949,0.0115523,0.00259297,0.00425482,0.00386422,0.0043382,-0.000984819,-0.00120148,-0.0016224,-0.00152194,-0.00164791,-0.00131697,0.00378349,0.00587699,0.0218206,0.0188359,-0.000604799,0.0138299,0.00321851,0.0212941,0.00470309,0.0110975,-5.55131e-06,0.0276133,0.0105041,0.00104527,0.00458231,0.00547743,0.00471988,0.000975045,0.000171081,-0.002259,-0.00131529,-0.00310777,-0.00176619,0.0105892,0.0206762,0.00900144,0.0102909,0.0103395,0.00116717,0.0230336,0.00246338,0.00409475,0.00427135,0.00953891,0.00158596,-0.000759839,-0.0012204,0.00132825,0.00028603,-6.74676e-05,0.00290363,0.00544543,0.0141077,0.0156814,-2.59834e-05,0.0333935,0.00105239,0.0327894,0.0099736,0.0192302,0.00283287,0.0233794,0.0164487,0.0188231,0.00430377,0.00270693,0.00527012,
3.53,0.00366163,0.00153567,0.000775645,-0.000353677,0.0005549,0.00163714,0.00463413,0.0122023,0.021865,0.0177435,0.0165035,0.00728148,0.0119514,0.00297355,0.00428974,0.00392804,0.00444175,-0.000905958,-0.00111598,-0.00151832,-0.00143389,-0.00157645,-0.00124273,0.00378521,0.00585924,0.0218191,0.0188029,-0.000525671,0.0139802,0.00318727,0.0212244,0.00464744,0.0110084,3.03808e-05,0.0275258,0.0105388,0.00109544,0.00426907,0.00548175,0.00475983,0.00132706,0.000136493,-0.00220369,-0.00125949,-0.00302704,-0.00176642,0.0108447,0.020985,0.00896424,0.0101967,0.0103984,0.00125951,0.0233237,0.00254843,0.00415653,0.00433722,0.00957009,0.0016024,-0.000657471,-0.00112783,0.00136368,0.000467103,-5.82272e-06,0.00287346,0.00543065,0.0141346,0.0157082,-1.85925e-05,0.0334536,0.00106477,0.0326405,0.0102007,0.0195793,0.00285614,0.0233892,0.0163643,0.0188784,0.00399257,0.00270016,0.0052549,
