CEINMS output
datacolumns 81
datarows 203
endheader
time	addbrev_r	addlong_r	addmagDist_r	addmagIsch_r	addmagMid_r	addmagProx_r	bflh_r	bfsh_r	edl_r	ehl_r	fdl_r	fhl_r	gaslat_r	gasmed_r	glmax1_r	glmax2_r	glmax3_r	glmed1_r	glmed2_r	glmed3_r	glmin1_r	glmin2_r	glmin3_r	grac_r	iliacus_r	perbrev_r	perlong_r	piri_r	psoas_r	recfem_r	sart_r	semimem_r	semiten_r	soleus_r	tfl_r	tibant_r	tibpost_r	vasint_r	vaslat_r	vasmed_r	addbrev_l	addlong_l	addmagDist_l	addmagIsch_l	addmagMid_l	addmagProx_l	bflh_l	bfsh_l	edl_l	ehl_l	fdl_l	fhl_l	gaslat_l	gasmed_l	glmax1_l	glmax2_l	glmax3_l	glmed1_l	glmed2_l	glmed3_l	glmin1_l	glmin2_l	glmin3_l	grac_l	iliacus_l	perbrev_l	perlong_l	piri_l	psoas_l	recfem_l	sart_l	semimem_l	semiten_l	soleus_l	tfl_l	tibant_l	tibpost_l	vasint_l	vaslat_l	vasmed_l	
0.015	0	0	0	0	0	0	0	0	0	0	0	0	0	0	0	0	0	0	0	0	0	0	0	0	0	0	0	0	0	0	0	0	0	0	0	0	0	0	0	0	0	0	0	0	0	0	0	0	0	0	0	0	0	0	0	0	0	0	0	0	0	0	0	0	0	0	0	0	0	0	0	0	0	0	0	0	0	0	0	0	
0.015	-0.0387125	-0.00382954	-0.00531055	-0.00742701	-0.00818134	-0.0015939	-0.204611	-0.0824261	-0.00061876	-0.060744	0.0160588	0.00827233	-0.001608	-0.0022388	-0.0710997	-0.0970584	-0.204101	0.0192922	-0.0179136	-0.0605927	0.0425365	0.000140805	-0.0134627	-0.17017	-0.0264798	-0.0471815	-0.0360646	-0.0259601	-0.0320331	-0.0061753	0.0455677	-0.188558	-0.208839	-0.000724098	-0.02394	-0.000920102	0.0158265	-0.00133677	-0.00473961	-0.00444091	0.186141	0.218924	-0.0412471	-0.00111765	-0.0013724	0.155327	-0.00153155	-0.0420015	0.0278274	0.0359349	-0.0876638	-0.000446266	-0.000798528	-0.000685976	-0.104798	-0.139205	-0.0588199	-0.138333	-0.104582	-0.115318	-0.00759794	-0.00325097	-0.000419009	0.0683738	0.0469966	-0.00294916	-0.000533663	-0.000251427	0.0589675	-0.00107862	0.00293676	-0.00110657	-0.0902443	-0.000367794	-0.0737034	0.0426878	-0.000348537	-0.00152954	-0.00133868	-0.00111333	
0.015	-0.0439441	-0.00858531	-0.0145695	-0.0122891	-0.0236209	-0.00561007	-0.358332	-0.153879	-0.00240197	-0.145253	0.0242972	0.0124979	-0.00303138	-0.00395001	-0.0869674	-0.1354	-0.236863	0.0252861	-0.123084	-0.0862189	0.04493	0.024385	-0.014446	-0.183214	-0.0708638	-0.0524125	-0.044612	-0.0393125	-0.076945	-0.0251062	-0.103343	-0.294561	-0.322834	-0.00143742	-0.0749055	-0.00357133	0.0239795	-0.00323548	-0.0176868	-0.0166521	0.148524	0.294676	0.0127495	-0.00258385	-0.00512423	0.112794	-0.0041423	-0.0931372	0.0164028	0.0340347	-0.105067	-0.00114221	-0.00198592	-0.00168808	-0.152339	-0.19695	-0.128654	-0.226992	-0.176449	-0.14432	-0.0114475	-0.00542246	-0.00099646	-0.0787415	0.0484716	-0.00413273	-0.00130902	-0.000623493	0.0608947	-0.003053	-0.00556966	-0.00300782	-0.141066	-0.00090891	-0.129351	0.0260606	-0.00086033	-0.00573969	-0.0031117	-0.00258044	
0.019969	-0.0447189	-0.00887072	-0.014565	-0.0122841	-0.0228353	-0.00560055	-0.38509	-0.0889592	-0.00239739	-0.114728	0.028531	0.0155135	-0.00302592	-0.00394727	-0.142435	-0.182557	-0.254215	0.0256657	-0.0244876	-0.06386	0.0465767	0.0902584	-0.00345476	-0.177798	0.0331452	-0.0496108	-0.0443863	-0.0352086	-0.00687823	-0.0239008	0.211394	-0.316086	-0.311556	-0.00143464	-0.0367731	-0.00355974	0.0278941	-0.00322925	-0.0183877	-0.0172931	0.359479	0.283305	0.332796	-0.00257896	-0.00511449	0.294874	-0.00448101	-0.0249394	0.0756689	0.0888654	-0.0942593	-0.00113997	-0.0019821	-0.00168487	-0.102801	-0.13073	-0.0194816	-0.203246	-0.166343	-0.123716	-0.0101646	-0.00541945	-0.000994611	0.20783	0.0454023	-0.0041292	-0.00130649	-0.00062228	0.0574985	-0.00278471	-0.0144825	-0.00325077	-0.0337764	-0.000907191	-0.120874	0.108664	-0.000858654	-0.0057289	-0.00317193	-0.00263144	
0.024937	-0.0498064	-0.00663183	-0.0145602	-0.0122789	-0.0214515	-0.00559042	-0.358876	-0.0550511	-0.00239258	-0.0911925	0.0291232	0.0159846	-0.00302028	-0.00394443	-0.0757139	-0.116531	-0.221111	0.0259297	0.0456165	-0.0488477	0.0460724	0.081952	0.023225	-0.180448	0.17576	-0.0494683	-0.0448974	-0.0313323	0.0300571	-0.0240461	0.307325	-0.302563	-0.286608	-0.00143178	-0.00099211	-0.00354849	0.0284442	-0.00322278	-0.0202783	-0.0190484	0.25482	0.271589	0.362883	-0.00257387	-0.00510426	0.215315	-0.00518436	-0.0121856	0.112372	0.115083	-0.0831041	-0.00113764	-0.00197812	-0.00168154	-0.0715948	-0.088639	0.0370763	-0.190381	-0.158659	-0.0784362	-0.00898395	-0.00541634	-0.000992549	0.411624	0.0417606	-0.00412559	-0.00130383	-0.000621017	0.0544616	-0.00239216	-0.0230681	-0.00375695	0.00353936	-0.000905402	-0.099179	0.155496	-0.000856911	-0.00571756	-0.00328961	-0.00272944	
0.029906	-0.132146	-0.00636892	-0.0145472	-0.0122693	-0.018991	-0.00557683	-0.356269	-0.0410856	-0.00238622	-0.0731725	0.0285872	0.0154319	-0.00838835	-0.00978874	-0.169304	-0.207998	-0.321223	0.0273547	-0.0937205	-0.0391761	0.0472334	0.056223	0.0950565	-0.272522	0.258343	-0.0495985	-0.046003	-0.0275845	0.0766692	-0.0262353	0.299877	-0.30031	-0.284816	-0.00419327	0.036125	-0.00353591	0.028077	-0.00321464	-0.0240758	-0.0225863	0.248536	0.268281	0.0440151	-0.00256751	-0.00562194	0.208803	-0.00643801	-0.0248518	0.118438	0.11848	-0.0692365	-0.00113471	-0.00197307	-0.00167734	-0.0655248	-0.0765987	0.0475167	-0.186015	-0.15559	-0.0519478	-0.00812916	-0.0054113	-0.000990055	0.359026	0.0380325	-0.00412093	-0.0013005	-0.00109019	0.0509869	-0.00188406	-0.0324574	-0.00465938	-0.0140622	-0.000903143	-0.0882878	0.155327	-0.000854724	-0.00672325	-0.00348107	-0.00288835	
0.035091	-0.117865	-0.0063342	-0.0145429	-0.0122643	-0.0165587	-0.00556713	-0.333408	-0.0318283	-0.00238158	-0.0589489	0.0279654	0.0146815	-0.077787	-0.00913373	-0.139163	-0.184289	-0.288261	0.0290503	-0.0214356	0.00311174	0.048429	0.0513032	0.0963466	-0.245134	0.181282	-0.0497755	-0.0467747	-0.00637321	0.125187	-0.0302697	0.252941	-0.284976	-0.27223	-0.0544409	0.0740009	-0.00352681	0.027697	-0.00320837	-0.029213	-0.0273737	0.249927	0.263255	0.179988	-0.00256259	-0.0412662	0.204743	-0.00803036	-0.0361831	0.112034	0.117014	-0.0561171	-0.00113246	-0.00196926	-0.00167412	-0.0739314	-0.0787532	0.0518893	-0.184	-0.154981	-0.0791001	-0.00760483	-0.00540828	-0.000988124	0.301281	0.0333848	-0.00411738	-0.00129795	-0.00323484	0.0466581	-0.00155563	-0.044353	-0.00580666	-0.0352564	-0.000901412	-0.0988547	0.148527	-0.000853037	-0.0326038	-0.00365658	-0.00303405	
0.040059	-0.110145	-0.00634131	-0.0145434	-0.0122617	-0.0145287	-0.00555956	-0.296096	-0.0196211	-0.00237791	-0.0468297	0.0274397	0.0140067	-0.0699445	-0.0075114	-0.101321	-0.147357	-0.25381	0.0309036	0.059682	0.0632746	0.0497263	0.0541473	0.0566966	-0.226879	0.148098	-0.0500243	-0.0472133	0.0446102	0.145767	-0.034254	0.218742	-0.258992	-0.254834	-0.0794267	0.363065	-0.00351987	0.0274006	-0.00320312	-0.0341528	-0.031976	0.231748	0.254919	0.294846	-0.00255846	0.232578	0.193213	-0.0094479	-0.0405768	0.106458	0.119022	-0.0436979	-0.00113063	-0.00196605	-0.00167143	-0.0772684	-0.0753275	0.0693158	-0.180663	-0.154737	-0.10352	-0.00730997	-0.00540641	-0.0027951	0.257787	0.0279127	-0.00411444	-0.0012958	-0.00523325	0.0416346	-0.00192105	-0.0592066	-0.00682974	-0.0390363	-0.000899974	-0.120461	0.149928	-0.000851628	-0.0446367	-0.00372053	-0.00308476	
0.045028	-0.106073	-0.00633316	-0.0145412	-0.0122578	-0.0129765	-0.00555085	-0.249591	-0.0019721	-0.00237374	-0.0358227	0.0269379	0.0134396	-0.053679	-0.0201318	-0.0664746	-0.110943	-0.222939	0.0330626	0.0936699	0.093835	0.0512833	0.0547259	0.0478033	-0.217228	0.133293	-0.0505988	-0.0475544	0.215246	0.125052	-0.0358273	0.190341	-0.223179	-0.232343	-0.0709791	0.657247	-0.00351269	0.0271078	-0.00319735	-0.038	-0.0355553	0.219993	0.245511	0.230185	-0.00261171	0.275555	0.182489	-0.010293	-0.0420216	0.104789	0.124686	-0.0301311	-0.00112851	-0.0020749	-0.00182533	-0.0694782	-0.0614717	0.0962751	-0.175498	-0.153986	-0.0948581	-0.00714939	-0.00540386	-0.0025171	0.233702	0.0217254	-0.00411115	-0.00129344	-0.00439491	0.0360759	-0.00387395	-0.0768423	-0.00744212	-0.0306419	-0.000898385	-0.141967	0.157162	-0.000850076	-0.0424027	-0.00362985	-0.00300959	
0.049997	-0.108941	-0.00632318	-0.0145372	-0.0122529	-0.0118486	-0.00554139	-0.202871	0.022582	-0.00236923	-0.0255728	0.026477	0.0130192	-0.0363044	-0.0179545	-0.0265417	-0.0747612	-0.195631	0.0355364	0.0608932	0.0718744	0.0530296	0.0567682	0.0514881	-0.215076	0.117399	-0.0510545	-0.0478435	0.162829	0.0016437	-0.0333318	0.167268	-0.180622	-0.202528	-0.0561725	0.378169	-0.00350546	0.0268587	-0.00319123	-0.0401924	-0.0375899	0.208538	0.235884	0.198155	-0.0282205	0.203429	0.171552	-0.0104168	-0.0435574	0.105757	0.132166	-0.0165856	-0.00112632	-0.0144806	-0.0210316	-0.0606444	-0.0492083	0.119134	-0.169182	-0.152687	-0.0963962	-0.00706355	-0.00540089	-0.00198094	0.202848	-0.124646	-0.00410763	-0.00129095	-0.00311608	0.0299424	-0.00913609	-0.0958578	-0.0075353	-0.0242495	-0.000896698	-0.16246	0.166075	-0.000848432	-0.0352211	-0.00342118	-0.00283664	
0.054965	-0.11535	-0.00631219	-0.0145326	-0.0122476	-0.0110565	-0.0055316	-0.158304	0.0471096	-0.00236459	-0.0161316	0.0261381	0.0128199	-0.0228959	-0.0137166	0.0278507	-0.0429898	-0.176361	0.038281	0.0440694	0.0530622	0.0549631	0.0606251	0.0552937	-0.206354	0.0902313	-0.051549	-0.0480683	0.0836743	-0.0303722	-0.0268099	0.16218	-0.139647	-0.163498	-0.0400657	0.118562	-0.00349812	0.0267479	-0.00318497	-0.0392076	-0.0366658	0.197479	0.225891	0.194716	-0.0239202	0.219239	0.161713	-0.00994226	-0.0459439	0.107937	0.14043	0.000962426	-0.00112406	-0.0137	-0.0185897	-0.0548535	-0.0423908	0.134616	-0.162195	-0.150925	-0.0936854	-0.00701789	-0.00539788	-0.00153673	0.169532	-0.0863067	-0.004104	-0.00128839	-0.00271812	0.020867	-0.0198109	-0.113882	-0.0071966	-0.0247271	-0.00089497	-0.180287	0.175596	-0.000846749	-0.0274752	-0.00318664	-0.00264211	
0.059934	-0.124348	-0.00630171	-0.0145278	-0.0122423	-0.0105132	-0.00552177	-0.119019	0.0535683	-0.00235994	-0.00771141	0.0260044	0.0129102	-0.0138346	-0.0432941	0.0167352	-0.040352	-0.172713	0.0412719	0.0489776	0.0544573	0.0571049	0.0651187	0.0591183	-0.193885	0.0697584	-0.0520375	-0.0481496	0.0645285	0.00751283	-0.0180749	0.175621	-0.101358	-0.126071	-0.0264468	0.0901488	-0.00349099	0.0268615	-0.00317871	-0.0332406	-0.0311036	0.187313	0.215396	0.196928	-0.0164036	0.228171	0.152871	-0.0091374	-0.049227	0.110661	0.141834	0.0300683	-0.00112182	-0.0101267	-0.0132587	-0.0505935	-0.0373489	0.146117	-0.154656	-0.148673	-0.0630472	-0.00699337	-0.00539463	-0.00447498	0.142562	-0.0641422	-0.00410036	-0.00128583	-0.00198128	-0.0709592	-0.0348276	-0.128366	-0.00661818	-0.0304602	-0.00089324	-0.190903	0.171667	-0.000845065	-0.0208861	-0.00300532	-0.00249261	
0.064903	-0.135608	-0.0062915	-0.0145231	-0.0122369	-0.0101463	-0.00551198	-0.0926415	0.0485469	-0.00235531	-0.00039978	0.0261139	0.0133304	-0.0801717	-0.0390843	-0.0338925	-0.054887	-0.178263	0.0445065	0.0568568	0.0630075	0.0594679	0.0699814	0.0648951	-0.216141	0.0554085	-0.0526604	-0.0480456	0.0670032	0.0509762	-0.00972101	0.196876	-0.0726825	-0.11808	-0.0160729	0.263732	-0.003484	0.0272393	-0.00317247	-0.0225957	-0.0211764	0.178222	0.000930233	0.198441	-0.0216668	0.225442	0.144802	-0.00822082	-0.0533979	0.110836	0.152043	0.08248	-0.00111958	-0.0399161	-0.00845799	-0.0458287	-0.0293316	0.159633	-0.146552	-0.145787	-0.0396077	-0.00697976	-0.00539148	-0.00397178	0.120475	-0.0485651	-0.00409671	-0.00128328	-0.0014081	-0.0414844	-0.0482347	-0.140704	-0.00595762	-0.035052	-0.000891518	-0.192318	0.181498	-0.000843388	-0.0158471	-0.00289399	-0.0024014	
0.070087	-0.148948	-0.00628142	-0.0145184	-0.0122316	-0.00990106	-0.00550221	-0.0738047	0.0308473	-0.00235065	0.00583898	0.0264738	0.0140911	-0.0713389	-0.0301926	-0.04459	-0.0603776	-0.180431	0.0479979	0.0625623	0.0718938	0.0620911	0.0751056	0.0715268	-0.237267	0.043522	-0.0533613	-0.0477765	0.0700654	0.0745911	-0.00355118	0.21047	-0.058725	-0.142916	-0.0578318	0.53249	-0.00542837	0.0278859	-0.00316625	-0.0105146	-0.00988663	0.16982	-0.0425826	0.202913	-0.0201979	0.223454	0.137497	-0.00729403	-0.0584258	0.110999	0.165725	0.112989	-0.00111735	-0.0441944	-0.0275557	-0.0409295	-0.0183015	0.18215	-0.0931616	-0.142099	-0.0297363	-0.00697166	-0.0172781	-0.00293384	0.100551	-0.0435459	-0.00409306	-0.00128075	-0.00103136	-0.0241678	-0.0537697	-0.154607	-0.0052886	-0.0344766	-0.000889802	-0.185264	0.195425	-0.000841717	-0.012231	-0.0028091	-0.00233184	
0.075056	-0.163844	-0.00627139	-0.0145137	-0.0122263	-0.00973744	-0.00549245	-0.0542401	0.0140869	-0.00234607	0.0110491	0.0270686	0.0151693	-0.0543366	-0.0931516	-0.044926	-0.0615969	-0.178759	0.0517498	0.0698066	0.0818123	0.0649944	0.0803787	0.0782231	-0.221788	0.0333644	-0.0541334	-0.0473703	0.0721099	0.0134354	-0.000134104	0.201681	-0.0621264	-0.172566	-0.0758979	0.566649	-0.124985	0.0287875	-0.00316006	-0.00217925	-0.00206917	0.162013	0.0500035	0.210564	-0.0145896	0.223444	0.130992	-0.00642941	-0.0652272	0.117518	0.177127	0.0862645	-0.00111513	-0.0364908	-0.0233823	-0.0317445	-0.00205604	0.21161	-0.0576022	-0.137459	-0.0365585	-0.00696628	-0.0299064	-0.00206897	0.0823257	-0.0439497	-0.00408941	-0.00127822	-0.000814313	-0.0160269	-0.0487002	-0.172378	-0.00466364	-0.0316513	-0.000888092	-0.170982	0.201768	-0.000840052	-0.00974428	-0.00270457	-0.0022444	
0.080025	-0.179406	-0.00626125	-0.014509	-0.012221	-0.00962797	-0.0054827	-0.0519882	0.00208706	-0.00234147	0.0152794	0.027861	0.0165194	-0.0364146	-0.137916	-0.0494055	-0.0627765	-0.176045	0.0557622	0.0782012	0.0928163	0.0682123	0.0856849	0.0848722	-0.201809	0.0252608	-0.0549492	-0.0468886	0.0761687	-0.0391033	0.000307665	0.187816	-0.0732428	-0.181472	-0.0807735	0.330008	-0.125285	0.0299	-0.00315388	0.00109292	0.0010137	0.154748	-0.0189206	0.220102	-0.00980407	0.223984	0.125295	-0.00567166	-0.0766876	0.0701695	0.159418	0.0589513	-0.00111291	-0.0273281	-0.016381	-0.0203441	0.0162606	0.234958	-0.0579863	-0.131767	-0.0412893	-0.00696229	-0.0360567	-0.00154094	0.065582	-0.0476958	-0.00408575	-0.00127569	-0.000695265	-0.0165971	-0.0351387	-0.192615	-0.00411566	-0.0335163	-0.000886385	-0.150426	0.224323	-0.0014896	-0.00808572	-0.00256141	-0.00212473	
0.084994	-0.194405	-0.00625115	-0.0145043	-0.0122156	-0.00955387	-0.00547296	-0.0671014	-0.00597919	-0.00233685	0.018589	0.02879	0.0180717	-0.022668	-0.121857	-0.0567388	-0.0646362	-0.174487	0.0600436	0.0863897	0.103539	0.0717581	0.090929	0.0913983	-0.187897	-0.122694	-0.0557403	-0.0463378	0.0819389	-0.0507338	0.0688495	0.172495	-0.146864	-0.177687	-0.0617526	0.120893	-0.114814	0.0311575	-0.00314771	0.00153619	0.00143423	0.147933	-0.0336569	0.230916	-0.0538859	0.225098	0.120396	-0.0050537	-0.0888796	0.0942511	0.178721	0.0750124	-0.00111069	-0.036396	-0.0554063	-0.00728351	0.0364449	0.259066	-0.0808292	-0.124988	-0.0317439	-0.00695888	-0.0287948	-0.00124613	0.0503262	-0.0539604	-0.00408208	-0.00127317	-0.0006323	-0.0212918	-0.0195084	-0.213591	-0.00366806	-0.0434286	-0.000884681	-0.125317	0.225952	0.000357857	-0.00700402	-0.00241119	-0.00199943	
0.089962	-0.208181	-0.00624104	-0.0246153	-0.055855	-0.00950263	-0.00546321	-0.0803669	-0.0102033	-0.00233232	0.0210461	0.0297844	0.0197455	-0.0134301	-0.0963831	-0.0478257	-0.0571101	-0.168117	0.0645487	0.0939364	0.113122	0.0755999	0.096021	0.09705	-0.184983	-0.106538	-0.0564171	-0.045746	0.0873846	-0.0452371	0.12151	0.138408	-0.206561	-0.174019	-0.0427289	0.089051	-0.10087	0.032478	-0.00314155	0.00151742	0.00141671	0.141481	-0.0200459	0.24282	-0.0748431	0.226942	0.039411	-0.00458656	-0.0987118	0.0687693	0.126172	0.085165	-0.00110848	-0.0410612	-0.0701597	0.00239422	0.0524716	0.285348	-0.0844807	-0.117162	-0.0211871	-0.00695577	-0.0204304	-0.00109119	0.0365549	-0.0624634	-0.0040784	-0.00127066	-0.000599202	-0.0283426	-0.00822184	-0.235257	-0.00332925	-0.0521768	-0.000882982	-0.099895	0.251645	0.00773711	-0.00630989	-0.00230043	-0.00190961	
0.094931	-0.220448	-0.00623093	-0.140663	-0.0500911	-0.00946603	-0.00545347	-0.203045	-0.0117764	-0.00232771	0.0227281	0.0307586	0.0214478	-0.030076	-0.072097	-0.0235577	-0.0305668	-0.152744	0.0692183	0.100667	0.121171	0.0629557	0.100831	0.100431	-0.191539	-0.084054	-0.0568569	-0.0451614	0.0910949	-0.0370542	0.13064	0.112071	-0.185222	-0.170589	-0.027211	0.0871296	-0.0861378	0.0337672	-0.00313541	0.00151128	0.00141089	0.135272	0.00131563	0.255619	-0.0593746	0.229418	0.0704295	-0.00428665	-0.104841	0.103742	0.176805	0.0902877	-0.00110628	-0.0318138	-0.0581086	0.012665	0.0680624	0.312611	-0.0628799	-0.10835	-0.0130793	-0.0069528	-0.0139849	-0.00101122	0.0242655	-0.0728387	-0.00407471	-0.00126813	-0.000582047	-0.036259	-0.0026096	-0.259541	-0.00311116	-0.051597	-0.000881285	-0.0816636	0.220998	0.0198564	-0.00586918	-0.00227056	-0.00188588	
0.100116	-0.230922	-0.00622082	-0.167484	-0.0381077	-0.00943873	-0.00575032	-0.174272	-0.011503	-0.00232318	0.0237166	0.0316352	0.0230915	-0.025022	-0.0515494	0.0168928	0.0478428	-0.134207	0.0739521	0.106363	0.127413	0.0458254	0.105238	0.101898	-0.200312	-0.0663111	-0.0567732	-0.0445225	0.0929746	-0.030618	0.122273	0.117791	-0.137694	-0.165559	-0.0159824	0.0937459	-0.0712254	0.0349334	-0.00312928	0.001517	0.00141618	0.129212	0.0537205	0.269029	-0.03978	0.232369	0.0446683	-0.00418032	-0.126046	0.136066	0.219039	0.0487432	-0.00110408	-0.0213513	-0.0416745	0.027906	0.0867619	0.340267	-0.0366135	-0.0986504	-0.00798813	-0.00694989	-0.0099566	-0.000970321	0.0134721	-0.0846408	-0.00407101	-0.00126565	-0.000572956	-0.0441967	-0.00043175	-0.287138	-0.00303269	-0.046086	-0.000879593	-0.0787349	0.225512	0.012721	-0.00559107	-0.00230409	0.0648834	
0.105084	-0.220056	-0.0062107	-0.161029	-0.152073	-0.0094173	-0.010468	-0.127128	-0.0103024	-0.0023276	0.0820845	-0.106181	-0.20273	-0.0175079	-0.0347891	0.039949	0.163378	-0.128158	0.0786129	0.110861	0.131654	0.108648	0.0783394	0.101972	-0.20435	-0.0522189	-0.0877979	-0.124155	0.0379413	-0.025807	0.112782	0.133554	-0.0995409	-0.159409	-0.00873611	0.110382	-0.0219685	-0.12857	-0.00312317	0.0015216	0.00142052	0.123177	0.130451	0.282723	-0.0237112	0.235575	0.0453525	-0.00427657	-0.143462	0.12798	0.207785	0.0577458	-0.00110193	-0.0433767	-0.0265951	0.0509418	0.109284	0.367994	-0.0201077	-0.0882136	-0.00509862	-0.00824058	-0.00768192	-0.000949273	0.00413907	-0.0973853	-0.0040673	-0.00126323	-0.00056794	-0.0519563	0.000329841	-0.317133	-0.00310055	-0.0431014	-0.000877904	-0.0912518	0.223045	0.0290105	-0.00541561	-0.00234179	0.176409	
0.110053	-0.218896	-0.00952557	-0.141172	-0.193458	-0.00939955	-0.0149619	-0.0912182	-0.0084818	-0.00245636	0.362403	-0.101621	-0.203635	-0.0409634	-0.0718651	0.0455585	-0.00262201	-0.129555	0.0830296	0.114033	0.133816	0.108904	0.116599	0.0913155	-0.203123	-0.0398573	-0.0749777	-0.103609	0.0131455	-0.021076	0.104718	0.127357	-0.0753148	-0.152939	-0.00455886	0.134909	0.0562246	-0.12169	-0.00311707	0.00152286	0.0014217	0.117037	0.161677	0.296326	-0.0134911	0.238829	0.0579158	-0.00455531	-0.148447	0.115499	0.196212	0.0580898	-0.00109975	-0.0358255	-0.0157635	0.0747777	0.123879	0.395213	-0.010904	-0.077222	-0.00356241	-0.0210497	-0.00647958	-0.000938173	-0.00390782	-0.110571	-0.00406359	-0.0012607	-0.000564942	-0.0594242	0.000611534	-0.347375	-0.00330025	-0.0420087	-0.000876218	-0.110939	0.230378	0.0369842	-0.00530424	-0.00233284	0.159979	
0.115022	-0.250284	-0.0100191	-0.118026	-0.16767	-0.00938412	-0.0148336	-0.072163	-0.00619692	-0.00246914	0.207972	-0.0558377	-0.117456	-0.03441	-0.0642407	0.0533946	-0.041861	-0.129674	0.00872732	0.0902097	0.133913	0.101775	0.132642	0.104256	-0.198933	-0.0031229	-0.051967	-0.0683124	0.119267	-0.000773336	0.0960405	0.122362	-0.0648493	-0.14638	-0.00232638	0.159608	0.0682179	-0.069581	-0.00311098	0.00152238	0.00142125	0.11068	0.193143	0.309428	-0.0301473	0.241773	0.0684369	-0.00493747	-0.152626	0.0642561	0.165636	0.066569	-0.00109746	-0.0248412	-0.0175559	0.0960024	0.136894	0.389276	-0.0294568	-0.0658417	-0.00277355	-0.01932	-0.00586564	-0.000931999	-0.0126554	-0.123755	-0.00405986	-0.00125818	-0.000562933	-0.0664813	0.000736183	-0.376949	-0.00357486	-0.0396149	-0.000874536	-0.13051	0.244598	0.050567	-0.00523249	-0.00225889	0.154929	
0.11999	-0.261948	-0.00954469	-0.0966506	-0.129322	-0.00937012	-0.013168	-0.136647	-0.00357802	-0.00244246	0.0742231	-0.00240728	-0.050304	-0.0242875	-0.0504282	0.0653856	-0.033684	-0.126387	0.0722189	0.101198	0.132038	0.10403	0.119557	0.0951089	-0.192648	0.0457111	-0.0367008	-0.0361053	0.157223	0.0289916	0.0857085	0.120601	-0.130846	-0.139728	-0.00118857	0.173954	0.0228283	-0.0214321	-0.00310491	0.00152155	0.00142054	0.103995	0.229648	0.321575	-0.0390883	0.244172	0.0753273	-0.00524118	-0.159176	0.0479746	0.156792	0.0659913	-0.00109533	-0.0190366	-0.0190985	0.116139	0.154131	0.387858	-0.0389508	-0.0541254	-0.00237716	-0.015465	-0.00555898	-0.000928096	-0.0207895	-0.136642	-0.00405613	-0.00125569	-0.000561403	-0.0729872	0.000807424	-0.40552	-0.00379372	-0.0325386	-0.000872858	-0.147508	0.241778	0.0563121	-0.00518507	-0.00213358	0.167259	
0.124959	-0.25775	-0.0087602	-0.0767325	-0.120235	-0.009357	-0.0112168	-0.119992	-0.000713378	-0.0024045	0.10182	0.0841265	0.0239788	-0.0762603	-0.0733462	0.082255	-0.00698131	-0.121509	0.0781958	0.138349	0.128361	0.105231	0.119678	0.089188	-0.184093	0.0962958	-0.0316951	-0.00618341	0.107098	0.0591058	0.0746143	0.118853	-0.116023	-0.133017	-0.000624561	0.175133	0.0482503	0.0487001	-0.00309884	0.00152082	0.00141973	0.0968812	0.261093	0.332302	-0.0312841	0.245732	0.0807758	-0.00526914	-0.164372	0.0709269	0.17783	0.0691465	-0.00109315	-0.0139283	-0.0148937	0.133298	0.17134	0.404422	-0.0327437	-0.0421358	-0.0021805	-0.048659	-0.00540764	-0.000925347	-0.0271757	-0.149005	-0.00405239	-0.00125322	-0.000560103	-0.0789269	0.000856293	-0.432569	-0.0038147	-0.0214166	-0.000871183	-0.162484	0.224891	0.0688261	-0.00515249	-0.00200332	0.181153	
0.129928	-0.249921	-0.00803221	-0.0597524	-0.173911	-0.0093444	-0.00952441	-0.105233	0.00229605	-0.0023698	0.25345	0.118636	0.0905155	-0.0661446	-0.0872951	0.0973055	0.0160356	-0.12071	0.0949105	0.122411	0.123083	0.105162	0.118622	0.0866053	-0.173792	0.124333	-0.0390582	0.00519691	0.0834571	0.0746509	0.0649304	0.11713	-0.0902476	-0.126307	-0.000350018	0.174607	0.123338	0.0948847	-0.00309276	0.00152014	0.00141915	0.0892732	0.311239	0.341198	-0.0215706	0.246081	0.0849686	-0.0049103	-0.167307	0.0830481	0.175336	0.067793	-0.00109098	-0.0109539	-0.0102262	0.143316	0.184173	0.43059	-0.0238221	-0.0301299	-0.00208344	-0.0437703	-0.00533327	-0.000923115	-0.0309745	-0.1606	-0.00404864	-0.00125075	-0.000558914	-0.0842246	0.000890714	-0.457471	-0.00355746	-0.00874052	-0.000869512	-0.176316	0.208319	0.0756557	-0.00512892	-0.00187467	0.192376	
0.135112	-0.24191	-0.00744611	-0.0462363	-0.204642	-0.0093322	-0.00820761	-0.102781	0.00532515	-0.00234168	0.259844	0.108191	0.22697	-0.0489968	-0.0930837	0.0932543	0.0213178	-0.128724	0.0970359	0.111513	0.116458	0.105058	0.115687	0.0845529	-0.16228	0.119259	-0.0426877	0.00249856	0.0814136	0.073569	0.058515	0.115829	-0.0657941	-0.119666	-0.000218161	0.180999	0.13502	0.181324	-0.00308676	0.00151937	0.00141843	0.0811262	0.246808	0.347864	-0.0156413	0.245061	0.0948554	-0.00423347	-0.170189	0.0810931	0.161734	0.0614397	-0.00108881	-0.00898628	-0.00662438	0.129036	0.16893	0.463262	-0.0166897	-0.0185002	-0.00203518	-0.0335027	-0.00529631	-0.000921125	-0.024768	-0.17022	-0.00404488	-0.00124829	-0.000557778	-0.088769	0.000913185	-0.480109	-0.00307054	0.000950038	-0.000867845	-0.190133	0.18973	0.0736916	-0.0051108	0.193185	0.201024	
0.140081	-0.232557	-0.00700974	-0.0360916	-0.176811	-0.00932016	-0.00724522	-0.110524	0.00824486	-0.00232003	0.271193	0.100759	0.208705	-0.0318541	-0.078554	0.0760088	0.0128142	-0.141021	0.0965812	0.106854	0.108742	0.104354	0.111948	0.0827813	-0.149947	0.0969697	-0.0379133	-0.0065563	0.0750882	0.0595067	0.0548073	0.114728	-0.0703836	-0.113163	-0.000155509	0.188716	0.16141	0.15625	-0.00308074	0.00151848	0.0014176	0.0724336	0.173103	0.352021	-0.01193	0.242456	0.15273	-0.00344708	-0.172192	0.0802583	0.15542	0.0574837	-0.00108665	-0.00618395	-0.00410382	0.12942	0.174497	0.49168	-0.0105953	-0.00759933	-0.00201042	-0.0234776	-0.0052772	-0.000919248	-0.0247027	-0.163828	-0.00404112	-0.00124583	-0.000556669	-0.088813	0.000925801	-0.499304	-0.00250361	0.0110759	-0.000866181	-0.201902	0.174924	0.072669	-0.00509596	0.279971	0.201045	
0.14505	-0.221302	-0.0066977	-0.0288146	-0.135765	-0.00930823	-0.00656801	-0.102599	0.0109648	-0.00230358	0.204944	0.0715652	0.0544161	-0.0191803	-0.0604451	0.0627087	0.00364455	-0.15053	0.091874	0.100756	0.100185	0.102787	0.107445	0.0818175	-0.137069	0.0842498	-0.0350079	-0.0191869	0.0650785	0.0432493	0.0519038	0.113672	-0.0766682	-0.106843	-0.000126059	0.186087	0.128183	0.0735558	-0.00307473	0.00151762	0.00141678	0.063195	0.0955923	0.353456	0.386559	0.239522	0.172535	-0.0028554	-0.173386	0.0417452	0.100192	0.0529696	-0.0010845	-0.00404987	-0.00257852	0.149154	0.208712	0.521169	-0.00653003	0.0023565	-0.00199679	-0.0164595	-0.00526648	-0.000917424	-0.0245526	-0.171574	-0.00403734	-0.00124338	-0.000555573	-0.0836513	0.000931541	-0.514794	-0.00207569	0.0224373	-0.00086452	-0.211149	0.161554	0.0699046	-0.00508309	0.256479	0.199764	
0.150018	-0.208548	-0.00648043	-0.0237733	-0.0950919	-0.00929637	-0.00610395	-0.102341	0.0134333	-0.00229101	0.198152	-0.00146725	-0.0208076	-0.0109678	-0.0429287	0.0564141	-0.00139922	-0.154694	0.0874194	0.0932961	0.0910483	0.100316	0.10213	0.0816278	-0.123955	0.0769535	-0.0398889	-0.0461306	0.0566798	0.0337483	0.0481838	0.112581	-0.0816793	-0.100755	-0.000112278	0.171011	0.144591	-0.0169336	-0.00306874	0.00151694	0.00141613	0.0534769	0.0420283	0.352096	0.463265	0.231263	0.143615	-0.00267396	-0.174844	0.032777	0.0940254	0.0437198	-0.00108234	-0.00268612	-0.00172275	0.162876	0.215605	0.529065	-0.00410034	0.0112772	-0.00198837	-0.0120876	-0.00525963	-0.000915627	-0.0245651	-0.16625	-0.00403356	-0.00124088	-0.000554485	-0.0760236	0.000929882	-0.526276	-0.00194471	0.0294703	-0.000862863	-0.217948	0.1476	0.0514323	-0.0050714	0.23925	0.198982	
0.154987	-0.194755	-0.00633144	-0.02037	-0.125228	-0.00928455	-0.00579166	-0.0956457	0.0156203	-0.00228118	0.204901	-0.00914995	-0.0301007	-0.0441312	-0.0283729	0.0517693	-0.00494192	-0.15619	0.0832691	0.0856933	0.0815517	0.0969401	0.0961201	0.0825804	-0.110849	0.066623	-0.0355419	-0.0435152	0.0497356	0.0300551	0.0436948	0.111443	-0.0849372	-0.094974	-0.00010586	0.151221	0.144074	-0.0230188	-0.00306276	0.00151646	0.00141571	0.0433294	0.00596491	0.347935	0.415703	0.224209	0.130046	-0.00304337	-0.176388	0.00522367	0.0593989	0.039306	-0.0010802	-0.00190767	-0.0012654	0.166411	0.218448	0.55374	-0.00275507	0.019174	-0.00198237	-0.00960306	-0.00525456	-0.000913845	-0.0245365	-0.177561	-0.00402977	-0.00123849	-0.000553401	-0.0717253	0.000921902	-0.533614	-0.00220814	0.0344445	-0.00086121	-0.224071	0.113334	0.0447214	-0.00506043	0.238931	0.197217	
0.159956	-0.180064	-0.00622991	-0.0181165	-0.222626	-0.00927274	-0.00558386	-0.0982594	0.0175266	-0.00227322	0.174046	-0.0350242	-0.0641971	-0.0377423	-0.0208153	0.0424983	-0.0111411	-0.157182	0.0786172	0.0779029	0.071872	0.0927222	0.0895544	0.0853935	-0.0979651	0.0604417	-0.037358	-0.0593975	0.0432324	0.0280897	0.039211	0.110282	-0.0766993	-0.0895518	-0.000102801	0.132667	0.122032	-0.0438847	-0.00305679	0.00151618	0.00141543	0.0328326	-0.0165759	0.341119	0.39581	0.214856	0.115648	-0.00404571	-0.177365	-0.000484221	0.0541758	0.0196187	-0.00107805	-0.00148481	-0.00102755	0.172753	0.229831	0.560033	-0.0020393	0.0261398	-0.0019775	-0.00825531	-0.00525029	-0.000912071	-0.0245175	-0.204284	-0.00402594	-0.00123605	-0.000552321	-0.0730344	0.000906472	-0.536534	-0.00292698	0.0385301	-0.00085956	-0.228989	0.0948591	0.016463	-0.00504989	0.238033	0.193347	
0.164924	-0.164617	-0.00616048	-0.0166453	-0.254761	-0.00926094	-0.00544622	-0.0913247	0.0191538	-0.00226652	0.13804	-0.0548872	-0.10019	-0.0266926	-0.0489328	0.0324833	-0.01789	-0.157552	0.0721749	0.0698198	0.0621608	0.0877844	0.082597	0.0881827	-0.08548	0.0583482	-0.0429008	-0.0738246	0.0371174	0.0270014	0.0355358	0.10914	-0.0584043	-0.0845649	-0.000101317	0.117451	0.0961277	-0.0649692	-0.00305084	0.001516	0.00141534	0.0220899	-0.0343733	0.331833	0.401186	0.203848	0.105234	-0.00571159	-0.177061	-0.0211363	0.0267062	0.0250446	-0.00107591	-0.00126244	-0.000906205	0.183024	0.247724	0.54167	-0.00166902	0.0323105	-0.00197314	-0.00754806	-0.00524639	-0.000910303	-0.0244994	-0.221802	-0.00402216	-0.00123362	-0.000551243	-0.0791816	0.000878374	-0.534822	-0.00412353	0.0435702	-0.000857913	-0.23285	0.0714455	0.0278621	-0.00503961	0.23027	0.187594	
0.170109	-0.148713	-0.00611232	-0.0156951	-0.266927	-0.00924914	-0.00535478	-0.0933956	0.0205301	-0.00226064	0.104872	-0.0579509	-0.109054	-0.0177608	-0.0674265	0.0283392	-0.0215603	-0.156129	0.0703703	0.06181	0.0525159	0.0822621	0.0753869	0.0756821	-0.0735386	0.0577848	-0.0386906	-0.0717218	0.0314884	0.0272915	0.0328207	0.1081	-0.0596956	-0.0800618	-0.000100559	0.106077	0.068789	-0.0676851	-0.00304489	0.00151586	0.00141511	0.0111921	-0.0502941	0.320341	0.400968	0.191597	0.0860526	-0.00794523	-0.175277	-0.0335149	0.00985973	0.0310244	-0.00107378	-0.0011473	-0.000845014	0.195635	0.268919	0.522852	-0.00148057	0.0378419	-0.00196903	-0.0071841	-0.00524265	-0.00090854	-0.0244857	-0.224151	-0.00401834	-0.00123119	-0.000550168	-0.0864805	0.00082685	-0.52892	-0.00572847	0.050108	-0.00085627	-0.2358	0.0534156	0.0415323	-0.00502949	0.218517	0.180225	
0.175078	-0.132681	-0.00607801	-0.0150859	-0.254795	-0.00923732	-0.00529333	-0.0869801	0.021675	-0.00225519	0.0736099	-0.0628639	-0.118473	-0.0108218	-0.0498303	0.028296	-0.0216846	-0.153065	0.0643809	0.0538997	0.0429867	0.0762853	0.0680578	0.0669435	-0.0622259	0.0579996	-0.0357985	-0.0694831	0.0263044	0.0286475	0.0310371	0.107243	-0.0604545	-0.0761092	-0.000100208	0.0987358	0.042705	-0.0690807	-0.00303896	0.00151566	0.00141493	0.000235678	-0.0644827	0.305578	0.389941	0.178259	0.0712767	-0.0106139	-0.171954	-0.031906	0.0100586	0.0331522	-0.00107165	-0.00108822	-0.000814284	0.208515	0.292187	0.502414	-0.00138567	0.0428936	-0.00196501	-0.00699949	-0.00523898	-0.000906782	-0.0246714	-0.220118	-0.00401452	-0.0012288	-0.000549095	-0.0915201	0.000736941	-0.519437	-0.00764802	0.058602	-0.000854631	-0.237911	0.0410363	0.0465193	-0.00541328	0.205566	0.171461	
0.180046	-0.116694	-0.00605262	-0.0146974	-0.238664	-0.0092255	-0.00525111	-0.0899738	0.0226234	-0.00243767	0.04617	-0.0623319	-0.117005	-0.00995169	-0.0132189	0.0261605	-0.0242889	-0.152025	0.0643268	0.0454815	0.0335792	0.0586268	0.0607459	0.0593543	-0.0515919	0.0590479	-0.0310753	-0.0645128	0.0214938	0.0305573	0.0292929	0.10663	-0.0602835	-0.0727615	-9.98626e-05	0.0904014	0.0211016	-0.0660228	-0.00303305	0.00151543	0.00141471	-0.0106835	-0.0773553	0.288295	0.374542	0.164011	0.0574935	-0.01313	-0.166992	-0.0527613	-0.0178949	0.0383364	-0.00106953	-0.00105788	-0.0007987	0.218112	0.309318	0.479243	-0.00133794	0.0476204	-0.00196116	-0.00690647	-0.00523532	-0.000905027	-0.0326117	-0.215162	-0.00401069	-0.00122636	-0.000548025	-0.112721	0.000600994	-0.507101	-0.0094607	0.0675845	-0.000852995	-0.237832	-0.0277118	0.0708185	-0.00856604	0.18091	0.139017	
0.185015	-0.100791	-0.00603292	-0.0144503	-0.214881	-0.00921367	-0.00522112	-0.0844481	0.0233946	-0.00523556	0.0240853	-0.064086	-0.111168	-0.0199746	0.0241867	-0.00952563	-0.0404988	-0.153547	0.116745	0.0369141	0.0242741	0.0218841	0.0535993	0.0508498	-0.0416706	0.0607294	-0.0272167	-0.060666	0.0169651	0.0328216	0.0283907	0.106349	-0.0545361	-0.0700644	-9.96606e-05	0.0862968	0.00582959	-0.0619751	-0.00302715	0.00151517	0.00141447	-0.0214919	-0.0893686	0.2708	0.358435	0.149071	0.0445516	-0.0153938	-0.161168	-0.0357786	-0.00137211	-0.0344344	-0.00106741	-0.00104206	-0.000790533	0.222908	0.301579	0.455512	-0.00131362	0.0521716	-0.00195726	-0.00685923	-0.00523168	-0.000903277	-0.0649122	-0.21039	-0.00400684	-0.00122395	-0.000546957	-0.156811	0.000390365	-0.492397	-0.0110932	0.0701461	-0.000851363	-0.236481	-0.013949	-0.0335719	-0.0132188	0.104655	0.0474272	
0.189984	-0.0849355	-0.00601682	-0.0142929	-0.188723	-0.00920182	-0.00519885	-0.0882875	0.0240022	-0.0085398	0.00879834	-0.0640341	-0.103183	-0.0158087	0.0490699	-0.0284891	-0.0535465	-0.153924	0.0746973	0.0282111	0.0150144	0.0446132	0.0465647	0.0421057	-0.0324391	0.0628087	-0.0233466	-0.0565283	0.0126871	0.0353679	0.0274564	0.106432	-0.0567184	-0.0680979	-9.95651e-05	0.0812009	-0.00372089	-0.0575527	-0.00302126	0.00151495	0.00141427	-0.032114	-0.100586	0.252655	0.341618	0.133613	0.0329173	-0.017053	-0.154586	-0.0468789	-0.0163569	-0.0422689	-0.0010653	-0.00103345	-0.000785946	0.239025	0.313035	0.428699	-0.00130074	0.0566849	-0.00195329	-0.00683483	-0.00584266	-0.00090153	-0.0935373	-0.205252	-0.00400299	-0.00122154	-0.000545891	-0.144526	7.66707e-05	-0.475465	-0.012292	0.0694175	-0.000849734	-0.233759	-0.0470343	-0.0459603	-0.0167033	0.0804833	0.0299674	
0.194952	-0.0689558	-0.00600298	-0.0141924	-0.144124	-0.00918997	-0.00518143	-0.100475	0.0244696	-0.00849795	-0.000703951	-0.0710712	-0.0951212	0.0051656	0.058182	-0.0283226	-0.0554371	-0.151841	0.0226982	0.0193479	0.00571864	0.0516724	0.0395929	0.0334733	-0.023861	0.0652032	-0.0248076	-0.0552336	0.00853143	0.0381224	0.0262465	0.106919	-0.0696432	-0.0667817	-9.93291e-05	0.0740616	-0.00981944	-0.0533777	-0.00301538	0.00151478	0.00141411	-0.0424942	-0.110847	0.23388	0.323549	0.11779	0.0220367	-0.0179316	-0.14701	-0.063613	-0.0367133	-0.0228158	-0.00106319	-0.00102837	-0.000783134	0.238175	0.311906	0.4009	-0.0012934	0.088085	-0.0019494	-0.00682137	-0.0149413	-0.000899787	-0.0926611	-0.197306	-0.00399914	-0.00121914	-0.000544827	-0.129826	-0.000331098	-0.456082	-0.0129301	0.0715358	-0.000848108	-0.229355	-0.0729709	-0.0256189	-0.015631	0.0869225	0.0334451	
0.199921	-0.0522373	-0.00599055	-0.0141274	-0.100808	-0.00917809	-0.00516702	-0.109505	0.0248208	-0.00738473	-0.00644155	-0.0737655	-0.0876868	0.0269711	0.058063	-0.0387101	-0.054959	-0.150186	0.00201884	0.0103114	-0.00369248	0.0464289	0.0326268	0.0248348	-0.0158911	0.067894	-0.0246312	-0.0520508	0.00444774	0.0410513	0.0251847	0.107816	-0.0817721	-0.0662483	-9.91843e-05	0.066638	-0.0134081	-0.0496509	-0.00300952	0.00151469	0.00141396	-0.0525986	-0.119694	0.214732	0.304353	0.101725	0.0117223	-0.0180542	-0.138354	-0.0707388	-0.0493525	0.00598697	-0.00106108	-0.001025	-0.00262415	0.213489	0.282801	0.375467	-0.0012887	0.127181	-0.00194549	-0.00681322	-0.0155653	-0.000898049	-0.0819262	-0.19272	-0.00399527	-0.00121675	-0.000543766	-0.119034	-0.000760107	-0.434244	-0.0130238	0.0807276	-0.000846486	-0.222688	-0.0824276	0.00701039	-0.0132979	0.100903	0.0458007	
0.205106	-0.0346315	-0.005979	-0.0140849	-0.065236	-0.00916621	-0.00515449	-0.12215	0.0250623	-0.0120979	-0.00963176	-0.0739106	-0.0810922	0.0394805	0.0546643	-0.135848	-0.059634	-0.149967	-0.005472	0.00108462	-0.0132984	0.0387964	0.0256963	0.0161263	-0.00845627	0.0708694	-0.0231491	-0.0478397	0.000380189	0.0441352	0.0246091	0.109122	-0.0910162	-0.0664814	-9.91213e-05	0.0602452	-0.0136165	-0.0464416	-0.00300366	0.00151464	0.00141398	-0.0623952	-0.125542	0.195357	0.284308	0.0855123	0.00171498	-0.0176734	-0.128931	-0.0645063	-0.0505245	0.0422698	-0.00105898	-0.00102245	-0.00238458	0.197405	0.262232	0.350892	-0.00128526	0.140432	-0.0019416	-0.0068076	-0.0125335	-0.000896314	-0.107319	-0.188185	-0.00399139	-0.00121436	-0.000542706	-0.112389	-0.00107178	-0.409826	-0.0127537	0.0951811	-0.000844868	-0.212426	-0.0767684	0.0590132	-0.032589	0.0971424	0.0582724	
0.210075	-0.0169028	-0.00596799	-0.0140562	-0.0404759	-0.00915431	-0.00514312	-0.138114	0.0251879	-0.0142243	-0.0106007	-0.0727375	-0.0753248	0.043676	0.0509572	-0.152099	-0.0731879	-0.151623	-0.013991	-0.00834773	-0.023189	0.0324658	0.0187282	0.00729795	-0.00148387	0.0218591	-0.021124	-0.0431363	-0.00375437	0.0473682	0.0247274	0.110806	-0.0969854	-0.0674709	-9.88925e-05	0.0554589	-0.00909306	-0.0437541	-0.00299783	0.00151457	0.00141387	-0.0718773	-0.114359	0.17578	0.263632	0.069203	-0.00795521	-0.0172715	-0.119416	-0.0671703	-0.0602553	0.0667716	-0.0010568	-0.0010203	-0.00185066	0.190288	0.250831	0.326681	-0.00128242	0.200083	-0.0914293	-0.00680319	-0.00956503	-0.000894582	-0.103595	-0.182725	-0.00398751	-0.00121198	-0.000541649	-0.107736	-0.00116676	-0.38307	-0.0124658	0.106401	-0.000843253	-0.198473	-0.0793746	0.108999	-0.0400454	0.0799519	0.0684377	
0.215043	0.00108102	-0.00595732	-0.0140361	-0.0254422	-0.0091424	-0.00513247	-0.14596	0.0251954	-0.0139205	-0.00870554	-0.0703316	-0.0703077	0.0436647	-0.107309	-0.156018	-0.0955161	-0.154698	-0.0307886	-0.0180022	-0.0334091	0.0263845	0.0116804	-0.00168519	0.00510294	0.0190288	-0.01844	-0.0382779	-0.008041	0.050742	0.0249644	0.112825	-0.0979721	-0.0692101	-0.0012334	0.0519553	-0.00740595	-0.041569	-0.00299191	0.00151443	0.00141378	-0.0810264	-0.0968528	0.156028	0.242416	0.0528505	-0.0576924	-0.0174578	-0.110666	-0.0772411	-0.0767327	0.0582683	-0.0010548	-0.00101833	-0.00139179	0.185468	0.241949	0.302839	-0.0214437	0.16796	0.124913	-0.00679933	-0.0505039	-0.0056691	-0.0907672	-0.176292	-0.00398362	-0.0012096	-0.00117184	-0.103971	-0.00110314	-0.354648	-0.0125981	0.106047	-0.000841641	-0.180939	-0.0930863	0.102507	-0.0393398	0.0643515	0.0724642	
0.220012	0.019665	-0.00594685	-0.0140214	-0.0171937	-0.00913048	-0.00512227	-0.142172	0.0250749	-0.0118788	-0.00719508	-0.0643278	-0.0659319	0.0423366	-0.0734701	-0.151514	-0.119196	-0.158003	-0.0404263	-0.027902	-0.0440227	0.0199136	0.00448593	-0.0108959	0.0113967	0.0419413	-0.0119327	-0.0333641	-0.0125436	0.0542451	0.0253278	0.115126	-0.09316	-0.0716807	-0.0670424	0.0494166	-0.0280757	-0.0398575	-0.00298619	0.00151418	0.00141356	-0.0898547	-0.100356	0.136084	0.22069	0.0364913	-0.0227091	-0.0189047	-0.103442	-0.0855742	-0.0913472	0.0382147	-0.00105271	-0.00101645	-0.0115244	0.18149	0.233797	0.279266	-0.0189309	0.140698	0.213762	-0.00679575	-0.044942	-0.00632869	-0.0754928	-0.169175	-0.00397972	-0.00120723	-0.00109235	-0.100625	-0.00106297	-0.326235	-0.0136339	0.0933078	-0.000840033	-0.166685	-0.107437	0.0762666	-0.0333457	0.0519329	0.067121	
0.224981	0.0390559	-0.00593651	-0.01401	-0.012943	-0.00911854	-0.00511234	-0.12631	0.0248195	-0.00948745	-0.0151931	-0.0484286	-0.0621126	0.0403891	-0.0316194	-0.145132	-0.122679	-0.161466	-0.0453665	-0.038027	-0.0550438	0.0127639	-0.00287465	-0.0203698	0.0174735	0.0761447	0.00218395	-0.0247025	-0.0172865	0.0578657	0.0268123	0.11764	-0.0819967	-0.0748561	-0.0744826	0.0477341	-0.0301119	-0.0385878	-0.00298039	0.00151384	0.00141331	-0.0983659	-0.0855213	0.115948	0.198478	0.0201762	-0.0286047	-0.022269	-0.0980525	-0.0901239	-0.101765	0.0211512	-0.00105063	-0.00101462	-0.0111372	0.178602	0.226513	0.255755	0.0178829	0.136251	0.13222	-0.00679228	-0.0337569	-0.00474945	-0.14251	-0.161557	-0.00397581	-0.00120486	-0.000909913	-0.0975144	-0.00122803	-0.297804	-0.0160457	0.0681054	-0.000838428	-0.157421	-0.118127	0.0516323	-0.0280687	0.0411262	0.0551257	
0.229949	0.0594518	-0.00592624	-0.0140007	-0.0108295	-0.00910659	-0.00510259	-0.0943528	0.0244175	-0.0073658	-0.0180903	-0.0116732	-0.0200154	0.038555	0.0201263	-0.139648	-0.125319	-0.16542	-0.0433056	-0.0483788	-0.0664821	0.00535443	-0.0219187	-0.0301595	0.0234232	0.110648	0.05139	0.00537875	-0.0223746	0.061567	0.0300574	0.120285	-0.0630228	-0.0786831	-0.0303941	0.0466691	-0.0268818	-0.0138652	-0.0029746	0.00151346	0.00141291	-0.106565	-0.0703954	0.0955764	0.175805	0.00411316	-0.0438945	-0.0279681	-0.0937124	-0.093318	-0.109908	0.0104577	-0.00104855	-0.00101282	-0.00803665	0.176358	0.219687	0.232146	0.0697771	0.133222	0.169494	-0.0232942	-0.0274075	-0.00317356	-0.146127	-0.1535	-0.0039719	-0.0012025	-0.000751624	-0.0944944	-0.00170266	-0.268775	-0.0201353	0.0379001	-0.000836827	-0.151623	-0.126787	0.0339547	-0.0249608	0.031949	0.0426621	
0.234918	0.103257	-0.00627799	-0.0139925	-0.00979762	-0.00924185	-0.00509294	-0.0578287	0.0238548	-0.00570469	-0.018094	0.0628689	0.0648808	0.0365281	0.0821827	-0.136679	-0.13231	-0.171732	-0.0417868	-0.0589014	-0.078305	-0.00163869	-0.0212653	-0.0402747	0.0293188	0.125204	0.184389	0.124595	-0.0278818	0.0653283	0.0358355	0.12297	-0.038308	-0.0830898	0.018378	0.0459617	-0.0218791	0.0398806	-0.00296883	0.00151311	0.00141254	-0.114452	-0.0651693	0.0749868	0.152739	-0.0106944	-0.0549292	-0.0354115	-0.0880187	-0.0948141	-0.11575	0.00466436	-0.0010465	-0.00101102	-0.00508631	0.174179	0.212767	0.208357	0.0590941	0.131593	0.172121	-0.0215219	-0.0195568	-0.00308458	-0.131371	-0.145013	-0.00396797	-0.00120015	-0.000652271	-0.0914285	-0.0025027	-0.238283	-0.0254838	0.0140725	-0.000835229	-0.146109	-0.132885	0.0222601	-0.0231045	0.0249928	0.0328442	
0.240103	0.137572	-0.00724512	-0.0139851	-0.00929788	-0.00925467	-0.00508336	-0.0421673	0.0231265	-0.00597882	-0.0159531	0.0349074	0.00341762	0.034631	0.116582	-0.138121	-0.141152	-0.181068	-0.0429795	-0.0695563	-0.0904672	-0.00890258	-0.018847	-0.0507382	0.0352555	0.124992	0.0277031	0.0307089	-0.0338331	0.0690929	0.0439046	0.125585	-0.0269233	-0.0880009	-0.0189372	0.0448006	-0.0276643	-0.0010352	-0.00296309	0.00151276	0.00141221	-0.121986	-0.0568359	0.0541747	0.129336	-0.0114729	-0.0633961	-0.0422092	-0.0789587	-0.0947721	-0.119151	0.00150042	-0.00104441	-0.00100923	-0.00313781	0.171805	0.205474	0.184344	0.0645018	0.132876	0.165609	-0.0170597	-0.0419886	-0.00491678	-0.10968	-0.136088	-0.00396404	-0.00119779	-0.000594726	-0.0882164	-0.0035349	-0.205758	-0.0303811	0.00574539	-0.000833634	-0.137838	-0.136623	0.0146333	-0.0216805	0.0203077	0.0261994	
0.245071	0.157964	-0.00987617	-0.0139782	-0.00905531	-0.00922335	-0.00507382	-0.0506326	0.0222305	-0.00610916	-0.0134766	0.0169743	-0.0162142	0.0328851	0.109919	-0.144198	-0.150556	-0.180585	-0.0470505	-0.081075	-0.102889	-0.0170138	-0.0308192	-0.061523	0.0412974	0.124167	0.0197609	0.0164479	-0.0403074	0.0728318	0.0526603	0.128044	-0.0303103	-0.0933053	-0.0366116	0.0421862	-0.0268212	-0.0144352	-0.00295732	0.0015125	0.00141193	-0.129077	-0.0476142	0.0331695	0.105747	-0.0115237	-0.0710162	-0.0449324	-0.0663539	-0.0944871	-0.121236	-0.000394741	-0.00104235	-0.00100745	-0.00199301	0.169087	0.197698	0.160069	0.0767758	0.136146	0.162437	-0.0519006	-0.0358306	-0.00712069	-0.130457	-0.126706	-0.00396007	-0.00119545	-0.000563177	-0.084797	-0.00460593	-0.170953	-0.0323647	0.0150678	-0.000832043	-0.125208	-0.139108	0.00953124	-0.0181289	0.0171839	0.0217371	
0.25004	0.17323	-0.0126722	-0.0139716	-0.00893547	-0.00917735	-0.00506432	-0.100792	0.0212119	-0.00543318	-0.011288	0.04672	0.0149593	0.0314149	0.0906512	-0.153688	-0.160655	-0.179415	-0.0533829	-0.0930432	-0.115452	-0.0263886	-0.0426028	-0.0726101	0.0475958	0.123944	0.0629742	0.0536298	-0.047316	0.0764907	0.0594798	0.119702	-0.0607685	-0.0988106	-0.0338063	0.0375756	-0.0229493	0.00422045	-0.00295158	0.00151226	0.00141172	-0.135609	-0.0402767	0.0120237	0.0821101	-0.0747697	-0.056929	-0.0417342	-0.0505749	-0.0925979	-0.121018	-0.00154145	-0.00104029	-0.00100568	-0.00136673	0.165941	0.189382	0.135546	0.0867787	0.140311	0.157544	-0.0465861	-0.0262422	-0.00552361	-0.12218	-0.116852	-0.00395615	-0.0011931	-0.000546035	-0.0811416	-0.0057053	-0.134965	-0.0300962	0.0362282	-0.000830455	-0.109999	-0.139003	0.00608037	-0.0144353	0.0141055	0.0175136	
0.255009	0.194591	-0.0126803	-0.0139651	-0.00887338	-0.0091333	-0.00505483	-0.140319	0.0194898	-0.00458877	-0.00958623	0.135029	0.0774921	0.0299679	0.0727798	-0.164036	-0.172256	-0.184945	-0.0613491	-0.105067	-0.127987	-0.0346576	-0.0536864	-0.0839311	0.0539188	0.123122	0.144937	0.178751	-0.0549007	0.0799922	0.0645828	0.116474	-0.0822465	-0.104685	-0.00688688	0.0324023	-0.0184045	0.0480653	-0.00294586	0.00151205	0.00141155	-0.141018	-0.0814441	-0.00920369	0.058633	-0.0804679	-0.0428174	-0.0335882	-0.032102	-0.0908108	-0.120096	-0.00212773	-0.00103823	-0.0010039	-0.00103476	0.162253	0.180448	0.0772437	0.0953369	0.144797	0.143759	-0.0356046	-0.0557709	-0.0037239	-0.105291	-0.106543	-0.0039522	-0.00119072	-0.000536683	-0.0772355	-0.00721667	-0.0993952	-0.0242604	0.0602683	-0.000828871	-0.0963788	-0.138201	0.00376979	-0.0150452	0.00880908	0.010957	
0.259977	0.217477	-0.0115016	-0.0139587	-0.00883815	-0.00909528	-0.00504569	-0.161296	-0.00121157	-0.00387944	-0.00846203	0.0707738	0.0683049	0.0287771	0.0597589	-0.17272	-0.181645	-0.191298	-0.0704338	-0.117261	-0.140354	-0.0435509	-0.0600834	-0.0954317	0.0607763	0.122585	0.0652329	0.0853393	-0.0630214	0.0833139	0.0693806	0.117824	-0.0930145	-0.158743	-0.0143827	0.028154	-0.0156963	0.0374932	-0.00294015	0.00151191	0.00141143	-0.135829	-0.0689784	-0.030414	0.0356959	-0.0729837	-0.0319256	-0.0238906	-0.0127044	-0.0888416	-0.118183	-0.00228591	-0.00103619	-0.00100214	-0.000862924	0.15801	0.170945	0.012744	0.10438	0.149329	0.155861	-0.0803053	-0.0480573	-0.00657606	-0.0863599	-0.0712811	-0.00394823	-0.00118844	-0.000531427	-0.0730843	-0.00998021	-0.066779	-0.0172889	0.0759706	-0.00082729	-0.0889728	-0.136488	0.00226629	-0.0211345	-0.000901703	-9.27294e-05	
0.264946	0.236103	-0.0112985	-0.0139523	-0.00881525	-0.0090638	-0.00505025	-0.166318	-0.00293419	-0.00330016	-0.00761774	0.0615067	0.0783938	0.0278556	0.0510301	-0.178333	-0.187578	-0.195653	-0.0801563	-0.129512	-0.152145	-0.0530739	-0.0715707	-0.1029	0.0679153	0.122799	0.0775445	0.0958422	-0.0715494	0.0863688	0.0750897	0.12172	-0.0974138	-0.169217	-0.0041269	0.0254872	-0.0127889	0.0396551	-0.00293445	0.00151171	0.00141126	-0.114798	-0.0512706	-0.0514951	0.0139987	-0.0669834	-0.0242205	-0.0158324	0.00513966	-0.0862712	-0.114938	-0.00214774	-0.00103414	-0.00100037	-0.000775081	0.153136	0.160828	-0.00233566	0.113662	0.153629	0.163578	-0.0718622	-0.0355808	-0.00654372	-0.069581	-0.0302271	-0.00394426	-0.00118611	-0.000528244	-0.0686968	-0.0152192	-0.037036	-0.0114791	0.0742712	-0.000825713	-0.0883007	-0.133484	0.00133812	-0.0367893	-0.0161645	-0.0160691	
0.269915	0.261968	-0.0135208	-0.013946	-0.00879797	-0.00903785	-0.00551845	-0.161774	0.000119754	-0.00286786	-0.00701972	0.0422047	0.0626099	0.0271069	0.0453826	-0.18088	-0.190123	-0.197148	-0.0901706	-0.141663	-0.161826	-0.0629668	-0.0823917	-0.0930726	0.0754027	0.123453	0.0721928	0.0872463	-0.079644	0.0891343	0.0822115	0.126177	-0.0961189	-0.162321	-0.0066732	0.0239065	-0.0103213	0.0269619	-0.00292882	0.00151165	0.00141117	-0.096982	-0.036234	-0.0719166	-0.00466995	-0.059952	-0.0189366	-0.0104463	0.0193433	-0.0840479	-0.110987	-0.00182201	-0.0010321	-0.00099861	-0.000730753	0.147604	0.0862025	-0.0112464	0.122786	0.157512	0.16989	-0.0557222	-0.0425347	-0.00498947	-0.0560726	0.0072883	-0.00394028	-0.00118379	-0.000526309	-0.0640915	-0.0236123	-0.00720123	-0.00758494	0.0582135	-0.000824138	-0.0890488	-0.130161	0.000825822	-0.0537355	-0.0345292	-0.0340344	
0.275099	0.280749	-0.0181925	-0.0139396	-0.00878324	-0.00901615	-0.00751035	-0.15439	0.00347536	-0.00256041	-0.00660921	0.038661	0.0682017	0.0268772	0.0418052	-0.181309	-0.190344	-0.196498	-0.100364	-0.153579	-0.145851	-0.0728337	-0.0932566	-0.0947413	0.0832885	0.124211	0.0911793	0.103889	-0.0860612	0.0915601	0.0891825	0.127472	-0.0904204	-0.152352	0.00456531	0.0212116	-0.00840345	0.0266087	-0.00292309	0.00151144	0.00141099	-0.0831644	-0.0266876	-0.294221	-0.0122798	-0.0497655	-0.0154191	-0.0071891	0.0295105	-0.0807495	-0.105232	-0.00138509	-0.00103006	-0.000996852	-0.000708455	0.141412	0.110168	-0.0185536	0.131651	0.160839	0.162909	-0.071622	-0.033836	-0.00332017	-0.0459086	0.0321517	-0.00393629	-0.0011815	-0.000524747	-0.0592954	-0.0333299	0.0254067	-0.00522441	0.0418884	-0.000822568	-0.0863568	-0.125125	0.000623555	-0.054975	-0.0505401	-0.0493169	
0.280068	0.301731	-0.023401	-0.0209745	-0.00876967	-0.00899761	-0.00863827	-0.148528	0.00561239	-0.00234917	-0.00633581	0.0233805	0.0536462	0.0267558	0.0398482	-0.180747	-0.189448	-0.194813	-0.110663	-0.165087	-0.116064	-0.0798403	-0.104358	-0.0983575	0.0915517	0.124889	0.0790513	0.0879502	-0.0915593	0.0936019	0.0908571	0.119817	-0.0821994	-0.14671	0.0012518	0.013649	-0.00701815	0.0153742	-0.00291742	0.00151118	0.00141074	-0.0785646	-0.0211304	-0.208022	-0.0102439	-0.0397584	-0.0131253	-0.00516219	0.0371288	-0.0797947	-0.0985469	-0.000891548	-0.00102803	-0.000995098	-0.000697098	0.134552	0.0568973	-0.0316237	0.140167	0.16348	0.158019	-0.0602685	-0.0239065	-0.00741199	-0.0385977	0.0387434	-0.0039323	-0.00117917	-0.000523468	-0.0543398	-0.0396435	0.0638025	-0.00375359	0.0299984	-0.000821	-0.0757825	-0.122107	0.00065991	-0.0472774	-0.0576858	-0.0575382	
0.285037	0.32458	-0.0237236	-0.0221538	-0.00875661	-0.00898111	-0.00838688	-0.145595	0.00536425	-0.00220711	-0.00615689	0.0127769	0.0542773	0.026884	0.0389711	-0.179801	-0.188099	-0.192668	-0.120951	-0.176014	-0.102239	-0.0845258	-0.115511	-0.101916	0.0487041	0.125348	0.0895146	0.100956	-0.0978146	0.0952267	0.0783897	0.0983573	-0.07381	-0.147226	0.00914104	-0.00153624	-0.00605676	0.0118214	-0.00291178	0.00151088	0.00141047	-0.0697053	-0.0180263	-0.214624	-0.0102156	-0.031316	-0.0116555	-0.0037223	0.044185	-0.0765206	-0.0873573	-0.000381654	-0.001026	-0.000993348	-0.000691074	0.126571	0.0256924	-0.0514167	0.148202	0.165349	0.154073	-0.0449043	-0.050324	-0.00694537	-0.0335145	0.0407065	-0.00392829	-0.00117686	-0.000654973	-0.0492744	-0.0387383	0.107618	-0.00270912	0.0214017	-0.000819436	-0.0541682	-0.116466	0.000882115	-0.0371009	-0.0530245	-0.0576014	
0.290005	0.344118	-0.0208325	-0.0212751	-0.00874378	-0.00896616	-0.00769499	-0.145639	0.00270953	-0.00211292	-0.00604118	-0.00402402	0.0464561	0.0272657	0.0389318	-0.178283	-0.186174	-0.189865	-0.131754	-0.189945	-0.0845092	-0.0973896	-0.12652	-0.107408	-0.121522	0.125437	0.0814034	0.0921467	-0.104573	0.0964105	0.0471075	0.0657251	-0.0676529	-0.154009	0.00779709	-0.021648	-0.00540883	0.00401449	-0.00290615	0.0015106	0.0014102	-0.0604128	-0.0162346	-0.207925	-0.0109319	-0.0248612	-0.0107258	-0.0026201	0.0518604	-0.0746465	-0.0696337	0.00011059	-0.001024	-0.000991602	-0.000687617	-0.0361988	0.0490343	-0.0733448	0.155589	0.16635	0.149269	-0.086034	-0.04305	-0.00493526	-0.0300677	0.00800333	-0.00392428	-0.00117456	-0.00132692	-0.0441442	-0.030017	0.154009	-0.00191019	0.0164825	-0.000817875	-0.0165391	-0.112836	0.00124489	-0.0775353	-0.0342385	-0.0501683	
0.294974	0.346582	-0.0172363	-0.0196862	-0.00873105	-0.00895219	-0.00965914	-0.147341	-0.00235106	-0.00205088	-0.00596676	-0.014463	0.0454832	0.0278489	0.0394355	-0.175939	-0.18324	-0.186098	-0.142931	-0.283562	-0.069371	-0.112212	-0.137194	-0.115697	-0.0869073	0.125055	0.08603	0.100455	-0.111046	0.0971361	0.00815033	0.0403538	-0.0651885	-0.164236	0.0147022	-0.0398122	-0.00498037	0.000194053	-0.00290048	0.00151034	0.00140997	-0.0519641	-0.0151253	-0.204535	-0.010827	-0.0202281	-0.0101431	-0.00179458	0.0605988	-0.0713122	-0.0536621	0.000265455	-0.00102192	-0.000989859	-0.000685383	0.00270089	0.089066	-0.0942681	0.162193	0.166426	0.143672	-0.0763009	-0.0315732	-0.00316955	-0.0277746	0.0222301	-0.00392026	-0.00117227	-0.00472879	-0.0390083	-0.0172227	0.200163	-0.00131175	0.0132909	-0.000816318	0.0513345	-0.107069	0.000191375	-0.0764848	0.00926697	-0.037666	
0.299943	0.344877	-0.0369042	-0.0181656	-0.00871836	-0.00893888	-0.0129982	-0.145806	-0.00749758	-0.00200999	-0.00591888	-0.0182646	0.0586626	0.0286219	-0.061287	-0.173685	-0.180426	-0.182474	-0.15388	-0.24769	-0.0574589	-0.122149	-0.147264	-0.127781	-0.0409846	0.124139	0.0898284	0.128146	-0.116697	0.0974063	-0.0222834	0.0302593	-0.06618	-0.174793	0.0304399	-0.0516992	-0.00470073	0.00252109	-0.00289491	0.00151013	0.00140974	-0.0449503	-0.0143703	-0.203136	-0.0105973	-0.0170506	-0.00978033	-0.00119269	0.0714628	-0.0703379	-0.0399263	0.000841875	-0.00101995	-0.00098812	-0.000683726	0.0294188	0.0370388	-0.111508	0.167875	0.16553	0.137525	-0.0590279	-0.0558006	-0.00938104	-0.0262703	-0.0132319	-0.00391622	-0.00116998	-0.00595269	-0.0339275	-0.00652141	0.24317	-0.000875222	0.0189726	-0.000814725	0.526278	-0.104602	0.00118881	-0.0649285	0.0896791	-0.0255597	
0.304911	0.348616	-0.037827	-0.0169143	-0.00870567	-0.00892599	-0.0182508	-0.145885	-0.0109224	-0.00198279	-0.00588783	-0.0201523	0.0620776	0.0295502	-0.0691262	-0.174242	-0.180509	-0.181819	-0.164086	-0.23028	-0.0485786	-0.130985	-0.156166	-0.150006	0.00980595	0.122637	0.0840013	0.123578	-0.153286	0.0971909	-0.0374168	0.0267871	-0.0688641	-0.182372	0.042663	-0.0566659	-0.00451957	0.00266168	-0.00288931	0.00150992	0.00140957	-0.039317	-0.0138069	-0.205229	-0.0104108	-0.0149408	-0.00955519	-0.000682751	0.0853111	-0.0678345	-0.0292513	-0.0039523	-0.00101794	-0.000986384	-0.000682344	0.0427664	-0.00173469	-0.124276	0.172511	0.163637	0.130785	-0.067803	-0.0472809	-0.00770744	-0.0252938	-0.0858248	-0.0039122	-0.0011677	-0.00491476	-0.0289662	-0.000936606	0.279208	-0.000505771	0.039315	-0.000813213	1.02217	-0.100138	0.00145079	-0.0502708	0.116295	-0.0193751	
0.310096	0.343976	0.14898	-0.015967	-0.00869298	-0.00891336	-0.0305106	-0.145694	-0.0121593	-0.00196432	-0.00586736	-0.0335915	0.0117128	0.0304908	-0.0923109	-0.182042	-0.188169	-0.189019	-0.173213	-0.227381	-0.0419138	-0.15031	-0.17485	-0.152828	0.106507	0.120549	0.0643072	0.0643534	-0.149498	0.096528	-0.0330895	0.0393442	-0.0710511	-0.186332	0.0528713	-0.0561974	-0.00440241	-0.0220247	-0.00288373	0.00150968	0.00140935	-0.0415484	-0.0133546	-0.149652	-0.0102976	-0.0135731	-0.00941556	-0.000127125	0.100423	-0.0654546	-0.0215418	-0.00213243	-0.00101594	-0.000984652	-0.000681092	0.0436935	-0.00855012	-0.134313	0.175981	0.160746	0.123426	-0.0555784	-0.0345872	-0.00524509	-0.0246643	-0.0142097	-0.00390816	-0.00116542	-0.00343556	-0.0241886	0.000878967	0.306497	-0.000103929	0.0598281	-0.000811665	0.688644	-0.0960098	0.00270139	-0.0479611	-0.0259658	-0.0160419	
0.315065	0.337505	0.470878	-0.0152814	-0.00868033	-0.0089009	-0.0447591	-0.142632	-0.0101209	-0.00195138	-0.00585352	-0.0333426	0.0148554	-0.0250163	-0.105707	-0.199562	-0.205851	-0.206224	-0.181049	-0.229899	-0.0367903	-0.157247	-0.17037	-0.162732	0.235499	0.11789	0.0736258	0.0897092	-0.145417	0.095416	-0.00415315	0.066106	-0.0708938	-0.184539	0.0741004	-0.0526428	-0.00432626	-0.0226363	-0.00287815	0.00150941	0.00140909	-0.0388702	-0.0129725	-0.148837	-0.0103257	-0.0127021	-0.00932872	0.000464527	0.114312	-0.0656096	-0.0163115	0.00189249	-0.00101394	-0.000982924	-0.000679902	0.0466506	0.000224445	-0.143794	0.178212	0.15689	0.11552	-0.0406654	-0.0295544	-0.00424386	-0.02426	0.0595545	-0.00390411	-0.00116321	-0.00222579	-0.0196579	0.00112967	0.324842	0.000324011	0.0683657	-0.000810121	0.446492	-0.0955526	0.00365865	-0.0408679	-0.0861366	-0.0107578	
0.320033	0.333099	0.387248	-0.0148007	-0.00866757	-0.00888854	-0.0435803	-0.135968	-0.00515216	-0.0019419	-0.00584365	-0.0299142	0.0355362	-6.91654e-05	-0.0658411	-0.225484	-0.232081	-0.231808	-0.187489	-0.231665	-0.0327252	-0.155197	-0.175134	-0.170746	0.345087	0.114736	0.0695873	0.106429	-0.144084	0.0938797	0.0725941	0.094137	-0.0677318	-0.173942	0.0588232	-0.0476165	-0.00427607	-0.0157198	-0.00287259	0.00150911	0.00140881	-0.0346204	-0.0126402	-0.212596	-0.0111164	-0.0121546	-0.00927433	0.000997782	0.126509	-0.0592569	-0.0129198	0.00389391	-0.00101194	-0.000981199	-0.000678743	0.0489607	0.00894013	-0.154183	0.179144	0.152116	0.10717	-0.0418177	-0.0212367	-0.00330922	-0.0240004	0.0978409	-0.00390005	-0.00116087	-0.00144351	-0.0154364	0.00111253	0.33452	0.000710573	0.0741931	-0.00080858	0.32834	-0.0856278	0.00421962	-0.0319951	-0.0942932	-0.00296717	
0.325002	0.323964	0.350116	-0.0144709	-0.00865495	-0.00887625	-0.0371899	-0.125009	0.00514399	-0.00193458	-0.00583634	-0.0294338	0.0473287	0.0321643	-0.0216335	-0.256205	-0.262859	-0.261426	-0.192414	-0.231935	-0.029411	-0.158804	-0.18013	-0.172303	0.317479	0.111172	0.0598658	0.0839822	-0.144354	0.0919465	0.275454	0.118823	-0.0618428	-0.153515	0.0479161	-0.0409157	-0.0042422	-0.0126416	-0.00286704	0.00150881	0.00140853	-0.0302959	-0.0123469	-0.217314	-0.0196722	-0.0118138	-0.00923981	0.00136742	0.137689	-0.063092	-0.0107916	0.00378926	-0.00100995	-0.000979478	-0.000677599	0.0396593	0.00425738	-0.167205	0.178749	0.146505	0.0985083	-0.0362347	-0.0144369	-0.00260037	-0.0238331	0.0762984	-0.00389599	-0.00115861	-0.000988346	-0.0108141	0.00111343	0.339676	0.000979877	0.0825022	-0.000807043	0.228217	-0.085508	0.00437046	-0.0237648	-0.0823748	0.00244385	
0.329971	0.313532	0.362811	-0.0142482	-0.00864225	-0.00886398	-0.044629	-0.111211	0.0213944	-0.0019286	-0.00583059	-0.037356	0.0199574	0.0534752	0.0407831	-0.287557	-0.293672	-0.290237	-0.195511	-0.231116	-0.026651	-0.162349	-0.182939	-0.174734	0.28101	0.107254	0.0506096	0.0528454	-0.14407	0.089674	0.312635	0.138136	-0.0542096	-0.125414	0.0255212	-0.0315054	-0.00421847	-0.0255475	-0.00286151	0.00150852	0.00140826	-0.0266191	-0.0120867	-0.248556	-0.017944	-0.0116029	-0.00921746	0.00155172	0.147937	-0.0602712	-0.00948659	0.00280392	-0.00100796	-0.000977761	-0.000676463	0.0208646	-0.0129361	-0.183308	0.17705	0.14016	0.0896805	-0.0269696	-0.00991718	-0.00183575	-0.0237241	0.00483429	-0.00389191	-0.00115635	-0.000738886	0.00269414	0.001119	0.343689	0.00111547	0.0922706	-0.000805508	0.176376	-0.0817765	0.00422171	-0.026852	-0.0798419	-0.00683622	
0.33494	0.302964	0.368834	-0.0140992	-0.00862954	-0.00885173	-0.0408376	-0.0967578	0.0271082	-0.00192344	-0.00582566	-0.0606744	-0.0327616	0.0583085	0.165208	-0.314274	-0.319035	-0.274366	-0.196836	-0.229027	-0.0243161	-0.16382	-0.183971	-0.17729	0.263208	0.10305	0.0358494	0.0200116	-0.142696	0.0870781	0.210054	0.14856	-0.0462207	-0.0935325	-0.0144213	-0.0194438	-0.00420103	-0.0558183	-0.00285598	0.00150825	0.001408	-0.023678	-0.0118558	-0.257899	-0.0151249	-0.011473	-0.00920247	0.00161449	0.156368	-0.0563166	-0.00869919	0.00177999	-0.00100598	-0.000976047	-0.000675332	0.00392324	-0.03072	-0.199532	0.174083	0.133199	0.0808376	-0.0188844	-0.00918448	-0.00131134	-0.0236518	-0.0328639	-0.00388783	-0.0011541	-0.000606477	0.00618176	0.00112272	0.346063	0.00116273	0.101985	-0.000803977	0.16606	-0.0775328	0.00385764	-0.0255787	-0.0933665	-0.038092	
0.339908	0.291332	0.358638	-0.0139997	-0.00861683	-0.0121937	-0.0339516	-0.083988	0.0220912	-0.0019188	-0.00582134	-0.0579396	-0.0455948	0.0550083	0.206579	-0.331748	-0.334385	-0.169875	-0.196489	-0.225254	-0.022317	-0.163647	-0.183607	-0.178098	0.241841	0.0986824	0.0435945	0.0249306	-0.140412	0.0842126	0.10575	0.141017	-0.0392884	-0.059827	-0.0210098	-0.00735758	-0.00418745	-0.0603228	-0.00285047	0.001508	0.00140775	-0.0213843	-0.0116518	-0.262021	-0.0266307	-0.0113927	-0.00919193	0.00162444	0.161971	-0.0528923	-0.00822944	0.000937819	-0.001004	-0.000974336	-0.000674398	-0.00290552	-0.039445	-0.210891	0.169926	0.125758	0.0721326	-0.0247784	0.214907	-0.00199654	-0.0236025	-0.0321617	-0.00388374	-0.00115185	-0.000537742	0.00136734	0.00112382	0.345448	0.00117101	0.112194	-0.000802449	0.190882	-0.0737011	0.00333165	-0.0215682	-0.103871	-0.0761472	
0.345093	0.278576	0.344802	-0.0139332	-0.0086041	-0.0536259	-0.0285412	-0.0746272	0.0148237	-0.00191446	-0.00581735	-0.0450875	-0.0376775	0.050396	0.184605	-0.288885	-0.308601	-0.13304	-0.194522	-0.219973	-0.0205897	-0.162144	-0.181644	-0.17682	0.219943	0.0942154	0.0484031	0.0401228	-0.137408	0.0811285	0.0732374	0.119044	-0.034346	-0.0347741	-0.0100193	-0.000394327	-0.00417625	-0.0507749	-0.00284497	0.00150776	0.00140748	-0.0195982	-0.0114728	-0.222661	-0.0231821	-0.011343	-0.00918408	0.00162222	0.16466	-0.0496982	-0.00795128	0.000203385	-0.00100199	-0.000972629	-0.00105123	0.00111435	-0.0375487	-0.214145	0.164687	0.117983	0.0637135	0.310649	0.189737	-0.00262722	-0.0235676	-0.0166789	-0.00387965	-0.0011496	-0.000502446	-0.0026106	0.00112384	0.34292	0.00116966	0.11949	-0.000800925	0.24107	-0.0695159	0.00267431	-0.0167781	-0.0888071	-0.0997853	
0.350062	0.264805	0.331082	-0.0138881	-0.0091294	-0.0623426	0.189288	-0.0690725	0.00121628	-0.00191032	-0.00581355	-0.0330847	-0.0250265	0.0469887	0.146574	-0.182766	-0.203377	-0.10627	-0.190975	-0.213274	-0.0190865	-0.159213	-0.177943	-0.173573	0.202758	0.0897303	0.0447732	0.0479868	-0.133799	0.077856	0.0604199	0.0941758	-0.031516	-0.012444	0.00575355	-0.00376574	-0.00416657	-0.0394678	-0.00283948	0.00150753	0.00140735	-0.0181926	-0.0113174	-0.179688	-0.0184139	-0.0113117	-0.00917787	0.00162013	0.166445	-0.0467174	-0.0077872	-0.000518661	-0.00100006	-0.000970926	-0.00365436	0.0134096	-0.0269503	-0.208916	0.158496	0.110022	0.0557238	0.132198	0.147144	0.0687919	-0.0235416	0.00551657	-0.00387555	-0.00114736	-0.000484424	-0.00359403	0.0011237	0.340648	0.00116812	0.120657	-0.000799404	0.25769	-0.0657505	0.00190816	-0.012625	-0.0754502	-0.0989597	
0.35503	0.250023	0.31605	-0.013857	-0.0163732	-0.0581121	0.240604	-0.0662036	-0.00825792	-0.0019063	-0.00580987	-0.0289443	-0.0193635	0.0448848	0.11439	-0.16943	-0.181512	-0.0941939	-0.185916	-0.205245	-0.0177699	-0.154783	-0.172555	-0.168928	0.189349	0.0852861	0.0393685	0.042853	-0.129652	0.0744545	0.0670422	0.0782885	-0.0301386	-0.0304089	0.00896698	-0.0161098	-0.00415762	-0.0335913	-0.00283394	0.00150729	0.00140711	-0.017067	-0.0111845	-0.144187	-0.0455908	-0.0112916	-0.0091727	0.00161939	0.166813	-0.0431111	-0.00769038	-0.00127966	-0.000998094	-0.00114307	-0.00994217	0.0349147	-0.0064785	-0.196513	0.151486	0.102022	0.0482764	0.151894	0.15332	0.150017	-0.023521	0.0592657	-0.00387143	-0.00114513	-0.000475134	-0.00271789	0.00112366	0.335876	0.00116749	0.129648	-0.000797886	0.245304	-0.0613918	0.00105191	-0.00943842	-0.0672322	-0.0865619	
0.359999	0.234298	0.298993	-0.0138348	-0.0191244	-0.0488965	0.155872	-0.0641522	-0.00881991	-0.00190235	-0.00580625	-0.0247574	-0.0133666	0.0436351	0.0922982	-0.165811	-0.17727	-0.0898392	-0.179441	-0.196	-0.0166111	-0.148905	-0.165583	-0.162811	0.177444	0.0809689	0.0379619	0.0387473	-0.125016	0.0709348	0.0711974	0.0649198	-0.0292321	-0.0583279	0.0152402	-0.0304111	-0.00414929	-0.0276917	-0.00282854	0.00150707	0.0014069	-0.0161465	-0.011073	-0.118105	-0.0390985	-0.0112783	-0.00916798	0.00161915	0.165597	-0.0390979	-0.00763291	-0.00209292	-0.000996135	-0.00474657	-0.0152315	0.0611373	0.0207255	-0.179091	0.143832	0.094131	0.0144159	0.157097	0.149997	0.116344	-0.0235039	0.101895	-0.00386733	-0.0011429	-0.000470179	-0.00139577	0.00112367	0.329463	0.00116728	0.146836	-0.000796371	0.201099	-0.0571081	0.000127333	-0.00715987	-0.0623789	-0.0794112	
0.364968	0.217712	0.280331	-0.0138183	-0.0162707	-0.0674649	0.164304	-0.0612788	-0.0045104	-0.00189846	-0.00580266	-0.0222823	-0.0134357	0.0428254	0.0776806	-0.157666	-0.169509	-0.0850231	-0.171671	-0.185675	-0.0155866	-0.141674	-0.157117	-0.15499	0.166099	0.0768044	0.0356293	0.033892	-0.119901	0.0673511	0.0596952	0.0518462	-0.0279177	-0.0637717	0.0164763	-0.0404736	-0.00414122	-0.0258261	-0.00282309	0.00150685	0.00140669	-0.0153776	-0.0109821	-0.11325	-0.029105	-0.0112689	-0.00916367	0.00161896	0.165042	-0.0352752	-0.00759831	-0.00296819	-0.000994178	-0.0116277	-0.0118487	0.0840108	0.0482285	-0.158693	0.135685	0.0864746	-0.0152194	0.147026	0.13894	0.0971385	-0.0234888	0.111251	-0.00386318	-0.00114068	-0.000467343	-0.000393431	0.00112363	0.322296	0.00116714	0.162707	-0.00079486	0.175936	-0.0532638	-0.000837259	-0.00559736	-0.0580596	-0.0736353	
0.369936	0.20036	0.260487	-0.0138055	-0.0132017	-0.0649261	0.160313	-0.0568651	0.000875264	-0.00189459	-0.00579909	-0.0191818	-0.0109693	0.0423941	0.0676614	-0.143234	-0.154743	-0.0788035	-0.162737	-0.174445	-0.0146773	-0.133201	-0.147289	-0.146003	0.154825	0.0728411	0.0330803	0.0310519	-0.114321	0.0637077	0.0420112	0.0424296	-0.0258123	-0.046557	0.0201569	-0.0443732	-0.00413348	-0.0226861	-0.00281765	0.00150663	0.00140649	-0.0147227	-0.0109113	-0.127996	-0.020788	-0.011262	-0.00915957	0.00161875	0.165727	-0.0307008	-0.00757693	-0.00391693	-0.000992227	-0.0195865	-0.0077611	0.0919191	0.0655078	-0.137032	0.127208	0.0514016	0.0241818	0.134215	0.114817	0.0840999	-0.023475	0.121697	-0.00385905	-0.00113846	-0.00046557	0.0176014	0.00112346	0.312467	0.00116699	0.182963	-0.000793351	0.16146	-0.0489646	-0.00180025	-0.00455679	-0.0527672	-0.0673637	
0.374905	0.182414	0.239682	-0.0137949	-0.0110601	-0.0561076	0.145133	-0.0515636	0.00500538	-0.00189075	-0.00579552	-0.0185569	-0.0114725	0.0421368	0.0607264	-0.127549	-0.138398	-0.0759675	-0.152785	-0.162504	-0.0138676	-0.123613	-0.136431	-0.136243	0.143176	0.0690869	0.0294005	0.0256588	-0.104131	0.0600416	0.0305617	0.037568	-0.0232589	-0.0213828	0.0188587	-0.0433008	-0.0041258	-0.0218006	-0.00281222	0.00150641	0.00140629	-0.0141559	-0.0108601	-0.134834	-0.0157072	-0.0112565	-0.00915558	0.00161853	0.166829	-0.0260667	-0.00756317	-0.00495031	-0.000990279	-0.0166093	-0.00467817	0.0868959	0.070044	-0.115698	0.118568	0.065116	0.039942	0.115242	0.0947154	0.0721806	-0.0234619	0.107725	-0.00385491	-0.00113624	-0.000464204	0.042452	0.00112312	0.298831	0.00116683	0.218618	-0.000791846	0.150745	-0.0451018	-0.00269251	-0.00387825	-0.0466023	-0.060274	
0.38009	0.164012	0.2181	-0.0137856	-0.00981177	-0.0454096	0.130037	-0.047721	0.00544379	-0.00188693	-0.00579195	-0.0166565	-0.0101225	0.0419731	0.0558717	-0.1161	-0.127158	-0.0762319	-0.141972	-0.145948	-0.0131443	-0.104853	-0.11354	-0.106994	0.130874	0.0655582	0.0275886	0.0229163	-0.0701856	0.0563686	0.0263275	0.0353852	-0.0214465	-0.00992968	0.0202915	-0.0395971	-0.00411819	-0.0196531	-0.0028068	0.00150618	0.00140607	-0.0136591	-0.0108281	-0.11544	-0.0135714	-0.0112519	-0.00915167	0.00161827	0.167857	-0.0212634	-0.00755378	-0.00608258	-0.000988336	-0.0113518	-0.0170236	0.0797151	0.0684003	-0.0955498	0.109897	0.0811231	0.00388894	0.125601	0.128691	0.0460157	-0.0247765	0.0424625	-0.00385077	-0.00113407	-0.000463194	0.0468513	0.00112268	0.28276	0.00116666	0.242207	-0.000790343	0.13292	-0.0414173	-0.00339274	-0.0034427	-0.0404859	-0.053184	
0.385058	0.145302	0.195952	-0.0137773	-0.00913243	-0.0356596	0.115592	-0.0490762	-0.000309089	-0.00188311	-0.00578837	-0.0171367	-0.0103956	0.0418429	0.0524399	-0.108758	-0.120416	-0.0746144	-0.115887	-0.136021	-0.0124964	-0.0899877	-0.10466	-0.0997779	0.11785	0.0622466	0.024017	0.0182811	-0.0684529	0.0527093	0.0238399	0.0343498	-0.0222515	-0.0271832	0.0181278	-0.0348694	-0.00411063	-0.0187171	-0.00280149	0.00150591	0.00140582	-0.0132196	-0.0108149	-0.0729874	-0.0120043	-0.0112477	-0.00914778	0.00161812	0.168139	-0.016079	-0.00754688	-0.00732603	-0.000986395	-0.0168812	-0.0142605	0.0710532	0.0587942	-0.0766686	0.10135	0.0704641	0.00110572	0.108831	0.107428	0.082827	-0.034127	0.0297877	-0.00384661	-0.00113183	-0.000462205	0.0356116	0.00112222	0.264406	0.00116651	0.250385	-0.000788843	0.108896	-0.0376495	-0.00366573	-0.00316623	-0.0353835	-0.0471821	
0.390027	0.126364	0.173408	-0.0137695	-0.00877515	-0.0276632	0.100618	-0.0588766	-0.0121982	-0.00187931	-0.00578479	-0.0151735	-0.0099176	0.0417026	0.0499463	-0.102388	-0.114592	-0.0756661	-0.0952077	-0.121602	-0.0119148	-0.0847823	-0.0955143	-0.0913372	0.104079	0.0591235	0.023289	0.0172176	-0.0636591	0.0209447	0.0211312	0.035528	-0.0275318	-0.0899935	0.0182181	-0.0291375	-0.0041031	-0.0174064	-0.002796	0.00150561	0.00140561	-0.0128284	-0.0108146	-0.0449031	-0.0110655	-0.0112439	-0.00914391	0.00161795	0.167075	-0.0109301	-0.0075414	-0.00869298	-0.000984548	-0.0131211	-0.00970631	0.0601775	0.047067	-0.058216	0.0930215	0.0585292	0.00690609	0.0976307	0.0914045	0.0873759	-0.0889565	0.0367535	-0.00384245	-0.00112963	-0.000461212	0.011295	0.00112184	0.244913	0.00116639	0.261229	-0.000787345	0.0820849	-0.0342012	-0.00301038	-0.00299193	-0.0318071	-0.0428564	
0.394996	0.107447	0.15071	-0.0137621	-0.00858808	-0.0215673	0.085415	-0.0768041	-0.0262331	-0.00187548	-0.00578118	-0.0206024	-0.0203262	0.0415308	0.0480501	-0.0966454	-0.109319	-0.0803999	-0.0785514	-0.0985574	-0.0113917	-0.0720505	-0.0804377	-0.0780237	0.0897139	0.0392839	0.0187258	0.0099315	-0.0546754	0.0295199	0.017098	0.0381461	-0.0377658	-0.136781	0.0163894	-0.0223394	-0.00409559	-0.0225742	-0.00279063	0.00150526	0.00140518	-0.012479	-0.0108165	-0.0284837	-0.0105383	-0.0112402	-0.00914005	0.00161784	0.1635	-0.00559282	-0.00753671	-0.010195	-0.000982532	-0.00875284	-0.00585216	0.0542861	0.0415182	-0.039389	0.0850436	0.0525206	0.00811076	0.0879207	0.0819006	0.0697537	-0.122622	0.0309306	-0.00383828	-0.00112738	-0.00046037	-0.00682423	0.00112154	0.224948	0.00116629	0.27742	-0.000785849	0.0546945	-0.0309851	-0.00283584	-0.00288227	-0.0297336	-0.0402684	
0.399964	0.0886697	0.128048	-0.0137548	-0.00848873	-0.0171382	0.0702067	-0.0979236	-0.0364689	-0.00187173	-0.00577757	-0.014391	-0.0141449	0.0413098	0.0465196	-0.0916341	-0.105104	-0.0865389	-0.0623379	-0.0791515	-0.0109205	-0.0575745	-0.0665184	-0.0652973	0.0748416	0.0324095	0.0195937	0.0134932	-0.0460334	0.0255016	0.0123296	0.0409943	-0.0507473	-0.157189	0.0150328	-0.0148125	-0.00408809	-0.0181051	-0.00278526	0.00150492	0.00140489	-0.0121665	-0.010815	-0.0200478	-0.0102646	-0.0112367	-0.00913618	0.00161769	0.158556	-0.000344533	-0.00753248	-0.0118401	-0.000980607	-0.0161092	-0.0160121	0.0513412	0.0394705	-0.0201137	0.077494	0.0485571	0.00877592	0.0781264	0.0726397	0.056296	-0.119761	0.0206684	-0.0038341	-0.00112525	-0.000459345	-0.00957623	0.00112133	0.20368	0.00116618	0.295276	-0.000784356	0.0286225	-0.0279519	-0.0028261	-0.00281303	-0.0288545	-0.0391002	
0.404933	0.0701843	0.105635	-0.0137476	-0.00843366	-0.0140343	0.055139	-0.115998	-0.0385544	-0.00186795	-0.00577399	-0.0107686	-0.0111857	0.0410307	0.0452105	-0.0862376	-0.100642	-0.0924451	-0.0446289	-0.0619153	-0.0104955	-0.0428719	-0.0523934	-0.0532751	0.0596468	0.0273969	0.0174062	0.0124381	-0.0380685	0.0244606	0.0078078	0.0431853	-0.0625485	-0.160212	0.011894	-0.00719966	-0.00408061	-0.0158976	-0.0027799	0.0015047	0.00140464	-0.011887	-0.0108118	-0.015883	-0.0101261	-0.0112332	-0.00913231	0.00161754	0.152918	0.00484251	-0.0075285	-0.0136379	-0.000978684	-0.012885	-0.0131446	0.0495125	0.0390439	-0.000752971	0.0704455	0.0447188	0.00989605	0.0687599	0.0632942	0.0463209	-0.104463	0.00669877	-0.00382992	-0.00112306	-0.000458553	-0.00446058	0.00112116	0.18206	0.00116607	0.312878	-0.000782865	0.00459022	-0.0252399	-0.00282762	-0.00276881	-0.0287553	-0.0388487	
0.409902	0.0521432	0.0836743	-0.0137405	-0.00840059	-0.0119161	0.0403563	-0.126401	-0.0336793	-0.00186419	-0.00577038	-0.00847083	-0.00933061	0.0406864	0.0440357	-0.0788184	-0.0934446	-0.0965418	-0.0279746	-0.0436777	-0.0101118	-0.028574	-0.0375773	-0.0411374	0.0443346	0.0264425	0.0154748	0.0104935	-0.0297223	0.0248923	0.00417644	0.0436023	-0.0698419	-0.149339	0.0106748	-0.000418516	-0.00407313	-0.0140721	-0.00277456	0.00150478	0.00140483	-0.0116376	-0.0108083	-0.0138876	-0.0100567	-0.0112297	-0.00912842	0.00161738	0.14564	0.0106103	-0.00752465	-0.0155892	-0.000976767	-0.00868335	-0.00885566	0.0490934	0.040269	0.0182964	0.0639602	0.0414773	0.0146296	0.0600676	0.0549444	0.0147236	-0.106737	-0.00296902	-0.00382573	-0.00112088	-0.000457678	-0.00141392	0.00112101	0.160044	0.00116595	0.330034	-0.000781376	-0.0176745	-0.0222766	-0.00282662	-0.00273998	-0.0289779	-0.038983	
0.415086	0.0346655	0.062392	-0.0137335	-0.00837822	-0.0104989	0.0260285	-0.128104	-0.0249105	-0.00186042	-0.00576674	-0.00815025	-0.00973844	0.0403306	0.0429443	-0.069172	-0.0833163	-0.0983685	-0.0111187	-0.0256567	-0.00976525	-0.014747	-0.023093	-0.0291587	0.0291152	0.0296184	0.0135301	0.00825015	-0.021462	0.026659	0.00141706	0.0408581	-0.070786	-0.12727	0.0078483	0.00444251	-0.00406567	-0.0137129	-0.00276923	0.00150531	0.00140527	-0.0114158	-0.0108048	-0.0129361	-0.0100211	-0.0112263	-0.00912453	0.00161725	0.138524	0.0152941	-0.00752088	-0.0176955	-0.000974854	-0.0124279	-0.0147348	0.0496651	0.0426651	0.0365997	0.0580836	0.039153	0.0112417	0.0520561	0.0347315	0.00776989	0.128373	-0.0134865	-0.00382153	-0.00111871	-0.000456811	-0.00605484	0.00112087	0.137842	0.00116586	0.346569	-0.000779888	-0.0390327	-0.0206219	-0.00282432	-0.00272055	-0.0292102	-0.0391284	
0.420055	0.0179153	0.0420397	-0.0137264	-0.00836093	-0.00956409	0.01237	-0.100268	-0.0116342	-0.00185667	-0.00576307	-0.00774547	-0.00982262	0.0398096	0.0419073	-0.0577927	-0.0717003	-0.0985536	0.00309255	-0.00938662	-0.00945229	-0.00212851	-0.0093664	-0.018002	0.0142207	0.0298844	0.012285	0.00715243	-0.0139119	0.0249786	-0.00126	0.0347397	-0.0657295	-0.0973978	0.00680002	0.00677222	-0.00405821	-0.0131378	-0.0027639	0.00150586	0.00140581	-0.0112198	-0.0108013	-0.0124864	-0.0100017	-0.0112228	-0.00912063	0.00161711	0.130511	0.0208048	-0.00751714	-0.0199506	-0.000972945	-0.0100801	-0.0114787	0.0503897	0.0450236	0.0536704	0.0528478	0.033872	0.0135739	0.0447473	0.0177151	0.0121121	0.320777	-0.0147928	-0.00381732	-0.00111654	-0.000455943	-0.00785743	0.00112084	0.115519	0.00116576	0.362029	-0.000778401	-0.0594695	-0.0184643	-0.00282174	-0.00270682	-0.0292764	-0.0390746	
0.425024	0.00202123	0.0229625	-0.0137193	-0.00834603	-0.00895359	-0.000247038	-0.0635343	0.00263814	-0.00185292	-0.00575939	-0.00798683	-0.0106707	0.0392481	0.0409068	-0.0458648	-0.0600533	-0.0982205	0.0112122	0.00462283	-0.00916979	0.0126112	0.00541663	-0.00658546	-0.000136106	0.0362329	0.0106582	0.00564105	-0.0063534	0.0267331	-0.00426513	0.0250839	-0.0571463	-0.0640918	0.00385627	0.00655846	-0.00405075	-0.0132805	-0.00275859	0.00150488	0.00140492	-0.0110479	-0.0107979	-0.012275	-0.00998985	-0.0112194	-0.00911672	0.00161693	0.121713	0.0264928	-0.00751342	-0.0223384	-0.000971027	-0.00682797	-0.00754498	0.0521133	0.0484888	0.0698549	0.0482646	0.0146509	0.0153943	0.0332471	0.0176491	0.0134583	0.237343	-0.0201539	-0.00381311	-0.00111437	-0.000455078	-0.0127631	0.00112072	0.0933047	0.00116563	0.352481	-0.000776916	-0.078815	-0.0164266	-0.00281926	-0.00269656	-0.0291066	-0.038739	
0.429992	-0.0128351	0.00571822	-0.0137123	-0.00833222	-0.00855711	-0.00966905	-0.0432238	0.0115451	-0.00184919	-0.00575572	-0.00715946	-0.0102606	0.0386177	0.0399331	-0.034482	-0.0490822	-0.0977642	0.0184873	0.0166438	-0.00891505	0.0267321	0.0200816	0.00461678	-0.0137164	0.0426062	0.00990142	0.00537034	0.0011497	0.0285505	-0.00768497	0.0129758	-0.0483344	-0.0372583	0.00303408	0.00459925	-0.00404335	-0.0124362	-0.0027533	0.00150628	0.00140588	-0.0108987	-0.0107944	-0.0121761	-0.00998156	-0.0112159	-0.00911279	0.00161668	0.114618	0.0315278	-0.0075097	-0.0248369	-0.000969113	-0.00440466	-0.00482511	0.0547423	0.0531448	0.0854894	0.0443398	0.0133634	0.00512027	0.0259989	0.00961574	0.0051115	0.240327	-0.0401037	-0.00380889	-0.00111221	-0.000454215	-0.0292627	0.00112058	0.071685	0.00116545	0.284438	-0.000775439	-0.0969974	-0.0152249	-0.00281687	-0.00268838	-0.0287021	-0.0381244	
0.434961	-0.0264999	-0.008271	-0.0137052	-0.00831892	-0.00829998	-0.00709982	-0.0391321	0.0119464	-0.00184545	-0.00575203	-0.00736602	-0.0111961	0.0379176	0.0389808	-0.0245154	-0.0392711	-0.097205	0.0303736	0.0281485	-0.00868572	0.0361086	0.0314493	0.0145288	-0.0262967	0.0406974	0.00857412	0.0041503	0.00768821	0.0250012	-0.0118788	0.00128632	-0.0416684	-0.0299793	0.000367677	0.00231503	-0.00403578	-0.0126621	-0.00274801	0.0012944	0.00121476	-0.0107711	-0.0107931	0.0233375	-0.0099749	-0.0112125	-0.00910885	0.00161634	0.110851	0.0368288	-0.00750597	-0.0274161	-0.000967244	-0.00277012	-0.00291195	0.0582955	0.0593342	0.101136	0.0410506	0.00252644	-0.0159041	0.0195546	-0.00633725	-0.0104497	-0.0848869	-0.0757623	-0.00380466	-0.00111005	-0.000453355	-0.057591	0.00112042	0.050959	0.00116521	0.285453	-0.000773966	-0.114027	-0.0139322	-0.00281453	-0.00268145	-0.0281285	-0.0373095	
0.43993	-0.0387814	-0.0101196	-0.013698	-0.00830585	-0.00813261	-0.00711949	-0.0422226	0.00591017	-0.00184171	-0.00574834	-0.00626334	-0.0102847	0.0371418	0.0380467	-0.0163811	-0.0308895	-0.0963862	0.042189	0.0377926	-0.00847978	0.0438465	0.0403199	0.0233431	-0.0376721	0.034565	0.0082178	0.00421678	0.0129407	0.01888	-0.0167283	-0.00491245	-0.0377928	-0.042614	-2.71649e-05	0.00107156	-0.00402838	-0.0115362	-0.00274274	0.000276701	0.00027039	-0.0106641	-0.0107893	0.12	-0.00996897	-0.0112104	-0.0091049	0.00161592	0.108839	0.0423268	-0.00750224	-0.0300353	-0.000965352	-0.0017985	-0.00175015	0.0615186	0.064918	0.115813	0.0383747	0.00138111	-0.0236167	0.0228453	-0.0105843	-0.0174939	-0.0500742	-0.0957623	-0.00380043	-0.0011079	-0.000452496	-0.0725307	0.00112024	0.031125	0.00116491	0.320773	-0.000772496	-0.129164	-0.0127397	-0.00281221	-0.0027341	-0.0274812	-0.0364064	
0.445114	-0.0494818	-0.0101521	-0.0136909	-0.00829287	-0.00802256	-0.00702237	-0.0460314	-0.0020897	-0.00183795	-0.00574455	-0.00695023	-0.0117367	0.036257	0.0371304	-0.00979775	-0.0237104	-0.0949914	0.0562425	0.0486333	-0.00829549	0.0493657	0.0465094	0.0299833	-0.0476457	0.0270587	0.00721245	0.00310193	0.0167701	0.0121819	-0.0207685	-0.0045998	-0.0361845	-0.0617446	-0.00242046	0.00191937	-0.00402098	-0.0121574	-0.00273747	-0.00134764	-0.00124641	-0.0105771	-0.0107852	0.116106	-0.00996338	-0.0116016	-0.00910094	0.00161554	0.107147	0.0475304	-0.0074985	-0.0326363	-0.000963465	-0.00125577	-0.00109481	0.0630604	0.0673418	0.12741	0.0362552	0.00881282	-0.0203817	0.0229059	-0.00697731	-0.018192	-0.0034205	-0.0991888	-0.00379619	-0.00110576	-0.000451639	-0.0722415	0.00112003	0.0123009	0.00116466	0.34764	-0.000771029	-0.141457	-0.0117585	-0.00280986	-0.00363158	-0.0268146	-0.035481	
0.450083	-0.0583992	-0.0100841	-0.0136837	-0.00827994	-0.00794886	-0.00704458	-0.0481085	-0.00828444	-0.0018343	-0.00574085	-0.00144883	-0.00440502	0.0353593	-0.00705872	-0.00456458	-0.017628	-0.0929916	0.0699147	0.059049	-0.00813123	0.053189	0.0504919	0.0347899	-0.0560229	0.0196576	0.00853431	0.00601909	0.0190397	0.00565143	-0.0219155	-0.00206263	-0.0357797	-0.0759802	0.00346572	0.00555704	-0.00401358	-0.00646091	-0.00273222	-0.00276274	-0.00257342	-0.0105094	-0.0108112	0.118985	-0.00995792	-0.0163272	-0.00909728	0.00161536	0.104868	0.0527645	-0.00749475	-0.0351488	-0.000961581	-0.000964946	-0.000743507	0.0672951	0.0734171	0.139622	0.0346441	0.0593838	-0.0125797	0.0144474	-0.00918474	-0.0201613	0.041066	-0.0958957	-0.00379194	-0.00110362	-0.000450783	-0.0696289	0.00111981	-0.00555777	0.00116457	0.361698	-0.000769751	-0.151091	-0.010812	-0.0028075	-0.00892981	-0.0261022	-0.0345034	
0.455052	-0.0655172	-0.0100864	-0.0136765	-0.00826703	-0.00789808	-0.00703974	-0.0486586	-0.0120042	-0.0018306	-0.00573718	0.00516391	0.0051367	-0.025817	-0.044067	-0.000797832	-0.012792	-0.0907193	0.0768333	0.0715639	-0.00798579	0.0572494	0.0536509	0.0372943	-0.0626718	0.0129183	0.00898664	0.00781168	0.0179397	-0.000589257	-0.0208741	0.000626988	-0.0359893	-0.083622	0.01156	0.0111823	-0.00400617	0.000738959	-0.00272698	-0.00361739	-0.00337792	-0.0104605	-0.0125488	0.132717	-0.0101069	-0.0256857	-0.00911395	0.00161551	0.10176	0.0578883	-0.00749099	-0.0375041	-0.000959702	-0.000812897	-0.000560484	0.0744854	0.0828574	0.15255	0.0334668	0.0217473	-0.00262306	0.0231971	0.00162758	-0.0231831	0.0830224	-0.0910278	-0.00378768	-0.00110148	-0.00044993	-0.0656684	0.00111957	-0.0219592	0.00116472	0.358394	-0.000768288	-0.158276	-0.0099647	-0.00280514	-0.0161574	-0.0252697	-0.0333826	
0.460021	-0.0749331	-0.0100943	-0.0136693	-0.00825412	-0.00786168	-0.00703463	-0.0492201	-0.0152735	-0.00182691	-0.00573343	0.00289713	0.00269474	-0.00203036	-0.0215409	0.00101705	-0.00962334	-0.0887079	0.0712292	0.0856506	-0.00785799	0.0612872	0.0558972	0.0365684	-0.067441	0.00681797	0.0070979	0.00417934	0.0130293	-0.00632215	-0.0191459	0.002495	-0.0370793	-0.0892137	0.00799626	0.0174009	-0.00399877	-0.000803587	-0.00272175	-0.00431648	-0.00403521	-0.0104302	-0.0388736	0.142718	-0.013598	-0.0365246	-0.00945678	0.00161606	0.0977897	0.0630194	-0.00748722	-0.0396162	-0.000957827	-0.00073476	-0.000467163	0.0825536	0.0924239	0.163451	0.0326442	0.000187387	0.00758521	0.0187231	0.0250742	-0.0222257	0.11502	-0.086615	-0.00378342	-0.00109935	-0.000449079	-0.0621053	0.00111934	-0.0364229	0.00116508	0.332318	-0.00076683	-0.163215	-0.00909602	-0.00280276	-0.0170647	-0.0242379	-0.0320302	
0.464989	-0.0828082	-0.0100984	-0.0136621	-0.00824121	-0.00783426	-0.00702494	-0.0512413	-0.0203086	-0.00182322	-0.00572968	-0.00516255	-0.00830829	0.0292288	0.0132741	0.00130488	-0.00781626	-0.0862475	0.0678476	0.0930217	-0.00774684	0.0610203	0.0579857	0.0387336	-0.0702535	0.000590302	0.00535141	-1.25753e-05	0.00994685	-0.0114472	-0.0191233	0.00118397	-0.0398232	-0.0974203	-0.00231609	0.0220944	-0.00399137	-0.00858125	-0.00271662	-0.00556664	-0.00520471	-0.0104179	-0.0338805	0.146619	-0.0470819	-0.0355105	-0.0127627	0.00161647	0.0935496	0.0677603	-0.00748343	-0.0414029	-0.00095589	-0.000695021	-0.000420269	0.0894257	0.0994297	0.170351	0.0320845	-0.0103602	0.0171024	0.0154674	0.0423125	-0.01737	0.142762	-0.0831751	-0.00377915	-0.0010972	-0.00044823	-0.0579601	0.00111912	-0.0486158	0.00116548	0.30341	-0.000765372	-0.16643	-0.00824873	-0.00280039	-0.0147043	-0.0230275	-0.0304654	
0.469958	-0.0911119	-0.0100973	-0.0136548	-0.0082283	-0.00781243	-0.00701519	-0.0549692	-0.0274136	-0.00181954	-0.00572591	-0.0179537	-0.0258441	0.0497987	0.0504053	0.00146315	-0.00622349	-0.0814816	0.0658236	0.0783577	-0.00765153	0.0566065	0.0606258	0.0491766	-0.0710447	-0.00603305	0.00289553	-0.00522104	0.0102769	-0.0161098	-0.0230865	-0.00471989	-0.0447921	-0.108972	-0.0114881	0.0232857	-0.00398398	-0.0209904	-0.00271133	-0.00777018	-0.00726299	-0.0104177	-0.0256813	0.147357	-0.0410442	-0.0309801	-0.0141542	0.00161684	0.0892671	0.0721746	-0.00747963	-0.0426977	-0.00095409	-0.000674845	-0.000396926	0.0940497	0.103036	0.172348	0.0316993	0.0202181	0.0253154	0.0148481	0.054592	-0.0042053	0.166632	-0.0768032	-0.00377488	-0.0010951	-0.000447382	-0.0503901	0.00111895	-0.0581833	0.00116569	0.278929	-0.000763919	-0.168065	-0.00729269	-0.002798	-0.0116472	-0.021856	-0.0289491	
0.474927	-0.101705	-0.0100942	-0.0136476	-0.00822009	-0.00779406	-0.0070056	-0.0589755	-0.0347767	-0.00181587	-0.00572213	-0.0250061	-0.0362256	0.0530135	0.0715667	0.00273423	-0.00373912	-0.0743364	0.0620688	0.0626247	-0.00757134	0.0480092	0.0568241	0.0602388	-0.0697777	-0.00628785	0.00363389	-0.00543289	0.00410386	-0.0161567	-0.0303757	-0.0129513	-0.0515011	-0.120199	-0.0151148	0.021173	-0.00397659	-0.0281802	-0.00270614	-0.0104111	-0.00973003	-0.0104195	-0.0211841	0.145456	-0.0305392	-0.0264596	-0.0137571	0.001617	0.0850095	0.0761644	-0.00747582	-0.0432549	-0.000952228	-0.00066446	-0.000385306	0.0967882	0.104899	0.171367	0.0314001	0.0554777	0.0383419	0.0146399	0.0385303	0.0222281	0.184986	-0.0576551	-0.00377059	-0.00109298	-0.000446536	-0.0367062	0.00111882	-0.0649465	0.00116578	0.262998	-0.000762467	-0.16805	-0.00615716	-0.00279562	-0.0322388	-0.0211959	-0.0280412	
0.480111	-0.101865	-0.0100908	-0.0136509	-0.00829602	-0.00777784	-0.00699631	-0.0608674	-0.0399736	-0.0018122	-0.00571833	-0.0180445	-0.0284404	0.0473007	0.0717034	0.00586425	0.0005245	-0.0661629	0.0564297	0.0536683	-0.00750582	0.0405633	0.0407649	0.0826231	-0.0664776	-0.000698719	0.00953607	0.00268383	-0.00623192	-0.00933547	-0.0384857	-0.0201841	-0.0581093	-0.126587	-0.0152193	0.0176774	-0.00396921	-0.0223197	-0.00270093	-0.0120952	-0.0113062	-0.0104181	-0.0168512	0.14046	-0.0215864	-0.0221978	-0.0127854	0.00161696	0.0807982	0.0794074	-0.00747196	-0.0429203	-0.000950369	-0.000658896	-0.000379431	0.0989773	0.108008	0.169964	0.0311048	0.052057	0.0643596	0.0145985	0.0324701	0.0518001	0.19638	-0.0312316	-0.0037663	-0.00109087	-0.000445692	-0.0182042	0.00111871	-0.0687773	0.00116572	0.25791	-0.000761019	-0.166273	-0.00481536	-0.00279322	-0.0328548	-0.0216176	-0.0284388	
0.48508	-0.0908911	-0.0100876	-0.0136455	-0.00967619	-0.00776294	-0.00698713	-0.0579389	-0.0409571	-0.00180855	-0.00571453	-0.00898391	-0.0171486	0.0401185	0.0622231	0.0112431	0.00673876	-0.0575521	0.0491868	0.0454339	-0.00745427	0.0424427	0.0262031	0.0571198	-0.061193	0.00571988	0.0126594	0.00800291	0.00898708	-0.00165552	-0.0442681	-0.0236064	-0.061611	-0.124572	-0.0122138	0.0149326	-0.00396184	-0.0140938	-0.00269579	-0.0117202	-0.0109621	-0.0104149	-0.0140169	0.132301	-0.0160672	-0.0187719	-0.0117953	0.00161677	0.0764584	0.0817447	-0.00746817	-0.0416069	-0.000948514	-0.000655667	-0.000376333	0.0981669	0.108568	0.165249	0.0307343	0.0486643	0.0845012	0.0149693	0.0355094	0.0717222	0.200445	-0.00497984	-0.00376197	-0.00108876	-0.00044485	0.000459742	0.00111859	-0.0692447	0.00116557	0.253642	-0.000759573	-0.161924	-0.00310916	-0.00279082	-0.0278509	-0.0234798	-0.0305475	
0.490049	-0.0754635	-0.0100845	-0.0136367	-0.0294662	-0.00774885	-0.00697799	-0.0494161	-0.0372161	-0.0018049	-0.0057107	-0.0109839	-0.0195417	0.0342392	0.051761	0.0136574	0.00995857	-0.0502946	0.0402626	0.0356595	-0.00741655	0.0411342	0.0265147	-0.0159249	-0.0540003	0.0105177	0.0105313	0.00421169	0.0543434	0.00231682	-0.0466614	-0.0237255	-0.0597578	-0.113346	-0.0100972	0.0134987	-0.00395447	-0.0159912	-0.00269063	-0.00983289	-0.00920337	-0.0104115	-0.0123839	0.0877931	-0.0129826	-0.0162329	-0.0109769	0.0016165	0.0719692	0.0805346	-0.00746432	-0.0399279	-0.000946664	-0.000653553	-0.000374565	0.0938139	0.104508	0.155731	0.0252931	0.0482201	0.0981399	0.0156229	0.0342245	0.0828307	0.197705	0.0144127	-0.00375771	-0.00108666	-0.00044401	0.0156042	0.00111845	-0.0664035	0.00116538	0.245796	-0.00075813	-0.154797	-0.00213604	-0.00278841	-0.0214018	-0.0267956	-0.0343058	
0.495017	-0.0534139	-0.0100815	-0.0136269	-0.026137	-0.00773526	-0.00697723	-0.0369088	-0.0294521	-0.00180125	-0.00570686	-0.014296	-0.0234625	0.0297128	0.043421	0.010053	0.00291857	-0.045716	-0.00185783	0.024951	-0.00739234	0.0346182	0.0271009	-0.0223598	-0.0450286	0.0129551	0.0105588	0.0021235	0.0470268	0.00395253	-0.0460198	-0.0225751	-0.0521743	-0.0935514	-0.00799489	0.0128545	-0.00394712	-0.0190487	-0.00268548	-0.00818405	-0.00766194	-0.0104081	-0.0115315	0.0252022	-0.0113853	-0.0144543	-0.0103599	0.00161612	0.0673495	0.0743475	-0.00746047	-0.0397001	-0.000944818	-0.000652017	-0.000373429	0.0876134	0.0977778	0.142547	0.0206895	0.0569522	0.101374	0.0163919	0.0330539	0.0788273	0.189142	0.0186949	-0.00375339	-0.00108455	-0.00044323	0.0208421	0.00111826	-0.0604087	0.00116512	0.235188	-0.000756689	-0.145296	-0.00348784	-0.002786	-0.0472497	-0.0311533	-0.0391418	
0.499986	-0.034486	-0.0100785	-0.0175666	-0.0199917	-0.00772198	-0.00698036	-0.0244773	-0.0192844	-0.00179761	-0.005703	-0.0255329	-0.0378787	0.0261044	0.0372376	-0.00470977	-0.00972287	-0.0434066	-0.0240804	0.0136271	-0.00738142	0.0247579	0.0231454	-0.0194791	-0.0344216	0.0140627	0.00842205	-0.00331855	0.0362918	0.00553537	-0.0431684	-0.0218291	-0.0405557	-0.0666117	-0.00588269	0.0121884	-0.00393973	-0.0298552	-0.00268034	-0.00807094	-0.00755097	-0.0104048	-0.011104	-0.0321339	-0.010581	-0.0132531	-0.00991821	0.00161559	0.0624973	0.0658335	-0.0074566	-0.0360138	-0.000942977	-0.000650721	-0.000372592	0.0799562	0.0887954	0.126187	0.0157332	0.0624777	0.0921767	0.0171838	0.0355133	0.0815014	0.175872	0.0155082	-0.00374908	-0.00108244	-0.000442332	0.01374	0.00111822	-0.0514067	0.00116478	0.221987	-0.000755256	-0.133585	-0.00548161	-0.00278358	-0.0467116	-0.035655	-0.0440096	
0.504955	-0.0225096	-0.0100755	-0.0783356	-0.0789194	-0.00775105	-0.00697282	-0.016841	-0.0087814	-0.00179399	-0.00569911	-0.0342816	-0.0493407	0.0229482	0.0325061	-0.0261854	-0.0289369	-0.0406454	-0.0518162	0.0018343	-0.00742098	0.0131439	0.014797	-0.0156541	-0.0223668	0.0150806	0.00914181	-0.00477541	0.0133449	0.00780405	-0.0388182	-0.022026	-0.0278957	-0.0344988	-0.00383737	0.0108621	-0.00393241	-0.0388248	-0.00267522	-0.00979555	-0.00915418	-0.0104015	-0.0108957	-0.0509152	-0.0101842	-0.0124635	-0.00961237	0.00161496	0.0572697	0.0571839	-0.00745658	-0.029637	-0.000941134	-0.00064955	-0.000371898	0.0704243	0.0774625	0.106772	0.0127828	0.060629	0.0900424	0.0179186	0.0303921	0.0755382	0.158902	0.0106963	-0.00374475	-0.00108037	-0.000441512	0.00320806	0.00111794	-0.039636	0.00116435	0.206254	-0.000753833	-0.119429	-0.00673095	-0.00278115	-0.0391108	-0.0392473	-0.0477472	
0.509923	-0.00746243	-0.0100725	-0.086088	-0.0684564	-0.0190518	-0.00696031	-0.0160936	-3.50487e-05	-0.00179036	-0.00569539	-0.0102557	-0.0195252	-0.154045	-0.0599567	-0.0375916	-0.0351588	-0.0359225	-0.0754637	-0.00904033	-0.00851457	0.000276636	0.00374375	-0.0145925	-0.0090651	0.0164672	0.0248476	0.0152797	-0.0171079	0.010658	-0.0328283	-0.0218352	-0.0172327	-0.000841946	0.0103087	0.00885242	-0.00392508	-0.0175082	-0.0026701	-0.0126468	-0.0118095	-0.0103982	-0.0107952	-0.0544573	-0.0099901	-0.0119543	-0.00940561	0.00161442	0.0514397	0.0491949	-0.00765013	-0.0240028	-0.000939304	-0.00064842	-0.00037127	0.0587613	0.0635743	0.0845136	0.0158368	0.0530452	0.079843	0.0185406	0.0264117	0.0587976	0.139089	0.00361047	-0.00374042	-0.00107829	-0.000440668	-0.00165101	0.00111765	-0.0256792	0.00116396	0.187789	-0.000752412	-0.103254	-0.00688751	-0.00277872	-0.0297533	-0.0410963	-0.049528	
0.515108	0.0145349	-0.0100695	-0.0794976	-0.0496857	-0.0310765	-0.00694659	-0.0196149	0.0058293	-0.00178675	-0.00569148	0.0254621	0.0297771	-0.207871	-0.156044	-0.0404791	-0.0385395	-0.0300562	-0.0772876	-0.00806347	-0.0241751	-0.0136531	-0.00892028	-0.016017	0.00523879	0.0182303	0.0346273	0.0303632	-0.0374274	0.0138762	-0.0233582	-0.0186391	-0.00982318	0.0301675	0.0420057	0.00674919	-0.00391775	0.0176064	-0.002665	-0.0146071	-0.0136386	-0.0103949	-0.0107467	-0.0484851	-0.00989533	-0.0116306	-0.00926792	0.00161422	0.0448667	0.0419052	-0.00976419	-0.0199355	-0.000937474	-0.000647354	-0.000370674	0.0451102	0.0473402	0.0598994	0.0179429	0.0448366	0.0640274	0.0190164	0.025241	0.0441415	0.117043	0.00180775	-0.00373609	-0.00107621	-0.000439837	-0.00226429	0.00111732	-0.0104897	0.00116381	0.165982	-0.000750995	-0.087063	-0.00611028	-0.00277629	-0.0523452	-0.0408186	-0.0490113	
0.520077	0.0603567	-0.0101026	-0.0671529	-0.0625934	-0.0354023	-0.00708729	-0.0239173	0.0084199	-0.00178314	-0.00568756	0.0365895	0.054502	-0.182738	-0.146531	-0.0410185	-0.0454873	-0.0240659	-0.0765985	-0.00795891	-0.0249711	-0.0284759	-0.0227821	-0.0196828	0.0202721	0.0202647	0.0304853	0.0217467	-0.0473099	0.0173415	-0.00762677	-0.0113912	-0.00528438	0.0506422	0.0347826	0.00510549	-0.00391043	0.0352845	-0.00265991	-0.0134329	-0.0125509	-0.0103916	-0.0107226	-0.0509383	-0.00984823	-0.0114268	-0.00917712	0.00161447	0.0376195	0.0352189	-0.0123691	-0.0169471	-0.000935649	-0.000646339	-0.000370093	0.0306536	0.0300784	0.0340115	0.0191721	0.0348816	0.0496996	0.0193351	0.0245155	0.0346956	0.0934503	0.00241788	-0.00373175	-0.00107413	-0.000439008	-0.0026744	0.00111689	0.00480454	0.00116395	0.140881	-0.000749581	-0.0747885	-0.00453745	-0.00277384	-0.0500939	-0.0386978	-0.0465229	
0.525045	0.118749	-0.0101053	-0.074418	-0.0490865	-0.0326627	-0.00749627	-0.0270304	0.00817343	-0.00177946	-0.00568366	0.0319292	0.0451088	-0.11545	-0.0951269	-0.0415167	-0.051592	-0.0181577	-0.0604882	-0.0108144	-0.0195823	-0.0439241	-0.0377493	-0.0253125	0.0357499	0.0224796	0.026269	0.0116291	-0.0503251	0.0209827	0.0171949	-0.00077168	-0.00263456	0.0515273	0.0269339	0.00441294	-0.00390311	0.0293633	-0.00265485	-0.00923454	-0.00864083	-0.0103883	-0.01071	-0.0401773	-0.00982357	-0.0112993	-0.00911743	0.00161485	0.029957	0.0290873	-0.01212	-0.0147404	-0.000933827	-0.000645225	-0.00036952	0.0171597	0.01403	0.00847187	0.0215516	0.0178404	0.0258335	0.0194717	0.023598	0.0295417	0.068917	0.00535975	-0.00372739	-0.00107206	-0.00043818	-0.0019213	0.00111608	0.0191614	0.00116407	0.113259	-0.00074817	-0.0707548	-0.00204324	-0.00277139	-0.0413224	-0.0355588	-0.0429155	
0.530014	0.148227	-0.0100972	-0.0681896	-0.0341502	-0.0276187	-0.00769567	-0.028422	0.00611177	-0.00177595	-0.00567976	-0.00702818	-0.00615261	-0.0558562	-0.0514575	-0.0453878	-0.0573953	-0.0129455	-0.0648923	-0.0102574	-0.0144543	-0.0595591	-0.0534481	-0.0327064	0.0513382	0.0247833	0.0121786	-0.00529999	-0.0504415	0.0247222	0.0530328	0.011568	-0.00109382	0.0362402	0.00675783	0.00529636	-0.00389581	-0.00644282	-0.00264982	-0.00458726	-0.00430138	-0.010385	-0.0107026	-0.0327529	-0.00980924	-0.0112195	-0.009078	0.00161172	0.022284	0.0235156	-0.0110884	-0.0130611	-0.000932009	-0.000644169	-0.000368951	0.00490382	-0.000494422	-0.0159421	0.0246451	-0.000541147	0.000728407	0.0194387	0.0227646	0.0260257	0.0439358	0.0102992	-0.00372304	-0.00107	-0.000437355	0.00103707	0.00111472	0.0324045	0.0011616	0.0840503	-0.000746762	-0.0736911	0.00177691	-0.00276894	-0.0311438	-0.0321908	-0.0390439	
0.534983	0.14988	-0.0100858	-0.0581026	-0.0742559	-0.0338251	-0.00761966	-0.028027	0.00297932	-0.00177236	-0.00567588	-0.0273122	-0.0330901	0.00512179	-0.00949406	-0.0560404	-0.0665938	-0.00947794	-0.0861934	-0.00934009	-0.0111104	-0.0745164	-0.0690034	-0.0413969	0.0666687	0.0270746	0.0081764	-0.00977553	-0.049685	0.0284356	0.0956993	0.0227602	-0.000220309	0.0171793	-0.00348114	0.00804452	-0.00388851	-0.0256477	-0.0026447	-0.00153593	-0.00144468	-0.0103817	-0.0106975	-0.0239982	-0.00979957	-0.0111694	-0.00905161	0.00159611	0.0150783	0.0185258	-0.0149011	-0.0117403	-0.000930196	-0.000643116	-0.000368385	-0.00688913	-0.0143175	-0.0391705	0.0295788	-0.0112967	-0.0142938	0.019226	0.0219652	-0.00149263	0.018973	0.016257	-0.00371868	-0.00106793	-0.000436531	0.00503787	0.0011154	0.0452746	0.00114974	0.0546052	-0.000745357	-0.0769125	0.00734711	-0.00276654	-0.0604767	-0.0290977	-0.0355203	
0.539951	0.15707	-0.00213705	-0.0473989	-0.0621774	-0.0358479	-0.00745889	-0.0251028	-0.00169117	-0.00176879	-0.00567183	-0.0684652	-0.0884648	0.0950743	-0.023368	-0.0720579	-0.080939	-0.00921989	-0.102823	-0.00862139	-0.00923565	-0.088695	-0.0842252	-0.0513803	0.081401	0.0292228	-0.000882505	-0.0229813	-0.0488674	0.0319869	0.122412	0.0298386	0.000186383	-0.00229265	-0.00820473	0.0115955	-0.00388122	-0.0667333	-0.00263966	-0.000142466	-0.000136848	-0.0103784	-0.0106934	-0.0104176	-0.00979199	-0.0111376	-0.00903352	0.00155982	0.00886781	0.0141397	-0.0169161	-0.0106684	-0.000928387	-0.000642066	-0.00036782	-0.0191415	-0.0285323	-0.0614469	0.0293725	-0.00768049	-0.0253664	0.0188348	0.016937	-0.00605171	-0.00540418	0.0226559	-0.0037143	-0.00106588	-0.000435748	0.00929603	0.00100841	0.0590055	0.00112305	0.0268447	-0.000743955	-0.0741095	0.014691	-0.00276401	-0.0585767	-0.0265313	-0.0324877	
0.54492	0.162506	0.188606	-0.0751622	-0.0442737	-0.0321831	-0.0104249	-0.0215605	-0.00910535	-0.00176626	-0.00612147	-0.0866922	-0.120741	0.177494	-0.0633906	-0.0935531	-0.101833	-0.013523	-0.114308	-0.00820595	-0.00826573	-0.101796	-0.0982209	-0.0627687	0.0950929	0.031103	0.00513874	-0.0163887	-0.0482025	0.0352408	0.117263	0.0315943	0.000202868	-0.0266553	-0.0100209	0.013248	-0.00387395	-0.0842192	-0.00263462	0.000400417	0.000373898	-0.0103751	-0.0106898	0.0134126	-0.00978533	-0.0111169	-0.00902065	0.00150934	0.00402535	0.0103744	-0.0156345	-0.00977609	-0.000926581	-0.000641018	-0.000367256	-0.0320074	-0.0434638	-0.0827486	0.020799	-0.00188301	-0.0337636	0.0182494	0.0218123	-0.00153831	-0.0287854	0.0289376	-0.00370993	-0.00106382	-0.000434889	0.0136088	0.000777934	0.0738308	0.00108615	0.00246613	-0.000742556	-0.0625116	0.0233133	-0.00276154	-0.0485927	-0.0241755	-0.0297161	
0.550105	0.166477	0.202005	-0.0751189	-0.092309	-0.0268286	0.169373	-0.0232478	-0.0194574	-0.00242432	-0.00871815	-0.0949293	-0.130822	0.145907	-0.0684911	-0.108191	-0.113353	-0.0146475	-0.123476	-0.00798321	-0.00778322	-0.113225	-0.109875	-0.0749217	0.107403	0.0326226	0.00744292	-0.00920856	-0.0476706	0.038057	0.0972772	0.0272501	-0.000229431	-0.0540704	-0.0107529	0.0104014	-0.00386668	-0.0880516	-0.0026296	0.000769974	0.000720563	-0.0103719	-0.0106864	0.0400723	-0.00977908	-0.0111031	-0.00901105	0.00146963	0.000636002	0.00723634	-0.0135648	-0.00977713	-0.00092478	-0.000639973	-0.000366694	-0.0448327	-0.0582681	-0.102592	0.0141045	0.010785	-0.040642	0.0174642	0.0198265	-0.0097491	-0.0507745	0.0348223	-0.00370555	-0.00106178	-0.000434012	0.00505434	0.000646783	0.088859	0.00105709	-0.0169373	-0.00074116	-0.0397266	0.0325335	-0.00275906	-0.0366708	-0.0218283	-0.0269447	
0.555073	0.169055	0.187924	-0.0666866	-0.0773851	-0.0367039	0.137452	-0.0271114	-0.0297627	-0.0047705	-0.0139148	-0.0960203	-0.12773	0.0868316	-0.0498698	-0.116532	-0.117146	-0.0110214	-0.1321	-0.00787013	-0.0075481	-0.122568	-0.118716	-0.0860462	0.117963	0.0337333	0.0043907	-0.00510313	-0.0471641	0.0403814	0.0782723	0.018342	-0.00121747	-0.0763007	-0.0112109	0.0026687	-0.00385943	-0.0851007	-0.00262458	0.00123643	0.00115604	-0.0106404	-0.011026	0.0299575	-0.009773	-0.0110933	-0.00900351	0.00146573	-0.00153488	0.00471764	-0.0135235	-0.0484904	-0.000922982	-0.000638876	-0.000366132	-0.0549743	-0.0699659	-0.119359	0.0103008	-0.0493794	-0.043681	0.0164723	0.0173646	-0.0419828	-0.0710121	0.0130775	-0.00370116	-0.00105973	-0.000433255	-0.0921643	0.000770739	0.102194	0.00105403	-0.0312987	-0.000739767	-0.000636614	0.0418258	-0.00275658	-0.0406545	-0.0195445	-0.0242393	
0.560042	0.170079	0.105141	-0.0553405	-0.0551504	-0.0385772	0.129639	-0.0314412	-0.0364609	-0.00808511	-0.0213024	-0.0964902	-0.11956	0.0377794	-0.0509588	-0.122819	-0.121726	-0.00604721	-0.140116	-0.0078129	-0.00743484	-0.129693	-0.124902	-0.0943434	0.126416	0.0343275	-0.00208983	-0.00413455	-0.0465525	0.0421072	0.0641073	0.00926048	-0.00267399	-0.0872189	-0.0118176	-0.00788204	-0.00385219	-0.0801602	-0.00261958	0.00152725	0.001426	-0.0127325	-0.0164389	-0.0278535	-0.00983828	-0.011086	-0.00899724	0.00149876	-0.00292841	0.00279461	-0.0133018	-0.0549349	-0.000921189	-0.000637888	-0.000365571	-0.0616406	-0.0776886	-0.132311	0.00686345	-0.0755922	-0.0411208	0.0152593	0.0155152	-0.0549729	-0.0891904	-0.0362092	-0.00369677	-0.00105769	-0.00043244	-0.0783706	0.001	0.112163	0.00107791	-0.0436793	-0.000738377	0.064936	0.0508758	-0.00275408	-0.0348657	-0.0174289	-0.0217207	
0.565011	0.169601	0.132644	-0.112361	-0.0978585	-0.0352334	0.143448	-0.033818	-0.0376639	-0.00920404	-0.029032	-0.096212	-0.110546	0.00590947	-0.0710743	-0.122282	-0.121234	0.00660831	-0.146705	-0.00778359	-0.00738059	-0.134598	-0.128743	-0.0994645	0.132473	0.0343244	-0.0100315	-0.00499818	-0.0457174	0.0431462	0.0542322	0.00218178	-0.00399882	-0.0821775	-0.0127807	-0.0185873	-0.00384496	-0.074974	-0.00261455	0.00152614	0.00142472	-0.0282877	-0.0650115	-0.0873101	-0.032878	-0.0110802	-0.00913205	0.00154528	-0.00422029	0.00143085	-0.0120365	-0.04607	-0.0009194	-0.000636847	-0.000365012	-0.065262	-0.0817263	-0.141329	0.00350309	-0.075028	-0.0369475	0.0138145	0.0136324	-0.051826	-0.105077	-0.0898126	-0.00369237	-0.00105566	-0.000431628	-0.0560648	0.00111353	0.117181	0.00111189	-0.0555963	-0.00073699	0.201485	0.059473	-0.00275159	-0.0270995	-0.0156204	-0.0195469	
0.569979	0.167466	0.147375	-0.115874	-0.0809613	-0.0294581	0.147144	-0.0323033	-0.0333537	-0.00842437	-0.0296636	-0.096827	-0.10217	-0.00913064	-0.102321	-0.11316	-0.112851	0.0278622	-0.151143	-0.00776791	-0.00735444	-0.137298	-0.130374	-0.101812	0.135893	0.0336857	-0.0188883	-0.00689364	-0.0255802	0.0434579	0.0480061	-0.00402254	-0.00429415	-0.0526019	-0.0142119	-0.02798	-0.0120056	-0.0701139	-0.00260961	0.00153323	0.00143144	-0.0351417	-0.0561034	-0.106494	-0.0291871	-0.0110752	-0.0150777	0.00158173	-0.00649919	0.000583274	-0.0106923	-0.0276856	-0.000917579	-0.00063581	-0.000364453	-0.0673025	-0.0837657	-0.146852	0.000523642	-0.0680872	-0.0334721	0.0121458	0.0114968	-0.0440303	-0.0678345	-0.0581582	-0.00368796	-0.00105363	-0.000430817	-0.0317414	0.00111476	0.116802	0.0011388	-0.0666111	-0.000735606	0.337979	0.067411	-0.00274908	-0.019713	-0.0141722	-0.0177952	
0.574948	0.163498	0.170258	-0.104907	-0.0572755	-0.0359665	0.145149	-0.0266835	-0.0247612	-0.00696717	-0.0260754	-0.0969047	-0.0947355	-0.00692669	-0.128627	-0.0981335	-0.0985049	0.0469501	-0.153118	-0.00775876	-0.00734139	-0.137838	-0.129902	-0.101798	0.136526	0.0323911	-0.0286433	-0.00942488	0.00166101	0.0430171	0.0460169	-0.0106889	-0.00322885	0.0397954	-0.0161716	-0.0356862	-0.0210371	-0.0656916	-0.00260464	0.00153219	0.00143049	-0.03316	-0.0410038	-0.0800674	-0.0224795	-0.011331	-0.0233269	0.00160111	-0.010869	-0.00664339	-0.00959189	0.000157327	-0.000915833	-0.000634782	-0.000363895	-0.0680142	-0.0843531	-0.149673	-0.00206304	-0.0341049	-0.0311167	0.0102621	0.00925088	-0.0365457	-0.00397082	-0.0338862	-0.00368355	-0.0010516	-0.000430007	-0.0139914	0.00111525	0.111769	0.00115337	-0.0797395	-0.000734225	0.28414	0.0316919	-0.00274658	-0.0225481	-0.0130812	-0.0164661	
0.579917	0.157654	0.153192	-0.0879027	-0.112986	-0.0361389	0.141987	-0.0188233	-0.0139483	-0.0114182	-0.0214223	-0.0970186	-0.0882068	-0.00549029	-0.143022	-0.0796223	-0.0819956	0.0534918	-0.152651	-0.00775281	-0.00733432	-0.136328	-0.127481	-0.0994682	0.134277	0.0304305	-0.039482	-0.01253	-0.00714804	0.041816	0.0493627	-0.0178885	-0.00145473	0.124966	-0.0186975	-0.0415157	-0.0209671	-0.0616543	-0.00259968	0.00153013	0.00142856	-0.0284539	-0.0619069	-0.0494815	-0.0911377	-0.019108	-0.0236053	0.00160847	-0.0171256	-0.00494812	-0.0087977	0.0371053	-0.000914055	-0.000633721	-0.000363339	-0.0691712	-0.0852668	-0.150539	-0.00436942	0.0247942	-0.0296451	0.00817163	0.00697349	-0.0298195	0.0474286	0.00613922	-0.00367912	-0.00104965	-0.0004292	-0.00115656	0.00111482	0.103571	0.00115908	-0.103338	-0.000732847	0.215926	0.0617671	-0.00274406	-0.0218161	-0.0122798	-0.0154809	
0.585102	0.15006	0.131131	-0.0999375	-0.094769	-0.0316687	0.137187	-0.0112699	-0.00298657	-0.0120723	-0.0287804	-0.0943457	-0.0824752	-0.0576338	-0.148924	-0.0599359	-0.0668116	0.0532874	-0.149921	-0.00774825	-0.00732992	-0.132944	-0.123324	-0.095387	0.129127	0.0278067	-0.0487678	-0.0161017	-0.0172216	0.0398573	0.057476	-0.0245169	8.55609e-05	0.125538	-0.0218145	-0.0452226	-0.018028	-0.0579419	-0.00259473	0.0015272	0.00142579	-0.0495868	-0.0500828	-0.450461	-0.193799	-0.0199948	-0.0212647	0.00161038	-0.0344349	-0.226114	-0.00825865	0.0810489	-0.000912283	-0.000632709	-0.000362783	-0.105885	-0.135235	-0.169823	-0.168181	-0.0225067	-0.0286948	0.00592302	0.00468812	-0.024168	-0.0775083	0.0687434	-0.00401587	-0.00122312	-0.000428394	0.0352011	0.00111492	0.100757	0.00116066	-0.293277	-0.00771929	0.267259	-0.130871	-0.00274148	-0.0181333	-0.0116961	-0.0147549	
0.59007	0.140929	0.113857	-0.0924534	-0.0677168	-0.0259949	0.130589	-0.00595535	0.00534118	-0.0105489	-0.0273474	-0.0898514	-0.0774232	-0.102687	-0.151219	-0.0448664	-0.0573131	0.0507828	-0.145162	-0.00774433	-0.0073267	-0.127914	-0.117697	-0.0900914	0.121136	0.0245357	-0.0525565	-0.020017	-0.0091789	0.0371763	0.0686748	-0.0303762	0.000904479	0.0552747	-0.0255379	-0.0465507	-0.0271508	-0.054508	-0.0025898	0.0015249	0.00142369	-0.0836278	-0.0358387	-0.278816	-0.17134	-0.0187167	-0.0183041	0.00161052	-0.0476951	-0.188581	-0.00790661	0.0970194	-0.000910513	-0.000631678	-0.000362228	-0.102971	-0.136285	-0.173928	-0.0555919	-0.0328301	-0.02793	0.00354875	0.00244045	0.0115345	-0.174415	0.117974	-0.00397218	-0.00119799	-0.000427672	0.0773829	0.00111488	0.0870151	0.00116082	-0.330257	-0.00684769	0.246548	-0.134483	-0.00273902	-0.0137429	-0.0113109	-0.0142631	
0.595039	0.130542	0.099599	-0.0790677	-0.044605	-0.0218085	0.122559	-0.00300885	0.00716334	-0.00844245	-0.023452	-0.0846459	-0.0729471	-0.0930856	-0.152789	-0.0371755	-0.0521805	0.0489777	-0.13865	-0.00774068	-0.00732401	-0.121516	-0.110905	-0.0721231	0.110448	0.0211722	-0.0540329	-0.0242151	0.00412121	0.0343304	0.0811054	-0.0356549	0.00118192	-0.00482265	-0.0298427	-0.045531	-0.0260624	-0.0512985	-0.00258487	0.00152338	0.00142216	-0.0830408	-0.0246131	-0.2144	-0.131923	-0.0168216	-0.0156745	0.00161015	-0.0535624	-0.12	-0.00949296	-0.0113271	-0.000908738	-0.00063065	-0.000361674	-0.0816007	-0.114251	-0.164864	0.0235325	0.00998213	0.0130376	0.00110291	0.000292811	0.0846087	-0.215791	0.133854	-0.00387041	-0.00114491	-0.00139463	0.108411	0.00111458	0.0727812	0.00116047	-0.30715	-0.00489311	0.191646	-0.0778585	-0.00273645	-0.0238773	-0.0110846	-0.0139581	
0.600008	0.119191	0.18627	-0.064172	-0.0279481	-0.0178213	0.10558	-0.0016263	-0.00173671	-0.0188724	-0.0190007	-0.079377	-0.0689549	-0.0727572	-0.155018	-0.0331004	-0.0456933	0.055867	-0.119422	-0.00773716	-0.00732155	-0.0954898	-0.0825818	-0.0496234	0.0972813	0.023843	-0.0557017	-0.0287329	-0.0139345	0.0369799	0.0901565	-0.0425412	0.00123922	-0.0252772	-0.0346274	-0.0430151	-0.0220923	-0.0482648	-0.00257996	0.00152261	0.00142145	-0.0726817	-0.0178437	-0.171668	-0.131973	-0.0151349	-0.0136001	0.00160913	-0.0533025	-0.0561808	0.0136191	-0.0275665	-0.000906985	-0.000629624	-0.000361121	-0.0583154	-0.0868909	-0.147929	0.0597262	0.070947	0.0645355	-0.00133506	-0.00168975	0.136493	-0.22198	0.119099	-0.00378068	-0.00109936	-0.00921212	0.109795	0.00111441	0.0594829	0.00115974	-0.26524	-0.00315619	0.147753	-0.0111698	-0.00273395	-0.0267068	-0.0109969	-0.0138151	
0.604976	0.107177	0.239495	-0.0507504	-0.017553	-0.0145615	0.0698064	-0.00103406	-0.0156216	-0.0190411	-0.0368197	-0.0742589	-0.0653734	-0.0671573	-0.158434	-0.0267435	-0.034565	0.0708387	-0.0995467	-0.00773368	-0.00731919	-0.0830794	-0.0633331	-0.0302385	0.0819036	0.0324948	-0.0578276	-0.0335476	-0.0084653	0.044062	0.092201	-0.0525938	0.00124443	-0.0946251	-0.039819	-0.0401813	-0.0174734	-0.0453597	-0.00257505	0.00152276	0.00142157	-0.0592666	-0.0141533	-0.149619	-0.193925	-0.013821	-0.0120745	0.00160753	-0.0490712	-0.000794324	0.000863262	-0.0186749	-0.000905228	-0.0006286	-0.000360569	-0.040014	-0.0606553	-0.126679	0.0323701	0.0973495	0.0842739	-0.00368533	-0.00344261	0.0685425	-0.21426	0.101487	-0.0037224	-0.00107051	-0.00802228	0.0970001	0.00111422	0.046599	0.00115847	-0.217577	-0.00205032	0.122768	0.0611793	-0.00273141	-0.0242795	-0.0110041	-0.0137814	
0.609945	0.0948398	0.212135	-0.0397423	-0.0117056	0.0549384	0.10215	-0.000732986	-0.0283466	-0.0163292	-0.0371159	-0.0693927	-0.0621405	-0.0957064	-0.163159	-0.0173082	-0.0210387	0.0889861	-0.109855	-0.00773021	-0.00731688	-0.0819192	-0.058948	-0.0389016	0.0646501	0.0370168	-0.06009	-0.0385953	-0.000778833	0.0458326	0.0896406	-0.0660813	0.00124437	-0.0880769	-0.0459073	-0.0382135	-0.0476859	-0.0425421	-0.00257016	0.00152409	0.00142283	-0.0465713	-0.0122876	-0.131558	-0.190891	-0.0128745	-0.0109994	0.00160481	-0.0425386	-0.0375491	-0.0929473	0.0101427	-0.000903474	-0.000627581	-0.00127061	-0.0210633	-0.0299605	-0.10273	0.00216952	0.0644322	0.0539506	-0.00584667	-0.00488537	0.0383989	-0.2024	0.0888186	-0.00368673	-0.00105325	-0.00563575	0.0774167	0.00111403	0.0347465	0.00115641	-0.155759	-0.00411724	0.108454	-0.0133227	-0.00272886	-0.0191456	-0.0110084	-0.0137448	
0.614914	0.0824567	0.173071	-0.0313171	-0.00861253	0.0234248	0.091625	-0.000424006	-0.0377969	-0.0127894	-0.0326611	-0.0647916	-0.0592014	-0.105744	-0.16905	-0.00777484	-0.0086155	0.0978812	-0.100605	-0.00772674	-0.0073146	-0.0789279	-0.0583202	-0.0282498	0.0458926	0.0295934	-0.0622034	-0.0440012	0.0136873	0.0375047	0.0906511	-0.0806108	0.00124371	-0.060894	-0.0536455	-0.0371844	-0.0489745	-0.0397752	-0.00256528	0.0015266	0.00142523	-0.0359007	-0.0113735	-0.103681	-0.154988	-0.012221	-0.0102649	0.00159992	-0.0349362	-0.0102371	-0.048713	0.0120851	-0.000901725	-0.00111984	-0.0204527	-0.00814844	-0.000456718	-0.0785809	-0.00854307	0.0243668	-0.0633767	-0.00768703	-0.00596164	0.0207066	-0.124362	0.0701763	-0.00366524	-0.00104309	-0.00350234	-0.0388271	0.00111384	0.0245046	0.00115272	-0.0804347	-0.00344315	-0.0112067	0.0199777	-0.00272631	-0.0140974	-0.0108861	-0.0135617	
0.620098	0.0703132	0.13913	-0.0251737	-0.00703661	0.0242585	0.0763316	-2.25784e-06	-0.0443399	-0.0129875	-0.0265925	-0.0604296	-0.0565106	-0.0961721	-0.175842	-0.000591299	0.0018903	0.0979134	-0.097376	-0.00772327	-0.00731233	-0.0721903	-0.056581	-0.0197442	0.0260588	0.0130084	-0.0643933	-0.0496861	0.00506482	0.023868	0.100277	-0.094491	0.0012418	-0.0820078	-0.0630366	-0.0363831	-0.0429251	-0.0370351	-0.00256041	0.00152925	0.00142763	-0.0295478	-0.0109354	-0.079443	-0.113139	-0.0117835	-0.0097741	0.00159056	-0.0349143	0.0258222	-0.00117871	0.0275974	-0.000900032	-0.0088176	-0.0177176	-0.00411382	0.0136772	-0.0585522	-0.124621	-0.037647	-0.0271926	-0.00897097	-0.00662964	0.0104751	-0.0384718	0.0515943	-0.00365173	-0.00103686	-0.00211782	0.00646904	0.00111366	0.0161762	0.00114575	-0.0461604	-0.00248324	-0.0140158	0.0899704	-0.00272375	-0.00998936	-0.0105075	-0.0130829	
0.625067	0.0586419	0.112036	-0.0208565	-0.00625052	0.0307747	0.0655148	0.000454232	-0.0498691	-0.0140682	-0.0156214	-0.0562701	-0.0540324	-0.0794373	-0.183096	0.00601438	0.0126686	0.0963283	-0.0858727	-0.00771979	-0.00731539	-0.0645531	-0.0508537	-0.010527	0.00556933	-0.00433852	-0.066721	-0.0556432	0.011876	0.0110545	0.123146	-0.10568	0.00124161	-0.108206	-0.0740693	-0.0343578	-0.0342907	-0.0343121	-0.00255563	0.00152975	0.00142822	-0.0239448	-0.0107277	-0.0814234	-0.0860896	-0.0114969	-0.00945155	0.0015719	-0.0401292	0.0250424	0.00743693	0.0754183	-0.000898236	-0.0217547	-0.0121349	-0.0102066	0.00370202	-0.0466145	-0.0399919	-0.00663978	-0.0159928	-0.00727385	-0.00689162	0.00573862	0.0295629	0.0432109	-0.00364253	-0.0010327	-0.00136871	0.0504982	0.00111347	0.0100384	0.00113202	-0.08003	-0.00387212	0.013963	0.0657001	-0.00284704	-0.00695426	-0.00985093	-0.0122848	
0.630036	0.0476569	0.0846461	-0.0179048	-0.00586282	0.0396728	0.0556724	0.00085119	-0.055192	-0.0128076	0.108674	-0.0522711	-0.0517363	-0.0585812	-0.190432	0.0148594	0.0256298	0.102558	-0.0702908	-0.00771629	-0.00731214	-0.0502585	-0.0402874	-0.00893035	-0.0151504	-0.0184493	-0.0692773	-0.0618265	0.00514639	0.000314992	0.15816	-0.114163	0.00124236	-0.110323	-0.0875801	-0.0302359	-0.0593834	-0.0316061	-0.00255069	0.00152737	0.00142602	-0.0195899	-0.0106301	-0.0834944	-0.106298	-0.011312	-0.00924196	0.00153211	-0.0450636	0.0433469	0.0338098	0.0879831	-0.000896498	-0.0446228	-0.0354064	-0.0194544	-0.0132115	-0.0418195	0.00740032	-0.0839329	0.000958232	-0.00728231	-0.00671543	0.00429199	0.053321	0.0354234	-0.00363563	-0.00102961	-0.00147907	0.0615691	0.00111328	0.00631932	0.00110285	-0.128746	-0.00342016	0.0399278	0.0837471	-0.00282861	-0.00482732	-0.00902309	-0.0112915	
0.635004	0.0374912	0.0584561	-0.015928	-0.00567166	0.04315	0.0456495	0.00113746	-0.0609027	-0.0106578	0.198897	-0.0483911	-0.0495942	-0.0397315	-0.197392	0.026669	0.0408639	0.11689	-0.0466598	-0.00832936	-0.00730827	-0.0349053	-0.0245996	-0.0133285	-0.0356789	-0.0307563	-0.0721227	-0.0681306	0.00739597	-0.00956864	0.180577	-0.12077	0.00124264	-0.097779	-0.103661	-0.0237056	-0.0581487	-0.028919	-0.00254585	0.00152436	-0.00157928	-0.0164006	-0.010584	-0.0819314	-0.126741	-0.011194	-0.00910667	0.00144149	-0.0472804	0.0405673	0.0362745	0.0893904	-0.000894763	-0.0557218	-0.029296	-0.0188028	-0.0164404	-0.039748	-0.0527894	-0.0777802	0.0355539	-0.00992197	-0.00579803	0.00425369	0.0369161	0.028615	-0.00362993	-0.00102711	-0.00176601	0.0480782	0.0011131	0.00512082	0.00103705	-0.180872	-0.00257014	0.0456136	0.0867793	-0.00278972	-0.0033894	-0.00843533	-0.0104129	
0.639973	0.028261	0.036395	-0.014624	-0.00557576	0.0438054	0.0366669	0.00130703	-0.0689265	-0.00829256	0.228422	-0.0446016	-0.0475777	-0.0305693	-0.203474	0.0403859	0.0576425	0.13787	-0.0305196	-0.00821269	-0.00730476	-0.0254672	-0.014872	-0.0154955	-0.0556697	-0.04269	-0.0754918	-0.0744743	-0.00351441	-0.0188604	0.184337	-0.127761	0.00124268	-0.0860874	-0.117625	-0.0151118	0.00328469	-0.026249	-0.00254102	0.00152376	0.0797301	-0.0141972	-0.0105617	-0.0785097	-0.111519	-0.011119	-0.00901949	0.00122833	-0.0476917	0.0429469	0.0459205	0.087818	-0.000893077	-0.0473681	-0.0198701	-0.00780959	-0.00305504	-0.0363466	-0.0501689	-0.0498527	0.00265927	-0.0113974	-0.00381994	0.00533393	0.00614967	0.0241726	-0.00362483	-0.00102488	-0.00139086	0.0363078	0.00111292	0.00647738	0.00088306	-0.218675	-0.00179198	0.0338915	0.0922324	-0.00275591	-0.00244188	-0.00833069	-0.0103187	
0.644942	0.0200065	0.0186481	-0.0137732	-0.00552526	0.0439836	0.0289906	0.00137378	-0.0794724	-0.0154196	0.232615	-0.0408981	-0.0456587	-0.0426533	-0.20838	0.0544547	0.0748618	0.162865	-0.0119112	-0.00802192	-0.00730181	-0.0174021	-0.00958063	-0.0136085	-0.0747923	-0.0541111	-0.0796625	-0.0807316	-0.00979227	-0.0273953	0.164632	-0.136615	0.00124252	-0.0810604	-0.077624	-0.00567943	0.264613	-0.0235863	-0.00253621	0.00152579	0.0799848	-0.0127255	-0.0105502	-0.0459234	-0.0824081	-0.0110711	-0.00896308	0.000739365	-0.0468272	0.0362711	0.0465887	0.0753609	-0.000891306	-0.0326161	-0.0279589	0.00416681	0.0159392	-0.0330659	-0.0442731	-0.0198473	-0.0163408	-0.0104516	-0.0348936	-0.0210971	-0.0379351	0.0218263	-0.00362004	-0.00102279	-0.000999186	0.0315911	0.00111292	0.0103163	0.000532209	-0.174297	-0.00128099	0.0228271	0.0854651	-0.00273391	-0.00182976	-0.00974528	-0.0120007	
0.64991	0.0127241	0.00383126	-0.0132221	-0.0054961	0.0631576	0.0026272	0.00133824	-0.0927496	-0.0168634	0.23314	-0.0372961	-0.0438075	-0.0601865	-0.211084	0.0664935	0.0907486	0.185827	0.0147757	-0.00787199	-0.00729919	-0.0121178	-0.00703496	-0.00809717	-0.0927845	-0.0649173	-0.084598	-0.0864457	-0.014631	-0.0352792	0.152527	-0.148771	0.00124228	-0.0937299	-0.0400108	0.00259757	0.324164	-0.0209202	-0.00253146	0.00152779	0.0796481	-0.0117673	-0.0105433	-0.0160118	-0.0548234	-0.0110403	-0.00892615	-0.000302207	-0.0448716	0.0347605	0.0492742	0.0504901	-0.000889584	-0.0264301	-0.0212995	0.00152757	0.0147151	-0.0362457	-0.0272079	-0.00778853	-0.0229677	-0.0109304	-0.0156859	-0.0199118	-0.0719244	0.0210533	-0.00361539	-0.00102077	-0.00071805	0.0280702	0.00111268	0.0164496	-0.000214971	-0.176547	-0.000980696	0.0191703	0.0889073	-0.00272022	-0.0014403	-0.0137561	-0.0165576	
0.655095	0.00112172	-0.028692	-0.0128665	-0.00547685	0.099273	-0.01081	0.00114268	-0.107686	-0.0148068	0.234044	-0.00108342	-0.0145854	-0.0500754	-0.151316	0.0736791	0.103042	0.195848	0.0486985	-0.00778488	-0.00729677	-0.00905641	-0.00584865	-0.00547147	-0.10944	-0.0752994	-0.0854438	-0.0841764	-0.00588709	-0.0426472	0.151396	-0.164188	0.0012418	-0.126888	-0.0174549	0.00750112	0.301737	0.000273579	-0.0025266	0.00152773	0.0913274	-0.0111544	-0.0105386	-0.0434088	-0.0345084	-0.01102	-0.00890146	-0.00234558	-0.0420931	0.0300639	0.0456838	0.0414653	-0.000887864	-0.0174672	-0.013771	-0.0117118	-0.00389872	-0.0472834	-0.0268216	-0.00252916	-0.00526034	-0.0229075	0.0070054	0.00811335	-0.0974615	0.0216719	-0.00361081	-0.00101874	-0.00055053	0.0239241	0.00111241	0.0246255	-0.00168034	-0.203693	-0.000816091	0.0196791	0.0893133	-0.00271165	-0.00119543	-0.0212883	-0.0248374	
0.660064	-0.00380988	-0.0213188	-0.012637	-0.00546217	0.0803367	-0.0195718	0.000639209	-0.121582	-0.011741	-0.0910219	0.127372	0.0619541	-0.0358844	-0.0883816	0.0785854	0.113838	0.202081	0.0495307	-0.0243669	-0.013593	-0.007453	-0.00530811	-0.00927689	-0.124609	-0.0852831	-0.084705	-0.0729181	0.000971425	-0.0495109	0.150982	-0.182305	0.00124053	-0.158649	-0.00689557	0.00723307	-0.0517157	0.0931785	-0.00252181	0.00152586	0.103962	-0.0107673	-0.0105348	-0.0534657	-0.0218596	-0.0110062	-0.00888442	-0.00569183	-0.0496811	0.0232229	0.0381778	0.0236799	-0.000886149	-0.0105154	-0.037683	-0.0248885	-0.0244281	-0.0639249	-0.0178322	-0.00212174	0.000434266	-0.00296971	0.00743478	0.00581525	-0.113151	0.0235651	-0.00360627	-0.00101683	-0.000457088	0.0211813	0.00111208	0.0344943	-0.00408082	-0.16487	-0.000728487	0.0229692	0.0874873	-0.00270591	-0.00104282	-0.0316126	-0.035578	
0.665032	-0.00103159	-0.0237933	-0.0124881	-0.0054496	0.0542082	0.00860128	-0.000466176	-0.133877	-0.00886312	-0.0590264	0.78328	0.476778	-0.0238578	-0.0506549	0.0849253	0.124947	0.212643	0.0223743	-0.0217	-0.0124551	-0.00665378	-0.00506116	-0.00788412	-0.138164	-0.0947835	-0.08835	-0.0638885	-0.00368689	-0.0558656	0.172244	-0.204005	0.00124357	-0.181251	-0.00268495	0.00228719	-0.017439	0.653435	-0.00251704	0.00152354	0.114145	-0.0105252	-0.0105314	-0.0747488	-0.0148434	-0.0109963	-0.00887211	-0.0100275	-0.0355881	0.0125075	0.0263381	0.0250787	-0.000884468	-0.0346086	-0.0309132	-0.0331374	-0.0386387	-0.0823219	-0.018522	-0.00204348	0.00381808	0.00356214	0.0142654	0.016944	-0.121608	0.0265951	-0.00360173	-0.00101488	-0.000407119	0.0203244	0.00111169	0.0456994	-0.00719548	-0.191008	-0.000682699	0.0283959	0.0753676	-0.00270168	-0.000948295	-0.042557	-0.0464653	
0.670001	-0.00632248	-0.0338947	-0.0123904	-0.00543799	0.0396898	0.0183282	-0.00257589	-0.14396	-0.00759126	-0.00817569	0.011492	-0.00641746	-0.0276854	-0.0323033	0.0936098	0.137451	0.228666	-0.0150938	-0.0167762	-0.0105618	-0.00626832	-0.00494915	-0.00609731	-0.150036	-0.103713	-0.11585	-0.119595	-0.0114398	-0.0616695	0.227418	-0.226924	0.00113744	-0.194017	-0.000958075	-0.00531178	0.0788065	-0.00415554	-0.00251227	0.00152177	0.123661	-0.0103747	-0.0105282	-0.0975632	-0.011223	-0.0109888	-0.00886273	-0.0143518	-0.0283254	0.00405092	0.0165892	0.0188278	-0.000882737	-0.0288665	-0.0207906	-0.0371451	-0.0464604	-0.0993645	-0.0172297	-0.00437158	0.00167544	0.0113541	0.0221553	0.0207003	-0.124816	0.0305709	-0.00359719	-0.00101294	-0.000380669	0.0206278	0.00111123	0.0578222	-0.0103091	-0.15977	-0.000658893	0.0353406	0.065314	-0.00269824	-0.000889984	-0.0518698	-0.0553005	
0.67497	-0.0107973	-0.0440212	-0.0123251	-0.00542685	0.0446337	0.0188143	-0.00587979	-0.151027	-0.00603368	0.0793909	0.0393902	0.0144425	-0.0212442	-0.0186225	0.103868	0.150781	0.248207	-0.0349798	-0.0126935	-0.00905662	-0.00608537	-0.00489848	-0.00472058	-0.160228	-0.112027	-0.0966146	-0.100496	-0.0173268	-0.0668946	0.280165	-0.248506	0.000650268	-0.197914	-0.000180932	-0.0135116	0.354086	0.0145336	-0.00250752	0.00152081	0.132938	-0.0102814	-0.010525	-0.119284	-0.00943064	-0.0109827	-0.00885515	-0.0175127	-0.024311	-0.00147588	0.00962276	0.0191735	-0.000881027	-0.0196004	-0.0485567	-0.0391017	-0.0510587	-0.114425	-0.0185368	-0.00768247	-0.00114739	0.016641	0.0290127	0.0263054	-0.123564	0.0353285	-0.00359266	-0.001011	-0.000366976	0.0217328	0.00111073	0.0704688	-0.0125939	-0.189243	-0.000646439	0.0425594	0.0581226	-0.00269521	-0.000853955	-0.0585132	-0.0613173	
0.679938	-0.0141716	-0.0517988	-0.0122801	-0.00541591	0.0490477	0.0151803	-0.00967734	-0.154368	-0.00465918	0.127457	0.215964	0.0999245	-0.014454	-0.0100455	0.113968	0.163199	0.265136	-0.0375698	-0.0102638	-0.00818755	-0.00599936	-0.00487548	-0.00392093	-0.168774	-0.119591	-0.0871672	-0.0776348	-0.0205328	-0.0714862	0.276488	-0.268492	-0.00027152	-0.192863	0.000192741	-0.0208534	0.0879395	0.0429043	-0.00250277	0.00152033	0.141392	-0.0102235	-0.0109533	-0.135836	-0.00856263	-0.0109776	-0.00884866	-0.0188219	-0.0197838	-0.00712214	0.00202881	0.0189933	-0.000879326	-0.0289816	-0.0394723	-0.0406125	-0.0548769	-0.128245	-0.0242704	-0.0150548	-0.00795361	0.0262324	0.0445987	0.043068	-0.141613	0.0406605	-0.00358812	-0.00100907	-0.000359796	0.0235332	0.00111062	0.0832569	-0.013551	-0.153127	-0.000639733	0.0486389	0.0508828	-0.00269239	-0.000831663	-0.0630215	-0.0651997	
0.684907	-0.0174544	-0.0586121	-0.0122478	-0.00540509	0.0879833	0.00497428	-0.0123335	-0.154281	-0.00356592	0.286368	0.257382	0.217562	-0.00923545	-0.00503855	0.127383	0.179158	0.296439	-0.0153197	-0.00894341	-0.00772349	-0.00595893	-0.00486473	-0.00349303	-0.271552	-0.126262	-0.0859598	-0.0637277	-0.0203002	-0.0754212	0.398494	-0.287552	-0.00118698	-0.179643	0.000373913	-0.0268507	0.166105	0.128712	-0.00249804	0.154502	0.14863	-0.0101873	-0.0108693	-0.144405	-0.00814669	-0.0109729	-0.00884283	-0.0185971	-0.0147331	-0.0107757	-0.00435484	-0.00109008	-0.00087763	-0.022263	-0.0265084	-0.043852	-0.0610065	-0.142176	-0.023483	-0.0184761	-0.0115788	0.0391146	0.0429203	0.0535598	-0.130917	0.0463784	-0.00358357	-0.00100714	-0.000355855	0.0258647	0.00111254	0.0958057	-0.0134028	-0.183129	-0.000635887	0.0529563	0.0482663	-0.00268966	-0.000817725	-0.0669011	-0.0684097	
0.690092	-0.0206928	-0.0651398	-0.0122235	-0.00539432	0.0781203	0.00838383	-0.0122672	-0.150857	-0.0027689	0.342697	0.280665	0.296075	-0.00634893	-0.00234123	0.135242	0.188604	0.306338	-0.0216502	-0.00827475	-0.00749073	-0.00593966	-0.00485929	-0.00327825	-0.196711	-0.131942	-0.0803517	-0.054343	-0.0188348	-0.0786766	0.293286	-0.303484	-0.00139117	-0.157507	0.000459887	-0.0319723	0.346136	0.295282	-0.00249331	0.249076	0.154282	-0.0101643	-0.0107348	-0.148875	-0.00794747	-0.0109685	-0.00883739	-0.0178433	-0.00988109	-0.0145497	-0.0106747	-0.0239758	-0.000875938	-0.0144553	-0.0364106	-0.0506578	-0.0713955	-0.157188	-0.0123196	-0.0179565	-0.010657	0.0383632	0.0378452	0.0457795	-0.10636	0.052283	-0.00357902	-0.00100522	-0.000353569	0.0285774	0.0011079	0.107805	-0.0128681	-0.161479	-0.000633441	0.0552561	0.0370958	-0.00268697	-0.000808856	-0.0718586	-0.0726401	
0.69506	-0.0238084	-0.0712743	-0.012204	-0.00538358	0.0478958	0.00706719	-0.00947925	-0.145181	-0.00221257	0.314691	0.258849	0.325908	-0.00687076	-0.000929826	0.137555	0.191331	0.302509	-0.038774	-0.00794295	-0.00737541	-0.00593005	-0.00485612	-0.00317244	-0.16976	-0.136515	-0.0726148	-0.0512521	-0.0191677	-0.0812374	0.142781	-0.317202	-0.000718738	-0.128007	0.000499541	-0.0366318	0.334471	0.334513	-0.0024886	0.237987	0.158062	-0.0101493	-0.0106297	-0.152198	-0.00785052	-0.0109643	-0.00883229	-0.0175232	-0.00529828	-0.0175347	-0.0159251	-0.0335682	-0.000874249	-0.0335633	-0.0274488	-0.0592474	-0.0827556	-0.172825	-0.00476996	-0.0162767	-0.00860918	0.0370994	0.0368138	0.0355513	-0.0859759	0.0581775	-0.00357447	-0.0010033	-0.000352155	0.0315457	0.00105285	0.118968	-0.0126398	-0.181365	-0.00063167	0.0555065	0.0180557	-0.00268431	-0.000803047	-0.0778799	-0.0776754	
0.700029	-0.0269296	-0.0769	-0.0121876	-0.00537289	0.0486947	0.00328036	-0.00554799	-0.138694	-0.00183643	0.26612	0.179808	0.257351	-0.00701756	-0.000207508	0.142375	0.19747	0.315757	-0.0245481	-0.00778079	-0.00731879	-0.00592479	-0.00485395	-0.00312098	-0.170278	-0.139891	-0.0654665	-0.054096	-0.0255677	-0.0831109	0.128944	-0.329711	0.000269223	-0.0933373	0.000517517	-0.0411039	0.29145	0.256308	-0.0024839	0.223024	0.160422	-0.0101392	-0.0105688	-0.155612	-0.00780106	-0.0109602	-0.00882714	-0.0183387	-0.000864923	-0.0183446	-0.0190002	-0.0421916	-0.000872565	-0.0271698	-0.0175192	-0.0679538	-0.0925816	-0.188129	-0.00333615	-0.012973	-0.00699945	0.0376782	0.0361194	0.0296258	-0.250744	0.0638771	-0.00356991	-0.00100139	-0.000351152	0.0346723	0.000867492	0.12905	-0.0132239	-0.157563	-0.000630224	0.0535546	-0.00164934	-0.00268165	-0.000799081	-0.0834605	-0.0821846	
0.704998	-0.0301651	-0.0820772	-0.0121731	-0.00536221	0.0822379	0.000124294	-0.00221694	-0.134643	-0.00158728	-0.0488921	0.12831	0.184005	-0.00586256	0.000157991	0.117823	0.15947	0.232384	-0.0333376	-0.00770173	-0.00729077	-0.00592147	-0.00485203	-0.00309594	-0.268339	-0.142018	-0.0585637	-0.0535976	-0.0106746	-0.0842859	0.260037	-0.342955	0.000958101	-0.0751373	0.000499796	-0.0441807	-0.0208444	0.167986	-0.0024792	0.222686	0.163605	-0.0101319	-0.0171119	-0.145021	-0.00777332	-0.0109562	-0.00901397	-0.0207622	0.00339417	-0.014974	-0.0183711	-0.0486062	-0.000870956	-0.018084	-0.033152	-0.0777592	-0.102844	-0.202596	0.00932603	-0.00322517	-0.0050679	0.0241499	0.010769	-0.011896	-0.139651	0.069209	-0.00356534	-0.000999484	-0.000350343	0.0378712	0.000442532	0.137895	-0.0149622	-0.208107	-0.000628932	0.0507582	-0.0153457	-0.00329802	-0.000796219	-0.0864048	-0.0842675	
0.709967	-0.0336267	-0.0869261	-0.0121597	-0.00814402	0.093839	-0.00265059	-0.000157401	-0.130823	-0.00142473	-0.0374279	-0.0631893	-0.132921	-0.00447589	0.000340661	0.165237	0.229354	0.392553	0.0221603	-0.00766273	-0.00727658	-0.005919	-0.0136954	-0.00308364	-0.272247	-0.142855	-0.0698514	-0.110538	-0.00877991	-0.084785	0.302023	-0.349401	0.00121858	-0.0498722	-1.73482	-0.048919	0.00333411	-0.0918327	-0.00247452	0.224653	0.163963	-0.0101264	-0.052889	-0.15561	-0.00775537	-0.0119196	-0.0150669	-0.0249094	0.00740147	-0.0101633	-0.0129482	-0.0543863	-0.000869203	-0.0396546	-0.0258622	-0.306543	-0.11976	-0.217603	-0.00382195	-0.0233578	-0.0278392	0.0177119	0.0234572	-0.00786916	-0.0759263	0.0740423	-0.00356077	-0.000997579	-0.000349627	0.0410559	-0.000306532	0.145361	-0.0179406	-0.150549	-0.000627716	0.0496626	-0.02233	-0.00331548	-0.000794011	-0.0850073	-0.0825095	
0.714935	-0.0374067	-0.0914772	-0.012147	-0.00770687	0.0790809	-0.00592352	0.00086569	-0.127318	-0.00131976	-0.00496548	-0.0712733	-0.162616	-0.00347284	0.000431049	0.160854	0.219247	0.343804	0.00816662	-0.00764289	-0.00726893	-0.00591691	-0.0138854	-0.0030772	-0.255475	-0.142421	-0.0532797	-0.0979758	-0.0216001	-0.0846632	0.252475	-0.351428	0.00124367	-0.0204728	0.00901991	-0.0539685	0.0652847	-0.0976604	-0.00246985	0.221792	0.162626	-0.0101219	-0.080474	-0.100677	-0.00774179	-0.0120357	-0.0159148	-0.0301899	-0.0769261	-0.0204908	-0.0107617	-0.0580881	-0.000867533	-0.0319366	-0.0166804	-0.188191	-0.132312	-0.229525	0.0341049	0.013592	0.00329796	0.0145373	0.00176389	-0.00450175	-0.0789424	-0.00019904	-0.0035562	-0.000995676	-0.000348955	0.00902956	-0.00133746	0.146463	-0.0217392	-0.11478	-0.000626536	0.0508254	-0.024108	-0.131796	-0.000792212	-0.0791854	-0.0768844	
0.719904	-0.0415834	-0.0956332	-0.0121347	-0.00686878	0.0557013	-0.00978481	0.00131137	-0.12529	-0.00125254	0.0386748	-0.0331355	-0.100961	-0.00286551	0.000475043	0.154662	0.209255	0.324074	0.0151178	-0.00763188	-0.0072643	-0.00591498	-0.011038	-0.00307369	-0.224881	-0.140733	-0.0343509	-0.0611855	-0.0210003	-0.0839742	0.0975218	-0.351971	0.00123991	0.00422387	-0.0181492	-0.0582505	0.112741	-0.0563257	-0.00246519	0.214225	0.158404	-0.010118	-0.0658735	-0.0473214	-0.00773015	-0.011875	-0.0150267	-0.0351017	-0.065737	-0.0198976	-0.0236829	-0.0601888	-0.000865815	-0.0212094	-0.028954	-0.119237	-0.139523	-0.237032	0.0308698	0.0137685	-0.00704205	0.0091736	-0.0108334	-0.0143294	-0.0787638	0.0806901	-0.00355162	-0.000993778	-0.000348306	0.0528346	-0.00241892	0.149704	-0.0252808	-0.336835	-0.000625374	0.0549741	-0.0286025	-0.146409	-0.000790642	-0.0708209	-0.0690391	
0.725089	-0.0462217	-0.0989419	-0.0121227	-0.00617511	0.0423883	-0.0141115	0.00149778	-0.125224	-0.00120946	-0.0185341	0.0281006	-0.0371772	-0.00918127	0.000496252	0.15475	0.20806	0.320146	0.0213607	-0.00762482	-0.00726104	-0.00591312	-0.00839313	-0.00307136	-0.210422	-0.137902	-0.0422624	-0.0274416	-0.0153935	-0.0827874	0.012348	-0.350642	0.00123954	0.0077555	0.0141368	-0.0614439	-0.0130947	-0.00615503	-0.00246054	0.206426	0.155289	-0.0101145	-0.0465316	-0.0196792	-0.0130547	-0.0116374	-0.0135897	-0.0373655	-0.049014	-0.0167635	-0.0240345	-0.060382	-0.000864197	-0.0264224	-0.0221697	-0.106582	-0.141012	-0.239952	0.0271318	0.0139564	-0.0106919	0.0160845	-0.00123343	-0.0108451	-0.0663699	0.0638062	-0.00354703	-0.000991886	-0.000347668	0.0491597	-0.00327266	0.152955	-0.026928	-0.322066	-0.000624222	0.0614625	-0.0655912	-0.138199	-0.000789212	-0.0629128	-0.0615902	
0.730057	-0.0513435	-0.0992964	-0.0121108	-0.00575516	0.0370404	-0.0185967	0.00157759	-0.125637	-0.00118178	-0.0153878	0.15637	0.046538	-0.00810977	0.000506236	0.156206	0.207617	0.310858	0.0353567	-0.00761964	-0.00725838	-0.00591129	-0.00670501	-0.0030696	-0.217043	-0.133992	-0.0289366	-0.00166437	-0.00942714	-0.0812135	-0.0117589	-0.345805	0.00124007	-0.00820557	-0.000288152	-0.063328	-0.015177	0.104318	-0.00245589	0.198927	0.152745	-0.0101113	-0.0309501	-0.0460929	-0.0121344	-0.0114273	-0.0122624	-0.0347315	-0.0305364	-0.0132603	-0.0210448	-0.060555	-0.000862533	-0.0194404	-0.0140716	-0.108947	-0.138891	-0.239316	0.0192234	0.00267757	-0.0210963	0.0118663	-0.00142482	-0.0126415	-0.0532509	0.0547319	-0.00354244	-0.000989998	-0.000347035	0.0528587	-0.00380821	0.15461	-0.0250574	-0.267179	-0.000623076	0.0684876	-0.0701369	-0.121934	-0.000787865	-0.0580592	-0.0568389	
0.735026	-0.0569549	-0.0852067	-0.101038	-0.00551806	0.0719905	-0.0165209	0.00161348	-0.124455	-0.0011638	0.00764781	0.056433	0.0336517	-0.00610426	0.000510829	0.159338	0.211316	0.311777	0.0530873	-0.00761519	-0.007256	-0.00590947	-0.00576824	-0.00306808	-0.220422	-0.129181	-0.0156508	-0.000477485	-0.00276095	-0.0793198	-0.0194844	-0.337029	0.00124038	-0.0228977	1.49697	-0.0637295	0.013045	0.0297036	-0.00245126	0.188823	0.146601	-0.010108	-0.0211933	-0.100642	-0.0105253	-0.0112642	-0.0111977	-0.0268499	-0.00354204	-0.0367631	-0.0172972	-0.0603253	-0.000860876	-0.0122198	-0.0226159	-0.110857	-0.137142	-0.237178	0.00918905	-0.00690911	-0.0275662	0.00703302	-0.00199641	-0.011988	-0.0424777	0.0405847	-0.00353784	-0.000988114	-0.000346406	0.0302439	-0.00420003	0.153749	-0.0194052	-0.19366	-0.000621935	0.0734691	-0.0602122	-0.105614	-0.00078657	-0.0566681	-0.055153	
0.739995	-0.0630186	-0.0733604	0.0446836	-0.00538968	0.090132	-0.0137116	0.00162947	-0.120934	-0.00115188	0.0438785	0.0946505	0.123601	-0.00440478	0.000512785	0.159218	0.209119	0.295706	0.0763909	-0.00761108	-0.00725381	-0.00590765	-0.00528673	-0.00306666	-0.215506	-0.123667	-0.0119449	0.00582905	0.0213155	-0.0772208	-0.0249873	-0.325086	0.00124037	-0.0274329	-0.00714943	-0.0629213	0.054082	0.102197	-0.00244664	0.176539	0.137674	-0.0101049	-0.0157722	-0.129609	-0.00922957	-0.0111466	-0.0104094	-0.0161048	0.0292983	-0.0361665	-0.0550808	-0.0601964	-0.00085922	-0.0264254	-0.0169791	-0.113486	-0.139783	-0.235743	-0.00296604	-0.0142457	-0.0298845	0.00296411	-0.00299418	-0.0107109	-0.032332	0.0548375	-0.00353324	-0.000986234	-0.00034578	0.0546744	-0.00470533	0.150466	-0.0116748	-0.0648582	-0.000620796	0.0747736	-0.0468804	-0.0913361	-0.000785257	-0.0569875	-0.054974	
0.744963	-0.0694836	-0.0638161	0.0200567	-0.00531902	0.0576902	-0.0118423	0.00163409	-0.115809	-0.00114372	0.0258737	0.132573	0.281744	-0.00495037	0.00051349	0.15287	0.196314	0.262992	0.0808317	-0.00760712	-0.0117347	-0.0111167	-0.00504758	-0.00409768	-0.209078	-0.117615	-0.0372006	0.00701202	0.0286872	-0.0750116	-0.0327465	-0.312369	0.0012402	-0.0264298	0.0167913	-0.0621983	-0.00751175	0.222841	-0.00244203	0.162824	0.125739	-0.0101019	-0.0129929	-0.101607	-0.00846786	-0.0110647	-0.00985082	-0.00646656	0.0642405	-0.0301726	-0.0560514	-0.0597116	-0.000857569	-0.0246878	-0.0105906	-0.119322	-0.147455	-0.235857	-0.0140813	-0.0194585	-0.0289124	-0.00172881	-0.00488976	-0.0098598	-0.0217349	0.065536	-0.00352863	-0.000984358	-0.000345158	0.0617415	-0.00540128	0.146804	-0.00471932	0.0359782	-0.000619661	0.0732095	-0.0372554	-0.0805594	-0.000784059	-0.0567224	-0.0542654	
0.749932	-0.0762571	-0.0562383	0.0419375	-0.00527845	0.037519	-0.0106769	0.00162863	-0.110269	-0.00113788	0.0330042	-0.0153365	-0.032855	-0.00414226	0.000513598	0.149065	0.188072	0.241546	0.0884103	-0.00760323	-0.0118805	-0.0118494	-0.00493099	-0.00390867	-0.199655	-0.111261	-0.0191384	-0.0335444	0.0278912	-0.0727954	-0.045713	-0.301942	0.00123998	-0.0273648	-0.0109163	-0.0635336	-0.00337707	-0.02459	-0.00243743	0.148361	0.115432	-0.0100988	-0.0116239	-0.0624292	-0.00805163	-0.0110088	-0.00946704	-0.000673908	0.0813603	-0.0376655	-0.0487096	-0.0602315	-0.000855921	-0.0187913	-0.0216015	-0.126457	-0.156368	-0.236278	-0.0239929	-0.0255425	-0.0304593	-0.00911142	-0.0107404	-0.0129743	-0.0105897	0.0637528	-0.00352402	-0.000982485	-0.000344562	0.0527088	-0.00608348	0.144263	-0.000519953	0.0432063	-0.000618527	0.0711928	-0.0305035	-0.0721731	-0.000782847	-0.054311	-0.0516907	
0.754901	-0.0832395	-0.0500214	0.0244172	-0.00525317	0.00554211	-0.00995206	0.00160826	-0.105084	-0.00113348	-0.0449877	0.0148337	0.00159473	-0.00335594	0.000513423	0.144611	0.178531	0.21603	0.0917288	-0.0146367	-0.0103625	-0.010018	-0.00487467	-0.00359496	-0.197241	-0.104837	-0.0512841	-0.0136333	0.0237203	-0.0706502	-0.0636993	-0.294964	0.00123975	-0.0358253	0.00158147	-0.0678447	-0.0671467	0.00241698	-0.00243284	0.134952	0.109095	-0.0100958	-0.0109663	-0.0373807	-0.00840594	-0.010971	-0.00920896	0.00145475	0.0828132	-0.0333066	-0.0491687	-0.0613925	-0.000854277	-0.0122213	-0.016622	-0.130833	-0.161615	-0.234642	-0.0330244	-0.0318301	-0.0339637	-0.0175344	-0.0183936	-0.0183899	0.00086355	0.0568153	-0.0035194	-0.000980619	-0.000343985	0.0411878	-0.00621742	0.144244	0.00103827	-0.023178	-0.000617397	0.0719091	-0.0490325	-0.0651815	-0.000781598	-0.0496969	-0.0472163	
0.760085	-0.09031	-0.0448411	0.0148517	-0.00523557	-0.016558	-0.00949789	-0.00107696	-0.100351	-0.00113002	-0.0736009	0.0730557	0.0873805	-0.00279316	0.000513114	0.141491	0.171665	0.195428	0.0978066	-0.0133771	-0.00900125	-0.00827015	-0.00484756	-0.0172502	-0.210749	-0.098574	-0.0426625	0.00699324	0.031284	-0.0686435	-0.0835664	-0.290315	0.00123945	-0.0478609	0.00074961	-0.0737426	-0.109158	0.0722896	-0.00242826	0.121262	0.0992505	-0.0100928	-0.010655	-0.023595	-0.0081948	-0.0109454	-0.00903798	0.00166374	0.070571	-0.026487	-0.0420797	-0.0632609	-0.000852637	-0.0133849	-0.0104408	-0.129642	-0.160212	-0.228924	-0.041742	-0.0390071	-0.0397089	-0.0263152	-0.0264818	-0.0241133	0.0122508	0.0556045	-0.00351478	-0.000978755	-0.000343371	0.0395021	-0.00523027	0.145923	0.00119984	-0.0665771	-0.000616269	0.078592	-0.0513298	-0.0591118	-0.000780346	-0.0437684	-0.0416175	
0.765054	-0.0973718	-0.0404718	0.004026	-0.00522174	-0.0365098	-0.00921261	0.00848885	-0.0951358	-0.00112694	-0.0698179	0.0763543	0.157279	-0.00246021	0.000512742	0.138274	0.164446	0.174911	0.104301	-0.0112622	-0.00815309	-0.00714075	-0.00483429	0.0539473	-0.222394	-0.0926467	-0.0166336	-0.00213161	0.0353691	-0.0668543	-0.099071	-0.278055	0.00123897	-0.056422	0.00120898	-0.0773571	-0.0999594	0.115529	-0.00242369	0.10757	0.0878925	-0.0100898	-0.0105093	-0.0167046	-0.00796218	-0.0109277	-0.0089257	0.00165857	0.0613425	-0.0530031	-0.0335838	-0.0653636	-0.000851	-0.00935329	-0.00941156	-0.121903	-0.151522	-0.218266	-0.0517099	-0.0476549	-0.0430386	-0.0334667	-0.0330675	-0.0297047	0.023211	0.0604435	-0.00351016	-0.000976896	-0.000342696	0.0505434	-0.00329474	0.147539	0.0011956	-0.0667007	-0.000615143	0.0919184	-0.044868	-0.0537803	-0.000779161	-0.03723	-0.0355093	
0.770023	-0.104255	-0.0367583	0.00139926	-0.00520974	-0.0477581	-0.00903354	0.0240606	-0.0888189	-0.00112427	-0.0562103	0.018205	0.0444935	-0.0022749	0.000512366	0.135129	0.15729	0.15598	0.108831	-0.00957547	-0.00769057	-0.00651587	-0.00482759	0.0450962	-0.224325	-0.087246	0.00959188	-0.0129514	0.0269964	-0.0653204	-0.106399	-0.251504	0.0012382	-0.0586747	0.000756995	-0.07633	-0.0768577	0.0280813	-0.00241913	0.0943135	0.0769258	-0.0102192	-0.0104414	-0.01337	-0.00779061	-0.0109152	-0.00885213	0.00165991	0.0541796	-0.05056	-0.0460494	-0.0658226	-0.000849367	-0.00561969	-0.0091328	-0.109034	-0.137345	-0.203659	-0.0612584	-0.0569987	-0.0457974	-0.0401739	-0.0398322	-0.0363018	0.0334836	0.069758	-0.00350552	-0.000975006	-0.000342053	0.0636236	-0.00117953	0.148308	0.00119651	-0.10352	-0.000614019	0.110492	-0.036355	-0.0490881	-0.000777947	-0.0303074	-0.0290731	
0.774991	-0.110877	-0.03358	-0.00419615	-0.00519857	-0.0638011	-0.00892114	0.0339143	-0.08104	-0.0011218	-0.0630824	0.0445907	0.106205	-0.00217598	0.000511923	0.132244	0.151004	0.138884	0.115478	-0.0124895	-0.0136628	-0.00941992	-0.00807787	0.0708192	-0.219859	-0.082493	-0.0197953	0.00576835	0.0259347	-0.0640881	-0.103129	-0.218937	0.00123823	-0.0545083	0.000641686	-0.0699812	-0.0820487	0.0700545	-0.00241458	0.081723	0.0667297	-0.011048	-0.0104093	-0.0117795	-0.00768932	-0.0109058	-0.00880368	0.00166803	0.0468704	-0.0417706	-0.0427262	-0.0658007	-0.000847737	-0.00301604	-0.00785738	-0.0941903	-0.121144	-0.18722	-0.0698917	-0.0657807	-0.0488139	-0.0466067	-0.0465314	-0.0433301	0.0428881	0.0797906	-0.00350089	-0.00097319	-0.000341432	0.077349	0.000335112	0.148121	0.00120232	-0.0867191	-0.000612898	0.129828	-0.02887	-0.0449557	-0.000776737	-0.0232475	-0.0225163	
0.77996	-0.117117	-0.0308418	-0.0076222	0.0111951	-0.0737947	-0.00885021	0.0385123	-0.0712773	-0.00111945	-0.0779712	0.0745897	0.192767	-0.00212334	0.00051144	0.133058	0.152893	0.133738	0.126008	-0.0148993	-0.0180303	-0.0116625	0.0700313	0.0722024	-0.212838	-0.0787378	-0.0278927	0.0195158	0.0252364	-0.0633588	-0.0887798	-0.182171	0.00123996	-0.0426822	0.000590952	-0.0583407	-0.0977476	0.129222	-0.00241003	0.0698423	0.0570986	-0.0124326	-0.0103933	-0.0110214	-0.00763095	-0.0108985	-0.00877134	0.00167327	0.0408931	-0.0413649	-0.0355244	-0.0648172	-0.000846111	-0.00147493	-0.0066838	-0.0827184	-0.10864	-0.1718	-0.0765488	-0.0728932	-0.0539262	-0.0519186	-0.0524631	-0.0492268	0.051302	0.0864637	-0.00349624	-0.000971343	-0.000340821	0.0847917	0.00100852	0.145988	0.00120609	-0.0859344	-0.00061178	0.141992	-0.0375385	-0.0413082	-0.000775505	-0.0165335	-0.0162622	
0.784929	-0.123646	-0.0284679	-0.00441665	0.0939275	-0.0769395	-0.00880486	0.0419341	-0.0596956	-0.00111718	-0.0930375	0.0273865	0.139085	-0.00209479	0.000511081	0.129222	0.148239	0.120049	0.13302	-0.0160151	-0.0200833	-0.0127128	0.121881	0.0897548	-0.205033	-0.092117	-0.0244128	0.00230865	0.0277479	-0.0738163	-0.0644353	-0.14258	0.00124043	-0.0244134	0.000597706	-0.0413335	-0.112975	0.0888464	-0.0024055	0.0586734	0.0479393	-0.0147097	-0.0103845	-0.0106613	-0.00766881	-0.0115302	-0.00874921	0.00167524	0.0366887	-0.0420619	-0.0277301	-0.0633772	-0.000844489	-0.00058403	-0.00572169	-0.0828564	-0.107784	-0.161484	-0.0846954	-0.0789266	-0.0568176	-0.0580167	-0.0587774	-0.0544026	0.0586207	0.0799258	-0.0034916	-0.000969501	-0.000340207	0.0809824	0.00112206	0.137181	0.00120759	-0.0770985	-0.000610664	0.145203	-0.0470141	-0.038085	-0.000774323	-0.010792	-0.0108743	
0.790113	-0.127786	-0.026398	0.0449081	-0.0552309	-0.0536674	-0.00877514	0.0466202	-0.0464425	-0.00111496	-0.0933089	0.0390705	0.120136	-0.00207859	0.000510565	0.120547	0.134187	0.100627	0.178877	-0.0133492	-0.016186	0.161716	0.0852251	0.106524	-0.196822	-0.0787842	-0.00120199	0.0156903	0.0896828	-0.0601083	-0.0285214	-0.103668	0.00124021	0.000152946	0.000605935	-0.0178194	-0.107314	0.0670039	-0.00240098	0.0482131	0.0392837	-0.0145619	-0.0103788	-0.0104899	-0.00785431	-0.0116042	-0.0087335	0.00167547	0.0334837	-0.0280593	-0.106996	-0.0618292	-0.00084287	-9.83993e-05	-0.00354439	-0.0990545	-0.124018	-0.16014	-0.0900513	-0.0805532	-0.0640194	-0.0609092	-0.0605558	-0.0519033	0.0647927	0.0557001	-0.00348695	-0.000967662	-0.000339595	0.0588971	0.00111656	0.128391	0.00120777	-0.079481	-0.000609537	0.140947	-0.0437638	-0.0352435	-0.000773119	-0.00627585	-0.00658542	
0.795082	-0.133905	-0.0245838	0.098283	0.00926512	-0.0411484	-0.00875496	0.0530078	-0.0319836	-0.00111276	-0.108029	0.0468235	0.0969512	-0.00206857	0.000510224	0.115555	0.125831	0.0876516	0.191481	0.0310187	-0.0124857	0.0992733	0.110544	0.117585	-0.18811	-0.074036	-0.00134365	0.0249763	0.163228	-0.065945	0.0238016	-0.0717208	0.0012393	0.0326112	0.000610689	0.0136948	-0.131824	0.046326	-0.00239647	0.0384529	0.0311588	-0.0136893	-0.0103745	-0.0104071	-0.00777843	-0.0114959	-0.00872181	0.00167501	0.0309248	-0.0118249	-0.106097	-0.0601641	-0.000841244	0.000158862	-0.00182767	-0.122284	-0.1488	-0.167187	-0.0949278	-0.0833291	-0.0678295	-0.06538	-0.0658094	-0.0542946	0.0697917	0.0295982	-0.00348229	-0.000965827	-0.000338984	0.0135329	0.00111571	0.120026	0.00120744	-0.0752557	-0.000608369	0.130519	-0.0362179	-0.0327458	-0.000771918	-0.00303087	-0.00345605	
0.800051	-0.137338	-0.0229862	0.123555	0.115094	-0.0418005	-0.00874058	0.0607252	-0.0165388	-0.00111059	-0.125611	0.0399692	0.0745278	-0.00206165	0.000509786	0.114867	0.124176	0.082625	0.180443	0.192097	-0.0102376	0.118741	0.132302	0.129753	-0.173929	-0.0756062	-0.00232389	0.025878	0.156683	-0.0679233	0.0984351	-0.0497944	0.00123759	0.0811797	0.000611725	0.0551619	-0.160172	0.0306993	-0.00239197	0.0293799	0.0235652	-0.0127621	-0.0103708	-0.0103649	-0.0076816	-0.0113371	-0.0087126	0.00167431	0.0288494	-0.000229243	-0.0671103	-0.0584886	-0.000839697	0.000291381	-0.000724787	-0.139867	-0.167687	-0.176241	-0.0939285	-0.0842985	-0.0708985	-0.0675101	-0.0699934	-0.0588698	0.0736314	0.0111856	-0.00347761	-0.000963997	-0.000338374	-0.0178154	0.00111632	0.111898	0.00120694	-0.069755	-0.000607402	0.114961	-0.02906	-0.0305524	-0.000770719	-0.000856964	-0.00131194	
0.805019	-0.141067	-0.0215737	0.117219	0.154088	-0.051984	-0.00872972	0.0693895	-0.00190358	-0.00110842	-0.143052	0.0262766	0.0564576	-0.0020562	0.000488018	0.117493	0.127074	0.0836511	0.16689	0.142328	-0.00880812	0.119544	0.122144	0.117922	-0.138787	-0.093479	-0.00140613	0.02447	0.130443	-0.081169	0.125976	-0.0365467	0.00123686	0.159716	0.00591008	0.106978	-0.18639	0.0203003	-0.00238748	-0.00146631	-0.000963192	-0.012883	-0.0103674	-0.0103411	-0.00866644	-0.0133358	-0.00870493	0.00167365	0.0270914	0.00571173	-0.0266879	-0.0568873	-0.000838008	0.000358493	-9.87363e-05	-0.146242	-0.173699	-0.180172	-0.0876649	-0.0720713	-0.060743	-0.067799	-0.0789002	-0.0712981	0.0763455	0.0121333	-0.00347297	-0.00096217	-0.000337765	-0.0143506	0.00111705	0.104332	0.00120646	-0.0610324	-0.000606261	0.0950155	-0.0225449	-0.0286333	-0.000769522	0.000441928	1.06761e-05	
0.809988	-0.150019	-0.0203199	0.0912344	0.122456	-0.0684686	-0.00872098	0.0787323	0.00810322	-0.00110627	-0.212829	0.0159641	0.0445439	-0.00205146	-9.90545e-05	0.123684	0.134202	0.0895815	0.158908	0.131088	-0.0080129	0.123176	0.125496	0.119821	-0.0915281	-0.10191	-0.0232895	0.025011	0.107377	-0.0859787	0.0923678	-0.0281768	0.00123678	0.245292	0.0785078	0.142655	-0.20304	0.0141303	-0.002383	-0.0181129	-0.0126485	-0.0171876	-0.0103641	-0.0103254	-0.0290801	-0.0358184	-0.00876591	0.0016733	0.0255924	0.00818254	-0.00469521	-0.0554088	-0.000836433	0.000391662	0.000239664	-0.140306	-0.167111	-0.176366	-0.0836684	-0.0412547	-0.0551865	-0.0648604	-0.0783329	-0.0889155	0.0780112	0.0197178	-0.00346829	-0.000960348	-0.000337158	0.00401083	0.00111716	0.0974821	0.00120621	-0.0511265	-0.000605136	0.0712216	-0.0376343	-0.026964	-0.000768278	0.00111149	0.000722787	
0.814957	-0.149123	-0.0192034	0.0761471	0.0943504	-0.0715821	-0.00871354	0.0885185	0.0120682	-0.00110413	-0.24812	0.0106273	0.0371777	-0.00204707	-0.000820102	0.134222	0.146829	0.102235	0.15221	0.139082	-0.00759615	0.115019	0.121356	0.116045	-0.039943	-0.1089	-0.0234691	0.0266875	0.0719207	-0.0918872	0.0567689	-0.0287941	0.00123658	0.223017	0.10758	0.12207	-0.207499	0.0102019	-0.00237853	-0.018841	-0.0126348	-0.0232614	-0.0103608	-0.0103133	-0.0289098	-0.0468052	-0.0114838	0.00167345	0.0242266	0.00917756	0.00051339	-0.0540709	-0.00083483	0.000407778	0.0004163	-0.124056	-0.148437	-0.16516	-0.0793622	-0.0192767	-0.05932	-0.0611586	-0.0740196	-0.090984	0.0786484	0.0286465	-0.00346364	-0.000958532	-0.000336552	0.0197163	0.00111698	0.0912817	0.00120627	-0.0489146	-0.00060402	0.0472728	-0.048914	-0.0255212	-0.000767134	0.00141564	0.00106405	
0.819925	-0.15003	-0.0182062	0.0518441	0.086462	-0.0772635	-0.00870686	0.0981311	0.0114657	-0.001102	-0.255482	0.0078386	0.0323025	-0.0110709	-0.00128449	0.144865	0.158662	0.117369	0.138298	0.140195	-0.00738759	0.121522	0.122207	0.106293	0.00513554	-0.10433	-0.0167985	0.0280794	0.0398164	-0.0877599	0.0253091	-0.0389194	0.00123637	0.140754	0.10753	0.081683	-0.203745	0.00737696	-0.00237407	-0.0176974	-0.0143428	-0.0281008	-0.0103575	-0.0103029	-0.0254461	-0.0521762	-0.0142687	0.00167354	0.0230553	0.00969601	-0.00164275	-0.0528722	-0.000833234	0.000415347	0.00050665	-0.0825458	-0.118936	-0.14638	-0.0492964	-0.0199616	-0.0484041	-0.0573661	-0.0684907	-0.0847221	0.0784874	0.0367586	-0.00345901	-0.000956716	-0.000349426	0.0311168	0.00111675	0.0857978	0.00120636	-0.0553778	-0.000602916	0.0231112	-0.0554289	-0.0242815	-0.000765932	0.00154452	0.0012172	
0.82511	-0.153496	-0.0173132	0.0286636	0.0479248	-0.0810755	-0.00870064	0.10761	0.0128209	-0.00109987	-0.24674	0.00573742	0.0286209	-0.0161798	-0.00141697	0.15454	0.170174	0.130533	0.139941	0.0974286	-0.00728528	0.115023	0.117178	0.109737	0.029694	-0.10125	-0.00536314	0.0288722	0.0469981	-0.085391	-0.00682537	-0.0435777	0.00123687	0.112876	0.103537	0.0505299	-0.196052	0.00523241	-0.00236961	-0.0232498	-0.0182886	-0.0306449	-0.160231	-0.0102932	-0.069839	-0.0532558	-0.0161278	0.00167304	0.0219475	0.0100713	-0.0048192	-0.0518019	-0.00083164	0.000418747	0.000551918	-0.0667601	-0.0874257	-0.123919	-0.0742296	-0.155959	-0.0936949	-0.0546621	-0.0652921	-0.0791478	0.0775092	0.0435905	-0.00345431	-0.000954905	-0.000347155	0.0386991	0.00111653	0.0808654	0.00120603	-0.0495376	-0.000601824	0.0159238	-0.0477351	-0.0232196	-0.000764755	0.00159646	0.0012819	
0.830079	-0.150405	-0.0165118	0.0127636	0.0279423	-0.0804414	-0.00869468	0.116443	0.0150074	-0.00109774	-0.23096	0.00389806	0.0255934	-0.0184156	-0.00138786	0.159938	0.178383	0.142167	0.137654	0.103693	-0.00723567	0.112351	0.113498	0.0876062	0.0288154	-0.0984506	0.00686484	0.0292531	0.024754	-0.0808218	-0.0361634	-0.0457162	0.0012386	0.128482	0.101987	0.0277441	-0.186864	0.0035955	-0.00236517	-0.0302528	-0.0240551	-0.0316277	-0.210591	-0.0102838	-0.0920013	-0.0523992	-0.0171484	0.00167192	0.02092	0.0103582	-0.00732558	-0.0508442	-0.00083005	0.000420125	0.000574104	-0.0488354	-0.0568241	-0.101462	-0.0683394	-0.147233	-0.102656	-0.0455326	-0.0586292	-0.0721181	0.0758835	0.0490786	-0.00344957	-0.00095308	-0.000342659	0.0434014	0.00111636	0.0765542	0.00120523	-0.0484447	-0.000600744	0.018221	-0.0377905	-0.022309	-0.000763568	0.00161328	0.00130349	
0.835048	-0.147279	-0.0157911	-0.0102975	-0.029591	-0.0794171	-0.00868889	0.124761	0.0189128	-0.00109562	-0.210104	0.00240376	0.0230072	-0.0182102	-0.00145282	0.162076	0.181878	0.150418	0.127517	0.108263	-0.00721144	0.104212	0.097077	0.106626	0.0188204	-0.0953442	0.0225167	0.0293013	0.0214792	-0.0776069	-0.0602051	-0.044999	0.00123236	0.19981	0.100927	0.0123948	-0.177207	0.00231857	-0.00236074	-0.0366345	-0.0296505	-0.03112	-0.226288	-0.0102745	-0.0978498	-0.0495507	-0.017295	0.00167043	0.0199831	0.0105324	-0.0091785	-0.0499815	-0.000828464	0.00042053	0.00058466	-0.0349354	-0.0390486	-0.0820287	-0.0565622	-0.133216	-0.100109	-0.0313125	-0.0503885	-0.0648576	0.0737519	0.0945197	-0.00344487	-0.000951296	-0.000338703	0.0504446	0.00111619	0.0728221	0.00120418	-0.0466043	-0.000599675	0.0237759	-0.0305381	-0.0215217	-0.000762414	0.00161928	0.00131152	
0.840016	-0.141605	-0.015142	-0.00809229	-0.00444206	-0.07529	-0.0106193	0.132834	0.0240546	-0.00109351	-0.186474	0.00126288	0.0207272	-0.0167937	-0.00153921	0.161421	0.179034	0.150501	0.103283	0.12844	-0.0071992	0.101367	0.116485	0.0697783	0.0158425	-0.092702	0.0428958	0.0290107	-0.000380826	-0.0760599	-0.0789254	-0.0422515	0.00120776	0.249276	0.0986693	0.00222893	-0.167436	0.0012853	-0.00235632	-0.0404816	-0.0333889	-0.0292297	-0.222345	-0.0102653	-0.09449	-0.0450976	-0.0168154	0.00166898	0.0191043	0.0105536	-0.0104539	-0.0491957	-0.000826959	0.000420473	0.000589461	-0.033407	-0.04281	-0.0695259	-0.0769587	-0.101681	-0.0610648	-0.0311424	-0.0386703	-0.0522286	0.0712018	0.151612	-0.00344018	-0.000949497	-0.00103558	0.0613152	0.00111604	0.0696309	0.0012031	-0.0470391	-0.000598614	0.0253897	-0.0244451	-0.020829	-0.000761199	0.00161662	0.00130855	
0.844985	-0.136508	-0.0145568	-0.00203642	0.0181551	-0.0694437	-0.0127037	0.142222	0.032965	-0.0010914	-0.166292	0.000375641	0.0186543	-0.0166352	-0.00159661	0.158206	0.175483	0.155452	0.10379	0.123254	-0.00719251	0.0981502	0.102417	0.0863125	0.018252	-0.0895913	0.0580205	0.0283932	-0.000700211	-0.074005	-0.0943326	-0.0362217	0.00117821	0.243874	0.0950853	-0.00431716	-0.157707	0.000426173	-0.0023519	-0.044098	-0.0370221	-0.0271493	-0.215725	-0.0102931	-0.0897287	-0.0406839	-0.0161403	0.00166766	0.0183123	0.0103829	-0.0109743	-0.0484692	-0.000825353	0.000420193	0.000591461	-0.0411199	-0.0486533	-0.0657485	-0.0832149	-0.0831943	-0.0400475	-0.0334262	-0.0340185	-0.0440864	0.0684014	0.179642	-0.00343548	-0.000947703	-0.00159514	0.071957	0.00111587	0.067048	0.00120215	-0.0459648	-0.000597374	0.0185708	-0.0471159	-0.0202019	-0.00076002	0.00161398	0.00130559	
0.849954	-0.133181	-0.0140287	0.00421747	0.0327132	-0.0625901	-0.0141529	0.153222	0.0450972	-0.00108929	-0.14779	-0.000352358	0.0167187	-0.0204551	-0.0015243	0.157947	0.175629	0.155133	0.102997	0.110375	-0.00718834	0.085191	0.0976113	0.0965893	0.0234827	-0.0867414	0.0618139	0.0274951	0.0088556	-0.0720426	-0.108004	-0.0286865	0.00116592	0.233303	0.0906331	-0.00842033	-0.144287	-0.000300836	-0.0023475	-0.0485177	-0.0413582	-0.0252009	-0.205504	-0.0288161	-0.0840732	-0.0369054	-0.0153146	0.00166646	0.0175723	0.00999235	-0.0102498	-0.0477842	-0.000823725	0.00041981	0.000592113	-0.0564485	-0.0629968	-0.0698091	-0.064621	-0.0778621	-0.081273	-0.0272666	-0.0373294	-0.0428726	0.0654203	0.086512	-0.00343077	-0.000945843	-0.00185239	0.0622689	0.00111568	0.0649315	0.00120132	-0.0464762	-0.000596327	0.0130124	-0.0651489	-0.0196131	-0.000758841	0.00161007	0.00130105	
0.854922	-0.119062	-0.0135521	0.0301357	0.0870091	-0.0472969	-0.0136921	0.164884	0.0580682	-0.00108724	-0.119	-0.0112791	-0.000845481	-0.0224864	-0.000965301	0.14802	0.164411	0.151046	0.109849	0.104256	-0.0071853	0.0895334	0.0886009	0.0869121	0.0326001	-0.0703762	0.0818073	0.0182102	0.0541451	-0.0584521	-0.121034	-0.0203872	0.00117548	0.235877	0.0832005	-0.0127044	-0.110829	-0.00996705	-0.00234311	-0.0542768	-0.0461899	-0.0218833	-0.171326	-0.0278875	-0.0657793	-0.0312996	-0.0138673	0.00166552	0.016901	0.00936381	-0.00767688	-0.0471216	-0.000822152	0.000419377	0.000592124	-0.0710792	-0.0785498	-0.0784904	-0.0372933	-0.0703144	-0.0959546	-0.0305576	-0.0446063	-0.0368604	0.0623749	0.0945558	-0.00342606	-0.000944126	-0.00142954	0.0696775	0.00111549	0.0632587	0.00120064	-0.0465613	-0.000595282	0.0108713	-0.0594236	-0.0190366	-0.000757665	0.00160682	0.00129745	
0.860107	-0.108064	-0.0131219	0.0476546	0.136891	-0.0396669	-0.0126664	0.176382	0.0705104	-0.0010851	-0.0901724	-0.00271697	0.0105514	-0.0221427	-0.000464015	0.134534	0.148073	0.14169	0.130323	0.101594	-0.00718276	0.073333	0.0764383	0.0614421	0.0447885	-0.0528419	0.0761986	0.0264409	0.106924	-0.0449475	-0.133326	-0.0115797	0.00119599	0.244533	0.0792946	-0.0165256	-0.079197	-0.00192381	-0.00233872	-0.0596633	-0.0509157	-0.0186258	-0.136435	-0.0235038	-0.0482449	-0.0257881	-0.0124549	0.00166482	0.0162966	0.00849401	-0.00730911	-0.0464633	-0.000820588	0.000418921	0.000591831	-0.0785722	-0.0883071	-0.088613	-0.0450756	-0.0508631	-0.0712803	-0.0414331	-0.0413491	-0.0253138	0.0593645	0.082015	-0.00342135	-0.000942343	-0.00100406	0.0796736	0.00111529	0.0619781	0.00120013	-0.0475046	-0.000594202	0.011929	-0.0466476	-0.0184496	-0.000756491	0.00160486	0.00129573	
0.865076	-0.0988884	-0.0127338	0.071504	0.219962	-0.0305989	-0.011607	0.185385	0.0797555	-0.00108301	-0.0651037	0.00197582	0.0171165	-0.0166215	-0.000551068	0.120026	0.13097	0.128132	0.10263	0.121447	-0.00718044	0.0785127	0.0809151	0.0815963	0.0584818	-0.0360341	0.0577622	0.0274743	0.0993255	-0.0324348	-0.144418	-0.0014087	0.00121229	0.253144	0.0750581	-0.0195845	-0.0734419	0.00183485	-0.00233435	-0.0651694	-0.0559802	-0.0159481	-0.0987657	-0.0182947	-0.0317382	-0.0211902	-0.011291	0.00166438	0.0157579	0.00739659	-0.0962224	-0.0457932	-0.000819018	0.000418455	0.000591394	-0.0806546	-0.0919636	-0.097117	-0.0370522	-0.0540694	-0.0741361	-0.0351806	-0.0417373	-0.0294172	0.0564722	0.0758336	-0.00341663	-0.000940647	-0.000703921	0.0752691	0.00111509	0.0610597	0.00119981	-0.0482129	-0.000593123	0.0129053	-0.036333	-0.0178332	-0.000755319	0.00160491	0.00129633	
0.870044	-0.0938666	-0.0123842	0.0787418	0.2153	-0.0230951	-0.0107279	0.190886	0.0850225	-0.00108091	-0.0453102	0.00147197	0.016006	-0.0112604	-0.000751198	0.10788	0.117082	0.11657	0.100665	0.139008	-0.0082158	0.0632969	0.0678583	0.0833493	0.0729766	-0.0357169	0.0389651	0.0242052	0.087198	-0.0338417	-0.154191	0.0101549	0.00121911	0.261251	0.0697458	-0.0221766	-0.0781869	0.000806852	-0.00232998	-0.0713806	-0.0619583	-0.0139616	-0.0666292	-0.0146956	-0.020341	-0.0177335	-0.0104191	0.00166412	0.0152775	0.00609282	-0.0903887	-0.0450978	-0.000817456	0.000417968	0.00059089	-0.0811313	-0.0933258	-0.103246	-0.0371416	-0.0550103	-0.0694591	-0.0312534	-0.039765	-0.0335648	0.0537588	0.0705318	-0.00341191	-0.000938789	-0.00052569	0.0702765	0.0011149	0.0604834	0.00119963	-0.0528687	-0.000592046	0.0128484	-0.0300729	-0.0171721	-0.000754141	0.00160639	0.00129874	
0.875013	-0.089433	-0.0120697	0.0747902	0.164809	-0.0189091	-0.0100605	0.192847	0.0862884	-0.00107885	-0.0304825	-0.000823445	0.0117146	-0.0124293	-0.000778086	0.0997537	0.107759	0.109823	0.0915746	0.11426	-0.00947082	0.0637591	0.0662285	0.0807874	0.087916	-0.053429	0.0286993	0.0212818	0.0651862	-0.0493868	-0.163563	0.0214317	0.00121676	0.269537	0.0636696	-0.0248818	-0.0806056	-0.00142778	-0.00232563	-0.0788477	-0.0699209	-0.0125679	-0.0428053	-0.0125326	-0.0135452	-0.0152855	-0.00979798	0.0016639	0.014857	0.00461658	-0.0559454	-0.0443658	-0.000815897	0.000417515	0.000590354	-0.0823927	-0.0953995	-0.10792	-0.0369092	-0.0535659	-0.0633341	-0.0281806	-0.0367392	-0.0355564	0.0512846	0.0735969	-0.00340718	-0.00093702	-0.000426367	0.0657688	0.00111473	0.0597543	0.00119946	-0.054311	-0.000590972	0.0120551	-0.0231634	-0.0164555	-0.00075298	0.00160841	0.0013018	
0.879982	-0.0798229	-0.0117878	0.0676256	0.127474	-0.0153431	-0.00957999	0.190032	0.0837463	-0.00107676	-0.0141325	-0.00237309	0.00820383	-0.0106137	-0.00048685	0.0954072	0.102396	0.106548	0.0826409	0.0932739	-0.00889049	0.062336	0.0656595	0.065931	0.10294	-0.0616309	0.0244263	0.0196204	0.0522284	-0.0543042	-0.17326	0.0314731	0.00119927	0.277866	0.0573547	-0.0286066	-0.0649289	-0.00272937	-0.00232128	-0.0875328	-0.0810666	-0.0116266	-0.0272561	-0.0113519	-0.009888	-0.0136214	-0.00937006	0.00166355	0.0144938	0.00300939	-0.0241046	-0.0435888	-0.000814295	0.000417031	0.000589804	-0.0841467	-0.0981728	-0.112091	-0.0365532	-0.0495203	-0.056175	-0.0268733	-0.0341969	-0.0345291	0.0490831	0.0725038	-0.00340245	-0.000935253	-0.000373187	0.0618766	0.00111457	0.059183	0.00119921	-0.052526	-0.0005899	0.0113019	-0.0162894	-0.0156767	-0.000751813	0.00160961	0.00130388	
0.88495	-0.0702835	-0.0115359	0.061296	0.10953	-0.0117283	-0.00924522	0.179472	0.0770213	-0.00107474	-0.0132852	-0.00309279	0.00598425	-0.00778774	0.00422265	0.0937035	0.100328	0.105993	0.0758726	0.0819243	-0.00820285	0.0599235	0.0606038	0.055561	0.117746	-0.0590216	0.0216327	0.0182801	0.042675	-0.0501364	-0.183895	0.0395514	0.00113522	0.285836	0.0510729	-0.0341784	-0.0563192	-0.00331637	-0.00231694	-0.094271	-0.0959049	-0.011007	-0.0184157	-0.0107299	-0.00802221	-0.0125217	-0.00908165	0.00166301	0.0141769	0.00131689	-0.00920875	-0.0427604	-0.00081279	0.000416564	0.000589247	-0.0855937	-0.100799	-0.115925	-0.0346999	-0.0461975	-0.0511531	-0.0255317	-0.032247	-0.0331303	0.0471729	0.0716944	-0.00339771	-0.000933489	-0.00034526	0.0567489	0.00111441	0.0589845	0.00119883	-0.052058	-0.00058883	0.0113247	-0.0123271	-0.014834	-0.000750649	0.00160885	0.00130331	
0.889919	-0.0615101	-0.0113118	0.0559651	0.0989176	-0.00831855	-0.0090172	0.163643	0.0702411	-8.47476	-0.0612539	-0.00354617	0.00434515	-0.00526965	0.0517712	0.0926526	0.0995299	0.106192	0.0703935	0.0728544	-0.00771537	0.0554926	0.0571821	0.0468858	0.132108	-0.0523553	0.019243	0.0168899	0.0312252	-0.0443156	-0.197386	0.0472106	0.00090473	0.293247	0.0449222	-0.0419568	-0.0674975	-0.00378247	-0.00231262	-0.10444	-0.112255	-0.0106069	-0.0138291	-0.0104095	-0.00710034	-0.0118098	-0.00889018	0.00166234	0.0139126	-0.000407403	-0.00703488	-0.0418777	-0.000811241	0.00041609	0.000588687	-0.0861738	-0.102565	-0.119146	-0.0339119	-0.0423463	-0.0453047	-0.0247764	-0.0301513	-0.031257	0.0455601	0.0679263	-0.00339297	-0.00093173	-0.000330609	0.0526398	0.00111424	0.0590545	0.00119834	-0.0546592	-0.000587762	0.0123621	-0.0455469	-0.013929	-0.000749564	0.00160588	0.00130013	
0.895104	-0.0532137	-0.0111139	0.0509954	0.089389	-0.00530621	-0.00886424	0.13463	0.0613872	5.73192	-0.0926395	-0.00403307	0.0027923	-0.0188948	0.0944879	0.0909384	0.0983903	0.105701	0.065535	0.0638533	-0.0074417	0.0502028	0.0541785	0.0355434	0.145877	-0.0505574	0.0176252	0.0155775	0.0173108	-0.0441486	-0.213379	0.0525949	0.000104884	0.300113	0.0389409	-0.0513399	-0.0780648	-0.00433374	-0.0023083	-0.119515	-0.124654	-0.0103521	-0.0115794	-0.010245	-0.0066511	-0.0113557	-0.0087642	0.0016618	0.0136838	-0.00210135	-0.00939117	-0.0409395	-0.000809697	0.000415617	0.000588126	-0.0857892	-0.103018	-0.121403	-0.0332423	-0.0393247	-0.040029	-0.0242584	-0.0282641	-0.0295665	0.0442238	0.0646998	-0.00338823	-0.000929975	-0.000323003	0.0484341	0.00111407	0.0592828	0.00119796	-0.0613616	-0.000586697	0.0141795	-0.0468569	-0.0129678	-0.000748358	0.00160122	0.00129494	
0.900072	-0.0457665	-0.0109405	0.0464375	0.0808024	-0.0026187	-0.00876245	0.0976261	0.0531305	-0.118471	-0.107314	-0.00457252	0.00123819	-0.0160551	0.116328	0.0865183	0.0945651	0.102836	0.0613092	0.0558894	-0.00729812	0.0469712	0.0484188	0.0205534	0.158899	-0.0571447	0.0166357	0.0144634	0.00380744	-0.0511313	-0.231128	0.0567577	-0.00213073	0.30385	0.0331611	-0.0608459	-0.0826212	-0.00494424	-0.00230399	-0.131631	-0.129812	-0.0101914	-0.0105087	-0.0101597	-0.0064328	-0.0110693	-0.00868154	0.00166189	0.013484	-0.00369253	-0.0117993	-0.0399469	-0.000808156	0.000415145	0.000587564	-0.0838695	-0.101726	-0.122222	-0.0332192	-0.0367959	-0.0343574	-0.0240282	-0.0264427	-0.0274654	0.0431207	0.0619845	-0.00338348	-0.000928224	-0.00031896	0.0451534	0.00111388	0.0595003	0.00119801	-0.0768158	-0.000585634	0.0160536	-0.0407491	-0.0119594	-0.000747257	0.00159621	0.00128932	
0.905041	-0.0386476	-0.0107903	0.0425179	0.0737888	-0.000198033	-0.0086948	0.0712684	0.0491521	0.128282	-0.0925502	-0.00513572	-0.000274357	-0.0112669	0.123944	0.079287	0.0874857	0.0967154	0.0576729	0.0489436	-0.00722586	0.0465132	0.0408157	0.00711907	0.171099	-0.0685051	0.0159986	0.0135602	-0.0077153	-0.0605187	-0.250927	0.0612652	-0.00684874	0.305644	0.0276318	-0.069553	-0.0813052	-0.00558304	-0.00229969	-0.137899	-0.130391	-0.0100907	-0.010007	-0.0101138	-0.00632526	-0.0108897	-0.00862707	0.0016631	-0.00259619	-0.00508734	-0.0132395	-0.038903	-0.000806618	0.000414672	0.000587002	-0.0806326	-0.0990848	-0.121712	-0.0325531	-0.0351345	-0.0291924	-0.0243407	-0.0252725	-0.0249923	0.0422218	0.0579786	-0.00337873	-0.000926476	-0.000316707	0.0430427	0.0011137	0.0596919	0.00119888	-0.101676	-0.000584573	0.0173128	-0.0322331	-0.0109153	-0.000746074	0.00159183	0.00128449	
0.91001	-0.0316834	-0.0106622	0.0389705	0.0680171	0.00200507	-0.00864951	0.0779175	0.0613098	-0.0480294	-0.0647508	-0.00573434	-0.00173895	-0.0338376	0.125174	0.0832177	0.0981429	0.104161	0.0544899	0.0425948	-0.00718951	0.0433254	0.0383494	-0.00681151	0.182432	-0.0807138	0.0156221	0.0128658	-0.0273229	-0.06965	-0.273099	0.0678313	0.0576172	0.307722	0.0223974	-0.0770624	-0.0548321	-0.00627152	-0.0022954	-0.138135	-0.130321	-0.0100275	-0.00977354	-0.010087	-0.00627004	-0.0107773	-0.0085907	0.00166523	-0.0210976	-0.0061535	-0.0135436	-0.0378123	-0.000805083	0.0004142	0.00058644	-0.0765545	-0.0956194	-0.120243	-0.0328084	-0.0338772	-0.0247657	-0.0243518	-0.024404	-0.0225487	0.0414447	0.0535512	-0.00337398	-0.000924733	-0.000315333	0.039595	0.00111352	0.0598059	0.0012004	-0.123054	-0.000583515	0.0176696	-0.113795	-0.00984954	-0.000744858	0.00158773	0.00128006	
0.914978	-0.0250067	-0.0105553	0.035768	0.0629802	0.00403964	-0.00861868	0.285517	0.0790746	0.00394261	-0.0284704	-0.00783506	-0.0065104	-0.0285641	0.124109	0.0536084	0.0543535	0.0621801	0.0516916	0.0367747	-0.00717096	0.0413939	0.0376572	0.0145543	0.192861	-0.0540558	0.0149045	0.0109232	-0.0398935	-0.0577587	-0.291685	0.0781363	0.173758	0.309967	0.00911823	-0.0827265	-0.00229333	-0.0092044	-0.00229112	-0.134168	-0.130688	-0.00998769	-0.00966471	-0.0100693	-0.00623913	-0.0107066	-0.00856583	0.0016662	-0.0336335	-0.00667585	-0.0121046	-0.0366807	-0.000803552	0.000413729	0.000585878	-0.0726244	-0.0923414	-0.11841	-0.0333018	-0.032248	-0.0204414	-0.0248698	-0.0241074	-0.020182	0.0407242	0.0486828	-0.00336922	-0.000922993	-0.000314386	0.036437	0.00111333	0.059839	0.0012011	-0.138677	-0.000582458	0.0172969	-0.113844	-0.00877712	-0.000743705	0.00158289	0.00127478	
0.919947	-0.0187226	-0.0104688	-0.118085	0.0584887	-0.0268082	-0.0085971	0.388895	0.097999	-0.00185052	-0.00368341	-0.00725789	-0.00499147	-0.0200098	0.122205	0.0326236	0.0234135	0.0274001	0.0492255	-0.0037095	-0.00716107	0.0398589	0.0332046	0.0165419	0.202331	-0.0146364	0.0160398	0.0125367	-0.044523	-0.0256616	-0.300782	0.0828765	0.193618	0.312082	0.00881939	-0.0864588	-0.00698671	-0.00793505	-0.00228685	-0.129073	-0.131356	-0.00996228	-0.0121118	-0.010056	-0.00621934	-0.0106618	-0.0085482	0.00166255	-0.0385496	-0.00624585	-0.00864597	-0.0355153	-0.000802024	0.000413258	0.000585316	-0.069889	-0.0902399	-0.116849	-0.0356288	-0.0305977	-0.0163698	-0.0247127	-0.0231355	-0.0174711	0.0399672	0.0435548	-0.00336444	-0.000921282	-0.000313644	0.0327879	0.00111315	0.0596898	0.00119846	-0.14707	-0.000581404	0.0167544	-0.0741446	-0.00771436	-0.000742554	0.00157577	0.0012668	
0.924916	-0.0128968	-0.0104021	-0.00454335	0.0545939	0.0143103	-0.00858138	0.342248	0.119359	0.00246036	0.0105987	-0.00751579	-0.0048854	-0.0352916	0.119515	0.0327803	0.0306641	0.0409743	0.0470442	0.0400633	-0.00715542	0.0384506	0.0302732	0.0162923	0.210801	-0.000731406	0.0166219	0.012938	-0.0392532	-0.02624	-0.301002	0.0845709	0.19064	0.3141	0.00876151	-0.08875	-0.0183429	-0.00808893	-0.00228259	-0.126181	-0.133612	-0.00994566	0.0585	-0.0100446	-0.00620458	-0.0106326	-0.0085351	0.00165346	-0.0351709	-0.00467634	-0.0077493	-0.0343238	-0.0008005	0.000412787	0.000584754	-0.0683756	-0.0892739	-0.115753	-0.0402536	-0.0304184	-0.0133933	-0.026531	-0.0240537	-0.0169581	0.0390828	0.0385461	-0.00335969	-0.000919469	-0.000313	0.0306601	0.00111296	0.0593867	0.00119207	-0.142523	-0.000580353	0.0165775	-0.0363016	-0.00667784	-0.000741406	0.00156621	0.001256	
0.9301	-0.00761685	-0.0103547	0.060626	0.0514435	0.0167445	-0.00856934	0.291927	0.141014	0.00140774	0.0232903	-0.00864216	-0.00646577	-0.0286051	0.11638	0.0234834	0.0221726	0.029969	0.0450946	0.0358424	-0.00715157	0.0371528	0.0280169	0.0293142	0.218188	0.00464073	0.0174475	0.0130062	-0.0266288	-0.0210895	-0.296622	0.0879171	0.198908	0.316125	0.0070588	-0.0903368	-0.0121543	-0.00951771	-0.00227834	-0.128141	-0.138573	-0.00993438	0.0724878	-0.0100341	-0.00619206	-0.0106131	-0.00852482	0.00165576	-0.0277101	-0.00466919	-0.0693087	-0.0331137	-0.000798979	-0.00167584	0.000584193	-0.0670344	-0.088347	-0.114818	-0.0369658	-0.0253638	-0.00799827	-0.0237718	-0.0206791	-0.012374	0.0379727	0.0313224	-0.00335491	-0.000917709	-0.000312404	0.02554	0.00111278	0.0588631	0.00119363	-0.12097	-0.000579303	0.0170011	-0.0184529	-0.00568382	-0.00074026	0.00155581	0.0012443	
0.935069	-0.00295968	-0.0103264	0.0681198	0.0491814	0.0149173	-0.00855961	0.263065	0.151286	0.00126228	0.0330804	-0.0101206	-0.00863996	-0.0196186	0.112964	0.0147249	0.0116957	0.0190567	0.0433273	0.0223585	-0.00714874	0.0359085	0.0259021	0.0274746	0.22443	-0.00900842	0.0188477	0.0135739	-0.0156162	-0.0190666	-0.291342	0.0941417	0.210014	0.318219	0.00421462	-0.0917856	0.000549904	-0.0113232	-0.0022741	-0.13517	-0.145462	-0.00992633	0.0585502	-0.0113163	-0.00618056	-0.0105993	-0.00851627	0.00165974	-0.0121973	-0.0564667	-0.0839313	-0.0318919	-0.000797461	-0.00142281	0.000583631	-0.0648114	-0.0863992	-0.113561	-0.0380712	-0.0242525	-0.00431347	-0.0239401	-0.0204364	-0.0114365	0.0365231	0.0277605	-0.00335022	-0.000916072	-0.000311831	0.024675	0.0011126	0.058013	0.00119655	-0.0813574	-0.000578256	0.017693	-0.0156904	-0.00474779	-0.000739116	0.00154746	0.00123515	
0.940038	0.00100792	-0.0103162	0.0554217	0.0479367	0.0171087	-0.00855131	0.246888	0.144042	-3.30991	0.0269106	-0.0116623	-0.0106716	-0.0162939	0.109243	0.0112088	0.00723498	0.0168091	0.0416978	0.0177457	-0.00714622	0.0346411	0.0239945	0.0157538	0.229449	-0.0244742	0.0207744	0.0147212	-0.0218434	-0.0260192	-0.287305	0.100123	0.213411	0.320396	0.00138754	-0.0935371	0.000363933	-0.0130958	-0.00226987	-0.145797	-0.152574	-0.00992021	0.0519375	-0.0114692	-0.0061695	-0.010589	-0.00850878	0.00164855	0.00837738	-0.0732077	-0.0660663	-0.0306659	-0.000795947	-0.000825174	0.00058307	-0.0616338	-0.0833705	-0.111899	-0.0376797	-0.0213211	-0.000903928	-0.023459	-0.0183406	-0.00727823	0.0346425	0.0258765	-0.00334537	-0.000914288	-0.00031127	0.0246981	0.00111241	0.0567946	0.00118844	-0.0268513	-0.00057721	0.0186277	-0.0175712	-0.0038843	-0.000737973	0.00154306	0.00123063	
0.945006	0.00425532	-0.010317	0.0497724	0.0478475	0.0199888	-0.00854388	0.235621	0.129939	2.23772	0.0194135	-0.0132953	-0.0125374	-0.0110568	0.105477	0.0117655	0.00777353	0.0196299	0.0401584	0.0161285	-0.00714392	0.0332783	0.0222884	0.0128263	0.233202	-0.0295997	0.0231803	0.0162898	-0.0310697	-0.0323479	-0.284808	0.102929	0.214216	0.322661	-0.000833132	-0.0956762	-0.00378023	-0.0149309	-0.00226566	-0.156509	-0.15702	-0.00991526	0.0503052	-0.0110256	-0.00615865	-0.0105807	-0.00850194	0.00165701	0.0288297	-0.0584871	-0.0382115	-0.0294433	-0.000794436	-0.000306169	0.000582509	-0.0583071	-0.0800505	-0.110134	-0.0367277	-0.0189224	0.00239215	-0.0202034	-0.0161592	-0.0046922	0.0322306	0.0243455	-0.00334059	-0.000912635	-0.000310717	0.0245587	0.00111223	0.0551941	0.00119436	0.032169	-0.000576167	0.0198063	-0.0187107	-0.00310585	-0.000736833	0.00154223	0.00123025	
0.949975	0.00673966	-0.0103181	0.0493545	0.0490455	0.0221969	-0.00853699	0.228184	0.122173	-0.786674	0.0110005	-0.0151045	-0.0143925	-0.00697806	0.101679	0.0143659	0.0107298	0.0242534	0.0386754	0.0141051	-0.00714178	0.0317847	0.0207411	0.0156698	0.235643	-0.0217958	0.0260938	0.0182338	-0.0355892	-0.0318699	-0.28294	0.103808	0.226658	0.325001	-0.00219548	-0.0979852	-0.0119471	-0.016966	-0.00226142	-0.16254	-0.156309	-0.00991101	0.0472019	-0.010595	-0.00614789	-0.0105738	-0.00849548	0.0016622	0.045332	-0.0345377	-0.0197133	-0.028232	-0.000792928	1.88232e-05	0.000581948	-0.0556419	-0.0772158	-0.108667	-0.0337535	-0.0148133	0.00503729	-0.0167856	-0.0138292	-0.00271503	0.0292099	0.0213997	-0.00436254	-0.000910921	-0.000310136	0.0227667	0.00111206	0.0532818	0.0011982	0.0705394	-0.000575127	0.0210321	-0.0182016	-0.00242212	-0.000735694	0.00154271	0.00123149	
0.954944	0.00847236	-0.010316	0.049088	0.0516334	0.0246575	-0.00853042	0.224937	0.125538	0.101493	0.00799314	-0.0171181	-0.0163244	-0.0185233	0.0979942	0.0180551	0.0149527	0.0291361	0.0372003	0.0126581	-0.00713948	0.030094	0.0193093	0.0260795	0.236842	-0.00681119	0.0295261	0.0205737	-0.0366157	-0.0272446	-0.280052	0.103947	0.259504	0.327392	-0.00252333	-0.100103	-0.014819	-0.0192342	-0.00225722	-0.159919	-0.15042	-0.00990716	0.0418271	-0.0112727	-0.00613717	-0.0105676	-0.00848926	0.00166324	0.0553003	-0.0169187	-0.0128264	-0.0270397	-0.000791424	0.000205937	0.000581388	-0.053683	-0.0748653	-0.107603	-0.0277763	-0.010918	0.00620267	-0.0144482	-0.0121081	-0.00110337	0.0255134	0.0154466	-0.153794	-0.000909212	-0.000309697	0.0194667	0.00111188	0.0511696	0.00119897	0.0567373	-0.000574088	0.021848	-0.0153359	-0.00184107	-0.000734558	0.00154204	0.0012313	
0.959913	0.00467773	-0.0103126	0.0493951	0.0556826	0.0276732	-0.00852404	0.225373	0.138136	-0.0258837	0.00918097	-0.0193302	-0.0183398	-0.0153085	0.0942975	0.0218327	0.0189234	0.0308581	0.0357034	0.0123449	-0.00713736	0.0281998	0.0179664	0.0223199	0.236881	0.0138375	0.0334498	0.0233029	-0.0299849	-0.0206108	-0.274651	0.102804	0.309785	0.329828	-0.00147259	-0.101812	-0.0123353	-0.0217141	-0.00225302	-0.147475	-0.141256	-0.00990355	-0.0259986	-0.0121855	-0.00612647	-0.0105618	-0.00848317	0.00166177	0.0530055	-0.00903744	-0.01198	-0.0258746	-0.000789923	0.000307128	0.000580827	-0.0518655	-0.0724513	-0.106748	-0.0267472	-0.00999059	0.00610813	-0.0135285	-0.0117884	-0.000678173	0.0210983	0.0107644	-0.145036	-0.000907506	-0.000309064	0.017271	0.00111169	0.0489777	0.00119794	0.0114368	-0.000573052	0.0221488	-0.0100536	-0.00136735	-0.000733423	0.00153883	0.00122818	
0.965097	-0.012602	-0.0103092	0.0518919	0.0612299	0.0312176	-0.00851777	0.228412	0.154378	0.00826658	0.00521536	-0.02172	-0.0204217	-0.011881	0.0907674	0.0230475	0.0209168	0.0364912	0.0341599	0.0129805	-0.00754588	0.0260615	0.0166885	0.0122218	0.235777	0.0148046	0.037801	0.0263844	-0.0205087	-0.0145754	-0.26627	0.0985547	0.323682	0.332295	-0.001414	-0.103271	-0.0173751	-0.024378	-0.00224883	-0.127096	-0.131117	-0.00990008	-0.0552416	-0.0116268	-0.00690608	-0.0105562	-0.00847716	0.00166016	0.0425984	-0.0071658	-0.0125418	-0.0247447	-0.000788426	0.000360575	0.000580267	-0.0492428	-0.0690834	-0.105711	-0.0254894	-0.00838114	0.00618595	-0.0110474	-0.0104103	0.000697863	0.0159568	0.00856071	-0.120996	-0.000905805	-0.000308519	0.0163365	0.00111167	0.0467144	0.00119676	-0.0263519	-0.000572018	0.0221728	-0.00787344	-0.00100303	-0.000732291	0.00153229	0.00122131	
0.970066	-0.00353197	-0.0103058	0.0565981	0.0682549	0.0352864	-0.00851156	0.233153	0.163304	-0.000240588	-0.00444015	-0.024263	-0.0225554	0.0076355	0.087292	0.02122	0.0195651	0.040763	0.0325406	0.0143538	-0.00746739	0.0236642	0.0154571	0.00699801	0.233654	-0.00899004	0.0424399	0.029772	-0.0108141	-0.0113839	-0.253898	0.0892837	0.320003	0.334722	-0.0053556	-0.105189	-0.0279277	-0.027198	-0.00224465	-0.103968	-0.121397	-0.00989669	-0.0687781	-0.0109766	-0.00781436	-0.0105507	-0.00847118	0.00165913	0.0326996	-0.00733656	-0.0128313	-0.0236576	-0.000786931	0.000388004	0.000579707	-0.0452543	-0.0642612	-0.10419	-0.0194519	-0.00447409	0.00690928	-0.0059296	-0.00623356	0.00210598	0.0101146	0.00982982	-0.0998232	-0.000904106	-0.000307933	0.0170123	0.00111143	0.0444469	0.00119604	-0.0465674	-0.000570986	0.022702	-0.0862363	-0.000747223	-0.00073116	0.0015224	0.00121052	
0.975035	-0.00234824	-0.0103025	0.062818	0.0766638	0.0398718	-0.00850538	0.239043	0.156553	0.00277909	-0.0155896	-0.0269295	-0.0247321	0.0366651	0.0841623	0.0145031	0.0123485	0.0380243	0.0308221	0.0163724	-0.0073403	0.0210222	0.0142349	0.00683085	0.230658	-0.0354171	0.0471697	0.0334216	-0.00651758	-0.0145827	-0.232635	0.072922	0.312571	0.336925	-0.00796888	-0.108822	-0.0398313	-0.030131	-0.00224048	-0.0835939	-0.10316	-0.00989335	-0.0705	-0.0117291	-0.00740129	-0.0105453	-0.00846518	0.00165869	0.0245858	-0.00772237	-0.012497	-0.0226202	-0.00078544	0.000401785	0.000579147	-0.0404785	-0.0585962	-0.10231	-0.0117454	-0.000377906	0.00758551	0.000849711	-0.00125733	0.0036656	0.00364147	0.0145539	-0.0838416	-0.000902412	-0.000307429	0.01782	0.0011112	0.0421396	0.00119571	-0.0523919	-0.000569956	0.0245349	-0.0870381	-0.000597353	-0.000730031	0.00150929	0.0011962	
0.980003	-0.00609738	-0.0102991	0.0702959	0.0862965	0.0449196	-0.00849921	0.24574	0.13961	0.00268765	-0.0214736	-0.0296799	-0.0269334	0.0549653	0.0813056	0.00785667	0.00672691	0.0403409	0.0289883	0.0189399	-0.00840781	0.0181297	0.0130143	0.00745716	0.227516	-0.0606163	0.0517544	0.0372757	-0.00947324	-0.0234193	-0.217637	0.0488463	0.306053	0.338608	-0.00780409	-0.115494	-0.0475064	-0.0331256	-0.00223632	-0.0686813	-0.083975	-0.00989003	-0.0653278	-0.0130062	-0.00687869	-0.01054	-0.00845929	0.00165844	0.0187778	-0.00785385	-0.0113166	-0.0216386	-0.000783953	0.000408432	0.000578587	-0.0356158	-0.0526647	-0.10031	-0.00211023	0.00412599	0.00836047	0.00838014	0.00467534	0.00638173	-0.00333389	0.0192853	-0.0702163	-0.000900722	-0.000306874	0.0196978	0.00111098	0.0397757	0.00119553	-0.0485535	-0.000568928	0.0278862	-0.0554645	-0.000547954	-0.000728905	0.00149443	0.00118001	
0.984972	-0.00320535	-0.0102958	0.0788716	0.0969184	0.0503337	-0.00849312	0.252927	0.122464	0.00343796	-0.017505	-0.03246	-0.0291313	0.0622438	0.0785833	0.00451753	0.00643421	0.0518785	0.0270232	0.0219359	-0.0180778	0.0150194	0.0117692	0.00806632	0.225253	-0.0709594	0.055976	0.0412647	-0.00401809	-0.0301275	-0.21165	0.020052	0.300883	0.339658	-0.00594942	-0.125619	-0.0432874	-0.036116	-0.00223213	-0.0586575	-0.0709475	-0.00988671	-0.068392	-0.0135028	-0.0106627	-0.0105347	-0.00845331	0.0016582	0.0143709	-0.00770281	-0.00868602	-0.0207178	-0.000782468	0.000411487	0.000578028	-0.0322881	-0.0481285	-0.0986901	0.0104121	0.00910757	0.00825408	0.0144277	0.0094925	0.00840242	-0.0106165	0.0231614	-0.0590326	-0.000899035	-0.000306344	0.0202527	0.00111076	0.0373309	0.00119535	-0.0441927	-0.000567903	0.0329616	-0.0252305	-0.000592351	-0.00072778	0.00148008	0.00116466	
0.989941	0.0104893	-0.0102925	0.0882514	0.108224	0.0559842	-0.00848687	0.260275	0.109493	0.0039469	-0.0139842	-0.0352069	-0.0312953	0.0639182	0.0762467	0.00496103	0.0102883	0.0725038	0.0249124	0.025212	-0.0222587	0.0117102	0.0104784	0.00920984	0.221517	-0.0733158	0.0597439	0.0452907	0.0182632	-0.0341745	-0.21079	-0.00718046	0.297003	0.33984	-0.00412856	-0.137882	-0.0422224	-0.0390286	-0.00222803	-0.0516623	-0.0618177	-0.00988341	-0.0664724	-0.0124217	-0.0119651	-0.0105294	-0.00844734	0.00165798	0.00959602	-0.00733572	-0.0071801	-0.0198615	-0.000780987	0.000412704	0.000577468	-0.0317372	-0.0460831	-0.0978639	0.0186275	0.0124369	0.00769908	0.0212992	0.0153236	0.0108165	-0.017917	0.0262791	-0.0496149	-0.000897351	-0.000305802	0.0196568	0.00111056	0.0347031	0.0011952	-0.0441947	-0.000566879	0.039092	-0.0125161	-0.00072193	-0.000726657	0.00146882	0.00115274	
0.994909	0.0130913	-0.010793	0.0980377	0.119852	0.0617125	-0.00848067	0.267399	0.101174	0.00448241	-0.0147556	-0.0378495	-0.0333787	0.0629516	0.0742177	0.0139542	0.0189896	0.110484	0.0226412	0.0285987	-0.0224093	0.00824582	0.00911093	0.0107408	0.217128	-0.07294	0.0629365	0.0491827	0.0189402	-0.0368977	-0.209591	-0.0277511	0.294532	0.338593	-0.00602469	-0.149911	-0.0455089	-0.0417732	-0.0022239	-0.0460067	-0.0546262	-0.0098801	-0.0731731	-0.0113916	-0.0114559	-0.0105241	-0.00844136	0.00165788	0.00391211	-0.00684999	-0.0511953	-0.0190724	-0.000779509	0.00041307	0.000576909	-0.0335808	-0.046034	-0.0977175	0.0259427	0.0175432	0.00722032	0.0285414	0.019039	0.0116784	-0.0247519	0.0286104	-0.0414657	-0.000895672	-0.000305245	0.0165623	0.00111038	0.0318261	0.00119514	-0.0475614	-0.000565858	0.0450094	-0.0112373	-0.000927315	-0.000725536	0.0014615	0.00114539	
1.00009	0.000823453	-0.0108688	0.107874	0.131418	0.0673736	-0.00847445	0.273934	0.0963022	0.00495428	-0.022641	-0.0403231	-0.0353387	0.0628294	0.0725554	0.0326496	0.0377636	0.150565	0.0201982	0.0319216	-0.0203262	0.00465123	0.00765734	0.012331	0.212253	-0.0727289	0.0653912	0.0526679	-0.00522836	-0.0394228	-0.203976	-0.0411794	0.293222	0.33553	-0.00737253	-0.159792	-0.0492492	-0.044262	-0.00221977	-0.0407937	-0.0481904	-0.00987678	-0.0862446	-0.0134614	-0.00998756	-0.0105188	-0.00843536	0.00165802	-0.00205136	-0.0063653	-0.0543355	-0.0183518	-0.000778035	0.00041299	0.00057635	-0.0360762	-0.0464483	-0.0976372	0.0328934	0.0253934	0.00638048	0.0364217	0.0176112	0.00787575	-0.0297602	0.0301514	-0.0341769	-0.000893996	-0.000304724	0.0123583	0.00111021	0.0286935	0.0011952	-0.0515955	-0.000564839	0.0495567	-0.0126501	-0.0011979	-0.000724417	0.0014571	0.00114126	
1.00506	0.00387128	-0.0107956	0.117337	0.142482	0.0727572	-0.00846825	0.279464	0.0919693	0.00537072	-0.0397023	-0.0425552	-0.0371191	0.062725	0.0710912	0.0552819	0.0643607	0.148363	0.0175738	0.0350197	0.0468847	0.000985386	0.00609526	0.0138061	0.206702	-0.0735955	0.0669832	0.0554358	-0.0134431	-0.0421703	-0.192199	-0.0503725	0.292148	0.330756	-0.00692886	-0.166564	-0.0521314	-0.0464103	-0.00221557	-0.0360612	-0.0424201	-0.00987347	-0.100837	-0.0181753	-0.0121702	-0.0105135	-0.00842931	0.0016582	-0.00664521	-0.00600651	-0.0400009	-0.0176994	-0.000776564	0.000412706	0.000575745	-0.0364762	-0.0448387	-0.0965081	0.0330655	0.0373641	0.00392698	0.0436209	0.0217214	0.00217017	-0.0239395	0.0309601	-0.0275262	-0.000892297	-0.000304194	0.00958814	0.00111003	0.0252854	0.00119531	-0.0527575	-0.000563822	0.0521627	-0.0133167	-0.00152324	-0.0007233	0.00145306	0.00113753	
1.01003	0.00331649	-0.0106748	0.126019	0.152594	0.0776603	-0.00846331	0.283577	0.0863019	0.00571648	-0.0533145	-0.0444724	-0.0386671	0.0622262	0.0699488	0.0707075	0.0825058	0.142462	0.0147722	0.0377192	0.0594714	-0.00271861	0.00441804	0.0150867	0.200482	-0.0755598	0.0676761	0.0572482	-0.0193407	-0.0451445	-0.176086	-0.0594736	0.29053	0.324665	-0.00609434	-0.170691	-0.0540953	-0.0481587	-0.00221155	-0.032164	-0.0376181	-0.00987014	-0.103987	-0.0226735	-0.0128734	-0.0105088	-0.00842333	0.00165825	-0.00890916	-0.0058672	-0.0218936	-0.0171138	-0.000775096	0.000412325	-8.46313e-05	-0.0334485	-0.0397279	-0.093648	0.0362765	0.041734	0.00098027	0.0494655	0.0286115	0.00183652	-0.0239672	0.031151	-0.0213873	-0.000890655	-0.000303634	0.00834918	0.00110985	0.021768	0.00119538	-0.0495588	-0.000562808	0.052948	-0.0130074	-0.00189158	-0.000722185	0.00144865	0.00113339	
1.015	-0.00157227	-0.0130574	0.133514	0.161287	0.0818564	-0.00845733	0.285854	0.080954	0.00598771	-0.0695331	-0.046017	-0.0399296	0.0618272	0.0689408	0.0842473	0.100202	0.189264	0.0118089	0.0398691	0.0327097	-0.00638564	0.00263552	0.0120971	0.193532	-0.0783286	0.0674272	0.0580102	-0.01964	-0.0481781	-0.157878	-0.0693618	0.287761	0.210269	-0.00543119	-0.172931	-0.0554454	-0.049459	-0.00220745	-0.0292187	-0.0338856	-0.00986681	-0.11194	-0.0195297	-0.0106929	-0.0105267	-0.00841728	0.00165821	-0.00996132	-0.00595368	-0.0105649	-0.0165922	-0.000773631	0.000411897	-1.04676e-06	-0.0288375	-0.0329797	-0.0895681	0.0320146	0.0732023	-0.00883312	0.0538463	0.0354419	-0.0101091	-0.0390695	0.0308664	-0.0157319	-0.000888954	-0.000303114	0.00715725	0.00110966	0.0181864	0.00119536	-0.0452338	-0.000561795	0.0524754	-0.0116907	-0.00229163	-0.000721071	0.00144304	0.00112795	
