CEINMS output
datacolumns 81
datarows 217
endheader
time	addbrev_r	addlong_r	addmagDist_r	addmagIsch_r	addmagMid_r	addmagProx_r	bflh_r	bfsh_r	edl_r	ehl_r	fdl_r	fhl_r	gaslat_r	gasmed_r	glmax1_r	glmax2_r	glmax3_r	glmed1_r	glmed2_r	glmed3_r	glmin1_r	glmin2_r	glmin3_r	grac_r	iliacus_r	perbrev_r	perlong_r	piri_r	psoas_r	recfem_r	sart_r	semimem_r	semiten_r	soleus_r	tfl_r	tibant_r	tibpost_r	vasint_r	vaslat_r	vasmed_r	addbrev_l	addlong_l	addmagDist_l	addmagIsch_l	addmagMid_l	addmagProx_l	bflh_l	bfsh_l	edl_l	ehl_l	fdl_l	fhl_l	gaslat_l	gasmed_l	glmax1_l	glmax2_l	glmax3_l	glmed1_l	glmed2_l	glmed3_l	glmin1_l	glmin2_l	glmin3_l	grac_l	iliacus_l	perbrev_l	perlong_l	piri_l	psoas_l	recfem_l	sart_l	semimem_l	semiten_l	soleus_l	tfl_l	tibant_l	tibpost_l	vasint_l	vaslat_l	vasmed_l	
0.175	0.0163738	0.0509129	0.0878929	0.0452922	0.0469569	0.0356609	0.0741187	0.114963	0	0	58.3888	105.405	0.531678	57.4154	0.14894	0.224289	0.227385	0.233391	4.40744	17.9345	30.7126	50.0144	42.6705	0.0443687	8.98869	50.4115	318.046	0	0	0	95.848	0.00154097	7.02501	2.07155	123.738	0	65.0291	0	1.28368e-08	1.03365e-13	0.0753291	0.918462	0.0757933	0.0156877	0.0429285	0.0553489	5.23399e-11	52.1003	3.67928	79.576	0	0	3.01494e-09	0	104.067	0	1.18165e-15	44.387	4.25947	0.121648	2.87474	2.30955	0.375405	12.496	0.942075	0.0390577	0	0.193817	0.129901	0	67.9009	0	130.287	3.63173e-12	0.0304808	0.126218	0	0	0	0	
0.18	1.80292e-08	4.29056e-08	5.5817e-07	1.08299e-09	2.66582e-07	2.32943e-07	1.64511e-11	2.74785e-07	0	0	59.2068	105.152	2.70436e-06	25.0865	86.9406	6.22332e-10	6.85987e-08	9.20299	10.4778	25.6294	38.6297	60.9604	55.6149	3.96096e-09	12.9065	43.5413	302.434	0	0	0	95.4098	3.40934e-06	24.2985	8.50673e-07	140.013	0	67.9704	3.46989e-11	0	0	8.1304	12.6793	4.3855	2.38911	6.70685	5.58227	0	51.0199	5.34757	82.9547	0	1.3755e-07	0	0	113.737	1.3966e-07	6.80594e-08	1.48264e-07	0	2.70982e-07	0	0	1.40761e-09	14.9351	2.93174	1.48653e-09	0	1.27256e-07	3.00023	0	67.4134	0	124.636	0	1.11794e-09	8.66892	0	0	0	0	
0.185	0	1.14095e-08	6.35494e-09	4.83284e-08	2.58989e-08	1.37197e-08	8.1198e-06	2.17146e-07	0	9.96767e-11	59.9148	105.105	6.56767e-09	7.01271	212.513	2.63722e-09	2.13555e-06	12.4648	13.4618	32.0778	42.1303	66.6264	63.809	0	20.9182	39.448	289.811	1.16686e-09	1.30885e-08	0	104.048	0	55.2965	2.26258e-08	160.335	6.41619e-06	70.5117	4.72824e-06	0	3.07353e-08	9.39991	17.7062	5.61379	4.03101	7.84628	6.65701	4.66068e-06	66.1916	6.79491	85.9219	0	0	2.53661e-08	2.91919e-09	161.238	3.75032e-08	0	5.7744e-06	0	2.43715e-08	0	4.55719e-06	2.1388e-07	16.0706	3.94688	6.40643e-07	0	1.32631e-06	4.61223	0	92.2781	0	129.797	0	1.79436e-09	16.174	0	2.33152e-11	0	1.43077e-05	
0.19	1.58697e-06	3.38816e-06	3.25953e-06	3.40304e-09	1.21175e-09	1.10125e-09	0	1.60156e-06	2.31907e-09	1.84708e-07	60.5203	105.112	4.81891e-09	0	302.838	8.17732e-09	9.44428e-08	12.3558	11.9891	26.3393	43.6799	68.4658	66.2366	2.5865e-08	19.6737	36.5406	278.592	0	5.05686e-08	1.06706e-05	91.0758	3.3727e-06	89.602	2.20131e-05	178.862	1.61642e-09	72.607	2.30887e-09	1.93122e-10	0	9.0369	18.9935	5.46092	4.36916	7.56526	6.36384	4.71698e-10	71.473	7.86467	88.7516	2.48567e-10	0	1.53772e-07	1.55438e-08	177.403	2.88053e-08	0	4.7595e-11	0	3.7981e-08	1.14839e-07	0	5.98572e-08	16.7628	4.03474	2.79999e-06	2.28981e-06	0	4.6414	3.4647e-08	121.903	0	120.317	0	8.72729e-07	18.9557	1.61985e-09	2.03796e-09	0	0	
0.195	0	6.91731e-11	3.28065e-06	3.83979e-09	1.20324e-09	6.28605e-08	1.41525e-08	7.80635e-08	1.15963e-09	2.56608e-09	61.0948	105.14	3.70285e-06	6.35454e-08	278.375	1.24216e-08	6.35587e-07	12.5706	10.0713	18.1911	45.6497	70.8377	68.2637	3.22587e-08	13.9898	33.7691	267.684	8.71437e-10	5.2975e-08	1.054e-10	67.333	0	117.646	2.56722e-09	181.021	5.27576e-09	74.5005	2.72547e-09	4.15473e-10	0	9.07302	20.76	5.52337	4.43048	7.64495	6.36117	2.10219e-10	57.5941	8.67661	91.7398	3.49302e-10	0	1.64034e-07	1.95842e-08	129.225	1.29236e-09	0	1.57144e-05	2.49916e-10	4.61036e-08	4.36762e-10	1.16478e-06	3.72132e-08	17.4738	4.24337	2.86867e-10	1.83171e-05	5.0077e-09	4.41432	1.49211e-09	142.414	0	86.007	0	2.96451e-07	19.6443	2.91797e-09	2.40459e-09	0	0	
0.2	0.000137745	0.000268873	0.000275507	0.000211332	0.000195703	0.000163137	0.000449343	0.000219922	0.000122927	5.64689e-05	61.7039	105.239	0.000677486	0	176.753	0.000353183	0	13.0924	9.27252	13.848	48.1163	74.325	72.2237	0.000102122	9.80858	30.9326	256.908	0.000114189	0.000295453	0	51.918	0	140.903	0.00189612	164.454	0.000244991	76.4751	0.000231692	0.000868746	0.00039857	9.09533	23.2604	5.6589	4.61686	7.7185	6.36783	0	36.9708	9.42561	94.9863	4.82917e-05	0.000101179	0.000301097	0.000606821	59.6546	2.32307e-05	0	0.0110676	0.00306384	0.000319915	0.00176381	0.00165812	0.000462892	18.1953	7.26947	9.65611e-05	0.000127911	0.000284977	4.30494	0.000263414	151.543	0	47.3668	0.00103405	0	20.2303	0.000200399	0.000204103	0.000537519	0.000259434	
0.205	0.000133119	0.000258176	0.000257661	0.000202959	0.000187951	0.000156757	0.00043641	0.0016123	0.000118095	5.42469e-05	62.373	105.453	0.000651347	0.0328836	90.3354	0.000339085	0	13.5839	9.14603	12.2045	50.918	78.5305	77.5649	9.80307e-05	7.33063	28.127	246.389	0.000109034	0.000283859	0.0113156	44.9028	0	160.151	0.0135848	146.526	0.000232467	78.6734	0.000222622	0.000834598	0.00038298	9.06383	25.9906	5.74765	4.8678	7.74065	6.32138	0.0031411	21.2236	10.2153	98.4926	4.63945e-05	9.72245e-05	0.000289265	0.000582985	18.3591	0.00174317	0.00328175	0.00973594	0.00278077	0.000307059	0.00164656	0.0014862	0.000357842	18.8821	15.2139	9.27106e-05	0.000110365	0.000252913	4.19992	0.000253064	154.341	0.00721341	22.5515	0.00099324	0	21.1085	0.000192526	0.000196088	0.00051639	0.000349954	
0.21	4.78771e-05	9.24652e-05	9.02597e-05	7.268e-05	6.73035e-05	5.65239e-05	0.000154544	0.00121187	4.28779e-05	1.94282e-05	63.1086	105.804	0.000218045	0.0114402	53.5689	0.000121412	0	14.0826	9.31705	11.8406	54.0163	83.3739	83.7638	3.51323e-05	5.66926	25.399	236.188	3.93464e-05	0.00010169	0	41.4073	0	176.009	0	137.44	8.43115e-05	81.1411	7.97332e-05	0.000298892	0.000136936	9.02567	28.8887	5.82468	5.11473	7.75744	6.26554	0.00121152	11.8261	11.0731	102.265	1.66156e-05	3.48171e-05	0.000103688	0.000208805	4.05165	0.00180556	0	0.00370687	0.00085515	0.000109947	0.000532049	0.000445777	8.75106e-05	19.5333	27.5611	4.12885e-05	4.39598e-05	9.80548e-05	4.0487	9.0637e-05	154.314	0	10.3311	0.000353202	0	22.1163	6.89513e-05	7.02288e-05	0.000184932	0.000139828	
0.215	7.11394e-06	1.38502e-05	1.09291e-05	1.08864e-05	1.00778e-05	1.02852e-05	2.32356e-05	0.00139209	6.33805e-06	2.90944e-06	63.9123	106.3	0.000323014	0.00270984	106.174	1.81881e-05	0.000142923	14.6387	9.66487	12.2724	57.3796	88.8637	90.7674	5.3073e-06	4.49285	22.7456	226.321	0	1.52649e-05	0	39.6526	0.000479256	188.998	0	136.045	1.25032e-05	83.8814	1.19431e-05	4.47544e-05	2.02608e-05	8.98106	32.0093	5.90744	5.35566	7.7721	6.20633	0.00647998	6.56194	11.9879	106.319	2.48824e-06	5.21187e-06	1.56476e-05	3.12916e-05	0.228986	0.000695156	0	0.000974835	0	1.64775e-05	0	0	0	20.1465	42.4071	4.93542e-06	6.42742e-06	1.45644e-05	7.54118	1.3574e-05	152.901	0	5.21427	4.96405e-05	6.6834e-05	23.0871	1.03263e-05	1.05179e-05	2.76909e-05	2.39649e-05	
0.22	0	0	0	0	0	0	0	0.00611837	0	0	64.7877	106.943	0	0.000126659	226.461	0	0	15.2606	10.1389	13.3389	60.9896	95.0402	98.6883	0	3.70572	20.1576	216.799	0	0	0	38.9397	0	199.582	0.00331157	138.585	0	86.8974	0	0	0	8.92073	35.3328	5.98971	5.60799	7.77642	6.13837	0	3.37356	12.9483	110.669	0	0	0	0	0	0.019779	0	0	0	0	0	0	0	20.7129	57.9984	0	0	0	19.7374	0	150.576	0	2.86303	0	0	23.9959	0	0	0	0	
0.225	0	0	0	0	0	0	0	6.24742	0	0	65.739	107.74	0	0	375.785	0	0.00070374	16.1405	10.6771	14.8973	64.8364	101.974	107.675	0	3.19419	17.6417	207.633	0	0	0.0026196	38.7689	0.00280138	208.21	0.0199015	143.039	0	90.1951	0	0	0	8.83992	61.669	6.06706	5.87356	7.76807	6.06031	0	1.38138	13.947	115.319	0	0	0	0	0.000232783	0	0	0	0	0	0	0	0	21.9131	72.8866	0	1.40905e-05	0	38.5216	0	147.644	0	1.53414	0	0.00036262	24.8465	0	0	0	0	
0.23	0	0	0	0	0	0	0	6.42774	0	0	66.7686	108.694	0.000108754	0	512.686	0	0.000518871	17.3934	11.2315	16.8546	68.9326	109.762	117.943	0	2.85618	15.2111	198.831	0	0	0	38.8696	0.00554593	208.054	0	148.845	0	93.7791	0	0	0	12.4844	107.983	6.13729	6.14538	10.7902	9.06134	0	0.197083	14.9765	120.268	0	0	0	0	0.0135804	0	0.00638455	0	0	0	0	0	0	24.1412	85.7809	0	0	0	58.2017	0	144.367	0.0334427	0.754504	0	0.000288853	25.6168	0	0	0	0	
0.235	0	0	0	0	0	0	0	3.55057	0	0	67.8765	109.801	0.000548364	0.000460472	621.365	0	0.000188641	19.0368	11.7705	19.1738	73.309	118.513	129.71	0	2.62769	12.8808	190.389	2.30604e-08	0	0.00470166	39.1142	0.0204353	193.491	0	167.568	0	97.6439	0	0	0	20.919	157.017	6.19779	6.41721	18.2686	15.2476	0.0021413	0.000175287	16.0263	125.506	0	1.82543e-06	0	0	0	0.00200031	0	0	0	0	0	0	0	26.7558	95.7244	0	0	0	75.5107	0	140.938	0	0.312943	0	0.000119285	26.2652	0	0	0	0	
0.24	1.43008e-07	2.77259e-07	4.48754e-07	2.28986e-07	2.88536e-07	2.24896e-07	0	2.11369	1.36715e-07	7.31893e-08	69.0613	111.058	0	0.00573239	637.692	0	0	56.9822	12.2689	21.8389	91.6308	132.047	143.19	1.6852e-07	2.47316	10.665	182.3	1.04413e-07	3.43258e-07	0.00329913	39.438	0	164.523	0.00353087	196.599	1.34025e-08	101.777	2.41852e-07	5.59302e-07	0	31.8171	204.165	6.24492	6.68331	27.8695	22.7887	0.0111166	0	17.0814	131.015	4.98731e-08	0	4.33195e-07	6.70666e-07	2.73389e-05	0.012977	0	0	0	3.31083e-07	0	0	8.7817e-07	29.0566	102.272	1.02732e-07	0	3.05733e-07	89.3572	2.7288e-07	137.483	0.00645996	0.0601955	0	0	26.7504	2.07123e-07	2.13056e-07	3.52312e-05	0	
0.245	1.16753e-07	1.29887e-06	3.55333e-07	1.92676e-07	1.91957e-07	1.98468e-07	0.0766975	1.50192	1.08914e-07	1.15974e-06	70.3198	112.455	0	0	581.256	0.00277598	0	114.171	13.2193	24.8338	111.086	148.801	158.59	1.4807e-07	2.37104	8.57747	174.551	8.69355e-08	2.85875e-07	0.00116453	39.8072	0	125.694	0.0167192	227.256	2.07923e-07	106.157	1.97962e-07	4.08005e-07	4.33193e-09	43.3134	243.976	6.27459	6.9376	37.7266	30.4707	0	0.00065298	18.1252	136.754	2.34715e-06	1.08358e-07	3.72119e-07	5.58518e-07	0.00765368	0	0	0	0	2.69799e-07	0	0	0	31.2566	105.479	8.48103e-08	1.14632e-07	4.74708e-07	99.6622	2.24555e-07	134.101	0.030966	0	0	0	27.0383	0	1.74382e-07	2.9597e-07	134.679	
0.25	4.33431e-08	3.7368e-07	1.37826e-07	8.48898e-08	9.73054e-08	1.09468e-07	0	1.08192	4.08967e-08	1.83217e-08	71.6465	113.982	0.00010389	0	517.737	0	0	155.574	13.7102	28.1365	120.513	161.524	176.102	9.17376e-08	2.30814	6.63328	167.135	1.70738e-05	1.27385e-07	0	40.2049	0.000214559	85.9023	0	258.565	0	110.759	7.47008e-08	2.59525e-07	0	54.223	274.016	6.2829	7.17259	46.8032	37.6182	0	0.00159617	19.1391	142.676	5.04555e-08	8.28895e-09	2.08118e-07	2.38593e-07	0	0	0	0	0	9.97197e-08	0	0	0	33.5984	105.585	3.21523e-08	3.78471e-08	4.26682e-06	106.556	5.10857e-06	130.883	0	0	0	0	27.101	2.32305e-07	6.5808e-08	11.7806	297.799	
0.255	5.13371e-09	2.04926e-08	4.59918e-08	3.15751e-08	3.91179e-08	6.64625e-08	0.00376961	0.767802	5.61582e-09	0	73.0352	115.623	0.000872069	0.00105243	472.116	0.000409136	0	171.136	13.7621	31.7154	123.25	171.99	195.753	6.05388e-08	2.27684	4.85525	160.05	0	4.46663e-08	0	40.6225	0.101053	49.5281	0	284.781	1.22062e-07	115.551	1.08453e-08	3.19114e-08	0	61.6401	293.551	6.26449	7.3796	51.3741	42.5958	0	0	20.1039	148.718	0	1.0226e-08	1.21357e-07	7.42104e-08	0	15.2217	25.126	0	0	1.15899e-08	0	0	0	35.6353	103.252	4.96659e-09	5.80631e-09	0	110.297	0	127.916	0.00120357	0	0	0	27.1383	0	9.56405e-09	102.042	304.603	
0.26	0	3.44381e-09	4.05073e-08	2.18152e-08	2.36052e-08	5.59138e-08	0.0473042	0.594671	0	0	74.4771	117.363	0	0.00691697	445.258	0.000790121	0	172.86	13.7127	35.5271	124.432	184.005	217.46	4.95414e-08	2.27325	3.27817	153.311	1.57088e-05	2.30415e-08	0	41.0552	0	24.1921	0.00285345	307.443	0	120.493	0	0	0	65.8127	302.685	6.21513	7.5499	52.5939	45.5416	0.00784722	0	21.0005	154.805	0	0	9.68932e-08	3.52442e-08	0	10.4256	28.3077	0	0	0	0	0	0	36.6996	98.7666	0	0	7.59341e-08	110.959	0	125.274	0.0365319	0	0	0	27.6809	2.64259e-07	0	116.413	221.477	
0.265	8.64477e-09	5.97285e-08	7.40153e-08	2.85864e-08	2.11149e-08	5.76752e-08	0	0.541152	0	1.38412e-06	75.9616	119.184	0	0	432.491	0.00058209	0	170.037	13.6244	39.5166	125.885	198.19	241.081	4.563e-08	2.29465	1.92699	146.945	0	2.39846e-08	0	41.5004	0	9.25891	0.0153999	326.698	1.27938e-07	125.542	0	0	0	67.847	302.327	6.12974	7.67468	52.6705	47.1792	0	0	21.8095	160.852	1.25657e-10	8.34661e-06	9.54926e-08	4.25785e-08	0.000780632	6.61882	21.6718	0	0	3.22868e-06	0	0	6.73183e-08	36.5911	92.0686	0	0	1.26641e-07	108.494	8.70747e-09	123.015	0	0	0	0	28.9776	0	0	108.663	152.081	
0.27	0	0	1.12913e-07	4.08252e-08	3.65005e-08	6.06251e-08	0	0.565136	0	0	77.4766	121.067	0.000210671	0	426.155	0.000127377	0	164.031	13.4582	43.6203	127.499	214.138	266.437	4.21007e-08	2.34031	0.834545	140.973	1.79602e-07	2.75373e-08	0	41.9563	0.0798073	2.51214	0	342.724	4.52224e-08	130.65	4.23737e-10	0	0	66.5174	292.118	6.0043	7.74558	49.8605	46.8868	0	0.000150626	22.5126	166.767	5.1859e-10	1.18536e-05	9.68336e-08	5.52376e-08	0.00292987	6.51568	20.7754	0	0	6.60609e-08	0	0	1.19449e-07	35.4844	83.3284	0	5.49441	1.04131e-08	102.876	0	121.182	0.00253954	1.52015	0	0	30.9105	0	3.88613e-10	106.541	110.352	
0.275	1.88362e-08	2.55071e-08	9.38946e-08	5.8733e-08	1.33879e-09	5.89561e-08	0.0595504	0.633448	6.79795e-10	2.55546e-08	79.0091	122.992	0.0008873	0.00139192	418.129	0	0	152.433	13.1847	47.768	129.885	231.422	293.328	3.74114e-08	2.40911	0.0804739	135.413	6.86759e-06	2.87027e-08	0	42.422	0	0.133867	0	355.452	5.14941e-08	135.767	2.32851e-09	0	0	61.2345	271.723	5.8351	7.75529	43.2593	44.1685	0	0	23.0936	172.458	8.33965e-10	1.34377e-07	9.5829e-08	6.29692e-08	0	7.09048	20.2625	4.89833e-06	0	1.45802e-07	0	0	1.40266e-07	33.7025	73.0217	2.46706e-10	0	9.77353e-08	94.2901	5.80786e-08	119.812	0.0266975	2.49522	0	0	33.2313	0	2.06669e-09	109.031	85.4144	
0.28	0	5.52156e-08	7.9868e-09	4.83831e-07	4.65761e-08	4.98747e-08	0	0.725194	1.55024e-09	0	80.5445	124.938	0	0.0072915	404.176	0	0	134.256	12.7992	51.8839	134.273	249.645	321.446	3.19315e-08	2.49958	0	130.278	0	2.80167e-08	0	42.8967	5.34381e-06	0	0.0028102	364.823	4.73205e-08	140.839	2.77746e-09	3.48561e-10	0	52.7394	242.092	5.62038	7.69767	33.7988	39.2598	0.000134755	0.000323649	23.5381	177.822	0	5.92757e-08	9.30282e-08	6.68877e-08	0	7.45753	19.1519	0	0	6.59449e-08	0	1.37663e-09	1.45962e-07	31.5476	61.7011	3.62794e-10	16.192	1.39814e-08	83.1538	0	118.928	0	1.458	0	0	35.7047	0	2.46298e-09	109.705	69.2899	
0.285	8.15687e-10	1.68894e-06	0	0	1.4948e-09	2.69491e-08	0	0.828178	2.62055e-09	0	82.0677	126.886	0	0	383.234	0	0	113.351	12.2989	55.8973	140.377	268.445	350.43	2.62542e-08	2.61119	0	125.58	7.5767e-06	2.66587e-08	0	43.3801	0.0787506	0	0.0128783	371.01	4.88353e-08	145.815	2.70067e-09	0	0	41.8746	204.96	5.35688	7.56865	24.1151	32.5297	0.00353207	0.000223268	23.8344	182.757	9.53822e-11	0	8.96354e-08	6.943e-08	0	7.91525	18.1801	0	0	1.00166e-07	0	5.60054e-08	1.43963e-07	29.1959	49.9404	3.08924e-10	0	2.49208e-08	70.0426	4.33975e-09	118.55	0.00247881	0.37177	0	0	38.1436	0	2.39597e-09	107.459	58.7934	
0.29	0	0	1.70183e-08	5.77497e-07	1.31056e-09	9.87397e-09	0.015174	0.93411	4.24491e-09	0.0948908	83.563	128.815	0.000186657	0	355.027	0	0	96.6807	11.7406	59.7402	147.54	287.467	380.238	2.07668e-08	2.74209	0.00176758	121.323	0	2.52265e-08	0	43.8721	0	0.005641	0	374.444	4.80783e-08	150.638	2.56825e-09	0	0	31.6242	164.175	5.04641	7.36653	16.5367	24.4025	0	0.000388185	23.9741	187.166	1.26099e-10	0	8.62587e-08	7.18331e-08	12.0022	8.52241	17.4835	0	1.68843e-07	1.03815e-07	0	8.3317e-08	1.38363e-07	26.7392	38.4355	2.40793e-10	0.381363	9.28448e-10	55.7515	0	118.684	0.0107312	0	0	0	40.3863	0	2.27984e-09	103.926	52.2263	
0.295	5.64606e-10	3.14646e-08	2.08145e-09	3.82052e-08	0	0	0	1.03756	6.49181e-09	0.250418	85.0148	130.705	0.000496474	0.00145905	320.867	0	0	86.1557	11.1375	63.3462	155.235	306.519	410.825	1.56827e-08	2.89052	0.000932205	117.512	1.35835e-05	2.38655e-08	0	44.3726	0	0.00200633	0	375.942	5.65964e-07	155.257	2.49382e-09	0	0	23.7571	129.588	4.68922	7.0915	11.324	17.0702	0	0.000216692	23.9522	190.961	2.04723e-10	1.3219e-08	8.30464e-08	7.44025e-08	56.3025	9.15767	16.8779	0	0	1.11171e-07	7.37897e-07	9.77983e-08	1.30713e-07	24.264	28.1484	2.02779e-10	0	1.0749e-09	41.4714	0	119.327	0	0	0	0	42.2883	2.62789e-07	2.21485e-09	100.3	48.1355	
0.3	6.78405e-10	0	7.15007e-09	2.64943e-08	4.38638e-07	1.03636e-08	0	1.13485	9.22279e-09	0.392048	86.4078	132.539	0	0.00706112	282.349	0	0	80.471	10.3914	66.6567	163.069	325.496	441.767	1.11402e-08	3.05481	0.000185301	114.144	0	2.25577e-08	0	44.8818	0.0311825	0.0261579	0.00240258	376.393	9.49749e-09	159.623	2.4625e-09	0	0	18.2475	104.814	4.28828	6.74638	7.84248	11.601	0	5.0812e-05	23.7665	194.065	2.60401e-11	1.18676e-05	7.99775e-08	7.71082e-08	111.274	9.75922	16.2788	0	5.34171e-09	1.14833e-07	6.06136e-08	0	1.21518e-07	22.0507	19.8859	1.82616e-10	0.185772	1.07742e-07	28.3508	0.0024852	120.373	0	0	0	0	43.7258	0	6.75969e-09	96.6699	45.3413	
0.305	7.02156e-10	1.34555e-08	5.13708e-09	0	0	8.81479e-09	0.029805	1.22378	1.21651e-08	0.490469	87.7274	134.299	0	0	240.226	0	1.84782e-08	80.5323	9.54339	69.6211	170.749	344.193	472.405	7.25227e-09	3.23246	0	111.216	1.54765e-07	2.12684e-08	0	45.4	0	0	0.0062787	376.471	1.12573e-08	163.693	2.44684e-09	0	0	14.4742	90.2272	3.84809	6.33638	5.49608	7.7727	0	0	23.419	196.417	3.40984e-09	0	7.70132e-08	7.98835e-08	164.614	10.3194	15.6597	0	0	1.17797e-07	1.47602e-07	0	1.10933e-07	20.2317	13.9382	1.7871e-10	0.0488047	8.8395e-09	17.8853	0	121.25	0	0.00139053	0	0	44.6011	1.89305e-07	4.25062e-09	92.9256	43.1789	
0.31	6.36818e-10	2.33145e-08	3.97152e-09	4.55279e-07	3.05241e-07	7.88538e-09	0	1.30332	1.20876e-08	0.530972	88.9598	135.969	5.20743e-05	0	195.189	0	2.78223e-08	86.8611	8.61713	72.197	178.052	362.296	501.99	4.10847e-09	3.42146	0	108.727	0	1.99845e-08	9.51227e-06	45.9277	0	0	0	376.554	0	167.427	2.43163e-09	0	0	11.8514	81.972	3.37398	5.86874	3.8612	5.11633	0.000942704	0	22.9148	197.972	0	1.22293e-07	7.41343e-08	8.26977e-08	209.596	10.8362	15.0012	6.59368e-09	4.04128e-09	1.19357e-07	1.03714e-07	0	9.90988e-08	18.7322	10.2474	1.78807e-10	0.029882	2.16255e-07	10.5455	0	122.399	0	0.00474641	0	0	44.846	0	0	89.0457	41.3243	
0.315	5.68129e-10	2.48057e-08	2.53449e-09	3.13954e-08	2.87394e-08	8.91084e-09	0	1.37303	1.39513e-08	0.512993	90.0927	137.535	4.46271e-05	0.00125103	148.405	0	2.79309e-08	97.7763	7.62425	74.3526	185.327	379.417	529.75	1.79335e-09	3.61899	0	106.671	1.31235e-08	2.27862e-08	0	46.4649	0.0359037	0.0186824	0	376.801	7.12133e-10	170.79	2.41482e-09	0	0	9.93322	76.5593	2.87274	5.35262	2.64774	3.26632	0.000661912	0	22.262	198.705	0	0	7.13355e-08	2.04396e-07	239.779	11.3059	14.2906	1.46648e-08	6.47472e-09	1.19459e-07	1.10861e-07	2.95072e-11	8.62329e-08	17.4363	8.56808	1.81774e-10	6.0185e-05	5.01223e-10	5.73438	7.33433e-05	124.083	0.000203933	0	0	0	44.4208	0	2.1868e-08	124.932	55.0564	
0.32	5.05012e-10	2.50307e-08	1.43887e-09	6.89629e-09	1.02561e-08	1.00963e-08	0.00398219	1.43302	1.52852e-08	0.445703	91.1152	138.983	6.87326e-06	0.00430847	101.418	0	2.4503e-08	110.206	6.57875	76.0662	192.981	395.146	554.961	3.93956e-10	3.82285	0	105.046	2.36475e-09	2.11645e-08	0	47.0121	0	0	0.000666771	377.255	7.11928e-11	173.755	2.39602e-09	0	0	8.405	72.397	2.35247	4.79841	1.67819	1.93953	0.000201357	0	21.472	198.611	1.23249e-08	0	6.86152e-08	6.13808e-07	252.973	11.7265	13.527	1.81329e-08	9.19588e-09	1.1773e-07	1.08078e-07	4.25417e-11	7.26241e-08	16.2621	8.58282	1.86671e-10	0	1.358e-07	2.6005	0	126.314	0.011208	0.000130757	0	8.32463e-09	43.3123	1.29191e-05	0	173.526	73.0208	
0.325	4.48731e-10	2.5165e-08	6.28407e-10	0	1.93555e-07	1.13584e-08	0.0123761	1.48342	1.60552e-08	0.343629	92.0179	140.303	0	0	60.6128	0	2.00353e-08	120.035	5.49889	77.3222	199.876	409.08	576.961	0	4.0301	0	103.847	5.5749e-09	1.98486e-08	0	47.5694	0	0	0.000728018	377.912	2.38027e-10	176.297	2.37619e-09	0	0	7.0634	68.7638	1.8217	4.21777	0.855933	0.947638	0	0	20.5587	197.7	0	0	6.59738e-08	1.04889e-06	249.328	12.0986	12.7173	1.94838e-08	1.12484e-08	1.13836e-07	1.07415e-07	4.51548e-11	5.86514e-08	15.1589	9.99569	3.37422e-10	0	4.79398e-08	0.613189	0.000958023	129.023	0	0.00606056	0	6.1905e-10	41.5307	0	3.62238e-08	224.379	94.2777	
0.33	3.96624e-10	2.51632e-08	1.61583e-10	2.15882e-09	3.14618e-06	1.26652e-08	0	1.52472	1.60651e-08	0.227485	92.7932	141.488	0	0	31.0265	0	1.55923e-08	123.458	4.40201	78.117	204.873	420.859	595.285	5.16396e-10	4.23897	0	103.07	2.29773e-09	1.87129e-08	0	48.137	0.00411534	0.70487	0.000155577	378.749	8.03386e-11	178.442	2.35622e-09	0	0	5.78968	65.2313	1.28964	3.62233	0.146436	0.186617	0	0	19.5381	196.005	2.85588e-07	1.53276e-09	6.34101e-08	1.31565e-06	230.591	12.423	11.8713	1.95386e-08	1.31159e-08	1.07576e-07	1.04666e-07	0	4.48553e-08	14.096	12.4661	6.66469e-09	0	5.1176e-08	0	0.000588931	132.151	0	0	0	7.24587e-09	39.11	1.94535e-07	7.70506e-10	274.186	118.82	
0.335	3.47373e-10	2.49702e-08	0	3.86004e-09	0	1.40194e-08	0	1.55755	1.51181e-08	0.116938	93.5092	143.475	0	0.000749704	13.8783	0	1.16143e-08	118.848	3.30593	78.4491	207.635	430.191	609.514	1.9124e-09	4.44675	0	103.004	1.23583e-05	1.76511e-08	0	48.7145	0.00926327	1.713	0	379.739	0	182.088	2.33578e-09	1.34725e-08	0	4.52094	61.5632	0.768209	3.02401	1.17809e-05	2.17529e-05	0	0	18.4284	193.572	0	1.55739e-09	6.09225e-08	1.20398e-06	200.428	12.7002	11.0022	1.61722e-08	1.48006e-08	9.89307e-08	1.01078e-07	0	3.19135e-08	13.0568	15.5828	1.08776e-08	0	1.26063e-07	0	0.000169638	135.648	0	0.000454819	0	5.70785e-10	36.103	0	0	321.504	144.742	
0.34	3.00738e-10	2.45678e-08	1.23705e-11	6.47421e-09	3.3131e-08	1.54159e-08	0	1.58268	3.97214e-08	0.0255436	94.2147	146.473	0	0.000717598	5.50766	0	8.27249e-09	107.835	2.22919	78.3269	208.587	436.871	619.46	4.24578e-09	4.65136	0	103.941	0	1.66232e-08	0	49.3017	0.000618382	1.35131	0	380.85	4.06457e-08	187.617	2.31559e-09	1.18731e-06	0	3.23341	57.6696	0.275271	2.43441	0	0	0.000415779	0	17.2486	190.463	6.06908e-08	3.31398e-09	5.85091e-08	5.00482e-07	161.101	12.9297	10.1225	8.27633e-09	1.63455e-08	8.80776e-08	9.6544e-08	4.53643e-06	2.05718e-08	12.0351	18.9728	1.03262e-08	9.99762e-05	5.81439e-09	0	0	139.454	0.0015621	0.00595319	0	0	32.5841	9.15312e-08	1.76905e-08	366.026	168.581	
0.345	2.57189e-10	2.2656e-08	1.12827e-10	9.6505e-09	0	1.68505e-08	0.0433141	1.60095	3.37106e-08	0	94.8737	149.917	0	0.000201238	1.41084	0.000222618	5.6071e-09	96.0881	1.19666	77.7602	208.812	440.781	624.992	7.58121e-09	4.85083	0	105.912	0.939569	1.56304e-08	2.2242e-07	49.8981	0.0267071	0.511044	0	382.058	0	193.79	2.29451e-09	0	0	1.93126	53.5354	0	1.86452	0.000713325	0.000540826	0	0	16.0196	186.755	0	5.84507e-06	5.61692e-08	0	116.62	13.1122	9.24535	3.42414e-09	1.77322e-08	7.53433e-08	9.11387e-08	2.01441e-06	1.15226e-08	11.0306	22.3384	1.05608e-08	6.4941e-05	3.01173e-06	0.00418951	0	143.505	0	0	0	0	28.6421	0	0	407.465	186.339	
0.35	2.16993e-10	1.93222e-08	2.11921e-10	1.37359e-08	3.33099e-09	1.83172e-08	0	1.61306	0	0	95.4238	153.3	0	0	0	0.0174474	3.5813e-09	86.7519	0.26471	76.7657	208.478	441.903	626.134	1.19868e-08	5.04293	0	108.792	1.35946	1.46718e-08	8.10299e-07	50.503	0	0	0	383.334	6.88501e-08	199.52	2.27297e-09	1.32597e-08	0	0.650825	49.1819	0	1.32516	0.000926661	0.000936339	0	0	14.7622	182.532	0	1.12475e-05	4.21461e-08	0	74.1611	13.2466	8.38245	1.0144e-09	1.13889e-08	6.12834e-08	8.47301e-08	8.07904e-07	5.23103e-09	10.0468	25.4547	9.97947e-09	2.06356e-05	0	0.00051447	0	147.727	0	0	0	6.49127e-10	24.3795	2.6085e-05	6.46195	439.112	194.421	
0.355	1.80354e-10	9.27276e-11	2.68634e-10	1.86001e-08	2.79706e-09	9.1509e-09	0	1.61975	6.1558e-09	0	95.8198	156.31	0	3.31387	0	0	2.12256e-09	79.7036	0	75.3608	207.475	440.3	623.011	1.75326e-08	5.22595	0	112.422	0.945207	1.37485e-08	0	51.1152	5.98992e-09	0	0	384.645	9.90076e-10	204.149	2.25153e-09	0	0	3.99874e-05	44.6493	0	0.827667	0.00041689	0.0003806	0.000393652	0	13.4969	177.886	0	0	4.05473e-08	0	45.3218	13.3327	7.54472	1.66954e-10	3.43361e-08	4.67266e-08	7.72692e-08	1.78563e-07	1.73542e-09	9.08935	28.2508	4.16703e-09	7.72183e-07	7.65434e-08	0	0	152.051	0.0179762	0.0149133	0	2.33768e-09	19.9098	0	12.2634	463.283	196.596	
0.36	1.47778e-10	5.93336e-08	2.72417e-10	2.41298e-08	5.43042e-09	5.22996e-09	0.0323643	1.62164	1.10989e-11	0	96.0322	158.815	0	17.384	0	0.00247584	1.13613e-09	74.0321	0	73.5679	205.865	436.114	615.837	2.42891e-08	5.39794	0	116.647	0.198896	1.28601e-08	3.73739e-09	51.7337	0.0320191	0	0	385.963	1.21539e-05	207.448	2.34994e-09	1.11901e-09	0	0	39.9885	0.00171131	0.387003	7.74835e-05	4.8288e-05	0.00542023	0	12.2435	172.912	0	4.63065e-08	3.88105e-08	0	28.4708	13.37	6.74043	1.58167e-09	1.43704e-08	3.2716e-08	6.88023e-08	9.50159e-09	3.49782e-10	8.16445	30.7188	2.58326e-10	0	4.27384e-06	0	0	156.403	0	0	0	4.01951e-09	15.3534	2.84604e-07	10.6764	482.892	196.633	
0.365	1.18858e-10	1.00227e-06	2.33525e-10	3.01831e-08	6.82451e-09	1.97272e-06	0	1.61962	4.39842e-09	0.000443261	96.0451	160.735	0	47.5522	0.00448167	0.0201087	5.22526e-10	70.5808	0.000366363	71.4101	204.002	429.55	604.914	3.23283e-08	5.55799	0	121.308	0	1.20064e-08	0	52.3571	0	0	0	387.255	1.11664e-06	209.343	2.32537e-09	0	0	0	35.258	0.000351845	0.0335687	0	0	0	0	11.0206	167.708	0	0	3.73456e-08	0	19.1805	13.3592	5.97728	7.24997e-08	3.38128e-10	2.03843e-08	5.949e-08	0	0	7.27866	32.8269	1.65667e-10	0	0	0	0	160.72	0.00271907	0	0	8.70552e-10	10.865	0	8.39483	491.877	192.997	
0.37	9.37621e-11	4.49818e-08	1.7138e-10	3.6629e-08	9.61076e-09	4.05222e-09	0.000113674	1.61385	3.78325e-07	0	95.8495	162.016	0	89.3662	0.00390576	0	1.80814e-10	68.7331	0.00154374	68.913	201.572	420.861	590.606	4.17247e-08	6.06445	0	126.252	0	1.11871e-08	0	52.9837	0.000631157	0.323323	0	388.492	3.51836e-06	209.825	2.30299e-09	1.05453e-09	0	0.00243215	31.523	0.000145923	0	0	0	0	0	9.84563	162.366	1.20951e-10	1.13073e-05	3.58261e-08	0	14.0492	13.3002	5.26029	4.9432e-08	1.90354e-07	1.07466e-08	4.95713e-08	0	3.26735e-07	6.43803	34.4845	1.53419e-10	0	2.45877e-07	0	0	164.943	0.0170152	1.71881	0	2.24869e-08	6.65605	1.80844e-08	7.04277	491.619	186.16	
0.375	7.25713e-11	1.45247e-08	1.04616e-10	4.33439e-08	1.32062e-08	6.02538e-08	0.0314714	1.60513	3.51202e-06	0	95.4556	162.675	0	135.151	0.00717142	2.00404e-06	0	66.7483	0.000636277	66.1055	198.317	410.333	573.272	5.25551e-08	8.05399	0	131.367	0	1.04017e-08	0	53.612	0.0210385	2.1286	0	389.655	4.71167e-06	208.985	2.27809e-09	0	0	0.00104606	28.8021	0	0	0	0	0	0	8.73302	156.973	5.31491e-07	0	3.43596e-08	0	11.221	13.195	4.59318	6.61882e-07	6.74731e-11	4.41592e-09	3.93848e-08	2.87318e-08	4.90803e-08	5.71049	35.5556	1.63389e-10	0	0	0	0	169.027	0	2.38916	0	1.41319e-08	2.97043	2.87333e-09	6.08803	480.406	175.334	
0.38	1.57917e-06	4.12062e-08	4.88832e-11	5.02171e-08	1.75366e-08	3.4463e-08	0	1.59404	0	0	94.8889	162.791	0	180.168	0	0.049037	0.00138869	63.4316	0.000163489	63.0169	194.11	398.266	553.399	6.48987e-08	12.1064	0	136.593	0.00231608	9.65065e-09	0	54.2403	0	2.36581	9.10047e-07	390.72	6.49998e-06	207.008	2.25339e-09	8.04966e-08	0	0.000250746	26.4342	0	0	0	0	0.00119799	0	7.69452	151.613	9.74769e-08	1.25403e-07	3.29341e-08	3.18736e-05	9.6999	13.0464	3.97846	9.65698e-07	2.30046e-09	1.25873e-09	2.94026e-08	4.9193e-09	3.714e-08	5.18821	35.8858	1.43434e-10	2.23146e-08	1.29635e-08	0	0	172.93	0.00130413	1.5092	0	5.05103e-09	0.278306	1.09232e-08	5.05769	459.295	161.623	
0.385	3.48383e-06	1.16558e-07	1.04914e-11	5.71541e-08	2.24111e-08	8.10268e-09	0	1.57904	3.69671e-08	0	94.1791	162.479	0	222.616	0	0	0.00519202	58.4704	0	59.6815	189.017	384.972	531.396	7.88381e-08	17.8405	0.839186	141.925	0.000417339	8.93248e-09	0	54.8659	5.59423e-05	1.40755	4.24147e-06	391.666	8.4248e-06	204.131	2.22935e-09	0	0	0	23.9414	0	0.00130682	8.39442e-08	0	0.00232878	0	6.74223	146.366	5.33909e-09	0	3.15565e-08	1.60881e-05	8.87903	12.8524	3.41552	1.94018e-07	0	1.84503e-10	2.01953e-08	3.04667e-08	2.03036e-07	4.85715	35.3596	1.23645e-10	0	5.61177e-09	0	0	176.635	0.00907338	0.734	0	1.88504e-09	0	2.60458e-09	3.94375	431.505	146.845	
0.39	0	1.99424e-08	0	6.40789e-08	2.77371e-08	9.64338e-09	0.0126618	1.56426	0	0	93.3522	161.856	0	262.746	0.0189407	0.00423774	0	52.2693	0	56.1305	183.247	370.742	507.769	9.44586e-08	24.5568	5.24118	147.39	0.000168084	1.07098e-08	1.94141e-05	55.4887	0.00886095	0.543357	0	392.473	1.0627e-05	200.595	2.20451e-09	1.29896e-07	0	0	21.1273	0	0.000137828	6.03486e-07	0	0.000482744	0	5.88331	141.3	0	7.21227e-09	3.02231e-08	5.45193e-07	8.41907	12.6256	2.90647	8.5015e-06	0	0	1.23581e-08	8.54652e-08	6.08871e-06	4.64106	33.9256	1.04572e-10	0	0	0	0	180.109	0	0.404351	0	3.09682e-12	0	0	2.86594	399.236	131.871	
0.395	0	2.57379e-09	2.77279e-06	5.68969e-07	3.3431e-08	1.00934e-08	0	1.5438	2.84327e-08	1.51143e-07	92.4282	161.015	4.24619e-06	301.315	0	0.0263868	0	45.5806	0	52.402	177.05	355.862	482.968	1.11849e-07	31.5166	8.80888	153.004	0	3.07548e-08	0	56.1043	0.00451742	0.0649343	0	393.131	1.30741e-05	196.597	2.1795e-09	0	0	0	17.9951	9.98333e-07	1.71274e-05	2.90426e-07	0	0	0	5.12129	136.466	0	0	2.89323e-08	0	8.13252	12.3643	2.44876	8.51051e-09	0	2.53253e-07	6.39718e-09	1.70444e-07	0	4.48033	31.573	8.81584e-11	0	8.81577e-08	0	0	183.357	0	0.334035	0	1.73799e-09	0.00650935	6.29462e-07	1.86854	363.965	117.06	
0.4	0	0	0	1.13859e-06	3.94175e-08	1.0158e-08	3.20485e-07	1.52496	8.348e-10	1.71488e-07	91.4222	160.004	1.69106e-06	338.995	0.000424058	0	0	39.2117	0	48.5394	170.666	340.584	457.458	1.31103e-07	37.989	11.2919	158.778	0	1.54448e-07	3.16389e-07	56.7132	0	0	1.93564e-07	393.626	1.96333e-06	192.276	2.15457e-09	0	0	0	14.6128	1.18536e-06	0	7.13642e-08	9.9319e-08	0	0	4.45589	131.901	7.32874e-06	5.779e-09	2.76831e-08	0	7.92183	12.0711	2.04088	1.1217e-07	0	0	2.5729e-09	2.78554e-07	6.57661e-08	4.32803	28.2921	7.37697e-11	0	3.1616e-08	0	0	186.362	0	0.388242	0	9.7926e-11	0.00363598	0	0.968628	327.572	102.449	
0.405	6.95742e-09	1.12963e-09	0	8.209e-07	4.56272e-08	1.01645e-08	0.0170041	1.50348	2.91599e-08	0	90.3466	158.877	5.22941e-07	376.128	0.0665148	0	0.0171909	33.7745	9.39592e-07	44.5796	164.279	325.126	431.673	1.52316e-07	43.5411	13.3834	164.696	0	2.25042e-08	0	57.3118	0	0	3.81817e-07	393.949	1.09875e-07	187.736	2.1297e-09	0	0	0	11.075	5.49739e-07	0	2.32703e-08	2.66085e-07	0	3.03934e-06	3.88351	127.62	0	0	2.64743e-08	0	7.74099	11.7548	1.68125	0	0	0	7.10374e-10	4.02964e-07	0	4.15914	24.1102	6.07576e-11	0	7.95131e-08	5.74452e-06	0	189.133	0	0.519041	0	0	0.000926864	1.02123e-07	0.196312	291.342	88.3424	
0.41	1.25472e-08	4.36717e-09	0	0	5.19983e-08	1.0197e-08	0	1.4805	3.59588e-09	6.8429e-07	89.2138	157.67	1.20444e-08	412.716	0	0.0561266	0	29.603	0	40.5686	158.017	309.67	406.003	1.75589e-07	48.019	15.3847	170.742	0	8.42763e-08	1.73481e-07	57.8994	0.000245343	0	6.80779e-07	394.098	0	183.057	2.10455e-09	0	0	0	7.40867	1.58314e-07	0	4.45798e-08	2.7021e-07	0.000916354	1.14257e-07	3.39866	123.629	8.03057e-08	1.10861e-08	2.53053e-08	1.08131e-08	7.56403	11.419	13.9991	1.00094e-08	4.83851e-09	2.81472e-06	9.7793e-11	5.35226e-07	1.20437e-08	3.91339	19.4492	4.98373e-11	0	1.44298e-07	0	0	191.674	0.00292048	0.705368	0	0	0	0	0	255.781	75.0941	
0.415	0	2.75239e-10	0	4.40933e-07	2.95985e-08	1.01961e-08	0	1.45706	1.05989e-09	0	88.0335	156.398	3.30942	448.375	0.00625023	0	0.00137336	26.8085	6.12994e-07	36.5522	151.968	294.364	380.783	8.27005e-07	51.3547	17.2953	176.89	1.48673e-06	6.37578	0	58.4743	0.0306963	0	2.50275e-07	394.073	1.54768e-05	178.291	2.07958e-09	0	0	0	3.70135	2.93202e-08	7.55661e-07	6.88877e-08	1.23936e-07	0.000876007	1.68743e-07	2.99433	119.931	0	0	2.41744e-08	1.0378e-08	7.37994	11.0676	30.5808	2.23611e-09	1.41738e-09	0	0	6.59001e-07	1.57833e-08	3.53504	14.8558	4.06144e-11	0	2.76756e-08	0	0	193.995	0.00386637	0.928728	0	0	0	8.97808e-08	0	221.942	63.1047	
0.42	0	1.13253e-06	0	0	1.29475e-08	0	0.00223711	1.43217	0	9.9829e-09	86.8071	154.996	26.8644	481.381	0.00800003	0.00439669	0.0578076	25.1198	6.43056e-08	32.577	146.143	279.317	356.278	0	53.9186	19.018	183.029	1.44686e-06	13.5118	5.74886e-09	59.0347	0	0.358108	2.27904e-07	393.878	0	173.391	2.05407e-09	3.69359e-10	0	0	0.405288	1.29996e-08	1.66715e-06	7.8383e-08	6.23753e-08	0.000362403	1.18763e-07	2.66285	116.528	4.65692e-09	0	2.30823e-08	4.27651e-09	7.18415	10.7033	45.0832	3.62242e-09	2.15309e-09	8.8489e-08	2.24658e-07	7.50393e-07	2.72027e-08	3.00539	10.5432	3.29399e-11	0	1.93229e-08	0	8.95814e-09	196.102	0	1.17087	0	0	0	0	0	190.215	52.4221	
0.425	0	4.25437e-06	2.05148e-09	1.83388e-08	4.89297e-09	1.04625e-06	0.00362232	1.40733	1.24618e-08	0	85.5379	153.399	57.4197	509.647	0.0071826	0.0116412	0	23.9526	3.76256e-08	28.685	140.452	264.668	332.693	9.68436e-09	56.6479	20.515	189.011	0	14.5042	0	59.5803	0	1.65716	0	393.513	1.75757e-07	168.305	2.02874e-09	2.81927e-10	0	0	0	1.8056e-08	9.8362e-07	7.61093e-08	9.9098e-08	0	1.46636e-07	2.39534	113.414	6.04658e-10	3.72719e-08	2.20268e-08	1.75803e-09	27.9657	10.3358	56.0328	4.62338e-06	2.78811e-09	0	0	7.82237e-07	3.70748e-08	2.42685	6.88399	0	0	0	0	0	198.004	0	1.42084	0	7.77538e-08	0	0	0.0034902	161.467	43.1436	
0.43	0	4.01827e-06	3.17038e-09	0	1.04699e-09	0	0.0125973	1.38261	3.9566e-09	0	84.2146	151.453	84.2431	527.743	0.000151106	0	0	22.8627	0	24.9308	134.857	250.43	310.222	0	60.1348	21.656	194.457	2.04006e-07	17.5496	0	60.1095	0.0147787	1.84456	55.0006	392.99	0	162.845	2.00383e-09	1.72776e-10	0	0	0	1.74384e-08	3.26951e-07	6.80921e-08	1.16875e-07	0	1.46912e-07	2.1842	110.583	2.99418e-09	0	2.10078e-08	1.25714e-09	49.1124	9.95913	63.3889	3.53243e-08	3.67305e-09	9.13112e-09	3.13005e-09	7.28726e-07	4.9752e-08	1.89352	4.08321	0	0	1.22586e-08	0	3.01779e-08	197.02	0	1.67409	0	4.9454e-08	0	1.59148e-08	0.000329381	133.703	34.2414	
0.435	2.03977e-07	2.58553e-06	4.53114e-08	1.81364e-09	4.73417e-07	6.53896e-08	0	1.35966	9.93986e-10	0	82.8121	148.854	97.1266	508.076	0.0631781	0.0561693	0	21.5251	8.84118e-09	21.3464	129.32	236.574	288.852	9.5321e-09	64.4138	22.2047	198.664	8.00282e-06	21.5776	0	60.6226	0	1.2557	195.383	392.321	1.29339e-08	156.613	1.97806e-09	1.00569e-10	0	0	0.00599425	1.1542e-08	0	5.80573e-08	1.24298e-07	0	1.48107e-07	2.02102	108.023	7.77727e-10	5.92724e-08	2.00242e-08	1.6182e-09	58.9727	19.3676	60.8267	1.11678e-07	4.43584e-09	1.42017e-08	1.43576e-06	5.76753e-07	6.3439e-08	1.46102	2.11006	7.78523e-06	0	1.25794e-09	0	0	183.85	0	1.93099	0	1.92671e-08	0	0	9.57469e-05	99.6993	23.2602	
0.44	6.22321e-07	16.031	8.05971e-08	1.45087e-09	0	2.49795e-08	0	1.33724	8.22545e-13	1.52392e-08	81.3851	145.8	92.3043	423.82	0	0	0.00810867	20.7873	2.48849e-08	17.9772	124.302	223.386	268.471	1.54896e-08	67.9306	22.4174	201.801	9.43518e-08	24.3695	0	61.1185	0.000821867	0.707377	343.205	391.523	1.42285e-09	149.857	1.95306e-09	7.13666e-11	0.0203606	0	0.00410219	5.43335e-09	0	4.76296e-08	1.25027e-07	0	1.4577e-07	1.89834	105.719	1.88932e-10	0	1.90752e-08	2.06531e-09	50.0964	45.5263	48.26	2.98295e-08	5.13211e-09	3.0832e-08	0	3.43896e-07	7.75363e-08	1.14433	0.814289	5.17827e-06	0	1.71259e-08	0	0	159.17	0.000667075	2.18858	0	0	0	2.27057e-08	0	60.2552	11.6981	
0.445	8.74088e-07	28.0656	0	2.93164e-09	6.2925e-09	1.95858e-06	0.00134102	1.31641	2.07542e-07	0	80.0115	142.806	80.818	342.814	0.00570276	0.00087294	0.00706051	20.8702	3.53195e-08	14.855	119.675	210.865	249.096	2.86616e-08	69.8615	22.7421	204.744	0	25.6761	9.61328e-11	61.5977	0.00814555	0.389097	483.653	390.617	0	143.253	1.92758e-09	5.51318e-11	0.0158005	0	0.00153416	1.72462e-09	0	3.74768e-08	1.22567e-07	0	1.42264e-07	1.80964	103.656	0	0	1.81606e-08	2.44793e-09	33.5705	77.5792	33.3836	7.07987e-08	4.93288e-08	4.88352e-08	1.58288e-08	1.01832e-07	9.14035e-08	0.931261	0.0391144	3.4505e-06	0	9.46632e-08	3.19936e-06	0	135.913	0.00041032	2.44627	0	2.0201e-09	0	0	0	26.025	2.99742	
0.45	1.17549e-09	29.5372	0	4.07888e-09	0	0	0.0273296	1.29802	0	0	78.7202	140.151	71.4254	292.61	0.00984102	0.091225	0.00274477	20.7431	4.02398e-08	12.013	115.044	198.863	230.84	4.1263e-08	71.1376	23.3431	208.082	0	26.851	3.65008e-06	62.0603	0	0.223593	598.195	389.624	1.02208e-07	137.207	1.90249e-09	4.24291e-11	0	0	0	2.78358e-10	0	2.79822e-08	1.18206e-07	0	1.36898e-07	1.74876	101.817	0	0	1.72788e-08	2.77618e-09	21.1025	104.692	21.6409	1.70593e-07	8.9072e-09	7.15881e-08	0	9.74435e-08	1.04793e-07	0.802415	0	1.95166e-06	0.854502	3.70746e-09	3.51624e-06	0	121.951	6.75587e-05	3.94815	0	0	0	0	0	5.09437	0	
0.455	8.16628e-09	31.8427	0	5.45152e-09	2.08936e-09	3.58998	0	1.28179	2.11018e-06	0	77.5071	137.857	64.2367	257.308	0.00607618	0	0.0415041	20.1421	4.42977e-08	9.47696	110.52	187.489	213.801	5.02532e-08	71.6723	24.1733	211.957	0	27.7416	0	83.729	0	0.135116	692.016	388.572	0	131.794	1.87675e-09	2.6955e-11	0.00711644	0	0	0	1.53022e-09	1.94684e-08	1.12697e-07	0	1.29352e-07	1.71034	100.183	0	6.76808e-06	1.64306e-08	3.09424e-09	13.8987	124.549	13.9603	2.60997e-08	2.51532e-08	9.80503e-08	5.45271e-09	9.37236e-08	1.50103e-06	0.740212	0	1.04387e-06	0	4.14945e-08	3.1166e-07	0	118.886	0	9.65069	0	0	0	3.57556e-08	6.98851e-07	0	0	
0.46	1.86268e-10	32.0151	1.36936e-07	6.88637e-09	1.66584e-09	12.6741	0	1.26851	0	0	76.3675	135.888	58.0676	229.239	0.000497652	0.00807363	0	19.5592	4.86581e-08	7.26115	106.308	176.894	198.064	2.55097e-08	70.6093	25.1828	216.366	8.6038e-08	27.5092	1.51977e-08	115.81	0	0.0890637	768.527	387.488	1.34765e-07	126.983	1.8513e-09	1.2885e-11	0.0121446	0	0	3.85366e-07	1.92422e-09	1.2224e-08	1.06436e-07	0	1.19337e-07	1.68976	98.7368	0	7.41236e-09	1.56142e-08	3.42053e-09	9.83042	139.022	9.08523	1.78724e-09	3.24778e-09	1.28017e-07	9.45915e-09	9.23946e-08	6.2167e-07	0.730639	0.000491095	4.75327e-07	4.85872	1.87648e-07	2.39391e-07	0.000453725	120.117	0	14.6147	0	0	0	0	3.52918e-06	0	0	
0.465	9.32268	29.5849	0	8.37649e-09	1.30706e-09	7.54059	0.0036133	1.25771	2.34564e-08	0	75.3049	134.24	53.3473	207.365	0.0565352	0.0156675	0	19.0387	5.36259e-08	5.369	102.307	167.055	183.678	4.11112e-09	68.1844	26.3693	221.304	0	26.5246	0	147.122	0	0.0719967	832.046	386.403	0	122.765	1.82661e-09	1.43752e-12	0.00935935	0	0	0	1.2016e-09	6.48654e-09	9.96871e-08	0	1.0689e-07	1.6831	97.4587	0	5.8416e-06	1.48301e-08	3.75442e-09	7.44805	149.155	5.97821	4.25846e-09	3.03786e-06	1.61088e-07	1.69095e-08	8.90072e-08	1.3108e-08	0.762818	0.00139335	1.5674e-07	0	1.75307e-08	1.41187e-07	0.0014078	121.896	0	17.5412	0	3.00699e-06	0	6.57545e-08	2.14195e-06	0.0022546	0.0119996	
0.47	9.49945	28.2319	2.48297e-08	9.85043e-09	5.29501e-10	7.82601	0.0088843	1.25002	0	1.48028e-10	74.3198	132.883	50.726	193.801	0	0.00152814	0.0336076	18.3604	5.9072e-08	3.79664	98.4842	157.961	170.678	0.538752	65.6068	27.7053	226.702	9.79153e-09	25.8003	0	167.509	0.00172529	0.0771261	885.241	385.346	1.06193e-08	119.099	1.80113e-09	0	0.00317294	0	0	1.44158e-08	5.27268e-10	2.44782e-09	9.26204e-08	0	9.23256e-08	1.68685	96.3312	0	0	1.40775e-08	4.09605e-09	6.05514	155.899	4.0388	1.27343e-08	0	1.97159e-07	2.55987e-08	8.55128e-08	4.47362e-08	0.828291	2.76315e-05	5.30327e-06	0.1159	1.82909e-09	1.12065e-07	0	124.144	0	18.8949	0	0	0	0	5.94517e-07	0.0661174	0.00153692	
0.475	7.16594	29.7533	5.02595e-09	1.12503e-08	6.6023e-11	8.20523	0	1.2449	2.76198e-09	0	73.4075	131.749	49.8558	187.283	0.00486052	0.0536873	0	17.7136	6.48913e-08	2.53317	95.0372	149.717	159.077	2.48164	63.7411	29.1278	232.411	0	25.7749	0	177.1	0.00693585	0.0988706	929.129	384.349	2.55676e-08	115.89	1.77618e-09	0	4.94192e-05	0	0	1.33401e-06	2.50539e-10	2.92385e-10	8.53537e-08	0	7.61755e-08	1.69834	95.3365	0	0	1.33553e-08	4.43796e-09	5.2349	159.767	2.8848	1.80933e-08	0	5.86568e-07	3.63322e-08	8.18114e-08	5.54725e-08	0.920639	0	0	0	3.69869e-08	6.48012e-08	0	126.72	0	18.9188	0	4.07529e-08	0	0	0	0	0.0190352	
0.48	7.60366	33.1981	8.13501e-08	1.25229e-08	1.4712e-10	7.92045	0	1.2421	1.89533e-09	2.86181e-09	72.5633	130.771	50.1274	185.743	0.00938985	0	0	17.6421	7.10348e-08	1.55915	92.1869	142.448	148.861	1.87009	62.7823	30.5816	238.276	0	26.365	0	180.758	0	0.131389	964.116	383.443	3.2268e-08	113.05	1.85025e-09	0	0	0	0	0	1.57741e-10	1.42865e-10	7.79737e-08	0	5.92017e-08	1.71523	94.4577	0	0	1.26632e-08	4.77935e-09	4.72247	161.476	2.24837	3.23449e-08	4.67988e-07	1.05673e-06	4.83517e-08	7.79795e-08	7.05419e-08	1.03498	0	0	0.0562517	7.71746e-08	2.84838e-08	0.00047845	129.486	0	17.8567	0	0	0	0	0	0.000771062	0	
0.485	7.52008	37.2933	1.07458e-07	1.36268e-08	2.36977e-09	7.53537	0	1.24139	2.5052e-09	2.31974e-10	71.7856	129.928	51.1844	187.617	0.00501051	0.00142038	0.0569829	18.6003	7.74852e-08	0.84849	90.0551	136.217	139.986	1.65151	62.6457	32.0393	244.195	6.78567e-08	27.4296	0	181.95	0	0.168485	991.192	382.655	1.03995e-08	110.532	2.03198e-09	0	0	0	0	1.42118e-08	1.18255e-10	1.72876e-09	7.05532e-08	0	4.2483e-08	1.7359	93.6788	0	0	1.20009e-08	5.11544e-09	4.37112	139.795	1.95024	19.8947	0	4.7604e-08	6.12204e-08	7.39449e-08	8.01142e-08	1.16805	0	0	0.0147811	1.79316e-09	5.39327e-09	0.00213538	124.53	0.000147641	24.5467	0	0	0	0	0	0.0640869	0	
0.49	7.16642	41.4476	3.44288e-09	1.45312e-08	1.29899e-07	7.20401	0.00152098	1.24227	1.42182e-09	8.21829e-08	71.0745	129.219	52.8478	192.017	0.000690724	0.035734	0	20.7991	8.42337e-08	0.368971	88.6853	131.04	132.385	1.70537	63.2194	33.4903	250.108	0	28.8869	0	182.401	0	0.204452	1012.12	382.014	3.1507e-09	108.325	2.00894e-09	0	0	1.54179e-06	0	0	7.15889e-08	5.08708e-09	6.31633e-08	0	2.73142e-08	1.75895	92.9846	0	0	1.13676e-08	5.44606e-09	4.10984	101.76	1.87857	52.7241	2.11058e-08	6.68902e-08	7.45489e-08	6.96901e-08	8.89431e-08	1.31734	0	0	0.00907642	1.95178e-09	0	0.000151955	113.023	0	35.7596	0	3.18914e-09	0	0	0	0	0.000657388	
0.495	7.07245	45.4758	5.74604e-09	1.52184e-08	3.22245e-09	6.84258	0.0123677	1.24415	6.43623e-10	6.37073e-09	70.4291	128.643	54.8837	197.968	0.0436471	0	0.00187768	24.2514	9.12654e-08	0.0828742	88.1297	126.931	126.008	1.70027	64.4062	34.9233	255.963	1.22938e-07	30.6759	0	182.586	0	0.235279	1028.68	381.543	2.76183e-08	106.421	1.96728e-09	0	0	0	0	6.80429e-09	0	1.03358e-08	5.58759e-08	7.71994e-06	1.49906e-08	1.78357	92.3605	0	0	1.07628e-08	5.76702e-09	21.9114	78.5224	1.96254	54.3677	0	6.52057e-08	8.81289e-08	6.52146e-08	9.66809e-08	1.48151	0	0	2.55253e-05	1.00243e-07	0	0	111.607	2.11307e-05	37.3558	0	0	0	0	8.13052e-09	0.00586879	0.0129669	
0.5	7.28787	49.3245	1.21925e-09	1.56807e-08	2.30925e-09	6.44639	0	1.24634	1.26663e-10	1.16333e-09	69.8468	128.191	57.0595	204.782	0	0.002068	0.066759	28.9043	9.85613e-08	0	88.4306	123.902	120.796	1.61525	66.1258	36.3229	261.707	4.24366e-09	32.7556	0	182.602	0.00172298	0.258357	1042.22	381.26	1.79672e-09	104.803	1.80074e-09	0	0	0	0	1.28105e-08	0	1.76021e-08	4.87688e-08	0	6.46681e-09	1.80904	91.7931	0	0	1.01854e-08	6.07799e-09	31.9628	66.8772	2.15589	54.4805	1.17994e-07	8.59277e-08	6.85684e-07	6.05359e-08	1.03357e-07	1.65971	0	9.48707e-10	0	0	9.91914e-08	0	113.296	4.38098e-05	33.577	0	8.85301e-09	0	0	1.79213e-08	0.0317313	0	
0.505	7.76018	52.9539	4.60632e-10	1.59213e-08	0	6.02649	7.88566e-05	1.24821	4.35368e-06	0	69.3246	127.849	59.2703	211.982	0.00290355	0.0221694	0	34.7515	1.06096e-07	0	89.6136	121.945	116.677	1.52544	68.2822	37.6792	267.291	0	35.0767	0	182.509	0.00224715	0.272361	1053.73	381.182	3.69475e-10	103.445	1.59077e-09	5.04763e-06	0	0	0	2.32828e-08	1.69473e-06	2.70146e-08	4.19259e-08	0	1.92176e-09	1.83533	91.27	7.12068e-07	0	9.63534e-09	6.37675e-09	24.5407	72.6711	2.42683	54.8177	6.73969e-08	9.71465e-08	9.21171e-07	5.56814e-08	1.08615e-07	1.85157	0	4.60835e-06	0	9.18426e-08	0	0.000496839	118.345	3.20989e-05	29.0582	0	4.77545e-09	0	1.73243e-05	2.34991e-08	0	0.000665932	
0.51	8.46485	56.3032	4.26263e-11	1.59521e-08	1.43809e-09	5.58312	0.00383783	1.24899	3.05352e-08	1.14002e-12	68.8591	127.604	61.4748	219.381	0.0338122	0	0	41.8291	1.1384e-07	0	91.7197	121.062	113.571	1.43998	70.7733	38.9813	272.676	0	37.5933	0	182.365	0.00546627	0.276879	1063.83	381.325	0	102.324	1.41891e-09	2.74347e-05	0	0	0	3.63014e-08	3.05031e-06	3.87104e-08	3.54341e-08	0	3.01597e-10	1.86229	90.7792	0	0	9.11189e-09	6.66164e-09	15.0047	83.9596	2.75304	54.089	2.06547e-08	1.07605e-07	2.99251e-08	5.06877e-08	1.12252e-07	2.05708	0	2.97805e-06	0	0	1.18337e-08	0.00127642	125.709	6.59512e-06	24.2702	0	1.69528e-09	0	0	7.49913e-09	0	0.0127387	
0.515	9.37534	59.3141	6.53886e-07	1.57915e-08	2.99985e-09	5.58081	0.0040679	1.24781	8.84986e-08	3.32783e-10	68.4457	127.441	63.5935	226.745	0	0.00136313	0.00780172	50.1587	1.2176e-07	0.192001	94.7873	121.242	111.403	1.4246	73.5375	40.224	277.834	0	40.2797	0	182.206	0	0.271806	1072.85	381.698	9.9679e-08	101.409	1.3109e-09	0	0	0	0	5.24974e-08	0	5.2829e-08	2.93857e-08	5.91988e-06	3.10249e-06	1.89019	90.3102	7.75482e-09	0	8.61373e-09	6.93065e-09	9.50971	93.6191	3.12054	52.8705	9.7769e-09	1.15804e-07	3.95149e-08	4.56021e-08	1.14145e-07	2.27652	0	3.72907e-08	0	5.07192e-08	3.56825e-09	0	132.994	0	20.4637	0	7.34442e-09	0	1.56405e-07	6.17879e-09	0.00429376	0	
0.52	10.4719	61.9496	0	1.5464e-08	5.31344e-09	6.22554	0.00201547	1.24383	0	1.42787e-09	68.0794	127.349	65.499	233.774	0	0.00625059	0.0211215	59.7634	1.29819e-07	0.508136	98.8608	122.461	110.091	1.56556	76.5405	41.4024	282.749	1.9769e-05	43.1217	0	182.039	0	0.257478	1080.94	382.305	0	100.673	7.03822e-10	0	0	0	0	7.09301e-08	2.79223e-06	6.95152e-08	2.38682e-08	0	20.0377	1.91961	89.8532	0	0	8.14117e-09	7.18252e-09	7.51573	100.871	3.51703	52.3737	0	1.22149e-07	3.59628e-08	4.049e-08	1.14255e-07	2.51024	0	8.19093e-10	2.98194e-05	2.14598e-08	3.02703e-08	0	135.659	0	16.3651	0	7.24501e-07	0	0	7.71892e-09	0.0196897	0	
0.525	11.7515	64.1843	4.87811e-09	1.49974e-08	8.21478e-09	7.45749	0.000811763	1.23632	2.13354e-08	3.1526e-09	67.7565	127.316	67.1358	240.314	0	0.00597163	0	70.6052	1.37975e-07	0.874454	103.91	124.643	109.526	1.88702	79.7383	42.5202	287.42	0	46.0936	0	181.86	0	0.234362	1088.34	383.146	0	100.091	9.34765e-12	0	0	0	0	9.09623e-08	1.33994e-06	8.89125e-08	1.89542e-08	0	56.5583	1.9512	89.3994	0	0	7.69256e-09	7.41696e-09	25.6239	90.0939	3.93315	52.6244	1.3092e-09	1.26196e-07	5.08466e-08	3.54279e-08	1.12605e-07	2.75877	0	0	1.97923e-05	1.69704e-07	4.45477e-08	0	130.286	0	12.5991	0	4.74455e-10	0	0	3.088e-06	0	0	
0.53	13.1762	65.9883	5.09938e-09	1.44209e-08	1.17988e-08	9.1198	0	1.22444	1.44279e-08	5.36853e-09	67.4727	127.337	68.5747	246.485	0.00295061	0	2.11276e-06	82.574	1.46184e-07	1.24253	109.818	127.651	109.569	2.35885	83.0506	43.5834	291.858	2.13823e-07	49.1457	0	181.662	0.000788197	0.203309	1095.39	384.217	6.01198e-08	99.6428	2.65861e-08	0	0	0	0	1.12036e-07	1.95122e-07	1.11171e-07	1.46754e-08	1.2074e-05	89.787	1.98587	88.9414	4.27186e-11	3.15767e-07	7.2677e-09	7.6339e-09	47.1621	80.2289	4.36016	53.3961	0	1.27767e-07	5.79876e-08	3.04915e-08	1.0927e-07	3.02234	0	0	6.36237e-06	3.92101e-08	5.48258e-09	0.000347299	124.708	0	10.0922	0	1.24142e-08	0	1.7674e-05	5.71381e-06	0	0.00190399	
0.535	14.6622	67.309	1.15099e-07	1.37645e-08	1.60265e-08	11.0033	0	1.20745	1.21507e-08	7.87422e-09	67.2232	127.404	69.987	252.719	0.0051257	0.00465385	0.0502033	95.5182	1.544e-07	1.59746	116.397	131.318	110.066	2.93235	86.36	44.5975	296.079	0	52.1856	0	181.44	0.00421821	0.165463	1102.38	385.508	0	99.3089	2.00059e-10	0	0	0	0	1.33822e-07	7.29371e-08	1.36445e-07	1.10389e-08	3.40351e-06	124.676	2.02471	88.4731	2.67363e-10	0	6.86561e-09	7.83012e-09	45.9063	93.2814	4.78959	54.2845	5.42063	1.26768e-07	6.49578e-08	2.57639e-08	1.04375e-07	3.30136	0	0	2.65778e-07	1.85731e-07	2.81438e-10	0.000301272	123.089	0	8.74918	0	0	0	0	9.60925e-06	0	0.00700683	
0.54	16.0967	68.0695	3.73343e-08	1.30521e-08	2.08632e-08	12.9086	0	1.18473	7.81125e-09	1.05086e-08	67.0031	127.514	71.6188	259.514	0.00583384	0.00464428	0	109.242	1.62574e-07	1.92954	123.385	135.449	110.861	3.55856	89.5245	45.5715	300.107	1.1445e-08	55.1026	0	181.192	0.00142298	0.122046	1109.57	387.005	0	99.073	3.3639e-09	0	0	0	0	8.03743e-07	6.57731e-08	1.64894e-07	8.02841e-09	3.61484e-05	159.77	2.06907	87.9891	4.09505e-06	1.25294e-08	6.48584e-09	8.00837e-09	34.3306	123.19	5.21302	54.7398	7.36111	1.23242e-07	5.21586	6.64798e-09	9.80907e-08	3.59572	0	0	0	1.84232e-07	2.10297e-10	5.70605e-05	124.609	0	8.11492	0	8.17993e-09	0	2.48176e-07	0	0	0	
0.545	17.3938	68.228	0	1.22991e-08	2.62571e-08	14.7008	0.00166847	1.15565	5.06244e-09	1.02039e-08	66.808	127.659	73.6937	267.441	0	0	0	123.484	1.70651e-07	2.22603	130.514	139.837	111.797	4.19925	92.4302	46.5164	303.971	1.7614e-09	57.8143	0	180.913	0	0.0746438	1117.24	388.692	0	98.9168	4.41276e-09	0	0	0	0	1.73135e-06	6.42621e-08	1.96683e-07	5.61196e-09	0	195.403	2.12013	87.4861	0	0	6.12736e-09	8.1658e-09	25.5312	162.627	5.62191	55.7183	7.61778	1.17331e-07	5.82004	8.10058e-09	9.06263e-08	3.9052	4.9593e-08	0	0	1.87868e-07	2.19701e-10	0	129.665	0	7.8413	0	9.82428e-11	0	0	8.94562e-08	0.00125691	0	
0.55	18.5167	67.8131	0	1.1518e-08	3.21465e-08	16.3011	0.015788	1.12	3.08961e-09	1.20994e-08	66.6321	127.833	76.3707	276.878	0	0	0.0491936	137.824	1.78571e-07	2.47384	137.544	144.291	112.742	4.83179	95.0229	47.4419	307.704	8.31119e-09	60.2849	0	180.602	0	0.0251143	1125.69	390.549	5.40028e-08	98.8225	1.32176e-10	0	0	0	0	3.79147e-08	5.76991e-08	2.31984e-07	3.73803e-09	0	236.767	2.17943	86.9618	4.47085e-08	4.87488e-09	5.78998e-09	8.30414e-09	18.3199	205.46	6.00833	57.3166	8.21422	1.09269e-07	6.66251	1.76967e-07	8.22235e-08	4.2291	1.32286e-07	0	0	1.87265e-07	9.99144e-11	0	133.919	0	7.75554	0	1.03889e-09	8.96399e-07	1.01452e-08	0	0.0678111	0	
0.555	19.4468	66.9057	2.51156e-06	1.072e-08	3.84578e-08	17.6734	0	1.07755	1.82398e-09	1.38342e-08	66.4708	128.034	79.7412	288.037	0.00223348	0.0149293	0	151.777	1.86266e-07	2.66561	144.305	148.686	113.638	5.44154	97.3038	48.3606	311.342	2.31744e-09	62.522	0	180.258	0.000941705	0	1135.29	392.55	2.13443e-08	98.7783	3.12405e-09	0	0	0	0	6.15852e-08	4.99454e-08	2.70976e-07	2.3454e-09	0	262.303	2.24839	86.4156	0	0	5.47201e-09	8.42243e-09	50.3322	203.19	6.36356	60.0316	9.29985	9.93721e-08	8.02512	9.68314e-09	7.31473e-08	4.56629	1.81087e-07	0	1.38018e-08	1.87716e-07	0	0	136.829	25.8182	7.76707	0	1.64901e-08	0	0	5.08502e-08	0	0.0020736	
0.56	20.1821	65.6191	0	9.91564e-09	4.51038e-08	18.8145	1.31777e-05	1.02814	1.01458e-09	0	66.3198	128.259	83.8082	300.962	0.0267238	0.013104	3.27274e-07	164.986	1.93661e-07	2.79634	150.755	152.994	114.523	6.01762	99.3229	49.2881	314.93	6.27732e-10	64.5626	0	179.88	0.0176293	0	1146.51	394.67	0	98.7752	0	0	0	0	0	4.76023e-08	6.88516e-08	3.13843e-07	1.3607e-09	0.000871105	283.35	2.32848	85.8483	2.27535e-06	0	5.17295e-09	8.5197e-09	79.1198	213.183	6.67944	62.9387	10.2325	8.80285e-08	8.88163	2.08865e-09	6.36774e-08	4.91514	2.0787e-07	0	0	1.87787e-07	1.22095e-08	0	138.126	41.6176	7.81788	0	1.29365e-09	0	6.18434e-08	0	0.00400158	3.70633e-05	
0.565	20.7621	64.0981	4.3943e-08	9.11345e-09	5.19842e-08	19.7609	0.011162	0.972145	5.37122e-10	1.26704e-06	66.1749	128.508	88.4837	315.516	0	0.00716533	0.0725496	177.226	2.00662e-07	2.8614	156.892	157.231	115.475	6.55827	101.179	50.2384	318.511	0	66.4791	0	179.472	0	0	1159.81	396.881	0	98.804	8.69791e-10	0	0	0	0	7.28252e-08	9.97644e-09	3.60779e-07	7.08671e-10	0	315.206	2.42079	85.2619	0	1.15583e-06	4.89253e-09	8.5987e-09	82.3184	252.337	6.94831	65.3679	10.9045	7.56837e-08	9.41021	8.22145e-09	5.40991e-08	5.27345	2.19625e-07	4.87158e-08	9.0137e-09	1.87658e-07	0	0	143.06	58.113	7.871	0	1.82256e-10	0	0	4.05704e-09	0.0866126	0.0219869	
0.57	21.2699	62.525	0	8.32157e-09	5.89854e-08	20.6089	0	0.909802	2.72354e-10	0	66.0315	128.775	93.5858	331.439	0	0.00202625	0	188.404	2.07162e-07	2.85875	162.712	161.396	116.552	7.07294	102.995	51.2242	322.128	0	68.3922	0	179.037	0	0	1175.43	399.155	0	98.8516	2.85196e-09	0	0	0	0	8.32131e-08	5.14112e-07	4.11986e-07	3.13029e-10	0	353.691	2.52642	84.6603	2.62583e-08	0	4.6293e-09	8.65699e-09	75.6058	302.503	7.16238	67.0904	11.4558	6.28274e-08	9.7778	1.04661	4.46863e-08	5.6385	2.20656e-07	9.65832e-09	0	1.87114e-07	2.01465e-08	0	150.413	77.4171	7.90598	0	0	0	6.55235e-08	0	0	0	
0.575	21.8144	61.1024	1.2724e-09	7.54696e-09	6.5981e-08	21.4634	0	0.841518	1.12883e-10	1.83595e-08	65.8854	129.052	98.8826	348.299	0.0429368	0.00355003	0	198.539	7.22417e-09	2.78691	168.241	165.477	117.755	7.57916	104.935	52.2571	325.819	1.72764e-05	70.424	0	178.579	0.000587543	0	1193.47	401.461	0	98.9031	4.82251e-09	2.49527e-07	0	0	0	9.38589e-08	0	0	1.0142e-10	0.000102507	392.85	2.64591	84.048	0	6.97972e-08	4.38341e-09	8.69714e-09	70.5569	344.932	7.31532	67.7469	11.8749	4.99768e-08	9.91742	5.85047	3.56851e-08	6.00687	2.13757e-07	3.36168e-09	0	1.86055e-07	1.10702e-07	0	154.956	102.711	7.91113	0	8.14739e-10	0	0	0	0.0047395	0.00111333	
0.58	22.5183	60.0406	0	6.79506e-09	7.28317e-08	22.4463	0.000966325	0.768126	2.91562e-11	0	65.7315	129.328	104.123	365.651	0	0.0463947	0	207.674	7.03919e-09	2.64669	173.454	169.419	119.035	8.09818	107.164	53.3462	329.619	6.90706e-06	72.7125	0	178.104	0.0122973	0	1213.9	403.769	1.6163e-08	98.9371	6.51231e-09	0	0	0	0	1.02493e-07	2.40903e-08	2.99316e-06	0	0.000604539	426.778	2.77946	83.4311	0	0	4.15266e-09	8.71818e-09	86.367	364.104	7.40109	67.5238	12.2038	3.76565e-08	9.91707	6.37684	2.73242e-08	6.37482	2.00879e-07	5.94695e-06	0	7.81546e-09	1.14904e-07	0	156.805	134.879	7.87928	0	0	0	2.77042e-05	0	0.113126	0.0301874	
0.585	23.4708	59.5273	9.34633e-10	6.07031e-09	7.93857e-08	23.6597	0.00575794	0.69044	0	8.63705e-10	65.5662	129.597	109.096	383.061	0	0	0.0270781	215.841	3.21731e-09	2.4392	178.279	173.135	120.314	8.64813	109.813	54.5005	333.564	3.93917e-06	75.3772	3.98859e-06	177.621	0	0	1236.59	406.052	2.47043e-10	98.9369	7.45658e-09	4.2759e-07	0	0	0	1.10067e-07	3.31153e-08	0	1.01405e-06	0	453.725	2.92657	82.8162	8.26063e-09	0	3.93791e-09	8.72118e-09	112.124	365.211	7.41542	66.591	12.4427	2.63792e-08	9.80219	6.91207	1.98112e-08	6.7378	1.83522e-07	0	0	6.31437e-09	1.14969e-07	0	156.808	174.905	7.80534	0	0.000109074	4.27962e-06	7.48943e-06	3.21424e-10	0	0	
0.59	24.7545	59.7199	4.02406e-10	5.3765e-09	8.54778e-08	25.1802	0	0.60943	2.95853e-07	0	65.3862	129.851	113.655	400.223	1.65611	0.00716978	0.0164729	223.065	3.11633e-09	2.16813	182.642	176.511	121.457	9.24322	112.986	55.7287	337.682	3.06445e-06	78.5183	0	177.136	0	0	1261.56	408.28	9.81983e-10	98.8938	7.54815e-09	0	0	0	0	1.15999e-07	5.08372e-10	4.46374e-08	2.31658e-08	0	473.676	3.08627	82.2107	0	1.74261e-09	3.73706e-09	8.70668e-09	146.159	347.607	7.35417	64.9139	12.5596	1.66257e-08	9.55709	7.42676	1.33094e-08	7.09101	1.62961e-07	6.49827e-08	0	7.90905e-09	1.10783e-07	0	154.531	222.703	7.68677	0	0	0	4.9728e-07	4.58715e-10	0.0067216	0.00233612	
0.595	26.3423	60.7	3.07673e-10	4.71691e-09	9.09261e-08	26.9865	0	0.526187	6.10141e-06	4.74945e-10	65.1889	130.088	117.669	416.791	0.473931	0.010267	0.00521986	229.653	1.85658e-09	1.8386	186.634	179.647	122.644	9.87138	116.697	57.0368	342	5.14549e-06	82.1315	4.35178e-08	176.658	0	1.39972	1288.78	410.424	3.06589e-10	98.7994	6.75811e-09	3.13077e-07	1.43992e-09	3.49159e-07	0	1.20056e-07	0	0	9.57221e-08	0	487.777	3.25679	81.6218	2.02089e-07	0	3.55046e-09	8.67625e-09	183.357	315.986	7.21794	62.4469	12.5214	8.82154e-09	9.17279	7.55879	7.94911e-09	7.42998	1.40356e-07	0	0	8.81366e-09	1.03655e-07	0	150.669	276.565	7.60868	0	1.07309e-05	0	0	5.61051e-10	0.103517	0.031153	
0.6	28.2594	62.5363	2.32014e-10	4.09419e-09	9.55369e-08	29.0806	1.56095e-05	0.441755	0	1.15387e-10	64.9702	130.308	121.067	432.51	0	0.0084446	2.81288e-06	235.736	1.09083e-09	1.45842	190.141	182.458	123.835	10.5294	120.932	58.4224	346.529	1.40203e-05	86.1733	0	176.193	0.00210598	2.66958	1318.08	412.457	2.52484e-09	98.6541	5.13474e-09	3.51729e-07	2.42519e-09	2.08606e-07	0	1.22049e-07	1.68455	3.68513e-08	5.94222e-08	0.00013495	496.802	3.43596	81.0574	0	6.39301e-09	3.37625e-09	8.62907e-09	224.025	270.359	7.00341	59.2237	12.2867	3.3144e-09	8.65849	7.35603	3.85908e-09	7.74919	1.16812e-07	4.4782e-09	0	4.73023e-09	9.37931e-08	0	146.171	334.143	7.64957	0	3.01903e-05	0	0	6.56432e-10	0	0	
0.605	30.551	65.2957	2.52047e-10	3.51114e-09	9.91072e-08	31.5285	0.00143194	0.357151	0	0	64.732	130.509	123.822	447.142	0	0	0.0115915	241.06	5.41981e-10	1.03725	192.889	184.708	124.874	11.2222	125.63	59.8907	351.281	0	90.6888	0	175.75	0.00487651	2.29806	1349.37	414.345	1.16449e-08	98.455	3.12037e-09	9.37468e-07	2.91858e-09	6.66226e-08	0	1.2192e-07	3.12569	3.7472e-08	7.33002e-08	0.00021081	500.589	3.62087	80.5248	1.80244e-09	0	3.21442e-09	8.56707e-09	263.48	213.715	6.71245	55.3388	11.8957	3.86357e-10	8.04959	7.00744	1.17059e-09	8.04372	9.33807e-08	4.48461e-08	3.04148	1.2452e-09	8.2087e-08	0	140.597	396.475	7.80933	0	2.3993e-05	0	0	7.64109e-10	0	0	
0.61	33.2314	69.0449	2.86145e-10	2.96918e-09	1.01426e-07	34.3696	0.00622402	0.273745	0	0	64.4751	130.68	125.885	460.593	0	0.0567211	0	245.35	2.4355e-10	0.591692	194.737	186.281	125.71	11.9457	130.734	61.4406	356.254	1.59195e-07	95.6728	5.21924e-08	175.334	0.000775056	1.36321	1382.43	416.06	2.35828e-08	98.1966	8.60138e-10	1.99478e-06	3.15023e-09	3.80622e-09	0	1.19693e-07	2.82413	6.4324e-08	7.57671e-08	6.39037e-06	499.067	3.80841	80.0311	2.57114e-06	0	3.06378e-09	8.49062e-09	294.958	152.649	6.34672	50.917	11.3722	2.18571e-10	7.36534	6.57442	1.80763e-11	8.30881	7.1052e-08	1.87727e-08	6.46461	0	6.93724e-08	0	133.839	462.559	8.05272	0	6.25914e-06	0	8.30566e-09	8.82495e-10	0	0	
0.615	36.2309	73.8365	3.28907e-10	2.47021e-09	1.02272e-07	37.5386	0	0.192537	0	0	64.1989	130.811	127.206	472.576	0.000396718	0	0	248.489	8.42108e-11	0.149207	195.658	187.155	126.369	12.6793	136.169	63.0576	361.423	0	101.047	0	174.951	0	0.671299	1416.87	417.574	1.77099e-07	97.8736	3.76347e-12	3.83074e-06	3.24053e-09	0	0	1.15465e-07	2.37942	8.40187e-08	8.00893e-08	0	493.608	3.99525	79.5826	0	5.60209e-09	2.92362e-09	8.40114e-09	313.285	96.0194	5.90966	46.1044	10.7024	2.44931e-09	6.62822	6.0657	3.98819e-10	8.53979	5.07151e-08	6.12263e-06	7.81747	2.46196e-07	1.70542e-09	0	128.725	528.705	8.3463	0	0	0	0	1.00682e-09	0.0145007	0.00544009	
0.62	39.4103	79.6841	3.78758e-10	2.01572e-09	1.01419e-07	40.892	0	0.114575	3.54258e-08	9.79548e-07	63.9033	130.9	127.755	482.872	0	0.00585351	0	250.387	8.80695e-12	0	195.57	187.26	126.791	13.3897	141.84	64.7264	366.757	7.46392e-08	106.681	0	174.604	0	0.270358	1452.25	418.86	0	97.4932	2.23222e-09	6.75537e-06	3.25997e-09	0	0	1.09395e-07	2.12848	9.48619e-08	8.23947e-08	0	485.418	4.17798	79.1852	2.79788e-08	0	2.79347e-09	8.29851e-09	310.783	55.2481	5.40536	41.1415	9.93386	7.14966e-09	5.88858	5.52983	2.13707e-09	8.73235	3.31041e-08	0	8.04621	2.09798e-06	1.73345e-09	0	126.683	591.839	8.66219	0	0	0	0	1.13355e-09	0.0232199	0.00850792	
0.625	42.5861	86.533	4.38123e-10	1.60669e-09	9.86341e-08	44.2504	0	0.0411948	0	0	63.5902	130.951	127.577	491.43	0.187594	0.0152431	0.0326532	250.793	0	0	194.31	186.458	126.812	14.0396	147.64	66.4308	372.214	0	112.426	8.669e-08	174.295	0	0.0403272	1488.11	419.891	2.76917e-07	97.0691	4.29996e-09	1.11681e-05	3.2453e-09	6.76182e-09	0	1.01706e-07	1.9136	9.15772e-08	8.38684e-08	0	475.883	4.35365	78.8442	0	0	2.67189e-09	8.18316e-09	290.098	30.6964	4.84001	36.3172	9.14049	1.44921e-08	5.19426	5.0141	5.32127e-09	8.88334	1.87727e-08	2.74524	7.99327	2.03353e-07	8.96767e-10	3.893e-08	128.424	650.618	8.97425	0	0	0	0	1.26098e-09	0	8.98182e-05	
0.63	45.4996	94.2404	5.02044e-10	1.24361e-09	9.36782e-08	47.3845	0.000608451	0	0	1.06123e-08	63.2631	130.964	126.775	498.392	0	0	0	249.303	4.79257e-06	0	191.713	184.605	126.276	14.588	153.467	68.1515	377.738	5.56617e-09	118.124	0	174.024	0.000194075	0	1523.81	420.645	0	96.6168	3.12367e-09	1.7465e-05	3.22159e-09	1.15066e-08	0	9.26667e-08	1.62891	7.78344e-08	8.42394e-08	4.10182e-05	466.138	4.51938	78.5641	0	1.37467e-05	2.55661e-09	8.05821e-09	257.972	17.8409	4.22004	31.8836	8.38936	2.46616e-08	4.58163	4.55237	1.00508e-08	8.99008	8.17626e-09	6.73093	7.87283	0	1.24743e-09	0	132.709	703.952	9.25696	0	0	0	0	1.38688e-09	0	0.00346322	
0.635	47.8401	102.598	5.55013e-10	9.27303e-10	8.63194e-08	50.0145	0.0017468	0	1.9812e-09	0	62.9279	130.945	125.467	503.901	0.0062763	0.0188188	6.71573e-08	245.479	1.63134e-06	0.00222679	187.677	181.605	125.051	14.9961	159.251	69.8675	383.265	8.54122e-06	123.618	1.48389e-07	173.788	0.00204099	0	1558.56	421.1	1.55525e-08	96.1579	1.33165e-10	2.60327e-05	3.20382e-09	1.51145e-08	0	8.25923e-08	1.29216	5.75995e-08	8.34816e-08	5.6583e-05	457.12	4.67317	78.349	3.0172e-09	0	2.44661e-09	7.92136e-09	222.419	11.1894	3.55415	27.9966	7.6901	0.617743	4.06515	4.1561	1.64306e-08	9.05091	1.76579e-09	7.18765	7.62423	1.71353e-05	1.04351e-09	4.51803e-05	140.312	751.252	9.95441	0	0	6.21624e-07	2.52932e-09	1.51072e-09	0.000109393	0	
0.64	49.248	111.275	5.69219e-10	6.58201e-10	7.63165e-08	51.8247	0.0071959	0	0	6.39227e-10	62.5886	130.894	123.809	508.265	0	0	0.0811951	238.972	5.88909e-07	0.000206143	182.189	177.415	123.043	15.2304	164.98	71.5462	388.709	0	128.751	0	173.581	0.00320677	0	1591.33	421.234	0	95.709	8.07526e-07	3.72559e-05	3.20762e-09	1.86691e-08	4.32438e-07	7.18283e-08	0.940545	3.50114e-08	8.13457e-08	1.64382e-05	446.373	4.8133	78.2028	0	0	2.34004e-09	7.77637e-09	185.023	7.5262	2.85197	24.9351	7.12671	4.64186	3.69404	3.87776	2.45651e-08	9.06485	0	6.33447	7.1912	7.53215e-06	8.59698e-10	0.000687361	147.136	789.116	11.9704	0	0	5.10947e-07	0	1.63083e-09	0	0	
0.645	49.5555	119.963	5.15968e-10	4.36275e-10	6.34121e-08	52.6311	0	0	5.8914e-09	2.82059e-10	62.2473	130.81	121.905	511.662	2.07085	5.36339e-10	0	229.537	3.36354e-08	5.87087e-05	175.29	172.016	120.182	15.2878	170.677	73.1473	393.962	0	133.462	0	173.398	0	0	1620.84	421.034	4.99065e-10	95.2874	0	0	3.24024e-09	2.26438e-08	4.0924e-07	6.07408e-08	0.592608	1.48188e-08	7.76496e-08	0	437.093	4.93937	78.1294	4.48457e-09	1.28507e-06	2.23701e-09	7.62195e-09	160.375	5.38631	2.12541	22.6602	6.7514	3.6838	3.44039	3.71121	3.45616e-08	9.03201	2.50139e-09	5.46985	6.57422	0	6.41653e-10	0	155.41	815.961	13.4991	0	0	0	0	6.54227e-10	0.000411804	0	
0.65	48.602	128.428	3.90205e-10	2.61744e-10	4.73292e-08	52.2768	0	0	0	5.93807e-10	61.9096	130.698	119.808	514.202	1.61857	0.0286799	0	217.254	0	0	167.151	165.536	116.532	15.1714	176.296	74.6338	398.916	0	137.719	1.15211e-05	173.229	0	0	1645.57	420.487	0	94.9164	9.98252e-09	0	3.3161e-09	2.71261e-08	1.67905e-07	4.97022e-08	0.261537	2.10544e-09	7.23143e-08	0	432.123	5.0515	78.1322	0	0	2.13494e-09	7.46119e-09	145.163	4.07422	1.38954	21.0523	6.52685	3.35166	3.28981	3.63533	4.65296e-08	8.9533	9.18793e-09	4.77371	5.8038	1.36296e-06	4.36801e-10	0	165.284	833.464	13.9142	0	0	4.02311e-08	1.673e-08	6.40227e-09	0.0318509	0.0332763	
0.655	46.3615	136.546	2.21078e-10	1.34497e-10	2.77686e-08	50.7521	0.000699488	0	1.78961e-10	4.23157e-10	61.5846	130.566	117.548	515.873	0	0	0.00951906	202.543	0	0	158.07	158.187	112.228	14.8987	181.74	75.9726	403.455	4.08346e-09	141.505	0	173.063	0.000356197	0	1664.03	419.582	0	94.6286	0	0	3.4441e-09	3.20839e-08	2.96485e-08	3.90801e-08	0	1.37326e-09	6.53969e-08	5.78599e-07	430.486	5.15052	78.2154	0	1.72314e-08	2.03454e-09	7.29216e-09	136.062	5.9711	0.668094	20.3993	6.62187	3.56871	3.31308	3.73444	6.05821e-08	8.83031	2.03709e-08	4.05962	4.91349	2.92276e-06	2.51905e-10	0.000336736	174.304	840.445	12.8853	0	0	0	2.99995e-06	0	0	0	
0.66	43.2091	144.5	1.96405e-06	5.41807e-11	4.40601e-09	48.3897	0.00222427	0.000827457	0	4.26513e-10	61.2808	130.427	115.1	516.48	0.00864843	0.00285545	0.0145602	186.021	3.63546e-06	0	148.377	150.215	107.386	14.5291	186.937	77.1257	407.46	8.40691e-09	144.919	0	172.887	0.00155352	0.728588	1675.07	418.317	7.05389e-06	94.4603	2.17264e-09	1.19083e-07	3.71987e-09	3.74741e-08	0	2.92194e-08	0	1.61946e-08	5.70794e-08	0	430.612	5.23849	78.3834	0	0	1.93406e-09	7.11789e-09	142.173	7.12617	0.0241536	20.4557	6.91082	3.7083	3.42583	3.9267	7.68361e-08	8.66534	3.63946e-08	3.24677	3.93658	3.0717e-07	1.05528e-10	0.000406644	181.414	829.606	11.3312	0	0	1.00747e-08	4.04386e-08	4.33879e-08	0	0	
0.665	39.0953	152.449	1.33594e-06	2.07622e-11	4.45988	45.1461	0.0016778	0.00143997	0	4.05739e-10	61.0061	130.298	112.397	515.777	0	0.00820927	0.00730351	168.634	0	0	138.533	141.955	102.166	14.0822	191.801	78.0507	410.798	0	147.992	0	172.688	0.00209508	1.31644	1676.98	416.692	0	94.457	1.75293e-09	1.12865e-07	2.63252e-07	4.32683e-08	0	2.04202e-08	0	5.063e-08	4.76554e-08	0	431.771	5.31774	78.6411	0	0	1.83335e-09	6.93745e-09	160.956	5.6772	0	20.9639	7.28046	3.81198	3.61699	4.18401	2.22175	8.46125	5.76244e-08	2.36507	2.91057	8.70036e-08	3.16661e-11	0.000134684	186.721	802.827	12.6527	0	0	0	2.76288e-08	9.99345e-06	0	0	
0.67	34.4817	160.723	0	3.37865e-11	8.46904	41.4515	0.000647509	0	5.49123e-06	3.34358e-10	60.7638	130.192	109.335	513.293	0.00263363	0	0.00262161	151.328	1.037e-07	0	128.897	133.636	96.6824	13.5786	196.271	78.6909	413.325	1.69384e-05	150.811	0	172.451	0	1.17863	1668.2	414.712	1.35782e-07	94.6576	1.62947e-09	4.73432e-09	0	4.94453e-08	5.29223e-09	1.29459e-08	0	2.09196e-09	3.76028e-08	0	434.365	5.39127	78.9935	2.74639e-06	0	1.73251e-09	6.75307e-09	188.72	3.64926	0	22.147	7.82732	4.09454	3.92425	4.55551	4.76403	8.22128	8.44432e-08	1.47471	1.88254	6.14428e-09	6.06038e-11	0.000448241	190.662	763.475	12.9853	0	0	8.19452e-09	0	0	0	0.00188151	
0.675	30.9358	170.126	2.52673e-06	9.21599e-11	7.06446	38.762	0.000814539	0.807211	0	1.97322e-10	60.5647	130.108	105.776	508.702	0.0081805	0.0182664	0.00310287	134.752	1.33301e-07	8.98279e-06	119.61	125.327	90.9993	13.1746	200.382	79.0103	414.912	0	153.653	0	172.162	0.000276567	0.81099	1647.76	412.391	0	95.0883	9.48097e-10	0	0	5.59824e-08	1.30497e-08	7.00306e-09	0.000948395	5.95704e-08	2.75706e-08	0	437.876	5.46243	79.446	9.70806e-08	0	1.63094e-09	6.56419e-09	226.89	2.16631	0.00141065	24.1582	8.5578	4.50343	4.36215	5.05407	5.23414	7.94903	1.17248e-07	0.647403	0.919895	9.3674e-09	2.20827e-10	0.000510815	193.512	713.08	11.1987	0	0	1.23971e-08	0	1.14475e-07	0.0387963	0.00686812	
0.68	28.4425	180.82	1.66106e-07	1.95411e-10	7.67666	37.04	0	0.846309	5.99991e-08	1.90003e-10	60.4439	130.081	101.581	501.313	0	0	0	119.506	2.96777e-07	0	110.915	117.214	85.2836	12.9003	204.151	79.0277	415.478	0	156.651	3.21305e-08	171.804	0	0.542643	1614.84	409.745	1.42719e-07	95.8165	8.65273e-10	0	0	6.28356e-08	1.82964e-08	2.76807e-09	8.80088e-05	1.3244e-07	1.83189e-08	9.30485e-06	441.192	5.53486	80.0043	5.48437e-08	0	1.5285e-09	6.37321e-09	267.343	1.20903	0.0010465	26.8471	9.51762	5.08786	5.00509	5.75755	5.76876	7.64799	1.56444e-07	0.0192404	0.136124	0	5.28768e-10	0	195.472	658.464	9.04015	0	1.22195e-08	1.74507e-08	0	0	0	0.000341357	
0.685	26.2346	192.457	1.55418e-07	3.42323e-10	8.25229	35.5118	0	0.313862	0	7.6874e-11	60.3881	130.118	96.6469	490.765	0	0	0	105.913	4.5136e-07	0	102.757	109.377	79.5967	12.6397	207.495	78.6302	414.843	0	159.616	0	171.364	0	0.400615	1569.18	406.799	0	96.8812	8.17026e-10	0	1.33515e-07	6.99899e-08	2.28469e-08	4.15821e-10	0	1.1093e-07	1.06058e-08	0	443.35	5.61171	80.6732	2.15948e-07	0	1.4258e-09	6.17873e-09	310.741	0.54188	0.000255321	30.3051	10.5895	5.63122	5.68934	6.50187	6.57098	7.32215	2.0245e-07	0	0	1.28961e-08	9.6449e-10	0	196.718	583.377	7.40161	0	0	2.21568e-08	0	2.66458e-07	0	0	
0.69	24.4119	204.572	7.11628e-08	5.32088e-10	8.52284	34.2002	0	0	4.76898e-07	1.80764e-11	60.3876	130.218	90.9017	476.604	0	0.000157875	0	94.045	6.27438e-07	0	95.1057	101.861	73.9662	12.3474	210.363	77.7423	412.852	0	162.433	7.43497e-08	170.826	0	0.333616	1510.63	403.575	8.1503e-08	98.3094	8.04288e-10	0	4.72602e-09	7.74194e-08	2.77423e-08	8.7157e-11	0	4.4298e-08	5.0171e-09	3.61635e-08	443.836	5.69599	81.4573	4.78586e-06	0	1.3226e-09	5.98198e-09	352.032	0.056249	0.00101356	34.3288	11.6365	6.00719	6.39692	7.23695	7.30804	6.97482	2.55704e-07	0	0	9.5988e-10	1.45319e-09	0	197.427	507.124	6.20862	0	3.16663e-08	2.73236e-08	0	9.58602e-06	0	0	
0.695	23.04	216.686	8.25615e-08	7.63487e-10	8.75355	33.1505	0	0	0	2.01682e-07	60.4545	130.384	84.3358	458.432	0.00228845	0.00727343	0	83.9822	8.22079e-07	0	88.0053	94.7005	68.4288	12.0175	212.732	76.3529	409.405	8.52728e-09	165.096	0	170.175	0	0.303508	1439.27	400.1	0	100.141	7.89778e-10	1.99277e-10	3.15134e-09	8.50764e-08	3.32791e-08	1.52566e-09	0	8.8883e-10	1.7595e-09	1.88644e-07	442.643	5.79016	82.36	0	0	1.21968e-09	5.78463e-09	387.49	0	0	38.6823	12.6352	6.24246	7.16179	8.02295	7.89445	6.60924	3.16662e-07	0.00156576	0	0	1.90034e-09	0	197.736	428.244	5.17864	0	0	3.29088e-08	0	2.09352e-09	0.000377112	0	
0.7	21.8837	228.266	7.42247e-08	1.03585e-09	8.99136	32.1008	4.24642e-05	0	1.26474e-08	0	60.6007	130.609	77.0427	436.016	0.00327891	0	0.00548765	75.7218	1.03207e-06	0	81.4336	87.9224	62.9799	11.6211	214.56	74.4557	404.414	1.27312e-08	167.54	1.52436e-07	169.397	5.03378e-05	0.29125	1355.25	396.402	0	102.401	7.73665e-10	4.85791e-11	0	9.29115e-08	3.94549e-08	4.74021e-09	0	3.40986e-08	3.88319e-10	1.88077e-05	440.043	5.89582	83.3828	5.15477e-08	0	1.1171e-09	5.5859e-09	414.983	0	0	43.1226	13.5099	6.2848	7.9115	8.80627	8.36237	6.22872	3.85801e-07	0.000806701	0.00279646	1.33889e-07	2.22468e-09	4.9198e-05	197.738	349.331	4.20501	0	0	3.89287e-08	0	1.01987e-07	0.0396492	0	
0.705	19.5142	238.179	6.97094e-08	1.34788e-09	9.18681	29.5065	0.00108568	0.00100166	1.78039e-09	3.44561e-09	60.8342	130.882	69.1304	409.411	0	0	9.05615	69.2833	1.2348e-06	0	75.416	81.5582	57.6211	11.0026	215.899	72.0448	397.808	1.23977e-09	169.63	0	168.479	0.000730085	0.285602	1258.72	392.521	0	105.108	3.23439e-09	0	1.47804e-06	1.00871e-07	4.62233e-08	9.84962e-09	1.01228e-06	7.00636e-08	2.43177e-08	0	436.403	6.01327	84.5251	0	0	1.01601e-09	5.38692e-09	431.778	0	0	47.4282	14.2071	6.10258	8.58358	9.54093	8.72424	5.8359	4.63623e-07	0.000337815	0.000362236	0	2.37933e-09	0.00114843	197.495	273.675	3.27754	0	0	4.53467e-08	2.18118e-09	0	0	0.00156438	
0.71	16.3476	245.572	6.33718e-08	1.69895e-09	9.32555	24.6646	0.00033974	0.0012132	1.56702e-08	0	61.1566	131.186	60.7047	378.95	0	0	23.8439	64.5434	1.38718e-06	0	69.8996	75.5941	52.3535	10.0621	216.767	69.1311	389.538	2.87768e-08	171.268	3.52046e-08	167.407	0.000583847	0.276769	1150.64	388.494	2.17288e-08	108.279	3.30251e-09	0	1.73124e-05	1.08901e-07	5.35557e-08	1.69819e-08	1.40491e-06	1.22817e-07	0	0	432.08	6.14221	85.784	2.91411e-09	0	9.16462e-10	5.18789e-09	439.532	0.00241223	6.58513e-05	50.9721	14.4271	5.54946	9.0784	10.0792	8.8496	5.43322	5.5065e-07	2.26799e-05	7.30589e-05	2.84535e-07	2.36224e-09	0	197.052	202.611	2.39776	0	1.13158e-08	5.21507e-08	5.77713e-09	1.19269e-08	0	0.00269415	
0.715	15.5404	252.56	5.761e-08	2.0881e-09	9.40465	22.7457	0	0	4.04565e-06	2.56433e-08	61.5657	131.497	51.9093	345.173	0	0.000494617	12.8814	60.6269	1.4267e-06	0	64.4012	69.7097	47.0559	9.29332	216.916	65.7406	379.589	0	172.584	0	166.168	0	0.255719	1033.54	384.363	0	111.917	3.42232e-09	0	0	1.16944e-07	6.14306e-08	2.62693e-08	6.45351e-07	1.75076e-08	8.84572e-08	0	427.386	6.28085	87.1534	5.43856e-11	0	8.19907e-10	4.98976e-09	432.578	1.51747e-06	0.000290404	53.7259	14.2472	4.91992	9.43808	10.4807	8.78128	5.02273	6.47435e-07	0	0	1.09943e-07	2.19729e-09	0	196.444	140.607	1.56962	0	0	5.93427e-08	0	4.97817e-09	0	0.000508756	
0.72	16.2346	259.368	0	2.51409e-09	9.42226	22.8422	0	0.00253334	0	6.61011e-09	62.053	131.779	42.9258	308.603	0	0.00224946	10.0032	56.9672	1.29086e-06	0	58.8521	63.7971	41.6992	8.69238	216.005	61.9192	367.972	1.56539e-05	173.383	0	164.751	0	0.215328	911.57	380.164	2.05333e-08	116.005	3.52621e-09	0	1.94127e-07	1.2494e-07	6.983e-08	3.78499e-08	3.19162e-06	1.70182e-08	0	0	415.459	6.42649	88.6239	1.36126e-09	0	7.26226e-10	4.79305e-09	415.183	0.00160596	0.00062051	55.239	13.5335	4.45346	9.53852	10.6587	8.44437	4.6064	7.54557e-07	0	0	1.12461e-07	1.92466e-09	0	191.537	85.6073	1.42985	0	1.16789e-08	6.69122e-08	0	1.7977e-06	0.00258947	0	
0.725	17.4621	264.891	1.6905e-08	2.97655e-09	9.37741	23.2687	0	0	4.42963e-08	9.01825e-10	62.6063	131.989	33.9726	269.72	0.506868	0	9.81257	53.4452	9.53344e-07	0	53.3251	57.8562	36.3111	8.03848	213.803	57.73	354.748	0	173.328	0	163.144	0.00114807	0.152042	789.699	375.925	0	120.509	3.64094e-09	0	1.30385e-07	1.32826e-07	7.87192e-08	5.18647e-08	0	1.42696e-08	2.57836e-07	0	390.31	6.5753	90.1831	0	0	6.36079e-10	4.59789e-09	377.483	0	0	56.2248	12.9916	4.18515	9.60488	10.9385	8.17678	4.18597	7.93032e-07	0	0	4.16357e-06	1.59115e-09	0	177.705	40.5724	1.09942	0	0	7.48618e-08	0	0	0	0	
0.73	19.9882	268.998	1.75539e-08	3.47396e-09	9.27433	24.5941	0.00040558	2.61889	6.9241e-06	0	63.2119	132.077	25.2167	229.463	3.5302	0.00589382	9.40146	49.9091	4.74604e-07	0	47.7468	51.8268	30.8741	7.35641	210.226	53.2389	340.023	1.69844e-07	172.314	0	161.338	0	0.0665969	672.714	371.657	0	125.376	3.7457e-09	2.02773e-05	1.88939e-07	1.40531e-07	8.80543e-08	6.84565e-08	0	5.91001e-08	0	1.50477e-05	353.89	6.72261	91.8151	6.25664e-11	0	5.51213e-10	4.40481e-09	323.134	0.00021626	0	56.9119	13.2125	4.08604	9.68217	11.4839	8.32359	3.76301	3.29674e-06	0	0	2.49742e-05	1.24138e-09	0.00043329	156.367	10.8258	0.346117	0	1.96189e-08	8.32554e-08	0	2.76617e-08	0.00664711	0.00158696	
0.735	23.7943	271.552	2.33789e-06	1.8324e-08	9.11862	26.9918	0.000935734	2.15031	0	8.58364e-10	63.85	131.994	16.753	188.859	0.958134	0	9.05228	46.1398	2.79008e-07	0	42.0602	45.6812	25.3893	6.69237	205.086	48.5016	323.958	0	170.163	1.43416e-07	159.327	0	0	564.964	367.372	9.69309e-06	130.534	3.84142e-09	0	1.20325e-08	1.47981e-07	9.78358e-08	8.77717e-08	0	6.23501e-08	1.05432e-08	1.29407e-06	298.162	6.86353	93.5012	1.01746e-06	0	4.7162e-10	4.21372e-09	266.323	0	0	55.9675	13.5232	4.12043	9.45326	11.8752	8.57649	3.3395	4.80791e-06	9.42837e-07	3.13098e-06	8.03429e-07	9.106e-10	0.000803189	148.252	0	0	0	1.41933e-07	9.21043e-08	0	0	0.0137315	0.00466561	
0.74	28.1629	272.141	4.95182	7.82639e-09	9.61381	29.8281	0.00286784	0.422331	7.68687e-08	3.07212e-10	64.5028	131.685	8.55663	149.131	0.0300692	0	9.07008	41.9703	2.66065e-07	2.89584e-06	36.2824	39.4438	19.8822	5.99994	198.186	43.5657	306.742	7.99198e-09	166.664	0	157.108	0	0	469.62	363.096	0	135.893	3.92671e-09	2.04487e-07	4.4835e-07	1.55085e-07	1.08018e-07	1.09961e-07	2.99382e-06	6.5252e-08	0	0.000183565	225.59	6.99234	95.2204	0	1.03314e-05	3.98116e-10	4.02503e-09	208.918	0.00945503	0.00492993	52.5106	13.1889	4.26311	8.837	11.8858	8.5452	2.91763	1.06547e-08	7.32181e-07	1.79632e-06	2.39054e-07	6.25932e-10	0	143.073	0	0	0	0	1.01422e-07	4.55793e-08	8.07294e-09	0	0	
0.745	33.3208	270.855	8.26668	1.70956e-08	12.4731	33.3651	0	0.00515987	0	3.38801e-10	65.1515	131.1	1.14068	111.83	0	0.000702569	9.27206	37.2861	2.5606e-07	0	30.4408	33.1364	14.3918	5.33577	189.481	38.4894	288.625	2.34989e-09	161.784	1.00234e-07	154.683	4.38532e-05	0	386.293	358.848	1.3536e-07	141.346	4.00142e-09	0	3.31978e-06	1.61746e-07	1.18544e-07	1.35179e-07	2.57307e-06	6.45769e-08	1.58224e-08	0	153.713	7.10391	96.9495	5.1819e-09	0	3.31039e-10	3.8397e-09	151.413	0	0	46.5999	12.1136	4.49292	7.91994	11.5902	8.1752	2.49973	4.30299e-08	2.51741e-07	1.38697e-05	0	4.00082e-10	0.000286588	126.864	0	0	0	0	1.11224e-07	0	2.93678e-06	0.0061668	0.00335471	
0.75	39.8248	268.293	6.17533	2.9875e-08	18.8851	38.2593	0	0	8.26339e-09	6.65672e-07	65.7733	130.199	0	78.3318	0	0.00492548	9.54102	31.9904	2.45502e-07	0	24.5769	26.806	8.99236	5.17489	179.11	33.3282	269.887	5.09105e-06	155.705	1.92504e-05	152.06	0.00194219	0	311.551	354.623	0	146.763	4.06552e-09	8.2761e-09	60.1199	1.67858e-07	1.29356e-07	1.63589e-07	1.85473e-06	6.15639e-08	7.14281e-09	0	109.252	7.19297	98.6645	1.61789e-07	6.48942e-08	2.70959e-10	3.65731e-09	97.467	0	0	38.3293	10.4774	4.79059	6.74377	11.0413	7.70196	2.08835	1.07783e-08	3.4653e-08	0	5.90541e-06	2.36593e-10	2.93607e-05	103.154	0.0275054	0.00190115	8.49085e-05	1.02953e-09	1.21531e-07	1.11092e-06	0	0.00364128	0.00214711	
0.755	46.9176	264.533	6.10043	2.91401e-08	27.5715	43.875	0	0	0	6.3916e-09	66.3478	128.957	0	49.179	0	0.0017456	9.85878	26.1878	2.33372e-07	0	18.8317	20.5713	3.86841	6.253	167.358	28.1495	250.882	0	148.606	3.3337e-08	149.253	0.00195603	0	242.698	350.401	7.71003e-09	152.003	4.11955e-09	1.00737e-09	266.06	1.73309e-07	1.40391e-07	1.95355e-07	4.11322e-07	5.62502e-08	1.57072e-08	0	90.3769	7.25488	100.34	0	0	2.18176e-10	3.47908e-09	55.6382	0	0	30.2208	9.05881	5.1396	5.84104	10.8067	7.51842	1.7644	9.65906e-08	4.82478e-07	0	2.69127	1.30837e-10	0.000867633	81.5216	0.0176245	0.000309365	4.35667e-05	0	1.32363e-07	0	3.4765e-08	0.025792	0.00616562	
0.76	54.2968	259.785	6.39327	9.92083e-09	37.7887	49.938	1.50977e-05	0.00121755	3.91529e-09	0	66.8594	127.37	0.037554	24.4671	0.0122951	0.00167462	10.221	20.1225	2.21062e-07	0	13.3534	14.5606	0	8.44513	154.728	23.0312	232	2.44345e-06	140.846	1.8433e-07	146.287	0	0	178.883	346.17	1.34683e-09	156.921	4.16317e-09	0	455.076	3.54333e-09	1.51582e-07	2.30652e-07	0	4.92575e-08	2.59849e-08	5.39592e-05	77.8813	7.28608	101.953	1.91519e-09	7.11828e-08	1.72239e-10	3.30342e-09	29.7153	0.406443	0.000313416	24.9578	8.25199	5.52528	5.41858	11.0873	7.78452	1.66814	1.43181e-07	0	0	10.5197	7.12856e-11	0	65.9343	0.00143296	0	1.51964e-05	0	1.43708e-07	1.26805e-08	0	0	0	
0.765	62.4476	254.881	6.3567	2.39628e-10	50.0096	56.9388	0.00112924	0.000741725	0	0	67.2953	125.444	0.0241745	4.95867	0	0.000721861	10.6214	14.0062	2.0862e-07	0	8.2684	8.88935	0	10.7289	141.984	18.0597	213.639	0	133.108	0	143.19	0	0	120.556	341.933	0	161.374	4.1964e-09	0.225032	477.994	3.74096e-09	1.62858e-07	2.69661e-07	0	4.12136e-08	4.04733e-08	6.74739e-05	61.7642	7.28367	103.479	0	0	1.33671e-10	3.13236e-09	15.9073	1.26536	0.000269575	22.7091	7.9496	5.93293	5.38367	11.7769	8.45298	1.84431	1.71379e-07	0	1.98147e-08	15.2375	4.37213e-11	0	56.0656	0	0	0	0.00090946	1.55544e-07	3.10387e-05	4.38661e-09	0	0	
0.77	71.4312	250.464	6.21723	2.30974e-08	64.2042	65.0333	0.000759618	0.000135721	1.48685e-09	2.33522	67.64	123.183	0.00937139	0	0.0012655	0	11.0582	8.13977	1.96051e-07	0	3.72789	3.70608	0	12.2373	130.068	13.328	196.112	2.92981e-08	126.162	4.27404e-09	140	0	1.68369	68.4936	337.681	1.35697e-06	165.053	4.21988e-09	34.8106	380.406	8.60545e-10	1.74141e-07	3.12567e-07	0	3.27929e-08	5.74507e-08	2.84415e-05	49.0758	7.24599	104.897	6.99427e-09	0	1.01205e-10	2.96523e-09	9.12565	0.872649	0.000989488	22.4811	7.94813	6.34847	5.61727	12.7594	9.44469	2.23124	1.63485e-07	8.23039e-09	0	17.1897	7.1443e-06	0.00220476	49.9447	0.00110468	0	0	0.000149402	1.67842e-07	0	2.7631e-09	0	0	
0.775	80.915	247.087	8.36467	0	79.6697	73.945	9.70127e-05	0	9.98025e-09	5.28011	67.8733	120.564	0.00195091	0	0.00589523	4.66488	11.5301	2.7978	1.83292e-07	0	0.000375798	0.000251888	0.0122191	13.0282	119.799	8.93948	179.497	0	120.704	0	136.765	0.000338744	2.39026	24.8473	333.391	0	167.729	4.23309e-09	168.714	277.414	1.39783e-09	1.85355e-07	3.59568e-07	3.86721e-08	2.46115e-08	7.68218e-08	0	44.4207	7.17279	106.19	0	0	7.45789e-11	2.80225e-09	5.71296	0.503189	0.000684991	23.4781	8.11141	6.75747	6.03757	13.9638	10.7149	2.75145	1.28882e-07	2.01512e-09	6.48248e-08	18.2258	1.65991e-06	0	46.1797	0.00282426	0	0	0	1.81928e-07	3.36973e-07	3.67643e-09	0.00306768	0.00101525	
0.78	90.4612	244.769	14.2313	1.70657e-08	95.391	83.1801	0	0	4.29726e-09	6.46683	67.9711	117.539	0.000288189	0.0861774	0	6.46946	12.0343	3.19975e-05	1.70338e-07	0	0	0	0.00435786	13.3936	111.396	5.00253	163.692	1.8415e-05	116.936	4.46748e-09	133.54	0.00051189	1.23608	0	329.047	0	169.087	4.23677e-09	211.09	221.476	7.78387e-10	1.96416e-07	4.10865e-07	7.74021e-08	1.71867e-08	9.82948e-08	0	46.6034	7.06491	107.341	1.07123e-08	0	5.2991e-11	2.64271e-09	3.95725	0.40498	0.000288648	25.2699	8.43612	7.14674	6.59256	15.344	12.2426	3.32265	7.43891e-07	8.49568e-10	7.49189e-09	19.2705	0	0	43.9455	0.00185692	0	0	0	2.20289e-07	0	2.79485e-09	0.00353539	0.00101953	
0.785	99.2117	242.776	22.5594	0	109.923	91.6655	0	0	3.1482e-10	6.68187	67.8999	114.005	0	0.0742704	1.2812	4.94109	12.5658	0	1.57223e-07	0	0	0	0.000978507	13.4848	104.436	1.77128	148.616	0	114.373	2.07141e-09	130.389	0.000285063	0.0571352	0	324.637	2.80476e-08	168.46	4.23038e-09	237.66	193.225	4.44168e-10	2.07233e-07	1.27173e-06	7.41048e-07	1.08675e-08	1.21767e-07	0	53.604	6.92423	108.339	0	0	3.59037e-11	2.48853e-09	3.09947	6.69413	0	27.6143	8.96187	7.50277	7.2514	16.8692	14.0124	3.88784	0	2.06649e-08	1.26148e-05	20.3817	0	0	42.6709	0.000248326	0	0	0	1.58529e-06	0	2.56258e-09	0.00300778	0.000634114	
0.79	106.12	240	31.2779	1.91715e-08	122.176	98.2341	0	0	5.49604e-09	6.61438	67.6463	109.84	0	0.0231224	1.81992	5.0111	13.1146	0	1.43998e-07	0	0.0104986	0.0114314	0	13.3075	98.1633	0	134.465	2.03789e-07	112.097	0	127.375	1.28441e-05	0	0.0424325	320.151	0	165.001	4.21472e-09	248.714	165.842	1.8575e-10	2.1771e-07	0	0	5.86135e-09	1.47256e-07	0	62.4527	6.75385	109.176	2.97423e-06	0	0	2.33808e-09	2.71849	26.5865	0	30.3548	9.6854	7.81261	7.99397	18.5185	16.009	4.4331	7.77702e-09	2.07594e-08	0	21.4001	0	0	41.9794	0	0	0	0	0	2.26429e-05	2.45317e-09	0.00092484	0.00059875	
0.795	110.431	235.465	39.4033	6.38486e-10	131.468	102.321	0.000342942	0	1.55497e-10	6.5111	67.2479	104.976	0	0.00222488	1.16056	5.68757	13.669	0.0105178	1.30736e-07	4.6036e-07	0.00399618	0.00418173	0	12.8388	91.8156	0	121.457	2.09261e-05	109.157	1.36779e-07	124.558	0	0	0.203842	315.592	7.08525e-08	157.695	4.19072e-09	243.343	140.46	6.24946e-11	2.27737e-07	2.14111e-08	1.38518e-07	2.32148e-09	1.29011e-06	0	70.9538	6.55802	109.849	0	0	0	2.19251e-09	2.56223	49.7415	0	33.3959	10.5855	8.06905	8.80858	20.2761	18.2157	4.9597	5.89877e-06	5.09357e-10	0	22.2331	0	0.00326527	41.6433	0	0	0	0.000693468	1.72116e-08	0	2.45627e-09	0	0	
0.8	112.088	228.698	47.2225	2.5878e-09	137.929	104.123	0.00033471	7.52385e-07	2.69978e-09	6.36011	66.8145	99.48	0	0	0.919615	6.26347	14.2127	0.00514594	1.17524e-07	5.08844e-07	0.00118978	0.000913061	0	12.1281	84.8228	0	109.707	0	104.887	11.5387	121.994	0	0.00035144	0.057299	310.973	0.0229832	145.602	4.15849e-09	222.048	117.337	4.88702e-12	2.37186e-07	0	5.61863e-08	3.65217e-10	0	0	85.3919	6.34102	110.355	3.14739e-08	0	0	2.051e-09	2.49247	74.5706	0	36.6735	11.646	8.3453	9.68412	22.1268	20.6113	5.46328	1.44256e-06	9.3439e-10	8.08532e-06	22.8683	0	0.00190703	41.5269	0	0	0	1.07899e-05	0	2.48862e-07	2.464e-09	0	0	
0.805	111.973	219.846	56.4407	2.43649e-09	143.371	104.534	0.000140725	0	2.75524e-10	6.12106	66.5855	94.0433	0	0	1.05738	6.78388	14.7281	0.00186668	1.04465e-07	2.18483e-07	0	0	0	11.3942	76.6976	0.00679061	99.2024	0	98.8366	91.5327	119.73	0	0.0187911	0.00300595	306.315	22.5623	130.96	4.11758e-09	194.848	97.7885	0	2.45921e-07	2.81801e-08	1.79664e-08	8.077e-11	6.80393e-08	0	106.946	6.10831	110.698	1.45557e-08	5.67889e-09	1.41371e-05	1.91448e-09	2.4409	99.1846	0	40.1373	12.8531	8.70234	10.6116	24.0531	23.1697	5.93848	3.34564e-07	1.19523e-09	1.9299e-06	23.3109	4.28494e-07	0.0265337	41.549	0	0	0	0.0100523	4.39875e-06	0	2.46591e-09	0	0	
0.81	102.68	203.944	62.6442	3.38038e-09	137.636	97.0722	0	0	9.36603e-07	6.04854	66.7401	89.7323	0	0	1.32352	7.355	43.7542	0.000444632	9.16811e-08	4.08879e-08	0	0	0	10.7151	64.4544	0.001921	89.8709	2.14162e-06	86.3088	172.461	117.812	0.000198723	0	0	301.261	37.058	118.438	4.06907e-09	171.141	83.1969	2.97893e-06	2.53791e-07	2.70205e-08	1.01125e-08	1.49892e-09	0	0	124.997	5.86496	110.885	1.53737e-09	0	9.86113e-06	1.78219e-09	2.37404	122.86	0	43.7395	14.1879	9.14128	11.5793	26.037	25.8599	6.38486	8.96702e-09	1.93272e-09	3.91261e-07	23.5547	1.2259e-08	0	41.6614	0	0	0	0	0	5.48757e-06	2.46074e-09	0.00337339	0.000979345	
0.815	87.6448	181.364	64.5418	1.59912e-10	123.531	83.7879	0	0	0	6.19274	67.2796	87.087	0	0	1.60754	7.94159	106.071	0	7.93077e-08	0	0	0	0	10.1124	49.6247	3.22991e-05	81.6112	1.93942e-06	69.4428	234.107	116.276	0	0	0	294.862	43.9766	110.855	4.01355e-09	153.311	73.0615	1.03582e-06	2.60643e-07	5.25827e-08	6.37986e-10	4.36946e-09	8.47854e-08	0	133.563	5.61621	110.923	4.38476e-06	0	7.09969e-06	1.65507e-09	2.27471	143.174	0	47.4276	15.6264	9.64765	12.5751	28.0549	28.6481	6.80587	6.48937e-11	2.58556e-09	0	23.5884	7.51603e-08	0	41.8362	0	0	0	0	5.16257e-08	0	2.45385e-09	0	0.000196394	
0.82	73.7309	157.892	64.4238	1.61945e-08	109.46	71.1809	4.68655e-05	0	1.70461e-08	6.36844	68.1058	85.922	0	0	1.91617	8.5028	142.838	0	6.74953e-08	0	0	0	0	9.54114	36.3006	0	74.3327	1.66393e-06	53.9662	231.422	115.155	0.00034394	0	0	286.174	49.6077	108.239	1.07653e-09	140.265	66.1404	3.06918e-07	4.81725e-09	7.65842e-08	8.26008e-10	3.53848e-09	6.03926e-08	0	137.694	5.36696	110.823	0	0	4.45712e-06	1.53247e-09	2.13529	159.093	0	51.1471	17.1384	10.2084	13.5851	30.0828	31.4955	7.20368	5.32336e-11	3.30477e-09	0	23.4051	8.41342e-08	0.00319033	42.057	0	0	0	0.00102242	2.06205e-07	8.18715e-08	2.44734e-09	0.01368	0.00366344	
0.825	63.0994	136.925	63.3566	1.16462e-08	97.7426	61.5412	0.000112786	0	0	6.39916	69.1206	85.764	0	0	2.25224	9.02691	144.882	0	5.64011e-08	0	0	0	0	8.85126	26.5532	0	67.9796	1.37685e-06	42.4721	185.825	114.472	0.000224615	13.5023	0	274.925	55.2931	109.163	0	130.52	61.3529	2.38576e-09	4.73768e-09	9.49569e-08	1.03386e-09	2.66317e-09	7.05604e-08	1.00319e-05	139.114	5.12181	110.597	4.81467e-08	0	2.76821e-06	1.41513e-09	1.95331	169.543	0	54.8385	18.6894	10.8083	14.5931	32.0921	34.357	7.5767	2.60494e-06	4.04675e-09	0	23.0026	0	0.0181528	42.3144	0	0	0	0.00469441	0	2.1277e-05	2.44218e-09	0	0	
0.83	54.2599	118.489	60.8232	2.00797e-10	87.0301	53.6086	0.000142832	0	0	6.1984	70.2684	86.2382	0	0	2.60106	9.51057	121.917	0	4.6185e-08	3.04282e-09	0	0	0	7.89929	19.9215	0	62.5027	1.14292e-06	34.2704	136.494	114.244	7.38901e-05	46.7424	0	262.125	59.615	112.112	2.50586e-08	123.05	57.9568	0	5.76623e-10	9.98107e-08	1.44553e-09	1.71315e-09	7.55785e-08	0	134.184	4.88437	110.257	0	0	1.58401e-06	1.30232e-09	1.72965	173.731	0	58.4377	20.2425	11.4272	15.5823	34.0539	37.1851	7.92026	3.8749e-06	4.79309e-09	0	22.3878	0	0	42.6031	0	0	0	0	0	0	2.43711e-09	0	0	
0.835	45.8138	102.139	56.3892	4.5819e-07	75.9953	46.0607	2.678e-05	0	0	5.77728	71.526	87.1624	0	0	2.95135	9.94993	91.1222	0	3.69968e-08	6.58357e-09	0	0	0	6.6639	15.1153	0	57.8466	9.43608e-07	27.8715	98.2305	114.354	0	86.0757	0	249.859	61.5331	116.136	1.96504e-07	117.047	55.393	0	1.63146e-09	9.16182e-08	1.31417e-08	3.32333e-09	8.19198e-08	1.00936e-07	120.491	4.65783	109.816	6.2171e-10	0	8.21075e-07	1.19365e-09	1.46822	171.901	0	61.8745	21.7564	12.0441	16.5345	35.9373	39.9299	8.22934	1.18356	5.50842e-09	1.3547e-08	21.782	0	0.00301302	42.9197	5.86269e-06	0	0	0.00072732	7.17729e-06	1.85734e-07	2.43244e-09	0.00166308	0.000350151	
0.84	37.5728	87.6025	50.1213	0	64.3638	38.5433	0.000128422	0	0	5.18585	72.8823	88.4662	0	0	3.30004	10.3421	63.1288	0	2.89238e-08	8.80334e-09	0	0	0	5.234	11.422	0	53.9469	7.75309e-07	22.5416	72.538	114.254	0	124.964	0	239.871	60.948	120.791	8.80138e-08	111.933	53.3012	1.03107e-06	8.80039e-10	7.46036e-08	2.0611e-08	1.6557e-08	8.59237e-08	0	99.6538	4.44462	109.287	0	3.03829e-06	3.56204e-07	1.09005e-09	1.17379	163.425	0	65.0783	23.1916	12.6376	17.4324	37.7113	42.54	8.49439	2.38905	6.1631e-09	0	21.5342	0	0.013734	43.2623	0	0	0	0.00405118	0	0	2.42863e-09	0.00443827	0.00174682	
0.845	29.9642	74.7394	42.351	1.01824e-08	52.6461	31.3383	0	0	4.75763e-08	4.47598	74.3285	90.1111	0	0	3.64675	10.6877	42.9023	0	2.1995e-08	1.09996e-08	0	0	0	3.73603	8.79697	0	50.7363	6.32406e-07	18.3019	55.7973	114.398	0	161.857	0	236.056	58.1991	125.878	4.81824e-06	107.299	51.4473	4.4133e-09	4.98102e-10	5.25467e-08	2.80228e-08	3.2377e-08	8.81337e-08	0.000144006	75.1603	4.2464	108.682	0	0	1.10656e-07	9.92225e-10	0.853293	148.426	0	67.9793	24.5074	13.1856	18.2577	39.3469	44.969	8.71321	2.3612	6.73252e-09	3.97741e-06	21.7822	6.57509e-06	0	43.6296	0	0	0	0.779144	1.28106e-07	1.23109e-08	2.42533e-09	0.00343547	0.00108792	
0.85	23.658	63.6715	34.7845	1.54004e-08	42.4246	25.0734	0	0	0	3.69125	75.8546	92.0607	0	0	3.99062	10.9886	30.2602	0	1.61998e-08	1.35527e-08	0	0	0	2.39595	7.00766	0	48.1502	5.11734e-07	15.0342	84.5921	115.037	0	194.535	0	236.87	53.6524	131.273	20.0705	102.525	49.4887	6.28693e-08	1.86503e-10	2.96913e-08	3.19332e-08	6.17424e-08	8.84423e-08	0	50.9194	4.06423	108.012	3.78423e-06	0	1.33498e-08	8.98421e-10	0.51604	129.08	0	70.5098	25.6668	13.6682	18.9929	40.8163	47.1738	8.89608	2.65128	7.19807e-09	1.00735e-06	22.4345	0	0	44.0209	0	0	0	2.8934	0	2.5441e-09	2.4226e-09	0.000839139	0.000217048	
0.855	18.8092	54.3703	28.9629	1.49846e-08	34.6033	19.9913	1.32894e-06	0	0	2.87182	77.4504	94.2798	2.29841e-06	0	4.33138	11.2479	22.7922	0	1.1492e-08	1.6454e-08	0	0	0	1.37443	5.63568	0	46.1282	4.10477e-07	12.3525	145.25	116.205	0	222.167	0	237.404	47.6348	136.868	33.2353	97.2661	47.242	1.31736e-07	4.81834e-11	1.08339e-08	3.08023e-08	1.21583e-09	8.69815e-08	1.96884e-05	32.7174	3.89846	107.289	0	0	1.55228e-09	8.09133e-10	0.177557	105.69	0	72.6088	26.6372	14.0677	19.6231	42.0947	49.1152	9.05227	3.34487	7.54747e-09	2.46242e-07	23.3082	1.15283e-07	0	44.4352	0	0	0	3.91655	3.77209e-09	7.76523e-09	2.42036e-09	0	0	
0.86	15.0624	46.5663	24.9039	3.4219e-08	28.7861	15.859	1.79397e-05	0	9.01723e-08	2.06071	79.1047	96.7356	1.83535e-05	0	4.66852	11.4693	18.3461	0	7.7926e-09	1.96308e-08	0	0	0	0.624615	4.50466	0	44.6166	3.26172e-07	10.0473	212.531	117.873	0	245.121	0	235.488	40.5125	142.574	28.8468	91.5534	44.7269	2.71192e-07	0	7.06228e-10	2.50911e-08	5.28522e-10	8.38249e-08	4.21956e-05	20.6348	3.74917	106.521	4.13573e-08	1.20662e-05	1.33613e-09	7.25007e-10	0	79.6211	0	74.2235	27.39	14.3684	20.1337	43.1617	50.7622	9.18945	4.18775	7.77432e-09	9.40398e-08	24.2356	0	0.000392676	44.8717	0	0	0	3.97433	1.16391e-05	0	2.41824e-09	0	0	
0.865	12.1823	39.9293	22.3342	0.256977	24.5837	12.5533	5.80539e-06	0	0	1.29898	80.8044	99.3976	0	0	5.00206	11.6573	15.5758	0	4.99834e-09	2.30453e-08	0	0	0	0.0804176	3.54777	0	43.572	2.5653e-07	8.06921	294.529	120.023	0	264.463	0	230.738	32.7115	148.316	24.977	85.4833	41.9893	4.35256e-07	0	3.21265e-09	1.96362e-08	7.00152e-07	7.90996e-08	3.04129e-05	13.0117	3.61589	105.716	0	0	1.32653e-09	6.4545e-10	0	52.6354	0	75.3106	27.9034	14.5588	20.5147	44.0014	52.0925	9.32292	5.08035	7.87763e-09	4.12651e-07	25.0918	2.83207e-09	0.00639878	45.3298	0	0	0	3.68212	0	1.52924e-05	2.41602e-09	0	0	
0.87	9.88442	34.1101	20.4897	5.56975	21.2897	9.87469	0	0	0	0.630322	82.5332	102.233	9.31542e-08	0	5.33065	11.8157	13.7147	0	2.98579e-09	2.66909e-08	0	0	0	0	2.84755	0	42.9595	1.99482e-07	6.507	363.908	122.645	0	277.31	0	224.434	24.6882	154.023	23.6483	79.1492	39.073	6.24243e-07	2.90623e-06	2.17821e-08	1.72362e-08	0	7.2985e-08	6.41726e-06	8.34148	3.49782	104.882	2.24783e-09	8.00432e-08	1.07131e-09	5.71537e-10	0	28.6666	0	75.841	28.1616	14.6293	20.757	44.6033	53.0928	9.48791	6.24018	7.86207e-09	2.06965e-06	25.7907	0	0	45.8086	0	0	0	3.38126	0	0	2.41481e-09	0	0	
0.875	8.2611	28.9833	19.6206	7.41494	19.0976	7.9963	0	0	1.30659e-08	0.121868	84.2738	105.209	0	0	5.65309	11.9483	12.323	3.38347e-06	1.62028e-09	3.05777e-08	0	0	0	0	2.42954	0	42.7529	1.53175e-07	5.43852	431.005	124.714	0	285.602	0	218.418	16.887	159.627	22.5738	72.686	36.0489	8.25909e-07	8.54405e-07	0	1.49171e-08	9.36053e-09	6.57163e-08	0	5.48207	3.39405	104.025	1.85768e-10	0	8.94482e-10	5.01489e-10	0.000497452	12.4115	1.59413e-08	75.7941	28.1546	14.5741	20.8555	44.9603	53.7492	9.74655	8.29866	7.73564e-09	0	26.2663	2.63463e-09	0	46.3069	0	6.54e-09	0	3.1326	1.99221e-07	1.6675e-07	2.41355e-09	0	0	
0.88	7.21014	24.4349	19.7655	7.90993	17.8879	6.83615	0	2.12783e-06	0	0	86.0073	108.291	0	0	5.96762	12.0572	11.1647	0	7.63844e-10	3.47057e-08	0	0	0	0.000872543	2.27413	0	42.9331	1.15966e-07	4.84714	494.918	119.012	0	294.226	0	213.858	9.76728	165.065	20.8398	66.3064	33.0297	1.01856e-06	2.36583e-07	2.22515e-08	1.27273e-08	0	5.75758e-08	0	3.74493	3.30348	103.148	1.39492e-09	6.42455e-09	7.93708e-10	4.35966e-10	0.623153	3.83694	4.24415e-08	75.1654	27.8792	14.3909	20.8085	45.0676	54.0548	10.1723	11.9102	7.51048e-09	2.39452e-08	26.4709	1.43347e-09	0	46.8237	8.48885e-09	0	0	2.9087	7.41569e-08	0	2.41304e-09	0	0	
0.885	6.43089	20.2506	20.346	8.74215	17.0516	6.04461	0	1.48764e-07	2.17118e-08	0	87.7135	111.446	0	0	6.27151	12.145	10.1241	0	2.82961e-10	3.90802e-08	0	0	0	0.00085753	2.38832	0	43.4855	8.64053e-08	4.66532	552.299	106.861	0	303.761	0	210.912	3.98979	170.275	18.8442	60.0974	30.0588	1.1684e-06	0	8.93215e-08	1.06243e-08	3.69242e-09	4.88829e-08	0	2.69417	3.22486	102.257	2.72512e-10	1.02139e-05	7.2851e-10	2.93765e-09	1.21799	0	5.32148e-08	73.96	27.3367	14.079	20.6166	44.9253	54.0041	10.8152	17.0482	7.20064e-09	0	26.372	1.37043e-09	0.00115523	47.3577	0	0	0	2.68709	3.91109e-09	9.28489e-09	2.41192e-09	0	0	
0.89	5.68511	16.223	20.7406	9.71185	16.0741	5.32164	0	1.90962e-07	0	0.000269394	89.3723	114.641	1.13681e-08	0	6.56238	12.2129	13.0184	0	0	4.37619e-08	0	0	0	0.000442317	2.8004	0	44.3979	6.3222e-08	4.8083	600.6	97.5798	0	315.012	0	209.197	0.271134	175.201	16.9344	54.0932	27.1544	1.235e-06	0	1.52445e-07	8.64891e-09	4.26014e-09	3.99815e-08	0	2.06185	3.15714	101.354	0	0	6.67709e-10	2.85611e-09	0	0	5.44321e-08	72.1963	26.536	13.6418	20.2837	44.5385	53.601	11.6803	23.0812	6.82217e-09	0	25.9519	1.37905e-09	0.000817537	47.9073	2.19528e-07	0	0	2.46478	5.44123e-07	8.64872e-10	2.41166e-09	0	0	
0.895	4.86857	12.2463	20.6381	10.2707	14.7596	4.50704	0	1.59541e-07	0	0.00110379	90.9644	117.844	1.08103e-08	2.05095e-07	6.83684	12.2604	23.3028	0	3.61698e-06	4.87663e-08	9.3494e-07	0	0	8.30604e-05	3.48807	0	45.6581	4.53052e-08	5.14745	645.636	93.8625	0	327.006	0	208.349	0	179.794	15.1458	48.3216	24.3341	1.1768e-06	0	9.28848e-08	6.82299e-09	5.52608e-09	3.12285e-08	0	1.68574	3.0989	100.442	0	1.10262e-07	6.02972e-10	2.81607e-09	0.0134046	0	4.99595e-08	69.904	25.4892	13.0845	19.8163	43.9152	52.8564	12.7265	28.9939	6.39127e-09	2.17635e-08	25.2063	1.65016e-09	0.00125237	54.3129	2.9969e-08	0	0	2.24623	0	5.72906e-09	2.41133e-09	2.86295e-06	0	
0.9	3.96349	8.32838	20.0238	10.3008	13.1568	3.56522	0	1.80397e-07	0	0.000327027	92.4718	121.024	1.36024e-08	1.42525e-06	7.09126	12.2879	37.6369	0	2.83068e-08	5.41051e-08	0	0	5.56747e-06	0	4.35949	0	47.2521	3.16894e-08	5.54248	683.677	92.2723	0	338.935	0	208.173	0	184.012	13.4253	42.8061	21.614	9.67303e-07	1.99512e-09	2.55815e-08	5.17783e-09	6.41651e-09	2.29799e-08	0	1.46518	3.04926	99.5221	0	0	5.3441e-10	2.66624e-09	0	0.00902511	4.23082e-08	67.12	24.214	12.4148	19.2232	43.0695	51.7864	13.8941	33.9777	5.92424e-09	0	24.1425	1.94412e-09	0.000441707	61.3422	2.4532e-07	0	0	2.0351	3.93554e-06	1.29704e-09	2.41152e-09	0	0	
0.905	2.96223	4.58106	18.9796	9.93862	11.3595	2.49015	0	1.81464e-07	3.09187e-08	4.55354e-05	93.8789	124.154	1.97998e-08	5.90392e-07	7.32279	12.2941	57.3991	0	1.84162e-07	5.97959e-08	0	0	0	0	5.27044	0	49.1625	2.15429e-08	5.84876	718.422	93.791	0	350.31	0	208.552	0.00777686	187.826	11.7559	37.5604	19.0043	6.21429e-07	2.94921e-08	2.99501e-10	3.72363e-09	7.46705e-09	1.55784e-08	0	1.33767	3.00678	98.5967	0	4.17589e-09	4.65862e-10	2.51818e-09	0.00222183	1.05375e-05	3.31869e-08	63.8905	22.7319	11.6425	18.5155	42.0176	50.415	15.1328	37.7907	5.4366e-09	1.50915e-07	22.7756	2.21939e-09	0	66.1016	0	7.10629e-08	0	1.83283	0	2.62828e-10	2.41122e-09	0	0	
0.91	1.86086	1.20905	17.5892	9.32292	9.44868	1.27665	0	1.82195e-07	0	0	95.1723	127.207	4.09577e-07	9.02175e-07	7.52824	12.2773	80.9596	0	8.19336e-08	6.58528e-08	0	0	0	0	6.06753	0	51.3691	1.41536e-08	5.93392	748.217	98.4761	0	360.983	59.8053	209.386	0.00507441	191.216	10.1462	32.5868	16.51	2.30305e-07	1.15336e-07	1.20913e-10	2.49712e-09	8.5022e-09	9.33765e-09	0	1.26487	2.97069	97.6667	0	0	3.98965e-10	2.36812e-09	0.0110613	0.069732	2.38315e-08	60.2678	21.0681	10.7794	17.7046	40.7793	48.7715	16.4014	40.5314	4.93919e-09	1.16283e-07	21.1288	2.44949e-09	0	69.3983	2.05949e-08	0	0	1.63972	4.34635e-08	3.10192e-06	2.41115e-09	0	0	
0.915	0.623292	0	15.8854	8.51788	7.53928	0.000167194	0	1.79516e-07	5.14735e-08	0	96.3416	130.159	0	2.77951e-07	7.70419	12.2362	105.177	0	1.22275e-07	7.22746e-08	0	0	0	0	6.58319	0	53.8478	8.91811e-09	5.66881	772.238	104.137	0	371.017	173.427	210.583	0.00227406	194.173	8.60407	27.8792	14.1306	1.55687e-07	2.66501e-07	1.5162e-07	1.52559e-09	9.47357e-09	4.5257e-09	0	1.224	2.93972	96.7333	0	5.01929e-07	3.36246e-10	2.22071e-09	0	0	1.51805e-08	56.3077	19.2503	9.83952	16.8048	39.3742	46.886	17.6562	42.3696	4.43974e-09	8.74316e-06	19.2334	2.62589e-09	0	71.7708	1.45313e-08	0	0	1.45594	0	0	2.41114e-09	0	0	
0.92	0.000144401	0	13.9167	7.55013	5.35255	0	0	1.75011e-07	3.97858e-10	0	97.3801	132.989	1.77749e-08	5.08447e-05	7.84892	12.1693	118.445	0	1.26148e-07	7.90534e-08	0	0	0	0	6.72024	0	56.5714	5.33082e-09	5.01125	776.94	102.003	4.14217e-06	380.578	211.932	212.069	0.000328053	196.694	7.13022	23.4233	11.8635	1.49824e-07	4.74314e-07	7.32808e-08	8.12528e-10	6.29809e-08	1.35657e-09	5.45311e-07	1.20071	2.91306	95.7972	0	0	2.77624e-10	2.07377e-09	0	0.00780302	7.97346e-09	52.0687	17.3086	8.83784	15.8291	37.8239	44.7923	18.8487	43.4878	3.94548e-09	0	17.1265	2.74319e-09	0	73.9676	1.93943e-08	0	0	1.28179	9.21405e-06	3.688e-08	2.41149e-09	0	0.0205058	
0.925	0	0.00277436	11.8047	6.46036	3.32758	0	0	1.68093e-07	7.1182e-09	0	98.2832	135.678	2.75647e-07	0	7.96046	12.0751	116.573	0	1.35212e-07	8.61788e-08	0	0	0	0	6.51383	0	59.5102	2.97383e-09	4.06508	759.697	87.667	0	389.862	213.286	213.777	0	198.788	5.72195	19.2057	9.70443	1.47041e-07	7.25121e-07	2.36159e-08	3.51257e-10	3.09711e-09	1.44632e-11	0	1.18673	2.88962	94.8599	3.84386e-07	3.38336e-09	2.24975e-10	1.93098e-09	0.0210296	0.010283	2.80075e-09	47.6139	15.2737	7.79134	14.7924	36.1484	42.5218	19.927	44.0563	3.46256e-09	1.12648e-07	14.8524	2.79562e-09	0	76.7925	1.95214e-08	0	0	1.11763	3.55096e-06	0	2.4116e-09	0	0	
0.93	0.000493271	0.00646162	9.67301	5.30701	1.41349	0.00403067	0	1.58397e-07	0	0	99.0511	138.213	1.13586e-07	1.07287e-06	8.03721	11.9527	108.732	3.46273e-09	1.3956e-07	9.36342e-08	0	0	0	0	6.02997	0	62.6331	1.79225e-05	2.94683	734.209	69.4775	3.11363e-08	399.066	207.752	215.647	0	200.465	4.37864	15.2136	7.64981	1.42213e-07	1.00624e-06	2.05774e-08	1.04072e-10	7.07057e-10	4.97554e-10	7.93241e-09	1.17723	2.86848	93.9221	0	0	1.78109e-10	1.79099e-09	0	0.00924289	1.17145e-10	43.0029	13.1801	6.71879	13.7091	34.3686	40.1056	20.8392	44.2346	2.99675e-09	0	12.458	2.78257e-09	0	80.452	1.96723e-08	1.20282e-06	6.98534e-05	0.963749	1.23308e-06	3.05532e-05	2.41148e-09	0	0	
0.935	0.00328238	0.00294649	7.57102	4.1447	0.00019766	0.0023189	0	1.4568e-07	4.81091e-07	0	99.6853	140.582	3.56679e-08	0	8.07856	11.801	98.2765	5.57423e-09	1.42886e-07	1.01401e-07	0	0	0	0	5.27477	0	65.9078	0	1.70799	704.921	52.2525	0	408.366	204.489	217.622	0	201.746	3.10315	11.4389	5.69938	1.36685e-07	1.30059e-06	1.95174e-08	0	7.35162e-08	2.59656e-09	0	1.16927	2.84868	92.9854	0	0	1.37157e-10	1.65555e-09	0.00166118	0.00270019	1.67485e-10	38.2999	11.0621	5.63854	12.5938	32.5069	37.5734	21.5433	44.1628	2.87193e-09	5.62087e-08	10.0088	2.70614e-09	0	85.5281	1.9285e-08	0	9.20617e-06	0.82019	1.33411e-07	2.04389e-06	2.41175e-09	0	0	
0.94	0.00189837	0.000828895	5.47012	3.00876	0	0.00110379	0	1.30044e-07	0	0	100.191	142.777	8.57662e-08	6.11947e-08	8.08551	11.6216	87.7898	5.3672e-09	1.44377e-07	1.09457e-07	0	0	0	0	4.17775	0	69.3014	0	0.388121	675.919	39.6269	0	417.915	201.419	219.649	0	202.657	1.90444	7.88248	3.85647	1.30885e-07	1.57171e-06	6.07906e-08	1.55324e-07	2.55595e-08	6.42292e-09	1.84855e-09	1.16023	2.8293	92.0509	0	0	1.01988e-10	1.52347e-09	0.0178345	0.0149279	2.62556e-09	33.5628	8.95334	4.57023	11.4593	30.5851	34.9575	22.0067	43.9632	2.50278e-08	6.51165e-06	7.58376	5.04727e-09	0	92.0527	1.86575e-08	0	0	0.687583	0	2.80278e-07	2.41184e-09	0	0.00337235	
0.945	0.000843251	0	3.3845	1.93071	0	0.00022656	8.37271e-09	1.11912e-07	1.3865e-08	0	100.576	144.794	2.48481e-09	1.91444e-09	8.05719	11.4132	66.9398	4.43465e-09	1.44018e-07	1.17774e-07	0	0	0	0	2.79098	0	72.7803	0	0	620.78	31.802	0	427.818	196.381	221.678	0	203.228	0.816155	38.1888	15.3584	1.24883e-07	1.77072e-06	6.42628e-08	1.09467e-07	1.25043e-09	1.2096e-08	0	1.15073	2.80942	91.1203	0	0	7.28763e-11	1.39746e-09	0	0	7.61533e-09	28.8531	6.89715	3.53441	10.3206	28.625	32.2905	22.2105	43.7292	0	8.18237e-09	5.26553	1.06089e-07	0	99.9539	1.77225e-08	0	0	0.565566	0	0	2.27108e-09	0	0.00180335	
0.95	0.000207164	0	1.71405	1.02152	0.0042141	0	0	0	0	0	100.849	146.629	1.80431e-07	0	7.9933	11.1745	62.8938	25.6472	1.41332e-07	1.26319e-07	0	0	0	0	1.62717	0	76.3101	1.84255e-06	0	566.984	40.5793	2.55957e-09	438.168	189.238	223.659	0	203.493	0	90.1728	33.54	1.18606e-07	1.83867e-06	6.6748e-08	1.51429e-07	0	1.97427e-08	3.06029e-09	1.14087	2.78807	90.1956	0	0	4.91588e-11	1.27752e-09	1.56957e-07	0	1.53394e-08	24.2319	4.93614	2.55187	9.19044	26.6489	29.6072	22.1492	43.5231	5.11829e-09	0	3.14923	6.00147e-08	0	109.093	1.652e-08	0	0	0.453843	0	0	1.96145e-09	2.596e-05	0.000536848	
0.955	0	0	0.341045	0.306845	0.00227686	0	4.00174e-08	8.36033e-05	3.59116e-10	0	101.019	148.285	2.01694e-07	7.37131e-09	7.89831	10.9111	57.19	27.3313	1.35928e-07	1.35058e-07	0	0	0	0	0.595641	0	79.859	2.4659e-06	0.0015087	528.223	44.202	0	441.319	180.798	225.551	0	203.486	0	108.002	37.1442	1.12005e-07	1.7175e-06	6.55156e-08	1.22649e-07	0	2.94915e-08	0	1.12416	2.76449	89.2785	0	0	2.98981e-11	1.16244e-09	0.0360775	0.0206783	2.60045e-08	19.7484	3.11055	1.64245	8.07993	24.6762	26.9372	21.8283	43.3902	3.98949e-09	0	1.35684	0	0	119.086	1.50941e-08	0	0	0.353994	5.12345e-08	2.02166e-05	3.99057e-10	1.52051e-05	0.00439318	
0.96	0	0	0	0	0.00105228	0	0	0	0	0	101.099	149.766	3.85086e-07	5.92254e-08	7.77207	12.5915	39.7815	29.2593	1.27592e-07	1.43947e-07	0	0	0	0	0	0	83.3946	1.6895e-06	0.00258057	466.075	37.7712	3.41874e-08	432.552	171.684	228.284	0	203.248	0	124.536	40.9933	1.05072e-07	1.3755e-06	6.18822e-08	1.16848e-07	5.01434e-08	4.14758e-08	0	1.10973	2.73765	88.3711	8.02726e-06	0	8.82121e-06	1.0526e-09	0	0	3.98188e-08	15.4562	1.47719	0.829641	7.00096	22.7271	24.3121	21.2873	43.3458	1.31001e-08	8.1352e-06	0.101811	5.99341e-08	0	129.205	0	3.23785e-07	0	0.264564	0	0	0	9.25202e-06	0.00249083	
0.965	0	0	0	0	0.000206497	0	2.14005e-07	0	3.41498e-08	0	101.1	151.078	3.21429e-07	4.7946e-07	7.61606	12.9162	22.1985	37.3306	1.16351e-07	1.52942e-07	6.82292e-09	0	0	0	0	0	86.8858	5.17821e-07	0.00119958	363.582	31.2567	0	403.376	162.173	232.061	0	202.812	0	153.469	51.0432	9.78242e-08	8.46673e-07	5.59844e-08	1.08289e-07	0	5.5836e-08	0	1.09211	2.70698	87.4752	4.82728e-06	0	1.69907e-05	9.50741e-10	0.0025072	0	5.69938e-08	11.407	0.172627	0.153776	5.96468	20.8213	21.7626	20.5727	43.3996	2.48521e-06	2.98974e-06	0	0	0	139.055	2.13333e-06	2.0408e-07	0	0.186107	2.57869e-07	2.56569e-05	1.04911e-08	4.4171e-06	0.000414213	
0.97	0	0	0.00127907	0	0	0	0	1.71456e-05	3.98171e-06	0	101.034	152.229	1.42859e-08	5.3623e-07	7.43254	11.8114	11.538	41.0861	1.02477e-07	1.61993e-07	7.55886e-07	0	0	0	0	0	90.3029	0	0.000155746	242.438	27.6936	6.92075e-09	350.727	152.393	234.547	0	202.219	0.00343291	176.713	58.6445	9.02971e-08	2.80851e-07	4.84865e-08	1.00827e-07	0	7.27189e-08	0	1.07158	2.67175	86.5931	6.55846e-08	0	0	8.5418e-10	0.0235565	0.0502473	7.77491e-08	7.67389	0	0	4.98034	18.9757	19.3161	19.7586	43.5634	6.10228e-08	9.26912e-06	0	5.1248e-08	0	148.171	0	0	0	0.118649	3.93016e-07	0	0	1.98024e-06	0	
0.975	0	0	0.00194729	0.00194153	0	0	3.1214e-08	1.87285e-05	3.75784e-08	0	100.912	153.23	7.26781e-09	1.72757e-07	7.22395	10.6632	6.42265	41.2283	8.643e-08	1.71053e-07	0	9.79621	4.08071e-06	0	0.00320377	0	93.619	1.09315e-06	0	144.921	25.8724	6.21197e-07	304.62	142.452	235.183	0	201.501	0.000231932	191.568	62.3028	8.2543e-08	2.25988e-07	4.00544e-08	9.226e-08	0	9.22786e-08	0	1.04928	2.63135	85.7263	0	4.07929e-08	0	7.63722e-10	0	0	1.02313e-07	4.32143	0	0	4.05785	17.2065	16.9983	18.9101	43.7676	5.77311e-08	0	0.00273871	0	0	155.443	0	0.000103719	0	0.0620798	6.76566e-07	3.23747e-07	8.78346e-09	6.65555e-07	0	
0.98	0	0	0.000878409	0.000317032	0	0	0	8.00808e-06	4.43207e-08	0	100.745	154.091	1.20278e-05	0	6.99293	9.82743	3.78416	39.6338	6.89939e-08	1.80066e-07	11.4392	17.5133	0	5.27142e-10	0.000774477	0	96.8074	4.50508e-06	0	82.6903	24.9106	2.95559e-08	277.104	132.467	234.952	0	200.691	0	199.608	63.3142	7.46423e-08	2.17398e-07	3.13846e-08	8.30406e-08	4.22186e-09	1.14669e-07	0	1.02485	2.58538	84.8767	0	1.82184e-06	0	6.80992e-10	5.03138e-08	0.00333887	0	1.45934	0.00264348	0	3.20497	15.5292	14.8319	18.0752	43.8576	3.1321e-09	8.09284e-08	0.00208123	1.12172e-08	0	159.871	0.00766554	0.000691463	0	0.0161647	9.9687e-07	0	7.16364e-09	9.57028e-08	0	
0.985	0	0	0.000142053	0	0	0	4.57203e-08	1.32538e-06	0	0	100.544	154.824	1.10036e-07	2.86979e-08	6.7412	14.2382	2.27946	42.7803	5.12847e-08	1.88973e-07	15.6104	14.7058	3.93036e-08	2.87162e-08	0.000157828	0	99.8449	1.07169e-05	0	43.0633	24.5084	1.40906e-06	256.277	122.547	238.632	0	199.82	0	195.269	59.5981	6.6682e-08	2.13898e-07	2.31017e-08	7.31941e-08	0	1.40047e-07	0.000149304	0.998653	2.5336	84.0458	3.49472e-09	0	0	6.03138e-10	0.0421969	0.0532099	0.0019089	0	0.00175674	0.0018468	2.42887	13.9556	12.8362	17.3078	43.6875	1.29613e-08	0	0.000407965	3.34454e-06	0	161.299	0.00620346	0.00733158	0	0	1.36018e-06	2.17404e-07	0	0	0	
0.99	0	0	0	0	0	0	0	0	4.39074e-09	4.16068e-07	100.318	155.44	1.2098e-05	2.52636e-07	6.48429	19.091	1.45233	48.4857	3.46559e-08	1.97709e-07	15.3842	18.4026	0	4.49999e-08	0	0	102.712	2.01975e-05	0	16.7456	24.4375	1.53328e-08	244.86	112.787	244.373	0	198.913	0	189.894	56.2522	5.87568e-08	2.06487e-07	1.57151e-08	6.28102e-08	2.36849e-08	1.68577e-07	0.000309683	0.971368	2.47583	83.2347	1.80385e-09	5.92289e-08	0	5.32876e-10	0	0	0.000385812	0	0.000528054	0.000295661	1.73475	12.4974	11.0272	16.6634	43.17	3.99954e-09	1.39116e-05	0	3.73702e-06	0	159.74	0.00178709	0	0	0	1.75457e-06	0	0	0	0	
0.995	0	0	0	0	0	0	0	0	2.58241e-09	7.09709e-07	100.076	155.951	0	3.63774e-05	6.22295	17.749	1.03196	50.8827	2.05103e-08	2.06198e-07	18.0439	20.9098	15.7721	5.41603e-08	0	0	105.392	0	0	2.34585	24.5484	0	244.007	103.263	247.657	0	197.996	0	187.876	54.7325	5.09772e-08	1.98531e-07	9.54668e-09	5.19304e-08	0	2.00425e-07	0	0.943706	2.41238	82.4447	0	0	0	4.67636e-10	0.00255415	0.00231606	0.000281069	0	0	0	1.12665	11.1633	9.41653	16.1609	42.2393	1.41951e-09	0	0	2.90141e-06	0	154.788	0	0.00139569	0	0	2.16102e-06	3.0778e-07	0	0	0	
1	0	0	0	0	0	0	1.42643e-07	0	0	3.13054e-07	99.8254	156.366	1.10054e-05	0	5.94253	19.0831	0.834793	53.6578	9.9984e-09	2.14358e-07	20.3667	23.512	18.0053	5.88808e-08	0	0	107.873	1.46124e-07	0	0.0179139	24.7639	0	241.983	94.0361	249.923	0	197.083	4.08091e-06	175.571	49.0726	4.34647e-08	1.90183e-07	4.79474e-09	4.08203e-08	0	2.35768e-07	0	0.915917	2.34325	81.6763	0	6.82677e-08	0	4.07575e-10	0.0238615	0.0521994	0	0.00667894	0	0	0.608885	9.95998	8.00973	15.7437	40.7257	1.35894e-06	1.64312e-07	0	8.73425	0	142.882	0	0.00790675	0	0	2.54254e-06	0	1.81451e-08	0	0	
1.005	0	0	0	0	0	0	0	0	1.43254e-08	1.91523e-07	99.5716	156.698	1.88325e-07	0	5.65087	26.9424	0.759236	56.1343	3.64733e-09	1.16483e-06	22.2203	26.361	16.2075	6.06613e-08	0	0	110.148	0	0	0	25.0436	3.537e-07	235.16	85.144	251.87	0	196.194	1.03509e-06	157.125	41.3262	3.63487e-08	1.81581e-07	1.60849e-09	2.99777e-08	0	2.74786e-07	0.000319799	0.887979	2.26916	80.9304	6.95643e-08	0	0	3.53758e-10	0	0	0	0.00174342	0	0	0.18573	8.89173	6.80862	15.3467	38.5253	7.83968e-09	0	0	21.2741	0	124.056	0.0125412	0	8.64978e-08	0	2.83535e-06	0	2.29264e-08	0	0	
1.01	0	0	0	0	0	0	0	0	9.49696e-08	6.37824e-08	99.3198	156.953	2.09079e-07	0	5.35266	32.3349	0.756437	56.524	8.5658e-10	0	23.5028	28.859	17.2103	6.03648e-08	0	4.69661e-07	112.214	1.58924e-08	0	0.0195492	25.3653	0	227.072	76.6221	252.917	0	195.335	5.61375e-06	138.793	34.0026	2.97596e-08	1.7258e-07	2.46054e-09	2.00694e-08	5.21597e-10	3.17668e-07	0.00062317	0.859985	2.19067	80.207	2.9251e-08	0	0	3.06256e-10	0.000731981	0.00194733	0.000460256	9.74377e-05	0	0	2.5032e-05	7.95987	5.81195	14.9869	35.7856	2.6416e-08	7.13617e-08	0	25.9829	0	105.065	0.0145975	0.000686254	1.34654e-07	0	2.9496e-06	0	1.22622e-08	4.6016e-06	0	
1.015	0	0	0	0	0	0	2.59503e-10	0	1.88396e-06	0	99.0728	157.139	0	0	5.05099	36.6899	0.804227	54.7381	1.48908e-06	3.41877e-08	24.3302	30.9264	19.2569	5.85138e-08	0	0.044513	114.073	0	0	0.0136914	25.717	1.04179e-08	216.579	68.491	253.027	0	194.512	6.41912e-07	119.491	26.6527	2.38088e-08	1.63121e-07	9.03135e-09	1.17985e-08	1.1557e-09	3.6461e-07	0	0.832249	2.10847	79.5063	9.48763e-07	0	0	2.62018e-10	0.0253606	0.0415778	0.00203719	0	0	0	0	7.16419	5.01398	14.6724	32.5192	0	0	0	28.8672	2.04213e-08	90.1482	0.0093288	0.00318483	1.10576e-08	0	2.79036e-06	0	2.19349e-09	0	0	
1.02	0	0	0	0	0	0	0	0	0	0	98.8326	157.263	1.02994e-08	0.121198	4.74815	40.9005	0.891604	51.1515	0	1.7497e-08	24.7659	32.6288	20.8805	5.54554e-08	0	1.52407	115.732	9.08787e-08	0	0.0036803	26.0915	1.12243e-08	202.628	60.775	251.824	0	193.727	5.39943e-07	98.6013	18.8618	1.85617e-08	1.53191e-07	1.76025e-08	5.7488e-09	1.67262e-09	4.15815e-07	0	0.804907	2.02359	78.828	4.89672e-06	0	1.37363e-08	2.23772e-10	0	0	0.00155558	0	0	0	0	6.50287	4.40598	14.3646	28.5393	1.45032e-09	0	0	29.996	0	79.7656	0.00326449	0	0	0	2.29805e-06	0	1.59949e-09	2.43183e-07	0	
1.025	0	0	0	0	0	0	4.93176e-06	0	1.99482e-08	9.04128e-08	98.5991	157.327	1.75907e-09	31.3075	4.44827	44.5278	1.0133	45.994	1.99157e-07	1.39905e-07	24.8385	33.9695	22.1903	5.14509e-08	0	2.38692	117.207	0	0	0	26.4842	7.12529e-09	185.544	53.49	249.177	0	192.972	0	93.0746	15.6897	1.40508e-08	1.42813e-07	1.63367e-09	2.18007e-09	2.11339e-09	4.71496e-07	2.31197e-05	0.77809	1.93703	78.1721	0	0	9.36472e-08	1.88267e-10	0.00117489	0.00221906	0.000708537	0	0	0	0.00072317	5.97084	3.9737	14.0254	23.7066	0	0	0	28.8298	0	73.1427	0	0	0	0	1.50511e-06	0	6.00318e-07	0	0	
1.03	0	0	0	0	0	0	0	0	0	7.7426e-07	98.3703	157.335	4.95423e-08	60.6945	4.15523	47.2097	1.16788	39.5439	5.72369e-06	2.26752e-07	24.6146	34.9882	23.4857	4.6723e-08	0	2.41373	118.516	1.32779e-07	0	0	26.8918	8.5022e-06	166.045	46.6549	245.019	8.2945e-08	192.237	1.39863e-08	85.8222	11.6512	1.0279e-08	1.32039e-07	0	5.9133e-10	2.57875e-09	5.31873e-07	4.63389e-05	0.752055	1.84982	77.5377	6.3873e-08	0	5.26113e-07	1.58217e-10	0.0100875	0.0117756	0.000144717	0	0	0	0.000252243	5.56238	3.70227	13.6376	18.293	9.78058e-09	0	0	25.7066	0	69.1067	0	0.000457861	0	0	6.04046e-07	0	5.52781e-09	0	0	
1.035	0	0	0	0	0	6.37457e-08	1.15477e-05	0	4.47848e-09	2.3928e-06	98.1433	157.287	4.92687e-06	72.8659	3.87161	49.0402	1.35507	32.0766	3.05625e-07	2.47267e-07	24.1351	35.7172	24.82	4.14789e-08	0	2.20544	119.687	0	0	0	27.3111	1.46031e-06	144.143	40.2854	239.113	0	191.507	0	68.596	4.58356	7.22261e-09	1.20954e-07	2.92594e-10	9.77532e-11	3.05413e-09	9.58327e-08	1.24877e-05	9.27843	1.76307	76.9244	0	0	1.52366e-06	1.3139e-10	0	0	0	0	0	0	1.12055e-05	5.27083	3.57611	13.1817	13.4885	0	4.85493e-07	0	21.2785	0	66.7418	0	0.000552325	0	0	3.16146e-07	0	6.99064e-09	0	0	
1.04	0	0	0	0	0	1.42057e-07	0	2.35758e-08	3.02817e-10	0	97.9126	157.181	2.06803e-07	75.2845	8.74067	42.1891	10.8569	24.9967	0	2.98307e-06	23.9489	36.5653	26.1247	3.59199e-08	0	2.06425	120.752	4.4739e-06	0	0	33.1516	0	115.161	34.3948	231.284	4.97798e-08	190.76	1.02458e-07	40.6505	0	4.8332e-09	1.09656e-07	2.09304e-08	0	3.51099e-09	2.03066e-06	0	24.1427	1.67791	76.3315	3.1755e-08	0	3.42276e-06	1.0706e-10	0	0.000446845	0	0	0	0	0	5.08675	3.57917	12.6315	9.91406	6.8226e-09	1.22961e-06	1.1157e-05	16.5089	0	65.4307	0	0.000240272	0	0	3.05339e-07	0	0	0	0	
1.045	0	0	0	0	0	2.0428e-07	1.27918e-07	6.14763e-08	9.51915e-10	2.94442e-08	97.6716	157.015	4.87423e-07	74.9845	16.5732	29.1372	28.5823	19.4135	4.36731e-09	5.07522e-06	24.1681	37.5917	27.3266	3.0244e-08	0	2.01134	121.75	4.42849e-09	0	0	48.5197	0	84.3251	28.9984	222.162	1.14627e-06	189.968	1.85824e-08	14.1755	0.000348763	3.0431e-09	9.82535e-08	5.65808e-08	1.22989e-07	3.91568e-09	0	0	36.1079	1.59528	75.7581	0	0	6.49047e-06	8.66187e-11	0.000210797	0.0011302	0	0	0	0	0	5.00203	3.69576	11.9651	7.44269	0	0	0	12.44	0.00150222	64.764	0	0	0	0.0308536	3.00115e-07	0	1.17968e-08	0	0	
1.05	0	0	0	0	0	2.598e-07	0	9.88887e-08	2.36999e-10	0	97.4117	156.783	2.96501e-07	74.6636	20.8729	18.1253	46.9483	15.3618	0	3.9308e-06	24.6339	38.6637	28.3816	2.46437e-08	0	2.00866	122.724	0	0	0	70.5399	0	58.7594	24.1111	213.01	3.84917e-07	189.101	1.18942e-08	0	0	1.77015e-09	8.6878e-08	3.5998e-08	2.15466e-08	4.24112e-09	2.37395e-08	0	44.7443	1.51617	75.2036	0	0	1.09719e-05	6.87483e-11	0.00141401	0.000645031	0	0	0	0	0	5.00732	3.91035	11.1726	5.75241	1.27399e-08	0	0	9.41164	0.00203709	64.482	0	0	0	0.115822	2.92631e-07	0	6.20563e-09	0	0	
1.055	0	0	0	0	0	3.13853e-07	0	1.36836e-07	0	1.65333e-08	97.1231	156.479	2.60118e-09	74.5259	19.9008	11.6302	63.362	12.4508	7.79029e-08	1.88575e-06	25.197	39.6736	29.2606	1.93006e-08	0	2.04547	123.726	2.65167e-05	0	0	97.9017	1.02297e-07	41.4084	19.7384	204.795	7.12106e-09	188.122	8.92878e-10	0	0.0166381	9.22629e-10	7.56809e-08	2.39279e-09	2.05353e-08	4.46955e-09	0	0	51.5924	1.4414	74.6673	7.48284e-06	3.41352e-06	1.70627e-05	0	0.000765099	0	0	0	0	0	0	5.09372	4.2086	10.2549	4.5971	1.7848e-08	0	0	7.25949	0	64.4246	0	0	0	0.224243	2.82814e-07	0	4.83043e-09	0	0	
1.06	0	0	0	9.52808e-07	0	3.69412e-07	3.3492e-09	1.75773e-07	0	0	96.7945	156.095	2.8614e-06	74.2811	15.4844	8.1582	75.3384	10.3138	1.0583e-08	5.50488e-07	25.762	40.5644	29.9492	1.43741e-08	0	2.13585	124.809	0	0	0	121.796	0	29.937	15.8866	197.602	1.16734e-10	186.99	6.48433e-09	0	0.00514036	4.06784e-10	6.48296e-08	2.09843e-08	0	4.59148e-09	2.08001e-08	0.000112482	56.4916	1.37174	74.1485	2.91413e-06	0	0	0	3.02736e-05	0	0	0	0	0	0	5.25277	4.57665	9.41521	3.80647	1.37343e-07	0	0	5.7414	0	64.495	0	0	9.45977e-05	0.348178	2.72672e-07	0	2.37696e-09	0	0	
1.065	0	0	0	0	0	4.28218e-07	0	1.96418e-07	0	9.09144e-10	96.4135	155.623	0	73.839	10.703	6.22756	83.8687	8.6971	2.76171e-08	5.6103e-08	26.2738	41.3027	30.4406	1.00054e-08	0	2.29792	126.032	3.10063e-07	0	0	141.439	1.99776e-09	22.5376	12.5568	190.969	1.7106e-08	185.663	6.75831e-07	0.0362728	0.00193112	1.30868e-10	5.45039e-08	1.34599e-08	6.33732e-07	4.60365e-09	3.68203e-08	0	58.8978	1.30773	73.6463	8.6239e-07	7.61214e-08	0	0	0	0	0	0	0	0	0	5.47583	5.00195	8.79644	3.2555	0	0	1.50057e-05	4.66528	0	64.6349	0	0	6.80132e-05	0.478526	2.62258e-07	0	1.03672e-08	0	0	
1.07	2.16251e-09	0	0	0	0	4.91343e-07	1.90938e-09	1.77635e-07	5.13907e-08	0	95.9672	155.051	8.46579e-07	73.2807	7.89201	5.17197	90.8861	7.42806	4.34932e-08	0	26.703	41.8776	30.742	6.31286e-09	0	2.54604	127.457	0	3.39284e-08	0	158.785	0	17.986	9.74003	184.486	4.10634e-08	184.096	1.50073e-06	0.0210699	0.000858154	0	4.48874e-08	1.31774e-07	0	4.50764e-09	5.42729e-08	1.61709e-05	58.5628	1.24979	73.1605	6.9129e-08	0	0	0	0	0	0	0	0	0	0	5.75608	5.47438	8.38605	2.85712	1.14855e-08	0	2.147e-05	3.88796	0.000877579	64.8097	0	0	4.55365e-05	0.607609	2.51444e-07	0	1.18833e-09	0	0	
1.075	3.15359e-09	0	0	0	0	5.59497e-07	0	3.22198e-05	5.33703e-09	0	95.4417	154.37	6.38392	72.6983	8.59038	4.65957	96.2878	6.39614	7.10465e-08	0	27.0393	42.289	30.8638	3.38698e-09	0	2.89193	129.147	1.70988e-08	5.57709e-08	0	172.128	2.49208e-10	15.327	7.42168	177.977	5.77055e-10	182.243	6.50867e-06	0.00081973	0	9.93256e-07	3.61498e-08	2.55018e-08	1.12104e-08	4.30969e-09	6.30435e-08	3.36991e-05	57.022	1.19829	72.6902	0	0	8.68561e-08	0	0	0	0	0	0	2.59442	0	6.08642	5.98551	8.11928	2.5548	0	5.24042e-06	0	3.30665	0.0114703	64.9988	0	0	2.18944e-05	0.730471	2.40066e-07	0	0	0	0	
1.08	3.37166e-09	4.26087e-07	4.86252e-08	0	0	6.332e-07	7.82377e-09	0	7.36823e-09	0	94.8237	153.569	18.906	72.1397	14.271	4.47273	100.611	5.53175	1.01821e-07	0	27.2803	42.546	30.825	1.3141e-09	0	3.34571	131.167	1.30854e-09	6.75081e-08	0	181.39	9.88392e-08	13.843	5.58073	171.389	3.25593e-09	180.061	0	0.00213854	0	1.89786e-07	2.83984e-08	4.3169e-08	0	4.02128e-09	6.03559e-08	2.46665e-05	55.3034	1.15325	72.2354	0	0	9.48577e-09	0	0	0	0	0	0	3.51601	0	6.46091	6.52827	7.941	2.31248	1.74112e-08	8.29707e-08	1.39868e-05	2.85102	0	65.19	0	0	4.24277e-06	0.844419	2.28057e-07	0	2.46118e-08	3.75896e-05	0	
1.085	3.16461e-09	4.15838e-07	6.54614e-08	5.40516e-09	0	1.69225e-07	1.47834e-07	0	5.32621e-09	1.04783e-10	94.1003	152.638	25.0668	71.6114	25.6295	4.47289	106.231	4.79472	1.36603e-07	3.93097e-08	27.4309	42.6629	30.6472	1.81412e-10	0	3.91833	133.576	1.02132e-08	7.33897e-08	0	190.033	0	13.0667	4.1881	164.694	4.01508e-10	177.511	0	0.00421681	0	2.47428e-07	2.16895e-08	4.56588e-08	7.45111e-09	3.65782e-09	4.73874e-08	5.07147e-06	53.1543	1.11481	71.7954	8.10204e-10	0	6.24638e-09	3.73752e-05	0	0	0	0	0	3.76166	0	6.87457	7.09599	7.81252	2.10849	0	0	8.14735e-06	2.47486	0	65.376	0	0	0	0.94841	2.15403e-07	0	0	2.54536e-05	0	
1.09	2.73785e-09	1.72816e-07	5.98361e-08	3.69286e-07	1.33068e-09	2.32683e-06	5.86257e-07	6.86207e-06	6.53992e-09	1.74137e-10	93.2601	151.567	26.4579	71.0982	45.2428	4.58593	105.298	4.16123	1.74892e-07	4.70238e-08	27.4985	42.656	30.3554	5.55808e-11	0	4.62098	136.435	2.05562e-05	7.58925e-08	0	197.187	7.59011e-06	22.6101	3.21209	157.882	1.88448e-09	174.555	0	0.00552634	0	2.09082e-07	1.53736e-08	5.08259e-08	3.98503e-10	3.23741e-09	2.9507e-08	0	50.9412	1.0829	71.3702	0	0	0	3.19067e-05	0	0	0	0	0	5.10805	1.30219	7.32209	7.68352	7.7067	1.92925	8.10599e-10	0	0	2.15029	0	65.5524	0	0	0	1.042	2.02122e-07	0	4.06483e-08	0	0	
1.095	2.21732e-09	3.14004e-08	4.18634e-08	0	4.95799e-09	0	0	7.46063e-06	6.28664e-09	2.46601e-10	92.2929	150.349	26.3861	63.1346	73.5927	4.7718	88.6593	3.61614	2.16769e-07	2.37526e-07	27.4938	42.5457	29.9746	8.09604e-10	1.82042e-09	5.46513	139.798	0	7.64545e-08	0	193.956	0	47.7914	2.62541	150.968	2.45124e-10	171.166	0	0.00516833	0	2.13479e-07	4.08996e-09	5.42301e-08	1.71678e-09	2.78134e-09	1.19281e-08	0	49.4744	1.05734	70.9597	0	2.36685e-09	0	2.82941e-05	0	0	0	0	0	6.80149	1.80612	7.79799	8.34777	7.60548	1.76724	0	0	0	1.86054	0	65.7165	0	0	2.56227e-08	1.12514	1.88256e-07	0	0	0.000189664	0	
1.1	1.68326e-09	0	2.03154e-08	2.50002	2.50698e-06	2.71601e-08	18.751	3.26443e-06	5.45527e-09	3.78425e-08	91.1918	148.978	26.3864	53.2647	107.112	5.00839	61.6091	4.20646	2.62329e-07	2.92043e-07	27.8268	42.6021	29.5761	2.45697e-09	1.02546e-08	6.46326	143.713	0	7.59095e-08	1.59502e-05	183.776	8.49714e-08	69.2525	2.41481	146.288	2.28009e-08	167.326	0	0	0	2.07925e-07	1.84238e-08	5.71677e-08	2.06258e-09	2.3108e-09	9.33166e-10	0	49.4422	1.03793	70.5639	0	0	0	2.3633e-05	0	0	0	0	0	8.15458	1.70789	8.29762	9.15143	7.49862	1.61792	7.55324e-12	7.71889e-08	1.18937	1.59604	0.000258256	65.8665	0	0	1.59525e-05	1.19767	1.7387e-07	0	0	0.000444281	0	
1.105	1.1873e-09	0	3.21648e-09	4.42107	0	0	33.2393	6.56057e-07	4.09712e-09	3.23392e-08	89.9521	147.449	26.5711	49.3696	144.75	5.27709	38.5553	6.95628	2.24708e-06	1.68614e-07	28.7123	43.0097	29.2897	5.05854e-09	1.65494e-08	7.62747	148.222	6.87149e-06	7.47387e-08	0	172.552	1.01214e-05	95.2784	2.58984	143.472	7.79189e-08	163.026	0	0	0	2.03509e-07	4.20336e-09	5.92844e-08	3.18308e-09	1.84729e-09	3.62043e-09	0	50.374	1.02425	70.1829	0	0	3.26404e-10	2.01297e-05	0	0	0	0	0	8.861	2.03863	8.81483	9.93126	7.38077	1.4797	0	0	3.92573	1.3524	0.0112616	66.0016	0	0	5.0354e-05	1.25946	1.59055e-07	0	0	8.63698e-05	0	
1.11	7.62123e-10	5.81785e-09	2.13732e-06	4.67738	1.19408e-07	2.7286e-08	36.9763	42.1243	3.44851e-09	2.53596e-08	88.5736	145.762	26.7402	48.8074	185.041	5.56414	24.6159	11.2104	4.26966e-08	0	29.7136	43.4988	29.0854	8.68084e-09	2.11351e-08	8.97446	153.359	1.55489e-07	7.32191e-08	0.00147804	151.501	3.57386e-06	117.76	3.19236	141.038	2.13019e-06	158.272	0	0	0	1.96902e-07	2.59199e-09	6.05922e-08	4.18583e-09	1.41104e-09	2.62397e-08	0	52.2652	1.01611	69.8171	0	0	5.49998e-10	1.7005e-05	0	0	0	0	4.54569e-07	8.95493	2.31566	9.34261	10.5518	7.25063	1.35182	0	3.86628e-08	5.65318	1.1279	0	66.1209	0	0	0	1.31036	1.43933e-07	0	1.35058e-10	0	0	
1.115	4.25067e-10	1.39076e-08	0	4.74521	1.10222e-07	4.77651e-08	37.2396	127.915	1.46638e-09	1.56466e-08	87.0602	143.92	26.8002	49.6343	226.85	5.85637	17.3226	15.5617	8.90964e-08	0	30.5467	43.8737	28.8929	1.33924e-08	2.40674e-08	10.523	159.153	5.64256e-06	7.15112e-08	0	119.723	2.04243e-05	130.215	4.28454	138.204	0	153.081	0	0.00801801	0	1.89162e-07	1.52458e-09	6.09543e-08	5.16888e-09	1.01867e-09	6.89951e-08	0	55.7347	1.01313	69.4667	0	0	6.51404e-10	1.4294e-05	0	0	0	0	0	8.60292	2.53979	9.87434	11.0184	7.10901	1.23521	4.91341e-07	0	6.1913	0.92295	0	66.2245	1.73967e-05	0	4.90118e-07	1.35015	1.28657e-07	0	3.67869e-10	0	0	
1.12	1.82246e-10	1.94399e-08	9.28242e-07	5.02857	0	6.89451e-08	37.7347	221.875	2.69082e-10	6.13487e-09	85.4202	141.928	26.7699	51.1461	266.931	6.14157	13.5056	19.3405	6.53793e-08	0	31.1626	44.107	28.6974	1.92634e-08	2.62339e-08	12.2889	165.624	2.30669e-05	6.97067e-08	0	86.9141	27.1356	119.527	5.9309	134.609	2.28116e-08	147.488	5.05599e-06	0.016728	0	1.80125e-07	7.62876e-10	6.02649e-08	6.06659e-09	6.83642e-10	1.42077e-07	0	59.8721	1.01496	69.1323	0	0	7.39057e-10	1.19108e-05	0	0	0	0	4.79145e-06	7.90016	2.76159	10.4003	11.4364	6.95865	1.13086	2.25427e-07	0	6.11555	0.739485	0.000967693	66.3121	1.07083e-05	2.12825e-06	0	1.37862	1.13409e-07	0	6.96537e-11	0.000644046	0	
1.125	0	2.42526e-08	1.74082e-07	5.35338	1.24471e-06	7.84745e-08	38.7317	294.247	3.29795e-12	1.90168e-08	83.6662	139.798	26.6811	53.1968	304.887	6.40699	11.5263	22.4866	9.91714e-08	8.41743e-06	31.5851	44.2156	28.5016	2.63647e-08	2.77689e-08	14.2841	172.799	0	6.78584e-08	0.000582859	62.1124	73.7843	100.134	8.1571	130.412	0	141.546	0	0	0	1.69836e-07	2.79224e-10	5.84209e-08	6.87648e-09	4.1398e-10	7.56775e-12	0	63.978	1.02123	68.8147	0	0	8.56319e-10	9.84136e-06	0	0	0	0	0	6.84751	2.97681	10.9117	11.8576	6.80337	1.04013	4.05699e-07	0	5.84423	0.579673	0.00916507	66.3844	6.73599e-06	6.75931e-07	4.42669e-07	1.39567	9.84023e-08	0	0	0.00504004	0	
1.13	2.25368e-06	2.94161e-08	2.29315e-08	5.57987	1.45221e-07	7.33105e-08	39.5892	330.846	1.53254e-10	1.50764e-08	81.8152	137.544	26.5419	55.6279	339.019	7.7329	10.5787	25.1387	1.12724e-07	0	31.8914	44.2683	28.3444	3.47689e-08	2.87497e-08	16.5156	180.708	2.61577e-07	6.59972e-08	0.00220581	47.9813	120.163	91.6716	10.9256	125.876	5.55654e-09	135.314	1.08097e-07	0	0	1.5808e-07	5.52618e-11	5.5344e-08	7.59078e-09	2.12457e-10	2.63303e-08	0	67.0568	1.03166	68.5143	0	0	9.99857e-10	8.05843e-06	0	0	3.02739e-06	0	0	5.69274	3.17703	11.3961	12.2638	6.6478	0.965027	3.39069e-06	0	5.50252	0.445745	0	66.4418	3.56151e-06	1.5202e-07	8.76429e-07	1.40118	8.38723e-08	0	8.15603e-09	0	0	
1.135	0	3.52414e-08	0	5.71098	1.128e-07	5.59657e-08	40.0042	338.61	3.37422e-11	4.61178e-09	79.888	135.184	26.3383	58.5133	363.956	8.36632	10.1521	27.0302	1.2665e-07	1.41681e-07	31.9813	44.2173	28.2305	4.45512e-08	2.922e-08	18.9818	189.375	0	6.44507e-08	0	40.8462	183.406	80.4822	14.1174	121.301	4.56192e-08	128.868	6.64259e-08	0.00601023	0	1.44704e-07	2.95745e-06	5.10049e-08	8.20463e-09	1.2646e-06	8.0169e-08	0	68.9273	1.04593	68.2323	0	0	1.16142e-09	6.53637e-06	0	0	0	0	0	4.68144	3.35722	11.8421	12.6226	6.49709	0.907368	6.57064e-06	0	5.08679	0.340303	6.89869e-05	66.4854	1.80703e-06	0	1.72607e-06	1.39506	7.0071e-08	0	8.01413e-07	0	0	
1.14	0	4.17306e-08	2.68669e-06	5.77935	5.37449e-08	3.32952e-08	40.0109	329.836	0	0	77.9081	132.74	26.0532	61.6777	379.734	8.08773	9.94081	27.6937	1.3729e-07	0	31.7335	43.9789	28.1343	2.24826	2.92421e-08	21.6773	198.812	9.94805e-08	6.3224e-08	0	37.0843	260.664	64.1885	17.5604	116.784	1.88552e-09	122.287	1.21804e-07	0.00883215	0	1.29711e-07	2.85137e-07	2.35459e-08	8.71615e-09	0	6.14103e-08	0	69.1432	1.06382	67.9694	0	0	1.33656e-09	5.24827e-06	0	0	4.56455e-08	0	0	3.86303	3.51296	12.2362	12.9084	6.35635	0.869033	1.13304e-06	0	4.57844	0.26601	0.0024634	66.5163	7.82152e-07	0	3.17702e-06	1.37753	5.7257e-08	0	7.64094e-09	0.00138936	0	
1.145	3.09458e-06	4.88376e-08	1.15256	5.78817	3.83299e-08	1.20337e-08	39.6837	311.831	4.02459e-09	1.69609e-08	75.9015	130.239	25.6662	65.0498	379.222	7.67728	9.77763	26.5927	1.45979e-07	0	31.0172	43.4484	28.0014	2.07366	2.88941e-08	24.5808	208.997	0	6.20578e-08	0	35.1441	340.061	52.7939	21.0515	112.254	1.44128e-08	115.664	1.6182e-08	0.00621122	0	1.13293e-07	3.29265e-07	1.11798e-07	9.12206e-09	2.31887e-06	1.00684e-08	0	66.0923	1.08513	67.7269	0	0	1.52277e-09	4.1687e-06	0	0	7.02485e-08	7.74783e-06	0	3.19033	3.63591	12.5635	13.1011	6.23117	0.8516	4.11465e-08	1.15225e-09	3.97527	0.225333	0.00491649	66.5363	2.62425e-07	0	5.62502e-06	1.34867	4.56724e-08	0	8.04358e-08	0.00377432	0	
1.15	1.26064e-06	5.65314e-08	5.30506	5.72668	2.22994e-08	3.34824e-10	39.0352	293.385	1.44913e-09	0	73.8942	127.712	25.1548	68.5755	367.481	7.39773	9.58035	23.6618	1.51959e-07	4.19803e-08	29.9082	42.6634	27.8271	1.63243	2.82613e-08	27.6616	219.874	8.75605e-09	6.09511e-08	0.000947994	34.1597	405.212	53.5767	24.3862	107.599	2.00206e-09	109.094	0	0	0	9.57862e-08	2.7551e-07	3.93706e-08	9.42169e-09	3.18707e-06	1.53311e-08	0	59.4918	1.10972	67.5057	0	0	1.72069e-09	3.2739e-06	6.29818e-11	0	2.52721e-07	0	0	2.60614	3.7185	12.8097	13.1805	6.12669	0.857232	0	0	3.28717	0.221319	0	66.5468	3.09599e-08	1.52768e-09	9.55427e-06	1.30865	3.54728e-08	0	0	0	0	
1.155	1.09636e-07	6.47894e-08	3.88488	5.58768	1.2861e-08	7.16594e-09	38.0372	267.512	1.99219e-09	5.0657e-08	71.9135	125.191	24.4994	72.2355	327.313	19.7348	9.30557	18.9403	1.54981e-07	0.613558	28.4354	41.626	27.6345	1.5942	2.74347e-08	30.8801	231.342	0	5.98977e-08	0.000805264	33.6377	452.575	72.8201	27.3827	102.45	9.13818e-09	102.671	0	0	8.97517e-08	7.76693e-08	2.94461e-07	0	9.61079e-09	2.74545e-06	1.36498e-07	0	49.6045	1.13742	67.3073	0	0	1.92845e-09	2.54134e-06	3.58329e-09	3.19309e-06	0	2.07563	0.36599	2.07083	3.75204	12.9591	13.1305	6.14832	0.886589	2.03609e-08	8.76434e-09	2.52967	0.258155	0	66.5499	0	1.86096e-08	1.56221e-05	1.2577	2.67278e-08	0	5.65022e-09	0	0	
1.16	1.24561e-08	7.35919e-08	3.37807	5.36839	6.39903e-09	4.01099e-08	51.189	233.757	7.29233e-10	0	69.985	122.711	23.6844	75.7313	262.212	44.2926	8.9292	13.7485	1.54855e-07	2.50275	27.1453	40.7485	27.5698	1.56965	2.64938e-08	34.1861	243.256	0	5.88924e-08	0.000323863	39.1967	476.858	100.441	29.8766	96.568	0	96.4918	0	0.000365109	0	5.96489e-08	2.88281e-07	4.60394e-08	9.67828e-09	1.48857e-06	2.95815e-08	0	37.382	1.16835	67.1327	0	0	2.14654e-09	1.94772e-06	0	4.54823e-07	1.61839e-09	5.72668	1.33816	1.55564	3.72829	12.9967	12.934	6.47195	0.941366	9.21506e-08	0	1.72657	0.619861	0.000827934	66.5475	0	7.12519e-08	2.46781e-05	1.19607	1.94456e-08	0	1.23453e-09	0.000435327	0	
1.165	1.03809e-08	8.28967e-08	3.38902	5.06947	2.65903e-09	9.83556e-08	80.1924	201.345	4.40556e-10	1.10134e-08	68.1327	120.304	22.6941	79.207	189.735	61.4041	13.0534	9.56743	1.51589e-07	2.66716	26.2945	40.2309	27.7143	1.44624	2.5502e-08	37.5213	255.436	0	5.7927e-08	0	48.0778	485.245	125.282	31.7359	90.0227	6.22346e-08	90.6431	0	0.00231164	0	4.26301e-08	2.82998e-07	0	9.61009e-09	2.85591e-07	6.43531e-08	0	25.572	1.20233	66.9833	0	0	6.34386e-09	1.47151e-06	0	0	3.97572e-06	4.05581	0.953025	1.04512	3.63856	12.9087	12.5787	7.01802	1.71444	2.59141e-07	1.18343e-08	0.922642	1.99411	0.00267361	66.5417	0	1.60042e-07	3.77966e-05	1.12418	1.3575e-08	0	3.95013e-10	0.00033163	0	
1.17	1.36837e-08	9.26673e-08	3.21652	4.69222	7.03368e-10	1.96808e-07	115.017	175.243	2.33379e-10	2.88989e-08	66.3792	118.005	21.5179	82.4467	122.678	55.2017	25.2401	6.70459	1.4532e-07	2.69626	25.8038	40.0151	28.0477	1.29596	2.45014e-08	40.8169	267.682	0	5.69881e-08	0	56.3655	487.145	144.886	32.8858	83.1294	0	85.2035	0	0.000273901	0	2.76206e-08	2.74413e-07	2.10517e-08	9.39272e-09	7.89446e-08	2.31416e-06	0	16.3709	1.23955	66.8606	5.93281e-09	0	0	1.09378e-06	0.00250884	0	0	2.73121	0.321427	0.538124	3.47555	12.6824	12.0536	7.56881	3.52617	6.143e-07	1.30632e-07	0.208423	4.41559	3.6217e-07	91.3486	0	2.75087e-07	5.63047e-05	1.04241	9.01508e-09	0	6.02773e-09	3.26222e-05	0	
1.175	1.13742e-08	1.02898e-07	3.2035	4.31378	1.76741e-11	1.23171e-09	145.017	167.797	1.61628e-10	4.21374e-08	64.7451	115.842	20.151	85.2875	69.9191	37.0356	52.3594	4.86103	1.36304e-07	2.95623	25.5579	40.015	28.5306	1.24664	2.35118e-08	43.9994	279.744	2.75761e-11	5.60624e-08	0	69.4086	455.328	177.129	33.2978	76.4937	1.0715e-07	80.2424	0	0	1.42022e-08	1.55692e-08	2.64719e-07	5.12234e-09	9.01443e-09	6.93442e-08	2.33789e-06	0	10.2434	1.28018	66.7658	3.55759e-07	0	0	7.97993e-07	0	0.00670014	0	1.8965	0	0.0597261	3.2336	12.308	11.3521	7.99829	5.81253	0	5.69404e-07	0	6.92436	0.000211511	120.572	1.15692e-05	0	8.18112e-05	0.951228	5.62555e-09	0	4.01925e-07	0	0	
1.18	7.73262e-09	1.13538e-07	4.59107	4.29745	1.79612e-10	5.16592e-08	151.505	184.746	1.21571e-10	5.80191e-07	63.2483	113.844	18.5932	87.73	37.8994	22.3311	101.203	3.71686	1.24904e-07	3.23641	25.4777	40.1768	29.1395	1.62518	2.25382e-08	46.9918	291.352	3.74608e-11	5.5132e-08	0	95.354	387.788	227.781	32.9482	70.7061	8.85766e-09	75.8132	8.92277e-06	0	0	7.13127e-09	2.53368e-07	1.28439e-08	8.47605e-09	6.85532e-08	2.47534e-06	0	6.40804	1.32427	66.7003	4.01688e-06	0	0	5.69749e-07	0	0	9.45022e-06	0.958861	0	0	2.90892	11.778	10.4726	8.31982	8.04582	0.213675	5.58529e-07	0	9.03328	0	140.036	0	0.000372021	0	2.5272	3.23667e-09	0	8.90668e-10	0	0	
1.185	4.41343e-09	1.24529e-07	7.99383	4.90908	8.74826e-10	1.03123e-07	131.871	223.794	1.09951e-10	0	61.9038	112.032	16.8565	89.5915	20.5529	13.9558	164.077	3.04609	1.11571e-07	3.4291	25.5147	40.47	29.8624	2.62719	2.15789e-08	49.7209	302.255	0	5.41798e-08	0	127.753	305.04	285.58	31.82	66.1466	7.32644e-08	71.9537	2.70776e-06	0	7.77175e-05	2.39514e-09	2.403e-07	4.01325e-08	7.79909e-09	6.18422e-08	2.59393e-06	0	3.9974	1.37205	66.6656	0	0	0	3.96597e-07	3.76849e-05	0	0.00160612	0	0	0	2.50128	11.0901	9.41765	8.60567	10.0893	1.0044	7.69891e-08	0	10.8329	0	150.756	0	0.00458791	0	7.59913	1.664e-09	0	5.85191e-09	0	0	
1.19	2.05072e-09	1.35805e-07	12.6675	6.02352	1.85589e-09	5.91656e-08	101.868	257.471	1.20959e-10	5.71739e-08	60.7238	110.423	14.9559	90.8134	11.7538	9.30856	211.595	2.69023	9.68369e-08	3.57343	25.6436	40.8751	30.6936	4.05255	2.06295e-08	52.1187	312.203	2.3919e-05	5.31847e-08	0	154.563	227.581	347.52	29.9059	62.9216	0	68.6874	1.5616e-07	0.0104416	0.00502586	4.92795e-10	2.25187e-07	2.83858e-09	7.03384e-09	5.40334e-08	2.76634e-06	0	2.47774	1.42393	66.6631	4.1022e-08	6.66711e-07	0	2.67824e-07	0.0149678	0.0238077	0.00429024	0.000712624	0.00174403	0.000813243	2.01358	10.2458	8.19903	8.91933	11.7905	1.51085	1.81633e-09	0.00268147	12.3774	0	155.121	0.00535136	0	0	14.3365	7.19602e-10	0	0	0	0	
1.195	6.08261e-10	1.47303e-07	17.332	7.21881	2.92968e-09	3.04916e-09	73.5905	267.337	1.623e-10	3.34659e-09	59.7165	109.03	12.9232	91.3339	7.14381	6.41872	235.402	2.54085	8.12909e-08	3.70115	25.8506	41.3852	31.6308	5.50442	1.96742e-08	54.1344	320.975	4.6921e-06	5.2132e-08	0	170.836	165.293	402.767	27.2247	60.9009	1.32393e-09	66.0196	0	0	0	1.62183e-06	2.07756e-07	8.29913e-08	6.2563e-09	4.66499e-08	1.32807e-06	0	1.52125	1.48011	66.694	0	0	0	1.74295e-07	0	0	0	0	0.000475676	0.000643256	1.45391	9.25267	6.83218	9.26593	12.8302	1.63513	2.32234e-08	0.000396952	13.4589	0	152.706	0.00825035	0.000783121	2.9753e-07	19.9857	2.24322e-10	0	1.10128e-08	0	0	
1.2	0	1.58949e-07	20.9962	8.03639	3.93296e-09	4.4974e-08	50.8136	261.361	2.51367e-10	0	58.8859	107.857	10.7979	91.0291	4.61194	4.52286	242.613	2.52688	6.55624e-08	3.81101	26.132	41.9967	32.6723	6.67732	1.86498e-08	55.7252	328.386	0	5.10024e-08	0	179.777	116.117	444.623	23.827	59.8273	7.96838e-06	63.9415	0	0	0	3.1601e-07	1.8795e-07	6.71644e-08	5.51084e-09	4.00284e-08	9.50283e-09	0	0.922235	1.54093	66.7597	1.50754e-09	0	0	1.08279e-07	0.00173724	0.0026693	0	0.0029063	0.000230857	0.000284547	0.835865	8.12235	5.34361	9.60721	12.8863	1.56296	2.06017e-07	9.38564e-05	13.7772	0	140.716	0	0.00422441	2.75205e-07	22.5168	1.07758e-05	0	0	0	0	
1.205	1.82525e-10	1.70668e-07	23.0218	8.18588	4.7189e-09	5.05879e-07	33.4918	239.276	4.22711e-10	2.28972e-07	58.2314	106.905	8.62995	89.9459	3.16737	3.22937	237.282	2.60245	5.02945e-08	3.90052	26.4844	42.7099	33.8185	7.36665	1.73968e-08	56.8656	334.299	0	4.97839e-08	0	185.147	77.4561	473.564	19.8138	59.4599	0	62.4317	0	0.000848533	0.000512159	1.53922e-07	1.65961e-07	9.43299e-08	4.81495e-09	3.3983e-08	4.28184e-08	0	0.54517	1.60674	66.861	0	0	0	6.33049e-08	0.00585867	0.0103239	0.00151416	0.00109691	0	3.09737e-05	0.19056	6.87469	3.77483	9.86594	11.6059	1.43826	5.15846e-07	0	12.9567	0	122.188	0	0	4.29262e-09	21.088	1.56018e-06	0	0	0	0	
1.21	1.14371e-09	1.82378e-07	23.1143	7.57605	5.14564e-09	8.9439e-08	20.5258	196.091	7.39282e-10	8.304e-07	57.7486	106.169	6.47785	88.0596	2.29728	2.26941	220.934	2.73804	3.61218e-08	3.97114	26.9083	43.5229	35.0689	7.46363	1.56383e-08	57.5472	338.628	0	4.84701e-08	0	188.982	47.9875	491.266	15.3432	59.6438	1.40652e-07	61.4569	3.05856e-09	0.00344262	0.00181538	0	5.91501e-06	2.0281e-09	4.18016e-09	2.83959e-08	7.34603e-08	0	22.8794	1.67783	66.9987	5.12231e-10	0	0	3.40197e-08	0.000343352	0	0.0016772	0.00051089	0	0	2.61261e-05	5.53421	2.19308	9.88673	9.54801	1.30621	8.86893e-07	0	11.131	0	104.383	0.00159101	0	0	16.4457	4.44092e-07	0	6.15836e-06	0	0	
1.215	2.88169e-09	1.93998e-07	21.2789	6.26984	5.06997e-09	3.71586e-08	11.0507	141.29	1.30189e-09	6.02192e-07	57.4291	105.637	4.4143	85.4178	1.72041	1.4891	195.613	2.91473	2.36423e-08	4.02805	27.4029	44.4357	36.4226	6.93558	1.30657e-08	57.7798	341.34	1.26085e-07	4.70569e-08	0	192.006	26.5362	497.338	10.6372	60.2938	8.99239e-09	60.9736	2.31792e-09	0.00252375	0.00160275	2.80185e-07	0.286207	4.53747e-09	3.60906e-09	2.32365e-08	5.62038e-08	0	71.7019	1.75425	67.1734	0	0	0	1.60688e-08	0	0	0.000817676	5.08268e-06	0	0	0	4.13153	0.714981	9.81047	7.61499	1.16992	1.24216e-06	0	9.19393	0	90.878	0	0	0	10.8474	2.68541e-07	0	0	0	0	
1.22	5.39297e-09	2.05437e-07	17.7881	4.45852	4.34607e-09	1.22821e-08	4.54229	93.5947	2.21757e-09	4.83231e-08	57.2611	105.295	2.52691	82.048	1.2947	0.822184	171.837	3.11758	1.33902e-08	4.07334	27.9657	45.444	37.8757	5.83185	9.58782e-09	57.5873	342.465	0	4.55487e-08	3.79383e-09	193.579	12.0426	479.993	6.00542	61.3529	7.52694e-08	60.9316	1.18767e-09	0.000834642	0.000624198	0	11.0418	5.94538e-10	3.10077e-09	1.85253e-08	1.14299e-08	0	128.949	1.83625	67.3848	0	0	0	5.96884e-09	0.000125266	0	0.000221085	0	0	0	0.000403434	2.71013	0	9.83396	6.1692	1.02868	1.51633e-06	0	7.69106	0	81.6832	0.00612553	0.000316974	0	6.20675	3.3118e-07	1.25825e-05	6.69937e-08	0	0	
1.225	8.67085e-09	2.16598e-07	13.1472	2.45126	2.88046e-09	1.86719e-08	0.574175	56.9822	3.47215e-09	0	57.2299	105.123	0.934409	78.0788	0.954666	0.255772	164.346	3.33414	5.80504e-09	4.10907	28.5936	46.5437	39.4257	4.32977	5.66658e-09	57.008	342.09	0	4.39541e-08	1.04868e-07	192.852	3.16683	422.367	1.88604	62.7702	5.55278e-08	61.2725	7.0053e-10	0	1.1718e-05	4.93123e-09	11.3898	2.06684e-10	2.64594e-09	1.47538e-08	9.82617e-09	0	188.779	1.92366	67.6326	0	8.08921e-07	0	0	0.000609491	0.0013992	0	0	0	0	0.00103607	1.34801	0	10.0144	5.18235	0.886214	1.66717e-06	0	6.66681	0	75.8039	0.00405262	0.000630979	0	3.17575	3.33549e-07	0	0	0	0	
1.23	1.27062e-08	2.27379e-07	8.28745	0.705032	9.04111e-10	5.75748e-08	0	53.1246	1.57159e-11	3.73467e-08	57.3179	105.097	0	73.6377	11.0313	0	157.345	3.55513	1.23527e-09	4.25753	29.2812	47.7269	41.0629	2.76186	2.33534e-09	56.0953	340.353	2.18338e-08	4.22886e-08	0	186.214	0	335.864	0	64.4984	3.28741e-08	61.931	7.06901e-10	0	0	0	10.7665	1.02135e-06	2.23517e-09	1.0857e-08	1.07924e-07	0	237.896	2.01613	67.9154	0	0	1.48941e-05	1.93681e-05	0.000285176	0.000812326	0	0	0	0	0.00046181	0.151053	0	10.3327	4.54123	0.748626	1.68029e-06	0	6.00501	0	72.1388	0.00135157	0.000304995	0	1.52032	3.31626e-07	7.73654e-08	5.77679e-09	0	0	
1.235	1.7487e-08	2.37658e-07	4.3229	0	1.90824e-10	6.43441e-08	0	58.1374	9.50782e-11	0	57.5047	105.189	0	68.8737	34.2765	0	129.587	3.76981	0	4.72272	30.0211	48.9836	42.7804	1.51202	5.07965e-10	54.9166	337.444	1.76392e-05	4.05718e-08	0.00718574	167.881	0	243.605	0	66.4941	7.36307e-09	62.8374	8.91778e-10	0	0	6.44131e-09	11.5693	0	1.85679e-09	7.53886e-09	2.46287e-09	0	280.365	2.11329	68.2309	0	1.15075e-08	9.19232e-06	3.25622e-05	0	9.33614e-05	0	0	4.4005e-07	0	8.29635e-05	0	0.00281104	10.7587	4.14771	0.621134	1.56786e-06	3.04235e-07	5.59415	0	69.8902	0	8.91491e-06	0	0.648862	3.22088e-07	0	9.36155e-07	0	0	
1.24	2.29992e-08	2.473e-07	1.62166	0	9.07101e-09	7.10458e-08	0.00717641	52.5685	5.10652e-10	0	57.7679	105.371	0	63.9461	41.3746	0	83.0898	3.96993	1.8013e-09	6.1619	30.8038	50.3016	44.5646	0.675037	2.71251e-11	53.5489	333.59	0	3.88226e-08	0	138.56	0	159.736	0	72.2125	6.33966e-10	63.9171	1.10793e-09	0	0	1.0844e-08	12.4823	2.80814e-08	1.50213e-09	4.79735e-09	8.88165e-08	0	315.196	2.21427	68.5763	0	0	3.24335e-06	3.04382e-05	0	0	0	1.0558e-06	5.92296e-06	0	0	0	0.00109894	11.2662	3.92197	0.507755	1.36164e-06	0	5.34522	0	68.5264	0	0	0	0.17553	3.11676e-07	0	0	0.0785986	0	
1.245	2.92274e-08	2.56157e-07	0.022287	0	4.92862e-08	7.74906e-08	0.00486205	38.4881	3.0759e-09	7.25005e-07	58.0834	105.61	0.000465553	59.0227	29.896	0	40.8376	4.1458	6.54081e-09	8.71242	31.6193	51.6654	46.4042	0.161158	0	52.0752	329.052	9.36737e-06	3.70629e-08	0.000559179	130.873	0.0165752	98.8127	0	86.0764	4.60941e-11	65.0898	1.32e-09	0	0	2.06889e-08	12.9044	3.09021e-09	1.16513e-09	2.6631e-09	1.26175e-09	0	341.985	2.31805	68.9476	0	0	0	1.90494e-05	0	0	0	0	2.78517e-07	0	0	0.00249682	0.000165821	11.8317	3.80397	0.411419	1.10324e-06	0	5.19078	0	67.6989	0	0	0	0	2.99443e-07	0	1.23084e-08	0	0	
1.25	3.61534e-08	2.64068e-07	0	0.0032182	1.43777e-07	8.11195e-08	0.0279959	24.5368	9.31076e-11	3.96508e-08	58.4257	105.872	0.00399303	54.2589	16.3186	4.17206	14.9849	4.29097	1.44289e-08	8.76595	32.454	53.0597	48.2815	0	0	50.5806	324.107	0	3.53168e-08	0.00183819	147.345	1.31478e-09	56.7904	0.0141879	106.325	2.73238e-07	66.2742	1.53198e-09	0	0	3.37731e-08	13.0729	0	8.46257e-10	1.14387e-09	4.96528e-09	0	362.121	2.4234	69.3396	8.68319e-07	0	0	6.53107e-06	0	0	0	0	1.10928e-07	0	0	0.00175382	0	12.4338	3.749	0.334162	8.34855e-07	1.34076e-06	5.07854	0	67.1893	0	0	0	0	2.84923e-07	0	0	0.00642548	0	
1.255	4.37568e-08	5.69825e-09	0	0.000861944	5.2426e-08	8.15774e-08	0	15.1033	2.69118e-09	4.40308e-08	58.7683	106.124	0.00026674	49.8564	8.43128	4.26126	3.93715	4.39762	2.56903e-08	7.18011	33.2938	54.4645	50.1796	0	5.06001e-08	49.1487	319.041	1.10994e-07	3.36002e-08	0.00164242	169.195	0.105176	31.2874	2.15573e-05	128.695	4.64891e-08	67.3844	1.75094e-09	0	0	5.00787e-08	13.1331	1.09489e-08	5.53387e-10	2.51911e-10	2.72549e-09	0	377.02	2.52885	69.7469	0	0	0	1.30068e-08	0	0	0	0	0	0	0	0.000611325	0	13.0552	3.72879	0.277419	5.90506e-07	0	4.97482	0	66.8645	0	0	0	0	2.67314e-07	0	2.33e-09	0.208471	0	
