time,addbrev_r,addlong_r,addmagDist_r,addmagIsch_r,addmagMid_r,addmagProx_r,bflh_r,bfsh_r,edl_r,ehl_r,fdl_r,fhl_r,gaslat_r,gasmed_r,glmax1_r,glmax2_r,glmax3_r,glmed1_r,glmed2_r,glmed3_r,glmin1_r,glmin2_r,glmin3_r,grac_r,iliacus_r,perbrev_r,perlong_r,piri_r,psoas_r,recfem_r,sart_r,semimem_r,semiten_r,soleus_r,tfl_r,tibant_r,tibpost_r,vasint_r,vaslat_r,vasmed_r,addbrev_l,addlong_l,addmagDist_l,addmagIsch_l,addmagMid_l,addmagProx_l,bflh_l,bfsh_l,edl_l,ehl_l,fdl_l,fhl_l,gaslat_l,gasmed_l,glmax1_l,glmax2_l,glmax3_l,glmed1_l,glmed2_l,glmed3_l,glmin1_l,glmin2_l,glmin3_l,grac_l,iliacus_l,perbrev_l,perlong_l,piri_l,psoas_l,recfem_l,sart_l,semimem_l,semiten_l,soleus_l,tfl_l,tibant_l,tibpost_l,vasint_l,vaslat_l,vasmed_l,quad_fem_r,obt_internus1_r,obt_internus2_r,obt_internus3_r,obt_externus1_r,obt_externus2_r,obt_externus3_r,gemelli_sup_r,gemelli_inf_r,pect_r,quad_fem_l,obt_internus1_l,obt_internus2_l,obt_internus3_l,obt_externus1_l,obt_externus2_l,obt_externus3_l,gemelli_sup_l,gemelli_inf_l,pect_l,
-0,0.768191,0.548305,0.538475,0.208923,0.670645,0.88742,-0.67584,0.399922,0.275442,0.307555,0.288764,0.304509,0.585129,0.647654,0.830541,0.787699,0.73675,0.560613,0.486627,0.499419,0.881316,0.83337,-0.403975,0.709704,1.15135,1.29458,1.33073,-1.21035,1.04703,0.342573,1.03388,-1.43603,0.273672,0.400098,0.878146,0.237904,0.281434,0.47425,0.567437,0.651015,0.907154,0.618083,0.502208,-0.102829,0.568025,0.720207,-1.00494,0.5869,0.312293,0.467814,1.34518,0.557563,-1.70116,-2.2255,0.814874,0.901136,0.643106,0.691958,0.357769,0.484868,0.945782,0.410686,-0.307133,0.51362,0.869566,1.35647,1.40537,-1.51348,1.07664,0.35167,1.25664,-1.72989,-0.404044,-0.198583,0.0754516,0.229535,0.495565,0.334771,0.277255,0.414497,0.649971,0.506261,0.381517,0.332162,0.804825,0.716034,1.34902,0.46349,0.434166,0.703068,0.320864,0.320635,0.261702,0.25248,0.763688,0.650387,0.798372,0.365562,0.282696,0.796967,
0.005,0.768169,0.548298,0.538476,0.208923,0.670643,0.887321,-0.67584,0.399922,0.275442,0.307555,0.288764,0.304509,0.585046,0.64758,0.830204,0.787682,0.73676,0.560613,0.486627,0.499419,0.881315,0.833365,-0.403975,0.709642,1.1513,1.29456,1.3307,-1.21035,1.04695,0.342573,1.03378,-1.43584,0.273672,0.400098,0.877232,0.237904,0.281434,0.47425,0.567427,0.651013,0.907139,0.618032,0.502208,-0.102829,0.567986,0.720204,-1.00494,0.586243,0.312293,0.467814,1.34509,0.557355,-1.70096,-2.2253,0.814817,0.901074,0.642991,0.69195,0.357769,0.484868,0.945781,0.410686,-0.307133,0.51357,0.869543,1.35644,1.40527,-1.51348,1.07658,0.35167,1.25664,-1.72969,-0.404044,-0.198583,0.0754516,0.229535,0.49546,0.334771,0.277255,0.414497,0.649913,0.506258,0.381517,0.332162,0.804827,0.716069,1.34901,0.463555,0.434378,0.703048,0.320864,0.320635,0.261702,0.25248,0.763676,0.650485,0.798373,0.365562,0.282696,0.796959,
0.01,0.768036,0.548217,0.538309,0.208812,0.670375,0.88718,-0.675933,0.400096,0.275465,0.307701,0.289041,0.304657,0.584955,0.647439,0.829955,0.787672,0.736592,0.560782,0.486733,0.499469,0.881413,0.833548,-0.403628,0.709537,1.15138,1.29434,1.33053,-1.21005,1.04699,0.342567,1.03381,-1.43565,0.273592,0.400004,0.876633,0.23807,0.281781,0.474243,0.567335,0.650926,0.907319,0.61814,0.50234,-0.102713,0.568157,0.720338,-1.00485,0.585709,0.312258,0.46776,1.34497,0.557234,-1.70077,-2.2251,0.814855,0.901131,0.643044,0.69193,0.357605,0.484748,0.945638,0.410579,-0.307415,0.513539,0.869526,1.35643,1.40521,-1.51371,1.07663,0.351657,1.2566,-1.7295,-0.403983,-0.198489,0.0753149,0.229499,0.495361,0.334856,0.277303,0.41451,0.649855,0.506274,0.381575,0.332196,0.804846,0.716104,1.34901,0.463621,0.434587,0.702981,0.320935,0.320644,0.261724,0.252475,0.763712,0.650581,0.798444,0.365567,0.282749,0.797077,
0.015,0.767902,0.548107,0.538123,0.20869,0.670091,0.887004,-0.676027,0.400186,0.275488,0.3078,0.289144,0.304757,0.584865,0.64722,0.829819,0.787656,0.736401,0.560846,0.486809,0.499522,0.881538,0.833835,-0.403443,0.709395,1.15149,1.29409,1.33032,-1.20986,1.04705,0.342562,1.03386,-1.43582,0.273511,0.399909,0.87635,0.238181,0.281886,0.473966,0.567204,0.650805,0.907517,0.618308,0.502395,-0.102592,0.568382,0.720487,-1.00477,0.58533,0.312223,0.467706,1.34499,0.557203,-1.70058,-2.22491,0.814923,0.901216,0.643156,0.69149,0.357427,0.484615,0.9455,0.410444,-0.307738,0.513534,0.869505,1.35672,1.4052,-1.51395,1.07673,0.351644,1.25655,-1.72931,-0.403922,-0.198396,0.0751763,0.229463,0.495265,0.334943,0.277351,0.414524,0.649798,0.506303,0.381638,0.332232,0.804875,0.716136,1.34903,0.463686,0.434788,0.702914,0.321075,0.320654,0.261745,0.25247,0.763779,0.650674,0.798533,0.365572,0.282816,0.797203,
0.02,0.767801,0.547984,0.537947,0.208564,0.669794,0.886874,-0.676122,0.400279,0.275509,0.307901,0.289248,0.304857,0.584758,0.646944,0.829764,0.787625,0.736212,0.560915,0.486887,0.499576,0.881672,0.834187,-0.403222,0.709244,1.15163,1.29382,1.33014,-1.20967,1.04712,0.342552,1.03394,-1.4359,0.273434,0.399816,0.876333,0.238296,0.281994,0.473712,0.567048,0.65066,0.907726,0.6185,0.502471,-0.102472,0.568621,0.720628,-1.00468,0.585095,0.312189,0.467653,1.34497,0.557205,-1.70039,-2.22473,0.814967,0.901251,0.643293,0.691053,0.357249,0.48448,0.945371,0.410289,-0.308082,0.513554,0.869492,1.3569,1.40527,-1.51417,1.07681,0.351631,1.25651,-1.72912,-0.403861,-0.198305,0.0750413,0.229428,0.495178,0.335028,0.277398,0.414537,0.649742,0.506351,0.381702,0.332269,0.804875,0.716164,1.34901,0.463749,0.434975,0.702865,0.321244,0.320664,0.261767,0.252467,0.763849,0.650761,0.798618,0.365578,0.282892,0.797326,
0.025,0.767691,0.547854,0.537785,0.208441,0.669524,0.886734,-0.6762,0.400375,0.27553,0.308003,0.289355,0.304958,0.584642,0.646632,0.829767,0.78758,0.736033,0.56099,0.486968,0.499631,0.881805,0.834553,-0.402957,0.709079,1.15176,1.29358,1.32998,-1.20948,1.04717,0.342548,1.03402,-1.43598,0.273362,0.399727,0.876526,0.238416,0.282105,0.473484,0.566888,0.650509,0.907922,0.618692,0.502568,-0.102357,0.568856,0.720758,-1.0046,0.584977,0.312156,0.467604,1.34493,0.557219,-1.7002,-2.22454,0.814979,0.901239,0.643436,0.690625,0.357078,0.484349,0.94523,0.410123,-0.308435,0.513595,0.869474,1.35699,1.40535,-1.51439,1.07686,0.351617,1.25647,-1.72894,-0.4038,-0.198218,0.0749119,0.229395,0.495097,0.335109,0.277444,0.41455,0.649687,0.506404,0.381764,0.332304,0.804874,0.716187,1.34899,0.463812,0.435148,0.702803,0.321417,0.320675,0.261789,0.252465,0.763915,0.650842,0.798699,0.365587,0.282973,0.797442,
0.03,0.767582,0.547727,0.53763,0.208321,0.669269,0.886522,-0.676278,0.400474,0.275549,0.308106,0.289464,0.305059,0.584515,0.646298,0.829803,0.787532,0.735866,0.561072,0.487051,0.499688,0.881936,0.834911,-0.402647,0.708898,1.15188,1.29332,1.32985,-1.20929,1.04714,0.342541,1.03411,-1.43605,0.273295,0.399644,0.876855,0.238538,0.28222,0.473278,0.566728,0.650358,0.908098,0.618873,0.502682,-0.102244,0.569084,0.720871,-1.00452,0.584949,0.312125,0.467556,1.3449,0.55723,-1.70001,-2.22436,0.814967,0.901188,0.643579,0.69021,0.356917,0.484226,0.945066,0.409951,-0.308791,0.513651,0.869433,1.35697,1.40538,-1.51459,1.07688,0.351603,1.25643,-1.72892,-0.403738,-0.198136,0.0747887,0.229364,0.495022,0.335188,0.277488,0.414562,0.649634,0.506459,0.381823,0.332339,0.804866,0.716206,1.34897,0.463872,0.435304,0.702738,0.321587,0.320687,0.261811,0.252466,0.763957,0.650915,0.798764,0.365599,0.283056,0.797547,
0.035,0.767462,0.547603,0.537493,0.208209,0.669045,0.886343,-0.676347,0.400575,0.275567,0.308209,0.289575,0.305161,0.584383,0.645965,0.829859,0.787486,0.735715,0.561162,0.487135,0.499747,0.882063,0.835257,-0.402303,0.708711,1.15196,1.2931,1.32972,-1.20909,1.04707,0.342531,1.0342,-1.43611,0.273236,0.399566,0.87726,0.238663,0.282337,0.473092,0.566573,0.650214,0.908247,0.619031,0.502807,-0.102137,0.569298,0.720976,-1.00445,0.584985,0.312096,0.467512,1.34491,0.557236,-1.69983,-2.22418,0.814943,0.90113,0.643715,0.689817,0.356771,0.484115,0.944888,0.40978,-0.309139,0.513716,0.869384,1.35693,1.40538,-1.51476,1.07689,0.35159,1.25639,-1.7289,-0.403678,-0.19806,0.0746739,0.229335,0.494952,0.335262,0.277529,0.414573,0.649582,0.506513,0.381878,0.332372,0.804867,0.716218,1.34895,0.46393,0.43544,0.702666,0.321748,0.3207,0.261833,0.252469,0.764004,0.650979,0.798828,0.365613,0.283138,0.797641,
0.04,0.767346,0.547483,0.537366,0.208106,0.66884,0.886197,-0.676408,0.400677,0.275584,0.308313,0.289687,0.305263,0.584246,0.645654,0.829928,0.787448,0.73558,0.561259,0.487221,0.499806,0.882185,0.835588,-0.401936,0.708524,1.15201,1.29291,1.32958,-1.20889,1.04701,0.342522,1.03428,-1.43617,0.273183,0.399496,0.877695,0.238788,0.282456,0.472927,0.56643,0.650081,0.90838,0.619167,0.502938,-0.102036,0.569496,0.721073,-1.00437,0.585067,0.312069,0.467472,1.34492,0.557238,-1.69964,-2.224,0.814919,0.901075,0.643842,0.689452,0.356642,0.484019,0.944701,0.409614,-0.309475,0.513785,0.86934,1.3569,1.40539,-1.51492,1.07689,0.351575,1.25635,-1.72888,-0.403616,-0.19799,0.074567,0.229309,0.494886,0.335332,0.277568,0.414584,0.649529,0.506563,0.381928,0.332404,0.804869,0.716224,1.34893,0.463989,0.43556,0.702601,0.321899,0.320714,0.261855,0.252476,0.764048,0.651037,0.798888,0.365631,0.283216,0.797723,
0.045,0.767229,0.547373,0.537282,0.208013,0.668714,0.886183,-0.67649,0.400779,0.275599,0.308416,0.2898,0.305365,0.584165,0.645419,0.830001,0.787413,0.735454,0.561364,0.48731,0.49987,0.882306,0.835927,-0.401556,0.708375,1.15205,1.29284,1.32957,-1.20869,1.04697,0.342549,1.03436,-1.43625,0.273116,0.39943,0.878132,0.238914,0.282578,0.472808,0.56631,0.649971,0.908524,0.619297,0.503071,-0.101938,0.569681,0.721187,-1.00429,0.585186,0.312044,0.467435,1.34517,0.557308,-1.69968,-2.22382,0.814889,0.901012,0.643962,0.689121,0.35653,0.483941,0.944519,0.409454,-0.309793,0.513856,0.869315,1.35729,1.40573,-1.51507,1.0769,0.351541,1.25632,-1.72883,-0.403532,-0.197924,0.0744611,0.229284,0.49482,0.335381,0.277597,0.414592,0.649478,0.506625,0.381975,0.332436,0.804943,0.716223,1.34898,0.464045,0.435658,0.702527,0.322042,0.32073,0.261879,0.252485,0.764187,0.651085,0.799011,0.365652,0.28329,0.797794,
0.05,0.767123,0.547261,0.537196,0.207932,0.668558,0.886028,-0.676575,0.400878,0.275614,0.30852,0.289915,0.305466,0.584089,0.645194,0.830076,0.787385,0.735345,0.561478,0.4874,0.499935,0.882423,0.836234,-0.401173,0.708229,1.15207,1.29267,1.32949,-1.20848,1.0469,0.342591,1.03443,-1.43633,0.273048,0.399371,0.878539,0.239038,0.282701,0.472732,0.566213,0.649879,0.908641,0.619407,0.503203,-0.101845,0.56985,0.72127,-1.0042,0.58533,0.312021,0.467402,1.34527,0.557384,-1.69963,-2.22364,0.814858,0.90095,0.644072,0.688834,0.356438,0.483881,0.944348,0.409305,-0.310088,0.513927,0.869271,1.35739,1.40588,-1.51518,1.07689,0.351496,1.25629,-1.72878,-0.403435,-0.197866,0.0743608,0.229263,0.494754,0.335416,0.277618,0.414597,0.649435,0.506679,0.382016,0.332466,0.804966,0.716216,1.34896,0.46409,0.435722,0.702461,0.322175,0.320748,0.261903,0.2525,0.764225,0.651117,0.79907,0.365676,0.283359,0.797853,
0.055,0.767048,0.54717,0.537123,0.207871,0.668429,0.886021,-0.676536,0.40098,0.275624,0.308621,0.290029,0.305567,0.584013,0.645019,0.830152,0.787372,0.735268,0.561596,0.487491,0.499996,0.882523,0.836506,-0.40081,0.70815,1.15207,1.29256,1.32936,-1.20828,1.04696,0.34249,1.0345,-1.43627,0.273074,0.399327,0.878858,0.239159,0.282825,0.472562,0.566059,0.649713,0.908725,0.619497,0.503327,-0.101771,0.569987,0.721358,-1.00416,0.58545,0.312003,0.467377,1.34544,0.557483,-1.69962,-2.22347,0.814835,0.900904,0.644162,0.688623,0.356377,0.483848,0.944197,0.409171,-0.310337,0.513989,0.869263,1.35746,1.40597,-1.51526,1.07692,0.351526,1.25626,-1.72879,-0.403429,-0.197823,0.0743028,0.229247,0.494697,0.335508,0.277667,0.414612,0.649386,0.506723,0.382047,0.332492,0.804991,0.716202,1.34896,0.464141,0.435778,0.702428,0.322286,0.320765,0.261925,0.252515,0.764286,0.651147,0.79914,0.365702,0.283418,0.797903,
0.06,0.766968,0.547065,0.537031,0.207816,0.668258,0.885858,-0.676601,0.401078,0.275636,0.308722,0.290143,0.305667,0.583907,0.644809,0.830229,0.787368,0.7352,0.561722,0.487584,0.500063,0.882623,0.83675,-0.400455,0.708036,1.15207,1.29239,1.32922,-1.20808,1.04696,0.342528,1.03455,-1.43633,0.273022,0.399281,0.879135,0.239278,0.28295,0.472501,0.56596,0.649616,0.908797,0.619571,0.503446,-0.101691,0.570115,0.721412,-1.00408,0.585592,0.311986,0.467352,1.34535,0.557532,-1.69958,-2.2233,0.814833,0.900891,0.644254,0.688448,0.356325,0.483827,0.944056,0.409049,-0.310543,0.51405,0.869232,1.35725,1.40579,-1.51533,1.07691,0.351476,1.25624,-1.72873,-0.403327,-0.19778,0.0742198,0.229232,0.494638,0.335532,0.277681,0.414615,0.649338,0.506755,0.382077,0.332519,0.804952,0.71618,1.34889,0.464189,0.43581,0.702377,0.322394,0.320786,0.261951,0.252537,0.764249,0.651167,0.799133,0.365732,0.283472,0.797949,
0.065,0.766893,0.546938,0.53694,0.207771,0.66809,0.885687,-0.676634,0.401175,0.275647,0.308822,0.290258,0.305767,0.583791,0.644542,0.830305,0.78738,0.735148,0.561853,0.487678,0.500134,0.882717,0.836973,-0.400115,0.707901,1.15208,1.29229,1.32915,-1.20788,1.04689,0.342537,1.0346,-1.43635,0.272995,0.399243,0.879354,0.239393,0.283075,0.472448,0.565872,0.649521,0.908855,0.619629,0.503559,-0.101616,0.570224,0.721412,-1.004,0.585736,0.311972,0.467333,1.34491,0.557479,-1.69956,-2.22342,0.814856,0.900922,0.644343,0.688318,0.356293,0.483824,0.943928,0.40894,-0.310694,0.514106,0.869175,1.35685,1.40549,-1.51537,1.07682,0.351439,1.25621,-1.72867,-0.40324,-0.197746,0.0741503,0.229219,0.494569,0.335562,0.277699,0.41462,0.64929,0.50678,0.382102,0.332544,0.804865,0.716153,1.34879,0.464234,0.435821,0.702319,0.322493,0.32081,0.261979,0.252562,0.764167,0.651178,0.799067,0.365766,0.283518,0.797974,
0.07,0.766819,0.546825,0.53688,0.207738,0.667986,0.885581,-0.676644,0.401268,0.275656,0.308919,0.290372,0.305865,0.583696,0.644291,0.830381,0.787399,0.735115,0.56199,0.487774,0.500206,0.882807,0.837188,-0.399793,0.707753,1.15208,1.29223,1.32911,-1.20768,1.04678,0.342523,1.03464,-1.43635,0.272989,0.399211,0.879513,0.239504,0.2832,0.472388,0.565781,0.649417,0.908908,0.619671,0.503664,-0.101548,0.570314,0.721416,-1.00393,0.585871,0.31196,0.467318,1.34461,0.557391,-1.69954,-2.22341,0.814905,0.900998,0.64443,0.688231,0.356281,0.48384,0.943808,0.408844,-0.310791,0.514154,0.86912,1.35675,1.40542,-1.51539,1.07672,0.351412,1.25619,-1.72862,-0.403164,-0.19772,0.0740921,0.22921,0.49449,0.335599,0.277719,0.414626,0.649244,0.506808,0.38212,0.332568,0.804819,0.71612,1.34873,0.464274,0.435813,0.702266,0.322583,0.320836,0.262007,0.252592,0.764162,0.65118,0.799048,0.365806,0.283554,0.797983,
0.075,0.766778,0.546721,0.536826,0.207716,0.667889,0.885512,-0.676634,0.401361,0.275665,0.309015,0.290485,0.305894,0.583616,0.64405,0.830458,0.787429,0.735095,0.56213,0.48787,0.500277,0.882889,0.837368,-0.399492,0.707615,1.1521,1.29216,1.32909,-1.20748,1.04675,0.342495,1.03467,-1.43633,0.272997,0.399185,0.879617,0.239611,0.283324,0.47233,0.565689,0.649309,0.908951,0.619699,0.503761,-0.101487,0.570384,0.721416,-1.00388,0.585996,0.311953,0.467309,1.3443,0.557274,-1.69953,-2.22341,0.814976,0.901109,0.644513,0.688183,0.356286,0.483871,0.943688,0.408766,-0.310845,0.514194,0.869082,1.35651,1.40528,-1.51539,1.07662,0.351392,1.25616,-1.72858,-0.403097,-0.197703,0.0740457,0.229205,0.494406,0.335637,0.27774,0.414632,0.649201,0.506827,0.382134,0.332589,0.804769,0.716083,1.34866,0.464311,0.435789,0.702235,0.322663,0.320863,0.262036,0.252624,0.764119,0.651176,0.799008,0.36585,0.283573,0.797985,
0.08,0.766768,0.546626,0.536787,0.207702,0.667817,0.885612,-0.676614,0.40145,0.275672,0.30901,0.290597,0.305914,0.583557,0.643859,0.830533,0.787466,0.73509,0.562272,0.487967,0.500347,0.882963,0.837533,-0.399212,0.707542,1.15215,1.29216,1.32907,-1.20729,1.04688,0.342461,1.03469,-1.43629,0.273014,0.399164,0.879678,0.239714,0.283447,0.472278,0.565602,0.649206,0.909007,0.619733,0.503851,-0.101433,0.570435,0.721435,-1.00382,0.586109,0.311948,0.467304,1.34399,0.557156,-1.69953,-2.2234,0.815064,0.901248,0.644594,0.688167,0.356305,0.483913,0.943575,0.408715,-0.310867,0.514226,0.869096,1.35619,1.40517,-1.51537,1.07655,0.351376,1.25614,-1.72854,-0.403036,-0.197693,0.0740081,0.229202,0.494321,0.335674,0.27776,0.414638,0.649159,0.506842,0.382142,0.332607,0.80474,0.716044,1.34862,0.464343,0.435752,0.702223,0.322733,0.320892,0.262065,0.252659,0.764104,0.651167,0.798987,0.365899,0.283577,0.79799,
0.085,0.766736,0.546556,0.536762,0.207696,0.667775,0.885555,-0.676592,0.401538,0.27568,0.309034,0.290708,0.305925,0.583512,0.643728,0.830608,0.78751,0.735095,0.562416,0.488063,0.500415,0.88303,0.837673,-0.398954,0.707492,1.15217,1.29212,1.32907,-1.2071,1.04693,0.342433,1.03471,-1.43625,0.273032,0.399148,0.87971,0.239715,0.283568,0.472243,0.565529,0.649119,0.909033,0.619756,0.503933,-0.101385,0.570471,0.721451,-1.00377,0.586216,0.311946,0.467302,1.34387,0.557064,-1.69953,-2.2234,0.815162,0.901404,0.644672,0.688174,0.356334,0.483964,0.943449,0.408697,-0.310865,0.514252,0.869091,1.35604,1.40515,-1.51533,1.07651,0.351357,1.25611,-1.72849,-0.402973,-0.19769,0.0739771,0.229201,0.494239,0.335704,0.277776,0.414643,0.649117,0.506854,0.382146,0.332624,0.804728,0.716002,1.34859,0.464374,0.435705,0.70219,0.322795,0.32092,0.262094,0.252695,0.764105,0.651153,0.798983,0.365951,0.283575,0.797989,
0.09,0.766723,0.546506,0.536751,0.207694,0.667767,0.885603,-0.676568,0.401623,0.275688,0.309055,0.290818,0.30593,0.583497,0.643664,0.83068,0.787558,0.73511,0.56256,0.488159,0.500483,0.883094,0.837803,-0.398713,0.707467,1.1522,1.29211,1.32907,-1.20691,1.04702,0.342405,1.03473,-1.43621,0.273053,0.399133,0.879725,0.239738,0.283687,0.472218,0.565471,0.649051,0.909065,0.619775,0.504008,-0.101339,0.5705,0.721488,-1.00372,0.586318,0.311946,0.467304,1.344,0.557042,-1.69953,-2.22341,0.815264,0.901565,0.64475,0.688202,0.356374,0.484025,0.94335,0.408693,-0.310844,0.514273,0.869105,1.35613,1.40527,-1.51528,1.07653,0.351336,1.25609,-1.72844,-0.402908,-0.197693,0.0739487,0.229203,0.494164,0.33573,0.27779,0.414647,0.649076,0.506866,0.382148,0.332639,0.804751,0.715956,1.34858,0.464403,0.435648,0.702176,0.322852,0.320951,0.262125,0.252733,0.764143,0.651135,0.79901,0.366008,0.28357,0.797988,
0.095,0.766708,0.546469,0.536751,0.207698,0.667778,0.885652,-0.676539,0.401607,0.275695,0.309073,0.290925,0.305929,0.583504,0.643664,0.830754,0.787616,0.735137,0.562705,0.488255,0.500551,0.883157,0.83792,-0.398488,0.70746,1.15223,1.29211,1.32906,-1.20673,1.04712,0.342379,1.03473,-1.43617,0.273077,0.399121,0.879735,0.239758,0.283804,0.472201,0.565432,0.649008,0.909088,0.61979,0.504079,-0.101295,0.570522,0.721533,-1.00367,0.586414,0.311948,0.467309,1.3443,0.557095,-1.69954,-2.22341,0.815366,0.901717,0.644828,0.688246,0.356423,0.484095,0.943306,0.408697,-0.310806,0.514289,0.869129,1.35634,1.40544,-1.51522,1.07658,0.351313,1.25607,-1.72839,-0.402839,-0.197701,0.0739241,0.229206,0.494096,0.335753,0.277802,0.414651,0.649034,0.506874,0.382147,0.332654,0.804788,0.715908,1.34858,0.464431,0.435582,0.702157,0.322905,0.320983,0.262157,0.252774,0.764184,0.651114,0.799048,0.36607,0.283562,0.797985,
0.1,0.766679,0.546429,0.53675,0.207705,0.667768,0.885633,-0.676508,0.401612,0.275704,0.309088,0.291032,0.305924,0.5835,0.643674,0.830829,0.787683,0.735174,0.56285,0.488351,0.50062,0.883217,0.838017,-0.398276,0.707455,1.15222,1.29208,1.32901,-1.20655,1.04719,0.342352,1.03474,-1.43612,0.273105,0.39911,0.879749,0.239774,0.28392,0.47219,0.565412,0.64899,0.909079,0.619793,0.504145,-0.101253,0.570539,0.721561,-1.00362,0.586504,0.311953,0.467316,1.34451,0.557172,-1.69955,-2.22342,0.81546,0.901851,0.644906,0.688269,0.35648,0.484174,0.943287,0.408708,-0.310751,0.514301,0.869135,1.35634,1.40539,-1.51514,1.07663,0.351289,1.25605,-1.72834,-0.402771,-0.197714,0.0739024,0.229211,0.494033,0.335776,0.277814,0.414655,0.648994,0.506871,0.382144,0.332668,0.804792,0.715858,1.34855,0.464458,0.43551,0.70213,0.322954,0.321017,0.262191,0.252818,0.764175,0.65109,0.79905,0.366137,0.283552,0.797979,
0.105,0.766651,0.546382,0.536754,0.207717,0.667749,0.885522,-0.676474,0.401611,0.275712,0.309102,0.291136,0.305915,0.583481,0.643628,0.830906,0.787759,0.735222,0.562995,0.488446,0.500689,0.883272,0.838097,-0.398075,0.707423,1.15219,1.29202,1.32898,-1.20655,1.04716,0.342326,1.03474,-1.43607,0.273134,0.399099,0.879774,0.239788,0.284033,0.472188,0.565413,0.649004,0.909048,0.619774,0.504208,-0.101213,0.570547,0.72156,-1.00357,0.58659,0.311959,0.467327,1.34458,0.557235,-1.69956,-2.22343,0.815537,0.90196,0.64498,0.688287,0.356545,0.484248,0.943282,0.408726,-0.310683,0.514308,0.869102,1.35625,1.40514,-1.51506,1.07665,0.351264,1.25604,-1.72828,-0.402698,-0.197731,0.0738827,0.229218,0.493968,0.335794,0.277824,0.414658,0.648954,0.506865,0.382139,0.332681,0.804767,0.715806,1.34848,0.464486,0.435432,0.702098,0.323,0.321053,0.262226,0.252864,0.764131,0.651062,0.799015,0.366209,0.283541,0.797964,
0.11,0.766618,0.546353,0.536779,0.207732,0.667788,0.885631,-0.676437,0.401604,0.275721,0.309115,0.291239,0.305903,0.583468,0.643634,0.830986,0.787845,0.735279,0.56314,0.488541,0.500759,0.883326,0.838195,-0.397884,0.707426,1.15213,1.29205,1.32901,-1.2065,1.04722,0.342301,1.03474,-1.43602,0.273165,0.399089,0.879812,0.2398,0.284144,0.47219,0.565435,0.649048,0.909014,0.619747,0.504268,-0.101173,0.570552,0.721604,-1.00352,0.586668,0.311968,0.46734,1.34492,0.557361,-1.69958,-2.22344,0.815598,0.902037,0.645051,0.6883,0.356618,0.484325,0.943303,0.408749,-0.3106,0.514312,0.8691,1.35634,1.40508,-1.51496,1.07672,0.351235,1.25602,-1.72822,-0.402621,-0.197754,0.0738647,0.229227,0.49391,0.335811,0.277832,0.414661,0.648918,0.506867,0.382134,0.332694,0.804819,0.715753,1.3485,0.464514,0.43535,0.702072,0.323044,0.321091,0.262263,0.252913,0.764206,0.651033,0.799068,0.366287,0.283528,0.797953,
0.115,0.766599,0.546309,0.536809,0.20775,0.667797,0.885498,-0.676399,0.401593,0.275731,0.309128,0.291341,0.305889,0.583449,0.643575,0.831069,0.787939,0.735345,0.563285,0.488636,0.500829,0.883376,0.838263,-0.397701,0.707401,1.15207,1.29199,1.32906,-1.20646,1.04713,0.342276,1.03474,-1.43597,0.273198,0.399079,0.879867,0.239812,0.284254,0.472199,0.565479,0.649123,0.908968,0.619699,0.504325,-0.101136,0.570549,0.721592,-1.00347,0.58674,0.311979,0.467355,1.34499,0.557458,-1.6996,-2.22346,0.815644,0.902088,0.645118,0.688316,0.356697,0.484404,0.943326,0.408778,-0.310505,0.514312,0.869047,1.35613,1.40478,-1.51486,1.07673,0.351206,1.25601,-1.72816,-0.402543,-0.197781,0.0738491,0.229237,0.493848,0.335826,0.27784,0.414664,0.648884,0.506869,0.382127,0.332708,0.804803,0.715699,1.34844,0.464544,0.435264,0.702036,0.323085,0.321131,0.262302,0.252965,0.764152,0.650999,0.799028,0.36637,0.283515,0.797929,
0.12,0.766622,0.546243,0.536802,0.207771,0.66776,0.885612,-0.676357,0.401577,0.27574,0.309141,0.291441,0.305875,0.583445,0.643499,0.831158,0.788042,0.735421,0.563429,0.48873,0.500901,0.88342,0.838303,-0.397525,0.70739,1.15208,1.29205,1.32898,-1.20642,1.04731,0.342251,1.03473,-1.43591,0.273233,0.399069,0.879937,0.239824,0.284362,0.472213,0.565543,0.649225,0.908965,0.619669,0.50438,-0.101098,0.570537,0.72156,-1.00341,0.586803,0.311992,0.467374,1.34468,0.55749,-1.69962,-2.22347,0.815677,0.902114,0.645182,0.688346,0.356786,0.484485,0.943333,0.408812,-0.310396,0.514306,0.869062,1.3558,1.4045,-1.51474,1.0767,0.351175,1.256,-1.72809,-0.402461,-0.197814,0.0738344,0.229249,0.493777,0.33584,0.277847,0.414666,0.648854,0.506845,0.382121,0.332722,0.804734,0.715645,1.34837,0.464575,0.435178,0.702047,0.323124,0.321173,0.262344,0.253019,0.764043,0.650964,0.798928,0.366458,0.283501,0.797902,
0.125,0.766671,0.546191,0.536805,0.207795,0.667754,0.885715,-0.676313,0.401557,0.27575,0.309155,0.291539,0.305862,0.583459,0.643438,0.831251,0.788152,0.735503,0.563572,0.488824,0.500973,0.88346,0.838362,-0.397355,0.70741,1.15213,1.29206,1.32905,-1.20639,1.04753,0.342227,1.03473,-1.43585,0.27327,0.399059,0.88002,0.239837,0.284468,0.472233,0.565623,0.649349,0.908974,0.619659,0.504434,-0.101061,0.570518,0.72155,-1.00336,0.586858,0.312007,0.467395,1.34453,0.55752,-1.69964,-2.22349,0.8157,0.902129,0.645241,0.688389,0.35688,0.484571,0.943355,0.408852,-0.310274,0.514296,0.86909,1.35556,1.40436,-1.51461,1.07669,0.351143,1.25599,-1.72802,-0.402376,-0.197851,0.0738214,0.229262,0.493708,0.335852,0.277853,0.414668,0.648829,0.50684,0.382115,0.332738,0.804709,0.71559,1.34834,0.464611,0.43509,0.702056,0.323161,0.321217,0.262387,0.253076,0.764024,0.650924,0.798886,0.366552,0.283485,0.797877,
0.13,0.766687,0.546156,0.536821,0.207822,0.667783,0.885744,-0.67627,0.401526,0.275759,0.309169,0.291458,0.30585,0.58349,0.643448,0.831349,0.788269,0.735592,0.563715,0.488918,0.501048,0.883499,0.838415,-0.39719,0.707449,1.15215,1.29208,1.3291,-1.20635,1.04764,0.342209,1.03472,-1.4358,0.273305,0.399048,0.880115,0.239851,0.284572,0.472266,0.565719,0.649491,0.908958,0.619645,0.504485,-0.101024,0.570497,0.721544,-1.0033,0.586901,0.312025,0.467419,1.34456,0.557567,-1.69967,-2.22351,0.815725,0.902147,0.645299,0.688449,0.356973,0.484661,0.943382,0.408897,-0.310138,0.514283,0.869102,1.3554,1.4044,-1.51447,1.07669,0.351111,1.25597,-1.72795,-0.40229,-0.197893,0.0738105,0.229277,0.493647,0.335867,0.27786,0.414671,0.648813,0.506839,0.38211,0.332755,0.804712,0.71554,1.34831,0.464649,0.435009,0.702036,0.323197,0.321264,0.262433,0.253137,0.764027,0.650884,0.798874,0.366651,0.283468,0.797846,
0.135,0.766684,0.546134,0.536847,0.207852,0.667835,0.885777,-0.676233,0.401483,0.275768,0.309183,0.291457,0.305842,0.583524,0.643526,0.831448,0.788388,0.735681,0.563854,0.489011,0.501121,0.883536,0.838465,-0.397029,0.707501,1.15214,1.29207,1.3291,-1.20632,1.04769,0.342202,1.0347,-1.43575,0.273336,0.399037,0.880219,0.239865,0.284675,0.472297,0.565828,0.649642,0.908928,0.619622,0.504493,-0.100989,0.570475,0.721545,-1.00325,0.586935,0.312043,0.467444,1.34474,0.557636,-1.69971,-2.22354,0.815752,0.902171,0.645352,0.688517,0.357066,0.484756,0.943414,0.408946,-0.309995,0.514268,0.86911,1.35535,1.40454,-1.51432,1.07672,0.351082,1.25596,-1.72788,-0.402207,-0.197938,0.0738021,0.229293,0.493595,0.335881,0.277866,0.414674,0.648804,0.506841,0.382108,0.332774,0.804728,0.715489,1.34828,0.464692,0.434928,0.702017,0.323231,0.321311,0.262479,0.253198,0.76404,0.650839,0.798878,0.366752,0.283451,0.797814,
0.14,0.766663,0.546118,0.536878,0.207885,0.667887,0.885783,-0.676181,0.401451,0.275776,0.309198,0.29146,0.305837,0.583558,0.643643,0.831552,0.788509,0.735772,0.563991,0.489104,0.501194,0.88357,0.838512,-0.396871,0.707555,1.15211,1.29207,1.32907,-1.20629,1.0477,0.34218,1.03469,-1.43569,0.273377,0.399027,0.880323,0.239881,0.284777,0.472331,0.565932,0.649779,0.90888,0.619585,0.504507,-0.100955,0.570452,0.721543,-1.00319,0.586961,0.312064,0.467472,1.34503,0.55773,-1.69974,-2.22356,0.815791,0.902216,0.645406,0.688592,0.357162,0.484858,0.943451,0.409,-0.309839,0.514253,0.869107,1.35546,1.40473,-1.51417,1.07676,0.351045,1.25595,-1.72781,-0.402113,-0.197987,0.0737938,0.22931,0.49355,0.335888,0.277869,0.414675,0.648803,0.506845,0.382108,0.332795,0.804743,0.715439,1.34825,0.464743,0.434849,0.701996,0.323263,0.321361,0.262527,0.253262,0.764054,0.650791,0.798884,0.366858,0.283431,0.797776,
0.145,0.766638,0.546099,0.536913,0.207922,0.667925,0.88576,-0.676138,0.401392,0.275782,0.309213,0.29147,0.305837,0.583575,0.643746,0.831661,0.788628,0.735867,0.564124,0.489197,0.501268,0.883601,0.838561,-0.396717,0.707586,1.15206,1.29204,1.32901,-1.20625,1.04766,0.342176,1.03467,-1.43564,0.273411,0.399016,0.880426,0.239897,0.284877,0.472367,0.566037,0.649909,0.908818,0.619535,0.504521,-0.100919,0.570426,0.721524,-1.00314,0.586977,0.312088,0.467503,1.34524,0.557819,-1.69978,-2.22359,0.815851,0.902294,0.645463,0.688671,0.357261,0.484968,0.943497,0.409059,-0.309687,0.514237,0.869085,1.35562,1.40488,-1.514,1.07679,0.351009,1.25593,-1.72773,-0.402017,-0.198042,0.0737871,0.229329,0.49351,0.335898,0.277874,0.414677,0.648813,0.506852,0.382111,0.332821,0.804731,0.715391,1.34819,0.464801,0.434775,0.701973,0.323295,0.321413,0.262578,0.25333,0.764049,0.650738,0.798871,0.36697,0.283408,0.797727,
0.15,0.766614,0.546069,0.536951,0.207962,0.667942,0.885683,-0.676075,0.401351,0.275787,0.309228,0.291486,0.305842,0.58356,0.64379,0.831773,0.788743,0.73596,0.564253,0.48929,0.501342,0.883627,0.838604,-0.396714,0.707585,1.15199,1.29198,1.32894,-1.20622,1.04755,0.342152,1.03465,-1.43556,0.273459,0.399006,0.88052,0.239915,0.28485,0.472403,0.566122,0.650001,0.908738,0.619462,0.504532,-0.100884,0.570396,0.721481,-1.00307,0.586986,0.312113,0.467536,1.34528,0.557858,-1.69982,-2.22362,0.81593,0.902405,0.645524,0.68875,0.357363,0.485087,0.943549,0.409124,-0.309534,0.514222,0.869035,1.35566,1.40488,-1.51382,1.07677,0.350968,1.25592,-1.72764,-0.401915,-0.198101,0.0737822,0.22935,0.493468,0.335904,0.277876,0.414679,0.648835,0.506863,0.382117,0.33285,0.804682,0.715342,1.3481,0.464871,0.434701,0.701945,0.323324,0.321467,0.262631,0.253401,0.764009,0.650679,0.798825,0.367087,0.283383,0.797669,
0.155,0.76661,0.546006,0.536997,0.208009,0.66792,0.885624,-0.676004,0.401301,0.27579,0.309244,0.29151,0.305854,0.583513,0.643684,0.831891,0.788857,0.736057,0.564377,0.489384,0.501418,0.883644,0.838654,-0.396669,0.707575,1.15193,1.29194,1.32898,-1.20617,1.04741,0.342123,1.03462,-1.43548,0.273515,0.398996,0.880599,0.239933,0.284881,0.472437,0.566185,0.650054,0.908652,0.619382,0.504541,-0.100848,0.570356,0.721387,-1.00301,0.586987,0.312142,0.467573,1.34481,0.557783,-1.69987,-2.22365,0.816034,0.902556,0.645592,0.688841,0.35747,0.485218,0.94362,0.409196,-0.309378,0.514205,0.868943,1.35529,1.40459,-1.51362,1.07666,0.350924,1.2559,-1.72754,-0.401803,-0.198168,0.0737778,0.229372,0.493415,0.335909,0.277877,0.41468,0.648871,0.506888,0.382128,0.332884,0.80458,0.715292,1.34797,0.464954,0.43463,0.701912,0.323352,0.321525,0.262687,0.253476,0.763918,0.650612,0.798717,0.367213,0.283353,0.797593,
0.16,0.766589,0.545963,0.537048,0.208062,0.66793,0.885555,-0.675924,0.401243,0.275791,0.309258,0.291543,0.305872,0.583464,0.643553,0.832016,0.788967,0.736158,0.564498,0.489479,0.501497,0.883659,0.838706,-0.396625,0.707549,1.15187,1.29192,1.32893,-1.20612,1.04728,0.342097,1.03459,-1.43539,0.273575,0.398987,0.880661,0.239951,0.284923,0.472472,0.566224,0.65007,0.90856,0.619292,0.504548,-0.10081,0.57031,0.721311,-1.00294,0.586981,0.312174,0.467614,1.34464,0.557696,-1.69992,-2.22368,0.816164,0.902752,0.645669,0.688958,0.357583,0.485363,0.943694,0.409274,-0.309219,0.514186,0.868852,1.35546,1.40464,-1.51343,1.07658,0.350877,1.25589,-1.72744,-0.401684,-0.198241,0.0737765,0.229398,0.493362,0.335915,0.277879,0.414681,0.64892,0.506921,0.382145,0.332925,0.804527,0.715243,1.34788,0.46505,0.434564,0.701888,0.323377,0.321588,0.262746,0.253557,0.763914,0.650539,0.798671,0.367349,0.283318,0.797503,
0.165,0.766642,0.545932,0.537116,0.20812,0.667985,0.885711,-0.675844,0.401167,0.27579,0.309271,0.291583,0.305898,0.583411,0.643437,0.83214,0.789073,0.73626,0.564616,0.489577,0.501578,0.883669,0.838772,-0.396583,0.707534,1.15185,1.29187,1.3289,-1.20607,1.0473,0.342077,1.03455,-1.4353,0.273635,0.39898,0.880704,0.239969,0.284975,0.472509,0.566244,0.650053,0.908508,0.619223,0.504554,-0.100772,0.570261,0.721283,-1.00287,0.586968,0.312208,0.467657,1.34468,0.557639,-1.69997,-2.22372,0.816315,0.902979,0.645752,0.689087,0.357705,0.485524,0.943785,0.409359,-0.309054,0.514166,0.868838,1.35573,1.40484,-1.51325,1.07655,0.350829,1.25587,-1.72734,-0.40156,-0.198319,0.0737765,0.229424,0.493315,0.335921,0.27788,0.414683,0.648974,0.506965,0.382167,0.332972,0.804516,0.715201,1.34783,0.465144,0.434511,0.701901,0.323401,0.321653,0.262808,0.253642,0.763951,0.65047,0.798667,0.367493,0.283279,0.797429,
0.17,0.766576,0.545901,0.537183,0.208176,0.668017,0.885583,-0.675863,0.400979,0.275786,0.30928,0.291623,0.305926,0.583307,0.643324,0.832256,0.78916,0.736348,0.564729,0.489674,0.501662,0.883674,0.838819,-0.396546,0.707487,1.15175,1.29181,1.32882,-1.20601,1.04715,0.342187,1.0345,-1.43533,0.273618,0.398975,0.880758,0.239984,0.285029,0.472559,0.566308,0.65008,0.90838,0.619136,0.504557,-0.100738,0.570215,0.721228,-1.00281,0.586945,0.312238,0.467697,1.34467,0.557564,-1.70002,-2.22375,0.816465,0.903209,0.645833,0.689227,0.357832,0.485692,0.943875,0.409444,-0.308885,0.514147,0.868761,1.35582,1.40487,-1.51306,1.07652,0.350795,1.25585,-1.72725,-0.401459,-0.198389,0.0737818,0.229449,0.493273,0.335936,0.277886,0.414686,0.649054,0.507006,0.382192,0.33302,0.80448,0.71515,1.34775,0.465272,0.434449,0.701839,0.323419,0.321713,0.262864,0.253725,0.763933,0.65038,0.798637,0.367629,0.283237,0.797353,
0.175,0.766523,0.545875,0.537239,0.208247,0.668049,0.885584,-0.675721,0.400931,0.275779,0.30929,0.29168,0.305965,0.583184,0.643287,0.832386,0.789253,0.736455,0.564842,0.489776,0.501751,0.883675,0.838839,-0.396498,0.707462,1.1516,1.29179,1.32867,-1.20593,1.04714,0.342274,1.03446,-1.43517,0.273724,0.398971,0.880759,0.24,0.285104,0.472607,0.566294,0.649997,0.908235,0.619016,0.50456,-0.100695,0.570159,0.721162,-1.00273,0.586917,0.312278,0.467747,1.34474,0.557492,-1.70009,-2.2238,0.816636,0.903458,0.645932,0.689409,0.357971,0.485882,0.943964,0.409532,-0.308705,0.514129,0.868703,1.35605,1.40506,-1.51287,1.0765,0.350736,1.25583,-1.72712,-0.401312,-0.198479,0.0737852,0.229479,0.49324,0.335938,0.277886,0.414687,0.64915,0.50704,0.382226,0.333079,0.804437,0.715096,1.34766,0.46542,0.434388,0.701821,0.323434,0.321784,0.262931,0.253816,0.763899,0.650279,0.798588,0.367787,0.283189,0.797251,
0.18,0.766535,0.545823,0.537302,0.208328,0.66811,0.885477,-0.675628,0.400798,0.275768,0.309296,0.291744,0.306013,0.58309,0.643254,0.832522,0.789347,0.73657,0.564955,0.489882,0.50185,0.883672,0.838828,-0.396446,0.707391,1.15152,1.29174,1.32868,-1.20585,1.04694,0.342108,1.0344,-1.43507,0.273823,0.39897,0.880731,0.240013,0.285189,0.472661,0.566299,0.649941,0.90814,0.618877,0.504561,-0.100649,0.570093,0.721036,-1.00265,0.586876,0.312319,0.4678,1.34456,0.55735,-1.70016,-2.22384,0.816809,0.9037,0.646039,0.689646,0.358127,0.486095,0.944059,0.409626,-0.308509,0.514111,0.868624,1.35611,1.40528,-1.51268,1.07639,0.350678,1.25581,-1.72699,-0.40116,-0.198574,0.0737888,0.229512,0.493199,0.335945,0.277887,0.414689,0.649252,0.507084,0.382268,0.333147,0.804351,0.715044,1.34753,0.465572,0.434333,0.70179,0.323445,0.32186,0.263002,0.253915,0.763768,0.650177,0.798449,0.367962,0.283133,0.797123,
0.185,0.766566,0.545795,0.537377,0.20841,0.668189,0.885492,-0.675539,0.400656,0.275755,0.309298,0.291809,0.306063,0.582998,0.643267,0.83265,0.789427,0.736677,0.565069,0.489992,0.501958,0.883666,0.838829,-0.396391,0.707321,1.15146,1.29166,1.32868,-1.20575,1.0469,0.342112,1.03434,-1.43497,0.27386,0.398972,0.880681,0.240023,0.285277,0.472727,0.566318,0.649896,0.908026,0.618716,0.504562,-0.100603,0.570031,0.720968,-1.00256,0.586832,0.312359,0.467851,1.34473,0.557249,-1.70022,-2.22388,0.816959,0.903901,0.646144,0.689918,0.358297,0.486323,0.944167,0.409724,-0.308295,0.514094,0.868568,1.35629,1.40554,-1.51248,1.07636,0.350625,1.25579,-1.72686,-0.401012,-0.198665,0.0738008,0.229543,0.49317,0.335957,0.277891,0.414691,0.649377,0.50714,0.382313,0.333219,0.804333,0.714985,1.34747,0.465756,0.434274,0.701786,0.323451,0.321937,0.263073,0.254017,0.763756,0.650057,0.798398,0.368137,0.28307,0.797025,
0.19,0.76646,0.545764,0.537476,0.208504,0.668282,0.885327,-0.675463,0.400457,0.275738,0.309298,0.291885,0.306123,0.582884,0.643292,0.832789,0.789511,0.736802,0.565186,0.490111,0.50208,0.883656,0.838846,-0.396323,0.707244,1.15127,1.2916,1.32869,-1.20564,1.04664,0.342158,1.03426,-1.4349,0.273915,0.398977,0.880607,0.240031,0.285379,0.472814,0.566385,0.649901,0.907799,0.618495,0.504564,-0.10055,0.569959,0.720865,-1.00247,0.586772,0.312404,0.467908,1.34492,0.557163,-1.7003,-2.22393,0.81709,0.904062,0.646256,0.690235,0.358489,0.486576,0.944298,0.409832,-0.308054,0.51408,0.868417,1.35641,1.40567,-1.51228,1.07631,0.350567,1.25577,-1.72672,-0.400846,-0.198767,0.0738131,0.229578,0.493146,0.335974,0.277898,0.414695,0.649518,0.50721,0.382367,0.333299,0.804317,0.714919,1.34739,0.465964,0.434212,0.701676,0.323454,0.32202,0.263149,0.254126,0.763731,0.649924,0.798341,0.368332,0.282997,0.796876,
0.195,0.766511,0.545717,0.537589,0.208608,0.668385,0.885567,-0.675289,0.400339,0.275717,0.309293,0.291966,0.30619,0.582803,0.64335,0.832933,0.789598,0.736938,0.565308,0.49024,0.50222,0.883638,0.838873,-0.396242,0.707251,1.15114,1.29163,1.32876,-1.20551,1.04672,0.342082,1.03418,-1.4347,0.274044,0.398985,0.88048,0.240036,0.28548,0.472907,0.566418,0.649868,0.907689,0.618293,0.504566,-0.100492,0.569876,0.720789,-1.00236,0.586699,0.31245,0.467967,1.34503,0.557116,-1.70037,-2.22398,0.817193,0.904171,0.646371,0.690601,0.358706,0.486856,0.944451,0.409953,-0.307778,0.514068,0.868371,1.35636,1.40585,-1.51208,1.07629,0.350493,1.25574,-1.72655,-0.40069,-0.198874,0.0738228,0.229614,0.493132,0.335983,0.2779,0.414697,0.649669,0.507293,0.382429,0.333387,0.804321,0.714849,1.34735,0.466189,0.434148,0.701697,0.323455,0.322109,0.263231,0.254233,0.76371,0.649781,0.798278,0.368544,0.282911,0.796756,
0.2,0.766351,0.545653,0.537717,0.208719,0.668493,0.885263,-0.67512,0.400109,0.275693,0.309284,0.292051,0.306261,0.582685,0.643377,0.833079,0.789687,0.737083,0.565435,0.490382,0.50238,0.883621,0.838888,-0.396149,0.707238,1.15085,1.29154,1.32875,-1.20537,1.04636,0.342139,1.03409,-1.43451,0.274143,0.398996,0.880342,0.240037,0.285581,0.473032,0.566535,0.649936,0.907398,0.618029,0.504569,-0.100428,0.56979,0.720651,-1.00226,0.586604,0.312497,0.468026,1.34502,0.557037,-1.70045,-2.22403,0.817259,0.904209,0.646483,0.691006,0.358948,0.487161,0.944615,0.410087,-0.307466,0.514057,0.868175,1.35622,1.40571,-1.51187,1.0762,0.350429,1.25571,-1.72638,-0.400533,-0.19898,0.0738384,0.229651,0.493114,0.336007,0.27791,0.414702,0.649831,0.507381,0.382496,0.333482,0.804291,0.714772,1.34725,0.466433,0.434079,0.701524,0.323453,0.322202,0.263315,0.254344,0.76363,0.649628,0.798175,0.368768,0.282812,0.796581,
0.205,0.76622,0.545591,0.537866,0.208828,0.668676,0.885127,-0.675063,0.399888,0.275666,0.309272,0.292139,0.306337,0.582562,0.643474,0.833227,0.789779,0.737239,0.56557,0.490541,0.502562,0.883613,0.83891,-0.396038,0.707192,1.15046,1.2915,1.32873,-1.2052,1.04587,0.342147,1.03399,-1.43446,0.274215,0.39901,0.880178,0.240034,0.285682,0.473183,0.566676,0.650034,0.907145,0.61769,0.504576,-0.100359,0.569702,0.720527,-1.00214,0.586486,0.312544,0.468087,1.34528,0.55696,-1.70054,-2.22408,0.817288,0.904187,0.646592,0.691448,0.359216,0.487492,0.944792,0.410235,-0.307117,0.514047,0.867975,1.35635,1.40578,-1.51165,1.0761,0.350356,1.25568,-1.7262,-0.400376,-0.199087,0.0738524,0.229687,0.493091,0.336031,0.277919,0.414707,0.650029,0.507476,0.382569,0.33358,0.804307,0.714674,1.34717,0.466739,0.433994,0.701437,0.323451,0.3223,0.263404,0.254461,0.763608,0.649437,0.798116,0.369006,0.282696,0.796417,
0.21,0.766104,0.545481,0.538023,0.208942,0.668753,0.884891,-0.674779,0.399793,0.275632,0.309253,0.292243,0.306428,0.582389,0.643454,0.833408,0.789913,0.737445,0.565722,0.490727,0.502777,0.883597,0.838943,-0.39589,0.707178,1.15,1.29141,1.32875,-1.205,1.04544,0.341968,1.03388,-1.43412,0.274423,0.39903,0.879941,0.240027,0.285784,0.473315,0.566756,0.650081,0.906798,0.617285,0.504587,-0.100272,0.569591,0.720319,-1.00198,0.586349,0.312599,0.468155,1.34492,0.556781,-1.70063,-2.22414,0.817313,0.904143,0.646717,0.69196,0.359525,0.487878,0.944997,0.410404,-0.30671,0.514036,0.867703,1.35581,1.40529,-1.51142,1.07591,0.350246,1.25564,-1.72603,-0.400217,-0.199211,0.0738624,0.22973,0.493059,0.33604,0.277921,0.41471,0.650203,0.507586,0.382653,0.333688,0.804206,0.714583,1.34698,0.467017,0.433915,0.701321,0.323448,0.322397,0.263504,0.254591,0.76344,0.649266,0.797922,0.369289,0.282546,0.796178,
0.215,0.766012,0.545337,0.538167,0.209059,0.668785,0.884747,-0.674612,0.399479,0.275602,0.309233,0.292343,0.306507,0.582162,0.643329,0.833566,0.790028,0.737632,0.565886,0.490933,0.50301,0.883581,0.838989,-0.395737,0.707115,1.14958,1.29137,1.32875,-1.20482,1.04508,0.342102,1.03376,-1.43394,0.274522,0.399049,0.879744,0.240018,0.285887,0.473508,0.567004,0.650325,0.906529,0.616924,0.5046,-0.100189,0.569488,0.720107,-1.00186,0.58617,0.312644,0.468214,1.3442,0.556478,-1.70071,-2.22418,0.817291,0.904031,0.646821,0.692495,0.359852,0.488274,0.945201,0.410583,-0.306277,0.513963,0.867464,1.35513,1.40472,-1.51118,1.07566,0.350182,1.2556,-1.72585,-0.400057,-0.199315,0.0738797,0.229765,0.493015,0.336087,0.277942,0.414719,0.65041,0.5077,0.382739,0.333803,0.804068,0.714468,1.34678,0.467357,0.433815,0.701227,0.323445,0.322496,0.263603,0.254729,0.763264,0.649057,0.797708,0.369555,0.282385,0.796018,
0.22,0.765915,0.545196,0.538333,0.209181,0.668951,0.884783,-0.674511,0.39919,0.275564,0.309208,0.292433,0.306601,0.581937,0.643322,0.833756,0.790192,0.737873,0.566074,0.491174,0.503281,0.883581,0.839041,-0.395543,0.707056,1.14913,1.29134,1.32862,-1.20463,1.04478,0.342192,1.03363,-1.43383,0.274634,0.399073,0.879526,0.240003,0.28599,0.473726,0.567265,0.650587,0.906248,0.616559,0.504622,-0.100087,0.569372,0.71996,-1.00169,0.585955,0.312697,0.46828,1.34392,0.556159,-1.70081,-2.22424,0.817282,0.903932,0.646943,0.693079,0.360216,0.488718,0.945425,0.410782,-0.305792,0.513885,0.867304,1.35483,1.40455,-1.51092,1.07546,0.350084,1.25555,-1.72568,-0.399895,-0.199434,0.0738921,0.229806,0.492964,0.336125,0.277958,0.414727,0.650622,0.507818,0.382832,0.333932,0.804022,0.714341,1.34665,0.467722,0.433705,0.701123,0.323444,0.322599,0.26371,0.254882,0.763189,0.648836,0.797578,0.369863,0.282196,0.795787,
0.225,0.765819,0.545015,0.5385,0.20931,0.669122,0.884815,-0.674305,0.398908,0.275525,0.309179,0.292536,0.306696,0.581708,0.643392,0.833967,0.79039,0.738148,0.566289,0.491452,0.503592,0.883593,0.839081,-0.395385,0.706966,1.1487,1.29132,1.32836,-1.20444,1.04452,0.34207,1.0335,-1.43359,0.27474,0.3991,0.879294,0.239986,0.286094,0.473964,0.567544,0.650879,0.905993,0.616215,0.50465,-0.0999731,0.569255,0.719804,-1.00151,0.585704,0.312749,0.468346,1.34352,0.555772,-1.7009,-2.22429,0.817285,0.903855,0.647074,0.693703,0.360613,0.489201,0.94566,0.411,-0.30526,0.513805,0.867197,1.35454,1.40442,-1.51063,1.07524,0.349976,1.2555,-1.72551,-0.399731,-0.199552,0.0739014,0.229846,0.492895,0.336167,0.277977,0.414735,0.650841,0.507932,0.382923,0.334078,0.803931,0.714198,1.34646,0.468116,0.433582,0.701015,0.323445,0.322706,0.263814,0.255053,0.763008,0.648597,0.797376,0.370193,0.281984,0.795583,
0.23,0.765727,0.544799,0.538684,0.209448,0.669273,0.884749,-0.674135,0.398621,0.275484,0.309148,0.292637,0.306794,0.581486,0.64344,0.834201,0.790633,0.738462,0.566542,0.491771,0.503944,0.883611,0.839162,-0.395222,0.706888,1.14828,1.29129,1.32848,-1.20425,1.04421,0.34203,1.03335,-1.43341,0.274852,0.399129,0.879054,0.239966,0.286198,0.474218,0.567842,0.651202,0.905715,0.61587,0.504688,-0.0998466,0.569131,0.719608,-1.00134,0.585416,0.312802,0.468412,1.34288,0.555313,-1.701,-2.22434,0.817322,0.90383,0.647221,0.694388,0.361046,0.489723,0.945914,0.411235,-0.304683,0.513722,0.86703,1.35379,1.40406,-1.51032,1.07498,0.349858,1.25544,-1.72534,-0.399563,-0.199671,0.0739071,0.229887,0.492807,0.336212,0.277997,0.414744,0.651064,0.508072,0.383017,0.334241,0.803825,0.714038,1.34626,0.46854,0.433444,0.70088,0.323449,0.32282,0.26392,0.25524,0.76282,0.648344,0.797141,0.370547,0.281748,0.795346,
0.235,0.765634,0.544564,0.538867,0.209596,0.669391,0.884658,-0.673964,0.398324,0.275442,0.309114,0.292738,0.306894,0.581267,0.643457,0.834464,0.790926,0.738817,0.566842,0.492134,0.504339,0.88364,0.839255,-0.395051,0.706791,1.14787,1.29123,1.3284,-1.20406,1.04393,0.341989,1.0332,-1.43322,0.27497,0.39916,0.878812,0.239944,0.286303,0.474487,0.568161,0.651551,0.90544,0.615523,0.504735,-0.099706,0.569004,0.719402,-1.00117,0.585092,0.312855,0.468479,1.34219,0.554805,-1.70109,-2.2244,0.817409,0.903886,0.647388,0.695125,0.361512,0.490284,0.946177,0.411485,-0.304066,0.513636,0.866856,1.35318,1.40369,-1.50996,1.0747,0.349728,1.25538,-1.72517,-0.399391,-0.19979,0.0739077,0.229927,0.492701,0.336263,0.278021,0.414754,0.651288,0.508219,0.383115,0.334424,0.80369,0.713861,1.34601,0.468993,0.433291,0.700755,0.323458,0.322942,0.264029,0.255446,0.762605,0.648074,0.79688,0.370926,0.281491,0.795107,
0.24,0.765547,0.544331,0.539054,0.209756,0.669511,0.88463,-0.67379,0.398014,0.275399,0.309079,0.292838,0.306993,0.581082,0.643518,0.834756,0.791273,0.739215,0.567196,0.492545,0.504776,0.883682,0.839393,-0.394864,0.706718,1.1475,1.29125,1.32853,-1.20386,1.04373,0.341941,1.03305,-1.43303,0.275097,0.399191,0.878573,0.23992,0.286409,0.474772,0.568493,0.651916,0.905173,0.615177,0.504778,-0.0995687,0.56888,0.719201,-1.00101,0.584738,0.312908,0.468545,1.34162,0.554313,-1.70119,-2.22445,0.81756,0.904044,0.647581,0.695925,0.362015,0.490883,0.946451,0.411747,-0.303412,0.513548,0.866679,1.35261,1.40354,-1.50957,1.07444,0.349588,1.25531,-1.725,-0.399213,-0.19991,0.0739031,0.229967,0.492592,0.33632,0.278047,0.414764,0.651512,0.508386,0.383219,0.334628,0.80358,0.713666,1.34578,0.469473,0.433123,0.700626,0.323472,0.323074,0.264142,0.255673,0.762441,0.64779,0.796647,0.371328,0.281214,0.794857,
0.245,0.765436,0.54408,0.539245,0.209927,0.669617,0.884543,-0.673615,0.397696,0.275356,0.309044,0.292939,0.307092,0.580899,0.643585,0.835081,0.791674,0.739648,0.567609,0.493008,0.505255,0.883743,0.839568,-0.394651,0.706653,1.14712,1.2912,1.32851,-1.20366,1.04353,0.341884,1.03289,-1.43284,0.275233,0.399223,0.878337,0.239896,0.286515,0.475068,0.56883,0.652282,0.90489,0.614822,0.504822,-0.0994297,0.56876,0.719003,-1.00084,0.584358,0.312961,0.468611,1.34109,0.553833,-1.70129,-2.22451,0.817788,0.904327,0.647805,0.696764,0.362552,0.491516,0.946732,0.412019,-0.302728,0.513461,0.866489,1.35206,1.40335,-1.50914,1.07419,0.349434,1.25523,-1.72483,-0.399026,-0.200029,0.0738911,0.230008,0.492481,0.33638,0.278075,0.414776,0.651732,0.508564,0.38333,0.334853,0.803457,0.713452,1.34551,0.46998,0.43294,0.700472,0.323491,0.323218,0.26426,0.255921,0.762256,0.647493,0.796404,0.371753,0.280918,0.794603,
0.25,0.765315,0.543808,0.539439,0.210109,0.669717,0.884458,-0.673437,0.39737,0.275313,0.30901,0.293041,0.307192,0.580717,0.643639,0.835443,0.792131,0.740115,0.568089,0.493528,0.505775,0.883824,0.839795,-0.394393,0.706577,1.14673,1.29115,1.32848,-1.20344,1.04331,0.341818,1.03272,-1.43265,0.27538,0.399253,0.878107,0.239874,0.286623,0.475375,0.569164,0.652636,0.904606,0.614463,0.50487,-0.0992883,0.568646,0.718813,-1.00067,0.58396,0.313014,0.468678,1.34061,0.553375,-1.70138,-2.22456,0.818103,0.904746,0.648064,0.697637,0.363123,0.492183,0.947021,0.412299,-0.302018,0.513373,0.866297,1.35162,1.40316,-1.50866,1.07396,0.349266,1.25515,-1.72466,-0.398827,-0.200148,0.0738707,0.230049,0.492366,0.336444,0.278106,0.414788,0.651947,0.508754,0.38345,0.335098,0.803328,0.713218,1.34522,0.470515,0.432741,0.700311,0.323516,0.323373,0.264385,0.256189,0.762077,0.647183,0.79616,0.3722,0.280603,0.794343,
0.255,0.765187,0.543518,0.539635,0.210301,0.669808,0.884392,-0.673255,0.397038,0.275273,0.308978,0.293142,0.307288,0.580538,0.643692,0.835844,0.792641,0.740612,0.568641,0.494104,0.506338,0.883931,0.840074,-0.394071,0.706489,1.14635,1.29111,1.32844,-1.2032,1.04313,0.341742,1.03255,-1.43246,0.275541,0.399282,0.877881,0.239853,0.28673,0.475691,0.569487,0.652968,0.904331,0.614104,0.504923,-0.0991437,0.568542,0.718636,-1.00049,0.583553,0.313067,0.468745,1.34024,0.552956,-1.70147,-2.22462,0.818507,0.90531,0.648363,0.698541,0.363724,0.492882,0.947315,0.412585,-0.301287,0.513286,0.866113,1.3513,1.40304,-1.50815,1.07376,0.349084,1.25506,-1.72448,-0.398612,-0.200269,0.0738414,0.23009,0.492251,0.336512,0.278139,0.4148,0.652154,0.508956,0.383578,0.33536,0.803201,0.712965,1.34492,0.471075,0.432527,0.700143,0.323544,0.323541,0.264519,0.256476,0.76191,0.64686,0.795924,0.372669,0.280271,0.794081,
0.26,0.765046,0.54321,0.539831,0.210502,0.669892,0.884323,-0.673067,0.396702,0.275234,0.30895,0.293243,0.307382,0.580372,0.643763,0.836282,0.7932,0.741132,0.56927,0.494738,0.506942,0.884065,0.840406,-0.393667,0.706385,1.14599,1.29108,1.32842,-1.20294,1.04297,0.341657,1.03238,-1.43226,0.275718,0.399309,0.877658,0.239836,0.286838,0.476013,0.569794,0.653271,0.904064,0.613749,0.504984,-0.0989945,0.56845,0.718468,-1.00032,0.583146,0.313122,0.468813,1.33997,0.55259,-1.70157,-2.22468,0.819,0.906018,0.648704,0.699478,0.364355,0.49361,0.94761,0.412874,-0.300538,0.513202,0.865932,1.3511,1.40303,-1.5076,1.07358,0.348886,1.25497,-1.7243,-0.398376,-0.200391,0.0738019,0.230131,0.492139,0.336582,0.278174,0.414813,0.652349,0.50917,0.383716,0.335638,0.803076,0.712694,1.34459,0.471653,0.432299,0.69996,0.323578,0.323721,0.264663,0.25678,0.761748,0.64653,0.795691,0.373159,0.279921,0.793815,
0.265,0.764919,0.542884,0.540022,0.21071,0.669985,0.884332,-0.672873,0.396365,0.275199,0.308926,0.293344,0.307471,0.580223,0.643888,0.836755,0.793796,0.741665,0.569975,0.495425,0.507583,0.884226,0.840782,-0.39317,0.706264,1.14566,1.29103,1.32835,-1.20264,1.04291,0.341565,1.03221,-1.43205,0.27591,0.399332,0.87744,0.239823,0.286947,0.476339,0.57008,0.65354,0.90383,0.613405,0.505055,-0.098839,0.568372,0.718332,-1.00014,0.582748,0.313176,0.46888,1.33986,0.552286,-1.70166,-2.22475,0.819574,0.906855,0.649085,0.700432,0.365007,0.49436,0.947903,0.413164,-0.299781,0.513121,0.865798,1.35093,1.40309,-1.50701,1.07344,0.348674,1.25486,-1.7241,-0.398113,-0.200515,0.0737518,0.230174,0.492032,0.336654,0.27821,0.414826,0.652532,0.509389,0.383862,0.33593,0.802961,0.712404,1.34427,0.472253,0.432058,0.699786,0.32362,0.323911,0.264816,0.257098,0.76158,0.646189,0.795462,0.373664,0.279559,0.793564,
0.27,0.764726,0.542523,0.540206,0.210924,0.670026,0.884142,-0.672671,0.396031,0.275168,0.308908,0.293445,0.307556,0.580066,0.643992,0.837261,0.794426,0.742206,0.570757,0.496166,0.508262,0.884418,0.841223,-0.392568,0.706127,1.1453,1.29098,1.32832,-1.2023,1.04274,0.341458,1.03204,-1.43183,0.276119,0.399351,0.877222,0.239815,0.287056,0.476662,0.570342,0.653773,0.903561,0.613058,0.505143,-0.0986746,0.568305,0.718163,-0.99995,0.58237,0.313233,0.468947,1.33965,0.551994,-1.70175,-2.22481,0.820217,0.9078,0.649507,0.701406,0.365681,0.495133,0.948194,0.413453,-0.299016,0.513045,0.865604,1.3507,1.40304,-1.5064,1.07327,0.348445,1.25475,-1.7239,-0.397818,-0.200643,0.0736899,0.230217,0.491926,0.336724,0.278246,0.414839,0.652699,0.509619,0.384016,0.336234,0.802803,0.712097,1.34388,0.472869,0.431805,0.69954,0.32367,0.324112,0.26498,0.257429,0.761377,0.645843,0.795199,0.374187,0.279183,0.793291,
0.275,0.764527,0.542145,0.540375,0.21114,0.669994,0.883975,-0.67246,0.395703,0.27514,0.308896,0.293546,0.307635,0.579888,0.644055,0.837797,0.795075,0.742745,0.571614,0.496956,0.508973,0.884638,0.841725,-0.391861,0.705993,1.14492,1.29093,1.32828,-1.2019,1.04265,0.34134,1.03188,-1.4316,0.276345,0.399365,0.877004,0.239814,0.287165,0.476976,0.57058,0.653974,0.903286,0.612709,0.505248,-0.0984986,0.568253,0.717996,-0.999749,0.582022,0.31329,0.469014,1.33941,0.551731,-1.70184,-2.22488,0.820911,0.908829,0.649964,0.702395,0.366371,0.495922,0.948481,0.41374,-0.298251,0.512974,0.865387,1.35045,1.40291,-1.50576,1.07312,0.3482,1.25462,-1.72367,-0.397484,-0.200774,0.0736167,0.230262,0.491828,0.336794,0.278282,0.414851,0.65285,0.509858,0.384176,0.336548,0.802629,0.711773,1.34347,0.473501,0.431539,0.699332,0.32373,0.324321,0.265154,0.257771,0.761186,0.64549,0.794935,0.374722,0.278796,0.793034,
0.28,0.764352,0.541764,0.540541,0.211358,0.670012,0.883975,-0.672237,0.395382,0.275118,0.308891,0.293635,0.307709,0.579748,0.644174,0.838361,0.795741,0.74328,0.572544,0.497796,0.509716,0.884892,0.842297,-0.391052,0.705862,1.1446,1.29094,1.32828,-1.20145,1.04266,0.341216,1.03171,-1.43136,0.276586,0.399374,0.876784,0.239819,0.287274,0.477286,0.5708,0.654156,0.903075,0.612386,0.505375,-0.0983076,0.568217,0.717875,-0.999531,0.581711,0.313349,0.469082,1.33946,0.551557,-1.70192,-2.22496,0.821637,0.909906,0.650456,0.703397,0.367075,0.496727,0.948764,0.414023,-0.297488,0.512909,0.86523,1.35052,1.40314,-1.5051,1.07302,0.347939,1.25448,-1.72342,-0.397107,-0.20091,0.073532,0.230309,0.491744,0.336862,0.278318,0.414863,0.652982,0.510105,0.384343,0.336873,0.802506,0.711436,1.34309,0.474138,0.431265,0.699109,0.323805,0.324539,0.265337,0.258123,0.761068,0.645136,0.794729,0.375271,0.278398,0.792772,
0.285,0.764053,0.541359,0.540703,0.211576,0.670038,0.883727,-0.672002,0.395075,0.2751,0.308893,0.293722,0.307777,0.57963,0.644302,0.838941,0.796407,0.743799,0.573539,0.498675,0.510483,0.885175,0.842916,-0.390154,0.705688,1.14424,1.29092,1.32815,-1.20094,1.04247,0.341078,1.03155,-1.43111,0.276842,0.399377,0.876561,0.239832,0.287384,0.477587,0.571001,0.654319,0.902838,0.612063,0.505523,-0.0980991,0.568196,0.717746,-0.999293,0.581445,0.313411,0.46915,1.33964,0.551448,-1.70201,-2.22504,0.822374,0.910993,0.650972,0.704397,0.367787,0.497538,0.949037,0.414299,-0.296735,0.512852,0.865028,1.3509,1.40342,-1.50443,1.0729,0.347662,1.25434,-1.72315,-0.396685,-0.201051,0.0734355,0.230358,0.491655,0.336925,0.278352,0.414873,0.653095,0.510352,0.384514,0.337203,0.802383,0.711082,1.34268,0.474788,0.430979,0.698767,0.323895,0.324763,0.265529,0.258482,0.760919,0.644778,0.794513,0.375824,0.277996,0.792505,
0.29,0.763842,0.540914,0.54085,0.211791,0.669976,0.883509,-0.671754,0.394783,0.275088,0.308905,0.293808,0.307839,0.5795,0.644329,0.83954,0.797077,0.744307,0.574599,0.499597,0.511277,0.885488,0.843596,-0.389169,0.705459,1.14389,1.29083,1.32806,-1.20036,1.04233,0.340929,1.03139,-1.43083,0.277111,0.399373,0.876334,0.239853,0.287493,0.477872,0.57119,0.654476,0.902613,0.61175,0.505691,-0.0978706,0.568188,0.717606,-0.99903,0.581231,0.313476,0.469218,1.33964,0.551348,-1.70209,-2.22513,0.82311,0.91207,0.651511,0.705391,0.368507,0.498357,0.949305,0.414568,-0.295991,0.512802,0.864815,1.35112,1.40342,-1.50375,1.07275,0.347368,1.25419,-1.72284,-0.396213,-0.2012,0.0733268,0.23041,0.491562,0.336982,0.278384,0.414883,0.653185,0.510604,0.38469,0.33754,0.802198,0.710722,1.34221,0.475432,0.430691,0.698592,0.324,0.324994,0.265727,0.258848,0.760709,0.644424,0.794244,0.376387,0.277586,0.792247,
0.295,0.763545,0.540484,0.540976,0.212003,0.669915,0.883345,-0.671492,0.394511,0.275081,0.308924,0.293888,0.307893,0.579376,0.644422,0.840144,0.797735,0.744795,0.575713,0.500547,0.512084,0.885825,0.844316,-0.388115,0.705232,1.14353,1.29082,1.32799,-1.19974,1.0423,0.340774,1.03125,-1.43054,0.27739,0.399363,0.876105,0.239882,0.287602,0.478142,0.571369,0.65463,0.902394,0.611445,0.505878,-0.0976223,0.568196,0.717503,-0.998739,0.581071,0.313542,0.469287,1.33986,0.551309,-1.70217,-2.22522,0.823822,0.913104,0.652061,0.70638,0.369226,0.499172,0.949556,0.414828,-0.295265,0.51276,0.864627,1.35139,1.40358,-1.50307,1.07266,0.347062,1.25403,-1.72251,-0.395695,-0.201356,0.0732087,0.230465,0.491479,0.337033,0.278413,0.414891,0.653255,0.510854,0.384867,0.337878,0.802057,0.710345,1.34179,0.476085,0.430391,0.698175,0.324115,0.325228,0.265931,0.259216,0.760563,0.644067,0.794027,0.376947,0.277177,0.792005,
0.3,0.763213,0.540037,0.541096,0.21221,0.669829,0.883025,-0.671217,0.394264,0.275079,0.308952,0.293967,0.307942,0.579251,0.644503,0.840756,0.798393,0.74527,0.576885,0.501531,0.512912,0.88619,0.845097,-0.386989,0.705011,1.14311,1.29078,1.32802,-1.19906,1.04216,0.340602,1.0311,-1.43022,0.277678,0.399347,0.875873,0.23992,0.287711,0.478393,0.571536,0.654781,0.902138,0.611127,0.506084,-0.0973535,0.568219,0.717384,-0.998417,0.580966,0.313613,0.469357,1.34007,0.551306,-1.70226,-2.22532,0.824514,0.914098,0.652624,0.707365,0.369946,0.499989,0.949802,0.41508,-0.294555,0.512727,0.864367,1.35152,1.40359,-1.5024,1.07256,0.346737,1.25387,-1.72214,-0.395129,-0.201522,0.0730779,0.230524,0.491401,0.337074,0.278437,0.414897,0.653301,0.51111,0.385046,0.33822,0.801912,0.709963,1.34133,0.476728,0.430088,0.69802,0.324242,0.325466,0.266141,0.259588,0.760405,0.643717,0.793804,0.377513,0.276763,0.791742,
0.305,0.762892,0.539565,0.541229,0.21241,0.66975,0.882683,-0.670921,0.394105,0.275084,0.308988,0.294042,0.307983,0.579146,0.644487,0.841368,0.799038,0.745726,0.5781,0.502538,0.513748,0.88658,0.845945,-0.385803,0.704796,1.14267,1.29073,1.32811,-1.19834,1.04182,0.340359,1.03097,-1.42988,0.277985,0.399324,0.875625,0.239965,0.28782,0.478596,0.571649,0.654884,0.9019,0.610814,0.506305,-0.0970661,0.568254,0.717259,-0.998062,0.580923,0.313687,0.469428,1.34022,0.551323,-1.70234,-2.22543,0.825175,0.915034,0.653189,0.70833,0.37066,0.500797,0.950044,0.41532,-0.293868,0.512707,0.864061,1.35171,1.40356,-1.50172,1.07242,0.346392,1.2537,-1.72173,-0.394517,-0.201697,0.0729346,0.230586,0.491318,0.337094,0.278452,0.414899,0.653321,0.511373,0.385224,0.33856,0.801772,0.709579,1.34086,0.477354,0.429784,0.697298,0.324379,0.325704,0.266355,0.259959,0.760284,0.643377,0.793597,0.378074,0.276353,0.791504,
0.31,0.762591,0.539101,0.541356,0.212602,0.669672,0.882452,-0.670618,0.39391,0.275093,0.309033,0.294112,0.308017,0.579055,0.644436,0.841969,0.799669,0.74616,0.579344,0.503554,0.514582,0.886989,0.846822,-0.384576,0.704559,1.14227,1.29067,1.32807,-1.19758,1.04157,0.34018,1.03084,-1.42953,0.278289,0.399296,0.875396,0.240018,0.287929,0.478797,0.571787,0.655026,0.901708,0.610522,0.50654,-0.0967634,0.568302,0.717181,-0.997677,0.580925,0.313763,0.469499,1.34059,0.551398,-1.70242,-2.22555,0.825799,0.915912,0.653749,0.70926,0.37136,0.501587,0.950271,0.415547,-0.293209,0.512673,0.863814,1.35215,1.40366,-1.50107,1.0723,0.346046,1.25354,-1.7213,-0.393869,-0.201878,0.0727878,0.23065,0.491233,0.337122,0.278471,0.414903,0.653316,0.511628,0.385401,0.338894,0.801658,0.709186,1.34042,0.477973,0.429472,0.697398,0.324524,0.325942,0.26657,0.260326,0.760199,0.643041,0.793432,0.378623,0.275951,0.79127,
0.315,0.762263,0.538643,0.541462,0.212786,0.669542,0.882194,-0.670304,0.393762,0.275108,0.309085,0.29418,0.308044,0.578976,0.644391,0.842566,0.800293,0.746577,0.580624,0.504585,0.51542,0.887423,0.847731,-0.383303,0.704324,1.1419,1.29063,1.32807,-1.19679,1.04142,0.339974,1.03073,-1.42915,0.278597,0.399261,0.875176,0.240079,0.288037,0.478975,0.571903,0.655149,0.901528,0.610247,0.506787,-0.0964467,0.568366,0.717112,-0.997264,0.58097,0.313844,0.469572,1.341,0.551517,-1.7025,-2.22567,0.826398,0.916751,0.654308,0.710167,0.372048,0.502364,0.950481,0.415762,-0.292579,0.51264,0.863581,1.35253,1.40381,-1.50042,1.07222,0.345687,1.25338,-1.72083,-0.393186,-0.202071,0.0726298,0.23072,0.491155,0.337135,0.278484,0.414903,0.653284,0.511878,0.385575,0.339225,0.801529,0.708795,1.33996,0.478567,0.429162,0.696794,0.324677,0.326178,0.266788,0.260689,0.760089,0.64272,0.793258,0.379168,0.275555,0.791053,
0.32,0.76198,0.538177,0.541547,0.212959,0.669361,0.881952,-0.669994,0.393548,0.275128,0.309143,0.294242,0.308064,0.578881,0.644332,0.843147,0.800902,0.74697,0.581921,0.505616,0.516247,0.88787,0.848669,-0.382003,0.704075,1.14157,1.29055,1.32805,-1.19598,1.04132,0.339866,1.03061,-1.42877,0.278886,0.399221,0.874997,0.240145,0.288144,0.479164,0.572063,0.655321,0.901382,0.610003,0.507044,-0.09612,0.568443,0.717047,-0.996826,0.581047,0.313927,0.469647,1.34125,0.551627,-1.70258,-2.2258,0.826964,0.91754,0.654855,0.711033,0.372716,0.503117,0.950674,0.415962,-0.291981,0.512609,0.863375,1.35264,1.4039,-1.49979,1.07213,0.345327,1.25322,-1.72035,-0.392479,-0.202269,0.0724679,0.230792,0.491083,0.337147,0.278496,0.414904,0.653227,0.51212,0.385745,0.339545,0.80136,0.708403,1.33946,0.479139,0.428849,0.696817,0.324837,0.326411,0.267007,0.261045,0.759951,0.642411,0.793064,0.379698,0.275171,0.790855,
0.325,0.761627,0.537696,0.541574,0.213123,0.66912,0.881644,-0.669677,0.393459,0.275153,0.309208,0.294299,0.308076,0.578768,0.644276,0.843715,0.801495,0.747339,0.583232,0.506643,0.517063,0.888332,0.849606,-0.380681,0.703808,1.14128,1.29046,1.32781,-1.19517,1.04128,0.339652,1.03051,-1.42838,0.279179,0.399176,0.874832,0.240218,0.288251,0.479307,0.57215,0.655411,0.901255,0.60978,0.50731,-0.0957857,0.568533,0.716977,-0.996367,0.581149,0.314012,0.469722,1.34128,0.551676,-1.70266,-2.22594,0.827502,0.918288,0.655392,0.711854,0.373362,0.503845,0.95084,0.416148,-0.291419,0.51258,0.863203,1.35265,1.40391,-1.49919,1.07202,0.344959,1.25306,-1.71984,-0.391751,-0.202476,0.0722975,0.230866,0.491011,0.337145,0.278501,0.414901,0.653142,0.512341,0.385909,0.339856,0.801133,0.70801,1.33891,0.479691,0.428533,0.695982,0.325003,0.326639,0.085528,0.261394,0.759737,0.642113,0.792819,0.380213,0.274801,0.79067,
0.33,0.761389,0.537219,0.541577,0.213276,0.668872,0.881402,-0.669357,0.393397,0.275182,0.30928,0.294351,0.308081,0.578645,0.644217,0.844267,0.802073,0.747683,0.584555,0.507667,0.517868,0.888811,0.850581,-0.37934,0.703521,1.14104,1.29037,1.32772,-1.19434,1.04129,0.339439,1.03043,-1.42798,0.27947,0.399127,0.874697,0.240297,0.288357,0.479418,0.572199,0.65546,0.901164,0.609587,0.507583,-0.0954454,0.568636,0.71693,-0.995891,0.58126,0.3141,0.469799,1.34133,0.551693,-1.70274,-2.22608,0.828015,0.918999,0.65592,0.712632,0.373986,0.504549,0.950989,0.416321,-0.290891,0.512555,0.863056,1.35263,1.40395,-1.4986,1.07193,0.344588,1.25291,-1.71932,-0.391007,-0.202691,0.0721211,0.230945,0.490945,0.33714,0.278505,0.414898,0.653031,0.512557,0.386066,0.340157,0.800917,0.70762,1.33839,0.480215,0.428216,0.696226,0.325177,0.326864,0.0830245,0.261734,0.759581,0.64183,0.792609,0.380716,0.274443,0.790505,
0.335,0.761003,0.536736,0.541585,0.213419,0.668686,0.881137,-0.669039,0.393336,0.275215,0.309356,0.294398,0.308081,0.578524,0.644205,0.844802,0.80263,0.747998,0.585881,0.508681,0.518657,0.889303,0.851577,-0.377987,0.703204,1.14084,1.29027,1.32764,-1.19351,1.04114,0.339251,1.03035,-1.42758,0.279752,0.399073,0.874608,0.24038,0.288463,0.479508,0.572225,0.655481,0.901106,0.609419,0.507862,-0.0951015,0.568755,0.716896,-0.995402,0.58137,0.31419,0.469877,1.34137,0.55165,-1.70282,-2.22622,0.828503,0.919668,0.656435,0.71336,0.374584,0.505225,0.951122,0.416481,-0.290399,0.512535,0.862928,1.35248,1.40414,-1.49804,1.07181,0.344213,1.25277,-1.71878,-0.390252,-0.202912,0.0719385,0.231026,0.490881,0.337125,0.278504,0.414893,0.652894,0.512766,0.386217,0.340445,0.800711,0.707233,1.33786,0.480711,0.4279,0.695253,0.325357,0.327083,0.0824706,0.262065,0.759439,0.641563,0.79242,0.381204,0.274101,0.79035,
0.34,0.760769,0.536235,0.541587,0.213552,0.668429,0.880753,-0.668726,0.393294,0.275252,0.309437,0.294441,0.308074,0.578374,0.644153,0.845315,0.803162,0.748279,0.587205,0.509681,0.519425,0.889805,0.85259,-0.376631,0.702849,1.14062,1.29013,1.32757,-1.19269,1.04088,0.339075,1.03028,-1.42718,0.280023,0.399016,0.874572,0.240468,0.288568,0.479577,0.572224,0.655464,0.901037,0.609268,0.508146,-0.0947557,0.568886,0.716848,-0.994902,0.581468,0.314282,0.469956,1.34119,0.551515,-1.7029,-2.22638,0.828958,0.920295,0.656936,0.714033,0.375155,0.505872,0.95124,0.416625,-0.289943,0.512522,0.862754,1.35208,1.40414,-1.49751,1.07166,0.343835,1.25262,-1.71824,-0.389491,-0.203137,0.0717507,0.231109,0.490814,0.337102,0.2785,0.414887,0.652733,0.512966,0.38636,0.34072,0.800472,0.706851,1.33729,0.481178,0.427584,0.695609,0.325543,0.327298,0.0821714,0.262386,0.759277,0.641312,0.792218,0.381674,0.273777,0.790209,
0.345,0.760402,0.535746,0.54156,0.213676,0.668136,0.880458,-0.66842,0.393275,0.275292,0.309523,0.294479,0.308061,0.578192,0.64413,0.845806,0.803663,0.748525,0.588523,0.510664,0.520172,0.890314,0.853607,-0.375276,0.70249,1.14042,1.29,1.32748,-1.19188,1.04072,0.338907,1.03023,-1.42678,0.280282,0.398956,0.874593,0.240559,0.288672,0.479626,0.572189,0.655402,0.900981,0.609125,0.508434,-0.0944096,0.569031,0.716825,-0.994396,0.581543,0.314375,0.470036,1.34105,0.551323,-1.70297,-2.22653,0.829381,0.920867,0.657421,0.714656,0.375698,0.506488,0.951336,0.416756,-0.289524,0.512518,0.862611,1.3516,1.40418,-1.497,1.07152,0.343456,1.25248,-1.71769,-0.388727,-0.203366,0.0715576,0.231194,0.490757,0.337073,0.278493,0.414879,0.652548,0.513153,0.386494,0.340981,0.800238,0.706474,1.33675,0.481616,0.42727,0.694946,0.325737,0.327506,0.0819435,0.262696,0.759141,0.641077,0.792044,0.382128,0.273472,0.790092,
0.35,0.760203,0.535247,0.54151,0.213792,0.667832,0.880111,-0.668123,0.393279,0.275335,0.309612,0.294514,0.308044,0.577996,0.644097,0.846273,0.804131,0.748736,0.589831,0.511626,0.520895,0.89083,0.854629,-0.373925,0.702114,1.14025,1.2899,1.32738,-1.19107,1.04055,0.338745,1.03018,-1.42639,0.280529,0.398893,0.874675,0.240654,0.288775,0.479653,0.572122,0.655298,0.900954,0.608999,0.508725,-0.0940642,0.569189,0.716795,-0.993886,0.581589,0.314468,0.470117,1.34079,0.551068,-1.70305,-2.22668,0.829767,0.921387,0.65789,0.715231,0.376212,0.507073,0.95141,0.416872,-0.289139,0.512525,0.862466,1.35113,1.40423,-1.49651,1.07136,0.343077,1.25234,-1.71714,-0.387964,-0.203598,0.0713597,0.23128,0.490702,0.33704,0.278484,0.41487,0.652342,0.513327,0.38662,0.341228,0.799989,0.706105,1.33619,0.482026,0.426958,0.695085,0.325936,0.32771,0.0817541,0.262995,0.758988,0.640858,0.791858,0.382566,0.273186,0.789978,
0.355,0.759861,0.53478,0.541453,0.213901,0.667546,0.87983,-0.667832,0.393326,0.27538,0.309704,0.294546,0.308022,0.577806,0.644124,0.846715,0.804566,0.74891,0.591127,0.512568,0.521594,0.89135,0.85566,-0.372584,0.701762,1.14008,1.28983,1.32735,-1.19028,1.04044,0.338571,1.03015,-1.42601,0.280765,0.398827,0.874816,0.240752,0.288878,0.479661,0.572013,0.655145,0.900939,0.608891,0.509019,-0.0937203,0.569361,0.716806,-0.993371,0.581611,0.31456,0.470201,1.34081,0.550839,-1.70311,-2.22684,0.830118,0.92185,0.658343,0.715764,0.376698,0.507629,0.951465,0.416975,-0.288788,0.512546,0.862337,1.35089,1.40451,-1.49606,1.07125,0.34269,1.25221,-1.71659,-0.3872,-0.20383,0.0711537,0.231367,0.49066,0.336984,0.278464,0.414858,0.65212,0.513493,0.386738,0.34146,0.7998,0.705748,1.3357,0.482401,0.426654,0.693771,0.326143,0.327908,0.081592,0.263284,0.758936,0.640658,0.791753,0.382988,0.27292,0.789887,
0.36,0.759558,0.534306,0.541383,0.214002,0.667188,0.879384,-0.667548,0.393416,0.275427,0.309797,0.294574,0.307998,0.577615,0.644085,0.847126,0.804957,0.749047,0.592396,0.513478,0.52226,0.891866,0.856679,-0.371266,0.70142,1.13991,1.28975,1.3273,-1.18951,1.04026,0.338383,1.03013,-1.42564,0.280992,0.398761,0.875009,0.24085,0.288979,0.479644,0.571864,0.654948,0.90092,0.608799,0.509314,-0.0933799,0.569542,0.716789,-0.992854,0.581614,0.314651,0.470285,1.34064,0.550593,-1.70317,-2.227,0.830428,0.922256,0.658774,0.716249,0.377154,0.508151,0.951503,0.417068,-0.288472,0.512581,0.862133,1.35062,1.40462,-1.49563,1.07111,0.342294,1.25207,-1.71603,-0.386434,-0.204058,0.0709409,0.231453,0.490619,0.336907,0.278433,0.414841,0.651877,0.513648,0.386849,0.341678,0.799577,0.705393,1.33518,0.482755,0.426349,0.694434,0.326355,0.328099,0.0814503,0.263561,0.758826,0.64047,0.79161,0.38339,0.272676,0.789789,
0.365,0.759281,0.533853,0.541294,0.213977,0.666833,0.879061,-0.667278,0.393502,0.275476,0.309894,0.294602,0.307972,0.577419,0.644031,0.847513,0.805315,0.749152,0.593653,0.514368,0.522906,0.892385,0.857699,-0.369959,0.701107,1.13974,1.28967,1.32728,-1.18876,1.04017,0.338256,1.03011,-1.42528,0.281202,0.398692,0.87527,0.240952,0.288985,0.47962,0.571733,0.65477,0.900899,0.608715,0.509613,-0.0930416,0.569736,0.716796,-0.992343,0.581571,0.314741,0.470372,1.34057,0.550376,-1.70325,-2.22716,0.830711,0.922616,0.659193,0.716696,0.377585,0.508647,0.95152,0.417153,-0.288186,0.512627,0.861949,1.35042,1.40473,-1.49522,1.07101,0.341925,1.25193,-1.71549,-0.385684,-0.204287,0.0707345,0.231539,0.490589,0.336885,0.278431,0.414835,0.651621,0.513795,0.386952,0.341882,0.799379,0.705048,1.3347,0.483083,0.426051,0.694149,0.326575,0.328285,0.0813244,0.263829,0.758765,0.640296,0.791506,0.383784,0.27245,0.789715,
0.37,0.758984,0.533402,0.541189,0.21398,0.666448,0.878613,-0.667018,0.393542,0.275526,0.309992,0.29463,0.307945,0.577226,0.643905,0.847873,0.805639,0.749228,0.594889,0.515233,0.523527,0.892902,0.858709,-0.368669,0.700804,1.13958,1.2896,1.32728,-1.18802,1.04005,0.33813,1.0301,-1.42493,0.281398,0.398621,0.875585,0.241057,0.289009,0.479583,0.571597,0.654585,0.900878,0.608638,0.509914,-0.0927058,0.569938,0.716789,-0.991836,0.581506,0.31483,0.47046,1.34038,0.550165,-1.70331,-2.22731,0.830963,0.922932,0.659598,0.717108,0.37799,0.509119,0.951517,0.417231,-0.287929,0.512684,0.861711,1.3502,1.40472,-1.49483,1.07088,0.341565,1.25178,-1.71495,-0.384947,-0.204513,0.0705248,0.231625,0.490561,0.336853,0.278423,0.414826,0.651368,0.513932,0.38705,0.342074,0.799167,0.70473,1.33421,0.483371,0.425775,0.693913,0.326803,0.328467,0.0812123,0.264089,0.758673,0.640145,0.791382,0.384166,0.272242,0.78963,
0.375,0.758665,0.532944,0.54108,0.213972,0.666115,0.878256,-0.666753,0.393801,0.275574,0.310089,0.294656,0.307918,0.577062,0.643718,0.848192,0.805919,0.749276,0.596069,0.51605,0.524103,0.893392,0.859663,-0.367433,0.700526,1.13943,1.28953,1.32723,-1.18731,1.03993,0.337844,1.03012,-1.42458,0.281601,0.398554,0.875897,0.241157,0.289032,0.479506,0.571335,0.654282,0.900871,0.608574,0.51021,-0.0923773,0.570138,0.716786,-0.991327,0.581469,0.314912,0.47055,1.34013,0.549956,-1.70335,-2.22747,0.831177,0.923191,0.65997,0.717476,0.378364,0.509556,0.951493,0.417208,-0.287698,0.512754,0.861519,1.34996,1.40457,-1.49447,1.07074,0.341172,1.25165,-1.7144,-0.384206,-0.204723,0.070302,0.231705,0.49053,0.336737,0.278371,0.414803,0.6511,0.514051,0.387142,0.342252,0.79897,0.704413,1.33377,0.483647,0.425499,0.693611,0.327029,0.328642,0.0811156,0.264335,0.758569,0.639999,0.791254,0.384521,0.272059,0.789564,
0.38,0.758345,0.532511,0.540981,0.213957,0.665837,0.877978,-0.666496,0.393894,0.275624,0.310186,0.294686,0.307892,0.57693,0.643574,0.84849,0.806177,0.749307,0.597225,0.516842,0.52466,0.893884,0.860608,-0.366219,0.700239,1.13929,1.28946,1.32717,-1.18662,1.03984,0.337651,1.03013,-1.42425,0.281792,0.398484,0.876247,0.241261,0.289059,0.479425,0.571128,0.654043,0.900886,0.608516,0.510508,-0.0920525,0.570347,0.716838,-0.990825,0.581422,0.314993,0.47064,1.3402,0.54981,-1.70341,-2.22761,0.831375,0.92343,0.660336,0.717806,0.378716,0.509973,0.951452,0.417191,-0.287489,0.51283,0.861374,1.34995,1.4046,-1.49413,1.07065,0.340803,1.2515,-1.71386,-0.383479,-0.204932,0.0700857,0.231785,0.490501,0.336686,0.278355,0.414791,0.650823,0.514157,0.387231,0.342419,0.798839,0.704099,1.33339,0.483912,0.425225,0.693484,0.327263,0.328812,0.0810339,0.264575,0.758545,0.639861,0.791195,0.384874,0.27189,0.789506,
0.385,0.75764,0.532061,0.540862,0.213934,0.665467,0.877424,-0.666253,0.393987,0.275675,0.310283,0.294719,0.307867,0.576797,0.643344,0.848772,0.806422,0.749327,0.598366,0.517616,0.525203,0.894376,0.861542,-0.365015,0.699905,1.13909,1.28937,1.32711,-1.18595,1.03965,0.337561,1.03014,-1.42393,0.281965,0.398412,0.876644,0.241369,0.28909,0.479343,0.570996,0.653884,0.900861,0.608443,0.51081,-0.0917293,0.570562,0.716848,-0.990331,0.581375,0.315073,0.470731,1.34003,0.549659,-1.70347,-2.22776,0.831566,0.923657,0.660701,0.718109,0.379049,0.510375,0.951393,0.417164,-0.287296,0.512908,0.861115,1.34979,1.40425,-1.4938,1.07051,0.340461,1.25135,-1.71333,-0.382771,-0.205139,0.0698725,0.231865,0.490459,0.33667,0.278355,0.414785,0.650552,0.514247,0.387315,0.342578,0.798663,0.703804,1.33297,0.484152,0.424969,0.692323,0.327509,0.328981,0.0809647,0.264811,0.758425,0.639736,0.791069,0.385229,0.271735,0.789437,
0.39,0.757624,0.5316,0.540715,0.213905,0.66506,0.877018,-0.666022,0.394081,0.275724,0.31038,0.294756,0.307846,0.576651,0.642982,0.849026,0.806649,0.749339,0.59947,0.518358,0.525718,0.894847,0.862446,-0.363848,0.69953,1.1389,1.28928,1.32703,-1.18529,1.03955,0.33748,1.03015,-1.42363,0.282123,0.398341,0.877059,0.241475,0.289124,0.479254,0.570894,0.653763,0.900825,0.608363,0.511111,-0.0914101,0.570774,0.716845,-0.989847,0.581348,0.315147,0.470823,1.33968,0.549496,-1.70353,-2.22789,0.831746,0.923876,0.661049,0.718388,0.379362,0.510761,0.951321,0.417132,-0.287118,0.512987,0.860877,1.34955,1.40368,-1.49349,1.07036,0.340137,1.25121,-1.71281,-0.382081,-0.205334,0.0696625,0.23194,0.490407,0.336653,0.278354,0.41478,0.650284,0.514326,0.387358,0.342729,0.798465,0.70352,1.33256,0.48438,0.424726,0.692895,0.327756,0.329146,0.0809057,0.265041,0.758302,0.639617,0.790924,0.385572,0.271596,0.789375,
0.395,0.756936,0.531143,0.540576,0.213873,0.664708,0.876619,-0.665794,0.394181,0.275772,0.310477,0.294797,0.307829,0.576521,0.64255,0.849262,0.806863,0.749345,0.600537,0.519072,0.52621,0.895304,0.863324,-0.362715,0.699155,1.13871,1.28921,1.32698,-1.18466,1.03947,0.33729,1.03017,-1.42333,0.282278,0.398271,0.87745,0.24158,0.289167,0.479148,0.570738,0.6536,0.900798,0.608279,0.511411,-0.0910947,0.570983,0.716854,-0.989367,0.581367,0.315218,0.470914,1.33935,0.549347,-1.70358,-2.22802,0.83193,0.924099,0.661391,0.718648,0.379661,0.511132,0.95124,0.417095,-0.28695,0.513066,0.860642,1.34938,1.40316,-1.4932,1.0702,0.339806,1.25107,-1.7123,-0.3814,-0.205519,0.0694477,0.232013,0.490344,0.336611,0.278341,0.41477,0.65002,0.514397,0.387395,0.342871,0.798294,0.703245,1.33218,0.484599,0.424492,0.692692,0.328007,0.329308,0.0808527,0.265266,0.758217,0.639502,0.790808,0.385912,0.271471,0.789313,
0.4,0.756955,0.530698,0.540449,0.213837,0.664384,0.876199,-0.665574,0.394283,0.275819,0.310575,0.294844,0.307815,0.576406,0.642089,0.849486,0.807072,0.74935,0.601575,0.519763,0.526686,0.89575,0.864183,-0.361608,0.69875,1.1385,1.28914,1.32692,-1.18405,1.03932,0.337206,1.03018,-1.42305,0.282421,0.3982,0.877844,0.241686,0.289218,0.479042,0.570652,0.653518,0.900772,0.608191,0.51171,-0.0907817,0.571192,0.716871,-0.988895,0.581426,0.315286,0.471006,1.33913,0.549225,-1.70363,-2.22815,0.832125,0.924344,0.661732,0.718893,0.379947,0.511496,0.951154,0.417055,-0.286789,0.513143,0.860402,1.34933,1.4027,-1.49291,1.07005,0.339492,1.25094,-1.71179,-0.380733,-0.205699,0.0692362,0.232083,0.49027,0.3366,0.278343,0.414766,0.649794,0.514463,0.38743,0.343007,0.79815,0.703013,1.33184,0.484786,0.424297,0.692394,0.328264,0.32947,0.0808032,0.26549,0.758152,0.639404,0.790714,0.386253,0.271357,0.789248,
0.405,0.756526,0.530273,0.540342,0.213804,0.664094,0.875831,-0.66535,0.394401,0.27586,0.310672,0.294893,0.307808,0.576337,0.641581,0.849678,0.807258,0.749356,0.602527,0.520396,0.527115,0.896143,0.86496,-0.360588,0.698367,1.13831,1.28909,1.32688,-1.18347,1.03916,0.336917,1.03022,-1.42276,0.282571,0.398136,0.878153,0.241791,0.28927,0.47892,0.570446,0.653334,0.900754,0.608109,0.511995,-0.0904799,0.57138,0.716875,-0.988435,0.58154,0.315343,0.471096,1.33887,0.549124,-1.70367,-2.22826,0.83231,0.924589,0.662038,0.719125,0.380217,0.511838,0.95108,0.417019,-0.286634,0.513216,0.860177,1.34938,1.40228,-1.49263,1.06989,0.339188,1.25082,-1.71129,-0.380086,-0.205851,0.0690385,0.232143,0.49018,0.33656,0.278329,0.414757,0.64956,0.514524,0.387462,0.343134,0.798024,0.702771,1.33154,0.484984,0.424099,0.692276,0.328501,0.329626,0.0807607,0.265702,0.758086,0.639298,0.790622,0.386564,0.271256,0.789183,
0.41,0.75637,0.52989,0.540233,0.213769,0.663816,0.875518,-0.66513,0.394527,0.275904,0.31077,0.294951,0.307804,0.576292,0.641108,0.849868,0.807455,0.749365,0.603453,0.521011,0.527535,0.896539,0.865733,-0.359591,0.697978,1.13813,1.28903,1.32679,-1.1829,1.03906,0.336744,1.03024,-1.42248,0.282713,0.398068,0.878447,0.241896,0.289336,0.478802,0.570324,0.653244,0.90074,0.608028,0.51228,-0.0901816,0.571573,0.716915,-0.987984,0.581697,0.315402,0.471187,1.33888,0.549093,-1.70372,-2.22837,0.832527,0.924875,0.662363,0.719348,0.380481,0.512179,0.951002,0.416983,-0.286484,0.513286,0.859972,1.34968,1.40206,-1.49237,1.06978,0.338898,1.2507,-1.7108,-0.379452,-0.206008,0.0688401,0.232205,0.490083,0.336555,0.278333,0.414754,0.649341,0.514585,0.387495,0.343256,0.797937,0.702541,1.33126,0.485177,0.423916,0.692006,0.32875,0.329782,0.0807178,0.265914,0.758079,0.639194,0.790581,0.386891,0.271163,0.789118,
0.415,0.756031,0.529549,0.540124,0.213734,0.663543,0.87522,-0.664914,0.394661,0.275947,0.310867,0.295016,0.307805,0.576242,0.640692,0.850054,0.807649,0.749377,0.604348,0.521605,0.527942,0.896923,0.866483,-0.358623,0.6976,1.13793,1.28891,1.32663,-1.18235,1.03901,0.336595,1.03025,-1.42222,0.28285,0.398,0.878717,0.242002,0.289411,0.478692,0.57024,0.653199,0.90072,0.607941,0.512561,-0.0898867,0.571764,0.716981,-0.987541,0.581896,0.315458,0.471278,1.33913,0.549131,-1.70377,-2.22847,0.832771,0.925206,0.662692,0.719554,0.380742,0.51252,0.950922,0.41695,-0.286337,0.513354,0.859793,1.35006,1.40192,-1.4921,1.06973,0.33862,1.25059,-1.71031,-0.378831,-0.206158,0.0686449,0.232264,0.48999,0.336557,0.27834,0.414752,0.649143,0.514642,0.387531,0.343374,0.797863,0.702327,1.331,0.485366,0.423751,0.69187,0.329001,0.329938,0.080676,0.266127,0.758079,0.63909,0.790562,0.387223,0.271075,0.789064,
0.42,0.755852,0.529235,0.540027,0.213702,0.663272,0.874953,-0.664702,0.394803,0.275988,0.310965,0.295088,0.307812,0.576187,0.64028,0.850234,0.807842,0.749393,0.6052,0.522175,0.528332,0.897285,0.867208,-0.357692,0.697213,1.13778,1.28878,1.32647,-1.18182,1.03898,0.336454,1.03026,-1.42195,0.282982,0.397932,0.878958,0.242108,0.289495,0.478513,0.57018,0.653187,0.900711,0.607862,0.512838,-0.0895964,0.57195,0.717049,-0.987108,0.582132,0.315511,0.471369,1.33946,0.549221,-1.70382,-2.22856,0.833038,0.92558,0.663022,0.719741,0.381,0.512862,0.950858,0.416924,-0.286267,0.513419,0.859634,1.35056,1.40183,-1.49184,1.06971,0.338353,1.25048,-1.70984,-0.378225,-0.206298,0.0684569,0.232319,0.4899,0.336564,0.278349,0.414752,0.648961,0.514704,0.387568,0.343488,0.797783,0.702124,1.33074,0.485554,0.4236,0.691678,0.329248,0.330094,0.0806356,0.266339,0.75808,0.638984,0.790541,0.387555,0.270995,0.789012,
0.425,0.755605,0.528945,0.539943,0.213673,0.663036,0.874723,-0.664493,0.394955,0.276028,0.311062,0.295167,0.307824,0.57614,0.639904,0.850409,0.808032,0.749412,0.606015,0.522723,0.528708,0.89763,0.867903,-0.356797,0.696846,1.13765,1.28869,1.32637,-1.1813,1.03895,0.336311,1.03027,-1.4217,0.283109,0.397864,0.879171,0.242215,0.289588,0.478341,0.570135,0.653191,0.900708,0.607784,0.513108,-0.0893105,0.572132,0.717116,-0.986684,0.582398,0.315561,0.47146,1.33988,0.549359,-1.70387,-2.22866,0.833335,0.926,0.663357,0.719927,0.38126,0.513208,0.950806,0.416907,-0.286172,0.513482,0.859484,1.35111,1.40188,-1.49159,1.06972,0.338096,1.25038,-1.70937,-0.37763,-0.206434,0.0682742,0.232373,0.489815,0.336577,0.27836,0.414753,0.648803,0.514772,0.387608,0.343599,0.797721,0.701936,1.3305,0.485741,0.423469,0.691516,0.329492,0.33025,0.0805954,0.266551,0.758096,0.638877,0.790532,0.38789,0.270919,0.788958,
0.43,0.755391,0.528683,0.539874,0.213649,0.662862,0.87451,-0.664287,0.395115,0.276066,0.31116,0.295252,0.30784,0.576112,0.639622,0.850579,0.808216,0.749434,0.606786,0.523247,0.529069,0.897952,0.868554,-0.355944,0.696501,1.13752,1.2886,1.32625,-1.1808,1.03887,0.336168,1.03027,-1.42145,0.283232,0.397796,0.879359,0.242321,0.28969,0.478177,0.570101,0.653207,0.900703,0.607704,0.513371,-0.0890302,0.572305,0.717188,-0.986271,0.582683,0.315609,0.47155,1.34052,0.549546,-1.70392,-2.22874,0.833655,0.926461,0.663692,0.720117,0.381523,0.513558,0.950753,0.4169,-0.286058,0.513544,0.859353,1.35178,1.40213,-1.49133,1.06974,0.33785,1.25029,-1.70892,-0.377049,-0.206562,0.0681004,0.232424,0.489736,0.336594,0.278372,0.414754,0.648665,0.51484,0.38765,0.343708,0.797691,0.701759,1.33029,0.485929,0.423353,0.691347,0.329729,0.330407,0.0805559,0.266764,0.758129,0.638765,0.790543,0.388223,0.270848,0.788901,
0.435,0.755194,0.528428,0.539794,0.213629,0.662624,0.874269,-0.664082,0.395284,0.276104,0.311258,0.295342,0.307861,0.57608,0.639355,0.850746,0.808397,0.749462,0.607516,0.523749,0.529416,0.898254,0.869172,-0.355129,0.696174,1.13742,1.28848,1.32614,-1.18032,1.03882,0.336024,1.03027,-1.42121,0.283353,0.397728,0.879528,0.242429,0.289791,0.478019,0.570074,0.653226,0.900689,0.60762,0.513625,-0.0887554,0.572469,0.717223,-0.985867,0.582978,0.315656,0.47164,1.34094,0.549725,-1.70398,-2.22882,0.834,0.926964,0.664031,0.720318,0.381791,0.513913,0.950709,0.416904,-0.285923,0.513604,0.859208,1.35222,1.40234,-1.49108,1.06974,0.337612,1.25019,-1.70847,-0.376479,-0.206687,0.0679337,0.232473,0.489665,0.336613,0.278385,0.414757,0.648551,0.514912,0.387697,0.343816,0.797612,0.701597,1.33004,0.486117,0.423254,0.691202,0.329959,0.330564,0.0805159,0.266977,0.758104,0.638652,0.790503,0.388558,0.270781,0.788837,
0.44,0.755041,0.528187,0.539743,0.213614,0.662406,0.874115,-0.663879,0.395459,0.276141,0.311356,0.295437,0.307884,0.576078,0.639073,0.850908,0.808569,0.749492,0.608204,0.524226,0.529749,0.89853,0.86977,-0.354357,0.69593,1.13736,1.28843,1.32628,-1.17985,1.03881,0.33588,1.03027,-1.42097,0.283471,0.397661,0.879683,0.242537,0.289892,0.477866,0.570047,0.653241,0.900686,0.607545,0.513869,-0.0884874,0.572619,0.717234,-0.985475,0.583274,0.315701,0.47173,1.34124,0.549917,-1.70403,-2.22889,0.834361,0.927493,0.664368,0.720554,0.382065,0.514272,0.950706,0.416919,-0.285767,0.513663,0.859045,1.35254,1.40262,-1.49082,1.06972,0.337385,1.2501,-1.70803,-0.375923,-0.206807,0.0677775,0.23252,0.489603,0.336634,0.278399,0.41476,0.648458,0.51501,0.387747,0.343923,0.797554,0.701446,1.32984,0.486307,0.423171,0.691066,0.330178,0.330721,0.0804759,0.267189,0.758128,0.638533,0.790474,0.388889,0.270716,0.788762,
0.445,0.754887,0.527971,0.539712,0.213604,0.662302,0.874048,-0.663677,0.395641,0.276178,0.311454,0.295537,0.307912,0.576122,0.638912,0.851067,0.808734,0.749525,0.608852,0.524683,0.53007,0.898787,0.870321,-0.353624,0.695746,1.13734,1.28836,1.32627,-1.1794,1.03879,0.335732,1.03026,-1.42074,0.283587,0.397593,0.879831,0.242645,0.289993,0.477718,0.570015,0.653241,0.9007,0.607474,0.514104,-0.0882261,0.572758,0.717273,-0.985094,0.583562,0.315745,0.471819,1.34181,0.550147,-1.70409,-2.22897,0.834734,0.92804,0.664705,0.720813,0.382346,0.514638,0.950703,0.416946,-0.285617,0.51372,0.858939,1.35301,1.40325,-1.49056,1.06971,0.337165,1.25002,-1.7076,-0.375378,-0.206924,0.0676293,0.232567,0.489554,0.336655,0.278412,0.414763,0.648387,0.515104,0.3878,0.344029,0.797554,0.701309,1.32969,0.486497,0.423104,0.690937,0.330388,0.330877,0.0804349,0.267401,0.75818,0.638412,0.790485,0.38922,0.270651,0.788685,
0.45,0.754727,0.527767,0.539637,0.2136,0.662135,0.873868,-0.663476,0.395828,0.276213,0.311552,0.295636,0.30794,0.576132,0.638843,0.85122,0.808887,0.74956,0.609456,0.525117,0.530376,0.899021,0.870807,-0.352932,0.695566,1.1373,1.28817,1.32597,-1.17896,1.03879,0.335585,1.03025,-1.42051,0.283702,0.397526,0.879978,0.242754,0.290095,0.477577,0.569975,0.65322,0.900678,0.607389,0.514326,-0.0879731,0.572884,0.717294,-0.984725,0.583835,0.315788,0.471906,1.34223,0.550327,-1.70416,-2.22903,0.835104,0.928585,0.665034,0.721066,0.382634,0.515006,0.95067,0.416984,-0.285465,0.513777,0.85886,1.35315,1.40371,-1.4903,1.06971,0.336956,1.24993,-1.70719,-0.374848,-0.207039,0.0674929,0.232612,0.489517,0.336675,0.278423,0.414766,0.648335,0.515172,0.387856,0.344134,0.797476,0.701178,1.32947,0.486695,0.423049,0.690825,0.330583,0.331032,0.0803938,0.26761,0.758106,0.638284,0.790422,0.389543,0.270587,0.788612,
0.455,0.754599,0.527534,0.539566,0.2136,0.66192,0.87367,-0.663278,0.39601,0.27625,0.31165,0.295743,0.30797,0.576094,0.638681,0.851371,0.809037,0.749601,0.610025,0.525534,0.530675,0.899238,0.871278,-0.352271,0.695336,1.13726,1.28799,1.32579,-1.17854,1.03872,0.335493,1.03023,-1.42029,0.283813,0.397457,0.880143,0.242863,0.290197,0.4775,0.569956,0.653208,0.900647,0.607297,0.514537,-0.0877268,0.572997,0.717257,-0.984365,0.584091,0.315833,0.471993,1.34205,0.550369,-1.70422,-2.2291,0.835475,0.929125,0.665364,0.72132,0.382933,0.515382,0.950669,0.417032,-0.285309,0.513832,0.858754,1.35289,1.40373,-1.49003,1.06962,0.336741,1.24985,-1.70678,-0.374326,-0.207157,0.0673597,0.232659,0.489477,0.336684,0.278429,0.414767,0.648303,0.515246,0.387918,0.344239,0.79732,0.701059,1.32919,0.486893,0.423008,0.690703,0.33077,0.331187,0.0803504,0.26782,0.757962,0.638154,0.790269,0.38987,0.270522,0.788526,
0.46,0.754451,0.527297,0.53952,0.213606,0.661774,0.873475,-0.663081,0.396192,0.276286,0.311749,0.295843,0.308,0.576043,0.638432,0.851517,0.809178,0.749645,0.610558,0.525933,0.530964,0.899433,0.871709,-0.351645,0.695066,1.13722,1.28785,1.32562,-1.17812,1.03861,0.335366,1.03021,-1.42007,0.283922,0.397389,0.880313,0.242974,0.290299,0.4774,0.569909,0.65315,0.900594,0.607195,0.514735,-0.0874886,0.573092,0.71722,-0.984017,0.584324,0.315878,0.472078,1.34189,0.550346,-1.70429,-2.22917,0.835828,0.929637,0.665682,0.721587,0.383239,0.51576,0.950689,0.41709,-0.28515,0.513882,0.85863,1.35285,1.40361,-1.48976,1.0695,0.336539,1.24977,-1.70637,-0.373816,-0.207275,0.0672392,0.232704,0.48943,0.336696,0.278435,0.414769,0.64829,0.515321,0.387982,0.344345,0.797215,0.700957,1.32899,0.487078,0.422981,0.690576,0.330941,0.33134,0.0803063,0.268028,0.75787,0.63803,0.790144,0.390186,0.270453,0.788431,
0.465,0.754339,0.527092,0.539492,0.213615,0.661665,0.873397,-0.662882,0.396386,0.27632,0.311847,0.295942,0.308026,0.575996,0.638205,0.851652,0.809304,0.74969,0.611048,0.526306,0.531236,0.899603,0.872102,-0.351065,0.694846,1.13716,1.28773,1.32555,-1.17773,1.03859,0.335156,1.0302,-1.41985,0.284034,0.397325,0.880463,0.243084,0.290402,0.477223,0.569783,0.652996,0.900535,0.60709,0.514916,-0.0872614,0.573168,0.717212,-0.983683,0.584528,0.315921,0.472162,1.34197,0.550332,-1.70435,-2.22923,0.836145,0.930091,0.66597,0.721869,0.383545,0.516127,0.950725,0.417152,-0.284985,0.513926,0.858534,1.35289,1.40364,-1.48949,1.06944,0.336364,1.24969,-1.70598,-0.373326,-0.207385,0.0671383,0.232748,0.489388,0.336713,0.278443,0.414772,0.64829,0.515403,0.388046,0.34445,0.797174,0.700855,1.32886,0.487278,0.422962,0.69049,0.33109,0.331488,0.0802641,0.268227,0.757852,0.637897,0.790085,0.390475,0.270383,0.788348,
0.47,0.754193,0.52691,0.539479,0.213629,0.661597,0.873291,-0.662686,0.396569,0.276357,0.311946,0.296038,0.308051,0.575945,0.638051,0.851787,0.809432,0.749742,0.611514,0.526666,0.531502,0.899762,0.87247,-0.350511,0.694647,1.13706,1.28762,1.32549,-1.17734,1.03854,0.335064,1.03018,-1.41963,0.284143,0.397259,0.880636,0.243194,0.290504,0.477158,0.569703,0.652888,0.900448,0.606967,0.515085,-0.0870426,0.573235,0.717211,-0.98336,0.584711,0.315966,0.472246,1.34228,0.550351,-1.70442,-2.2293,0.836443,0.93051,0.666253,0.722175,0.383857,0.516495,0.950773,0.417223,-0.284813,0.513968,0.858431,1.35295,1.40378,-1.48922,1.06942,0.336178,1.24962,-1.7056,-0.372847,-0.207505,0.0670371,0.232794,0.489355,0.336713,0.278443,0.414773,0.648302,0.515488,0.388115,0.344555,0.797171,0.700763,1.32876,0.487473,0.422951,0.690367,0.331228,0.331633,0.0802188,0.268423,0.757841,0.637767,0.790047,0.390764,0.270309,0.788257,
0.475,0.754071,0.526721,0.53946,0.213645,0.661437,0.873117,-0.662489,0.396751,0.276393,0.312044,0.296125,0.308071,0.575865,0.637795,0.851915,0.809553,0.749798,0.611952,0.52701,0.531758,0.899904,0.872822,-0.349986,0.694485,1.13694,1.28749,1.32538,-1.17697,1.03851,0.334913,1.03016,-1.41942,0.284251,0.397195,0.880802,0.243305,0.290607,0.477047,0.569588,0.652733,0.900343,0.606838,0.51524,-0.0868332,0.573285,0.71716,-0.983049,0.58487,0.316011,0.472329,1.34217,0.550337,-1.7045,-2.22936,0.836707,0.930876,0.666512,0.72249,0.384169,0.516854,0.950838,0.417298,-0.284633,0.514006,0.858292,1.35279,1.40358,-1.48894,1.06936,0.336004,1.24956,-1.70523,-0.372384,-0.207623,0.0669471,0.232841,0.489322,0.336711,0.278441,0.414772,0.648325,0.515577,0.388184,0.34466,0.797095,0.700675,1.32859,0.48767,0.422947,0.690271,0.33135,0.331772,0.0801738,0.268612,0.757752,0.637635,0.789936,0.391034,0.27023,0.788163,
0.48,0.75397,0.526545,0.539448,0.213665,0.661342,0.873036,-0.662294,0.396925,0.27643,0.312143,0.296206,0.308086,0.575797,0.637527,0.852041,0.809673,0.749857,0.612366,0.527341,0.532009,0.900035,0.873151,-0.349485,0.694327,1.13686,1.2874,1.32529,-1.17661,1.0385,0.334814,1.03014,-1.4192,0.284358,0.397131,0.880969,0.243415,0.290709,0.476994,0.569495,0.652599,0.900265,0.606716,0.515382,-0.0866327,0.573324,0.717123,-0.982749,0.585013,0.316058,0.472412,1.34226,0.550346,-1.70457,-2.22943,0.836938,0.931195,0.666752,0.722822,0.38448,0.517206,0.950908,0.417377,-0.284444,0.51404,0.858189,1.35299,1.40361,-1.48867,1.06932,0.335839,1.2495,-1.70487,-0.371936,-0.207746,0.0668688,0.232889,0.489291,0.336707,0.278439,0.414772,0.648356,0.515667,0.388256,0.344765,0.797061,0.700595,1.32848,0.48786,0.422949,0.690184,0.331457,0.331906,0.0801276,0.268795,0.757715,0.63751,0.789859,0.391291,0.270145,0.788064,
0.485,0.753902,0.526382,0.539437,0.213686,0.661257,0.873025,-0.662099,0.397099,0.276466,0.312241,0.296274,0.308094,0.575744,0.637276,0.852159,0.809788,0.749919,0.612757,0.527657,0.53225,0.900153,0.873456,-0.349009,0.694216,1.13682,1.28732,1.32522,-1.17626,1.03858,0.334645,1.03012,-1.41899,0.284466,0.397071,0.881111,0.243525,0.290812,0.476871,0.569364,0.652426,0.900212,0.606613,0.515511,-0.0864417,0.573351,0.717099,-0.98246,0.585144,0.316104,0.472494,1.34239,0.55038,-1.70464,-2.22949,0.837135,0.93146,0.666965,0.72316,0.384785,0.517541,0.950984,0.417459,-0.284247,0.514071,0.85813,1.3532,1.40375,-1.48839,1.0693,0.335679,1.24945,-1.70452,-0.371504,-0.207867,0.0667983,0.232937,0.489264,0.336689,0.278429,0.414769,0.648392,0.515757,0.388328,0.34487,0.797036,0.700518,1.32838,0.488048,0.422953,0.690121,0.331548,0.332034,0.0800823,0.268968,0.757679,0.637387,0.789791,0.391522,0.270055,0.78798,
0.49,0.753796,0.526219,0.539436,0.213709,0.661182,0.872842,-0.661903,0.39727,0.276503,0.312338,0.296331,0.308095,0.575692,0.637013,0.852273,0.809902,0.749985,0.613128,0.527958,0.532484,0.90026,0.873726,-0.348556,0.694122,1.13675,1.28721,1.32525,-1.17592,1.03852,0.3345,1.0301,-1.41878,0.284575,0.397013,0.88123,0.243634,0.290913,0.476771,0.569245,0.652273,0.900121,0.606503,0.515628,-0.0862598,0.573366,0.71704,-0.982183,0.585267,0.31615,0.472576,1.34236,0.550391,-1.7047,-2.22956,0.837304,0.931683,0.667153,0.723507,0.385081,0.51786,0.951065,0.417543,-0.284044,0.5141,0.85802,1.35297,1.40362,-1.48812,1.06925,0.335526,1.2494,-1.70418,-0.371088,-0.20799,0.0667368,0.232985,0.489238,0.336666,0.278416,0.414765,0.648432,0.515847,0.3884,0.344975,0.796998,0.700444,1.32827,0.488238,0.42296,0.690005,0.331623,0.332155,0.0800373,0.269131,0.757584,0.637265,0.789683,0.391733,0.26996,0.787889,
0.495,0.75367,0.526061,0.53943,0.213734,0.661116,0.872755,-0.66171,0.39743,0.276541,0.312435,0.296376,0.308089,0.575638,0.636794,0.852386,0.810018,0.75006,0.613483,0.52825,0.532713,0.90036,0.87398,-0.34812,0.694042,1.13663,1.28717,1.3252,-1.17559,1.03849,0.334402,1.03008,-1.41858,0.284682,0.396956,0.881332,0.243742,0.291014,0.476727,0.569168,0.652172,0.900018,0.606388,0.515734,-0.086086,0.573372,0.716984,-0.981917,0.585378,0.316198,0.472657,1.34234,0.550394,-1.70478,-2.22963,0.837452,0.931881,0.667321,0.723859,0.385369,0.518164,0.951148,0.417628,-0.283835,0.514125,0.857922,1.35276,1.40351,-1.48785,1.0692,0.335392,1.24937,-1.70385,-0.370691,-0.208117,0.0666847,0.233036,0.489213,0.336649,0.278406,0.414763,0.648476,0.51593,0.388472,0.345078,0.796973,0.700374,1.32818,0.488421,0.422968,0.689914,0.331685,0.332269,0.0799916,0.269285,0.757511,0.63715,0.789589,0.391926,0.269858,0.7878,
0.5,0.753617,0.525902,0.539439,0.213759,0.661066,0.872688,-0.661517,0.397588,0.276579,0.312532,0.296408,0.308075,0.575617,0.636536,0.852496,0.810139,0.75014,0.613822,0.528529,0.532936,0.900452,0.874225,-0.347702,0.693979,1.13657,1.28711,1.32525,-1.17527,1.03845,0.334247,1.03006,-1.41837,0.284791,0.396902,0.881393,0.243849,0.291115,0.476622,0.569076,0.652062,0.89996,0.606288,0.515829,-0.0859202,0.573368,0.716926,-0.98166,0.585502,0.316244,0.472737,1.34228,0.5504,-1.70484,-2.2297,0.837584,0.932058,0.667465,0.72421,0.385644,0.518448,0.951239,0.417712,-0.283625,0.514146,0.857842,1.35266,1.40341,-1.48759,1.06913,0.335244,1.24934,-1.70353,-0.370308,-0.208242,0.066638,0.233086,0.489183,0.336601,0.278381,0.414754,0.648521,0.51602,0.388544,0.345181,0.796953,0.700308,1.3281,0.488596,0.422977,0.689846,0.331737,0.332377,0.0799469,0.269428,0.757439,0.637042,0.789489,0.392095,0.269749,0.787715,
0.505,0.753557,0.525751,0.539454,0.213785,0.661028,0.872613,-0.661325,0.397739,0.276616,0.312601,0.296427,0.308054,0.575611,0.636261,0.852605,0.810266,0.750228,0.614144,0.528797,0.53315,0.900536,0.874454,-0.347302,0.693905,1.13653,1.28704,1.32523,-1.17496,1.03841,0.334127,1.03004,-1.41816,0.284899,0.396852,0.881419,0.243954,0.291103,0.476553,0.569015,0.651997,0.899909,0.606199,0.515914,-0.0857617,0.573355,0.71688,-0.981414,0.585621,0.31629,0.472817,1.34229,0.550419,-1.70491,-2.22977,0.837707,0.932223,0.667588,0.724549,0.385905,0.518711,0.951331,0.417796,-0.283415,0.514164,0.85778,1.35268,1.40333,-1.48734,1.06907,0.335118,1.24931,-1.70322,-0.369943,-0.208366,0.066599,0.233136,0.489149,0.336562,0.27836,0.414747,0.648569,0.516105,0.388613,0.345283,0.79694,0.700243,1.32803,0.488773,0.422987,0.689774,0.331778,0.332479,0.0799037,0.26956,0.757383,0.636935,0.789406,0.39224,0.269635,0.787637,
0.51,0.753471,0.52561,0.539466,0.213812,0.660979,0.872518,-0.661134,0.397885,0.276654,0.312671,0.296434,0.308024,0.575589,0.635983,0.852714,0.810404,0.750328,0.614453,0.529056,0.533359,0.900616,0.874676,-0.346918,0.693831,1.13647,1.28696,1.32514,-1.17466,1.03838,0.333985,1.03002,-1.41795,0.285008,0.396803,0.881401,0.244056,0.291103,0.476464,0.568961,0.651951,0.899834,0.60611,0.51599,-0.0856096,0.573335,0.716845,-0.981175,0.585762,0.316337,0.472897,1.34237,0.550449,-1.70496,-2.22984,0.83783,0.932397,0.667696,0.724867,0.386152,0.518956,0.951426,0.417879,-0.283207,0.514178,0.857723,1.35272,1.40319,-1.48709,1.06904,0.334978,1.2493,-1.70292,-0.369592,-0.208495,0.0665652,0.233187,0.489115,0.336496,0.278326,0.414736,0.648619,0.516186,0.388682,0.345384,0.796924,0.700182,1.32795,0.488943,0.422998,0.689697,0.331808,0.332576,0.0798599,0.269683,0.757333,0.636835,0.789337,0.392366,0.269513,0.787566,
0.515,0.753339,0.525489,0.539478,0.213841,0.660942,0.872332,-0.660945,0.398022,0.276691,0.312736,0.29643,0.307988,0.575557,0.635748,0.852826,0.810551,0.750435,0.614749,0.529306,0.533562,0.900691,0.874881,-0.34655,0.693751,1.13634,1.28692,1.32513,-1.17436,1.03827,0.333892,1.03,-1.41775,0.285116,0.396758,0.881351,0.244101,0.291087,0.476428,0.56895,0.651962,0.899725,0.606008,0.516057,-0.0854631,0.573312,0.716803,-0.980946,0.585893,0.316382,0.472976,1.34262,0.550511,-1.70503,-2.22991,0.837958,0.932583,0.667788,0.72518,0.386385,0.519181,0.951519,0.41796,-0.283003,0.51419,0.857633,1.35292,1.40315,-1.48685,1.06904,0.334876,1.24928,-1.70263,-0.36926,-0.20862,0.0665436,0.233238,0.489085,0.336456,0.278305,0.414729,0.648673,0.516266,0.38875,0.345483,0.796927,0.700125,1.32788,0.489107,0.42301,0.689599,0.33182,0.332668,0.0798176,0.269797,0.757307,0.63674,0.789293,0.392472,0.269387,0.787495,
0.52,0.753282,0.525379,0.539499,0.21387,0.66094,0.872329,-0.660757,0.398153,0.276728,0.312795,0.296415,0.307947,0.575537,0.635565,0.852939,0.810705,0.750549,0.615031,0.529546,0.533758,0.900761,0.875074,-0.3462,0.693679,1.13625,1.28689,1.32509,-1.17408,1.03823,0.333769,1.02998,-1.41754,0.285224,0.396715,0.881256,0.244161,0.291059,0.476359,0.568945,0.651986,0.899659,0.605911,0.516116,-0.0853216,0.573287,0.716784,-0.980724,0.58605,0.316426,0.473056,1.34298,0.550607,-1.70508,-2.22998,0.838094,0.93279,0.667868,0.725477,0.386603,0.519385,0.951613,0.418039,-0.282804,0.5142,0.857602,1.35318,1.40323,-1.48662,1.06906,0.334745,1.24927,-1.70235,-0.368942,-0.208743,0.06652,0.233289,0.489057,0.336372,0.278262,0.414714,0.648735,0.516343,0.388815,0.345581,0.796946,0.700069,1.32784,0.489278,0.423025,0.689548,0.3318,0.332709,0.0797764,0.269904,0.757287,0.636643,0.789259,0.392561,0.269257,0.787436,
0.525,0.753242,0.525267,0.539505,0.213902,0.660892,0.872302,-0.660572,0.398277,0.276767,0.312854,0.296391,0.307899,0.575509,0.635384,0.853059,0.810874,0.750675,0.6153,0.52978,0.533949,0.900827,0.875259,-0.345862,0.693598,1.1362,1.28685,1.325,-1.1738,1.03828,0.333677,1.02995,-1.41734,0.285331,0.396673,0.881129,0.244219,0.291017,0.476332,0.56897,0.652049,0.899617,0.605828,0.516168,-0.0851846,0.573254,0.716747,-0.98051,0.586203,0.316472,0.473135,1.34317,0.550698,-1.70514,-2.23006,0.838247,0.933029,0.667943,0.725761,0.38681,0.519574,0.951709,0.418118,-0.282608,0.514208,0.857599,1.3534,1.40331,-1.48639,1.06908,0.334661,1.24926,-1.70208,-0.368641,-0.208872,0.0665168,0.233342,0.489031,0.336329,0.27824,0.414707,0.648803,0.516417,0.388882,0.345678,0.796915,0.700019,1.32775,0.489444,0.423045,0.689505,0.331772,0.332732,0.0797338,0.270005,0.757221,0.636551,0.789185,0.392635,0.26912,0.787378,
0.53,0.753182,0.525134,0.539523,0.213937,0.660853,0.872175,-0.660388,0.398394,0.276805,0.312908,0.296359,0.307847,0.575465,0.635142,0.853184,0.811049,0.750808,0.615553,0.530003,0.534135,0.900879,0.875411,-0.34554,0.693519,1.13614,1.28679,1.32502,-1.17352,1.03817,0.333571,1.02993,-1.41714,0.285439,0.396633,0.880968,0.244272,0.290967,0.476292,0.569002,0.652121,0.899549,0.605751,0.516212,-0.0850521,0.573211,0.716671,-0.980302,0.586373,0.316516,0.473214,1.34291,0.550704,-1.70519,-2.23013,0.838414,0.933294,0.66801,0.726032,0.387005,0.519745,0.951812,0.418197,-0.282417,0.514211,0.857558,1.35296,1.40295,-1.48617,1.06901,0.334559,1.24926,-1.70182,-0.368354,-0.208998,0.0665124,0.233394,0.488996,0.336256,0.278202,0.414694,0.648881,0.51649,0.388949,0.345774,0.796851,0.699975,1.32764,0.489607,0.423069,0.689419,0.331738,0.332745,0.0796923,0.270103,0.757081,0.636462,0.789049,0.392695,0.268979,0.787319,
0.535,0.753109,0.525002,0.539527,0.213974,0.660801,0.872091,-0.660205,0.398507,0.276841,0.312957,0.296323,0.307795,0.575408,0.634895,0.853312,0.811229,0.750944,0.615791,0.530215,0.534314,0.900918,0.875539,-0.345237,0.69345,1.13605,1.28679,1.32495,-1.17326,1.03814,0.333463,1.0299,-1.41694,0.285547,0.396597,0.880778,0.244319,0.29091,0.476251,0.569035,0.652195,0.899472,0.605674,0.51625,-0.0850846,0.573157,0.716589,-0.980099,0.586564,0.316558,0.473291,1.3426,0.550653,-1.70524,-2.23021,0.838596,0.933586,0.668071,0.7263,0.387189,0.519902,0.951911,0.418275,-0.28223,0.514211,0.857523,1.35266,1.40264,-1.48596,1.06893,0.334453,1.24925,-1.70156,-0.36808,-0.209119,0.0665133,0.233445,0.488955,0.336167,0.278157,0.414678,0.648965,0.516554,0.389015,0.34587,0.796787,0.699938,1.32755,0.489763,0.423099,0.689363,0.331696,0.332751,0.0796518,0.270143,0.756963,0.636378,0.788922,0.392746,0.268835,0.787258,
0.54,0.753068,0.524891,0.539534,0.214013,0.660783,0.872218,-0.660024,0.398614,0.276874,0.313001,0.296286,0.307743,0.575361,0.634722,0.853442,0.811408,0.751086,0.61601,0.530418,0.534483,0.900946,0.87567,-0.344953,0.693415,1.13598,1.28686,1.32484,-1.17301,1.0383,0.333367,1.02987,-1.41674,0.285654,0.396564,0.880571,0.244361,0.290854,0.476226,0.569074,0.65227,0.89943,0.605619,0.516282,-0.0850766,0.573101,0.716557,-0.979902,0.586757,0.316597,0.473368,1.34254,0.550632,-1.70528,-2.23027,0.83879,0.933899,0.668129,0.726557,0.387363,0.520045,0.952014,0.418353,-0.282047,0.514207,0.85756,1.35282,1.40267,-1.48575,1.06892,0.334372,1.24925,-1.70132,-0.36782,-0.209232,0.0665238,0.233492,0.488915,0.336094,0.278121,0.414665,0.649068,0.516619,0.389081,0.345964,0.796781,0.699907,1.32752,0.489927,0.423138,0.689338,0.331645,0.332752,0.0796134,0.270169,0.756952,0.636291,0.788877,0.392787,0.268693,0.78721,
0.545,0.75303,0.524807,0.539564,0.214057,0.660809,0.872323,-0.659844,0.398716,0.276907,0.313044,0.296247,0.307692,0.575325,0.634625,0.853576,0.811592,0.751235,0.616211,0.530612,0.534647,0.900967,0.875803,-0.344687,0.693425,1.13592,1.28689,1.32477,-1.17276,1.03845,0.33327,1.02984,-1.41654,0.285762,0.396532,0.880351,0.244401,0.290795,0.476209,0.569112,0.652338,0.899395,0.605581,0.516308,-0.0850751,0.573041,0.716554,-0.979709,0.586953,0.316635,0.473445,1.34285,0.550692,-1.70533,-2.23034,0.838994,0.934232,0.668185,0.726805,0.38753,0.52018,0.952129,0.418433,-0.281867,0.514199,0.85762,1.35343,1.40301,-1.48555,1.06898,0.334301,1.24925,-1.70108,-0.367572,-0.209345,0.0665436,0.23354,0.488884,0.336025,0.278086,0.414653,0.649188,0.516697,0.389149,0.346057,0.796824,0.699883,1.32753,0.490096,0.423189,0.689306,0.331585,0.332749,0.0795738,0.270189,0.757004,0.636203,0.788893,0.392821,0.268547,0.787165,
0.55,0.753027,0.524726,0.539584,0.214107,0.66079,0.872156,-0.659665,0.398814,0.276938,0.313085,0.29621,0.307642,0.575279,0.634511,0.853718,0.811781,0.751393,0.616396,0.530794,0.534805,0.900969,0.875859,-0.344438,0.69342,1.13589,1.2868,1.32476,-1.17252,1.03847,0.333171,1.0298,-1.41634,0.28587,0.396501,0.880128,0.244439,0.290737,0.476198,0.569142,0.652389,0.899337,0.605536,0.516328,-0.0850802,0.572972,0.716483,-0.97952,0.587152,0.316672,0.473522,1.3429,0.550731,-1.70537,-2.23041,0.839208,0.934575,0.668242,0.727064,0.387691,0.520308,0.952239,0.418517,-0.281687,0.51419,0.857627,1.35351,1.40308,-1.48535,1.06899,0.334229,1.24925,-1.70085,-0.367336,-0.209455,0.0665669,0.233587,0.488856,0.335949,0.278047,0.41464,0.649325,0.516769,0.38922,0.346151,0.796779,0.699867,1.32744,0.49027,0.42325,0.689279,0.331513,0.332745,0.079534,0.270208,0.756874,0.636114,0.788785,0.392848,0.268399,0.787109,
0.555,0.753002,0.524674,0.539637,0.214161,0.660874,0.872235,-0.659487,0.398908,0.276967,0.313123,0.296177,0.307598,0.575248,0.634485,0.853863,0.811969,0.751556,0.616561,0.530966,0.534957,0.900961,0.875931,-0.344207,0.693421,1.13585,1.28681,1.32473,-1.17228,1.03845,0.333072,1.02976,-1.41614,0.285978,0.396473,0.879909,0.244475,0.290687,0.476192,0.569162,0.652417,0.899278,0.605481,0.516252,-0.0850906,0.572902,0.716473,-0.979335,0.587358,0.316706,0.4736,1.34347,0.550847,-1.7054,-2.23047,0.839421,0.934918,0.668297,0.727318,0.387849,0.520432,0.952362,0.418604,-0.281508,0.51418,0.857662,1.35408,1.40346,-1.48515,1.06908,0.334158,1.24925,-1.70062,-0.36711,-0.209558,0.0665966,0.233631,0.488838,0.335871,0.278008,0.414626,0.649464,0.516855,0.389295,0.346244,0.796844,0.69986,1.32747,0.490428,0.423314,0.689244,0.331429,0.332739,0.0794943,0.270224,0.756925,0.636033,0.788801,0.39287,0.26825,0.787058,
0.56,0.753012,0.524633,0.539707,0.214215,0.660948,0.872305,-0.659311,0.398998,0.27699,0.313154,0.296153,0.307563,0.575218,0.634459,0.854004,0.812146,0.751714,0.616707,0.531125,0.5351,0.900935,0.875984,-0.343994,0.693441,1.1358,1.28679,1.32481,-1.17205,1.03848,0.333001,1.02972,-1.41595,0.286086,0.39645,0.879712,0.244505,0.290651,0.476194,0.569177,0.652429,0.899216,0.605427,0.516205,-0.0851028,0.572836,0.71646,-0.979151,0.587613,0.316734,0.473677,1.34401,0.551017,-1.7054,-2.23053,0.839627,0.935244,0.668354,0.727567,0.388002,0.52055,0.952492,0.418688,-0.28133,0.514176,0.857682,1.35437,1.40366,-1.48496,1.06918,0.333993,1.24927,-1.7004,-0.366885,-0.209643,0.0665954,0.233668,0.48883,0.335702,0.27792,0.414596,0.649643,0.516947,0.389369,0.346336,0.796909,0.699859,1.3275,0.490618,0.4234,0.689228,0.331344,0.332735,0.0794586,0.27024,0.756946,0.635938,0.788807,0.392883,0.268109,0.787016,
0.565,0.753009,0.524603,0.539783,0.214281,0.661032,0.872381,-0.659135,0.399083,0.277013,0.313188,0.296133,0.307531,0.575183,0.634487,0.854158,0.812331,0.751889,0.616832,0.531277,0.53524,0.900896,0.876027,-0.343795,0.693493,1.13574,1.28678,1.32471,-1.17183,1.0385,0.332899,1.02967,-1.41575,0.286195,0.396426,0.879529,0.244537,0.290618,0.476202,0.569172,0.652408,0.899149,0.605365,0.516154,-0.0851186,0.572759,0.71644,-0.97897,0.587812,0.316763,0.473755,1.34462,0.551222,-1.70545,-2.23058,0.83983,0.935562,0.668412,0.727817,0.388156,0.52067,0.952629,0.418775,-0.281148,0.514169,0.857726,1.35488,1.40409,-1.48476,1.0693,0.333975,1.24927,-1.70018,-0.366672,-0.209733,0.0666454,0.233708,0.488833,0.335661,0.277902,0.414589,0.649858,0.517043,0.38945,0.34643,0.79696,0.699865,1.32751,0.490833,0.423506,0.689213,0.331249,0.332731,0.0794185,0.27026,0.756967,0.635833,0.788812,0.392896,0.267963,0.786961,
0.57,0.753001,0.524562,0.539863,0.214358,0.661096,0.872335,-0.658958,0.399044,0.277035,0.313221,0.29612,0.307505,0.575144,0.634477,0.854323,0.812525,0.752084,0.61694,0.531423,0.53538,0.900832,0.87603,-0.343608,0.693542,1.13566,1.28676,1.32471,-1.17161,1.03841,0.332788,1.02962,-1.41555,0.286306,0.396402,0.87936,0.24457,0.290596,0.476213,0.569153,0.652364,0.899057,0.605294,0.516097,-0.0851368,0.572668,0.716352,-0.978793,0.587983,0.31679,0.473832,1.34481,0.551387,-1.7055,-2.23063,0.840025,0.935861,0.668469,0.728091,0.388313,0.520793,0.95278,0.418866,-0.280962,0.51416,0.857721,1.3551,1.40433,-1.48457,1.06933,0.333953,1.24928,-1.69997,-0.366468,-0.209821,0.0666995,0.233747,0.488838,0.335629,0.277885,0.414584,0.650084,0.517147,0.389539,0.346526,0.796953,0.699878,1.32746,0.491047,0.42362,0.689176,0.331146,0.332731,0.0793751,0.270286,0.756885,0.635729,0.788726,0.392913,0.267808,0.78688,
0.575,0.752971,0.524523,0.539952,0.214439,0.661167,0.872285,-0.658783,0.398954,0.277052,0.313249,0.296118,0.307489,0.575116,0.634436,0.854488,0.812717,0.752282,0.617036,0.531562,0.535519,0.90075,0.876015,-0.343432,0.693593,1.13555,1.28679,1.32483,-1.17139,1.03829,0.332745,1.02956,-1.41536,0.286417,0.396382,0.879231,0.2446,0.29059,0.476229,0.569166,0.652349,0.898935,0.605206,0.516041,-0.085153,0.572576,0.716244,-0.978737,0.588169,0.316812,0.473909,1.34493,0.551542,-1.70552,-2.23067,0.840206,0.936135,0.668528,0.7284,0.388475,0.520921,0.952937,0.418961,-0.280769,0.514153,0.857651,1.35529,1.40451,-1.48438,1.06932,0.333868,1.2493,-1.69977,-0.366269,-0.209894,0.0667357,0.23378,0.488844,0.335535,0.277837,0.414568,0.650356,0.517264,0.389628,0.346625,0.79697,0.699898,1.32747,0.491295,0.423759,0.689129,0.331043,0.332735,0.0793328,0.270315,0.756842,0.635612,0.788651,0.392934,0.267654,0.786787,
0.58,0.752968,0.524495,0.540053,0.214532,0.661251,0.872357,-0.658607,0.398937,0.277066,0.313278,0.296127,0.307482,0.575076,0.634403,0.854667,0.812917,0.752503,0.617121,0.531696,0.535661,0.900638,0.87598,-0.343263,0.693699,1.13541,1.28676,1.32484,-1.17118,1.03831,0.332612,1.0295,-1.41516,0.286531,0.396363,0.879111,0.24463,0.290597,0.476247,0.569147,0.65229,0.898786,0.605101,0.515981,-0.0851681,0.572471,0.716161,-0.978727,0.588315,0.316831,0.473985,1.34516,0.551716,-1.70556,-2.23071,0.840374,0.936385,0.668588,0.728732,0.388645,0.52106,0.953108,0.419064,-0.280564,0.514144,0.857608,1.35539,1.40464,-1.48419,1.06934,0.333859,1.24932,-1.69956,-0.366078,-0.209962,0.066798,0.233811,0.488862,0.335521,0.277829,0.414566,0.650643,0.517391,0.389719,0.346729,0.797011,0.699923,1.32749,0.491552,0.423906,0.689119,0.330937,0.332745,0.0792869,0.270353,0.756825,0.635493,0.788604,0.392961,0.267494,0.786692,
0.585,0.752982,0.524458,0.540166,0.214632,0.661354,0.872452,-0.658432,0.398805,0.277075,0.313302,0.296147,0.307485,0.575027,0.634349,0.85485,0.81312,0.752733,0.617195,0.531826,0.535805,0.900518,0.875928,-0.343102,0.693815,1.13527,1.28675,1.32484,-1.17096,1.03832,0.332583,1.02943,-1.41496,0.286644,0.396347,0.87903,0.244658,0.290622,0.476273,0.569186,0.652298,0.898662,0.60499,0.515924,-0.0851783,0.572364,0.716068,-0.978694,0.58845,0.316845,0.47406,1.3452,0.551871,-1.70558,-2.23074,0.84053,0.936608,0.668651,0.729078,0.388826,0.52121,0.953287,0.419175,-0.280347,0.514136,0.857581,1.35531,1.40466,-1.484,1.06935,0.333821,1.24933,-1.69936,-0.365891,-0.210016,0.0668505,0.233837,0.488884,0.335484,0.277809,0.414559,0.650966,0.517523,0.389815,0.346839,0.797036,0.699952,1.32751,0.491838,0.424073,0.689099,0.330834,0.332761,0.0792408,0.270399,0.756762,0.635363,0.788521,0.392995,0.267335,0.786594,
0.59,0.753002,0.524429,0.540305,0.214741,0.661547,0.872563,-0.658256,0.398699,0.277081,0.313323,0.29618,0.307499,0.575004,0.634349,0.855045,0.813332,0.75298,0.617258,0.531953,0.535954,0.900386,0.875849,-0.342946,0.693932,1.13513,1.28672,1.32488,-1.17075,1.03823,0.332508,1.02935,-1.41477,0.28676,0.396333,0.878967,0.244684,0.290663,0.47631,0.569236,0.652312,0.898542,0.604873,0.515868,-0.0851828,0.572253,0.715999,-0.978675,0.588556,0.316853,0.474133,1.34556,0.552057,-1.70562,-2.23076,0.840681,0.936814,0.668719,0.729446,0.38902,0.521376,0.953476,0.419297,-0.280113,0.514127,0.857572,1.35551,1.40491,-1.4838,1.06937,0.333812,1.24935,-1.69916,-0.36571,-0.210058,0.0669129,0.233859,0.488909,0.335486,0.277809,0.41456,0.65134,0.517667,0.389916,0.346959,0.797128,0.699986,1.32759,0.492169,0.424265,0.689072,0.330734,0.332786,0.0791922,0.270454,0.756755,0.635216,0.788481,0.393039,0.267174,0.786486,
0.595,0.753033,0.524392,0.540459,0.214851,0.661732,0.87265,-0.658077,0.398669,0.277082,0.313343,0.296226,0.307526,0.574989,0.63436,0.855259,0.813563,0.753258,0.617311,0.532081,0.536116,0.900228,0.87576,-0.342794,0.694069,1.13498,1.28668,1.32488,-1.17054,1.03813,0.332333,1.02927,-1.41457,0.286884,0.396322,0.878887,0.24471,0.290726,0.47635,0.569252,0.652292,0.898407,0.604745,0.515815,-0.085179,0.572132,0.715895,-0.978644,0.588638,0.316857,0.474205,1.34574,0.552221,-1.70564,-2.23077,0.840832,0.93702,0.668795,0.729846,0.389235,0.521566,0.953678,0.419432,-0.279852,0.514118,0.857556,1.35549,1.40511,-1.48361,1.06936,0.333796,1.24937,-1.69897,-0.365532,-0.210089,0.0669757,0.233877,0.488936,0.335491,0.27781,0.414562,0.651757,0.517827,0.390029,0.347094,0.797174,0.70002,1.32761,0.49254,0.424476,0.689049,0.330635,0.332821,0.0791388,0.270523,0.756675,0.635055,0.788382,0.393099,0.267004,0.786357,
0.6,0.753062,0.52435,0.54063,0.214965,0.661912,0.872748,-0.657895,0.398593,0.277077,0.313359,0.296288,0.307566,0.574972,0.634356,0.855495,0.813813,0.753563,0.617358,0.532215,0.536294,0.900059,0.875683,-0.342794,0.694232,1.1348,1.28664,1.3249,-1.17033,1.03806,0.332172,1.02917,-1.41437,0.287018,0.396315,0.878797,0.244734,0.290807,0.476396,0.569294,0.652312,0.898242,0.604615,0.515767,-0.0851633,0.572007,0.715786,-0.978602,0.588697,0.316853,0.474276,1.34589,0.552385,-1.70567,-2.23078,0.840989,0.937236,0.668883,0.730283,0.389478,0.521785,0.953897,0.419582,-0.27956,0.514107,0.857517,1.35553,1.40526,-1.48342,1.06934,0.333781,1.24938,-1.69878,-0.365357,-0.210101,0.0670392,0.233888,0.488969,0.335511,0.277818,0.414566,0.652125,0.518008,0.390156,0.347247,0.797224,0.700047,1.32765,0.492875,0.42466,0.68902,0.330542,0.332868,0.0790815,0.270604,0.756624,0.634914,0.78829,0.39319,0.266827,0.786219,
0.605,0.753089,0.524306,0.540786,0.215081,0.66207,0.872865,-0.657716,0.398313,0.277068,0.313367,0.296349,0.30761,0.574935,0.634382,0.855717,0.814047,0.753846,0.6174,0.532352,0.536479,0.899931,0.875577,-0.342754,0.694341,1.13463,1.28661,1.32483,-1.17012,1.03807,0.332269,1.02906,-1.41417,0.287144,0.396312,0.878772,0.244749,0.290889,0.476479,0.569495,0.652509,0.898121,0.604489,0.515737,-0.0851383,0.571907,0.715695,-0.978605,0.5887,0.316843,0.474345,1.34599,0.55253,-1.7057,-2.23076,0.841136,0.937435,0.668975,0.730724,0.389734,0.522021,0.954097,0.419735,-0.279251,0.514095,0.8575,1.35544,1.40537,-1.48322,1.06933,0.333838,1.24938,-1.69859,-0.365187,-0.210096,0.0671056,0.233891,0.489006,0.335611,0.277867,0.414584,0.652559,0.518183,0.390293,0.347408,0.797252,0.700073,1.32766,0.493276,0.424873,0.689002,0.330466,0.332919,0.0790291,0.270689,0.756542,0.634747,0.788189,0.393301,0.266666,0.786119,
0.61,0.753103,0.524252,0.54096,0.215202,0.662246,0.872913,-0.657535,0.398095,0.277054,0.313372,0.296425,0.307667,0.57489,0.634395,0.855964,0.814307,0.754165,0.617437,0.532498,0.536683,0.899752,0.875494,-0.342691,0.694455,1.13443,1.28656,1.32485,-1.16991,1.03797,0.332357,1.02895,-1.41398,0.287274,0.396313,0.87873,0.244763,0.290992,0.476585,0.569692,0.652701,0.897933,0.60436,0.515715,-0.0850971,0.571799,0.715579,-0.978574,0.588676,0.316825,0.474411,1.34603,0.552658,-1.70573,-2.23074,0.841302,0.937659,0.669085,0.731195,0.390017,0.522286,0.954308,0.419898,-0.278914,0.513971,0.857439,1.35536,1.40544,-1.48302,1.06929,0.333865,1.24937,-1.6984,-0.365019,-0.210072,0.0671669,0.233888,0.489047,0.335707,0.277911,0.414601,0.653033,0.518379,0.390444,0.347588,0.797279,0.700093,1.32766,0.493725,0.425099,0.688947,0.330399,0.332984,0.0789716,0.270787,0.756465,0.634564,0.788074,0.393446,0.2665,0.785945,
0.615,0.753066,0.524193,0.541141,0.21533,0.662425,0.872927,-0.657353,0.397871,0.277034,0.313371,0.296512,0.307736,0.57484,0.634411,0.856238,0.814596,0.754518,0.617474,0.53266,0.536914,0.899594,0.875384,-0.342599,0.694553,1.13418,1.28653,1.32474,-1.16969,1.03788,0.332145,1.02883,-1.41378,0.287412,0.396318,0.878663,0.244773,0.291092,0.476718,0.569917,0.652933,0.89774,0.604216,0.515707,-0.0850379,0.571693,0.715451,-0.978533,0.588618,0.316797,0.474355,1.34616,0.552794,-1.70575,-2.2307,0.841489,0.93791,0.669217,0.731708,0.390334,0.522587,0.954524,0.420073,-0.278543,0.513866,0.857356,1.35567,1.4056,-1.48281,1.06925,0.3339,1.24936,-1.69822,-0.364853,-0.210026,0.0672266,0.233877,0.48909,0.335823,0.277969,0.414623,0.653522,0.518587,0.390614,0.347793,0.797303,0.700103,1.32765,0.494204,0.425325,0.68889,0.330341,0.333062,0.0789094,0.270896,0.756371,0.634372,0.787943,0.393628,0.266329,0.785804,
0.62,0.753025,0.524128,0.541333,0.215469,0.6626,0.872931,-0.657168,0.39762,0.27701,0.313364,0.296606,0.307813,0.574771,0.634418,0.856533,0.814902,0.754894,0.617481,0.532843,0.537175,0.899432,0.875297,-0.342476,0.694628,1.13389,1.28647,1.32471,-1.16946,1.03775,0.332072,1.0287,-1.41357,0.287557,0.396329,0.878571,0.244776,0.291192,0.476884,0.570179,0.653214,0.897513,0.604049,0.515716,-0.0849605,0.571595,0.715318,-0.978485,0.588524,0.316761,0.474319,1.34627,0.552931,-1.70577,-2.23065,0.841695,0.938192,0.669371,0.732255,0.390684,0.522929,0.954745,0.420258,-0.27814,0.513763,0.857239,1.35586,1.40568,-1.4826,1.0692,0.333944,1.24933,-1.69803,-0.364689,-0.209959,0.0672814,0.233857,0.489138,0.335922,0.278042,0.414649,0.654033,0.518816,0.390801,0.348023,0.797314,0.700102,1.32762,0.49472,0.425552,0.688819,0.330294,0.333151,0.0788441,0.271005,0.756279,0.634167,0.787808,0.393845,0.266156,0.785601,
0.625,0.752988,0.524055,0.541542,0.215619,0.662812,0.873003,-0.65698,0.397341,0.276979,0.313349,0.296707,0.307899,0.574698,0.634459,0.856852,0.815237,0.755294,0.617539,0.533053,0.537476,0.899274,0.875186,-0.342317,0.694704,1.13357,1.28643,1.3247,-1.16923,1.03764,0.332013,1.02856,-1.41337,0.28771,0.396344,0.87845,0.244773,0.291293,0.477086,0.570477,0.653543,0.897307,0.603863,0.515742,-0.0848621,0.571505,0.715198,-0.978425,0.588392,0.316716,0.47427,1.34644,0.553079,-1.70578,-2.23058,0.841931,0.93851,0.669551,0.732838,0.391071,0.523316,0.954971,0.420452,-0.277703,0.513658,0.857131,1.35588,1.40572,-1.48238,1.06915,0.333995,1.24929,-1.69785,-0.364527,-0.209868,0.0673308,0.233829,0.48919,0.336024,0.278128,0.414681,0.654566,0.519061,0.391006,0.348278,0.797348,0.700086,1.32761,0.495278,0.425776,0.688738,0.330259,0.333253,0.0787755,0.271124,0.756178,0.633947,0.78767,0.394099,0.265982,0.785462,
0.63,0.752954,0.523977,0.54177,0.215785,0.663046,0.873091,-0.656788,0.39703,0.276943,0.313326,0.296806,0.307993,0.574623,0.634534,0.857195,0.815596,0.755722,0.617583,0.533296,0.537821,0.899122,0.875095,-0.342161,0.694778,1.13321,1.28639,1.32471,-1.16898,1.03753,0.331958,1.0284,-1.41317,0.287875,0.396366,0.878296,0.244761,0.291394,0.477328,0.570813,0.653917,0.897078,0.603655,0.515788,-0.0847414,0.571422,0.715089,-0.978354,0.588219,0.316659,0.474206,1.34669,0.553256,-1.70579,-2.2305,0.842195,0.938869,0.669762,0.733459,0.391498,0.523755,0.955202,0.420658,-0.277228,0.513547,0.857018,1.35586,1.40574,-1.48215,1.06912,0.334054,1.24923,-1.69767,-0.364365,-0.209751,0.0673731,0.23379,0.489249,0.336132,0.278231,0.414719,0.655115,0.519326,0.391231,0.348557,0.797397,0.700053,1.3276,0.495874,0.425994,0.688647,0.330242,0.333351,0.0787029,0.27126,0.756096,0.633711,0.787542,0.394394,0.265806,0.785184,
0.635,0.752902,0.523876,0.54202,0.215967,0.66329,0.873165,-0.656592,0.396686,0.276901,0.313295,0.296905,0.308093,0.574563,0.634608,0.857569,0.815988,0.756179,0.61763,0.533583,0.538213,0.898982,0.875053,-0.342002,0.694867,1.13285,1.2864,1.3248,-1.16872,1.03734,0.331909,1.02823,-1.41296,0.288051,0.396394,0.878107,0.244741,0.291496,0.47761,0.571184,0.654332,0.896872,0.603447,0.515828,-0.0845974,0.571345,0.71495,-0.978269,0.588002,0.316592,0.474127,1.34672,0.553425,-1.7058,-2.2304,0.84249,0.939273,0.670005,0.734125,0.391968,0.524245,0.955442,0.420873,-0.276715,0.513432,0.856872,1.35572,1.40577,-1.48189,1.06902,0.33412,1.24915,-1.6976,-0.364204,-0.209608,0.0674087,0.233742,0.489306,0.336249,0.278334,0.414762,0.65568,0.519614,0.391474,0.348861,0.797424,0.7,1.32755,0.496512,0.426202,0.688498,0.330269,0.333456,0.0786263,0.271422,0.755986,0.633458,0.787376,0.394733,0.26563,0.785095,
0.64,0.752823,0.523787,0.542276,0.216168,0.663532,0.87316,-0.656392,0.39631,0.276853,0.313254,0.297004,0.308191,0.574503,0.63476,0.857972,0.816412,0.756667,0.617688,0.53392,0.538657,0.89887,0.875016,-0.341836,0.694953,1.13245,1.28636,1.32477,-1.16843,1.03717,0.331862,1.02805,-1.41274,0.288242,0.396428,0.877882,0.244711,0.291599,0.477933,0.571587,0.654781,0.896608,0.603223,0.515874,-0.0844604,0.571282,0.714827,-0.97817,0.58774,0.316515,0.474032,1.34705,0.55363,-1.7058,-2.23027,0.842821,0.939725,0.670285,0.734839,0.392487,0.524795,0.95568,0.421099,-0.27616,0.513311,0.856715,1.35588,1.40605,-1.48161,1.06895,0.334192,1.24906,-1.69745,-0.364042,-0.209464,0.0674358,0.233683,0.489373,0.336382,0.278443,0.41481,0.656262,0.519917,0.391736,0.349189,0.797451,0.699925,1.32746,0.497193,0.426398,0.688425,0.330307,0.333572,0.0785454,0.271613,0.755902,0.633186,0.787237,0.395118,0.265452,0.784379,
0.645,0.752765,0.523676,0.542541,0.216388,0.663755,0.873163,-0.656185,0.395901,0.2768,0.313202,0.297103,0.308289,0.574426,0.634878,0.858407,0.816871,0.757186,0.617757,0.534314,0.539156,0.898766,0.875,-0.341657,0.694992,1.13205,1.2863,1.32465,-1.16812,1.03696,0.331819,1.02786,-1.41253,0.28845,0.39647,0.877617,0.24467,0.291703,0.478297,0.57202,0.655261,0.896394,0.602996,0.515927,-0.0843204,0.571225,0.714677,-0.978052,0.587432,0.316426,0.473921,1.34708,0.553804,-1.7058,-2.23013,0.843191,0.940231,0.670605,0.73559,0.393062,0.525406,0.955925,0.421337,-0.27556,0.513185,0.856551,1.35598,1.40606,-1.4813,1.06883,0.33427,1.24894,-1.69728,-0.36388,-0.20932,0.0674536,0.233614,0.489438,0.336538,0.278558,0.414864,0.65686,0.520234,0.392015,0.349542,0.797405,0.699825,1.3273,0.497922,0.426579,0.688208,0.330362,0.333705,0.0784597,0.271841,0.755714,0.63289,0.787007,0.395555,0.265272,0.784625,
0.65,0.75264,0.523546,0.542823,0.21663,0.663982,0.873152,-0.65597,0.395459,0.27674,0.313139,0.297203,0.308388,0.574346,0.634988,0.85888,0.817371,0.757743,0.617853,0.534774,0.539714,0.898681,0.875035,-0.341455,0.695007,1.13161,1.28632,1.3247,-1.16777,1.03669,0.331777,1.02765,-1.4123,0.288677,0.396519,0.877311,0.244618,0.291807,0.478704,0.572481,0.655767,0.896091,0.602772,0.515993,-0.0841756,0.571174,0.714502,-0.977916,0.587074,0.316324,0.473793,1.34693,0.553937,-1.7058,-2.22997,0.843602,0.940792,0.670969,0.736403,0.393702,0.526088,0.956181,0.421588,-0.274909,0.513053,0.856334,1.35586,1.40606,-1.48094,1.06864,0.334352,1.24881,-1.69708,-0.363717,-0.209174,0.067462,0.233532,0.489501,0.33673,0.278683,0.414923,0.657467,0.520576,0.39231,0.349921,0.797348,0.699699,1.32711,0.498691,0.426741,0.688123,0.33045,0.333863,0.0783685,0.272116,0.755542,0.632572,0.786763,0.396048,0.26509,0.783601,
0.655,0.752549,0.523333,0.543127,0.216892,0.664228,0.873251,-0.655747,0.394985,0.276674,0.313065,0.297302,0.308487,0.574266,0.635117,0.859389,0.81791,0.758331,0.617998,0.535308,0.540331,0.898615,0.875139,-0.341212,0.695043,1.13114,1.28635,1.32475,-1.16737,1.03649,0.331741,1.02742,-1.41207,0.288924,0.396577,0.876966,0.244554,0.291912,0.479155,0.572969,0.656298,0.895869,0.602571,0.516076,-0.0840234,0.57113,0.714352,-0.977762,0.586666,0.316213,0.473649,1.34689,0.554075,-1.7058,-2.22979,0.844058,0.941416,0.671377,0.737275,0.394409,0.526842,0.956451,0.421855,-0.274204,0.512916,0.856129,1.35582,1.40614,-1.48052,1.06846,0.334439,1.24866,-1.6969,-0.363552,-0.209027,0.0674605,0.23344,0.489566,0.336966,0.27882,0.414988,0.65809,0.52094,0.39262,0.350326,0.797319,0.699544,1.32693,0.499512,0.426885,0.687741,0.33058,0.334051,0.0782721,0.272438,0.755436,0.632226,0.786563,0.396597,0.264905,0.784062,
0.66,0.75242,0.523088,0.543447,0.217177,0.664477,0.873286,-0.655512,0.394476,0.276601,0.312978,0.297402,0.308586,0.574184,0.635276,0.859939,0.818492,0.75896,0.618218,0.535922,0.541014,0.89857,0.875273,-0.340909,0.695091,1.13063,1.28637,1.32476,-1.16692,1.0363,0.331703,1.02718,-1.41182,0.289195,0.396643,0.876579,0.244475,0.292017,0.479653,0.573483,0.65685,0.895507,0.602308,0.516185,-0.0838588,0.571092,0.714192,-0.977585,0.586205,0.316089,0.473486,1.34688,0.554225,-1.7058,-2.22962,0.844562,0.942105,0.671836,0.738219,0.395193,0.52768,0.956732,0.42214,-0.273439,0.512772,0.8559,1.35584,1.40624,-1.48003,1.06828,0.334528,1.2485,-1.69672,-0.363383,-0.208877,0.0674474,0.233336,0.489634,0.337254,0.278974,0.415058,0.65873,0.521322,0.392946,0.350759,0.797273,0.699357,1.32671,0.500386,0.427007,0.687778,0.33075,0.334271,0.0781696,0.27281,0.755285,0.631849,0.786331,0.39721,0.264715,0.782988,
0.665,0.752074,0.522814,0.543772,0.217485,0.66468,0.873048,-0.655264,0.393929,0.276521,0.312877,0.297502,0.308686,0.574068,0.635415,0.860535,0.819122,0.759632,0.618541,0.536621,0.541765,0.898544,0.875421,-0.340524,0.695103,1.13003,1.28637,1.32468,-1.16641,1.03597,0.331665,1.02692,-1.41156,0.289493,0.396719,0.876151,0.244383,0.292124,0.480195,0.574023,0.657424,0.895141,0.601999,0.516324,-0.0836742,0.571059,0.713972,-0.977384,0.585689,0.315953,0.473305,1.34665,0.554335,-1.70581,-2.22944,0.84512,0.942863,0.672349,0.739246,0.396062,0.528608,0.957025,0.422446,-0.272604,0.512622,0.855544,1.35582,1.40608,-1.47945,1.06803,0.334618,1.24831,-1.69653,-0.36321,-0.208724,0.0674224,0.233219,0.4897,0.3376,0.279149,0.415135,0.659384,0.52172,0.393289,0.351221,0.79714,0.699138,1.32637,0.501313,0.427108,0.686456,0.330958,0.334534,0.0780607,0.273232,0.755021,0.631439,0.786001,0.39789,0.26452,0.783441,
0.67,0.751957,0.52251,0.544111,0.217821,0.664885,0.872871,-0.655,0.39334,0.276434,0.312763,0.297602,0.308787,0.573927,0.635546,0.861178,0.819802,0.760346,0.61898,0.537407,0.542585,0.898541,0.875615,-0.340043,0.695073,1.12936,1.28641,1.32467,-1.16584,1.03559,0.331626,1.02664,-1.41128,0.289819,0.396804,0.875682,0.244277,0.292231,0.480781,0.574588,0.658019,0.894707,0.601644,0.516497,-0.0834598,0.571031,0.713733,-0.977205,0.585116,0.315806,0.473107,1.34638,0.554414,-1.70581,-2.22926,0.845731,0.943703,0.672918,0.740367,0.397022,0.529628,0.957335,0.422777,-0.271693,0.512465,0.855178,1.35584,1.4059,-1.47878,1.06774,0.334708,1.24811,-1.69635,-0.363031,-0.208567,0.0673853,0.233091,0.489763,0.338005,0.279347,0.41522,0.660055,0.522141,0.393648,0.351712,0.796994,0.698885,1.326,0.502296,0.427187,0.687156,0.331202,0.334841,0.0779447,0.273706,0.754772,0.630994,0.785655,0.39864,0.26432,0.780905,
0.675,0.751644,0.522173,0.544468,0.218186,0.665097,0.872667,-0.654717,0.392705,0.27634,0.312635,0.297702,0.308888,0.573763,0.635687,0.861869,0.820534,0.761108,0.61955,0.538284,0.543477,0.898561,0.875851,-0.339451,0.694999,1.12865,1.28643,1.32468,-1.1652,1.03518,0.331586,1.02634,-1.41097,0.290175,0.396898,0.875173,0.244156,0.292338,0.481414,0.575181,0.658637,0.894324,0.601243,0.516706,-0.0832052,0.571006,0.713481,-0.977025,0.584482,0.315647,0.472891,1.34614,0.554471,-1.70582,-2.22908,0.846405,0.944622,0.673546,0.741589,0.398081,0.530749,0.957667,0.423134,-0.2707,0.512301,0.854773,1.35584,1.40573,-1.47801,1.06743,0.334798,1.24789,-1.69615,-0.36284,-0.208405,0.0673355,0.232951,0.489826,0.338473,0.279572,0.415312,0.660748,0.522586,0.394025,0.352234,0.796831,0.698596,1.32558,0.503344,0.427246,0.686902,0.331482,0.335195,0.0778209,0.274234,0.754498,0.630507,0.785281,0.399461,0.264112,0.782349,
0.68,0.751494,0.521798,0.544849,0.218582,0.665324,0.872506,-0.654413,0.392018,0.276238,0.312492,0.297802,0.30899,0.573581,0.635847,0.862614,0.821326,0.76192,0.620259,0.539259,0.544449,0.898602,0.876151,-0.338738,0.694903,1.12791,1.28646,1.32474,-1.16449,1.0348,0.331541,1.02602,-1.41063,0.290566,0.396987,0.874625,0.244019,0.292446,0.482094,0.575803,0.65928,0.893793,0.600792,0.516952,-0.0829009,0.570987,0.713223,-0.976842,0.583784,0.315476,0.472657,1.34593,0.554523,-1.70583,-2.2289,0.847141,0.945631,0.674238,0.742925,0.399251,0.531979,0.958027,0.423522,-0.269613,0.51213,0.854358,1.35575,1.40556,-1.47713,1.06711,0.334884,1.24765,-1.69596,-0.362635,-0.208235,0.0672715,0.232799,0.48989,0.339004,0.279824,0.415412,0.661469,0.523061,0.394423,0.352792,0.796662,0.698268,1.32513,0.504465,0.427288,0.686495,0.331799,0.335595,0.0776882,0.274818,0.75422,0.629975,0.784889,0.40036,0.263896,0.782304,
0.685,0.751167,0.521383,0.545257,0.219012,0.665556,0.872277,-0.654082,0.391274,0.276127,0.312333,0.297902,0.309094,0.573383,0.636014,0.863419,0.822182,0.762792,0.621107,0.540337,0.545509,0.898668,0.876519,-0.337903,0.694775,1.12714,1.2865,1.32483,-1.16369,1.03437,0.33149,1.02568,-1.41025,0.290994,0.39708,0.874035,0.243867,0.292555,0.482823,0.576457,0.65995,0.893409,0.600275,0.517238,-0.0825396,0.570969,0.712935,-0.976656,0.583017,0.315294,0.472402,1.34566,0.554561,-1.70585,-2.22872,0.847952,0.946737,0.675001,0.74439,0.400544,0.533332,0.958417,0.423946,-0.268422,0.511951,0.853884,1.35558,1.40534,-1.47612,1.06675,0.334964,1.2474,-1.69576,-0.362407,-0.208055,0.0671921,0.232634,0.489955,0.339597,0.280105,0.415522,0.662213,0.523566,0.394844,0.353388,0.796462,0.697905,1.32462,0.505651,0.427314,0.686375,0.332155,0.336043,0.0775447,0.275462,0.753899,0.629399,0.784445,0.40134,0.263669,0.781708,
0.69,0.75099,0.520926,0.545691,0.219475,0.665807,0.872123,-0.653723,0.39047,0.276008,0.31216,0.298001,0.309198,0.573182,0.636224,0.864279,0.823101,0.763719,0.62209,0.54152,0.546654,0.898761,0.876964,-0.336949,0.694656,1.12636,1.28656,1.32497,-1.16281,1.034,0.331436,1.02532,-1.40982,0.291459,0.397177,0.873407,0.2437,0.292665,0.483603,0.577143,0.660648,0.892713,0.599692,0.517566,-0.082118,0.570955,0.712656,-0.976466,0.582178,0.315101,0.472131,1.34557,0.554641,-1.70587,-2.22854,0.848828,0.947934,0.67583,0.745986,0.401962,0.534806,0.95884,0.424406,-0.267125,0.511766,0.853417,1.35557,1.40528,-1.47499,1.06642,0.335041,1.24712,-1.69555,-0.362145,-0.207863,0.0670983,0.232458,0.490028,0.340251,0.280415,0.415643,0.662997,0.524105,0.395288,0.354023,0.796281,0.697501,1.32409,0.506926,0.427331,0.684534,0.332548,0.336538,0.077389,0.276166,0.753623,0.628769,0.784022,0.402398,0.263433,0.778539,
0.695,0.750551,0.520422,0.546151,0.219974,0.666059,0.871814,-0.653331,0.389601,0.275878,0.311969,0.298101,0.309304,0.572953,0.636449,0.865208,0.824096,0.764713,0.62321,0.542819,0.5479,0.898885,0.87747,-0.335869,0.694505,1.12551,1.28658,1.32504,-1.16184,1.03346,0.331372,1.02492,-1.40934,0.291968,0.39728,0.872736,0.243517,0.292775,0.484435,0.577863,0.661374,0.892388,0.599039,0.51794,-0.0816274,0.570942,0.712317,-0.976269,0.581258,0.314895,0.47184,1.3452,0.554668,-1.70591,-2.22835,0.849783,0.94924,0.676739,0.747723,0.403524,0.536421,0.959299,0.424907,-0.265711,0.511573,0.852866,1.35511,1.40498,-1.47373,1.066,0.335107,1.24683,-1.69532,-0.361836,-0.207652,0.0669867,0.232269,0.490099,0.340965,0.280754,0.415777,0.663822,0.524676,0.395764,0.354705,0.79602,0.69706,1.32343,0.508288,0.427345,0.685474,0.332985,0.337085,0.0772189,0.276938,0.753192,0.628085,0.783469,0.403551,0.263185,0.780138,
0.7,0.750406,0.51986,0.546635,0.220511,0.666326,0.871658,-0.652902,0.388663,0.275739,0.311763,0.298201,0.309411,0.57271,0.636721,0.866206,0.825171,0.765775,0.624464,0.544234,0.549247,0.899041,0.878054,-0.334661,0.694329,1.12465,1.28666,1.32505,-1.16078,1.03302,0.3313,1.02452,-1.40879,0.292521,0.39739,0.872022,0.243318,0.292886,0.485321,0.57862,0.662129,0.891242,0.59832,0.51836,-0.0810653,0.570932,0.711978,-0.976062,0.580252,0.314678,0.471529,1.34479,0.554654,-1.70596,-2.22816,0.850821,0.950656,0.677727,0.749605,0.405234,0.538179,0.959796,0.425451,-0.264174,0.511372,0.852362,1.35477,1.40477,-1.47234,1.06555,0.335165,1.24651,-1.69507,-0.361464,-0.207419,0.0668572,0.232068,0.490168,0.341738,0.281123,0.415923,0.664695,0.525283,0.396272,0.355437,0.795745,0.69658,1.32275,0.509747,0.427361,0.685095,0.333464,0.337685,0.0770323,0.27778,0.752776,0.627343,0.782896,0.404811,0.262926,0.780196,
0.705,0.749829,0.519228,0.547152,0.221086,0.666627,0.871493,-0.652434,0.387655,0.275589,0.311541,0.298301,0.30952,0.572469,0.637064,0.867278,0.826324,0.766908,0.625857,0.545771,0.550699,0.899229,0.878719,-0.333319,0.694151,1.12374,1.28676,1.32518,-1.15961,1.03262,0.33122,1.02403,-1.40817,0.293123,0.397508,0.871263,0.243105,0.292998,0.486265,0.579414,0.662913,0.891246,0.597533,0.518825,-0.0804312,0.570925,0.711643,-0.975842,0.579156,0.31445,0.4712,1.34457,0.554672,-1.70602,-2.22797,0.851941,0.952187,0.678797,0.751651,0.407099,0.540086,0.960337,0.426039,-0.26251,0.511165,0.851797,1.35458,1.40463,-1.47081,1.06512,0.335213,1.24618,-1.69479,-0.361011,-0.207157,0.0667096,0.231855,0.49024,0.342571,0.281526,0.416084,0.665631,0.525937,0.396819,0.356223,0.795505,0.696059,1.32206,0.51132,0.427391,0.684213,0.333987,0.338337,0.0768276,0.278696,0.752391,0.626535,0.782332,0.406194,0.262657,0.779832,
0.71,0.749627,0.51852,0.5477,0.221704,0.666902,0.871065,-0.651922,0.386564,0.275426,0.311301,0.298402,0.309631,0.572187,0.637427,0.868432,0.827572,0.768124,0.627392,0.547442,0.552272,0.899451,0.879482,-0.331831,0.693947,1.12267,1.28685,1.32523,-1.15833,1.03196,0.331126,1.02365,-1.40748,0.293781,0.397636,0.870454,0.242877,0.293111,0.487269,0.580248,0.663724,0.888639,0.596676,0.51934,-0.0797228,0.570924,0.71123,-0.9756,0.577965,0.314209,0.47085,1.34416,0.554657,-1.7061,-2.22777,0.853158,0.953852,0.67996,0.753872,0.409136,0.542159,0.960925,0.426676,-0.260707,0.51095,0.851079,1.35435,1.4044,-1.46914,1.06461,0.335245,1.24582,-1.69446,-0.360458,-0.206859,0.0665399,0.23163,0.490309,0.343467,0.281965,0.416263,0.666635,0.526645,0.39741,0.357072,0.795189,0.695501,1.32124,0.513011,0.427444,0.684332,0.334562,0.339048,0.0766023,0.279695,0.751915,0.625663,0.781675,0.407714,0.262377,0.779294,
0.715,0.748472,0.517737,0.548283,0.222366,0.667192,0.870641,-0.651361,0.385372,0.27525,0.311044,0.298503,0.309745,0.571886,0.637807,0.869667,0.828913,0.769422,0.629068,0.549252,0.553968,0.899702,0.880327,-0.330195,0.693729,1.12149,1.28697,1.32538,-1.15694,1.03121,0.331022,1.0228,-1.40671,0.294498,0.397775,0.869591,0.242635,0.293226,0.488335,0.581123,0.664565,0.889602,0.595748,0.519906,-0.0789396,0.570929,0.710778,-0.975329,0.576675,0.313956,0.470479,1.3437,0.554619,-1.70619,-2.22756,0.85447,0.955643,0.681217,0.756281,0.411351,0.544399,0.961561,0.427363,-0.25876,0.510728,0.850346,1.35417,1.40416,-1.46733,1.06403,0.335264,1.24543,-1.69406,-0.359787,-0.20652,0.066349,0.231392,0.490373,0.344426,0.282444,0.416462,0.667718,0.527412,0.398051,0.357986,0.794864,0.694908,1.32037,0.514829,0.427532,0.683854,0.335188,0.339819,0.0763546,0.280776,0.751417,0.624724,0.780971,0.409354,0.26209,0.77859,
0.72,0.748626,0.516877,0.548902,0.223074,0.667507,0.87028,-0.65075,0.384075,0.275061,0.310771,0.298604,0.309862,0.571567,0.638242,0.87099,0.830352,0.770807,0.630883,0.551205,0.555794,0.899982,0.881263,-0.3284,0.693505,1.1202,1.2871,1.32549,-1.15541,1.03046,0.330908,1.02276,-1.40584,0.295277,0.397927,0.868673,0.242379,0.293344,0.489467,0.58204,0.665434,0.888238,0.594749,0.520527,-0.0780803,0.570944,0.710319,-0.975018,0.575284,0.31369,0.470088,1.34328,0.554579,-1.7063,-2.22734,0.855883,0.957577,0.682571,0.758877,0.413752,0.546812,0.962247,0.4281,-0.256668,0.510499,0.849566,1.35401,1.40395,-1.46536,1.06342,0.33527,1.24501,-1.69359,-0.358984,-0.206134,0.0661357,0.231142,0.490432,0.345452,0.282964,0.416681,0.668896,0.528241,0.398748,0.358972,0.794542,0.694276,1.31946,0.516794,0.427669,0.683466,0.335869,0.340651,0.076077,0.281941,0.750909,0.62371,0.780242,0.411098,0.261799,0.777809,
0.725,0.747408,0.515933,0.549555,0.223832,0.667818,0.869709,-0.650081,0.382673,0.274856,0.31048,0.298707,0.309983,0.571199,0.638707,0.87241,0.831901,0.772285,0.632849,0.553315,0.557763,0.900288,0.882273,-0.32643,0.693226,1.11881,1.28709,1.32562,-1.15373,1.02963,0.330778,1.02047,-1.40489,0.296122,0.398093,0.867692,0.242109,0.293464,0.490667,0.583004,0.666339,0.888043,0.593674,0.521209,-0.0771396,0.570971,0.709832,-0.974655,0.573788,0.313411,0.469676,1.34299,0.554552,-1.70642,-2.22711,0.857407,0.959663,0.684033,0.761674,0.416357,0.549414,0.962979,0.428891,-0.254421,0.510264,0.848693,1.35373,1.40356,-1.46324,1.06281,0.335256,1.24456,-1.69301,-0.358037,-0.205695,0.0658973,0.23088,0.490494,0.346548,0.283526,0.416922,0.670185,0.529141,0.399511,0.36004,0.794191,0.693607,1.31847,0.518927,0.427869,0.683003,0.336613,0.341552,0.0757646,0.283201,0.750316,0.622617,0.779437,0.412921,0.261506,0.776968,
0.73,0.747506,0.514899,0.550242,0.224644,0.668143,0.869308,-0.64935,0.381166,0.274633,0.310171,0.298812,0.31011,0.570805,0.639269,0.873937,0.833567,0.773868,0.634969,0.5556,0.559889,0.900621,0.883398,-0.324266,0.692914,1.11736,1.28721,1.32562,-1.15189,1.02888,0.330629,1.02144,-1.40384,0.297041,0.398277,0.86664,0.241826,0.293588,0.491941,0.584019,0.667286,0.885033,0.592521,0.521957,-0.0761107,0.571018,0.709337,-0.974228,0.572188,0.313117,0.46924,1.3428,0.554552,-1.70657,-2.22686,0.859051,0.961915,0.685614,0.76468,0.419181,0.552219,0.963764,0.429739,-0.252011,0.510022,0.847853,1.35374,1.40346,-1.46096,1.06219,0.33522,1.24407,-1.69232,-0.356936,-0.205197,0.065632,0.230605,0.490562,0.347719,0.284133,0.417186,0.671582,0.530122,0.400351,0.361202,0.793821,0.692911,1.31741,0.521208,0.428147,0.682406,0.337426,0.342527,0.0754156,0.284562,0.749722,0.621458,0.778594,0.414802,0.261217,0.776073,
0.735,0.745943,0.513778,0.550974,0.225508,0.668533,0.868888,-0.648557,0.379555,0.274395,0.309844,0.298918,0.310242,0.570414,0.639959,0.875556,0.835334,0.775539,0.637231,0.558047,0.56216,0.900978,0.88462,-0.32191,0.692567,1.11585,1.28732,1.32571,-1.14988,1.02808,0.330476,1.02001,-1.4027,0.298026,0.398478,0.865521,0.24153,0.293717,0.493299,0.585091,0.668284,0.885994,0.591304,0.522771,-0.0749956,0.571089,0.708854,-0.97373,0.57049,0.312809,0.468783,1.34296,0.554641,-1.70674,-2.22659,0.860803,0.96432,0.6873,0.76788,0.42221,0.555202,0.964595,0.430633,-0.249457,0.509774,0.846952,1.35408,1.40361,-1.45852,1.06158,0.335175,1.24354,-1.69149,-0.355686,-0.204639,0.0653427,0.230317,0.490637,0.348968,0.284788,0.417475,0.673119,0.531186,0.40127,0.362451,0.793501,0.692181,1.31636,0.523683,0.428522,0.681717,0.338305,0.343572,0.0750327,0.286016,0.749151,0.620216,0.77776,0.416786,0.26094,0.775133,
0.74,0.746194,0.512555,0.551769,0.226428,0.668987,0.868539,-0.647698,0.377836,0.274138,0.309499,0.299026,0.310383,0.570054,0.640772,0.877285,0.837224,0.777316,0.639651,0.560678,0.564603,0.901358,0.885968,-0.319334,0.692237,1.11427,1.28746,1.32593,-1.14768,1.02729,0.330305,1.02029,-1.40146,0.299087,0.398698,0.864326,0.241222,0.293853,0.494754,0.586229,0.669344,0.884667,0.590013,0.523661,-0.0737836,0.571189,0.708387,-0.973152,0.568702,0.312484,0.468302,1.34354,0.554889,-1.70693,-2.22629,0.862683,0.966901,0.689115,0.771292,0.425468,0.558393,0.965482,0.43158,-0.246745,0.509522,0.846015,1.35476,1.40401,-1.45592,1.06101,0.335105,1.24296,-1.69053,-0.35428,-0.204016,0.0650263,0.230016,0.490724,0.3503,0.285495,0.417789,0.674806,0.532357,0.402283,0.363807,0.79324,0.691422,1.3153,0.526356,0.429012,0.680968,0.339263,0.344696,0.0746142,0.287578,0.748619,0.618895,0.776933,0.418981,0.260683,0.774145,
0.745,0.744258,0.511225,0.552612,0.227408,0.669454,0.86818,-0.646768,0.376008,0.273862,0.309135,0.299138,0.310535,0.569725,0.641691,0.879131,0.839238,0.779204,0.642228,0.563499,0.567223,0.901756,0.887428,-0.316527,0.691912,1.11263,1.28759,1.3261,-1.14528,1.02652,0.33012,1.01897,-1.40012,0.300226,0.398939,0.863051,0.240901,0.293998,0.496306,0.587443,0.670477,0.884174,0.588651,0.524633,-0.0724708,0.571322,0.707906,-0.972485,0.566843,0.312142,0.467796,1.34433,0.55529,-1.70714,-2.22597,0.864689,0.969663,0.69106,0.774913,0.42896,0.561795,0.966415,0.432577,-0.243877,0.509264,0.845027,1.35556,1.40456,-1.45316,1.06044,0.335016,1.24234,-1.68942,-0.352717,-0.203324,0.064683,0.229699,0.490826,0.351719,0.286259,0.418133,0.676657,0.533633,0.403398,0.365275,0.792969,0.690638,1.31416,0.529238,0.429636,0.680166,0.340306,0.345902,0.0741602,0.28925,0.748022,0.617496,0.776029,0.421387,0.260455,0.773113,
0.75,0.744696,0.509787,0.553493,0.228449,0.669904,0.867757,-0.645767,0.374067,0.273565,0.308752,0.299253,0.310701,0.569417,0.642666,0.881091,0.841376,0.781198,0.64496,0.566517,0.570026,0.902168,0.888992,-0.313479,0.691585,1.11092,1.28771,1.32622,-1.14266,1.02571,0.329921,1.01888,-1.39868,0.301446,0.3992,0.861692,0.240567,0.294155,0.49795,0.588741,0.671692,0.880572,0.587221,0.525694,-0.071053,0.571492,0.707372,-0.971725,0.564946,0.311782,0.467265,1.34483,0.555745,-1.70738,-2.2256,0.866832,0.972612,0.69314,0.778738,0.432688,0.565408,0.967389,0.433621,-0.240858,0.509004,0.84397,1.35604,1.40501,-1.45024,1.05979,0.334908,1.24166,-1.68817,-0.350996,-0.202561,0.0643134,0.229366,0.490933,0.353231,0.287084,0.418507,0.67869,0.535018,0.404625,0.366862,0.79262,0.689832,1.31289,0.532342,0.430415,0.679303,0.341437,0.347193,0.0736707,0.291036,0.747271,0.61602,0.77492,0.423971,0.260266,0.772034,
0.755,0.741463,0.508236,0.554415,0.229554,0.670353,0.867075,-0.644691,0.372011,0.273246,0.30835,0.299374,0.310887,0.569107,0.643662,0.883169,0.843639,0.783305,0.647846,0.569736,0.57302,0.90259,0.890661,-0.31018,0.6912,1.10904,1.28777,1.32628,-1.1398,1.02467,0.32971,1.01833,-1.39714,0.302748,0.399484,0.860248,0.24022,0.294329,0.499688,0.590131,0.672999,0.881816,0.585726,0.526851,-0.0695244,0.571707,0.706781,-0.97087,0.563062,0.311403,0.466708,1.34513,0.556196,-1.70764,-2.2252,0.869108,0.975752,0.695361,0.782764,0.436657,0.569234,0.9684,0.434708,-0.237692,0.508741,0.842753,1.35643,1.40524,-1.44715,1.05904,0.334781,1.24092,-1.68678,-0.349115,-0.201725,0.0639175,0.229015,0.49104,0.354843,0.287976,0.418917,0.680919,0.53652,0.405973,0.368576,0.792228,0.689009,1.31152,0.535679,0.431371,0.678347,0.342676,0.348573,0.0731458,0.292939,0.746447,0.614467,0.773772,0.426716,0.260124,0.770896,
0.76,0.742769,0.506566,0.555364,0.230725,0.67073,0.866489,-0.643538,0.369837,0.272906,0.307928,0.299503,0.311098,0.568803,0.644592,0.885366,0.846026,0.785525,0.650881,0.573164,0.57621,0.903017,0.892446,-0.306619,0.690728,1.10715,1.28782,1.32629,-1.13671,1.02372,0.329485,1.01787,-1.3955,0.304134,0.39979,0.858718,0.239861,0.294529,0.501514,0.59162,0.674406,0.88007,0.584169,0.528113,-0.0678787,0.57197,0.706151,-0.96992,0.56126,0.311003,0.466124,1.34495,0.556579,-1.70792,-2.22476,0.871523,0.979089,0.697728,0.786987,0.440872,0.573276,0.96944,0.435836,-0.234384,0.508477,0.841635,1.35675,1.40543,-1.44389,1.05817,0.334636,1.24013,-1.68525,-0.347075,-0.200815,0.0634947,0.228645,0.491143,0.356561,0.288942,0.419365,0.683362,0.53815,0.407453,0.370424,0.791721,0.688172,1.30999,0.539262,0.432526,0.677367,0.344046,0.350048,0.0725856,0.294964,0.745484,0.612841,0.772386,0.429612,0.26003,0.769696,
0.765,0.740517,0.504771,0.556371,0.231965,0.671154,0.865855,-0.642306,0.367544,0.272544,0.307487,0.299641,0.311343,0.568503,0.645526,0.887684,0.848542,0.787858,0.65406,0.576804,0.5796,0.903443,0.894349,-0.302787,0.690179,1.10514,1.28784,1.32637,-1.13335,1.02268,0.329248,1.01713,-1.39376,0.305606,0.40012,0.8571,0.239488,0.294761,0.503444,0.593214,0.675918,0.879839,0.582554,0.529487,-0.0661097,0.572294,0.705547,-0.968875,0.559584,0.310582,0.46551,1.34488,0.556949,-1.70823,-2.22427,0.874079,0.982623,0.700246,0.791395,0.445334,0.577537,0.970512,0.436999,-0.23094,0.508214,0.840188,1.35707,1.40563,-1.44048,1.05726,0.334474,1.23926,-1.68359,-0.344874,-0.199827,0.063043,0.228253,0.491248,0.358393,0.28999,0.419854,0.686035,0.539923,0.409073,0.372412,0.791279,0.687328,1.3085,0.543098,0.433901,0.676308,0.345577,0.35162,0.0719907,0.297114,0.744612,0.611144,0.771282,0.43264,0.259982,0.768438,
0.77,0.740957,0.502849,0.55743,0.233277,0.671584,0.865147,-0.640992,0.36513,0.27216,0.307026,0.299794,0.31163,0.567874,0.646469,0.89012,0.851185,0.790309,0.657376,0.580654,0.583194,0.903862,0.896358,-0.298682,0.689567,1.10298,1.28786,1.32644,-1.12972,1.02159,0.329,1.01623,-1.39192,0.307165,0.400475,0.855392,0.239102,0.295039,0.505483,0.59492,0.677543,0.875488,0.580886,0.530981,-0.0642111,0.572687,0.70493,-0.967736,0.557949,0.310139,0.464865,1.34481,0.557328,-1.70856,-2.22373,0.876777,0.986358,0.702919,0.795981,0.450044,0.582015,0.971606,0.438194,-0.227367,0.507953,0.83907,1.35735,1.40574,-1.4369,1.05632,0.334296,1.23833,-1.6818,-0.342514,-0.198759,0.0625594,0.227839,0.491358,0.360346,0.291126,0.420388,0.688953,0.541837,0.410841,0.374545,0.790829,0.686482,1.30692,0.547195,0.43552,0.675176,0.347272,0.353294,0.071363,0.299391,0.74365,0.609382,0.769408,0.435767,0.260047,0.767122,
0.775,0.739233,0.500795,0.558548,0.234662,0.67205,0.864398,-0.639595,0.362599,0.271753,0.306546,0.299966,0.311971,0.567197,0.64746,0.892676,0.853954,0.792876,0.660818,0.584715,0.586993,0.904269,0.89848,-0.294303,0.688905,1.10066,1.28783,1.32647,-1.12581,1.0204,0.328741,1.01523,-1.38999,0.308811,0.400856,0.853593,0.238702,0.295379,0.50764,0.596743,0.679286,0.877102,0.579171,0.532602,-0.0621765,0.57316,0.704334,-0.966503,0.556004,0.309673,0.464186,1.34495,0.557754,-1.70892,-2.22315,0.879619,0.990293,0.70575,0.800728,0.454998,0.586711,0.972716,0.439415,-0.223674,0.507695,0.83697,1.35783,1.40598,-1.43317,1.05536,0.334105,1.23732,-1.67988,-0.339998,-0.197608,0.0620401,0.227399,0.491481,0.362429,0.292358,0.420972,0.692132,0.543905,0.412767,0.376828,0.790401,0.685641,1.30528,0.551561,0.437402,0.673975,0.349111,0.355072,0.070704,0.301801,0.742714,0.607558,0.768668,0.439031,0.260221,0.765754,
0.78,0.738446,0.498608,0.55971,0.236123,0.672462,0.86356,-0.638112,0.359954,0.271322,0.306045,0.300166,0.312378,0.566483,0.648375,0.89535,0.856848,0.795563,0.664371,0.588983,0.590997,0.904654,0.900691,-0.289654,0.688155,1.09821,1.28776,1.32639,-1.12162,1.01917,0.328471,1.01418,-1.38795,0.310545,0.401263,0.851699,0.238287,0.295798,0.509901,0.598691,0.681153,0.875395,0.577414,0.534356,-0.0600005,0.57372,0.703696,-0.965175,0.552952,0.309182,0.463469,1.34466,0.558136,-1.7093,-2.22252,0.882602,0.994429,0.708744,0.805618,0.460194,0.591622,0.973833,0.440657,-0.219869,0.507443,0.836333,1.358,1.4059,-1.42927,1.05431,0.333903,1.23623,-1.67784,-0.337326,-0.196371,0.0614818,0.226934,0.491609,0.364649,0.293693,0.421609,0.695587,0.546122,0.414856,0.379264,0.78987,0.684811,1.30349,0.556197,0.439569,0.672711,0.351048,0.35696,0.0700158,0.304345,0.741565,0.60568,0.760816,0.442655,0.260614,0.76434,
0.785,0.736213,0.496287,0.560917,0.237663,0.672848,0.862769,-0.636541,0.357198,0.270869,0.305524,0.300404,0.312865,0.565738,0.649214,0.898139,0.859865,0.798374,0.668021,0.593456,0.595203,0.905007,0.902989,-0.28474,0.687335,1.09571,1.28765,1.32637,-1.11714,1.018,0.328192,1.01306,-1.38582,0.312365,0.401698,0.84971,0.237857,0.296317,0.512262,0.600769,0.683149,0.875057,0.575622,0.536252,-0.0576784,0.574376,0.70307,-0.963754,0.549523,0.308666,0.462711,1.34413,0.558461,-1.70971,-2.22184,0.885723,0.99876,0.711901,0.810645,0.465627,0.596746,0.974949,0.441914,-0.215963,0.507197,0.83207,1.35796,1.40578,-1.42523,1.05319,0.333691,1.23506,-1.67568,-0.334502,-0.195043,0.0608824,0.226442,0.49175,0.367015,0.29514,0.422305,0.699328,0.5485,0.417117,0.381856,0.789314,0.684,1.30166,0.561107,0.442041,0.671396,0.353057,0.35896,0.0693003,0.307024,0.740438,0.603753,0.765115,0.446522,0.26125,0.76289,
0.79,0.736198,0.493835,0.562194,0.239283,0.673296,0.861901,-0.63488,0.354336,0.27039,0.304982,0.300692,0.313443,0.564967,0.650025,0.901041,0.863009,0.801316,0.67175,0.598122,0.599608,0.905321,0.905369,-0.279571,0.686467,1.09305,1.28757,1.32646,-1.11237,1.0167,0.327903,1.01187,-1.38361,0.314269,0.402161,0.84762,0.237412,0.296959,0.514738,0.602982,0.685276,0.870648,0.573801,0.538298,-0.0552074,0.57514,0.702459,-0.962238,0.545846,0.308124,0.461908,1.34366,0.558796,-1.71014,-2.22113,0.888982,1.00328,0.715225,0.815802,0.471293,0.602077,0.97606,0.443179,-0.211964,0.50696,0.832993,1.35807,1.40578,-1.42104,1.05202,0.333472,1.23381,-1.6734,-0.331528,-0.193622,0.0602419,0.225922,0.491907,0.369531,0.296708,0.423065,0.70337,0.551052,0.419553,0.384604,0.788819,0.683216,1.29983,0.56629,0.444835,0.669985,0.355261,0.361077,0.0685602,0.309841,0.739341,0.601787,0.763765,0.45058,0.262125,0.761403,
0.795,0.735537,0.491254,0.563532,0.240985,0.67379,0.861003,-0.633129,0.351374,0.269886,0.304418,0.301047,0.314124,0.564172,0.650886,0.904053,0.866274,0.804394,0.675538,0.602975,0.604206,0.905588,0.907801,-0.274159,0.685538,1.0902,1.28739,1.32632,-1.10732,1.01531,0.327605,1.01062,-1.3813,0.316256,0.402655,0.845426,0.236952,0.297747,0.517336,0.605331,0.687534,0.872298,0.571958,0.540497,-0.0525842,0.576023,0.701893,-0.960628,0.541952,0.307552,0.461055,1.34336,0.559157,-1.7106,-2.22037,0.892376,1.00798,0.71872,0.821046,0.477182,0.607614,0.977152,0.444447,-0.207884,0.506733,0.829532,1.35829,1.40586,-1.41671,1.05084,0.333248,1.23247,-1.67103,-0.328409,-0.192104,0.059562,0.225372,0.492089,0.372203,0.298407,0.423895,0.707719,0.553756,0.422166,0.387508,0.78833,0.682466,1.29792,0.571742,0.447965,0.668487,0.357777,0.363312,0.0677983,0.312798,0.738198,0.59979,0.762132,0.454831,0.263254,0.759892,
0.8,0.734408,0.48855,0.564931,0.242769,0.674318,0.86003,-0.631285,0.348317,0.269354,0.303831,0.301485,0.314919,0.563357,0.651779,0.90717,0.869659,0.807605,0.679365,0.607999,0.60899,0.905798,0.910273,-0.268524,0.684547,1.08718,1.28724,1.32631,-1.102,1.01384,0.327299,1.00929,-1.37892,0.318323,0.403182,0.843125,0.236477,0.298699,0.520057,0.607818,0.689923,0.870957,0.570102,0.542857,-0.0498058,0.577033,0.701335,-0.958924,0.53785,0.306949,0.460149,1.34309,0.559564,-1.71108,-2.21958,0.895895,1.01284,0.722392,0.826384,0.483287,0.613347,0.978218,0.445711,-0.203734,0.506519,0.829677,1.35857,1.40599,-1.41223,1.0496,0.333021,1.23104,-1.66854,-0.325149,-0.190483,0.0588466,0.224793,0.4923,0.375036,0.300246,0.424799,0.712384,0.556626,0.42496,0.390566,0.787856,0.681758,1.29599,0.577459,0.451445,0.666895,0.360564,0.36567,0.0670184,0.315895,0.737023,0.597772,0.760474,0.459277,0.264652,0.758355,
0.805,0.732981,0.485725,0.566397,0.244636,0.674905,0.859131,-0.629348,0.345174,0.268791,0.30322,0.302026,0.315835,0.562526,0.652745,0.910394,0.87316,0.81095,0.683205,0.61318,0.613951,0.905946,0.912771,-0.262683,0.683499,1.08403,1.28702,1.32617,-1.0964,1.01234,0.326985,1.0079,-1.37645,0.320466,0.403745,0.840712,0.235985,0.299836,0.522907,0.610444,0.692441,0.870253,0.56824,0.545381,-0.0468699,0.578179,0.700842,-0.957125,0.533541,0.306312,0.459188,1.343,0.560045,-1.71159,-2.21876,0.899534,1.01785,0.726243,0.831769,0.489593,0.619273,0.979248,0.446964,-0.199525,0.506321,0.824065,1.35893,1.40622,-1.40763,1.04836,0.332792,1.22951,-1.66597,-0.321754,-0.188757,0.0580932,0.224177,0.49255,0.378036,0.302234,0.425783,0.717368,0.559655,0.427934,0.393778,0.787411,0.681099,1.29402,0.583433,0.455282,0.665237,0.363581,0.368152,0.0662243,0.319131,0.735861,0.595746,0.758784,0.463916,0.26633,0.756806,
0.81,0.731423,0.482786,0.567936,0.246587,0.675539,0.858142,-0.627321,0.341953,0.268196,0.302584,0.302686,0.316882,0.561684,0.653727,0.913716,0.876778,0.814431,0.687036,0.618502,0.61908,0.906022,0.915282,-0.256659,0.682407,1.08068,1.28677,1.32613,-1.09054,1.01075,0.326663,1.00643,-1.37393,0.322681,0.404344,0.838187,0.235478,0.30117,0.525884,0.613209,0.695084,0.86678,0.566382,0.548076,-0.0437744,0.579471,0.700381,-0.955233,0.529026,0.305637,0.458168,1.34299,0.56061,-1.71213,-2.21791,0.903287,1.02299,0.730273,0.837192,0.496088,0.625381,0.980234,0.448197,-0.195272,0.506142,0.82572,1.35929,1.40642,-1.4029,1.04708,0.332565,1.22787,-1.66331,-0.31823,-0.186923,0.0573012,0.223522,0.492843,0.381206,0.304381,0.426854,0.722672,0.562853,0.431086,0.397139,0.786989,0.680495,1.29203,0.589653,0.459484,0.663501,0.366791,0.37076,0.0654206,0.322506,0.734687,0.593723,0.757066,0.468754,0.268298,0.755247,
0.815,0.729811,0.47974,0.569538,0.248622,0.676232,0.857271,-0.625202,0.338666,0.267567,0.30192,0.30348,0.318062,0.560836,0.654756,0.917133,0.880504,0.818039,0.690832,0.62395,0.624364,0.906008,0.917773,-0.250477,0.681286,1.07731,1.28651,1.32595,-1.08444,1.0092,0.326336,1.00489,-1.37134,0.324964,0.404982,0.83555,0.234955,0.302709,0.528989,0.616112,0.697848,0.867911,0.564535,0.550945,-0.0405182,0.580915,0.699995,-0.953248,0.524306,0.304922,0.457087,1.34315,0.561284,-1.71268,-2.21704,0.907145,1.02825,0.734477,0.842618,0.502755,0.631661,0.981161,0.449403,-0.190989,0.50599,0.82176,1.35975,1.40676,-1.39804,1.0458,0.33234,1.22614,-1.66056,-0.314585,-0.184977,0.0564856,0.222829,0.493192,0.38455,0.306695,0.428015,0.728294,0.566196,0.434411,0.400653,0.786596,0.679954,1.29002,0.596109,0.464051,0.66172,0.370133,0.373495,0.064612,0.326018,0.733508,0.591717,0.755348,0.473783,0.270653,0.75369,
0.82,0.728129,0.476594,0.571202,0.25074,0.676962,0.856273,-0.622994,0.335322,0.266903,0.301229,0.304422,0.31938,0.559988,0.655304,0.920635,0.884336,0.821767,0.694574,0.629503,0.629792,0.905815,0.920237,-0.244161,0.680154,1.07363,1.28623,1.32583,-1.07811,1.00758,0.326001,1.00327,-1.3687,0.32731,0.405659,0.832805,0.234416,0.304454,0.532213,0.619148,0.700726,0.866808,0.562708,0.553991,-0.0371012,0.58252,0.699642,-0.951172,0.519384,0.304164,0.455945,1.34332,0.56206,-1.71326,-2.21616,0.911093,1.03362,0.738856,0.848034,0.509574,0.638101,0.98202,0.450574,-0.186691,0.50587,0.822038,1.36029,1.40711,-1.39308,1.04448,0.332119,1.22429,-1.65775,-0.310828,-0.182917,0.055668,0.222098,0.493599,0.388069,0.309181,0.429272,0.73423,0.569691,0.437906,0.404321,0.786216,0.679481,1.28797,0.602785,0.46898,0.659871,0.373794,0.376356,0.0638038,0.329665,0.732314,0.589742,0.753531,0.479004,0.273517,0.752134,
0.825,0.726418,0.473356,0.57294,0.252941,0.677772,0.855387,-0.620699,0.331933,0.266202,0.300509,0.305519,0.320835,0.559148,0.655536,0.924217,0.88826,0.825607,0.698234,0.635141,0.635351,0.90554,0.922652,-0.23774,0.679019,1.07019,1.28587,1.32568,-1.07158,1.00594,0.325661,1.00158,-1.36602,0.329714,0.406376,0.82996,0.233861,0.306406,0.535561,0.622311,0.703706,0.866103,0.560913,0.557217,-0.0335251,0.584291,0.699377,-0.949008,0.514265,0.303361,0.454739,1.34364,0.562958,-1.71385,-2.21527,0.915126,1.03907,0.743406,0.853394,0.516525,0.644688,0.982801,0.451701,-0.182394,0.505786,0.816331,1.36079,1.40748,-1.38802,1.04315,0.331904,1.22232,-1.65486,-0.306968,-0.180741,0.0548734,0.221335,0.494076,0.391764,0.311847,0.430629,0.740471,0.573333,0.441563,0.40814,0.785876,0.67908,1.28594,0.609665,0.474267,0.657986,0.377954,0.379344,0.0630014,0.333443,0.731156,0.587812,0.75198,0.484417,0.276706,0.750595,
0.83,0.72465,0.470036,0.574749,0.255223,0.678625,0.854381,-0.618318,0.328512,0.265465,0.299759,0.306774,0.322425,0.558324,0.655491,0.927867,0.892271,0.829548,0.701792,0.640848,0.641027,0.905318,0.925013,-0.231239,0.677882,1.06578,1.28546,1.32551,-1.06486,1.00418,0.325316,0.999812,-1.36331,0.332169,0.407133,0.827027,0.233289,0.308562,0.53902,0.625591,0.706772,0.864943,0.559157,0.560625,-0.0297921,0.586235,0.699166,-0.946755,0.508955,0.302512,0.453469,1.34395,0.563944,-1.71446,-2.21437,0.919235,1.04461,0.748117,0.858667,0.523585,0.65141,0.983494,0.452776,-0.178116,0.505736,0.817732,1.36125,1.40776,-1.38286,1.04178,0.331696,1.22022,-1.65193,-0.303013,-0.17845,0.0541284,0.220539,0.494626,0.395633,0.314697,0.432091,0.747006,0.577121,0.445375,0.412101,0.785541,0.678753,1.28384,0.616733,0.4799,0.656052,0.382403,0.382456,0.0622104,0.33735,0.729997,0.585944,0.747626,0.49,0.280061,0.749075,
0.835,0.72286,0.466642,0.576618,0.257584,0.679547,0.853507,-0.615857,0.32507,0.264691,0.298978,0.308185,0.324147,0.557526,0.655287,0.931579,0.896361,0.833583,0.70523,0.646605,0.646809,0.905164,0.927287,-0.224685,0.676768,1.06314,1.28504,1.32525,-1.05797,1.00246,0.324967,0.997971,-1.36057,0.334668,0.407931,0.824024,0.232701,0.310915,0.542591,0.628971,0.709904,0.864476,0.557451,0.564215,-0.0259048,0.588358,0.699049,-0.944418,0.503466,0.301616,0.452127,1.34439,0.565039,-1.71509,-2.21347,0.923405,1.05022,0.752977,0.863823,0.530728,0.658252,0.984083,0.45379,-0.173874,0.505717,0.811592,1.3618,1.40815,-1.37762,1.04041,0.331494,1.21799,-1.64894,-0.298975,-0.176044,0.0534625,0.219716,0.495262,0.399673,0.317737,0.433661,0.75382,0.581032,0.449332,0.416195,0.785238,0.678505,1.28176,0.623969,0.485865,0.654096,0.387141,0.385691,0.0614362,0.341381,0.728872,0.584152,0.748551,0.495791,0.283894,0.747587,
0.84,0.721021,0.463186,0.578551,0.260024,0.68051,0.852484,-0.613318,0.321621,0.263882,0.298164,0.309745,0.325998,0.556767,0.654896,0.935345,0.900518,0.837701,0.708531,0.652392,0.652681,0.904744,0.929473,-0.218105,0.675681,1.05524,1.28459,1.32507,-1.05093,1.00059,0.324613,0.996059,-1.35782,0.337206,0.408772,0.820976,0.232094,0.313459,0.546248,0.632435,0.713078,0.863638,0.555803,0.567987,-0.0218664,0.590662,0.698979,-0.941997,0.497806,0.300673,0.450707,1.34468,0.566187,-1.71573,-2.21257,0.927632,1.05589,0.757978,0.868843,0.537928,0.665194,0.984564,0.454733,-0.169687,0.505731,0.813293,1.36222,1.40842,-1.37231,1.03897,0.3313,1.21563,-1.64592,-0.294864,-0.173525,0.0529083,0.218867,0.495981,0.403881,0.320969,0.435342,0.760897,0.585084,0.453427,0.420416,0.784925,0.678334,1.27962,0.631354,0.492144,0.652103,0.39217,0.389045,0.0606844,0.345529,0.727739,0.582453,0.74092,0.501705,0.288415,0.74613,
0.845,0.719168,0.459675,0.580546,0.262538,0.681554,0.851606,-0.610707,0.318175,0.263039,0.297318,0.311447,0.327972,0.55606,0.654403,0.939157,0.90474,0.8419,0.711683,0.658191,0.658626,0.904081,0.931552,-0.211525,0.674608,1.05552,1.28413,1.32481,-1.04378,0.998758,0.324256,0.994075,-1.35507,0.339774,0.409656,0.817911,0.231469,0.316186,0.550006,0.635962,0.716271,0.863129,0.554224,0.571938,-0.0176813,0.593151,0.699018,-0.939495,0.491987,0.299683,0.44921,1.34513,0.567445,-1.71637,-2.21167,0.931908,1.06162,0.763111,0.873686,0.545158,0.672221,0.984926,0.455598,-0.165573,0.505744,0.806986,1.36281,1.4088,-1.36695,1.03754,0.331112,1.21317,-1.64286,-0.29069,-0.170894,0.0525024,0.217995,0.496794,0.408251,0.324394,0.437137,0.768217,0.589252,0.457653,0.42475,0.78466,0.678242,1.27752,0.638867,0.498717,0.650097,0.397489,0.392514,0.0599602,0.349792,0.7267,0.580861,0.744817,0.507808,0.293467,0.744717,
0.85,0.717268,0.456122,0.582591,0.265125,0.682618,0.850502,-0.60803,0.314745,0.262164,0.296439,0.31328,0.330064,0.55542,0.653729,0.943006,0.909017,0.846169,0.714674,0.663985,0.664629,0.903277,0.933511,-0.204967,0.673484,1.04825,1.28361,1.32455,-1.03653,0.996732,0.323896,0.992022,-1.35231,0.34236,0.410584,0.814864,0.230825,0.319085,0.55381,0.639535,0.719466,0.862573,0.552721,0.576067,-0.0133547,0.595825,0.699093,-0.936916,0.486022,0.298647,0.44764,1.34525,0.568693,-1.71702,-2.21088,0.936221,1.0674,0.768363,0.878328,0.552389,0.679309,0.98516,0.456376,-0.16155,0.505762,0.808692,1.36319,1.40893,-1.36154,1.03601,0.330929,1.21049,-1.63979,-0.286464,-0.168155,0.0179826,0.217104,0.497688,0.412775,0.328011,0.439046,0.77576,0.593525,0.462,0.429182,0.784347,0.678225,1.2753,0.646489,0.50556,0.64806,0.403088,0.396093,0.0592688,0.354165,0.72558,0.579391,0.743304,0.514078,0.298891,0.743344,
0.855,0.71536,0.452534,0.584695,0.267782,0.683777,0.849553,-0.605292,0.311341,0.261258,0.295526,0.315231,0.332267,0.554856,0.652958,0.95,0.913341,0.850499,0.717499,0.669758,0.670674,0.902358,0.935351,-0.198453,0.672272,1.0475,1.28308,1.32425,-1.02921,0.994719,0.323535,0.989895,-1.34957,0.344953,0.411556,0.81187,0.23016,0.322144,0.557696,0.643144,0.722653,0.862153,0.551303,0.580369,-0.00889243,0.598684,0.699288,-0.934263,0.479925,0.297567,0.446003,1.34558,0.570012,-1.71767,-2.21031,0.940566,1.07321,0.773724,0.882729,0.559592,0.686446,0.985275,0.457062,-0.157637,0.505788,0.802085,1.36375,1.40912,-1.35611,1.03449,0.330748,1.20813,-1.63673,-0.282196,-0.165312,-0.0099349,0.216196,0.498672,0.417445,0.331815,0.441068,0.783502,0.597892,0.466453,0.433697,0.784087,0.678282,1.27313,0.654197,0.512648,0.646009,0.408994,0.399776,0.0586144,0.358642,0.724622,0.578057,0.741678,0.520441,0.30458,0.74202,
0.86,0.713463,0.448922,0.586859,0.270504,0.685023,0.848755,-0.602502,0.307971,0.260324,0.294579,0.317288,0.334573,0.554376,0.652144,0.955571,0.917707,0.854882,0.720152,0.675505,0.676747,0.901332,0.937075,-0.192002,0.670771,1.04217,1.28261,1.32401,-1.02184,0.992774,0.323175,0.987696,-1.34685,0.347545,0.412575,0.808953,0.229472,0.32535,0.561671,0.646782,0.725831,0.861874,0.549978,0.58484,-0.0043019,0.601728,0.699606,-0.93154,0.473714,0.296439,0.444305,1.34598,0.57143,-1.71831,-2.2099,0.944927,1.07904,0.779185,0.886867,0.566736,0.693606,0.985256,0.457649,-0.153852,0.505828,0.80388,1.36436,1.40949,-1.35067,1.03297,0.330567,1.18579,-1.63367,-0.277898,-0.162368,-0.00967596,0.215275,0.499755,0.422249,0.335797,0.443202,0.79142,0.602354,0.470999,0.438281,0.783864,0.678409,1.27098,0.661973,0.519954,0.643947,0.415173,0.403557,0.0580012,0.363212,0.723726,0.576872,0.74019,0.526957,0.311142,0.740752,
0.865,0.711574,0.445294,0.589075,0.273289,0.686353,0.848036,-0.599665,0.304645,0.259358,0.293597,0.319438,0.336973,0.553977,0.65133,0.960078,0.922105,0.859315,0.722635,0.681211,0.682835,0.900208,0.938674,-0.18563,0.669085,1.03619,1.28213,1.32374,-1.01444,0.990917,0.322816,0.985426,-1.34415,0.350129,0.413638,0.806092,0.228756,0.328686,0.565752,0.65045,0.729012,0.861735,0.548752,0.589473,0.000409053,0.604955,0.700065,-0.928751,0.467403,0.295262,0.44255,1.34663,0.573012,-1.71893,-2.20958,0.949296,1.08487,0.784733,0.890719,0.573795,0.700774,0.985124,0.458132,-0.15021,0.505891,0.797374,1.36515,1.41004,-1.34523,1.03151,0.330382,1.20259,-1.63063,-0.27358,-0.159329,-0.00997692,0.214344,0.500946,0.427173,0.33995,0.445445,0.799489,0.606883,0.47562,0.442922,0.783688,0.678599,1.26886,0.669796,0.52745,0.641873,0.42157,0.407427,0.0574326,0.367864,0.722937,0.575847,0.738643,0.533613,0.318367,0.739549,
0.87,0.709669,0.441659,0.591332,0.276133,0.687705,0.84711,-0.59679,0.301371,0.258366,0.29258,0.321666,0.339458,0.553657,0.650401,0.9642,0.926532,0.863793,0.72495,0.686859,0.688925,0.898994,0.940139,-0.17935,0.667291,1.03486,1.28158,1.32346,-1.00704,0.98889,0.322461,0.983087,-1.34148,0.352698,0.414748,0.803144,0.228011,0.332135,0.569858,0.654158,0.732211,0.86169,0.547631,0.594262,0.0361023,0.608357,0.700588,-0.925901,0.461011,0.294039,0.440745,1.34696,0.574597,-1.71953,-2.20933,0.953662,1.09068,0.790353,0.894258,0.580739,0.707923,0.984973,0.458507,-0.146727,0.50599,0.799096,1.36558,1.41033,-1.33981,1.02997,0.330192,1.19897,-1.62762,-0.26925,-0.156202,-0.0133453,0.213408,0.502225,0.432204,0.344262,0.447791,0.807685,0.611463,0.480303,0.447608,0.783447,0.678849,1.26661,0.677648,0.535107,0.639766,0.428275,0.41138,0.0569115,0.372587,0.72209,0.574991,0.737256,0.540334,0.326058,0.738406,
0.875,0.707768,0.438024,0.593632,0.279033,0.689119,0.8463,-0.593883,0.298158,0.25735,0.291529,0.323957,0.342017,0.55341,0.649391,0.968285,0.930982,0.86831,0.727104,0.692449,0.695007,0.897699,0.941484,-0.173174,0.665436,1.03081,1.28108,1.32319,-0.999642,0.986873,0.32211,0.980682,-1.33885,0.355248,0.415904,0.799981,0.227235,0.335679,0.574009,0.657919,0.735452,0.861765,0.54662,0.599198,0.0714921,0.611932,0.701232,-0.922996,0.454552,0.292776,0.438895,1.34736,0.57624,-1.7201,-2.20913,0.958006,1.09645,0.796031,0.897467,0.587543,0.715037,0.984576,0.458782,-0.143416,0.506135,0.792906,1.36613,1.41059,-1.33443,1.02845,0.329996,1.19663,-1.62464,-0.264923,-0.152993,-0.0172947,0.212469,0.503594,0.437332,0.348726,0.450238,0.815983,0.616089,0.485032,0.452328,0.783229,0.679152,1.26438,0.685511,0.542899,0.63764,0.435168,0.415406,0.0564402,0.37737,0.721409,0.574311,0.735845,0.547113,0.334186,0.737346,
0.88,0.705877,0.434399,0.595971,0.281985,0.690587,0.845498,-0.590954,0.295013,0.256317,0.290443,0.326297,0.344639,0.553081,0.648288,0.972377,0.935442,0.872861,0.729103,0.697974,0.701072,0.896335,0.942711,-0.167108,0.663545,1.0275,1.28058,1.32292,-0.992275,0.984824,0.321765,0.978213,-1.33626,0.357773,0.417106,0.796549,0.22643,0.339298,0.578184,0.66175,0.73876,0.86197,0.545719,0.60427,0.107204,0.615671,0.70197,-0.920042,0.448038,0.291478,0.437005,1.34765,0.577892,-1.72064,-2.20895,0.962322,1.10218,0.801754,0.900329,0.594182,0.722096,0.983843,0.458965,-0.140288,0.506333,0.794245,1.36655,1.41077,-1.3291,1.02691,0.329793,1.19428,-1.62172,-0.260618,-0.149711,-0.0215282,0.211532,0.505044,0.442545,0.353331,0.452782,0.82436,0.620745,0.489796,0.457071,0.782994,0.679501,1.26209,0.69337,0.550797,0.635501,0.442329,0.419496,0.0560188,0.382198,0.720765,0.573812,0.73456,0.553996,0.342732,0.736385,
0.885,0.704008,0.430788,0.598348,0.284987,0.692131,0.844801,-0.588009,0.291944,0.255271,0.28932,0.328669,0.347311,0.552757,0.647154,0.976479,0.939913,0.877439,0.730962,0.703431,0.707113,0.894911,0.943827,-0.161158,0.661635,1.02451,1.28013,1.3227,-0.984954,0.982843,0.321426,0.975684,-1.33371,0.360272,0.418353,0.792861,0.225595,0.342971,0.582421,0.665669,0.742159,0.862314,0.544926,0.609469,0.143383,0.619574,0.702819,-0.917045,0.441485,0.290151,0.435079,1.34815,0.579644,-1.72115,-2.20878,0.966599,1.10784,0.807512,0.902845,0.600635,0.729083,0.982912,0.459079,-0.13735,0.506586,0.789006,1.36713,1.41106,-1.32383,1.02541,0.329583,1.19176,-1.61884,-0.256354,-0.146364,-0.0259418,0.210601,0.506585,0.447831,0.358068,0.455418,0.832794,0.625423,0.494581,0.461827,0.782796,0.679889,1.25984,0.701209,0.558778,0.633361,0.449636,0.42364,0.0556465,0.38706,0.720266,0.573495,0.733349,0.560927,0.351649,0.73553,
0.89,0.70215,0.427199,0.600752,0.288034,0.693708,0.844023,-0.585056,0.288959,0.254217,0.288158,0.331059,0.350022,0.552428,0.645928,0.98059,0.944383,0.882038,0.732688,0.70881,0.713123,0.893439,0.944831,-0.155327,0.659716,1.0209,1.27968,1.3225,-0.977691,0.980802,0.321092,0.9731,-1.3312,0.362742,0.419643,0.788552,0.224732,0.346677,0.586652,0.669692,0.745668,0.862773,0.54424,0.614782,0.180019,0.623636,0.70373,-0.914014,0.434906,0.288803,0.433125,1.34844,0.581393,-1.72164,-2.20863,0.970827,1.11343,0.813293,0.905013,0.606881,0.735975,0.981805,0.459153,-0.134609,0.506894,0.789419,1.3674,1.41113,-1.31864,1.02389,0.329366,1.18894,-1.61602,-0.252142,-0.14296,-0.0304994,0.20968,0.508196,0.453179,0.362924,0.45814,0.841265,0.630099,0.499379,0.466586,0.782554,0.68031,1.25751,0.709016,0.566815,0.631217,0.457148,0.427827,0.0553223,0.391943,0.719763,0.57336,0.732149,0.567878,0.360906,0.734765,
0.895,0.700323,0.423638,0.603189,0.291124,0.695367,0.843399,-0.582101,0.286065,0.25316,0.286957,0.33345,0.352758,0.552114,0.644694,0.984707,0.948845,0.886648,0.734297,0.714122,0.719097,0.89193,0.945746,-0.149615,0.657801,1.01688,1.27931,1.32237,-0.970498,0.978845,0.320763,0.970464,-1.32874,0.365182,0.420977,0.784256,0.223841,0.350393,0.59094,0.673831,0.749303,0.863373,0.543657,0.620198,0.172229,0.627849,0.704755,-0.910957,0.428314,0.287437,0.431147,1.34898,0.583258,-1.72211,-2.20971,0.974996,1.11893,0.819085,0.906839,0.61291,0.742763,0.980539,0.45902,-0.132068,0.507259,0.785539,1.36788,1.41137,-1.31355,1.02243,0.32914,1.18589,-1.61327,-0.247993,-0.139509,-0.0351845,0.208771,0.509893,0.458574,0.367886,0.460942,0.849752,0.634786,0.504178,0.471342,0.782353,0.680757,1.25522,0.716779,0.574888,0.629084,0.464767,0.432047,0.0550445,0.396834,0.719429,0.573403,0.731106,0.574839,0.370469,0.734078,
0.9,0.698502,0.42011,0.605645,0.294255,0.697035,0.842624,-0.57915,0.28327,0.252104,0.28572,0.335828,0.355507,0.551787,0.643351,0.988825,0.953291,0.891259,0.735797,0.719356,0.725031,0.890394,0.946566,-0.14402,0.655896,1.01265,1.27892,1.32221,-0.963385,0.976768,0.320437,0.967784,-1.32632,0.367593,0.422351,0.779926,0.222924,0.354097,0.595181,0.678091,0.753071,0.864062,0.543101,0.625701,0.172159,0.632197,0.705861,-0.90788,0.421722,0.286059,0.429152,1.3492,0.585068,-1.72256,-2.21077,0.979102,1.12434,0.824879,0.908316,0.618706,0.749427,0.979125,0.458805,-0.129725,0.507678,0.784523,1.36802,1.41133,-1.30855,1.02093,0.328905,1.18289,-1.61058,-0.243915,-0.136021,-0.0399851,0.207879,0.511637,0.464001,0.372938,0.463815,0.85824,0.639446,0.508972,0.476086,0.782075,0.681224,1.2528,0.724488,0.582977,0.626951,0.47255,0.43629,0.0548107,0.401722,0.719073,0.573619,0.730042,0.58179,0.380299,0.733377,
0.905,0.696729,0.41662,0.608138,0.297423,0.698818,0.842134,-0.57621,0.280585,0.251053,0.284449,0.338179,0.358255,0.551486,0.642047,0.992939,0.957712,0.895864,0.737206,0.72453,0.730921,0.888841,0.947318,-0.138541,0.654013,1.00836,1.27867,1.32215,-0.95636,0.974835,0.320111,0.965062,-1.32393,0.369977,0.423765,0.775549,0.221984,0.35777,0.599503,0.682471,0.756971,0.864899,0.542582,0.631278,0.172821,0.636667,0.707116,-0.904793,0.415143,0.284676,0.427144,1.34982,0.587019,-1.72299,-2.21181,0.98314,1.12964,0.830667,0.909474,0.624269,0.755962,0.977578,0.458438,-0.127577,0.508149,0.780963,1.36848,1.41158,-1.30367,1.01952,0.328659,1.17968,-1.60795,-0.239913,-0.132505,-0.04489,0.207006,0.51346,0.469428,0.378064,0.46675,0.86671,0.644107,0.513752,0.480811,0.781869,0.681706,1.25048,0.732131,0.591061,0.624839,0.480431,0.440545,0.0546162,0.406596,0.718915,0.573998,0.729177,0.588717,0.390298,0.728249,
0.91,0.694976,0.413173,0.610645,0.300625,0.700616,0.841525,-0.573285,0.278019,0.25001,0.283149,0.340488,0.36099,0.551189,0.640695,0.997048,0.962104,0.900455,0.738532,0.729632,0.736765,0.887283,0.947998,-0.133175,0.652155,1.00404,1.27842,1.32211,-0.949431,0.972844,0.319784,0.962305,-1.32159,0.372335,0.425215,0.771122,0.221022,0.36139,0.603794,0.68696,0.76099,0.865829,0.542051,0.636913,0.174046,0.641239,0.708449,-0.901705,0.40859,0.28329,0.42513,1.35022,0.58896,-1.72341,-2.21286,0.987105,1.13486,0.836436,0.910335,0.629591,0.762353,0.975914,0.457909,-0.125614,0.508667,0.779504,1.36864,1.41169,-1.29891,1.0181,0.328402,1.17627,-1.6054,-0.235992,-0.128971,-0.0498859,0.206156,0.515332,0.47484,0.383249,0.469738,0.875152,0.648734,0.518511,0.485512,0.781594,0.682198,1.24803,0.739707,0.59913,0.622737,0.488355,0.4448,0.0544524,0.411444,0.718753,0.574531,0.7283,0.595593,0.400544,0.731146,
0.915,0.693252,0.409772,0.613177,0.303861,0.702471,0.840989,-0.570379,0.275582,0.24898,0.281822,0.342744,0.363701,0.550906,0.639337,1.00115,0.966471,0.90503,0.739793,0.734679,0.742562,0.885728,0.948629,-0.127914,0.650324,0.999706,1.27826,1.32212,-0.942602,0.970841,0.319451,0.959514,-1.31929,0.374671,0.4267,0.766642,0.220041,0.364938,0.608093,0.691535,0.765102,0.866857,0.541449,0.642594,0.175546,0.645901,0.709868,-0.898622,0.402072,0.281908,0.423114,1.35072,0.590931,-1.72383,-2.21393,0.990997,1.13997,0.842183,0.910933,0.634684,0.768603,0.974147,0.457259,-0.123825,0.509229,0.774477,1.36891,1.41191,-1.29426,1.01671,0.328128,1.17275,-1.60292,-0.232153,-0.125428,-0.0549635,0.20533,0.517256,0.480222,0.388474,0.472771,0.883553,0.653349,0.523247,0.490185,0.781319,0.682694,1.24557,0.747207,0.607167,0.620652,0.496313,0.449047,0.0543186,0.416259,0.718713,0.575204,0.727546,0.602424,0.410878,0.731946,
0.92,0.691556,0.40642,0.61573,0.307127,0.704365,0.840447,-0.567496,0.273286,0.247964,0.280474,0.344935,0.366377,0.550633,0.637941,1.00523,0.970805,0.909585,0.740996,0.739667,0.748311,0.884185,0.949216,-0.122752,0.648527,0.99537,1.27815,1.32217,-0.935876,0.968781,0.319109,0.956695,-1.31701,0.376989,0.428216,0.762107,0.219044,0.368398,0.612352,0.696161,0.76927,0.867966,0.540978,0.648303,0.177224,0.650631,0.711342,-0.895552,0.3956,0.280534,0.421101,1.35107,0.592845,-1.72425,-2.21504,0.994813,1.145,0.847898,0.911306,0.63955,0.774698,0.972297,0.456521,-0.122197,0.50983,0.774782,1.36905,1.41209,-1.28974,1.01529,0.327838,1.16918,-1.6005,-0.228397,-0.121886,-0.0601104,0.204532,0.519205,0.485559,0.393721,0.475838,0.891901,0.657933,0.527954,0.494825,0.780999,0.68319,1.24304,0.754624,0.615161,0.618581,0.504285,0.453277,0.0542141,0.421033,0.718707,0.576005,0.72682,0.609198,0.42128,0.731918,
0.925,0.689896,0.403121,0.618302,0.31042,0.706334,0.84001,-0.56464,0.271144,0.246965,0.279106,0.347052,0.369007,0.550376,0.63657,1.0093,0.975114,0.914119,0.74216,0.744599,0.754011,0.882664,0.949763,-0.117683,0.64677,0.99105,1.27812,1.32225,-0.929255,0.966785,0.318756,0.953851,-1.31476,0.379294,0.429761,0.757516,0.218034,0.371752,0.616645,0.700793,0.773446,0.869154,0.540871,0.654026,0.179045,0.65541,0.712896,-0.892503,0.389185,0.279171,0.419097,1.35163,0.594818,-1.72467,-2.21617,0.998553,1.14992,0.853573,0.911503,0.644198,0.780652,0.970383,0.455711,-0.120715,0.510461,0.770484,1.36934,1.41238,-1.28535,1.01394,0.327526,1.16558,-1.59815,-0.224723,-0.118354,-0.0653143,0.203763,0.521194,0.490842,0.398974,0.478931,0.900189,0.662468,0.532629,0.499429,0.780703,0.683683,1.24055,0.761959,0.623103,0.61653,0.512255,0.457482,0.0541389,0.425759,0.718809,0.576917,0.726206,0.615921,0.431739,0.731799,
0.93,0.688253,0.399877,0.620889,0.31374,0.708312,0.839444,-0.561812,0.269168,0.245986,0.277723,0.349085,0.371582,0.550117,0.635136,1.01335,0.979393,0.918634,0.743292,0.749476,0.759662,0.881172,0.950285,-0.112698,0.645061,0.986718,1.27812,1.32239,-0.92274,0.964644,0.318389,0.950987,-1.31253,0.381589,0.431331,0.752868,0.217015,0.374988,0.620855,0.705379,0.777574,0.870381,0.540936,0.65975,0.180994,0.660219,0.714464,-0.88948,0.382835,0.277824,0.417106,1.35191,0.596672,-1.72511,-2.21735,1.00221,1.15475,0.859201,0.911566,0.648643,0.786456,0.968421,0.454846,-0.119363,0.511117,0.770147,1.36938,1.41247,-1.28107,1.01254,0.327194,1.16196,-1.59587,-0.221128,-0.114838,-0.0705662,0.203023,0.523171,0.49605,0.404218,0.482041,0.908401,0.666965,0.537268,0.503996,0.780329,0.684168,1.23791,0.769201,0.630978,0.614489,0.520202,0.461655,0.0541317,0.430433,0.718897,0.577925,0.725572,0.622546,0.442231,0.731726,
0.935,0.686661,0.396691,0.623505,0.317081,0.710401,0.839108,-0.559017,0.267372,0.245028,0.276329,0.351029,0.374095,0.549877,0.633759,1.01738,0.983645,0.92313,0.744403,0.754314,0.765263,0.879719,0.950798,-0.10779,0.643405,0.982427,1.27825,1.32254,-0.916332,0.962595,0.318009,0.948108,-1.31032,0.383877,0.432923,0.748163,0.215991,0.378094,0.625141,0.709867,0.781601,0.87169,0.541105,0.665459,0.183057,0.665043,0.716104,-0.886493,0.376558,0.276496,0.415133,1.35253,0.598582,-1.72557,-2.21856,1.00579,1.15949,0.864772,0.911553,0.652906,0.792121,0.966434,0.45394,-0.118121,0.511794,0.766359,1.36976,1.41287,-1.27691,1.0112,0.326841,1.15832,-1.59364,-0.217611,-0.111348,-0.0758509,0.202316,0.525164,0.501194,0.409439,0.485162,0.916535,0.671426,0.541872,0.508519,0.779999,0.684643,1.23538,0.776352,0.638784,0.612471,0.528088,0.465789,0.054181,0.435049,0.719113,0.579015,0.725068,0.629045,0.452717,0.731715,
0.94,0.685099,0.393563,0.62614,0.320441,0.712517,0.838714,-0.556257,0.265771,0.244094,0.274927,0.352877,0.376539,0.549643,0.63238,1.02139,0.987871,0.927607,0.745505,0.759108,0.770814,0.87831,0.951308,-0.10295,0.64181,0.97816,1.27843,1.3228,-0.91003,0.960501,0.317614,0.945216,-1.30812,0.386163,0.434532,0.7434,0.214966,0.381062,0.629424,0.714206,0.78548,0.87304,0.541349,0.671143,0.185226,0.669869,0.717761,-0.883543,0.370362,0.27519,0.41318,1.35308,0.60047,-1.72605,-2.21981,1.00929,1.16413,0.870277,0.911499,0.657002,0.797652,0.964437,0.45301,-0.116971,0.512489,0.765617,1.37005,1.41326,-1.27286,1.00986,0.326467,1.15469,-1.59147,-0.214168,-0.107891,-0.0811631,0.201641,0.527147,0.506262,0.414628,0.488288,0.924585,0.675855,0.546435,0.512999,0.779627,0.685104,1.23272,0.783411,0.646517,0.610468,0.535887,0.469879,0.0542447,0.439606,0.719339,0.580172,0.724564,0.63547,0.463174,0.731747,
0.945,0.683561,0.390494,0.628791,0.323818,0.714664,0.838267,-0.553532,0.264379,0.243183,0.273521,0.354627,0.378908,0.549405,0.630992,1.02538,0.992073,0.932062,0.746608,0.763868,0.776319,0.876952,0.951828,-0.0981665,0.640279,0.973905,1.27866,1.32312,-0.90383,0.958297,0.317202,0.942316,-1.30593,0.38845,0.436157,0.738578,0.213943,0.383885,0.633676,0.718361,0.78918,0.874412,0.541648,0.676792,0.187491,0.674685,0.719417,-0.880634,0.364254,0.273909,0.41125,1.35354,0.602276,-1.72656,-2.2211,1.01269,1.16867,0.87571,0.910916,0.66096,0.803061,0.962449,0.452066,-0.115889,0.513202,0.76206,1.37033,1.41368,-1.26891,1.0085,0.326072,1.15105,-1.58934,-0.21079,-0.104472,-0.086496,0.200999,0.529098,0.511242,0.419774,0.491413,0.932538,0.68026,0.550959,0.517436,0.779213,0.685549,1.23002,0.790371,0.654164,0.608477,0.543613,0.473924,0.0543189,0.444104,0.719587,0.581382,0.724082,0.641813,0.473588,0.731811,
0.95,0.682061,0.387487,0.631402,0.327207,0.716745,0.837743,-0.550846,0.263212,0.242298,0.272114,0.356277,0.3812,0.549138,0.629477,1.02934,0.996249,0.936489,0.747722,0.768583,0.781774,0.875652,0.952343,-0.0934323,0.638817,0.969679,1.27889,1.32339,-0.897732,0.956054,0.316773,0.939412,-1.30375,0.39074,0.437794,0.733701,0.212927,0.386561,0.637699,0.722305,0.79268,0.875791,0.541992,0.682391,0.189842,0.679465,0.721032,-0.87777,0.358243,0.272656,0.409347,1.35349,0.603786,-1.72711,-2.22242,1.01602,1.17311,0.881061,0.910226,0.66479,0.808352,0.960486,0.451124,-0.114857,0.513929,0.761099,1.37027,1.41378,-1.26506,1.00707,0.325654,1.14743,-1.58726,-0.207472,-0.101097,-0.0918405,0.20039,0.53095,0.516083,0.424867,0.494532,0.940398,0.684559,0.555431,0.521821,0.778679,0.685977,1.22719,0.797238,0.661729,0.606503,0.551249,0.47792,0.0544014,0.448541,0.71975,0.582632,0.723521,0.648073,0.483935,0.731895,
0.955,0.680592,0.384541,0.633977,0.330606,0.718748,0.837067,-0.548197,0.184631,0.241438,0.270709,0.357827,0.383411,0.548822,0.627744,1.03329,1.0004,0.940882,0.748859,0.773263,0.787185,0.874415,0.952878,-0.0887358,0.637426,0.965483,1.27912,1.3238,-0.891731,0.953671,0.316326,0.936506,-1.30158,0.393036,0.439438,0.728767,0.211922,0.389086,0.641379,0.726035,0.795986,0.877153,0.542366,0.687932,0.19227,0.684198,0.72258,-0.874952,0.352333,0.271431,0.407473,1.35289,0.604854,-1.7277,-2.22377,1.03611,1.17744,0.886325,0.909444,0.668525,0.81354,0.958563,0.450192,-0.113853,0.51467,0.756211,1.36988,1.41354,-1.26128,1.00553,0.325214,1.14382,-1.5852,-0.204205,-0.0977703,-0.0971942,0.199814,0.532653,0.520732,0.429901,0.497641,0.948149,0.68884,0.559856,0.526159,0.778031,0.686384,1.22428,0.804003,0.669199,0.604546,0.558804,0.481869,0.0544911,0.452921,0.719865,0.583911,0.722903,0.654213,0.494187,0.731985,
0.96,0.679171,0.381657,0.63656,0.334011,0.720883,0.836799,-0.54559,0.122494,0.240604,0.269311,0.359277,0.385539,0.548493,0.626037,1.03721,1.00452,0.945232,0.750032,0.777929,0.792549,0.873247,0.953456,-0.0840697,0.636105,0.961343,1.27958,1.32415,-0.885825,0.951514,0.315862,0.933603,-1.2994,0.395339,0.441088,0.723785,0.210932,0.391462,0.645062,0.72956,0.799114,0.878557,0.542771,0.69341,0.194767,0.688881,0.724183,-0.87218,0.346536,0.270238,0.40563,1.3526,0.605849,-1.72833,-2.22516,1.04382,1.18169,0.891499,0.908591,0.672172,0.818649,0.956692,0.449283,-0.11286,0.515426,0.756576,1.36985,1.41363,-1.25758,1.00407,0.324752,1.14024,-1.58318,-0.200984,-0.0944968,-0.102551,0.199271,0.534292,0.525281,0.434869,0.500736,0.955796,0.693039,0.564238,0.530447,0.777496,0.686769,1.22153,0.810672,0.67658,0.602635,0.566274,0.485767,0.0545868,0.457244,0.720123,0.58521,0.722407,0.660244,0.504322,0.732106,
0.965,0.677797,0.378834,0.639157,0.337418,0.723084,0.836556,-0.543023,0.0622354,0.239796,0.26792,0.36063,0.387586,0.548155,0.624361,1.04111,1.00859,0.949531,0.751248,0.782573,0.797871,0.872151,0.954077,-0.0794229,0.634856,0.957274,1.28005,1.32457,-0.880009,0.949437,0.315381,0.930705,-1.29723,0.39765,0.44274,0.718754,0.209959,0.393692,0.648796,0.73291,0.802098,0.879992,0.543199,0.698825,0.197326,0.693518,0.72581,-0.869453,0.340855,0.269075,0.403819,1.35248,0.606845,-1.72901,-2.22658,1.0488,1.18585,0.896583,0.907692,0.675754,0.823687,0.954883,0.448404,-0.111859,0.516195,0.750335,1.36998,1.41388,-1.25393,1.00266,0.324265,1.13668,-1.58118,-0.197796,-0.0912785,-0.107911,0.19876,0.535888,0.529756,0.439766,0.503815,0.963332,0.697196,0.568578,0.534687,0.776959,0.68713,1.21872,0.817247,0.683866,0.600778,0.573601,0.489621,0.0546873,0.461516,0.720397,0.586522,0.721938,0.666204,0.514368,0.732249,
0.97,0.676444,0.376073,0.641723,0.340825,0.725261,0.836179,-0.540497,0.00181247,0.239013,0.266541,0.361889,0.389551,0.547793,0.622657,1.04499,1.01262,0.953773,0.752516,0.787193,0.80315,0.87113,0.954739,-0.0747869,0.633676,0.953243,1.28055,1.32497,-0.874279,0.947301,0.314882,0.927814,-1.29505,0.39997,0.444393,0.713679,0.209008,0.39578,0.65245,0.736122,0.804978,0.881411,0.543644,0.704173,0.199941,0.698097,0.7274,-0.866769,0.335302,0.267945,0.402042,1.35219,0.607725,-1.72973,-2.22802,1.05207,1.18993,0.90158,0.90677,0.679288,0.828661,0.953144,0.447562,-0.110834,0.516979,0.752121,1.37002,1.41404,-1.25032,1.00124,0.323754,1.13314,-1.57918,-0.194634,-0.0881181,-0.113277,0.198281,0.53739,0.534103,0.444587,0.506874,0.970751,0.701261,0.572865,0.538875,0.77635,0.687467,1.21582,0.82373,0.691053,0.598962,0.580814,0.493431,0.0547911,0.465739,0.720611,0.587842,0.721418,0.672095,0.524339,0.732399,
0.975,0.675116,0.373375,0.644265,0.344227,0.727421,0.835787,-0.538013,-0.0590708,0.238255,0.265175,0.363058,0.391436,0.547403,0.620903,1.04884,1.01659,0.95795,0.753843,0.791794,0.808387,0.870189,0.95546,-0.0701552,0.632559,0.949238,1.28107,1.32541,-0.868632,0.945124,0.314365,0.924934,-1.29287,0.402296,0.446042,0.708568,0.20808,0.397731,0.655998,0.739243,0.807801,0.8828,0.544096,0.709452,0.202605,0.702615,0.728953,-0.864125,0.329882,0.266847,0.400299,1.35179,0.608467,-1.7305,-2.22949,1.05502,1.19394,0.906491,0.905846,0.682792,0.833583,0.951478,0.446762,-0.109771,0.517777,0.747787,1.37003,1.41411,-1.24675,0.999791,0.323218,1.12963,-1.5772,-0.19149,-0.0850177,-0.118644,0.197833,0.538779,0.538308,0.44933,0.509913,0.978054,0.705269,0.577103,0.543009,0.775712,0.687778,1.2129,0.830126,0.698142,0.597183,0.587955,0.497201,0.0548966,0.469918,0.720812,0.589168,0.72088,0.677927,0.534233,0.732547,
0.98,0.673815,0.370739,0.646771,0.347621,0.72956,0.835373,-0.535571,-0.0326729,0.237522,0.263825,0.364143,0.393245,0.546986,0.619091,1.05266,1.02051,0.962059,0.755235,0.796379,0.813583,0.869329,0.95624,-0.0655202,0.631501,0.945254,1.28163,1.32585,-0.863064,0.942921,0.313832,0.922066,-1.2907,0.404628,0.447686,0.703425,0.207178,0.399553,0.659413,0.74232,0.810614,0.884154,0.544549,0.714662,0.205314,0.707069,0.730467,-0.861518,0.324606,0.265782,0.39859,1.35125,0.609048,-1.73132,-2.23098,1.05784,1.1979,0.911323,0.904938,0.68628,0.838464,0.949888,0.446006,-0.108658,0.518589,0.748201,1.37002,1.4141,-1.2432,0.998319,0.322656,1.12615,-1.57521,-0.188354,-0.0819787,-0.124019,0.197415,0.540042,0.542357,0.453993,0.512928,0.985238,0.709204,0.581289,0.547089,0.775037,0.688063,1.20994,0.836432,0.705131,0.595436,0.595018,0.500934,0.0550027,0.474056,0.72099,0.590499,0.720324,0.683698,0.544064,0.732692,
0.985,0.672556,0.368166,0.649274,0.351004,0.731722,0.834992,-0.53317,-0.0324932,0.236813,0.262492,0.36515,0.394981,0.546556,0.617236,1.05645,1.02436,0.966099,0.756702,0.800943,0.818738,0.868551,0.957089,-0.0608771,0.630407,0.941316,1.28221,1.32643,-0.857573,0.940729,0.313283,0.919211,-1.28852,0.406964,0.449325,0.698257,0.206304,0.401253,0.662775,0.745394,0.813458,0.885486,0.545001,0.719807,0.208064,0.711464,0.731963,-0.858943,0.319484,0.264748,0.396917,1.35075,0.609559,-1.73218,-2.23248,1.06062,1.20179,0.91608,0.904057,0.689761,0.843314,0.948372,0.445296,-0.107484,0.519417,0.742054,1.37003,1.41409,-1.23966,0.996852,0.322065,1.1227,-1.57321,-0.18522,-0.0790012,-0.129403,0.197026,0.541212,0.546285,0.458574,0.515918,0.992299,0.713123,0.585434,0.551121,0.774365,0.688322,1.207,0.842649,0.712018,0.59372,0.601953,0.504636,0.0551084,0.478159,0.721185,0.591836,0.719787,0.689399,0.553839,0.732834,
0.99,0.671331,0.365657,0.651762,0.354373,0.733903,0.834667,-0.530812,-0.0342043,0.236126,0.261178,0.366083,0.396646,0.546114,0.61537,1.0602,1.02814,0.97007,0.758242,0.805499,0.823851,0.867848,0.958013,-0.056222,0.629311,0.937425,1.28284,1.32695,-0.852156,0.938584,0.312717,0.916372,-1.28635,0.409302,0.450955,0.693073,0.20546,0.40284,0.666124,0.7485,0.816368,0.886801,0.545449,0.72489,0.21085,0.7158,0.733451,-0.856396,0.314526,0.263747,0.395279,1.35032,0.610048,-1.73309,-2.23401,1.06337,1.20563,0.920765,0.903212,0.69324,0.84814,0.946926,0.444631,-0.106246,0.520261,0.743863,1.37015,1.41413,-1.23613,0.995412,0.321444,1.11927,-1.5712,-0.18208,-0.076086,-0.134798,0.196666,0.542315,0.550118,0.463072,0.518881,0.99924,0.716971,0.589528,0.555099,0.773679,0.688555,1.20404,0.848776,0.718804,0.592035,0.60881,0.50831,0.0552132,0.482229,0.721388,0.593183,0.719256,0.695047,0.563556,0.732975,
0.995,0.670125,0.363211,0.654228,0.357726,0.736063,0.834249,-0.528495,-0.0431589,0.23546,0.259883,0.366949,0.398247,0.545072,0.613463,1.06392,1.03185,0.973976,0.759855,0.810038,0.828922,0.867225,0.959009,-0.0515522,0.628193,0.933552,1.28345,1.32748,-0.846811,0.936378,0.312135,0.913549,-1.28419,0.411638,0.452576,0.687878,0.204647,0.404323,0.669403,0.751662,0.819361,0.888069,0.545888,0.729915,0.213671,0.720082,0.734904,-0.853871,0.309744,0.262775,0.393676,1.34982,0.610466,-1.73404,-2.23555,1.06611,1.20942,0.925383,0.902405,0.696719,0.852943,0.945543,0.444009,-0.104942,0.52112,0.740917,1.37024,1.4141,-1.2326,0.993977,0.320789,1.11588,-1.56917,-0.178929,-0.0732328,-0.140209,0.196334,0.543324,0.553826,0.467481,0.521816,1.00605,0.720754,0.593571,0.559023,0.772953,0.688764,1.20103,0.854809,0.725481,0.590375,0.615605,0.51196,0.0553172,0.486271,0.721567,0.594545,0.7187,0.700661,0.573222,0.73311,
1,0.668966,0.360833,0.656675,0.361058,0.738242,0.833967,-0.526221,-0.0519729,0.234816,0.258609,0.367754,0.399786,0.543955,0.611556,1.06759,1.0355,0.977815,0.761542,0.814567,0.833947,0.866683,0.960085,-0.0468699,0.627049,0.929739,1.28411,1.32803,-0.841539,0.93427,0.311538,0.910745,-1.28203,0.413966,0.454186,0.682686,0.203867,0.40571,0.672689,0.754893,0.822441,0.88933,0.546322,0.734884,0.216521,0.724314,0.736359,-0.851365,0.305147,0.261834,0.392109,1.34944,0.610906,-1.73504,-2.23711,1.06882,1.21316,0.929935,0.901634,0.700198,0.857727,0.944217,0.443426,-0.103575,0.521995,0.740214,1.37046,1.41416,-1.22907,0.992591,0.3201,1.11251,-1.56713,-0.175765,-0.0704421,-0.145636,0.196028,0.544292,0.557463,0.4718,0.524721,1.01274,0.724491,0.597563,0.562891,0.772235,0.688949,1.19806,0.860751,0.732058,0.588756,0.622338,0.515588,0.0554211,0.490286,0.721778,0.59593,0.718173,0.706241,0.582848,0.733247,
1.005,0.667839,0.358522,0.659111,0.364369,0.740427,0.833657,-0.523988,-0.0607651,0.234191,0.257355,0.368505,0.40127,0.542766,0.609644,1.07122,1.03908,0.981595,0.763302,0.819078,0.838925,0.866219,0.961237,-0.042174,0.62587,0.92597,1.28477,1.3286,-0.836338,0.932169,0.310927,0.907959,-1.27989,0.416286,0.455786,0.677499,0.203118,0.407011,0.675978,0.758185,0.825597,0.890568,0.546748,0.739805,0.219401,0.728504,0.737806,-0.848872,0.300746,0.260921,0.390575,1.34913,0.611375,-1.73608,-2.23868,1.0715,1.21684,0.934426,0.900892,0.703669,0.862489,0.942934,0.442876,-0.102152,0.522886,0.734339,1.37074,1.41424,-1.22553,0.991234,0.319372,1.10916,-1.56505,-0.172583,-0.0677124,-0.151088,0.195747,0.545223,0.561029,0.476033,0.527596,1.0193,0.728178,0.601507,0.566706,0.771498,0.689112,1.19508,0.866597,0.738525,0.587165,0.629026,0.5192,0.0555261,0.494279,0.721994,0.597345,0.717644,0.711797,0.592458,0.733384,
1.01,0.666748,0.356281,0.661518,0.367654,0.742591,0.833335,-0.521797,-0.0695433,0.233584,0.256123,0.369206,0.402702,0.541506,0.607712,1.07481,1.0426,0.985317,0.765128,0.823568,0.843852,0.865827,0.962459,-0.03747,0.624661,0.922248,1.28543,1.32917,-0.831211,0.930068,0.310302,0.905192,-1.27776,0.418591,0.457375,0.672327,0.202403,0.408233,0.679213,0.761521,0.828807,0.89178,0.547168,0.744679,0.222305,0.732654,0.739233,-0.846388,0.296553,0.260035,0.389076,1.34879,0.611833,-1.73716,-2.24026,1.07415,1.22045,0.938854,0.900169,0.707124,0.867221,0.941682,0.442353,-0.100682,0.523793,0.73594,1.371,1.41429,-1.22198,0.989884,0.318603,1.10584,-1.56296,-0.169383,-0.0650439,-0.156564,0.177378,0.546107,0.564492,0.480181,0.53044,1.02574,0.731803,0.605393,0.57046,0.770732,0.689256,1.19208,0.872346,0.744883,0.585609,0.63567,0.522796,0.0556342,0.498249,0.722205,0.598798,0.717108,0.717327,0.602052,0.73352,
1.015,0.665695,0.354113,0.663902,0.370913,0.744742,0.833029,-0.519648,-0.0783014,0.232996,0.254912,0.369863,0.404087,0.540179,0.605754,1.07834,1.04607,0.988983,0.767015,0.82803,0.848724,0.865502,0.963749,-0.0327642,0.62347,0.918575,1.28609,1.32975,-0.82616,0.927974,0.309666,0.902445,-1.27565,0.420876,0.458952,0.667179,0.201721,0.409386,0.682387,0.764868,0.832039,0.892972,0.547582,0.74951,0.225232,0.736763,0.740645,-0.84391,0.292576,0.259175,0.387611,1.34845,0.612271,-1.73828,-2.24185,1.07675,1.22399,0.943218,0.899451,0.710547,0.871917,0.940449,0.441848,-0.0991789,0.524714,0.733488,1.37126,1.41433,-1.21842,0.988537,0.317793,1.10253,-1.56085,-0.166167,-0.0624356,-0.162068,0.162224,0.546942,0.567855,0.484249,0.533252,1.03205,0.73538,0.609224,0.574155,0.769953,0.689385,1.18907,0.877997,0.751134,0.58409,0.642279,0.526377,0.0557478,0.502197,0.722429,0.600299,0.716582,0.722834,0.611637,0.733658,
1.02,0.664685,0.35202,0.666258,0.374143,0.74688,0.832747,-0.517541,-0.0870286,0.232426,0.253722,0.37048,0.405429,0.538788,0.60377,1.08183,1.04949,0.992598,0.768953,0.832463,0.853536,0.865232,0.965099,-0.0280638,0.622383,0.91496,1.28675,1.33033,-0.821188,0.9259,0.309021,0.899717,-1.27357,0.423137,0.460518,0.662057,0.201071,0.410478,0.685482,0.768191,0.835255,0.89415,0.547991,0.7543,0.228179,0.740839,0.742045,-0.841433,0.288824,0.258339,0.386179,1.34806,0.61267,-1.73943,-2.24346,1.0793,1.22747,0.947521,0.89872,0.713926,0.876569,0.939219,0.441351,-0.0976557,0.525648,0.732308,1.37148,1.41435,-1.21487,0.98719,0.316941,1.09925,-1.55871,-0.162935,-0.0598862,-0.167604,0.148282,0.54773,0.571112,0.48824,0.536032,1.03824,0.738901,0.612995,0.577788,0.769157,0.689501,1.18607,0.883547,0.757275,0.58261,0.648858,0.529944,0.0558701,0.506123,0.722669,0.601858,0.716067,0.728316,0.621219,0.733799,
1.025,0.66372,0.350006,0.668585,0.377344,0.749003,0.832481,-0.515476,-0.0957137,0.231872,0.252553,0.371061,0.406734,0.53734,0.601753,1.08527,1.05286,0.996159,0.770932,0.836854,0.858283,0.864981,0.966498,-0.0233807,0.621494,0.911405,1.2874,1.33092,-0.8163,0.923839,0.308367,0.897008,-1.27152,0.42537,0.462073,0.656969,0.200454,0.411515,0.688473,0.771449,0.838416,0.895319,0.548398,0.759052,0.231144,0.744879,0.743433,-0.838956,0.285306,0.257528,0.384779,1.3476,0.613001,-1.74062,-2.24509,1.0818,1.23087,0.951761,0.897955,0.71724,0.881165,0.937979,0.440852,-0.0961297,0.526594,0.727972,1.37164,1.41433,-1.21133,0.985838,0.316048,1.09597,-1.55656,-0.159692,-0.0573951,-0.173173,0.134966,0.548462,0.574249,0.492158,0.538777,1.0443,0.742362,0.616704,0.581356,0.768346,0.689609,1.18307,0.888992,0.763304,0.581172,0.655411,0.533496,0.0560048,0.510024,0.722924,0.603481,0.715566,0.733764,0.630794,0.733945,
1.03,0.662809,0.348073,0.670892,0.380513,0.751134,0.832292,-0.513453,-0.104347,0.231334,0.251404,0.371612,0.408005,0.535842,0.599722,1.08866,1.05618,0.999668,0.772939,0.841201,0.862957,0.864565,0.96794,-0.0187281,0.620807,0.907927,1.28808,1.33151,-0.811502,0.921843,0.307708,0.894318,-1.26949,0.42757,0.463618,0.651919,0.199868,0.412503,0.691403,0.774613,0.841492,0.896493,0.548806,0.763767,0.234122,0.74889,0.744825,-0.836476,0.282027,0.256742,0.383411,1.34714,0.613304,-1.74183,-2.24673,1.08423,1.2342,0.955938,0.897134,0.720473,0.885696,0.936713,0.440343,-0.0946186,0.52755,0.72833,1.37183,1.41435,-1.20779,0.984498,0.315114,1.09272,-1.55439,-0.156443,-0.0549609,-0.178777,0.122062,0.549165,0.577307,0.496006,0.541483,1.05024,0.74578,0.62035,0.584861,0.767541,0.689714,1.1801,0.894332,0.769222,0.579779,0.661943,0.537033,0.05615,0.513897,0.723226,0.605178,0.715104,0.739177,0.640374,0.734102,
1.035,0.66195,0.346227,0.673178,0.383651,0.753267,0.832136,-0.511471,-0.11292,0.230811,0.250275,0.372134,0.409245,0.534304,0.597676,1.092,1.05945,1.00312,0.774958,0.845488,0.867551,0.864275,0.969406,-0.014121,0.620292,0.904526,1.28875,1.3321,-0.8068,0.919887,0.307045,0.891646,-1.26751,0.429732,0.465153,0.646909,0.199314,0.41345,0.694268,0.777671,0.844471,0.897669,0.549217,0.768447,0.237111,0.752871,0.746221,-0.833992,0.278992,0.255979,0.382074,1.34665,0.613573,-1.74307,-2.2484,1.08661,1.23746,0.960053,0.896231,0.723602,0.89015,0.935406,0.439813,-0.0931403,0.528513,0.725484,1.372,1.41439,-1.20429,0.983166,0.314142,1.08947,-1.55222,-0.153194,-0.0525825,-0.184415,0.109485,0.549838,0.580284,0.499786,0.544148,1.05606,0.749135,0.623929,0.588297,0.766734,0.689822,1.17716,0.899561,0.775024,0.578431,0.668457,0.540552,0.0563157,0.517741,0.723562,0.606955,0.714675,0.744551,0.649967,0.734272,
1.04,0.661151,0.344472,0.675434,0.386754,0.755395,0.83202,-0.509532,-0.121426,0.230303,0.249164,0.372632,0.410459,0.532734,0.595612,1.09527,1.06266,1.00651,0.776975,0.849706,0.872057,0.864354,0.970885,-0.00957649,0.619901,0.901208,1.28941,1.33268,-0.802203,0.917977,0.30638,0.888993,-1.26557,0.431852,0.466679,0.641944,0.19879,0.41436,0.697054,0.780626,0.847355,0.898849,0.549631,0.773091,0.240105,0.756824,0.747617,-0.831504,0.276204,0.255238,0.380767,1.34612,0.613801,-1.74433,-2.25009,1.08891,1.24064,0.964105,0.895215,0.726611,0.894512,0.934046,0.439251,-0.0917135,0.529481,0.724652,1.37213,1.41442,-1.20081,0.981841,0.313135,1.08623,-1.55004,-0.149951,-0.0502588,-0.190085,0.0972016,0.550487,0.583173,0.503499,0.546768,1.06176,0.752427,0.627434,0.591661,0.765926,0.689936,1.17424,0.904674,0.780708,0.577133,0.674953,0.54405,0.0565106,0.52155,0.723937,0.608819,0.714282,0.749883,0.659566,0.734457,
1.045,0.660409,0.342812,0.677673,0.389823,0.757541,0.831961,-0.507635,-0.129854,0.229808,0.248071,0.373107,0.411648,0.531141,0.593543,1.09848,1.06581,1.00984,0.778974,0.85384,0.876466,0.864394,0.972362,-0.00511201,0.619608,0.897965,1.29009,1.33326,-0.797719,0.916107,0.305717,0.886359,-1.26367,0.433923,0.468197,0.637029,0.198296,0.415237,0.699789,0.783493,0.850159,0.900031,0.550049,0.777697,0.243102,0.760751,0.749025,-0.829014,0.273665,0.254519,0.379489,1.3456,0.614011,-1.74561,-2.2518,1.09115,1.24375,0.968092,0.894017,0.729476,0.898771,0.932621,0.438649,-0.0903561,0.530452,0.720987,1.37228,1.41448,-1.19737,0.980529,0.312098,1.083,-1.54787,-0.146724,-0.0479889,-0.195786,0.0851969,0.55112,0.586,0.507146,0.549338,1.06733,0.755655,0.630868,0.594953,0.765134,0.69006,1.1714,0.909668,0.786271,0.575889,0.681432,0.547524,0.0567488,0.525319,0.724371,0.610774,0.713944,0.755173,0.669164,0.734657,
1.05,0.65973,0.341252,0.679883,0.392857,0.759693,0.831957,-0.505782,-0.1382,0.229325,0.246995,0.373563,0.412816,0.529535,0.591468,1.10163,1.06889,1.0131,0.780941,0.85788,0.88077,0.864451,0.973823,-0.000744174,0.619389,0.894796,1.29076,1.33383,-0.793357,0.914295,0.305058,0.883744,-1.26183,0.435943,0.469706,0.632164,0.197831,0.416086,0.702471,0.786295,0.852902,0.901215,0.550473,0.782265,0.246097,0.764649,0.750444,-0.826523,0.271375,0.253821,0.37824,1.34507,0.614205,-1.74689,-2.25354,1.09332,1.24679,0.972015,0.892587,0.73218,0.902915,0.931118,0.437996,-0.0890854,0.531422,0.720834,1.37242,1.41455,-1.19399,0.979231,0.311033,1.07977,-1.54571,-0.14352,-0.0457713,-0.201517,0.0734596,0.551743,0.588765,0.510726,0.551855,1.07278,0.758805,0.63422,0.598166,0.764353,0.690199,1.16864,0.914538,0.791708,0.574703,0.687894,0.550971,0.0570371,0.529044,0.724862,0.612825,0.713657,0.760418,0.678752,0.734875,
1.055,0.659112,0.339796,0.682077,0.395854,0.761871,0.832008,-0.503974,-0.146458,0.228856,0.245936,0.374,0.413964,0.527924,0.589396,1.1047,1.07189,1.01629,0.782861,0.861814,0.884961,0.864529,0.975256,0.00351079,0.619233,0.891691,1.29143,1.33439,-0.789126,0.912524,0.304406,0.881148,-1.26003,0.437906,0.471209,0.627356,0.197395,0.416908,0.705131,0.789056,0.855606,0.902399,0.5509,0.786795,0.249086,0.768522,0.75188,-0.824032,0.26933,0.253142,0.377017,1.34458,0.614408,-1.74818,-2.25532,1.09541,1.24975,0.975872,0.890898,0.734703,0.906932,0.929527,0.437286,-0.0879174,0.532389,0.717941,1.37258,1.41465,-1.19068,0.977953,0.309945,1.07656,-1.54356,-0.140346,-0.0436046,-0.207276,0.0619846,0.552366,0.591497,0.514239,0.554316,1.07811,0.761882,0.637497,0.601302,0.763598,0.690355,1.16597,0.919281,0.797016,0.573575,0.694339,0.554387,0.0573789,0.53272,0.725422,0.614976,0.713437,0.765616,0.688325,0.735111,
1.06,0.658556,0.338448,0.684247,0.398812,0.764062,0.832102,-0.502212,-0.154623,0.228398,0.244892,0.374421,0.415094,0.526317,0.587322,1.10769,1.0748,1.01942,0.784724,0.865631,0.889033,0.864627,0.976648,0.0463967,0.619133,0.888651,1.2921,1.33496,-0.785032,0.910794,0.303764,0.878571,-1.2583,0.439808,0.472705,0.622606,0.196986,0.417708,0.707766,0.791805,0.858295,0.903578,0.55133,0.791284,0.252065,0.77237,0.75333,-0.821544,0.267528,0.252482,0.37582,1.34411,0.614622,-1.74947,-2.25712,1.09742,1.25264,0.979667,0.888934,0.737031,0.91081,0.927839,0.436508,-0.0868646,0.533351,0.717207,1.37275,1.41474,-1.18743,0.976692,0.308837,1.07335,-1.54143,-0.137209,-0.0414876,-0.213062,0.0507647,0.55299,0.594187,0.517685,0.55672,1.0833,0.764874,0.640688,0.604356,0.762863,0.690531,1.16338,0.923891,0.802188,0.572515,0.700767,0.557769,0.0577762,0.536343,0.726044,0.617227,0.713278,0.770756,0.697871,0.735366,
1.065,0.658059,0.33721,0.686399,0.401731,0.766278,0.832249,-0.500498,-0.162691,0.227952,0.243863,0.374827,0.416207,0.524721,0.585253,1.1106,1.07763,1.02246,0.78652,0.869323,0.892979,0.86474,0.977993,0.0327136,0.619081,0.88567,1.29277,1.33551,-0.781085,0.909096,0.303133,0.876015,-1.25663,0.441646,0.474196,0.617922,0.196604,0.418486,0.7104,0.79457,0.860996,0.90475,0.551762,0.79573,0.255031,0.776195,0.7548,-0.819061,0.265963,0.25184,0.374647,1.34369,0.614866,-1.75075,-2.25895,1.09937,1.25546,0.9834,0.886683,0.73915,0.914543,0.926047,0.435657,-0.0859367,0.534306,0.713837,1.37294,1.41485,-1.18427,0.975454,0.307715,1.07015,-1.53933,-0.134115,-0.0394181,-0.218875,0.0397951,0.553622,0.596856,0.521063,0.559068,1.08837,0.767781,0.643796,0.607328,0.762158,0.690726,1.16089,0.928366,0.807222,0.571528,0.707174,0.561115,0.0582309,0.539907,0.726736,0.619577,0.713191,0.775825,0.707388,0.73564,
1.07,0.657605,0.336085,0.688524,0.404609,0.768513,0.832447,-0.498834,-0.17066,0.227517,0.242848,0.375218,0.417303,0.523142,0.583191,1.11343,1.08036,1.02543,0.788241,0.872884,0.896795,0.864867,0.979282,0.0289994,0.619078,0.882742,1.29345,1.33604,-0.777289,0.907439,0.302518,0.87348,-1.25502,0.443414,0.475682,0.613306,0.196249,0.419243,0.713034,0.79738,0.863733,0.905912,0.552195,0.800132,0.25798,0.779994,0.756287,-0.816585,0.26463,0.251215,0.373499,1.34333,0.615147,-1.75202,-2.26082,1.10124,1.2582,0.987073,0.884138,0.741047,0.91812,0.924148,0.434728,-0.0851412,0.535253,0.713516,1.37317,1.41497,-1.1812,0.974238,0.306582,1.06696,-1.53726,-0.131072,-0.0373943,-0.224711,0.0290662,0.554263,0.599505,0.524376,0.561364,1.09331,0.770589,0.646811,0.61021,0.761482,0.690943,1.15849,0.932703,0.812114,0.57062,0.713559,0.564419,0.0587431,0.543409,0.727494,0.622025,0.713175,0.780818,0.716865,0.735933,
1.075,0.657131,0.335068,0.690615,0.407445,0.770756,0.832695,-0.497221,-0.178529,0.227092,0.241847,0.375595,0.418383,0.521586,0.581129,1.11616,1.08299,1.02832,0.78988,0.876302,0.900477,0.865002,0.980503,0.0292979,0.619111,0.879874,1.29412,1.33657,-0.77365,0.905821,0.301921,0.870966,-1.25349,0.445111,0.477162,0.608763,0.19592,0.41998,0.715644,0.80026,0.866527,0.907066,0.552628,0.804486,0.26091,0.783762,0.757785,-0.814122,0.263521,0.250605,0.372376,1.34298,0.615439,-1.75328,-2.26273,1.10304,1.26089,0.990691,0.881309,0.742706,0.92153,0.922142,0.433718,-0.0844821,0.53619,0.71062,1.37336,1.41506,-1.17823,0.973036,0.305441,1.06379,-1.53522,-0.128083,-0.0354146,-0.230568,0.0185677,0.554892,0.602107,0.527626,0.563614,1.09811,0.773277,0.649732,0.612999,0.760831,0.691183,1.15617,0.936901,0.816861,0.569792,0.719914,0.567677,0.0593117,0.546845,0.728304,0.624564,0.71322,0.785735,0.726286,0.736246,
1.08,0.655899,0.334159,0.692678,0.410236,0.773022,0.832977,-0.495662,-0.186297,0.226679,0.240859,0.375959,0.419446,0.520058,0.579072,1.1188,1.08552,1.03112,0.791433,0.879579,0.904023,0.865144,0.981658,0.0302357,0.61918,0.87705,1.2948,1.33709,-0.770171,0.904214,0.301344,0.868475,-1.25202,0.446733,0.478639,0.604297,0.195617,0.420698,0.718233,0.803219,0.869385,0.908206,0.55306,0.80879,0.263815,0.7875,0.759291,-0.811674,0.204717,0.250011,0.371277,1.34266,0.615738,-1.75453,-2.26466,1.10477,1.26351,0.994257,0.878207,0.744127,0.924772,0.920029,0.432628,-0.0839585,0.537116,0.709949,1.37354,1.41513,-1.17537,0.971849,0.304298,1.06063,-1.53322,-0.125154,-0.0334769,-0.236443,0.00829138,0.555501,0.604668,0.530819,0.565824,1.10278,0.775865,0.652563,0.615699,0.760211,0.691445,1.15395,0.940958,0.821463,0.569041,0.726233,0.570884,0.0599367,0.55021,0.729177,0.627189,0.713332,0.79057,0.735642,0.736575,
1.085,0.656159,0.333353,0.694719,0.412983,0.775311,0.833349,-0.494158,-0.193965,0.226276,0.239884,0.376309,0.420493,0.518561,0.577025,1.12135,1.08794,1.03385,0.792896,0.882711,0.907431,0.865291,0.982742,0.0321694,0.619281,0.874301,1.29547,1.33763,-0.766853,0.902678,0.30079,0.866007,-1.25062,0.448278,0.480111,0.59991,0.170693,0.421395,0.720822,0.806256,0.872304,0.909347,0.553493,0.81304,0.266695,0.791204,0.760815,-0.809248,0.152533,0.249431,0.370201,1.34241,0.616069,-1.75576,-2.26663,1.10645,1.26606,0.997774,0.874838,0.745317,0.927844,0.917814,0.431459,-0.0835596,0.538029,0.707002,1.37374,1.41521,-1.17262,0.970687,0.303155,1.05749,-1.53126,-0.122289,-0.031579,-0.242331,-0.00177697,0.556109,0.60721,0.533959,0.568,1.10732,0.778367,0.655303,0.618309,0.759629,0.691732,1.15184,0.944876,0.825921,0.56837,0.73251,0.57404,0.0606173,0.553501,0.730115,0.62989,0.713515,0.795315,0.744916,0.736925,
1.09,0.656125,0.332649,0.696745,0.415683,0.777623,0.833753,-0.492711,-0.201536,0.225884,0.238921,0.376645,0.421523,0.517098,0.574989,1.1238,1.09026,1.03649,0.794264,0.885701,0.910701,0.865441,0.983757,0.034521,0.619409,0.871624,1.29614,1.33817,-0.763695,0.901155,0.300262,0.863563,-1.2493,0.449744,0.48158,0.595604,0.152261,0.422072,0.723423,0.809355,0.875267,0.910484,0.553927,0.817233,0.269544,0.794874,0.762349,-0.806847,0.102051,0.248865,0.369147,1.34222,0.616434,-1.75697,-2.26862,1.10807,1.26856,1.00125,0.871216,0.746287,0.930745,0.915507,0.430215,-0.0832697,0.538929,0.706412,1.37396,1.41529,-1.17,0.969549,0.302017,1.05437,-1.52935,-0.119492,-0.0297187,-0.248224,-0.00264854,0.556716,0.60974,0.537052,0.570147,1.11173,0.780792,0.657957,0.620837,0.759084,0.692042,1.14981,0.948658,0.830238,0.567774,0.738736,0.577138,0.0613512,0.556716,0.731113,0.632655,0.713766,0.799964,0.754095,0.737295,
1.095,0.656108,0.33204,0.698738,0.418337,0.779944,0.834206,-0.491322,-0.209012,0.225502,0.237971,0.376968,0.422534,0.51567,0.57297,1.12615,1.09248,1.03905,0.795536,0.888548,0.913835,0.865591,0.984696,0.0369854,0.619562,0.869019,1.29682,1.33869,-0.760696,0.899667,0.299762,0.861142,-1.24805,0.451131,0.483044,0.591379,0.135621,0.422727,0.726024,0.81249,0.878252,0.911618,0.554362,0.821364,0.272361,0.79851,0.763888,-0.804479,0.0524126,0.248311,0.368113,1.3421,0.616822,-1.75817,-2.27064,1.10964,1.27101,1.00468,0.867362,0.747044,0.933477,0.913118,0.428901,-0.0830695,0.539816,0.703759,1.37418,1.41538,-1.16749,0.968434,0.300889,1.05127,-1.52748,-0.116768,-0.0278935,-0.254117,-0.00365532,0.557321,0.612245,0.540102,0.572271,1.11602,0.78311,0.660514,0.623271,0.758571,0.692376,1.14787,0.952306,0.834417,0.567249,0.744903,0.580176,0.0621351,0.559851,0.732156,0.635471,0.714075,0.80451,0.763172,0.737683,
1.1,0.656144,0.331517,0.700703,0.420943,0.782286,0.83471,-0.489991,-0.216399,0.225131,0.237032,0.377277,0.423526,0.514277,0.570982,1.1284,1.09459,1.04153,0.796713,0.891256,0.916836,0.86574,0.98556,0.039429,0.619737,0.866473,1.29752,1.33921,-0.757853,0.898202,0.299296,0.858746,-1.24688,0.452439,0.484506,0.587236,0.119624,0.423361,0.728639,0.815632,0.881231,0.912748,0.5548,0.82543,0.275142,0.802109,0.76543,-0.802148,0.00341286,0.247769,0.3671,1.34205,0.617238,-1.75935,-2.27268,1.11117,1.27341,1.00807,0.863302,0.747605,0.936043,0.91066,0.427526,-0.0829225,0.540689,0.70298,1.37443,1.4155,-1.16511,0.967342,0.299773,1.04819,-1.52566,-0.11412,-0.0261012,-0.259999,-0.00475456,0.557925,0.614743,0.543115,0.574378,1.12018,0.78533,0.662986,0.625619,0.758097,0.692734,1.14604,0.955826,0.838463,0.566792,0.751002,0.583147,0.0629643,0.562904,0.733247,0.638325,0.714444,0.808952,0.772146,0.73809,
1.105,0.656242,0.331063,0.702623,0.423501,0.784627,0.835267,-0.488719,-0.223702,0.22477,0.236105,0.377573,0.424498,0.512919,0.56903,1.13057,1.09661,1.04393,0.797794,0.893827,0.919707,0.865885,0.986346,0.0417947,0.61993,0.863994,1.29824,1.33971,-0.755161,0.896789,0.298867,0.856374,-1.24578,0.453668,0.485963,0.583171,0.103882,0.42397,0.731249,0.818749,0.884177,0.913877,0.555245,0.829425,0.277885,0.805668,0.766971,-0.799863,-0.0450326,0.247239,0.366105,1.34206,0.617669,-1.76051,-2.27475,1.11266,1.27576,1.01142,0.859067,0.747991,0.938448,0.90815,0.426101,-0.0828038,0.54155,0.700539,1.3747,1.41565,-1.16286,0.966273,0.298674,1.04514,-1.5239,-0.111552,-0.024339,-0.26586,-0.00591675,0.558528,0.617215,0.546096,0.576472,1.12423,0.78745,0.665357,0.627871,0.757654,0.693116,1.14429,0.959221,0.842382,0.5664,0.756992,0.58605,0.063833,0.565872,0.734368,0.6412,0.714862,0.813282,0.780984,0.738513,
1.11,0.656393,0.330675,0.704515,0.426011,0.786986,0.835871,-0.487506,-0.230927,0.224419,0.23519,0.377854,0.425448,0.511595,0.56713,1.13263,1.09854,1.04626,0.79878,0.896269,0.922451,0.866025,0.987063,0.0440591,0.620145,0.861566,1.29897,1.34021,-0.752615,0.895403,0.29848,0.854027,-1.24474,0.45482,0.487417,0.579181,0.0882404,0.424555,0.733874,0.821804,0.887057,0.915005,0.555696,0.833345,0.280587,0.80919,0.768511,-0.797628,-0.0254735,0.246719,0.365126,1.34216,0.618128,-1.76165,-2.27682,1.11412,1.27805,1.01473,0.854694,0.748227,0.940703,0.905604,0.424635,-0.0832011,0.542396,0.69966,1.37503,1.41584,-1.16073,0.965232,0.297596,1.04212,-1.52219,-0.109067,-0.0226044,-0.271689,-0.00712174,0.559135,0.619689,0.549045,0.578555,1.12817,0.789491,0.667652,0.630046,0.75725,0.693521,1.14263,0.962499,0.84618,0.566065,0.762868,0.58888,0.0647339,0.568754,0.735526,0.644082,0.715331,0.817496,0.789603,0.738954,
1.115,0.656604,0.330355,0.706363,0.428473,0.789337,0.836535,-0.486351,-0.238081,0.224078,0.234285,0.378121,0.426377,0.510301,0.565286,1.13461,1.10037,1.04851,0.799673,0.898584,0.925075,0.86616,0.987707,0.0462134,0.620376,0.859203,1.29971,1.34069,-0.750208,0.894081,0.298141,0.851704,-1.24378,0.455898,0.488868,0.575265,0.0726381,0.425116,0.736496,0.824758,0.889834,0.916139,0.556157,0.837186,0.283247,0.812665,0.770044,-0.795451,-0.0253291,0.24621,0.364163,1.34231,0.618599,-1.76279,-2.2789,1.11554,1.2803,1.018,0.850222,0.748338,0.942816,0.903041,0.423142,-0.0836736,0.543229,0.697468,1.37537,1.41607,-1.15873,0.964217,0.296542,1.03912,-1.52054,-0.106668,-0.0208944,-0.277474,-0.00834993,0.559743,0.622145,0.551962,0.580624,1.132,0.79144,0.669852,0.632132,0.756876,0.693946,1.14106,0.965663,0.849861,0.565783,0.768641,0.591633,0.0656597,0.57155,0.736696,0.646956,0.715833,0.821592,0.798058,0.739412,
1.12,0.656863,0.330101,0.708193,0.430889,0.791709,0.837252,-0.485254,-0.245173,0.223747,0.233392,0.378373,0.427283,0.509035,0.563516,1.1365,1.10212,1.05069,0.800478,0.900781,0.927585,0.866289,0.988289,0.0482565,0.620625,0.856881,1.30049,1.34121,-0.747934,0.892798,0.297849,0.849406,-1.24288,0.456903,0.490315,0.571417,0.0570485,0.425649,0.739145,0.827568,0.892474,0.917274,0.556631,0.840947,0.285861,0.816099,0.771572,-0.793338,-0.0265462,0.24571,0.363214,1.34257,0.619112,-1.76391,-2.28098,1.11693,1.2825,1.02124,0.845691,0.748357,0.944799,0.900481,0.421635,-0.0842286,0.544049,0.696488,1.37578,1.41636,-1.15685,0.963235,0.295516,1.03614,-1.51895,-0.104357,-0.0192069,-0.283206,-0.00958777,0.560369,0.624618,0.554841,0.582672,1.13572,0.793341,0.671986,0.634154,0.756544,0.69439,1.13959,0.968721,0.853431,0.565541,0.77431,0.594312,0.0666023,0.57426,0.737891,0.649805,0.716374,0.825568,0.806355,0.739887,
1.125,0.657174,0.329921,0.709986,0.433258,0.794063,0.83801,-0.484214,-0.25221,0.223427,0.23251,0.378611,0.428165,0.507793,0.561818,1.13831,1.10379,1.05281,0.801199,0.902865,0.929987,0.866416,0.98881,0.0501917,0.620892,0.854594,1.30127,1.3417,-0.745784,0.891561,0.2976,0.847133,-1.24204,0.457839,0.49176,0.567634,0.0414561,0.426156,0.741787,0.830202,0.894947,0.918417,0.557121,0.844623,0.288428,0.819479,0.773084,-0.791294,-0.0331115,0.245219,0.362277,1.34286,0.619629,-1.76503,-2.28306,1.11828,1.28463,1.02442,0.841141,0.748313,0.946659,0.897944,0.420125,-0.0848636,0.544854,0.694511,1.37619,1.41668,-1.15509,0.962277,0.294522,1.03319,-1.51742,-0.102137,-0.0175391,-0.288872,-0.0108277,0.560991,0.627068,0.557673,0.584694,1.13935,0.795157,0.674034,0.636096,0.756233,0.694849,1.13818,0.971678,0.856895,0.565287,0.779849,0.596909,0.0675537,0.576884,0.739074,0.652618,0.716926,0.829422,0.814415,0.740376,
1.13,0.657525,0.329924,0.711737,0.435582,0.796416,0.838826,-0.48323,-0.259201,0.223116,0.23164,0.378835,0.429021,0.506569,0.56021,1.14004,1.10538,1.05487,0.801847,0.904844,0.932291,0.86654,0.989272,0.0520247,0.621179,0.852301,1.30209,1.3422,-0.743752,0.890393,0.297387,0.844884,-1.24126,0.458709,0.493201,0.563912,0.0258524,0.426635,0.744419,0.832638,0.897238,0.91956,0.557625,0.848213,0.290948,0.822808,0.77458,-0.789324,-0.0396871,0.244736,0.361351,1.34319,0.620152,-1.76614,-2.28513,1.11959,1.28669,1.02755,0.836609,0.748224,0.948414,0.895449,0.418626,-0.0855717,0.545645,0.693484,1.3766,1.41703,-1.15342,0.961345,0.293561,1.03023,-1.51595,-0.10001,-0.0158884,-0.294463,-0.0120655,0.561612,0.629499,0.560453,0.586685,1.14287,0.796879,0.676008,0.637962,0.755952,0.695319,1.13686,0.974538,0.860256,0.563915,0.785206,0.599427,0.0685059,0.579424,0.740249,0.655379,0.717489,0.833157,0.822265,0.740879,
1.135,0.657915,0.330041,0.713451,0.437862,0.798737,0.839637,-0.482301,-0.266154,0.222815,0.23078,0.379044,0.429852,0.505359,0.55868,1.1417,1.10692,1.05687,0.802429,0.906727,0.934502,0.866667,0.989693,0.0537642,0.621482,0.849825,1.30292,1.34273,-0.741827,0.889238,0.297205,0.842661,-1.24054,0.459517,0.494639,0.560248,0.0102302,0.427085,0.747,0.834883,0.899356,0.920698,0.558146,0.851717,0.293418,0.826073,0.776044,-0.787431,-0.0462482,0.244261,0.360435,1.34349,0.620638,-1.76725,-2.28719,1.12085,1.28867,1.03061,0.832133,0.748115,0.950073,0.893016,0.417152,-0.0863497,0.546421,0.691681,1.37697,1.41738,-1.15186,0.960426,0.292635,1.02724,-1.51455,-0.0979754,-0.0142527,-0.299969,-0.0133,0.562206,0.631866,0.563175,0.588645,1.1463,0.798561,0.677908,0.639763,0.755684,0.695797,1.1356,0.977307,0.863518,0.564746,0.790458,0.601864,0.0694511,0.581882,0.741398,0.658079,0.718044,0.836774,0.829885,0.741391,
1.14,0.658364,0.330144,0.715147,0.440099,0.801075,0.840602,-0.481425,-0.27308,0.222524,0.229931,0.37924,0.430656,0.504156,0.557248,1.1433,1.1084,1.05883,0.802957,0.908533,0.936629,0.866803,0.990087,0.0554207,0.621811,0.845969,1.30379,1.34329,-0.740002,0.888237,0.297051,0.840465,-1.23986,0.460266,0.496075,0.556637,-0.00541469,0.427506,0.7496,0.836966,0.901331,0.921863,0.558687,0.855135,0.295838,0.829279,0.777507,-0.78562,-0.0527965,0.243793,0.359528,1.34388,0.621173,-1.76836,-2.28922,1.12206,1.29057,1.03359,0.827747,0.747992,0.951657,0.890662,0.415713,-0.0871736,0.547182,0.690674,1.37741,1.41781,-1.15038,0.959553,0.291748,1.02414,-1.51321,-0.0960338,-0.0126295,-0.305382,-0.0145306,0.562833,0.634252,0.565839,0.590578,1.14963,0.800204,0.679752,0.641511,0.755454,0.696277,1.13442,0.979991,0.866681,0.564881,0.795511,0.604229,0.0703824,0.584263,0.742549,0.660708,0.718612,0.840279,0.837283,0.741917,
1.145,0.658837,0.330258,0.716817,0.442296,0.803373,0.841507,-0.480601,-0.279986,0.222242,0.229093,0.379422,0.431431,0.502953,0.555888,1.14483,1.10982,1.06075,0.803443,0.910263,0.938681,0.866951,0.990461,0.0570061,0.622158,0.844516,1.30466,1.34387,-0.738269,0.887229,0.296922,0.838298,-1.23924,0.46096,0.497508,0.553076,-0.00591045,0.427899,0.75217,0.838933,0.90321,0.923017,0.559244,0.858468,0.298209,0.832418,0.778933,-0.783891,-0.0593375,0.243332,0.358628,1.34426,0.621702,-1.76948,-2.29124,1.12322,1.29239,1.03648,0.823481,0.747411,0.953175,0.888404,0.41432,-0.0880129,0.547928,0.689013,1.37781,1.41824,-1.14899,0.9587,0.290899,1.02122,-1.51193,-0.0941849,-0.011017,-0.310697,-0.0157579,0.563456,0.636593,0.568449,0.592489,1.15287,0.801805,0.681532,0.6432,0.755229,0.696754,1.13329,0.982594,0.869749,0.564918,0.80044,0.606519,0.0712932,0.586571,0.743654,0.663258,0.719156,0.843673,0.84445,0.742449,
1.15,0.659335,0.330392,0.718463,0.444454,0.805641,0.842393,-0.479828,-0.28688,0.22197,0.228266,0.37959,0.432179,0.501745,0.554577,1.14632,1.11121,1.06262,0.803902,0.911931,0.940666,0.86712,0.990829,0.0585331,0.622524,0.842581,1.30554,1.34446,-0.736617,0.886203,0.296816,0.83616,-1.23865,0.461604,0.498939,0.549562,-0.00687151,0.428261,0.754698,0.840838,0.905045,0.924147,0.559813,0.861715,0.30053,0.835487,0.780322,-0.782244,-0.0658783,0.242878,0.357734,1.34461,0.622213,-1.77061,-2.29322,1.12434,1.29413,1.0393,0.819362,0.746817,0.954645,0.886254,0.412983,-0.0888406,0.548657,0.688016,1.37821,1.41865,-1.14765,0.957861,0.29009,1.01842,-1.51071,-0.0924275,-0.00941357,-0.315907,-0.0169826,0.564067,0.638881,0.571006,0.594383,1.15602,0.803366,0.68326,0.644841,0.755013,0.697222,1.13219,0.985118,0.87272,0.564969,0.805203,0.60874,0.0721782,0.58881,0.744721,0.665721,0.719679,0.846968,0.851399,0.74298,
1.155,0.659862,0.330563,0.720077,0.446575,0.807869,0.843277,-0.479105,-0.293771,0.221708,0.227449,0.379747,0.432897,0.500523,0.55278,1.14776,1.11256,1.06446,0.804348,0.913546,0.942592,0.867316,0.9912,0.0600149,0.622903,0.84103,1.30643,1.34508,-0.73504,0.885193,0.296731,0.834053,-1.23811,0.4622,0.500365,0.546094,-0.0082287,0.428595,0.757167,0.842735,0.906887,0.925256,0.560393,0.864876,0.302802,0.838483,0.781671,-0.780681,-0.0724237,0.242429,0.356846,1.34493,0.622691,-1.77176,-2.29518,1.12541,1.29579,1.04202,0.815412,0.746224,0.956081,0.884224,0.411711,-0.0896347,0.54937,0.686464,1.37858,1.41902,-1.14638,0.957036,0.28932,1.01558,-1.50956,-0.0907607,-0.00781745,-0.321007,-0.0182054,0.564661,0.641097,0.573516,0.596267,1.15907,0.804882,0.68493,0.646426,0.7548,0.697677,1.13112,0.987569,0.875599,0.565052,0.809809,0.610893,0.0730324,0.590986,0.745742,0.668097,0.720171,0.850177,0.858122,0.743509,
1.16,0.660412,0.330784,0.721658,0.448662,0.810063,0.844139,-0.478429,-0.300665,0.221455,0.226643,0.379892,0.433586,0.499281,0.550869,1.14915,1.11387,1.06626,0.804798,0.915122,0.94447,0.867549,0.99159,0.0614665,0.623297,0.839331,1.30734,1.34571,-0.73353,0.884182,0.296664,0.831977,-1.2376,0.462753,0.501789,0.542668,-0.00999818,0.428899,0.759563,0.844669,0.90878,0.926335,0.560978,0.867953,0.305025,0.841408,0.782977,-0.779199,-0.0789779,0.241987,0.355963,1.34519,0.623124,-1.77292,-2.2971,1.12644,1.29739,1.04466,0.811645,0.745648,0.957494,0.882319,0.410508,-0.0903802,0.550064,0.685488,1.37893,1.41935,-1.14515,0.956219,0.28859,1.01274,-1.50846,-0.0891821,-0.00622734,-0.325998,-0.0194269,0.565228,0.643233,0.575983,0.598145,1.16202,0.806344,0.68655,0.647961,0.754585,0.698112,1.13007,0.98995,0.878383,0.565162,0.814265,0.612984,0.0738524,0.593104,0.746714,0.670381,0.720629,0.853312,0.864639,0.744032,
1.165,0.660988,0.331066,0.723202,0.450716,0.812214,0.844991,-0.477798,-0.307568,0.22121,0.225848,0.380026,0.434244,0.498012,0.548887,1.15052,1.11514,1.06802,0.805271,0.916669,0.946307,0.867825,0.992012,0.0629018,0.623706,0.837766,1.30826,1.34637,-0.73208,0.883191,0.296614,0.829931,-1.23713,0.463265,0.50321,0.539284,-0.0120252,0.429176,0.761876,0.846681,0.910764,0.927386,0.561567,0.870948,0.307201,0.844258,0.784239,-0.777796,-0.085544,0.241549,0.355084,1.34538,0.623503,-1.77411,-2.29898,1.12744,1.29891,1.04722,0.808076,0.745105,0.958898,0.880544,0.40938,-0.0910687,0.550741,0.684066,1.37924,1.41962,-1.14396,0.95541,0.287897,1.00992,-1.50742,-0.0876893,-0.00464225,-0.330879,-0.0206477,0.565767,0.645278,0.578414,0.600023,1.16488,0.807761,0.68812,0.649447,0.754366,0.698523,1.12904,0.992264,0.881072,0.565302,0.818572,0.615017,0.0746354,0.595168,0.747633,0.672573,0.721048,0.856386,0.870956,0.744548,
1.17,0.661586,0.331411,0.72471,0.45274,0.81433,0.845823,-0.477212,-0.314489,0.220975,0.225063,0.380152,0.434871,0.496709,0.546867,1.15185,1.11638,1.06973,0.805786,0.918199,0.948109,0.868154,0.992478,0.064335,0.624129,0.836197,1.3092,1.34702,-0.730682,0.882207,0.296581,0.827915,-1.23669,0.46374,0.504627,0.53594,-0.0141804,0.429425,0.764101,0.848802,0.912866,0.928405,0.562156,0.873862,0.309331,0.847032,0.785456,-0.77647,-0.0921266,0.241117,0.354209,1.34551,0.623822,-1.77532,-2.30083,1.12841,1.30038,1.04969,0.804712,0.744613,0.960301,0.8789,0.408329,-0.091698,0.551398,0.683069,1.37953,1.41983,-1.14279,0.954609,0.287243,1.00472,-1.50644,-0.0862803,-0.00306186,-0.33565,-0.0218679,0.566269,0.647232,0.580816,0.601908,1.16764,0.809121,0.689647,0.650885,0.754137,0.698904,1.12803,0.994514,0.883666,0.565468,0.822741,0.616996,0.0753798,0.597184,0.748498,0.674675,0.721425,0.85941,0.877085,0.745053,
1.175,0.66221,0.331825,0.726187,0.454736,0.816416,0.846662,-0.476666,-0.321428,0.220748,0.224288,0.380268,0.435468,0.495365,0.544834,1.15315,1.11758,1.0714,0.806362,0.919722,0.949886,0.868545,0.993004,0.0657795,0.624572,0.834688,1.31017,1.34771,-0.729331,0.881263,0.296562,0.82593,-1.23628,0.46418,0.506042,0.532638,-0.016396,0.42965,0.76625,0.85105,0.915105,0.929395,0.562742,0.876699,0.311417,0.849728,0.786633,-0.775218,-0.0987249,0.24069,0.353337,1.34559,0.624097,-1.77656,-2.30265,1.12934,1.30179,1.05209,0.801557,0.744201,0.961713,0.877385,0.407358,-0.0922569,0.552036,0.681804,1.37979,1.41998,-1.14163,0.95382,0.286624,1.00468,-1.50551,-0.0849519,-0.00148582,-0.340313,-0.0230876,0.566751,0.649108,0.583194,0.603805,1.17031,0.81044,0.691133,0.65228,0.753902,0.699252,1.12703,0.996702,0.886167,0.565663,0.826777,0.618927,0.0760849,0.599155,0.749316,0.676689,0.721764,0.862385,0.883042,0.745548,
1.18,0.662856,0.332306,0.727633,0.456706,0.818472,0.847479,-0.476161,-0.328389,0.22053,0.223524,0.380377,0.436034,0.493974,0.542807,1.15443,1.11874,1.07302,0.807017,0.921249,0.951643,0.869006,0.9936,0.0672484,0.625033,0.833204,1.31116,1.34842,-0.728022,0.880325,0.296556,0.823974,-1.2359,0.464586,0.507454,0.529377,-0.0186415,0.42985,0.76832,0.853431,0.917485,0.930349,0.563324,0.879461,0.31346,0.852349,0.787765,-0.774036,-0.105339,0.240268,0.352469,1.3456,0.624321,-1.77783,-2.30442,1.13025,1.30315,1.0544,0.798608,0.743926,0.963139,0.875995,0.406466,-0.0927383,0.552653,0.680757,1.38003,1.42008,-1.14048,0.953039,0.28604,1.00215,-1.50463,-0.0837012,8.61799e-05,-0.344873,-0.0243064,0.567203,0.6509,0.585552,0.605714,1.17288,0.811715,0.692584,0.653635,0.753654,0.699562,1.12603,0.998831,0.888575,0.565882,0.830688,0.620814,0.0767505,0.601088,0.750081,0.678621,0.722061,0.8653,0.888838,0.746029,
1.185,0.663526,0.332851,0.729057,0.458651,0.820504,0.848299,-0.475693,-0.335374,0.22032,0.222771,0.38048,0.43657,0.492531,0.5408,1.15569,1.11986,1.07459,0.807766,0.922791,0.953387,0.869541,0.99428,0.0687528,0.625516,0.83176,1.31217,1.34915,-0.726749,0.879407,0.296563,0.822047,-1.23554,0.464961,0.508863,0.526159,-0.0209038,0.430028,0.770323,0.855927,0.919991,0.931275,0.563899,0.882153,0.315462,0.854894,0.788856,-0.77292,-0.111969,0.23985,0.351604,1.34557,0.624503,-1.77913,-2.30616,1.13114,1.30445,1.05663,0.795861,0.743833,0.964584,0.874726,0.40565,-0.0931396,0.55325,0.679618,1.38024,1.42014,-1.13933,0.952265,0.28549,1.00003,-1.5038,-0.0825252,0.0109021,-0.349333,-0.0255239,0.56763,0.652623,0.587891,0.607635,1.17535,0.812958,0.694003,0.654954,0.753393,0.699834,1.12504,1.0009,0.89089,0.566128,0.834483,0.622662,0.0773778,0.602986,0.7508,0.680474,0.722318,0.868136,0.894485,0.746497,
1.19,0.664221,0.333454,0.730472,0.460572,0.822524,0.849129,-0.475262,-0.342386,0.220119,0.222028,0.380577,0.437075,0.49103,0.538821,1.15692,1.12094,1.07612,0.808625,0.924358,0.955121,0.870157,0.995054,0.0703026,0.626026,0.830359,1.31321,1.34992,-0.725507,0.87851,0.296582,0.820147,-1.2352,0.465306,0.510271,0.522983,-0.0231776,0.430187,0.77228,0.8585,0.922586,0.932173,0.564465,0.88478,0.317425,0.857367,0.789913,-0.771867,-0.118613,0.239437,0.350744,1.34551,0.624662,-1.78047,-2.30786,1.13199,1.30571,1.05878,0.793309,0.743868,0.966049,0.873553,0.404907,-0.0934577,0.553826,0.678561,1.38045,1.42018,-1.13818,0.951505,0.284972,0.997847,-1.50301,-0.081421,0.0217836,-0.353699,-0.0267395,0.568043,0.654299,0.590209,0.609564,1.17772,0.814181,0.6954,0.656246,0.753121,0.700064,1.12405,1.00292,0.893116,0.566398,0.83817,0.624475,0.0779684,0.604853,0.751482,0.682254,0.722543,0.870893,0.899997,0.746952,
1.195,0.664943,0.334111,0.731881,0.46247,0.824526,0.84997,-0.474866,-0.349421,0.219925,0.221295,0.380668,0.437552,0.489467,0.536879,1.15814,1.12198,1.0776,0.8096,0.925956,0.956848,0.870855,0.995928,0.0719052,0.626557,0.829009,1.31425,1.35069,-0.724292,0.877634,0.296613,0.818274,-1.23489,0.465623,0.511678,0.51985,-0.0254603,0.430329,0.7742,0.861083,0.925209,0.933049,0.565025,0.887344,0.319351,0.859772,0.790937,-0.77087,-0.125268,0.23903,0.349887,1.34542,0.6248,-1.78185,-2.30954,1.13281,1.30692,1.06085,0.790938,0.743863,0.967534,0.872486,0.404231,-0.0936362,0.554381,0.677503,1.38066,1.4202,-1.13701,0.950756,0.284487,0.99573,-1.50227,-0.0803857,0.032691,-0.357976,-0.0279523,0.568439,0.655935,0.5925,0.611492,1.18001,0.815379,0.696774,0.657513,0.752833,0.700254,1.12305,1.00489,0.895255,0.566693,0.841756,0.626253,0.0785244,0.606692,0.752124,0.683969,0.722734,0.873584,0.90538,0.747395,
1.2,0.665689,0.33482,0.733293,0.464346,0.826529,0.850825,-0.474502,-0.35648,0.219738,0.220574,0.379855,0.438,0.487841,0.534976,1.15933,1.12299,1.07905,0.810701,0.927588,0.958572,0.871637,0.996906,0.0735659,0.627113,0.827704,1.31534,1.35152,-0.723102,0.876774,0.296655,0.816424,-1.23459,0.465912,0.513085,0.516762,-0.0277499,0.430457,0.776106,0.863594,0.927784,0.933904,0.565576,0.889852,0.321241,0.862113,0.791932,-0.769928,-0.131929,0.238626,0.349035,1.34533,0.624938,-1.78325,-2.31118,1.1336,1.30808,1.06285,0.78873,0.743867,0.969036,0.871514,0.403619,-0.0935515,0.554914,0.676476,1.38087,1.42021,-1.13583,0.950021,0.284036,0.99366,-1.50157,-0.0794165,0.0435965,-0.362168,-0.0291616,0.56883,0.657556,0.594757,0.613411,1.1822,0.816569,0.698133,0.658759,0.752534,0.700404,1.12206,1.00681,0.897308,0.567012,0.84525,0.628003,0.0790492,0.608507,0.752736,0.685625,0.7229,0.87622,0.910651,0.747826,
1.205,0.666461,0.335578,0.734709,0.466199,0.828527,0.851693,-0.47417,-0.363557,0.219559,0.219863,0.379186,0.438421,0.48615,0.533116,1.1605,1.12396,1.08046,0.81193,0.929257,0.960295,0.872501,0.997987,0.0752866,0.627698,0.826452,1.31645,1.35241,-0.721933,0.875933,0.296707,0.814595,-1.23431,0.466176,0.514492,0.51372,-0.030045,0.430572,0.778007,0.865944,0.930231,0.93474,0.56612,0.892307,0.323097,0.864392,0.792899,-0.769035,-0.138592,0.238228,0.348188,1.34524,0.625086,-1.7847,-2.31279,1.13437,1.30919,1.06477,0.786668,0.743888,0.970551,0.870626,0.403065,-0.0933794,0.555426,0.675466,1.38107,1.42023,-1.13463,0.949297,0.283619,0.991637,-1.50091,-0.078511,0.0544815,-0.366282,-0.0303666,0.569221,0.659166,0.596971,0.615312,1.1843,0.817757,0.699473,0.659982,0.752223,0.700516,1.12107,1.00868,0.89928,0.567354,0.848659,0.629727,0.0795462,0.610299,0.753318,0.687228,0.72304,0.87881,0.915821,0.748245,
1.21,0.667262,0.336383,0.736147,0.46803,0.830531,0.852579,-0.473865,-0.370649,0.219387,0.219163,0.378516,0.438817,0.484392,0.5313,1.16166,1.12491,1.08184,0.813284,0.930959,0.962015,0.873443,0.999171,0.0770663,0.62831,0.825263,1.31756,1.35333,-0.720784,0.875092,0.296772,0.812781,-1.23406,0.466414,0.515899,0.510724,-0.0323438,0.430678,0.779911,0.868055,0.932475,0.935566,0.566658,0.894713,0.324919,0.866612,0.79384,-0.768188,-0.145252,0.237835,0.347346,1.34514,0.625238,-1.78618,-2.31438,1.1351,1.31026,1.06661,0.784732,0.743926,0.972067,0.869815,0.402562,-0.0932407,0.555917,0.67448,1.38125,1.42025,-1.13343,0.948579,0.283239,0.989658,-1.50029,-0.0776675,0.0653297,-0.370322,-0.0315665,0.569594,0.660768,0.599135,0.617188,1.18632,0.818943,0.700812,0.661202,0.751899,0.700592,1.12008,1.01049,0.901172,0.567719,0.851985,0.63142,0.0800191,0.612069,0.753874,0.688784,0.723159,0.881357,0.920888,0.748653,
1.215,0.668093,0.337234,0.737572,0.469838,0.832508,0.853485,-0.473587,-0.37775,0.219222,0.218475,0.37783,0.439189,0.48257,0.529526,1.16279,1.12584,1.0832,0.814755,0.932696,0.963729,0.874458,1.00045,0.0789012,0.628942,0.824144,1.3187,1.35425,-0.719655,0.874295,0.296848,0.810967,-1.23381,0.466628,0.517307,0.507775,-0.0346444,0.430775,0.781797,0.869868,0.934459,0.936385,0.567191,0.897072,0.326708,0.868774,0.794755,-0.767384,-0.151903,0.237447,0.346509,1.34499,0.625378,-1.78769,-2.31595,1.13581,1.3113,1.06838,0.782905,0.743995,0.973584,0.869067,0.402102,-0.093093,0.556385,0.673518,1.3814,1.42027,-1.13221,0.947867,0.282894,0.98772,-1.49971,-0.0768841,0.076132,-0.374291,-0.0327606,0.569943,0.662344,0.601241,0.61903,1.18825,0.820091,0.702107,0.662377,0.751559,0.700637,1.11908,1.01226,0.902986,0.568109,0.855233,0.633081,0.0804712,0.613815,0.7544,0.690301,0.723254,0.883861,0.925857,0.749052,
1.22,0.668946,0.338128,0.738991,0.471622,0.834477,0.8544,-0.473333,-0.384853,0.219063,0.217798,0.377131,0.439539,0.480686,0.527796,1.1639,1.12674,1.08454,0.816334,0.934461,0.965434,0.87554,1.0018,0.0807841,0.629588,0.823091,1.31985,1.3552,-0.718547,0.873516,0.296937,0.809113,-1.23358,0.466817,0.518715,0.504875,-0.0369453,0.430866,0.783664,0.871355,0.936156,0.937195,0.567722,0.899385,0.328464,0.870876,0.795644,-0.766621,-0.15854,0.237063,0.345678,1.3448,0.625503,-1.78923,-2.3175,1.1365,1.31232,1.07009,0.781172,0.744108,0.975091,0.868374,0.401679,-0.0929297,0.55683,0.672575,1.38153,1.42028,-1.13098,0.947158,0.282583,0.985823,-1.49916,-0.0761597,0.0868791,-0.378194,-0.0339484,0.570264,0.663895,0.603285,0.620834,1.19011,0.821224,0.703389,0.663531,0.751207,0.700654,1.11808,1.01398,0.904726,0.56852,0.858406,0.634711,0.0809057,0.615535,0.754908,0.691782,0.723334,0.886323,0.930736,0.749443,
1.225,0.669804,0.339066,0.740338,0.473381,0.836327,0.855134,-0.473101,-0.39195,0.21891,0.217133,0.376424,0.439869,0.478742,0.526105,1.165,1.12763,1.08585,0.818003,0.936233,0.967126,0.876679,1.00322,0.0827054,0.630226,0.822067,1.32094,1.35616,-0.717461,0.872599,0.29704,0.806977,-1.23337,0.466984,0.52011,0.502026,-0.0392441,0.430951,0.785352,0.872516,0.937566,0.937959,0.568242,0.901646,0.330187,0.872909,0.796452,-0.765895,-0.165155,0.236684,0.344853,1.34431,0.625424,-1.79079,-2.31903,1.13718,1.31331,1.07174,0.779514,0.744285,0.976573,0.867722,0.401285,-0.0927419,0.55725,0.671599,1.38144,1.42017,-1.12976,0.946391,0.282302,0.983964,-1.49865,-0.0754929,0.0975667,-0.382032,-0.0351298,0.570435,0.665222,0.605263,0.622598,1.19189,0.822304,0.704606,0.664623,0.750804,0.700648,1.11701,1.01565,0.906392,0.568945,0.8615,0.636298,0.650137,0.617226,0.755341,0.693233,0.723355,0.888736,0.935499,0.749812,
1.23,0.670724,0.340043,0.741767,0.475115,0.838332,0.856232,-0.472887,-0.399035,0.218763,0.21648,0.375715,0.44018,0.476743,0.524453,1.16606,1.1285,1.08715,0.819754,0.938036,0.9688,0.877869,1.00471,0.0846529,0.630897,0.821172,1.32219,1.35718,-0.7164,0.871945,0.297158,0.800281,-1.23316,0.467128,0.521525,0.499227,-0.0415386,0.431031,0.787154,0.87338,0.938715,0.938776,0.568767,0.903867,0.331876,0.874901,0.79732,-0.765206,-0.171744,0.23631,0.344034,1.34411,0.62548,-1.79239,-2.32054,1.13785,1.31429,1.07335,0.777918,0.744512,0.978044,0.867113,0.400913,-0.0925216,0.557647,0.670738,1.3816,1.42025,-1.12854,0.945698,0.28205,0.982144,-1.49818,-0.0748828,0.10819,-0.385807,-0.0363041,0.570693,0.666707,0.607176,0.62432,1.19359,0.823444,0.705886,0.665764,0.750469,0.700624,1.11609,1.01727,0.907987,0.569411,0.864532,0.637877,0.649997,0.61889,0.755866,0.694656,0.723449,0.891108,0.940209,0.750194,
1.235,0.671658,0.341058,0.743193,0.476821,0.840325,0.857244,-0.47269,-0.406099,0.218622,0.215839,0.375008,0.440476,0.474693,0.522836,1.16711,1.12936,1.08842,0.821565,0.939834,0.970449,0.8791,1.00624,0.0866129,0.63158,0.820355,1.32338,1.35818,-0.715367,0.871311,0.297264,0.80277,-1.23297,0.467252,0.522937,0.49648,-0.0438267,0.429857,0.789017,0.873998,0.939653,0.939593,0.569296,0.906047,0.333531,0.876847,0.798178,-0.764552,-0.178299,0.235941,0.343221,1.34394,0.625604,-1.794,-2.32205,1.1385,1.31525,1.0749,0.776368,0.744783,0.979481,0.866532,0.40056,-0.0922666,0.558022,0.669881,1.38177,1.42037,-1.12734,0.945035,0.281824,0.980358,-1.49774,-0.0743278,0.118749,-0.389519,-0.0374715,0.570979,0.668258,0.609024,0.626001,1.19522,0.824526,0.70711,0.666852,0.750126,0.700588,1.11516,1.01883,0.909512,0.569891,0.867497,0.639417,0.651646,0.620522,0.756356,0.696053,0.723533,0.893428,0.944837,0.750577,
1.24,0.672609,0.342108,0.744573,0.478498,0.842259,0.85822,-0.472507,-0.413133,0.210396,0.215211,0.37431,0.440757,0.472598,0.521252,1.16813,1.13019,1.08967,0.823416,0.94162,0.972066,0.88036,1.00779,0.0885703,0.632263,0.819607,1.32454,1.35915,-0.714366,0.870676,0.297371,0.801824,-1.23278,0.467358,0.524343,0.493786,-0.0461063,0.429095,0.790866,0.874434,0.94044,0.9404,0.569826,0.90818,0.33515,0.878747,0.799006,-0.763931,-0.184816,0.235576,0.342414,1.34371,0.625719,-1.79563,-2.32354,1.13914,1.31618,1.07641,0.774855,0.745086,0.980877,0.865975,0.400221,-0.0919807,0.558372,0.669039,1.38187,1.42047,-1.12616,0.944377,0.281623,0.978604,-1.49733,-0.0738275,0.129243,-0.393169,-0.038632,0.571244,0.669784,0.610808,0.62764,1.19678,0.825548,0.708279,0.667885,0.749768,0.700545,1.11423,1.02033,0.91097,0.570392,0.870392,0.640911,0.652976,0.622116,0.756814,0.697427,0.723598,0.895691,0.949366,0.750956,
1.245,0.673576,0.343191,0.745904,0.480142,0.844148,0.859204,-0.472335,-0.420129,0.202526,0.214595,0.373625,0.441025,0.470462,0.519697,1.16911,1.13101,1.0909,0.825288,0.943382,0.973643,0.881638,1.00935,0.0905095,0.632938,0.818922,1.3257,1.3601,-0.713403,0.870064,0.297481,0.800218,-1.23261,0.467449,0.525744,0.491144,-0.0483753,0.428435,0.792664,0.874761,0.941145,0.9412,0.570358,0.910265,0.336733,0.880598,0.799807,-0.763344,-0.19129,0.235216,0.341613,1.34341,0.625793,-1.79728,-2.32502,1.13976,1.31708,1.07787,0.77337,0.745407,0.982228,0.865436,0.399891,-0.0916724,0.558697,0.668219,1.38193,1.42055,-1.125,0.943721,0.281448,0.976879,-1.49696,-0.0733811,0.139674,-0.396754,-0.0397859,0.571477,0.671255,0.612528,0.629236,1.19827,0.826517,0.709406,0.668872,0.749409,0.700501,1.11332,1.02178,0.912361,0.570914,0.873215,0.64236,0.654206,0.623667,0.75726,0.698776,0.72366,0.897894,0.953789,0.751334,
1.25,0.674558,0.344304,0.747183,0.481752,0.84599,0.860195,-0.472172,-0.42708,0.194913,0.213991,0.372957,0.441284,0.468288,0.518169,1.17007,1.13179,1.09209,0.827159,0.945113,0.975172,0.882925,1.0109,0.0924154,0.633591,0.818294,1.32684,1.36096,-0.71248,0.869488,0.297595,0.79878,-1.23244,0.467528,0.52714,0.488556,-0.0506313,0.427812,0.794386,0.875047,0.941827,0.941991,0.570893,0.912296,0.338278,0.882399,0.800589,-0.762789,-0.197714,0.23486,0.340817,1.34303,0.625795,-1.79894,-2.32649,1.14035,1.31793,1.07928,0.771906,0.74573,0.98353,0.864914,0.399568,-0.0913518,0.558996,0.667428,1.38195,1.42061,-1.12387,0.94307,0.2813,0.975182,-1.49663,-0.0729874,0.150045,-0.400274,-0.0409334,0.571662,0.672653,0.614179,0.630783,1.1997,0.827412,0.710483,0.669809,0.749053,0.700458,1.11242,1.02317,0.913687,0.571455,0.875965,0.643757,0.65538,0.625172,0.757694,0.7001,0.72372,0.900031,0.958089,0.751713,
1.255,0.675553,0.345443,0.74841,0.483325,0.847793,0.861201,-0.472017,-0.433977,0.187489,0.2134,0.372311,0.441533,0.466084,0.516664,1.17099,1.13254,1.09324,0.829015,0.9468,0.976651,0.884209,1.01243,0.094273,0.634227,0.817719,1.32799,1.36184,-0.711602,0.868969,0.297714,0.797288,-1.23299,0.467595,0.528531,0.486021,-0.0528723,0.427221,0.796032,0.875351,0.942542,0.942774,0.571432,0.914272,0.339784,0.88415,0.801354,-0.762266,-0.20407,0.234508,0.340027,1.34259,0.625737,-1.80061,-2.32796,1.14089,1.31874,1.08065,0.77046,0.746048,0.984782,0.864407,0.39925,-0.0910283,0.55927,0.666664,1.38195,1.42066,-1.12278,0.942431,0.28118,0.973511,-1.49632,-0.0726442,0.16036,-0.403725,-0.0420748,0.571823,0.673987,0.615756,0.632276,1.20107,0.82827,0.711509,0.670695,0.748709,0.700422,1.11158,1.02449,0.914948,0.572016,0.878642,0.645111,0.656521,0.626626,0.758125,0.701398,0.723788,0.902105,0.962261,0.752094,
1.26,0.676556,0.346606,0.749587,0.48486,0.849553,0.862211,-0.47187,-0.4408,0.180203,0.212822,0.37169,0.441775,0.463855,0.515179,1.17187,1.13326,1.09436,0.830841,0.948436,0.978071,0.885482,1.01392,0.0960692,0.634846,0.817183,1.32912,1.36269,-0.710773,0.868504,0.297838,0.795858,-1.23342,0.467202,0.529917,0.48354,-0.0550966,0.426672,0.797605,0.875719,0.943328,0.943547,0.571974,0.916192,0.341251,0.885854,0.802104,-0.761776,-0.210347,0.23416,0.339242,1.34211,0.625629,-1.80229,-2.32941,1.14139,1.3195,1.08196,0.769032,0.746354,0.985984,0.863914,0.398936,-0.0907101,0.559519,0.665926,1.38193,1.42071,-1.12174,0.941811,0.281088,0.971869,-1.49605,-0.0723486,0.170621,-0.407104,-0.0432104,0.571982,0.675266,0.617254,0.633709,1.20237,0.829085,0.712481,0.671529,0.748382,0.700395,1.11078,1.02575,0.916145,0.572594,0.881247,0.646421,0.657628,0.628028,0.758553,0.702667,0.723865,0.904112,0.966293,0.752478,
1.265,0.677562,0.347789,0.750713,0.486355,0.85127,0.863219,-0.472266,-0.447533,0.173019,0.212257,0.371097,0.442011,0.461608,0.513713,1.17271,1.13393,1.09543,0.832623,0.950008,0.97943,0.886736,1.01537,0.097792,0.635445,0.816675,1.33024,1.36353,-0.709995,0.868085,0.297971,0.794448,-1.23383,0.466778,0.531294,0.481111,-0.0573024,0.426163,0.799109,0.876187,0.944216,0.944304,0.572519,0.918056,0.342677,0.88751,0.80284,-0.761319,-0.21654,0.233816,0.338462,1.34159,0.625478,-1.80398,-2.33085,1.14183,1.32019,1.08321,0.767623,0.746642,0.987134,0.863437,0.398627,-0.0904027,0.559743,0.665213,1.38189,1.42074,-1.12074,0.941213,0.281024,0.970257,-1.4958,-0.0720963,0.18083,-0.41041,-0.0443408,0.572148,0.676494,0.618666,0.635077,1.20362,0.829849,0.713401,0.672313,0.748073,0.700379,1.11003,1.02695,0.917278,0.573188,0.883778,0.647684,0.6587,0.629375,0.758974,0.703904,0.723949,0.906051,0.970176,0.752866,
1.27,0.67857,0.34899,0.751796,0.487808,0.852949,0.864229,-0.472548,-0.454167,0.165911,0.211706,0.370534,0.442243,0.459348,0.512262,1.1735,1.13455,1.09646,0.834348,0.951507,0.980723,0.887964,1.01676,0.099432,0.636017,0.816184,1.33134,1.36434,-0.709271,0.867709,0.298115,0.793072,-1.23428,0.46631,0.532663,0.478737,-0.0594877,0.425699,0.800549,0.876779,0.94523,0.945044,0.573068,0.919863,0.344061,0.88912,0.80356,-0.760894,-0.222647,0.233476,0.337687,1.34104,0.625295,-1.80567,-2.33228,1.14224,1.32084,1.08441,0.766238,0.746901,0.988231,0.862978,0.398322,-0.0901097,0.559943,0.664527,1.38184,1.42077,-1.11979,0.940638,0.28099,0.968679,-1.49558,-0.0718818,0.190991,-0.413638,-0.0454661,0.572324,0.677679,0.61999,0.63638,1.2048,0.83056,0.714272,0.67305,0.747785,0.700377,1.10933,1.02809,0.918348,0.573795,0.88623,0.648898,0.659735,0.630666,0.759388,0.705106,0.724042,0.907924,0.973909,0.753257,
1.275,0.679577,0.350204,0.752839,0.489217,0.854597,0.86524,-0.472807,-0.460697,0.158859,0.211167,0.370002,0.442472,0.45708,0.510825,1.17425,1.13513,1.09744,0.836008,0.952924,0.981948,0.889161,1.01808,0.100982,0.636567,0.815704,1.33242,1.36512,-0.708603,0.867371,0.298272,0.791729,-1.23477,0.465796,0.534021,0.476415,-0.0616516,0.425282,0.801934,0.877512,0.946381,0.945766,0.573619,0.921613,0.345403,0.890681,0.804267,-0.760502,-0.228666,0.23314,0.336915,1.34046,0.625084,-1.80737,-2.3337,1.1426,1.32143,1.08556,0.764883,0.747118,0.989273,0.862539,0.398025,-0.0898325,0.560118,0.663868,1.38176,1.42077,-1.11889,0.940086,0.280985,0.967137,-1.49537,-0.0716984,0.201108,-0.416785,-0.0465866,0.572501,0.678826,0.621225,0.637616,1.20593,0.831207,0.715095,0.673741,0.74752,0.700388,1.10869,1.02915,0.919354,0.574415,0.888596,0.65006,0.660731,0.631898,0.759792,0.706269,0.724139,0.909733,0.97749,0.753652,
1.28,0.68058,0.351431,0.753847,0.490582,0.856225,0.866256,-0.473084,-0.467119,0.151849,0.210642,0.369502,0.4427,0.454808,0.509401,1.17495,1.13566,1.09837,0.837595,0.954257,0.983103,0.890324,1.01933,0.102435,0.637087,0.81523,1.33349,1.3659,-0.707991,0.86707,0.298447,0.790419,-1.23531,0.465236,0.53537,0.474146,-0.0637928,0.42491,0.803281,0.878388,0.947672,0.946473,0.574173,0.923307,0.346702,0.892192,0.804961,-0.760142,-0.234595,0.232807,0.336149,1.33987,0.624865,-1.80906,-2.3351,1.14294,1.322,1.08665,0.763566,0.747291,0.990265,0.862123,0.397737,-0.0895706,0.560269,0.66324,1.38168,1.42077,-1.11803,0.939562,0.281009,0.965632,-1.49519,-0.0715385,0.21118,-0.419848,-0.0477026,0.572684,0.679954,0.622373,0.63879,1.207,0.831802,0.715876,0.674389,0.747281,0.700413,1.10811,1.03016,0.920296,0.575046,0.890864,0.651172,0.661693,0.633073,0.760189,0.707389,0.724244,0.911482,0.980924,0.75405,
1.285,0.681577,0.352666,0.754822,0.491903,0.857833,0.867267,-0.473383,-0.473431,0.144871,0.21013,0.369033,0.442926,0.452534,0.507989,1.17559,1.13614,1.09926,0.839106,0.955505,0.98419,0.89145,1.02052,0.10379,0.63757,0.814759,1.33454,1.36663,-0.707435,0.866792,0.298644,0.789144,-1.23589,0.464634,0.536707,0.47193,-0.06591,0.424587,0.804604,0.8794,0.949095,0.947165,0.574728,0.924942,0.347959,0.893658,0.805642,-0.759812,-0.240435,0.232477,0.335386,1.3393,0.624649,-1.81077,-2.33648,1.14326,1.32255,1.0877,0.762298,0.747424,0.99121,0.861731,0.397462,-0.0893219,0.560395,0.662642,1.3816,1.42078,-1.11722,0.939065,0.281062,0.964164,-1.49501,-0.0713952,0.221212,-0.422824,-0.0488143,0.572869,0.681077,0.623438,0.639909,1.20801,0.832337,0.716611,0.674995,0.747069,0.70045,1.1076,1.03109,0.921176,0.575686,0.893026,0.652232,0.662617,0.634191,0.760575,0.708461,0.724352,0.913181,0.98421,0.754451,
1.29,0.682567,0.353909,0.755782,0.493178,0.859448,0.868295,-0.473706,-0.479631,0.137919,0.209631,0.368596,0.443154,0.45026,0.506587,1.17619,1.13657,1.1001,0.84054,0.956671,0.985209,0.892541,1.02163,0.105046,0.638026,0.814288,1.3356,1.36737,-0.706931,0.866543,0.298867,0.787905,-1.23652,0.463988,0.538037,0.469766,-0.0680025,0.424307,0.805948,0.880525,0.950625,0.947843,0.575284,0.926522,0.349173,0.895082,0.806318,-0.759512,-0.246184,0.232152,0.334627,1.33881,0.624486,-1.81248,-2.33784,1.1436,1.32309,1.08871,0.761087,0.747526,0.992119,0.861363,0.397203,-0.0890832,0.560498,0.662078,1.38158,1.42081,-1.11646,0.938605,0.281144,0.962734,-1.49485,-0.071264,0.231204,-0.425711,-0.049922,0.573088,0.682243,0.624433,0.640982,1.20896,0.832843,0.71732,0.675574,0.746891,0.7005,1.10715,1.03197,0.921993,0.576335,0.895086,0.653251,0.663521,0.635255,0.76096,0.709482,0.724473,0.91483,0.987364,0.754854,
1.295,0.683547,0.355157,0.756725,0.49441,0.861065,0.869319,-0.47405,-0.485717,0.13099,0.209146,0.36819,0.443383,0.447986,0.505197,1.17674,1.13694,1.10089,0.841897,0.957756,0.986162,0.893597,1.02267,0.106205,0.638448,0.81382,1.33662,1.36808,-0.70648,0.866308,0.299117,0.7867,-1.23718,0.463301,0.539356,0.467651,-0.07007,0.424073,0.807335,0.881716,0.952218,0.94851,0.57584,0.928045,0.350344,0.89647,0.806985,-0.75924,-0.251844,0.231829,0.333872,1.33842,0.624399,-1.81419,-2.33919,1.14396,1.32364,1.08969,0.759947,0.747608,0.992994,0.861004,0.396964,-0.0888504,0.560578,0.661547,1.38161,1.42088,-1.11573,0.938183,0.281255,0.961338,-1.49469,-0.0718092,0.241159,-0.428505,-0.0510255,0.573342,0.683471,0.62537,0.642025,1.20986,0.833295,0.717993,0.676118,0.746744,0.700561,1.10678,1.03278,0.922751,0.576991,0.897047,0.654225,0.664398,0.636268,0.761331,0.710447,0.724596,0.916396,0.990382,0.755258,
1.3,0.68452,0.35641,0.757649,0.495599,0.862681,0.870338,-0.474414,-0.491689,0.124083,0.208674,0.367813,0.443614,0.445712,0.503817,1.17724,1.13727,1.10164,0.843176,0.958764,0.98705,0.89462,1.02365,0.107271,0.638827,0.813361,1.33763,1.36874,-0.706078,0.866075,0.299399,0.785528,-1.23788,0.46257,0.540666,0.465583,-0.072112,0.423879,0.808782,0.882914,0.953816,0.949167,0.576395,0.92951,0.351473,0.897824,0.807639,-0.758993,-0.257412,0.231511,0.333121,1.33814,0.624399,-1.81591,-2.34051,1.14435,1.32422,1.09065,0.758886,0.747686,0.993843,0.860562,0.396749,-0.0886179,0.560635,0.66105,1.38172,1.42098,-1.11504,0.937794,0.281393,0.959977,-1.49536,-0.0724275,0.251074,-0.431203,-0.0521252,0.573622,0.684774,0.626267,0.643054,1.21071,0.833695,0.718633,0.67663,0.746625,0.700632,1.10646,1.03354,0.923451,0.577654,0.89891,0.655153,0.665246,0.637232,0.761684,0.711349,0.724716,0.917836,0.99326,0.755661,
1.305,0.68549,0.357667,0.758555,0.496746,0.864294,0.871353,-0.474795,-0.497548,0.117199,0.208215,0.367463,0.443849,0.443437,0.502448,1.17769,1.13755,1.10234,0.844379,0.959702,0.987875,0.895611,1.02456,0.108249,0.639161,0.812931,1.3386,1.36933,-0.705723,0.865837,0.29971,0.784388,-1.23862,0.461795,0.541966,0.463559,-0.0741279,0.423722,0.810293,0.884049,0.955352,0.94982,0.57695,0.930914,0.35256,0.899145,0.80828,-0.758769,-0.26289,0.231195,0.332374,1.33798,0.624485,-1.81763,-2.3418,1.1448,1.32482,1.0916,0.757912,0.747777,0.994668,0.859512,0.396558,-0.0883789,0.560668,0.660592,1.38191,1.42112,-1.11438,0.937436,0.281508,0.958649,-1.49596,-0.0731086,0.26095,-0.433801,-0.0532208,0.573902,0.686154,0.62714,0.644085,1.21151,0.834034,0.719242,0.677114,0.746528,0.700712,1.1062,1.03425,0.924098,0.578324,0.900675,0.656027,0.666057,0.638151,0.762013,0.712185,0.724826,0.919177,0.995994,0.756062,
1.31,0.686457,0.358926,0.759445,0.497853,0.865904,0.872362,-0.475191,-0.503293,0.11034,0.207769,0.367136,0.444087,0.441161,0.501092,1.1781,1.13779,1.10301,0.845507,0.960571,0.98864,0.896574,1.02541,0.109142,0.639442,0.812535,1.33953,1.36987,-0.705411,0.865588,0.30005,0.783276,-1.23938,0.460977,0.543254,0.461576,-0.0761178,0.4236,0.81187,0.885062,0.956768,0.950472,0.577507,0.932253,0.353606,0.900432,0.808904,-0.758564,-0.268278,0.230884,0.331631,1.33793,0.624645,-1.81937,-2.34307,1.14531,1.32546,1.09255,0.757024,0.747897,0.99548,0.859786,0.396394,-0.0881248,0.560675,0.660171,1.38219,1.42129,-1.11374,0.937103,0.281628,0.957351,-1.49655,-0.0738477,0.270785,-0.436296,-0.0543124,0.574157,0.687606,0.628007,0.645133,1.21227,0.834317,0.719826,0.677572,0.74645,0.7008,1.10598,1.0349,0.924695,0.579,0.90234,0.656851,0.666834,0.639029,0.762313,0.71295,0.72492,0.920451,0.998582,0.756461,
1.315,0.687426,0.360187,0.760329,0.498925,0.867518,0.873392,-0.475599,-0.508925,0.103509,0.207337,0.366833,0.44433,0.43888,0.499748,1.17846,1.13798,1.10363,0.846566,0.961381,0.98935,0.897511,1.02622,0.109958,0.639672,0.812186,1.34044,1.37036,-0.705136,0.86535,0.300416,0.782191,-1.24018,0.460115,0.544534,0.459627,-0.0780816,0.42351,0.813527,0.885911,0.958029,0.951128,0.578067,0.933528,0.354613,0.90169,0.809519,-0.758376,-0.273575,0.230576,0.330892,1.33803,0.624896,-1.82111,-2.34431,1.14588,1.32614,1.0935,0.75624,0.748067,0.996292,0.859854,0.396263,-0.0878439,0.560658,0.659793,1.38259,1.4215,-1.11313,0.9368,0.281753,0.956082,-1.49717,-0.0746419,0.280579,-0.438685,-0.0553998,0.574397,0.689148,0.628885,0.646214,1.21299,0.83457,0.720388,0.678013,0.746396,0.700897,1.10581,1.03552,0.925255,0.579683,0.903906,0.657632,0.66759,0.63987,0.762588,0.713648,0.725,0.921668,1.00103,0.756857,
1.32,0.688404,0.361461,0.761211,0.499973,0.869142,0.874426,-0.476009,-0.514455,0.0966916,0.206915,0.366546,0.444578,0.436597,0.498427,1.17879,1.13814,1.10424,0.847569,0.962141,0.990016,0.898434,1.02698,0.110706,0.639874,0.811878,1.34135,1.37086,-0.704894,0.865116,0.300803,0.781125,-1.24099,0.459218,0.545811,0.457693,-0.0800327,0.423446,0.815259,0.886583,0.959124,0.951792,0.578635,0.934749,0.355587,0.902928,0.810122,-0.7582,-0.278789,0.230271,0.330154,1.33828,0.625234,-1.82287,-2.34552,1.14651,1.32685,1.09446,0.755574,0.748311,0.997118,0.859942,0.396169,-0.0875206,0.560623,0.659447,1.38309,1.42175,-1.11252,0.936521,0.281885,0.954841,-1.49781,-0.0754827,0.290369,-0.440983,-0.056487,0.574622,0.690771,0.62979,0.647345,1.21366,0.834801,0.720926,0.678433,0.74636,0.700997,1.10569,1.03608,0.925761,0.580379,0.905388,0.658381,0.668335,0.640687,0.76283,0.71425,0.725057,0.922847,1.00337,0.757255,
1.325,0.689362,0.36272,0.76207,0.500977,0.870728,0.875432,-0.476434,-0.519857,0.0899418,0.206509,0.366284,0.44483,0.434302,0.497109,1.17907,1.13827,1.1048,0.848511,0.962843,0.99063,0.89932,1.02769,0.111386,0.640016,0.81161,1.34221,1.37135,-0.70468,0.864882,0.301213,0.780091,-1.24184,0.458277,0.547063,0.455807,-0.0819358,0.423408,0.81705,0.887091,0.960067,0.952437,0.5792,0.935889,0.356514,0.904116,0.810692,-0.758034,-0.283897,0.229971,0.329425,1.33864,0.625644,-1.82464,-2.3467,1.14719,1.32757,1.09542,0.755038,0.748645,0.997952,0.860106,0.396176,-0.0871417,0.56055,0.659139,1.38365,1.42203,-1.11192,0.936267,0.282027,0.953667,-1.49852,-0.0763857,0.30006,-0.443141,-0.0575644,0.57483,0.692448,0.630742,0.648538,1.2143,0.835017,0.721428,0.678824,0.746338,0.701103,1.1056,1.03662,0.92624,0.581066,0.906748,0.659085,0.669056,0.641461,0.763028,0.714781,0.725083,0.923955,1.00554,0.757638,
1.33,0.690327,0.363986,0.762926,0.50196,0.872303,0.876427,-0.476858,-0.525156,0.0832358,0.206115,0.366034,0.445087,0.431996,0.495807,1.17933,1.13837,1.10536,0.849411,0.963501,0.991211,0.900198,1.02837,0.112012,0.640142,0.811374,1.34307,1.37188,-0.704487,0.864643,0.301638,0.779071,-1.24271,0.457303,0.548304,0.453935,-0.0838171,0.423387,0.818881,0.887465,0.960893,0.953079,0.57977,0.936977,0.357408,0.905278,0.811236,-0.757877,-0.28892,0.229675,0.328699,1.3391,0.626121,-1.82643,-2.34785,1.14791,1.32829,1.09638,0.754653,0.749091,0.998817,0.860365,0.396265,-0.0866859,0.560459,0.658852,1.38425,1.42234,-1.11131,0.936027,0.282182,0.952564,-1.49926,-0.0773426,0.309708,-0.445193,-0.0586376,0.575035,0.694155,0.631753,0.649807,1.21492,0.835246,0.721911,0.679203,0.746328,0.701211,1.10553,1.03713,0.926689,0.581761,0.908024,0.659768,0.669778,0.642217,0.763187,0.715231,0.725077,0.925033,1.00761,0.758016,
1.335,0.691297,0.365255,0.763776,0.502922,0.873835,0.877349,-0.477278,-0.530343,0.0765841,0.205734,0.365797,0.445349,0.429678,0.49452,1.17956,1.13846,1.1059,0.850278,0.964108,0.991764,0.901063,1.02902,0.112593,0.640248,0.811174,1.34386,1.37246,-0.704311,0.864351,0.302074,0.778069,-1.24359,0.456302,0.54952,0.452079,-0.0856719,0.423385,0.820698,0.887746,0.961645,0.953701,0.580343,0.938011,0.358268,0.906398,0.811738,-0.757727,-0.293847,0.229383,0.327978,1.33959,0.626609,-1.82822,-2.34896,1.14865,1.329,1.09733,0.754698,0.749658,0.999717,0.860725,0.396368,-0.086131,0.560348,0.658573,1.38477,1.42263,-1.11071,0.935789,0.282354,0.95153,-1.50004,-0.078355,0.319307,-0.447135,-0.0597059,0.575227,0.695813,0.632832,0.651157,1.21551,0.835493,0.722383,0.679579,0.746317,0.701319,1.10547,1.03762,0.927113,0.582458,0.909207,0.660431,0.670495,0.642954,0.763288,0.715601,0.725024,0.926071,1.00955,0.758384,
1.34,0.692264,0.366526,0.764633,0.503868,0.875366,0.878341,-0.477692,-0.535421,0.0699933,0.205366,0.36557,0.445616,0.427345,0.493251,1.17977,1.13853,1.10643,0.851123,0.964707,0.992294,0.901923,1.02967,0.113138,0.640361,0.810991,1.3447,1.37304,-0.704146,0.864106,0.302517,0.777084,-1.24449,0.455278,0.550736,0.450233,-0.0875007,0.423394,0.822533,0.887983,0.962371,0.954319,0.58092,0.938998,0.359097,0.907487,0.812224,-0.758176,-0.298681,0.229095,0.327261,1.34019,0.627163,-1.83004,-2.35005,1.14939,1.32969,1.09826,0.754557,0.750364,1.00067,0.861192,0.396514,-0.0854628,0.56022,0.658327,1.38535,1.42296,-1.11009,0.935572,0.282547,0.950554,-1.50085,-0.0794238,0.328854,-0.448969,-0.0607693,0.575469,0.697484,0.633984,0.652587,1.21608,0.835768,0.722828,0.679936,0.746323,0.701425,1.10545,1.03809,0.927518,0.583159,0.910308,0.661081,0.671232,0.643676,0.763371,0.715895,0.724952,0.92708,1.0114,0.758748,
1.345,0.693229,0.367801,0.765499,0.504802,0.876872,0.8793,-0.478095,-0.540389,0.0634703,0.205009,0.36535,0.445888,0.424995,0.491999,1.17997,1.1386,1.10696,0.851961,0.965291,0.99281,0.902784,1.03033,0.113659,0.640485,0.810819,1.34551,1.37368,-0.70399,0.863862,0.302963,0.776114,-1.24539,0.454238,0.551938,0.448395,-0.0893023,0.423413,0.824372,0.888234,0.963124,0.954922,0.581503,0.939946,0.359896,0.908543,0.812683,-0.758511,-0.303419,0.228812,0.32655,1.34086,0.627776,-1.83186,-2.35109,1.15011,1.33034,1.09917,0.754511,0.751212,1.00166,0.861766,0.396731,-0.0846744,0.560079,0.658096,1.3859,1.42332,-1.10945,0.935372,0.282765,0.949635,-1.5017,-0.0805491,0.338346,-0.450701,-0.0618271,0.575775,0.69915,0.635208,0.654089,1.21662,0.836082,0.723262,0.68029,0.746333,0.701524,1.10544,1.03855,0.927905,0.583861,0.911332,0.66172,0.671983,0.644387,0.763412,0.716116,0.724845,0.928062,1.01317,0.759106,
1.35,0.694202,0.369078,0.766371,0.505727,0.878332,0.880205,-0.478484,-0.545247,0.0570243,0.204665,0.365139,0.446164,0.422627,0.490764,1.18016,1.13867,1.10748,0.852804,0.965854,0.993317,0.903652,1.03099,0.114166,0.64062,0.810671,1.34627,1.3744,-0.703841,0.863593,0.30341,0.77516,-1.24631,0.453186,0.553116,0.446566,-0.091076,0.42344,0.826177,0.888555,0.963956,0.955509,0.58209,0.940859,0.360669,0.909562,0.813105,-0.758809,-0.30806,0.228532,0.325843,1.34153,0.628416,-1.83371,-2.35211,1.15082,1.33095,1.10003,0.754677,0.752198,1.00271,0.862443,0.397051,-0.0837657,0.559926,0.65787,1.38633,1.42365,-1.10879,0.935177,0.283011,0.94877,-1.50258,-0.0817291,0.34778,-0.452337,-0.0628794,0.576145,0.700751,0.636492,0.655648,1.21715,0.836438,0.723693,0.68065,0.746337,0.701614,1.10542,1.039,0.928279,0.584565,0.912284,0.662354,0.672744,0.645092,0.763402,0.71627,0.724693,0.929019,1.01484,0.759456,
1.355,0.695189,0.370359,0.767249,0.506646,0.879757,0.8811,-0.478856,-0.549993,0.0506623,0.204333,0.364932,0.446443,0.42024,0.489548,1.18034,1.13875,1.10802,0.853667,0.966408,0.993823,0.904533,1.03167,0.114672,0.640771,0.810561,1.34701,1.37516,-0.703698,0.863328,0.303853,0.77422,-1.24723,0.452128,0.554272,0.444745,-0.0928216,0.423469,0.827925,0.889001,0.964915,0.95609,0.582684,0.941746,0.361417,0.910544,0.813498,-0.759107,-0.312603,0.228257,0.325143,1.3422,0.629072,-1.83556,-2.35309,1.15148,1.33151,1.10086,0.755128,0.753314,1.0038,0.863217,0.397471,-0.0827402,0.559765,0.657655,1.38663,1.42393,-1.10811,0.934989,0.283287,0.947957,-1.50348,-0.0829604,0.357154,-0.453887,-0.0639257,0.576591,0.702264,0.637823,0.657248,1.21766,0.836831,0.724119,0.681014,0.746334,0.70169,1.10539,1.03945,0.928642,0.585272,0.913171,0.662984,0.67352,0.645794,0.763352,0.716365,0.724503,0.929957,1.01641,0.759803,
1.36,0.69619,0.371643,0.768129,0.50756,0.881146,0.881996,-0.479207,-0.554627,0.0443929,0.204013,0.364727,0.446725,0.417834,0.488349,1.18053,1.13884,1.10856,0.854566,0.966967,0.994334,0.905435,1.03238,0.115189,0.640944,0.810495,1.34773,1.37596,-0.704018,0.86309,0.304292,0.773294,-1.24815,0.451068,0.555406,0.442935,-0.0945386,0.423501,0.829606,0.889617,0.966039,0.956668,0.583285,0.942612,0.362145,0.911489,0.813869,-0.75941,-0.317045,0.227986,0.324447,1.34284,0.629739,-1.83743,-2.35404,1.15211,1.33202,1.10164,0.755878,0.754553,1.00495,0.864082,0.397975,-0.0816049,0.5596,0.657455,1.38679,1.42417,-1.10739,0.93481,0.283591,0.947191,-1.50441,-0.0842383,0.366464,-0.455363,-0.0649657,0.577126,0.703681,0.63918,0.658869,1.21816,0.837251,0.724538,0.681377,0.746322,0.701749,1.10535,1.03989,0.928995,0.585982,0.913996,0.663611,0.674311,0.646496,0.763265,0.716408,0.724279,0.930877,1.01789,0.760149,
1.365,0.697201,0.372933,0.769,0.508471,0.882497,0.882891,-0.479535,-0.559147,0.0382243,0.203705,0.364524,0.447009,0.415409,0.487168,1.18073,1.13894,1.1091,0.855516,0.967543,0.994856,0.906365,1.03315,0.11573,0.641138,0.810474,1.34843,1.37676,-0.704156,0.86289,0.304722,0.772383,-1.24907,0.45001,0.556518,0.441137,-0.0962265,0.423531,0.831207,0.890438,0.967358,0.957249,0.583897,0.943464,0.362856,0.912398,0.814224,-0.759717,-0.321386,0.22772,0.323758,1.34343,0.630408,-1.83931,-2.35496,1.15269,1.33248,1.10238,0.756894,0.755903,1.00614,0.865027,0.398544,-0.0803696,0.559432,0.657271,1.38684,1.42435,-1.10665,0.93464,0.283921,0.946465,-1.50537,-0.0855566,0.375708,-0.456769,-0.0659991,0.577756,0.704994,0.640542,0.660487,1.21863,0.837684,0.72495,0.681733,0.746296,0.701787,1.1053,1.04034,0.929341,0.586695,0.914757,0.664233,0.675115,0.647199,0.763143,0.716408,0.724023,0.931785,1.01928,0.760497,
1.37,0.698221,0.374227,0.769848,0.50938,0.883799,0.883783,-0.479838,-0.563552,0.0321637,0.203408,0.36432,0.447294,0.412966,0.486003,1.18094,1.13907,1.10966,0.856526,0.968152,0.995394,0.907331,1.03397,0.116312,0.641351,0.810494,1.34909,1.37751,-0.704237,0.86273,0.305144,0.771485,-1.24998,0.448959,0.557603,0.439356,-0.0978849,0.423557,0.832707,0.891486,0.968888,0.957835,0.584523,0.944305,0.363553,0.913278,0.814566,-0.76002,-0.325622,0.227458,0.323074,1.34395,0.631048,-1.84119,-2.35585,1.15323,1.3329,1.10306,0.758123,0.75735,1.00737,0.866043,0.399167,-0.0790474,0.559265,0.657104,1.38679,1.42446,-1.10588,0.934477,0.284274,0.945768,-1.50634,-0.0869077,0.384882,-0.458107,-0.0670256,0.578461,0.706195,0.64188,0.662076,1.21909,0.838098,0.725351,0.682077,0.746248,0.701802,1.10521,1.0408,0.929681,0.587411,0.915458,0.664842,0.675919,0.647902,0.762988,0.716375,0.723737,0.932679,1.02058,0.760851,
1.375,0.69925,0.375526,0.770661,0.510285,0.88505,0.884678,-0.480115,-0.56784,0.0262181,0.203123,0.364116,0.447581,0.410506,0.484855,1.18117,1.13921,1.11023,0.857608,0.968806,0.995952,0.908338,1.03486,0.11695,0.641572,0.810557,1.34974,1.37818,-0.704287,0.862618,0.305554,0.7706,-1.25089,0.447918,0.558664,0.437595,-0.0995134,0.42358,0.834092,0.892765,0.970628,0.95843,0.585164,0.945136,0.36424,0.91413,0.8149,-0.760316,-0.329754,0.227201,0.322397,1.34436,0.631633,-1.84309,-2.35673,1.15373,1.33328,1.1037,0.759512,0.758879,1.00863,0.867118,0.399835,-0.077651,0.559101,0.656958,1.38666,1.42451,-1.10508,0.934321,0.284644,0.945088,-1.50732,-0.0882839,0.378982,-0.459385,-0.0680447,0.579217,0.707282,0.643168,0.663607,1.21953,0.838477,0.725743,0.682407,0.746174,0.70179,1.10508,1.04127,0.930018,0.588129,0.916106,0.665436,0.676717,0.648603,0.762803,0.716318,0.723423,0.933563,1.02183,0.761213,
1.38,0.700282,0.376831,0.771429,0.511186,0.886265,0.88558,-0.480364,-0.572009,0.0203949,0.20285,0.363911,0.447866,0.408033,0.483722,1.18142,1.13937,1.11079,0.858778,0.969514,0.996538,0.909394,1.03582,0.117659,0.641809,0.810652,1.35039,1.37881,-0.704301,0.862562,0.305953,0.769727,-1.25179,0.446889,0.559698,0.43586,-0.101111,0.423595,0.835362,0.894261,0.97256,0.959037,0.585823,0.945961,0.36492,0.914961,0.815232,-0.760597,-0.33378,0.226949,0.321726,1.34467,0.632155,-1.84499,-2.35758,1.15421,1.33363,1.10429,0.761028,0.760475,1.00993,0.868242,0.400538,-0.076193,0.558941,0.65683,1.3865,1.4245,-1.10425,0.93417,0.285027,0.944412,-1.50832,-0.0896766,0.378461,-0.46061,-0.0690561,0.580011,0.708268,0.644376,0.665054,1.21995,0.838823,0.72613,0.68272,0.746076,0.70175,1.10492,1.04175,0.930353,0.588847,0.916718,0.666019,0.677515,0.649303,0.762598,0.716245,0.723091,0.934442,1.02304,0.761584,
1.385,0.701311,0.378142,0.772148,0.512081,0.887454,0.886485,-0.480586,-0.576058,0.0147011,0.202587,0.363703,0.448151,0.405548,0.482602,1.18169,1.13955,1.11137,0.860049,0.970284,0.997158,0.910501,1.03686,0.118452,0.64206,0.810767,1.35105,1.3794,-0.704276,0.86256,0.306339,0.768863,-1.25267,0.445875,0.560707,0.434154,-0.102679,0.423604,0.83652,0.895942,0.974651,0.959655,0.586502,0.946783,0.365597,0.915778,0.815563,-0.760857,-0.337697,0.226701,0.321062,1.34489,0.63261,-1.84689,-2.35843,1.15466,1.33396,1.10485,0.76264,0.762123,1.01125,0.869402,0.40127,-0.0746855,0.558787,0.656718,1.38631,1.42447,-1.1034,0.934023,0.285417,0.943726,-1.50932,-0.0910772,0.37822,-0.461792,-0.0700594,0.580824,0.709164,0.64548,0.666394,1.22036,0.839131,0.726513,0.683015,0.745954,0.701681,1.10472,1.04224,0.930688,0.589564,0.917307,0.666596,0.678314,0.65,0.762376,0.716166,0.722743,0.935323,1.02424,0.761965,
1.39,0.702331,0.379458,0.772815,0.512969,0.888623,0.887383,-0.48078,-0.579985,0.00914345,0.202335,0.363493,0.448433,0.403055,0.481492,1.18199,1.13974,1.11194,0.861428,0.971119,0.997817,0.911662,1.03799,0.11934,0.642329,0.810884,1.35172,1.37994,-0.704209,0.862598,0.306712,0.768007,-1.25355,0.444878,0.56169,0.432481,-0.104216,0.423605,0.83757,0.897752,0.97685,0.960282,0.587198,0.947604,0.366274,0.916587,0.815892,-0.761093,-0.341506,0.226458,0.320404,1.345,0.632994,-1.84879,-2.35926,1.1551,1.33429,1.10538,0.764323,0.763806,1.01258,0.87059,0.402021,-0.0731404,0.558642,0.656616,1.38611,1.42442,-1.10253,0.933876,0.285809,0.943017,-1.51031,-0.0924773,0.378128,-0.46294,-0.0710542,0.58163,0.709982,0.646464,0.667615,1.22075,0.839395,0.726899,0.683296,0.745807,0.701584,1.10449,1.04276,0.931027,0.590277,0.917887,0.667165,0.679111,0.650691,0.762142,0.716086,0.722385,0.936208,1.02544,0.762355,
1.395,0.703338,0.380779,0.773434,0.513848,0.88978,0.888272,-0.480946,-0.583791,0.00372833,0.202094,0.363279,0.448714,0.400558,0.480392,1.18231,1.13995,1.11252,0.862918,0.972024,0.998517,0.912877,1.0392,0.120331,0.642612,0.810988,1.35241,1.38044,-0.704098,0.86266,0.30707,0.767157,-1.25441,0.4439,0.562646,0.430843,-0.105721,0.423599,0.838524,0.899619,0.979091,0.96092,0.587913,0.948427,0.366954,0.917396,0.816222,-0.761298,-0.345204,0.22622,0.319754,1.34503,0.633302,-1.85069,-2.3601,1.15554,1.33461,1.10589,0.766051,0.765512,1.01393,0.871795,0.402786,-0.0715683,0.558506,0.656521,1.38591,1.42437,-1.10164,0.933723,0.286199,0.94227,-1.51131,-0.0938689,0.378266,-0.464063,-0.0720401,0.582399,0.710734,0.647322,0.668714,1.22113,0.839618,0.727294,0.683567,0.745636,0.701459,1.10422,1.04328,0.931371,0.590985,0.918467,0.667726,0.679905,0.651377,0.761901,0.716014,0.72202,0.9371,1.02665,0.762753,
1.4,0.704332,0.382105,0.774017,0.51472,0.890939,0.889152,-0.481083,-0.587473,-0.00153761,0.201863,0.363063,0.44899,0.398059,0.479297,1.18267,1.14018,1.11309,0.864518,0.972999,0.999259,0.914146,1.0405,0.121429,0.64291,0.811069,1.3531,1.38091,-0.703943,0.862731,0.307415,0.766311,-1.25525,0.442943,0.563579,0.429243,-0.107196,0.423584,0.839396,0.901452,0.981296,0.961567,0.588645,0.949255,0.36764,0.918207,0.816558,-0.76147,-0.348792,0.225986,0.319111,1.34498,0.633539,-1.85259,-2.36092,1.15599,1.33495,1.10639,0.767806,0.76723,1.01527,0.873011,0.403559,-0.0699786,0.558381,0.656432,1.38574,1.42432,-1.10074,0.933563,0.286582,0.941475,-1.51229,-0.0952447,0.378402,-0.465172,-0.0730165,0.583109,0.711439,0.648057,0.669696,1.22151,0.839811,0.727706,0.683838,0.745445,0.701309,1.10391,1.04383,0.931725,0.591688,0.919053,0.668284,0.680697,0.652058,0.761659,0.715953,0.721655,0.938001,1.02788,0.763159,
1.405,0.705312,0.383435,0.774575,0.515584,0.892103,0.890021,-0.481192,-0.591032,-0.00137748,0.201641,0.362846,0.449263,0.395564,0.478205,1.18304,1.14041,1.11366,0.866225,0.974043,1.00004,0.915466,1.04188,0.122633,0.643214,0.811123,1.35379,1.38133,-0.703792,0.862799,0.307745,0.765467,-1.25607,0.442009,0.564487,0.42768,-0.108638,0.423561,0.840207,0.903163,0.983384,0.962225,0.589395,0.950088,0.368332,0.919026,0.816901,-0.761606,-0.352268,0.225758,0.318476,1.34487,0.633713,-1.85448,-2.36176,1.15646,1.33531,1.1069,0.76957,0.768951,1.01662,0.874232,0.404334,-0.0683798,0.558269,0.656346,1.3856,1.42428,-1.09983,0.933397,0.286955,0.940634,-1.51326,-0.0965983,0.378556,-0.466273,-0.0739829,0.583743,0.712117,0.648681,0.670575,1.22188,0.839983,0.72814,0.684116,0.745234,0.701138,1.10357,1.0444,0.932092,0.592384,0.919654,0.668839,0.681488,0.652736,0.761421,0.715907,0.721294,0.938913,1.02913,0.763574,
1.41,0.706281,0.384767,0.775124,0.516444,0.893285,0.890882,-0.481271,-0.594467,-0.00126686,0.20143,0.362626,0.449532,0.393076,0.477111,1.18344,1.14065,1.11422,0.868031,0.97515,1.00087,0.916831,1.04334,0.12394,0.64353,0.811151,1.35448,1.38174,-0.70364,0.862853,0.30806,0.764623,-1.25687,0.441098,0.565375,0.426156,-0.110049,0.423532,0.840984,0.904687,0.98529,0.962897,0.590158,0.950928,0.369034,0.919862,0.817257,-0.761705,-0.355633,0.225534,0.31785,1.34474,0.633844,-1.85636,-2.36259,1.15696,1.33569,1.10741,0.77133,0.770667,1.01796,0.875452,0.405108,-0.0667791,0.55817,0.656263,1.38551,1.42426,-1.09891,0.933226,0.287316,0.939751,-1.51421,-0.0979243,0.378726,-0.467373,-0.0749387,0.5843,0.712792,0.649214,0.67137,1.22225,0.840153,0.728605,0.684412,0.745008,0.700949,1.1032,1.04499,0.932474,0.593075,0.920273,0.669397,0.682281,0.653412,0.761193,0.71588,0.720943,0.939837,1.03042,0.763998,
1.415,0.707235,0.386102,0.775682,0.517301,0.894498,0.891725,-0.481322,-0.59778,-0.00204923,0.201228,0.362406,0.449796,0.390599,0.476013,1.18386,1.14089,1.11477,0.869925,0.976317,1.00172,0.918238,1.04488,0.125342,0.643855,0.811148,1.35517,1.38214,-0.703485,0.862867,0.308361,0.763777,-1.25765,0.440212,0.566243,0.424667,-0.111429,0.423497,0.84176,0.905994,0.986976,0.963579,0.590936,0.951778,0.369746,0.920718,0.81763,-0.761766,-0.358885,0.225315,0.317231,1.34463,0.633959,-1.85823,-2.36343,1.1575,1.33611,1.10795,0.773076,0.772377,1.0193,0.876668,0.405877,-0.065181,0.558086,0.656177,1.38549,1.42428,-1.09799,0.933055,0.287662,0.938838,-1.51514,-0.0992182,0.378907,-0.468479,-0.0758836,0.584781,0.713498,0.649683,0.67211,1.22263,0.840331,0.729111,0.684738,0.744773,0.700746,1.10281,1.04561,0.932877,0.593758,0.920916,0.669961,0.68308,0.654091,0.76098,0.715873,0.720606,0.940773,1.03175,0.764431,
1.42,0.708173,0.387436,0.776271,0.518157,0.895763,0.892557,-0.481344,-0.600974,-0.00278349,0.201035,0.362186,0.450054,0.388137,0.474908,1.1843,1.14113,1.11531,0.871893,0.977537,1.00262,0.91968,1.04648,0.12683,0.644177,0.811112,1.35584,1.3825,-0.703325,0.862822,0.308647,0.762929,-1.2584,0.439351,0.567096,0.423212,-0.112778,0.423457,0.84258,0.907075,0.988432,0.964276,0.591725,0.952636,0.370469,0.921603,0.818026,-0.761789,-0.362027,0.225102,0.316621,1.34461,0.634093,-1.8601,-2.36427,1.15808,1.33656,1.10851,0.774796,0.774076,1.02063,0.877877,0.40664,-0.0635902,0.558017,0.656092,1.38557,1.42433,-1.09707,0.932889,0.287991,0.937911,-1.51604,-0.100477,0.379097,-0.469595,-0.0768168,0.585193,0.714277,0.650117,0.672823,1.22302,0.84052,0.729671,0.685107,0.744534,0.700535,1.10241,1.04624,0.933302,0.594432,0.921587,0.670531,0.683887,0.654775,0.760788,0.715888,0.720289,0.941721,1.03312,0.764873,
1.425,0.709111,0.388768,0.776901,0.519015,0.897082,0.893404,-0.481337,-0.604051,-0.00347385,0.200851,0.361969,0.450308,0.385692,0.473791,1.18475,1.14136,1.11584,0.873923,0.978801,1.00354,0.921149,1.04813,0.128391,0.644508,0.811071,1.35651,1.38289,-0.703159,0.862751,0.308918,0.762077,-1.25913,0.438516,0.567937,0.421787,-0.114097,0.423417,0.843483,0.907942,0.98967,0.964996,0.592528,0.953506,0.371203,0.922523,0.818449,-0.761776,-0.365059,0.224894,0.31602,1.3447,0.634292,-1.86195,-2.36512,1.1587,1.33704,1.10911,0.776487,0.775762,1.02195,0.879079,0.407395,-0.06201,0.557966,0.656012,1.38575,1.42444,-1.09615,0.932736,0.288302,0.936985,-1.51691,-0.101698,0.379294,-0.470726,-0.0777381,0.585567,0.715164,0.650548,0.673536,1.22341,0.840747,0.730276,0.685517,0.744297,0.70032,1.10199,1.0469,0.933753,0.595104,0.922287,0.671116,0.684708,0.655467,0.760618,0.715923,0.719994,0.942681,1.03453,0.765329,
1.43,0.710061,0.390095,0.777564,0.519878,0.898403,0.894245,-0.481302,-0.607012,-0.00412386,0.200674,0.361754,0.450557,0.383268,0.472661,1.18522,1.14159,1.11636,0.876,0.980096,1.00448,0.922636,1.04982,0.130017,0.644844,0.811057,1.35714,1.38331,-0.702983,0.862675,0.309175,0.761221,-1.25983,0.437708,0.568759,0.42039,-0.115386,0.423377,0.844457,0.908622,0.990717,0.965744,0.593344,0.95439,0.371947,0.923469,0.81889,-0.761728,-0.367983,0.22469,0.315428,1.34487,0.634553,-1.86379,-2.36598,1.15935,1.33755,1.10974,0.778147,0.777427,1.02326,0.880272,0.408141,-0.0604432,0.557932,0.655931,1.38595,1.42456,-1.09523,0.932592,0.288596,0.936068,-1.51775,-0.102879,0.379496,-0.471872,-0.0786468,0.585915,0.716125,0.651001,0.674273,1.22383,0.841026,0.730895,0.685953,0.744053,0.700104,1.10156,1.04758,0.934231,0.595773,0.923014,0.671712,0.685531,0.65617,0.760458,0.715981,0.719708,0.943652,1.03598,0.765797,
1.435,0.711005,0.391416,0.778265,0.520746,0.899729,0.895052,-0.48124,-0.60986,-0.00473803,0.200506,0.361546,0.450801,0.380869,0.471515,1.18569,1.14182,1.11688,0.878111,0.981416,1.00545,0.924133,1.05154,0.131694,0.645179,0.811057,1.35774,1.38375,-0.702793,0.862554,0.309418,0.76036,-1.26051,0.436926,0.569562,0.419019,-0.116646,0.423339,0.845495,0.909148,0.991607,0.966506,0.594174,0.955287,0.372702,0.924443,0.819344,-0.761646,-0.370799,0.224492,0.314846,1.34512,0.634873,-1.86561,-2.36684,1.16003,1.33807,1.1104,0.779771,0.779073,1.02456,0.881454,0.408877,-0.0588919,0.557916,0.655841,1.38619,1.4247,-1.09432,0.932452,0.288871,0.935163,-1.51856,-0.104021,0.379702,-0.473036,-0.0795427,0.586244,0.717145,0.651498,0.67505,1.22426,0.841351,0.731552,0.686427,0.743805,0.699891,1.10112,1.04828,0.934739,0.596432,0.923764,0.672322,0.686359,0.656886,0.760313,0.716059,0.719437,0.944633,1.03745,0.766277,
1.44,0.711936,0.392726,0.779003,0.521618,0.901067,0.895826,-0.481153,-0.612597,-0.00532154,0.200346,0.361346,0.45104,0.378495,0.470352,1.18616,1.14204,1.11738,0.88024,0.982756,1.00643,0.925633,1.05328,0.133413,0.645516,0.811056,1.35832,1.38419,-0.702583,0.862373,0.309648,0.759495,-1.26115,0.436169,0.570349,0.417674,-0.117879,0.42331,0.846603,0.909558,0.992378,0.967276,0.595012,0.956197,0.373465,0.925443,0.819812,-0.761533,-0.373507,0.224299,0.314273,1.34548,0.635267,-1.86743,-2.36771,1.16072,1.33861,1.11109,0.781358,0.780706,1.02585,0.882624,0.409601,-0.0573586,0.557919,0.65574,1.38647,1.42485,-1.09341,0.932319,0.289128,0.93427,-1.51934,-0.105125,0.37991,-0.474219,-0.0804257,0.586573,0.718228,0.652055,0.675881,1.22471,0.841722,0.732243,0.686939,0.743559,0.699685,1.10066,1.04899,0.935277,0.597081,0.924537,0.672948,0.687197,0.657614,0.760188,0.716158,0.719184,0.945622,1.03896,0.766766,
1.445,0.712876,0.394022,0.779767,0.522492,0.902402,0.896615,-0.481041,-0.615225,-0.0058805,0.200193,0.361157,0.451275,0.37615,0.469168,1.18664,1.14225,1.11788,0.882374,0.984105,1.00742,0.927126,1.05503,0.135165,0.645854,0.811088,1.35887,1.38466,-0.702348,0.862193,0.309865,0.758626,-1.26178,0.435437,0.571116,0.416352,-0.119086,0.423291,0.847765,0.909886,0.993063,0.968069,0.595863,0.957121,0.374236,0.926464,0.820293,-0.761389,-0.37611,0.224112,0.31371,1.34591,0.635722,-1.86923,-2.36858,1.16143,1.33915,1.11182,0.782906,0.782311,1.02712,0.88378,0.410314,-0.0558451,0.557939,0.655642,1.38673,1.425,-1.09251,0.932192,0.289368,0.933389,-1.52008,-0.106189,0.38012,-0.47542,-0.0812955,0.586917,0.719344,0.652683,0.676778,1.22518,0.842128,0.732947,0.68747,0.743313,0.699487,1.10019,1.04973,0.935846,0.597727,0.925328,0.673583,0.688036,0.658352,0.760074,0.716278,0.718943,0.946615,1.04049,0.767267,
1.45,0.713796,0.395301,0.780526,0.523362,0.903711,0.897357,-0.480906,-0.617748,-0.00642056,0.200046,0.360982,0.451506,0.373833,0.467964,1.18711,1.14246,1.11837,0.884502,0.985458,1.00842,0.928608,1.05678,0.136939,0.646186,0.811123,1.3594,1.38511,-0.702082,0.861981,0.310071,0.757754,-1.26237,0.434729,0.571858,0.415052,-0.120265,0.423286,0.848941,0.91016,0.993689,0.968869,0.59672,0.958055,0.375013,0.927499,0.820775,-0.761219,-0.378608,0.223929,0.313157,1.34635,0.636202,-1.87101,-2.36945,1.16212,1.33968,1.11256,0.784416,0.78389,1.02838,0.884921,0.411014,-0.0543539,0.557975,0.655533,1.38697,1.42515,-1.09162,0.93206,0.289592,0.93252,-1.52079,-0.107217,0.38033,-0.476639,-0.0821521,0.58725,0.720452,0.653393,0.677747,1.22567,0.842538,0.733649,0.688001,0.743062,0.6993,1.09971,1.05048,0.936446,0.598357,0.926134,0.674218,0.688864,0.659095,0.759966,0.716417,0.718708,0.94761,1.04202,0.767775,
1.455,0.714703,0.39656,0.781289,0.524227,0.905008,0.89809,-0.48075,-0.620167,-0.00694624,0.199906,0.360822,0.451734,0.371547,0.466739,1.18758,1.14266,1.11886,0.886615,0.986812,1.00943,0.930071,1.05852,0.138728,0.64651,0.811166,1.35991,1.38557,-0.70178,0.861756,0.310265,0.756879,-1.26295,0.434043,0.572585,0.413773,-0.121418,0.423299,0.850132,0.910396,0.994274,0.969679,0.597585,0.958999,0.375795,0.928548,0.821265,-0.761061,-0.381001,0.223751,0.312613,1.34685,0.636714,-1.87278,-2.37033,1.1628,1.3402,1.11332,0.785886,0.78544,1.02962,0.886044,0.4117,-0.0528872,0.558027,0.655422,1.3872,1.42529,-1.09075,0.931928,0.289801,0.931659,-1.52147,-0.108209,0.380541,-0.477876,-0.0829956,0.58759,0.721555,0.654187,0.678792,1.22618,0.842977,0.73437,0.688554,0.742816,0.699125,1.09922,1.05125,0.937075,0.598976,0.926953,0.674861,0.68969,0.659843,0.759874,0.716576,0.718489,0.948607,1.04358,0.76829,
1.46,0.715589,0.397794,0.782037,0.525081,0.90629,0.898809,-0.480597,-0.622487,-0.00746167,0.199773,0.360681,0.45196,0.369291,0.465492,1.18805,1.14287,1.11934,0.888703,0.988161,1.01044,0.93151,1.06024,0.140526,0.646824,0.811201,1.3604,1.38599,-0.701437,0.861521,0.31045,0.756002,-1.26351,0.433376,0.573291,0.412514,-0.122543,0.423334,0.851319,0.910606,0.994828,0.970495,0.598455,0.959949,0.376581,0.929607,0.82176,-0.760901,-0.383292,0.223578,0.312078,1.34736,0.637237,-1.87454,-2.37121,1.16346,1.34069,1.11409,0.787312,0.786956,1.03084,0.887147,0.412372,-0.0514475,0.558093,0.655311,1.38741,1.42543,-1.08988,0.931795,0.289995,0.930803,-1.52212,-0.109168,0.380751,-0.479129,-0.0838263,0.587929,0.72264,0.655064,0.679909,1.22671,0.843407,0.735089,0.689104,0.742571,0.698963,1.09873,1.05204,0.937735,0.599579,0.927782,0.675501,0.690507,0.660588,0.759792,0.716754,0.718282,0.9496,1.04515,0.768812,
1.465,0.716457,0.399001,0.782767,0.525923,0.907554,0.899522,-0.480443,-0.624709,-0.00797032,0.199645,0.360561,0.452185,0.367065,0.464223,1.18852,1.14307,1.11982,0.890761,0.989502,1.01144,0.932922,1.06194,0.142327,0.647127,0.811233,1.36088,1.38642,-0.701053,0.861301,0.310627,0.755124,-1.26405,0.432729,0.573979,0.411273,-0.123642,0.423395,0.852498,0.910798,0.995359,0.971319,0.599328,0.960903,0.377367,0.930674,0.822263,-0.760739,-0.385482,0.22341,0.311553,1.34791,0.637777,-1.87629,-2.37209,1.16408,1.34115,1.11486,0.788694,0.788435,1.03204,0.888226,0.413026,-0.0500375,0.558171,0.655202,1.3876,1.42557,-1.08903,0.931665,0.290177,0.929949,-1.52275,-0.110095,0.380962,-0.480399,-0.0846444,0.588286,0.723706,0.656011,0.681084,1.22726,0.843853,0.735808,0.689658,0.742332,0.698813,1.09824,1.05284,0.938423,0.600167,0.928622,0.676144,0.691319,0.66133,0.759724,0.716953,0.718089,0.950591,1.04673,0.769341,
1.47,0.717304,0.400177,0.783463,0.526752,0.908749,0.900211,-0.480287,-0.626837,-0.00847503,0.199522,0.360465,0.452408,0.364869,0.462933,1.18898,1.14328,1.1203,0.892775,0.990845,1.01245,0.934302,1.06363,0.144127,0.647412,0.811261,1.36131,1.3868,-0.700627,0.861067,0.310795,0.754246,-1.26458,0.432097,0.574648,0.410049,-0.124716,0.423486,0.853606,0.910978,0.995875,0.972147,0.600204,0.961859,0.378154,0.931742,0.822756,-0.760575,-0.387571,0.223246,0.311038,1.34834,0.638236,-1.87802,-2.37297,1.16467,1.34158,1.11564,0.790018,0.78988,1.03322,0.88928,0.413663,-0.0486598,0.558259,0.655092,1.38767,1.42569,-1.0882,0.931519,0.290347,0.929092,-1.52336,-0.110992,0.381172,-0.481685,-0.0854505,0.588632,0.724685,0.65701,0.682296,1.22784,0.844314,0.736499,0.690196,0.74208,0.698677,1.09771,1.05365,0.939139,0.600738,0.929459,0.676772,0.692104,0.662064,0.759656,0.717173,0.717899,0.95157,1.04829,0.769873,
1.475,0.718119,0.40132,0.784138,0.527567,0.909907,0.900868,-0.480129,-0.628875,-0.008978,0.199404,0.360395,0.452633,0.362703,0.461622,1.18944,1.14348,1.12077,0.894741,0.992177,1.01344,0.935649,1.06528,0.145922,0.647675,0.811267,1.36172,1.38715,-0.700161,0.860797,0.310957,0.753369,-1.2651,0.431479,0.575298,0.408843,-0.125764,0.423572,0.854624,0.911156,0.996386,0.972971,0.601078,0.962812,0.378941,0.93281,0.823243,-0.760408,-0.389563,0.223087,0.310531,1.34865,0.638575,-1.87973,-2.37385,1.16522,1.34199,1.1164,0.791278,0.791282,1.03437,0.890305,0.414279,-0.0473172,0.558356,0.654976,1.38766,1.42579,-1.08738,0.931354,0.290507,0.928229,-1.52395,-0.111859,0.381381,-0.482988,-0.0862449,0.588941,0.725566,0.658035,0.68352,1.22843,0.844775,0.737201,0.690744,0.741825,0.698553,1.09717,1.05447,0.939884,0.601286,0.930292,0.677386,0.692868,0.662789,0.759597,0.717415,0.717716,0.952538,1.04984,0.770405,
1.48,0.718909,0.402427,0.784802,0.52837,0.911036,0.901532,-0.47997,-0.630823,-0.00948133,0.199291,0.360353,0.452858,0.360564,0.460291,1.1899,1.14369,1.12123,0.896658,0.993503,1.01444,0.93696,1.06692,0.147712,0.647908,0.811259,1.36211,1.38744,-0.699656,0.860531,0.311113,0.752495,-1.26561,0.430872,0.575945,0.407653,-0.126788,0.423659,0.855576,0.911339,0.996899,0.973795,0.601949,0.963762,0.379725,0.933875,0.823736,-0.760237,-0.391458,0.222932,0.310032,1.34891,0.638818,-1.88143,-2.37473,1.16574,1.34237,1.11715,0.792468,0.79264,1.03549,0.891296,0.414874,-0.0460123,0.558458,0.654865,1.38764,1.42588,-1.08657,0.931182,0.290658,0.927357,-1.52452,-0.112699,0.38159,-0.484308,-0.0870285,0.58922,0.726388,0.659058,0.684729,1.22904,0.845244,0.737902,0.691299,0.741576,0.698443,1.09663,1.0553,0.940655,0.601816,0.931124,0.677993,0.693615,0.663507,0.759559,0.71768,0.717554,0.953502,1.05138,0.770938,
1.485,0.719684,0.403497,0.78545,0.529163,0.912128,0.902219,-0.479808,-0.632686,-0.00998672,0.199182,0.36034,0.453085,0.358452,0.45894,1.19035,1.14389,1.12169,0.898523,0.99482,1.01542,0.938235,1.06852,0.149494,0.648117,0.811258,1.36247,1.38768,-0.699115,0.86031,0.311263,0.751626,-1.26612,0.430274,0.576584,0.406478,-0.12779,0.423746,0.856464,0.911536,0.997423,0.974628,0.60282,0.964705,0.380506,0.934935,0.824238,-0.760062,-0.393258,0.22278,0.309541,1.34909,0.638962,-1.88312,-2.3756,1.16622,1.34272,1.1179,0.793575,0.793941,1.03659,0.892251,0.415444,-0.0447474,0.558563,0.654766,1.38758,1.42595,-1.08579,0.93101,0.2908,0.926476,-1.52508,-0.113511,0.381799,-0.485646,-0.0878019,0.589476,0.727157,0.660051,0.685895,1.22968,0.845706,0.738587,0.691847,0.741327,0.698346,1.09609,1.05615,0.941455,0.602331,0.931951,0.678585,0.694341,0.664216,0.759536,0.71797,0.717406,0.954456,1.0529,0.771477,
1.49,0.72041,0.404527,0.786074,0.52994,0.913178,0.902862,-0.479644,-0.634466,-0.0104959,0.199076,0.360357,0.453315,0.356366,0.45757,1.1908,1.1441,1.12213,0.900334,0.996126,1.01639,0.939471,1.0701,0.151267,0.648294,0.811211,1.36282,1.38788,-0.698539,0.860078,0.311409,0.750761,-1.26661,0.429682,0.577212,0.405317,-0.128769,0.423835,0.857287,0.911758,0.997969,0.975442,0.603682,0.965642,0.381283,0.935988,0.824738,-0.75988,-0.394966,0.222632,0.309058,1.34916,0.638994,-1.88479,-2.37646,1.16667,1.34306,1.11863,0.794601,0.795184,1.03765,0.893162,0.415988,-0.0435252,0.558668,0.654661,1.38749,1.426,-1.08502,0.93083,0.290935,0.92559,-1.52561,-0.114296,0.382007,-0.487004,-0.0885661,0.589681,0.727877,0.660984,0.686993,1.23033,0.846154,0.739264,0.692386,0.74108,0.698262,1.09554,1.05701,0.942283,0.602816,0.93278,0.679164,0.695046,0.664914,0.759525,0.718286,0.71727,0.955406,1.05443,0.772012,
1.495,0.721092,0.405517,0.786703,0.530707,0.914225,0.903503,-0.479477,-0.636166,-0.01101,0.198974,0.360406,0.453549,0.354304,0.456182,1.19124,1.14431,1.12258,0.902094,0.997423,1.01736,0.940668,1.07165,0.153031,0.648441,0.811103,1.36315,1.38804,-0.697931,0.859842,0.31155,0.749903,-1.2671,0.429097,0.577842,0.404168,-0.129727,0.423924,0.858095,0.912017,0.998549,0.976235,0.60453,0.966572,0.382056,0.937037,0.825248,-0.75969,-0.396584,0.222487,0.308581,1.34924,0.638974,-1.88645,-2.37732,1.1671,1.34338,1.11935,0.795539,0.796371,1.03868,0.894029,0.416505,-0.0423475,0.558773,0.654553,1.38746,1.42605,-1.08426,0.930656,0.291063,0.924702,-1.52613,-0.115055,0.382215,-0.488384,-0.0893217,0.589865,0.728611,0.661833,0.688,1.23101,0.846618,0.739962,0.692948,0.740847,0.698193,1.09501,1.05788,0.943141,0.603276,0.933619,0.679743,0.695749,0.665603,0.759545,0.71863,0.717162,0.956353,1.05597,0.772543,
1.5,0.721741,0.406465,0.787322,0.531464,0.915224,0.904117,-0.479305,-0.637789,-0.0115301,0.198875,0.360487,0.453788,0.352265,0.454776,1.19169,1.14452,1.12302,0.903799,0.99871,1.01833,0.941825,1.07317,0.154783,0.648567,0.810942,1.36345,1.38821,-0.697293,0.859602,0.311687,0.749053,-1.26759,0.428515,0.578468,0.403029,-0.130664,0.424016,0.858872,0.912332,0.999179,0.977003,0.605362,0.967497,0.382824,0.93808,0.825753,-0.759489,-0.398115,0.222345,0.30811,1.34925,0.638888,-1.88809,-2.37818,1.16749,1.34368,1.12005,0.796392,0.797502,1.03968,0.894846,0.416991,-0.0412157,0.558876,0.654432,1.3874,1.4261,-1.08353,0.930478,0.291185,0.923818,-1.52664,-0.115787,0.382423,-0.489787,-0.0900697,0.590029,0.729333,0.66258,0.688904,1.23172,0.847118,0.740634,0.693501,0.740616,0.69814,1.09447,1.05877,0.94403,0.603712,0.93447,0.680323,0.696439,0.666285,0.759578,0.719002,0.717068,0.957299,1.05753,0.773066,
1.505,0.722358,0.407373,0.787945,0.532212,0.916206,0.904722,-0.479128,-0.639337,-0.0120569,0.198779,0.360602,0.454033,0.350248,0.453353,1.19213,1.14474,1.12347,0.905451,0.999977,1.01928,0.94294,1.07466,0.156523,0.648669,0.810738,1.36374,1.38838,-0.696625,0.859362,0.311821,0.748212,-1.26807,0.427938,0.579092,0.401897,-0.131582,0.424109,0.859637,0.912722,0.999878,0.977752,0.606173,0.96842,0.383587,0.939114,0.826257,-0.759273,-0.399562,0.222206,0.307645,1.34923,0.638763,-1.88971,-2.37902,1.16786,1.34396,1.12075,0.797158,0.798569,1.04065,0.895609,0.417445,-0.0401315,0.558977,0.654303,1.38734,1.42615,-1.0828,0.9303,0.291301,0.922939,-1.52712,-0.116491,0.382632,-0.491217,-0.090811,0.590186,0.73006,0.663221,0.689706,1.23245,0.847637,0.741322,0.694072,0.740396,0.698104,1.09393,1.05967,0.944953,0.604125,0.935342,0.680907,0.697126,0.666962,0.759634,0.719405,0.716994,0.958248,1.05912,0.773579,
1.51,0.722952,0.40824,0.78857,0.532955,0.917155,0.905316,-0.478944,-0.640814,-0.0125913,0.198685,0.360701,0.454285,0.348252,0.451913,1.19257,1.14498,1.12394,0.907049,1.00123,1.02024,0.944011,1.07611,0.158249,0.648757,0.810509,1.36401,1.38856,-0.695931,0.859142,0.311951,0.74738,-1.26854,0.427364,0.579715,0.400768,-0.132482,0.424206,0.860396,0.913206,1.00066,0.978479,0.606962,0.969343,0.384345,0.940138,0.826761,-0.759037,-0.400932,0.22207,0.307184,1.34918,0.638625,-1.89132,-2.37986,1.16821,1.34423,1.12143,0.797832,0.799572,1.04159,0.896315,0.417867,-0.0390965,0.559074,0.654162,1.38727,1.42618,-1.08209,0.930123,0.291411,0.922068,-1.52758,-0.117168,0.38284,-0.492673,-0.0915463,0.590359,0.730793,0.663767,0.690423,1.23321,0.848193,0.741999,0.694649,0.740184,0.698086,1.09341,1.06058,0.94591,0.604518,0.93624,0.6815,0.697808,0.667638,0.759712,0.71984,0.716938,0.959201,1.06074,0.774081,
1.515,0.723511,0.409067,0.789201,0.533692,0.918089,0.90588,-0.47875,-0.642224,-0.0131335,0.198593,0.360801,0.454546,0.346276,0.450456,1.19302,1.14524,1.12442,0.908591,1.00245,1.02118,0.945037,1.07752,0.15996,0.648827,0.810238,1.36425,1.38873,-0.695211,0.858923,0.312077,0.74656,-1.269,0.426795,0.580334,0.39964,-0.133364,0.424305,0.86117,0.913801,1.00155,0.979177,0.607723,0.970268,0.385098,0.941154,0.827265,-0.758777,-0.40223,0.221935,0.306728,1.34916,0.63851,-1.8929,-2.3807,1.16852,1.34449,1.1221,0.798414,0.800509,1.0425,0.896962,0.418254,-0.0381123,0.559169,0.654005,1.38722,1.42622,-1.0814,0.929951,0.2913,0.921205,-1.52802,-0.117816,0.383049,-0.49416,-0.0922762,0.590564,0.731552,0.66424,0.691079,1.234,0.84877,0.742689,0.695242,0.739987,0.698088,1.0929,1.06152,0.946902,0.604885,0.937171,0.682107,0.698492,0.668315,0.759815,0.720308,0.716905,0.96016,1.0624,0.77457,
1.52,0.724025,0.409855,0.789842,0.534422,0.919029,0.906409,-0.478544,-0.643573,-0.0136838,0.198503,0.360902,0.454818,0.344319,0.448982,1.19347,1.14553,1.12492,0.910078,1.00364,1.02212,0.946019,1.07889,0.161653,0.648878,0.809904,1.36447,1.3889,-0.694467,0.858686,0.3122,0.745749,-1.26945,0.426232,0.580948,0.398508,-0.134228,0.424408,0.861993,0.914517,1.00254,0.979832,0.60845,0.971198,0.385847,0.942163,0.827772,-0.758487,-0.403459,0.221803,0.306275,1.34922,0.63847,-1.89447,-2.38153,1.16881,1.34474,1.12277,0.798904,0.801379,1.04338,0.897543,0.418606,-0.0371806,0.559261,0.653826,1.38723,1.42628,-1.08071,0.92979,0.291234,0.920346,-1.52843,-0.118433,0.383258,-0.495678,-0.0930012,0.590824,0.732375,0.664669,0.691703,1.23482,0.849362,0.743398,0.695854,0.739809,0.698112,1.09241,1.06247,0.947931,0.605226,0.938142,0.682733,0.699186,0.668992,0.759948,0.720812,0.716899,0.961127,1.06414,0.775042,
1.525,0.724513,0.410606,0.79047,0.535141,0.919942,0.906911,-0.478323,-0.64486,-0.0142423,0.198416,0.361004,0.455102,0.342381,0.447491,1.19393,1.14585,1.12545,0.911509,1.0048,1.02306,0.946954,1.08021,0.163326,0.648914,0.809528,1.36468,1.38908,-0.693701,0.858455,0.312319,0.744948,-1.26988,0.425676,0.581552,0.397369,-0.135077,0.424515,0.862857,0.915349,1.00364,0.980455,0.60914,0.972133,0.38659,0.943166,0.828272,-0.758164,-0.404614,0.221674,0.305826,1.34933,0.638516,-1.89601,-2.38236,1.16908,1.34497,1.12342,0.799303,0.802178,1.04422,0.898056,0.418921,-0.0363034,0.55935,0.653627,1.38726,1.42634,-1.08004,0.929634,0.291153,0.919489,-1.52882,-0.119018,0.383469,-0.497233,-0.093722,0.59114,0.733244,0.665082,0.69232,1.23568,0.849965,0.744086,0.696457,0.739644,0.698157,1.09193,1.06343,0.948996,0.605549,0.939157,0.683372,0.699875,0.66967,0.7601,0.721353,0.716909,0.962102,1.06592,0.775496,
1.53,0.72498,0.411321,0.791078,0.535849,0.920839,0.907399,-0.478083,-0.646081,-0.0148086,0.19833,0.361107,0.4554,0.34046,0.445983,1.19439,1.1462,1.12601,0.91288,1.00593,1.02399,0.947843,1.08148,0.164977,0.648936,0.809128,1.36486,1.38924,-0.692915,0.858235,0.312434,0.744157,-1.27031,0.425129,0.582147,0.396218,-0.135909,0.424628,0.86376,0.916281,1.00482,0.981052,0.609793,0.973074,0.38733,0.944161,0.828769,-0.757804,-0.405695,0.221546,0.30538,1.34951,0.638661,-1.89753,-2.38319,1.16932,1.34519,1.12407,0.799606,0.802902,1.04503,0.898497,0.4192,-0.0354827,0.559437,0.653413,1.38733,1.4264,-1.07938,0.929482,0.291054,0.91863,-1.52918,-0.119567,0.383679,-0.498828,-0.0944386,0.591511,0.734152,0.665503,0.692952,1.23657,0.850566,0.744774,0.697063,0.739491,0.698227,1.09147,1.06441,0.950095,0.605855,0.940215,0.684022,0.700556,0.670349,0.760273,0.721933,0.716938,0.963084,1.06776,0.775932,
1.535,0.725482,0.412003,0.79161,0.536545,0.921623,0.907906,-0.477821,-0.647234,-0.0153827,0.198246,0.361213,0.455713,0.338558,0.444456,1.19487,1.14659,1.12659,0.914185,1.00703,1.0249,0.948683,1.0827,0.166602,0.648943,0.808808,1.36499,1.38939,-0.692112,0.858118,0.312546,0.743374,-1.27072,0.424593,0.582724,0.395052,-0.136726,0.424747,0.864609,0.917281,1.00605,0.981659,0.610422,0.974021,0.388065,0.945133,0.829246,-0.757403,-0.406702,0.22142,0.304937,1.34956,0.638832,-1.89903,-2.38402,1.16953,1.34541,1.1247,0.799809,0.803547,1.04579,0.898865,0.41944,-0.0347205,0.55952,0.653194,1.38731,1.42642,-1.07873,0.929317,0.290937,0.917767,-1.52952,-0.12008,0.38389,-0.500468,-0.0951514,0.591907,0.734981,0.665951,0.693613,1.23749,0.851169,0.745376,0.697611,0.739328,0.698319,1.09099,1.06541,0.951228,0.606167,0.941309,0.684671,0.701189,0.671031,0.760442,0.722555,0.71696,0.964075,1.06962,0.776353,
1.54,0.725927,0.412656,0.792111,0.537228,0.922385,0.908311,-0.477533,-0.64832,-0.0159637,0.198164,0.36132,0.456041,0.336674,0.44291,1.19537,1.14701,1.1272,0.915425,1.00809,1.02581,0.949478,1.08387,0.1682,0.648936,0.808459,1.36512,1.38955,-0.691294,0.85794,0.312653,0.742598,-1.27111,0.424069,0.583282,0.393868,-0.137528,0.424875,0.8654,0.918306,1.0073,0.982218,0.611012,0.974971,0.388798,0.946086,0.829699,-0.756961,-0.407636,0.221297,0.304498,1.34957,0.639009,-1.9005,-2.38486,1.16972,1.34561,1.12534,0.799926,0.804121,1.04652,0.899154,0.419642,-0.0340185,0.5596,0.652935,1.38727,1.42641,-1.0781,0.929128,0.290801,0.916897,-1.52982,-0.120552,0.384102,-0.502155,-0.0958602,0.592296,0.735732,0.666443,0.694314,1.23844,0.851778,0.746021,0.698187,0.739173,0.698437,1.0905,1.06641,0.952392,0.606441,0.942443,0.685331,0.701815,0.671712,0.760633,0.723218,0.716996,0.965074,1.07152,0.776748,
1.545,0.726346,0.413283,0.792589,0.537897,0.923145,0.908701,-0.477216,-0.649338,-0.0165511,0.198083,0.36143,0.456385,0.334808,0.441346,1.19587,1.14745,1.12782,0.916596,1.00911,1.02671,0.95023,1.08499,0.169765,0.648911,0.808081,1.36523,1.38968,-0.690465,0.857717,0.312564,0.741828,-1.27148,0.42356,0.583826,0.392664,-0.138316,0.425014,0.866139,0.919306,1.00851,0.982744,0.611561,0.975924,0.389528,0.947019,0.830137,-0.756476,-0.408498,0.221175,0.304062,1.34955,0.639183,-1.90195,-2.38569,1.16988,1.3458,1.12596,0.799962,0.804621,1.04721,0.899363,0.419811,-0.0333781,0.559676,0.652651,1.38723,1.4264,-1.07748,0.928916,0.290646,0.916018,-1.53008,-0.120983,0.384315,-0.503891,-0.0965651,0.592664,0.736419,0.666992,0.695065,1.23942,0.852377,0.746663,0.698762,0.739029,0.69858,1.09003,1.06743,0.953584,0.606705,0.94362,0.685998,0.702429,0.672394,0.760846,0.723926,0.71705,0.966079,1.07348,0.777118,
1.55,0.726764,0.413887,0.793042,0.538554,0.923906,0.909105,-0.476869,-0.650289,-0.0171438,0.198005,0.361543,0.456746,0.33296,0.439761,1.19638,1.14791,1.12845,0.917699,1.0101,1.0276,0.950942,1.08605,0.171296,0.648868,0.807705,1.36532,1.38979,-0.689628,0.857493,0.312542,0.741062,-1.27184,0.423067,0.58436,0.391438,-0.139089,0.425164,0.866836,0.920235,1.00965,0.983256,0.612072,0.976878,0.390256,0.947941,0.83057,-0.755948,-0.409291,0.221056,0.303629,1.3495,0.639354,-1.90337,-2.38654,1.17,1.34597,1.12658,0.799928,0.805041,1.04785,0.899487,0.419948,-0.0328003,0.55975,0.652356,1.3872,1.4264,-1.07687,0.928686,0.29047,0.91513,-1.53031,-0.121368,0.384528,-0.505677,-0.0972656,0.593002,0.73705,0.667606,0.695872,1.24043,0.852961,0.747295,0.699331,0.738898,0.698747,1.08958,1.06845,0.954799,0.606966,0.944839,0.686667,0.703023,0.673074,0.761082,0.724678,0.717122,0.967092,1.07549,0.777469,
1.555,0.727201,0.414474,0.793467,0.539205,0.924642,0.909539,-0.47649,-0.651173,-0.017741,0.197928,0.361659,0.457124,0.33113,0.438155,1.1969,1.14838,1.12909,0.918732,1.01106,1.02847,0.951613,1.08707,0.172789,0.648822,0.807376,1.36538,1.38988,-0.688788,0.857323,0.312507,0.740297,-1.27218,0.422592,0.58489,0.390188,-0.139848,0.425329,0.867488,0.921063,1.01068,0.983767,0.612555,0.977834,0.390984,0.948845,0.831,-0.755378,-0.410018,0.220939,0.303201,1.34941,0.639521,-1.90476,-2.38739,1.17009,1.34613,1.12719,0.799851,0.805385,1.04845,0.899528,0.420054,-0.0322852,0.559821,0.652056,1.38717,1.42641,-1.07628,0.928444,0.290273,0.914233,-1.53051,-0.121708,0.384741,-0.507515,-0.0979616,0.593324,0.737625,0.668291,0.696735,1.24147,0.853554,0.747897,0.699886,0.738777,0.69894,1.08913,1.06948,0.956035,0.607233,0.9461,0.687343,0.703593,0.673757,0.76134,0.725475,0.71721,0.968115,1.07755,0.777804,
1.56,0.727669,0.415047,0.793868,0.539856,0.925343,0.910004,-0.47608,-0.651992,-0.0183417,0.193387,0.361779,0.45752,0.329318,0.436527,1.19743,1.14885,1.12972,0.919697,1.01198,1.02933,0.952246,1.08804,0.174239,0.648777,0.80713,1.36541,1.38997,-0.687949,0.857236,0.31246,0.739531,-1.2725,0.422137,0.585414,0.388914,-0.140592,0.425511,0.868085,0.921771,1.01159,0.984289,0.613017,0.978792,0.39171,0.949735,0.831432,-0.754768,-0.410678,0.220825,0.302776,1.34925,0.639681,-1.90612,-2.38826,1.17015,1.34627,1.1278,0.799763,0.80565,1.04901,0.899481,0.42014,-0.0318317,0.559891,0.651751,1.38712,1.42639,-1.0757,0.928195,0.290055,0.913326,-1.53066,-0.122,0.384954,-0.509404,-0.0986524,0.593642,0.738129,0.669041,0.697643,1.24252,0.854163,0.748474,0.700432,0.738665,0.699158,1.0887,1.07051,0.957286,0.60751,0.9474,0.688027,0.70414,0.674446,0.761618,0.726316,0.717314,0.969146,1.07963,0.778128,
1.565,0.728136,0.415611,0.794267,0.540508,0.926034,0.910452,-0.47564,-0.652747,-0.0189446,0.189095,0.361903,0.457931,0.327525,0.434876,1.19795,1.14931,1.13035,0.92059,1.01286,1.03016,0.952842,1.08895,0.175645,0.648731,0.80693,1.36541,1.39004,-0.687115,0.857152,0.3124,0.738762,-1.27281,0.421703,0.585923,0.387614,-0.141323,0.425712,0.868628,0.922358,1.01238,0.984796,0.613455,0.979753,0.392437,0.950608,0.831859,-0.754117,-0.41127,0.220713,0.302357,1.34903,0.639813,-1.90745,-2.38914,1.17017,1.34639,1.12839,0.799685,0.805833,1.04953,0.899343,0.420208,-0.0314363,0.559959,0.651428,1.38704,1.42636,-1.07514,0.927933,0.289817,0.91241,-1.53078,-0.122245,0.385167,-0.511345,-0.0993377,0.593942,0.738561,0.669839,0.698577,1.24359,0.854776,0.74906,0.700992,0.738564,0.6994,1.08829,1.07153,0.95855,0.607781,0.948736,0.688713,0.704671,0.675139,0.76192,0.727201,0.717436,0.970179,1.08175,0.77844,
1.57,0.728606,0.41617,0.794671,0.541162,0.926731,0.910897,-0.475169,-0.653436,-0.0195484,0.185005,0.362033,0.458357,0.32575,0.433202,1.19847,1.14974,1.13095,0.921409,1.0137,1.03097,0.953405,1.08982,0.177001,0.648689,0.806754,1.36538,1.39007,-0.686291,0.857043,0.312327,0.737988,-1.2731,0.42129,0.586414,0.38629,-0.14204,0.425935,0.869116,0.922831,1.01306,0.985285,0.61387,0.980715,0.393165,0.951465,0.832284,-0.753428,-0.41178,0.220604,0.301942,1.34874,0.639888,-1.90876,-2.39003,1.17016,1.3465,1.12899,0.799096,0.805931,1.05,0.89911,0.420097,-0.0310963,0.560028,0.651088,1.38693,1.42631,-1.0746,0.927656,0.28956,0.911483,-1.53086,-0.122441,0.38538,-0.513336,-0.100017,0.5942,0.738924,0.670665,0.699513,1.24468,0.855374,0.749647,0.701558,0.738474,0.699667,1.08789,1.07256,0.959822,0.608055,0.950104,0.689394,0.705182,0.675834,0.762242,0.728128,0.717576,0.971213,1.08391,0.778741,
1.575,0.729084,0.416729,0.795083,0.541817,0.927445,0.911356,-0.474671,-0.654054,-0.0201521,0.181074,0.362168,0.458797,0.323995,0.431503,1.19897,1.15014,1.13153,0.922154,1.01449,1.03176,0.953937,1.09063,0.178305,0.648647,0.806592,1.36532,1.39008,-0.685481,0.856915,0.312243,0.737205,-1.27337,0.420899,0.58689,0.384941,-0.142742,0.426182,0.86956,0.923212,1.01366,0.985758,0.614261,0.981678,0.393893,0.952314,0.832712,-0.752705,-0.412186,0.220497,0.301533,1.3484,0.639899,-1.91003,-2.39094,1.17011,1.3466,1.12957,0.798363,0.805942,1.05043,0.898791,0.419967,-0.0308097,0.560098,0.650735,1.38679,1.42624,-1.07407,0.927367,0.289287,0.910546,-1.5309,-0.122591,0.385592,-0.515374,-0.100689,0.594415,0.739232,0.671495,0.700428,1.24577,0.855962,0.750232,0.702127,0.738401,0.699958,1.08751,1.07357,0.961099,0.608336,0.951504,0.690074,0.70568,0.676529,0.762589,0.729095,0.717736,0.972246,1.0861,0.779033,
1.58,0.729569,0.417292,0.795506,0.542472,0.928179,0.911829,-0.474148,-0.654588,-0.0207545,0.177266,0.362309,0.459249,0.322259,0.42978,1.19946,1.15051,1.13208,0.922826,1.01523,1.03253,0.95444,1.09139,0.179555,0.648608,0.806437,1.36524,1.39005,-0.684689,0.85677,0.312151,0.736412,-1.27362,0.420529,0.58735,0.383568,-0.143431,0.426454,0.869969,0.923533,1.01419,0.986216,0.614627,0.98264,0.394624,0.953157,0.833145,-0.751949,-0.412476,0.220393,0.301131,1.34802,0.63984,-1.91128,-2.39187,1.17005,1.34669,1.13015,0.79748,0.805866,1.05083,0.898407,0.419812,-0.030572,0.56017,0.650373,1.38662,1.42617,-1.07356,0.927067,0.289,0.909596,-1.53091,-0.122694,0.385803,-0.517458,-0.101354,0.594583,0.739497,0.67231,0.701304,1.24688,0.856529,0.750813,0.702697,0.738343,0.700274,1.08715,1.07458,0.962378,0.608626,0.952931,0.690749,0.706164,0.677221,0.762958,0.730099,0.717918,0.973278,1.08832,0.779318,
1.585,0.730064,0.417862,0.795942,0.543129,0.928941,0.912324,-0.473601,-0.655009,-0.0213544,0.173555,0.362458,0.45971,0.320542,0.428031,1.19993,1.15083,1.13261,0.923424,1.01594,1.03327,0.954917,1.09211,0.180748,0.648582,0.806281,1.36513,1.38998,-0.683918,0.85661,0.312053,0.735607,-1.27386,0.420182,0.587793,0.382171,-0.144105,0.426755,0.870357,0.923828,1.0147,0.986663,0.614974,0.983602,0.395357,0.953999,0.833587,-0.751164,-0.412674,0.220293,0.300735,1.34761,0.639709,-1.9125,-2.39281,1.16997,1.34678,1.13073,0.79644,0.805705,1.05119,0.897962,0.419624,-0.0303759,0.560245,0.650005,1.38645,1.42609,-1.07307,0.926761,0.288698,0.908631,-1.53088,-0.122753,0.386013,-0.519583,-0.102011,0.594707,0.739737,0.673095,0.702133,1.248,0.857075,0.751393,0.703268,0.738303,0.700612,1.08683,1.07558,0.963656,0.608926,0.954383,0.691419,0.706636,0.67791,0.763351,0.731139,0.718121,0.974306,1.09058,0.779601,
1.59,0.730565,0.418443,0.796388,0.543785,0.929729,0.91284,-0.473032,-0.655302,-0.0219506,0.169925,0.362614,0.460179,0.318845,0.426256,1.20038,1.15112,1.13313,0.923948,1.0166,1.03398,0.95537,1.09277,0.181885,0.64856,0.806114,1.36501,1.38985,-0.683172,0.856436,0.311949,0.734789,-1.27408,0.419856,0.588223,0.380752,-0.144765,0.427083,0.870733,0.924135,1.01522,0.987099,0.615303,0.984561,0.396093,0.954849,0.834039,-0.750353,-0.412808,0.220195,0.300347,1.34719,0.639504,-1.9137,-2.39377,1.16989,1.34688,1.13131,0.795209,0.805463,1.05152,0.897468,0.419396,-0.0302118,0.560326,0.649632,1.38628,1.42602,-1.0726,0.926451,0.288382,0.90765,-1.53082,-0.122768,0.386222,-0.521747,-0.102659,0.594783,0.739968,0.673844,0.702909,1.24912,0.857588,0.751963,0.703833,0.738281,0.700973,1.08653,1.07656,0.964931,0.609237,0.955857,0.692079,0.707094,0.678593,0.763765,0.73221,0.718346,0.97533,1.09286,0.779884,
1.595,0.73107,0.419038,0.796841,0.544441,0.930547,0.913376,-0.472444,-0.655488,-0.0225418,0.166367,0.362779,0.460654,0.317167,0.424454,1.20079,1.15136,1.13363,0.924398,1.01722,1.03466,0.955803,1.09339,0.182966,0.648549,0.805924,1.36487,1.38967,-0.682452,0.856244,0.311839,0.733955,-1.27429,0.419551,0.588638,0.379309,-0.145411,0.427441,0.871106,0.924486,1.01578,0.987525,0.615617,0.985516,0.396832,0.955708,0.834503,-0.749517,-0.41289,0.2201,0.299966,1.34676,0.639226,-1.91486,-2.39476,1.16982,1.347,1.1319,0.793806,0.805145,1.05181,0.896929,0.419119,-0.0300692,0.560414,0.649256,1.38613,1.42595,-1.07214,0.92614,0.288053,0.906649,-1.53073,-0.12274,0.386429,-0.523945,-0.103298,0.594805,0.740203,0.674552,0.703633,1.25025,0.858066,0.752524,0.704388,0.738276,0.701356,1.08627,1.07754,0.966203,0.60956,0.957352,0.692727,0.707539,0.679267,0.764202,0.733311,0.718591,0.97635,1.09516,0.780169,
1.6,0.731581,0.41965,0.797304,0.545096,0.931401,0.91394,-0.471838,-0.655596,-0.0231273,0.162878,0.362954,0.461133,0.315509,0.422625,1.20118,1.15158,1.13411,0.924779,1.01781,1.03532,0.956217,1.09396,0.18399,0.648553,0.805705,1.36472,1.38945,-0.681761,0.85604,0.311723,0.733105,-1.27448,0.419268,0.589041,0.377845,-0.146042,0.427828,0.871488,0.924909,1.0164,0.987946,0.615921,0.986469,0.397576,0.956586,0.83498,-0.748659,-0.412924,0.220009,0.299593,1.34635,0.638884,-1.91601,-2.39576,1.16978,1.34715,1.13251,0.792266,0.804756,1.05208,0.89636,0.418797,-0.0299406,0.56051,0.648879,1.38599,1.42589,-1.07171,0.925829,0.287712,0.905627,-1.5306,-0.122671,0.386634,-0.526173,-0.103928,0.594783,0.74046,0.675219,0.704306,1.25138,0.858521,0.753082,0.704939,0.738291,0.701759,1.08603,1.0785,0.967469,0.609896,0.958865,0.693369,0.707979,0.679932,0.76466,0.734438,0.718858,0.977366,1.09749,0.780459,
1.605,0.732099,0.42028,0.797782,0.54575,0.932299,0.914536,-0.471215,-0.655639,-0.0237061,0.159454,0.363138,0.461615,0.31387,0.42077,1.20153,1.15176,1.1346,0.925094,1.01836,1.03596,0.956616,1.09449,0.184961,0.648577,0.805455,1.36457,1.38921,-0.681098,0.855829,0.311601,0.73224,-1.27466,0.419006,0.589435,0.376361,-0.146659,0.428244,0.871895,0.925424,1.01711,0.988366,0.616218,0.98742,0.398325,0.957488,0.835474,-0.747781,-0.412911,0.21992,0.299229,1.34597,0.638496,-1.91713,-2.39678,1.16978,1.34733,1.13315,0.790619,0.804302,1.05233,0.895758,0.418439,-0.030114,0.560617,0.648503,1.38588,1.42585,-1.0713,0.925523,0.287359,0.904586,-1.53045,-0.122562,0.386837,-0.528429,-0.104547,0.594732,0.740758,0.675848,0.704932,1.25252,0.858957,0.753636,0.705486,0.738327,0.70218,1.08584,1.07945,0.968729,0.610246,0.960395,0.694009,0.708419,0.680589,0.765137,0.735589,0.719146,0.97838,1.09985,0.780756,
1.61,0.732618,0.420931,0.798275,0.546406,0.933225,0.915138,-0.470579,-0.655621,-0.024277,0.156097,0.363332,0.462097,0.31225,0.418888,1.20186,1.15193,1.13509,0.925353,1.01887,1.03657,0.957003,1.09499,0.18588,0.648625,0.80516,1.36442,1.38896,-0.680464,0.855602,0.311474,0.731359,-1.27482,0.418764,0.589818,0.374858,-0.147261,0.428687,0.872333,0.926048,1.01791,0.988778,0.616511,0.988372,0.39908,0.958417,0.835981,-0.746886,-0.412856,0.219835,0.298874,1.34563,0.638078,-1.91823,-2.39783,1.16982,1.34756,1.13382,0.788888,0.803793,1.05256,0.895155,0.418053,-0.0303241,0.560738,0.64812,1.3858,1.42582,-1.0709,0.925222,0.286995,0.903524,-1.53031,-0.122413,0.387038,-0.530708,-0.105154,0.594662,0.741103,0.676445,0.705519,1.25365,0.859388,0.75418,0.706027,0.738382,0.702618,1.08568,1.08039,0.969984,0.610608,0.961943,0.694652,0.708864,0.68124,0.765633,0.736762,0.719455,0.979396,1.10223,0.781061,
1.615,0.733168,0.421603,0.798792,0.547062,0.934224,0.915822,-0.469929,-0.655543,-0.0248395,0.152807,0.363536,0.462582,0.310648,0.41698,1.20216,1.15209,1.1356,0.925559,1.01936,1.03716,0.957382,1.09545,0.186753,0.648707,0.804873,1.36428,1.38871,-0.679859,0.855407,0.31134,0.730462,-1.27496,0.418544,0.5902,0.37334,-0.147848,0.429156,0.872835,0.926792,1.01881,0.989217,0.616808,0.989328,0.399843,0.959382,0.836515,-0.745975,-0.412757,0.219753,0.298528,1.34539,0.637672,-1.91931,-2.39889,1.16992,1.34784,1.13454,0.787093,0.803234,1.05277,0.894506,0.417648,-0.0305591,0.560875,0.647754,1.38576,1.42582,-1.07052,0.924937,0.286619,0.902446,-1.53016,-0.122279,0.387235,-0.533009,-0.105751,0.594616,0.741532,0.677019,0.70608,1.25479,0.859812,0.754739,0.706579,0.738462,0.703073,1.08556,1.08132,0.971233,0.610993,0.963509,0.695301,0.709321,0.681888,0.766154,0.737956,0.719787,0.980412,1.10464,0.78138,
1.62,0.733731,0.422298,0.799341,0.547722,0.935289,0.916533,-0.469266,-0.655407,-0.0253927,0.149585,0.363751,0.463069,0.309065,0.415045,1.20244,1.15224,1.13611,0.925721,1.01981,1.03774,0.957755,1.09589,0.187584,0.648831,0.804583,1.36414,1.38849,-0.67928,0.855219,0.3112,0.729551,-1.27509,0.418346,0.590579,0.371807,-0.14842,0.429649,0.873421,0.927664,1.01983,0.989674,0.617113,0.990292,0.400614,0.960387,0.837073,-0.745048,-0.412616,0.219674,0.298191,1.34528,0.63731,-1.92038,-2.39998,1.17008,1.34818,1.13531,0.785248,0.802635,1.05297,0.893925,0.417228,-0.0308132,0.561032,0.647392,1.38576,1.42585,-1.07016,0.924669,0.286233,0.901354,-1.53003,-0.122144,0.387431,-0.535329,-0.106336,0.594617,0.742063,0.677583,0.706626,1.25592,0.860245,0.755306,0.707139,0.738565,0.703541,1.08549,1.08224,0.972477,0.611391,0.965096,0.695963,0.709796,0.682534,0.766694,0.739165,0.720142,0.981433,1.10709,0.781715,
1.625,0.734296,0.423016,0.79992,0.548386,0.936394,0.917237,-0.468592,-0.655217,-0.0259356,0.146434,0.363976,0.463558,0.307499,0.413085,1.20271,1.15239,1.13664,0.925849,1.02024,1.0383,0.958125,1.0963,0.188376,0.648994,0.804263,1.364,1.38828,-0.678727,0.855007,0.311055,0.728626,-1.2752,0.418169,0.590948,0.370265,-0.148977,0.430163,0.874094,0.928668,1.02095,0.990132,0.617425,0.991267,0.401394,0.961432,0.837645,-0.744107,-0.412434,0.219598,0.297864,1.34528,0.637003,-1.92143,-2.40108,1.1703,1.34855,1.13615,0.783366,0.802002,1.05317,0.893198,0.416799,-0.0310815,0.56121,0.647021,1.38579,1.4259,-1.06981,0.924415,0.285836,0.900253,-1.52989,-0.122006,0.387623,-0.537664,-0.106908,0.594672,0.742693,0.678148,0.707171,1.25706,0.860692,0.755872,0.707703,0.738687,0.704022,1.08545,1.08315,0.973716,0.611799,0.966701,0.696638,0.710291,0.683182,0.767248,0.74039,0.720512,0.982459,1.10957,0.782062,
1.63,0.734873,0.423758,0.800524,0.549058,0.937525,0.917947,-0.467907,-0.655073,-0.0264679,0.143352,0.364211,0.464047,0.305951,0.4111,1.20296,1.15254,1.13718,0.925951,1.02064,1.03885,0.958493,1.0967,0.189135,0.649201,0.803919,1.36387,1.38811,-0.678198,0.854776,0.310904,0.727689,-1.2753,0.418013,0.591307,0.368714,-0.149519,0.430698,0.874843,0.9298,1.02219,0.990596,0.617747,0.992258,0.402185,0.962516,0.838228,-0.743152,-0.412291,0.219525,0.297546,1.34537,0.636757,-1.92246,-2.40221,1.17056,1.34897,1.13704,0.781457,0.801341,1.05335,0.892768,0.416366,-0.0313602,0.561411,0.646639,1.38583,1.42596,-1.06947,0.924168,0.285429,0.899144,-1.52975,-0.121866,0.387812,-0.540015,-0.107468,0.594783,0.743404,0.67873,0.707728,1.2582,0.861157,0.756432,0.708267,0.738822,0.704514,1.08544,1.08406,0.974952,0.61222,0.968325,0.69733,0.710801,0.683835,0.767812,0.74163,0.720895,0.983494,1.11208,0.782421,
1.635,0.735452,0.424524,0.801155,0.54974,0.938677,0.918644,-0.467212,-0.654925,-0.0269888,0.140343,0.364456,0.464537,0.30442,0.40909,1.20319,1.15269,1.13773,0.926034,1.02102,1.03939,0.958862,1.09708,0.189866,0.649456,0.803535,1.36374,1.38798,-0.677691,0.854512,0.310747,0.726741,-1.27538,0.417879,0.591657,0.367157,-0.150046,0.431248,0.875661,0.931055,1.02352,0.991057,0.618076,0.993268,0.402986,0.963636,0.838818,-0.742184,-0.412145,0.219455,0.297237,1.34557,0.636578,-1.92349,-2.40336,1.17087,1.3494,1.13799,0.779532,0.800664,1.05354,0.891729,0.415931,-0.0316454,0.561638,0.646242,1.38588,1.42603,-1.06915,0.923926,0.285013,0.89803,-1.52961,-0.121721,0.387998,-0.542378,-0.108016,0.594953,0.744184,0.67934,0.708309,1.25933,0.86165,0.756992,0.708837,0.738972,0.705016,1.08546,1.08496,0.976183,0.61265,0.969969,0.698042,0.711335,0.684495,0.768388,0.742882,0.721289,0.98454,1.11461,0.78279,
1.64,0.736059,0.425313,0.801809,0.550435,0.939841,0.919377,-0.466506,-0.654772,-0.0274978,0.137407,0.36471,0.465025,0.302906,0.407057,1.20342,1.15284,1.13829,0.926105,1.02138,1.03992,0.959233,1.09746,0.190573,0.649763,0.80316,1.36362,1.38789,-0.677204,0.854267,0.310584,0.725784,-1.27545,0.417766,0.592007,0.365596,-0.150558,0.431813,0.876539,0.932423,1.02495,0.991535,0.61842,0.994302,0.403799,0.964788,0.839421,-0.741202,-0.411996,0.219387,0.296937,1.34586,0.63648,-1.92451,-2.40453,1.1712,1.34985,1.13899,0.777598,0.799975,1.05373,0.891653,0.415499,-0.0319333,0.561889,0.645842,1.38594,1.42611,-1.06884,0.923689,0.284586,0.896914,-1.52948,-0.121571,0.38818,-0.544754,-0.10855,0.595196,0.745021,0.67999,0.708924,1.26047,0.862172,0.75754,0.709406,0.739134,0.705527,1.0855,1.08585,0.97741,0.613101,0.971631,0.698774,0.711887,0.685167,0.768975,0.744145,0.721694,0.985599,1.11718,0.783174,
1.645,0.736692,0.426127,0.802485,0.551145,0.94101,0.920132,-0.465791,-0.65461,-0.0279942,0.134544,0.364972,0.465513,0.301409,0.405002,1.20363,1.153,1.13886,0.926168,1.02172,1.04044,0.959608,1.09784,0.191259,0.650121,0.802807,1.3635,1.38784,-0.676737,0.854052,0.310416,0.724822,-1.2755,0.417674,0.592357,0.364034,-0.151054,0.432389,0.877468,0.933885,1.02646,0.992035,0.618785,0.995361,0.404624,0.965969,0.840035,-0.740208,-0.411841,0.219323,0.296646,1.34622,0.636473,-1.92551,-2.40572,1.17154,1.35029,1.14004,0.775662,0.799283,1.05393,0.890301,0.415071,-0.0322203,0.562167,0.645438,1.386,1.42619,-1.06853,0.923459,0.28415,0.895796,-1.52934,-0.121414,0.38836,-0.547141,-0.109071,0.595521,0.745902,0.680684,0.709576,1.2616,0.862725,0.758077,0.709973,0.739307,0.706046,1.08556,1.08674,0.978632,0.613568,0.973311,0.699526,0.712457,0.685853,0.76957,0.745418,0.722108,0.986671,1.11976,0.783571,
1.65,0.737348,0.426965,0.803184,0.551874,0.942178,0.920901,-0.465067,-0.654433,-0.0284778,0.131757,0.365242,0.466,0.299928,0.402926,1.20385,1.15316,1.13944,0.926229,1.02206,1.04095,0.959988,1.09821,0.191927,0.650537,0.80248,1.3634,1.38784,-0.676287,0.853864,0.310242,0.723857,-1.27553,0.417603,0.592708,0.362471,-0.151536,0.432974,0.878438,0.935418,1.02802,0.992554,0.619172,0.996448,0.40546,0.967169,0.84066,-0.739201,-0.411676,0.21926,0.296362,1.34665,0.636566,-1.92652,-2.40692,1.17186,1.35071,1.14112,0.77373,0.798595,1.05412,0.890472,0.41465,-0.0325028,0.56247,0.64503,1.38606,1.42628,-1.06824,0.923236,0.283704,0.894676,-1.52919,-0.121245,0.388536,-0.549536,-0.10958,0.59593,0.746817,0.681425,0.710265,1.26273,0.86331,0.758605,0.710541,0.73949,0.706573,1.08565,1.08762,0.979848,0.61405,0.975008,0.7003,0.713046,0.686556,0.770175,0.746699,0.722529,0.987758,1.12237,0.783983,
1.655,0.738038,0.427827,0.803892,0.552619,0.943327,0.921692,-0.464335,-0.654234,-0.0289482,0.129043,0.365519,0.466482,0.298463,0.40083,1.20405,1.15331,1.14003,0.926285,1.02238,1.04146,0.960371,1.09859,0.19258,0.651004,0.802204,1.36329,1.38786,-0.675855,0.853713,0.310064,0.722892,-1.27555,0.417551,0.593056,0.360911,-0.152004,0.433564,0.879419,0.936983,1.02961,0.9931,0.619587,0.997563,0.406308,0.968383,0.841289,-0.738182,-0.411497,0.219201,0.296087,1.34708,0.636736,-1.92751,-2.40815,1.17216,1.3511,1.14222,0.771806,0.79791,1.05432,0.889529,0.414238,-0.0327771,0.562797,0.64462,1.38611,1.42636,-1.06795,0.923012,0.283251,0.893557,-1.52903,-0.121062,0.388709,-0.551939,-0.110075,0.596402,0.747727,0.682208,0.710986,1.26385,0.863912,0.759107,0.711096,0.739677,0.707106,1.08575,1.08849,0.981056,0.614552,0.976716,0.701082,0.713638,0.687275,0.770779,0.747986,0.722949,0.988857,1.12499,0.784407,
1.66,0.738737,0.428712,0.804618,0.553382,0.944461,0.922469,-0.463596,-0.654001,-0.0294047,0.126403,0.365801,0.466958,0.297016,0.398716,1.20425,1.15346,1.14061,0.926339,1.02269,1.04195,0.96076,1.09896,0.193217,0.651523,0.801946,1.36319,1.38792,-0.67544,0.853561,0.309881,0.721929,-1.27556,0.417518,0.593401,0.359354,-0.152457,0.434157,0.880396,0.938536,1.03118,0.993654,0.620026,0.998705,0.407166,0.969602,0.841919,-0.737152,-0.411296,0.219143,0.295819,1.34751,0.636975,-1.92851,-2.40939,1.17241,1.35144,1.14333,0.769892,0.797234,1.05453,0.889462,0.413834,-0.0330401,0.563146,0.644198,1.38614,1.42643,-1.06766,0.922784,0.282789,0.892437,-1.52887,-0.120859,0.38888,-0.554348,-0.110558,0.59692,0.74862,0.683024,0.711729,1.26497,0.864545,0.759606,0.711653,0.739869,0.707646,1.08586,1.08936,0.982254,0.615062,0.978434,0.701879,0.714242,0.688009,0.771388,0.749279,0.723372,0.989968,1.12762,0.784842,
1.665,0.739448,0.429621,0.805366,0.554163,0.945588,0.923253,-0.46285,-0.653722,-0.0298476,0.123838,0.366088,0.467427,0.295585,0.396586,1.20444,1.1536,1.14119,0.926391,1.02299,1.04244,0.961154,1.09933,0.19384,0.652089,0.801695,1.36311,1.388,-0.675041,0.853404,0.309696,0.720971,-1.27555,0.417501,0.593747,0.357803,-0.152898,0.434751,0.881364,0.940033,1.03269,0.994213,0.620486,0.999873,0.408033,0.970823,0.842552,-0.736111,-0.411063,0.219087,0.295557,1.34792,0.637277,-1.9295,-2.41065,1.1726,1.35172,1.14443,0.767991,0.796574,1.05474,0.888529,0.413441,-0.033289,0.563516,0.643769,1.38616,1.42649,-1.06738,0.922552,0.282321,0.891319,-1.52868,-0.120631,0.389047,-0.55676,-0.111028,0.597474,0.749491,0.683866,0.712487,1.26608,0.865206,0.760095,0.712212,0.740069,0.708191,1.08599,1.09021,0.983441,0.615585,0.98016,0.702689,0.714859,0.68876,0.772002,0.750577,0.723799,0.991091,1.13027,0.785285,
1.67,0.740153,0.430552,0.806157,0.554968,0.946739,0.924038,-0.4621,-0.653385,-0.0302767,0.121346,0.366379,0.46789,0.294171,0.394441,1.20463,1.15372,1.14175,0.926444,1.02329,1.04292,0.961553,1.09971,0.194446,0.652709,0.801413,1.36304,1.38814,-0.674659,0.853224,0.309508,0.720022,-1.27554,0.4175,0.594104,0.356258,-0.153326,0.435344,0.882351,0.941438,1.03411,0.994767,0.620961,1.00107,0.408909,0.972045,0.843194,-0.73506,-0.410786,0.219033,0.295301,1.34838,0.637678,-1.93049,-2.41192,1.17273,1.35195,1.14552,0.766102,0.795945,1.05496,0.888499,0.413057,-0.0335224,0.563904,0.643329,1.38622,1.42654,-1.06711,0.922323,0.281846,0.890201,-1.52848,-0.120373,0.389211,-0.559174,-0.111487,0.598088,0.750382,0.684724,0.713253,1.26717,0.865909,0.760598,0.712788,0.740285,0.708743,1.08615,1.09105,0.984614,0.616112,0.981898,0.703522,0.715509,0.689525,0.772632,0.751878,0.72424,0.992226,1.13294,0.785734,
1.675,0.740839,0.431503,0.807027,0.555798,0.947973,0.924855,-0.461347,-0.652979,-0.0306917,0.118929,0.366672,0.468355,0.292775,0.392284,1.2048,1.15383,1.14232,0.926497,1.02358,1.04339,0.961958,1.10009,0.195035,0.653385,0.801067,1.36302,1.38832,-0.674293,0.85301,0.309318,0.719083,-1.27551,0.417513,0.59449,0.354722,-0.153743,0.435933,0.883438,0.942721,1.03541,0.995311,0.621445,1.00229,0.40979,0.973285,0.843861,-0.734,-0.410455,0.218981,0.295051,1.34904,0.63827,-1.93148,-2.4132,1.1728,1.35213,1.14658,0.764225,0.795375,1.05518,0.887722,0.412681,-0.0337405,0.564312,0.642887,1.38637,1.42664,-1.06683,0.922118,0.281366,0.889086,-1.52826,-0.12008,0.389373,-0.561589,-0.111934,0.598829,0.751394,0.685597,0.714028,1.26826,0.866668,0.761143,0.713406,0.740532,0.709299,1.08637,1.09188,0.985772,0.616643,0.983654,0.70439,0.716215,0.690304,0.773294,0.753183,0.724714,0.99337,1.13565,0.78619,
1.68,0.741556,0.432474,0.807935,0.55664,0.949233,0.925726,-0.460591,-0.652499,-0.0310925,0.116583,0.366966,0.468818,0.291396,0.390116,1.20496,1.15393,1.14288,0.926541,1.02386,1.04384,0.962368,1.10046,0.195605,0.654112,0.80073,1.363,1.38849,-0.673944,0.852824,0.309128,0.718156,-1.27548,0.417538,0.59488,0.353195,-0.154148,0.436516,0.884618,0.943864,1.03656,0.995879,0.621943,1.00353,0.410677,0.974537,0.844542,-0.732933,-0.41006,0.21893,0.294806,1.34979,0.63903,-1.93246,-2.4145,1.17281,1.35226,1.1476,0.762357,0.79485,1.05541,0.88762,0.412313,-0.0339462,0.564737,0.642461,1.38655,1.42677,-1.06656,0.921929,0.280882,0.887974,-1.52802,-0.11975,0.389533,-0.564002,-0.112372,0.599674,0.752511,0.686484,0.714812,1.26933,0.867411,0.761655,0.713999,0.740791,0.709862,1.08661,1.09269,0.986913,0.617195,0.985417,0.70525,0.716922,0.691093,0.773954,0.75449,0.725194,0.994512,1.13836,0.786656,
1.685,0.742328,0.433462,0.808815,0.557486,0.950403,0.926614,-0.459835,-0.651942,-0.0314794,0.114313,0.367261,0.469271,0.290036,0.387939,1.20511,1.154,1.14343,0.926567,1.02412,1.04428,0.962775,1.10081,0.196154,0.654876,0.800477,1.36295,1.38865,-0.673612,0.852711,0.308939,0.717243,-1.27543,0.417573,0.595249,0.351678,-0.154542,0.437093,0.885779,0.944859,1.03757,0.996482,0.622465,1.00479,0.411566,0.975781,0.845208,-0.73186,-0.409597,0.21888,0.294564,1.35041,0.639831,-1.93344,-2.41581,1.17277,1.35235,1.14858,0.760494,0.794344,1.05562,0.886899,0.41195,-0.0341442,0.565174,0.642045,1.38665,1.42687,-1.06629,0.921727,0.280394,0.886865,-1.52775,-0.11938,0.38969,-0.566413,-0.112802,0.600524,0.753593,0.687385,0.715607,1.27039,0.868126,0.762077,0.714523,0.741033,0.710429,1.08683,1.09348,0.988034,0.617773,0.98717,0.706079,0.717577,0.691884,0.774588,0.755799,0.725648,0.995647,1.14102,0.78713,
1.69,0.743125,0.434465,0.809656,0.558329,0.951499,0.927479,-0.459079,-0.651306,-0.0318524,0.112115,0.367555,0.469705,0.288694,0.385755,1.20524,1.15407,1.14398,0.926568,1.02436,1.0447,0.963177,1.10114,0.196678,0.655662,0.800299,1.36288,1.3888,-0.673298,0.852614,0.308751,0.716344,-1.27539,0.417617,0.595594,0.350173,-0.154926,0.437661,0.886837,0.945706,1.03844,0.997102,0.623009,1.00605,0.412456,0.977003,0.845853,-0.730783,-0.409062,0.218832,0.294327,1.3508,0.640563,-1.93442,-2.41712,1.17269,1.35241,1.14953,0.758632,0.793849,1.05581,0.88678,0.41159,-0.0343404,0.565617,0.641627,1.38665,1.42691,-1.06603,0.921494,0.279905,0.885763,-1.52745,-0.118971,0.389845,-0.568822,-0.113224,0.6013,0.754546,0.688297,0.716409,1.27144,0.868823,0.762475,0.715023,0.741261,0.711002,1.08703,1.09425,0.989134,0.61836,0.988903,0.706884,0.718191,0.692673,0.775206,0.757111,0.726083,0.996774,1.14364,0.787608,
1.695,0.743919,0.435481,0.810481,0.55917,0.95258,0.928317,-0.458324,-0.650596,-0.0322117,0.109987,0.367849,0.470115,0.287371,0.383566,1.20536,1.15412,1.14453,0.926544,1.02457,1.0451,0.963573,1.10146,0.197174,0.65646,0.80015,1.36282,1.38895,-0.673001,0.852479,0.308565,0.715461,-1.27533,0.417668,0.595923,0.34868,-0.155299,0.438219,0.887783,0.946416,1.03918,0.997721,0.623564,1.00732,0.413345,0.9782,0.846484,-0.729703,-0.408453,0.218785,0.294092,1.35105,0.641193,-1.9354,-2.41844,1.17258,1.35245,1.15044,0.756764,0.793217,1.056,0.886073,0.411231,-0.0345412,0.566064,0.641205,1.3866,1.42692,-1.06577,0.921234,0.279416,0.884671,-1.52713,-0.118526,0.389998,-0.571227,-0.113639,0.601981,0.75537,0.689215,0.717213,1.27246,0.869514,0.762881,0.715527,0.741489,0.711581,1.08724,1.095,0.990212,0.618948,0.990617,0.707678,0.718793,0.693457,0.775823,0.758425,0.726517,0.997889,1.14623,0.788085,
1.7,0.744736,0.436507,0.811288,0.560002,0.953651,0.929182,-0.457573,-0.649815,-0.0325573,0.10793,0.36814,0.470499,0.286067,0.381373,1.20547,1.15417,1.14508,0.926489,1.02476,1.04547,0.96396,1.10175,0.197641,0.657264,0.800056,1.36276,1.3891,-0.672724,0.852349,0.308384,0.714592,-1.27528,0.417724,0.596235,0.347199,-0.155662,0.438767,0.888616,0.947008,1.0398,0.998354,0.62413,1.00858,0.414231,0.979367,0.84711,-0.728622,-0.407772,0.218738,0.29386,1.35114,0.641701,-1.93637,-2.41976,1.17246,1.35248,1.15133,0.754885,0.792547,1.05616,0.885949,0.410869,-0.0347524,0.566511,0.640793,1.38649,1.4269,-1.06552,0.920954,0.278927,0.883591,-1.52678,-0.118048,0.390151,-0.573627,-0.114049,0.602557,0.756066,0.690129,0.718008,1.27347,0.870177,0.763267,0.716013,0.741719,0.712165,1.08746,1.09573,0.991267,0.61955,0.99231,0.708454,0.719372,0.694234,0.776438,0.759741,0.72695,0.99899,1.1488,0.788565,
1.705,0.745578,0.43754,0.812067,0.560821,0.954706,0.930064,-0.456826,-0.648971,-0.0328897,0.105945,0.368428,0.470855,0.284782,0.379177,1.20555,1.15421,1.14562,0.926398,1.02491,1.04583,0.964336,1.10201,0.198076,0.658069,0.800036,1.36269,1.38921,-0.672464,0.852242,0.308206,0.713738,-1.27522,0.417783,0.59653,0.345731,-0.156015,0.439303,0.889334,0.947503,1.04033,0.999006,0.624705,1.00983,0.415112,0.980506,0.847732,-0.72754,-0.407023,0.218692,0.293629,1.35108,0.642065,-1.93734,-2.42109,1.17233,1.35252,1.1522,0.752987,0.79184,1.0563,0.885189,0.410501,-0.0349794,0.566957,0.640395,1.38634,1.42687,-1.06527,0.920657,0.27844,0.882526,-1.52642,-0.117541,0.390301,-0.576024,-0.114455,0.603013,0.756634,0.691029,0.718786,1.27447,0.870798,0.763628,0.716474,0.74195,0.712757,1.08769,1.09643,0.992299,0.620165,0.993981,0.709205,0.719919,0.694999,0.777047,0.761061,0.727382,1.00007,1.15133,0.789046,
1.71,0.746341,0.438577,0.812895,0.561634,0.955851,0.930878,-0.456084,-0.648069,-0.0332087,0.104029,0.368714,0.471192,0.283517,0.376981,1.20563,1.15424,1.14616,0.926279,1.02504,1.04616,0.964701,1.10224,0.198477,0.658869,0.799918,1.36265,1.38936,-0.672223,0.852014,0.308032,0.712898,-1.27516,0.417845,0.596826,0.344275,-0.156357,0.439827,0.890047,0.947922,1.0408,0.999609,0.625264,1.01107,0.415986,0.981633,0.848364,-0.72646,-0.406208,0.215568,0.2934,1.35109,0.642394,-1.9383,-2.42242,1.17223,1.35257,1.15305,0.751064,0.791097,1.05642,0.88509,0.410124,-0.0352266,0.567401,0.639982,1.38625,1.42686,-1.06504,0.920367,0.277956,0.881479,-1.52603,-0.11701,0.390451,-0.578416,-0.114858,0.603422,0.757212,0.691906,0.719537,1.27545,0.87144,0.764067,0.716995,0.742214,0.713355,1.08798,1.09711,0.993307,0.620752,0.995646,0.709972,0.72051,0.695749,0.777692,0.762383,0.72785,1.00114,1.15388,0.789521,
1.715,0.747119,0.439615,0.813742,0.562435,0.957045,0.931774,-0.455348,-0.647114,-0.0335157,0.102186,0.368995,0.471516,0.282271,0.374784,1.20569,1.15426,1.1467,0.926126,1.02513,1.04647,0.965051,1.10244,0.198842,0.659669,0.799784,1.36263,1.38947,-0.671998,0.851816,0.307864,0.712072,-1.2751,0.417909,0.597125,0.342829,-0.156688,0.440338,0.890801,0.948283,1.0412,1.00022,0.625813,1.01229,0.416852,0.982759,0.849015,-0.725382,-0.405333,0.213015,0.293171,1.35118,0.642739,-1.93926,-2.42375,1.17214,1.35264,1.15391,0.749109,0.790314,1.05652,0.884206,0.409734,-0.0354972,0.567843,0.639592,1.38621,1.42688,-1.06481,0.920098,0.277476,0.880443,-1.52563,-0.11646,0.3906,-0.580805,-0.115259,0.603822,0.757849,0.692752,0.720258,1.27641,0.872033,0.764472,0.717486,0.7425,0.713961,1.08831,1.09777,0.994295,0.621356,0.997303,0.710724,0.721093,0.696481,0.778349,0.763708,0.728341,1.00218,1.15641,0.789998,
1.72,0.747912,0.440651,0.814577,0.563218,0.958259,0.932712,-0.454617,-0.646111,-0.03381,0.100408,0.369273,0.47183,0.281044,0.372587,1.20573,1.15428,1.14724,0.925931,1.0252,1.04675,0.965381,1.10259,0.199168,0.660469,0.799675,1.36261,1.38953,-0.67179,0.851679,0.3077,0.711259,-1.27504,0.417974,0.597419,0.341393,-0.157009,0.440837,0.891608,0.9486,1.04156,1.00084,0.626357,1.0135,0.417708,0.983883,0.849678,-0.724309,-0.404401,0.21066,0.292942,1.35133,0.643116,-1.94021,-2.42508,1.17208,1.35274,1.15477,0.747114,0.789489,1.05658,0.884163,0.409329,-0.0357939,0.568279,0.639226,1.3862,1.42692,-1.0646,0.919851,0.277002,0.879411,-1.52521,-0.115897,0.390749,-0.58319,-0.11566,0.604216,0.758556,0.693565,0.720947,1.27737,0.872569,0.764849,0.717946,0.742801,0.714577,1.08867,1.09841,0.995262,0.62197,0.998948,0.711447,0.72165,0.697191,0.779012,0.765036,0.728845,1.00319,1.15892,0.79048,
1.725,0.748704,0.44168,0.815389,0.563981,0.959475,0.933659,-0.453892,-0.645065,-0.0340924,0.0986978,0.369545,0.472136,0.279835,0.370391,1.20576,1.15429,1.14777,0.925689,1.02522,1.047,0.965687,1.1027,0.199454,0.66126,0.799588,1.36259,1.38956,-0.671596,0.851582,0.307541,0.710458,-1.27498,0.41804,0.597705,0.339965,-0.157319,0.441323,0.892466,0.948888,1.0419,1.00147,0.626897,1.01469,0.418553,0.985007,0.850347,-0.72324,-0.403416,0.208344,0.292713,1.35153,0.643525,-1.94115,-2.42641,1.17205,1.35286,1.15564,0.745074,0.788616,1.05659,0.88309,0.408903,-0.036119,0.568709,0.638878,1.38624,1.42697,-1.06439,0.919623,0.276535,0.878377,-1.52477,-0.115325,0.390897,-0.585571,-0.116061,0.604594,0.759332,0.694348,0.72161,1.27831,0.873053,0.765205,0.718381,0.743114,0.715205,1.08906,1.09902,0.996212,0.622584,1.00058,0.712141,0.722175,0.697876,0.77968,0.766367,0.729363,1.00418,1.16138,0.790964,
1.73,0.749484,0.442699,0.816173,0.564724,0.960687,0.934605,-0.453173,-0.643977,-0.0343634,0.0970521,0.369814,0.472433,0.278645,0.368196,1.20578,1.15429,1.1483,0.925396,1.02521,1.04722,0.965964,1.10276,0.199701,0.662039,0.799511,1.36258,1.38955,-0.671414,0.851507,0.307387,0.709669,-1.27491,0.418107,0.597981,0.338541,-0.157619,0.441797,0.89337,0.949157,1.04221,1.0021,0.627431,1.01585,0.419385,0.986128,0.851016,-0.722178,-0.402379,0.206021,0.292483,1.35179,0.643964,-1.94208,-2.42773,1.17206,1.353,1.15653,0.742984,0.787692,1.05657,0.883125,0.408455,-0.0364767,0.569128,0.638542,1.38631,1.42704,-1.0642,0.919409,0.276076,0.877336,-1.52433,-0.114749,0.391046,-0.587948,-0.116463,0.604941,0.760171,0.695111,0.722257,1.27925,0.873491,0.765541,0.718794,0.743439,0.715846,1.08948,1.09961,0.997148,0.623194,1.00219,0.712806,0.722668,0.698531,0.780355,0.7677,0.729893,1.00513,1.16381,0.791448,
1.735,0.750244,0.443705,0.816931,0.565445,0.961896,0.935541,-0.452458,-0.642851,-0.0346235,0.0954718,0.370077,0.472722,0.277473,0.366002,1.20578,1.15429,1.14882,0.925049,1.02516,1.04741,0.966207,1.10276,0.19991,0.6628,0.799426,1.36257,1.38952,-0.671244,0.851439,0.307235,0.708889,-1.27485,0.418176,0.598248,0.337118,-0.157907,0.442257,0.894315,0.949416,1.04252,1.00272,0.627956,1.01699,0.420204,0.987246,0.851684,-0.721122,-0.401294,0.203677,0.29225,1.35211,0.644435,-1.943,-2.42905,1.1721,1.35317,1.15744,0.74084,0.786712,1.0565,0.881887,0.407983,-0.036873,0.569536,0.638214,1.38643,1.42712,-1.06402,0.919207,0.275627,0.87629,-1.52389,-0.114172,0.391195,-0.590322,-0.116868,0.605251,0.761073,0.695868,0.722905,1.28019,0.873886,0.765858,0.719185,0.743778,0.716502,1.08992,1.10019,0.998074,0.623797,1.00379,0.713443,0.723132,0.699155,0.781038,0.769034,0.73044,1.00605,1.16619,0.791929,
1.74,0.750982,0.444694,0.817661,0.566144,0.963097,0.936468,-0.451747,-0.641688,-0.0348733,0.0939556,0.370335,0.473005,0.276318,0.363808,1.20577,1.15427,1.14933,0.924645,1.02507,1.04757,0.966413,1.1027,0.200084,0.663538,0.79932,1.36257,1.38946,-0.671082,0.851373,0.307085,0.708117,-1.27477,0.418247,0.598506,0.335692,-0.158184,0.442705,0.895298,0.949674,1.04282,1.00332,0.628467,1.0181,0.421008,0.988361,0.85235,-0.720075,-0.400161,0.201306,0.292016,1.35249,0.644942,-1.94392,-2.43037,1.17216,1.35336,1.15838,0.738637,0.785671,1.05638,0.881967,0.407484,-0.0373156,0.569931,0.637893,1.38661,1.42721,-1.06385,0.919017,0.275189,0.875239,-1.52344,-0.1136,0.391345,-0.59269,-0.117276,0.605522,0.762035,0.696638,0.723571,1.28113,0.874245,0.766151,0.719552,0.744131,0.717176,1.09039,1.10075,0.998993,0.624392,1.00536,0.714053,0.723565,0.699747,0.78173,0.770369,0.731003,1.00693,1.16852,0.792406,
1.745,0.751693,0.445662,0.818361,0.566821,0.964286,0.937376,-0.451038,-0.640489,-0.0351129,0.0924962,0.370589,0.473283,0.27518,0.361614,1.20574,1.15425,1.14982,0.924185,1.02493,1.0477,0.966577,1.10258,0.200231,0.664254,0.799181,1.36257,1.38937,-0.670928,0.851303,0.306937,0.707353,-1.27469,0.418323,0.598753,0.334258,-0.15845,0.443141,0.896312,0.949939,1.04312,1.00391,0.628964,1.01919,0.421796,0.989472,0.85301,-0.719037,-0.398982,0.1989,0.291778,1.35293,0.645485,-1.94482,-2.43168,1.17223,1.35355,1.15934,0.736376,0.784567,1.05621,0.880621,0.406957,-0.0378121,0.570313,0.637577,1.38684,1.42731,-1.06369,0.918836,0.274763,0.874183,-1.52298,-0.113036,0.391495,-0.595053,-0.117688,0.605755,0.763052,0.697438,0.724272,1.28208,0.874572,0.766421,0.719895,0.744499,0.717871,1.09089,1.10129,0.999912,0.624975,1.00691,0.714636,0.723967,0.700303,0.78243,0.771705,0.731583,1.00778,1.1708,0.792875,
1.75,0.752376,0.446606,0.819026,0.567475,0.965455,0.938265,-0.450331,-0.639256,-0.0353431,0.0910982,0.370837,0.473554,0.274057,0.359419,1.2057,1.1542,1.15031,0.923671,1.02474,1.0478,0.966692,1.10239,0.200357,0.664948,0.799003,1.36258,1.38927,-0.67078,0.851228,0.306787,0.706594,-1.27461,0.418404,0.598989,0.332809,-0.158705,0.443565,0.897347,0.950218,1.04343,1.00447,0.629444,1.02024,0.422568,0.990576,0.853662,-0.718009,-0.397757,0.196452,0.291538,1.35341,0.646059,-1.94571,-2.43299,1.17231,1.35373,1.16031,0.734053,0.78339,1.05598,0.88069,0.406401,-0.0383692,0.57068,0.637265,1.38713,1.42743,-1.06353,0.918662,0.274351,0.873123,-1.52253,-0.112482,0.391648,-0.597407,-0.118105,0.605951,0.764113,0.698283,0.725018,1.28304,0.87487,0.766664,0.720212,0.744882,0.718589,1.09141,1.10183,1.00083,0.625546,1.00844,0.715193,0.724337,0.700823,0.783137,0.773039,0.732179,1.00858,1.17303,0.793338,
1.755,0.75303,0.447522,0.819653,0.568105,0.966596,0.939125,-0.449621,-0.637989,-0.0355647,0.089754,0.371081,0.473819,0.272949,0.357222,1.20565,1.15414,1.15077,0.923113,1.02451,1.04787,0.966754,1.10212,0.200469,0.665614,0.798781,1.36259,1.38916,-0.670639,0.851142,0.306636,0.70584,-1.27451,0.418491,0.599208,0.331338,-0.158949,0.443978,0.898385,0.950518,1.04377,1.00502,0.629906,1.02126,0.423323,0.991673,0.854304,-0.716993,-0.396486,0.193958,0.291293,1.35394,0.646656,-1.94659,-2.43429,1.17236,1.3539,1.16129,0.731671,0.782126,1.05571,0.879363,0.405817,-0.0389921,0.571033,0.636956,1.38747,1.42756,-1.06339,0.918495,0.273955,0.872058,-1.52208,-0.111943,0.391802,-0.599753,-0.118528,0.606112,0.7652,0.699178,0.725812,1.28402,0.875141,0.766878,0.720501,0.745278,0.719334,1.09195,1.10235,1.00176,0.626102,1.00995,0.715723,0.724673,0.701306,0.783847,0.77437,0.732789,1.00935,1.1752,0.793793,
1.76,0.753653,0.448408,0.820235,0.568709,0.967707,0.939953,-0.448909,-0.636688,-0.0357784,0.0884601,0.37132,0.474077,0.271855,0.355023,1.20557,1.15406,1.15122,0.922525,1.02421,1.04791,0.966756,1.10176,0.20016,0.666258,0.798514,1.36259,1.38903,-0.670996,0.851042,0.306481,0.70509,-1.27441,0.418578,0.599406,0.329837,-0.159182,0.44438,0.899409,0.950843,1.04412,1.00553,0.630345,1.02225,0.42406,0.992761,0.854932,-0.715988,-0.395169,0.191414,0.291044,1.35447,0.647261,-1.94745,-2.43559,1.17238,1.35403,1.16227,0.72923,0.780772,1.05538,0.879292,0.405203,-0.0396855,0.571369,0.636649,1.38784,1.42769,-1.06388,0.91833,0.273577,0.870987,-1.52164,-0.11142,0.391959,-0.602089,-0.118959,0.606238,0.766291,0.700123,0.726648,1.28502,0.875384,0.767066,0.720766,0.745688,0.720106,1.09252,1.10287,1.0027,0.626642,1.01142,0.716226,0.724974,0.701748,0.784559,0.775699,0.733411,1.01008,1.1773,0.794238,
1.765,0.754273,0.449261,0.820743,0.569287,0.968719,0.940752,-0.44819,-0.635353,-0.0359854,0.0872187,0.371555,0.474321,0.270774,0.35282,1.20549,1.15397,1.15166,0.921925,1.02386,1.04792,0.966676,1.10132,0.199815,0.666877,0.798244,1.36258,1.38892,-0.671229,0.850959,0.306321,0.70434,-1.27429,0.418665,0.599573,0.328298,-0.159404,0.444771,0.900343,0.951202,1.0445,1.00604,0.630769,1.02321,0.424778,0.993827,0.855531,-0.714996,-0.393806,0.188817,0.29079,1.35489,0.647799,-1.94831,-2.43688,1.17235,1.35411,1.16324,0.726732,0.779328,1.05499,0.878133,0.40456,-0.0404699,0.571691,0.636345,1.38816,1.4278,-1.0643,0.918154,0.273219,0.869911,-1.5212,-0.110915,0.392118,-0.604411,-0.119396,0.606322,0.767287,0.701105,0.727512,1.28605,0.875625,0.767176,0.720972,0.746096,0.720909,1.09307,1.10339,1.00366,0.627174,1.01286,0.716696,0.72522,0.702152,0.785257,0.777022,0.734029,1.01075,1.17931,0.794676,
1.77,0.754875,0.450077,0.821187,0.569839,0.96966,0.94151,-0.447464,-0.633984,-0.0361855,0.08602,0.371786,0.474547,0.269706,0.350612,1.20538,1.15385,1.15209,0.921326,1.02344,1.04789,0.966486,1.10079,0.199428,0.667465,0.797968,1.36256,1.3888,-0.671444,0.850872,0.306155,0.70359,-1.27415,0.418753,0.599708,0.326712,-0.159617,0.445154,0.901147,0.9516,1.04492,1.00653,0.631177,1.02414,0.425478,0.994865,0.856104,-0.714018,-0.392398,0.18616,0.29053,1.35517,0.648228,-1.94915,-2.43816,1.17226,1.35413,1.16419,0.724179,0.777797,1.05455,0.877463,0.403887,-0.0413552,0.571996,0.636042,1.38839,1.42787,-1.06474,0.917965,0.272881,0.86883,-1.52077,-0.110431,0.39228,-0.606719,-0.119842,0.606358,0.768144,0.702102,0.728379,1.28711,0.875852,0.767266,0.721159,0.746509,0.721744,1.09363,1.1039,1.00464,0.62769,1.01426,0.717136,0.72542,0.702514,0.785947,0.77834,0.734648,1.01138,1.18124,0.795105,
1.775,0.755445,0.450855,0.821594,0.570364,0.970568,0.942222,-0.446727,-0.63258,-0.0363807,0.0848622,0.372013,0.474754,0.268649,0.3484,1.20525,1.15372,1.15251,0.920715,1.02295,1.04783,0.966222,1.10015,0.198992,0.668022,0.797662,1.36251,1.3887,-0.671675,0.850752,0.305982,0.702837,-1.274,0.418842,0.599811,0.325072,-0.159819,0.445527,0.901824,0.952046,1.04538,1.007,0.631566,1.02504,0.426159,0.995874,0.856656,-0.713054,-0.390942,0.183441,0.290266,1.35535,0.648539,-1.94997,-2.43944,1.1721,1.3541,1.16511,0.721573,0.776182,1.05405,0.876188,0.403185,-0.0423388,0.572285,0.635742,1.38856,1.42791,-1.06521,0.917767,0.272567,0.867746,-1.52036,-0.10997,0.392446,-0.60901,-0.120296,0.606349,0.768863,0.703084,0.729217,1.2882,0.876064,0.767357,0.721349,0.746936,0.722612,1.09421,1.10441,1.00564,0.628182,1.01562,0.717549,0.725585,0.702836,0.786637,0.779651,0.735279,1.01196,1.18309,0.795527,
1.78,0.755983,0.45159,0.82198,0.570867,0.97146,0.942898,-0.445978,-0.631141,-0.0365711,0.0837393,0.372237,0.474943,0.267603,0.346181,1.20511,1.15357,1.15292,0.91985,1.02238,1.04774,0.965856,1.09942,0.198494,0.668548,0.797317,1.36246,1.3886,-0.671923,0.850594,0.305801,0.70208,-1.27386,0.418933,0.599883,0.323371,-0.160012,0.445892,0.902395,0.952545,1.04588,1.00745,0.631931,1.0259,0.42682,0.996852,0.857195,-0.712107,-0.389439,0.180657,0.289996,1.35547,0.648744,-1.95079,-2.44072,1.17186,1.35401,1.16598,0.718914,0.774486,1.05349,0.876063,0.402453,-0.0434159,0.572559,0.635446,1.38866,1.42793,-1.06573,0.917565,0.272276,0.866667,-1.51995,-0.109532,0.392616,-0.611283,-0.12076,0.60631,0.769462,0.704011,0.729991,1.28933,0.876273,0.767449,0.721545,0.747382,0.723515,1.09481,1.10492,1.00666,0.628652,1.01693,0.717936,0.725721,0.703115,0.787331,0.780955,0.735923,1.01248,1.18487,0.795942,
1.785,0.756492,0.452283,0.822358,0.571352,0.972337,0.943534,-0.445216,-0.629667,-0.036758,0.0826494,0.372457,0.475115,0.266568,0.343957,1.20494,1.1534,1.15331,0.91874,1.02172,1.04762,0.965446,1.09858,0.197925,0.669037,0.79693,1.36239,1.38853,-0.67219,0.850391,0.305611,0.701317,-1.27371,0.419025,0.599928,0.321604,-0.160195,0.44625,0.902874,0.9531,1.04644,1.00787,0.632271,1.02673,0.427461,0.997801,0.857721,-0.711175,-0.387889,0.17781,0.28972,1.35552,0.648847,-1.95159,-2.44199,1.17155,1.35386,1.16682,0.716206,0.772709,1.05287,0.875027,0.401692,-0.0445828,0.572818,0.635154,1.38869,1.42791,-1.06631,0.917363,0.27201,0.865607,-1.51956,-0.109119,0.392789,-0.613535,-0.121233,0.606252,0.769952,0.704853,0.730674,1.29048,0.876492,0.76754,0.721749,0.747848,0.724452,1.09544,1.10543,1.0077,0.629099,1.01821,0.718299,0.725827,0.703353,0.78803,0.782249,0.736584,1.01295,1.18656,0.796351,
1.79,0.756976,0.452931,0.822752,0.571826,0.973226,0.944161,-0.444438,-0.628156,-0.036942,0.0815905,0.372675,0.475276,0.265544,0.341726,1.20476,1.15322,1.1537,0.917342,1.02098,1.04746,0.964841,1.09764,0.197273,0.669494,0.796507,1.3623,1.38849,-0.672476,0.850156,0.305415,0.700547,-1.27357,0.41912,0.599959,0.319768,-0.160369,0.446601,0.903303,0.953713,1.04704,1.00828,0.632587,1.02754,0.428082,0.998722,0.858245,-0.710262,-0.386292,0.174896,0.289438,1.35557,0.648888,-1.95237,-2.44325,1.17118,1.35365,1.1676,0.713447,0.770851,1.05218,0.873415,0.400901,-0.0458378,0.573063,0.634526,1.38868,1.42789,-1.06693,0.917172,0.271768,0.864593,-1.51919,-0.108732,0.392968,-0.615765,-0.121715,0.606203,0.770378,0.705588,0.731251,1.29167,0.876728,0.767651,0.721981,0.748342,0.725422,1.09611,1.10593,1.00877,0.629524,1.01944,0.718639,0.725912,0.703552,0.78874,0.783534,0.737268,1.01336,1.18817,0.796758,
1.795,0.757456,0.453533,0.823163,0.5723,0.974107,0.944805,-0.443644,-0.626611,-0.0371243,0.0805544,0.37289,0.475426,0.264529,0.33949,1.20455,1.15301,1.15407,0.915698,1.02016,1.04727,0.964479,1.0966,0.19653,0.669928,0.796084,1.3622,1.38848,-0.672785,0.849933,0.305211,0.699772,-1.27342,0.419217,0.599983,0.317861,-0.160535,0.446946,0.903696,0.954386,1.0477,1.00869,0.632889,1.02832,0.428683,0.999613,0.858769,-0.709366,-0.384648,0.171916,0.289151,1.3556,0.648879,-1.95315,-2.44451,1.17074,1.3534,1.16833,0.710638,0.768913,1.05143,0.873338,0.400079,-0.0471817,0.573293,0.634204,1.38859,1.42786,-1.0676,0.916997,0.271552,0.86363,-1.51883,-0.108371,0.39315,-0.617973,-0.122207,0.60619,0.770745,0.706211,0.731725,1.29289,0.876999,0.767744,0.722217,0.748859,0.726424,1.09681,1.10642,1.00985,0.629937,1.02063,0.718952,0.725966,0.703713,0.789456,0.784808,0.737973,1.01371,1.18968,0.797166,
1.8,0.757917,0.454088,0.823604,0.572779,0.974976,0.945434,-0.442836,-0.62503,-0.0373051,0.0795391,0.373104,0.475569,0.263525,0.33725,1.20432,1.15279,1.15442,0.913852,1.01926,1.04703,0.963766,1.09545,0.195684,0.670339,0.795658,1.36209,1.38851,-0.673116,0.849698,0.305003,0.698992,-1.27326,0.419318,0.600002,0.315887,-0.160693,0.447287,0.904065,0.955118,1.04841,1.0091,0.63318,1.02908,0.429262,1.00047,0.85929,-0.70849,-0.382958,0.168874,0.288858,1.35561,0.648829,-1.95391,-2.44576,1.17026,1.35311,1.16901,0.707779,0.766892,1.05061,0.872413,0.399225,-0.0486166,0.57351,0.633906,1.38843,1.42782,-1.06833,0.916837,0.27136,0.862715,-1.51849,-0.108036,0.393338,-0.620155,-0.122709,0.606224,0.771066,0.706726,0.732105,1.29413,0.877306,0.767843,0.722475,0.749398,0.727456,1.09755,1.1069,1.01093,0.630327,1.02176,0.719234,0.725987,0.703837,0.790178,0.786071,0.738698,1.014,1.19108,0.797576,
1.805,0.758355,0.454596,0.824096,0.573266,0.975869,0.946064,-0.442014,-0.623415,-0.037486,0.0785384,0.373315,0.475708,0.262531,0.335007,1.20406,1.15253,1.15475,0.911831,1.01828,1.04675,0.96298,1.09419,0.1947,0.670724,0.795226,1.36196,1.38856,-0.673475,0.849438,0.304792,0.698211,-1.27311,0.419421,0.600025,0.313848,-0.160844,0.447623,0.904444,0.955909,1.04917,1.00951,0.633459,1.02981,0.429819,1.0013,0.859815,-0.707634,-0.381222,0.165774,0.28856,1.35566,0.648765,-1.95465,-2.447,1.16973,1.35278,1.16965,0.704867,0.764785,1.04971,0.871649,0.398338,-0.050146,0.573712,0.633625,1.38823,1.42778,-1.06911,0.916697,0.271193,0.861847,-1.51817,-0.107728,0.39353,-0.622312,-0.12322,0.606311,0.771377,0.707145,0.732406,1.29538,0.877637,0.767972,0.722771,0.749966,0.728513,1.09833,1.10736,1.01201,0.630694,1.02285,0.719482,0.725979,0.703924,0.790915,0.787321,0.739453,1.01421,1.19239,0.797988,
1.81,0.758727,0.455058,0.82463,0.573754,0.976756,0.94661,-0.44118,-0.621767,-0.0376665,0.0775481,0.373525,0.475843,0.261549,0.332763,1.20377,1.15226,1.15506,0.909648,1.0172,1.04643,0.96216,1.09282,0.193569,0.671068,0.794724,1.36182,1.38861,-0.673864,0.849089,0.304581,0.697431,-1.27295,0.419528,0.600034,0.311749,-0.160988,0.447956,0.904834,0.956757,1.04999,1.00989,0.633716,1.03052,0.430353,1.0021,0.860327,-0.7068,-0.379444,0.162616,0.288257,1.3557,0.648673,-1.95538,-2.44823,1.16916,1.35242,1.17024,0.701902,0.76259,1.04873,0.871133,0.397415,-0.0517751,0.573898,0.633337,1.388,1.42773,-1.06995,0.916565,0.271052,0.861028,-1.51787,-0.107445,0.393727,-0.624442,-0.123741,0.606411,0.771678,0.707478,0.732637,1.29663,0.877972,0.768099,0.723075,0.750554,0.729594,1.09914,1.1078,1.01309,0.631017,1.02388,0.719686,0.725931,0.703967,0.791657,0.788557,0.740232,1.01436,1.19358,0.798395,
1.815,0.759088,0.455473,0.825189,0.574246,0.977604,0.947167,-0.440337,-0.620089,-0.0378485,0.0765703,0.373735,0.47597,0.26058,0.330523,1.20345,1.15195,1.15536,0.907315,1.01605,1.04605,0.961492,1.09134,0.192294,0.671378,0.7942,1.36166,1.3887,-0.674287,0.848728,0.304373,0.696656,-1.27279,0.419638,0.600041,0.3096,-0.161125,0.448286,0.905216,0.95766,1.05084,1.01025,0.633959,1.03121,0.430862,1.00287,0.860828,-0.70599,-0.377627,0.159406,0.28795,1.3557,0.648534,-1.95609,-2.44945,1.16854,1.35201,1.17079,0.698882,0.760301,1.04766,0.870386,0.396456,-0.0535096,0.574066,0.63306,1.3877,1.42766,-1.07087,0.916441,0.270937,0.860256,-1.51759,-0.107188,0.39393,-0.626542,-0.124271,0.606524,0.771947,0.707733,0.732804,1.29788,0.878332,0.768191,0.723368,0.751157,0.730692,1.09997,1.1082,1.01414,0.631329,1.02485,0.719844,0.725833,0.703964,0.792403,0.789777,0.74103,1.01443,1.19464,0.798801,
1.82,0.759433,0.455845,0.825771,0.574745,0.978419,0.947757,-0.43949,-0.618382,-0.0380317,0.0755967,0.373944,0.476095,0.259623,0.328288,1.20309,1.15163,1.15565,0.904839,1.01483,1.04561,0.961207,1.08976,0.190875,0.671663,0.793674,1.36149,1.38876,-0.674748,0.848399,0.304173,0.695892,-1.27262,0.419751,0.600068,0.30741,-0.161256,0.448615,0.9056,0.958607,1.05174,1.01062,0.634196,1.03188,0.431346,1.00359,0.861334,-0.705205,-0.375774,0.15615,0.287639,1.35569,0.648366,-1.95678,-2.45066,1.16787,1.35157,1.17129,0.695803,0.757915,1.04651,0.8694,0.395457,-0.0553534,0.574217,0.632807,1.38738,1.4276,-1.07187,0.916339,0.27085,0.859532,-1.51733,-0.106956,0.394136,-0.628611,-0.124809,0.606694,0.772207,0.707907,0.732902,1.29912,0.878712,0.76825,0.723645,0.751781,0.731804,1.10084,1.10856,1.01515,0.631628,1.02575,0.719955,0.725691,0.703912,0.793166,0.790978,0.741858,1.01442,1.19556,0.79921,
1.825,0.759743,0.456174,0.826361,0.575243,0.979199,0.948351,-0.438644,-0.616651,-0.0382166,0.0746273,0.374152,0.476217,0.258682,0.326065,1.2027,1.15129,1.15593,0.902228,1.01355,1.04511,0.960465,1.08805,0.18931,0.671916,0.793136,1.36133,1.3888,-0.675251,0.848095,0.303986,0.695146,-1.27246,0.419866,0.600109,0.305191,-0.161382,0.448942,0.905989,0.959589,1.05267,1.01098,0.634431,1.03251,0.431803,1.00428,0.861839,-0.704448,-0.37389,0.152853,0.287324,1.35567,0.648175,-1.95746,-2.45186,1.16715,1.35108,1.17174,0.692665,0.755426,1.04526,0.868307,0.394416,-0.0573123,0.574348,0.632577,1.38706,1.42756,-1.07296,0.91626,0.270791,0.858852,-1.51709,-0.106746,0.394348,-0.630645,-0.125355,0.606931,0.77247,0.707993,0.732923,1.30032,0.879081,0.768272,0.723889,0.752423,0.732924,1.10174,1.10886,1.0161,0.631902,1.02658,0.720009,0.725494,0.703802,0.793941,0.792157,0.742716,1.01432,1.19633,0.799624,
1.83,0.760017,0.456463,0.826941,0.575725,0.979947,0.948956,-0.437803,-0.6149,-0.0384032,0.0736621,0.374361,0.476341,0.257757,0.323858,1.20227,1.15095,1.15622,0.899486,1.01219,1.04454,0.959437,1.08622,0.187595,0.672141,0.792584,1.36119,1.38882,-0.675799,0.847824,0.303818,0.694423,-1.27229,0.41998,0.600165,0.302954,-0.161503,0.44927,0.906387,0.960597,1.05362,1.01134,0.634662,1.03312,0.43223,1.00494,0.862342,-0.703722,-0.371982,0.149522,0.287007,1.35564,0.64797,-1.9581,-2.45304,1.16636,1.35053,1.17213,0.689466,0.752828,1.0439,0.867151,0.393331,-0.0593939,0.574459,0.632372,1.38675,1.42752,-1.07415,0.916208,0.270763,0.858211,-1.51688,-0.106558,0.394564,-0.63264,-0.125909,0.607236,0.772751,0.707981,0.732858,1.30147,0.879416,0.768244,0.724085,0.753085,0.734046,1.10269,1.10909,1.01699,0.632156,1.02733,0.719998,0.725238,0.703627,0.794725,0.793313,0.743609,1.01413,1.19695,0.80004,
1.835,0.760252,0.456713,0.827487,0.576174,0.980662,0.949574,-0.436976,-0.613134,-0.0385921,0.0726969,0.37457,0.476467,0.25685,0.321673,1.20181,1.15062,1.15653,0.89662,1.01077,1.04389,0.958293,1.08426,0.185721,0.672332,0.792019,1.36106,1.38881,-0.676396,0.847602,0.303674,0.693732,-1.27212,0.420094,0.600234,0.300714,-0.16162,0.449597,0.906798,0.961629,1.05459,1.01169,0.634892,1.03369,0.432627,1.00557,0.862841,-0.703028,-0.370056,0.146165,0.286687,1.35561,0.647762,-1.95873,-2.45419,1.16549,1.34991,1.17246,0.686203,0.750117,1.04242,0.865945,0.392198,-0.0616061,0.574547,0.632196,1.38646,1.42751,-1.07545,0.916184,0.270767,0.857601,-1.51669,-0.106389,0.394783,-0.634592,-0.126469,0.607613,0.773062,0.707865,0.732701,1.30256,0.879692,0.768155,0.724213,0.753766,0.735164,1.10369,1.10925,1.01778,0.63239,1.02799,0.719918,0.724916,0.703376,0.795518,0.79444,0.744535,1.01384,1.1974,0.800457,
1.84,0.760434,0.456926,0.827959,0.576565,0.98132,0.950166,-0.436167,-0.611359,-0.0387828,0.0717295,0.37478,0.476594,0.255964,0.319516,1.20131,1.15031,1.15686,0.893632,1.00926,1.04315,0.957067,1.08216,0.183677,0.67248,0.791427,1.36095,1.38874,-0.677046,0.847413,0.30356,0.693079,-1.27194,0.420203,0.600299,0.298486,-0.161733,0.449926,0.907197,0.96268,1.05557,1.01202,0.635117,1.03422,0.432992,1.00616,0.863322,-0.702372,-0.368121,0.142788,0.286367,1.35554,0.647529,-1.95932,-2.45533,1.16453,1.3492,1.17272,0.682876,0.747287,1.04083,0.864687,0.391016,-0.0639575,0.574606,0.632044,1.38619,1.4275,-1.07686,0.916178,0.270806,0.857015,-1.51652,-0.106235,0.395007,-0.636497,-0.127034,0.608008,0.773383,0.707643,0.732454,1.30357,0.879861,0.767979,0.724242,0.754456,0.736273,1.10472,1.10931,1.01847,0.632599,1.02857,0.71975,0.724505,0.703035,0.796306,0.795535,0.745481,1.01345,1.19768,0.800869,
1.845,0.760597,0.457104,0.828344,0.576897,0.981913,0.950798,-0.435386,-0.609581,-0.0389755,0.0707622,0.374991,0.476728,0.2551,0.317394,1.20077,1.15003,1.15721,0.890528,1.00771,1.04232,0.955769,1.07993,0.181458,0.672589,0.790854,1.36089,1.38867,-0.677758,0.847326,0.303484,0.692474,-1.27177,0.420308,0.60039,0.296285,-0.161843,0.450255,0.90759,0.963745,1.05656,1.01236,0.635343,1.0347,0.433322,1.0067,0.863795,-0.701754,-0.366187,0.139399,0.286045,1.35546,0.647311,-1.95989,-2.45643,1.16346,1.3484,1.17289,0.679485,0.744335,1.03914,0.863376,0.389781,-0.0664558,0.574637,0.631929,1.38596,1.42752,-1.0784,0.916203,0.27088,0.856447,-1.51638,-0.106094,0.395233,-0.63835,-0.127605,0.608456,0.77373,0.707327,0.732133,1.30449,0.87997,0.767695,0.724166,0.755162,0.737367,1.10581,1.10926,1.01903,0.632804,1.02905,0.719516,0.724015,0.702603,0.797104,0.796593,0.746457,1.01294,1.19777,0.801277,
1.85,0.760728,0.457251,0.828632,0.577152,0.982455,0.951403,-0.434639,-0.60781,-0.0391693,0.069797,0.375203,0.47686,0.25426,0.315315,1.20021,1.14979,1.15759,0.887312,1.00612,1.04138,0.954404,1.07753,0.179057,0.672632,0.790323,1.36084,1.38853,-0.678545,0.847276,0.303452,0.691921,-1.2716,0.420406,0.600491,0.294127,-0.161949,0.450586,0.907953,0.96481,1.05754,1.0127,0.63557,1.03512,0.433616,1.0072,0.864238,-0.70118,-0.364262,0.136007,0.285724,1.3553,0.647058,-1.96042,-2.45751,1.16226,1.3475,1.17296,0.676029,0.741259,1.03728,0.862009,0.388491,-0.0691095,0.57463,0.631847,1.38578,1.42754,-1.08011,0.916234,0.270993,0.855898,-1.51625,-0.105963,0.395462,-0.640143,-0.128178,0.608805,0.774069,0.706938,0.73176,1.3053,0.879934,0.76735,0.724,0.755872,0.738438,1.10695,1.1091,1.01944,0.632987,1.02943,0.719159,0.723385,0.702073,0.797888,0.797612,0.747446,1.0123,1.19763,0.801671,
1.855,0.760894,0.457373,0.828772,0.57734,0.982816,0.952068,-0.433934,-0.606052,-0.0393639,0.0688296,0.375417,0.476986,0.253448,0.313284,1.19961,1.14958,1.15798,0.883991,1.00454,1.04032,0.95297,1.07499,0.176461,0.672616,0.789922,1.3608,1.38838,-0.679423,0.847409,0.303469,0.691429,-1.27143,0.420496,0.600608,0.292028,-0.162053,0.450918,0.908216,0.96585,1.0585,1.01307,0.635818,1.03549,0.43387,1.00762,0.864654,-0.700651,-0.362357,0.132621,0.285404,1.35495,0.646742,-1.96091,-2.45854,1.16095,1.34649,1.17293,0.672511,0.738055,1.03535,0.860585,0.387144,-0.0719254,0.57458,0.631812,1.38559,1.42757,-1.08199,0.916277,0.271146,0.855372,-1.51614,-0.105843,0.395693,-0.641873,-0.128755,0.609072,0.774326,0.706504,0.731364,1.30598,0.879827,0.766776,0.72365,0.756573,0.739483,1.10812,1.1088,1.01969,0.633195,1.02969,0.71871,0.722624,0.701445,0.798658,0.798585,0.748443,1.01151,1.19723,0.802058,
1.86,0.761076,0.457475,0.82878,0.57747,0.983018,0.952779,-0.433277,-0.604315,-0.0395586,0.0678665,0.375631,0.477114,0.252664,0.311311,1.19898,1.14942,1.15839,0.880569,1.00306,1.03916,0.95147,1.07228,0.173658,0.672559,0.789669,1.36079,1.38824,-0.680409,0.84778,0.303539,0.691002,-1.27127,0.420577,0.600749,0.290001,-0.162156,0.45125,0.908368,0.966838,1.0594,1.01346,0.636095,1.03579,0.434085,1.00797,0.865053,-0.700169,-0.360485,0.129248,0.285085,1.35446,0.646406,-1.96136,-2.45952,1.15952,1.34539,1.17279,0.668932,0.734722,1.03331,0.859103,0.385739,-0.0749102,0.574485,0.631824,1.38542,1.42759,-1.08405,0.916353,0.271268,0.854879,-1.51604,-0.106585,0.395926,-0.643533,-0.129333,0.609332,0.774495,0.70606,0.730976,1.30652,0.879658,0.76609,0.723177,0.75728,0.740495,1.10935,1.10835,1.01975,0.63341,1.02982,0.71819,0.721768,0.70072,0.799431,0.799509,0.749469,1.01056,1.19659,0.802443,
1.865,0.761259,0.457564,0.828671,0.577538,0.983086,0.953498,-0.432674,-0.60261,-0.0397527,0.0669117,0.375847,0.477246,0.251912,0.309403,1.19832,1.1493,1.15879,0.877051,1.0018,1.03786,0.949905,1.06942,0.170637,0.672457,0.78956,1.36079,1.38808,-0.681519,0.848379,0.303668,0.690645,-1.27111,0.42018,0.600897,0.288061,-0.162256,0.451581,0.908409,0.967743,1.06022,1.01385,0.636397,1.03603,0.43426,1.00822,0.865433,-0.699738,-0.358656,0.125896,0.284769,1.35385,0.646075,-1.96177,-2.46045,1.158,1.34421,1.17253,0.665295,0.731258,1.03122,0.857561,0.384274,-0.0780684,0.574342,0.631876,1.38528,1.42762,-1.08629,0.916473,0.271398,0.854431,-1.51596,-0.107299,0.39616,-0.64512,-0.12991,0.609622,0.774577,0.705646,0.730634,1.30691,0.879387,0.765299,0.722591,0.757998,0.74147,1.11065,1.10775,1.01962,0.633624,1.02982,0.717588,0.720811,0.699894,0.8002,0.800379,0.750522,1.00941,1.19571,0.802826,
1.87,0.761451,0.457641,0.828459,0.577533,0.983057,0.954243,-0.432131,-0.600945,-0.0399454,0.0659632,0.376063,0.477392,0.251192,0.307565,1.19762,1.14919,1.15918,0.87344,1.00068,1.03646,0.948279,1.0664,0.167387,0.672311,0.789603,1.36081,1.38797,-0.68277,0.849245,0.30379,0.690362,-1.27157,0.419774,0.601054,0.286221,-0.162355,0.451912,0.908362,0.968539,1.06094,1.01424,0.63672,1.03621,0.4344,1.00838,0.865798,-0.699359,-0.356881,0.122576,0.284456,1.35317,0.645803,-1.96214,-2.46132,1.1564,1.34297,1.17218,0.661603,0.727663,1.02916,0.855957,0.382751,-0.0814008,0.574151,0.631972,1.38515,1.42764,-1.0887,0.916646,0.271539,0.854044,-1.51588,-0.108032,0.396394,-0.646632,-0.130487,0.609989,0.774594,0.705311,0.730384,1.30712,0.879017,0.764407,0.721895,0.758731,0.742404,1.11203,1.10698,1.01927,0.633843,1.02969,0.71691,0.719764,0.698964,0.800967,0.801192,0.7516,1.00833,1.1946,0.803203,
1.875,0.76152,0.457531,0.828217,0.577461,0.982991,0.954789,-0.43165,-0.599329,-0.0401349,0.0650273,0.37628,0.477551,0.250507,0.305805,1.19687,1.1491,1.15954,0.869743,0.999268,1.03493,0.946597,1.06325,0.163897,0.672089,0.78963,1.36085,1.38786,-0.684183,0.850086,0.303917,0.690158,-1.27194,0.419312,0.60121,0.284491,-0.162454,0.452242,0.908275,0.969207,1.06154,1.01455,0.637023,1.03631,0.434509,1.00845,0.866123,-0.699032,-0.355172,0.119297,0.284147,1.35249,0.645604,-1.96245,-2.4621,1.15477,1.34169,1.17174,0.657863,0.723938,1.02746,0.854291,0.381167,-0.0849079,0.57391,0.632059,1.38507,1.42767,-1.09129,0.916855,0.271697,0.853734,-1.51652,-0.108813,0.396629,-0.648066,-0.131061,0.61038,0.774594,0.705109,0.730275,1.30716,0.878578,0.763504,0.721171,0.75948,0.743299,1.11348,1.10603,1.01869,0.634,1.02945,0.716153,0.718639,0.697928,0.801737,0.801947,0.75271,1.00224,1.19326,0.80355,
1.88,0.761507,0.457412,0.827958,0.577313,0.982898,0.955202,-0.431234,-0.597769,-0.0403218,0.064104,0.376498,0.477717,0.24986,0.304129,1.19608,1.14898,1.15983,0.86595,0.996972,1.03328,0.944857,1.05982,0.160146,0.671755,0.789582,1.36086,1.38772,-0.68582,0.850756,0.304053,0.690036,-1.27235,0.418782,0.601353,0.282874,-0.162552,0.452571,0.908174,0.969736,1.06201,1.01477,0.637277,1.03633,0.434599,1.00845,0.866405,-0.698757,-0.353537,0.116056,0.283843,1.35182,0.645457,-1.96272,-2.4628,1.15311,1.34039,1.17122,0.654065,0.720073,1.02637,0.852556,0.379519,-0.0886029,0.573616,0.632142,1.38502,1.42771,-1.09404,0.917084,0.271882,0.853518,-1.51716,-0.109656,0.396863,-0.649412,-0.131632,0.610718,0.774598,0.7051,0.730363,1.30701,0.878017,0.762536,0.720379,0.760244,0.744139,1.11501,1.10491,1.01788,0.634133,1.02908,0.715287,0.717409,0.696777,0.802502,0.802631,0.753853,1.00499,1.19163,0.803862,
1.885,0.761507,0.457287,0.827683,0.577096,0.982776,0.955618,-0.430884,-0.596274,-0.040502,0.063208,0.376716,0.477887,0.249252,0.302541,1.19525,1.14882,1.16002,0.862101,0.994373,1.03155,0.943079,1.05674,0.156172,0.671278,0.789561,1.36082,1.38748,-0.687692,0.851353,0.304207,0.689997,-1.27285,0.418186,0.601494,0.281382,-0.162649,0.452898,0.908083,0.97013,1.06236,1.01495,0.637486,1.03627,0.43467,1.00837,0.866664,-0.698528,-0.351987,0.112887,0.283545,1.35119,0.645346,-1.96294,-2.4634,1.15146,1.3391,1.17063,0.650253,0.716109,1.02474,0.850771,0.377826,-0.0924455,0.573267,0.632263,1.38502,1.42774,-1.09695,0.91734,0.272105,0.853409,-1.51783,-0.110568,0.397095,-0.650658,-0.132197,0.610958,0.774626,0.705339,0.730692,1.30666,0.877308,0.761495,0.719521,0.761014,0.744934,1.1166,1.1036,1.01683,0.634289,1.02857,0.714299,0.716054,0.695532,0.803256,0.803253,0.755014,1.00435,1.1897,0.804149,
1.89,0.761549,0.457157,0.827389,0.576819,0.982609,0.95605,-0.430595,-0.594851,-0.0406768,0.062333,0.376933,0.47806,0.248688,0.301045,1.19435,1.14858,1.1601,0.858171,0.991578,1.02981,0.941253,1.05211,0.151939,0.670658,0.789663,1.36075,1.38724,-0.689802,0.851988,0.304391,0.690043,-1.27343,0.41752,0.601639,0.280003,-0.162746,0.453222,0.908017,0.970404,1.0626,1.01514,0.637663,1.03611,0.434387,1.00823,0.866908,-0.698339,-0.350528,0.109778,0.283253,1.3506,0.645274,-1.96312,-2.46391,1.14983,1.33782,1.16999,0.646401,0.71202,1.02234,0.848924,0.376073,-0.0964649,0.572859,0.632434,1.38506,1.42778,-1.10002,0.917634,0.272382,0.85342,-1.51857,-0.111558,0.397326,-0.651798,-0.132755,0.611107,0.774686,0.705868,0.731297,1.30612,0.876494,0.760357,0.718579,0.761794,0.745685,1.11826,1.10208,1.01552,0.63447,1.0279,0.713202,0.714574,0.694177,0.804002,0.803811,0.7562,1.0033,1.18745,0.804422,
1.895,0.761599,0.457026,0.827083,0.576481,0.982404,0.956429,-0.430362,-0.593506,-0.0408445,0.0614834,0.37715,0.478238,0.248174,0.299645,1.19338,1.14822,1.16004,0.854152,0.988618,1.02842,0.939377,1.0505,0.147434,0.66989,0.789896,1.36065,1.387,-0.692149,0.852606,0.304626,0.690176,-1.27409,0.416777,0.60178,0.278737,-0.162843,0.453543,0.907995,0.970588,1.06277,1.01531,0.637807,1.03585,0.434076,1.00802,0.867134,-0.698182,-0.349167,0.106732,0.282968,1.35009,0.645248,-1.96324,-2.46433,1.14823,1.33656,1.16931,0.642507,0.707802,1.01916,0.847013,0.374259,-0.100666,0.572394,0.632644,1.38513,1.42782,-1.10326,0.917972,0.272726,0.853556,-1.51937,-0.11264,0.397554,-0.652828,-0.133306,0.611181,0.77479,0.706714,0.732189,1.30538,0.875576,0.759142,0.717566,0.762591,0.746378,1.12001,1.10039,1.01397,0.634656,1.02708,0.712006,0.712985,0.692712,0.804738,0.804297,0.757413,1.00177,1.18491,0.804682,
1.9,0.761686,0.456901,0.826774,0.576089,0.982175,0.956815,-0.430172,-0.592242,-0.0410023,0.0606739,0.377365,0.47842,0.247716,0.298341,1.19234,1.14775,1.15984,0.850098,0.985536,1.02763,0.937474,1.04686,0.142715,0.66898,0.790305,1.36054,1.38677,-0.694706,0.853243,0.304937,0.690392,-1.27483,0.415946,0.601932,0.277603,-0.16294,0.453859,0.908043,0.970717,1.06289,1.01549,0.637923,1.0355,0.433729,1.00774,0.867343,-0.698044,-0.347906,0.103783,0.282691,1.3497,0.645289,-1.96333,-2.46468,1.14668,1.33534,1.16859,0.638623,0.703509,1.01597,0.845062,0.372412,-0.104989,0.571875,0.632899,1.38526,1.42787,-1.10662,0.918357,0.273147,0.853812,-1.52023,-0.113821,0.397779,-0.653743,-0.133847,0.611212,0.774957,0.70788,0.733359,1.30443,0.874577,0.757854,0.716489,0.763398,0.747032,1.12184,1.09849,1.01215,0.634864,1.02611,0.710734,0.711309,0.69118,0.805455,0.804724,0.758639,0.999904,1.18215,0.804927,
1.905,0.761781,0.456787,0.826453,0.575635,0.981903,0.957146,-0.430011,-0.591069,-0.0411518,0.0598921,0.377578,0.478603,0.247325,0.297139,1.19122,1.14714,1.15951,0.845945,0.982287,1.02609,0.935521,1.04427,0.1377,0.667939,0.790868,1.3604,1.38656,-0.697498,0.853855,0.305345,0.690696,-1.27565,0.415012,0.602068,0.276602,-0.163039,0.454169,0.908156,0.970829,1.063,1.01564,0.63801,1.03504,0.433333,1.0074,0.86753,-0.697919,-0.346754,0.100898,0.282422,1.3494,0.645382,-1.96336,-2.46494,1.14517,1.33414,1.16784,0.634687,0.699081,1.01264,0.843043,0.370499,-0.109503,0.571302,0.633189,1.38542,1.42791,-1.11015,0.918789,0.273648,0.854197,-1.52116,-0.115114,0.398001,-0.654544,-0.134379,0.611208,0.775177,0.709346,0.734776,1.30331,0.873462,0.756457,0.715318,0.764222,0.747627,1.12375,1.09643,1.01012,0.635083,1.02498,0.709352,0.709521,0.689493,0.806162,0.80508,0.759889,0.997791,1.17908,0.805162,
1.91,0.761882,0.456693,0.826133,0.575131,0.981612,0.957454,-0.429869,-0.589976,-0.0412883,0.0591677,0.377788,0.478793,0.246991,0.296032,1.19001,1.1464,1.15904,0.84179,0.978944,1.02392,0.933556,1.04209,0.132517,0.666785,0.791546,1.36026,1.38638,-0.700472,0.85446,0.305862,0.691073,-1.27654,0.413969,0.602205,0.275742,-0.163135,0.454472,0.908362,0.970963,1.06314,1.01576,0.638062,1.0345,0.432883,1.00701,0.867702,-0.697808,-0.3457,0.0981334,0.282163,1.34927,0.645572,-1.96337,-2.46515,1.1437,1.33299,1.16707,0.630791,0.694618,1.00924,0.841,0.368571,-0.114092,0.570685,0.633507,1.38563,1.42796,-1.11377,0.919272,0.274228,0.85469,-1.52215,-0.116522,0.398219,-0.655214,-0.134896,0.611242,0.77548,0.711074,0.736397,1.30198,0.872279,0.754994,0.714083,0.765056,0.748182,1.12574,1.09418,1.00784,0.635314,1.02375,0.707936,0.707696,0.687825,0.806854,0.80538,0.761151,0.995628,1.17585,0.805382,
1.915,0.761946,0.456623,0.825862,0.574586,0.981369,0.957761,-0.430374,-0.588972,-0.0414143,0.0584796,0.377994,0.479013,0.246716,0.295035,1.1887,1.14553,1.15846,0.83757,0.97546,1.02123,0.931561,1.03886,0.127082,0.665558,0.792244,1.36018,1.38629,-0.703655,0.855052,0.306494,0.691529,-1.27751,0.412812,0.602373,0.27502,-0.163233,0.454769,0.908762,0.971147,1.06332,1.01582,0.638068,1.03387,0.43237,1.00659,0.867886,-0.698512,-0.344749,0.0954606,0.281914,1.3495,0.646021,-1.96333,-2.46528,1.14226,1.33184,1.16629,0.626875,0.69006,1.00571,0.8389,0.366597,-0.118825,0.570032,0.63385,1.38598,1.42803,-1.11752,0.919846,0.27489,0.855294,-1.52321,-0.118049,0.398432,-0.65569,-0.1354,0.611474,0.775994,0.713002,0.738156,1.30047,0.871064,0.753477,0.712808,0.765939,0.748692,1.12788,1.09175,1.00533,0.635547,1.02241,0.70648,0.705853,0.685926,0.807577,0.805624,0.762473,0.993441,1.17241,0.805593,
1.92,0.762039,0.456583,0.825603,0.573993,0.981111,0.958097,-0.430957,-0.588055,-0.0415277,0.0578429,0.378197,0.479261,0.246488,0.294167,1.18729,1.14453,1.15778,0.833307,0.971855,1.01848,0.929545,1.03501,0.121436,0.664287,0.793004,1.3601,1.38625,-0.707032,0.855719,0.307244,0.692056,-1.27855,0.411539,0.602549,0.274462,-0.163331,0.455061,0.90936,0.971406,1.06357,1.01586,0.638034,1.03317,0.431792,1.00614,0.868067,-0.699228,-0.343899,0.0928885,0.281674,1.35007,0.646755,-1.96326,-2.46536,1.14083,1.33069,1.16547,0.622958,0.685432,1.00209,0.836761,0.364589,-0.123669,0.569347,0.634227,1.38643,1.42814,-1.12137,0.920501,0.275633,0.855994,-1.52435,-0.119696,0.398641,-0.655837,-0.135889,0.611949,0.776717,0.715043,0.73997,1.2988,0.869762,0.751792,0.711409,0.766843,0.749161,1.13013,1.08917,1.00262,0.635812,1.02097,0.704941,0.703931,0.684158,0.808293,0.805816,0.763822,0.991148,1.16871,0.805798,
1.925,0.762143,0.456579,0.825335,0.573348,0.980809,0.958415,-0.431611,-0.587225,-0.0416278,0.0572556,0.378394,0.479526,0.246301,0.293464,1.18578,1.14343,1.157,0.829017,0.968145,1.01561,0.927513,1.0309,0.115608,0.662981,0.793814,1.36005,1.38625,-0.710581,0.856418,0.308106,0.692651,-1.27969,0.410145,0.602721,0.274235,-0.163428,0.455346,0.910119,0.971751,1.0639,1.01586,0.637969,1.03241,0.431145,1.00566,0.868223,-0.699972,-0.343145,0.0904278,0.281445,1.35087,0.64773,-1.96316,-2.46537,1.1394,1.32951,1.16463,0.619053,0.680754,0.998388,0.83459,0.362558,-0.128599,0.568633,0.634626,1.38692,1.42827,-1.1253,0.921208,0.276449,0.856776,-1.52555,-0.121457,0.398844,-0.655757,-0.13636,0.612639,0.777601,0.717075,0.74172,1.29695,0.868378,0.749997,0.709898,0.767753,0.749593,1.13244,1.08643,0.999696,0.636091,1.01943,0.703322,0.701935,0.681945,0.808993,0.805962,0.765169,0.988668,1.16475,0.805992,
1.93,0.762248,0.456611,0.824996,0.572637,0.980386,0.958654,-0.43234,-0.586475,-0.0417148,0.0567201,0.378586,0.479781,0.246146,0.292937,1.18416,1.14224,1.15615,0.824688,0.964324,1.01263,0.925464,1.02645,0.10959,0.661634,0.794669,1.35999,1.38624,-0.7143,0.85708,0.309072,0.693308,-1.28091,0.40861,0.602871,0.274378,-0.163526,0.455621,0.910933,0.972181,1.06431,1.01583,0.637873,1.03158,0.430414,1.00514,0.868325,-0.700757,-0.34248,0.0880717,0.281226,1.35173,0.648793,-1.96304,-2.46535,1.13792,1.32827,1.16375,0.615147,0.676019,0.994601,0.832385,0.3605,-0.133622,0.567891,0.635035,1.38737,1.42841,-1.12932,0.921926,0.277336,0.857626,-1.52683,-0.123335,0.399041,-0.655557,-0.136812,0.613495,0.778517,0.718949,0.74327,1.29496,0.866905,0.748006,0.708221,0.768649,0.749992,1.13476,1.08356,0.996601,0.636389,1.01777,0.70162,0.699835,0.680396,0.809663,0.806067,0.766501,0.986027,1.16055,0.806169,
1.935,0.762377,0.456679,0.824638,0.57187,0.979953,0.95899,-0.433149,-0.585803,-0.0417884,0.0562406,0.378772,0.480023,0.246023,0.292561,1.18245,1.14097,1.15522,0.820344,0.960417,1.00955,0.923398,1.02196,0.103428,0.660287,0.795558,1.36002,1.38636,-0.718164,0.857842,0.310128,0.69402,-1.28223,0.406942,0.603017,0.274504,-0.163624,0.455885,0.911766,0.972676,1.06476,1.01577,0.637758,1.0307,0.429604,1.00457,0.868396,-0.701591,-0.341896,0.0858295,0.281018,1.35263,0.649923,-1.96289,-2.46528,1.13639,1.32695,1.16282,0.61126,0.671255,0.990756,0.830158,0.358428,-0.138702,0.567122,0.635468,1.3877,1.42855,-1.1334,0.922647,0.278284,0.858528,-1.52818,-0.125337,0.399233,-0.655439,-0.137243,0.61443,0.779429,0.720519,0.744491,1.29285,0.865333,0.746062,0.706477,0.769557,0.75036,1.13718,1.08057,0.993348,0.636707,1.01602,0.699876,0.697706,0.676844,0.81031,0.806135,0.767828,0.983294,1.15641,0.806334,
1.94,0.76252,0.456783,0.824237,0.571041,0.979493,0.959353,-0.434042,-0.585201,-0.0418479,0.0558132,0.378952,0.480251,0.245926,0.292286,1.18066,1.13962,1.15424,0.815987,0.956429,1.00638,0.921328,1.01742,0.0971373,0.658952,0.796485,1.3601,1.38653,-0.722161,0.858711,0.311263,0.694783,-1.28365,0.40516,0.603163,0.274637,-0.16372,0.456138,0.912593,0.973193,1.06523,1.0157,0.637635,1.02978,0.42873,1.00395,0.868442,-0.702477,-0.341385,0.0837007,0.28082,1.35354,0.651113,-1.96273,-2.46517,1.13477,1.32554,1.16184,0.607392,0.666471,0.986862,0.827914,0.356346,-0.143827,0.566332,0.635924,1.38795,1.4287,-1.13752,0.923371,0.279287,0.859468,-1.52961,-0.12746,0.399418,-0.655311,-0.137652,0.615437,0.780318,0.721675,0.745304,1.29062,0.863674,0.743852,0.704596,0.770476,0.750703,1.13968,1.07747,0.989958,0.637049,1.0142,0.698097,0.695528,0.676534,0.810945,0.806174,0.769154,0.980494,1.15145,0.806489,
1.945,0.762681,0.456866,0.823768,0.570156,0.978956,0.959698,-0.435022,-0.584664,-0.0418948,0.0554422,0.379126,0.480445,0.245853,0.292086,1.17881,1.13822,1.1532,0.811621,0.952372,1.00313,0.919258,1.01284,0.0907415,0.657625,0.797442,1.36018,1.38669,-0.726273,0.859602,0.312468,0.69559,-1.28515,0.403286,0.603279,0.274784,-0.163816,0.456376,0.913317,0.973675,1.06566,1.01561,0.637504,1.02881,0.427801,1.00328,0.868437,-0.703418,-0.34094,0.0816861,0.280634,1.35427,0.652201,-1.96258,-2.46504,1.13306,1.32404,1.1608,0.603548,0.661677,0.98293,0.825657,0.354259,-0.148982,0.565522,0.636392,1.388,1.42882,-1.14167,0.924067,0.28034,0.860432,-1.5311,-0.129686,0.399597,-0.655171,-0.138036,0.616423,0.781071,0.722368,0.745693,1.28829,0.861931,0.741797,0.702618,0.771376,0.751025,1.14217,1.07429,0.986452,0.63741,1.0123,0.696247,0.693289,0.671873,0.811541,0.806187,0.770449,0.977636,1.14825,0.80663,
1.95,0.762855,0.456957,0.82323,0.569219,0.978357,0.960037,-0.436084,-0.584185,-0.0419285,0.0551256,0.379293,0.480598,0.245801,0.291947,1.17689,1.13677,1.15212,0.807252,0.948258,0.999803,0.917191,1.00823,0.0842655,0.656311,0.798433,1.36029,1.38687,-0.730486,0.86051,0.313732,0.696436,-1.28673,0.401338,0.603389,0.274957,-0.16391,0.4566,0.9139,0.974056,1.06599,1.01551,0.637372,1.02782,0.426829,1.00255,0.868391,-0.704413,-0.340552,0.0797846,0.280458,1.35482,0.653129,-1.96243,-2.46493,1.13126,1.32245,1.15969,0.59973,0.656884,0.978973,0.823391,0.352172,-0.154153,0.564695,0.636871,1.38794,1.42892,-1.14584,0.924731,0.281435,0.861411,-1.53265,-0.131999,0.39977,-0.65501,-0.138397,0.617366,0.781656,0.722614,0.745696,1.28588,0.860131,0.73933,0.700577,0.772262,0.751331,1.14468,1.07104,0.982854,0.637792,1.01036,0.694429,0.691049,0.67222,0.812115,0.806181,0.771723,0.974742,1.14193,0.806757,
1.955,0.763051,0.45706,0.822649,0.568247,0.977729,0.960414,-0.437224,-0.583759,-0.0419498,0.0548547,0.379455,0.480708,0.245766,0.29186,1.17492,1.13527,1.15099,0.802884,0.944097,0.996426,0.91513,1.00359,0.0777351,0.655022,0.799454,1.36042,1.38708,-0.73478,0.861463,0.315048,0.697316,-1.28838,0.399331,0.603495,0.275177,-0.164003,0.456808,0.914341,0.974282,1.06618,1.0154,0.637239,1.0268,0.425823,1.00178,0.868321,-0.705459,-0.340216,0.0779948,0.280293,1.35521,0.653885,-1.96228,-2.46483,1.12938,1.3208,1.15852,0.595943,0.652103,0.975002,0.821123,0.350089,-0.159325,0.563857,0.637362,1.38777,1.42902,-1.15001,0.925371,0.282568,0.862402,-1.53426,-0.134381,0.399936,-0.654813,-0.138733,0.618272,0.78208,0.722476,0.745389,1.28342,0.858291,0.737435,0.698503,0.773143,0.751625,1.14721,1.06773,0.979186,0.638196,1.00838,0.692537,0.688791,0.667639,0.812675,0.806159,0.772981,0.971822,1.13956,0.806874,
1.96,0.763265,0.457184,0.822028,0.567245,0.977061,0.960774,-0.438433,-0.583379,-0.0419597,0.0546362,0.37961,0.480774,0.245745,0.291818,1.17292,1.13373,1.14982,0.798521,0.939901,0.993004,0.913078,0.998943,0.0711791,0.653751,0.800506,1.36056,1.38729,-0.739138,0.862423,0.316405,0.698224,-1.2901,0.397281,0.603592,0.275469,-0.164094,0.457,0.914636,0.974325,1.0662,1.01528,0.637108,1.02576,0.424789,1.00096,0.868226,-0.70655,-0.339923,0.0763131,0.280139,1.35542,0.65445,-1.96213,-2.46472,1.12744,1.31909,1.15729,0.592191,0.647346,0.971029,0.818856,0.348017,-0.164482,0.563013,0.637859,1.38753,1.4291,-1.15417,0.92599,0.283733,0.863403,-1.53592,-0.136817,0.400096,-0.654561,-0.139046,0.619137,0.782346,0.722045,0.744862,1.28091,0.856409,0.734234,0.696376,0.774014,0.751911,1.14976,1.06439,0.975471,0.638619,1.00638,0.690723,0.686533,0.667923,0.813216,0.806127,0.77422,0.968889,1.13541,0.806981,
1.965,0.763502,0.457339,0.821381,0.566224,0.976372,0.961142,-0.439703,-0.583041,-0.0419594,0.0544635,0.379759,0.480801,0.245736,0.291811,1.17088,1.13214,1.14861,0.794168,0.935681,0.989551,0.911037,0.994296,0.0646267,0.652499,0.801583,1.36069,1.38751,-0.743542,0.863414,0.317796,0.699154,-1.29187,0.3952,0.603673,0.275853,-0.164183,0.457175,0.914803,0.974194,1.06607,1.01514,0.636974,1.0247,0.423735,1.00012,0.868118,-0.707682,-0.339666,0.0747357,0.279994,1.3555,0.654844,-1.96198,-2.46461,1.12547,1.31735,1.15601,0.588476,0.642621,0.967066,0.816597,0.345959,-0.169612,0.562164,0.638361,1.38725,1.42915,-1.1583,0.926597,0.284925,0.864413,-1.53762,-0.139292,0.400249,-0.654236,-0.139336,0.619974,0.782472,0.721421,0.744208,1.27838,0.85449,0.733045,0.694249,0.774879,0.752193,1.15231,1.06103,0.971732,0.639063,1.00438,0.688808,0.684289,0.663529,0.813743,0.806086,0.775441,0.965953,1.13146,0.807083,
1.97,0.763757,0.457534,0.82071,0.565192,0.975653,0.961472,-0.441026,-0.582746,-0.0419492,0.0543323,0.379902,0.480791,0.245758,0.291892,1.16882,1.13051,1.14737,0.789827,0.93145,0.986079,0.909008,0.989658,0.0581107,0.651273,0.802687,1.3608,1.38771,-0.747974,0.864394,0.319207,0.700105,-1.29368,0.393109,0.603744,0.276338,-0.16427,0.457333,0.914855,0.97392,1.06582,1.015,0.63684,1.02362,0.422667,0.999242,0.867997,-0.708847,-0.33944,0.0732601,0.279859,1.35547,0.655085,-1.96183,-2.46449,1.12347,1.31559,1.15469,0.584804,0.63794,0.963123,0.814348,0.34392,-0.174701,0.561318,0.638861,1.38697,1.42919,-1.16241,0.927197,0.286138,0.865435,-1.53935,-0.141795,0.400396,-0.653823,-0.139604,0.620793,0.782482,0.7207,0.743514,1.27584,0.852561,0.728445,0.692096,0.775735,0.752475,1.15486,1.05766,0.96799,0.639522,1.00237,0.687061,0.682049,0.663642,0.814258,0.806042,0.776645,0.963028,1.12737,0.807178,
1.975,0.764031,0.457771,0.82003,0.56415,0.974939,0.961807,-0.442394,-0.582481,-0.0419307,0.0542404,0.38004,0.480755,0.245773,0.291956,1.16674,1.12885,1.1461,0.785504,0.927218,0.982599,0.906992,0.985037,0.0516686,0.650055,0.80381,1.36093,1.38792,-0.752416,0.865402,0.320636,0.701065,-1.29553,0.391009,0.603799,0.276922,-0.164354,0.457475,0.91483,0.973563,1.0655,1.01484,0.6367,1.02254,0.42159,0.998346,0.867873,-0.71004,-0.339237,0.0718819,0.279733,1.35538,0.655226,-1.96168,-2.46438,1.12148,1.31383,1.15333,0.581178,0.633312,0.95921,0.812115,0.341903,-0.179738,0.56047,0.63936,1.3867,1.42921,-1.16646,0.927798,0.287368,0.866466,-1.54111,-0.144317,0.400537,-0.653317,-0.139853,0.621587,0.78241,0.719969,0.742854,1.27331,0.85059,0.728333,0.689966,0.776591,0.752761,1.15742,1.05431,0.964265,0.639994,1.00038,0.685112,0.679852,0.659447,0.814762,0.805996,0.777831,0.960124,1.12319,0.807269,
1.98,0.764311,0.458049,0.819344,0.563109,0.974216,0.962073,-0.443796,-0.582238,-0.041905,0.0541836,0.380173,0.480693,0.245784,0.292012,1.16465,1.12716,1.14482,0.7812,0.922995,0.979123,0.904992,0.980442,0.0453459,0.64884,0.804949,1.36105,1.38814,-0.756852,0.866352,0.322078,0.702026,-1.2974,0.388909,0.603848,0.277595,-0.164435,0.457601,0.914738,0.973186,1.06516,1.01468,0.636555,1.02144,0.420508,0.997431,0.867731,-0.711252,-0.339052,0.0705984,0.279616,1.35521,0.655274,-1.96153,-2.46427,1.1195,1.31209,1.15196,0.577603,0.628745,0.955337,0.809903,0.339914,-0.18471,0.559624,0.639844,1.38646,1.42919,-1.17046,0.928385,0.288612,0.867506,-1.54288,-0.146849,0.400672,-0.65272,-0.140083,0.622277,0.782262,0.719297,0.742284,1.27081,0.848628,0.724375,0.687829,0.777436,0.753052,1.15997,1.05098,0.960577,0.640469,0.998416,0.683494,0.677639,0.659427,0.815247,0.805951,0.778988,0.957255,1.11898,0.807348,
1.985,0.764593,0.458364,0.818653,0.562069,0.973499,0.962303,-0.445219,-0.582014,-0.0418732,0.0541551,0.380302,0.480612,0.245796,0.292069,1.16255,1.12545,1.14353,0.776918,0.918791,0.975663,0.903006,0.97588,0.0392013,0.647614,0.806101,1.36117,1.38832,-0.761266,0.867235,0.323525,0.702985,-1.29928,0.38682,0.603896,0.278337,-0.164514,0.457712,0.914604,0.972846,1.06487,1.0145,0.636404,1.02035,0.419426,0.996506,0.867578,-0.712479,-0.338882,0.0694004,0.279508,1.35501,0.655252,-1.96138,-2.46416,1.11755,1.31037,1.15058,0.574084,0.62425,0.951513,0.807714,0.337955,-0.189607,0.558781,0.640318,1.38626,1.42918,-1.1744,0.928958,0.289863,0.868549,-1.54467,-0.149379,0.400802,-0.65204,-0.140295,0.622848,0.782065,0.718737,0.741843,1.26834,0.846667,0.723818,0.685732,0.778274,0.753353,1.1625,1.0477,0.956942,0.640949,0.996478,0.681459,0.675512,0.655385,0.815723,0.805907,0.780124,0.954426,1.11478,0.807412,
1.99,0.76488,0.458708,0.817976,0.561035,0.972837,0.962574,-0.44665,-0.581804,-0.0418371,0.0541508,0.380426,0.48053,0.245808,0.29213,1.16047,1.12375,1.14226,0.772663,0.914616,0.972226,0.901037,0.971359,0.0333189,0.646394,0.807261,1.36131,1.38848,-0.765644,0.868129,0.32497,0.703937,-1.30117,0.384752,0.603962,0.279126,-0.164588,0.457813,0.9145,0.972594,1.06467,1.01434,0.636247,1.01926,0.418348,0.995585,0.867443,-0.713714,-0.338724,0.0682889,0.279407,1.3549,0.655269,-1.96123,-2.46404,1.11563,1.30869,1.1492,0.570625,0.619833,0.947747,0.805554,0.33603,-0.194419,0.557946,0.640793,1.38615,1.42919,-1.17826,0.929544,0.291118,0.869592,-1.54646,-0.1519,0.400925,-0.651287,-0.14049,0.62338,0.781906,0.718324,0.741554,1.26593,0.844723,0.71978,0.683658,0.77912,0.753664,1.16504,1.04446,0.953375,0.641437,0.994588,0.68009,0.673387,0.655334,0.816208,0.805866,0.781257,0.951648,1.11062,0.80747,
1.995,0.76517,0.459078,0.817334,0.560014,0.972266,0.962928,-0.448078,-0.581606,-0.0417969,0.0541683,0.380546,0.48047,0.245822,0.292196,1.15839,1.12206,1.14101,0.768436,0.910478,0.968824,0.899082,0.966884,0.0278302,0.645199,0.808416,1.36149,1.38866,-0.769971,0.869111,0.326405,0.704879,-1.30306,0.382714,0.60405,0.279942,-0.16466,0.457907,0.914506,0.972469,1.06458,1.01418,0.63609,1.01817,0.417276,0.994681,0.867345,-0.714952,-0.338575,0.0672522,0.279314,1.355,0.655462,-1.96108,-2.46393,1.11377,1.30704,1.14784,0.567231,0.615502,0.944046,0.803426,0.334142,-0.199138,0.557122,0.641281,1.38613,1.42925,-1.18204,0.930171,0.292372,0.870627,-1.54825,-0.154403,0.401044,-0.650478,-0.14067,0.623954,0.781884,0.718081,0.741428,1.26357,0.842781,0.719385,0.681636,0.77999,0.753987,1.16761,1.04128,0.949891,0.64193,0.992757,0.677877,0.671381,0.651434,0.816706,0.805828,0.782393,0.948927,1.10654,0.807529,
2,0.765396,0.459465,0.816715,0.559008,0.971727,0.963155,-0.449497,-0.581418,-0.041755,0.0542032,0.380662,0.480438,0.245838,0.292266,1.15634,1.12039,1.1398,0.764243,0.906385,0.965464,0.897146,0.962464,0.0229586,0.644027,0.809447,1.36167,1.38879,-0.774236,0.870006,0.327824,0.705807,-1.30493,0.380714,0.604133,0.280766,-0.164728,0.458,0.914644,0.9725,1.06463,1.01397,0.635913,1.01709,0.416215,0.993801,0.867252,-0.716188,-0.338434,0.066291,0.279227,1.3553,0.655876,-1.96093,-2.46381,1.11196,1.30544,1.1465,0.563906,0.611264,0.940416,0.801334,0.332295,-0.203755,0.556311,0.64174,1.38623,1.42933,-1.18573,0.930823,0.293622,0.871647,-1.55003,-0.156884,0.401157,-0.649626,-0.140836,0.624559,0.782023,0.718014,0.741462,1.26129,0.840872,0.715634,0.679624,0.780861,0.754323,1.17016,1.03818,0.946499,0.642394,0.990989,0.676871,0.669345,0.65141,0.817201,0.805795,0.783516,0.946268,1.10256,0.807576,
2.005,0.765596,0.459864,0.8161,0.558017,0.971193,0.963355,-0.450897,-0.581238,-0.0417118,0.054247,0.380775,0.480432,0.245854,0.292337,1.15431,1.11877,1.13863,0.760086,0.902345,0.962154,0.895228,0.958102,0.0191057,0.642878,0.810358,1.36183,1.38888,-0.778427,0.870848,0.329222,0.70672,-1.30678,0.378758,0.604208,0.281582,-0.164792,0.458092,0.914899,0.972697,1.06484,1.01373,0.635715,1.01603,0.415165,0.992945,0.867155,-0.717419,-0.338299,0.0653953,0.279148,1.35576,0.656508,-1.96078,-2.4637,1.11021,1.30388,1.14518,0.560655,0.607126,0.936864,0.79928,0.33049,-0.208263,0.555511,0.642177,1.38644,1.42942,-1.18933,0.931486,0.294866,0.872645,-1.55179,-0.159336,0.401266,-0.64874,-0.140988,0.625168,0.782308,0.718121,0.741647,1.25908,0.838977,0.715148,0.677673,0.781721,0.754673,1.17267,1.03515,0.943211,0.642849,0.989282,0.674356,0.667447,0.647629,0.817681,0.805765,0.784614,0.943673,1.0987,0.807612,
2.01,0.765789,0.460269,0.815497,0.557051,0.97068,0.963571,-0.452275,-0.581066,-0.0416685,0.0542995,0.380884,0.480457,0.24587,0.292409,1.15232,1.1172,1.13752,0.75597,0.898365,0.958901,0.89333,0.953806,0.0169951,0.641759,0.811182,1.36201,1.38895,-0.782536,0.871692,0.330594,0.707614,-1.3086,0.376852,0.604292,0.28238,-0.164853,0.458186,0.915276,0.973053,1.06518,1.01348,0.635503,1.01498,0.414131,0.992118,0.867067,-0.718638,-0.338168,0.0645656,0.279074,1.35642,0.657399,-1.96063,-2.46358,1.10852,1.30237,1.14389,0.557482,0.603093,0.933396,0.797268,0.328731,-0.212657,0.554727,0.642602,1.38678,1.42954,-1.19283,0.932163,0.296099,0.873618,-1.55355,-0.161755,0.401369,-0.647833,-0.141128,0.625812,0.782752,0.718385,0.741962,1.25696,0.837138,0.711532,0.675762,0.782582,0.755036,1.17516,1.03221,0.940031,0.643301,0.987639,0.67376,0.665512,0.647667,0.81816,0.805739,0.785687,0.941149,1.09495,0.807641,
2.015,0.765997,0.460675,0.81488,0.5561,0.970156,0.963792,-0.453625,-0.580898,-0.0416266,0.054352,0.380991,0.4805,0.245887,0.292479,1.15038,1.1157,1.13647,0.751902,0.894453,0.955711,0.891452,0.949581,-0.0244019,0.640666,0.811972,1.36215,1.38899,-0.786554,0.872548,0.331936,0.708486,-1.31039,0.374999,0.604358,0.28315,-0.16491,0.458281,0.915717,0.973534,1.06562,1.01323,0.635285,1.01394,0.413113,0.991311,0.866971,-0.719845,-0.338041,0.0637959,0.279006,1.35714,0.658476,-1.96048,-2.46346,1.10689,1.30091,1.14264,0.55439,0.59917,0.930017,0.7953,0.327018,-0.216931,0.553955,0.64302,1.3872,1.42963,-1.19623,0.93283,0.29732,0.874564,-1.55528,-0.164136,0.401468,-0.646911,-0.141257,0.626429,0.783281,0.718785,0.742383,1.25492,0.835306,0.711059,0.673882,0.783421,0.755411,1.17758,1.02936,0.936965,0.643751,0.986048,0.671197,0.663713,0.643978,0.818609,0.805717,0.786719,0.938691,1.09131,0.807664,
2.02,0.766208,0.461077,0.81426,0.555175,0.969628,0.964004,-0.454945,-0.580736,-0.041587,0.0544066,0.381096,0.480556,0.245902,0.292545,1.14848,1.11427,1.13549,0.747886,0.890614,0.95259,0.889598,0.945432,-0.016484,0.639602,0.812744,1.36228,1.38901,-0.790474,0.873378,0.333246,0.709335,-1.31214,0.373201,0.60442,0.283887,-0.164963,0.458377,0.916186,0.974083,1.06611,1.01299,0.635069,1.01292,0.412113,0.990524,0.866867,-0.721035,-0.337917,0.0630803,0.278942,1.35791,0.659681,-1.96033,-2.46334,1.10532,1.29951,1.14143,0.551383,0.59536,0.926729,0.793379,0.325355,-0.221082,0.553197,0.643429,1.38769,1.42972,-1.19953,0.93348,0.298525,0.875481,-1.55698,-0.166475,0.401563,-0.645981,-0.141375,0.627006,0.783852,0.719292,0.742881,1.25296,0.833542,0.707904,0.672082,0.784234,0.755796,1.17993,1.0266,0.934017,0.644192,0.984508,0.670768,0.661869,0.644119,0.819039,0.805698,0.787712,0.936302,1.08777,0.807682,
2.025,0.766453,0.461474,0.813641,0.554272,0.969121,0.964305,-0.456233,-0.580578,-0.04155,0.0544548,0.381198,0.480619,0.245916,0.292607,1.14665,1.11291,1.13457,0.743929,0.886854,0.949543,0.887769,0.941367,-0.0167744,0.638575,0.813548,1.36241,1.38902,-0.79429,0.874287,0.33452,0.710159,-1.31385,0.371462,0.604471,0.284586,-0.165013,0.458472,0.91665,0.974631,1.06659,1.01278,0.634866,1.01192,0.411133,0.989751,0.866768,-0.722205,-0.33805,0.0624167,0.278884,1.35867,0.660968,-1.96017,-2.46322,1.10383,1.29816,1.14026,0.548463,0.591669,0.923538,0.791508,0.323741,-0.225104,0.552449,0.643849,1.38819,1.42979,-1.20272,0.934114,0.299713,0.87637,-1.55866,-0.168769,0.401653,-0.645048,-0.141483,0.627519,0.784425,0.719876,0.743431,1.2511,0.831791,0.707197,0.670311,0.785027,0.756192,1.18223,1.02393,0.931186,0.644639,0.983015,0.668371,0.66019,0.640529,0.819445,0.805682,0.788657,0.933983,1.08433,0.807704,
2.03,0.766687,0.461862,0.813018,0.553392,0.968602,0.964532,-0.457487,-0.580423,-0.0415166,0.0544963,0.381298,0.480678,0.245929,0.292662,1.14488,1.11163,1.1337,0.740035,0.883177,0.946571,0.885967,0.937387,-0.0213017,0.637568,0.814358,1.3625,1.389,-0.798,0.875106,0.335758,0.710957,-1.31552,0.369781,0.604506,0.285246,-0.165059,0.458566,0.917057,0.975109,1.067,1.01257,0.634674,1.01093,0.410174,0.988989,0.866649,-0.723354,-0.33807,0.0618012,0.27883,1.35932,0.662214,-1.96002,-2.4631,1.10241,1.29687,1.13913,0.545634,0.588096,0.920444,0.789687,0.322179,-0.228997,0.551708,0.644709,1.38866,1.42983,-1.2058,0.934705,0.300883,0.877231,-1.56031,-0.171015,0.401667,-0.644116,-0.141583,0.62792,0.78493,0.720513,0.744012,1.24932,0.830113,0.704524,0.668608,0.785786,0.756595,1.18443,1.02135,0.928473,0.645065,0.981562,0.667931,0.658431,0.640779,0.81982,0.805668,0.789556,0.931732,1.08097,0.807718,
2.035,0.766941,0.462241,0.812396,0.552534,0.96809,0.964793,-0.458705,-0.580272,-0.0414876,0.0545291,0.381396,0.480728,0.24594,0.292711,1.14317,1.11042,1.13289,0.736208,0.879585,0.943676,0.884193,0.933495,-0.0267085,0.636591,0.815193,1.36258,1.38901,-0.8016,0.875932,0.336958,0.711728,-1.31713,0.368158,0.604518,0.285865,-0.165102,0.458658,0.917372,0.97546,1.06729,1.01239,0.634493,1.00995,0.409237,0.98823,0.866518,-0.72448,-0.338079,0.0612276,0.27878,1.35983,0.663356,-1.95987,-2.46297,1.10105,1.29565,1.13804,0.542897,0.584646,0.91745,0.787919,0.32067,-0.232757,0.550971,0.645172,1.38903,1.42983,-1.20877,0.935255,0.302031,0.878066,-1.56192,-0.173214,0.401708,-0.643188,-0.141674,0.628177,0.785322,0.721187,0.744617,1.24762,0.828463,0.703543,0.666949,0.78652,0.757005,1.18656,1.01887,0.925876,0.645488,0.980149,0.665769,0.656865,0.637405,0.820165,0.805656,0.790404,0.929543,1.0777,0.80773,
2.04,0.767187,0.46261,0.811756,0.551697,0.967548,0.964974,-0.459884,-0.58032,-0.0414629,0.054551,0.381493,0.480755,0.245949,0.292755,1.14153,1.10927,1.13212,0.732455,0.876084,0.940863,0.882452,0.929698,-0.0321309,0.635639,0.81604,1.36261,1.38897,-0.80509,0.87664,0.33812,0.712469,-1.3187,0.366595,0.604506,0.286444,-0.165142,0.458747,0.917541,0.975658,1.06744,1.01221,0.634319,1.00899,0.408322,0.987473,0.866355,-0.725581,-0.338082,0.0606981,0.278734,1.36012,0.664263,-1.95986,-2.46285,1.09977,1.29448,1.13701,0.540256,0.581321,0.914559,0.786207,0.319214,-0.236381,0.550238,0.645547,1.38928,1.42978,-1.21162,0.935739,0.303158,0.878875,-1.5635,-0.175361,0.401747,-0.642265,-0.141758,0.628256,0.785536,0.721893,0.745243,1.24601,0.826878,0.70133,0.665338,0.787208,0.757421,1.18858,1.01648,0.923393,0.645893,0.978771,0.66525,0.655209,0.637672,0.820473,0.805643,0.791194,0.927412,1.07452,0.807732,
2.045,0.76746,0.462969,0.811154,0.550893,0.967068,0.965259,-0.461022,-0.580307,-0.0414425,0.0545597,0.381589,0.48077,0.245957,0.292791,1.13996,1.10818,1.13138,0.728777,0.872673,0.93813,0.880744,0.925996,-0.037426,0.634723,0.816915,1.36267,1.389,-0.808469,0.877411,0.339243,0.713179,-1.32022,0.36509,0.604494,0.286983,-0.165178,0.458832,0.917626,0.975704,1.06746,1.01205,0.634158,1.00805,0.40743,0.98672,0.86621,-0.726656,-0.33808,0.0602044,0.278691,1.36034,0.665039,-1.9598,-2.46273,1.09854,1.29336,1.13601,0.537714,0.578123,0.911771,0.784552,0.317814,-0.239867,0.549509,0.645917,1.38945,1.42973,-1.21437,0.936199,0.304262,0.87966,-1.56505,-0.177458,0.401782,-0.641349,-0.141836,0.628243,0.785645,0.72263,0.745895,1.24448,0.825352,0.700114,0.663821,0.787894,0.75784,1.19059,1.01418,0.921019,0.646301,0.97744,0.663442,0.65376,0.634646,0.82078,0.805629,0.791959,0.925329,1.07146,0.807737,
2.05,0.767722,0.463318,0.810557,0.550111,0.966599,0.965522,-0.462121,-0.580292,-0.041427,0.0545554,0.381683,0.480773,0.245964,0.29282,1.13845,1.10713,1.13066,0.725179,0.869354,0.935477,0.879073,0.922389,-0.042573,0.633842,0.817791,1.3627,1.38895,-0.81174,0.878176,0.340327,0.713855,-1.32169,0.363642,0.604474,0.287485,-0.165212,0.458915,0.917627,0.975626,1.06738,1.0119,0.634008,1.00712,0.406562,0.98597,0.866063,-0.727705,-0.338072,0.0597485,0.278651,1.36045,0.665662,-1.95975,-2.46261,1.09738,1.2923,1.13506,0.535273,0.575053,0.909088,0.782955,0.316469,-0.243215,0.548783,0.64628,1.38957,1.42965,-1.21701,0.936631,0.305343,0.880419,-1.56656,-0.179502,0.401815,-0.640442,-0.141907,0.628111,0.785657,0.7234,0.746576,1.24302,0.823837,0.698296,0.662312,0.788558,0.758262,1.19253,1.01196,0.91875,0.646693,0.97615,0.662751,0.652243,0.634813,0.821064,0.805614,0.792684,0.923277,1.06851,0.80774,
2.055,0.767978,0.463657,0.809965,0.549354,0.966145,0.965765,-0.463179,-0.580273,-0.0414162,0.0545401,0.381776,0.480766,0.245969,0.292844,1.13699,1.10611,1.12997,0.721662,0.866126,0.932904,0.877439,0.918879,-0.0475707,0.632994,0.818658,1.36273,1.3889,-0.814906,0.87892,0.341373,0.714497,-1.3231,0.362248,0.604446,0.28795,-0.165243,0.458994,0.917562,0.975474,1.06723,1.01176,0.633865,1.00621,0.405717,0.985228,0.865914,-0.728727,-0.33806,0.0593243,0.278614,1.36048,0.666157,-1.95971,-2.46249,1.09627,1.29129,1.13415,0.532934,0.572111,0.906509,0.781417,0.31518,-0.246425,0.548066,0.646632,1.38967,1.42957,-1.21954,0.937041,0.306399,0.881154,-1.56803,-0.181496,0.401846,-0.639542,-0.141973,0.62789,0.785592,0.724201,0.747283,1.24164,0.82238,0.696903,0.660874,0.789202,0.758684,1.19441,1.00983,0.916579,0.647075,0.974904,0.661259,0.650861,0.63211,0.821331,0.805595,0.793373,0.92128,1.06567,0.807739,
2.06,0.768235,0.463988,0.809393,0.548625,0.965712,0.966021,-0.464198,-0.580252,-0.0414097,0.0545116,0.381625,0.480743,0.245972,0.292863,1.1356,1.10512,1.1293,0.71823,0.862987,0.930409,0.875846,0.915467,-0.0524205,0.632188,0.819506,1.36272,1.38887,-0.817971,0.879594,0.342382,0.715104,-1.32447,0.360908,0.604404,0.288381,-0.165271,0.45907,0.917416,0.975302,1.06708,1.01162,0.633727,1.00532,0.404895,0.984495,0.865757,-0.729722,-0.338043,0.0589297,0.27858,1.36039,0.666455,-1.95967,-2.46237,1.09522,1.29032,1.13328,0.530697,0.569296,0.904034,0.779939,0.313946,-0.249499,0.547363,0.646977,1.38963,1.42948,-1.22196,0.937419,0.307431,0.881861,-1.56946,-0.183438,0.401873,-0.638652,-0.142034,0.62761,0.785429,0.725022,0.748003,1.24032,0.821001,0.69537,0.65949,0.789819,0.759105,1.19621,1.00778,0.9145,0.647446,0.973688,0.660414,0.649496,0.63217,0.821577,0.805573,0.794023,0.919439,1.06291,0.807737,
2.065,0.768468,0.464312,0.808844,0.547924,0.965299,0.96623,-0.465179,-0.580228,-0.0414076,0.0544701,0.381595,0.480705,0.245975,0.292877,1.13426,1.10416,1.12865,0.714884,0.859938,0.927991,0.874296,0.912151,-0.0571253,0.631421,0.82031,1.36272,1.38883,-0.82094,0.880164,0.343354,0.715678,-1.32579,0.359617,0.604369,0.28878,-0.165297,0.459141,0.917215,0.975168,1.06696,1.01147,0.633586,1.00445,0.404097,0.98378,0.865594,-0.730691,-0.338024,0.0585668,0.278549,1.36024,0.666583,-1.95963,-2.46225,1.09422,1.28941,1.13244,0.528561,0.566606,0.901661,0.778521,0.312765,-0.252439,0.546684,0.647303,1.38958,1.42941,-1.22428,0.937767,0.308437,0.882542,-1.57085,-0.185331,0.4019,-0.63777,-0.142091,0.6273,0.7852,0.725839,0.74871,1.23905,0.819692,0.693965,0.658155,0.790418,0.759521,1.19795,1.0058,0.912505,0.647799,0.972512,0.659205,0.648205,0.629808,0.821814,0.805549,0.794644,0.917733,1.06019,0.807727,
2.07,0.768712,0.464631,0.808344,0.547258,0.964952,0.96653,-0.466124,-0.580203,-0.0414088,0.0544176,0.381574,0.480664,0.245977,0.292886,1.13296,1.10323,1.12802,0.711627,0.856977,0.925646,0.872792,0.908933,-0.0616878,0.630703,0.821089,1.36274,1.38881,-0.823815,0.880772,0.344291,0.71622,-1.32706,0.358371,0.604356,0.28915,-0.165321,0.45921,0.917018,0.97512,1.06693,1.01134,0.633451,1.00359,0.403322,0.983093,0.865456,-0.731632,-0.338002,0.0582292,0.27852,1.36014,0.666643,-1.9596,-2.46214,1.09329,1.28855,1.13165,0.526523,0.564036,0.899386,0.77715,0.311636,-0.255252,0.546032,0.647635,1.38954,1.42938,-1.22649,0.938117,0.309419,0.883199,-1.5722,-0.187176,0.401924,-0.636898,-0.142143,0.627051,0.784982,0.726622,0.749373,1.23784,0.818445,0.692602,0.656884,0.791017,0.759932,1.19966,1.00389,0.910585,0.648155,0.971379,0.658286,0.64698,0.629738,0.822058,0.805523,0.795255,0.916099,1.05737,0.807721,
2.075,0.76895,0.464945,0.807906,0.546626,0.964682,0.966863,-0.467034,-0.580176,-0.0414138,0.0543542,0.381562,0.480637,0.245979,0.292893,1.13171,1.10232,1.12742,0.708463,0.854103,0.923373,0.871334,0.905812,-0.0661115,0.630038,0.821833,1.36277,1.3888,-0.826603,0.88142,0.345196,0.716734,-1.32829,0.357168,0.604367,0.289494,-0.165344,0.459278,0.916898,0.975199,1.06701,1.01121,0.633319,1.00277,0.402569,0.982439,0.865351,-0.732547,-0.337979,0.057915,0.278493,1.36019,0.666761,-1.95957,-2.46202,1.09242,1.28775,1.1309,0.524575,0.56158,0.897206,0.775837,0.310557,-0.257945,0.545411,0.647968,1.3896,1.4294,-1.22861,0.938495,0.310375,0.883837,-1.57352,-0.188975,0.401946,-0.636037,-0.142192,0.626936,0.78486,0.727336,0.749962,1.23667,0.817256,0.691304,0.655668,0.791623,0.760334,1.20137,1.00204,0.908732,0.648504,0.9703,0.65729,0.645823,0.627705,0.822312,0.805496,0.795862,0.914532,1.04966,0.807721,
2.08,0.769181,0.465258,0.807512,0.546022,0.964455,0.967173,-0.467912,-0.580148,-0.0414218,0.0542842,0.381556,0.480633,0.245979,0.292897,1.1305,1.10143,1.12684,0.705393,0.851314,0.921168,0.869924,0.90279,-0.0703996,0.629418,0.822541,1.36279,1.38879,-0.829307,0.882078,0.346071,0.717223,-1.32948,0.356003,0.604388,0.289817,-0.165364,0.459346,0.916887,0.975437,1.06724,1.01108,0.633189,1.00197,0.401839,0.981821,0.865267,-0.733435,-0.337955,0.057624,0.278468,1.3604,0.667016,-1.95955,-2.46205,1.09163,1.28702,1.13019,0.522712,0.55923,0.895114,0.774577,0.309525,-0.260522,0.544818,0.64829,1.38979,1.42944,-1.23064,0.938901,0.311306,0.88446,-1.5748,-0.190726,0.401967,-0.635188,-0.142237,0.626959,0.784869,0.727956,0.750454,1.23554,0.816097,0.690041,0.654491,0.792227,0.760724,1.20304,1.00024,0.906936,0.648846,0.969279,0.656394,0.644712,0.627508,0.822563,0.80547,0.796454,0.913027,1.05189,0.807722,
2.085,0.769409,0.46557,0.807174,0.545448,0.964275,0.9675,-0.468762,-0.58012,-0.0414323,0.0542054,0.381556,0.480644,0.24598,0.292899,1.12933,1.10058,1.1263,0.702421,0.84861,0.919029,0.868564,0.899864,-0.0745559,0.628842,0.823216,1.36281,1.38882,-0.831933,0.88265,0.346919,0.717691,-1.33063,0.354875,0.60442,0.290122,-0.165383,0.459415,0.916969,0.975849,1.06762,1.01095,0.633063,1.0012,0.401131,0.981238,0.865185,-0.734297,-0.33793,0.0573563,0.278444,1.36069,0.667348,-1.95952,-2.46204,1.09091,1.28637,1.12953,0.520926,0.556975,0.893104,0.773366,0.308535,-0.262995,0.544251,0.648604,1.38995,1.42952,-1.23259,0.939305,0.312211,0.885072,-1.57604,-0.192428,0.401986,-0.634353,-0.142279,0.627084,0.784977,0.728463,0.750841,1.23444,0.815021,0.688841,0.653368,0.792812,0.7611,1.20466,0.998498,0.90519,0.649175,0.968295,0.655496,0.643647,0.62575,0.8228,0.805446,0.797021,0.911568,1.05025,0.807723,
2.09,0.769659,0.465882,0.806893,0.544902,0.964138,0.967853,-0.469585,-0.580092,-0.0414447,0.0541202,0.38156,0.480665,0.245981,0.2929,1.1282,1.09977,1.12578,0.699549,0.845989,0.916952,0.867255,0.897036,-0.0785847,0.628307,0.823895,1.36281,1.3889,-0.834485,0.88318,0.347741,0.718142,-1.33175,0.353782,0.604454,0.290413,-0.165402,0.459484,0.917126,0.976442,1.06815,1.01085,0.632942,1.00046,0.400444,0.980687,0.865106,-0.735134,-0.337906,0.0571078,0.278423,1.36103,0.667725,-1.9595,-2.46202,1.09028,1.28579,1.12892,0.519207,0.554808,0.891168,0.7722,0.307583,-0.265372,0.54371,0.648913,1.39004,1.42963,-1.23446,0.939698,0.31309,0.885677,-1.57725,-0.19408,0.402005,-0.633534,-0.142319,0.627309,0.785152,0.728851,0.75112,1.23336,0.814009,0.687684,0.652293,0.79338,0.761461,1.20623,0.996798,0.903484,0.649506,0.967346,0.654651,0.64263,0.625452,0.823028,0.805427,0.797566,0.910156,1.0481,0.807728,
2.095,0.769915,0.466196,0.806664,0.544381,0.964047,0.968243,-0.470386,-0.580065,-0.0414589,0.0540327,0.381569,0.480701,0.245981,0.2929,1.12711,1.09898,1.12528,0.696776,0.843447,0.914934,0.865996,0.894304,-0.0824912,0.627815,0.824573,1.36283,1.38897,-0.836969,0.883732,0.348543,0.718581,-1.33283,0.352722,0.604505,0.290695,-0.165419,0.459553,0.917377,0.977199,1.06883,1.01076,0.63283,0.999758,0.399779,0.980166,0.86505,-0.735945,-0.337883,0.0568762,0.278402,1.36149,0.668196,-1.95948,-2.46201,1.08974,1.2853,1.12837,0.517548,0.552718,0.8893,0.771073,0.306665,-0.267663,0.543194,0.649221,1.39015,1.42977,-1.23626,0.940097,0.313944,0.886279,-1.57841,-0.195683,0.402022,-0.632733,-0.142356,0.627669,0.785424,0.729124,0.7513,1.23229,0.813033,0.686562,0.651249,0.793941,0.761804,1.20778,0.995136,0.90181,0.649838,0.966437,0.653839,0.641662,0.623921,0.823264,0.805414,0.798106,0.908791,1.04632,0.807739,
2.1,0.770167,0.466514,0.806471,0.54388,0.963982,0.968629,-0.471167,-0.580038,-0.041474,0.0539408,0.38158,0.480752,0.245982,0.2929,1.12605,1.09823,1.12481,0.694103,0.840982,0.912971,0.864788,0.891664,-0.0862817,0.627349,0.825243,1.36284,1.38901,-0.839389,0.884271,0.349326,0.71901,-1.33389,0.351692,0.604564,0.29097,-0.165436,0.459623,0.917721,0.978086,1.0696,1.01067,0.632725,0.999081,0.399132,0.979677,0.865007,-0.736732,-0.337861,0.0566637,0.278383,1.36205,0.668769,-1.95947,-2.462,1.08927,1.28488,1.12788,0.515937,0.550696,0.88749,0.769979,0.305776,-0.269879,0.5427,0.649523,1.39029,1.42994,-1.23799,0.9405,0.314773,0.886879,-1.57955,-0.197236,0.402038,-0.631952,-0.142391,0.628128,0.785793,0.72929,0.751392,1.23123,0.812072,0.68547,0.650231,0.79449,0.76213,1.20929,0.993507,0.900162,0.650164,0.965566,0.653049,0.640723,0.623547,0.823498,0.805409,0.798635,0.907469,1.04442,0.807754,
2.105,0.770421,0.466836,0.806317,0.543399,0.963952,0.969036,-0.471931,-0.580013,-0.0414898,0.0538468,0.381591,0.480822,0.245983,0.292901,1.12502,1.09751,1.12435,0.691527,0.838589,0.911058,0.863629,0.889112,-0.0899633,0.626916,0.825909,1.36286,1.38908,-0.841751,0.884817,0.350093,0.719433,-1.33492,0.350686,0.604645,0.291244,-0.165452,0.459694,0.918175,0.979037,1.07043,1.01059,0.63263,0.998434,0.398505,0.979219,0.864983,-0.737494,-0.33784,0.0564639,0.278366,1.36276,0.669492,-1.95945,-2.46199,1.08888,1.28452,1.12744,0.514367,0.548731,0.885731,0.768914,0.304911,-0.272032,0.542225,0.649819,1.39051,1.43016,-1.23968,0.940915,0.315578,0.887476,-1.58064,-0.198743,0.402053,-0.631194,-0.142425,0.628701,0.786284,0.729361,0.751407,1.23018,0.811155,0.684412,0.649244,0.795032,0.762437,1.21077,0.991905,0.898534,0.65049,0.964735,0.652298,0.639824,0.622198,0.823744,0.805412,0.799165,0.906196,1.04271,0.807773,
2.11,0.770674,0.467163,0.8062,0.542935,0.963948,0.969427,-0.472682,-0.579988,-0.0415055,0.053755,0.381605,0.480904,0.245985,0.292902,1.12402,1.09681,1.1239,0.689044,0.836264,0.909192,0.862516,0.886643,-0.0935449,0.626494,0.826581,1.36288,1.38913,-0.844061,0.885299,0.350848,0.719852,-1.33593,0.349704,0.604742,0.291519,-0.165467,0.459766,0.918727,0.979969,1.07122,1.01053,0.632541,0.997814,0.397894,0.978786,0.864961,-0.738234,-0.337821,0.0562769,0.278349,1.36355,0.670333,-1.95943,-2.46198,1.08855,1.28422,1.12706,0.512828,0.546813,0.884016,0.767871,0.304064,-0.274132,0.541767,0.650107,1.39079,1.4304,-1.24131,0.941321,0.316361,0.88807,-1.58171,-0.200204,0.402067,-0.630459,-0.142456,0.629268,0.786877,0.729348,0.751354,1.22913,0.810247,0.683383,0.648283,0.795557,0.762726,1.21222,0.990326,0.896919,0.650808,0.963936,0.651544,0.638933,0.621768,0.823983,0.805424,0.799682,0.904967,1.04098,0.807791,
2.115,0.770931,0.467495,0.806097,0.542479,0.963958,0.96983,-0.473422,-0.579965,-0.0415213,0.0536631,0.381617,0.481001,0.245986,0.292904,1.12305,1.09611,1.12344,0.686647,0.834,0.907366,0.861446,0.88425,-0.0970364,0.626084,0.827258,1.3629,1.38916,-0.846324,0.885788,0.351593,0.720268,-1.33692,0.34874,0.604842,0.291798,-0.165483,0.459839,0.919366,0.980785,1.07191,1.01047,0.632464,0.997217,0.397299,0.978372,0.864951,-0.738951,-0.337804,0.0561005,0.278334,1.36442,0.671298,-1.95942,-2.46196,1.08825,1.28395,1.12673,0.511312,0.544932,0.882335,0.766845,0.303232,-0.27619,0.541322,0.65039,1.39114,1.43067,-1.24291,0.941726,0.317122,0.888654,-1.58274,-0.201623,0.402081,-0.629749,-0.142486,0.629838,0.787562,0.729258,0.751239,1.22807,0.809343,0.682357,0.647326,0.796069,0.762999,1.21363,0.988765,0.895315,0.651129,0.963168,0.650822,0.638071,0.620547,0.824224,0.805446,0.800195,0.903778,1.03935,0.807812,
2.12,0.771187,0.467833,0.805973,0.542023,0.96394,0.970197,-0.474154,-0.579944,-0.0415364,0.0535734,0.381629,0.481103,0.245988,0.292908,1.1221,1.09543,1.12297,0.68433,0.831791,0.905575,0.860415,0.881924,-0.100448,0.625676,0.827936,1.3629,1.38917,-0.848547,0.88627,0.352331,0.720683,-1.3379,0.347791,0.604927,0.292085,-0.165498,0.459914,0.920039,0.981391,1.07241,1.01041,0.632393,0.996638,0.396717,0.977975,0.864934,-0.739648,-0.337788,0.0559326,0.278319,1.36528,0.672322,-1.9594,-2.46195,1.08795,1.28367,1.12644,0.509811,0.54308,0.88068,0.765829,0.30241,-0.278216,0.540888,0.650664,1.39148,1.43093,-1.24448,0.942117,0.317864,0.889222,-1.58375,-0.203003,0.402094,-0.629062,-0.142515,0.630378,0.788279,0.729099,0.751066,1.22701,0.808429,0.681323,0.646359,0.796556,0.763256,1.215,0.987218,0.893716,0.651449,0.962423,0.650105,0.637216,0.620081,0.824455,0.805477,0.800693,0.902618,1.03772,0.807833,
2.125,0.771433,0.468176,0.805794,0.541555,0.963868,0.970522,-0.47488,-0.579924,-0.0415503,0.0534882,0.381639,0.481206,0.245991,0.292913,1.12116,1.09473,1.1225,0.682083,0.829629,0.903814,0.859417,0.879658,-0.103792,0.625269,0.828592,1.3629,1.38913,-0.850735,0.886758,0.353064,0.721098,-1.33887,0.346855,0.604984,0.292384,-0.165514,0.459988,0.920684,0.981716,1.07266,1.01034,0.632321,0.99607,0.396147,0.97759,0.864908,-0.740326,-0.337775,0.0557753,0.278304,1.36606,0.673334,-1.95939,-2.46194,1.08763,1.28337,1.12617,0.508316,0.541247,0.879043,0.764818,0.301594,-0.280222,0.540464,0.650927,1.39178,1.43116,-1.24602,0.94249,0.318589,0.889768,-1.58472,-0.204348,0.402107,-0.6284,-0.142543,0.630885,0.788965,0.728873,0.750839,1.22595,0.807479,0.680281,0.645374,0.797013,0.7635,1.21632,0.98568,0.89212,0.651767,0.961693,0.649398,0.63637,0.618915,0.824672,0.805519,0.801175,0.901477,1.03614,0.807855,
2.13,0.771675,0.468525,0.805576,0.541079,0.963774,0.970865,-0.475601,-0.579905,-0.041563,0.0534094,0.381646,0.481309,0.245994,0.292919,1.12024,1.09404,1.12201,0.679895,0.827507,0.902078,0.858445,0.877441,-0.107079,0.624867,0.829221,1.36292,1.38911,-0.852894,0.887308,0.353794,0.721512,-1.33983,0.345929,0.605028,0.292695,-0.16553,0.460063,0.92128,0.981719,1.07263,1.01026,0.632252,0.995513,0.395589,0.977208,0.864883,-0.740987,-0.337763,0.0556222,0.278291,1.36678,0.674335,-1.95937,-2.46193,1.08726,1.28301,1.12591,0.50682,0.539423,0.877417,0.763808,0.300781,-0.282217,0.540046,0.651185,1.39204,1.43133,-1.24754,0.942851,0.319299,0.890283,-1.58568,-0.205664,0.402119,-0.627761,-0.14257,0.631335,0.789604,0.728586,0.750561,1.22488,0.806503,0.679256,0.644396,0.797458,0.763732,1.21762,0.98415,0.890525,0.652084,0.96098,0.648695,0.635534,0.618436,0.824888,0.805571,0.801651,0.900357,1.03459,0.807879,
2.135,0.771912,0.468877,0.805304,0.540591,0.963635,0.9712,-0.476321,-0.579889,-0.0415741,0.0533351,0.38165,0.48141,0.245997,0.292926,1.11932,1.09333,1.12152,0.677758,0.825418,0.90036,0.857496,0.875266,-0.110319,0.624463,0.829828,1.36294,1.38902,-0.85503,0.887916,0.354524,0.721927,-1.34078,0.345009,0.605061,0.293022,-0.165545,0.460138,0.921808,0.981398,1.07231,1.01018,0.632184,0.99496,0.395039,0.976826,0.864858,-0.741633,-0.337752,0.0554713,0.278277,1.36742,0.675306,-1.95936,-2.46191,1.08681,1.28258,1.12565,0.505316,0.537601,0.875792,0.762794,0.299964,-0.284211,0.539633,0.651443,1.39229,1.43147,-1.24905,0.943208,0.319999,0.890761,-1.58661,-0.206954,0.402131,-0.627145,-0.142597,0.631751,0.790187,0.728239,0.750231,1.22381,0.805506,0.678201,0.643396,0.797885,0.763955,1.21889,0.982622,0.888929,0.652404,0.960279,0.647996,0.634698,0.617275,0.825104,0.805633,0.802125,0.899247,1.03306,0.807907,
2.14,0.772137,0.469233,0.804975,0.54009,0.963444,0.971499,-0.477041,-0.579873,-0.0415834,0.0532673,0.381651,0.481502,0.246001,0.292935,1.11841,1.09262,1.12101,0.67566,0.823353,0.898655,0.856564,0.873122,-0.113523,0.624053,0.830419,1.36297,1.38891,-0.857146,0.888527,0.355255,0.722342,-1.34173,0.344094,0.605089,0.293367,-0.165562,0.460213,0.922227,0.980784,1.07175,1.01009,0.632121,0.994407,0.394498,0.976441,0.864814,-0.742267,-0.337743,0.0553225,0.278263,1.36789,0.676174,-1.95934,-2.4619,1.08626,1.28205,1.12535,0.503797,0.535769,0.874161,0.76177,0.299142,-0.286214,0.53922,0.651695,1.39252,1.43156,-1.25055,0.943537,0.320689,0.891199,-1.58752,-0.208224,0.402143,-0.626549,-0.142623,0.63205,0.790668,0.727831,0.749848,1.22273,0.804487,0.677149,0.642385,0.798286,0.764169,1.22013,0.981096,0.887329,0.652717,0.959582,0.647282,0.633843,0.616795,0.825307,0.805705,0.802587,0.898143,1.03152,0.807931,
2.145,0.772343,0.46959,0.804568,0.539573,0.963157,0.97172,-0.477763,-0.579859,-0.0415914,0.0532039,0.381649,0.481576,0.246005,0.292945,1.1175,1.09189,1.1205,0.673592,0.821306,0.896959,0.855642,0.871002,-0.116702,0.623634,0.830984,1.363,1.38877,-0.859249,0.889109,0.355989,0.722757,-1.34268,0.34318,0.605098,0.293731,-0.165578,0.460287,0.922462,0.979934,1.07098,1.00999,0.632059,0.993848,0.393962,0.976039,0.86473,-0.742892,-0.337735,0.0551737,0.27825,1.36806,0.676816,-1.95932,-2.46188,1.08561,1.28142,1.125,0.502254,0.533921,0.872517,0.760732,0.29831,-0.288236,0.538804,0.651929,1.39265,1.43156,-1.25205,0.943811,0.321374,0.891594,-1.58843,-0.209479,0.402155,-0.625972,-0.14265,0.632136,0.79096,0.727361,0.749411,1.22163,0.803438,0.676054,0.64134,0.798651,0.764376,1.22131,0.979567,0.885724,0.653021,0.95888,0.646554,0.632965,0.615605,0.825487,0.805788,0.803024,0.89704,1.02996,0.807945,
2.15,0.772537,0.469947,0.804057,0.539022,0.962803,0.971919,-0.478487,-0.579846,-0.0415973,0.053147,0.381643,0.48162,0.246009,0.292956,1.11658,1.09116,1.11997,0.671544,0.81927,0.895267,0.854726,0.868896,-0.119866,0.623191,0.83154,1.36304,1.38857,-0.861342,0.889679,0.356727,0.723173,-1.34363,0.342266,0.605076,0.294116,-0.165595,0.460359,0.922471,0.978915,1.07007,1.00989,0.632001,0.993274,0.393429,0.97562,0.864615,-0.74351,-0.337728,0.0550228,0.278237,1.36793,0.677138,-1.95931,-2.46186,1.08486,1.2807,1.1246,0.500682,0.532048,0.870851,0.759672,0.297463,-0.290287,0.538382,0.652162,1.39267,1.43153,-1.25356,0.944023,0.322056,0.891947,-1.58932,-0.210724,0.402167,-0.625413,-0.142676,0.631998,0.791021,0.726828,0.748917,1.22054,0.802326,0.674958,0.640268,0.798982,0.764579,1.22244,0.978034,0.884114,0.653325,0.958168,0.645811,0.632069,0.615119,0.825651,0.805883,0.803446,0.895925,1.0284,0.807951,
2.155,0.772728,0.470303,0.803494,0.538446,0.962453,0.972181,-0.479216,-0.579834,-0.0416016,0.0530967,0.381635,0.48164,0.246014,0.292969,1.11566,1.09042,1.11944,0.669508,0.817239,0.893574,0.853812,0.866798,-0.123021,0.622739,0.832082,1.36312,1.38839,-0.86343,0.890354,0.357473,0.723589,-1.34458,0.34135,0.60504,0.294522,-0.165612,0.460429,0.922313,0.977801,1.06908,1.0098,0.631947,0.992687,0.392896,0.975183,0.864506,-0.744125,-0.337723,0.0548676,0.278223,1.36767,0.677225,-1.95929,-2.46185,1.084,1.27987,1.12413,0.499073,0.530141,0.869156,0.758588,0.296599,-0.292374,0.537952,0.65241,1.39263,1.43146,-1.25508,0.944213,0.322738,0.892263,-1.59021,-0.211965,0.402179,-0.624869,-0.142703,0.63168,0.790924,0.726231,0.748367,1.21943,0.80117,0.673878,0.639206,0.799317,0.764779,1.22359,0.976495,0.882498,0.65363,0.957454,0.645065,0.631175,0.613866,0.825824,0.805989,0.803879,0.894801,1.02684,0.807958,
2.16,0.772904,0.470656,0.802871,0.537841,0.962083,0.97238,-0.479951,-0.579823,-0.0416047,0.0530508,0.381624,0.481631,0.246018,0.292983,1.11474,1.08967,1.1189,0.667477,0.815208,0.891877,0.852893,0.8647,-0.126177,0.622266,0.832606,1.36319,1.38819,-0.865514,0.891016,0.358226,0.724005,-1.34554,0.340428,0.60497,0.29495,-0.16563,0.460496,0.921987,0.976664,1.06809,1.0097,0.631889,0.992082,0.392363,0.974727,0.86438,-0.74474,-0.337718,0.0547061,0.278208,1.3672,0.677038,-1.95927,-2.46183,1.08304,1.27896,1.12359,0.497421,0.528193,0.867426,0.757476,0.295714,-0.294505,0.537512,0.652657,1.39249,1.43135,-1.25662,0.94437,0.323423,0.892552,-1.59111,-0.213207,0.402191,-0.624339,-0.14273,0.631152,0.790657,0.725574,0.747766,1.21832,0.799973,0.672773,0.638121,0.799638,0.764977,1.22472,0.974949,0.880877,0.653925,0.956732,0.644296,0.630254,0.61337,0.825987,0.806106,0.804307,0.89366,1.02527,0.807961,
2.165,0.77303,0.471005,0.802206,0.53723,0.96163,0.972461,-0.480692,-0.579813,-0.0416066,0.0530092,0.381609,0.481598,0.246023,0.292998,1.11381,1.08892,1.11834,0.665442,0.813172,0.890173,0.851966,0.862596,-0.12934,0.621779,0.833031,1.36327,1.38802,-0.867599,0.891654,0.358989,0.72442,-1.34651,0.3395,0.604893,0.295399,-0.165648,0.460561,0.921513,0.975566,1.06715,1.00954,0.631815,0.991463,0.391826,0.974248,0.864234,-0.745357,-0.337713,0.0545381,0.278194,1.3666,0.676647,-1.95925,-2.46181,1.082,1.27798,1.12298,0.495721,0.526199,0.865656,0.756335,0.294806,-0.296687,0.537064,0.65287,1.39233,1.43118,-1.25819,0.944512,0.324114,0.892823,-1.592,-0.214454,0.402204,-0.623821,-0.142757,0.630494,0.790246,0.724865,0.747124,1.2172,0.798822,0.671636,0.63702,0.799955,0.765176,1.22585,0.973396,0.87925,0.654198,0.956012,0.643545,0.629337,0.612079,0.826168,0.806234,0.804751,0.892512,1.0237,0.807954,
2.17,0.773196,0.471348,0.801517,0.536606,0.96119,0.972667,-0.481441,-0.579803,-0.0416075,0.052972,0.381592,0.481548,0.246028,0.293014,1.11287,1.08815,1.11777,0.663396,0.811125,0.888459,0.851027,0.86048,-0.132516,0.62128,0.833495,1.36335,1.38783,-0.869686,0.892422,0.359763,0.724832,-1.34749,0.338564,0.604824,0.29587,-0.165667,0.460623,0.920961,0.97456,1.06629,1.00941,0.631742,0.990829,0.391285,0.973753,0.86411,-0.745978,-0.337708,0.0543617,0.278179,1.36597,0.676132,-1.95923,-2.46179,1.0809,1.27694,1.1223,0.493969,0.524152,0.863842,0.75516,0.293872,-0.298926,0.53661,0.653109,1.39221,1.43103,-1.25979,0.944671,0.324813,0.893091,-1.59291,-0.215711,0.402216,-0.623311,-0.142785,0.629792,0.789768,0.72412,0.746455,1.21607,0.797649,0.670529,0.635927,0.80028,0.765375,1.227,0.971834,0.877619,0.654498,0.955291,0.642776,0.628402,0.611545,0.826367,0.806374,0.805219,0.891345,1.02211,0.807955,
2.175,0.773374,0.471684,0.800816,0.535969,0.960757,0.972858,-0.482198,-0.579794,-0.0416075,0.0529349,0.381575,0.481484,0.246034,0.29303,1.11192,1.08737,1.11719,0.661335,0.809066,0.886733,0.850074,0.858323,-0.135708,0.620759,0.834008,1.36341,1.38767,-0.871777,0.893211,0.360549,0.725242,-1.34847,0.337619,0.604744,0.296362,-0.165685,0.460684,0.920355,0.973691,1.06556,1.0093,0.631669,0.990178,0.390736,0.973247,0.863991,-0.746607,-0.337704,0.0541768,0.278163,1.36531,0.675497,-1.95921,-2.46177,1.07974,1.27585,1.12156,0.492162,0.52205,0.861978,0.75395,0.292911,-0.301225,0.536151,0.653363,1.39205,1.4309,-1.26143,0.944843,0.325522,0.893367,-1.59383,-0.216982,0.402229,-0.622809,-0.142813,0.629068,0.789232,0.723356,0.745777,1.21494,0.796484,0.669418,0.634836,0.800606,0.765577,1.22814,0.970265,0.875985,0.654793,0.95456,0.641994,0.62745,0.610256,0.826572,0.806525,0.805703,0.89015,1.02049,0.80796,
2.18,0.773556,0.472012,0.800118,0.535327,0.960317,0.973005,-0.482964,-0.579785,-0.0416069,0.0528999,0.381556,0.481403,0.246039,0.293047,1.11096,1.08658,1.11659,0.659251,0.806991,0.884993,0.849104,0.856151,-0.138922,0.620219,0.834567,1.36345,1.38756,-0.873873,0.893942,0.361346,0.725649,-1.34947,0.336664,0.604658,0.296874,-0.165704,0.460741,0.919707,0.972992,1.06499,1.0092,0.631597,0.989513,0.390178,0.972728,0.863868,-0.747243,-0.3377,0.0539834,0.278146,1.36459,0.674745,-1.95919,-2.46174,1.07854,1.27473,1.12076,0.490299,0.519889,0.860064,0.752705,0.291923,-0.303587,0.535687,0.653616,1.39181,1.43078,-1.2631,0.945018,0.326244,0.893663,-1.59476,-0.218272,0.402243,-0.62231,-0.142842,0.628343,0.788638,0.722594,0.74511,1.21381,0.795356,0.66831,0.633753,0.800931,0.765783,1.22929,0.968688,0.874351,0.655082,0.953819,0.641206,0.626485,0.609646,0.826786,0.806687,0.806201,0.88893,1.01884,0.807969,
2.185,0.773719,0.472331,0.799447,0.534685,0.959876,0.973083,-0.483739,-0.579777,-0.0416063,0.0528671,0.381536,0.481303,0.246044,0.293065,1.10999,1.08577,1.11596,0.657141,0.804897,0.883238,0.848114,0.853962,-0.142161,0.619658,0.835137,1.3635,1.3875,-0.875974,0.894505,0.362157,0.726052,-1.35048,0.335699,0.604574,0.297404,-0.165723,0.460794,0.919026,0.972489,1.06459,1.00908,0.631513,0.988833,0.389611,0.972197,0.863731,-0.74789,-0.337696,0.0537794,0.278129,1.36384,0.673871,-1.95917,-2.46172,1.07734,1.27361,1.11993,0.488379,0.517669,0.858097,0.751423,0.290907,-0.306013,0.535219,0.653854,1.39152,1.43066,-1.26482,0.945184,0.32698,0.893989,-1.5957,-0.219583,0.402257,-0.621812,-0.142871,0.627608,0.787988,0.721856,0.744476,1.21268,0.794272,0.667214,0.632685,0.801258,0.765995,1.23043,0.967105,0.872718,0.65535,0.953066,0.640407,0.625504,0.60838,0.827012,0.806858,0.806715,0.887685,1.01717,0.807972,
2.19,0.773876,0.472639,0.798819,0.534047,0.959444,0.973152,-0.484522,-0.579768,-0.0416057,0.0528321,0.381517,0.481188,0.24605,0.293082,1.109,1.08493,1.11532,0.655001,0.802784,0.881468,0.847104,0.851752,-0.145425,0.619077,0.835708,1.36353,1.38748,-0.87808,0.894965,0.362979,0.726453,-1.3515,0.334723,0.604494,0.297951,-0.165743,0.460844,0.918338,0.9722,1.06438,1.00896,0.631419,0.988141,0.389032,0.971657,0.863593,-0.748549,-0.337692,0.0535627,0.278111,1.36307,0.672902,-1.95915,-2.4617,1.07613,1.27249,1.11906,0.486405,0.515392,0.856079,0.750107,0.289864,-0.308502,0.534748,0.654084,1.39117,1.43055,-1.26658,0.945349,0.327732,0.894356,-1.59667,-0.22092,0.402271,-0.621313,-0.142901,0.626886,0.787306,0.721165,0.743896,1.21156,0.793223,0.666129,0.631634,0.801593,0.766214,1.23158,0.965518,0.871089,0.655612,0.952301,0.639599,0.624514,0.607682,0.827254,0.807037,0.807252,0.886414,1.01548,0.807973,
2.195,0.774027,0.472937,0.79825,0.533418,0.959031,0.97323,-0.485314,-0.57976,-0.041605,0.0527971,0.381497,0.481063,0.246056,0.293101,1.108,1.08408,1.11465,0.652828,0.800649,0.879683,0.846071,0.849522,-0.148716,0.618479,0.836266,1.36354,1.38749,-0.880192,0.895375,0.363813,0.726851,-1.35253,0.333737,0.604425,0.298511,-0.165762,0.460889,0.917677,0.972137,1.06436,1.00883,0.631314,0.98744,0.388442,0.97111,0.863471,-0.749219,-0.337687,0.0533375,0.278092,1.36234,0.671888,-1.95913,-2.46167,1.07493,1.2714,1.11817,0.484379,0.513059,0.854011,0.748759,0.288795,-0.311051,0.534274,0.654315,1.39081,1.43044,-1.26839,0.945532,0.328501,0.894772,-1.59765,-0.222283,0.402286,-0.620809,-0.142932,0.626233,0.786636,0.720544,0.743389,1.21044,0.792215,0.665057,0.630603,0.801942,0.76644,1.23275,0.963927,0.869468,0.655867,0.951525,0.638787,0.62352,0.606432,0.827519,0.807225,0.807819,0.885116,1.01376,0.80798,
2.2,0.774182,0.473225,0.797747,0.532803,0.958642,0.973325,-0.486113,-0.579752,-0.0416047,0.0527621,0.381477,0.480935,0.246062,0.293119,1.10698,1.0832,1.11396,0.650622,0.798493,0.877882,0.845015,0.847272,-0.152033,0.61787,0.83682,1.36353,1.38753,-0.882309,0.895754,0.364658,0.727249,-1.35358,0.332741,0.604373,0.299084,-0.165782,0.460929,0.917073,0.9723,1.06455,1.0087,0.631199,0.986732,0.387838,0.970559,0.863367,-0.749903,-0.337682,0.0531037,0.278073,1.36169,0.670876,-1.9591,-2.46165,1.07376,1.27034,1.11729,0.482308,0.510677,0.851896,0.74738,0.287702,-0.313657,0.533798,0.65455,1.39045,1.43035,-1.27024,0.945744,0.329287,0.895238,-1.59865,-0.223675,0.402301,-0.620298,-0.142963,0.625691,0.786012,0.720015,0.742973,1.20932,0.791255,0.663999,0.629594,0.802305,0.766674,1.23394,0.962336,0.867855,0.65612,0.950737,0.637967,0.622519,0.605666,0.827806,0.80742,0.808413,0.883791,1.01202,0.807994,
2.205,0.774349,0.473502,0.797322,0.532205,0.958297,0.973478,-0.486919,-0.579743,-0.0416047,0.0527227,0.38146,0.480814,0.246068,0.293137,1.10595,1.0823,1.11326,0.648381,0.796317,0.876069,0.843937,0.845003,-0.155375,0.617256,0.837402,1.36353,1.3876,-0.884429,0.896131,0.365513,0.727649,-1.35463,0.331739,0.604357,0.299665,-0.165802,0.460966,0.916567,0.972675,1.06492,1.00858,0.631087,0.98602,0.38722,0.970008,0.86329,-0.7506,-0.337677,0.0528573,0.278053,1.36115,0.669921,-1.95908,-2.46162,1.07264,1.26933,1.1164,0.480196,0.508248,0.849737,0.745974,0.286588,-0.316314,0.533321,0.654802,1.39013,1.43029,-1.27212,0.945994,0.330092,0.895752,-1.59967,-0.225096,0.402316,-0.619777,-0.142996,0.625283,0.785483,0.719596,0.742666,1.20822,0.790337,0.662964,0.628612,0.802688,0.766917,1.23515,0.960745,0.866255,0.656374,0.949941,0.637136,0.621508,0.604417,0.828116,0.80762,0.809039,0.882444,1.01026,0.808019,
2.21,0.774507,0.47377,0.796965,0.531625,0.957965,0.973604,-0.48773,-0.579734,-0.0416053,0.0526833,0.381442,0.480706,0.246073,0.293155,1.1049,1.08138,1.11253,0.646107,0.794122,0.874244,0.842838,0.842717,-0.158739,0.616631,0.837992,1.36351,1.38769,-0.88655,0.896455,0.366377,0.728053,-1.35569,0.330729,0.604368,0.300252,-0.165821,0.461,0.916177,0.973238,1.06544,1.00847,0.630976,0.985307,0.386588,0.969461,0.863227,-0.751311,-0.337671,0.0526045,0.278032,1.36074,0.669061,-1.95906,-2.46159,1.07157,1.26836,1.11554,0.478049,0.50578,0.847539,0.744544,0.285454,-0.319017,0.532842,0.655053,1.38987,1.43025,-1.27404,0.946277,0.330915,0.896312,-1.60071,-0.226547,0.402332,-0.619244,-0.143028,0.625009,0.785067,0.719306,0.74248,1.20713,0.789467,0.66193,0.627643,0.803083,0.767168,1.23637,0.959157,0.864668,0.656617,0.949139,0.636301,0.620487,0.60362,0.828445,0.807827,0.809689,0.881079,1.00849,0.808049,
2.215,0.77467,0.474029,0.796691,0.53106,0.957712,0.973819,-0.488546,-0.579726,-0.0416066,0.0526418,0.381426,0.480621,0.246079,0.293173,1.10384,1.08043,1.11179,0.643803,0.791912,0.872409,0.841721,0.840413,-0.162121,0.616002,0.838609,1.36352,1.3878,-0.888672,0.89678,0.367247,0.728465,-1.35677,0.329714,0.604428,0.300842,-0.16584,0.461033,0.915959,0.973953,1.06609,1.00837,0.630875,0.984595,0.385942,0.968925,0.863199,-0.752035,-0.337666,0.0523453,0.278011,1.36054,0.668376,-1.95903,-2.46157,1.07054,1.26745,1.1147,0.475873,0.50328,0.845307,0.743092,0.284305,-0.321758,0.532362,0.655327,1.38974,1.43029,-1.27599,0.946607,0.331756,0.896913,-1.60177,-0.228026,0.402348,-0.618699,-0.14306,0.624904,0.784835,0.719157,0.742425,1.20605,0.788633,0.660937,0.626707,0.803505,0.767428,1.23763,0.957574,0.863097,0.656861,0.948338,0.63546,0.619466,0.602342,0.828803,0.808038,0.810375,0.879699,1.00672,0.80809,
2.22,0.77483,0.47428,0.79648,0.530507,0.957483,0.974033,-0.489365,-0.579717,-0.0416084,0.052598,0.381411,0.480565,0.246085,0.293191,1.10276,1.07947,1.11104,0.641474,0.789688,0.870568,0.840588,0.838066,-0.165516,0.615377,0.839243,1.36354,1.38795,-0.890792,0.897116,0.368123,0.728885,-1.35784,0.328696,0.604521,0.301434,-0.165859,0.461067,0.915925,0.974783,1.06683,1.00829,0.630781,0.983887,0.385283,0.9684,0.863188,-0.752772,-0.33766,0.0520755,0.27799,1.36055,0.667909,-1.95901,-2.46154,1.06957,1.26658,1.11389,0.473674,0.500754,0.843048,0.741622,0.283143,-0.324532,0.531883,0.655607,1.38972,1.43039,-1.27797,0.946978,0.332612,0.897547,-1.60286,-0.229533,0.402364,-0.61814,-0.143093,0.624983,0.784799,0.719157,0.742503,1.20499,0.787848,0.65993,0.625772,0.803942,0.767694,1.2389,0.955998,0.861543,0.657099,0.947541,0.634621,0.61844,0.60157,0.829179,0.808254,0.811085,0.87831,1.00494,0.808136,
2.225,0.774988,0.474524,0.796299,0.529962,0.957235,0.974231,-0.490186,-0.579708,-0.0416112,0.0525521,0.381398,0.480537,0.246091,0.293209,1.10167,1.0785,1.11028,0.639124,0.787456,0.868723,0.839442,0.835705,-0.168918,0.614758,0.839886,1.36354,1.3881,-0.892907,0.897487,0.369002,0.729315,-1.35892,0.327677,0.604625,0.302025,-0.165878,0.461101,0.916052,0.975691,1.06762,1.0082,0.630696,0.983185,0.384614,0.967888,0.863183,-0.753521,-0.337653,0.0518058,0.277968,1.36072,0.667668,-1.95899,-2.46152,1.06864,1.26575,1.11311,0.471458,0.498209,0.840766,0.740138,0.281971,-0.327328,0.531408,0.655885,1.38977,1.43054,-1.27996,0.947383,0.333484,0.898207,-1.60395,-0.231064,0.40238,-0.617569,-0.143126,0.625276,0.78493,0.719305,0.742711,1.20394,0.787092,0.658913,0.62483,0.804385,0.767967,1.24018,0.954431,0.860008,0.657337,0.946748,0.633784,0.617412,0.600201,0.829563,0.808473,0.811807,0.876915,1.00316,0.808187,
2.23,0.775142,0.47476,0.796094,0.529413,0.956909,0.974343,-0.491008,-0.579699,-0.0416143,0.052504,0.381386,0.480525,0.246097,0.293226,1.10056,1.07752,1.10953,0.63676,0.785219,0.866877,0.838284,0.833336,-0.172321,0.614134,0.840525,1.36349,1.38821,-0.895015,0.897842,0.369884,0.729755,-1.36001,0.326659,0.604698,0.302613,-0.165896,0.461136,0.916251,0.976641,1.06844,1.0081,0.630614,0.982485,0.383937,0.967378,0.86316,-0.754281,-0.337646,0.0515339,0.277947,1.36092,0.667563,-1.95896,-2.46149,1.06775,1.26495,1.11237,0.469232,0.495654,0.83847,0.738643,0.280793,-0.330141,0.530937,0.656151,1.38979,1.43064,-1.28196,0.947795,0.334368,0.898883,-1.60507,-0.232616,0.402396,-0.616985,-0.143158,0.625721,0.785123,0.719591,0.743033,1.2029,0.786311,0.657874,0.623865,0.804809,0.768245,1.24142,0.952875,0.858493,0.657572,0.945948,0.632931,0.616361,0.599538,0.829929,0.808697,0.812516,0.875507,1.00136,0.80824,
2.235,0.77523,0.474992,0.795954,0.528866,0.956699,0.974462,-0.49183,-0.579689,-0.0416183,0.0524537,0.381375,0.480542,0.246102,0.293243,1.09945,1.07653,1.10878,0.634386,0.782982,0.865034,0.837121,0.830966,-0.175719,0.613512,0.841057,1.36355,1.38839,-0.897114,0.898045,0.370765,0.730205,-1.3611,0.325644,0.604803,0.303198,-0.165914,0.461174,0.916605,0.977603,1.06926,1.00796,0.630517,0.981793,0.383253,0.966884,0.863155,-0.75505,-0.33764,0.051262,0.277925,1.36139,0.667707,-1.95894,-2.46146,1.06686,1.26415,1.11166,0.467003,0.493097,0.836165,0.737142,0.279612,-0.33296,0.530471,0.656405,1.38997,1.43081,-1.28398,0.948228,0.335262,0.899566,-1.6062,-0.234186,0.402411,-0.616391,-0.143191,0.626294,0.785491,0.719992,0.743445,1.20188,0.785556,0.656943,0.622971,0.805269,0.768529,1.24271,0.951333,0.857,0.657764,0.945172,0.632097,0.615352,0.597982,0.830332,0.808922,0.813259,0.874104,0.999648,0.808287,
2.24,0.775286,0.475219,0.795821,0.528309,0.956509,0.974514,-0.492649,-0.57968,-0.0416223,0.0524056,0.381366,0.480577,0.246108,0.293259,1.09834,1.07556,1.10805,0.63201,0.780749,0.863197,0.835955,0.828598,-0.179107,0.612887,0.841482,1.36357,1.38853,-0.899201,0.898157,0.371645,0.730662,-1.36218,0.324633,0.604882,0.303777,-0.165932,0.461214,0.91707,0.978546,1.07006,1.0078,0.630403,0.981108,0.382565,0.966399,0.863136,-0.755827,-0.337633,0.0509922,0.277903,1.36197,0.668038,-1.95892,-2.46144,1.06598,1.26334,1.11096,0.46478,0.490546,0.83386,0.735639,0.278434,-0.335776,0.530009,0.656645,1.39019,1.43099,-1.28599,0.948654,0.336165,0.900244,-1.60733,-0.235769,0.402427,-0.615788,-0.143223,0.626877,0.785973,0.720478,0.743917,1.20088,0.784749,0.655955,0.622038,0.805729,0.768818,1.24399,0.949805,0.855529,0.657947,0.944409,0.63124,0.614312,0.597517,0.830718,0.809147,0.813991,0.872701,0.997895,0.808324,
2.245,0.775343,0.475441,0.795629,0.527737,0.956262,0.974521,-0.493465,-0.579671,-0.041627,0.0523531,0.381357,0.480618,0.246113,0.293275,1.09722,1.0746,1.10733,0.629635,0.778522,0.861369,0.834788,0.826237,-0.18248,0.612252,0.84185,1.36358,1.38861,-0.901275,0.898276,0.372521,0.731123,-1.36326,0.32363,0.604923,0.304348,-0.165949,0.461256,0.917553,0.979435,1.07081,1.00763,0.630274,0.980425,0.381875,0.965915,0.86309,-0.756609,-0.337626,0.0507246,0.277882,1.36251,0.668447,-1.95889,-2.46141,1.06506,1.26248,1.11027,0.462571,0.48801,0.831563,0.734135,0.277261,-0.338579,0.529552,0.656876,1.39036,1.43111,-1.28799,0.949053,0.337073,0.900907,-1.60848,-0.237362,0.402443,-0.615178,-0.143254,0.627391,0.786463,0.721014,0.744413,1.1999,0.78389,0.654945,0.621078,0.806166,0.769111,1.24524,0.948296,0.854084,0.658137,0.94365,0.630386,0.613272,0.595732,0.831074,0.809372,0.814695,0.871299,0.996171,0.808353,
2.25,0.775416,0.47566,0.795322,0.527145,0.955903,0.97448,-0.494276,-0.579661,-0.0416313,0.052305,0.38135,0.480647,0.246118,0.29329,1.09611,1.07366,1.10665,0.627265,0.776307,0.859553,0.833623,0.823887,-0.185833,0.611607,0.842215,1.36355,1.38861,-0.903333,0.898432,0.373391,0.731583,-1.36434,0.322637,0.604909,0.30491,-0.165965,0.461297,0.91792,0.980231,1.07148,1.00745,0.63014,0.979738,0.381186,0.965422,0.863002,-0.757395,-0.337618,0.0504633,0.277862,1.36284,0.668761,-1.95887,-2.46139,1.06409,1.26157,1.10958,0.460386,0.485501,0.829283,0.732645,0.2761,-0.341358,0.529096,0.657102,1.3904,1.43111,-1.28999,0.9494,0.337985,0.901546,-1.60963,-0.238959,0.402458,-0.614562,-0.143285,0.627753,0.786805,0.721562,0.7449,1.19894,0.782972,0.653911,0.62009,0.806563,0.769411,1.24643,0.946806,0.852666,0.658338,0.942885,0.629521,0.612215,0.595471,0.831386,0.809593,0.815351,0.869898,0.994415,0.808375,
2.255,0.775515,0.475876,0.794899,0.526539,0.955459,0.974458,-0.495079,-0.579652,-0.0416356,0.0522569,0.381342,0.480656,0.246123,0.293305,1.09501,1.07276,1.10599,0.624902,0.774103,0.85775,0.832461,0.821549,-0.189164,0.610959,0.842618,1.36353,1.38859,-0.905376,0.898698,0.374252,0.732039,-1.36541,0.321657,0.604856,0.305459,-0.165982,0.461335,0.918095,0.980891,1.07203,1.00729,0.630012,0.979043,0.380499,0.964913,0.862886,-0.758183,-0.337611,0.0502105,0.277841,1.36292,0.668896,-1.95885,-2.46137,1.06305,1.26058,1.10887,0.458236,0.483028,0.827027,0.731175,0.274955,-0.3441,0.528641,0.657334,1.39029,1.43101,-1.29196,0.949697,0.338897,0.902151,-1.61079,-0.240557,0.402472,-0.61394,-0.143314,0.627947,0.786925,0.722083,0.745345,1.19801,0.782014,0.652879,0.619096,0.806932,0.769716,1.24759,0.945338,0.851279,0.658554,0.942113,0.628668,0.611172,0.593619,0.831669,0.809807,0.815969,0.868505,0.992701,0.808394,
2.26,0.77564,0.47609,0.794358,0.525925,0.954919,0.974432,-0.495872,-0.579642,-0.041639,0.0522131,0.381333,0.480632,0.246127,0.293319,1.09391,1.07189,1.10538,0.622547,0.771914,0.855961,0.831302,0.819224,-0.192471,0.610314,0.843075,1.36347,1.3885,-0.907401,0.899066,0.375101,0.732484,-1.36646,0.320693,0.604757,0.305991,-0.165997,0.461369,0.918014,0.981376,1.07242,1.00714,0.629895,0.978338,0.379816,0.96438,0.862743,-0.758972,-0.337604,0.0499661,0.277822,1.36269,0.668755,-1.95883,-2.46134,1.06193,1.2595,1.10813,0.456132,0.480604,0.824807,0.729728,0.273832,-0.346795,0.528187,0.657572,1.39001,1.4308,-1.2939,0.949946,0.339807,0.90272,-1.61194,-0.242151,0.402486,-0.613312,-0.143343,0.627976,0.786761,0.722544,0.745722,1.1971,0.781022,0.651828,0.618085,0.807269,0.770031,1.24872,0.943894,0.849926,0.658786,0.941327,0.627814,0.610128,0.593431,0.83192,0.810011,0.816546,0.867118,0.99096,0.808415,
2.265,0.775795,0.476306,0.79374,0.525316,0.954333,0.974446,-0.496654,-0.579633,-0.0416415,0.052176,0.381323,0.480574,0.246131,0.293332,1.09284,1.07106,1.10481,0.6202,0.769738,0.85419,0.830149,0.816913,-0.195754,0.609682,0.843598,1.36343,1.38841,-0.909408,0.899554,0.375935,0.732915,-1.36751,0.319747,0.604642,0.306504,-0.166012,0.461396,0.917684,0.981652,1.07263,1.00702,0.629798,0.977624,0.379139,0.96382,0.862585,-0.759759,-0.337597,0.0497324,0.277804,1.3622,0.668343,-1.95881,-2.46132,1.06073,1.25835,1.10735,0.454087,0.478239,0.822631,0.728312,0.272738,-0.349429,0.527731,0.65782,1.38962,1.43052,-1.29581,0.950159,0.340715,0.903255,-1.61309,-0.243739,0.4025,-0.612677,-0.14337,0.62785,0.786332,0.722922,0.746013,1.19623,0.780027,0.650794,0.617087,0.807593,0.770355,1.24983,0.942476,0.848609,0.659032,0.940531,0.626978,0.609104,0.591653,0.832153,0.810202,0.817094,0.86575,0.989254,0.808438,
2.27,0.775975,0.476523,0.793082,0.524721,0.953725,0.974476,-0.497422,-0.579623,-0.0416421,0.0521453,0.381311,0.480478,0.246134,0.293345,1.09179,1.07028,1.10428,0.617859,0.767577,0.852435,0.829,0.814614,-0.199014,0.609075,0.844191,1.3634,1.38832,-0.911399,0.900106,0.376752,0.733328,-1.36853,0.318823,0.604522,0.306991,-0.166027,0.461414,0.91713,0.981697,1.07265,1.00691,0.629723,0.976903,0.378468,0.963232,0.862413,-0.760544,-0.33759,0.0495136,0.277786,1.36147,0.667659,-1.95879,-2.4613,1.05947,1.25713,1.10652,0.452112,0.475946,0.820509,0.726939,0.271677,-0.351991,0.527272,0.65807,1.38915,1.4302,-1.29767,0.950337,0.341618,0.903762,-1.61423,-0.245317,0.402513,-0.612033,-0.143397,0.627549,0.785663,0.723205,0.746215,1.1954,0.779051,0.649769,0.6161,0.807908,0.770691,1.25094,0.941086,0.847332,0.659285,0.939727,0.626149,0.60809,0.591446,0.832368,0.810376,0.817613,0.864407,0.987542,0.808461,
2.275,0.776181,0.476744,0.792417,0.524148,0.953118,0.974545,-0.498172,-0.579614,-0.0416406,0.0521256,0.381294,0.480344,0.246137,0.293357,1.09076,1.06955,1.1038,0.615522,0.765429,0.850699,0.827857,0.812326,-0.202253,0.608504,0.844844,1.36336,1.38824,-0.913373,0.900713,0.377547,0.73372,-1.36953,0.317925,0.604402,0.30745,-0.166041,0.461421,0.916389,0.981502,1.07245,1.00682,0.629674,0.976178,0.377805,0.962612,0.862235,-0.761326,-0.337583,0.0493074,0.27777,1.36052,0.666726,-1.95877,-2.46128,1.05817,1.25587,1.10565,0.450219,0.473734,0.818448,0.725616,0.270656,-0.354468,0.526807,0.658327,1.38863,1.42985,-1.29948,0.950492,0.342516,0.904254,-1.61537,-0.246883,0.402526,-0.611376,-0.143422,0.627086,0.784797,0.723399,0.746339,1.19461,0.778097,0.648762,0.615131,0.808223,0.77104,1.25205,0.939727,0.846098,0.65955,0.938914,0.625336,0.607099,0.589818,0.83257,0.810529,0.818108,0.863092,0.985844,0.808487,
2.28,0.776383,0.476972,0.791792,0.523609,0.952541,0.974613,-0.498903,-0.579606,-0.0416363,0.0521169,0.381273,0.480182,0.246139,0.293369,1.08976,1.06887,1.10336,0.613185,0.763294,0.84898,0.826718,0.810046,-0.20547,0.607976,0.845495,1.36333,1.3882,-0.91533,0.901308,0.378318,0.734089,-1.37051,0.317055,0.604295,0.307874,-0.166055,0.461415,0.915529,0.981069,1.07205,1.00673,0.629641,0.975454,0.377149,0.961969,0.862061,-0.762103,-0.337576,0.0491161,0.277754,1.35947,0.665623,-1.95876,-2.46127,1.05685,1.25459,1.10474,0.44842,0.471612,0.816457,0.72435,0.26968,-0.35685,0.526336,0.658573,1.38811,1.42952,-1.30124,0.95064,0.343407,0.904742,-1.6165,-0.248435,0.402537,-0.610704,-0.143446,0.626514,0.783811,0.723521,0.746409,1.19385,0.777202,0.647791,0.614197,0.80855,0.771404,1.25317,0.938399,0.84491,0.659808,0.938102,0.624553,0.606146,0.589547,0.83277,0.810658,0.81859,0.861814,0.984178,0.808511,
2.285,0.776574,0.477209,0.791253,0.523115,0.95203,0.974708,-0.499611,-0.579597,-0.0416282,0.0521213,0.381246,0.480006,0.246141,0.293379,1.08879,1.06823,1.10297,0.610848,0.761171,0.84728,0.825586,0.807774,-0.208668,0.607502,0.846097,1.36333,1.38821,-0.917271,0.901852,0.379063,0.734435,-1.37147,0.316216,0.604227,0.308262,-0.166068,0.461399,0.914634,0.980416,1.07146,1.00662,0.629619,0.97474,0.376503,0.961313,0.861902,-0.762876,-0.337569,0.0489419,0.27774,1.35841,0.664454,-1.95874,-2.46125,1.05555,1.25334,1.10382,0.446722,0.46959,0.814543,0.72315,0.268754,-0.359125,0.52586,0.658809,1.38767,1.42924,-1.30294,0.950803,0.34429,0.905234,-1.61762,-0.249971,0.402548,-0.610012,-0.143468,0.625911,0.782802,0.723602,0.746455,1.19315,0.776392,0.646861,0.613308,0.808899,0.771784,1.25431,0.937106,0.84377,0.660061,0.937301,0.623802,0.605234,0.588118,0.832978,0.810761,0.81907,0.86058,0.982556,0.808534,
2.29,0.776755,0.477459,0.790827,0.522669,0.951606,0.974829,-0.500295,-0.579588,-0.0416165,0.052141,0.381213,0.479831,0.246141,0.293389,1.08786,1.06763,1.10261,0.608508,0.759061,0.8456,0.82446,0.805509,-0.211846,0.607092,0.846621,1.36334,1.38827,-0.919195,0.902294,0.379777,0.73476,-1.37239,0.31541,0.604201,0.308608,-0.166082,0.461374,0.913774,0.97957,1.0707,1.0065,0.629602,0.974041,0.375867,0.960652,0.861758,-0.763644,-0.337563,0.0487824,0.277727,1.35738,0.663298,-1.95873,-2.46123,1.05431,1.25213,1.10289,0.445133,0.467674,0.812713,0.722022,0.267883,-0.361286,0.525382,0.659033,1.3873,1.42901,-1.30458,0.950984,0.345165,0.905737,-1.61873,-0.25149,0.402558,-0.609297,-0.143489,0.625309,0.781842,0.723676,0.74651,1.1925,0.775667,0.645976,0.612467,0.809274,0.772181,1.25547,0.935849,0.842682,0.660307,0.936512,0.623078,0.604359,0.587765,0.833186,0.810835,0.819543,0.859393,0.980975,0.808553,
2.295,0.776963,0.477722,0.790516,0.522268,0.951299,0.975064,-0.500951,-0.57958,-0.0416007,0.0521803,0.381172,0.479669,0.246141,0.293398,1.08695,1.06706,1.10229,0.606165,0.756963,0.843941,0.823341,0.80325,-0.215004,0.606749,0.847115,1.36338,1.38837,-0.921101,0.902734,0.380459,0.735064,-1.37327,0.314641,0.604218,0.308913,-0.166095,0.461344,0.913012,0.978565,1.0698,1.00641,0.629594,0.973361,0.37524,0.960005,0.861645,-0.764405,-0.337557,0.0486379,0.277715,1.35647,0.66223,-1.95872,-2.46122,1.05316,1.25099,1.10196,0.443659,0.465871,0.810972,0.72097,0.26707,-0.363322,0.524907,0.659277,1.38702,1.42884,-1.30614,0.951195,0.34603,0.906258,-1.61982,-0.252989,0.402567,-0.608555,-0.143508,0.62478,0.781001,0.723778,0.746608,1.19189,0.774999,0.645137,0.611671,0.809675,0.772595,1.25665,0.93463,0.841649,0.660572,0.935732,0.622379,0.603525,0.586541,0.833393,0.810878,0.820007,0.858245,0.979431,0.808578,
2.3,0.777179,0.477998,0.79032,0.521914,0.951103,0.975358,-0.501576,-0.579572,-0.0415806,0.052235,0.381125,0.479536,0.24614,0.293407,1.08608,1.06652,1.10199,0.603819,0.754879,0.842305,0.822231,0.800998,-0.218139,0.606482,0.847569,1.36344,1.38851,-0.922988,0.903182,0.381107,0.735351,-1.37412,0.313909,0.604275,0.309177,-0.166108,0.461312,0.912407,0.977444,1.06881,1.00632,0.629597,0.972706,0.374624,0.959379,0.861563,-0.765161,-0.337551,0.0485103,0.277705,1.35574,0.661342,-1.95871,-2.46121,1.05212,1.24995,1.10107,0.442305,0.464186,0.809327,0.719998,0.266317,-0.365228,0.524441,0.659533,1.38683,1.42872,-1.30764,0.951452,0.346885,0.906798,-1.6209,-0.254467,0.402576,-0.607784,-0.143526,0.624411,0.780341,0.723942,0.746775,1.19135,0.774408,0.64434,0.610919,0.810103,0.773026,1.25785,0.933453,0.840672,0.66084,0.934967,0.621719,0.60274,0.586115,0.833601,0.810889,0.820463,0.857142,0.977942,0.80861,
2.305,0.777404,0.478287,0.790241,0.521608,0.951009,0.97568,-0.502166,-0.579564,-0.0415562,0.0523072,0.38107,0.479438,0.246138,0.293415,1.08523,1.06599,1.10171,0.601471,0.752812,0.840694,0.821129,0.798755,-0.221248,0.60628,0.847994,1.3635,1.38868,-0.924855,0.903564,0.381719,0.735621,-1.37492,0.313217,0.604372,0.3094,-0.16612,0.461282,0.911993,0.976259,1.06778,1.00625,0.629609,0.972076,0.374019,0.95878,0.861501,-0.765909,-0.337546,0.0483998,0.277695,1.3552,0.660686,-1.95869,-2.46119,1.0512,1.24903,1.10022,0.441075,0.462622,0.80778,0.71911,0.265627,-0.366997,0.523986,0.659794,1.38675,1.42865,-1.30908,0.951746,0.34773,0.907358,-1.62197,-0.255924,0.402583,-0.606981,-0.143543,0.624194,0.779897,0.724192,0.747032,1.19085,0.773882,0.64359,0.610216,0.810552,0.773474,1.25906,0.932319,0.839756,0.661108,0.934213,0.621081,0.601987,0.585087,0.8338,0.810866,0.820901,0.856086,0.976489,0.808644,
2.31,0.777664,0.478589,0.790288,0.521347,0.951058,0.976123,-0.502716,-0.579557,-0.0415275,0.0523946,0.381008,0.479388,0.246136,0.293422,1.08442,1.06548,1.10144,0.599124,0.750764,0.839111,0.820037,0.796524,-0.224327,0.606148,0.84843,1.36358,1.38888,-0.926697,0.903989,0.382295,0.735878,-1.37567,0.312565,0.604513,0.309588,-0.166133,0.461259,0.911831,0.975069,1.06675,1.00621,0.629637,0.971476,0.373426,0.958215,0.861479,-0.766649,-0.33754,0.0483062,0.277687,1.35496,0.660359,-1.95869,-2.46118,1.05043,1.24825,1.09942,0.439971,0.461182,0.806337,0.718308,0.265003,-0.368624,0.523546,0.660084,1.38681,1.42862,-1.31044,0.952093,0.348562,0.907937,-1.62302,-0.257356,0.402591,-0.606146,-0.143558,0.624189,0.779736,0.724548,0.74739,1.19042,0.773413,0.642901,0.609568,0.811032,0.773938,1.26029,0.931233,0.838903,0.661395,0.933475,0.620479,0.601282,0.584614,0.834,0.810809,0.821331,0.855078,0.975091,0.808688,
2.315,0.777921,0.4789,0.790439,0.521124,0.951211,0.976559,-0.503219,-0.57955,-0.0414951,0.0525018,0.380939,0.479377,0.246132,0.293428,1.08363,1.06496,1.10118,0.596781,0.748739,0.837559,0.818956,0.794308,-0.22737,0.606075,0.848862,1.36367,1.38911,-0.928512,0.904295,0.382833,0.736122,-1.37635,0.311955,0.604676,0.309746,-0.166146,0.461243,0.911922,0.973934,1.06578,1.00619,0.629677,0.970903,0.372845,0.957687,0.861464,-0.767381,-0.337535,0.0482254,0.27768,1.35498,0.660356,-1.95868,-2.46117,1.0498,1.2476,1.09868,0.438991,0.459867,0.805001,0.717594,0.264445,-0.370111,0.523122,0.660376,1.38698,1.42865,-1.31173,0.952462,0.349382,0.908532,-1.62405,-0.258762,0.402597,-0.605277,-0.143571,0.624342,0.779847,0.725012,0.747846,1.19004,0.772995,0.642247,0.608955,0.811525,0.774416,1.26151,0.930196,0.838115,0.661669,0.932746,0.619895,0.600605,0.58376,0.834179,0.810718,0.821731,0.854115,0.973724,0.808732,
2.32,0.778176,0.479216,0.790664,0.520933,0.951443,0.977003,-0.503666,-0.579543,-0.0414586,0.0526221,0.380864,0.479399,0.246128,0.293434,1.08287,1.06445,1.10093,0.594447,0.746742,0.836041,0.817886,0.792112,-0.23037,0.606057,0.849273,1.36377,1.38934,-0.930295,0.904513,0.383333,0.736356,-1.37697,0.311387,0.604849,0.309882,-0.166157,0.461235,0.912251,0.972911,1.06491,1.00618,0.629724,0.970356,0.372276,0.957198,0.86145,-0.768104,-0.337531,0.0481617,0.277674,1.35523,0.660664,-1.95867,-2.46116,1.0493,1.2471,1.09801,0.438133,0.458677,0.803773,0.716965,0.263956,-0.371458,0.522713,0.660669,1.38725,1.42873,-1.31293,0.95284,0.350187,0.909136,-1.62506,-0.26014,0.402602,-0.604377,-0.143583,0.624618,0.78021,0.725573,0.748383,1.18973,0.772602,0.641628,0.60837,0.812026,0.774908,1.26274,0.929211,0.837394,0.661941,0.932027,0.619337,0.599962,0.583266,0.834336,0.810594,0.822097,0.853198,0.97239,0.808772,
2.325,0.778427,0.479537,0.790929,0.520767,0.951734,0.977466,-0.50405,-0.579537,-0.0414191,0.0527554,0.380784,0.47945,0.246124,0.29344,1.08213,1.06393,1.10069,0.592127,0.744777,0.834562,0.81683,0.78994,-0.23332,0.606085,0.849654,1.36389,1.38954,-0.932041,0.904719,0.383794,0.736578,-1.37752,0.310864,0.605021,0.310002,-0.166169,0.461008,0.912797,0.972049,1.06418,1.00618,0.629775,0.969832,0.371721,0.956743,0.861436,-0.768815,-0.337527,0.0481128,0.277669,1.35573,0.661278,-1.95866,-2.46115,1.04893,1.24672,1.09741,0.437384,0.457607,0.802656,0.716421,0.263533,-0.372666,0.522318,0.660965,1.38763,1.42886,-1.31405,0.953224,0.350978,0.90974,-1.62605,-0.261489,0.402607,-0.603446,-0.143594,0.62501,0.7808,0.726204,0.748968,1.18948,0.772213,0.641036,0.607807,0.812536,0.775411,1.26396,0.928282,0.836743,0.662214,0.931318,0.618807,0.599353,0.582555,0.834471,0.810436,0.822428,0.852328,0.971099,0.808809,
2.33,0.778635,0.479858,0.791175,0.520618,0.952016,0.977827,-0.504371,-0.579532,-0.0413771,0.05288,0.3807,0.479514,0.246119,0.293444,1.08141,1.06341,1.10046,0.589828,0.742851,0.833126,0.815789,0.787799,-0.236209,0.606151,0.849939,1.36398,1.38967,-0.933746,0.904794,0.384216,0.736789,-1.37799,0.310388,0.605166,0.310109,-0.16618,0.460892,0.913479,0.971384,1.06363,1.00615,0.629816,0.969323,0.371181,0.956325,0.861396,-0.769515,-0.337523,0.0480745,0.277665,1.35637,0.662094,-1.95866,-2.46115,1.04866,1.24644,1.09687,0.436729,0.456651,0.801646,0.715959,0.263174,-0.373736,0.521939,0.661239,1.38808,1.42904,-1.31509,0.953587,0.351751,0.910327,-1.62702,-0.262806,0.402611,-0.602488,-0.143604,0.625451,0.781532,0.726868,0.749565,1.18928,0.771814,0.640454,0.607251,0.81303,0.775924,1.26513,0.927412,0.836164,0.662464,0.930614,0.618296,0.598769,0.582067,0.834566,0.810247,0.822708,0.8515,0.969833,0.808832,
2.335,0.778849,0.480176,0.7914,0.520484,0.952316,0.978239,-0.504632,-0.579526,-0.0413336,0.0530051,0.380614,0.479589,0.246113,0.293447,1.08073,1.06289,1.10026,0.587557,0.74097,0.831737,0.814765,0.785698,-0.239029,0.606256,0.850151,1.36408,1.3898,-0.935403,0.904939,0.3846,0.736986,-1.37839,0.309967,0.605274,0.309567,-0.166191,0.460777,0.914252,0.970949,1.06329,1.00611,0.629851,0.968831,0.370657,0.955936,0.861352,-0.770202,-0.337519,0.048049,0.277662,1.35713,0.663089,-1.95866,-2.46114,1.04848,1.24623,1.0964,0.436175,0.455791,0.800741,0.715574,0.262875,-0.374672,0.521573,0.661515,1.38854,1.42924,-1.31604,0.953942,0.352506,0.910882,-1.62795,-0.264087,0.402614,-0.601505,-0.143612,0.625938,0.782356,0.727519,0.750128,1.18915,0.771387,0.639914,0.606727,0.813521,0.776441,1.26629,0.926603,0.835657,0.662723,0.92992,0.617811,0.598225,0.581469,0.834629,0.810029,0.822944,0.850717,0.96861,0.808854,
2.34,0.779061,0.480488,0.791581,0.520366,0.952598,0.978603,-0.504842,-0.579522,-0.0412892,0.0531309,0.380527,0.479666,0.246107,0.29345,1.08006,1.06238,1.10007,0.585326,0.739141,0.830401,0.81376,0.783643,-0.241767,0.606395,0.850301,1.36416,1.38992,-0.937007,0.905081,0.384946,0.73717,-1.37873,0.309617,0.605337,0.309014,-0.166201,0.460659,0.91504,0.970764,1.06317,1.00605,0.629874,0.968354,0.370151,0.955571,0.861291,-0.770873,-0.337516,0.0480362,0.27766,1.35793,0.664181,-1.95865,-2.46114,1.04835,1.24606,1.09598,0.435724,0.455029,0.799938,0.715246,0.262632,-0.375482,0.521221,0.661779,1.38895,1.42942,-1.31691,0.954278,0.35324,0.911394,-1.62886,-0.265332,0.402617,-0.600502,-0.143619,0.626462,0.78319,0.728111,0.750618,1.18907,0.770974,0.639396,0.606225,0.813995,0.77696,1.26741,0.925856,0.835221,0.662974,0.929231,0.617356,0.597713,0.581005,0.834652,0.809786,0.823127,0.849978,0.967419,0.808872,
2.345,0.779274,0.480791,0.791696,0.520258,0.952835,0.978924,-0.505006,-0.579517,-0.0412447,0.0532573,0.380439,0.479736,0.246101,0.293453,1.07943,1.06189,1.0999,0.583144,0.737374,0.829123,0.81278,0.781646,-0.244411,0.606558,0.850414,1.36421,1.38998,-0.938553,0.905219,0.385256,0.737336,-1.37901,0.309351,0.605351,0.308437,-0.16621,0.46054,0.915757,0.970845,1.06329,1.00599,0.629886,0.96789,0.369663,0.955221,0.861204,-0.771527,-0.337514,0.048032,0.277659,1.35867,0.665251,-1.95865,-2.46113,1.04825,1.24591,1.0956,0.435374,0.454369,0.799235,0.714918,0.262436,-0.37618,0.520883,0.662032,1.38924,1.42956,-1.31769,0.954582,0.353952,0.911857,-1.62974,-0.266536,0.402619,-0.599485,-0.143625,0.626982,0.783935,0.728606,0.751005,1.18905,0.770549,0.638897,0.605742,0.814439,0.777477,1.26847,0.925176,0.834856,0.663222,0.928547,0.616921,0.597226,0.580507,0.834627,0.80952,0.823251,0.849282,0.966251,0.808886,
2.35,0.779487,0.481082,0.791751,0.520163,0.953034,0.979211,-0.505128,-0.579513,-0.0412006,0.0533844,0.380355,0.479791,0.246094,0.293454,1.07882,1.06141,1.09976,0.581025,0.735677,0.827909,0.811828,0.779718,-0.246947,0.606741,0.850503,1.36424,1.39003,-0.940034,0.905351,0.385532,0.737483,-1.37924,0.309165,0.605322,0.30783,-0.166218,0.460425,0.916349,0.971193,1.06364,1.00593,0.629887,0.967437,0.369196,0.954887,0.861096,-0.772159,-0.337511,0.0480362,0.277658,1.35931,0.666218,-1.95865,-2.46113,1.04816,1.24575,1.09526,0.43519,0.45381,0.798626,0.714296,0.262278,-0.376786,0.52056,0.662273,1.38941,1.42965,-1.31839,0.95485,0.35464,0.91227,-1.63058,-0.267696,0.402621,-0.598461,-0.14363,0.627486,0.784532,0.728978,0.751272,1.18908,0.770137,0.638433,0.605291,0.814853,0.777985,1.26947,0.924561,0.834559,0.663462,0.927871,0.616516,0.596774,0.580085,0.834566,0.809237,0.823322,0.848628,0.96512,0.808895,
2.355,0.779701,0.481358,0.79176,0.520081,0.953199,0.97946,-0.50521,-0.57951,-0.0411577,0.0535121,0.380274,0.479828,0.246088,0.293456,1.07824,1.06096,1.09963,0.578982,0.734058,0.826764,0.810911,0.777871,-0.24936,0.606935,0.850581,1.36424,1.39007,-0.941448,0.905461,0.385776,0.737608,-1.37941,0.309037,0.605251,0.307196,-0.166225,0.460315,0.916782,0.971794,1.06422,1.00586,0.62988,0.966997,0.368751,0.954562,0.860969,-0.772767,-0.337509,0.048049,0.277658,1.3598,0.667018,-1.95865,-2.46112,1.04808,1.24558,1.09494,0.435321,0.453348,0.798104,0.714246,0.262161,-0.377295,0.520253,0.662499,1.38943,1.42969,-1.31899,0.955078,0.355299,0.912636,-1.63137,-0.268807,0.402622,-0.597437,-0.143633,0.627962,0.784944,0.729216,0.751416,1.18915,0.769745,0.638008,0.604877,0.815237,0.778481,1.27041,0.924014,0.834327,0.663693,0.927205,0.616142,0.596355,0.579676,0.83447,0.808942,0.823344,0.848013,0.964032,0.808901,
2.36,0.779913,0.481616,0.791728,0.520012,0.95333,0.979677,-0.505258,-0.579507,-0.0411176,0.0536402,0.380197,0.47984,0.246082,0.293456,1.0777,1.06054,1.09954,0.577029,0.732526,0.825695,0.810036,0.776118,-0.251635,0.607135,0.850656,1.36422,1.39007,-0.942793,0.905548,0.385992,0.737708,-1.37954,0.308953,0.605145,0.306537,-0.166232,0.460212,0.917035,0.97261,1.06497,1.00579,0.629864,0.96657,0.36833,0.954247,0.860826,-0.773346,-0.337508,0.0480702,0.277659,1.36012,0.667596,-1.95865,-2.46112,1.04799,1.24539,1.09463,0.435413,0.452998,0.797652,0.714281,0.262088,-0.377709,0.519963,0.662711,1.38933,1.42966,-1.31944,0.955262,0.355929,0.912959,-1.63211,-0.269866,0.402623,-0.596423,-0.143636,0.628371,0.785151,0.729326,0.75145,1.18926,0.769363,0.637617,0.604496,0.815588,0.778958,1.27128,0.923534,0.834157,0.663913,0.926554,0.615793,0.595968,0.579315,0.834343,0.80864,0.82332,0.847423,0.962988,0.808904,
2.365,0.78012,0.481855,0.791673,0.519958,0.953439,0.979861,-0.505274,-0.579504,-0.0410805,0.0537684,0.380127,0.479826,0.246076,0.293455,1.0772,1.06015,1.09946,0.575179,0.73109,0.824708,0.809208,0.774471,-0.253758,0.607335,0.850738,1.36419,1.39008,-0.944067,0.905591,0.386183,0.737783,-1.37963,0.308905,0.605022,0.30586,-0.166237,0.460117,0.917113,0.973579,1.06585,1.00573,0.629843,0.96616,0.367933,0.953943,0.860671,-0.773888,-0.337507,0.0480979,0.27766,1.36027,0.667929,-1.95865,-2.46112,1.04789,1.24519,1.09435,0.435523,0.452869,0.797266,0.71437,0.262139,-0.37803,0.51969,0.662906,1.38913,1.42959,-1.31972,0.955401,0.356525,0.913245,-1.63279,-0.270869,0.402623,-0.595427,-0.143638,0.628689,0.78516,0.729327,0.751397,1.1894,0.769019,0.637271,0.604159,0.815908,0.779411,1.27208,0.923121,0.834043,0.664117,0.925927,0.615476,0.595617,0.578989,0.834194,0.808337,0.823259,0.846781,0.962001,0.808902,
2.37,0.780324,0.482073,0.79161,0.51992,0.953533,0.980019,-0.505263,-0.579502,-0.0410469,0.0538967,0.380065,0.479785,0.246071,0.293454,1.07674,1.05979,1.09941,0.573447,0.729758,0.823807,0.808436,0.772941,-0.255714,0.607528,0.85084,1.36414,1.3901,-0.945262,0.905581,0.386352,0.73783,-1.37968,0.308888,0.60489,0.30517,-0.166241,0.460031,0.917033,0.97462,1.06676,1.00568,0.62982,0.96577,0.367563,0.953648,0.860506,-0.774387,-0.337507,0.0481298,0.277662,1.36025,0.668011,-1.95865,-2.46112,1.04781,1.24499,1.09408,0.435667,0.452961,0.796947,0.714507,0.262222,-0.378197,0.519435,0.663081,1.38885,1.4295,-1.31987,0.955492,0.357086,0.913501,-1.63339,-0.271808,0.402623,-0.59446,-0.143639,0.628894,0.784985,0.729245,0.751284,1.18957,0.768726,0.636969,0.603866,0.816195,0.779835,1.27281,0.922775,0.833981,0.664305,0.92533,0.615193,0.595303,0.578705,0.834029,0.808037,0.823165,0.841789,0.961079,0.808894,
2.375,0.780501,0.482269,0.791555,0.519901,0.953616,0.980126,-0.505227,-0.5795,-0.0410172,0.0540245,0.380011,0.479716,0.246066,0.293453,1.07632,1.05947,1.09938,0.571842,0.728537,0.822997,0.807724,0.77148,-0.257496,0.607715,0.850919,1.36408,1.39011,-0.94637,0.905497,0.386503,0.737851,-1.37969,0.308899,0.604747,0.304476,-0.166243,0.459957,0.916821,0.975643,1.06764,1.00562,0.62979,0.965405,0.36722,0.953369,0.860339,-0.774834,-0.337507,0.048168,0.277665,1.36011,0.66786,-1.95865,-2.46112,1.04773,1.24482,1.09382,0.435864,0.453044,0.796694,0.714688,0.262324,-0.37809,0.5192,0.663227,1.38851,1.42937,-1.31994,0.955545,0.35761,0.913733,-1.63393,-0.272678,0.402623,-0.593531,-0.143638,0.628997,0.784661,0.729111,0.751139,1.18975,0.76848,0.636715,0.60362,0.816455,0.780226,1.27347,0.922493,0.833965,0.664466,0.924772,0.614947,0.595033,0.578462,0.833859,0.807747,0.82305,0.844639,0.960238,0.808881,
2.38,0.780646,0.482442,0.791538,0.519903,0.953715,0.980207,-0.505172,-0.579499,-0.0409919,0.0541518,0.379965,0.479622,0.246061,0.29345,1.07595,1.0592,1.09936,0.570374,0.727432,0.822278,0.807078,0.770149,-0.2591,0.607891,0.850959,1.36402,1.39012,-0.947385,0.905303,0.386639,0.737845,-1.37968,0.308935,0.604619,0.303786,-0.166245,0.459894,0.916518,0.97656,1.06841,1.00556,0.629756,0.965069,0.366907,0.953105,0.860173,-0.775221,-0.337507,0.0482106,0.277667,1.35985,0.667499,-1.95865,-2.46112,1.04769,1.24468,1.0936,0.436128,0.453135,0.796514,0.714908,0.262445,-0.377907,0.518986,0.663346,1.38818,1.42924,-1.31994,0.955557,0.358093,0.913944,-1.63438,-0.273465,0.402621,-0.592649,-0.143637,0.628941,0.784233,0.728951,0.750985,1.18995,0.768284,0.636522,0.603433,0.816688,0.78058,1.27405,0.922273,0.833991,0.664594,0.924261,0.61473,0.594801,0.578262,0.833688,0.807469,0.822919,0.845334,0.95948,0.808859,
2.385,0.780776,0.482593,0.791585,0.519929,0.953859,0.98033,-0.505099,-0.579498,-0.0409709,0.0542781,0.379928,0.47952,0.246056,0.293447,1.07563,1.05896,1.09937,0.569052,0.726444,0.821648,0.8065,0.768956,-0.260522,0.608063,0.850969,1.36397,1.39016,-0.948304,0.905122,0.386762,0.737816,-1.37963,0.30899,0.604528,0.303108,-0.166245,0.459843,0.91621,0.977297,1.06902,1.0055,0.629717,0.96477,0.366625,0.952868,0.860041,-0.775544,-0.337508,0.0482573,0.27767,1.35963,0.667059,-1.95865,-2.46112,1.04769,1.24459,1.0934,0.436458,0.453238,0.796326,0.715158,0.262571,-0.377758,0.518794,0.663453,1.3879,1.42913,-1.31989,0.955567,0.358534,0.914138,-1.63476,-0.274147,0.40262,-0.591821,-0.143635,0.628841,0.783804,0.728788,0.750839,1.19016,0.768172,0.636384,0.603301,0.816911,0.780894,1.27458,0.922113,0.834052,0.664711,0.92381,0.614564,0.594629,0.578106,0.833541,0.807209,0.822798,0.845248,0.958843,0.808838,
2.39,0.780891,0.482725,0.791702,0.519979,0.954049,0.980479,-0.505012,-0.579497,-0.0409539,0.0544031,0.3799,0.479422,0.246052,0.293444,1.07535,1.05877,1.0994,0.567876,0.725574,0.821108,0.805994,0.767901,-0.261762,0.608235,0.850958,1.36394,1.39021,-0.949125,0.904958,0.386876,0.737767,-1.37957,0.309064,0.604476,0.302451,-0.166244,0.459803,0.915958,0.977804,1.06942,1.00547,0.629681,0.964515,0.36638,0.952667,0.859944,-0.775806,-0.337509,0.0483062,0.277674,1.3595,0.666627,-1.95865,-2.46112,1.04774,1.24456,1.09325,0.436846,0.453358,0.796182,0.715432,0.262717,-0.377601,0.518629,0.663551,1.38769,1.42905,-1.31979,0.955587,0.358932,0.914317,-1.63506,-0.274688,0.402618,-0.591054,-0.143632,0.628747,0.783443,0.728637,0.750711,1.19037,0.768126,0.636299,0.603222,0.817122,0.781167,1.27505,0.92201,0.834143,0.664809,0.923424,0.614441,0.594508,0.577994,0.833414,0.806968,0.822685,0.845083,0.958319,0.80882,
2.395,0.780989,0.482837,0.791885,0.520051,0.954282,0.980647,-0.504914,-0.579497,-0.0409412,0.0545266,0.379879,0.479338,0.246049,0.29344,1.07513,1.05864,1.09946,0.566848,0.724813,0.820654,0.805557,0.766961,-0.262822,0.608408,0.850936,1.36393,1.39027,-0.94985,0.90481,0.386982,0.7377,-1.37948,0.309152,0.604463,0.301825,-0.166242,0.459774,0.915804,0.978053,1.06959,1.00544,0.629653,0.964307,0.366187,0.952503,0.85988,-0.77601,-0.33751,0.0483573,0.277677,1.35947,0.666264,-1.95866,-2.46113,1.04785,1.2446,1.09314,0.437279,0.453506,0.796119,0.715723,0.262884,-0.377428,0.51849,0.66364,1.38757,1.42901,-1.31964,0.955621,0.359288,0.914481,-1.63529,-0.275069,0.402616,-0.590351,-0.143629,0.628674,0.783197,0.728507,0.750607,1.19058,0.768131,0.63626,0.603188,0.817316,0.781396,1.27545,0.92196,0.83426,0.664888,0.923105,0.614354,0.594432,0.577926,0.833303,0.806749,0.822578,0.844975,0.957905,0.808807,
2.4,0.781081,0.482933,0.792135,0.520144,0.954562,0.980869,-0.504808,-0.579496,-0.0409319,0.0545507,0.379866,0.479284,0.246045,0.293435,1.07497,1.05856,1.09955,0.565958,0.724144,0.820279,0.805186,0.766096,-0.263715,0.608592,0.850912,1.36393,1.39035,-0.950472,0.904748,0.387082,0.737621,-1.37938,0.309252,0.604496,0.301242,-0.166239,0.459755,0.915812,0.978037,1.06954,1.00544,0.629637,0.964153,0.366067,0.95239,0.859865,-0.776158,-0.337511,0.0484126,0.277681,1.35966,0.666092,-1.95866,-2.46113,1.04802,1.24471,1.09308,0.437744,0.45369,0.796177,0.716025,0.263069,-0.377229,0.51838,0.663729,1.38757,1.42902,-1.31946,0.955693,0.359602,0.914629,-1.63545,-0.275312,0.402614,-0.589715,-0.143624,0.62874,0.78314,0.728402,0.750526,1.19078,0.768208,0.636265,0.603199,0.817503,0.781582,1.27579,0.921958,0.834396,0.66496,0.92286,0.614318,0.594413,0.5779,0.833226,0.806554,0.822493,0.844929,0.957621,0.808803,
2.405,0.781154,0.483013,0.792439,0.520255,0.954865,0.98109,-0.504696,-0.579496,-0.0409254,0.0545835,0.379858,0.479261,0.246042,0.293429,1.07485,1.05853,1.09966,0.565185,0.723572,0.819967,0.804847,0.765142,-0.26447,0.608778,0.850888,1.36396,1.39043,-0.950962,0.904695,0.387176,0.737533,-1.37927,0.309362,0.604568,0.300716,-0.166235,0.459744,0.915988,0.977767,1.06927,1.00546,0.629632,0.964054,0.366012,0.952323,0.859876,-0.776255,-0.337513,0.0484678,0.277685,1.36001,0.666124,-1.95866,-2.46113,1.04823,1.24488,1.09307,0.438226,0.453916,0.796309,0.716333,0.26327,-0.376992,0.518299,0.663806,1.38766,1.42906,-1.3193,0.955782,0.359876,0.914759,-1.63555,-0.275449,0.402611,-0.589146,-0.143619,0.628894,0.783276,0.728319,0.750465,1.19097,0.768326,0.636307,0.603245,0.817668,0.781722,1.27607,0.922002,0.834547,0.665008,0.922684,0.614311,0.594431,0.577915,0.833161,0.806386,0.822413,0.844937,0.957434,0.808802,
2.41,0.781216,0.483077,0.792764,0.520376,0.955165,0.981321,-0.504581,-0.579496,-0.0409214,0.0546076,0.379857,0.479267,0.246039,0.293424,1.0748,1.05857,1.0998,0.564531,0.723101,0.819717,0.804297,0.763775,-0.265092,0.608964,0.850861,1.36397,1.39048,-0.951229,0.904686,0.386965,0.737441,-1.37914,0.309465,0.604656,0.300265,-0.16623,0.45974,0.916317,0.977264,1.0688,1.00549,0.629644,0.964008,0.366,0.9523,0.859912,-0.776301,-0.337515,0.0485274,0.27769,1.36049,0.666364,-1.95867,-2.46114,1.04849,1.2451,1.09311,0.438714,0.454183,0.796508,0.716641,0.263483,-0.376712,0.518245,0.663873,1.38783,1.42913,-1.31913,0.955884,0.360113,0.914867,-1.63558,-0.275494,0.402608,-0.588644,-0.143613,0.62913,0.783591,0.728254,0.750418,1.19115,0.768453,0.63637,0.603315,0.817806,0.781818,1.27627,0.922086,0.834706,0.665046,0.922574,0.614334,0.594485,0.577967,0.833107,0.806246,0.822337,0.844994,0.95734,0.808807,
2.415,0.781263,0.483125,0.793087,0.520506,0.955439,0.981535,-0.504465,-0.579496,-0.0409193,0.0546251,0.379858,0.479296,0.246036,0.293417,1.07479,1.05865,1.09996,0.564005,0.722593,0.819531,0.804057,0.763402,-0.265576,0.609148,0.850832,1.36399,1.39051,-0.95127,0.904688,0.386832,0.737348,-1.37901,0.309569,0.604757,0.299907,-0.166224,0.45974,0.916759,0.976557,1.06816,1.00553,0.629668,0.964013,0.366021,0.952317,0.859957,-0.776299,-0.337517,0.0485869,0.277694,1.36104,0.666769,-1.95867,-2.46114,1.04878,1.24535,1.0932,0.439196,0.454489,0.796756,0.716944,0.263701,-0.376389,0.518217,0.663924,1.38804,1.42922,-1.31897,0.95598,0.360316,0.91495,-1.63555,-0.275456,0.402605,-0.588207,-0.143607,0.629406,0.784039,0.7282,0.750377,1.19131,0.768605,0.636453,0.603404,0.817908,0.781869,1.2764,0.922205,0.83487,0.665067,0.922523,0.614382,0.594568,0.578053,0.83306,0.806134,0.822259,0.845097,0.957327,0.808815,
2.42,0.78129,0.483157,0.793391,0.520639,0.955669,0.98172,-0.50435,-0.579495,-0.0409183,0.0546404,0.379861,0.479337,0.246033,0.293409,1.07484,1.05879,1.10014,0.563605,0.722111,0.819281,0.804114,0.763374,-0.265916,0.609326,0.8508,1.36403,1.39054,-0.9512,0.904674,0.386707,0.737258,-1.37887,0.309673,0.604869,0.299647,-0.166219,0.459744,0.917252,0.975684,1.06738,1.00557,0.629706,0.964066,0.366074,0.952368,0.859999,-0.776251,-0.337518,0.0486486,0.277699,1.36155,0.667263,-1.95868,-2.46115,1.04908,1.24561,1.09333,0.439664,0.454825,0.797037,0.717237,0.263918,-0.376029,0.518215,0.663951,1.38825,1.42931,-1.3188,0.956048,0.360489,0.915003,-1.63546,-0.275338,0.402601,-0.587834,-0.143599,0.629652,0.784553,0.728147,0.750333,1.19144,0.768777,0.636548,0.603507,0.817968,0.781876,1.27644,0.922357,0.835033,0.66507,0.922527,0.614452,0.594676,0.57817,0.833015,0.806053,0.822173,0.845244,0.957386,0.80882,
2.425,0.781303,0.483175,0.793663,0.520774,0.95585,0.981883,-0.504238,-0.579495,-0.0409177,0.0546557,0.379866,0.479382,0.24603,0.293401,1.07494,1.05897,1.10032,0.563443,0.721722,0.819092,0.804194,0.763496,-0.265865,0.609493,0.850765,1.36406,1.39055,-0.951048,0.904653,0.386584,0.737173,-1.37872,0.309779,0.604986,0.299474,-0.166213,0.459749,0.917742,0.974687,1.0665,1.00562,0.629754,0.964161,0.366155,0.952444,0.860036,-0.77616,-0.33752,0.0487102,0.277705,1.36197,0.667777,-1.95868,-2.46115,1.04936,1.24587,1.0935,0.440111,0.455184,0.797343,0.717517,0.26413,-0.375639,0.518236,0.663955,1.38845,1.4294,-1.31863,0.956077,0.360637,0.915022,-1.63532,-0.275147,0.402597,-0.587518,-0.143591,0.629823,0.785075,0.728083,0.750273,1.19156,0.768956,0.636653,0.603621,0.817986,0.78184,1.27641,0.922536,0.835191,0.66506,0.922581,0.614543,0.594806,0.578315,0.832973,0.806001,0.822082,0.845431,0.957514,0.808821,
2.43,0.781302,0.48318,0.793891,0.520907,0.955979,0.982025,-0.504131,-0.579494,-0.0409165,0.054671,0.37987,0.479425,0.246026,0.293393,1.07508,1.05919,1.1005,0.563678,0.721541,0.819099,0.804338,0.76375,-0.265569,0.60965,0.850725,1.36411,1.39053,-0.950824,0.90464,0.386464,0.737095,-1.37858,0.309886,0.605102,0.299378,-0.166206,0.459753,0.918186,0.973606,1.06554,1.00567,0.629812,0.964296,0.366263,0.952542,0.860069,-0.776028,-0.337521,0.0487761,0.27771,1.36227,0.668258,-1.95869,-2.46116,1.04962,1.2461,1.09369,0.440531,0.455555,0.79767,0.71778,0.264334,-0.375229,0.51828,0.663939,1.38862,1.42948,-1.31845,0.956067,0.360765,0.914999,-1.63513,-0.275005,0.402593,-0.587255,-0.143583,0.6299,0.78556,0.727992,0.750183,1.19164,0.769128,0.636765,0.603741,0.817965,0.781762,1.2763,0.922738,0.835341,0.665042,0.922682,0.614654,0.594959,0.578485,0.832934,0.805979,0.821987,0.845655,0.957712,0.808819,
2.435,0.78129,0.483174,0.794069,0.521034,0.956062,0.982148,-0.50403,-0.579493,-0.0409143,0.0546929,0.379872,0.479462,0.246022,0.293384,1.07528,1.05942,1.10066,0.563707,0.721597,0.819246,0.804551,0.76413,-0.265406,0.609796,0.850681,1.36415,1.39048,-0.950667,0.904646,0.386348,0.737025,-1.37844,0.309993,0.60521,0.299353,-0.166199,0.459755,0.918555,0.972471,1.06455,1.00572,0.629878,0.964464,0.366356,0.95266,0.860103,-0.775857,-0.337522,0.0488442,0.277716,1.36245,0.668666,-1.9587,-2.46117,1.04984,1.24629,1.0939,0.44092,0.455932,0.798014,0.718024,0.264529,-0.374808,0.518344,0.663906,1.38876,1.42955,-1.31827,0.956021,0.360878,0.91493,-1.63498,-0.274859,0.402589,-0.587036,-0.143573,0.629872,0.785982,0.72786,0.75005,1.1917,0.769281,0.636883,0.603865,0.817905,0.781644,1.27613,0.922961,0.835481,0.665017,0.922828,0.614784,0.595131,0.578676,0.8329,0.805987,0.82189,0.845911,0.95798,0.808816,
2.44,0.78127,0.483159,0.794194,0.521155,0.956099,0.982247,-0.503935,-0.579491,-0.0409106,0.0547191,0.379871,0.479488,0.246018,0.293374,1.0755,1.05966,1.10081,0.563795,0.72185,0.819496,0.804833,0.764632,-0.265186,0.609928,0.850634,1.3642,1.3904,-0.950504,0.904669,0.386237,0.736961,-1.3783,0.310102,0.605307,0.299395,-0.166193,0.459752,0.91883,0.971308,1.06352,1.00577,0.629951,0.964662,0.366453,0.952792,0.860137,-0.775708,-0.337523,0.0489144,0.277722,1.36249,0.668969,-1.95871,-2.46118,1.05,1.24644,1.09411,0.441274,0.456308,0.798369,0.718246,0.264712,-0.374383,0.518429,0.663858,1.38887,1.42959,-1.31808,0.955942,0.36098,0.91481,-1.63484,-0.274709,0.402584,-0.586852,-0.143563,0.629733,0.786321,0.727672,0.749862,1.19174,0.769414,0.637004,0.603992,0.817809,0.781487,1.27589,0.9232,0.835607,0.664986,0.923017,0.614931,0.59532,0.578887,0.83287,0.806024,0.821792,0.846196,0.958314,0.808811,
2.445,0.78124,0.483138,0.794266,0.521266,0.956096,0.982319,-0.503847,-0.579489,-0.0409044,0.0547563,0.379866,0.479499,0.246013,0.293363,1.07576,1.05989,1.10092,0.564011,0.722264,0.819831,0.805183,0.765252,-0.264846,0.610044,0.850584,1.36424,1.39029,-0.950334,0.904696,0.386132,0.736904,-1.37816,0.31021,0.605392,0.2995,-0.166187,0.459745,0.918995,0.97013,1.06248,1.00583,0.630027,0.964885,0.366556,0.95294,0.860171,-0.775557,-0.337523,0.0489866,0.277727,1.3624,0.669135,-1.95871,-2.46119,1.05011,1.24653,1.09432,0.44159,0.456676,0.79873,0.718445,0.264883,-0.373962,0.518532,0.663794,1.38895,1.42961,-1.31789,0.95583,0.36107,0.914637,-1.63469,-0.274552,0.402579,-0.586693,-0.143552,0.629476,0.786561,0.727416,0.749608,1.19174,0.769524,0.63713,0.604121,0.817678,0.781293,1.27559,0.923454,0.835718,0.664949,0.923245,0.615093,0.595525,0.579115,0.832843,0.806091,0.821693,0.846506,0.958712,0.808804,
2.45,0.781178,0.483109,0.794276,0.521369,0.95602,0.982277,-0.503767,-0.579486,-0.0408955,0.0548022,0.379857,0.479486,0.246008,0.293351,1.07605,1.06011,1.10101,0.564408,0.722815,0.820236,0.805599,0.765985,-0.264335,0.610137,0.850494,1.36427,1.39014,-0.950151,0.904644,0.386032,0.736852,-1.37803,0.31032,0.605452,0.299664,-0.166181,0.459729,0.91901,0.968949,1.06142,1.00586,0.6301,0.965125,0.366667,0.953099,0.860182,-0.775405,-0.337523,0.0490632,0.277734,1.3621,0.669084,-1.95872,-2.4612,1.05016,1.24657,1.09452,0.441868,0.457032,0.799094,0.71862,0.265042,-0.373551,0.518654,0.663694,1.38896,1.4296,-1.31768,0.955669,0.360631,0.914414,-1.63454,-0.274385,0.402573,-0.586552,-0.143541,0.629061,0.786651,0.727083,0.749283,1.19172,0.769626,0.637249,0.604245,0.817501,0.781065,1.27522,0.923719,0.835813,0.664891,0.923506,0.615266,0.595738,0.579357,0.832809,0.806185,0.821585,0.846837,0.959158,0.80879,
2.455,0.781135,0.483079,0.79426,0.521464,0.955955,0.98231,-0.503695,-0.579483,-0.0408834,0.0548613,0.379842,0.479452,0.246001,0.293339,1.07635,1.06031,1.10107,0.565011,0.723473,0.820703,0.806078,0.766819,-0.263618,0.610214,0.850415,1.36432,1.38998,-0.949949,0.904626,0.385939,0.736805,-1.3779,0.310429,0.60551,0.29978,-0.166175,0.459707,0.91892,0.967772,1.06036,1.0059,0.630176,0.965381,0.366789,0.953275,0.860212,-0.775249,-0.337522,0.0491397,0.277741,1.36171,0.668862,-1.95873,-2.46121,1.05017,1.24659,1.09471,0.442108,0.457373,0.799455,0.718771,0.265187,-0.373153,0.518794,0.663598,1.38896,1.42958,-1.31747,0.955485,0.360243,0.914145,-1.63439,-0.274202,0.402567,-0.586426,-0.143528,0.628527,0.786648,0.726671,0.748886,1.19167,0.769697,0.637393,0.604385,0.817306,0.780802,1.27482,0.923994,0.835891,0.66485,0.9238,0.615452,0.595968,0.579612,0.832793,0.806307,0.821489,0.847188,0.959669,0.808779,
2.46,0.7811,0.483048,0.794227,0.521549,0.955909,0.982359,-0.503631,-0.57948,-0.0408677,0.0549334,0.379818,0.479398,0.245994,0.293327,1.07667,1.06048,1.1011,0.565814,0.72422,0.821225,0.806617,0.767748,-0.262704,0.610275,0.850359,1.36437,1.3898,-0.949717,0.904631,0.385852,0.736761,-1.37777,0.310539,0.605555,0.2999,-0.166169,0.459674,0.918754,0.966606,1.0593,1.00597,0.630257,0.965651,0.366926,0.953467,0.860259,-0.77509,-0.33752,0.0492226,0.277748,1.36124,0.668485,-1.95874,-2.46123,1.05015,1.24658,1.09489,0.442311,0.457695,0.799808,0.718895,0.265319,-0.372772,0.518949,0.663506,1.38893,1.42956,-1.31726,0.955288,0.359863,0.91384,-1.63423,-0.273995,0.402562,-0.587038,-0.143515,0.627879,0.786578,0.72618,0.748422,1.19159,0.769731,0.63755,0.604532,0.817091,0.78051,1.27438,0.924279,0.835953,0.664807,0.924126,0.615647,0.596211,0.579877,0.832786,0.806454,0.821402,0.847554,0.960235,0.808773,
2.465,0.781058,0.483021,0.794212,0.521631,0.955903,0.982424,-0.503575,-0.579476,-0.0408479,0.0550209,0.379789,0.479334,0.245987,0.293314,1.07699,1.06064,1.10111,0.566792,0.725045,0.821796,0.807213,0.768771,-0.26162,0.610328,0.850295,1.36443,1.38964,-0.949443,0.904658,0.38577,0.736718,-1.37765,0.310649,0.605603,0.300025,-0.166164,0.459632,0.918572,0.96545,1.05825,1.00604,0.630339,0.965937,0.367083,0.953676,0.860336,-0.774924,-0.337518,0.0493077,0.277756,1.3608,0.66803,-1.95875,-2.46124,1.05012,1.24659,1.09506,0.44248,0.457997,0.800157,0.718996,0.265438,-0.372409,0.519121,0.663412,1.38893,1.42955,-1.31703,0.955098,0.359471,0.913507,-1.63407,-0.273756,0.402555,-0.587654,-0.143501,0.627174,0.786508,0.725616,0.747894,1.19149,0.769775,0.63773,0.604699,0.81687,0.780188,1.27391,0.924571,0.836001,0.66476,0.92449,0.61586,0.596477,0.580153,0.832805,0.806625,0.821339,0.847939,0.960871,0.808775,
2.47,0.781012,0.482997,0.794173,0.521705,0.955872,0.982343,-0.503525,-0.579471,-0.0408247,0.0551237,0.379753,0.479248,0.245979,0.2933,1.07732,1.06077,1.1011,0.567917,0.725944,0.822412,0.807862,0.769879,-0.260395,0.610355,0.850234,1.36443,1.38944,-0.949118,0.904552,0.385692,0.736674,-1.37753,0.310758,0.605608,0.300158,-0.166159,0.45958,0.918338,0.964302,1.05722,1.0061,0.630411,0.96623,0.367263,0.953907,0.8604,-0.77475,-0.337515,0.049397,0.277763,1.36027,0.667418,-1.95877,-2.46126,1.05011,1.24662,1.09525,0.44262,0.458278,0.800499,0.719071,0.265547,-0.372067,0.519308,0.663292,1.38887,1.42953,-1.3168,0.954885,0.35906,0.913154,-1.63389,-0.273474,0.402548,-0.588291,-0.143486,0.626366,0.786379,0.724985,0.74731,1.19137,0.769799,0.637911,0.604868,0.816614,0.77984,1.27339,0.924874,0.836037,0.664703,0.924881,0.61608,0.596744,0.580439,0.83281,0.806818,0.821267,0.848331,0.961536,0.808774,
2.475,0.780977,0.482976,0.794117,0.52177,0.955834,0.982199,-0.503479,-0.579467,-0.0407969,0.0552396,0.379709,0.479134,0.24597,0.293286,1.07766,1.0609,1.10108,0.569169,0.726901,0.823069,0.808562,0.771062,-0.259048,0.61035,0.8502,1.3644,1.38925,-0.948732,0.904326,0.385617,0.736628,-1.37741,0.310868,0.605571,0.300303,-0.166155,0.459518,0.918037,0.963161,1.0562,1.00616,0.630467,0.966527,0.367467,0.954155,0.860452,-0.774565,-0.337511,0.0494905,0.277771,1.35965,0.666615,-1.95878,-2.46127,1.05014,1.2467,1.09545,0.442736,0.458539,0.80083,0.71912,0.265649,-0.371744,0.519508,0.66315,1.38875,1.42948,-1.31657,0.954641,0.358628,0.912789,-1.6337,-0.27314,0.402541,-0.58896,-0.143471,0.625432,0.78616,0.72429,0.746672,1.19123,0.769809,0.638113,0.605053,0.81633,0.779468,1.27282,0.925186,0.836065,0.664646,0.925299,0.616307,0.597014,0.580735,0.83281,0.807031,0.821188,0.84873,0.96223,0.80877,
2.48,0.780968,0.482962,0.794117,0.52184,0.955862,0.982127,-0.503437,-0.579462,-0.0407654,0.0553708,0.379656,0.479006,0.24596,0.293271,1.078,1.06101,1.10105,0.570531,0.7279,0.823765,0.809306,0.772316,-0.257599,0.610327,0.850204,1.3644,1.38915,-0.948282,0.904118,0.385543,0.736577,-1.3773,0.310977,0.605538,0.300467,-0.166151,0.459447,0.917745,0.96203,1.05521,1.00623,0.630512,0.966833,0.367696,0.954418,0.860534,-0.774364,-0.337507,0.0495862,0.27778,1.3591,0.66574,-1.95879,-2.46129,1.05022,1.24684,1.09568,0.442834,0.45878,0.80115,0.719154,0.265722,-0.37144,0.519722,0.663007,1.38864,1.42942,-1.31633,0.9544,0.358177,0.912416,-1.63349,-0.272746,0.402534,-0.589661,-0.143454,0.624438,0.785934,0.723533,0.74598,1.19108,0.769858,0.63836,0.605278,0.816051,0.779076,1.27224,0.92551,0.836088,0.664598,0.925753,0.616557,0.597309,0.581044,0.83284,0.807261,0.821133,0.849153,0.962984,0.808772,
2.485,0.780952,0.482955,0.794156,0.521915,0.955932,0.98202,-0.503395,-0.579458,-0.0407302,0.0554952,0.379598,0.478869,0.24595,0.293257,1.07834,1.06112,1.10102,0.571989,0.728956,0.824499,0.810093,0.773646,-0.25606,0.61029,0.850225,1.3644,1.38903,-0.947766,0.903859,0.385467,0.73652,-1.37719,0.311087,0.605507,0.300655,-0.166148,0.459366,0.917488,0.960917,1.05425,1.00631,0.630543,0.967148,0.367947,0.954699,0.860632,-0.774143,-0.337503,0.0496861,0.277789,1.35859,0.664819,-1.95881,-2.46131,1.05036,1.24707,1.09595,0.442918,0.459004,0.801465,0.719172,0.265758,-0.371153,0.519948,0.662854,1.38854,1.42938,-1.31608,0.954164,0.357708,0.912041,-1.63326,-0.272287,0.402526,-0.590397,-0.143437,0.623399,0.78573,0.722711,0.74523,1.19092,0.769919,0.63862,0.605516,0.815764,0.778665,1.27165,0.92585,0.836114,0.66454,0.926241,0.616819,0.597618,0.581364,0.832884,0.807505,0.821093,0.849587,0.963785,0.808776,
2.49,0.780928,0.482954,0.794229,0.521995,0.956047,0.98191,-0.503351,-0.579454,-0.040691,0.0556204,0.379533,0.478727,0.24594,0.293243,1.07868,1.06123,1.10098,0.573529,0.730067,0.825268,0.810919,0.775041,-0.254439,0.610244,0.850243,1.36441,1.38892,-0.947186,0.903553,0.385388,0.736453,-1.37709,0.311197,0.605479,0.300874,-0.166145,0.459275,0.917289,0.959832,1.05332,1.0064,0.63056,0.967473,0.368221,0.955002,0.860745,-0.773899,-0.337499,0.0497882,0.277798,1.35816,0.663877,-1.95882,-2.46133,1.05058,1.24738,1.09626,0.442989,0.459213,0.801777,0.719179,0.265768,-0.370879,0.520186,0.662697,1.38848,1.42936,-1.31583,0.953932,0.357223,0.911667,-1.63299,-0.271763,0.402518,-0.591166,-0.143419,0.622329,0.785576,0.721815,0.744414,1.19077,0.769984,0.638903,0.605771,0.815472,0.778239,1.27102,0.926207,0.836147,0.664476,0.926759,0.617091,0.597938,0.581695,0.832939,0.807759,0.821063,0.850034,0.964629,0.808781,
2.495,0.780902,0.482958,0.794328,0.522079,0.956208,0.981812,-0.503302,-0.57945,-0.0406484,0.0557466,0.379461,0.47858,0.245929,0.29323,1.07902,1.06134,1.10096,0.575144,0.731228,0.826073,0.811781,0.776494,-0.25274,0.610193,0.850257,1.36442,1.3888,-0.946542,0.90322,0.385301,0.736375,-1.377,0.311307,0.60545,0.301131,-0.166142,0.459174,0.917159,0.95878,1.05243,1.00649,0.630565,0.967806,0.368513,0.955328,0.860871,-0.773628,-0.337494,0.0498924,0.277807,1.3578,0.662926,-1.95884,-2.46135,1.05088,1.24779,1.09662,0.442742,0.459409,0.802091,0.719181,0.265772,-0.370616,0.520433,0.662541,1.38845,1.42936,-1.31558,0.953702,0.356722,0.911293,-1.63269,-0.271174,0.402509,-0.591968,-0.143401,0.621228,0.785484,0.720836,0.743521,1.19061,0.770042,0.639208,0.606043,0.815172,0.777801,1.27038,0.926587,0.836195,0.664411,0.927303,0.617369,0.598268,0.582037,0.833,0.80802,0.821039,0.850491,0.965511,0.808788,
2.5,0.780862,0.482963,0.794429,0.522166,0.956381,0.981671,-0.503245,-0.579448,-0.040603,0.055874,0.379384,0.478426,0.245918,0.293218,1.07938,1.06147,1.10094,0.576824,0.732451,0.826913,0.812675,0.778008,-0.250968,0.610137,0.850257,1.36443,1.38864,-0.945838,0.90283,0.385204,0.736283,-1.37691,0.31142,0.605421,0.301426,-0.166139,0.459069,0.917087,0.957759,1.05156,1.00659,0.630556,0.968143,0.368824,0.955682,0.860999,-0.773328,-0.337491,0.0499987,0.277817,1.3575,0.661951,-1.95885,-2.46137,1.05127,1.2483,1.09704,0.442546,0.459598,0.802415,0.719182,0.265777,-0.37036,0.520691,0.66238,1.38846,1.42939,-1.31532,0.953468,0.356207,0.910921,-1.63235,-0.270524,0.4025,-0.592801,-0.143381,0.620101,0.785444,0.71976,0.74254,1.19048,0.770107,0.639524,0.606324,0.814858,0.777354,1.2697,0.926995,0.836267,0.664337,0.927867,0.617653,0.598605,0.582388,0.833063,0.808285,0.821016,0.850957,0.966421,0.808794,
2.505,0.780822,0.482969,0.794547,0.522261,0.956591,0.981561,-0.503175,-0.579447,-0.0405549,0.0560028,0.379302,0.478271,0.245907,0.293207,1.07974,1.06161,1.10093,0.578564,0.733725,0.82779,0.8136,0.779575,-0.249123,0.610078,0.850248,1.36444,1.38848,-0.945076,0.902436,0.385093,0.736174,-1.37682,0.311534,0.605397,0.301759,-0.166137,0.458955,0.917086,0.95676,1.0507,1.00669,0.630539,0.968484,0.369149,0.956062,0.861142,-0.772997,-0.337487,0.050105,0.277827,1.3573,0.660981,-1.95887,-2.46138,1.05175,1.2489,1.09752,0.442383,0.459782,0.802756,0.719191,0.265789,-0.370105,0.520958,0.662224,1.38852,1.42945,-1.31505,0.953239,0.355678,0.91055,-1.63197,-0.269816,0.402492,-0.593662,-0.143362,0.618969,0.785478,0.718579,0.741464,1.19036,0.77018,0.639869,0.606631,0.814539,0.776899,1.26899,0.927436,0.836371,0.664265,0.928448,0.617947,0.598955,0.582751,0.833133,0.808549,0.820998,0.851439,0.967366,0.808802,
2.51,0.780791,0.482973,0.794705,0.522367,0.956869,0.981508,-0.503088,-0.579448,-0.0405046,0.0561332,0.379217,0.478122,0.245897,0.293197,1.08012,1.06178,1.10094,0.580362,0.735036,0.828707,0.81455,0.781187,-0.247203,0.610029,0.850236,1.36447,1.38835,-0.944257,0.902077,0.384964,0.736046,-1.37673,0.311651,0.605376,0.302125,-0.166134,0.458836,0.91718,0.955771,1.04985,1.00681,0.63052,0.968834,0.36949,0.956469,0.86131,-0.772637,-0.337485,0.0502134,0.277837,1.35721,0.660062,-1.95889,-2.4614,1.05231,1.24958,1.09807,0.442245,0.459967,0.803115,0.719216,0.265812,-0.369844,0.521234,0.662082,1.38862,1.42954,-1.31477,0.953024,0.355136,0.910175,-1.63155,-0.269057,0.402483,-0.594548,-0.143342,0.617846,0.785615,0.717289,0.740295,1.19027,0.770264,0.640255,0.606971,0.814225,0.776439,1.26828,0.927917,0.836516,0.664191,0.929049,0.618254,0.599324,0.583126,0.833209,0.80881,0.820982,0.85194,0.96835,0.808817,
2.515,0.780756,0.482972,0.794897,0.522487,0.957193,0.981459,-0.502981,-0.579451,-0.0404528,0.0562652,0.379128,0.477981,0.245887,0.29319,1.08052,1.06197,1.10097,0.582213,0.736386,0.829666,0.815523,0.782848,-0.245205,0.609993,0.850208,1.3645,1.38824,-0.94338,0.901725,0.384813,0.735897,-1.37665,0.311773,0.60535,0.302517,-0.166131,0.458714,0.917365,0.954774,1.04898,1.00694,0.630505,0.969194,0.369843,0.956894,0.86149,-0.772247,-0.337485,0.0503197,0.277847,1.35722,0.659198,-1.9589,-2.46142,1.05294,1.25033,1.09867,0.442142,0.460159,0.8035,0.719263,0.265852,-0.36957,0.521518,0.661945,1.38872,1.42962,-1.31449,0.952818,0.354581,0.909795,-1.63108,-0.26825,0.402474,-0.595456,-0.143321,0.616719,0.785845,0.715898,0.739042,1.19023,0.770359,0.640671,0.607339,0.813907,0.775976,1.26754,0.928445,0.836713,0.664105,0.929664,0.618568,0.599707,0.583514,0.833279,0.809063,0.820959,0.852463,0.969364,0.808837,
2.52,0.780717,0.482955,0.795053,0.522625,0.957388,0.981299,-0.502876,-0.579457,-0.0403994,0.056399,0.379039,0.477829,0.245877,0.293184,1.08094,1.06218,1.10103,0.584117,0.737786,0.830672,0.816514,0.784565,-0.243124,0.609975,0.850151,1.36451,1.38815,-0.942443,0.901373,0.384636,0.735725,-1.37657,0.3119,0.605292,0.302925,-0.166128,0.458588,0.917508,0.953756,1.04809,1.00704,0.63049,0.969567,0.37021,0.957317,0.861626,-0.77183,-0.337486,0.0504239,0.277856,1.35708,0.658285,-1.95891,-2.46144,1.05362,1.2511,1.09932,0.442088,0.460366,0.803923,0.719341,0.26591,-0.369273,0.521809,0.661762,1.38866,1.42961,-1.31418,0.952582,0.354013,0.909407,-1.63058,-0.267399,0.402465,-0.596382,-0.143301,0.61554,0.786001,0.71442,0.737726,1.19022,0.77051,0.641057,0.607698,0.813555,0.775512,1.26675,0.92903,0.836972,0.664007,0.930281,0.618891,0.600093,0.583918,0.83331,0.809306,0.820891,0.853011,0.970372,0.808852,
2.525,0.780672,0.48292,0.795193,0.522789,0.957481,0.981105,-0.502773,-0.579466,-0.040346,0.0565346,0.378948,0.477658,0.245869,0.293182,1.0814,1.06243,1.10111,0.586072,0.739244,0.83173,0.817523,0.786346,-0.240953,0.609984,0.850064,1.36453,1.38812,-0.941441,0.901012,0.384428,0.73553,-1.37649,0.312037,0.605227,0.303341,-0.166125,0.458463,0.917539,0.952702,1.04716,1.00712,0.630481,0.969957,0.37059,0.957721,0.861723,-0.771387,-0.33749,0.0505259,0.277866,1.35677,0.65728,-1.95893,-2.46145,1.05433,1.25189,1.10002,0.442094,0.460598,0.804397,0.719457,0.265987,-0.368938,0.522109,0.661539,1.38845,1.42953,-1.31386,0.95231,0.353432,0.909009,-1.63004,-0.266507,0.402456,-0.597322,-0.143281,0.614314,0.786007,0.712878,0.736368,1.19028,0.770745,0.641468,0.608089,0.813178,0.775047,1.26591,0.929678,0.837304,0.663895,0.930899,0.619233,0.600496,0.584342,0.833324,0.809534,0.820792,0.853591,0.971383,0.808859,
2.53,0.780618,0.482865,0.795344,0.522982,0.957532,0.980896,-0.50267,-0.579478,-0.0402927,0.0566719,0.378858,0.477464,0.245861,0.293182,1.08189,1.06273,1.10123,0.588082,0.740766,0.83285,0.818551,0.78819,-0.23868,0.610028,0.849944,1.36455,1.38814,-0.940367,0.900626,0.384185,0.735311,-1.37641,0.312186,0.605166,0.303754,-0.166121,0.458338,0.917441,0.9516,1.04618,1.00719,0.630477,0.970369,0.370985,0.958104,0.861797,-0.770919,-0.337496,0.0506216,0.277875,1.35631,0.656173,-1.95894,-2.46147,1.05504,1.25267,1.10075,0.442173,0.460869,0.80493,0.71962,0.266081,-0.368552,0.522417,0.661293,1.38815,1.42939,-1.31351,0.952003,0.352837,0.908601,-1.62946,-0.265576,0.402447,-0.598273,-0.143261,0.61305,0.785853,0.711296,0.734991,1.19039,0.771055,0.641921,0.608522,0.812785,0.774582,1.26503,0.9304,0.837721,0.663766,0.931519,0.619598,0.600922,0.58479,0.833326,0.809746,0.820667,0.854207,0.972412,0.808857,
2.535,0.780548,0.482786,0.795516,0.523205,0.957576,0.980672,-0.502566,-0.579493,-0.0402399,0.056811,0.378771,0.477246,0.245855,0.293186,1.08242,1.06307,1.10139,0.59015,0.74236,0.834038,0.819601,0.790104,-0.236294,0.610104,0.849788,1.36459,1.38819,-0.939212,0.900204,0.383903,0.735067,-1.37633,0.312354,0.605109,0.304157,-0.166117,0.458217,0.917225,0.950446,1.04516,1.00726,0.630482,0.970803,0.371395,0.958466,0.861853,-0.770427,-0.337506,0.0507151,0.277884,1.35571,0.654965,-1.95895,-2.46148,1.05573,1.25341,1.1015,0.442328,0.461195,0.805533,0.719837,0.266197,-0.36809,0.522736,0.66103,1.38777,1.42924,-1.31312,0.951665,0.352226,0.908183,-1.62884,-0.264604,0.402438,-0.599232,-0.143241,0.611754,0.785554,0.7097,0.733617,1.19058,0.77143,0.642423,0.609004,0.812378,0.774118,1.26411,0.931206,0.838235,0.663617,0.932144,0.619985,0.601376,0.585268,0.833313,0.809938,0.820517,0.854865,0.97347,0.808847,
2.54,0.780462,0.482683,0.795718,0.523459,0.957627,0.980439,-0.502459,-0.579513,-0.040189,0.0569516,0.378686,0.477008,0.24585,0.293193,1.083,1.06348,1.10159,0.592282,0.744037,0.835305,0.820676,0.792095,-0.23378,0.610215,0.849594,1.36463,1.38829,-0.937966,0.899751,0.383578,0.7348,-1.37623,0.312549,0.605065,0.304542,-0.166112,0.458099,0.916915,0.949245,1.04408,1.00733,0.630491,0.971267,0.371823,0.958812,0.8619,-0.769912,-0.33752,0.0508002,0.277892,1.35501,0.653678,-1.95896,-2.46149,1.05639,1.2541,1.10227,0.44242,0.461596,0.806219,0.72012,0.266327,-0.367525,0.523068,0.660752,1.38737,1.42909,-1.31269,0.951303,0.351597,0.907757,-1.62819,-0.263591,0.40243,-0.600197,-0.143222,0.610451,0.78514,0.708117,0.732266,1.19085,0.771892,0.642977,0.609539,0.811961,0.773654,1.26313,0.932106,0.838857,0.663448,0.932779,0.620403,0.601865,0.585779,0.833289,0.810108,0.820341,0.855572,0.974574,0.808827,
2.545,0.780357,0.482555,0.795974,0.523749,0.957729,0.980226,-0.502347,-0.579537,-0.04014,0.0570935,0.378606,0.476762,0.245846,0.293204,1.08364,1.06394,1.10185,0.594486,0.745808,0.836661,0.821779,0.794175,-0.23112,0.610369,0.849361,1.3647,1.38844,-0.936615,0.899279,0.383209,0.73451,-1.37611,0.312783,0.605045,0.304902,-0.166106,0.457987,0.916568,0.948009,1.04298,1.00741,0.630508,0.971763,0.372271,0.959154,0.861952,-0.769373,-0.337538,0.0508789,0.2779,1.35429,0.652369,-1.95896,-2.46149,1.05699,1.25473,1.10304,0.442535,0.462092,0.807005,0.720477,0.266498,-0.366833,0.523415,0.660469,1.38698,1.42897,-1.3122,0.950932,0.350949,0.907323,-1.6275,-0.262531,0.402422,-0.601166,-0.143204,0.609187,0.784679,0.706572,0.730961,1.19121,0.772452,0.643606,0.610145,0.811541,0.773191,1.26211,0.933113,0.839601,0.663257,0.933433,0.620864,0.602403,0.58633,0.83326,0.810254,0.820146,0.856336,0.975742,0.808802,
2.55,0.780226,0.4824,0.796291,0.524079,0.957875,0.980005,-0.502222,-0.579565,-0.040094,0.0572367,0.378533,0.476516,0.245844,0.293218,1.08435,1.06448,1.10216,0.596772,0.747683,0.838116,0.822916,0.796354,-0.228297,0.610567,0.849066,1.36478,1.38865,-0.935146,0.898788,0.382792,0.734196,-1.37595,0.313069,0.605042,0.305233,-0.166099,0.457883,0.916222,0.946755,1.04186,1.0075,0.630527,0.972299,0.372742,0.959503,0.862012,-0.768808,-0.33756,0.0509511,0.277908,1.35358,0.651083,-1.95897,-2.46149,1.05752,1.25527,1.10379,0.442704,0.46271,0.807906,0.720918,0.266739,-0.36599,0.523781,0.66017,1.38661,1.42887,-1.31163,0.950558,0.350277,0.906878,-1.62676,-0.261421,0.402414,-0.602139,-0.143187,0.608001,0.784213,0.70509,0.72972,1.19167,0.773116,0.644307,0.610823,0.811117,0.772726,1.26102,0.934236,0.840479,0.663037,0.934113,0.62137,0.602995,0.586926,0.833221,0.810374,0.819926,0.857164,0.976984,0.808772,
2.555,0.780077,0.482216,0.796658,0.524449,0.958065,0.979802,-0.502075,-0.579598,-0.0400508,0.0573807,0.378465,0.476281,0.245844,0.293234,1.08513,1.06508,1.10252,0.599153,0.749674,0.839683,0.824091,0.798642,-0.225289,0.610817,0.84872,1.36488,1.3889,-0.933544,0.898299,0.382327,0.733859,-1.37575,0.313419,0.605055,0.30553,-0.16609,0.457788,0.915908,0.945505,1.04074,1.00759,0.630554,0.972881,0.373239,0.959867,0.86208,-0.768215,-0.337587,0.0510149,0.277914,1.35291,0.64986,-1.95897,-2.46149,1.05799,1.25573,1.10451,0.442979,0.463479,0.808935,0.721453,0.267076,-0.364977,0.524169,0.659867,1.38627,1.42881,-1.31096,0.950187,0.349578,0.906419,-1.62598,-0.260253,0.402407,-0.603115,-0.14317,0.606927,0.783773,0.703691,0.72856,1.19224,0.773874,0.645084,0.611575,0.810685,0.772259,1.25987,0.935488,0.841503,0.662796,0.934824,0.621926,0.603646,0.587574,0.833166,0.810468,0.819675,0.858062,0.978308,0.808739,
2.56,0.779911,0.481997,0.797032,0.524857,0.95825,0.979584,-0.501893,-0.579633,-0.0400116,0.0575253,0.378406,0.476056,0.245845,0.293253,1.08599,1.06577,1.10294,0.601641,0.751796,0.841373,0.825308,0.801048,-0.222075,0.61112,0.84833,1.36498,1.38918,-0.93179,0.897824,0.381813,0.733497,-1.37547,0.313846,0.605061,0.305793,-0.16608,0.457706,0.915607,0.94428,1.03966,1.00769,0.630589,0.973513,0.373767,0.960249,0.862142,-0.767591,-0.337618,0.0510723,0.277921,1.35222,0.648693,-1.95897,-2.46149,1.05837,1.2561,1.10518,0.443409,0.464419,0.810108,0.722093,0.267518,-0.363772,0.524581,0.65955,1.38594,1.42875,-1.31018,0.949807,0.348848,0.905943,-1.62515,-0.25902,0.4024,-0.604097,-0.143154,0.605963,0.783333,0.702392,0.727495,1.19293,0.774708,0.645922,0.612389,0.810232,0.771789,1.25863,0.936881,0.842688,0.662528,0.935569,0.62253,0.604352,0.588279,0.833079,0.810534,0.819376,0.859034,0.979713,0.808703,
2.565,0.779716,0.481747,0.797455,0.525308,0.958498,0.979359,-0.501658,-0.579673,-0.039977,0.0576702,0.378357,0.475852,0.245847,0.293274,1.08695,1.06653,1.10342,0.604252,0.754062,0.843202,0.826575,0.803593,-0.218628,0.611479,0.847883,1.36509,1.38953,-0.929869,0.897333,0.38125,0.73311,-1.37511,0.314359,0.605078,0.30602,-0.166068,0.457614,0.915354,0.943102,1.03862,1.0078,0.63063,0.974202,0.37433,0.960658,0.862215,-0.766931,-0.337654,0.0511255,0.277927,1.35161,0.647632,-1.95896,-2.46148,1.05869,1.25639,1.10581,0.44404,0.465547,0.811439,0.722846,0.268062,-0.362361,0.525023,0.659219,1.38564,1.42872,-1.30927,0.949427,0.348082,0.905441,-1.62426,-0.257712,0.402394,-0.605086,-0.143138,0.605147,0.782933,0.701203,0.726534,1.19374,0.775666,0.646876,0.613309,0.809768,0.771313,1.25731,0.938427,0.844045,0.662223,0.936358,0.6232,0.605135,0.589047,0.832978,0.810572,0.819039,0.860086,0.98123,0.808664,
2.57,0.779494,0.481474,0.797979,0.525814,0.958866,0.979191,-0.501347,-0.579715,-0.039947,0.0578151,0.378317,0.475691,0.24585,0.293296,1.088,1.06738,1.10396,0.607003,0.756494,0.845185,0.827899,0.806301,-0.214923,0.611903,0.847375,1.36525,1.38997,-0.927765,0.896853,0.380636,0.732696,-1.37463,0.314968,0.605141,0.306215,-0.166055,0.457522,0.915231,0.941996,1.03765,1.00793,0.630677,0.974956,0.374932,0.961113,0.862322,-0.766231,-0.337694,0.0511744,0.277932,1.35118,0.646783,-1.95896,-2.46147,1.05896,1.25663,1.10638,0.444906,0.46688,0.812947,0.723723,0.268708,-0.360732,0.525498,0.658886,1.3854,1.42874,-1.30821,0.949067,0.347273,0.904909,-1.62331,-0.256319,0.402388,-0.606085,-0.143123,0.604562,0.782669,0.700132,0.725683,1.19469,0.776791,0.647955,0.614349,0.809306,0.77083,1.25591,0.940139,0.845588,0.661888,0.937207,0.623954,0.606016,0.58989,0.832878,0.810582,0.818678,0.861226,0.982895,0.808627,
2.575,0.779242,0.481173,0.798492,0.526374,0.959134,0.978918,-0.500943,-0.579758,-0.039922,0.0579596,0.378289,0.475564,0.245853,0.293318,1.08916,1.06832,1.10457,0.609911,0.759107,0.847329,0.829285,0.809184,-0.210934,0.612398,0.846792,1.36538,1.39045,-0.92546,0.896394,0.379966,0.732251,-1.37402,0.315686,0.605191,0.306381,-0.166039,0.457431,0.915168,0.940982,1.03677,1.00804,0.630732,0.975784,0.37558,0.961606,0.862412,-0.765484,-0.337738,0.051219,0.277937,1.35079,0.646118,-1.95895,-2.46146,1.0592,1.25685,1.10692,0.446014,0.468435,0.814647,0.724731,0.269459,-0.358866,0.526012,0.658502,1.38518,1.42877,-1.30699,0.948704,0.346415,0.904337,-1.62228,-0.25483,0.402381,-0.607098,-0.143108,0.604207,0.782454,0.699183,0.724946,1.19578,0.778051,0.649068,0.615444,0.808806,0.770338,1.25439,0.942028,0.84733,0.661515,0.938114,0.624783,0.606976,0.590814,0.832733,0.810564,0.818252,0.862457,0.98468,0.808584,
2.58,0.778953,0.480844,0.798898,0.526983,0.959215,0.978513,-0.500429,-0.579802,-0.0399025,0.0581033,0.378272,0.475452,0.245857,0.293338,1.09044,1.06936,1.10524,0.612991,0.761914,0.849648,0.830737,0.812249,-0.206634,0.612957,0.846118,1.36547,1.39089,-0.922938,0.895941,0.379232,0.731774,-1.37327,0.316521,0.60519,0.306523,-0.16602,0.457337,0.91504,0.940077,1.036,1.00812,0.630794,0.976685,0.376279,0.962127,0.862462,-0.764686,-0.337786,0.051268,0.277943,1.3503,0.645541,-1.95894,-2.46144,1.05946,1.25708,1.10742,0.447367,0.470226,0.816552,0.725878,0.270324,-0.356745,0.526567,0.658068,1.38494,1.42875,-1.30559,0.948309,0.345501,0.903717,-1.62118,-0.253231,0.402375,-0.608131,-0.143092,0.60402,0.782151,0.698355,0.724319,1.19702,0.779376,0.650234,0.616597,0.808244,0.769835,1.25273,0.944104,0.84928,0.661101,0.939077,0.625678,0.608003,0.591823,0.832527,0.81052,0.817736,0.863783,0.986575,0.808532,
2.585,0.778623,0.480496,0.799204,0.52764,0.9592,0.978053,-0.499789,-0.579848,-0.0398889,0.058246,0.378268,0.475343,0.245861,0.293356,1.09183,1.07049,1.10599,0.616258,0.764929,0.85215,0.832262,0.815509,-0.202003,0.613564,0.84535,1.36554,1.39121,-0.920184,0.895475,0.378423,0.731261,-1.37237,0.317478,0.605147,0.306649,-0.165999,0.457237,0.914781,0.939295,1.03533,1.00819,0.630862,0.977657,0.377033,0.962669,0.862489,-0.763829,-0.337836,0.0513211,0.277949,1.34968,0.64498,-1.95893,-2.46143,1.05977,1.25737,1.10793,0.448963,0.472258,0.818669,0.727168,0.271305,-0.354353,0.527165,0.65761,1.38473,1.42869,-1.304,0.947871,0.344523,0.903042,-1.61999,-0.251512,0.402368,-0.609187,-0.143076,0.603928,0.781705,0.697642,0.723792,1.19842,0.780727,0.651503,0.617841,0.807624,0.769318,1.25093,0.946386,0.851457,0.660645,0.940098,0.626634,0.609104,0.592921,0.832269,0.81045,0.817135,0.865225,0.988595,0.808472,
2.59,0.778247,0.480143,0.79945,0.528344,0.959166,0.977556,-0.499016,-0.579888,-0.0398809,0.0583874,0.378278,0.475232,0.245862,0.293366,1.09335,1.07172,1.1068,0.619735,0.768174,0.854856,0.833871,0.81899,-0.197007,0.614207,0.844481,1.36557,1.39142,-0.917175,0.894974,0.37753,0.730707,-1.3713,0.318565,0.60507,0.306762,-0.165975,0.45713,0.914382,0.938643,1.03479,1.00826,0.630934,0.978699,0.377851,0.963239,0.862512,-0.762906,-0.337885,0.051387,0.277956,1.34896,0.644397,-1.95892,-2.46142,1.0602,1.25776,1.10846,0.450801,0.47455,0.821011,0.728613,0.27241,-0.35167,0.52781,0.657136,1.38455,1.42861,-1.3022,0.947388,0.343475,0.902305,-1.6187,-0.249657,0.40236,-0.610274,-0.143056,0.603859,0.78112,0.69703,0.723349,1.19999,0.782094,0.6529,0.619198,0.806951,0.768787,1.24898,0.948876,0.853866,0.66014,0.941183,0.627656,0.610288,0.594115,0.831966,0.810356,0.816454,0.866812,0.990768,0.808408,
2.595,0.777821,0.479791,0.799661,0.529095,0.959165,0.977027,-0.498106,-0.579925,-0.0398787,0.0585271,0.3783,0.475115,0.245862,0.293368,1.095,1.07305,1.10768,0.623431,0.771658,0.857771,0.835569,0.822695,-0.191627,0.614875,0.843509,1.36558,1.39146,-0.913897,0.894408,0.376543,0.730107,-1.37008,0.319784,0.604959,0.306258,-0.165947,0.457014,0.913856,0.938126,1.03437,1.00834,0.631016,0.979801,0.378736,0.963845,0.862543,-0.761911,-0.337933,0.0514699,0.277965,1.34815,0.643752,-1.95892,-2.46141,1.06079,1.25829,1.10905,0.452883,0.477114,0.823583,0.730214,0.273645,-0.348687,0.528503,0.656655,1.38442,1.42852,-1.30019,0.946858,0.34235,0.901504,-1.6173,-0.247654,0.40235,-0.611398,-0.143034,0.603725,0.780422,0.696496,0.722963,1.20173,0.783449,0.654437,0.620671,0.806227,0.768242,1.24688,0.951586,0.85652,0.659588,0.942336,0.628738,0.611556,0.595408,0.831618,0.81024,0.815694,0.868558,0.993103,0.808342,
2.6,0.777362,0.479428,0.79992,0.529906,0.959266,0.976528,-0.49706,-0.579956,-0.0398821,0.0586648,0.378336,0.475005,0.245859,0.29336,1.09679,1.07448,1.10864,0.627364,0.775402,0.860907,0.837365,0.826656,-0.185842,0.615567,0.842445,1.36558,1.39144,-0.910335,0.89379,0.375452,0.729459,-1.3687,0.321141,0.604861,0.305708,-0.165915,0.456894,0.913282,0.937747,1.03407,1.00846,0.631107,0.980966,0.379694,0.964503,0.862608,-0.760838,-0.33798,0.0515784,0.277977,1.34735,0.643102,-1.95892,-2.4614,1.06156,1.259,1.10971,0.45522,0.479965,0.826402,0.731979,0.275015,-0.345386,0.529247,0.656169,1.38432,1.42845,-1.29794,0.9463,0.341141,0.900639,-1.61578,-0.245492,0.402339,-0.612565,-0.143007,0.603533,0.779701,0.696008,0.722604,1.20366,0.784905,0.656145,0.622297,0.805468,0.76768,1.24465,0.954525,0.85943,0.658994,0.943572,0.629908,0.612937,0.596811,0.831248,0.810104,0.814873,0.870472,0.995636,0.808279,
2.605,0.776882,0.47902,0.80033,0.530802,0.959532,0.976116,-0.495878,-0.579979,-0.0398914,0.0588002,0.378386,0.474934,0.245853,0.293339,1.09871,1.07601,1.10966,0.631552,0.779422,0.864276,0.839266,0.830899,-0.179634,0.616304,0.841304,1.36561,1.39147,-0.906476,0.893162,0.374253,0.728757,-1.36716,0.32264,0.604829,0.305105,-0.165879,0.45678,0.912789,0.937506,1.0339,1.00862,0.631221,0.982202,0.38073,0.965233,0.862736,-0.75968,-0.338022,0.0517208,0.277991,1.34671,0.642597,-1.95893,-2.46141,1.06253,1.2599,1.11049,0.457822,0.483119,0.829486,0.733917,0.276524,-0.341753,0.530048,0.655683,1.38424,1.4284,-1.29546,0.945749,0.339838,0.89971,-1.61414,-0.243161,0.402324,-0.61378,-0.142973,0.603389,0.779102,0.695538,0.722245,1.20576,0.78658,0.658047,0.624107,0.804691,0.767102,1.24228,0.957701,0.862604,0.658354,0.944907,0.631199,0.614467,0.598338,0.830879,0.809951,0.814006,0.872566,0.998405,0.808229,
2.61,0.776356,0.478412,0.800861,0.531783,0.959903,0.975654,-0.494561,-0.579992,-0.0399056,0.0589332,0.378449,0.474905,0.245841,0.293302,1.10077,1.07764,1.11077,0.636002,0.783716,0.867882,0.841282,0.835415,-0.172986,0.617094,0.840062,1.36559,1.39147,-0.902312,0.892454,0.372937,0.727995,-1.36545,0.324287,0.604802,0.304443,-0.165839,0.456676,0.912407,0.937406,1.03385,1.0088,0.631355,0.983515,0.381849,0.966045,0.862898,-0.758432,-0.338057,0.0518477,0.27801,1.34619,0.64225,-1.95894,-2.46143,1.06373,1.26102,1.11138,0.460696,0.486585,0.832837,0.736027,0.278177,-0.337777,0.530908,0.655171,1.38418,1.42836,-1.29273,0.945193,0.338416,0.898717,-1.61237,-0.240652,0.402306,-0.61505,-0.142932,0.60327,0.778646,0.695062,0.721869,1.20806,0.788383,0.660118,0.626074,0.803867,0.766508,1.23975,0.961118,0.866049,0.657641,0.946346,0.632593,0.616129,0.599996,0.830474,0.809781,0.81306,0.874832,1.00139,0.808186,
2.615,0.775805,0.477678,0.801455,0.532842,0.960329,0.975138,-0.493111,-0.579993,-0.0399248,0.0590635,0.378525,0.474902,0.245824,0.293247,1.10296,1.07938,1.11194,0.64072,0.788286,0.871728,0.843426,0.840202,-0.165888,0.61793,0.838724,1.36552,1.39138,-0.897835,0.891631,0.371473,0.727167,-1.36358,0.326087,0.604748,0.303719,-0.165793,0.45658,0.912104,0.937445,1.03392,1.00901,0.631508,0.984904,0.383052,0.966936,0.863069,-0.757091,-0.338083,0.051977,0.278033,1.34571,0.641989,-1.95897,-2.46146,1.06514,1.26236,1.11241,0.463847,0.490372,0.836455,0.738309,0.279977,-0.333447,0.53183,0.654631,1.38413,1.42832,-1.28974,0.944607,0.336865,0.897661,-1.61047,-0.237958,0.402283,-0.61638,-0.14288,0.603092,0.778283,0.694571,0.721474,1.21056,0.790256,0.662343,0.628178,0.802978,0.7659,1.23702,0.96478,0.869771,0.656946,0.94789,0.634074,0.617907,0.601785,0.830015,0.809598,0.812017,0.877262,1.00457,0.808147,
2.62,0.775229,0.476847,0.802162,0.533992,0.960853,0.974672,-0.491528,-0.57998,-0.0399486,0.0591912,0.378615,0.474931,0.2458,0.29317,1.10529,1.08121,1.1132,0.645714,0.79315,0.875819,0.845702,0.845288,-0.158333,0.61883,0.837291,1.36548,1.39132,-0.893039,0.89074,0.369848,0.726268,-1.36155,0.328045,0.604724,0.302926,-0.165743,0.456494,0.911908,0.937622,1.03411,1.00926,0.631691,0.986377,0.384341,0.967909,0.863271,-0.755651,-0.338098,0.0521101,0.278063,1.34534,0.641853,-1.95901,-2.46151,1.06677,1.26391,1.11358,0.467282,0.494491,0.840355,0.740768,0.281929,-0.328755,0.532816,0.654072,1.38409,1.42829,-1.28648,0.943996,0.335186,0.896539,-1.60843,-0.235074,0.402255,-0.617772,-0.142815,0.602889,0.778047,0.694066,0.721062,1.21325,0.792339,0.664751,0.630454,0.802045,0.765278,1.23412,0.968688,0.873775,0.655972,0.949555,0.635673,0.619832,0.603714,0.829532,0.809403,0.810905,0.879856,1.00803,0.808116,
2.625,0.774621,0.475946,0.802972,0.535233,0.961418,0.973974,-0.489812,-0.579951,-0.0399757,0.0593162,0.378716,0.474987,0.245768,0.29307,1.10774,1.08315,1.11451,0.65099,0.798284,0.880154,0.848119,0.850653,-0.150318,0.619788,0.835746,1.36531,1.39133,-0.887921,0.889659,0.36807,0.725293,-1.35935,0.330159,0.60465,0.302054,-0.165686,0.456416,0.911803,0.937935,1.03441,1.00949,0.631873,0.987934,0.385716,0.968968,0.863479,-0.754113,-0.3381,0.0522485,0.278101,1.34507,0.641826,-1.95907,-2.46158,1.06859,1.26564,1.11489,0.471007,0.49895,0.84455,0.743401,0.284034,-0.323691,0.533869,0.653436,1.38406,1.42827,-1.28294,0.943352,0.333386,0.895345,-1.60624,-0.231996,0.402219,-0.619228,-0.142736,0.60268,0.777897,0.693552,0.720646,1.21614,0.794634,0.667351,0.632915,0.801054,0.764647,1.23099,0.972843,0.878062,0.655552,0.951359,0.637412,0.621913,0.60579,0.829006,0.809199,0.809705,0.882589,1.01187,0.808086,
2.63,0.774013,0.474991,0.803859,0.536564,0.961998,0.973162,-0.487965,-0.579905,-0.0400057,0.0594385,0.378813,0.475061,0.245728,0.292944,1.11031,1.08517,1.1159,0.656546,0.80369,0.884729,0.850678,0.8563,-0.141849,0.620804,0.834123,1.36508,1.39139,-0.882482,0.888398,0.366147,0.724237,-1.357,0.332433,0.60453,0.301094,-0.165623,0.456344,0.911753,0.938382,1.03484,1.00971,0.632042,0.989575,0.387179,0.970107,0.863682,-0.752474,-0.338085,0.0523942,0.278148,1.34487,0.641876,-1.95914,-2.46167,1.07057,1.26753,1.11634,0.475028,0.503757,0.849042,0.746209,0.286295,-0.318252,0.534991,0.65274,1.38403,1.42825,-1.27912,0.942665,0.331471,0.894083,-1.60391,-0.228724,0.402176,-0.620749,-0.142638,0.60248,0.777778,0.693044,0.720239,1.21923,0.797126,0.670121,0.635549,0.800002,0.764009,1.22765,0.977237,0.882629,0.651533,0.953307,0.639292,0.624149,0.608019,0.828433,0.808987,0.808417,0.885451,1.01604,0.808053,
2.635,0.773237,0.473996,0.804865,0.537991,0.962637,0.972208,-0.485983,-0.579686,-0.0400378,0.0593751,0.378909,0.475159,0.24562,0.292633,1.11301,1.08726,1.11734,0.66238,0.809374,0.889541,0.853369,0.862239,-0.132934,0.621865,0.83222,1.36487,1.39153,-0.876729,0.886919,0.364111,0.723083,-1.3545,0.334847,0.604398,0.300044,-0.165553,0.456282,0.911788,0.938964,1.03537,1.00987,0.632177,0.991306,0.388727,0.97133,0.863889,-0.750733,-0.33795,0.0525495,0.278205,1.34481,0.642049,-1.95929,-2.46186,1.07269,1.26952,1.11791,0.479347,0.508914,0.85384,0.749206,0.288712,-0.312435,0.536173,0.651964,1.384,1.42825,-1.275,0.94194,0.329462,0.892745,-1.60145,-0.225272,0.402123,-0.622335,-0.14252,0.602352,0.777719,0.69256,0.719859,1.22252,0.799866,0.673081,0.63837,0.798911,0.763367,1.22415,0.981868,0.887474,0.65324,0.955405,0.641334,0.626572,0.610402,0.827837,0.808768,0.807062,0.888611,1.02056,0.808011,
2.64,0.772661,0.472971,0.805976,0.539516,0.96333,0.971304,-0.48388,-0.579563,-0.0400709,0.0593926,0.379006,0.475286,0.245546,0.292404,1.11583,1.08943,1.11883,0.668482,0.815339,0.89458,0.856184,0.868471,-0.123587,0.623041,0.830369,1.36468,1.39175,-0.870669,0.885376,0.361943,0.721858,-1.35184,0.337426,0.604285,0.298894,-0.165476,0.45623,0.911913,0.939664,1.03601,1.01004,0.632301,0.993131,0.390359,0.972639,0.864114,-0.748896,-0.337844,0.0527174,0.278274,1.34491,0.642393,-1.95943,-2.46204,1.0749,1.27158,1.11958,0.483966,0.514425,0.858939,0.752405,0.291285,-0.306239,0.537431,0.651167,1.38398,1.42825,-1.2706,0.941191,0.327351,0.891368,-1.59886,-0.221633,0.40206,-0.623989,-0.142379,0.60237,0.777736,0.692114,0.719517,1.226,0.802836,0.676193,0.641354,0.79778,0.762725,1.2205,0.986725,0.892589,0.652915,0.957642,0.643532,0.629176,0.612941,0.827217,0.808544,0.805637,0.892087,1.02539,0.807971,
2.645,0.771902,0.471925,0.807166,0.541138,0.964051,0.97044,-0.481661,-0.579437,-0.0401036,0.0594254,0.379103,0.475441,0.245464,0.292156,1.11877,1.09165,1.12038,0.674838,0.821572,0.899833,0.859111,0.874999,-0.113825,0.624344,0.828366,1.36449,1.39201,-0.864317,0.883823,0.359655,0.720558,-1.34904,0.340164,0.604192,0.297642,-0.165391,0.45619,0.912115,0.940466,1.03674,1.01025,0.632445,0.995052,0.392071,0.974029,0.864355,-0.746969,-0.337736,0.0529014,0.278357,1.34513,0.642917,-1.9596,-2.46226,1.07719,1.27368,1.12135,0.488885,0.520286,0.864327,0.755807,0.294011,-0.299669,0.538762,0.650349,1.38396,1.42825,-1.26591,0.940417,0.325151,0.889952,-1.59613,-0.217815,0.401984,-0.6257,-0.142244,0.602573,0.777813,0.691726,0.719231,1.22966,0.806014,0.679438,0.644481,0.796603,0.762086,1.21671,0.991793,0.897961,0.650271,0.960012,0.645874,0.631946,0.615635,0.826562,0.808317,0.804136,0.895766,1.03053,0.807938,
2.65,0.771331,0.470869,0.808382,0.542846,0.964776,0.969586,-0.479334,-0.579307,-0.0401345,0.05948,0.3792,0.475613,0.245373,0.291884,1.12183,1.09392,1.12197,0.681432,0.828058,0.905284,0.862143,0.881807,-0.103672,0.62578,0.826392,1.3643,1.39226,-0.857688,0.882254,0.357259,0.719186,-1.34609,0.343055,0.604102,0.29629,-0.165298,0.45616,0.912345,0.941346,1.03753,1.0105,0.632628,0.997063,0.393857,0.975491,0.8646,-0.74496,-0.337627,0.0531066,0.278456,1.3454,0.643569,-1.9598,-2.46252,1.07953,1.2758,1.12319,0.494099,0.526496,0.869989,0.759416,0.296889,-0.292732,0.540161,0.649514,1.38393,1.42826,-1.26092,0.939608,0.322871,0.888466,-1.59329,-0.21383,0.401895,-0.627456,-0.142108,0.602939,0.777902,0.691417,0.719022,1.2335,0.809329,0.682796,0.647724,0.795372,0.761453,1.21279,0.997058,0.903573,0.650933,0.962504,0.648341,0.634863,0.618476,0.825863,0.808086,0.802547,0.899637,1.03594,0.807913,
2.655,0.770651,0.469812,0.809579,0.544624,0.965508,0.968826,-0.476909,-0.579175,-0.0401629,0.0595631,0.379297,0.475791,0.245286,0.29162,1.125,1.09623,1.1236,0.688241,0.83478,0.910918,0.865259,0.888875,-0.0931564,0.627353,0.824405,1.36411,1.39244,-0.850803,0.880723,0.354762,0.717752,-1.34302,0.346096,0.604018,0.294836,-0.165197,0.456137,0.912551,0.942274,1.03836,1.01082,0.632872,0.999154,0.395712,0.977016,0.864853,-0.742878,-0.337517,0.0533398,0.278571,1.34565,0.644278,-1.96003,-2.4628,1.08192,1.27795,1.12509,0.499604,0.533045,0.875908,0.763217,0.299912,-0.285439,0.541627,0.648691,1.3839,1.42828,-1.25566,0.938758,0.320522,0.886872,-1.59034,-0.209688,0.401792,-0.629242,-0.141969,0.603434,0.777953,0.69121,0.718905,1.23748,0.81273,0.686253,0.651064,0.794086,0.760827,1.20878,1.0025,0.909402,0.645628,0.965104,0.650914,0.637904,0.621458,0.825115,0.807855,0.80087,0.903689,1.04162,0.807901,
2.66,0.769898,0.468764,0.810805,0.546464,0.96626,0.967861,-0.474406,-0.579044,-0.0401867,0.0596812,0.379395,0.475956,0.245247,0.291488,1.12826,1.09855,1.12528,0.695243,0.841712,0.916713,0.86845,0.896189,-0.0823089,0.629059,0.822152,1.36389,1.39251,-0.843686,0.878973,0.352159,0.716277,-1.33981,0.349291,0.603905,0.293266,-0.165087,0.456118,0.912682,0.943201,1.03918,1.01111,0.633142,1.00131,0.397627,0.978595,0.865084,-0.740732,-0.337404,0.0536107,0.278679,1.34583,0.644926,-1.96028,-2.46311,1.08435,1.28011,1.12702,0.505388,0.53992,0.882069,0.767187,0.303075,-0.277809,0.543153,0.647807,1.38387,1.4283,-1.25012,0.937845,0.318115,0.88519,-1.58729,-0.205408,0.401673,-0.63104,-0.141825,0.603935,0.777937,0.69112,0.718893,1.2416,0.816219,0.689856,0.654534,0.792743,0.760209,1.20464,1.00809,0.915425,0.648229,0.967804,0.65358,0.641071,0.624566,0.824323,0.807622,0.79911,0.907905,1.04755,0.807882,
2.665,0.769183,0.467733,0.812098,0.548365,0.967067,0.96687,-0.471834,-0.579181,-0.0402046,0.0598408,0.379493,0.476099,0.245204,0.29135,1.13161,1.10089,1.12699,0.702415,0.848835,0.92265,0.871705,0.903733,-0.0711625,0.630861,0.819897,1.36365,1.3925,-0.836362,0.877009,0.34948,0.714756,-1.33651,0.352618,0.603781,0.291593,-0.164968,0.456102,0.912738,0.94409,1.03996,1.01136,0.633423,1.0035,0.399594,0.980228,0.865308,-0.738544,-0.337294,0.0539329,0.27879,1.34596,0.645446,-1.9605,-2.46336,1.08682,1.28229,1.12899,0.511438,0.547104,0.888456,0.77131,0.306369,-0.269861,0.544751,0.646897,1.38384,1.42834,-1.24432,0.936868,0.315644,0.88347,-1.58415,-0.200986,0.401537,-0.632839,-0.141676,0.604376,0.777854,0.691144,0.718976,1.24582,0.819814,0.693603,0.658136,0.791355,0.759599,1.20036,1.0138,0.921605,0.648061,0.970595,0.656333,0.644361,0.62779,0.823497,0.80739,0.79728,0.912271,1.05374,0.807858,
2.67,0.768406,0.466729,0.813399,0.550304,0.967906,0.965882,-0.469207,-0.579208,-0.0402151,0.0599663,0.379592,0.476207,0.245157,0.2912,1.13501,1.10325,1.12873,0.709734,0.856119,0.928708,0.875015,0.911469,-0.0597566,0.632733,0.817469,1.3634,1.3924,-0.828864,0.874899,0.346749,0.713199,-1.33311,0.356053,0.603629,0.289848,-0.164839,0.456086,0.912695,0.944903,1.04066,1.0116,0.63371,1.00572,0.4016,0.981909,0.86552,-0.73632,-0.337359,0.0543261,0.278903,1.34598,0.645754,-1.96075,-2.46364,1.08931,1.28448,1.13097,0.517734,0.554574,0.895046,0.775562,0.309784,-0.261621,0.546401,0.645977,1.3838,1.42839,-1.23828,0.935831,0.313138,0.881706,-1.58093,-0.196455,0.401384,-0.63462,-0.141517,0.604702,0.777686,0.691279,0.719147,1.25012,0.823415,0.697436,0.6618,0.789919,0.758994,1.19596,1.01961,0.927907,0.642271,0.97346,0.659155,0.647754,0.631113,0.822629,0.807159,0.795375,0.916772,1.06014,0.807829,
2.675,0.767644,0.46576,0.814694,0.552269,0.968763,0.964899,-0.466542,-0.579236,-0.040216,0.0600948,0.379692,0.476271,0.245104,0.291037,1.13845,1.10563,1.13049,0.717182,0.86353,0.934861,0.878373,0.91937,-0.0481333,0.634664,0.814995,1.36316,1.39225,-0.821224,0.872677,0.343989,0.711616,-1.32965,0.359572,0.603462,0.288062,-0.164701,0.456067,0.912539,0.945608,1.04127,1.01183,0.634008,1.00793,0.403636,0.983626,0.865721,-0.734074,-0.337385,0.0548162,0.27902,1.34587,0.645809,-1.96103,-2.46394,1.09182,1.28668,1.13294,0.524253,0.562303,0.901807,0.779925,0.313309,-0.253121,0.548089,0.645052,1.38376,1.42847,-1.23202,0.93474,0.310619,0.879916,-1.57766,-0.191845,0.401213,-0.636362,-0.141345,0.604855,0.777423,0.691513,0.719393,1.25447,0.827045,0.701332,0.665511,0.788442,0.75839,1.19146,1.02548,0.934287,0.645056,0.976387,0.662033,0.651231,0.634519,0.821725,0.806926,0.793405,0.921391,1.06673,0.807797,
2.68,0.76691,0.464832,0.816002,0.554254,0.969674,0.964034,-0.463858,-0.579265,-0.0402065,0.0602275,0.379792,0.476305,0.245045,0.290862,1.14191,1.10801,1.13225,0.724742,0.871047,0.941081,0.881779,0.927411,-0.0363379,0.636667,0.812495,1.36298,1.39214,-0.81348,0.870474,0.341223,0.71002,-1.32616,0.36315,0.603328,0.286271,-0.164564,0.456047,0.912317,0.946181,1.04175,1.01209,0.634331,1.01014,0.405687,0.985372,0.865936,-0.731818,-0.337412,0.0554372,0.279142,1.3457,0.645696,-1.96135,-2.46429,1.09432,1.28887,1.1349,0.530971,0.570258,0.908711,0.784378,0.31693,-0.244396,0.549803,0.64359,1.38372,1.42855,-1.22556,0.933626,0.308108,0.878114,-1.57436,-0.187188,0.401024,-0.638048,-0.14115,0.604893,0.777124,0.691832,0.719698,1.25882,0.830737,0.705275,0.669253,0.786951,0.757783,1.18694,1.03137,0.940701,0.644977,0.979365,0.664976,0.654801,0.637994,0.82081,0.806692,0.791398,0.926113,1.0735,0.807771,
2.685,0.766189,0.463952,0.81733,0.556249,0.970628,0.963198,-0.461177,-0.579297,-0.0401839,0.0603658,0.379892,0.476312,0.24498,0.290673,1.14537,1.11038,1.134,0.73239,0.878636,0.947336,0.88524,0.935558,-0.0244188,0.638729,0.809983,1.36282,1.39201,-0.805668,0.868281,0.338476,0.708425,-1.32266,0.366758,0.603212,0.284511,-0.164426,0.456026,0.912059,0.946607,1.0421,1.01239,0.634687,1.01233,0.407741,0.987136,0.866159,-0.729566,-0.337442,0.0562303,0.279271,1.34548,0.645445,-1.96169,-2.46467,1.09681,1.29105,1.13682,0.53786,0.578405,0.915724,0.788896,0.320635,-0.235486,0.551532,0.642658,1.38367,1.42861,-1.21894,0.932503,0.305622,0.876316,-1.57104,-0.182515,0.400817,-0.639661,-0.140923,0.60483,0.776818,0.692218,0.720047,1.26314,0.83446,0.709255,0.673019,0.78544,0.757164,1.18238,1.03723,0.947096,0.64362,0.982377,0.667966,0.658442,0.641525,0.819875,0.806452,0.789354,0.930908,1.0804,0.807751,
2.69,0.765459,0.463122,0.81866,0.558237,0.97159,0.962332,-0.458522,-0.57933,-0.0401475,0.0605114,0.379992,0.476293,0.244908,0.29047,1.1488,1.11272,1.13572,0.740105,0.886267,0.953594,0.888762,0.943778,-0.0124276,0.640823,0.807449,1.36266,1.39186,-0.797831,0.86608,0.335772,0.706845,-1.31917,0.370366,0.603101,0.282816,-0.164288,0.456005,0.911777,0.946876,1.0423,1.01269,0.635064,1.01449,0.409781,0.988908,0.866372,-0.727336,-0.337473,0.0572421,0.27941,1.34521,0.645063,-1.96208,-2.46508,1.09926,1.2932,1.13869,0.544888,0.586707,0.922813,0.793459,0.324407,-0.226433,0.553262,0.641734,1.38362,1.42865,-1.21219,0.931373,0.303181,0.874538,-1.56774,-0.177859,0.400591,-0.64119,-0.140653,0.604666,0.776514,0.692659,0.720432,1.26739,0.838196,0.713243,0.676777,0.783909,0.756528,1.1778,1.04304,0.953421,0.643068,0.985403,0.670989,0.662137,0.645093,0.81892,0.806203,0.787279,0.935746,1.08738,0.807729,
2.695,0.764719,0.462347,0.820004,0.560205,0.972551,0.961434,-0.455916,-0.579366,-0.0400947,0.060666,0.380093,0.476243,0.24483,0.290254,1.15219,1.11502,1.13738,0.747864,0.893906,0.95982,0.892342,0.952039,-0.00041987,0.642919,0.804892,1.36252,1.39172,-0.79001,0.863864,0.333136,0.705295,-1.31573,0.37394,0.602993,0.281218,-0.164149,0.455984,0.911476,0.946987,1.04236,1.01298,0.635448,1.01659,0.411792,0.990674,0.866566,-0.725143,-0.337507,0.0585205,0.279562,1.34489,0.644538,-1.96249,-2.46553,1.10165,1.2953,1.14048,0.552022,0.595124,0.92994,0.798045,0.328228,-0.217285,0.55498,0.64082,1.38357,1.42867,-1.20534,0.930236,0.300804,0.872797,-1.56448,-0.173255,0.400349,-0.642626,-0.140328,0.604389,0.776216,0.693148,0.72085,1.27151,0.841936,0.717228,0.68052,0.782359,0.755863,1.17321,1.04875,0.959619,0.641952,0.988419,0.674023,0.665865,0.648678,0.817948,0.805938,0.785182,0.940594,1.0944,0.8077,
2.7,0.763995,0.461626,0.82135,0.562136,0.9735,0.960528,-0.453384,-0.579403,-0.0400245,0.0608316,0.380193,0.476156,0.244745,0.290024,1.15551,1.11725,1.13898,0.755645,0.901505,0.965981,0.89596,0.960298,0.0115463,0.64499,0.802347,1.36238,1.39159,-0.782249,0.861665,0.330593,0.703789,-1.31237,0.377446,0.602878,0.279743,-0.164009,0.45596,0.911155,0.946948,1.04228,1.01325,0.635832,1.01863,0.413759,0.992413,0.866736,-0.723004,-0.337543,0.060109,0.279731,1.34449,0.64386,-1.96294,-2.46602,1.104,1.29735,1.14219,0.55923,0.603609,0.937058,0.802631,0.332074,-0.208093,0.556669,0.639924,1.38351,1.42868,-1.19843,0.929096,0.298508,0.871107,-1.56127,-0.168739,0.40009,-0.643948,-0.139941,0.603981,0.775914,0.693684,0.721301,1.27548,0.84563,0.721184,0.684217,0.780793,0.755161,1.16863,1.05431,0.965633,0.641133,0.991396,0.677043,0.669595,0.652258,0.816958,0.80565,0.78307,0.945416,1.10139,0.807663,
2.705,0.763277,0.460958,0.82265,0.564002,0.974366,0.959575,-0.450953,-0.579544,-0.039935,0.0610107,0.380293,0.476004,0.244688,0.289881,1.15875,1.1194,1.1405,0.763422,0.909013,0.972044,0.899595,0.968515,0.141672,0.647015,0.799825,1.36222,1.39148,-0.774592,0.859461,0.328151,0.702356,-1.30911,0.380862,0.602713,0.278399,-0.163868,0.455925,0.910733,0.946774,1.04209,1.01349,0.636203,1.02058,0.415666,0.994094,0.866855,-0.720937,-0.337581,0.062043,0.279922,1.34388,0.642906,-1.96342,-2.46654,1.10631,1.29935,1.1438,0.566477,0.612111,0.944117,0.807192,0.335925,-0.198909,0.558312,0.63904,1.38344,1.42875,-1.1915,0.927932,0.296312,0.869482,-1.55815,-0.164345,0.399815,-0.645138,-0.139486,0.603344,0.775512,0.694264,0.721785,1.27923,0.849216,0.725052,0.687813,0.779195,0.754408,1.16406,1.05968,0.971407,0.640185,0.994291,0.679993,0.673271,0.6558,0.815925,0.805329,0.780929,0.950171,1.10826,0.807612,
2.71,0.762634,0.460341,0.823872,0.565782,0.975185,0.958701,-0.448667,-0.57999,-0.039825,0.0612063,0.380393,0.475804,0.244769,0.290133,1.16188,1.12146,1.14193,0.771191,0.916409,0.977976,0.903229,0.976657,0.0839231,0.649036,0.797427,1.36211,1.39137,-0.767082,0.857373,0.325788,0.701045,-1.30596,0.3842,0.602563,0.277202,-0.163725,0.455877,0.910228,0.946473,1.04178,1.01374,0.636574,1.02243,0.417496,0.995694,0.866959,-0.718957,-0.337622,0.0643453,0.280139,1.34319,0.641783,-1.96393,-2.46709,1.1086,1.30132,1.14531,0.573732,0.620584,0.951079,0.811696,0.339759,-0.189787,0.559891,0.638218,1.38338,1.42885,-1.1846,0.926783,0.29423,0.867935,-1.55515,-0.16011,0.399526,-0.646177,-0.138961,0.602547,0.775056,0.694885,0.7223,1.28274,0.852673,0.728812,0.691289,0.7776,0.753596,1.15953,1.06482,0.976882,0.639335,0.997092,0.682893,0.676888,0.659284,0.814894,0.804966,0.778805,0.954845,1.115,0.807557,
2.715,0.762003,0.459769,0.825064,0.567464,0.975994,0.957838,-0.446551,-0.580596,-0.039693,0.0614223,0.380492,0.475574,0.244948,0.290245,1.1649,1.12343,1.14326,0.778927,0.923669,0.983745,0.906846,0.984705,0.0657,0.651036,0.795158,1.36204,1.39127,-0.759764,0.855362,0.323526,0.699863,-1.30293,0.387432,0.602424,0.276182,-0.163579,0.45582,0.909689,0.94607,1.04138,1.01397,0.636934,1.02417,0.419233,0.997199,0.867049,-0.717083,-0.337664,0.0670227,0.280387,1.34249,0.640561,-1.96446,-2.46767,1.11089,1.30326,1.1467,0.58096,0.628985,0.957914,0.816111,0.343552,-0.180784,0.561387,0.637457,1.38331,1.4289,-1.17777,0.925678,0.292279,0.866476,-1.55227,-0.156069,0.399224,-0.647053,-0.138368,0.601654,0.774616,0.695538,0.722835,1.28595,0.856029,0.7325,0.694675,0.776018,0.752711,1.15513,1.06968,0.982007,0.638482,0.99977,0.685725,0.68045,0.662685,0.813865,0.804549,0.776708,0.959387,1.12157,0.807494,
2.72,0.761386,0.459237,0.826243,0.569029,0.976808,0.956999,-0.444618,-0.581305,-0.039562,0.0616634,0.380589,0.475327,0.24506,0.290369,1.16778,1.12531,1.14448,0.786613,0.930759,0.989316,0.910438,0.992621,0.0671584,0.652959,0.793034,1.36199,1.39116,-0.752679,0.853432,0.321404,0.698802,-1.30007,0.390509,0.602292,0.275365,-0.163432,0.455758,0.909177,0.945598,1.04092,1.01418,0.637273,1.02577,0.420862,0.998605,0.867125,-0.71534,-0.337944,0.0700698,0.280666,1.34184,0.639307,-1.96496,-2.46816,1.11319,1.30521,1.148,0.588135,0.637272,0.964581,0.82041,0.347285,-0.171954,0.562816,0.636766,1.38324,1.42889,-1.17106,0.924649,0.290444,0.865151,-1.54954,-0.152219,0.398909,-0.647755,-0.13771,0.600719,0.774242,0.696191,0.723362,1.28882,0.859227,0.736099,0.697953,0.774444,0.751742,1.1509,1.07424,0.98673,0.637656,1.0023,0.688465,0.68394,0.665976,0.812834,0.804065,0.774643,0.963758,1.12788,0.807419,
2.725,0.760866,0.458736,0.827345,0.570459,0.977583,0.956277,-0.442886,-0.582138,-0.0394301,0.0619357,0.380413,0.475089,0.245182,0.290519,1.17053,1.1271,1.1456,0.794225,0.937657,0.994647,0.913994,1.00037,0.0735438,0.654771,0.79116,1.36193,1.39093,-0.745866,0.851689,0.319436,0.697883,-1.29739,0.393404,0.602187,0.274792,-0.163282,0.455694,0.908745,0.945079,1.04042,1.01443,0.637609,1.02721,0.42237,0.999904,0.867203,-0.713758,-0.3385,0.0734691,0.280978,1.34132,0.638105,-1.96528,-2.46836,1.1155,1.30718,1.1492,0.595224,0.645401,0.97104,0.824574,0.350938,-0.163353,0.564197,0.636198,1.38315,1.42879,-1.16449,0.923706,0.288698,0.864001,-1.54694,-0.148537,0.398583,-0.648156,-0.136994,0.599819,0.773978,0.696796,0.723836,1.29133,0.86216,0.739537,0.701069,0.772876,0.750679,1.1468,1.07845,0.991005,0.636923,1.00465,0.691078,0.687293,0.669137,0.811799,0.803501,0.772617,0.967927,1.13385,0.807341,
2.73,0.760412,0.458259,0.828347,0.571728,0.978331,0.955651,-0.441368,-0.583129,-0.0392969,0.0622471,0.380287,0.47488,0.245318,0.290727,1.17312,1.12879,1.1466,0.801754,0.944314,0.999712,0.917513,1.00792,0.0821947,0.656452,0.789575,1.36191,1.39069,-0.739361,0.850176,0.31763,0.697115,-1.29491,0.396095,0.602095,0.27497,-0.163128,0.455636,0.908443,0.944523,1.03989,1.0147,0.637947,1.02849,0.423742,1.00108,0.86728,-0.712343,-0.339189,0.0771968,0.281321,1.34099,0.637044,-1.96551,-2.46839,1.11784,1.30918,1.15031,0.602205,0.653323,0.977248,0.828584,0.354493,-0.155029,0.565492,0.635763,1.38307,1.42858,-1.15812,0.922857,0.28707,0.862993,-1.5445,-0.145062,0.398248,-0.647938,-0.136227,0.599002,0.77388,0.697324,0.724233,1.29344,0.864741,0.742829,0.704011,0.771328,0.749514,1.14283,1.08228,0.994792,0.636235,1.00679,0.693537,0.690491,0.672141,0.810757,0.802844,0.770635,0.971861,1.13943,0.807259,
2.735,0.759986,0.457803,0.829264,0.572824,0.979039,0.955059,-0.440072,-0.584311,-0.0391618,0.0626073,0.380126,0.474708,0.245481,0.291052,1.17555,1.1304,1.14748,0.809183,0.950701,1.00449,0.920993,1.0152,0.0913707,0.657977,0.788274,1.36192,1.39048,-0.733196,0.848871,0.315992,0.69651,-1.29265,0.398564,0.602005,0.275106,-0.162969,0.455586,0.908306,0.943937,1.03933,1.01498,0.638281,1.02959,0.424968,1.00213,0.867338,-0.711102,-0.340026,0.0812223,0.281693,1.34089,0.636171,-1.96565,-2.46829,1.12023,1.31122,1.15133,0.609062,0.660999,0.983165,0.832429,0.357931,-0.147029,0.566682,0.635444,1.38301,1.42832,-1.15199,0.922113,0.285574,0.862138,-1.54223,-0.14182,0.397903,-0.647779,-0.135417,0.598275,0.77398,0.697744,0.724526,1.29513,0.867028,0.745961,0.706791,0.769799,0.748237,1.13902,1.08571,0.998057,0.635565,1.00873,0.695823,0.693518,0.674961,0.809707,0.802081,0.7687,0.975528,1.14457,0.807162,
2.74,0.759567,0.457361,0.830099,0.573747,0.979654,0.954448,-0.439002,-0.585707,-0.0390242,0.0630281,0.379929,0.474565,0.245689,0.291577,1.17783,1.13193,1.14824,0.816495,0.956802,1.00893,0.924426,1.0222,0.100459,0.659325,0.787244,1.36194,1.3903,-0.7274,0.84774,0.314527,0.696075,-1.29061,0.400794,0.601913,0.275313,-0.162806,0.455546,0.908331,0.943324,1.03875,1.01524,0.638595,1.0305,0.426037,1.00302,0.867349,-0.710042,-0.34105,0.0855078,0.282091,1.341,0.635492,-1.96569,-2.46821,1.12266,1.3133,1.15225,0.615779,0.6684,0.988762,0.8361,0.361233,-0.139396,0.567753,0.635219,1.38298,1.42803,-1.14612,0.921475,0.284213,0.861451,-1.54016,-0.138833,0.397551,-0.647598,-0.134574,0.597622,0.77427,0.698026,0.72469,1.29638,0.869066,0.748884,0.709369,0.768284,0.74684,1.13536,1.08873,1.00078,0.634907,1.01047,0.697916,0.696345,0.677575,0.80864,0.801197,0.766809,0.978899,1.14919,0.807035,
2.745,0.759127,0.456926,0.830749,0.574472,0.980086,0.953755,-0.438156,-0.587397,-0.0388835,0.0635239,0.379695,0.474429,0.245968,0.29239,1.17995,1.13339,1.14889,0.823687,0.962614,1.01304,0.927775,1.0289,0.109213,0.660466,0.786459,1.36196,1.39009,-0.721989,0.846747,0.313229,0.695816,-1.2888,0.402776,0.601782,0.275744,-0.162637,0.45551,0.908454,0.942688,1.03815,1.01543,0.638865,1.0312,0.426947,1.00375,0.867283,-0.709163,-0.34229,0.0900172,0.282512,1.34123,0.63494,-1.96564,-2.46813,1.12513,1.31539,1.15307,0.62236,0.675518,0.994029,0.839602,0.364392,-0.132147,0.568694,0.635068,1.38297,1.42776,-1.14053,0.920924,0.282989,0.860938,-1.53827,-0.136114,0.397192,-0.647353,-0.133702,0.596982,0.774667,0.69814,0.724699,1.29717,0.870759,0.751513,0.711639,0.766763,0.74533,1.13182,1.0913,1.00293,0.634248,1.01195,0.699786,0.698927,0.67996,0.807533,0.800188,0.764941,0.98196,1.15325,0.806865,
2.75,0.758654,0.456491,0.831152,0.575003,0.980203,0.952921,-0.437527,-0.589419,-0.0387386,0.0641096,0.379427,0.474268,0.246347,0.293572,1.18191,1.13478,1.14941,0.830712,0.968104,1.01679,0.93093,1.03527,0.117469,0.661382,0.785885,1.36196,1.3899,-0.716999,0.845857,0.312084,0.695743,-1.28723,0.404503,0.6016,0.276605,-0.16246,0.455473,0.908541,0.942034,1.03753,1.01552,0.639072,1.03168,0.427694,1.00428,0.867106,-0.708467,-0.343807,0.0947028,0.282951,1.3414,0.634387,-1.96546,-2.46804,1.12762,1.31749,1.15378,0.628768,0.682312,0.998928,0.84292,0.367383,-0.125342,0.569497,0.634964,1.38295,1.42754,-1.13528,0.920433,0.281894,0.860614,-1.53659,-0.133677,0.396828,-0.646951,-0.132811,0.596282,0.775014,0.698062,0.724535,1.2975,0.872209,0.753772,0.713552,0.76523,0.743705,1.12843,1.09343,1.00451,0.633583,1.01305,0.701411,0.701223,0.682087,0.806385,0.799043,0.763103,0.984756,1.15666,0.806635,
2.755,0.758156,0.456049,0.831248,0.575334,0.979964,0.951984,-0.43709,-0.591745,-0.0385883,0.0648021,0.379125,0.474061,0.24685,0.295154,1.18371,1.1361,1.1498,0.837563,0.973263,1.02017,0.933857,1.04129,0.125164,0.66207,0.785513,1.36196,1.38972,-0.712438,0.845097,0.311074,0.695859,-1.28588,0.405981,0.60137,0.278036,-0.162275,0.455429,0.908469,0.941374,1.0369,1.0155,0.639202,1.03193,0.428282,1.00458,0.866813,-0.707943,-0.345687,0.0995238,0.283405,1.34142,0.633744,-1.96534,-2.46793,1.13007,1.31954,1.15438,0.635008,0.688773,1.00346,0.846055,0.370201,-0.118994,0.570157,0.634909,1.38289,1.42738,-1.13038,0.919993,0.280912,0.860477,-1.53511,-0.131527,0.396462,-0.646267,-0.131909,0.595503,0.775175,0.697776,0.724187,1.29737,0.873366,0.755652,0.715083,0.763688,0.741958,1.12518,1.09512,1.00551,0.632927,1.01376,0.702794,0.703228,0.683944,0.805198,0.797749,0.761294,0.987355,1.1595,0.806344,
2.76,0.757641,0.455591,0.831084,0.575465,0.979441,0.950995,-0.436813,-0.594326,-0.0384309,0.0656186,0.378788,0.473809,0.247487,0.297132,1.18535,1.13735,1.15006,0.844251,0.978104,1.02321,0.936644,1.04698,0.132291,0.662539,0.785349,1.362,1.38957,-0.708303,0.844502,0.31021,0.696164,-1.28476,0.407216,0.601119,0.280054,-0.162081,0.455374,0.908205,0.94072,1.03628,1.01539,0.639257,1.03196,0.428717,1.00465,0.866422,-0.707574,-0.347912,0.104449,0.283871,1.34132,0.633013,-1.96522,-2.46779,1.13247,1.32152,1.15484,0.641105,0.694914,1.00762,0.849017,0.372855,-0.113091,0.570673,0.634926,1.38282,1.42727,-1.12583,0.919611,0.280049,0.860537,-1.53383,-0.129663,0.396095,-0.64518,-0.130998,0.594683,0.775128,0.697274,0.723651,1.2968,0.874255,0.757239,0.71631,0.762151,0.740101,1.12207,1.09636,1.00595,0.632281,1.01411,0.703952,0.704972,0.685535,0.803987,0.796304,0.759527,0.989546,1.16181,0.805995,
2.765,0.757107,0.45511,0.830696,0.575374,0.978689,0.949962,-0.436651,-0.597123,-0.0382638,0.0665753,0.378421,0.473513,0.248268,0.29949,1.18685,1.13854,1.15019,0.850757,0.982594,1.02591,0.939298,1.0523,0.138831,0.662795,0.785397,1.36206,1.38945,-0.704598,0.844086,0.309495,0.696649,-1.28384,0.40822,0.600831,0.282599,-0.161875,0.455307,0.907736,0.94008,1.03567,1.0152,0.639236,1.03176,0.429018,1.00447,0.865939,-0.707337,-0.350438,0.109446,0.284345,1.3411,0.632186,-1.96509,-2.46758,1.13473,1.32337,1.15514,0.64706,0.700708,1.01139,0.851805,0.375344,-0.107641,0.571044,0.635026,1.38271,1.4272,-1.12165,0.919296,0.27931,0.8608,-1.53275,-0.128078,0.395727,-0.643647,-0.130085,0.59382,0.774861,0.696554,0.722927,1.2958,0.874801,0.758558,0.717248,0.76063,0.738141,1.11914,1.09718,1.00585,0.631636,1.01409,0.704859,0.706444,0.686848,0.80274,0.794705,0.757801,0.991265,1.16338,0.805594,
2.77,0.756572,0.454598,0.830115,0.575038,0.977763,0.948928,-0.436545,-0.600097,-0.0380844,0.0676872,0.378023,0.473182,0.249199,0.302202,1.18819,1.13966,1.15017,0.857071,0.986728,1.02827,0.941818,1.05724,0.144779,0.662852,0.78568,1.36215,1.38938,-0.70132,0.84388,0.308924,0.697308,-1.28312,0.409007,0.600521,0.285602,-0.161657,0.455226,0.90709,0.939456,1.03507,1.01494,0.639151,1.03135,0.429202,1.00404,0.865379,-0.707196,-0.353218,0.114486,0.284825,1.34078,0.631302,-1.96495,-2.46724,1.13682,1.32504,1.15527,0.652885,0.706147,1.01478,0.854417,0.377673,-0.102637,0.571271,0.635229,1.38259,1.42717,-1.11784,0.91906,0.278695,0.861255,-1.53186,-0.12676,0.395361,-0.641673,-0.129173,0.592941,0.774404,0.695621,0.722022,1.29438,0.875048,0.759622,0.717914,0.759137,0.736087,1.11637,1.09759,1.00522,0.631005,1.01367,0.705525,0.707656,0.687882,0.801468,0.792951,0.756123,0.992628,1.16421,0.805153,
2.775,0.756054,0.454042,0.829214,0.574436,0.976555,0.947893,-0.436476,-0.60321,-0.0378889,0.0689669,0.377598,0.472823,0.250279,0.305237,1.18939,1.1407,1.15001,0.863187,0.990526,1.03029,0.944204,1.0618,0.150144,0.662745,0.786238,1.3623,1.38939,-0.698456,0.843955,0.308542,0.698137,-1.28257,0.409601,0.600191,0.289006,-0.161424,0.45513,0.906241,0.938847,1.03449,1.01464,0.639021,1.03072,0.429308,1.00337,0.864735,-0.707108,-0.356211,0.119544,0.285307,1.34032,0.630377,-1.96478,-2.46673,1.13869,1.32649,1.1552,0.658598,0.711252,1.01782,0.856853,0.379851,-0.0980702,0.571361,0.635535,1.38246,1.42719,-1.1144,0.918911,0.278203,0.861919,-1.53114,-0.125697,0.394998,-0.639291,-0.128268,0.5921,0.773724,0.694485,0.720947,1.29259,0.875049,0.76027,0.718159,0.757666,0.733952,1.11379,1.09761,1.0041,0.630401,1.0129,0.705967,0.7086,0.688643,0.800159,0.791046,0.754483,0.993722,1.16432,0.804679,
2.78,0.755543,0.453434,0.828109,0.573647,0.975078,0.946848,-0.437362,-0.606427,-0.0376736,0.0704244,0.377145,0.472443,0.251498,0.308567,1.19044,1.14164,1.14969,0.869095,0.993993,1.03201,0.946456,1.06602,0.154938,0.662504,0.787083,1.36249,1.38954,-0.695989,0.844328,0.308601,0.699143,-1.28217,0.410031,0.599861,0.29276,-0.161174,0.454386,0.905189,0.938242,1.0339,1.0143,0.638859,1.02989,0.429375,1.00244,0.864011,-0.707048,-0.359377,0.1246,0.285791,1.33972,0.629446,-1.96455,-2.46597,1.14032,1.3277,1.15492,0.664217,0.716038,1.02051,0.859128,0.381886,-0.0939219,0.571321,0.635936,1.38234,1.42726,-1.11133,0.918853,0.2779,0.86281,-1.53059,-0.124868,0.394639,-0.636536,-0.12737,0.591355,0.772819,0.693163,0.71972,1.29044,0.874906,0.760611,0.718106,0.756228,0.73175,1.11138,1.09726,1.00253,0.629802,1.01179,0.706205,0.709304,0.689144,0.798829,0.788992,0.75289,0.994332,1.16372,0.804175,
2.785,0.75502,0.452769,0.826826,0.572679,0.973387,0.945782,-0.438427,-0.609711,-0.0374342,0.0720665,0.376669,0.472055,0.25285,0.312166,1.19136,1.14249,1.14922,0.874783,0.99714,1.03342,0.948568,1.06989,0.159182,0.662148,0.788201,1.36273,1.38974,-0.693904,0.844995,0.308876,0.700322,-1.28189,0.410324,0.59953,0.296815,-0.160906,0.453632,0.903962,0.937624,1.03329,1.0139,0.638672,1.02888,0.428975,1.00128,0.863219,-0.707872,-0.362675,0.129639,0.286273,1.33901,0.628559,-1.96424,-2.46493,1.14169,1.32864,1.15441,0.669754,0.720526,1.02288,0.861259,0.383791,-0.0901711,0.571162,0.636428,1.38226,1.42736,-1.10861,0.918895,0.277989,0.863914,-1.53018,-0.124249,0.394285,-0.633436,-0.126483,0.590758,0.771724,0.691677,0.718361,1.28798,0.874551,0.760687,0.717775,0.754834,0.729495,1.10917,1.09657,1.00054,0.6292,1.01029,0.706244,0.709783,0.689395,0.79748,0.786796,0.75135,0.994572,1.16243,0.803639,
2.79,0.754463,0.452046,0.825463,0.571586,0.971564,0.944707,-0.43968,-0.613028,-0.0371667,0.0738976,0.37617,0.471679,0.254327,0.316009,1.19214,1.14321,1.14858,0.880237,0.999985,1.03455,0.950539,1.07343,0.162896,0.6617,0.789548,1.36302,1.39002,-0.69218,0.845932,0.309003,0.701665,-1.28171,0.410515,0.599227,0.301126,-0.160618,0.452846,0.90263,0.936966,1.03264,1.01345,0.638462,1.02769,0.428448,0.999906,0.862379,-0.708862,-0.366066,0.134647,0.286754,1.33831,0.627806,-1.9638,-2.46361,1.1428,1.32935,1.15366,0.675224,0.724742,1.02494,0.86327,0.385576,-0.0867954,0.570898,0.637009,1.38221,1.42743,-1.10623,0.91905,0.278241,0.865212,-1.52989,-0.123805,0.393937,-0.630012,-0.125608,0.590382,0.770525,0.690049,0.716891,1.28523,0.874061,0.760586,0.717277,0.753484,0.727203,1.10717,1.09557,0.998182,0.628583,1.00842,0.706102,0.710076,0.689409,0.796131,0.784468,0.749884,0.994458,1.16061,0.803072,
2.795,0.753856,0.451265,0.824002,0.570365,0.969601,0.943543,-0.44114,-0.616345,-0.0368675,0.0759204,0.375651,0.471317,0.255923,0.320071,1.19279,1.1438,1.14778,0.885438,1.00252,1.03541,0.952368,1.07663,0.166112,0.661152,0.791068,1.36332,1.39033,-0.690785,0.847056,0.309153,0.703155,-1.28159,0.410642,0.598914,0.305649,-0.160307,0.452026,0.90122,0.936235,1.03192,1.01295,0.638221,1.02632,0.427762,0.998346,0.861479,-0.710034,-0.369512,0.139618,0.287231,1.33759,0.627203,-1.96318,-2.46201,1.14368,1.32983,1.15268,0.680634,0.728701,1.0267,0.865178,0.387254,-0.0837665,0.57054,0.637661,1.38219,1.42749,-1.10418,0.919307,0.278365,0.866681,-1.52971,-0.1235,0.393595,-0.626281,-0.124746,0.590217,0.769246,0.688303,0.715334,1.28225,0.873384,0.760297,0.71659,0.752179,0.724892,1.10535,1.09429,0.9955,0.627935,1.00627,0.705766,0.710161,0.689196,0.79476,0.782015,0.74847,0.993991,1.15813,0.802471,
2.8,0.753197,0.450428,0.822446,0.569015,0.967501,0.942284,-0.442835,-0.619632,-0.0365337,0.0781353,0.375111,0.470959,0.257631,0.324328,1.19332,1.14426,1.14684,0.890369,1.00475,1.03601,0.954043,1.07951,0.168857,0.660497,0.792716,1.36362,1.39066,-0.689686,0.848283,0.309353,0.704776,-1.28151,0.410737,0.598575,0.310344,-0.159971,0.451174,0.899732,0.935393,1.03109,1.01238,0.637947,1.02479,0.426853,0.996615,0.860511,-0.711394,-0.372976,0.144546,0.287706,1.33685,0.626725,-1.96238,-2.46016,1.14435,1.33013,1.15148,0.685993,0.732414,1.02818,0.867,0.388835,-0.0810575,0.570097,0.638369,1.38221,1.42755,-1.10244,0.919646,0.278519,0.868298,-1.52959,-0.123295,0.393259,-0.622263,-0.123897,0.590205,0.767877,0.68647,0.713716,1.27906,0.872524,0.759844,0.715742,0.750922,0.722578,1.10369,1.09277,0.992542,0.627255,1.00384,0.705228,0.710027,0.688764,0.793376,0.779451,0.7471,0.993042,1.15499,0.801838,
2.805,0.752439,0.449535,0.820858,0.567567,0.965317,0.940915,-0.444729,-0.62286,-0.0361632,0.0805413,0.374554,0.470599,0.259447,0.328753,1.19371,1.14457,1.14576,0.895013,1.00668,1.03639,0.955558,1.08209,0.171158,0.659724,0.794413,1.36391,1.391,-0.68885,0.849479,0.309633,0.706511,-1.28145,0.410803,0.598216,0.315171,-0.159608,0.45029,0.898184,0.934402,1.03011,1.01175,0.637628,1.0231,0.425736,0.994738,0.859478,-0.712969,-0.376425,0.149429,0.288176,1.33609,0.626348,-1.96136,-2.45809,1.14485,1.33027,1.15007,0.691307,0.735903,1.02939,0.868753,0.390332,-0.0786434,0.569583,0.639117,1.38225,1.42759,-1.10099,0.920045,0.27873,0.870038,-1.52952,-0.123149,0.392929,-0.617979,-0.12306,0.590278,0.766437,0.684585,0.712073,1.27571,0.871535,0.759301,0.714808,0.749715,0.720277,1.10218,1.09104,0.989353,0.626518,1.00111,0.704502,0.709702,0.68812,0.791979,0.776787,0.745783,0.990946,1.15137,0.801176,
2.81,0.75159,0.448587,0.819251,0.566037,0.96307,0.939464,-0.446771,-0.626005,-0.0357548,0.0831373,0.373979,0.470233,0.261366,0.333323,1.19399,1.14474,1.14457,0.899357,1.00833,1.03654,0.956912,1.08436,0.173051,0.658828,0.796118,1.3642,1.39136,-0.688238,0.850585,0.310021,0.708342,-1.2814,0.410071,0.597839,0.320091,-0.159218,0.449378,0.896597,0.933235,1.02896,1.01106,0.637258,1.02125,0.424447,0.992731,0.858389,-0.714784,-0.379828,0.154271,0.288643,1.33534,0.626056,-1.96015,-2.45583,1.14522,1.3303,1.14848,0.69658,0.739184,1.03035,0.870452,0.391752,-0.0765005,0.569008,0.640235,1.38228,1.4276,-1.0998,0.920492,0.27904,0.871887,-1.52947,-0.123029,0.392606,-0.613449,-0.122235,0.590381,0.764944,0.682692,0.710443,1.27224,0.870428,0.758658,0.713771,0.748562,0.718007,1.10081,1.08913,0.985981,0.625791,0.99806,0.7036,0.7092,0.687277,0.790572,0.774036,0.744516,0.990826,1.14724,0.80049,
2.815,0.75065,0.447583,0.817646,0.564449,0.960781,0.937936,-0.44892,-0.629046,-0.0353078,0.0859217,0.373391,0.469861,0.263382,0.33801,1.19415,1.14478,1.14328,0.903391,1.00973,1.03648,0.958103,1.08635,0.174564,0.657818,0.79779,1.36449,1.39172,-0.687805,0.851572,0.310523,0.710254,-1.28227,0.409306,0.597448,0.325067,-0.158797,0.448437,0.894995,0.931884,1.02763,1.01031,0.636835,1.01923,0.42302,0.99062,0.857253,-0.716808,-0.383153,0.159075,0.289107,1.33462,0.625841,-1.95876,-2.45341,1.14549,1.33023,1.14675,0.701813,0.742274,1.03108,0.872108,0.393105,-0.0746013,0.568385,0.641087,1.3823,1.42759,-1.09885,0.92098,0.279478,0.87387,-1.52944,-0.12294,0.392289,-0.608692,-0.12142,0.590479,0.763424,0.680833,0.708862,1.26869,0.869231,0.757931,0.712655,0.747467,0.715782,1.09957,1.08707,0.982471,0.624986,0.994731,0.702536,0.708542,0.686244,0.789158,0.771211,0.743303,0.989807,1.14237,0.799784,
2.82,0.749648,0.446523,0.81605,0.562822,0.958463,0.936344,-0.451142,-0.631963,-0.0348228,0.0888929,0.372788,0.469482,0.265493,0.342792,1.1942,1.1447,1.1419,0.9071,1.01087,1.03623,0.959131,1.08806,0.175723,0.656713,0.799405,1.36478,1.39207,-0.68751,0.852439,0.311132,0.712232,-1.28315,0.408511,0.597042,0.330064,-0.158343,0.447471,0.893399,0.930369,1.02615,1.00951,0.636365,1.01709,0.421479,0.988426,0.856083,-0.719002,-0.386375,0.163847,0.289568,1.33396,0.625699,-1.95721,-2.45085,1.14571,1.33009,1.14489,0.707001,0.745182,1.0316,0.873729,0.394397,-0.0729242,0.567726,0.641904,1.38231,1.42754,-1.09812,0.921505,0.280054,0.876009,-1.53043,-0.12407,0.391977,-0.603731,-0.120613,0.590552,0.761901,0.679053,0.707368,1.26509,0.86795,0.75713,0.711472,0.746439,0.713618,1.09846,1.08489,0.978863,0.624276,0.991263,0.70132,0.707741,0.685029,0.78774,0.768327,0.742144,0.988345,1.13726,0.799065,
2.825,0.748514,0.445406,0.814516,0.561201,0.956157,0.934639,-0.453408,-0.63474,-0.0343003,0.092049,0.372172,0.469101,0.267696,0.347644,1.19414,1.1445,1.14046,0.910477,1.01178,1.03578,0.959998,1.0895,0.176573,0.655522,0.800872,1.36506,1.39239,-0.687311,0.853109,0.311833,0.714262,-1.28404,0.407694,0.596634,0.335049,-0.157857,0.446478,0.891853,0.92873,1.02454,1.00865,0.635835,1.01484,0.419845,0.986171,0.85489,-0.721332,-0.389472,0.168594,0.290028,1.33342,0.625649,-1.95552,-2.44818,1.1459,1.3299,1.14293,0.712139,0.747932,1.03192,0.875323,0.395634,-0.0714514,0.567043,0.642729,1.38231,1.42741,-1.09756,0.922069,0.280768,0.878261,-1.53147,-0.12527,0.391669,-0.598588,-0.119814,0.590602,0.760429,0.677393,0.70599,1.26148,0.866651,0.75631,0.710278,0.745484,0.711528,1.09749,1.08262,0.975198,0.623202,0.987288,0.699971,0.706837,0.683668,0.786323,0.765397,0.741049,0.986596,1.13076,0.798333,
2.83,0.747418,0.444229,0.813022,0.559613,0.953852,0.932888,-0.455697,-0.637364,-0.0337414,0.0953898,0.371546,0.46872,0.269986,0.352543,1.19398,1.14421,1.13895,0.91351,1.01248,1.03514,0.960699,1.09067,0.177151,0.65426,0.802189,1.36532,1.39267,-0.687162,0.853636,0.312603,0.71633,-1.28493,0.406866,0.596214,0.339992,-0.157335,0.445463,0.890374,0.927027,1.02287,1.00774,0.635259,1.01249,0.418131,0.983874,0.853682,-0.723771,-0.392426,0.173328,0.290486,1.333,0.625691,-1.9537,-2.44542,1.14607,1.32967,1.14091,0.717213,0.750521,1.03206,0.876891,0.396819,-0.0701684,0.566347,0.643586,1.38227,1.42721,-1.09716,0.92267,0.281611,0.88059,-1.53257,-0.126541,0.391366,-0.593285,-0.119019,0.590623,0.759029,0.675887,0.704754,1.25788,0.865271,0.755416,0.709015,0.744599,0.709525,1.09663,1.08029,0.971512,0.622754,0.984412,0.698488,0.705819,0.682177,0.784919,0.762435,0.740007,0.984508,1.12735,0.797597,
2.835,0.746223,0.442991,0.811518,0.55809,0.951497,0.931064,-0.457989,-0.639823,-0.033147,0.0989165,0.370908,0.468323,0.272363,0.357468,1.19374,1.14384,1.13741,0.916183,1.01295,1.03435,0.961229,1.09157,0.177515,0.652917,0.803406,1.3655,1.39285,-0.687038,0.854033,0.313418,0.718425,-1.28581,0.40604,0.595741,0.344867,-0.156776,0.444426,0.888922,0.925323,1.02118,1.00682,0.634648,1.01006,0.416351,0.981543,0.852445,-0.726298,-0.395221,0.178057,0.290945,1.33261,0.625719,-1.95177,-2.44259,1.14625,1.32942,1.13885,0.722201,0.75294,1.03202,0.878433,0.397954,-0.0690621,0.565643,0.644474,1.38223,1.42702,-1.09688,0.923285,0.282562,0.882981,-1.53373,-0.127881,0.391066,-0.587847,-0.118226,0.590537,0.757644,0.674566,0.703679,1.25433,0.863793,0.754438,0.707693,0.743765,0.707619,1.09587,1.07791,0.967837,0.619778,0.981118,0.696856,0.704651,0.680575,0.783513,0.759455,0.738996,0.982359,1.12279,0.796864,
2.84,0.74504,0.441688,0.810012,0.556711,0.949111,0.929214,-0.460267,-0.64211,-0.0325181,0.10263,0.370263,0.46791,0.274824,0.362401,1.19341,1.14339,1.13583,0.918492,1.01321,1.03344,0.961583,1.0922,0.17772,0.651515,0.804519,1.36565,1.39297,-0.687679,0.854347,0.314257,0.720538,-1.28666,0.40523,0.59523,0.34965,-0.156177,0.443367,0.887482,0.923688,1.01956,1.00588,0.634013,1.00757,0.414512,0.979186,0.851199,-0.728896,-0.397843,0.182794,0.291405,1.33228,0.625707,-1.94975,-2.43971,1.14642,1.32914,1.13676,0.727091,0.755185,1.03182,0.879948,0.39904,-0.0681169,0.564938,0.645394,1.38219,1.42684,-1.09668,0.923916,0.283599,0.885426,-1.53493,-0.129281,0.390769,-0.582295,-0.117434,0.590345,0.756265,0.673445,0.702773,1.25085,0.862291,0.753415,0.706347,0.742998,0.705821,1.09522,1.0755,0.964202,0.620872,0.977888,0.695123,0.703382,0.678868,0.782129,0.756471,0.738035,0.980152,1.11799,0.796142,
2.845,0.743793,0.44032,0.808549,0.555571,0.946773,0.927478,-0.462517,-0.644215,-0.0318557,0.106531,0.369609,0.467507,0.27737,0.367323,1.193,1.14289,1.13424,0.920451,1.01327,1.03243,0.961761,1.09258,0.177849,0.650108,0.805562,1.36584,1.39308,-0.688405,0.854716,0.315103,0.72266,-1.28748,0.404449,0.594734,0.354323,-0.155538,0.442288,0.886122,0.922184,1.01804,1.00496,0.633375,1.00502,0.412625,0.976821,0.849993,-0.731549,-0.400282,0.18755,0.291868,1.33214,0.625793,-1.94763,-2.43679,1.1466,1.32884,1.13466,0.731877,0.757263,1.03148,0.881433,0.400076,-0.0673218,0.564242,0.646378,1.3821,1.42661,-1.09653,0.924608,0.284706,0.887917,-1.53617,-0.13073,0.390473,-0.576655,-0.116639,0.590183,0.754985,0.672529,0.702031,1.24746,0.86082,0.752376,0.705009,0.742324,0.704139,1.09472,1.07309,0.960632,0.620047,0.9746,0.693342,0.702077,0.677097,0.780801,0.753495,0.737153,0.977743,1.11257,0.795451,
2.85,0.742531,0.438883,0.807136,0.554599,0.944479,0.925808,-0.464728,-0.646136,-0.0311612,0.11062,0.368949,0.467125,0.28,0.372219,1.19252,1.14233,1.13264,0.922049,1.01315,1.03131,0.96175,1.0927,0.177913,0.648717,0.806531,1.36601,1.39312,-0.689211,0.855125,0.31594,0.724785,-1.28825,0.403709,0.594231,0.358869,-0.154857,0.441192,0.884879,0.920866,1.01668,1.00405,0.632741,1.00244,0.410697,0.974462,0.848825,-0.734242,-0.40253,0.192337,0.292334,1.33225,0.626029,-1.94544,-2.43384,1.14677,1.32851,1.13256,0.73653,0.759166,1.031,0.88288,0.401058,-0.0666695,0.563563,0.647421,1.382,1.42635,-1.0964,0.925373,0.285866,0.890444,-1.53744,-0.132212,0.390179,-0.570947,-0.115838,0.590111,0.75385,0.671795,0.701428,1.24418,0.85931,0.751283,0.703636,0.741737,0.702578,1.09436,1.07069,0.957147,0.619032,0.971054,0.691462,0.700718,0.675193,0.77951,0.750541,0.736338,0.975122,1.10729,0.794792,
2.855,0.741172,0.437374,0.8057,0.553395,0.942183,0.924119,-0.466888,-0.647868,-0.0304357,0.114899,0.368285,0.466762,0.282717,0.377075,1.19198,1.14173,1.13102,0.923282,1.01285,1.03012,0.961482,1.09255,0.177193,0.647344,0.807384,1.36615,1.39301,-0.690095,0.855527,0.316759,0.726906,-1.28893,0.403024,0.593683,0.363278,-0.154132,0.440079,0.883743,0.91978,1.01552,1.00313,0.632106,0.999809,0.408736,0.972118,0.847676,-0.736962,-0.404579,0.197168,0.292805,1.33256,0.62639,-1.94317,-2.43088,1.14691,1.32813,1.13047,0.741028,0.76089,1.03038,0.884277,0.401982,-0.066152,0.562904,0.648502,1.38193,1.42609,-1.09713,0.926198,0.287068,0.893003,-1.53872,-0.133714,0.389884,-0.565194,-0.115031,0.590128,0.752856,0.671197,0.700912,1.24102,0.857717,0.750099,0.702217,0.741224,0.701142,1.09411,1.0683,0.953764,0.618331,0.967498,0.689519,0.699283,0.673382,0.778247,0.74762,0.735579,0.972359,1.10147,0.794159,
2.86,0.739807,0.43579,0.804191,0.551862,0.939845,0.922397,-0.46899,-0.649415,-0.0296805,0.119368,0.367617,0.466413,0.285521,0.381881,1.19138,1.14108,1.1294,0.924149,1.01236,1.02885,0.960667,1.09215,0.176243,0.645981,0.808105,1.36625,1.39281,-0.691047,0.855908,0.31755,0.729021,-1.28951,0.402403,0.59307,0.367542,-0.153364,0.43895,0.882669,0.918954,1.01458,1.00219,0.631464,0.997184,0.406747,0.969793,0.846534,-0.7397,-0.406426,0.202053,0.293283,1.33303,0.626816,-1.94082,-2.42792,1.147,1.3277,1.12839,0.745352,0.762425,1.02961,0.885614,0.402844,-0.065757,0.562269,0.649603,1.38188,1.42586,-1.09796,0.927062,0.2883,0.895584,-1.54002,-0.13522,0.389588,-0.559417,-0.114213,0.590204,0.751956,0.670665,0.700412,1.23799,0.856143,0.748873,0.700816,0.740776,0.699835,1.09394,1.06595,0.950497,0.615883,0.963585,0.687508,0.697769,0.670966,0.777008,0.744746,0.734867,0.969493,1.09519,0.793548,
2.865,0.738353,0.434129,0.802693,0.550003,0.937509,0.92068,-0.471028,-0.650792,-0.0288964,0.124031,0.366947,0.466083,0.288416,0.386625,1.19072,1.14039,1.12778,0.924666,1.01169,1.02753,0.960487,1.0915,0.174974,0.64464,0.808688,1.36635,1.39265,-0.692061,0.856269,0.318309,0.731126,-1.28995,0.401869,0.592428,0.371658,-0.15255,0.437809,0.881663,0.918397,1.01385,1.00123,0.630813,0.994483,0.404736,0.967491,0.845414,-0.742442,-0.40807,0.207006,0.293768,1.33371,0.627337,-1.93841,-2.42496,1.14702,1.3272,1.12632,0.749487,0.763764,1.0287,0.886883,0.403638,-0.0654705,0.561662,0.650715,1.38187,1.42566,-1.09891,0.927968,0.289553,0.898183,-1.5413,-0.136714,0.389291,-0.553636,-0.113383,0.590371,0.751162,0.670118,0.69985,1.2351,0.854668,0.747694,0.699475,0.740411,0.698657,1.09389,1.06363,0.947354,0.616401,0.959499,0.685498,0.696225,0.669894,0.775827,0.741928,0.734228,0.966548,1.08875,0.792959,
2.87,0.736907,0.432389,0.801355,0.548125,0.935278,0.919073,-0.472997,-0.652009,-0.0280845,0.128888,0.366277,0.465796,0.291405,0.391301,1.19,1.13966,1.12615,0.924849,1.01089,1.0262,0.960006,1.09061,0.173407,0.643366,0.809163,1.36648,1.39262,-0.693124,0.856662,0.31903,0.733218,-1.29025,0.40147,0.591821,0.375627,-0.151689,0.436657,0.880823,0.91809,1.01332,1.00028,0.630162,0.991901,0.402709,0.965222,0.844357,-0.74518,-0.409515,0.212038,0.294262,1.33483,0.628131,-1.93594,-2.42202,1.14695,1.32661,1.12426,0.753422,0.764898,1.02763,0.888078,0.404358,-0.0652755,0.561088,0.651852,1.38193,1.42549,-1.09999,0.928951,0.290819,0.900793,-1.54258,-0.138183,0.388993,-0.547868,-0.112539,0.590751,0.750596,0.669481,0.699158,1.23235,0.853355,0.746551,0.698232,0.740165,0.697606,1.09401,1.06136,0.944342,0.613765,0.955361,0.683447,0.694702,0.66614,0.774751,0.739177,0.7337,0.963542,1.0823,0.7924,
2.875,0.735373,0.430567,0.800127,0.546241,0.933087,0.917454,-0.474893,-0.653048,-0.0272451,0.133943,0.365608,0.465551,0.294491,0.395903,1.18923,1.1389,1.12453,0.924707,1.00997,1.02493,0.959475,1.08948,0.171586,0.642149,0.809536,1.36657,1.39262,-0.694227,0.857037,0.319712,0.735297,-1.29042,0.401272,0.591197,0.379454,-0.150781,0.435495,0.880178,0.917981,1.01293,0.999329,0.629504,0.989092,0.400667,0.962988,0.843335,-0.747903,-0.410787,0.21716,0.294766,1.33638,0.629243,-1.9334,-2.4191,1.14678,1.32594,1.1222,0.757134,0.765815,1.0264,0.889182,0.405,-0.0651344,0.560548,0.652987,1.38212,1.42539,-1.10121,0.929998,0.292091,0.90341,-1.54382,-0.139615,0.388691,-0.54213,-0.111677,0.591337,0.750276,0.6687,0.698291,1.22974,0.852017,0.745271,0.696795,0.740017,0.696679,1.09427,1.05913,0.941462,0.614363,0.95122,0.681367,0.693109,0.665891,0.773739,0.736503,0.733254,0.960481,1.07586,0.79186,
2.88,0.733826,0.428664,0.798936,0.544355,0.930865,0.91579,-0.476715,-0.653896,-0.0263791,0.139199,0.364942,0.465343,0.297678,0.400427,1.18842,1.13812,1.12292,0.924265,1.00897,1.02393,0.958454,1.08811,0.169547,0.640976,0.809826,1.36663,1.39264,-0.69536,0.85737,0.320354,0.737363,-1.29047,0.401247,0.590532,0.383146,-0.149824,0.434325,0.8797,0.917988,1.0126,0.998366,0.628837,0.986714,0.398616,0.960777,0.842325,-0.750603,-0.411883,0.222383,0.295282,1.33829,0.630643,-1.93079,-2.4162,1.14648,1.32517,1.12014,0.760605,0.766509,1.02502,0.890181,0.405557,-0.0650287,0.560042,0.654103,1.3824,1.42535,-1.10256,0.931078,0.293363,0.906028,-1.54504,-0.140996,0.388386,-0.536437,-0.110797,0.592073,0.750149,0.667746,0.697233,1.22726,0.850753,0.744255,0.695949,0.739948,0.695874,1.09462,1.05695,0.938715,0.611207,0.9471,0.679245,0.691426,0.66341,0.772781,0.733913,0.732877,0.957375,1.06933,0.791332,
2.885,0.732213,0.426679,0.7977,0.542465,0.928559,0.91406,-0.478463,-0.654544,-0.0254867,0.144662,0.364281,0.465165,0.300969,0.404871,1.18756,1.13734,1.12135,0.923606,1.00793,1.02329,0.957163,1.08649,0.167328,0.639834,0.810045,1.36665,1.39269,-0.696514,0.857647,0.320956,0.739415,-1.29043,0.40133,0.589809,0.386715,-0.148815,0.433149,0.879314,0.918011,1.01225,0.997389,0.628157,0.983552,0.396556,0.958575,0.841304,-0.753273,-0.412787,0.220658,0.29581,1.34041,0.632244,-1.92811,-2.41333,1.14605,1.3243,1.11807,0.763816,0.766971,1.0235,0.891064,0.406024,-0.0655044,0.559567,0.655186,1.38275,1.42535,-1.10406,0.932158,0.294629,0.908645,-1.54621,-0.142317,0.388078,-0.530802,-0.109895,0.592868,0.750107,0.666617,0.695991,1.22492,0.849497,0.742971,0.694023,0.739939,0.695182,1.09505,1.05481,0.936097,0.61216,0.943007,0.677118,0.689672,0.659841,0.771866,0.731414,0.732554,0.954227,1.06258,0.790808,
2.89,0.730582,0.424613,0.796198,0.540569,0.926109,0.912268,-0.480137,-0.654778,-0.0245681,0.150337,0.363627,0.465008,0.304367,0.409234,1.18666,1.13657,1.11982,0.922866,1.00694,1.02229,0.955684,1.08464,0.16495,0.638704,0.810227,1.36661,1.39269,-0.69768,0.857886,0.321521,0.741455,-1.29029,0.401506,0.589007,0.390175,-0.147753,0.431969,0.878903,0.917954,1.01177,0.99641,0.627463,0.981747,0.39449,0.956366,0.84026,-0.755903,-0.413492,0.220306,0.296353,1.3425,0.633905,-1.92536,-2.41049,1.14549,1.32332,1.11598,0.766752,0.767202,1.02185,0.89182,0.406398,-0.0661124,0.559121,0.656238,1.38311,1.42537,-1.10571,0.933205,0.295884,0.911256,-1.54733,-0.143569,0.387765,-0.525233,-0.108971,0.593618,0.749995,0.665332,0.69459,1.2227,0.848163,0.742004,0.693802,0.739966,0.694599,1.0955,1.05272,0.933603,0.609601,0.938933,0.674889,0.687815,0.659433,0.770972,0.72901,0.732265,0.951042,1.05574,0.790284,
2.895,0.728896,0.422468,0.79465,0.538665,0.923552,0.910416,-0.481738,-0.654359,-0.0236235,0.15623,0.362981,0.464862,0.307876,0.413517,1.18574,1.13582,1.11835,0.922166,1.006,1.02085,0.954025,1.08257,0.162428,0.637571,0.810386,1.36655,1.39266,-0.698853,0.8581,0.322051,0.743485,-1.29017,0.401605,0.588123,0.393542,-0.146637,0.430788,0.878349,0.917747,1.01112,0.995425,0.626754,0.977748,0.392418,0.954132,0.83919,-0.758489,-0.413921,0.220124,0.296911,1.34439,0.635485,-1.92255,-2.40769,1.1448,1.32224,1.11388,0.769401,0.767204,1.0201,0.89244,0.406684,-0.0669018,0.5587,0.657259,1.38343,1.42535,-1.10754,0.934197,0.297125,0.913859,-1.54839,-0.144745,0.387448,-0.51974,-0.108021,0.594238,0.749677,0.663921,0.693064,1.22059,0.846935,0.741488,0.693237,0.740021,0.694117,1.09598,1.05067,0.931226,0.60998,0.934862,0.672854,0.685932,0.657882,0.770103,0.726705,0.732005,0.947828,1.0489,0.789756,
2.9,0.727197,0.420248,0.792936,0.536749,0.92092,0.908557,-0.483269,-0.654209,-0.0226527,0.162351,0.362344,0.464725,0.311499,0.417722,1.18479,1.13512,1.11695,0.921395,1.00497,1.01904,0.952222,1.08028,0.159775,0.636432,0.810555,1.36644,1.39257,-0.700026,0.858332,0.322547,0.745506,-1.29005,0.401713,0.587168,0.396832,-0.145463,0.429606,0.877574,0.917351,1.01026,0.994451,0.626035,0.976724,0.390341,0.951866,0.838107,-0.761025,-0.413604,0.220058,0.297486,1.346,0.636898,-1.91966,-2.40492,1.14399,1.32106,1.11176,0.771757,0.766987,1.01832,0.892922,0.406887,-0.0679608,0.558302,0.658265,1.3837,1.42531,-1.10953,0.935135,0.29835,0.916451,-1.54939,-0.145841,0.387125,-0.514325,-0.107045,0.594697,0.749076,0.66242,0.69145,1.21858,0.84555,0.740829,0.692471,0.740101,0.693728,1.09648,1.04866,0.928957,0.603416,0.930785,0.670152,0.683914,0.656596,0.769266,0.724498,0.73178,0.944589,1.04207,0.789227,
2.905,0.725474,0.417956,0.791375,0.534819,0.918255,0.906757,-0.484734,-0.65399,-0.0216555,0.168707,0.361719,0.464592,0.315237,0.421851,1.18382,1.13447,1.11563,0.919694,1.00362,1.01721,0.950289,1.07782,0.157004,0.635295,0.810773,1.36632,1.39246,-0.701196,0.858641,0.323005,0.74752,-1.28993,0.401835,0.586169,0.400063,-0.144229,0.428426,0.87656,0.916762,1.00918,0.993504,0.625314,0.97249,0.388258,0.949567,0.837032,-0.763506,-0.413474,0.220165,0.29808,1.34732,0.638134,-1.9167,-2.40218,1.14307,1.31981,1.10963,0.773819,0.766568,1.01667,0.893267,0.407027,-0.0692911,0.557927,0.659278,1.38391,1.42525,-1.11167,0.936035,0.299555,0.91903,-1.55032,-0.146852,0.386797,-0.508991,-0.10604,0.595014,0.748193,0.660871,0.689785,1.21667,0.844391,0.739631,0.691315,0.740219,0.693424,1.09704,1.04669,0.926785,0.606425,0.926717,0.668978,0.682013,0.654738,0.768483,0.722388,0.731605,0.941331,1.03526,0.788703,
2.91,0.723721,0.415598,0.789451,0.532871,0.915516,0.904947,-0.486135,-0.65358,-0.0206314,0.175309,0.361109,0.463387,0.319092,0.425908,1.18284,1.13389,1.11437,0.917385,1.0016,1.01534,0.948233,1.0752,0.154126,0.634165,0.811052,1.36614,1.39234,-0.70236,0.858997,0.323424,0.749531,-1.28979,0.401983,0.585116,0.403254,-0.142933,0.427248,0.875291,0.915995,1.00792,0.992572,0.624595,0.971476,0.386167,0.947227,0.835956,-0.765928,-0.413278,0.220292,0.298692,1.34831,0.639148,-1.91367,-2.39948,1.14206,1.31849,1.10748,0.775586,0.76599,1.01546,0.893477,0.407118,-0.0708655,0.557569,0.660287,1.38403,1.42516,-1.11392,0.936899,0.300736,0.921594,-1.55116,-0.147775,0.386463,-0.503735,-0.105005,0.595185,0.747011,0.659313,0.688106,1.21482,0.843094,0.738222,0.690039,0.740364,0.693197,1.09762,1.04474,0.9247,0.60646,0.922672,0.665106,0.679688,0.652546,0.767743,0.720371,0.731472,0.938054,1.02847,0.78818,
2.915,0.721957,0.413178,0.788,0.5309,0.912769,0.903218,-0.487478,-0.652803,-0.01958,0.182169,0.360512,0.46227,0.323065,0.429898,1.18186,1.13337,1.1132,0.914694,0.999435,1.01343,0.946062,1.07246,0.151154,0.633056,0.811419,1.36594,1.39223,-0.703515,0.859441,0.323804,0.751541,-1.28964,0.402172,0.584047,0.406422,-0.141571,0.426075,0.873809,0.915075,1.00649,0.991668,0.62388,0.96733,0.384067,0.94485,0.8349,-0.76829,-0.412888,0.220423,0.299326,1.34904,0.639978,-1.91057,-2.39681,1.14097,1.31713,1.10532,0.777062,0.765304,1.01436,0.893561,0.407173,-0.0726536,0.557228,0.661313,1.38407,1.42506,-1.11628,0.937748,0.301881,0.924144,-1.55191,-0.148602,0.386123,-0.498553,-0.103936,0.59526,0.745593,0.657782,0.686444,1.21304,0.841997,0.736744,0.688742,0.740552,0.693038,1.09827,1.04281,0.92269,0.604233,0.918654,0.664685,0.678108,0.650232,0.767074,0.718439,0.731403,0.934753,1.0217,0.787666,
2.92,0.720151,0.410704,0.786014,0.528902,0.90996,0.901495,-0.488768,-0.651517,-0.0185007,0.189299,0.359932,0.461178,0.327155,0.433825,1.18089,1.13293,1.11208,0.911756,0.99716,1.01148,0.943776,1.06958,0.148095,0.631959,0.811878,1.36567,1.39207,-0.704662,0.85994,0.324149,0.753555,-1.28947,0.402422,0.58294,0.409585,-0.14014,0.424911,0.872131,0.914031,1.00493,0.990778,0.623172,0.966162,0.381954,0.942433,0.833852,-0.770591,-0.412125,0.220565,0.299981,1.34948,0.640605,-1.90739,-2.39416,1.13984,1.31574,1.10315,0.778258,0.764577,1.01256,0.893494,0.407008,-0.0746206,0.556901,0.662346,1.38403,1.42493,-1.11874,0.938581,0.302985,0.926681,-1.55254,-0.149311,0.385776,-0.493437,-0.102834,0.595232,0.743957,0.656307,0.68482,1.21131,0.840798,0.735233,0.687451,0.74077,0.692941,1.09895,1.04089,0.92074,0.604057,0.914661,0.66188,0.6747,0.647866,0.766452,0.716584,0.731381,0.931416,1.01494,0.787155,
2.925,0.718316,0.408181,0.784498,0.526875,0.907136,0.899817,-0.490006,-0.649677,-0.0173927,0.196713,0.359371,0.460091,0.331361,0.437696,1.17991,1.13255,1.11102,0.908625,0.994794,1.00949,0.941384,1.06664,0.144958,0.630876,0.812429,1.36537,1.39187,-0.7058,0.860501,0.32446,0.755577,-1.28927,0.402747,0.581813,0.412761,-0.138637,0.423754,0.870298,0.912886,1.00325,0.989902,0.62247,0.962113,0.379825,0.939981,0.832818,-0.772829,-0.410848,0.220718,0.30066,1.34969,0.641054,-1.90413,-2.39154,1.13867,1.31433,1.10098,0.779199,0.76384,1.01001,0.893234,0.406777,-0.076742,0.556584,0.663396,1.38392,1.42479,-1.12129,0.939409,0.304048,0.929206,-1.55304,-0.149866,0.385423,-0.488374,-0.101695,0.595125,0.742156,0.654901,0.683244,1.20961,0.839714,0.733702,0.686167,0.741024,0.692897,1.09969,1.03898,0.91884,0.603058,0.910688,0.658126,0.67409,0.645468,0.765891,0.714797,0.731415,0.928025,1.0082,0.786647,
2.93,0.716412,0.405617,0.782521,0.524814,0.904255,0.898136,-0.491192,-0.647295,-0.016255,0.204424,0.358829,0.459004,0.335681,0.441515,1.17894,1.13222,1.10999,0.905332,0.992346,1.00745,0.938899,1.06348,0.141751,0.6298,0.813057,1.36503,1.39154,-0.706931,0.861112,0.324741,0.757611,-1.28903,0.403158,0.580633,0.415964,-0.137059,0.422609,0.868318,0.91166,1.00147,0.989026,0.621765,0.960753,0.377678,0.937496,0.831784,-0.775007,-0.409016,0.220882,0.301362,1.3497,0.641308,-1.90081,-2.38894,1.1375,1.31294,1.09881,0.779918,0.763031,1.00728,0.892862,0.406442,-0.0789968,0.556275,0.66446,1.38377,1.42464,-1.1239,0.940229,0.30507,0.931723,-1.55345,-0.150252,0.385063,-0.483351,-0.100519,0.594927,0.740207,0.653564,0.681709,1.20793,0.83839,0.73212,0.684835,0.741303,0.6929,1.10045,1.03707,0.916974,0.602087,0.906729,0.657854,0.669728,0.643039,0.765359,0.713062,0.731484,0.924581,1.00146,0.786137,
2.935,0.714544,0.403018,0.780778,0.522716,0.901364,0.896474,-0.492327,-0.644402,-0.0150868,0.200207,0.35831,0.457914,0.340113,0.44529,1.17798,1.13192,1.10895,0.901896,0.989819,1.00537,0.93633,1.06064,0.138478,0.62873,0.813738,1.36468,1.39119,-0.708058,0.861755,0.324994,0.759662,-1.28873,0.403652,0.579419,0.419213,-0.135403,0.421475,0.86623,0.910365,0.999611,0.988139,0.621051,0.956762,0.375506,0.934971,0.83075,-0.777126,-0.406649,0.221059,0.302091,1.34955,0.641396,-1.89742,-2.38636,1.13633,1.31156,1.09665,0.780448,0.761632,1.00445,0.892458,0.406011,-0.0813641,0.555968,0.665539,1.3836,1.4245,-1.12657,0.941046,0.306053,0.934239,-1.55379,-0.150514,0.384695,-0.478351,-0.0993016,0.594652,0.738161,0.652279,0.680195,1.20625,0.837297,0.730527,0.683498,0.741617,0.692944,1.10127,1.03514,0.915127,0.600929,0.902776,0.655469,0.669578,0.640579,0.764872,0.711367,0.731596,0.921093,0.99472,0.78562,
2.94,0.712427,0.400393,0.77889,0.520575,0.898452,0.894824,-0.493411,-0.64101,-0.0138869,0.199864,0.357812,0.456822,0.344653,0.449025,1.177,1.13163,1.10788,0.898335,0.987218,1.00324,0.933689,1.05665,0.135143,0.627653,0.814458,1.36426,1.39073,-0.709184,0.862416,0.325223,0.761736,-1.28838,0.404223,0.578169,0.42252,-0.133663,0.420356,0.864072,0.909003,0.997672,0.987237,0.620322,0.955175,0.373305,0.932411,0.829718,-0.779189,-0.403776,0.221248,0.302847,1.34932,0.641345,-1.89396,-2.38378,1.13517,1.31021,1.09451,0.780808,0.759824,1.00154,0.89211,0.40551,-0.0838202,0.55566,0.666636,1.38342,1.42436,-1.12929,0.941867,0.307,0.93676,-1.55407,-0.150707,0.38432,-0.473354,-0.0980417,0.594298,0.736064,0.651022,0.678679,1.20456,0.836,0.728927,0.682164,0.741965,0.693023,1.10214,1.03319,0.913286,0.599691,0.898823,0.652934,0.665131,0.638087,0.76442,0.709696,0.731746,0.917565,0.987964,0.785096,
2.945,0.710953,0.39775,0.777089,0.518389,0.895518,0.893137,-0.494447,-0.637122,-0.0126541,0.19971,0.35734,0.45573,0.349297,0.452728,1.17602,1.13132,1.10675,0.894666,0.984546,1.00107,0.930989,1.05511,0.131747,0.626579,0.815178,1.36379,1.39027,-0.710314,0.863036,0.325432,0.763837,-1.28797,0.404861,0.57689,0.425898,-0.131839,0.419253,0.861877,0.907568,0.99565,0.986295,0.619567,0.951184,0.371069,0.929806,0.828675,-0.781202,-0.400412,0.221449,0.303632,1.34902,0.641173,-1.89044,-2.38122,1.13404,1.30889,1.09238,0.781027,0.757742,0.99855,0.891884,0.404966,-0.08634,0.555349,0.667732,1.38324,1.42422,-1.13205,0.94269,0.307916,0.939294,-1.55432,-0.150855,0.383938,-0.468341,-0.0967369,0.593855,0.733952,0.649764,0.677139,1.20284,0.834888,0.727338,0.68086,0.74235,0.693131,1.10306,1.03122,0.911436,0.598414,0.89486,0.649736,0.665,0.635565,0.763996,0.708034,0.731928,0.913999,0.98118,0.784558,
2.95,0.705073,0.395098,0.775356,0.516154,0.892646,0.891567,-0.495437,-0.632741,-0.0113873,0.199803,0.356893,0.454637,0.354038,0.456404,1.17502,1.13096,1.10553,0.890902,0.981801,0.998838,0.928243,1.05094,0.128292,0.625526,0.815925,1.36332,1.38985,-0.711454,0.863707,0.325622,0.765971,-1.2875,0.405553,0.575637,0.42936,-0.129927,0.418168,0.859749,0.906047,0.993533,0.985343,0.618794,0.949404,0.368793,0.92716,0.82766,-0.783167,-0.396561,0.221663,0.304447,1.34886,0.641044,-1.88686,-2.37865,1.13293,1.30759,1.09026,0.781141,0.755499,0.995502,0.891576,0.404401,-0.0888988,0.55503,0.668868,1.38313,1.4241,-1.13483,0.943557,0.308804,0.94185,-1.55454,-0.150976,0.383548,-0.463288,-0.0953845,0.59343,0.731952,0.648479,0.675554,1.20109,0.833757,0.725781,0.679612,0.742806,0.693263,1.10412,1.0292,0.909561,0.597133,0.890882,0.647551,0.66069,0.633015,0.763633,0.706364,0.73217,0.910395,0.974358,0.784017,
2.955,0.706912,0.392446,0.773529,0.513866,0.889682,0.889882,-0.496384,-0.627863,-0.0100852,0.199955,0.356473,0.453543,0.358872,0.460059,1.17399,1.13053,1.10423,0.887057,0.978985,0.99655,0.92546,1.04714,0.124777,0.624474,0.816652,1.36278,1.38929,-0.712609,0.864334,0.325797,0.768142,-1.28698,0.406284,0.574335,0.432917,-0.127923,0.417102,0.857668,0.904424,0.991311,0.984334,0.617986,0.945459,0.366471,0.924464,0.826611,-0.785092,-0.392229,0.221891,0.305293,1.34876,0.640925,-1.88323,-2.37607,1.13184,1.30631,1.08815,0.781184,0.75317,0.992406,0.891092,0.403834,-0.091471,0.5547,0.670007,1.38305,1.42401,-1.13763,0.944442,0.309671,0.944438,-1.55475,-0.151086,0.383151,-0.458175,-0.0939821,0.592972,0.730034,0.64714,0.673908,1.19927,0.83244,0.724177,0.67832,0.743288,0.693414,1.10521,1.02713,0.907645,0.595836,0.886874,0.644355,0.66046,0.630432,0.763251,0.704669,0.732412,0.906745,0.967471,0.783453,
2.96,0.701411,0.389802,0.771634,0.511521,0.886696,0.888208,-0.497291,-0.622479,-0.0087466,0.200129,0.356082,0.452448,0.363791,0.4637,1.17292,1.13001,1.10283,0.883141,0.976097,0.994199,0.922651,1.04487,0.1212,0.623423,0.817371,1.36221,1.38865,-0.713788,0.864984,0.325958,0.770356,-1.28641,0.40704,0.573012,0.43658,-0.125826,0.416056,0.855637,0.902691,0.988978,0.983284,0.617142,0.94318,0.364097,0.921707,0.825539,-0.786982,-0.387413,0.222132,0.306174,1.34877,0.640846,-1.87955,-2.37349,1.13077,1.30502,1.08605,0.78119,0.750805,0.989273,0.890534,0.403279,-0.0940324,0.554355,0.671176,1.38302,1.42396,-1.14044,0.945354,0.31052,0.947066,-1.55495,-0.151199,0.382746,-0.452977,-0.0925269,0.592502,0.728204,0.645724,0.672186,1.19739,0.83114,0.722526,0.676974,0.743804,0.693581,1.10638,1.02499,0.905674,0.594543,0.882809,0.643498,0.656145,0.62781,0.762868,0.702935,0.732659,0.903046,0.960503,0.782872,
2.965,0.703044,0.387177,0.76965,0.509116,0.883615,0.886533,-0.498162,-0.61658,-0.00736997,0.200344,0.355719,0.451352,0.368787,0.467324,1.17179,1.12939,1.10134,0.879167,0.973136,0.991779,0.919822,1.04172,0.117561,0.622371,0.818123,1.36159,1.38795,-0.714998,0.865689,0.32611,0.772617,-1.28581,0.407809,0.571677,0.440357,-0.123631,0.415034,0.853633,0.900848,0.986528,0.982205,0.616268,0.939169,0.361665,0.918883,0.82443,-0.788843,-0.382106,0.222387,0.307091,1.34885,0.640802,-1.87584,-2.37089,1.12969,1.30372,1.08394,0.781191,0.748437,0.986112,0.889992,0.402753,-0.0965598,0.553991,0.672382,1.38305,1.42394,-1.14324,0.946288,0.311359,0.949743,-1.55516,-0.151331,0.382334,-0.447674,-0.091016,0.592019,0.726432,0.644209,0.670371,1.19542,0.829758,0.72081,0.675565,0.744343,0.693758,1.1076,1.02279,0.903631,0.593263,0.878646,0.641477,0.65592,0.625147,0.76246,0.701145,0.73289,0.899292,0.953428,0.782274,
2.97,0.696758,0.38458,0.7677,0.506646,0.880553,0.884824,-0.498999,-0.610159,-0.00595392,0.200597,0.355388,0.450255,0.373855,0.470936,1.1706,1.12866,1.09977,0.875144,0.970099,0.989286,0.916984,1.03946,0.113857,0.62133,0.818873,1.36092,1.38728,-0.716248,0.866402,0.326252,0.774931,-1.28518,0.408578,0.570344,0.444257,-0.121337,0.414035,0.851678,0.898905,0.983967,0.981061,0.615355,0.93698,0.359168,0.915976,0.823287,-0.790682,-0.376303,0.222658,0.308045,1.34911,0.640848,-1.87208,-2.36826,1.1286,1.30238,1.08179,0.781236,0.746094,0.982932,0.889499,0.40227,-0.0990317,0.553606,0.673612,1.38313,1.42398,-1.14604,0.947256,0.312191,0.952478,-1.55539,-0.151494,0.381914,-0.442244,-0.0894466,0.591552,0.724746,0.64257,0.668433,1.19335,0.828393,0.71909,0.67415,0.74493,0.693941,1.10893,1.02049,0.9015,0.59199,0.874361,0.640063,0.0317017,0.622441,0.762047,0.699285,0.733119,0.895478,0.946231,0.781654,
2.975,0.699003,0.382021,0.765647,0.504107,0.877334,0.88314,-0.499806,-0.603212,-0.00449715,0.200887,0.355087,0.449157,0.378985,0.474541,1.16935,1.12782,1.09811,0.871083,0.966987,0.986714,0.914146,1.03799,0.110085,0.620302,0.819661,1.3602,1.38659,-0.717548,0.867177,0.326387,0.7773,-1.28454,0.409337,0.569044,0.448289,-0.118939,0.413062,0.849773,0.896879,0.981306,0.979874,0.61441,0.933191,0.3566,0.912969,0.822104,-0.792508,-0.370003,0.222945,0.309038,1.34955,0.641017,-1.8683,-2.36561,1.1275,1.30098,1.07958,0.781368,0.743799,0.97974,0.889076,0.401841,-0.101428,0.553196,0.674882,1.38324,1.42407,-1.14882,0.948263,0.313022,0.955281,-1.55565,-0.151703,0.381488,-0.436667,-0.0878157,0.591124,0.723137,0.640785,0.66635,1.19116,0.826948,0.717308,0.672686,0.745554,0.694126,1.11034,1.01811,0.899264,0.590741,0.86995,0.638207,0.394402,0.619691,0.761605,0.697343,0.733328,0.891597,0.938887,0.781018,
2.98,0.693864,0.379509,0.763528,0.501498,0.874129,0.881426,-0.500588,-0.595731,-0.0029982,0.201215,0.354817,0.448059,0.384168,0.478144,1.16801,1.12688,1.09638,0.866995,0.963795,0.984057,0.911314,1.03543,0.106244,0.619285,0.820515,1.35939,1.38585,-0.718909,0.868006,0.326516,0.779729,-1.28389,0.410077,0.567781,0.452461,-0.116436,0.412114,0.847858,0.894789,0.978561,0.978639,0.613439,0.929291,0.353957,0.909838,0.820854,-0.794325,-0.363201,0.223248,0.310074,1.35003,0.641247,-1.8645,-2.36294,1.12636,1.29951,1.0773,0.781624,0.741571,0.976542,0.888724,0.401476,-0.103733,0.552756,0.676187,1.38331,1.42415,-1.15159,0.949292,0.313858,0.95816,-1.55594,-0.151969,0.381055,-0.430926,-0.0861206,0.590699,0.721524,0.638835,0.664104,1.18884,0.825417,0.715443,0.671142,0.74619,0.694309,1.11182,1.01561,0.896908,0.589521,0.865401,0.635853,0.0640748,0.616877,0.761097,0.695307,0.733488,0.88764,0.931368,0.780359,
2.985,0.695351,0.377056,0.761388,0.498813,0.870744,0.879795,-0.501349,-0.587711,-0.0014556,0.201583,0.354579,0.446957,0.389396,0.481752,1.1666,1.12585,1.09459,0.862889,0.960523,0.981309,0.9085,1.03227,0.102331,0.618301,0.821461,1.35856,1.38512,-0.720351,0.868947,0.326641,0.782221,-1.28326,0.410788,0.566617,0.456781,-0.113824,0.411193,0.845937,0.892654,0.975747,0.977364,0.612448,0.926345,0.351234,0.906589,0.819574,-0.796142,-0.355896,0.223569,0.311153,1.35063,0.641588,-1.86069,-2.36023,1.12519,1.29796,1.07491,0.782055,0.739426,0.973342,0.888458,0.40118,-0.105929,0.552285,0.677548,1.38336,1.42427,-1.15434,0.950361,0.314703,0.961123,-1.55628,-0.1523,0.380613,-0.425004,-0.0843588,0.590317,0.719917,0.636708,0.661686,1.18638,0.823888,0.713516,0.669539,0.746866,0.694486,1.1134,1.01299,0.894416,0.58834,0.860699,0.633282,0.0729761,0.614013,0.760565,0.693166,0.733623,0.883603,0.923661,0.779686,
2.99,0.689751,0.37467,0.759062,0.496049,0.867538,0.87812,-0.502092,-0.579151,0.000132053,0.201993,0.354373,0.445853,0.394658,0.485368,1.16509,1.12472,1.09272,0.858777,0.957168,0.978464,0.905711,1.02877,0.0983469,0.617333,0.822535,1.35761,1.38435,-0.721892,0.869971,0.326763,0.784778,-1.28265,0.411463,0.56549,0.461238,-0.111103,0.410301,0.843931,0.890491,0.972878,0.976042,0.611439,0.922476,0.348427,0.903194,0.81823,-0.797965,-0.348087,0.223909,0.312278,1.35119,0.641952,-1.85687,-2.35748,1.12397,1.29634,1.07241,0.782698,0.737376,0.970142,0.888228,0.400956,-0.108005,0.551777,0.678956,1.38328,1.42433,-1.15707,0.951448,0.315563,0.964175,-1.55666,-0.152704,0.380163,-0.418889,-0.0825281,0.589936,0.718203,0.634396,0.659093,1.18375,0.822181,0.711496,0.667845,0.747544,0.694653,1.11503,1.01024,0.891772,0.587205,0.855826,0.630595,0.0763405,0.611094,0.759939,0.690913,0.733687,0.879476,0.915739,0.778992,
2.995,0.691597,0.372363,0.756856,0.493205,0.863335,0.876404,-0.502822,-0.570052,0.0115998,0.202442,0.354198,0.444746,0.399946,0.488995,1.16349,1.12351,1.09078,0.854667,0.95373,0.975517,0.902956,1.02528,0.0942898,0.616364,0.823745,1.35655,1.3835,-0.723547,0.871035,0.326882,0.787404,-1.28206,0.412095,0.564322,0.465821,-0.108269,0.409438,0.841771,0.88831,0.96996,0.97465,0.610405,0.918577,0.34553,0.899686,0.816829,-0.799801,-0.339777,0.224269,0.313452,1.35165,0.642256,-1.85305,-2.3547,1.12271,1.29464,1.0698,0.78358,0.735431,0.966945,0.887776,0.400791,-0.109949,0.55123,0.680406,1.38305,1.42428,-1.15978,0.952542,0.31644,0.967325,-1.55711,-0.153187,0.379705,-0.41257,-0.0806256,0.58951,0.716303,0.631902,0.656332,1.18095,0.820447,0.709397,0.666075,0.748221,0.694806,1.1167,1.00736,0.888961,0.58612,0.850767,0.627824,0.0768125,0.608114,0.75923,0.68854,0.733677,0.875251,0.907583,0.778275,
3,0.686756,0.370145,0.754243,0.490275,0.861491,0.874829,-0.503544,-0.560412,0.0234562,0.202931,0.354056,0.443633,0.405249,0.492635,1.16179,1.12221,1.08876,0.850571,0.950207,0.972463,0.900246,1.02181,0.0901594,0.615405,0.825149,1.35544,1.3826,-0.725325,0.872259,0.327001,0.790102,-1.2815,0.412678,0.563016,0.47053,-0.105322,0.408601,0.839473,0.886115,0.966998,0.973239,0.60937,0.914723,0.342541,0.89598,0.815411,-0.801657,-0.330968,0.224651,0.314676,1.35212,0.642554,-1.84924,-2.35187,1.12141,1.29286,1.06706,0.784729,0.733597,0.963751,0.887946,0.400687,-0.111752,0.550643,0.681937,1.38276,1.42417,-1.16247,0.953679,0.317339,0.970579,-1.5576,-0.153749,0.37924,-0.406038,-0.0786493,0.5891,0.714249,0.629233,0.653413,1.17795,0.818615,0.707211,0.664223,0.748926,0.694942,1.11848,1.00432,0.885968,0.585103,0.845514,0.624982,0.076928,0.60507,0.75848,0.68604,0.733627,0.870923,0.899188,0.777549,
3.005,0.688295,0.368026,0.75224,0.487259,0.856714,0.873232,-0.504263,-0.550239,0.0356908,0.203462,0.353942,0.442514,0.410557,0.496291,1.15997,1.12082,1.08664,0.846499,0.9466,0.969296,0.897588,1.01837,0.0859572,0.614456,0.826722,1.35426,1.38168,-0.727236,0.873568,0.327118,0.792873,-1.28099,0.413208,0.56101,0.475366,-0.102261,0.407793,0.837029,0.883908,0.96399,0.971741,0.608313,0.911065,0.339456,0.892304,0.813929,-0.803539,-0.321665,0.225057,0.315952,1.35257,0.642827,-1.84545,-2.34901,1.12008,1.29102,1.0642,0.786176,0.731879,0.960558,0.888286,0.400755,-0.113407,0.550014,0.683529,1.38238,1.42399,-1.16514,0.954849,0.318263,0.97394,-1.55816,-0.154391,0.37877,-0.399288,-0.0765969,0.588684,0.712033,0.626404,0.650352,1.17476,0.816709,0.704941,0.662287,0.749649,0.695057,1.12034,1.00112,0.882781,0.584145,0.840048,0.622065,0.0766956,0.601959,0.757658,0.68341,0.733519,0.866487,0.890526,0.776799,
3.01,0.684137,0.366015,0.748278,0.484154,0.854086,0.87175,-0.504983,-0.539537,0.0482981,0.204035,0.353857,0.441388,0.415859,0.499966,1.15805,1.11932,1.08443,0.84246,0.942906,0.966014,0.89499,1.01495,0.0816852,0.613549,0.828497,1.35305,1.38081,-0.729287,0.875048,0.327236,0.79572,-1.28052,0.41368,0.558796,0.480328,-0.0990854,0.407011,0.834459,0.88168,0.960936,0.970216,0.607256,0.908579,0.336273,0.887781,0.812371,-0.805451,-0.311875,0.22549,0.317283,1.35305,0.643139,-1.84168,-2.3461,1.11872,1.28912,1.06121,0.787943,0.730279,0.957365,0.888811,0.40089,-0.114913,0.549344,0.685198,1.38193,1.42378,-1.16779,0.956071,0.319213,0.977414,-1.55878,-0.155111,0.378296,-0.392316,-0.0744662,0.58832,0.709684,0.623431,0.647169,1.17135,0.814734,0.702537,0.660253,0.750408,0.695148,1.12233,0.997753,0.879386,0.583263,0.83437,0.619078,0.0762323,0.598776,0.756783,0.680648,0.733368,0.861937,0.8816,0.77603,
3.015,0.685286,0.364122,0.747542,0.480958,0.848638,0.870181,-0.505709,-0.528317,0.0612782,0.204652,0.3538,0.440253,0.421144,0.50366,1.15601,1.11772,1.0821,0.838467,0.939128,0.962612,0.892462,1.01158,0.0773465,0.612671,0.830429,1.35176,1.37989,-0.731486,0.876585,0.327354,0.798646,-1.2801,0.414093,0.556448,0.485417,-0.0957953,0.406257,0.831729,0.879419,0.957834,0.968513,0.606175,0.906603,0.33299,0.885164,0.810693,-0.807401,-0.301607,0.22595,0.31867,1.35347,0.643429,-1.83793,-2.34315,1.11734,1.28716,1.05808,0.790033,0.728796,0.95417,0.889529,0.401087,-0.116271,0.548633,0.686911,1.38137,1.42348,-1.17043,0.957314,0.320192,0.980996,-1.55946,-0.155905,0.377822,-0.38512,-0.0722556,0.587956,0.707154,0.620321,0.643888,1.16771,0.812579,0.70003,0.658111,0.751173,0.695212,1.12438,0.994209,0.875772,0.582448,0.828466,0.616008,0.075564,0.595519,0.755811,0.677752,0.733142,0.85727,0.872392,0.77522,
3.02,0.683339,0.362355,0.741495,0.477672,0.84766,0.868736,-0.506447,-0.51659,0.0746323,0.205316,0.353768,0.439105,0.426403,0.507376,1.15384,1.11599,1.07965,0.83453,0.935265,0.959087,0.890009,1.00826,0.0729463,0.611841,0.832531,1.35043,1.37893,-0.733838,0.878254,0.327474,0.80165,-1.27972,0.414443,0.554,0.490629,-0.0923915,0.405525,0.828859,0.877117,0.954685,0.967071,0.605097,0.903084,0.329605,0.87907,0.808957,-0.809391,-0.290873,0.226438,0.320114,1.35389,0.643731,-1.83423,-2.34016,1.11594,1.28514,1.05482,0.792439,0.727427,0.950968,0.890441,0.401465,-0.117482,0.54788,0.688695,1.38074,1.42314,-1.17306,0.958597,0.321197,0.984702,-1.5602,-0.156775,0.37735,-0.377703,-0.0699641,0.587607,0.704481,0.617086,0.640531,1.16384,0.810389,0.697416,0.655865,0.751966,0.695246,1.12656,0.990482,0.871929,0.581719,0.822327,0.612856,0.0747849,0.592186,0.754782,0.674722,0.732869,0.852474,0.862899,0.774384,
3.025,0.681913,0.360725,0.742245,0.474293,0.845524,0.867159,-0.507201,-0.504368,0.088363,0.206029,0.353758,0.437945,0.431623,0.511107,1.15156,1.11413,1.07707,0.830661,0.93132,0.955439,0.887643,1.00499,0.0684918,0.611038,0.834764,1.34901,1.3779,-0.73635,0.879945,0.327597,0.804734,-1.2794,0.414733,0.551469,0.495962,-0.088876,0.404815,0.825791,0.874764,0.951484,0.963603,0.603991,0.898796,0.32612,0.877053,0.807109,-0.811425,-0.279683,0.226956,0.321619,1.35417,0.643948,-1.83056,-2.33714,1.11451,1.28304,1.05142,0.795166,0.726165,0.947756,0.891545,0.402038,-0.118547,0.547086,0.690515,1.38001,1.42269,-1.17568,0.959886,0.322229,0.988529,-1.561,-0.157724,0.37688,-0.370068,-0.0675903,0.58721,0.701594,0.613739,0.637117,1.15972,0.80792,0.694694,0.653487,0.752747,0.695246,1.12876,0.986565,0.867847,0.581068,0.815982,0.609615,0.0739341,0.588774,0.75364,0.671562,0.732511,0.847552,0.853105,0.773496,
3.03,0.680892,0.359241,0.73672,0.470824,0.842856,0.865695,-0.507975,-0.49167,0.102469,0.206792,0.353768,0.436767,0.436795,0.514859,1.14915,1.11213,1.07435,0.826871,0.927295,0.951664,0.885374,1.0018,0.0639919,0.610275,0.837093,1.3476,1.37684,-0.739027,0.881687,0.327722,0.8079,-1.27911,0.414967,0.548863,0.501414,-0.0852516,0.404124,0.822585,0.872346,0.948221,0.963916,0.602869,0.893909,0.322533,0.873567,0.805225,-0.813507,-0.268053,0.227505,0.323183,1.3545,0.644164,-1.82694,-2.33407,1.11305,1.28087,1.04786,0.798206,0.72484,0.94453,0.892843,0.402771,-0.11947,0.546254,0.692385,1.3793,1.42222,-1.17829,0.961208,0.323284,0.992445,-1.56185,-0.15876,0.376417,-0.362222,-0.0651344,0.586785,0.698589,0.610296,0.633665,1.15536,0.805625,0.691861,0.651011,0.753565,0.695209,1.13111,0.982454,0.863517,0.580503,0.809376,0.606289,0.0730245,0.585283,0.752469,0.668276,0.732126,0.842503,0.843028,0.772615,
3.035,0.677676,0.357911,0.736934,0.467265,0.839537,0.864225,-0.508776,-0.478513,0.116951,0.207607,0.353796,0.435572,0.441909,0.518633,1.14661,1.10998,1.0715,0.823174,0.923194,0.947764,0.88321,0.998694,0.0594584,0.609559,0.839503,1.34615,1.37577,-0.741873,0.883463,0.327851,0.811148,-1.27887,0.415149,0.546187,0.506986,-0.0815209,0.403448,0.819262,0.86984,0.944882,0.960813,0.601722,0.888943,0.318848,0.870275,0.803263,-0.815637,-0.255997,0.228086,0.32481,1.35487,0.644407,-1.82337,-2.33097,1.11155,1.27861,1.04412,0.801558,0.7235,0.941285,0.894331,0.403648,-0.120261,0.545384,0.6943,1.3786,1.42173,-1.18091,0.962559,0.324362,0.996494,-1.56275,-0.15989,0.375963,-0.354174,-0.0625961,0.586324,0.695487,0.606766,0.630184,1.15073,0.80257,0.688914,0.648409,0.754405,0.695132,1.13357,0.978145,0.858933,0.580025,0.802543,0.602826,0.0720621,0.581711,0.751217,0.664868,0.731693,0.837321,0.832634,0.771557,
3.04,0.678714,0.356744,0.734228,0.463618,0.836002,0.86298,-0.509606,-0.464918,0.131805,0.208477,0.353836,0.434355,0.446954,0.52244,1.14396,1.1077,1.06851,0.819582,0.919023,0.94374,0.881162,0.995679,0.0549055,0.60891,0.842051,1.3447,1.37466,-0.744891,0.885385,0.327984,0.814478,-1.27867,0.415291,0.543444,0.512676,-0.0776872,0.402785,0.815911,0.867222,0.941446,0.960398,0.600578,0.883835,0.315067,0.866286,0.801285,-0.817816,-0.243535,0.2287,0.326499,1.35546,0.644804,-1.81986,-2.32784,1.11,1.27625,1.04019,0.805201,0.722123,0.938017,0.896007,0.404654,-0.120938,0.544481,0.6963,1.378,1.42131,-1.18352,0.963972,0.325459,1.00065,-1.56371,-0.161121,0.352343,-0.345935,-0.0599762,0.585875,0.692392,0.603158,0.626684,1.14583,0.800635,0.685852,0.645705,0.755295,0.695012,1.13621,0.973636,0.854089,0.57964,0.795488,0.599283,0.0710515,0.57806,0.749945,0.661346,0.73125,0.832015,0.822005,0.77094,
3.045,0.67566,0.355739,0.732315,0.459885,0.832306,0.861575,-0.510471,-0.450922,0.147033,0.209404,0.353884,0.433115,0.451922,0.526266,1.14118,1.10529,1.0654,0.816108,0.914786,0.939594,0.879247,0.99277,0.0503515,0.608328,0.844693,1.3432,1.37351,-0.748083,0.887335,0.328122,0.817887,-1.27848,0.415403,0.540638,0.518484,-0.0737551,0.402127,0.812465,0.86446,0.937891,0.959045,0.599416,0.878574,0.311194,0.861807,0.799174,-0.820044,-0.230684,0.229349,0.32825,1.35601,0.645274,-1.81641,-2.32467,1.10839,1.27378,1.03605,0.809121,0.72068,0.934721,0.897862,0.405784,-0.121517,0.543547,0.698331,1.37741,1.42085,-1.18615,0.965406,0.326572,1.00488,-1.56472,-0.162458,0.328348,-0.33752,-0.0572758,0.585385,0.689215,0.59948,0.623172,1.14067,0.794779,0.682675,0.642803,0.75617,0.694844,1.13886,0.968924,0.848979,0.579303,0.788193,0.595656,0.0699977,0.574329,0.748549,0.657719,0.730735,0.826578,0.811032,0.768099,
3.05,0.676689,0.354895,0.730506,0.456071,0.828578,0.860324,-0.511374,-0.436602,0.162628,0.210388,0.353937,0.431848,0.456804,0.530113,1.13829,1.10276,1.06216,0.812765,0.91049,0.935328,0.877486,0.989979,0.0458185,0.607818,0.84749,1.34166,1.37236,-0.751449,0.889351,0.328267,0.821372,-1.27832,0.415495,0.537772,0.524406,-0.0697287,0.401473,0.808948,0.861524,0.934197,0.957648,0.598252,0.873165,0.307235,0.85705,0.79699,-0.822319,-0.217476,0.230033,0.330065,1.35667,0.645856,-1.81301,-2.32148,1.10673,1.27122,1.0317,0.813306,0.719146,0.931391,0.899889,0.407031,-0.121991,0.542589,0.700417,1.37688,1.42042,-1.18878,0.966875,0.327696,1.00921,-1.56577,-0.163901,0.303779,-0.328945,-0.0544966,0.584876,0.685975,0.595739,0.619658,1.13523,0.795042,0.679383,0.639789,0.757066,0.694627,1.14163,0.96401,0.843602,0.577992,0.780706,0.591947,0.068907,0.570521,0.747143,0.653997,0.730184,0.820993,0.799754,0.768961,
3.055,0.674692,0.354211,0.727929,0.452178,0.824738,0.858803,-0.51232,-0.422011,0.178585,0.21143,0.353991,0.43055,0.46159,0.533952,1.13529,1.10011,1.05881,0.809567,0.906142,0.930948,0.875878,0.987317,0.041335,0.607344,0.850435,1.34001,1.37117,-0.754987,0.891291,0.328419,0.824931,-1.27817,0.415569,0.534851,0.530437,-0.0656136,0.400815,0.805226,0.858383,0.930339,0.955825,0.597071,0.867611,0.303197,0.852097,0.794581,-0.824637,-0.203989,0.230753,0.331941,1.35711,0.64635,-1.80969,-2.31827,1.105,1.26855,1.02717,0.817732,0.717577,0.928025,0.902074,0.408387,-0.122363,0.541609,0.702502,1.37626,1.41986,-1.19142,0.968322,0.328826,1.01363,-1.56688,-0.165446,0.278557,-0.320228,-0.0516409,0.584266,0.682497,0.591946,0.616153,1.12952,0.788727,0.675976,0.636655,0.75791,0.694357,1.14432,0.958894,0.837955,0.578718,0.772963,0.588157,0.0677862,0.566639,0.745597,0.650192,0.729523,0.81532,0.788308,0.767357,
3.06,0.675217,0.353676,0.725038,0.448212,0.820909,0.857681,-0.513311,-0.407186,0.1949,0.212533,0.354039,0.429221,0.466273,0.5378,1.13219,1.09735,1.05533,0.806525,0.90175,0.926456,0.874449,0.984795,0.0369374,0.606933,0.853592,1.33844,1.37001,-0.758692,0.893363,0.328578,0.828561,-1.27803,0.414945,0.531877,0.536571,-0.0614156,0.400149,0.801367,0.855003,0.926296,0.953838,0.59591,0.86192,0.299086,0.846992,0.792327,-0.826995,-0.190272,0.231511,0.333878,1.35761,0.64686,-1.80643,-2.31504,1.10322,1.26579,1.02248,0.822384,0.71616,0.924618,0.904413,0.409846,-0.122616,0.540617,0.704645,1.37571,1.41936,-1.19408,0.969784,0.329957,1.01814,-1.56802,-0.167088,0.25266,-0.311389,-0.0487116,0.583607,0.67887,0.588107,0.612666,1.12353,0.788972,0.672457,0.633402,0.758777,0.69403,1.14716,0.953579,0.832038,0.578911,0.765086,0.584291,0.066642,0.562684,0.744098,0.646318,0.728856,0.809477,0.776597,0.767104,
3.065,0.674191,0.35326,0.721996,0.444178,0.817069,0.856518,-0.514351,-0.392161,0.211562,0.213695,0.354077,0.427856,0.470844,0.541656,1.12899,1.0945,1.05171,0.803653,0.897322,0.921859,0.873206,0.982423,0.0326752,0.606578,0.856953,1.33679,1.36869,-0.762561,0.895504,0.328745,0.832257,-1.27889,0.414303,0.528856,0.542796,-0.0571408,0.399469,0.797362,0.851359,0.922047,0.951772,0.594814,0.856098,0.294911,0.841757,0.789468,-0.829388,-0.17636,0.232308,0.335875,1.35808,0.647325,-1.80324,-2.31179,1.1014,1.26294,1.01767,0.82721,0.715045,0.921166,0.906891,0.411398,-0.12256,0.539618,0.706851,1.3752,1.41887,-1.19676,0.971257,0.331083,1.02271,-1.56922,-0.168816,0.226092,-0.30245,-0.0457121,0.582868,0.675088,0.584226,0.609201,1.11727,0.785269,0.668827,0.630028,0.759632,0.693646,1.15001,0.948068,0.825854,0.579117,0.756947,0.580354,0.0654818,0.558663,0.742541,0.642387,0.728142,0.803557,0.764596,0.766403,
3.07,0.674243,0.352965,0.718829,0.440079,0.813173,0.855425,-0.515441,-0.376963,0.228559,0.214918,0.3541,0.426453,0.475296,0.545496,1.1257,1.09156,1.04796,0.80096,0.892866,0.917162,0.872149,0.980209,0.0286176,0.606294,0.860552,1.33515,1.36737,-0.766592,0.897772,0.328919,0.836013,-1.27973,0.413629,0.525793,0.549097,-0.0527962,0.398768,0.793122,0.847434,0.917581,0.949665,0.593885,0.850155,0.29068,0.836401,0.787636,-0.83181,-0.162281,0.233143,0.33793,1.35829,0.647613,-1.80013,-2.30853,1.09952,1.26002,1.01273,0.832192,0.714204,0.917665,0.909498,0.413036,-0.122355,0.53862,0.709107,1.37464,1.41834,-1.19945,0.97271,0.332196,1.02736,-1.57044,-0.170623,0.198871,-0.293434,-0.0426461,0.582014,0.671054,0.580295,0.605754,1.11074,0.779721,0.665088,0.626538,0.760429,0.6932,1.15283,0.942364,0.819404,0.579427,0.748718,0.576351,0.0643136,0.554578,0.740912,0.638416,0.727357,0.79755,0.752461,0.765499,
3.075,0.673774,0.352836,0.715598,0.435923,0.809259,0.854529,-0.516583,-0.361621,0.222238,0.2162,0.354105,0.425012,0.479625,0.549333,1.12233,1.08853,1.04407,0.798456,0.888391,0.912372,0.87128,0.978163,0.0248659,0.606101,0.864395,1.33354,1.36605,-0.77078,0.900215,0.329099,0.839824,-1.28056,0.412914,0.522693,0.555457,-0.0483884,0.398043,0.788684,0.84323,0.9129,0.947533,0.593226,0.844099,0.286404,0.830928,0.780578,-0.834253,-0.14806,0.234019,0.340042,1.3584,0.647768,-1.79708,-2.30527,1.09762,1.25703,1.00772,0.837307,0.713533,0.914113,0.912223,0.414749,-0.12221,0.537636,0.711431,1.37411,1.41785,-1.20217,0.974163,0.33329,1.03204,-1.57169,-0.172497,0.171022,-0.284365,-0.0395182,0.581082,0.666824,0.5763,0.602316,1.10394,0.778832,0.661245,0.622933,0.761205,0.692693,1.15572,0.936474,0.812695,0.57985,0.740259,0.572287,0.0631454,0.550435,0.739284,0.63442,0.726574,0.791421,0.740196,0.76448,
3.08,0.67371,0.353061,0.712315,0.431714,0.805347,0.853563,-0.517779,-0.346165,0.221806,0.217542,0.354085,0.423529,0.483826,0.553166,1.11888,1.08541,1.04004,0.79615,0.883904,0.907496,0.870597,0.976289,0.0215731,0.60602,0.868447,1.33192,1.3648,-0.775121,0.902686,0.329286,0.843683,-1.28142,0.412151,0.51956,0.561854,-0.0439249,0.397286,0.784045,0.838761,0.908022,0.945365,0.592618,0.837943,0.282093,0.82534,0.782431,-0.836712,-0.133718,0.234935,0.342209,1.35838,0.647758,-1.79412,-2.30201,1.09569,1.25399,1.00252,0.842533,0.712951,0.910506,0.915051,0.416527,-0.122047,0.536682,0.713786,1.37353,1.41739,-1.2049,0.975601,0.334357,1.03677,-1.57297,-0.174433,0.142574,-0.275268,-0.0363329,0.580083,0.662387,0.572217,0.598871,1.09689,0.776476,0.657301,0.619212,0.76195,0.692123,1.15862,0.930403,0.805732,0.580376,0.731736,0.56817,0.0619853,0.54624,0.737622,0.630415,0.725762,0.78519,0.727683,0.763414,
3.085,0.673616,0.353233,0.708988,0.427457,0.801431,0.85266,-0.519029,-0.330621,0.221691,0.218941,0.354038,0.422004,0.487896,0.55698,1.11536,1.0822,1.03594,0.794044,0.879413,0.902541,0.870092,0.974595,0.0189715,0.60604,0.872682,1.33024,1.36344,-0.779608,0.905151,0.329476,0.847584,-1.2823,0.411338,0.5164,0.568269,-0.0394131,0.396494,0.779195,0.834062,0.90298,0.943158,0.591687,0.831698,0.277758,0.819647,0.774931,-0.839177,-0.119279,0.235891,0.344427,1.3582,0.647513,-1.79123,-2.29875,1.09374,1.2509,0.997504,0.847812,0.712397,0.906841,0.917971,0.418358,-0.12185,0.535779,0.716168,1.37291,1.41691,-1.20766,0.977017,0.335389,1.04153,-1.57426,-0.176414,0.113562,-0.266167,-0.0330953,0.578995,0.657732,0.568018,0.595403,1.08957,0.773674,0.65326,0.615375,0.762644,0.69149,1.16148,0.924159,0.798523,0.581007,0.723074,0.564005,0.0608414,0.541997,0.735926,0.626419,0.72493,0.77889,0.715086,0.762325,
3.09,0.67359,0.35357,0.705659,0.42316,0.797576,0.851768,-0.520334,-0.315017,0.22192,0.220398,0.35396,0.420436,0.491832,0.560813,1.11178,1.07888,1.03155,0.792135,0.874924,0.897514,0.869725,0.97308,0.017396,0.606178,0.87699,1.32863,1.36222,-0.784236,0.907497,0.32967,0.851522,-1.28322,0.410472,0.513218,0.574679,-0.0348602,0.395665,0.774207,0.829176,0.897814,0.940896,0.590256,0.825374,0.273409,0.813865,0.777072,-0.841643,-0.104763,0.236889,0.346696,1.35802,0.647079,-1.78841,-2.29551,1.09177,1.24778,0.991596,0.853138,0.711839,0.903116,0.920971,0.420233,-0.1216,0.534949,0.71855,1.37224,1.41651,-1.21045,0.978415,0.336381,1.04631,-1.57555,-0.178425,0.0840231,-0.257088,-0.029811,0.577865,0.652932,0.563658,0.591892,1.08202,0.770251,0.649126,0.611426,0.763333,0.690794,1.16441,0.91775,0.79108,0.581725,0.714276,0.5598,0.0597216,0.537712,0.73426,0.622448,0.724128,0.772536,0.70241,0.761217,
3.095,0.673631,0.354165,0.702316,0.418826,0.793752,0.850869,-0.521699,-0.299382,0.222225,0.221909,0.353849,0.418825,0.495632,0.564653,1.10813,1.07544,1.02778,0.79042,0.870443,0.892421,0.868854,0.971696,-0.00937741,0.606432,0.881326,1.32701,1.36095,-0.788997,0.9098,0.329863,0.85549,-1.28417,0.409552,0.510018,0.581068,-0.0302736,0.394793,0.769123,0.824156,0.892571,0.938575,0.588806,0.818984,0.269059,0.80801,0.768442,-0.8441,-0.0901935,0.237928,0.34901,1.35789,0.646525,-1.78567,-2.29228,1.08979,1.24462,0.987653,0.858472,0.711252,0.899328,0.924035,0.422139,-0.121284,0.534197,0.720917,1.37163,1.41615,-1.21326,0.979806,0.337324,1.0511,-1.57683,-0.180448,0.0539947,-0.248054,-0.0264856,0.576689,0.648019,0.55909,0.588312,1.07423,0.766488,0.644904,0.607368,0.764011,0.690037,1.16735,0.911186,0.783413,0.582532,0.705426,0.555561,0.0586332,0.533391,0.73261,0.618518,0.723335,0.766136,0.689684,0.760091,
3.1,0.673751,0.355036,0.698969,0.414463,0.789885,0.850098,-0.523129,-0.283743,0.222646,0.223474,0.353701,0.417172,0.499295,0.568517,1.10442,1.07186,1.01965,0.788895,0.865974,0.887269,0.869192,0.970484,-0.0090433,0.606804,0.885668,1.32539,1.35966,-0.793885,0.912119,0.330056,0.859484,-1.28516,0.408581,0.506806,0.587423,-0.0256603,0.393878,0.764014,0.819054,0.887299,0.936205,0.587342,0.812541,0.264718,0.802102,0.771494,-0.846541,-0.0755896,0.239007,0.351369,1.35797,0.645964,-1.783,-2.28907,1.0878,1.24142,0.978461,0.863771,0.710623,0.895475,0.927145,0.424066,-0.120904,0.533494,0.723287,1.37118,1.41591,-1.21611,0.981227,0.338213,1.05589,-1.57811,-0.182468,0.0235127,-0.239088,-0.0231242,0.575527,0.643058,0.55421,0.584631,1.06622,0.762549,0.640599,0.603208,0.764695,0.689223,1.17036,0.904475,0.775538,0.583425,0.696539,0.551296,0.0575829,0.52904,0.731017,0.614646,0.722594,0.759684,0.676915,0.758959,
3.105,0.67397,0.356146,0.695597,0.410074,0.786054,0.849339,-0.524624,-0.268125,0.223178,0.225089,0.353518,0.415476,0.50282,0.572379,1.10065,1.06813,1.02005,0.787552,0.861521,0.882064,0.869541,0.96944,-0.0103236,0.60729,0.890055,1.32378,1.35837,-0.798891,0.914468,0.330245,0.863498,-1.28618,0.407559,0.503587,0.593738,-0.0210269,0.392918,0.758843,0.813921,0.882039,0.933778,0.585866,0.806056,0.260397,0.796154,0.765869,-0.848961,-0.0609716,0.240128,0.353767,1.3581,0.645356,-1.7804,-2.28589,1.08579,1.2382,0.977543,0.869003,0.709935,0.891555,0.930283,0.426002,-0.120471,0.532762,0.72566,1.37078,1.41572,-1.21898,0.982659,0.339043,1.06068,-1.57936,-0.184474,-0.00737607,-0.230212,-0.0197328,0.574362,0.637978,0.548934,0.580809,1.058,0.758487,0.636217,0.598954,0.765337,0.688354,1.17331,0.897629,0.767468,0.5844,0.687621,0.54701,0.0565767,0.524663,0.729418,0.610845,0.721855,0.753185,0.664118,0.757823,
3.11,0.674272,0.357448,0.692185,0.405667,0.78225,0.848562,-0.526181,-0.252555,0.223791,0.226754,0.353295,0.41374,0.506202,0.576199,1.09681,1.06427,1.01696,0.786382,0.857084,0.876811,0.870034,0.968532,-0.0148348,0.607888,0.894455,1.32216,1.35708,-0.804008,0.916854,0.330429,0.867528,-1.28724,0.406491,0.500366,0.600011,-0.0163804,0.391913,0.753535,0.808801,0.87683,0.931321,0.584381,0.799542,0.256106,0.790175,0.766651,-0.851352,-0.0463588,0.241288,0.356203,1.35813,0.644629,-1.77788,-2.28275,1.08375,1.23494,0.971985,0.874141,0.709159,0.887567,0.933432,0.427936,-0.120001,0.531942,0.728014,1.37031,1.41544,-1.22188,0.984083,0.339809,1.06546,-1.58058,-0.186455,-0.00884067,-0.221444,-0.0163169,0.573168,0.632665,0.543365,0.576819,1.0496,0.754305,0.631761,0.594611,0.765915,0.687437,1.17621,0.890658,0.759222,0.585451,0.678679,0.542711,0.0556195,0.520266,0.72782,0.607131,0.72112,0.746652,0.65132,0.75669,
3.115,0.674677,0.358914,0.688748,0.401245,0.778472,0.847997,-0.527797,-0.237057,0.224464,0.228464,0.353036,0.411966,0.50944,0.579993,1.09291,1.06031,1.0134,0.785364,0.852665,0.871515,0.870694,0.967719,-0.01928,0.608601,0.898919,1.32058,1.3558,-0.809229,0.919393,0.330607,0.87157,-1.28833,0.405379,0.497147,0.606244,-0.011727,0.390863,0.748109,0.803732,0.871701,0.928848,0.582893,0.793009,0.251856,0.784175,0.76446,-0.853709,-0.03177,0.242488,0.358671,1.35818,0.643837,-1.77542,-2.27963,1.08169,1.23165,0.965557,0.879158,0.708277,0.883508,0.936576,0.429859,-0.119512,0.531047,0.730388,1.3698,1.41514,-1.22481,0.985524,0.340507,1.07022,-1.58177,-0.188404,-0.0113319,-0.212804,-0.0128817,0.57197,0.627166,0.537745,0.572655,1.04101,0.75002,0.627236,0.590186,0.766475,0.686476,1.17915,0.883575,0.750817,0.586586,0.669723,0.538405,0.0547156,0.515853,0.726288,0.603515,0.720436,0.740096,0.638544,0.75557,
3.12,0.675162,0.360523,0.685261,0.396813,0.774721,0.847388,-0.529467,-0.221657,0.225183,0.230219,0.352738,0.410153,0.512529,0.583746,1.08895,1.05625,1.00927,0.784471,0.848261,0.866182,0.871515,0.966905,-0.0236625,0.609421,0.903435,1.31899,1.35451,-0.814545,0.921961,0.330777,0.87562,-1.28945,0.404226,0.493935,0.612446,-0.00707264,0.389769,0.742542,0.798736,0.86667,0.926367,0.581405,0.786469,0.247654,0.778169,0.762232,-0.856028,-0.0172236,0.243727,0.36117,1.35816,0.642935,-1.77304,-2.27657,1.07961,1.22831,0.956547,0.884024,0.707295,0.879376,0.939701,0.431761,-0.119026,0.530116,0.732764,1.3692,1.4148,-1.22778,0.986968,0.341137,1.07496,-1.58292,-0.190315,-0.0149202,-0.204309,-0.00943258,0.57076,0.621508,0.532097,0.568326,1.03228,0.745655,0.622649,0.585687,0.76699,0.685478,1.18204,0.876389,0.742272,0.587794,0.660778,0.534095,0.0538682,0.511429,0.724786,0.600011,0.71978,0.733526,0.625808,0.754467,
3.125,0.675726,0.362263,0.681769,0.392377,0.770998,0.846899,-0.531188,-0.206378,0.225942,0.232014,0.352405,0.408306,0.515468,0.587451,1.08493,1.05213,1.00485,0.783688,0.843872,0.860814,0.872482,0.965797,-0.0279851,0.610347,0.908004,1.31744,1.35322,-0.819949,0.92467,0.330937,0.879674,-1.29061,0.403036,0.490735,0.618624,-0.00242262,0.388633,0.736891,0.793828,0.861747,0.923886,0.579923,0.779931,0.243511,0.772166,0.759935,-0.858305,-0.00273735,0.245003,0.363694,1.35823,0.64202,-1.77073,-2.27355,1.07749,1.22492,0.955831,0.88872,0.706201,0.875171,0.942791,0.433632,-0.118558,0.529141,0.735153,1.36865,1.41441,-1.23079,0.988448,0.341696,1.07967,-1.58403,-0.192186,-0.0191089,-0.195973,-0.00597471,0.56956,0.615804,0.52647,0.563909,1.0234,0.741199,0.618006,0.581122,0.767497,0.68445,1.18497,0.869113,0.733607,0.589076,0.651854,0.529788,0.0530795,0.506995,0.723362,0.596629,0.719189,0.726949,0.613131,0.753392,
3.13,0.676358,0.364119,0.678272,0.38794,0.767304,0.846432,-0.532958,-0.191241,0.226736,0.233847,0.352037,0.406426,0.518254,0.591105,1.08088,1.04792,1.00028,0.783016,0.839493,0.855415,0.873583,0.964744,-0.0322528,0.61137,0.912618,1.31591,1.35197,-0.825434,0.927443,0.331088,0.883726,-1.29179,0.401811,0.487552,0.624784,0.00221804,0.387456,0.731173,0.789008,0.85693,0.921411,0.57845,0.773405,0.239433,0.766179,0.757609,-0.860537,0.0116724,0.246316,0.366241,1.35835,0.641111,-1.7685,-2.27059,1.07535,1.22148,0.951049,0.893227,0.70501,0.870888,0.945835,0.435464,-0.118122,0.52819,0.737542,1.36812,1.41401,-1.23383,0.98996,0.342185,1.08435,-1.58509,-0.194015,-0.0235541,-0.187811,-0.00251241,0.568371,0.610008,0.520997,0.559456,1.0144,0.736679,0.613315,0.576501,0.767986,0.683398,1.18788,0.861758,0.724839,0.590421,0.642956,0.525487,0.0523509,0.502556,0.721995,0.59338,0.718651,0.720371,0.60056,0.752347,
3.135,0.677046,0.366078,0.674773,0.383507,0.763641,0.845979,-0.534773,-0.176268,0.227562,0.235716,0.351635,0.404515,0.520889,0.594696,1.07679,1.04374,0.995604,0.782447,0.835122,0.849989,0.874805,0.964702,-0.0364696,0.612484,0.917267,1.31441,1.35076,-0.830992,0.930215,0.331229,0.887773,-1.293,0.400552,0.484388,0.630926,0.0422331,0.386241,0.725371,0.78426,0.852204,0.918949,0.576992,0.7669,0.235427,0.760215,0.755147,-0.862723,0.149387,0.247665,0.368808,1.35847,0.640197,-1.76633,-2.26769,1.07317,1.218,0.946788,0.897528,0.703746,0.866528,0.948821,0.437248,-0.117729,0.52727,0.739919,1.36759,1.41362,-1.23691,0.991482,0.342604,1.08899,-1.58611,-0.195802,-0.0281027,-0.179833,0.000949465,0.567172,0.60419,0.515987,0.554986,1.0053,0.732107,0.608581,0.57183,0.768448,0.682329,1.19076,0.854334,0.71599,0.591816,0.634117,0.521197,0.0516824,0.498114,0.720692,0.590273,0.718165,0.713797,0.588122,0.751332,
3.14,0.677788,0.368131,0.671274,0.379082,0.760009,0.845572,-0.536631,-0.161476,0.22842,0.237617,0.351203,0.402576,0.523369,0.598201,1.07267,1.03933,0.99084,0.781971,0.830755,0.844537,0.876133,0.964707,-0.0406408,0.613673,0.921939,1.31292,1.34954,-0.836616,0.933002,0.331361,0.891808,-1.29423,0.399261,0.481249,0.637046,0.0780652,0.384993,0.719457,0.779556,0.847541,0.916507,0.575553,0.760423,0.2315,0.754284,0.752629,-0.864861,0.267755,0.249047,0.37139,1.35851,0.639221,-1.76425,-2.26487,1.07096,1.21445,0.94227,0.901599,0.702426,0.862087,0.951737,0.438977,-0.117386,0.526381,0.742283,1.36698,1.41316,-1.24004,0.992993,0.342955,1.09359,-1.58708,-0.197546,-0.0326972,-0.172048,0.0283496,0.56592,0.598316,0.512058,0.550514,0.996112,0.727466,0.603812,0.567117,0.768877,0.681251,1.1936,0.846852,0.707075,0.593256,0.625373,0.51692,0.0510741,0.49367,0.719432,0.587318,0.717723,0.707231,0.57579,0.750348,
3.145,0.678577,0.370265,0.667778,0.374667,0.75641,0.845188,-0.538531,-0.146884,0.229306,0.239547,0.350741,0.400612,0.525695,0.60162,1.06853,1.03537,0.986011,0.781591,0.826389,0.839063,0.877556,0.964798,-0.0447724,0.614931,0.926635,1.31147,1.34836,-0.8423,0.935797,0.331484,0.895825,-1.29549,0.397937,0.478138,0.64313,0.111973,0.383714,0.713499,0.774856,0.842905,0.91409,0.574139,0.753981,0.227659,0.748395,0.750138,-0.866952,0.268795,0.250461,0.373985,1.35855,0.638208,-1.76223,-2.26211,1.06871,1.21084,0.937339,0.905426,0.70112,0.857565,0.954574,0.440643,-0.117098,0.525525,0.744631,1.36641,1.41274,-1.2432,0.994499,0.343242,1.09813,-1.588,-0.199247,-0.0373151,-0.164464,0.054093,0.564632,0.592472,0.508787,0.546048,0.986851,0.722795,0.599015,0.56237,0.76929,0.68017,1.19642,0.83932,0.698115,0.594735,0.616701,0.51266,0.0505251,0.489226,0.718274,0.584521,0.717361,0.700678,0.56356,0.749398,
3.15,0.679407,0.372473,0.664288,0.370267,0.752844,0.844785,-0.540471,-0.132507,0.23022,0.241503,0.350253,0.398626,0.527866,0.604929,1.06436,1.02965,0.981131,0.781355,0.822018,0.833567,0.879061,0.964965,-0.0488707,0.616242,0.931353,1.31002,1.34717,-0.848038,0.938554,0.331599,0.899819,-1.29677,0.396578,0.475058,0.649158,0.144912,0.382406,0.7075,0.770116,0.838254,0.911703,0.572754,0.747581,0.223907,0.742555,0.747684,-0.868995,0.272028,0.251906,0.376589,1.35855,0.637131,-1.76029,-2.25944,1.06641,1.20717,0.932172,0.908991,0.69987,0.85296,0.957322,0.442242,-0.116867,0.524702,0.746956,1.36589,1.41234,-1.24642,0.995987,0.343472,1.10262,-1.58887,-0.200906,-0.041945,-0.157086,0.079044,0.56329,0.586644,0.504514,0.541596,0.977535,0.718093,0.594196,0.557594,0.769675,0.679092,1.19917,0.831749,0.689125,0.596247,0.608104,0.50842,0.0500343,0.484784,0.717187,0.581888,0.717063,0.694142,0.551422,0.748484,
3.155,0.680268,0.374748,0.660807,0.365886,0.749314,0.84437,-0.54245,-0.118361,0.23116,0.243482,0.349739,0.396621,0.529881,0.608104,1.06023,1.02757,0.97621,0.781282,0.81764,0.828052,0.880638,0.965194,-0.0529428,0.6176,0.936074,1.30859,1.34599,-0.853825,0.941235,0.331707,0.903782,-1.29808,0.395181,0.472014,0.655107,0.17729,0.381074,0.701458,0.765299,0.833551,0.909351,0.5714,0.741228,0.220251,0.73677,0.745266,-0.870991,0.276054,0.253379,0.3792,1.35846,0.635944,-1.75843,-2.25686,1.06408,1.20343,0.926893,0.912281,0.698629,0.848273,0.959969,0.443769,-0.116685,0.523911,0.74925,1.36538,1.41195,-1.24967,0.997443,0.343654,1.10707,-1.58969,-0.202526,-0.046582,-0.149919,0.103573,0.56187,0.580894,0.49927,0.537172,0.96818,0.713362,0.589366,0.552797,0.770028,0.678025,1.20185,0.824148,0.680122,0.597786,0.599585,0.504203,0.0496001,0.480346,0.716169,0.579425,0.716825,0.687627,0.539487,0.747605,
3.16,0.681157,0.377081,0.657338,0.361528,0.745823,0.843864,-0.544465,-0.104458,0.232123,0.245482,0.349205,0.3946,0.531738,0.611086,1.05595,1.02107,0.971258,0.781256,0.813249,0.82252,0.882274,0.965471,-0.0569958,0.618987,0.940777,1.30717,1.34482,-0.859658,0.943793,0.331808,0.907706,-1.29941,0.393746,0.469008,0.660954,0.209268,0.379723,0.695324,0.760375,0.828771,0.907038,0.57008,0.734927,0.216695,0.731042,0.742866,-0.872941,0.280692,0.254879,0.381815,1.35807,0.634526,-1.75665,-2.25436,1.06169,1.19962,0.921561,0.915287,0.697174,0.843506,0.962505,0.445221,-0.116536,0.523153,0.75149,1.36476,1.41145,-1.25297,0.998827,0.343798,1.11146,-1.59046,-0.20411,-0.0512199,-0.142965,0.127833,0.560324,0.575297,0.49222,0.532784,0.958803,0.708607,0.111539,0.547982,0.770313,0.676975,1.20443,0.816524,0.671124,0.599347,0.591142,0.500012,0.0492207,0.475913,0.715187,0.577135,0.716622,0.681138,0.527753,0.74676,
3.165,0.682088,0.379468,0.653885,0.357197,0.742374,0.843604,-0.546516,-0.0908125,0.233108,0.247498,0.348651,0.392565,0.533445,0.613898,1.05207,1.01905,0.966281,0.781217,0.808841,0.816971,0.883957,0.965782,-0.0610389,0.620397,0.945511,1.30578,1.34367,-0.865531,0.946314,0.331903,0.911586,-1.30077,0.392275,0.466045,0.66668,0.200479,0.378353,0.68924,0.755328,0.8239,0.904768,0.568798,0.728681,0.213243,0.725376,0.740519,-0.874849,0.285827,0.256402,0.38443,1.35755,0.63289,-1.75494,-2.25195,1.05926,1.19574,0.916206,0.918005,0.69483,0.838662,0.964923,0.446594,-0.116407,0.522425,0.75372,1.36413,1.41096,-1.25631,1.00016,0.343916,1.11581,-1.59118,-0.205663,-0.0558552,-0.136224,0.151888,0.558656,0.570242,0.485697,0.528435,0.949419,0.703835,0.184227,0.543157,0.770575,0.675948,1.20698,0.808888,0.662147,0.600935,0.582804,0.495849,0.0488936,0.471487,0.714296,0.575019,0.716492,0.674679,0.516162,0.745955,
3.17,0.683048,0.381902,0.650451,0.352898,0.73897,0.84324,-0.5486,-0.0774353,0.234113,0.249528,0.348079,0.390521,0.535004,0.616529,1.04656,1.01442,0.961282,0.781174,0.80441,0.811406,0.885678,0.966115,-0.0650818,0.621822,0.950259,1.30442,1.3425,-0.871443,0.948794,0.331659,0.915415,-1.30215,0.390766,0.463126,0.672271,0.200016,0.376969,0.68314,0.750162,0.818942,0.902544,0.567554,0.722493,0.209898,0.719775,0.738226,-0.876715,0.291386,0.257948,0.387043,1.3569,0.631056,-1.75331,-2.24964,1.05679,1.19178,0.91084,0.920435,0.692086,0.833744,0.967221,0.447889,-0.116733,0.521727,0.755933,1.36352,1.41046,-1.25968,1.00146,0.344017,1.12009,-1.59187,-0.207189,-0.0604837,-0.129697,0.175758,0.556865,0.566492,0.479252,0.524135,0.940046,0.699052,0.190175,0.538327,0.770818,0.674951,1.2095,0.801246,0.653206,0.602541,0.574636,0.491718,0.0486143,0.46707,0.713509,0.573077,0.716433,0.668252,0.504728,0.745193,
3.175,0.684027,0.384381,0.647043,0.348637,0.735619,0.842895,-0.550714,-0.0643376,0.235137,0.251568,0.347491,0.388471,0.536414,0.618982,1.04457,1.00863,0.956266,0.781132,0.799952,0.805826,0.887424,0.966452,-0.0691347,0.623265,0.954975,1.30306,1.34134,-0.877392,0.951237,0.331515,0.919187,-1.30356,0.389221,0.460256,0.677724,0.200189,0.375575,0.677108,0.744893,0.813912,0.900368,0.566348,0.716365,0.206663,0.71424,0.735995,-0.878543,0.297313,0.259513,0.389652,1.35622,0.629084,-1.75176,-2.24743,1.05428,1.18774,0.905468,0.92258,0.689086,0.828757,0.969397,0.449107,-0.117109,0.521056,0.758119,1.36296,1.40994,-1.26308,1.00274,0.344098,1.12429,-1.59253,-0.208695,-0.0651013,-0.123379,0.199443,0.554981,0.563056,0.472831,0.519885,0.930701,0.694261,0.191636,0.533497,0.771061,0.673992,1.212,0.7936,0.644319,0.604164,0.56653,0.487622,0.0483791,0.462666,0.712834,0.571307,0.716456,0.661861,0.493476,0.744474,
3.18,0.685046,0.386901,0.643663,0.344418,0.732324,0.842777,-0.552856,-0.05153,0.236176,0.253615,0.346891,0.386418,0.53769,0.621329,1.03807,1.00521,0.951242,0.780972,0.79546,0.800232,0.889184,0.966782,-0.0732093,0.624735,0.959697,1.30178,1.34029,-0.883375,0.953803,0.331376,0.922899,-1.30499,0.387641,0.457438,0.683042,0.200669,0.374172,0.671162,0.739551,0.808835,0.898239,0.565182,0.710298,0.203542,0.708777,0.733846,-0.880336,0.303558,0.261095,0.392255,1.35571,0.627119,-1.75028,-2.24532,1.04013,1.18363,0.900094,0.924463,0.685893,0.823707,0.971453,0.45025,-0.117548,0.520409,0.760309,1.36252,1.40955,-1.2665,1.00406,0.34352,1.12844,-1.59317,-0.210187,-0.0697051,-0.117267,0.198417,0.553095,0.55857,0.466432,0.5157,0.921403,0.689494,0.191974,0.528672,0.771347,0.673077,1.21456,0.785954,0.635502,0.605812,0.558523,0.483562,0.0481845,0.458276,0.712291,0.569708,0.716588,0.655511,0.482516,0.743807,
3.185,0.686087,0.389459,0.64032,0.34025,0.729094,0.842511,-0.555023,-0.0390228,0.237229,0.255666,0.346279,0.384365,0.538831,0.623538,1.03648,0.997972,0.946214,0.780768,0.790931,0.794625,0.890947,0.967085,-0.0773169,0.626233,0.964395,1.30048,1.33921,-0.88939,0.9563,0.331228,0.926547,-1.30645,0.386029,0.454674,0.688235,0.201545,0.372765,0.665226,0.73417,0.803742,0.896159,0.564054,0.704293,0.200537,0.703385,0.731748,-0.882098,0.310077,0.262692,0.394849,1.35521,0.625131,-1.74889,-2.2433,1.03096,1.17944,0.894716,0.926078,0.682534,0.818602,0.973393,0.451322,-0.118062,0.519785,0.762476,1.36211,1.40919,-1.26993,1.00538,0.342949,1.13252,-1.59381,-0.211671,-0.074291,-0.111356,0.1983,0.551189,0.553248,0.460065,0.511578,0.912168,0.684735,0.192126,0.523858,0.77163,0.67221,1.21707,0.778316,0.626771,0.607469,0.550703,0.479542,0.0480266,0.453902,0.711804,0.568275,0.716785,0.649222,0.471735,0.743184,
3.19,0.687156,0.392054,0.637017,0.336136,0.725935,0.842355,-0.55721,-0.0268251,0.238294,0.257716,0.345657,0.382315,0.539841,0.625591,1.0322,0.997263,0.941193,0.780496,0.786359,0.789007,0.892699,0.967347,-0.0814688,0.627748,0.969065,1.29921,1.33814,-0.895437,0.958744,0.331072,0.930128,-1.30794,0.384386,0.451968,0.693323,0.202629,0.371355,0.659385,0.728788,0.798665,0.894126,0.562964,0.698349,0.19765,0.698064,0.729703,-0.883834,0.316824,0.264301,0.397432,1.35472,0.623109,-1.74757,-2.24139,1.02436,1.17519,0.889336,0.927433,0.679025,0.813449,0.975221,0.452326,-0.118654,0.51918,0.764623,1.36172,1.40885,-1.27337,1.0067,0.342371,1.13651,-1.59444,-0.213155,-0.0788555,-0.105637,0.198516,0.549266,0.546647,0.453737,0.507537,0.903015,0.679992,0.192232,0.519061,0.771907,0.671399,1.21955,0.770697,0.618142,0.609143,0.54297,0.475564,0.0478997,0.449548,0.711396,0.567002,0.717046,0.642997,0.461134,0.742603,
3.195,0.688255,0.394682,0.633761,0.332085,0.722855,0.842207,-0.559414,-0.0149447,0.239367,0.259762,0.345026,0.380273,0.540726,0.627471,1.02736,0.993939,0.936185,0.780154,0.781742,0.783378,0.89443,0.96755,-0.0856767,0.629272,0.973718,1.29796,1.33707,-0.901514,0.961087,0.330909,0.933639,-1.30945,0.382715,0.449324,0.698325,0.203823,0.369946,0.653574,0.723438,0.793633,0.89214,0.56191,0.692467,0.194885,0.692814,0.727703,-0.885548,0.323759,0.26592,0.400002,1.35415,0.621013,-1.74633,-2.23957,1.0192,1.17088,0.883955,0.928547,0.675381,0.808256,0.976945,0.453267,-0.119326,0.518592,0.766753,1.36134,1.40852,-1.27681,1.00798,0.341778,1.14043,-1.59509,-0.214645,-0.0833952,-0.100104,0.198941,0.547305,0.540403,0.447456,0.503577,0.893963,0.67527,0.192159,0.514287,0.772168,0.670648,1.22198,0.763107,0.609632,0.610829,0.535334,0.47163,0.047797,0.445217,0.711052,0.565884,0.71736,0.636821,0.450786,0.742061,
3.2,0.689383,0.397344,0.630559,0.328102,0.719862,0.842145,-0.561629,-0.00338881,0.240448,0.261801,0.344388,0.378241,0.541496,0.629197,1.01936,0.990751,0.931203,0.779746,0.777075,0.777742,0.896127,0.967678,-0.0899502,0.630808,0.978336,1.29674,1.33601,-0.907618,0.963399,0.330738,0.937079,-1.31098,0.381019,0.446743,0.703264,0.205088,0.368539,0.647886,0.718147,0.78867,0.890198,0.560892,0.686647,0.192244,0.687634,0.725758,-0.887244,0.330844,0.267545,0.402557,1.35361,0.618872,-1.74517,-2.23785,1.01456,1.16653,0.878576,0.929439,0.671616,0.803033,0.978572,0.454151,-0.120085,0.518018,0.768871,1.36098,1.4082,-1.28024,1.00926,0.341165,1.14429,-1.59575,-0.216148,-0.0879071,-0.0947452,0.199558,0.545326,0.534231,0.441228,0.49972,0.885028,0.670575,0.19206,0.50954,0.772441,0.669962,1.22441,0.755555,0.601254,0.612529,0.527824,0.467743,0.0477191,0.440911,0.710791,0.564914,0.717742,0.630697,0.440711,0.74156,
3.205,0.690539,0.400036,0.627417,0.324195,0.716964,0.842107,-0.563853,0.00783772,0.241532,0.263828,0.343744,0.376222,0.542163,0.630774,1.02001,0.986988,0.926255,0.779268,0.772358,0.772101,0.89778,0.967718,-0.0942983,0.632359,0.982909,1.29555,1.335,-0.913746,0.965668,0.33056,0.940443,-1.31254,0.379302,0.444229,0.708162,0.206405,0.367138,0.64225,0.712936,0.783791,0.888301,0.559908,0.680889,0.189729,0.682525,0.723861,-0.888926,0.338042,0.269175,0.405096,1.35306,0.616693,-1.74408,-2.23623,1.00704,1.16215,0.873204,0.930133,0.667746,0.797789,0.980109,0.454982,-0.120932,0.517455,0.770968,1.36062,1.40789,-1.28366,1.01052,0.34053,1.14805,-1.59642,-0.217672,-0.0923868,-0.089551,0.20028,0.543343,0.528095,0.435056,0.495994,0.876228,0.665918,0.191951,0.504829,0.772722,0.669343,1.22683,0.748051,0.593025,0.614241,0.520488,0.463905,0.0476657,0.436634,0.710599,0.564087,0.718181,0.624627,0.430813,0.741094,
3.21,0.691718,0.402758,0.624341,0.32037,0.714167,0.842035,-0.566081,0.110505,0.242618,0.265839,0.343095,0.37422,0.542731,0.632179,1.01647,0.982876,0.92135,0.778705,0.76759,0.766459,0.899377,0.96765,-0.0987284,0.633922,0.987405,1.29437,1.33399,-0.919897,0.967843,0.330374,0.943729,-1.31412,0.377567,0.441785,0.713037,0.207762,0.365743,0.636693,0.707819,0.77901,0.886445,0.558956,0.675194,0.187344,0.677483,0.721998,-0.8906,0.345319,0.270806,0.407615,1.35241,0.61444,-1.74306,-2.23469,1.00533,1.15775,0.867846,0.930646,0.663786,0.792534,0.981563,0.455767,-0.121851,0.516902,0.77303,1.36019,1.40751,-1.28705,1.01175,0.339874,1.15174,-1.59712,-0.219223,-0.0968304,-0.0845117,0.201063,0.541344,0.521993,0.428947,0.492488,0.867579,0.661297,0.191835,0.500157,0.77299,0.668794,1.2292,0.740607,0.584957,0.615961,0.513219,0.460118,0.0476772,0.432391,0.71045,0.563395,0.718655,0.618613,0.421258,0.740662,
3.215,0.692924,0.405507,0.621338,0.316633,0.71148,0.842027,-0.568308,0.197235,0.243703,0.267829,0.342443,0.372238,0.543215,0.633418,1.01353,0.978631,0.916499,0.778031,0.762772,0.760821,0.900908,0.967462,-0.103246,0.635494,0.991821,1.29323,1.33302,-0.926064,0.969943,0.330181,0.946934,-1.31572,0.375817,0.439414,0.717898,0.209152,0.364356,0.631221,0.702806,0.774334,0.884632,0.558037,0.669564,0.185091,0.67251,0.720167,-0.892268,0.352644,0.272436,0.410112,1.35166,0.612104,-1.74211,-2.23324,1.00176,1.15334,0.862508,0.931007,0.659752,0.787277,0.982942,0.45651,-0.122821,0.516356,0.775061,1.35971,1.40708,-1.2904,1.01294,0.339197,1.15535,-1.59785,-0.220807,-0.101234,-0.0796176,0.201889,0.539333,0.51593,0.422905,0.489512,0.859098,0.656726,0.191717,0.495532,0.773255,0.668318,1.23154,0.733232,0.577065,0.617689,0.506114,0.456386,0.0477262,0.428185,0.710357,0.562832,0.719168,0.612657,0.41189,0.74026,
3.22,0.694167,0.408281,0.618413,0.31299,0.708907,0.842136,-0.57053,0.275005,0.244783,0.269795,0.341788,0.37028,0.543626,0.63453,1.01029,0.974352,0.91171,0.777226,0.757908,0.755192,0.902368,0.967154,-0.107854,0.637084,0.996188,1.29213,1.33207,-0.932244,0.972046,0.329983,0.950057,-1.31733,0.374057,0.437119,0.72275,0.210566,0.36298,0.625893,0.697904,0.76977,0.882851,0.557149,0.664003,0.182973,0.667609,0.718384,-0.893934,0.359985,0.274062,0.412586,1.35096,0.60975,-1.74121,-2.23187,0.998327,1.14894,0.857199,0.931237,0.655658,0.782028,0.984253,0.457215,-0.123824,0.515816,0.777081,1.35928,1.4067,-1.29372,1.01412,0.3385,1.15889,-1.5986,-0.222429,-0.105594,-0.0748613,0.20275,0.537353,0.509911,0.416936,0.487788,0.850799,0.652218,0.191598,0.490958,0.773542,0.667914,1.23388,0.725937,0.56936,0.619431,0.49915,0.452711,0.0477891,0.424021,0.710351,0.56239,0.719743,0.606764,0.402815,0.73989,
3.225,0.695437,0.411076,0.615571,0.309447,0.706455,0.842267,-0.572743,0.270684,0.245857,0.271731,0.341131,0.368349,0.54397,0.63553,1.00666,0.970087,0.906991,0.776269,0.753002,0.749578,0.903747,0.966691,-0.112556,0.638696,1.00048,1.29105,1.33113,-0.93843,0.974109,0.329779,0.953093,-1.31897,0.372289,0.434903,0.727584,0.211997,0.361617,0.620664,0.693123,0.765325,0.881113,0.556294,0.658513,0.180992,0.662781,0.716648,-0.895601,0.367314,0.275681,0.415033,1.35031,0.607392,-1.74038,-2.23057,0.994926,1.14456,0.851928,0.931358,0.651519,0.776799,0.9855,0.457888,-0.124847,0.51528,0.77908,1.35888,1.40635,-1.29699,1.0153,0.337786,1.16235,-1.59939,-0.224095,-0.109903,-0.0702352,0.20364,0.53542,0.503943,0.411049,0.485964,0.842697,0.64777,0.191482,0.486441,0.773843,0.667583,1.2362,0.718733,0.561855,0.621179,0.492292,0.449097,0.0478679,0.419903,0.7104,0.562064,0.720363,0.600981,0.39401,0.739551,
3.23,0.696746,0.41389,0.612819,0.306008,0.704127,0.842565,-0.574942,0.270774,0.246921,0.273633,0.340476,0.366448,0.544262,0.636465,1.00284,0.965858,0.902353,0.775097,0.748058,0.743987,0.905042,0.966086,-0.117351,0.64033,1.00473,1.29003,1.33028,-0.944615,0.976187,0.329571,0.956037,-1.32062,0.370518,0.432769,0.732383,0.213438,0.360269,0.615583,0.688471,0.761006,0.879431,0.555471,0.6531,0.179151,0.658031,0.714965,-0.897271,0.374604,0.27729,0.41745,1.3497,0.605049,-1.7396,-2.22935,0.991547,1.14021,0.846704,0.931408,0.647348,0.771597,0.986691,0.458531,-0.125879,0.514746,0.781079,1.35842,1.40607,-1.30021,1.01649,0.337056,1.16574,-1.6002,-0.225808,-0.114159,-0.0657334,0.204555,0.533562,0.498032,0.40525,0.483054,0.834806,0.643398,0.191369,0.481988,0.774168,0.667325,1.23852,0.71163,0.55456,0.622937,0.485553,0.445548,0.0479662,0.415837,0.710509,0.561847,0.721027,0.595286,0.38549,0.739247,
3.235,0.69808,0.416719,0.61016,0.30268,0.701928,0.842876,-0.577123,0.271954,0.247971,0.275497,0.33982,0.364582,0.5445,0.637329,0.998982,0.961679,0.897799,0.773692,0.743083,0.738426,0.906245,0.965335,-0.122235,0.641992,1.00889,1.28902,1.32943,-0.950792,0.978186,0.32936,0.958888,-1.32228,0.368747,0.430717,0.737122,0.214881,0.358939,0.610602,0.683958,0.756824,0.877791,0.554681,0.647769,0.17745,0.653363,0.713327,-0.898945,0.38183,0.278887,0.419835,1.34907,0.602688,-1.73886,-2.2282,0.988192,1.13588,0.841535,0.931405,0.643161,0.766435,0.98783,0.459148,-0.126911,0.514215,0.783056,1.35787,1.40579,-1.30338,1.01765,0.336314,1.16905,-1.60105,-0.22757,-0.118355,-0.0613512,0.205493,0.53178,0.492186,0.399547,0.479594,0.827138,0.639097,0.191261,0.477604,0.774493,0.667138,1.2408,0.70464,0.547486,0.624698,0.479017,0.442065,0.0480861,0.411828,0.710655,0.561732,0.721718,0.589656,0.377261,0.738976,
3.24,0.699438,0.419559,0.607598,0.299465,0.699862,0.843237,-0.579283,0.273998,0.249006,0.277317,0.339169,0.362753,0.544687,0.638112,0.995131,0.957557,0.893337,0.772072,0.738086,0.732902,0.907355,0.964446,-0.127207,0.643668,1.01294,1.28803,1.32858,-0.956954,0.980092,0.329149,0.961642,-1.32395,0.366979,0.42875,0.741765,0.21632,0.357629,0.605738,0.679595,0.75279,0.876198,0.553925,0.642527,0.175891,0.648781,0.711733,-0.900624,0.388968,0.280467,0.422185,1.34835,0.600269,-1.73818,-2.2271,0.984861,1.13159,0.836429,0.931354,0.638968,0.76132,0.988919,0.459739,-0.127937,0.513687,0.785012,1.35719,1.40547,-1.30648,1.01879,0.335564,1.17229,-1.60193,-0.229383,-0.122486,-0.057085,0.20645,0.530065,0.486416,0.393953,0.476199,0.819704,0.634871,0.19116,0.473295,0.774803,0.66702,1.24301,0.697773,0.540641,0.626461,0.472602,0.438655,0.0482334,0.407882,0.710828,0.561714,0.722423,0.584114,0.369324,0.738737,
3.245,0.700817,0.422404,0.605137,0.296366,0.697929,0.843618,-0.581416,0.276457,0.250022,0.27909,0.338524,0.360967,0.544826,0.638799,0.991323,0.953497,0.888969,0.770257,0.733073,0.727425,0.908368,0.963425,-0.132258,0.645346,1.01689,1.28707,1.32777,-0.963089,0.981866,0.328942,0.964294,-1.32562,0.365217,0.42687,0.746273,0.217746,0.356343,0.600986,0.675396,0.748916,0.874654,0.553206,0.637381,0.174474,0.64429,0.710174,-0.902308,0.395995,0.282028,0.424495,1.34748,0.597752,-1.73753,-2.22607,0.981557,1.12733,0.831392,0.93085,0.634781,0.756263,0.989961,0.460306,-0.128954,0.513166,0.786934,1.35638,1.4051,-1.30953,1.01987,0.334809,1.17545,-1.60285,-0.231251,-0.126545,-0.0529328,0.207422,0.528398,0.480735,0.388482,0.472913,0.812516,0.630727,0.191068,0.469064,0.775092,0.66697,1.24515,0.691039,0.534035,0.62822,0.466308,0.435319,0.0484097,0.404004,0.711023,0.561786,0.723132,0.578721,0.361696,0.738527,
3.25,0.702212,0.42525,0.60278,0.293387,0.696129,0.84404,-0.583521,0.279091,0.251016,0.280811,0.337884,0.359228,0.544924,0.639413,0.987573,0.949503,0.884697,0.768266,0.728057,0.722004,0.909284,0.96228,-0.137382,0.647037,1.02072,1.28618,1.32701,-0.969188,0.983547,0.328743,0.966842,-1.32731,0.363464,0.425077,0.750602,0.219153,0.355083,0.596375,0.671373,0.745216,0.873161,0.552523,0.63234,0.173199,0.639896,0.708653,-0.903995,0.40289,0.283566,0.426764,1.34649,0.595142,-1.73693,-2.2251,0.978281,1.12311,0.826433,0.93026,0.630609,0.751272,0.990958,0.46085,-0.129959,0.512656,0.78882,1.35547,1.4047,-1.31251,1.0209,0.334055,1.17854,-1.6038,-0.233178,-0.130526,-0.0488935,0.208405,0.526777,0.475156,0.383147,0.469746,0.805581,0.626665,0.190986,0.464921,0.775375,0.666984,1.24725,0.684449,0.527674,0.629973,0.460238,0.432062,0.0486153,0.400201,0.711248,0.561944,0.723853,0.573409,0.354378,0.738341,
3.255,0.703623,0.428091,0.600527,0.290529,0.694465,0.844513,-0.585593,0.281809,0.251985,0.282476,0.337257,0.35754,0.544984,0.639948,0.98389,0.945575,0.880529,0.766114,0.723045,0.716649,0.910102,0.961055,-0.142569,0.648735,1.02443,1.2853,1.32628,-0.975241,0.985133,0.328556,0.969286,-1.32899,0.361722,0.423372,0.754714,0.220534,0.353856,0.591924,0.667536,0.7417,0.871724,0.55188,0.627413,0.172063,0.635607,0.707181,-0.905685,0.409636,0.28508,0.428985,1.34543,0.592454,-1.73636,-2.22418,0.975036,1.11893,0.821557,0.92958,0.626462,0.746355,0.991911,0.46137,-0.130952,0.512158,0.790667,1.3545,1.40429,-1.31542,1.02188,0.333307,1.18155,-1.60479,-0.235164,-0.134422,-0.0449668,0.209395,0.525202,0.469692,0.377963,0.466704,0.798907,0.6227,0.190917,0.460869,0.77566,0.667059,1.24931,0.678012,0.521563,0.631718,0.45428,0.428887,0.0488463,0.396477,0.71151,0.562183,0.724589,0.56821,0.347377,0.738174,
3.26,0.705047,0.430921,0.598381,0.287793,0.692932,0.845046,-0.587631,0.284563,0.252926,0.284081,0.336641,0.35591,0.545012,0.640427,0.980281,0.941722,0.876475,0.763815,0.71805,0.711368,0.910822,0.959776,-0.147806,0.650445,1.02803,1.28449,1.32561,-0.981236,0.986672,0.328385,0.971622,-1.33068,0.359993,0.421757,0.758579,0.221883,0.352663,0.587655,0.663891,0.738374,0.870346,0.551279,0.622608,0.171063,0.631434,0.705769,-0.907376,0.416215,0.286564,0.431157,1.34434,0.589733,-1.73582,-2.22332,0.971829,1.11479,0.816772,0.928807,0.622347,0.741518,0.992818,0.461865,-0.131934,0.511673,0.792479,1.35351,1.40388,-1.31827,1.02284,0.332569,1.18447,-1.60581,-0.237207,-0.138227,-0.0411544,0.210388,0.523678,0.464354,0.372942,0.463792,0.792498,0.618842,0.190864,0.456915,0.775964,0.667191,1.25137,0.671736,0.515707,0.633451,0.448556,0.425798,0.0490994,0.392838,0.71181,0.562498,0.725344,0.563147,0.340698,0.738003,
3.265,0.706477,0.433733,0.59634,0.285179,0.691528,0.845595,-0.589631,0.287323,0.253837,0.285625,0.336042,0.354344,0.545014,0.640842,0.976753,0.937951,0.872551,0.761386,0.713083,0.706172,0.911448,0.958563,-0.153082,0.652155,1.03151,1.28371,1.32495,-0.987162,0.988129,0.328235,0.973849,-1.33238,0.358279,0.420231,0.762175,0.223194,0.351508,0.58356,0.660441,0.735244,0.869035,0.550722,0.617934,0.170196,0.627387,0.704411,-0.909063,0.422612,0.288016,0.433274,1.34321,0.586997,-1.73531,-2.2225,0.968665,1.1107,0.812084,0.92794,0.618268,0.736769,0.993677,0.462332,-0.132908,0.511201,0.794245,1.35252,1.40348,-1.32105,1.02377,0.331848,1.18731,-1.60687,-0.239302,-0.141935,-0.0374576,0.21138,0.522199,0.459155,0.368095,0.461013,0.786359,0.615095,0.190826,0.453062,0.776273,0.667376,1.25339,0.66563,0.510107,0.635167,0.442976,0.422799,0.0493722,0.389289,0.712137,0.562884,0.726109,0.558211,0.334346,0.7374,
3.27,0.707913,0.436522,0.594404,0.282687,0.690248,0.84623,-0.591592,0.290066,0.254715,0.287103,0.335461,0.352846,0.544993,0.641223,0.973313,0.934267,0.868764,0.758844,0.708155,0.701069,0.911981,0.957625,-0.15838,0.653858,1.03488,1.28298,1.32433,-0.993007,0.989602,0.328109,0.975972,-1.33407,0.35658,0.418794,0.765492,0.224461,0.350398,0.57968,0.657183,0.732306,0.867793,0.55021,0.613402,0.169456,0.623478,0.70312,-0.910744,0.428816,0.289433,0.435334,1.34217,0.584317,-1.73483,-2.22173,0.965553,1.10668,0.807501,0.926982,0.61423,0.732111,0.994485,0.462768,-0.133878,0.510744,0.795979,1.3516,1.40313,-1.32377,1.0247,0.331146,1.19005,-1.60797,-0.241443,-0.145538,-0.033879,0.212366,0.520785,0.454106,0.363432,0.458368,0.780489,0.611466,0.190799,0.449314,0.776611,0.66761,1.25542,0.659699,0.504766,0.636867,0.437608,0.419892,0.0496627,0.385834,0.712512,0.563339,0.726903,0.553412,0.328294,0.737664,
3.275,0.709348,0.43928,0.592572,0.280316,0.689088,0.846895,-0.593512,0.292773,0.255558,0.288513,0.334902,0.351424,0.544957,0.641571,0.969966,0.930679,0.865124,0.756202,0.703278,0.696069,0.912425,0.956869,-0.163686,0.655549,1.03813,1.2823,1.32375,-0.99876,0.991057,0.32801,0.977991,-1.33576,0.354897,0.417444,0.768533,0.225681,0.349336,0.57599,0.654112,0.729557,0.866628,0.549745,0.609019,0.168837,0.619717,0.701871,-0.912415,0.434815,0.290812,0.437332,1.34122,0.581726,-1.73438,-2.22101,0.9625,1.10272,0.803032,0.925923,0.610235,0.727548,0.995239,0.463171,-0.134852,0.510301,0.797675,1.35074,1.4028,-1.32642,1.02562,0.330467,1.1927,-1.6091,-0.243623,-0.14903,-0.0304206,0.213344,0.519436,0.449217,0.358961,0.455859,0.774889,0.607957,0.190781,0.445675,0.776967,0.667888,1.25742,0.653949,0.499682,0.638543,0.432436,0.41708,0.0499698,0.382477,0.712919,0.563859,0.727716,0.548757,0.322473,0.737709,
3.28,0.710777,0.442001,0.590841,0.278062,0.688042,0.847576,-0.59539,0.295428,0.256365,0.289854,0.334368,0.350085,0.544912,0.641882,0.962703,0.927192,0.861634,0.753475,0.698463,0.691178,0.912785,0.955656,-0.168985,0.65722,1.04128,1.28167,1.32319,-1.00441,0.992478,0.32794,0.979905,-1.33745,0.35323,0.416181,0.771314,0.226849,0.348327,0.572511,0.651215,0.726982,0.865544,0.549324,0.604795,0.138233,0.616115,0.700519,-0.914071,0.440603,0.29215,0.439265,1.3404,0.579264,-1.73394,-2.22032,0.959515,1.09885,0.798684,0.924746,0.606284,0.723084,0.995935,0.463537,-0.135836,0.509876,0.799322,1.35002,1.40253,-1.32902,1.02655,0.329815,1.19525,-1.61027,-0.245836,-0.152405,-0.0270858,0.214307,0.518153,0.444497,0.35469,0.453485,0.769554,0.604571,0.190772,0.442148,0.777341,0.668205,1.2594,0.648383,0.494851,0.640189,0.427477,0.414364,0.050292,0.379222,0.713365,0.564441,0.728551,0.544245,0.316807,0.737748,
3.285,0.712197,0.444679,0.589207,0.275922,0.687101,0.848297,-0.597228,0.298018,0.257134,0.291125,0.333863,0.348833,0.544863,0.642165,0.958008,0.923812,0.858294,0.750679,0.69372,0.686404,0.913065,0.954045,-0.174259,0.658862,1.04432,1.28108,1.32267,-1.00995,0.993884,0.327903,0.981721,-1.33914,0.35158,0.415002,0.773855,0.227965,0.347374,0.569228,0.648477,0.724564,0.864547,0.548946,0.600738,0.110533,0.61268,0.695645,-0.915709,0.446171,0.293445,0.441129,1.33972,0.576953,-1.73353,-2.21968,0.956605,1.09507,0.794465,0.923451,0.602376,0.71872,0.996565,0.463862,-0.136839,0.509469,0.800925,1.34941,1.40232,-1.33157,1.02749,0.329192,1.19768,-1.61147,-0.248072,-0.155659,-0.0238778,0.215253,0.516938,0.439954,0.350623,0.451247,0.76448,0.601309,0.190771,0.43874,0.777731,0.668557,1.26136,0.643003,0.490271,0.641802,0.422727,0.411746,0.0506286,0.37607,0.713844,0.565082,0.729406,0.539884,0.311352,0.737822,
3.29,0.713602,0.447309,0.587666,0.273892,0.686258,0.849026,-0.599023,0.300532,0.257863,0.292323,0.333386,0.347672,0.544814,0.642414,0.954243,0.920541,0.8551,0.747827,0.689058,0.681753,0.913271,0.952077,-0.179494,0.660468,1.04725,1.28054,1.3222,-1.01536,0.995274,0.327901,0.983442,-1.34082,0.349944,0.413906,0.77619,0.229024,0.346483,0.566132,0.645877,0.72228,0.863635,0.548618,0.596853,0.0841508,0.609421,0.697808,-0.917324,0.451517,0.294694,0.442922,1.33915,0.574803,-1.73313,-2.21908,0.953779,1.0914,0.79038,0.922042,0.598509,0.714456,0.997128,0.464145,-0.137871,0.509081,0.802475,1.34891,1.40214,-1.33407,1.02843,0.328603,1.20001,-1.61271,-0.250317,-0.158787,-0.0207992,0.216179,0.515793,0.435592,0.346765,0.449143,0.75966,0.598171,0.190777,0.435456,0.778127,0.66894,1.26327,0.63781,0.485934,0.643379,0.418199,0.409228,0.0509785,0.373024,0.714351,0.565779,0.730277,0.535675,0.306352,0.737936,
3.295,0.714988,0.449886,0.586214,0.271967,0.685456,0.849763,-0.600777,0.302966,0.258552,0.293451,0.332941,0.346601,0.544766,0.642623,0.951043,0.917383,0.85205,0.744935,0.684485,0.677229,0.913407,0.9501,-0.184675,0.662023,1.05007,1.28003,1.32172,-1.02065,0.996651,0.327934,0.98507,-1.3425,0.348324,0.412888,0.778355,0.230026,0.345654,0.563211,0.643398,0.720104,0.862816,0.548342,0.593145,0.0588667,0.606341,0.697646,-0.918912,0.456629,0.295896,0.444641,1.33865,0.572802,-1.73274,-2.21852,0.95104,1.08783,0.786437,0.920523,0.594683,0.710292,0.997617,0.464381,-0.13894,0.508714,0.803975,1.34848,1.40194,-1.33652,1.02936,0.32805,1.20222,-1.61398,-0.25256,-0.161786,-0.0178527,0.21708,0.514708,0.431418,0.343116,0.447171,0.755083,0.595157,0.190789,0.432297,0.778519,0.669348,1.26513,0.632802,0.481832,0.644918,0.413894,0.406808,0.0513412,0.370083,0.714872,0.56653,0.731153,0.531619,0.301812,0.738094,
3.3,0.716354,0.452404,0.584845,0.27014,0.684749,0.850537,-0.602491,0.305313,0.259202,0.294507,0.332532,0.345621,0.544729,0.64281,0.948113,0.914338,0.849137,0.742018,0.680009,0.672835,0.913479,0.948094,-0.189788,0.663529,1.05278,1.27957,1.32132,-1.02581,0.997991,0.328004,0.986603,-1.34418,0.346716,0.411946,0.780391,0.230969,0.344889,0.560489,0.641024,0.718013,0.862091,0.54812,0.589618,0.0346614,0.603447,0.696904,-0.920469,0.461454,0.297049,0.446285,1.33829,0.570968,-1.73237,-2.21799,0.948392,1.08438,0.782633,0.918893,0.590893,0.706225,0.99803,0.464572,-0.140058,0.508367,0.805427,1.34817,1.40179,-1.33893,1.03028,0.32754,1.20432,-1.61528,-0.254793,-0.164653,-0.0150406,0.217954,0.513684,0.427437,0.339679,0.445327,0.750739,0.592263,0.190808,0.429261,0.778928,0.669777,1.26698,0.627976,0.477958,0.646419,0.409815,0.404488,0.0517159,0.367249,0.715433,0.567332,0.732051,0.527717,0.29763,0.738299,
3.305,0.717692,0.454862,0.583555,0.268406,0.684128,0.851324,-0.604167,0.307572,0.259812,0.295494,0.332156,0.344728,0.54471,0.642999,0.945343,0.911402,0.846351,0.739088,0.675635,0.668573,0.913491,0.946066,-0.194821,0.664979,1.05539,1.27915,1.32095,-1.03082,0.999292,0.328112,0.988041,-1.34586,0.345121,0.411076,0.782339,0.231855,0.344191,0.557949,0.638743,0.715991,0.861467,0.547971,0.586273,0.0115392,0.600739,0.696294,-0.921992,0.466001,0.298152,0.447854,1.33809,0.56931,-1.73201,-2.21749,0.945834,1.08104,0.778968,0.917151,0.587137,0.702254,0.998363,0.464722,-0.141234,0.508042,0.806834,1.34798,1.40171,-1.34131,1.03121,0.327082,1.2063,-1.6166,-0.257013,-0.167388,-0.0123645,0.218798,0.512721,0.423651,0.336453,0.443609,0.746616,0.589488,0.190832,0.426346,0.77935,0.670224,1.26879,0.623327,0.474298,0.647879,0.405961,0.402265,0.052102,0.364519,0.71603,0.568182,0.732973,0.523967,0.293744,0.738551,
3.31,0.719,0.457255,0.582335,0.26676,0.683585,0.85211,-0.605805,0.309742,0.260384,0.296412,0.331815,0.34392,0.544713,0.643209,0.942686,0.90857,0.843682,0.73616,0.671368,0.664442,0.91345,0.944025,-0.199763,0.666359,1.0579,1.27877,1.32055,-1.03569,1.00054,0.328213,0.989387,-1.34754,0.343537,0.410272,0.784239,0.232682,0.343558,0.55558,0.636546,0.714022,0.860941,0.548014,0.583113,-0.0104991,0.59822,0.695758,-0.92348,0.470279,0.299204,0.449347,1.33806,0.567816,-1.73166,-2.21703,0.943358,1.07781,0.775435,0.915295,0.583409,0.698375,0.998612,0.464833,-0.142477,0.507738,0.808201,1.34792,1.40171,-1.34366,1.03213,0.326686,1.20817,-1.61795,-0.259214,-0.169991,-0.00982583,0.21961,0.511057,0.420064,0.333437,0.442013,0.742701,0.586826,0.190861,0.423548,0.779774,0.670682,1.27055,0.61885,0.470842,0.649297,0.402322,0.400137,0.0524988,0.361892,0.716649,0.569079,0.733913,0.520368,0.290108,0.738853,
3.315,0.720276,0.459583,0.581182,0.265194,0.683098,0.852884,-0.607409,0.311822,0.260919,0.297265,0.331509,0.34319,0.544739,0.643423,0.940126,0.905834,0.841119,0.733244,0.66721,0.660441,0.913357,0.941983,-0.204605,0.667664,1.06031,1.2784,1.3202,-1.04042,1.00173,0.328317,0.990648,-1.34922,0.341962,0.409529,0.786127,0.233453,0.342987,0.553361,0.634427,0.712096,0.860507,0.54804,0.580133,-0.00877384,0.595886,0.695302,-0.92493,0.474304,0.300206,0.450764,1.3381,0.566459,-1.73131,-2.21667,0.940959,1.07466,0.771999,0.913323,0.579708,0.694584,0.998784,0.464914,-0.143794,0.507456,0.80952,1.34794,1.40173,-1.34598,1.03303,0.326359,1.20993,-1.61933,-0.261397,-0.172463,-0.00742426,0.220389,0.509556,0.416675,0.330625,0.440533,0.738976,0.584273,0.190894,0.420863,0.780188,0.671151,1.27225,0.614533,0.467575,0.650673,0.398843,0.398103,0.0529059,0.359365,0.717283,0.570018,0.734859,0.51691,0.286658,0.739202,
3.32,0.721523,0.461845,0.580088,0.263704,0.682662,0.853679,-0.608979,0.313816,0.261417,0.298055,0.331235,0.342532,0.544794,0.643649,0.937644,0.903185,0.838653,0.730351,0.663161,0.656566,0.913225,0.939949,-0.209342,0.6689,1.06263,1.27807,1.3199,-1.045,1.0029,0.328425,0.991833,-1.3509,0.340395,0.408839,0.788035,0.234169,0.342476,0.551289,0.632377,0.710204,0.860158,0.548092,0.57733,-0.00874353,0.593733,0.694933,-0.926343,0.478095,0.301158,0.452106,1.33823,0.565232,-1.73098,-2.21639,0.938623,1.0716,0.76859,0.911235,0.576028,0.690875,0.99888,0.464969,-0.145191,0.507196,0.810794,1.34799,1.40177,-1.34829,1.03392,0.3261,1.2116,-1.62072,-0.263559,-0.17481,-0.00515856,0.221135,0.508188,0.413482,0.328009,0.439163,0.735429,0.581823,0.19093,0.418282,0.780603,0.671624,1.27391,0.610372,0.464485,0.65201,0.395466,0.396157,0.0533226,0.356935,0.717944,0.570996,0.735822,0.51357,0.283335,0.7396,
3.325,0.722735,0.46404,0.579048,0.262282,0.682258,0.854446,-0.610518,0.315727,0.261879,0.298785,0.330992,0.341942,0.544879,0.643881,0.935222,0.900615,0.836274,0.727491,0.659224,0.652815,0.913068,0.937933,-0.213967,0.670071,1.06486,1.27776,1.31962,-1.04945,1.00404,0.328539,0.99295,-1.35258,0.338837,0.408197,0.789991,0.234833,0.342022,0.549341,0.630392,0.708339,0.859854,0.548202,0.574699,-0.010312,0.591758,0.694636,-0.927718,0.481668,0.302061,0.453376,1.33837,0.564108,-1.73065,-2.21617,0.936345,1.06859,0.764752,0.909032,0.572368,0.687246,0.998891,0.464833,-0.146672,0.506957,0.812018,1.34803,1.40179,-1.35058,1.03479,0.325899,1.21319,-1.62213,-0.265697,-0.177037,-0.00302683,0.221846,0.506931,0.410478,0.325579,0.437895,0.732042,0.579471,0.190968,0.415803,0.781004,0.672099,1.27552,0.606355,0.461557,0.653306,0.39222,0.394298,0.0537482,0.354597,0.718611,0.572011,0.736786,0.510323,0.280448,0.740044,
3.33,0.723913,0.466169,0.578057,0.260924,0.681874,0.855192,-0.612027,0.317561,0.262307,0.299459,0.330776,0.341413,0.544997,0.644104,0.932837,0.898119,0.833976,0.724671,0.655396,0.649183,0.912892,0.935942,-0.218478,0.671167,1.067,1.27748,1.31936,-1.05376,1.00512,0.328661,0.994009,-1.35426,0.337287,0.407604,0.792014,0.235447,0.341616,0.547506,0.62847,0.706501,0.859343,0.548393,0.572235,-0.0125447,0.589951,0.69441,-0.929054,0.485045,0.302918,0.454576,1.33848,0.563062,-1.73032,-2.21598,0.934114,1.06564,0.757208,0.906716,0.568726,0.683692,0.998799,0.464658,-0.148238,0.506743,0.813196,1.34807,1.40179,-1.35286,1.03563,0.325746,1.21467,-1.62355,-0.267812,-0.179151,-0.00102439,0.222524,0.505762,0.407654,0.323326,0.436722,0.728799,0.577208,0.191007,0.413416,0.781389,0.672572,1.27707,0.602469,0.458774,0.654562,0.389256,0.392521,0.054182,0.352348,0.719289,0.573057,0.737752,0.507141,0.27799,0.740532,
3.335,0.725055,0.468234,0.577108,0.259621,0.681493,0.855906,-0.613509,0.319323,0.262702,0.300082,0.330583,0.340937,0.545156,0.64432,0.930436,0.895682,0.831753,0.721899,0.651674,0.645663,0.912704,0.933984,-0.222875,0.672198,1.06906,1.27723,1.31916,-1.05794,1.00612,0.328795,0.995018,-1.35595,0.335746,0.407059,0.79412,0.236014,0.341257,0.545764,0.626611,0.704695,0.859198,0.548674,0.569928,-0.0148706,0.588304,0.69424,-0.93035,0.488244,0.303729,0.45571,1.3385,0.562061,-1.73,-2.2158,0.931926,1.06272,0.758487,0.904292,0.5651,0.680208,0.998667,0.46443,-0.149888,0.506557,0.81432,1.34803,1.40176,-1.35512,1.03642,0.325633,1.21607,-1.62497,-0.269902,-0.181163,0.000853623,0.223169,0.504671,0.404999,0.321238,0.435638,0.725682,0.575028,0.191046,0.411114,0.781751,0.673041,1.27855,0.598704,0.45612,0.655778,0.386568,0.390821,0.0546234,0.350181,0.719967,0.574132,0.73871,0.504034,0.27573,0.741058,
3.34,0.726163,0.470238,0.576197,0.25837,0.681091,0.856605,-0.614964,0.32102,0.263068,0.300657,0.33041,0.340509,0.545357,0.644532,0.927729,0.893299,0.829597,0.71918,0.648055,0.642247,0.912512,0.932062,-0.227159,0.673156,1.07106,1.277,1.31893,-1.062,1.00708,0.328944,0.995984,-1.35763,0.334215,0.406558,0.796317,0.236539,0.340931,0.544119,0.624819,0.70293,0.859281,0.549052,0.567767,-0.0171295,0.586805,0.694138,-0.931603,0.491282,0.304497,0.45678,1.33848,0.561102,-1.72969,-2.21564,0.929775,1.05985,0.75587,0.90177,0.561489,0.676788,0.998543,0.464119,-0.151618,0.506407,0.815405,1.34799,1.40173,-1.35739,1.03718,0.325556,1.21735,-1.62641,-0.271965,-0.183086,0.0151211,0.223783,0.503647,0.402502,0.319302,0.434634,0.722674,0.572922,0.191083,0.408889,0.782098,0.673503,1.27998,0.595046,0.45358,0.65696,0.384083,0.389192,0.0550713,0.348093,0.720659,0.57523,0.739674,0.501069,0.27365,0.741621,
3.345,0.72724,0.472184,0.575318,0.257163,0.680608,0.857287,-0.616396,0.322659,0.263406,0.301188,0.330251,0.340119,0.545598,0.644733,0.921513,0.890958,0.827503,0.716518,0.644534,0.638929,0.912319,0.930181,-0.231335,0.67404,1.07299,1.27677,1.31872,-1.06595,1.00802,0.329114,0.99691,-1.35931,0.332693,0.406098,0.798606,0.237025,0.340631,0.542552,0.6231,0.701216,0.859423,0.549524,0.56574,-0.019288,0.585442,0.694097,-0.932814,0.494178,0.305226,0.457793,1.33842,0.560175,-1.72938,-2.21633,0.927661,1.05701,0.753529,0.899161,0.557895,0.673428,0.998361,0.463726,-0.153421,0.506298,0.816453,1.34792,1.40166,-1.35965,1.03791,0.325509,1.21855,-1.62784,-0.274003,-0.18492,0.0278245,0.224368,0.502685,0.400151,0.317505,0.433702,0.71976,0.570884,0.191117,0.406734,0.782425,0.673954,1.28136,0.591481,0.451137,0.658108,0.381758,0.387628,0.0555248,0.346075,0.721357,0.576348,0.740638,0.498271,0.271741,0.742219,
3.35,0.728292,0.474077,0.574467,0.255997,0.679956,0.857978,-0.617804,0.32425,0.263719,0.301681,0.330099,0.339759,0.545883,0.644933,0.922754,0.888647,0.825465,0.713917,0.641106,0.635701,0.912134,0.928343,-0.235406,0.67487,1.07487,1.27657,1.31857,-1.06979,1.00894,0.32931,0.997802,-1.36099,0.331182,0.405676,0.800983,0.237477,0.340351,0.541073,0.621458,0.699564,0.859633,0.550076,0.563837,-0.0213452,0.584204,0.694123,-0.933984,0.496946,0.305919,0.458752,1.33841,0.559302,-1.72908,-2.21697,0.925584,1.05421,0.751124,0.896475,0.554318,0.670124,0.99802,0.463264,-0.155289,0.50618,0.817471,1.34786,1.40161,-1.3619,1.03864,0.325488,1.21966,-1.62927,-0.276013,-0.186667,0.0393803,0.224926,0.501777,0.397931,0.315832,0.432835,0.716921,0.568904,0.191146,0.404641,0.782753,0.674392,1.2827,0.587998,0.448775,0.659226,0.379565,0.386123,0.0559829,0.344123,0.722085,0.577479,0.741622,0.495606,0.270004,0.74285,
3.355,0.729315,0.47592,0.57364,0.254865,0.6795,0.858642,-0.619191,0.3258,0.264011,0.302138,0.329951,0.339421,0.546211,0.645144,0.920783,0.886351,0.823477,0.71138,0.637765,0.632554,0.911959,0.926552,-0.239378,0.675643,1.0767,1.27638,1.31841,-1.07354,1.00983,0.329535,0.998665,-1.36267,0.329682,0.405287,0.803435,0.237896,0.34008,0.539654,0.619899,0.697985,0.859904,0.550694,0.562044,-0.0233082,0.583078,0.694198,-0.935113,0.499603,0.306579,0.459664,1.3384,0.55847,-1.72878,-2.21759,0.923542,1.05145,0.748923,0.893724,0.55076,0.666873,0.997561,0.462746,-0.157214,0.506072,0.818462,1.34777,1.40156,-1.36415,1.03936,0.325487,1.2207,-1.6307,-0.277995,-0.188334,0.0500421,0.225462,0.500917,0.395828,0.314269,0.432026,0.714144,0.566975,0.451947,0.402601,0.783066,0.674816,1.28398,0.584583,0.446479,0.660314,0.377474,0.384673,0.0564444,0.342231,0.722812,0.578621,0.742607,0.493043,0.268439,0.74351,
3.36,0.730309,0.477719,0.572832,0.253764,0.679338,0.859302,-0.620557,0.327318,0.264284,0.302563,0.329799,0.339097,0.546588,0.645382,0.918971,0.883997,0.821534,0.708909,0.634505,0.629481,0.911799,0.924808,-0.243257,0.67637,1.07849,1.27624,1.31828,-1.07721,1.01072,0.32979,0.999503,-1.36435,0.328195,0.404928,0.805945,0.238285,0.339808,0.53829,0.618428,0.696492,0.860233,0.551367,0.560349,-0.025187,0.582047,0.694315,-0.936203,0.502162,0.30721,0.460535,1.33842,0.557684,-1.72848,-2.2182,0.921533,1.04872,0.746697,0.890922,0.547225,0.663669,0.997034,0.462187,-0.159186,0.505972,0.819432,1.34771,1.40154,-1.36639,1.04006,0.325499,1.22167,-1.63213,-0.279949,-0.189926,0.0599739,0.225977,0.500101,0.393826,0.312801,0.431265,0.711412,0.565088,0.43982,0.400607,0.783371,0.675221,1.28524,0.581225,0.444235,0.661373,0.375447,0.383269,0.0569079,0.340391,0.723542,0.579767,0.743592,0.490558,0.267028,0.744192,
3.365,0.731277,0.479477,0.572039,0.252689,0.679102,0.859913,-0.621903,0.328812,0.264541,0.302959,0.329636,0.338779,0.547005,0.645628,0.91703,0.881276,0.819629,0.706506,0.63132,0.626475,0.911658,0.923114,-0.247049,0.677056,1.08025,1.2761,1.31813,-1.08081,1.01157,0.330074,1.00032,-1.36602,0.326723,0.404596,0.808491,0.238648,0.339524,0.53696,0.617048,0.695089,0.860607,0.552082,0.558738,-0.0269916,0.5811,0.694462,-0.937257,0.504639,0.307817,0.461369,1.33842,0.556928,-1.72818,-2.21881,0.919558,1.04604,0.744598,0.888082,0.543714,0.660509,0.996462,0.461597,-0.161195,0.505884,0.820377,1.34764,1.40153,-1.36863,1.04075,0.325521,1.22259,-1.63354,-0.281873,-0.191452,0.0569001,0.226475,0.49932,0.391908,0.311411,0.430546,0.708712,0.563236,0.432919,0.398651,0.783648,0.675606,1.28642,0.577909,0.442028,0.662407,0.373482,0.381908,0.0573724,0.338599,0.724264,0.580914,0.744567,0.48814,0.265746,0.744892,
3.37,0.732224,0.481199,0.571259,0.251636,0.678885,0.860518,-0.623229,0.33029,0.264785,0.303331,0.329459,0.338458,0.547462,0.645889,0.915311,0.875354,0.817753,0.704175,0.628206,0.623527,0.911542,0.92147,-0.250761,0.677698,1.08198,1.27598,1.31804,-1.08435,1.01239,0.330384,1.00112,-1.36768,0.325267,0.404287,0.811045,0.238986,0.339221,0.535667,0.615757,0.693782,0.86102,0.552832,0.5572,-0.0287322,0.580224,0.694641,-0.938275,0.507046,0.308402,0.462174,1.33847,0.556212,-1.7279,-2.21941,0.917611,1.04339,0.742506,0.885218,0.54023,0.657391,0.995861,0.460982,-0.163231,0.50581,0.821298,1.34761,1.40158,-1.37086,1.04144,0.325544,1.22347,-1.63494,-0.283767,-0.192922,0.0559906,0.226959,0.498571,0.39006,0.310087,0.429862,0.706029,0.561413,0.429968,0.396726,0.783916,0.675969,1.28756,0.574628,0.439846,0.663418,0.371679,0.380583,0.0578362,0.336847,0.725004,0.582057,0.74555,0.485778,0.264568,0.745606,
3.375,0.73315,0.482888,0.570488,0.250601,0.678638,0.861089,-0.624538,0.33176,0.265019,0.303683,0.329259,0.338129,0.547953,0.646163,0.913398,0.876303,0.8159,0.701916,0.625158,0.620632,0.911452,0.919878,-0.254398,0.678318,1.0837,1.27588,1.31795,-1.08784,1.0132,0.330716,1.0019,-1.36933,0.32383,0.404001,0.813578,0.239305,0.338887,0.534396,0.614551,0.692569,0.861462,0.553609,0.555721,-0.0304188,0.579408,0.69484,-0.93926,0.509395,0.308969,0.462954,1.33855,0.55553,-1.72761,-2.22002,0.915693,1.04078,0.740483,0.882344,0.536778,0.65431,0.99524,0.460351,-0.165283,0.505752,0.822199,1.34761,1.40168,-1.37309,1.04212,0.325566,1.22431,-1.63633,-0.28563,-0.194345,0.0556299,0.227433,0.497846,0.388264,0.308814,0.429207,0.703353,0.55961,0.427977,0.394827,0.784162,0.676308,1.28864,0.57137,0.437677,0.664408,0.370036,0.379288,0.0582982,0.335132,0.725742,0.583192,0.74653,0.483463,0.263477,0.746329,
3.38,0.734056,0.484548,0.569723,0.249581,0.678398,0.861645,-0.625828,0.33323,0.265244,0.304017,0.329033,0.337781,0.548471,0.646462,0.911757,0.874185,0.814065,0.699733,0.622171,0.617784,0.911392,0.918339,-0.257963,0.678912,1.08539,1.27579,1.31787,-1.09129,1.01396,0.331062,1.00267,-1.37098,0.322413,0.403733,0.816058,0.239607,0.338516,0.533133,0.613421,0.691443,0.861928,0.554405,0.554289,-0.0320605,0.578643,0.695054,-0.940215,0.511696,0.309524,0.463717,1.33864,0.554869,-1.72733,-2.22063,0.913801,1.0382,0.738477,0.879471,0.533359,0.651264,0.994611,0.459711,-0.167343,0.505713,0.823088,1.3476,1.40183,-1.37531,1.04279,0.325579,1.22512,-1.6377,-0.287461,-0.195731,0.055526,0.227901,0.497143,0.386506,0.307581,0.428574,0.700671,0.557823,0.426152,0.392947,0.784383,0.67662,1.28966,0.568127,0.435513,0.665377,0.368449,0.378018,0.058757,0.333446,0.726472,0.584316,0.747501,0.481184,0.262454,0.74706,
3.385,0.734942,0.486181,0.56896,0.248573,0.67816,0.862188,-0.627101,0.334706,0.265464,0.304338,0.328776,0.337412,0.549016,0.646807,0.909855,0.872464,0.81224,0.697627,0.619242,0.614979,0.911365,0.916857,-0.261461,0.679491,1.08708,1.27574,1.31784,-1.0947,1.01472,0.331417,1.00342,-1.3726,0.321018,0.403479,0.818453,0.239895,0.338102,0.53188,0.61235,0.69039,0.862409,0.555213,0.552895,-0.033666,0.57792,0.695281,-0.94114,0.513959,0.310068,0.464467,1.3388,0.554236,-1.72705,-2.22125,0.911932,1.03565,0.736506,0.876614,0.529976,0.648251,0.993983,0.459069,-0.169401,0.505694,0.823966,1.3476,1.40209,-1.37752,1.04346,0.325578,1.22592,-1.63906,-0.289259,-0.19709,0.05574,0.228365,0.496455,0.384772,0.306378,0.427959,0.697977,0.556046,0.424364,0.391082,0.784592,0.676904,1.29064,0.564893,0.433344,0.666327,0.366899,0.376769,0.0592113,0.331787,0.727205,0.585426,0.74847,0.478934,0.261486,0.747793,
3.39,0.735809,0.487789,0.568199,0.247574,0.677864,0.862681,-0.628355,0.336194,0.265681,0.304648,0.328483,0.337016,0.549573,0.647143,0.908285,0.87027,0.810422,0.695599,0.616368,0.612212,0.911371,0.915431,-0.264893,0.68005,1.08876,1.27566,1.31775,-1.09809,1.01544,0.331776,1.00417,-1.37421,0.319649,0.403236,0.820739,0.240172,0.337636,0.53061,0.61132,0.689391,0.862898,0.55603,0.551531,-0.0352429,0.577227,0.695505,-0.942039,0.51619,0.310605,0.46521,1.33888,0.553596,-1.72678,-2.22188,0.910083,1.03312,0.734551,0.873781,0.526633,0.645268,0.993363,0.458429,-0.171449,0.505695,0.824836,1.34755,1.40229,-1.37972,1.04411,0.325559,1.2267,-1.64038,-0.291021,-0.19843,0.0559077,0.228828,0.495778,0.383049,0.305196,0.427358,0.695262,0.554275,0.422591,0.389227,0.784754,0.677158,1.29154,0.561662,0.431165,0.667258,0.365376,0.375536,0.0596599,0.330149,0.727904,0.586518,0.74941,0.476708,0.260561,0.748526,
3.395,0.736657,0.489372,0.567436,0.246583,0.677566,0.863147,-0.629591,0.337699,0.265897,0.304951,0.328154,0.336587,0.550139,0.647343,0.906388,0.868687,0.808607,0.693651,0.613549,0.609482,0.911412,0.914066,-0.26826,0.680595,1.09043,1.27561,1.31771,-1.10145,1.01613,0.332131,1.00491,-1.3758,0.318305,0.402997,0.822895,0.240442,0.337116,0.529322,0.610306,0.688422,0.863387,0.556849,0.550187,-0.0367974,0.576559,0.695726,-0.942913,0.518396,0.311139,0.46595,1.33893,0.552941,-1.72652,-2.22252,0.908252,1.03062,0.732613,0.870983,0.523332,0.642316,0.992759,0.457798,-0.173479,0.505716,0.825696,1.34744,1.40251,-1.3819,1.04475,0.325518,1.22747,-1.64169,-0.292744,-0.19976,0.0561091,0.229294,0.495109,0.381326,0.304026,0.426766,0.692522,0.552507,0.420828,0.38738,0.784887,0.677382,1.29238,0.558431,0.428973,0.668171,0.363869,0.374316,0.0601018,0.328529,0.72859,0.587591,0.750332,0.474499,0.259668,0.749255,
3.4,0.737486,0.490933,0.566669,0.245597,0.677251,0.863585,-0.630808,0.339225,0.266114,0.30525,0.327784,0.336123,0.550711,0.64745,0.904881,0.866396,0.806791,0.691787,0.610783,0.606786,0.91149,0.912762,-0.271562,0.681138,1.09209,1.27558,1.31769,-1.10478,1.01681,0.332479,1.00564,-1.37737,0.31699,0.402759,0.82491,0.240707,0.336537,0.528019,0.609288,0.687459,0.863874,0.557667,0.548859,-0.0383341,0.575907,0.695943,-0.943764,0.520579,0.311672,0.466692,1.33898,0.552278,-1.72626,-2.22319,0.906441,1.02814,0.730687,0.868229,0.520075,0.639392,0.992176,0.457179,-0.175485,0.505755,0.826548,1.34732,1.40273,-1.38408,1.04538,0.325449,1.22824,-1.64296,-0.294426,-0.201088,0.0563419,0.229766,0.494444,0.379595,0.302862,0.426182,0.689754,0.55074,0.41907,0.385538,0.785,0.677575,1.29318,0.5552,0.426764,0.669067,0.362372,0.373107,0.0605358,0.326925,0.729264,0.588641,0.751237,0.472304,0.258801,0.749979,
3.405,0.738296,0.492469,0.565898,0.244616,0.676895,0.863999,-0.632006,0.340775,0.266334,0.305547,0.327374,0.335622,0.55128,0.647467,0.902984,0.864964,0.804977,0.690006,0.60807,0.604125,0.911607,0.911522,-0.274799,0.681662,1.09375,1.27555,1.31764,-1.1081,1.01749,0.332815,1.00636,-1.37891,0.315704,0.402516,0.826786,0.24097,0.3359,0.526686,0.608249,0.686483,0.864356,0.558481,0.547541,-0.039857,0.575265,0.696146,-0.944591,0.522744,0.312207,0.46744,1.33892,0.551586,-1.72601,-2.22386,0.904649,1.02569,0.728771,0.865527,0.516867,0.636499,0.991619,0.456576,-0.177461,0.505811,0.827396,1.34712,1.40286,-1.38625,1.04598,0.325353,1.22901,-1.64421,-0.296064,-0.202421,0.0566024,0.230244,0.493781,0.377848,0.301699,0.425604,0.686959,0.548972,0.417316,0.383702,0.785074,0.677736,1.29391,0.551968,0.42454,0.669945,0.360879,0.371907,0.0609609,0.325336,0.729904,0.589667,0.752109,0.47012,0.257951,0.750694,
3.41,0.739086,0.493981,0.565121,0.243639,0.676597,0.864437,-0.633184,0.342351,0.266559,0.305845,0.326925,0.335084,0.551853,0.647474,0.90154,0.862586,0.803162,0.688311,0.605413,0.601498,0.911766,0.910348,-0.277968,0.6822,1.09541,1.27558,1.31767,-1.11139,1.0182,0.333136,1.00708,-1.38043,0.31445,0.402269,0.82853,0.241233,0.335203,0.525359,0.607176,0.685481,0.864832,0.559287,0.54623,-0.041368,0.574627,0.696356,-0.945397,0.524892,0.312746,0.468196,1.33899,0.55091,-1.72576,-2.22456,0.902881,1.02327,0.726866,0.862883,0.513711,0.633636,0.991092,0.455992,-0.179402,0.505882,0.828249,1.34699,1.40311,-1.38839,1.0466,0.325226,1.22978,-1.64542,-0.297655,-0.203763,0.0568861,0.230733,0.493119,0.376081,0.300534,0.42503,0.684138,0.547205,0.415565,0.38187,0.785161,0.677866,1.29464,0.54874,0.422303,0.670806,0.359386,0.370714,0.0613763,0.323761,0.730561,0.590668,0.752986,0.467944,0.257115,0.7514,
3.415,0.739854,0.495467,0.56434,0.242666,0.676228,0.864806,-0.634341,0.343953,0.266791,0.306146,0.326435,0.334508,0.55242,0.647448,0.899659,0.861286,0.801345,0.686703,0.602811,0.598909,0.911968,0.90924,-0.281065,0.682731,1.09706,1.27558,1.31765,-1.11465,1.01889,0.333438,1.0078,-1.38192,0.313228,0.402014,0.830159,0.241497,0.334448,0.524029,0.606067,0.684446,0.865295,0.560084,0.544925,-0.0428679,0.573989,0.696552,-0.946181,0.527023,0.313291,0.468963,1.33905,0.550237,-1.72553,-2.22526,0.901141,1.02089,0.724973,0.860303,0.51061,0.630808,0.990597,0.455429,-0.181304,0.505966,0.829097,1.34685,1.40332,-1.39052,1.04721,0.325068,1.23056,-1.6466,-0.299197,-0.20512,0.0571885,0.231232,0.492455,0.374292,0.299366,0.42446,0.681295,0.545439,0.413819,0.380045,0.785215,0.677966,1.2953,0.545519,0.420056,0.671648,0.357892,0.369529,0.0617811,0.322201,0.731181,0.591642,0.753832,0.465777,0.25629,0.752093,
3.42,0.7406,0.496925,0.563553,0.241699,0.675873,0.865176,-0.635477,0.34558,0.267032,0.306453,0.325909,0.333896,0.552981,0.647397,0.898271,0.858909,0.799529,0.685182,0.600269,0.59636,0.912213,0.908201,-0.284087,0.683264,1.0987,1.27562,1.31767,-1.11789,1.01961,0.33372,1.00852,-1.38337,0.312042,0.401752,0.831694,0.241765,0.333639,0.522706,0.60492,0.683379,0.865746,0.560868,0.543627,-0.0443563,0.573347,0.696737,-0.946944,0.52914,0.313843,0.469741,1.33909,0.549566,-1.7253,-2.22599,0.899431,1.01855,0.723095,0.857792,0.507568,0.628016,0.990136,0.454889,-0.183162,0.506064,0.829943,1.34668,1.40343,-1.39263,1.04781,0.324878,1.23134,-1.64774,-0.300689,-0.206495,0.0575056,0.231742,0.491789,0.372481,0.298195,0.423894,0.678439,0.543676,0.41208,0.378229,0.785253,0.678036,1.29593,0.542314,0.417807,0.672469,0.356397,0.368353,0.0621745,0.320656,0.731773,0.592586,0.754647,0.46362,0.255476,0.752774,
3.425,0.741322,0.49835,0.562764,0.240737,0.675456,0.865484,-0.63659,0.347229,0.267283,0.306765,0.325351,0.333251,0.553527,0.647287,0.89644,0.857666,0.797716,0.683748,0.597789,0.593855,0.912497,0.907231,-0.28703,0.683783,1.10034,1.27564,1.31763,-1.12109,1.0203,0.333981,1.00923,-1.38479,0.310891,0.401482,0.833159,0.242038,0.33278,0.521401,0.603742,0.682286,0.866181,0.561639,0.542336,-0.0458314,0.5727,0.696904,-0.947685,0.53124,0.314402,0.470532,1.33904,0.548883,-1.72507,-2.22674,0.89776,1.01626,0.721238,0.855354,0.504591,0.625267,0.989711,0.454373,-0.184975,0.506172,0.830781,1.34647,1.4034,-1.39472,1.0484,0.324658,1.23212,-1.64884,-0.302127,-0.207888,0.057834,0.232265,0.491123,0.37065,0.297024,0.423334,0.675578,0.541922,0.41035,0.376427,0.785255,0.678078,1.29649,0.539132,0.415562,0.673267,0.354903,0.367188,0.0625559,0.319129,0.732327,0.593501,0.755423,0.461477,0.254673,0.753439,
3.43,0.742018,0.499742,0.561972,0.239784,0.67505,0.865767,-0.637679,0.348897,0.267545,0.307086,0.324761,0.332577,0.554059,0.647122,0.895087,0.85541,0.795906,0.682401,0.595376,0.591401,0.91282,0.90633,-0.289887,0.684292,1.10196,1.27569,1.31763,-1.12425,1.02101,0.33422,1.00993,-1.38617,0.309777,0.401204,0.834577,0.242318,0.331878,0.52015,0.602541,0.681174,0.866598,0.562395,0.541056,-0.04729,0.572047,0.697062,-0.948404,0.533326,0.314968,0.471335,1.33901,0.548204,-1.72486,-2.22751,0.896132,1.01403,0.719407,0.852992,0.501683,0.622565,0.989319,0.453881,-0.186737,0.506289,0.83161,1.34629,1.40331,-1.39678,1.04897,0.324408,1.23289,-1.6499,-0.30351,-0.209299,0.0581707,0.232798,0.490457,0.368804,0.295855,0.422781,0.672723,0.540181,0.408634,0.374642,0.785246,0.678094,1.29702,0.535985,0.413332,0.674044,0.353415,0.366036,0.0629247,0.317625,0.732865,0.594386,0.756175,0.459352,0.253882,0.754088,
3.435,0.742687,0.501097,0.561182,0.238841,0.674644,0.866048,-0.638741,0.350577,0.267817,0.307414,0.324147,0.331878,0.554581,0.646931,0.893362,0.854137,0.794105,0.681139,0.593034,0.589002,0.913178,0.905495,-0.292651,0.6848,1.10356,1.27576,1.31765,-1.12735,1.02175,0.334437,1.01064,-1.38751,0.3087,0.400919,0.835968,0.242604,0.330938,0.519007,0.601326,0.680055,0.867003,0.563134,0.539791,-0.0487282,0.571394,0.697217,-0.949099,0.535397,0.31554,0.472147,1.33906,0.547556,-1.72465,-2.22829,0.894551,1.01187,0.717608,0.850708,0.49885,0.619918,0.988962,0.453412,-0.188448,0.506414,0.83243,1.3462,1.40324,-1.39881,1.04956,0.324131,1.23365,-1.65091,-0.304836,-0.210728,0.0585129,0.233341,0.489794,0.366949,0.294694,0.422238,0.669887,0.538458,0.406938,0.372881,0.785241,0.678086,1.29753,0.532885,0.411127,0.674796,0.351938,0.364901,0.0632803,0.316146,0.733398,0.595237,0.756913,0.45725,0.253107,0.754718,
3.44,0.743328,0.502412,0.560395,0.237912,0.674227,0.866276,-0.639776,0.352264,0.268101,0.307752,0.323514,0.331158,0.555091,0.646716,0.892021,0.852085,0.792315,0.679961,0.590768,0.586666,0.913569,0.904726,-0.295318,0.685297,1.10514,1.27584,1.31769,-1.1304,1.0225,0.334634,1.01133,-1.38881,0.307661,0.400628,0.837349,0.242897,0.32997,0.518009,0.600108,0.678941,0.86739,0.563855,0.538545,-0.0501411,0.570743,0.697365,-0.949769,0.537452,0.316118,0.472967,1.33921,0.546955,-1.72445,-2.22908,0.893019,1.00978,0.715851,0.848504,0.496097,0.617332,0.988634,0.452967,-0.190105,0.506546,0.833233,1.3462,1.40318,-1.4008,1.05016,0.32383,1.2344,-1.65188,-0.306105,-0.21217,0.0588577,0.233892,0.489137,0.365095,0.293547,0.421707,0.667084,0.53676,0.405268,0.37115,0.785233,0.678055,1.29801,0.529845,0.408959,0.675521,0.350479,0.363786,0.0636224,0.314698,0.733914,0.596056,0.75763,0.455176,0.252351,0.75533,
3.445,0.743938,0.503679,0.559615,0.237001,0.673733,0.866428,-0.640781,0.35395,0.268395,0.308098,0.322867,0.330426,0.555575,0.646399,0.890445,0.850732,0.790543,0.678865,0.588585,0.584401,0.913986,0.904021,-0.29788,0.685766,1.10669,1.27586,1.3176,-1.13337,1.0232,0.334811,1.01202,-1.39006,0.306659,0.40033,0.83873,0.243197,0.32898,0.517111,0.598897,0.677845,0.867759,0.564557,0.537326,-0.0515228,0.570099,0.697496,-0.950412,0.539492,0.316698,0.473791,1.33927,0.546365,-1.72425,-2.22989,0.89154,1.00775,0.71414,0.846382,0.493433,0.614816,0.988335,0.452544,-0.191707,0.506685,0.834017,1.34621,1.40292,-1.40275,1.05073,0.323507,1.23513,-1.6528,-0.307315,-0.21362,0.0592027,0.234448,0.488487,0.36325,0.292419,0.42119,0.664329,0.535095,0.40363,0.369456,0.785178,0.678006,1.2984,0.526879,0.406839,0.676216,0.349046,0.362696,0.0639504,0.313285,0.734374,0.59684,0.758294,0.453137,0.25162,0.755921,
3.45,0.744505,0.504897,0.558845,0.23611,0.673303,0.866545,-0.641753,0.355626,0.268698,0.308451,0.322213,0.329686,0.556039,0.646015,0.889113,0.84894,0.788792,0.677847,0.586489,0.582213,0.914424,0.903378,-0.300329,0.686211,1.10818,1.27594,1.31763,-1.13625,1.02388,0.33497,1.01269,-1.39126,0.305697,0.400029,0.840115,0.243503,0.327979,0.516176,0.597701,0.676775,0.868101,0.565235,0.536139,-0.0528677,0.569464,0.697613,-0.951024,0.541513,0.317279,0.474615,1.33932,0.545794,-1.72406,-2.2307,0.890114,1.0058,0.712485,0.844344,0.490863,0.612379,0.988062,0.452143,-0.19325,0.506827,0.834764,1.3462,1.4026,-1.40465,1.05128,0.323166,1.23583,-1.65367,-0.308464,-0.215074,0.0595454,0.235007,0.48785,0.361426,0.291316,0.420691,0.661596,0.53347,0.402032,0.367807,0.785123,0.67794,1.29877,0.523956,0.404746,0.676872,0.347644,0.361636,0.0642641,0.311915,0.734816,0.5976,0.758928,0.45114,0.250916,0.756488,
3.455,0.745059,0.506072,0.558081,0.235234,0.672808,0.866734,-0.6427,0.357284,0.26901,0.308812,0.32155,0.328936,0.556479,0.645555,0.887669,0.847475,0.787054,0.676896,0.584464,0.580083,0.914884,0.902791,-0.302688,0.686632,1.10966,1.27602,1.31761,-1.13907,1.02462,0.335116,1.01336,-1.39243,0.304767,0.399723,0.841511,0.243816,0.326966,0.515057,0.596526,0.675733,0.868443,0.565898,0.534977,-0.0541826,0.568838,0.697728,-0.951611,0.543514,0.31786,0.475439,1.3393,0.545235,-1.72388,-2.23153,0.888722,1.00389,0.710851,0.842373,0.488367,0.609998,0.98781,0.451759,-0.194749,0.50697,0.835517,1.34615,1.40221,-1.40651,1.05181,0.322823,1.23652,-1.65449,-0.309567,-0.216529,0.0598865,0.235568,0.487219,0.359634,0.290247,0.420212,0.659029,0.531871,0.40046,0.366188,0.78505,0.677862,1.2991,0.521229,0.402792,0.677515,0.346266,0.360597,0.0645654,0.310574,0.735226,0.598299,0.759528,0.449176,0.250236,0.757042,
3.46,0.745549,0.507174,0.557351,0.234401,0.672374,0.866783,-0.643598,0.358915,0.269326,0.309175,0.32091,0.32821,0.556906,0.645065,0.886429,0.84597,0.785357,0.676017,0.582576,0.578099,0.915343,0.902268,-0.304876,0.687056,1.11103,1.27611,1.3177,-1.14174,1.02527,0.335246,1.01399,-1.39353,0.303895,0.399417,0.842888,0.244131,0.325983,0.513593,0.595367,0.674714,0.868746,0.566527,0.533882,-0.0554276,0.568241,0.697827,-0.952147,0.545488,0.318433,0.476247,1.33935,0.544711,-1.72369,-2.23234,0.88742,1.00209,0.709389,0.840523,0.486027,0.60777,0.987583,0.451401,-0.19616,0.507118,0.836196,1.34613,1.4019,-1.40829,1.05232,0.322447,1.23715,-1.65522,-0.310592,-0.217964,0.0602167,0.23612,0.486624,0.357882,0.289214,0.419753,0.656519,0.530369,0.398983,0.36467,0.784989,0.677773,1.2994,0.518576,0.400892,0.678094,0.344963,0.35962,0.0648484,0.309319,0.735633,0.598971,0.760104,0.447264,0.249609,0.757554,
3.465,0.746017,0.508218,0.55664,0.233597,0.671855,0.866879,-0.644458,0.360508,0.269644,0.309541,0.320278,0.327492,0.557307,0.644516,0.885154,0.844539,0.783669,0.675197,0.580782,0.576196,0.91581,0.901796,-0.306947,0.687463,1.11236,1.27617,1.31764,-1.14429,1.02593,0.335365,1.01461,-1.39457,0.303067,0.399112,0.844248,0.244447,0.325012,0.512102,0.594226,0.673711,0.869042,0.567132,0.532832,-0.0566221,0.567667,0.697918,-0.952638,0.54743,0.318996,0.477041,1.3393,0.544195,-1.72352,-2.23314,0.886163,1.00036,0.707918,0.838758,0.483792,0.60563,0.987374,0.451062,-0.19751,0.507266,0.836864,1.34608,1.40153,-1.41001,1.05279,0.322068,1.23776,-1.65588,-0.311556,-0.219378,0.0605381,0.236663,0.486047,0.356184,0.288224,0.419318,0.654117,0.528916,0.397555,0.363204,0.784893,0.677676,1.29964,0.516051,0.399084,0.678652,0.343708,0.358681,0.0651169,0.308112,0.735987,0.599603,0.760631,0.445392,0.249016,0.758046,
3.47,0.746457,0.509199,0.555955,0.232827,0.671438,0.86697,-0.645276,0.362055,0.269964,0.309907,0.319666,0.326794,0.557684,0.643916,0.883971,0.843169,0.781944,0.674439,0.579092,0.574394,0.916276,0.901334,-0.30889,0.68785,1.11364,1.27623,1.31761,-1.14673,1.02656,0.335475,1.0152,-1.39557,0.302287,0.398809,0.845585,0.244763,0.32407,0.510635,0.593098,0.672713,0.869332,0.56771,0.531835,-0.0577593,0.567117,0.698007,-0.953082,0.549329,0.319547,0.477816,1.3392,0.543683,-1.72334,-2.23394,0.884958,0.998687,0.706564,0.837085,0.481671,0.603599,0.987182,0.450742,-0.198794,0.507414,0.837514,1.34598,1.40113,-1.41166,1.05323,0.321687,1.23833,-1.65647,-0.312456,-0.220765,0.0608491,0.237195,0.485496,0.354551,0.287283,0.418909,0.651811,0.527531,0.396192,0.361809,0.784792,0.677574,1.29984,0.513638,0.397357,0.679174,0.34251,0.357788,0.0653706,0.306967,0.736312,0.600201,0.76112,0.443622,0.248464,0.758514,
3.475,0.746879,0.510127,0.555294,0.232089,0.671097,0.8671,-0.646057,0.363547,0.270281,0.310271,0.319071,0.326115,0.55805,0.643352,0.882828,0.841859,0.779717,0.673741,0.577497,0.572686,0.916739,0.900895,-0.310717,0.688223,1.11489,1.2763,1.31768,-1.14905,1.02719,0.335578,1.01576,-1.39651,0.301547,0.39851,0.846896,0.245078,0.323158,0.509216,0.591984,0.671711,0.869625,0.568263,0.53089,-0.0588411,0.566592,0.698115,-0.953487,0.551175,0.320085,0.47857,1.33937,0.543224,-1.72357,-2.23471,0.883802,0.997079,0.705255,0.835497,0.47966,0.601671,0.987003,0.450439,-0.200015,0.507558,0.838149,1.34602,1.40097,-1.41324,1.05369,0.321316,1.23887,-1.65701,-0.313299,-0.222119,0.0611499,0.237715,0.48497,0.352993,0.286395,0.418526,0.649702,0.526208,0.39489,0.360479,0.784736,0.677472,1.30007,0.511441,0.395786,0.67967,0.341369,0.356939,0.0656106,0.30588,0.736675,0.600741,0.761624,0.442031,0.247951,0.758962,
3.48,0.747256,0.510977,0.55468,0.231403,0.670706,0.867191,-0.646786,0.364977,0.270593,0.31063,0.318521,0.325484,0.558395,0.642794,0.881795,0.840669,0.776541,0.673106,0.576035,0.571126,0.917181,0.900455,-0.312387,0.688584,1.11604,1.27634,1.31763,-1.15121,1.02776,0.335673,1.01628,-1.39738,0.300864,0.398219,0.848163,0.245388,0.322309,0.507855,0.590881,0.670697,0.869896,0.568781,0.530022,-0.0598445,0.566101,0.698206,-0.953824,0.552955,0.320603,0.479292,1.33946,0.542785,-1.72366,-2.23546,0.882735,0.995582,0.704097,0.834026,0.477806,0.599904,0.98684,0.450158,-0.201147,0.5077,0.838743,1.34601,1.40079,-1.41474,1.05411,0.320937,1.23936,-1.65747,-0.314054,-0.223423,0.0614351,0.238214,0.48449,0.351513,0.285562,0.418171,0.647711,0.524993,0.393694,0.359262,0.784651,0.677368,1.30022,0.509373,0.394309,0.680113,0.340318,0.35616,0.0658344,0.304887,0.736975,0.601246,0.762068,0.440603,0.247493,0.759372,
3.485,0.747601,0.511759,0.554101,0.230759,0.670267,0.867217,-0.647467,0.366337,0.270898,0.31098,0.318002,0.324885,0.558704,0.642178,0.880813,0.839546,0.776776,0.672528,0.574678,0.569674,0.917607,0.900005,-0.313934,0.688918,1.1171,1.27635,1.31763,-1.15323,1.02823,0.335527,1.01678,-1.39818,0.300229,0.397937,0.849396,0.24569,0.321507,0.506563,0.589794,0.669671,0.870143,0.569268,0.529216,-0.0607814,0.565637,0.698272,-0.954121,0.554657,0.321099,0.479981,1.33929,0.542321,-1.72376,-2.23617,0.881728,0.994171,0.702988,0.832654,0.476079,0.598257,0.986687,0.449897,-0.202204,0.507837,0.839282,1.34572,1.40043,-1.41616,1.05446,0.320571,1.23981,-1.65788,-0.314722,-0.224677,0.0617064,0.238692,0.48404,0.350122,0.284786,0.417843,0.645872,0.523855,0.392573,0.358122,0.784525,0.677267,1.30029,0.507469,0.392949,0.680518,0.339348,0.355435,0.0660443,0.303961,0.737219,0.601707,0.762451,0.439262,0.247077,0.759754,
3.49,0.747913,0.512478,0.553563,0.230159,0.669899,0.867237,-0.648098,0.367622,0.271193,0.311321,0.317517,0.324327,0.558983,0.641538,0.879907,0.838511,0.775718,0.672004,0.573426,0.56834,0.918011,0.899515,-0.315357,0.689233,1.11808,1.27637,1.31763,-1.1551,1.02863,0.3354,1.01723,-1.39891,0.299642,0.397666,0.850598,0.245984,0.320761,0.505347,0.588728,0.668637,0.870367,0.569721,0.528472,-0.0616503,0.565196,0.69833,-0.954379,0.556267,0.321573,0.480635,1.33907,0.541835,-1.72385,-2.23684,0.880791,0.992852,0.701978,0.831381,0.474485,0.596741,0.986546,0.449655,-0.203183,0.507967,0.839775,1.34537,1.40011,-1.4175,1.05476,0.320219,1.24023,-1.65824,-0.315292,-0.225874,0.0619635,0.239148,0.48363,0.348823,0.284068,0.417542,0.644189,0.522803,0.391537,0.357071,0.7844,0.67717,1.30035,0.505733,0.391709,0.680886,0.338466,0.354769,0.0662415,0.30311,0.737447,0.602124,0.762799,0.438015,0.246703,0.760104,
3.495,0.748189,0.513135,0.553067,0.229606,0.669578,0.867269,-0.648673,0.368829,0.271478,0.311649,0.317073,0.323812,0.55924,0.640939,0.879079,0.837569,0.774708,0.671531,0.572282,0.567124,0.91839,0.898981,-0.316657,0.68954,1.11897,1.27641,1.31765,-1.15683,1.02899,0.335269,1.01765,-1.39953,0.299102,0.397409,0.851772,0.246267,0.320077,0.504209,0.587691,0.667601,0.870572,0.570137,0.527791,-0.0624515,0.56477,0.698383,-0.954598,0.557773,0.322022,0.481251,1.3389,0.541346,-1.72394,-2.23747,0.879929,0.991639,0.701057,0.830208,0.473025,0.59536,0.986415,0.449432,-0.204084,0.508091,0.840227,1.34503,1.39993,-1.41876,1.05503,0.319885,1.2406,-1.65855,-0.315765,-0.22701,0.0622063,0.239581,0.483257,0.347618,0.283408,0.417268,0.642663,0.521841,0.390589,0.35611,0.784293,0.677077,1.3004,0.504161,0.390586,0.681218,0.337672,0.354162,0.066426,0.302334,0.737669,0.602499,0.763126,0.436868,0.246371,0.760422,
3.5,0.748437,0.513728,0.552615,0.229098,0.669234,0.867248,-0.649182,0.369954,0.271749,0.311964,0.316668,0.323342,0.559463,0.640324,0.878323,0.836718,0.773799,0.671107,0.571241,0.566022,0.918742,0.898552,-0.31784,0.689814,1.11977,1.27639,1.31759,-1.15842,1.02927,0.335136,1.01804,-1.40006,0.298609,0.397169,0.852923,0.246537,0.319454,0.503152,0.586692,0.666576,0.870755,0.570518,0.527171,-0.0631881,0.564333,0.698422,-0.954783,0.559163,0.322445,0.481827,1.33861,0.540831,-1.72402,-2.23805,0.879143,0.990527,0.700223,0.829131,0.471696,0.594113,0.986295,0.449226,-0.204907,0.508207,0.840635,1.3446,1.39969,-1.41992,1.05524,0.319572,1.24093,-1.65883,-0.316155,-0.228081,0.062435,0.239989,0.482925,0.346507,0.282804,0.417019,0.641288,0.520966,0.389727,0.355239,0.78416,0.67699,1.30039,0.502748,0.389574,0.681515,0.336962,0.353612,0.0665977,0.301633,0.73784,0.602834,0.763399,0.435821,0.246079,0.760707,
3.505,0.74866,0.514267,0.552204,0.228633,0.669044,0.867322,-0.649608,0.370999,0.272008,0.312264,0.316302,0.322916,0.559673,0.639798,0.877643,0.835956,0.772981,0.670736,0.570297,0.56503,0.919067,0.89833,-0.318912,0.690079,1.12049,1.27642,1.31763,-1.15989,1.02953,0.335002,1.01839,-1.40049,0.298166,0.396947,0.854056,0.246795,0.31889,0.502176,0.585739,0.665575,0.870925,0.570862,0.52661,-0.0638661,0.56382,0.698476,-0.954937,0.560431,0.322841,0.482364,1.33856,0.540346,-1.7241,-2.23859,0.878433,0.989519,0.699472,0.828141,0.470492,0.592995,0.986187,0.449036,-0.205659,0.508315,0.841015,1.34433,1.39971,-1.42099,1.05546,0.31928,1.24123,-1.65907,-0.316484,-0.229085,0.0626502,0.240371,0.48263,0.34549,0.282254,0.416794,0.640057,0.520176,0.388946,0.354455,0.784085,0.676908,1.30043,0.501485,0.388669,0.681783,0.336331,0.353116,0.0667568,0.301005,0.738054,0.603131,0.763689,0.434884,0.245825,0.760964,
3.51,0.748861,0.514746,0.551833,0.228209,0.668718,0.867256,-0.649943,0.371964,0.272252,0.312549,0.315972,0.322532,0.559846,0.639238,0.877034,0.835279,0.772249,0.670429,0.569445,0.564143,0.919362,0.898185,-0.319884,0.690322,1.12113,1.27638,1.31756,-1.16124,1.02971,0.334867,1.0187,-1.40084,0.297779,0.396748,0.855169,0.247039,0.318384,0.501277,0.584839,0.664611,0.871068,0.571173,0.526103,-0.0644941,0.563019,0.698499,-0.955063,0.56157,0.323212,0.482862,1.33825,0.539836,-1.72418,-2.23907,0.877793,0.988611,0.698801,0.827225,0.469404,0.591998,0.986089,0.448861,-0.206346,0.508414,0.841342,1.34386,1.39951,-1.42197,1.05562,0.319012,1.24148,-1.65928,-0.316763,-0.230018,0.0628528,0.240727,0.48237,0.34456,0.281751,0.416591,0.638957,0.519466,0.388245,0.353751,0.783952,0.676832,1.30038,0.500359,0.387859,0.682017,0.335773,0.352672,0.0669042,0.300446,0.738174,0.603393,0.763897,0.434062,0.245604,0.76119,
3.515,0.749041,0.515177,0.551498,0.227818,0.668535,0.86729,-0.650201,0.372854,0.272483,0.312818,0.315676,0.322186,0.56,0.638718,0.876493,0.834682,0.771597,0.670194,0.568674,0.563352,0.919632,0.898093,-0.320767,0.690535,1.12171,1.27637,1.31754,-1.16249,1.02988,0.334733,1.01899,-1.40114,0.297461,0.396572,0.856258,0.247268,0.317928,0.500451,0.583998,0.663694,0.871198,0.571451,0.525646,-0.0650722,0.562697,0.698533,-0.955164,0.562582,0.323558,0.483323,1.33809,0.539343,-1.72424,-2.23951,0.877221,0.987795,0.6982,0.826385,0.468419,0.591109,0.986001,0.448703,-0.206979,0.508504,0.841644,1.34353,1.39947,-1.42286,1.05577,0.318766,1.24171,-1.65945,-0.317001,-0.230873,0.0630437,0.241058,0.482144,0.343712,0.281291,0.416408,0.637968,0.518829,0.387616,0.353121,0.783862,0.676761,1.30036,0.499347,0.387128,0.682227,0.335278,0.352273,0.0670412,0.299948,0.738327,0.603627,0.76411,0.433344,0.245411,0.761391,
3.52,0.749203,0.515565,0.551197,0.227458,0.668349,0.867307,-0.650406,0.373675,0.2727,0.313071,0.315408,0.321873,0.56014,0.638242,0.876009,0.834152,0.771013,0.670019,0.567971,0.562643,0.919877,0.898017,-0.321577,0.690743,1.12222,1.27638,1.31755,-1.16365,1.03003,0.334602,1.01924,-1.40139,0.297216,0.396417,0.857314,0.247484,0.317516,0.49969,0.583217,0.662832,0.871313,0.571702,0.525231,-0.0656021,0.562534,0.698562,-0.955247,0.563474,0.32388,0.48375,1.33799,0.538875,-1.72431,-2.23992,0.876703,0.987061,0.697658,0.82562,0.467515,0.590312,0.985922,0.448559,-0.207557,0.508587,0.841917,1.34323,1.39948,-1.42368,1.05591,0.31854,1.24191,-1.65961,-0.317209,-0.231644,0.0632243,0.241366,0.481946,0.342935,0.280865,0.416241,0.637085,0.518256,0.387051,0.352554,0.783783,0.676695,1.30035,0.498445,0.386475,0.682414,0.334838,0.351914,0.0671697,0.299501,0.738461,0.603834,0.764301,0.432711,0.245242,0.761569,
3.525,0.749349,0.515914,0.550925,0.227129,0.668196,0.867339,-0.65057,0.374433,0.272905,0.31331,0.315166,0.321591,0.560273,0.637832,0.87558,0.833684,0.770494,0.66988,0.567324,0.562009,0.920098,0.897953,-0.322327,0.690955,1.12267,1.2764,1.31759,-1.1647,1.03019,0.33447,1.01947,-1.4016,0.297032,0.396281,0.858325,0.247688,0.317148,0.498985,0.582498,0.662032,0.871414,0.571926,0.524853,-0.0660855,0.562357,0.698587,-0.955309,0.564253,0.32418,0.484146,1.33794,0.538446,-1.72437,-2.24029,0.876241,0.986403,0.697174,0.824925,0.466686,0.589598,0.985848,0.44843,-0.20808,0.508663,0.842161,1.34296,1.39956,-1.42441,1.05604,0.318331,1.24208,-1.65974,-0.317384,-0.232321,0.0633954,0.241652,0.481772,0.342218,0.280473,0.416087,0.636275,0.517744,0.386544,0.352047,0.783722,0.676633,1.30035,0.497617,0.385872,0.682581,0.334448,0.351593,0.0672914,0.299101,0.738589,0.604022,0.764479,0.432153,0.245094,0.761726,
3.53,0.74948,0.516228,0.550677,0.226827,0.667977,0.867252,-0.65071,0.375138,0.273098,0.313535,0.314943,0.321331,0.560389,0.637427,0.875193,0.833264,0.770022,0.669759,0.566724,0.561429,0.9203,0.897894,-0.323022,0.691157,1.12309,1.27638,1.31759,-1.16568,1.03032,0.334341,1.01968,-1.40179,0.296881,0.396158,0.859279,0.247879,0.316806,0.498325,0.581836,0.661293,0.871494,0.572125,0.524503,-0.0665282,0.562197,0.698591,-0.955361,0.564933,0.324461,0.484513,1.33779,0.538033,-1.72442,-2.24064,0.875819,0.985803,0.696729,0.824292,0.465925,0.588951,0.985772,0.448314,-0.208556,0.508733,0.842361,1.34263,1.39953,-1.42507,1.05615,0.318136,1.24223,-1.65985,-0.31754,-0.232912,0.0635585,0.241919,0.481618,0.341547,0.280113,0.415946,0.635517,0.517275,0.386079,0.351585,0.783632,0.676573,1.3003,0.496843,0.385308,0.682731,0.334093,0.351299,0.0674085,0.298737,0.73867,0.604196,0.76461,0.431649,0.244963,0.761864,
