Moment_hip_adduction_l
version=1
nRows=462
nColumns=81
inDegrees=no

This analysis gathers basic information about muscles during a simulation (e.g., forces, tendon lengths, moment arms, etc).
Units are S.I. units (second, meters, Newtons, ...)
If the header above contains a line with 'inDegrees', this indicates whether rotational values are in degrees (yes) or radians (no).

endheader
time	addbrev_r	addlong_r	addmagDist_r	addmagIsch_r	addmagMid_r	addmagProx_r	bflh_r	bfsh_r	edl_r	ehl_r	fdl_r	fhl_r	gaslat_r	gasmed_r	glmax1_r	glmax2_r	glmax3_r	glmed1_r	glmed2_r	glmed3_r	glmin1_r	glmin2_r	glmin3_r	grac_r	iliacus_r	perbrev_r	perlong_r	piri_r	psoas_r	recfem_r	sart_r	semimem_r	semiten_r	soleus_r	tfl_r	tibant_r	tibpost_r	vasint_r	vaslat_r	vasmed_r	addbrev_l	addlong_l	addmagDist_l	addmagIsch_l	addmagMid_l	addmagProx_l	bflh_l	bfsh_l	edl_l	ehl_l	fdl_l	fhl_l	gaslat_l	gasmed_l	glmax1_l	glmax2_l	glmax3_l	glmed1_l	glmed2_l	glmed3_l	glmin1_l	glmin2_l	glmin3_l	grac_l	iliacus_l	perbrev_l	perlong_l	piri_l	psoas_l	recfem_l	sart_l	semimem_l	semiten_l	soleus_l	tfl_l	tibant_l	tibpost_l	vasint_l	vaslat_l	vasmed_l
      0.00500000	      0.00000000	      0.00000000	      0.00000000	      0.00000000	      0.00000000	      0.00000000	      0.00000000	      0.00000000	      0.00000000	      0.00000000	      0.00000000	      0.00000000	      0.00000000	      0.00000000	      0.00000000	      0.00000000	      0.00000000	      0.00000000	      0.00000000	      0.00000000	      0.00000000	      0.00000000	      0.00000000	      0.00000000	      0.00000000	      0.00000000	      0.00000000	      0.00000000	      0.00000000	      0.00000000	      0.00000000	      0.00000000	      0.00000000	      0.00000000	      0.00000000	      0.00000000	      0.00000000	      0.00000000	      0.00000000	      0.00000000	      0.75408701	    171.87292907	      0.26627842	     12.10275228	      0.40993488	      0.33106749	      0.00000000	      0.00000000	      0.00000000	      0.00000000	     -0.00000000	      0.00000000	     -0.00000000	      0.00000000	     -0.01603780	     -0.01509248	      0.19740351	     -0.04788064	     -0.04183578	     -0.05055324	     -0.06590720	     -0.00290978	     -0.00000000	      0.53837166	     -0.58808316	      0.00000000	      0.00000000	     -0.00000000	     -0.00192133	     -0.00000000	     -0.07787990	      0.00000000	     85.18956899	      0.00000000	     -8.65973662	      0.00000000	      0.00000000	      0.00000000	     -0.00000000	      0.00000000
      0.01000000	      0.00000000	      0.00000000	      0.00000000	      0.00000000	      0.00000000	      0.00000000	      0.00000000	      0.00000000	      0.00000000	      0.00000000	      0.00000000	      0.00000000	      0.00000000	      0.00000000	      0.00000000	      0.00000000	      0.00000000	      0.00000000	      0.00000000	      0.00000000	      0.00000000	      0.00000000	      0.00000000	      0.00000000	      0.00000000	      0.00000000	      0.00000000	      0.00000000	      0.00000000	      0.00000000	      0.00000000	      0.00000000	      0.00000000	      0.00000000	      0.00000000	      0.00000000	      0.00000000	      0.00000000	      0.00000000	      0.00000000	      0.82120891	    186.79219972	      0.27532102	     12.83365957	      0.41693824	      0.33150879	      0.00000000	      0.00000000	     -0.00000000	     -0.00000000	      0.00000000	     -0.00000000	     -0.00000000	      0.00000000	     -0.01679300	     -0.01477208	      0.21614630	     -0.04659069	     -0.04135838	     -0.05074663	     -0.03342420	     -0.00240665	     -0.00000000	      0.56851582	     -0.60809039	      0.00000000	      0.00000000	     -0.00000000	     -0.00503019	     -0.00000000	     -0.08800921	      0.00000000	     91.73527676	     -0.00000000	     -8.11266313	     -0.00000000	     -0.00000000	     -0.00000000	      0.00000000	     -0.00000000
      0.01500000	      0.00000000	      0.00000000	      0.00000000	      0.00000000	      0.00000000	      0.00000000	      0.00000000	      0.00000000	      0.00000000	      0.00000000	      0.00000000	      0.00000000	      0.00000000	      0.00000000	      0.00000000	      0.00000000	      0.00000000	      0.00000000	      0.00000000	      0.00000000	      0.00000000	      0.00000000	      0.00000000	      0.00000000	      0.00000000	      0.00000000	      0.00000000	      0.00000000	      0.00000000	      0.00000000	      0.00000000	      0.00000000	      0.00000000	      0.00000000	      0.00000000	      0.00000000	      0.00000000	      0.00000000	      0.00000000	      0.00000000	      0.88678073	    201.27246633	      0.28440875	     13.65657094	      0.42315172	      0.33142496	      0.00000000	     -0.00000000	      0.00000000	      0.00000000	      0.00000000	      0.00000000	     -0.00000000	      0.00000000	     -0.01753071	     -0.01439517	      0.23786426	     -0.04585896	     -0.04087612	     -0.05045588	     -0.02024381	     -0.00207343	     -0.00000000	      0.59980036	     -0.62900098	     -0.00000000	     -0.00000000	     -0.00000000	     -0.00943200	     -0.00000000	     -0.09808003	      0.00000000	     98.32965648	      0.00000000	     -7.53898395	      0.00000000	      0.00000000	     -0.00000000	     -0.00000000	     -0.00000000
      0.02000000	      0.00000000	      0.00000000	      0.00000000	      0.00000000	      0.00000000	      0.00000000	      0.00000000	      0.00000000	      0.00000000	      0.00000000	      0.00000000	      0.00000000	      0.00000000	      0.00000000	      0.00000000	      0.00000000	      0.00000000	      0.00000000	      0.00000000	      0.00000000	      0.00000000	      0.00000000	      0.00000000	      0.00000000	      0.00000000	      0.00000000	      0.00000000	      0.00000000	      0.00000000	      0.00000000	      0.00000000	      0.00000000	      0.00000000	      0.00000000	      0.00000000	      0.00000000	      0.00000000	      0.00000000	      0.00000000	      0.00000000	      0.95173424	    215.23624469	      0.29352592	     14.59572097	      0.42869949	      0.33084711	      0.00000000	      0.00000000	     -0.00000000	      0.00000000	      0.00000000	     -0.00000000	     -0.00000000	      0.00000000	     -0.01825334	     -0.01396110	      0.26255468	     -0.04605617	     -0.04037333	     -0.04965440	     -0.01984462	     -0.00180089	     -0.00000000	      0.63209395	     -0.65046357	      0.00000000	      0.00000000	     -0.00000000	     -0.01496696	     -0.00000000	     -0.10805795	      0.00000000	    104.97138870	     -0.00000000	     -6.94174271	     -0.00000000	     -0.00000000	      0.00000000	      0.00000000	      0.00000000
      0.02500000	      0.00000000	      0.00000000	      0.00000000	      0.00000000	      0.00000000	      0.00000000	      0.00000000	      0.00000000	      0.00000000	      0.00000000	      0.00000000	      0.00000000	      0.00000000	      0.00000000	      0.00000000	      0.00000000	      0.00000000	      0.00000000	      0.00000000	      0.00000000	      0.00000000	      0.00000000	      0.00000000	      0.00000000	      0.00000000	      0.00000000	      0.00000000	      0.00000000	      0.00000000	      0.00000000	      0.00000000	      0.00000000	      0.00000000	      0.00000000	      0.00000000	      0.00000000	      0.00000000	      0.00000000	      0.00000000	      0.00000000	      1.01696266	    228.61134773	      0.30266905	     15.67652301	      0.43368351	      0.32981365	      0.00000000	     -0.00000000	      0.00000000	      0.00000000	     -0.00000000	      0.00000000	     -0.00000000	      0.00000000	     -0.01896683	     -0.01347070	      0.29004717	     -0.04735578	     -0.03984443	     -0.04834238	     -0.02020401	     -0.00138675	     -0.00000000	      0.66520572	     -0.67206100	     -0.00000000	     -0.00000000	     -0.00000000	     -0.02143838	     -0.00000000	     -0.11790022	      0.00000000	    111.65395143	      0.00000000	     -6.32775979	     -0.00000000	     -0.00000000	      0.00000000	      0.00000000	      0.00000000
      0.03000000	      0.00000000	      0.00000000	      0.00000000	      0.00000000	      0.00000000	      0.00000000	      0.00000000	      0.00000000	      0.00000000	      0.00000000	      0.00000000	      0.00000000	      0.00000000	      0.00000000	      0.00000000	      0.00000000	      0.00000000	      0.00000000	      0.00000000	      0.00000000	      0.00000000	      0.00000000	      0.00000000	      0.00000000	      0.00000000	      0.00000000	      0.00000000	      0.00000000	      0.00000000	      0.00000000	      0.00000000	      0.00000000	      0.00000000	      0.00000000	      0.00000000	      0.00000000	      0.00000000	      0.00000000	      0.00000000	      0.00000000	      1.08323985	    241.33691385	      0.31183582	     16.92518269	      0.43819152	      0.32836918	      0.00000000	      0.00000000	      0.00000000	      0.00000000	      0.00000000	      0.00000000	     -0.00000000	      0.00000000	     -0.01968157	     -0.01292700	      0.31948902	     -0.04977811	     -0.03929777	     -0.04654796	     -0.02076241	     -0.00084430	     -0.00000000	      0.69889399	     -0.69331197	     -0.00000000	      0.00000000	     -0.00000000	     -0.02861335	     -0.00000000	     -0.12756020	      0.00000000	    118.36874432	      0.00000000	     -5.70960812	     -0.00000000	      0.00000000	      0.00000000	      0.00000000	      0.00000000
      0.03500000	      0.00000000	      0.00000000	      0.00000000	      0.00000000	      0.00000000	      0.00000000	      0.00000000	      0.00000000	      0.00000000	      0.00000000	      0.00000000	      0.00000000	      0.00000000	      0.00000000	      0.00000000	      0.00000000	      0.00000000	      0.00000000	      0.00000000	      0.00000000	      0.00000000	      0.00000000	      0.00000000	      0.00000000	      0.00000000	      0.00000000	      0.00000000	      0.00000000	      0.00000000	      0.00000000	      0.00000000	      0.00000000	      0.00000000	      0.00000000	      0.00000000	      0.00000000	      0.00000000	      0.00000000	      0.00000000	      0.00000000	      1.15125233	    253.36903423	      0.32103576	     18.36961627	      0.44229739	      0.32656313	      0.00000000	     -0.00000000	      0.00000000	      0.00000000	     -0.00000000	     -0.00000000	     -0.00000000	      0.00000000	     -0.02041319	     -0.01233550	      0.34914399	     -0.05330441	     -0.03875844	     -0.04432636	     -0.02144858	     -0.00031180	     -0.00000000	      0.73291299	     -0.71367615	     -0.00000000	      0.00000000	     -0.00000000	     -0.03622872	     -0.00000000	     -0.13699486	      0.00000000	    125.11169420	      0.00000000	     -5.10687920	      0.00000000	     -0.00000000	     -0.00000000	      0.00000000	      0.00000000
      0.04000000	      0.00000000	      0.00000000	      0.00000000	      0.00000000	      0.00000000	      0.00000000	      0.00000000	      0.00000000	      0.00000000	      0.00000000	      0.00000000	      0.00000000	      0.00000000	      0.00000000	      0.00000000	      0.00000000	      0.00000000	      0.00000000	      0.00000000	      0.00000000	      0.00000000	      0.00000000	      0.00000000	      0.00000000	      0.00000000	      0.00000000	      0.00000000	      0.00000000	      0.00000000	      0.00000000	      0.00000000	      0.00000000	      0.00000000	      0.00000000	      0.00000000	      0.00000000	      0.00000000	      0.00000000	      0.00000000	      0.00000000	      1.22152162	    264.66595956	      0.33029522	     20.03837223	      0.44607821	      0.32444924	      0.00000000	      0.00000000	     -0.00000000	      0.00000000	     -0.00000000	     -0.00000000	     -0.00000000	      0.00000000	     -0.02118285	     -0.01170580	      0.37774144	     -0.05790644	     -0.03827015	     -0.04175881	     -0.02211052	     -0.00000000	     -0.00000000	      0.76693592	     -0.73252455	      0.00000000	     -0.00000000	     -0.00000000	     -0.04398652	     -0.00000000	     -0.14615094	      0.00000000	    131.87557093	     -0.00000000	     -4.53888842	      0.00000000	     -0.00000000	      0.00000000	      0.00000000	      0.00000000
      0.04500000	      0.00000000	      0.00000000	      0.00000000	      0.00000000	      0.00000000	      0.00000000	      0.00000000	      0.00000000	      0.00000000	      0.00000000	      0.00000000	      0.00000000	      0.00000000	      0.00000000	      0.00000000	      0.00000000	      0.00000000	      0.00000000	      0.00000000	      0.00000000	      0.00000000	      0.00000000	      0.00000000	      0.00000000	      0.00000000	      0.00000000	      0.00000000	      0.00000000	      0.00000000	      0.00000000	      0.00000000	      0.00000000	      0.00000000	      0.00000000	      0.00000000	      0.00000000	      0.00000000	      0.00000000	      0.00000000	      0.00000000	      1.29447301	    275.20190598	      0.33963593	     21.96136843	      0.44960631	      0.32208468	      0.00000000	     -0.00000000	      0.00000000	      0.00000000	     -0.00000000	      0.00000000	     -0.00000000	      0.00000000	     -0.02201824	     -0.01105077	      0.40516389	     -0.06355155	     -0.03789424	     -0.03895174	     -0.02274065	     -0.00000000	     -0.00000000	      0.80062462	     -0.74917490	     -0.00000000	     -0.00000000	     -0.00000000	     -0.05157057	     -0.00000000	     -0.15497811	      0.00000000	    138.64770778	     -0.00000000	     -3.99338965	      0.00000000	     -0.00000000	     -0.00000000	     -0.00000000	     -0.00000000
      0.05000000	      0.00000000	      0.00000000	      0.00000000	      0.00000000	      0.00000000	      0.00000000	      0.00000000	      0.00000000	      0.00000000	      0.00000000	      0.00000000	      0.00000000	      0.00000000	      0.00000000	      0.00000000	      0.00000000	      0.00000000	      0.00000000	      0.00000000	      0.00000000	      0.00000000	      0.00000000	      0.00000000	      0.00000000	      0.00000000	      0.00000000	      0.00000000	      0.00000000	      0.00000000	      0.00000000	      0.00000000	      0.00000000	      0.00000000	      0.00000000	      0.00000000	      0.00000000	      0.00000000	      0.00000000	      0.00000000	      0.00000000	      1.37039101	    284.96037246	      0.34909340	     24.17167150	      0.45295750	      0.31952960	      0.00000000	      0.00000000	      0.00000000	     -0.00000000	      0.00000000	      0.00000000	     -0.00000000	      0.00000000	     -0.02295397	     -0.01038674	      0.43179741	     -0.07020620	     -0.03770741	     -0.03603355	     -0.02346058	     -0.00000000	     -0.00000000	      0.83361589	     -0.76292670	     -0.00000000	     -0.00000000	     -0.00000000	     -0.05865435	     -0.00000000	     -0.16342383	      0.00000000	    145.42924838	      0.00000000	     -3.43458595	      0.00000000	      0.00000000	      0.00000000	     -0.00000000	      0.00000000
      0.05500000	      0.00000000	      0.00000000	      0.00000000	      0.00000000	      0.00000000	      0.00000000	      0.00000000	      0.00000000	      0.00000000	      0.00000000	      0.00000000	      0.00000000	      0.00000000	      0.00000000	      0.00000000	      0.00000000	      0.00000000	      0.00000000	      0.00000000	      0.00000000	      0.00000000	      0.00000000	      0.00000000	      0.00000000	      0.00000000	      0.00000000	      0.00000000	      0.00000000	      0.00000000	      0.00000000	      0.00000000	      0.00000000	      0.00000000	      0.00000000	      0.00000000	      0.00000000	      0.00000000	      0.00000000	      0.00000000	      0.00000000	      1.44941999	    293.93474222	      0.35871010	     26.70371683	      0.45621131	      0.31684633	      0.00000000	      0.00000000	     -0.00000000	     -0.00000000	     -0.00000000	      0.00000000	     -0.00000000	      0.00000000	     -0.02403192	     -0.00973280	      0.45803461	     -0.07783526	     -0.03779733	     -0.03314723	     -0.02431417	     -0.00000000	     -0.00000000	      0.86553986	     -0.77316138	     -0.00000000	      0.00000000	     -0.00000000	     -0.06491816	     -0.00000000	     -0.17143445	      0.00000000	    152.17492806	     -0.00000000	     -2.86063636	     -0.00000000	     -0.00000000	      0.00000000	     -0.00000000	     -0.00000000
      0.06000000	      0.00000000	      0.00000000	      0.00000000	      0.00000000	      0.00000000	      0.00000000	      0.00000000	      0.00000000	      0.00000000	      0.00000000	      0.00000000	      0.00000000	      0.00000000	      0.00000000	      0.00000000	      0.00000000	      0.00000000	      0.00000000	      0.00000000	      0.00000000	      0.00000000	      0.00000000	      0.00000000	      0.00000000	      0.00000000	      0.00000000	      0.00000000	      0.00000000	      0.00000000	      0.00000000	      0.00000000	      0.00000000	      0.00000000	      0.00000000	      0.00000000	      0.00000000	      0.00000000	      0.00000000	      0.00000000	      0.00000000	      1.53156851	    302.12771511	      0.36853875	     29.59388436	      0.45944908	      0.31409805	      0.00000000	      0.00000000	      0.00000000	     -0.00000000	     -0.00000000	     -0.00000000	     -0.00000000	      0.00000000	     -0.02530081	     -0.00910977	      0.48416743	     -0.08640080	     -0.03825586	     -0.03044056	     -0.02531898	     -0.00000000	     -0.00000000	      0.89603514	     -0.77942159	     -0.00000000	     -0.00000000	     -0.00000000	     -0.07007193	     -0.00000000	     -0.17895505	      0.00000000	    158.96996392	     -0.00000000	     -2.29626109	     -0.00000000	      0.00000000	      0.00000000	     -0.00000000	      0.00000000
      0.06500000	      0.00000000	      0.00000000	      0.00000000	      0.00000000	      0.00000000	      0.00000000	      0.00000000	      0.00000000	      0.00000000	      0.00000000	      0.00000000	      0.00000000	      0.00000000	      0.00000000	      0.00000000	      0.00000000	      0.00000000	      0.00000000	      0.00000000	      0.00000000	      0.00000000	      0.00000000	      0.00000000	      0.00000000	      0.00000000	      0.00000000	      0.00000000	      0.00000000	      0.00000000	      0.00000000	      0.00000000	      0.00000000	      0.00000000	      0.00000000	      0.00000000	      0.00000000	      0.00000000	      0.00000000	      0.00000000	      0.00000000	      1.61672189	    309.55046864	      0.37862187	     32.88442909	      0.46275121	      0.31134813	      0.00000000	      0.00000000	      0.00000000	     -0.00000000	     -0.00000000	     -0.00000000	     -0.00000000	      0.00000000	     -0.02681433	     -0.00853973	      0.51039896	     -0.09585851	     -0.03917047	     -0.02805778	     -0.02648781	     -0.00000000	     -0.00000000	      0.92476569	     -0.78131945	      0.00000000	      0.00000000	     -0.00000000	     -0.07388225	     -0.00000000	     -0.18592891	      0.00000000	    165.76914810	      0.00000000	     -1.75436245	     -0.00000000	     -0.00000000	      0.00000000	      0.00000000	      0.00000000
      0.07000000	      0.00000000	      0.00000000	      0.00000000	      0.00000000	      0.00000000	      0.00000000	      0.00000000	      0.00000000	      0.00000000	      0.00000000	      0.00000000	      0.00000000	      0.00000000	      0.00000000	      0.00000000	      0.00000000	      0.00000000	      0.00000000	      0.00000000	      0.00000000	      0.00000000	      0.00000000	      0.00000000	      0.00000000	      0.00000000	      0.00000000	      0.00000000	      0.00000000	      0.00000000	      0.00000000	      0.00000000	      0.00000000	      0.00000000	      0.00000000	      0.00000000	      0.00000000	      0.00000000	      0.00000000	      0.00000000	      0.00000000	      1.70466195	    316.22174244	      0.38902825	     36.61817962	      0.46619362	      0.30865856	      0.00000000	      0.00000000	      0.00000000	     -0.00000000	      0.00000000	      0.00000000	     -0.00000000	      0.00000000	     -0.02862665	     -0.00804749	      0.53685947	     -0.10615513	     -0.04061677	     -0.02613443	     -0.02783136	     -0.00000000	     -0.00000000	      0.95143723	     -0.77848679	     -0.00000000	      0.00000000	     -0.00000000	     -0.07619411	     -0.00000000	     -0.19229631	      0.00000000	    172.57656114	     -0.00000000	     -1.22643608	      0.00000000	      0.00000000	     -0.00000000	     -0.00000000	     -0.00000000
      0.07500000	      0.00000000	      0.00000000	      0.00000000	      0.00000000	      0.00000000	      0.00000000	      0.00000000	      0.00000000	      0.00000000	      0.00000000	      0.00000000	      0.00000000	      0.00000000	      0.00000000	      0.00000000	      0.00000000	      0.00000000	      0.00000000	      0.00000000	      0.00000000	      0.00000000	      0.00000000	      0.00000000	      0.00000000	      0.00000000	      0.00000000	      0.00000000	      0.00000000	      0.00000000	      0.00000000	      0.00000000	      0.00000000	      0.00000000	      0.00000000	      0.00000000	      0.00000000	      0.00000000	      0.00000000	      0.00000000	      0.00000000	      1.79508865	    322.16679499	      0.39978606	     40.84171848	      0.46984494	      0.30608699	      0.00000000	     -0.00000000	     -0.00000000	     -0.00000000	     -0.00000000	     -0.00000000	     -0.00000000	      0.00000000	     -0.03078556	     -0.00766523	      0.56360418	     -0.11722880	     -0.04265917	     -0.02479451	     -0.02935764	     -0.00037777	     -0.00000000	      0.97581431	     -0.77070488	     -0.00000000	     -0.00000000	     -0.00000000	     -0.07693515	     -0.00000000	     -0.19799265	      0.00000000	    179.39766596	      0.00000000	     -0.70715489	     -0.00000000	     -0.00000000	     -0.00000000	     -0.00000000	     -0.00000000
      0.08000000	      0.00000000	      0.00000000	      0.00000000	      0.00000000	      0.00000000	      0.00000000	      0.00000000	      0.00000000	      0.00000000	      0.00000000	      0.00000000	      0.00000000	      0.00000000	      0.00000000	      0.00000000	      0.00000000	      0.00000000	      0.00000000	      0.00000000	      0.00000000	      0.00000000	      0.00000000	      0.00000000	      0.00000000	      0.00000000	      0.00000000	      0.00000000	      0.00000000	      0.00000000	      0.00000000	      0.00000000	      0.00000000	      0.00000000	      0.00000000	      0.00000000	      0.00000000	      0.00000000	      0.00000000	      0.00000000	      0.00000000	      1.88763955	    327.41629793	      0.41093408	     45.60517866	      0.47375188	      0.30368321	      0.00000000	     -0.00000000	     -0.00000000	     -0.00000000	      0.00000000	     -0.00000000	     -0.00000000	      0.00000000	     -0.03332629	     -0.00743396	      0.59059213	     -0.12901045	     -0.04536477	     -0.02414930	     -0.03107037	     -0.00161568	     -0.00000000	      0.99775337	     -0.75791855	     -0.00000000	      0.00000000	     -0.00000000	     -0.07610871	     -0.00000000	     -0.20294825	      0.00000000	    186.19772390	     -0.00000000	     -0.22632060	     -0.00000000	     -0.00000000	     -0.00000000	     -0.00000000	     -0.00000000
      0.08500000	      0.00000000	      0.00000000	      0.00000000	      0.00000000	      0.00000000	      0.00000000	      0.00000000	      0.00000000	      0.00000000	      0.00000000	      0.00000000	      0.00000000	      0.00000000	      0.00000000	      0.00000000	      0.00000000	      0.00000000	      0.00000000	      0.00000000	      0.00000000	      0.00000000	      0.00000000	      0.00000000	      0.00000000	      0.00000000	      0.00000000	      0.00000000	      0.00000000	      0.00000000	      0.00000000	      0.00000000	      0.00000000	      0.00000000	      0.00000000	      0.00000000	      0.00000000	      0.00000000	      0.00000000	      0.00000000	      0.00000000	      1.98190371	    332.00532165	      0.42248127	     50.95771278	      0.47794600	      0.30148590	      0.00000000	     -0.00000000	      0.00000000	      0.00000000	     -0.00000000	     -0.00000000	     -0.00000000	      0.00000000	     -0.03627157	     -0.00737599	      0.61764819	     -0.14142474	     -0.04881870	     -0.02429733	     -0.03296640	     -0.00328222	     -0.00000000	      1.01724748	     -0.74020630	      0.00000000	      0.00000000	     -0.00000000	     -0.07379816	     -0.00000000	     -0.20708691	      0.00000000	    192.87370903	      0.00000000	     -0.00015839	     -0.00000000	     -0.00000000	     -0.00000000	      0.00000000	      0.00000000
      0.09000000	      0.00000000	      0.00000000	      0.00000000	      0.00000000	      0.00000000	      0.00000000	      0.00000000	      0.00000000	      0.00000000	      0.00000000	      0.00000000	      0.00000000	      0.00000000	      0.00000000	      0.00000000	      0.00000000	      0.00000000	      0.00000000	      0.00000000	      0.00000000	      0.00000000	      0.00000000	      0.00000000	      0.00000000	      0.00000000	      0.00000000	      0.00000000	      0.00000000	      0.00000000	      0.00000000	      0.00000000	      0.00000000	      0.00000000	      0.00000000	      0.00000000	      0.00000000	      0.00000000	      0.00000000	      0.00000000	      0.00000000	      2.07742871	    335.97256022	      0.43439365	     56.94835702	      0.48241748	      0.29951962	      0.00000000	     -0.00000000	     -0.00000000	      0.00000000	     -0.00000000	     -0.00000000	     -0.00000000	      0.00000000	     -0.03958323	     -0.00753721	      0.64441690	     -0.15438963	     -0.05311878	     -0.02532556	     -0.03503341	     -0.00539306	     -0.00000000	      1.03446305	     -0.71774995	     -0.00000000	     -0.00000000	     -0.00000000	     -0.07015794	     -0.00000000	     -0.21032572	      0.00000000	    199.54900851	     -0.00000000	     -0.00000000	      0.00000000	     -0.00000000	     -0.00000000	     -0.00000000	      0.00000000
      0.09500000	      0.00000000	      0.00000000	      0.00000000	      0.00000000	      0.00000000	      0.00000000	      0.00000000	      0.00000000	      0.00000000	      0.00000000	      0.00000000	      0.00000000	      0.00000000	      0.00000000	      0.00000000	      0.00000000	      0.00000000	      0.00000000	      0.00000000	      0.00000000	      0.00000000	      0.00000000	      0.00000000	      0.00000000	      0.00000000	      0.00000000	      0.00000000	      0.00000000	      0.00000000	      0.00000000	      0.00000000	      0.00000000	      0.00000000	      0.00000000	      0.00000000	      0.00000000	      0.00000000	      0.00000000	      0.00000000	      0.00000000	      2.17372103	    339.35987255	      0.44662610	     63.61865795	      0.48715096	      0.29779250	      0.00000000	     -0.00000000	     -0.00000000	     -0.00000000	     -0.00000000	     -0.00000000	     -0.00000000	      0.00000000	     -0.04306100	     -0.00801797	      0.67034501	     -0.16781429	     -0.05835901	     -0.02731277	     -0.03724798	     -0.00793804	     -0.00000000	      1.04971052	     -0.69083469	     -0.00000000	     -0.00000000	     -0.00000000	     -0.06539462	     -0.00000000	     -0.21257630	      0.00000000	    206.21600753	     -0.00000000	     -0.00000000	     -0.00000000	     -0.00000000	     -0.00000000	     -0.00000000	     -0.00000000
      0.10000000	      0.00000000	      0.00000000	      0.00000000	      0.00000000	      0.00000000	      0.00000000	      0.00000000	      0.00000000	      0.00000000	      0.00000000	      0.00000000	      0.00000000	      0.00000000	      0.00000000	      0.00000000	      0.00000000	      0.00000000	      0.00000000	      0.00000000	      0.00000000	      0.00000000	      0.00000000	      0.00000000	      0.00000000	      0.00000000	      0.00000000	      0.00000000	      0.00000000	      0.00000000	      0.00000000	      0.00000000	      0.00000000	      0.00000000	      0.00000000	      0.00000000	      0.00000000	      0.00000000	      0.00000000	      0.00000000	      0.00000000	      2.27024181	    342.21213174	      0.45908112	     71.00354211	      0.49207187	      0.29629450	      0.00000000	     -0.00000000	     -0.00000000	      0.00000000	      0.00000000	     -0.00000000	     -0.00000000	      0.00000000	     -0.04659722	     -0.00892954	      0.69477521	     -0.18159199	     -0.06462664	     -0.03033644	     -0.03957511	     -0.01087508	     -0.00000000	      1.06334073	     -0.65986757	     -0.00000000	      0.00000000	     -0.00000000	     -0.05974370	     -0.00000000	     -0.21374781	      0.00000000	    212.85991781	     -0.00000000	     -0.00000000	     -0.00000000	      0.00000000	      0.00000000	     -0.00000000	      0.00000000
      0.10500000	      0.00000000	      0.00000000	      0.00000000	      0.00000000	      0.00000000	      0.00000000	      0.00000000	      0.00000000	      0.00000000	      0.00000000	      0.00000000	      0.00000000	      0.00000000	      0.00000000	      0.00000000	      0.00000000	      0.00000000	      0.00000000	      0.00000000	      0.00000000	      0.00000000	      0.00000000	      0.00000000	      0.00000000	      0.00000000	      0.00000000	      0.00000000	      0.00000000	      0.00000000	      0.00000000	      0.00000000	      0.00000000	      0.00000000	      0.00000000	      0.00000000	      0.00000000	      0.00000000	      0.00000000	      0.00000000	      0.00000000	      2.36640084	    344.57729449	      0.47163483	     79.12441147	      0.49709212	      0.29499662	      0.00000000	      0.00000000	     -0.00000000	      0.00000000	      0.00000000	     -0.00000000	     -0.00000000	      0.00000000	     -0.05029556	     -0.01038061	      0.71715870	     -0.19558338	     -0.07201776	     -0.03448574	     -0.04196957	     -0.01412641	     -0.00000000	      1.07564234	     -0.62538623	      0.00000000	     -0.00000000	     -0.00000000	     -0.05344534	     -0.00000000	     -0.21375000	      0.00000000	    219.45725983	     -0.00000000	     -0.00000000	     -0.00000000	     -0.00000000	     -0.00000000	     -0.00000000	      0.00000000
      0.11000000	      0.00000000	      0.00000000	      0.00000000	      0.00000000	      0.00000000	      0.00000000	      0.00000000	      0.00000000	      0.00000000	      0.00000000	      0.00000000	      0.00000000	      0.00000000	      0.00000000	      0.00000000	      0.00000000	      0.00000000	      0.00000000	      0.00000000	      0.00000000	      0.00000000	      0.00000000	      0.00000000	      0.00000000	      0.00000000	      0.00000000	      0.00000000	      0.00000000	      0.00000000	      0.00000000	      0.00000000	      0.00000000	      0.00000000	      0.00000000	      0.00000000	      0.00000000	      0.00000000	      0.00000000	      0.00000000	      0.00000000	      2.46155161	    346.50653803	      0.48411721	     87.98355090	      0.50206691	      0.29385034	      0.00000000	      0.00000000	     -0.00000000	     -0.00000000	      0.00000000	     -0.00000000	     -0.00000000	      0.00000000	     -0.05431787	     -0.01248500	      0.73717061	     -0.20958557	     -0.08066353	     -0.03988400	     -0.04437947	     -0.01758373	     -0.00000000	      1.08642541	     -0.58804490	      0.00000000	      0.00000000	     -0.00000000	     -0.04672222	     -0.00000000	     -0.21249944	      0.00000000	    225.97471611	      0.00000000	     -0.00000000	     -0.00000000	     -0.00000000	     -0.00000000	      0.00000000	      0.00000000
      0.11500000	      0.00000000	      0.00000000	      0.00000000	      0.00000000	      0.00000000	      0.00000000	      0.00000000	      0.00000000	      0.00000000	      0.00000000	      0.00000000	      0.00000000	      0.00000000	      0.00000000	      0.00000000	      0.00000000	      0.00000000	      0.00000000	      0.00000000	      0.00000000	      0.00000000	      0.00000000	      0.00000000	      0.00000000	      0.00000000	      0.00000000	      0.00000000	      0.00000000	      0.00000000	      0.00000000	      0.00000000	      0.00000000	      0.00000000	      0.00000000	      0.00000000	      0.00000000	      0.00000000	      0.00000000	      0.00000000	      0.00000000	      2.55499038	    348.05427767	      0.49633102	     97.56166876	      0.50691682	      0.29278668	      0.00000000	     -0.00000000	      0.00000000	      0.00000000	     -0.00000000	     -0.00000000	     -0.00000000	      0.00000000	     -0.05880072	     -0.01536710	      0.75461072	     -0.22329358	     -0.09075458	     -0.04672428	     -0.04675146	     -0.02113541	     -0.00000000	      1.09448099	     -0.54858021	      0.00000000	      0.00000000	     -0.00000000	     -0.03976148	     -0.00000000	     -0.20992804	      0.00000000	    232.36876868	     -0.00000000	     -0.00000000	     -0.00000000	     -0.00000000	      0.00000000	      0.00000000	     -0.00000000
      0.12000000	      0.00000000	      0.00000000	      0.00000000	      0.00000000	      0.00000000	      0.00000000	      0.00000000	      0.00000000	      0.00000000	      0.00000000	      0.00000000	      0.00000000	      0.00000000	      0.00000000	      0.00000000	      0.00000000	      0.00000000	      0.00000000	      0.00000000	      0.00000000	      0.00000000	      0.00000000	      0.00000000	      0.00000000	      0.00000000	      0.00000000	      0.00000000	      0.00000000	      0.00000000	      0.00000000	      0.00000000	      0.00000000	      0.00000000	      0.00000000	      0.00000000	      0.00000000	      0.00000000	      0.00000000	      0.00000000	      0.00000000	      2.64596072	    349.27788067	      0.50805783	    107.81390360	      0.51148108	      0.29171391	      0.00000000	     -0.00000000	      0.00000000	     -0.00000000	      0.00000000	      0.00000000	      0.00000000	      0.00000000	     -0.06384949	     -0.01916212	      0.76927936	     -0.23628311	     -0.10252656	     -0.05531397	     -0.04903705	     -0.02470522	     -0.00000000	      1.10105922	     -0.50776533	      0.00000000	      0.00000000	     -0.00000000	     -0.03270247	     -0.00000000	     -0.20598844	      0.00000000	    238.58606860	      0.00000000	     -0.00000000	      0.00000000	      0.00000000	      0.00000000	     -0.00000000	     -0.00000000
      0.12500000	      0.00000000	      0.00000000	      0.00000000	      0.00000000	      0.00000000	      0.00000000	      0.00000000	      0.00000000	      0.00000000	      0.00000000	      0.00000000	      0.00000000	      0.00000000	      0.00000000	      0.00000000	      0.00000000	      0.00000000	      0.00000000	      0.00000000	      0.00000000	      0.00000000	      0.00000000	      0.00000000	      0.00000000	      0.00000000	      0.00000000	      0.00000000	      0.00000000	      0.00000000	      0.00000000	      0.00000000	      0.00000000	      0.00000000	      0.00000000	      0.00000000	      0.00000000	      0.00000000	      0.00000000	      0.00000000	      0.00000000	      2.73366397	    350.23692368	      0.51905661	    118.66740212	      0.51550075	      0.29052001	      0.00000000	      0.00000000	      0.00000000	      0.00000000	      0.00000000	     -0.00000000	      0.00000000	     -0.00000000	     -0.06954495	     -0.02401164	      0.78094696	     -0.24805896	     -0.11611682	     -0.06606983	     -0.05119877	     -0.02825790	     -0.00000000	      1.10622687	     -0.46636119	      0.00000000	      0.00000000	     -0.00000000	     -0.02563137	     -0.00000000	     -0.20065932	      0.00000000	    244.56441279	      0.00000000	     -0.00000000	     -0.00000000	      0.00000000	      0.00000000	      0.00000000	     -0.00000000
      0.13000000	      0.00000000	      0.00000000	      0.00000000	      0.00000000	      0.00000000	      0.00000000	      0.00000000	      0.00000000	      0.00000000	      0.00000000	      0.00000000	      0.00000000	      0.00000000	      0.00000000	      0.00000000	      0.00000000	      0.00000000	      0.00000000	      0.00000000	      0.00000000	      0.00000000	      0.00000000	      0.00000000	      0.00000000	      0.00000000	      0.00000000	      0.00000000	      0.00000000	      0.00000000	      0.00000000	      0.00000000	      0.00000000	      0.00000000	      0.00000000	      0.00000000	      0.00000000	      0.00000000	      0.00000000	      0.00000000	      0.00000000	      2.81727458	    350.99189941	      0.52909535	    130.02193106	      0.51889338	      0.28910270	      0.00000000	      0.00000000	     -0.00000000	     -0.00000000	     -0.00000000	     -0.00000000	     -0.00000000	     -0.00000000	     -0.07594669	     -0.03005546	      0.78938093	     -0.25817847	     -0.13125352	     -0.07926178	     -0.05321522	     -0.03177803	     -0.00000000	      1.10999248	     -0.42507264	     -0.00000000	     -0.00000000	     -0.00000000	     -0.01858260	     -0.00000000	     -0.19394506	      0.00000000	    250.23439444	     -0.00000000	     -0.00000000	     -0.00000000	     -0.00000000	     -0.00000000	      0.00000000	     -0.00000000
      0.13500000	      0.00000000	      0.00000000	      0.00000000	      0.00000000	      0.00000000	      0.00000000	      0.00000000	      0.00000000	      0.00000000	      0.00000000	      0.00000000	      0.00000000	      0.00000000	      0.00000000	      0.00000000	      0.00000000	      0.00000000	      0.00000000	      0.00000000	      0.00000000	      0.00000000	      0.00000000	      0.00000000	      0.00000000	      0.00000000	      0.00000000	      0.00000000	      0.00000000	      0.00000000	      0.00000000	      0.00000000	      0.00000000	      0.00000000	      0.00000000	      0.00000000	      0.00000000	      0.00000000	      0.00000000	      0.00000000	      0.00000000	      2.89595739	    351.60235445	      0.53794268	    141.75153304	      0.52138252	      0.28741943	      0.00000000	      0.00000000	      0.00000000	     -0.00000000	      0.00000000	      0.00000000	      0.00000000	     -0.00000000	     -0.08309323	     -0.03742031	      0.79438390	     -0.26638564	     -0.14715034	     -0.09450365	     -0.05508413	     -0.03526102	     -0.00000000	      1.11231888	     -0.38451505	      0.00000000	      0.00000000	     -0.00000000	     -0.01154615	     -0.00000000	     -0.18587999	      0.00000000	    255.52161675	      0.00000000	     -0.00000000	      0.00000000	     -0.00000000	      0.00000000	     -0.00000000	     -0.00000000
      0.14000000	      0.00000000	      0.00000000	      0.00000000	      0.00000000	      0.00000000	      0.00000000	      0.00000000	      0.00000000	      0.00000000	      0.00000000	      0.00000000	      0.00000000	      0.00000000	      0.00000000	      0.00000000	      0.00000000	      0.00000000	      0.00000000	      0.00000000	      0.00000000	      0.00000000	      0.00000000	      0.00000000	      0.00000000	      0.00000000	      0.00000000	      0.00000000	      0.00000000	      0.00000000	      0.00000000	      0.00000000	      0.00000000	      0.00000000	      0.00000000	      0.00000000	      0.00000000	      0.00000000	      0.00000000	      0.00000000	      0.00000000	      2.96888257	    352.12452765	      0.54539765	    153.70863492	      0.52254569	      0.28547935	      0.00000000	      0.00000000	     -0.00000000	     -0.00000000	      0.00000000	     -0.00000000	      0.00000000	     -0.00000000	     -0.09100062	     -0.04620665	      0.79582507	     -0.27267465	     -0.16294570	     -0.11074843	     -0.05682330	     -0.03871727	     -0.00000000	      1.11314227	     -0.34519464	      0.00000000	      0.00000000	     -0.00000000	     -0.00447904	     -0.00000000	     -0.17653095	      0.00000000	    260.35001609	     -0.00000000	     -0.00000000	      0.00000000	     -0.00000000	     -0.00000000	      0.00000000	     -0.00000000
      0.14500000	      0.00000000	      0.00000000	      0.00000000	      0.00000000	      0.00000000	      0.00000000	      0.00000000	      0.00000000	      0.00000000	      0.00000000	      0.00000000	      0.00000000	      0.00000000	      0.00000000	      0.00000000	      0.00000000	      0.00000000	      0.00000000	      0.00000000	      0.00000000	      0.00000000	      0.00000000	      0.00000000	      0.00000000	      0.00000000	      0.00000000	      0.00000000	      0.00000000	      0.00000000	      0.00000000	      0.00000000	      0.00000000	      0.00000000	      0.00000000	      0.00000000	      0.00000000	      0.00000000	      0.00000000	      0.00000000	      0.00000000	      3.03523199	    352.60864567	      0.55128027	    165.73023441	      0.52229832	      0.28329665	      0.00000000	     -0.00000000	     -0.00000000	     -0.00000000	     -0.00000000	     -0.00000000	      0.00000000	     -0.00000000	     -0.09966080	     -0.05647559	      0.79365989	     -0.27726681	     -0.17732517	     -0.12552308	     -0.05846931	     -0.04217748	     -0.00000000	      1.11237686	     -0.30750309	     -0.00000000	     -0.00000000	     -0.00000000	      0.00268108	     -0.00000000	     -0.16599392	      0.00000000	    264.64543380	      0.00000000	     -0.00000000	     -0.00000000	      0.00000000	     -0.00000000	     -0.00000000	     -0.00000000
      0.15000000	      0.00000000	      0.00000000	      0.00000000	      0.00000000	      0.00000000	      0.00000000	      0.00000000	      0.00000000	      0.00000000	      0.00000000	      0.00000000	      0.00000000	      0.00000000	      0.00000000	      0.00000000	      0.00000000	      0.00000000	      0.00000000	      0.00000000	      0.00000000	      0.00000000	      0.00000000	      0.00000000	      0.00000000	      0.00000000	      0.00000000	      0.00000000	      0.00000000	      0.00000000	      0.00000000	      0.00000000	      0.00000000	      0.00000000	      0.00000000	      0.00000000	      0.00000000	      0.00000000	      0.00000000	      0.00000000	      0.00000000	      3.09418904	    353.09610453	      0.55542249	    177.64531693	      0.51981737	      0.28087326	      0.00000000	      0.00000000	      0.00000000	     -0.00000000	      0.00000000	      0.00000000	     -0.00000000	     -0.00000000	     -0.10904107	     -0.06824016	      0.78793784	     -0.28054173	     -0.18929236	     -0.13839006	     -0.06007464	     -0.04569549	     -0.00000000	      1.10992901	     -0.27172435	     -0.00000000	      0.00000000	     -0.00000000	      0.01000229	     -0.00000000	     -0.15439213	      0.00000000	    268.33928792	      0.00000000	     -0.00000000	      0.00000000	      0.00000000	     -0.00000000	      0.00000000	      0.00000000
      0.15500000	      0.00000000	      0.00000000	      0.00000000	      0.00000000	      0.00000000	      0.00000000	      0.00000000	      0.00000000	      0.00000000	      0.00000000	      0.00000000	      0.00000000	      0.00000000	      0.00000000	      0.00000000	      0.00000000	      0.00000000	      0.00000000	      0.00000000	      0.00000000	      0.00000000	      0.00000000	      0.00000000	      0.00000000	      0.00000000	      0.00000000	      0.00000000	      0.00000000	      0.00000000	      0.00000000	      0.00000000	      0.00000000	      0.00000000	      0.00000000	      0.00000000	      0.00000000	      0.00000000	      0.00000000	      0.00000000	      0.00000000	      3.14490222	    353.61680455	      0.55758092	    189.28285734	      0.51611052	      0.27820015	      0.00000000	      0.00000000	      0.00000000	     -0.00000000	     -0.00000000	      0.00000000	      0.00000000	     -0.00000000	     -0.11908580	     -0.08146560	      0.77879984	     -0.28296325	     -0.19953566	     -0.15066196	     -0.06170371	     -0.04934903	     -0.00000000	      1.10571290	     -0.23804998	     -0.00000000	      0.00000000	     -0.00000000	      0.01754615	     -0.00000000	     -0.14187390	      0.00000000	    271.37223471	      0.00000000	     -0.00000000	     -0.00000000	     -0.00000000	     -0.00000000	     -0.00000000	     -0.00000000
      0.16000000	      0.00000000	      0.00000000	      0.00000000	      0.00000000	      0.00000000	      0.00000000	      0.00000000	      0.00000000	      0.00000000	      0.00000000	      0.00000000	      0.00000000	      0.00000000	      0.00000000	      0.00000000	      0.00000000	      0.00000000	      0.00000000	      0.00000000	      0.00000000	      0.00000000	      0.00000000	      0.00000000	      0.00000000	      0.00000000	      0.00000000	      0.00000000	      0.00000000	      0.00000000	      0.00000000	      0.00000000	      0.00000000	      0.00000000	      0.00000000	      0.00000000	      0.00000000	      0.00000000	      0.00000000	      0.00000000	      0.00000000	      3.18642130	    354.18690774	      0.55723056	    200.47964153	      0.51144177	      0.27525784	      0.00000000	     -0.00000000	      0.00000000	      0.00000000	     -0.00000000	     -0.00000000	      0.00000000	     -0.00000000	     -0.12972113	     -0.09607792	      0.76646793	     -0.28501786	     -0.20892913	     -0.16304799	     -0.06342871	     -0.05323964	     -0.00000000	      1.09966254	     -0.20659853	      0.00000000	     -0.00000000	     -0.00000000	      0.02535819	     -0.00000000	     -0.12861523	      0.00000000	    273.69724526	      0.00000000	     -0.00000000	      0.00000000	      0.00000000	      0.00000000	      0.00000000	     -0.00000000
      0.16500000	      0.00000000	      0.00000000	      0.00000000	      0.00000000	      0.00000000	      0.00000000	      0.00000000	      0.00000000	      0.00000000	      0.00000000	      0.00000000	      0.00000000	      0.00000000	      0.00000000	      0.00000000	      0.00000000	      0.00000000	      0.00000000	      0.00000000	      0.00000000	      0.00000000	      0.00000000	      0.00000000	      0.00000000	      0.00000000	      0.00000000	      0.00000000	      0.00000000	      0.00000000	      0.00000000	      0.00000000	      0.00000000	      0.00000000	      0.00000000	      0.00000000	      0.00000000	      0.00000000	      0.00000000	      0.00000000	      0.00000000	      3.21769048	    354.80725169	      0.55401855	    211.08724331	      0.50594573	      0.27201183	      0.00000000	      0.00000000	     -0.00000000	     -0.00000000	     -0.00000000	     -0.00000000	     -0.00000000	     -0.00000000	     -0.14086142	     -0.11197228	      0.75122657	     -0.28716891	     -0.21798821	     -0.17584167	     -0.06532600	     -0.05749299	     -0.00000000	      1.09174296	     -0.17743493	     -0.00000000	     -0.00000000	     -0.00000000	      0.03346142	     -0.00000000	     -0.11481406	      0.00000000	    275.28196137	     -0.00000000	     -0.00000000	     -0.00000000	     -0.00000000	     -0.00000000	     -0.00000000	      0.00000000
      0.17000000	      0.00000000	      0.00000000	      0.00000000	      0.00000000	      0.00000000	      0.00000000	      0.00000000	      0.00000000	      0.00000000	      0.00000000	      0.00000000	      0.00000000	      0.00000000	      0.00000000	      0.00000000	      0.00000000	      0.00000000	      0.00000000	      0.00000000	      0.00000000	      0.00000000	      0.00000000	      0.00000000	      0.00000000	      0.00000000	      0.00000000	      0.00000000	      0.00000000	      0.00000000	      0.00000000	      0.00000000	      0.00000000	      0.00000000	      0.00000000	      0.00000000	      0.00000000	      0.00000000	      0.00000000	      0.00000000	      0.00000000	      3.23796664	    355.46258689	      0.54865982	    220.97764341	      0.49971791	      0.26840227	      0.00000000	      0.00000000	      0.00000000	      0.00000000	      0.00000000	      0.00000000	      0.00000000	     -0.00000000	     -0.15241487	     -0.12901613	      0.73339781	     -0.28982539	     -0.22698567	     -0.18916417	     -0.06747421	     -0.06226115	     -0.00000000	      1.08195768	     -0.15058718	      0.00000000	      0.00000000	     -0.00000000	      0.04185309	     -0.00000000	     -0.10068176	      0.00000000	    276.11038324	      0.00000000	     -0.00000000	      0.00000000	      0.00000000	      0.00000000	     -0.00000000	      0.00000000
      0.17500000	      0.00000000	      0.00000000	      0.00000000	      0.00000000	      0.00000000	      0.00000000	      0.00000000	      0.00000000	      0.00000000	      0.00000000	      0.00000000	      0.00000000	      0.00000000	      0.00000000	      0.00000000	      0.00000000	      0.00000000	      0.00000000	      0.00000000	      0.00000000	      0.00000000	      0.00000000	      0.00000000	      0.00000000	      0.00000000	      0.00000000	      0.00000000	      0.00000000	      0.00000000	      0.00000000	      0.00000000	      0.00000000	      0.00000000	      0.00000000	      0.00000000	      0.00000000	      0.00000000	      0.00000000	      0.00000000	      0.00000000	      3.24762445	    356.12171293	      0.54178325	    230.04701356	      0.49359947	      0.26432615	      0.00000000	      0.00000000	      0.00000000	      0.00000000	      0.00000000	      0.00000000	     -0.00000000	      0.00000000	     -0.16428604	     -0.14704980	      0.71332597	     -0.29332364	     -0.23606652	     -0.20305789	     -0.06995471	     -0.06772544	     -0.00000000	      1.07035061	     -0.12605926	      0.00000000	      0.00000000	     -0.00000000	      0.05050430	     -0.00000000	     -0.08643625	      0.00000000	    276.18369270	     -0.00000000	     -0.00000000	      0.00000000	      0.00000000	      0.00000000	      0.00000000	      0.00000000
      0.18000000	      0.00000000	      0.00000000	      0.00000000	      0.00000000	      0.00000000	      0.00000000	      0.00000000	      0.00000000	      0.00000000	      0.00000000	      0.00000000	      0.00000000	      0.00000000	      0.00000000	      0.00000000	      0.00000000	      0.00000000	      0.00000000	      0.00000000	      0.00000000	      0.00000000	      0.00000000	      0.00000000	      0.00000000	      0.00000000	      0.00000000	      0.00000000	      0.00000000	      0.00000000	      0.00000000	      0.00000000	      0.00000000	      0.00000000	      0.00000000	      0.00000000	      0.00000000	      0.00000000	      0.00000000	      0.00000000	      0.00000000	      3.24748987	    356.73849618	      0.53370854	    238.21849531	      0.49415442	      0.25960924	      0.00000000	      0.00000000	     -0.00000000	      0.00000000	     -0.00000000	     -0.00000000	      0.00000000	      0.00000000	     -0.17637572	     -0.16588793	      0.69134913	     -0.29791871	     -0.24530558	     -0.21752234	     -0.07285415	     -0.07409195	     -0.00000000	      1.05700425	     -0.10384119	      0.00000000	     -0.00000000	     -0.00000000	      0.05936203	     -0.00000000	     -0.07292313	      0.00000000	    275.52022010	     -0.00000000	     -0.00000000	     -0.00000000	     -0.00000000	      0.00000000	      0.00000000	      0.00000000
      0.18500000	      0.00000000	      0.00000000	      0.00000000	      0.00000000	      0.00000000	      0.00000000	      0.00000000	      0.00000000	      0.00000000	      0.00000000	      0.00000000	      0.00000000	      0.00000000	      0.00000000	      0.00000000	      0.00000000	      0.00000000	      0.00000000	      0.00000000	      0.00000000	      0.00000000	      0.00000000	      0.00000000	      0.00000000	      0.00000000	      0.00000000	      0.00000000	      0.00000000	      0.00000000	      0.00000000	      0.00000000	      0.00000000	      0.00000000	      0.00000000	      0.00000000	      0.00000000	      0.00000000	      0.00000000	      0.00000000	      0.00000000	      3.23772328	    357.25367530	      0.52464716	    245.44125340	      0.50506555	      0.25396822	      0.00000000	      0.00000000	     -0.00000000	     -0.00000000	      0.00000000	     -0.00000000	     -0.00000000	     -0.00000000	     -0.18857984	     -0.18532263	      0.66773989	     -0.30377899	     -0.25473424	     -0.23252925	     -0.07626740	     -0.08155678	     -0.00000000	      1.04203457	     -0.08391746	      0.00000000	      0.00000000	     -0.00000000	      0.06835300	     -0.00000000	     -0.06302949	      0.00000000	    274.15448573	     -0.00000000	     -0.00000000	      0.00000000	     -0.00000000	     -0.00000000	      0.00000000	      0.00000000
      0.19000000	      0.00000000	      0.00000000	      0.00000000	      0.00000000	      0.00000000	      0.00000000	      0.00000000	      0.00000000	      0.00000000	      0.00000000	      0.00000000	      0.00000000	      0.00000000	      0.00000000	      0.00000000	      0.00000000	      0.00000000	      0.00000000	      0.00000000	      0.00000000	      0.00000000	      0.00000000	      0.00000000	      0.00000000	      0.00000000	      0.00000000	      0.00000000	      0.00000000	      0.00000000	      0.00000000	      0.00000000	      0.00000000	      0.00000000	      0.00000000	      0.00000000	      0.00000000	      0.00000000	      0.00000000	      0.00000000	      0.00000000	      3.21839345	    357.59730566	      0.51535261	    251.69091131	      0.52290471	      0.24699180	      0.00000000	      0.00000000	      0.00000000	      0.00000000	      0.00000000	      0.00000000	      0.00000000	      0.00000000	     -0.20078902	     -0.20512758	      0.64249827	     -0.31092479	     -0.26435297	     -0.24802931	     -0.08029671	     -0.09021625	     -0.00000000	      1.02558149	     -0.06627178	      0.00000000	      0.00000000	     -0.00000000	      0.07738863	     -0.00000000	     -0.05779069	      0.00000000	    272.13563066	      0.00000000	     -0.00000000	      0.00000000	      0.00000000	      0.00000000	      0.00000000	      0.00000000
      0.19500000	      0.00000000	      0.00000000	      0.00000000	      0.00000000	      0.00000000	      0.00000000	      0.00000000	      0.00000000	      0.00000000	      0.00000000	      0.00000000	      0.00000000	      0.00000000	      0.00000000	      0.00000000	      0.00000000	      0.00000000	      0.00000000	      0.00000000	      0.00000000	      0.00000000	      0.00000000	      0.00000000	      0.00000000	      0.00000000	      0.00000000	      0.00000000	      0.00000000	      0.00000000	      0.00000000	      0.00000000	      0.00000000	      0.00000000	      0.00000000	      0.00000000	      0.00000000	      0.00000000	      0.00000000	      0.00000000	      0.00000000	      3.18954180	    357.69166175	      0.51375129	    256.96578790	      0.54404210	      0.23827090	      0.00000000	      0.00000000	     -0.00000000	     -0.00000000	     -0.00000000	     -0.00000000	     -0.00000000	      0.00000000	     -0.21288908	     -0.22506270	      0.61506967	     -0.31913340	     -0.27413676	     -0.26395533	     -0.08503984	     -0.09996540	     -0.00000000	      1.00779966	     -0.05088295	      0.00000000	      0.00000000	     -0.00000000	      0.08637063	     -0.00000000	     -0.05685593	      0.00000000	    269.52542525	     -0.00000000	     -0.00000000	     -0.00000000	     -0.00000000	      0.00000000	      0.00000000	      0.00000000
      0.20000000	      0.00000000	      0.00000000	      0.00000000	      0.00000000	      0.00000000	      0.00000000	      0.00000000	      0.00000000	      0.00000000	      0.00000000	      0.00000000	      0.00000000	      0.00000000	      0.00000000	      0.00000000	      0.00000000	      0.00000000	      0.00000000	      0.00000000	      0.00000000	      0.00000000	      0.00000000	      0.00000000	      0.00000000	      0.00000000	      0.00000000	      0.00000000	      0.00000000	      0.00000000	      0.00000000	      0.00000000	      0.00000000	      0.00000000	      0.00000000	      0.00000000	      0.00000000	      0.00000000	      0.00000000	      0.00000000	      0.00000000	      3.15114601	    357.45440457	      0.52557981	    261.28785967	      0.56282776	      0.22785460	      0.00000000	     -0.00000000	     -0.00000000	     -0.00000000	     -0.00000000	      0.00000000	      0.00000000	      0.00000000	     -0.22476228	     -0.24487903	      0.58610305	     -0.32791034	     -0.28403700	     -0.28022337	     -0.09055814	     -0.11050885	     -0.00000000	      0.98884991	     -0.03771368	     -0.00000000	     -0.00000000	     -0.00000000	      0.09519659	     -0.00000000	     -0.05853363	      0.00000000	    266.39600959	      0.00000000	     -0.00000000	     -0.00000000	     -0.00000000	     -0.00000000	     -0.00000000	     -0.00000000
      0.20500000	      0.00000000	      0.00000000	      0.00000000	      0.00000000	      0.00000000	      0.00000000	      0.00000000	      0.00000000	      0.00000000	      0.00000000	      0.00000000	      0.00000000	      0.00000000	      0.00000000	      0.00000000	      0.00000000	      0.00000000	      0.00000000	      0.00000000	      0.00000000	      0.00000000	      0.00000000	      0.00000000	      0.00000000	      0.00000000	      0.00000000	      0.00000000	      0.00000000	      0.00000000	      0.00000000	      0.00000000	      0.00000000	      0.00000000	      0.00000000	      0.00000000	      0.00000000	      0.00000000	      0.00000000	      0.00000000	      0.00000000	      3.10316273	    356.80182029	      0.54707449	    264.69327767	      0.57647978	      0.21654085	      0.00000000	     -0.00000000	      0.00000000	      0.00000000	     -0.00000000	      0.00000000	      0.00000000	      0.00000000	     -0.23628912	     -0.26432356	      0.55705810	     -0.33662659	     -0.29398201	     -0.29673248	     -0.09682953	     -0.12072360	     -0.00000000	      0.96889377	     -0.02672518	      0.00000000	      0.00000000	     -0.00000000	      0.10376548	     -0.00000000	     -0.06075305	      0.00000000	    262.82754635	      0.00000000	     -0.00000000	      0.00000000	      0.00000000	      0.00000000	      0.00000000	      0.00000000
      0.21000000	      0.00000000	      0.00000000	      0.00000000	      0.00000000	      0.00000000	      0.00000000	      0.00000000	      0.00000000	      0.00000000	      0.00000000	      0.00000000	      0.00000000	      0.00000000	      0.00000000	      0.00000000	      0.00000000	      0.00000000	      0.00000000	      0.00000000	      0.00000000	      0.00000000	      0.00000000	      0.00000000	      0.00000000	      0.00000000	      0.00000000	      0.00000000	      0.00000000	      0.00000000	      0.00000000	      0.00000000	      0.00000000	      0.00000000	      0.00000000	      0.00000000	      0.00000000	      0.00000000	      0.00000000	      0.00000000	      0.00000000	      3.04560222	    355.65194770	      0.57206875	    267.23370230	      0.58419841	      0.20513157	      0.00000000	     -0.00000000	      0.00000000	      0.00000000	     -0.00000000	      0.00000000	     -0.00000000	      0.00000000	     -0.24735021	     -0.28314401	      0.52859048	     -0.34481761	     -0.30387899	     -0.31336243	     -0.10372460	     -0.12908899	     -0.00000000	      0.94808349	     -0.01849199	      0.00000000	      0.00000000	     -0.00000000	      0.11198248	     -0.00000000	     -0.06309150	      0.00000000	    258.90580832	     -0.00000000	     -0.00000000	      0.00000000	     -0.00000000	      0.00000000	      0.00000000	     -0.00000000
      0.21500000	      0.00000000	      0.00000000	      0.00000000	      0.00000000	      0.00000000	      0.00000000	      0.00000000	      0.00000000	      0.00000000	      0.00000000	      0.00000000	      0.00000000	      0.00000000	      0.00000000	      0.00000000	      0.00000000	      0.00000000	      0.00000000	      0.00000000	      0.00000000	      0.00000000	      0.00000000	      0.00000000	      0.00000000	      0.00000000	      0.00000000	      0.00000000	      0.00000000	      0.00000000	      0.00000000	      0.00000000	      0.00000000	      0.00000000	      0.00000000	      0.00000000	      0.00000000	      0.00000000	      0.00000000	      0.00000000	      0.00000000	      2.97858854	    353.92744621	      0.59332988	    268.97139688	      0.58519644	      0.19390770	      0.00000000	     -0.00000000	      0.00000000	     -0.00000000	     -0.00000000	     -0.00000000	     -0.00000000	      0.00000000	     -0.25782822	     -0.30109320	      0.50101773	     -0.35234568	     -0.31362202	     -0.32996895	     -0.11102455	     -0.13600088	     -0.00000000	      0.92655733	     -0.01349839	      0.00000000	      0.00000000	     -0.00000000	      0.11976323	     -0.00000000	     -0.06555783	      0.00000000	    254.71965631	     -0.00000000	     -0.00000000	      0.00000000	     -0.00000000	      0.00000000	      0.00000000	      0.00000000
      0.22000000	      0.00000000	      0.00000000	      0.00000000	      0.00000000	      0.00000000	      0.00000000	      0.00000000	      0.00000000	      0.00000000	      0.00000000	      0.00000000	      0.00000000	      0.00000000	      0.00000000	      0.00000000	      0.00000000	      0.00000000	      0.00000000	      0.00000000	      0.00000000	      0.00000000	      0.00000000	      0.00000000	      0.00000000	      0.00000000	      0.00000000	      0.00000000	      0.00000000	      0.00000000	      0.00000000	      0.00000000	      0.00000000	      0.00000000	      0.00000000	      0.00000000	      0.00000000	      0.00000000	      0.00000000	      0.00000000	      0.00000000	      2.90239509	    351.55811527	      0.60916149	    269.97581000	      0.57807108	      0.18309467	      0.00000000	      0.00000000	      0.00000000	     -0.00000000	      0.00000000	      0.00000000	     -0.00000000	     -0.00000000	     -0.26760982	     -0.31793348	      0.47550803	     -0.35931212	     -0.32310889	     -0.34637456	     -0.11794454	     -0.14226350	     -0.00000000	      0.90443904	     -0.01070431	      0.00000000	      0.00000000	     -0.00000000	      0.12703724	     -0.00000000	     -0.06817443	      0.00000000	    250.35876398	     -0.00000000	     -0.00000000	      0.00000000	      0.00000000	      0.00000000	     -0.00000000	     -0.00000000
      0.22500000	      0.00000000	      0.00000000	      0.00000000	      0.00000000	      0.00000000	      0.00000000	      0.00000000	      0.00000000	      0.00000000	      0.00000000	      0.00000000	      0.00000000	      0.00000000	      0.00000000	      0.00000000	      0.00000000	      0.00000000	      0.00000000	      0.00000000	      0.00000000	      0.00000000	      0.00000000	      0.00000000	      0.00000000	      0.00000000	      0.00000000	      0.00000000	      0.00000000	      0.00000000	      0.00000000	      0.00000000	      0.00000000	      0.00000000	      0.00000000	      0.00000000	      0.00000000	      0.00000000	      0.00000000	      0.00000000	      0.00000000	      2.81746283	    348.48303870	      0.61952808	    270.32038492	      0.56134404	      0.17288665	      0.00000000	     -0.00000000	     -0.00000000	      0.00000000	     -0.00000000	     -0.00000000	     -0.00000000	     -0.00000000	     -0.27658768	     -0.33344128	      0.46197650	     -0.36590804	     -0.33226157	     -0.36235446	     -0.12342954	     -0.14833047	     -0.00000000	      0.88183850	     -0.00886045	      0.00000000	      0.00000000	     -0.00000000	      0.13375031	     -0.00000000	     -0.07097259	      0.00000000	    245.91141534	     -0.00000000	     -0.00000000	     -0.00000000	     -0.00000000	     -0.00000000	      0.00000000	     -0.00000000
      0.23000000	      0.00000000	      0.00000000	      0.00000000	      0.00000000	      0.00000000	      0.00000000	      0.00000000	      0.00000000	      0.00000000	      0.00000000	      0.00000000	      0.00000000	      0.00000000	      0.00000000	      0.00000000	      0.00000000	      0.00000000	      0.00000000	      0.00000000	      0.00000000	      0.00000000	      0.00000000	      0.00000000	      0.00000000	      0.00000000	      0.00000000	      0.00000000	      0.00000000	      0.00000000	      0.00000000	      0.00000000	      0.00000000	      0.00000000	      0.00000000	      0.00000000	      0.00000000	      0.00000000	      0.00000000	      0.00000000	      0.00000000	      2.72440846	    344.65236001	      0.62429254	    270.07965359	      0.53621917	      0.16339948	      0.00000000	      0.00000000	     -0.00000000	      0.00000000	      0.00000000	     -0.00000000	     -0.00000000	      0.00000000	     -0.28466241	     -0.34741177	      0.46301678	     -0.37232765	     -0.34103642	     -0.37762210	     -0.12757962	     -0.15442898	     -0.00000000	      0.85885520	     -0.00706047	      0.00000000	     -0.00000000	     -0.00000000	      0.13986607	     -0.00000000	     -0.07399055	      0.00000000	    241.46245627	      0.00000000	     -0.00000000	     -0.00000000	      0.00000000	      0.00000000	      0.00000000	      0.00000000
      0.23500000	      0.00000000	      0.00000000	      0.00000000	      0.00000000	      0.00000000	      0.00000000	      0.00000000	      0.00000000	      0.00000000	      0.00000000	      0.00000000	      0.00000000	      0.00000000	      0.00000000	      0.00000000	      0.00000000	      0.00000000	      0.00000000	      0.00000000	      0.00000000	      0.00000000	      0.00000000	      0.00000000	      0.00000000	      0.00000000	      0.00000000	      0.00000000	      0.00000000	      0.00000000	      0.00000000	      0.00000000	      0.00000000	      0.00000000	      0.00000000	      0.00000000	      0.00000000	      0.00000000	      0.00000000	      0.00000000	      0.00000000	      2.62402493	    340.02868989	      0.62302533	    269.32346519	      0.50616631	      0.15465897	      0.00000000	     -0.00000000	      0.00000000	     -0.00000000	      0.00000000	     -0.00000000	     -0.00000000	      0.00000000	     -0.29174416	     -0.35966296	      0.47293823	     -0.37873852	     -0.34941705	     -0.39183960	     -0.13096023	     -0.16067539	     -0.00000000	      0.83558200	     -0.00520612	      0.00000000	     -0.00000000	     -0.00000000	      0.14536672	     -0.00000000	     -0.07726939	      0.00000000	    237.09128459	     -0.00000000	     -0.00000000	      0.00000000	     -0.00000000	     -0.00000000	      0.00000000	     -0.00000000
      0.24000000	      0.00000000	      0.00000000	      0.00000000	      0.00000000	      0.00000000	      0.00000000	      0.00000000	      0.00000000	      0.00000000	      0.00000000	      0.00000000	      0.00000000	      0.00000000	      0.00000000	      0.00000000	      0.00000000	      0.00000000	      0.00000000	      0.00000000	      0.00000000	      0.00000000	      0.00000000	      0.00000000	      0.00000000	      0.00000000	      0.00000000	      0.00000000	      0.00000000	      0.00000000	      0.00000000	      0.00000000	      0.00000000	      0.00000000	      0.00000000	      0.00000000	      0.00000000	      0.00000000	      0.00000000	      0.00000000	      0.00000000	      2.51727390	    334.58812652	      0.61478255	    268.12695010	      0.47262889	      0.14662367	      0.00000000	     -0.00000000	      0.00000000	      0.00000000	     -0.00000000	      0.00000000	      0.00000000	     -0.00000000	     -0.29775389	     -0.37003911	      0.48274844	     -0.38527682	     -0.35739877	     -0.40469696	     -0.13396824	     -0.16712750	     -0.00000000	      0.81210865	     -0.00331404	     -0.00000000	     -0.00000000	     -0.00000000	      0.15025292	     -0.00000000	     -0.08084446	      0.00000000	    232.86994515	      0.00000000	     -0.00000000	     -0.00000000	      0.00000000	      0.00000000	     -0.00000000	     -0.00000000
      0.24500000	      0.00000000	      0.00000000	      0.00000000	      0.00000000	      0.00000000	      0.00000000	      0.00000000	      0.00000000	      0.00000000	      0.00000000	      0.00000000	      0.00000000	      0.00000000	      0.00000000	      0.00000000	      0.00000000	      0.00000000	      0.00000000	      0.00000000	      0.00000000	      0.00000000	      0.00000000	      0.00000000	      0.00000000	      0.00000000	      0.00000000	      0.00000000	      0.00000000	      0.00000000	      0.00000000	      0.00000000	      0.00000000	      0.00000000	      0.00000000	      0.00000000	      0.00000000	      0.00000000	      0.00000000	      0.00000000	      0.00000000	      2.40526853	    328.32086779	      0.59811982	    266.55040618	      0.43650510	      0.13921873	      0.00000000	      0.00000000	     -0.00000000	     -0.00000000	      0.00000000	     -0.00000000	      0.00000000	     -0.00000000	     -0.30262415	     -0.37841305	      0.48822198	     -0.39204982	     -0.36497579	     -0.41603018	     -0.13682664	     -0.17380634	     -0.00000000	      0.78852443	     -0.00140351	     -0.00000000	     -0.00000000	     -0.00000000	      0.15454297	     -0.00000000	     -0.08473064	      0.00000000	    228.86139296	     -0.00000000	     -0.00000000	     -0.00000000	     -0.00000000	      0.00000000	     -0.00000000	     -0.00000000
      0.25000000	      0.00000000	      0.00000000	      0.00000000	      0.00000000	      0.00000000	      0.00000000	      0.00000000	      0.00000000	      0.00000000	      0.00000000	      0.00000000	      0.00000000	      0.00000000	      0.00000000	      0.00000000	      0.00000000	      0.00000000	      0.00000000	      0.00000000	      0.00000000	      0.00000000	      0.00000000	      0.00000000	      0.00000000	      0.00000000	      0.00000000	      0.00000000	      0.00000000	      0.00000000	      0.00000000	      0.00000000	      0.00000000	      0.00000000	      0.00000000	      0.00000000	      0.00000000	      0.00000000	      0.00000000	      0.00000000	      0.00000000	      2.28924232	    321.23118902	      0.57295003	    264.64900297	      0.39836604	      0.13236234	      0.00000000	     -0.00000000	     -0.00000000	     -0.00000000	      0.00000000	      0.00000000	      0.00000000	      0.00000000	     -0.30629988	     -0.38468804	      0.48960098	     -0.39913860	     -0.37213496	     -0.42583709	     -0.13966096	     -0.18070311	     -0.00000000	      0.76490810	      0.00050433	     -0.00000000	      0.00000000	     -0.00000000	      0.15827115	     -0.00000000	     -0.08890296	      0.00000000	    225.11678435	     -0.00000000	     -0.00000000	     -0.00000000	     -0.00000000	      0.00000000	      0.00000000	     -0.00000000
      0.25500000	      0.00000000	      0.00000000	      0.00000000	      0.00000000	      0.00000000	      0.00000000	      0.00000000	      0.00000000	      0.00000000	      0.00000000	      0.00000000	      0.00000000	      0.00000000	      0.00000000	      0.00000000	      0.00000000	      0.00000000	      0.00000000	      0.00000000	      0.00000000	      0.00000000	      0.00000000	      0.00000000	      0.00000000	      0.00000000	      0.00000000	      0.00000000	      0.00000000	      0.00000000	      0.00000000	      0.00000000	      0.00000000	      0.00000000	      0.00000000	      0.00000000	      0.00000000	      0.00000000	      0.00000000	      0.00000000	      0.00000000	      2.17052731	    313.33833697	      0.54255123	    262.46961003	      0.35827004	      0.12597973	      0.00000000	     -0.00000000	     -0.00000000	      0.00000000	      0.00000000	     -0.00000000	     -0.00000000	     -0.00000000	     -0.30873824	     -0.38879733	      0.48726744	     -0.40659924	     -0.37885323	     -0.43417821	     -0.14254438	     -0.18777558	     -0.00000000	      0.74138728	      0.00238673	     -0.00000000	     -0.00000000	     -0.00000000	      0.16148474	     -0.00000000	     -0.09328337	      0.00000000	    221.68024858	      0.00000000	     -0.00000000	      0.00000000	      0.00000000	     -0.00000000	      0.00000000	     -0.00000000
      0.26000000	      0.00000000	      0.00000000	      0.00000000	      0.00000000	      0.00000000	      0.00000000	      0.00000000	      0.00000000	      0.00000000	      0.00000000	      0.00000000	      0.00000000	      0.00000000	      0.00000000	      0.00000000	      0.00000000	      0.00000000	      0.00000000	      0.00000000	      0.00000000	      0.00000000	      0.00000000	      0.00000000	      0.00000000	      0.00000000	      0.00000000	      0.00000000	      0.00000000	      0.00000000	      0.00000000	      0.00000000	      0.00000000	      0.00000000	      0.00000000	      0.00000000	      0.00000000	      0.00000000	      0.00000000	      0.00000000	      0.00000000	      2.05047399	    304.67377173	      0.50933296	    260.04869660	      0.31593200	      0.12000805	      0.00000000	      0.00000000	     -0.00000000	     -0.00000000	      0.00000000	     -0.00000000	      0.00000000	      0.00000000	     -0.30991044	     -0.39070719	      0.48122594	     -0.41446218	     -0.38509887	     -0.44110221	     -0.14551934	     -0.19493429	     -0.00000000	      0.71803078	      0.00422031	     -0.00000000	     -0.00000000	     -0.00000000	      0.16424118	     -0.00000000	     -0.09774652	      0.00000000	    218.57698224	     -0.00000000	     -0.00000000	      0.00000000	      0.00000000	      0.00000000	      0.00000000	      0.00000000
      0.26500000	      0.00000000	      0.00000000	      0.00000000	      0.00000000	      0.00000000	      0.00000000	      0.00000000	      0.00000000	      0.00000000	      0.00000000	      0.00000000	      0.00000000	      0.00000000	      0.00000000	      0.00000000	      0.00000000	      0.00000000	      0.00000000	      0.00000000	      0.00000000	      0.00000000	      0.00000000	      0.00000000	      0.00000000	      0.00000000	      0.00000000	      0.00000000	      0.00000000	      0.00000000	      0.00000000	      0.00000000	      0.00000000	      0.00000000	      0.00000000	      0.00000000	      0.00000000	      0.00000000	      0.00000000	      0.00000000	      0.00000000	      1.93042937	    295.28229391	      0.47431227	    257.41314945	      0.27138132	      0.11439290	      0.00000000	     -0.00000000	     -0.00000000	      0.00000000	      0.00000000	     -0.00000000	      0.00000000	     -0.00000000	     -0.30980103	     -0.39041402	      0.47083462	     -0.42273098	     -0.39083114	     -0.44662669	     -0.14860788	     -0.20201399	     -0.00000000	      0.69494805	      0.00598020	     -0.00000000	      0.00000000	     -0.00000000	      0.16660317	     -0.00000000	     -0.10214886	      0.00000000	    215.82307444	     -0.00000000	     -0.00000000	     -0.00000000	      0.00000000	     -0.00000000	      0.00000000	     -0.00000000
      0.27000000	      0.00000000	      0.00000000	      0.00000000	      0.00000000	      0.00000000	      0.00000000	      0.00000000	      0.00000000	      0.00000000	      0.00000000	      0.00000000	      0.00000000	      0.00000000	      0.00000000	      0.00000000	      0.00000000	      0.00000000	      0.00000000	      0.00000000	      0.00000000	      0.00000000	      0.00000000	      0.00000000	      0.00000000	      0.00000000	      0.00000000	      0.00000000	      0.00000000	      0.00000000	      0.00000000	      0.00000000	      0.00000000	      0.00000000	      0.00000000	      0.00000000	      0.00000000	      0.00000000	      0.00000000	      0.00000000	      0.00000000	      1.81166816	    285.21987020	      0.43834017	    254.58035265	      0.22696530	      0.10907806	      0.00000000	      0.00000000	     -0.00000000	      0.00000000	      0.00000000	     -0.00000000	      0.00000000	     -0.00000000	     -0.30840893	     -0.38794448	      0.45460256	     -0.43138104	     -0.39600217	     -0.45074889	     -0.15181607	     -0.20875307	     -0.00000000	      0.67225221	      0.00763861	     -0.00000000	     -0.00000000	     -0.00000000	      0.16863428	     -0.00000000	     -0.10631907	      0.00000000	    213.42178106	      0.00000000	     -0.00000000	     -0.00000000	      0.00000000	      0.00000000	      0.00000000	     -0.00000000
      0.27500000	      0.00000000	      0.00000000	      0.00000000	      0.00000000	      0.00000000	      0.00000000	      0.00000000	      0.00000000	      0.00000000	      0.00000000	      0.00000000	      0.00000000	      0.00000000	      0.00000000	      0.00000000	      0.00000000	      0.00000000	      0.00000000	      0.00000000	      0.00000000	      0.00000000	      0.00000000	      0.00000000	      0.00000000	      0.00000000	      0.00000000	      0.00000000	      0.00000000	      0.00000000	      0.00000000	      0.00000000	      0.00000000	      0.00000000	      0.00000000	      0.00000000	      0.00000000	      0.00000000	      0.00000000	      0.00000000	      0.00000000	      1.69534327	    274.55221842	      0.40147684	    251.56309164	      0.18809346	      0.10399614	      0.00000000	      0.00000000	      0.00000000	     -0.00000000	     -0.00000000	     -0.00000000	     -0.00000000	      0.00000000	     -0.30574767	     -0.38335303	      0.43211714	     -0.44035909	     -0.40055861	     -0.45345833	     -0.15513624	     -0.21487562	     -0.00000000	      0.65006221	      0.00916120	     -0.00000000	      0.00000000	     -0.00000000	      0.17039415	     -0.00000000	     -0.10986399	      0.00000000	    211.36438337	     -0.00000000	     -0.00000000	     -0.00000000	      0.00000000	      0.00000000	     -0.00000000	      0.00000000
      0.28000000	      0.00000000	      0.00000000	      0.00000000	      0.00000000	      0.00000000	      0.00000000	      0.00000000	      0.00000000	      0.00000000	      0.00000000	      0.00000000	      0.00000000	      0.00000000	      0.00000000	      0.00000000	      0.00000000	      0.00000000	      0.00000000	      0.00000000	      0.00000000	      0.00000000	      0.00000000	      0.00000000	      0.00000000	      0.00000000	      0.00000000	      0.00000000	      0.00000000	      0.00000000	      0.00000000	      0.00000000	      0.00000000	      0.00000000	      0.00000000	      0.00000000	      0.00000000	      0.00000000	      0.00000000	      0.00000000	      0.00000000	      1.58244595	    263.35340779	      0.36368649	    248.35549506	      0.15815805	      0.09910897	      0.00000000	     -0.00000000	      0.00000000	      0.00000000	      0.00000000	      0.00000000	      0.00000000	     -0.00000000	     -0.30184538	     -0.37671837	      0.40684595	     -0.44958358	     -0.40444394	     -0.45474664	     -0.15854816	     -0.22028969	     -0.00000000	      0.62851025	      0.01050262	     -0.00000000	     -0.00000000	     -0.00000000	      0.17193423	     -0.00000000	     -0.11245588	      0.00000000	    209.63212203	      0.00000000	     -0.00000000	     -0.00000000	      0.00000000	      0.00000000	     -0.00000000	     -0.00000000
      0.28500000	      0.00000000	      0.00000000	      0.00000000	      0.00000000	      0.00000000	      0.00000000	      0.00000000	      0.00000000	      0.00000000	      0.00000000	      0.00000000	      0.00000000	      0.00000000	      0.00000000	      0.00000000	      0.00000000	      0.00000000	      0.00000000	      0.00000000	      0.00000000	      0.00000000	      0.00000000	      0.00000000	      0.00000000	      0.00000000	      0.00000000	      0.00000000	      0.00000000	      0.00000000	      0.00000000	      0.00000000	      0.00000000	      0.00000000	      0.00000000	      0.00000000	      0.00000000	      0.00000000	      0.00000000	      0.00000000	      0.00000000	      1.47376763	    251.70325245	      0.32475470	    244.95841321	      0.14042817	      0.09446718	      0.00000000	     -0.00000000	     -0.00000000	     -0.00000000	     -0.00000000	     -0.00000000	     -0.00000000	     -0.00000000	     -0.29674423	     -0.36813811	      0.38095819	     -0.45894658	     -0.40760130	     -0.45461483	     -0.16202033	     -0.22509007	     -0.00000000	      0.60772059	      0.01160557	      0.00000000	      0.00000000	     -0.00000000	      0.17329454	     -0.00000000	     -0.11411700	      0.00000000	    208.19563147	     -0.00000000	     -0.00000000	     -0.00000000	     -0.00000000	     -0.00000000	     -0.00000000	      0.00000000
      0.29000000	      0.00000000	      0.00000000	      0.00000000	      0.00000000	      0.00000000	      0.00000000	      0.00000000	      0.00000000	      0.00000000	      0.00000000	      0.00000000	      0.00000000	      0.00000000	      0.00000000	      0.00000000	      0.00000000	      0.00000000	      0.00000000	      0.00000000	      0.00000000	      0.00000000	      0.00000000	      0.00000000	      0.00000000	      0.00000000	      0.00000000	      0.00000000	      0.00000000	      0.00000000	      0.00000000	      0.00000000	      0.00000000	      0.00000000	      0.00000000	      0.00000000	      0.00000000	      0.00000000	      0.00000000	      0.00000000	      0.00000000	      1.36990026	    239.68710686	      0.28448844	    241.36236122	      0.13034260	      0.09015418	      0.00000000	      0.00000000	     -0.00000000	     -0.00000000	     -0.00000000	     -0.00000000	     -0.00000000	     -0.00000000	     -0.29049992	     -0.35772317	      0.35512442	     -0.46831620	     -0.40997637	     -0.45307780	     -0.16551111	     -0.22938266	     -0.00000000	      0.58785248	      0.01240804	      0.00000000	     -0.00000000	     -0.00000000	      0.17450214	     -0.00000000	     -0.11504948	      0.00000000	    207.02149548	     -0.00000000	     -0.00000000	      0.00000000	     -0.00000000	      0.00000000	     -0.00000000	     -0.00000000
      0.29500000	      0.00000000	      0.00000000	      0.00000000	      0.00000000	      0.00000000	      0.00000000	      0.00000000	      0.00000000	      0.00000000	      0.00000000	      0.00000000	      0.00000000	      0.00000000	      0.00000000	      0.00000000	      0.00000000	      0.00000000	      0.00000000	      0.00000000	      0.00000000	      0.00000000	      0.00000000	      0.00000000	      0.00000000	      0.00000000	      0.00000000	      0.00000000	      0.00000000	      0.00000000	      0.00000000	      0.00000000	      0.00000000	      0.00000000	      0.00000000	      0.00000000	      0.00000000	      0.00000000	      0.00000000	      0.00000000	      0.00000000	      1.27122586	    227.39294995	      0.24286720	    237.56812644	      0.12184331	      0.08623781	      0.00000000	     -0.00000000	      0.00000000	     -0.00000000	      0.00000000	     -0.00000000	     -0.00000000	      0.00000000	     -0.28318047	     -0.34559113	      0.32955838	     -0.47754150	     -0.41152111	     -0.45016805	     -0.16897060	     -0.23321466	     -0.00000000	      0.56905416	      0.01285668	      0.00000000	      0.00000000	     -0.00000000	      0.17557105	     -0.00000000	     -0.11544060	      0.00000000	    206.06963515	     -0.00000000	     -0.00000000	      0.00000000	      0.00000000	     -0.00000000	      0.00000000	     -0.00000000
      0.30000000	      0.00000000	      0.00000000	      0.00000000	      0.00000000	      0.00000000	      0.00000000	      0.00000000	      0.00000000	      0.00000000	      0.00000000	      0.00000000	      0.00000000	      0.00000000	      0.00000000	      0.00000000	      0.00000000	      0.00000000	      0.00000000	      0.00000000	      0.00000000	      0.00000000	      0.00000000	      0.00000000	      0.00000000	      0.00000000	      0.00000000	      0.00000000	      0.00000000	      0.00000000	      0.00000000	      0.00000000	      0.00000000	      0.00000000	      0.00000000	      0.00000000	      0.00000000	      0.00000000	      0.00000000	      0.00000000	      0.00000000	      1.17793453	    214.90991952	      0.20165806	    233.56751489	      0.11440761	      0.08277476	      0.00000000	      0.00000000	      0.00000000	      0.00000000	      0.00000000	      0.00000000	     -0.00000000	      0.00000000	     -0.27486481	     -0.33186142	      0.30399310	     -0.48645834	     -0.41219728	     -0.44593763	     -0.17234280	     -0.23658818	     -0.00000000	      0.55149573	      0.01290918	      0.00000000	     -0.00000000	     -0.00000000	      0.17650403	     -0.00000000	     -0.11541660	      0.00000000	    205.29934106	      0.00000000	     -0.00000000	      0.00000000	     -0.00000000	     -0.00000000	     -0.00000000	     -0.00000000
      0.30500000	      0.00000000	      0.00000000	      0.00000000	      0.00000000	      0.00000000	      0.00000000	      0.00000000	      0.00000000	      0.00000000	      0.00000000	      0.00000000	      0.00000000	      0.00000000	      0.00000000	      0.00000000	      0.00000000	      0.00000000	      0.00000000	      0.00000000	      0.00000000	      0.00000000	      0.00000000	      0.00000000	      0.00000000	      0.00000000	      0.00000000	      0.00000000	      0.00000000	      0.00000000	      0.00000000	      0.00000000	      0.00000000	      0.00000000	      0.00000000	      0.00000000	      0.00000000	      0.00000000	      0.00000000	      0.00000000	      0.00000000	      1.09005383	    202.32708152	      0.16666985	    229.36019793	      0.10805452	      0.07981801	      0.00000000	     -0.00000000	      0.00000000	     -0.00000000	     -0.00000000	     -0.00000000	     -0.00000000	     -0.00000000	     -0.26654276	     -0.31665820	      0.27798138	     -0.49489527	     -0.41197986	     -0.44045893	     -0.17556810	     -0.23948228	     -0.00000000	      0.53535004	      0.01252826	     -0.00000000	      0.00000000	     -0.00000000	      0.17729563	     -0.00000000	     -0.11505593	      0.00000000	    204.66962380	      0.00000000	     -0.00000000	     -0.00000000	     -0.00000000	     -0.00000000	     -0.00000000	     -0.00000000
      0.31000000	      0.00000000	      0.00000000	      0.00000000	      0.00000000	      0.00000000	      0.00000000	      0.00000000	      0.00000000	      0.00000000	      0.00000000	      0.00000000	      0.00000000	      0.00000000	      0.00000000	      0.00000000	      0.00000000	      0.00000000	      0.00000000	      0.00000000	      0.00000000	      0.00000000	      0.00000000	      0.00000000	      0.00000000	      0.00000000	      0.00000000	      0.00000000	      0.00000000	      0.00000000	      0.00000000	      0.00000000	      0.00000000	      0.00000000	      0.00000000	      0.00000000	      0.00000000	      0.00000000	      0.00000000	      0.00000000	      0.00000000	      1.00748162	    189.73185350	      0.14170300	    224.95318906	      0.10280157	      0.07741895	      0.00000000	     -0.00000000	      0.00000000	      0.00000000	      0.00000000	      0.00000000	      0.00000000	     -0.00000000	     -0.25862505	     -0.30013375	      0.25113933	     -0.50267893	     -0.41085943	     -0.43382410	     -0.17858626	     -0.24186772	     -0.00000000	      0.52079969	      0.01172831	     -0.00000000	      0.00000000	     -0.00000000	      0.17793583	     -0.00000000	     -0.11440770	      0.00000000	    204.14245215	      0.00000000	     -0.00000000	      0.00000000	      0.00000000	     -0.00000000	      0.00000000	      0.00000000
      0.31500000	      0.00000000	      0.00000000	      0.00000000	      0.00000000	      0.00000000	      0.00000000	      0.00000000	      0.00000000	      0.00000000	      0.00000000	      0.00000000	      0.00000000	      0.00000000	      0.00000000	      0.00000000	      0.00000000	      0.00000000	      0.00000000	      0.00000000	      0.00000000	      0.00000000	      0.00000000	      0.00000000	      0.00000000	      0.00000000	      0.00000000	      0.00000000	      0.00000000	      0.00000000	      0.00000000	      0.00000000	      0.00000000	      0.00000000	      0.00000000	      0.00000000	      0.00000000	      0.00000000	      0.00000000	      0.00000000	      0.00000000	      0.93002339	    177.20875652	      0.12864857	    220.35429405	      0.09861363	      0.07562657	      0.00000000	      0.00000000	      0.00000000	     -0.00000000	     -0.00000000	      0.00000000	     -0.00000000	      0.00000000	     -0.24997611	     -0.28253180	      0.22323413	     -0.50964279	     -0.40884262	     -0.42614291	     -0.18133933	     -0.24371600	     -0.00000000	      0.50803294	      0.01057478	      0.00000000	      0.00000000	     -0.00000000	      0.17841342	     -0.00000000	     -0.11350492	      0.00000000	    203.68460475	     -0.00000000	     -0.00000000	     -0.00000000	      0.00000000	     -0.00000000	     -0.00000000	      0.00000000
      0.32000000	      0.00000000	      0.00000000	      0.00000000	      0.00000000	      0.00000000	      0.00000000	      0.00000000	      0.00000000	      0.00000000	      0.00000000	      0.00000000	      0.00000000	      0.00000000	      0.00000000	      0.00000000	      0.00000000	      0.00000000	      0.00000000	      0.00000000	      0.00000000	      0.00000000	      0.00000000	      0.00000000	      0.00000000	      0.00000000	      0.00000000	      0.00000000	      0.00000000	      0.00000000	      0.00000000	      0.00000000	      0.00000000	      0.00000000	      0.00000000	      0.00000000	      0.00000000	      0.00000000	      0.00000000	      0.00000000	      0.00000000	      0.85742844	    164.83828926	      0.12397529	    215.58966420	      0.09535462	      0.07448581	      0.00000000	      0.00000000	      0.00000000	      0.00000000	      0.00000000	      0.00000000	      0.00000000	      0.00000000	     -0.24071843	     -0.26428208	      0.19433738	     -0.51563188	     -0.40595441	     -0.41753948	     -0.18377459	     -0.24500506	     -0.00000000	      0.49723947	      0.00914862	     -0.00000000	      0.00000000	     -0.00000000	      0.17871861	     -0.00000000	     -0.11237269	      0.00000000	    203.26935546	      0.00000000	     -0.00000000	     -0.00000000	      0.00000000	     -0.00000000	      0.00000000	     -0.00000000
      0.32500000	      0.00000000	      0.00000000	      0.00000000	      0.00000000	      0.00000000	      0.00000000	      0.00000000	      0.00000000	      0.00000000	      0.00000000	      0.00000000	      0.00000000	      0.00000000	      0.00000000	      0.00000000	      0.00000000	      0.00000000	      0.00000000	      0.00000000	      0.00000000	      0.00000000	      0.00000000	      0.00000000	      0.00000000	      0.00000000	      0.00000000	      0.00000000	      0.00000000	      0.00000000	      0.00000000	      0.00000000	      0.00000000	      0.00000000	      0.00000000	      0.00000000	      0.00000000	      0.00000000	      0.00000000	      0.00000000	      0.00000000	      0.78942208	    152.69595419	      0.12145963	    210.68658823	      0.09308352	      0.07403584	      0.00000000	      0.00000000	     -0.00000000	     -0.00000000	      0.00000000	     -0.00000000	      0.00000000	     -0.00000000	     -0.23099337	     -0.24602477	      0.16642137	     -0.52049938	     -0.40223810	     -0.40814818	     -0.18584580	     -0.24572266	     -0.00000000	      0.48860298	      0.00752622	     -0.00000000	     -0.00000000	     -0.00000000	      0.17884424	     -0.00000000	     -0.11103303	      0.00000000	    202.87769200	     -0.00000000	     -0.00000000	      0.00000000	     -0.00000000	      0.00000000	     -0.00000000	      0.00000000
      0.33000000	      0.00000000	      0.00000000	      0.00000000	      0.00000000	      0.00000000	      0.00000000	      0.00000000	      0.00000000	      0.00000000	      0.00000000	      0.00000000	      0.00000000	      0.00000000	      0.00000000	      0.00000000	      0.00000000	      0.00000000	      0.00000000	      0.00000000	      0.00000000	      0.00000000	      0.00000000	      0.00000000	      0.00000000	      0.00000000	      0.00000000	      0.00000000	      0.00000000	      0.00000000	      0.00000000	      0.00000000	      0.00000000	      0.00000000	      0.00000000	      0.00000000	      0.00000000	      0.00000000	      0.00000000	      0.00000000	      0.00000000	      0.72573182	    140.85143334	      0.12020900	    205.68211879	      0.09203609	      0.07430853	      0.00000000	     -0.00000000	      0.00000000	      0.00000000	      0.00000000	      0.00000000	      0.00000000	      0.00000000	     -0.22097158	     -0.22845135	      0.14409686	     -0.52407576	     -0.39775314	     -0.39810881	     -0.18751422	     -0.24586713	     -0.00000000	      0.48228816	      0.00577531	      0.00000000	     -0.00000000	     -0.00000000	      0.17878619	     -0.00000000	     -0.10950769	      0.00000000	    202.49903166	      0.00000000	     -0.00000000	     -0.00000000	      0.00000000	     -0.00000000	     -0.00000000	      0.00000000
      0.33500000	      0.00000000	      0.00000000	      0.00000000	      0.00000000	      0.00000000	      0.00000000	      0.00000000	      0.00000000	      0.00000000	      0.00000000	      0.00000000	      0.00000000	      0.00000000	      0.00000000	      0.00000000	      0.00000000	      0.00000000	      0.00000000	      0.00000000	      0.00000000	      0.00000000	      0.00000000	      0.00000000	      0.00000000	      0.00000000	      0.00000000	      0.00000000	      0.00000000	      0.00000000	      0.00000000	      0.00000000	      0.00000000	      0.00000000	      0.00000000	      0.00000000	      0.00000000	      0.00000000	      0.00000000	      0.00000000	      0.00000000	      0.66610628	    129.36790900	      0.12020452	    200.62010937	      0.09233714	      0.07532726	      0.00000000	     -0.00000000	      0.00000000	     -0.00000000	     -0.00000000	     -0.00000000	      0.00000000	      0.00000000	     -0.21086463	     -0.21208123	      0.12948464	     -0.52602033	     -0.39257111	     -0.38756157	     -0.18874968	     -0.24544392	     -0.00000000	      0.47842010	      0.00395543	      0.00000000	      0.00000000	     -0.00000000	      0.17854306	     -0.00000000	     -0.10781947	      0.00000000	    202.13149094	     -0.00000000	     -0.00000000	      0.00000000	     -0.00000000	     -0.00000000	      0.00000000	     -0.00000000
      0.34000000	      0.00000000	      0.00000000	      0.00000000	      0.00000000	      0.00000000	      0.00000000	      0.00000000	      0.00000000	      0.00000000	      0.00000000	      0.00000000	      0.00000000	      0.00000000	      0.00000000	      0.00000000	      0.00000000	      0.00000000	      0.00000000	      0.00000000	      0.00000000	      0.00000000	      0.00000000	      0.00000000	      0.00000000	      0.00000000	      0.00000000	      0.00000000	      0.00000000	      0.00000000	      0.00000000	      0.00000000	      0.00000000	      0.00000000	      0.00000000	      0.00000000	      0.00000000	      0.00000000	      0.00000000	      0.00000000	      0.00000000	      0.61032717	    118.30152197	      0.12141915	    195.54999072	      0.09403625	      0.07710583	      0.00000000	      0.00000000	     -0.00000000	      0.00000000	      0.00000000	      0.00000000	     -0.00000000	     -0.00000000	     -0.20092653	     -0.19718276	      0.12371977	     -0.52556192	     -0.38676861	     -0.37664235	     -0.18952735	     -0.24446505	     -0.00000000	      0.47705085	      0.00211867	     -0.00000000	      0.00000000	     -0.00000000	      0.17811567	     -0.00000000	     -0.10602364	      0.00000000	    201.78162480	      0.00000000	     -0.00000000	      0.00000000	      0.00000000	      0.00000000	      0.00000000	      0.00000000
      0.34500000	      0.00000000	      0.00000000	      0.00000000	      0.00000000	      0.00000000	      0.00000000	      0.00000000	      0.00000000	      0.00000000	      0.00000000	      0.00000000	      0.00000000	      0.00000000	      0.00000000	      0.00000000	      0.00000000	      0.00000000	      0.00000000	      0.00000000	      0.00000000	      0.00000000	      0.00000000	      0.00000000	      0.00000000	      0.00000000	      0.00000000	      0.00000000	      0.00000000	      0.00000000	      0.00000000	      0.00000000	      0.00000000	      0.00000000	      0.00000000	      0.00000000	      0.00000000	      0.00000000	      0.00000000	      0.00000000	      0.00000000	      0.55821703	    107.70095239	      0.12381403	    190.52497532	      0.09715058	      0.07964849	      0.00000000	     -0.00000000	     -0.00000000	      0.00000000	      0.00000000	     -0.00000000	     -0.00000000	      0.00000000	     -0.19143240	     -0.18382782	      0.12452057	     -0.52271594	     -0.38041439	     -0.36547968	     -0.18981467	     -0.24293837	     -0.00000000	      0.47813583	      0.00031035	      0.00000000	      0.00000000	     -0.00000000	      0.17750629	     -0.00000000	     -0.10443962	      0.00000000	    201.46371867	     -0.00000000	     -0.00000000	     -0.00000000	     -0.00000000	     -0.00000000	      0.00000000	     -0.00000000
      0.35000000	      0.00000000	      0.00000000	      0.00000000	      0.00000000	      0.00000000	      0.00000000	      0.00000000	      0.00000000	      0.00000000	      0.00000000	      0.00000000	      0.00000000	      0.00000000	      0.00000000	      0.00000000	      0.00000000	      0.00000000	      0.00000000	      0.00000000	      0.00000000	      0.00000000	      0.00000000	      0.00000000	      0.00000000	      0.00000000	      0.00000000	      0.00000000	      0.00000000	      0.00000000	      0.00000000	      0.00000000	      0.00000000	      0.00000000	      0.00000000	      0.00000000	      0.00000000	      0.00000000	      0.00000000	      0.00000000	      0.00000000	      0.50964805	     97.60712272	      0.12732416	    185.60058399	      0.10167876	      0.08295044	      0.00000000	      0.00000000	      0.00000000	     -0.00000000	     -0.00000000	     -0.00000000	      0.00000000	      0.00000000	     -0.18263685	     -0.17200706	      0.12755880	     -0.51838572	     -0.37354593	     -0.35419355	     -0.18951442	     -0.24081837	     -0.00000000	      0.48153545	     -0.00143051	      0.00000000	     -0.00000000	     -0.00000000	      0.17671873	     -0.00000000	     -0.10369376	      0.00000000	    201.19882029	      0.00000000	     -0.00000000	     -0.00000000	      0.00000000	      0.00000000	      0.00000000	     -0.00000000
      0.35500000	      0.00000000	      0.00000000	      0.00000000	      0.00000000	      0.00000000	      0.00000000	      0.00000000	      0.00000000	      0.00000000	      0.00000000	      0.00000000	      0.00000000	      0.00000000	      0.00000000	      0.00000000	      0.00000000	      0.00000000	      0.00000000	      0.00000000	      0.00000000	      0.00000000	      0.00000000	      0.00000000	      0.00000000	      0.00000000	      0.00000000	      0.00000000	      0.00000000	      0.00000000	      0.00000000	      0.00000000	      0.00000000	      0.00000000	      0.00000000	      0.00000000	      0.00000000	      0.00000000	      0.00000000	      0.00000000	      0.00000000	      0.46455491	     88.05305076	      0.13186147	    180.83230304	      0.10760826	      0.08699923	      0.00000000	      0.00000000	     -0.00000000	      0.00000000	      0.00000000	      0.00000000	      0.00000000	      0.00000000	     -0.17473598	     -0.16167051	      0.13189174	     -0.51302184	     -0.36615812	     -0.34289829	     -0.18836234	     -0.23779929	     -0.00000000	      0.48704440	     -0.00307058	     -0.00000000	     -0.00000000	     -0.00000000	      0.17575790	     -0.00000000	     -0.10409368	      0.00000000	    201.01348907	      0.00000000	     -0.00000000	     -0.00000000	      0.00000000	     -0.00000000	     -0.00000000	      0.00000000
      0.36000000	      0.00000000	      0.00000000	      0.00000000	      0.00000000	      0.00000000	      0.00000000	      0.00000000	      0.00000000	      0.00000000	      0.00000000	      0.00000000	      0.00000000	      0.00000000	      0.00000000	      0.00000000	      0.00000000	      0.00000000	      0.00000000	      0.00000000	      0.00000000	      0.00000000	      0.00000000	      0.00000000	      0.00000000	      0.00000000	      0.00000000	      0.00000000	      0.00000000	      0.00000000	      0.00000000	      0.00000000	      0.00000000	      0.00000000	      0.00000000	      0.00000000	      0.00000000	      0.00000000	      0.00000000	      0.00000000	      0.00000000	      0.42294366	     79.06388043	      0.13738450	    176.27418339	      0.11492230	      0.09177721	      0.00000000	      0.00000000	      0.00000000	      0.00000000	      0.00000000	     -0.00000000	      0.00000000	     -0.00000000	     -0.16785326	     -0.15274307	      0.13753432	     -0.50684126	     -0.35831474	     -0.33171176	     -0.18639920	     -0.23365625	     -0.00000000	      0.49415524	     -0.00458154	      0.00000000	      0.00000000	     -0.00000000	      0.17462909	     -0.00000000	     -0.10546497	      0.00000000	    200.93846477	      0.00000000	     -0.00000000	      0.00000000	      0.00000000	     -0.00000000	      0.00000000	     -0.00000000
      0.36500000	      0.00000000	      0.00000000	      0.00000000	      0.00000000	      0.00000000	      0.00000000	      0.00000000	      0.00000000	      0.00000000	      0.00000000	      0.00000000	      0.00000000	      0.00000000	      0.00000000	      0.00000000	      0.00000000	      0.00000000	      0.00000000	      0.00000000	      0.00000000	      0.00000000	      0.00000000	      0.00000000	      0.00000000	      0.00000000	      0.00000000	      0.00000000	      0.00000000	      0.00000000	      0.00000000	      0.00000000	      0.00000000	      0.00000000	      0.00000000	      0.00000000	      0.00000000	      0.00000000	      0.00000000	      0.00000000	      0.00000000	      0.38488399	     70.65708848	      0.14396012	    171.97750304	      0.12360770	      0.09726445	      0.00000000	      0.00000000	      0.00000000	      0.00000000	      0.00000000	     -0.00000000	     -0.00000000	     -0.00000000	     -0.16204783	     -0.14513711	      0.14452438	     -0.50090899	     -0.35025744	     -0.32077223	     -0.18398632	     -0.22900136	     -0.00000000	      0.50197226	     -0.00593923	      0.00000000	      0.00000000	     -0.00000000	      0.17333767	     -0.00000000	     -0.10774350	      0.00000000	    201.00729662	     -0.00000000	     -0.00000000	     -0.00000000	      0.00000000	     -0.00000000	      0.00000000	      0.00000000
      0.37000000	      0.00000000	      0.00000000	      0.00000000	      0.00000000	      0.00000000	      0.00000000	      0.00000000	      0.00000000	      0.00000000	      0.00000000	      0.00000000	      0.00000000	      0.00000000	      0.00000000	      0.00000000	      0.00000000	      0.00000000	      0.00000000	      0.00000000	      0.00000000	      0.00000000	      0.00000000	      0.00000000	      0.00000000	      0.00000000	      0.00000000	      0.00000000	      0.00000000	      0.00000000	      0.00000000	      0.00000000	      0.00000000	      0.00000000	      0.00000000	      0.00000000	      0.00000000	      0.00000000	      0.00000000	      0.00000000	      0.00000000	      0.35048736	     62.84286594	      0.15169280	    167.98987226	      0.13366448	      0.10344213	      0.00000000	     -0.00000000	      0.00000000	     -0.00000000	     -0.00000000	     -0.00000000	     -0.00000000	     -0.00000000	     -0.15733139	     -0.13876144	      0.15292664	     -0.50733576	     -0.34223903	     -0.31025969	     -0.18129135	     -0.22417122	     -0.00000000	      0.51009225	     -0.00712277	     -0.00000000	      0.00000000	     -0.00000000	      0.17188922	     -0.00000000	     -0.11067509	      0.00000000	    201.25489670	     -0.00000000	     -0.00000000	      0.00000000	     -0.00000000	     -0.00000000	      0.00000000	     -0.00000000
      0.37500000	      0.00000000	      0.00000000	      0.00000000	      0.00000000	      0.00000000	      0.00000000	      0.00000000	      0.00000000	      0.00000000	      0.00000000	      0.00000000	      0.00000000	      0.00000000	      0.00000000	      0.00000000	      0.00000000	      0.00000000	      0.00000000	      0.00000000	      0.00000000	      0.00000000	      0.00000000	      0.00000000	      0.00000000	      0.00000000	      0.00000000	      0.00000000	      0.00000000	      0.00000000	      0.00000000	      0.00000000	      0.00000000	      0.00000000	      0.00000000	      0.00000000	      0.00000000	      0.00000000	      0.00000000	      0.00000000	      0.00000000	      0.31988529	     55.62462303	      0.16069282	    164.35341882	      0.14511835	      0.11029641	      0.00000000	      0.00000000	      0.00000000	      0.00000000	      0.00000000	     -0.00000000	      0.00000000	     -0.00000000	     -0.15368329	     -0.13352690	      0.16284769	     -0.53224830	     -0.33442536	     -0.30040879	     -0.17838823	     -0.21928057	     -0.00000000	      0.51877641	     -0.00811360	      0.00000000	      0.00000000	     -0.00000000	      0.17028995	     -0.00000000	     -0.11371307	      0.00000000	    201.71625623	     -0.00000000	     -0.00000000	      0.00000000	     -0.00000000	      0.00000000	      0.00000000	      0.00000000
      0.38000000	      0.00000000	      0.00000000	      0.00000000	      0.00000000	      0.00000000	      0.00000000	      0.00000000	      0.00000000	      0.00000000	      0.00000000	      0.00000000	      0.00000000	      0.00000000	      0.00000000	      0.00000000	      0.00000000	      0.00000000	      0.00000000	      0.00000000	      0.00000000	      0.00000000	      0.00000000	      0.00000000	      0.00000000	      0.00000000	      0.00000000	      0.00000000	      0.00000000	      0.00000000	      0.00000000	      0.00000000	      0.00000000	      0.00000000	      0.00000000	      0.00000000	      0.00000000	      0.00000000	      0.00000000	      0.00000000	      0.00000000	      0.29322301	     48.99965408	      0.17110184	    161.10589417	      0.15803775	      0.11782251	      0.00000000	     -0.00000000	     -0.00000000	     -0.00000000	     -0.00000000	      0.00000000	      0.00000000	     -0.00000000	     -0.15106016	     -0.12934943	      0.17445328	     -0.57004111	     -0.32692308	     -0.29149335	     -0.17548126	     -0.21549379	     -0.00000000	      0.52846502	     -0.00889465	     -0.00000000	      0.00000000	     -0.00000000	      0.16854680	     -0.00000000	     -0.11652086	      0.00000000	    202.42508885	      0.00000000	     -0.00000000	     -0.00000000	     -0.00000000	     -0.00000000	     -0.00000000	     -0.00000000
      0.38500000	      0.00000000	      0.00000000	      0.00000000	      0.00000000	      0.00000000	      0.00000000	      0.00000000	      0.00000000	      0.00000000	      0.00000000	      0.00000000	      0.00000000	      0.00000000	      0.00000000	      0.00000000	      0.00000000	      0.00000000	      0.00000000	      0.00000000	      0.00000000	      0.00000000	      0.00000000	      0.00000000	      0.00000000	      0.00000000	      0.00000000	      0.00000000	      0.00000000	      0.00000000	      0.00000000	      0.00000000	      0.00000000	      0.00000000	      0.00000000	      0.00000000	      0.00000000	      0.00000000	      0.00000000	      0.00000000	      0.00000000	      0.27135891	     42.95970283	      0.18311493	    158.27747666	      0.17255528	      0.12602818	      0.00000000	      0.00000000	     -0.00000000	     -0.00000000	     -0.00000000	      0.00000000	     -0.00000000	     -0.00000000	     -0.14939976	     -0.12615114	      0.18797745	     -0.60789292	     -0.31980827	     -0.28377520	     -0.17543729	     -0.21932737	     -0.00000000	      0.53951906	     -0.00944986	     -0.00000000	      0.00000000	     -0.00000000	      0.16666698	     -0.00000000	     -0.11902924	      0.00000000	    203.41260351	      0.00000000	     -0.00000000	     -0.00000000	     -0.00000000	      0.00000000	      0.00000000	      0.00000000
      0.39000000	      0.00000000	      0.00000000	      0.00000000	      0.00000000	      0.00000000	      0.00000000	      0.00000000	      0.00000000	      0.00000000	      0.00000000	      0.00000000	      0.00000000	      0.00000000	      0.00000000	      0.00000000	      0.00000000	      0.00000000	      0.00000000	      0.00000000	      0.00000000	      0.00000000	      0.00000000	      0.00000000	      0.00000000	      0.00000000	      0.00000000	      0.00000000	      0.00000000	      0.00000000	      0.00000000	      0.00000000	      0.00000000	      0.00000000	      0.00000000	      0.00000000	      0.00000000	      0.00000000	      0.00000000	      0.00000000	      0.00000000	      0.25691149	     37.49275179	      0.19697882	    155.89469623	      0.18889241	      0.13493541	      0.00000000	     -0.00000000	      0.00000000	     -0.00000000	     -0.00000000	      0.00000000	     -0.00000000	     -0.00000000	     -0.14862134	     -0.12386120	      0.20369228	     -0.64127761	     -0.31314109	     -0.27744349	     -0.18053081	     -0.23070993	     -0.00000000	      0.55220212	     -0.00976492	      0.00000000	     -0.00000000	     -0.00000000	      0.16465814	     -0.00000000	     -0.12126182	      0.00000000	    204.70638985	      0.00000000	     -0.00000000	      0.00000000	      0.00000000	      0.00000000	     -0.00000000	     -0.00000000
      0.39500000	      0.00000000	      0.00000000	      0.00000000	      0.00000000	      0.00000000	      0.00000000	      0.00000000	      0.00000000	      0.00000000	      0.00000000	      0.00000000	      0.00000000	      0.00000000	      0.00000000	      0.00000000	      0.00000000	      0.00000000	      0.00000000	      0.00000000	      0.00000000	      0.00000000	      0.00000000	      0.00000000	      0.00000000	      0.00000000	      0.00000000	      0.00000000	      0.00000000	      0.00000000	      0.00000000	      0.00000000	      0.00000000	      0.00000000	      0.00000000	      0.00000000	      0.00000000	      0.00000000	      0.00000000	      0.00000000	      0.00000000	      0.25132569	     32.68036535	      0.21293621	    153.97741505	      0.20737779	      0.14457785	      0.00000000	     -0.00000000	      0.00000000	      0.00000000	      0.00000000	     -0.00000000	     -0.00000000	     -0.00000000	     -0.14862354	     -0.12240817	      0.22177793	     -0.67038166	     -0.30697086	     -0.27257828	     -0.18924759	     -0.24554639	     -0.00000000	      0.56671450	     -0.00983182	      0.00000000	      0.00000000	     -0.00000000	      0.16252828	     -0.00000000	     -0.12324138	      0.00000000	    206.32921329	      0.00000000	     -0.00000000	     -0.00000000	      0.00000000	      0.00000000	      0.00000000	     -0.00000000
      0.40000000	      0.00000000	      0.00000000	      0.00000000	      0.00000000	      0.00000000	      0.00000000	      0.00000000	      0.00000000	      0.00000000	      0.00000000	      0.00000000	      0.00000000	      0.00000000	      0.00000000	      0.00000000	      0.00000000	      0.00000000	      0.00000000	      0.00000000	      0.00000000	      0.00000000	      0.00000000	      0.00000000	      0.00000000	      0.00000000	      0.00000000	      0.00000000	      0.00000000	      0.00000000	      0.00000000	      0.00000000	      0.00000000	      0.00000000	      0.00000000	      0.00000000	      0.00000000	      0.00000000	      0.00000000	      0.00000000	      0.00000000	      0.25306529	     28.72805190	      0.23107371	    152.53904604	      0.22842442	      0.15499117	      0.00000000	     -0.00000000	     -0.00000000	     -0.00000000	      0.00000000	      0.00000000	      0.00000000	     -0.00000000	     -0.14928688	     -0.12169319	      0.24206431	     -0.69553040	     -0.30133992	     -0.26915564	     -0.19906558	     -0.25881856	     -0.00000000	      0.58322278	     -0.00965693	      0.00000000	     -0.00000000	     -0.00000000	      0.16028601	     -0.00000000	     -0.12498432	      0.00000000	    208.29791331	     -0.00000000	     -0.00000000	     -0.00000000	     -0.00000000	      0.00000000	     -0.00000000	     -0.00000000
      0.40500000	      0.00000000	      0.00000000	      0.00000000	      0.00000000	      0.00000000	      0.00000000	      0.00000000	      0.00000000	      0.00000000	      0.00000000	      0.00000000	      0.00000000	      0.00000000	      0.00000000	      0.00000000	      0.00000000	      0.00000000	      0.00000000	      0.00000000	      0.00000000	      0.00000000	      0.00000000	      0.00000000	      0.00000000	      0.00000000	      0.00000000	      0.00000000	      0.00000000	      0.00000000	      0.00000000	      0.00000000	      0.00000000	      0.00000000	      0.00000000	      0.00000000	      0.00000000	      0.00000000	      0.00000000	      0.00000000	      0.00000000	      0.26039823	     25.48244031	      0.25110207	    151.58788200	      0.25237146	      0.16619032	      0.00000000	      0.00000000	      0.00000000	      0.00000000	     -0.00000000	     -0.00000000	     -0.00000000	     -0.00000000	     -0.15048129	     -0.12158843	      0.26383428	     -0.71706689	     -0.29628293	     -0.26707169	     -0.20755295	     -0.26981509	     -0.00000000	      0.60187784	     -0.00926640	      0.00000000	      0.00000000	     -0.00000000	      0.15794041	     -0.00000000	     -0.12649795	      0.00000000	    210.62215767	      0.00000000	     -0.00000000	     -0.00000000	      0.00000000	     -0.00000000	     -0.00000000	      0.00000000
      0.41000000	      0.00000000	      0.00000000	      0.00000000	      0.00000000	      0.00000000	      0.00000000	      0.00000000	      0.00000000	      0.00000000	      0.00000000	      0.00000000	      0.00000000	      0.00000000	      0.00000000	      0.00000000	      0.00000000	      0.00000000	      0.00000000	      0.00000000	      0.00000000	      0.00000000	      0.00000000	      0.00000000	      0.00000000	      0.00000000	      0.00000000	      0.00000000	      0.00000000	      0.00000000	      0.00000000	      0.00000000	      0.00000000	      0.00000000	      0.00000000	      0.00000000	      0.00000000	      0.00000000	      0.00000000	      0.00000000	      0.00000000	      0.27207465	     22.75995931	      0.27228655	    151.12583931	      0.27909459	      0.17813020	      0.00000000	      0.00000000	     -0.00000000	     -0.00000000	     -0.00000000	      0.00000000	     -0.00000000	     -0.00000000	     -0.15207986	     -0.12195913	      0.28599190	     -0.73534712	     -0.29182453	     -0.26617015	     -0.21433650	     -0.27872995	     -0.00000000	      0.62282463	     -0.00869813	      0.00000000	     -0.00000000	     -0.00000000	      0.15550087	     -0.00000000	     -0.12777831	      0.00000000	    213.30337658	     -0.00000000	     -0.00000000	      0.00000000	      0.00000000	      0.00000000	      0.00000000	      0.00000000
      0.41500000	      0.00000000	      0.00000000	      0.00000000	      0.00000000	      0.00000000	      0.00000000	      0.00000000	      0.00000000	      0.00000000	      0.00000000	      0.00000000	      0.00000000	      0.00000000	      0.00000000	      0.00000000	      0.00000000	      0.00000000	      0.00000000	      0.00000000	      0.00000000	      0.00000000	      0.00000000	      0.00000000	      0.00000000	      0.00000000	      0.00000000	      0.00000000	      0.00000000	      0.00000000	      0.00000000	      0.00000000	      0.00000000	      0.00000000	      0.00000000	      0.00000000	      0.00000000	      0.00000000	      0.00000000	      0.00000000	      0.00000000	      0.28671197	     20.47172431	      0.29368640	    151.14836757	      0.30762151	      0.19065716	      0.00000000	      0.00000000	     -0.00000000	      0.00000000	     -0.00000000	      0.00000000	      0.00000000	      0.00000000	     -0.15397242	     -0.12270173	      0.30624767	     -0.75073386	     -0.28797579	     -0.26626548	     -0.21953198	     -0.28575697	     -0.00000000	      0.64620388	     -0.00798506	      0.00000000	      0.00000000	     -0.00000000	      0.15297702	     -0.00000000	     -0.12880712	      0.00000000	    216.33381052	     -0.00000000	     -0.00000000	      0.00000000	      0.00000000	     -0.00000000	      0.00000000	      0.00000000
      0.42000000	      0.00000000	      0.00000000	      0.00000000	      0.00000000	      0.00000000	      0.00000000	      0.00000000	      0.00000000	      0.00000000	      0.00000000	      0.00000000	      0.00000000	      0.00000000	      0.00000000	      0.00000000	      0.00000000	      0.00000000	      0.00000000	      0.00000000	      0.00000000	      0.00000000	      0.00000000	      0.00000000	      0.00000000	      0.00000000	      0.00000000	      0.00000000	      0.00000000	      0.00000000	      0.00000000	      0.00000000	      0.00000000	      0.00000000	      0.00000000	      0.00000000	      0.00000000	      0.00000000	      0.00000000	      0.00000000	      0.00000000	      0.30285956	     18.56763615	      0.31348836	    151.64431696	      0.33638806	      0.20348090	      0.00000000	      0.00000000	     -0.00000000	      0.00000000	      0.00000000	      0.00000000	     -0.00000000	      0.00000000	     -0.15607256	     -0.12376895	      0.32147954	     -0.76359101	     -0.28473498	     -0.26716187	     -0.22326892	     -0.29108982	     -0.00000000	      0.67215174	     -0.00715621	      0.00000000	      0.00000000	     -0.00000000	      0.15037865	     -0.00000000	     -0.12955280	      0.00000000	    219.69569293	     -0.00000000	     -0.00000000	      0.00000000	     -0.00000000	     -0.00000000	     -0.00000000	     -0.00000000
      0.42500000	      0.00000000	      0.00000000	      0.00000000	      0.00000000	      0.00000000	      0.00000000	      0.00000000	      0.00000000	      0.00000000	      0.00000000	      0.00000000	      0.00000000	      0.00000000	      0.00000000	      0.00000000	      0.00000000	      0.00000000	      0.00000000	      0.00000000	      0.00000000	      0.00000000	      0.00000000	      0.00000000	      0.00000000	      0.00000000	      0.00000000	      0.00000000	      0.00000000	      0.00000000	      0.00000000	      0.00000000	      0.00000000	      0.00000000	      0.00000000	      0.00000000	      0.00000000	      0.00000000	      0.00000000	      0.00000000	      0.00000000	      0.31933855	     17.00923427	      0.32922188	    152.59558222	      0.36331641	      0.21620324	      0.00000000	     -0.00000000	      0.00000000	     -0.00000000	      0.00000000	      0.00000000	     -0.00000000	      0.00000000	     -0.15831662	     -0.12515963	      0.33192851	     -0.77427884	     -0.28215122	     -0.26866933	     -0.22568826	     -0.29492800	     -0.00000000	      0.70079969	     -0.00623891	      0.00000000	      0.00000000	     -0.00000000	      0.14771590	     -0.00000000	     -0.12997947	      0.00000000	    223.36096372	     -0.00000000	     -0.00000000	      0.00000000	     -0.00000000	      0.00000000	      0.00000000	     -0.00000000
      0.43000000	      0.00000000	      0.00000000	      0.00000000	      0.00000000	      0.00000000	      0.00000000	      0.00000000	      0.00000000	      0.00000000	      0.00000000	      0.00000000	      0.00000000	      0.00000000	      0.00000000	      0.00000000	      0.00000000	      0.00000000	      0.00000000	      0.00000000	      0.00000000	      0.00000000	      0.00000000	      0.00000000	      0.00000000	      0.00000000	      0.00000000	      0.00000000	      0.00000000	      0.00000000	      0.00000000	      0.00000000	      0.00000000	      0.00000000	      0.00000000	      0.00000000	      0.00000000	      0.00000000	      0.00000000	      0.00000000	      0.00000000	      0.33527819	     15.75950875	      0.34094137	    153.97680358	      0.38476142	      0.22840055	      0.00000000	      0.00000000	      0.00000000	      0.00000000	      0.00000000	      0.00000000	     -0.00000000	      0.00000000	     -0.16065845	     -0.12689006	      0.33914161	     -0.78314879	     -0.28035883	     -0.27061625	     -0.22694939	     -0.29748591	     -0.00000000	      0.73226550	     -0.00525629	      0.00000000	      0.00000000	     -0.00000000	      0.14499954	     -0.00000000	     -0.13006047	      0.00000000	    227.29131916	      0.00000000	     -0.00000000	      0.00000000	      0.00000000	     -0.00000000	      0.00000000	      0.00000000
      0.43500000	      0.00000000	      0.00000000	      0.00000000	      0.00000000	      0.00000000	      0.00000000	      0.00000000	      0.00000000	      0.00000000	      0.00000000	      0.00000000	      0.00000000	      0.00000000	      0.00000000	      0.00000000	      0.00000000	      0.00000000	      0.00000000	      0.00000000	      0.00000000	      0.00000000	      0.00000000	      0.00000000	      0.00000000	      0.00000000	      0.00000000	      0.00000000	      0.00000000	      0.00000000	      0.00000000	      0.00000000	      0.00000000	      0.00000000	      0.00000000	      0.00000000	      0.00000000	      0.00000000	      0.00000000	      0.00000000	      0.00000000	      0.35006048	     14.77889548	      0.34990651	    155.75529808	      0.40022804	      0.23970576	      0.00000000	     -0.00000000	     -0.00000000	     -0.00000000	      0.00000000	     -0.00000000	     -0.00000000	      0.00000000	     -0.16306357	     -0.12897072	      0.34413227	     -0.79053623	     -0.27957683	     -0.27285637	     -0.22723878	     -0.29900356	     -0.00000000	      0.76664268	     -0.00422577	      0.00000000	      0.00000000	     -0.00000000	      0.14224146	     -0.00000000	     -0.12980011	      0.00000000	    231.43870510	      0.00000000	     -0.00000000	      0.00000000	      0.00000000	     -0.00000000	     -0.00000000	     -0.00000000
      0.44000000	      0.00000000	      0.00000000	      0.00000000	      0.00000000	      0.00000000	      0.00000000	      0.00000000	      0.00000000	      0.00000000	      0.00000000	      0.00000000	      0.00000000	      0.00000000	      0.00000000	      0.00000000	      0.00000000	      0.00000000	      0.00000000	      0.00000000	      0.00000000	      0.00000000	      0.00000000	      0.00000000	      0.00000000	      0.00000000	      0.00000000	      0.00000000	      0.00000000	      0.00000000	      0.00000000	      0.00000000	      0.00000000	      0.00000000	      0.00000000	      0.00000000	      0.00000000	      0.00000000	      0.00000000	      0.00000000	      0.00000000	      0.36326844	     14.02476522	      0.35703382	    157.89050320	      0.41156443	      0.24983922	      0.00000000	      0.00000000	      0.00000000	     -0.00000000	      0.00000000	     -0.00000000	     -0.00000000	      0.00000000	     -0.16550408	     -0.13139482	      0.34742331	     -0.79675082	     -0.28008067	     -0.27526925	     -0.22677494	     -0.29975264	     -0.00000000	      0.80396136	     -0.00315898	      0.00000000	      0.00000000	     -0.00000000	      0.13945531	     -0.00000000	     -0.12924472	      0.00000000	    235.74634257	     -0.00000000	     -0.00000000	     -0.00000000	     -0.00000000	      0.00000000	     -0.00000000	     -0.00000000
      0.44500000	      0.00000000	      0.00000000	      0.00000000	      0.00000000	      0.00000000	      0.00000000	      0.00000000	      0.00000000	      0.00000000	      0.00000000	      0.00000000	      0.00000000	      0.00000000	      0.00000000	      0.00000000	      0.00000000	      0.00000000	      0.00000000	      0.00000000	      0.00000000	      0.00000000	      0.00000000	      0.00000000	      0.00000000	      0.00000000	      0.00000000	      0.00000000	      0.00000000	      0.00000000	      0.00000000	      0.00000000	      0.00000000	      0.00000000	      0.00000000	      0.00000000	      0.00000000	      0.00000000	      0.00000000	      0.00000000	      0.00000000	      0.37457257	     13.45338560	      0.36280529	    160.33476396	      0.42017730	      0.25850473	      0.00000000	     -0.00000000	      0.00000000	     -0.00000000	      0.00000000	      0.00000000	     -0.00000000	      0.00000000	     -0.16795449	     -0.13413484	      0.34928483	     -0.80206606	     -0.28206619	     -0.27775594	     -0.22580034	     -0.30002808	     -0.00000000	      0.84434282	     -0.00206252	     -0.00000000	     -0.00000000	     -0.00000000	      0.13665741	     -0.00000000	     -0.12846842	      0.00000000	    240.15025498	      0.00000000	     -0.00000000	     -0.00000000	      0.00000000	      0.00000000	      0.00000000	      0.00000000
      0.45000000	      0.00000000	      0.00000000	      0.00000000	      0.00000000	      0.00000000	      0.00000000	      0.00000000	      0.00000000	      0.00000000	      0.00000000	      0.00000000	      0.00000000	      0.00000000	      0.00000000	      0.00000000	      0.00000000	      0.00000000	      0.00000000	      0.00000000	      0.00000000	      0.00000000	      0.00000000	      0.00000000	      0.00000000	      0.00000000	      0.00000000	      0.00000000	      0.00000000	      0.00000000	      0.00000000	      0.00000000	      0.00000000	      0.00000000	      0.00000000	      0.00000000	      0.00000000	      0.00000000	      0.00000000	      0.00000000	      0.00000000	      0.38370584	     13.02260566	      0.36744653	    163.03301035	      0.42679730	      0.26546387	      0.79646864	     -0.00000000	     -0.00000000	      0.00000000	      0.00000000	      0.00000000	     -0.00000000	      0.00000000	     -0.17038793	     -0.13714254	      0.34986680	     -0.80671076	     -0.28553782	     -0.28023260	     -0.22455608	     -0.30011980	     -0.00000000	      0.88784712	     -0.00093926	     -0.00000000	      0.00000000	     -0.00000000	      0.13386784	     -0.00000000	     -0.12754851	      0.00000000	    244.58124663	      0.00000000	     -0.00000000	     -0.00000000	      0.00000000	      0.00000000	      0.00000000	     -0.00000000
      0.45500000	      0.00000000	      0.00000000	      0.00000000	      0.00000000	      0.00000000	      0.00000000	      0.00000000	      0.00000000	      0.00000000	      0.00000000	      0.00000000	      0.00000000	      0.00000000	      0.00000000	      0.00000000	      0.00000000	      0.00000000	      0.00000000	      0.00000000	      0.00000000	      0.00000000	      0.00000000	      0.00000000	      0.00000000	      0.00000000	      0.00000000	      0.00000000	      0.00000000	      0.00000000	      0.00000000	      0.00000000	      0.00000000	      0.00000000	      0.00000000	      0.00000000	      0.00000000	      0.00000000	      0.00000000	      0.00000000	      0.00000000	      0.39061710	     12.69327414	      0.37104559	    165.92497595	      0.43177619	      0.27069231	      2.52877511	     -0.00000000	      0.00000000	      0.00000000	      0.00000000	     -0.00000000	     -0.00000000	      0.00000000	     -0.17277345	     -0.14035088	      0.34926339	     -0.81086794	     -0.29040403	     -0.28262462	     -0.22325027	     -0.30027660	     -0.00000000	      0.93433941	      0.00021097	      0.00000000	     -0.00000000	     -0.00000000	      0.13111095	     -0.00000000	     -0.12654030	      0.00000000	    248.96848967	      0.00000000	     -0.00000000	      0.00000000	      0.00000000	     -0.00000000	     -0.00000000	     -0.00000000
      0.46000000	      0.00000000	      0.00000000	      0.00000000	      0.00000000	      0.00000000	      0.00000000	      0.00000000	      0.00000000	      0.00000000	      0.00000000	      0.00000000	      0.00000000	      0.00000000	      0.00000000	      0.00000000	      0.00000000	      0.00000000	      0.00000000	      0.00000000	      0.00000000	      0.00000000	      0.00000000	      0.00000000	      0.00000000	      0.00000000	      0.00000000	      0.00000000	      0.00000000	      0.00000000	      0.00000000	      0.00000000	      0.00000000	      0.00000000	      0.00000000	      0.00000000	      0.00000000	      0.00000000	      0.00000000	      0.00000000	      0.00000000	      0.39540348	     12.42945032	      0.37361540	    168.94500434	      0.43527424	      0.27429920	      4.64200095	     -0.00000000	      0.00000000	      0.00000000	     -0.00000000	      0.00000000	     -0.00000000	      0.00000000	     -0.17507340	     -0.14367557	      0.34754708	     -0.81467574	     -0.29665773	     -0.28486193	     -0.22203734	     -0.30067940	     -0.00000000	      0.98355580	      0.00139024	     -0.00000000	      0.00000000	     -0.00000000	      0.12841684	     -0.00000000	     -0.12548400	      0.00000000	    253.24164053	     -0.00000000	     -0.00000000	      0.00000000	      0.00000000	     -0.00000000	      0.00000000	     -0.00000000
      0.46500000	      0.00000000	      0.00000000	      0.00000000	      0.00000000	      0.00000000	      0.00000000	      0.00000000	      0.00000000	      0.00000000	      0.00000000	      0.00000000	      0.00000000	      0.00000000	      0.00000000	      0.00000000	      0.00000000	      0.00000000	      0.00000000	      0.00000000	      0.00000000	      0.00000000	      0.00000000	      0.00000000	      0.00000000	      0.00000000	      0.00000000	      0.00000000	      0.00000000	      0.00000000	      0.00000000	      0.00000000	      0.00000000	      0.00000000	      0.00000000	      0.00000000	      0.00000000	      0.00000000	      0.00000000	      0.00000000	      0.00000000	      0.39818905	     12.19766998	      0.37512561	    172.02470109	      0.43735299	      0.27641389	      6.98467768	     -0.00000000	      0.00000000	      0.00000000	      0.00000000	     -0.00000000	     -0.00000000	      0.00000000	     -0.17724228	     -0.14701743	      0.34478597	     -0.81823677	     -0.30440019	     -0.28687625	     -0.22101663	     -0.30143692	     -0.00000000	      1.03508175	      0.00260200	      0.00000000	      0.00000000	     -0.00000000	      0.12582193	     -0.00000000	     -0.12442465	      0.00000000	    257.33449131	      0.00000000	     -0.00000000	      0.00000000	      0.00000000	      0.00000000	     -0.00000000	      0.00000000
      0.47000000	      0.00000000	      0.00000000	      0.00000000	      0.00000000	      0.00000000	      0.00000000	      0.00000000	      0.00000000	      0.00000000	      0.00000000	      0.00000000	      0.00000000	      0.00000000	      0.00000000	      0.00000000	      0.00000000	      0.00000000	      0.00000000	      0.00000000	      0.00000000	      0.00000000	      0.00000000	      0.00000000	      0.00000000	      0.00000000	      0.00000000	      0.00000000	      0.00000000	      0.00000000	      0.00000000	      0.00000000	      0.00000000	      0.00000000	      0.00000000	      0.00000000	      0.00000000	      0.00000000	      0.00000000	      0.00000000	      0.00000000	      0.39903558	     11.96640801	      0.37551785	    175.09434073	      0.43802012	      0.27712233	      9.81030094	     -0.00000000	      0.00000000	     -0.00000000	      0.00000000	      0.00000000	     -0.00000000	      0.00000000	     -0.17922623	     -0.15026474	      0.34105271	     -0.82162858	     -0.31358989	     -0.28859974	     -0.22024300	     -0.30259664	     -0.00000000	      1.08832735	      0.00385034	      0.00000000	      0.00000000	     -0.00000000	      0.12336958	     -0.00000000	     -0.12341056	      0.00000000	    261.17577815	     -0.00000000	     -0.00000000	      0.00000000	     -0.00000000	      0.00000000	      0.00000000	      0.00000000
      0.47500000	      0.00000000	      0.00000000	      0.00000000	      0.00000000	      0.00000000	      0.00000000	      0.00000000	      0.00000000	      0.00000000	      0.00000000	      0.00000000	      0.00000000	      0.00000000	      0.00000000	      0.00000000	      0.00000000	      0.00000000	      0.00000000	      0.00000000	      0.00000000	      0.00000000	      0.00000000	      0.00000000	      0.00000000	      0.00000000	      0.00000000	      0.00000000	      0.00000000	      0.00000000	      0.00000000	      0.00000000	      0.00000000	      0.00000000	      0.00000000	      0.00000000	      0.00000000	      0.00000000	      0.00000000	      0.00000000	      0.00000000	      0.39790233	     11.70596614	      0.37471488	    178.08533349	      0.43724949	      0.27644862	     12.78183247	     -0.00000000	      0.00000000	     -0.00000000	      0.00000000	      0.00000000	     -0.00000000	      0.00000000	     -0.18096341	     -0.15336010	      0.33649394	     -0.82491395	     -0.32378800	     -0.28996471	     -0.21974059	     -0.30416263	     -0.00000000	      1.14251367	      0.00513927	      0.00000000	     -0.00000000	     -0.00000000	      0.12111013	     -0.00000000	     -0.12249420	      0.00000000	    264.69798554	     -0.00000000	     -0.00000000	      0.00000000	     -0.00000000	     -0.00000000	     -0.00000000	     -0.00000000
      0.48000000	      0.00000000	      0.00000000	      0.00000000	      0.00000000	      0.00000000	      0.00000000	      0.00000000	      0.00000000	      0.00000000	      0.00000000	      0.00000000	      0.00000000	      0.00000000	      0.00000000	      0.00000000	      0.00000000	      0.00000000	      0.00000000	      0.00000000	      0.00000000	      0.00000000	      0.00000000	      0.00000000	      0.00000000	      0.00000000	      0.00000000	      0.00000000	      0.00000000	      0.00000000	      0.00000000	      0.00000000	      0.00000000	      0.00000000	      0.00000000	      0.00000000	      0.00000000	      0.00000000	      0.00000000	      0.00000000	      0.00000000	      0.39465645	     11.38871704	      0.37263906	    180.93217538	      0.43498495	      0.27435951	     15.86720374	     -0.00000000	      0.00000000	      0.00000000	      0.00000000	      0.00000000	     -0.00000000	      0.00000000	     -0.18238472	     -0.15626382	      0.33245303	     -0.82814896	     -0.33434456	     -0.29090389	     -0.21951539	     -0.30611379	     -0.00000000	      1.19667957	      0.00647189	     -0.00000000	      0.00000000	     -0.00000000	      0.11910291	     -0.00000000	     -0.12173345	      0.00000000	    267.91613299	      0.00000000	     -0.00000000	     -0.00000000	      0.00000000	      0.00000000	     -0.00000000	     -0.00000000
      0.48500000	      0.00000000	      0.00000000	      0.00000000	      0.00000000	      0.00000000	      0.00000000	      0.00000000	      0.00000000	      0.00000000	      0.00000000	      0.00000000	      0.00000000	      0.00000000	      0.00000000	      0.00000000	      0.00000000	      0.00000000	      0.00000000	      0.00000000	      0.00000000	      0.00000000	      0.00000000	      0.00000000	      0.00000000	      0.00000000	      0.00000000	      0.00000000	      0.00000000	      0.00000000	      0.00000000	      0.00000000	      0.00000000	      0.00000000	      0.00000000	      0.00000000	      0.00000000	      0.00000000	      0.00000000	      0.00000000	      0.00000000	      0.38914244	     10.98934528	      0.36924359	    183.57459849	      0.43112834	      0.27078588	     19.12552318	     -0.00000000	     -0.00000000	     -0.00000000	      0.00000000	     -0.00000000	     -0.00000000	      0.00000000	     -0.18341445	     -0.15868402	      0.33173860	     -0.83138762	     -0.34471760	     -0.29135074	     -0.21956519	     -0.30841948	     -0.00000000	      1.24969670	      0.00784944	     -0.00000000	      0.00000000	     -0.00000000	      0.11714150	     -0.00000000	     -0.12118670	      0.63031778	    270.80414828	     -0.00000000	     -0.00000000	     -0.00000000	     -0.00000000	     -0.00000000	     -0.00000000	      0.00000000
      0.49000000	      0.00000000	      0.00000000	      0.00000000	      0.00000000	      0.00000000	      0.00000000	      0.00000000	      0.00000000	      0.00000000	      0.00000000	      0.00000000	      0.00000000	      0.00000000	      0.00000000	      0.00000000	      0.00000000	      0.00000000	      0.00000000	      0.00000000	      0.00000000	      0.00000000	      0.00000000	      0.00000000	      0.00000000	      0.00000000	      0.00000000	      0.00000000	      0.00000000	      0.00000000	      0.00000000	      0.00000000	      0.00000000	      0.00000000	      0.00000000	      0.00000000	      0.00000000	      0.00000000	      0.00000000	      0.00000000	      0.00000000	      0.38130596	     10.48467200	      0.36450751	    185.95838457	      0.42550506	      0.26567163	     22.17734710	      0.00000000	      0.00000000	     -0.00000000	      0.00000000	      0.00000000	     -0.00000000	      0.00000000	     -0.18397043	     -0.16048447	      0.33465398	     -0.83468323	     -0.35456591	     -0.29123941	     -0.21988682	     -0.31105039	     -0.00000000	      1.30030428	      0.00927040	     -0.00000000	      0.00000000	     -0.00000000	      0.11562764	     -0.00000000	     -0.12090951	      2.43033887	    273.37506600	     -0.00000000	     -0.00000000	     -0.00000000	      0.00000000	      0.00000000	     -0.00000000	     -0.00000000
      0.49500000	      0.00000000	      0.00000000	      0.00000000	      0.00000000	      0.00000000	      0.00000000	      0.00000000	      0.00000000	      0.00000000	      0.00000000	      0.00000000	      0.00000000	      0.00000000	      0.00000000	      0.00000000	      0.00000000	      0.00000000	      0.00000000	      0.00000000	      0.00000000	      0.00000000	      0.00000000	      0.00000000	      0.00000000	      0.00000000	      0.00000000	      0.00000000	      0.00000000	      0.00000000	      0.00000000	      0.00000000	      0.00000000	      0.00000000	      0.00000000	      0.00000000	      0.00000000	      0.00000000	      0.00000000	      0.00000000	      0.00000000	      0.37131702	      9.85312301	      0.35836542	    188.03793731	      0.41778904	      0.25905783	     24.92763323	      0.00000000	      0.00000000	      0.00000000	      0.00000000	     -0.00000000	     -0.00000000	      0.00000000	     -0.18396296	     -0.16152102	      0.33961939	     -0.83808696	     -0.36371133	     -0.29050372	     -0.22048058	     -0.31398366	     -0.00000000	      1.34715748	      0.01072945	     -0.00000000	      0.00000000	     -0.00000000	      0.11470354	     -0.00000000	     -0.12095000	      4.37751037	    275.57631597	     -0.00000000	     -0.00000000	      0.00000000	     -0.00000000	      0.00000000	     -0.00000000	      0.00000000
      0.50000000	      0.00000000	      0.00000000	      0.00000000	      0.00000000	      0.00000000	      0.00000000	      0.00000000	      0.00000000	      0.00000000	      0.00000000	      0.00000000	      0.00000000	      0.00000000	      0.00000000	      0.00000000	      0.00000000	      0.00000000	      0.00000000	      0.00000000	      0.00000000	      0.00000000	      0.00000000	      0.00000000	      0.00000000	      0.00000000	      0.00000000	      0.00000000	      0.00000000	      0.00000000	      0.00000000	      0.00000000	      0.00000000	      0.00000000	      0.00000000	      0.00000000	      0.00000000	      0.00000000	      0.00000000	      0.00000000	      0.00000000	      0.35956671	      9.07840473	      0.35060851	    189.77624087	      0.40735119	      0.25116617	     27.35729673	      0.00000000	     -0.00000000	      0.00000000	     -0.00000000	     -0.00000000	     -0.00000000	      0.00000000	     -0.18329190	     -0.16164536	      0.34532652	     -0.84164444	     -0.37199810	     -0.28907486	     -0.22135175	     -0.31720321	     -0.00000000	      1.38888443	      0.01221605	      0.00000000	     -0.00000000	     -0.00000000	      0.11445493	     -0.00000000	     -0.12134349	      6.36263926	    277.43821406	     -0.00000000	     -0.00000000	     -0.00000000	      0.00000000	      0.00000000	      0.00000000	     -0.00000000
      0.50500000	      0.00000000	      0.00000000	      0.00000000	      0.00000000	      0.00000000	      0.00000000	      0.00000000	      0.00000000	      0.00000000	      0.00000000	      0.00000000	      0.00000000	      0.00000000	      0.00000000	      0.00000000	      0.00000000	      0.00000000	      0.00000000	      0.00000000	      0.00000000	      0.00000000	      0.00000000	      0.00000000	      0.00000000	      0.00000000	      0.00000000	      0.00000000	      0.00000000	      0.00000000	      0.00000000	      0.00000000	      0.00000000	      0.00000000	      0.00000000	      0.00000000	      0.00000000	      0.00000000	      0.00000000	      0.00000000	      0.00000000	      0.34654427	      8.15844152	      0.34074552	    191.14481844	      0.39301448	      0.24239294	     29.45376937	     -0.00000000	      0.00000000	      0.00000000	      0.00000000	      0.00000000	     -0.00000000	      0.00000000	     -0.18184149	     -0.16070037	      0.34962883	     -0.84539081	     -0.37926817	     -0.28687695	     -0.22250985	     -0.32069682	     -0.00000000	      1.42413639	      0.01371232	     -0.00000000	      0.00000000	     -0.00000000	      0.11492252	     -0.00000000	     -0.12210727	      8.19597124	    278.96980473	      0.00000000	     -0.00000000	      0.00000000	     -0.00000000	     -0.00000000	     -0.00000000	     -0.00000000
      0.51000000	      0.00000000	      0.00000000	      0.00000000	      0.00000000	      0.00000000	      0.00000000	      0.00000000	      0.00000000	      0.00000000	      0.00000000	      0.00000000	      0.00000000	      0.00000000	      0.00000000	      0.00000000	      0.00000000	      0.00000000	      0.00000000	      0.00000000	      0.00000000	      0.00000000	      0.00000000	      0.00000000	      0.00000000	      0.00000000	      0.00000000	      0.00000000	      0.00000000	      0.00000000	      0.00000000	      0.00000000	      0.00000000	      0.00000000	      0.00000000	      0.00000000	      0.00000000	      0.00000000	      0.00000000	      0.00000000	      0.00000000	      0.33289853	      7.11090279	      0.32780053	    192.12407670	      0.37315306	      0.23314063	     31.21027847	      0.00000000	     -0.00000000	     -0.00000000	      0.00000000	     -0.00000000	     -0.00000000	      0.00000000	     -0.17947522	     -0.15851569	      0.35036696	     -0.84934607	     -0.38536058	     -0.28381987	     -0.22396632	     -0.32445240	     -0.00000000	      1.45161877	      0.01519001	     -0.00000000	     -0.00000000	     -0.00000000	      0.11608607	     -0.00000000	     -0.12323650	     10.00393868	    280.19213766	      0.00000000	     -0.00000000	      0.00000000	      0.00000000	      0.00000000	     -0.00000000	      0.00000000
      0.51500000	      0.00000000	      0.00000000	      0.00000000	      0.00000000	      0.00000000	      0.00000000	      0.00000000	      0.00000000	      0.00000000	      0.00000000	      0.00000000	      0.00000000	      0.00000000	      0.00000000	      0.00000000	      0.00000000	      0.00000000	      0.00000000	      0.00000000	      0.00000000	      0.00000000	      0.00000000	      0.00000000	      0.00000000	      0.00000000	      0.00000000	      0.00000000	      0.00000000	      0.00000000	      0.00000000	      0.00000000	      0.00000000	      0.00000000	      0.00000000	      0.00000000	      0.00000000	      0.00000000	      0.00000000	      0.00000000	      0.00000000	      0.31940176	      5.97574823	      0.31046231	    192.70264577	      0.34788726	      0.22379174	     32.62457537	      0.00000000	     -0.00000000	     -0.00000000	      0.00000000	     -0.00000000	     -0.00000000	      0.00000000	     -0.17604112	     -0.15491835	      0.34577912	     -0.85351044	     -0.39010818	     -0.27978757	     -0.22573130	     -0.32845400	     -0.00000000	      1.47007361	      0.01660716	      0.00000000	      0.00000000	     -0.00000000	      0.11786884	     -0.00000000	     -0.12470266	     11.62815153	    281.11990685	      0.00000000	     -0.00000000	      0.00000000	      0.00000000	      0.00000000	     -0.00000000	     -0.00000000
      0.52000000	      0.00000000	      0.00000000	      0.00000000	      0.00000000	      0.00000000	      0.00000000	      0.00000000	      0.00000000	      0.00000000	      0.00000000	      0.00000000	      0.00000000	      0.00000000	      0.00000000	      0.00000000	      0.00000000	      0.00000000	      0.00000000	      0.00000000	      0.00000000	      0.00000000	      0.00000000	      0.00000000	      0.00000000	      0.00000000	      0.00000000	      0.00000000	      0.00000000	      0.00000000	      0.00000000	      0.00000000	      0.00000000	      0.00000000	      0.00000000	      0.00000000	      0.00000000	      0.00000000	      0.00000000	      0.00000000	      0.00000000	      0.30683280	      4.79637675	      0.28907826	    192.87690842	      0.32088930	      0.21473715	     33.69781925	      0.00000000	      0.00000000	      0.00000000	     -0.00000000	     -0.00000000	     -0.00000000	      0.00000000	     -0.17141722	     -0.14980511	      0.33424372	     -0.85786181	     -0.39333658	     -0.27462332	     -0.22781026	     -0.33267866	     -0.00000000	      1.47830772	      0.01790713	      0.00000000	     -0.00000000	     -0.00000000	      0.12015504	     -0.00000000	     -0.12645344	     12.93674119	    281.76982204	     -0.00000000	     -0.00000000	      0.00000000	     -0.00000000	      0.00000000	     -0.00000000	      0.00000000
      0.52500000	      0.00000000	      0.00000000	      0.00000000	      0.00000000	      0.00000000	      0.00000000	      0.00000000	      0.00000000	      0.00000000	      0.00000000	      0.00000000	      0.00000000	      0.00000000	      0.00000000	      0.00000000	      0.00000000	      0.00000000	      0.00000000	      0.00000000	      0.00000000	      0.00000000	      0.00000000	      0.00000000	      0.00000000	      0.00000000	      0.00000000	      0.00000000	      0.00000000	      0.00000000	      0.00000000	      0.00000000	      0.00000000	      0.00000000	      0.00000000	      0.00000000	      0.00000000	      0.00000000	      0.00000000	      0.00000000	      0.00000000	      0.29582822	      3.59849527	      0.26685932	    192.65057182	      0.29484394	      0.20633498	     34.43349829	     -0.00000000	      0.00000000	     -0.00000000	     -0.00000000	     -0.00000000	     -0.00000000	      0.00000000	     -0.16563186	     -0.14330916	      0.31641769	     -0.86235391	     -0.39486913	     -0.26812782	     -0.23020027	     -0.33709302	     -0.00000000	      1.47583866	      0.01902243	     -0.00000000	      0.00000000	     -0.00000000	      0.12280910	     -0.00000000	     -0.12840341	     13.88181452	    282.15176714	      0.00000000	     -0.00000000	      0.00000000	      0.00000000	      0.00000000	      0.00000000	      0.00000000
      0.53000000	      0.00000000	      0.00000000	      0.00000000	      0.00000000	      0.00000000	      0.00000000	      0.00000000	      0.00000000	      0.00000000	      0.00000000	      0.00000000	      0.00000000	      0.00000000	      0.00000000	      0.00000000	      0.00000000	      0.00000000	      0.00000000	      0.00000000	      0.00000000	      0.00000000	      0.00000000	      0.00000000	      0.00000000	      0.00000000	      0.00000000	      0.00000000	      0.00000000	      0.00000000	      0.00000000	      0.00000000	      0.00000000	      0.00000000	      0.00000000	      0.00000000	      0.00000000	      0.00000000	      0.00000000	      0.00000000	      0.00000000	      0.28677513	      2.40192832	      0.24588883	    192.03430943	      0.27119849	      0.19887443	     34.83685735	      0.00000000	      0.00000000	      0.00000000	      0.00000000	      0.00000000	     -0.00000000	      0.00000000	     -0.15898860	     -0.13589994	      0.29562864	     -0.86691757	     -0.39455571	     -0.26012443	     -0.23288677	     -0.34165091	     -0.00000000	      1.46401138	      0.01988375	      0.00000000	      0.00000000	     -0.00000000	      0.12569193	     -0.00000000	     -0.13044149	     14.44679681	    282.27490719	      0.00000000	     -0.00000000	      0.00000000	      0.00000000	     -0.00000000	      0.00000000	     -0.00000000
      0.53500000	      0.00000000	      0.00000000	      0.00000000	      0.00000000	      0.00000000	      0.00000000	      0.00000000	      0.00000000	      0.00000000	      0.00000000	      0.00000000	      0.00000000	      0.00000000	      0.00000000	      0.00000000	      0.00000000	      0.00000000	      0.00000000	      0.00000000	      0.00000000	      0.00000000	      0.00000000	      0.00000000	      0.00000000	      0.00000000	      0.00000000	      0.00000000	      0.00000000	      0.00000000	      0.00000000	      0.00000000	      0.00000000	      0.00000000	      0.00000000	      0.00000000	      0.00000000	      0.00000000	      0.00000000	      0.00000000	      0.00000000	      0.27981029	      1.25090662	      0.22719949	    191.04564614	      0.25087368	      0.19255910	     34.91471683	     -0.00000000	      0.00000000	     -0.00000000	     -0.00000000	     -0.00000000	     -0.00000000	      0.00000000	     -0.15198923	     -0.12816447	      0.27351187	     -0.87146377	     -0.39234195	     -0.25066497	     -0.23584050	     -0.34629096	     -0.00000000	      1.44459725	      0.02042031	     -0.00000000	     -0.00000000	     -0.00000000	      0.12867408	     -0.00000000	     -0.13245969	     14.62986640	    282.14012721	     -0.00000000	     -0.00000000	     -0.00000000	     -0.00000000	     -0.00000000	     -0.00000000	     -0.00000000
      0.54000000	      0.00000000	      0.00000000	      0.00000000	      0.00000000	      0.00000000	      0.00000000	      0.00000000	      0.00000000	      0.00000000	      0.00000000	      0.00000000	      0.00000000	      0.00000000	      0.00000000	      0.00000000	      0.00000000	      0.00000000	      0.00000000	      0.00000000	      0.00000000	      0.00000000	      0.00000000	      0.00000000	      0.00000000	      0.00000000	      0.00000000	      0.00000000	      0.00000000	      0.00000000	      0.00000000	      0.00000000	      0.00000000	      0.00000000	      0.00000000	      0.00000000	      0.00000000	      0.00000000	      0.00000000	      0.00000000	      0.00000000	      0.27490485	      0.29125780	      0.21138621	    189.70874109	      0.23412193	      0.18751094	     34.67571650	      0.00000000	      0.00000000	      0.00000000	      0.00000000	     -0.00000000	     -0.00000000	      0.00000000	     -0.14505777	     -0.12048492	      0.25098054	     -0.87589098	     -0.38836360	     -0.24025744	     -0.23901629	     -0.35093644	     -0.00000000	      1.41873592	      0.02055505	      0.00000000	      0.00000000	     -0.00000000	      0.13162932	     -0.00000000	     -0.13437400	     14.44087056	    281.74857982	     -0.00000000	     -0.00000000	      0.00000000	      0.00000000	      0.00000000	      0.00000000	     -0.00000000
      0.54500000	      0.00000000	      0.00000000	      0.00000000	      0.00000000	      0.00000000	      0.00000000	      0.00000000	      0.00000000	      0.00000000	      0.00000000	      0.00000000	      0.00000000	      0.00000000	      0.00000000	      0.00000000	      0.00000000	      0.00000000	      0.00000000	      0.00000000	      0.00000000	      0.00000000	      0.00000000	      0.00000000	      0.00000000	      0.00000000	      0.00000000	      0.00000000	      0.00000000	      0.00000000	      0.00000000	      0.00000000	      0.00000000	      0.00000000	      0.00000000	      0.00000000	      0.00000000	      0.00000000	      0.00000000	      0.00000000	      0.00000000	      0.27198286	      0.00000000	      0.19854606	    188.05454203	      0.22077781	      0.18378589	     34.13096614	     -0.00000000	      0.00000000	      0.00000000	      0.00000000	     -0.00000000	     -0.00000000	      0.00000000	     -0.13843810	     -0.11312258	      0.22861070	     -0.88008892	     -0.38296488	     -0.22972198	     -0.24235132	     -0.35549355	     -0.00000000	      1.38757215	      0.02025543	     -0.00000000	      0.00000000	     -0.00000000	      0.13443368	     -0.00000000	     -0.13612940	     13.90068889	    281.09803629	      0.00000000	     -0.00000000	      0.00000000	      0.00000000	     -0.00000000	     -0.00000000	     -0.00000000
      0.55000000	      0.00000000	      0.00000000	      0.00000000	      0.00000000	      0.00000000	      0.00000000	      0.00000000	      0.00000000	      0.00000000	      0.00000000	      0.00000000	      0.00000000	      0.00000000	      0.00000000	      0.00000000	      0.00000000	      0.00000000	      0.00000000	      0.00000000	      0.00000000	      0.00000000	      0.00000000	      0.00000000	      0.00000000	      0.00000000	      0.00000000	      0.00000000	      0.00000000	      0.00000000	      0.00000000	      0.00000000	      0.00000000	      0.00000000	      0.00000000	      0.00000000	      0.00000000	      0.00000000	      0.00000000	      0.00000000	      0.00000000	      0.27100211	      0.00000000	      0.18848110	    186.11994165	      0.21054300	      0.18139106	     33.29468816	      0.00000000	     -0.00000000	     -0.00000000	     -0.00000000	      0.00000000	     -0.00000000	      0.00000000	     -0.13232162	     -0.10628138	      0.20690794	     -0.88394827	     -0.37657941	     -0.21970401	     -0.24576749	     -0.35985572	     -0.00000000	      1.35221333	      0.01955030	     -0.00000000	      0.00000000	     -0.00000000	      0.13700949	     -0.00000000	     -0.13769171	     13.04004344	    280.18819661	     -0.00000000	     -0.00000000	     -0.00000000	     -0.00000000	     -0.00000000	     -0.00000000	      0.00000000
      0.55500000	      0.00000000	      0.00000000	      0.00000000	      0.00000000	      0.00000000	      0.00000000	      0.00000000	      0.00000000	      0.00000000	      0.00000000	      0.00000000	      0.00000000	      0.00000000	      0.00000000	      0.00000000	      0.00000000	      0.00000000	      0.00000000	      0.00000000	      0.00000000	      0.00000000	      0.00000000	      0.00000000	      0.00000000	      0.00000000	      0.00000000	      0.00000000	      0.00000000	      0.00000000	      0.00000000	      0.00000000	      0.00000000	      0.00000000	      0.00000000	      0.00000000	      0.00000000	      0.00000000	      0.00000000	      0.00000000	      0.00000000	      0.27188625	      0.00000000	      0.18090463	    183.94719784	      0.20312613	      0.18029839	     32.18478258	     -0.00000000	     -0.00000000	      0.00000000	      0.00000000	     -0.00000000	     -0.00000000	      0.00000000	     -0.12684973	     -0.10009601	      0.18685495	     -0.88736223	     -0.36956321	     -0.21053476	     -0.24917304	     -0.36390610	     -0.00000000	      1.31371041	      0.01850310	     -0.00000000	     -0.00000000	     -0.00000000	      0.13933915	     -0.00000000	     -0.13903681	     11.89941031	    279.02209020	      0.00000000	     -0.00000000	     -0.00000000	     -0.00000000	     -0.00000000	     -0.00000000	     -0.00000000
      0.56000000	      0.00000000	      0.00000000	      0.00000000	      0.00000000	      0.00000000	      0.00000000	      0.00000000	      0.00000000	      0.00000000	      0.00000000	      0.00000000	      0.00000000	      0.00000000	      0.00000000	      0.00000000	      0.00000000	      0.00000000	      0.00000000	      0.00000000	      0.00000000	      0.00000000	      0.00000000	      0.00000000	      0.00000000	      0.00000000	      0.00000000	      0.00000000	      0.00000000	      0.00000000	      0.00000000	      0.00000000	      0.00000000	      0.00000000	      0.00000000	      0.00000000	      0.00000000	      0.00000000	      0.00000000	      0.00000000	      0.00000000	      0.27451441	      0.00000000	      0.17553950	    181.58338271	      0.19827716	      0.18045312	     30.82341866	     -0.00000000	      0.00000000	      0.00000000	      0.00000000	      0.00000000	     -0.00000000	      0.00000000	     -0.12210998	     -0.09463735	      0.16982426	     -0.89022663	     -0.36214191	     -0.20245689	     -0.25246530	     -0.36752250	     -0.00000000	      1.27307266	      0.01718593	     -0.00000000	      0.00000000	     -0.00000000	      0.14145178	     -0.00000000	     -0.14014412	     10.53451774	    277.60807035	      0.00000000	     -0.00000000	      0.00000000	     -0.00000000	      0.00000000	     -0.00000000	      0.00000000
      0.56500000	      0.00000000	      0.00000000	      0.00000000	      0.00000000	      0.00000000	      0.00000000	      0.00000000	      0.00000000	      0.00000000	      0.00000000	      0.00000000	      0.00000000	      0.00000000	      0.00000000	      0.00000000	      0.00000000	      0.00000000	      0.00000000	      0.00000000	      0.00000000	      0.00000000	      0.00000000	      0.00000000	      0.00000000	      0.00000000	      0.00000000	      0.00000000	      0.00000000	      0.00000000	      0.00000000	      0.00000000	      0.00000000	      0.00000000	      0.00000000	      0.00000000	      0.00000000	      0.00000000	      0.00000000	      0.00000000	      0.00000000	      0.27872099	      0.00000000	      0.17214529	    179.07859161	      0.19578072	      0.18177777	     29.23691862	     -0.00000000	      0.00000000	      0.00000000	     -0.00000000	      0.00000000	     -0.00000000	      0.00000000	     -0.11814270	     -0.08992784	      0.15663892	     -0.89244323	     -0.35451593	     -0.19563720	     -0.25553619	     -0.37058707	     -0.00000000	      1.23125094	      0.01566878	      0.00000000	      0.00000000	     -0.00000000	      0.14339496	     -0.00000000	     -0.14099482	      9.03368184	    275.96075392	      0.00000000	     -0.00000000	      0.00000000	      0.00000000	     -0.00000000	     -0.00000000	      0.00000000
      0.57000000	      0.00000000	      0.00000000	      0.00000000	      0.00000000	      0.00000000	      0.00000000	      0.00000000	      0.00000000	      0.00000000	      0.00000000	      0.00000000	      0.00000000	      0.00000000	      0.00000000	      0.00000000	      0.00000000	      0.00000000	      0.00000000	      0.00000000	      0.00000000	      0.00000000	      0.00000000	      0.00000000	      0.00000000	      0.00000000	      0.00000000	      0.00000000	      0.00000000	      0.00000000	      0.00000000	      0.00000000	      0.00000000	      0.00000000	      0.00000000	      0.00000000	      0.00000000	      0.00000000	      0.00000000	      0.00000000	      0.00000000	      0.28429126	      0.00000000	      0.17052334	    176.48445075	      0.19544059	      0.18417223	     27.45537578	      0.00000000	     -0.00000000	     -0.00000000	      0.00000000	      0.00000000	     -0.00000000	      0.00000000	     -0.11495277	     -0.08595877	      0.14789088	     -0.89392227	     -0.34687369	     -0.19016995	     -0.25827851	     -0.37299866	     -0.00000000	      1.18910854	      0.01401709	     -0.00000000	     -0.00000000	     -0.00000000	      0.14520810	     -0.00000000	     -0.14157240	      7.53099001	    274.10235131	      0.00000000	     -0.00000000	      0.00000000	     -0.00000000	     -0.00000000	     -0.00000000	     -0.00000000
      0.57500000	      0.00000000	      0.00000000	      0.00000000	      0.00000000	      0.00000000	      0.00000000	      0.00000000	      0.00000000	      0.00000000	      0.00000000	      0.00000000	      0.00000000	      0.00000000	      0.00000000	      0.00000000	      0.00000000	      0.00000000	      0.00000000	      0.00000000	      0.00000000	      0.00000000	      0.00000000	      0.00000000	      0.00000000	      0.00000000	      0.00000000	      0.00000000	      0.00000000	      0.00000000	      0.00000000	      0.00000000	      0.00000000	      0.00000000	      0.00000000	      0.00000000	      0.00000000	      0.00000000	      0.00000000	      0.00000000	      0.00000000	      0.29095457	      0.00000000	      0.17051201	    173.85217504	      0.19706463	      0.18751081	     25.51181963	     -0.00000000	     -0.00000000	     -0.00000000	     -0.00000000	     -0.00000000	     -0.00000000	      0.00000000	     -0.11252047	     -0.08270312	      0.14425145	     -0.89457810	     -0.33938919	     -0.18609431	     -0.26059421	     -0.37468907	     -0.00000000	      1.14738933	      0.01229087	      0.00000000	     -0.00000000	     -0.00000000	      0.14690757	     -0.00000000	     -0.14186422	      6.06388734	    272.05803762	      0.00000000	     -0.00000000	      0.00000000	     -0.00000000	     -0.00000000	      0.00000000	     -0.00000000
      0.58000000	      0.00000000	      0.00000000	      0.00000000	      0.00000000	      0.00000000	      0.00000000	      0.00000000	      0.00000000	      0.00000000	      0.00000000	      0.00000000	      0.00000000	      0.00000000	      0.00000000	      0.00000000	      0.00000000	      0.00000000	      0.00000000	      0.00000000	      0.00000000	      0.00000000	      0.00000000	      0.00000000	      0.00000000	      0.00000000	      0.00000000	      0.00000000	      0.00000000	      0.00000000	      0.00000000	      0.00000000	      0.00000000	      0.00000000	      0.00000000	      0.00000000	      0.00000000	      0.00000000	      0.00000000	      0.00000000	      0.00000000	      0.29837879	      0.00000000	      0.17196673	    171.23049242	      0.20045193	      0.19163738	     23.44104993	      0.00000000	      0.00000000	     -0.00000000	     -0.00000000	      0.00000000	     -0.00000000	      0.00000000	     -0.11080928	     -0.08012372	      0.14476658	     -0.89434425	     -0.33222316	     -0.18341587	     -0.26240440	     -0.37563881	     -0.00000000	      1.10669549	      0.01054401	      0.00000000	     -0.00000000	     -0.00000000	      0.14825035	     -0.00000000	     -0.14186341	      4.54804687	    269.86048891	     -0.00000000	     -0.00000000	     -0.00000000	     -0.00000000	     -0.00000000	     -0.00000000	      0.00000000
      0.58500000	      0.00000000	      0.00000000	      0.00000000	      0.00000000	      0.00000000	      0.00000000	      0.00000000	      0.00000000	      0.00000000	      0.00000000	      0.00000000	      0.00000000	      0.00000000	      0.00000000	      0.00000000	      0.00000000	      0.00000000	      0.00000000	      0.00000000	      0.00000000	      0.00000000	      0.00000000	      0.00000000	      0.00000000	      0.00000000	      0.00000000	      0.00000000	      0.00000000	      0.00000000	      0.00000000	      0.00000000	      0.00000000	      0.00000000	      0.00000000	      0.00000000	      0.00000000	      0.00000000	      0.00000000	      0.00000000	      0.00000000	      0.30617156	      0.00000000	      0.17473639	    168.66350564	      0.20538023	      0.19636071	     21.27826775	      0.00000000	     -0.00000000	      0.00000000	      0.00000000	      0.00000000	     -0.00000000	      0.00000000	     -0.10977022	     -0.07817734	      0.14757179	     -0.89319106	     -0.32552555	     -0.18212419	     -0.26365922	     -0.37588451	     -0.00000000	      1.06747784	      0.00882330	      0.00000000	     -0.00000000	     -0.00000000	      0.14936746	     -0.00000000	     -0.14157098	      3.10098542	    267.54563223	     -0.00000000	     -0.00000000	     -0.00000000	     -0.00000000	     -0.00000000	     -0.00000000	      0.00000000
      0.59000000	      0.00000000	      0.00000000	      0.00000000	      0.00000000	      0.00000000	      0.00000000	      0.00000000	      0.00000000	      0.00000000	      0.00000000	      0.00000000	      0.00000000	      0.00000000	      0.00000000	      0.00000000	      0.00000000	      0.00000000	      0.00000000	      0.00000000	      0.00000000	      0.00000000	      0.00000000	      0.00000000	      0.00000000	      0.00000000	      0.00000000	      0.00000000	      0.00000000	      0.00000000	      0.00000000	      0.00000000	      0.00000000	      0.00000000	      0.00000000	      0.00000000	      0.00000000	      0.00000000	      0.00000000	      0.00000000	      0.00000000	      0.31389223	      0.00000000	      0.17864705	    166.18886471	      0.21159122	      0.20145231	     19.05764879	     -0.00000000	     -0.00000000	     -0.00000000	     -0.00000000	      0.00000000	     -0.00000000	      0.00000000	     -0.10934365	     -0.07681615	      0.15168938	     -0.89112963	     -0.31943768	     -0.18220286	     -0.26434496	     -0.37551308	     -0.00000000	      1.03003774	      0.00716775	     -0.00000000	     -0.00000000	     -0.00000000	      0.15029484	     -0.00000000	     -0.14099866	      1.79044313	    265.14528015	     -0.00000000	     -0.00000000	     -0.00000000	      0.00000000	      0.00000000	     -0.00000000	     -0.00000000
      0.59500000	      0.00000000	      0.00000000	      0.00000000	      0.00000000	      0.00000000	      0.00000000	      0.00000000	      0.00000000	      0.00000000	      0.00000000	      0.00000000	      0.00000000	      0.00000000	      0.00000000	      0.00000000	      0.00000000	      0.00000000	      0.00000000	      0.00000000	      0.00000000	      0.00000000	      0.00000000	      0.00000000	      0.00000000	      0.00000000	      0.00000000	      0.00000000	      0.00000000	      0.00000000	      0.00000000	      0.00000000	      0.00000000	      0.00000000	      0.00000000	      0.00000000	      0.00000000	      0.00000000	      0.00000000	      0.00000000	      0.00000000	      0.32107455	      0.00000000	      0.18348914	    163.83578311	      0.21877180	      0.20664933	     16.82533307	      0.00000000	      0.00000000	      0.00000000	      0.00000000	      0.00000000	     -0.00000000	      0.00000000	     -0.10945953	     -0.07598717	      0.15687120	     -0.88821494	     -0.31409289	     -0.18363177	     -0.26448598	     -0.37464711	     -0.00000000	      0.99453765	      0.00560812	      0.00000000	      0.00000000	     -0.00000000	      0.15102084	     -0.00000000	     -0.14017202	      0.61115099	    262.69497288	      0.00000000	     -0.00000000	      0.00000000	      0.00000000	      0.00000000	     -0.00000000	      0.00000000
      0.60000000	      0.00000000	      0.00000000	      0.00000000	      0.00000000	      0.00000000	      0.00000000	      0.00000000	      0.00000000	      0.00000000	      0.00000000	      0.00000000	      0.00000000	      0.00000000	      0.00000000	      0.00000000	      0.00000000	      0.00000000	      0.00000000	      0.00000000	      0.00000000	      0.00000000	      0.00000000	      0.00000000	      0.00000000	      0.00000000	      0.00000000	      0.00000000	      0.00000000	      0.00000000	      0.00000000	      0.00000000	      0.00000000	      0.00000000	      0.00000000	      0.00000000	      0.00000000	      0.00000000	      0.00000000	      0.00000000	      0.00000000	      0.32725626	      0.00000000	      0.18900474	    161.62381518	      0.22653417	      0.21166390	     14.73193453	      0.00000000	      0.00000000	     -0.00000000	      0.00000000	     -0.00000000	     -0.00000000	      0.00000000	     -0.11003737	     -0.07562508	      0.16292429	     -0.88454925	     -0.30961554	     -0.18638271	     -0.26414122	     -0.37342851	     -0.00000000	      0.96101789	      0.00416670	      0.00000000	      0.00000000	     -0.00000000	      0.15154439	     -0.00000000	     -0.13913274	      0.00003086	    260.22150661	      0.00000000	     -0.00000000	      0.00000000	      0.00000000	     -0.00000000	      0.00000000	      0.00000000
      0.60500000	      0.00000000	      0.00000000	      0.00000000	      0.00000000	      0.00000000	      0.00000000	      0.00000000	      0.00000000	      0.00000000	      0.00000000	      0.00000000	      0.00000000	      0.00000000	      0.00000000	      0.00000000	      0.00000000	      0.00000000	      0.00000000	      0.00000000	      0.00000000	      0.00000000	      0.00000000	      0.00000000	      0.00000000	      0.00000000	      0.00000000	      0.00000000	      0.00000000	      0.00000000	      0.00000000	      0.00000000	      0.00000000	      0.00000000	      0.00000000	      0.00000000	      0.00000000	      0.00000000	      0.00000000	      0.00000000	      0.00000000	      0.33200970	      0.00000000	      0.19487704	    159.56166370	      0.23440320	      0.21619843	     12.84105095	     -0.00000000	     -0.00000000	     -0.00000000	      0.00000000	     -0.00000000	     -0.00000000	      0.00000000	     -0.11098705	     -0.07567937	      0.16960562	     -0.88028615	     -0.30611889	     -0.19040937	     -0.26339370	     -0.37201279	     -0.00000000	      0.92941692	      0.00285737	     -0.00000000	     -0.00000000	     -0.00000000	      0.15187645	     -0.00000000	     -0.13793780	      0.00000000	    257.75191656	     -0.00000000	     -0.00000000	      0.00000000	     -0.00000000	     -0.00000000	     -0.00000000	     -0.00000000
      0.61000000	      0.00000000	      0.00000000	      0.00000000	      0.00000000	      0.00000000	      0.00000000	      0.00000000	      0.00000000	      0.00000000	      0.00000000	      0.00000000	      0.00000000	      0.00000000	      0.00000000	      0.00000000	      0.00000000	      0.00000000	      0.00000000	      0.00000000	      0.00000000	      0.00000000	      0.00000000	      0.00000000	      0.00000000	      0.00000000	      0.00000000	      0.00000000	      0.00000000	      0.00000000	      0.00000000	      0.00000000	      0.00000000	      0.00000000	      0.00000000	      0.00000000	      0.00000000	      0.00000000	      0.00000000	      0.00000000	      0.00000000	      0.33496853	      0.00000000	      0.20072827	    157.64702857	      0.24182302	      0.21996358	     11.08893289	     -0.00000000	      0.00000000	      0.00000000	     -0.00000000	     -0.00000000	     -0.00000000	      0.00000000	     -0.11221104	     -0.07610536	      0.17661068	     -0.87563473	     -0.30370200	     -0.19563294	     -0.26235515	     -0.37058348	     -0.00000000	      0.89959327	      0.00168578	     -0.00000000	     -0.00000000	     -0.00000000	      0.15204064	     -0.00000000	     -0.13665406	      0.00000000	    255.29587904	      0.00000000	     -0.00000000	     -0.00000000	     -0.00000000	     -0.00000000	     -0.00000000	      0.00000000
      0.61500000	      0.00000000	      0.00000000	      0.00000000	      0.00000000	      0.00000000	      0.00000000	      0.00000000	      0.00000000	      0.00000000	      0.00000000	      0.00000000	      0.00000000	      0.00000000	      0.00000000	      0.00000000	      0.00000000	      0.00000000	      0.00000000	      0.00000000	      0.00000000	      0.00000000	      0.00000000	      0.00000000	      0.00000000	      0.00000000	      0.00000000	      0.00000000	      0.00000000	      0.00000000	      0.00000000	      0.00000000	      0.00000000	      0.00000000	      0.00000000	      0.00000000	      0.00000000	      0.00000000	      0.00000000	      0.00000000	      0.00000000	      0.33584968	      0.00000000	      0.20613335	    155.86663203	      0.24819220	      0.22269544	      9.44717011	      0.00000000	      0.00000000	     -0.00000000	     -0.00000000	     -0.00000000	     -0.00000000	      0.00000000	     -0.11360805	     -0.07676727	      0.18356974	     -0.87086311	     -0.30244579	     -0.20192586	     -0.26117062	     -0.36935174	     -0.00000000	      0.87134844	      0.00064968	     -0.00000000	      0.00000000	     -0.00000000	      0.15207182	     -0.00000000	     -0.13535038	      0.00000000	    252.86737372	      0.00000000	     -0.00000000	      0.00000000	      0.00000000	     -0.00000000	     -0.00000000	     -0.00000000
      0.62000000	      0.00000000	      0.00000000	      0.00000000	      0.00000000	      0.00000000	      0.00000000	      0.00000000	      0.00000000	      0.00000000	      0.00000000	      0.00000000	      0.00000000	      0.00000000	      0.00000000	      0.00000000	      0.00000000	      0.00000000	      0.00000000	      0.00000000	      0.00000000	      0.00000000	      0.00000000	      0.00000000	      0.00000000	      0.00000000	      0.00000000	      0.00000000	      0.00000000	      0.00000000	      0.00000000	      0.00000000	      0.00000000	      0.00000000	      0.00000000	      0.00000000	      0.00000000	      0.00000000	      0.00000000	      0.00000000	      0.00000000	      0.33447334	      0.00000000	      0.21065267	    154.19716106	      0.25292597	      0.22417101	      7.92699139	      0.00000000	     -0.00000000	      0.00000000	      0.00000000	      0.00000000	     -0.00000000	      0.00000000	     -0.11507743	     -0.07756588	      0.19005981	     -0.86629947	     -0.30240792	     -0.20909869	     -0.26001527	     -0.36855203	     -0.00000000	      0.84444940	     -0.00026072	     -0.00000000	      0.00000000	     -0.00000000	      0.15201138	     -0.00000000	     -0.13409002	      0.00000000	    250.42986273	     -0.00000000	     -0.00000000	     -0.00000000	      0.00000000	      0.00000000	      0.00000000	      0.00000000
      0.62500000	      0.00000000	      0.00000000	      0.00000000	      0.00000000	      0.00000000	      0.00000000	      0.00000000	      0.00000000	      0.00000000	      0.00000000	      0.00000000	      0.00000000	      0.00000000	      0.00000000	      0.00000000	      0.00000000	      0.00000000	      0.00000000	      0.00000000	      0.00000000	      0.00000000	      0.00000000	      0.00000000	      0.00000000	      0.00000000	      0.00000000	      0.00000000	      0.00000000	      0.00000000	      0.00000000	      0.00000000	      0.00000000	      0.00000000	      0.00000000	      0.00000000	      0.00000000	      0.00000000	      0.00000000	      0.00000000	      0.00000000	      0.33078382	      0.00000000	      0.21387942	    152.60654005	      0.25553032	      0.22422286	      6.57507599	     -0.00000000	     -0.00000000	      0.00000000	      0.00000000	      0.00000000	     -0.00000000	      0.00000000	     -0.11652319	     -0.07839435	      0.19563770	     -0.86232765	     -0.30361613	     -0.21689643	     -0.25908912	     -0.36843533	     -0.00000000	      0.81865065	     -0.00106220	      0.00000000	     -0.00000000	     -0.00000000	      0.15190454	     -0.00000000	     -0.13292597	      0.00000000	    248.05044315	      0.00000000	     -0.00000000	      0.00000000	      0.00000000	     -0.00000000	     -0.00000000	      0.00000000
      0.63000000	      0.00000000	      0.00000000	      0.00000000	      0.00000000	      0.00000000	      0.00000000	      0.00000000	      0.00000000	      0.00000000	      0.00000000	      0.00000000	      0.00000000	      0.00000000	      0.00000000	      0.00000000	      0.00000000	      0.00000000	      0.00000000	      0.00000000	      0.00000000	      0.00000000	      0.00000000	      0.00000000	      0.00000000	      0.00000000	      0.00000000	      0.00000000	      0.00000000	      0.00000000	      0.00000000	      0.00000000	      0.00000000	      0.00000000	      0.00000000	      0.00000000	      0.00000000	      0.00000000	      0.00000000	      0.00000000	      0.00000000	      0.32487041	      0.00000000	      0.21548887	    151.05628799	      0.25566827	      0.22275396	      5.43273329	      0.00000000	      0.00000000	      0.00000000	      0.00000000	     -0.00000000	     -0.00000000	      0.00000000	     -0.11785650	     -0.07914164	      0.19988945	     -0.85937419	     -0.30606038	     -0.22500800	     -0.25860917	     -0.36925803	     -0.00000000	      0.79371505	     -0.00177764	      0.00000000	      0.00000000	     -0.00000000	      0.15179728	     -0.00000000	     -0.13189905	      0.00000000	    245.67682572	     -0.00000000	     -0.00000000	      0.00000000	      0.00000000	     -0.00000000	      0.00000000	     -0.00000000
      0.63500000	      0.00000000	      0.00000000	      0.00000000	      0.00000000	      0.00000000	      0.00000000	      0.00000000	      0.00000000	      0.00000000	      0.00000000	      0.00000000	      0.00000000	      0.00000000	      0.00000000	      0.00000000	      0.00000000	      0.00000000	      0.00000000	      0.00000000	      0.00000000	      0.00000000	      0.00000000	      0.00000000	      0.00000000	      0.00000000	      0.00000000	      0.00000000	      0.00000000	      0.00000000	      0.00000000	      0.00000000	      0.00000000	      0.00000000	      0.00000000	      0.00000000	      0.00000000	      0.00000000	      0.00000000	      0.00000000	      0.00000000	      0.31698285	      0.00000000	      0.21527763	    149.50351470	      0.25320586	      0.21975250	      4.41038655	      0.00000000	      0.00000000	      0.00000000	      0.00000000	      0.00000000	     -0.00000000	      0.00000000	     -0.11899651	     -0.07969689	      0.20248229	     -0.85788600	     -0.30968468	     -0.23308081	     -0.25879884	     -0.37126508	     -0.00000000	      0.76943234	     -0.00243457	     -0.00000000	     -0.00000000	     -0.00000000	      0.15173332	     -0.00000000	     -0.13103767	      0.00000000	    243.29175693	      0.00000000	     -0.00000000	     -0.00000000	     -0.00000000	     -0.00000000	     -0.00000000	      0.00000000
      0.64000000	      0.00000000	      0.00000000	      0.00000000	      0.00000000	      0.00000000	      0.00000000	      0.00000000	      0.00000000	      0.00000000	      0.00000000	      0.00000000	      0.00000000	      0.00000000	      0.00000000	      0.00000000	      0.00000000	      0.00000000	      0.00000000	      0.00000000	      0.00000000	      0.00000000	      0.00000000	      0.00000000	      0.00000000	      0.00000000	      0.00000000	      0.00000000	      0.00000000	      0.00000000	      0.00000000	      0.00000000	      0.00000000	      0.00000000	      0.00000000	      0.00000000	      0.00000000	      0.00000000	      0.00000000	      0.00000000	      0.00000000	      0.30753282	      0.00000000	      0.21318719	    147.90391747	      0.24823407	      0.21530518	      3.43888935	      0.00000000	     -0.00000000	      0.00000000	      0.00000000	     -0.00000000	     -0.00000000	      0.00000000	     -0.11986999	     -0.07995442	      0.20320579	     -0.85829956	     -0.31438008	     -0.24067937	     -0.25987416	     -0.37466695	     -0.00000000	      0.74563430	     -0.00306339	      0.00000000	      0.00000000	     -0.00000000	      0.15175155	     -0.00000000	     -0.13035783	      0.00000000	    240.87523414	     -0.00000000	     -0.00000000	      0.00000000	     -0.00000000	      0.00000000	      0.00000000	      0.00000000
      0.64500000	      0.00000000	      0.00000000	      0.00000000	      0.00000000	      0.00000000	      0.00000000	      0.00000000	      0.00000000	      0.00000000	      0.00000000	      0.00000000	      0.00000000	      0.00000000	      0.00000000	      0.00000000	      0.00000000	      0.00000000	      0.00000000	      0.00000000	      0.00000000	      0.00000000	      0.00000000	      0.00000000	      0.00000000	      0.00000000	      0.00000000	      0.00000000	      0.00000000	      0.00000000	      0.00000000	      0.00000000	      0.00000000	      0.00000000	      0.00000000	      0.00000000	      0.00000000	      0.00000000	      0.00000000	      0.00000000	      0.00000000	      0.29706881	      0.00000000	      0.20931005	    146.21404886	      0.24106265	      0.20960465	      2.55915541	      0.00000000	      0.00000000	     -0.00000000	      0.00000000	      0.00000000	     -0.00000000	      0.00000000	     -0.12041101	     -0.07981934	      0.20199502	     -0.86100317	     -0.31997997	     -0.24735937	     -0.26202655	     -0.37961307	     -0.00000000	      0.72220531	     -0.00369548	     -0.00000000	     -0.00000000	     -0.00000000	      0.15188428	     -0.00000000	     -0.12986272	      0.00000000	    238.40616847	      0.00000000	     -0.00000000	      0.00000000	     -0.00000000	      0.00000000	      0.00000000	      0.00000000
      0.65000000	      0.00000000	      0.00000000	      0.00000000	      0.00000000	      0.00000000	      0.00000000	      0.00000000	      0.00000000	      0.00000000	      0.00000000	      0.00000000	      0.00000000	      0.00000000	      0.00000000	      0.00000000	      0.00000000	      0.00000000	      0.00000000	      0.00000000	      0.00000000	      0.00000000	      0.00000000	      0.00000000	      0.00000000	      0.00000000	      0.00000000	      0.00000000	      0.00000000	      0.00000000	      0.00000000	      0.00000000	      0.00000000	      0.00000000	      0.00000000	      0.00000000	      0.00000000	      0.00000000	      0.00000000	      0.00000000	      0.00000000	      0.28621660	      0.00000000	      0.20387653	    144.39395934	      0.23217780	      0.20294381	      1.77726334	      0.00000000	     -0.00000000	      0.00000000	      0.00000000	      0.00000000	     -0.00000000	      0.00000000	     -0.12056148	     -0.07921327	      0.19893383	     -0.86629469	     -0.32625884	     -0.25279974	     -0.26540291	     -0.38615435	     -0.00000000	      0.69908716	     -0.00436176	      0.00000000	      0.00000000	     -0.00000000	      0.15215617	     -0.00000000	     -0.12954212	      0.00000000	    235.84736487	     -0.00000000	     -0.00000000	      0.00000000	      0.00000000	     -0.00000000	     -0.00000000	      0.00000000
      0.65500000	      0.00000000	      0.00000000	      0.00000000	      0.00000000	      0.00000000	      0.00000000	      0.00000000	      0.00000000	      0.00000000	      0.00000000	      0.00000000	      0.00000000	      0.00000000	      0.00000000	      0.00000000	      0.00000000	      0.00000000	      0.00000000	      0.00000000	      0.00000000	      0.00000000	      0.00000000	      0.00000000	      0.00000000	      0.00000000	      0.00000000	      0.00000000	      0.00000000	      0.00000000	      0.00000000	      0.00000000	      0.00000000	      0.00000000	      0.00000000	      0.00000000	      0.00000000	      0.00000000	      0.00000000	      0.00000000	      0.00000000	      0.27559644	      0.00000000	      0.19722126	    142.40921014	      0.22216464	      0.19569094	      1.06352053	      0.00000000	     -0.00000000	      0.00000000	     -0.00000000	      0.00000000	     -0.00000000	      0.00000000	     -0.12027285	     -0.07807980	      0.19423902	     -0.87433835	     -0.33292390	     -0.25681587	     -0.27008569	     -0.39413549	     -0.00000000	      0.67627770	     -0.00509126	      0.00000000	      0.00000000	     -0.00000000	      0.15258361	     -0.00000000	     -0.12937180	      0.00000000	    233.17148772	     -0.00000000	     -0.00000000	      0.00000000	     -0.00000000	      0.00000000	     -0.00000000	     -0.00000000
      0.66000000	      0.00000000	      0.00000000	      0.00000000	      0.00000000	      0.00000000	      0.00000000	      0.00000000	      0.00000000	      0.00000000	      0.00000000	      0.00000000	      0.00000000	      0.00000000	      0.00000000	      0.00000000	      0.00000000	      0.00000000	      0.00000000	      0.00000000	      0.00000000	      0.00000000	      0.00000000	      0.00000000	      0.00000000	      0.00000000	      0.00000000	      0.00000000	      0.00000000	      0.00000000	      0.00000000	      0.00000000	      0.00000000	      0.00000000	      0.00000000	      0.00000000	      0.00000000	      0.00000000	      0.00000000	      0.00000000	      0.00000000	      0.26574794	      0.00000000	      0.18973439	    140.23256042	      0.21161518	      0.18824724	      0.42035511	      0.00000000	      0.00000000	      0.00000000	     -0.00000000	      0.00000000	     -0.00000000	      0.00000000	     -0.11950941	     -0.07638937	      0.18822624	     -0.88512805	     -0.33962393	     -0.25930018	     -0.27607060	     -0.40318066	     -0.00000000	      0.65382413	     -0.00590986	     -0.00000000	      0.00000000	     -0.00000000	      0.15317415	     -0.00000000	     -0.12931351	      0.00000000	    230.38792287	      0.00000000	     -0.00000000	     -0.00000000	      0.00000000	      0.00000000	     -0.00000000	      0.00000000
      0.66500000	      0.00000000	      0.00000000	      0.00000000	      0.00000000	      0.00000000	      0.00000000	      0.00000000	      0.00000000	      0.00000000	      0.00000000	      0.00000000	      0.00000000	      0.00000000	      0.00000000	      0.00000000	      0.00000000	      0.00000000	      0.00000000	      0.00000000	      0.00000000	      0.00000000	      0.00000000	      0.00000000	      0.00000000	      0.00000000	      0.00000000	      0.00000000	      0.00000000	      0.00000000	      0.00000000	      0.00000000	      0.00000000	      0.00000000	      0.00000000	      0.00000000	      0.00000000	      0.00000000	      0.00000000	      0.00000000	      0.00000000	      0.25708856	      0.00000000	      0.18180831	    137.84431753	      0.20105357	      0.18099738	      0.01204410	     -0.00000000	      0.00000000	      0.00000000	      0.00000000	      0.00000000	     -0.00000000	      0.00000000	     -0.11825302	     -0.07414308	      0.18126110	     -0.89846707	     -0.34599448	     -0.26015636	     -0.28318179	     -0.41287973	     -0.00000000	      0.63181377	     -0.00683892	     -0.00000000	      0.00000000	     -0.00000000	      0.15392591	     -0.00000000	     -0.12931736	      0.00000000	    227.48407014	      0.00000000	     -0.00000000	      0.00000000	      0.00000000	     -0.00000000	     -0.00000000	     -0.00000000
      0.67000000	      0.00000000	      0.00000000	      0.00000000	      0.00000000	      0.00000000	      0.00000000	      0.00000000	      0.00000000	      0.00000000	      0.00000000	      0.00000000	      0.00000000	      0.00000000	      0.00000000	      0.00000000	      0.00000000	      0.00000000	      0.00000000	      0.00000000	      0.00000000	      0.00000000	      0.00000000	      0.00000000	      0.00000000	      0.00000000	      0.00000000	      0.00000000	      0.00000000	      0.00000000	      0.00000000	      0.00000000	      0.00000000	      0.00000000	      0.00000000	      0.00000000	      0.00000000	      0.00000000	      0.00000000	      0.00000000	      0.00000000	      0.24990909	      0.00000000	      0.17379417	    135.23378267	      0.19089880	      0.17426960	      0.00000000	     -0.00000000	      0.00000000	     -0.00000000	      0.00000000	     -0.00000000	     -0.00000000	      0.00000000	     -0.11650874	     -0.07137445	      0.17370581	     -0.91397220	     -0.35167990	     -0.25926233	     -0.29106893	     -0.42300399	     -0.00000000	      0.61036269	     -0.00789429	      0.00000000	     -0.00000000	     -0.00000000	      0.15482701	     -0.00000000	     -0.12932678	      0.00000000	    224.45048556	      0.00000000	     -0.00000000	      0.00000000	      0.00000000	      0.00000000	      0.00000000	      0.00000000
      0.67500000	      0.00000000	      0.00000000	      0.00000000	      0.00000000	      0.00000000	      0.00000000	      0.00000000	      0.00000000	      0.00000000	      0.00000000	      0.00000000	      0.00000000	      0.00000000	      0.00000000	      0.00000000	      0.00000000	      0.00000000	      0.00000000	      0.00000000	      0.00000000	      0.00000000	      0.00000000	      0.00000000	      0.00000000	      0.00000000	      0.00000000	      0.00000000	      0.00000000	      0.00000000	      0.00000000	      0.00000000	      0.00000000	      0.00000000	      0.00000000	      0.00000000	      0.00000000	      0.00000000	      0.00000000	      0.00000000	      0.00000000	      0.24439384	      0.00000000	      0.16597828	    132.39829704	      0.18146334	      0.16831742	      0.00000000	     -0.00000000	     -0.00000000	     -0.00000000	     -0.00000000	     -0.00000000	     -0.00000000	      0.00000000	     -0.11431040	     -0.06814844	      0.16587883	     -0.93104980	     -0.35633723	     -0.25646546	     -0.29938015	     -0.43349619	     -0.00000000	      0.58960331	     -0.00908605	     -0.00000000	      0.00000000	     -0.00000000	      0.15585561	     -0.00000000	     -0.12928597	      0.00000000	    221.28104778	      0.00000000	     -0.00000000	      0.00000000	      0.00000000	     -0.00000000	     -0.00000000	     -0.00000000
      0.68000000	      0.00000000	      0.00000000	      0.00000000	      0.00000000	      0.00000000	      0.00000000	      0.00000000	      0.00000000	      0.00000000	      0.00000000	      0.00000000	      0.00000000	      0.00000000	      0.00000000	      0.00000000	      0.00000000	      0.00000000	      0.00000000	      0.00000000	      0.00000000	      0.00000000	      0.00000000	      0.00000000	      0.00000000	      0.00000000	      0.00000000	      0.00000000	      0.00000000	      0.00000000	      0.00000000	      0.00000000	      0.00000000	      0.00000000	      0.00000000	      0.00000000	      0.00000000	      0.00000000	      0.00000000	      0.00000000	      0.00000000	      0.24067604	      0.00000000	      0.15857868	    129.34337963	      0.17297229	      0.16332367	      0.00000000	     -0.00000000	      0.00000000	      0.00000000	      0.00000000	      0.00000000	     -0.00000000	      0.00000000	     -0.11172498	     -0.06455669	      0.15804137	     -0.94890677	     -0.35963012	     -0.25161852	     -0.30792257	     -0.44433737	     -0.00000000	      0.56967412	     -0.01041912	     -0.00000000	      0.00000000	     -0.00000000	      0.15698132	     -0.00000000	     -0.12914769	      0.00000000	    217.97310744	      0.00000000	     -0.00000000	      0.00000000	      0.00000000	     -0.00000000	     -0.00000000	      0.00000000
      0.68500000	      0.00000000	      0.00000000	      0.00000000	      0.00000000	      0.00000000	      0.00000000	      0.00000000	      0.00000000	      0.00000000	      0.00000000	      0.00000000	      0.00000000	      0.00000000	      0.00000000	      0.00000000	      0.00000000	      0.00000000	      0.00000000	      0.00000000	      0.00000000	      0.00000000	      0.00000000	      0.00000000	      0.00000000	      0.00000000	      0.00000000	      0.00000000	      0.00000000	      0.00000000	      0.00000000	      0.00000000	      0.00000000	      0.00000000	      0.00000000	      0.00000000	      0.00000000	      0.00000000	      0.00000000	      0.00000000	      0.00000000	      0.23880630	      0.00000000	      0.15175466	    126.08149568	      0.16558763	      0.15941732	      0.00000000	      0.00000000	     -0.00000000	      0.00000000	      0.00000000	      0.00000000	     -0.00000000	      0.00000000	     -0.10885525	     -0.06070929	      0.15040582	     -0.96675732	     -0.36122672	     -0.24467956	     -0.31663576	     -0.45546390	     -0.00000000	      0.55071183	     -0.01189410	      0.00000000	      0.00000000	     -0.00000000	      0.15816818	     -0.00000000	     -0.12887795	      0.00000000	    214.52770473	      0.00000000	     -0.00000000	      0.00000000	     -0.00000000	     -0.00000000	     -0.00000000	      0.00000000
      0.69000000	      0.00000000	      0.00000000	      0.00000000	      0.00000000	      0.00000000	      0.00000000	      0.00000000	      0.00000000	      0.00000000	      0.00000000	      0.00000000	      0.00000000	      0.00000000	      0.00000000	      0.00000000	      0.00000000	      0.00000000	      0.00000000	      0.00000000	      0.00000000	      0.00000000	      0.00000000	      0.00000000	      0.00000000	      0.00000000	      0.00000000	      0.00000000	      0.00000000	      0.00000000	      0.00000000	      0.00000000	      0.00000000	      0.00000000	      0.00000000	      0.00000000	      0.00000000	      0.00000000	      0.00000000	      0.00000000	      0.00000000	      0.23885137	      0.00000000	      0.14562045	    122.63224082	      0.15942864	      0.15669317	      0.00000000	      0.00000000	     -0.00000000	      0.00000000	      0.00000000	      0.00000000	     -0.00000000	      0.00000000	     -0.10584244	     -0.05672428	      0.14314542	     -0.98393407	     -0.36081458	     -0.23585706	     -0.32548266	     -0.46674491	     -0.00000000	      0.53284620	     -0.01350771	      0.00000000	      0.00000000	     -0.00000000	      0.15937885	     -0.00000000	     -0.12845638	      0.00000000	    210.94991825	      0.00000000	     -0.00000000	     -0.00000000	      0.00000000	      0.00000000	     -0.00000000	      0.00000000
      0.69500000	      0.00000000	      0.00000000	      0.00000000	      0.00000000	      0.00000000	      0.00000000	      0.00000000	      0.00000000	      0.00000000	      0.00000000	      0.00000000	      0.00000000	      0.00000000	      0.00000000	      0.00000000	      0.00000000	      0.00000000	      0.00000000	      0.00000000	      0.00000000	      0.00000000	      0.00000000	      0.00000000	      0.00000000	      0.00000000	      0.00000000	      0.00000000	      0.00000000	      0.00000000	      0.00000000	      0.00000000	      0.00000000	      0.00000000	      0.00000000	      0.00000000	      0.00000000	      0.00000000	      0.00000000	      0.00000000	      0.00000000	      0.24088555	      0.00000000	      0.14025744	    119.02040642	      0.15458593	      0.15522877	      0.00000000	      0.00000000	      0.00000000	      0.00000000	      0.00000000	     -0.00000000	     -0.00000000	      0.00000000	     -0.10287581	     -0.05271702	      0.13639810	     -0.99985642	     -0.35814070	     -0.22565240	     -0.33438658	     -0.47798405	     -0.00000000	      0.51619715	     -0.01525298	     -0.00000000	     -0.00000000	     -0.00000000	      0.16057894	     -0.00000000	     -0.12787382	      0.00000000	    207.24931849	      0.00000000	     -0.00000000	      0.00000000	      0.00000000	      0.00000000	      0.00000000	      0.00000000
      0.70000000	      0.00000000	      0.00000000	      0.00000000	      0.00000000	      0.00000000	      0.00000000	      0.00000000	      0.00000000	      0.00000000	      0.00000000	      0.00000000	      0.00000000	      0.00000000	      0.00000000	      0.00000000	      0.00000000	      0.00000000	      0.00000000	      0.00000000	      0.00000000	      0.00000000	      0.00000000	      0.00000000	      0.00000000	      0.00000000	      0.00000000	      0.00000000	      0.00000000	      0.00000000	      0.00000000	      0.00000000	      0.00000000	      0.00000000	      0.00000000	      0.00000000	      0.00000000	      0.00000000	      0.00000000	      0.00000000	      0.00000000	      0.24499788	      0.00000000	      0.13572291	    115.27576010	      0.15113004	      0.15509745	      0.00000000	      0.00000000	     -0.00000000	      0.00000000	     -0.00000000	      0.00000000	     -0.00000000	      0.00000000	     -0.10023645	     -0.04879171	      0.13027101	     -1.01392669	     -0.35306898	     -0.21462241	     -0.34321565	     -0.48892590	     -0.00000000	      0.50087330	     -0.01711928	      0.00000000	     -0.00000000	     -0.00000000	      0.16174026	     -0.00000000	     -0.12712960	      0.00000000	    203.44045888	     -0.00000000	     -0.00000000	     -0.00000000	     -0.00000000	      0.00000000	      0.00000000	     -0.00000000
      0.70500000	      0.00000000	      0.00000000	      0.00000000	      0.00000000	      0.00000000	      0.00000000	      0.00000000	      0.00000000	      0.00000000	      0.00000000	      0.00000000	      0.00000000	      0.00000000	      0.00000000	      0.00000000	      0.00000000	      0.00000000	      0.00000000	      0.00000000	      0.00000000	      0.00000000	      0.00000000	      0.00000000	      0.00000000	      0.00000000	      0.00000000	      0.00000000	      0.00000000	      0.00000000	      0.00000000	      0.00000000	      0.00000000	      0.00000000	      0.00000000	      0.00000000	      0.00000000	      0.00000000	      0.00000000	      0.00000000	      0.00000000	      0.25130057	      0.00000000	      0.13205545	    111.43187820	      0.14911616	      0.15637795	      0.00000000	     -0.00000000	      0.00000000	      0.00000000	      0.00000000	     -0.00000000	     -0.00000000	      0.00000000	     -0.09855312	     -0.04503615	      0.12484609	     -1.02544097	     -0.34561237	     -0.20331085	     -0.35178510	     -0.49926074	     -0.00000000	      0.48697126	     -0.01909260	     -0.00000000	      0.00000000	     -0.00000000	      0.16284240	     -0.00000000	     -0.12622967	      0.00000000	    199.54330062	     -0.00000000	     -0.00000000	     -0.00000000	      0.00000000	     -0.00000000	     -0.00000000	      0.00000000
      0.71000000	      0.00000000	      0.00000000	      0.00000000	      0.00000000	      0.00000000	      0.00000000	      0.00000000	      0.00000000	      0.00000000	      0.00000000	      0.00000000	      0.00000000	      0.00000000	      0.00000000	      0.00000000	      0.00000000	      0.00000000	      0.00000000	      0.00000000	      0.00000000	      0.00000000	      0.00000000	      0.00000000	      0.00000000	      0.00000000	      0.00000000	      0.00000000	      0.00000000	      0.00000000	      0.00000000	      0.00000000	      0.00000000	      0.00000000	      0.00000000	      0.00000000	      0.00000000	      0.00000000	      0.00000000	      0.00000000	      0.00000000	      0.25993417	      0.00000000	      0.12927768	    107.52535485	      0.14858638	      0.15916074	      0.00000000	     -0.00000000	      0.00000000	      0.00000000	     -0.00000000	      0.00000000	     -0.00000000	      0.00000000	     -0.04962326	     -0.04151979	      0.12018399	     -1.03354906	     -0.33586865	     -0.19226046	     -0.35986180	     -0.50862483	     -0.00000000	      0.47457474	     -0.02116337	      0.00000000	      0.00000000	     -0.00000000	      0.16387272	     -0.00000000	     -0.12518594	      0.00000000	    195.58344349	      0.00000000	     -0.00000000	      0.00000000	      0.00000000	      0.00000000	      0.00000000	      0.00000000
      0.71500000	      0.00000000	      0.00000000	      0.00000000	      0.00000000	      0.00000000	      0.00000000	      0.00000000	      0.00000000	      0.00000000	      0.00000000	      0.00000000	      0.00000000	      0.00000000	      0.00000000	      0.00000000	      0.00000000	      0.00000000	      0.00000000	      0.00000000	      0.00000000	      0.00000000	      0.00000000	      0.00000000	      0.00000000	      0.00000000	      0.00000000	      0.00000000	      0.00000000	      0.00000000	      0.00000000	      0.00000000	      0.00000000	      0.00000000	      0.00000000	      0.00000000	      0.00000000	      0.00000000	      0.00000000	      0.00000000	      0.00000000	      0.27105739	      0.00000000	      0.12739750	    103.59428804	      0.14957060	      0.16354975	      0.00000000	      0.00000000	      0.00000000	     -0.00000000	      0.00000000	     -0.00000000	     -0.00000000	      0.00000000	     -0.04689106	     -0.03829424	      0.11632580	     -1.03729727	     -0.32401733	     -0.18193462	     -0.36716437	     -0.51659218	     -0.00000000	      0.46375267	     -0.02335633	      0.00000000	      0.00000000	     -0.00000000	      0.16482546	     -0.00000000	     -0.12401628	      0.00000000	    191.59204136	     -0.00000000	     -0.00000000	     -0.00000000	      0.00000000	      0.00000000	     -0.00000000	      0.00000000
      0.72000000	      0.00000000	      0.00000000	      0.00000000	      0.00000000	      0.00000000	      0.00000000	      0.00000000	      0.00000000	      0.00000000	      0.00000000	      0.00000000	      0.00000000	      0.00000000	      0.00000000	      0.00000000	      0.00000000	      0.00000000	      0.00000000	      0.00000000	      0.00000000	      0.00000000	      0.00000000	      0.00000000	      0.00000000	      0.00000000	      0.00000000	      0.00000000	      0.00000000	      0.00000000	      0.00000000	      0.00000000	      0.00000000	      0.00000000	      0.00000000	      0.00000000	      0.00000000	      0.00000000	      0.00000000	      0.00000000	      0.00000000	      0.28480382	      0.00000000	      0.12640866	     99.67728429	      0.15208730	      0.16965499	      0.00000000	      0.00000000	      0.00000000	     -0.00000000	      0.00000000	     -0.00000000	     -0.00000000	      0.00000000	     -0.04440025	     -0.03539514	      0.11329364	     -1.03583661	     -0.31032009	     -0.17265973	     -0.37335432	     -0.52264977	     -0.00000000	      0.45455606	     -0.02576331	      0.00000000	      0.00000000	     -0.00000000	      0.16570055	     -0.00000000	     -0.12274458	      0.00000000	    187.60532291	      0.00000000	     -0.00000000	      0.00000000	      0.00000000	     -0.00000000	      0.00000000	     -0.00000000
      0.72500000	      0.00000000	      0.00000000	      0.00000000	      0.00000000	      0.00000000	      0.00000000	      0.00000000	      0.00000000	      0.00000000	      0.00000000	      0.00000000	      0.00000000	      0.00000000	      0.00000000	      0.00000000	      0.00000000	      0.00000000	      0.00000000	      0.00000000	      0.00000000	      0.00000000	      0.00000000	      0.00000000	      0.00000000	      0.00000000	      0.00000000	      0.00000000	      0.00000000	      0.00000000	      0.00000000	      0.00000000	      0.00000000	      0.00000000	      0.00000000	      0.00000000	      0.00000000	      0.00000000	      0.00000000	      0.00000000	      0.00000000	      0.30118990	      0.00000000	      0.12629148	     95.81210326	      0.15614480	      0.17756737	      0.00000000	      0.00000000	      0.00000000	      0.00000000	     -0.00000000	     -0.00000000	     -0.00000000	      0.00000000	     -0.04219142	     -0.03284451	      0.11109123	     -1.02879248	     -0.29508568	     -0.16461393	     -0.37801308	     -0.52614818	     -0.00000000	      0.44701346	     -0.02850891	      0.00000000	      0.00000000	     -0.00000000	      0.16650229	     -0.00000000	     -0.12140060	      0.00000000	    183.66365999	      0.00000000	     -0.00000000	      0.00000000	      0.00000000	     -0.00000000	      0.00000000	      0.00000000
      0.73000000	      0.00000000	      0.00000000	      0.00000000	      0.00000000	      0.00000000	      0.00000000	      0.00000000	      0.00000000	      0.00000000	      0.00000000	      0.00000000	      0.00000000	      0.00000000	      0.00000000	      0.00000000	      0.00000000	      0.00000000	      0.00000000	      0.00000000	      0.00000000	      0.00000000	      0.00000000	      0.00000000	      0.00000000	      0.00000000	      0.00000000	      0.00000000	      0.00000000	      0.00000000	      0.00000000	      0.00000000	      0.00000000	      0.00000000	      0.00000000	      0.00000000	      0.00000000	      0.00000000	      0.00000000	      0.00000000	      0.00000000	      0.31999188	      0.00000000	      0.12701389	     92.03444611	      0.16174360	      0.18730614	      0.00000000	     -0.00000000	      0.00000000	     -0.00000000	     -0.00000000	     -0.00000000	     -0.00000000	      0.00000000	     -0.04029236	     -0.03065311	      0.10970515	     -1.01631719	     -0.27862128	     -0.15785345	     -0.38061146	     -0.52628407	     -0.00000000	      0.44112631	     -0.03165596	     -0.00000000	     -0.00000000	     -0.00000000	      0.16723824	     -0.00000000	     -0.12001926	      0.00000000	    179.81019500	     -0.00000000	     -0.08369958	     -0.00000000	     -0.00000000	     -0.00000000	     -0.00000000	     -0.00000000
      0.73500000	      0.00000000	      0.00000000	      0.00000000	      0.00000000	      0.00000000	      0.00000000	      0.00000000	      0.00000000	      0.00000000	      0.00000000	      0.00000000	      0.00000000	      0.00000000	      0.00000000	      0.00000000	      0.00000000	      0.00000000	      0.00000000	      0.00000000	      0.00000000	      0.00000000	      0.00000000	      0.00000000	      0.00000000	      0.00000000	      0.00000000	      0.00000000	      0.00000000	      0.00000000	      0.00000000	      0.00000000	      0.00000000	      0.00000000	      0.00000000	      0.00000000	      0.00000000	      0.00000000	      0.00000000	      0.00000000	      0.00000000	      0.34067579	      0.00000000	      0.12853313	     88.37628505	      0.16887963	      0.19874522	      0.00000000	     -0.00000000	      0.00000000	      0.00000000	     -0.00000000	     -0.00000000	     -0.00000000	      0.00000000	     -0.03871963	     -0.02882243	      0.10910713	     -0.99870945	     -0.26118671	     -0.15234973	     -0.38056206	     -0.52246543	     -0.00000000	      0.43686609	     -0.03526022	     -0.00000000	      0.00000000	     -0.00000000	      0.16791802	     -0.00000000	     -0.11863948	      0.00000000	    176.08912799	      0.00000000	     -0.34337128	      0.00000000	      0.00000000	     -0.00000000	     -0.00000000	      0.00000000
      0.74000000	      0.00000000	      0.00000000	      0.00000000	      0.00000000	      0.00000000	      0.00000000	      0.00000000	      0.00000000	      0.00000000	      0.00000000	      0.00000000	      0.00000000	      0.00000000	      0.00000000	      0.00000000	      0.00000000	      0.00000000	      0.00000000	      0.00000000	      0.00000000	      0.00000000	      0.00000000	      0.00000000	      0.00000000	      0.00000000	      0.00000000	      0.00000000	      0.00000000	      0.00000000	      0.00000000	      0.00000000	      0.00000000	      0.00000000	      0.00000000	      0.00000000	      0.00000000	      0.00000000	      0.00000000	      0.00000000	      0.00000000	      0.36245796	      0.00000000	      0.13079818	     84.86625718	      0.17754705	      0.21156169	      0.00000000	      0.00000000	     -0.00000000	     -0.00000000	     -0.00000000	     -0.00000000	     -0.00000000	      0.00000000	     -0.03748004	     -0.02734636	      0.10925750	     -0.97658302	     -0.24296903	     -0.14801904	     -0.37761297	     -0.51515897	     -0.00000000	      0.43417533	     -0.03939208	      0.00000000	     -0.00000000	     -0.00000000	      0.16855213	     -0.00000000	     -0.11730238	      0.00000000	    172.54378124	     -0.00000000	     -0.63635038	      0.00000000	     -0.00000000	     -0.00000000	      0.00000000	     -0.00000000
      0.74500000	      0.00000000	      0.00000000	      0.00000000	      0.00000000	      0.00000000	      0.00000000	      0.00000000	      0.00000000	      0.00000000	      0.00000000	      0.00000000	      0.00000000	      0.00000000	      0.00000000	      0.00000000	      0.00000000	      0.00000000	      0.00000000	      0.00000000	      0.00000000	      0.00000000	      0.00000000	      0.00000000	      0.00000000	      0.00000000	      0.00000000	      0.00000000	      0.00000000	      0.00000000	      0.00000000	      0.00000000	      0.00000000	      0.00000000	      0.00000000	      0.00000000	      0.00000000	      0.00000000	      0.00000000	      0.00000000	      0.00000000	      0.38366875	      0.00000000	      0.13375233	     81.52732756	      0.18773552	      0.22526586	      0.00000000	     -0.00000000	     -0.00000000	     -0.00000000	     -0.00000000	      0.00000000	     -0.00000000	      0.00000000	     -0.03657176	     -0.02621247	      0.11010894	     -0.95077385	     -0.22412932	     -0.14474041	     -0.37228605	     -0.50530236	     -0.00000000	      0.43297300	     -0.04397495	     -0.00000000	      0.00000000	     -0.00000000	      0.16915060	     -0.00000000	     -0.11604940	      0.00000000	    169.21466162	     -0.00000000	     -0.91936041	     -0.00000000	     -0.00000000	     -0.00000000	     -0.00000000	      0.00000000
      0.75000000	      0.00000000	      0.00000000	      0.00000000	      0.00000000	      0.00000000	      0.00000000	      0.00000000	      0.00000000	      0.00000000	      0.00000000	      0.00000000	      0.00000000	      0.00000000	      0.00000000	      0.00000000	      0.00000000	      0.00000000	      0.00000000	      0.00000000	      0.00000000	      0.00000000	      0.00000000	      0.00000000	      0.00000000	      0.00000000	      0.00000000	      0.00000000	      0.00000000	      0.00000000	      0.00000000	      0.00000000	      0.00000000	      0.00000000	      0.00000000	      0.00000000	      0.00000000	      0.00000000	      0.00000000	      0.00000000	      0.00000000	      0.40158368	      0.00000000	      0.13733521	     78.37709663	      0.19941346	      0.23910039	      0.00000000	     -0.00000000	     -0.00000000	     -0.00000000	      0.00000000	     -0.00000000	     -0.00000000	      0.00000000	     -0.03598517	     -0.02540283	      0.11160983	     -0.92207630	     -0.20501581	     -0.14236501	     -0.36521136	     -0.49345351	     -0.00000000	      0.43316273	     -0.04883246	      0.00000000	     -0.00000000	     -0.00000000	      0.16972184	     -0.00000000	     -0.11492020	      0.00000000	    166.13765883	      0.00000000	     -1.18046891	      0.00000000	      0.00000000	      0.00000000	     -0.00000000	     -0.00000000
      0.75500000	      0.00000000	      0.00000000	      0.00000000	      0.00000000	      0.00000000	      0.00000000	      0.00000000	      0.00000000	      0.00000000	      0.00000000	      0.00000000	      0.00000000	      0.00000000	      0.00000000	      0.00000000	      0.00000000	      0.00000000	      0.00000000	      0.00000000	      0.00000000	      0.00000000	      0.00000000	      0.00000000	      0.00000000	      0.00000000	      0.00000000	      0.00000000	      0.00000000	      0.00000000	      0.00000000	      0.00000000	      0.00000000	      0.00000000	      0.00000000	      0.00000000	      0.00000000	      0.00000000	      0.00000000	      0.00000000	      0.00000000	      0.41532527	      0.00000000	      0.14148375	     75.42819924	      0.21248867	      0.25157445	      0.00000000	      0.00000000	     -0.00000000	     -0.00000000	     -0.00000000	      0.00000000	     -0.00000000	      0.00000000	     -0.03570338	     -0.02489475	      0.11370653	     -0.89106098	     -0.18643782	     -0.14072160	     -0.35680607	     -0.48015165	     -0.00000000	      0.43464061	     -0.05384779	      0.00000000	      0.00000000	     -0.00000000	      0.17027147	     -0.00000000	     -0.11395084	      0.00000000	    163.34254142	     -0.00000000	     -1.41537832	     -0.00000000	     -0.00000000	     -0.00000000	      0.00000000	      0.00000000
      0.76000000	      0.00000000	      0.00000000	      0.00000000	      0.00000000	      0.00000000	      0.00000000	      0.00000000	      0.00000000	      0.00000000	      0.00000000	      0.00000000	      0.00000000	      0.00000000	      0.00000000	      0.00000000	      0.00000000	      0.00000000	      0.00000000	      0.00000000	      0.00000000	      0.00000000	      0.00000000	      0.00000000	      0.00000000	      0.00000000	      0.00000000	      0.00000000	      0.00000000	      0.00000000	      0.00000000	      0.00000000	      0.00000000	      0.00000000	      0.00000000	      0.00000000	      0.00000000	      0.00000000	      0.00000000	      0.00000000	      0.00000000	      0.42576708	      0.00000000	      0.14612915	     72.68806319	      0.22674802	      0.26174307	      0.00000000	     -0.00000000	     -0.00000000	      0.00000000	     -0.00000000	      0.00000000	     -0.00000000	      0.00000000	     -0.03570271	     -0.02466122	      0.11634462	     -0.85808943	     -0.16969175	     -0.13962134	     -0.34747892	     -0.46579536	     -0.00000000	      0.43727542	     -0.05897866	     -0.00000000	      0.00000000	     -0.00000000	      0.17080140	     -0.00000000	     -0.11317215	      0.00000000	    160.85101493	     -0.00000000	     -1.62230853	     -0.00000000	     -0.00000000	      0.00000000	      0.00000000	     -0.00000000
      0.76500000	      0.00000000	      0.00000000	      0.00000000	      0.00000000	      0.00000000	      0.00000000	      0.00000000	      0.00000000	      0.00000000	      0.00000000	      0.00000000	      0.00000000	      0.00000000	      0.00000000	      0.00000000	      0.00000000	      0.00000000	      0.00000000	      0.00000000	      0.00000000	      0.00000000	      0.00000000	      0.00000000	      0.00000000	      0.00000000	      0.00000000	      0.00000000	      0.00000000	      0.00000000	      0.00000000	      0.00000000	      0.00000000	      0.00000000	      0.00000000	      0.00000000	      0.00000000	      0.00000000	      0.00000000	      0.00000000	      0.00000000	      0.43390448	      0.00000000	      0.15120194	     70.15955066	      0.24180887	      0.26980923	      0.00000000	      0.00000000	      0.00000000	      0.00000000	      0.00000000	      0.00000000	     -0.00000000	      0.00000000	     -0.03595322	     -0.02467155	      0.11946917	     -0.82342866	     -0.15567337	     -0.13886429	     -0.33753483	     -0.45061234	     -0.00000000	      0.44088609	     -0.06419910	      0.00000000	     -0.00000000	     -0.00000000	      0.17130924	     -0.00000000	     -0.11260853	      0.00000000	    158.63537555	      0.00000000	     -1.80045953	      0.00000000	      0.00000000	      0.00000000	      0.00000000	      0.00000000
      0.77000000	      0.00000000	      0.00000000	      0.00000000	      0.00000000	      0.00000000	      0.00000000	      0.00000000	      0.00000000	      0.00000000	      0.00000000	      0.00000000	      0.00000000	      0.00000000	      0.00000000	      0.00000000	      0.00000000	      0.00000000	      0.00000000	      0.00000000	      0.00000000	      0.00000000	      0.00000000	      0.00000000	      0.00000000	      0.00000000	      0.00000000	      0.00000000	      0.00000000	      0.00000000	      0.00000000	      0.00000000	      0.00000000	      0.00000000	      0.00000000	      0.00000000	      0.00000000	      0.00000000	      0.00000000	      0.00000000	      0.00000000	      0.44038051	      0.00000000	      0.15662531	     67.84118012	      0.25713913	      0.27631167	      0.00000000	     -0.00000000	      0.00000000	     -0.00000000	     -0.00000000	      0.00000000	     -0.00000000	      0.00000000	     -0.03641938	     -0.02489191	      0.12302397	     -0.78734327	     -0.14472117	     -0.13824852	     -0.32715950	     -0.43474796	     -0.00000000	      0.44531238	     -0.06948861	      0.00000000	      0.00000000	     -0.00000000	      0.17178811	     -0.00000000	     -0.11227713	      0.00000000	    156.74456068	      0.00000000	     -1.94962965	      0.00000000	      0.00000000	      0.00000000	      0.00000000	     -0.00000000
      0.77500000	      0.00000000	      0.00000000	      0.00000000	      0.00000000	      0.00000000	      0.00000000	      0.00000000	      0.00000000	      0.00000000	      0.00000000	      0.00000000	      0.00000000	      0.00000000	      0.00000000	      0.00000000	      0.00000000	      0.00000000	      0.00000000	      0.00000000	      0.00000000	      0.00000000	      0.00000000	      0.00000000	      0.00000000	      0.00000000	      0.00000000	      0.00000000	      0.00000000	      0.00000000	      0.00000000	      0.00000000	      0.00000000	      0.00000000	      0.00000000	      0.00000000	      0.00000000	      0.00000000	      0.00000000	      0.00000000	      0.00000000	      0.44555987	      0.00000000	      0.16231206	     65.72833011	      0.27222517	      0.28164888	      0.00000000	      0.00000000	      0.00000000	     -0.00000000	     -0.00000000	     -0.00000000	     -0.00000000	      0.00000000	     -0.03706091	     -0.02528598	      0.12694970	     -0.75013230	     -0.13755525	     -0.13758177	     -0.31647521	     -0.41834074	     -0.00000000	      0.45044646	     -0.07483267	      0.00000000	      0.00000000	     -0.00000000	      0.17222709	     -0.00000000	     -0.11218753	      0.00000000	    155.17752536	      0.00000000	     -2.07031573	      0.00000000	      0.00000000	      0.00000000	      0.00000000	      0.00000000
      0.78000000	      0.00000000	      0.00000000	      0.00000000	      0.00000000	      0.00000000	      0.00000000	      0.00000000	      0.00000000	      0.00000000	      0.00000000	      0.00000000	      0.00000000	      0.00000000	      0.00000000	      0.00000000	      0.00000000	      0.00000000	      0.00000000	      0.00000000	      0.00000000	      0.00000000	      0.00000000	      0.00000000	      0.00000000	      0.00000000	      0.00000000	      0.00000000	      0.00000000	      0.00000000	      0.00000000	      0.00000000	      0.00000000	      0.00000000	      0.00000000	      0.00000000	      0.00000000	      0.00000000	      0.00000000	      0.00000000	      0.00000000	      0.44963651	      0.00000000	      0.16816360	     63.81322805	      0.28651056	      0.28605238	      0.00000000	     -0.00000000	     -0.00000000	     -0.00000000	     -0.00000000	     -0.00000000	     -0.00000000	      0.00000000	     -0.03783397	     -0.02581570	      0.13118148	     -0.71212855	     -0.13406814	     -0.13669532	     -0.30559226	     -0.40154600	     -0.00000000	      0.45622504	     -0.08022281	     -0.00000000	      0.00000000	     -0.00000000	      0.17261206	     -0.00000000	     -0.11234174	      0.00000000	    153.92556488	     -0.00000000	     -2.16386643	     -0.00000000	     -0.00000000	      0.00000000	     -0.00000000	      0.00000000
      0.78500000	      0.00000000	      0.00000000	      0.00000000	      0.00000000	      0.00000000	      0.00000000	      0.00000000	      0.00000000	      0.00000000	      0.00000000	      0.00000000	      0.00000000	      0.00000000	      0.00000000	      0.00000000	      0.00000000	      0.00000000	      0.00000000	      0.00000000	      0.00000000	      0.00000000	      0.00000000	      0.00000000	      0.00000000	      0.00000000	      0.00000000	      0.00000000	      0.00000000	      0.00000000	      0.00000000	      0.00000000	      0.00000000	      0.00000000	      0.00000000	      0.00000000	      0.00000000	      0.00000000	      0.00000000	      0.00000000	      0.00000000	      0.45269636	      0.00000000	      0.17407058	     62.08585856	      0.29961429	      0.28965104	      0.00000000	      0.00000000	      0.00000000	      0.00000000	     -0.00000000	     -0.00000000	     -0.00000000	      0.00000000	     -0.03869270	     -0.02644219	      0.13564681	     -0.67368259	     -0.13247470	     -0.13545818	     -0.29462940	     -0.38453009	     -0.00000000	      0.46260271	     -0.08565628	      0.00000000	      0.00000000	     -0.00000000	      0.17292701	     -0.00000000	     -0.11273462	      0.00000000	    152.97299909	      0.00000000	     -2.23246770	      0.00000000	     -0.00000000	      0.00000000	      0.00000000	     -0.00000000
      0.79000000	      0.00000000	      0.00000000	      0.00000000	      0.00000000	      0.00000000	      0.00000000	      0.00000000	      0.00000000	      0.00000000	      0.00000000	      0.00000000	      0.00000000	      0.00000000	      0.00000000	      0.00000000	      0.00000000	      0.00000000	      0.00000000	      0.00000000	      0.00000000	      0.00000000	      0.00000000	      0.00000000	      0.00000000	      0.00000000	      0.00000000	      0.00000000	      0.00000000	      0.00000000	      0.00000000	      0.00000000	      0.00000000	      0.00000000	      0.00000000	      0.00000000	      0.00000000	      0.00000000	      0.00000000	      0.00000000	      0.00000000	      0.45475845	      0.00000000	      0.18013621	     60.53428380	      0.31108965	      0.29252147	      0.00000000	     -0.00000000	     -0.00000000	      0.00000000	     -0.00000000	      0.00000000	     -0.00000000	      0.00000000	     -0.03959119	     -0.02712693	      0.14026451	     -0.63514547	     -0.13142910	     -0.13378874	     -0.28371368	     -0.36745729	     -0.00000000	      0.46952986	     -0.09113532	      0.00000000	     -0.00000000	     -0.00000000	      0.17315544	     -0.00000000	     -0.11335456	      0.00000000	    152.29807063	     -0.00000000	     -2.27895925	     -0.00000000	     -0.00000000	      0.00000000	     -0.00000000	     -0.00000000
      0.79500000	      0.00000000	      0.00000000	      0.00000000	      0.00000000	      0.00000000	      0.00000000	      0.00000000	      0.00000000	      0.00000000	      0.00000000	      0.00000000	      0.00000000	      0.00000000	      0.00000000	      0.00000000	      0.00000000	      0.00000000	      0.00000000	      0.00000000	      0.00000000	      0.00000000	      0.00000000	      0.00000000	      0.00000000	      0.00000000	      0.00000000	      0.00000000	      0.00000000	      0.00000000	      0.00000000	      0.00000000	      0.00000000	      0.00000000	      0.00000000	      0.00000000	      0.00000000	      0.00000000	      0.00000000	      0.00000000	      0.00000000	      0.45583794	      1.80287344	      0.18584586	     59.14508861	      0.32062421	      0.29471741	      0.00000000	      0.00000000	     -0.00000000	     -0.00000000	      0.00000000	      0.00000000	     -0.00000000	      0.00000000	     -0.04048566	     -0.02783304	      0.14494523	     -0.59685649	     -0.13065403	     -0.13166111	     -0.27297286	     -0.35047890	     -0.00000000	      0.47694287	     -0.09666625	     -0.00000000	      0.00000000	     -0.00000000	      0.17328176	     -0.00000000	     -0.11418436	      0.00000000	    151.87397935	     -0.00000000	     -2.30658567	     -0.00000000	     -0.00000000	     -0.00000000	      0.00000000	     -0.00000000
      0.80000000	      0.00000000	      0.00000000	      0.00000000	      0.00000000	      0.00000000	      0.00000000	      0.00000000	      0.00000000	      0.00000000	      0.00000000	      0.00000000	      0.00000000	      0.00000000	      0.00000000	      0.00000000	      0.00000000	      0.00000000	      0.00000000	      0.00000000	      0.00000000	      0.00000000	      0.00000000	      0.00000000	      0.00000000	      0.00000000	      0.00000000	      0.00000000	      0.00000000	      0.00000000	      0.00000000	      0.00000000	      0.00000000	      0.00000000	      0.00000000	      0.00000000	      0.00000000	      0.00000000	      0.00000000	      0.00000000	      0.00000000	      0.45601285	      5.17524275	      0.19127143	     57.90371627	      0.32825034	      0.29628510	      0.00000000	      0.00000000	     -0.00000000	     -0.00000000	      0.00000000	     -0.00000000	     -0.00000000	      0.00000000	     -0.04133662	     -0.02852671	      0.14959388	     -0.55913565	     -0.13010759	     -0.12910421	     -0.26252741	     -0.33372678	     -0.00000000	      0.48476320	     -0.10225836	     -0.00000000	      0.00000000	     -0.00000000	      0.17329235	     -0.00000000	     -0.11520229	      0.00000000	    151.67002296	     -0.00000000	     -2.31875908	     -0.00000000	     -0.00000000	      0.00000000	      0.00000000	      0.00000000
      0.80500000	      0.00000000	      0.00000000	      0.00000000	      0.00000000	      0.00000000	      0.00000000	      0.00000000	      0.00000000	      0.00000000	      0.00000000	      0.00000000	      0.00000000	      0.00000000	      0.00000000	      0.00000000	      0.00000000	      0.00000000	      0.00000000	      0.00000000	      0.00000000	      0.00000000	      0.00000000	      0.00000000	      0.00000000	      0.00000000	      0.00000000	      0.00000000	      0.00000000	      0.00000000	      0.00000000	      0.00000000	      0.00000000	      0.00000000	      0.00000000	      0.00000000	      0.00000000	      0.00000000	      0.00000000	      0.00000000	      0.00000000	      0.45541120	      9.32663499	      0.19629101	     56.79408707	      0.33420491	      0.29727033	      0.00000000	      0.00000000	      0.00000000	     -0.00000000	      0.00000000	      0.00000000	     -0.00000000	      0.00000000	     -0.04211079	     -0.02917851	      0.15411384	     -0.52227755	     -0.12976023	     -0.12619387	     -0.25248415	     -0.31731080	     -0.00000000	      0.49289953	     -0.10792288	      0.00000000	     -0.00000000	     -0.00000000	      0.17317641	     -0.00000000	     -0.11638308	      0.00000000	    151.65261885	      0.00000000	     -2.31889663	      0.00000000	      0.00000000	      0.00000000	     -0.00000000	     -0.00000000
      0.81000000	      0.00000000	      0.00000000	      0.00000000	      0.00000000	      0.00000000	      0.00000000	      0.00000000	      0.00000000	      0.00000000	      0.00000000	      0.00000000	      0.00000000	      0.00000000	      0.00000000	      0.00000000	      0.00000000	      0.00000000	      0.00000000	      0.00000000	      0.00000000	      0.00000000	      0.00000000	      0.00000000	      0.00000000	      0.00000000	      0.00000000	      0.00000000	      0.00000000	      0.00000000	      0.00000000	      0.00000000	      0.00000000	      0.00000000	      0.00000000	      0.00000000	      0.00000000	      0.00000000	      0.00000000	      0.00000000	      0.00000000	      0.45415886	     14.16934908	      0.20085153	     55.79954247	      0.33875860	      0.29772114	      0.00000000	     -0.00000000	      0.00000000	      0.00000000	     -0.00000000	      0.00000000	     -0.00000000	      0.00000000	     -0.04278243	     -0.02976441	      0.15841256	     -0.48654434	     -0.12959321	     -0.12304031	     -0.24293229	     -0.30131942	     -0.00000000	      0.50125472	     -0.11367160	      0.00000000	      0.00000000	     -0.00000000	      0.17292638	     -0.00000000	     -0.11769918	      0.00000000	    151.78685275	      0.00000000	     -2.31021948	      0.00000000	      0.00000000	     -0.00000000	      0.00000000	      0.00000000
      0.81500000	      0.00000000	      0.00000000	      0.00000000	      0.00000000	      0.00000000	      0.00000000	      0.00000000	      0.00000000	      0.00000000	      0.00000000	      0.00000000	      0.00000000	      0.00000000	      0.00000000	      0.00000000	      0.00000000	      0.00000000	      0.00000000	      0.00000000	      0.00000000	      0.00000000	      0.00000000	      0.00000000	      0.00000000	      0.00000000	      0.00000000	      0.00000000	      0.00000000	      0.00000000	      0.00000000	      0.00000000	      0.00000000	      0.00000000	      0.00000000	      0.00000000	      0.00000000	      0.00000000	      0.00000000	      0.00000000	      0.00000000	      0.45236001	     20.02682008	      0.20485826	     54.90433242	      0.34213773	      0.29768839	      0.00000000	      0.00000000	     -0.00000000	     -0.00000000	     -0.00000000	     -0.00000000	     -0.00000000	      0.00000000	     -0.04333414	     -0.03026650	      0.16240801	     -0.45214692	     -0.12959627	     -0.11977383	     -0.23393866	     -0.28581845	     -0.00000000	      0.50972449	     -0.11951698	      0.00000000	     -0.00000000	     -0.00000000	      0.17253801	     -0.00000000	     -0.11912143	      0.00000000	    152.03662178	     -0.00000000	     -2.29582734	     -0.00000000	     -0.00000000	     -0.00000000	      0.00000000	     -0.00000000
      0.82000000	      0.00000000	      0.00000000	      0.00000000	      0.00000000	      0.00000000	      0.00000000	      0.00000000	      0.00000000	      0.00000000	      0.00000000	      0.00000000	      0.00000000	      0.00000000	      0.00000000	      0.00000000	      0.00000000	      0.00000000	      0.00000000	      0.00000000	      0.00000000	      0.00000000	      0.00000000	      0.00000000	      0.00000000	      0.00000000	      0.00000000	      0.00000000	      0.00000000	      0.00000000	      0.00000000	      0.00000000	      0.00000000	      0.00000000	      0.00000000	      0.00000000	      0.00000000	      0.00000000	      0.00000000	      0.00000000	      0.00000000	      0.45010082	     26.32890747	      0.20829751	     54.09095709	      0.34451227	      0.29722526	      0.00000000	      0.00000000	     -0.00000000	      0.00000000	     -0.00000000	     -0.00000000	     -0.00000000	      0.00000000	     -0.05770561	     -0.03067317	      0.16603408	     -0.41924296	     -0.12976331	     -0.11653134	     -0.22554863	     -0.27085778	     -0.00000000	      0.51821320	     -0.12546978	      0.00000000	     -0.00000000	     -0.00000000	      0.17201017	     -0.00000000	     -0.12062082	      0.00000000	    152.42234594	      0.00000000	     -2.27832129	     -0.00000000	      0.00000000	      0.00000000	      0.00000000	      0.00000000
      0.82500000	      0.00000000	      0.00000000	      0.00000000	      0.00000000	      0.00000000	      0.00000000	      0.00000000	      0.00000000	      0.00000000	      0.00000000	      0.00000000	      0.00000000	      0.00000000	      0.00000000	      0.00000000	      0.00000000	      0.00000000	      0.00000000	      0.00000000	      0.00000000	      0.00000000	      0.00000000	      0.00000000	      0.00000000	      0.00000000	      0.00000000	      0.00000000	      0.00000000	      0.00000000	      0.00000000	      0.00000000	      0.00000000	      0.00000000	      0.00000000	      0.00000000	      0.00000000	      0.00000000	      0.00000000	      0.00000000	      0.00000000	      0.44745525	     33.42648076	      0.21114091	     53.34253082	      0.34600804	      0.29638669	      0.00000000	      0.00000000	      0.00000000	      0.00000000	      0.00000000	     -0.00000000	     -0.00000000	      0.00000000	     -0.05603712	     -0.03097887	      0.16924530	     -0.38791932	     -0.13008706	     -0.11344558	     -0.21778262	     -0.25647118	     -0.00000000	      0.52662365	     -0.13153957	      0.00000000	      0.00000000	     -0.00000000	      0.17134433	     -0.00000000	     -0.12216824	      0.00000000	    152.80611121	      0.00000000	     -2.26012122	      0.00000000	     -0.00000000	      0.00000000	      0.00000000	      0.00000000
      0.83000000	      0.00000000	      0.00000000	      0.00000000	      0.00000000	      0.00000000	      0.00000000	      0.00000000	      0.00000000	      0.00000000	      0.00000000	      0.00000000	      0.00000000	      0.00000000	      0.00000000	      0.00000000	      0.00000000	      0.00000000	      0.00000000	      0.00000000	      0.00000000	      0.00000000	      0.00000000	      0.00000000	      0.00000000	      0.00000000	      0.00000000	      0.00000000	      0.00000000	      0.00000000	      0.00000000	      0.00000000	      0.00000000	      0.00000000	      0.00000000	      0.00000000	      0.00000000	      0.00000000	      0.00000000	      0.00000000	      0.00000000	      0.44448903	     40.82108539	      0.21338975	     52.64273001	      0.34672144	      0.29522878	      0.00000000	      0.00000000	      0.00000000	      0.00000000	      0.00000000	     -0.00000000	     -0.00000000	      0.00000000	     -0.05468218	     -0.03118350	      0.17201899	     -0.35819627	     -0.13055302	     -0.11063738	     -0.21063455	     -0.24267813	     -0.00000000	      0.53486910	     -0.13773491	     -0.00000000	      0.00000000	     -0.00000000	      0.17054391	     -0.00000000	     -0.12373599	      0.00000000	    153.20597357	      0.00000000	     -2.24325951	      0.00000000	      0.00000000	      0.00000000	      0.00000000	     -0.00000000
      0.83500000	      0.00000000	      0.00000000	      0.00000000	      0.00000000	      0.00000000	      0.00000000	      0.00000000	      0.00000000	      0.00000000	      0.00000000	      0.00000000	      0.00000000	      0.00000000	      0.00000000	      0.00000000	      0.00000000	      0.00000000	      0.00000000	      0.00000000	      0.00000000	      0.00000000	      0.00000000	      0.00000000	      0.00000000	      0.00000000	      0.00000000	      0.00000000	      0.00000000	      0.00000000	      0.00000000	      0.00000000	      0.00000000	      0.00000000	      0.00000000	      0.00000000	      0.00000000	      0.00000000	      0.00000000	      0.00000000	      0.00000000	      0.44126258	     48.02349683	      0.21506022	     51.97604522	      0.34675907	      0.29380825	      0.00000000	     -0.00000000	      0.00000000	      0.00000000	      0.00000000	      0.00000000	     -0.00000000	      0.00000000	     -0.05346261	     -0.03129140	      0.17435435	     -0.33069893	     -0.13114168	     -0.10821134	     -0.20407461	     -0.22949080	     -0.00000000	      0.54287489	     -0.14406128	      0.00000000	      0.00000000	     -0.00000000	      0.16961379	     -0.00000000	     -0.12529801	      0.00000000	    153.59411433	      0.00000000	     -2.22935498	     -0.00000000	      0.00000000	     -0.00000000	     -0.00000000	     -0.00000000
      0.84000000	      0.00000000	      0.00000000	      0.00000000	      0.00000000	      0.00000000	      0.00000000	      0.00000000	      0.00000000	      0.00000000	      0.00000000	      0.00000000	      0.00000000	      0.00000000	      0.00000000	      0.00000000	      0.00000000	      0.00000000	      0.00000000	      0.00000000	      0.00000000	      0.00000000	      0.00000000	      0.00000000	      0.00000000	      0.00000000	      0.00000000	      0.00000000	      0.00000000	      0.00000000	      0.00000000	      0.00000000	      0.00000000	      0.00000000	      0.00000000	      0.00000000	      0.00000000	      0.00000000	      0.00000000	      0.00000000	      0.00000000	      0.43783180	     55.00879612	      0.21620975	     51.32783849	      0.34636325	      0.29218237	      0.00000000	     -0.00000000	      0.00000000	      0.00000000	     -0.00000000	     -0.00000000	     -0.00000000	      0.00000000	     -0.05231353	     -0.03131026	      0.17627006	     -0.30763449	     -0.13185240	     -0.10625397	     -0.19804766	     -0.21691126	     -0.00000000	      0.55057709	     -0.15052282	     -0.00000000	      0.00000000	     -0.00000000	      0.16855953	     -0.00000000	     -0.12683028	      0.00000000	    153.94587528	     -0.00000000	     -2.21974513	     -0.00000000	      0.00000000	     -0.00000000	      0.00000000	      0.00000000
      0.84500000	      0.00000000	      0.00000000	      0.00000000	      0.00000000	      0.00000000	      0.00000000	      0.00000000	      0.00000000	      0.00000000	      0.00000000	      0.00000000	      0.00000000	      0.00000000	      0.00000000	      0.00000000	      0.00000000	      0.00000000	      0.00000000	      0.00000000	      0.00000000	      0.00000000	      0.00000000	      0.00000000	      0.00000000	      0.00000000	      0.00000000	      0.00000000	      0.00000000	      0.00000000	      0.00000000	      0.00000000	      0.00000000	      0.00000000	      0.00000000	      0.00000000	      0.00000000	      0.00000000	      0.00000000	      0.00000000	      0.00000000	      0.43433905	     61.76036582	      0.21687551	     50.68482963	      0.34516754	      0.29040883	      0.00000000	      0.00000000	     -0.00000000	      0.00000000	      0.00000000	      0.00000000	     -0.00000000	      0.00000000	     -0.05120514	     -0.03125004	      0.17780033	     -0.29104409	     -0.13271996	     -0.10483377	     -0.19247573	     -0.20493128	     -0.00000000	      0.55793042	     -0.15712282	      0.00000000	     -0.00000000	     -0.00000000	      0.16738667	     -0.00000000	     -0.12831173	      0.00000000	    154.24084283	      0.00000000	     -2.21537928	      0.00000000	      0.00000000	      0.00000000	      0.00000000	     -0.00000000
      0.85000000	      0.00000000	      0.00000000	      0.00000000	      0.00000000	      0.00000000	      0.00000000	      0.00000000	      0.00000000	      0.00000000	      0.00000000	      0.00000000	      0.00000000	      0.00000000	      0.00000000	      0.00000000	      0.00000000	      0.00000000	      0.00000000	      0.00000000	      0.00000000	      0.00000000	      0.00000000	      0.00000000	      0.00000000	      0.00000000	      0.00000000	      0.00000000	      0.00000000	      0.00000000	      0.00000000	      0.00000000	      0.00000000	      0.00000000	      0.00000000	      0.00000000	      0.00000000	      0.00000000	      0.00000000	      0.00000000	      0.00000000	      0.43187466	     68.26633367	      0.21711515	     50.03524608	      0.34347386	      0.28854559	      0.00000000	      0.00000000	      0.00000000	     -0.00000000	     -0.00000000	     -0.00000000	     -0.00000000	      0.00000000	     -0.05012243	     -0.03112204	      0.17899030	     -0.28034979	     -0.13379021	     -0.10400282	     -0.18726512	     -0.19353595	     -0.00000000	      0.56490210	     -0.16386247	     -0.00000000	     -0.00000000	     -0.00000000	      0.16610046	     -0.00000000	     -0.12972364	      0.00000000	    154.46222281	     -0.00000000	     -2.21695525	     -0.00000000	     -0.00000000	      0.00000000	      0.00000000	     -0.00000000
      0.85500000	      0.00000000	      0.00000000	      0.00000000	      0.00000000	      0.00000000	      0.00000000	      0.00000000	      0.00000000	      0.00000000	      0.00000000	      0.00000000	      0.00000000	      0.00000000	      0.00000000	      0.00000000	      0.00000000	      0.00000000	      0.00000000	      0.00000000	      0.00000000	      0.00000000	      0.00000000	      0.00000000	      0.00000000	      0.00000000	      0.00000000	      0.00000000	      0.00000000	      0.00000000	      0.00000000	      0.00000000	      0.00000000	      0.00000000	      0.00000000	      0.00000000	      0.00000000	      0.00000000	      0.00000000	      0.00000000	      0.00000000	      0.43260649	     74.52028168	      0.21699211	     49.36859389	      0.34135472	      0.28665047	      0.00000000	      0.00000000	     -0.00000000	     -0.00000000	      0.00000000	      0.00000000	     -0.00000000	      0.00000000	     -0.04905709	     -0.03093819	      0.17989218	     -0.27431903	     -0.13509779	     -0.10379850	     -0.18231194	     -0.18270194	     -0.00000000	      0.57147615	     -0.17074206	     -0.00000000	     -0.00000000	     -0.00000000	      0.16470520	     -0.00000000	     -0.13105022	      0.00000000	    154.59724912	     -0.00000000	     -2.22488653	     -0.00000000	      0.00000000	     -0.00000000	      0.00000000	      0.00000000
      0.86000000	      0.00000000	      0.00000000	      0.00000000	      0.00000000	      0.00000000	      0.00000000	      0.00000000	      0.00000000	      0.00000000	      0.00000000	      0.00000000	      0.00000000	      0.00000000	      0.00000000	      0.00000000	      0.00000000	      0.00000000	      0.00000000	      0.00000000	      0.00000000	      0.00000000	      0.00000000	      0.00000000	      0.00000000	      0.00000000	      0.00000000	      0.00000000	      0.00000000	      0.00000000	      0.00000000	      0.00000000	      0.00000000	      0.00000000	      0.00000000	      0.00000000	      0.00000000	      0.00000000	      0.00000000	      0.00000000	      0.00000000	      0.43765542	     80.52058390	      0.21657270	     48.67639305	      0.33889446	      0.28478010	      0.00000000	     -0.00000000	      0.00000000	     -0.00000000	      0.00000000	      0.00000000	     -0.00000000	      0.00000000	     -0.04800415	     -0.03071048	      0.18056189	     -0.27247881	     -0.13666540	     -0.10424575	     -0.17751071	     -0.17239953	     -0.00000000	      0.57765185	     -0.17776104	      0.00000000	      0.00000000	     -0.00000000	      0.16320402	     -0.00000000	     -0.13227857	      0.00000000	    154.62579625	     -0.00000000	     -2.23934747	      0.00000000	     -0.00000000	      0.00000000	      0.00000000	     -0.00000000
      0.86500000	      0.00000000	      0.00000000	      0.00000000	      0.00000000	      0.00000000	      0.00000000	      0.00000000	      0.00000000	      0.00000000	      0.00000000	      0.00000000	      0.00000000	      0.00000000	      0.00000000	      0.00000000	      0.00000000	      0.00000000	      0.00000000	      0.00000000	      0.00000000	      0.00000000	      0.00000000	      0.00000000	      0.00000000	      0.00000000	      0.00000000	      0.00000000	      0.00000000	      0.00000000	      0.00000000	      0.00000000	      0.00000000	      0.00000000	      0.00000000	      0.00000000	      0.00000000	      0.00000000	      0.00000000	      0.00000000	      0.00000000	      0.44627284	     86.26988195	      0.21591550	     47.95154852	      0.33618274	      0.28298802	      0.00000000	      0.00000000	      0.00000000	      0.00000000	     -0.00000000	     -0.00000000	     -0.00000000	      0.00000000	     -0.04696053	     -0.03045059	      0.18105634	     -0.27375356	     -0.13850884	     -0.10536001	     -0.17276293	     -0.16259538	     -0.00000000	      0.58344228	     -0.18491821	      0.00000000	     -0.00000000	     -0.00000000	      0.16159859	     -0.00000000	     -0.13339854	      0.00000000	    154.56476134	      0.00000000	     -2.26030636	      0.00000000	      0.00000000	      0.00000000	      0.00000000	      0.00000000
      0.87000000	      0.00000000	      0.00000000	      0.00000000	      0.00000000	      0.00000000	      0.00000000	      0.00000000	      0.00000000	      0.00000000	      0.00000000	      0.00000000	      0.00000000	      0.00000000	      0.00000000	      0.00000000	      0.00000000	      0.00000000	      0.00000000	      0.00000000	      0.00000000	      0.00000000	      0.00000000	      0.00000000	      0.00000000	      0.00000000	      0.00000000	      0.00000000	      0.00000000	      0.00000000	      0.00000000	      0.00000000	      0.00000000	      0.00000000	      0.00000000	      0.00000000	      0.00000000	      0.00000000	      0.00000000	      0.00000000	      0.00000000	      0.45794740	     91.77451338	      0.21510162	     47.18894519	      0.33332553	      0.28132192	      0.00000000	      0.00000000	      0.00000000	      0.00000000	     -0.00000000	      0.00000000	     -0.00000000	      0.00000000	     -0.04592487	     -0.03016971	      0.18143163	     -0.27627377	     -0.14064074	     -0.10715044	     -0.16798462	     -0.15325663	     -0.00000000	      0.58887209	     -0.19221183	      0.00000000	     -0.00000000	     -0.00000000	      0.15988906	     -0.00000000	     -0.13440264	      0.00000000	    154.40093849	      0.00000000	     -2.28756141	     -0.00000000	      0.00000000	     -0.00000000	     -0.00000000	      0.00000000
      0.87500000	      0.00000000	      0.00000000	      0.00000000	      0.00000000	      0.00000000	      0.00000000	      0.00000000	      0.00000000	      0.00000000	      0.00000000	      0.00000000	      0.00000000	      0.00000000	      0.00000000	      0.00000000	      0.00000000	      0.00000000	      0.00000000	      0.00000000	      0.00000000	      0.00000000	      0.00000000	      0.00000000	      0.00000000	      0.00000000	      0.00000000	      0.00000000	      0.00000000	      0.00000000	      0.00000000	      0.00000000	      0.00000000	      0.00000000	      0.00000000	      0.00000000	      0.00000000	      0.00000000	      0.00000000	      0.00000000	      0.00000000	      0.47236064	     97.04362526	      0.21417645	     46.38519712	      0.33041720	      0.27982030	      0.00000000	      0.00000000	      0.00000000	      0.00000000	      0.00000000	     -0.00000000	     -0.00000000	      0.00000000	     -0.04489797	     -0.02987828	      0.18174154	     -0.27867037	     -0.14307310	     -0.10962293	     -0.16311320	     -0.14443818	     -0.00000000	      0.59397440	     -0.19963944	      0.00000000	      0.00000000	     -0.00000000	      0.15807411	     -0.00000000	     -0.13528582	      0.00000000	    154.13508319	      0.00000000	     -2.32077666	      0.00000000	      0.00000000	     -0.00000000	      0.00000000	     -0.00000000
      0.88000000	      0.00000000	      0.00000000	      0.00000000	      0.00000000	      0.00000000	      0.00000000	      0.00000000	      0.00000000	      0.00000000	      0.00000000	      0.00000000	      0.00000000	      0.00000000	      0.00000000	      0.00000000	      0.00000000	      0.00000000	      0.00000000	      0.00000000	      0.00000000	      0.00000000	      0.00000000	      0.00000000	      0.00000000	      0.00000000	      0.00000000	      0.00000000	      0.00000000	      0.00000000	      0.00000000	      0.00000000	      0.00000000	      0.00000000	      0.00000000	      0.00000000	      0.00000000	      0.00000000	      0.00000000	      0.00000000	      0.00000000	      0.48830867	    102.08851891	      0.21320029	     45.53829975	      0.32754668	      0.27850891	      0.00000000	     -0.00000000	     -0.00000000	     -0.00000000	      0.00000000	     -0.00000000	     -0.00000000	      0.00000000	     -0.04388352	     -0.02958594	      0.18203664	     -0.28040132	     -0.14581869	     -0.11278245	     -0.15813261	     -0.13646941	     -0.00000000	      0.59878753	     -0.20719795	      0.00000000	     -0.00000000	     -0.00000000	      0.15615108	     -0.00000000	     -0.13604519	      0.00000000	    153.77037286	     -0.00000000	     -2.35952313	      0.00000000	     -0.00000000	     -0.00000000	     -0.00000000	      0.00000000
      0.88500000	      0.00000000	      0.00000000	      0.00000000	      0.00000000	      0.00000000	      0.00000000	      0.00000000	      0.00000000	      0.00000000	      0.00000000	      0.00000000	      0.00000000	      0.00000000	      0.00000000	      0.00000000	      0.00000000	      0.00000000	      0.00000000	      0.00000000	      0.00000000	      0.00000000	      0.00000000	      0.00000000	      0.00000000	      0.00000000	      0.00000000	      0.00000000	      0.00000000	      0.00000000	      0.00000000	      0.00000000	      0.00000000	      0.00000000	      0.00000000	      0.00000000	      0.00000000	      0.00000000	      0.00000000	      0.00000000	      0.00000000	      0.50441159	    106.92198949	      0.21220902	     44.64799554	      0.32476612	      0.27739779	      0.00000000	      0.00000000	      0.00000000	     -0.00000000	      0.00000000	     -0.00000000	     -0.00000000	      0.00000000	     -0.04288862	     -0.02930130	      0.18236348	     -0.28150477	     -0.14889196	     -0.11663379	     -0.15309247	     -0.12985695	     -0.00000000	      0.60335151	     -0.21488377	      0.00000000	      0.00000000	     -0.00000000	      0.15411615	     -0.00000000	     -0.13667971	      0.00000000	    153.31186529	     -0.00000000	     -2.40332373	      0.00000000	      0.00000000	      0.00000000	     -0.00000000	      0.00000000
      0.89000000	      0.00000000	      0.00000000	      0.00000000	      0.00000000	      0.00000000	      0.00000000	      0.00000000	      0.00000000	      0.00000000	      0.00000000	      0.00000000	      0.00000000	      0.00000000	      0.00000000	      0.00000000	      0.00000000	      0.00000000	      0.00000000	      0.00000000	      0.00000000	      0.00000000	      0.00000000	      0.00000000	      0.00000000	      0.00000000	      0.00000000	      0.00000000	      0.00000000	      0.00000000	      0.00000000	      0.00000000	      0.00000000	      0.00000000	      0.00000000	      0.00000000	      0.00000000	      0.00000000	      0.00000000	      0.00000000	      0.00000000	      0.51992441	    111.55698125	      0.21123910	     43.71535078	      0.32215853	      0.27647966	      0.00000000	     -0.00000000	      0.00000000	      0.00000000	      0.00000000	     -0.00000000	     -0.00000000	      0.00000000	     -0.04214614	     -0.02903183	      0.18276359	     -0.28216526	     -0.15230889	     -0.12117940	     -0.14810260	     -0.12492739	     -0.00000000	      0.60770417	     -0.22269205	      0.00000000	     -0.00000000	     -0.00000000	      0.15196485	     -0.00000000	     -0.13718975	      0.00000000	    152.76597778	      0.00000000	     -2.45168966	      0.00000000	      0.00000000	     -0.00000000	     -0.00000000	     -0.00000000
      0.89500000	      0.00000000	      0.00000000	      0.00000000	      0.00000000	      0.00000000	      0.00000000	      0.00000000	      0.00000000	      0.00000000	      0.00000000	      0.00000000	      0.00000000	      0.00000000	      0.00000000	      0.00000000	      0.00000000	      0.00000000	      0.00000000	      0.00000000	      0.00000000	      0.00000000	      0.00000000	      0.00000000	      0.00000000	      0.00000000	      0.00000000	      0.00000000	      0.00000000	      0.00000000	      0.00000000	      0.00000000	      0.00000000	      0.00000000	      0.00000000	      0.00000000	      0.00000000	      0.00000000	      0.00000000	      0.00000000	      0.00000000	      0.53464379	    116.00616477	      0.21032056	     42.74258100	      0.31973137	      0.27573009	      0.00000000	     -0.00000000	      0.00000000	      0.00000000	      0.00000000	     -0.00000000	     -0.00000000	      0.00000000	     -0.04216248	     -0.02878363	      0.18327246	     -0.28259895	     -0.15608598	     -0.12641231	     -0.14333113	     -0.12158814	     -0.00000000	      0.61187829	     -0.23061721	      0.00000000	      0.00000000	     -0.00000000	      0.14969233	     -0.00000000	     -0.13757671	      0.00000000	    152.13989086	      0.00000000	     -2.50416869	      0.00000000	     -0.00000000	     -0.00000000	      0.00000000	      0.00000000
      0.90000000	      0.00000000	      0.00000000	      0.00000000	      0.00000000	      0.00000000	      0.00000000	      0.00000000	      0.00000000	      0.00000000	      0.00000000	      0.00000000	      0.00000000	      0.00000000	      0.00000000	      0.00000000	      0.00000000	      0.00000000	      0.00000000	      0.00000000	      0.00000000	      0.00000000	      0.00000000	      0.00000000	      0.00000000	      0.00000000	      0.00000000	      0.00000000	      0.00000000	      0.00000000	      0.00000000	      0.00000000	      0.00000000	      0.00000000	      0.00000000	      0.00000000	      0.00000000	      0.00000000	      0.00000000	      0.00000000	      0.00000000	      0.54860168	    120.28018795	      0.20946316	     41.73312759	      0.31747923	      0.27510915	      0.00000000	     -0.00000000	      0.00000000	      0.00000000	      0.00000000	     -0.00000000	     -0.00000000	      0.00000000	     -0.04227261	     -0.02856130	      0.18391806	     -0.28304109	     -0.16023867	     -0.13230322	     -0.13897809	     -0.11964088	     -0.00000000	      0.61589797	     -0.23865113	     -0.00000000	      0.00000000	     -0.00000000	      0.14729428	     -0.00000000	     -0.13784248	      0.00000000	    151.44104619	      0.00000000	     -2.56036922	      0.00000000	      0.00000000	      0.00000000	     -0.00000000	     -0.00000000
      0.90500000	      0.00000000	      0.00000000	      0.00000000	      0.00000000	      0.00000000	      0.00000000	      0.00000000	      0.00000000	      0.00000000	      0.00000000	      0.00000000	      0.00000000	      0.00000000	      0.00000000	      0.00000000	      0.00000000	      0.00000000	      0.00000000	      0.00000000	      0.00000000	      0.00000000	      0.00000000	      0.00000000	      0.00000000	      0.00000000	      0.00000000	      0.00000000	      0.00000000	      0.00000000	      0.00000000	      0.00000000	      0.00000000	      0.00000000	      0.00000000	      0.00000000	      0.00000000	      0.00000000	      0.00000000	      0.00000000	      0.00000000	      0.56182656	    124.38859634	      0.20865875	     40.69074422	      0.31534430	      0.27456422	      0.00000000	      0.00000000	      0.00000000	      0.00000000	     -0.00000000	      0.00000000	     -0.00000000	      0.00000000	     -0.04248196	     -0.02836765	      0.18471973	     -0.28373467	     -0.16477887	     -0.13878154	     -0.13521962	     -0.11902372	     -0.00000000	      0.61977785	     -0.24678610	      0.00000000	     -0.00000000	     -0.00000000	      0.14476660	     -0.00000000	     -0.13798910	      0.00000000	    150.67634442	      0.00000000	     -2.62001847	     -0.00000000	     -0.00000000	     -0.00000000	      0.00000000	     -0.00000000
      0.91000000	      0.00000000	      0.00000000	      0.00000000	      0.00000000	      0.00000000	      0.00000000	      0.00000000	      0.00000000	      0.00000000	      0.00000000	      0.00000000	      0.00000000	      0.00000000	      0.00000000	      0.00000000	      0.00000000	      0.00000000	      0.00000000	      0.00000000	      0.00000000	      0.00000000	      0.00000000	      0.00000000	      0.00000000	      0.00000000	      0.00000000	      0.00000000	      0.00000000	      0.00000000	      0.00000000	      0.00000000	      0.00000000	      0.00000000	      0.00000000	      0.00000000	      0.00000000	      0.00000000	      0.00000000	      0.00000000	      0.00000000	      0.57431698	    128.33772744	      0.20791433	     39.62013675	      0.31327788	      0.27403317	      0.00000000	     -0.00000000	      0.00000000	      0.00000000	      0.00000000	      0.00000000	     -0.00000000	      0.00000000	     -0.04279234	     -0.02820375	      0.18568644	     -0.28492155	     -0.16971243	     -0.14571702	     -0.13217338	     -0.11971573	     -0.00000000	      0.62351990	     -0.25501215	      0.00000000	      0.00000000	     -0.00000000	      0.14210655	     -0.00000000	     -0.13801814	      0.00000000	    149.84795704	     -0.00000000	     -2.68296679	     -0.00000000	     -0.00000000	      0.00000000	     -0.00000000	     -0.00000000
      0.91500000	      0.00000000	      0.00000000	      0.00000000	      0.00000000	      0.00000000	      0.00000000	      0.00000000	      0.00000000	      0.00000000	      0.00000000	      0.00000000	      0.00000000	      0.00000000	      0.00000000	      0.00000000	      0.00000000	      0.00000000	      0.00000000	      0.00000000	      0.00000000	      0.00000000	      0.00000000	      0.00000000	      0.00000000	      0.00000000	      0.00000000	      0.00000000	      0.00000000	      0.00000000	      0.00000000	      0.00000000	      0.00000000	      0.00000000	      0.00000000	      0.00000000	      0.00000000	      0.00000000	      0.00000000	      0.00000000	      0.00000000	      0.58604095	    132.13071450	      0.20720694	     38.52606094	      0.31119056	      0.27344645	      0.00000000	     -0.00000000	      0.00000000	      0.00000000	     -0.00000000	     -0.00000000	     -0.00000000	      0.00000000	     -0.04320164	     -0.02806893	      0.18681557	     -0.28683847	     -0.17503661	     -0.15291315	     -0.12991554	     -0.12156929	     -0.00000000	      0.62711221	     -0.26331794	     -0.00000000	      0.00000000	     -0.00000000	      0.13931289	     -0.00000000	     -0.13793028	      0.00000000	    148.96818616	     -0.00000000	     -2.74921330	      0.00000000	      0.00000000	      0.00000000	     -0.00000000	     -0.00000000
      0.92000000	      0.00000000	      0.00000000	      0.00000000	      0.00000000	      0.00000000	      0.00000000	      0.00000000	      0.00000000	      0.00000000	      0.00000000	      0.00000000	      0.00000000	      0.00000000	      0.00000000	      0.00000000	      0.00000000	      0.00000000	      0.00000000	      0.00000000	      0.00000000	      0.00000000	      0.00000000	      0.00000000	      0.00000000	      0.00000000	      0.00000000	      0.00000000	      0.00000000	      0.00000000	      0.00000000	      0.00000000	      0.00000000	      0.00000000	      0.00000000	      0.00000000	      0.00000000	      0.00000000	      0.00000000	      0.00000000	      0.00000000	      0.59693291	    135.76702642	      0.20650838	     37.41356239	      0.30900836	      0.27272791	      0.00000000	      0.00000000	      0.00000000	     -0.00000000	     -0.00000000	     -0.00000000	     -0.00000000	      0.00000000	     -0.04370374	     -0.02796094	      0.18809190	     -0.28971794	     -0.18073831	     -0.16012344	     -0.12852237	     -0.12433650	     -0.00000000	      0.63052716	     -0.27169081	     -0.00000000	      0.00000000	     -0.00000000	      0.13638621	     -0.00000000	     -0.13772472	      0.00000000	    148.03572966	      0.00000000	     -2.81891825	     -0.00000000	     -0.00000000	     -0.00000000	      0.00000000	      0.00000000
      0.92500000	      0.00000000	      0.00000000	      0.00000000	      0.00000000	      0.00000000	      0.00000000	      0.00000000	      0.00000000	      0.00000000	      0.00000000	      0.00000000	      0.00000000	      0.00000000	      0.00000000	      0.00000000	      0.00000000	      0.00000000	      0.00000000	      0.00000000	      0.00000000	      0.00000000	      0.00000000	      0.00000000	      0.00000000	      0.00000000	      0.00000000	      0.00000000	      0.00000000	      0.00000000	      0.00000000	      0.00000000	      0.00000000	      0.00000000	      0.00000000	      0.00000000	      0.00000000	      0.00000000	      0.00000000	      0.00000000	      0.00000000	      0.60689021	    139.24205181	      0.20577552	     36.28731916	      0.30664255	      0.27179438	      0.00000000	      0.00000000	     -0.00000000	      0.00000000	      0.00000000	      0.00000000	     -0.00000000	      0.00000000	     -0.04428856	     -0.02787629	      0.18948713	     -0.29379117	     -0.18679264	     -0.16708660	     -0.12808871	     -0.12781466	     -0.00000000	      0.63371984	     -0.28011663	     -0.00000000	     -0.00000000	     -0.00000000	      0.13332913	     -0.00000000	     -0.13739864	      0.00000000	    147.05072592	      0.00000000	     -2.89240855	      0.00000000	      0.00000000	     -0.00000000	      0.00000000	     -0.00000000
      0.93000000	      0.00000000	      0.00000000	      0.00000000	      0.00000000	      0.00000000	      0.00000000	      0.00000000	      0.00000000	      0.00000000	      0.00000000	      0.00000000	      0.00000000	      0.00000000	      0.00000000	      0.00000000	      0.00000000	      0.00000000	      0.00000000	      0.00000000	      0.00000000	      0.00000000	      0.00000000	      0.00000000	      0.00000000	      0.00000000	      0.00000000	      0.00000000	      0.00000000	      0.00000000	      0.00000000	      0.00000000	      0.00000000	      0.00000000	      0.00000000	      0.00000000	      0.00000000	      0.00000000	      0.00000000	      0.00000000	      0.00000000	      0.61576953	    142.54678809	      0.20498333	     35.15186747	      0.30389120	      0.27055438	      0.00000000	      0.00000000	      0.00000000	      0.00000000	     -0.00000000	      0.00000000	     -0.00000000	      0.00000000	     -0.04494220	     -0.02781053	      0.19096013	     -0.29929161	     -0.19316181	     -0.17356269	     -0.12871143	     -0.13190430	     -0.00000000	      0.63662696	     -0.28857979	      0.00000000	      0.00000000	     -0.00000000	      0.13014657	     -0.00000000	     -0.13694661	      0.00000000	    146.01048015	      0.00000000	     -2.97017455	      0.00000000	      0.00000000	      0.00000000	      0.00000000	     -0.00000000
      0.93500000	      0.00000000	      0.00000000	      0.00000000	      0.00000000	      0.00000000	      0.00000000	      0.00000000	      0.00000000	      0.00000000	      0.00000000	      0.00000000	      0.00000000	      0.00000000	      0.00000000	      0.00000000	      0.00000000	      0.00000000	      0.00000000	      0.00000000	      0.00000000	      0.00000000	      0.00000000	      0.00000000	      0.00000000	      0.00000000	      0.00000000	      0.00000000	      0.00000000	      0.00000000	      0.00000000	      0.00000000	      0.00000000	      0.00000000	      0.00000000	      0.00000000	      0.00000000	      0.00000000	      0.00000000	      0.00000000	      0.00000000	      0.62338204	    145.66767686	      0.20406705	     34.01113721	      0.30071350	      0.26890505	      0.00000000	      0.00000000	      0.00000000	     -0.00000000	     -0.00000000	      0.00000000	     -0.00000000	      0.00000000	     -0.04564734	     -0.02775873	      0.19245828	     -0.30645948	     -0.19979548	     -0.17935386	     -0.13045470	     -0.13658110	     -0.00000000	      0.63916633	     -0.29706288	      0.00000000	     -0.00000000	     -0.00000000	      0.12684584	     -0.00000000	     -0.13636016	      0.00000000	    144.90918819	      0.00000000	     -3.05285710	      0.00000000	     -0.00000000	      0.00000000	     -0.00000000	      0.00000000
      0.94000000	      0.00000000	      0.00000000	      0.00000000	      0.00000000	      0.00000000	      0.00000000	      0.00000000	      0.00000000	      0.00000000	      0.00000000	      0.00000000	      0.00000000	      0.00000000	      0.00000000	      0.00000000	      0.00000000	      0.00000000	      0.00000000	      0.00000000	      0.00000000	      0.00000000	      0.00000000	      0.00000000	      0.00000000	      0.00000000	      0.00000000	      0.00000000	      0.00000000	      0.00000000	      0.00000000	      0.00000000	      0.00000000	      0.00000000	      0.00000000	      0.00000000	      0.00000000	      0.00000000	      0.00000000	      0.00000000	      0.00000000	      0.62948685	    148.58660007	      0.20299705	     32.86845611	      0.29695683	      0.26672738	      0.00000000	     -0.00000000	     -0.00000000	      0.00000000	     -0.00000000	      0.00000000	     -0.00000000	      0.00000000	     -0.04638378	     -0.02771603	      0.19391993	     -0.31554624	     -0.20663267	     -0.18426973	     -0.13332763	     -0.14185286	     -0.00000000	      0.64123716	     -0.30554649	      0.00000000	     -0.00000000	     -0.00000000	      0.12343676	     -0.00000000	     -0.13562747	      0.00000000	    143.73781029	      0.00000000	     -3.14122396	     -0.00000000	     -0.00000000	      0.00000000	      0.00000000	     -0.00000000
      0.94500000	      0.00000000	      0.00000000	      0.00000000	      0.00000000	      0.00000000	      0.00000000	      0.00000000	      0.00000000	      0.00000000	      0.00000000	      0.00000000	      0.00000000	      0.00000000	      0.00000000	      0.00000000	      0.00000000	      0.00000000	      0.00000000	      0.00000000	      0.00000000	      0.00000000	      0.00000000	      0.00000000	      0.00000000	      0.00000000	      0.00000000	      0.00000000	      0.00000000	      0.00000000	      0.00000000	      0.00000000	      0.00000000	      0.00000000	      0.00000000	      0.00000000	      0.00000000	      0.00000000	      0.00000000	      0.00000000	      0.00000000	      0.63378339	    151.28106207	      0.20172218	     31.72655209	      0.29251731	      0.26388009	      0.00000000	      0.00000000	     -0.00000000	     -0.00000000	      0.00000000	      0.00000000	     -0.00000000	      0.00000000	     -0.04712922	     -0.02767819	      0.19527823	     -0.32681551	     -0.21360465	     -0.18814655	     -0.13729255	     -0.14772816	     -0.00000000	      0.64272159	     -0.31400878	      0.00000000	     -0.00000000	     -0.00000000	      0.11993158	     -0.00000000	     -0.13473321	      0.00000000	    142.47609807	     -0.00000000	     -3.23613547	     -0.00000000	      0.00000000	      0.00000000	      0.00000000	      0.00000000
      0.95000000	      0.00000000	      0.00000000	      0.00000000	      0.00000000	      0.00000000	      0.00000000	      0.00000000	      0.00000000	      0.00000000	      0.00000000	      0.00000000	      0.00000000	      0.00000000	      0.00000000	      0.00000000	      0.00000000	      0.00000000	      0.00000000	      0.00000000	      0.00000000	      0.00000000	      0.00000000	      0.00000000	      0.00000000	      0.00000000	      0.00000000	      0.00000000	      0.00000000	      0.00000000	      0.00000000	      0.00000000	      0.00000000	      0.00000000	      0.00000000	      0.00000000	      0.00000000	      0.00000000	      0.00000000	      0.00000000	      0.00000000	      0.63590615	    153.72458248	      0.20019442	     30.58764435	      0.28730406	      0.26019453	      0.00000000	      0.00000000	     -0.00000000	      0.00000000	     -0.00000000	     -0.00000000	     -0.00000000	      0.00000000	     -0.04786017	     -0.02764216	      0.19646588	     -0.34053513	     -0.22063815	     -0.19093382	     -0.14228710	     -0.15418999	     -0.00000000	      0.64348782	     -0.32242519	     -0.00000000	     -0.00000000	     -0.00000000	      0.11634479	     -0.00000000	     -0.13365867	      0.00000000	    141.12504337	     -0.00000000	     -3.33850090	      0.00000000	      0.00000000	     -0.00000000	      0.00000000	     -0.00000000
      0.95500000	      0.00000000	      0.00000000	      0.00000000	      0.00000000	      0.00000000	      0.00000000	      0.00000000	      0.00000000	      0.00000000	      0.00000000	      0.00000000	      0.00000000	      0.00000000	      0.00000000	      0.00000000	      0.00000000	      0.00000000	      0.00000000	      0.00000000	      0.00000000	      0.00000000	      0.00000000	      0.00000000	      0.00000000	      0.00000000	      0.00000000	      0.00000000	      0.00000000	      0.00000000	      0.00000000	      0.00000000	      0.00000000	      0.00000000	      0.00000000	      0.00000000	      0.00000000	      0.00000000	      0.00000000	      0.00000000	      0.00000000	      0.63543408	    155.88730147	      0.19839216	     29.45307939	      0.28125607	      0.25547820	      0.00000000	     -0.00000000	      0.00000000	      0.00000000	     -0.00000000	      0.00000000	     -0.00000000	      0.00000000	     -0.04855292	     -0.02760659	      0.19742075	     -0.35694969	     -0.22765817	     -0.19266995	     -0.14823377	     -0.16118274	     -0.00000000	      0.64339518	     -0.33076807	      0.00000000	      0.00000000	     -0.00000000	      0.11269276	     -0.00000000	     -0.13238209	      0.00000000	    139.65898482	      0.00000000	     -3.44922737	      0.00000000	     -0.00000000	     -0.00000000	     -0.00000000	     -0.00000000
      0.96000000	      0.00000000	      0.00000000	      0.00000000	      0.00000000	      0.00000000	      0.00000000	      0.00000000	      0.00000000	      0.00000000	      0.00000000	      0.00000000	      0.00000000	      0.00000000	      0.00000000	      0.00000000	      0.00000000	      0.00000000	      0.00000000	      0.00000000	      0.00000000	      0.00000000	      0.00000000	      0.00000000	      0.00000000	      0.00000000	      0.00000000	      0.00000000	      0.00000000	      0.00000000	      0.00000000	      0.00000000	      0.00000000	      0.00000000	      0.00000000	      0.00000000	      0.00000000	      0.00000000	      0.00000000	      0.00000000	      0.00000000	      0.63194399	    157.73679964	      0.19628454	     28.32469353	      0.27435142	      0.24954508	      0.00000000	     -0.00000000	      0.00000000	     -0.00000000	      0.00000000	     -0.00000000	     -0.00000000	      0.00000000	     -0.04918446	     -0.02757217	      0.19809174	     -0.37621916	     -0.23458919	     -0.19343030	     -0.15503297	     -0.16860549	     -0.00000000	      0.64230181	     -0.33900663	      0.00000000	      0.00000000	     -0.00000000	      0.10899320	     -0.00000000	     -0.13087937	      0.00000000	    138.05860385	      0.00000000	     -3.56916397	      0.00000000	      0.00000000	     -0.00000000	     -0.00000000	     -0.00000000
      0.96500000	      0.00000000	      0.00000000	      0.00000000	      0.00000000	      0.00000000	      0.00000000	      0.00000000	      0.00000000	      0.00000000	      0.00000000	      0.00000000	      0.00000000	      0.00000000	      0.00000000	      0.00000000	      0.00000000	      0.00000000	      0.00000000	      0.00000000	      0.00000000	      0.00000000	      0.00000000	      0.00000000	      0.00000000	      0.00000000	      0.00000000	      0.00000000	      0.00000000	      0.00000000	      0.00000000	      0.00000000	      0.00000000	      0.00000000	      0.00000000	      0.00000000	      0.00000000	      0.00000000	      0.00000000	      0.00000000	      0.00000000	      0.62513972	    159.23917715	      0.19388617	     27.20327878	      0.26661881	      0.24229395	      0.00000000	      0.00000000	     -0.00000000	      0.00000000	      0.00000000	     -0.00000000	     -0.00000000	      0.00000000	     -0.04973318	     -0.02754170	      0.19844417	     -0.39831985	     -0.24135392	     -0.19329053	     -0.16254950	     -0.17615092	     -0.00000000	      0.64007527	     -0.34710706	     -0.00000000	      0.00000000	     -0.00000000	      0.10526435	     -0.00000000	     -0.12912508	      0.00000000	    136.30373341	     -0.00000000	     -3.69908725	     -0.00000000	     -0.00000000	     -0.00000000	     -0.00000000	      0.00000000
      0.97000000	      0.00000000	      0.00000000	      0.00000000	      0.00000000	      0.00000000	      0.00000000	      0.00000000	      0.00000000	      0.00000000	      0.00000000	      0.00000000	      0.00000000	      0.00000000	      0.00000000	      0.00000000	      0.00000000	      0.00000000	      0.00000000	      0.00000000	      0.00000000	      0.00000000	      0.00000000	      0.00000000	      0.00000000	      0.00000000	      0.00000000	      0.00000000	      0.00000000	      0.00000000	      0.00000000	      0.00000000	      0.00000000	      0.00000000	      0.00000000	      0.00000000	      0.00000000	      0.00000000	      0.00000000	      0.00000000	      0.00000000	      0.61501231	    160.36048092	      0.19118977	     26.09008913	      0.25814484	      0.23381304	      0.00000000	     -0.00000000	      0.00000000	     -0.00000000	     -0.00000000	      0.00000000	     -0.00000000	      0.00000000	     -0.05017929	     -0.02751982	      0.19846428	     -0.42294043	     -0.24785825	     -0.19231199	     -0.17045160	     -0.18323559	     -0.00000000	      0.63660557	     -0.35503330	      0.00000000	      0.00000000	     -0.00000000	      0.10152407	     -0.00000000	     -0.12709387	      0.00000000	    134.37290680	      0.00000000	     -3.84004475	      0.00000000	      0.00000000	      0.00000000	     -0.00000000	      0.00000000
      0.97500000	      0.00000000	      0.00000000	      0.00000000	      0.00000000	      0.00000000	      0.00000000	      0.00000000	      0.00000000	      0.00000000	      0.00000000	      0.00000000	      0.00000000	      0.00000000	      0.00000000	      0.00000000	      0.00000000	      0.00000000	      0.00000000	      0.00000000	      0.00000000	      0.00000000	      0.00000000	      0.00000000	      0.00000000	      0.00000000	      0.00000000	      0.00000000	      0.00000000	      0.00000000	      0.00000000	      0.00000000	      0.00000000	      0.00000000	      0.00000000	      0.00000000	      0.00000000	      0.00000000	      0.00000000	      0.00000000	      0.00000000	      0.60185712	    161.06853881	      0.18825637	     24.98696482	      0.24909235	      0.22440686	      0.00000000	     -0.00000000	     -0.00000000	     -0.00000000	     -0.00000000	      0.00000000	     -0.00000000	      0.00000000	     -0.05050494	     -0.02751233	      0.19816190	     -0.44944561	     -0.25394149	     -0.19054073	     -0.17808938	     -0.18936170	     -0.00000000	      0.63181809	     -0.36274836	     -0.00000000	     -0.00000000	     -0.00000000	      0.09778865	     -0.00000000	     -0.12476237	      0.00000000	    132.25166836	     -0.00000000	     -3.99343467	      0.00000000	      0.00000000	      0.00000000	     -0.00000000	     -0.00000000
      0.98000000	      0.00000000	      0.00000000	      0.00000000	      0.00000000	      0.00000000	      0.00000000	      0.00000000	      0.00000000	      0.00000000	      0.00000000	      0.00000000	      0.00000000	      0.00000000	      0.00000000	      0.00000000	      0.00000000	      0.00000000	      0.00000000	      0.00000000	      0.00000000	      0.00000000	      0.00000000	      0.00000000	      0.00000000	      0.00000000	      0.00000000	      0.00000000	      0.00000000	      0.00000000	      0.00000000	      0.00000000	      0.00000000	      0.00000000	      0.00000000	      0.00000000	      0.00000000	      0.00000000	      0.00000000	      0.00000000	      0.00000000	      0.58598081	    161.33513123	      0.18512978	     23.89534056	      0.23968836	      0.21441382	      0.00000000	      0.00000000	     -0.00000000	     -0.00000000	     -0.00000000	     -0.00000000	     -0.00000000	      0.00000000	     -0.05069440	     -0.02752546	      0.19757061	     -0.47672708	     -0.25941654	     -0.18801343	     -0.18494810	     -0.19438883	     -0.00000000	      0.62568132	     -0.37021626	     -0.00000000	     -0.00000000	     -0.00000000	      0.09407150	     -0.00000000	     -0.12211137	      0.00000000	    129.92354454	     -0.00000000	     -4.16102134	      0.00000000	      0.00000000	      0.00000000	     -0.00000000	      0.00000000
      0.98500000	      0.00000000	      0.00000000	      0.00000000	      0.00000000	      0.00000000	      0.00000000	      0.00000000	      0.00000000	      0.00000000	      0.00000000	      0.00000000	      0.00000000	      0.00000000	      0.00000000	      0.00000000	      0.00000000	      0.00000000	      0.00000000	      0.00000000	      0.00000000	      0.00000000	      0.00000000	      0.00000000	      0.00000000	      0.00000000	      0.00000000	      0.00000000	      0.00000000	      0.00000000	      0.00000000	      0.00000000	      0.00000000	      0.00000000	      0.00000000	      0.00000000	      0.00000000	      0.00000000	      0.00000000	      0.00000000	      0.00000000	      0.56767086	    161.13830714	      0.18188884	     22.81845331	      0.23019670	      0.20413521	      0.00000000	     -0.00000000	      0.00000000	     -0.00000000	     -0.00000000	      0.00000000	     -0.00000000	      0.00000000	     -0.05073413	     -0.02756487	      0.19674465	     -0.50210022	     -0.26411832	     -0.18476724	     -0.19106183	     -0.19845677	     -0.00000000	      0.61820245	     -0.37740446	     -0.00000000	      0.00000000	     -0.00000000	      0.09038183	     -0.00000000	     -0.11912812	      0.00000000	    127.37880032	      0.00000000	     -4.34498990	      0.00000000	      0.00000000	     -0.00000000	      0.00000000	      0.00000000
      0.99000000	      0.00000000	      0.00000000	      0.00000000	      0.00000000	      0.00000000	      0.00000000	      0.00000000	      0.00000000	      0.00000000	      0.00000000	      0.00000000	      0.00000000	      0.00000000	      0.00000000	      0.00000000	      0.00000000	      0.00000000	      0.00000000	      0.00000000	      0.00000000	      0.00000000	      0.00000000	      0.00000000	      0.00000000	      0.00000000	      0.00000000	      0.00000000	      0.00000000	      0.00000000	      0.00000000	      0.00000000	      0.00000000	      0.00000000	      0.00000000	      0.00000000	      0.00000000	      0.00000000	      0.00000000	      0.00000000	      0.00000000	      0.54733910	    160.46464171	      0.17862908	     21.75998139	      0.22090728	      0.19392652	      0.00000000	      0.00000000	     -0.00000000	     -0.00000000	      0.00000000	      0.00000000	     -0.00000000	      0.00000000	     -0.05061296	     -0.02763468	      0.19575305	     -0.52297130	     -0.26793270	     -0.18085234	     -0.19690320	     -0.20185183	     -0.00000000	      0.60943540	     -0.38428650	      0.00000000	      0.00000000	     -0.00000000	      0.08672357	     -0.00000000	     -0.11580851	      0.00000000	    124.61403183	     -0.00000000	     -4.54770993	      0.00000000	      0.00000000	      0.00000000	      0.00000000	     -0.00000000
      0.99500000	      0.00000000	      0.00000000	      0.00000000	      0.00000000	      0.00000000	      0.00000000	      0.00000000	      0.00000000	      0.00000000	      0.00000000	      0.00000000	      0.00000000	      0.00000000	      0.00000000	      0.00000000	      0.00000000	      0.00000000	      0.00000000	      0.00000000	      0.00000000	      0.00000000	      0.00000000	      0.00000000	      0.00000000	      0.00000000	      0.00000000	      0.00000000	      0.00000000	      0.00000000	      0.00000000	      0.00000000	      0.00000000	      0.00000000	      0.00000000	      0.00000000	      0.00000000	      0.00000000	      0.00000000	      0.00000000	      0.00000000	      0.52547026	    159.31140960	      0.17544054	     20.72440197	      0.21208729	      0.18415746	      0.00000000	     -0.00000000	     -0.00000000	     -0.00000000	     -0.00000000	      0.00000000	     -0.00000000	      0.00000000	     -0.05032221	     -0.02773644	      0.19467183	     -0.53895730	     -0.27080109	     -0.17634412	     -0.20305856	     -0.20505144	     -0.00000000	      0.59948577	     -0.39084415	     -0.00000000	      0.00000000	     -0.00000000	      0.08309497	     -0.00000000	     -0.11215919	      0.00000000	    121.63351505	     -0.00000000	     -4.77104616	     -0.00000000	     -0.00000000	      0.00000000	     -0.00000000	     -0.00000000
      1.00000000	      0.00000000	      0.00000000	      0.00000000	      0.00000000	      0.00000000	      0.00000000	      0.00000000	      0.00000000	      0.00000000	      0.00000000	      0.00000000	      0.00000000	      0.00000000	      0.00000000	      0.00000000	      0.00000000	      0.00000000	      0.00000000	      0.00000000	      0.00000000	      0.00000000	      0.00000000	      0.00000000	      0.00000000	      0.00000000	      0.00000000	      0.00000000	      0.00000000	      0.00000000	      0.00000000	      0.00000000	      0.00000000	      0.00000000	      0.00000000	      0.00000000	      0.00000000	      0.00000000	      0.00000000	      0.00000000	      0.00000000	      0.50255351	    157.68832110	      0.17242029	     19.71708787	      0.20398221	      0.17515829	      0.00000000	     -0.00000000	      0.00000000	      0.00000000	      0.00000000	     -0.00000000	     -0.00000000	      0.00000000	     -0.04985543	     -0.02786801	      0.19357471	     -0.55088973	     -0.27270329	     -0.17134795	     -0.21000777	     -0.20881405	     -0.00000000	      0.58850658	     -0.39707162	     -0.00000000	     -0.00000000	     -0.00000000	      0.07948779	     -0.00000000	     -0.10819836	      0.00000000	    118.44944269	     -0.00000000	     -5.01553627	     -0.00000000	     -0.00000000	     -0.00000000	      0.00000000	      0.00000000
      1.00500000	      0.00000000	      0.00000000	      0.00000000	      0.00000000	      0.00000000	      0.00000000	      0.00000000	      0.00000000	      0.00000000	      0.00000000	      0.00000000	      0.00000000	      0.00000000	      0.00000000	      0.00000000	      0.00000000	      0.00000000	      0.00000000	      0.00000000	      0.00000000	      0.00000000	      0.00000000	      0.00000000	      0.00000000	      0.00000000	      0.00000000	      0.00000000	      0.00000000	      0.00000000	      0.00000000	      0.00000000	      0.00000000	      0.00000000	      0.00000000	      0.00000000	      0.00000000	      0.00000000	      0.00000000	      0.00000000	      0.00000000	      0.47904930	    155.61933181	      0.16965874	     18.74366099	      0.19679999	      0.16718692	      0.00000000	      0.00000000	     -0.00000000	      0.00000000	     -0.00000000	     -0.00000000	     -0.00000000	      0.00000000	     -0.04920853	     -0.02802283	      0.19252485	     -0.55956591	     -0.27363365	     -0.16599202	     -0.21818468	     -0.21386172	     -0.00000000	      0.57669379	     -0.40297649	     -0.00000000	     -0.00000000	     -0.00000000	      0.07588858	     -0.00000000	     -0.10395733	      0.00000000	    115.08286742	     -0.00000000	     -5.27984257	     -0.00000000	     -0.00000000	      0.00000000	      0.00000000	     -0.00000000
      1.01000000	      0.00000000	      0.00000000	      0.00000000	      0.00000000	      0.00000000	      0.00000000	      0.00000000	      0.00000000	      0.00000000	      0.00000000	      0.00000000	      0.00000000	      0.00000000	      0.00000000	      0.00000000	      0.00000000	      0.00000000	      0.00000000	      0.00000000	      0.00000000	      0.00000000	      0.00000000	      0.00000000	      0.00000000	      0.00000000	      0.00000000	      0.00000000	      0.00000000	      0.00000000	      0.00000000	      0.00000000	      0.00000000	      0.00000000	      0.00000000	      0.00000000	      0.00000000	      0.00000000	      0.00000000	      0.00000000	      0.00000000	      0.45540172	    153.14405757	      0.16724827	     17.81001943	      0.19072060	      0.16042897	      0.00000000	      0.00000000	      0.00000000	     -0.00000000	      0.00000000	     -0.00000000	     -0.00000000	      0.00000000	     -0.04837978	     -0.02818943	      0.19156710	     -0.56548645	     -0.27358085	     -0.16040666	     -0.22808588	     -0.22045619	     -0.00000000	      0.56427844	     -0.40858250	      0.00000000	     -0.00000000	     -0.00000000	      0.07227963	     -0.00000000	     -0.09948066	      0.00000000	    111.56357034	     -0.00000000	     -5.56091537	      0.00000000	     -0.00000000	     -0.00000000	      0.00000000	     -0.00000000
      1.01500000	      0.00000000	      0.00000000	      0.00000000	      0.00000000	      0.00000000	      0.00000000	      0.00000000	      0.00000000	      0.00000000	      0.00000000	      0.00000000	      0.00000000	      0.00000000	      0.00000000	      0.00000000	      0.00000000	      0.00000000	      0.00000000	      0.00000000	      0.00000000	      0.00000000	      0.00000000	      0.00000000	      0.00000000	      0.00000000	      0.00000000	      0.00000000	      0.00000000	      0.00000000	      0.00000000	      0.00000000	      0.00000000	      0.00000000	      0.00000000	      0.00000000	      0.00000000	      0.00000000	      0.00000000	      0.00000000	      0.00000000	      0.43208025	    150.31895316	      0.16526644	     16.92180135	      0.18590568	      0.15502069	      0.00000000	      0.00000000	      0.00000000	      0.00000000	     -0.00000000	      0.00000000	     -0.00000000	      0.00000000	     -0.04737029	     -0.02835156	      0.19072269	     -0.56893217	     -0.27251294	     -0.15468838	     -0.23968214	     -0.22879351	     -0.00000000	      0.55151884	     -0.41393062	      0.00000000	      0.00000000	     -0.00000000	      0.06864107	     -0.00000000	     -0.09482597	      0.00000000	    107.92986882	      0.00000000	     -5.85452732	      0.00000000	      0.00000000	      0.00000000	      0.00000000	      0.00000000
      1.02000000	      0.00000000	      0.00000000	      0.00000000	      0.00000000	      0.00000000	      0.00000000	      0.00000000	      0.00000000	      0.00000000	      0.00000000	      0.00000000	      0.00000000	      0.00000000	      0.00000000	      0.00000000	      0.00000000	      0.00000000	      0.00000000	      0.00000000	      0.00000000	      0.00000000	      0.00000000	      0.00000000	      0.00000000	      0.00000000	      0.00000000	      0.00000000	      0.00000000	      0.00000000	      0.00000000	      0.00000000	      0.00000000	      0.00000000	      0.00000000	      0.00000000	      0.00000000	      0.00000000	      0.00000000	      0.00000000	      0.00000000	      0.40962408	    147.21803917	      0.16378524	     16.08451373	      0.18250958	      0.15107704	      0.00000000	      0.00000000	      0.00000000	     -0.00000000	      0.00000000	     -0.00000000	     -0.00000000	      0.00000000	     -0.04618477	     -0.02848898	      0.18998660	     -0.57005280	     -0.27036430	     -0.14890355	     -0.25200537	     -0.23896466	     -0.00000000	      0.53869272	     -0.41907924	      0.00000000	     -0.00000000	     -0.00000000	      0.06495350	     -0.00000000	     -0.09006320	      0.00000000	    104.22806621	      0.00000000	     -6.15582673	     -0.00000000	      0.00000000	      0.00000000	     -0.00000000	     -0.00000000
      1.02500000	      0.00000000	      0.00000000	      0.00000000	      0.00000000	      0.00000000	      0.00000000	      0.00000000	      0.00000000	      0.00000000	      0.00000000	      0.00000000	      0.00000000	      0.00000000	      0.00000000	      0.00000000	      0.00000000	      0.00000000	      0.00000000	      0.00000000	      0.00000000	      0.00000000	      0.00000000	      0.00000000	      0.00000000	      0.00000000	      0.00000000	      0.00000000	      0.00000000	      0.00000000	      0.00000000	      0.00000000	      0.00000000	      0.00000000	      0.00000000	      0.00000000	      0.00000000	      0.00000000	      0.00000000	      0.00000000	      0.00000000	      0.38867568	    143.93301160	      0.16286820	     15.30292967	      0.18068972	      0.14871420	      0.00000000	      0.00000000	      0.00000000	      0.00000000	      0.00000000	      0.00000000	     -0.00000000	      0.00000000	     -0.04483251	     -0.02857894	      0.18932852	     -0.56891870	     -0.26701981	     -0.14310079	     -0.26404063	     -0.24997886	     -0.00000000	      0.52608979	     -0.42410285	      0.00000000	     -0.00000000	     -0.00000000	      0.06120115	     -0.00000000	     -0.08527316	      0.00000000	    100.51159088	      0.00000000	     -6.45972925	     -0.00000000	      0.00000000	      0.00000000	     -0.00000000	      0.00000000
      1.03000000	      0.00000000	      0.00000000	      0.00000000	      0.00000000	      0.00000000	      0.00000000	      0.00000000	      0.00000000	      0.00000000	      0.00000000	      0.00000000	      0.00000000	      0.00000000	      0.00000000	      0.00000000	      0.00000000	      0.00000000	      0.00000000	      0.00000000	      0.00000000	      0.00000000	      0.00000000	      0.00000000	      0.00000000	      0.00000000	      0.00000000	      0.00000000	      0.00000000	      0.00000000	      0.00000000	      0.00000000	      0.00000000	      0.00000000	      0.00000000	      0.00000000	      0.00000000	      0.00000000	      0.00000000	      0.00000000	      0.00000000	      0.37000328	    140.57255806	      0.16257371	     14.58067704	      0.18061688	      0.14806555	      0.00000000	     -0.00000000	     -0.00000000	     -0.00000000	     -0.00000000	     -0.00000000	     -0.00000000	      0.00000000	     -0.04332830	     -0.02859815	      0.18869776	     -0.56554239	     -0.26229385	     -0.13731257	     -0.27525152	     -0.26042177	     -0.00000000	      0.51400475	     -0.42908932	      0.00000000	      0.00000000	     -0.00000000	      0.05737510	     -0.00000000	     -0.08054562	      0.00000000	     96.83984214	     -0.00000000	     -6.76115343	      0.00000000	     -0.00000000	     -0.00000000	     -0.00000000	      0.00000000
      1.03500000	      0.00000000	      0.00000000	      0.00000000	      0.00000000	      0.00000000	      0.00000000	      0.00000000	      0.00000000	      0.00000000	      0.00000000	      0.00000000	      0.00000000	      0.00000000	      0.00000000	      0.00000000	      0.00000000	      0.00000000	      0.00000000	      0.00000000	      0.00000000	      0.00000000	      0.00000000	      0.00000000	      0.00000000	      0.00000000	      0.00000000	      0.00000000	      0.00000000	      0.00000000	      0.00000000	      0.00000000	      0.00000000	      0.00000000	      0.00000000	      0.00000000	      0.00000000	      0.00000000	      0.00000000	      0.00000000	      0.00000000	      0.35451734	    137.26072387	      0.16294535	     13.92082894	      0.18248603	      0.14929373	      0.00000000	     -0.00000000	      0.00000000	      0.00000000	      0.00000000	      0.00000000	     -0.00000000	      0.00000000	     -0.04169318	     -0.02852512	      0.18803255	     -0.55987501	     -0.25591102	     -0.13155855	     -0.28528999	     -0.26941728	     -0.00000000	      0.50273045	     -0.43413574	     -0.00000000	      0.00000000	     -0.00000000	      0.05347623	     -0.00000000	     -0.07597687	      0.00000000	     93.27676657	     -0.00000000	     -7.05515656	      0.00000000	      0.00000000	     -0.00000000	     -0.00000000	      0.00000000
      1.04000000	      0.00000000	      0.00000000	      0.00000000	      0.00000000	      0.00000000	      0.00000000	      0.00000000	      0.00000000	      0.00000000	      0.00000000	      0.00000000	      0.00000000	      0.00000000	      0.00000000	      0.00000000	      0.00000000	      0.00000000	      0.00000000	      0.00000000	      0.00000000	      0.00000000	      0.00000000	      0.00000000	      0.00000000	      0.00000000	      0.00000000	      0.00000000	      0.00000000	      0.00000000	      0.00000000	      0.00000000	      0.00000000	      0.00000000	      0.00000000	      0.00000000	      0.00000000	      0.00000000	      0.00000000	      0.00000000	      0.00000000	      0.34328593	    134.13421910	      0.16403115	     13.32542355	      0.18652766	      0.15260241	      0.00000000	     -0.00000000	     -0.00000000	      0.00000000	      0.00000000	     -0.00000000	     -0.00000000	      0.00000000	     -0.03995450	     -0.02834239	      0.18727311	     -0.55177053	     -0.24752767	     -0.12584991	     -0.29378747	     -0.27646607	     -0.00000000	      0.49255130	     -0.43934336	      0.00000000	     -0.00000000	     -0.00000000	      0.04951731	     -0.00000000	     -0.07166706	      0.00000000	     89.88919879	      0.00000000	     -7.33701342	      0.00000000	      0.00000000	      0.00000000	     -0.00000000	      0.00000000
      1.04500000	      0.00000000	      0.00000000	      0.00000000	      0.00000000	      0.00000000	      0.00000000	      0.00000000	      0.00000000	      0.00000000	      0.00000000	      0.00000000	      0.00000000	      0.00000000	      0.00000000	      0.00000000	      0.00000000	      0.00000000	      0.00000000	      0.00000000	      0.00000000	      0.00000000	      0.00000000	      0.00000000	      0.00000000	      0.00000000	      0.00000000	      0.00000000	      0.00000000	      0.00000000	      0.00000000	      0.00000000	      0.00000000	      0.00000000	      0.00000000	      0.00000000	      0.00000000	      0.00000000	      0.00000000	      0.00000000	      0.00000000	      0.33754682	    131.33865126	      0.16587022	     12.79563129	      0.19301657	      0.15824769	      0.00000000	      0.00000000	     -0.00000000	     -0.00000000	      0.00000000	      0.00000000	     -0.00000000	      0.00000000	     -0.03814537	     -0.02803852	      0.18637702	     -0.54088965	     -0.23688694	     -0.12019380	     -0.30033341	     -0.28101412	     -0.00000000	      0.48373675	     -0.44481219	     -0.00000000	     -0.00000000	     -0.00000000	      0.04552390	     -0.00000000	     -0.06771722	      0.00000000	     86.74501917	     -0.00000000	     -7.60225818	      0.00000000	      0.00000000	      0.00000000	      0.00000000	      0.00000000
      1.05000000	      0.00000000	      0.00000000	      0.00000000	      0.00000000	      0.00000000	      0.00000000	      0.00000000	      0.00000000	      0.00000000	      0.00000000	      0.00000000	      0.00000000	      0.00000000	      0.00000000	      0.00000000	      0.00000000	      0.00000000	      0.00000000	      0.00000000	      0.00000000	      0.00000000	      0.00000000	      0.00000000	      0.00000000	      0.00000000	      0.00000000	      0.00000000	      0.00000000	      0.00000000	      0.00000000	      0.00000000	      0.00000000	      0.00000000	      0.00000000	      0.00000000	      0.00000000	      0.00000000	      0.00000000	      0.00000000	      0.00000000	      0.33872830	    129.02381786	      0.16849895	     12.33195099	      0.20226652	      0.16653951	      0.00000000	      0.00000000	      0.00000000	     -0.00000000	      0.00000000	      0.00000000	     -0.00000000	      0.00000000	     -0.03630317	     -0.02760928	      0.18533410	     -0.52646393	     -0.22411529	     -0.11459701	     -0.30442447	     -0.28226529	     -0.00000000	      0.47653539	     -0.45063635	     -0.00000000	      0.00000000	     -0.00000000	      0.04153355	     -0.00000000	     -0.06422644	      0.00000000	     83.92027770	      0.00000000	     -7.84669601	      0.00000000	     -0.00000000	     -0.00000000	      0.00000000	      0.00000000
      1.05500000	      0.00000000	      0.00000000	      0.00000000	      0.00000000	      0.00000000	      0.00000000	      0.00000000	      0.00000000	      0.00000000	      0.00000000	      0.00000000	      0.00000000	      0.00000000	      0.00000000	      0.00000000	      0.00000000	      0.00000000	      0.00000000	      0.00000000	      0.00000000	      0.00000000	      0.00000000	      0.00000000	      0.00000000	      0.00000000	      0.00000000	      0.00000000	      0.00000000	      0.00000000	      0.00000000	      0.00000000	      0.00000000	      0.00000000	      0.00000000	      0.00000000	      0.00000000	      0.00000000	      0.00000000	      0.00000000	      0.00000000	      0.34826342	    127.33834234	      0.17194588	     11.93477683	      0.21458261	      0.17779788	      0.00000000	     -0.00000000	      0.00000000	      0.00000000	     -0.00000000	      0.00000000	     -0.00000000	      0.00000000	     -0.03446742	     -0.02705802	      0.18417823	     -0.50672479	     -0.20970538	     -0.10906830	     -0.30532857	     -0.27882124	     -0.00000000	      0.47116961	     -0.45690070	     -0.00000000	      0.00000000	     -0.00000000	      0.03759328	     -0.00000000	     -0.06128920	      0.00000000	     81.46121689	     -0.00000000	     -8.06638705	     -0.00000000	     -0.00000000	     -0.00000000	      0.00000000	     -0.00000000
      1.06000000	      0.00000000	      0.00000000	      0.00000000	      0.00000000	      0.00000000	      0.00000000	      0.00000000	      0.00000000	      0.00000000	      0.00000000	      0.00000000	      0.00000000	      0.00000000	      0.00000000	      0.00000000	      0.00000000	      0.00000000	      0.00000000	      0.00000000	      0.00000000	      0.00000000	      0.00000000	      0.00000000	      0.00000000	      0.00000000	      0.00000000	      0.00000000	      0.00000000	      0.00000000	      0.00000000	      0.00000000	      0.00000000	      0.00000000	      0.00000000	      0.00000000	      0.00000000	      0.00000000	      0.00000000	      0.00000000	      0.00000000	      0.36698025	    126.42399477	      0.17623676	     11.60337061	      0.23013585	      0.19220237	      0.00000000	     -0.00000000	     -0.00000000	     -0.00000000	     -0.00000000	     -0.00000000	     -0.00000000	      0.00000000	     -0.03267729	     -0.02639524	      0.18299369	     -0.47795515	     -0.19411036	     -0.10361917	     -0.30176332	     -0.26839394	     -0.00000000	      0.46783090	     -0.46367953	      0.00000000	      0.00000000	     -0.00000000	      0.03375520	     -0.00000000	     -0.05899305	      0.00000000	     79.43636090	      0.00000000	     -8.25761177	     -0.00000000	     -0.00000000	      0.00000000	     -0.00000000	     -0.00000000
      1.06500000	      0.00000000	      0.00000000	      0.00000000	      0.00000000	      0.00000000	      0.00000000	      0.00000000	      0.00000000	      0.00000000	      0.00000000	      0.00000000	      0.00000000	      0.00000000	      0.00000000	      0.00000000	      0.00000000	      0.00000000	      0.00000000	      0.00000000	      0.00000000	      0.00000000	      0.00000000	      0.00000000	      0.00000000	      0.00000000	      0.00000000	      0.00000000	      0.00000000	      0.00000000	      0.00000000	      0.00000000	      0.00000000	      0.00000000	      0.00000000	      0.00000000	      0.00000000	      0.00000000	      0.00000000	      0.00000000	      0.00000000	      0.39457838	    126.41001218	      0.18139443	     11.33773372	      0.24878733	      0.20954215	      0.00000000	     -0.00000000	      0.00000000	     -0.00000000	     -0.00000000	      0.00000000	     -0.00000000	      0.00000000	     -0.03096905	     -0.02563755	      0.18191570	     -0.43702035	     -0.17796313	     -0.09826298	     -0.29181183	     -0.25091208	     -0.00000000	      0.46667595	     -0.47103727	      0.00000000	      0.00000000	     -0.00000000	      0.03007075	     -0.00000000	     -0.05741663	      0.00000000	     77.89926124	     -0.00000000	     -8.41683493	     -0.00000000	     -0.00000000	     -0.00000000	      0.00000000	     -0.00000000
      1.07000000	      0.00000000	      0.00000000	      0.00000000	      0.00000000	      0.00000000	      0.00000000	      0.00000000	      0.00000000	      0.00000000	      0.00000000	      0.00000000	      0.00000000	      0.00000000	      0.00000000	      0.00000000	      0.00000000	      0.00000000	      0.00000000	      0.00000000	      0.00000000	      0.00000000	      0.00000000	      0.00000000	      0.00000000	      0.00000000	      0.00000000	      0.00000000	      0.00000000	      0.00000000	      0.00000000	      0.00000000	      0.00000000	      0.00000000	      0.00000000	      0.00000000	      0.00000000	      0.00000000	      0.00000000	      0.00000000	      0.00000000	      0.42821059	    127.40769959	      0.18744109	     11.13798401	      0.27001228	      0.22905606	      0.00000000	     -0.00000000	      0.00000000	      0.00000000	     -0.00000000	      0.00000000	     -0.00000000	      0.00000000	     -0.02937382	     -0.02480604	      0.18112616	     -0.38979716	     -0.16201974	     -0.09301328	     -0.27580977	     -0.22937246	     -0.00000000	      0.46782456	     -0.47903093	     -0.00000000	      0.00000000	     -0.00000000	      0.02658394	     -0.00000000	     -0.05662806	      0.00000000	     76.89608336	      0.00000000	     -8.54068770	      0.00000000	      0.00000000	      0.00000000	      0.00000000	      0.00000000
      1.07500000	      0.00000000	      0.00000000	      0.00000000	      0.00000000	      0.00000000	      0.00000000	      0.00000000	      0.00000000	      0.00000000	      0.00000000	      0.00000000	      0.00000000	      0.00000000	      0.00000000	      0.00000000	      0.00000000	      0.00000000	      0.00000000	      0.00000000	      0.00000000	      0.00000000	      0.00000000	      0.00000000	      0.00000000	      0.00000000	      0.00000000	      0.00000000	      0.00000000	      0.00000000	      0.00000000	      0.00000000	      0.00000000	      0.00000000	      0.00000000	      0.00000000	      0.00000000	      0.00000000	      0.00000000	      0.00000000	      0.00000000	      0.46066240	    129.50555789	      0.19439592	     11.00472952	      0.29189996	      0.24796293	      0.00000000	      0.00000000	      0.00000000	     -0.00000000	     -0.00000000	     -0.00000000	     -0.00000000	      0.00000000	     -0.02791590	     -0.02392429	      0.18084662	     -0.34238589	     -0.14689274	     -0.08788184	     -0.25641893	     -0.20565434	     -0.00000000	      0.47136009	     -0.48771369	     -0.00000000	      0.00000000	     -0.00000000	      0.02332451	     -0.00000000	     -0.05668348	      0.00000000	     76.46457661	     -0.00000000	     -8.62598023	     -0.00000000	     -0.00000000	     -0.00000000	      0.00000000	     -0.00000000
      1.08000000	      0.00000000	      0.00000000	      0.00000000	      0.00000000	      0.00000000	      0.00000000	      0.00000000	      0.00000000	      0.00000000	      0.00000000	      0.00000000	      0.00000000	      0.00000000	      0.00000000	      0.00000000	      0.00000000	      0.00000000	      0.00000000	      0.00000000	      0.00000000	      0.00000000	      0.00000000	      0.00000000	      0.00000000	      0.00000000	      0.00000000	      0.00000000	      0.00000000	      0.00000000	      0.00000000	      0.00000000	      0.00000000	      0.00000000	      0.00000000	      0.00000000	      0.00000000	      0.00000000	      0.00000000	      0.00000000	      0.00000000	      0.49191186	    132.76529422	      0.20224974	     10.93928983	      0.31078123	      0.26268750	      0.00000000	      0.00000000	     -0.00000000	     -0.00000000	      0.00000000	      0.00000000	     -0.00000000	      0.00000000	     -0.02661173	     -0.02301601	      0.18133051	     -0.29903507	     -0.13287479	     -0.08287733	     -0.23515473	     -0.18084658	     -0.00000000	      0.47731682	     -0.49713871	     -0.00000000	      0.00000000	     -0.00000000	      0.02030149	     -0.00000000	     -0.05762576	      0.00000000	     76.63330887	     -0.00000000	     -8.66974349	      0.00000000	     -0.00000000	     -0.00000000	     -0.00000000	      0.00000000
      1.08500000	      0.00000000	      0.00000000	      0.00000000	      0.00000000	      0.00000000	      0.00000000	      0.00000000	      0.00000000	      0.00000000	      0.00000000	      0.00000000	      0.00000000	      0.00000000	      0.00000000	      0.00000000	      0.00000000	      0.00000000	      0.00000000	      0.00000000	      0.00000000	      0.00000000	      0.00000000	      0.00000000	      0.00000000	      0.00000000	      0.00000000	      0.00000000	      0.00000000	      0.00000000	      0.00000000	      0.00000000	      0.00000000	      0.00000000	      0.00000000	      0.00000000	      0.00000000	      0.00000000	      0.00000000	      0.00000000	      0.00000000	      0.52512529	    137.21798576	      0.21083900	     10.94408386	      0.32616823	      0.27380097	      0.00000000	     -0.00000000	     -0.00000000	     -0.00000000	     -0.00000000	     -0.00000000	     -0.00000000	      0.00000000	     -0.02546980	     -0.02210263	      0.18285631	     -0.26165575	     -0.11999184	     -0.07800504	     -0.21296527	     -0.15471105	     -0.00000000	      0.48560108	     -0.50735940	     -0.00000000	     -0.00000000	     -0.00000000	      0.01749906	     -0.00000000	     -0.05948309	      0.00000000	     77.42110460	      0.00000000	     -8.66928085	     -0.00000000	     -0.00000000	     -0.00000000	     -0.00000000	     -0.00000000
      1.09000000	      0.00000000	      0.00000000	      0.00000000	      0.00000000	      0.00000000	      0.00000000	      0.00000000	      0.00000000	      0.00000000	      0.00000000	      0.00000000	      0.00000000	      0.00000000	      0.00000000	      0.00000000	      0.00000000	      0.00000000	      0.00000000	      0.00000000	      0.00000000	      0.00000000	      0.00000000	      0.00000000	      0.00000000	      0.00000000	      0.00000000	      0.00000000	      0.00000000	      0.00000000	      0.00000000	      0.00000000	      0.00000000	      0.00000000	      0.00000000	      0.00000000	      0.00000000	      0.00000000	      0.00000000	      0.00000000	      0.00000000	      0.56178580	    142.86264407	      0.21986446	     11.02261826	      0.33949570	      0.28281164	      0.00000000	      0.00000000	     -0.00000000	     -0.00000000	     -0.00000000	     -0.00000000	     -0.00000000	      0.00000000	     -0.02449097	     -0.02120124	      0.18572273	     -0.22970182	     -0.10814949	     -0.07326731	     -0.18980809	     -0.12657438	     -0.00000000	      0.49603532	     -0.51843118	     -0.00000000	      0.00000000	     -0.00000000	      0.01487315	     -0.00000000	     -0.06226778	      0.00000000	     78.84029745	     -0.00000000	     -8.62221967	     -0.00000000	     -0.00000000	      0.00000000	      0.00000000	      0.00000000
      1.09500000	      0.00000000	      0.00000000	      0.00000000	      0.00000000	      0.00000000	      0.00000000	      0.00000000	      0.00000000	      0.00000000	      0.00000000	      0.00000000	      0.00000000	      0.00000000	      0.00000000	      0.00000000	      0.00000000	      0.00000000	      0.00000000	      0.00000000	      0.00000000	      0.00000000	      0.00000000	      0.00000000	      0.00000000	      0.00000000	      0.00000000	      0.00000000	      0.00000000	      0.00000000	      0.00000000	      0.00000000	      0.00000000	      0.00000000	      0.00000000	      0.00000000	      0.00000000	      0.00000000	      0.00000000	      0.00000000	      0.00000000	      0.60235397	    149.66466205	      0.22904295	     11.18035323	      0.35175904	      0.29052229	      0.00000000	      0.00000000	      0.00000000	      0.00000000	      0.00000000	      0.00000000	     -0.00000000	      0.00000000	     -0.02367002	     -0.02032375	      0.19024614	     -0.20203769	     -0.09723666	     -0.06866497	     -0.16523368	     -0.09613172	     -0.00000000	      0.50848076	     -0.53040555	      0.00000000	     -0.00000000	     -0.00000000	      0.01235285	     -0.00000000	     -0.06597493	      0.00000000	     80.88229886	      0.00000000	     -8.52652449	      0.00000000	     -0.00000000	      0.00000000	     -0.00000000	      0.00000000
      1.10000000	      0.00000000	      0.00000000	      0.00000000	      0.00000000	      0.00000000	      0.00000000	      0.00000000	      0.00000000	      0.00000000	      0.00000000	      0.00000000	      0.00000000	      0.00000000	      0.00000000	      0.00000000	      0.00000000	      0.00000000	      0.00000000	      0.00000000	      0.00000000	      0.00000000	      0.00000000	      0.00000000	      0.00000000	      0.00000000	      0.00000000	      0.00000000	      0.00000000	      0.00000000	      0.00000000	      0.00000000	      0.00000000	      0.00000000	      0.00000000	      0.00000000	      0.00000000	      0.00000000	      0.00000000	      0.00000000	      0.00000000	      0.64673532	    157.55633593	      0.23824138	     11.42444393	      0.36340607	      0.29727670	      0.00000000	     -0.00000000	      0.00000000	      0.00000000	     -0.00000000	     -0.00000000	     -0.00000000	      0.00000000	     -0.02299749	     -0.01947726	      0.19675920	     -0.17780356	     -0.08716831	     -0.06419858	     -0.13886461	     -0.06678271	     -0.00000000	      0.52290253	     -0.54332291	      0.00000000	      0.00000000	     -0.00000000	      0.00984467	     -0.00000000	     -0.07058144	      0.00000000	     83.53925171	      0.00000000	     -8.38049227	      0.00000000	      0.00000000	      0.00000000	     -0.00000000	      0.00000000
      1.10500000	      0.00000000	      0.00000000	      0.00000000	      0.00000000	      0.00000000	      0.00000000	      0.00000000	      0.00000000	      0.00000000	      0.00000000	      0.00000000	      0.00000000	      0.00000000	      0.00000000	      0.00000000	      0.00000000	      0.00000000	      0.00000000	      0.00000000	      0.00000000	      0.00000000	      0.00000000	      0.00000000	      0.00000000	      0.00000000	      0.00000000	      0.00000000	      0.00000000	      0.00000000	      0.00000000	      0.00000000	      0.00000000	      0.00000000	      0.00000000	      0.00000000	      0.00000000	      0.00000000	      0.00000000	      0.00000000	      0.00000000	      0.69453726	    166.43809080	      0.24747067	     11.76539330	      0.37458467	      0.30320484	      0.00000000	     -0.00000000	     -0.00000000	      0.00000000	      0.00000000	     -0.00000000	     -0.00000000	      0.00000000	     -0.02246191	     -0.01866541	      0.20560725	     -0.15647218	     -0.07789406	     -0.05986927	     -0.11048587	     -0.04517308	     -0.00000000	      0.53932578	     -0.55720064	      0.00000000	      0.00000000	     -0.00000000	      0.00724098	     -0.00000000	     -0.07604496	      0.00000000	     86.78992142	      0.00000000	     -8.18276036	      0.00000000	     -0.00000000	      0.00000000	     -0.00000000	     -0.00000000
      1.11000000	      0.00000000	      0.00000000	      0.00000000	      0.00000000	      0.00000000	      0.00000000	      0.00000000	      0.00000000	      0.00000000	      0.00000000	      0.00000000	      0.00000000	      0.00000000	      0.00000000	      0.00000000	      0.00000000	      0.00000000	      0.00000000	      0.00000000	      0.00000000	      0.00000000	      0.00000000	      0.00000000	      0.00000000	      0.00000000	      0.00000000	      0.00000000	      0.00000000	      0.00000000	      0.00000000	      0.00000000	      0.00000000	      0.00000000	      0.00000000	      0.00000000	      0.00000000	      0.00000000	      0.00000000	      0.00000000	      0.00000000	      0.74524097	    176.18330699	      0.25680452	     12.21555381	      0.38530001	      0.30834070	      0.00000000	     -0.00000000	     -0.00000000	      0.00000000	      0.00000000	     -0.00000000	     -0.00000000	      0.00000000	     -0.02205192	     -0.01788983	      0.21713966	     -0.13769795	     -0.06939324	     -0.05567902	     -0.08075970	     -0.03432869	     -0.00000000	      0.55776824	     -0.57202218	     -0.00000000	      0.00000000	     -0.00000000	      0.00443083	     -0.00000000	     -0.08230483	      0.00000000	     90.60456393	      0.00000000	     -7.93229870	     -0.00000000	      0.00000000	     -0.00000000	     -0.00000000	     -0.00000000
      1.11500000	      0.00000000	      0.00000000	      0.00000000	      0.00000000	      0.00000000	      0.00000000	      0.00000000	      0.00000000	      0.00000000	      0.00000000	      0.00000000	      0.00000000	      0.00000000	      0.00000000	      0.00000000	      0.00000000	      0.00000000	      0.00000000	      0.00000000	      0.00000000	      0.00000000	      0.00000000	      0.00000000	      0.00000000	      0.00000000	      0.00000000	      0.00000000	      0.00000000	      0.00000000	      0.00000000	      0.00000000	      0.00000000	      0.00000000	      0.00000000	      0.00000000	      0.00000000	      0.00000000	      0.00000000	      0.00000000	      0.00000000	      0.79834398	    186.64044447	      0.26631152	     12.79043367	      0.39549953	      0.31267837	      0.00000000	     -0.00000000	     -0.00000000	     -0.00000000	     -0.00000000	     -0.00000000	     -0.00000000	      0.00000000	     -0.02175820	     -0.01715164	      0.23168603	     -0.12118621	     -0.06166743	     -0.05163121	     -0.05588886	     -0.02724576	     -0.00000000	      0.57819627	     -0.58771822	      0.00000000	      0.00000000	     -0.00000000	      0.00131412	     -0.00000000	     -0.08928121	      0.00000000	     94.94497972	     -0.00000000	     -7.62861165	      0.00000000	     -0.00000000	     -0.00000000	     -0.00000000	     -0.00000000
      1.12000000	      0.00000000	      0.00000000	      0.00000000	      0.00000000	      0.00000000	      0.00000000	      0.00000000	      0.00000000	      0.00000000	      0.00000000	      0.00000000	      0.00000000	      0.00000000	      0.00000000	      0.00000000	      0.00000000	      0.00000000	      0.00000000	      0.00000000	      0.00000000	      0.00000000	      0.00000000	      0.00000000	      0.00000000	      0.00000000	      0.00000000	      0.00000000	      0.00000000	      0.00000000	      0.00000000	      0.00000000	      0.00000000	      0.00000000	      0.00000000	      0.00000000	      0.00000000	      0.00000000	      0.00000000	      0.00000000	      0.00000000	      0.85350606	    197.64044972	      0.27602527	     13.50864354	      0.40511859	      0.31620056	      0.00000000	      0.00000000	     -0.00000000	     -0.00000000	     -0.00000000	      0.00000000	     -0.00000000	      0.00000000	     -0.02157496	     -0.01645226	      0.24952047	     -0.10690346	     -0.05473391	     -0.04773146	     -0.04132827	     -0.02092778	     -0.00000000	      0.60051413	     -0.60415390	      0.00000000	     -0.00000000	     -0.00000000	     -0.00218514	     -0.00000000	     -0.09687755	      0.00000000	     99.76633634	     -0.00000000	     -7.27198398	     -0.00000000	     -0.00000000	      0.00000000	      0.00000000	     -0.00000000
      1.12500000	      0.00000000	      0.00000000	      0.00000000	      0.00000000	      0.00000000	      0.00000000	      0.00000000	      0.00000000	      0.00000000	      0.00000000	      0.00000000	      0.00000000	      0.00000000	      0.00000000	      0.00000000	      0.00000000	      0.00000000	      0.00000000	      0.00000000	      0.00000000	      0.00000000	      0.00000000	      0.00000000	      0.00000000	      0.00000000	      0.00000000	      0.00000000	      0.00000000	      0.00000000	      0.00000000	      0.00000000	      0.00000000	      0.00000000	      0.00000000	      0.00000000	      0.00000000	      0.00000000	      0.00000000	      0.00000000	      0.00000000	      0.91060234	    209.00283398	      0.28595742	     14.39149061	      0.41411533	      0.31889374	      0.00000000	     -0.00000000	      0.00000000	     -0.00000000	      0.00000000	     -0.00000000	     -0.00000000	      0.00000000	     -0.02150107	     -0.01579400	      0.27081597	     -0.09509148	     -0.04862107	     -0.04398875	     -0.03595045	     -0.01535982	     -0.00000000	      0.62455970	     -0.62111329	     -0.00000000	      0.00000000	     -0.00000000	     -0.00610560	     -0.00000000	     -0.10498254	      0.00000000	    105.02232932	      0.00000000	     -6.86402763	      0.00000000	      0.00000000	      0.00000000	     -0.00000000	      0.00000000
      1.13000000	      0.00000000	      0.00000000	      0.00000000	      0.00000000	      0.00000000	      0.00000000	      0.00000000	      0.00000000	      0.00000000	      0.00000000	      0.00000000	      0.00000000	      0.00000000	      0.00000000	      0.00000000	      0.00000000	      0.00000000	      0.00000000	      0.00000000	      0.00000000	      0.00000000	      0.00000000	      0.00000000	      0.00000000	      0.00000000	      0.00000000	      0.00000000	      0.00000000	      0.00000000	      0.00000000	      0.00000000	      0.00000000	      0.00000000	      0.00000000	      0.00000000	      0.00000000	      0.00000000	      0.00000000	      0.00000000	      0.00000000	      0.96968454	    220.54249018	      0.29608036	     15.46316538	      0.42239249	      0.32075652	      0.00000000	     -0.00000000	     -0.00000000	      0.00000000	     -0.00000000	     -0.00000000	     -0.00000000	      0.00000000	     -0.02154073	     -0.01518032	      0.29547198	     -0.08591832	     -0.04336493	     -0.04041613	     -0.03225205	     -0.01047504	     -0.00000000	      0.65010369	     -0.63828550	     -0.00000000	     -0.00000000	     -0.00000000	     -0.01043765	     -0.00000000	     -0.11347287	      0.00000000	    110.65061202	      0.00000000	     -6.40864301	      0.00000000	      0.00000000	      0.00000000	     -0.00000000	      0.00000000
      1.13500000	      0.00000000	      0.00000000	      0.00000000	      0.00000000	      0.00000000	      0.00000000	      0.00000000	      0.00000000	      0.00000000	      0.00000000	      0.00000000	      0.00000000	      0.00000000	      0.00000000	      0.00000000	      0.00000000	      0.00000000	      0.00000000	      0.00000000	      0.00000000	      0.00000000	      0.00000000	      0.00000000	      0.00000000	      0.00000000	      0.00000000	      0.00000000	      0.00000000	      0.00000000	      0.00000000	      0.00000000	      0.00000000	      0.00000000	      0.00000000	      0.00000000	      0.00000000	      0.00000000	      0.00000000	      0.00000000	      0.00000000	      1.03091647	    232.07651445	      0.30636590	     16.75000104	      0.42996945	      0.32180439	      0.00000000	     -0.00000000	      0.00000000	     -0.00000000	     -0.00000000	      0.00000000	     -0.00000000	      0.00000000	     -0.02170388	     -0.01461605	      0.32244339	     -0.07946808	     -0.03900605	     -0.03703050	     -0.02935394	     -0.00614703	     -0.00000000	      0.67684988	     -0.65525273	     -0.00000000	      0.00000000	     -0.00000000	     -0.01511590	     -0.00000000	     -0.12221661	      0.00000000	    116.59860862	      0.00000000	     -5.91372899	      0.00000000	      0.00000000	      0.00000000	      0.00000000	      0.00000000
      1.14000000	      0.00000000	      0.00000000	      0.00000000	      0.00000000	      0.00000000	      0.00000000	      0.00000000	      0.00000000	      0.00000000	      0.00000000	      0.00000000	      0.00000000	      0.00000000	      0.00000000	      0.00000000	      0.00000000	      0.00000000	      0.00000000	      0.00000000	      0.00000000	      0.00000000	      0.00000000	      0.00000000	      0.00000000	      0.00000000	      0.00000000	      0.00000000	      0.00000000	      0.00000000	      0.00000000	      0.00000000	      0.00000000	      0.00000000	      0.00000000	      0.00000000	      0.00000000	      0.00000000	      0.00000000	      0.00000000	      0.00000000	      1.09452275	    243.43073352	      0.31676418	     18.27979799	      0.43682561	      0.32207224	      0.00000000	      0.00000000	     -0.00000000	     -0.00000000	     -0.00000000	      0.00000000	     -0.00000000	      0.00000000	     -0.02200653	     -0.01410788	      0.35001048	     -0.07577778	     -0.03558664	     -0.03385199	     -0.02723906	     -0.00251685	     -0.00000000	      0.70443720	     -0.67148145	      0.00000000	     -0.00000000	     -0.00000000	     -0.02001604	     -0.00000000	     -0.13107687	      0.00000000	    122.80883691	     -0.00000000	     -5.39376561	     -0.00000000	     -0.00000000	      0.00000000	     -0.00000000	      0.00000000
      1.14500000	      0.00000000	      0.00000000	      0.00000000	      0.00000000	      0.00000000	      0.00000000	      0.00000000	      0.00000000	      0.00000000	      0.00000000	      0.00000000	      0.00000000	      0.00000000	      0.00000000	      0.00000000	      0.00000000	      0.00000000	      0.00000000	      0.00000000	      0.00000000	      0.00000000	      0.00000000	      0.00000000	      0.00000000	      0.00000000	      0.00000000	      0.00000000	      0.00000000	      0.00000000	      0.00000000	      0.00000000	      0.00000000	      0.00000000	      0.00000000	      0.00000000	      0.00000000	      0.00000000	      0.00000000	      0.00000000	      0.00000000	      1.16074283	    254.44563382	      0.32724806	     20.08251271	      0.44296503	      0.32161508	      0.00000000	     -0.00000000	     -0.00000000	      0.00000000	     -0.00000000	     -0.00000000	     -0.00000000	      0.00000000	     -0.02247110	     -0.01366494	      0.37710827	     -0.07484257	     -0.03314786	     -0.03090531	     -0.02583525	     -0.00000000	     -0.00000000	      0.73244513	     -0.68632192	     -0.00000000	     -0.00000000	     -0.00000000	     -0.02495703	     -0.00000000	     -0.13991571	      0.00000000	    129.22786879	     -0.00000000	     -4.87007568	      0.00000000	      0.00000000	      0.00000000	     -0.00000000	     -0.00000000
      1.15000000	      0.00000000	      0.00000000	      0.00000000	      0.00000000	      0.00000000	      0.00000000	      0.00000000	      0.00000000	      0.00000000	      0.00000000	      0.00000000	      0.00000000	      0.00000000	      0.00000000	      0.00000000	      0.00000000	      0.00000000	      0.00000000	      0.00000000	      0.00000000	      0.00000000	      0.00000000	      0.00000000	      0.00000000	      0.00000000	      0.00000000	      0.00000000	      0.00000000	      0.00000000	      0.00000000	      0.00000000	      0.00000000	      0.00000000	      0.00000000	      0.00000000	      0.00000000	      0.00000000	      0.00000000	      0.00000000	      0.00000000	      1.22978082	    264.98134669	      0.33778159	     22.18853648	      0.44842861	      0.32050709	      0.00000000	      0.00000000	     -0.00000000	      0.00000000	     -0.00000000	      0.00000000	     -0.00000000	      0.00000000	     -0.02312715	     -0.01329970	      0.40365945	     -0.07661329	     -0.03172767	     -0.02822770	     -0.02501089	     -0.00000000	     -0.00000000	      0.76040287	     -0.69903277	      0.00000000	     -0.00000000	     -0.00000000	     -0.02970970	     -0.00000000	     -0.14859784	      0.00000000	    135.79526572	      0.00000000	     -4.35599883	     -0.00000000	     -0.00000000	      0.00000000	     -0.00000000	      0.00000000
      1.15500000	      0.00000000	      0.00000000	      0.00000000	      0.00000000	      0.00000000	      0.00000000	      0.00000000	      0.00000000	      0.00000000	      0.00000000	      0.00000000	      0.00000000	      0.00000000	      0.00000000	      0.00000000	      0.00000000	      0.00000000	      0.00000000	      0.00000000	      0.00000000	      0.00000000	      0.00000000	      0.00000000	      0.00000000	      0.00000000	      0.00000000	      0.00000000	      0.00000000	      0.00000000	      0.00000000	      0.00000000	      0.00000000	      0.00000000	      0.00000000	      0.00000000	      0.00000000	      0.00000000	      0.00000000	      0.00000000	      0.00000000	      1.30175303	    274.92132848	      0.34834553	     24.62915407	      0.45327799	      0.31883864	      0.00000000	      0.00000000	     -0.00000000	     -0.00000000	      0.00000000	     -0.00000000	     -0.00000000	      0.00000000	     -0.02401234	     -0.01302856	      0.42992945	     -0.08099594	     -0.03135948	     -0.02588215	     -0.02481400	     -0.00000000	     -0.00000000	      0.78780226	     -0.70886165	      0.00000000	      0.00000000	     -0.00000000	     -0.03401196	     -0.00000000	     -0.15699380	      0.00000000	    142.42809061	      0.00000000	     -3.83417599	      0.00000000	     -0.00000000	     -0.00000000	      0.00000000	      0.00000000
      1.16000000	      0.00000000	      0.00000000	      0.00000000	      0.00000000	      0.00000000	      0.00000000	      0.00000000	      0.00000000	      0.00000000	      0.00000000	      0.00000000	      0.00000000	      0.00000000	      0.00000000	      0.00000000	      0.00000000	      0.00000000	      0.00000000	      0.00000000	      0.00000000	      0.00000000	      0.00000000	      0.00000000	      0.00000000	      0.00000000	      0.00000000	      0.00000000	      0.00000000	      0.00000000	      0.00000000	      0.00000000	      0.00000000	      0.00000000	      0.00000000	      0.00000000	      0.00000000	      0.00000000	      0.00000000	      0.00000000	      0.00000000	      1.37664240	    284.17449404	      0.35892961	     27.43769338	      0.45759801	      0.31671220	      0.00000000	     -0.00000000	     -0.00000000	     -0.00000000	     -0.00000000	     -0.00000000	     -0.00000000	      0.00000000	     -0.02517302	     -0.01287158	      0.45615256	     -0.08785442	     -0.03207071	     -0.02396081	     -0.02531542	     -0.00000000	     -0.00000000	      0.81411312	     -0.71517357	     -0.00000000	     -0.00000000	     -0.00000000	     -0.03759147	     -0.00000000	     -0.16498216	      0.00000000	    149.17027113	      0.00000000	     -3.28161175	     -0.00000000	      0.00000000	      0.00000000	      0.00000000	     -0.00000000
      1.16500000	      0.00000000	      0.00000000	      0.00000000	      0.00000000	      0.00000000	      0.00000000	      0.00000000	      0.00000000	      0.00000000	      0.00000000	      0.00000000	      0.00000000	      0.00000000	      0.00000000	      0.00000000	      0.00000000	      0.00000000	      0.00000000	      0.00000000	      0.00000000	      0.00000000	      0.00000000	      0.00000000	      0.00000000	      0.00000000	      0.00000000	      0.00000000	      0.00000000	      0.00000000	      0.00000000	      0.00000000	      0.00000000	      0.00000000	      0.00000000	      0.00000000	      0.00000000	      0.00000000	      0.00000000	      0.00000000	      0.00000000	      1.45426957	    292.67578444	      0.36956232	     30.64779002	      0.46149195	      0.31423753	      0.00000000	      0.00000000	     -0.00000000	      0.00000000	      0.00000000	      0.00000000	     -0.00000000	      0.00000000	     -0.02666295	     -0.01285043	      0.48246864	     -0.09701598	     -0.03388075	     -0.02257131	     -0.02650425	     -0.00000000	     -0.00000000	      0.83879998	     -0.71748241	      0.00000000	     -0.00000000	     -0.00000000	     -0.04019478	     -0.00000000	     -0.17245064	      0.00000000	    155.93370667	     -0.00000000	     -2.71247537	      0.00000000	     -0.00000000	      0.00000000	      0.00000000	      0.00000000
      1.17000000	      0.00000000	      0.00000000	      0.00000000	      0.00000000	      0.00000000	      0.00000000	      0.00000000	      0.00000000	      0.00000000	      0.00000000	      0.00000000	      0.00000000	      0.00000000	      0.00000000	      0.00000000	      0.00000000	      0.00000000	      0.00000000	      0.00000000	      0.00000000	      0.00000000	      0.00000000	      0.00000000	      0.00000000	      0.00000000	      0.00000000	      0.00000000	      0.00000000	      0.00000000	      0.00000000	      0.00000000	      0.00000000	      0.00000000	      0.00000000	      0.00000000	      0.00000000	      0.00000000	      0.00000000	      0.00000000	      0.00000000	      1.53428641	    300.38534480	      0.38025607	     34.29381222	      0.46507436	      0.31152661	      0.00000000	      0.00000000	      0.00000000	      0.00000000	      0.00000000	      0.00000000	     -0.00000000	      0.00000000	     -0.02853747	     -0.01298575	      0.50893807	     -0.10828130	     -0.03679818	     -0.02182127	     -0.02833874	     -0.00000000	     -0.00000000	      0.86133812	     -0.71532629	     -0.00000000	      0.00000000	     -0.00000000	     -0.04161713	     -0.00000000	     -0.17929519	      0.00000000	    162.68838182	     -0.00000000	     -2.15442761	      0.00000000	     -0.00000000	     -0.00000000	     -0.00000000	     -0.00000000
      1.17500000	      0.00000000	      0.00000000	      0.00000000	      0.00000000	      0.00000000	      0.00000000	      0.00000000	      0.00000000	      0.00000000	      0.00000000	      0.00000000	      0.00000000	      0.00000000	      0.00000000	      0.00000000	      0.00000000	      0.00000000	      0.00000000	      0.00000000	      0.00000000	      0.00000000	      0.00000000	      0.00000000	      0.00000000	      0.00000000	      0.00000000	      0.00000000	      0.00000000	      0.00000000	      0.00000000	      0.00000000	      0.00000000	      0.00000000	      0.00000000	      0.00000000	      0.00000000	      0.00000000	      0.00000000	      0.00000000	      0.00000000	      1.61619262	    307.28660473	      0.39105640	     38.41214609	      0.46846380	      0.30868940	      0.00000000	      0.00000000	      0.00000000	     -0.00000000	      0.00000000	      0.00000000	     -0.00000000	      0.00000000	     -0.03084141	     -0.01329852	      0.53555182	     -0.12143737	     -0.04081922	     -0.02181145	     -0.03076137	     -0.00050242	     -0.00000000	      0.88124457	     -0.70838412	     -0.00000000	     -0.00000000	     -0.00000000	     -0.04172218	     -0.00000000	     -0.18541914	      0.00000000	    169.41088139	      0.00000000	     -1.61572561	      0.00000000	      0.00000000	     -0.00000000	      0.00000000	      0.00000000
      1.18000000	      0.00000000	      0.00000000	      0.00000000	      0.00000000	      0.00000000	      0.00000000	      0.00000000	      0.00000000	      0.00000000	      0.00000000	      0.00000000	      0.00000000	      0.00000000	      0.00000000	      0.00000000	      0.00000000	      0.00000000	      0.00000000	      0.00000000	      0.00000000	      0.00000000	      0.00000000	      0.00000000	      0.00000000	      0.00000000	      0.00000000	      0.00000000	      0.00000000	      0.00000000	      0.00000000	      0.00000000	      0.00000000	      0.00000000	      0.00000000	      0.00000000	      0.00000000	      0.00000000	      0.00000000	      0.00000000	      0.00000000	      1.69937068	    313.38361465	      0.40199230	     43.04014981	      0.47177549	      0.30582998	      0.00000000	     -0.00000000	     -0.00000000	     -0.00000000	      0.00000000	     -0.00000000	     -0.00000000	      0.00000000	     -0.03359665	     -0.01381024	      0.56222198	     -0.13627403	     -0.04593162	     -0.02263500	     -0.03370163	     -0.00350009	     -0.00000000	      0.89815814	     -0.69653548	      0.00000000	      0.00000000	     -0.00000000	     -0.04044813	     -0.00000000	     -0.19073269	      0.00000000	    175.94734035	      0.00000000	     -1.08826991	      0.00000000	      0.00000000	     -0.00000000	     -0.00000000	     -0.00000000
      1.18500000	      0.00000000	      0.00000000	      0.00000000	      0.00000000	      0.00000000	      0.00000000	      0.00000000	      0.00000000	      0.00000000	      0.00000000	      0.00000000	      0.00000000	      0.00000000	      0.00000000	      0.00000000	      0.00000000	      0.00000000	      0.00000000	      0.00000000	      0.00000000	      0.00000000	      0.00000000	      0.00000000	      0.00000000	      0.00000000	      0.00000000	      0.00000000	      0.00000000	      0.00000000	      0.00000000	      0.00000000	      0.00000000	      0.00000000	      0.00000000	      0.00000000	      0.00000000	      0.00000000	      0.00000000	      0.00000000	      0.00000000	      1.78313111	    318.69799647	      0.41308149	     48.21356774	      0.47511264	      0.30304293	      0.00000000	      0.00000000	     -0.00000000	     -0.00000000	     -0.00000000	     -0.00000000	     -0.00000000	      0.00000000	     -0.03680083	     -0.01447246	      0.58875296	     -0.15260383	     -0.05213036	     -0.02437930	     -0.03707646	     -0.00723153	     -0.00000000	      0.91197628	     -0.67982962	     -0.00000000	     -0.00000000	     -0.00000000	     -0.03781539	     -0.00000000	     -0.19515103	      0.00000000	    182.34980282	     -0.00000000	     -0.57392711	     -0.00000000	     -0.00000000	      0.00000000	      0.00000000	      0.00000000
      1.19000000	      0.00000000	      0.00000000	      0.00000000	      0.00000000	      0.00000000	      0.00000000	      0.00000000	      0.00000000	      0.00000000	      0.00000000	      0.00000000	      0.00000000	      0.00000000	      0.00000000	      0.00000000	      0.00000000	      0.00000000	      0.00000000	      0.00000000	      0.00000000	      0.00000000	      0.00000000	      0.00000000	      0.00000000	      0.00000000	      0.00000000	      0.00000000	      0.00000000	      0.00000000	      0.00000000	      0.00000000	      0.00000000	      0.00000000	      0.00000000	      0.00000000	      0.00000000	      0.00000000	      0.00000000	      0.00000000	      0.00000000	      1.86675913	    323.26582133	      0.42433944	     53.96754442	      0.47855360	      0.30041000	      0.00000000	     -0.00000000	     -0.00000000	      0.00000000	     -0.00000000	      0.00000000	     -0.00000000	      0.00000000	     -0.04032681	     -0.01526764	      0.61480114	     -0.17028243	     -0.05944423	     -0.02713040	     -0.04079047	     -0.01162722	     -0.00000000	      0.92293722	     -0.65843851	      0.00000000	      0.00000000	     -0.00000000	     -0.03392327	     -0.00000000	     -0.19859330	      0.00000000	    188.65620625	      0.00000000	     -0.12702812	      0.00000000	     -0.00000000	     -0.00000000	      0.00000000	     -0.00000000
      1.19500000	      0.00000000	      0.00000000	      0.00000000	      0.00000000	      0.00000000	      0.00000000	      0.00000000	      0.00000000	      0.00000000	      0.00000000	      0.00000000	      0.00000000	      0.00000000	      0.00000000	      0.00000000	      0.00000000	      0.00000000	      0.00000000	      0.00000000	      0.00000000	      0.00000000	      0.00000000	      0.00000000	      0.00000000	      0.00000000	      0.00000000	      0.00000000	      0.00000000	      0.00000000	      0.00000000	      0.00000000	      0.00000000	      0.00000000	      0.00000000	      0.00000000	      0.00000000	      0.00000000	      0.00000000	      0.00000000	      0.00000000	      1.94955520	    327.13465395	      0.43574725	     60.33309186	      0.48215524	      0.29799724	      0.00000000	      0.00000000	      0.00000000	      0.00000000	     -0.00000000	     -0.00000000	     -0.00000000	      0.00000000	     -0.04386500	     -0.01632108	      0.63985525	     -0.18921913	     -0.06795968	     -0.03098211	     -0.04473656	     -0.01659449	     -0.00000000	      0.93147950	     -0.63264696	     -0.00000000	      0.00000000	     -0.00000000	     -0.02893519	     -0.00000000	     -0.20098262	      0.00000000	    194.85508128	     -0.00000000	     -0.00000000	     -0.00000000	     -0.00000000	      0.00000000	      0.00000000	      0.00000000
      1.20000000	      0.00000000	      0.00000000	      0.00000000	      0.00000000	      0.00000000	      0.00000000	      0.00000000	      0.00000000	      0.00000000	      0.00000000	      0.00000000	      0.00000000	      0.00000000	      0.00000000	      0.00000000	      0.00000000	      0.00000000	      0.00000000	      0.00000000	      0.00000000	      0.00000000	      0.00000000	      0.00000000	      0.00000000	      0.00000000	      0.00000000	      0.00000000	      0.00000000	      0.00000000	      0.00000000	      0.00000000	      0.00000000	      0.00000000	      0.00000000	      0.00000000	      0.00000000	      0.00000000	      0.00000000	      0.00000000	      0.00000000	      2.03086495	    330.36090662	      0.44727604	     67.33348043	      0.48593734	      0.29585247	      0.00000000	      0.00000000	      0.00000000	     -0.00000000	      0.00000000	      0.00000000	     -0.00000000	      0.00000000	     -0.04737415	     -0.01778408	      0.66331063	     -0.20935026	     -0.07784070	     -0.03605362	     -0.04879786	     -0.02201760	     -0.00000000	      0.93799767	     -0.60287334	      0.00000000	      0.00000000	     -0.00000000	     -0.02305772	     -0.00000000	     -0.20224674	      0.00000000	    200.93407735	     -0.00000000	     -0.00000000	     -0.00000000	      0.00000000	     -0.00000000	     -0.00000000	      0.00000000
      1.20500000	      0.00000000	      0.00000000	      0.00000000	      0.00000000	      0.00000000	      0.00000000	      0.00000000	      0.00000000	      0.00000000	      0.00000000	      0.00000000	      0.00000000	      0.00000000	      0.00000000	      0.00000000	      0.00000000	      0.00000000	      0.00000000	      0.00000000	      0.00000000	      0.00000000	      0.00000000	      0.00000000	      0.00000000	      0.00000000	      0.00000000	      0.00000000	      0.00000000	      0.00000000	      0.00000000	      0.00000000	      0.00000000	      0.00000000	      0.00000000	      0.00000000	      0.00000000	      0.00000000	      0.00000000	      0.00000000	      0.00000000	      2.11009685	    333.00752933	      0.45883995	     74.98261135	      0.48988593	      0.29400324	      0.00000000	      0.00000000	     -0.00000000	     -0.00000000	      0.00000000	      0.00000000	     -0.00000000	      0.00000000	     -0.05104878	     -0.01978973	      0.68465690	     -0.23052104	     -0.08936251	     -0.04252204	     -0.05285095	     -0.02776095	     -0.00000000	      0.94278165	     -0.56968114	     -0.00000000	      0.00000000	     -0.00000000	     -0.01651733	     -0.00000000	     -0.20231840	      0.00000000	    206.87801346	     -0.00000000	     -0.00000000	     -0.00000000	     -0.00000000	     -0.00000000	     -0.00000000	      0.00000000
      1.21000000	      0.00000000	      0.00000000	      0.00000000	      0.00000000	      0.00000000	      0.00000000	      0.00000000	      0.00000000	      0.00000000	      0.00000000	      0.00000000	      0.00000000	      0.00000000	      0.00000000	      0.00000000	      0.00000000	      0.00000000	      0.00000000	      0.00000000	      0.00000000	      0.00000000	      0.00000000	      0.00000000	      0.00000000	      0.00000000	      0.00000000	      0.00000000	      0.00000000	      0.00000000	      0.00000000	      0.00000000	      0.00000000	      0.00000000	      0.00000000	      0.00000000	      0.00000000	      0.00000000	      0.00000000	      0.00000000	      0.00000000	      2.18672818	    335.14196084	      0.47033364	     83.28055585	      0.49401145	      0.29245534	      0.00000000	     -0.00000000	      0.00000000	      0.00000000	     -0.00000000	     -0.00000000	     -0.00000000	      0.00000000	     -0.05507931	     -0.02246408	      0.70359695	     -0.25223071	     -0.10294692	     -0.05067835	     -0.05677039	     -0.03367550	     -0.00000000	      0.94459645	     -0.53376191	     -0.00000000	      0.00000000	     -0.00000000	     -0.00953774	     -0.00000000	     -0.20114174	      0.00000000	    212.66726441	      0.00000000	     -0.00000000	     -0.00000000	      0.00000000	      0.00000000	     -0.00000000	      0.00000000
      1.21500000	      0.00000000	      0.00000000	      0.00000000	      0.00000000	      0.00000000	      0.00000000	      0.00000000	      0.00000000	      0.00000000	      0.00000000	      0.00000000	      0.00000000	      0.00000000	      0.00000000	      0.00000000	      0.00000000	      0.00000000	      0.00000000	      0.00000000	      0.00000000	      0.00000000	      0.00000000	      0.00000000	      0.00000000	      0.00000000	      0.00000000	      0.00000000	      0.00000000	      0.00000000	      0.00000000	      0.00000000	      0.00000000	      0.00000000	      0.00000000	      0.00000000	      0.00000000	      0.00000000	      0.00000000	      0.00000000	      0.00000000	      2.26030107	    336.83421325	      0.48162024	     92.20975538	      0.49815055	      0.29119239	      0.00000000	      0.00000000	      0.00000000	      0.00000000	     -0.00000000	      0.00000000	      0.00000000	      0.00000000	     -0.05960499	     -0.02593540	      0.71996687	     -0.27338473	     -0.11905817	     -0.06099639	     -0.06043496	     -0.03960765	     -0.00000000	      0.94455342	     -0.49589389	      0.00000000	      0.00000000	     -0.00000000	     -0.00232044	     -0.00000000	     -0.19867563	      0.00000000	    218.27672951	      0.00000000	     -0.00000000	      0.00000000	      0.00000000	      0.00000000	     -0.00000000	      0.00000000
      1.22000000	      0.00000000	      0.00000000	      0.00000000	      0.00000000	      0.00000000	      0.00000000	      0.00000000	      0.00000000	      0.00000000	      0.00000000	      0.00000000	      0.00000000	      0.00000000	      0.00000000	      0.00000000	      0.00000000	      0.00000000	      0.00000000	      0.00000000	      0.00000000	      0.00000000	      0.00000000	      0.00000000	      0.00000000	      0.00000000	      0.00000000	      0.00000000	      0.00000000	      0.00000000	      0.00000000	      0.00000000	      0.00000000	      0.00000000	      0.00000000	      0.00000000	      0.00000000	      0.00000000	      0.00000000	      0.00000000	      0.00000000	      2.33041122	    338.15496267	      0.49252506	    101.73274276	      0.50227329	      0.29017670	      0.00000000	     -0.00000000	      0.00000000	     -0.00000000	      0.00000000	      0.00000000	     -0.00000000	     -0.00000000	     -0.06472688	     -0.03033534	      0.73361335	     -0.29247217	     -0.13763936	     -0.07406281	     -0.06373586	     -0.04540967	     -0.00000000	      0.94325548	     -0.45688764	      0.00000000	     -0.00000000	     -0.00000000	      0.00497000	     -0.00000000	     -0.19489740	      0.00000000	    223.67513426	     -0.00000000	     -0.00000000	     -0.00000000	     -0.00000000	     -0.00000000	      0.00000000	      0.00000000
      1.22500000	      0.00000000	      0.00000000	      0.00000000	      0.00000000	      0.00000000	      0.00000000	      0.00000000	      0.00000000	      0.00000000	      0.00000000	      0.00000000	      0.00000000	      0.00000000	      0.00000000	      0.00000000	      0.00000000	      0.00000000	      0.00000000	      0.00000000	      0.00000000	      0.00000000	      0.00000000	      0.00000000	      0.00000000	      0.00000000	      0.00000000	      0.00000000	      0.00000000	      0.00000000	      0.00000000	      0.00000000	      0.00000000	      0.00000000	      0.00000000	      0.00000000	      0.00000000	      0.00000000	      0.00000000	      0.00000000	      0.00000000	      2.39669179	    339.17355671	      0.50286743	    111.78998025	      0.50623487	      0.28935161	      0.00000000	     -0.00000000	     -0.00000000	      0.00000000	     -0.00000000	      0.00000000	     -0.00000000	     -0.00000000	     -0.07051738	     -0.03579375	      0.74435399	     -0.30821202	     -0.15746225	     -0.08994404	     -0.06658688	     -0.05095091	     -0.00000000	      0.94097665	     -0.41753029	      0.00000000	     -0.00000000	     -0.00000000	      0.01221444	     -0.00000000	     -0.18980494	      0.00000000	    228.82492057	     -0.00000000	     -0.00000000	     -0.00000000	     -0.00000000	     -0.00000000	     -0.00000000	      0.00000000
      1.23000000	      0.00000000	      0.00000000	      0.00000000	      0.00000000	      0.00000000	      0.00000000	      0.00000000	      0.00000000	      0.00000000	      0.00000000	      0.00000000	      0.00000000	      0.00000000	      0.00000000	      0.00000000	      0.00000000	      0.00000000	      0.00000000	      0.00000000	      0.00000000	      0.00000000	      0.00000000	      0.00000000	      0.00000000	      0.00000000	      0.00000000	      0.00000000	      0.00000000	      0.00000000	      0.00000000	      0.00000000	      0.00000000	      0.00000000	      0.00000000	      0.00000000	      0.00000000	      0.00000000	      0.00000000	      0.00000000	      0.00000000	      2.45879429	    339.95590696	      0.51243618	    122.29790599	      0.51023210	      0.28864449	      0.00000000	     -0.00000000	      0.00000000	     -0.00000000	      0.00000000	      0.00000000	     -0.00000000	     -0.00000000	     -0.07702254	     -0.04242856	      0.75199654	     -0.32000524	     -0.17673249	     -0.10756395	     -0.06893592	     -0.05612920	     -0.00000000	      0.93793050	     -0.37853732	      0.00000000	     -0.00000000	     -0.00000000	      0.01934129	     -0.00000000	     -0.18341634	      0.00000000	    233.68252427	     -0.00000000	     -0.00000000	      0.00000000	     -0.00000000	     -0.00000000	     -0.00000000	     -0.00000000
      1.23500000	      0.00000000	      0.00000000	      0.00000000	      0.00000000	      0.00000000	      0.00000000	      0.00000000	      0.00000000	      0.00000000	      0.00000000	      0.00000000	      0.00000000	      0.00000000	      0.00000000	      0.00000000	      0.00000000	      0.00000000	      0.00000000	      0.00000000	      0.00000000	      0.00000000	      0.00000000	      0.00000000	      0.00000000	      0.00000000	      0.00000000	      0.00000000	      0.00000000	      0.00000000	      0.00000000	      0.00000000	      0.00000000	      0.00000000	      0.00000000	      0.00000000	      0.00000000	      0.00000000	      0.00000000	      0.00000000	      0.00000000	      2.51636752	    340.56230000	      0.52102651	    133.15381877	      0.51343026	      0.28797012	      0.00000000	      0.00000000	      0.00000000	     -0.00000000	      0.00000000	      0.00000000	      0.00000000	     -0.00000000	     -0.08426069	     -0.05033272	      0.75637299	     -0.32788965	     -0.19262004	     -0.12409322	     -0.07077520	     -0.06088138	     -0.00000000	      0.93428898	     -0.34051801	      0.00000000	      0.00000000	     -0.00000000	      0.02632277	     -0.00000000	     -0.17577789	      0.00000000	    238.19963714	      0.00000000	     -0.00000000	      0.00000000	      0.00000000	      0.00000000	     -0.00000000	     -0.00000000
      1.24000000	      0.00000000	      0.00000000	      0.00000000	      0.00000000	      0.00000000	      0.00000000	      0.00000000	      0.00000000	      0.00000000	      0.00000000	      0.00000000	      0.00000000	      0.00000000	      0.00000000	      0.00000000	      0.00000000	      0.00000000	      0.00000000	      0.00000000	      0.00000000	      0.00000000	      0.00000000	      0.00000000	      0.00000000	      0.00000000	      0.00000000	      0.00000000	      0.00000000	      0.00000000	      0.00000000	      0.00000000	      0.00000000	      0.00000000	      0.00000000	      0.00000000	      0.00000000	      0.00000000	      0.00000000	      0.00000000	      0.00000000	      2.56903453	    341.04522328	      0.52844079	    144.23241352	      0.51593893	      0.28723381	      0.00000000	      0.00000000	     -0.00000000	      0.00000000	      0.00000000	      0.00000000	      0.00000000	     -0.00000000	     -0.09222068	     -0.05956153	      0.75736980	     -0.33229695	     -0.20462776	     -0.13762981	     -0.07214681	     -0.06519172	     -0.00000000	      0.93016968	     -0.30395752	     -0.00000000	      0.00000000	     -0.00000000	      0.03316695	     -0.00000000	     -0.16696198	      0.00000000	    242.32517591	      0.00000000	     -0.00000000	      0.00000000	      0.00000000	     -0.00000000	      0.00000000	     -0.00000000
      1.24500000	      0.00000000	      0.00000000	      0.00000000	      0.00000000	      0.00000000	      0.00000000	      0.00000000	      0.00000000	      0.00000000	      0.00000000	      0.00000000	      0.00000000	      0.00000000	      0.00000000	      0.00000000	      0.00000000	      0.00000000	      0.00000000	      0.00000000	      0.00000000	      0.00000000	      0.00000000	      0.00000000	      0.00000000	      0.00000000	      0.00000000	      0.00000000	      0.00000000	      0.00000000	      0.00000000	      0.00000000	      0.00000000	      0.00000000	      0.00000000	      0.00000000	      0.00000000	      0.00000000	      0.00000000	      0.00000000	      0.00000000	      2.61636704	    341.44734633	      0.53450293	    155.39473037	      0.51761132	      0.28633607	      0.00000000	      0.00000000	      0.00000000	      0.00000000	      0.00000000	      0.00000000	      0.00000000	     -0.00000000	     -0.10086250	     -0.07012617	      0.75494897	     -0.33387444	     -0.21451370	     -0.14992771	     -0.07314089	     -0.06909770	     -0.00000000	      0.92563407	     -0.26921497	      0.00000000	     -0.00000000	     -0.00000000	      0.03990694	     -0.00000000	     -0.15706628	      0.00000000	    246.00763456	      0.00000000	     -0.00000000	     -0.00000000	      0.00000000	      0.00000000	      0.00000000	     -0.00000000
      1.25000000	      0.00000000	      0.00000000	      0.00000000	      0.00000000	      0.00000000	      0.00000000	      0.00000000	      0.00000000	      0.00000000	      0.00000000	      0.00000000	      0.00000000	      0.00000000	      0.00000000	      0.00000000	      0.00000000	      0.00000000	      0.00000000	      0.00000000	      0.00000000	      0.00000000	      0.00000000	      0.00000000	      0.00000000	      0.00000000	      0.00000000	      0.00000000	      0.00000000	      0.00000000	      0.00000000	      0.00000000	      0.00000000	      0.00000000	      0.00000000	      0.00000000	      0.00000000	      0.00000000	      0.00000000	      0.00000000	      0.00000000	      2.65785650	    341.79980948	      0.53906024	    166.49256223	      0.51816011	      0.28518264	      0.00000000	      0.00000000	      0.00000000	      0.00000000	      0.00000000	     -0.00000000	     -0.00000000	     -0.00000000	     -0.11012175	     -0.08199579	      0.74915880	     -0.33340392	     -0.22337085	     -0.16203871	     -0.07388634	     -0.07269259	     -0.00000000	      0.92069189	     -0.23653441	     -0.00000000	     -0.00000000	     -0.00000000	      0.04658946	     -0.00000000	     -0.14621147	      0.00000000	    249.19788780	     -0.00000000	     -0.00000000	     -0.00000000	      0.00000000	      0.00000000	     -0.00000000	      0.00000000
      1.25500000	      0.00000000	      0.00000000	      0.00000000	      0.00000000	      0.00000000	      0.00000000	      0.00000000	      0.00000000	      0.00000000	      0.00000000	      0.00000000	      0.00000000	      0.00000000	      0.00000000	      0.00000000	      0.00000000	      0.00000000	      0.00000000	      0.00000000	      0.00000000	      0.00000000	      0.00000000	      0.00000000	      0.00000000	      0.00000000	      0.00000000	      0.00000000	      0.00000000	      0.00000000	      0.00000000	      0.00000000	      0.00000000	      0.00000000	      0.00000000	      0.00000000	      0.00000000	      0.00000000	      0.00000000	      0.00000000	      0.00000000	      2.69288862	    342.12095078	      0.54197200	    177.37530772	      0.51715432	      0.28369854	      0.00000000	     -0.00000000	     -0.00000000	     -0.00000000	      0.00000000	      0.00000000	     -0.00000000	     -0.00000000	     -0.11991694	     -0.09510296	      0.74013486	     -0.33169238	     -0.23169414	     -0.17433764	     -0.07453717	     -0.07612421	     -0.00000000	      0.91530760	     -0.20606402	     -0.00000000	      0.00000000	     -0.00000000	      0.05326394	     -0.00000000	     -0.13454415	      0.00000000	    251.85215726	     -0.00000000	     -0.00000000	      0.00000000	     -0.00000000	     -0.00000000	      0.00000000	     -0.00000000
      1.26000000	      0.00000000	      0.00000000	      0.00000000	      0.00000000	      0.00000000	      0.00000000	      0.00000000	      0.00000000	      0.00000000	      0.00000000	      0.00000000	      0.00000000	      0.00000000	      0.00000000	      0.00000000	      0.00000000	      0.00000000	      0.00000000	      0.00000000	      0.00000000	      0.00000000	      0.00000000	      0.00000000	      0.00000000	      0.00000000	      0.00000000	      0.00000000	      0.00000000	      0.00000000	      0.00000000	      0.00000000	      0.00000000	      0.00000000	      0.00000000	      0.00000000	      0.00000000	      0.00000000	      0.00000000	      0.00000000	      0.00000000	      2.72076365	    342.41555785	      0.54307289	    187.89553418	      0.51444857	      0.28182996	      0.00000000	     -0.00000000	      0.00000000	     -0.00000000	     -0.00000000	     -0.00000000	     -0.00000000	     -0.00000000	     -0.13015593	     -0.10934610	      0.72809281	     -0.32952140	     -0.23971803	     -0.18695120	     -0.07525847	     -0.07958948	     -0.00000000	      0.90940990	     -0.17787831	      0.00000000	     -0.00000000	     -0.00000000	      0.05997346	     -0.00000000	     -0.12223715	      0.00000000	    253.93460533	     -0.00000000	     -0.00000000	      0.00000000	      0.00000000	     -0.00000000	     -0.00000000	      0.00000000
      1.26500000	      0.00000000	      0.00000000	      0.00000000	      0.00000000	      0.00000000	      0.00000000	      0.00000000	      0.00000000	      0.00000000	      0.00000000	      0.00000000	      0.00000000	      0.00000000	      0.00000000	      0.00000000	      0.00000000	      0.00000000	      0.00000000	      0.00000000	      0.00000000	      0.00000000	      0.00000000	      0.00000000	      0.00000000	      0.00000000	      0.00000000	      0.00000000	      0.00000000	      0.00000000	      0.00000000	      0.00000000	      0.00000000	      0.00000000	      0.00000000	      0.00000000	      0.00000000	      0.00000000	      0.00000000	      0.00000000	      0.00000000	      2.74087415	    342.67468403	      0.54200124	    197.91625786	      0.51039990	      0.27952571	      0.00000000	     -0.00000000	     -0.00000000	      0.00000000	      0.00000000	     -0.00000000	     -0.00000000	     -0.00000000	     -0.14073947	     -0.12458987	      0.71331370	     -0.32761784	     -0.24756583	     -0.19991011	     -0.07621508	     -0.08332615	     -0.00000000	      0.90290393	     -0.15199919	      0.00000000	     -0.00000000	     -0.00000000	      0.06674807	     -0.00000000	     -0.10948514	      0.00000000	    255.41969908	     -0.00000000	     -0.00000000	     -0.00000000	      0.00000000	     -0.00000000	     -0.00000000	     -0.00000000
      1.27000000	      0.00000000	      0.00000000	      0.00000000	      0.00000000	      0.00000000	      0.00000000	      0.00000000	      0.00000000	      0.00000000	      0.00000000	      0.00000000	      0.00000000	      0.00000000	      0.00000000	      0.00000000	      0.00000000	      0.00000000	      0.00000000	      0.00000000	      0.00000000	      0.00000000	      0.00000000	      0.00000000	      0.00000000	      0.00000000	      0.00000000	      0.00000000	      0.00000000	      0.00000000	      0.00000000	      0.00000000	      0.00000000	      0.00000000	      0.00000000	      0.00000000	      0.00000000	      0.00000000	      0.00000000	      0.00000000	      0.00000000	      2.75303617	    342.87602802	      0.53831323	    207.31632429	      0.50529929	      0.27671292	      0.00000000	     -0.00000000	      0.00000000	     -0.00000000	      0.00000000	      0.00000000	      0.00000000	     -0.00000000	     -0.15156277	     -0.14066760	      0.69612091	     -0.32661795	     -0.25530991	     -0.21320462	     -0.07756471	     -0.08760332	     -0.00000000	      0.89568386	     -0.12841331	      0.00000000	      0.00000000	     -0.00000000	      0.07360073	     -0.00000000	     -0.09649698	      0.00000000	    256.29407460	      0.00000000	     -0.00000000	     -0.00000000	     -0.00000000	      0.00000000	      0.00000000	     -0.00000000
      1.27500000	      0.00000000	      0.00000000	      0.00000000	      0.00000000	      0.00000000	      0.00000000	      0.00000000	      0.00000000	      0.00000000	      0.00000000	      0.00000000	      0.00000000	      0.00000000	      0.00000000	      0.00000000	      0.00000000	      0.00000000	      0.00000000	      0.00000000	      0.00000000	      0.00000000	      0.00000000	      0.00000000	      0.00000000	      0.00000000	      0.00000000	      0.00000000	      0.00000000	      0.00000000	      0.00000000	      0.00000000	      0.00000000	      0.00000000	      0.00000000	      0.00000000	      0.00000000	      0.00000000	      0.00000000	      0.00000000	      0.00000000	      2.75746960	    342.98483693	      0.53240528	    215.99399616	      0.49928585	      0.27327412	      0.00000000	      0.00000000	      0.00000000	      0.00000000	     -0.00000000	     -0.00000000	      0.00000000	     -0.00000000	     -0.16251692	     -0.15738650	      0.67686659	     -0.32702824	     -0.26299670	     -0.22680745	     -0.07945574	     -0.09270954	     -0.00000000	      0.88764434	     -0.10708521	     -0.00000000	      0.00000000	     -0.00000000	      0.08052572	     -0.00000000	     -0.08348736	      0.00000000	    256.55780753	     -0.00000000	     -0.00000000	      0.00000000	     -0.00000000	      0.00000000	     -0.00000000	      0.00000000
      1.28000000	      0.00000000	      0.00000000	      0.00000000	      0.00000000	      0.00000000	      0.00000000	      0.00000000	      0.00000000	      0.00000000	      0.00000000	      0.00000000	      0.00000000	      0.00000000	      0.00000000	      0.00000000	      0.00000000	      0.00000000	      0.00000000	      0.00000000	      0.00000000	      0.00000000	      0.00000000	      0.00000000	      0.00000000	      0.00000000	      0.00000000	      0.00000000	      0.00000000	      0.00000000	      0.00000000	      0.00000000	      0.00000000	      0.00000000	      0.00000000	      0.00000000	      0.00000000	      0.00000000	      0.00000000	      0.00000000	      0.00000000	      2.75418678	    342.95525652	      0.52493788	    223.86672311	      0.49243258	      0.26901830	      0.00000000	      0.00000000	      0.00000000	      0.00000000	      0.00000000	      0.00000000	     -0.00000000	     -0.00000000	     -0.17349096	     -0.17453465	      0.65590911	     -0.32918656	     -0.27065724	     -0.24068358	     -0.08202853	     -0.09892944	     -0.00000000	      0.87869242	     -0.08796779	      0.00000000	      0.00000000	     -0.00000000	      0.08749906	     -0.00000000	     -0.07114607	      0.00000000	    256.22489316	      0.00000000	     -0.00000000	     -0.00000000	     -0.00000000	     -0.00000000	      0.00000000	     -0.00000000
      1.28500000	      0.00000000	      0.00000000	      0.00000000	      0.00000000	      0.00000000	      0.00000000	      0.00000000	      0.00000000	      0.00000000	      0.00000000	      0.00000000	      0.00000000	      0.00000000	      0.00000000	      0.00000000	      0.00000000	      0.00000000	      0.00000000	      0.00000000	      0.00000000	      0.00000000	      0.00000000	      0.00000000	      0.00000000	      0.00000000	      0.00000000	      0.00000000	      0.00000000	      0.00000000	      0.00000000	      0.00000000	      0.00000000	      0.00000000	      0.00000000	      0.00000000	      0.00000000	      0.00000000	      0.00000000	      0.00000000	      0.00000000	      2.74294930	    342.73203222	      0.51627613	    230.88590476	      0.48477748	      0.26364084	      0.00000000	      0.00000000	     -0.00000000	     -0.00000000	     -0.00000000	     -0.00000000	      0.00000000	      0.00000000	     -0.18437416	     -0.19188832	      0.63357092	     -0.33321432	     -0.27831168	     -0.25479348	     -0.08541618	     -0.10649060	     -0.00000000	      0.86875372	     -0.07100980	      0.00000000	     -0.00000000	     -0.00000000	      0.09448068	     -0.00000000	     -0.06195492	      0.00000000	    255.32294738	     -0.00000000	     -0.00000000	     -0.00000000	     -0.00000000	     -0.00000000	      0.00000000	      0.00000000
      1.29000000	      0.00000000	      0.00000000	      0.00000000	      0.00000000	      0.00000000	      0.00000000	      0.00000000	      0.00000000	      0.00000000	      0.00000000	      0.00000000	      0.00000000	      0.00000000	      0.00000000	      0.00000000	      0.00000000	      0.00000000	      0.00000000	      0.00000000	      0.00000000	      0.00000000	      0.00000000	      0.00000000	      0.00000000	      0.00000000	      0.00000000	      0.00000000	      0.00000000	      0.00000000	      0.00000000	      0.00000000	      0.00000000	      0.00000000	      0.00000000	      0.00000000	      0.00000000	      0.00000000	      0.00000000	      0.00000000	      0.00000000	      2.72356352	    342.25246449	      0.50663717	    237.01506743	      0.47632606	      0.25669797	      0.00000000	     -0.00000000	     -0.00000000	      0.00000000	     -0.00000000	      0.00000000	      0.00000000	     -0.00000000	     -0.19505825	     -0.20921907	      0.61001841	     -0.33895315	     -0.28597117	     -0.26909223	     -0.08973631	     -0.11547770	     -0.00000000	      0.85777682	     -0.05615667	      0.00000000	     -0.00000000	     -0.00000000	      0.10141765	     -0.00000000	     -0.05704419	      0.00000000	    253.89227123	      0.00000000	     -0.00000000	      0.00000000	      0.00000000	      0.00000000	     -0.00000000	      0.00000000
      1.29500000	      0.00000000	      0.00000000	      0.00000000	      0.00000000	      0.00000000	      0.00000000	      0.00000000	      0.00000000	      0.00000000	      0.00000000	      0.00000000	      0.00000000	      0.00000000	      0.00000000	      0.00000000	      0.00000000	      0.00000000	      0.00000000	      0.00000000	      0.00000000	      0.00000000	      0.00000000	      0.00000000	      0.00000000	      0.00000000	      0.00000000	      0.00000000	      0.00000000	      0.00000000	      0.00000000	      0.00000000	      0.00000000	      0.00000000	      0.00000000	      0.00000000	      0.00000000	      0.00000000	      0.00000000	      0.00000000	      0.00000000	      2.69587362	    341.44853618	      0.49618202	    242.24580346	      0.46758077	      0.24772828	      0.00000000	      0.00000000	     -0.00000000	     -0.00000000	     -0.00000000	      0.00000000	     -0.00000000	     -0.00000000	     -0.20543912	     -0.22630001	      0.58496264	     -0.34592902	     -0.29363806	     -0.28352535	     -0.09506048	     -0.12577091	     -0.00000000	      0.84573581	     -0.04334328	      0.00000000	      0.00000000	     -0.00000000	      0.10824810	     -0.00000000	     -0.05603723	      0.00000000	    251.98434280	     -0.00000000	     -0.00000000	      0.00000000	     -0.00000000	      0.00000000	     -0.00000000	      0.00000000
      1.30000000	      0.00000000	      0.00000000	      0.00000000	      0.00000000	      0.00000000	      0.00000000	      0.00000000	      0.00000000	      0.00000000	      0.00000000	      0.00000000	      0.00000000	      0.00000000	      0.00000000	      0.00000000	      0.00000000	      0.00000000	      0.00000000	      0.00000000	      0.00000000	      0.00000000	      0.00000000	      0.00000000	      0.00000000	      0.00000000	      0.00000000	      0.00000000	      0.00000000	      0.00000000	      0.00000000	      0.00000000	      0.00000000	      0.00000000	      0.00000000	      0.00000000	      0.00000000	      0.00000000	      0.00000000	      0.00000000	      0.00000000	      2.65974424	    340.24915558	      0.48558802	    246.58332583	      0.46034822	      0.23672440	      0.00000000	      0.00000000	     -0.00000000	     -0.00000000	     -0.00000000	     -0.00000000	     -0.00000000	     -0.00000000	     -0.21541815	     -0.24291134	      0.55849164	     -0.35345766	     -0.30130545	     -0.29802165	     -0.10135723	     -0.13664068	     -0.00000000	      0.83263259	     -0.03248554	     -0.00000000	     -0.00000000	     -0.00000000	      0.11490537	     -0.00000000	     -0.05780489	      0.00000000	    249.65986341	     -0.00000000	     -0.00000000	     -0.00000000	     -0.00000000	      0.00000000	     -0.00000000	     -0.00000000
      1.30500000	      0.00000000	      0.00000000	      0.00000000	      0.00000000	      0.00000000	      0.00000000	      0.00000000	      0.00000000	      0.00000000	      0.00000000	      0.00000000	      0.00000000	      0.00000000	      0.00000000	      0.00000000	      0.00000000	      0.00000000	      0.00000000	      0.00000000	      0.00000000	      0.00000000	      0.00000000	      0.00000000	      0.00000000	      0.00000000	      0.00000000	      0.00000000	      0.00000000	      0.00000000	      0.00000000	      0.00000000	      0.00000000	      0.00000000	      0.00000000	      0.00000000	      0.00000000	      0.00000000	      0.00000000	      0.00000000	      0.00000000	      2.61507265	    338.58248691	      0.47964718	    250.05876218	      0.45514035	      0.22449075	      0.00000000	     -0.00000000	     -0.00000000	      0.00000000	     -0.00000000	     -0.00000000	      0.00000000	      0.00000000	     -0.22490327	     -0.25884500	      0.53192739	     -0.36091702	     -0.30895642	     -0.31248305	     -0.10844615	     -0.14612501	     -0.00000000	      0.81849775	     -0.02358285	      0.00000000	      0.00000000	     -0.00000000	      0.12132202	     -0.00000000	     -0.06040290	      0.00000000	    246.98656309	     -0.00000000	     -0.00000000	      0.00000000	     -0.00000000	     -0.00000000	      0.00000000	      0.00000000
      1.31000000	      0.00000000	      0.00000000	      0.00000000	      0.00000000	      0.00000000	      0.00000000	      0.00000000	      0.00000000	      0.00000000	      0.00000000	      0.00000000	      0.00000000	      0.00000000	      0.00000000	      0.00000000	      0.00000000	      0.00000000	      0.00000000	      0.00000000	      0.00000000	      0.00000000	      0.00000000	      0.00000000	      0.00000000	      0.00000000	      0.00000000	      0.00000000	      0.00000000	      0.00000000	      0.00000000	      0.00000000	      0.00000000	      0.00000000	      0.00000000	      0.00000000	      0.00000000	      0.00000000	      0.00000000	      0.00000000	      0.00000000	      2.56183074	    336.37834812	      0.48147431	    252.71077601	      0.44956056	      0.21187793	      0.00000000	     -0.00000000	      0.00000000	      0.00000000	      0.00000000	      0.00000000	     -0.00000000	     -0.00000000	     -0.23380955	     -0.27390837	      0.50606858	     -0.36796542	     -0.31656406	     -0.32677168	     -0.11601656	     -0.15373092	     -0.00000000	      0.80338674	     -0.01726016	     -0.00000000	     -0.00000000	     -0.00000000	      0.12743369	     -0.00000000	     -0.06320917	      0.00000000	    244.03665021	      0.00000000	     -0.00000000	     -0.00000000	     -0.00000000	      0.00000000	      0.00000000	      0.00000000
      1.31500000	      0.00000000	      0.00000000	      0.00000000	      0.00000000	      0.00000000	      0.00000000	      0.00000000	      0.00000000	      0.00000000	      0.00000000	      0.00000000	      0.00000000	      0.00000000	      0.00000000	      0.00000000	      0.00000000	      0.00000000	      0.00000000	      0.00000000	      0.00000000	      0.00000000	      0.00000000	      0.00000000	      0.00000000	      0.00000000	      0.00000000	      0.00000000	      0.00000000	      0.00000000	      0.00000000	      0.00000000	      0.00000000	      0.00000000	      0.00000000	      0.00000000	      0.00000000	      0.00000000	      0.00000000	      0.00000000	      0.00000000	      2.50011807	    333.57063972	      0.48758394	    254.59277939	      0.44027655	      0.19928966	      0.00000000	      0.00000000	     -0.00000000	      0.00000000	      0.00000000	     -0.00000000	     -0.00000000	      0.00000000	     -0.24205962	     -0.28792694	      0.48125777	     -0.37453423	     -0.32409251	     -0.34069953	     -0.12322836	     -0.16022494	     -0.00000000	      0.78738062	     -0.01337201	      0.00000000	      0.00000000	     -0.00000000	      0.13318247	     -0.00000000	     -0.06620268	      0.00000000	    240.88423617	     -0.00000000	     -0.00000000	     -0.00000000	     -0.00000000	      0.00000000	      0.00000000	     -0.00000000
      1.32000000	      0.00000000	      0.00000000	      0.00000000	      0.00000000	      0.00000000	      0.00000000	      0.00000000	      0.00000000	      0.00000000	      0.00000000	      0.00000000	      0.00000000	      0.00000000	      0.00000000	      0.00000000	      0.00000000	      0.00000000	      0.00000000	      0.00000000	      0.00000000	      0.00000000	      0.00000000	      0.00000000	      0.00000000	      0.00000000	      0.00000000	      0.00000000	      0.00000000	      0.00000000	      0.00000000	      0.00000000	      0.00000000	      0.00000000	      0.00000000	      0.00000000	      0.00000000	      0.00000000	      0.00000000	      0.00000000	      0.00000000	      2.43020807	    330.09974808	      0.49520659	    255.76302318	      0.42376740	      0.18712348	      0.00000000	     -0.00000000	      0.00000000	      0.00000000	      0.00000000	      0.00000000	      0.00000000	      0.00000000	     -0.24958380	     -0.30074584	      0.45767892	     -0.38070274	     -0.33149895	     -0.35403622	     -0.12890241	     -0.16618053	     -0.00000000	      0.77058353	     -0.01104711	     -0.00000000	     -0.00000000	     -0.00000000	      0.13851981	     -0.00000000	     -0.06939367	      0.00000000	    237.60287906	      0.00000000	     -0.00000000	      0.00000000	      0.00000000	      0.00000000	     -0.00000000	     -0.00000000
      1.32500000	      0.00000000	      0.00000000	      0.00000000	      0.00000000	      0.00000000	      0.00000000	      0.00000000	      0.00000000	      0.00000000	      0.00000000	      0.00000000	      0.00000000	      0.00000000	      0.00000000	      0.00000000	      0.00000000	      0.00000000	      0.00000000	      0.00000000	      0.00000000	      0.00000000	      0.00000000	      0.00000000	      0.00000000	      0.00000000	      0.00000000	      0.00000000	      0.00000000	      0.00000000	      0.00000000	      0.00000000	      0.00000000	      0.00000000	      0.00000000	      0.00000000	      0.00000000	      0.00000000	      0.00000000	      0.00000000	      0.00000000	      2.35257910	    325.91485319	      0.50083596	    256.28568033	      0.39823599	      0.17572228	      0.00000000	      0.00000000	     -0.00000000	     -0.00000000	      0.00000000	     -0.00000000	     -0.00000000	     -0.00000000	     -0.25632018	     -0.31223074	      0.43621708	     -0.38659696	     -0.33873605	     -0.36655619	     -0.13305885	     -0.17187106	     -0.00000000	      0.75311844	     -0.00937379	     -0.00000000	     -0.00000000	     -0.00000000	      0.14340884	     -0.00000000	     -0.07279454	      0.00000000	    234.26324958	      0.00000000	     -0.00000000	     -0.00000000	      0.00000000	      0.00000000	     -0.00000000	      0.00000000
      1.33000000	      0.00000000	      0.00000000	      0.00000000	      0.00000000	      0.00000000	      0.00000000	      0.00000000	      0.00000000	      0.00000000	      0.00000000	      0.00000000	      0.00000000	      0.00000000	      0.00000000	      0.00000000	      0.00000000	      0.00000000	      0.00000000	      0.00000000	      0.00000000	      0.00000000	      0.00000000	      0.00000000	      0.00000000	      0.00000000	      0.00000000	      0.00000000	      0.00000000	      0.00000000	      0.00000000	      0.00000000	      0.00000000	      0.00000000	      0.00000000	      0.00000000	      0.00000000	      0.00000000	      0.00000000	      0.00000000	      0.00000000	      2.26792829	    320.97606554	      0.50136186	    256.22607776	      0.36732969	      0.16528679	      0.00000000	      0.00000000	     -0.00000000	      0.00000000	      0.00000000	     -0.00000000	      0.00000000	      0.00000000	     -0.26221476	     -0.32226816	      0.42234599	     -0.39234177	     -0.34575428	     -0.37810787	     -0.13628239	     -0.17740141	     -0.00000000	      0.73512310	     -0.00774608	      0.00000000	      0.00000000	     -0.00000000	      0.14782594	     -0.00000000	     -0.07641393	      0.00000000	    230.93112031	     -0.00000000	     -0.00000000	     -0.00000000	     -0.00000000	     -0.00000000	     -0.00000000	      0.00000000
      1.33500000	      0.00000000	      0.00000000	      0.00000000	      0.00000000	      0.00000000	      0.00000000	      0.00000000	      0.00000000	      0.00000000	      0.00000000	      0.00000000	      0.00000000	      0.00000000	      0.00000000	      0.00000000	      0.00000000	      0.00000000	      0.00000000	      0.00000000	      0.00000000	      0.00000000	      0.00000000	      0.00000000	      0.00000000	      0.00000000	      0.00000000	      0.00000000	      0.00000000	      0.00000000	      0.00000000	      0.00000000	      0.00000000	      0.00000000	      0.00000000	      0.00000000	      0.00000000	      0.00000000	      0.00000000	      0.00000000	      0.00000000	      2.17716780	    315.25632299	      0.49488836	    255.64847958	      0.33452691	      0.15586559	      0.00000000	      0.00000000	      0.00000000	      0.00000000	     -0.00000000	      0.00000000	     -0.00000000	     -0.00000000	     -0.26722169	     -0.33076580	      0.41753706	     -0.39804510	     -0.35250391	     -0.38863416	     -0.13900145	     -0.18278277	     -0.00000000	      0.71674593	     -0.00609659	     -0.00000000	     -0.00000000	     -0.00000000	      0.15176152	     -0.00000000	     -0.08024569	      0.00000000	    227.66568607	      0.00000000	     -0.00000000	     -0.00000000	     -0.00000000	      0.00000000	      0.00000000	      0.00000000
      1.34000000	      0.00000000	      0.00000000	      0.00000000	      0.00000000	      0.00000000	      0.00000000	      0.00000000	      0.00000000	      0.00000000	      0.00000000	      0.00000000	      0.00000000	      0.00000000	      0.00000000	      0.00000000	      0.00000000	      0.00000000	      0.00000000	      0.00000000	      0.00000000	      0.00000000	      0.00000000	      0.00000000	      0.00000000	      0.00000000	      0.00000000	      0.00000000	      0.00000000	      0.00000000	      0.00000000	      0.00000000	      0.00000000	      0.00000000	      0.00000000	      0.00000000	      0.00000000	      0.00000000	      0.00000000	      0.00000000	      0.00000000	      2.08140370	    308.74298203	      0.47995200	    254.61154574	      0.30166168	      0.14740458	      0.00000000	      0.00000000	     -0.00000000	      0.00000000	     -0.00000000	      0.00000000	      0.00000000	      0.00000000	     -0.27130357	     -0.33765279	      0.41792060	     -0.40379473	     -0.35893618	     -0.39812754	     -0.14146014	     -0.18797250	     -0.00000000	      0.69814285	     -0.00444836	      0.00000000	      0.00000000	     -0.00000000	      0.15521996	     -0.00000000	     -0.08425430	      0.00000000	    224.51830266	     -0.00000000	     -0.00000000	      0.00000000	      0.00000000	      0.00000000	      0.00000000	     -0.00000000
      1.34500000	      0.00000000	      0.00000000	      0.00000000	      0.00000000	      0.00000000	      0.00000000	      0.00000000	      0.00000000	      0.00000000	      0.00000000	      0.00000000	      0.00000000	      0.00000000	      0.00000000	      0.00000000	      0.00000000	      0.00000000	      0.00000000	      0.00000000	      0.00000000	      0.00000000	      0.00000000	      0.00000000	      0.00000000	      0.00000000	      0.00000000	      0.00000000	      0.00000000	      0.00000000	      0.00000000	      0.00000000	      0.00000000	      0.00000000	      0.00000000	      0.00000000	      0.00000000	      0.00000000	      0.00000000	      0.00000000	      0.00000000	      1.98189239	    301.43859542	      0.45687610	    253.17651904	      0.27044848	      0.13980182	      0.00000000	     -0.00000000	      0.00000000	      0.00000000	     -0.00000000	      0.00000000	     -0.00000000	     -0.00000000	     -0.27443207	     -0.34288044	      0.42057922	     -0.40965862	     -0.36500424	     -0.40658250	     -0.14379749	     -0.19290900	     -0.00000000	      0.67947057	     -0.00282412	      0.00000000	     -0.00000000	     -0.00000000	      0.15821891	     -0.00000000	     -0.08836383	      0.00000000	    221.53111650	      0.00000000	     -0.00000000	      0.00000000	      0.00000000	      0.00000000	      0.00000000	     -0.00000000
      1.35000000	      0.00000000	      0.00000000	      0.00000000	      0.00000000	      0.00000000	      0.00000000	      0.00000000	      0.00000000	      0.00000000	      0.00000000	      0.00000000	      0.00000000	      0.00000000	      0.00000000	      0.00000000	      0.00000000	      0.00000000	      0.00000000	      0.00000000	      0.00000000	      0.00000000	      0.00000000	      0.00000000	      0.00000000	      0.00000000	      0.00000000	      0.00000000	      0.00000000	      0.00000000	      0.00000000	      0.00000000	      0.00000000	      0.00000000	      0.00000000	      0.00000000	      0.00000000	      0.00000000	      0.00000000	      0.00000000	      0.00000000	      1.88001189	    293.36366222	      0.42920777	    251.39213849	      0.24230393	      0.13294191	      0.00000000	     -0.00000000	      0.00000000	      0.00000000	      0.00000000	      0.00000000	      0.00000000	      0.00000000	     -0.27658714	     -0.34642055	      0.42189555	     -0.41568523	     -0.37066244	     -0.41397637	     -0.14609577	     -0.19754815	     -0.00000000	      0.66090707	     -0.00124557	      0.00000000	      0.00000000	     -0.00000000	      0.16078718	     -0.00000000	     -0.09246205	      0.00000000	    218.73947596	      0.00000000	     -0.00000000	      0.00000000	      0.00000000	     -0.00000000	      0.00000000	     -0.00000000
      1.35500000	      0.00000000	      0.00000000	      0.00000000	      0.00000000	      0.00000000	      0.00000000	      0.00000000	      0.00000000	      0.00000000	      0.00000000	      0.00000000	      0.00000000	      0.00000000	      0.00000000	      0.00000000	      0.00000000	      0.00000000	      0.00000000	      0.00000000	      0.00000000	      0.00000000	      0.00000000	      0.00000000	      0.00000000	      0.00000000	      0.00000000	      0.00000000	      0.00000000	      0.00000000	      0.00000000	      0.00000000	      0.00000000	      0.00000000	      0.00000000	      0.00000000	      0.00000000	      0.00000000	      0.00000000	      0.00000000	      0.00000000	      1.77714997	    284.55307715	      0.39946327	    249.30305260	      0.21875059	      0.12672211	      0.00000000	     -0.00000000	     -0.00000000	     -0.00000000	     -0.00000000	     -0.00000000	     -0.00000000	     -0.00000000	     -0.27775930	     -0.34826915	      0.41999058	     -0.42190288	     -0.37586808	     -0.42027593	     -0.14840365	     -0.20188230	     -0.00000000	      0.64259927	      0.00026800	     -0.00000000	     -0.00000000	     -0.00000000	      0.16296333	     -0.00000000	     -0.09642139	      0.00000000	    216.16564060	      0.00000000	     -0.00000000	     -0.00000000	     -0.00000000	     -0.00000000	      0.00000000	     -0.00000000
      1.36000000	      0.00000000	      0.00000000	      0.00000000	      0.00000000	      0.00000000	      0.00000000	      0.00000000	      0.00000000	      0.00000000	      0.00000000	      0.00000000	      0.00000000	      0.00000000	      0.00000000	      0.00000000	      0.00000000	      0.00000000	      0.00000000	      0.00000000	      0.00000000	      0.00000000	      0.00000000	      0.00000000	      0.00000000	      0.00000000	      0.00000000	      0.00000000	      0.00000000	      0.00000000	      0.00000000	      0.00000000	      0.00000000	      0.00000000	      0.00000000	      0.00000000	      0.00000000	      0.00000000	      0.00000000	      0.00000000	      0.00000000	      1.67470991	    275.06250300	      0.36854926	    246.94871060	      0.20082618	      0.12108052	      0.00000000	      0.00000000	     -0.00000000	     -0.00000000	     -0.00000000	     -0.00000000	     -0.00000000	     -0.00000000	     -0.27794753	     -0.34844177	      0.41416797	     -0.42831821	     -0.38057855	     -0.42544044	     -0.15074792	     -0.20592888	     -0.00000000	      0.62472959	      0.00169819	     -0.00000000	      0.00000000	     -0.00000000	      0.16479208	     -0.00000000	     -0.10012844	      0.00000000	    213.82743100	     -0.00000000	     -0.00000000	     -0.00000000	     -0.00000000	      0.00000000	     -0.00000000	     -0.00000000
      1.36500000	      0.00000000	      0.00000000	      0.00000000	      0.00000000	      0.00000000	      0.00000000	      0.00000000	      0.00000000	      0.00000000	      0.00000000	      0.00000000	      0.00000000	      0.00000000	      0.00000000	      0.00000000	      0.00000000	      0.00000000	      0.00000000	      0.00000000	      0.00000000	      0.00000000	      0.00000000	      0.00000000	      0.00000000	      0.00000000	      0.00000000	      0.00000000	      0.00000000	      0.00000000	      0.00000000	      0.00000000	      0.00000000	      0.00000000	      0.00000000	      0.00000000	      0.00000000	      0.00000000	      0.00000000	      0.00000000	      0.00000000	      1.57383918	    264.94725650	      0.33708948	    244.35916768	      0.18734479	      0.11599930	      0.00000000	     -0.00000000	      0.00000000	     -0.00000000	     -0.00000000	      0.00000000	      0.00000000	      0.00000000	     -0.27716247	     -0.34697890	      0.40380365	     -0.43491858	     -0.38475788	     -0.42944089	     -0.15313913	     -0.20971092	     -0.00000000	      0.60743539	      0.00302991	      0.00000000	      0.00000000	     -0.00000000	      0.16632170	     -0.00000000	     -0.10346923	      0.00000000	    211.72888487	      0.00000000	     -0.00000000	     -0.00000000	      0.00000000	     -0.00000000	      0.00000000	      0.00000000
      1.37000000	      0.00000000	      0.00000000	      0.00000000	      0.00000000	      0.00000000	      0.00000000	      0.00000000	      0.00000000	      0.00000000	      0.00000000	      0.00000000	      0.00000000	      0.00000000	      0.00000000	      0.00000000	      0.00000000	      0.00000000	      0.00000000	      0.00000000	      0.00000000	      0.00000000	      0.00000000	      0.00000000	      0.00000000	      0.00000000	      0.00000000	      0.00000000	      0.00000000	      0.00000000	      0.00000000	      0.00000000	      0.00000000	      0.00000000	      0.00000000	      0.00000000	      0.00000000	      0.00000000	      0.00000000	      0.00000000	      0.00000000	      1.47573883	    254.29713611	      0.30550372	    241.56444930	      0.17623110	      0.11147761	      0.00000000	     -0.00000000	      0.00000000	      0.00000000	      0.00000000	     -0.00000000	      0.00000000	      0.00000000	     -0.27542091	     -0.34393336	      0.38849525	     -0.44166542	     -0.38836492	     -0.43224510	     -0.15557487	     -0.21324090	     -0.00000000	      0.59089683	      0.00424500	     -0.00000000	     -0.00000000	     -0.00000000	      0.16760049	     -0.00000000	     -0.10622279	      0.00000000	    209.87292954	      0.00000000	     -0.00000000	     -0.00000000	     -0.00000000	     -0.00000000	      0.00000000	      0.00000000
      1.37500000	      0.00000000	      0.00000000	      0.00000000	      0.00000000	      0.00000000	      0.00000000	      0.00000000	      0.00000000	      0.00000000	      0.00000000	      0.00000000	      0.00000000	      0.00000000	      0.00000000	      0.00000000	      0.00000000	      0.00000000	      0.00000000	      0.00000000	      0.00000000	      0.00000000	      0.00000000	      0.00000000	      0.00000000	      0.00000000	      0.00000000	      0.00000000	      0.00000000	      0.00000000	      0.00000000	      0.00000000	      0.00000000	      0.00000000	      0.00000000	      0.00000000	      0.00000000	      0.00000000	      0.00000000	      0.00000000	      0.00000000	      1.38127921	    243.20016916	      0.27431522	    238.58730788	      0.16669134	      0.10751643	      0.00000000	     -0.00000000	      0.00000000	      0.00000000	      0.00000000	     -0.00000000	     -0.00000000	     -0.00000000	     -0.27275055	     -0.33937791	      0.36958923	     -0.44850125	     -0.39136503	     -0.43384077	     -0.15804198	     -0.21652059	     -0.00000000	      0.57527907	      0.00532615	      0.00000000	      0.00000000	     -0.00000000	      0.16867451	     -0.00000000	     -0.10822030	      0.00000000	    208.25444351	      0.00000000	     -0.00000000	      0.00000000	      0.00000000	      0.00000000	      0.00000000	     -0.00000000
      1.38000000	      0.00000000	      0.00000000	      0.00000000	      0.00000000	      0.00000000	      0.00000000	      0.00000000	      0.00000000	      0.00000000	      0.00000000	      0.00000000	      0.00000000	      0.00000000	      0.00000000	      0.00000000	      0.00000000	      0.00000000	      0.00000000	      0.00000000	      0.00000000	      0.00000000	      0.00000000	      0.00000000	      0.00000000	      0.00000000	      0.00000000	      0.00000000	      0.00000000	      0.00000000	      0.00000000	      0.00000000	      0.00000000	      0.00000000	      0.00000000	      0.00000000	      0.00000000	      0.00000000	      0.00000000	      0.00000000	      0.00000000	      1.29110612	    231.75151831	      0.24468885	    235.44697810	      0.15855706	      0.10411617	      0.00000000	      0.00000000	      0.00000000	     -0.00000000	     -0.00000000	      0.00000000	     -0.00000000	     -0.00000000	     -0.26918650	     -0.33339643	      0.34938266	     -0.45535046	     -0.39372669	     -0.43422968	     -0.16051880	     -0.21954140	     -0.00000000	      0.56072389	      0.00625417	     -0.00000000	     -0.00000000	     -0.00000000	      0.16958451	     -0.00000000	     -0.10947856	      0.00000000	    206.86134498	     -0.00000000	     -0.00000000	     -0.00000000	      0.00000000	     -0.00000000	      0.00000000	      0.00000000
      1.38500000	      0.00000000	      0.00000000	      0.00000000	      0.00000000	      0.00000000	      0.00000000	      0.00000000	      0.00000000	      0.00000000	      0.00000000	      0.00000000	      0.00000000	      0.00000000	      0.00000000	      0.00000000	      0.00000000	      0.00000000	      0.00000000	      0.00000000	      0.00000000	      0.00000000	      0.00000000	      0.00000000	      0.00000000	      0.00000000	      0.00000000	      0.00000000	      0.00000000	      0.00000000	      0.00000000	      0.00000000	      0.00000000	      0.00000000	      0.00000000	      0.00000000	      0.00000000	      0.00000000	      0.00000000	      0.00000000	      0.00000000	      1.20567371	    220.05495510	      0.21832737	    232.16300932	      0.15171337	      0.10127809	      0.00000000	      0.00000000	     -0.00000000	     -0.00000000	      0.00000000	     -0.00000000	      0.00000000	      0.00000000	     -0.26477146	     -0.32608178	      0.32870875	     -0.46212053	     -0.39542178	     -0.43342781	     -0.16297663	     -0.22228675	     -0.00000000	      0.54737650	      0.00700838	     -0.00000000	     -0.00000000	     -0.00000000	      0.17036473	     -0.00000000	     -0.11013007	      0.00000000	    205.67874266	     -0.00000000	     -0.00000000	     -0.00000000	     -0.00000000	     -0.00000000	     -0.00000000	      0.00000000
      1.39000000	      0.00000000	      0.00000000	      0.00000000	      0.00000000	      0.00000000	      0.00000000	      0.00000000	      0.00000000	      0.00000000	      0.00000000	      0.00000000	      0.00000000	      0.00000000	      0.00000000	      0.00000000	      0.00000000	      0.00000000	      0.00000000	      0.00000000	      0.00000000	      0.00000000	      0.00000000	      0.00000000	      0.00000000	      0.00000000	      0.00000000	      0.00000000	      0.00000000	      0.00000000	      0.00000000	      0.00000000	      0.00000000	      0.00000000	      0.00000000	      0.00000000	      0.00000000	      0.00000000	      0.00000000	      0.00000000	      0.00000000	      1.12521408	    208.21373806	      0.19629749	    228.74757299	      0.14607152	      0.09900469	      0.00000000	      0.00000000	     -0.00000000	      0.00000000	      0.00000000	     -0.00000000	      0.00000000	      0.00000000	     -0.26008573	     -0.31753152	      0.30787092	     -0.46870741	     -0.39642830	     -0.43146689	     -0.16538201	     -0.22473545	     -0.00000000	      0.53540193	      0.00756927	     -0.00000000	      0.00000000	     -0.00000000	      0.17104131	     -0.00000000	     -0.11031828	      0.00000000	    204.69242559	     -0.00000000	     -0.00000000	      0.00000000	      0.00000000	     -0.00000000	      0.00000000	      0.00000000
      1.39500000	      0.00000000	      0.00000000	      0.00000000	      0.00000000	      0.00000000	      0.00000000	      0.00000000	      0.00000000	      0.00000000	      0.00000000	      0.00000000	      0.00000000	      0.00000000	      0.00000000	      0.00000000	      0.00000000	      0.00000000	      0.00000000	      0.00000000	      0.00000000	      0.00000000	      0.00000000	      0.00000000	      0.00000000	      0.00000000	      0.00000000	      0.00000000	      0.00000000	      0.00000000	      0.00000000	      0.00000000	      0.00000000	      0.00000000	      0.00000000	      0.00000000	      0.00000000	      0.00000000	      0.00000000	      0.00000000	      0.00000000	      1.04979829	    196.33148197	      0.17944990	    225.21690379	      0.14155209	      0.09730010	      0.00000000	      0.00000000	      0.00000000	     -0.00000000	     -0.00000000	     -0.00000000	     -0.00000000	      0.00000000	     -0.25607438	     -0.30784595	      0.28702855	     -0.47499940	     -0.39673064	     -0.42839261	     -0.16769832	     -0.22686391	     -0.00000000	      0.52494375	      0.00792129	     -0.00000000	     -0.00000000	     -0.00000000	      0.17163247	     -0.00000000	     -0.11015646	      0.00000000	    203.88506512	     -0.00000000	     -0.00000000	     -0.00000000	     -0.00000000	      0.00000000	      0.00000000	      0.00000000
      1.40000000	      0.00000000	      0.00000000	      0.00000000	      0.00000000	      0.00000000	      0.00000000	      0.00000000	      0.00000000	      0.00000000	      0.00000000	      0.00000000	      0.00000000	      0.00000000	      0.00000000	      0.00000000	      0.00000000	      0.00000000	      0.00000000	      0.00000000	      0.00000000	      0.00000000	      0.00000000	      0.00000000	      0.00000000	      0.00000000	      0.00000000	      0.00000000	      0.00000000	      0.00000000	      0.00000000	      0.00000000	      0.00000000	      0.00000000	      0.00000000	      0.00000000	      0.00000000	      0.00000000	      0.00000000	      0.00000000	      0.00000000	      0.97936692	    184.50852984	      0.16893055	    221.59096383	      0.13805921	      0.09616973	      0.00000000	     -0.00000000	     -0.00000000	      0.00000000	      0.00000000	      0.00000000	      0.00000000	      0.00000000	     -0.25133740	     -0.29712790	      0.26619131	     -0.48088168	     -0.39631992	     -0.42426330	     -0.16988766	     -0.22864860	     -0.00000000	      0.51614838	      0.00805572	     -0.00000000	     -0.00000000	     -0.00000000	      0.17214892	     -0.00000000	     -0.10972556	      0.00000000	    203.24051290	     -0.00000000	     -0.00000000	      0.00000000	      0.00000000	     -0.00000000	     -0.00000000	     -0.00000000
      1.40500000	      0.00000000	      0.00000000	      0.00000000	      0.00000000	      0.00000000	      0.00000000	      0.00000000	      0.00000000	      0.00000000	      0.00000000	      0.00000000	      0.00000000	      0.00000000	      0.00000000	      0.00000000	      0.00000000	      0.00000000	      0.00000000	      0.00000000	      0.00000000	      0.00000000	      0.00000000	      0.00000000	      0.00000000	      0.00000000	      0.00000000	      0.00000000	      0.00000000	      0.00000000	      0.00000000	      0.00000000	      0.00000000	      0.00000000	      0.00000000	      0.00000000	      0.00000000	      0.00000000	      0.00000000	      0.00000000	      0.00000000	      0.91377317	    172.84024341	      0.16332806	    217.88572761	      0.13545726	      0.09561985	      0.00000000	      0.00000000	      0.00000000	     -0.00000000	     -0.00000000	      0.00000000	     -0.00000000	     -0.00000000	     -0.24593440	     -0.28548854	      0.24535531	     -0.48623976	     -0.39519569	     -0.41914791	     -0.17191256	     -0.23006790	     -0.00000000	      0.50915604	      0.00797076	     -0.00000000	     -0.00000000	     -0.00000000	      0.17259516	     -0.00000000	     -0.10908283	      0.00000000	    202.74419295	     -0.00000000	     -0.00000000	      0.00000000	     -0.00000000	     -0.00000000	     -0.00000000	      0.00000000
      1.41000000	      0.00000000	      0.00000000	      0.00000000	      0.00000000	      0.00000000	      0.00000000	      0.00000000	      0.00000000	      0.00000000	      0.00000000	      0.00000000	      0.00000000	      0.00000000	      0.00000000	      0.00000000	      0.00000000	      0.00000000	      0.00000000	      0.00000000	      0.00000000	      0.00000000	      0.00000000	      0.00000000	      0.00000000	      0.00000000	      0.00000000	      0.00000000	      0.00000000	      0.00000000	      0.00000000	      0.00000000	      0.00000000	      0.00000000	      0.00000000	      0.00000000	      0.00000000	      0.00000000	      0.00000000	      0.00000000	      0.00000000	      0.85282040	    161.41542821	      0.15988210	    214.12070962	      0.13366593	      0.09565689	      0.00000000	     -0.00000000	     -0.00000000	     -0.00000000	      0.00000000	      0.00000000	     -0.00000000	     -0.00000000	     -0.23993187	     -0.27306344	      0.22477769	     -0.49096120	     -0.39336686	     -0.41312352	     -0.17373722	     -0.23110391	     -0.00000000	      0.50409347	      0.00766910	     -0.00000000	     -0.00000000	     -0.00000000	      0.17297103	     -0.00000000	     -0.10826989	      0.00000000	    202.38397053	     -0.00000000	     -0.00000000	     -0.00000000	     -0.00000000	     -0.00000000	     -0.00000000	      0.00000000
      1.41500000	      0.00000000	      0.00000000	      0.00000000	      0.00000000	      0.00000000	      0.00000000	      0.00000000	      0.00000000	      0.00000000	      0.00000000	      0.00000000	      0.00000000	      0.00000000	      0.00000000	      0.00000000	      0.00000000	      0.00000000	      0.00000000	      0.00000000	      0.00000000	      0.00000000	      0.00000000	      0.00000000	      0.00000000	      0.00000000	      0.00000000	      0.00000000	      0.00000000	      0.00000000	      0.00000000	      0.00000000	      0.00000000	      0.00000000	      0.00000000	      0.00000000	      0.00000000	      0.00000000	      0.00000000	      0.00000000	      0.00000000	      0.79629265	    150.31511143	      0.15754629	    210.31777331	      0.13276713	      0.09628637	      0.00000000	     -0.00000000	      0.00000000	      0.00000000	      0.00000000	     -0.00000000	      0.00000000	      0.00000000	     -0.23340437	     -0.26004081	      0.20529055	     -0.49493287	     -0.39085182	     -0.40627256	     -0.17532860	     -0.23174391	     -0.00000000	      0.50106214	      0.00716455	      0.00000000	      0.00000000	     -0.00000000	      0.17327335	     -0.00000000	     -0.10731853	      0.00000000	    202.15080997	      0.00000000	     -0.00000000	     -0.00000000	      0.00000000	     -0.00000000	     -0.00000000	     -0.00000000
      1.42000000	      0.00000000	      0.00000000	      0.00000000	      0.00000000	      0.00000000	      0.00000000	      0.00000000	      0.00000000	      0.00000000	      0.00000000	      0.00000000	      0.00000000	      0.00000000	      0.00000000	      0.00000000	      0.00000000	      0.00000000	      0.00000000	      0.00000000	      0.00000000	      0.00000000	      0.00000000	      0.00000000	      0.00000000	      0.00000000	      0.00000000	      0.00000000	      0.00000000	      0.00000000	      0.00000000	      0.00000000	      0.00000000	      0.00000000	      0.00000000	      0.00000000	      0.00000000	      0.00000000	      0.00000000	      0.00000000	      0.00000000	      0.74397703	    139.61162240	      0.15623580	    206.50071097	      0.13285458	      0.09751166	      0.00000000	     -0.00000000	      0.00000000	     -0.00000000	      0.00000000	     -0.00000000	      0.00000000	      0.00000000	     -0.22643753	     -0.24669078	      0.18825508	     -0.49802404	     -0.38767802	     -0.39867937	     -0.17665807	     -0.23198037	     -0.00000000	      0.50012431	      0.00648307	     -0.00000000	      0.00000000	     -0.00000000	      0.17349741	     -0.00000000	     -0.10625455	      0.00000000	    202.03920919	     -0.00000000	     -0.00000000	      0.00000000	      0.00000000	     -0.00000000	      0.00000000	     -0.00000000
      1.42500000	      0.00000000	      0.00000000	      0.00000000	      0.00000000	      0.00000000	      0.00000000	      0.00000000	      0.00000000	      0.00000000	      0.00000000	      0.00000000	      0.00000000	      0.00000000	      0.00000000	      0.00000000	      0.00000000	      0.00000000	      0.00000000	      0.00000000	      0.00000000	      0.00000000	      0.00000000	      0.00000000	      0.00000000	      0.00000000	      0.00000000	      0.00000000	      0.00000000	      0.00000000	      0.00000000	      0.00000000	      0.00000000	      0.00000000	      0.00000000	      0.00000000	      0.00000000	      0.00000000	      0.00000000	      0.00000000	      0.00000000	      0.69567808	    129.36792596	      0.15591134	    202.69545782	      0.13396808	      0.09933296	      0.00000000	     -0.00000000	      0.00000000	      0.00000000	      0.00000000	      0.00000000	     -0.00000000	      0.00000000	     -0.21913343	     -0.23336407	      0.17458744	     -0.50002376	     -0.38388058	     -0.39042636	     -0.17770203	     -0.23181075	     -0.00000000	      0.50129366	      0.00565795	      0.00000000	     -0.00000000	     -0.00000000	      0.17363793	     -0.00000000	     -0.10509990	      0.00000000	    202.04744129	      0.00000000	     -0.00000000	      0.00000000	      0.00000000	      0.00000000	     -0.00000000	     -0.00000000
      1.43000000	      0.00000000	      0.00000000	      0.00000000	      0.00000000	      0.00000000	      0.00000000	      0.00000000	      0.00000000	      0.00000000	      0.00000000	      0.00000000	      0.00000000	      0.00000000	      0.00000000	      0.00000000	      0.00000000	      0.00000000	      0.00000000	      0.00000000	      0.00000000	      0.00000000	      0.00000000	      0.00000000	      0.00000000	      0.00000000	      0.00000000	      0.00000000	      0.00000000	      0.00000000	      0.00000000	      0.00000000	      0.00000000	      0.00000000	      0.00000000	      0.00000000	      0.00000000	      0.00000000	      0.00000000	      0.00000000	      0.00000000	      0.65122561	    119.63716082	      0.15654058	    198.92951821	      0.13611932	      0.10174670	      0.00000000	     -0.00000000	     -0.00000000	     -0.00000000	      0.00000000	      0.00000000	      0.00000000	      0.00000000	     -0.21161769	     -0.22043599	      0.16462750	     -0.50052852	     -0.37949961	     -0.38159020	     -0.17844145	     -0.23123817	     -0.00000000	      0.50453111	      0.00472436	      0.00000000	     -0.00000000	     -0.00000000	      0.17368934	     -0.00000000	     -0.10387450	      0.00000000	    202.17755126	      0.00000000	     -0.00000000	     -0.00000000	     -0.00000000	      0.00000000	     -0.00000000	      0.00000000
      1.43500000	      0.00000000	      0.00000000	      0.00000000	      0.00000000	      0.00000000	      0.00000000	      0.00000000	      0.00000000	      0.00000000	      0.00000000	      0.00000000	      0.00000000	      0.00000000	      0.00000000	      0.00000000	      0.00000000	      0.00000000	      0.00000000	      0.00000000	      0.00000000	      0.00000000	      0.00000000	      0.00000000	      0.00000000	      0.00000000	      0.00000000	      0.00000000	      0.00000000	      0.00000000	      0.00000000	      0.00000000	      0.00000000	      0.00000000	      0.00000000	      0.00000000	      0.00000000	      0.00000000	      0.00000000	      0.00000000	      0.00000000	      0.61047763	    110.46232512	      0.15809884	    195.23152296	      0.13930929	      0.10474559	      0.00000000	      0.00000000	      0.00000000	     -0.00000000	     -0.00000000	     -0.00000000	     -0.00000000	     -0.00000000	     -0.20404453	     -0.20822599	      0.15901232	     -0.49930224	     -0.37457542	     -0.37223852	     -0.17885951	     -0.23026893	     -0.00000000	      0.50975408	      0.00371627	      0.00000000	      0.00000000	     -0.00000000	      0.17364563	     -0.00000000	     -0.10263598	      0.00000000	    202.43513865	      0.00000000	     -0.00000000	      0.00000000	     -0.00000000	     -0.00000000	     -0.00000000	     -0.00000000
      1.44000000	      0.00000000	      0.00000000	      0.00000000	      0.00000000	      0.00000000	      0.00000000	      0.00000000	      0.00000000	      0.00000000	      0.00000000	      0.00000000	      0.00000000	      0.00000000	      0.00000000	      0.00000000	      0.00000000	      0.00000000	      0.00000000	      0.00000000	      0.00000000	      0.00000000	      0.00000000	      0.00000000	      0.00000000	      0.00000000	      0.00000000	      0.00000000	      0.00000000	      0.00000000	      0.00000000	      0.00000000	      0.00000000	      0.00000000	      0.00000000	      0.00000000	      0.00000000	      0.00000000	      0.00000000	      0.00000000	      0.00000000	      0.57332035	    101.87604463	      0.16056602	    191.63078542	      0.14353511	      0.10831845	      0.00000000	     -0.00000000	     -0.00000000	     -0.00000000	      0.00000000	      0.00000000	      0.00000000	      0.00000000	     -0.19659348	     -0.19695156	      0.15769977	     -0.49674682	     -0.36914042	     -0.36242712	     -0.17893458	     -0.22890566	     -0.00000000	      0.51668049	      0.00266528	      0.00000000	      0.00000000	     -0.00000000	      0.17350011	     -0.00000000	     -0.10159387	      0.00000000	    202.82895976	      0.00000000	     -0.00000000	     -0.00000000	      0.00000000	     -0.00000000	      0.00000000	      0.00000000
      1.44500000	      0.00000000	      0.00000000	      0.00000000	      0.00000000	      0.00000000	      0.00000000	      0.00000000	      0.00000000	      0.00000000	      0.00000000	      0.00000000	      0.00000000	      0.00000000	      0.00000000	      0.00000000	      0.00000000	      0.00000000	      0.00000000	      0.00000000	      0.00000000	      0.00000000	      0.00000000	      0.00000000	      0.00000000	      0.00000000	      0.00000000	      0.00000000	      0.00000000	      0.00000000	      0.00000000	      0.00000000	      0.00000000	      0.00000000	      0.00000000	      0.00000000	      0.00000000	      0.00000000	      0.00000000	      0.00000000	      0.00000000	      0.53966605	     93.90038819	      0.16392570	    188.15680687	      0.14879285	      0.11244983	      0.00000000	      0.00000000	      0.00000000	     -0.00000000	     -0.00000000	     -0.00000000	      0.00000000	      0.00000000	     -0.18945416	     -0.18673244	      0.15917095	     -0.49324923	     -0.36321204	     -0.35219991	     -0.17861854	     -0.22712495	     -0.00000000	      0.52468370	      0.00160058	      0.00000000	      0.00000000	     -0.00000000	      0.17324528	     -0.00000000	     -0.10111201	      0.00000000	    203.37043741	     -0.00000000	     -0.00000000	     -0.00000000	      0.00000000	     -0.00000000	     -0.00000000	     -0.00000000
      1.45000000	      0.00000000	      0.00000000	      0.00000000	      0.00000000	      0.00000000	      0.00000000	      0.00000000	      0.00000000	      0.00000000	      0.00000000	      0.00000000	      0.00000000	      0.00000000	      0.00000000	      0.00000000	      0.00000000	      0.00000000	      0.00000000	      0.00000000	      0.00000000	      0.00000000	      0.00000000	      0.00000000	      0.00000000	      0.00000000	      0.00000000	      0.00000000	      0.00000000	      0.00000000	      0.00000000	      0.00000000	      0.00000000	      0.00000000	      0.00000000	      0.00000000	      0.00000000	      0.00000000	      0.00000000	      0.00000000	      0.00000000	      0.50944835	     86.54674571	      0.16816425	    184.83861039	      0.15507933	      0.11711971	      0.00000000	      0.00000000	     -0.00000000	     -0.00000000	     -0.00000000	      0.00000000	     -0.00000000	      0.00000000	     -0.18280358	     -0.17761611	      0.16212563	     -0.48900760	     -0.35681445	     -0.34159566	     -0.17779912	     -0.22480716	     -0.00000000	      0.53328719	      0.00054912	     -0.00000000	      0.00000000	     -0.00000000	      0.17287284	     -0.00000000	     -0.10146058	      0.00000000	    204.07304846	      0.00000000	     -0.00000000	     -0.00000000	     -0.00000000	     -0.00000000	     -0.00000000	      0.00000000
      1.45500000	      0.00000000	      0.00000000	      0.00000000	      0.00000000	      0.00000000	      0.00000000	      0.00000000	      0.00000000	      0.00000000	      0.00000000	      0.00000000	      0.00000000	      0.00000000	      0.00000000	      0.00000000	      0.00000000	      0.00000000	      0.00000000	      0.00000000	      0.00000000	      0.00000000	      0.00000000	      0.00000000	      0.00000000	      0.00000000	      0.00000000	      0.00000000	      0.00000000	      0.00000000	      0.00000000	      0.00000000	      0.00000000	      0.00000000	      0.00000000	      0.00000000	      0.00000000	      0.00000000	      0.00000000	      0.00000000	      0.00000000	      0.48261237	     79.81583460	      0.17327611	    181.70402230	      0.16239445	      0.12230354	      0.00000000	      0.00000000	      0.00000000	     -0.00000000	      0.00000000	      0.00000000	     -0.00000000	     -0.00000000	     -0.17678698	     -0.16961047	      0.16618870	     -0.48414747	     -0.35004854	     -0.33067104	     -0.17641594	     -0.22177780	     -0.00000000	      0.54248948	     -0.00046410	     -0.00000000	     -0.00000000	     -0.00000000	      0.17237394	     -0.00000000	     -0.10259984	      0.00000000	    204.95154874	     -0.00000000	     -0.00000000	      0.00000000	      0.00000000	     -0.00000000	     -0.00000000	     -0.00000000
      1.46000000	      0.00000000	      0.00000000	      0.00000000	      0.00000000	      0.00000000	      0.00000000	      0.00000000	      0.00000000	      0.00000000	      0.00000000	      0.00000000	      0.00000000	      0.00000000	      0.00000000	      0.00000000	      0.00000000	      0.00000000	      0.00000000	      0.00000000	      0.00000000	      0.00000000	      0.00000000	      0.00000000	      0.00000000	      0.00000000	      0.00000000	      0.00000000	      0.00000000	      0.00000000	      0.00000000	      0.00000000	      0.00000000	      0.00000000	      0.00000000	      0.00000000	      0.00000000	      0.00000000	      0.00000000	      0.00000000	      0.00000000	      0.45909953	     73.69789118	      0.17928102	    178.77933951	      0.17074476	      0.12797266	      0.00000000	      0.00000000	     -0.00000000	      0.00000000	      0.00000000	     -0.00000000	      0.00000000	     -0.00000000	     -0.17150978	     -0.16270502	      0.17139105	     -0.47877258	     -0.34309606	     -0.31955198	     -0.17462700	     -0.21824407	     -0.00000000	      0.55257221	     -0.00141580	     -0.00000000	     -0.00000000	     -0.00000000	      0.17173936	     -0.00000000	     -0.10445231	      0.00000000	    206.02130923	      0.00000000	     -0.00000000	      0.00000000	      0.00000000	      0.00000000	     -0.00000000	     -0.00000000
      1.46500000	      0.00000000	      0.00000000	      0.00000000	      0.00000000	      0.00000000	      0.00000000	      0.00000000	      0.00000000	      0.00000000	      0.00000000	      0.00000000	      0.00000000	      0.00000000	      0.00000000	      0.00000000	      0.00000000	      0.00000000	      0.00000000	      0.00000000	      0.00000000	      0.00000000	      0.00000000	      0.00000000	      0.00000000	      0.00000000	      0.00000000	      0.00000000	      0.00000000	      0.00000000	      0.00000000	      0.00000000	      0.00000000	      0.00000000	      0.00000000	      0.00000000	      0.00000000	      0.00000000	      0.00000000	      0.00000000	      0.00000000	      0.43882961	     68.17312179	      0.18623931	    176.08882897	      0.18014775	      0.13409452	      0.00000000	     -0.00000000	     -0.00000000	     -0.00000000	      0.00000000	      0.00000000	     -0.00000000	     -0.00000000	     -0.16703974	     -0.15687669	      0.17779813	     -0.47369580	     -0.33613719	     -0.30851143	     -0.17258354	     -0.21449964	     -0.00000000	      0.56384171	     -0.00228420	      0.00000000	     -0.00000000	     -0.00000000	      0.17095970	     -0.00000000	     -0.10701746	      0.00000000	    207.29742640	      0.00000000	     -0.00000000	      0.00000000	      0.00000000	     -0.00000000	      0.00000000	     -0.00000000
      1.47000000	      0.00000000	      0.00000000	      0.00000000	      0.00000000	      0.00000000	      0.00000000	      0.00000000	      0.00000000	      0.00000000	      0.00000000	      0.00000000	      0.00000000	      0.00000000	      0.00000000	      0.00000000	      0.00000000	      0.00000000	      0.00000000	      0.00000000	      0.00000000	      0.00000000	      0.00000000	      0.00000000	      0.00000000	      0.00000000	      0.00000000	      0.00000000	      0.00000000	      0.00000000	      0.00000000	      0.00000000	      0.00000000	      0.00000000	      0.00000000	      0.00000000	      0.00000000	      0.00000000	      0.00000000	      0.00000000	      0.00000000	      0.42168248	     63.21230123	      0.19424133	    173.65453982	      0.19063577	      0.14063195	      0.00000000	     -0.00000000	     -0.00000000	     -0.00000000	      0.00000000	      0.00000000	      0.00000000	     -0.00000000	     -0.16341384	     -0.15209380	      0.18549628	     -0.47467281	     -0.32931910	     -0.29801730	     -0.17036237	     -0.21067952	     -0.00000000	      0.57654217	     -0.00304896	     -0.00000000	     -0.00000000	     -0.00000000	      0.17002564	     -0.00000000	     -0.11011565	      0.00000000	    208.79387534	      0.00000000	     -0.00000000	      0.00000000	      0.00000000	      0.00000000	      0.00000000	      0.00000000
      1.47500000	      0.00000000	      0.00000000	      0.00000000	      0.00000000	      0.00000000	      0.00000000	      0.00000000	      0.00000000	      0.00000000	      0.00000000	      0.00000000	      0.00000000	      0.00000000	      0.00000000	      0.00000000	      0.00000000	      0.00000000	      0.00000000	      0.00000000	      0.00000000	      0.00000000	      0.00000000	      0.00000000	      0.00000000	      0.00000000	      0.00000000	      0.00000000	      0.00000000	      0.00000000	      0.00000000	      0.00000000	      0.00000000	      0.00000000	      0.00000000	      0.00000000	      0.00000000	      0.00000000	      0.00000000	      0.00000000	      0.00000000	      0.40748435	     58.77803788	      0.20338386	    171.49546563	      0.20225732	      0.14754101	      0.00000000	      0.00000000	     -0.00000000	     -0.00000000	     -0.00000000	     -0.00000000	     -0.00000000	     -0.00000000	     -0.16064505	     -0.14831917	      0.19458772	     -0.48562167	     -0.32277009	     -0.28865664	     -0.16800867	     -0.20685226	     -0.00000000	      0.59085691	     -0.00369108	     -0.00000000	     -0.00000000	     -0.00000000	      0.16892829	     -0.00000000	     -0.11339304	      0.00000000	    210.52262882	     -0.00000000	     -0.00000000	     -0.00000000	     -0.00000000	      0.00000000	     -0.00000000	     -0.00000000
      1.48000000	      0.00000000	      0.00000000	      0.00000000	      0.00000000	      0.00000000	      0.00000000	      0.00000000	      0.00000000	      0.00000000	      0.00000000	      0.00000000	      0.00000000	      0.00000000	      0.00000000	      0.00000000	      0.00000000	      0.00000000	      0.00000000	      0.00000000	      0.00000000	      0.00000000	      0.00000000	      0.00000000	      0.00000000	      0.00000000	      0.00000000	      0.00000000	      0.00000000	      0.00000000	      0.00000000	      0.00000000	      0.00000000	      0.00000000	      0.00000000	      0.00000000	      0.00000000	      0.00000000	      0.00000000	      0.00000000	      0.00000000	      0.39599049	     54.82490945	      0.21374899	    169.62740525	      0.21507236	      0.15476705	      0.00000000	      0.00000000	     -0.00000000	     -0.00000000	     -0.00000000	      0.00000000	     -0.00000000	     -0.00000000	     -0.15872559	     -0.14551001	      0.20517302	     -0.50433239	     -0.31661331	     -0.28094991	     -0.16555542	     -0.20306380	     -0.00000000	      0.60692730	     -0.00419339	     -0.00000000	      0.00000000	     -0.00000000	      0.16765957	     -0.00000000	     -0.11659171	      0.00000000	    212.49284495	     -0.00000000	     -0.00000000	      0.00000000	     -0.00000000	      0.00000000	     -0.00000000	     -0.00000000
      1.48500000	      0.00000000	      0.00000000	      0.00000000	      0.00000000	      0.00000000	      0.00000000	      0.00000000	      0.00000000	      0.00000000	      0.00000000	      0.00000000	      0.00000000	      0.00000000	      0.00000000	      0.00000000	      0.00000000	      0.00000000	      0.00000000	      0.00000000	      0.00000000	      0.00000000	      0.00000000	      0.00000000	      0.00000000	      0.00000000	      0.00000000	      0.00000000	      0.00000000	      0.00000000	      0.00000000	      0.00000000	      0.00000000	      0.00000000	      0.00000000	      0.00000000	      0.00000000	      0.00000000	      0.00000000	      0.00000000	      0.00000000	      0.38688542	     51.30167065	      0.22537607	    168.06349106	      0.22913621	      0.16223980	      0.00000000	     -0.00000000	     -0.00000000	     -0.00000000	     -0.00000000	     -0.00000000	     -0.00000000	     -0.00000000	     -0.15762812	     -0.14361908	      0.21731089	     -0.52856376	     -0.31097224	     -0.27521773	     -0.16303121	     -0.19943802	     -0.00000000	      0.62486897	     -0.00454114	      0.00000000	      0.00000000	     -0.00000000	      0.16621289	     -0.00000000	     -0.11960439	      0.00000000	    214.71002845	     -0.00000000	     -0.00000000	      0.00000000	      0.00000000	     -0.00000000	      0.00000000	      0.00000000
      1.49000000	      0.00000000	      0.00000000	      0.00000000	      0.00000000	      0.00000000	      0.00000000	      0.00000000	      0.00000000	      0.00000000	      0.00000000	      0.00000000	      0.00000000	      0.00000000	      0.00000000	      0.00000000	      0.00000000	      0.00000000	      0.00000000	      0.00000000	      0.00000000	      0.00000000	      0.00000000	      0.00000000	      0.00000000	      0.00000000	      0.00000000	      0.00000000	      0.00000000	      0.00000000	      0.00000000	      0.00000000	      0.00000000	      0.00000000	      0.00000000	      0.00000000	      0.00000000	      0.00000000	      0.00000000	      0.00000000	      0.00000000	      0.37978517	     48.15224469	      0.23821901	    166.81182877	      0.24446244	      0.16986762	      0.00000000	      0.00000000	      0.00000000	     -0.00000000	      0.00000000	     -0.00000000	      0.00000000	     -0.00000000	     -0.15730354	     -0.14259080	      0.23095209	     -0.55322626	     -0.30596536	     -0.27157224	     -0.16070050	     -0.19722431	     -0.00000000	      0.64478092	     -0.00472379	      0.00000000	     -0.00000000	     -0.00000000	      0.16458362	     -0.00000000	     -0.12241204	      0.00000000	    217.17528142	      0.00000000	     -0.00000000	      0.00000000	      0.00000000	     -0.00000000	     -0.00000000	      0.00000000
      1.49500000	      0.00000000	      0.00000000	      0.00000000	      0.00000000	      0.00000000	      0.00000000	      0.00000000	      0.00000000	      0.00000000	      0.00000000	      0.00000000	      0.00000000	      0.00000000	      0.00000000	      0.00000000	      0.00000000	      0.00000000	      0.00000000	      0.00000000	      0.00000000	      0.00000000	      0.00000000	      0.00000000	      0.00000000	      0.00000000	      0.00000000	      0.00000000	      0.00000000	      0.00000000	      0.00000000	      0.00000000	      0.00000000	      0.00000000	      0.00000000	      0.00000000	      0.00000000	      0.00000000	      0.00000000	      0.00000000	      0.00000000	      0.37428589	     45.31718144	      0.25210236	    165.87795175	      0.26096093	      0.17753305	      0.00000000	      0.00000000	      0.00000000	      0.00000000	     -0.00000000	      0.00000000	      0.00000000	     -0.00000000	     -0.15767807	     -0.14234541	      0.24586949	     -0.57570313	     -0.30169299	     -0.26996748	     -0.15958732	     -0.19813092	     -0.00000000	      0.66675016	     -0.00473746	     -0.00000000	     -0.00000000	     -0.00000000	      0.16276962	     -0.00000000	     -0.12500372	      0.00000000	    219.88450988	     -0.00000000	     -0.00000000	     -0.00000000	      0.00000000	      0.00000000	      0.00000000	      0.00000000
      1.50000000	      0.00000000	      0.00000000	      0.00000000	      0.00000000	      0.00000000	      0.00000000	      0.00000000	      0.00000000	      0.00000000	      0.00000000	      0.00000000	      0.00000000	      0.00000000	      0.00000000	      0.00000000	      0.00000000	      0.00000000	      0.00000000	      0.00000000	      0.00000000	      0.00000000	      0.00000000	      0.00000000	      0.00000000	      0.00000000	      0.00000000	      0.00000000	      0.00000000	      0.00000000	      0.00000000	      0.00000000	      0.00000000	      0.00000000	      0.00000000	      0.00000000	      0.00000000	      0.00000000	      0.00000000	      0.00000000	      0.00000000	      0.37004632	     42.73512422	      0.26670882	    165.26303594	      0.27836986	      0.18509265	      0.00000000	      0.00000000	      0.00000000	      0.00000000	      0.00000000	      0.00000000	      0.00000000	     -0.00000000	     -0.15865283	     -0.14277045	      0.26163887	     -0.59591283	     -0.29822027	     -0.27023711	     -0.16035404	     -0.20164004	     -0.00000000	      0.69085282	     -0.00458682	     -0.00000000	      0.00000000	     -0.00000000	      0.16077174	     -0.00000000	     -0.12736442	      0.00000000	    222.82778106	      0.00000000	     -0.00000000	      0.00000000	      0.00000000	     -0.00000000	      0.00000000	      0.00000000
      1.50500000	      0.00000000	      0.00000000	      0.00000000	      0.00000000	      0.00000000	      0.00000000	      0.00000000	      0.00000000	      0.00000000	      0.00000000	      0.00000000	      0.00000000	      0.00000000	      0.00000000	      0.00000000	      0.00000000	      0.00000000	      0.00000000	      0.00000000	      0.00000000	      0.00000000	      0.00000000	      0.00000000	      0.00000000	      0.00000000	      0.00000000	      0.00000000	      0.00000000	      0.00000000	      0.00000000	      0.00000000	      0.00000000	      0.00000000	      0.00000000	      0.00000000	      0.00000000	      0.00000000	      0.00000000	      0.00000000	      0.00000000	      0.36672114	     40.34420633	      0.28162158	    164.96347323	      0.29623273	      0.19238367	      0.00000000	     -0.00000000	     -0.00000000	     -0.00000000	     -0.00000000	     -0.00000000	     -0.00000000	     -0.00000000	     -0.16010985	     -0.14372215	      0.27770347	     -0.61418644	     -0.29556290	     -0.27210446	     -0.16249218	     -0.20704129	     -0.00000000	      0.71715138	     -0.00428435	      0.00000000	     -0.00000000	     -0.00000000	      0.15859418	     -0.00000000	     -0.12947456	      0.00000000	    225.98882717	     -0.00000000	     -0.00000000	     -0.00000000	     -0.00000000	     -0.00000000	     -0.00000000	     -0.00000000
      1.51000000	      0.00000000	      0.00000000	      0.00000000	      0.00000000	      0.00000000	      0.00000000	      0.00000000	      0.00000000	      0.00000000	      0.00000000	      0.00000000	      0.00000000	      0.00000000	      0.00000000	      0.00000000	      0.00000000	      0.00000000	      0.00000000	      0.00000000	      0.00000000	      0.00000000	      0.00000000	      0.00000000	      0.00000000	      0.00000000	      0.00000000	      0.00000000	      0.00000000	      0.00000000	      0.00000000	      0.00000000	      0.00000000	      0.00000000	      0.00000000	      0.00000000	      0.00000000	      0.00000000	      0.00000000	      0.00000000	      0.00000000	      0.36395389	     38.08342761	      0.29639965	    164.97151129	      0.31396409	      0.19923734	      0.00000000	     -0.00000000	      0.00000000	      0.00000000	      0.00000000	     -0.00000000	      0.00000000	      0.00000000	     -0.16192640	     -0.14504556	      0.29307624	     -0.63085249	     -0.29368150	     -0.27518847	     -0.16557964	     -0.21377508	     -0.00000000	      0.74568472	     -0.00384629	      0.00000000	     -0.00000000	     -0.00000000	      0.15624486	     -0.00000000	     -0.13130721	      0.00000000	    229.34465238	     -0.00000000	     -0.00000000	      0.00000000	      0.00000000	     -0.00000000	     -0.00000000	      0.00000000
      1.51500000	      0.00000000	      0.00000000	      0.00000000	      0.00000000	      0.00000000	      0.00000000	      0.00000000	      0.00000000	      0.00000000	      0.00000000	      0.00000000	      0.00000000	      0.00000000	      0.00000000	      0.00000000	      0.00000000	      0.00000000	      0.00000000	      0.00000000	      0.00000000	      0.00000000	      0.00000000	      0.00000000	      0.00000000	      0.00000000	      0.00000000	      0.00000000	      0.00000000	      0.00000000	      0.00000000	      0.00000000	      0.00000000	      0.00000000	      0.00000000	      0.00000000	      0.00000000	      0.00000000	      0.00000000	      0.00000000	      0.00000000	      0.36138954	     35.90365595	      0.31040155	    165.27464747	      0.33097394	      0.20549483	      0.00000000	      0.00000000	      0.00000000	      0.00000000	      0.00000000	      0.00000000	     -0.00000000	      0.00000000	     -0.16399219	     -0.14660903	      0.30602692	     -0.64622431	     -0.29248732	     -0.27904429	     -0.16936295	     -0.22083922	     -0.00000000	      0.77646382	     -0.00329019	     -0.00000000	      0.00000000	     -0.00000000	      0.15373550	     -0.00000000	     -0.13283252	      0.00000000	    232.86542856	      0.00000000	     -0.00000000	      0.00000000	      0.00000000	      0.00000000	     -0.00000000	      0.00000000
      1.52000000	      0.00000000	      0.00000000	      0.00000000	      0.00000000	      0.00000000	      0.00000000	      0.00000000	      0.00000000	      0.00000000	      0.00000000	      0.00000000	      0.00000000	      0.00000000	      0.00000000	      0.00000000	      0.00000000	      0.00000000	      0.00000000	      0.00000000	      0.00000000	      0.00000000	      0.00000000	      0.00000000	      0.00000000	      0.00000000	      0.00000000	      0.00000000	      0.00000000	      0.00000000	      0.00000000	      0.00000000	      0.00000000	      0.00000000	      0.00000000	      0.00000000	      0.00000000	      0.00000000	      0.00000000	      0.00000000	      0.00000000	      0.35869359	     33.78424883	      0.32260682	    165.85423534	      0.34676214	      0.21102066	      0.00000000	     -0.00000000	      0.00000000	      0.00000000	      0.00000000	     -0.00000000	     -0.00000000	      0.00000000	     -0.16622064	     -0.14832751	      0.31573371	     -0.66058828	     -0.29185657	     -0.28325049	     -0.17338310	     -0.22764027	     -0.00000000	      0.80946208	     -0.00263488	     -0.00000000	     -0.00000000	     -0.00000000	      0.15108159	     -0.00000000	     -0.13402025	      0.00000000	    236.51493482	      0.00000000	     -0.00000000	     -0.00000000	      0.00000000	     -0.00000000	     -0.00000000	     -0.00000000
      1.52500000	      0.00000000	      0.00000000	      0.00000000	      0.00000000	      0.00000000	      0.00000000	      0.00000000	      0.00000000	      0.00000000	      0.00000000	      0.00000000	      0.00000000	      0.00000000	      0.00000000	      0.00000000	      0.00000000	      0.00000000	      0.00000000	      0.00000000	      0.00000000	      0.00000000	      0.00000000	      0.00000000	      0.00000000	      0.00000000	      0.00000000	      0.00000000	      0.00000000	      0.00000000	      0.00000000	      0.00000000	      0.00000000	      0.00000000	      0.00000000	      0.00000000	      0.00000000	      0.00000000	      0.00000000	      0.00000000	      0.00000000	      0.35556142	     31.71475759	      0.33244858	    166.68765177	      0.36074523	      0.21570981	      0.00000000	     -0.00000000	      0.00000000	     -0.00000000	      0.00000000	      0.00000000	     -0.00000000	      0.00000000	     -0.16854935	     -0.15015803	      0.32258419	     -0.67419383	     -0.29164861	     -0.28749312	     -0.17725038	     -0.23409430	     -0.00000000	      0.84460169	     -0.00189875	     -0.00000000	     -0.00000000	     -0.00000000	      0.14830227	     -0.00000000	     -0.13484380	      0.00000000	    240.25122580	      0.00000000	     -0.00000000	     -0.00000000	      0.00000000	      0.00000000	      0.00000000	      0.00000000
      1.53000000	      0.00000000	      0.00000000	      0.00000000	      0.00000000	      0.00000000	      0.00000000	      0.00000000	      0.00000000	      0.00000000	      0.00000000	      0.00000000	      0.00000000	      0.00000000	      0.00000000	      0.00000000	      0.00000000	      0.00000000	      0.00000000	      0.00000000	      0.00000000	      0.00000000	      0.00000000	      0.00000000	      0.00000000	      0.00000000	      0.00000000	      0.00000000	      0.00000000	      0.00000000	      0.00000000	      0.00000000	      0.00000000	      0.00000000	      0.00000000	      0.00000000	      0.00000000	      0.00000000	      0.00000000	      0.00000000	      0.00000000	      0.35176730	     29.67063999	      0.34003504	    167.74694746	      0.37228277	      0.21948837	      0.00000000	      0.00000000	     -0.00000000	     -0.00000000	     -0.00000000	      0.00000000	     -0.00000000	      0.00000000	     -0.17093274	     -0.15207826	      0.32723073	     -0.68724711	     -0.29172223	     -0.29158766	     -0.18082646	     -0.24033627	     -0.00000000	      0.88173411	     -0.00109802	     -0.00000000	     -0.00000000	     -0.00000000	      0.14542023	     -0.00000000	     -0.13528765	      0.00000000	    244.02764771	      0.00000000	     -0.00000000	     -0.00000000	     -0.00000000	     -0.00000000	      0.00000000	     -0.00000000
      1.53500000	      0.00000000	      0.00000000	      0.00000000	      0.00000000	      0.00000000	      0.00000000	      0.00000000	      0.00000000	      0.00000000	      0.00000000	      0.00000000	      0.00000000	      0.00000000	      0.00000000	      0.00000000	      0.00000000	      0.00000000	      0.00000000	      0.00000000	      0.00000000	      0.00000000	      0.00000000	      0.00000000	      0.00000000	      0.00000000	      0.00000000	      0.00000000	      0.00000000	      0.00000000	      0.00000000	      0.00000000	      0.00000000	      0.00000000	      0.00000000	      0.00000000	      0.00000000	      0.00000000	      0.00000000	      0.00000000	      0.00000000	      0.34715492	     27.60939933	      0.34574292	    168.99940364	      0.38117466	      0.22231045	      0.71677923	     -0.00000000	     -0.00000000	      0.00000000	      0.00000000	      0.00000000	     -0.00000000	      0.00000000	     -0.17333277	     -0.15406627	      0.33015330	     -0.69990911	     -0.29196956	     -0.29544379	     -0.18413193	     -0.24649966	     -0.00000000	      0.92077045	     -0.00024579	      0.00000000	      0.00000000	     -0.00000000	      0.14246159	     -0.00000000	     -0.13535511	      0.00000000	    247.79412157	     -0.00000000	     -0.00000000	     -0.00000000	     -0.00000000	      0.00000000	      0.00000000	      0.00000000
      1.54000000	      0.00000000	      0.00000000	      0.00000000	      0.00000000	      0.00000000	      0.00000000	      0.00000000	      0.00000000	      0.00000000	      0.00000000	      0.00000000	      0.00000000	      0.00000000	      0.00000000	      0.00000000	      0.00000000	      0.00000000	      0.00000000	      0.00000000	      0.00000000	      0.00000000	      0.00000000	      0.00000000	      0.00000000	      0.00000000	      0.00000000	      0.00000000	      0.00000000	      0.00000000	      0.00000000	      0.00000000	      0.00000000	      0.00000000	      0.00000000	      0.00000000	      0.00000000	      0.00000000	      0.00000000	      0.00000000	      0.00000000	      0.34163577	     25.48704697	      0.34990522	    170.40796826	      0.38760110	      0.22415397	      2.29600767	     -0.00000000	      0.00000000	     -0.00000000	     -0.00000000	      0.00000000	     -0.00000000	      0.00000000	     -0.17571168	     -0.15608894	      0.33165216	     -0.71229810	     -0.29249259	     -0.29901720	     -0.18725691	     -0.25268620	     -0.00000000	      0.96162075	      0.00064827	      0.00000000	      0.00000000	     -0.00000000	      0.13945613	     -0.00000000	     -0.13508231	      0.00000000	    251.49885367	      0.00000000	     -0.00000000	     -0.00000000	      0.00000000	      0.00000000	     -0.00000000	      0.00000000
      1.54500000	      0.00000000	      0.00000000	      0.00000000	      0.00000000	      0.00000000	      0.00000000	      0.00000000	      0.00000000	      0.00000000	      0.00000000	      0.00000000	      0.00000000	      0.00000000	      0.00000000	      0.00000000	      0.00000000	      0.00000000	      0.00000000	      0.00000000	      0.00000000	      0.00000000	      0.00000000	      0.00000000	      0.00000000	      0.00000000	      0.00000000	      0.00000000	      0.00000000	      0.00000000	      0.00000000	      0.00000000	      0.00000000	      0.00000000	      0.00000000	      0.00000000	      0.00000000	      0.00000000	      0.00000000	      0.00000000	      0.00000000	      0.33519208	     23.27026464	      0.35273690	    171.93169709	      0.39184914	      0.22501650	      4.21055318	     -0.00000000	      0.00000000	      0.00000000	      0.00000000	      0.00000000	     -0.00000000	      0.00000000	     -0.17802733	     -0.15809753	      0.33191518	     -0.72449572	     -0.29377588	     -0.30227584	     -0.19028615	     -0.25896718	     -0.00000000	      1.00392310	      0.00157758	     -0.00000000	     -0.00000000	     -0.00000000	      0.13643780	     -0.00000000	     -0.13453522	      0.00000000	    255.09035049	      0.00000000	     -0.00000000	      0.00000000	      0.00000000	      0.00000000	      0.00000000	     -0.00000000
      1.55000000	      0.00000000	      0.00000000	      0.00000000	      0.00000000	      0.00000000	      0.00000000	      0.00000000	      0.00000000	      0.00000000	      0.00000000	      0.00000000	      0.00000000	      0.00000000	      0.00000000	      0.00000000	      0.00000000	      0.00000000	      0.00000000	      0.00000000	      0.00000000	      0.00000000	      0.00000000	      0.00000000	      0.00000000	      0.00000000	      0.00000000	      0.00000000	      0.00000000	      0.00000000	      0.00000000	      0.00000000	      0.00000000	      0.00000000	      0.00000000	      0.00000000	      0.00000000	      0.00000000	      0.00000000	      0.00000000	      0.00000000	      0.32787683	     20.94136140	      0.35435219	    173.52680876	      0.39414038	      0.22491230	      6.32060955	     -0.00000000	     -0.00000000	     -0.00000000	      0.00000000	     -0.00000000	     -0.00000000	      0.00000000	     -0.18023097	     -0.16002740	      0.33106818	     -0.73655499	     -0.29671002	     -0.30518341	     -0.19328520	     -0.26538745	     -0.00000000	      1.04719674	      0.00253816	      0.00000000	      0.00000000	     -0.00000000	      0.13344568	     -0.00000000	     -0.13379684	      0.00000000	    258.51944654	      0.00000000	     -0.00000000	      0.00000000	      0.00000000	      0.00000000	      0.00000000	     -0.00000000
      1.55500000	      0.00000000	      0.00000000	      0.00000000	      0.00000000	      0.00000000	      0.00000000	      0.00000000	      0.00000000	      0.00000000	      0.00000000	      0.00000000	      0.00000000	      0.00000000	      0.00000000	      0.00000000	      0.00000000	      0.00000000	      0.00000000	      0.00000000	      0.00000000	      0.00000000	      0.00000000	      0.00000000	      0.00000000	      0.00000000	      0.00000000	      0.00000000	      0.00000000	      0.00000000	      0.00000000	      0.00000000	      0.00000000	      0.00000000	      0.00000000	      0.00000000	      0.00000000	      0.00000000	      0.00000000	      0.00000000	      0.00000000	      0.31981844	     18.50407854	      0.35479357	    175.14739047	      0.39457993	      0.22387144	      8.83588447	      0.00000000	      0.00000000	      0.00000000	     -0.00000000	     -0.00000000	     -0.00000000	      0.00000000	     -0.18226655	     -0.16179972	      0.32920446	     -0.74850862	     -0.30197771	     -0.30769414	     -0.19630228	     -0.27197096	     -0.00000000	      1.09083496	      0.00352795	     -0.00000000	      0.00000000	     -0.00000000	      0.13052496	     -0.00000000	     -0.13295170	      0.00000000	    261.74128561	      0.00000000	     -0.00000000	     -0.00000000	      0.00000000	     -0.00000000	      0.00000000	     -0.00000000
      1.56000000	      0.00000000	      0.00000000	      0.00000000	      0.00000000	      0.00000000	      0.00000000	      0.00000000	      0.00000000	      0.00000000	      0.00000000	      0.00000000	      0.00000000	      0.00000000	      0.00000000	      0.00000000	      0.00000000	      0.00000000	      0.00000000	      0.00000000	      0.00000000	      0.00000000	      0.00000000	      0.00000000	      0.00000000	      0.00000000	      0.00000000	      0.00000000	      0.00000000	      0.00000000	      0.00000000	      0.00000000	      0.00000000	      0.00000000	      0.00000000	      0.00000000	      0.00000000	      0.00000000	      0.00000000	      0.00000000	      0.00000000	      0.31123140	     15.99954585	      0.35405263	    176.74628370	      0.39315101	      0.22194094	     11.57928115	     -0.00000000	     -0.00000000	      0.00000000	      0.00000000	     -0.00000000	     -0.00000000	      0.00000000	     -0.18407094	     -0.16332419	      0.32640120	     -0.76037523	     -0.30960976	     -0.30975316	     -0.19937139	     -0.27872564	     -0.00000000	      1.13409604	      0.00454613	      0.00000000	     -0.00000000	     -0.00000000	      0.12772801	     -0.00000000	     -0.13207305	      0.00000000	    264.68062583	     -0.00000000	     -0.00000000	      0.00000000	     -0.00000000	     -0.00000000	     -0.00000000	      0.00000000
      1.56500000	      0.00000000	      0.00000000	      0.00000000	      0.00000000	      0.00000000	      0.00000000	      0.00000000	      0.00000000	      0.00000000	      0.00000000	      0.00000000	      0.00000000	      0.00000000	      0.00000000	      0.00000000	      0.00000000	      0.00000000	      0.00000000	      0.00000000	      0.00000000	      0.00000000	      0.00000000	      0.00000000	      0.00000000	      0.00000000	      0.00000000	      0.00000000	      0.00000000	      0.00000000	      0.00000000	      0.00000000	      0.00000000	      0.00000000	      0.00000000	      0.00000000	      0.00000000	      0.00000000	      0.00000000	      0.00000000	      0.00000000	      0.30242535	     13.53715044	      0.35208065	    178.27698749	      0.38971130	      0.21918749	     14.37414256	     -0.00000000	      0.00000000	     -0.00000000	     -0.00000000	     -0.00000000	     -0.00000000	      0.00000000	     -0.18557527	     -0.16450236	      0.32289000	     -0.77216789	     -0.31966822	     -0.31129927	     -0.20251688	     -0.28564982	     -0.00000000	      1.17612947	      0.00559269	      0.00000000	      0.00000000	     -0.00000000	      0.12511401	     -0.00000000	     -0.13122971	      0.00000000	    267.34659926	     -0.00000000	     -0.00000000	     -0.00000000	     -0.00000000	      0.00000000	      0.00000000	      0.00000000
      1.57000000	      0.00000000	      0.00000000	      0.00000000	      0.00000000	      0.00000000	      0.00000000	      0.00000000	      0.00000000	      0.00000000	      0.00000000	      0.00000000	      0.00000000	      0.00000000	      0.00000000	      0.00000000	      0.00000000	      0.00000000	      0.00000000	      0.00000000	      0.00000000	      0.00000000	      0.00000000	      0.00000000	      0.00000000	      0.00000000	      0.00000000	      0.00000000	      0.00000000	      0.00000000	      0.00000000	      0.00000000	      0.00000000	      0.00000000	      0.00000000	      0.00000000	      0.00000000	      0.00000000	      0.00000000	      0.00000000	      0.00000000	      0.29379372	     11.24008129	      0.34878740	    179.69392580	      0.38398215	      0.21569994	     17.31723369	     -0.00000000	      0.00000000	      0.00000000	     -0.00000000	     -0.00000000	     -0.00000000	      0.00000000	     -0.18670532	     -0.16535105	      0.31947642	     -0.78389252	     -0.33227080	     -0.31226792	     -0.20575554	     -0.29273310	     -0.00000000	      1.21598587	      0.00666720	     -0.00000000	     -0.00000000	     -0.00000000	      0.12274965	     -0.00000000	     -0.13048493	      0.00000000	    269.73609432	      0.00000000	     -0.00000000	     -0.00000000	     -0.00000000	      0.00000000	      0.00000000	      0.00000000
      1.57500000	      0.00000000	      0.00000000	      0.00000000	      0.00000000	      0.00000000	      0.00000000	      0.00000000	      0.00000000	      0.00000000	      0.00000000	      0.00000000	      0.00000000	      0.00000000	      0.00000000	      0.00000000	      0.00000000	      0.00000000	      0.00000000	      0.00000000	      0.00000000	      0.00000000	      0.00000000	      0.00000000	      0.00000000	      0.00000000	      0.00000000	      0.00000000	      0.00000000	      0.00000000	      0.00000000	      0.00000000	      0.00000000	      0.00000000	      0.00000000	      0.00000000	      0.00000000	      0.00000000	      0.00000000	      0.00000000	      0.00000000	      0.28574131	      8.98025621	      0.34402127	    180.95398456	      0.37556147	      0.21159157	     20.25556572	      0.00000000	     -0.00000000	      0.00000000	     -0.00000000	     -0.00000000	     -0.00000000	      0.00000000	     -0.18738256	     -0.16572092	      0.31720419	     -0.79555078	     -0.34652011	     -0.31259379	     -0.20909959	     -0.29995985	     -0.00000000	      1.25264983	      0.00776814	     -0.00000000	     -0.00000000	     -0.00000000	      0.12056258	     -0.00000000	     -0.12989725	      1.00886459	    271.85978302	     -0.00000000	     -0.00000000	     -0.00000000	     -0.00000000	      0.00000000	     -0.00000000	      0.00000000
      1.58000000	      0.00000000	      0.00000000	      0.00000000	      0.00000000	      0.00000000	      0.00000000	      0.00000000	      0.00000000	      0.00000000	      0.00000000	      0.00000000	      0.00000000	      0.00000000	      0.00000000	      0.00000000	      0.00000000	      0.00000000	      0.00000000	      0.00000000	      0.00000000	      0.00000000	      0.00000000	      0.00000000	      0.00000000	      0.00000000	      0.00000000	      0.00000000	      0.00000000	      0.00000000	      0.00000000	      0.00000000	      0.00000000	      0.00000000	      0.00000000	      0.00000000	      0.00000000	      0.00000000	      0.00000000	      0.00000000	      0.00000000	      0.27854937	      6.68951088	      0.33752172	    182.01759475	      0.36405738	      0.20700045	     22.92306353	      0.00000000	     -0.00000000	     -0.00000000	      0.00000000	     -0.00000000	     -0.00000000	      0.00000000	     -0.18752384	     -0.16541049	      0.31618763	     -0.80713775	     -0.36094087	     -0.31221224	     -0.21255767	     -0.30730999	     -0.00000000	      1.28506915	      0.00889169	     -0.00000000	     -0.00000000	     -0.00000000	      0.11874615	     -0.00000000	     -0.12951841	      2.69373931	    273.65766962	      0.00000000	     -0.00000000	     -0.00000000	     -0.00000000	      0.00000000	      0.00000000	      0.00000000
      1.58500000	      0.00000000	      0.00000000	      0.00000000	      0.00000000	      0.00000000	      0.00000000	      0.00000000	      0.00000000	      0.00000000	      0.00000000	      0.00000000	      0.00000000	      0.00000000	      0.00000000	      0.00000000	      0.00000000	      0.00000000	      0.00000000	      0.00000000	      0.00000000	      0.00000000	      0.00000000	      0.00000000	      0.00000000	      0.00000000	      0.00000000	      0.00000000	      0.00000000	      0.00000000	      0.00000000	      0.00000000	      0.00000000	      0.00000000	      0.00000000	      0.00000000	      0.00000000	      0.00000000	      0.00000000	      0.00000000	      0.00000000	      0.27227998	      4.54960569	      0.32884840	    182.84912947	      0.34944827	      0.20208682	     25.28482874	      0.00000000	     -0.00000000	      0.00000000	      0.00000000	     -0.00000000	     -0.00000000	      0.00000000	     -0.18703973	     -0.16431243	      0.31541874	     -0.81863853	     -0.37458156	     -0.31105974	     -0.21613524	     -0.31475938	     -0.00000000	      1.31218116	      0.01003043	      0.00000000	      0.00000000	     -0.00000000	      0.11748799	     -0.00000000	     -0.12938995	      4.44442092	    275.14858667	     -0.00000000	     -0.00000000	      0.00000000	     -0.00000000	      0.00000000	      0.00000000	      0.00000000
      1.59000000	      0.00000000	      0.00000000	      0.00000000	      0.00000000	      0.00000000	      0.00000000	      0.00000000	      0.00000000	      0.00000000	      0.00000000	      0.00000000	      0.00000000	      0.00000000	      0.00000000	      0.00000000	      0.00000000	      0.00000000	      0.00000000	      0.00000000	      0.00000000	      0.00000000	      0.00000000	      0.00000000	      0.00000000	      0.00000000	      0.00000000	      0.00000000	      0.00000000	      0.00000000	      0.00000000	      0.00000000	      0.00000000	      0.00000000	      0.00000000	      0.00000000	      0.00000000	      0.00000000	      0.00000000	      0.00000000	      0.00000000	      0.26682816	      2.58325953	      0.31736986	    183.41787882	      0.33241166	      0.19702683	     27.32152647	      0.00000000	     -0.00000000	      0.00000000	      0.00000000	      0.00000000	     -0.00000000	      0.00000000	     -0.18583021	     -0.16230334	      0.31365790	     -0.83002368	     -0.38708151	     -0.30907489	     -0.21983426	     -0.32227956	     -0.00000000	      1.33292239	      0.01117149	      0.00000000	      0.00000000	     -0.00000000	      0.11688251	     -0.00000000	     -0.12953993	      6.15701439	    276.32898755	     -0.00000000	     -0.00000000	     -0.00000000	      0.00000000	      0.00000000	      0.00000000	      0.00000000
      1.59500000	      0.00000000	      0.00000000	      0.00000000	      0.00000000	      0.00000000	      0.00000000	      0.00000000	      0.00000000	      0.00000000	      0.00000000	      0.00000000	      0.00000000	      0.00000000	      0.00000000	      0.00000000	      0.00000000	      0.00000000	      0.00000000	      0.00000000	      0.00000000	      0.00000000	      0.00000000	      0.00000000	      0.00000000	      0.00000000	      0.00000000	      0.00000000	      0.00000000	      0.00000000	      0.00000000	      0.00000000	      0.00000000	      0.00000000	      0.00000000	      0.00000000	      0.00000000	      0.00000000	      0.00000000	      0.00000000	      0.00000000	      0.26205546	      0.80799916	      0.30263254	    183.69828395	      0.31388682	      0.19200326	     29.01923063	      0.00000000	      0.00000000	     -0.00000000	      0.00000000	      0.00000000	     -0.00000000	      0.00000000	     -0.18377736	     -0.15924724	      0.30950794	     -0.84124423	     -0.39823742	     -0.30620171	     -0.22365269	     -0.32983719	     -0.00000000	      1.34621468	      0.01229405	      0.00000000	     -0.00000000	     -0.00000000	      0.11699099	     -0.00000000	     -0.12998002	      7.65332047	    277.20646120	     -0.00000000	     -0.00000000	     -0.00000000	     -0.00000000	      0.00000000	      0.00000000	      0.00000000
      1.60000000	      0.00000000	      0.00000000	      0.00000000	      0.00000000	      0.00000000	      0.00000000	      0.00000000	      0.00000000	      0.00000000	      0.00000000	      0.00000000	      0.00000000	      0.00000000	      0.00000000	      0.00000000	      0.00000000	      0.00000000	      0.00000000	      0.00000000	      0.00000000	      0.00000000	      0.00000000	      0.00000000	      0.00000000	      0.00000000	      0.00000000	      0.00000000	      0.00000000	      0.00000000	      0.00000000	      0.00000000	      0.00000000	      0.00000000	      0.00000000	      0.00000000	      0.00000000	      0.00000000	      0.00000000	      0.00000000	      0.00000000	      0.25790073	      0.00000000	      0.28526907	    183.67036868	      0.29467424	      0.18719531	     30.36893177	     -0.00000000	     -0.00000000	     -0.00000000	      0.00000000	     -0.00000000	     -0.00000000	      0.00000000	     -0.18073738	     -0.15499339	      0.30119902	     -0.85222663	     -0.40785353	     -0.30239004	     -0.22758372	     -0.33739326	     -0.00000000	      1.35101689	      0.01336657	     -0.00000000	     -0.00000000	     -0.00000000	      0.11782230	     -0.00000000	     -0.13070211	      9.00313282	    277.78541410	      0.00000000	     -0.00000000	      0.00000000	     -0.00000000	     -0.00000000	     -0.00000000	     -0.00000000
      1.60500000	      0.00000000	      0.00000000	      0.00000000	      0.00000000	      0.00000000	      0.00000000	      0.00000000	      0.00000000	      0.00000000	      0.00000000	      0.00000000	      0.00000000	      0.00000000	      0.00000000	      0.00000000	      0.00000000	      0.00000000	      0.00000000	      0.00000000	      0.00000000	      0.00000000	      0.00000000	      0.00000000	      0.00000000	      0.00000000	      0.00000000	      0.00000000	      0.00000000	      0.00000000	      0.00000000	      0.00000000	      0.00000000	      0.00000000	      0.00000000	      0.00000000	      0.00000000	      0.00000000	      0.00000000	      0.00000000	      0.00000000	      0.25446610	      0.00000000	      0.26690830	    183.32024283	      0.27567937	      0.18276960	     31.36592644	     -0.00000000	     -0.00000000	      0.00000000	     -0.00000000	      0.00000000	     -0.00000000	      0.00000000	     -0.17654572	     -0.14940632	      0.28745335	     -0.86286818	     -0.41573695	     -0.29757897	     -0.23161504	     -0.34490219	     -0.00000000	      1.34687023	      0.01434500	     -0.00000000	     -0.00000000	     -0.00000000	      0.11932655	     -0.00000000	     -0.13167350	     10.13839718	    278.06889427	     -0.00000000	     -0.00000000	     -0.00000000	      0.00000000	     -0.00000000	     -0.00000000	     -0.00000000
      1.61000000	      0.00000000	      0.00000000	      0.00000000	      0.00000000	      0.00000000	      0.00000000	      0.00000000	      0.00000000	      0.00000000	      0.00000000	      0.00000000	      0.00000000	      0.00000000	      0.00000000	      0.00000000	      0.00000000	      0.00000000	      0.00000000	      0.00000000	      0.00000000	      0.00000000	      0.00000000	      0.00000000	      0.00000000	      0.00000000	      0.00000000	      0.00000000	      0.00000000	      0.00000000	      0.00000000	      0.00000000	      0.00000000	      0.00000000	      0.00000000	      0.00000000	      0.00000000	      0.00000000	      0.00000000	      0.00000000	      0.00000000	      0.25188829	      0.00000000	      0.24865626	    182.64013302	      0.25776127	      0.17887382	     32.00926158	     -0.00000000	     -0.00000000	     -0.00000000	     -0.00000000	     -0.00000000	     -0.00000000	      0.00000000	     -0.17107563	     -0.14248464	      0.26948361	     -0.87303340	     -0.42168989	     -0.29166042	     -0.23572795	     -0.35231104	     -0.00000000	      1.33472781	      0.01517424	      0.00000000	     -0.00000000	     -0.00000000	      0.12140463	     -0.00000000	     -0.13283715	     10.95280181	    278.06231092	     -0.00000000	     -0.00000000	      0.00000000	     -0.00000000	      0.00000000	      0.00000000	      0.00000000
      1.61500000	      0.00000000	      0.00000000	      0.00000000	      0.00000000	      0.00000000	      0.00000000	      0.00000000	      0.00000000	      0.00000000	      0.00000000	      0.00000000	      0.00000000	      0.00000000	      0.00000000	      0.00000000	      0.00000000	      0.00000000	      0.00000000	      0.00000000	      0.00000000	      0.00000000	      0.00000000	      0.00000000	      0.00000000	      0.00000000	      0.00000000	      0.00000000	      0.00000000	      0.00000000	      0.00000000	      0.00000000	      0.00000000	      0.00000000	      0.00000000	      0.00000000	      0.00000000	      0.00000000	      0.00000000	      0.00000000	      0.00000000	      0.25029286	      0.00000000	      0.23137515	    181.62910963	      0.24154664	      0.17563318	     32.30134108	      0.00000000	     -0.00000000	      0.00000000	      0.00000000	      0.00000000	     -0.00000000	      0.00000000	     -0.16439512	     -0.13453798	      0.24939406	     -0.88255061	     -0.42549839	     -0.28444280	     -0.23989596	     -0.35955809	     -0.00000000	      1.31594909	      0.01579421	     -0.00000000	     -0.00000000	     -0.00000000	      0.12392748	     -0.00000000	     -0.13411809	     11.40091264	    277.76855117	     -0.00000000	     -0.00000000	      0.00000000	     -0.00000000	      0.00000000	     -0.00000000	     -0.00000000
      1.62000000	      0.00000000	      0.00000000	      0.00000000	      0.00000000	      0.00000000	      0.00000000	      0.00000000	      0.00000000	      0.00000000	      0.00000000	      0.00000000	      0.00000000	      0.00000000	      0.00000000	      0.00000000	      0.00000000	      0.00000000	      0.00000000	      0.00000000	      0.00000000	      0.00000000	      0.00000000	      0.00000000	      0.00000000	      0.00000000	      0.00000000	      0.00000000	      0.00000000	      0.00000000	      0.00000000	      0.00000000	      0.00000000	      0.00000000	      0.00000000	      0.00000000	      0.00000000	      0.00000000	      0.00000000	      0.00000000	      0.00000000	      0.24978957	      0.00000000	      0.21577525	    180.29305338	      0.22737255	      0.17314894	     32.24780188	      0.00000000	      0.00000000	     -0.00000000	     -0.00000000	      0.00000000	     -0.00000000	      0.00000000	     -0.15690525	     -0.12614584	      0.22843037	     -0.89121497	     -0.42693144	     -0.27566137	     -0.24408436	     -0.36657340	     -0.00000000	      1.29141345	      0.01614333	      0.00000000	      0.00000000	     -0.00000000	      0.12675680	     -0.00000000	     -0.13543543	     11.47284907	    277.18762148	      0.00000000	     -0.00000000	     -0.00000000	     -0.00000000	      0.00000000	      0.00000000	      0.00000000
      1.62500000	      0.00000000	      0.00000000	      0.00000000	      0.00000000	      0.00000000	      0.00000000	      0.00000000	      0.00000000	      0.00000000	      0.00000000	      0.00000000	      0.00000000	      0.00000000	      0.00000000	      0.00000000	      0.00000000	      0.00000000	      0.00000000	      0.00000000	      0.00000000	      0.00000000	      0.00000000	      0.00000000	      0.00000000	      0.00000000	      0.00000000	      0.00000000	      0.00000000	      0.00000000	      0.00000000	      0.00000000	      0.00000000	      0.00000000	      0.00000000	      0.00000000	      0.00000000	      0.00000000	      0.00000000	      0.00000000	      0.00000000	      0.25046636	      0.00000000	      0.20225001	    178.64560799	      0.21535627	      0.17149809	     31.85764126	      0.00000000	     -0.00000000	      0.00000000	     -0.00000000	      0.00000000	     -0.00000000	      0.00000000	     -0.14918937	     -0.11780184	      0.20787334	     -0.89879124	     -0.42577953	     -0.26515862	     -0.24824686	     -0.37327452	     -0.00000000	      1.26204585	      0.01615118	     -0.00000000	     -0.00000000	     -0.00000000	      0.12975962	     -0.00000000	     -0.13671568	     11.17888040	    276.31840007	      0.00000000	     -0.00000000	      0.00000000	     -0.00000000	     -0.00000000	      0.00000000	     -0.00000000
      1.63000000	      0.00000000	      0.00000000	      0.00000000	      0.00000000	      0.00000000	      0.00000000	      0.00000000	      0.00000000	      0.00000000	      0.00000000	      0.00000000	      0.00000000	      0.00000000	      0.00000000	      0.00000000	      0.00000000	      0.00000000	      0.00000000	      0.00000000	      0.00000000	      0.00000000	      0.00000000	      0.00000000	      0.00000000	      0.00000000	      0.00000000	      0.00000000	      0.00000000	      0.00000000	      0.00000000	      0.00000000	      0.00000000	      0.00000000	      0.00000000	      0.00000000	      0.00000000	      0.00000000	      0.00000000	      0.00000000	      0.00000000	      0.25238268	      0.00000000	      0.19089129	    176.70744492	      0.20549466	      0.17073257	     31.14353540	      0.00000000	      0.00000000	     -0.00000000	      0.00000000	     -0.00000000	     -0.00000000	      0.00000000	     -0.14165941	     -0.10979810	      0.18880990	     -0.90504818	     -0.42201203	     -0.25331020	     -0.25232791	     -0.37957136	     -0.00000000	      1.22877523	      0.01577675	     -0.00000000	     -0.00000000	     -0.00000000	      0.13278965	     -0.00000000	     -0.13790069	     10.54587324	    275.16620384	     -0.00000000	     -0.00000000	     -0.00000000	     -0.00000000	     -0.00000000	     -0.00000000	      0.00000000
      1.63500000	      0.00000000	      0.00000000	      0.00000000	      0.00000000	      0.00000000	      0.00000000	      0.00000000	      0.00000000	      0.00000000	      0.00000000	      0.00000000	      0.00000000	      0.00000000	      0.00000000	      0.00000000	      0.00000000	      0.00000000	      0.00000000	      0.00000000	      0.00000000	      0.00000000	      0.00000000	      0.00000000	      0.00000000	      0.00000000	      0.00000000	      0.00000000	      0.00000000	      0.00000000	      0.00000000	      0.00000000	      0.00000000	      0.00000000	      0.00000000	      0.00000000	      0.00000000	      0.00000000	      0.00000000	      0.00000000	      0.00000000	      0.25556202	      0.00000000	      0.18161611	    174.50644101	      0.19773147	      0.17087851	     30.12207063	      0.00000000	      0.00000000	     -0.00000000	     -0.00000000	      0.00000000	     -0.00000000	      0.00000000	     -0.13457051	     -0.10236115	      0.17205510	     -0.90980669	     -0.41599779	     -0.24116329	     -0.25626156	     -0.38536444	     -0.00000000	      1.19249892	      0.01503316	      0.00000000	      0.00000000	     -0.00000000	      0.13571874	     -0.00000000	     -0.13894821	      9.62053187	    273.73346754	      0.00000000	     -0.00000000	      0.00000000	     -0.00000000	     -0.00000000	      0.00000000	      0.00000000
      1.64000000	      0.00000000	      0.00000000	      0.00000000	      0.00000000	      0.00000000	      0.00000000	      0.00000000	      0.00000000	      0.00000000	      0.00000000	      0.00000000	      0.00000000	      0.00000000	      0.00000000	      0.00000000	      0.00000000	      0.00000000	      0.00000000	      0.00000000	      0.00000000	      0.00000000	      0.00000000	      0.00000000	      0.00000000	      0.00000000	      0.00000000	      0.00000000	      0.00000000	      0.00000000	      0.00000000	      0.00000000	      0.00000000	      0.00000000	      0.00000000	      0.00000000	      0.00000000	      0.00000000	      0.00000000	      0.00000000	      0.00000000	      0.25998451	      0.00000000	      0.17428188	    172.07645069	      0.19198758	      0.17193519	     28.81420136	     -0.00000000	      0.00000000	     -0.00000000	     -0.00000000	     -0.00000000	     -0.00000000	      0.00000000	     -0.12812287	     -0.09564366	      0.15846141	     -0.91300814	     -0.40847803	     -0.22976712	     -0.25997285	     -0.39054692	     -0.00000000	      1.15409190	      0.01396988	      0.00000000	      0.00000000	     -0.00000000	      0.13847978	     -0.00000000	     -0.13982794	      8.48153535	    272.03084127	      0.00000000	     -0.00000000	     -0.00000000	      0.00000000	     -0.00000000	      0.00000000	      0.00000000
      1.64500000	      0.00000000	      0.00000000	      0.00000000	      0.00000000	      0.00000000	      0.00000000	      0.00000000	      0.00000000	      0.00000000	      0.00000000	      0.00000000	      0.00000000	      0.00000000	      0.00000000	      0.00000000	      0.00000000	      0.00000000	      0.00000000	      0.00000000	      0.00000000	      0.00000000	      0.00000000	      0.00000000	      0.00000000	      0.00000000	      0.00000000	      0.00000000	      0.00000000	      0.00000000	      0.00000000	      0.00000000	      0.00000000	      0.00000000	      0.00000000	      0.00000000	      0.00000000	      0.00000000	      0.00000000	      0.00000000	      0.00000000	      0.26557965	      0.00000000	      0.16874412	    169.45711809	      0.18816968	      0.17387416	     27.24518121	      0.00000000	      0.00000000	      0.00000000	      0.00000000	     -0.00000000	     -0.00000000	      0.00000000	     -0.12244842	     -0.08972211	      0.14901568	     -0.91475221	     -0.40018570	     -0.21960933	     -0.26338236	     -0.39501151	     -0.00000000	      1.11439866	      0.01264781	     -0.00000000	     -0.00000000	     -0.00000000	      0.14106770	     -0.00000000	     -0.14051746	      7.23808287	    270.06825897	      0.00000000	     -0.00000000	      0.00000000	     -0.00000000	      0.00000000	      0.00000000	      0.00000000
      1.65000000	      0.00000000	      0.00000000	      0.00000000	      0.00000000	      0.00000000	      0.00000000	      0.00000000	      0.00000000	      0.00000000	      0.00000000	      0.00000000	      0.00000000	      0.00000000	      0.00000000	      0.00000000	      0.00000000	      0.00000000	      0.00000000	      0.00000000	      0.00000000	      0.00000000	      0.00000000	      0.00000000	      0.00000000	      0.00000000	      0.00000000	      0.00000000	      0.00000000	      0.00000000	      0.00000000	      0.00000000	      0.00000000	      0.00000000	      0.00000000	      0.00000000	      0.00000000	      0.00000000	      0.00000000	      0.00000000	      0.00000000	      0.27221852	      0.00000000	      0.16486913	    166.69207766	      0.18616934	      0.17663780	     25.44432760	      0.00000000	      0.00000000	     -0.00000000	     -0.00000000	      0.00000000	     -0.00000000	      0.00000000	     -0.11761200	     -0.08461282	      0.14366212	     -0.91524869	     -0.39154909	     -0.21093533	     -0.26641222	     -0.39866101	     -0.00000000	      1.07421058	      0.01112801	      0.00000000	     -0.00000000	     -0.00000000	      0.14336596	     -0.00000000	     -0.14099994	      5.92186104	    267.86761788	      0.00000000	     -0.00000000	      0.00000000	     -0.00000000	      0.00000000	     -0.00000000	     -0.00000000
      1.65500000	      0.00000000	      0.00000000	      0.00000000	      0.00000000	      0.00000000	      0.00000000	      0.00000000	      0.00000000	      0.00000000	      0.00000000	      0.00000000	      0.00000000	      0.00000000	      0.00000000	      0.00000000	      0.00000000	      0.00000000	      0.00000000	      0.00000000	      0.00000000	      0.00000000	      0.00000000	      0.00000000	      0.00000000	      0.00000000	      0.00000000	      0.00000000	      0.00000000	      0.00000000	      0.00000000	      0.00000000	      0.00000000	      0.00000000	      0.00000000	      0.00000000	      0.00000000	      0.00000000	      0.00000000	      0.00000000	      0.00000000	      0.27970529	      0.00000000	      0.16252789	    163.82672654	      0.18585876	      0.18013676	     23.44440579	     -0.00000000	      0.00000000	     -0.00000000	      0.00000000	      0.00000000	     -0.00000000	      0.00000000	     -0.11362534	     -0.08029311	      0.14103492	     -0.91472045	     -0.38285131	     -0.20388804	     -0.26899550	     -0.40142840	     -0.00000000	      1.03423450	      0.00946861	     -0.00000000	      0.00000000	     -0.00000000	      0.14536197	     -0.00000000	     -0.14126358	      4.49479734	    265.45470021	     -0.00000000	     -0.00000000	     -0.00000000	      0.00000000	      0.00000000	      0.00000000	      0.00000000
      1.66000000	      0.00000000	      0.00000000	      0.00000000	      0.00000000	      0.00000000	      0.00000000	      0.00000000	      0.00000000	      0.00000000	      0.00000000	      0.00000000	      0.00000000	      0.00000000	      0.00000000	      0.00000000	      0.00000000	      0.00000000	      0.00000000	      0.00000000	      0.00000000	      0.00000000	      0.00000000	      0.00000000	      0.00000000	      0.00000000	      0.00000000	      0.00000000	      0.00000000	      0.00000000	      0.00000000	      0.00000000	      0.00000000	      0.00000000	      0.00000000	      0.00000000	      0.00000000	      0.00000000	      0.00000000	      0.00000000	      0.00000000	      0.28777089	      0.00000000	      0.16158746	    160.90677817	      0.18708556	      0.18424650	     21.28067909	      0.00000000	     -0.00000000	      0.00000000	     -0.00000000	      0.00000000	     -0.00000000	      0.00000000	     -0.11046446	     -0.07671880	      0.14005196	     -0.91332341	     -0.37433791	     -0.19852101	     -0.27108792	     -0.40330555	     -0.00000000	      0.99506607	      0.00772377	     -0.00000000	     -0.00000000	     -0.00000000	      0.14719812	     -0.00000000	     -0.14130196	      3.08128318	    262.86154223	      0.00000000	     -0.00000000	     -0.00000000	      0.00000000	      0.00000000	      0.00000000	      0.00000000
      1.66500000	      0.00000000	      0.00000000	      0.00000000	      0.00000000	      0.00000000	      0.00000000	      0.00000000	      0.00000000	      0.00000000	      0.00000000	      0.00000000	      0.00000000	      0.00000000	      0.00000000	      0.00000000	      0.00000000	      0.00000000	      0.00000000	      0.00000000	      0.00000000	      0.00000000	      0.00000000	      0.00000000	      0.00000000	      0.00000000	      0.00000000	      0.00000000	      0.00000000	      0.00000000	      0.00000000	      0.00000000	      0.00000000	      0.00000000	      0.00000000	      0.00000000	      0.00000000	      0.00000000	      0.00000000	      0.00000000	      0.00000000	      0.29607354	      0.00000000	      0.16190378	    157.97586106	      0.18966759	      0.18880453	     18.98970336	      0.00000000	      0.00000000	      0.00000000	     -0.00000000	     -0.00000000	     -0.00000000	      0.00000000	     -0.10808366	     -0.07383523	      0.14042923	     -0.91114402	     -0.36621923	     -0.19482617	     -0.27267833	     -0.40436752	     -0.00000000	      0.95717373	      0.00594278	      0.00000000	      0.00000000	     -0.00000000	      0.14886859	     -0.00000000	     -0.14111492	      1.76505697	    260.12022702	     -0.00000000	     -0.00000000	     -0.00000000	     -0.00000000	      0.00000000	      0.00000000	      0.00000000
      1.67000000	      0.00000000	      0.00000000	      0.00000000	      0.00000000	      0.00000000	      0.00000000	      0.00000000	      0.00000000	      0.00000000	      0.00000000	      0.00000000	      0.00000000	      0.00000000	      0.00000000	      0.00000000	      0.00000000	      0.00000000	      0.00000000	      0.00000000	      0.00000000	      0.00000000	      0.00000000	      0.00000000	      0.00000000	      0.00000000	      0.00000000	      0.00000000	      0.00000000	      0.00000000	      0.00000000	      0.00000000	      0.00000000	      0.00000000	      0.00000000	      0.00000000	      0.00000000	      0.00000000	      0.00000000	      0.00000000	      0.00000000	      0.30421155	      0.00000000	      0.16331566	    155.07354230	      0.19338725	      0.19361038	     16.62213096	      0.00000000	      0.00000000	      0.00000000	     -0.00000000	      0.00000000	     -0.00000000	      0.00000000	     -0.10642413	     -0.07158277	      0.14203686	     -0.90828495	     -0.35867843	     -0.19276111	     -0.27379303	     -0.40476952	     -0.00000000	      0.92089423	      0.00416905	     -0.00000000	      0.00000000	     -0.00000000	      0.15035807	     -0.00000000	     -0.14070951	      0.55935509	    257.26949364	     -0.00000000	     -0.00000000	     -0.00000000	     -0.00000000	     -0.00000000	      0.00000000	     -0.00000000
      1.67500000	      0.00000000	      0.00000000	      0.00000000	      0.00000000	      0.00000000	      0.00000000	      0.00000000	      0.00000000	      0.00000000	      0.00000000	      0.00000000	      0.00000000	      0.00000000	      0.00000000	      0.00000000	      0.00000000	      0.00000000	      0.00000000	      0.00000000	      0.00000000	      0.00000000	      0.00000000	      0.00000000	      0.00000000	      0.00000000	      0.00000000	      0.00000000	      0.00000000	      0.00000000	      0.00000000	      0.00000000	      0.00000000	      0.00000000	      0.00000000	      0.00000000	      0.00000000	      0.00000000	      0.00000000	      0.00000000	      0.00000000	      0.31174943	      0.00000000	      0.16563886	    152.23335616	      0.19798480	      0.19843020	     14.35827577	      0.00000000	      0.00000000	      0.00000000	     -0.00000000	     -0.00000000	     -0.00000000	      0.00000000	     -0.10541826	     -0.06989467	      0.14472811	     -0.90487986	     -0.35188063	     -0.19226719	     -0.27449233	     -0.40471294	     -0.00000000	      0.88643782	      0.00243925	      0.00000000	      0.00000000	     -0.00000000	      0.15165129	     -0.00000000	     -0.14010101	      0.00000000	    254.34162912	      0.00000000	     -0.00000000	     -0.00000000	     -0.00000000	     -0.00000000	      0.00000000	      0.00000000
      1.68000000	      0.00000000	      0.00000000	      0.00000000	      0.00000000	      0.00000000	      0.00000000	      0.00000000	      0.00000000	      0.00000000	      0.00000000	      0.00000000	      0.00000000	      0.00000000	      0.00000000	      0.00000000	      0.00000000	      0.00000000	      0.00000000	      0.00000000	      0.00000000	      0.00000000	      0.00000000	      0.00000000	      0.00000000	      0.00000000	      0.00000000	      0.00000000	      0.00000000	      0.00000000	      0.00000000	      0.00000000	      0.00000000	      0.00000000	      0.00000000	      0.00000000	      0.00000000	      0.00000000	      0.00000000	      0.00000000	      0.00000000	      0.31825231	      0.00000000	      0.16866017	    149.48113550	      0.20315119	      0.20300684	     12.28127287	      0.00000000	      0.00000000	     -0.00000000	      0.00000000	     -0.00000000	     -0.00000000	      0.00000000	     -0.10499111	     -0.06874113	      0.14832999	     -0.90109824	     -0.34597926	     -0.19327640	     -0.27486335	     -0.40440950	     -0.00000000	      0.85390051	      0.00078258	      0.00000000	      0.00000000	     -0.00000000	      0.15273940	     -0.00000000	     -0.13931389	      0.00000000	    251.37220838	     -0.00000000	     -0.00000000	      0.00000000	      0.00000000	     -0.00000000	     -0.00000000	      0.00000000
      1.68500000	      0.00000000	      0.00000000	      0.00000000	      0.00000000	      0.00000000	      0.00000000	      0.00000000	      0.00000000	      0.00000000	      0.00000000	      0.00000000	      0.00000000	      0.00000000	      0.00000000	      0.00000000	      0.00000000	      0.00000000	      0.00000000	      0.00000000	      0.00000000	      0.00000000	      0.00000000	      0.00000000	      0.00000000	      0.00000000	      0.00000000	      0.00000000	      0.00000000	      0.00000000	      0.00000000	      0.00000000	      0.00000000	      0.00000000	      0.00000000	      0.00000000	      0.00000000	      0.00000000	      0.00000000	      0.00000000	      0.00000000	      0.32332031	      0.00000000	      0.17213233	    146.83371934	      0.20852306	      0.20707403	     10.32332008	     -0.00000000	      0.00000000	     -0.00000000	     -0.00000000	     -0.00000000	     -0.00000000	      0.00000000	     -0.10506072	     -0.06805075	      0.15263535	     -0.89715190	     -0.34111846	     -0.19570892	     -0.27501464	     -0.40406780	     -0.00000000	      0.82328064	     -0.00077967	     -0.00000000	     -0.00000000	     -0.00000000	      0.15362532	     -0.00000000	     -0.13838212	      0.00000000	    248.38700263	     -0.00000000	     -0.00000000	     -0.00000000	      0.00000000	     -0.00000000	      0.00000000	     -0.00000000
      1.69000000	      0.00000000	      0.00000000	      0.00000000	      0.00000000	      0.00000000	      0.00000000	      0.00000000	      0.00000000	      0.00000000	      0.00000000	      0.00000000	      0.00000000	      0.00000000	      0.00000000	      0.00000000	      0.00000000	      0.00000000	      0.00000000	      0.00000000	      0.00000000	      0.00000000	      0.00000000	      0.00000000	      0.00000000	      0.00000000	      0.00000000	      0.00000000	      0.00000000	      0.00000000	      0.00000000	      0.00000000	      0.00000000	      0.00000000	      0.00000000	      0.00000000	      0.00000000	      0.00000000	      0.00000000	      0.00000000	      0.00000000	      0.32661652	      0.00000000	      0.17577313	    144.29814691	      0.21368615	      0.21037245	      8.47345696	     -0.00000000	     -0.00000000	      0.00000000	      0.00000000	      0.00000000	     -0.00000000	      0.00000000	     -0.10553871	     -0.06771576	      0.15739779	     -0.89330340	     -0.33743216	     -0.19946344	     -0.27507326	     -0.40389770	     -0.00000000	      0.79449749	     -0.00223438	      0.00000000	      0.00000000	     -0.00000000	      0.15432413	     -0.00000000	     -0.13734774	      0.00000000	    245.41190274	      0.00000000	     -0.00000000	      0.00000000	      0.00000000	      0.00000000	     -0.00000000	      0.00000000
      1.69500000	      0.00000000	      0.00000000	      0.00000000	      0.00000000	      0.00000000	      0.00000000	      0.00000000	      0.00000000	      0.00000000	      0.00000000	      0.00000000	      0.00000000	      0.00000000	      0.00000000	      0.00000000	      0.00000000	      0.00000000	      0.00000000	      0.00000000	      0.00000000	      0.00000000	      0.00000000	      0.00000000	      0.00000000	      0.00000000	      0.00000000	      0.00000000	      0.00000000	      0.00000000	      0.00000000	      0.00000000	      0.00000000	      0.00000000	      0.00000000	      0.00000000	      0.00000000	      0.00000000	      0.00000000	      0.00000000	      0.00000000	      0.32788698	      0.00000000	      0.17927182	    141.87149067	      0.21819295	      0.21266500	      6.79121100	     -0.00000000	      0.00000000	     -0.00000000	      0.00000000	     -0.00000000	     -0.00000000	      0.00000000	     -0.10633170	     -0.06765267	      0.16233111	     -0.88987496	     -0.33504082	     -0.20440251	     -0.27519510	     -0.40412973	     -0.00000000	      0.76741048	     -0.00357667	     -0.00000000	      0.00000000	     -0.00000000	      0.15485679	     -0.00000000	     -0.13625730	      0.00000000	    242.45430411	     -0.00000000	     -0.00000000	     -0.00000000	     -0.00000000	     -0.00000000	      0.00000000	     -0.00000000
      1.70000000	      0.00000000	      0.00000000	      0.00000000	      0.00000000	      0.00000000	      0.00000000	      0.00000000	      0.00000000	      0.00000000	      0.00000000	      0.00000000	      0.00000000	      0.00000000	      0.00000000	      0.00000000	      0.00000000	      0.00000000	      0.00000000	      0.00000000	      0.00000000	      0.00000000	      0.00000000	      0.00000000	      0.00000000	      0.00000000	      0.00000000	      0.00000000	      0.00000000	      0.00000000	      0.00000000	      0.00000000	      0.00000000	      0.00000000	      0.00000000	      0.00000000	      0.00000000	      0.00000000	      0.00000000	      0.00000000	      0.00000000	      0.32697477	      0.00000000	      0.18230508	    139.54123367	      0.22159701	      0.21375027	      5.37930573	     -0.00000000	     -0.00000000	      0.00000000	     -0.00000000	      0.00000000	     -0.00000000	      0.00000000	     -0.10734347	     -0.06777063	      0.16711524	     -0.88725443	     -0.33404543	     -0.21033731	     -0.27556934	     -0.40501982	     -0.00000000	      0.74183832	     -0.00480964	      0.00000000	     -0.00000000	     -0.00000000	      0.15524907	     -0.00000000	     -0.13515675	      0.00000000	    239.52625905	     -0.00000000	     -0.00000000	     -0.00000000	      0.00000000	      0.00000000	      0.00000000	      0.00000000
      1.70500000	      0.00000000	      0.00000000	      0.00000000	      0.00000000	      0.00000000	      0.00000000	      0.00000000	      0.00000000	      0.00000000	      0.00000000	      0.00000000	      0.00000000	      0.00000000	      0.00000000	      0.00000000	      0.00000000	      0.00000000	      0.00000000	      0.00000000	      0.00000000	      0.00000000	      0.00000000	      0.00000000	      0.00000000	      0.00000000	      0.00000000	      0.00000000	      0.00000000	      0.00000000	      0.00000000	      0.00000000	      0.00000000	      0.00000000	      0.00000000	      0.00000000	      0.00000000	      0.00000000	      0.00000000	      0.00000000	      0.00000000	      0.32383168	      0.00000000	      0.18456259	    137.28621006	      0.22350048	      0.21347503	      4.13984680	      0.00000000	      0.00000000	     -0.00000000	     -0.00000000	      0.00000000	     -0.00000000	      0.00000000	     -0.10847743	     -0.06797246	      0.17141145	     -0.88589387	     -0.33451903	     -0.21701837	     -0.27641407	     -0.40684237	     -0.00000000	      0.71757738	     -0.00594394	     -0.00000000	      0.00000000	     -0.00000000	      0.15553044	     -0.00000000	     -0.13408613	      0.00000000	    236.58463119	     -0.00000000	     -0.00000000	      0.00000000	      0.00000000	      0.00000000	      0.00000000	      0.00000000
      1.71000000	      0.00000000	      0.00000000	      0.00000000	      0.00000000	      0.00000000	      0.00000000	      0.00000000	      0.00000000	      0.00000000	      0.00000000	      0.00000000	      0.00000000	      0.00000000	      0.00000000	      0.00000000	      0.00000000	      0.00000000	      0.00000000	      0.00000000	      0.00000000	      0.00000000	      0.00000000	      0.00000000	      0.00000000	      0.00000000	      0.00000000	      0.00000000	      0.00000000	      0.00000000	      0.00000000	      0.00000000	      0.00000000	      0.00000000	      0.00000000	      0.00000000	      0.00000000	      0.00000000	      0.00000000	      0.00000000	      0.00000000	      0.31852947	      0.00000000	      0.18577914	    135.07806512	      0.22360573	      0.21174699	      2.98934267	     -0.00000000	      0.00000000	      0.00000000	      0.00000000	      0.00000000	     -0.00000000	      0.00000000	     -0.10963931	     -0.06815718	      0.17488831	     -0.88629774	     -0.33649619	     -0.22413815	     -0.27796782	     -0.40987696	     -0.00000000	      0.69441882	     -0.00699694	      0.00000000	     -0.00000000	     -0.00000000	      0.15573221	     -0.00000000	     -0.13307541	      0.00000000	    233.70032219	      0.00000000	     -0.00000000	      0.00000000	      0.00000000	     -0.00000000	      0.00000000	     -0.00000000
      1.71500000	      0.00000000	      0.00000000	      0.00000000	      0.00000000	      0.00000000	      0.00000000	      0.00000000	      0.00000000	      0.00000000	      0.00000000	      0.00000000	      0.00000000	      0.00000000	      0.00000000	      0.00000000	      0.00000000	      0.00000000	      0.00000000	      0.00000000	      0.00000000	      0.00000000	      0.00000000	      0.00000000	      0.00000000	      0.00000000	      0.00000000	      0.00000000	      0.00000000	      0.00000000	      0.00000000	      0.00000000	      0.00000000	      0.00000000	      0.00000000	      0.00000000	      0.00000000	      0.00000000	      0.00000000	      0.00000000	      0.00000000	      0.31128011	      0.00000000	      0.18576634	    132.88470069	      0.22175865	      0.20854821	      1.99771098	     -0.00000000	     -0.00000000	      0.00000000	      0.00000000	      0.00000000	     -0.00000000	      0.00000000	     -0.11073974	     -0.06822383	      0.17725659	     -0.88899834	     -0.33996183	     -0.23134655	     -0.28047590	     -0.41438764	     -0.00000000	      0.67216421	     -0.00799145	      0.00000000	      0.00000000	     -0.00000000	      0.15588524	     -0.00000000	     -0.13214201	      0.00000000	    230.81459985	      0.00000000	     -0.00000000	     -0.00000000	      0.00000000	      0.00000000	      0.00000000	     -0.00000000
      1.72000000	      0.00000000	      0.00000000	      0.00000000	      0.00000000	      0.00000000	      0.00000000	      0.00000000	      0.00000000	      0.00000000	      0.00000000	      0.00000000	      0.00000000	      0.00000000	      0.00000000	      0.00000000	      0.00000000	      0.00000000	      0.00000000	      0.00000000	      0.00000000	      0.00000000	      0.00000000	      0.00000000	      0.00000000	      0.00000000	      0.00000000	      0.00000000	      0.00000000	      0.00000000	      0.00000000	      0.00000000	      0.00000000	      0.00000000	      0.00000000	      0.00000000	      0.00000000	      0.00000000	      0.00000000	      0.00000000	      0.00000000	      0.30242646	      0.00000000	      0.18443605	    130.67068748	      0.21797245	      0.20394747	      1.13687827	     -0.00000000	     -0.00000000	     -0.00000000	      0.00000000	     -0.00000000	     -0.00000000	      0.00000000	     -0.11169674	     -0.06807638	      0.17830571	     -0.89451689	     -0.34484134	     -0.23827388	     -0.28417126	     -0.42057921	     -0.00000000	      0.65063849	     -0.00895386	     -0.00000000	     -0.00000000	     -0.00000000	      0.15601752	     -0.00000000	     -0.13128986	      0.00000000	    227.90666857	      0.00000000	     -0.00000000	      0.00000000	      0.00000000	     -0.00000000	     -0.00000000	     -0.00000000
      1.72500000	      0.00000000	      0.00000000	      0.00000000	      0.00000000	      0.00000000	      0.00000000	      0.00000000	      0.00000000	      0.00000000	      0.00000000	      0.00000000	      0.00000000	      0.00000000	      0.00000000	      0.00000000	      0.00000000	      0.00000000	      0.00000000	      0.00000000	      0.00000000	      0.00000000	      0.00000000	      0.00000000	      0.00000000	      0.00000000	      0.00000000	      0.00000000	      0.00000000	      0.00000000	      0.00000000	      0.00000000	      0.00000000	      0.00000000	      0.00000000	      0.00000000	      0.00000000	      0.00000000	      0.00000000	      0.00000000	      0.00000000	      0.29238264	      0.00000000	      0.18180978	    128.39991145	      0.21242487	      0.19810721	      0.39331770	     -0.00000000	      0.00000000	     -0.00000000	      0.00000000	      0.00000000	     -0.00000000	      0.00000000	     -0.11243816	     -0.06762902	      0.17793148	     -0.90330990	     -0.35099432	     -0.24453012	     -0.28924892	     -0.42848862	     -0.00000000	      0.62970009	     -0.00991200	     -0.00000000	     -0.00000000	     -0.00000000	      0.15615200	     -0.00000000	     -0.13050947	      0.00000000	    224.95274135	     -0.00000000	     -0.00000000	     -0.00000000	     -0.00000000	     -0.00000000	      0.00000000	      0.00000000
      1.73000000	      0.00000000	      0.00000000	      0.00000000	      0.00000000	      0.00000000	      0.00000000	      0.00000000	      0.00000000	      0.00000000	      0.00000000	      0.00000000	      0.00000000	      0.00000000	      0.00000000	      0.00000000	      0.00000000	      0.00000000	      0.00000000	      0.00000000	      0.00000000	      0.00000000	      0.00000000	      0.00000000	      0.00000000	      0.00000000	      0.00000000	      0.00000000	      0.00000000	      0.00000000	      0.00000000	      0.00000000	      0.00000000	      0.00000000	      0.00000000	      0.00000000	      0.00000000	      0.00000000	      0.00000000	      0.00000000	      0.00000000	      0.28165919	      0.00000000	      0.17801180	    126.03922119	      0.20542816	      0.19127977	      0.00122964	      0.00000000	      0.00000000	      0.00000000	      0.00000000	     -0.00000000	     -0.00000000	      0.00000000	     -0.11290436	     -0.06681130	      0.17614601	     -0.91570461	     -0.35821308	     -0.24972812	     -0.29579685	     -0.43789058	     -0.00000000	      0.60924701	     -0.01089284	     -0.00000000	      0.00000000	     -0.00000000	      0.15630521	     -0.00000000	     -0.12977874	      0.00000000	    221.92775152	      0.00000000	     -0.00000000	      0.00000000	      0.00000000	      0.00000000	      0.00000000	      0.00000000
      1.73500000	      0.00000000	      0.00000000	      0.00000000	      0.00000000	      0.00000000	      0.00000000	      0.00000000	      0.00000000	      0.00000000	      0.00000000	      0.00000000	      0.00000000	      0.00000000	      0.00000000	      0.00000000	      0.00000000	      0.00000000	      0.00000000	      0.00000000	      0.00000000	      0.00000000	      0.00000000	      0.00000000	      0.00000000	      0.00000000	      0.00000000	      0.00000000	      0.00000000	      0.00000000	      0.00000000	      0.00000000	      0.00000000	      0.00000000	      0.00000000	      0.00000000	      0.00000000	      0.00000000	      0.00000000	      0.00000000	      0.00000000	      0.27078059	      0.00000000	      0.17324778	    123.55911153	      0.19737914	      0.18378759	      0.00000000	     -0.00000000	     -0.00000000	      0.00000000	      0.00000000	     -0.00000000	     -0.00000000	      0.00000000	     -0.11305140	     -0.06557272	      0.17306815	     -0.93183588	     -0.36620627	     -0.25357472	     -0.30367897	     -0.44838913	     -0.00000000	      0.58921922	     -0.01192057	      0.00000000	     -0.00000000	     -0.00000000	      0.15648651	     -0.00000000	     -0.12906464	      0.00000000	    218.80696744	     -0.00000000	     -0.00000000	     -0.00000000	      0.00000000	     -0.00000000	     -0.00000000	      0.00000000
      1.74000000	      0.00000000	      0.00000000	      0.00000000	      0.00000000	      0.00000000	      0.00000000	      0.00000000	      0.00000000	      0.00000000	      0.00000000	      0.00000000	      0.00000000	      0.00000000	      0.00000000	      0.00000000	      0.00000000	      0.00000000	      0.00000000	      0.00000000	      0.00000000	      0.00000000	      0.00000000	      0.00000000	      0.00000000	      0.00000000	      0.00000000	      0.00000000	      0.00000000	      0.00000000	      0.00000000	      0.00000000	      0.00000000	      0.00000000	      0.00000000	      0.00000000	      0.00000000	      0.00000000	      0.00000000	      0.00000000	      0.00000000	      0.26022916	      0.00000000	      0.16777422	    120.93594714	      0.18870332	      0.17598751	      0.00000000	      0.00000000	     -0.00000000	     -0.00000000	      0.00000000	     -0.00000000	     -0.00000000	      0.00000000	     -0.11285514	     -0.06388638	      0.16889931	     -0.95157621	     -0.37457510	     -0.25588279	     -0.31253477	     -0.45971632	     -0.00000000	      0.56959770	     -0.01301517	      0.00000000	     -0.00000000	     -0.00000000	      0.15669814	     -0.00000000	     -0.12832577	      0.00000000	    215.56743176	     -0.00000000	     -0.00000000	     -0.00000000	     -0.00000000	     -0.00000000	     -0.00000000	     -0.00000000
      1.74500000	      0.00000000	      0.00000000	      0.00000000	      0.00000000	      0.00000000	      0.00000000	      0.00000000	      0.00000000	      0.00000000	      0.00000000	      0.00000000	      0.00000000	      0.00000000	      0.00000000	      0.00000000	      0.00000000	      0.00000000	      0.00000000	      0.00000000	      0.00000000	      0.00000000	      0.00000000	      0.00000000	      0.00000000	      0.00000000	      0.00000000	      0.00000000	      0.00000000	      0.00000000	      0.00000000	      0.00000000	      0.00000000	      0.00000000	      0.00000000	      0.00000000	      0.00000000	      0.00000000	      0.00000000	      0.00000000	      0.00000000	      0.25040778	      0.00000000	      0.16186566	    118.15319528	      0.17980824	      0.16822812	      0.00000000	      0.00000000	     -0.00000000	      0.00000000	     -0.00000000	     -0.00000000	     -0.00000000	      0.00000000	     -0.11231686	     -0.06175125	      0.16389158	     -0.97422359	     -0.38289660	     -0.25653818	     -0.32201323	     -0.47185340	     -0.00000000	      0.55040060	     -0.01419179	      0.00000000	      0.00000000	     -0.00000000	      0.15693566	     -0.00000000	     -0.12751618	      0.00000000	    212.17582605	      0.00000000	     -0.00000000	     -0.00000000	     -0.00000000	      0.00000000	      0.00000000	      0.00000000
      1.75000000	      0.00000000	      0.00000000	      0.00000000	      0.00000000	      0.00000000	      0.00000000	      0.00000000	      0.00000000	      0.00000000	      0.00000000	      0.00000000	      0.00000000	      0.00000000	      0.00000000	      0.00000000	      0.00000000	      0.00000000	      0.00000000	      0.00000000	      0.00000000	      0.00000000	      0.00000000	      0.00000000	      0.00000000	      0.00000000	      0.00000000	      0.00000000	      0.00000000	      0.00000000	      0.00000000	      0.00000000	      0.00000000	      0.00000000	      0.00000000	      0.00000000	      0.00000000	      0.00000000	      0.00000000	      0.00000000	      0.00000000	      0.24162858	      0.00000000	      0.15578641	    115.20179391	      0.17105460	      0.16081475	      0.00000000	      0.00000000	     -0.00000000	      0.00000000	     -0.00000000	     -0.00000000	     -0.00000000	      0.00000000	     -0.11147090	     -0.05919251	      0.15831490	     -0.99856343	     -0.39078929	     -0.25546243	     -0.33198945	     -0.48489426	     -0.00000000	      0.53167729	     -0.01546065	     -0.00000000	     -0.00000000	     -0.00000000	      0.15718878	     -0.00000000	     -0.12658999	      0.00000000	    208.61895845	     -0.00000000	     -0.00000000	      0.00000000	      0.00000000	      0.00000000	      0.00000000	      0.00000000
      1.75500000	      0.00000000	      0.00000000	      0.00000000	      0.00000000	      0.00000000	      0.00000000	      0.00000000	      0.00000000	      0.00000000	      0.00000000	      0.00000000	      0.00000000	      0.00000000	      0.00000000	      0.00000000	      0.00000000	      0.00000000	      0.00000000	      0.00000000	      0.00000000	      0.00000000	      0.00000000	      0.00000000	      0.00000000	      0.00000000	      0.00000000	      0.00000000	      0.00000000	      0.00000000	      0.00000000	      0.00000000	      0.00000000	      0.00000000	      0.00000000	      0.00000000	      0.00000000	      0.00000000	      0.00000000	      0.00000000	      0.00000000	      0.23412170	      0.00000000	      0.14977107	    112.08077192	      0.16274476	      0.15399299	      0.00000000	      0.00000000	     -0.00000000	     -0.00000000	     -0.00000000	     -0.00000000	     -0.00000000	      0.00000000	     -0.11039664	     -0.05625958	      0.15242961	     -1.02355939	     -0.39793346	     -0.25259833	     -0.34249984	     -0.49891215	     -0.00000000	      0.51350114	     -0.01682768	      0.00000000	     -0.00000000	     -0.00000000	      0.15744259	     -0.00000000	     -0.12550616	      0.00000000	    204.90040960	      0.00000000	     -0.00000000	     -0.00000000	     -0.00000000	      0.00000000	      0.00000000	      0.00000000
      1.76000000	      0.00000000	      0.00000000	      0.00000000	      0.00000000	      0.00000000	      0.00000000	      0.00000000	      0.00000000	      0.00000000	      0.00000000	      0.00000000	      0.00000000	      0.00000000	      0.00000000	      0.00000000	      0.00000000	      0.00000000	      0.00000000	      0.00000000	      0.00000000	      0.00000000	      0.00000000	      0.00000000	      0.00000000	      0.00000000	      0.00000000	      0.00000000	      0.00000000	      0.00000000	      0.00000000	      0.00000000	      0.00000000	      0.00000000	      0.00000000	      0.00000000	      0.00000000	      0.00000000	      0.00000000	      0.00000000	      0.00000000	      0.22805427	      0.00000000	      0.14401522	    108.79776920	      0.15512386	      0.14795064	      0.00000000	      0.00000000	     -0.00000000	     -0.00000000	     -0.00000000	     -0.00000000	     -0.00000000	      0.00000000	     -0.10924278	     -0.05302179	      0.14646860	     -1.04875895	     -0.40405246	     -0.24792904	     -0.35359567	     -0.51391055	     -0.00000000	      0.49596195	     -0.01829514	      0.00000000	      0.00000000	     -0.00000000	      0.15767901	     -0.00000000	     -0.12423193	      0.00000000	    201.01509013	      0.00000000	     -0.00000000	      0.00000000	     -0.00000000	      0.00000000	     -0.00000000	     -0.00000000
      1.76500000	      0.00000000	      0.00000000	      0.00000000	      0.00000000	      0.00000000	      0.00000000	      0.00000000	      0.00000000	      0.00000000	      0.00000000	      0.00000000	      0.00000000	      0.00000000	      0.00000000	      0.00000000	      0.00000000	      0.00000000	      0.00000000	      0.00000000	      0.00000000	      0.00000000	      0.00000000	      0.00000000	      0.00000000	      0.00000000	      0.00000000	      0.00000000	      0.00000000	      0.00000000	      0.00000000	      0.00000000	      0.00000000	      0.00000000	      0.00000000	      0.00000000	      0.00000000	      0.00000000	      0.00000000	      0.00000000	      0.00000000	      0.22355197	      0.00000000	      0.13867433	    105.36603285	      0.14838720	      0.14283107	      0.00000000	      0.00000000	      0.00000000	     -0.00000000	      0.00000000	     -0.00000000	     -0.00000000	      0.00000000	     -0.10829838	     -0.04956226	      0.14062942	     -1.07404262	     -0.40888339	     -0.24153050	     -0.36527455	     -0.52981670	     -0.00000000	      0.47915930	     -0.01986265	      0.00000000	      0.00000000	     -0.00000000	      0.15787857	     -0.00000000	     -0.12274471	      0.00000000	    196.96377602	     -0.00000000	     -0.00000000	      0.00000000	     -0.00000000	      0.00000000	     -0.00000000	      0.00000000
      1.77000000	      0.00000000	      0.00000000	      0.00000000	      0.00000000	      0.00000000	      0.00000000	      0.00000000	      0.00000000	      0.00000000	      0.00000000	      0.00000000	      0.00000000	      0.00000000	      0.00000000	      0.00000000	      0.00000000	      0.00000000	      0.00000000	      0.00000000	      0.00000000	      0.00000000	      0.00000000	      0.00000000	      0.00000000	      0.00000000	      0.00000000	      0.00000000	      0.00000000	      0.00000000	      0.00000000	      0.00000000	      0.00000000	      0.00000000	      0.00000000	      0.00000000	      0.00000000	      0.00000000	      0.00000000	      0.00000000	      0.00000000	      0.22071943	      0.00000000	      0.13386765	    101.80645566	      0.14268953	      0.13874966	      0.00000000	      0.00000000	      0.00000000	      0.00000000	      0.00000000	      0.00000000	     -0.00000000	      0.00000000	     -0.10835106	     -0.04597105	      0.13507356	     -1.09927314	     -0.41215844	     -0.23363363	     -0.37746864	     -0.54648588	     -0.00000000	      0.46319711	     -0.02153366	      0.00000000	     -0.00000000	     -0.00000000	      0.15802220	     -0.00000000	     -0.12103238	      0.00000000	    192.75352715	      0.00000000	     -0.00000000	      0.00000000	      0.00000000	      0.00000000	     -0.00000000	      0.00000000
      1.77500000	      0.00000000	      0.00000000	      0.00000000	      0.00000000	      0.00000000	      0.00000000	      0.00000000	      0.00000000	      0.00000000	      0.00000000	      0.00000000	      0.00000000	      0.00000000	      0.00000000	      0.00000000	      0.00000000	      0.00000000	      0.00000000	      0.00000000	      0.00000000	      0.00000000	      0.00000000	      0.00000000	      0.00000000	      0.00000000	      0.00000000	      0.00000000	      0.00000000	      0.00000000	      0.00000000	      0.00000000	      0.00000000	      0.00000000	      0.00000000	      0.00000000	      0.00000000	      0.00000000	      0.00000000	      0.00000000	      0.00000000	      0.21965800	      0.00000000	      0.12968376	     98.14485050	      0.13815319	      0.13580841	      0.00000000	     -0.00000000	     -0.00000000	     -0.00000000	     -0.00000000	     -0.00000000	     -0.00000000	      0.00000000	     -0.05393541	     -0.04233849	      0.12992922	     -1.12415330	     -0.41360154	     -0.22463341	     -0.39005083	     -0.56370574	     -0.00000000	      0.44817945	     -0.02332729	     -0.00000000	      0.00000000	     -0.00000000	      0.15809310	     -0.00000000	     -0.11909284	      0.00000000	    188.39798724	     -0.00000000	     -0.00000000	      0.00000000	     -0.00000000	     -0.00000000	      0.00000000	      0.00000000
      1.78000000	      0.00000000	      0.00000000	      0.00000000	      0.00000000	      0.00000000	      0.00000000	      0.00000000	      0.00000000	      0.00000000	      0.00000000	      0.00000000	      0.00000000	      0.00000000	      0.00000000	      0.00000000	      0.00000000	      0.00000000	      0.00000000	      0.00000000	      0.00000000	      0.00000000	      0.00000000	      0.00000000	      0.00000000	      0.00000000	      0.00000000	      0.00000000	      0.00000000	      0.00000000	      0.00000000	      0.00000000	      0.00000000	      0.00000000	      0.00000000	      0.00000000	      0.00000000	      0.00000000	      0.00000000	      0.00000000	      0.00000000	      0.22048204	      0.00000000	      0.12618604	     94.41128944	      0.13487453	      0.13410724	      0.00000000	     -0.00000000	      0.00000000	      0.00000000	      0.00000000	      0.00000000	     -0.00000000	      0.00000000	     -0.05078828	     -0.03874975	      0.12529478	     -1.14821077	     -0.41294098	     -0.21497212	     -0.40284307	     -0.58119806	     -0.00000000	      0.43420780	     -0.02529449	     -0.00000000	      0.00000000	     -0.00000000	      0.15807841	     -0.00000000	     -0.11693350	      0.00000000	    183.91761733	      0.00000000	     -0.00000000	      0.00000000	      0.00000000	     -0.00000000	     -0.00000000	     -0.00000000
      1.78500000	      0.00000000	      0.00000000	      0.00000000	      0.00000000	      0.00000000	      0.00000000	      0.00000000	      0.00000000	      0.00000000	      0.00000000	      0.00000000	      0.00000000	      0.00000000	      0.00000000	      0.00000000	      0.00000000	      0.00000000	      0.00000000	      0.00000000	      0.00000000	      0.00000000	      0.00000000	      0.00000000	      0.00000000	      0.00000000	      0.00000000	      0.00000000	      0.00000000	      0.00000000	      0.00000000	      0.00000000	      0.00000000	      0.00000000	      0.00000000	      0.00000000	      0.00000000	      0.00000000	      0.00000000	      0.00000000	      0.00000000	      0.22333568	      0.00000000	      0.12341717	     90.63867361	      0.13292887	      0.13375303	      0.00000000	      0.00000000	     -0.00000000	     -0.00000000	     -0.00000000	      0.00000000	     -0.00000000	      0.00000000	     -0.04765876	     -0.03528093	      0.12124165	     -1.17081477	     -0.40994399	     -0.20509223	     -0.41562266	     -0.59861840	     -0.00000000	      0.42137896	     -0.02751915	     -0.00000000	     -0.00000000	     -0.00000000	      0.15797073	     -0.00000000	     -0.11457092	      0.00000000	    179.33976437	     -0.00000000	     -0.00660691	      0.00000000	     -0.00000000	     -0.00000000	     -0.00000000	      0.00000000
      1.79000000	      0.00000000	      0.00000000	      0.00000000	      0.00000000	      0.00000000	      0.00000000	      0.00000000	      0.00000000	      0.00000000	      0.00000000	      0.00000000	      0.00000000	      0.00000000	      0.00000000	      0.00000000	      0.00000000	      0.00000000	      0.00000000	      0.00000000	      0.00000000	      0.00000000	      0.00000000	      0.00000000	      0.00000000	      0.00000000	      0.00000000	      0.00000000	      0.00000000	      0.00000000	      0.00000000	      0.00000000	      0.00000000	      0.00000000	      0.00000000	      0.00000000	      0.00000000	      0.00000000	      0.00000000	      0.00000000	      0.00000000	      0.22841118	      0.00000000	      0.12140248	     86.86178697	      0.13237490	      0.13486755	      0.00000000	      0.00000000	      0.00000000	      0.00000000	      0.00000000	      0.00000000	     -0.00000000	      0.00000000	     -0.04462830	     -0.03199698	      0.11781610	     -1.19118438	     -0.40448085	     -0.19541854	     -0.42812554	     -0.61555467	     -0.00000000	      0.40978331	     -0.03007334	     -0.00000000	      0.00000000	     -0.00000000	      0.15776941	     -0.00000000	     -0.11203065	      0.00000000	    174.69853226	     -0.00000000	     -0.23446390	      0.00000000	      0.00000000	      0.00000000	      0.00000000	      0.00000000
      1.79500000	      0.00000000	      0.00000000	      0.00000000	      0.00000000	      0.00000000	      0.00000000	      0.00000000	      0.00000000	      0.00000000	      0.00000000	      0.00000000	      0.00000000	      0.00000000	      0.00000000	      0.00000000	      0.00000000	      0.00000000	      0.00000000	      0.00000000	      0.00000000	      0.00000000	      0.00000000	      0.00000000	      0.00000000	      0.00000000	      0.00000000	      0.00000000	      0.00000000	      0.00000000	      0.00000000	      0.00000000	      0.00000000	      0.00000000	      0.00000000	      0.00000000	      0.00000000	      0.00000000	      0.00000000	      0.00000000	      0.00000000	      0.23596802	      0.00000000	      0.12015242	     83.11661524	      0.13325909	      0.13759528	      0.00000000	     -0.00000000	      0.00000000	     -0.00000000	     -0.00000000	      0.00000000	     -0.00000000	      0.00000000	     -0.04176735	     -0.02895101	      0.11504063	     -1.20836896	     -0.39659707	     -0.18630802	     -0.44004703	     -0.63152565	     -0.00000000	      0.39950287	     -0.03299753	     -0.00000000	     -0.00000000	     -0.00000000	      0.15748137	     -0.00000000	     -0.10934706	      0.00000000	    170.03437218	      0.00000000	     -0.60639255	      0.00000000	      0.00000000	     -0.00000000	      0.00000000	     -0.00000000
      1.80000000	      0.00000000	      0.00000000	      0.00000000	      0.00000000	      0.00000000	      0.00000000	      0.00000000	      0.00000000	      0.00000000	      0.00000000	      0.00000000	      0.00000000	      0.00000000	      0.00000000	      0.00000000	      0.00000000	      0.00000000	      0.00000000	      0.00000000	      0.00000000	      0.00000000	      0.00000000	      0.00000000	      0.00000000	      0.00000000	      0.00000000	      0.00000000	      0.00000000	      0.00000000	      0.00000000	      0.00000000	      0.00000000	      0.00000000	      0.00000000	      0.00000000	      0.00000000	      0.00000000	      0.00000000	      0.00000000	      0.00000000	      0.24634787	      0.00000000	      0.11966435	     79.43765673	      0.13562151	      0.14211135	      0.00000000	     -0.00000000	      0.00000000	      0.00000000	     -0.00000000	      0.00000000	     -0.00000000	      0.00000000	     -0.03913365	     -0.02618476	      0.11291548	     -1.22117746	     -0.38651915	     -0.17801323	     -0.45103921	     -0.64597808	     -0.00000000	      0.39060861	     -0.03634946	     -0.00000000	      0.00000000	     -0.00000000	      0.15712157	     -0.00000000	     -0.10656304	      0.00000000	    165.39330608	      0.00000000	     -1.00108972	      0.00000000	      0.00000000	     -0.00000000	     -0.00000000	      0.00000000
      1.80500000	      0.00000000	      0.00000000	      0.00000000	      0.00000000	      0.00000000	      0.00000000	      0.00000000	      0.00000000	      0.00000000	      0.00000000	      0.00000000	      0.00000000	      0.00000000	      0.00000000	      0.00000000	      0.00000000	      0.00000000	      0.00000000	      0.00000000	      0.00000000	      0.00000000	      0.00000000	      0.00000000	      0.00000000	      0.00000000	      0.00000000	      0.00000000	      0.00000000	      0.00000000	      0.00000000	      0.00000000	      0.00000000	      0.00000000	      0.00000000	      0.00000000	      0.00000000	      0.00000000	      0.00000000	      0.00000000	      0.00000000	      0.25996828	      0.00000000	      0.11992423	     75.85928524	      0.13950380	      0.14862578	      0.00000000	      0.00000000	      0.00000000	      0.00000000	     -0.00000000	      0.00000000	     -0.00000000	      0.00000000	     -0.03677197	     -0.02372946	      0.11142080	     -1.22803556	     -0.37449292	     -0.17067039	     -0.46070188	     -0.65827582	     -0.00000000	      0.38315728	     -0.04019277	      0.00000000	      0.00000000	     -0.00000000	      0.15671280	     -0.00000000	     -0.10372912	      0.00000000	    160.81139293	     -0.00000000	     -1.39485286	      0.00000000	      0.00000000	     -0.00000000	     -0.00000000	     -0.00000000
      1.81000000	      0.00000000	      0.00000000	      0.00000000	      0.00000000	      0.00000000	      0.00000000	      0.00000000	      0.00000000	      0.00000000	      0.00000000	      0.00000000	      0.00000000	      0.00000000	      0.00000000	      0.00000000	      0.00000000	      0.00000000	      0.00000000	      0.00000000	      0.00000000	      0.00000000	      0.00000000	      0.00000000	      0.00000000	      0.00000000	      0.00000000	      0.00000000	      0.00000000	      0.00000000	      0.00000000	      0.00000000	      0.00000000	      0.00000000	      0.00000000	      0.00000000	      0.00000000	      0.00000000	      0.00000000	      0.00000000	      0.00000000	      0.27725015	      0.00000000	      0.12090821	     72.41050888	      0.14495895	      0.15737032	      0.00000000	     -0.00000000	      0.00000000	     -0.00000000	      0.00000000	      0.00000000	     -0.00000000	      0.00000000	     -0.03471462	     -0.02160680	      0.11051962	     -1.22691377	     -0.36073200	     -0.16430991	     -0.46855739	     -0.66766045	     -0.00000000	      0.37718841	     -0.04448444	      0.00000000	      0.00000000	     -0.00000000	      0.15628498	     -0.00000000	     -0.10090227	      0.00000000	    156.33667441	     -0.00000000	     -1.78258189	      0.00000000	      0.00000000	      0.00000000	     -0.00000000	     -0.00000000
      1.81500000	      0.00000000	      0.00000000	      0.00000000	      0.00000000	      0.00000000	      0.00000000	      0.00000000	      0.00000000	      0.00000000	      0.00000000	      0.00000000	      0.00000000	      0.00000000	      0.00000000	      0.00000000	      0.00000000	      0.00000000	      0.00000000	      0.00000000	      0.00000000	      0.00000000	      0.00000000	      0.00000000	      0.00000000	      0.00000000	      0.00000000	      0.00000000	      0.00000000	      0.00000000	      0.00000000	      0.00000000	      0.00000000	      0.00000000	      0.00000000	      0.00000000	      0.00000000	      0.00000000	      0.00000000	      0.00000000	      0.00000000	      0.29841337	      0.00000000	      0.12258443	     69.11894633	      0.15206110	      0.16853619	      0.00000000	     -0.00000000	      0.00000000	      0.00000000	      0.00000000	      0.00000000	     -0.00000000	      0.00000000	     -0.03298236	     -0.01982972	      0.11016180	     -1.21621716	     -0.34546091	     -0.15887881	     -0.47398528	     -0.67313549	     -0.00000000	      0.37272246	     -0.04909152	     -0.00000000	      0.00000000	     -0.00000000	      0.15587377	     -0.00000000	     -0.09814399	      0.00000000	    152.03914917	      0.00000000	     -2.16176219	      0.00000000	      0.00000000	     -0.00000000	     -0.00000000	     -0.00000000
      1.82000000	      0.00000000	      0.00000000	      0.00000000	      0.00000000	      0.00000000	      0.00000000	      0.00000000	      0.00000000	      0.00000000	      0.00000000	      0.00000000	      0.00000000	      0.00000000	      0.00000000	      0.00000000	      0.00000000	      0.00000000	      0.00000000	      0.00000000	      0.00000000	      0.00000000	      0.00000000	      0.00000000	      0.00000000	      0.00000000	      0.00000000	      0.00000000	      0.00000000	      0.00000000	      0.00000000	      0.00000000	      0.00000000	      0.00000000	      0.00000000	      0.00000000	      0.00000000	      0.00000000	      0.00000000	      0.00000000	      0.00000000	      0.32316827	      0.00000000	      0.12491498	     66.00655488	      0.16091287	      0.18213213	      0.00000000	     -0.00000000	     -0.00000000	      0.00000000	     -0.00000000	     -0.00000000	     -0.00000000	      0.00000000	     -0.03158529	     -0.01840288	      0.11028861	     -1.19687304	     -0.32888729	     -0.15426468	     -0.47608968	     -0.67327945	     -0.00000000	      0.36976144	     -0.05390415	      0.00000000	     -0.00000000	     -0.00000000	      0.15551831	     -0.00000000	     -0.09551797	      0.00000000	    147.97236017	      0.00000000	     -2.52354753	     -0.00000000	      0.00000000	     -0.00000000	     -0.00000000	     -0.00000000
      1.82500000	      0.00000000	      0.00000000	      0.00000000	      0.00000000	      0.00000000	      0.00000000	      0.00000000	      0.00000000	      0.00000000	      0.00000000	      0.00000000	      0.00000000	      0.00000000	      0.00000000	      0.00000000	      0.00000000	      0.00000000	      0.00000000	      0.00000000	      0.00000000	      0.00000000	      0.00000000	      0.00000000	      0.00000000	      0.00000000	      0.00000000	      0.00000000	      0.00000000	      0.00000000	      0.00000000	      0.00000000	      0.00000000	      0.00000000	      0.00000000	      0.00000000	      0.00000000	      0.00000000	      0.00000000	      0.00000000	      0.00000000	      0.35058266	      0.00000000	      0.12785730	     63.09112619	      0.17164449	      0.19782239	      0.00000000	     -0.00000000	     -0.00000000	      0.00000000	      0.00000000	     -0.00000000	     -0.00000000	      0.00000000	     -0.03052363	     -0.01732281	      0.11083805	     -1.17081801	     -0.31116872	     -0.15031637	     -0.47375700	     -0.66694776	     -0.00000000	      0.36829160	     -0.05887211	      0.00000000	     -0.00000000	     -0.00000000	      0.15525821	     -0.00000000	     -0.09308749	      0.00000000	    144.18652388	     -0.00000000	     -2.85422250	     -0.00000000	     -0.00000000	      0.00000000	      0.00000000	     -0.00000000
      1.83000000	      0.00000000	      0.00000000	      0.00000000	      0.00000000	      0.00000000	      0.00000000	      0.00000000	      0.00000000	      0.00000000	      0.00000000	      0.00000000	      0.00000000	      0.00000000	      0.00000000	      0.00000000	      0.00000000	      0.00000000	      0.00000000	      0.00000000	      0.00000000	      0.00000000	      0.00000000	      0.00000000	      0.00000000	      0.00000000	      0.00000000	      0.00000000	      0.00000000	      0.00000000	      0.00000000	      0.00000000	      0.00000000	      0.00000000	      0.00000000	      0.00000000	      0.00000000	      0.00000000	      0.00000000	      0.00000000	      0.00000000	      0.37811021	      0.00000000	      0.13136099	     60.38460443	      0.18438923	      0.21492835	      0.00000000	     -0.00000000	      0.00000000	      0.00000000	      0.00000000	      0.00000000	     -0.00000000	      0.00000000	     -0.02978824	     -0.01657796	      0.11174989	     -1.13934895	     -0.29238772	     -0.14686142	     -0.46702298	     -0.65546113	     -0.00000000	      0.36828727	     -0.06396875	      0.00000000	      0.00000000	     -0.00000000	      0.15512985	     -0.00000000	     -0.09091254	      0.00000000	    140.72641022	     -0.00000000	     -3.14412570	      0.00000000	     -0.00000000	      0.00000000	      0.00000000	     -0.00000000
      1.83500000	      0.00000000	      0.00000000	      0.00000000	      0.00000000	      0.00000000	      0.00000000	      0.00000000	      0.00000000	      0.00000000	      0.00000000	      0.00000000	      0.00000000	      0.00000000	      0.00000000	      0.00000000	      0.00000000	      0.00000000	      0.00000000	      0.00000000	      0.00000000	      0.00000000	      0.00000000	      0.00000000	      0.00000000	      0.00000000	      0.00000000	      0.00000000	      0.00000000	      0.00000000	      0.00000000	      0.00000000	      0.00000000	      0.00000000	      0.00000000	      0.00000000	      0.00000000	      0.00000000	      0.00000000	      0.00000000	      0.00000000	      0.40051287	      0.00000000	      0.13537919	     57.89219177	      0.19920535	      0.23181588	      0.00000000	     -0.00000000	     -0.00000000	     -0.00000000	     -0.00000000	     -0.00000000	     -0.00000000	      0.00000000	     -0.02936111	     -0.01614869	      0.11296956	     -1.10386575	     -0.27254581	     -0.14372146	     -0.45745016	     -0.64031884	     -0.00000000	      0.36971132	     -0.06917334	      0.00000000	     -0.00000000	     -0.00000000	      0.15516247	     -0.00000000	     -0.08904727	      0.00000000	    137.62945171	     -0.00000000	     -3.39006040	     -0.00000000	      0.00000000	      0.00000000	     -0.00000000	      0.00000000
      1.84000000	      0.00000000	      0.00000000	      0.00000000	      0.00000000	      0.00000000	      0.00000000	      0.00000000	      0.00000000	      0.00000000	      0.00000000	      0.00000000	      0.00000000	      0.00000000	      0.00000000	      0.00000000	      0.00000000	      0.00000000	      0.00000000	      0.00000000	      0.00000000	      0.00000000	      0.00000000	      0.00000000	      0.00000000	      0.00000000	      0.00000000	      0.00000000	      0.00000000	      0.00000000	      0.00000000	      0.00000000	      0.00000000	      0.00000000	      0.00000000	      0.00000000	      0.00000000	      0.00000000	      0.00000000	      0.00000000	      0.00000000	      0.41691991	      0.00000000	      0.13985545	     55.61558553	      0.21593323	      0.24584727	      0.00000000	     -0.00000000	      0.00000000	     -0.00000000	      0.00000000	      0.00000000	     -0.00000000	      0.00000000	     -0.02921579	     -0.01600756	      0.11445022	     -1.06529981	     -0.25157804	     -0.14072708	     -0.44590745	     -0.62240331	     -0.00000000	      0.37246807	     -0.07447307	      0.00000000	      0.00000000	     -0.00000000	      0.15537437	     -0.00000000	     -0.08753752	      0.00000000	    134.92418525	      0.00000000	     -3.59401323	      0.00000000	      0.00000000	     -0.00000000	      0.00000000	     -0.00000000
      1.84500000	      0.00000000	      0.00000000	      0.00000000	      0.00000000	      0.00000000	      0.00000000	      0.00000000	      0.00000000	      0.00000000	      0.00000000	      0.00000000	      0.00000000	      0.00000000	      0.00000000	      0.00000000	      0.00000000	      0.00000000	      0.00000000	      0.00000000	      0.00000000	      0.00000000	      0.00000000	      0.00000000	      0.00000000	      0.00000000	      0.00000000	      0.00000000	      0.00000000	      0.00000000	      0.00000000	      0.00000000	      0.00000000	      0.00000000	      0.00000000	      0.00000000	      0.00000000	      0.00000000	      0.00000000	      0.00000000	      0.00000000	      0.42943780	      0.00000000	      0.14472348	     53.55106923	      0.23407957	      0.25682799	      0.00000000	      0.00000000	     -0.00000000	     -0.00000000	     -0.00000000	     -0.00000000	     -0.00000000	      0.00000000	     -0.02931833	     -0.01612009	      0.11615312	     -1.02400051	     -0.22938009	     -0.13773194	     -0.43304727	     -0.60234497	     -0.00000000	      0.37640389	     -0.07986458	     -0.00000000	     -0.00000000	     -0.00000000	      0.15576987	     -0.00000000	     -0.08641890	      0.00000000	    132.62909249	     -0.00000000	     -3.75939649	      0.00000000	     -0.00000000	      0.00000000	     -0.00000000	      0.00000000
      1.85000000	      0.00000000	      0.00000000	      0.00000000	      0.00000000	      0.00000000	      0.00000000	      0.00000000	      0.00000000	      0.00000000	      0.00000000	      0.00000000	      0.00000000	      0.00000000	      0.00000000	      0.00000000	      0.00000000	      0.00000000	      0.00000000	      0.00000000	      0.00000000	      0.00000000	      0.00000000	      0.00000000	      0.00000000	      0.00000000	      0.00000000	      0.00000000	      0.00000000	      0.00000000	      0.00000000	      0.00000000	      0.00000000	      0.00000000	      0.00000000	      0.00000000	      0.00000000	      0.00000000	      0.00000000	      0.00000000	      0.00000000	      0.43956401	      0.00000000	      0.14990335	     51.69026877	      0.25277439	      0.26583698	      0.00000000	      0.00000000	      0.00000000	     -0.00000000	      0.00000000	      0.00000000	     -0.00000000	      0.00000000	     -0.02962870	     -0.01644615	      0.11804624	     -0.98009092	     -0.20585021	     -0.13462443	     -0.41926109	     -0.58042385	     -0.00000000	      0.38138322	     -0.08535452	      0.00000000	      0.00000000	     -0.00000000	      0.15633742	     -0.00000000	     -0.08571523	      0.00000000	    130.75186216	      0.00000000	     -3.88863011	     -0.00000000	     -0.00000000	     -0.00000000	     -0.00000000	     -0.00000000
      1.85500000	      0.00000000	      0.00000000	      0.00000000	      0.00000000	      0.00000000	      0.00000000	      0.00000000	      0.00000000	      0.00000000	      0.00000000	      0.00000000	      0.00000000	      0.00000000	      0.00000000	      0.00000000	      0.00000000	      0.00000000	      0.00000000	      0.00000000	      0.00000000	      0.00000000	      0.00000000	      0.00000000	      0.00000000	      0.00000000	      0.00000000	      0.00000000	      0.00000000	      0.00000000	      0.00000000	      0.00000000	      0.00000000	      0.00000000	      0.00000000	      0.00000000	      0.00000000	      0.00000000	      0.00000000	      0.00000000	      0.00000000	      0.44802924	      0.00000000	      0.15529895	     50.02292217	      0.27113855	      0.27359964	      0.00000000	      0.00000000	     -0.00000000	      0.00000000	      0.00000000	     -0.00000000	     -0.00000000	      0.00000000	     -0.03010275	     -0.01694185	      0.12010167	     -0.93375921	     -0.18132160	     -0.13133499	     -0.40471425	     -0.55684321	     -0.00000000	      0.38732437	     -0.09095920	     -0.00000000	      0.00000000	     -0.00000000	      0.15704925	     -0.00000000	     -0.08543755	      0.00000000	    129.28909464	      0.00000000	     -3.98380400	      0.00000000	      0.00000000	      0.00000000	      0.00000000	      0.00000000
      1.86000000	      0.00000000	      0.00000000	      0.00000000	      0.00000000	      0.00000000	      0.00000000	      0.00000000	      0.00000000	      0.00000000	      0.00000000	      0.00000000	      0.00000000	      0.00000000	      0.00000000	      0.00000000	      0.00000000	      0.00000000	      0.00000000	      0.00000000	      0.00000000	      0.00000000	      0.00000000	      0.00000000	      0.00000000	      0.00000000	      0.00000000	      0.00000000	      0.00000000	      0.00000000	      0.00000000	      0.00000000	      0.00000000	      0.00000000	      0.00000000	      0.00000000	      0.00000000	      0.00000000	      0.00000000	      0.00000000	      0.00000000	      0.45516419	      0.00000000	      0.16101569	     48.53381004	      0.28806002	      0.28043991	      0.00000000	      0.00000000	      0.00000000	      0.00000000	      0.00000000	     -0.00000000	     -0.00000000	      0.00000000	     -0.03069468	     -0.01756182	      0.12229256	     -0.88534949	     -0.15761836	     -0.12783816	     -0.38953001	     -0.53190307	     -0.00000000	      0.39418707	     -0.09670314	     -0.00000000	      0.00000000	     -0.00000000	      0.15786269	     -0.00000000	     -0.08558359	      0.00000000	    128.22643332	      0.00000000	     -4.04744248	      0.00000000	      0.00000000	      0.00000000	      0.00000000	     -0.00000000
      1.86500000	      0.00000000	      0.00000000	      0.00000000	      0.00000000	      0.00000000	      0.00000000	      0.00000000	      0.00000000	      0.00000000	      0.00000000	      0.00000000	      0.00000000	      0.00000000	      0.00000000	      0.00000000	      0.00000000	      0.00000000	      0.00000000	      0.00000000	      0.00000000	      0.00000000	      0.00000000	      0.00000000	      0.00000000	      0.00000000	      0.00000000	      0.00000000	      0.00000000	      0.00000000	      0.00000000	      0.00000000	      0.00000000	      0.00000000	      0.00000000	      0.00000000	      0.00000000	      0.00000000	      0.00000000	      0.00000000	      0.00000000	      0.46110873	      0.00000000	      0.16656033	     47.20605715	      0.30216082	      0.28646451	      0.00000000	     -0.00000000	     -0.00000000	     -0.00000000	     -0.00000000	      0.00000000	     -0.00000000	      0.00000000	     -0.03135972	     -0.01826163	      0.12459060	     -0.83534355	     -0.13761282	     -0.12414942	     -0.37388344	     -0.50600969	     -0.00000000	      0.40193675	     -0.10261683	     -0.00000000	     -0.00000000	     -0.00000000	      0.15872303	     -0.00000000	     -0.08613789	      0.00000000	    127.60676448	      0.00000000	     -4.08283828	     -0.00000000	     -0.00000000	     -0.00000000	      0.00000000	     -0.00000000
      1.87000000	      0.00000000	      0.00000000	      0.00000000	      0.00000000	      0.00000000	      0.00000000	      0.00000000	      0.00000000	      0.00000000	      0.00000000	      0.00000000	      0.00000000	      0.00000000	      0.00000000	      0.00000000	      0.00000000	      0.00000000	      0.00000000	      0.00000000	      0.00000000	      0.00000000	      0.00000000	      0.00000000	      0.00000000	      0.00000000	      0.00000000	      0.00000000	      0.00000000	      0.00000000	      0.00000000	      0.00000000	      0.00000000	      0.00000000	      0.00000000	      0.00000000	      0.00000000	      0.00000000	      0.00000000	      0.00000000	      0.00000000	      0.46591268	      0.00000000	      0.17196184	     46.02166718	      0.31325442	      0.29167527	      0.00000000	      0.00000000	     -0.00000000	     -0.00000000	     -0.00000000	     -0.00000000	     -0.00000000	      0.00000000	     -0.03205671	     -0.01900016	      0.12696472	     -0.78430894	     -0.12259226	     -0.12031821	     -0.35800551	     -0.47962557	     -0.00000000	      0.41051781	     -0.10873389	     -0.00000000	     -0.00000000	     -0.00000000	      0.15956766	     -0.00000000	     -0.08707239	      0.00000000	    127.26317252	     -0.00000000	     -4.09399839	     -0.00000000	     -0.00000000	      0.00000000	      0.00000000	     -0.00000000
      1.87500000	      0.00000000	      0.00000000	      0.00000000	      0.00000000	      0.00000000	      0.00000000	      0.00000000	      0.00000000	      0.00000000	      0.00000000	      0.00000000	      0.00000000	      0.00000000	      0.00000000	      0.00000000	      0.00000000	      0.00000000	      0.00000000	      0.00000000	      0.00000000	      0.00000000	      0.00000000	      0.00000000	      0.00000000	      0.00000000	      0.00000000	      0.00000000	      0.00000000	      0.00000000	      0.00000000	      0.00000000	      0.00000000	      0.00000000	      0.00000000	      0.00000000	      0.00000000	      0.00000000	      0.00000000	      0.00000000	      0.00000000	      0.46958335	      0.00000000	      0.17708888	     44.96115318	      0.32195843	      0.29603062	      0.00000000	     -0.00000000	      0.00000000	      0.00000000	     -0.00000000	      0.00000000	     -0.00000000	      0.00000000	     -0.03275031	     -0.01974148	      0.12938140	     -0.73284596	     -0.11399480	     -0.11641906	     -0.34215636	     -0.45321577	     -0.00000000	      0.41984386	     -0.11508789	     -0.00000000	     -0.00000000	     -0.00000000	      0.16033088	     -0.00000000	     -0.08834777	      0.00000000	    127.22366232	      0.00000000	     -4.08539236	      0.00000000	     -0.00000000	     -0.00000000	     -0.00000000	     -0.00000000
      1.88000000	      0.00000000	      0.00000000	      0.00000000	      0.00000000	      0.00000000	      0.00000000	      0.00000000	      0.00000000	      0.00000000	      0.00000000	      0.00000000	      0.00000000	      0.00000000	      0.00000000	      0.00000000	      0.00000000	      0.00000000	      0.00000000	      0.00000000	      0.00000000	      0.00000000	      0.00000000	      0.00000000	      0.00000000	      0.00000000	      0.00000000	      0.00000000	      0.00000000	      0.00000000	      0.00000000	      0.00000000	      0.00000000	      0.00000000	      0.00000000	      0.00000000	      0.00000000	      0.00000000	      0.00000000	      0.00000000	      0.00000000	      0.47210071	      0.00000000	      0.18183503	     44.00457415	      0.32886489	      0.29948291	      0.00000000	     -0.00000000	     -0.00000000	     -0.00000000	     -0.00000000	     -0.00000000	     -0.00000000	      0.00000000	     -0.03341252	     -0.02045635	      0.13180669	     -0.68154599	     -0.11053672	     -0.11254239	     -0.32659764	     -0.42720720	     -0.00000000	      0.42979895	     -0.12170936	      0.00000000	      0.00000000	     -0.00000000	      0.16094877	     -0.00000000	     -0.08991527	      0.00000000	    127.43527698	     -0.00000000	     -4.06163830	     -0.00000000	     -0.00000000	      0.00000000	     -0.00000000	      0.00000000
      1.88500000	      0.00000000	      0.00000000	      0.00000000	      0.00000000	      0.00000000	      0.00000000	      0.00000000	      0.00000000	      0.00000000	      0.00000000	      0.00000000	      0.00000000	      0.00000000	      0.00000000	      0.00000000	      0.00000000	      0.00000000	      0.00000000	      0.00000000	      0.00000000	      0.00000000	      0.00000000	      0.00000000	      0.00000000	      0.00000000	      0.00000000	      0.00000000	      0.00000000	      0.00000000	      0.00000000	      0.00000000	      0.00000000	      0.00000000	      0.00000000	      0.00000000	      0.00000000	      0.00000000	      0.00000000	      0.00000000	      0.00000000	      0.47340227	      0.00000000	      0.18612325	     43.13339540	      0.33433979	      0.30200282	      0.00000000	      0.00000000	     -0.00000000	     -0.00000000	      0.00000000	      0.00000000	     -0.00000000	      0.00000000	     -0.03402339	     -0.02112293	      0.13420910	     -0.63097349	     -0.10869338	     -0.10878622	     -0.31157466	     -0.40196778	     -0.00000000	      0.44024062	     -0.12862226	      0.00000000	      0.00000000	     -0.00000000	      0.16136344	     -0.00000000	     -0.09171863	      0.00000000	    127.84580720	      0.00000000	     -4.02726369	      0.00000000	      0.00000000	      0.00000000	      0.00000000	      0.00000000
      1.89000000	      0.00000000	      0.00000000	      0.00000000	      0.00000000	      0.00000000	      0.00000000	      0.00000000	      0.00000000	      0.00000000	      0.00000000	      0.00000000	      0.00000000	      0.00000000	      0.00000000	      0.00000000	      0.00000000	      0.00000000	      0.00000000	      0.00000000	      0.00000000	      0.00000000	      0.00000000	      0.00000000	      0.00000000	      0.00000000	      0.00000000	      0.00000000	      0.00000000	      0.00000000	      0.00000000	      0.00000000	      0.00000000	      0.00000000	      0.00000000	      0.00000000	      0.00000000	      0.00000000	      0.00000000	      0.00000000	      0.00000000	      0.47334710	      2.76700742	      0.18986027	     42.32845832	      0.33862153	      0.30359345	      0.00000000	     -0.00000000	     -0.00000000	     -0.00000000	     -0.00000000	     -0.00000000	     -0.00000000	      0.00000000	     -0.03457113	     -0.02172712	      0.13656328	     -0.58164691	     -0.10757198	     -0.10524969	     -0.29730167	     -0.37779165	     -0.00000000	      0.45100825	     -0.13584337	     -0.00000000	     -0.00000000	     -0.00000000	      0.16152645	     -0.00000000	     -0.09369686	      0.00000000	    128.40095688	     -0.00000000	     -3.98650860	     -0.00000000	     -0.00000000	      0.00000000	     -0.00000000	      0.00000000
      1.89500000	      0.00000000	      0.00000000	      0.00000000	      0.00000000	      0.00000000	      0.00000000	      0.00000000	      0.00000000	      0.00000000	      0.00000000	      0.00000000	      0.00000000	      0.00000000	      0.00000000	      0.00000000	      0.00000000	      0.00000000	      0.00000000	      0.00000000	      0.00000000	      0.00000000	      0.00000000	      0.00000000	      0.00000000	      0.00000000	      0.00000000	      0.00000000	      0.00000000	      0.00000000	      0.00000000	      0.00000000	      0.00000000	      0.00000000	      0.00000000	      0.00000000	      0.00000000	      0.00000000	      0.00000000	      0.00000000	      0.00000000	      0.47181244	      7.76108791	      0.19302130	     41.57228935	      0.34207230	      0.30429180	      0.00000000	      0.00000000	      0.00000000	      0.00000000	     -0.00000000	     -0.00000000	     -0.00000000	      0.00000000	     -0.03505111	     -0.02226186	      0.13885243	     -0.53405254	     -0.10717413	     -0.10202815	     -0.28395977	     -0.35490555	     -0.00000000	      0.46193071	     -0.14337952	      0.00000000	     -0.00000000	     -0.00000000	      0.16140082	     -0.00000000	     -0.09578660	      0.00000000	    129.04669258	      0.00000000	     -3.94313074	      0.00000000	     -0.00000000	     -0.00000000	      0.00000000	     -0.00000000
      1.90000000	      0.00000000	      0.00000000	      0.00000000	      0.00000000	      0.00000000	      0.00000000	      0.00000000	      0.00000000	      0.00000000	      0.00000000	      0.00000000	      0.00000000	      0.00000000	      0.00000000	      0.00000000	      0.00000000	      0.00000000	      0.00000000	      0.00000000	      0.00000000	      0.00000000	      0.00000000	      0.00000000	      0.00000000	      0.00000000	      0.00000000	      0.00000000	      0.00000000	      0.00000000	      0.00000000	      0.00000000	      0.00000000	      0.00000000	      0.00000000	      0.00000000	      0.00000000	      0.00000000	      0.00000000	      0.00000000	      0.00000000	      0.46896229	     13.84877425	      0.19558056	     40.84901934	      0.34413490	      0.30416105	      0.00000000	      0.00000000	     -0.00000000	     -0.00000000	      0.00000000	      0.00000000	     -0.00000000	      0.00000000	     -0.03546459	     -0.02272615	      0.14106965	     -0.48865034	     -0.10749915	     -0.09920973	     -0.27169677	     -0.33347764	     -0.00000000	      0.47283141	     -0.15122637	     -0.00000000	     -0.00000000	     -0.00000000	      0.16096216	     -0.00000000	     -0.09792430	      0.00000000	    129.72544319	      0.00000000	     -3.90039056	      0.00000000	      0.00000000	      0.00000000	      0.00000000	     -0.00000000
      1.90500000	      0.00000000	      0.00000000	      0.00000000	      0.00000000	      0.00000000	      0.00000000	      0.00000000	      0.00000000	      0.00000000	      0.00000000	      0.00000000	      0.00000000	      0.00000000	      0.00000000	      0.00000000	      0.00000000	      0.00000000	      0.00000000	      0.00000000	      0.00000000	      0.00000000	      0.00000000	      0.00000000	      0.00000000	      0.00000000	      0.00000000	      0.00000000	      0.00000000	      0.00000000	      0.00000000	      0.00000000	      0.00000000	      0.00000000	      0.00000000	      0.00000000	      0.00000000	      0.00000000	      0.00000000	      0.00000000	      0.00000000	      0.46511257	     21.39422990	      0.19753355	     40.14461324	      0.34514602	      0.30327966	      0.00000000	     -0.00000000	     -0.00000000	      0.00000000	     -0.00000000	     -0.00000000	     -0.00000000	      0.00000000	     -0.03581722	     -0.02312379	      0.14321793	     -0.44586258	     -0.10853361	     -0.09687268	     -0.26062760	     -0.31362647	     -0.00000000	      0.48353201	     -0.15936885	     -0.00000000	      0.00000000	     -0.00000000	      0.16019864	     -0.00000000	     -0.10004831	      0.00000000	    130.39216708	     -0.00000000	     -3.86114057	     -0.00000000	     -0.00000000	     -0.00000000	      0.00000000	      0.00000000
      1.91000000	      0.00000000	      0.00000000	      0.00000000	      0.00000000	      0.00000000	      0.00000000	      0.00000000	      0.00000000	      0.00000000	      0.00000000	      0.00000000	      0.00000000	      0.00000000	      0.00000000	      0.00000000	      0.00000000	      0.00000000	      0.00000000	      0.00000000	      0.00000000	      0.00000000	      0.00000000	      0.00000000	      0.00000000	      0.00000000	      0.00000000	      0.00000000	      0.00000000	      0.00000000	      0.00000000	      0.00000000	      0.00000000	      0.00000000	      0.00000000	      0.00000000	      0.00000000	      0.00000000	      0.00000000	      0.00000000	      0.00000000	      0.46050352	     29.66070122	      0.19889499	     39.44635130	      0.34513873	      0.30173227	      0.00000000	     -0.00000000	     -0.00000000	     -0.00000000	     -0.00000000	     -0.00000000	     -0.00000000	      0.00000000	     -0.03611748	     -0.02346194	      0.14530972	     -0.40603529	     -0.11024708	     -0.09508289	     -0.25083109	     -0.29542286	     -0.00000000	      0.49386794	     -0.16778527	     -0.00000000	     -0.00000000	     -0.00000000	      0.15910973	     -0.00000000	     -0.10210207	      0.00000000	    131.01159273	     -0.00000000	     -3.82769966	     -0.00000000	     -0.00000000	     -0.00000000	     -0.00000000	     -0.00000000
      1.91500000	      0.00000000	      0.00000000	      0.00000000	      0.00000000	      0.00000000	      0.00000000	      0.00000000	      0.00000000	      0.00000000	      0.00000000	      0.00000000	      0.00000000	      0.00000000	      0.00000000	      0.00000000	      0.00000000	      0.00000000	      0.00000000	      0.00000000	      0.00000000	      0.00000000	      0.00000000	      0.00000000	      0.00000000	      0.00000000	      0.00000000	      0.00000000	      0.00000000	      0.00000000	      0.00000000	      0.00000000	      0.00000000	      0.00000000	      0.00000000	      0.00000000	      0.00000000	      0.00000000	      0.00000000	      0.00000000	      0.00000000	      0.45530323	     38.77909477	      0.19971674	     38.74436276	      0.34410433	      0.29960279	      0.00000000	     -0.00000000	     -0.00000000	      0.00000000	      0.00000000	     -0.00000000	     -0.00000000	      0.00000000	     -0.04759285	     -0.02374951	      0.14736259	     -0.36947018	     -0.11258469	     -0.09389202	     -0.24236532	     -0.27892090	     -0.00000000	      0.50367794	     -0.17644002	      0.00000000	      0.00000000	     -0.00000000	      0.15770542	     -0.00000000	     -0.10403311	      0.00000000	    131.53809866	     -0.00000000	     -3.80204255	      0.00000000	     -0.00000000	     -0.00000000	      0.00000000	      0.00000000
      1.92000000	      0.00000000	      0.00000000	      0.00000000	      0.00000000	      0.00000000	      0.00000000	      0.00000000	      0.00000000	      0.00000000	      0.00000000	      0.00000000	      0.00000000	      0.00000000	      0.00000000	      0.00000000	      0.00000000	      0.00000000	      0.00000000	      0.00000000	      0.00000000	      0.00000000	      0.00000000	      0.00000000	      0.00000000	      0.00000000	      0.00000000	      0.00000000	      0.00000000	      0.00000000	      0.00000000	      0.00000000	      0.00000000	      0.00000000	      0.00000000	      0.00000000	      0.00000000	      0.00000000	      0.00000000	      0.00000000	      0.00000000	      0.44964100	     47.51089952	      0.20005086	     38.03059245	      0.34208505	      0.29697174	      0.00000000	     -0.00000000	      0.00000000	      0.00000000	      0.00000000	      0.00000000	     -0.00000000	      0.00000000	     -0.04488769	     -0.02399613	      0.14939844	     -0.33642937	     -0.11546763	     -0.09333627	     -0.23525324	     -0.26414329	     -0.00000000	      0.51282804	     -0.18529343	     -0.00000000	      0.00000000	     -0.00000000	      0.15600367	     -0.00000000	     -0.10579712	      0.00000000	    131.94042275	     -0.00000000	     -3.78558915	      0.00000000	     -0.00000000	      0.00000000	     -0.00000000	      0.00000000
      1.92500000	      0.00000000	      0.00000000	      0.00000000	      0.00000000	      0.00000000	      0.00000000	      0.00000000	      0.00000000	      0.00000000	      0.00000000	      0.00000000	      0.00000000	      0.00000000	      0.00000000	      0.00000000	      0.00000000	      0.00000000	      0.00000000	      0.00000000	      0.00000000	      0.00000000	      0.00000000	      0.00000000	      0.00000000	      0.00000000	      0.00000000	      0.00000000	      0.00000000	      0.00000000	      0.00000000	      0.00000000	      0.00000000	      0.00000000	      0.00000000	      0.00000000	      0.00000000	      0.00000000	      0.00000000	      0.00000000	      0.00000000	      0.44362509	     55.72669069	      0.19995476	     37.29911631	      0.33910897	      0.29391441	      0.00000000	     -0.00000000	      0.00000000	      0.00000000	     -0.00000000	     -0.00000000	     -0.00000000	      0.00000000	     -0.04338967	     -0.02421105	      0.15143966	     -0.30865000	     -0.11883230	     -0.09343610	     -0.22948556	     -0.25109548	     -0.00000000	      0.52120366	     -0.19430015	      0.00000000	     -0.00000000	     -0.00000000	      0.15402865	     -0.00000000	     -0.10735724	      0.00000000	    132.19384598	     -0.00000000	     -3.77943825	     -0.00000000	     -0.00000000	      0.00000000	     -0.00000000	     -0.00000000
      1.93000000	      0.00000000	      0.00000000	      0.00000000	      0.00000000	      0.00000000	      0.00000000	      0.00000000	      0.00000000	      0.00000000	      0.00000000	      0.00000000	      0.00000000	      0.00000000	      0.00000000	      0.00000000	      0.00000000	      0.00000000	      0.00000000	      0.00000000	      0.00000000	      0.00000000	      0.00000000	      0.00000000	      0.00000000	      0.00000000	      0.00000000	      0.00000000	      0.00000000	      0.00000000	      0.00000000	      0.00000000	      0.00000000	      0.00000000	      0.00000000	      0.00000000	      0.00000000	      0.00000000	      0.00000000	      0.00000000	      0.00000000	      0.43734911	     63.39170124	      0.19952563	     36.54593482	      0.33519434	      0.29050068	      0.00000000	     -0.00000000	     -0.00000000	      0.00000000	     -0.00000000	     -0.00000000	     -0.00000000	      0.00000000	     -0.04224777	     -0.02440250	      0.15350673	     -0.28985412	     -0.12266958	     -0.09419730	     -0.22501453	     -0.23976630	     -0.00000000	      0.52871926	     -0.20341145	     -0.00000000	      0.00000000	     -0.00000000	      0.15180872	     -0.00000000	     -0.10868517	      0.00000000	    132.27679702	      0.00000000	     -3.78425168	     -0.00000000	      0.00000000	      0.00000000	      0.00000000	      0.00000000
      1.93500000	      0.00000000	      0.00000000	      0.00000000	      0.00000000	      0.00000000	      0.00000000	      0.00000000	      0.00000000	      0.00000000	      0.00000000	      0.00000000	      0.00000000	      0.00000000	      0.00000000	      0.00000000	      0.00000000	      0.00000000	      0.00000000	      0.00000000	      0.00000000	      0.00000000	      0.00000000	      0.00000000	      0.00000000	      0.00000000	      0.00000000	      0.00000000	      0.00000000	      0.00000000	      0.00000000	      0.00000000	      0.00000000	      0.00000000	      0.00000000	      0.00000000	      0.00000000	      0.00000000	      0.00000000	      0.00000000	      0.00000000	      0.43095000	     70.48642986	      0.19883689	     35.76914038	      0.33037893	      0.28679640	      0.00000000	      0.00000000	      0.00000000	     -0.00000000	      0.00000000	      0.00000000	     -0.00000000	      0.00000000	     -0.04130927	     -0.02457734	      0.15561652	     -0.28081869	     -0.12698218	     -0.09561339	     -0.22174729	     -0.23012546	     -0.00000000	      0.53532138	     -0.21257749	     -0.00000000	      0.00000000	     -0.00000000	      0.14937460	     -0.00000000	     -0.10976140	      0.00000000	    132.18755159	      0.00000000	     -3.80029281	      0.00000000	     -0.00000000	      0.00000000	      0.00000000	     -0.00000000
      1.94000000	      0.00000000	      0.00000000	      0.00000000	      0.00000000	      0.00000000	      0.00000000	      0.00000000	      0.00000000	      0.00000000	      0.00000000	      0.00000000	      0.00000000	      0.00000000	      0.00000000	      0.00000000	      0.00000000	      0.00000000	      0.00000000	      0.00000000	      0.00000000	      0.00000000	      0.00000000	      0.00000000	      0.00000000	      0.00000000	      0.00000000	      0.00000000	      0.00000000	      0.00000000	      0.00000000	      0.00000000	      0.00000000	      0.00000000	      0.00000000	      0.00000000	      0.00000000	      0.00000000	      0.00000000	      0.00000000	      0.00000000	      0.42536250	     77.00582527	      0.19797315	     34.96799222	      0.32479128	      0.28286668	      0.00000000	      0.00000000	      0.00000000	      0.00000000	     -0.00000000	     -0.00000000	     -0.00000000	      0.00000000	     -0.04050784	     -0.02474093	      0.15778156	     -0.27919836	     -0.13175039	     -0.09766892	     -0.21954207	     -0.22211806	     -0.00000000	      0.54099149	     -0.22174927	      0.00000000	      0.00000000	     -0.00000000	      0.14675778	     -0.00000000	     -0.11057515	      0.00000000	    131.91861126	     -0.00000000	     -3.82744982	     -0.00000000	     -0.00000000	     -0.00000000	     -0.00000000	      0.00000000
      1.94500000	      0.00000000	      0.00000000	      0.00000000	      0.00000000	      0.00000000	      0.00000000	      0.00000000	      0.00000000	      0.00000000	      0.00000000	      0.00000000	      0.00000000	      0.00000000	      0.00000000	      0.00000000	      0.00000000	      0.00000000	      0.00000000	      0.00000000	      0.00000000	      0.00000000	      0.00000000	      0.00000000	      0.00000000	      0.00000000	      0.00000000	      0.00000000	      0.00000000	      0.00000000	      0.00000000	      0.00000000	      0.00000000	      0.00000000	      0.00000000	      0.00000000	      0.00000000	      0.00000000	      0.00000000	      0.00000000	      0.00000000	      0.42231074	     82.95810776	      0.19701832	     34.14468575	      0.31864717	      0.27878180	      0.00000000	      0.00000000	      0.00000000	      0.00000000	     -0.00000000	      0.00000000	     -0.00000000	      0.00000000	     -0.03980498	     -0.02489721	      0.16001006	     -0.28337228	     -0.13693616	     -0.10034269	     -0.21821103	     -0.21565685	     -0.00000000	      0.54574723	     -0.23088032	      0.00000000	     -0.00000000	     -0.00000000	      0.14398924	     -0.00000000	     -0.11112410	      0.00000000	    131.47315268	      0.00000000	     -3.86527116	      0.00000000	      0.00000000	      0.00000000	     -0.00000000	      0.00000000
      1.95000000	      0.00000000	      0.00000000	      0.00000000	      0.00000000	      0.00000000	      0.00000000	      0.00000000	      0.00000000	      0.00000000	      0.00000000	      0.00000000	      0.00000000	      0.00000000	      0.00000000	      0.00000000	      0.00000000	      0.00000000	      0.00000000	      0.00000000	      0.00000000	      0.00000000	      0.00000000	      0.00000000	      0.00000000	      0.00000000	      0.00000000	      0.00000000	      0.00000000	      0.00000000	      0.00000000	      0.00000000	      0.00000000	      0.00000000	      0.00000000	      0.00000000	      0.00000000	      0.00000000	      0.00000000	      0.00000000	      0.00000000	      0.42243119	     88.36331965	      0.19604386	     33.30153424	      0.31222500	      0.27462548	      0.00000000	      0.00000000	      0.00000000	     -0.00000000	      0.00000000	      0.00000000	     -0.00000000	      0.00000000	     -0.03917403	     -0.02504886	      0.16230644	     -0.29165268	     -0.14248991	     -0.10361044	     -0.21753283	     -0.21061440	     -0.00000000	      0.54964152	     -0.23992818	      0.00000000	      0.00000000	     -0.00000000	      0.14109854	     -0.00000000	     -0.11141388	      0.00000000	    130.86018196	     -0.00000000	     -3.91301216	      0.00000000	      0.00000000	      0.00000000	     -0.00000000	      0.00000000
      1.95500000	      0.00000000	      0.00000000	      0.00000000	      0.00000000	      0.00000000	      0.00000000	      0.00000000	      0.00000000	      0.00000000	      0.00000000	      0.00000000	      0.00000000	      0.00000000	      0.00000000	      0.00000000	      0.00000000	      0.00000000	      0.00000000	      0.00000000	      0.00000000	      0.00000000	      0.00000000	      0.00000000	      0.00000000	      0.00000000	      0.00000000	      0.00000000	      0.00000000	      0.00000000	      0.00000000	      0.00000000	      0.00000000	      0.00000000	      0.00000000	      0.00000000	      0.00000000	      0.00000000	      0.00000000	      0.00000000	      0.00000000	      0.42475028	     93.25169361	      0.19512491	     32.44235800	      0.30591420	      0.27050367	      0.00000000	     -0.00000000	     -0.00000000	     -0.00000000	     -0.00000000	      0.00000000	     -0.00000000	      0.00000000	     -0.03859430	     -0.02519741	      0.16467210	     -0.30173152	     -0.14835178	     -0.10744575	     -0.21727324	     -0.20681781	     -0.00000000	      0.55275884	     -0.24885551	      0.00000000	     -0.00000000	     -0.00000000	      0.13811319	     -0.00000000	     -0.11145732	      0.00000000	    130.09380254	      0.00000000	     -3.96968986	     -0.00000000	     -0.00000000	      0.00000000	     -0.00000000	      0.00000000
      1.96000000	      0.00000000	      0.00000000	      0.00000000	      0.00000000	      0.00000000	      0.00000000	      0.00000000	      0.00000000	      0.00000000	      0.00000000	      0.00000000	      0.00000000	      0.00000000	      0.00000000	      0.00000000	      0.00000000	      0.00000000	      0.00000000	      0.00000000	      0.00000000	      0.00000000	      0.00000000	      0.00000000	      0.00000000	      0.00000000	      0.00000000	      0.00000000	      0.00000000	      0.00000000	      0.00000000	      0.00000000	      0.00000000	      0.00000000	      0.00000000	      0.00000000	      0.00000000	      0.00000000	      0.00000000	      0.00000000	      0.00000000	      0.42834100	     97.66191029	      0.19431757	     31.57222057	      0.30002976	      0.26654894	      0.00000000	     -0.00000000	      0.00000000	      0.00000000	      0.00000000	      0.00000000	     -0.00000000	      0.00000000	     -0.03806381	     -0.02534351	      0.16710603	     -0.31181038	     -0.15444914	     -0.11181838	     -0.21720727	     -0.20405018	     -0.00000000	      0.55520856	     -0.25763093	     -0.00000000	      0.00000000	     -0.00000000	      0.13505827	     -0.00000000	     -0.11127365	      0.00000000	    129.19239318	      0.00000000	     -4.03414051	      0.00000000	      0.00000000	     -0.00000000	     -0.00000000	      0.00000000
      1.96500000	      0.00000000	      0.00000000	      0.00000000	      0.00000000	      0.00000000	      0.00000000	      0.00000000	      0.00000000	      0.00000000	      0.00000000	      0.00000000	      0.00000000	      0.00000000	      0.00000000	      0.00000000	      0.00000000	      0.00000000	      0.00000000	      0.00000000	      0.00000000	      0.00000000	      0.00000000	      0.00000000	      0.00000000	      0.00000000	      0.00000000	      0.00000000	      0.00000000	      0.00000000	      0.00000000	      0.00000000	      0.00000000	      0.00000000	      0.00000000	      0.00000000	      0.00000000	      0.00000000	      0.00000000	      0.00000000	      0.00000000	      0.43280607	    101.63934527	      0.19367173	     30.69579234	      0.29484790	      0.26291445	      0.00000000	      0.00000000	      0.00000000	      0.00000000	      0.00000000	     -0.00000000	     -0.00000000	      0.00000000	     -0.03827971	     -0.02548699	      0.16960538	     -0.32092732	     -0.16069259	     -0.11668873	     -0.21713605	     -0.20206194	     -0.00000000	      0.55711610	     -0.26622980	     -0.00000000	      0.00000000	     -0.00000000	      0.13195622	     -0.00000000	     -0.11088746	      0.00000000	    128.17769186	      0.00000000	     -4.10507685	      0.00000000	      0.00000000	     -0.00000000	      0.00000000	     -0.00000000
      1.97000000	      0.00000000	      0.00000000	      0.00000000	      0.00000000	      0.00000000	      0.00000000	      0.00000000	      0.00000000	      0.00000000	      0.00000000	      0.00000000	      0.00000000	      0.00000000	      0.00000000	      0.00000000	      0.00000000	      0.00000000	      0.00000000	      0.00000000	      0.00000000	      0.00000000	      0.00000000	      0.00000000	      0.00000000	      0.00000000	      0.00000000	      0.00000000	      0.00000000	      0.00000000	      0.00000000	      0.00000000	      0.00000000	      0.00000000	      0.00000000	      0.00000000	      0.00000000	      0.00000000	      0.00000000	      0.00000000	      0.00000000	      0.43790855	    105.23404892	      0.19323154	     29.81889906	      0.29056381	      0.25975461	      0.00000000	     -0.00000000	      0.00000000	     -0.00000000	      0.00000000	      0.00000000	     -0.00000000	      0.00000000	     -0.03851612	     -0.02562711	      0.17216573	     -0.32864228	     -0.16697326	     -0.12199786	     -0.21689579	     -0.20059206	     -0.00000000	      0.55861352	     -0.27463415	     -0.00000000	      0.00000000	     -0.00000000	      0.12882688	     -0.00000000	     -0.11032766	      0.00000000	    127.07389073	      0.00000000	     -4.18113159	      0.00000000	      0.00000000	      0.00000000	     -0.00000000	     -0.00000000
      1.97500000	      0.00000000	      0.00000000	      0.00000000	      0.00000000	      0.00000000	      0.00000000	      0.00000000	      0.00000000	      0.00000000	      0.00000000	      0.00000000	      0.00000000	      0.00000000	      0.00000000	      0.00000000	      0.00000000	      0.00000000	      0.00000000	      0.00000000	      0.00000000	      0.00000000	      0.00000000	      0.00000000	      0.00000000	      0.00000000	      0.00000000	      0.00000000	      0.00000000	      0.00000000	      0.00000000	      0.00000000	      0.00000000	      0.00000000	      0.00000000	      0.00000000	      0.00000000	      0.00000000	      0.00000000	      0.00000000	      0.00000000	      0.44341420	    108.49913433	      0.19301778	     28.94751868	      0.28722146	      0.25719813	      0.00000000	     -0.00000000	     -0.00000000	      0.00000000	      0.00000000	      0.00000000	     -0.00000000	      0.00000000	     -0.03877612	     -0.02576260	      0.17478132	     -0.33481997	     -0.17316403	     -0.12765432	     -0.21635990	     -0.19939193	     -0.00000000	      0.55983133	     -0.28283327	      0.00000000	     -0.00000000	     -0.00000000	      0.12568735	     -0.00000000	     -0.10962622	      0.00000000	    125.90342911	     -0.00000000	     -4.26089953	     -0.00000000	     -0.00000000	     -0.00000000	      0.00000000	     -0.00000000
      1.98000000	      0.00000000	      0.00000000	      0.00000000	      0.00000000	      0.00000000	      0.00000000	      0.00000000	      0.00000000	      0.00000000	      0.00000000	      0.00000000	      0.00000000	      0.00000000	      0.00000000	      0.00000000	      0.00000000	      0.00000000	      0.00000000	      0.00000000	      0.00000000	      0.00000000	      0.00000000	      0.00000000	      0.00000000	      0.00000000	      0.00000000	      0.00000000	      0.00000000	      0.00000000	      0.00000000	      0.00000000	      0.00000000	      0.00000000	      0.00000000	      0.00000000	      0.00000000	      0.00000000	      0.00000000	      0.00000000	      0.00000000	      0.44918688	    111.48899892	      0.19304810	     28.08722321	      0.28486955	      0.25532441	      0.00000000	      0.00000000	     -0.00000000	      0.00000000	     -0.00000000	     -0.00000000	     -0.00000000	      0.00000000	     -0.03906204	     -0.02589187	      0.17744499	     -0.33946127	     -0.17912709	     -0.13352345	     -0.21543834	     -0.19824579	     -0.00000000	      0.56089176	     -0.29082391	     -0.00000000	      0.00000000	     -0.00000000	      0.12255185	     -0.00000000	     -0.10881688	      0.00000000	    124.69862280	      0.00000000	     -4.34297184	      0.00000000	     -0.00000000	     -0.00000000	      0.00000000	     -0.00000000
      1.98500000	      0.00000000	      0.00000000	      0.00000000	      0.00000000	      0.00000000	      0.00000000	      0.00000000	      0.00000000	      0.00000000	      0.00000000	      0.00000000	      0.00000000	      0.00000000	      0.00000000	      0.00000000	      0.00000000	      0.00000000	      0.00000000	      0.00000000	      0.00000000	      0.00000000	      0.00000000	      0.00000000	      0.00000000	      0.00000000	      0.00000000	      0.00000000	      0.00000000	      0.00000000	      0.00000000	      0.00000000	      0.00000000	      0.00000000	      0.00000000	      0.00000000	      0.00000000	      0.00000000	      0.00000000	      0.00000000	      0.00000000	      0.45523962	    114.25719292	      0.19332388	     27.24340713	      0.28346764	      0.25415160	      0.00000000	     -0.00000000	     -0.00000000	     -0.00000000	     -0.00000000	     -0.00000000	     -0.00000000	      0.00000000	     -0.03937529	     -0.02601317	      0.18014787	     -0.34265488	     -0.18472783	     -0.13942837	     -0.21407698	     -0.19698406	     -0.00000000	      0.56190358	     -0.29860912	     -0.00000000	      0.00000000	     -0.00000000	      0.11943199	     -0.00000000	     -0.10793380	      0.00000000	    123.48165678	      0.00000000	     -4.42595721	     -0.00000000	     -0.00000000	     -0.00000000	      0.00000000	      0.00000000
      1.99000000	      0.00000000	      0.00000000	      0.00000000	      0.00000000	      0.00000000	      0.00000000	      0.00000000	      0.00000000	      0.00000000	      0.00000000	      0.00000000	      0.00000000	      0.00000000	      0.00000000	      0.00000000	      0.00000000	      0.00000000	      0.00000000	      0.00000000	      0.00000000	      0.00000000	      0.00000000	      0.00000000	      0.00000000	      0.00000000	      0.00000000	      0.00000000	      0.00000000	      0.00000000	      0.00000000	      0.00000000	      0.00000000	      0.00000000	      0.00000000	      0.00000000	      0.00000000	      0.00000000	      0.00000000	      0.00000000	      0.00000000	      0.46167105	    116.85494953	      0.19383375	     26.42073969	      0.28298125	      0.25363675	      0.00000000	      0.00000000	     -0.00000000	     -0.00000000	     -0.00000000	     -0.00000000	     -0.00000000	      0.00000000	     -0.03971612	     -0.02612468	      0.18287870	     -0.34456942	     -0.18985151	     -0.14516816	     -0.21225732	     -0.19548851	     -0.00000000	      0.56295806	     -0.30619882	      0.00000000	      0.00000000	     -0.00000000	      0.11633629	     -0.00000000	     -0.10701006	      0.00000000	    122.27613543	     -0.00000000	     -4.50853597	      0.00000000	     -0.00000000	      0.00000000	      0.00000000	     -0.00000000
      1.99500000	      0.00000000	      0.00000000	      0.00000000	      0.00000000	      0.00000000	      0.00000000	      0.00000000	      0.00000000	      0.00000000	      0.00000000	      0.00000000	      0.00000000	      0.00000000	      0.00000000	      0.00000000	      0.00000000	      0.00000000	      0.00000000	      0.00000000	      0.00000000	      0.00000000	      0.00000000	      0.00000000	      0.00000000	      0.00000000	      0.00000000	      0.00000000	      0.00000000	      0.00000000	      0.00000000	      0.00000000	      0.00000000	      0.00000000	      0.00000000	      0.00000000	      0.00000000	      0.00000000	      0.00000000	      0.00000000	      0.00000000	      0.46857351	    119.32850453	      0.19454447	     25.62337412	      0.28327933	      0.25368448	      0.00000000	      0.00000000	      0.00000000	      0.00000000	     -0.00000000	      0.00000000	     -0.00000000	      0.00000000	     -0.04008354	     -0.02622477	      0.18562296	     -0.34544299	     -0.19441806	     -0.15054845	     -0.20999768	     -0.19369493	     -0.00000000	      0.56412525	     -0.31360630	     -0.00000000	      0.00000000	     -0.00000000	      0.11327105	     -0.00000000	     -0.10607636	      0.00000000	    121.10323704	      0.00000000	     -4.58948793	     -0.00000000	      0.00000000	      0.00000000	      0.00000000	     -0.00000000
      2.00000000	      0.00000000	      0.00000000	      0.00000000	      0.00000000	      0.00000000	      0.00000000	      0.00000000	      0.00000000	      0.00000000	      0.00000000	      0.00000000	      0.00000000	      0.00000000	      0.00000000	      0.00000000	      0.00000000	      0.00000000	      0.00000000	      0.00000000	      0.00000000	      0.00000000	      0.00000000	      0.00000000	      0.00000000	      0.00000000	      0.00000000	      0.00000000	      0.00000000	      0.00000000	      0.00000000	      0.00000000	      0.00000000	      0.00000000	      0.00000000	      0.00000000	      0.00000000	      0.00000000	      0.00000000	      0.00000000	      0.00000000	      0.47598070	    121.71871183	      0.19542694	     24.85431720	      0.28421322	      0.25415981	      0.00000000	     -0.00000000	      0.00000000	      0.00000000	      0.00000000	     -0.00000000	     -0.00000000	      0.00000000	     -0.04047517	     -0.02631197	      0.18836167	     -0.34557209	     -0.19839108	     -0.15540898	     -0.20735275	     -0.19159275	     -0.00000000	      0.56545169	     -0.32085151	      0.00000000	      0.00000000	     -0.00000000	      0.11023866	     -0.00000000	     -0.10515912	      0.00000000	    119.98003032	      0.00000000	     -4.66781640	     -0.00000000	     -0.00000000	      0.00000000	     -0.00000000	      0.00000000
      2.00500000	      0.00000000	      0.00000000	      0.00000000	      0.00000000	      0.00000000	      0.00000000	      0.00000000	      0.00000000	      0.00000000	      0.00000000	      0.00000000	      0.00000000	      0.00000000	      0.00000000	      0.00000000	      0.00000000	      0.00000000	      0.00000000	      0.00000000	      0.00000000	      0.00000000	      0.00000000	      0.00000000	      0.00000000	      0.00000000	      0.00000000	      0.00000000	      0.00000000	      0.00000000	      0.00000000	      0.00000000	      0.00000000	      0.00000000	      0.00000000	      0.00000000	      0.00000000	      0.00000000	      0.00000000	      0.00000000	      0.00000000	      0.48384373	    124.05823543	      0.19641939	     24.11569735	      0.28559604	      0.25490253	      0.00000000	      0.00000000	      0.00000000	      0.00000000	     -0.00000000	      0.00000000	     -0.00000000	      0.00000000	     -0.04088733	     -0.02638523	      0.19107030	     -0.34529878	     -0.20178075	     -0.15963860	     -0.20441423	     -0.18922597	     -0.00000000	      0.56695767	     -0.32795606	     -0.00000000	      0.00000000	     -0.00000000	      0.10723894	     -0.00000000	     -0.10427935	      0.00000000	    118.91083694	     -0.00000000	     -4.74278661	     -0.00000000	      0.00000000	      0.00000000	      0.00000000	     -0.00000000
      2.01000000	      0.00000000	      0.00000000	      0.00000000	      0.00000000	      0.00000000	      0.00000000	      0.00000000	      0.00000000	      0.00000000	      0.00000000	      0.00000000	      0.00000000	      0.00000000	      0.00000000	      0.00000000	      0.00000000	      0.00000000	      0.00000000	      0.00000000	      0.00000000	      0.00000000	      0.00000000	      0.00000000	      0.00000000	      0.00000000	      0.00000000	      0.00000000	      0.00000000	      0.00000000	      0.00000000	      0.00000000	      0.00000000	      0.00000000	      0.00000000	      0.00000000	      0.00000000	      0.00000000	      0.00000000	      0.00000000	      0.00000000	      0.49204341	    126.37045950	      0.19746739	     23.40845129	      0.28721143	      0.25574084	      0.00000000	      0.00000000	      0.00000000	      0.00000000	     -0.00000000	     -0.00000000	     -0.00000000	      0.00000000	     -0.04131519	     -0.02644405	      0.19371763	     -0.34499795	     -0.20464165	     -0.16317598	     -0.20130934	     -0.18668894	     -0.00000000	      0.56863568	     -0.33494274	     -0.00000000	      0.00000000	     -0.00000000	      0.10426881	     -0.00000000	     -0.10345131	      0.00000000	    117.91938867	      0.00000000	     -4.81401424	      0.00000000	      0.00000000	      0.00000000	      0.00000000	      0.00000000
      2.01500000	      0.00000000	      0.00000000	      0.00000000	      0.00000000	      0.00000000	      0.00000000	      0.00000000	      0.00000000	      0.00000000	      0.00000000	      0.00000000	      0.00000000	      0.00000000	      0.00000000	      0.00000000	      0.00000000	      0.00000000	      0.00000000	      0.00000000	      0.00000000	      0.00000000	      0.00000000	      0.00000000	      0.00000000	      0.00000000	      0.00000000	      0.00000000	      0.00000000	      0.00000000	      0.00000000	      0.00000000	      0.00000000	      0.00000000	      0.00000000	      0.00000000	      0.00000000	      0.00000000	      0.00000000	      0.00000000	      0.00000000	      0.50039167	    128.66834587	      0.19848518	     22.73249159	      0.28882015	      0.25650226	      0.00000000	     -0.00000000	      0.00000000	      0.00000000	      0.00000000	      0.00000000	     -0.00000000	      0.00000000	     -0.04175296	     -0.02648860	      0.19626492	     -0.34506485	     -0.20706720	     -0.16600270	     -0.19819846	     -0.18412388	     -0.00000000	      0.57044934	     -0.34183381	      0.00000000	      0.00000000	     -0.00000000	      0.10132265	     -0.00000000	     -0.10268136	      0.00000000	    116.99844164	      0.00000000	     -4.88152811	      0.00000000	      0.00000000	      0.00000000	     -0.00000000	     -0.00000000
      2.02000000	      0.00000000	      0.00000000	      0.00000000	      0.00000000	      0.00000000	      0.00000000	      0.00000000	      0.00000000	      0.00000000	      0.00000000	      0.00000000	      0.00000000	      0.00000000	      0.00000000	      0.00000000	      0.00000000	      0.00000000	      0.00000000	      0.00000000	      0.00000000	      0.00000000	      0.00000000	      0.00000000	      0.00000000	      0.00000000	      0.00000000	      0.00000000	      0.00000000	      0.00000000	      0.00000000	      0.00000000	      0.00000000	      0.00000000	      0.00000000	      0.00000000	      0.00000000	      0.00000000	      0.00000000	      0.00000000	      0.00000000	      0.50863732	    130.95366978	      0.19938266	     22.08623929	      0.29016972	      0.25702004	      0.00000000	      0.00000000	     -0.00000000	      0.00000000	     -0.00000000	      0.00000000	     -0.00000000	      0.00000000	     -0.04219419	     -0.02651984	      0.19866568	     -0.34590414	     -0.20918203	     -0.16813288	     -0.19527168	     -0.18171643	     -0.00000000	      0.57233311	     -0.34864924	     -0.00000000	      0.00000000	     -0.00000000	      0.09839266	     -0.00000000	     -0.10196721	      0.00000000	    116.14258436	     -0.00000000	     -4.94581117	     -0.00000000	      0.00000000	      0.00000000	      0.00000000	     -0.00000000
      2.02500000	      0.00000000	      0.00000000	      0.00000000	      0.00000000	      0.00000000	      0.00000000	      0.00000000	      0.00000000	      0.00000000	      0.00000000	      0.00000000	      0.00000000	      0.00000000	      0.00000000	      0.00000000	      0.00000000	      0.00000000	      0.00000000	      0.00000000	      0.00000000	      0.00000000	      0.00000000	      0.00000000	      0.00000000	      0.00000000	      0.00000000	      0.00000000	      0.00000000	      0.00000000	      0.00000000	      0.00000000	      0.00000000	      0.00000000	      0.00000000	      0.00000000	      0.00000000	      0.00000000	      0.00000000	      0.00000000	      0.00000000	      0.51647468	    133.21670747	      0.20009265	     21.46787250	      0.29100421	      0.25713416	      0.00000000	     -0.00000000	     -0.00000000	     -0.00000000	     -0.00000000	      0.00000000	     -0.00000000	      0.00000000	     -0.04263200	     -0.02653967	      0.20086615	     -0.34792165	     -0.21113289	     -0.16960262	     -0.19274488	     -0.17968845	     -0.00000000	      0.57419272	     -0.35540519	     -0.00000000	     -0.00000000	     -0.00000000	      0.09546956	     -0.00000000	     -0.10129746	      0.00000000	    115.33977623	     -0.00000000	     -5.00781726	     -0.00000000	      0.00000000	     -0.00000000	     -0.00000000	     -0.00000000
      2.03000000	      0.00000000	      0.00000000	      0.00000000	      0.00000000	      0.00000000	      0.00000000	      0.00000000	      0.00000000	      0.00000000	      0.00000000	      0.00000000	      0.00000000	      0.00000000	      0.00000000	      0.00000000	      0.00000000	      0.00000000	      0.00000000	      0.00000000	      0.00000000	      0.00000000	      0.00000000	      0.00000000	      0.00000000	      0.00000000	      0.00000000	      0.00000000	      0.00000000	      0.00000000	      0.00000000	      0.00000000	      0.00000000	      0.00000000	      0.00000000	      0.00000000	      0.00000000	      0.00000000	      0.00000000	      0.00000000	      0.00000000	      0.52354562	    135.43642479	      0.20051188	     20.87359213	      0.29110077	      0.25668720	      0.00000000	     -0.00000000	      0.00000000	      0.00000000	     -0.00000000	      0.00000000	     -0.00000000	      0.00000000	     -0.04305926	     -0.02655097	      0.20280690	     -0.35151865	     -0.21307826	     -0.17047037	     -0.19085494	     -0.17828731	     -0.00000000	      0.57590644	     -0.36211256	      0.00000000	     -0.00000000	     -0.00000000	      0.09254333	     -0.00000000	     -0.10065152	      0.00000000	    114.57148656	      0.00000000	     -5.06896320	      0.00000000	      0.00000000	      0.00000000	     -0.00000000	      0.00000000
      2.03500000	      0.00000000	      0.00000000	      0.00000000	      0.00000000	      0.00000000	      0.00000000	      0.00000000	      0.00000000	      0.00000000	      0.00000000	      0.00000000	      0.00000000	      0.00000000	      0.00000000	      0.00000000	      0.00000000	      0.00000000	      0.00000000	      0.00000000	      0.00000000	      0.00000000	      0.00000000	      0.00000000	      0.00000000	      0.00000000	      0.00000000	      0.00000000	      0.00000000	      0.00000000	      0.00000000	      0.00000000	      0.00000000	      0.00000000	      0.00000000	      0.00000000	      0.00000000	      0.00000000	      0.00000000	      0.00000000	      0.00000000	      0.52943637	    137.58121304	      0.20055991	     20.29942428	      0.29015885	      0.25551721	      0.00000000	      0.00000000	      0.00000000	     -0.00000000	      0.00000000	     -0.00000000	     -0.00000000	      0.00000000	     -0.04346861	     -0.02655759	      0.20442568	     -0.35708483	     -0.21517601	     -0.17080709	     -0.18985397	     -0.17777025	     -0.00000000	      0.57732792	     -0.36877602	      0.00000000	      0.00000000	     -0.00000000	      0.08960403	     -0.00000000	     -0.10000008	      0.00000000	    113.81315362	     -0.00000000	     -5.13109676	      0.00000000	     -0.00000000	     -0.00000000	      0.00000000	      0.00000000
      2.04000000	      0.00000000	      0.00000000	      0.00000000	      0.00000000	      0.00000000	      0.00000000	      0.00000000	      0.00000000	      0.00000000	      0.00000000	      0.00000000	      0.00000000	      0.00000000	      0.00000000	      0.00000000	      0.00000000	      0.00000000	      0.00000000	      0.00000000	      0.00000000	      0.00000000	      0.00000000	      0.00000000	      0.00000000	      0.00000000	      0.00000000	      0.00000000	      0.00000000	      0.00000000	      0.00000000	      0.00000000	      0.00000000	      0.00000000	      0.00000000	      0.00000000	      0.00000000	      0.00000000	      0.00000000	      0.00000000	      0.00000000	      0.53367339	    139.61024211	      0.20016205	     19.74034410	      0.28805264	      0.25345075	      0.00000000	     -0.00000000	     -0.00000000	      0.00000000	     -0.00000000	     -0.00000000	     -0.00000000	      0.00000000	     -0.04385219	     -0.02656414	      0.20566170	     -0.36498315	     -0.21756898	     -0.17068486	     -0.18999740	     -0.17838323	     -0.00000000	      0.57829144	     -0.37539357	     -0.00000000	     -0.00000000	     -0.00000000	      0.08664254	     -0.00000000	     -0.09930607	      0.00000000	    113.03501641	      0.00000000	     -5.19643839	      0.00000000	      0.00000000	      0.00000000	     -0.00000000	     -0.00000000
      2.04500000	      0.00000000	      0.00000000	      0.00000000	      0.00000000	      0.00000000	      0.00000000	      0.00000000	      0.00000000	      0.00000000	      0.00000000	      0.00000000	      0.00000000	      0.00000000	      0.00000000	      0.00000000	      0.00000000	      0.00000000	      0.00000000	      0.00000000	      0.00000000	      0.00000000	      0.00000000	      0.00000000	      0.00000000	      0.00000000	      0.00000000	      0.00000000	      0.00000000	      0.00000000	      0.00000000	      0.00000000	      0.00000000	      0.00000000	      0.00000000	      0.00000000	      0.00000000	      0.00000000	      0.00000000	      0.00000000	      0.00000000	      0.53572519	    141.47547899	      0.19926375	     19.19120129	      0.28460632	      0.25030130	      0.00000000	     -0.00000000	      0.00000000	      0.00000000	     -0.00000000	      0.00000000	     -0.00000000	      0.00000000	     -0.04420128	     -0.02657574	      0.20646100	     -0.37552028	     -0.22036947	     -0.17016938	     -0.19152149	     -0.18033685	     -0.00000000	      0.57862044	     -0.38195678	     -0.00000000	      0.00000000	     -0.00000000	      0.08365113	     -0.00000000	     -0.09852623	      0.00000000	    112.20335888	     -0.00000000	     -5.26749443	      0.00000000	      0.00000000	     -0.00000000	     -0.00000000	     -0.00000000
      2.05000000	      0.00000000	      0.00000000	      0.00000000	      0.00000000	      0.00000000	      0.00000000	      0.00000000	      0.00000000	      0.00000000	      0.00000000	      0.00000000	      0.00000000	      0.00000000	      0.00000000	      0.00000000	      0.00000000	      0.00000000	      0.00000000	      0.00000000	      0.00000000	      0.00000000	      0.00000000	      0.00000000	      0.00000000	      0.00000000	      0.00000000	      0.00000000	      0.00000000	      0.00000000	      0.00000000	      0.00000000	      0.00000000	      0.00000000	      0.00000000	      0.00000000	      0.00000000	      0.00000000	      0.00000000	      0.00000000	      0.00000000	      0.53502738	    143.12431703	      0.19782754	     18.64663805	      0.27974622	      0.24588458	      0.00000000	     -0.00000000	      0.00000000	     -0.00000000	     -0.00000000	     -0.00000000	     -0.00000000	      0.00000000	     -0.04450580	     -0.02659752	      0.20678207	     -0.38889724	     -0.22364514	     -0.16931565	     -0.19461698	     -0.18378390	     -0.00000000	      0.57813940	     -0.38845169	     -0.00000000	      0.00000000	     -0.00000000	      0.08062370	     -0.00000000	     -0.09761333	      0.00000000	    111.28214563	     -0.00000000	     -5.34694196	     -0.00000000	     -0.00000000	      0.00000000	     -0.00000000	     -0.00000000
      2.05500000	      0.00000000	      0.00000000	      0.00000000	      0.00000000	      0.00000000	      0.00000000	      0.00000000	      0.00000000	      0.00000000	      0.00000000	      0.00000000	      0.00000000	      0.00000000	      0.00000000	      0.00000000	      0.00000000	      0.00000000	      0.00000000	      0.00000000	      0.00000000	      0.00000000	      0.00000000	      0.00000000	      0.00000000	      0.00000000	      0.00000000	      0.00000000	      0.00000000	      0.00000000	      0.00000000	      0.00000000	      0.00000000	      0.00000000	      0.00000000	      0.00000000	      0.00000000	      0.00000000	      0.00000000	      0.00000000	      0.00000000	      0.53106633	    144.50265273	      0.19585080	     18.10172454	      0.27350974	      0.24007021	      0.00000000	      0.00000000	      0.00000000	     -0.00000000	     -0.00000000	     -0.00000000	     -0.00000000	      0.00000000	     -0.04475407	     -0.02663427	      0.20660093	     -0.40513955	     -0.22740796	     -0.16816601	     -0.19940294	     -0.18880413	     -0.00000000	      0.57668836	     -0.39486055	      0.00000000	      0.00000000	     -0.00000000	      0.07755553	     -0.00000000	     -0.09651875	      0.00000000	    110.23495273	     -0.00000000	     -5.43749000	      0.00000000	      0.00000000	      0.00000000	      0.00000000	      0.00000000
      2.06000000	      0.00000000	      0.00000000	      0.00000000	      0.00000000	      0.00000000	      0.00000000	      0.00000000	      0.00000000	      0.00000000	      0.00000000	      0.00000000	      0.00000000	      0.00000000	      0.00000000	      0.00000000	      0.00000000	      0.00000000	      0.00000000	      0.00000000	      0.00000000	      0.00000000	      0.00000000	      0.00000000	      0.00000000	      0.00000000	      0.00000000	      0.00000000	      0.00000000	      0.00000000	      0.00000000	      0.00000000	      0.00000000	      0.00000000	      0.00000000	      0.00000000	      0.00000000	      0.00000000	      0.00000000	      0.00000000	      0.00000000	      0.52354733	    145.55819860	      0.19335908	     17.55215288	      0.26594299	      0.23287413	      0.00000000	      0.00000000	     -0.00000000	      0.00000000	     -0.00000000	      0.00000000	     -0.00000000	      0.00000000	     -0.04493263	     -0.02668988	      0.20591460	     -0.42402165	     -0.23160787	     -0.16674982	     -0.20589531	     -0.19535979	     -0.00000000	      0.57413823	     -0.40116416	     -0.00000000	      0.00000000	     -0.00000000	      0.07444261	     -0.00000000	     -0.09519547	      0.00000000	    109.02706361	     -0.00000000	     -5.54172191	     -0.00000000	     -0.00000000	     -0.00000000	      0.00000000	     -0.00000000
      2.06500000	      0.00000000	      0.00000000	      0.00000000	      0.00000000	      0.00000000	      0.00000000	      0.00000000	      0.00000000	      0.00000000	      0.00000000	      0.00000000	      0.00000000	      0.00000000	      0.00000000	      0.00000000	      0.00000000	      0.00000000	      0.00000000	      0.00000000	      0.00000000	      0.00000000	      0.00000000	      0.00000000	      0.00000000	      0.00000000	      0.00000000	      0.00000000	      0.00000000	      0.00000000	      0.00000000	      0.00000000	      0.00000000	      0.00000000	      0.00000000	      0.00000000	      0.00000000	      0.00000000	      0.00000000	      0.00000000	      0.00000000	      0.51256208	    146.24382482	      0.19041174	     16.99466453	      0.25731224	      0.22453334	      0.00000000	      0.00000000	      0.00000000	     -0.00000000	      0.00000000	      0.00000000	     -0.00000000	      0.00000000	     -0.04502641	     -0.02676687	      0.20474247	     -0.44502325	     -0.23613198	     -0.16508446	     -0.21385545	     -0.20315998	     -0.00000000	      0.57040380	     -0.40734467	      0.00000000	      0.00000000	     -0.00000000	      0.07128049	     -0.00000000	     -0.09360107	      0.00000000	    107.62600325	      0.00000000	     -5.66192635	      0.00000000	      0.00000000	     -0.00000000	     -0.00000000	      0.00000000
      2.07000000	      0.00000000	      0.00000000	      0.00000000	      0.00000000	      0.00000000	      0.00000000	      0.00000000	      0.00000000	      0.00000000	      0.00000000	      0.00000000	      0.00000000	      0.00000000	      0.00000000	      0.00000000	      0.00000000	      0.00000000	      0.00000000	      0.00000000	      0.00000000	      0.00000000	      0.00000000	      0.00000000	      0.00000000	      0.00000000	      0.00000000	      0.00000000	      0.00000000	      0.00000000	      0.00000000	      0.00000000	      0.00000000	      0.00000000	      0.00000000	      0.00000000	      0.00000000	      0.00000000	      0.00000000	      0.00000000	      0.00000000	      0.49852014	    146.52075494	      0.18710479	     16.42706213	      0.24790415	      0.21543342	      0.00000000	      0.00000000	      0.00000000	      0.00000000	     -0.00000000	      0.00000000	     -0.00000000	      0.00000000	     -0.04501917	     -0.02686588	      0.20312483	     -0.46724600	     -0.24080208	     -0.16317736	     -0.22275690	     -0.21173067	     -0.00000000	      0.56544750	     -0.41338878	     -0.00000000	      0.00000000	     -0.00000000	      0.06806298	     -0.00000000	     -0.09170065	      0.00000000	    106.00985837	      0.00000000	     -5.79992525	     -0.00000000	     -0.00000000	     -0.00000000	      0.00000000	     -0.00000000
      2.07500000	      0.00000000	      0.00000000	      0.00000000	      0.00000000	      0.00000000	      0.00000000	      0.00000000	      0.00000000	      0.00000000	      0.00000000	      0.00000000	      0.00000000	      0.00000000	      0.00000000	      0.00000000	      0.00000000	      0.00000000	      0.00000000	      0.00000000	      0.00000000	      0.00000000	      0.00000000	      0.00000000	      0.00000000	      0.00000000	      0.00000000	      0.00000000	      0.00000000	      0.00000000	      0.00000000	      0.00000000	      0.00000000	      0.00000000	      0.00000000	      0.00000000	      0.00000000	      0.00000000	      0.00000000	      0.00000000	      0.00000000	      0.48184491	    146.36145974	      0.18354403	     15.84867438	      0.23809769	      0.20594134	      0.00000000	      0.00000000	     -0.00000000	     -0.00000000	      0.00000000	     -0.00000000	     -0.00000000	      0.00000000	     -0.04489425	     -0.02698521	      0.20111879	     -0.48875436	     -0.24536350	     -0.16102903	     -0.23208233	     -0.22070150	     -0.00000000	      0.55928156	     -0.41929093	     -0.00000000	      0.00000000	     -0.00000000	      0.06478078	     -0.00000000	     -0.08946950	      0.00000000	    104.15953901	     -0.00000000	     -5.95691264	      0.00000000	     -0.00000000	     -0.00000000	     -0.00000000	     -0.00000000
      2.08000000	      0.00000000	      0.00000000	      0.00000000	      0.00000000	      0.00000000	      0.00000000	      0.00000000	      0.00000000	      0.00000000	      0.00000000	      0.00000000	      0.00000000	      0.00000000	      0.00000000	      0.00000000	      0.00000000	      0.00000000	      0.00000000	      0.00000000	      0.00000000	      0.00000000	      0.00000000	      0.00000000	      0.00000000	      0.00000000	      0.00000000	      0.00000000	      0.00000000	      0.00000000	      0.00000000	      0.00000000	      0.00000000	      0.00000000	      0.00000000	      0.00000000	      0.00000000	      0.00000000	      0.00000000	      0.00000000	      0.00000000	      0.46306784	    145.75209686	      0.17986514	     15.26060282	      0.22830688	      0.19646132	      0.00000000	      0.00000000	      0.00000000	     -0.00000000	      0.00000000	      0.00000000	     -0.00000000	      0.00000000	     -0.04463565	     -0.02712049	      0.19879196	     -0.50728613	     -0.24952555	     -0.15863658	     -0.24160239	     -0.22997252	     -0.00000000	      0.55197389	     -0.42505612	      0.00000000	     -0.00000000	     -0.00000000	      0.06142040	     -0.00000000	     -0.08689525	      0.00000000	    102.06646989	     -0.00000000	     -6.13332366	     -0.00000000	     -0.00000000	      0.00000000	      0.00000000	      0.00000000
      2.08500000	      0.00000000	      0.00000000	      0.00000000	      0.00000000	      0.00000000	      0.00000000	      0.00000000	      0.00000000	      0.00000000	      0.00000000	      0.00000000	      0.00000000	      0.00000000	      0.00000000	      0.00000000	      0.00000000	      0.00000000	      0.00000000	      0.00000000	      0.00000000	      0.00000000	      0.00000000	      0.00000000	      0.00000000	      0.00000000	      0.00000000	      0.00000000	      0.00000000	      0.00000000	      0.00000000	      0.00000000	      0.00000000	      0.00000000	      0.00000000	      0.00000000	      0.00000000	      0.00000000	      0.00000000	      0.00000000	      0.00000000	      0.44281950	    144.69438941	      0.17618255	     14.66469922	      0.21893419	      0.18741112	      0.00000000	      0.00000000	     -0.00000000	      0.00000000	      0.00000000	     -0.00000000	     -0.00000000	      0.00000000	     -0.04422928	     -0.02726454	      0.19621501	     -0.52182319	     -0.25301395	     -0.15599668	     -0.25130923	     -0.23956566	     -0.00000000	      0.54364561	     -0.43070223	     -0.00000000	     -0.00000000	     -0.00000000	      0.05796358	     -0.00000000	     -0.08397937	      0.00000000	     99.73190032	      0.00000000	     -6.32875265	     -0.00000000	     -0.00000000	      0.00000000	     -0.00000000	     -0.00000000
      2.09000000	      0.00000000	      0.00000000	      0.00000000	      0.00000000	      0.00000000	      0.00000000	      0.00000000	      0.00000000	      0.00000000	      0.00000000	      0.00000000	      0.00000000	      0.00000000	      0.00000000	      0.00000000	      0.00000000	      0.00000000	      0.00000000	      0.00000000	      0.00000000	      0.00000000	      0.00000000	      0.00000000	      0.00000000	      0.00000000	      0.00000000	      0.00000000	      0.00000000	      0.00000000	      0.00000000	      0.00000000	      0.00000000	      0.00000000	      0.00000000	      0.00000000	      0.00000000	      0.00000000	      0.00000000	      0.00000000	      0.00000000	      0.42174579	    143.20692442	      0.17263000	     14.06463027	      0.21033249	      0.17916778	      0.00000000	      0.00000000	      0.00000000	      0.00000000	      0.00000000	      0.00000000	     -0.00000000	      0.00000000	     -0.04366421	     -0.02740740	      0.19345462	     -0.53258568	     -0.25561295	     -0.15310696	     -0.26122952	     -0.24944358	     -0.00000000	      0.53446457	     -0.43626132	     -0.00000000	      0.00000000	     -0.00000000	      0.05438750	     -0.00000000	     -0.08073803	      0.00000000	     97.16731573	      0.00000000	     -6.54193167	      0.00000000	     -0.00000000	     -0.00000000	     -0.00000000	      0.00000000
      2.09500000	      0.00000000	      0.00000000	      0.00000000	      0.00000000	      0.00000000	      0.00000000	      0.00000000	      0.00000000	      0.00000000	      0.00000000	      0.00000000	      0.00000000	      0.00000000	      0.00000000	      0.00000000	      0.00000000	      0.00000000	      0.00000000	      0.00000000	      0.00000000	      0.00000000	      0.00000000	      0.00000000	      0.00000000	      0.00000000	      0.00000000	      0.00000000	      0.00000000	      0.00000000	      0.00000000	      0.00000000	      0.00000000	      0.00000000	      0.00000000	      0.00000000	      0.00000000	      0.00000000	      0.00000000	      0.00000000	      0.00000000	      0.40045370	    141.32590330	      0.16932571	     13.46480678	      0.20278824	      0.17203119	      0.00000000	      0.00000000	      0.00000000	     -0.00000000	      0.00000000	     -0.00000000	     -0.00000000	      0.00000000	     -0.04293394	     -0.02753662	      0.19056777	     -0.54013544	     -0.25717773	     -0.14996856	     -0.27132474	     -0.25946959	     -0.00000000	      0.52463674	     -0.44177980	     -0.00000000	     -0.00000000	     -0.00000000	      0.05066588	     -0.00000000	     -0.07720225	      0.00000000	     94.39441534	     -0.00000000	     -6.77077037	      0.00000000	     -0.00000000	      0.00000000	      0.00000000	      0.00000000
      2.10000000	      0.00000000	      0.00000000	      0.00000000	      0.00000000	      0.00000000	      0.00000000	      0.00000000	      0.00000000	      0.00000000	      0.00000000	      0.00000000	      0.00000000	      0.00000000	      0.00000000	      0.00000000	      0.00000000	      0.00000000	      0.00000000	      0.00000000	      0.00000000	      0.00000000	      0.00000000	      0.00000000	      0.00000000	      0.00000000	      0.00000000	      0.00000000	      0.00000000	      0.00000000	      0.00000000	      0.00000000	      0.00000000	      0.00000000	      0.00000000	      0.00000000	      0.00000000	      0.00000000	      0.00000000	      0.00000000	      0.00000000	      0.37951322	    139.10563333	      0.16637290	     12.87039100	      0.19652987	      0.16621975	      0.00000000	      0.00000000	      0.00000000	      0.00000000	      0.00000000	      0.00000000	     -0.00000000	      0.00000000	     -0.04203762	     -0.02763797	      0.18759864	     -0.54492433	     -0.25761702	     -0.14658771	     -0.28147653	     -0.26947143	     -0.00000000	      0.51439762	     -0.44731666	      0.00000000	      0.00000000	     -0.00000000	      0.04677152	     -0.00000000	     -0.07341791	      0.00000000	     91.44507609	      0.00000000	     -7.01242071	      0.00000000	     -0.00000000	     -0.00000000	     -0.00000000	     -0.00000000
      2.10500000	      0.00000000	      0.00000000	      0.00000000	      0.00000000	      0.00000000	      0.00000000	      0.00000000	      0.00000000	      0.00000000	      0.00000000	      0.00000000	      0.00000000	      0.00000000	      0.00000000	      0.00000000	      0.00000000	      0.00000000	      0.00000000	      0.00000000	      0.00000000	      0.00000000	      0.00000000	      0.00000000	      0.00000000	      0.00000000	      0.00000000	      0.00000000	      0.00000000	      0.00000000	      0.00000000	      0.00000000	      0.00000000	      0.00000000	      0.00000000	      0.00000000	      0.00000000	      0.00000000	      0.00000000	      0.00000000	      0.00000000	      0.35949040	    136.61722787	      0.16385378	     12.28666819	      0.19171740	      0.16189052	      0.00000000	     -0.00000000	      0.00000000	     -0.00000000	     -0.00000000	     -0.00000000	     -0.00000000	      0.00000000	     -0.04098047	     -0.02769626	      0.18457643	     -0.54723362	     -0.25686107	     -0.14297584	     -0.29150309	     -0.27923231	     -0.00000000	      0.50399934	     -0.45294363	      0.00000000	      0.00000000	     -0.00000000	      0.04267744	     -0.00000000	     -0.06944309	      0.00000000	     88.35932686	     -0.00000000	     -7.26351651	     -0.00000000	     -0.00000000	      0.00000000	     -0.00000000	      0.00000000
      2.11000000	      0.00000000	      0.00000000	      0.00000000	      0.00000000	      0.00000000	      0.00000000	      0.00000000	      0.00000000	      0.00000000	      0.00000000	      0.00000000	      0.00000000	      0.00000000	      0.00000000	      0.00000000	      0.00000000	      0.00000000	      0.00000000	      0.00000000	      0.00000000	      0.00000000	      0.00000000	      0.00000000	      0.00000000	      0.00000000	      0.00000000	      0.00000000	      0.00000000	      0.00000000	      0.00000000	      0.00000000	      0.00000000	      0.00000000	      0.00000000	      0.00000000	      0.00000000	      0.00000000	      0.00000000	      0.00000000	      0.00000000	      0.34099910	    133.94851896	      0.16184119	     11.71909429	      0.18850491	      0.15916763	      0.00000000	     -0.00000000	     -0.00000000	      0.00000000	      0.00000000	      0.00000000	     -0.00000000	      0.00000000	     -0.03977473	     -0.02769662	      0.18151879	     -0.54721480	     -0.25483204	     -0.13915058	     -0.30117174	     -0.28848202	     -0.00000000	      0.49370571	     -0.45873878	     -0.00000000	     -0.00000000	     -0.00000000	      0.03836211	     -0.00000000	     -0.06534824	      0.00000000	     85.18566115	      0.00000000	     -7.52022351	     -0.00000000	      0.00000000	     -0.00000000	      0.00000000	      0.00000000
      2.11500000	      0.00000000	      0.00000000	      0.00000000	      0.00000000	      0.00000000	      0.00000000	      0.00000000	      0.00000000	      0.00000000	      0.00000000	      0.00000000	      0.00000000	      0.00000000	      0.00000000	      0.00000000	      0.00000000	      0.00000000	      0.00000000	      0.00000000	      0.00000000	      0.00000000	      0.00000000	      0.00000000	      0.00000000	      0.00000000	      0.00000000	      0.00000000	      0.00000000	      0.00000000	      0.00000000	      0.00000000	      0.00000000	      0.00000000	      0.00000000	      0.00000000	      0.00000000	      0.00000000	      0.00000000	      0.00000000	      0.00000000	      0.32474590	    131.20176999	      0.16039592	     11.17268222	      0.18702723	      0.15816658	      0.00000000	     -0.00000000	      0.00000000	      0.00000000	     -0.00000000	      0.00000000	     -0.00000000	      0.00000000	     -0.03843955	     -0.02762582	      0.17843580	     -0.54492315	     -0.25142083	     -0.13513554	     -0.31021444	     -0.29690932	     -0.00000000	      0.48378217	     -0.46478358	      0.00000000	      0.00000000	     -0.00000000	      0.03381200	     -0.00000000	     -0.06121308	      0.00000000	     81.97893100	     -0.00000000	     -7.77847096	      0.00000000	      0.00000000	     -0.00000000	      0.00000000	     -0.00000000
      2.12000000	      0.00000000	      0.00000000	      0.00000000	      0.00000000	      0.00000000	      0.00000000	      0.00000000	      0.00000000	      0.00000000	      0.00000000	      0.00000000	      0.00000000	      0.00000000	      0.00000000	      0.00000000	      0.00000000	      0.00000000	      0.00000000	      0.00000000	      0.00000000	      0.00000000	      0.00000000	      0.00000000	      0.00000000	      0.00000000	      0.00000000	      0.00000000	      0.00000000	      0.00000000	      0.00000000	      0.00000000	      0.00000000	      0.00000000	      0.00000000	      0.00000000	      0.00000000	      0.00000000	      0.00000000	      0.00000000	      0.00000000	      0.31167880	    128.49125874	      0.15955446	     10.65237039	      0.18742154	      0.15901185	      0.00000000	     -0.00000000	      0.00000000	     -0.00000000	      0.00000000	     -0.00000000	     -0.00000000	      0.00000000	     -0.03700058	     -0.02747364	      0.17533713	     -0.54032303	     -0.24647844	     -0.13096040	     -0.31833554	     -0.30416486	     -0.00000000	      0.47448872	     -0.47115752	      0.00000000	     -0.00000000	     -0.00000000	      0.02902514	     -0.00000000	     -0.05712445	      0.00000000	     78.80179053	      0.00000000	     -8.03409737	      0.00000000	      0.00000000	     -0.00000000	     -0.00000000	     -0.00000000
      2.12500000	      0.00000000	      0.00000000	      0.00000000	      0.00000000	      0.00000000	      0.00000000	      0.00000000	      0.00000000	      0.00000000	      0.00000000	      0.00000000	      0.00000000	      0.00000000	      0.00000000	      0.00000000	      0.00000000	      0.00000000	      0.00000000	      0.00000000	      0.00000000	      0.00000000	      0.00000000	      0.00000000	      0.00000000	      0.00000000	      0.00000000	      0.00000000	      0.00000000	      0.00000000	      0.00000000	      0.00000000	      0.00000000	      0.00000000	      0.00000000	      0.00000000	      0.00000000	      0.00000000	      0.00000000	      0.00000000	      0.00000000	      0.30299406	    125.94005222	      0.15935642	     10.16175561	      0.18983753	      0.16184852	      0.00000000	     -0.00000000	     -0.00000000	      0.00000000	     -0.00000000	     -0.00000000	     -0.00000000	      0.00000000	     -0.03548903	     -0.02723398	      0.17224018	     -0.53325299	     -0.23984114	     -0.12666087	     -0.32521171	     -0.30985148	     -0.00000000	      0.46607355	     -0.47793288	      0.00000000	      0.00000000	     -0.00000000	      0.02401406	     -0.00000000	     -0.05317373	      0.00000000	     75.71712654	     -0.00000000	     -8.28297528	     -0.00000000	     -0.00000000	     -0.00000000	     -0.00000000	     -0.00000000
      2.13000000	      0.00000000	      0.00000000	      0.00000000	      0.00000000	      0.00000000	      0.00000000	      0.00000000	      0.00000000	      0.00000000	      0.00000000	      0.00000000	      0.00000000	      0.00000000	      0.00000000	      0.00000000	      0.00000000	      0.00000000	      0.00000000	      0.00000000	      0.00000000	      0.00000000	      0.00000000	      0.00000000	      0.00000000	      0.00000000	      0.00000000	      0.00000000	      0.00000000	      0.00000000	      0.00000000	      0.00000000	      0.00000000	      0.00000000	      0.00000000	      0.00000000	      0.00000000	      0.00000000	      0.00000000	      0.00000000	      0.00000000	      0.29994406	    123.67619096	      0.15983283	      9.70417962	      0.19444256	      0.16684717	      0.00000000	      0.00000000	     -0.00000000	     -0.00000000	      0.00000000	      0.00000000	     -0.00000000	      0.00000000	     -0.03394009	     -0.02690556	      0.16917786	     -0.52332510	     -0.23142046	     -0.12227825	     -0.33047724	     -0.31348773	     -0.00000000	      0.45876748	     -0.48517007	      0.00000000	      0.00000000	     -0.00000000	      0.01880765	     -0.00000000	     -0.04945425	      0.00000000	     72.77501006	      0.00000000	     -8.52109223	      0.00000000	      0.00000000	      0.00000000	     -0.00000000	      0.00000000
      2.13500000	      0.00000000	      0.00000000	      0.00000000	      0.00000000	      0.00000000	      0.00000000	      0.00000000	      0.00000000	      0.00000000	      0.00000000	      0.00000000	      0.00000000	      0.00000000	      0.00000000	      0.00000000	      0.00000000	      0.00000000	      0.00000000	      0.00000000	      0.00000000	      0.00000000	      0.00000000	      0.00000000	      0.00000000	      0.00000000	      0.00000000	      0.00000000	      0.00000000	      0.00000000	      0.00000000	      0.00000000	      0.00000000	      0.00000000	      0.00000000	      0.00000000	      0.00000000	      0.00000000	      0.00000000	      0.00000000	      0.00000000	      0.30350393	    121.82851492	      0.16101097	      9.28311173	      0.20141606	      0.17419303	      0.00000000	      0.00000000	      0.00000000	      0.00000000	      0.00000000	     -0.00000000	     -0.00000000	      0.00000000	     -0.03239097	     -0.02649199	      0.16620480	     -0.50969959	     -0.22133908	     -0.11785784	     -0.33368096	     -0.31441232	     -0.00000000	      0.45277976	     -0.49291428	     -0.00000000	      0.00000000	     -0.00000000	      0.01345196	     -0.00000000	     -0.04605891	      0.00000000	     70.05836606	     -0.00000000	     -8.74457920	     -0.00000000	      0.00000000	      0.00000000	     -0.00000000	      0.00000000
      2.14000000	      0.00000000	      0.00000000	      0.00000000	      0.00000000	      0.00000000	      0.00000000	      0.00000000	      0.00000000	      0.00000000	      0.00000000	      0.00000000	      0.00000000	      0.00000000	      0.00000000	      0.00000000	      0.00000000	      0.00000000	      0.00000000	      0.00000000	      0.00000000	      0.00000000	      0.00000000	      0.00000000	      0.00000000	      0.00000000	      0.00000000	      0.00000000	      0.00000000	      0.00000000	      0.00000000	      0.00000000	      0.00000000	      0.00000000	      0.00000000	      0.00000000	      0.00000000	      0.00000000	      0.00000000	      0.00000000	      0.00000000	      0.31411734	    120.52239699	      0.16291882	      8.90010447	      0.21092037	      0.18403941	      0.00000000	      0.00000000	     -0.00000000	     -0.00000000	     -0.00000000	     -0.00000000	     -0.00000000	      0.00000000	     -0.03087864	     -0.02600130	      0.16340132	     -0.49067954	     -0.20992589	     -0.11344629	     -0.33418530	     -0.31158547	     -0.00000000	      0.44829518	     -0.50119369	     -0.00000000	      0.00000000	     -0.00000000	      0.00800937	     -0.00000000	     -0.04307808	      0.00000000	     67.62358670	     -0.00000000	     -8.94969392	     -0.00000000	     -0.00000000	      0.00000000	     -0.00000000	      0.00000000
      2.14500000	      0.00000000	      0.00000000	      0.00000000	      0.00000000	      0.00000000	      0.00000000	      0.00000000	      0.00000000	      0.00000000	      0.00000000	      0.00000000	      0.00000000	      0.00000000	      0.00000000	      0.00000000	      0.00000000	      0.00000000	      0.00000000	      0.00000000	      0.00000000	      0.00000000	      0.00000000	      0.00000000	      0.00000000	      0.00000000	      0.00000000	      0.00000000	      0.00000000	      0.00000000	      0.00000000	      0.00000000	      0.00000000	      0.00000000	      0.00000000	      0.00000000	      0.00000000	      0.00000000	      0.00000000	      0.00000000	      0.00000000	      0.33165473	    119.87556664	      0.16558113	      8.55716904	      0.22303652	      0.19640800	      0.00000000	     -0.00000000	     -0.00000000	      0.00000000	      0.00000000	     -0.00000000	     -0.00000000	      0.00000000	     -0.02943755	     -0.02544508	      0.16087462	     -0.46371280	     -0.19750154	     -0.10908807	     -0.33099075	     -0.30355990	     -0.00000000	      0.44547195	     -0.51002034	      0.00000000	     -0.00000000	     -0.00000000	      0.00255574	     -0.00000000	     -0.04059767	      0.00000000	     65.53035268	     -0.00000000	     -9.13279765	     -0.00000000	     -0.00000000	     -0.00000000	     -0.00000000	      0.00000000
      2.15000000	      0.00000000	      0.00000000	      0.00000000	      0.00000000	      0.00000000	      0.00000000	      0.00000000	      0.00000000	      0.00000000	      0.00000000	      0.00000000	      0.00000000	      0.00000000	      0.00000000	      0.00000000	      0.00000000	      0.00000000	      0.00000000	      0.00000000	      0.00000000	      0.00000000	      0.00000000	      0.00000000	      0.00000000	      0.00000000	      0.00000000	      0.00000000	      0.00000000	      0.00000000	      0.00000000	      0.00000000	      0.00000000	      0.00000000	      0.00000000	      0.00000000	      0.00000000	      0.00000000	      0.00000000	      0.00000000	      0.00000000	      0.35546269	    119.99457171	      0.16902770	      8.25593680	      0.23768111	      0.21107200	      0.00000000	      0.00000000	     -0.00000000	      0.00000000	      0.00000000	     -0.00000000	     -0.00000000	      0.00000000	     -0.02809809	     -0.02483719	      0.15875904	     -0.42852525	     -0.18447011	     -0.10482256	     -0.32288426	     -0.29011436	     -0.00000000	      0.44444310	     -0.51938900	      0.00000000	     -0.00000000	     -0.00000000	     -0.00282182	     -0.00000000	     -0.03869856	      0.00000000	     63.83474133	     -0.00000000	     -9.29027143	      0.00000000	      0.00000000	      0.00000000	     -0.00000000	     -0.00000000
      2.15500000	      0.00000000	      0.00000000	      0.00000000	      0.00000000	      0.00000000	      0.00000000	      0.00000000	      0.00000000	      0.00000000	      0.00000000	      0.00000000	      0.00000000	      0.00000000	      0.00000000	      0.00000000	      0.00000000	      0.00000000	      0.00000000	      0.00000000	      0.00000000	      0.00000000	      0.00000000	      0.00000000	      0.00000000	      0.00000000	      0.00000000	      0.00000000	      0.00000000	      0.00000000	      0.00000000	      0.00000000	      0.00000000	      0.00000000	      0.00000000	      0.00000000	      0.00000000	      0.00000000	      0.00000000	      0.00000000	      0.00000000	      0.38361758	    120.97089121	      0.17329182	      7.99782328	      0.25456689	      0.22747805	      0.00000000	     -0.00000000	      0.00000000	     -0.00000000	     -0.00000000	     -0.00000000	     -0.00000000	      0.00000000	     -0.02688459	     -0.02419238	      0.15721261	     -0.38948133	     -0.17131970	     -0.10068058	     -0.31010539	     -0.27301678	     -0.00000000	      0.44531496	     -0.52928465	     -0.00000000	      0.00000000	     -0.00000000	     -0.00803362	     -0.00000000	     -0.03745409	      0.00000000	     62.59690640	     -0.00000000	     -9.41863235	     -0.00000000	      0.00000000	      0.00000000	      0.00000000	      0.00000000
      2.16000000	      0.00000000	      0.00000000	      0.00000000	      0.00000000	      0.00000000	      0.00000000	      0.00000000	      0.00000000	      0.00000000	      0.00000000	      0.00000000	      0.00000000	      0.00000000	      0.00000000	      0.00000000	      0.00000000	      0.00000000	      0.00000000	      0.00000000	      0.00000000	      0.00000000	      0.00000000	      0.00000000	      0.00000000	      0.00000000	      0.00000000	      0.00000000	      0.00000000	      0.00000000	      0.00000000	      0.00000000	      0.00000000	      0.00000000	      0.00000000	      0.00000000	      0.00000000	      0.00000000	      0.00000000	      0.00000000	      0.00000000	      0.41121497	    122.87850063	      0.17839923	      7.78432911	      0.27289039	      0.24368252	      0.00000000	     -0.00000000	     -0.00000000	      0.00000000	     -0.00000000	     -0.00000000	     -0.00000000	      0.00000000	     -0.02581486	     -0.02352482	      0.15641570	     -0.34980511	     -0.15852220	     -0.09668334	     -0.29426318	     -0.25341592	     -0.00000000	      0.44817184	     -0.53968338	     -0.00000000	      0.00000000	     -0.00000000	     -0.01299233	     -0.00000000	     -0.03693007	      0.00000000	     61.84201503	      0.00000000	     -9.51453526	      0.00000000	     -0.00000000	     -0.00000000	      0.00000000	     -0.00000000
      2.16500000	      0.00000000	      0.00000000	      0.00000000	      0.00000000	      0.00000000	      0.00000000	      0.00000000	      0.00000000	      0.00000000	      0.00000000	      0.00000000	      0.00000000	      0.00000000	      0.00000000	      0.00000000	      0.00000000	      0.00000000	      0.00000000	      0.00000000	      0.00000000	      0.00000000	      0.00000000	      0.00000000	      0.00000000	      0.00000000	      0.00000000	      0.00000000	      0.00000000	      0.00000000	      0.00000000	      0.00000000	      0.00000000	      0.00000000	      0.00000000	      0.00000000	      0.00000000	      0.00000000	      0.00000000	      0.00000000	      0.00000000	      0.43747030	    125.77148576	      0.18438662	      7.61733655	      0.29027124	      0.25707575	      0.00000000	     -0.00000000	      0.00000000	      0.00000000	      0.00000000	     -0.00000000	     -0.00000000	      0.00000000	     -0.02489981	     -0.02284673	      0.15656935	     -0.31231569	     -0.14641533	     -0.09284163	     -0.27628107	     -0.23230642	     -0.00000000	      0.45305457	     -0.55055709	      0.00000000	      0.00000000	     -0.00000000	     -0.01762134	     -0.00000000	     -0.03718363	      0.00000000	     61.61803224	      0.00000000	     -9.57489072	      0.00000000	     -0.00000000	     -0.00000000	      0.00000000	      0.00000000
      2.17000000	      0.00000000	      0.00000000	      0.00000000	      0.00000000	      0.00000000	      0.00000000	      0.00000000	      0.00000000	      0.00000000	      0.00000000	      0.00000000	      0.00000000	      0.00000000	      0.00000000	      0.00000000	      0.00000000	      0.00000000	      0.00000000	      0.00000000	      0.00000000	      0.00000000	      0.00000000	      0.00000000	      0.00000000	      0.00000000	      0.00000000	      0.00000000	      0.00000000	      0.00000000	      0.00000000	      0.00000000	      0.00000000	      0.00000000	      0.00000000	      0.00000000	      0.00000000	      0.00000000	      0.00000000	      0.00000000	      0.00000000	      0.46555194	    129.68235590	      0.19125712	      7.49942916	      0.30510417	      0.26757905	      0.00000000	      0.00000000	      0.00000000	      0.00000000	      0.00000000	      0.00000000	     -0.00000000	      0.00000000	     -0.02414372	     -0.02216743	      0.15789578	     -0.27879128	     -0.13515558	     -0.08915606	     -0.25695898	     -0.21002934	     -0.00000000	      0.45992367	     -0.56187666	      0.00000000	      0.00000000	     -0.00000000	     -0.02186224	     -0.00000000	     -0.03826226	      0.00000000	     61.95627739	      0.00000000	     -9.59696298	      0.00000000	      0.00000000	      0.00000000	      0.00000000	     -0.00000000
      2.17500000	      0.00000000	      0.00000000	      0.00000000	      0.00000000	      0.00000000	      0.00000000	      0.00000000	      0.00000000	      0.00000000	      0.00000000	      0.00000000	      0.00000000	      0.00000000	      0.00000000	      0.00000000	      0.00000000	      0.00000000	      0.00000000	      0.00000000	      0.00000000	      0.00000000	      0.00000000	      0.00000000	      0.00000000	      0.00000000	      0.00000000	      0.00000000	      0.00000000	      0.00000000	      0.00000000	      0.00000000	      0.00000000	      0.00000000	      0.00000000	      0.00000000	      0.00000000	      0.00000000	      0.00000000	      0.00000000	      0.00000000	      0.49763295	    134.62092836	      0.19890534	      7.43409174	      0.31795538	      0.27621220	      0.00000000	     -0.00000000	     -0.00000000	     -0.00000000	     -0.00000000	     -0.00000000	     -0.00000000	      0.00000000	     -0.02354509	     -0.02149278	      0.16064097	     -0.24940326	     -0.12475660	     -0.08561778	     -0.23658710	     -0.18631229	     -0.00000000	      0.46870268	     -0.57361379	     -0.00000000	     -0.00000000	     -0.00000000	     -0.02568118	     -0.00000000	     -0.04020277	      0.00000000	     62.88079128	     -0.00000000	     -9.57844163	     -0.00000000	     -0.00000000	      0.00000000	      0.00000000	     -0.00000000
      2.18000000	      0.00000000	      0.00000000	      0.00000000	      0.00000000	      0.00000000	      0.00000000	      0.00000000	      0.00000000	      0.00000000	      0.00000000	      0.00000000	      0.00000000	      0.00000000	      0.00000000	      0.00000000	      0.00000000	      0.00000000	      0.00000000	      0.00000000	      0.00000000	      0.00000000	      0.00000000	      0.00000000	      0.00000000	      0.00000000	      0.00000000	      0.00000000	      0.00000000	      0.00000000	      0.00000000	      0.00000000	      0.00000000	      0.00000000	      0.00000000	      0.00000000	      0.00000000	      0.00000000	      0.00000000	      0.00000000	      0.00000000	      0.53388514	    140.57381191	      0.20711331	      7.42595071	      0.32970556	      0.28368062	      0.00000000	      0.00000000	      0.00000000	     -0.00000000	      0.00000000	     -0.00000000	     -0.00000000	      0.00000000	     -0.02309769	     -0.02082521	      0.16507897	     -0.22353978	     -0.11515646	     -0.08220956	     -0.21498456	     -0.16073264	     -0.00000000	      0.47934058	     -0.58574083	      0.00000000	     -0.00000000	     -0.00000000	     -0.02907283	     -0.00000000	     -0.04303015	      0.00000000	     64.40808961	      0.00000000	     -9.51746891	      0.00000000	     -0.00000000	      0.00000000	     -0.00000000	      0.00000000
      2.18500000	      0.00000000	      0.00000000	      0.00000000	      0.00000000	      0.00000000	      0.00000000	      0.00000000	      0.00000000	      0.00000000	      0.00000000	      0.00000000	      0.00000000	      0.00000000	      0.00000000	      0.00000000	      0.00000000	      0.00000000	      0.00000000	      0.00000000	      0.00000000	      0.00000000	      0.00000000	      0.00000000	      0.00000000	      0.00000000	      0.00000000	      0.00000000	      0.00000000	      0.00000000	      0.00000000	      0.00000000	      0.00000000	      0.00000000	      0.00000000	      0.00000000	      0.00000000	      0.00000000	      0.00000000	      0.00000000	      0.00000000	      0.57376937	    147.50447382	      0.21565326	      7.48088730	      0.34091788	      0.29034078	      0.00000000	     -0.00000000	     -0.00000000	     -0.00000000	     -0.00000000	     -0.00000000	     -0.00000000	      0.00000000	     -0.02279183	     -0.02016421	      0.17151622	     -0.20053202	     -0.10626840	     -0.07890684	     -0.19183986	     -0.13293743	     -0.00000000	      0.49184875	     -0.59822832	     -0.00000000	     -0.00000000	     -0.00000000	     -0.03206138	     -0.00000000	     -0.04675641	      0.00000000	     66.54702417	     -0.00000000	     -9.41260449	     -0.00000000	     -0.00000000	     -0.00000000	      0.00000000	     -0.00000000
      2.19000000	      0.00000000	      0.00000000	      0.00000000	      0.00000000	      0.00000000	      0.00000000	      0.00000000	      0.00000000	      0.00000000	      0.00000000	      0.00000000	      0.00000000	      0.00000000	      0.00000000	      0.00000000	      0.00000000	      0.00000000	      0.00000000	      0.00000000	      0.00000000	      0.00000000	      0.00000000	      0.00000000	      0.00000000	      0.00000000	      0.00000000	      0.00000000	      0.00000000	      0.00000000	      0.00000000	      0.00000000	      0.00000000	      0.00000000	      0.00000000	      0.00000000	      0.00000000	      0.00000000	      0.00000000	      0.00000000	      0.00000000	      0.61705065	    155.35354205	      0.22438515	      7.60639852	      0.35185575	      0.29635536	      0.00000000	     -0.00000000	      0.00000000	     -0.00000000	      0.00000000	      0.00000000	     -0.00000000	      0.00000000	     -0.02261567	     -0.01950702	      0.18029218	     -0.17988031	     -0.09800656	     -0.07567879	     -0.16689197	     -0.10267200	     -0.00000000	      0.50628351	     -0.61103939	     -0.00000000	     -0.00000000	     -0.00000000	     -0.03469808	     -0.00000000	     -0.05137909	      0.00000000	     69.29861217	      0.00000000	     -9.26272245	     -0.00000000	      0.00000000	      0.00000000	     -0.00000000	     -0.00000000
      2.19500000	      0.00000000	      0.00000000	      0.00000000	      0.00000000	      0.00000000	      0.00000000	      0.00000000	      0.00000000	      0.00000000	      0.00000000	      0.00000000	      0.00000000	      0.00000000	      0.00000000	      0.00000000	      0.00000000	      0.00000000	      0.00000000	      0.00000000	      0.00000000	      0.00000000	      0.00000000	      0.00000000	      0.00000000	      0.00000000	      0.00000000	      0.00000000	      0.00000000	      0.00000000	      0.00000000	      0.00000000	      0.00000000	      0.00000000	      0.00000000	      0.00000000	      0.00000000	      0.00000000	      0.00000000	      0.00000000	      0.00000000	      0.66340613	    164.04189495	      0.23328728	      7.81265300	      0.36260275	      0.30178807	      0.00000000	     -0.00000000	      0.00000000	     -0.00000000	      0.00000000	     -0.00000000	     -0.00000000	      0.00000000	     -0.02255648	     -0.01884938	      0.19177211	     -0.16124784	     -0.09029574	     -0.07248967	     -0.13995742	     -0.07135556	     -0.00000000	      0.52271061	     -0.62412560	      0.00000000	     -0.00000000	     -0.00000000	     -0.03705650	     -0.00000000	     -0.05688126	      0.00000000	     72.65674654	     -0.00000000	     -9.06678506	     -0.00000000	     -0.00000000	      0.00000000	      0.00000000	      0.00000000
      2.20000000	      0.00000000	      0.00000000	      0.00000000	      0.00000000	      0.00000000	      0.00000000	      0.00000000	      0.00000000	      0.00000000	      0.00000000	      0.00000000	      0.00000000	      0.00000000	      0.00000000	      0.00000000	      0.00000000	      0.00000000	      0.00000000	      0.00000000	      0.00000000	      0.00000000	      0.00000000	      0.00000000	      0.00000000	      0.00000000	      0.00000000	      0.00000000	      0.00000000	      0.00000000	      0.00000000	      0.00000000	      0.00000000	      0.00000000	      0.00000000	      0.00000000	      0.00000000	      0.00000000	      0.00000000	      0.00000000	      0.00000000	      0.71241969	    173.47053234	      0.24241250	      8.11189112	      0.37316796	      0.30665235	      0.00000000	      0.00000000	      0.00000000	      0.00000000	      0.00000000	      0.00000000	     -0.00000000	      0.00000000	     -0.02260173	     -0.01818627	      0.20632004	     -0.14438703	     -0.08307445	     -0.06930152	     -0.11091820	     -0.04687693	     -0.00000000	      0.54117344	     -0.63741453	      0.00000000	     -0.00000000	     -0.00000000	     -0.03922374	     -0.00000000	     -0.06322943	      0.00000000	     76.60766874	      0.00000000	     -8.82369846	     -0.00000000	      0.00000000	     -0.00000000	     -0.00000000	     -0.00000000
      2.20500000	      0.00000000	      0.00000000	      0.00000000	      0.00000000	      0.00000000	      0.00000000	      0.00000000	      0.00000000	      0.00000000	      0.00000000	      0.00000000	      0.00000000	      0.00000000	      0.00000000	      0.00000000	      0.00000000	      0.00000000	      0.00000000	      0.00000000	      0.00000000	      0.00000000	      0.00000000	      0.00000000	      0.00000000	      0.00000000	      0.00000000	      0.00000000	      0.00000000	      0.00000000	      0.00000000	      0.00000000	      0.00000000	      0.00000000	      0.00000000	      0.00000000	      0.00000000	      0.00000000	      0.00000000	      0.00000000	      0.00000000	      0.76367944	    183.52465414	      0.25182426	      8.52093431	      0.38343962	      0.31093691	      0.00000000	     -0.00000000	      0.00000000	     -0.00000000	      0.00000000	      0.00000000	     -0.00000000	      0.00000000	     -0.02274013	     -0.01751247	      0.22425250	     -0.12903942	     -0.07629568	     -0.06607736	     -0.08018926	     -0.03413056	     -0.00000000	      0.56168176	     -0.65080312	     -0.00000000	      0.00000000	     -0.00000000	     -0.04129159	     -0.00000000	     -0.07037372	      0.00000000	     81.12439230	      0.00000000	     -8.53216647	      0.00000000	     -0.00000000	     -0.00000000	     -0.00000000	      0.00000000
      2.21000000	      0.00000000	      0.00000000	      0.00000000	      0.00000000	      0.00000000	      0.00000000	      0.00000000	      0.00000000	      0.00000000	      0.00000000	      0.00000000	      0.00000000	      0.00000000	      0.00000000	      0.00000000	      0.00000000	      0.00000000	      0.00000000	      0.00000000	      0.00000000	      0.00000000	      0.00000000	      0.00000000	      0.00000000	      0.00000000	      0.00000000	      0.00000000	      0.00000000	      0.00000000	      0.00000000	      0.00000000	      0.00000000	      0.00000000	      0.00000000	      0.00000000	      0.00000000	      0.00000000	      0.00000000	      0.00000000	      0.00000000	      0.81688667	    194.07635732	      0.26157109	      9.06029842	      0.39337474	      0.31461983	      0.00000000	      0.00000000	     -0.00000000	     -0.00000000	     -0.00000000	      0.00000000	     -0.00000000	      0.00000000	     -0.02296247	     -0.01682294	      0.24577761	     -0.11503164	     -0.06992732	     -0.06278429	     -0.05407874	     -0.02788265	     -0.00000000	      0.58420446	     -0.66414813	     -0.00000000	     -0.00000000	     -0.00000000	     -0.04334618	     -0.00000000	     -0.07824735	      0.00000000	     86.20164429	      0.00000000	     -8.19075183	     -0.00000000	      0.00000000	      0.00000000	      0.00000000	      0.00000000
      2.21500000	      0.00000000	      0.00000000	      0.00000000	      0.00000000	      0.00000000	      0.00000000	      0.00000000	      0.00000000	      0.00000000	      0.00000000	      0.00000000	      0.00000000	      0.00000000	      0.00000000	      0.00000000	      0.00000000	      0.00000000	      0.00000000	      0.00000000	      0.00000000	      0.00000000	      0.00000000	      0.00000000	      0.00000000	      0.00000000	      0.00000000	      0.00000000	      0.00000000	      0.00000000	      0.00000000	      0.00000000	      0.00000000	      0.00000000	      0.00000000	      0.00000000	      0.00000000	      0.00000000	      0.00000000	      0.00000000	      0.00000000	      0.87193563	    204.98801627	      0.27166410	      9.75528784	      0.40291365	      0.31767673	      0.00000000	     -0.00000000	      0.00000000	      0.00000000	     -0.00000000	     -0.00000000	     -0.00000000	      0.00000000	     -0.02326218	     -0.01611329	      0.27073304	     -0.10255268	     -0.06395207	     -0.05939576	     -0.03913615	     -0.02221429	     -0.00000000	      0.60866476	     -0.67725908	     -0.00000000	     -0.00000000	     -0.00000000	     -0.04545807	     -0.00000000	     -0.08676662	      0.00000000	     91.77982964	      0.00000000	     -7.79813942	      0.00000000	      0.00000000	      0.00000000	      0.00000000	      0.00000000
      2.22000000	      0.00000000	      0.00000000	      0.00000000	      0.00000000	      0.00000000	      0.00000000	      0.00000000	      0.00000000	      0.00000000	      0.00000000	      0.00000000	      0.00000000	      0.00000000	      0.00000000	      0.00000000	      0.00000000	      0.00000000	      0.00000000	      0.00000000	      0.00000000	      0.00000000	      0.00000000	      0.00000000	      0.00000000	      0.00000000	      0.00000000	      0.00000000	      0.00000000	      0.00000000	      0.00000000	      0.00000000	      0.00000000	      0.00000000	      0.00000000	      0.00000000	      0.00000000	      0.00000000	      0.00000000	      0.00000000	      0.00000000	      0.92890823	    216.11594622	      0.28212161	     10.63425697	      0.41200775	      0.32008597	      0.00000000	      0.00000000	      0.00000000	     -0.00000000	      0.00000000	      0.00000000	     -0.00000000	      0.00000000	     -0.02363579	     -0.01538019	      0.29779258	     -0.09184453	     -0.05836735	     -0.05589307	     -0.03392993	     -0.01696894	     -0.00000000	      0.63493513	     -0.68989515	      0.00000000	      0.00000000	     -0.00000000	     -0.04767332	     -0.00000000	     -0.09583140	      0.00000000	     97.82806432	     -0.00000000	     -7.35365067	      0.00000000	      0.00000000	     -0.00000000	     -0.00000000	     -0.00000000
      2.22500000	      0.00000000	      0.00000000	      0.00000000	      0.00000000	      0.00000000	      0.00000000	      0.00000000	      0.00000000	      0.00000000	      0.00000000	      0.00000000	      0.00000000	      0.00000000	      0.00000000	      0.00000000	      0.00000000	      0.00000000	      0.00000000	      0.00000000	      0.00000000	      0.00000000	      0.00000000	      0.00000000	      0.00000000	      0.00000000	      0.00000000	      0.00000000	      0.00000000	      0.00000000	      0.00000000	      0.00000000	      0.00000000	      0.00000000	      0.00000000	      0.00000000	      0.00000000	      0.00000000	      0.00000000	      0.00000000	      0.00000000	      0.98801590	    227.31430570	      0.29289577	     11.72653596	      0.42059882	      0.32183218	      0.00000000	     -0.00000000	     -0.00000000	      0.00000000	     -0.00000000	     -0.00000000	     -0.00000000	      0.00000000	     -0.02408320	     -0.01462200	      0.32517991	     -0.08306614	     -0.05318491	     -0.05226624	     -0.03019361	     -0.01210128	     -0.00000000	      0.66283183	     -0.70177018	     -0.00000000	      0.00000000	     -0.00000000	     -0.05000634	     -0.00000000	     -0.10532628	      0.00000000	    104.29958392	     -0.00000000	     -6.85813895	     -0.00000000	     -0.00000000	      0.00000000	     -0.00000000	     -0.00000000
      2.23000000	      0.00000000	      0.00000000	      0.00000000	      0.00000000	      0.00000000	      0.00000000	      0.00000000	      0.00000000	      0.00000000	      0.00000000	      0.00000000	      0.00000000	      0.00000000	      0.00000000	      0.00000000	      0.00000000	      0.00000000	      0.00000000	      0.00000000	      0.00000000	      0.00000000	      0.00000000	      0.00000000	      0.00000000	      0.00000000	      0.00000000	      0.00000000	      0.00000000	      0.00000000	      0.00000000	      0.00000000	      0.00000000	      0.00000000	      0.00000000	      0.00000000	      0.00000000	      0.00000000	      0.00000000	      0.00000000	      0.00000000	      1.04954838	    238.43921336	      0.30394626	     13.06316646	      0.42868422	      0.32290911	      0.00000000	     -0.00000000	     -0.00000000	     -0.00000000	     -0.00000000	     -0.00000000	     -0.00000000	      0.00000000	     -0.02460770	     -0.01383950	      0.35215189	     -0.07634822	     -0.04842975	     -0.04851421	     -0.02702089	     -0.00747604	     -0.00000000	      0.69210982	     -0.71257006	     -0.00000000	     -0.00000000	     -0.00000000	     -0.05243524	     -0.00000000	     -0.11512261	      0.00000000	    111.13658341	     -0.00000000	     -6.31562586	     -0.00000000	     -0.00000000	     -0.00000000	      0.00000000	     -0.00000000
      2.23500000	      0.00000000	      0.00000000	      0.00000000	      0.00000000	      0.00000000	      0.00000000	      0.00000000	      0.00000000	      0.00000000	      0.00000000	      0.00000000	      0.00000000	      0.00000000	      0.00000000	      0.00000000	      0.00000000	      0.00000000	      0.00000000	      0.00000000	      0.00000000	      0.00000000	      0.00000000	      0.00000000	      0.00000000	      0.00000000	      0.00000000	      0.00000000	      0.00000000	      0.00000000	      0.00000000	      0.00000000	      0.00000000	      0.00000000	      0.00000000	      0.00000000	      0.00000000	      0.00000000	      0.00000000	      0.00000000	      0.00000000	      1.11383873	    249.35304101	      0.31521863	     14.67735482	      0.43621145	      0.32332207	      0.00000000	      0.00000000	      0.00000000	      0.00000000	      0.00000000	      0.00000000	     -0.00000000	      0.00000000	     -0.02521585	     -0.01303675	      0.37879987	     -0.07181105	     -0.04413813	     -0.04464430	     -0.02442347	     -0.00318094	     -0.00000000	      0.72245969	     -0.72198208	      0.00000000	      0.00000000	     -0.00000000	     -0.05490055	     -0.00000000	     -0.12508137	      0.00000000	    118.29187789	      0.00000000	     -5.73639292	      0.00000000	     -0.00000000	      0.00000000	     -0.00000000	      0.00000000
      2.24000000	      0.00000000	      0.00000000	      0.00000000	      0.00000000	      0.00000000	      0.00000000	      0.00000000	      0.00000000	      0.00000000	      0.00000000	      0.00000000	      0.00000000	      0.00000000	      0.00000000	      0.00000000	      0.00000000	      0.00000000	      0.00000000	      0.00000000	      0.00000000	      0.00000000	      0.00000000	      0.00000000	      0.00000000	      0.00000000	      0.00000000	      0.00000000	      0.00000000	      0.00000000	      0.00000000	      0.00000000	      0.00000000	      0.00000000	      0.00000000	      0.00000000	      0.00000000	      0.00000000	      0.00000000	      0.00000000	      0.00000000	      1.18122922	    259.92876121	      0.32662979	     16.60329616	      0.44315487	      0.32308992	      0.00000000	     -0.00000000	     -0.00000000	      0.00000000	     -0.00000000	     -0.00000000	     -0.00000000	      0.00000000	     -0.02591718	     -0.01222204	      0.40529929	     -0.06956145	     -0.04035496	     -0.04067109	     -0.02235462	     -0.00000000	     -0.00000000	      0.75350803	     -0.72972345	     -0.00000000	     -0.00000000	     -0.00000000	     -0.05730803	     -0.00000000	     -0.13505699	      0.00000000	    125.69743897	     -0.00000000	     -5.14135786	     -0.00000000	     -0.00000000	     -0.00000000	      0.00000000	     -0.00000000
      2.24500000	      0.00000000	      0.00000000	      0.00000000	      0.00000000	      0.00000000	      0.00000000	      0.00000000	      0.00000000	      0.00000000	      0.00000000	      0.00000000	      0.00000000	      0.00000000	      0.00000000	      0.00000000	      0.00000000	      0.00000000	      0.00000000	      0.00000000	      0.00000000	      0.00000000	      0.00000000	      0.00000000	      0.00000000	      0.00000000	      0.00000000	      0.00000000	      0.00000000	      0.00000000	      0.00000000	      0.00000000	      0.00000000	      0.00000000	      0.00000000	      0.00000000	      0.00000000	      0.00000000	      0.00000000	      0.00000000	      0.00000000	      1.25203026	    270.05410305	      0.33813180	     18.87321025	      0.44950054	      0.32224607	      0.00000000	     -0.00000000	     -0.00000000	      0.00000000	      0.00000000	     -0.00000000	     -0.00000000	      0.00000000	     -0.02672367	     -0.01140889	      0.43167764	     -0.06968397	     -0.03713083	     -0.03661532	     -0.02073784	     -0.00000000	     -0.00000000	      0.78482275	     -0.73554949	      0.00000000	      0.00000000	     -0.00000000	     -0.05953635	     -0.00000000	     -0.14490175	      0.00000000	    133.29677268	      0.00000000	     -4.55688729	      0.00000000	      0.00000000	     -0.00000000	     -0.00000000	     -0.00000000
      2.25000000	      0.00000000	      0.00000000	      0.00000000	      0.00000000	      0.00000000	      0.00000000	      0.00000000	      0.00000000	      0.00000000	      0.00000000	      0.00000000	      0.00000000	      0.00000000	      0.00000000	      0.00000000	      0.00000000	      0.00000000	      0.00000000	      0.00000000	      0.00000000	      0.00000000	      0.00000000	      0.00000000	      0.00000000	      0.00000000	      0.00000000	      0.00000000	      0.00000000	      0.00000000	      0.00000000	      0.00000000	      0.00000000	      0.00000000	      0.00000000	      0.00000000	      0.00000000	      0.00000000	      0.00000000	      0.00000000	      0.00000000	      1.32647558	    279.63520241	      0.34964084	     21.51884885	      0.45525123	      0.32083864	      0.00000000	     -0.00000000	      0.00000000	     -0.00000000	     -0.00000000	      0.00000000	     -0.00000000	      0.00000000	     -0.02764898	     -0.01061691	      0.45783200	     -0.07223053	     -0.03451859	     -0.03250451	     -0.01971774	     -0.00000000	     -0.00000000	      0.81592422	     -0.73922521	     -0.00000000	     -0.00000000	     -0.00000000	     -0.06144948	     -0.00000000	     -0.15447051	      0.00000000	    140.99935942	     -0.00000000	     -3.97857936	      0.00000000	     -0.00000000	     -0.00000000	      0.00000000	      0.00000000
      2.25500000	      0.00000000	      0.00000000	      0.00000000	      0.00000000	      0.00000000	      0.00000000	      0.00000000	      0.00000000	      0.00000000	      0.00000000	      0.00000000	      0.00000000	      0.00000000	      0.00000000	      0.00000000	      0.00000000	      0.00000000	      0.00000000	      0.00000000	      0.00000000	      0.00000000	      0.00000000	      0.00000000	      0.00000000	      0.00000000	      0.00000000	      0.00000000	      0.00000000	      0.00000000	      0.00000000	      0.00000000	      0.00000000	      0.00000000	      0.00000000	      0.00000000	      0.00000000	      0.00000000	      0.00000000	      0.00000000	      0.00000000	      1.40468245	    288.59945318	      0.36108378	     24.56826464	      0.46042728	      0.31892973	      0.00000000	     -0.00000000	     -0.00000000	      0.00000000	     -0.00000000	      0.00000000	     -0.00000000	      0.00000000	     -0.02870711	     -0.00987242	      0.48358272	     -0.07720888	     -0.03256872	     -0.02837934	     -0.01941914	     -0.00000000	     -0.00000000	      0.84630297	     -0.74054690	     -0.00000000	      0.00000000	     -0.00000000	     -0.06291220	     -0.00000000	     -0.16362526	      0.00000000	    148.72445388	      0.00000000	     -3.36860176	      0.00000000	     -0.00000000	      0.00000000	      0.00000000	      0.00000000
      2.26000000	      0.00000000	      0.00000000	      0.00000000	      0.00000000	      0.00000000	      0.00000000	      0.00000000	      0.00000000	      0.00000000	      0.00000000	      0.00000000	      0.00000000	      0.00000000	      0.00000000	      0.00000000	      0.00000000	      0.00000000	      0.00000000	      0.00000000	      0.00000000	      0.00000000	      0.00000000	      0.00000000	      0.00000000	      0.00000000	      0.00000000	      0.00000000	      0.00000000	      0.00000000	      0.00000000	      0.00000000	      0.00000000	      0.00000000	      0.00000000	      0.00000000	      0.00000000	      0.00000000	      0.00000000	      0.00000000	      0.00000000	      1.48662680	    296.89732652	      0.37242685	     28.04467558	      0.46506677	      0.31659373	      0.00000000	     -0.00000000	     -0.00000000	     -0.00000000	     -0.00000000	      0.00000000	     -0.00000000	      0.00000000	     -0.02991027	     -0.00920883	      0.50871596	     -0.08457284	     -0.03132290	     -0.02430642	     -0.01988774	     -0.00000000	     -0.00000000	      0.87544422	     -0.73938260	     -0.00000000	      0.00000000	     -0.00000000	     -0.06380544	     -0.00000000	     -0.17223925	      0.00000000	    156.47886661	      0.00000000	     -2.73210531	      0.00000000	      0.00000000	      0.00000000	      0.00000000	     -0.00000000
      2.26500000	      0.00000000	      0.00000000	      0.00000000	      0.00000000	      0.00000000	      0.00000000	      0.00000000	      0.00000000	      0.00000000	      0.00000000	      0.00000000	      0.00000000	      0.00000000	      0.00000000	      0.00000000	      0.00000000	      0.00000000	      0.00000000	      0.00000000	      0.00000000	      0.00000000	      0.00000000	      0.00000000	      0.00000000	      0.00000000	      0.00000000	      0.00000000	      0.00000000	      0.00000000	      0.00000000	      0.00000000	      0.00000000	      0.00000000	      0.00000000	      0.00000000	      0.00000000	      0.00000000	      0.00000000	      0.00000000	      0.00000000	      1.57214107	    304.50300000	      0.38360084	     31.96962132	      0.46922648	      0.31391531	      0.00000000	     -0.00000000	      0.00000000	      0.00000000	      0.00000000	      0.00000000	     -0.00000000	      0.00000000	     -0.03126563	     -0.00866605	      0.53301075	     -0.09421480	     -0.03080528	     -0.02038403	     -0.02113699	     -0.00000000	     -0.00000000	      0.90285964	     -0.73568358	      0.00000000	      0.00000000	     -0.00000000	     -0.06403878	     -0.00000000	     -0.18020050	      0.00000000	    164.15696457	      0.00000000	     -2.10714998	      0.00000000	      0.00000000	     -0.00000000	     -0.00000000	     -0.00000000
      2.27000000	      0.00000000	      0.00000000	      0.00000000	      0.00000000	      0.00000000	      0.00000000	      0.00000000	      0.00000000	      0.00000000	      0.00000000	      0.00000000	      0.00000000	      0.00000000	      0.00000000	      0.00000000	      0.00000000	      0.00000000	      0.00000000	      0.00000000	      0.00000000	      0.00000000	      0.00000000	      0.00000000	      0.00000000	      0.00000000	      0.00000000	      0.00000000	      0.00000000	      0.00000000	      0.00000000	      0.00000000	      0.00000000	      0.00000000	      0.00000000	      0.00000000	      0.00000000	      0.00000000	      0.00000000	      0.00000000	      0.00000000	      1.66093739	    311.41371038	      0.39458593	     36.35719363	      0.47297894	      0.31098725	      0.00000000	      0.00000000	      0.00000000	     -0.00000000	      0.00000000	      0.00000000	     -0.00000000	      0.00000000	     -0.03277128	     -0.00828852	      0.55625171	     -0.10596284	     -0.03101185	     -0.01672891	     -0.02315541	     -0.00000000	     -0.00000000	      0.92812423	     -0.72948896	      0.00000000	      0.00000000	     -0.00000000	     -0.06355898	     -0.00000000	     -0.18741338	      0.00000000	    171.70471069	     -0.00000000	     -1.50668450	     -0.00000000	      0.00000000	     -0.00000000	     -0.00000000	     -0.00000000
      2.27500000	      0.00000000	      0.00000000	      0.00000000	      0.00000000	      0.00000000	      0.00000000	      0.00000000	      0.00000000	      0.00000000	      0.00000000	      0.00000000	      0.00000000	      0.00000000	      0.00000000	      0.00000000	      0.00000000	      0.00000000	      0.00000000	      0.00000000	      0.00000000	      0.00000000	      0.00000000	      0.00000000	      0.00000000	      0.00000000	      0.00000000	      0.00000000	      0.00000000	      0.00000000	      0.00000000	      0.00000000	      0.00000000	      0.00000000	      0.00000000	      0.00000000	      0.00000000	      0.00000000	      0.00000000	      0.00000000	      0.00000000	      1.75265266	    317.64783080	      0.40534401	     41.21705578	      0.47640181	      0.30790709	      0.00000000	      0.00000000	      0.00000000	      0.00000000	     -0.00000000	      0.00000000	     -0.00000000	      0.00000000	     -0.03441189	     -0.00812046	      0.57822918	     -0.11958515	     -0.03190031	     -0.01345589	     -0.02590482	     -0.00000000	     -0.00000000	      0.95093159	     -0.72092578	      0.00000000	      0.00000000	     -0.00000000	     -0.06235994	     -0.00000000	     -0.19380125	      0.00000000	    179.07617357	      0.00000000	     -0.92191791	      0.00000000	      0.00000000	     -0.00000000	     -0.00000000	     -0.00000000
      2.28000000	      0.00000000	      0.00000000	      0.00000000	      0.00000000	      0.00000000	      0.00000000	      0.00000000	      0.00000000	      0.00000000	      0.00000000	      0.00000000	      0.00000000	      0.00000000	      0.00000000	      0.00000000	      0.00000000	      0.00000000	      0.00000000	      0.00000000	      0.00000000	      0.00000000	      0.00000000	      0.00000000	      0.00000000	      0.00000000	      0.00000000	      0.00000000	      0.00000000	      0.00000000	      0.00000000	      0.00000000	      0.00000000	      0.00000000	      0.00000000	      0.00000000	      0.00000000	      0.00000000	      0.00000000	      0.00000000	      0.00000000	      1.84690732	    323.24181561	      0.41586502	     46.55389976	      0.47958036	      0.30477372	      0.00000000	      0.00000000	      0.00000000	     -0.00000000	      0.00000000	      0.00000000	     -0.00000000	      0.00000000	     -0.03615575	     -0.00819257	      0.59873055	     -0.13480124	     -0.03338887	     -0.01066402	     -0.02931721	     -0.00000000	     -0.00000000	      0.97117193	     -0.71020568	     -0.00000000	     -0.00000000	     -0.00000000	     -0.06048744	     -0.00000000	     -0.19930885	      0.00000000	    186.08545438	     -0.00000000	     -0.36811249	      0.00000000	     -0.00000000	      0.00000000	      0.00000000	      0.00000000
      2.28500000	      0.00000000	      0.00000000	      0.00000000	      0.00000000	      0.00000000	      0.00000000	      0.00000000	      0.00000000	      0.00000000	      0.00000000	      0.00000000	      0.00000000	      0.00000000	      0.00000000	      0.00000000	      0.00000000	      0.00000000	      0.00000000	      0.00000000	      0.00000000	      0.00000000	      0.00000000	      0.00000000	      0.00000000	      0.00000000	      0.00000000	      0.00000000	      0.00000000	      0.00000000	      0.00000000	      0.00000000	      0.00000000	      0.00000000	      0.00000000	      0.00000000	      0.00000000	      0.00000000	      0.00000000	      0.00000000	      0.00000000	      1.94336712	    328.24630511	      0.42613025	     52.36597425	      0.48259340	      0.30168439	      0.00000000	     -0.00000000	      0.00000000	      0.00000000	      0.00000000	      0.00000000	     -0.00000000	      0.00000000	     -0.03795457	     -0.00851734	      0.61753163	     -0.15129598	     -0.03537568	     -0.00842848	     -0.03329136	     -0.00000000	     -0.00000000	      0.98899784	     -0.69761825	      0.00000000	      0.00000000	     -0.00000000	     -0.05803707	     -0.00000000	     -0.20390276	      0.00000000	    192.80120183	      0.00000000	     -0.00951405	      0.00000000	      0.00000000	     -0.00000000	     -0.00000000	     -0.00000000
      2.29000000	      0.00000000	      0.00000000	      0.00000000	      0.00000000	      0.00000000	      0.00000000	      0.00000000	      0.00000000	      0.00000000	      0.00000000	      0.00000000	      0.00000000	      0.00000000	      0.00000000	      0.00000000	      0.00000000	      0.00000000	      0.00000000	      0.00000000	      0.00000000	      0.00000000	      0.00000000	      0.00000000	      0.00000000	      0.00000000	      0.00000000	      0.00000000	      0.00000000	      0.00000000	      0.00000000	      0.00000000	      0.00000000	      0.00000000	      0.00000000	      0.00000000	      0.00000000	      0.00000000	      0.00000000	      0.00000000	      0.00000000	      2.04179728	    332.72174197	      0.43611774	     58.64595098	      0.48550203	      0.29873207	      0.00000000	      0.00000000	     -0.00000000	      0.00000000	     -0.00000000	     -0.00000000	     -0.00000000	      0.00000000	     -0.03974629	     -0.00909487	      0.63440698	     -0.16872933	     -0.03776440	     -0.00679475	     -0.03769079	     -0.00000000	     -0.00000000	      1.00481908	     -0.68351990	     -0.00000000	     -0.00000000	     -0.00000000	     -0.05514779	     -0.00000000	     -0.20757189	      0.00000000	    199.23986201	     -0.00000000	     -0.00000000	     -0.00000000	     -0.00000000	     -0.00000000	      0.00000000	      0.00000000
      2.29500000	      0.00000000	      0.00000000	      0.00000000	      0.00000000	      0.00000000	      0.00000000	      0.00000000	      0.00000000	      0.00000000	      0.00000000	      0.00000000	      0.00000000	      0.00000000	      0.00000000	      0.00000000	      0.00000000	      0.00000000	      0.00000000	      0.00000000	      0.00000000	      0.00000000	      0.00000000	      0.00000000	      0.00000000	      0.00000000	      0.00000000	      0.00000000	      0.00000000	      0.00000000	      0.00000000	      0.00000000	      0.00000000	      0.00000000	      0.00000000	      0.00000000	      0.00000000	      0.00000000	      0.00000000	      0.00000000	      0.00000000	      2.14210060	    336.73381866	      0.44580876	     65.37753702	      0.48837750	      0.29600248	      0.00000000	     -0.00000000	     -0.00000000	      0.00000000	      0.00000000	     -0.00000000	     -0.00000000	      0.00000000	     -0.04144435	     -0.00991155	      0.64918063	     -0.18672439	     -0.04045642	     -0.00577398	     -0.04234360	     -0.00291296	     -0.00000000	      1.01920521	     -0.66831810	     -0.00000000	     -0.00000000	     -0.00000000	     -0.05199229	     -0.00000000	     -0.21032715	      0.00000000	    205.39617832	      0.00000000	     -0.00000000	     -0.00000000	     -0.00000000	      0.00000000	      0.00000000	      0.00000000
      2.30000000	      0.00000000	      0.00000000	      0.00000000	      0.00000000	      0.00000000	      0.00000000	      0.00000000	      0.00000000	      0.00000000	      0.00000000	      0.00000000	      0.00000000	      0.00000000	      0.00000000	      0.00000000	      0.00000000	      0.00000000	      0.00000000	      0.00000000	      0.00000000	      0.00000000	      0.00000000	      0.00000000	      0.00000000	      0.00000000	      0.00000000	      0.00000000	      0.00000000	      0.00000000	      0.00000000	      0.00000000	      0.00000000	      0.00000000	      0.00000000	      0.00000000	      0.00000000	      0.00000000	      0.00000000	      0.00000000	      0.00000000	      2.24433478	    340.34901095	      0.45518809	     72.53964133	      0.49124522	      0.29357019	      0.00000000	      0.00000000	     -0.00000000	      0.00000000	     -0.00000000	     -0.00000000	     -0.00000000	      0.00000000	     -0.04293953	     -0.01093599	      0.66180275	     -0.20479965	     -0.04332280	     -0.00534054	     -0.04704403	     -0.00681225	     -0.00000000	      1.03277741	     -0.65245143	     -0.00000000	     -0.00000000	     -0.00000000	     -0.04876572	     -0.00000000	     -0.21219991	      0.00000000	    211.27604269	     -0.00000000	     -0.00000000	     -0.00000000	     -0.00000000	      0.00000000	      0.00000000	     -0.00000000
      2.30500000	      0.00000000	      0.00000000	      0.00000000	      0.00000000	      0.00000000	      0.00000000	      0.00000000	      0.00000000	      0.00000000	      0.00000000	      0.00000000	      0.00000000	      0.00000000	      0.00000000	      0.00000000	      0.00000000	      0.00000000	      0.00000000	      0.00000000	      0.00000000	      0.00000000	      0.00000000	      0.00000000	      0.00000000	      0.00000000	      0.00000000	      0.00000000	      0.00000000	      0.00000000	      0.00000000	      0.00000000	      0.00000000	      0.00000000	      0.00000000	      0.00000000	      0.00000000	      0.00000000	      0.00000000	      0.00000000	      0.00000000	      2.34870736	    343.63039341	      0.46423125	     80.10295857	      0.49410015	      0.29149318	      0.00000000	      0.00000000	      0.00000000	      0.00000000	     -0.00000000	     -0.00000000	     -0.00000000	      0.00000000	     -0.04415328	     -0.01211899	      0.67238273	     -0.22220740	     -0.04619499	     -0.00543304	     -0.05155618	     -0.01071504	     -0.00000000	      1.04615370	     -0.63636756	     -0.00000000	     -0.00000000	     -0.00000000	     -0.04567432	     -0.00000000	     -0.21323872	      0.00000000	    216.89546352	     -0.00000000	     -0.00000000	     -0.00000000	     -0.00000000	      0.00000000	      0.00000000	      0.00000000
      2.31000000	      0.00000000	      0.00000000	      0.00000000	      0.00000000	      0.00000000	      0.00000000	      0.00000000	      0.00000000	      0.00000000	      0.00000000	      0.00000000	      0.00000000	      0.00000000	      0.00000000	      0.00000000	      0.00000000	      0.00000000	      0.00000000	      0.00000000	      0.00000000	      0.00000000	      0.00000000	      0.00000000	      0.00000000	      0.00000000	      0.00000000	      0.00000000	      0.00000000	      0.00000000	      0.00000000	      0.00000000	      0.00000000	      0.00000000	      0.00000000	      0.00000000	      0.00000000	      0.00000000	      0.00000000	      0.00000000	      0.00000000	      2.45555014	    346.63389132	      0.47291156	     88.03316476	      0.49703140	      0.28980613	      0.00000000	      0.00000000	     -0.00000000	     -0.00000000	     -0.00000000	     -0.00000000	     -0.00000000	      0.00000000	     -0.04505854	     -0.01339724	      0.68114281	     -0.23772813	     -0.04887543	     -0.00595930	     -0.05562004	     -0.01433020	     -0.00000000	      1.05872649	     -0.62050115	     -0.00000000	     -0.00000000	     -0.00000000	     -0.04292511	     -0.00000000	     -0.21350942	      0.00000000	    222.27927639	     -0.00000000	     -0.00000000	     -0.00000000	     -0.00000000	     -0.00000000	     -0.00000000	     -0.00000000
