[2025-11-02 19:57:41.577] [info] Loaded model Athlete_03 from file C:\Git\1_current_projects\powerlifing_model\models\Athlete_03\25_03_31\scaled_increasedForce3.osim
[2025-11-02 19:57:41.578] [warning] Couldn't find file 'r_pelvis.vtp'.
[2025-11-02 19:57:41.578] [warning] Couldn't find file 'l_pelvis.vtp'.
[2025-11-02 19:57:41.579] [warning] Couldn't find file 'sacrum.vtp'.
[2025-11-02 19:57:41.579] [warning] Couldn't find file 'r_femur.vtp'.
[2025-11-02 19:57:41.580] [warning] Couldn't find file 'r_tibia.vtp'.
[2025-11-02 19:57:41.580] [warning] Couldn't find file 'r_fibula.vtp'.
[2025-11-02 19:57:41.580] [warning] Couldn't find file 'r_patella.vtp'.
[2025-11-02 19:57:41.580] [warning] Couldn't find file 'r_talus.vtp'.
[2025-11-02 19:57:41.581] [warning] Couldn't find file 'r_foot.vtp'.
[2025-11-02 19:57:41.581] [warning] Couldn't find file 'r_bofoot.vtp'.
[2025-11-02 19:57:41.581] [warning] Couldn't find file 'l_femur.vtp'.
[2025-11-02 19:57:41.582] [warning] Couldn't find file 'l_tibia.vtp'.
[2025-11-02 19:57:41.582] [warning] Couldn't find file 'l_fibula.vtp'.
[2025-11-02 19:57:41.582] [warning] Couldn't find file 'l_patella.vtp'.
[2025-11-02 19:57:41.582] [warning] Couldn't find file 'l_talus.vtp'.
[2025-11-02 19:57:41.583] [warning] Couldn't find file 'l_foot.vtp'.
[2025-11-02 19:57:41.583] [warning] Couldn't find file 'l_bofoot.vtp'.
[2025-11-02 19:57:41.583] [warning] Couldn't find file 'hat_spine.vtp'.
[2025-11-02 19:57:41.584] [warning] Couldn't find file 'hat_jaw.vtp'.
[2025-11-02 19:57:41.584] [warning] Couldn't find file 'hat_skull.vtp'.
[2025-11-02 19:57:41.584] [warning] Couldn't find file 'hat_ribs_scap.vtp'.
[2025-11-02 19:57:41.585] [warning] Couldn't find file 'humerus_rv.vtp'.
[2025-11-02 19:57:41.585] [warning] Couldn't find file 'ulna_rv.vtp'.
[2025-11-02 19:57:41.585] [warning] Couldn't find file 'radius_rv.vtp'.
[2025-11-02 19:57:41.585] [warning] Couldn't find file 'pisiform_rvs.vtp'.
[2025-11-02 19:57:41.586] [warning] Couldn't find file 'lunate_rvs.vtp'.
[2025-11-02 19:57:41.586] [warning] Couldn't find file 'scaphoid_rvs.vtp'.
[2025-11-02 19:57:41.586] [warning] Couldn't find file 'triquetrum_rvs.vtp'.
[2025-11-02 19:57:41.587] [warning] Couldn't find file 'hamate_rvs.vtp'.
[2025-11-02 19:57:41.587] [warning] Couldn't find file 'capitate_rvs.vtp'.
[2025-11-02 19:57:41.587] [warning] Couldn't find file 'trapezoid_rvs.vtp'.
[2025-11-02 19:57:41.587] [warning] Couldn't find file 'trapezium_rvs.vtp'.
[2025-11-02 19:57:41.588] [warning] Couldn't find file 'metacarpal2_rvs.vtp'.
[2025-11-02 19:57:41.588] [warning] Couldn't find file 'index_proximal_rvs.vtp'.
[2025-11-02 19:57:41.588] [warning] Couldn't find file 'index_medial_rvs.vtp'.
[2025-11-02 19:57:41.589] [warning] Couldn't find file 'index_distal_rvs.vtp'.
[2025-11-02 19:57:41.589] [warning] Couldn't find file 'metacarpal3_rvs.vtp'.
[2025-11-02 19:57:41.589] [warning] Couldn't find file 'middle_proximal_rvs.vtp'.
[2025-11-02 19:57:41.589] [warning] Couldn't find file 'middle_medial_rvs.vtp'.
[2025-11-02 19:57:41.590] [warning] Couldn't find file 'middle_distal_rvs.vtp'.
[2025-11-02 19:57:41.590] [warning] Couldn't find file 'metacarpal4_rvs.vtp'.
[2025-11-02 19:57:41.590] [warning] Couldn't find file 'ring_proximal_rvs.vtp'.
[2025-11-02 19:57:41.590] [warning] Couldn't find file 'ring_medial_rvs.vtp'.
[2025-11-02 19:57:41.591] [warning] Couldn't find file 'ring_distal_rvs.vtp'.
[2025-11-02 19:57:41.592] [warning] Couldn't find file 'metacarpal5_rvs.vtp'.
[2025-11-02 19:57:41.592] [warning] Couldn't find file 'little_proximal_rvs.vtp'.
[2025-11-02 19:57:41.592] [warning] Couldn't find file 'little_medial_rvs.vtp'.
[2025-11-02 19:57:41.592] [warning] Couldn't find file 'little_distal_rvs.vtp'.
[2025-11-02 19:57:41.593] [warning] Couldn't find file 'metacarpal1_rvs.vtp'.
[2025-11-02 19:57:41.593] [warning] Couldn't find file 'thumb_proximal_rvs.vtp'.
[2025-11-02 19:57:41.593] [warning] Couldn't find file 'thumb_distal_rvs.vtp'.
[2025-11-02 19:57:41.594] [warning] Couldn't find file 'humerus_lv.vtp'.
[2025-11-02 19:57:41.594] [warning] Couldn't find file 'ulna_lv.vtp'.
[2025-11-02 19:57:41.594] [warning] Couldn't find file 'radius_lv.vtp'.
[2025-11-02 19:57:41.595] [warning] Couldn't find file 'pisiform_lvs.vtp'.
[2025-11-02 19:57:41.595] [warning] Couldn't find file 'lunate_lvs.vtp'.
[2025-11-02 19:57:41.595] [warning] Couldn't find file 'scaphoid_lvs.vtp'.
[2025-11-02 19:57:41.595] [warning] Couldn't find file 'triquetrum_lvs.vtp'.
[2025-11-02 19:57:41.595] [warning] Couldn't find file 'hamate_lvs.vtp'.
[2025-11-02 19:57:41.596] [warning] Couldn't find file 'capitate_lvs.vtp'.
[2025-11-02 19:57:41.596] [warning] Couldn't find file 'trapezoid_lvs.vtp'.
[2025-11-02 19:57:41.596] [warning] Couldn't find file 'trapezium_lvs.vtp'.
[2025-11-02 19:57:41.596] [warning] Couldn't find file 'metacarpal2_lvs.vtp'.
[2025-11-02 19:57:41.597] [warning] Couldn't find file 'index_proximal_lvs.vtp'.
[2025-11-02 19:57:41.597] [warning] Couldn't find file 'index_medial_lvs.vtp'.
[2025-11-02 19:57:41.597] [warning] Couldn't find file 'index_distal_lvs.vtp'.
[2025-11-02 19:57:41.597] [warning] Couldn't find file 'metacarpal3_lvs.vtp'.
[2025-11-02 19:57:41.598] [warning] Couldn't find file 'middle_proximal_lvs.vtp'.
[2025-11-02 19:57:41.598] [warning] Couldn't find file 'middle_medial_lvs.vtp'.
[2025-11-02 19:57:41.598] [warning] Couldn't find file 'middle_distal_lvs.vtp'.
[2025-11-02 19:57:41.598] [warning] Couldn't find file 'metacarpal4_lvs.vtp'.
[2025-11-02 19:57:41.599] [warning] Couldn't find file 'ring_proximal_lvs.vtp'.
[2025-11-02 19:57:41.599] [warning] Couldn't find file 'ring_medial_lvs.vtp'.
[2025-11-02 19:57:41.599] [warning] Couldn't find file 'ring_distal_lvs.vtp'.
[2025-11-02 19:57:41.599] [warning] Couldn't find file 'metacarpal5_lvs.vtp'.
[2025-11-02 19:57:41.600] [warning] Couldn't find file 'little_proximal_lvs.vtp'.
[2025-11-02 19:57:41.600] [warning] Couldn't find file 'little_medial_lvs.vtp'.
[2025-11-02 19:57:41.600] [warning] Couldn't find file 'little_distal_lvs.vtp'.
[2025-11-02 19:57:41.600] [warning] Couldn't find file 'metacarpal1_lvs.vtp'.
[2025-11-02 19:57:41.600] [warning] Couldn't find file 'thumb_proximal_lvs.vtp'.
[2025-11-02 19:57:41.601] [warning] Couldn't find file 'thumb_distal_lvs.vtp'.
[2025-11-02 20:07:34.493] [info] Loaded model Athlete_03 from file C:\Git\1_current_projects\powerlifing_model\models\Athlete_03\25_03_31\scaled_increasedForce3.osim
[2025-11-02 20:07:38.171] [cout] [info] 
               MODEL: Athlete_03
         coordinates: 39
              forces: 97
           actuators: 97
             muscles: 80
            analyses: 0
              probes: 0
              bodies: 22
              joints: 22
         constraints: 2
             markers: 45
         controllers: 0
  contact geometries: 0
misc modelcomponents: 0
[2025-11-02 20:07:38.172] [info] Running tool .
[2025-11-02 20:07:38.740] [info] Frame 1 (t = 0.00500000):	 total squared error = 0.000386201, marker error: RMS = 0.00450848, max = 0.0103450 (LTOE)
[2025-11-02 20:07:38.818] [info] Frame 2 (t = 0.01):	 total squared error = 0.000386629, marker error: RMS = 0.00451097, max = 0.0103558 (LTOE)
[2025-11-02 20:07:38.859] [info] Frame 3 (t = 0.015):	 total squared error = 0.000386345, marker error: RMS = 0.00450932, max = 0.0104035 (LTOE)
[2025-11-02 20:07:38.958] [info] Frame 4 (t = 0.02):	 total squared error = 0.000385609, marker error: RMS = 0.00450502, max = 0.0105060 (LTOE)
[2025-11-02 20:07:38.997] [info] Frame 5 (t = 0.025):	 total squared error = 0.000389595, marker error: RMS = 0.00452824, max = 0.0103561 (LTOE)
[2025-11-02 20:07:39.059] [info] Frame 6 (t = 0.03):	 total squared error = 0.000391507, marker error: RMS = 0.00453934, max = 0.0104459 (LTOE)
[2025-11-02 20:07:39.155] [info] Frame 7 (t = 0.035):	 total squared error = 0.000394651, marker error: RMS = 0.00455753, max = 0.0103934 (LTOE)
[2025-11-02 20:07:39.217] [info] Frame 8 (t = 0.04):	 total squared error = 0.000398527, marker error: RMS = 0.00457986, max = 0.0105037 (LTOE)
[2025-11-02 20:07:39.272] [info] Frame 9 (t = 0.045):	 total squared error = 0.000399770, marker error: RMS = 0.00458700, max = 0.0104458 (LTOE)
[2025-11-02 20:07:39.332] [info] Frame 10 (t = 0.05):	 total squared error = 0.000403405, marker error: RMS = 0.00460780, max = 0.0104812 (LTOE)
[2025-11-02 20:07:39.387] [info] Frame 11 (t = 0.055):	 total squared error = 0.000409744, marker error: RMS = 0.00464387, max = 0.0101430 (LTOE)
[2025-11-02 20:07:39.478] [info] Frame 12 (t = 0.06):	 total squared error = 0.000409218, marker error: RMS = 0.00464088, max = 0.0105069 (LTOE)
[2025-11-02 20:07:39.597] [info] Frame 13 (t = 0.065):	 total squared error = 0.000415226, marker error: RMS = 0.00467482, max = 0.0104389 (LTOE)
[2025-11-02 20:07:39.648] [info] Frame 14 (t = 0.07):	 total squared error = 0.000421965, marker error: RMS = 0.00471261, max = 0.0104752 (LTOE)
[2025-11-02 20:07:39.809] [info] Frame 15 (t = 0.075):	 total squared error = 0.000426118, marker error: RMS = 0.00473574, max = 0.0104907 (LTOE)
[2025-11-02 20:07:39.915] [info] Frame 16 (t = 0.08):	 total squared error = 0.000431489, marker error: RMS = 0.00476549, max = 0.0105091 (LTOE)
[2025-11-02 20:07:40.030] [info] Frame 17 (t = 0.085):	 total squared error = 0.000439374, marker error: RMS = 0.00480884, max = 0.0105084 (LTOE)
[2025-11-02 20:07:40.134] [info] Frame 18 (t = 0.09):	 total squared error = 0.000446521, marker error: RMS = 0.00484780, max = 0.0105382 (LTOE)
[2025-11-02 20:07:40.233] [info] Frame 19 (t = 0.095):	 total squared error = 0.000452177, marker error: RMS = 0.00487840, max = 0.0106441 (LTOE)
[2025-11-02 20:07:40.345] [info] Frame 20 (t = 0.1):	 total squared error = 0.000459167, marker error: RMS = 0.00491596, max = 0.0106677 (LTOE)
[2025-11-02 20:07:40.444] [info] Frame 21 (t = 0.105000):	 total squared error = 0.000471928, marker error: RMS = 0.00498380, max = 0.0105287 (LTOE)
[2025-11-02 20:07:40.497] [info] Frame 22 (t = 0.11):	 total squared error = 0.000478524, marker error: RMS = 0.00501851, max = 0.0106376 (LTOE)
[2025-11-02 20:07:40.566] [info] Frame 23 (t = 0.115):	 total squared error = 0.000490845, marker error: RMS = 0.00508271, max = 0.0105155 (LTOE)
[2025-11-02 20:07:40.622] [info] Frame 24 (t = 0.12):	 total squared error = 0.000500141, marker error: RMS = 0.00513061, max = 0.0105030 (LTOE)
[2025-11-02 20:07:40.685] [info] Frame 25 (t = 0.125):	 total squared error = 0.000515356, marker error: RMS = 0.00520807, max = 0.0104727 (LTOE)
[2025-11-02 20:07:40.777] [info] Frame 26 (t = 0.13):	 total squared error = 0.000522203, marker error: RMS = 0.00524256, max = 0.0106358 (LTOE)
[2025-11-02 20:07:40.866] [info] Frame 27 (t = 0.135):	 total squared error = 0.000537635, marker error: RMS = 0.00531945, max = 0.0104793 (LTOE)
[2025-11-02 20:07:40.938] [info] Frame 28 (t = 0.14):	 total squared error = 0.000560067, marker error: RMS = 0.00542929, max = 0.0104636 (LTOE)
[2025-11-02 20:07:40.986] [info] Frame 29 (t = 0.145):	 total squared error = 0.000562417, marker error: RMS = 0.00544067, max = 0.0105318 (LTOE)
[2025-11-02 20:07:41.037] [info] Frame 30 (t = 0.15):	 total squared error = 0.000579045, marker error: RMS = 0.00552051, max = 0.0105003 (LTOE)
[2025-11-02 20:07:41.106] [info] Frame 31 (t = 0.155):	 total squared error = 0.000595673, marker error: RMS = 0.00559922, max = 0.0104609 (LTOE)
[2025-11-02 20:07:41.195] [info] Frame 32 (t = 0.16):	 total squared error = 0.000611090, marker error: RMS = 0.00567121, max = 0.0104349 (LTOE)
[2025-11-02 20:07:41.357] [info] Frame 33 (t = 0.165):	 total squared error = 0.000626623, marker error: RMS = 0.00574284, max = 0.0104677 (LTOE)
[2025-11-02 20:07:41.506] [info] Frame 34 (t = 0.17):	 total squared error = 0.000644844, marker error: RMS = 0.00582573, max = 0.0104535 (LTOE)
[2025-11-02 20:07:41.642] [info] Frame 35 (t = 0.175):	 total squared error = 0.000664646, marker error: RMS = 0.00591450, max = 0.0104383 (LTOE)
[2025-11-02 20:07:41.776] [info] Frame 36 (t = 0.18):	 total squared error = 0.000685690, marker error: RMS = 0.00600741, max = 0.0104156 (LTOE)
[2025-11-02 20:07:41.865] [info] Frame 37 (t = 0.185):	 total squared error = 0.000707140, marker error: RMS = 0.00610065, max = 0.0104089 (LTOE)
[2025-11-02 20:07:41.973] [info] Frame 38 (t = 0.19):	 total squared error = 0.000729610, marker error: RMS = 0.00619681, max = 0.0103708 (LTOE)
[2025-11-02 20:07:42.085] [info] Frame 39 (t = 0.195):	 total squared error = 0.000753579, marker error: RMS = 0.00629778, max = 0.0103591 (LTOE)
[2025-11-02 20:07:42.195] [info] Frame 40 (t = 0.2):	 total squared error = 0.000779756, marker error: RMS = 0.00640623, max = 0.0103170 (LTOE)
[2025-11-02 20:07:42.316] [info] Frame 41 (t = 0.205000):	 total squared error = 0.000802441, marker error: RMS = 0.00649875, max = 0.0102921 (LTOE)
[2025-11-02 20:07:42.447] [info] Frame 42 (t = 0.21):	 total squared error = 0.000826280, marker error: RMS = 0.00659458, max = 0.0105651 (RTHOL)
[2025-11-02 20:07:42.617] [info] Frame 43 (t = 0.215):	 total squared error = 0.000852543, marker error: RMS = 0.00669856, max = 0.0109102 (RTHOL)
[2025-11-02 20:07:42.730] [info] Frame 44 (t = 0.22):	 total squared error = 0.000876888, marker error: RMS = 0.00679353, max = 0.0112162 (RTHOL)
[2025-11-02 20:07:42.898] [info] Frame 45 (t = 0.225):	 total squared error = 0.000901455, marker error: RMS = 0.00688803, max = 0.0115279 (RTHOL)
[2025-11-02 20:07:43.063] [info] Frame 46 (t = 0.23):	 total squared error = 0.000924086, marker error: RMS = 0.00697396, max = 0.0118039 (RTHOL)
[2025-11-02 20:07:43.193] [info] Frame 47 (t = 0.235):	 total squared error = 0.000946786, marker error: RMS = 0.00705910, max = 0.0120815 (RTHOL)
[2025-11-02 20:07:43.306] [info] Frame 48 (t = 0.24):	 total squared error = 0.000966998, marker error: RMS = 0.00713405, max = 0.0123101 (RTHOL)
[2025-11-02 20:07:43.352] [info] Frame 49 (t = 0.245):	 total squared error = 0.000987359, marker error: RMS = 0.00720876, max = 0.0125514 (RTHOL)
[2025-11-02 20:07:43.400] [info] Frame 50 (t = 0.25):	 total squared error = 0.00100457, marker error: RMS = 0.00727134, max = 0.0127311 (RTHOL)
[2025-11-02 20:07:43.479] [info] Frame 51 (t = 0.255):	 total squared error = 0.00102662, marker error: RMS = 0.00735071, max = 0.0130382 (RTHOL)
[2025-11-02 20:07:43.568] [info] Frame 52 (t = 0.26):	 total squared error = 0.00103711, marker error: RMS = 0.00738814, max = 0.0130977 (RTHOL)
[2025-11-02 20:07:43.670] [info] Frame 53 (t = 0.265):	 total squared error = 0.00103389, marker error: RMS = 0.00737665, max = 0.0127377 (RTHOL)
[2025-11-02 20:07:43.774] [info] Frame 54 (t = 0.27):	 total squared error = 0.00105005, marker error: RMS = 0.00743408, max = 0.0129648 (RTHOL)
[2025-11-02 20:07:43.807] [info] Frame 55 (t = 0.275):	 total squared error = 0.00106803, marker error: RMS = 0.00749746, max = 0.0132496 (RTHOL)
[2025-11-02 20:07:43.835] [info] Frame 56 (t = 0.28):	 total squared error = 0.00108003, marker error: RMS = 0.00753947, max = 0.0133189 (RTHOL)
[2025-11-02 20:07:43.901] [info] Frame 57 (t = 0.285):	 total squared error = 0.00106555, marker error: RMS = 0.00748876, max = 0.0128027 (RTHOL)
[2025-11-02 20:07:43.971] [info] Frame 58 (t = 0.29):	 total squared error = 0.00108017, marker error: RMS = 0.00753998, max = 0.0129983 (RTHOL)
[2025-11-02 20:07:44.057] [info] Frame 59 (t = 0.295):	 total squared error = 0.00106846, marker error: RMS = 0.00749899, max = 0.0125109 (RTHOL)
[2025-11-02 20:07:44.109] [info] Frame 60 (t = 0.3):	 total squared error = 0.00106811, marker error: RMS = 0.00749777, max = 0.0123079 (RTHOL)
[2025-11-02 20:07:44.183] [info] Frame 61 (t = 0.305000):	 total squared error = 0.00106665, marker error: RMS = 0.00749262, max = 0.0120794 (RTHOL)
[2025-11-02 20:07:44.239] [info] Frame 62 (t = 0.31):	 total squared error = 0.00107058, marker error: RMS = 0.00750641, max = 0.0119927 (RTHOL)
[2025-11-02 20:07:44.319] [info] Frame 63 (t = 0.315):	 total squared error = 0.00106618, marker error: RMS = 0.00749099, max = 0.0116954 (RTHOL)
[2025-11-02 20:07:44.402] [info] Frame 64 (t = 0.32):	 total squared error = 0.00106705, marker error: RMS = 0.00749404, max = 0.0115154 (RTHOL)
[2025-11-02 20:07:44.490] [info] Frame 65 (t = 0.325):	 total squared error = 0.00107007, marker error: RMS = 0.00750463, max = 0.0113918 (RTHOL)
[2025-11-02 20:07:44.549] [info] Frame 66 (t = 0.33):	 total squared error = 0.00107585, marker error: RMS = 0.00752486, max = 0.0113134 (RTHOL)
[2025-11-02 20:07:44.609] [info] Frame 67 (t = 0.335):	 total squared error = 0.00108266, marker error: RMS = 0.00754865, max = 0.0112628 (RTHOL)
[2025-11-02 20:07:44.638] [info] Frame 68 (t = 0.34):	 total squared error = 0.00109227, marker error: RMS = 0.00758209, max = 0.011298 (RTHOL)
[2025-11-02 20:07:44.663] [info] Frame 69 (t = 0.345):	 total squared error = 0.00110311, marker error: RMS = 0.00761961, max = 0.0112451 (RTHOL)
[2025-11-02 20:07:44.706] [info] Frame 70 (t = 0.35):	 total squared error = 0.00111112, marker error: RMS = 0.00764724, max = 0.0112272 (RTHOL)
[2025-11-02 20:07:44.767] [info] Frame 71 (t = 0.355):	 total squared error = 0.00112459, marker error: RMS = 0.00769344, max = 0.0113041 (RTHOL)
[2025-11-02 20:07:44.831] [info] Frame 72 (t = 0.36):	 total squared error = 0.00113884, marker error: RMS = 0.00774202, max = 0.0113857 (RTHOL)
[2025-11-02 20:07:44.897] [info] Frame 73 (t = 0.365):	 total squared error = 0.00115539, marker error: RMS = 0.00779808, max = 0.0115176 (RTHOL)
[2025-11-02 20:07:44.938] [info] Frame 74 (t = 0.37):	 total squared error = 0.00121175, marker error: RMS = 0.00798600, max = 0.0119566 (LTOE)
[2025-11-02 20:07:44.996] [info] Frame 75 (t = 0.375):	 total squared error = 0.00119215, marker error: RMS = 0.00792117, max = 0.0117641 (RTHOL)
[2025-11-02 20:07:45.059] [info] Frame 76 (t = 0.38):	 total squared error = 0.00121132, marker error: RMS = 0.00798460, max = 0.0119562 (RTHOL)
[2025-11-02 20:07:45.098] [info] Frame 77 (t = 0.385):	 total squared error = 0.00127231, marker error: RMS = 0.00818313, max = 0.0123979 (RTHOL)
[2025-11-02 20:07:45.146] [info] Frame 78 (t = 0.39):	 total squared error = 0.00125532, marker error: RMS = 0.00812833, max = 0.0123486 (RTHOL)
[2025-11-02 20:07:45.209] [info] Frame 79 (t = 0.395):	 total squared error = 0.00127868, marker error: RMS = 0.00820358, max = 0.0125768 (RTHOL)
[2025-11-02 20:07:45.259] [info] Frame 80 (t = 0.4):	 total squared error = 0.00130309, marker error: RMS = 0.00828154, max = 0.0127517 (RTHOL)
[2025-11-02 20:07:45.297] [info] Frame 81 (t = 0.405000):	 total squared error = 0.00132400, marker error: RMS = 0.00834770, max = 0.0129366 (RTHOL)
[2025-11-02 20:07:45.321] [info] Frame 82 (t = 0.41):	 total squared error = 0.00134812, marker error: RMS = 0.00842341, max = 0.0131061 (RTHOL)
[2025-11-02 20:07:45.350] [info] Frame 83 (t = 0.415):	 total squared error = 0.00136739, marker error: RMS = 0.00848340, max = 0.0133008 (RTHOL)
[2025-11-02 20:07:45.380] [info] Frame 84 (t = 0.42):	 total squared error = 0.00139049, marker error: RMS = 0.00855474, max = 0.0134111 (RTHOL)
[2025-11-02 20:07:45.399] [info] Frame 85 (t = 0.425):	 total squared error = 0.00142301, marker error: RMS = 0.00865419, max = 0.0135211 (RTHOL)
[2025-11-02 20:07:45.431] [info] Frame 86 (t = 0.43):	 total squared error = 0.00143108, marker error: RMS = 0.00867872, max = 0.0136197 (RTHOL)
[2025-11-02 20:07:45.458] [info] Frame 87 (t = 0.435):	 total squared error = 0.00144692, marker error: RMS = 0.00872660, max = 0.0136329 (RTHOL)
[2025-11-02 20:07:45.496] [info] Frame 88 (t = 0.44):	 total squared error = 0.00147160, marker error: RMS = 0.00880071, max = 0.0136411 (RTHOL)
[2025-11-02 20:07:45.561] [info] Frame 89 (t = 0.445):	 total squared error = 0.00147900, marker error: RMS = 0.00882283, max = 0.0137040 (RTHOL)
[2025-11-02 20:07:45.606] [info] Frame 90 (t = 0.45):	 total squared error = 0.00148872, marker error: RMS = 0.00885176, max = 0.0136054 (RTHOL)
[2025-11-02 20:07:45.654] [info] Frame 91 (t = 0.455):	 total squared error = 0.00149577, marker error: RMS = 0.00887271, max = 0.013465 (RTHOL)
[2025-11-02 20:07:45.725] [info] Frame 92 (t = 0.46):	 total squared error = 0.00150779, marker error: RMS = 0.00890827, max = 0.013449 (RTHOL)
[2025-11-02 20:07:45.791] [info] Frame 93 (t = 0.465):	 total squared error = 0.00151391, marker error: RMS = 0.00892633, max = 0.0132749 (RTHOL)
[2025-11-02 20:07:45.886] [info] Frame 94 (t = 0.47):	 total squared error = 0.00151494, marker error: RMS = 0.00892936, max = 0.0132543 (RTH2)
[2025-11-02 20:07:45.927] [info] Frame 95 (t = 0.475):	 total squared error = 0.00152082, marker error: RMS = 0.00894669, max = 0.0135381 (RTH2)
[2025-11-02 20:07:45.975] [info] Frame 96 (t = 0.48):	 total squared error = 0.00152120, marker error: RMS = 0.00894780, max = 0.0136298 (RTH2)
[2025-11-02 20:07:46.074] [info] Frame 97 (t = 0.485):	 total squared error = 0.00152332, marker error: RMS = 0.00895403, max = 0.0141729 (RTH2)
[2025-11-02 20:07:46.132] [info] Frame 98 (t = 0.49):	 total squared error = 0.00152450, marker error: RMS = 0.00895751, max = 0.0143893 (RTH2)
[2025-11-02 20:07:46.168] [info] Frame 99 (t = 0.495):	 total squared error = 0.00152850, marker error: RMS = 0.00896924, max = 0.0146899 (RTH2)
[2025-11-02 20:07:46.196] [info] Frame 100 (t = 0.5):	 total squared error = 0.00153262, marker error: RMS = 0.00898131, max = 0.0151532 (RTH2)
[2025-11-02 20:07:46.244] [info] Frame 101 (t = 0.505000):	 total squared error = 0.00153471, marker error: RMS = 0.00898745, max = 0.0156551 (RTH2)
[2025-11-02 20:07:46.301] [info] Frame 102 (t = 0.51):	 total squared error = 0.00154489, marker error: RMS = 0.00901720, max = 0.0161795 (RTH2)
[2025-11-02 20:07:46.356] [info] Frame 103 (t = 0.515):	 total squared error = 0.00154709, marker error: RMS = 0.00902362, max = 0.0163588 (RTH2)
[2025-11-02 20:07:46.390] [info] Frame 104 (t = 0.52):	 total squared error = 0.00157682, marker error: RMS = 0.00910990, max = 0.0170961 (RTH2)
[2025-11-02 20:07:46.435] [info] Frame 105 (t = 0.525):	 total squared error = 0.00157658, marker error: RMS = 0.00910922, max = 0.0174592 (RTH2)
[2025-11-02 20:07:46.507] [info] Frame 106 (t = 0.53):	 total squared error = 0.00158148, marker error: RMS = 0.00912335, max = 0.0173792 (RTH2)
[2025-11-02 20:07:46.575] [info] Frame 107 (t = 0.535):	 total squared error = 0.00159462, marker error: RMS = 0.00916118, max = 0.0177009 (RTH2)
[2025-11-02 20:07:46.621] [info] Frame 108 (t = 0.54):	 total squared error = 0.00161400, marker error: RMS = 0.00921668, max = 0.0182169 (RTH2)
[2025-11-02 20:07:46.687] [info] Frame 109 (t = 0.545):	 total squared error = 0.00162978, marker error: RMS = 0.00926165, max = 0.0182905 (RTH2)
[2025-11-02 20:07:46.739] [info] Frame 110 (t = 0.55):	 total squared error = 0.00164940, marker error: RMS = 0.00931721, max = 0.0186975 (RTH2)
[2025-11-02 20:07:46.794] [info] Frame 111 (t = 0.555):	 total squared error = 0.00167159, marker error: RMS = 0.00937968, max = 0.0188587 (RTH2)
[2025-11-02 20:07:46.867] [info] Frame 112 (t = 0.56):	 total squared error = 0.00169851, marker error: RMS = 0.00945490, max = 0.0191959 (RTH2)
[2025-11-02 20:07:46.905] [info] Frame 113 (t = 0.565):	 total squared error = 0.00173317, marker error: RMS = 0.00955090, max = 0.019582 (RTH2)
[2025-11-02 20:07:46.952] [info] Frame 114 (t = 0.57):	 total squared error = 0.00175454, marker error: RMS = 0.00960960, max = 0.0199287 (RTH2)
[2025-11-02 20:07:47.020] [info] Frame 115 (t = 0.575):	 total squared error = 0.00178072, marker error: RMS = 0.00968103, max = 0.0199419 (RTH2)
[2025-11-02 20:07:47.063] [info] Frame 116 (t = 0.58):	 total squared error = 0.00182336, marker error: RMS = 0.00979623, max = 0.0204237 (RTH2)
[2025-11-02 20:07:47.110] [info] Frame 117 (t = 0.585):	 total squared error = 0.00184383, marker error: RMS = 0.00985108, max = 0.0205098 (RTH2)
[2025-11-02 20:07:47.144] [info] Frame 118 (t = 0.59):	 total squared error = 0.00188195, marker error: RMS = 0.00995240, max = 0.0209320 (RTH2)
[2025-11-02 20:07:47.177] [info] Frame 119 (t = 0.595):	 total squared error = 0.00191734, marker error: RMS = 0.0100455, max = 0.0214321 (RTH2)
[2025-11-02 20:07:47.233] [info] Frame 120 (t = 0.6):	 total squared error = 0.00194532, marker error: RMS = 0.0101186, max = 0.0214959 (RTH2)
[2025-11-02 20:07:47.282] [info] Frame 121 (t = 0.605000):	 total squared error = 0.00198566, marker error: RMS = 0.0102229, max = 0.0219318 (RTH2)
[2025-11-02 20:07:47.338] [info] Frame 122 (t = 0.61):	 total squared error = 0.00201738, marker error: RMS = 0.0103043, max = 0.0222136 (RTH2)
[2025-11-02 20:07:47.390] [info] Frame 123 (t = 0.615):	 total squared error = 0.00205876, marker error: RMS = 0.0104094, max = 0.0227042 (RTH2)
[2025-11-02 20:07:47.416] [info] Frame 124 (t = 0.62):	 total squared error = 0.00209961, marker error: RMS = 0.0105122, max = 0.0232225 (RTH2)
[2025-11-02 20:07:47.490] [info] Frame 125 (t = 0.625):	 total squared error = 0.00213283, marker error: RMS = 0.0105950, max = 0.0234913 (RTH2)
[2025-11-02 20:07:47.545] [info] Frame 126 (t = 0.63):	 total squared error = 0.00217557, marker error: RMS = 0.0107006, max = 0.0240344 (RTH2)
[2025-11-02 20:07:47.624] [info] Frame 127 (t = 0.635):	 total squared error = 0.00221321, marker error: RMS = 0.0107928, max = 0.0243881 (RTH2)
[2025-11-02 20:07:47.683] [info] Frame 128 (t = 0.64):	 total squared error = 0.00225526, marker error: RMS = 0.0108948, max = 0.0248389 (RTH2)
[2025-11-02 20:07:47.740] [info] Frame 129 (t = 0.645):	 total squared error = 0.00229775, marker error: RMS = 0.0109970, max = 0.0253184 (RTH2)
[2025-11-02 20:07:47.795] [info] Frame 130 (t = 0.65):	 total squared error = 0.00234329, marker error: RMS = 0.0111055, max = 0.0258179 (RTH2)
[2025-11-02 20:07:47.836] [info] Frame 131 (t = 0.655):	 total squared error = 0.00239905, marker error: RMS = 0.0112368, max = 0.0263064 (RTH2)
[2025-11-02 20:07:47.885] [info] Frame 132 (t = 0.66):	 total squared error = 0.00242021, marker error: RMS = 0.0112862, max = 0.026459 (RTH2)
[2025-11-02 20:07:47.933] [info] Frame 133 (t = 0.665):	 total squared error = 0.00248324, marker error: RMS = 0.0114323, max = 0.0271028 (RTH2)
[2025-11-02 20:07:47.990] [info] Frame 134 (t = 0.67):	 total squared error = 0.00252986, marker error: RMS = 0.0115391, max = 0.0274782 (RTH2)
[2025-11-02 20:07:48.038] [info] Frame 135 (t = 0.675):	 total squared error = 0.00258032, marker error: RMS = 0.0116536, max = 0.0278767 (RTH2)
[2025-11-02 20:07:48.085] [info] Frame 136 (t = 0.68):	 total squared error = 0.00263778, marker error: RMS = 0.0117826, max = 0.0283595 (RTH2)
[2025-11-02 20:07:48.154] [info] Frame 137 (t = 0.685):	 total squared error = 0.00268508, marker error: RMS = 0.0118878, max = 0.0286873 (RTH2)
[2025-11-02 20:07:48.205] [info] Frame 138 (t = 0.69):	 total squared error = 0.00273858, marker error: RMS = 0.0120057, max = 0.0290467 (RTH2)
[2025-11-02 20:07:48.254] [info] Frame 139 (t = 0.695):	 total squared error = 0.00279549, marker error: RMS = 0.0121298, max = 0.0294314 (RTH2)
[2025-11-02 20:07:48.301] [info] Frame 140 (t = 0.7):	 total squared error = 0.00285878, marker error: RMS = 0.0122663, max = 0.0298661 (RTH2)
[2025-11-02 20:07:48.349] [info] Frame 141 (t = 0.705000):	 total squared error = 0.00291118, marker error: RMS = 0.0123782, max = 0.0302197 (RTH2)
[2025-11-02 20:07:48.377] [info] Frame 142 (t = 0.71):	 total squared error = 0.00296543, marker error: RMS = 0.012493, max = 0.0305213 (RTH2)
[2025-11-02 20:07:48.418] [info] Frame 143 (t = 0.715):	 total squared error = 0.00303658, marker error: RMS = 0.012642, max = 0.0309403 (RTH2)
[2025-11-02 20:07:48.497] [info] Frame 144 (t = 0.72):	 total squared error = 0.00308269, marker error: RMS = 0.0127376, max = 0.0311963 (RTH2)
[2025-11-02 20:07:48.539] [info] Frame 145 (t = 0.725):	 total squared error = 0.00315632, marker error: RMS = 0.0128888, max = 0.0316578 (RTH2)
[2025-11-02 20:07:48.589] [info] Frame 146 (t = 0.73):	 total squared error = 0.00321095, marker error: RMS = 0.0129999, max = 0.0319382 (RTH2)
[2025-11-02 20:07:48.642] [info] Frame 147 (t = 0.735):	 total squared error = 0.00326581, marker error: RMS = 0.0131105, max = 0.0322333 (RTH2)
[2025-11-02 20:07:48.707] [info] Frame 148 (t = 0.74):	 total squared error = 0.00332901, marker error: RMS = 0.0132367, max = 0.032559 (RTH2)
[2025-11-02 20:07:48.742] [info] Frame 149 (t = 0.745):	 total squared error = 0.00340863, marker error: RMS = 0.0133941, max = 0.0329598 (RTH2)
[2025-11-02 20:07:48.797] [info] Frame 150 (t = 0.75):	 total squared error = 0.00347619, marker error: RMS = 0.0135262, max = 0.033312 (RTH2)
[2025-11-02 20:07:48.846] [info] Frame 151 (t = 0.755):	 total squared error = 0.00354450, marker error: RMS = 0.0136584, max = 0.0336468 (RTH2)
[2025-11-02 20:07:48.887] [info] Frame 152 (t = 0.76):	 total squared error = 0.00359543, marker error: RMS = 0.0137562, max = 0.0337893 (RTH2)
[2025-11-02 20:07:48.936] [info] Frame 153 (t = 0.765):	 total squared error = 0.00369038, marker error: RMS = 0.0139367, max = 0.0343013 (RTH2)
[2025-11-02 20:07:49.010] [info] Frame 154 (t = 0.77):	 total squared error = 0.00374391, marker error: RMS = 0.0140374, max = 0.0345176 (RTH2)
[2025-11-02 20:07:49.064] [info] Frame 155 (t = 0.775):	 total squared error = 0.00383267, marker error: RMS = 0.0142028, max = 0.0349273 (RTH2)
[2025-11-02 20:07:49.101] [info] Frame 156 (t = 0.78):	 total squared error = 0.00390380, marker error: RMS = 0.014334, max = 0.0351931 (RTH2)
[2025-11-02 20:07:49.121] [info] Frame 157 (t = 0.785):	 total squared error = 0.00398674, marker error: RMS = 0.0144855, max = 0.035487 (RTH2)
[2025-11-02 20:07:49.155] [info] Frame 158 (t = 0.79):	 total squared error = 0.00406363, marker error: RMS = 0.0146245, max = 0.0357931 (RTH2)
[2025-11-02 20:07:49.201] [info] Frame 159 (t = 0.795):	 total squared error = 0.00414899, marker error: RMS = 0.0147773, max = 0.0360833 (RTH2)
[2025-11-02 20:07:49.253] [info] Frame 160 (t = 0.8):	 total squared error = 0.00423205, marker error: RMS = 0.0149245, max = 0.0363835 (RTH2)
[2025-11-02 20:07:49.323] [info] Frame 161 (t = 0.805000):	 total squared error = 0.00431293, marker error: RMS = 0.0150664, max = 0.0367052 (RTH2)
[2025-11-02 20:07:49.382] [info] Frame 162 (t = 0.81):	 total squared error = 0.00440304, marker error: RMS = 0.015223, max = 0.0370171 (RTH2)
[2025-11-02 20:07:49.416] [info] Frame 163 (t = 0.815):	 total squared error = 0.00448898, marker error: RMS = 0.0153708, max = 0.0372752 (RTH2)
[2025-11-02 20:07:49.438] [info] Frame 164 (t = 0.82):	 total squared error = 0.00457053, marker error: RMS = 0.0155098, max = 0.0375408 (RTH2)
[2025-11-02 20:07:49.468] [info] Frame 165 (t = 0.825):	 total squared error = 0.00464664, marker error: RMS = 0.0156384, max = 0.0377884 (RTH2)
[2025-11-02 20:07:49.500] [info] Frame 166 (t = 0.83):	 total squared error = 0.00473755, marker error: RMS = 0.0157907, max = 0.0380959 (RTH2)
[2025-11-02 20:07:49.534] [info] Frame 167 (t = 0.835):	 total squared error = 0.00484375, marker error: RMS = 0.0159667, max = 0.0384426 (RTH2)
[2025-11-02 20:07:49.578] [info] Frame 168 (t = 0.84):	 total squared error = 0.00491423, marker error: RMS = 0.0160824, max = 0.0386247 (RTH2)
[2025-11-02 20:07:49.636] [info] Frame 169 (t = 0.845):	 total squared error = 0.00498770, marker error: RMS = 0.0162022, max = 0.038835 (RTH2)
[2025-11-02 20:07:49.677] [info] Frame 170 (t = 0.85):	 total squared error = 0.00510601, marker error: RMS = 0.0163932, max = 0.0392117 (RTH2)
[2025-11-02 20:07:49.728] [info] Frame 171 (t = 0.855):	 total squared error = 0.00517094, marker error: RMS = 0.0164971, max = 0.0394111 (RTH2)
[2025-11-02 20:07:49.762] [info] Frame 172 (t = 0.86):	 total squared error = 0.00528535, marker error: RMS = 0.0166786, max = 0.0397832 (RTH2)
[2025-11-02 20:07:49.800] [info] Frame 173 (t = 0.865):	 total squared error = 0.00537401, marker error: RMS = 0.0168179, max = 0.0400513 (RTH2)
[2025-11-02 20:07:49.834] [info] Frame 174 (t = 0.87):	 total squared error = 0.00549569, marker error: RMS = 0.0170073, max = 0.0404301 (RTH2)
[2025-11-02 20:07:49.884] [info] Frame 175 (t = 0.875):	 total squared error = 0.00555703, marker error: RMS = 0.0171019, max = 0.0406182 (RTH2)
[2025-11-02 20:07:49.939] [info] Frame 176 (t = 0.88):	 total squared error = 0.00567065, marker error: RMS = 0.0172759, max = 0.0409831 (RTH2)
[2025-11-02 20:07:49.997] [info] Frame 177 (t = 0.885):	 total squared error = 0.00579439, marker error: RMS = 0.0174633, max = 0.041392 (RTH2)
[2025-11-02 20:07:50.073] [info] Frame 178 (t = 0.89):	 total squared error = 0.00587873, marker error: RMS = 0.01759, max = 0.0416307 (RTH2)
[2025-11-02 20:07:50.107] [info] Frame 179 (t = 0.895):	 total squared error = 0.00601571, marker error: RMS = 0.0177937, max = 0.0419888 (RTH2)
[2025-11-02 20:07:50.146] [info] Frame 180 (t = 0.9):	 total squared error = 0.00608822, marker error: RMS = 0.0179006, max = 0.0422105 (RTH2)
[2025-11-02 20:07:50.169] [info] Frame 181 (t = 0.905000):	 total squared error = 0.00620379, marker error: RMS = 0.0180697, max = 0.0425508 (RTH2)
[2025-11-02 20:07:50.201] [info] Frame 182 (t = 0.91):	 total squared error = 0.00631257, marker error: RMS = 0.0182275, max = 0.0428618 (RTH2)
[2025-11-02 20:07:50.238] [info] Frame 183 (t = 0.915):	 total squared error = 0.00642194, marker error: RMS = 0.0183847, max = 0.0431767 (RTH2)
[2025-11-02 20:07:50.277] [info] Frame 184 (t = 0.92):	 total squared error = 0.00653563, marker error: RMS = 0.0185467, max = 0.0434944 (RTH2)
[2025-11-02 20:07:50.309] [info] Frame 185 (t = 0.925):	 total squared error = 0.00664677, marker error: RMS = 0.0187037, max = 0.0437993 (RTH2)
[2025-11-02 20:07:50.355] [info] Frame 186 (t = 0.93):	 total squared error = 0.00674990, marker error: RMS = 0.0188483, max = 0.0440758 (RTH2)
[2025-11-02 20:07:50.422] [info] Frame 187 (t = 0.935):	 total squared error = 0.00686822, marker error: RMS = 0.0190128, max = 0.0443969 (RTH2)
[2025-11-02 20:07:50.490] [info] Frame 188 (t = 0.94):	 total squared error = 0.00697911, marker error: RMS = 0.0191656, max = 0.0446806 (RTH2)
[2025-11-02 20:07:50.558] [info] Frame 189 (t = 0.945):	 total squared error = 0.00708836, marker error: RMS = 0.0193151, max = 0.0449592 (RTH2)
[2025-11-02 20:07:50.633] [info] Frame 190 (t = 0.95):	 total squared error = 0.00720267, marker error: RMS = 0.0194702, max = 0.0452578 (RTH2)
[2025-11-02 20:07:50.695] [info] Frame 191 (t = 0.955):	 total squared error = 0.00731997, marker error: RMS = 0.0196281, max = 0.0455386 (RTH2)
[2025-11-02 20:07:50.764] [info] Frame 192 (t = 0.96):	 total squared error = 0.00742919, marker error: RMS = 0.019774, max = 0.0457942 (RTH2)
[2025-11-02 20:07:50.840] [info] Frame 193 (t = 0.965):	 total squared error = 0.00754706, marker error: RMS = 0.0199302, max = 0.0461025 (RTH2)
[2025-11-02 20:07:50.888] [info] Frame 194 (t = 0.97):	 total squared error = 0.00767371, marker error: RMS = 0.0200968, max = 0.0463972 (RTH2)
[2025-11-02 20:07:50.926] [info] Frame 195 (t = 0.975):	 total squared error = 0.00778402, marker error: RMS = 0.0202407, max = 0.046666 (RTH2)
[2025-11-02 20:07:50.974] [info] Frame 196 (t = 0.98):	 total squared error = 0.00788929, marker error: RMS = 0.0203771, max = 0.0469175 (RTH2)
[2025-11-02 20:07:51.052] [info] Frame 197 (t = 0.985):	 total squared error = 0.00801085, marker error: RMS = 0.0205335, max = 0.0471856 (RTH2)
[2025-11-02 20:07:51.134] [info] Frame 198 (t = 0.99):	 total squared error = 0.00813655, marker error: RMS = 0.0206939, max = 0.0474757 (RTH2)
[2025-11-02 20:07:51.184] [info] Frame 199 (t = 0.995):	 total squared error = 0.00826423, marker error: RMS = 0.0208557, max = 0.0477299 (RTH2)
[2025-11-02 20:07:51.233] [info] Frame 200 (t = 1.0):	 total squared error = 0.00839493, marker error: RMS = 0.0210200, max = 0.0480152 (RTH2)
[2025-11-02 20:07:51.289] [info] Frame 201 (t = 1.00500):	 total squared error = 0.00852884, marker error: RMS = 0.0211869, max = 0.048274 (RTH2)
[2025-11-02 20:07:51.357] [info] Frame 202 (t = 1.01):	 total squared error = 0.00866373, marker error: RMS = 0.0213538, max = 0.0485311 (RTH2)
[2025-11-02 20:07:51.402] [info] Frame 203 (t = 1.015):	 total squared error = 0.00881009, marker error: RMS = 0.0215334, max = 0.0488283 (RTH2)
[2025-11-02 20:07:51.434] [info] Frame 204 (t = 1.02):	 total squared error = 0.00896356, marker error: RMS = 0.0217202, max = 0.0492295 (RTH2)
[2025-11-02 20:07:51.498] [info] Frame 205 (t = 1.025):	 total squared error = 0.00906367, marker error: RMS = 0.0218411, max = 0.0493812 (RTH2)
[2025-11-02 20:07:51.542] [info] Frame 206 (t = 1.03):	 total squared error = 0.00921232, marker error: RMS = 0.0220195, max = 0.0496528 (RTH2)
[2025-11-02 20:07:51.610] [info] Frame 207 (t = 1.035):	 total squared error = 0.00935134, marker error: RMS = 0.022185, max = 0.0499359 (RTH2)
[2025-11-02 20:07:51.684] [info] Frame 208 (t = 1.04):	 total squared error = 0.00949229, marker error: RMS = 0.0223516, max = 0.0501915 (RTH2)
[2025-11-02 20:07:51.761] [info] Frame 209 (t = 1.045):	 total squared error = 0.00964116, marker error: RMS = 0.0225262, max = 0.0504848 (RTH2)
[2025-11-02 20:07:51.834] [info] Frame 210 (t = 1.05):	 total squared error = 0.00979814, marker error: RMS = 0.0227088, max = 0.0507668 (RTH2)
[2025-11-02 20:07:51.911] [info] Frame 211 (t = 1.055):	 total squared error = 0.0100002, marker error: RMS = 0.0229418, max = 0.0512377 (RTH2)
[2025-11-02 20:07:51.972] [info] Frame 212 (t = 1.06):	 total squared error = 0.0100833, marker error: RMS = 0.0230370, max = 0.0512962 (RTH2)
[2025-11-02 20:07:52.033] [info] Frame 213 (t = 1.065):	 total squared error = 0.0102604, marker error: RMS = 0.0232383, max = 0.0516505 (RTH2)
[2025-11-02 20:07:52.115] [info] Frame 214 (t = 1.07):	 total squared error = 0.0104281, marker error: RMS = 0.0234275, max = 0.0519766 (RTH2)
[2025-11-02 20:07:52.204] [info] Frame 215 (t = 1.075):	 total squared error = 0.0105913, marker error: RMS = 0.02361, max = 0.0522732 (RTH2)
[2025-11-02 20:07:52.271] [info] Frame 216 (t = 1.08):	 total squared error = 0.0108355, marker error: RMS = 0.0238808, max = 0.0527924 (RTH2)
[2025-11-02 20:07:52.339] [info] Frame 217 (t = 1.085):	 total squared error = 0.0109752, marker error: RMS = 0.0240342, max = 0.0530204 (RTH2)
[2025-11-02 20:07:52.384] [info] Frame 218 (t = 1.09):	 total squared error = 0.011166, marker error: RMS = 0.0242422, max = 0.0533484 (RTH2)
[2025-11-02 20:07:52.507] [info] Frame 219 (t = 1.095):	 total squared error = 0.011314, marker error: RMS = 0.0244023, max = 0.0536165 (RTH2)
[2025-11-02 20:07:52.619] [info] Frame 220 (t = 1.1):	 total squared error = 0.0115192, marker error: RMS = 0.0246226, max = 0.0540162 (RTH2)
[2025-11-02 20:07:52.690] [info] Frame 221 (t = 1.10500):	 total squared error = 0.011712, marker error: RMS = 0.0248279, max = 0.0543533 (RTH2)
[2025-11-02 20:07:52.775] [info] Frame 222 (t = 1.11):	 total squared error = 0.0119143, marker error: RMS = 0.0250413, max = 0.054752 (RTH2)
[2025-11-02 20:07:52.815] [info] Frame 223 (t = 1.115):	 total squared error = 0.0121176, marker error: RMS = 0.0252541, max = 0.0550901 (RTH2)
[2025-11-02 20:07:52.887] [info] Frame 224 (t = 1.12):	 total squared error = 0.012315, marker error: RMS = 0.0254589, max = 0.0554503 (RTH2)
[2025-11-02 20:07:52.983] [info] Frame 225 (t = 1.125):	 total squared error = 0.0125261, marker error: RMS = 0.0256763, max = 0.055837 (RTH2)
[2025-11-02 20:07:53.057] [info] Frame 226 (t = 1.13):	 total squared error = 0.0127858, marker error: RMS = 0.025941, max = 0.0563272 (RTH2)
[2025-11-02 20:07:53.151] [info] Frame 227 (t = 1.135):	 total squared error = 0.0129487, marker error: RMS = 0.0261058, max = 0.0565852 (RTH2)
[2025-11-02 20:07:53.192] [info] Frame 228 (t = 1.14):	 total squared error = 0.0131521, marker error: RMS = 0.02631, max = 0.0569153 (RTH2)
[2025-11-02 20:07:53.279] [info] Frame 229 (t = 1.145):	 total squared error = 0.0133663, marker error: RMS = 0.0265234, max = 0.0573306 (RTH2)
[2025-11-02 20:07:53.348] [info] Frame 230 (t = 1.15):	 total squared error = 0.0135607, marker error: RMS = 0.0267156, max = 0.057655 (RTH2)
[2025-11-02 20:07:53.424] [info] Frame 231 (t = 1.155):	 total squared error = 0.013749, marker error: RMS = 0.0269004, max = 0.0579408 (RTH2)
[2025-11-02 20:07:53.566] [info] Frame 232 (t = 1.16):	 total squared error = 0.0139531, marker error: RMS = 0.0270994, max = 0.0582915 (RTH2)
[2025-11-02 20:07:53.624] [info] Frame 233 (t = 1.165):	 total squared error = 0.014129, marker error: RMS = 0.0272696, max = 0.0585432 (RTH2)
[2025-11-02 20:07:53.723] [info] Frame 234 (t = 1.17):	 total squared error = 0.0143435, marker error: RMS = 0.0274759, max = 0.058922 (RTH2)
[2025-11-02 20:07:53.777] [info] Frame 235 (t = 1.175):	 total squared error = 0.014533, marker error: RMS = 0.0276567, max = 0.0592137 (RTH2)
[2025-11-02 20:07:53.838] [info] Frame 236 (t = 1.18):	 total squared error = 0.0147165, marker error: RMS = 0.0278308, max = 0.0594945 (RTH2)
[2025-11-02 20:07:53.890] [info] Frame 237 (t = 1.185):	 total squared error = 0.0148898, marker error: RMS = 0.0279941, max = 0.0597172 (RTH2)
[2025-11-02 20:07:53.938] [info] Frame 238 (t = 1.19):	 total squared error = 0.0151288, marker error: RMS = 0.028218, max = 0.0601272 (RTH2)
[2025-11-02 20:07:54.015] [info] Frame 239 (t = 1.195):	 total squared error = 0.0152806, marker error: RMS = 0.0283592, max = 0.0603215 (RTH2)
[2025-11-02 20:07:54.103] [info] Frame 240 (t = 1.2):	 total squared error = 0.0154793, marker error: RMS = 0.0285429, max = 0.0606488 (RTH2)
[2025-11-02 20:07:54.169] [info] Frame 241 (t = 1.20500):	 total squared error = 0.0156523, marker error: RMS = 0.0287021, max = 0.0608301 (RTH2)
[2025-11-02 20:07:54.234] [info] Frame 242 (t = 1.21):	 total squared error = 0.0158351, marker error: RMS = 0.0288692, max = 0.0610984 (RTH2)
[2025-11-02 20:07:54.305] [info] Frame 243 (t = 1.215):	 total squared error = 0.0160457, marker error: RMS = 0.0290604, max = 0.0614401 (RTH2)
[2025-11-02 20:07:54.368] [info] Frame 244 (t = 1.22):	 total squared error = 0.0162331, marker error: RMS = 0.0292296, max = 0.0616905 (RTH2)
[2025-11-02 20:07:54.438] [info] Frame 245 (t = 1.225):	 total squared error = 0.0164523, marker error: RMS = 0.0294264, max = 0.0620407 (RTH2)
[2025-11-02 20:07:54.539] [info] Frame 246 (t = 1.23):	 total squared error = 0.016616, marker error: RMS = 0.0295724, max = 0.062247 (RTH2)
[2025-11-02 20:07:54.640] [info] Frame 247 (t = 1.235):	 total squared error = 0.0168128, marker error: RMS = 0.029747, max = 0.0625339 (RTH2)
[2025-11-02 20:07:54.732] [info] Frame 248 (t = 1.24):	 total squared error = 0.0170414, marker error: RMS = 0.0299486, max = 0.0628818 (RTH2)
[2025-11-02 20:07:54.840] [info] Frame 249 (t = 1.245):	 total squared error = 0.0172231, marker error: RMS = 0.0301078, max = 0.0631371 (RTH2)
[2025-11-02 20:07:54.900] [info] Frame 250 (t = 1.25):	 total squared error = 0.01746, marker error: RMS = 0.0303141, max = 0.0634981 (RTH2)
[2025-11-02 20:07:55.005] [info] Frame 251 (t = 1.255):	 total squared error = 0.0176419, marker error: RMS = 0.0304716, max = 0.0637732 (RTH2)
[2025-11-02 20:07:55.116] [info] Frame 252 (t = 1.26):	 total squared error = 0.0178743, marker error: RMS = 0.0306717, max = 0.0641585 (RTH2)
[2025-11-02 20:07:55.176] [info] Frame 253 (t = 1.265):	 total squared error = 0.0180698, marker error: RMS = 0.0308390, max = 0.0644215 (RTH2)
[2025-11-02 20:07:55.283] [info] Frame 254 (t = 1.27):	 total squared error = 0.0182971, marker error: RMS = 0.0310324, max = 0.0648129 (RTH2)
[2025-11-02 20:07:55.405] [info] Frame 255 (t = 1.275):	 total squared error = 0.0185258, marker error: RMS = 0.0312257, max = 0.0651833 (RTH2)
[2025-11-02 20:07:55.492] [info] Frame 256 (t = 1.28):	 total squared error = 0.0187464, marker error: RMS = 0.031411, max = 0.0655204 (RTH2)
[2025-11-02 20:07:55.557] [info] Frame 257 (t = 1.285):	 total squared error = 0.0189761, marker error: RMS = 0.0316028, max = 0.0658888 (RTH2)
[2025-11-02 20:07:55.622] [info] Frame 258 (t = 1.29):	 total squared error = 0.0192025, marker error: RMS = 0.0317909, max = 0.0662367 (RTH2)
[2025-11-02 20:07:55.735] [info] Frame 259 (t = 1.295):	 total squared error = 0.0194277, marker error: RMS = 0.0319767, max = 0.0665722 (RTH2)
[2025-11-02 20:07:55.846] [info] Frame 260 (t = 1.3):	 total squared error = 0.0196609, marker error: RMS = 0.0321681, max = 0.0669404 (RTH2)
[2025-11-02 20:07:55.938] [info] Frame 261 (t = 1.30500):	 total squared error = 0.0198891, marker error: RMS = 0.0323542, max = 0.0672845 (RTH2)
[2025-11-02 20:07:56.055] [info] Frame 262 (t = 1.31):	 total squared error = 0.0201143, marker error: RMS = 0.0325369, max = 0.0676131 (RTH2)
[2025-11-02 20:07:56.157] [info] Frame 263 (t = 1.315):	 total squared error = 0.0203412, marker error: RMS = 0.0327199, max = 0.0679462 (RTH2)
[2025-11-02 20:07:56.267] [info] Frame 264 (t = 1.32):	 total squared error = 0.0205685, marker error: RMS = 0.0329021, max = 0.0682634 (RTH2)
[2025-11-02 20:07:56.369] [info] Frame 265 (t = 1.325):	 total squared error = 0.0207941, marker error: RMS = 0.0330821, max = 0.068583 (RTH2)
[2025-11-02 20:07:56.484] [info] Frame 266 (t = 1.33):	 total squared error = 0.0210148, marker error: RMS = 0.0332572, max = 0.0688843 (RTH2)
[2025-11-02 20:07:56.577] [info] Frame 267 (t = 1.335):	 total squared error = 0.0212321, marker error: RMS = 0.0334287, max = 0.069159 (RTH2)
[2025-11-02 20:07:56.628] [info] Frame 268 (t = 1.34):	 total squared error = 0.0214943, marker error: RMS = 0.0336345, max = 0.0695477 (RTH2)
[2025-11-02 20:07:56.692] [info] Frame 269 (t = 1.345):	 total squared error = 0.0216738, marker error: RMS = 0.0337746, max = 0.0697503 (RTH2)
[2025-11-02 20:07:56.738] [info] Frame 270 (t = 1.35):	 total squared error = 0.0219762, marker error: RMS = 0.0340094, max = 0.0702301 (RTH2)
[2025-11-02 20:07:56.816] [info] Frame 271 (t = 1.355):	 total squared error = 0.0220880, marker error: RMS = 0.0340959, max = 0.0702617 (RTH2)
[2025-11-02 20:07:56.902] [info] Frame 272 (t = 1.36):	 total squared error = 0.0222885, marker error: RMS = 0.0342503, max = 0.0704964 (RTH2)
[2025-11-02 20:07:57.023] [info] Frame 273 (t = 1.365):	 total squared error = 0.0224903, marker error: RMS = 0.0344049, max = 0.0707550 (RTH2)
[2025-11-02 20:07:57.136] [info] Frame 274 (t = 1.37):	 total squared error = 0.0226876, marker error: RMS = 0.0345555, max = 0.0710029 (RTH2)
[2025-11-02 20:07:57.228] [info] Frame 275 (t = 1.375):	 total squared error = 0.0228692, marker error: RMS = 0.0346935, max = 0.0712059 (RTH2)
[2025-11-02 20:07:57.359] [info] Frame 276 (t = 1.38):	 total squared error = 0.0230509, marker error: RMS = 0.0348311, max = 0.071423 (RTH2)
[2025-11-02 20:07:57.459] [info] Frame 277 (t = 1.385):	 total squared error = 0.0232247, marker error: RMS = 0.0349621, max = 0.0716311 (RTH2)
[2025-11-02 20:07:57.544] [info] Frame 278 (t = 1.39):	 total squared error = 0.0234266, marker error: RMS = 0.0351138, max = 0.0718923 (RTH2)
[2025-11-02 20:07:57.648] [info] Frame 279 (t = 1.395):	 total squared error = 0.0235633, marker error: RMS = 0.0352161, max = 0.0720585 (RTH2)
[2025-11-02 20:07:57.759] [info] Frame 280 (t = 1.4):	 total squared error = 0.0237161, marker error: RMS = 0.0353301, max = 0.0722252 (RTH2)
[2025-11-02 20:07:57.846] [info] Frame 281 (t = 1.40500):	 total squared error = 0.0238708, marker error: RMS = 0.0354451, max = 0.0724124 (RTH2)
[2025-11-02 20:07:57.938] [info] Frame 282 (t = 1.41):	 total squared error = 0.0239928, marker error: RMS = 0.0355356, max = 0.0725564 (RTH2)
[2025-11-02 20:07:58.026] [info] Frame 283 (t = 1.415):	 total squared error = 0.0241515, marker error: RMS = 0.0356529, max = 0.072765 (RTH2)
[2025-11-02 20:07:58.098] [info] Frame 284 (t = 1.42):	 total squared error = 0.0242756, marker error: RMS = 0.0357444, max = 0.0729051 (RTH2)
[2025-11-02 20:07:58.145] [info] Frame 285 (t = 1.425):	 total squared error = 0.0243921, marker error: RMS = 0.0358301, max = 0.0730635 (RTH2)
[2025-11-02 20:07:58.202] [info] Frame 286 (t = 1.43):	 total squared error = 0.0245098, marker error: RMS = 0.0359164, max = 0.0732017 (RTH2)
[2025-11-02 20:07:58.255] [info] Frame 287 (t = 1.435):	 total squared error = 0.0246009, marker error: RMS = 0.0359831, max = 0.0732932 (RTH2)
[2025-11-02 20:07:58.296] [info] Frame 288 (t = 1.44):	 total squared error = 0.0246447, marker error: RMS = 0.0360151, max = 0.073324 (RTH2)
[2025-11-02 20:07:58.368] [info] Frame 289 (t = 1.445):	 total squared error = 0.0247532, marker error: RMS = 0.0360943, max = 0.0734882 (RTH2)
[2025-11-02 20:07:58.494] [info] Frame 290 (t = 1.45):	 total squared error = 0.0248211, marker error: RMS = 0.0361438, max = 0.0735626 (RTH2)
[2025-11-02 20:07:58.539] [info] Frame 291 (t = 1.455):	 total squared error = 0.0249054, marker error: RMS = 0.0362051, max = 0.0736848 (RTH2)
[2025-11-02 20:07:58.643] [info] Frame 292 (t = 1.46):	 total squared error = 0.0249429, marker error: RMS = 0.0362323, max = 0.0737196 (RTH2)
[2025-11-02 20:07:58.730] [info] Frame 293 (t = 1.465):	 total squared error = 0.0249972, marker error: RMS = 0.0362718, max = 0.0737998 (RTH2)
[2025-11-02 20:07:58.853] [info] Frame 294 (t = 1.47):	 total squared error = 0.0250382, marker error: RMS = 0.0363015, max = 0.073855 (RTH2)
[2025-11-02 20:07:58.921] [info] Frame 295 (t = 1.475):	 total squared error = 0.0250652, marker error: RMS = 0.0363211, max = 0.0738834 (RTH2)
[2025-11-02 20:07:59.022] [info] Frame 296 (t = 1.48):	 total squared error = 0.0251561, marker error: RMS = 0.0363869, max = 0.0740467 (RTH2)
[2025-11-02 20:07:59.110] [info] Frame 297 (t = 1.485):	 total squared error = 0.0251084, marker error: RMS = 0.0363524, max = 0.0739438 (RTH2)
[2025-11-02 20:07:59.162] [info] Frame 298 (t = 1.49):	 total squared error = 0.0251657, marker error: RMS = 0.0363938, max = 0.0740592 (RTH2)
[2025-11-02 20:07:59.239] [info] Frame 299 (t = 1.495):	 total squared error = 0.0251607, marker error: RMS = 0.0363902, max = 0.0740205 (RTH2)
[2025-11-02 20:07:59.293] [info] Frame 300 (t = 1.5):	 total squared error = 0.0251288, marker error: RMS = 0.0363671, max = 0.0739655 (RTH2)
[2025-11-02 20:07:59.352] [info] Frame 301 (t = 1.50500):	 total squared error = 0.0250998, marker error: RMS = 0.0363461, max = 0.0739091 (RTH2)
[2025-11-02 20:07:59.438] [info] Frame 302 (t = 1.51):	 total squared error = 0.0250925, marker error: RMS = 0.0363408, max = 0.0739179 (RTH2)
[2025-11-02 20:07:59.527] [info] Frame 303 (t = 1.515):	 total squared error = 0.0250656, marker error: RMS = 0.0363214, max = 0.073874 (RTH2)
[2025-11-02 20:07:59.607] [info] Frame 304 (t = 1.52):	 total squared error = 0.0250074, marker error: RMS = 0.0362792, max = 0.0737802 (RTH2)
[2025-11-02 20:07:59.742] [info] Frame 305 (t = 1.525):	 total squared error = 0.0249663, marker error: RMS = 0.0362493, max = 0.0737379 (RTH2)
[2025-11-02 20:07:59.848] [info] Frame 306 (t = 1.53):	 total squared error = 0.0249137, marker error: RMS = 0.0362112, max = 0.0736767 (RTH2)
[2025-11-02 20:07:59.914] [info] Frame 307 (t = 1.535):	 total squared error = 0.0248158, marker error: RMS = 0.03614, max = 0.073529 (RTH2)
[2025-11-02 20:08:00.013] [info] Frame 308 (t = 1.54):	 total squared error = 0.0247422, marker error: RMS = 0.0360863, max = 0.0734469 (RTH2)
[2025-11-02 20:08:00.101] [info] Frame 309 (t = 1.545):	 total squared error = 0.0246258, marker error: RMS = 0.0360013, max = 0.0732885 (RTH2)
[2025-11-02 20:08:00.241] [info] Frame 310 (t = 1.55):	 total squared error = 0.0244966, marker error: RMS = 0.0359067, max = 0.0731229 (RTH2)
[2025-11-02 20:08:00.349] [info] Frame 311 (t = 1.555):	 total squared error = 0.0243414, marker error: RMS = 0.0357928, max = 0.072891 (RTH2)
[2025-11-02 20:08:00.466] [info] Frame 312 (t = 1.56):	 total squared error = 0.0241692, marker error: RMS = 0.035666, max = 0.0726433 (RTH2)
[2025-11-02 20:08:00.584] [info] Frame 313 (t = 1.565):	 total squared error = 0.0239903, marker error: RMS = 0.0355338, max = 0.0724061 (RTH2)
[2025-11-02 20:08:00.692] [info] Frame 314 (t = 1.57):	 total squared error = 0.0237815, marker error: RMS = 0.0353788, max = 0.0721027 (RTH2)
[2025-11-02 20:08:00.784] [info] Frame 315 (t = 1.575):	 total squared error = 0.0235343, marker error: RMS = 0.0351944, max = 0.0717271 (RTH2)
[2025-11-02 20:08:00.882] [info] Frame 316 (t = 1.58):	 total squared error = 0.0233035, marker error: RMS = 0.0350214, max = 0.0714405 (RTH2)
[2025-11-02 20:08:00.945] [info] Frame 317 (t = 1.585):	 total squared error = 0.0230266, marker error: RMS = 0.0348127, max = 0.0710503 (RTH2)
[2025-11-02 20:08:01.037] [info] Frame 318 (t = 1.59):	 total squared error = 0.0227156, marker error: RMS = 0.0345768, max = 0.0705853 (RTH2)
[2025-11-02 20:08:01.135] [info] Frame 319 (t = 1.595):	 total squared error = 0.0224323, marker error: RMS = 0.0343605, max = 0.0702263 (RTH2)
[2025-11-02 20:08:01.210] [info] Frame 320 (t = 1.6):	 total squared error = 0.0220672, marker error: RMS = 0.0340798, max = 0.0696901 (RTH2)
[2025-11-02 20:08:01.296] [info] Frame 321 (t = 1.60500):	 total squared error = 0.0217421, marker error: RMS = 0.0338278, max = 0.0692464 (RTH2)
[2025-11-02 20:08:01.389] [info] Frame 322 (t = 1.61):	 total squared error = 0.0213544, marker error: RMS = 0.0335249, max = 0.068698 (RTH2)
[2025-11-02 20:08:01.489] [info] Frame 323 (t = 1.615):	 total squared error = 0.0209574, marker error: RMS = 0.0332117, max = 0.0681138 (RTH2)
[2025-11-02 20:08:01.580] [info] Frame 324 (t = 1.62):	 total squared error = 0.0205871, marker error: RMS = 0.0329171, max = 0.067641 (RTH2)
[2025-11-02 20:08:01.674] [info] Frame 325 (t = 1.625):	 total squared error = 0.0201686, marker error: RMS = 0.0325808, max = 0.0670141 (RTH2)
[2025-11-02 20:08:01.776] [info] Frame 326 (t = 1.63):	 total squared error = 0.019744, marker error: RMS = 0.032236, max = 0.0664183 (RTH2)
[2025-11-02 20:08:01.868] [info] Frame 327 (t = 1.635):	 total squared error = 0.0193156, marker error: RMS = 0.0318843, max = 0.0658244 (RTH2)
[2025-11-02 20:08:01.930] [info] Frame 328 (t = 1.64):	 total squared error = 0.0188366, marker error: RMS = 0.0314865, max = 0.0650961 (RTH2)
[2025-11-02 20:08:02.054] [info] Frame 329 (t = 1.645):	 total squared error = 0.0183925, marker error: RMS = 0.0311131, max = 0.0644392 (RTH2)
[2025-11-02 20:08:02.149] [info] Frame 330 (t = 1.65):	 total squared error = 0.0179402, marker error: RMS = 0.0307282, max = 0.0637761 (RTH2)
[2025-11-02 20:08:02.239] [info] Frame 331 (t = 1.655):	 total squared error = 0.0174858, marker error: RMS = 0.0303365, max = 0.0631078 (RTH2)
[2025-11-02 20:08:02.346] [info] Frame 332 (t = 1.66):	 total squared error = 0.0170018, marker error: RMS = 0.0299137, max = 0.0623537 (RTH2)
[2025-11-02 20:08:02.413] [info] Frame 333 (t = 1.665):	 total squared error = 0.0164999, marker error: RMS = 0.0294689, max = 0.0615383 (RTH2)
[2025-11-02 20:08:02.515] [info] Frame 334 (t = 1.67):	 total squared error = 0.0160003, marker error: RMS = 0.0290194, max = 0.0607505 (RTH2)
[2025-11-02 20:08:02.621] [info] Frame 335 (t = 1.675):	 total squared error = 0.0155142, marker error: RMS = 0.0285751, max = 0.0599439 (RTH2)
[2025-11-02 20:08:02.706] [info] Frame 336 (t = 1.68):	 total squared error = 0.0150374, marker error: RMS = 0.0281326, max = 0.0591677 (RTH2)
[2025-11-02 20:08:02.773] [info] Frame 337 (t = 1.685):	 total squared error = 0.0145456, marker error: RMS = 0.0276687, max = 0.0583445 (RTH2)
[2025-11-02 20:08:02.833] [info] Frame 338 (t = 1.69):	 total squared error = 0.0140756, marker error: RMS = 0.0272181, max = 0.0575549 (RTH2)
[2025-11-02 20:08:02.937] [info] Frame 339 (t = 1.695):	 total squared error = 0.0136501, marker error: RMS = 0.0268035, max = 0.0568833 (RTH2)
[2025-11-02 20:08:03.028] [info] Frame 340 (t = 1.7):	 total squared error = 0.0131667, marker error: RMS = 0.0263246, max = 0.0560075 (RTH2)
[2025-11-02 20:08:03.117] [info] Frame 341 (t = 1.70500):	 total squared error = 0.0127311, marker error: RMS = 0.0258854, max = 0.055281 (RTH2)
[2025-11-02 20:08:03.192] [info] Frame 342 (t = 1.71):	 total squared error = 0.0122828, marker error: RMS = 0.0254256, max = 0.0544479 (RTH2)
[2025-11-02 20:08:03.291] [info] Frame 343 (t = 1.715):	 total squared error = 0.011878, marker error: RMS = 0.0250032, max = 0.0537476 (RTH2)
[2025-11-02 20:08:03.358] [info] Frame 344 (t = 1.72):	 total squared error = 0.0114316, marker error: RMS = 0.0245289, max = 0.0529166 (RTH2)
[2025-11-02 20:08:03.437] [info] Frame 345 (t = 1.725):	 total squared error = 0.0110126, marker error: RMS = 0.0240751, max = 0.0521281 (RTH2)
[2025-11-02 20:08:03.531] [info] Frame 346 (t = 1.73):	 total squared error = 0.0106750, marker error: RMS = 0.0237032, max = 0.0515096 (RTH2)
[2025-11-02 20:08:03.597] [info] Frame 347 (t = 1.735):	 total squared error = 0.0102713, marker error: RMS = 0.0232507, max = 0.0507004 (RTH2)
[2025-11-02 20:08:03.642] [info] Frame 348 (t = 1.74):	 total squared error = 0.00991823, marker error: RMS = 0.0228476, max = 0.0500084 (RTH2)
[2025-11-02 20:08:03.672] [info] Frame 349 (t = 1.745):	 total squared error = 0.00952388, marker error: RMS = 0.0223888, max = 0.049187 (RTH2)
[2025-11-02 20:08:03.703] [info] Frame 350 (t = 1.75):	 total squared error = 0.00917807, marker error: RMS = 0.0219785, max = 0.0484956 (RTH2)
[2025-11-02 20:08:03.745] [info] Frame 351 (t = 1.755):	 total squared error = 0.00892550, marker error: RMS = 0.021674, max = 0.0479952 (RTH2)
[2025-11-02 20:08:03.772] [info] Frame 352 (t = 1.76):	 total squared error = 0.00857286, marker error: RMS = 0.0212415, max = 0.0472254 (RTH2)
[2025-11-02 20:08:03.796] [info] Frame 353 (t = 1.765):	 total squared error = 0.00826162, marker error: RMS = 0.0208524, max = 0.0465668 (RTH2)
[2025-11-02 20:08:03.840] [info] Frame 354 (t = 1.77):	 total squared error = 0.00806113, marker error: RMS = 0.0205978, max = 0.0461599 (RTH2)
[2025-11-02 20:08:03.867] [info] Frame 355 (t = 1.775):	 total squared error = 0.00774851, marker error: RMS = 0.0201945, max = 0.0454385 (RTH2)
[2025-11-02 20:08:03.883] [info] Frame 356 (t = 1.78):	 total squared error = 0.00746716, marker error: RMS = 0.0198244, max = 0.0447901 (RTH2)
[2025-11-02 20:08:03.921] [info] Frame 357 (t = 1.785):	 total squared error = 0.00731704, marker error: RMS = 0.0196242, max = 0.0444969 (RTH2)
[2025-11-02 20:08:03.947] [info] Frame 358 (t = 1.79):	 total squared error = 0.00703036, marker error: RMS = 0.0192359, max = 0.0437945 (RTH2)
[2025-11-02 20:08:03.970] [info] Frame 359 (t = 1.795):	 total squared error = 0.00679817, marker error: RMS = 0.0189156, max = 0.0432254 (RTH2)
[2025-11-02 20:08:04.044] [info] Frame 360 (t = 1.8):	 total squared error = 0.00668961, marker error: RMS = 0.0187639, max = 0.0429899 (RTH2)
[2025-11-02 20:08:04.083] [info] Frame 361 (t = 1.80500):	 total squared error = 0.00649007, marker error: RMS = 0.0184819, max = 0.0425163 (RTH2)
[2025-11-02 20:08:04.122] [info] Frame 362 (t = 1.81):	 total squared error = 0.00631314, marker error: RMS = 0.0182283, max = 0.0420746 (RTH2)
[2025-11-02 20:08:04.138] [info] Frame 363 (t = 1.815):	 total squared error = 0.00608270, marker error: RMS = 0.0178925, max = 0.0414161 (RTH2)
[2025-11-02 20:08:04.167] [info] Frame 364 (t = 1.82):	 total squared error = 0.00596526, marker error: RMS = 0.0177189, max = 0.0411615 (RTH2)
[2025-11-02 20:08:04.208] [info] Frame 365 (t = 1.825):	 total squared error = 0.00581859, marker error: RMS = 0.0174998, max = 0.0407641 (RTH2)
[2025-11-02 20:08:04.222] [info] Frame 366 (t = 1.83):	 total squared error = 0.00560496, marker error: RMS = 0.0171755, max = 0.0401015 (RTH2)
[2025-11-02 20:08:04.269] [info] Frame 367 (t = 1.835):	 total squared error = 0.00552042, marker error: RMS = 0.0170455, max = 0.0399064 (RTH2)
[2025-11-02 20:08:04.292] [info] Frame 368 (t = 1.84):	 total squared error = 0.00532746, marker error: RMS = 0.0167449, max = 0.0393354 (RTH2)
[2025-11-02 20:08:04.325] [info] Frame 369 (t = 1.845):	 total squared error = 0.00516971, marker error: RMS = 0.0164951, max = 0.0388611 (RTH2)
[2025-11-02 20:08:04.401] [info] Frame 370 (t = 1.85):	 total squared error = 0.00510597, marker error: RMS = 0.0163932, max = 0.0387086 (RTH2)
[2025-11-02 20:08:04.429] [info] Frame 371 (t = 1.855):	 total squared error = 0.00490952, marker error: RMS = 0.0160747, max = 0.0379933 (RTH2)
[2025-11-02 20:08:04.488] [info] Frame 372 (t = 1.86):	 total squared error = 0.00483735, marker error: RMS = 0.0159561, max = 0.0378641 (RTH2)
[2025-11-02 20:08:04.554] [info] Frame 373 (t = 1.865):	 total squared error = 0.00471777, marker error: RMS = 0.0157576, max = 0.0374583 (RTH2)
[2025-11-02 20:08:04.588] [info] Frame 374 (t = 1.87):	 total squared error = 0.00453446, marker error: RMS = 0.0154485, max = 0.0367567 (RTH2)
[2025-11-02 20:08:04.612] [info] Frame 375 (t = 1.875):	 total squared error = 0.00438734, marker error: RMS = 0.0151958, max = 0.0362486 (RTH2)
[2025-11-02 20:08:04.645] [info] Frame 376 (t = 1.88):	 total squared error = 0.00434873, marker error: RMS = 0.0151288, max = 0.0361856 (RTH2)
[2025-11-02 20:08:04.659] [info] Frame 377 (t = 1.885):	 total squared error = 0.00417406, marker error: RMS = 0.0148219, max = 0.0354605 (RTH2)
[2025-11-02 20:08:04.672] [info] Frame 378 (t = 1.89):	 total squared error = 0.00402951, marker error: RMS = 0.0145629, max = 0.0348745 (RTH2)
[2025-11-02 20:08:04.746] [info] Frame 379 (t = 1.895):	 total squared error = 0.00399000, marker error: RMS = 0.0144914, max = 0.0348189 (RTH2)
[2025-11-02 20:08:04.783] [info] Frame 380 (t = 1.9):	 total squared error = 0.00380939, marker error: RMS = 0.0141596, max = 0.0339589 (RTH2)
[2025-11-02 20:08:04.860] [info] Frame 381 (t = 1.90500):	 total squared error = 0.00375347, marker error: RMS = 0.0140553, max = 0.0338326 (RTH2)
[2025-11-02 20:08:04.898] [info] Frame 382 (t = 1.91):	 total squared error = 0.00363320, marker error: RMS = 0.0138283, max = 0.0332904 (RTH2)
[2025-11-02 20:08:04.926] [info] Frame 383 (t = 1.915):	 total squared error = 0.00346086, marker error: RMS = 0.0134963, max = 0.0324235 (RTH2)
[2025-11-02 20:08:05.004] [info] Frame 384 (t = 1.92):	 total squared error = 0.00341560, marker error: RMS = 0.0134078, max = 0.0322925 (RTH2)
[2025-11-02 20:08:05.055] [info] Frame 385 (t = 1.925):	 total squared error = 0.00329801, marker error: RMS = 0.013175, max = 0.0317183 (RTH2)
[2025-11-02 20:08:05.077] [info] Frame 386 (t = 1.93):	 total squared error = 0.00312975, marker error: RMS = 0.0128345, max = 0.0307150 (RTH2)
[2025-11-02 20:08:05.116] [info] Frame 387 (t = 1.935):	 total squared error = 0.00309646, marker error: RMS = 0.012766, max = 0.0306386 (RTH2)
[2025-11-02 20:08:05.178] [info] Frame 388 (t = 1.94):	 total squared error = 0.00299710, marker error: RMS = 0.0125595, max = 0.0300804 (RTH2)
[2025-11-02 20:08:05.218] [info] Frame 389 (t = 1.945):	 total squared error = 0.00289335, marker error: RMS = 0.0123402, max = 0.0294501 (RTH2)
[2025-11-02 20:08:05.304] [info] Frame 390 (t = 1.95):	 total squared error = 0.00280229, marker error: RMS = 0.0121445, max = 0.0288403 (RTH2)
[2025-11-02 20:08:05.338] [info] Frame 391 (t = 1.955):	 total squared error = 0.00265187, marker error: RMS = 0.0118141, max = 0.0277359 (RTH2)
[2025-11-02 20:08:05.420] [info] Frame 392 (t = 1.96):	 total squared error = 0.00262561, marker error: RMS = 0.0117554, max = 0.0276363 (RTH2)
[2025-11-02 20:08:05.480] [info] Frame 393 (t = 1.965):	 total squared error = 0.00254132, marker error: RMS = 0.0115652, max = 0.0269446 (RTH2)
[2025-11-02 20:08:05.511] [info] Frame 394 (t = 1.97):	 total squared error = 0.00246376, marker error: RMS = 0.0113873, max = 0.0262964 (RTH2)
[2025-11-02 20:08:05.612] [info] Frame 395 (t = 1.975):	 total squared error = 0.00238858, marker error: RMS = 0.0112123, max = 0.0256661 (RTH2)
[2025-11-02 20:08:05.677] [info] Frame 396 (t = 1.98):	 total squared error = 0.00231512, marker error: RMS = 0.0110385, max = 0.0249109 (RTH2)
[2025-11-02 20:08:05.767] [info] Frame 397 (t = 1.985):	 total squared error = 0.00225115, marker error: RMS = 0.0108849, max = 0.0243271 (RTH2)
[2025-11-02 20:08:05.834] [info] Frame 398 (t = 1.99):	 total squared error = 0.00218951, marker error: RMS = 0.0107349, max = 0.0235903 (RTH2)
[2025-11-02 20:08:05.868] [info] Frame 399 (t = 1.995):	 total squared error = 0.00208623, marker error: RMS = 0.0104786, max = 0.0222441 (RTH2)
[2025-11-02 20:08:05.974] [info] Frame 400 (t = 2.0):	 total squared error = 0.00207188, marker error: RMS = 0.0104425, max = 0.022229 (RTH2)
[2025-11-02 20:08:06.042] [info] Frame 401 (t = 2.00500):	 total squared error = 0.00202711, marker error: RMS = 0.0103291, max = 0.021597 (RTH2)
[2025-11-02 20:08:06.119] [info] Frame 402 (t = 2.01):	 total squared error = 0.00198381, marker error: RMS = 0.0102182, max = 0.0209612 (RTH2)
[2025-11-02 20:08:06.196] [info] Frame 403 (t = 2.015):	 total squared error = 0.00194220, marker error: RMS = 0.0101104, max = 0.0202853 (RTH2)
[2025-11-02 20:08:06.263] [info] Frame 404 (t = 2.02):	 total squared error = 0.00190258, marker error: RMS = 0.0100068, max = 0.0196965 (RTH2)
[2025-11-02 20:08:06.315] [info] Frame 405 (t = 2.025):	 total squared error = 0.00187035, marker error: RMS = 0.00992168, max = 0.0190281 (RTH2)
[2025-11-02 20:08:06.387] [info] Frame 406 (t = 2.03):	 total squared error = 0.00183062, marker error: RMS = 0.00981573, max = 0.0184997 (RTH2)
[2025-11-02 20:08:06.444] [info] Frame 407 (t = 2.035):	 total squared error = 0.00179666, marker error: RMS = 0.00972424, max = 0.0176322 (RTH2)
[2025-11-02 20:08:06.533] [info] Frame 408 (t = 2.04):	 total squared error = 0.00176439, marker error: RMS = 0.00963654, max = 0.0173157 (RTH2)
[2025-11-02 20:08:06.627] [info] Frame 409 (t = 2.045):	 total squared error = 0.00173124, marker error: RMS = 0.00954557, max = 0.0167696 (RTH2)
[2025-11-02 20:08:06.700] [info] Frame 410 (t = 2.05):	 total squared error = 0.00170380, marker error: RMS = 0.00946962, max = 0.0162098 (RTH2)
[2025-11-02 20:08:06.765] [info] Frame 411 (t = 2.055):	 total squared error = 0.00167089, marker error: RMS = 0.00937773, max = 0.0156985 (RTH2)
[2025-11-02 20:08:06.801] [info] Frame 412 (t = 2.06):	 total squared error = 0.00164004, marker error: RMS = 0.00929074, max = 0.0151766 (RTH2)
[2025-11-02 20:08:06.836] [info] Frame 413 (t = 2.065):	 total squared error = 0.00161349, marker error: RMS = 0.00921523, max = 0.0146324 (RTH2)
[2025-11-02 20:08:06.896] [info] Frame 414 (t = 2.07):	 total squared error = 0.00157954, marker error: RMS = 0.00911778, max = 0.0142168 (RTH2)
[2025-11-02 20:08:06.964] [info] Frame 415 (t = 2.075):	 total squared error = 0.00155314, marker error: RMS = 0.00904124, max = 0.0141426 (LTOE)
[2025-11-02 20:08:07.006] [info] Frame 416 (t = 2.08):	 total squared error = 0.00152397, marker error: RMS = 0.00895595, max = 0.0140288 (LTOE)
[2025-11-02 20:08:07.043] [info] Frame 417 (t = 2.085):	 total squared error = 0.00149636, marker error: RMS = 0.00887446, max = 0.0140503 (LTOE)
[2025-11-02 20:08:07.086] [info] Frame 418 (t = 2.09):	 total squared error = 0.00147146, marker error: RMS = 0.00880031, max = 0.0140479 (LTOE)
[2025-11-02 20:08:07.148] [info] Frame 419 (t = 2.095):	 total squared error = 0.00144018, marker error: RMS = 0.00870626, max = 0.0139174 (LTOE)
[2025-11-02 20:08:07.215] [info] Frame 420 (t = 2.1):	 total squared error = 0.00141487, marker error: RMS = 0.00862943, max = 0.0138542 (LTOE)
[2025-11-02 20:08:07.288] [info] Frame 421 (t = 2.10500):	 total squared error = 0.00138642, marker error: RMS = 0.00854223, max = 0.0137461 (LTOE)
[2025-11-02 20:08:07.368] [info] Frame 422 (t = 2.11):	 total squared error = 0.00136147, marker error: RMS = 0.00846501, max = 0.0136741 (LTOE)
[2025-11-02 20:08:07.414] [info] Frame 423 (t = 2.115):	 total squared error = 0.00134153, marker error: RMS = 0.00840279, max = 0.0137203 (LTOE)
[2025-11-02 20:08:07.467] [info] Frame 424 (t = 2.12):	 total squared error = 0.00131108, marker error: RMS = 0.00830687, max = 0.0135036 (LTOE)
[2025-11-02 20:08:07.520] [info] Frame 425 (t = 2.125):	 total squared error = 0.00128410, marker error: RMS = 0.00822097, max = 0.0134076 (LTOE)
[2025-11-02 20:08:07.567] [info] Frame 426 (t = 2.13):	 total squared error = 0.00125655, marker error: RMS = 0.00813228, max = 0.0132945 (LTOE)
[2025-11-02 20:08:07.649] [info] Frame 427 (t = 2.135):	 total squared error = 0.00123239, marker error: RMS = 0.00805374, max = 0.0131434 (LTOE)
[2025-11-02 20:08:07.725] [info] Frame 428 (t = 2.14):	 total squared error = 0.00120571, marker error: RMS = 0.00796608, max = 0.0130092 (LTOE)
[2025-11-02 20:08:07.804] [info] Frame 429 (t = 2.145):	 total squared error = 0.00118195, marker error: RMS = 0.00788720, max = 0.0128408 (LTOE)
[2025-11-02 20:08:07.872] [info] Frame 430 (t = 2.15):	 total squared error = 0.00115605, marker error: RMS = 0.00780030, max = 0.0126646 (LTOE)
[2025-11-02 20:08:07.943] [info] Frame 431 (t = 2.155):	 total squared error = 0.00113225, marker error: RMS = 0.00771960, max = 0.0126372 (LTOE)
[2025-11-02 20:08:08.005] [info] Frame 432 (t = 2.16):	 total squared error = 0.00110877, marker error: RMS = 0.00763914, max = 0.0124565 (LTOE)
[2025-11-02 20:08:08.057] [info] Frame 433 (t = 2.165):	 total squared error = 0.00108628, marker error: RMS = 0.00756127, max = 0.0122826 (LTOE)
[2025-11-02 20:08:08.146] [info] Frame 434 (t = 2.17):	 total squared error = 0.00105992, marker error: RMS = 0.00746897, max = 0.0121916 (LTOE)
[2025-11-02 20:08:08.210] [info] Frame 435 (t = 2.175):	 total squared error = 0.00104011, marker error: RMS = 0.00739881, max = 0.0120672 (LTOE)
[2025-11-02 20:08:08.294] [info] Frame 436 (t = 2.18):	 total squared error = 0.00101694, marker error: RMS = 0.00731595, max = 0.0119148 (LTOE)
[2025-11-02 20:08:08.361] [info] Frame 437 (t = 2.185):	 total squared error = 0.00100228, marker error: RMS = 0.00726304, max = 0.011846 (LTOE)
[2025-11-02 20:08:08.399] [info] Frame 438 (t = 2.19):	 total squared error = 0.000985521, marker error: RMS = 0.00720205, max = 0.01174 (LTOE)
[2025-11-02 20:08:08.432] [info] Frame 439 (t = 2.195):	 total squared error = 0.000968078, marker error: RMS = 0.00713803, max = 0.011672 (LTOE)
[2025-11-02 20:08:08.473] [info] Frame 440 (t = 2.2):	 total squared error = 0.000942102, marker error: RMS = 0.00704161, max = 0.0115963 (LTOE)
[2025-11-02 20:08:08.521] [info] Frame 441 (t = 2.20500):	 total squared error = 0.000925750, marker error: RMS = 0.00698023, max = 0.0115912 (LTOE)
[2025-11-02 20:08:08.572] [info] Frame 442 (t = 2.21):	 total squared error = 0.000918360, marker error: RMS = 0.00695232, max = 0.0115746 (LTOE)
[2025-11-02 20:08:08.610] [info] Frame 443 (t = 2.215):	 total squared error = 0.000898790, marker error: RMS = 0.00687785, max = 0.0115363 (LTOE)
[2025-11-02 20:08:08.727] [info] Frame 444 (t = 2.22):	 total squared error = 0.000882127, marker error: RMS = 0.00681379, max = 0.0115416 (LTOE)
[2025-11-02 20:08:08.798] [info] Frame 445 (t = 2.225):	 total squared error = 0.000872645, marker error: RMS = 0.00677707, max = 0.011448 (LTOE)
[2025-11-02 20:08:08.865] [info] Frame 446 (t = 2.23):	 total squared error = 0.000858935, marker error: RMS = 0.00672362, max = 0.0115889 (LTOE)
[2025-11-02 20:08:08.944] [info] Frame 447 (t = 2.235):	 total squared error = 0.000848480, marker error: RMS = 0.00668258, max = 0.0115834 (LTOE)
[2025-11-02 20:08:09.050] [info] Frame 448 (t = 2.24):	 total squared error = 0.000836437, marker error: RMS = 0.00663498, max = 0.0116614 (LTOE)
[2025-11-02 20:08:09.137] [info] Frame 449 (t = 2.245):	 total squared error = 0.000829715, marker error: RMS = 0.00660827, max = 0.011712 (LTOE)
[2025-11-02 20:08:09.207] [info] Frame 450 (t = 2.25):	 total squared error = 0.000816464, marker error: RMS = 0.00655529, max = 0.0117458 (LTOE)
[2025-11-02 20:08:09.357] [info] Frame 451 (t = 2.255):	 total squared error = 0.000807122, marker error: RMS = 0.00651768, max = 0.0117099 (LTOE)
[2025-11-02 20:08:09.445] [info] Frame 452 (t = 2.26):	 total squared error = 0.000795671, marker error: RMS = 0.00647128, max = 0.0118619 (LTOE)
[2025-11-02 20:08:09.533] [info] Frame 453 (t = 2.265):	 total squared error = 0.000784880, marker error: RMS = 0.00642724, max = 0.0119166 (LTOE)
[2025-11-02 20:08:09.625] [info] Frame 454 (t = 2.27):	 total squared error = 0.000777615, marker error: RMS = 0.00639743, max = 0.0117224 (LTOE)
[2025-11-02 20:08:09.711] [info] Frame 455 (t = 2.275):	 total squared error = 0.000764952, marker error: RMS = 0.00634513, max = 0.0118226 (LTOE)
[2025-11-02 20:08:09.828] [info] Frame 456 (t = 2.28):	 total squared error = 0.000751565, marker error: RMS = 0.00628936, max = 0.0119581 (LTOE)
[2025-11-02 20:08:09.898] [info] Frame 457 (t = 2.285):	 total squared error = 0.000750596, marker error: RMS = 0.00628530, max = 0.0117542 (LTOE)
[2025-11-02 20:08:10.004] [info] Frame 458 (t = 2.29):	 total squared error = 0.000734183, marker error: RMS = 0.00621621, max = 0.0118597 (LTOE)
[2025-11-02 20:08:10.032] [info] Frame 459 (t = 2.295):	 total squared error = 0.000723926, marker error: RMS = 0.00617263, max = 0.0117245 (LTOE)
[2025-11-02 20:08:10.117] [info] Frame 460 (t = 2.3):	 total squared error = 0.000714659, marker error: RMS = 0.00613299, max = 0.0119282 (LTOE)
[2025-11-02 20:08:10.195] [info] Frame 461 (t = 2.30500):	 total squared error = 0.000707020, marker error: RMS = 0.00610013, max = 0.0118492 (LTOE)
[2025-11-02 20:08:10.266] [info] Frame 462 (t = 2.31):	 total squared error = 0.000697259, marker error: RMS = 0.00605787, max = 0.0119791 (LTOE)
[2025-11-02 20:08:10.315] [info] Frame 463 (t = 2.315):	 total squared error = 0.000696234, marker error: RMS = 0.00605342, max = 0.0116155 (LTOE)
[2025-11-02 20:08:10.450] [info] Frame 464 (t = 2.32):	 total squared error = 0.000681481, marker error: RMS = 0.00598894, max = 0.0120385 (LTOE)
[2025-11-02 20:08:10.558] [info] Frame 465 (t = 2.325):	 total squared error = 0.000676316, marker error: RMS = 0.00596620, max = 0.0119758 (LTOE)
[2025-11-02 20:08:10.677] [info] Frame 466 (t = 2.33):	 total squared error = 0.000668246, marker error: RMS = 0.00593050, max = 0.0120800 (LTOE)
[2025-11-02 20:08:10.751] [info] Frame 467 (t = 2.335):	 total squared error = 0.000665636, marker error: RMS = 0.00591891, max = 0.0121455 (LTOE)
[2025-11-02 20:08:10.799] [info] Frame 468 (t = 2.34):	 total squared error = 0.000659247, marker error: RMS = 0.00589043, max = 0.0121591 (LTOE)
[2025-11-02 20:08:10.922] [info] Frame 469 (t = 2.345):	 total squared error = 0.000655170, marker error: RMS = 0.00587219, max = 0.0121285 (LTOE)
[2025-11-02 20:08:11.016] [info] Frame 470 (t = 2.35):	 total squared error = 0.000650843, marker error: RMS = 0.00585277, max = 0.0121931 (LTOE)
[2025-11-02 20:08:11.100] [info] Frame 471 (t = 2.355):	 total squared error = 0.000646689, marker error: RMS = 0.00583406, max = 0.0122875 (LTOE)
[2025-11-02 20:08:11.159] [info] Frame 472 (t = 2.36):	 total squared error = 0.000643949, marker error: RMS = 0.00582169, max = 0.0122893 (LTOE)
[2025-11-02 20:08:11.244] [info] Frame 473 (t = 2.365):	 total squared error = 0.000642113, marker error: RMS = 0.00581338, max = 0.012241 (LTOE)
[2025-11-02 20:08:11.298] [info] Frame 474 (t = 2.37):	 total squared error = 0.000646872, marker error: RMS = 0.00583489, max = 0.012232 (LTOE)
[2025-11-02 20:08:11.376] [info] Frame 475 (t = 2.375):	 total squared error = 0.000638769, marker error: RMS = 0.00579823, max = 0.0122733 (LTOE)
[2025-11-02 20:08:11.518] [info] Frame 476 (t = 2.38):	 total squared error = 0.000636956, marker error: RMS = 0.00578999, max = 0.0122794 (LTOE)
[2025-11-02 20:08:11.609] [info] Frame 477 (t = 2.385):	 total squared error = 0.000637688, marker error: RMS = 0.00579332, max = 0.0121574 (LTOE)
[2025-11-02 20:08:11.709] [info] Frame 478 (t = 2.39):	 total squared error = 0.000636520, marker error: RMS = 0.00578801, max = 0.0122289 (LTOE)
[2025-11-02 20:08:11.799] [info] Frame 479 (t = 2.395):	 total squared error = 0.000631881, marker error: RMS = 0.00576688, max = 0.0123898 (LTOE)
[2025-11-02 20:08:11.868] [info] Frame 480 (t = 2.4):	 total squared error = 0.000637683, marker error: RMS = 0.00579330, max = 0.0123745 (LTOE)
[2025-11-02 20:08:11.943] [info] Frame 481 (t = 2.40500):	 total squared error = 0.000635403, marker error: RMS = 0.00578293, max = 0.0123050 (LTOE)
[2025-11-02 20:08:11.988] [info] InverseKinematicsTool completed 481 frames in 33 second(s).
[2025-11-02 20:08:13.997] [info] Loaded model Athlete_03 from file C:\Git\1_current_projects\powerlifing_model\models\Athlete_03\25_03_31\scaled_increasedForce3.osim
[2025-11-02 20:08:22.105] [info] Loaded model Athlete_03 from file C:\Git\1_current_projects\powerlifing_model\models\Athlete_03\25_03_31\scaled_increasedForce3.osim
[2025-11-02 20:08:23.882] [cout] [info] 
               MODEL: Athlete_03
         coordinates: 39
              forces: 97
           actuators: 97
             muscles: 80
            analyses: 0
              probes: 0
              bodies: 22
              joints: 22
         constraints: 2
             markers: 45
         controllers: 0
  contact geometries: 0
misc modelcomponents: 0
[2025-11-02 20:08:23.884] [info] Running tool .
[2025-11-02 20:08:24.899] [info] Frame 341 (t = 1.70500):	 total squared error = 0.00881453, marker error: RMS = 0.0215389, max = 0.0472809 (RTH2)
[2025-11-02 20:08:24.995] [info] Frame 342 (t = 1.71):	 total squared error = 0.00894775, marker error: RMS = 0.0217010, max = 0.0475561 (RTH2)
[2025-11-02 20:08:25.084] [info] Frame 343 (t = 1.715):	 total squared error = 0.00910073, marker error: RMS = 0.0218857, max = 0.0478997 (RTH2)
[2025-11-02 20:08:25.183] [info] Frame 344 (t = 1.72):	 total squared error = 0.00923601, marker error: RMS = 0.0220478, max = 0.0481439 (RTH2)
[2025-11-02 20:08:25.270] [info] Frame 345 (t = 1.725):	 total squared error = 0.00938349, marker error: RMS = 0.0222231, max = 0.048439 (RTH2)
[2025-11-02 20:08:25.346] [info] Frame 346 (t = 1.73):	 total squared error = 0.00952767, marker error: RMS = 0.0223932, max = 0.0487121 (RTH2)
[2025-11-02 20:08:25.410] [info] Frame 347 (t = 1.735):	 total squared error = 0.00967191, marker error: RMS = 0.0225621, max = 0.0489687 (RTH2)
[2025-11-02 20:08:25.483] [info] Frame 348 (t = 1.74):	 total squared error = 0.00982424, marker error: RMS = 0.0227391, max = 0.0492603 (RTH2)
[2025-11-02 20:08:25.560] [info] Frame 349 (t = 1.745):	 total squared error = 0.00997361, marker error: RMS = 0.0229113, max = 0.0495648 (RTH2)
[2025-11-02 20:08:25.616] [info] Frame 350 (t = 1.75):	 total squared error = 0.0101221, marker error: RMS = 0.0230813, max = 0.0498429 (RTH2)
[2025-11-02 20:08:25.673] [info] Frame 351 (t = 1.755):	 total squared error = 0.0102767, marker error: RMS = 0.0232568, max = 0.0501480 (RTH2)
[2025-11-02 20:08:25.761] [info] Frame 352 (t = 1.76):	 total squared error = 0.0104352, marker error: RMS = 0.0234355, max = 0.0504968 (RTH2)
[2025-11-02 20:08:25.839] [info] Frame 353 (t = 1.765):	 total squared error = 0.0105709, marker error: RMS = 0.0235873, max = 0.0507271 (RTH2)
[2025-11-02 20:08:25.908] [info] Frame 354 (t = 1.77):	 total squared error = 0.0107230, marker error: RMS = 0.0237565, max = 0.0510505 (RTH2)
[2025-11-02 20:08:26.020] [info] Frame 355 (t = 1.775):	 total squared error = 0.0108231, marker error: RMS = 0.0238671, max = 0.0511153 (RTH2)
[2025-11-02 20:08:26.148] [info] Frame 356 (t = 1.78):	 total squared error = 0.0109628, marker error: RMS = 0.0240206, max = 0.0514249 (RTH2)
[2025-11-02 20:08:26.316] [info] Frame 357 (t = 1.785):	 total squared error = 0.0111485, marker error: RMS = 0.0242232, max = 0.0518025 (RTH2)
[2025-11-02 20:08:26.412] [info] Frame 358 (t = 1.79):	 total squared error = 0.0112747, marker error: RMS = 0.0243599, max = 0.0520210 (RTH2)
[2025-11-02 20:08:26.551] [info] Frame 359 (t = 1.795):	 total squared error = 0.0114128, marker error: RMS = 0.0245086, max = 0.0522412 (RTH2)
[2025-11-02 20:08:26.733] [info] Frame 360 (t = 1.8):	 total squared error = 0.0116161, marker error: RMS = 0.0247259, max = 0.052681 (RTH2)
[2025-11-02 20:08:26.884] [info] Frame 361 (t = 1.80500):	 total squared error = 0.0117631, marker error: RMS = 0.0248819, max = 0.0529636 (RTH2)
[2025-11-02 20:08:26.974] [info] Frame 362 (t = 1.81):	 total squared error = 0.0119296, marker error: RMS = 0.0250574, max = 0.053269 (RTH2)
[2025-11-02 20:08:27.039] [info] Frame 363 (t = 1.815):	 total squared error = 0.0120222, marker error: RMS = 0.0251545, max = 0.0531972 (RTH2)
[2025-11-02 20:08:27.122] [info] Frame 364 (t = 1.82):	 total squared error = 0.0123194, marker error: RMS = 0.0254635, max = 0.0540456 (RTH2)
[2025-11-02 20:08:27.247] [info] Frame 365 (t = 1.825):	 total squared error = 0.0124932, marker error: RMS = 0.0256425, max = 0.0543544 (RTH2)
[2025-11-02 20:08:27.324] [info] Frame 366 (t = 1.83):	 total squared error = 0.0127297, marker error: RMS = 0.025884, max = 0.0548825 (RTH2)
[2025-11-02 20:08:27.398] [info] Frame 367 (t = 1.835):	 total squared error = 0.0129311, marker error: RMS = 0.0260880, max = 0.0552718 (RTH2)
[2025-11-02 20:08:27.516] [info] Frame 368 (t = 1.84):	 total squared error = 0.0130623, marker error: RMS = 0.02622, max = 0.0554028 (RTH2)
[2025-11-02 20:08:27.597] [info] Frame 369 (t = 1.845):	 total squared error = 0.0132804, marker error: RMS = 0.026438, max = 0.055833 (RTH2)
[2025-11-02 20:08:27.705] [info] Frame 370 (t = 1.85):	 total squared error = 0.013468, marker error: RMS = 0.0266241, max = 0.0561463 (RTH2)
[2025-11-02 20:08:27.802] [info] Frame 371 (t = 1.855):	 total squared error = 0.0137131, marker error: RMS = 0.0268653, max = 0.0566994 (RTH2)
[2025-11-02 20:08:27.954] [info] Frame 372 (t = 1.86):	 total squared error = 0.0138676, marker error: RMS = 0.0270162, max = 0.0568429 (RTH2)
[2025-11-02 20:08:28.042] [info] Frame 373 (t = 1.865):	 total squared error = 0.0140848, marker error: RMS = 0.0272269, max = 0.0572446 (RTH2)
[2025-11-02 20:08:28.130] [info] Frame 374 (t = 1.87):	 total squared error = 0.014285, marker error: RMS = 0.0274197, max = 0.0576008 (RTH2)
[2025-11-02 20:08:28.215] [info] Frame 375 (t = 1.875):	 total squared error = 0.0144703, marker error: RMS = 0.027597, max = 0.0579281 (RTH2)
[2025-11-02 20:08:28.293] [info] Frame 376 (t = 1.88):	 total squared error = 0.014677, marker error: RMS = 0.0277934, max = 0.0582528 (RTH2)
[2025-11-02 20:08:28.379] [info] Frame 377 (t = 1.885):	 total squared error = 0.0148798, marker error: RMS = 0.0279848, max = 0.0585632 (RTH2)
[2025-11-02 20:08:28.457] [info] Frame 378 (t = 1.89):	 total squared error = 0.0150990, marker error: RMS = 0.0281902, max = 0.0589884 (RTH2)
[2025-11-02 20:08:28.549] [info] Frame 379 (t = 1.895):	 total squared error = 0.0152646, marker error: RMS = 0.0283444, max = 0.0592329 (RTH2)
[2025-11-02 20:08:28.628] [info] Frame 380 (t = 1.9):	 total squared error = 0.0154529, marker error: RMS = 0.0285186, max = 0.0595004 (RTH2)
[2025-11-02 20:08:28.685] [info] Frame 381 (t = 1.90500):	 total squared error = 0.0156934, marker error: RMS = 0.0287397, max = 0.0599668 (RTH2)
[2025-11-02 20:08:28.781] [info] Frame 382 (t = 1.91):	 total squared error = 0.015879, marker error: RMS = 0.0289091, max = 0.0602830 (RTH2)
[2025-11-02 20:08:28.871] [info] Frame 383 (t = 1.915):	 total squared error = 0.0160896, marker error: RMS = 0.0291002, max = 0.0606410 (RTH2)
[2025-11-02 20:08:28.945] [info] Frame 384 (t = 1.92):	 total squared error = 0.0162825, marker error: RMS = 0.0292741, max = 0.0609652 (RTH2)
[2025-11-02 20:08:29.016] [info] Frame 385 (t = 1.925):	 total squared error = 0.0164828, marker error: RMS = 0.0294536, max = 0.0613221 (RTH2)
[2025-11-02 20:08:29.107] [info] Frame 386 (t = 1.93):	 total squared error = 0.016674, marker error: RMS = 0.029624, max = 0.061641 (RTH2)
[2025-11-02 20:08:29.189] [info] Frame 387 (t = 1.935):	 total squared error = 0.0168618, marker error: RMS = 0.0297903, max = 0.061992 (RTH2)
[2025-11-02 20:08:29.279] [info] Frame 388 (t = 1.94):	 total squared error = 0.0170211, marker error: RMS = 0.0299307, max = 0.0622353 (RTH2)
[2025-11-02 20:08:29.339] [info] Frame 389 (t = 1.945):	 total squared error = 0.0171977, marker error: RMS = 0.0300856, max = 0.0625092 (RTH2)
[2025-11-02 20:08:29.404] [info] Frame 390 (t = 1.95):	 total squared error = 0.01741, marker error: RMS = 0.0302707, max = 0.0629856 (RTH2)
[2025-11-02 20:08:29.481] [info] Frame 391 (t = 1.955):	 total squared error = 0.0176445, marker error: RMS = 0.0304739, max = 0.0633644 (RTH2)
[2025-11-02 20:08:29.540] [info] Frame 392 (t = 1.96):	 total squared error = 0.0178952, marker error: RMS = 0.0306897, max = 0.0638773 (RTH2)
[2025-11-02 20:08:29.631] [info] Frame 393 (t = 1.965):	 total squared error = 0.0180501, marker error: RMS = 0.0308222, max = 0.0641023 (RTH2)
[2025-11-02 20:08:29.715] [info] Frame 394 (t = 1.97):	 total squared error = 0.0182347, marker error: RMS = 0.0309794, max = 0.0644192 (RTH2)
[2025-11-02 20:08:29.796] [info] Frame 395 (t = 1.975):	 total squared error = 0.0184383, marker error: RMS = 0.0311519, max = 0.0648031 (RTH2)
[2025-11-02 20:08:29.858] [info] Frame 396 (t = 1.98):	 total squared error = 0.0185959, marker error: RMS = 0.0312847, max = 0.0650644 (RTH2)
[2025-11-02 20:08:29.918] [info] Frame 397 (t = 1.985):	 total squared error = 0.0187749, marker error: RMS = 0.0314349, max = 0.0654086 (RTH2)
[2025-11-02 20:08:30.015] [info] Frame 398 (t = 1.99):	 total squared error = 0.0189712, marker error: RMS = 0.0315988, max = 0.0657287 (RTH2)
[2025-11-02 20:08:30.103] [info] Frame 399 (t = 1.995):	 total squared error = 0.0191037, marker error: RMS = 0.0317089, max = 0.065943 (RTH2)
[2025-11-02 20:08:30.178] [info] Frame 400 (t = 2.0):	 total squared error = 0.0192473, marker error: RMS = 0.0318279, max = 0.0661805 (RTH2)
[2025-11-02 20:08:30.269] [info] Frame 401 (t = 2.00500):	 total squared error = 0.0194227, marker error: RMS = 0.0319726, max = 0.0664981 (RTH2)
[2025-11-02 20:08:30.360] [info] Frame 402 (t = 2.01):	 total squared error = 0.0195642, marker error: RMS = 0.0320889, max = 0.066723 (RTH2)
[2025-11-02 20:08:30.445] [info] Frame 403 (t = 2.015):	 total squared error = 0.0197565, marker error: RMS = 0.0322461, max = 0.0671112 (RTH2)
[2025-11-02 20:08:30.531] [info] Frame 404 (t = 2.02):	 total squared error = 0.0198661, marker error: RMS = 0.0323355, max = 0.0672599 (RTH2)
[2025-11-02 20:08:30.619] [info] Frame 405 (t = 2.025):	 total squared error = 0.0199696, marker error: RMS = 0.0324196, max = 0.067392 (RTH2)
[2025-11-02 20:08:30.712] [info] Frame 406 (t = 2.03):	 total squared error = 0.0200963, marker error: RMS = 0.0325223, max = 0.0676019 (RTH2)
[2025-11-02 20:08:30.769] [info] Frame 407 (t = 2.035):	 total squared error = 0.0201945, marker error: RMS = 0.0326017, max = 0.0677208 (RTH2)
[2025-11-02 20:08:30.880] [info] Frame 408 (t = 2.04):	 total squared error = 0.0203273, marker error: RMS = 0.0327087, max = 0.0679519 (RTH2)
[2025-11-02 20:08:30.953] [info] Frame 409 (t = 2.045):	 total squared error = 0.0204624, marker error: RMS = 0.0328172, max = 0.0682061 (RTH2)
[2025-11-02 20:08:31.010] [info] Frame 410 (t = 2.05):	 total squared error = 0.0205730, marker error: RMS = 0.0329058, max = 0.0683739 (RTH2)
[2025-11-02 20:08:31.050] [info] Frame 411 (t = 2.055):	 total squared error = 0.0206041, marker error: RMS = 0.0329306, max = 0.0683107 (RTH2)
[2025-11-02 20:08:31.110] [info] Frame 412 (t = 2.06):	 total squared error = 0.0207396, marker error: RMS = 0.0330388, max = 0.0685822 (RTH2)
[2025-11-02 20:08:31.165] [info] Frame 413 (t = 2.065):	 total squared error = 0.0208352, marker error: RMS = 0.0331148, max = 0.0687395 (RTH2)
[2025-11-02 20:08:31.262] [info] Frame 414 (t = 2.07):	 total squared error = 0.0209601, marker error: RMS = 0.0332139, max = 0.0689579 (RTH2)
[2025-11-02 20:08:31.304] [info] Frame 415 (t = 2.075):	 total squared error = 0.0210617, marker error: RMS = 0.0332943, max = 0.0691418 (RTH2)
[2025-11-02 20:08:31.403] [info] Frame 416 (t = 2.08):	 total squared error = 0.0211506, marker error: RMS = 0.0333645, max = 0.0692772 (RTH2)
[2025-11-02 20:08:31.503] [info] Frame 417 (t = 2.085):	 total squared error = 0.0211907, marker error: RMS = 0.0333961, max = 0.0693076 (RTH2)
[2025-11-02 20:08:31.599] [info] Frame 418 (t = 2.09):	 total squared error = 0.0212724, marker error: RMS = 0.0334604, max = 0.0694332 (RTH2)
[2025-11-02 20:08:31.700] [info] Frame 419 (t = 2.095):	 total squared error = 0.0213368, marker error: RMS = 0.033511, max = 0.0695155 (RTH2)
[2025-11-02 20:08:31.767] [info] Frame 420 (t = 2.1):	 total squared error = 0.0214081, marker error: RMS = 0.0335669, max = 0.0696195 (RTH2)
[2025-11-02 20:08:31.896] [info] Frame 421 (t = 2.10500):	 total squared error = 0.0214741, marker error: RMS = 0.0336187, max = 0.06972 (RTH2)
[2025-11-02 20:08:32.004] [info] Frame 422 (t = 2.11):	 total squared error = 0.0215363, marker error: RMS = 0.0336673, max = 0.0697976 (RTH2)
[2025-11-02 20:08:32.104] [info] Frame 423 (t = 2.115):	 total squared error = 0.0216090, marker error: RMS = 0.0337241, max = 0.0699168 (RTH2)
[2025-11-02 20:08:32.168] [info] Frame 424 (t = 2.12):	 total squared error = 0.0216559, marker error: RMS = 0.0337607, max = 0.0699511 (RTH2)
[2025-11-02 20:08:32.266] [info] Frame 425 (t = 2.125):	 total squared error = 0.0217252, marker error: RMS = 0.0338146, max = 0.0700564 (RTH2)
[2025-11-02 20:08:32.359] [info] Frame 426 (t = 2.13):	 total squared error = 0.0217843, marker error: RMS = 0.0338607, max = 0.0701416 (RTH2)
[2025-11-02 20:08:32.463] [info] Frame 427 (t = 2.135):	 total squared error = 0.0218529, marker error: RMS = 0.0339139, max = 0.0702326 (RTH2)
[2025-11-02 20:08:32.548] [info] Frame 428 (t = 2.14):	 total squared error = 0.021884, marker error: RMS = 0.0339381, max = 0.0702348 (RTH2)
[2025-11-02 20:08:32.654] [info] Frame 429 (t = 2.145):	 total squared error = 0.0219702, marker error: RMS = 0.0340048, max = 0.0703807 (RTH2)
[2025-11-02 20:08:32.781] [info] Frame 430 (t = 2.15):	 total squared error = 0.0220347, marker error: RMS = 0.0340547, max = 0.0704743 (RTH2)
[2025-11-02 20:08:32.836] [info] Frame 431 (t = 2.155):	 total squared error = 0.0220841, marker error: RMS = 0.0340929, max = 0.0705301 (RTH2)
[2025-11-02 20:08:32.911] [info] Frame 432 (t = 2.16):	 total squared error = 0.0221586, marker error: RMS = 0.0341503, max = 0.0706435 (RTH2)
[2025-11-02 20:08:33.034] [info] Frame 433 (t = 2.165):	 total squared error = 0.022223, marker error: RMS = 0.0341999, max = 0.0707382 (RTH2)
[2025-11-02 20:08:33.176] [info] Frame 434 (t = 2.17):	 total squared error = 0.0222856, marker error: RMS = 0.034248, max = 0.0708282 (RTH2)
[2025-11-02 20:08:33.325] [info] Frame 435 (t = 2.175):	 total squared error = 0.0223488, marker error: RMS = 0.0342965, max = 0.0709213 (RTH2)
[2025-11-02 20:08:33.433] [info] Frame 436 (t = 2.18):	 total squared error = 0.0224232, marker error: RMS = 0.0343535, max = 0.0710380 (RTH2)
[2025-11-02 20:08:33.514] [info] Frame 437 (t = 2.185):	 total squared error = 0.0224972, marker error: RMS = 0.0344102, max = 0.071148 (RTH2)
[2025-11-02 20:08:33.562] [info] Frame 438 (t = 2.19):	 total squared error = 0.0225358, marker error: RMS = 0.0344397, max = 0.0711974 (RTH2)
[2025-11-02 20:08:33.622] [info] Frame 439 (t = 2.195):	 total squared error = 0.0226574, marker error: RMS = 0.0345325, max = 0.0714222 (RTH2)
[2025-11-02 20:08:33.674] [info] Frame 440 (t = 2.2):	 total squared error = 0.0226915, marker error: RMS = 0.0345585, max = 0.0714227 (RTH2)
[2025-11-02 20:08:33.766] [info] Frame 441 (t = 2.20500):	 total squared error = 0.0228175, marker error: RMS = 0.0346543, max = 0.0716575 (RTH2)
[2025-11-02 20:08:33.846] [info] Frame 442 (t = 2.21):	 total squared error = 0.0229041, marker error: RMS = 0.03472, max = 0.0718019 (RTH2)
[2025-11-02 20:08:33.906] [info] Frame 443 (t = 2.215):	 total squared error = 0.0229713, marker error: RMS = 0.0347709, max = 0.0718901 (RTH2)
[2025-11-02 20:08:34.019] [info] Frame 444 (t = 2.22):	 total squared error = 0.0230542, marker error: RMS = 0.0348336, max = 0.0720137 (RTH2)
[2025-11-02 20:08:34.142] [info] Frame 445 (t = 2.225):	 total squared error = 0.0231663, marker error: RMS = 0.0349182, max = 0.0722246 (RTH2)
[2025-11-02 20:08:34.238] [info] Frame 446 (t = 2.23):	 total squared error = 0.0232422, marker error: RMS = 0.0349753, max = 0.0723309 (RTH2)
[2025-11-02 20:08:34.322] [info] Frame 447 (t = 2.235):	 total squared error = 0.0232788, marker error: RMS = 0.0350029, max = 0.0723522 (RTH2)
[2025-11-02 20:08:34.390] [info] Frame 448 (t = 2.24):	 total squared error = 0.0234285, marker error: RMS = 0.0351152, max = 0.072582 (RTH2)
[2025-11-02 20:08:34.457] [info] Frame 449 (t = 2.245):	 total squared error = 0.0235592, marker error: RMS = 0.0352131, max = 0.0728493 (RTH2)
[2025-11-02 20:08:34.502] [info] Frame 450 (t = 2.25):	 total squared error = 0.0235486, marker error: RMS = 0.0352051, max = 0.0727668 (RTH2)
[2025-11-02 20:08:34.552] [info] Frame 451 (t = 2.255):	 total squared error = 0.0236718, marker error: RMS = 0.0352971, max = 0.0729643 (RTH2)
[2025-11-02 20:08:34.616] [info] Frame 452 (t = 2.26):	 total squared error = 0.0237909, marker error: RMS = 0.0353858, max = 0.0731919 (RTH2)
[2025-11-02 20:08:34.729] [info] Frame 453 (t = 2.265):	 total squared error = 0.0238653, marker error: RMS = 0.0354411, max = 0.0732723 (RTH2)
[2025-11-02 20:08:34.795] [info] Frame 454 (t = 2.27):	 total squared error = 0.0239497, marker error: RMS = 0.0355037, max = 0.0734034 (RTH2)
[2025-11-02 20:08:34.910] [info] Frame 455 (t = 2.275):	 total squared error = 0.0240253, marker error: RMS = 0.0355597, max = 0.0735091 (RTH2)
[2025-11-02 20:08:35.028] [info] Frame 456 (t = 2.28):	 total squared error = 0.0241093, marker error: RMS = 0.0356218, max = 0.0736301 (RTH2)
[2025-11-02 20:08:35.142] [info] Frame 457 (t = 2.285):	 total squared error = 0.0241923, marker error: RMS = 0.035683, max = 0.0737594 (RTH2)
[2025-11-02 20:08:35.238] [info] Frame 458 (t = 2.29):	 total squared error = 0.0242693, marker error: RMS = 0.0357398, max = 0.0738703 (RTH2)
[2025-11-02 20:08:35.333] [info] Frame 459 (t = 2.295):	 total squared error = 0.0243251, marker error: RMS = 0.0357809, max = 0.0739386 (RTH2)
[2025-11-02 20:08:35.435] [info] Frame 460 (t = 2.3):	 total squared error = 0.0244211, marker error: RMS = 0.0358514, max = 0.0741016 (RTH2)
[2025-11-02 20:08:35.521] [info] Frame 461 (t = 2.30500):	 total squared error = 0.0244886, marker error: RMS = 0.0359009, max = 0.0742102 (RTH2)
[2025-11-02 20:08:35.561] [info] Frame 462 (t = 2.31):	 total squared error = 0.0245378, marker error: RMS = 0.0359369, max = 0.074265 (RTH2)
[2025-11-02 20:08:35.628] [info] Frame 463 (t = 2.315):	 total squared error = 0.0246219, marker error: RMS = 0.0359984, max = 0.0744125 (RTH2)
[2025-11-02 20:08:35.702] [info] Frame 464 (t = 2.32):	 total squared error = 0.0246048, marker error: RMS = 0.0359859, max = 0.0743288 (RTH2)
[2025-11-02 20:08:35.803] [info] Frame 465 (t = 2.325):	 total squared error = 0.0247446, marker error: RMS = 0.0360880, max = 0.0746148 (RTH2)
[2025-11-02 20:08:35.873] [info] Frame 466 (t = 2.33):	 total squared error = 0.0248027, marker error: RMS = 0.0361304, max = 0.0747072 (RTH2)
[2025-11-02 20:08:35.977] [info] Frame 467 (t = 2.335):	 total squared error = 0.0248572, marker error: RMS = 0.0361701, max = 0.0748094 (RTH2)
[2025-11-02 20:08:36.032] [info] Frame 468 (t = 2.34):	 total squared error = 0.0248664, marker error: RMS = 0.0361767, max = 0.0747962 (RTH2)
[2025-11-02 20:08:36.109] [info] Frame 469 (t = 2.345):	 total squared error = 0.024954, marker error: RMS = 0.0362404, max = 0.0749707 (RTH2)
[2025-11-02 20:08:36.198] [info] Frame 470 (t = 2.35):	 total squared error = 0.0249939, marker error: RMS = 0.0362694, max = 0.0750395 (RTH2)
[2025-11-02 20:08:36.292] [info] Frame 471 (t = 2.355):	 total squared error = 0.0250288, marker error: RMS = 0.0362947, max = 0.0751051 (RTH2)
[2025-11-02 20:08:36.368] [info] Frame 472 (t = 2.36):	 total squared error = 0.0250555, marker error: RMS = 0.036314, max = 0.0751493 (RTH2)
[2025-11-02 20:08:36.401] [info] Frame 473 (t = 2.365):	 total squared error = 0.0252767, marker error: RMS = 0.036474, max = 0.0756283 (RTH2)
[2025-11-02 20:08:36.477] [info] Frame 474 (t = 2.37):	 total squared error = 0.02515, marker error: RMS = 0.0363825, max = 0.0753547 (RTH2)
[2025-11-02 20:08:36.581] [info] Frame 475 (t = 2.375):	 total squared error = 0.0251662, marker error: RMS = 0.0363942, max = 0.075396 (RTH2)
[2025-11-02 20:08:36.658] [info] Frame 476 (t = 2.38):	 total squared error = 0.0251937, marker error: RMS = 0.036414, max = 0.0754619 (RTH2)
[2025-11-02 20:08:36.747] [info] Frame 477 (t = 2.385):	 total squared error = 0.0251798, marker error: RMS = 0.0364040, max = 0.0754517 (RTH2)
[2025-11-02 20:08:36.886] [info] Frame 478 (t = 2.39):	 total squared error = 0.0251956, marker error: RMS = 0.0364154, max = 0.0754849 (RTH2)
[2025-11-02 20:08:36.986] [info] Frame 479 (t = 2.395):	 total squared error = 0.0251992, marker error: RMS = 0.0364181, max = 0.0755040 (RTH2)
[2025-11-02 20:08:37.068] [info] Frame 480 (t = 2.4):	 total squared error = 0.0252478, marker error: RMS = 0.0364531, max = 0.0756276 (RTH2)
[2025-11-02 20:08:37.147] [info] Frame 481 (t = 2.40500):	 total squared error = 0.0251943, marker error: RMS = 0.0364145, max = 0.0755237 (RTH2)
[2025-11-02 20:08:37.253] [info] Frame 482 (t = 2.41):	 total squared error = 0.0251923, marker error: RMS = 0.0364131, max = 0.0755399 (RTH2)
[2025-11-02 20:08:37.388] [info] Frame 483 (t = 2.415):	 total squared error = 0.0251791, marker error: RMS = 0.0364035, max = 0.0755297 (RTH2)
[2025-11-02 20:08:37.485] [info] Frame 484 (t = 2.42):	 total squared error = 0.0252050, marker error: RMS = 0.0364222, max = 0.0755884 (RTH2)
[2025-11-02 20:08:37.558] [info] Frame 485 (t = 2.425):	 total squared error = 0.0252103, marker error: RMS = 0.0364261, max = 0.0756413 (RTH2)
[2025-11-02 20:08:37.672] [info] Frame 486 (t = 2.43):	 total squared error = 0.0251396, marker error: RMS = 0.036375, max = 0.0755083 (RTH2)
[2025-11-02 20:08:37.759] [info] Frame 487 (t = 2.435):	 total squared error = 0.0251248, marker error: RMS = 0.0363643, max = 0.0754899 (RTH2)
[2025-11-02 20:08:37.807] [info] Frame 488 (t = 2.44):	 total squared error = 0.0251307, marker error: RMS = 0.0363685, max = 0.0755148 (RTH2)
[2025-11-02 20:08:37.860] [info] Frame 489 (t = 2.445):	 total squared error = 0.0250785, marker error: RMS = 0.0363307, max = 0.0754342 (RTH2)
[2025-11-02 20:08:37.981] [info] Frame 490 (t = 2.45):	 total squared error = 0.0250965, marker error: RMS = 0.0363437, max = 0.0754835 (RTH2)
[2025-11-02 20:08:38.037] [info] Frame 491 (t = 2.455):	 total squared error = 0.0250690, marker error: RMS = 0.0363239, max = 0.0754388 (RTH2)
[2025-11-02 20:08:38.100] [info] Frame 492 (t = 2.46):	 total squared error = 0.0250595, marker error: RMS = 0.036317, max = 0.0754298 (RTH2)
[2025-11-02 20:08:38.209] [info] Frame 493 (t = 2.465):	 total squared error = 0.0250467, marker error: RMS = 0.0363076, max = 0.0754097 (RTH2)
[2025-11-02 20:08:38.306] [info] Frame 494 (t = 2.47):	 total squared error = 0.0250161, marker error: RMS = 0.0362855, max = 0.0753555 (RTH2)
[2025-11-02 20:08:38.389] [info] Frame 495 (t = 2.475):	 total squared error = 0.0250202, marker error: RMS = 0.0362885, max = 0.0753677 (RTH2)
[2025-11-02 20:08:38.476] [info] Frame 496 (t = 2.48):	 total squared error = 0.0249687, marker error: RMS = 0.0362511, max = 0.0752363 (RTH2)
[2025-11-02 20:08:38.539] [info] Frame 497 (t = 2.485):	 total squared error = 0.0250044, marker error: RMS = 0.036277, max = 0.0753309 (RTH2)
[2025-11-02 20:08:38.646] [info] Frame 498 (t = 2.49):	 total squared error = 0.024972, marker error: RMS = 0.0362535, max = 0.0752805 (RTH2)
[2025-11-02 20:08:38.694] [info] Frame 499 (t = 2.495):	 total squared error = 0.0249631, marker error: RMS = 0.0362471, max = 0.0752638 (RTH2)
[2025-11-02 20:08:38.750] [info] Frame 500 (t = 2.5):	 total squared error = 0.0249837, marker error: RMS = 0.036262, max = 0.0753071 (RTH2)
[2025-11-02 20:08:38.817] [info] Frame 501 (t = 2.50500):	 total squared error = 0.0249428, marker error: RMS = 0.0362323, max = 0.0752192 (RTH2)
[2025-11-02 20:08:38.883] [info] Frame 502 (t = 2.51):	 total squared error = 0.0249595, marker error: RMS = 0.0362444, max = 0.0752217 (RTH2)
[2025-11-02 20:08:38.967] [info] Frame 503 (t = 2.515):	 total squared error = 0.0248899, marker error: RMS = 0.0361939, max = 0.0750996 (RTH2)
[2025-11-02 20:08:39.032] [info] Frame 504 (t = 2.52):	 total squared error = 0.0249197, marker error: RMS = 0.0362155, max = 0.0751261 (RTH2)
[2025-11-02 20:08:39.111] [info] Frame 505 (t = 2.525):	 total squared error = 0.0248097, marker error: RMS = 0.0361355, max = 0.0749013 (RTH2)
[2025-11-02 20:08:39.205] [info] Frame 506 (t = 2.53):	 total squared error = 0.0247991, marker error: RMS = 0.0361277, max = 0.0748871 (RTH2)
[2025-11-02 20:08:39.269] [info] Frame 507 (t = 2.535):	 total squared error = 0.0247591, marker error: RMS = 0.0360986, max = 0.0748018 (RTH2)
[2025-11-02 20:08:39.329] [info] Frame 508 (t = 2.54):	 total squared error = 0.0247375, marker error: RMS = 0.0360829, max = 0.0747416 (RTH2)
[2025-11-02 20:08:39.418] [info] Frame 509 (t = 2.545):	 total squared error = 0.0247029, marker error: RMS = 0.0360576, max = 0.0746807 (RTH2)
[2025-11-02 20:08:39.513] [info] Frame 510 (t = 2.55):	 total squared error = 0.0246697, marker error: RMS = 0.0360334, max = 0.0746387 (RTH2)
[2025-11-02 20:08:39.581] [info] Frame 511 (t = 2.555):	 total squared error = 0.0245735, marker error: RMS = 0.035963, max = 0.0744359 (RTH2)
[2025-11-02 20:08:39.697] [info] Frame 512 (t = 2.56):	 total squared error = 0.0245657, marker error: RMS = 0.0359574, max = 0.0744222 (RTH2)
[2025-11-02 20:08:39.789] [info] Frame 513 (t = 2.565):	 total squared error = 0.0244936, marker error: RMS = 0.0359045, max = 0.074296 (RTH2)
[2025-11-02 20:08:39.876] [info] Frame 514 (t = 2.57):	 total squared error = 0.0244667, marker error: RMS = 0.0358848, max = 0.0742524 (RTH2)
[2025-11-02 20:08:39.994] [info] Frame 515 (t = 2.575):	 total squared error = 0.0243648, marker error: RMS = 0.03581, max = 0.0740844 (RTH2)
[2025-11-02 20:08:40.076] [info] Frame 516 (t = 2.58):	 total squared error = 0.0242866, marker error: RMS = 0.0357525, max = 0.0739629 (RTH2)
[2025-11-02 20:08:40.181] [info] Frame 517 (t = 2.585):	 total squared error = 0.0241556, marker error: RMS = 0.035656, max = 0.073724 (RTH2)
[2025-11-02 20:08:40.267] [info] Frame 518 (t = 2.59):	 total squared error = 0.0241551, marker error: RMS = 0.0356556, max = 0.0738161 (RTH2)
[2025-11-02 20:08:40.363] [info] Frame 519 (t = 2.595):	 total squared error = 0.0239339, marker error: RMS = 0.0354919, max = 0.0733872 (RTH2)
[2025-11-02 20:08:40.476] [info] Frame 520 (t = 2.6):	 total squared error = 0.0238197, marker error: RMS = 0.0354072, max = 0.0732228 (RTH2)
[2025-11-02 20:08:40.548] [info] Frame 521 (t = 2.60500):	 total squared error = 0.0236173, marker error: RMS = 0.0352564, max = 0.0728807 (RTH2)
[2025-11-02 20:08:40.649] [info] Frame 522 (t = 2.61):	 total squared error = 0.0235082, marker error: RMS = 0.0351749, max = 0.0727588 (RTH2)
[2025-11-02 20:08:40.733] [info] Frame 523 (t = 2.615):	 total squared error = 0.0232648, marker error: RMS = 0.0349923, max = 0.0723347 (RTH2)
[2025-11-02 20:08:40.837] [info] Frame 524 (t = 2.62):	 total squared error = 0.0231224, marker error: RMS = 0.0348851, max = 0.0721421 (RTH2)
[2025-11-02 20:08:40.899] [info] Frame 525 (t = 2.625):	 total squared error = 0.0227986, marker error: RMS = 0.03464, max = 0.0715713 (RTH2)
[2025-11-02 20:08:41.007] [info] Frame 526 (t = 2.63):	 total squared error = 0.0226817, marker error: RMS = 0.0345511, max = 0.0714899 (RTH2)
[2025-11-02 20:08:41.104] [info] Frame 527 (t = 2.635):	 total squared error = 0.0224006, marker error: RMS = 0.0343363, max = 0.0710448 (RTH2)
[2025-11-02 20:08:41.199] [info] Frame 528 (t = 2.64):	 total squared error = 0.0221558, marker error: RMS = 0.0341481, max = 0.0706896 (RTH2)
[2025-11-02 20:08:41.288] [info] Frame 529 (t = 2.645):	 total squared error = 0.0219201, marker error: RMS = 0.033966, max = 0.0703452 (RTH2)
[2025-11-02 20:08:41.345] [info] Frame 530 (t = 2.65):	 total squared error = 0.0216094, marker error: RMS = 0.0337245, max = 0.0698733 (RTH2)
[2025-11-02 20:08:41.456] [info] Frame 531 (t = 2.655):	 total squared error = 0.0212703, marker error: RMS = 0.0334587, max = 0.0693232 (RTH2)
[2025-11-02 20:08:41.569] [info] Frame 532 (t = 2.66):	 total squared error = 0.0209598, marker error: RMS = 0.0332136, max = 0.0688419 (RTH2)
[2025-11-02 20:08:41.666] [info] Frame 533 (t = 2.665):	 total squared error = 0.0206346, marker error: RMS = 0.032955, max = 0.0683416 (RTH2)
[2025-11-02 20:08:41.808] [info] Frame 534 (t = 2.67):	 total squared error = 0.0202880, marker error: RMS = 0.032677, max = 0.0677881 (RTH2)
[2025-11-02 20:08:41.956] [info] Frame 535 (t = 2.675):	 total squared error = 0.0199363, marker error: RMS = 0.0323926, max = 0.0672291 (RTH2)
[2025-11-02 20:08:42.116] [info] Frame 536 (t = 2.68):	 total squared error = 0.0195775, marker error: RMS = 0.0320997, max = 0.0666546 (RTH2)
[2025-11-02 20:08:42.248] [info] Frame 537 (t = 2.685):	 total squared error = 0.0192121, marker error: RMS = 0.0317988, max = 0.0660629 (RTH2)
[2025-11-02 20:08:42.332] [info] Frame 538 (t = 2.69):	 total squared error = 0.0188467, marker error: RMS = 0.031495, max = 0.065493 (RTH2)
[2025-11-02 20:08:42.365] [info] Frame 539 (t = 2.695):	 total squared error = 0.0183986, marker error: RMS = 0.0311183, max = 0.0647203 (RTH2)
[2025-11-02 20:08:42.430] [info] Frame 540 (t = 2.7):	 total squared error = 0.0180827, marker error: RMS = 0.0308499, max = 0.0642205 (RTH2)
[2025-11-02 20:08:42.479] [info] Frame 541 (t = 2.70500):	 total squared error = 0.0176539, marker error: RMS = 0.0304820, max = 0.0634729 (RTH2)
[2025-11-02 20:08:42.553] [info] Frame 542 (t = 2.71):	 total squared error = 0.0172762, marker error: RMS = 0.0301542, max = 0.0628708 (RTH2)
[2025-11-02 20:08:42.621] [info] Frame 543 (t = 2.715):	 total squared error = 0.0168851, marker error: RMS = 0.0298109, max = 0.0622028 (RTH2)
[2025-11-02 20:08:42.672] [info] Frame 544 (t = 2.72):	 total squared error = 0.0164789, marker error: RMS = 0.0294501, max = 0.0615030 (RTH2)
[2025-11-02 20:08:42.749] [info] Frame 545 (t = 2.725):	 total squared error = 0.0161172, marker error: RMS = 0.0291252, max = 0.0609295 (RTH2)
[2025-11-02 20:08:42.814] [info] Frame 546 (t = 2.73):	 total squared error = 0.0157376, marker error: RMS = 0.0287801, max = 0.0603187 (RTH2)
[2025-11-02 20:08:42.882] [info] Frame 547 (t = 2.735):	 total squared error = 0.0153712, marker error: RMS = 0.0284432, max = 0.0596809 (RTH2)
[2025-11-02 20:08:42.923] [info] Frame 548 (t = 2.74):	 total squared error = 0.0150122, marker error: RMS = 0.0281090, max = 0.0591126 (RTH2)
[2025-11-02 20:08:42.990] [info] Frame 549 (t = 2.745):	 total squared error = 0.0146417, marker error: RMS = 0.0277599, max = 0.0584591 (RTH2)
[2025-11-02 20:08:43.037] [info] Frame 550 (t = 2.75):	 total squared error = 0.0142952, marker error: RMS = 0.0274295, max = 0.0578879 (RTH2)
[2025-11-02 20:08:43.103] [info] Frame 551 (t = 2.755):	 total squared error = 0.0139336, marker error: RMS = 0.0270804, max = 0.0572335 (RTH2)
[2025-11-02 20:08:43.193] [info] Frame 552 (t = 2.76):	 total squared error = 0.0135283, marker error: RMS = 0.0266836, max = 0.0564699 (RTH2)
[2025-11-02 20:08:43.256] [info] Frame 553 (t = 2.765):	 total squared error = 0.0131574, marker error: RMS = 0.0263153, max = 0.05574 (RTH2)
[2025-11-02 20:08:43.311] [info] Frame 554 (t = 2.77):	 total squared error = 0.0128335, marker error: RMS = 0.0259894, max = 0.0551732 (RTH2)
[2025-11-02 20:08:43.376] [info] Frame 555 (t = 2.775):	 total squared error = 0.0124796, marker error: RMS = 0.0256285, max = 0.0544622 (RTH2)
[2025-11-02 20:08:43.444] [info] Frame 556 (t = 2.78):	 total squared error = 0.0121684, marker error: RMS = 0.0253069, max = 0.0539169 (RTH2)
[2025-11-02 20:08:43.515] [info] Frame 557 (t = 2.785):	 total squared error = 0.0118396, marker error: RMS = 0.0249627, max = 0.0532367 (RTH2)
[2025-11-02 20:08:43.588] [info] Frame 558 (t = 2.79):	 total squared error = 0.0115354, marker error: RMS = 0.0246399, max = 0.0526561 (RTH2)
[2025-11-02 20:08:43.653] [info] Frame 559 (t = 2.795):	 total squared error = 0.0112272, marker error: RMS = 0.0243085, max = 0.0520288 (RTH2)
[2025-11-02 20:08:43.737] [info] Frame 560 (t = 2.8):	 total squared error = 0.0109031, marker error: RMS = 0.0239551, max = 0.0513473 (RTH2)
[2025-11-02 20:08:43.814] [info] Frame 561 (t = 2.80500):	 total squared error = 0.0106574, marker error: RMS = 0.0236836, max = 0.0509216 (RTH2)
[2025-11-02 20:08:43.855] [info] Frame 562 (t = 2.81):	 total squared error = 0.0103740, marker error: RMS = 0.0233666, max = 0.0502863 (RTH2)
[2025-11-02 20:08:43.930] [info] Frame 563 (t = 2.815):	 total squared error = 0.0100290, marker error: RMS = 0.0229748, max = 0.0495161 (RTH2)
[2025-11-02 20:08:44.000] [info] Frame 564 (t = 2.82):	 total squared error = 0.00974091, marker error: RMS = 0.0226424, max = 0.0488533 (RTH2)
[2025-11-02 20:08:44.071] [info] Frame 565 (t = 2.825):	 total squared error = 0.00948814, marker error: RMS = 0.0223467, max = 0.0483056 (RTH2)
[2025-11-02 20:08:44.143] [info] Frame 566 (t = 2.83):	 total squared error = 0.00922482, marker error: RMS = 0.0220345, max = 0.0477022 (RTH2)
[2025-11-02 20:08:44.217] [info] Frame 567 (t = 2.835):	 total squared error = 0.00894512, marker error: RMS = 0.0216978, max = 0.0470415 (RTH2)
[2025-11-02 20:08:44.277] [info] Frame 568 (t = 2.84):	 total squared error = 0.00873602, marker error: RMS = 0.0214427, max = 0.0466607 (RTH2)
[2025-11-02 20:08:44.338] [info] Frame 569 (t = 2.845):	 total squared error = 0.00845716, marker error: RMS = 0.0210977, max = 0.0459587 (RTH2)
[2025-11-02 20:08:44.424] [info] Frame 570 (t = 2.85):	 total squared error = 0.00818941, marker error: RMS = 0.0207611, max = 0.0453018 (RTH2)
[2025-11-02 20:08:44.490] [info] Frame 571 (t = 2.855):	 total squared error = 0.00796400, marker error: RMS = 0.0204733, max = 0.0447928 (RTH2)
[2025-11-02 20:08:44.545] [info] Frame 572 (t = 2.86):	 total squared error = 0.00772861, marker error: RMS = 0.0201685, max = 0.0441884 (RTH2)
[2025-11-02 20:08:44.618] [info] Frame 573 (t = 2.865):	 total squared error = 0.00748747, marker error: RMS = 0.0198514, max = 0.0435339 (RTH2)
[2025-11-02 20:08:44.670] [info] Frame 574 (t = 2.87):	 total squared error = 0.00727477, marker error: RMS = 0.0195674, max = 0.0430299 (RTH2)
[2025-11-02 20:08:44.725] [info] Frame 575 (t = 2.875):	 total squared error = 0.00703830, marker error: RMS = 0.0192467, max = 0.04239 (RTH2)
[2025-11-02 20:08:44.770] [info] Frame 576 (t = 2.88):	 total squared error = 0.00681667, marker error: RMS = 0.0189413, max = 0.0417823 (RTH2)
[2025-11-02 20:08:44.840] [info] Frame 577 (t = 2.885):	 total squared error = 0.00661066, marker error: RMS = 0.0186529, max = 0.0412371 (RTH2)
[2025-11-02 20:08:44.906] [info] Frame 578 (t = 2.89):	 total squared error = 0.00639065, marker error: RMS = 0.0183399, max = 0.0406108 (RTH2)
[2025-11-02 20:08:44.966] [info] Frame 579 (t = 2.895):	 total squared error = 0.00618904, marker error: RMS = 0.0180482, max = 0.0400495 (RTH2)
[2025-11-02 20:08:45.028] [info] Frame 580 (t = 2.9):	 total squared error = 0.00597609, marker error: RMS = 0.017735, max = 0.0393958 (RTH2)
[2025-11-02 20:08:45.090] [info] Frame 581 (t = 2.90500):	 total squared error = 0.00576856, marker error: RMS = 0.0174244, max = 0.0387133 (RTH2)
[2025-11-02 20:08:45.144] [info] Frame 582 (t = 2.91):	 total squared error = 0.00557932, marker error: RMS = 0.0171362, max = 0.0382301 (RTH2)
[2025-11-02 20:08:45.212] [info] Frame 583 (t = 2.915):	 total squared error = 0.00536031, marker error: RMS = 0.0167965, max = 0.0373968 (RTH2)
[2025-11-02 20:08:45.267] [info] Frame 584 (t = 2.92):	 total squared error = 0.00516082, marker error: RMS = 0.016481, max = 0.0367245 (RTH2)
[2025-11-02 20:08:45.297] [info] Frame 585 (t = 2.925):	 total squared error = 0.00490780, marker error: RMS = 0.0160719, max = 0.0357692 (RTH2)
[2025-11-02 20:08:45.351] [info] Frame 586 (t = 2.93):	 total squared error = 0.00478530, marker error: RMS = 0.01587, max = 0.0354321 (RTH2)
[2025-11-02 20:08:45.421] [info] Frame 587 (t = 2.935):	 total squared error = 0.00461725, marker error: RMS = 0.0155889, max = 0.0347834 (RTH2)
[2025-11-02 20:08:45.465] [info] Frame 588 (t = 2.94):	 total squared error = 0.00442389, marker error: RMS = 0.015259, max = 0.0340222 (RTH2)
[2025-11-02 20:08:45.501] [info] Frame 589 (t = 2.945):	 total squared error = 0.00420781, marker error: RMS = 0.0148817, max = 0.0330554 (RTH2)
[2025-11-02 20:08:45.544] [info] Frame 590 (t = 2.95):	 total squared error = 0.00409581, marker error: RMS = 0.0146823, max = 0.0326325 (RTH2)
[2025-11-02 20:08:45.566] [info] Frame 591 (t = 2.955):	 total squared error = 0.00388351, marker error: RMS = 0.0142967, max = 0.031636 (RTH2)
[2025-11-02 20:08:45.601] [info] Frame 592 (t = 2.96):	 total squared error = 0.00371633, marker error: RMS = 0.0139856, max = 0.0308168 (RTH2)
[2025-11-02 20:08:45.649] [info] Frame 593 (t = 2.965):	 total squared error = 0.00364681, marker error: RMS = 0.0138542, max = 0.0306026 (RTH2)
[2025-11-02 20:08:45.669] [info] Frame 594 (t = 2.97):	 total squared error = 0.00344772, marker error: RMS = 0.0134707, max = 0.0294626 (RTH2)
[2025-11-02 20:08:45.715] [info] Frame 595 (t = 2.975):	 total squared error = 0.00336816, marker error: RMS = 0.0133143, max = 0.0291179 (RTH2)
[2025-11-02 20:08:45.764] [info] Frame 596 (t = 2.98):	 total squared error = 0.00323689, marker error: RMS = 0.0130523, max = 0.0283383 (RTH2)
[2025-11-02 20:08:45.803] [info] Frame 597 (t = 2.985):	 total squared error = 0.00306718, marker error: RMS = 0.0127055, max = 0.0271979 (RTH2)
[2025-11-02 20:08:45.876] [info] Frame 598 (t = 2.99):	 total squared error = 0.00299951, marker error: RMS = 0.0125646, max = 0.0268512 (RTH2)
[2025-11-02 20:08:45.919] [info] Frame 599 (t = 2.995):	 total squared error = 0.00285374, marker error: RMS = 0.0122555, max = 0.0258292 (RTH2)
[2025-11-02 20:08:45.939] [info] Frame 600 (t = 3.0):	 total squared error = 0.00273984, marker error: RMS = 0.0120084, max = 0.024768 (RTH2)
[2025-11-02 20:08:46.016] [info] Frame 601 (t = 3.00500):	 total squared error = 0.00268547, marker error: RMS = 0.0118887, max = 0.0245839 (RTH2)
[2025-11-02 20:08:46.105] [info] Frame 602 (t = 3.01):	 total squared error = 0.00258064, marker error: RMS = 0.0116543, max = 0.0236997 (RTH2)
[2025-11-02 20:08:46.133] [info] Frame 603 (t = 3.015):	 total squared error = 0.00245283, marker error: RMS = 0.011362, max = 0.0224149 (RTH2)
[2025-11-02 20:08:46.192] [info] Frame 604 (t = 3.02):	 total squared error = 0.00241231, marker error: RMS = 0.0112678, max = 0.0220214 (RTH2)
[2025-11-02 20:08:46.263] [info] Frame 605 (t = 3.025):	 total squared error = 0.00233519, marker error: RMS = 0.0110862, max = 0.0214034 (RTH2)
[2025-11-02 20:08:46.337] [info] Frame 606 (t = 3.03):	 total squared error = 0.00226214, marker error: RMS = 0.0109115, max = 0.0206144 (RTH2)
[2025-11-02 20:08:46.367] [info] Frame 607 (t = 3.035):	 total squared error = 0.00215893, marker error: RMS = 0.0106596, max = 0.0192152 (RTH2)
[2025-11-02 20:08:46.445] [info] Frame 608 (t = 3.04):	 total squared error = 0.00213010, marker error: RMS = 0.0105882, max = 0.0192219 (RTH2)
[2025-11-02 20:08:46.484] [info] Frame 609 (t = 3.045):	 total squared error = 0.00203621, marker error: RMS = 0.0103522, max = 0.0177902 (LTH2)
[2025-11-02 20:08:46.557] [info] Frame 610 (t = 3.05):	 total squared error = 0.00201361, marker error: RMS = 0.0102946, max = 0.0177966 (RTH2)
[2025-11-02 20:08:46.635] [info] Frame 611 (t = 3.055):	 total squared error = 0.00196191, marker error: RMS = 0.0101616, max = 0.0174499 (LTH2)
[2025-11-02 20:08:46.734] [info] Frame 612 (t = 3.06):	 total squared error = 0.00191009, marker error: RMS = 0.0100265, max = 0.0172563 (LTH2)
[2025-11-02 20:08:46.826] [info] Frame 613 (t = 3.065):	 total squared error = 0.00186531, marker error: RMS = 0.00990830, max = 0.0170787 (LTH2)
[2025-11-02 20:08:46.874] [info] Frame 614 (t = 3.07):	 total squared error = 0.00182217, marker error: RMS = 0.00979305, max = 0.0169161 (LTH2)
[2025-11-02 20:08:46.928] [info] Frame 615 (t = 3.075):	 total squared error = 0.00178582, marker error: RMS = 0.00969486, max = 0.0167355 (LTH2)
[2025-11-02 20:08:46.999] [info] Frame 616 (t = 3.08):	 total squared error = 0.00175211, marker error: RMS = 0.00960292, max = 0.0165585 (LTH2)
[2025-11-02 20:08:47.095] [info] Frame 617 (t = 3.085):	 total squared error = 0.00171995, marker error: RMS = 0.00951439, max = 0.0163737 (LTH2)
[2025-11-02 20:08:47.157] [info] Frame 618 (t = 3.09):	 total squared error = 0.00170636, marker error: RMS = 0.00947673, max = 0.0165578 (RTHOL)
[2025-11-02 20:08:47.256] [info] Frame 619 (t = 3.095):	 total squared error = 0.00166517, marker error: RMS = 0.00936165, max = 0.0162924 (RTHOL)
[2025-11-02 20:08:47.299] [info] Frame 620 (t = 3.1):	 total squared error = 0.00163462, marker error: RMS = 0.00927538, max = 0.0165283 (RTHOL)
[2025-11-02 20:08:47.376] [info] Frame 621 (t = 3.10500):	 total squared error = 0.00161799, marker error: RMS = 0.00922808, max = 0.0162272 (RTHOL)
[2025-11-02 20:08:47.416] [info] Frame 622 (t = 3.11):	 total squared error = 0.00159202, marker error: RMS = 0.00915371, max = 0.0164619 (RTHOL)
[2025-11-02 20:08:47.491] [info] Frame 623 (t = 3.115):	 total squared error = 0.00158830, marker error: RMS = 0.00914300, max = 0.0162674 (RTHOL)
[2025-11-02 20:08:47.541] [info] Frame 624 (t = 3.12):	 total squared error = 0.00158040, marker error: RMS = 0.00912024, max = 0.0164786 (RTHOL)
[2025-11-02 20:08:47.636] [info] Frame 625 (t = 3.125):	 total squared error = 0.00155881, marker error: RMS = 0.00905773, max = 0.0164045 (RTHOL)
[2025-11-02 20:08:47.711] [info] Frame 626 (t = 3.13):	 total squared error = 0.00154440, marker error: RMS = 0.00901577, max = 0.0163949 (RTHOL)
[2025-11-02 20:08:47.757] [info] Frame 627 (t = 3.135):	 total squared error = 0.00152349, marker error: RMS = 0.00895454, max = 0.0163001 (RTHOL)
[2025-11-02 20:08:47.800] [info] Frame 628 (t = 3.14):	 total squared error = 0.00151477, marker error: RMS = 0.00892886, max = 0.0164387 (RTHOL)
[2025-11-02 20:08:47.867] [info] Frame 629 (t = 3.145):	 total squared error = 0.00148473, marker error: RMS = 0.00883990, max = 0.0162006 (RTHOL)
[2025-11-02 20:08:47.929] [info] Frame 630 (t = 3.15):	 total squared error = 0.00146809, marker error: RMS = 0.00879022, max = 0.0161817 (RTHOL)
[2025-11-02 20:08:47.997] [info] Frame 631 (t = 3.155):	 total squared error = 0.00145506, marker error: RMS = 0.00875111, max = 0.0161903 (RTHOL)
[2025-11-02 20:08:48.066] [info] Frame 632 (t = 3.16):	 total squared error = 0.00143886, marker error: RMS = 0.00870226, max = 0.0162612 (RTHOL)
[2025-11-02 20:08:48.123] [info] Frame 633 (t = 3.165):	 total squared error = 0.00141853, marker error: RMS = 0.00864057, max = 0.0162315 (RTHOL)
[2025-11-02 20:08:48.181] [info] Frame 634 (t = 3.17):	 total squared error = 0.00139655, marker error: RMS = 0.00857337, max = 0.0161562 (RTHOL)
[2025-11-02 20:08:48.241] [info] Frame 635 (t = 3.175):	 total squared error = 0.00137338, marker error: RMS = 0.00850196, max = 0.0160675 (RTHOL)
[2025-11-02 20:08:48.315] [info] Frame 636 (t = 3.18):	 total squared error = 0.00135177, marker error: RMS = 0.00843479, max = 0.0160194 (RTHOL)
[2025-11-02 20:08:48.386] [info] Frame 637 (t = 3.185):	 total squared error = 0.00132714, marker error: RMS = 0.00835759, max = 0.0159233 (RTHOL)
[2025-11-02 20:08:48.462] [info] Frame 638 (t = 3.19):	 total squared error = 0.00130504, marker error: RMS = 0.00828771, max = 0.0158981 (RTHOL)
[2025-11-02 20:08:48.524] [info] Frame 639 (t = 3.195):	 total squared error = 0.00128306, marker error: RMS = 0.00821762, max = 0.015848 (RTHOL)
[2025-11-02 20:08:48.557] [info] Frame 640 (t = 3.2):	 total squared error = 0.00126306, marker error: RMS = 0.00815334, max = 0.0158204 (RTHOL)
[2025-11-02 20:08:48.600] [info] Frame 641 (t = 3.20500):	 total squared error = 0.00123938, marker error: RMS = 0.00807653, max = 0.0157656 (RTHOL)
[2025-11-02 20:08:48.669] [info] Frame 642 (t = 3.21):	 total squared error = 0.00121799, marker error: RMS = 0.00800653, max = 0.015698 (RTHOL)
[2025-11-02 20:08:48.757] [info] Frame 643 (t = 3.215):	 total squared error = 0.00120153, marker error: RMS = 0.00795225, max = 0.0157349 (RTHOL)
[2025-11-02 20:08:48.873] [info] Frame 644 (t = 3.22):	 total squared error = 0.00117298, marker error: RMS = 0.00785723, max = 0.0154638 (RTHOL)
[2025-11-02 20:08:48.931] [info] Frame 645 (t = 3.225):	 total squared error = 0.00115860, marker error: RMS = 0.00780889, max = 0.0155094 (RTHOL)
[2025-11-02 20:08:48.980] [info] Frame 646 (t = 3.23):	 total squared error = 0.00114343, marker error: RMS = 0.00775761, max = 0.0155199 (RTHOL)
[2025-11-02 20:08:49.017] [info] Frame 647 (t = 3.235):	 total squared error = 0.00113007, marker error: RMS = 0.00771217, max = 0.0155305 (RTHOL)
[2025-11-02 20:08:49.078] [info] Frame 648 (t = 3.24):	 total squared error = 0.00111808, marker error: RMS = 0.00767115, max = 0.015562 (RTHOL)
[2025-11-02 20:08:49.137] [info] Frame 649 (t = 3.245):	 total squared error = 0.00110615, marker error: RMS = 0.00763009, max = 0.0155544 (RTHOL)
[2025-11-02 20:08:49.211] [info] Frame 650 (t = 3.25):	 total squared error = 0.00109536, marker error: RMS = 0.00759281, max = 0.0155524 (RTHOL)
[2025-11-02 20:08:49.279] [info] Frame 651 (t = 3.255):	 total squared error = 0.00108708, marker error: RMS = 0.00756406, max = 0.015591 (RTHOL)
[2025-11-02 20:08:49.354] [info] Frame 652 (t = 3.26):	 total squared error = 0.00107790, marker error: RMS = 0.00753204, max = 0.0155995 (RTHOL)
[2025-11-02 20:08:49.397] [info] Frame 653 (t = 3.265):	 total squared error = 0.00106821, marker error: RMS = 0.00749811, max = 0.0155835 (RTHOL)
[2025-11-02 20:08:49.481] [info] Frame 654 (t = 3.27):	 total squared error = 0.00105960, marker error: RMS = 0.00746781, max = 0.0155515 (RTHOL)
[2025-11-02 20:08:49.554] [info] Frame 655 (t = 3.275):	 total squared error = 0.00105667, marker error: RMS = 0.00745750, max = 0.0156594 (RTHOL)
[2025-11-02 20:08:49.661] [info] Frame 656 (t = 3.28):	 total squared error = 0.00103439, marker error: RMS = 0.00737846, max = 0.0153172 (RTHOL)
[2025-11-02 20:08:49.705] [info] Frame 657 (t = 3.285):	 total squared error = 0.00102424, marker error: RMS = 0.00734218, max = 0.0152571 (RTHOL)
[2025-11-02 20:08:49.778] [info] Frame 658 (t = 3.29):	 total squared error = 0.00101981, marker error: RMS = 0.00732625, max = 0.0153306 (RTHOL)
[2025-11-02 20:08:49.859] [info] Frame 659 (t = 3.295):	 total squared error = 0.000999948, marker error: RMS = 0.00725458, max = 0.0150716 (RTHOL)
[2025-11-02 20:08:49.921] [info] Frame 660 (t = 3.3):	 total squared error = 0.000992364, marker error: RMS = 0.00722701, max = 0.0150823 (RTHOL)
[2025-11-02 20:08:50.010] [info] Frame 661 (t = 3.30500):	 total squared error = 0.000967490, marker error: RMS = 0.00713586, max = 0.0146998 (RTHOL)
[2025-11-02 20:08:50.094] [info] Frame 662 (t = 3.31):	 total squared error = 0.000951291, marker error: RMS = 0.00707587, max = 0.014529 (RTHOL)
[2025-11-02 20:08:50.170] [info] Frame 663 (t = 3.315):	 total squared error = 0.000930910, marker error: RMS = 0.00699966, max = 0.0142849 (RTHOL)
[2025-11-02 20:08:50.250] [info] Frame 664 (t = 3.32):	 total squared error = 0.000912382, marker error: RMS = 0.00692965, max = 0.0140840 (RTHOL)
[2025-11-02 20:08:50.329] [info] Frame 665 (t = 3.325):	 total squared error = 0.000890673, marker error: RMS = 0.00684672, max = 0.0138309 (RTHOL)
[2025-11-02 20:08:50.412] [info] Frame 666 (t = 3.33):	 total squared error = 0.000865220, marker error: RMS = 0.00674818, max = 0.0134747 (RTHOL)
[2025-11-02 20:08:50.498] [info] Frame 667 (t = 3.335):	 total squared error = 0.000840807, marker error: RMS = 0.00665229, max = 0.0131695 (RTHOL)
[2025-11-02 20:08:50.540] [info] Frame 668 (t = 3.34):	 total squared error = 0.000815918, marker error: RMS = 0.00655310, max = 0.0128741 (RTHOL)
[2025-11-02 20:08:50.601] [info] Frame 669 (t = 3.345):	 total squared error = 0.000796460, marker error: RMS = 0.00647448, max = 0.0127095 (RTHOL)
[2025-11-02 20:08:50.673] [info] Frame 670 (t = 3.35):	 total squared error = 0.000763281, marker error: RMS = 0.00633819, max = 0.0121931 (RTHOL)
[2025-11-02 20:08:50.742] [info] Frame 671 (t = 3.355):	 total squared error = 0.000733748, marker error: RMS = 0.00621436, max = 0.0117813 (RTHOL)
[2025-11-02 20:08:50.819] [info] Frame 672 (t = 3.36):	 total squared error = 0.000708980, marker error: RMS = 0.00610858, max = 0.0114921 (RTHOL)
[2025-11-02 20:08:50.907] [info] Frame 673 (t = 3.365):	 total squared error = 0.000684195, marker error: RMS = 0.00600085, max = 0.0111745 (RTHOL)
[2025-11-02 20:08:50.971] [info] Frame 674 (t = 3.37):	 total squared error = 0.000665675, marker error: RMS = 0.00591908, max = 0.0110689 (RTHOL)
[2025-11-02 20:08:51.043] [info] Frame 675 (t = 3.375):	 total squared error = 0.000634814, marker error: RMS = 0.00578025, max = 0.0105803 (RTHOL)
[2025-11-02 20:08:51.117] [info] Frame 676 (t = 3.38):	 total squared error = 0.000608852, marker error: RMS = 0.00566081, max = 0.0102259 (RTHOL)
[2025-11-02 20:08:51.222] [info] Frame 677 (t = 3.385):	 total squared error = 0.000578545, marker error: RMS = 0.00551813, max = 0.00964438 (RTHOL)
[2025-11-02 20:08:51.287] [info] Frame 678 (t = 3.39):	 total squared error = 0.000547797, marker error: RMS = 0.00536949, max = 0.00896173 (RTHOL)
[2025-11-02 20:08:51.336] [info] Frame 679 (t = 3.395):	 total squared error = 0.000534336, marker error: RMS = 0.00530311, max = 0.00899646 (RTHOL)
[2025-11-02 20:08:51.380] [info] Frame 680 (t = 3.4):	 total squared error = 0.000525996, marker error: RMS = 0.00526156, max = 0.00904416 (RTHOL)
[2025-11-02 20:08:51.551] [info] Frame 681 (t = 3.40500):	 total squared error = 0.000496138, marker error: RMS = 0.00511004, max = 0.00843483 (RTHOL)
[2025-11-02 20:08:51.636] [info] Frame 682 (t = 3.41):	 total squared error = 0.000480759, marker error: RMS = 0.00503022, max = 0.00823663 (RTHOL)
[2025-11-02 20:08:51.751] [info] Frame 683 (t = 3.415):	 total squared error = 0.000461374, marker error: RMS = 0.00492776, max = 0.00780444 (RTHOL)
[2025-11-02 20:08:51.872] [info] Frame 684 (t = 3.42):	 total squared error = 0.000447664, marker error: RMS = 0.00485400, max = 0.00759423 (RTHOL)
[2025-11-02 20:08:51.988] [info] Frame 685 (t = 3.425):	 total squared error = 0.000437736, marker error: RMS = 0.00479987, max = 0.00757974 (RTHOL)
[2025-11-02 20:08:52.102] [info] Frame 686 (t = 3.43):	 total squared error = 0.000426151, marker error: RMS = 0.00473593, max = 0.00740499 (RTHOL)
[2025-11-02 20:08:52.232] [info] Frame 687 (t = 3.435):	 total squared error = 0.000413711, marker error: RMS = 0.00466629, max = 0.00724241 (RTHOL)
[2025-11-02 20:08:52.376] [info] Frame 688 (t = 3.44):	 total squared error = 0.000403761, marker error: RMS = 0.00460984, max = 0.00708727 (RTHOL)
[2025-11-02 20:08:52.532] [info] Frame 689 (t = 3.445):	 total squared error = 0.000394959, marker error: RMS = 0.00455931, max = 0.00698902 (RTHOL)
[2025-11-02 20:08:52.668] [info] Frame 690 (t = 3.45):	 total squared error = 0.000383061, marker error: RMS = 0.00449011, max = 0.00678856 (RTHOL)
[2025-11-02 20:08:52.770] [info] Frame 691 (t = 3.455):	 total squared error = 0.000372351, marker error: RMS = 0.00442690, max = 0.00673211 (LTH2)
[2025-11-02 20:08:52.857] [info] Frame 692 (t = 3.46):	 total squared error = 0.000363395, marker error: RMS = 0.00437334, max = 0.00680177 (LTH2)
[2025-11-02 20:08:53.005] [info] Frame 693 (t = 3.465):	 total squared error = 0.000354940, marker error: RMS = 0.00432216, max = 0.00678107 (LTH2)
[2025-11-02 20:08:53.061] [info] Frame 694 (t = 3.47):	 total squared error = 0.000346086, marker error: RMS = 0.00426791, max = 0.00679874 (LTH2)
[2025-11-02 20:08:53.183] [info] Frame 695 (t = 3.475):	 total squared error = 0.000337032, marker error: RMS = 0.00421171, max = 0.00683363 (LTH2)
[2025-11-02 20:08:53.333] [info] Frame 696 (t = 3.48):	 total squared error = 0.000327658, marker error: RMS = 0.00415273, max = 0.00684365 (LTH2)
[2025-11-02 20:08:53.435] [info] Frame 697 (t = 3.485):	 total squared error = 0.000317014, marker error: RMS = 0.00408472, max = 0.00690561 (LTH2)
[2025-11-02 20:08:53.577] [info] Frame 698 (t = 3.49):	 total squared error = 0.000309521, marker error: RMS = 0.00403616, max = 0.00688622 (LTH2)
[2025-11-02 20:08:53.649] [info] Frame 699 (t = 3.495):	 total squared error = 0.000302125, marker error: RMS = 0.00398764, max = 0.00688804 (LTH2)
[2025-11-02 20:08:53.701] [info] Frame 700 (t = 3.5):	 total squared error = 0.000300347, marker error: RMS = 0.00397589, max = 0.00679871 (LTH2)
[2025-11-02 20:08:53.858] [info] Frame 701 (t = 3.50500):	 total squared error = 0.000289831, marker error: RMS = 0.00390567, max = 0.00686003 (LTH2)
[2025-11-02 20:08:53.964] [info] Frame 702 (t = 3.51):	 total squared error = 0.000285737, marker error: RMS = 0.00387799, max = 0.00685002 (LTH2)
[2025-11-02 20:08:54.014] [info] Frame 703 (t = 3.515):	 total squared error = 0.000280586, marker error: RMS = 0.00384287, max = 0.00686824 (LTH2)
[2025-11-02 20:08:54.047] [info] Frame 704 (t = 3.52):	 total squared error = 0.000280179, marker error: RMS = 0.00384009, max = 0.00680232 (LTH2)
[2025-11-02 20:08:54.090] [info] Frame 705 (t = 3.525):	 total squared error = 0.000282622, marker error: RMS = 0.00385679, max = 0.00682117 (LTH2)
[2025-11-02 20:08:54.144] [info] Frame 706 (t = 3.53):	 total squared error = 0.000277712, marker error: RMS = 0.00382314, max = 0.00682511 (LTH2)
[2025-11-02 20:08:54.206] [info] Frame 707 (t = 3.535):	 total squared error = 0.000277101, marker error: RMS = 0.00381894, max = 0.00680979 (LTH2)
[2025-11-02 20:08:54.246] [info] InverseKinematicsTool completed 367 frames in 29 second(s).
[2025-11-02 20:08:55.402] [info] Loaded model Athlete_03 from file C:\Git\1_current_projects\powerlifing_model\models\Athlete_03\25_03_31\scaled_increasedForce3.osim
[2025-11-02 20:09:00.481] [info] Loaded model Athlete_03 from file C:\Git\1_current_projects\powerlifing_model\models\Athlete_03\25_03_31\scaled_increasedForce3.osim
[2025-11-02 20:09:01.910] [cout] [info] 
               MODEL: Athlete_03
         coordinates: 39
              forces: 97
           actuators: 97
             muscles: 80
            analyses: 0
              probes: 0
              bodies: 22
              joints: 22
         constraints: 2
             markers: 45
         controllers: 0
  contact geometries: 0
misc modelcomponents: 0
[2025-11-02 20:09:01.911] [info] Running tool .
[2025-11-02 20:09:02.651] [info] Frame 1 (t = 0.00500000):	 total squared error = 0.000912059, marker error: RMS = 0.00692843, max = 0.0119288 (RTHOL)
[2025-11-02 20:09:02.670] [info] Frame 2 (t = 0.01):	 total squared error = 0.000947944, marker error: RMS = 0.00706341, max = 0.0125513 (RTHOL)
[2025-11-02 20:09:02.697] [info] Frame 3 (t = 0.015):	 total squared error = 0.000979562, marker error: RMS = 0.00718024, max = 0.0130144 (RTHOL)
[2025-11-02 20:09:02.721] [info] Frame 4 (t = 0.02):	 total squared error = 0.00102669, marker error: RMS = 0.00735094, max = 0.0136569 (RTHOL)
[2025-11-02 20:09:02.748] [info] Frame 5 (t = 0.025):	 total squared error = 0.00107431, marker error: RMS = 0.00751947, max = 0.0142572 (RTHOL)
[2025-11-02 20:09:02.794] [info] Frame 6 (t = 0.03):	 total squared error = 0.00104225, marker error: RMS = 0.00740643, max = 0.0129895 (RTHOL)
[2025-11-02 20:09:02.820] [info] Frame 7 (t = 0.035):	 total squared error = 0.00109762, marker error: RMS = 0.00760062, max = 0.0136205 (RTHOL)
[2025-11-02 20:09:02.850] [info] Frame 8 (t = 0.04):	 total squared error = 0.00112971, marker error: RMS = 0.00771094, max = 0.0140329 (RTHOL)
[2025-11-02 20:09:02.878] [info] Frame 9 (t = 0.045):	 total squared error = 0.00115097, marker error: RMS = 0.00778315, max = 0.0141132 (RTHOL)
[2025-11-02 20:09:02.923] [info] Frame 10 (t = 0.05):	 total squared error = 0.00111389, marker error: RMS = 0.00765677, max = 0.0135554 (RTH2)
[2025-11-02 20:09:02.957] [info] Frame 11 (t = 0.055):	 total squared error = 0.00112678, marker error: RMS = 0.00770094, max = 0.0135543 (RTH2)
[2025-11-02 20:09:02.988] [info] Frame 12 (t = 0.06):	 total squared error = 0.00112491, marker error: RMS = 0.00769455, max = 0.0133775 (RTH2)
[2025-11-02 20:09:03.021] [info] Frame 13 (t = 0.065):	 total squared error = 0.00111227, marker error: RMS = 0.00765117, max = 0.0130480 (RTH2)
[2025-11-02 20:09:03.093] [info] Frame 14 (t = 0.07):	 total squared error = 0.00104891, marker error: RMS = 0.00743007, max = 0.0122166 (RTH2)
[2025-11-02 20:09:03.138] [info] Frame 15 (t = 0.075):	 total squared error = 0.00102084, marker error: RMS = 0.00732997, max = 0.0114925 (RTH2)
[2025-11-02 20:09:03.195] [info] Frame 16 (t = 0.08):	 total squared error = 0.000985973, marker error: RMS = 0.00720370, max = 0.0108613 (LTHOL)
[2025-11-02 20:09:03.257] [info] Frame 17 (t = 0.085):	 total squared error = 0.000951652, marker error: RMS = 0.00707721, max = 0.0109101 (LTHOL)
[2025-11-02 20:09:03.312] [info] Frame 18 (t = 0.09):	 total squared error = 0.000923152, marker error: RMS = 0.00697043, max = 0.0109898 (LTHOL)
[2025-11-02 20:09:03.371] [info] Frame 19 (t = 0.095):	 total squared error = 0.000904472, marker error: RMS = 0.00689955, max = 0.0114536 (LTOE)
[2025-11-02 20:09:03.459] [info] Frame 20 (t = 0.1):	 total squared error = 0.000916581, marker error: RMS = 0.00694558, max = 0.0119802 (LTOE)
[2025-11-02 20:09:03.495] [info] Frame 21 (t = 0.105000):	 total squared error = 0.000933410, marker error: RMS = 0.00700905, max = 0.0122636 (LTOE)
[2025-11-02 20:09:03.561] [info] Frame 22 (t = 0.11):	 total squared error = 0.000988812, marker error: RMS = 0.00721406, max = 0.0125912 (LTOE)
[2025-11-02 20:09:03.629] [info] Frame 23 (t = 0.115):	 total squared error = 0.00103627, marker error: RMS = 0.00738517, max = 0.0133211 (LTH2)
[2025-11-02 20:09:03.692] [info] Frame 24 (t = 0.12):	 total squared error = 0.00109704, marker error: RMS = 0.00759860, max = 0.014181 (LTH2)
[2025-11-02 20:09:03.768] [info] Frame 25 (t = 0.125):	 total squared error = 0.00120358, marker error: RMS = 0.00795905, max = 0.0140923 (LTH2)
[2025-11-02 20:09:03.835] [info] Frame 26 (t = 0.13):	 total squared error = 0.00129538, marker error: RMS = 0.00825699, max = 0.0148926 (RTHOL)
[2025-11-02 20:09:03.876] [info] Frame 27 (t = 0.135):	 total squared error = 0.00139516, marker error: RMS = 0.00856911, max = 0.0160891 (RTHOL)
[2025-11-02 20:09:03.960] [info] Frame 28 (t = 0.14):	 total squared error = 0.00149499, marker error: RMS = 0.00887038, max = 0.0171677 (RTHOL)
[2025-11-02 20:09:04.022] [info] Frame 29 (t = 0.145):	 total squared error = 0.00159023, marker error: RMS = 0.00914858, max = 0.0180540 (RTHOL)
[2025-11-02 20:09:04.097] [info] Frame 30 (t = 0.15):	 total squared error = 0.00169577, marker error: RMS = 0.00944727, max = 0.0190836 (RTHOL)
[2025-11-02 20:09:04.149] [info] Frame 31 (t = 0.155):	 total squared error = 0.00180190, marker error: RMS = 0.00973842, max = 0.0200160 (RTHOL)
[2025-11-02 20:09:04.194] [info] Frame 32 (t = 0.16):	 total squared error = 0.00190938, marker error: RMS = 0.0100247, max = 0.0208279 (RTHOL)
[2025-11-02 20:09:04.242] [info] Frame 33 (t = 0.165):	 total squared error = 0.00203301, marker error: RMS = 0.0103441, max = 0.0219167 (RTHOL)
[2025-11-02 20:09:04.299] [info] Frame 34 (t = 0.17):	 total squared error = 0.00215319, marker error: RMS = 0.0106455, max = 0.0226278 (RTHOL)
[2025-11-02 20:09:04.361] [info] Frame 35 (t = 0.175):	 total squared error = 0.00229174, marker error: RMS = 0.0109826, max = 0.0238031 (RTHOL)
[2025-11-02 20:09:04.460] [info] Frame 36 (t = 0.18):	 total squared error = 0.00243086, marker error: RMS = 0.0113111, max = 0.0247136 (RTHOL)
[2025-11-02 20:09:04.516] [info] Frame 37 (t = 0.185):	 total squared error = 0.00258660, marker error: RMS = 0.0116678, max = 0.0257001 (RTHOL)
[2025-11-02 20:09:04.566] [info] Frame 38 (t = 0.19):	 total squared error = 0.00274926, marker error: RMS = 0.0120290, max = 0.0266588 (RTHOL)
[2025-11-02 20:09:04.651] [info] Frame 39 (t = 0.195):	 total squared error = 0.00291590, marker error: RMS = 0.0123882, max = 0.0276402 (RTHOL)
[2025-11-02 20:09:04.734] [info] Frame 40 (t = 0.2):	 total squared error = 0.00307911, marker error: RMS = 0.0127302, max = 0.0285388 (RTHOL)
[2025-11-02 20:09:04.783] [info] Frame 41 (t = 0.205000):	 total squared error = 0.00325020, marker error: RMS = 0.0130791, max = 0.0294634 (RTHOL)
[2025-11-02 20:09:04.820] [info] Frame 42 (t = 0.21):	 total squared error = 0.00341121, marker error: RMS = 0.0133992, max = 0.0303010 (RTHOL)
[2025-11-02 20:09:04.841] [info] Frame 43 (t = 0.215):	 total squared error = 0.00357581, marker error: RMS = 0.0137186, max = 0.0309535 (RTHOL)
[2025-11-02 20:09:04.911] [info] Frame 44 (t = 0.22):	 total squared error = 0.00371350, marker error: RMS = 0.0139803, max = 0.0318169 (RTHOL)
[2025-11-02 20:09:04.982] [info] Frame 45 (t = 0.225):	 total squared error = 0.00385562, marker error: RMS = 0.0142453, max = 0.0324905 (RTHOL)
[2025-11-02 20:09:05.041] [info] Frame 46 (t = 0.23):	 total squared error = 0.00398473, marker error: RMS = 0.0144818, max = 0.0330652 (RTHOL)
[2025-11-02 20:09:05.091] [info] Frame 47 (t = 0.235):	 total squared error = 0.00410551, marker error: RMS = 0.0146996, max = 0.0335030 (RTHOL)
[2025-11-02 20:09:05.179] [info] Frame 48 (t = 0.24):	 total squared error = 0.00422098, marker error: RMS = 0.0149049, max = 0.0340347 (RTHOL)
[2025-11-02 20:09:05.236] [info] Frame 49 (t = 0.245):	 total squared error = 0.00432374, marker error: RMS = 0.0150853, max = 0.0343332 (RTHOL)
[2025-11-02 20:09:05.330] [info] Frame 50 (t = 0.25):	 total squared error = 0.00440295, marker error: RMS = 0.0152228, max = 0.0346019 (RTHOL)
[2025-11-02 20:09:05.386] [info] Frame 51 (t = 0.255):	 total squared error = 0.00447875, marker error: RMS = 0.0153533, max = 0.0347577 (RTHOL)
[2025-11-02 20:09:05.475] [info] Frame 52 (t = 0.26):	 total squared error = 0.00451657, marker error: RMS = 0.015418, max = 0.0347946 (RTHOL)
[2025-11-02 20:09:05.515] [info] Frame 53 (t = 0.265):	 total squared error = 0.00455095, marker error: RMS = 0.0154766, max = 0.0347889 (RTHOL)
[2025-11-02 20:09:05.560] [info] Frame 54 (t = 0.27):	 total squared error = 0.00455438, marker error: RMS = 0.0154824, max = 0.0346811 (RTHOL)
[2025-11-02 20:09:05.606] [info] Frame 55 (t = 0.275):	 total squared error = 0.00452745, marker error: RMS = 0.0154365, max = 0.0344792 (RTHOL)
[2025-11-02 20:09:05.654] [info] Frame 56 (t = 0.28):	 total squared error = 0.00446438, marker error: RMS = 0.0153287, max = 0.0341628 (RTHOL)
[2025-11-02 20:09:05.701] [info] Frame 57 (t = 0.285):	 total squared error = 0.00433887, marker error: RMS = 0.0151116, max = 0.0335338 (RTHOL)
[2025-11-02 20:09:05.762] [info] Frame 58 (t = 0.29):	 total squared error = 0.00423150, marker error: RMS = 0.0149235, max = 0.0331401 (RTHOL)
[2025-11-02 20:09:05.788] [info] Frame 59 (t = 0.295):	 total squared error = 0.00410592, marker error: RMS = 0.0147004, max = 0.0327347 (RTHOL)
[2025-11-02 20:09:05.833] [info] Frame 60 (t = 0.3):	 total squared error = 0.00393758, marker error: RMS = 0.0143959, max = 0.0320837 (RTHOL)
[2025-11-02 20:09:05.913] [info] Frame 61 (t = 0.305000):	 total squared error = 0.00373514, marker error: RMS = 0.0140209, max = 0.0311729 (RTHOL)
[2025-11-02 20:09:05.958] [info] Frame 62 (t = 0.31):	 total squared error = 0.00357520, marker error: RMS = 0.0137175, max = 0.0306778 (RTHOL)
[2025-11-02 20:09:06.000] [info] Frame 63 (t = 0.315):	 total squared error = 0.00336861, marker error: RMS = 0.0133152, max = 0.0297268 (RTHOL)
[2025-11-02 20:09:06.058] [info] Frame 64 (t = 0.32):	 total squared error = 0.00317662, marker error: RMS = 0.0129302, max = 0.0287764 (RTHOL)
[2025-11-02 20:09:06.116] [info] Frame 65 (t = 0.325):	 total squared error = 0.00303484, marker error: RMS = 0.0126384, max = 0.0283324 (RTHOL)
[2025-11-02 20:09:06.179] [info] Frame 66 (t = 0.33):	 total squared error = 0.00285402, marker error: RMS = 0.0122561, max = 0.0273568 (RTHOL)
[2025-11-02 20:09:06.214] [info] Frame 67 (t = 0.335):	 total squared error = 0.00273638, marker error: RMS = 0.0120008, max = 0.0269204 (RTHOL)
[2025-11-02 20:09:06.260] [info] Frame 68 (t = 0.34):	 total squared error = 0.00259371, marker error: RMS = 0.0116838, max = 0.0260392 (RTHOL)
[2025-11-02 20:09:06.316] [info] Frame 69 (t = 0.345):	 total squared error = 0.00252579, marker error: RMS = 0.0115298, max = 0.0258184 (RTHOL)
[2025-11-02 20:09:06.378] [info] Frame 70 (t = 0.35):	 total squared error = 0.00240143, marker error: RMS = 0.0112424, max = 0.0247727 (RTHOL)
[2025-11-02 20:09:06.465] [info] Frame 71 (t = 0.355):	 total squared error = 0.00233177, marker error: RMS = 0.0110781, max = 0.0242367 (RTHOL)
[2025-11-02 20:09:06.495] [info] Frame 72 (t = 0.36):	 total squared error = 0.00230094, marker error: RMS = 0.0110046, max = 0.0240189 (RTHOL)
[2025-11-02 20:09:06.571] [info] Frame 73 (t = 0.365):	 total squared error = 0.00224242, marker error: RMS = 0.0108638, max = 0.023279 (RTHOL)
[2025-11-02 20:09:06.633] [info] Frame 74 (t = 0.37):	 total squared error = 0.00223068, marker error: RMS = 0.0108353, max = 0.0230344 (RTHOL)
[2025-11-02 20:09:06.681] [info] Frame 75 (t = 0.375):	 total squared error = 0.00222903, marker error: RMS = 0.0108313, max = 0.02275 (RTHOL)
[2025-11-02 20:09:06.744] [info] Frame 76 (t = 0.38):	 total squared error = 0.00221084, marker error: RMS = 0.0107870, max = 0.0221811 (RTHOL)
[2025-11-02 20:09:06.788] [info] Frame 77 (t = 0.385):	 total squared error = 0.00221788, marker error: RMS = 0.0108042, max = 0.0218090 (RTHOL)
[2025-11-02 20:09:06.869] [info] Frame 78 (t = 0.39):	 total squared error = 0.00223483, marker error: RMS = 0.0108454, max = 0.0215315 (RTHOL)
[2025-11-02 20:09:06.941] [info] Frame 79 (t = 0.395):	 total squared error = 0.00225988, marker error: RMS = 0.0109060, max = 0.0213226 (RTHOL)
[2025-11-02 20:09:06.981] [info] Frame 80 (t = 0.4):	 total squared error = 0.00227771, marker error: RMS = 0.0109490, max = 0.0210191 (RTHOL)
[2025-11-02 20:09:07.065] [info] Frame 81 (t = 0.405000):	 total squared error = 0.00231305, marker error: RMS = 0.0110336, max = 0.0209706 (RTHOL)
[2025-11-02 20:09:07.113] [info] Frame 82 (t = 0.41):	 total squared error = 0.00233684, marker error: RMS = 0.0110901, max = 0.0207786 (RTHOL)
[2025-11-02 20:09:07.198] [info] Frame 83 (t = 0.415):	 total squared error = 0.00236439, marker error: RMS = 0.0111553, max = 0.0207313 (RTHOL)
[2025-11-02 20:09:07.244] [info] Frame 84 (t = 0.42):	 total squared error = 0.00237762, marker error: RMS = 0.0111865, max = 0.0205527 (RTHOL)
[2025-11-02 20:09:07.298] [info] Frame 85 (t = 0.425):	 total squared error = 0.00239751, marker error: RMS = 0.0112332, max = 0.0206207 (RTHOL)
[2025-11-02 20:09:07.344] [info] Frame 86 (t = 0.43):	 total squared error = 0.00239493, marker error: RMS = 0.0112272, max = 0.0204903 (RTHOL)
[2025-11-02 20:09:07.397] [info] Frame 87 (t = 0.435):	 total squared error = 0.00239880, marker error: RMS = 0.0112362, max = 0.0206706 (RTHOL)
[2025-11-02 20:09:07.441] [info] Frame 88 (t = 0.44):	 total squared error = 0.00237933, marker error: RMS = 0.0111905, max = 0.0206832 (RTHOL)
[2025-11-02 20:09:07.498] [info] Frame 89 (t = 0.445):	 total squared error = 0.00233798, marker error: RMS = 0.0110929, max = 0.0205849 (RTHOL)
[2025-11-02 20:09:07.528] [info] Frame 90 (t = 0.45):	 total squared error = 0.00230033, marker error: RMS = 0.0110032, max = 0.0207105 (RTHOL)
[2025-11-02 20:09:07.568] [info] Frame 91 (t = 0.455):	 total squared error = 0.00225624, marker error: RMS = 0.0108972, max = 0.0210429 (RTHOL)
[2025-11-02 20:09:07.592] [info] Frame 92 (t = 0.46):	 total squared error = 0.00218367, marker error: RMS = 0.0107205, max = 0.0210944 (RTHOL)
[2025-11-02 20:09:07.623] [info] Frame 93 (t = 0.465):	 total squared error = 0.00210748, marker error: RMS = 0.0105319, max = 0.0212426 (RTHOL)
[2025-11-02 20:09:07.659] [info] Frame 94 (t = 0.47):	 total squared error = 0.00202862, marker error: RMS = 0.0103329, max = 0.0214697 (RTHOL)
[2025-11-02 20:09:07.703] [info] Frame 95 (t = 0.475):	 total squared error = 0.00194747, marker error: RMS = 0.0101241, max = 0.0217636 (RTHOL)
[2025-11-02 20:09:07.750] [info] Frame 96 (t = 0.48):	 total squared error = 0.00185729, marker error: RMS = 0.00988696, max = 0.0219169 (RTHOL)
[2025-11-02 20:09:07.774] [info] Frame 97 (t = 0.485):	 total squared error = 0.00176923, marker error: RMS = 0.00964973, max = 0.0221453 (RTHOL)
[2025-11-02 20:09:07.805] [info] Frame 98 (t = 0.49):	 total squared error = 0.00168689, marker error: RMS = 0.00942250, max = 0.0223571 (RTHOL)
[2025-11-02 20:09:07.835] [info] Frame 99 (t = 0.495):	 total squared error = 0.00161639, marker error: RMS = 0.00922352, max = 0.022595 (RTHOL)
[2025-11-02 20:09:07.928] [info] Frame 100 (t = 0.5):	 total squared error = 0.00155737, marker error: RMS = 0.00905356, max = 0.0227973 (RTHOL)
[2025-11-02 20:09:07.965] [info] Frame 101 (t = 0.505000):	 total squared error = 0.00151560, marker error: RMS = 0.00893131, max = 0.0230264 (RTHOL)
[2025-11-02 20:09:07.997] [info] Frame 102 (t = 0.51):	 total squared error = 0.00148581, marker error: RMS = 0.00884311, max = 0.0232124 (RTHOL)
[2025-11-02 20:09:08.031] [info] Frame 103 (t = 0.515):	 total squared error = 0.00147049, marker error: RMS = 0.00879739, max = 0.0233808 (RTHOL)
[2025-11-02 20:09:08.078] [info] Frame 104 (t = 0.52):	 total squared error = 0.00146692, marker error: RMS = 0.00878672, max = 0.0235082 (RTHOL)
[2025-11-02 20:09:08.124] [info] Frame 105 (t = 0.525):	 total squared error = 0.00147639, marker error: RMS = 0.00881504, max = 0.0236245 (RTHOL)
[2025-11-02 20:09:08.181] [info] Frame 106 (t = 0.53):	 total squared error = 0.00149339, marker error: RMS = 0.00886563, max = 0.0237185 (RTHOL)
[2025-11-02 20:09:08.273] [info] Frame 107 (t = 0.535):	 total squared error = 0.00149868, marker error: RMS = 0.00888134, max = 0.0234343 (RTHOL)
[2025-11-02 20:09:08.327] [info] Frame 108 (t = 0.54):	 total squared error = 0.00152064, marker error: RMS = 0.00894615, max = 0.0235285 (RTHOL)
[2025-11-02 20:09:08.377] [info] Frame 109 (t = 0.545):	 total squared error = 0.00154551, marker error: RMS = 0.00901902, max = 0.0236399 (RTHOL)
[2025-11-02 20:09:08.403] [info] Frame 110 (t = 0.55):	 total squared error = 0.00157851, marker error: RMS = 0.00911480, max = 0.0238477 (RTHOL)
[2025-11-02 20:09:08.478] [info] Frame 111 (t = 0.555):	 total squared error = 0.00158191, marker error: RMS = 0.00912460, max = 0.0236518 (RTHOL)
[2025-11-02 20:09:08.503] [info] Frame 112 (t = 0.56):	 total squared error = 0.00159875, marker error: RMS = 0.00917303, max = 0.0238116 (RTHOL)
[2025-11-02 20:09:08.540] [info] Frame 113 (t = 0.565):	 total squared error = 0.00161717, marker error: RMS = 0.00922573, max = 0.0239894 (RTHOL)
[2025-11-02 20:09:08.606] [info] Frame 114 (t = 0.57):	 total squared error = 0.00164769, marker error: RMS = 0.00931239, max = 0.0241505 (RTHOL)
[2025-11-02 20:09:08.691] [info] Frame 115 (t = 0.575):	 total squared error = 0.00165311, marker error: RMS = 0.00932770, max = 0.0241148 (RTHOL)
[2025-11-02 20:09:08.717] [info] Frame 116 (t = 0.58):	 total squared error = 0.00165660, marker error: RMS = 0.00933754, max = 0.0241389 (RTHOL)
[2025-11-02 20:09:08.756] [info] Frame 117 (t = 0.585):	 total squared error = 0.00168807, marker error: RMS = 0.00942580, max = 0.0243812 (RTHOL)
[2025-11-02 20:09:08.836] [info] Frame 118 (t = 0.59):	 total squared error = 0.00172723, marker error: RMS = 0.00953452, max = 0.0246535 (RTHOL)
[2025-11-02 20:09:08.887] [info] Frame 119 (t = 0.595):	 total squared error = 0.00173810, marker error: RMS = 0.00956446, max = 0.0246598 (RTHOL)
[2025-11-02 20:09:08.930] [info] Frame 120 (t = 0.6):	 total squared error = 0.00176730, marker error: RMS = 0.00964447, max = 0.0248068 (RTHOL)
[2025-11-02 20:09:08.977] [info] Frame 121 (t = 0.605000):	 total squared error = 0.00178649, marker error: RMS = 0.00969670, max = 0.0248613 (RTHOL)
[2025-11-02 20:09:09.019] [info] Frame 122 (t = 0.61):	 total squared error = 0.00181614, marker error: RMS = 0.00977683, max = 0.0250310 (RTHOL)
[2025-11-02 20:09:09.062] [info] Frame 123 (t = 0.615):	 total squared error = 0.00186012, marker error: RMS = 0.00989450, max = 0.0253639 (RTHOL)
[2025-11-02 20:09:09.097] [info] Frame 124 (t = 0.62):	 total squared error = 0.00185208, marker error: RMS = 0.00987309, max = 0.0252923 (RTHOL)
[2025-11-02 20:09:09.136] [info] Frame 125 (t = 0.625):	 total squared error = 0.00186044, marker error: RMS = 0.00989536, max = 0.0253944 (RTHOL)
[2025-11-02 20:09:09.194] [info] Frame 126 (t = 0.63):	 total squared error = 0.00186541, marker error: RMS = 0.00990857, max = 0.0255049 (RTHOL)
[2025-11-02 20:09:09.254] [info] Frame 127 (t = 0.635):	 total squared error = 0.00184631, marker error: RMS = 0.00985771, max = 0.0254897 (RTHOL)
[2025-11-02 20:09:09.294] [info] Frame 128 (t = 0.64):	 total squared error = 0.00182851, marker error: RMS = 0.00981006, max = 0.0255269 (RTHOL)
[2025-11-02 20:09:09.336] [info] Frame 129 (t = 0.645):	 total squared error = 0.00180122, marker error: RMS = 0.00973660, max = 0.0254985 (RTHOL)
[2025-11-02 20:09:09.412] [info] Frame 130 (t = 0.65):	 total squared error = 0.00178330, marker error: RMS = 0.00968802, max = 0.0255502 (RTHOL)
[2025-11-02 20:09:09.480] [info] Frame 131 (t = 0.655):	 total squared error = 0.00174782, marker error: RMS = 0.00959116, max = 0.0255332 (RTHOL)
[2025-11-02 20:09:09.546] [info] Frame 132 (t = 0.66):	 total squared error = 0.00172195, marker error: RMS = 0.00951992, max = 0.0256271 (RTHOL)
[2025-11-02 20:09:09.627] [info] Frame 133 (t = 0.665):	 total squared error = 0.00168748, marker error: RMS = 0.00942415, max = 0.0256138 (RTHOL)
[2025-11-02 20:09:09.708] [info] Frame 134 (t = 0.67):	 total squared error = 0.00165540, marker error: RMS = 0.00933414, max = 0.0256268 (RTHOL)
[2025-11-02 20:09:09.798] [info] Frame 135 (t = 0.675):	 total squared error = 0.00161565, marker error: RMS = 0.00922139, max = 0.0254837 (RTHOL)
[2025-11-02 20:09:09.834] [info] Frame 136 (t = 0.68):	 total squared error = 0.00159197, marker error: RMS = 0.00915358, max = 0.0255069 (RTHOL)
[2025-11-02 20:09:09.917] [info] Frame 137 (t = 0.685):	 total squared error = 0.00156443, marker error: RMS = 0.00907405, max = 0.02532 (RTHOL)
[2025-11-02 20:09:09.993] [info] Frame 138 (t = 0.69):	 total squared error = 0.00155841, marker error: RMS = 0.00905657, max = 0.0253163 (RTHOL)
[2025-11-02 20:09:10.037] [info] Frame 139 (t = 0.695):	 total squared error = 0.00154925, marker error: RMS = 0.00902991, max = 0.0250302 (RTHOL)
[2025-11-02 20:09:10.062] [info] Frame 140 (t = 0.7):	 total squared error = 0.00158805, marker error: RMS = 0.00914229, max = 0.0252699 (RTHOL)
[2025-11-02 20:09:10.131] [info] Frame 141 (t = 0.705000):	 total squared error = 0.00158390, marker error: RMS = 0.00913036, max = 0.0245679 (RTHOL)
[2025-11-02 20:09:10.210] [info] Frame 142 (t = 0.71):	 total squared error = 0.00162176, marker error: RMS = 0.00923883, max = 0.0242755 (RTHOL)
[2025-11-02 20:09:10.300] [info] Frame 143 (t = 0.715):	 total squared error = 0.00166991, marker error: RMS = 0.00937496, max = 0.0239031 (RTHOL)
[2025-11-02 20:09:10.380] [info] Frame 144 (t = 0.72):	 total squared error = 0.00175601, marker error: RMS = 0.00961360, max = 0.0239052 (RTHOL)
[2025-11-02 20:09:10.461] [info] Frame 145 (t = 0.725):	 total squared error = 0.00178851, marker error: RMS = 0.00970218, max = 0.022982 (RTHOL)
[2025-11-02 20:09:10.500] [info] Frame 146 (t = 0.73):	 total squared error = 0.00185128, marker error: RMS = 0.00987097, max = 0.0224132 (RTHOL)
[2025-11-02 20:09:10.543] [info] Frame 147 (t = 0.735):	 total squared error = 0.00192164, marker error: RMS = 0.0100568, max = 0.0219301 (RTHOL)
[2025-11-02 20:09:10.579] [info] Frame 148 (t = 0.74):	 total squared error = 0.00199363, marker error: RMS = 0.0102434, max = 0.0214913 (RTHOL)
[2025-11-02 20:09:10.640] [info] Frame 149 (t = 0.745):	 total squared error = 0.00206474, marker error: RMS = 0.0104245, max = 0.0211084 (RTHOL)
[2025-11-02 20:09:10.683] [info] Frame 150 (t = 0.75):	 total squared error = 0.00222693, marker error: RMS = 0.0108262, max = 0.0220379 (RTHOL)
[2025-11-02 20:09:10.737] [info] Frame 151 (t = 0.755):	 total squared error = 0.00232082, marker error: RMS = 0.0110521, max = 0.0222231 (RTHOL)
[2025-11-02 20:09:10.778] [info] Frame 152 (t = 0.76):	 total squared error = 0.00242490, marker error: RMS = 0.0112972, max = 0.0225421 (RTHOL)
[2025-11-02 20:09:10.820] [info] Frame 153 (t = 0.765):	 total squared error = 0.00241894, marker error: RMS = 0.0112833, max = 0.0214792 (RTHOL)
[2025-11-02 20:09:10.855] [info] Frame 154 (t = 0.77):	 total squared error = 0.00253362, marker error: RMS = 0.0115477, max = 0.0221124 (RTHOL)
[2025-11-02 20:09:10.906] [info] Frame 155 (t = 0.775):	 total squared error = 0.00264411, marker error: RMS = 0.0117968, max = 0.022696 (RTHOL)
[2025-11-02 20:09:10.952] [info] Frame 156 (t = 0.78):	 total squared error = 0.00274746, marker error: RMS = 0.0120251, max = 0.0232061 (RTHOL)
[2025-11-02 20:09:11.027] [info] Frame 157 (t = 0.785):	 total squared error = 0.00289219, marker error: RMS = 0.0123378, max = 0.0241869 (RTHOL)
[2025-11-02 20:09:11.066] [info] Frame 158 (t = 0.79):	 total squared error = 0.00297907, marker error: RMS = 0.0125217, max = 0.02455 (RTHOL)
[2025-11-02 20:09:11.140] [info] Frame 159 (t = 0.795):	 total squared error = 0.00316174, marker error: RMS = 0.0128999, max = 0.0260812 (RTHOL)
[2025-11-02 20:09:11.161] [info] Frame 160 (t = 0.8):	 total squared error = 0.00320829, marker error: RMS = 0.0129945, max = 0.0261987 (RTHOL)
[2025-11-02 20:09:11.211] [info] Frame 161 (t = 0.805000):	 total squared error = 0.00335518, marker error: RMS = 0.0132887, max = 0.0274699 (RTHOL)
[2025-11-02 20:09:11.232] [info] Frame 162 (t = 0.81):	 total squared error = 0.00334477, marker error: RMS = 0.013268, max = 0.0272954 (RTHOL)
[2025-11-02 20:09:11.281] [info] Frame 163 (t = 0.815):	 total squared error = 0.00335627, marker error: RMS = 0.0132908, max = 0.027486 (RTHOL)
[2025-11-02 20:09:11.319] [info] Frame 164 (t = 0.82):	 total squared error = 0.00333264, marker error: RMS = 0.013244, max = 0.0275041 (RTHOL)
[2025-11-02 20:09:11.378] [info] Frame 165 (t = 0.825):	 total squared error = 0.00327429, marker error: RMS = 0.0131275, max = 0.0273425 (RTHOL)
[2025-11-02 20:09:11.417] [info] Frame 166 (t = 0.83):	 total squared error = 0.00315478, marker error: RMS = 0.0128857, max = 0.0267042 (RTHOL)
[2025-11-02 20:09:11.472] [info] Frame 167 (t = 0.835):	 total squared error = 0.00305040, marker error: RMS = 0.0126707, max = 0.0263631 (RTHOL)
[2025-11-02 20:09:11.547] [info] Frame 168 (t = 0.84):	 total squared error = 0.00289951, marker error: RMS = 0.0123534, max = 0.0256153 (RTHOL)
[2025-11-02 20:09:11.591] [info] Frame 169 (t = 0.845):	 total squared error = 0.00272075, marker error: RMS = 0.0119665, max = 0.0246291 (RTHOL)
[2025-11-02 20:09:11.622] [info] Frame 170 (t = 0.85):	 total squared error = 0.00253740, marker error: RMS = 0.0115563, max = 0.0235233 (RTHOL)
[2025-11-02 20:09:11.648] [info] Frame 171 (t = 0.855):	 total squared error = 0.00236766, marker error: RMS = 0.0111631, max = 0.0226601 (RTHOL)
[2025-11-02 20:09:11.684] [info] Frame 172 (t = 0.86):	 total squared error = 0.00219048, marker error: RMS = 0.0107372, max = 0.0216078 (RTHOL)
[2025-11-02 20:09:11.717] [info] Frame 173 (t = 0.865):	 total squared error = 0.00201793, marker error: RMS = 0.0103057, max = 0.0203996 (RTHOL)
[2025-11-02 20:09:11.793] [info] Frame 174 (t = 0.87):	 total squared error = 0.00186599, marker error: RMS = 0.00991008, max = 0.0195007 (RTHOL)
[2025-11-02 20:09:11.821] [info] Frame 175 (t = 0.875):	 total squared error = 0.00172348, marker error: RMS = 0.00952416, max = 0.0184913 (RTHOL)
[2025-11-02 20:09:11.854] [info] Frame 176 (t = 0.88):	 total squared error = 0.00159751, marker error: RMS = 0.00916950, max = 0.0175557 (RTHOL)
[2025-11-02 20:09:11.890] [info] Frame 177 (t = 0.885):	 total squared error = 0.00149846, marker error: RMS = 0.00888068, max = 0.0168497 (RTHOL)
[2025-11-02 20:09:11.932] [info] Frame 178 (t = 0.89):	 total squared error = 0.00142027, marker error: RMS = 0.00864587, max = 0.0163105 (RTHOL)
[2025-11-02 20:09:12.008] [info] Frame 179 (t = 0.895):	 total squared error = 0.00138367, marker error: RMS = 0.00853375, max = 0.0163695 (RTHOL)
[2025-11-02 20:09:12.034] [info] Frame 180 (t = 0.9):	 total squared error = 0.00134022, marker error: RMS = 0.00839867, max = 0.0161529 (RTH3)
[2025-11-02 20:09:12.109] [info] Frame 181 (t = 0.905000):	 total squared error = 0.00132601, marker error: RMS = 0.00835403, max = 0.0163812 (RTH3)
[2025-11-02 20:09:12.164] [info] Frame 182 (t = 0.91):	 total squared error = 0.00132805, marker error: RMS = 0.00836048, max = 0.0166577 (RTH3)
[2025-11-02 20:09:12.254] [info] Frame 183 (t = 0.915):	 total squared error = 0.00136356, marker error: RMS = 0.00847152, max = 0.0173955 (RTH3)
[2025-11-02 20:09:12.285] [info] Frame 184 (t = 0.92):	 total squared error = 0.00139870, marker error: RMS = 0.00857997, max = 0.0178706 (RTH3)
[2025-11-02 20:09:12.321] [info] Frame 185 (t = 0.925):	 total squared error = 0.00145176, marker error: RMS = 0.00874118, max = 0.0184634 (RTH3)
[2025-11-02 20:09:12.381] [info] Frame 186 (t = 0.93):	 total squared error = 0.00151085, marker error: RMS = 0.00891730, max = 0.0192077 (RTH3)
[2025-11-02 20:09:12.443] [info] Frame 187 (t = 0.935):	 total squared error = 0.00158152, marker error: RMS = 0.00912347, max = 0.0198354 (RTH3)
[2025-11-02 20:09:12.508] [info] Frame 188 (t = 0.94):	 total squared error = 0.00165282, marker error: RMS = 0.00932688, max = 0.0205952 (RTH3)
[2025-11-02 20:09:12.553] [info] Frame 189 (t = 0.945):	 total squared error = 0.00172277, marker error: RMS = 0.00952218, max = 0.0210963 (RTH3)
[2025-11-02 20:09:12.606] [info] Frame 190 (t = 0.95):	 total squared error = 0.00179848, marker error: RMS = 0.00972918, max = 0.0216221 (RTH3)
[2025-11-02 20:09:12.648] [info] Frame 191 (t = 0.955):	 total squared error = 0.00187164, marker error: RMS = 0.00992508, max = 0.0221431 (RTHOL)
[2025-11-02 20:09:12.700] [info] Frame 192 (t = 0.96):	 total squared error = 0.00192770, marker error: RMS = 0.0100726, max = 0.0226317 (RTHOL)
[2025-11-02 20:09:12.781] [info] Frame 193 (t = 0.965):	 total squared error = 0.00191624, marker error: RMS = 0.0100426, max = 0.0226363 (RTH3)
[2025-11-02 20:09:12.829] [info] Frame 194 (t = 0.97):	 total squared error = 0.00193420, marker error: RMS = 0.0100896, max = 0.0227786 (RTHOL)
[2025-11-02 20:09:12.871] [info] Frame 195 (t = 0.975):	 total squared error = 0.00193647, marker error: RMS = 0.0100955, max = 0.0228906 (RTHOL)
[2025-11-02 20:09:12.946] [info] Frame 196 (t = 0.98):	 total squared error = 0.00188213, marker error: RMS = 0.00995285, max = 0.0224331 (RTHOL)
[2025-11-02 20:09:12.992] [info] Frame 197 (t = 0.985):	 total squared error = 0.00183354, marker error: RMS = 0.00982355, max = 0.022231 (RTHOL)
[2025-11-02 20:09:13.025] [info] Frame 198 (t = 0.99):	 total squared error = 0.00176899, marker error: RMS = 0.00964908, max = 0.0218746 (RTHOL)
[2025-11-02 20:09:13.060] [info] Frame 199 (t = 0.995):	 total squared error = 0.00167359, marker error: RMS = 0.00938529, max = 0.0212946 (RTHOL)
[2025-11-02 20:09:13.097] [info] Frame 200 (t = 1.0):	 total squared error = 0.00153664, marker error: RMS = 0.00899310, max = 0.0200945 (RTHOL)
[2025-11-02 20:09:13.121] [info] Frame 201 (t = 1.00500):	 total squared error = 0.00141272, marker error: RMS = 0.00862287, max = 0.0192287 (RTHOL)
[2025-11-02 20:09:13.164] [info] Frame 202 (t = 1.01):	 total squared error = 0.00128733, marker error: RMS = 0.00823128, max = 0.0182524 (RTHOL)
[2025-11-02 20:09:13.205] [info] Frame 203 (t = 1.015):	 total squared error = 0.00115909, marker error: RMS = 0.00781054, max = 0.0171512 (RTHOL)
[2025-11-02 20:09:13.258] [info] Frame 204 (t = 1.02):	 total squared error = 0.00103729, marker error: RMS = 0.00738880, max = 0.0159334 (RTHOL)
[2025-11-02 20:09:13.325] [info] Frame 205 (t = 1.025):	 total squared error = 0.000924166, marker error: RMS = 0.00697426, max = 0.0147027 (RTHOL)
[2025-11-02 20:09:13.373] [info] Frame 206 (t = 1.03):	 total squared error = 0.000815586, marker error: RMS = 0.00655176, max = 0.0133225 (RTHOL)
[2025-11-02 20:09:13.416] [info] Frame 207 (t = 1.035):	 total squared error = 0.000735529, marker error: RMS = 0.00622190, max = 0.0121196 (RTHOL)
[2025-11-02 20:09:13.464] [info] Frame 208 (t = 1.04):	 total squared error = 0.000675338, marker error: RMS = 0.00596189, max = 0.0110166 (RTHOL)
[2025-11-02 20:09:13.515] [info] Frame 209 (t = 1.045):	 total squared error = 0.000633050, marker error: RMS = 0.00577221, max = 0.0101181 (RTH2)
[2025-11-02 20:09:13.574] [info] Frame 210 (t = 1.05):	 total squared error = 0.000610040, marker error: RMS = 0.00566634, max = 0.00998266 (RTH2)
[2025-11-02 20:09:13.610] [info] Frame 211 (t = 1.055):	 total squared error = 0.000603394, marker error: RMS = 0.00563539, max = 0.0100179 (RTH2)
[2025-11-02 20:09:13.664] [info] Frame 212 (t = 1.06):	 total squared error = 0.000608703, marker error: RMS = 0.00566013, max = 0.0101911 (RTH2)
[2025-11-02 20:09:13.749] [info] Frame 213 (t = 1.065):	 total squared error = 0.000636322, marker error: RMS = 0.00578711, max = 0.0100432 (RTH2)
[2025-11-02 20:09:13.804] [info] Frame 214 (t = 1.07):	 total squared error = 0.000646990, marker error: RMS = 0.00583542, max = 0.0102991 (RTH2)
[2025-11-02 20:09:13.857] [info] Frame 215 (t = 1.075):	 total squared error = 0.000666801, marker error: RMS = 0.00592408, max = 0.0105150 (RTH2)
[2025-11-02 20:09:13.885] [info] Frame 216 (t = 1.08):	 total squared error = 0.000682880, marker error: RMS = 0.00599509, max = 0.0104472 (RTH2)
[2025-11-02 20:09:13.948] [info] Frame 217 (t = 1.085):	 total squared error = 0.000705383, marker error: RMS = 0.00609306, max = 0.0106644 (RTH2)
[2025-11-02 20:09:13.986] [info] Frame 218 (t = 1.09):	 total squared error = 0.000723260, marker error: RMS = 0.00616979, max = 0.0105035 (RTH2)
[2025-11-02 20:09:14.049] [info] Frame 219 (t = 1.095):	 total squared error = 0.000734074, marker error: RMS = 0.00621574, max = 0.0104669 (RTH2)
[2025-11-02 20:09:14.074] [info] Frame 220 (t = 1.1):	 total squared error = 0.000756262, marker error: RMS = 0.00630898, max = 0.0103581 (RTH2)
[2025-11-02 20:09:14.107] [info] Frame 221 (t = 1.10500):	 total squared error = 0.000784128, marker error: RMS = 0.00642417, max = 0.0106418 (RTHOL)
[2025-11-02 20:09:14.167] [info] Frame 222 (t = 1.11):	 total squared error = 0.000766684, marker error: RMS = 0.00635231, max = 0.0101694 (RTH2)
[2025-11-02 20:09:14.196] [info] Frame 223 (t = 1.115):	 total squared error = 0.000794091, marker error: RMS = 0.00646485, max = 0.0104003 (RTHOL)
[2025-11-02 20:09:14.231] [info] Frame 224 (t = 1.12):	 total squared error = 0.000819270, marker error: RMS = 0.00656654, max = 0.0107949 (RTHOL)
[2025-11-02 20:09:14.295] [info] Frame 225 (t = 1.125):	 total squared error = 0.000813411, marker error: RMS = 0.00654302, max = 0.0101574 (RTHOL)
[2025-11-02 20:09:14.335] [info] Frame 226 (t = 1.13):	 total squared error = 0.000851107, marker error: RMS = 0.00669292, max = 0.0107814 (RTHOL)
[2025-11-02 20:09:14.387] [info] Frame 227 (t = 1.135):	 total squared error = 0.000881452, marker error: RMS = 0.00681118, max = 0.0112187 (RTH3)
[2025-11-02 20:09:14.443] [info] Frame 228 (t = 1.14):	 total squared error = 0.000917721, marker error: RMS = 0.00694990, max = 0.0118094 (RTH3)
[2025-11-02 20:09:14.500] [info] Frame 229 (t = 1.145):	 total squared error = 0.000901965, marker error: RMS = 0.00688998, max = 0.0116425 (RTH3)
[2025-11-02 20:09:14.540] [info] Frame 230 (t = 1.15):	 total squared error = 0.000938706, marker error: RMS = 0.00702891, max = 0.0121719 (RTH3)
[2025-11-02 20:09:14.580] [info] Frame 231 (t = 1.155):	 total squared error = 0.000969033, marker error: RMS = 0.00714155, max = 0.0125618 (RTH3)
[2025-11-02 20:09:14.635] [info] Frame 232 (t = 1.16):	 total squared error = 0.000992415, marker error: RMS = 0.00722720, max = 0.0128352 (RTH3)
[2025-11-02 20:09:14.680] [info] Frame 233 (t = 1.165):	 total squared error = 0.00100239, marker error: RMS = 0.00726341, max = 0.0129109 (RTH3)
[2025-11-02 20:09:14.698] [info] Frame 234 (t = 1.17):	 total squared error = 0.00101988, marker error: RMS = 0.00732654, max = 0.0131121 (RTH3)
[2025-11-02 20:09:14.716] [info] Frame 235 (t = 1.175):	 total squared error = 0.00102733, marker error: RMS = 0.00735323, max = 0.0131595 (RTH3)
[2025-11-02 20:09:14.768] [info] Frame 236 (t = 1.18):	 total squared error = 0.00100801, marker error: RMS = 0.00728377, max = 0.0129020 (RTH3)
[2025-11-02 20:09:14.862] [info] Frame 237 (t = 1.185):	 total squared error = 0.000997305, marker error: RMS = 0.00724498, max = 0.0128013 (RTH3)
[2025-11-02 20:09:14.916] [info] Frame 238 (t = 1.19):	 total squared error = 0.00100008, marker error: RMS = 0.00725505, max = 0.0128383 (RTH3)
[2025-11-02 20:09:14.948] [info] InverseKinematicsTool completed 238 frames in 12 second(s).
[2025-11-02 20:09:15.767] [info] Loaded model Athlete_03 from file C:\Git\1_current_projects\powerlifing_model\models\Athlete_03\25_03_31\scaled_increasedForce3.osim
[2025-11-02 21:35:18.279] [info] Loaded model Athlete_03 from file C:\Git\1_current_projects\powerlifing_model\models\Athlete_03\25_03_31\scaled_increasedForce3.osim
[2025-11-02 21:35:18.524] [info] Storage: read data file = C:\Git\1_current_projects\powerlifing_model\simulations\Athlete_03\25_03_31\Squat_bar_01\joint_angles.mot (nr=481 nc=40)
[2025-11-02 21:35:18.674] [info] AbstractTool  loading model ..\..\..\..\models\Athlete_03\25_03_31\scaled_increasedForce3.osim
[2025-11-02 21:35:18.789] [info] Loaded model Athlete_03 from file ..\..\..\..\models\Athlete_03\25_03_31\scaled_increasedForce3.osim
[2025-11-02 21:35:19.414] [info] Storage: read data file = grf.mot (nr=4820 nc=46)
[2025-11-02 21:35:19.586] [info] ExternalForce::grf_r_4 Data source being set to grf
[2025-11-02 21:35:19.586] [info] ExternalForce::grf_l_5 Data source being set to grf
[2025-11-02 21:35:19.616] [info] Loading coordinates from file 'joint_angles.mot'.
[2025-11-02 21:35:19.616] [info] Storage: read data file = joint_angles.mot (nr=481 nc=40)
[2025-11-02 21:35:19.628] [info] Low-pass filtering coordinates data with a cutoff frequency of 6.0...
[2025-11-02 21:35:20.293] [info] AssemblySolver::track() attempt Failed: SimTK Exception thrown at Assembler.cpp:973:
  Method Assembler::track() failed because:
Unable to achieve required assembly error tolerance.
Assembly error tolerance achieved: 9.9528343221109199e-09 required: 1e-10.
[2025-11-02 21:35:20.323] [error] Model unable to assemble: AssemblySolver::assemble() Failed: SimTK Exception thrown at Assembler.cpp:897:
  Method Assembler::assemble() failed because:
Unable to achieve required assembly error tolerance.
Assembly error tolerance achieved: 9.9528343221109662e-09 required: 1e-10..Model relaxing constraints and trying again.
[2025-11-02 21:35:21.277] [info] Found 961 state vectors with time stamps ranging from -1.195 to 3.60500.
[2025-11-02 21:35:21.278] [info] Executing the analyses from 0.00500000 to 2.40500...
[2025-11-02 21:35:21.299] [warning] MuscleAnalysis: coordinate mtp_angle_r is locked and can't be varied.
[2025-11-02 21:35:21.299] [warning] MuscleAnalysis: coordinate mtp_angle_l is locked and can't be varied.
[2025-11-02 21:35:21.299] [warning] MuscleAnalysis: coordinate wrist_flex_r is locked and can't be varied.
[2025-11-02 21:35:21.299] [warning] MuscleAnalysis: coordinate wrist_dev_r is locked and can't be varied.
[2025-11-02 21:35:21.299] [warning] MuscleAnalysis: coordinate wrist_flex_l is locked and can't be varied.
[2025-11-02 21:35:21.299] [warning] MuscleAnalysis: coordinate wrist_dev_l is locked and can't be varied.
[2025-11-02 22:40:14.012] [info] Loaded model Athlete_03 from file C:\Git\1_current_projects\powerlifing_model\models\Athlete_03\25_03_31\scaled_increasedForce3.osim
[2025-11-02 22:40:14.211] [info] Storage: read data file = C:\Git\1_current_projects\powerlifing_model\simulations\Athlete_03\25_03_31\Squat_bar_01\joint_angles.mot (nr=481 nc=40)
[2025-11-02 22:40:14.314] [info] AbstractTool  loading model ..\..\..\..\models\Athlete_03\25_03_31\scaled_increasedForce3.osim
[2025-11-02 22:40:14.420] [info] Loaded model Athlete_03 from file ..\..\..\..\models\Athlete_03\25_03_31\scaled_increasedForce3.osim
[2025-11-02 22:40:14.805] [info] Storage: read data file = grf.mot (nr=4820 nc=46)
[2025-11-02 22:40:14.958] [info] ExternalForce::grf_r_4 Data source being set to grf
[2025-11-02 22:40:14.958] [info] ExternalForce::grf_l_5 Data source being set to grf
[2025-11-02 22:40:14.989] [info] Loading coordinates from file 'joint_angles.mot'.
[2025-11-02 22:40:14.989] [info] Storage: read data file = joint_angles.mot (nr=481 nc=40)
[2025-11-02 22:40:15.007] [info] Low-pass filtering coordinates data with a cutoff frequency of 6.0...
[2025-11-02 22:40:15.598] [info] AssemblySolver::track() attempt Failed: SimTK Exception thrown at Assembler.cpp:973:
  Method Assembler::track() failed because:
Unable to achieve required assembly error tolerance.
Assembly error tolerance achieved: 9.9528343221109199e-09 required: 1e-10.
[2025-11-02 22:40:15.608] [error] Model unable to assemble: AssemblySolver::assemble() Failed: SimTK Exception thrown at Assembler.cpp:897:
  Method Assembler::assemble() failed because:
Unable to achieve required assembly error tolerance.
Assembly error tolerance achieved: 9.9528343221109662e-09 required: 1e-10..Model relaxing constraints and trying again.
[2025-11-02 22:40:17.073] [info] Found 961 state vectors with time stamps ranging from -1.195 to 3.60500.
[2025-11-02 22:40:17.073] [info] Executing the analyses from 0.00500000 to 2.40500...
[2025-11-02 22:40:17.092] [warning] MuscleAnalysis: coordinate mtp_angle_r is locked and can't be varied.
[2025-11-02 22:40:17.093] [warning] MuscleAnalysis: coordinate mtp_angle_l is locked and can't be varied.
[2025-11-02 22:40:17.093] [warning] MuscleAnalysis: coordinate wrist_flex_r is locked and can't be varied.
[2025-11-02 22:40:17.093] [warning] MuscleAnalysis: coordinate wrist_dev_r is locked and can't be varied.
[2025-11-02 22:40:17.093] [warning] MuscleAnalysis: coordinate wrist_flex_l is locked and can't be varied.
[2025-11-02 22:40:17.093] [warning] MuscleAnalysis: coordinate wrist_dev_l is locked and can't be varied.
[2025-11-02 22:54:34.573] [info] Loaded model Athlete_03 from file C:\Git\1_current_projects\powerlifing_model\models\Athlete_03\25_03_31\scaled_increasedForce3.osim
[2025-11-02 22:54:34.807] [info] Storage: read data file = C:\Git\1_current_projects\powerlifing_model\simulations\Athlete_03\25_03_31\Squat_bar_01\joint_angles.mot (nr=481 nc=40)
[2025-11-02 22:54:34.917] [error] InverseDynamicsTool Failed: Object: Cannot open file ..\..\..\..\models\Athlete_03\25_03_31\scaled_increasedForce3.osim. It may not exist or you do not have permission to read it.
	Thrown at Object.cpp:105 in Object().
[2025-11-02 22:54:35.056] [info] Loaded model Athlete_03 from file C:\Git\1_current_projects\powerlifing_model\models\Athlete_03\25_03_31\scaled_increasedForce3.osim
[2025-11-02 22:54:35.251] [info] Storage: read data file = C:\Git\1_current_projects\powerlifing_model\simulations\Athlete_03\25_03_31\Squat_bw_01\joint_angles.mot (nr=367 nc=40)
[2025-11-02 22:54:35.498] [info] Loaded model Athlete_03 from file C:\Git\1_current_projects\powerlifing_model\models\Athlete_03\25_03_31\scaled_increasedForce3.osim
[2025-11-02 22:54:35.701] [info] Storage: read data file = C:\Git\1_current_projects\powerlifing_model\simulations\Athlete_03\25_03_31\Walking_01\joint_angles.mot (nr=238 nc=40)
[2025-11-02 22:54:35.770] [error] InverseDynamicsTool Failed: Object: Cannot open file ..\..\..\..\models\Athlete_03\25_03_31\scaled_increasedForce3.osim. It may not exist or you do not have permission to read it.
	Thrown at Object.cpp:105 in Object().
[2025-11-02 23:03:34.670] [info] Loaded model Athlete_03 from file C:\Git\1_current_projects\powerlifing_model\models\Athlete_03\25_03_31\scaled_increasedForce3.osim
[2025-11-02 23:03:34.865] [info] Storage: read data file = C:\Git\1_current_projects\powerlifing_model\simulations\Athlete_03\25_03_31\Squat_bar_01\joint_angles.mot (nr=481 nc=40)
[2025-11-02 23:03:35.029] [info] Loaded model Athlete_03 from file ..\..\..\..\models\Athlete_03\25_03_31\scaled_increasedForce3.osim
[2025-11-02 23:03:35.178] [cout] [info] 
               MODEL: Athlete_03
         coordinates: 39
              forces: 97
           actuators: 97
             muscles: 80
            analyses: 0
              probes: 0
              bodies: 22
              joints: 22
         constraints: 2
             markers: 45
         controllers: 0
  contact geometries: 0
misc modelcomponents: 0
[2025-11-02 23:03:35.178] [info] Running tool ...
[2025-11-02 23:03:35.342] [info] Storage: read data file = grf.mot (nr=4820 nc=46)
[2025-11-02 23:03:35.542] [info] ExternalForce::grf_r_4 Data source being set to grf
[2025-11-02 23:03:35.542] [info] ExternalForce::grf_l_5 Data source being set to grf
[2025-11-02 23:03:35.582] [info] Storage: read data file = joint_angles.mot (nr=481 nc=40)
[2025-11-02 23:03:35.605] [info] Low-pass filtering coordinates data with a cutoff frequency of 6.0...
[2025-11-02 23:03:36.957] [info] InverseDynamicsTool: 481 time frames in 928 millisecond(s).
[2025-11-02 23:03:36.958] [error] IO.OpenFile(const string&,const string&): failed to open C:\Git\1_current_projects\powerlifing_model\simulations\Athlete_03\25_03_31\Squat_bar_01/inverse_dynamics.sto.
[2025-11-02 23:03:37.137] [info] Loaded model Athlete_03 from file C:\Git\1_current_projects\powerlifing_model\models\Athlete_03\25_03_31\scaled_increasedForce3.osim
[2025-11-02 23:03:37.285] [info] Storage: read data file = C:\Git\1_current_projects\powerlifing_model\simulations\Athlete_03\25_03_31\Squat_bw_01\joint_angles.mot (nr=367 nc=40)
[2025-11-02 23:03:37.466] [info] Loaded model Athlete_03 from file ..\..\..\..\models\Athlete_03\25_03_31\scaled_increasedForce3.osim
[2025-11-02 23:03:37.711] [cout] [info] 
               MODEL: Athlete_03
         coordinates: 39
              forces: 97
           actuators: 97
             muscles: 80
            analyses: 0
              probes: 0
              bodies: 22
              joints: 22
         constraints: 2
             markers: 45
         controllers: 0
  contact geometries: 0
misc modelcomponents: 0
[2025-11-02 23:03:37.712] [info] Running tool ...
[2025-11-02 23:03:37.927] [info] Storage: read data file = grf.mot (nr=7080 nc=46)
[2025-11-02 23:03:38.281] [info] ExternalForce::grf_r_4 Data source being set to grf
[2025-11-02 23:03:38.281] [info] ExternalForce::grf_l_5 Data source being set to grf
[2025-11-02 23:03:38.334] [info] Storage: read data file = joint_angles.mot (nr=367 nc=40)
[2025-11-02 23:03:38.357] [info] Low-pass filtering coordinates data with a cutoff frequency of 6.0...
[2025-11-02 23:03:40.500] [info] InverseDynamicsTool: 367 time frames in 1 second(s).
[2025-11-02 23:03:40.646] [info] Loaded model Athlete_03 from file C:\Git\1_current_projects\powerlifing_model\models\Athlete_03\25_03_31\scaled_increasedForce3.osim
[2025-11-02 23:03:40.813] [info] Storage: read data file = C:\Git\1_current_projects\powerlifing_model\simulations\Athlete_03\25_03_31\Walking_01\joint_angles.mot (nr=238 nc=40)
[2025-11-02 23:03:40.968] [info] Loaded model Athlete_03 from file ..\..\..\..\models\Athlete_03\25_03_31\scaled_increasedForce3.osim
[2025-11-02 23:03:41.075] [cout] [info] 
               MODEL: Athlete_03
         coordinates: 39
              forces: 97
           actuators: 97
             muscles: 80
            analyses: 0
              probes: 0
              bodies: 22
              joints: 22
         constraints: 2
             markers: 45
         controllers: 0
  contact geometries: 0
misc modelcomponents: 0
[2025-11-02 23:03:41.076] [info] Running tool ...
[2025-11-02 23:03:41.312] [info] Storage: read data file = grf.mot (nr=2390 nc=46)
[2025-11-02 23:03:41.374] [info] ExternalForce::grf_r_2 Data source being set to grf
[2025-11-02 23:03:41.392] [info] Storage: read data file = joint_angles.mot (nr=238 nc=40)
[2025-11-02 23:03:41.399] [info] Low-pass filtering coordinates data with a cutoff frequency of 6.0...
[2025-11-02 23:03:41.960] [info] InverseDynamicsTool: 238 time frames in 330 millisecond(s).
[2025-11-02 23:03:41.963] [error] IO.OpenFile(const string&,const string&): failed to open C:\Git\1_current_projects\powerlifing_model\simulations\Athlete_03\25_03_31\Walking_01/inverse_dynamics.sto.
[2025-11-02 23:04:39.061] [info] Loaded model Athlete_03 from file C:\Git\1_current_projects\powerlifing_model\models\Athlete_03\25_03_31\scaled_increasedForce3.osim
[2025-11-02 23:04:39.169] [info] Storage: read data file = C:\Git\1_current_projects\powerlifing_model\simulations\Athlete_03\25_03_31\Squat_bar_01\joint_angles.mot (nr=481 nc=40)
[2025-11-02 23:04:39.345] [info] Loaded model Athlete_03 from file ..\..\..\..\models\Athlete_03\25_03_31\scaled_increasedForce3.osim
[2025-11-02 23:04:39.510] [cout] [info] 
               MODEL: Athlete_03
         coordinates: 39
              forces: 97
           actuators: 97
             muscles: 80
            analyses: 0
              probes: 0
              bodies: 22
              joints: 22
         constraints: 2
             markers: 45
         controllers: 0
  contact geometries: 0
misc modelcomponents: 0
[2025-11-02 23:04:39.511] [info] Running tool ...
[2025-11-02 23:04:39.671] [info] Storage: read data file = grf.mot (nr=4820 nc=46)
[2025-11-02 23:04:39.855] [info] ExternalForce::grf_r_4 Data source being set to grf
[2025-11-02 23:04:39.855] [info] ExternalForce::grf_l_5 Data source being set to grf
[2025-11-02 23:04:39.896] [info] Storage: read data file = joint_angles.mot (nr=481 nc=40)
[2025-11-02 23:04:39.932] [info] Low-pass filtering coordinates data with a cutoff frequency of 6.0...
[2025-11-02 23:04:41.433] [info] InverseDynamicsTool: 481 time frames in 1 second(s).
[2025-11-02 23:04:41.434] [error] IO.OpenFile(const string&,const string&): failed to open ./inverse_dynamics.sto.
[2025-11-02 23:04:41.585] [info] Loaded model Athlete_03 from file C:\Git\1_current_projects\powerlifing_model\models\Athlete_03\25_03_31\scaled_increasedForce3.osim
[2025-11-02 23:04:41.743] [info] Storage: read data file = C:\Git\1_current_projects\powerlifing_model\simulations\Athlete_03\25_03_31\Squat_bw_01\joint_angles.mot (nr=367 nc=40)
[2025-11-02 23:04:41.874] [info] Loaded model Athlete_03 from file ..\..\..\..\models\Athlete_03\25_03_31\scaled_increasedForce3.osim
[2025-11-02 23:04:41.997] [cout] [info] 
               MODEL: Athlete_03
         coordinates: 39
              forces: 97
           actuators: 97
             muscles: 80
            analyses: 0
              probes: 0
              bodies: 22
              joints: 22
         constraints: 2
             markers: 45
         controllers: 0
  contact geometries: 0
misc modelcomponents: 0
[2025-11-02 23:04:41.998] [info] Running tool ...
[2025-11-02 23:04:42.163] [info] Storage: read data file = grf.mot (nr=7080 nc=46)
[2025-11-02 23:04:42.403] [info] ExternalForce::grf_r_4 Data source being set to grf
[2025-11-02 23:04:42.404] [info] ExternalForce::grf_l_5 Data source being set to grf
[2025-11-02 23:04:42.435] [info] Storage: read data file = joint_angles.mot (nr=367 nc=40)
[2025-11-02 23:04:42.451] [info] Low-pass filtering coordinates data with a cutoff frequency of 6.0...
[2025-11-02 23:04:46.337] [info] InverseDynamicsTool: 367 time frames in 2 second(s).
[2025-11-02 23:04:46.735] [info] Loaded model Athlete_03 from file C:\Git\1_current_projects\powerlifing_model\models\Athlete_03\25_03_31\scaled_increasedForce3.osim
[2025-11-02 23:04:47.068] [info] Storage: read data file = C:\Git\1_current_projects\powerlifing_model\simulations\Athlete_03\25_03_31\Walking_01\joint_angles.mot (nr=238 nc=40)
[2025-11-02 23:04:47.278] [info] Loaded model Athlete_03 from file ..\..\..\..\models\Athlete_03\25_03_31\scaled_increasedForce3.osim
[2025-11-02 23:04:47.623] [cout] [info] 
               MODEL: Athlete_03
         coordinates: 39
              forces: 97
           actuators: 97
             muscles: 80
            analyses: 0
              probes: 0
              bodies: 22
              joints: 22
         constraints: 2
             markers: 45
         controllers: 0
  contact geometries: 0
misc modelcomponents: 0
[2025-11-02 23:04:47.623] [info] Running tool ...
[2025-11-02 23:04:47.905] [info] Storage: read data file = grf.mot (nr=2390 nc=46)
[2025-11-02 23:04:48.073] [info] ExternalForce::grf_r_2 Data source being set to grf
[2025-11-02 23:04:48.124] [info] Storage: read data file = joint_angles.mot (nr=238 nc=40)
[2025-11-02 23:04:48.144] [info] Low-pass filtering coordinates data with a cutoff frequency of 6.0...
[2025-11-02 23:04:49.391] [info] InverseDynamicsTool: 238 time frames in 860 millisecond(s).
[2025-11-02 23:04:49.393] [error] IO.OpenFile(const string&,const string&): failed to open ./inverse_dynamics.sto.
[2025-11-02 23:05:08.132] [info] Loaded model Athlete_03 from file C:\Git\1_current_projects\powerlifing_model\models\Athlete_03\25_03_31\scaled_increasedForce3.osim
[2025-11-02 23:05:08.286] [info] Storage: read data file = C:\Git\1_current_projects\powerlifing_model\simulations\Athlete_03\25_03_31\Squat_bar_01\joint_angles.mot (nr=481 nc=40)
[2025-11-02 23:05:08.385] [info] AbstractTool  loading model ..\..\..\..\models\Athlete_03\25_03_31\scaled_increasedForce3.osim
[2025-11-02 23:05:08.496] [info] Loaded model Athlete_03 from file ..\..\..\..\models\Athlete_03\25_03_31\scaled_increasedForce3.osim
[2025-11-02 23:05:08.924] [info] Storage: read data file = grf.mot (nr=4820 nc=46)
[2025-11-02 23:05:09.109] [info] ExternalForce::grf_r_4 Data source being set to grf
[2025-11-02 23:05:09.110] [info] ExternalForce::grf_l_5 Data source being set to grf
[2025-11-02 23:05:09.141] [info] Loading coordinates from file 'joint_angles.mot'.
[2025-11-02 23:05:09.141] [info] Storage: read data file = joint_angles.mot (nr=481 nc=40)
[2025-11-02 23:05:09.155] [info] Low-pass filtering coordinates data with a cutoff frequency of 6.0...
[2025-11-02 23:05:09.839] [info] AssemblySolver::track() attempt Failed: SimTK Exception thrown at Assembler.cpp:973:
  Method Assembler::track() failed because:
Unable to achieve required assembly error tolerance.
Assembly error tolerance achieved: 9.9528343221109199e-09 required: 1e-10.
[2025-11-02 23:05:09.860] [error] Model unable to assemble: AssemblySolver::assemble() Failed: SimTK Exception thrown at Assembler.cpp:897:
  Method Assembler::assemble() failed because:
Unable to achieve required assembly error tolerance.
Assembly error tolerance achieved: 9.9528343221109662e-09 required: 1e-10..Model relaxing constraints and trying again.
[2025-11-02 23:05:10.920] [info] Found 961 state vectors with time stamps ranging from -1.195 to 3.60500.
[2025-11-02 23:05:10.920] [info] Executing the analyses from 0.00500000 to 2.40500...
[2025-11-02 23:05:10.946] [warning] MuscleAnalysis: coordinate mtp_angle_r is locked and can't be varied.
[2025-11-02 23:05:10.946] [warning] MuscleAnalysis: coordinate mtp_angle_l is locked and can't be varied.
[2025-11-02 23:05:10.947] [warning] MuscleAnalysis: coordinate wrist_flex_r is locked and can't be varied.
[2025-11-02 23:05:10.947] [warning] MuscleAnalysis: coordinate wrist_dev_r is locked and can't be varied.
[2025-11-02 23:05:10.947] [warning] MuscleAnalysis: coordinate wrist_flex_l is locked and can't be varied.
[2025-11-02 23:05:10.947] [warning] MuscleAnalysis: coordinate wrist_dev_l is locked and can't be varied.
[2025-11-02 23:08:45.742] [info] Printing results of investigation  to muscleAnalysis
[2025-11-02 23:08:50.039] [info] Loaded model Athlete_03 from file C:\Git\1_current_projects\powerlifing_model\models\Athlete_03\25_03_31\scaled_increasedForce3.osim
[2025-11-02 23:08:50.216] [info] Storage: read data file = C:\Git\1_current_projects\powerlifing_model\simulations\Athlete_03\25_03_31\Squat_bw_01\joint_angles.mot (nr=367 nc=40)
[2025-11-02 23:08:50.307] [info] AbstractTool  loading model ..\..\..\..\models\Athlete_03\25_03_31\scaled_increasedForce3.osim
[2025-11-02 23:08:50.405] [info] Loaded model Athlete_03 from file ..\..\..\..\models\Athlete_03\25_03_31\scaled_increasedForce3.osim
[2025-11-02 23:08:50.882] [info] Storage: read data file = grf.mot (nr=7080 nc=46)
[2025-11-02 23:08:51.154] [info] ExternalForce::grf_r_4 Data source being set to grf
[2025-11-02 23:08:51.154] [info] ExternalForce::grf_l_5 Data source being set to grf
[2025-11-02 23:08:51.186] [info] Loading coordinates from file 'joint_angles.mot'.
[2025-11-02 23:08:51.186] [info] Storage: read data file = joint_angles.mot (nr=367 nc=40)
[2025-11-02 23:08:51.195] [info] Low-pass filtering coordinates data with a cutoff frequency of 6.0...
[2025-11-02 23:08:59.411] [info] AssemblySolver::track() attempt Failed: SimTK Exception thrown at Assembler.cpp:973:
  Method Assembler::track() failed because:
Unable to achieve required assembly error tolerance.
Assembly error tolerance achieved: 3.1241825513419428e-09 required: 1e-10.
[2025-11-02 23:08:59.421] [error] Model unable to assemble: AssemblySolver::assemble() Failed: SimTK Exception thrown at Assembler.cpp:897:
  Method Assembler::assemble() failed because:
Unable to achieve required assembly error tolerance.
Assembly error tolerance achieved: 3.1241825759244457e-09 required: 1e-10..Model relaxing constraints and trying again.
[2025-11-02 23:08:59.522] [info] Found 733 state vectors with time stamps ranging from 0.79 to 4.45.
[2025-11-02 23:08:59.522] [info] Executing the analyses from 1.70500 to 3.535...
[2025-11-02 23:08:59.539] [warning] MuscleAnalysis: coordinate mtp_angle_r is locked and can't be varied.
[2025-11-02 23:08:59.539] [warning] MuscleAnalysis: coordinate mtp_angle_l is locked and can't be varied.
[2025-11-02 23:08:59.539] [warning] MuscleAnalysis: coordinate wrist_flex_r is locked and can't be varied.
[2025-11-02 23:08:59.540] [warning] MuscleAnalysis: coordinate wrist_dev_r is locked and can't be varied.
[2025-11-02 23:08:59.540] [warning] MuscleAnalysis: coordinate wrist_flex_l is locked and can't be varied.
[2025-11-02 23:08:59.540] [warning] MuscleAnalysis: coordinate wrist_dev_l is locked and can't be varied.
[2025-11-02 23:12:08.232] [info] Printing results of investigation  to muscleAnalysis
[2025-11-02 23:12:11.107] [info] Loaded model Athlete_03 from file C:\Git\1_current_projects\powerlifing_model\models\Athlete_03\25_03_31\scaled_increasedForce3.osim
[2025-11-02 23:12:11.357] [info] Storage: read data file = C:\Git\1_current_projects\powerlifing_model\simulations\Athlete_03\25_03_31\Walking_01\joint_angles.mot (nr=238 nc=40)
[2025-11-02 23:12:11.443] [info] AbstractTool  loading model ..\..\..\..\models\Athlete_03\25_03_31\scaled_increasedForce3.osim
[2025-11-02 23:12:11.522] [info] Loaded model Athlete_03 from file ..\..\..\..\models\Athlete_03\25_03_31\scaled_increasedForce3.osim
[2025-11-02 23:12:11.842] [info] Storage: read data file = grf.mot (nr=2390 nc=46)
[2025-11-02 23:12:11.929] [info] ExternalForce::grf_r_2 Data source being set to grf
[2025-11-02 23:12:11.971] [info] Loading coordinates from file 'joint_angles.mot'.
[2025-11-02 23:12:11.972] [info] Storage: read data file = joint_angles.mot (nr=238 nc=40)
[2025-11-02 23:12:11.981] [info] Low-pass filtering coordinates data with a cutoff frequency of 6.0...
[2025-11-02 23:12:12.691] [info] AssemblySolver::track() attempt Failed: SimTK Exception thrown at Assembler.cpp:973:
  Method Assembler::track() failed because:
Unable to achieve required assembly error tolerance.
Assembly error tolerance achieved: 7.4214204485614344e-09 required: 1e-10.
[2025-11-02 23:12:12.711] [error] Model unable to assemble: AssemblySolver::assemble() Failed: SimTK Exception thrown at Assembler.cpp:897:
  Method Assembler::assemble() failed because:
Unable to achieve required assembly error tolerance.
Assembly error tolerance achieved: 7.4214204510548488e-09 required: 1e-10..Model relaxing constraints and trying again.
[2025-11-02 23:12:13.718] [info] Found 476 state vectors with time stamps ranging from -0.59 to 1.785.
[2025-11-02 23:12:13.719] [info] Executing the analyses from 0.00500000 to 1.19...
[2025-11-02 23:12:13.757] [warning] MuscleAnalysis: coordinate mtp_angle_r is locked and can't be varied.
[2025-11-02 23:12:13.758] [warning] MuscleAnalysis: coordinate mtp_angle_l is locked and can't be varied.
[2025-11-02 23:12:13.758] [warning] MuscleAnalysis: coordinate wrist_flex_r is locked and can't be varied.
[2025-11-02 23:12:13.758] [warning] MuscleAnalysis: coordinate wrist_dev_r is locked and can't be varied.
[2025-11-02 23:12:13.758] [warning] MuscleAnalysis: coordinate wrist_flex_l is locked and can't be varied.
[2025-11-02 23:12:13.759] [warning] MuscleAnalysis: coordinate wrist_dev_l is locked and can't be varied.
[2025-11-02 23:14:17.944] [info] Printing results of investigation  to muscleAnalysis
[2025-11-02 23:23:34.149] [info] Storage: read data file = C:\Git\1_current_projects\powerlifing_model\simulations\Athlete_03\25_03_31\Squat_bar_01\joint_angles.mot (nr=481 nc=40)
[2025-11-02 23:23:34.238] [info] Loaded model Athlete_03 from file C:\Git\1_current_projects\powerlifing_model\models\Athlete_03\25_03_31\scaled_increasedForce3.osim
[2025-11-02 23:24:40.080] [info] Storage: read data file = C:\Git\1_current_projects\powerlifing_model\simulations\Athlete_03\25_03_31\Squat_bar_01\joint_angles.mot (nr=481 nc=40)
[2025-11-02 23:24:40.266] [info] Loaded model Athlete_03 from file C:\Git\1_current_projects\powerlifing_model\models\Athlete_03\25_03_31\scaled_increasedForce3.osim
[2025-11-02 23:25:50.190] [info] Loaded model Athlete_03 from file C:\Git\1_current_projects\powerlifing_model\models\Athlete_03\25_03_31\scaled_increasedForce3.osim
[2025-11-02 23:25:50.383] [info] Storage: read data file = C:\Git\1_current_projects\powerlifing_model\simulations\Athlete_03\25_03_31\Squat_bar_01\joint_angles.mot (nr=481 nc=40)
[2025-11-02 23:25:50.472] [info] AbstractTool SO loading model ..\..\..\..\models\Athlete_03\25_03_31\scaled_increasedForce3.osim
[2025-11-02 23:25:50.541] [info] Loaded model Athlete_03 from file ..\..\..\..\models\Athlete_03\25_03_31\scaled_increasedForce3.osim
[2025-11-02 23:25:50.647] [info] Adding force object set from actuators_so.xml
[2025-11-02 23:25:50.728] [info] Loaded model Athlete_03 from file C:\Git\1_current_projects\powerlifing_model\models\Athlete_03\25_03_31\scaled_increasedForce3.osim
[2025-11-02 23:25:50.828] [info] Storage: read data file = C:\Git\1_current_projects\powerlifing_model\simulations\Athlete_03\25_03_31\Squat_bar_01\joint_angles.mot (nr=481 nc=40)
[2025-11-02 23:26:42.871] [info] Loaded model Athlete_03 from file C:\Git\1_current_projects\powerlifing_model\models\Athlete_03\25_03_31\scaled_increasedForce3.osim
[2025-11-02 23:26:43.008] [info] Storage: read data file = C:\Git\1_current_projects\powerlifing_model\simulations\Athlete_03\25_03_31\Squat_bar_01\joint_angles.mot (nr=481 nc=40)
[2025-11-02 23:26:43.039] [info] AbstractTool SO loading model ..\..\..\..\models\Athlete_03\25_03_31\scaled_increasedForce3.osim
[2025-11-02 23:26:43.105] [info] Loaded model Athlete_03 from file ..\..\..\..\models\Athlete_03\25_03_31\scaled_increasedForce3.osim
[2025-11-02 23:26:43.233] [info] Adding force object set from actuators_so.xml
[2025-11-02 23:26:43.352] [info] Loaded model Athlete_03 from file C:\Git\1_current_projects\powerlifing_model\models\Athlete_03\25_03_31\scaled_increasedForce3.osim
[2025-11-02 23:26:43.511] [info] Storage: read data file = C:\Git\1_current_projects\powerlifing_model\simulations\Athlete_03\25_03_31\Squat_bar_01\joint_angles.mot (nr=481 nc=40)
[2025-11-02 23:27:56.192] [info] Loaded model Athlete_03 from file C:\Git\1_current_projects\powerlifing_model\models\Athlete_03\25_03_31\scaled_increasedForce3.osim
[2025-11-02 23:27:56.341] [info] Storage: read data file = C:\Git\1_current_projects\powerlifing_model\simulations\Athlete_03\25_03_31\Squat_bar_01\joint_angles.mot (nr=481 nc=40)
[2025-11-02 23:27:56.363] [info] AbstractTool SO loading model ..\..\..\..\models\Athlete_03\25_03_31\scaled_increasedForce3.osim
[2025-11-02 23:27:56.419] [info] Loaded model Athlete_03 from file ..\..\..\..\models\Athlete_03\25_03_31\scaled_increasedForce3.osim
[2025-11-02 23:27:56.552] [info] Adding force object set from actuators_so.xml
[2025-11-02 23:27:56.651] [info] Loaded model Athlete_03 from file C:\Git\1_current_projects\powerlifing_model\models\Athlete_03\25_03_31\scaled_increasedForce3.osim
[2025-11-02 23:27:56.730] [info] Storage: read data file = C:\Git\1_current_projects\powerlifing_model\simulations\Athlete_03\25_03_31\Squat_bar_01\joint_angles.mot (nr=481 nc=40)
[2025-11-02 23:27:59.372] [info] Loaded model Athlete_03 from file C:\Git\1_current_projects\powerlifing_model\models\Athlete_03\25_03_31\scaled_increasedForce3.osim
[2025-11-02 23:27:59.499] [info] Storage: read data file = C:\Git\1_current_projects\powerlifing_model\simulations\Athlete_03\25_03_31\Squat_bw_01\joint_angles.mot (nr=367 nc=40)
[2025-11-02 23:27:59.568] [info] AbstractTool SO loading model ..\..\..\..\models\Athlete_03\25_03_31\scaled_increasedForce3.osim
[2025-11-02 23:27:59.654] [info] Loaded model Athlete_03 from file ..\..\..\..\models\Athlete_03\25_03_31\scaled_increasedForce3.osim
[2025-11-02 23:27:59.848] [info] Adding force object set from actuators_so.xml
[2025-11-02 23:28:00.074] [info] Storage: read data file = grf.mot (nr=7080 nc=46)
[2025-11-02 23:28:00.290] [info] ExternalForce::grf_r_4 Data source being set to grf
[2025-11-02 23:28:00.291] [info] ExternalForce::grf_l_5 Data source being set to grf
[2025-11-02 23:28:00.318] [info] Loading coordinates from file 'joint_angles.mot'.
[2025-11-02 23:28:00.319] [info] Storage: read data file = joint_angles.mot (nr=367 nc=40)
[2025-11-02 23:28:00.342] [info] Low-pass filtering coordinates data with a cutoff frequency of 6.0...
[2025-11-02 23:28:07.854] [info] AssemblySolver::track() attempt Failed: SimTK Exception thrown at Assembler.cpp:973:
  Method Assembler::track() failed because:
Unable to achieve required assembly error tolerance.
Assembly error tolerance achieved: 3.1241825513419428e-09 required: 1e-10.
[2025-11-02 23:28:07.870] [error] Model unable to assemble: AssemblySolver::assemble() Failed: SimTK Exception thrown at Assembler.cpp:897:
  Method Assembler::assemble() failed because:
Unable to achieve required assembly error tolerance.
Assembly error tolerance achieved: 3.1241825759244457e-09 required: 1e-10..Model relaxing constraints and trying again.
[2025-11-02 23:28:08.012] [info] Found 733 state vectors with time stamps ranging from 0.79 to 4.45.
[2025-11-02 23:28:08.013] [info] Executing the analyses from 1.70500 to 3.535...
[2025-11-02 23:28:08.176] [info] Storage: read data file = grf.mot (nr=7080 nc=46)
[2025-11-02 23:28:08.404] [info] ExternalForce::grf_r_4 Data source being set to grf
[2025-11-02 23:28:08.404] [info] ExternalForce::grf_l_5 Data source being set to grf
[2025-11-02 23:28:08.499] [info] Storage: read data file = grf.mot (nr=7080 nc=46)
[2025-11-02 23:28:08.750] [info] ExternalForce::grf_r_4 Data source being set to grf
[2025-11-02 23:28:08.750] [info] ExternalForce::grf_l_5 Data source being set to grf
[2025-11-02 23:28:11.115] [cout] [info] time = 1.70500 Performance = 15.6672 Constraint violation = 2.10002e-12
[2025-11-02 23:28:11.120] [info] Bounds for 'addbrev_r': 0.01 to 1.0.
[2025-11-02 23:28:11.120] [info] Bounds for 'addlong_r': 0.01 to 1.0.
[2025-11-02 23:28:11.121] [info] Bounds for 'addmagDist_r': 0.01 to 1.0.
[2025-11-02 23:28:11.121] [info] Bounds for 'addmagIsch_r': 0.01 to 1.0.
[2025-11-02 23:28:11.121] [info] Bounds for 'addmagMid_r': 0.01 to 1.0.
[2025-11-02 23:28:11.121] [info] Bounds for 'addmagProx_r': 0.01 to 1.0.
[2025-11-02 23:28:11.121] [info] Bounds for 'bflh_r': 0.01 to 1.0.
[2025-11-02 23:28:11.122] [info] Bounds for 'bfsh_r': 0.01 to 1.0.
[2025-11-02 23:28:11.123] [info] Bounds for 'edl_r': 0.01 to 1.0.
[2025-11-02 23:28:11.123] [info] Bounds for 'ehl_r': 0.01 to 1.0.
[2025-11-02 23:28:11.123] [info] Bounds for 'fdl_r': 0.01 to 1.0.
[2025-11-02 23:28:11.124] [info] Bounds for 'fhl_r': 0.01 to 1.0.
[2025-11-02 23:28:11.124] [info] Bounds for 'gaslat_r': 0.01 to 1.0.
[2025-11-02 23:28:11.125] [info] Bounds for 'gasmed_r': 0.01 to 1.0.
[2025-11-02 23:28:11.125] [info] Bounds for 'glmax1_r': 0.01 to 1.0.
[2025-11-02 23:28:11.126] [info] Bounds for 'glmax2_r': 0.01 to 1.0.
[2025-11-02 23:28:11.126] [info] Bounds for 'glmax3_r': 0.01 to 1.0.
[2025-11-02 23:28:11.126] [info] Bounds for 'glmed1_r': 0.01 to 1.0.
[2025-11-02 23:28:11.126] [info] Bounds for 'glmed2_r': 0.01 to 1.0.
[2025-11-02 23:28:11.127] [info] Bounds for 'glmed3_r': 0.01 to 1.0.
[2025-11-02 23:28:11.127] [info] Bounds for 'glmin1_r': 0.01 to 1.0.
[2025-11-02 23:28:11.128] [info] Bounds for 'glmin2_r': 0.01 to 1.0.
[2025-11-02 23:28:11.128] [info] Bounds for 'glmin3_r': 0.01 to 1.0.
[2025-11-02 23:28:11.128] [info] Bounds for 'grac_r': 0.01 to 1.0.
[2025-11-02 23:28:11.128] [info] Bounds for 'iliacus_r': 0.01 to 1.0.
[2025-11-02 23:28:11.129] [info] Bounds for 'perbrev_r': 0.01 to 1.0.
[2025-11-02 23:28:11.129] [info] Bounds for 'perlong_r': 0.01 to 1.0.
[2025-11-02 23:28:11.129] [info] Bounds for 'piri_r': 0.01 to 1.0.
[2025-11-02 23:28:11.129] [info] Bounds for 'psoas_r': 0.01 to 1.0.
[2025-11-02 23:28:11.129] [info] Bounds for 'recfem_r': 0.01 to 1.0.
[2025-11-02 23:28:11.130] [info] Bounds for 'sart_r': 0.01 to 1.0.
[2025-11-02 23:28:11.130] [info] Bounds for 'semimem_r': 0.01 to 1.0.
[2025-11-02 23:28:11.130] [info] Bounds for 'semiten_r': 0.01 to 1.0.
[2025-11-02 23:28:11.130] [info] Bounds for 'soleus_r': 0.01 to 1.0.
[2025-11-02 23:28:11.131] [info] Bounds for 'tfl_r': 0.01 to 1.0.
[2025-11-02 23:28:11.133] [info] Bounds for 'tibant_r': 0.01 to 1.0.
[2025-11-02 23:28:11.134] [info] Bounds for 'tibpost_r': 0.01 to 1.0.
[2025-11-02 23:28:11.134] [info] Bounds for 'vasint_r': 0.01 to 1.0.
[2025-11-02 23:28:11.134] [info] Bounds for 'vaslat_r': 0.01 to 1.0.
[2025-11-02 23:28:11.135] [info] Bounds for 'vasmed_r': 0.01 to 1.0.
[2025-11-02 23:28:11.136] [info] Bounds for 'addbrev_l': 0.01 to 1.0.
[2025-11-02 23:28:11.136] [info] Bounds for 'addlong_l': 0.01 to 1.0.
[2025-11-02 23:28:11.136] [info] Bounds for 'addmagDist_l': 0.01 to 1.0.
[2025-11-02 23:28:11.136] [info] Bounds for 'addmagIsch_l': 0.01 to 1.0.
[2025-11-02 23:28:11.136] [info] Bounds for 'addmagMid_l': 0.01 to 1.0.
[2025-11-02 23:28:11.136] [info] Bounds for 'addmagProx_l': 0.01 to 1.0.
[2025-11-02 23:28:11.136] [info] Bounds for 'bflh_l': 0.01 to 1.0.
[2025-11-02 23:28:11.137] [info] Bounds for 'bfsh_l': 0.01 to 1.0.
[2025-11-02 23:28:11.137] [info] Bounds for 'edl_l': 0.01 to 1.0.
[2025-11-02 23:28:11.137] [info] Bounds for 'ehl_l': 0.01 to 1.0.
[2025-11-02 23:28:11.137] [info] Bounds for 'fdl_l': 0.01 to 1.0.
[2025-11-02 23:28:11.137] [info] Bounds for 'fhl_l': 0.01 to 1.0.
[2025-11-02 23:28:11.138] [info] Bounds for 'gaslat_l': 0.01 to 1.0.
[2025-11-02 23:28:11.138] [info] Bounds for 'gasmed_l': 0.01 to 1.0.
[2025-11-02 23:28:11.138] [info] Bounds for 'glmax1_l': 0.01 to 1.0.
[2025-11-02 23:28:11.138] [info] Bounds for 'glmax2_l': 0.01 to 1.0.
[2025-11-02 23:28:11.138] [info] Bounds for 'glmax3_l': 0.01 to 1.0.
[2025-11-02 23:28:11.138] [info] Bounds for 'glmed1_l': 0.01 to 1.0.
[2025-11-02 23:28:11.138] [info] Bounds for 'glmed2_l': 0.01 to 1.0.
[2025-11-02 23:28:11.138] [info] Bounds for 'glmed3_l': 0.01 to 1.0.
[2025-11-02 23:28:11.138] [info] Bounds for 'glmin1_l': 0.01 to 1.0.
[2025-11-02 23:28:11.138] [info] Bounds for 'glmin2_l': 0.01 to 1.0.
[2025-11-02 23:28:11.138] [info] Bounds for 'glmin3_l': 0.01 to 1.0.
[2025-11-02 23:28:11.138] [info] Bounds for 'grac_l': 0.01 to 1.0.
[2025-11-02 23:28:11.139] [info] Bounds for 'iliacus_l': 0.01 to 1.0.
[2025-11-02 23:28:11.139] [info] Bounds for 'perbrev_l': 0.01 to 1.0.
[2025-11-02 23:28:11.139] [info] Bounds for 'perlong_l': 0.01 to 1.0.
[2025-11-02 23:28:11.139] [info] Bounds for 'piri_l': 0.01 to 1.0.
[2025-11-02 23:28:11.139] [info] Bounds for 'psoas_l': 0.01 to 1.0.
[2025-11-02 23:28:11.139] [info] Bounds for 'recfem_l': 0.01 to 1.0.
[2025-11-02 23:28:11.139] [info] Bounds for 'sart_l': 0.01 to 1.0.
[2025-11-02 23:28:11.139] [info] Bounds for 'semimem_l': 0.01 to 1.0.
[2025-11-02 23:28:11.139] [info] Bounds for 'semiten_l': 0.01 to 1.0.
[2025-11-02 23:28:11.140] [info] Bounds for 'soleus_l': 0.01 to 1.0.
[2025-11-02 23:28:11.140] [info] Bounds for 'tfl_l': 0.01 to 1.0.
[2025-11-02 23:28:11.140] [info] Bounds for 'tibant_l': 0.01 to 1.0.
[2025-11-02 23:28:11.140] [info] Bounds for 'tibpost_l': 0.01 to 1.0.
[2025-11-02 23:28:11.140] [info] Bounds for 'vasint_l': 0.01 to 1.0.
[2025-11-02 23:28:11.140] [info] Bounds for 'vaslat_l': 0.01 to 1.0.
[2025-11-02 23:28:11.140] [info] Bounds for 'vasmed_l': 0.01 to 1.0.
[2025-11-02 23:28:11.140] [info] Bounds for 'lumbar_ext': -inf to inf.
[2025-11-02 23:28:11.141] [info] Bounds for 'lumbar_bend': -inf to inf.
[2025-11-02 23:28:11.141] [info] Bounds for 'lumbar_rot': -inf to inf.
[2025-11-02 23:28:11.141] [info] Bounds for 'shoulder_flex_r': -inf to inf.
[2025-11-02 23:28:11.141] [info] Bounds for 'shoulder_add_r': -inf to inf.
[2025-11-02 23:28:11.141] [info] Bounds for 'shoulder_rot_r': -inf to inf.
[2025-11-02 23:28:11.141] [info] Bounds for 'elbow_flex_r': -inf to inf.
[2025-11-02 23:28:11.141] [info] Bounds for 'pro_sup_r': -inf to inf.
[2025-11-02 23:28:11.141] [info] Bounds for 'wrist_flex_r': -inf to inf.
[2025-11-02 23:28:11.141] [info] Bounds for 'wrist_dev_r': -inf to inf.
[2025-11-02 23:28:11.141] [info] Bounds for 'shoulder_flex_l': -inf to inf.
[2025-11-02 23:28:11.141] [info] Bounds for 'shoulder_add_l': -inf to inf.
[2025-11-02 23:28:11.141] [info] Bounds for 'shoulder_rot_l': -inf to inf.
[2025-11-02 23:28:11.142] [info] Bounds for 'elbow_flex_l': -inf to inf.
[2025-11-02 23:28:11.142] [info] Bounds for 'pro_sup_l': -inf to inf.
[2025-11-02 23:28:11.142] [info] Bounds for 'wrist_flex_l': -inf to inf.
[2025-11-02 23:28:11.142] [info] Bounds for 'wrist_dev_l': -inf to inf.
[2025-11-02 23:28:11.142] [info] Bounds for 'FX': -inf to inf.
[2025-11-02 23:28:11.142] [info] Bounds for 'FY': -inf to inf.
[2025-11-02 23:28:11.142] [info] Bounds for 'FZ': -inf to inf.
[2025-11-02 23:28:11.142] [info] Bounds for 'MX': -inf to inf.
[2025-11-02 23:28:11.142] [info] Bounds for 'MY': -inf to inf.
[2025-11-02 23:28:11.142] [info] Bounds for 'MZ': -inf to inf.
[2025-11-02 23:28:11.142] [info] Bounds for 'hip_flexion_r_reserve': -1.0 to 1.0.
[2025-11-02 23:28:11.142] [info] Bounds for 'hip_adduction_r_reserve': -1.0 to 1.0.
[2025-11-02 23:28:11.143] [info] Bounds for 'hip_rotation_r_reserve': -1.0 to 1.0.
[2025-11-02 23:28:11.143] [info] Bounds for 'knee_angle_r_reserve': -1.0 to 1.0.
[2025-11-02 23:28:11.143] [info] Bounds for 'ankle_angle_r_reserve': -1.0 to 1.0.
[2025-11-02 23:28:11.143] [info] Bounds for 'hip_flexion_l_reserve': -1.0 to 1.0.
[2025-11-02 23:28:11.143] [info] Bounds for 'hip_adduction_l_reserve': -1.0 to 1.0.
[2025-11-02 23:28:11.143] [info] Bounds for 'hip_rotation_l_reserve': -1.0 to 1.0.
[2025-11-02 23:28:11.143] [info] Bounds for 'knee_angle_l_reserve': -1.0 to 1.0.
[2025-11-02 23:28:11.143] [info] Bounds for 'ankle_angle_l_reserve': -1.0 to 1.0.
[2025-11-02 23:28:11.638] [cout] [info] time = 1.71 Performance = 20.1459 Constraint violation = 6.06256e-13
[2025-11-02 23:28:12.278] [cout] [info] time = 1.715 Performance = 25.2951 Constraint violation = 2.42476e-12
[2025-11-02 23:28:12.746] [cout] [info] time = 1.72 Performance = 30.8361 Constraint violation = 1.03048e-12
[2025-11-02 23:28:13.308] [cout] [info] time = 1.725 Performance = 36.433 Constraint violation = 4.87493e-12
[2025-11-02 23:28:13.799] [cout] [info] time = 1.73 Performance = 41.7296 Constraint violation = 1.90048e-12
[2025-11-02 23:28:14.438] [cout] [info] time = 1.735 Performance = 46.3903 Constraint violation = 5.80432e-12
[2025-11-02 23:28:15.045] [cout] [info] time = 1.74 Performance = 50.143 Constraint violation = 9.21017e-13
[2025-11-02 23:28:15.607] [cout] [info] time = 1.745 Performance = 52.821 Constraint violation = 2.49918e-12
[2025-11-02 23:28:16.092] [cout] [info] time = 1.75 Performance = 54.397 Constraint violation = 2.08669e-11
[2025-11-02 23:28:16.680] [cout] [info] time = 1.755 Performance = 55.0029 Constraint violation = 2.4846e-12
[2025-11-02 23:28:17.051] [cout] [info] time = 1.76 Performance = 54.9216 Constraint violation = 2.39083e-12
[2025-11-02 23:28:17.602] [cout] [info] time = 1.765 Performance = 54.537 Constraint violation = 6.42068e-12
[2025-11-02 23:28:18.073] [cout] [info] time = 1.77 Performance = 54.2468 Constraint violation = 6.19306e-12
[2025-11-02 23:28:18.478] [cout] [info] time = 1.775 Performance = 54.3527 Constraint violation = 2.76725e-12
[2025-11-02 23:28:18.913] [cout] [info] time = 1.78 Performance = 54.9589 Constraint violation = 1.10834e-11
[2025-11-02 23:28:19.495] [cout] [info] time = 1.785 Performance = 55.9358 Constraint violation = 8.60224e-12
[2025-11-02 23:28:20.030] [cout] [info] time = 1.79 Performance = 56.976 Constraint violation = 7.69453e-12
[2025-11-02 23:28:20.628] [cout] [info] time = 1.795 Performance = 57.71 Constraint violation = 2.3623e-12
[2025-11-02 23:28:21.138] [cout] [info] time = 1.8 Performance = 57.8285 Constraint violation = 4.68138e-12
[2025-11-02 23:28:21.670] [cout] [info] time = 1.80500 Performance = 57.1726 Constraint violation = 4.83385e-12
[2025-11-02 23:28:22.203] [cout] [info] time = 1.81 Performance = 55.7808 Constraint violation = 2.13605e-11
[2025-11-02 23:28:22.726] [cout] [info] time = 1.815 Performance = 53.8748 Constraint violation = 8.71296e-12
[2025-11-02 23:28:23.367] [cout] [info] time = 1.82 Performance = 51.7975 Constraint violation = 1.98807e-11
[2025-11-02 23:28:23.952] [cout] [info] time = 1.825 Performance = 49.8924 Constraint violation = 9.73184e-12
[2025-11-02 23:28:24.351] [cout] [info] time = 1.83 Performance = 48.3765 Constraint violation = 1.05011e-11
[2025-11-02 23:28:24.880] [cout] [info] time = 1.835 Performance = 47.2768 Constraint violation = 5.31759e-12
[2025-11-02 23:28:25.419] [cout] [info] time = 1.84 Performance = 46.4535 Constraint violation = 2.20231e-12
[2025-11-02 23:28:25.869] [cout] [info] time = 1.845 Performance = 45.6775 Constraint violation = 2.54632e-11
[2025-11-02 23:28:26.387] [cout] [info] time = 1.85 Performance = 44.6911 Constraint violation = 7.03339e-12
[2025-11-02 23:28:27.018] [cout] [info] time = 1.855 Performance = 43.2535 Constraint violation = 2.76866e-12
[2025-11-02 23:28:27.528] [cout] [info] time = 1.86 Performance = 41.1881 Constraint violation = 3.57235e-12
[2025-11-02 23:28:28.031] [cout] [info] time = 1.865 Performance = 38.4203 Constraint violation = 7.41778e-12
[2025-11-02 23:28:28.595] [cout] [info] time = 1.87 Performance = 34.993 Constraint violation = 2.17279e-12
[2025-11-02 23:28:29.063] [cout] [info] time = 1.875 Performance = 31.0622 Constraint violation = 4.39322e-12
[2025-11-02 23:28:29.601] [cout] [info] time = 1.88 Performance = 26.874 Constraint violation = 2.17952e-12
[2025-11-02 23:28:30.033] [cout] [info] time = 1.885 Performance = 22.7090 Constraint violation = 3.10946e-12
[2025-11-02 23:28:30.519] [cout] [info] time = 1.89 Performance = 18.8231 Constraint violation = 1.04603e-12
[2025-11-02 23:28:30.995] [cout] [info] time = 1.895 Performance = 15.4116 Constraint violation = 2.00354e-12
[2025-11-02 23:28:31.413] [cout] [info] time = 1.9 Performance = 12.5923 Constraint violation = 8.42926e-13
[2025-11-02 23:28:31.937] [cout] [info] time = 1.90500 Performance = 10.3987 Constraint violation = 1.44786e-12
[2025-11-02 23:28:32.442] [cout] [info] time = 1.91 Performance = 8.79397 Constraint violation = 9.54147e-13
[2025-11-02 23:28:32.868] [cout] [info] time = 1.915 Performance = 7.70229 Constraint violation = 1.87109e-12
[2025-11-02 23:28:33.333] [cout] [info] time = 1.92 Performance = 7.03824 Constraint violation = 1.15833e-12
[2025-11-02 23:28:33.893] [cout] [info] time = 1.925 Performance = 6.73245 Constraint violation = 6.51386e-13
[2025-11-02 23:28:34.351] [cout] [info] time = 1.93 Performance = 6.73712 Constraint violation = 9.7558e-13
[2025-11-02 23:28:34.802] [cout] [info] time = 1.935 Performance = 7.04299 Constraint violation = 1.53322e-12
[2025-11-02 23:28:35.308] [cout] [info] time = 1.94 Performance = 7.68651 Constraint violation = 1.03494e-12
[2025-11-02 23:28:35.769] [cout] [info] time = 1.945 Performance = 8.74897 Constraint violation = 1.30138e-12
[2025-11-02 23:28:36.292] [cout] [info] time = 1.95 Performance = 10.3339 Constraint violation = 1.40739e-12
[2025-11-02 23:28:36.847] [cout] [info] time = 1.955 Performance = 12.519 Constraint violation = 1.52444e-12
[2025-11-02 23:28:37.396] [cout] [info] time = 1.96 Performance = 15.3052 Constraint violation = 1.49608e-12
[2025-11-02 23:28:37.967] [cout] [info] time = 1.965 Performance = 18.5992 Constraint violation = 1.23603e-12
[2025-11-02 23:28:38.552] [cout] [info] time = 1.97 Performance = 22.2374 Constraint violation = 1.1882e-12
[2025-11-02 23:28:39.234] [cout] [info] time = 1.975 Performance = 26.0229 Constraint violation = 4.35731e-12
[2025-11-02 23:28:39.853] [cout] [info] time = 1.98 Performance = 29.7578 Constraint violation = 1.75624e-12
[2025-11-02 23:28:40.377] [cout] [info] time = 1.985 Performance = 33.271 Constraint violation = 1.91668e-12
[2025-11-02 23:28:40.853] [cout] [info] time = 1.99 Performance = 36.437 Constraint violation = 2.18819e-12
[2025-11-02 23:28:41.433] [cout] [info] time = 1.995 Performance = 39.1874 Constraint violation = 1.68231e-12
[2025-11-02 23:28:42.016] [cout] [info] time = 2.0 Performance = 41.5103 Constraint violation = 6.88849e-12
[2025-11-02 23:28:42.634] [cout] [info] time = 2.00500 Performance = 43.4238 Constraint violation = 2.95752e-12
[2025-11-02 23:28:43.167] [cout] [info] time = 2.01 Performance = 44.9551 Constraint violation = 2.54618e-12
[2025-11-02 23:28:43.698] [cout] [info] time = 2.015 Performance = 46.1412 Constraint violation = 1.54022e-11
[2025-11-02 23:28:44.131] [cout] [info] time = 2.02 Performance = 47.0488 Constraint violation = 3.82916e-12
[2025-11-02 23:28:44.610] [cout] [info] time = 2.025 Performance = 47.7818 Constraint violation = 3.84901e-12
[2025-11-02 23:28:45.185] [cout] [info] time = 2.03 Performance = 48.4575 Constraint violation = 1.94501e-11
[2025-11-02 23:28:45.687] [cout] [info] time = 2.035 Performance = 49.1716 Constraint violation = 7.49041e-12
[2025-11-02 23:28:46.111] [cout] [info] time = 2.04 Performance = 49.9728 Constraint violation = 1.70478e-11
[2025-11-02 23:28:46.671] [cout] [info] time = 2.045 Performance = 50.8618 Constraint violation = 9.89667e-12
[2025-11-02 23:28:47.320] [cout] [info] time = 2.05 Performance = 51.8076 Constraint violation = 6.68882e-12
[2025-11-02 23:28:47.940] [cout] [info] time = 2.055 Performance = 52.765 Constraint violation = 5.61546e-12
[2025-11-02 23:28:48.437] [cout] [info] time = 2.06 Performance = 53.6728 Constraint violation = 2.03603e-12
[2025-11-02 23:28:49.052] [cout] [info] time = 2.065 Performance = 54.4388 Constraint violation = 9.66183e-12
[2025-11-02 23:28:49.650] [cout] [info] time = 2.07 Performance = 54.9356 Constraint violation = 4.02743e-11
[2025-11-02 23:28:50.136] [cout] [info] time = 2.075 Performance = 55.0228 Constraint violation = 1.41024e-11
[2025-11-02 23:28:50.673] [cout] [info] time = 2.08 Performance = 54.5861 Constraint violation = 1.30378e-11
[2025-11-02 23:28:51.263] [cout] [info] time = 2.085 Performance = 53.5705 Constraint violation = 5.41256e-12
[2025-11-02 23:28:51.780] [cout] [info] time = 2.09 Performance = 51.9869 Constraint violation = 1.51441e-11
[2025-11-02 23:28:52.407] [cout] [info] time = 2.095 Performance = 49.8944 Constraint violation = 5.62438e-12
[2025-11-02 23:28:52.844] [cout] [info] time = 2.1 Performance = 47.3816 Constraint violation = 1.80954e-11
[2025-11-02 23:28:53.382] [cout] [info] time = 2.10500 Performance = 44.5558 Constraint violation = 4.02379e-12
[2025-11-02 23:28:53.997] [cout] [info] time = 2.11 Performance = 41.5331 Constraint violation = 1.01009e-11
[2025-11-02 23:28:54.470] [cout] [info] time = 2.115 Performance = 38.4284 Constraint violation = 3.85557e-12
[2025-11-02 23:28:54.889] [cout] [info] time = 2.12 Performance = 35.3445 Constraint violation = 4.78838e-12
[2025-11-02 23:28:55.544] [cout] [info] time = 2.125 Performance = 32.364 Constraint violation = 2.48523e-11
[2025-11-02 23:28:56.013] [cout] [info] time = 2.13 Performance = 29.5466 Constraint violation = 2.54335e-12
[2025-11-02 23:28:56.593] [cout] [info] time = 2.135 Performance = 26.9333 Constraint violation = 1.25482e-11
[2025-11-02 23:28:57.090] [cout] [info] time = 2.14 Performance = 24.5428 Constraint violation = 4.48084e-12
[2025-11-02 23:28:57.575] [cout] [info] time = 2.145 Performance = 22.3823 Constraint violation = 4.72186e-12
[2025-11-02 23:28:58.061] [cout] [info] time = 2.15 Performance = 20.4415 Constraint violation = 1.57654e-12
[2025-11-02 23:28:58.621] [cout] [info] time = 2.155 Performance = 18.7040 Constraint violation = 1.95515e-12
[2025-11-02 23:28:59.068] [cout] [info] time = 2.16 Performance = 17.1534 Constraint violation = 1.11893e-12
[2025-11-02 23:28:59.649] [cout] [info] time = 2.165 Performance = 15.7763 Constraint violation = 2.08678e-12
[2025-11-02 23:29:00.226] [cout] [info] time = 2.17 Performance = 14.5635 Constraint violation = 1.00164e-12
[2025-11-02 23:29:00.780] [cout] [info] time = 2.175 Performance = 13.5116 Constraint violation = 2.10424e-12
[2025-11-02 23:29:01.349] [cout] [info] time = 2.18 Performance = 12.6228 Constraint violation = 1.19803e-12
[2025-11-02 23:29:01.959] [cout] [info] time = 2.185 Performance = 11.9036 Constraint violation = 1.33797e-12
[2025-11-02 23:29:02.501] [cout] [info] time = 2.19 Performance = 11.36 Constraint violation = 7.96313e-13
[2025-11-02 23:29:03.114] [cout] [info] time = 2.195 Performance = 10.9929 Constraint violation = 1.43389e-12
[2025-11-02 23:29:03.751] [cout] [info] time = 2.2 Performance = 10.7962 Constraint violation = 2.58936e-12
[2025-11-02 23:29:04.360] [cout] [info] time = 2.20500 Performance = 10.7565 Constraint violation = 1.40329e-12
[2025-11-02 23:29:04.959] [cout] [info] time = 2.21 Performance = 10.859 Constraint violation = 1.29833e-12
[2025-11-02 23:29:05.457] [cout] [info] time = 2.215 Performance = 11.0911 Constraint violation = 1.69913e-12
[2025-11-02 23:29:05.882] [cout] [info] time = 2.22 Performance = 11.4469 Constraint violation = 1.97783e-12
[2025-11-02 23:29:06.416] [cout] [info] time = 2.225 Performance = 11.9245 Constraint violation = 1.5829e-12
[2025-11-02 23:29:07.011] [cout] [info] time = 2.23 Performance = 12.5226 Constraint violation = 3.07984e-12
[2025-11-02 23:29:07.607] [cout] [info] time = 2.235 Performance = 13.2392 Constraint violation = 2.23202e-12
[2025-11-02 23:29:08.189] [cout] [info] time = 2.24 Performance = 14.0567 Constraint violation = 2.07707e-12
[2025-11-02 23:29:08.768] [cout] [info] time = 2.245 Performance = 14.9472 Constraint violation = 1.12872e-12
[2025-11-02 23:29:09.232] [cout] [info] time = 2.25 Performance = 15.8802 Constraint violation = 1.69086e-12
[2025-11-02 23:29:09.730] [cout] [info] time = 2.255 Performance = 16.8289 Constraint violation = 6.61561e-13
[2025-11-02 23:29:10.225] [cout] [info] time = 2.26 Performance = 17.7605 Constraint violation = 1.87078e-12
[2025-11-02 23:29:10.778] [cout] [info] time = 2.265 Performance = 18.6335 Constraint violation = 2.60544e-12
[2025-11-02 23:29:11.412] [cout] [info] time = 2.27 Performance = 19.4099 Constraint violation = 2.21943e-12
[2025-11-02 23:29:11.871] [cout] [info] time = 2.275 Performance = 20.0696 Constraint violation = 2.03801e-12
[2025-11-02 23:29:12.420] [cout] [info] time = 2.28 Performance = 20.6152 Constraint violation = 3.08447e-12
[2025-11-02 23:29:13.021] [cout] [info] time = 2.285 Performance = 21.0735 Constraint violation = 1.93458e-12
[2025-11-02 23:29:13.486] [cout] [info] time = 2.29 Performance = 21.4946 Constraint violation = 1.87688e-12
[2025-11-02 23:29:14.057] [cout] [info] time = 2.295 Performance = 21.9463 Constraint violation = 4.61821e-12
[2025-11-02 23:29:14.456] [cout] [info] time = 2.3 Performance = 22.5065 Constraint violation = 3.25801e-12
[2025-11-02 23:29:15.054] [cout] [info] time = 2.30500 Performance = 23.2577 Constraint violation = 3.2697e-12
[2025-11-02 23:29:15.541] [cout] [info] time = 2.31 Performance = 24.2836 Constraint violation = 4.36365e-12
[2025-11-02 23:29:16.055] [cout] [info] time = 2.315 Performance = 25.6679 Constraint violation = 4.26372e-12
[2025-11-02 23:29:16.569] [cout] [info] time = 2.32 Performance = 27.4839 Constraint violation = 1.75918e-11
[2025-11-02 23:29:17.169] [cout] [info] time = 2.325 Performance = 29.7742 Constraint violation = 1.29356e-12
[2025-11-02 23:29:17.772] [cout] [info] time = 2.33 Performance = 32.5382 Constraint violation = 3.24572e-11
[2025-11-02 23:29:18.263] [cout] [info] time = 2.335 Performance = 35.7366 Constraint violation = 1.85898e-11
[2025-11-02 23:29:18.711] [cout] [info] time = 2.34 Performance = 39.2976 Constraint violation = 7.74988e-11
[2025-11-02 23:29:19.297] [cout] [info] time = 2.345 Performance = 43.1056 Constraint violation = 2.84646e-12
[2025-11-02 23:29:19.859] [cout] [info] time = 2.35 Performance = 46.9861 Constraint violation = 1.09442e-11
[2025-11-02 23:29:20.380] [cout] [info] time = 2.355 Performance = 50.7058 Constraint violation = 2.78921e-11
[2025-11-02 23:29:20.927] [cout] [info] time = 2.36 Performance = 53.9876 Constraint violation = 1.46632e-11
[2025-11-02 23:29:21.544] [cout] [info] time = 2.365 Performance = 56.5569 Constraint violation = 7.05321e-12
[2025-11-02 23:29:22.116] [cout] [info] time = 2.37 Performance = 58.2244 Constraint violation = 1.77069e-10
[2025-11-02 23:29:22.617] [cout] [info] time = 2.375 Performance = 58.9628 Constraint violation = 7.55938e-11
[2025-11-02 23:29:23.032] [cout] [info] time = 2.38 Performance = 58.8667 Constraint violation = 2.47090e-11
[2025-11-02 23:29:23.560] [cout] [info] time = 2.385 Performance = 58.0814 Constraint violation = 7.5675e-12
[2025-11-02 23:29:24.169] [cout] [info] time = 2.39 Performance = 56.7737 Constraint violation = 3.41859e-11
[2025-11-02 23:29:24.675] [cout] [info] time = 2.395 Performance = 55.0547 Constraint violation = 1.42857e-11
[2025-11-02 23:29:25.078] [cout] [info] time = 2.4 Performance = 53.0373 Constraint violation = 7.21285e-12
[2025-11-02 23:29:25.635] [cout] [info] time = 2.40500 Performance = 50.8031 Constraint violation = 7.33419e-12
[2025-11-02 23:29:26.203] [cout] [info] time = 2.41 Performance = 48.4283 Constraint violation = 1.45827e-11
[2025-11-02 23:29:26.742] [cout] [info] time = 2.415 Performance = 45.9821 Constraint violation = 9.00885e-12
[2025-11-02 23:29:27.259] [cout] [info] time = 2.42 Performance = 43.5183 Constraint violation = 1.16888e-11
[2025-11-02 23:29:27.782] [cout] [info] time = 2.425 Performance = 41.0953 Constraint violation = 2.25629e-11
[2025-11-02 23:29:28.391] [cout] [info] time = 2.43 Performance = 38.7896 Constraint violation = 5.40100e-12
[2025-11-02 23:29:28.958] [cout] [info] time = 2.435 Performance = 36.6995 Constraint violation = 1.83251e-12
[2025-11-02 23:29:29.568] [cout] [info] time = 2.44 Performance = 34.9147 Constraint violation = 8.03479e-12
[2025-11-02 23:29:30.210] [cout] [info] time = 2.445 Performance = 33.5154 Constraint violation = 3.38807e-12
[2025-11-02 23:29:30.758] [cout] [info] time = 2.45 Performance = 32.5602 Constraint violation = 2.19725e-12
[2025-11-02 23:29:31.245] [cout] [info] time = 2.455 Performance = 32.089 Constraint violation = 3.16197e-12
[2025-11-02 23:29:31.823] [cout] [info] time = 2.46 Performance = 32.1246 Constraint violation = 2.87572e-12
[2025-11-02 23:29:32.380] [cout] [info] time = 2.465 Performance = 32.6804 Constraint violation = 1.97576e-12
[2025-11-02 23:29:32.882] [cout] [info] time = 2.47 Performance = 33.7641 Constraint violation = 3.24926e-12
[2025-11-02 23:29:33.491] [cout] [info] time = 2.475 Performance = 35.3768 Constraint violation = 5.53212e-12
[2025-11-02 23:29:34.054] [cout] [info] time = 2.48 Performance = 37.5108 Constraint violation = 1.72931e-11
[2025-11-02 23:29:34.506] [cout] [info] time = 2.485 Performance = 40.1566 Constraint violation = 1.69234e-11
[2025-11-02 23:29:35.011] [cout] [info] time = 2.49 Performance = 43.3171 Constraint violation = 1.79485e-12
[2025-11-02 23:29:35.505] [cout] [info] time = 2.495 Performance = 47.0121 Constraint violation = 2.8631e-12
[2025-11-02 23:29:35.930] [cout] [info] time = 2.5 Performance = 51.2613 Constraint violation = 1.90194e-11
[2025-11-02 23:29:36.490] [cout] [info] time = 2.50500 Performance = 56.0714 Constraint violation = 1.8195e-12
[2025-11-02 23:29:37.055] [cout] [info] time = 2.51 Performance = 61.4447 Constraint violation = 8.2875e-12
[2025-11-02 23:29:37.622] [cout] [info] time = 2.515 Performance = 67.4072 Constraint violation = 2.73466e-12
[2025-11-02 23:29:38.149] [cout] [info] time = 2.52 Performance = 74.0262 Constraint violation = 1.27305e-11
[2025-11-02 23:29:38.665] [cout] [info] time = 2.525 Performance = 81.4195 Constraint violation = 2.38214e-11
[2025-11-02 23:29:39.160] [cout] [info] time = 2.53 Performance = 89.734 Constraint violation = 3.49644e-12
[2025-11-02 23:29:39.821] [cout] [info] time = 2.535 Performance = 99.1045 Constraint violation = 1.3172e-11
[2025-11-02 23:29:40.334] [cout] [info] time = 2.54 Performance = 109.609 Constraint violation = 1.37981e-12
[2025-11-02 23:29:40.840] [cout] [info] time = 2.545 Performance = 121.248 Constraint violation = 4.64636e-12
[2025-11-02 23:29:41.335] [cout] [info] time = 2.55 Performance = 133.94 Constraint violation = 5.11362e-11
[2025-11-02 23:29:41.894] [cout] [info] time = 2.555 Performance = 147.516 Constraint violation = 3.03818e-10
[2025-11-02 23:29:42.370] [cout] [info] time = 2.56 Performance = 161.702 Constraint violation = 7.5294e-11
[2025-11-02 23:29:42.893] [cout] [info] time = 2.565 Performance = 176.108 Constraint violation = 1.37644e-10
[2025-11-02 23:29:43.455] [cout] [info] time = 2.57 Performance = 190.249 Constraint violation = 3.78032e-10
[2025-11-02 23:29:44.047] [cout] [info] time = 2.575 Performance = 203.599 Constraint violation = 3.93271e-11
[2025-11-02 23:29:44.754] [cout] [info] time = 2.58 Performance = 215.651 Constraint violation = 1.16611e-10
[2025-11-02 23:29:45.328] [cout] [info] time = 2.585 Performance = 225.953 Constraint violation = 4.88881e-11
[2025-11-02 23:29:45.847] [cout] [info] time = 2.59 Performance = 234.133 Constraint violation = 1.67318e-10
[2025-11-02 23:29:46.307] [cout] [info] time = 2.595 Performance = 239.931 Constraint violation = 8.4339e-11
[2025-11-02 23:29:46.858] [cout] [info] time = 2.6 Performance = 243.222 Constraint violation = 9.16205e-11
[2025-11-02 23:29:47.510] [cout] [info] time = 2.60500 Performance = 244.008 Constraint violation = 5.92308e-11
[2025-11-02 23:29:48.067] [cout] [info] time = 2.61 Performance = 242.4 Constraint violation = 1.7548e-10
[2025-11-02 23:29:48.624] [cout] [info] time = 2.615 Performance = 238.606 Constraint violation = 1.71983e-10
[2025-11-02 23:29:49.132] [cout] [info] time = 2.62 Performance = 232.922 Constraint violation = 9.18801e-10
[2025-11-02 23:29:49.667] [cout] [info] time = 2.625 Performance = 225.695 Constraint violation = 3.5489e-12
[2025-11-02 23:29:50.284] [cout] [info] time = 2.63 Performance = 217.264 Constraint violation = 1.04025e-11
[2025-11-02 23:29:50.785] [cout] [info] time = 2.635 Performance = 207.893 Constraint violation = 5.26851e-11
[2025-11-02 23:29:51.204] [cout] [info] time = 2.64 Performance = 197.734 Constraint violation = 3.17368e-10
[2025-11-02 23:29:51.639] [cout] [info] time = 2.645 Performance = 186.843 Constraint violation = 8.29111e-11
[2025-11-02 23:29:52.245] [cout] [info] time = 2.65 Performance = 175.223 Constraint violation = 1.43875e-10
[2025-11-02 23:29:52.821] [cout] [info] time = 2.655 Performance = 162.899 Constraint violation = 5.17812e-11
[2025-11-02 23:29:53.275] [cout] [info] time = 2.66 Performance = 149.948 Constraint violation = 1.28566e-10
[2025-11-02 23:29:53.851] [cout] [info] time = 2.665 Performance = 136.49 Constraint violation = 2.55256e-10
[2025-11-02 23:29:54.391] [cout] [info] time = 2.67 Performance = 122.692 Constraint violation = 2.44562e-10
[2025-11-02 23:29:54.864] [cout] [info] time = 2.675 Performance = 108.778 Constraint violation = 2.52285e-12
[2025-11-02 23:29:55.502] [cout] [info] time = 2.68 Performance = 95.0381 Constraint violation = 5.4768e-11
[2025-11-02 23:29:55.942] [cout] [info] time = 2.685 Performance = 81.8117 Constraint violation = 7.74854e-11
[2025-11-02 23:29:56.549] [cout] [info] time = 2.69 Performance = 69.4642 Constraint violation = 3.87402e-11
[2025-11-02 23:29:57.110] [cout] [info] time = 2.695 Performance = 58.3403 Constraint violation = 4.50314e-12
[2025-11-02 23:29:57.601] [cout] [info] time = 2.7 Performance = 48.6938 Constraint violation = 6.29524e-12
[2025-11-02 23:29:58.161] [cout] [info] time = 2.70500 Performance = 40.6709 Constraint violation = 5.7227e-12
[2025-11-02 23:29:58.704] [cout] [info] time = 2.71 Performance = 34.3223 Constraint violation = 2.18943e-12
[2025-11-02 23:29:59.292] [cout] [info] time = 2.715 Performance = 29.6367 Constraint violation = 1.74348e-12
[2025-11-02 23:29:59.869] [cout] [info] time = 2.72 Performance = 26.5563 Constraint violation = 2.62576e-12
[2025-11-02 23:30:00.447] [cout] [info] time = 2.725 Performance = 24.9817 Constraint violation = 2.34272e-11
[2025-11-02 23:30:00.921] [cout] [info] time = 2.73 Performance = 24.7664 Constraint violation = 4.79862e-12
[2025-11-02 23:30:01.360] [cout] [info] time = 2.735 Performance = 25.7116 Constraint violation = 2.59507e-11
[2025-11-02 23:30:01.846] [cout] [info] time = 2.74 Performance = 27.5492 Constraint violation = 1.053e-12
[2025-11-02 23:30:02.426] [cout] [info] time = 2.745 Performance = 29.9809 Constraint violation = 1.58075e-12
[2025-11-02 23:30:02.951] [cout] [info] time = 2.75 Performance = 32.7031 Constraint violation = 2.88051e-12
[2025-11-02 23:30:03.536] [cout] [info] time = 2.755 Performance = 35.4636 Constraint violation = 3.23123e-12
[2025-11-02 23:30:03.975] [cout] [info] time = 2.76 Performance = 38.1033 Constraint violation = 1.51614e-11
[2025-11-02 23:30:04.493] [cout] [info] time = 2.765 Performance = 40.5445 Constraint violation = 2.52007e-12
[2025-11-02 23:30:04.857] [cout] [info] time = 2.77 Performance = 42.7387 Constraint violation = 1.52028e-11
[2025-11-02 23:30:05.395] [cout] [info] time = 2.775 Performance = 44.6161 Constraint violation = 2.076e-12
[2025-11-02 23:30:05.893] [cout] [info] time = 2.78 Performance = 46.0663 Constraint violation = 4.27421e-12
[2025-11-02 23:30:06.465] [cout] [info] time = 2.785 Performance = 46.9416 Constraint violation = 4.1886e-12
[2025-11-02 23:30:07.064] [cout] [info] time = 2.79 Performance = 47.0737 Constraint violation = 2.09612e-11
[2025-11-02 23:30:07.645] [cout] [info] time = 2.795 Performance = 46.3108 Constraint violation = 7.7431e-12
[2025-11-02 23:30:08.188] [cout] [info] time = 2.8 Performance = 44.5631 Constraint violation = 8.184e-12
[2025-11-02 23:30:08.767] [cout] [info] time = 2.80500 Performance = 41.8488 Constraint violation = 1.67498e-11
[2025-11-02 23:30:09.272] [cout] [info] time = 2.81 Performance = 38.3286 Constraint violation = 3.08432e-12
[2025-11-02 23:30:09.754] [cout] [info] time = 2.815 Performance = 34.3032 Constraint violation = 3.36911e-12
[2025-11-02 23:30:10.315] [cout] [info] time = 2.82 Performance = 30.152 Constraint violation = 5.68071e-12
[2025-11-02 23:30:10.841] [cout] [info] time = 2.825 Performance = 26.2412 Constraint violation = 3.77786e-12
[2025-11-02 23:30:11.394] [cout] [info] time = 2.83 Performance = 22.8458 Constraint violation = 2.31683e-12
[2025-11-02 23:30:11.891] [cout] [info] time = 2.835 Performance = 20.1146 Constraint violation = 3.63157e-12
[2025-11-02 23:30:12.437] [cout] [info] time = 2.84 Performance = 18.0781 Constraint violation = 1.54418e-12
[2025-11-02 23:30:12.983] [cout] [info] time = 2.845 Performance = 16.681 Constraint violation = 1.63162e-12
[2025-11-02 23:30:13.443] [cout] [info] time = 2.85 Performance = 15.8249 Constraint violation = 1.15706e-12
[2025-11-02 23:30:13.840] [cout] [info] time = 2.855 Performance = 15.4145 Constraint violation = 1.38475e-12
[2025-11-02 23:30:14.250] [cout] [info] time = 2.86 Performance = 15.3951 Constraint violation = 2.78997e-12
[2025-11-02 23:30:14.912] [cout] [info] time = 2.865 Performance = 15.7686 Constraint violation = 1.51967e-12
[2025-11-02 23:30:15.467] [cout] [info] time = 2.87 Performance = 16.5978 Constraint violation = 1.41987e-12
[2025-11-02 23:30:15.956] [cout] [info] time = 2.875 Performance = 18.0098 Constraint violation = 5.89343e-13
[2025-11-02 23:30:16.418] [cout] [info] time = 2.88 Performance = 20.2017 Constraint violation = 1.45682e-12
[2025-11-02 23:30:16.995] [cout] [info] time = 2.885 Performance = 23.4464 Constraint violation = 1.17972e-12
[2025-11-02 23:30:17.548] [cout] [info] time = 2.89 Performance = 28.0964 Constraint violation = 2.15784e-12
[2025-11-02 23:30:18.027] [cout] [info] time = 2.895 Performance = 34.5819 Constraint violation = 1.75656e-12
[2025-11-02 23:30:18.554] [cout] [info] time = 2.9 Performance = 43.3976 Constraint violation = 3.60637e-12
[2025-11-02 23:30:18.984] [cout] [info] time = 2.90500 Performance = 55.0707 Constraint violation = 1.16226e-12
[2025-11-02 23:30:19.465] [cout] [info] time = 2.91 Performance = 70.1068 Constraint violation = 4.05030e-12
[2025-11-02 23:30:20.000] [cout] [info] time = 2.915 Performance = 88.9069 Constraint violation = 9.40093e-12
[2025-11-02 23:30:20.662] [cout] [info] time = 2.92 Performance = 111.665 Constraint violation = 3.11849e-11
[2025-11-02 23:30:21.240] [cout] [info] time = 2.925 Performance = 138.298 Constraint violation = 3.65568e-11
[2025-11-02 23:30:21.713] [cout] [info] time = 2.93 Performance = 168.455 Constraint violation = 4.09514e-10
[2025-11-02 23:30:22.263] [cout] [info] time = 2.935 Performance = 201.559 Constraint violation = 1.30155e-10
[2025-11-02 23:30:22.831] [cout] [info] time = 2.94 Performance = 236.752 Constraint violation = 8.81697e-10
[2025-11-02 23:30:23.382] [cout] [info] time = 2.945 Performance = 272.821 Constraint violation = 1.40980e-09
[2025-11-02 23:30:23.910] [cout] [info] time = 2.95 Performance = 308.24 Constraint violation = 3.26142e-10
[2025-11-02 23:30:24.388] [cout] [info] time = 2.955 Performance = 341.385 Constraint violation = 6.73106e-11
[2025-11-02 23:30:24.943] [cout] [info] time = 2.96 Performance = 370.848 Constraint violation = 2.6761e-10
[2025-11-02 23:30:25.401] [cout] [info] time = 2.965 Performance = 395.742 Constraint violation = 9.03401e-10
[2025-11-02 23:30:25.901] [cout] [info] time = 2.97 Performance = 415.749 Constraint violation = 7.84578e-10
[2025-11-02 23:30:26.454] [cout] [info] time = 2.975 Performance = 430.834 Constraint violation = 1.05068e-10
[2025-11-02 23:30:26.913] [cout] [info] time = 2.98 Performance = 440.905 Constraint violation = 6.96341e-10
[2025-11-02 23:30:27.412] [cout] [info] time = 2.985 Performance = 445.678 Constraint violation = 3.14619e-10
[2025-11-02 23:30:27.980] [cout] [info] time = 2.99 Performance = 444.776 Constraint violation = 3.05127e-10
[2025-11-02 23:30:28.505] [cout] [info] time = 2.995 Performance = 437.895 Constraint violation = 1.71124e-10
[2025-11-02 23:30:29.116] [cout] [info] time = 3.0 Performance = 425.0 Constraint violation = 4.32005e-10
[2025-11-02 23:30:29.673] [cout] [info] time = 3.00500 Performance = 406.532 Constraint violation = 5.60614e-10
[2025-11-02 23:30:30.315] [cout] [info] time = 3.01 Performance = 383.414 Constraint violation = 1.70888e-10
[2025-11-02 23:30:30.876] [cout] [info] time = 3.015 Performance = 356.8 Constraint violation = 1.21907e-09
[2025-11-02 23:30:31.598] [cout] [info] time = 3.02 Performance = 328.012 Constraint violation = 4.16918e-11
[2025-11-02 23:30:32.103] [cout] [info] time = 3.025 Performance = 298.719 Constraint violation = 5.59698e-11
[2025-11-02 23:30:32.616] [cout] [info] time = 3.03 Performance = 270.968 Constraint violation = 1.29671e-10
[2025-11-02 23:30:33.176] [cout] [info] time = 3.035 Performance = 247.002 Constraint violation = 2.19482e-10
[2025-11-02 23:30:33.700] [cout] [info] time = 3.04 Performance = 229.096 Constraint violation = 3.43591e-10
[2025-11-02 23:30:34.103] [cout] [info] time = 3.045 Performance = 219.361 Constraint violation = 1.21749e-10
[2025-11-02 23:30:34.613] [cout] [info] time = 3.05 Performance = 219.368 Constraint violation = 2.1392e-10
[2025-11-02 23:30:35.204] [cout] [info] time = 3.055 Performance = 229.707 Constraint violation = 1.70963e-10
[2025-11-02 23:30:35.721] [cout] [info] time = 3.06 Performance = 249.655 Constraint violation = 3.67488e-10
[2025-11-02 23:30:36.313] [cout] [info] time = 3.065 Performance = 277.107 Constraint violation = 5.58005e-12
[2025-11-02 23:30:36.766] [cout] [info] time = 3.07 Performance = 308.789 Constraint violation = 2.67168e-10
[2025-11-02 23:30:37.160] [cout] [info] time = 3.075 Performance = 340.663 Constraint violation = 6.75262e-11
[2025-11-02 23:30:37.680] [cout] [info] time = 3.08 Performance = 368.416 Constraint violation = 1.28864e-08
[2025-11-02 23:30:38.174] [cout] [info] time = 3.085 Performance = 387.973 Constraint violation = 7.90218e-10
[2025-11-02 23:30:38.690] [cout] [info] time = 3.09 Performance = 395.979 Constraint violation = 5.9772e-11
[2025-11-02 23:30:39.123] [cout] [info] time = 3.095 Performance = 390.214 Constraint violation = 8.47809e-10
[2025-11-02 23:30:39.619] [cout] [info] time = 3.1 Performance = 369.896 Constraint violation = 4.93037e-10
[2025-11-02 23:30:40.012] [cout] [info] time = 3.10500 Performance = 335.838 Constraint violation = 1.64038e-10
[2025-11-02 23:30:40.392] [cout] [info] time = 3.11 Performance = 290.444 Constraint violation = 2.42486e-10
[2025-11-02 23:30:40.992] [cout] [info] time = 3.115 Performance = 237.511 Constraint violation = 1.5543e-10
[2025-11-02 23:30:41.553] [cout] [info] time = 3.12 Performance = 181.823 Constraint violation = 4.25615e-11
[2025-11-02 23:30:42.013] [cout] [info] time = 3.125 Performance = 128.438 Constraint violation = 1.69396e-10
[2025-11-02 23:30:42.500] [cout] [info] time = 3.13 Performance = 81.7936 Constraint violation = 1.56722e-10
[2025-11-02 23:30:42.972] [cout] [info] time = 3.135 Performance = 45.0221 Constraint violation = 1.37943e-11
[2025-11-02 23:30:43.536] [cout] [info] time = 3.14 Performance = 19.7916 Constraint violation = 7.92906e-12
[2025-11-02 23:30:44.023] [cout] [info] time = 3.145 Performance = 6.48844 Constraint violation = 7.11019e-13
[2025-11-02 23:30:44.464] [cout] [info] time = 3.15 Performance = 4.42927 Constraint violation = 7.37158e-13
[2025-11-02 23:30:44.997] [cout] [info] time = 3.155 Performance = 12.03 Constraint violation = 2.91436e-12
[2025-11-02 23:30:45.506] [cout] [info] time = 3.16 Performance = 26.9774 Constraint violation = 5.10087e-12
[2025-11-02 23:30:46.016] [cout] [info] time = 3.165 Performance = 46.4898 Constraint violation = 4.07158e-11
[2025-11-02 23:30:46.517] [cout] [info] time = 3.17 Performance = 67.6981 Constraint violation = 4.25335e-11
[2025-11-02 23:30:46.946] [cout] [info] time = 3.175 Performance = 88.0557 Constraint violation = 2.46596e-11
[2025-11-02 23:30:47.555] [cout] [info] time = 3.18 Performance = 105.618 Constraint violation = 1.10237e-10
[2025-11-02 23:30:48.102] [cout] [info] time = 3.185 Performance = 119.143 Constraint violation = 3.07191e-12
[2025-11-02 23:30:48.619] [cout] [info] time = 3.19 Performance = 128.065 Constraint violation = 1.23678e-10
[2025-11-02 23:30:49.008] [cout] [info] time = 3.195 Performance = 132.38 Constraint violation = 1.56374e-10
[2025-11-02 23:30:49.511] [cout] [info] time = 3.2 Performance = 132.506 Constraint violation = 3.81221e-11
[2025-11-02 23:30:50.022] [cout] [info] time = 3.20500 Performance = 129.138 Constraint violation = 1.99793e-10
[2025-11-02 23:30:50.532] [cout] [info] time = 3.21 Performance = 123.113 Constraint violation = 3.91773e-11
[2025-11-02 23:30:51.038] [cout] [info] time = 3.215 Performance = 115.304 Constraint violation = 2.8951e-10
[2025-11-02 23:30:51.529] [cout] [info] time = 3.22 Performance = 106.539 Constraint violation = 2.10554e-11
[2025-11-02 23:30:52.109] [cout] [info] time = 3.225 Performance = 97.4947 Constraint violation = 5.03784e-10
[2025-11-02 23:30:52.653] [cout] [info] time = 3.23 Performance = 88.6595 Constraint violation = 1.85979e-11
[2025-11-02 23:30:53.295] [cout] [info] time = 3.235 Performance = 80.2907 Constraint violation = 2.2769e-11
[2025-11-02 23:30:53.844] [cout] [info] time = 3.24 Performance = 72.4795 Constraint violation = 6.72047e-11
[2025-11-02 23:30:54.495] [cout] [info] time = 3.245 Performance = 65.2073 Constraint violation = 5.20538e-11
[2025-11-02 23:30:54.964] [cout] [info] time = 3.25 Performance = 58.3999 Constraint violation = 8.8779e-11
[2025-11-02 23:30:55.524] [cout] [info] time = 3.255 Performance = 51.9663 Constraint violation = 1.34014e-11
[2025-11-02 23:30:56.060] [cout] [info] time = 3.26 Performance = 45.8229 Constraint violation = 6.1197e-12
[2025-11-02 23:30:56.660] [cout] [info] time = 3.265 Performance = 39.9126 Constraint violation = 2.3852e-12
[2025-11-02 23:30:57.197] [cout] [info] time = 3.27 Performance = 34.2162 Constraint violation = 1.94132e-11
[2025-11-02 23:30:57.641] [cout] [info] time = 3.275 Performance = 28.7618 Constraint violation = 4.64050e-11
[2025-11-02 23:30:58.119] [cout] [info] time = 3.28 Performance = 23.6224 Constraint violation = 1.07244e-10
[2025-11-02 23:30:58.655] [cout] [info] time = 3.285 Performance = 18.8968 Constraint violation = 8.88382e-12
[2025-11-02 23:30:59.218] [cout] [info] time = 3.29 Performance = 14.6803 Constraint violation = 2.90663e-12
[2025-11-02 23:30:59.794] [cout] [info] time = 3.295 Performance = 11.037 Constraint violation = 5.77057e-13
[2025-11-02 23:31:00.321] [cout] [info] time = 3.3 Performance = 8.00812 Constraint violation = 6.79225e-13
[2025-11-02 23:31:00.885] [cout] [info] time = 3.30500 Performance = 5.60886 Constraint violation = 7.62755e-13
[2025-11-02 23:31:01.392] [cout] [info] time = 3.31 Performance = 3.8294 Constraint violation = 8.59297e-13
[2025-11-02 23:31:01.826] [cout] [info] time = 3.315 Performance = 2.63358 Constraint violation = 6.1899e-13
[2025-11-02 23:31:02.346] [cout] [info] time = 3.32 Performance = 1.9613 Constraint violation = 6.2342e-13
[2025-11-02 23:31:02.863] [cout] [info] time = 3.325 Performance = 1.73698 Constraint violation = 8.29624e-13
[2025-11-02 23:31:03.369] [cout] [info] time = 3.33 Performance = 1.87366 Constraint violation = 5.19468e-13
[2025-11-02 23:31:03.955] [cout] [info] time = 3.335 Performance = 2.2888 Constraint violation = 4.14334e-13
[2025-11-02 23:31:04.490] [cout] [info] time = 3.34 Performance = 2.90239 Constraint violation = 1.2361e-12
[2025-11-02 23:31:04.992] [cout] [info] time = 3.345 Performance = 3.65371 Constraint violation = 2.3394e-12
[2025-11-02 23:31:05.567] [cout] [info] time = 3.35 Performance = 4.49248 Constraint violation = 1.02598e-12
[2025-11-02 23:31:06.183] [cout] [info] time = 3.355 Performance = 5.38537 Constraint violation = 1.26957e-12
[2025-11-02 23:31:06.722] [cout] [info] time = 3.36 Performance = 6.31506 Constraint violation = 2.83891e-12
[2025-11-02 23:31:07.347] [cout] [info] time = 3.365 Performance = 7.28165 Constraint violation = 5.15028e-12
[2025-11-02 23:31:07.930] [cout] [info] time = 3.37 Performance = 8.29955 Constraint violation = 1.36777e-12
[2025-11-02 23:31:08.578] [cout] [info] time = 3.375 Performance = 9.38668 Constraint violation = 3.51619e-12
[2025-11-02 23:31:09.187] [cout] [info] time = 3.38 Performance = 10.5503 Constraint violation = 7.94771e-12
[2025-11-02 23:31:09.736] [cout] [info] time = 3.385 Performance = 11.7791 Constraint violation = 9.27169e-13
[2025-11-02 23:31:10.437] [cout] [info] time = 3.39 Performance = 13.042 Constraint violation = 3.07567e-12
[2025-11-02 23:31:11.036] [cout] [info] time = 3.395 Performance = 14.3093 Constraint violation = 9.60905e-13
[2025-11-02 23:31:11.559] [cout] [info] time = 3.4 Performance = 15.5605 Constraint violation = 1.08705e-12
[2025-11-02 23:31:12.117] [cout] [info] time = 3.40500 Performance = 16.7752 Constraint violation = 4.86595e-12
[2025-11-02 23:31:12.621] [cout] [info] time = 3.41 Performance = 17.9186 Constraint violation = 1.41752e-12
[2025-11-02 23:31:13.252] [cout] [info] time = 3.415 Performance = 18.9352 Constraint violation = 1.10285e-12
[2025-11-02 23:31:13.856] [cout] [info] time = 3.42 Performance = 19.7624 Constraint violation = 1.6556e-12
[2025-11-02 23:31:14.335] [cout] [info] time = 3.425 Performance = 20.3464 Constraint violation = 5.73824e-11
[2025-11-02 23:31:14.907] [cout] [info] time = 3.43 Performance = 20.6595 Constraint violation = 4.82688e-12
[2025-11-02 23:31:15.356] [cout] [info] time = 3.435 Performance = 20.6779 Constraint violation = 2.44164e-12
[2025-11-02 23:31:15.957] [cout] [info] time = 3.44 Performance = 20.3931 Constraint violation = 4.50545e-12
[2025-11-02 23:31:16.576] [cout] [info] time = 3.445 Performance = 19.8049 Constraint violation = 3.10371e-12
[2025-11-02 23:31:17.115] [cout] [info] time = 3.45 Performance = 18.9229 Constraint violation = 3.42651e-12
[2025-11-02 23:31:17.648] [cout] [info] time = 3.455 Performance = 17.7756 Constraint violation = 2.35886e-11
[2025-11-02 23:31:18.215] [cout] [info] time = 3.46 Performance = 16.4080 Constraint violation = 2.50977e-11
[2025-11-02 23:31:18.853] [cout] [info] time = 3.465 Performance = 14.885 Constraint violation = 3.26847e-12
[2025-11-02 23:31:19.345] [cout] [info] time = 3.47 Performance = 13.2826 Constraint violation = 2.08977e-11
[2025-11-02 23:31:19.944] [cout] [info] time = 3.475 Performance = 11.6777 Constraint violation = 8.49402e-13
[2025-11-02 23:31:20.546] [cout] [info] time = 3.48 Performance = 10.1355 Constraint violation = 3.23444e-12
[2025-11-02 23:31:21.066] [cout] [info] time = 3.485 Performance = 8.70740 Constraint violation = 2.6959e-12
[2025-11-02 23:31:21.637] [cout] [info] time = 3.49 Performance = 7.42705 Constraint violation = 1.37787e-12
[2025-11-02 23:31:22.177] [cout] [info] time = 3.495 Performance = 6.311 Constraint violation = 8.22204e-13
[2025-11-02 23:31:22.814] [cout] [info] time = 3.5 Performance = 5.36107 Constraint violation = 1.3515e-12
[2025-11-02 23:31:23.280] [cout] [info] time = 3.50500 Performance = 4.5664 Constraint violation = 1.58932e-12
[2025-11-02 23:31:23.829] [cout] [info] time = 3.51 Performance = 3.90915 Constraint violation = 1.99642e-12
[2025-11-02 23:31:24.410] [cout] [info] time = 3.515 Performance = 3.3747 Constraint violation = 8.6727e-13
[2025-11-02 23:31:25.054] [cout] [info] time = 3.52 Performance = 2.94473 Constraint violation = 9.67929e-13
[2025-11-02 23:31:25.544] [cout] [info] time = 3.525 Performance = 2.61737 Constraint violation = 1.05692e-12
[2025-11-02 23:31:26.068] [cout] [info] time = 3.53 Performance = 2.3923 Constraint violation = 5.30228e-13
[2025-11-02 23:31:26.565] [cout] [info] time = 3.535 Performance = 2.27361 Constraint violation = 1.27361e-12
[2025-11-02 23:31:26.570] [info] Printing results of investigation SO to .
[2025-11-02 23:31:27.113] [info] Loaded model Athlete_03 from file C:\Git\1_current_projects\powerlifing_model\models\Athlete_03\25_03_31\scaled_increasedForce3.osim
[2025-11-02 23:31:27.235] [info] Storage: read data file = C:\Git\1_current_projects\powerlifing_model\simulations\Athlete_03\25_03_31\Squat_bw_01\joint_angles.mot (nr=367 nc=40)
[2025-11-02 23:31:27.290] [info] Storage: read data file = C:\Git\1_current_projects\powerlifing_model\simulations\Athlete_03\25_03_31\Squat_bw_01\joint_angles.mot (nr=367 nc=40)
[2025-11-02 23:31:27.381] [info] Loaded model Athlete_03 from file C:\Git\1_current_projects\powerlifing_model\models\Athlete_03\25_03_31\scaled_increasedForce3.osim
[2025-11-02 23:31:27.515] [info] AbstractTool Analyse loading model ..\..\..\..\models\Athlete_03\25_03_31\scaled_increasedForce3.osim
[2025-11-02 23:31:27.610] [info] Loaded model Athlete_03 from file ..\..\..\..\models\Athlete_03\25_03_31\scaled_increasedForce3.osim
[2025-11-02 23:31:27.876] [info] Storage: read data file = grf.mot (nr=7080 nc=46)
[2025-11-02 23:31:28.078] [info] ExternalForce::grf_r_4 Data source being set to grf
[2025-11-02 23:31:28.078] [info] ExternalForce::grf_l_5 Data source being set to grf
[2025-11-02 23:31:28.102] [info] Loading coordinates from file 'joint_angles.mot'.
[2025-11-02 23:31:28.103] [info] Storage: read data file = joint_angles.mot (nr=367 nc=40)
[2025-11-02 23:31:28.125] [info] Low-pass filtering coordinates data with a cutoff frequency of 6.0...
[2025-11-02 23:31:34.995] [info] AssemblySolver::track() attempt Failed: SimTK Exception thrown at Assembler.cpp:973:
  Method Assembler::track() failed because:
Unable to achieve required assembly error tolerance.
Assembly error tolerance achieved: 3.1241825513419428e-09 required: 1e-10.
[2025-11-02 23:31:35.006] [error] Model unable to assemble: AssemblySolver::assemble() Failed: SimTK Exception thrown at Assembler.cpp:897:
  Method Assembler::assemble() failed because:
Unable to achieve required assembly error tolerance.
Assembly error tolerance achieved: 3.1241825759244457e-09 required: 1e-10..Model relaxing constraints and trying again.
[2025-11-02 23:31:35.121] [info] Found 733 state vectors with time stamps ranging from 0.79 to 4.45.
[2025-11-02 23:31:35.122] [info] Executing the analyses from 1.70500 to 3.535...
[2025-11-02 23:31:35.125] [info] Loading actuator forces from file C:\Git\1_current_projects\powerlifing_model\simulations\Athlete_03\25_03_31\Squat_bw_01\SO_StaticOptimization_force.sto.
[2025-11-02 23:31:35.153] [info] Storage: read data file = C:\Git\1_current_projects\powerlifing_model\simulations\Athlete_03\25_03_31\Squat_bw_01\SO_StaticOptimization_force.sto (nr=367 nc=132)
[2025-11-02 23:31:35.222] [info] Found 131 actuator forces with time stamps ranging from 1.70500to 3.535.
[2025-11-02 23:31:35.231] [warning] The forces file contains actuators that are not in the model's actuator set.
[2025-11-02 23:31:35.231] [warning] Ignoring fiber lengths and activations from the states since forces_file is also set. Actuator forces will be constructed from C:\Git\1_current_projects\powerlifing_model\simulations\Athlete_03\25_03_31\Squat_bw_01\SO_StaticOptimization_force.sto.
[2025-11-02 23:31:37.243] [info] Printing results of investigation Analyse to .
[2025-11-02 23:31:40.038] [info] Loaded model Athlete_03 from file C:\Git\1_current_projects\powerlifing_model\models\Athlete_03\25_03_31\scaled_increasedForce3.osim
[2025-11-02 23:31:40.225] [info] Storage: read data file = C:\Git\1_current_projects\powerlifing_model\simulations\Athlete_03\25_03_31\Walking_01\joint_angles.mot (nr=238 nc=40)
[2025-11-02 23:31:40.310] [info] AbstractTool SO loading model ..\..\..\..\models\Athlete_03\25_03_31\scaled_increasedForce3.osim
[2025-11-02 23:31:40.390] [info] Loaded model Athlete_03 from file ..\..\..\..\models\Athlete_03\25_03_31\scaled_increasedForce3.osim
[2025-11-02 23:31:40.538] [info] Adding force object set from actuators_so.xml
[2025-11-02 23:31:40.622] [info] Loaded model Athlete_03 from file C:\Git\1_current_projects\powerlifing_model\models\Athlete_03\25_03_31\scaled_increasedForce3.osim
[2025-11-02 23:31:40.739] [info] Storage: read data file = C:\Git\1_current_projects\powerlifing_model\simulations\Athlete_03\25_03_31\Walking_01\joint_angles.mot (nr=238 nc=40)
[2025-11-03 10:23:24.139] [info] Loaded model Athlete_03 from file C:\Git\1_current_projects\powerlifing_model\models\Athlete_03\25_03_31\scaled_increasedForce3.osim
[2025-11-03 10:23:25.807] [info] Storage: read data file = C:\Git\1_current_projects\powerlifing_model\simulations\Athlete_03\25_03_31\Squat_bar_01\joint_angles.mot (nr=481 nc=40)
[2025-11-03 10:23:25.939] [info] Loaded model Athlete_03 from file C:\Git\1_current_projects\powerlifing_model\models\Athlete_03\25_03_31\scaled_increasedForce3.osim
[2025-11-03 10:23:26.111] [info] Storage: read data file = C:\Git\1_current_projects\powerlifing_model\simulations\Athlete_03\25_03_31\Squat_bw_01\joint_angles.mot (nr=367 nc=40)
[2025-11-03 10:23:26.134] [info] Storage: read data file = C:\Git\1_current_projects\powerlifing_model\simulations\Athlete_03\25_03_31\Squat_bw_01\joint_angles.mot (nr=367 nc=40)
[2025-11-03 10:23:26.248] [info] Loaded model Athlete_03 from file C:\Git\1_current_projects\powerlifing_model\models\Athlete_03\25_03_31\scaled_increasedForce3.osim
[2025-11-03 10:23:26.476] [info] AbstractTool Analyse loading model ..\..\..\..\models\Athlete_03\25_03_31\scaled_increasedForce3.osim
[2025-11-03 10:23:26.607] [info] Loaded model Athlete_03 from file ..\..\..\..\models\Athlete_03\25_03_31\scaled_increasedForce3.osim
[2025-11-03 10:23:27.025] [info] Storage: read data file = grf.mot (nr=7080 nc=46)
[2025-11-03 10:23:27.689] [info] ExternalForce::grf_r_4 Data source being set to grf
[2025-11-03 10:23:27.690] [info] ExternalForce::grf_l_5 Data source being set to grf
[2025-11-03 10:23:27.778] [info] Loading coordinates from file 'joint_angles.mot'.
[2025-11-03 10:23:27.781] [info] Storage: read data file = joint_angles.mot (nr=367 nc=40)
[2025-11-03 10:23:27.832] [info] Low-pass filtering coordinates data with a cutoff frequency of 6.0...
[2025-11-03 10:23:39.805] [info] AssemblySolver::track() attempt Failed: SimTK Exception thrown at Assembler.cpp:973:
  Method Assembler::track() failed because:
Unable to achieve required assembly error tolerance.
Assembly error tolerance achieved: 3.1241825513419428e-09 required: 1e-10.
[2025-11-03 10:23:39.822] [error] Model unable to assemble: AssemblySolver::assemble() Failed: SimTK Exception thrown at Assembler.cpp:897:
  Method Assembler::assemble() failed because:
Unable to achieve required assembly error tolerance.
Assembly error tolerance achieved: 3.1241825759244457e-09 required: 1e-10..Model relaxing constraints and trying again.
[2025-11-03 10:23:39.969] [info] Found 733 state vectors with time stamps ranging from 0.79 to 4.45.
[2025-11-03 10:23:39.970] [info] Executing the analyses from 1.70500 to 3.535...
[2025-11-03 10:23:39.974] [info] Loading actuator forces from file C:\Git\1_current_projects\powerlifing_model\simulations\Athlete_03\25_03_31\Squat_bw_01\SO_StaticOptimization_force.sto.
[2025-11-03 10:23:39.999] [info] Storage: read data file = C:\Git\1_current_projects\powerlifing_model\simulations\Athlete_03\25_03_31\Squat_bw_01\SO_StaticOptimization_force.sto (nr=367 nc=132)
[2025-11-03 10:23:40.052] [info] Found 131 actuator forces with time stamps ranging from 1.70500to 3.535.
[2025-11-03 10:23:40.052] [warning] The forces file contains actuators that are not in the model's actuator set.
[2025-11-03 10:23:40.052] [warning] Ignoring fiber lengths and activations from the states since forces_file is also set. Actuator forces will be constructed from C:\Git\1_current_projects\powerlifing_model\simulations\Athlete_03\25_03_31\Squat_bw_01\SO_StaticOptimization_force.sto.
[2025-11-03 10:23:42.957] [info] Printing results of investigation Analyse to .
[2025-11-03 10:23:43.229] [info] Loaded model Athlete_03 from file C:\Git\1_current_projects\powerlifing_model\models\Athlete_03\25_03_31\scaled_increasedForce3.osim
[2025-11-03 10:23:43.410] [info] Storage: read data file = C:\Git\1_current_projects\powerlifing_model\simulations\Athlete_03\25_03_31\Walking_01\joint_angles.mot (nr=238 nc=40)
[2025-11-03 10:24:33.782] [info] Loaded model Athlete_03 from file C:\Git\1_current_projects\powerlifing_model\models\Athlete_03\25_03_31\scaled_increasedForce3.osim
[2025-11-03 10:24:33.856] [info] Storage: read data file = C:\Git\1_current_projects\powerlifing_model\simulations\Athlete_03\25_03_31\Squat_bar_01\joint_angles.mot (nr=481 nc=40)
[2025-11-03 10:24:34.032] [info] Loaded model Athlete_03 from file C:\Git\1_current_projects\powerlifing_model\models\Athlete_03\25_03_31\scaled_increasedForce3.osim
[2025-11-03 10:24:34.113] [info] Storage: read data file = C:\Git\1_current_projects\powerlifing_model\simulations\Athlete_03\25_03_31\Squat_bw_01\joint_angles.mot (nr=367 nc=40)
[2025-11-03 10:24:34.124] [info] Storage: read data file = C:\Git\1_current_projects\powerlifing_model\simulations\Athlete_03\25_03_31\Squat_bw_01\joint_angles.mot (nr=367 nc=40)
[2025-11-03 10:24:34.196] [info] Loaded model Athlete_03 from file C:\Git\1_current_projects\powerlifing_model\models\Athlete_03\25_03_31\scaled_increasedForce3.osim
[2025-11-03 10:24:34.283] [info] AbstractTool Analyse loading model ..\..\..\..\models\Athlete_03\25_03_31\scaled_increasedForce3.osim
[2025-11-03 10:24:34.339] [info] Loaded model Athlete_03 from file ..\..\..\..\models\Athlete_03\25_03_31\scaled_increasedForce3.osim
[2025-11-03 10:24:34.554] [info] Storage: read data file = grf.mot (nr=7080 nc=46)
[2025-11-03 10:24:34.771] [info] ExternalForce::grf_r_4 Data source being set to grf
[2025-11-03 10:24:34.771] [info] ExternalForce::grf_l_5 Data source being set to grf
[2025-11-03 10:24:34.791] [info] Loading coordinates from file 'joint_angles.mot'.
[2025-11-03 10:24:34.791] [info] Storage: read data file = joint_angles.mot (nr=367 nc=40)
[2025-11-03 10:24:34.804] [info] Low-pass filtering coordinates data with a cutoff frequency of 6.0...
[2025-11-03 10:24:43.980] [info] AssemblySolver::track() attempt Failed: SimTK Exception thrown at Assembler.cpp:973:
  Method Assembler::track() failed because:
Unable to achieve required assembly error tolerance.
Assembly error tolerance achieved: 3.1241825513419428e-09 required: 1e-10.
[2025-11-03 10:24:43.992] [error] Model unable to assemble: AssemblySolver::assemble() Failed: SimTK Exception thrown at Assembler.cpp:897:
  Method Assembler::assemble() failed because:
Unable to achieve required assembly error tolerance.
Assembly error tolerance achieved: 3.1241825759244457e-09 required: 1e-10..Model relaxing constraints and trying again.
[2025-11-03 10:24:44.115] [info] Found 733 state vectors with time stamps ranging from 0.79 to 4.45.
[2025-11-03 10:24:44.116] [info] Executing the analyses from 1.70500 to 3.535...
[2025-11-03 10:24:44.119] [info] Loading actuator forces from file C:\Git\1_current_projects\powerlifing_model\simulations\Athlete_03\25_03_31\Squat_bw_01\SO_StaticOptimization_force.sto.
[2025-11-03 10:24:44.119] [info] Storage: read data file = C:\Git\1_current_projects\powerlifing_model\simulations\Athlete_03\25_03_31\Squat_bw_01\SO_StaticOptimization_force.sto (nr=367 nc=132)
[2025-11-03 10:24:44.158] [info] Found 131 actuator forces with time stamps ranging from 1.70500to 3.535.
[2025-11-03 10:24:44.159] [warning] The forces file contains actuators that are not in the model's actuator set.
[2025-11-03 10:24:44.159] [warning] Ignoring fiber lengths and activations from the states since forces_file is also set. Actuator forces will be constructed from C:\Git\1_current_projects\powerlifing_model\simulations\Athlete_03\25_03_31\Squat_bw_01\SO_StaticOptimization_force.sto.
[2025-11-03 10:24:46.484] [info] Printing results of investigation Analyse to .
[2025-11-03 10:24:46.668] [info] Loaded model Athlete_03 from file C:\Git\1_current_projects\powerlifing_model\models\Athlete_03\25_03_31\scaled_increasedForce3.osim
[2025-11-03 10:24:46.831] [info] Storage: read data file = C:\Git\1_current_projects\powerlifing_model\simulations\Athlete_03\25_03_31\Walking_01\joint_angles.mot (nr=238 nc=40)
[2025-11-03 10:25:07.768] [info] Loaded model Athlete_03 from file C:\Git\1_current_projects\powerlifing_model\models\Athlete_03\25_03_31\scaled_increasedForce3.osim
[2025-11-03 10:25:07.857] [info] Storage: read data file = C:\Git\1_current_projects\powerlifing_model\simulations\Athlete_03\25_03_31\Squat_bar_01\joint_angles.mot (nr=481 nc=40)
[2025-11-03 10:25:07.883] [info] AbstractTool SO loading model ..\..\..\..\models\Athlete_03\25_03_31\scaled_increasedForce3.osim
[2025-11-03 10:25:07.925] [info] Loaded model Athlete_03 from file ..\..\..\..\models\Athlete_03\25_03_31\scaled_increasedForce3.osim
[2025-11-03 10:25:08.005] [info] Adding force object set from actuators_so.xml
[2025-11-03 10:25:08.070] [info] Loaded model Athlete_03 from file C:\Git\1_current_projects\powerlifing_model\models\Athlete_03\25_03_31\scaled_increasedForce3.osim
[2025-11-03 10:25:08.126] [info] Storage: read data file = C:\Git\1_current_projects\powerlifing_model\simulations\Athlete_03\25_03_31\Squat_bar_01\joint_angles.mot (nr=481 nc=40)
[2025-11-03 10:25:09.209] [info] Loaded model Athlete_03 from file C:\Git\1_current_projects\powerlifing_model\models\Athlete_03\25_03_31\scaled_increasedForce3.osim
[2025-11-03 10:25:09.319] [info] Storage: read data file = C:\Git\1_current_projects\powerlifing_model\simulations\Athlete_03\25_03_31\Squat_bw_01\joint_angles.mot (nr=367 nc=40)
[2025-11-03 10:25:09.355] [info] AbstractTool SO loading model ..\..\..\..\models\Athlete_03\25_03_31\scaled_increasedForce3.osim
[2025-11-03 10:25:09.403] [info] Loaded model Athlete_03 from file ..\..\..\..\models\Athlete_03\25_03_31\scaled_increasedForce3.osim
[2025-11-03 10:25:09.495] [info] Adding force object set from actuators_so.xml
[2025-11-03 10:25:09.590] [info] Storage: read data file = grf.mot (nr=7080 nc=46)
[2025-11-03 10:25:09.734] [info] ExternalForce::grf_r_4 Data source being set to grf
[2025-11-03 10:25:09.735] [info] ExternalForce::grf_l_5 Data source being set to grf
[2025-11-03 10:25:09.747] [info] Loading coordinates from file 'joint_angles.mot'.
[2025-11-03 10:25:09.747] [info] Storage: read data file = joint_angles.mot (nr=367 nc=40)
[2025-11-03 10:25:09.757] [info] Low-pass filtering coordinates data with a cutoff frequency of 6.0...
[2025-11-03 10:25:15.639] [info] AssemblySolver::track() attempt Failed: SimTK Exception thrown at Assembler.cpp:973:
  Method Assembler::track() failed because:
Unable to achieve required assembly error tolerance.
Assembly error tolerance achieved: 3.1241825513419428e-09 required: 1e-10.
[2025-11-03 10:25:15.651] [error] Model unable to assemble: AssemblySolver::assemble() Failed: SimTK Exception thrown at Assembler.cpp:897:
  Method Assembler::assemble() failed because:
Unable to achieve required assembly error tolerance.
Assembly error tolerance achieved: 3.1241825759244457e-09 required: 1e-10..Model relaxing constraints and trying again.
[2025-11-03 10:25:15.775] [info] Found 733 state vectors with time stamps ranging from 0.79 to 4.45.
[2025-11-03 10:25:15.775] [info] Executing the analyses from 1.70500 to 3.535...
[2025-11-03 10:25:15.929] [info] Storage: read data file = grf.mot (nr=7080 nc=46)
[2025-11-03 10:25:16.104] [info] ExternalForce::grf_r_4 Data source being set to grf
[2025-11-03 10:25:16.104] [info] ExternalForce::grf_l_5 Data source being set to grf
[2025-11-03 10:25:16.160] [info] Storage: read data file = grf.mot (nr=7080 nc=46)
[2025-11-03 10:25:16.345] [info] ExternalForce::grf_r_4 Data source being set to grf
[2025-11-03 10:25:16.345] [info] ExternalForce::grf_l_5 Data source being set to grf
[2025-11-03 10:25:18.126] [cout] [info] time = 1.70500 Performance = 15.6672 Constraint violation = 2.10002e-12
[2025-11-03 10:25:18.128] [info] Bounds for 'addbrev_r': 0.01 to 1.0.
[2025-11-03 10:25:18.129] [info] Bounds for 'addlong_r': 0.01 to 1.0.
[2025-11-03 10:25:18.129] [info] Bounds for 'addmagDist_r': 0.01 to 1.0.
[2025-11-03 10:25:18.129] [info] Bounds for 'addmagIsch_r': 0.01 to 1.0.
[2025-11-03 10:25:18.129] [info] Bounds for 'addmagMid_r': 0.01 to 1.0.
[2025-11-03 10:25:18.129] [info] Bounds for 'addmagProx_r': 0.01 to 1.0.
[2025-11-03 10:25:18.129] [info] Bounds for 'bflh_r': 0.01 to 1.0.
[2025-11-03 10:25:18.129] [info] Bounds for 'bfsh_r': 0.01 to 1.0.
[2025-11-03 10:25:18.130] [info] Bounds for 'edl_r': 0.01 to 1.0.
[2025-11-03 10:25:18.130] [info] Bounds for 'ehl_r': 0.01 to 1.0.
[2025-11-03 10:25:18.130] [info] Bounds for 'fdl_r': 0.01 to 1.0.
[2025-11-03 10:25:18.130] [info] Bounds for 'fhl_r': 0.01 to 1.0.
[2025-11-03 10:25:18.130] [info] Bounds for 'gaslat_r': 0.01 to 1.0.
[2025-11-03 10:25:18.130] [info] Bounds for 'gasmed_r': 0.01 to 1.0.
[2025-11-03 10:25:18.130] [info] Bounds for 'glmax1_r': 0.01 to 1.0.
[2025-11-03 10:25:18.131] [info] Bounds for 'glmax2_r': 0.01 to 1.0.
[2025-11-03 10:25:18.131] [info] Bounds for 'glmax3_r': 0.01 to 1.0.
[2025-11-03 10:25:18.131] [info] Bounds for 'glmed1_r': 0.01 to 1.0.
[2025-11-03 10:25:18.131] [info] Bounds for 'glmed2_r': 0.01 to 1.0.
[2025-11-03 10:25:18.131] [info] Bounds for 'glmed3_r': 0.01 to 1.0.
[2025-11-03 10:25:18.131] [info] Bounds for 'glmin1_r': 0.01 to 1.0.
[2025-11-03 10:25:18.131] [info] Bounds for 'glmin2_r': 0.01 to 1.0.
[2025-11-03 10:25:18.131] [info] Bounds for 'glmin3_r': 0.01 to 1.0.
[2025-11-03 10:25:18.131] [info] Bounds for 'grac_r': 0.01 to 1.0.
[2025-11-03 10:25:18.132] [info] Bounds for 'iliacus_r': 0.01 to 1.0.
[2025-11-03 10:25:18.132] [info] Bounds for 'perbrev_r': 0.01 to 1.0.
[2025-11-03 10:25:18.132] [info] Bounds for 'perlong_r': 0.01 to 1.0.
[2025-11-03 10:25:18.132] [info] Bounds for 'piri_r': 0.01 to 1.0.
[2025-11-03 10:25:18.132] [info] Bounds for 'psoas_r': 0.01 to 1.0.
[2025-11-03 10:25:18.132] [info] Bounds for 'recfem_r': 0.01 to 1.0.
[2025-11-03 10:25:18.132] [info] Bounds for 'sart_r': 0.01 to 1.0.
[2025-11-03 10:25:18.132] [info] Bounds for 'semimem_r': 0.01 to 1.0.
[2025-11-03 10:25:18.132] [info] Bounds for 'semiten_r': 0.01 to 1.0.
[2025-11-03 10:25:18.133] [info] Bounds for 'soleus_r': 0.01 to 1.0.
[2025-11-03 10:25:18.133] [info] Bounds for 'tfl_r': 0.01 to 1.0.
[2025-11-03 10:25:18.133] [info] Bounds for 'tibant_r': 0.01 to 1.0.
[2025-11-03 10:25:18.133] [info] Bounds for 'tibpost_r': 0.01 to 1.0.
[2025-11-03 10:25:18.133] [info] Bounds for 'vasint_r': 0.01 to 1.0.
[2025-11-03 10:25:18.133] [info] Bounds for 'vaslat_r': 0.01 to 1.0.
[2025-11-03 10:25:18.133] [info] Bounds for 'vasmed_r': 0.01 to 1.0.
[2025-11-03 10:25:18.133] [info] Bounds for 'addbrev_l': 0.01 to 1.0.
[2025-11-03 10:25:18.133] [info] Bounds for 'addlong_l': 0.01 to 1.0.
[2025-11-03 10:25:18.133] [info] Bounds for 'addmagDist_l': 0.01 to 1.0.
[2025-11-03 10:25:18.133] [info] Bounds for 'addmagIsch_l': 0.01 to 1.0.
[2025-11-03 10:25:18.133] [info] Bounds for 'addmagMid_l': 0.01 to 1.0.
[2025-11-03 10:25:18.133] [info] Bounds for 'addmagProx_l': 0.01 to 1.0.
[2025-11-03 10:25:18.134] [info] Bounds for 'bflh_l': 0.01 to 1.0.
[2025-11-03 10:25:18.134] [info] Bounds for 'bfsh_l': 0.01 to 1.0.
[2025-11-03 10:25:18.134] [info] Bounds for 'edl_l': 0.01 to 1.0.
[2025-11-03 10:25:18.134] [info] Bounds for 'ehl_l': 0.01 to 1.0.
[2025-11-03 10:25:18.134] [info] Bounds for 'fdl_l': 0.01 to 1.0.
[2025-11-03 10:25:18.134] [info] Bounds for 'fhl_l': 0.01 to 1.0.
[2025-11-03 10:25:18.134] [info] Bounds for 'gaslat_l': 0.01 to 1.0.
[2025-11-03 10:25:18.134] [info] Bounds for 'gasmed_l': 0.01 to 1.0.
[2025-11-03 10:25:18.134] [info] Bounds for 'glmax1_l': 0.01 to 1.0.
[2025-11-03 10:25:18.135] [info] Bounds for 'glmax2_l': 0.01 to 1.0.
[2025-11-03 10:25:18.135] [info] Bounds for 'glmax3_l': 0.01 to 1.0.
[2025-11-03 10:25:18.135] [info] Bounds for 'glmed1_l': 0.01 to 1.0.
[2025-11-03 10:25:18.135] [info] Bounds for 'glmed2_l': 0.01 to 1.0.
[2025-11-03 10:25:18.135] [info] Bounds for 'glmed3_l': 0.01 to 1.0.
[2025-11-03 10:25:18.135] [info] Bounds for 'glmin1_l': 0.01 to 1.0.
[2025-11-03 10:25:18.135] [info] Bounds for 'glmin2_l': 0.01 to 1.0.
[2025-11-03 10:25:18.135] [info] Bounds for 'glmin3_l': 0.01 to 1.0.
[2025-11-03 10:25:18.135] [info] Bounds for 'grac_l': 0.01 to 1.0.
[2025-11-03 10:25:18.136] [info] Bounds for 'iliacus_l': 0.01 to 1.0.
[2025-11-03 10:25:18.136] [info] Bounds for 'perbrev_l': 0.01 to 1.0.
[2025-11-03 10:25:18.136] [info] Bounds for 'perlong_l': 0.01 to 1.0.
[2025-11-03 10:25:18.136] [info] Bounds for 'piri_l': 0.01 to 1.0.
[2025-11-03 10:25:18.136] [info] Bounds for 'psoas_l': 0.01 to 1.0.
[2025-11-03 10:25:18.136] [info] Bounds for 'recfem_l': 0.01 to 1.0.
[2025-11-03 10:25:18.136] [info] Bounds for 'sart_l': 0.01 to 1.0.
[2025-11-03 10:25:18.136] [info] Bounds for 'semimem_l': 0.01 to 1.0.
[2025-11-03 10:25:18.136] [info] Bounds for 'semiten_l': 0.01 to 1.0.
[2025-11-03 10:25:18.136] [info] Bounds for 'soleus_l': 0.01 to 1.0.
[2025-11-03 10:25:18.137] [info] Bounds for 'tfl_l': 0.01 to 1.0.
[2025-11-03 10:25:18.137] [info] Bounds for 'tibant_l': 0.01 to 1.0.
[2025-11-03 10:25:18.137] [info] Bounds for 'tibpost_l': 0.01 to 1.0.
[2025-11-03 10:25:18.137] [info] Bounds for 'vasint_l': 0.01 to 1.0.
[2025-11-03 10:25:18.137] [info] Bounds for 'vaslat_l': 0.01 to 1.0.
[2025-11-03 10:25:18.137] [info] Bounds for 'vasmed_l': 0.01 to 1.0.
[2025-11-03 10:25:18.137] [info] Bounds for 'lumbar_ext': -inf to inf.
[2025-11-03 10:25:18.137] [info] Bounds for 'lumbar_bend': -inf to inf.
[2025-11-03 10:25:18.137] [info] Bounds for 'lumbar_rot': -inf to inf.
[2025-11-03 10:25:18.137] [info] Bounds for 'shoulder_flex_r': -inf to inf.
[2025-11-03 10:25:18.137] [info] Bounds for 'shoulder_add_r': -inf to inf.
[2025-11-03 10:25:18.138] [info] Bounds for 'shoulder_rot_r': -inf to inf.
[2025-11-03 10:25:18.138] [info] Bounds for 'elbow_flex_r': -inf to inf.
[2025-11-03 10:25:18.138] [info] Bounds for 'pro_sup_r': -inf to inf.
[2025-11-03 10:25:18.138] [info] Bounds for 'wrist_flex_r': -inf to inf.
[2025-11-03 10:25:18.138] [info] Bounds for 'wrist_dev_r': -inf to inf.
[2025-11-03 10:25:18.138] [info] Bounds for 'shoulder_flex_l': -inf to inf.
[2025-11-03 10:25:18.138] [info] Bounds for 'shoulder_add_l': -inf to inf.
[2025-11-03 10:25:18.138] [info] Bounds for 'shoulder_rot_l': -inf to inf.
[2025-11-03 10:25:18.138] [info] Bounds for 'elbow_flex_l': -inf to inf.
[2025-11-03 10:25:18.138] [info] Bounds for 'pro_sup_l': -inf to inf.
[2025-11-03 10:25:18.138] [info] Bounds for 'wrist_flex_l': -inf to inf.
[2025-11-03 10:25:18.138] [info] Bounds for 'wrist_dev_l': -inf to inf.
[2025-11-03 10:25:18.139] [info] Bounds for 'FX': -inf to inf.
[2025-11-03 10:25:18.139] [info] Bounds for 'FY': -inf to inf.
[2025-11-03 10:25:18.139] [info] Bounds for 'FZ': -inf to inf.
[2025-11-03 10:25:18.139] [info] Bounds for 'MX': -inf to inf.
[2025-11-03 10:25:18.139] [info] Bounds for 'MY': -inf to inf.
[2025-11-03 10:25:18.139] [info] Bounds for 'MZ': -inf to inf.
[2025-11-03 10:25:18.139] [info] Bounds for 'hip_flexion_r_reserve': -1.0 to 1.0.
[2025-11-03 10:25:18.139] [info] Bounds for 'hip_adduction_r_reserve': -1.0 to 1.0.
[2025-11-03 10:25:18.139] [info] Bounds for 'hip_rotation_r_reserve': -1.0 to 1.0.
[2025-11-03 10:25:18.139] [info] Bounds for 'knee_angle_r_reserve': -1.0 to 1.0.
[2025-11-03 10:25:18.139] [info] Bounds for 'ankle_angle_r_reserve': -1.0 to 1.0.
[2025-11-03 10:25:18.140] [info] Bounds for 'hip_flexion_l_reserve': -1.0 to 1.0.
[2025-11-03 10:25:18.140] [info] Bounds for 'hip_adduction_l_reserve': -1.0 to 1.0.
[2025-11-03 10:25:18.140] [info] Bounds for 'hip_rotation_l_reserve': -1.0 to 1.0.
[2025-11-03 10:25:18.140] [info] Bounds for 'knee_angle_l_reserve': -1.0 to 1.0.
[2025-11-03 10:25:18.140] [info] Bounds for 'ankle_angle_l_reserve': -1.0 to 1.0.
[2025-11-03 10:25:18.555] [cout] [info] time = 1.71 Performance = 20.1459 Constraint violation = 6.06256e-13
[2025-11-03 10:25:18.928] [cout] [info] time = 1.715 Performance = 25.2951 Constraint violation = 2.42476e-12
[2025-11-03 10:25:19.292] [cout] [info] time = 1.72 Performance = 30.8361 Constraint violation = 1.03048e-12
[2025-11-03 10:25:19.715] [cout] [info] time = 1.725 Performance = 36.433 Constraint violation = 4.87493e-12
[2025-11-03 10:25:20.101] [cout] [info] time = 1.73 Performance = 41.7296 Constraint violation = 1.90048e-12
[2025-11-03 10:25:20.474] [cout] [info] time = 1.735 Performance = 46.3903 Constraint violation = 5.80432e-12
[2025-11-03 10:25:20.860] [cout] [info] time = 1.74 Performance = 50.143 Constraint violation = 9.21017e-13
[2025-11-03 10:25:21.255] [cout] [info] time = 1.745 Performance = 52.821 Constraint violation = 2.49918e-12
[2025-11-03 10:25:21.656] [cout] [info] time = 1.75 Performance = 54.397 Constraint violation = 2.08669e-11
[2025-11-03 10:25:22.054] [cout] [info] time = 1.755 Performance = 55.0029 Constraint violation = 2.4846e-12
[2025-11-03 10:25:22.446] [cout] [info] time = 1.76 Performance = 54.9216 Constraint violation = 2.39083e-12
[2025-11-03 10:25:22.894] [cout] [info] time = 1.765 Performance = 54.537 Constraint violation = 6.42068e-12
[2025-11-03 10:25:23.290] [cout] [info] time = 1.77 Performance = 54.2468 Constraint violation = 6.19306e-12
[2025-11-03 10:25:23.667] [cout] [info] time = 1.775 Performance = 54.3527 Constraint violation = 2.76725e-12
[2025-11-03 10:25:24.032] [cout] [info] time = 1.78 Performance = 54.9589 Constraint violation = 1.10834e-11
[2025-11-03 10:25:24.397] [cout] [info] time = 1.785 Performance = 55.9358 Constraint violation = 8.60224e-12
[2025-11-03 10:25:24.770] [cout] [info] time = 1.79 Performance = 56.976 Constraint violation = 7.69453e-12
[2025-11-03 10:25:25.156] [cout] [info] time = 1.795 Performance = 57.71 Constraint violation = 2.3623e-12
[2025-11-03 10:25:25.547] [cout] [info] time = 1.8 Performance = 57.8285 Constraint violation = 4.68138e-12
[2025-11-03 10:25:25.941] [cout] [info] time = 1.80500 Performance = 57.1726 Constraint violation = 4.83385e-12
[2025-11-03 10:25:26.327] [cout] [info] time = 1.81 Performance = 55.7808 Constraint violation = 2.13605e-11
[2025-11-03 10:25:26.779] [cout] [info] time = 1.815 Performance = 53.8748 Constraint violation = 8.71296e-12
[2025-11-03 10:25:27.180] [cout] [info] time = 1.82 Performance = 51.7975 Constraint violation = 1.98807e-11
[2025-11-03 10:25:27.559] [cout] [info] time = 1.825 Performance = 49.8924 Constraint violation = 9.73184e-12
[2025-11-03 10:25:27.924] [cout] [info] time = 1.83 Performance = 48.3765 Constraint violation = 1.05011e-11
[2025-11-03 10:25:28.293] [cout] [info] time = 1.835 Performance = 47.2768 Constraint violation = 5.31759e-12
[2025-11-03 10:25:28.680] [cout] [info] time = 1.84 Performance = 46.4535 Constraint violation = 2.20231e-12
[2025-11-03 10:25:29.066] [cout] [info] time = 1.845 Performance = 45.6775 Constraint violation = 2.54632e-11
[2025-11-03 10:25:29.459] [cout] [info] time = 1.85 Performance = 44.6911 Constraint violation = 7.03339e-12
[2025-11-03 10:25:29.901] [cout] [info] time = 1.855 Performance = 43.2535 Constraint violation = 2.76866e-12
[2025-11-03 10:25:30.300] [cout] [info] time = 1.86 Performance = 41.1881 Constraint violation = 3.57235e-12
[2025-11-03 10:25:30.680] [cout] [info] time = 1.865 Performance = 38.4203 Constraint violation = 7.41778e-12
[2025-11-03 10:25:31.061] [cout] [info] time = 1.87 Performance = 34.993 Constraint violation = 2.17279e-12
[2025-11-03 10:25:31.463] [cout] [info] time = 1.875 Performance = 31.0622 Constraint violation = 4.39322e-12
[2025-11-03 10:25:31.919] [cout] [info] time = 1.88 Performance = 26.874 Constraint violation = 2.17952e-12
[2025-11-03 10:25:32.353] [cout] [info] time = 1.885 Performance = 22.7090 Constraint violation = 3.10946e-12
[2025-11-03 10:25:32.753] [cout] [info] time = 1.89 Performance = 18.8231 Constraint violation = 1.04603e-12
[2025-11-03 10:25:33.135] [cout] [info] time = 1.895 Performance = 15.4116 Constraint violation = 2.00354e-12
[2025-11-03 10:25:33.563] [cout] [info] time = 1.9 Performance = 12.5923 Constraint violation = 8.42926e-13
[2025-11-03 10:25:33.971] [cout] [info] time = 1.90500 Performance = 10.3987 Constraint violation = 1.44786e-12
[2025-11-03 10:25:34.355] [cout] [info] time = 1.91 Performance = 8.79397 Constraint violation = 9.54147e-13
[2025-11-03 10:25:34.729] [cout] [info] time = 1.915 Performance = 7.70229 Constraint violation = 1.87109e-12
[2025-11-03 10:25:35.095] [cout] [info] time = 1.92 Performance = 7.03824 Constraint violation = 1.15833e-12
[2025-11-03 10:25:35.473] [cout] [info] time = 1.925 Performance = 6.73245 Constraint violation = 6.51386e-13
[2025-11-03 10:25:35.855] [cout] [info] time = 1.93 Performance = 6.73712 Constraint violation = 9.7558e-13
[2025-11-03 10:25:36.251] [cout] [info] time = 1.935 Performance = 7.04299 Constraint violation = 1.53322e-12
[2025-11-03 10:25:36.663] [cout] [info] time = 1.94 Performance = 7.68651 Constraint violation = 1.03494e-12
[2025-11-03 10:25:37.098] [cout] [info] time = 1.945 Performance = 8.74897 Constraint violation = 1.30138e-12
[2025-11-03 10:25:37.495] [cout] [info] time = 1.95 Performance = 10.3339 Constraint violation = 1.40739e-12
[2025-11-03 10:25:37.875] [cout] [info] time = 1.955 Performance = 12.519 Constraint violation = 1.52444e-12
[2025-11-03 10:25:38.321] [cout] [info] time = 1.96 Performance = 15.3052 Constraint violation = 1.49608e-12
[2025-11-03 10:25:38.727] [cout] [info] time = 1.965 Performance = 18.5992 Constraint violation = 1.23603e-12
[2025-11-03 10:25:39.149] [cout] [info] time = 1.97 Performance = 22.2374 Constraint violation = 1.1882e-12
[2025-11-03 10:25:39.531] [cout] [info] time = 1.975 Performance = 26.0229 Constraint violation = 4.35731e-12
[2025-11-03 10:25:39.900] [cout] [info] time = 1.98 Performance = 29.7578 Constraint violation = 1.75624e-12
[2025-11-03 10:25:40.280] [cout] [info] time = 1.985 Performance = 33.271 Constraint violation = 1.91668e-12
[2025-11-03 10:25:40.724] [cout] [info] time = 1.99 Performance = 36.437 Constraint violation = 2.18819e-12
[2025-11-03 10:25:41.125] [cout] [info] time = 1.995 Performance = 39.1874 Constraint violation = 1.68231e-12
[2025-11-03 10:25:41.677] [cout] [info] time = 2.0 Performance = 41.5103 Constraint violation = 6.88849e-12
[2025-11-03 10:25:42.097] [cout] [info] time = 2.00500 Performance = 43.4238 Constraint violation = 2.95752e-12
[2025-11-03 10:25:42.549] [cout] [info] time = 2.01 Performance = 44.9551 Constraint violation = 2.54618e-12
[2025-11-03 10:25:42.953] [cout] [info] time = 2.015 Performance = 46.1412 Constraint violation = 1.54022e-11
[2025-11-03 10:25:43.371] [cout] [info] time = 2.02 Performance = 47.0488 Constraint violation = 3.82916e-12
[2025-11-03 10:25:43.753] [cout] [info] time = 2.025 Performance = 47.7818 Constraint violation = 3.84901e-12
[2025-11-03 10:25:44.124] [cout] [info] time = 2.03 Performance = 48.4575 Constraint violation = 1.94501e-11
[2025-11-03 10:25:44.490] [cout] [info] time = 2.035 Performance = 49.1716 Constraint violation = 7.49041e-12
[2025-11-03 10:25:44.868] [cout] [info] time = 2.04 Performance = 49.9728 Constraint violation = 1.70478e-11
[2025-11-03 10:25:45.301] [cout] [info] time = 2.045 Performance = 50.8618 Constraint violation = 9.89667e-12
[2025-11-03 10:25:45.696] [cout] [info] time = 2.05 Performance = 51.8076 Constraint violation = 6.68882e-12
[2025-11-03 10:25:46.076] [cout] [info] time = 2.055 Performance = 52.765 Constraint violation = 5.61546e-12
[2025-11-03 10:25:46.450] [cout] [info] time = 2.06 Performance = 53.6728 Constraint violation = 2.03603e-12
[2025-11-03 10:25:46.837] [cout] [info] time = 2.065 Performance = 54.4388 Constraint violation = 9.66183e-12
[2025-11-03 10:25:47.221] [cout] [info] time = 2.07 Performance = 54.9356 Constraint violation = 4.02743e-11
[2025-11-03 10:25:47.615] [cout] [info] time = 2.075 Performance = 55.0228 Constraint violation = 1.41024e-11
[2025-11-03 10:25:48.008] [cout] [info] time = 2.08 Performance = 54.5861 Constraint violation = 1.30378e-11
[2025-11-03 10:25:48.405] [cout] [info] time = 2.085 Performance = 53.5705 Constraint violation = 5.41256e-12
[2025-11-03 10:25:48.803] [cout] [info] time = 2.09 Performance = 51.9869 Constraint violation = 1.51441e-11
[2025-11-03 10:25:49.201] [cout] [info] time = 2.095 Performance = 49.8944 Constraint violation = 5.62438e-12
[2025-11-03 10:25:49.603] [cout] [info] time = 2.1 Performance = 47.3816 Constraint violation = 1.80954e-11
[2025-11-03 10:25:50.006] [cout] [info] time = 2.10500 Performance = 44.5558 Constraint violation = 4.02379e-12
[2025-11-03 10:25:50.407] [cout] [info] time = 2.11 Performance = 41.5331 Constraint violation = 1.01009e-11
[2025-11-03 10:25:50.805] [cout] [info] time = 2.115 Performance = 38.4284 Constraint violation = 3.85557e-12
[2025-11-03 10:25:51.196] [cout] [info] time = 2.12 Performance = 35.3445 Constraint violation = 4.78838e-12
[2025-11-03 10:25:51.603] [cout] [info] time = 2.125 Performance = 32.364 Constraint violation = 2.48523e-11
[2025-11-03 10:25:52.090] [cout] [info] time = 2.13 Performance = 29.5466 Constraint violation = 2.54335e-12
[2025-11-03 10:25:52.517] [cout] [info] time = 2.135 Performance = 26.9333 Constraint violation = 1.25482e-11
[2025-11-03 10:25:52.925] [cout] [info] time = 2.14 Performance = 24.5428 Constraint violation = 4.48084e-12
[2025-11-03 10:25:53.308] [cout] [info] time = 2.145 Performance = 22.3823 Constraint violation = 4.72186e-12
[2025-11-03 10:25:53.698] [cout] [info] time = 2.15 Performance = 20.4415 Constraint violation = 1.57654e-12
[2025-11-03 10:25:54.148] [cout] [info] time = 2.155 Performance = 18.7040 Constraint violation = 1.95515e-12
[2025-11-03 10:25:54.555] [cout] [info] time = 2.16 Performance = 17.1534 Constraint violation = 1.11893e-12
[2025-11-03 10:25:54.939] [cout] [info] time = 2.165 Performance = 15.7763 Constraint violation = 2.08678e-12
[2025-11-03 10:25:55.311] [cout] [info] time = 2.17 Performance = 14.5635 Constraint violation = 1.00164e-12
[2025-11-03 10:25:55.690] [cout] [info] time = 2.175 Performance = 13.5116 Constraint violation = 2.10424e-12
[2025-11-03 10:25:56.080] [cout] [info] time = 2.18 Performance = 12.6228 Constraint violation = 1.19803e-12
[2025-11-03 10:25:56.473] [cout] [info] time = 2.185 Performance = 11.9036 Constraint violation = 1.33797e-12
[2025-11-03 10:25:56.919] [cout] [info] time = 2.19 Performance = 11.36 Constraint violation = 7.96313e-13
[2025-11-03 10:25:57.333] [cout] [info] time = 2.195 Performance = 10.9929 Constraint violation = 1.43389e-12
[2025-11-03 10:25:57.713] [cout] [info] time = 2.2 Performance = 10.7962 Constraint violation = 2.58936e-12
[2025-11-03 10:25:58.083] [cout] [info] time = 2.20500 Performance = 10.7565 Constraint violation = 1.40329e-12
[2025-11-03 10:25:58.521] [cout] [info] time = 2.21 Performance = 10.859 Constraint violation = 1.29833e-12
[2025-11-03 10:25:58.919] [cout] [info] time = 2.215 Performance = 11.0911 Constraint violation = 1.69913e-12
[2025-11-03 10:25:59.293] [cout] [info] time = 2.22 Performance = 11.4469 Constraint violation = 1.97783e-12
[2025-11-03 10:25:59.664] [cout] [info] time = 2.225 Performance = 11.9245 Constraint violation = 1.5829e-12
[2025-11-03 10:26:00.042] [cout] [info] time = 2.23 Performance = 12.5226 Constraint violation = 3.07984e-12
[2025-11-03 10:26:00.484] [cout] [info] time = 2.235 Performance = 13.2392 Constraint violation = 2.23202e-12
[2025-11-03 10:26:00.886] [cout] [info] time = 2.24 Performance = 14.0567 Constraint violation = 2.07707e-12
[2025-11-03 10:26:01.314] [cout] [info] time = 2.245 Performance = 14.9472 Constraint violation = 1.12872e-12
[2025-11-03 10:26:01.706] [cout] [info] time = 2.25 Performance = 15.8802 Constraint violation = 1.69086e-12
[2025-11-03 10:26:02.127] [cout] [info] time = 2.255 Performance = 16.8289 Constraint violation = 6.61561e-13
[2025-11-03 10:26:02.515] [cout] [info] time = 2.26 Performance = 17.7605 Constraint violation = 1.87078e-12
[2025-11-03 10:26:02.960] [cout] [info] time = 2.265 Performance = 18.6335 Constraint violation = 2.60544e-12
[2025-11-03 10:26:03.395] [cout] [info] time = 2.27 Performance = 19.4099 Constraint violation = 2.21943e-12
[2025-11-03 10:26:03.777] [cout] [info] time = 2.275 Performance = 20.0696 Constraint violation = 2.03801e-12
[2025-11-03 10:26:04.145] [cout] [info] time = 2.28 Performance = 20.6152 Constraint violation = 3.08447e-12
[2025-11-03 10:26:04.518] [cout] [info] time = 2.285 Performance = 21.0735 Constraint violation = 1.93458e-12
[2025-11-03 10:26:04.964] [cout] [info] time = 2.29 Performance = 21.4946 Constraint violation = 1.87688e-12
[2025-11-03 10:26:05.375] [cout] [info] time = 2.295 Performance = 21.9463 Constraint violation = 4.61821e-12
[2025-11-03 10:26:05.757] [cout] [info] time = 2.3 Performance = 22.5065 Constraint violation = 3.25801e-12
[2025-11-03 10:26:06.178] [cout] [info] time = 2.30500 Performance = 23.2577 Constraint violation = 3.2697e-12
[2025-11-03 10:26:06.578] [cout] [info] time = 2.31 Performance = 24.2836 Constraint violation = 4.36365e-12
[2025-11-03 10:26:06.953] [cout] [info] time = 2.315 Performance = 25.6679 Constraint violation = 4.26372e-12
[2025-11-03 10:26:07.323] [cout] [info] time = 2.32 Performance = 27.4839 Constraint violation = 1.75918e-11
[2025-11-03 10:26:07.701] [cout] [info] time = 2.325 Performance = 29.7742 Constraint violation = 1.29356e-12
[2025-11-03 10:26:08.088] [cout] [info] time = 2.33 Performance = 32.5382 Constraint violation = 3.24572e-11
[2025-11-03 10:26:08.485] [cout] [info] time = 2.335 Performance = 35.7366 Constraint violation = 1.85898e-11
[2025-11-03 10:26:08.887] [cout] [info] time = 2.34 Performance = 39.2976 Constraint violation = 7.74988e-11
[2025-11-03 10:26:09.285] [cout] [info] time = 2.345 Performance = 43.1056 Constraint violation = 2.84646e-12
[2025-11-03 10:26:09.686] [cout] [info] time = 2.35 Performance = 46.9861 Constraint violation = 1.09442e-11
[2025-11-03 10:26:10.138] [cout] [info] time = 2.355 Performance = 50.7058 Constraint violation = 2.78921e-11
[2025-11-03 10:26:10.540] [cout] [info] time = 2.36 Performance = 53.9876 Constraint violation = 1.46632e-11
[2025-11-03 10:26:10.919] [cout] [info] time = 2.365 Performance = 56.5569 Constraint violation = 7.05321e-12
[2025-11-03 10:26:11.324] [cout] [info] time = 2.37 Performance = 58.2244 Constraint violation = 1.77069e-10
[2025-11-03 10:26:11.720] [cout] [info] time = 2.375 Performance = 58.9628 Constraint violation = 7.55938e-11
[2025-11-03 10:26:12.217] [cout] [info] time = 2.38 Performance = 58.8667 Constraint violation = 2.47090e-11
[2025-11-03 10:26:12.658] [cout] [info] time = 2.385 Performance = 58.0814 Constraint violation = 7.5675e-12
[2025-11-03 10:26:13.105] [cout] [info] time = 2.39 Performance = 56.7737 Constraint violation = 3.41859e-11
[2025-11-03 10:26:13.522] [cout] [info] time = 2.395 Performance = 55.0547 Constraint violation = 1.42857e-11
[2025-11-03 10:26:13.926] [cout] [info] time = 2.4 Performance = 53.0373 Constraint violation = 7.21285e-12
[2025-11-03 10:26:14.318] [cout] [info] time = 2.40500 Performance = 50.8031 Constraint violation = 7.33419e-12
[2025-11-03 10:26:14.710] [cout] [info] time = 2.41 Performance = 48.4283 Constraint violation = 1.45827e-11
[2025-11-03 10:26:15.171] [cout] [info] time = 2.415 Performance = 45.9821 Constraint violation = 9.00885e-12
[2025-11-03 10:26:15.585] [cout] [info] time = 2.42 Performance = 43.5183 Constraint violation = 1.16888e-11
[2025-11-03 10:26:15.986] [cout] [info] time = 2.425 Performance = 41.0953 Constraint violation = 2.25629e-11
[2025-11-03 10:26:16.374] [cout] [info] time = 2.43 Performance = 38.7896 Constraint violation = 5.40100e-12
[2025-11-03 10:26:16.806] [cout] [info] time = 2.435 Performance = 36.6995 Constraint violation = 1.83251e-12
[2025-11-03 10:26:17.245] [cout] [info] time = 2.44 Performance = 34.9147 Constraint violation = 8.03479e-12
[2025-11-03 10:26:17.661] [cout] [info] time = 2.445 Performance = 33.5154 Constraint violation = 3.38807e-12
[2025-11-03 10:26:18.112] [cout] [info] time = 2.45 Performance = 32.5602 Constraint violation = 2.19725e-12
[2025-11-03 10:26:18.550] [cout] [info] time = 2.455 Performance = 32.089 Constraint violation = 3.16197e-12
[2025-11-03 10:26:18.961] [cout] [info] time = 2.46 Performance = 32.1246 Constraint violation = 2.87572e-12
[2025-11-03 10:26:19.415] [cout] [info] time = 2.465 Performance = 32.6804 Constraint violation = 1.97576e-12
[2025-11-03 10:26:19.833] [cout] [info] time = 2.47 Performance = 33.7641 Constraint violation = 3.24926e-12
[2025-11-03 10:26:20.223] [cout] [info] time = 2.475 Performance = 35.3768 Constraint violation = 5.53212e-12
[2025-11-03 10:26:20.607] [cout] [info] time = 2.48 Performance = 37.5108 Constraint violation = 1.72931e-11
[2025-11-03 10:26:21.061] [cout] [info] time = 2.485 Performance = 40.1566 Constraint violation = 1.69234e-11
[2025-11-03 10:26:21.474] [cout] [info] time = 2.49 Performance = 43.3171 Constraint violation = 1.79485e-12
[2025-11-03 10:26:21.892] [cout] [info] time = 2.495 Performance = 47.0121 Constraint violation = 2.8631e-12
[2025-11-03 10:26:22.521] [cout] [info] time = 2.5 Performance = 51.2613 Constraint violation = 1.90194e-11
[2025-11-03 10:26:23.511] [cout] [info] time = 2.50500 Performance = 56.0714 Constraint violation = 1.8195e-12
[2025-11-03 10:26:24.437] [cout] [info] time = 2.51 Performance = 61.4447 Constraint violation = 8.2875e-12
[2025-11-03 10:26:26.113] [cout] [info] time = 2.515 Performance = 67.4072 Constraint violation = 2.73466e-12
[2025-11-03 10:26:27.359] [cout] [info] time = 2.52 Performance = 74.0262 Constraint violation = 1.27305e-11
[2025-11-03 10:26:28.607] [cout] [info] time = 2.525 Performance = 81.4195 Constraint violation = 2.38214e-11
[2025-11-03 10:26:29.547] [cout] [info] time = 2.53 Performance = 89.734 Constraint violation = 3.49644e-12
[2025-11-03 10:26:30.434] [cout] [info] time = 2.535 Performance = 99.1045 Constraint violation = 1.3172e-11
[2025-11-03 10:26:31.187] [cout] [info] time = 2.54 Performance = 109.609 Constraint violation = 1.37981e-12
[2025-11-03 10:26:31.881] [cout] [info] time = 2.545 Performance = 121.248 Constraint violation = 4.64636e-12
[2025-11-03 10:26:32.729] [cout] [info] time = 2.55 Performance = 133.94 Constraint violation = 5.11362e-11
[2025-11-03 10:26:33.868] [cout] [info] time = 2.555 Performance = 147.516 Constraint violation = 3.03818e-10
[2025-11-03 10:26:35.876] [cout] [info] time = 2.56 Performance = 161.702 Constraint violation = 7.5294e-11
[2025-11-03 10:26:37.269] [cout] [info] time = 2.565 Performance = 176.108 Constraint violation = 1.37644e-10
[2025-11-03 10:26:38.176] [cout] [info] time = 2.57 Performance = 190.249 Constraint violation = 3.78032e-10
[2025-11-03 10:26:38.858] [cout] [info] time = 2.575 Performance = 203.599 Constraint violation = 3.93271e-11
[2025-11-03 10:26:39.540] [cout] [info] time = 2.58 Performance = 215.651 Constraint violation = 1.16611e-10
[2025-11-03 10:26:40.128] [cout] [info] time = 2.585 Performance = 225.953 Constraint violation = 4.88881e-11
[2025-11-03 10:26:40.716] [cout] [info] time = 2.59 Performance = 234.133 Constraint violation = 1.67318e-10
[2025-11-03 10:26:41.417] [cout] [info] time = 2.595 Performance = 239.931 Constraint violation = 8.4339e-11
[2025-11-03 10:26:42.165] [cout] [info] time = 2.6 Performance = 243.222 Constraint violation = 9.16205e-11
[2025-11-03 10:26:43.093] [cout] [info] time = 2.60500 Performance = 244.008 Constraint violation = 5.92308e-11
[2025-11-03 10:26:43.830] [cout] [info] time = 2.61 Performance = 242.4 Constraint violation = 1.7548e-10
[2025-11-03 10:26:44.656] [cout] [info] time = 2.615 Performance = 238.606 Constraint violation = 1.71983e-10
[2025-11-03 10:26:45.407] [cout] [info] time = 2.62 Performance = 232.922 Constraint violation = 9.18801e-10
[2025-11-03 10:26:46.200] [cout] [info] time = 2.625 Performance = 225.695 Constraint violation = 3.5489e-12
[2025-11-03 10:26:46.940] [cout] [info] time = 2.63 Performance = 217.264 Constraint violation = 1.04025e-11
[2025-11-03 10:26:47.715] [cout] [info] time = 2.635 Performance = 207.893 Constraint violation = 5.26851e-11
[2025-11-03 10:26:48.407] [cout] [info] time = 2.64 Performance = 197.734 Constraint violation = 3.17368e-10
[2025-11-03 10:26:49.240] [cout] [info] time = 2.645 Performance = 186.843 Constraint violation = 8.29111e-11
[2025-11-03 10:26:50.205] [cout] [info] time = 2.65 Performance = 175.223 Constraint violation = 1.43875e-10
[2025-11-03 10:26:51.848] [cout] [info] time = 2.655 Performance = 162.899 Constraint violation = 5.17812e-11
[2025-11-03 10:26:53.206] [cout] [info] time = 2.66 Performance = 149.948 Constraint violation = 1.28566e-10
[2025-11-03 10:26:54.062] [cout] [info] time = 2.665 Performance = 136.49 Constraint violation = 2.55256e-10
[2025-11-03 10:26:54.833] [cout] [info] time = 2.67 Performance = 122.692 Constraint violation = 2.44562e-10
[2025-11-03 10:26:55.460] [cout] [info] time = 2.675 Performance = 108.778 Constraint violation = 2.52285e-12
[2025-11-03 10:26:56.025] [cout] [info] time = 2.68 Performance = 95.0381 Constraint violation = 5.4768e-11
[2025-11-03 10:26:56.606] [cout] [info] time = 2.685 Performance = 81.8117 Constraint violation = 7.74854e-11
[2025-11-03 10:26:57.401] [cout] [info] time = 2.69 Performance = 69.4642 Constraint violation = 3.87402e-11
[2025-11-03 10:26:58.180] [cout] [info] time = 2.695 Performance = 58.3403 Constraint violation = 4.50314e-12
[2025-11-03 10:26:58.957] [cout] [info] time = 2.7 Performance = 48.6938 Constraint violation = 6.29524e-12
[2025-11-03 10:26:59.846] [cout] [info] time = 2.70500 Performance = 40.6709 Constraint violation = 5.7227e-12
[2025-11-03 10:27:00.609] [cout] [info] time = 2.71 Performance = 34.3223 Constraint violation = 2.18943e-12
[2025-11-03 10:27:01.241] [cout] [info] time = 2.715 Performance = 29.6367 Constraint violation = 1.74348e-12
[2025-11-03 10:27:01.762] [cout] [info] time = 2.72 Performance = 26.5563 Constraint violation = 2.62576e-12
[2025-11-03 10:27:02.314] [cout] [info] time = 2.725 Performance = 24.9817 Constraint violation = 2.34272e-11
[2025-11-03 10:27:02.864] [cout] [info] time = 2.73 Performance = 24.7664 Constraint violation = 4.79862e-12
[2025-11-03 10:27:03.757] [cout] [info] time = 2.735 Performance = 25.7116 Constraint violation = 2.59507e-11
[2025-11-03 10:27:04.501] [cout] [info] time = 2.74 Performance = 27.5492 Constraint violation = 1.053e-12
[2025-11-03 10:27:05.165] [cout] [info] time = 2.745 Performance = 29.9809 Constraint violation = 1.58075e-12
[2025-11-03 10:27:05.807] [cout] [info] time = 2.75 Performance = 32.7031 Constraint violation = 2.88051e-12
[2025-11-03 10:27:06.400] [cout] [info] time = 2.755 Performance = 35.4636 Constraint violation = 3.23123e-12
[2025-11-03 10:27:06.929] [cout] [info] time = 2.76 Performance = 38.1033 Constraint violation = 1.51614e-11
[2025-11-03 10:27:07.534] [cout] [info] time = 2.765 Performance = 40.5445 Constraint violation = 2.52007e-12
[2025-11-03 10:27:08.095] [cout] [info] time = 2.77 Performance = 42.7387 Constraint violation = 1.52028e-11
[2025-11-03 10:27:08.677] [cout] [info] time = 2.775 Performance = 44.6161 Constraint violation = 2.076e-12
[2025-11-03 10:27:09.318] [cout] [info] time = 2.78 Performance = 46.0663 Constraint violation = 4.27421e-12
[2025-11-03 10:27:09.748] [cout] [info] time = 2.785 Performance = 46.9416 Constraint violation = 4.1886e-12
[2025-11-03 10:27:10.217] [cout] [info] time = 2.79 Performance = 47.0737 Constraint violation = 2.09612e-11
[2025-11-03 10:27:10.806] [cout] [info] time = 2.795 Performance = 46.3108 Constraint violation = 7.7431e-12
[2025-11-03 10:27:11.343] [cout] [info] time = 2.8 Performance = 44.5631 Constraint violation = 8.184e-12
[2025-11-03 10:27:11.824] [cout] [info] time = 2.80500 Performance = 41.8488 Constraint violation = 1.67498e-11
[2025-11-03 10:27:12.332] [cout] [info] time = 2.81 Performance = 38.3286 Constraint violation = 3.08432e-12
[2025-11-03 10:27:12.784] [cout] [info] time = 2.815 Performance = 34.3032 Constraint violation = 3.36911e-12
[2025-11-03 10:27:13.273] [cout] [info] time = 2.82 Performance = 30.152 Constraint violation = 5.68071e-12
[2025-11-03 10:27:13.876] [cout] [info] time = 2.825 Performance = 26.2412 Constraint violation = 3.77786e-12
[2025-11-03 10:27:14.563] [cout] [info] time = 2.83 Performance = 22.8458 Constraint violation = 2.31683e-12
[2025-11-03 10:27:15.291] [cout] [info] time = 2.835 Performance = 20.1146 Constraint violation = 3.63157e-12
[2025-11-03 10:27:16.007] [cout] [info] time = 2.84 Performance = 18.0781 Constraint violation = 1.54418e-12
[2025-11-03 10:27:16.767] [cout] [info] time = 2.845 Performance = 16.681 Constraint violation = 1.63162e-12
[2025-11-03 10:27:17.518] [cout] [info] time = 2.85 Performance = 15.8249 Constraint violation = 1.15706e-12
[2025-11-03 10:27:18.315] [cout] [info] time = 2.855 Performance = 15.4145 Constraint violation = 1.38475e-12
[2025-11-03 10:27:19.132] [cout] [info] time = 2.86 Performance = 15.3951 Constraint violation = 2.78997e-12
[2025-11-03 10:27:19.902] [cout] [info] time = 2.865 Performance = 15.7686 Constraint violation = 1.51967e-12
[2025-11-03 10:27:20.603] [cout] [info] time = 2.87 Performance = 16.5978 Constraint violation = 1.41987e-12
[2025-11-03 10:27:21.280] [cout] [info] time = 2.875 Performance = 18.0098 Constraint violation = 5.89343e-13
[2025-11-03 10:27:22.090] [cout] [info] time = 2.88 Performance = 20.2017 Constraint violation = 1.45682e-12
[2025-11-03 10:27:22.955] [cout] [info] time = 2.885 Performance = 23.4464 Constraint violation = 1.17972e-12
[2025-11-03 10:27:23.780] [cout] [info] time = 2.89 Performance = 28.0964 Constraint violation = 2.15784e-12
[2025-11-03 10:27:24.642] [cout] [info] time = 2.895 Performance = 34.5819 Constraint violation = 1.75656e-12
[2025-11-03 10:27:25.430] [cout] [info] time = 2.9 Performance = 43.3976 Constraint violation = 3.60637e-12
[2025-11-03 10:27:26.175] [cout] [info] time = 2.90500 Performance = 55.0707 Constraint violation = 1.16226e-12
[2025-11-03 10:27:27.095] [cout] [info] time = 2.91 Performance = 70.1068 Constraint violation = 4.05030e-12
[2025-11-03 10:27:27.849] [cout] [info] time = 2.915 Performance = 88.9069 Constraint violation = 9.40093e-12
[2025-11-03 10:27:28.440] [cout] [info] time = 2.92 Performance = 111.665 Constraint violation = 3.11849e-11
[2025-11-03 10:27:29.148] [cout] [info] time = 2.925 Performance = 138.298 Constraint violation = 3.65568e-11
[2025-11-03 10:27:29.808] [cout] [info] time = 2.93 Performance = 168.455 Constraint violation = 4.09514e-10
[2025-11-03 10:27:30.421] [cout] [info] time = 2.935 Performance = 201.559 Constraint violation = 1.30155e-10
[2025-11-03 10:27:31.025] [cout] [info] time = 2.94 Performance = 236.752 Constraint violation = 8.81697e-10
[2025-11-03 10:27:31.578] [cout] [info] time = 2.945 Performance = 272.821 Constraint violation = 1.40980e-09
[2025-11-03 10:27:32.127] [cout] [info] time = 2.95 Performance = 308.24 Constraint violation = 3.26142e-10
[2025-11-03 10:27:32.617] [cout] [info] time = 2.955 Performance = 341.385 Constraint violation = 6.73106e-11
[2025-11-03 10:27:33.211] [cout] [info] time = 2.96 Performance = 370.848 Constraint violation = 2.6761e-10
[2025-11-03 10:27:33.793] [cout] [info] time = 2.965 Performance = 395.742 Constraint violation = 9.03401e-10
[2025-11-03 10:27:34.280] [cout] [info] time = 2.97 Performance = 415.749 Constraint violation = 7.84578e-10
[2025-11-03 10:27:34.956] [cout] [info] time = 2.975 Performance = 430.834 Constraint violation = 1.05068e-10
[2025-11-03 10:27:35.484] [cout] [info] time = 2.98 Performance = 440.905 Constraint violation = 6.96341e-10
[2025-11-03 10:27:36.156] [cout] [info] time = 2.985 Performance = 445.678 Constraint violation = 3.14619e-10
[2025-11-03 10:27:36.789] [cout] [info] time = 2.99 Performance = 444.776 Constraint violation = 3.05127e-10
[2025-11-03 10:27:37.401] [cout] [info] time = 2.995 Performance = 437.895 Constraint violation = 1.71124e-10
[2025-11-03 10:27:37.833] [cout] [info] time = 3.0 Performance = 425.0 Constraint violation = 4.32005e-10
[2025-11-03 10:27:38.391] [cout] [info] time = 3.00500 Performance = 406.532 Constraint violation = 5.60614e-10
[2025-11-03 10:27:38.879] [cout] [info] time = 3.01 Performance = 383.414 Constraint violation = 1.70888e-10
[2025-11-03 10:27:39.289] [cout] [info] time = 3.015 Performance = 356.8 Constraint violation = 1.21907e-09
[2025-11-03 10:27:39.706] [cout] [info] time = 3.02 Performance = 328.012 Constraint violation = 4.16918e-11
[2025-11-03 10:27:40.187] [cout] [info] time = 3.025 Performance = 298.719 Constraint violation = 5.59698e-11
[2025-11-03 10:27:40.682] [cout] [info] time = 3.03 Performance = 270.968 Constraint violation = 1.29671e-10
[2025-11-03 10:27:41.155] [cout] [info] time = 3.035 Performance = 247.002 Constraint violation = 2.19482e-10
[2025-11-03 10:27:41.763] [cout] [info] time = 3.04 Performance = 229.096 Constraint violation = 3.43591e-10
[2025-11-03 10:27:42.255] [cout] [info] time = 3.045 Performance = 219.361 Constraint violation = 1.21749e-10
[2025-11-03 10:27:42.763] [cout] [info] time = 3.05 Performance = 219.368 Constraint violation = 2.1392e-10
[2025-11-03 10:27:43.242] [cout] [info] time = 3.055 Performance = 229.707 Constraint violation = 1.70963e-10
[2025-11-03 10:27:43.755] [cout] [info] time = 3.06 Performance = 249.655 Constraint violation = 3.67488e-10
[2025-11-03 10:27:44.356] [cout] [info] time = 3.065 Performance = 277.107 Constraint violation = 5.58005e-12
[2025-11-03 10:27:44.986] [cout] [info] time = 3.07 Performance = 308.789 Constraint violation = 2.67168e-10
[2025-11-03 10:27:45.514] [cout] [info] time = 3.075 Performance = 340.663 Constraint violation = 6.75262e-11
[2025-11-03 10:27:46.061] [cout] [info] time = 3.08 Performance = 368.416 Constraint violation = 1.28864e-08
[2025-11-03 10:27:46.665] [cout] [info] time = 3.085 Performance = 387.973 Constraint violation = 7.90218e-10
[2025-11-03 10:27:47.208] [cout] [info] time = 3.09 Performance = 395.979 Constraint violation = 5.9772e-11
[2025-11-03 10:27:47.863] [cout] [info] time = 3.095 Performance = 390.214 Constraint violation = 8.47809e-10
[2025-11-03 10:27:48.500] [cout] [info] time = 3.1 Performance = 369.896 Constraint violation = 4.93037e-10
[2025-11-03 10:27:49.027] [cout] [info] time = 3.10500 Performance = 335.838 Constraint violation = 1.64038e-10
[2025-11-03 10:27:49.579] [cout] [info] time = 3.11 Performance = 290.444 Constraint violation = 2.42486e-10
[2025-11-03 10:27:50.098] [cout] [info] time = 3.115 Performance = 237.511 Constraint violation = 1.5543e-10
[2025-11-03 10:27:50.584] [cout] [info] time = 3.12 Performance = 181.823 Constraint violation = 4.25615e-11
[2025-11-03 10:27:51.130] [cout] [info] time = 3.125 Performance = 128.438 Constraint violation = 1.69396e-10
[2025-11-03 10:27:51.635] [cout] [info] time = 3.13 Performance = 81.7936 Constraint violation = 1.56722e-10
[2025-11-03 10:27:52.099] [cout] [info] time = 3.135 Performance = 45.0221 Constraint violation = 1.37943e-11
[2025-11-03 10:27:52.718] [cout] [info] time = 3.14 Performance = 19.7916 Constraint violation = 7.92906e-12
[2025-11-03 10:27:53.201] [cout] [info] time = 3.145 Performance = 6.48844 Constraint violation = 7.11019e-13
[2025-11-03 10:27:53.896] [cout] [info] time = 3.15 Performance = 4.42927 Constraint violation = 7.37158e-13
[2025-11-03 10:27:54.676] [cout] [info] time = 3.155 Performance = 12.03 Constraint violation = 2.91436e-12
[2025-11-03 10:27:55.363] [cout] [info] time = 3.16 Performance = 26.9774 Constraint violation = 5.10087e-12
[2025-11-03 10:27:55.995] [cout] [info] time = 3.165 Performance = 46.4898 Constraint violation = 4.07158e-11
[2025-11-03 10:27:56.549] [cout] [info] time = 3.17 Performance = 67.6981 Constraint violation = 4.25335e-11
[2025-11-03 10:27:57.207] [cout] [info] time = 3.175 Performance = 88.0557 Constraint violation = 2.46596e-11
[2025-11-03 10:27:57.855] [cout] [info] time = 3.18 Performance = 105.618 Constraint violation = 1.10237e-10
[2025-11-03 10:27:58.480] [cout] [info] time = 3.185 Performance = 119.143 Constraint violation = 3.07191e-12
[2025-11-03 10:27:59.115] [cout] [info] time = 3.19 Performance = 128.065 Constraint violation = 1.23678e-10
[2025-11-03 10:27:59.625] [cout] [info] time = 3.195 Performance = 132.38 Constraint violation = 1.56374e-10
[2025-11-03 10:28:00.128] [cout] [info] time = 3.2 Performance = 132.506 Constraint violation = 3.81221e-11
[2025-11-03 10:28:00.790] [cout] [info] time = 3.20500 Performance = 129.138 Constraint violation = 1.99793e-10
[2025-11-03 10:28:01.392] [cout] [info] time = 3.21 Performance = 123.113 Constraint violation = 3.91773e-11
[2025-11-03 10:28:01.991] [cout] [info] time = 3.215 Performance = 115.304 Constraint violation = 2.8951e-10
[2025-11-03 10:28:02.586] [cout] [info] time = 3.22 Performance = 106.539 Constraint violation = 2.10554e-11
[2025-11-03 10:28:03.226] [cout] [info] time = 3.225 Performance = 97.4947 Constraint violation = 5.03784e-10
[2025-11-03 10:28:03.769] [cout] [info] time = 3.23 Performance = 88.6595 Constraint violation = 1.85979e-11
[2025-11-03 10:28:04.289] [cout] [info] time = 3.235 Performance = 80.2907 Constraint violation = 2.2769e-11
[2025-11-03 10:28:04.885] [cout] [info] time = 3.24 Performance = 72.4795 Constraint violation = 6.72047e-11
[2025-11-03 10:28:05.438] [cout] [info] time = 3.245 Performance = 65.2073 Constraint violation = 5.20538e-11
[2025-11-03 10:28:06.047] [cout] [info] time = 3.25 Performance = 58.3999 Constraint violation = 8.8779e-11
[2025-11-03 10:28:06.682] [cout] [info] time = 3.255 Performance = 51.9663 Constraint violation = 1.34014e-11
[2025-11-03 10:28:07.254] [cout] [info] time = 3.26 Performance = 45.8229 Constraint violation = 6.1197e-12
[2025-11-03 10:28:07.980] [cout] [info] time = 3.265 Performance = 39.9126 Constraint violation = 2.3852e-12
[2025-11-03 10:28:08.604] [cout] [info] time = 3.27 Performance = 34.2162 Constraint violation = 1.94132e-11
[2025-11-03 10:28:09.242] [cout] [info] time = 3.275 Performance = 28.7618 Constraint violation = 4.64050e-11
[2025-11-03 10:28:10.050] [cout] [info] time = 3.28 Performance = 23.6224 Constraint violation = 1.07244e-10
[2025-11-03 10:28:10.747] [cout] [info] time = 3.285 Performance = 18.8968 Constraint violation = 8.88382e-12
[2025-11-03 10:28:11.559] [cout] [info] time = 3.29 Performance = 14.6803 Constraint violation = 2.90663e-12
[2025-11-03 10:28:12.412] [cout] [info] time = 3.295 Performance = 11.037 Constraint violation = 5.77057e-13
[2025-11-03 10:28:13.157] [cout] [info] time = 3.3 Performance = 8.00812 Constraint violation = 6.79225e-13
[2025-11-03 10:28:13.797] [cout] [info] time = 3.30500 Performance = 5.60886 Constraint violation = 7.62755e-13
[2025-11-03 10:28:14.469] [cout] [info] time = 3.31 Performance = 3.8294 Constraint violation = 8.59297e-13
[2025-11-03 10:28:15.342] [cout] [info] time = 3.315 Performance = 2.63358 Constraint violation = 6.1899e-13
[2025-11-03 10:28:16.071] [cout] [info] time = 3.32 Performance = 1.9613 Constraint violation = 6.2342e-13
[2025-11-03 10:28:16.780] [cout] [info] time = 3.325 Performance = 1.73698 Constraint violation = 8.29624e-13
[2025-11-03 10:28:17.392] [cout] [info] time = 3.33 Performance = 1.87366 Constraint violation = 5.19468e-13
[2025-11-03 10:28:18.033] [cout] [info] time = 3.335 Performance = 2.2888 Constraint violation = 4.14334e-13
[2025-11-03 10:28:18.868] [cout] [info] time = 3.34 Performance = 2.90239 Constraint violation = 1.2361e-12
[2025-11-03 10:28:19.779] [cout] [info] time = 3.345 Performance = 3.65371 Constraint violation = 2.3394e-12
[2025-11-03 10:28:20.879] [cout] [info] time = 3.35 Performance = 4.49248 Constraint violation = 1.02598e-12
[2025-11-03 10:28:21.847] [cout] [info] time = 3.355 Performance = 5.38537 Constraint violation = 1.26957e-12
[2025-11-03 10:28:22.704] [cout] [info] time = 3.36 Performance = 6.31506 Constraint violation = 2.83891e-12
[2025-11-03 10:28:23.483] [cout] [info] time = 3.365 Performance = 7.28165 Constraint violation = 5.15028e-12
[2025-11-03 10:28:24.380] [cout] [info] time = 3.37 Performance = 8.29955 Constraint violation = 1.36777e-12
[2025-11-03 10:28:25.301] [cout] [info] time = 3.375 Performance = 9.38668 Constraint violation = 3.51619e-12
[2025-11-03 10:28:26.257] [cout] [info] time = 3.38 Performance = 10.5503 Constraint violation = 7.94771e-12
[2025-11-03 10:28:26.978] [cout] [info] time = 3.385 Performance = 11.7791 Constraint violation = 9.27169e-13
[2025-11-03 10:28:27.715] [cout] [info] time = 3.39 Performance = 13.042 Constraint violation = 3.07567e-12
[2025-11-03 10:28:28.470] [cout] [info] time = 3.395 Performance = 14.3093 Constraint violation = 9.60905e-13
[2025-11-03 10:28:29.039] [cout] [info] time = 3.4 Performance = 15.5605 Constraint violation = 1.08705e-12
[2025-11-03 10:28:29.627] [cout] [info] time = 3.40500 Performance = 16.7752 Constraint violation = 4.86595e-12
[2025-11-03 10:28:30.180] [cout] [info] time = 3.41 Performance = 17.9186 Constraint violation = 1.41752e-12
[2025-11-03 10:28:30.751] [cout] [info] time = 3.415 Performance = 18.9352 Constraint violation = 1.10285e-12
[2025-11-03 10:28:31.359] [cout] [info] time = 3.42 Performance = 19.7624 Constraint violation = 1.6556e-12
[2025-11-03 10:28:31.963] [cout] [info] time = 3.425 Performance = 20.3464 Constraint violation = 5.73824e-11
[2025-11-03 10:28:32.473] [cout] [info] time = 3.43 Performance = 20.6595 Constraint violation = 4.82688e-12
[2025-11-03 10:28:33.004] [cout] [info] time = 3.435 Performance = 20.6779 Constraint violation = 2.44164e-12
[2025-11-03 10:28:33.578] [cout] [info] time = 3.44 Performance = 20.3931 Constraint violation = 4.50545e-12
[2025-11-03 10:28:34.108] [cout] [info] time = 3.445 Performance = 19.8049 Constraint violation = 3.10371e-12
[2025-11-03 10:28:34.681] [cout] [info] time = 3.45 Performance = 18.9229 Constraint violation = 3.42651e-12
[2025-11-03 10:28:35.155] [cout] [info] time = 3.455 Performance = 17.7756 Constraint violation = 2.35886e-11
[2025-11-03 10:28:35.713] [cout] [info] time = 3.46 Performance = 16.4080 Constraint violation = 2.50977e-11
[2025-11-03 10:28:36.160] [cout] [info] time = 3.465 Performance = 14.885 Constraint violation = 3.26847e-12
[2025-11-03 10:28:36.777] [cout] [info] time = 3.47 Performance = 13.2826 Constraint violation = 2.08977e-11
[2025-11-03 10:28:37.301] [cout] [info] time = 3.475 Performance = 11.6777 Constraint violation = 8.49402e-13
[2025-11-03 10:28:37.888] [cout] [info] time = 3.48 Performance = 10.1355 Constraint violation = 3.23444e-12
[2025-11-03 10:28:38.496] [cout] [info] time = 3.485 Performance = 8.70740 Constraint violation = 2.6959e-12
[2025-11-03 10:28:39.058] [cout] [info] time = 3.49 Performance = 7.42705 Constraint violation = 1.37787e-12
[2025-11-03 10:28:39.672] [cout] [info] time = 3.495 Performance = 6.311 Constraint violation = 8.22204e-13
[2025-11-03 10:28:40.233] [cout] [info] time = 3.5 Performance = 5.36107 Constraint violation = 1.3515e-12
[2025-11-03 10:28:40.770] [cout] [info] time = 3.50500 Performance = 4.5664 Constraint violation = 1.58932e-12
[2025-11-03 10:28:41.251] [cout] [info] time = 3.51 Performance = 3.90915 Constraint violation = 1.99642e-12
[2025-11-03 10:28:41.822] [cout] [info] time = 3.515 Performance = 3.3747 Constraint violation = 8.6727e-13
[2025-11-03 10:28:42.436] [cout] [info] time = 3.52 Performance = 2.94473 Constraint violation = 9.67929e-13
[2025-11-03 10:28:43.191] [cout] [info] time = 3.525 Performance = 2.61737 Constraint violation = 1.05692e-12
[2025-11-03 10:28:43.999] [cout] [info] time = 3.53 Performance = 2.3923 Constraint violation = 5.30228e-13
[2025-11-03 10:28:44.714] [cout] [info] time = 3.535 Performance = 2.27361 Constraint violation = 1.27361e-12
[2025-11-03 10:28:44.717] [info] Printing results of investigation SO to .
[2025-11-03 10:28:45.885] [info] Loaded model Athlete_03 from file C:\Git\1_current_projects\powerlifing_model\models\Athlete_03\25_03_31\scaled_increasedForce3.osim
[2025-11-03 10:28:46.155] [info] Storage: read data file = C:\Git\1_current_projects\powerlifing_model\simulations\Athlete_03\25_03_31\Squat_bw_01\joint_angles.mot (nr=367 nc=40)
[2025-11-03 10:28:46.195] [info] Storage: read data file = C:\Git\1_current_projects\powerlifing_model\simulations\Athlete_03\25_03_31\Squat_bw_01\joint_angles.mot (nr=367 nc=40)
[2025-11-03 10:28:46.380] [info] Loaded model Athlete_03 from file C:\Git\1_current_projects\powerlifing_model\models\Athlete_03\25_03_31\scaled_increasedForce3.osim
[2025-11-03 10:28:46.598] [info] AbstractTool Analyse loading model ..\..\..\..\models\Athlete_03\25_03_31\scaled_increasedForce3.osim
[2025-11-03 10:28:46.709] [info] Loaded model Athlete_03 from file ..\..\..\..\models\Athlete_03\25_03_31\scaled_increasedForce3.osim
[2025-11-03 10:28:47.149] [info] Storage: read data file = grf.mot (nr=7080 nc=46)
[2025-11-03 10:28:47.611] [info] ExternalForce::grf_r_4 Data source being set to grf
[2025-11-03 10:28:47.611] [info] ExternalForce::grf_l_5 Data source being set to grf
[2025-11-03 10:28:47.644] [info] Loading coordinates from file 'joint_angles.mot'.
[2025-11-03 10:28:47.644] [info] Storage: read data file = joint_angles.mot (nr=367 nc=40)
[2025-11-03 10:28:47.668] [info] Low-pass filtering coordinates data with a cutoff frequency of 6.0...
[2025-11-03 10:28:56.219] [info] AssemblySolver::track() attempt Failed: SimTK Exception thrown at Assembler.cpp:973:
  Method Assembler::track() failed because:
Unable to achieve required assembly error tolerance.
Assembly error tolerance achieved: 3.1241825513419428e-09 required: 1e-10.
[2025-11-03 10:28:56.234] [error] Model unable to assemble: AssemblySolver::assemble() Failed: SimTK Exception thrown at Assembler.cpp:897:
  Method Assembler::assemble() failed because:
Unable to achieve required assembly error tolerance.
Assembly error tolerance achieved: 3.1241825759244457e-09 required: 1e-10..Model relaxing constraints and trying again.
[2025-11-03 10:28:56.390] [info] Found 733 state vectors with time stamps ranging from 0.79 to 4.45.
[2025-11-03 10:28:56.390] [info] Executing the analyses from 1.70500 to 3.535...
[2025-11-03 10:28:56.395] [info] Loading actuator forces from file C:\Git\1_current_projects\powerlifing_model\simulations\Athlete_03\25_03_31\Squat_bw_01\SO_StaticOptimization_force.sto.
[2025-11-03 10:28:56.417] [info] Storage: read data file = C:\Git\1_current_projects\powerlifing_model\simulations\Athlete_03\25_03_31\Squat_bw_01\SO_StaticOptimization_force.sto (nr=367 nc=132)
[2025-11-03 10:28:56.477] [info] Found 131 actuator forces with time stamps ranging from 1.70500to 3.535.
[2025-11-03 10:28:56.477] [warning] The forces file contains actuators that are not in the model's actuator set.
[2025-11-03 10:28:56.478] [warning] Ignoring fiber lengths and activations from the states since forces_file is also set. Actuator forces will be constructed from C:\Git\1_current_projects\powerlifing_model\simulations\Athlete_03\25_03_31\Squat_bw_01\SO_StaticOptimization_force.sto.
[2025-11-03 10:28:59.748] [info] Printing results of investigation Analyse to .
[2025-11-03 10:29:01.024] [info] Loaded model Athlete_03 from file C:\Git\1_current_projects\powerlifing_model\models\Athlete_03\25_03_31\scaled_increasedForce3.osim
[2025-11-03 10:29:01.212] [info] Storage: read data file = C:\Git\1_current_projects\powerlifing_model\simulations\Athlete_03\25_03_31\Walking_01\joint_angles.mot (nr=238 nc=40)
[2025-11-03 10:29:01.234] [info] AbstractTool SO loading model ..\..\..\..\models\Athlete_03\25_03_31\scaled_increasedForce3.osim
[2025-11-03 10:29:01.330] [info] Loaded model Athlete_03 from file ..\..\..\..\models\Athlete_03\25_03_31\scaled_increasedForce3.osim
[2025-11-03 10:29:01.543] [info] Adding force object set from actuators_so.xml
[2025-11-03 10:29:01.654] [info] Loaded model Athlete_03 from file C:\Git\1_current_projects\powerlifing_model\models\Athlete_03\25_03_31\scaled_increasedForce3.osim
[2025-11-03 10:29:01.818] [info] Storage: read data file = C:\Git\1_current_projects\powerlifing_model\simulations\Athlete_03\25_03_31\Walking_01\joint_angles.mot (nr=238 nc=40)
[2025-11-03 10:41:42.558] [info] Loaded model Athlete_03 from file C:\Git\1_current_projects\powerlifing_model\models\Athlete_03\25_03_31\scaled_increasedForce3.osim
[2025-11-03 10:41:46.898] [info] Storage: read data file = C:\Git\1_current_projects\powerlifing_model\simulations\Athlete_03\25_03_31\Squat_bar_01\joint_angles.mot (nr=481 nc=40)
[2025-11-03 10:42:13.836] [info] Loaded model Athlete_03 from file C:\Git\1_current_projects\powerlifing_model\models\Athlete_03\25_03_31\scaled_increasedForce3.osim
[2025-11-03 10:42:14.020] [info] Storage: read data file = C:\Git\1_current_projects\powerlifing_model\simulations\Athlete_03\25_03_31\Squat_bar_01\joint_angles.mot (nr=481 nc=40)
[2025-11-03 10:42:14.111] [info] AbstractTool SO loading model ..\..\..\..\models\Athlete_03\25_03_31\scaled_increasedForce3.osim
[2025-11-03 10:42:14.195] [info] Loaded model Athlete_03 from file ..\..\..\..\models\Athlete_03\25_03_31\scaled_increasedForce3.osim
[2025-11-03 10:42:14.347] [info] Adding force object set from actuators_so.xml
[2025-11-03 10:42:14.593] [info] Storage: read data file = grf.mot (nr=4820 nc=46)
[2025-11-03 10:42:14.764] [info] ExternalForce::grf_r_4 Data source being set to grf
[2025-11-03 10:42:14.764] [info] ExternalForce::grf_l_5 Data source being set to grf
[2025-11-03 10:42:14.783] [info] Loading coordinates from file 'joint_angles.mot'.
[2025-11-03 10:42:14.784] [info] Storage: read data file = joint_angles.mot (nr=481 nc=40)
[2025-11-03 10:42:14.802] [info] Low-pass filtering coordinates data with a cutoff frequency of 6.0...
[2025-11-03 10:42:15.554] [info] AssemblySolver::track() attempt Failed: SimTK Exception thrown at Assembler.cpp:973:
  Method Assembler::track() failed because:
Unable to achieve required assembly error tolerance.
Assembly error tolerance achieved: 9.9528343221109199e-09 required: 1e-10.
[2025-11-03 10:42:15.570] [error] Model unable to assemble: AssemblySolver::assemble() Failed: SimTK Exception thrown at Assembler.cpp:897:
  Method Assembler::assemble() failed because:
Unable to achieve required assembly error tolerance.
Assembly error tolerance achieved: 9.9528343221109662e-09 required: 1e-10..Model relaxing constraints and trying again.
[2025-11-03 10:42:16.921] [info] Found 961 state vectors with time stamps ranging from -1.195 to 3.60500.
[2025-11-03 10:42:16.922] [info] Executing the analyses from 0.00500000 to 2.40500...
[2025-11-03 10:42:17.193] [info] Storage: read data file = grf.mot (nr=4820 nc=46)
[2025-11-03 10:42:17.761] [info] ExternalForce::grf_r_4 Data source being set to grf
[2025-11-03 10:42:17.761] [info] ExternalForce::grf_l_5 Data source being set to grf
[2025-11-03 10:42:17.947] [info] Storage: read data file = grf.mot (nr=4820 nc=46)
[2025-11-03 10:42:18.321] [info] ExternalForce::grf_r_4 Data source being set to grf
[2025-11-03 10:42:18.321] [info] ExternalForce::grf_l_5 Data source being set to grf
[2025-11-03 10:42:22.979] [cout] [info] time = 0.00500000 Performance = 2.47034 Constraint violation = 1.68921e-12
[2025-11-03 10:42:22.988] [info] Bounds for 'addbrev_r': 0.01 to 1.0.
[2025-11-03 10:42:22.988] [info] Bounds for 'addlong_r': 0.01 to 1.0.
[2025-11-03 10:42:22.988] [info] Bounds for 'addmagDist_r': 0.01 to 1.0.
[2025-11-03 10:42:22.988] [info] Bounds for 'addmagIsch_r': 0.01 to 1.0.
[2025-11-03 10:42:22.989] [info] Bounds for 'addmagMid_r': 0.01 to 1.0.
[2025-11-03 10:42:22.989] [info] Bounds for 'addmagProx_r': 0.01 to 1.0.
[2025-11-03 10:42:22.989] [info] Bounds for 'bflh_r': 0.01 to 1.0.
[2025-11-03 10:42:22.989] [info] Bounds for 'bfsh_r': 0.01 to 1.0.
[2025-11-03 10:42:22.989] [info] Bounds for 'edl_r': 0.01 to 1.0.
[2025-11-03 10:42:22.989] [info] Bounds for 'ehl_r': 0.01 to 1.0.
[2025-11-03 10:42:22.989] [info] Bounds for 'fdl_r': 0.01 to 1.0.
[2025-11-03 10:42:22.990] [info] Bounds for 'fhl_r': 0.01 to 1.0.
[2025-11-03 10:42:22.990] [info] Bounds for 'gaslat_r': 0.01 to 1.0.
[2025-11-03 10:42:22.990] [info] Bounds for 'gasmed_r': 0.01 to 1.0.
[2025-11-03 10:42:22.990] [info] Bounds for 'glmax1_r': 0.01 to 1.0.
[2025-11-03 10:42:22.990] [info] Bounds for 'glmax2_r': 0.01 to 1.0.
[2025-11-03 10:42:22.991] [info] Bounds for 'glmax3_r': 0.01 to 1.0.
[2025-11-03 10:42:22.991] [info] Bounds for 'glmed1_r': 0.01 to 1.0.
[2025-11-03 10:42:22.991] [info] Bounds for 'glmed2_r': 0.01 to 1.0.
[2025-11-03 10:42:22.991] [info] Bounds for 'glmed3_r': 0.01 to 1.0.
[2025-11-03 10:42:22.991] [info] Bounds for 'glmin1_r': 0.01 to 1.0.
[2025-11-03 10:42:22.991] [info] Bounds for 'glmin2_r': 0.01 to 1.0.
[2025-11-03 10:42:22.991] [info] Bounds for 'glmin3_r': 0.01 to 1.0.
[2025-11-03 10:42:22.992] [info] Bounds for 'grac_r': 0.01 to 1.0.
[2025-11-03 10:42:22.992] [info] Bounds for 'iliacus_r': 0.01 to 1.0.
[2025-11-03 10:42:22.992] [info] Bounds for 'perbrev_r': 0.01 to 1.0.
[2025-11-03 10:42:22.992] [info] Bounds for 'perlong_r': 0.01 to 1.0.
[2025-11-03 10:42:22.992] [info] Bounds for 'piri_r': 0.01 to 1.0.
[2025-11-03 10:42:22.992] [info] Bounds for 'psoas_r': 0.01 to 1.0.
[2025-11-03 10:42:22.992] [info] Bounds for 'recfem_r': 0.01 to 1.0.
[2025-11-03 10:42:22.992] [info] Bounds for 'sart_r': 0.01 to 1.0.
[2025-11-03 10:42:22.993] [info] Bounds for 'semimem_r': 0.01 to 1.0.
[2025-11-03 10:42:22.993] [info] Bounds for 'semiten_r': 0.01 to 1.0.
[2025-11-03 10:42:22.993] [info] Bounds for 'soleus_r': 0.01 to 1.0.
[2025-11-03 10:42:22.993] [info] Bounds for 'tfl_r': 0.01 to 1.0.
[2025-11-03 10:42:22.993] [info] Bounds for 'tibant_r': 0.01 to 1.0.
[2025-11-03 10:42:22.993] [info] Bounds for 'tibpost_r': 0.01 to 1.0.
[2025-11-03 10:42:22.993] [info] Bounds for 'vasint_r': 0.01 to 1.0.
[2025-11-03 10:42:22.994] [info] Bounds for 'vaslat_r': 0.01 to 1.0.
[2025-11-03 10:42:22.994] [info] Bounds for 'vasmed_r': 0.01 to 1.0.
[2025-11-03 10:42:22.994] [info] Bounds for 'addbrev_l': 0.01 to 1.0.
[2025-11-03 10:42:22.994] [info] Bounds for 'addlong_l': 0.01 to 1.0.
[2025-11-03 10:42:22.994] [info] Bounds for 'addmagDist_l': 0.01 to 1.0.
[2025-11-03 10:42:22.994] [info] Bounds for 'addmagIsch_l': 0.01 to 1.0.
[2025-11-03 10:42:22.994] [info] Bounds for 'addmagMid_l': 0.01 to 1.0.
[2025-11-03 10:42:22.995] [info] Bounds for 'addmagProx_l': 0.01 to 1.0.
[2025-11-03 10:42:22.995] [info] Bounds for 'bflh_l': 0.01 to 1.0.
[2025-11-03 10:42:22.995] [info] Bounds for 'bfsh_l': 0.01 to 1.0.
[2025-11-03 10:42:22.996] [info] Bounds for 'edl_l': 0.01 to 1.0.
[2025-11-03 10:42:22.996] [info] Bounds for 'ehl_l': 0.01 to 1.0.
[2025-11-03 10:42:22.996] [info] Bounds for 'fdl_l': 0.01 to 1.0.
[2025-11-03 10:42:22.997] [info] Bounds for 'fhl_l': 0.01 to 1.0.
[2025-11-03 10:42:22.997] [info] Bounds for 'gaslat_l': 0.01 to 1.0.
[2025-11-03 10:42:22.998] [info] Bounds for 'gasmed_l': 0.01 to 1.0.
[2025-11-03 10:42:22.998] [info] Bounds for 'glmax1_l': 0.01 to 1.0.
[2025-11-03 10:42:22.998] [info] Bounds for 'glmax2_l': 0.01 to 1.0.
[2025-11-03 10:42:22.998] [info] Bounds for 'glmax3_l': 0.01 to 1.0.
[2025-11-03 10:42:22.998] [info] Bounds for 'glmed1_l': 0.01 to 1.0.
[2025-11-03 10:42:22.998] [info] Bounds for 'glmed2_l': 0.01 to 1.0.
[2025-11-03 10:42:22.999] [info] Bounds for 'glmed3_l': 0.01 to 1.0.
[2025-11-03 10:42:22.999] [info] Bounds for 'glmin1_l': 0.01 to 1.0.
[2025-11-03 10:42:22.999] [info] Bounds for 'glmin2_l': 0.01 to 1.0.
[2025-11-03 10:42:22.999] [info] Bounds for 'glmin3_l': 0.01 to 1.0.
[2025-11-03 10:42:22.999] [info] Bounds for 'grac_l': 0.01 to 1.0.
[2025-11-03 10:42:23.000] [info] Bounds for 'iliacus_l': 0.01 to 1.0.
[2025-11-03 10:42:23.000] [info] Bounds for 'perbrev_l': 0.01 to 1.0.
[2025-11-03 10:42:23.000] [info] Bounds for 'perlong_l': 0.01 to 1.0.
[2025-11-03 10:42:23.000] [info] Bounds for 'piri_l': 0.01 to 1.0.
[2025-11-03 10:42:23.001] [info] Bounds for 'psoas_l': 0.01 to 1.0.
[2025-11-03 10:42:23.001] [info] Bounds for 'recfem_l': 0.01 to 1.0.
[2025-11-03 10:42:23.001] [info] Bounds for 'sart_l': 0.01 to 1.0.
[2025-11-03 10:42:23.001] [info] Bounds for 'semimem_l': 0.01 to 1.0.
[2025-11-03 10:42:23.001] [info] Bounds for 'semiten_l': 0.01 to 1.0.
[2025-11-03 10:42:23.002] [info] Bounds for 'soleus_l': 0.01 to 1.0.
[2025-11-03 10:42:23.002] [info] Bounds for 'tfl_l': 0.01 to 1.0.
[2025-11-03 10:42:23.003] [info] Bounds for 'tibant_l': 0.01 to 1.0.
[2025-11-03 10:42:23.003] [info] Bounds for 'tibpost_l': 0.01 to 1.0.
[2025-11-03 10:42:23.003] [info] Bounds for 'vasint_l': 0.01 to 1.0.
[2025-11-03 10:42:23.003] [info] Bounds for 'vaslat_l': 0.01 to 1.0.
[2025-11-03 10:42:23.003] [info] Bounds for 'vasmed_l': 0.01 to 1.0.
[2025-11-03 10:42:23.003] [info] Bounds for 'lumbar_ext': -inf to inf.
[2025-11-03 10:42:23.004] [info] Bounds for 'lumbar_bend': -inf to inf.
[2025-11-03 10:42:23.004] [info] Bounds for 'lumbar_rot': -inf to inf.
[2025-11-03 10:42:23.004] [info] Bounds for 'shoulder_flex_r': -inf to inf.
[2025-11-03 10:42:23.004] [info] Bounds for 'shoulder_add_r': -inf to inf.
[2025-11-03 10:42:23.004] [info] Bounds for 'shoulder_rot_r': -inf to inf.
[2025-11-03 10:42:23.004] [info] Bounds for 'elbow_flex_r': -inf to inf.
[2025-11-03 10:42:23.004] [info] Bounds for 'pro_sup_r': -inf to inf.
[2025-11-03 10:42:23.004] [info] Bounds for 'wrist_flex_r': -inf to inf.
[2025-11-03 10:42:23.004] [info] Bounds for 'wrist_dev_r': -inf to inf.
[2025-11-03 10:42:23.005] [info] Bounds for 'shoulder_flex_l': -inf to inf.
[2025-11-03 10:42:23.005] [info] Bounds for 'shoulder_add_l': -inf to inf.
[2025-11-03 10:42:23.005] [info] Bounds for 'shoulder_rot_l': -inf to inf.
[2025-11-03 10:42:23.005] [info] Bounds for 'elbow_flex_l': -inf to inf.
[2025-11-03 10:42:23.005] [info] Bounds for 'pro_sup_l': -inf to inf.
[2025-11-03 10:42:23.005] [info] Bounds for 'wrist_flex_l': -inf to inf.
[2025-11-03 10:42:23.005] [info] Bounds for 'wrist_dev_l': -inf to inf.
[2025-11-03 10:42:23.005] [info] Bounds for 'FX': -inf to inf.
[2025-11-03 10:42:23.006] [info] Bounds for 'FY': -inf to inf.
[2025-11-03 10:42:23.006] [info] Bounds for 'FZ': -inf to inf.
[2025-11-03 10:42:23.006] [info] Bounds for 'MX': -inf to inf.
[2025-11-03 10:42:23.006] [info] Bounds for 'MY': -inf to inf.
[2025-11-03 10:42:23.006] [info] Bounds for 'MZ': -inf to inf.
[2025-11-03 10:42:23.006] [info] Bounds for 'hip_flexion_r_reserve': -1.0 to 1.0.
[2025-11-03 10:42:23.006] [info] Bounds for 'hip_adduction_r_reserve': -1.0 to 1.0.
[2025-11-03 10:42:23.006] [info] Bounds for 'hip_rotation_r_reserve': -1.0 to 1.0.
[2025-11-03 10:42:23.006] [info] Bounds for 'knee_angle_r_reserve': -1.0 to 1.0.
[2025-11-03 10:42:23.007] [info] Bounds for 'ankle_angle_r_reserve': -1.0 to 1.0.
[2025-11-03 10:42:23.007] [info] Bounds for 'hip_flexion_l_reserve': -1.0 to 1.0.
[2025-11-03 10:42:23.007] [info] Bounds for 'hip_adduction_l_reserve': -1.0 to 1.0.
[2025-11-03 10:42:23.007] [info] Bounds for 'hip_rotation_l_reserve': -1.0 to 1.0.
[2025-11-03 10:42:23.007] [info] Bounds for 'knee_angle_l_reserve': -1.0 to 1.0.
[2025-11-03 10:42:23.007] [info] Bounds for 'ankle_angle_l_reserve': -1.0 to 1.0.
[2025-11-03 10:42:24.355] [cout] [info] time = 0.01 Performance = 2.44803 Constraint violation = 5.6652e-13
[2025-11-03 10:42:25.505] [cout] [info] time = 0.015 Performance = 2.42264 Constraint violation = 7.19417e-13
[2025-11-03 10:42:26.386] [cout] [info] time = 0.02 Performance = 2.38706 Constraint violation = 9.93689e-13
[2025-11-03 10:42:27.185] [cout] [info] time = 0.025 Performance = 2.33792 Constraint violation = 7.50291e-13
[2025-11-03 10:42:28.031] [cout] [info] time = 0.03 Performance = 2.2754 Constraint violation = 1.48796e-12
[2025-11-03 10:42:28.847] [cout] [info] time = 0.035 Performance = 2.20239 Constraint violation = 2.82199e-12
[2025-11-03 10:42:29.715] [cout] [info] time = 0.04 Performance = 2.12362 Constraint violation = 1.04147e-12
[2025-11-03 10:42:30.539] [cout] [info] time = 0.045 Performance = 2.04577 Constraint violation = 9.06105e-13
[2025-11-03 10:42:31.355] [cout] [info] time = 0.05 Performance = 1.97851 Constraint violation = 2.40101e-12
[2025-11-03 10:42:32.130] [cout] [info] time = 0.055 Performance = 1.93577 Constraint violation = 1.78678e-12
[2025-11-03 10:42:32.973] [cout] [info] time = 0.06 Performance = 1.93575 Constraint violation = 2.74092e-12
[2025-11-03 10:42:33.848] [cout] [info] time = 0.065 Performance = 1.99807 Constraint violation = 2.31216e-12
[2025-11-03 10:42:34.699] [cout] [info] time = 0.07 Performance = 2.14254 Constraint violation = 1.26112e-12
[2025-11-03 10:42:35.555] [cout] [info] time = 0.075 Performance = 2.38046 Constraint violation = 2.52841e-12
[2025-11-03 10:42:36.370] [cout] [info] time = 0.08 Performance = 2.71977 Constraint violation = 1.74455e-12
[2025-11-03 10:42:37.152] [cout] [info] time = 0.085 Performance = 3.16157 Constraint violation = 1.80159e-12
[2025-11-03 10:42:37.993] [cout] [info] time = 0.09 Performance = 3.70106 Constraint violation = 1.77147e-12
[2025-11-03 10:42:39.124] [cout] [info] time = 0.095 Performance = 4.32904 Constraint violation = 1.48584e-12
[2025-11-03 10:42:40.005] [cout] [info] time = 0.1 Performance = 5.0356 Constraint violation = 1.80066e-12
[2025-11-03 10:42:40.743] [cout] [info] time = 0.105000 Performance = 5.8165 Constraint violation = 1.73134e-12
[2025-11-03 10:42:41.564] [cout] [info] time = 0.11 Performance = 6.67791 Constraint violation = 1.64168e-11
[2025-11-03 10:42:42.173] [cout] [info] time = 0.115 Performance = 7.64119 Constraint violation = 1.51050e-12
[2025-11-03 10:42:42.796] [cout] [info] time = 0.12 Performance = 8.742 Constraint violation = 1.97597e-12
[2025-11-03 10:42:43.356] [cout] [info] time = 0.125 Performance = 10.0302 Constraint violation = 1.88859e-12
[2025-11-03 10:42:43.934] [cout] [info] time = 0.13 Performance = 11.5691 Constraint violation = 1.22805e-12
[2025-11-03 10:42:44.573] [cout] [info] time = 0.135 Performance = 13.4307 Constraint violation = 1.28859e-12
[2025-11-03 10:42:45.199] [cout] [info] time = 0.14 Performance = 15.6897 Constraint violation = 2.14214e-12
[2025-11-03 10:42:45.862] [cout] [info] time = 0.145 Performance = 18.4085 Constraint violation = 2.33869e-12
[2025-11-03 10:42:46.566] [cout] [info] time = 0.15 Performance = 21.6127 Constraint violation = 1.25231e-12
[2025-11-03 10:42:47.362] [cout] [info] time = 0.155 Performance = 25.2702 Constraint violation = 2.11774e-12
[2025-11-03 10:42:48.089] [cout] [info] time = 0.16 Performance = 29.2763 Constraint violation = 5.55844e-12
[2025-11-03 10:42:48.806] [cout] [info] time = 0.165 Performance = 33.4442 Constraint violation = 4.28033e-12
[2025-11-03 10:42:49.464] [cout] [info] time = 0.17 Performance = 37.5068 Constraint violation = 4.06936e-12
[2025-11-03 10:42:50.085] [cout] [info] time = 0.175 Performance = 41.1354 Constraint violation = 1.45797e-12
[2025-11-03 10:42:50.696] [cout] [info] time = 0.18 Performance = 43.9693 Constraint violation = 1.98298e-12
[2025-11-03 10:42:51.305] [cout] [info] time = 0.185 Performance = 45.6524 Constraint violation = 6.02349e-11
[2025-11-03 10:42:51.862] [cout] [info] time = 0.19 Performance = 45.8802 Constraint violation = 2.92559e-12
[2025-11-03 10:42:52.502] [cout] [info] time = 0.195 Performance = 44.4424 Constraint violation = 8.09474e-12
[2025-11-03 10:42:53.123] [cout] [info] time = 0.2 Performance = 41.2712 Constraint violation = 3.17787e-12
[2025-11-03 10:42:53.793] [cout] [info] time = 0.205000 Performance = 36.4767 Constraint violation = 1.10335e-12
[2025-11-03 10:42:54.444] [cout] [info] time = 0.21 Performance = 30.3693 Constraint violation = 1.68198e-12
[2025-11-03 10:42:55.101] [cout] [info] time = 0.215 Performance = 23.4638 Constraint violation = 8.50903e-13
[2025-11-03 10:42:55.767] [cout] [info] time = 0.22 Performance = 16.4528 Constraint violation = 2.36348e-12
[2025-11-03 10:42:56.374] [cout] [info] time = 0.225 Performance = 10.1471 Constraint violation = 1.83382e-12
[2025-11-03 10:42:57.013] [cout] [info] time = 0.23 Performance = 5.387 Constraint violation = 1.37366e-12
[2025-11-03 10:42:57.624] [cout] [info] time = 0.235 Performance = 2.93767 Constraint violation = 5.91782e-13
[2025-11-03 10:42:58.247] [cout] [info] time = 0.24 Performance = 3.38062 Constraint violation = 5.24651e-13
[2025-11-03 10:42:58.843] [cout] [info] time = 0.245 Performance = 7.01493 Constraint violation = 1.05682e-12
[2025-11-03 10:42:59.407] [cout] [info] time = 0.25 Performance = 13.7846 Constraint violation = 2.55573e-11
[2025-11-03 10:42:59.942] [cout] [info] time = 0.255 Performance = 23.2538 Constraint violation = 3.03104e-12
[2025-11-03 10:43:00.509] [cout] [info] time = 0.26 Performance = 34.6332 Constraint violation = 1.58507e-12
[2025-11-03 10:43:01.065] [cout] [info] time = 0.265 Performance = 46.8671 Constraint violation = 3.63373e-11
[2025-11-03 10:43:01.616] [cout] [info] time = 0.27 Performance = 58.7308 Constraint violation = 1.08665e-11
[2025-11-03 10:43:02.197] [cout] [info] time = 0.275 Performance = 68.9411 Constraint violation = 8.75647e-12
[2025-11-03 10:43:02.898] [cout] [info] time = 0.28 Performance = 76.3244 Constraint violation = 2.33005e-11
[2025-11-03 10:43:03.570] [cout] [info] time = 0.285 Performance = 80.0267 Constraint violation = 5.30049e-11
[2025-11-03 10:43:04.295] [cout] [info] time = 0.29 Performance = 79.6692 Constraint violation = 4.58609e-11
[2025-11-03 10:43:04.923] [cout] [info] time = 0.295 Performance = 75.4026 Constraint violation = 9.29008e-11
[2025-11-03 10:43:05.555] [cout] [info] time = 0.3 Performance = 67.8475 Constraint violation = 2.51283e-11
[2025-11-03 10:43:06.108] [cout] [info] time = 0.305000 Performance = 57.9723 Constraint violation = 5.11118e-11
[2025-11-03 10:43:06.684] [cout] [info] time = 0.31 Performance = 46.9143 Constraint violation = 2.89695e-10
[2025-11-03 10:43:07.277] [cout] [info] time = 0.315 Performance = 35.8235 Constraint violation = 2.11846e-11
[2025-11-03 10:43:07.888] [cout] [info] time = 0.32 Performance = 25.718 Constraint violation = 4.01538e-12
[2025-11-03 10:43:08.523] [cout] [info] time = 0.325 Performance = 17.3775 Constraint violation = 2.85925e-12
[2025-11-03 10:43:09.106] [cout] [info] time = 0.33 Performance = 11.2797 Constraint violation = 1.55438e-12
[2025-11-03 10:43:09.754] [cout] [info] time = 0.335 Performance = 7.59955 Constraint violation = 3.18089e-12
[2025-11-03 10:43:10.361] [cout] [info] time = 0.34 Performance = 6.23141 Constraint violation = 1.49644e-12
[2025-11-03 10:43:10.919] [cout] [info] time = 0.345 Performance = 6.85308 Constraint violation = 1.99256e-12
[2025-11-03 10:43:11.437] [cout] [info] time = 0.35 Performance = 8.97733 Constraint violation = 4.20978e-12
[2025-11-03 10:43:12.152] [cout] [info] time = 0.355 Performance = 12.0364 Constraint violation = 1.80595e-11
[2025-11-03 10:43:12.773] [cout] [info] time = 0.36 Performance = 15.4412 Constraint violation = 3.99838e-12
[2025-11-03 10:43:13.441] [cout] [info] time = 0.365 Performance = 18.6525 Constraint violation = 6.94946e-12
[2025-11-03 10:43:14.166] [cout] [info] time = 0.37 Performance = 21.2522 Constraint violation = 3.30560e-11
[2025-11-03 10:43:14.952] [cout] [info] time = 0.375 Performance = 22.9697 Constraint violation = 1.29352e-10
[2025-11-03 10:43:15.691] [cout] [info] time = 0.38 Performance = 23.7088 Constraint violation = 1.88443e-11
[2025-11-03 10:43:16.418] [cout] [info] time = 0.385 Performance = 23.5466 Constraint violation = 2.44314e-11
[2025-11-03 10:43:17.071] [cout] [info] time = 0.39 Performance = 22.7097 Constraint violation = 1.39105e-11
[2025-11-03 10:43:17.657] [cout] [info] time = 0.395 Performance = 21.5298 Constraint violation = 9.72824e-12
[2025-11-03 10:43:18.182] [cout] [info] time = 0.4 Performance = 20.3945 Constraint violation = 4.83189e-12
[2025-11-03 10:43:18.670] [cout] [info] time = 0.405000 Performance = 19.6969 Constraint violation = 3.1165e-11
[2025-11-03 10:43:19.273] [cout] [info] time = 0.41 Performance = 19.8009 Constraint violation = 2.35097e-12
[2025-11-03 10:43:19.864] [cout] [info] time = 0.415 Performance = 20.9918 Constraint violation = 4.61285e-12
[2025-11-03 10:43:20.440] [cout] [info] time = 0.42 Performance = 23.4537 Constraint violation = 1.00142e-11
[2025-11-03 10:43:21.014] [cout] [info] time = 0.425 Performance = 27.2676 Constraint violation = 2.41416e-11
[2025-11-03 10:43:21.550] [cout] [info] time = 0.43 Performance = 32.4257 Constraint violation = 8.84351e-12
[2025-11-03 10:43:22.051] [cout] [info] time = 0.435 Performance = 38.8427 Constraint violation = 9.8924e-12
[2025-11-03 10:43:22.557] [cout] [info] time = 0.44 Performance = 46.3702 Constraint violation = 3.07008e-12
[2025-11-03 10:43:23.476] [cout] [info] time = 0.445 Performance = 54.7983 Constraint violation = 8.3666e-12
[2025-11-03 10:43:24.251] [cout] [info] time = 0.45 Performance = 63.8402 Constraint violation = 4.00182e-12
[2025-11-03 10:43:24.967] [cout] [info] time = 0.455 Performance = 73.1215 Constraint violation = 5.60449e-11
[2025-11-03 10:43:25.721] [cout] [info] time = 0.46 Performance = 82.2022 Constraint violation = 4.70058e-11
[2025-11-03 10:43:26.474] [cout] [info] time = 0.465 Performance = 90.6426 Constraint violation = 1.73505e-11
[2025-11-03 10:43:27.174] [cout] [info] time = 0.47 Performance = 98.0994 Constraint violation = 7.77304e-11
[2025-11-03 10:43:27.898] [cout] [info] time = 0.475 Performance = 104.385 Constraint violation = 4.08177e-11
[2025-11-03 10:43:28.628] [cout] [info] time = 0.48 Performance = 109.445 Constraint violation = 3.21935e-12
[2025-11-03 10:43:29.328] [cout] [info] time = 0.485 Performance = 113.323 Constraint violation = 1.24997e-12
[2025-11-03 10:43:30.064] [cout] [info] time = 0.49 Performance = 116.138 Constraint violation = 2.26511e-11
[2025-11-03 10:43:30.835] [cout] [info] time = 0.495 Performance = 118.089 Constraint violation = 1.13127e-11
[2025-11-03 10:43:31.576] [cout] [info] time = 0.5 Performance = 119.462 Constraint violation = 1.83681e-10
[2025-11-03 10:43:32.313] [cout] [info] time = 0.505000 Performance = 120.591 Constraint violation = 7.16684e-11
[2025-11-03 10:43:33.042] [cout] [info] time = 0.51 Performance = 121.735 Constraint violation = 2.22895e-11
[2025-11-03 10:43:33.775] [cout] [info] time = 0.515 Performance = 122.959 Constraint violation = 7.46866e-11
[2025-11-03 10:43:34.452] [cout] [info] time = 0.52 Performance = 124.085 Constraint violation = 2.64686e-11
[2025-11-03 10:43:35.225] [cout] [info] time = 0.525 Performance = 124.738 Constraint violation = 7.2897e-11
[2025-11-03 10:43:35.928] [cout] [info] time = 0.53 Performance = 124.424 Constraint violation = 1.13654e-10
[2025-11-03 10:43:36.689] [cout] [info] time = 0.535 Performance = 122.671 Constraint violation = 4.37783e-11
[2025-11-03 10:43:37.360] [cout] [info] time = 0.54 Performance = 119.181 Constraint violation = 9.96215e-11
[2025-11-03 10:43:38.060] [cout] [info] time = 0.545 Performance = 113.9 Constraint violation = 3.11761e-11
[2025-11-03 10:43:38.800] [cout] [info] time = 0.55 Performance = 107.027 Constraint violation = 1.71096e-10
[2025-11-03 10:43:39.565] [cout] [info] time = 0.555 Performance = 98.9728 Constraint violation = 4.21288e-11
[2025-11-03 10:43:40.333] [cout] [info] time = 0.56 Performance = 90.3058 Constraint violation = 1.41899e-11
[2025-11-03 10:43:41.102] [cout] [info] time = 0.565 Performance = 81.6878 Constraint violation = 6.12605e-12
[2025-11-03 10:43:41.782] [cout] [info] time = 0.57 Performance = 73.8029 Constraint violation = 3.53982e-10
[2025-11-03 10:43:42.532] [cout] [info] time = 0.575 Performance = 67.2754 Constraint violation = 5.32224e-11
[2025-11-03 10:43:43.301] [cout] [info] time = 0.58 Performance = 62.5923 Constraint violation = 9.41071e-11
[2025-11-03 10:43:44.029] [cout] [info] time = 0.585 Performance = 60.0718 Constraint violation = 2.18176e-11
[2025-11-03 10:43:44.725] [cout] [info] time = 0.59 Performance = 59.8493 Constraint violation = 7.50836e-11
[2025-11-03 10:43:45.481] [cout] [info] time = 0.595 Performance = 61.8633 Constraint violation = 8.78494e-11
[2025-11-03 10:43:46.188] [cout] [info] time = 0.6 Performance = 65.8308 Constraint violation = 1.19339e-10
[2025-11-03 10:43:46.946] [cout] [info] time = 0.605000 Performance = 71.2522 Constraint violation = 3.46422e-10
[2025-11-03 10:43:47.703] [cout] [info] time = 0.61 Performance = 77.4819 Constraint violation = 3.40405e-10
[2025-11-03 10:43:48.459] [cout] [info] time = 0.615 Performance = 83.8336 Constraint violation = 2.90547e-10
[2025-11-03 10:43:49.162] [cout] [info] time = 0.62 Performance = 89.6557 Constraint violation = 1.25552e-10
[2025-11-03 10:43:49.861] [cout] [info] time = 0.625 Performance = 94.3658 Constraint violation = 2.45442e-11
[2025-11-03 10:43:50.579] [cout] [info] time = 0.63 Performance = 97.4851 Constraint violation = 2.25965e-11
[2025-11-03 10:43:51.275] [cout] [info] time = 0.635 Performance = 98.7068 Constraint violation = 1.30686e-12
[2025-11-03 10:43:52.027] [cout] [info] time = 0.64 Performance = 97.953 Constraint violation = 1.18115e-10
[2025-11-03 10:43:52.706] [cout] [info] time = 0.645 Performance = 95.3933 Constraint violation = 1.80472e-10
[2025-11-03 10:43:53.430] [cout] [info] time = 0.65 Performance = 91.4055 Constraint violation = 4.72728e-11
[2025-11-03 10:43:54.160] [cout] [info] time = 0.655 Performance = 86.4682 Constraint violation = 1.0373e-10
[2025-11-03 10:43:54.899] [cout] [info] time = 0.66 Performance = 81.0265 Constraint violation = 6.02461e-12
[2025-11-03 10:43:55.621] [cout] [info] time = 0.665 Performance = 75.4081 Constraint violation = 2.11511e-11
[2025-11-03 10:43:56.309] [cout] [info] time = 0.67 Performance = 69.83 Constraint violation = 2.03596e-11
[2025-11-03 10:43:57.057] [cout] [info] time = 0.675 Performance = 64.4544 Constraint violation = 6.89655e-12
[2025-11-03 10:43:57.797] [cout] [info] time = 0.68 Performance = 59.4248 Constraint violation = 1.16105e-11
[2025-11-03 10:43:58.538] [cout] [info] time = 0.685 Performance = 54.8626 Constraint violation = 6.29708e-11
[2025-11-03 10:43:59.272] [cout] [info] time = 0.69 Performance = 50.8613 Constraint violation = 1.53741e-11
[2025-11-03 10:43:59.976] [cout] [info] time = 0.695 Performance = 47.4969 Constraint violation = 7.40371e-11
[2025-11-03 10:44:00.712] [cout] [info] time = 0.7 Performance = 44.831 Constraint violation = 2.01118e-11
[2025-11-03 10:44:01.459] [cout] [info] time = 0.705000 Performance = 42.8883 Constraint violation = 1.40718e-12
[2025-11-03 10:44:02.202] [cout] [info] time = 0.71 Performance = 41.641 Constraint violation = 4.15516e-12
[2025-11-03 10:44:02.929] [cout] [info] time = 0.715 Performance = 41.021 Constraint violation = 2.88458e-11
[2025-11-03 10:44:03.672] [cout] [info] time = 0.72 Performance = 40.9456 Constraint violation = 5.60771e-12
[2025-11-03 10:44:04.406] [cout] [info] time = 0.725 Performance = 41.3336 Constraint violation = 1.32072e-11
[2025-11-03 10:44:05.070] [cout] [info] time = 0.73 Performance = 42.1027 Constraint violation = 5.54618e-12
[2025-11-03 10:44:05.819] [cout] [info] time = 0.735 Performance = 43.1528 Constraint violation = 9.57277e-12
[2025-11-03 10:44:06.465] [cout] [info] time = 0.74 Performance = 44.3624 Constraint violation = 8.99497e-12
[2025-11-03 10:44:07.144] [cout] [info] time = 0.745 Performance = 45.6122 Constraint violation = 1.03513e-11
[2025-11-03 10:44:07.854] [cout] [info] time = 0.75 Performance = 46.8009 Constraint violation = 1.21604e-11
[2025-11-03 10:44:08.504] [cout] [info] time = 0.755 Performance = 47.8246 Constraint violation = 7.78385e-12
[2025-11-03 10:44:09.173] [cout] [info] time = 0.76 Performance = 48.5494 Constraint violation = 1.55128e-11
[2025-11-03 10:44:09.773] [cout] [info] time = 0.765 Performance = 48.8157 Constraint violation = 7.18969e-12
[2025-11-03 10:44:10.374] [cout] [info] time = 0.77 Performance = 48.4707 Constraint violation = 5.60206e-12
[2025-11-03 10:44:11.035] [cout] [info] time = 0.775 Performance = 47.4119 Constraint violation = 8.06725e-11
[2025-11-03 10:44:11.652] [cout] [info] time = 0.78 Performance = 45.6222 Constraint violation = 2.28047e-12
[2025-11-03 10:44:12.300] [cout] [info] time = 0.785 Performance = 43.1782 Constraint violation = 2.36154e-12
[2025-11-03 10:44:12.887] [cout] [info] time = 0.79 Performance = 40.2386 Constraint violation = 5.9856e-11
[2025-11-03 10:44:13.775] [cout] [info] time = 0.795 Performance = 37.0096 Constraint violation = 3.28434e-12
[2025-11-03 10:44:14.613] [cout] [info] time = 0.8 Performance = 33.7049 Constraint violation = 5.82316e-12
[2025-11-03 10:44:15.361] [cout] [info] time = 0.805000 Performance = 30.5243 Constraint violation = 2.74683e-11
[2025-11-03 10:44:16.194] [cout] [info] time = 0.81 Performance = 27.6471 Constraint violation = 1.56004e-12
[2025-11-03 10:44:16.936] [cout] [info] time = 0.815 Performance = 25.2306 Constraint violation = 5.40938e-12
[2025-11-03 10:44:17.684] [cout] [info] time = 0.82 Performance = 23.4024 Constraint violation = 8.99347e-12
[2025-11-03 10:44:18.425] [cout] [info] time = 0.825 Performance = 22.2546 Constraint violation = 5.37108e-12
[2025-11-03 10:44:19.149] [cout] [info] time = 0.83 Performance = 21.8497 Constraint violation = 6.91959e-12
[2025-11-03 10:44:19.839] [cout] [info] time = 0.835 Performance = 22.23 Constraint violation = 1.29708e-11
[2025-11-03 10:44:20.540] [cout] [info] time = 0.84 Performance = 23.4133 Constraint violation = 7.67227e-13
[2025-11-03 10:44:21.303] [cout] [info] time = 0.845 Performance = 25.3782 Constraint violation = 3.84924e-12
[2025-11-03 10:44:22.059] [cout] [info] time = 0.85 Performance = 28.0702 Constraint violation = 9.17551e-12
[2025-11-03 10:44:22.764] [cout] [info] time = 0.855 Performance = 31.4138 Constraint violation = 5.89643e-12
[2025-11-03 10:44:23.459] [cout] [info] time = 0.86 Performance = 35.3221 Constraint violation = 3.55288e-12
[2025-11-03 10:44:24.133] [cout] [info] time = 0.865 Performance = 39.6953 Constraint violation = 2.50874e-12
[2025-11-03 10:44:24.700] [cout] [info] time = 0.87 Performance = 44.3998 Constraint violation = 2.76233e-12
[2025-11-03 10:44:25.429] [cout] [info] time = 0.875 Performance = 49.24 Constraint violation = 1.82555e-11
[2025-11-03 10:44:26.155] [cout] [info] time = 0.88 Performance = 53.9625 Constraint violation = 9.23478e-12
[2025-11-03 10:44:26.869] [cout] [info] time = 0.885 Performance = 58.2897 Constraint violation = 8.41483e-12
[2025-11-03 10:44:27.608] [cout] [info] time = 0.89 Performance = 61.9518 Constraint violation = 4.10017e-11
[2025-11-03 10:44:28.308] [cout] [info] time = 0.895 Performance = 64.6942 Constraint violation = 8.01925e-12
[2025-11-03 10:44:29.018] [cout] [info] time = 0.9 Performance = 66.2914 Constraint violation = 5.83633e-11
[2025-11-03 10:44:29.664] [cout] [info] time = 0.905000 Performance = 66.5825 Constraint violation = 4.75781e-12
[2025-11-03 10:44:30.427] [cout] [info] time = 0.91 Performance = 65.5104 Constraint violation = 8.6111e-12
[2025-11-03 10:44:31.202] [cout] [info] time = 0.915 Performance = 63.1375 Constraint violation = 3.30509e-11
[2025-11-03 10:44:31.968] [cout] [info] time = 0.92 Performance = 59.6368 Constraint violation = 1.89132e-11
[2025-11-03 10:44:32.756] [cout] [info] time = 0.925 Performance = 55.2643 Constraint violation = 2.87494e-12
[2025-11-03 10:44:33.462] [cout] [info] time = 0.93 Performance = 50.3296 Constraint violation = 4.39417e-12
[2025-11-03 10:44:34.191] [cout] [info] time = 0.935 Performance = 45.1616 Constraint violation = 1.48681e-11
[2025-11-03 10:44:34.950] [cout] [info] time = 0.94 Performance = 40.0751 Constraint violation = 2.09349e-12
[2025-11-03 10:44:35.689] [cout] [info] time = 0.945 Performance = 35.3431 Constraint violation = 7.07045e-12
[2025-11-03 10:44:36.425] [cout] [info] time = 0.95 Performance = 31.1802 Constraint violation = 7.3152e-12
[2025-11-03 10:44:37.156] [cout] [info] time = 0.955 Performance = 27.7393 Constraint violation = 1.86969e-12
[2025-11-03 10:44:37.724] [cout] [info] time = 0.96 Performance = 25.1161 Constraint violation = 1.4281e-12
[2025-11-03 10:44:38.435] [cout] [info] time = 0.965 Performance = 23.3569 Constraint violation = 3.5638e-12
[2025-11-03 10:44:39.246] [cout] [info] time = 0.97 Performance = 22.4646 Constraint violation = 4.78899e-12
[2025-11-03 10:44:39.827] [cout] [info] time = 0.975 Performance = 22.3974 Constraint violation = 8.87767e-13
[2025-11-03 10:44:40.570] [cout] [info] time = 0.98 Performance = 23.0688 Constraint violation = 2.66799e-12
[2025-11-03 10:44:41.293] [cout] [info] time = 0.985 Performance = 24.3599 Constraint violation = 1.95911e-12
[2025-11-03 10:44:41.973] [cout] [info] time = 0.99 Performance = 26.1419 Constraint violation = 2.21134e-12
[2025-11-03 10:44:42.699] [cout] [info] time = 0.995 Performance = 28.2963 Constraint violation = 4.94022e-12
[2025-11-03 10:44:43.478] [cout] [info] time = 1.0 Performance = 30.7265 Constraint violation = 1.49492e-11
[2025-11-03 10:44:44.244] [cout] [info] time = 1.00500 Performance = 33.3546 Constraint violation = 7.73345e-12
[2025-11-03 10:44:44.991] [cout] [info] time = 1.01 Performance = 36.1099 Constraint violation = 3.79516e-12
[2025-11-03 10:44:45.737] [cout] [info] time = 1.015 Performance = 38.9005 Constraint violation = 3.93045e-12
[2025-11-03 10:44:46.500] [cout] [info] time = 1.02 Performance = 41.5878 Constraint violation = 5.47298e-12
[2025-11-03 10:44:47.234] [cout] [info] time = 1.025 Performance = 43.9741 Constraint violation = 9.78504e-12
[2025-11-03 10:44:48.000] [cout] [info] time = 1.03 Performance = 45.8255 Constraint violation = 3.02916e-11
[2025-11-03 10:44:48.771] [cout] [info] time = 1.035 Performance = 46.9245 Constraint violation = 7.94771e-12
[2025-11-03 10:44:49.519] [cout] [info] time = 1.04 Performance = 47.1173 Constraint violation = 2.0855e-12
[2025-11-03 10:44:50.263] [cout] [info] time = 1.045 Performance = 46.3439 Constraint violation = 7.06414e-12
[2025-11-03 10:44:50.866] [cout] [info] time = 1.05 Performance = 44.6486 Constraint violation = 4.56617e-11
[2025-11-03 10:44:51.581] [cout] [info] time = 1.055 Performance = 42.1538 Constraint violation = 2.29641e-11
[2025-11-03 10:44:52.371] [cout] [info] time = 1.06 Performance = 39.0084 Constraint violation = 4.29060e-12
[2025-11-03 10:44:53.156] [cout] [info] time = 1.065 Performance = 35.3673 Constraint violation = 2.98232e-11
[2025-11-03 10:44:53.921] [cout] [info] time = 1.07 Performance = 31.4142 Constraint violation = 1.05196e-11
[2025-11-03 10:44:54.651] [cout] [info] time = 1.075 Performance = 27.3721 Constraint violation = 2.51030e-12
[2025-11-03 10:44:55.318] [cout] [info] time = 1.08 Performance = 23.4658 Constraint violation = 2.56697e-12
[2025-11-03 10:44:56.017] [cout] [info] time = 1.085 Performance = 19.8698 Constraint violation = 4.92112e-12
[2025-11-03 10:44:56.756] [cout] [info] time = 1.09 Performance = 16.6691 Constraint violation = 3.02616e-12
[2025-11-03 10:44:57.466] [cout] [info] time = 1.095 Performance = 13.8754 Constraint violation = 1.9851e-12
[2025-11-03 10:44:58.220] [cout] [info] time = 1.1 Performance = 11.4677 Constraint violation = 1.39825e-12
[2025-11-03 10:44:58.982] [cout] [info] time = 1.10500 Performance = 9.42444 Constraint violation = 1.01316e-12
[2025-11-03 10:44:59.706] [cout] [info] time = 1.11 Performance = 7.73571 Constraint violation = 1.04458e-12
[2025-11-03 10:45:00.459] [cout] [info] time = 1.115 Performance = 6.39615 Constraint violation = 1.43466e-12
[2025-11-03 10:45:01.198] [cout] [info] time = 1.12 Performance = 5.40002 Constraint violation = 1.36291e-12
[2025-11-03 10:45:01.965] [cout] [info] time = 1.125 Performance = 4.73282 Constraint violation = 1.19342e-12
[2025-11-03 10:45:02.665] [cout] [info] time = 1.13 Performance = 4.36776 Constraint violation = 1.78236e-12
[2025-11-03 10:45:03.365] [cout] [info] time = 1.135 Performance = 4.26882 Constraint violation = 3.75567e-12
[2025-11-03 10:45:03.953] [cout] [info] time = 1.14 Performance = 4.40149 Constraint violation = 1.64016e-12
[2025-11-03 10:45:04.555] [cout] [info] time = 1.145 Performance = 4.7471 Constraint violation = 1.96196e-12
[2025-11-03 10:45:05.151] [cout] [info] time = 1.15 Performance = 5.30773 Constraint violation = 6.30745e-13
[2025-11-03 10:45:05.929] [cout] [info] time = 1.155 Performance = 6.10348 Constraint violation = 1.22557e-12
[2025-11-03 10:45:06.705] [cout] [info] time = 1.16 Performance = 7.16641 Constraint violation = 1.98248e-12
[2025-11-03 10:45:07.382] [cout] [info] time = 1.165 Performance = 8.52871 Constraint violation = 1.61011e-12
[2025-11-03 10:45:08.033] [cout] [info] time = 1.17 Performance = 10.21 Constraint violation = 1.73346e-12
[2025-11-03 10:45:08.641] [cout] [info] time = 1.175 Performance = 12.2075 Constraint violation = 1.22378e-12
[2025-11-03 10:45:09.420] [cout] [info] time = 1.18 Performance = 14.4848 Constraint violation = 1.13948e-12
[2025-11-03 10:45:10.127] [cout] [info] time = 1.185 Performance = 16.9645 Constraint violation = 2.16847e-12
[2025-11-03 10:45:10.858] [cout] [info] time = 1.19 Performance = 19.521 Constraint violation = 2.02807e-12
[2025-11-03 10:45:11.608] [cout] [info] time = 1.195 Performance = 21.9989 Constraint violation = 2.91635e-12
[2025-11-03 10:45:12.342] [cout] [info] time = 1.2 Performance = 24.2533 Constraint violation = 9.41599e-13
[2025-11-03 10:45:13.106] [cout] [info] time = 1.20500 Performance = 26.1634 Constraint violation = 1.13071e-12
[2025-11-03 10:45:13.855] [cout] [info] time = 1.21 Performance = 27.6325 Constraint violation = 1.81865e-12
[2025-11-03 10:45:14.624] [cout] [info] time = 1.215 Performance = 28.5742 Constraint violation = 1.59592e-12
[2025-11-03 10:45:15.406] [cout] [info] time = 1.22 Performance = 28.9183 Constraint violation = 1.70614e-11
[2025-11-03 10:45:16.121] [cout] [info] time = 1.225 Performance = 28.6346 Constraint violation = 3.01676e-12
[2025-11-03 10:45:16.847] [cout] [info] time = 1.23 Performance = 27.7461 Constraint violation = 3.00863e-12
[2025-11-03 10:45:17.611] [cout] [info] time = 1.235 Performance = 26.3172 Constraint violation = 3.32688e-12
[2025-11-03 10:45:18.326] [cout] [info] time = 1.24 Performance = 24.4372 Constraint violation = 7.25842e-12
[2025-11-03 10:45:19.074] [cout] [info] time = 1.245 Performance = 22.2044 Constraint violation = 1.47725e-12
[2025-11-03 10:45:19.858] [cout] [info] time = 1.25 Performance = 19.7354 Constraint violation = 2.68507e-12
[2025-11-03 10:45:20.606] [cout] [info] time = 1.255 Performance = 17.1594 Constraint violation = 1.58236e-12
[2025-11-03 10:45:21.368] [cout] [info] time = 1.26 Performance = 14.6138 Constraint violation = 2.08962e-12
[2025-11-03 10:45:22.125] [cout] [info] time = 1.265 Performance = 12.2292 Constraint violation = 1.53841e-12
[2025-11-03 10:45:22.880] [cout] [info] time = 1.27 Performance = 10.1159 Constraint violation = 1.69385e-12
[2025-11-03 10:45:23.680] [cout] [info] time = 1.275 Performance = 8.36076 Constraint violation = 7.55628e-13
[2025-11-03 10:45:24.409] [cout] [info] time = 1.28 Performance = 7.02917 Constraint violation = 9.38265e-13
[2025-11-03 10:45:25.076] [cout] [info] time = 1.285 Performance = 6.17312 Constraint violation = 1.45625e-12
[2025-11-03 10:45:25.857] [cout] [info] time = 1.29 Performance = 5.8346 Constraint violation = 1.42071e-12
[2025-11-03 10:45:26.605] [cout] [info] time = 1.295 Performance = 6.05529 Constraint violation = 1.353e-12
[2025-11-03 10:45:27.359] [cout] [info] time = 1.3 Performance = 6.87159 Constraint violation = 1.47122e-12
[2025-11-03 10:45:28.113] [cout] [info] time = 1.30500 Performance = 8.31708 Constraint violation = 1.70392e-12
[2025-11-03 10:45:28.858] [cout] [info] time = 1.31 Performance = 10.4163 Constraint violation = 1.55854e-12
[2025-11-03 10:45:29.571] [cout] [info] time = 1.315 Performance = 13.1774 Constraint violation = 9.5989e-13
[2025-11-03 10:45:30.335] [cout] [info] time = 1.32 Performance = 16.584 Constraint violation = 1.90339e-12
[2025-11-03 10:45:30.995] [cout] [info] time = 1.325 Performance = 20.5864 Constraint violation = 1.51656e-12
[2025-11-03 10:45:31.722] [cout] [info] time = 1.33 Performance = 25.0935 Constraint violation = 1.95235e-12
[2025-11-03 10:45:32.495] [cout] [info] time = 1.335 Performance = 29.9698 Constraint violation = 1.79658e-12
[2025-11-03 10:45:33.227] [cout] [info] time = 1.34 Performance = 35.041 Constraint violation = 4.51408e-12
[2025-11-03 10:45:33.977] [cout] [info] time = 1.345 Performance = 40.1183 Constraint violation = 1.67668e-11
[2025-11-03 10:45:34.744] [cout] [info] time = 1.35 Performance = 45.0448 Constraint violation = 2.96461e-11
[2025-11-03 10:45:35.540] [cout] [info] time = 1.355 Performance = 49.7321 Constraint violation = 8.0613e-12
[2025-11-03 10:45:36.308] [cout] [info] time = 1.36 Performance = 54.1761 Constraint violation = 4.84326e-12
[2025-11-03 10:45:37.103] [cout] [info] time = 1.365 Performance = 58.4288 Constraint violation = 6.7494e-11
[2025-11-03 10:45:37.847] [cout] [info] time = 1.37 Performance = 62.5565 Constraint violation = 5.70437e-12
[2025-11-03 10:45:38.612] [cout] [info] time = 1.375 Performance = 66.6181 Constraint violation = 1.89088e-12
[2025-11-03 10:45:39.399] [cout] [info] time = 1.38 Performance = 70.6588 Constraint violation = 1.62565e-11
[2025-11-03 10:45:40.144] [cout] [info] time = 1.385 Performance = 74.7103 Constraint violation = 2.14039e-11
[2025-11-03 10:45:40.893] [cout] [info] time = 1.39 Performance = 78.7962 Constraint violation = 3.00531e-11
[2025-11-03 10:45:41.697] [cout] [info] time = 1.395 Performance = 82.9447 Constraint violation = 1.62245e-11
[2025-11-03 10:45:42.427] [cout] [info] time = 1.4 Performance = 87.1968 Constraint violation = 2.01306e-12
[2025-11-03 10:45:43.229] [cout] [info] time = 1.40500 Performance = 91.6003 Constraint violation = 1.03753e-11
[2025-11-03 10:45:44.000] [cout] [info] time = 1.41 Performance = 96.1975 Constraint violation = 3.10282e-11
[2025-11-03 10:45:44.696] [cout] [info] time = 1.415 Performance = 101.017 Constraint violation = 1.2399e-11
[2025-11-03 10:45:45.501] [cout] [info] time = 1.42 Performance = 106.077 Constraint violation = 1.28054e-12
[2025-11-03 10:45:46.290] [cout] [info] time = 1.425 Performance = 111.401 Constraint violation = 9.69384e-11
[2025-11-03 10:45:47.029] [cout] [info] time = 1.43 Performance = 117.03 Constraint violation = 3.83274e-11
[2025-11-03 10:45:47.817] [cout] [info] time = 1.435 Performance = 123.041 Constraint violation = 5.89934e-11
[2025-11-03 10:45:48.535] [cout] [info] time = 1.44 Performance = 129.542 Constraint violation = 6.1432e-12
[2025-11-03 10:45:49.292] [cout] [info] time = 1.445 Performance = 136.656 Constraint violation = 4.10238e-11
[2025-11-03 10:45:50.105] [cout] [info] time = 1.45 Performance = 144.487 Constraint violation = 5.50590e-11
[2025-11-03 10:45:50.860] [cout] [info] time = 1.455 Performance = 153.109 Constraint violation = 5.56323e-11
[2025-11-03 10:45:51.653] [cout] [info] time = 1.46 Performance = 162.564 Constraint violation = 1.25946e-10
[2025-11-03 10:45:52.392] [cout] [info] time = 1.465 Performance = 172.866 Constraint violation = 1.89055e-10
[2025-11-03 10:45:53.125] [cout] [info] time = 1.47 Performance = 183.991 Constraint violation = 1.84792e-10
[2025-11-03 10:45:53.913] [cout] [info] time = 1.475 Performance = 195.86 Constraint violation = 3.93588e-10
[2025-11-03 10:45:54.612] [cout] [info] time = 1.48 Performance = 208.339 Constraint violation = 6.08298e-11
[2025-11-03 10:45:55.358] [cout] [info] time = 1.485 Performance = 221.264 Constraint violation = 9.76625e-11
[2025-11-03 10:45:56.091] [cout] [info] time = 1.49 Performance = 234.465 Constraint violation = 1.59814e-10
[2025-11-03 10:45:56.865] [cout] [info] time = 1.495 Performance = 247.783 Constraint violation = 3.24809e-11
[2025-11-03 10:45:57.618] [cout] [info] time = 1.5 Performance = 261.082 Constraint violation = 7.70518e-11
[2025-11-03 10:45:58.379] [cout] [info] time = 1.50500 Performance = 274.243 Constraint violation = 5.36195e-10
[2025-11-03 10:45:59.162] [cout] [info] time = 1.51 Performance = 287.157 Constraint violation = 6.78403e-10
[2025-11-03 10:45:59.968] [cout] [info] time = 1.515 Performance = 299.644 Constraint violation = 1.43607e-10
[2025-11-03 10:46:00.830] [cout] [info] time = 1.52 Performance = 311.497 Constraint violation = 1.36161e-10
[2025-11-03 10:46:01.715] [cout] [info] time = 1.525 Performance = 322.464 Constraint violation = 4.45422e-10
[2025-11-03 10:46:02.589] [cout] [info] time = 1.53 Performance = 332.261 Constraint violation = 2.86927e-10
[2025-11-03 10:46:03.356] [cout] [info] time = 1.535 Performance = 340.598 Constraint violation = 8.57098e-11
[2025-11-03 10:46:04.092] [cout] [info] time = 1.54 Performance = 347.206 Constraint violation = 3.63208e-11
[2025-11-03 10:46:04.755] [cout] [info] time = 1.545 Performance = 351.867 Constraint violation = 1.25186e-11
[2025-11-03 10:46:05.352] [cout] [info] time = 1.55 Performance = 354.431 Constraint violation = 1.10359e-09
[2025-11-03 10:46:06.109] [cout] [info] time = 1.555 Performance = 354.835 Constraint violation = 1.23644e-10
[2025-11-03 10:46:06.795] [cout] [info] time = 1.56 Performance = 353.084 Constraint violation = 1.21807e-10
[2025-11-03 10:46:07.483] [cout] [info] time = 1.565 Performance = 349.247 Constraint violation = 5.37085e-10
[2025-11-03 10:46:08.114] [cout] [info] time = 1.57 Performance = 343.432 Constraint violation = 3.91291e-10
[2025-11-03 10:46:08.797] [cout] [info] time = 1.575 Performance = 335.783 Constraint violation = 3.0591e-10
[2025-11-03 10:46:09.468] [cout] [info] time = 1.58 Performance = 326.477 Constraint violation = 1.37152e-10
[2025-11-03 10:46:10.197] [cout] [info] time = 1.585 Performance = 315.714 Constraint violation = 2.76467e-10
[2025-11-03 10:46:10.945] [cout] [info] time = 1.59 Performance = 303.709 Constraint violation = 1.99453e-11
[2025-11-03 10:46:11.683] [cout] [info] time = 1.595 Performance = 290.678 Constraint violation = 5.37451e-11
[2025-11-03 10:46:12.492] [cout] [info] time = 1.6 Performance = 276.819 Constraint violation = 2.62854e-10
[2025-11-03 10:46:13.200] [cout] [info] time = 1.60500 Performance = 262.315 Constraint violation = 3.69904e-10
[2025-11-03 10:46:13.826] [cout] [info] time = 1.61 Performance = 247.324 Constraint violation = 1.71466e-10
[2025-11-03 10:46:14.477] [cout] [info] time = 1.615 Performance = 231.962 Constraint violation = 9.4463e-10
[2025-11-03 10:46:15.078] [cout] [info] time = 1.62 Performance = 216.284 Constraint violation = 1.42851e-10
[2025-11-03 10:46:15.700] [cout] [info] time = 1.625 Performance = 200.275 Constraint violation = 4.06018e-11
[2025-11-03 10:46:16.370] [cout] [info] time = 1.63 Performance = 183.891 Constraint violation = 2.86504e-11
[2025-11-03 10:46:17.076] [cout] [info] time = 1.635 Performance = 167.108 Constraint violation = 8.27935e-11
[2025-11-03 10:46:17.738] [cout] [info] time = 1.64 Performance = 149.955 Constraint violation = 1.02917e-10
[2025-11-03 10:46:18.351] [cout] [info] time = 1.645 Performance = 132.518 Constraint violation = 2.369e-11
[2025-11-03 10:46:19.035] [cout] [info] time = 1.65 Performance = 114.928 Constraint violation = 7.95438e-11
[2025-11-03 10:46:19.763] [cout] [info] time = 1.655 Performance = 97.4019 Constraint violation = 4.61073e-11
[2025-11-03 10:46:20.427] [cout] [info] time = 1.66 Performance = 80.2841 Constraint violation = 8.8314e-11
[2025-11-03 10:46:21.185] [cout] [info] time = 1.665 Performance = 64.0447 Constraint violation = 4.29753e-12
[2025-11-03 10:46:21.834] [cout] [info] time = 1.67 Performance = 49.2171 Constraint violation = 2.54618e-11
[2025-11-03 10:46:22.557] [cout] [info] time = 1.675 Performance = 36.2838 Constraint violation = 2.86347e-12
[2025-11-03 10:46:23.259] [cout] [info] time = 1.68 Performance = 25.6224 Constraint violation = 1.0657e-12
[2025-11-03 10:46:24.034] [cout] [info] time = 1.685 Performance = 17.4838 Constraint violation = 3.64202e-12
[2025-11-03 10:46:24.693] [cout] [info] time = 1.69 Performance = 12.0123 Constraint violation = 2.05646e-12
[2025-11-03 10:46:25.358] [cout] [info] time = 1.695 Performance = 9.28698 Constraint violation = 1.73755e-12
[2025-11-03 10:46:26.041] [cout] [info] time = 1.7 Performance = 9.38043 Constraint violation = 1.43624e-12
[2025-11-03 10:46:26.622] [cout] [info] time = 1.70500 Performance = 12.3732 Constraint violation = 1.58926e-12
[2025-11-03 10:46:27.363] [cout] [info] time = 1.71 Performance = 18.391 Constraint violation = 2.43213e-12
[2025-11-03 10:46:28.102] [cout] [info] time = 1.715 Performance = 27.5825 Constraint violation = 2.38693e-12
[2025-11-03 10:46:28.836] [cout] [info] time = 1.72 Performance = 40.0971 Constraint violation = 7.13328e-12
[2025-11-03 10:46:29.603] [cout] [info] time = 1.725 Performance = 56.0407 Constraint violation = 1.68818e-12
[2025-11-03 10:46:30.370] [cout] [info] time = 1.73 Performance = 75.431 Constraint violation = 2.74462e-11
[2025-11-03 10:46:31.123] [cout] [info] time = 1.735 Performance = 98.1399 Constraint violation = 7.90620e-12
[2025-11-03 10:46:31.903] [cout] [info] time = 1.74 Performance = 123.826 Constraint violation = 1.00359e-10
[2025-11-03 10:46:32.632] [cout] [info] time = 1.745 Performance = 151.881 Constraint violation = 8.1675e-12
[2025-11-03 10:46:33.261] [cout] [info] time = 1.75 Performance = 181.417 Constraint violation = 6.80322e-11
[2025-11-03 10:46:33.943] [cout] [info] time = 1.755 Performance = 211.314 Constraint violation = 2.35535e-11
[2025-11-03 10:46:34.407] [cout] [info] time = 1.76 Performance = 240.28 Constraint violation = 9.72725e-12
[2025-11-03 10:46:34.989] [cout] [info] time = 1.765 Performance = 266.947 Constraint violation = 1.35049e-10
[2025-11-03 10:46:35.456] [cout] [info] time = 1.77 Performance = 289.989 Constraint violation = 1.03547e-10
[2025-11-03 10:46:36.105] [cout] [info] time = 1.775 Performance = 308.248 Constraint violation = 2.98421e-11
[2025-11-03 10:46:36.673] [cout] [info] time = 1.78 Performance = 320.853 Constraint violation = 5.13268e-10
[2025-11-03 10:46:37.275] [cout] [info] time = 1.785 Performance = 327.34 Constraint violation = 1.66922e-10
[2025-11-03 10:46:37.900] [cout] [info] time = 1.79 Performance = 327.727 Constraint violation = 5.32299e-11
[2025-11-03 10:46:38.502] [cout] [info] time = 1.795 Performance = 322.545 Constraint violation = 5.31727e-10
[2025-11-03 10:46:39.136] [cout] [info] time = 1.8 Performance = 312.795 Constraint violation = 2.87129e-10
[2025-11-03 10:46:39.786] [cout] [info] time = 1.80500 Performance = 299.759 Constraint violation = 2.57915e-10
[2025-11-03 10:46:40.401] [cout] [info] time = 1.81 Performance = 284.695 Constraint violation = 1.04176e-09
[2025-11-03 10:46:40.940] [cout] [info] time = 1.815 Performance = 268.642 Constraint violation = 1.41574e-10
[2025-11-03 10:46:41.469] [cout] [info] time = 1.82 Performance = 252.443 Constraint violation = 2.44511e-10
[2025-11-03 10:46:42.106] [cout] [info] time = 1.825 Performance = 236.81 Constraint violation = 9.7767e-11
[2025-11-03 10:46:42.742] [cout] [info] time = 1.83 Performance = 222.303 Constraint violation = 7.68495e-10
[2025-11-03 10:46:43.427] [cout] [info] time = 1.835 Performance = 209.28 Constraint violation = 2.28195e-10
[2025-11-03 10:46:44.072] [cout] [info] time = 1.84 Performance = 197.896 Constraint violation = 1.53184e-11
[2025-11-03 10:46:44.642] [cout] [info] time = 1.845 Performance = 188.184 Constraint violation = 8.76088e-11
[2025-11-03 10:46:45.280] [cout] [info] time = 1.85 Performance = 180.162 Constraint violation = 2.06638e-10
[2025-11-03 10:46:45.883] [cout] [info] time = 1.855 Performance = 173.875 Constraint violation = 2.96759e-10
[2025-11-03 10:46:46.520] [cout] [info] time = 1.86 Performance = 169.344 Constraint violation = 2.77101e-11
[2025-11-03 10:46:47.120] [cout] [info] time = 1.865 Performance = 166.507 Constraint violation = 3.68459e-11
[2025-11-03 10:46:48.070] [cout] [info] time = 1.87 Performance = 165.199 Constraint violation = 3.20560e-09
[2025-11-03 10:46:49.007] [cout] [info] time = 1.875 Performance = 165.213 Constraint violation = 1.29867e-11
[2025-11-03 10:46:49.928] [cout] [info] time = 1.88 Performance = 166.403 Constraint violation = 3.57637e-10
[2025-11-03 10:46:50.631] [cout] [info] time = 1.885 Performance = 168.716 Constraint violation = 2.80765e-10
[2025-11-03 10:46:51.454] [cout] [info] time = 1.89 Performance = 172.153 Constraint violation = 1.8194e-10
[2025-11-03 10:46:52.281] [cout] [info] time = 1.895 Performance = 176.755 Constraint violation = 1.25701e-10
[2025-11-03 10:46:53.403] [cout] [info] time = 1.9 Performance = 182.606 Constraint violation = 2.76769e-10
[2025-11-03 10:46:54.348] [cout] [info] time = 1.90500 Performance = 189.731 Constraint violation = 3.23054e-10
[2025-11-03 10:46:55.817] [cout] [info] time = 1.91 Performance = 197.975 Constraint violation = 1.03119e-09
[2025-11-03 10:46:58.371] [cout] [info] time = 1.915 Performance = 206.948 Constraint violation = 2.2872e-10
[2025-11-03 10:46:59.859] [cout] [info] time = 1.92 Performance = 216.08 Constraint violation = 6.91038e-10
[2025-11-03 10:47:01.258] [cout] [info] time = 1.925 Performance = 224.679 Constraint violation = 6.63709e-10
[2025-11-03 10:47:02.321] [cout] [info] time = 1.93 Performance = 231.983 Constraint violation = 1.35574e-10
[2025-11-03 10:47:04.531] [cout] [info] time = 1.935 Performance = 237.319 Constraint violation = 4.47534e-10
[2025-11-03 10:47:06.816] [cout] [info] time = 1.94 Performance = 240.283 Constraint violation = 7.89957e-11
[2025-11-03 10:47:08.483] [cout] [info] time = 1.945 Performance = 240.74 Constraint violation = 6.89889e-10
[2025-11-03 10:47:09.654] [cout] [info] time = 1.95 Performance = 238.682 Constraint violation = 5.50872e-11
[2025-11-03 10:47:11.375] [cout] [info] time = 1.955 Performance = 234.148 Constraint violation = 2.95463e-10
[2025-11-03 10:47:13.170] [cout] [info] time = 1.96 Performance = 227.265 Constraint violation = 1.49298e-09
[2025-11-03 10:47:14.663] [cout] [info] time = 1.965 Performance = 218.294 Constraint violation = 2.25527e-10
[2025-11-03 10:47:17.174] [cout] [info] time = 1.97 Performance = 207.618 Constraint violation = 9.26276e-10
[2025-11-03 10:47:18.944] [cout] [info] time = 1.975 Performance = 195.737 Constraint violation = 4.58171e-10
[2025-11-03 10:47:20.236] [cout] [info] time = 1.98 Performance = 183.248 Constraint violation = 5.84057e-10
[2025-11-03 10:47:21.350] [cout] [info] time = 1.985 Performance = 170.78 Constraint violation = 5.44392e-11
[2025-11-03 10:47:22.570] [cout] [info] time = 1.99 Performance = 158.936 Constraint violation = 4.61609e-12
[2025-11-03 10:47:23.599] [cout] [info] time = 1.995 Performance = 148.285 Constraint violation = 3.37735e-11
[2025-11-03 10:47:24.746] [cout] [info] time = 2.0 Performance = 139.402 Constraint violation = 1.68652e-11
[2025-11-03 10:47:25.709] [cout] [info] time = 2.00500 Performance = 132.819 Constraint violation = 1.30388e-11
[2025-11-03 10:47:26.615] [cout] [info] time = 2.01 Performance = 128.877 Constraint violation = 7.66543e-11
[2025-11-03 10:47:27.403] [cout] [info] time = 2.015 Performance = 127.638 Constraint violation = 4.81848e-10
[2025-11-03 10:47:28.255] [cout] [info] time = 2.02 Performance = 128.926 Constraint violation = 3.98257e-11
[2025-11-03 10:47:29.488] [cout] [info] time = 2.025 Performance = 132.389 Constraint violation = 2.07437e-10
[2025-11-03 10:47:30.539] [cout] [info] time = 2.03 Performance = 137.575 Constraint violation = 1.56379e-10
[2025-11-03 10:47:31.387] [cout] [info] time = 2.035 Performance = 143.958 Constraint violation = 3.30175e-10
[2025-11-03 10:47:32.495] [cout] [info] time = 2.04 Performance = 150.942 Constraint violation = 2.20543e-10
[2025-11-03 10:47:34.723] [cout] [info] time = 2.045 Performance = 157.855 Constraint violation = 7.45527e-10
[2025-11-03 10:47:36.582] [cout] [info] time = 2.05 Performance = 163.949 Constraint violation = 4.91997e-10
[2025-11-03 10:47:37.623] [cout] [info] time = 2.055 Performance = 168.45 Constraint violation = 9.18186e-11
[2025-11-03 10:47:39.294] [cout] [info] time = 2.06 Performance = 170.63 Constraint violation = 8.72919e-13
[2025-11-03 10:47:41.075] [cout] [info] time = 2.065 Performance = 169.889 Constraint violation = 1.17338e-10
[2025-11-03 10:47:42.336] [cout] [info] time = 2.07 Performance = 165.822 Constraint violation = 3.26982e-11
[2025-11-03 10:47:43.346] [cout] [info] time = 2.075 Performance = 158.271 Constraint violation = 7.95363e-11
[2025-11-03 10:47:44.131] [cout] [info] time = 2.08 Performance = 147.359 Constraint violation = 1.17197e-10
[2025-11-03 10:47:45.088] [cout] [info] time = 2.085 Performance = 133.483 Constraint violation = 1.00751e-10
[2025-11-03 10:47:46.457] [cout] [info] time = 2.09 Performance = 117.285 Constraint violation = 6.89437e-11
[2025-11-03 10:47:48.088] [cout] [info] time = 2.095 Performance = 99.5903 Constraint violation = 5.84876e-11
[2025-11-03 10:47:49.172] [cout] [info] time = 2.1 Performance = 81.3387 Constraint violation = 1.84103e-10
[2025-11-03 10:47:50.088] [cout] [info] time = 2.10500 Performance = 63.5051 Constraint violation = 3.42039e-11
[2025-11-03 10:47:51.045] [cout] [info] time = 2.11 Performance = 47.0216 Constraint violation = 5.13071e-11
[2025-11-03 10:47:52.920] [cout] [info] time = 2.115 Performance = 32.7177 Constraint violation = 3.23984e-11
[2025-11-03 10:47:54.485] [cout] [info] time = 2.12 Performance = 21.2914 Constraint violation = 1.34704e-11
[2025-11-03 10:47:55.980] [cout] [info] time = 2.125 Performance = 13.3037 Constraint violation = 2.25758e-12
[2025-11-03 10:47:57.543] [cout] [info] time = 2.13 Performance = 9.16116 Constraint violation = 1.03767e-11
[2025-11-03 10:47:58.868] [cout] [info] time = 2.135 Performance = 9.08386 Constraint violation = 5.4624e-12
[2025-11-03 10:48:00.111] [cout] [info] time = 2.14 Performance = 13.073 Constraint violation = 8.53792e-12
[2025-11-03 10:48:01.225] [cout] [info] time = 2.145 Performance = 20.8931 Constraint violation = 9.79397e-12
[2025-11-03 10:48:02.225] [cout] [info] time = 2.15 Performance = 32.0757 Constraint violation = 3.22515e-11
[2025-11-03 10:48:03.256] [cout] [info] time = 2.155 Performance = 45.9456 Constraint violation = 2.78519e-11
[2025-11-03 10:48:04.148] [cout] [info] time = 2.16 Performance = 61.6611 Constraint violation = 3.11813e-11
[2025-11-03 10:48:04.947] [cout] [info] time = 2.165 Performance = 78.2553 Constraint violation = 5.85125e-11
[2025-11-03 10:48:05.703] [cout] [info] time = 2.17 Performance = 94.6839 Constraint violation = 8.92928e-11
[2025-11-03 10:48:06.428] [cout] [info] time = 2.175 Performance = 109.883 Constraint violation = 1.27174e-10
[2025-11-03 10:48:07.072] [cout] [info] time = 2.18 Performance = 122.831 Constraint violation = 6.91386e-11
[2025-11-03 10:48:07.714] [cout] [info] time = 2.185 Performance = 132.625 Constraint violation = 1.24822e-10
[2025-11-03 10:48:08.325] [cout] [info] time = 2.19 Performance = 138.549 Constraint violation = 3.26435e-11
[2025-11-03 10:48:08.945] [cout] [info] time = 2.195 Performance = 140.188 Constraint violation = 8.28564e-11
[2025-11-03 10:48:09.645] [cout] [info] time = 2.2 Performance = 137.471 Constraint violation = 1.13404e-10
[2025-11-03 10:48:10.264] [cout] [info] time = 2.20500 Performance = 130.681 Constraint violation = 4.53072e-11
[2025-11-03 10:48:10.946] [cout] [info] time = 2.21 Performance = 120.391 Constraint violation = 2.98019e-10
[2025-11-03 10:48:11.622] [cout] [info] time = 2.215 Performance = 107.386 Constraint violation = 3.72144e-10
[2025-11-03 10:48:12.261] [cout] [info] time = 2.22 Performance = 92.5916 Constraint violation = 4.43269e-10
[2025-11-03 10:48:12.882] [cout] [info] time = 2.225 Performance = 76.9861 Constraint violation = 1.1428e-10
[2025-11-03 10:48:13.551] [cout] [info] time = 2.23 Performance = 61.514 Constraint violation = 6.07521e-11
[2025-11-03 10:48:14.161] [cout] [info] time = 2.235 Performance = 47.0082 Constraint violation = 1.33216e-10
[2025-11-03 10:48:14.804] [cout] [info] time = 2.24 Performance = 34.1333 Constraint violation = 8.39355e-12
[2025-11-03 10:48:15.423] [cout] [info] time = 2.245 Performance = 23.3552 Constraint violation = 1.58295e-11
[2025-11-03 10:48:16.033] [cout] [info] time = 2.25 Performance = 14.9328 Constraint violation = 5.85836e-12
[2025-11-03 10:48:16.627] [cout] [info] time = 2.255 Performance = 8.92864 Constraint violation = 3.17043e-12
[2025-11-03 10:48:17.300] [cout] [info] time = 2.26 Performance = 5.23336 Constraint violation = 2.45802e-12
[2025-11-03 10:48:17.942] [cout] [info] time = 2.265 Performance = 3.60718 Constraint violation = 1.33837e-12
[2025-11-03 10:48:18.643] [cout] [info] time = 2.27 Performance = 3.72648 Constraint violation = 1.75805e-12
[2025-11-03 10:48:19.248] [cout] [info] time = 2.275 Performance = 5.23793 Constraint violation = 1.19213e-12
[2025-11-03 10:48:19.779] [cout] [info] time = 2.28 Performance = 7.78392 Constraint violation = 1.5996e-12
[2025-11-03 10:48:20.366] [cout] [info] time = 2.285 Performance = 11.0292 Constraint violation = 5.66266e-12
[2025-11-03 10:48:20.946] [cout] [info] time = 2.29 Performance = 14.67 Constraint violation = 9.81145e-13
[2025-11-03 10:48:21.527] [cout] [info] time = 2.295 Performance = 18.4461 Constraint violation = 3.6265e-11
[2025-11-03 10:48:22.058] [cout] [info] time = 2.3 Performance = 22.1346 Constraint violation = 8.82693e-12
[2025-11-03 10:48:22.670] [cout] [info] time = 2.30500 Performance = 25.5477 Constraint violation = 2.18042e-11
[2025-11-03 10:48:23.244] [cout] [info] time = 2.31 Performance = 28.5453 Constraint violation = 2.94259e-12
[2025-11-03 10:48:23.926] [cout] [info] time = 2.315 Performance = 31.027 Constraint violation = 1.05169e-12
[2025-11-03 10:48:24.513] [cout] [info] time = 2.32 Performance = 32.9177 Constraint violation = 3.74026e-11
[2025-11-03 10:48:25.184] [cout] [info] time = 2.325 Performance = 34.1466 Constraint violation = 7.82453e-11
[2025-11-03 10:48:25.809] [cout] [info] time = 2.33 Performance = 34.6455 Constraint violation = 2.9945e-11
[2025-11-03 10:48:26.464] [cout] [info] time = 2.335 Performance = 34.3775 Constraint violation = 1.11725e-11
[2025-11-03 10:48:27.168] [cout] [info] time = 2.34 Performance = 33.348 Constraint violation = 3.33773e-11
[2025-11-03 10:48:27.695] [cout] [info] time = 2.345 Performance = 31.6063 Constraint violation = 1.40483e-11
[2025-11-03 10:48:28.299] [cout] [info] time = 2.35 Performance = 29.242 Constraint violation = 4.1269e-11
[2025-11-03 10:48:28.984] [cout] [info] time = 2.355 Performance = 26.3825 Constraint violation = 1.57871e-11
[2025-11-03 10:48:29.556] [cout] [info] time = 2.36 Performance = 23.1935 Constraint violation = 7.72466e-12
[2025-11-03 10:48:30.148] [cout] [info] time = 2.365 Performance = 19.8775 Constraint violation = 2.58228e-12
[2025-11-03 10:48:30.806] [cout] [info] time = 2.37 Performance = 16.6424 Constraint violation = 3.65491e-12
[2025-11-03 10:48:31.450] [cout] [info] time = 2.375 Performance = 13.6842 Constraint violation = 3.0282e-12
[2025-11-03 10:48:32.160] [cout] [info] time = 2.38 Performance = 11.1511 Constraint violation = 4.15857e-12
[2025-11-03 10:48:32.811] [cout] [info] time = 2.385 Performance = 9.15147 Constraint violation = 3.64023e-12
[2025-11-03 10:48:33.477] [cout] [info] time = 2.39 Performance = 7.76081 Constraint violation = 2.40183e-12
[2025-11-03 10:48:34.118] [cout] [info] time = 2.395 Performance = 7.03335 Constraint violation = 2.93539e-12
[2025-11-03 10:48:34.811] [cout] [info] time = 2.4 Performance = 7.01547 Constraint violation = 7.19269e-13
[2025-11-03 10:48:35.403] [cout] [info] time = 2.40500 Performance = 7.74958 Constraint violation = 9.59308e-12
[2025-11-03 10:48:35.407] [info] Printing results of investigation SO to .
[2025-11-03 10:48:37.274] [info] Loaded model Athlete_03 from file C:\Git\1_current_projects\powerlifing_model\models\Athlete_03\25_03_31\scaled_increasedForce3.osim
[2025-11-03 10:48:37.442] [info] Storage: read data file = C:\Git\1_current_projects\powerlifing_model\simulations\Athlete_03\25_03_31\Squat_bw_01\joint_angles.mot (nr=367 nc=40)
[2025-11-03 10:48:37.505] [info] AbstractTool SO loading model ..\..\..\..\models\Athlete_03\25_03_31\scaled_increasedForce3.osim
[2025-11-03 10:48:37.591] [info] Loaded model Athlete_03 from file ..\..\..\..\models\Athlete_03\25_03_31\scaled_increasedForce3.osim
[2025-11-03 10:48:37.766] [info] Adding force object set from actuators_so.xml
[2025-11-03 10:48:37.984] [info] Storage: read data file = grf.mot (nr=7080 nc=46)
[2025-11-03 10:48:38.215] [info] ExternalForce::grf_r_4 Data source being set to grf
[2025-11-03 10:48:38.215] [info] ExternalForce::grf_l_5 Data source being set to grf
[2025-11-03 10:48:38.241] [info] Loading coordinates from file 'joint_angles.mot'.
[2025-11-03 10:48:38.241] [info] Storage: read data file = joint_angles.mot (nr=367 nc=40)
[2025-11-03 10:48:38.259] [info] Low-pass filtering coordinates data with a cutoff frequency of 6.0...
[2025-11-03 10:48:45.729] [info] AssemblySolver::track() attempt Failed: SimTK Exception thrown at Assembler.cpp:973:
  Method Assembler::track() failed because:
Unable to achieve required assembly error tolerance.
Assembly error tolerance achieved: 3.1241825513419428e-09 required: 1e-10.
[2025-11-03 10:48:45.748] [error] Model unable to assemble: AssemblySolver::assemble() Failed: SimTK Exception thrown at Assembler.cpp:897:
  Method Assembler::assemble() failed because:
Unable to achieve required assembly error tolerance.
Assembly error tolerance achieved: 3.1241825759244457e-09 required: 1e-10..Model relaxing constraints and trying again.
[2025-11-03 10:48:45.926] [info] Found 733 state vectors with time stamps ranging from 0.79 to 4.45.
[2025-11-03 10:48:45.926] [info] Executing the analyses from 1.70500 to 3.535...
[2025-11-03 10:48:46.122] [info] Storage: read data file = grf.mot (nr=7080 nc=46)
[2025-11-03 10:48:46.353] [info] ExternalForce::grf_r_4 Data source being set to grf
[2025-11-03 10:48:46.353] [info] ExternalForce::grf_l_5 Data source being set to grf
[2025-11-03 10:48:46.426] [info] Storage: read data file = grf.mot (nr=7080 nc=46)
[2025-11-03 10:48:46.633] [info] ExternalForce::grf_r_4 Data source being set to grf
[2025-11-03 10:48:46.634] [info] ExternalForce::grf_l_5 Data source being set to grf
[2025-11-03 10:48:48.669] [cout] [info] time = 1.70500 Performance = 15.6672 Constraint violation = 2.10002e-12
[2025-11-03 10:48:48.674] [info] Bounds for 'addbrev_r': 0.01 to 1.0.
[2025-11-03 10:48:48.674] [info] Bounds for 'addlong_r': 0.01 to 1.0.
[2025-11-03 10:48:48.674] [info] Bounds for 'addmagDist_r': 0.01 to 1.0.
[2025-11-03 10:48:48.674] [info] Bounds for 'addmagIsch_r': 0.01 to 1.0.
[2025-11-03 10:48:48.674] [info] Bounds for 'addmagMid_r': 0.01 to 1.0.
[2025-11-03 10:48:48.674] [info] Bounds for 'addmagProx_r': 0.01 to 1.0.
[2025-11-03 10:48:48.675] [info] Bounds for 'bflh_r': 0.01 to 1.0.
[2025-11-03 10:48:48.675] [info] Bounds for 'bfsh_r': 0.01 to 1.0.
[2025-11-03 10:48:48.675] [info] Bounds for 'edl_r': 0.01 to 1.0.
[2025-11-03 10:48:48.675] [info] Bounds for 'ehl_r': 0.01 to 1.0.
[2025-11-03 10:48:48.675] [info] Bounds for 'fdl_r': 0.01 to 1.0.
[2025-11-03 10:48:48.675] [info] Bounds for 'fhl_r': 0.01 to 1.0.
[2025-11-03 10:48:48.675] [info] Bounds for 'gaslat_r': 0.01 to 1.0.
[2025-11-03 10:48:48.676] [info] Bounds for 'gasmed_r': 0.01 to 1.0.
[2025-11-03 10:48:48.676] [info] Bounds for 'glmax1_r': 0.01 to 1.0.
[2025-11-03 10:48:48.676] [info] Bounds for 'glmax2_r': 0.01 to 1.0.
[2025-11-03 10:48:48.676] [info] Bounds for 'glmax3_r': 0.01 to 1.0.
[2025-11-03 10:48:48.676] [info] Bounds for 'glmed1_r': 0.01 to 1.0.
[2025-11-03 10:48:48.677] [info] Bounds for 'glmed2_r': 0.01 to 1.0.
[2025-11-03 10:48:48.677] [info] Bounds for 'glmed3_r': 0.01 to 1.0.
[2025-11-03 10:48:48.677] [info] Bounds for 'glmin1_r': 0.01 to 1.0.
[2025-11-03 10:48:48.677] [info] Bounds for 'glmin2_r': 0.01 to 1.0.
[2025-11-03 10:48:48.677] [info] Bounds for 'glmin3_r': 0.01 to 1.0.
[2025-11-03 10:48:48.677] [info] Bounds for 'grac_r': 0.01 to 1.0.
[2025-11-03 10:48:48.678] [info] Bounds for 'iliacus_r': 0.01 to 1.0.
[2025-11-03 10:48:48.678] [info] Bounds for 'perbrev_r': 0.01 to 1.0.
[2025-11-03 10:48:48.678] [info] Bounds for 'perlong_r': 0.01 to 1.0.
[2025-11-03 10:48:48.678] [info] Bounds for 'piri_r': 0.01 to 1.0.
[2025-11-03 10:48:48.678] [info] Bounds for 'psoas_r': 0.01 to 1.0.
[2025-11-03 10:48:48.678] [info] Bounds for 'recfem_r': 0.01 to 1.0.
[2025-11-03 10:48:48.678] [info] Bounds for 'sart_r': 0.01 to 1.0.
[2025-11-03 10:48:48.679] [info] Bounds for 'semimem_r': 0.01 to 1.0.
[2025-11-03 10:48:48.679] [info] Bounds for 'semiten_r': 0.01 to 1.0.
[2025-11-03 10:48:48.679] [info] Bounds for 'soleus_r': 0.01 to 1.0.
[2025-11-03 10:48:48.679] [info] Bounds for 'tfl_r': 0.01 to 1.0.
[2025-11-03 10:48:48.679] [info] Bounds for 'tibant_r': 0.01 to 1.0.
[2025-11-03 10:48:48.679] [info] Bounds for 'tibpost_r': 0.01 to 1.0.
[2025-11-03 10:48:48.680] [info] Bounds for 'vasint_r': 0.01 to 1.0.
[2025-11-03 10:48:48.680] [info] Bounds for 'vaslat_r': 0.01 to 1.0.
[2025-11-03 10:48:48.680] [info] Bounds for 'vasmed_r': 0.01 to 1.0.
[2025-11-03 10:48:48.680] [info] Bounds for 'addbrev_l': 0.01 to 1.0.
[2025-11-03 10:48:48.680] [info] Bounds for 'addlong_l': 0.01 to 1.0.
[2025-11-03 10:48:48.681] [info] Bounds for 'addmagDist_l': 0.01 to 1.0.
[2025-11-03 10:48:48.681] [info] Bounds for 'addmagIsch_l': 0.01 to 1.0.
[2025-11-03 10:48:48.681] [info] Bounds for 'addmagMid_l': 0.01 to 1.0.
[2025-11-03 10:48:48.681] [info] Bounds for 'addmagProx_l': 0.01 to 1.0.
[2025-11-03 10:48:48.681] [info] Bounds for 'bflh_l': 0.01 to 1.0.
[2025-11-03 10:48:48.681] [info] Bounds for 'bfsh_l': 0.01 to 1.0.
[2025-11-03 10:48:48.681] [info] Bounds for 'edl_l': 0.01 to 1.0.
[2025-11-03 10:48:48.682] [info] Bounds for 'ehl_l': 0.01 to 1.0.
[2025-11-03 10:48:48.682] [info] Bounds for 'fdl_l': 0.01 to 1.0.
[2025-11-03 10:48:48.682] [info] Bounds for 'fhl_l': 0.01 to 1.0.
[2025-11-03 10:48:48.682] [info] Bounds for 'gaslat_l': 0.01 to 1.0.
[2025-11-03 10:48:48.682] [info] Bounds for 'gasmed_l': 0.01 to 1.0.
[2025-11-03 10:48:48.682] [info] Bounds for 'glmax1_l': 0.01 to 1.0.
[2025-11-03 10:48:48.682] [info] Bounds for 'glmax2_l': 0.01 to 1.0.
[2025-11-03 10:48:48.682] [info] Bounds for 'glmax3_l': 0.01 to 1.0.
[2025-11-03 10:48:48.683] [info] Bounds for 'glmed1_l': 0.01 to 1.0.
[2025-11-03 10:48:48.683] [info] Bounds for 'glmed2_l': 0.01 to 1.0.
[2025-11-03 10:48:48.683] [info] Bounds for 'glmed3_l': 0.01 to 1.0.
[2025-11-03 10:48:48.683] [info] Bounds for 'glmin1_l': 0.01 to 1.0.
[2025-11-03 10:48:48.683] [info] Bounds for 'glmin2_l': 0.01 to 1.0.
[2025-11-03 10:48:48.683] [info] Bounds for 'glmin3_l': 0.01 to 1.0.
[2025-11-03 10:48:48.683] [info] Bounds for 'grac_l': 0.01 to 1.0.
[2025-11-03 10:48:48.684] [info] Bounds for 'iliacus_l': 0.01 to 1.0.
[2025-11-03 10:48:48.684] [info] Bounds for 'perbrev_l': 0.01 to 1.0.
[2025-11-03 10:48:48.684] [info] Bounds for 'perlong_l': 0.01 to 1.0.
[2025-11-03 10:48:48.684] [info] Bounds for 'piri_l': 0.01 to 1.0.
[2025-11-03 10:48:48.684] [info] Bounds for 'psoas_l': 0.01 to 1.0.
[2025-11-03 10:48:48.684] [info] Bounds for 'recfem_l': 0.01 to 1.0.
[2025-11-03 10:48:48.684] [info] Bounds for 'sart_l': 0.01 to 1.0.
[2025-11-03 10:48:48.685] [info] Bounds for 'semimem_l': 0.01 to 1.0.
[2025-11-03 10:48:48.685] [info] Bounds for 'semiten_l': 0.01 to 1.0.
[2025-11-03 10:48:48.685] [info] Bounds for 'soleus_l': 0.01 to 1.0.
[2025-11-03 10:48:48.685] [info] Bounds for 'tfl_l': 0.01 to 1.0.
[2025-11-03 10:48:48.685] [info] Bounds for 'tibant_l': 0.01 to 1.0.
[2025-11-03 10:48:48.685] [info] Bounds for 'tibpost_l': 0.01 to 1.0.
[2025-11-03 10:48:48.686] [info] Bounds for 'vasint_l': 0.01 to 1.0.
[2025-11-03 10:48:48.686] [info] Bounds for 'vaslat_l': 0.01 to 1.0.
[2025-11-03 10:48:48.686] [info] Bounds for 'vasmed_l': 0.01 to 1.0.
[2025-11-03 10:48:48.686] [info] Bounds for 'lumbar_ext': -inf to inf.
[2025-11-03 10:48:48.686] [info] Bounds for 'lumbar_bend': -inf to inf.
[2025-11-03 10:48:48.686] [info] Bounds for 'lumbar_rot': -inf to inf.
[2025-11-03 10:48:48.687] [info] Bounds for 'shoulder_flex_r': -inf to inf.
[2025-11-03 10:48:48.687] [info] Bounds for 'shoulder_add_r': -inf to inf.
[2025-11-03 10:48:48.687] [info] Bounds for 'shoulder_rot_r': -inf to inf.
[2025-11-03 10:48:48.687] [info] Bounds for 'elbow_flex_r': -inf to inf.
[2025-11-03 10:48:48.687] [info] Bounds for 'pro_sup_r': -inf to inf.
[2025-11-03 10:48:48.688] [info] Bounds for 'wrist_flex_r': -inf to inf.
[2025-11-03 10:48:48.688] [info] Bounds for 'wrist_dev_r': -inf to inf.
[2025-11-03 10:48:48.688] [info] Bounds for 'shoulder_flex_l': -inf to inf.
[2025-11-03 10:48:48.688] [info] Bounds for 'shoulder_add_l': -inf to inf.
[2025-11-03 10:48:48.688] [info] Bounds for 'shoulder_rot_l': -inf to inf.
[2025-11-03 10:48:48.688] [info] Bounds for 'elbow_flex_l': -inf to inf.
[2025-11-03 10:48:48.688] [info] Bounds for 'pro_sup_l': -inf to inf.
[2025-11-03 10:48:48.689] [info] Bounds for 'wrist_flex_l': -inf to inf.
[2025-11-03 10:48:48.689] [info] Bounds for 'wrist_dev_l': -inf to inf.
[2025-11-03 10:48:48.689] [info] Bounds for 'FX': -inf to inf.
[2025-11-03 10:48:48.689] [info] Bounds for 'FY': -inf to inf.
[2025-11-03 10:48:48.689] [info] Bounds for 'FZ': -inf to inf.
[2025-11-03 10:48:48.690] [info] Bounds for 'MX': -inf to inf.
[2025-11-03 10:48:48.690] [info] Bounds for 'MY': -inf to inf.
[2025-11-03 10:48:48.690] [info] Bounds for 'MZ': -inf to inf.
[2025-11-03 10:48:48.690] [info] Bounds for 'hip_flexion_r_reserve': -1.0 to 1.0.
[2025-11-03 10:48:48.690] [info] Bounds for 'hip_adduction_r_reserve': -1.0 to 1.0.
[2025-11-03 10:48:48.691] [info] Bounds for 'hip_rotation_r_reserve': -1.0 to 1.0.
[2025-11-03 10:48:48.691] [info] Bounds for 'knee_angle_r_reserve': -1.0 to 1.0.
[2025-11-03 10:48:48.691] [info] Bounds for 'ankle_angle_r_reserve': -1.0 to 1.0.
[2025-11-03 10:48:48.691] [info] Bounds for 'hip_flexion_l_reserve': -1.0 to 1.0.
[2025-11-03 10:48:48.691] [info] Bounds for 'hip_adduction_l_reserve': -1.0 to 1.0.
[2025-11-03 10:48:48.691] [info] Bounds for 'hip_rotation_l_reserve': -1.0 to 1.0.
[2025-11-03 10:48:48.692] [info] Bounds for 'knee_angle_l_reserve': -1.0 to 1.0.
[2025-11-03 10:48:48.692] [info] Bounds for 'ankle_angle_l_reserve': -1.0 to 1.0.
[2025-11-03 10:48:49.220] [cout] [info] time = 1.71 Performance = 20.1459 Constraint violation = 6.06256e-13
[2025-11-03 10:48:49.775] [cout] [info] time = 1.715 Performance = 25.2951 Constraint violation = 2.42476e-12
[2025-11-03 10:48:50.232] [cout] [info] time = 1.72 Performance = 30.8361 Constraint violation = 1.03048e-12
[2025-11-03 10:48:50.790] [cout] [info] time = 1.725 Performance = 36.433 Constraint violation = 4.87493e-12
[2025-11-03 10:48:51.300] [cout] [info] time = 1.73 Performance = 41.7296 Constraint violation = 1.90048e-12
[2025-11-03 10:48:51.959] [cout] [info] time = 1.735 Performance = 46.3903 Constraint violation = 5.80432e-12
[2025-11-03 10:48:52.448] [cout] [info] time = 1.74 Performance = 50.143 Constraint violation = 9.21017e-13
[2025-11-03 10:48:53.002] [cout] [info] time = 1.745 Performance = 52.821 Constraint violation = 2.49918e-12
[2025-11-03 10:48:53.593] [cout] [info] time = 1.75 Performance = 54.397 Constraint violation = 2.08669e-11
[2025-11-03 10:48:54.135] [cout] [info] time = 1.755 Performance = 55.0029 Constraint violation = 2.4846e-12
[2025-11-03 10:48:54.691] [cout] [info] time = 1.76 Performance = 54.9216 Constraint violation = 2.39083e-12
[2025-11-03 10:48:55.240] [cout] [info] time = 1.765 Performance = 54.537 Constraint violation = 6.42068e-12
[2025-11-03 10:48:55.712] [cout] [info] time = 1.77 Performance = 54.2468 Constraint violation = 6.19306e-12
[2025-11-03 10:48:56.226] [cout] [info] time = 1.775 Performance = 54.3527 Constraint violation = 2.76725e-12
[2025-11-03 10:48:56.667] [cout] [info] time = 1.78 Performance = 54.9589 Constraint violation = 1.10834e-11
[2025-11-03 10:48:57.220] [cout] [info] time = 1.785 Performance = 55.9358 Constraint violation = 8.60224e-12
[2025-11-03 10:48:57.683] [cout] [info] time = 1.79 Performance = 56.976 Constraint violation = 7.69453e-12
[2025-11-03 10:48:58.245] [cout] [info] time = 1.795 Performance = 57.71 Constraint violation = 2.3623e-12
[2025-11-03 10:48:58.807] [cout] [info] time = 1.8 Performance = 57.8285 Constraint violation = 4.68138e-12
[2025-11-03 10:48:59.323] [cout] [info] time = 1.80500 Performance = 57.1726 Constraint violation = 4.83385e-12
[2025-11-03 10:48:59.794] [cout] [info] time = 1.81 Performance = 55.7808 Constraint violation = 2.13605e-11
[2025-11-03 10:49:00.289] [cout] [info] time = 1.815 Performance = 53.8748 Constraint violation = 8.71296e-12
[2025-11-03 10:49:00.948] [cout] [info] time = 1.82 Performance = 51.7975 Constraint violation = 1.98807e-11
[2025-11-03 10:49:01.562] [cout] [info] time = 1.825 Performance = 49.8924 Constraint violation = 9.73184e-12
[2025-11-03 10:49:02.190] [cout] [info] time = 1.83 Performance = 48.3765 Constraint violation = 1.05011e-11
[2025-11-03 10:49:02.904] [cout] [info] time = 1.835 Performance = 47.2768 Constraint violation = 5.31759e-12
[2025-11-03 10:49:03.717] [cout] [info] time = 1.84 Performance = 46.4535 Constraint violation = 2.20231e-12
[2025-11-03 10:49:04.510] [cout] [info] time = 1.845 Performance = 45.6775 Constraint violation = 2.54632e-11
[2025-11-03 10:49:05.488] [cout] [info] time = 1.85 Performance = 44.6911 Constraint violation = 7.03339e-12
[2025-11-03 10:49:06.250] [cout] [info] time = 1.855 Performance = 43.2535 Constraint violation = 2.76866e-12
[2025-11-03 10:49:07.257] [cout] [info] time = 1.86 Performance = 41.1881 Constraint violation = 3.57235e-12
[2025-11-03 10:49:08.207] [cout] [info] time = 1.865 Performance = 38.4203 Constraint violation = 7.41778e-12
[2025-11-03 10:49:09.081] [cout] [info] time = 1.87 Performance = 34.993 Constraint violation = 2.17279e-12
[2025-11-03 10:49:09.884] [cout] [info] time = 1.875 Performance = 31.0622 Constraint violation = 4.39322e-12
[2025-11-03 10:49:10.602] [cout] [info] time = 1.88 Performance = 26.874 Constraint violation = 2.17952e-12
[2025-11-03 10:49:11.422] [cout] [info] time = 1.885 Performance = 22.7090 Constraint violation = 3.10946e-12
[2025-11-03 10:49:12.245] [cout] [info] time = 1.89 Performance = 18.8231 Constraint violation = 1.04603e-12
[2025-11-03 10:49:13.659] [cout] [info] time = 1.895 Performance = 15.4116 Constraint violation = 2.00354e-12
[2025-11-03 10:49:14.428] [cout] [info] time = 1.9 Performance = 12.5923 Constraint violation = 8.42926e-13
[2025-11-03 10:49:15.001] [cout] [info] time = 1.90500 Performance = 10.3987 Constraint violation = 1.44786e-12
[2025-11-03 10:49:15.606] [cout] [info] time = 1.91 Performance = 8.79397 Constraint violation = 9.54147e-13
[2025-11-03 10:49:16.089] [cout] [info] time = 1.915 Performance = 7.70229 Constraint violation = 1.87109e-12
[2025-11-03 10:49:16.559] [cout] [info] time = 1.92 Performance = 7.03824 Constraint violation = 1.15833e-12
[2025-11-03 10:49:17.170] [cout] [info] time = 1.925 Performance = 6.73245 Constraint violation = 6.51386e-13
[2025-11-03 10:49:17.924] [cout] [info] time = 1.93 Performance = 6.73712 Constraint violation = 9.7558e-13
[2025-11-03 10:49:18.613] [cout] [info] time = 1.935 Performance = 7.04299 Constraint violation = 1.53322e-12
[2025-11-03 10:49:19.252] [cout] [info] time = 1.94 Performance = 7.68651 Constraint violation = 1.03494e-12
[2025-11-03 10:49:19.864] [cout] [info] time = 1.945 Performance = 8.74897 Constraint violation = 1.30138e-12
[2025-11-03 10:49:20.436] [cout] [info] time = 1.95 Performance = 10.3339 Constraint violation = 1.40739e-12
[2025-11-03 10:49:20.888] [cout] [info] time = 1.955 Performance = 12.519 Constraint violation = 1.52444e-12
[2025-11-03 10:49:21.303] [cout] [info] time = 1.96 Performance = 15.3052 Constraint violation = 1.49608e-12
[2025-11-03 10:49:21.759] [cout] [info] time = 1.965 Performance = 18.5992 Constraint violation = 1.23603e-12
[2025-11-03 10:49:22.237] [cout] [info] time = 1.97 Performance = 22.2374 Constraint violation = 1.1882e-12
[2025-11-03 10:49:23.124] [cout] [info] time = 1.975 Performance = 26.0229 Constraint violation = 4.35731e-12
[2025-11-03 10:49:23.935] [cout] [info] time = 1.98 Performance = 29.7578 Constraint violation = 1.75624e-12
[2025-11-03 10:49:24.529] [cout] [info] time = 1.985 Performance = 33.271 Constraint violation = 1.91668e-12
[2025-11-03 10:49:25.166] [cout] [info] time = 1.99 Performance = 36.437 Constraint violation = 2.18819e-12
[2025-11-03 10:49:25.938] [cout] [info] time = 1.995 Performance = 39.1874 Constraint violation = 1.68231e-12
[2025-11-03 10:49:27.150] [cout] [info] time = 2.0 Performance = 41.5103 Constraint violation = 6.88849e-12
[2025-11-03 10:49:28.065] [cout] [info] time = 2.00500 Performance = 43.4238 Constraint violation = 2.95752e-12
[2025-11-03 10:49:28.684] [cout] [info] time = 2.01 Performance = 44.9551 Constraint violation = 2.54618e-12
[2025-11-03 10:49:29.219] [cout] [info] time = 2.015 Performance = 46.1412 Constraint violation = 1.54022e-11
[2025-11-03 10:49:29.733] [cout] [info] time = 2.02 Performance = 47.0488 Constraint violation = 3.82916e-12
[2025-11-03 10:49:30.240] [cout] [info] time = 2.025 Performance = 47.7818 Constraint violation = 3.84901e-12
[2025-11-03 10:49:30.707] [cout] [info] time = 2.03 Performance = 48.4575 Constraint violation = 1.94501e-11
[2025-11-03 10:49:31.167] [cout] [info] time = 2.035 Performance = 49.1716 Constraint violation = 7.49041e-12
[2025-11-03 10:49:31.669] [cout] [info] time = 2.04 Performance = 49.9728 Constraint violation = 1.70478e-11
[2025-11-03 10:49:32.136] [cout] [info] time = 2.045 Performance = 50.8618 Constraint violation = 9.89667e-12
[2025-11-03 10:49:32.621] [cout] [info] time = 2.05 Performance = 51.8076 Constraint violation = 6.68882e-12
[2025-11-03 10:49:33.116] [cout] [info] time = 2.055 Performance = 52.765 Constraint violation = 5.61546e-12
[2025-11-03 10:49:33.608] [cout] [info] time = 2.06 Performance = 53.6728 Constraint violation = 2.03603e-12
[2025-11-03 10:49:34.086] [cout] [info] time = 2.065 Performance = 54.4388 Constraint violation = 9.66183e-12
[2025-11-03 10:49:34.648] [cout] [info] time = 2.07 Performance = 54.9356 Constraint violation = 4.02743e-11
[2025-11-03 10:49:35.194] [cout] [info] time = 2.075 Performance = 55.0228 Constraint violation = 1.41024e-11
[2025-11-03 10:49:35.731] [cout] [info] time = 2.08 Performance = 54.5861 Constraint violation = 1.30378e-11
[2025-11-03 10:49:36.605] [cout] [info] time = 2.085 Performance = 53.5705 Constraint violation = 5.41256e-12
[2025-11-03 10:49:38.574] [cout] [info] time = 2.09 Performance = 51.9869 Constraint violation = 1.51441e-11
[2025-11-03 10:49:40.751] [cout] [info] time = 2.095 Performance = 49.8944 Constraint violation = 5.62438e-12
[2025-11-03 10:49:42.959] [cout] [info] time = 2.1 Performance = 47.3816 Constraint violation = 1.80954e-11
[2025-11-03 10:49:44.823] [cout] [info] time = 2.10500 Performance = 44.5558 Constraint violation = 4.02379e-12
[2025-11-03 10:49:45.938] [cout] [info] time = 2.11 Performance = 41.5331 Constraint violation = 1.01009e-11
[2025-11-03 10:49:47.486] [cout] [info] time = 2.115 Performance = 38.4284 Constraint violation = 3.85557e-12
[2025-11-03 10:49:49.208] [cout] [info] time = 2.12 Performance = 35.3445 Constraint violation = 4.78838e-12
[2025-11-03 10:49:50.654] [cout] [info] time = 2.125 Performance = 32.364 Constraint violation = 2.48523e-11
[2025-11-03 10:49:52.111] [cout] [info] time = 2.13 Performance = 29.5466 Constraint violation = 2.54335e-12
[2025-11-03 10:49:53.295] [cout] [info] time = 2.135 Performance = 26.9333 Constraint violation = 1.25482e-11
[2025-11-03 10:49:54.638] [cout] [info] time = 2.14 Performance = 24.5428 Constraint violation = 4.48084e-12
[2025-11-03 10:49:55.741] [cout] [info] time = 2.145 Performance = 22.3823 Constraint violation = 4.72186e-12
[2025-11-03 10:49:56.758] [cout] [info] time = 2.15 Performance = 20.4415 Constraint violation = 1.57654e-12
[2025-11-03 10:49:57.956] [cout] [info] time = 2.155 Performance = 18.7040 Constraint violation = 1.95515e-12
[2025-11-03 10:49:59.285] [cout] [info] time = 2.16 Performance = 17.1534 Constraint violation = 1.11893e-12
[2025-11-03 10:50:00.158] [cout] [info] time = 2.165 Performance = 15.7763 Constraint violation = 2.08678e-12
[2025-11-03 10:50:00.918] [cout] [info] time = 2.17 Performance = 14.5635 Constraint violation = 1.00164e-12
[2025-11-03 10:50:02.339] [cout] [info] time = 2.175 Performance = 13.5116 Constraint violation = 2.10424e-12
[2025-11-03 10:50:03.403] [cout] [info] time = 2.18 Performance = 12.6228 Constraint violation = 1.19803e-12
[2025-11-03 10:50:04.127] [cout] [info] time = 2.185 Performance = 11.9036 Constraint violation = 1.33797e-12
[2025-11-03 10:50:04.698] [cout] [info] time = 2.19 Performance = 11.36 Constraint violation = 7.96313e-13
[2025-11-03 10:50:05.152] [cout] [info] time = 2.195 Performance = 10.9929 Constraint violation = 1.43389e-12
[2025-11-03 10:50:05.616] [cout] [info] time = 2.2 Performance = 10.7962 Constraint violation = 2.58936e-12
[2025-11-03 10:50:06.050] [cout] [info] time = 2.20500 Performance = 10.7565 Constraint violation = 1.40329e-12
[2025-11-03 10:50:06.526] [cout] [info] time = 2.21 Performance = 10.859 Constraint violation = 1.29833e-12
[2025-11-03 10:50:07.053] [cout] [info] time = 2.215 Performance = 11.0911 Constraint violation = 1.69913e-12
[2025-11-03 10:50:07.739] [cout] [info] time = 2.22 Performance = 11.4469 Constraint violation = 1.97783e-12
[2025-11-03 10:50:08.574] [cout] [info] time = 2.225 Performance = 11.9245 Constraint violation = 1.5829e-12
[2025-11-03 10:50:09.454] [cout] [info] time = 2.23 Performance = 12.5226 Constraint violation = 3.07984e-12
[2025-11-03 10:50:10.290] [cout] [info] time = 2.235 Performance = 13.2392 Constraint violation = 2.23202e-12
[2025-11-03 10:50:11.007] [cout] [info] time = 2.24 Performance = 14.0567 Constraint violation = 2.07707e-12
[2025-11-03 10:50:11.802] [cout] [info] time = 2.245 Performance = 14.9472 Constraint violation = 1.12872e-12
[2025-11-03 10:50:12.590] [cout] [info] time = 2.25 Performance = 15.8802 Constraint violation = 1.69086e-12
[2025-11-03 10:50:13.296] [cout] [info] time = 2.255 Performance = 16.8289 Constraint violation = 6.61561e-13
[2025-11-03 10:50:13.963] [cout] [info] time = 2.26 Performance = 17.7605 Constraint violation = 1.87078e-12
[2025-11-03 10:50:14.771] [cout] [info] time = 2.265 Performance = 18.6335 Constraint violation = 2.60544e-12
[2025-11-03 10:50:15.470] [cout] [info] time = 2.27 Performance = 19.4099 Constraint violation = 2.21943e-12
[2025-11-03 10:50:16.233] [cout] [info] time = 2.275 Performance = 20.0696 Constraint violation = 2.03801e-12
[2025-11-03 10:50:16.911] [cout] [info] time = 2.28 Performance = 20.6152 Constraint violation = 3.08447e-12
[2025-11-03 10:50:17.579] [cout] [info] time = 2.285 Performance = 21.0735 Constraint violation = 1.93458e-12
[2025-11-03 10:50:18.311] [cout] [info] time = 2.29 Performance = 21.4946 Constraint violation = 1.87688e-12
[2025-11-03 10:50:18.982] [cout] [info] time = 2.295 Performance = 21.9463 Constraint violation = 4.61821e-12
[2025-11-03 10:50:19.732] [cout] [info] time = 2.3 Performance = 22.5065 Constraint violation = 3.25801e-12
[2025-11-03 10:50:20.535] [cout] [info] time = 2.30500 Performance = 23.2577 Constraint violation = 3.2697e-12
[2025-11-03 10:50:21.261] [cout] [info] time = 2.31 Performance = 24.2836 Constraint violation = 4.36365e-12
[2025-11-03 10:50:22.135] [cout] [info] time = 2.315 Performance = 25.6679 Constraint violation = 4.26372e-12
[2025-11-03 10:50:22.794] [cout] [info] time = 2.32 Performance = 27.4839 Constraint violation = 1.75918e-11
[2025-11-03 10:50:23.357] [cout] [info] time = 2.325 Performance = 29.7742 Constraint violation = 1.29356e-12
[2025-11-03 10:50:23.905] [cout] [info] time = 2.33 Performance = 32.5382 Constraint violation = 3.24572e-11
[2025-11-03 10:50:24.659] [cout] [info] time = 2.335 Performance = 35.7366 Constraint violation = 1.85898e-11
[2025-11-03 10:50:25.116] [cout] [info] time = 2.34 Performance = 39.2976 Constraint violation = 7.74988e-11
[2025-11-03 10:50:25.565] [cout] [info] time = 2.345 Performance = 43.1056 Constraint violation = 2.84646e-12
[2025-11-03 10:50:26.005] [cout] [info] time = 2.35 Performance = 46.9861 Constraint violation = 1.09442e-11
[2025-11-03 10:50:26.452] [cout] [info] time = 2.355 Performance = 50.7058 Constraint violation = 2.78921e-11
[2025-11-03 10:50:26.879] [cout] [info] time = 2.36 Performance = 53.9876 Constraint violation = 1.46632e-11
[2025-11-03 10:50:27.303] [cout] [info] time = 2.365 Performance = 56.5569 Constraint violation = 7.05321e-12
[2025-11-03 10:50:27.908] [cout] [info] time = 2.37 Performance = 58.2244 Constraint violation = 1.77069e-10
[2025-11-03 10:50:28.483] [cout] [info] time = 2.375 Performance = 58.9628 Constraint violation = 7.55938e-11
[2025-11-03 10:50:29.151] [cout] [info] time = 2.38 Performance = 58.8667 Constraint violation = 2.47090e-11
[2025-11-03 10:50:29.895] [cout] [info] time = 2.385 Performance = 58.0814 Constraint violation = 7.5675e-12
[2025-11-03 10:50:30.630] [cout] [info] time = 2.39 Performance = 56.7737 Constraint violation = 3.41859e-11
[2025-11-03 10:50:31.319] [cout] [info] time = 2.395 Performance = 55.0547 Constraint violation = 1.42857e-11
[2025-11-03 10:50:31.882] [cout] [info] time = 2.4 Performance = 53.0373 Constraint violation = 7.21285e-12
[2025-11-03 10:50:32.402] [cout] [info] time = 2.40500 Performance = 50.8031 Constraint violation = 7.33419e-12
[2025-11-03 10:50:33.409] [cout] [info] time = 2.41 Performance = 48.4283 Constraint violation = 1.45827e-11
[2025-11-03 10:50:34.170] [cout] [info] time = 2.415 Performance = 45.9821 Constraint violation = 9.00885e-12
[2025-11-03 10:50:34.913] [cout] [info] time = 2.42 Performance = 43.5183 Constraint violation = 1.16888e-11
[2025-11-03 10:50:35.868] [cout] [info] time = 2.425 Performance = 41.0953 Constraint violation = 2.25629e-11
[2025-11-03 10:50:36.536] [cout] [info] time = 2.43 Performance = 38.7896 Constraint violation = 5.40100e-12
[2025-11-03 10:50:37.048] [cout] [info] time = 2.435 Performance = 36.6995 Constraint violation = 1.83251e-12
[2025-11-03 10:50:37.499] [cout] [info] time = 2.44 Performance = 34.9147 Constraint violation = 8.03479e-12
[2025-11-03 10:50:37.908] [cout] [info] time = 2.445 Performance = 33.5154 Constraint violation = 3.38807e-12
[2025-11-03 10:50:38.331] [cout] [info] time = 2.45 Performance = 32.5602 Constraint violation = 2.19725e-12
[2025-11-03 10:50:38.785] [cout] [info] time = 2.455 Performance = 32.089 Constraint violation = 3.16197e-12
[2025-11-03 10:50:39.243] [cout] [info] time = 2.46 Performance = 32.1246 Constraint violation = 2.87572e-12
[2025-11-03 10:50:39.698] [cout] [info] time = 2.465 Performance = 32.6804 Constraint violation = 1.97576e-12
[2025-11-03 10:50:40.149] [cout] [info] time = 2.47 Performance = 33.7641 Constraint violation = 3.24926e-12
[2025-11-03 10:50:40.663] [cout] [info] time = 2.475 Performance = 35.3768 Constraint violation = 5.53212e-12
[2025-11-03 10:50:41.165] [cout] [info] time = 2.48 Performance = 37.5108 Constraint violation = 1.72931e-11
[2025-11-03 10:50:41.676] [cout] [info] time = 2.485 Performance = 40.1566 Constraint violation = 1.69234e-11
[2025-11-03 10:50:42.261] [cout] [info] time = 2.49 Performance = 43.3171 Constraint violation = 1.79485e-12
[2025-11-03 10:50:43.167] [cout] [info] time = 2.495 Performance = 47.0121 Constraint violation = 2.8631e-12
[2025-11-03 10:50:43.924] [cout] [info] time = 2.5 Performance = 51.2613 Constraint violation = 1.90194e-11
[2025-11-03 10:50:44.667] [cout] [info] time = 2.50500 Performance = 56.0714 Constraint violation = 1.8195e-12
[2025-11-03 10:50:45.434] [cout] [info] time = 2.51 Performance = 61.4447 Constraint violation = 8.2875e-12
[2025-11-03 10:50:46.077] [cout] [info] time = 2.515 Performance = 67.4072 Constraint violation = 2.73466e-12
[2025-11-03 10:50:46.769] [cout] [info] time = 2.52 Performance = 74.0262 Constraint violation = 1.27305e-11
[2025-11-03 10:50:47.322] [cout] [info] time = 2.525 Performance = 81.4195 Constraint violation = 2.38214e-11
[2025-11-03 10:50:47.839] [cout] [info] time = 2.53 Performance = 89.734 Constraint violation = 3.49644e-12
[2025-11-03 10:50:48.357] [cout] [info] time = 2.535 Performance = 99.1045 Constraint violation = 1.3172e-11
[2025-11-03 10:50:48.839] [cout] [info] time = 2.54 Performance = 109.609 Constraint violation = 1.37981e-12
[2025-11-03 10:50:49.327] [cout] [info] time = 2.545 Performance = 121.248 Constraint violation = 4.64636e-12
[2025-11-03 10:50:49.805] [cout] [info] time = 2.55 Performance = 133.94 Constraint violation = 5.11362e-11
[2025-11-03 10:50:50.329] [cout] [info] time = 2.555 Performance = 147.516 Constraint violation = 3.03818e-10
[2025-11-03 10:50:50.820] [cout] [info] time = 2.56 Performance = 161.702 Constraint violation = 7.5294e-11
[2025-11-03 10:50:51.284] [cout] [info] time = 2.565 Performance = 176.108 Constraint violation = 1.37644e-10
[2025-11-03 10:50:51.747] [cout] [info] time = 2.57 Performance = 190.249 Constraint violation = 3.78032e-10
[2025-11-03 10:50:52.174] [cout] [info] time = 2.575 Performance = 203.599 Constraint violation = 3.93271e-11
[2025-11-03 10:50:52.582] [cout] [info] time = 2.58 Performance = 215.651 Constraint violation = 1.16611e-10
[2025-11-03 10:50:52.987] [cout] [info] time = 2.585 Performance = 225.953 Constraint violation = 4.88881e-11
[2025-11-03 10:50:53.463] [cout] [info] time = 2.59 Performance = 234.133 Constraint violation = 1.67318e-10
[2025-11-03 10:50:53.906] [cout] [info] time = 2.595 Performance = 239.931 Constraint violation = 8.4339e-11
[2025-11-03 10:50:54.399] [cout] [info] time = 2.6 Performance = 243.222 Constraint violation = 9.16205e-11
[2025-11-03 10:50:54.900] [cout] [info] time = 2.60500 Performance = 244.008 Constraint violation = 5.92308e-11
[2025-11-03 10:50:55.398] [cout] [info] time = 2.61 Performance = 242.4 Constraint violation = 1.7548e-10
[2025-11-03 10:50:55.896] [cout] [info] time = 2.615 Performance = 238.606 Constraint violation = 1.71983e-10
[2025-11-03 10:50:56.412] [cout] [info] time = 2.62 Performance = 232.922 Constraint violation = 9.18801e-10
[2025-11-03 10:50:56.908] [cout] [info] time = 2.625 Performance = 225.695 Constraint violation = 3.5489e-12
[2025-11-03 10:50:57.381] [cout] [info] time = 2.63 Performance = 217.264 Constraint violation = 1.04025e-11
[2025-11-03 10:50:57.807] [cout] [info] time = 2.635 Performance = 207.893 Constraint violation = 5.26851e-11
[2025-11-03 10:50:58.232] [cout] [info] time = 2.64 Performance = 197.734 Constraint violation = 3.17368e-10
[2025-11-03 10:50:58.721] [cout] [info] time = 2.645 Performance = 186.843 Constraint violation = 8.29111e-11
[2025-11-03 10:50:59.246] [cout] [info] time = 2.65 Performance = 175.223 Constraint violation = 1.43875e-10
[2025-11-03 10:50:59.801] [cout] [info] time = 2.655 Performance = 162.899 Constraint violation = 5.17812e-11
[2025-11-03 10:51:00.900] [cout] [info] time = 2.66 Performance = 149.948 Constraint violation = 1.28566e-10
[2025-11-03 10:51:02.162] [cout] [info] time = 2.665 Performance = 136.49 Constraint violation = 2.55256e-10
[2025-11-03 10:51:03.353] [cout] [info] time = 2.67 Performance = 122.692 Constraint violation = 2.44562e-10
[2025-11-03 10:51:04.409] [cout] [info] time = 2.675 Performance = 108.778 Constraint violation = 2.52285e-12
[2025-11-03 10:51:05.340] [cout] [info] time = 2.68 Performance = 95.0381 Constraint violation = 5.4768e-11
[2025-11-03 10:51:06.217] [cout] [info] time = 2.685 Performance = 81.8117 Constraint violation = 7.74854e-11
[2025-11-03 10:51:07.218] [cout] [info] time = 2.69 Performance = 69.4642 Constraint violation = 3.87402e-11
[2025-11-03 10:51:08.166] [cout] [info] time = 2.695 Performance = 58.3403 Constraint violation = 4.50314e-12
[2025-11-03 10:51:09.264] [cout] [info] time = 2.7 Performance = 48.6938 Constraint violation = 6.29524e-12
[2025-11-03 10:51:10.033] [cout] [info] time = 2.70500 Performance = 40.6709 Constraint violation = 5.7227e-12
[2025-11-03 10:51:10.724] [cout] [info] time = 2.71 Performance = 34.3223 Constraint violation = 2.18943e-12
[2025-11-03 10:51:11.343] [cout] [info] time = 2.715 Performance = 29.6367 Constraint violation = 1.74348e-12
[2025-11-03 10:51:11.859] [cout] [info] time = 2.72 Performance = 26.5563 Constraint violation = 2.62576e-12
[2025-11-03 10:51:12.393] [cout] [info] time = 2.725 Performance = 24.9817 Constraint violation = 2.34272e-11
[2025-11-03 10:51:13.008] [cout] [info] time = 2.73 Performance = 24.7664 Constraint violation = 4.79862e-12
[2025-11-03 10:51:13.602] [cout] [info] time = 2.735 Performance = 25.7116 Constraint violation = 2.59507e-11
[2025-11-03 10:51:14.189] [cout] [info] time = 2.74 Performance = 27.5492 Constraint violation = 1.053e-12
[2025-11-03 10:51:14.759] [cout] [info] time = 2.745 Performance = 29.9809 Constraint violation = 1.58075e-12
[2025-11-03 10:51:15.412] [cout] [info] time = 2.75 Performance = 32.7031 Constraint violation = 2.88051e-12
[2025-11-03 10:51:15.966] [cout] [info] time = 2.755 Performance = 35.4636 Constraint violation = 3.23123e-12
[2025-11-03 10:51:16.544] [cout] [info] time = 2.76 Performance = 38.1033 Constraint violation = 1.51614e-11
[2025-11-03 10:51:17.045] [cout] [info] time = 2.765 Performance = 40.5445 Constraint violation = 2.52007e-12
[2025-11-03 10:51:17.603] [cout] [info] time = 2.77 Performance = 42.7387 Constraint violation = 1.52028e-11
[2025-11-03 10:51:18.100] [cout] [info] time = 2.775 Performance = 44.6161 Constraint violation = 2.076e-12
[2025-11-03 10:51:18.707] [cout] [info] time = 2.78 Performance = 46.0663 Constraint violation = 4.27421e-12
[2025-11-03 10:51:19.275] [cout] [info] time = 2.785 Performance = 46.9416 Constraint violation = 4.1886e-12
[2025-11-03 10:51:19.739] [cout] [info] time = 2.79 Performance = 47.0737 Constraint violation = 2.09612e-11
[2025-11-03 10:51:20.285] [cout] [info] time = 2.795 Performance = 46.3108 Constraint violation = 7.7431e-12
[2025-11-03 10:51:20.846] [cout] [info] time = 2.8 Performance = 44.5631 Constraint violation = 8.184e-12
[2025-11-03 10:51:21.351] [cout] [info] time = 2.80500 Performance = 41.8488 Constraint violation = 1.67498e-11
[2025-11-03 10:51:21.971] [cout] [info] time = 2.81 Performance = 38.3286 Constraint violation = 3.08432e-12
[2025-11-03 10:51:22.494] [cout] [info] time = 2.815 Performance = 34.3032 Constraint violation = 3.36911e-12
[2025-11-03 10:51:23.030] [cout] [info] time = 2.82 Performance = 30.152 Constraint violation = 5.68071e-12
[2025-11-03 10:51:23.564] [cout] [info] time = 2.825 Performance = 26.2412 Constraint violation = 3.77786e-12
[2025-11-03 10:51:24.134] [cout] [info] time = 2.83 Performance = 22.8458 Constraint violation = 2.31683e-12
[2025-11-03 10:51:24.616] [cout] [info] time = 2.835 Performance = 20.1146 Constraint violation = 3.63157e-12
[2025-11-03 10:51:25.196] [cout] [info] time = 2.84 Performance = 18.0781 Constraint violation = 1.54418e-12
[2025-11-03 10:51:25.795] [cout] [info] time = 2.845 Performance = 16.681 Constraint violation = 1.63162e-12
[2025-11-03 10:51:26.446] [cout] [info] time = 2.85 Performance = 15.8249 Constraint violation = 1.15706e-12
[2025-11-03 10:51:27.144] [cout] [info] time = 2.855 Performance = 15.4145 Constraint violation = 1.38475e-12
[2025-11-03 10:51:27.947] [cout] [info] time = 2.86 Performance = 15.3951 Constraint violation = 2.78997e-12
[2025-11-03 10:51:28.637] [cout] [info] time = 2.865 Performance = 15.7686 Constraint violation = 1.51967e-12
[2025-11-03 10:51:29.152] [cout] [info] time = 2.87 Performance = 16.5978 Constraint violation = 1.41987e-12
[2025-11-03 10:51:29.717] [cout] [info] time = 2.875 Performance = 18.0098 Constraint violation = 5.89343e-13
[2025-11-03 10:51:30.266] [cout] [info] time = 2.88 Performance = 20.2017 Constraint violation = 1.45682e-12
[2025-11-03 10:51:30.780] [cout] [info] time = 2.885 Performance = 23.4464 Constraint violation = 1.17972e-12
[2025-11-03 10:51:31.299] [cout] [info] time = 2.89 Performance = 28.0964 Constraint violation = 2.15784e-12
[2025-11-03 10:51:31.862] [cout] [info] time = 2.895 Performance = 34.5819 Constraint violation = 1.75656e-12
[2025-11-03 10:51:32.390] [cout] [info] time = 2.9 Performance = 43.3976 Constraint violation = 3.60637e-12
[2025-11-03 10:51:32.975] [cout] [info] time = 2.90500 Performance = 55.0707 Constraint violation = 1.16226e-12
[2025-11-03 10:51:33.602] [cout] [info] time = 2.91 Performance = 70.1068 Constraint violation = 4.05030e-12
[2025-11-03 10:51:34.214] [cout] [info] time = 2.915 Performance = 88.9069 Constraint violation = 9.40093e-12
[2025-11-03 10:51:34.787] [cout] [info] time = 2.92 Performance = 111.665 Constraint violation = 3.11849e-11
[2025-11-03 10:51:35.198] [cout] [info] time = 2.925 Performance = 138.298 Constraint violation = 3.65568e-11
[2025-11-03 10:51:35.719] [cout] [info] time = 2.93 Performance = 168.455 Constraint violation = 4.09514e-10
[2025-11-03 10:51:36.336] [cout] [info] time = 2.935 Performance = 201.559 Constraint violation = 1.30155e-10
[2025-11-03 10:51:36.855] [cout] [info] time = 2.94 Performance = 236.752 Constraint violation = 8.81697e-10
[2025-11-03 10:51:37.354] [cout] [info] time = 2.945 Performance = 272.821 Constraint violation = 1.40980e-09
[2025-11-03 10:51:37.901] [cout] [info] time = 2.95 Performance = 308.24 Constraint violation = 3.26142e-10
[2025-11-03 10:51:38.425] [cout] [info] time = 2.955 Performance = 341.385 Constraint violation = 6.73106e-11
[2025-11-03 10:51:39.024] [cout] [info] time = 2.96 Performance = 370.848 Constraint violation = 2.6761e-10
[2025-11-03 10:51:39.530] [cout] [info] time = 2.965 Performance = 395.742 Constraint violation = 9.03401e-10
[2025-11-03 10:51:40.051] [cout] [info] time = 2.97 Performance = 415.749 Constraint violation = 7.84578e-10
[2025-11-03 10:51:40.565] [cout] [info] time = 2.975 Performance = 430.834 Constraint violation = 1.05068e-10
[2025-11-03 10:51:41.132] [cout] [info] time = 2.98 Performance = 440.905 Constraint violation = 6.96341e-10
[2025-11-03 10:51:41.627] [cout] [info] time = 2.985 Performance = 445.678 Constraint violation = 3.14619e-10
[2025-11-03 10:51:42.144] [cout] [info] time = 2.99 Performance = 444.776 Constraint violation = 3.05127e-10
[2025-11-03 10:51:42.546] [cout] [info] time = 2.995 Performance = 437.895 Constraint violation = 1.71124e-10
[2025-11-03 10:51:43.061] [cout] [info] time = 3.0 Performance = 425.0 Constraint violation = 4.32005e-10
[2025-11-03 10:51:43.577] [cout] [info] time = 3.00500 Performance = 406.532 Constraint violation = 5.60614e-10
[2025-11-03 10:51:44.110] [cout] [info] time = 3.01 Performance = 383.414 Constraint violation = 1.70888e-10
[2025-11-03 10:51:44.683] [cout] [info] time = 3.015 Performance = 356.8 Constraint violation = 1.21907e-09
[2025-11-03 10:51:45.215] [cout] [info] time = 3.02 Performance = 328.012 Constraint violation = 4.16918e-11
[2025-11-03 10:51:45.712] [cout] [info] time = 3.025 Performance = 298.719 Constraint violation = 5.59698e-11
[2025-11-03 10:51:46.220] [cout] [info] time = 3.03 Performance = 270.968 Constraint violation = 1.29671e-10
[2025-11-03 10:51:46.809] [cout] [info] time = 3.035 Performance = 247.002 Constraint violation = 2.19482e-10
[2025-11-03 10:51:47.440] [cout] [info] time = 3.04 Performance = 229.096 Constraint violation = 3.43591e-10
[2025-11-03 10:51:47.979] [cout] [info] time = 3.045 Performance = 219.361 Constraint violation = 1.21749e-10
[2025-11-03 10:51:48.452] [cout] [info] time = 3.05 Performance = 219.368 Constraint violation = 2.1392e-10
[2025-11-03 10:51:48.926] [cout] [info] time = 3.055 Performance = 229.707 Constraint violation = 1.70963e-10
[2025-11-03 10:51:49.438] [cout] [info] time = 3.06 Performance = 249.655 Constraint violation = 3.67488e-10
[2025-11-03 10:51:49.961] [cout] [info] time = 3.065 Performance = 277.107 Constraint violation = 5.58005e-12
[2025-11-03 10:51:50.447] [cout] [info] time = 3.07 Performance = 308.789 Constraint violation = 2.67168e-10
[2025-11-03 10:51:50.971] [cout] [info] time = 3.075 Performance = 340.663 Constraint violation = 6.75262e-11
[2025-11-03 10:51:51.418] [cout] [info] time = 3.08 Performance = 368.416 Constraint violation = 1.28864e-08
[2025-11-03 10:51:51.982] [cout] [info] time = 3.085 Performance = 387.973 Constraint violation = 7.90218e-10
[2025-11-03 10:51:52.525] [cout] [info] time = 3.09 Performance = 395.979 Constraint violation = 5.9772e-11
[2025-11-03 10:51:53.107] [cout] [info] time = 3.095 Performance = 390.214 Constraint violation = 8.47809e-10
[2025-11-03 10:51:53.693] [cout] [info] time = 3.1 Performance = 369.896 Constraint violation = 4.93037e-10
[2025-11-03 10:51:54.168] [cout] [info] time = 3.10500 Performance = 335.838 Constraint violation = 1.64038e-10
[2025-11-03 10:51:54.675] [cout] [info] time = 3.11 Performance = 290.444 Constraint violation = 2.42486e-10
[2025-11-03 10:51:55.248] [cout] [info] time = 3.115 Performance = 237.511 Constraint violation = 1.5543e-10
[2025-11-03 10:51:55.799] [cout] [info] time = 3.12 Performance = 181.823 Constraint violation = 4.25615e-11
[2025-11-03 10:51:56.384] [cout] [info] time = 3.125 Performance = 128.438 Constraint violation = 1.69396e-10
[2025-11-03 10:51:56.966] [cout] [info] time = 3.13 Performance = 81.7936 Constraint violation = 1.56722e-10
[2025-11-03 10:51:57.388] [cout] [info] time = 3.135 Performance = 45.0221 Constraint violation = 1.37943e-11
[2025-11-03 10:51:57.762] [cout] [info] time = 3.14 Performance = 19.7916 Constraint violation = 7.92906e-12
[2025-11-03 10:51:58.334] [cout] [info] time = 3.145 Performance = 6.48844 Constraint violation = 7.11019e-13
[2025-11-03 10:51:58.975] [cout] [info] time = 3.15 Performance = 4.42927 Constraint violation = 7.37158e-13
[2025-11-03 10:51:59.520] [cout] [info] time = 3.155 Performance = 12.03 Constraint violation = 2.91436e-12
[2025-11-03 10:52:00.020] [cout] [info] time = 3.16 Performance = 26.9774 Constraint violation = 5.10087e-12
[2025-11-03 10:52:00.576] [cout] [info] time = 3.165 Performance = 46.4898 Constraint violation = 4.07158e-11
[2025-11-03 10:52:01.102] [cout] [info] time = 3.17 Performance = 67.6981 Constraint violation = 4.25335e-11
[2025-11-03 10:52:01.692] [cout] [info] time = 3.175 Performance = 88.0557 Constraint violation = 2.46596e-11
[2025-11-03 10:52:02.275] [cout] [info] time = 3.18 Performance = 105.618 Constraint violation = 1.10237e-10
[2025-11-03 10:52:02.751] [cout] [info] time = 3.185 Performance = 119.143 Constraint violation = 3.07191e-12
[2025-11-03 10:52:03.472] [cout] [info] time = 3.19 Performance = 128.065 Constraint violation = 1.23678e-10
[2025-11-03 10:52:03.936] [cout] [info] time = 3.195 Performance = 132.38 Constraint violation = 1.56374e-10
[2025-11-03 10:52:04.582] [cout] [info] time = 3.2 Performance = 132.506 Constraint violation = 3.81221e-11
[2025-11-03 10:52:05.207] [cout] [info] time = 3.20500 Performance = 129.138 Constraint violation = 1.99793e-10
[2025-11-03 10:52:05.885] [cout] [info] time = 3.21 Performance = 123.113 Constraint violation = 3.91773e-11
[2025-11-03 10:52:06.683] [cout] [info] time = 3.215 Performance = 115.304 Constraint violation = 2.8951e-10
[2025-11-03 10:52:07.269] [cout] [info] time = 3.22 Performance = 106.539 Constraint violation = 2.10554e-11
[2025-11-03 10:52:07.869] [cout] [info] time = 3.225 Performance = 97.4947 Constraint violation = 5.03784e-10
[2025-11-03 10:52:08.390] [cout] [info] time = 3.23 Performance = 88.6595 Constraint violation = 1.85979e-11
[2025-11-03 10:52:08.917] [cout] [info] time = 3.235 Performance = 80.2907 Constraint violation = 2.2769e-11
[2025-11-03 10:52:09.394] [cout] [info] time = 3.24 Performance = 72.4795 Constraint violation = 6.72047e-11
[2025-11-03 10:52:09.891] [cout] [info] time = 3.245 Performance = 65.2073 Constraint violation = 5.20538e-11
[2025-11-03 10:52:10.354] [cout] [info] time = 3.25 Performance = 58.3999 Constraint violation = 8.8779e-11
[2025-11-03 10:52:10.864] [cout] [info] time = 3.255 Performance = 51.9663 Constraint violation = 1.34014e-11
[2025-11-03 10:52:11.476] [cout] [info] time = 3.26 Performance = 45.8229 Constraint violation = 6.1197e-12
[2025-11-03 10:52:12.030] [cout] [info] time = 3.265 Performance = 39.9126 Constraint violation = 2.3852e-12
[2025-11-03 10:52:12.637] [cout] [info] time = 3.27 Performance = 34.2162 Constraint violation = 1.94132e-11
[2025-11-03 10:52:13.204] [cout] [info] time = 3.275 Performance = 28.7618 Constraint violation = 4.64050e-11
[2025-11-03 10:52:13.768] [cout] [info] time = 3.28 Performance = 23.6224 Constraint violation = 1.07244e-10
[2025-11-03 10:52:14.338] [cout] [info] time = 3.285 Performance = 18.8968 Constraint violation = 8.88382e-12
[2025-11-03 10:52:14.907] [cout] [info] time = 3.29 Performance = 14.6803 Constraint violation = 2.90663e-12
[2025-11-03 10:52:15.498] [cout] [info] time = 3.295 Performance = 11.037 Constraint violation = 5.77057e-13
[2025-11-03 10:52:16.086] [cout] [info] time = 3.3 Performance = 8.00812 Constraint violation = 6.79225e-13
[2025-11-03 10:52:16.713] [cout] [info] time = 3.30500 Performance = 5.60886 Constraint violation = 7.62755e-13
[2025-11-03 10:52:17.237] [cout] [info] time = 3.31 Performance = 3.8294 Constraint violation = 8.59297e-13
[2025-11-03 10:52:17.823] [cout] [info] time = 3.315 Performance = 2.63358 Constraint violation = 6.1899e-13
[2025-11-03 10:52:18.403] [cout] [info] time = 3.32 Performance = 1.9613 Constraint violation = 6.2342e-13
[2025-11-03 10:52:18.956] [cout] [info] time = 3.325 Performance = 1.73698 Constraint violation = 8.29624e-13
[2025-11-03 10:52:19.477] [cout] [info] time = 3.33 Performance = 1.87366 Constraint violation = 5.19468e-13
[2025-11-03 10:52:20.198] [cout] [info] time = 3.335 Performance = 2.2888 Constraint violation = 4.14334e-13
[2025-11-03 10:52:20.779] [cout] [info] time = 3.34 Performance = 2.90239 Constraint violation = 1.2361e-12
[2025-11-03 10:52:21.516] [cout] [info] time = 3.345 Performance = 3.65371 Constraint violation = 2.3394e-12
[2025-11-03 10:52:22.099] [cout] [info] time = 3.35 Performance = 4.49248 Constraint violation = 1.02598e-12
[2025-11-03 10:52:22.751] [cout] [info] time = 3.355 Performance = 5.38537 Constraint violation = 1.26957e-12
[2025-11-03 10:52:23.339] [cout] [info] time = 3.36 Performance = 6.31506 Constraint violation = 2.83891e-12
[2025-11-03 10:52:23.920] [cout] [info] time = 3.365 Performance = 7.28165 Constraint violation = 5.15028e-12
[2025-11-03 10:52:24.525] [cout] [info] time = 3.37 Performance = 8.29955 Constraint violation = 1.36777e-12
[2025-11-03 10:52:25.038] [cout] [info] time = 3.375 Performance = 9.38668 Constraint violation = 3.51619e-12
[2025-11-03 10:52:25.536] [cout] [info] time = 3.38 Performance = 10.5503 Constraint violation = 7.94771e-12
[2025-11-03 10:52:26.034] [cout] [info] time = 3.385 Performance = 11.7791 Constraint violation = 9.27169e-13
[2025-11-03 10:52:26.542] [cout] [info] time = 3.39 Performance = 13.042 Constraint violation = 3.07567e-12
[2025-11-03 10:52:27.107] [cout] [info] time = 3.395 Performance = 14.3093 Constraint violation = 9.60905e-13
[2025-11-03 10:52:27.674] [cout] [info] time = 3.4 Performance = 15.5605 Constraint violation = 1.08705e-12
[2025-11-03 10:52:28.261] [cout] [info] time = 3.40500 Performance = 16.7752 Constraint violation = 4.86595e-12
[2025-11-03 10:52:28.918] [cout] [info] time = 3.41 Performance = 17.9186 Constraint violation = 1.41752e-12
[2025-11-03 10:52:29.559] [cout] [info] time = 3.415 Performance = 18.9352 Constraint violation = 1.10285e-12
[2025-11-03 10:52:30.236] [cout] [info] time = 3.42 Performance = 19.7624 Constraint violation = 1.6556e-12
[2025-11-03 10:52:30.802] [cout] [info] time = 3.425 Performance = 20.3464 Constraint violation = 5.73824e-11
[2025-11-03 10:52:31.399] [cout] [info] time = 3.43 Performance = 20.6595 Constraint violation = 4.82688e-12
[2025-11-03 10:52:31.996] [cout] [info] time = 3.435 Performance = 20.6779 Constraint violation = 2.44164e-12
[2025-11-03 10:52:32.603] [cout] [info] time = 3.44 Performance = 20.3931 Constraint violation = 4.50545e-12
[2025-11-03 10:52:33.143] [cout] [info] time = 3.445 Performance = 19.8049 Constraint violation = 3.10371e-12
[2025-11-03 10:52:33.697] [cout] [info] time = 3.45 Performance = 18.9229 Constraint violation = 3.42651e-12
[2025-11-03 10:52:34.287] [cout] [info] time = 3.455 Performance = 17.7756 Constraint violation = 2.35886e-11
[2025-11-03 10:52:34.849] [cout] [info] time = 3.46 Performance = 16.4080 Constraint violation = 2.50977e-11
[2025-11-03 10:52:35.434] [cout] [info] time = 3.465 Performance = 14.885 Constraint violation = 3.26847e-12
[2025-11-03 10:52:36.023] [cout] [info] time = 3.47 Performance = 13.2826 Constraint violation = 2.08977e-11
[2025-11-03 10:52:36.543] [cout] [info] time = 3.475 Performance = 11.6777 Constraint violation = 8.49402e-13
[2025-11-03 10:52:37.109] [cout] [info] time = 3.48 Performance = 10.1355 Constraint violation = 3.23444e-12
[2025-11-03 10:52:37.683] [cout] [info] time = 3.485 Performance = 8.70740 Constraint violation = 2.6959e-12
[2025-11-03 10:52:38.285] [cout] [info] time = 3.49 Performance = 7.42705 Constraint violation = 1.37787e-12
[2025-11-03 10:52:38.895] [cout] [info] time = 3.495 Performance = 6.311 Constraint violation = 8.22204e-13
[2025-11-03 10:52:39.495] [cout] [info] time = 3.5 Performance = 5.36107 Constraint violation = 1.3515e-12
[2025-11-03 10:52:40.174] [cout] [info] time = 3.50500 Performance = 4.5664 Constraint violation = 1.58932e-12
[2025-11-03 10:52:40.752] [cout] [info] time = 3.51 Performance = 3.90915 Constraint violation = 1.99642e-12
[2025-11-03 10:52:41.198] [cout] [info] time = 3.515 Performance = 3.3747 Constraint violation = 8.6727e-13
[2025-11-03 10:52:41.723] [cout] [info] time = 3.52 Performance = 2.94473 Constraint violation = 9.67929e-13
[2025-11-03 10:52:42.204] [cout] [info] time = 3.525 Performance = 2.61737 Constraint violation = 1.05692e-12
[2025-11-03 10:52:42.738] [cout] [info] time = 3.53 Performance = 2.3923 Constraint violation = 5.30228e-13
[2025-11-03 10:52:43.298] [cout] [info] time = 3.535 Performance = 2.27361 Constraint violation = 1.27361e-12
[2025-11-03 10:52:43.300] [info] Printing results of investigation SO to .
[2025-11-03 10:52:44.975] [info] Loaded model Athlete_03 from file C:\Git\1_current_projects\powerlifing_model\models\Athlete_03\25_03_31\scaled_increasedForce3.osim
[2025-11-03 10:52:45.215] [info] Storage: read data file = C:\Git\1_current_projects\powerlifing_model\simulations\Athlete_03\25_03_31\Walking_01\joint_angles.mot (nr=238 nc=40)
[2025-11-03 10:52:45.284] [info] AbstractTool SO loading model ..\..\..\..\models\Athlete_03\25_03_31\scaled_increasedForce3.osim
[2025-11-03 10:52:45.366] [info] Loaded model Athlete_03 from file ..\..\..\..\models\Athlete_03\25_03_31\scaled_increasedForce3.osim
[2025-11-03 10:52:45.521] [info] Adding force object set from actuators_so.xml
[2025-11-03 10:52:45.700] [info] Storage: read data file = grf.mot (nr=2390 nc=46)
[2025-11-03 10:52:45.791] [info] ExternalForce::grf_r_2 Data source being set to grf
[2025-11-03 10:52:45.809] [info] Loading coordinates from file 'joint_angles.mot'.
[2025-11-03 10:52:45.809] [info] Storage: read data file = joint_angles.mot (nr=238 nc=40)
[2025-11-03 10:52:45.822] [info] Low-pass filtering coordinates data with a cutoff frequency of 6.0...
[2025-11-03 10:52:46.566] [info] AssemblySolver::track() attempt Failed: SimTK Exception thrown at Assembler.cpp:973:
  Method Assembler::track() failed because:
Unable to achieve required assembly error tolerance.
Assembly error tolerance achieved: 7.4214204485614344e-09 required: 1e-10.
[2025-11-03 10:52:46.589] [error] Model unable to assemble: AssemblySolver::assemble() Failed: SimTK Exception thrown at Assembler.cpp:897:
  Method Assembler::assemble() failed because:
Unable to achieve required assembly error tolerance.
Assembly error tolerance achieved: 7.4214204510548488e-09 required: 1e-10..Model relaxing constraints and trying again.
[2025-11-03 10:52:47.333] [info] Found 476 state vectors with time stamps ranging from -0.59 to 1.785.
[2025-11-03 10:52:47.334] [info] Executing the analyses from 0.00500000 to 1.19...
[2025-11-03 10:52:47.503] [info] Storage: read data file = grf.mot (nr=2390 nc=46)
[2025-11-03 10:52:47.579] [info] ExternalForce::grf_r_2 Data source being set to grf
[2025-11-03 10:52:47.656] [info] Storage: read data file = grf.mot (nr=2390 nc=46)
[2025-11-03 10:52:47.751] [info] ExternalForce::grf_r_2 Data source being set to grf
[2025-11-03 10:52:49.035] [cout] [info] time = 0.00500000 Performance = 17.074 Constraint violation = 1.75004e-12
[2025-11-03 10:52:49.039] [info] Bounds for 'addbrev_r': 0.01 to 1.0.
[2025-11-03 10:52:49.039] [info] Bounds for 'addlong_r': 0.01 to 1.0.
[2025-11-03 10:52:49.039] [info] Bounds for 'addmagDist_r': 0.01 to 1.0.
[2025-11-03 10:52:49.040] [info] Bounds for 'addmagIsch_r': 0.01 to 1.0.
[2025-11-03 10:52:49.040] [info] Bounds for 'addmagMid_r': 0.01 to 1.0.
[2025-11-03 10:52:49.040] [info] Bounds for 'addmagProx_r': 0.01 to 1.0.
[2025-11-03 10:52:49.040] [info] Bounds for 'bflh_r': 0.01 to 1.0.
[2025-11-03 10:52:49.040] [info] Bounds for 'bfsh_r': 0.01 to 1.0.
[2025-11-03 10:52:49.040] [info] Bounds for 'edl_r': 0.01 to 1.0.
[2025-11-03 10:52:49.041] [info] Bounds for 'ehl_r': 0.01 to 1.0.
[2025-11-03 10:52:49.041] [info] Bounds for 'fdl_r': 0.01 to 1.0.
[2025-11-03 10:52:49.041] [info] Bounds for 'fhl_r': 0.01 to 1.0.
[2025-11-03 10:52:49.041] [info] Bounds for 'gaslat_r': 0.01 to 1.0.
[2025-11-03 10:52:49.041] [info] Bounds for 'gasmed_r': 0.01 to 1.0.
[2025-11-03 10:52:49.041] [info] Bounds for 'glmax1_r': 0.01 to 1.0.
[2025-11-03 10:52:49.041] [info] Bounds for 'glmax2_r': 0.01 to 1.0.
[2025-11-03 10:52:49.041] [info] Bounds for 'glmax3_r': 0.01 to 1.0.
[2025-11-03 10:52:49.042] [info] Bounds for 'glmed1_r': 0.01 to 1.0.
[2025-11-03 10:52:49.042] [info] Bounds for 'glmed2_r': 0.01 to 1.0.
[2025-11-03 10:52:49.042] [info] Bounds for 'glmed3_r': 0.01 to 1.0.
[2025-11-03 10:52:49.042] [info] Bounds for 'glmin1_r': 0.01 to 1.0.
[2025-11-03 10:52:49.042] [info] Bounds for 'glmin2_r': 0.01 to 1.0.
[2025-11-03 10:52:49.042] [info] Bounds for 'glmin3_r': 0.01 to 1.0.
[2025-11-03 10:52:49.042] [info] Bounds for 'grac_r': 0.01 to 1.0.
[2025-11-03 10:52:49.042] [info] Bounds for 'iliacus_r': 0.01 to 1.0.
[2025-11-03 10:52:49.042] [info] Bounds for 'perbrev_r': 0.01 to 1.0.
[2025-11-03 10:52:49.043] [info] Bounds for 'perlong_r': 0.01 to 1.0.
[2025-11-03 10:52:49.043] [info] Bounds for 'piri_r': 0.01 to 1.0.
[2025-11-03 10:52:49.043] [info] Bounds for 'psoas_r': 0.01 to 1.0.
[2025-11-03 10:52:49.043] [info] Bounds for 'recfem_r': 0.01 to 1.0.
[2025-11-03 10:52:49.043] [info] Bounds for 'sart_r': 0.01 to 1.0.
[2025-11-03 10:52:49.043] [info] Bounds for 'semimem_r': 0.01 to 1.0.
[2025-11-03 10:52:49.043] [info] Bounds for 'semiten_r': 0.01 to 1.0.
[2025-11-03 10:52:49.043] [info] Bounds for 'soleus_r': 0.01 to 1.0.
[2025-11-03 10:52:49.044] [info] Bounds for 'tfl_r': 0.01 to 1.0.
[2025-11-03 10:52:49.044] [info] Bounds for 'tibant_r': 0.01 to 1.0.
[2025-11-03 10:52:49.044] [info] Bounds for 'tibpost_r': 0.01 to 1.0.
[2025-11-03 10:52:49.044] [info] Bounds for 'vasint_r': 0.01 to 1.0.
[2025-11-03 10:52:49.044] [info] Bounds for 'vaslat_r': 0.01 to 1.0.
[2025-11-03 10:52:49.044] [info] Bounds for 'vasmed_r': 0.01 to 1.0.
[2025-11-03 10:52:49.044] [info] Bounds for 'addbrev_l': 0.01 to 1.0.
[2025-11-03 10:52:49.045] [info] Bounds for 'addlong_l': 0.01 to 1.0.
[2025-11-03 10:52:49.045] [info] Bounds for 'addmagDist_l': 0.01 to 1.0.
[2025-11-03 10:52:49.045] [info] Bounds for 'addmagIsch_l': 0.01 to 1.0.
[2025-11-03 10:52:49.045] [info] Bounds for 'addmagMid_l': 0.01 to 1.0.
[2025-11-03 10:52:49.045] [info] Bounds for 'addmagProx_l': 0.01 to 1.0.
[2025-11-03 10:52:49.045] [info] Bounds for 'bflh_l': 0.01 to 1.0.
[2025-11-03 10:52:49.045] [info] Bounds for 'bfsh_l': 0.01 to 1.0.
[2025-11-03 10:52:49.045] [info] Bounds for 'edl_l': 0.01 to 1.0.
[2025-11-03 10:52:49.045] [info] Bounds for 'ehl_l': 0.01 to 1.0.
[2025-11-03 10:52:49.045] [info] Bounds for 'fdl_l': 0.01 to 1.0.
[2025-11-03 10:52:49.046] [info] Bounds for 'fhl_l': 0.01 to 1.0.
[2025-11-03 10:52:49.046] [info] Bounds for 'gaslat_l': 0.01 to 1.0.
[2025-11-03 10:52:49.046] [info] Bounds for 'gasmed_l': 0.01 to 1.0.
[2025-11-03 10:52:49.046] [info] Bounds for 'glmax1_l': 0.01 to 1.0.
[2025-11-03 10:52:49.046] [info] Bounds for 'glmax2_l': 0.01 to 1.0.
[2025-11-03 10:52:49.046] [info] Bounds for 'glmax3_l': 0.01 to 1.0.
[2025-11-03 10:52:49.046] [info] Bounds for 'glmed1_l': 0.01 to 1.0.
[2025-11-03 10:52:49.046] [info] Bounds for 'glmed2_l': 0.01 to 1.0.
[2025-11-03 10:52:49.046] [info] Bounds for 'glmed3_l': 0.01 to 1.0.
[2025-11-03 10:52:49.046] [info] Bounds for 'glmin1_l': 0.01 to 1.0.
[2025-11-03 10:52:49.046] [info] Bounds for 'glmin2_l': 0.01 to 1.0.
[2025-11-03 10:52:49.046] [info] Bounds for 'glmin3_l': 0.01 to 1.0.
[2025-11-03 10:52:49.047] [info] Bounds for 'grac_l': 0.01 to 1.0.
[2025-11-03 10:52:49.047] [info] Bounds for 'iliacus_l': 0.01 to 1.0.
[2025-11-03 10:52:49.047] [info] Bounds for 'perbrev_l': 0.01 to 1.0.
[2025-11-03 10:52:49.047] [info] Bounds for 'perlong_l': 0.01 to 1.0.
[2025-11-03 10:52:49.047] [info] Bounds for 'piri_l': 0.01 to 1.0.
[2025-11-03 10:52:49.047] [info] Bounds for 'psoas_l': 0.01 to 1.0.
[2025-11-03 10:52:49.048] [info] Bounds for 'recfem_l': 0.01 to 1.0.
[2025-11-03 10:52:49.048] [info] Bounds for 'sart_l': 0.01 to 1.0.
[2025-11-03 10:52:49.048] [info] Bounds for 'semimem_l': 0.01 to 1.0.
[2025-11-03 10:52:49.048] [info] Bounds for 'semiten_l': 0.01 to 1.0.
[2025-11-03 10:52:49.048] [info] Bounds for 'soleus_l': 0.01 to 1.0.
[2025-11-03 10:52:49.048] [info] Bounds for 'tfl_l': 0.01 to 1.0.
[2025-11-03 10:52:49.048] [info] Bounds for 'tibant_l': 0.01 to 1.0.
[2025-11-03 10:52:49.048] [info] Bounds for 'tibpost_l': 0.01 to 1.0.
[2025-11-03 10:52:49.049] [info] Bounds for 'vasint_l': 0.01 to 1.0.
[2025-11-03 10:52:49.049] [info] Bounds for 'vaslat_l': 0.01 to 1.0.
[2025-11-03 10:52:49.049] [info] Bounds for 'vasmed_l': 0.01 to 1.0.
[2025-11-03 10:52:49.049] [info] Bounds for 'lumbar_ext': -inf to inf.
[2025-11-03 10:52:49.049] [info] Bounds for 'lumbar_bend': -inf to inf.
[2025-11-03 10:52:49.049] [info] Bounds for 'lumbar_rot': -inf to inf.
[2025-11-03 10:52:49.049] [info] Bounds for 'shoulder_flex_r': -inf to inf.
[2025-11-03 10:52:49.049] [info] Bounds for 'shoulder_add_r': -inf to inf.
[2025-11-03 10:52:49.049] [info] Bounds for 'shoulder_rot_r': -inf to inf.
[2025-11-03 10:52:49.049] [info] Bounds for 'elbow_flex_r': -inf to inf.
[2025-11-03 10:52:49.050] [info] Bounds for 'pro_sup_r': -inf to inf.
[2025-11-03 10:52:49.050] [info] Bounds for 'wrist_flex_r': -inf to inf.
[2025-11-03 10:52:49.050] [info] Bounds for 'wrist_dev_r': -inf to inf.
[2025-11-03 10:52:49.050] [info] Bounds for 'shoulder_flex_l': -inf to inf.
[2025-11-03 10:52:49.050] [info] Bounds for 'shoulder_add_l': -inf to inf.
[2025-11-03 10:52:49.050] [info] Bounds for 'shoulder_rot_l': -inf to inf.
[2025-11-03 10:52:49.050] [info] Bounds for 'elbow_flex_l': -inf to inf.
[2025-11-03 10:52:49.050] [info] Bounds for 'pro_sup_l': -inf to inf.
[2025-11-03 10:52:49.051] [info] Bounds for 'wrist_flex_l': -inf to inf.
[2025-11-03 10:52:49.051] [info] Bounds for 'wrist_dev_l': -inf to inf.
[2025-11-03 10:52:49.051] [info] Bounds for 'FX': -inf to inf.
[2025-11-03 10:52:49.051] [info] Bounds for 'FY': -inf to inf.
[2025-11-03 10:52:49.051] [info] Bounds for 'FZ': -inf to inf.
[2025-11-03 10:52:49.051] [info] Bounds for 'MX': -inf to inf.
[2025-11-03 10:52:49.051] [info] Bounds for 'MY': -inf to inf.
[2025-11-03 10:52:49.051] [info] Bounds for 'MZ': -inf to inf.
[2025-11-03 10:52:49.051] [info] Bounds for 'hip_flexion_r_reserve': -1.0 to 1.0.
[2025-11-03 10:52:49.051] [info] Bounds for 'hip_adduction_r_reserve': -1.0 to 1.0.
[2025-11-03 10:52:49.051] [info] Bounds for 'hip_rotation_r_reserve': -1.0 to 1.0.
[2025-11-03 10:52:49.051] [info] Bounds for 'knee_angle_r_reserve': -1.0 to 1.0.
[2025-11-03 10:52:49.052] [info] Bounds for 'ankle_angle_r_reserve': -1.0 to 1.0.
[2025-11-03 10:52:49.052] [info] Bounds for 'hip_flexion_l_reserve': -1.0 to 1.0.
[2025-11-03 10:52:49.052] [info] Bounds for 'hip_adduction_l_reserve': -1.0 to 1.0.
[2025-11-03 10:52:49.052] [info] Bounds for 'hip_rotation_l_reserve': -1.0 to 1.0.
[2025-11-03 10:52:49.052] [info] Bounds for 'knee_angle_l_reserve': -1.0 to 1.0.
[2025-11-03 10:52:49.052] [info] Bounds for 'ankle_angle_l_reserve': -1.0 to 1.0.
[2025-11-03 10:52:49.472] [cout] [info] time = 0.01 Performance = 38.6691 Constraint violation = 1.14795e-12
[2025-11-03 10:52:50.069] [cout] [info] time = 0.015 Performance = 70.0413 Constraint violation = 1.68656e-11
[2025-11-03 10:52:50.587] [cout] [info] time = 0.02 Performance = 109.293 Constraint violation = 7.69295e-12
[2025-11-03 10:52:51.164] [cout] [info] time = 0.025 Performance = 154.021 Constraint violation = 7.7458e-13
[2025-11-03 10:52:51.741] [cout] [info] time = 0.03 Performance = 201.749 Constraint violation = 1.37006e-10
[2025-11-03 10:52:52.284] [cout] [info] time = 0.035 Performance = 250.266 Constraint violation = 2.7264e-11
[2025-11-03 10:52:52.695] [cout] [info] time = 0.04 Performance = 297.798 Constraint violation = 4.97563e-11
[2025-11-03 10:52:53.228] [cout] [info] time = 0.045 Performance = 343.126 Constraint violation = 6.77731e-11
[2025-11-03 10:52:53.708] [cout] [info] time = 0.05 Performance = 385.711 Constraint violation = 1.14629e-10
[2025-11-03 10:52:54.238] [cout] [info] time = 0.055 Performance = 425.69 Constraint violation = 1.73695e-10
[2025-11-03 10:52:54.813] [cout] [info] time = 0.06 Performance = 463.477 Constraint violation = 9.94202e-11
[2025-11-03 10:52:55.276] [cout] [info] time = 0.065 Performance = 500.486 Constraint violation = 1.08444e-10
[2025-11-03 10:52:55.848] [cout] [info] time = 0.07 Performance = 537.989 Constraint violation = 6.64484e-10
[2025-11-03 10:52:56.409] [cout] [info] time = 0.075 Performance = 577.362 Constraint violation = 4.41727e-10
[2025-11-03 10:52:56.982] [cout] [info] time = 0.08 Performance = 619.577 Constraint violation = 1.74049e-10
[2025-11-03 10:52:57.441] [cout] [info] time = 0.085 Performance = 664.833 Constraint violation = 1.90567e-10
[2025-11-03 10:52:57.974] [cout] [info] time = 0.09 Performance = 712.291 Constraint violation = 6.50476e-10
[2025-11-03 10:52:58.508] [cout] [info] time = 0.095 Performance = 759.883 Constraint violation = 4.83221e-10
[2025-11-03 10:52:58.975] [cout] [info] time = 0.1 Performance = 804.245 Constraint violation = 5.87948e-10
[2025-11-03 10:52:59.584] [cout] [info] time = 0.105000 Performance = 840.782 Constraint violation = 7.75641e-10
[2025-11-03 10:53:00.172] [cout] [info] time = 0.11 Performance = 863.975 Constraint violation = 1.83992e-10
[2025-11-03 10:53:00.645] [cout] [info] time = 0.115 Performance = 868.021 Constraint violation = 2.89991e-10
[2025-11-03 10:53:01.226] [cout] [info] time = 0.12 Performance = 847.84 Constraint violation = 1.78169e-09
[2025-11-03 10:53:01.862] [cout] [info] time = 0.125 Performance = 800.275 Constraint violation = 1.33979e-09
[2025-11-03 10:53:02.382] [cout] [info] time = 0.13 Performance = 725.19 Constraint violation = 2.99079e-11
[2025-11-03 10:53:02.937] [cout] [info] time = 0.135 Performance = 626.187 Constraint violation = 7.05017e-10
[2025-11-03 10:53:03.485] [cout] [info] time = 0.14 Performance = 510.86 Constraint violation = 5.37834e-09
[2025-11-03 10:53:04.008] [cout] [info] time = 0.145 Performance = 390.574 Constraint violation = 1.76027e-09
[2025-11-03 10:53:04.546] [cout] [info] time = 0.15 Performance = 279.633 Constraint violation = 2.84018e-10
[2025-11-03 10:53:05.099] [cout] [info] time = 0.155 Performance = 193.878 Constraint violation = 3.98493e-10
[2025-11-03 10:53:05.576] [cout] [info] time = 0.16 Performance = 148.869 Constraint violation = 3.97329e-10
[2025-11-03 10:53:06.139] [cout] [info] time = 0.165 Performance = 157.889 Constraint violation = 2.2179e-10
[2025-11-03 10:53:06.641] [cout] [info] time = 0.17 Performance = 230.06 Constraint violation = 6.22859e-10
[2025-11-03 10:53:07.160] [cout] [info] time = 0.175 Performance = 368.78 Constraint violation = 2.89467e-10
[2025-11-03 10:53:07.671] [cout] [info] time = 0.18 Performance = 570.882 Constraint violation = 6.94725e-10
[2025-11-03 10:53:08.173] [cout] [info] time = 0.185 Performance = 826.751 Constraint violation = 1.63402e-11
[2025-11-03 10:53:08.665] [cout] [info] time = 0.19 Performance = 1121.51 Constraint violation = 4.5376e-09
[2025-11-03 10:53:09.091] [cout] [info] time = 0.195 Performance = 1436.91 Constraint violation = 1.79048e-09
[2025-11-03 10:53:09.629] [cout] [info] time = 0.2 Performance = 1753.44 Constraint violation = 8.78511e-10
[2025-11-03 10:53:10.177] [cout] [info] time = 0.205000 Performance = 2052.61 Constraint violation = 1.85487e-09
[2025-11-03 10:53:10.702] [cout] [info] time = 0.21 Performance = 2318.94 Constraint violation = 1.28305e-09
[2025-11-03 10:53:11.271] [cout] [info] time = 0.215 Performance = 2541.11 Constraint violation = 2.29003e-09
[2025-11-03 10:53:11.771] [cout] [info] time = 0.22 Performance = 2712.22 Constraint violation = 6.82917e-10
[2025-11-03 10:53:12.226] [cout] [info] time = 0.225 Performance = 2829.46 Constraint violation = 1.97181e-10
[2025-11-03 10:53:12.757] [cout] [info] time = 0.23 Performance = 2893.92 Constraint violation = 1.00119e-09
[2025-11-03 10:53:13.156] [cout] [info] time = 0.235 Performance = 2910.2 Constraint violation = 3.61483e-11
[2025-11-03 10:53:13.651] [cout] [info] time = 0.24 Performance = 2885.34 Constraint violation = 6.65984e-08
[2025-11-03 10:53:14.043] [cout] [info] time = 0.245 Performance = 2827.48 Constraint violation = 2.54212e-08
[2025-11-03 10:53:14.576] [cout] [info] time = 0.25 Performance = 2744.72 Constraint violation = 4.677e-09
[2025-11-03 10:53:15.027] [cout] [info] time = 0.255 Performance = 2644.4 Constraint violation = 1.62421e-08
[2025-11-03 10:53:15.519] [cout] [info] time = 0.26 Performance = 2532.6 Constraint violation = 7.03506e-10
[2025-11-03 10:53:16.021] [cout] [info] time = 0.265 Performance = 2413.98 Constraint violation = 3.60759e-08
[2025-11-03 10:53:16.469] [cout] [info] time = 0.27 Performance = 2291.68 Constraint violation = 2.047e-10
[2025-11-03 10:53:16.885] [cout] [info] time = 0.275 Performance = 2167.23 Constraint violation = 2.50768e-09
[2025-11-03 10:53:17.334] [cout] [info] time = 0.28 Performance = 2040.56 Constraint violation = 3.50218e-10
[2025-11-03 10:53:17.812] [cout] [info] time = 0.285 Performance = 1910.26 Constraint violation = 9.33864e-10
[2025-11-03 10:53:18.409] [cout] [info] time = 0.29 Performance = 1774.15 Constraint violation = 4.28926e-10
[2025-11-03 10:53:18.840] [cout] [info] time = 0.295 Performance = 1630.03 Constraint violation = 5.73213e-10
[2025-11-03 10:53:19.404] [cout] [info] time = 0.3 Performance = 1476.33 Constraint violation = 1.79776e-08
[2025-11-03 10:53:19.941] [cout] [info] time = 0.305000 Performance = 1312.69 Constraint violation = 9.43112e-09
[2025-11-03 10:53:20.428] [cout] [info] time = 0.31 Performance = 1140.18 Constraint violation = 3.51733e-08
[2025-11-03 10:53:20.884] [cout] [info] time = 0.315 Performance = 961.557 Constraint violation = 1.01553e-08
[2025-11-03 10:53:21.451] [cout] [info] time = 0.32 Performance = 781.082 Constraint violation = 1.03669e-08
[2025-11-03 10:53:22.009] [cout] [info] time = 0.325 Performance = 604.285 Constraint violation = 1.93534e-09
[2025-11-03 10:53:22.465] [cout] [info] time = 0.33 Performance = 437.6 Constraint violation = 1.93137e-09
[2025-11-03 10:53:22.962] [cout] [info] time = 0.335 Performance = 288.072 Constraint violation = 5.15791e-10
[2025-11-03 10:53:23.486] [cout] [info] time = 0.34 Performance = 163.031 Constraint violation = 1.12941e-10
[2025-11-03 10:53:23.906] [cout] [info] time = 0.345 Performance = 69.7108 Constraint violation = 1.2149e-11
[2025-11-03 10:53:24.393] [cout] [info] time = 0.35 Performance = 14.746 Constraint violation = 2.10026e-12
[2025-11-03 10:53:24.855] [cout] [info] time = 0.355 Performance = 3.63163 Constraint violation = 6.60593e-13
[2025-11-03 10:53:25.303] [cout] [info] time = 0.36 Performance = 40.3030 Constraint violation = 2.7273e-10
[2025-11-03 10:53:25.786] [cout] [info] time = 0.365 Performance = 126.966 Constraint violation = 4.81226e-10
[2025-11-03 10:53:26.357] [cout] [info] time = 0.37 Performance = 263.953 Constraint violation = 3.77111e-10
[2025-11-03 10:53:26.839] [cout] [info] time = 0.375 Performance = 449.455 Constraint violation = 2.38254e-10
[2025-11-03 10:53:27.401] [cout] [info] time = 0.38 Performance = 679.037 Constraint violation = 1.12715e-09
[2025-11-03 10:53:27.841] [cout] [info] time = 0.385 Performance = 945.295 Constraint violation = 1.12212e-08
[2025-11-03 10:53:28.338] [cout] [info] time = 0.39 Performance = 1238.23 Constraint violation = 1.94197e-08
[2025-11-03 10:53:28.831] [cout] [info] time = 0.395 Performance = 1546.25 Constraint violation = 3.37357e-09
[2025-11-03 10:53:29.295] [cout] [info] time = 0.4 Performance = 1856.98 Constraint violation = 3.32013e-09
[2025-11-03 10:53:29.791] [cout] [info] time = 0.405000 Performance = 2157.56 Constraint violation = 1.37131e-09
[2025-11-03 10:53:30.266] [cout] [info] time = 0.41 Performance = 2434.75 Constraint violation = 7.47118e-10
[2025-11-03 10:53:30.690] [cout] [info] time = 0.415 Performance = 2675.4 Constraint violation = 2.65699e-09
[2025-11-03 10:53:31.174] [cout] [info] time = 0.42 Performance = 2867.09 Constraint violation = 1.88081e-08
[2025-11-03 10:53:31.663] [cout] [info] time = 0.425 Performance = 2998.82 Constraint violation = 1.16706e-08
[2025-11-03 10:53:32.114] [cout] [info] time = 0.43 Performance = 3061.65 Constraint violation = 4.58424e-09
[2025-11-03 10:53:32.632] [cout] [info] time = 0.435 Performance = 3049.44 Constraint violation = 1.19869e-09
[2025-11-03 10:53:33.048] [cout] [info] time = 0.44 Performance = 2959.72 Constraint violation = 5.70313e-09
[2025-11-03 10:53:33.592] [cout] [info] time = 0.445 Performance = 2794.31 Constraint violation = 3.08728e-09
[2025-11-03 10:53:34.149] [cout] [info] time = 0.45 Performance = 2559.47 Constraint violation = 4.08399e-09
[2025-11-03 10:53:34.648] [cout] [info] time = 0.455 Performance = 2265.5 Constraint violation = 1.08171e-08
[2025-11-03 10:53:35.100] [cout] [info] time = 0.46 Performance = 1926.64 Constraint violation = 1.40827e-08
[2025-11-03 10:53:35.677] [cout] [info] time = 0.465 Performance = 1560.85 Constraint violation = 1.06112e-10
[2025-11-03 10:53:36.057] [cout] [info] time = 0.47 Performance = 1189.19 Constraint violation = 1.32234e-09
[2025-11-03 10:53:36.662] [cout] [info] time = 0.475 Performance = 834.857 Constraint violation = 2.68745e-10
[2025-11-03 10:53:37.276] [cout] [info] time = 0.48 Performance = 522.317 Constraint violation = 1.75844e-11
[2025-11-03 10:53:37.726] [cout] [info] time = 0.485 Performance = 276.2 Constraint violation = 2.2742e-10
[2025-11-03 10:53:38.188] [cout] [info] time = 0.49 Performance = 119.235 Constraint violation = 6.40881e-10
[2025-11-03 10:53:38.806] [cout] [info] time = 0.495 Performance = 69.546 Constraint violation = 1.59342e-10
[2025-11-03 10:53:39.309] [cout] [info] time = 0.5 Performance = 138.081 Constraint violation = 5.76181e-10
[2025-11-03 10:53:39.693] [cout] [info] time = 0.505000 Performance = 326.662 Constraint violation = 9.40304e-10
[2025-11-03 10:53:40.075] [cout] [info] time = 0.51 Performance = 626.854 Constraint violation = 5.95134e-10
[2025-11-03 10:53:40.617] [cout] [info] time = 0.515 Performance = 1019.78 Constraint violation = 6.97435e-10
[2025-11-03 10:53:41.144] [cout] [info] time = 0.52 Performance = 1476.99 Constraint violation = 1.43361e-08
[2025-11-03 10:53:41.657] [cout] [info] time = 0.525 Performance = 1962.45 Constraint violation = 3.36108e-08
[2025-11-03 10:53:42.234] [cout] [info] time = 0.53 Performance = 2435.56 Constraint violation = 1.72884e-11
[2025-11-03 10:53:42.700] [cout] [info] time = 0.535 Performance = 2854.94 Constraint violation = 2.83468e-08
[2025-11-03 10:53:43.197] [cout] [info] time = 0.54 Performance = 3182.63 Constraint violation = 1.43615e-08
[2025-11-03 10:53:44.045] [cout] [info] time = 0.545 Performance = 3388.16 Constraint violation = 9.60812e-08
[2025-11-03 10:53:44.487] [cout] [info] time = 0.55 Performance = 3452.19 Constraint violation = 2.21854e-08
[2025-11-03 10:53:44.817] [cout] [info] time = 0.555 Performance = 3369.02 Constraint violation = 1.20741e-09
[2025-11-03 10:53:45.122] [cout] [info] time = 0.56 Performance = 3147.32 Constraint violation = 8.14272e-10
[2025-11-03 10:53:45.413] [cout] [info] time = 0.565 Performance = 2809.23 Constraint violation = 3.22369e-09
[2025-11-03 10:53:45.755] [cout] [info] time = 0.57 Performance = 2387.73 Constraint violation = 5.66337e-10
[2025-11-03 10:53:46.059] [cout] [info] time = 0.575 Performance = 1922.44 Constraint violation = 1.7999e-10
[2025-11-03 10:53:46.379] [cout] [info] time = 0.58 Performance = 1454.2 Constraint violation = 3.80040e-10
[2025-11-03 10:53:46.779] [cout] [info] time = 0.585 Performance = 1020.05 Constraint violation = 1.30698e-09
[2025-11-03 10:53:47.138] [cout] [info] time = 0.59 Performance = 649.271 Constraint violation = 9.07349e-10
[2025-11-03 10:53:47.520] [cout] [info] time = 0.595 Performance = 360.78 Constraint violation = 1.0288e-10
[2025-11-03 10:53:47.987] [cout] [info] time = 0.6 Performance = 161.991 Constraint violation = 1.73041e-11
[2025-11-03 10:53:48.445] [cout] [info] time = 0.605000 Performance = 49.3762 Constraint violation = 5.85106e-12
[2025-11-03 10:53:49.326] [cout] [info] time = 0.61 Performance = 10.3703 Constraint violation = 2.19475e-12
[2025-11-03 10:53:50.199] [cout] [info] time = 0.615 Performance = 26.1624 Constraint violation = 2.88975e-12
[2025-11-03 10:53:52.192] [cout] [info] time = 0.62 Performance = 75.084 Constraint violation = 1.25856e-11
[2025-11-03 10:53:55.753] [cout] [info] time = 0.625 Performance = 136.197 Constraint violation = 8.70889e-11
[2025-11-03 10:53:57.917] [cout] [info] time = 0.63 Performance = 192.443 Constraint violation = 1.08578e-10
[2025-11-03 10:53:59.309] [cout] [info] time = 0.635 Performance = 232.715 Constraint violation = 1.44531e-10
[2025-11-03 10:54:00.480] [cout] [info] time = 0.64 Performance = 252.51 Constraint violation = 2.24092e-11
[2025-11-03 10:54:01.587] [cout] [info] time = 0.645 Performance = 253.197 Constraint violation = 5.34871e-11
[2025-11-03 10:54:02.647] [cout] [info] time = 0.65 Performance = 240.117 Constraint violation = 4.45531e-10
[2025-11-03 10:54:03.488] [cout] [info] time = 0.655 Performance = 219.942 Constraint violation = 1.22262e-10
[2025-11-03 10:54:04.185] [cout] [info] time = 0.66 Performance = 198.077 Constraint violation = 4.43968e-11
[2025-11-03 10:54:04.897] [cout] [info] time = 0.665 Performance = 177.027 Constraint violation = 5.70500e-11
[2025-11-03 10:54:05.568] [cout] [info] time = 0.67 Performance = 156.204 Constraint violation = 2.38347e-11
[2025-11-03 10:54:06.233] [cout] [info] time = 0.675 Performance = 133.128 Constraint violation = 8.94392e-11
[2025-11-03 10:54:06.806] [cout] [info] time = 0.68 Performance = 105.609 Constraint violation = 3.31228e-11
[2025-11-03 10:54:07.353] [cout] [info] time = 0.685 Performance = 74.3354 Constraint violation = 2.58050e-12
[2025-11-03 10:54:07.978] [cout] [info] time = 0.69 Performance = 45.1029 Constraint violation = 2.37333e-12
[2025-11-03 10:54:08.592] [cout] [info] time = 0.695 Performance = 29.9304 Constraint violation = 1.76409e-12
[2025-11-03 10:54:09.319] [cout] [info] time = 0.7 Performance = 46.5406 Constraint violation = 1.07045e-12
[2025-11-03 10:54:09.955] [cout] [info] time = 0.705000 Performance = 116.01 Constraint violation = 2.13253e-10
[2025-11-03 10:54:10.614] [cout] [info] time = 0.71 Performance = 258.849 Constraint violation = 2.0991e-10
[2025-11-03 10:54:11.347] [cout] [info] time = 0.715 Performance = 490.341 Constraint violation = 4.39583e-11
[2025-11-03 10:54:12.026] [cout] [info] time = 0.72 Performance = 815.612 Constraint violation = 3.72902e-10
[2025-11-03 10:54:12.713] [cout] [info] time = 0.725 Performance = 1226.59 Constraint violation = 3.16443e-09
[2025-11-03 10:54:13.446] [cout] [info] time = 0.73 Performance = 1700.13 Constraint violation = 2.38641e-12
[2025-11-03 10:54:14.280] [cout] [info] time = 0.735 Performance = 2199.33 Constraint violation = 1.13335e-08
[2025-11-03 10:54:15.016] [cout] [info] time = 0.74 Performance = 2677.95 Constraint violation = 2.34235e-08
[2025-11-03 10:54:15.651] [cout] [info] time = 0.745 Performance = 3086.9 Constraint violation = 1.93433e-09
[2025-11-03 10:54:16.211] [cout] [info] time = 0.75 Performance = 3381.61 Constraint violation = 2.07188e-09
[2025-11-03 10:54:16.668] [cout] [info] time = 0.755 Performance = 3528.3 Constraint violation = 7.46394e-11
[2025-11-03 10:54:17.130] [cout] [info] time = 0.76 Performance = 3508.21 Constraint violation = 3.25094e-10
[2025-11-03 10:54:17.576] [cout] [info] time = 0.765 Performance = 3319.81 Constraint violation = 1.4163e-10
[2025-11-03 10:54:18.015] [cout] [info] time = 0.77 Performance = 2979.76 Constraint violation = 3.26362e-09
[2025-11-03 10:54:18.450] [cout] [info] time = 0.775 Performance = 2521.92 Constraint violation = 6.45956e-09
[2025-11-03 10:54:18.911] [cout] [info] time = 0.78 Performance = 1993.47 Constraint violation = 1.25937e-11
[2025-11-03 10:54:19.363] [cout] [info] time = 0.785 Performance = 1448.65 Constraint violation = 5.85462e-10
[2025-11-03 10:54:19.823] [cout] [info] time = 0.79 Performance = 941.382 Constraint violation = 3.42546e-10
[2025-11-03 10:54:20.221] [cout] [info] time = 0.795 Performance = 518.212 Constraint violation = 3.56195e-10
[2025-11-03 10:54:20.656] [cout] [info] time = 0.8 Performance = 212.768 Constraint violation = 3.13669e-11
[2025-11-03 10:54:21.053] [cout] [info] time = 0.805000 Performance = 42.4329 Constraint violation = 4.09195e-12
[2025-11-03 10:54:21.523] [cout] [info] time = 0.81 Performance = 7.752 Constraint violation = 3.94923e-13
[2025-11-03 10:54:22.033] [cout] [info] time = 0.815 Performance = 94.3373 Constraint violation = 4.88033e-12
[2025-11-03 10:54:22.487] [cout] [info] time = 0.82 Performance = 276.52 Constraint violation = 3.47547e-12
[2025-11-03 10:54:22.945] [cout] [info] time = 0.825 Performance = 521.855 Constraint violation = 5.23417e-11
[2025-11-03 10:54:23.402] [cout] [info] time = 0.83 Performance = 795.743 Constraint violation = 4.25466e-11
[2025-11-03 10:54:23.840] [cout] [info] time = 0.835 Performance = 1065.56 Constraint violation = 1.75151e-09
[2025-11-03 10:54:24.283] [cout] [info] time = 0.84 Performance = 1303.88 Constraint violation = 1.70389e-10
[2025-11-03 10:54:24.716] [cout] [info] time = 0.845 Performance = 1490.59 Constraint violation = 2.70972e-09
[2025-11-03 10:54:25.147] [cout] [info] time = 0.85 Performance = 1613.75 Constraint violation = 1.55029e-09
[2025-11-03 10:54:25.577] [cout] [info] time = 0.855 Performance = 1669.35 Constraint violation = 4.94162e-09
[2025-11-03 10:54:26.019] [cout] [info] time = 0.86 Performance = 1660.2 Constraint violation = 1.25796e-09
[2025-11-03 10:54:26.440] [cout] [info] time = 0.865 Performance = 1594.4 Constraint violation = 1.58119e-09
[2025-11-03 10:54:26.950] [cout] [info] time = 0.87 Performance = 1483.48 Constraint violation = 6.61652e-10
[2025-11-03 10:54:27.407] [cout] [info] time = 0.875 Performance = 1340.67 Constraint violation = 5.24691e-10
[2025-11-03 10:54:27.809] [cout] [info] time = 0.88 Performance = 1179.33 Constraint violation = 5.63939e-10
[2025-11-03 10:54:28.248] [cout] [info] time = 0.885 Performance = 1011.73 Constraint violation = 1.9912e-09
[2025-11-03 10:54:28.674] [cout] [info] time = 0.89 Performance = 848.178 Constraint violation = 1.30458e-09
[2025-11-03 10:54:29.101] [cout] [info] time = 0.895 Performance = 696.522 Constraint violation = 6.4297e-10
[2025-11-03 10:54:29.510] [cout] [info] time = 0.9 Performance = 562.12 Constraint violation = 4.96845e-11
[2025-11-03 10:54:29.905] [cout] [info] time = 0.905000 Performance = 448.0 Constraint violation = 2.35423e-12
[2025-11-03 10:54:30.304] [cout] [info] time = 0.91 Performance = 355.161 Constraint violation = 1.56322e-10
[2025-11-03 10:54:30.680] [cout] [info] time = 0.915 Performance = 282.99 Constraint violation = 2.55153e-10
[2025-11-03 10:54:31.113] [cout] [info] time = 0.92 Performance = 229.759 Constraint violation = 1.19204e-10
[2025-11-03 10:54:31.528] [cout] [info] time = 0.925 Performance = 193.139 Constraint violation = 1.32293e-11
[2025-11-03 10:54:32.001] [cout] [info] time = 0.93 Performance = 170.574 Constraint violation = 1.60609e-10
[2025-11-03 10:54:32.418] [cout] [info] time = 0.935 Performance = 159.575 Constraint violation = 3.75178e-10
[2025-11-03 10:54:32.903] [cout] [info] time = 0.94 Performance = 157.927 Constraint violation = 8.39697e-11
[2025-11-03 10:54:33.346] [cout] [info] time = 0.945 Performance = 163.794 Constraint violation = 4.13978e-11
[2025-11-03 10:54:33.778] [cout] [info] time = 0.95 Performance = 175.679 Constraint violation = 8.31727e-11
[2025-11-03 10:54:34.195] [cout] [info] time = 0.955 Performance = 192.213 Constraint violation = 3.82533e-11
[2025-11-03 10:54:34.623] [cout] [info] time = 0.96 Performance = 211.805 Constraint violation = 1.52132e-10
[2025-11-03 10:54:35.086] [cout] [info] time = 0.965 Performance = 232.312 Constraint violation = 1.43623e-10
[2025-11-03 10:54:35.490] [cout] [info] time = 0.97 Performance = 250.987 Constraint violation = 4.3313e-11
[2025-11-03 10:54:35.937] [cout] [info] time = 0.975 Performance = 264.72 Constraint violation = 2.05932e-11
[2025-11-03 10:54:36.336] [cout] [info] time = 0.98 Performance = 270.447 Constraint violation = 2.83116e-10
[2025-11-03 10:54:36.759] [cout] [info] time = 0.985 Performance = 265.637 Constraint violation = 8.44661e-11
[2025-11-03 10:54:37.210] [cout] [info] time = 0.99 Performance = 248.841 Constraint violation = 1.24033e-11
[2025-11-03 10:54:37.646] [cout] [info] time = 0.995 Performance = 220.158 Constraint violation = 7.13205e-11
[2025-11-03 10:54:38.104] [cout] [info] time = 1.0 Performance = 181.553 Constraint violation = 1.12125e-10
[2025-11-03 10:54:38.589] [cout] [info] time = 1.00500 Performance = 137.099 Constraint violation = 6.10781e-10
[2025-11-03 10:54:39.203] [cout] [info] time = 1.01 Performance = 93.0408 Constraint violation = 2.02164e-11
[2025-11-03 10:54:39.636] [cout] [info] time = 1.015 Performance = 57.4599 Constraint violation = 2.68584e-12
[2025-11-03 10:54:40.083] [cout] [info] time = 1.02 Performance = 39.5866 Constraint violation = 5.5972e-11
[2025-11-03 10:54:40.549] [cout] [info] time = 1.025 Performance = 48.8634 Constraint violation = 1.44911e-12
[2025-11-03 10:54:41.018] [cout] [info] time = 1.03 Performance = 93.8742 Constraint violation = 8.72706e-11
[2025-11-03 10:54:41.439] [cout] [info] time = 1.035 Performance = 181.233 Constraint violation = 3.16345e-10
[2025-11-03 10:54:41.999] [cout] [info] time = 1.04 Performance = 314.539 Constraint violation = 1.64797e-10
[2025-11-03 10:54:42.532] [cout] [info] time = 1.045 Performance = 493.556 Constraint violation = 4.94455e-10
[2025-11-03 10:54:43.053] [cout] [info] time = 1.05 Performance = 713.69 Constraint violation = 7.83681e-10
[2025-11-03 10:54:43.553] [cout] [info] time = 1.055 Performance = 965.861 Constraint violation = 7.87306e-10
[2025-11-03 10:54:43.997] [cout] [info] time = 1.06 Performance = 1236.85 Constraint violation = 1.54106e-10
[2025-11-03 10:54:44.452] [cout] [info] time = 1.065 Performance = 1510.24 Constraint violation = 7.1717e-09
[2025-11-03 10:54:44.874] [cout] [info] time = 1.07 Performance = 1768.1 Constraint violation = 1.17124e-09
[2025-11-03 10:54:45.351] [cout] [info] time = 1.075 Performance = 1993.18 Constraint violation = 1.05418e-09
[2025-11-03 10:54:45.846] [cout] [info] time = 1.08 Performance = 2171.06 Constraint violation = 2.92074e-09
[2025-11-03 10:54:46.282] [cout] [info] time = 1.085 Performance = 2291.78 Constraint violation = 1.17242e-09
[2025-11-03 10:54:46.716] [cout] [info] time = 1.09 Performance = 2350.74 Constraint violation = 9.22792e-09
[2025-11-03 10:54:47.165] [cout] [info] time = 1.095 Performance = 2348.96 Constraint violation = 2.22288e-09
[2025-11-03 10:54:47.631] [cout] [info] time = 1.1 Performance = 2292.45 Constraint violation = 2.45155e-09
[2025-11-03 10:54:48.084] [cout] [info] time = 1.10500 Performance = 2191.05 Constraint violation = 3.64287e-09
[2025-11-03 10:54:48.539] [cout] [info] time = 1.11 Performance = 2056.9 Constraint violation = 1.23414e-09
[2025-11-03 10:54:48.950] [cout] [info] time = 1.115 Performance = 1902.59 Constraint violation = 1.89601e-09
[2025-11-03 10:54:49.400] [cout] [info] time = 1.12 Performance = 1739.33 Constraint violation = 2.90156e-09
[2025-11-03 10:54:49.824] [cout] [info] time = 1.125 Performance = 1575.56 Constraint violation = 1.85892e-09
[2025-11-03 10:54:50.256] [cout] [info] time = 1.13 Performance = 1416.41 Constraint violation = 2.46073e-09
[2025-11-03 10:54:50.680] [cout] [info] time = 1.135 Performance = 1263.71 Constraint violation = 2.36915e-09
[2025-11-03 10:54:51.129] [cout] [info] time = 1.14 Performance = 1116.82 Constraint violation = 1.03055e-10
[2025-11-03 10:54:51.547] [cout] [info] time = 1.145 Performance = 973.682 Constraint violation = 9.22928e-10
[2025-11-03 10:54:52.031] [cout] [info] time = 1.15 Performance = 832.089 Constraint violation = 1.1611e-09
[2025-11-03 10:54:52.515] [cout] [info] time = 1.155 Performance = 690.759 Constraint violation = 7.98126e-09
[2025-11-03 10:54:52.962] [cout] [info] time = 1.16 Performance = 550.294 Constraint violation = 4.65606e-10
[2025-11-03 10:54:53.399] [cout] [info] time = 1.165 Performance = 413.692 Constraint violation = 4.59838e-10
[2025-11-03 10:54:53.831] [cout] [info] time = 1.17 Performance = 286.27 Constraint violation = 8.09174e-11
[2025-11-03 10:54:54.253] [cout] [info] time = 1.175 Performance = 174.966 Constraint violation = 1.23114e-10
[2025-11-03 10:54:54.706] [cout] [info] time = 1.18 Performance = 87.1843 Constraint violation = 4.02951e-11
[2025-11-03 10:54:55.185] [cout] [info] time = 1.185 Performance = 29.4253 Constraint violation = 3.28295e-12
[2025-11-03 10:54:55.663] [cout] [info] time = 1.19 Performance = 6.06068 Constraint violation = 6.12723e-13
[2025-11-03 10:54:55.667] [info] Printing results of investigation SO to .
[2025-11-03 11:03:11.079] [info] Loaded model Athlete_03 from file C:\Git\1_current_projects\powerlifing_model\models\Athlete_03\25_03_31\scaled_increasedForce3.osim
[2025-11-03 11:03:11.180] [info] Storage: read data file = C:\Git\1_current_projects\powerlifing_model\simulations\Athlete_03\25_03_31\Squat_bar_01\joint_angles.mot (nr=481 nc=40)
[2025-11-03 11:03:11.245] [info] Loaded model Athlete_03 from file ..\..\..\..\models\Athlete_03\25_03_31\scaled_increasedForce3.osim
[2025-11-03 11:03:11.323] [cout] [info] 
               MODEL: Athlete_03
         coordinates: 39
              forces: 97
           actuators: 97
             muscles: 80
            analyses: 0
              probes: 0
              bodies: 22
              joints: 22
         constraints: 2
             markers: 45
         controllers: 0
  contact geometries: 0
misc modelcomponents: 0
[2025-11-03 11:03:11.324] [info] Running tool ...
[2025-11-03 11:03:11.405] [info] Storage: read data file = grf.mot (nr=4820 nc=46)
[2025-11-03 11:03:11.487] [info] ExternalForce::grf_r_4 Data source being set to grf
[2025-11-03 11:03:11.487] [info] ExternalForce::grf_l_5 Data source being set to grf
[2025-11-03 11:03:11.506] [info] Storage: read data file = joint_angles.mot (nr=481 nc=40)
[2025-11-03 11:03:11.516] [info] Low-pass filtering coordinates data with a cutoff frequency of 6.0...
[2025-11-03 11:03:12.198] [info] InverseDynamicsTool: 481 time frames in 501 millisecond(s).
[2025-11-03 11:03:12.294] [info] Loaded model Athlete_03 from file C:\Git\1_current_projects\powerlifing_model\models\Athlete_03\25_03_31\scaled_increasedForce3.osim
[2025-11-03 11:03:12.399] [info] Storage: read data file = C:\Git\1_current_projects\powerlifing_model\simulations\Athlete_03\25_03_31\Squat_bw_01\joint_angles.mot (nr=367 nc=40)
[2025-11-03 11:03:12.485] [info] Loaded model Athlete_03 from file ..\..\..\..\models\Athlete_03\25_03_31\scaled_increasedForce3.osim
[2025-11-03 11:03:12.571] [cout] [info] 
               MODEL: Athlete_03
         coordinates: 39
              forces: 97
           actuators: 97
             muscles: 80
            analyses: 0
              probes: 0
              bodies: 22
              joints: 22
         constraints: 2
             markers: 45
         controllers: 0
  contact geometries: 0
misc modelcomponents: 0
[2025-11-03 11:03:12.572] [info] Running tool ...
[2025-11-03 11:03:12.654] [info] Storage: read data file = grf.mot (nr=7080 nc=46)
[2025-11-03 11:03:12.789] [info] ExternalForce::grf_r_4 Data source being set to grf
[2025-11-03 11:03:12.789] [info] ExternalForce::grf_l_5 Data source being set to grf
[2025-11-03 11:03:12.810] [info] Storage: read data file = joint_angles.mot (nr=367 nc=40)
[2025-11-03 11:03:12.819] [info] Low-pass filtering coordinates data with a cutoff frequency of 6.0...
[2025-11-03 11:03:13.976] [info] InverseDynamicsTool: 367 time frames in 680 millisecond(s).
[2025-11-03 11:03:14.108] [info] Loaded model Athlete_03 from file C:\Git\1_current_projects\powerlifing_model\models\Athlete_03\25_03_31\scaled_increasedForce3.osim
[2025-11-03 11:03:14.356] [info] Storage: read data file = C:\Git\1_current_projects\powerlifing_model\simulations\Athlete_03\25_03_31\Walking_01\joint_angles.mot (nr=238 nc=40)
[2025-11-03 11:03:14.585] [info] Loaded model Athlete_03 from file ..\..\..\..\models\Athlete_03\25_03_31\scaled_increasedForce3.osim
[2025-11-03 11:03:14.763] [cout] [info] 
               MODEL: Athlete_03
         coordinates: 39
              forces: 97
           actuators: 97
             muscles: 80
            analyses: 0
              probes: 0
              bodies: 22
              joints: 22
         constraints: 2
             markers: 45
         controllers: 0
  contact geometries: 0
misc modelcomponents: 0
[2025-11-03 11:03:14.764] [info] Running tool ...
[2025-11-03 11:03:14.875] [info] Storage: read data file = grf.mot (nr=2390 nc=46)
[2025-11-03 11:03:14.934] [info] ExternalForce::grf_r_2 Data source being set to grf
[2025-11-03 11:03:14.953] [info] Storage: read data file = joint_angles.mot (nr=238 nc=40)
[2025-11-03 11:03:14.958] [info] Low-pass filtering coordinates data with a cutoff frequency of 6.0...
[2025-11-03 11:03:15.328] [info] InverseDynamicsTool: 238 time frames in 242 millisecond(s).
[2025-11-03 11:03:15.329] [error] IO.OpenFile(const string&,const string&): failed to open ./inverse_dynamics.sto.
[2025-11-03 11:32:15.370] [info] Loaded model Athlete_03 from file C:\Git\1_current_projects\powerlifing_model\models\Athlete_03\25_03_31\scaled_increasedForce3.osim
[2025-11-03 11:32:15.490] [info] Storage: read data file = C:\Git\1_current_projects\powerlifing_model\simulations\Athlete_03\25_03_31\Squat_bar_01\joint_angles.mot (nr=481 nc=40)
[2025-11-03 11:32:15.578] [info] Loaded model Athlete_03 from file ..\..\..\..\models\Athlete_03\25_03_31\scaled_increasedForce3.osim
[2025-11-03 11:32:15.680] [cout] [info] 
               MODEL: Athlete_03
         coordinates: 39
              forces: 97
           actuators: 97
             muscles: 80
            analyses: 0
              probes: 0
              bodies: 22
              joints: 22
         constraints: 2
             markers: 45
         controllers: 0
  contact geometries: 0
misc modelcomponents: 0
[2025-11-03 11:32:15.681] [info] Running tool ...
[2025-11-03 11:32:15.779] [info] Storage: read data file = grf.mot (nr=4820 nc=46)
[2025-11-03 11:32:15.902] [info] ExternalForce::grf_r_4 Data source being set to grf
[2025-11-03 11:32:15.902] [info] ExternalForce::grf_l_5 Data source being set to grf
[2025-11-03 11:32:15.926] [info] Storage: read data file = joint_angles.mot (nr=481 nc=40)
[2025-11-03 11:32:15.943] [info] Low-pass filtering coordinates data with a cutoff frequency of 6.0...
[2025-11-03 11:32:17.160] [info] InverseDynamicsTool: 481 time frames in 936 millisecond(s).
[2025-11-03 11:32:17.370] [info] Loaded model Athlete_03 from file C:\Git\1_current_projects\powerlifing_model\models\Athlete_03\25_03_31\scaled_increasedForce3.osim
[2025-11-03 11:32:17.641] [info] Storage: read data file = C:\Git\1_current_projects\powerlifing_model\simulations\Athlete_03\25_03_31\Squat_bw_01\joint_angles.mot (nr=367 nc=40)
[2025-11-03 11:32:17.798] [info] Loaded model Athlete_03 from file ..\..\..\..\models\Athlete_03\25_03_31\scaled_increasedForce3.osim
[2025-11-03 11:32:18.057] [cout] [info] 
               MODEL: Athlete_03
         coordinates: 39
              forces: 97
           actuators: 97
             muscles: 80
            analyses: 0
              probes: 0
              bodies: 22
              joints: 22
         constraints: 2
             markers: 45
         controllers: 0
  contact geometries: 0
misc modelcomponents: 0
[2025-11-03 11:32:18.057] [info] Running tool ...
[2025-11-03 11:32:18.488] [info] Storage: read data file = grf.mot (nr=7080 nc=46)
[2025-11-03 11:32:18.887] [info] ExternalForce::grf_r_4 Data source being set to grf
[2025-11-03 11:32:18.887] [info] ExternalForce::grf_l_5 Data source being set to grf
[2025-11-03 11:32:18.930] [info] Storage: read data file = joint_angles.mot (nr=367 nc=40)
[2025-11-03 11:32:18.951] [info] Low-pass filtering coordinates data with a cutoff frequency of 6.0...
[2025-11-03 11:32:20.809] [info] InverseDynamicsTool: 367 time frames in 987 millisecond(s).
[2025-11-03 11:32:20.969] [info] Loaded model Athlete_03 from file C:\Git\1_current_projects\powerlifing_model\models\Athlete_03\25_03_31\scaled_increasedForce3.osim
[2025-11-03 11:32:21.167] [info] Storage: read data file = C:\Git\1_current_projects\powerlifing_model\simulations\Athlete_03\25_03_31\Walking_01\joint_angles.mot (nr=238 nc=40)
[2025-11-03 11:32:21.266] [info] Loaded model Athlete_03 from file ..\..\..\..\models\Athlete_03\25_03_31\scaled_increasedForce3.osim
[2025-11-03 11:32:21.447] [cout] [info] 
               MODEL: Athlete_03
         coordinates: 39
              forces: 97
           actuators: 97
             muscles: 80
            analyses: 0
              probes: 0
              bodies: 22
              joints: 22
         constraints: 2
             markers: 45
         controllers: 0
  contact geometries: 0
misc modelcomponents: 0
[2025-11-03 11:32:21.447] [info] Running tool ...
[2025-11-03 11:32:21.640] [info] Storage: read data file = grf.mot (nr=2390 nc=46)
[2025-11-03 11:32:21.751] [info] ExternalForce::grf_r_2 Data source being set to grf
[2025-11-03 11:32:21.781] [info] Storage: read data file = joint_angles.mot (nr=238 nc=40)
[2025-11-03 11:32:21.794] [info] Low-pass filtering coordinates data with a cutoff frequency of 6.0...
[2025-11-03 11:32:22.455] [info] InverseDynamicsTool: 238 time frames in 426 millisecond(s).
[2025-11-03 11:32:22.456] [error] IO.OpenFile(const string&,const string&): failed to open ./inverse_dynamics.sto.
[2025-11-03 11:37:08.719] [info] Loaded model Athlete_03 from file C:\Git\1_current_projects\powerlifing_model\models\Athlete_03\25_03_31\scaled_increasedForce3.osim
[2025-11-03 11:41:16.638] [info] Loaded model Athlete_03 from file C:\Git\1_current_projects\powerlifing_model\models\Athlete_03\25_03_31\scaled_increasedForce3.osim
[2025-11-03 14:31:08.761] [info] Loaded model Athlete_03 from file C:\Git\1_current_projects\powerlifing_model\models\Athlete_03\25_03_31\scaled_increasedForce3.osim
[2025-11-03 14:31:09.245] [info] Loaded model Athlete_03 from file C:\Git\1_current_projects\powerlifing_model\models\Athlete_03\25_03_31\scaled_increasedForce3.osim
[2025-11-03 14:32:58.857] [info] Loaded model Athlete_03 from file C:\Git\1_current_projects\powerlifing_model\models\Athlete_03\25_03_31\scaled_increasedForce3.osim
[2025-11-03 14:33:41.016] [info] Loaded model Athlete_03 from file C:\Git\1_current_projects\powerlifing_model\models\Athlete_03\25_03_31\scaled_increasedForce3.osim
[2025-11-03 14:33:41.351] [info] Loaded model Athlete_03 from file C:\Git\1_current_projects\powerlifing_model\models\Athlete_03\25_03_31\scaled_increasedForce3.osim
[2025-11-03 14:34:27.778] [info] Loaded model Athlete_03 from file C:\Git\1_current_projects\powerlifing_model\models\Athlete_03\25_03_31\scaled_increasedForce3.osim
[2025-11-03 14:39:47.332] [info] Loaded model Athlete_03 from file C:\Git\1_current_projects\powerlifing_model\models\Athlete_03\25_03_31\scaled_increasedForce3.osim
[2025-11-03 14:41:32.117] [info] Loaded model Athlete_03 from file C:\Git\1_current_projects\powerlifing_model\models\Athlete_03\25_03_31\scaled_increasedForce3.osim
[2025-11-03 14:41:34.145] [info] Loaded model Athlete_03 from file C:\Git\1_current_projects\powerlifing_model\models\Athlete_03\25_03_31\scaled_increasedForce3.osim
[2025-11-03 14:42:54.218] [info] Loaded model Athlete_03 from file C:\Git\1_current_projects\powerlifing_model\models\Athlete_03\25_03_31\scaled_increasedForce3.osim
[2025-11-03 14:42:56.075] [info] Loaded model Athlete_03 from file C:\Git\1_current_projects\powerlifing_model\models\Athlete_03\25_03_31\scaled_increasedForce3.osim
[2025-11-03 14:43:00.997] [info] Loaded model Athlete_03 from file C:\Git\1_current_projects\powerlifing_model\models\Athlete_03\25_03_31\scaled_increasedForce3.osim
[2025-11-03 14:43:48.868] [info] Loaded model Athlete_03 from file C:\Git\1_current_projects\powerlifing_model\models\Athlete_03\25_03_31\scaled_increasedForce3.osim
[2025-11-03 14:43:49.232] [info] Loaded model Athlete_03 from file C:\Git\1_current_projects\powerlifing_model\models\Athlete_03\25_03_31\scaled_increasedForce3.osim
[2025-11-03 14:44:51.389] [info] Loaded model Athlete_03 from file C:\Git\1_current_projects\powerlifing_model\models\Athlete_03\25_03_31\scaled_increasedForce3.osim
[2025-11-03 14:46:15.013] [info] Loaded model Athlete_03 from file C:\Git\1_current_projects\powerlifing_model\models\Athlete_03\25_03_31\scaled_increasedForce3.osim
[2025-11-03 14:46:53.145] [info] Loaded model Athlete_03 from file C:\Git\1_current_projects\powerlifing_model\models\Athlete_03\25_03_31\scaled_increasedForce3.osim
[2025-11-03 14:46:53.481] [info] Loaded model Athlete_03 from file C:\Git\1_current_projects\powerlifing_model\models\Athlete_03\25_03_31\scaled_increasedForce3.osim
[2025-11-04 14:10:59.527] [info] Loaded model Catelli_high_hip_flexion_V4.0_scaled_scaled_joints_updated from file C:\Git\1_current_projects\powerlifing_model\models\Athlete_03\22_07_06\scaled.osim
