time,addbrev_r,addlong_r,addmagDist_r,addmagIsch_r,addmagMid_r,addmagProx_r,bflh_r,bfsh_r,edl_r,ehl_r,fdl_r,fhl_r,gaslat_r,gasmed_r,glmax1_r,glmax2_r,glmax3_r,glmed1_r,glmed2_r,glmed3_r,glmin1_r,glmin2_r,glmin3_r,grac_r,iliacus_r,perbrev_r,perlong_r,piri_r,psoas_r,recfem_r,sart_r,semimem_r,semiten_r,soleus_r,tfl_r,tibant_r,tibpost_r,vasint_r,vaslat_r,vasmed_r,addbrev_l,addlong_l,addmagDist_l,addmagIsch_l,addmagMid_l,addmagProx_l,bflh_l,bfsh_l,edl_l,ehl_l,fdl_l,fhl_l,gaslat_l,gasmed_l,glmax1_l,glmax2_l,glmax3_l,glmed1_l,glmed2_l,glmed3_l,glmin1_l,glmin2_l,glmin3_l,grac_l,iliacus_l,perbrev_l,perlong_l,piri_l,psoas_l,recfem_l,sart_l,semimem_l,semiten_l,soleus_l,tfl_l,tibant_l,tibpost_l,vasint_l,vaslat_l,vasmed_l,
0.005,0.00279213,0.00448032,0.0304667,0.0948081,0.00977038,0.030734,0.011957,0.011957,0.0442304,0.0533967,0.0619971,0.0590609,0.407472,0.0854636,0.036781,0.036781,0.036781,0.0163387,0.340208,5.57764e-05,0.0161564,0.42195,0.0771107,0.238024,0.172932,0.108928,0.0597524,0.0987224,0.385891,0.011101,0.011101,0.011957,0.011957,0.0230194,0.011101,0.0769169,0.0216574,0.0213866,0.021697,0.021697,0.00532212,0.00112011,0.0524858,0.000365541,0.00220543,0.151138,0.014739,0.014739,0.0686471,0.0355572,0.19478,0.174364,0.0485042,0.0487477,0.02602,0.02602,0.02602,0.0074787,0.0193462,0.00183956,0.00251785,0.100423,0.0296335,6.60231e-05,0.0853951,0.131893,0.190923,0.0435561,0.0860349,0.037008,0.037008,0.014739,0.014739,0.0320616,0.037008,0.0559009,0.00526929,0.00506734,0.07133,0.07133,
0.01,0.000742066,2.7619e-05,0.000137717,0.0604649,0.00303376,0.0139711,0.011957,0.011957,0.0427697,0.0455247,0.0481228,0.0498407,0.295903,0.0627126,0.036781,0.036781,0.036781,0.0153956,0.278402,7.61327e-05,0.0118995,0.322506,0.0634373,0.15552,0.110061,0.0753824,0.0740528,0.0717362,0.292625,0.011101,0.011101,0.011957,0.011957,0.0399847,0.011101,0.0924668,0.0210737,0.0136396,0.021697,0.021697,0.000829422,0.000735313,4.23137e-05,0.000244503,0.000734705,0.0927893,0.014739,0.014739,0.0621019,0.0408991,0.11935,0.15151,0.0320139,0.0388279,0.02602,0.02602,0.02602,0.00578007,0.0237755,0.00317808,0.00169186,0.0965168,0.0290241,7.56815e-05,0.0611445,0.090572,0.135094,0.0380692,0.0281403,0.037008,0.037008,0.014739,0.014739,0.0228811,0.037008,0.059656,0.00679217,0.00545798,0.07133,0.07133,
0.015,0.00136827,3.27751e-05,0.000174532,0.0716458,0.00406186,0.0173268,0.011957,0.011957,0.0420075,0.0148474,0.0627942,0.0657604,0.395511,0.0770778,0.036781,0.036781,0.036781,0.0290629,0.450988,0.000115803,0.0173321,0.487456,0.0815465,0.189119,0.140865,0.0954504,0.119274,0.0877883,0.436324,0.011101,0.011101,0.011957,0.011957,0.0418412,0.011101,0.124503,0.018887,0.0167901,0.021697,0.021697,0.000996414,0.000859232,6.87952e-06,0.000279619,0.000743789,0.103324,0.014739,0.014739,0.0803218,0.0360997,0.154687,0.197991,0.037943,0.0497531,0.02602,0.02602,0.02602,0.00908631,0.0520108,0.00814749,0.00215014,0.184235,0.0391621,0.000101604,0.0868398,0.105754,0.168869,0.0530579,0.0646137,0.037008,0.037008,0.014739,0.014739,0.0271654,0.037008,0.0737422,0.00869775,0.00710481,0.07133,0.07133,
0.02,0.00144572,4.11131e-05,3.30636e-06,0.0858283,0.00467151,0.0156953,0.011957,0.011957,0.0501808,0.0362593,0.0689338,0.064095,0.447431,0.0868045,0.036781,0.036781,0.036781,0.0303227,0.486136,9.14201e-05,0.0193592,0.536882,0.0849524,0.224576,0.161525,0.106377,0.0778345,0.0991278,0.476231,0.011101,0.011101,0.011957,0.011957,0.0266435,0.011101,0.147425,0.01913,0.0116036,0.021697,0.021697,0.00117307,0.00102538,3.11537e-05,0.00033608,0.000937433,0.122603,0.014739,0.014739,0.0888959,0.0472353,0.158687,0.180985,0.0446465,0.0522521,0.02602,0.02602,0.02602,0.00995903,0.0519183,0.0079456,0.00250164,0.191766,0.0400024,8.03641e-05,0.0980562,0.121791,0.164217,0.0550752,0.0638556,0.037008,0.037008,0.014739,0.014739,0.0296777,0.037008,0.0872366,0.00649933,4.04881e-07,0.07133,0.07133,
0.025,0.00155679,4.19862e-05,7.01628e-05,0.0997492,0.00534054,0.0172753,0.01289,0.01289,0.0537003,0.0353219,0.0768844,0.0723144,0.507564,0.0975905,0.036926,0.036926,0.036926,0.0332321,0.541531,9.6224e-05,0.0218789,0.603948,0.0938147,0.260113,0.184848,0.120569,0.0773416,0.111266,0.532879,0.011766,0.011766,0.01289,0.01289,0.0263456,0.011766,0.151371,0.0201015,0.0163117,0.02198,0.02198,0.0013578,0.00119037,2.87477e-05,0.00038733,0.00106044,0.141376,0.015259,0.015259,0.0962163,0.0476569,0.178342,0.199641,0.0516727,0.0572512,0.027384,0.027384,0.027384,0.011137,0.0558232,0.00842412,0.00287544,0.209932,0.042737,8.64306e-05,0.111296,0.138167,0.182579,0.0594804,0.0685807,0.035527,0.035527,0.015259,0.015259,0.0336767,0.035527,0.0910835,0.00684657,0.00282161,0.070168,0.070168,
0.03,0.00128957,3.42252e-05,0.00205004,0.0917276,0.00479781,0.0259911,0.013648,0.013648,0.106239,0.0478872,0.072482,0.0886513,0.453658,0.0951878,0.036934,0.036934,0.036934,0.0279665,0.468906,8.13219e-05,0.0193456,0.530052,0.0898557,0.238002,0.16653,0.114708,0.0709505,0.105988,0.465541,0.012374,0.012374,0.013648,0.013648,0.0870229,0.012374,0.123979,0.0360283,0.0971567,0.022172,0.022172,0.00124422,0.00109341,2.50826e-05,0.000356205,0.000982171,0.144338,0.015679,0.015679,0.0968061,0.0568325,0.163568,0.179865,0.0480505,0.0559984,0.028449,0.028449,0.028449,0.00968688,0.0456129,0.00670045,0.00260736,0.176416,0.0416094,8.4976e-05,0.0988974,0.131515,0.167982,0.057596,0.0610448,0.034262,0.034262,0.015679,0.015679,0.0306084,0.034262,0.0806465,0.00959475,0.0846983,0.068511,0.068511,
0.035,0.00115786,3.6642e-05,3.21229e-05,0.0895197,0.00456942,0.0151732,0.014244,0.014244,0.0501461,0.0475508,0.0654336,0.0620014,0.432746,0.0846387,0.036867,0.036867,0.036867,0.0246731,0.428274,7.59516e-05,0.0181019,0.49222,0.079096,0.231158,0.159249,0.103773,0.0574528,0.0968788,0.427015,0.012945,0.012945,0.014244,0.014244,0.0261644,0.012945,0.125191,0.0195891,0.0133847,0.022353,0.022353,0.00121327,0.00106662,4.36247e-05,0.000347998,0.0009872,0.128739,0.016,0.016,0.080544,0.0453914,0.154666,0.172798,0.0462979,0.0480783,0.029213,0.029213,0.029213,0.00892239,0.0387875,0.00547997,0.00250969,0.155235,0.0343194,7.35466e-05,0.0930592,0.122699,0.160574,0.048082,0.046579,0.0332,0.0332,0.016,0.016,0.0303516,0.0332,0.0767994,0.00599687,0.00127227,0.066472,0.066472,
0.04,0.00126243,0.000463795,0.00292416,0.0862314,0.00486939,0.0166001,0.014692,0.014692,0.0475495,0.0484004,0.0629995,0.0603224,0.412972,0.081801,0.036772,0.036772,0.036772,0.0226496,0.40042,7.69345e-05,0.0171081,0.463504,0.0771123,0.221935,0.153926,0.100508,0.0638755,0.0938482,0.403971,0.013489,0.013489,0.014692,0.014692,0.0280464,0.013489,0.117274,0.0198864,0.0120029,0.022594,0.022594,0.00156024,0.00102731,0.0050951,0.000336084,0.00107298,0.126004,0.016221,0.016221,0.0769406,0.0438752,0.155542,0.174023,0.0446841,0.0470218,0.029679,0.029679,0.029679,0.00837152,0.0349821,0.004826,0.00240454,0.142243,0.0331844,7.56811e-05,0.0881453,0.119429,0.162813,0.046433,0.0477994,0.032337,0.032337,0.016221,0.016221,0.0298224,0.032337,0.0728558,0.00623859,1.96028e-07,0.064205,0.064205,
0.045,0.00139795,0.00100481,0.00664894,0.0825371,0.00529187,0.0186657,0.016046,0.016046,0.0400014,0.0393524,0.0598235,0.05983,0.390728,0.0778883,0.037044,0.037044,0.037044,0.0205757,0.371501,8.2968e-05,0.0160503,0.433518,0.074941,0.211624,0.14865,0.0970265,0.0782122,0.089499,0.380793,0.014724,0.014724,0.016046,0.016046,0.0303108,0.014724,0.0973691,0.0190677,0.0119311,0.023464,0.023464,0.00201062,0.000983538,0.0115239,0.000319908,0.00115294,0.122139,0.016911,0.016911,0.0702596,0.0361196,0.159539,0.181532,0.0428838,0.0455202,0.031352,0.031352,0.031352,0.00778228,0.0311855,0.00417223,0.00228876,0.128915,0.0313717,8.27674e-05,0.0828884,0.114801,0.169078,0.0439721,0.0507741,0.030067,0.030067,0.016911,0.016911,0.0293387,0.030067,0.0624694,0.00682232,0,0.061088,0.061088,
0.05,0.00126035,0.000956422,0.00634012,0.0799942,0.00503764,0.0183311,0.017001,0.017001,0.0370762,0.0388125,0.0570773,0.0584426,0.372106,0.0749244,0.037084,0.037084,0.037084,0.0182737,0.341858,8.27344e-05,0.0150641,0.4045,0.0724848,0.204362,0.142924,0.0935038,0.079424,0.0861278,0.35679,0.015837,0.015837,0.017001,0.017001,0.0319226,0.015837,0.0856867,0.0191662,0.0115531,0.024369,0.024369,0.00193494,0.00095677,0.0109903,0.000310106,0.00111525,0.119039,0.017324,0.017324,0.0657817,0.0336667,0.15572,0.181161,0.0416314,0.0437784,0.032266,0.032266,0.032266,0.00719034,0.0266197,0.0033678,0.0021968,0.11416,0.0297359,8.44485e-05,0.0781169,0.111407,0.167613,0.041326,0.0441675,0.028383,0.028383,0.017324,0.017324,0.0287762,0.028383,0.0566574,0.00698858,0,0.057466,0.057466,
0.055,0.0013174,0.00119596,0.0079877,0.0770852,0.00516858,0.0191403,0.017609,0.017609,0.034372,0.0360799,0.055438,0.0574948,0.35794,0.0726771,0.036929,0.036929,0.036929,0.0171838,0.325256,8.45303e-05,0.0143931,0.385946,0.0712666,0.196588,0.138476,0.0909881,0.0852709,0.083572,0.34197,0.016797,0.016797,0.017609,0.017609,0.0332636,0.016797,0.078854,0.0190295,0.0113484,0.025386,0.025386,0.00211693,0.00092197,0.013832,0.000301678,0.00115662,0.115953,0.017478,0.017478,0.0632237,0.0315784,0.155517,0.182147,0.0402777,0.0430291,0.032455,0.032455,0.032455,0.00684279,0.0248021,0.00307211,0.00211479,0.107199,0.0291216,8.65291e-05,0.0747038,0.10835,0.168486,0.0404916,0.0453504,0.02725,0.02725,0.017478,0.017478,0.0281949,0.02725,0.0540622,0.00721021,4.33566e-07,0.053607,0.053607,
0.06,0.00162184,0.00191894,0.0129111,0.0758842,0.00595607,0.0214121,0.017941,0.017941,0.0346978,0.0383711,0.0541823,0.055778,0.348718,0.0715115,0.036653,0.036653,0.036653,0.0163937,0.313547,8.00855e-05,0.0140013,0.374062,0.069614,0.192895,0.137794,0.0899206,0.0848709,0.0824923,0.333484,0.017569,0.017569,0.017941,0.017941,0.0322793,0.017569,0.0771075,0.0190609,0.0117513,0.026578,0.026578,0.0027569,0.000903625,0.0223444,0.000294635,0.00132846,0.116442,0.017405,0.017405,0.0616864,0.0312524,0.158988,0.177773,0.039513,0.0425916,0.032019,0.032019,0.032019,0.0066459,0.0232186,0.00281372,0.00207241,0.102053,0.0283043,8.27653e-05,0.0728245,0.107315,0.169305,0.0397669,0.0539005,0.026589,0.026589,0.017405,0.017405,0.0277958,0.026589,0.052228,0.0069221,1.80921e-07,0.049895,0.049895,
0.065,0.00154786,0.0018631,0.0135123,0.0750375,0.00582841,0.0260599,0.018084,0.018084,0.0598057,0.0404372,0.0549853,0.0666933,0.342012,0.0737717,0.036341,0.036341,0.036341,0.0156761,0.304299,7.94566e-05,0.0136864,0.364803,0.071772,0.190497,0.135785,0.0916422,0.0882965,0.0837241,0.326457,0.018131,0.018131,0.018084,0.018084,0.0620136,0.018131,0.0673956,0.0269155,0.0512599,0.027962,0.027962,0.00269692,0.000894697,0.0217198,0.000291842,0.0013006,0.121587,0.017143,0.017143,0.0653678,0.0354186,0.158573,0.177704,0.0393913,0.04435,0.031106,0.031106,0.031106,0.00644942,0.0218001,0.00256601,0.00204238,0.0974886,0.0298022,8.72303e-05,0.0712954,0.108494,0.169545,0.0415246,0.0539426,0.026285,0.026285,0.017143,0.017143,0.0273888,0.026285,0.0496929,0.00860181,0.0396399,0.046812,0.046812,
0.07,0.00193146,0.00268287,0.0181262,0.0771023,0.00688906,0.0243056,0.018127,0.018127,0.0328531,0.0373395,0.0541983,0.0561738,0.348439,0.0722282,0.036049,0.036049,0.036049,0.0155954,0.306173,8.03675e-05,0.0138969,0.369216,0.0703429,0.195116,0.141535,0.09172,0.089977,0.0834912,0.333616,0.018471,0.018471,0.018127,0.018127,0.0321583,0.018471,0.0697359,0.0193162,0.0125151,0.029483,0.029483,0.00346893,0.000917016,0.0313568,0.000297471,0.0015308,0.120429,0.016736,0.016736,0.060284,0.0288976,0.168297,0.18242,0.0400615,0.043336,0.029874,0.029874,0.029874,0.0065426,0.0212405,0.00242882,0.00208991,0.0967048,0.028092,8.43653e-05,0.0725568,0.109492,0.177502,0.0396992,0.0623807,0.026209,0.026209,0.016736,0.016736,0.028361,0.026209,0.048611,0.00700704,0,0.04487,0.04487,
0.075,0.00214153,0.00327333,0.0221557,0.0807141,0.00769026,0.0269327,0.018154,0.018154,0.0331434,0.0412376,0.0555934,0.0577209,0.355997,0.0747777,0.035784,0.035784,0.035784,0.0143909,0.298722,8.03794e-05,0.0139616,0.36738,0.072395,0.203143,0.147374,0.0952895,0.0929264,0.0865582,0.332888,0.018594,0.018594,0.018154,0.018154,0.0335666,0.018594,0.0646429,0.0204999,0.0134681,0.031002,0.031002,0.00405373,0.000958335,0.0383219,0.000313899,0.00174035,0.127969,0.016238,0.016238,0.0604621,0.0292178,0.178805,0.189819,0.0419552,0.0446861,0.028478,0.028478,0.028478,0.00645142,0.0179889,0.00175972,0.00216275,0.0886708,0.0281229,8.69956e-05,0.0733739,0.114726,0.188039,0.0401386,0.0665077,0.026258,0.026258,0.016238,0.016238,0.0297468,0.026258,0.0480676,0.00724905,3.98016e-07,0.044523,0.044523,
0.08,0.00250055,0.00410292,0.0291704,0.0820364,0.0087323,0.0374629,0.018241,0.018241,0.0703206,0.0465713,0.0585666,0.0751528,0.357552,0.0801921,0.035508,0.035508,0.035508,0.0141666,0.298124,8.27315e-05,0.0140485,0.368505,0.0772759,0.205828,0.150762,0.101147,0.107504,0.0912607,0.332938,0.018505,0.018505,0.018241,0.018241,0.0772028,0.018505,0.0550755,0.0320825,0.0699263,0.032344,0.032344,0.00482908,0.000966393,0.0481163,0.00031551,0.00195005,0.141016,0.015703,0.015703,0.0673457,0.035368,0.192552,0.198277,0.0429683,0.0488535,0.027075,0.027075,0.027075,0.00646458,0.0172897,0.00160628,0.00219026,0.087124,0.0307173,9.62871e-05,0.0739476,0.120154,0.200536,0.0442782,0.0812898,0.026354,0.026354,0.015703,0.015703,0.0303943,0.026354,0.0454004,0.00994928,0.0555937,0.04616,0.04616,
0.085,0.00261323,0.00424472,0.0287741,0.0801289,0.00885374,0.0292792,0.018456,0.018456,0.032381,0.0392599,0.055089,0.0545903,0.352941,0.0742086,0.035147,0.035147,0.035147,0.0147699,0.300486,6.97146e-05,0.013971,0.367521,0.0707005,0.201353,0.149085,0.0952614,0.084698,0.0859803,0.335694,0.018213,0.018213,0.018456,0.018456,0.0266276,0.018213,0.0648235,0.0190729,0.0141474,0.033345,0.033345,0.00492539,0.000944086,0.0497544,0.000313623,0.0019936,0.129063,0.015185,0.015185,0.0599446,0.0280042,0.181831,0.176917,0.0414742,0.0443838,0.025834,0.025834,0.025834,0.00652607,0.0187772,0.0019427,0.00215166,0.0909873,0.0275318,7.60179e-05,0.0734514,0.114089,0.184324,0.0403691,0.0818983,0.026434,0.026434,0.015185,0.015185,0.0288643,0.026434,0.0488828,0.0062197,7.95927e-07,0.050062,0.050062,
0.09,0.00219733,0.00312948,0.0211576,0.0857984,0.00782498,0.0243036,0.018851,0.018851,0.0355338,0.0404474,0.0577599,0.0544051,0.38089,0.0785615,0.034629,0.034629,0.034629,0.0169991,0.333762,5.97127e-05,0.0152979,0.4044,0.0728257,0.216872,0.157653,0.0999075,0.0587331,0.0904486,0.37311,0.01774,0.01774,0.018851,0.018851,0.018194,0.01774,0.0749523,0.0184647,0.0140393,0.03387,0.03387,0.00397846,0.00102321,0.0365967,0.000332816,0.00174713,0.133065,0.014739,0.014739,0.0647637,0.0313647,0.171591,0.164323,0.0440596,0.0453521,0.024911,0.024911,0.024911,0.00721017,0.0224354,0.00255568,0.00231165,0.105229,0.029082,6.55032e-05,0.0802302,0.119597,0.171471,0.0413964,0.070502,0.026436,0.026436,0.014739,0.014739,0.0290969,0.026436,0.0535645,0.00498541,2.72056e-07,0.056376,0.056376,
0.095,0.00225559,0.00339049,0.0229507,0.0839267,0.00801639,0.028009,0.019448,0.019448,0.0329281,0.0384008,0.0579566,0.0606326,0.373143,0.0776523,0.033911,0.033911,0.033911,0.0158009,0.319876,8.61868e-05,0.0147677,0.390219,0.0754632,0.21161,0.15407,0.0993799,0.099789,0.0898783,0.353182,0.01712,0.01712,0.019448,0.019448,0.0342746,0.01712,0.0664141,0.0205637,0.0139935,0.033816,0.033816,0.00420488,0.000995798,0.0396947,0.000323446,0.00178404,0.132229,0.014412,0.014412,0.0626357,0.0282194,0.1871,0.199541,0.0435778,0.0465145,0.024431,0.024431,0.024431,0.00687932,0.0205445,0.00216919,0.00225881,0.097612,0.0293374,9.19813e-05,0.0774081,0.1188,0.196444,0.041947,0.0713788,0.026312,0.026312,0.014412,0.014412,0.0309365,0.026312,0.0485141,0.00761007,0,0.065077,0.065077,
0.1,0.00386052,0.00694368,0.0471611,0.0876454,0.0123953,0.0398559,0.020218,0.020218,0.0319949,0.0405237,0.0587819,0.0577861,0.375701,0.0806516,0.032984,0.032984,0.032984,0.0148519,0.311818,7.04968e-05,0.0148512,0.387061,0.0762378,0.218413,0.168936,0.10584,0.100342,0.0940485,0.364319,0.016399,0.016399,0.020218,0.020218,0.0254949,0.016399,0.0582556,0.0204282,0.0172749,0.033118,0.033118,0.00747966,0.00102382,0.0815344,0.000335529,0.0027462,0.147249,0.014225,0.014225,0.0616081,0.0251026,0.218856,0.193142,0.044982,0.0492395,0.024462,0.024462,0.024462,0.00691146,0.0175452,0.00159794,0.00232926,0.0907317,0.0289178,7.90723e-05,0.0785336,0.126223,0.214573,0.0436094,0.119273,0.026037,0.026037,0.014225,0.014225,0.0316476,0.026037,0.0453591,0.0063539,7.76936e-08,0.075921,0.075921,
0.105,0.00387941,0.00696516,0.0473152,0.0942816,0.0127024,0.0391886,0.021093,0.021093,0.0329537,0.0419504,0.0613063,0.057712,0.39893,0.0846411,0.03185,0.03185,0.03185,0.0153182,0.327039,5.88989e-05,0.0157539,0.408945,0.0775698,0.234933,0.178572,0.110955,0.0810087,0.0983832,0.382239,0.015628,0.015628,0.021093,0.021093,0.0178982,0.015628,0.0582518,0.0196405,0.0184403,0.031761,0.031761,0.00758106,0.00110169,0.0817886,0.000364933,0.00283662,0.155927,0.014178,0.014178,0.0635663,0.0257614,0.220504,0.185006,0.0482176,0.0498999,0.024997,0.024997,0.024997,0.00728061,0.0172446,0.00145293,0.00249403,0.0934355,0.0287204,6.9504e-05,0.0836164,0.132898,0.21182,0.0440521,0.119126,0.025623,0.025623,0.014178,0.014178,0.032582,0.025623,0.0480687,0.00533028,0.000249448,0.088413,0.088413,
0.11,0.00442482,0.00807262,0.0548497,0.102276,0.0143845,0.0430064,0.021987,0.021987,0.0347381,0.0451797,0.0659188,0.059017,0.429229,0.0914634,0.030524,0.030524,0.030524,0.0161448,0.348451,5.09689e-05,0.0169167,0.437425,0.0825045,0.25436,0.194485,0.120116,0.0732592,0.106185,0.412432,0.014858,0.014858,0.021987,0.021987,0.0119049,0.014858,0.0610754,0.0201767,0.0201385,0.029789,0.029789,0.00868888,0.00119281,0.094816,0.000402512,0.00324128,0.170354,0.014255,0.014255,0.0682641,0.027808,0.237013,0.185506,0.0522289,0.0534818,0.025948,0.025948,0.025948,0.00780871,0.0175295,0.00138308,0.00269939,0.098191,0.0304409,6.34109e-05,0.0900534,0.144088,0.222437,0.0474139,0.135399,0.02512,0.02512,0.014255,0.014255,0.0344514,0.02512,0.0537104,0.00463176,1.62999e-06,0.101814,0.101814,
0.115,0.00141114,0.00152968,0.0102874,0.0993819,0.00644706,0.0195816,0.022824,0.022824,0.0347529,0.0406941,0.0644155,0.0612412,0.432018,0.0857503,0.029041,0.029041,0.029041,0.0170393,0.359457,6.11715e-05,0.016946,0.44465,0.0773444,0.251215,0.168617,0.108131,0.045579,0.0980533,0.379325,0.014139,0.014139,0.022824,0.022824,0.0177447,0.014139,0.0696537,0.0175907,0.0146371,0.027323,0.027323,0.00270453,0.00117634,0.0177953,0.000406039,0.00155394,0.146673,0.014437,0.014437,0.0676639,0.0316316,0.172656,0.178645,0.0516299,0.0456673,0.027162,0.027162,0.027162,0.00772012,0.0203575,0.00189636,0.00265566,0.105267,0.0278508,7.14939e-05,0.0895391,0.131351,0.177303,0.0419985,0.0437217,0.024614,0.024614,0.014437,0.014437,0.0329603,0.024614,0.0609484,0.00549976,2.93931e-06,0.115193,0.115193,
0.12,0.0013222,0.00098858,0.00661589,0.102303,0.00608444,0.0182532,0.023526,0.023526,0.0348638,0.0334863,0.0731199,0.0650776,0.468749,0.0937543,0.027459,0.027459,0.027459,0.0206155,0.40834,7.00715e-05,0.0183627,0.487972,0.0886919,0.260268,0.17547,0.116447,0.0517805,0.105999,0.418706,0.013499,0.013499,0.023526,0.023526,0.0173122,0.013499,0.0866683,0.0185459,0.0146677,0.024563,0.024563,0.00225363,0.00121355,0.0113982,0.000463214,0.00162625,0.150884,0.014703,0.014703,0.0805757,0.0392216,0.175517,0.187829,0.0544598,0.0518262,0.028451,0.028451,0.028451,0.00856961,0.0279942,0.00318427,0.00280724,0.128116,0.0348039,7.68307e-05,0.0962633,0.139813,0.182807,0.0520269,0.0455645,0.024186,0.024186,0.014703,0.014703,0.0339796,0.024186,0.0864705,0.0059828,7.20825e-05,0.127488,0.127488,
0.125,0.0020952,0.00252363,0.0180434,0.0999998,0.00790374,0.0274679,0.024012,0.024012,0.0581594,0.0281812,0.0738803,0.0731065,0.462105,0.0962107,0.025854,0.025854,0.025854,0.0220495,0.418305,6.2295e-05,0.0184725,0.492926,0.0908627,0.254375,0.179154,0.119967,0.0550196,0.107644,0.437255,0.01295,0.01295,0.024012,0.024012,0.0385658,0.01295,0.0800877,0.0246874,0.0550447,0.021771,0.021771,0.0036184,0.00118222,0.0294851,0.000449176,0.00196055,0.156984,0.015017,0.015017,0.0851387,0.0403338,0.185136,0.17729,0.0531967,0.0550139,0.029639,0.029639,0.029639,0.00879925,0.0313358,0.00387779,0.00276402,0.137192,0.0374189,7.12373e-05,0.0965396,0.140775,0.183896,0.0558663,0.0753137,0.023884,0.023884,0.015017,0.015017,0.0324635,0.023884,0.0833574,0.00657148,0.0395383,0.137592,0.137592,
0.13,0.00452262,0.00781513,0.0530892,0.103962,0.0143363,0.0437535,0.024213,0.024213,0.0382132,0.0415194,0.0734961,0.0647996,0.462337,0.0986693,0.024312,0.024312,0.024312,0.0205387,0.403303,6.86124e-05,0.0184492,0.485678,0.0933691,0.26059,0.201937,0.127909,0.0937661,0.11385,0.458984,0.01249,0.01249,0.024213,0.024213,0.017592,0.01249,0.0836673,0.0223044,0.020633,0.019215,0.019215,0.00848161,0.00121549,0.0917281,0.000431575,0.00327983,0.17337,0.015347,0.015347,0.0808048,0.0351316,0.246492,0.204325,0.0539413,0.0600499,0.030582,0.030582,0.030582,0.00879661,0.0271404,0.00306801,0.00281901,0.126395,0.0375694,7.58413e-05,0.0970242,0.151299,0.235408,0.0568828,0.143954,0.023742,0.023742,0.015347,0.015347,0.0358275,0.023742,0.0729453,0.00581634,0.000480407,0.144612,0.144612,
0.135,0.00452871,0.00782564,0.0531631,0.106866,0.0144809,0.0452742,0.024087,0.024087,0.033276,0.0328724,0.0739612,0.0700111,0.472921,0.0994631,0.022925,0.022925,0.022925,0.0210503,0.414064,8.51568e-05,0.0189705,0.500253,0.0952001,0.267957,0.207279,0.130586,0.115302,0.115099,0.470023,0.012115,0.012115,0.024087,0.024087,0.0227669,0.012115,0.0719174,0.0218886,0.0205611,0.017124,0.017124,0.00853883,0.00125065,0.0918815,0.00042576,0.00321957,0.175976,0.015661,0.015661,0.0778614,0.0273983,0.259149,0.22857,0.0552389,0.0606714,0.031163,0.031163,0.031163,0.00901227,0.0278666,0.00313327,0.00288978,0.129618,0.0370776,9.21345e-05,0.0996706,0.153309,0.252206,0.0560218,0.144721,0.023781,0.023781,0.015661,0.015661,0.0376843,0.023781,0.0618456,0.00710809,2.38396e-06,0.147991,0.147991,
0.14,0.00500249,0.00892134,0.0606034,0.103735,0.0156015,0.047011,0.023624,0.023624,0.0401784,0.0472698,0.0698872,0.0618618,0.44948,0.0965469,0.021779,0.021779,0.021779,0.0195673,0.388443,5.85979e-05,0.0181083,0.473884,0.0888065,0.258996,0.204662,0.126567,0.0870845,0.112198,0.457436,0.011816,0.011816,0.023624,0.023624,0.0141541,0.011816,0.0799747,0.022167,0.0214854,0.01568,0.01568,0.00947936,0.00121197,0.104744,0.000402527,0.00345574,0.175332,0.015934,0.015934,0.0763398,0.0325604,0.251949,0.19465,0.0528433,0.0585748,0.031303,0.031303,0.031303,0.00862033,0.0247359,0.00269028,0.00277786,0.120011,0.0352007,6.71662e-05,0.0955307,0.150001,0.234751,0.0532449,0.157154,0.024002,0.024002,0.015934,0.015934,0.0353003,0.024002,0.0609479,0.00494683,0.000496208,0.147448,0.147448,
0.145,0.00459307,0.00807671,0.056038,0.0945012,0.0142037,0.0488269,0.022847,0.022847,0.0730653,0.0509434,0.0668931,0.0704861,0.414188,0.0930309,0.020939,0.020939,0.020939,0.019043,0.367371,5.21296e-05,0.0168614,0.443192,0.0853546,0.23649,0.18709,0.119547,0.0820511,0.106439,0.426347,0.01158,0.01158,0.022847,0.022847,0.0496174,0.01158,0.0779325,0.03052,0.0683174,0.015025,0.015025,0.00858863,0.0011017,0.0948123,0.000366722,0.00313594,0.167593,0.016156,0.016156,0.0792684,0.0400378,0.230543,0.175258,0.0484646,0.0571071,0.030969,0.030969,0.030969,0.00810566,0.0251739,0.00294464,0.0025462,0.117251,0.0356885,6.40596e-05,0.0886405,0.14027,0.213573,0.0533186,0.149186,0.024365,0.024365,0.016156,0.016156,0.0318812,0.024365,0.0601265,0.00643415,0.0492081,0.142971,0.142971,
0.15,0.00393975,0.00669333,0.0454378,0.0999974,0.0127707,0.0378376,0.021824,0.021824,0.0370092,0.0417524,0.0681477,0.0591498,0.439005,0.0922318,0.02045,0.02045,0.02045,0.0191905,0.380416,5.41616e-05,0.017571,0.461436,0.0847102,0.250857,0.190193,0.119315,0.0682712,0.106388,0.430635,0.011403,0.011403,0.021824,0.021824,0.0110605,0.011403,0.0790179,0.0196811,0.0187461,0.015252,0.015252,0.00740372,0.00117041,0.0785355,0.000407463,0.00290945,0.163206,0.016331,0.016331,0.0744923,0.0329633,0.221992,0.179624,0.0515045,0.0542664,0.030186,0.030186,0.030186,0.0083256,0.0246927,0.00272608,0.00269503,0.11812,0.0333384,6.2144e-05,0.0926013,0.141908,0.209454,0.0508115,0.124789,0.024795,0.024795,0.016331,0.016331,0.0334065,0.024795,0.0663298,0.00455217,3.43167e-06,0.134842,0.134842,
0.155,0.0022363,0.00304864,0.0206206,0.0953557,0.00820682,0.0246049,0.020665,0.020665,0.0354022,0.0371484,0.0653468,0.0591789,0.4273,0.0865304,0.020348,0.020348,0.020348,0.0191352,0.375297,6.0714e-05,0.0170639,0.451777,0.0799556,0.241402,0.171116,0.109652,0.0555057,0.0990213,0.401837,0.011284,0.011284,0.020665,0.020665,0.0149736,0.011284,0.0801406,0.0179081,0.0152719,0.016405,0.016405,0.00403155,0.00112648,0.0356421,0.00039517,0.00192445,0.145718,0.016483,0.016483,0.0718372,0.0333935,0.182864,0.174069,0.0495916,0.048809,0.029042,0.029042,0.029042,0.00803426,0.0255933,0.00294008,0.00258879,0.118618,0.0312202,6.71449e-05,0.0895363,0.131036,0.181698,0.0465706,0.0729651,0.025215,0.025215,0.016483,0.016483,0.0317676,0.025215,0.0671497,0.00509169,3.81246e-06,0.12364,0.12364,
0.16,0.00152095,0.00153287,0.0103081,0.0940138,0.00633421,0.0183844,0.019507,0.019507,0.0328162,0.0318979,0.0634693,0.0578312,0.422643,0.0833631,0.020666,0.020666,0.020666,0.0191399,0.373761,5.76319e-05,0.0169181,0.449144,0.076164,0.238935,0.163494,0.105062,0.0417724,0.094977,0.389359,0.011231,0.011231,0.019507,0.019507,0.0120595,0.011231,0.0764712,0.0156823,0.0139082,0.018461,0.018461,0.00263544,0.0011133,0.017816,0.000391049,0.00150845,0.138233,0.016647,0.016647,0.0689268,0.0310148,0.163828,0.164655,0.0489533,0.0453167,0.027696,0.027696,0.027696,0.00793748,0.0258431,0.00301206,0.00255649,0.118993,0.0290948,6.37728e-05,0.0886966,0.125617,0.164991,0.0435473,0.0513434,0.025579,0.025579,0.016647,0.016647,0.0306974,0.025579,0.0651769,0.00473501,3.78626e-06,0.110228,0.110228,
0.165,0.00175349,0.00198303,0.0147006,0.0954456,0.00697246,0.0291612,0.018488,0.018488,0.0693396,0.0355934,0.0699437,0.079817,0.435663,0.0921619,0.02144,0.02144,0.02144,0.0199454,0.387605,7.88271e-05,0.0173581,0.462343,0.0879684,0.242532,0.168829,0.114505,0.0793125,0.103337,0.404538,0.011254,0.011254,0.018488,0.018488,0.0637407,0.011254,0.0728001,0.0294898,0.0685002,0.021326,0.021326,0.00307436,0.00113025,0.0231328,0.000404598,0.00166703,0.151942,0.01687,0.01687,0.0810007,0.0402262,0.184473,0.195748,0.0506502,0.0532979,0.026377,0.026377,0.026377,0.00816439,0.0276661,0.00326363,0.00261385,0.124052,0.0357158,8.99108e-05,0.0907152,0.134788,0.191669,0.0521784,0.0634889,0.025875,0.025875,0.01687,0.01687,0.0326777,0.025875,0.0695989,0.00895675,0.0540179,0.095681,0.095681,
0.17,0.00262301,0.00378765,0.0256762,0.0947875,0.00910543,0.0275197,0.017754,0.017754,0.0342552,0.0320634,0.0641934,0.0599048,0.425197,0.0861258,0.02271,0.02271,0.02271,0.0200715,0.383067,6.45893e-05,0.0172677,0.458698,0.0798688,0.240004,0.17518,0.110641,0.0650533,0.098918,0.418539,0.011361,0.011361,0.017754,0.017754,0.0151425,0.011361,0.0762865,0.017702,0.0168941,0.024821,0.024821,0.00469821,0.00112239,0.0443428,0.000373212,0.00201506,0.14605,0.017203,0.017203,0.0701386,0.0287778,0.191685,0.17867,0.048781,0.0495168,0.025358,0.025358,0.025358,0.00822501,0.0276258,0.00334762,0.00257476,0.124553,0.0314538,6.96443e-05,0.0903549,0.130652,0.188237,0.046197,0.0865695,0.026138,0.026138,0.017203,0.017203,0.0317223,0.026138,0.0582559,0.00516836,0.0011243,0.081223,0.081223,
0.175,0.00368142,0.00618202,0.0419564,0.0951343,0.0119377,0.0359531,0.017466,0.017466,0.0337936,0.0361589,0.0635697,0.0582137,0.417107,0.0872922,0.024522,0.024522,0.024522,0.0187515,0.366587,6.01838e-05,0.0168782,0.444527,0.080794,0.238956,0.183117,0.113851,0.0746451,0.100964,0.422795,0.011552,0.011552,0.017466,0.017466,0.0133225,0.011552,0.0706183,0.0189882,0.0176877,0.028708,0.028708,0.00687837,0.00112283,0.0725341,0.00036608,0.0026176,0.154047,0.017711,0.017711,0.0688693,0.0274155,0.214008,0.180748,0.0485481,0.0518415,0.024912,0.024912,0.024912,0.00802355,0.0245214,0.00279343,0.00255794,0.115579,0.0318605,6.68454e-05,0.0887392,0.134527,0.204371,0.0469919,0.117362,0.026424,0.026424,0.017711,0.017711,0.0321424,0.026424,0.053147,0.00484229,2.06934e-07,0.068117,0.068117,
0.18,0.00461062,0.00811914,0.0551593,0.0951664,0.0143001,0.0447941,0.017772,0.017772,0.0314927,0.0314462,0.0659316,0.062692,0.421304,0.0894569,0.02691,0.02691,0.02691,0.0194116,0.374654,7.74426e-05,0.0170818,0.450945,0.0856552,0.238291,0.189543,0.118299,0.112136,0.104015,0.431443,0.011817,0.011817,0.017772,0.017772,0.0211755,0.011817,0.0675795,0.0203049,0.0192057,0.032717,0.032717,0.00864961,0.00111101,0.0953422,0.000366775,0.00311812,0.1599,0.01847,0.01847,0.0700707,0.0242022,0.243519,0.207508,0.048822,0.055683,0.025279,0.025279,0.025279,0.00819883,0.0261859,0.00306017,0.00257415,0.119546,0.0338484,8.27557e-05,0.0895987,0.138211,0.234048,0.0509547,0.147443,0.02679,0.02679,0.01847,0.01847,0.0338736,0.02679,0.0523729,0.00638333,5.17271e-07,0.057406,0.057406,
0.185,0.00443402,0.00783961,0.0532493,0.0936361,0.0138517,0.0422498,0.018784,0.018784,0.0330478,0.0362306,0.0631069,0.0579634,0.4083,0.086761,0.029881,0.029881,0.029881,0.018257,0.357781,6.19386e-05,0.016537,0.434449,0.0808156,0.234163,0.184931,0.114395,0.0895016,0.100877,0.417258,0.012129,0.012129,0.018784,0.018784,0.0150181,0.012129,0.0675836,0.019392,0.0187806,0.036568,0.036568,0.00836787,0.00109471,0.09205,0.000358031,0.00302735,0.156792,0.019576,0.019576,0.0676204,0.0255226,0.230128,0.186141,0.0477154,0.0528895,0.026663,0.026663,0.026663,0.00789375,0.0237177,0.00267035,0.00251476,0.112215,0.0317387,6.86245e-05,0.087033,0.134648,0.217171,0.0478728,0.140444,0.027268,0.027268,0.019576,0.019576,0.0323209,0.027268,0.0508918,0.00510225,8.62267e-08,0.049781,0.049781,
0.19,0.00430146,0.00747842,0.0507854,0.092592,0.0134062,0.041204,0.020573,0.020573,0.0334024,0.0351141,0.0635724,0.058637,0.409188,0.0867432,0.033403,0.033403,0.033403,0.0189356,0.364338,6.59761e-05,0.016626,0.43866,0.0816477,0.232092,0.183171,0.113964,0.0929504,0.100734,0.420168,0.012439,0.012439,0.020573,0.020573,0.0167235,0.012439,0.0714824,0.019553,0.0183555,0.039981,0.039981,0.00802698,0.00108383,0.0877888,0.000356513,0.00293089,0.154441,0.021138,0.021138,0.0689849,0.0265519,0.227475,0.188463,0.0473315,0.05322,0.029208,0.029208,0.029208,0.00798557,0.025452,0.00299659,0.0025016,0.116689,0.0325912,7.13857e-05,0.0872427,0.133765,0.216251,0.0487723,0.137444,0.027865,0.027865,0.021138,0.021138,0.0321858,0.027865,0.0533503,0.00538083,4.06355e-07,0.045625,0.045625,
0.195,0.00385197,0.00664412,0.0466576,0.0922283,0.0123556,0.0465915,0.023169,0.023169,0.0758796,0.0420964,0.0659944,0.0779315,0.405138,0.0909702,0.037423,0.037423,0.037423,0.018037,0.355149,6.9208e-05,0.016337,0.430167,0.0856877,0.231224,0.178175,0.116556,0.099492,0.103349,0.404575,0.012695,0.012695,0.023169,0.023169,0.0679745,0.012695,0.0618213,0.0326311,0.0808694,0.042692,0.042692,0.00726743,0.0010792,0.0780056,0.000359455,0.00272385,0.162204,0.023267,0.023267,0.0765271,0.0359992,0.223086,0.19322,0.0478568,0.0558259,0.032982,0.032982,0.032982,0.00774902,0.0236684,0.00265438,0.0024851,0.111134,0.0350352,8.26864e-05,0.0858392,0.136078,0.216185,0.0518734,0.127103,0.028555,0.028555,0.023267,0.023267,0.0321482,0.028555,0.0532383,0.00857369,0.0631726,0.045045,0.045045,
0.2,0.00457193,0.00785387,0.0533256,0.0958089,0.0140649,0.0434368,0.02657,0.02657,0.0356348,0.0354195,0.0667252,0.0618564,0.429003,0.0905173,0.041864,0.041864,0.041864,0.0209031,0.391586,7.24269e-05,0.0175991,0.466668,0.0856667,0.24068,0.19115,0.118967,0.102368,0.105204,0.445799,0.012859,0.012859,0.02657,0.02657,0.0185372,0.012859,0.0797189,0.0203072,0.0190811,0.044501,0.044501,0.00841204,0.00111938,0.0921807,0.000365787,0.00304691,0.159781,0.026051,0.026051,0.0731828,0.0279073,0.238956,0.199028,0.0489435,0.0560072,0.037949,0.037949,0.037949,0.00854191,0.0292262,0.00363155,0.00260521,0.129195,0.0346725,7.63254e-05,0.0920131,0.138862,0.227012,0.0518418,0.14765,0.029305,0.029305,0.026051,0.026051,0.0335227,0.029305,0.0566886,0.00580497,0,0.047915,0.047915,
0.205,0.00461235,0.00782213,0.0531006,0.0907761,0.0138661,0.0428012,0.03074,0.03074,0.0367149,0.0347338,0.0659308,0.0594009,0.416801,0.0885879,0.046605,0.046605,0.046605,0.0217072,0.392572,7.11761e-05,0.0172381,0.46008,0.0849926,0.22867,0.184863,0.115817,0.102265,0.102821,0.443575,0.01291,0.01291,0.03074,0.03074,0.0179438,0.01291,0.0883493,0.0202384,0.0183711,0.045291,0.045291,0.00831548,0.0010602,0.0917842,0.000353634,0.00301894,0.153128,0.029562,0.029562,0.0749643,0.0307225,0.231848,0.190374,0.0465546,0.0559674,0.043956,0.043956,0.043956,0.00850741,0.0318844,0.00420661,0.00249893,0.134568,0.0359114,7.24923e-05,0.0896837,0.134405,0.21907,0.0532432,0.150913,0.030088,0.030088,0.029562,0.029562,0.031898,0.030088,0.0623606,0.00555432,1.05199e-06,0.05393,0.05393,
0.21,0.00439234,0.00730911,0.0496057,0.0955509,0.0134609,0.0424016,0.035593,0.035593,0.0377613,0.0359922,0.0698105,0.0645157,0.439552,0.0938505,0.05145,0.05145,0.05145,0.0222851,0.408489,8.29319e-05,0.0180005,0.480342,0.0915438,0.240927,0.192811,0.122021,0.112365,0.108625,0.465863,0.012844,0.012844,0.035593,0.035593,0.0233577,0.012844,0.0901382,0.0224847,0.0186158,0.045037,0.045037,0.00791561,0.00112696,0.085743,0.000375662,0.0029498,0.159626,0.033836,0.033836,0.0794373,0.0331376,0.239093,0.209327,0.0492726,0.0594424,0.050696,0.050696,0.050696,0.00881651,0.0324474,0.0041958,0.0026273,0.138089,0.0388483,8.47209e-05,0.0936675,0.142062,0.231758,0.0561681,0.143811,0.030877,0.030877,0.033836,0.033836,0.0340045,0.030877,0.0656023,0.00656677,1.48379e-06,0.06261,0.06261,
0.215,0.00507978,0.00859642,0.0583592,0.0927047,0.0149617,0.0467416,0.04099,0.04099,0.0379346,0.0327899,0.0690946,0.0630464,0.43345,0.092797,0.056134,0.056134,0.056134,0.0238788,0.419909,8.23721e-05,0.0181177,0.486368,0.0908434,0.233942,0.194268,0.12178,0.120797,0.107828,0.477922,0.012671,0.012671,0.04099,0.04099,0.0212449,0.012671,0.0954164,0.0217774,0.0192321,0.043808,0.043808,0.00904831,0.00108594,0.100873,0.000355564,0.0032118,0.158322,0.038848,0.038848,0.0797344,0.0314422,0.248376,0.206164,0.0474958,0.0602685,0.057718,0.057718,0.057718,0.00906506,0.0363397,0.0049847,0.00257349,0.148308,0.0394796,8.13001e-05,0.0938237,0.139971,0.235428,0.0575139,0.167859,0.031632,0.031632,0.038848,0.038848,0.0331782,0.031632,0.0642952,0.00625403,3.70877e-07,0.073275,0.073275,
0.22,0.00476859,0.00781665,0.0540352,0.0980032,0.0142978,0.0501634,0.046745,0.046745,0.0663508,0.0358748,0.0757247,0.0796383,0.461885,0.10265,0.060357,0.060357,0.060357,0.0253661,0.44696,9.23738e-05,0.0192093,0.516666,0.101809,0.248,0.203838,0.132206,0.129828,0.117292,0.513354,0.012413,0.012413,0.046745,0.046745,0.054642,0.012413,0.0957445,0.0320749,0.059754,0.041776,0.041776,0.00841265,0.001163,0.091701,0.000382671,0.00308298,0.171315,0.04449,0.04449,0.0917261,0.040536,0.2541,0.222407,0.0508086,0.0669802,0.064485,0.064485,0.064485,0.00957437,0.0387639,0.00531292,0.0027274,0.157695,0.045716,9.54805e-05,0.0993555,0.151208,0.246006,0.0643565,0.162088,0.032296,0.032296,0.04449,0.04449,0.0349278,0.032296,0.0700731,0.00867398,0.0403918,0.08509,0.08509,
0.225,0.00569002,0.0095679,0.0649483,0.100282,0.0165599,0.0489347,0.052593,0.052593,0.0432843,0.0367629,0.075229,0.0618323,0.472498,0.1025,0.063823,0.063823,0.063823,0.0270499,0.46564,6.62245e-05,0.0199067,0.534921,0.0987878,0.253412,0.215046,0.133786,0.0981888,0.118482,0.546053,0.012101,0.012101,0.052593,0.052593,0.0083119,0.012101,0.112854,0.0229399,0.021008,0.039206,0.039206,0.0100197,0.00118723,0.112255,0.000392779,0.00358257,0.172426,0.050558,0.050558,0.0906665,0.0388499,0.258227,0.191429,0.0510904,0.0664894,0.070489,0.070489,0.070489,0.0100811,0.0416055,0.00587344,0.00279621,0.168048,0.0450329,6.42353e-05,0.103035,0.153567,0.23529,0.0642127,0.189011,0.03279,0.03279,0.050558,0.050558,0.0338189,0.03279,0.0773325,0.00434737,1.60055e-06,0.097188,0.097188,
0.23,0.00611735,0.0102561,0.0696468,0.100068,0.01749,0.0559513,0.058178,0.058178,0.0399628,0.0261298,0.0812329,0.0741089,0.49128,0.107578,0.066305,0.066305,0.066305,0.0294933,0.497071,0.000113416,0.0206747,0.561405,0.111251,0.253594,0.221151,0.141106,0.168413,0.124538,0.571994,0.011765,0.011765,0.058178,0.058178,0.0299439,0.011765,0.114656,0.0266074,0.0215142,0.036399,0.036399,0.0106645,0.00118314,0.120355,0.000398742,0.00376824,0.175664,0.05676,0.05676,0.0967898,0.0369005,0.291591,0.251851,0.0519646,0.0738676,0.075273,0.075273,0.075273,0.0105895,0.0476317,0.00686998,0.00284385,0.183672,0.051234,0.00010691,0.106137,0.159473,0.280995,0.0723906,0.206183,0.033032,0.033032,0.05676,0.05676,0.0372964,0.033032,0.0810329,0.00833796,2.65397e-06,0.108767,0.108767,
0.235,0.00430005,0.00669456,0.0453948,0.12633,0.0141378,0.0437173,0.063095,0.063095,0.0453753,0.0433019,0.0891203,0.0822587,0.573282,0.121332,0.067698,0.067698,0.067698,0.0273239,0.517183,9.98436e-05,0.0231734,0.616036,0.11739,0.319143,0.246292,0.156361,0.11408,0.139371,0.601712,0.011439,0.011439,0.063095,0.063095,0.0245792,0.011439,0.104873,0.0282503,0.0222972,0.033657,0.033657,0.00776242,0.00151767,0.0784678,0.000500572,0.00313219,0.202714,0.062732,0.062732,0.100599,0.0421873,0.279787,0.258883,0.0651784,0.0742461,0.078475,0.078475,0.078475,0.0111373,0.0381026,0.00467421,0.00344316,0.169098,0.0493234,0.000105067,0.121045,0.183647,0.276732,0.0687295,0.14087,0.032966,0.032966,0.062732,0.062732,0.0434211,0.032966,0.0813103,0.00772036,2.16149e-06,0.119159,0.119159,
0.24,0.00573195,0.00852068,0.0577599,0.0986188,0.0156899,0.0497448,0.066984,0.066984,0.0451858,0.0164108,0.0849185,0.0764719,0.522325,0.110647,0.068018,0.068018,0.068018,0.0378394,0.587473,0.000124313,0.0230151,0.638943,0.116004,0.254658,0.225147,0.143825,0.167948,0.127555,0.650002,0.01116,0.01116,0.066984,0.066984,0.0268004,0.01116,0.15033,0.0254086,0.0199469,0.03127,0.03127,0.00906596,0.00118017,0.0998162,0.000377126,0.003206,0.16634,0.068163,0.068163,0.107861,0.0412123,0.278116,0.24848,0.0508786,0.07698,0.079884,0.079884,0.079884,0.0122573,0.0660532,0.0103151,0.00291081,0.237803,0.0572833,0.000106947,0.116256,0.158213,0.266811,0.0782308,0.205278,0.032615,0.032615,0.068163,0.068163,0.0361317,0.032615,0.0909987,0.00806771,3.00764e-06,0.127789,0.127789,
0.245,0.0041011,0.0057321,0.0388349,0.121438,0.0130165,0.0396007,0.069639,0.069639,0.0436099,0.0281836,0.0922998,0.0817359,0.584023,0.122376,0.067362,0.067362,0.067362,0.0324083,0.567859,0.000106133,0.0241096,0.651867,0.12194,0.309871,0.242942,0.156523,0.115907,0.139548,0.640136,0.010966,0.010966,0.069639,0.069639,0.0200915,0.010966,0.123915,0.0265552,0.0208735,0.029479,0.029479,0.00682444,0.00146637,0.0670952,0.000503346,0.00289436,0.192471,0.072839,0.072839,0.108839,0.0449148,0.267089,0.251966,0.0633263,0.07675,0.079445,0.079445,0.079445,0.011976,0.0502123,0.00696741,0.00340865,0.202124,0.0545767,0.000103458,0.124506,0.180281,0.264008,0.075208,0.142991,0.032092,0.032092,0.072839,0.072839,0.0414368,0.032092,0.0971013,0.00745443,5.15603e-06,0.134147,0.134147,
0.25,0.00543313,0.00677516,0.0457762,0.0987515,0.0140043,0.0408158,0.070999,0.070999,0.0571008,0.0153188,0.0905081,0.0721951,0.564657,0.116507,0.065868,0.065868,0.065868,0.0476504,0.695118,0.000106389,0.0259276,0.731992,0.120318,0.260261,0.23265,0.148305,0.125382,0.133167,0.747797,0.010877,0.010877,0.070999,0.070999,0.00859163,0.010877,0.205948,0.0234614,0.0185744,0.028435,0.028435,0.00746243,0.0011971,0.0791036,0.00037947,0.00275133,0.159635,0.076606,0.076606,0.125695,0.0551437,0.250359,0.207082,0.0505063,0.0805922,0.07725,0.07725,0.07725,0.0143124,0.0870665,0.0142669,0.00303729,0.301224,0.0648743,7.78411e-05,0.129354,0.159815,0.22808,0.0865139,0.20802,0.031562,0.031562,0.076606,0.076606,0.033139,0.031562,0.117027,0.00512553,3.43329e-07,0.137835,0.137835,
0.255,0.00370873,0.00435339,0.0295568,0.114905,0.0113098,0.0357462,0.07111,0.07111,0.0489373,0.0193984,0.0943049,0.0845746,0.587315,0.122293,0.063719,0.063719,0.063719,0.0372266,0.612914,0.000120796,0.0248022,0.681802,0.125706,0.296675,0.235708,0.154721,0.128336,0.138668,0.670094,0.010906,0.010906,0.07111,0.07111,0.0274286,0.010906,0.146449,0.0273802,0.0246203,0.028181,0.028181,0.00548856,0.00139691,0.0508056,0.000484862,0.00247681,0.180032,0.079324,0.079324,0.11693,0.0497491,0.2535,0.253776,0.0604682,0.0789044,0.073531,0.073531,0.073531,0.0126908,0.0620782,0.00923966,0.00332384,0.233653,0.0596421,0.000110389,0.126531,0.174861,0.25434,0.0806094,0.139031,0.031179,0.031179,0.079324,0.079324,0.0397121,0.031179,0.108766,0.00828728,0.00572178,0.138707,0.138707,
0.26,0.00455024,0.0043825,0.0294398,0.10216,0.011454,0.0358365,0.070092,0.070092,0.0625166,0.0146056,0.0978855,0.0838083,0.60621,0.124283,0.061142,0.061142,0.061142,0.052327,0.757294,0.000143844,0.0278158,0.791356,0.132976,0.271986,0.238896,0.155971,0.157578,0.141562,0.803028,0.011063,0.011063,0.070092,0.070092,0.0254741,0.011063,0.22984,0.0276506,0.0171561,0.028682,0.028682,0.00534244,0.00125931,0.0508725,0.000392109,0.00215243,0.15934,0.080838,0.080838,0.13815,0.0628517,0.251538,0.248169,0.0528859,0.0870594,0.068678,0.068678,0.068678,0.0153934,0.0971157,0.0159811,0.00319221,0.331538,0.0726453,0.000109602,0.137914,0.167419,0.244468,0.0939514,0.185719,0.031061,0.031061,0.080838,0.080838,0.0360299,0.031061,0.128383,0.00796071,0,0.136912,0.136912,
0.265,0.00692402,0.0117773,0.0805013,0.113325,0.0199556,0.0638318,0.068114,0.068114,0.0569646,0.0311229,0.0924744,0.0830001,0.550453,0.123322,0.058397,0.058397,0.058397,0.0319822,0.546556,0.000103224,0.0229378,0.619626,0.125382,0.286445,0.249101,0.160392,0.158814,0.141347,0.638142,0.011349,0.011349,0.068114,0.068114,0.0353757,0.011349,0.123254,0.0325045,0.0446626,0.029829,0.029829,0.0122159,0.00134076,0.138245,0.000477093,0.00441983,0.203138,0.081007,0.081007,0.112294,0.0466943,0.318167,0.25475,0.05923,0.0835553,0.063196,0.063196,0.063196,0.0116899,0.0506414,0.00719936,0.00321036,0.19872,0.0583008,0.000100646,0.118283,0.181898,0.299387,0.0830524,0.233262,0.031279,0.031279,0.081007,0.081007,0.0403173,0.031279,0.099246,0.00815939,0.0201621,0.1329,0.1329,
0.27,0.00624874,0.00911201,0.0632462,0.0983998,0.0165778,0.0583527,0.065377,0.065377,0.0972955,0.029991,0.0911204,0.0909512,0.539007,0.120788,0.055737,0.055737,0.055737,0.0423247,0.634956,0.000110124,0.0242896,0.67876,0.124833,0.255726,0.233624,0.15328,0.15561,0.136915,0.706508,0.011762,0.011762,0.065377,0.065377,0.064597,0.011762,0.17725,0.0392726,0.0826148,0.031434,0.031434,0.00958941,0.00118375,0.106695,0.000376985,0.00336862,0.178481,0.079791,0.079791,0.128022,0.0613815,0.27873,0.226323,0.050843,0.0852294,0.057624,0.057624,0.057624,0.0132213,0.0755798,0.0121323,0.00295896,0.266568,0.0661507,9.47322e-05,0.121979,0.166435,0.257586,0.088899,0.230947,0.031855,0.031855,0.079791,0.079791,0.0344621,0.031855,0.106852,0.00891766,0.0622139,0.127371,0.127371,
0.275,0.0090169,0.0169255,0.115038,0.113439,0.0258151,0.0781642,0.062117,0.062117,0.0524982,0.0625518,0.0835562,0.0673254,0.50353,0.11683,0.05337,0.05337,0.05337,0.0246483,0.456707,6.50929e-05,0.0206737,0.542613,0.111424,0.280733,0.253903,0.155604,0.1421,0.137023,0.576017,0.012293,0.012293,0.062117,0.062117,0.015068,0.012293,0.113535,0.0304515,0.0285385,0.033237,0.033237,0.016881,0.00131055,0.198838,0.000441709,0.00568366,0.215741,0.077316,0.077316,0.0979861,0.0445417,0.349561,0.227287,0.0574446,0.078866,0.052401,0.052401,0.052401,0.0103034,0.0339459,0.00424084,0.00308051,0.150794,0.0490774,7.01936e-05,0.108489,0.181273,0.311241,0.0735889,0.285329,0.032784,0.032784,0.077316,0.077316,0.0400638,0.032784,0.0810877,0.00516838,2.13315e-06,0.121123,0.121123,
0.28,0.00615092,0.00927777,0.0657882,0.0995554,0.016699,0.0637675,0.058631,0.058631,0.135025,0.0411212,0.0908681,0.100818,0.525231,0.121441,0.051402,0.051402,0.051402,0.0391245,0.600246,8.09557e-05,0.0234339,0.649088,0.120102,0.25709,0.22625,0.151901,0.124676,0.135721,0.655623,0.012935,0.012935,0.058631,0.058631,0.0964266,0.012935,0.161438,0.047489,0.139639,0.034958,0.034958,0.00974738,0.0011743,0.108704,0.000398341,0.0035046,0.188583,0.073886,0.073886,0.129547,0.0687502,0.267884,0.196024,0.0518864,0.0826712,0.047839,0.047839,0.047839,0.012577,0.0682281,0.0107908,0.00294814,0.246073,0.0626358,7.72906e-05,0.118554,0.166033,0.239303,0.0874438,0.227715,0.034033,0.034033,0.073886,0.073886,0.0330395,0.034033,0.108254,0.00943473,0.118908,0.114914,0.114914,
0.285,0.00675014,0.0117389,0.079665,0.107799,0.0194612,0.0595978,0.05528,0.05528,0.0578844,0.0635374,0.0803539,0.0680176,0.49847,0.109629,0.049849,0.049849,0.049849,0.0273144,0.479922,7.34207e-05,0.0208927,0.557727,0.103845,0.270899,0.229799,0.142604,0.121507,0.128087,0.555746,0.013683,0.013683,0.05528,0.05528,0.0210091,0.013683,0.135577,0.0281032,0.0237179,0.036362,0.036362,0.0120902,0.00125297,0.137725,0.000408971,0.00422184,0.191067,0.069921,0.069921,0.097864,0.0492788,0.294997,0.215699,0.0546496,0.0714227,0.044107,0.044107,0.044107,0.0105206,0.0409289,0.0056143,0.00297614,0.1693,0.0465242,7.33949e-05,0.108435,0.166057,0.269217,0.068328,0.219061,0.035534,0.035534,0.069921,0.069921,0.0378536,0.035534,0.0845678,0.00568589,0,0.109357,0.109357,
0.29,0.00524036,0.00707258,0.0478091,0.0984414,0.0140432,0.0408128,0.052436,0.052436,0.061044,0.0374891,0.0838596,0.0663161,0.528057,0.109186,0.048648,0.048648,0.048648,0.0405175,0.613527,8.18064e-05,0.0237546,0.661361,0.107317,0.25624,0.219291,0.138452,0.0986036,0.125597,0.6558,0.014521,0.014521,0.052436,0.052436,0.00892137,0.014521,0.190931,0.0231197,0.0187783,0.0373,0.0373,0.00771992,0.00117058,0.0826447,0.000375942,0.00286295,0.160668,0.065812,0.065812,0.114141,0.0563289,0.240038,0.185675,0.0500376,0.0724131,0.041224,0.041224,0.041224,0.0128113,0.0713934,0.0114138,0.00292816,0.255468,0.0553727,6.26296e-05,0.119741,0.153625,0.215399,0.0763985,0.191826,0.037171,0.037171,0.065812,0.065812,0.0326674,0.037171,0.108585,0.0042786,0,0.104924,0.104924,
0.295,0.00447048,0.00703952,0.0476999,0.108519,0.0137981,0.0412832,0.050394,0.050394,0.0535421,0.0573856,0.0800744,0.0667329,0.50362,0.107907,0.04769,0.04769,0.04769,0.0260115,0.470941,6.723e-05,0.0206295,0.550654,0.102027,0.274612,0.215545,0.136925,0.0809221,0.124214,0.534143,0.015412,0.015412,0.050394,0.050394,0.0163214,0.015412,0.128584,0.0260444,0.0201496,0.037714,0.037714,0.00782477,0.00128695,0.0824567,0.000442627,0.00312196,0.17919,0.061872,0.061872,0.0972925,0.0517701,0.244032,0.198484,0.0559269,0.0665568,0.039114,0.039114,0.039114,0.0101577,0.0381005,0.00504384,0.0029945,0.161499,0.0452628,6.93018e-05,0.107322,0.161515,0.230376,0.0646662,0.146973,0.038786,0.038786,0.061872,0.061872,0.0364941,0.038786,0.0921491,0.00514233,3.79591e-06,0.10197,0.10197,
0.3,0.00476949,0.0060677,0.0426511,0.0930912,0.0126192,0.0456656,0.049354,0.049354,0.111915,0.0496755,0.0847518,0.0840577,0.509333,0.110806,0.046852,0.046852,0.046852,0.040313,0.603381,7.89387e-05,0.0230793,0.645169,0.108402,0.243521,0.206065,0.136526,0.098575,0.125082,0.630098,0.0163,0.0163,0.049354,0.049354,0.0640274,0.0163,0.193613,0.037157,0.0869301,0.037636,0.037636,0.00673516,0.00110214,0.0708156,0.000359933,0.00257123,0.162027,0.058376,0.058376,0.12351,0.0708443,0.224992,0.175614,0.0479948,0.0738063,0.037648,0.037648,0.037648,0.0125199,0.0719465,0.0116051,0.0027992,0.254694,0.0578719,6.63156e-05,0.115912,0.150295,0.202355,0.0796923,0.182772,0.040191,0.040191,0.058376,0.058376,0.0307636,0.040191,0.113361,0.00719443,0.0696185,0.100682,0.100682,
0.305,0.00363577,0.00527166,0.0356687,0.118391,0.0120751,0.0356583,0.049428,0.049428,0.0515438,0.0538957,0.0826797,0.0722096,0.538763,0.11252,0.046017,0.046017,0.046017,0.0265019,0.493129,7.24021e-05,0.0219732,0.584875,0.104886,0.300058,0.226143,0.142924,0.0709227,0.129155,0.559341,0.017126,0.017126,0.049428,0.049428,0.0156151,0.017126,0.119254,0.025574,0.0201085,0.037172,0.037172,0.00634955,0.00141769,0.0616747,0.000468293,0.00269501,0.186648,0.055604,0.055604,0.0970008,0.0480167,0.240635,0.211473,0.0607214,0.0666245,0.036671,0.036671,0.036671,0.0106203,0.0374127,0.0047476,0.00323161,0.164516,0.0446581,7.69711e-05,0.114669,0.169287,0.232308,0.0627165,0.119932,0.041209,0.041209,0.055604,0.055604,0.0390736,0.041209,0.0849872,0.00546971,1.78805e-06,0.100976,0.100976,
0.31,0.0046639,0.00565277,0.0381428,0.0916679,0.0121477,0.034751,0.050655,0.050655,0.0597306,0.0302206,0.0830422,0.0634606,0.516076,0.105583,0.045086,0.045086,0.045086,0.0421018,0.622021,8.14983e-05,0.0234338,0.658642,0.10562,0.241056,0.206118,0.132256,0.0912503,0.120695,0.647872,0.017834,0.017834,0.050655,0.050655,0.00680143,0.017834,0.200551,0.0213662,0.0167489,0.03648,0.03648,0.00633961,0.00109257,0.065916,0.000368942,0.00249283,0.146955,0.053861,0.053861,0.11606,0.0587287,0.216987,0.1718,0.0471561,0.0705947,0.036021,0.036021,0.036021,0.012828,0.0761734,0.0123919,0.00279892,0.266177,0.0563371,5.8266e-05,0.117329,0.145118,0.194571,0.0774937,0.177714,0.041718,0.041718,0.053861,0.053861,0.0301435,0.041718,0.118427,0.00397755,2.57297e-06,0.102573,0.102573,
0.315,0.00113685,0.00028837,0.00181222,0.112492,0.00576033,0.019145,0.053009,0.053009,0.0401835,0.0378245,0.081466,0.0767671,0.521988,0.105735,0.044006,0.044006,0.044006,0.0236597,0.460952,9.81984e-05,0.0205307,0.548322,0.103239,0.287009,0.196554,0.131103,0.0790582,0.11966,0.488128,0.018379,0.018379,0.053009,0.053009,0.0295796,0.018379,0.0994406,0.0238036,0.0154299,0.035749,0.035749,0.00175814,0.00135732,0.00311342,0.000491672,0.0015032,0.165211,0.053487,0.053487,0.0918004,0.044829,0.196838,0.230644,0.0597548,0.0604511,0.035567,0.035567,0.035567,0.00962919,0.0330427,0.00389513,0.00309317,0.14727,0.0421654,0.000103647,0.107144,0.156759,0.213515,0.0590569,0.0412454,0.041669,0.041669,0.053487,0.053487,0.0385762,0.041669,0.0907257,0.0081498,7.71853e-06,0.105057,0.105057,
0.32,0.0031438,0.00258175,0.0186692,0.101978,0.00883112,0.0354303,0.056411,0.056411,0.0955518,0.0320145,0.0907452,0.0953114,0.555825,0.117298,0.042781,0.042781,0.042781,0.0414495,0.637028,0.000121829,0.0245714,0.687587,0.12012,0.267728,0.214029,0.144503,0.12817,0.131778,0.664895,0.018727,0.018727,0.056411,0.056411,0.0707969,0.018727,0.17865,0.0368514,0.0736816,0.035197,0.035197,0.00370268,0.00123981,0.0298425,0.000400937,0.00174354,0.163438,0.054757,0.054757,0.125302,0.0640593,0.223304,0.23157,0.0534432,0.0771188,0.035244,0.035244,0.035244,0.0130266,0.0734398,0.0116099,0.00304584,0.262026,0.0615392,0.000108063,0.123499,0.15952,0.223573,0.0814974,0.13225,0.041083,0.041083,0.054757,0.054757,0.035356,0.041083,0.110068,0.0101634,0.0578939,0.107887,0.107887,
0.325,0.00515239,0.00879276,0.0597247,0.0983418,0.0154332,0.0478439,0.060729,0.060729,0.0381114,0.0344081,0.0765967,0.0655616,0.462444,0.101786,0.04148,0.04148,0.04148,0.0237637,0.431162,8.29222e-05,0.0187381,0.500653,0.101861,0.247611,0.204934,0.131703,0.119902,0.117107,0.500701,0.018854,0.018854,0.060729,0.060729,0.0204549,0.018854,0.0990181,0.0246149,0.0201491,0.035048,0.035048,0.00930064,0.00116134,0.103194,0.000422332,0.00351951,0.170262,0.057793,0.057793,0.0895551,0.039463,0.257435,0.21424,0.0515391,0.0665471,0.035059,0.035059,0.035059,0.00927448,0.0353057,0.00463922,0.00273766,0.147032,0.0451487,8.37968e-05,0.097431,0.15279,0.246695,0.0652823,0.169028,0.040046,0.040046,0.057793,0.057793,0.0349536,0.040046,0.084182,0.00643478,6.72655e-06,0.110485,0.110485,
0.33,0.00615917,0.00980528,0.0665106,0.100306,0.0171303,0.0503166,0.065733,0.065733,0.0497434,0.0329448,0.0808131,0.0645092,0.503614,0.109505,0.04022,0.04022,0.04022,0.0339538,0.541883,7.67184e-05,0.021965,0.600933,0.108479,0.256358,0.227979,0.142176,0.109683,0.126267,0.632024,0.018747,0.018747,0.065733,0.065733,0.00699872,0.018747,0.145669,0.0247701,0.0214444,0.035513,0.035513,0.0102339,0.00120329,0.114945,0.000384296,0.00359657,0.173282,0.062502,0.062502,0.104333,0.0458676,0.266526,0.195997,0.0508663,0.07395,0.035088,0.035088,0.035088,0.0115594,0.0565945,0.00865315,0.0028837,0.212355,0.0537036,6.60241e-05,0.11214,0.159647,0.240207,0.0734817,0.212264,0.03869,0.03869,0.062502,0.062502,0.0336939,0.03869,0.0897248,0.00424628,0.000266228,0.112346,0.112346,
0.335,0.00578777,0.00984711,0.0668562,0.0990783,0.0168222,0.0499039,0.071052,0.071052,0.0442088,0.0399756,0.0759136,0.0609707,0.467897,0.102439,0.039121,0.039121,0.039121,0.0262601,0.455893,6.40572e-05,0.0195246,0.523698,0.0991245,0.249962,0.212,0.133042,0.0986369,0.118298,0.53132,0.018403,0.018403,0.071052,0.071052,0.00934605,0.018403,0.115285,0.0234578,0.0210644,0.036734,0.036734,0.0102571,0.00116643,0.115541,0.000404556,0.00372241,0.172616,0.068586,0.068586,0.0919251,0.041943,0.258576,0.189266,0.050908,0.066702,0.035445,0.035445,0.035445,0.00987059,0.0401919,0.00561387,0.00276774,0.162965,0.0452508,6.27271e-05,0.101183,0.153389,0.235586,0.0654692,0.19119,0.037187,0.037187,0.068586,0.068586,0.0336435,0.037187,0.084266,0.00440462,3.95026e-06,0.113101,0.113101,
0.34,0.00459856,0.00676335,0.045816,0.105311,0.0135696,0.0393911,0.076208,0.076208,0.0462154,0.0320111,0.0802631,0.0667145,0.513539,0.109886,0.038291,0.038291,0.038291,0.0316056,0.526055,7.78977e-05,0.0218977,0.595198,0.10794,0.269243,0.225069,0.141297,0.0887055,0.125871,0.619702,0.01785,0.01785,0.076208,0.076208,0.00760159,0.01785,0.129915,0.0245852,0.0194865,0.038743,0.038743,0.00753523,0.0012855,0.0791949,0.000405393,0.00285658,0.171958,0.075568,0.075568,0.100907,0.0442546,0.241988,0.198817,0.0536043,0.0709892,0.036229,0.036229,0.036229,0.0111977,0.0506317,0.00744911,0.00297399,0.197415,0.051696,7.16177e-05,0.112472,0.16105,0.226445,0.0686319,0.159922,0.035719,0.035719,0.075568,0.075568,0.0346415,0.035719,0.0837227,0.00449556,3.25361e-07,0.112606,0.112606,
0.345,0.00263395,0.00311891,0.0214195,0.103313,0.00892396,0.0273939,0.080704,0.080704,0.0497006,0.0312362,0.0781655,0.0693241,0.494389,0.10542,0.037814,0.037814,0.037814,0.0267322,0.473649,7.37759e-05,0.0202524,0.546223,0.103465,0.264149,0.202865,0.132244,0.0641179,0.118913,0.546157,0.017142,0.017142,0.080704,0.080704,0.020594,0.017142,0.108187,0.0258143,0.031006,0.041442,0.041442,0.00419817,0.00126844,0.0363905,0.000436268,0.0020479,0.162401,0.082816,0.082816,0.0963061,0.0463579,0.200553,0.189515,0.0539389,0.0647071,0.037474,0.037474,0.037474,0.00998403,0.0406673,0.00557899,0.0028872,0.166682,0.0476561,7.46496e-05,0.10481,0.153673,0.198612,0.0633641,0.0946694,0.034474,0.034474,0.082816,0.082816,0.0335505,0.034474,0.0874533,0.00544787,0.014619,0.11098,0.11098,
0.35,0.00345751,0.0033673,0.0226438,0.0993721,0.00963219,0.0262935,0.084133,0.084133,0.0473645,0.0128243,0.0835618,0.0670662,0.536793,0.110452,0.037742,0.037742,0.037742,0.0404749,0.617415,8.87705e-05,0.0238715,0.666471,0.112128,0.260386,0.218166,0.139412,0.0786807,0.125022,0.68843,0.016352,0.016352,0.084133,0.084133,0.00177276,0.016352,0.165809,0.0217055,0.0160116,0.044643,0.044643,0.00436895,0.001237,0.0391242,0.000389761,0.00189822,0.151734,0.08962,0.08962,0.11271,0.049107,0.205727,0.185309,0.0509257,0.0724296,0.039157,0.039157,0.039157,0.0127422,0.0711335,0.0113257,0.0029553,0.255294,0.0584762,6.95744e-05,0.120307,0.153736,0.193657,0.0749593,0.137763,0.033634,0.033634,0.08962,0.08962,0.031585,0.033634,0.101288,0.00401225,1.02979e-06,0.108575,0.108575,
0.355,0.00264622,0.00334831,0.0245433,0.0899294,0.00861871,0.0361405,0.086229,0.086229,0.0839062,0.0253513,0.0768566,0.0845284,0.445913,0.103029,0.038099,0.038099,0.038099,0.0249578,0.434807,8.61397e-05,0.0181486,0.49275,0.106246,0.230269,0.182753,0.127113,0.09632,0.113821,0.503478,0.015553,0.015553,0.086229,0.086229,0.0744262,0.015553,0.0908344,0.0382913,0.0913564,0.04811,0.04811,0.00424229,0.00110872,0.0391597,0.00040672,0.00204394,0.155981,0.095349,0.095349,0.100683,0.052078,0.195833,0.194678,0.0484759,0.0671482,0.041221,0.041221,0.041221,0.00904153,0.0394775,0.00552855,0.00256016,0.155742,0.0514361,9.13751e-05,0.0934286,0.144727,0.199822,0.0680628,0.100925,0.033344,0.033344,0.095349,0.095349,0.0305783,0.033344,0.0881628,0.00922508,0.0765631,0.10591,0.10591,
0.36,0.00535512,0.00770863,0.0522177,0.0945232,0.0145312,0.0435806,0.086859,0.086859,0.046911,0.0192106,0.0816674,0.0674004,0.504872,0.10962,0.038873,0.038873,0.038873,0.037473,0.574168,9.94893e-05,0.0223736,0.621634,0.114118,0.244763,0.22263,0.141203,0.12636,0.125554,0.669512,0.014808,0.014808,0.086859,0.086859,0.0124728,0.014808,0.155095,0.0256222,0.0187481,0.051608,0.051608,0.00825933,0.00116489,0.0902435,0.000360826,0.0029566,0.159825,0.099524,0.099524,0.109491,0.0465773,0.250447,0.20859,0.0482748,0.0765756,0.043623,0.043623,0.043623,0.0120183,0.065488,0.0103538,0.00279542,0.235419,0.059448,8.18252e-05,0.11292,0.155568,0.234178,0.0771888,0.193521,0.033656,0.033656,0.099524,0.099524,0.0324803,0.033656,0.0926178,0.00538528,1.14294e-07,0.103569,0.103569,
0.365,0.00635696,0.0113392,0.0770406,0.100315,0.0185561,0.0558313,0.086026,0.086026,0.0421044,0.0425328,0.0766633,0.061712,0.46294,0.106766,0.040008,0.040008,0.040008,0.0237397,0.429361,6.84109e-05,0.0188986,0.501733,0.105921,0.250984,0.222365,0.139517,0.112641,0.123288,0.54808,0.014171,0.014171,0.086026,0.086026,0.0120821,0.014171,0.101828,0.0276382,0.0223975,0.054906,0.054906,0.011632,0.00120389,0.133142,0.000409491,0.00413264,0.182076,0.101775,0.101775,0.0929656,0.0424249,0.277464,0.202854,0.0515193,0.0719463,0.04632,0.04632,0.04632,0.00943826,0.034393,0.00451506,0.00276315,0.146099,0.0490927,7.01566e-05,0.0985393,0.161773,0.256037,0.0679621,0.2053,0.034515,0.034515,0.101775,0.101775,0.0346776,0.034515,0.0794124,0.00479712,4.15341e-06,0.10214,0.10214,
0.37,0.00673352,0.0105067,0.0712336,0.0894285,0.0177147,0.0521018,0.083844,0.083844,0.0537754,0.0298469,0.0806102,0.0604753,0.486184,0.110008,0.041382,0.041382,0.041382,0.0380896,0.568922,8.21898e-05,0.0218887,0.60894,0.114113,0.230959,0.226671,0.14207,0.121958,0.126566,0.68625,0.013687,0.013687,0.083844,0.083844,0.00572268,0.013687,0.172183,0.0274973,0.0202347,0.057781,0.057781,0.0107251,0.00110184,0.123117,0.00033775,0.00364488,0.162329,0.101847,0.101847,0.113805,0.0536215,0.263327,0.18578,0.0451324,0.0797719,0.049238,0.049238,0.049238,0.0120285,0.0673788,0.0108511,0.00267163,0.239043,0.0623696,6.25233e-05,0.110168,0.155954,0.234149,0.0808502,0.237291,0.035762,0.035762,0.101847,0.101847,0.0303222,0.035762,0.0989069,0.00371474,0,0.102172,0.102172,
0.375,0.00496939,0.00901873,0.0612875,0.0679961,0.0142065,0.0453413,0.08051,0.08051,0.0355943,0.0411348,0.0604132,0.0473322,0.329308,0.08135,0.042834,0.042834,0.042834,0.0163587,0.29862,6.58124e-05,0.0129081,0.343156,0.0863131,0.169492,0.157094,0.103753,0.112837,0.0935536,0.386467,0.013393,0.013393,0.08051,0.08051,0.02299,0.013393,0.0900409,0.0257777,0.0162171,0.060065,0.060065,0.00910104,0.000816669,0.105887,0.000322828,0.00337269,0.133395,0.099668,0.099668,0.0775442,0.0440896,0.213335,0.166708,0.036438,0.0584742,0.052255,0.052255,0.052255,0.00649853,0.0243779,0.00315375,0.00191324,0.10033,0.042207,6.60199e-05,0.0670948,0.121373,0.204953,0.0581735,0.159435,0.037162,0.037162,0.099668,0.099668,0.0257861,0.037162,0.080881,0.00534663,9.36835e-06,0.104081,0.104081,
0.38,0.0046327,0.00739715,0.0515262,0.0825557,0.0132261,0.0501687,0.076313,0.076313,0.0779374,0.0374576,0.0771024,0.0792455,0.425233,0.101279,0.044218,0.044218,0.044218,0.0257413,0.430635,0.000100408,0.0174994,0.477755,0.107807,0.210341,0.183283,0.126441,0.146094,0.114108,0.4953,0.013319,0.013319,0.076313,0.076313,0.072149,0.013319,0.116346,0.0382079,0.0713772,0.061642,0.061642,0.00782957,0.000991168,0.0867275,0.000377546,0.00305801,0.156123,0.095369,0.095369,0.1031,0.0563699,0.236348,0.214067,0.044702,0.0711853,0.05521,0.05521,0.05521,0.00901745,0.0426933,0.00622051,0.00239864,0.160571,0.0537168,9.92962e-05,0.0894217,0.143292,0.234601,0.0735503,0.162492,0.038468,0.038468,0.095369,0.095369,0.0310945,0.038468,0.0976481,0.00990287,0.0544416,0.108043,0.108043,
0.385,0.00584904,0.00963427,0.0653897,0.104333,0.0169135,0.0498566,0.071628,0.071628,0.0461833,0.0369457,0.0820228,0.0651653,0.504163,0.11163,0.045415,0.045415,0.045415,0.0296591,0.502879,7.33331e-05,0.0211602,0.571175,0.110582,0.264432,0.228789,0.144316,0.103889,0.128237,0.602453,0.013475,0.013475,0.071628,0.071628,0.00840821,0.013475,0.127193,0.0262374,0.0216001,0.062421,0.062421,0.0101328,0.00125483,0.113001,0.00042634,0.00371779,0.180886,0.089271,0.089271,0.102416,0.0466623,0.267704,0.20182,0.0536394,0.0740896,0.057929,0.057929,0.057929,0.0108095,0.046651,0.00670826,0.00294079,0.184407,0.0527375,6.92053e-05,0.109158,0.165215,0.246215,0.072629,0.196429,0.039484,0.039484,0.089271,0.089271,0.0351246,0.039484,0.091953,0.00456472,4.14626e-06,0.113913,0.113913,
0.39,0.00549351,0.0086828,0.0589145,0.0919959,0.015357,0.0447814,0.066876,0.066876,0.0429009,0.0257184,0.0778387,0.0591639,0.47012,0.103553,0.046333,0.046333,0.046333,0.0311312,0.499942,7.08257e-05,0.0201352,0.551212,0.104932,0.235263,0.208752,0.133094,0.099059,0.118424,0.582382,0.013852,0.013852,0.066876,0.066876,0.00478086,0.013852,0.134565,0.0232569,0.0191826,0.062333,0.062333,0.00910529,0.00110779,0.101788,0.000391185,0.00337828,0.159975,0.081854,0.081854,0.100888,0.0461073,0.241287,0.179723,0.0477063,0.0704148,0.060247,0.060247,0.060247,0.0105832,0.0521003,0.00792166,0.0026708,0.194579,0.0524972,6.1003e-05,0.102835,0.149764,0.219628,0.0721072,0.190325,0.040081,0.040081,0.081854,0.081854,0.0308411,0.040081,0.0972238,0.00394369,5.858e-06,0.121128,0.121128,
0.395,0.00489825,0.00750222,0.050896,0.0895,0.0138187,0.0405968,0.062454,0.062454,0.0417614,0.0248329,0.0784173,0.0590096,0.464305,0.101191,0.046935,0.046935,0.046935,0.0302615,0.489523,7.21782e-05,0.0196023,0.537423,0.103399,0.229421,0.196706,0.128374,0.0963864,0.115149,0.546516,0.014413,0.014413,0.062454,0.062454,0.00769199,0.014413,0.13597,0.0222687,0.0179271,0.061348,0.061348,0.00800132,0.00106694,0.0879048,0.000411896,0.00317587,0.153638,0.073735,0.073735,0.101048,0.0487439,0.227158,0.177532,0.0474053,0.0680036,0.062039,0.062039,0.062039,0.0102567,0.0509476,0.00769897,0.00262183,0.189354,0.0512133,6.2688e-05,0.100091,0.145151,0.210356,0.0721886,0.171491,0.040178,0.040178,0.073735,0.073735,0.0303369,0.040178,0.108079,0.00443341,9.99761e-06,0.128782,0.128782,
0.4,0.00707936,0.0132143,0.0914495,0.0858542,0.020142,0.0714671,0.058651,0.058651,0.0804276,0.0437973,0.0757957,0.0775429,0.405482,0.101844,0.047229,0.047229,0.047229,0.0206254,0.374647,7.77102e-05,0.0162628,0.431599,0.104639,0.213077,0.195903,0.131282,0.1569,0.115922,0.455717,0.015101,0.015101,0.058651,0.058651,0.0723593,0.015101,0.0870761,0.0395725,0.0868618,0.059493,0.059493,0.0131597,0.000988081,0.155279,0.000393937,0.0046422,0.178695,0.065578,0.065578,0.095577,0.0493568,0.287306,0.209918,0.0460456,0.0722594,0.063252,0.063252,0.063252,0.00819115,0.0307117,0.00399425,0.00240744,0.126626,0.0490379,8.57102e-05,0.0847184,0.15009,0.267497,0.0727663,0.232177,0.039736,0.039736,0.065578,0.065578,0.0323193,0.039736,0.087496,0.00922153,0.0649163,0.135872,0.135872,
0.405,0.00675384,0.0126309,0.0858858,0.0953253,0.019758,0.0592509,0.055629,0.055629,0.0370663,0.0421272,0.072237,0.0561828,0.427122,0.0984765,0.047258,0.047258,0.047258,0.0196423,0.375907,5.34539e-05,0.0170582,0.447001,0.095637,0.236286,0.206568,0.129699,0.107704,0.114147,0.466347,0.015838,0.015838,0.055629,0.055629,0.00940302,0.015838,0.0851605,0.0240474,0.0227445,0.056871,0.056871,0.012741,0.00110602,0.148406,0.000413996,0.00452669,0.177608,0.057937,0.057937,0.0831023,0.0373152,0.276293,0.186986,0.0494912,0.0653644,0.063867,0.063867,0.063867,0.00837369,0.026459,0.00312335,0.00260332,0.119946,0.0416596,5.91461e-05,0.089802,0.151701,0.249852,0.063041,0.213804,0.038746,0.038746,0.057937,0.057937,0.0331987,0.038746,0.0790796,0.00432634,7.64208e-06,0.141557,0.141557,
0.41,0.00280179,0.00351322,0.0237988,0.10183,0.00937453,0.0265796,0.053467,0.053467,0.0348593,0.0211336,0.080837,0.0643299,0.497279,0.102409,0.047086,0.047086,0.047086,0.0267315,0.475341,6.98568e-05,0.0200654,0.542094,0.100945,0.260404,0.192765,0.128129,0.0645236,0.115334,0.500627,0.016541,0.016541,0.053467,0.053467,0.00722077,0.016541,0.109866,0.0190466,0.0164995,0.053625,0.053625,0.00454076,0.00120965,0.0410535,0.000488036,0.0023724,0.158071,0.051178,0.051178,0.0951413,0.044106,0.199975,0.184454,0.0546642,0.0616045,0.063855,0.063855,0.063855,0.00989375,0.0413959,0.00566314,0.00289313,0.166873,0.0445626,6.89923e-05,0.103919,0.149046,0.195926,0.0654252,0.100132,0.037251,0.037251,0.051178,0.051178,0.0333571,0.037251,0.10789,0.00499825,1.3461e-05,0.145234,0.145234,
0.415,0.00128716,2.59376e-05,6.44233e-05,0.0967989,0.00510446,0.0193854,0.052144,0.052144,0.0317189,0.00868884,0.0863517,0.0789237,0.509658,0.103612,0.046784,0.046784,0.046784,0.0292003,0.50456,0.000131685,0.0203521,0.560423,0.11221,0.251022,0.178043,0.126851,0.130152,0.115824,0.495859,0.017134,0.017134,0.052144,0.052144,0.0385116,0.017134,0.119087,0.0226408,0.0130923,0.04994,0.04994,0.00133089,0.00116146,8.4453e-07,0.000496436,0.00150524,0.143708,0.045534,0.045534,0.102491,0.0472381,0.193373,0.248627,0.0541277,0.0652116,0.063189,0.063189,0.063189,0.0101102,0.0487417,0.00691227,0.00284461,0.183573,0.0507278,0.000124367,0.103968,0.145845,0.217956,0.0720283,0.0580963,0.035363,0.035363,0.045534,0.045534,0.0358169,0.035363,0.120923,0.0103777,1.70077e-05,0.146501,0.146501,
0.42,0.00205795,0.00157975,0.010616,0.0909026,0.00674421,0.0266144,0.051553,0.051553,0.0336069,0.0106472,0.0835188,0.0806813,0.487711,0.101017,0.04642,0.04642,0.04642,0.029633,0.498041,0.000148963,0.0197979,0.548256,0.112231,0.235855,0.177047,0.12511,0.166685,0.113974,0.50026,0.017561,0.017561,0.051553,0.051553,0.049318,0.017561,0.122034,0.024997,0.0135024,0.046043,0.046043,0.00267244,0.00109179,0.0182634,0.000442283,0.00172,0.14029,0.041139,0.041139,0.100702,0.045053,0.212051,0.267526,0.05053,0.0670013,0.061876,0.061876,0.061876,0.0100088,0.0507323,0.00738542,0.00269215,0.186402,0.0519582,0.000138532,0.10051,0.142133,0.237471,0.0723256,0.0833974,0.033268,0.033268,0.041139,0.041139,0.0357525,0.033268,0.1099,0.0117508,1.27962e-05,0.14513,0.14513,
0.425,0.00194616,0.00155343,0.0104415,0.0828012,0.00628979,0.0240747,0.051549,0.051549,0.0320774,0.0117249,0.076126,0.071904,0.444697,0.0926552,0.046066,0.046066,0.046066,0.0272429,0.455734,0.00012991,0.0180953,0.501028,0.102381,0.214871,0.162747,0.114549,0.143924,0.104473,0.463401,0.017776,0.017776,0.051549,0.051549,0.041804,0.017776,0.114852,0.0229608,0.0123864,0.042156,0.042156,0.0025347,0.000998157,0.0179712,0.000402934,0.00160091,0.128391,0.038013,0.038013,0.093059,0.0429422,0.191061,0.235912,0.0458983,0.0614955,0.059992,0.059992,0.059992,0.00917827,0.0466518,0.00682574,0.00245318,0.171339,0.04801,0.00012026,0.091863,0.130233,0.211938,0.0663669,0.0783367,0.031203,0.031203,0.038013,0.038013,0.0320903,0.031203,0.101926,0.0101131,1.16833e-05,0.141049,0.141049,
0.43,0.00356851,0.00556806,0.0377956,0.078749,0.0107152,0.0367966,0.051991,0.051991,0.0323669,0.0248203,0.0698787,0.0631892,0.398264,0.0884966,0.045784,0.045784,0.045784,0.0216682,0.381935,0.000105366,0.0158715,0.430868,0.095788,0.200237,0.163852,0.111725,0.140205,0.100944,0.422805,0.017751,0.017751,0.051991,0.051991,0.0361203,0.017751,0.0971283,0.0243135,0.0149792,0.038472,0.038472,0.00612319,0.000938337,0.0652644,0.000375668,0.00258999,0.13584,0.036073,0.036073,0.084545,0.0408006,0.213414,0.216188,0.0430142,0.060484,0.057676,0.057676,0.057676,0.00794476,0.0347738,0.00477305,0.00226547,0.134874,0.0443645,0.000101714,0.0815833,0.128898,0.221303,0.0624851,0.121696,0.029393,0.029393,0.036073,0.036073,0.0306377,0.029393,0.0894922,0.00855723,1.05158e-05,0.134349,0.134349,
0.435,0.00630586,0.0122255,0.0831412,0.0759222,0.0182467,0.0573237,0.052738,0.052738,0.0354959,0.0495525,0.0605687,0.0482463,0.335996,0.0827274,0.045636,0.045636,0.045636,0.0134216,0.275941,5.49893e-05,0.0129313,0.33421,0.0830658,0.186022,0.169726,0.108449,0.119207,0.0965015,0.361353,0.017485,0.017485,0.052738,0.052738,0.02144,0.017485,0.0736073,0.0250704,0.019806,0.035172,0.035172,0.0121202,0.000874685,0.14367,0.000342281,0.00426006,0.152096,0.035156,0.035156,0.0711287,0.037877,0.249916,0.174168,0.0399475,0.0577212,0.055112,0.055112,0.055112,0.00626766,0.0164546,0.0015841,0.00205674,0.0807905,0.0367285,6.17381e-05,0.0685091,0.128622,0.231471,0.0553702,0.195359,0.027988,0.027988,0.035156,0.035156,0.0286226,0.027988,0.0708651,0.00516763,8.10592e-06,0.125359,0.125359,
0.44,0.00649627,0.0126428,0.0870891,0.0774486,0.0188194,0.0635113,0.053616,0.053616,0.0637922,0.0494597,0.0608005,0.0594366,0.335943,0.0854541,0.045678,0.045678,0.045678,0.013763,0.279903,4.60247e-05,0.0131906,0.340468,0.0833678,0.189678,0.173457,0.111798,0.112885,0.0983628,0.370245,0.016998,0.016998,0.053616,0.053616,0.0482911,0.016998,0.0617069,0.0321896,0.0654413,0.032441,0.032441,0.0125183,0.000891004,0.148613,0.000331564,0.00429845,0.160687,0.035041,0.035041,0.0737045,0.0389313,0.252532,0.16549,0.0404086,0.0589424,0.052527,0.052527,0.052527,0.00640013,0.016696,0.00164932,0.00208346,0.0829307,0.0370706,5.82397e-05,0.0699633,0.130777,0.228677,0.0558672,0.204971,0.027052,0.027052,0.035041,0.035041,0.0280607,0.027052,0.0617394,0.00611026,0.0450786,0.114786,0.114786,
0.445,0.00554125,0.0104706,0.0712337,0.0820713,0.0164429,0.049728,0.054409,0.054409,0.0325758,0.0390901,0.0589346,0.0483413,0.356514,0.0821321,0.045934,0.045934,0.045934,0.0151942,0.30332,4.4453e-05,0.0141839,0.368751,0.0783474,0.202887,0.175097,0.108716,0.0884304,0.0955208,0.385905,0.016335,0.016335,0.054409,0.054409,0.0105652,0.016335,0.0638257,0.0208524,0.0210081,0.03046,0.03046,0.0106019,0.000956353,0.123036,0.000337349,0.00371375,0.151496,0.035477,0.035477,0.0663215,0.0291086,0.232983,0.160144,0.0421226,0.053657,0.050147,0.050147,0.050147,0.00684264,0.0189169,0.00199872,0.00220503,0.0923174,0.033072,5.16438e-05,0.0750477,0.128011,0.211768,0.0497012,0.173291,0.026565,0.026565,0.035477,0.035477,0.0285194,0.026565,0.0566205,0.00379411,0.0017415,0.103638,0.103638,
0.45,0.00501725,0.00871985,0.0592469,0.0828362,0.0146264,0.0429835,0.054908,0.054908,0.0296553,0.0217963,0.0611354,0.0504355,0.384737,0.084231,0.046391,0.046391,0.046391,0.0214399,0.37391,5.42092e-05,0.0161525,0.432364,0.0817657,0.208461,0.180601,0.111528,0.0854939,0.0973513,0.452424,0.015566,0.015566,0.054908,0.054908,0.00377312,0.015566,0.0776712,0.0180752,0.0181664,0.029374,0.029374,0.00902201,0.000983418,0.102384,0.000323271,0.00315157,0.144301,0.036219,0.036219,0.0713835,0.0257907,0.220824,0.160295,0.0421226,0.055192,0.04814,0.04814,0.04814,0.00814512,0.0323441,0.00448235,0.0022963,0.132769,0.0367465,5.36269e-05,0.0838658,0.127318,0.200236,0.0523657,0.165462,0.026447,0.026447,0.036219,0.036219,0.0278655,0.026447,0.056653,0.00343255,0.000172986,0.092981,0.092981,
0.455,0.00233116,0.00251393,0.0169524,0.081598,0.00730082,0.0232405,0.054951,0.054951,0.0307875,0.0124085,0.0640236,0.0600948,0.410834,0.0839446,0.047011,0.047011,0.047011,0.0258257,0.42758,9.08892e-05,0.0174516,0.479392,0.0857926,0.210726,0.165342,0.107037,0.0939894,0.0956553,0.468952,0.014778,0.014778,0.054951,0.054951,0.0194058,0.014778,0.0966971,0.0181476,0.0129726,0.02923,0.02923,0.0033751,0.000996037,0.0292931,0.000321122,0.00150474,0.124389,0.037064,0.037064,0.0775743,0.0300838,0.176812,0.186045,0.04241,0.0535073,0.046618,0.046618,0.046618,0.00887222,0.0426994,0.00631988,0.00233821,0.162156,0.039805,8.35974e-05,0.0890664,0.120972,0.180267,0.052926,0.0882118,0.026592,0.026592,0.037064,0.037064,0.0284546,0.026592,0.0649427,0.00613953,9.15784e-07,0.083662,0.083662,
0.46,0.00130975,2.77676e-05,9.00427e-06,0.0812758,0.00442341,0.0171803,0.054427,0.054427,0.0317728,0.00723733,0.06863,0.0689498,0.432262,0.0873306,0.047735,0.047735,0.047735,0.0286927,0.464058,0.000124174,0.0183518,0.510918,0.0942618,0.212537,0.16235,0.109282,0.122723,0.0988698,0.49197,0.014061,0.014061,0.054427,0.054427,0.0347849,0.014061,0.109802,0.020682,0.0109815,0.029969,0.029969,0.00112237,0.00100822,0,0.000329336,0.000880204,0.118297,0.037863,0.037863,0.0851369,0.0344323,0.169961,0.2196,0.0431509,0.0569103,0.045638,0.045638,0.045638,0.00940516,0.0495105,0.00749127,0.00238536,0.181005,0.0449889,0.000112312,0.0927346,0.122482,0.189044,0.0577786,0.0604537,0.026898,0.026898,0.037863,0.037863,0.0300953,0.026898,0.0741521,0.00879024,1.97483e-06,0.076245,0.076245,
0.465,0.0014432,3.20321e-05,4.3231e-06,0.0765008,0.00433064,0.0168816,0.05328,0.05328,0.0350633,0.00731969,0.0671683,0.0671419,0.423425,0.0843467,0.048512,0.048512,0.048512,0.030932,0.480232,0.000124037,0.0184563,0.518948,0.091332,0.201807,0.156553,0.105228,0.124278,0.0957201,0.495542,0.013486,0.013486,0.05328,0.05328,0.0345295,0.013486,0.124641,0.0196839,0.0103324,0.031422,0.031422,0.00106145,0.000944586,0,0.000301219,0.000790664,0.110448,0.0385,0.0385,0.0862233,0.0359485,0.164338,0.210951,0.0404486,0.0557954,0.045212,0.045212,0.045212,0.0096859,0.0551952,0.00864175,0.00229378,0.195753,0.0450334,0.000107953,0.0925047,0.116218,0.180521,0.0580641,0.0682068,0.027268,0.027268,0.0385,0.0385,0.0285483,0.027268,0.0762221,0.0085335,6.37106e-07,0.071079,0.071079,
0.47,0.00355943,0.00506199,0.034299,0.0718501,0.0099932,0.0336535,0.051522,0.051522,0.0306903,0.0110657,0.0628317,0.0598249,0.380284,0.0818074,0.049313,0.049313,0.049313,0.0260623,0.41421,0.000106936,0.0163598,0.45355,0.0887015,0.185453,0.161403,0.10547,0.13759,0.0939111,0.466202,0.013103,0.013103,0.051522,0.051522,0.0291964,0.013103,0.101798,0.0209276,0.0136379,0.033336,0.033336,0.00557088,0.000875046,0.0592655,0.000283516,0.00207303,0.120101,0.038887,0.038887,0.0790607,0.0308203,0.200129,0.201728,0.0376559,0.0574663,0.045303,0.045303,0.045303,0.00858682,0.0450992,0.00689964,0.00211139,0.163614,0.0434909,9.55432e-05,0.0827214,0.116967,0.202769,0.0576161,0.128623,0.027601,0.027601,0.038887,0.038887,0.0274653,0.027601,0.0660727,0.00746035,1.2741e-06,0.068361,0.068361,
0.475,0.00507205,0.00898688,0.0610759,0.0695258,0.0143489,0.0443487,0.049225,0.049225,0.0250371,0.015855,0.0547667,0.0478933,0.332434,0.0752602,0.050121,0.050121,0.050121,0.0196239,0.332617,6.7914e-05,0.0140539,0.378853,0.0771838,0.174755,0.161556,0.100602,0.112943,0.0874022,0.412125,0.012938,0.012938,0.049225,0.049225,0.0130571,0.012938,0.0694037,0.0184635,0.0164012,0.035421,0.035421,0.00909807,0.000828238,0.10555,0.000266354,0.00305478,0.127362,0.03896,0.03896,0.0649303,0.0218387,0.215001,0.165774,0.0355069,0.0527846,0.04583,0.04583,0.04583,0.0072217,0.0308945,0.00441502,0.00195212,0.121571,0.0359471,6.4637e-05,0.0724791,0.113236,0.199937,0.0500402,0.167787,0.027805,0.027805,0.03896,0.03896,0.0252545,0.027805,0.0483026,0.00462775,5.63004e-07,0.068172,0.068172,
0.48,0.00475906,0.00909042,0.0618188,0.0762233,0.0144379,0.0457076,0.046502,0.046502,0.0262697,0.034617,0.0545217,0.0495063,0.327459,0.075982,0.050914,0.050914,0.050914,0.0124448,0.265369,6.11518e-05,0.0127212,0.329032,0.0750648,0.188021,0.160246,0.100771,0.106108,0.0885137,0.344828,0.012998,0.012998,0.046502,0.046502,0.0204879,0.012998,0.047939,0.0209974,0.0174048,0.037397,0.037397,0.00928,0.000895768,0.10684,0.000310105,0.00326693,0.139846,0.038681,0.038681,0.0590473,0.0242129,0.221068,0.175534,0.0394388,0.0502789,0.046676,0.046676,0.046676,0.00598658,0.0141973,0.0011818,0.00203013,0.0750773,0.0308095,6.90033e-05,0.0675142,0.119262,0.211558,0.0452059,0.14683,0.027812,0.027812,0.038681,0.038681,0.0280664,0.027812,0.0461445,0.00540908,3.02502e-06,0.070487,0.070487,
0.485,0.00472193,0.00884104,0.0611323,0.0853784,0.0145885,0.0489595,0.043511,0.043511,0.0570609,0.0395243,0.0603456,0.0616633,0.364579,0.0852874,0.051622,0.051622,0.051622,0.014581,0.302791,4.53812e-05,0.0144154,0.373648,0.0802028,0.211609,0.174067,0.111098,0.0815894,0.0974573,0.381906,0.013269,0.013269,0.043511,0.043511,0.0403181,0.013269,0.0500372,0.0279361,0.0602967,0.039029,0.039029,0.00916643,0.00100284,0.103901,0.000346212,0.00329221,0.157097,0.038031,0.038031,0.0690651,0.0317354,0.222371,0.162914,0.0440784,0.0538908,0.047682,0.047682,0.047682,0.00679819,0.017012,0.00158737,0.00227407,0.0885383,0.0333114,5.89495e-05,0.076511,0.130606,0.205921,0.0492935,0.149632,0.027591,0.027591,0.038031,0.038031,0.0290039,0.027591,0.0510875,0.00561576,0.0418248,0.075115,0.075115,
0.49,0.00439167,0.00767224,0.0521448,0.0841368,0.0133262,0.0400869,0.040466,0.040466,0.0249303,0.0187472,0.0605281,0.0531856,0.382044,0.0822529,0.05214,0.05214,0.05214,0.0190852,0.352293,6.20217e-05,0.015637,0.415527,0.0800663,0.211212,0.174272,0.108868,0.0910069,0.0949237,0.417171,0.013735,0.013735,0.040466,0.040466,0.00939935,0.013735,0.0621175,0.0173212,0.0173615,0.04014,0.04014,0.00809357,0.000993311,0.0901075,0.000337852,0.00292703,0.142957,0.037027,0.037027,0.0664848,0.0217292,0.216091,0.173033,0.0433036,0.0524085,0.048657,0.048657,0.048657,0.00766193,0.0272336,0.00347069,0.00230682,0.117793,0.0336656,6.45259e-05,0.0816961,0.125528,0.202976,0.0492642,0.143168,0.027151,0.027151,0.037027,0.037027,0.0289651,0.027151,0.0529038,0.00454249,2.45364e-06,0.081596,0.081596,
0.495,0.00236833,0.00304288,0.0206035,0.0812496,0.00777047,0.0281802,0.037603,0.037603,0.0273776,0.0154243,0.0658669,0.0665156,0.401502,0.0834343,0.052345,0.052345,0.052345,0.0217919,0.38711,0.000113779,0.016256,0.442282,0.0885372,0.207846,0.15788,0.106156,0.134278,0.0953205,0.409443,0.014372,0.014372,0.037603,0.037603,0.0380117,0.014372,0.0816634,0.0206186,0.0133509,0.040617,0.040617,0.00386619,0.000970418,0.0355787,0.000350247,0.00178102,0.127981,0.035713,0.035713,0.0749708,0.0295635,0.195167,0.223572,0.0436096,0.0539195,0.049407,0.049407,0.049407,0.00800093,0.0345955,0.00471291,0.00230722,0.136206,0.0383922,0.000110626,0.0835512,0.122041,0.209899,0.0539007,0.0845484,0.02655,0.02655,0.035713,0.035713,0.0312053,0.02655,0.0690818,0.00916212,5.24709e-06,0.089247,0.089247,
0.5,0.00287915,0.0048297,0.0339371,0.0753836,0.00943171,0.0364624,0.035121,0.035121,0.0526713,0.0236401,0.0602646,0.0665204,0.348136,0.0787639,0.052135,0.052135,0.052135,0.0153732,0.303329,7.4225e-05,0.013563,0.359679,0.0798109,0.189588,0.144862,0.0995405,0.10155,0.0885095,0.334992,0.015148,0.015148,0.035121,0.035121,0.0569917,0.015148,0.0516203,0.0268431,0.0592588,0.040389,0.040389,0.00540347,0.000884755,0.0567101,0.000347643,0.00228513,0.132562,0.034146,0.034146,0.0695158,0.0324176,0.185604,0.178992,0.0408607,0.0500118,0.049761,0.049761,0.049761,0.00643323,0.0212752,0.00241239,0.00208209,0.0948072,0.0336826,8.32556e-05,0.071026,0.115896,0.188833,0.0499373,0.0968331,0.025887,0.025887,0.034146,0.034146,0.0274585,0.025887,0.0638089,0.00832595,0.0452732,0.097311,0.097311,
0.505,0.0063052,0.0124092,0.0844469,0.0775937,0.0185024,0.0618301,0.033124,0.033124,0.0204483,0.0251223,0.0582073,0.0599345,0.335384,0.0796636,0.051465,0.051465,0.051465,0.0128339,0.273342,9.94579e-05,0.0130218,0.337515,0.0838435,0.189789,0.172704,0.109079,0.182283,0.0939647,0.355932,0.016029,0.016029,0.033124,0.033124,0.0387027,0.016029,0.0344263,0.0237271,0.0201862,0.039431,0.039431,0.0123368,0.000892124,0.145937,0.000307048,0.00409416,0.15155,0.032392,0.032392,0.0586495,0.0152962,0.278118,0.235362,0.0404967,0.0568477,0.049593,0.049593,0.049593,0.00618151,0.0152709,0.00127514,0.00207643,0.0770637,0.0334714,0.000106035,0.0688955,0.126491,0.27225,0.0507501,0.195845,0.025276,0.025276,0.032392,0.032392,0.0321306,0.025276,0.0378359,0.0089005,2.23094e-06,0.105055,0.105055,
0.51,0.00206326,0.00276865,0.0187953,0.0867368,0.00755119,0.0253284,0.031618,0.031618,0.0195474,0.00851034,0.0648535,0.0636104,0.40605,0.0824394,0.050356,0.050356,0.050356,0.0190147,0.364876,9.43556e-05,0.0160439,0.429808,0.0839402,0.220281,0.159101,0.10577,0.104526,0.0936955,0.383745,0.016974,0.016974,0.031618,0.031618,0.0259535,0.016974,0.0568727,0.0167648,0.013892,0.037788,0.037788,0.00368609,0.00102768,0.032435,0.00038599,0.001815,0.133026,0.030523,0.030523,0.06792,0.0221275,0.187516,0.207456,0.0465042,0.0497311,0.048823,0.048823,0.048823,0.0076104,0.0274525,0.00331758,0.00240707,0.118137,0.0332163,9.7035e-05,0.0835933,0.123162,0.198583,0.0491071,0.0711913,0.02481,0.02481,0.030523,0.030523,0.0313492,0.02481,0.0639265,0.00774979,7.22403e-06,0.11176,0.11176,
0.515,0.00204659,0.00239707,0.0162499,0.0932695,0.00750903,0.0309726,0.030542,0.030542,0.0237421,0.0098705,0.0774368,0.083381,0.459467,0.0951942,0.048875,0.048875,0.048875,0.0223513,0.42049,0.000156633,0.0179269,0.486053,0.105087,0.238032,0.172881,0.120673,0.185977,0.108327,0.42842,0.017931,0.017931,0.030542,0.030542,0.05874,0.017931,0.0746476,0.0245608,0.0144811,0.035601,0.035601,0.00345831,0.00110838,0.0280182,0.000430872,0.0018694,0.145273,0.028618,0.028618,0.0832927,0.0301265,0.227462,0.292343,0.051454,0.0616013,0.047417,0.047417,0.047417,0.00857154,0.0345285,0.00433479,0.00264295,0.139391,0.0433802,0.000155503,0.0924704,0.139696,0.259241,0.0621729,0.0736557,0.024558,0.024558,0.028618,0.028618,0.0380213,0.024558,0.0809284,0.0133583,9.93961e-06,0.116828,0.116828,
0.52,0.00402069,0.00711728,0.0483874,0.0900732,0.0128186,0.0418974,0.029794,0.029794,0.0261808,0.0262071,0.0665479,0.0635885,0.404725,0.0876261,0.047106,0.047106,0.047106,0.0170704,0.345206,8.91251e-05,0.0158085,0.416397,0.088126,0.225258,0.176325,0.114379,0.125658,0.101047,0.393521,0.018836,0.018836,0.029794,0.029794,0.0290101,0.018836,0.0589173,0.0213223,0.0177393,0.033087,0.033087,0.00767992,0.00105355,0.0835986,0.000387909,0.00297483,0.152654,0.02675,0.02675,0.0702682,0.026104,0.233578,0.217987,0.0476562,0.0556112,0.045395,0.045395,0.045395,0.00745919,0.022423,0.00236182,0.00245236,0.10472,0.0350618,9.52628e-05,0.0831079,0.134459,0.234408,0.0527793,0.127772,0.024572,0.024572,0.02675,0.02675,0.0334231,0.024572,0.0624266,0.00775839,6.17006e-06,0.119859,0.119859,
0.525,0.00665175,0.0128142,0.0871642,0.0853623,0.0194178,0.0588137,0.029259,0.029259,0.0282996,0.0333051,0.0604306,0.050627,0.366807,0.0845811,0.045122,0.045122,0.045122,0.0158746,0.314696,5.06029e-05,0.0147534,0.383059,0.0809479,0.210026,0.187504,0.114601,0.111017,0.0991095,0.404395,0.019612,0.019612,0.029259,0.029259,0.00961227,0.019612,0.0556959,0.0203351,0.0216159,0.030487,0.030487,0.0127812,0.000982605,0.150637,0.000338479,0.00429818,0.161292,0.024969,0.024969,0.0649944,0.0223428,0.264054,0.176749,0.0434746,0.0564212,0.042824,0.042824,0.042824,0.00716472,0.0198102,0.00211189,0.00228793,0.0962237,0.0332598,5.76314e-05,0.0781062,0.133425,0.237503,0.0514789,0.208284,0.024872,0.024872,0.024969,0.024969,0.0302715,0.024872,0.0496242,0.00417911,7.12148e-05,0.120637,0.120637,
0.53,0.00447151,0.00829506,0.0575007,0.0873707,0.0140373,0.0480402,0.028824,0.028824,0.055398,0.032598,0.0613603,0.0655523,0.374274,0.0852424,0.042972,0.042972,0.042972,0.0150992,0.31312,5.31539e-05,0.0148254,0.385576,0.0802474,0.217066,0.173587,0.111395,0.0889664,0.0972468,0.377146,0.020193,0.020193,0.028824,0.028824,0.0444681,0.020193,0.0436164,0.026907,0.0629792,0.028024,0.028024,0.00870207,0.00101846,0.0974976,0.000355618,0.00316165,0.157269,0.023308,0.023308,0.0676562,0.027595,0.223569,0.173655,0.0453393,0.0529283,0.039805,0.039805,0.039805,0.00695926,0.0179625,0.0017034,0.00233374,0.0919903,0.0320175,6.69126e-05,0.078597,0.130349,0.209981,0.0487533,0.142875,0.025428,0.025428,0.023308,0.023308,0.0299662,0.025428,0.0490025,0.00644033,0.0446585,0.11912,0.11912,
0.535,0.00227956,0.00312583,0.0211873,0.0983158,0.00846447,0.0256679,0.028389,0.028389,0.0284172,0.0237753,0.0687577,0.0631889,0.44489,0.0896346,0.040702,0.040702,0.040702,0.0199665,0.391572,7.2147e-05,0.0176667,0.468926,0.085216,0.249005,0.176803,0.114459,0.0703388,0.10212,0.416175,0.02053,0.02053,0.028389,0.028389,0.0156836,0.02053,0.0697293,0.0171265,0.0157365,0.025887,0.025887,0.00414912,0.0011612,0.0365924,0.000422464,0.00201673,0.149653,0.0218,0.0218,0.0730034,0.0284447,0.193142,0.191494,0.0517044,0.0511594,0.036481,0.036481,0.036481,0.00831061,0.0271203,0.00312419,0.00268577,0.123769,0.0328984,7.82034e-05,0.0926378,0.135399,0.194939,0.0495608,0.0758097,0.026169,0.026169,0.0218,0.0218,0.0331815,0.026169,0.0689953,0.00592817,6.05148e-06,0.115448,0.115448,
0.54,0.000924581,1.6148e-05,3.60704e-05,0.0979083,0.0048308,0.0177265,0.02787,0.02787,0.0234644,0.00894582,0.0741714,0.0738805,0.46814,0.0921041,0.038374,0.038374,0.038374,0.0224372,0.425956,0.000112435,0.018453,0.497789,0.09412,0.250789,0.169546,0.115587,0.105737,0.103845,0.423806,0.020589,0.020589,0.02787,0.02787,0.0326698,0.020589,0.0727851,0.0181412,0.0132524,0.024228,0.024228,0.00133503,0.00116691,2.13196e-06,0.000447893,0.00128599,0.141127,0.020467,0.020467,0.0787819,0.0288174,0.183466,0.233327,0.0530605,0.0535068,0.033014,0.033014,0.033014,0.00872099,0.0333327,0.00414117,0.00274074,0.140192,0.0372004,0.000114227,0.0957742,0.135273,0.205182,0.0544162,0.0380078,0.026997,0.026997,0.020467,0.020467,0.0351756,0.026997,0.0798569,0.0092761,9.50585e-06,0.109926,0.109926,
0.545,0.00213391,0.00285237,0.0193371,0.0872222,0.00767471,0.0256764,0.027187,0.027187,0.0239505,0.0155547,0.0645503,0.0632912,0.40714,0.0833084,0.036067,0.036067,0.036067,0.0193438,0.36805,9.22553e-05,0.0161997,0.433932,0.0840459,0.221562,0.161733,0.106618,0.101237,0.0949589,0.394646,0.020351,0.020351,0.027187,0.027187,0.0264686,0.020351,0.0642973,0.0180597,0.0140193,0.023167,0.023167,0.0037649,0.0010389,0.0333903,0.000374958,0.00179895,0.1344,0.019331,0.019331,0.0694075,0.0251893,0.188033,0.204936,0.0463376,0.0504505,0.029568,0.029568,0.029568,0.00771679,0.0279489,0.00342556,0.00241305,0.120214,0.0339253,9.47178e-05,0.0843343,0.124515,0.197921,0.0490107,0.0731206,0.027797,0.027797,0.019331,0.019331,0.0313748,0.027797,0.0627355,0.00752112,5.41528e-06,0.102969,0.102969,
0.55,0.00199028,0.00294644,0.0199968,0.0848082,0.00752651,0.0270075,0.026297,0.026297,0.0225536,0.0212276,0.0614899,0.0639841,0.38323,0.0801061,0.03386,0.03386,0.03386,0.0154428,0.321503,9.90698e-05,0.0147726,0.390733,0.0818097,0.213839,0.154465,0.102662,0.114426,0.0916631,0.353496,0.019818,0.019818,0.026297,0.026297,0.0356126,0.019818,0.0499531,0.0199141,0.0137723,0.022796,0.022796,0.00382346,0.00101103,0.0345394,0.000363189,0.00180202,0.133009,0.018408,0.018408,0.0637438,0.0237694,0.190142,0.216777,0.0452529,0.0487781,0.026296,0.026296,0.026296,0.0068009,0.0199858,0.00197069,0.00230412,0.0951679,0.0316737,0.000105195,0.07754,0.121773,0.206207,0.0456072,0.0639165,0.028439,0.028439,0.018408,0.018408,0.0318165,0.028439,0.0547895,0.0086606,5.07398e-06,0.095035,0.095035,
0.555,0.0033095,0.00602812,0.0409846,0.088798,0.0112762,0.035206,0.025199,0.025199,0.0229716,0.0286243,0.0577687,0.0557946,0.373265,0.0793854,0.031803,0.031803,0.031803,0.0130349,0.294543,6.29101e-05,0.0144306,0.372948,0.0747877,0.220917,0.166332,0.10454,0.0831726,0.0917562,0.350907,0.019008,0.019008,0.025199,0.025199,0.0178327,0.019008,0.0369879,0.0178761,0.0167236,0.023168,0.023168,0.00666362,0.0010454,0.0708345,0.000356896,0.00256943,0.145619,0.017699,0.017699,0.057012,0.0189362,0.205878,0.184337,0.0459328,0.0468722,0.023329,0.023329,0.023329,0.00653497,0.0133749,0.000799994,0.00234159,0.0790014,0.0270072,7.42958e-05,0.0769132,0.125079,0.203187,0.0410468,0.100576,0.028793,0.028793,0.017699,0.017699,0.0310183,0.028793,0.0420539,0.00565225,2.34667e-06,0.086585,0.086585,
0.56,0.00288209,0.00529708,0.037263,0.0866365,0.0102177,0.0373513,0.023937,0.023937,0.0638337,0.0464401,0.0548364,0.0646161,0.350548,0.0783198,0.029911,0.029911,0.029911,0.0110132,0.266008,4.03847e-05,0.0135609,0.346333,0.0689814,0.215093,0.15648,0.100443,0.0545251,0.0890937,0.317783,0.017952,0.017952,0.023937,0.023937,0.0516053,0.017952,0.0343988,0.0273572,0.0683535,0.024268,0.024268,0.00596032,0.00101587,0.0622326,0.000334086,0.0023142,0.148383,0.017186,0.017186,0.0591306,0.0292146,0.185739,0.154624,0.044513,0.0442594,0.020773,0.020773,0.020773,0.00601007,0.00901944,9.94933e-05,0.00224577,0.0663556,0.0248602,6.01991e-05,0.0728003,0.121214,0.1788,0.0380263,0.0881298,0.028758,0.028758,0.017186,0.017186,0.0287997,0.028758,0.0371002,0.00625136,0.052459,0.078073,0.078073,
0.565,0.00286655,0.0048832,0.0331435,0.0831931,0.00972128,0.0287637,0.022581,0.022581,0.0280747,0.0334042,0.0528777,0.0486006,0.353778,0.0731863,0.028173,0.028173,0.028173,0.0142785,0.296594,4.35845e-05,0.0141251,0.368325,0.0655783,0.208321,0.154572,0.0954781,0.0504674,0.0846721,0.341554,0.016702,0.016702,0.022581,0.022581,0.00903204,0.016702,0.0522215,0.0152538,0.0150646,0.025975,0.025975,0.00553728,0.000978761,0.0573047,0.000319387,0.00215336,0.132647,0.016834,0.016834,0.0550853,0.021811,0.176718,0.147839,0.042346,0.0416021,0.018702,0.018702,0.018702,0.00655429,0.0167471,0.0015901,0.00220591,0.0875572,0.0242068,5.22877e-05,0.0748214,0.114229,0.168288,0.0367191,0.088934,0.028271,0.028271,0.016834,0.016834,0.0275713,0.028271,0.0415389,0.00371797,0,0.069835,0.069835,
0.57,0.000820129,0.000377361,0.00244845,0.0810388,0.00426777,0.0122436,0.021206,0.021206,0.0284313,0.0297001,0.0515016,0.0492653,0.356133,0.069676,0.026571,0.026571,0.026571,0.0154365,0.30907,4.83897e-05,0.0142797,0.377623,0.0623833,0.205976,0.138806,0.0878963,0.0272813,0.0795185,0.331906,0.015326,0.015326,0.021206,0.021206,0.0106758,0.015326,0.0596165,0.0135771,0.0112653,0.028072,0.028072,0.00141209,0.000972843,0.00425636,0.000314743,0.000960081,0.116058,0.016608,0.016608,0.0552815,0.0245271,0.13083,0.138987,0.0416014,0.036771,0.017136,0.017136,0.017136,0.00660619,0.0197933,0.00216756,0.00217316,0.0958708,0.0232504,5.49492e-05,0.0750509,0.105842,0.134333,0.0331218,0.0273743,0.027314,0.027314,0.016608,0.016608,0.0261328,0.027314,0.0449317,0.00391614,1.36755e-05,0.062044,0.062044,
0.575,0.000589711,1.24104e-05,1.62055e-05,0.0805764,0.00379601,0.0113738,0.019878,0.019878,0.0212008,0.0179962,0.0514099,0.0512011,0.354055,0.067556,0.025099,0.025099,0.025099,0.0147717,0.303023,5.60966e-05,0.0140398,0.371274,0.0614226,0.204772,0.133796,0.0858493,0.0372453,0.0768191,0.310402,0.01391,0.01391,0.019878,0.019878,0.0126847,0.01391,0.0451353,0.0114575,0.011286,0.03031,0.03031,0.00108238,0.000957608,1.40779e-05,0.000326188,0.000894955,0.113229,0.016477,0.016477,0.0513211,0.0178894,0.130533,0.148759,0.0419291,0.0348961,0.016043,0.016043,0.016043,0.00641287,0.0186761,0.00192646,0.002166,0.091734,0.0212336,6.31896e-05,0.0739123,0.102857,0.137746,0.0320591,0.0204405,0.02591,0.02591,0.016477,0.016477,0.0264918,0.02591,0.0428653,0.00471589,0.000376333,0.054762,0.054762,
0.58,0.00085701,0.00111139,0.00913765,0.0785653,0.0048592,0.023278,0.018649,0.018649,0.0565728,0.0187346,0.0499957,0.0682719,0.325173,0.0700743,0.023766,0.023766,0.023766,0.0104492,0.250731,5.60568e-05,0.0124943,0.323278,0.0646056,0.197224,0.13277,0.0889574,0.0525494,0.0777914,0.286367,0.012534,0.012534,0.018649,0.018649,0.0621581,0.012534,0.00688751,0.0252021,0.0766154,0.032472,0.032472,0.00206191,0.000943594,0.0130663,0.00031097,0.00111536,0.125042,0.016415,0.016415,0.0513519,0.0185904,0.14141,0.155928,0.0411804,0.0380423,0.015359,0.015359,0.015359,0.00542847,0.00951283,0.000273872,0.00205385,0.0636782,0.0226615,7.48917e-05,0.0667395,0.105637,0.150108,0.0325937,0.0289227,0.024122,0.024122,0.016415,0.016415,0.0260773,0.024122,0.0258105,0.00767452,0.0650689,0.048009,0.048009,
0.585,0.00210541,0.00372261,0.0253368,0.0796775,0.00805959,0.0255338,0.01756,0.01756,0.00974636,0.0078985,0.0485795,0.0519506,0.329775,0.0671887,0.022596,0.022596,0.022596,0.0109339,0.25658,6.58431e-05,0.012747,0.329674,0.0637553,0.19879,0.144152,0.0900018,0.0760281,0.0773545,0.30504,0.011264,0.011264,0.01756,0.01756,0.01565,0.011264,0.00774025,0.012894,0.0136957,0.034381,0.034381,0.00445496,0.000949008,0.0437874,0.000306743,0.00177006,0.123328,0.016407,0.016407,0.042468,0.00440213,0.172005,0.174057,0.0410873,0.0381022,0.014994,0.014994,0.014994,0.00564193,0.0104013,0.000412098,0.00208469,0.0662529,0.0209355,7.66843e-05,0.0680548,0.106756,0.176477,0.0313087,0.0635837,0.02205,0.02205,0.016407,0.016407,0.0277522,0.02205,0.0208033,0.00562764,0,0.041816,0.041816,
0.59,0.00282884,0.00536173,0.0364882,0.0774497,0.00988706,0.03249,0.016646,0.016646,0.0135272,0.0174794,0.0489949,0.0524505,0.318224,0.0679751,0.021606,0.021606,0.021606,0.00964196,0.238563,7.09033e-05,0.0120951,0.310257,0.0659756,0.191848,0.144846,0.0910703,0.096064,0.0788289,0.294433,0.010147,0.010147,0.016646,0.016646,0.0230841,0.010147,0.0122694,0.0160119,0.0146733,0.035877,0.035877,0.00591715,0.000916002,0.063064,0.000301535,0.00221168,0.127231,0.016445,0.016445,0.0442831,0.00873584,0.189351,0.184224,0.0401116,0.0407487,0.014852,0.014852,0.014852,0.0053274,0.00805964,0,0.00201805,0.0577416,0.0224964,8.23625e-05,0.0647918,0.108699,0.193417,0.0337764,0.084281,0.019805,0.019805,0.016445,0.016445,0.0283051,0.019805,0.0240554,0.00641678,6.77779e-07,0.036261,0.036261,
0.595,0.0022473,0.0040794,0.0277627,0.0813666,0.00852959,0.0282647,0.015935,0.015935,0.011484,0.0125728,0.0503057,0.0554339,0.335411,0.0696334,0.020805,0.020805,0.020805,0.0103776,0.254066,7.60417e-05,0.0127993,0.329769,0.0673566,0.2025,0.14779,0.0930606,0.0922942,0.0803952,0.306799,0.009213,0.009213,0.015935,0.015935,0.0230708,0.009213,0.00820572,0.0152663,0.0142033,0.036804,0.036804,0.00480533,0.000969805,0.0479844,0.000313169,0.00188928,0.128119,0.016531,0.016531,0.0442612,0.00632181,0.183707,0.19124,0.0421232,0.0404253,0.014858,0.014858,0.014858,0.00560719,0.0090231,0.000101476,0.00212131,0.0625239,0.0223496,8.77627e-05,0.0684459,0.110952,0.191766,0.0329756,0.0666854,0.017512,0.017512,0.016531,0.016531,0.0293147,0.017512,0.0214727,0.00672126,1.93601e-08,0.031461,0.031461,
0.6,0.00379956,0.00741853,0.050512,0.0830397,0.012612,0.0400713,0.015441,0.015441,0.0100608,0.0114426,0.051144,0.0542917,0.336054,0.0711887,0.020182,0.020182,0.020182,0.0103651,0.254037,6.93971e-05,0.0129395,0.330987,0.0678355,0.204826,0.158648,0.0976837,0.105377,0.0830186,0.313215,0.008467,0.008467,0.015441,0.015441,0.0186491,0.008467,0.00314406,0.0146858,0.01704,0.037025,0.037025,0.007863,0.000967051,0.087296,0.000316784,0.0027657,0.139056,0.016667,0.016667,0.0431606,0.0021267,0.215969,0.192761,0.0426586,0.0427194,0.014951,0.014951,0.014951,0.00574173,0.00858357,1.61675e-05,0.00215821,0.0618896,0.021838,8.18661e-05,0.069471,0.115331,0.212722,0.0350745,0.114733,0.015304,0.015304,0.016667,0.016667,0.0300496,0.015304,0.0189333,0.00622592,0,0.027497,0.027497,
0.605,0.00381507,0.00744831,0.0507155,0.0840043,0.0126893,0.0410011,0.015166,0.015166,0.0101584,0.0116421,0.0522894,0.0565916,0.341145,0.0724746,0.01972,0.01972,0.01972,0.010445,0.257246,7.64401e-05,0.0130902,0.335096,0.0699471,0.207218,0.160459,0.0993461,0.115075,0.0845507,0.316343,0.007894,0.007894,0.015166,0.015166,0.0225193,0.007894,0.00305249,0.0155661,0.017194,0.03645,0.03645,0.00790579,0.000978757,0.0876471,0.000321007,0.00278558,0.140917,0.016854,0.016854,0.0441493,0.00233454,0.22148,0.203185,0.0432885,0.0438932,0.015091,0.015091,0.015091,0.00579835,0.00868644,0,0.00218523,0.0623586,0.0226457,8.89057e-05,0.0702305,0.117282,0.220616,0.0360984,0.115132,0.013317,0.013317,0.016854,0.016854,0.030909,0.013317,0.019311,0.00688939,6.98063e-08,0.024367,0.024367,
0.61,0.00359296,0.00700302,0.0476827,0.0798206,0.0119699,0.0391365,0.015107,0.015107,0.0097312,0.0110814,0.0500188,0.0549104,0.325167,0.0691303,0.019396,0.019396,0.019396,0.00997746,0.245455,7.68643e-05,0.0124629,0.319379,0.0672683,0.196962,0.152416,0.0946923,0.114809,0.0806769,0.300817,0.007471,0.007471,0.015107,0.015107,0.0238167,0.007471,0.0031418,0.0152258,0.0162795,0.035077,0.035077,0.00744623,0.000930445,0.0824062,0.000304611,0.00262558,0.133892,0.01709,0.01709,0.0422795,0.00231792,0.212121,0.198416,0.0412027,0.0421065,0.015251,0.015251,0.015251,0.00551897,0.00842602,2.14715e-05,0.00207825,0.0596085,0.0218678,8.85129e-05,0.0668079,0.111745,0.21292,0.034654,0.108467,0.011661,0.011661,0.01709,0.01709,0.0296967,0.011661,0.0183077,0.00693522,0,0.022005,0.022005,
0.615,0.00257457,0.00488498,0.0332616,0.0742538,0.00917414,0.0317206,0.015263,0.015263,0.00853786,0.00904868,0.0468764,0.0546483,0.305883,0.0636793,0.019192,0.019192,0.019192,0.00922948,0.230099,8.42972e-05,0.0116241,0.299303,0.06322,0.184093,0.136385,0.0863129,0.114196,0.0740834,0.270595,0.007174,0.007174,0.015263,0.015263,0.0295199,0.007174,0.00231368,0.0145811,0.0138726,0.033007,0.033007,0.00545074,0.000870443,0.0574834,0.000284752,0.0020192,0.120113,0.017368,0.017368,0.0391236,0.00229099,0.188026,0.197639,0.0386797,0.038186,0.015413,0.015413,0.015413,0.00508238,0.00794799,1.24676e-06,0.00193811,0.0554221,0.020172,9.4845e-05,0.0621492,0.102247,0.197354,0.0313591,0.077074,0.01041,0.01041,0.017368,0.017368,0.0283232,0.01041,0.0169106,0.00765538,0,0.020296,0.020296,
0.62,0.0024701,0.00469809,0.0319891,0.0698734,0.00875457,0.0307624,0.01564,0.01564,0.00810722,0.00870571,0.0445988,0.0527399,0.28873,0.0604208,0.019096,0.019096,0.019096,0.00868244,0.216934,8.42916e-05,0.0109455,0.282007,0.0607022,0.173176,0.128869,0.0819059,0.115152,0.0703577,0.25533,0.006982,0.006982,0.01564,0.01564,0.0306776,0.006982,0.00222115,0.0143719,0.0131332,0.030433,0.030433,0.00522343,0.000819099,0.0552843,0.000267867,0.0019266,0.113667,0.017681,0.017681,0.0373034,0.00228937,0.180819,0.19281,0.0364836,0.0366873,0.015565,0.015565,0.015565,0.00478453,0.00753959,0,0.00182534,0.0521186,0.0195366,9.40579e-05,0.0584788,0.0969535,0.191124,0.030178,0.0739916,0.009609,0.009609,0.017681,0.017681,0.0270875,0.009609,0.0159492,0.00766996,0,0.0191,0.0191,
0.625,0.0023097,0.00433448,0.0295132,0.0726222,0.00843969,0.0287918,0.016241,0.016241,0.00814798,0.00833403,0.0451567,0.0520509,0.298389,0.0614025,0.019103,0.019103,0.019103,0.00902211,0.224731,7.70524e-05,0.0113631,0.292566,0.0600791,0.180288,0.131622,0.0830496,0.101146,0.0712929,0.261952,0.006875,0.006875,0.016241,0.016241,0.0257054,0.006875,0.00209173,0.0133319,0.0132219,0.027587,0.027587,0.00492569,0.000852169,0.0510054,0.000278872,0.0018594,0.115706,0.018014,0.018014,0.0374776,0.00205973,0.176273,0.185081,0.0377596,0.036013,0.015696,0.015696,0.015696,0.0049587,0.00770102,0,0.00189395,0.0542559,0.0188454,8.75617e-05,0.0607909,0.0985625,0.184558,0.0294864,0.068928,0.009279,0.009279,0.018014,0.018014,0.0271536,0.009279,0.016464,0.00698153,0,0.018294,0.018294,
0.63,0.00183155,0.00330891,0.0225311,0.0735509,0.00724894,0.0251329,0.017053,0.017053,0.00787895,0.00744082,0.0454081,0.0528218,0.303291,0.0612636,0.019215,0.019215,0.019215,0.00913468,0.228392,7.80205e-05,0.0115218,0.297249,0.0596886,0.183184,0.129464,0.0822338,0.0953153,0.0708616,0.25925,0.006836,0.006836,0.017053,0.017053,0.0259496,0.006836,0.00209255,0.0128358,0.0125475,0.024665,0.024665,0.00400578,0.000865858,0.0389372,0.000285037,0.00160945,0.113803,0.018347,0.018347,0.0374393,0.002272,0.167478,0.184816,0.0383613,0.0349458,0.015809,0.015809,0.015809,0.00499439,0.00783282,0,0.00192004,0.0551269,0.0183405,8.87075e-05,0.0616053,0.0979428,0.178572,0.0286326,0.0541017,0.009416,0.009416,0.018347,0.018347,0.0272602,0.009416,0.0173588,0.00707399,2.37238e-07,0.017759,0.017759,
0.635,0.00143715,0.00249783,0.0170076,0.0699213,0.00611163,0.0231732,0.018032,0.018032,0.0073999,0.00678375,0.0441431,0.0544637,0.29159,0.0588661,0.019429,0.019429,0.019429,0.00868234,0.218982,8.9994e-05,0.0109908,0.284642,0.0593451,0.174493,0.121586,0.0786125,0.108604,0.0681067,0.244553,0.006852,0.006852,0.018032,0.018032,0.0337495,0.006852,0.00167885,0.0136814,0.0114225,0.021807,0.021807,0.00322583,0.00082678,0.0293929,0.000269916,0.00135513,0.107091,0.018651,0.018651,0.0363442,0.00237773,0.161666,0.195045,0.0367604,0.0341748,0.015917,0.015917,0.015917,0.00473227,0.00766535,0,0.00182987,0.0525147,0.0184463,9.96646e-05,0.058594,0.0936566,0.179416,0.0279371,0.0420078,0.009997,0.009997,0.018651,0.018651,0.0270624,0.009997,0.0158978,0.0081881,0,0.017377,0.017377,
0.64,0.00183822,0.00332791,0.0226599,0.0729541,0.00724466,0.0283578,0.019105,0.019105,0.00808524,0.00801547,0.0476342,0.0604443,0.306471,0.063139,0.019745,0.019745,0.019745,0.00905996,0.229472,0.000107593,0.0114843,0.297686,0.0656881,0.18167,0.129629,0.0846003,0.137555,0.0733451,0.258326,0.006907,0.006907,0.019105,0.019105,0.0433166,0.006907,0.00211916,0.0162753,0.0124813,0.01912,0.01912,0.004028,0.000860345,0.0391608,0.000281553,0.00160446,0.114863,0.018897,0.018897,0.0395319,0.0028577,0.183925,0.223437,0.0385793,0.0382981,0.016041,0.016041,0.016041,0.00495498,0.00817902,0,0.00191385,0.0546793,0.0210093,0.000117227,0.0611219,0.10045,0.205541,0.0315621,0.0543224,0.01098,0.01098,0.018897,0.018897,0.0295512,0.01098,0.0169483,0.00984523,7.59885e-08,0.017035,0.017035,
0.645,0.00264868,0.00504192,0.0343302,0.0744056,0.00936941,0.032515,0.020174,0.020174,0.00861625,0.00923591,0.0471889,0.0551966,0.306726,0.0640892,0.020167,0.020167,0.020167,0.00924576,0.230618,8.61594e-05,0.0116483,0.29992,0.063905,0.184387,0.137241,0.0869293,0.117788,0.0746066,0.271999,0.006989,0.006989,0.020174,0.020174,0.0305758,0.006989,0.00235101,0.0149071,0.0140156,0.016683,0.016683,0.00559622,0.000871933,0.0593301,0.000285209,0.0020616,0.120939,0.019065,0.019065,0.0394479,0.00234749,0.190881,0.200642,0.0387803,0.0386915,0.016192,0.016192,0.016192,0.00509587,0.00797796,0,0.0019425,0.0554918,0.0204929,9.66726e-05,0.0622683,0.102919,0.200475,0.0318003,0.0793593,0.012294,0.012294,0.019065,0.019065,0.0285547,0.012294,0.0169586,0.00782995,0,0.016644,0.016644,
0.65,0.00161604,0.0028644,0.0195036,0.0710971,0.00660387,0.0228699,0.021146,0.021146,0.00750003,0.00686411,0.0439714,0.050696,0.293912,0.0603774,0.020698,0.020698,0.020698,0.00884737,0.220855,7.52452e-05,0.0111405,0.287496,0.0595145,0.177222,0.126953,0.0807023,0.0883885,0.0695712,0.263507,0.007085,0.007085,0.021146,0.021146,0.0240233,0.007085,0.00167866,0.0132889,0.0118657,0.014554,0.014554,0.00356724,0.000850745,0.0337065,0.000274118,0.0014615,0.10987,0.019139,0.019139,0.0374596,0.00329854,0.158225,0.177231,0.037014,0.0349301,0.01637,0.01637,0.01637,0.00483066,0.00753983,0,0.00185396,0.053328,0.0193569,8.54882e-05,0.0595438,0.0961068,0.170157,0.0282231,0.0474841,0.013844,0.013844,0.019139,0.019139,0.0260991,0.013844,0.0163147,0.00664624,0,0.016151,0.016151,
0.655,0.00127399,0.00213823,0.01456,0.0711382,0.00573393,0.0197963,0.021939,0.021939,0.00721759,0.00612051,0.0432688,0.0498435,0.293699,0.0587396,0.021331,0.021331,0.021331,0.00884186,0.221121,7.11026e-05,0.0111484,0.287946,0.0567708,0.177737,0.122904,0.0781934,0.0783421,0.0675456,0.252595,0.007183,0.007183,0.021939,0.021939,0.0219857,0.007183,0.00172161,0.0118302,0.0113057,0.012761,0.012761,0.00290619,0.000846905,0.0251613,0.000276616,0.00128045,0.10694,0.019123,0.019123,0.0360399,0.00275968,0.148552,0.170205,0.0370726,0.0326218,0.016565,0.016565,0.016565,0.00480947,0.00752411,0,0.00185576,0.0534835,0.0175607,8.15632e-05,0.0596083,0.0934502,0.160604,0.0264633,0.0369133,0.015508,0.015508,0.019123,0.019123,0.0256803,0.015508,0.016872,0.00634136,2.3848e-07,0.01556,0.01556,
0.66,0.00100447,0.00155623,0.0105963,0.0725094,0.00509483,0.0223972,0.022492,0.022492,0.00748881,0.00648083,0.0470779,0.0620576,0.306994,0.0615089,0.022061,0.022061,0.022061,0.00899825,0.229771,0.000113742,0.0114487,0.29804,0.0644302,0.181518,0.122853,0.0814776,0.134813,0.0711459,0.247081,0.007272,0.007272,0.022492,0.022492,0.0468913,0.007272,0.00160737,0.0157932,0.0110385,0.011297,0.011297,0.00241391,0.000859991,0.0183127,0.000280789,0.00113717,0.108915,0.019038,0.019038,0.0384914,0.00278501,0.168823,0.22684,0.038576,0.0361612,0.016771,0.016771,0.016771,0.00487984,0.00825512,0,0.00190528,0.0546339,0.0200347,0.000123169,0.0608112,0.0972097,0.196987,0.0296626,0.0285221,0.017159,0.017159,0.019038,0.019038,0.0295378,0.017159,0.0165557,0.0104203,0,0.014929,0.014929,
0.665,0.00173206,0.0030687,0.0208931,0.0763984,0.00708521,0.0294855,0.022763,0.022763,0.00875706,0.00881881,0.0510791,0.0666358,0.324233,0.0677149,0.022879,0.022879,0.022879,0.00949705,0.24185,0.000125709,0.0120563,0.31329,0.0725102,0.190455,0.136439,0.0902452,0.159018,0.0785744,0.277049,0.007341,0.007341,0.022763,0.022763,0.0525813,0.007341,0.00274418,0.0190627,0.0127441,0.010138,0.010138,0.00384449,0.000910125,0.0361085,0.000294595,0.00157093,0.120407,0.018921,0.018921,0.0433054,0.00434655,0.195778,0.250048,0.0406326,0.0420933,0.016988,0.016988,0.016988,0.00518556,0.00873638,0,0.00200788,0.0573249,0.0240912,0.000135337,0.0640199,0.107155,0.224387,0.0345914,0.0508585,0.018676,0.018676,0.018921,0.018921,0.0318571,0.018676,0.0180218,0.0114428,0,0.014369,0.014369,
0.67,0.00246538,0.00459295,0.0312732,0.0817084,0.00915439,0.0345884,0.022726,0.022726,0.00932332,0.00970571,0.053362,0.0666332,0.341816,0.0712272,0.023771,0.023771,0.023771,0.0101498,0.256067,0.000116835,0.0128448,0.332303,0.0738025,0.202998,0.148132,0.0959431,0.154563,0.0829077,0.294074,0.007385,0.007385,0.022726,0.022726,0.0464391,0.007385,0.00248392,0.0183535,0.0146546,0.009247,0.009247,0.0052969,0.00096115,0.054047,0.000314001,0.00201933,0.131168,0.01881,0.01881,0.044502,0.00307777,0.21273,0.247483,0.043065,0.0437299,0.017225,0.017225,0.017225,0.00557178,0.00908795,0,0.00214128,0.0610981,0.0238425,0.000127707,0.068425,0.11368,0.233493,0.0360408,0.0734248,0.019972,0.019972,0.01881,0.01881,0.0329868,0.019972,0.0187367,0.0106812,0,0.014021,0.014021,
0.675,0.00268488,0.00502542,0.0342176,0.0853603,0.00983696,0.0335497,0.022382,0.022382,0.00958361,0.00973586,0.0533881,0.061142,0.351563,0.0732297,0.024703,0.024703,0.024703,0.0106358,0.264486,9.12186e-05,0.0133635,0.344118,0.0723012,0.211937,0.156431,0.0988338,0.118515,0.0848666,0.317221,0.007405,0.007405,0.022382,0.022382,0.0299743,0.007405,0.00255075,0.0164555,0.0154854,0.008591,0.008591,0.00572623,0.00101014,0.0591357,0.0003278,0.00216737,0.13649,0.018753,0.018753,0.0452437,0.00335553,0.206759,0.217977,0.0443715,0.0434757,0.017497,0.017497,0.017497,0.00583806,0.00908739,7.63209e-06,0.00222598,0.0638969,0.0234966,0.000103463,0.0714712,0.117244,0.217215,0.0354516,0.0800997,0.020991,0.020991,0.018753,0.018753,0.0318523,0.020991,0.0195811,0.00815604,0,0.014015,0.014015,
0.68,0.00260178,0.00486566,0.0331302,0.0838055,0.00957554,0.0322225,0.021756,0.021756,0.00931913,0.00940339,0.0517617,0.0588638,0.343794,0.0706683,0.025633,0.025633,0.025633,0.0104143,0.259012,8.45649e-05,0.0131064,0.337304,0.0686587,0.208121,0.151738,0.0954916,0.109463,0.0819385,0.303784,0.007405,0.007405,0.021756,0.021756,0.0269708,0.007405,0.00239805,0.0149829,0.0151513,0.008152,0.008152,0.00555824,0.000985596,0.0572561,0.000322248,0.00211153,0.132999,0.018805,0.018805,0.0431249,0.00253171,0.199503,0.207428,0.0435043,0.0411405,0.017822,0.017822,0.017822,0.00572066,0.00882766,0,0.00218428,0.06263,0.0215816,9.68199e-05,0.0701517,0.113398,0.207941,0.0336186,0.0775716,0.021696,0.021696,0.018805,0.018805,0.030919,0.021696,0.0191485,0.00762207,4.60978e-08,0.014455,0.014455,
0.685,0.00332782,0.00641268,0.0436613,0.081692,0.011346,0.0391776,0.02091,0.02091,0.0101634,0.0113895,0.0526307,0.0610436,0.337389,0.0719139,0.026521,0.026521,0.026521,0.0102817,0.254262,9.67744e-05,0.012819,0.329886,0.0724617,0.202013,0.15467,0.0978333,0.137844,0.0838696,0.308069,0.007393,0.007393,0.02091,0.02091,0.034745,0.007393,0.00397041,0.0175415,0.0160716,0.007932,0.007932,0.00694217,0.000957991,0.0754569,0.000312374,0.00249228,0.136013,0.019032,0.019032,0.0448904,0.00341237,0.21977,0.225066,0.042547,0.0446076,0.018212,0.018212,0.018212,0.00564663,0.00903369,4.97436e-05,0.00213425,0.0615745,0.0240355,0.000108042,0.068498,0.115511,0.228957,0.0367926,0.100246,0.022066,0.022066,0.019032,0.019032,0.0316934,0.022066,0.019271,0.00875719,0,0.015423,0.015423,
0.69,0.00339675,0.00653157,0.0444723,0.0850725,0.0116409,0.038991,0.019941,0.019941,0.0102262,0.0110963,0.0537914,0.0604983,0.349418,0.0738242,0.027331,0.027331,0.027331,0.0107239,0.263978,8.92033e-05,0.0133343,0.342725,0.0727974,0.210462,0.160072,0.100461,0.126245,0.0859451,0.319347,0.007375,0.007375,0.019941,0.019941,0.0293127,0.007375,0.00383017,0.0167292,0.0166225,0.007953,0.007953,0.0070914,0.000996974,0.0768569,0.000326524,0.00256091,0.140417,0.019489,0.019489,0.0456922,0.00315391,0.22071,0.218673,0.0441323,0.0448268,0.018668,0.018668,0.018668,0.0058793,0.00929587,5.8784e-05,0.00221978,0.0642551,0.0238083,0.000101295,0.0713543,0.118724,0.226497,0.0369538,0.102321,0.022085,0.022085,0.019489,0.019489,0.0320076,0.022085,0.0202879,0.00803424,1.54738e-07,0.016974,0.016974,
0.695,0.00290025,0.00550291,0.0374676,0.0815958,0.0102492,0.0345546,0.018963,0.018963,0.00954913,0.00993709,0.0510952,0.0580766,0.335364,0.069859,0.02803,0.02803,0.02803,0.0102852,0.253589,8.54211e-05,0.0127997,0.329404,0.0685284,0.20228,0.150667,0.0947479,0.115937,0.0812004,0.30124,0.007363,0.007363,0.018963,0.018963,0.0280288,0.007363,0.00333108,0.0154275,0.0153489,0.008258,0.008258,0.00610897,0.00095752,0.0647522,0.000312779,0.00225357,0.132096,0.020208,0.020208,0.0429949,0.00271877,0.20384,0.207715,0.0423519,0.0416372,0.019189,0.019189,0.019189,0.0056197,0.00893169,5.7921e-05,0.00212891,0.0617786,0.0219956,9.70542e-05,0.0684686,0.112188,0.211127,0.0341946,0.0870654,0.021754,0.021754,0.020208,0.020208,0.0305204,0.021754,0.0189406,0.00769739,0,0.019126,0.019126,
0.7,0.00267472,0.0050455,0.0343546,0.0808594,0.0096607,0.0328611,0.018086,0.018086,0.00914684,0.00947972,0.0503698,0.0579006,0.332062,0.0685756,0.028581,0.028581,0.028581,0.0100462,0.250077,8.56676e-05,0.012649,0.325548,0.0671502,0.200618,0.147326,0.0928641,0.113886,0.0796677,0.292897,0.00737,0.00737,0.018086,0.018086,0.0285637,0.00737,0.00238608,0.0149754,0.0148928,0.008908,0.008908,0.00568381,0.000948254,0.0593723,0.000310317,0.00212735,0.129529,0.021184,0.021184,0.041879,0.00230822,0.198436,0.206441,0.0420252,0.0404191,0.019765,0.019765,0.019765,0.00552677,0.00856836,0,0.00210859,0.0603741,0.0211525,9.73643e-05,0.0676788,0.110145,0.207081,0.033114,0.079936,0.021101,0.021101,0.021184,0.021184,0.0302729,0.021101,0.0183434,0.0077619,0,0.021874,0.021874,
0.705,0.00282863,0.00536415,0.0365242,0.0819888,0.010094,0.0345309,0.017403,0.017403,0.00938263,0.00989373,0.0514259,0.0593947,0.337055,0.0699944,0.028959,0.028959,0.028959,0.0101874,0.253689,8.95221e-05,0.0128276,0.330135,0.0689886,0.203285,0.150359,0.0948888,0.120868,0.081393,0.29847,0.007407,0.007407,0.017403,0.017403,0.0305262,0.007407,0.00250307,0.0156621,0.0152945,0.009973,0.009973,0.00599,0.000961001,0.0631219,0.00031444,0.00222169,0.132306,0.022368,0.022368,0.0428705,0.00243005,0.205268,0.213448,0.0426448,0.0416856,0.020382,0.020382,0.020382,0.00561033,0.00871985,0,0.00213877,0.0611774,0.0219065,0.000101287,0.0686176,0.112447,0.214375,0.0341984,0.0846611,0.020192,0.020192,0.022368,0.022368,0.0309723,0.020192,0.0186344,0.00811974,0,0.02521,0.02521,
0.71,0.00315624,0.00606033,0.041264,0.0820714,0.0109344,0.037143,0.01699,0.01699,0.00972433,0.0107056,0.051811,0.0593878,0.336946,0.0707707,0.029145,0.029145,0.029145,0.0102001,0.253528,8.95912e-05,0.0128321,0.329866,0.0699631,0.203113,0.152963,0.0962722,0.12551,0.082446,0.302663,0.00748,0.00748,0.01699,0.01699,0.0306502,0.00748,0.00287247,0.0161669,0.0158489,0.011516,0.011516,0.00662407,0.000960183,0.0713136,0.00031417,0.00240387,0.134686,0.023683,0.023683,0.0434708,0.00258811,0.212525,0.215314,0.0426403,0.0428008,0.021021,0.021021,0.021021,0.00563393,0.00871444,0,0.00214046,0.0611263,0.0225154,0.000101342,0.0686637,0.113894,0.219957,0.0351832,0.0947895,0.019124,0.019124,0.023683,0.023683,0.0311622,0.019124,0.0187779,0.00812925,0,0.029133,0.029133,
0.715,0.00344292,0.00667076,0.0454227,0.0821481,0.0116734,0.0398358,0.016917,0.016917,0.00988054,0.0111864,0.0528551,0.0604169,0.338375,0.0720804,0.029132,0.029132,0.029132,0.0102141,0.254079,9.35332e-05,0.0128437,0.33003,0.0721879,0.202972,0.15544,0.0981698,0.135064,0.0840495,0.306812,0.007591,0.007591,0.016917,0.016917,0.0328916,0.007591,0.00342267,0.0171407,0.0163357,0.013574,0.013574,0.00718184,0.000959944,0.0784974,0.000317483,0.00257868,0.137215,0.025046,0.025046,0.0448426,0.00324467,0.221104,0.222108,0.0428055,0.0445248,0.021665,0.021665,0.021665,0.00565466,0.00878799,0,0.00214577,0.061086,0.0237352,0.000105146,0.0687125,0.115951,0.228591,0.0369385,0.103695,0.017996,0.017996,0.025046,0.025046,0.031652,0.017996,0.0203539,0.0085052,4.99036e-07,0.033647,0.033647,
0.72,0.0037858,0.00736698,0.0501615,0.0862725,0.0126921,0.0421491,0.017237,0.017237,0.0104225,0.0118961,0.0545229,0.0608569,0.352641,0.0752002,0.028929,0.028929,0.028929,0.0107288,0.265388,8.88564e-05,0.0134664,0.345363,0.074058,0.212962,0.164593,0.102814,0.130771,0.0877297,0.325809,0.007741,0.007741,0.017237,0.017237,0.0289922,0.007741,0.00308332,0.0171796,0.0174375,0.016145,0.016145,0.00786676,0.00100839,0.0866901,0.000329599,0.00278635,0.144601,0.026374,0.026374,0.0462238,0.00280115,0.230495,0.221645,0.0446549,0.0461421,0.022294,0.022294,0.022294,0.00594934,0.00906435,0,0.00224755,0.0640889,0.0242897,0.000101323,0.07214,0.121357,0.234054,0.037949,0.114141,0.016894,0.016894,0.026374,0.026374,0.0325142,0.016894,0.0198006,0.00801973,2.87405e-08,0.038733,0.038733,
0.725,0.003858,0.00751856,0.0511874,0.0852418,0.0128274,0.041691,0.017989,0.017989,0.0116458,0.0141333,0.0534501,0.0578296,0.346951,0.0742497,0.028567,0.028567,0.028567,0.0106029,0.261231,7.9064e-05,0.0132883,0.340195,0.0720139,0.210286,0.163366,0.101418,0.118413,0.0866098,0.323968,0.007924,0.007924,0.017989,0.017989,0.0243458,0.007924,0.00571613,0.0166469,0.0174153,0.019164,0.019164,0.0079861,0.000996095,0.0884653,0.000325703,0.00282071,0.143489,0.027584,0.027584,0.0460077,0.00410434,0.225281,0.208053,0.0439477,0.0452793,0.02289,0.02289,0.02289,0.00588847,0.00883119,0,0.00221769,0.0632844,0.0237754,9.16445e-05,0.0712639,0.119926,0.225274,0.0372662,0.116252,0.015888,0.015888,0.027584,0.027584,0.0315085,0.015888,0.0208404,0.00713495,6.33991e-08,0.044315,0.044315,
0.73,0.00374788,0.00729663,0.0496824,0.0849521,0.0125487,0.0396138,0.019195,0.019195,0.0101183,0.0113813,0.052019,0.054857,0.343507,0.072626,0.028089,0.028089,0.028089,0.0105655,0.259374,6.85773e-05,0.0132243,0.338223,0.0689385,0.209679,0.161701,0.0994916,0.102231,0.0845686,0.321133,0.008131,0.008131,0.019195,0.019195,0.0175014,0.008131,0.00288722,0.0147682,0.0172036,0.0225,0.0225,0.0077767,0.000992408,0.0858622,0.000324317,0.00275315,0.141367,0.028583,0.028583,0.0439991,0.00230038,0.216534,0.193272,0.0436086,0.0432786,0.023431,0.023431,0.023431,0.00585993,0.00866009,0,0.00220655,0.0630957,0.0222249,8.14511e-05,0.0710218,0.117575,0.213203,0.0354148,0.113011,0.015035,0.015035,0.028583,0.028583,0.0304493,0.015035,0.0192794,0.00611462,0,0.050226,0.050226,
0.735,0.00361543,0.00700863,0.0477247,0.0851364,0.0122138,0.0379635,0.020852,0.020852,0.0100106,0.0110241,0.052519,0.0535681,0.345525,0.0736944,0.027543,0.027543,0.027543,0.0106141,0.260312,6.40248e-05,0.0132509,0.338836,0.0701263,0.210285,0.162629,0.100365,0.0930715,0.0854233,0.329169,0.008351,0.008351,0.020852,0.020852,0.0142109,0.008351,0.00383748,0.0149639,0.0170024,0.025971,0.025971,0.00751465,0.00100287,0.082473,0.000331672,0.00270799,0.14142,0.029275,0.029275,0.0456407,0.00407189,0.21111,0.186534,0.0437839,0.0439393,0.023894,0.023894,0.023894,0.00587413,0.00867404,4.50423e-06,0.00221387,0.063346,0.0233991,7.70115e-05,0.0711925,0.118759,0.207412,0.0362218,0.108944,0.014394,0.014394,0.029275,0.029275,0.029981,0.014394,0.0223287,0.00560467,9.08491e-07,0.056209,0.056209,
0.74,0.00347286,0.00668524,0.045512,0.0857063,0.0118462,0.0362601,0.022937,0.022937,0.0117759,0.0139209,0.0521939,0.0522737,0.346803,0.0740568,0.026982,0.026982,0.026982,0.0106785,0.26127,5.8317e-05,0.013332,0.340686,0.0696053,0.211878,0.163405,0.100417,0.0821075,0.0857428,0.334994,0.008572,0.008572,0.022937,0.022937,0.0114979,0.008572,0.00680172,0.015102,0.0168253,0.02939,0.02939,0.00722423,0.00101552,0.0786558,0.000330492,0.00261984,0.141433,0.029594,0.029594,0.0463094,0.0058604,0.205316,0.178683,0.0438729,0.0437103,0.024261,0.024261,0.024261,0.00591094,0.00859551,0,0.00222374,0.063755,0.023534,7.15711e-05,0.0716536,0.119217,0.200565,0.0356758,0.104238,0.014019,0.014019,0.029594,0.029594,0.0296021,0.014019,0.0225498,0.00504188,3.93833e-07,0.06195,0.06195,
0.745,0.00289179,0.00547727,0.0372983,0.0811158,0.010204,0.0310057,0.025414,0.025414,0.00931848,0.00929007,0.049792,0.0495007,0.331121,0.069729,0.026458,0.026458,0.026458,0.010307,0.250657,5.51396e-05,0.0126847,0.325085,0.0657497,0.201082,0.151738,0.0940328,0.0719942,0.0803154,0.313749,0.008783,0.008783,0.025414,0.025414,0.00959191,0.008783,0.00517023,0.0133477,0.0152615,0.032619,0.032619,0.00606526,0.000962767,0.0644495,0.000322117,0.00229001,0.131156,0.02952,0.02952,0.0439389,0.00520554,0.185469,0.166702,0.0418082,0.0404713,0.024513,0.024513,0.024513,0.00561002,0.00864383,8.04693e-05,0.00211375,0.0617611,0.0220815,6.74844e-05,0.0681142,0.111622,0.183003,0.0336105,0.0869366,0.01396,0.01396,0.02952,0.02952,0.0277496,0.01396,0.024028,0.00472637,1.58817e-06,0.067139,0.067139,
0.75,0.00327035,0.006061,0.041257,0.0791709,0.0109124,0.0326192,0.028246,0.028246,0.0120661,0.00987716,0.0514509,0.0478419,0.333859,0.0710134,0.026026,0.026026,0.026026,0.0121868,0.268247,5.15609e-05,0.012997,0.336616,0.0676566,0.196816,0.152756,0.0951586,0.0710087,0.0816547,0.329517,0.008977,0.008977,0.028246,0.028246,0.00671682,0.008977,0.0190306,0.0135275,0.0154487,0.035561,0.035561,0.00656708,0.000936548,0.0712814,0.000324431,0.00246693,0.130484,0.029082,0.029082,0.0489015,0.0095581,0.187117,0.158693,0.0409637,0.0424516,0.024633,0.024633,0.024633,0.0059437,0.0130689,0.000934959,0.00209711,0.0738311,0.024594,6.11167e-05,0.0692723,0.111952,0.180541,0.037344,0.101391,0.014246,0.014246,0.029082,0.029082,0.0268878,0.014246,0.0337774,0.00421319,3.06202e-06,0.071485,0.071485,
0.755,0.00299493,0.00571495,0.0389242,0.078239,0.0103709,0.0324119,0.031387,0.031387,0.00927367,0.0095289,0.0507015,0.0499919,0.3244,0.0699249,0.025749,0.025749,0.025749,0.0100039,0.244193,6.16111e-05,0.0122603,0.314518,0.0682556,0.193735,0.148425,0.093706,0.0842215,0.0803823,0.307083,0.009151,0.009151,0.031387,0.031387,0.0140931,0.009151,0.00785644,0.0147308,0.015057,0.038152,0.038152,0.00624642,0.00092874,0.0672457,0.000325899,0.00238963,0.129432,0.028348,0.028348,0.0461854,0.00798259,0.188133,0.173021,0.0408701,0.0420799,0.024611,0.024611,0.024611,0.00543359,0.0086624,9.80893e-05,0.00205263,0.0598318,0.0240125,7.31647e-05,0.0657664,0.111177,0.188345,0.0361928,0.0903784,0.014868,0.014868,0.028348,0.028348,0.0275954,0.014868,0.0303483,0.00538522,3.73122e-06,0.074712,0.074712,
0.76,0.00319731,0.00578007,0.0393314,0.0757317,0.0104785,0.0320965,0.034752,0.034752,0.0144434,0.011559,0.052485,0.048256,0.330031,0.0713643,0.025677,0.025677,0.025677,0.0130446,0.273592,5.83558e-05,0.0128594,0.335935,0.0702694,0.188877,0.148851,0.0944623,0.0797052,0.0818412,0.333248,0.009303,0.009303,0.034752,0.034752,0.0111017,0.009303,0.0298745,0.0150736,0.0147592,0.040339,0.040339,0.00626749,0.000900193,0.0679464,0.000321061,0.00240562,0.126376,0.027397,0.027397,0.0530578,0.0145109,0.184086,0.161885,0.0396045,0.044179,0.024453,0.024453,0.024453,0.00598346,0.01568,0.0014499,0.00203421,0.0794942,0.0273686,6.55257e-05,0.0680932,0.11075,0.180459,0.0403266,0.100746,0.015789,0.015789,0.027397,0.027397,0.0263596,0.015789,0.0418047,0.00473903,4.45026e-06,0.076624,0.076624,
0.765,0.0035103,0.00664841,0.0452556,0.0730561,0.0113313,0.0344829,0.038192,0.038192,0.0114209,0.010173,0.0480847,0.0451717,0.307434,0.0676243,0.025833,0.025833,0.025833,0.0111657,0.245956,5.2828e-05,0.0119614,0.309214,0.0658945,0.180973,0.146954,0.091227,0.0789592,0.0780112,0.319872,0.009432,0.009432,0.038192,0.038192,0.00871208,0.009432,0.0164811,0.0144726,0.0150776,0.042075,0.042075,0.00702122,0.000871119,0.0781984,0.000292931,0.00252684,0.124576,0.026316,0.026316,0.0465539,0.00902869,0.186343,0.155773,0.0376479,0.0422411,0.024168,0.024168,0.024168,0.00549989,0.0118496,0.000824563,0.00193042,0.0673368,0.024989,6.14732e-05,0.0637496,0.106906,0.179806,0.0364816,0.108643,0.016951,0.016951,0.026316,0.026316,0.0253645,0.016951,0.0287779,0.00425021,2.04937e-06,0.077143,0.077143,
0.77,0.003486,0.00683526,0.0465467,0.0696211,0.0113256,0.0357737,0.041499,0.041499,0.00884312,0.0101758,0.0455676,0.0453374,0.286721,0.0643414,0.026217,0.026217,0.026217,0.0088726,0.215539,5.94542e-05,0.0108846,0.278331,0.0639839,0.171406,0.139977,0.0873971,0.0922775,0.0744841,0.290411,0.009547,0.009547,0.041499,0.041499,0.0148927,0.009547,0.0058475,0.0151355,0.0147628,0.043317,0.043317,0.0071509,0.000828926,0.0804299,0.000279398,0.00254169,0.121108,0.025195,0.025195,0.0421365,0.00655704,0.187856,0.164137,0.0360683,0.0408957,0.023766,0.023766,0.023766,0.00487736,0.00757306,7.09476e-05,0.00181961,0.0526864,0.0234923,6.95113e-05,0.058399,0.102985,0.185352,0.0344187,0.105723,0.01828,0.01828,0.025195,0.025195,0.0252296,0.01828,0.0231418,0.00511291,2.03815e-06,0.076302,0.076302,
0.775,0.00348732,0.00682779,0.0464933,0.0681049,0.0112549,0.0329441,0.044452,0.044452,0.00872972,0.00964203,0.0429021,0.038022,0.277035,0.0624125,0.026797,0.026797,0.026797,0.00886427,0.210269,3.53675e-05,0.0106535,0.271515,0.0595173,0.167651,0.138922,0.0848748,0.0579774,0.0719346,0.296097,0.009668,0.009668,0.044452,0.044452,0.00054733,0.009668,0.00639253,0.0130029,0.0145496,0.044028,0.044028,0.00711301,0.000818256,0.0803391,0.000271912,0.00251664,0.118124,0.024125,0.024125,0.0407748,0.00683522,0.172025,0.130213,0.0347816,0.038744,0.023259,0.023259,0.023259,0.00481924,0.00743582,0.000138662,0.00177286,0.0526053,0.0224041,4.56482e-05,0.0573233,0.100016,0.16125,0.0322938,0.105999,0.019686,0.019686,0.024125,0.024125,0.0226914,0.019686,0.0225687,0.00272291,1.82011e-06,0.07426,0.07426,
0.78,0.00334235,0.00650475,0.0442577,0.0673581,0.0108089,0.0338909,0.046878,0.046878,0.0158032,0.0227404,0.04392,0.0420359,0.276083,0.0640546,0.027528,0.027528,0.027528,0.00843007,0.205463,5.06171e-05,0.01048,0.267003,0.0629394,0.165786,0.13783,0.0856683,0.0777455,0.0742131,0.294347,0.009824,0.009824,0.046878,0.046878,0.0141452,0.009824,0.0181292,0.0173173,0.0141921,0.04419,0.04419,0.00681217,0.000815869,0.0764963,0.000261807,0.002419,0.118773,0.023205,0.023205,0.0444866,0.0140177,0.17715,0.149523,0.0345093,0.0410928,0.022666,0.022666,0.022666,0.00471089,0.00678311,0,0.00174896,0.0498969,0.0247348,6.06616e-05,0.0562519,0.102152,0.173639,0.0339167,0.100156,0.021083,0.021083,0.023205,0.023205,0.0239851,0.021083,0.0251675,0.00433104,7.6664e-07,0.071315,0.071315,
0.785,0.00338265,0.00663907,0.0451993,0.0625822,0.0107768,0.0325206,0.048683,0.048683,0.0102533,0.0130044,0.041033,0.0368509,0.257081,0.0602418,0.028368,0.028368,0.028368,0.00810967,0.193349,4.04369e-05,0.00978671,0.249357,0.0594923,0.153806,0.131677,0.0813501,0.0659461,0.0694468,0.286333,0.010048,0.010048,0.048683,0.048683,0.00569642,0.010048,0.0100211,0.0148606,0.0136515,0.043828,0.043828,0.00686959,0.000762219,0.0781066,0.000250605,0.00241965,0.111664,0.022529,0.022529,0.0411548,0.0100238,0.166407,0.130927,0.0320814,0.0390662,0.022025,0.022025,0.022025,0.00444108,0.00680641,0.00010557,0.00163068,0.0479272,0.0238256,4.95922e-05,0.0525835,0.0960088,0.159188,0.0325829,0.102587,0.022407,0.022407,0.022529,0.022529,0.0215676,0.022407,0.0232958,0.00317674,1.82903e-06,0.06789,0.06789,
0.79,0.00311139,0.00602845,0.0410101,0.0607395,0.00995443,0.0305698,0.049848,0.049848,0.0164807,0.0238648,0.0405133,0.036232,0.25103,0.059337,0.029289,0.029289,0.029289,0.00786341,0.187906,3.94148e-05,0.00951316,0.242383,0.058205,0.149505,0.126174,0.0786454,0.0618587,0.0685223,0.274848,0.010367,0.010367,0.049848,0.049848,0.00975577,0.010367,0.0226027,0.0163598,0.0129221,0.043025,0.043025,0.00628656,0.000740287,0.0708798,0.000242966,0.00226067,0.108509,0.022158,0.022158,0.0431464,0.0165706,0.157938,0.126626,0.0311609,0.0383632,0.021379,0.021379,0.021379,0.00431454,0.00660733,0.000100541,0.00158256,0.0465708,0.0239092,4.83222e-05,0.0510432,0.0940164,0.152617,0.0322946,0.0934432,0.02362,0.02362,0.022158,0.022158,0.0211682,0.02362,0.0282729,0.00330328,1.68768e-06,0.064474,0.064474,
0.795,0.00269492,0.00454899,0.030901,0.0582958,0.00830999,0.0242869,0.050402,0.050402,0.0186253,0.0149972,0.0426029,0.035265,0.267263,0.0600422,0.030284,0.030284,0.030284,0.0132833,0.244619,3.91941e-05,0.0108435,0.288177,0.0597116,0.146699,0.124445,0.0782244,0.0499289,0.0686118,0.317133,0.010796,0.010796,0.050402,0.050402,0.00320652,0.010796,0.0463765,0.0142194,0.0114246,0.041856,0.041856,0.0049058,0.000718145,0.0533981,0.000236405,0.00184148,0.0991103,0.022097,0.022097,0.0503282,0.0199782,0.139524,0.112285,0.0299422,0.0390668,0.020778,0.020778,0.020778,0.00532199,0.018833,0.0024123,0.0015967,0.0818343,0.0273137,4.08267e-05,0.0566188,0.0906322,0.132317,0.0359927,0.0882156,0.024704,0.024704,0.022097,0.022097,0.0193198,0.024704,0.039501,0.00247461,1.9564e-06,0.061514,0.061514,
0.8,0.00254935,0.0041059,0.0278817,0.0562667,0.00775084,0.0242388,0.05041,0.05041,0.0169073,0.0088259,0.0432519,0.0394068,0.268368,0.060195,0.031355,0.031355,0.031355,0.0145789,0.257203,5.88712e-05,0.0110239,0.296953,0.0630096,0.142508,0.123341,0.0786158,0.0744459,0.0688102,0.329082,0.011329,0.011329,0.05041,0.05041,0.0115449,0.011329,0.0472044,0.0152552,0.0108012,0.040386,0.040386,0.00448476,0.000701294,0.0481793,0.000222059,0.00166403,0.0952058,0.022317,0.022317,0.051468,0.0182108,0.143533,0.132807,0.029081,0.0407953,0.020285,0.020285,0.020285,0.00549946,0.0222222,0.0030366,0.00156661,0.0903211,0.0295066,5.76287e-05,0.0569801,0.0896263,0.142756,0.0376924,0.0860559,0.025646,0.025646,0.022317,0.022317,0.0198937,0.025646,0.0371523,0.00395793,1.00441e-06,0.059356,0.059356,
0.805,0.00296985,0.00516153,0.0350815,0.0548004,0.00889879,0.0268905,0.049945,0.049945,0.0147955,0.00834447,0.0401825,0.0355792,0.25237,0.0575039,0.032507,0.032507,0.032507,0.0131225,0.236377,4.77688e-05,0.0103835,0.277038,0.0588897,0.137681,0.122782,0.0764177,0.0669907,0.0660517,0.316754,0.011942,0.011942,0.049945,0.049945,0.00609997,0.011942,0.0377947,0.014097,0.0114298,0.038675,0.038675,0.0054222,0.000679965,0.0606277,0.00020839,0.00189071,0.0954717,0.022771,0.022771,0.0466926,0.0144202,0.14608,0.120855,0.0278987,0.0390349,0.019964,0.019964,0.019964,0.00515582,0.0190994,0.00252228,0.00150285,0.0808277,0.0271664,4.81084e-05,0.0540188,0.0871435,0.139769,0.0349717,0.0975941,0.026433,0.026433,0.022771,0.022771,0.0189006,0.026433,0.0297448,0.0030333,0,0.05821,0.05821,
0.81,0.00330015,0.00564203,0.0383169,0.052731,0.00945926,0.0281796,0.049101,0.049101,0.0209882,0.01544,0.0409906,0.0334436,0.252122,0.0584933,0.033747,0.033747,0.033747,0.0147325,0.249965,4.21909e-05,0.0106051,0.285549,0.0597284,0.133041,0.123396,0.0768064,0.0625433,0.0672828,0.331445,0.012596,0.012596,0.049101,0.049101,0.00445764,0.012596,0.0562524,0.0151709,0.0115177,0.036792,0.036792,0.00582576,0.000654719,0.0662249,0.00020098,0.00201183,0.0947104,0.023415,0.023415,0.0517732,0.0211361,0.145666,0.110215,0.0267112,0.040685,0.019862,0.019862,0.019862,0.00543637,0.0228734,0.00327495,0.0014725,0.0912005,0.0294257,4.00711e-05,0.0547316,0.0872518,0.135114,0.0377464,0.109728,0.027055,0.027055,0.023415,0.023415,0.0179632,0.027055,0.0381215,0.00241438,1.5728e-07,0.058106,0.058106,
0.815,0.00349154,0.00626171,0.0425667,0.0538696,0.0101842,0.0312944,0.047998,0.047998,0.0162658,0.0111299,0.0404615,0.0358147,0.248689,0.0577029,0.035089,0.035089,0.035089,0.0131161,0.234358,4.97973e-05,0.0102648,0.273702,0.0594667,0.134804,0.124157,0.0771351,0.0781063,0.0666796,0.314781,0.013245,0.013245,0.047998,0.047998,0.00854378,0.013245,0.0407167,0.0148915,0.0121624,0.03483,0.03483,0.00641104,0.00066072,0.0735656,0.00020386,0.00217102,0.0976758,0.024208,0.024208,0.0473221,0.0151822,0.15751,0.125332,0.0274093,0.0401964,0.020015,0.020015,0.020015,0.00514364,0.0192767,0.00256815,0.00148077,0.0806845,0.02758,4.9769e-05,0.0533605,0.0877667,0.149115,0.0362884,0.113807,0.027515,0.027515,0.024208,0.024208,0.0191658,0.027515,0.0307036,0.00331685,0,0.058941,0.058941,
0.82,0.00409542,0.00755504,0.051371,0.0500877,0.0115813,0.0348586,0.046764,0.046764,0.0176734,0.0140244,0.0392688,0.0313542,0.233264,0.055764,0.036548,0.036548,0.036548,0.0127974,0.223482,3.86317e-05,0.00968789,0.257996,0.0570608,0.124673,0.120925,0.0747685,0.0735068,0.0646367,0.302777,0.013841,0.013841,0.046764,0.046764,0.0042962,0.013841,0.0456475,0.0144222,0.0126597,0.032921,0.032921,0.00753247,0.000604723,0.0887746,0.000197897,0.00251601,0.0963511,0.025111,0.025111,0.0474223,0.0172708,0.159931,0.11003,0.0254935,0.0398415,0.020439,0.020439,0.020439,0.0049529,0.0191568,0.00262917,0.00138804,0.0785959,0.027233,3.81032e-05,0.0503559,0.0848469,0.144934,0.0371005,0.132756,0.027833,0.027833,0.025111,0.025111,0.0176597,0.027833,0.0355384,0.00243031,1.38546e-06,0.060558,0.060558,
0.825,0.00507613,0.0103849,0.0706756,0.040068,0.0142737,0.0435853,0.045508,0.045508,0.0141223,0.0230218,0.0289199,0.0220956,0.160139,0.045274,0.038137,0.038137,0.038137,0.00540897,0.121266,2.17798e-05,0.00624839,0.155763,0.0456769,0.095208,0.106908,0.0635343,0.076531,0.053779,0.223097,0.014347,0.014347,0.045508,0.045508,0.00453006,0.014347,0.0181561,0.0149211,0.0135233,0.031263,0.031263,0.00997091,0.000475117,0.122155,0.000147312,0.00312724,0.0919664,0.026086,0.026086,0.0328991,0.0116344,0.167242,0.0930954,0.0198226,0.0348132,0.02113,0.02113,0.02113,0.00305786,0.00454236,0.000146395,0.00103544,0.0309469,0.0209011,2.72701e-05,0.0337096,0.0738721,0.146302,0.029211,0.155347,0.028036,0.028036,0.026086,0.026086,0.0150143,0.028036,0.0169884,0.00171824,5.48757e-08,0.062755,0.062755,
0.83,0.00636562,0.0131872,0.0897176,0.0297753,0.0171635,0.053557,0.04431,0.04431,0.0230568,0.0413266,0.0254737,0.0162846,0.116571,0.0410408,0.039851,0.039851,0.039851,0.00376738,0.0840601,1.51812e-05,0.00451142,0.10844,0.042393,0.0676571,0.0980066,0.0578526,0.0922799,0.0500211,0.191593,0.014737,0.014737,0.04431,0.04431,0.0102947,0.014737,0.0353637,0.0182201,0.0143131,0.030108,0.030108,0.0123776,0.000336757,0.155079,0.000106935,0.00379339,0.0884446,0.027084,0.027084,0.0339954,0.020453,0.180523,0.0820817,0.01442,0.0357884,0.022043,0.022043,0.022043,0.00238059,0.00269208,0,0.000763552,0.0203983,0.0216472,1.94186e-05,0.0245162,0.0678058,0.152591,0.0310092,0.194098,0.028156,0.028156,0.027084,0.027084,0.0128831,0.028156,0.0230035,0.00158034,3.3488e-07,0.065291,0.065291,
0.835,0.0064566,0.0134362,0.0914275,0.0254191,0.0172763,0.0537906,0.04323,0.04323,0.0206973,0.0377543,0.023484,0.0135506,0.0994574,0.0369686,0.041653,0.041653,0.041653,0.00321671,0.0711234,1.13516e-05,0.00382232,0.0906405,0.0385042,0.0565927,0.0893164,0.0527608,0.0918053,0.0453417,0.165991,0.015004,0.015004,0.04323,0.04323,0.00880787,0.015004,0.0329137,0.0164509,0.0139203,0.029711,0.029711,0.0125472,0.00027302,0.158021,9.99381e-05,0.00385166,0.0824112,0.028042,0.028042,0.0311439,0.018654,0.175563,0.0735605,0.0124436,0.0333372,0.023099,0.023099,0.023099,0.00208109,0.00232167,0,0.00065775,0.0170702,0.0197084,1.50062e-05,0.0208744,0.0614658,0.14594,0.0299003,0.197397,0.028217,0.028217,0.028042,0.028042,0.0115086,0.028217,0.0244633,0.0013581,1.7613e-06,0.067914,0.067914,
0.84,0.00602113,0.0124934,0.0850307,0.0305437,0.0163815,0.0506554,0.042302,0.042302,0.0177704,0.0318344,0.0268636,0.0165212,0.123113,0.0398099,0.043455,0.043455,0.043455,0.00384877,0.0886562,1.3483e-05,0.00462889,0.112142,0.0409567,0.0700109,0.0925848,0.0559762,0.0866785,0.0480285,0.170433,0.015158,0.015158,0.042302,0.042302,0.00719915,0.015158,0.0292233,0.0150845,0.0138818,0.030253,0.030253,0.01176,0.000329846,0.146946,0.000136793,0.00371821,0.0861001,0.028897,0.028897,0.0326843,0.0173499,0.173169,0.079362,0.0155838,0.0333878,0.024217,0.024217,0.024217,0.00238587,0.00296685,0,0.000802676,0.0211049,0.0195284,1.80862e-05,0.0252224,0.0654298,0.146123,0.0309266,0.184207,0.028242,0.028242,0.028897,0.028897,0.0128535,0.028242,0.0298189,0.0015865,4.03182e-06,0.070423,0.070423,
0.845,0.0070383,0.0142234,0.0967766,0.0278902,0.0185157,0.0569211,0.041538,0.041538,0.0207344,0.028745,0.0289672,0.0161998,0.129191,0.0431945,0.04516,0.04516,0.04516,0.00774402,0.125735,1.81271e-05,0.00544831,0.140312,0.0466142,0.0642329,0.102188,0.0611687,0.102737,0.0521695,0.224589,0.015227,0.015227,0.041538,0.041538,0.00524234,0.015227,0.046753,0.0165488,0.0148616,0.031824,0.031824,0.0132968,0.000305177,0.167248,0.000115903,0.00409055,0.0876212,0.029603,0.029603,0.0398765,0.0199482,0.190064,0.0808632,0.0138464,0.0390721,0.025346,0.025346,0.025346,0.00315043,0.0117967,0.00169949,0.000782948,0.0459103,0.0252966,1.68904e-05,0.0284944,0.0684393,0.156533,0.0373025,0.221234,0.028253,0.028253,0.029603,0.029603,0.0121795,0.028253,0.0340995,0.00129665,2.77659e-06,0.072741,0.072741,
0.85,0.0034688,0.00637263,0.0433132,0.0287808,0.00922,0.0280799,0.040926,0.040926,0.0210029,0.0219476,0.0306189,0.0185941,0.154071,0.0404435,0.046686,0.046686,0.046686,0.00999252,0.159444,2.19715e-05,0.00632912,0.171515,0.0434758,0.0717094,0.0784005,0.0515984,0.0552646,0.0466178,0.205094,0.015265,0.015265,0.040926,0.040926,0.00524414,0.015265,0.0613572,0.0127769,0.00885071,0.034398,0.034398,0.00616968,0.000336548,0.0748267,0.00015278,0.002175,0.0651793,0.030135,0.030135,0.0434366,0.0268146,0.113247,0.0650854,0.0155808,0.0313844,0.026471,0.026471,0.026471,0.00346616,0.0169424,0.00256781,0.000859007,0.0617289,0.0236531,1.84988e-05,0.0323681,0.0588277,0.0992498,0.0335317,0.113484,0.028281,0.028281,0.030135,0.030135,0.0108273,0.028281,0.0515193,0.00149259,6.56258e-06,0.074936,0.074936,
0.855,0.000979466,0.000372849,0.00242528,0.0320564,0.00242116,0.00755122,0.040427,0.040427,0.0248549,0.0132905,0.0388915,0.0260112,0.208129,0.0464566,0.04798,0.04798,0.04798,0.0164972,0.2444,4.20804e-05,0.0087521,0.249415,0.0525885,0.0858936,0.0726226,0.0538782,0.0387743,0.0512785,0.254803,0.015348,0.015348,0.040427,0.040427,0.00914894,0.015348,0.094424,0.0124724,0.00459708,0.037819,0.037819,0.00076038,0.000403218,0.00413284,0.000198182,0.000759229,0.0528343,0.030488,0.030488,0.0585356,0.038272,0.0673462,0.0719796,0.0186001,0.0330327,0.027606,0.027606,0.027606,0.00482944,0.0310256,0.00502646,0.00105222,0.10441,0.0302576,3.13917e-05,0.0433902,0.0604251,0.0703659,0.0397583,0.0442111,0.028366,0.028366,0.030488,0.030488,0.0112416,0.028366,0.0784702,0.00254656,1.04918e-05,0.077189,0.077189,
0.86,0.00228159,0.00275703,0.0186193,0.035156,0.00555117,0.0163045,0.039987,0.039987,0.0283678,0.0126463,0.0409616,0.0270585,0.227223,0.0511656,0.049003,0.049003,0.049003,0.0202106,0.28674,4.22884e-05,0.0101895,0.291142,0.0565748,0.0938549,0.0909981,0.0621592,0.0508663,0.057526,0.315439,0.015559,0.015559,0.039987,0.039987,0.00477991,0.015559,0.106057,0.0131094,0.00686964,0.041797,0.041797,0.00296623,0.000438796,0.0321415,0.000179464,0.00127694,0.0625196,0.030658,0.030658,0.0628378,0.0368106,0.0954566,0.0761964,0.0191431,0.0379846,0.028773,0.028773,0.028773,0.00580553,0.0382836,0.00637156,0.00115422,0.12781,0.0334836,2.80188e-05,0.0502933,0.0674686,0.0879977,0.0436621,0.0885442,0.028558,0.028558,0.030658,0.030658,0.0120632,0.028558,0.0737047,0.00196303,6.45275e-06,0.079751,0.079751,
0.865,0.00168713,0.00121649,0.00811705,0.0274084,0.00349351,0.0110498,0.039553,0.039553,0.0294546,0.0082224,0.0416917,0.0269556,0.217724,0.0495231,0.049707,0.049707,0.049707,0.0223542,0.301041,5.40974e-05,0.00994257,0.292116,0.0591417,0.0765656,0.0787474,0.0578377,0.0593855,0.0548788,0.318799,0.015974,0.015974,0.039553,0.039553,0.00993266,0.015974,0.122668,0.0138929,0.0046102,0.045946,0.045946,0.0014666,0.000357449,0.0139706,0.000169097,0.000872639,0.0487745,0.030646,0.030646,0.0685296,0.0429024,0.0770197,0.0760762,0.0159783,0.0389562,0.029994,0.029994,0.029994,0.00590664,0.0445866,0.00762004,0.0010125,0.142116,0.0374792,3.43506e-05,0.0479543,0.0609949,0.0763362,0.0475303,0.0745357,0.028896,0.028896,0.030646,0.030646,0.0101685,0.028896,0.0868962,0.00267824,9.07953e-06,0.082824,0.082824,
0.87,0.00407353,0.00627712,0.0425535,0.0255914,0.00949206,0.0294536,0.039089,0.039089,0.0304801,0.0110149,0.0386275,0.0249048,0.199093,0.0495522,0.05007,0.05007,0.05007,0.0224993,0.292944,5.21375e-05,0.00970377,0.283695,0.0586706,0.0693959,0.0947195,0.0625585,0.0900724,0.0568697,0.346224,0.016629,0.016629,0.039089,0.039089,0.00858366,0.016629,0.117495,0.015444,0.00831236,0.049835,0.049835,0.00604336,0.000324762,0.0735209,0.000115047,0.00197959,0.0598234,0.030458,0.030458,0.0647669,0.0359046,0.125282,0.0830262,0.0135127,0.0429875,0.031276,0.031276,0.031276,0.00599403,0.0448001,0.00777134,0.000937141,0.142313,0.0379456,3.14583e-05,0.046726,0.0641873,0.109583,0.0483021,0.148802,0.029408,0.029408,0.030458,0.030458,0.0104131,0.029408,0.0678975,0.00226284,3.05745e-06,0.086459,0.086459,
0.875,0.00676585,0.0142019,0.0966987,0.0166799,0.0178424,0.0552753,0.038583,0.038583,0.0149582,0.0289062,0.0253438,0.00854399,0.0768757,0.0368027,0.05011,0.05011,0.05011,0.00218193,0.0489993,8.10457e-06,0.00244166,0.0550365,0.0436519,0.0341766,0.0797464,0.0511255,0.0962517,0.0438725,0.15072,0.017514,0.017514,0.038583,0.038583,0.00561365,0.017514,0.0324557,0.017253,0.0133354,0.053048,0.053048,0.0131297,0.000173799,0.167065,0.000128196,0.0042205,0.0761393,0.030107,0.030107,0.0364566,0.0241362,0.170434,0.0624027,0.00959716,0.0365764,0.032598,0.032598,0.032598,0.0015101,0.00187573,0,0.000473668,0.010327,0.0246886,1.01991e-05,0.0135555,0.0589095,0.141216,0.0369621,0.208288,0.030109,0.030109,0.030107,0.030107,0.00890479,0.030109,0.0460433,0.00105415,1.06478e-05,0.090528,0.090528,
0.88,0.00335563,0.00672855,0.0458201,0.0197985,0.00909015,0.0279355,0.038019,0.038019,0.0117419,0.0164363,0.0265903,0.0121764,0.106453,0.0331951,0.049893,0.049893,0.049893,0.0044632,0.0861667,1.29215e-05,0.0035935,0.0927701,0.0385372,0.046975,0.0582022,0.0418222,0.0524324,0.0376228,0.126575,0.018582,0.018582,0.038019,0.038019,0.00433959,0.018582,0.0378674,0.0115292,0.00792518,0.055252,0.055252,0.00637814,0.000220439,0.0791109,0.000166219,0.00238193,0.0558925,0.029624,0.029624,0.0362425,0.0247468,0.100537,0.0514284,0.012286,0.0274236,0.033926,0.033926,0.033926,0.00191867,0.00671124,0.00077732,0.000600106,0.0263182,0.0205554,1.3491e-05,0.0189945,0.0490738,0.0891663,0.0313224,0.105508,0.030998,0.030998,0.029624,0.029624,0.00828643,0.030998,0.0567782,0.00136446,1.34086e-05,0.094748,0.094748,
0.885,0.00305889,0.00527052,0.0358194,0.0142311,0.00741562,0.0224094,0.03738,0.03738,0.0202709,0.0146475,0.0300216,0.0117274,0.121819,0.0345963,0.049526,0.049526,0.049526,0.0115297,0.15674,1.82852e-05,0.00505975,0.146007,0.0421188,0.03721,0.0537875,0.0409818,0.049554,0.0386258,0.176592,0.01977,0.01977,0.03738,0.03738,0.00303889,0.01977,0.0815843,0.0113208,0.00601454,0.056225,0.056225,0.00497451,0.000159743,0.0618207,0.000150569,0.00196357,0.0434681,0.02906,0.02906,0.0490732,0.0355334,0.0822011,0.0389336,0.00964754,0.0300634,0.035227,0.035227,0.035227,0.00315902,0.0231694,0.00391117,0.000564676,0.0723457,0.0267269,8.40656e-06,0.0246534,0.0448344,0.0697575,0.0384066,0.106146,0.032068,0.032068,0.02906,0.02906,0.00606143,0.032068,0.0776188,0.000992209,1.41208e-05,0.098804,0.098804,
0.89,0.00183688,0.00300026,0.0204024,0.0140878,0.00456727,0.0138338,0.036656,0.036656,0.0152608,0.0115116,0.0286182,0.0113119,0.113912,0.0322045,0.049137,0.049137,0.049137,0.00860076,0.126824,1.71797e-05,0.00419499,0.119594,0.0400772,0.0367763,0.0432998,0.0364599,0.0340554,0.0349784,0.141733,0.021014,0.021014,0.036656,0.036656,0.00365014,0.021014,0.0662068,0.0105472,0.00422976,0.055862,0.055862,0.00291054,0.00016918,0.0351598,0.000170251,0.00145144,0.0376711,0.028492,0.028492,0.0451572,0.0345143,0.0580067,0.0357248,0.010245,0.0265046,0.036468,0.036468,0.036468,0.00247348,0.0169615,0.00273078,0.000535831,0.053772,0.0245005,1.08659e-05,0.0207443,0.0415628,0.0544602,0.0347524,0.0648831,0.033329,0.033329,0.028492,0.028492,0.00568971,0.033329,0.0776353,0.00119594,1.66958e-05,0.102415,0.102415,
0.895,0.00312116,0.00578989,0.0393818,0.0136735,0.00786663,0.0243386,0.035845,0.035845,0.0186788,0.0198462,0.0281453,0.0105785,0.104995,0.0330844,0.048835,0.048835,0.048835,0.00787871,0.115451,1.52417e-05,0.00390025,0.109035,0.0405077,0.0339301,0.0505835,0.0392215,0.0507279,0.0370439,0.143783,0.022252,0.022252,0.035845,0.035845,0.00571361,0.022252,0.0679686,0.0124845,0.00635121,0.054178,0.054178,0.00544006,0.000152113,0.067977,0.000154984,0.00213489,0.04576,0.028012,0.028012,0.0449136,0.0349676,0.0852047,0.0406291,0.00953749,0.029011,0.037607,0.037607,0.037607,0.0023796,0.0153258,0.00246154,0.000506526,0.0487175,0.0248327,9.64525e-06,0.0194191,0.0447406,0.0744985,0.0361115,0.103375,0.034803,0.034803,0.028012,0.028012,0.00629589,0.034803,0.0738179,0.00121939,1.50955e-05,0.105414,0.105414,
0.9,0.00296097,0.00534496,0.0363329,0.0116867,0.00727975,0.022553,0.034948,0.034948,0.0215757,0.0229491,0.0277652,0.00957767,0.101592,0.0322811,0.048694,0.048694,0.048694,0.0085552,0.119743,1.40505e-05,0.00387266,0.110171,0.0397573,0.0295854,0.0470773,0.0373591,0.0467023,0.0360689,0.144438,0.023423,0.023423,0.034948,0.034948,0.00608411,0.023423,0.0769791,0.0127515,0.00573138,0.051309,0.051309,0.00500699,0.000130353,0.0627123,0.000146736,0.00200194,0.0419643,0.027714,0.027714,0.0465723,0.0382193,0.0777721,0.034812,0.00850123,0.028658,0.03861,0.03861,0.03861,0.00243764,0.0171339,0.00283481,0.000466723,0.0532466,0.0253762,7.03488e-06,0.0189896,0.0425249,0.0672703,0.0363885,0.0993717,0.036519,0.036519,0.027714,0.027714,0.00554374,0.036519,0.0772283,0.00105837,1.49738e-05,0.107718,0.107718,
0.905,0.00245609,0.00439821,0.0299017,0.0147494,0.00622322,0.020154,0.033976,0.033976,0.0204,0.0233232,0.029339,0.013071,0.111364,0.0336811,0.048748,0.048748,0.048748,0.00754203,0.115633,2.16674e-05,0.0039619,0.110746,0.0415559,0.037191,0.046754,0.0385337,0.050609,0.037428,0.134107,0.024466,0.024466,0.033976,0.033976,0.0111075,0.024466,0.0712751,0.0133604,0.00541085,0.047521,0.047521,0.00419071,0.000167754,0.051592,0.00016734,0.00182393,0.0441248,0.027699,0.027699,0.0464227,0.0382266,0.0762031,0.0476788,0.010499,0.0285085,0.039438,0.039438,0.039438,0.00232186,0.0145796,0.0022726,0.000536064,0.0467556,0.0249504,1.66857e-05,0.0197581,0.0450444,0.0720181,0.036014,0.0818976,0.038507,0.038507,0.027699,0.027699,0.00701298,0.038507,0.0782553,0.00198612,1.60787e-05,0.109289,0.109289,
0.91,0.00350708,0.00657911,0.0447293,0.0117416,0.00872785,0.0272938,0.032953,0.032953,0.0239094,0.029193,0.0277261,0.00927387,0.0970368,0.0329602,0.048996,0.048996,0.048996,0.00773311,0.109732,1.26547e-05,0.0036221,0.101348,0.0401806,0.0286888,0.0500348,0.0386827,0.0535266,0.0373121,0.141058,0.025333,0.025333,0.032953,0.032953,0.00790932,0.025333,0.0780578,0.0141376,0.00670267,0.043203,0.043203,0.00612869,0.00012562,0.0772308,0.000143669,0.00232406,0.0464035,0.028063,0.028063,0.0467661,0.039719,0.0898919,0.0373175,0.00838506,0.0298878,0.040066,0.040066,0.040066,0.00230218,0.0152862,0.00250004,0.000454584,0.0477541,0.0255501,6.65778e-06,0.0178976,0.0445725,0.0767756,0.0370505,0.114891,0.040768,0.040768,0.028063,0.028063,0.00596468,0.040768,0.0767492,0.00113113,1.46527e-05,0.110089,0.110089,
0.915,0.00269276,0.00472221,0.0320754,0.00348057,0.00620402,0.0210728,0.031917,0.031917,0.0243627,0.0266049,0.0259591,0.00912691,0.0774052,0.0283267,0.049393,0.049393,0.049393,0.00842069,0.106669,2.47165e-05,0.00289306,0.0875164,0.0387799,0.00968178,0.0330986,0.0308251,0.0616884,0.0315411,0.121727,0.026004,0.026004,0.031917,0.031917,0.0154403,0.026004,0.0876588,0.0143531,0.00413033,0.038822,0.038822,0.00433586,3.40297e-05,0.0553532,0.000121443,0.00179282,0.0304034,0.028893,0.028893,0.0477386,0.0430977,0.067871,0.0382475,0.00475905,0.0280525,0.040482,0.040482,0.040482,0.00206665,0.0185005,0.00319195,0.000275267,0.05285,0.0265568,1.48498e-05,0.0133137,0.0347204,0.0632635,0.0371943,0.0921922,0.043257,0.043257,0.028893,0.028893,0.00411087,0.043257,0.0827161,0.0020978,1.5839e-05,0.110064,0.110064,
0.92,0.00381513,0.00710802,0.0483069,0.010387,0.00934432,0.0293677,0.030919,0.030919,0.0274288,0.0332784,0.0277767,0.00893831,0.0952748,0.0331163,0.049847,0.049847,0.049847,0.00865238,0.116927,1.31127e-05,0.00373331,0.105892,0.0404012,0.0254816,0.0507959,0.0388222,0.0579943,0.0378003,0.148641,0.026494,0.026494,0.030919,0.030919,0.00915994,0.026494,0.0875037,0.0149252,0.00692838,0.034886,0.034886,0.00659007,0.000107051,0.0834227,0.000131865,0.00242797,0.0462088,0.030238,0.030238,0.0487279,0.0422668,0.0941442,0.0364696,0.0074944,0.0308497,0.040693,0.040693,0.040693,0.00246124,0.0174853,0.00294069,0.000429759,0.0536788,0.0265162,5.53491e-06,0.0181866,0.0443194,0.0789151,0.0382535,0.125537,0.045903,0.045903,0.030238,0.030238,0.0057314,0.045903,0.0784558,0.0011118,1.3798e-05,0.109173,0.109173,
0.925,0.00398629,0.00769554,0.0523123,0.00508745,0.00973817,0.0347146,0.030016,0.030016,0.0258507,0.0349648,0.0251487,0.0147697,0.0692076,0.0297361,0.050238,0.050238,0.050238,0.00635352,0.0842828,4.43704e-05,0.0024781,0.0717447,0.0413901,0.0111055,0.0436949,0.035527,0.109396,0.0348671,0.119174,0.026859,0.026859,0.030016,0.030016,0.0302746,0.026859,0.0767819,0.0184204,0.0066724,0.031886,0.031886,0.00706969,4.41207e-05,0.0903618,9.33776e-05,0.00245481,0.0422186,0.032109,0.032109,0.0439779,0.0385912,0.111672,0.0761364,0.00493012,0.031621,0.040736,0.040736,0.040736,0.00177614,0.013752,0.0022811,0.000270031,0.0390545,0.0264245,3.67765e-05,0.0115697,0.0404106,0.107641,0.0370718,0.128852,0.048646,0.048646,0.032109,0.032109,0.00715582,0.048646,0.0659982,0.00420824,1.13383e-05,0.107474,0.107474,
0.93,0.00428653,0.00801173,0.054437,0.0150196,0.0106439,0.0333985,0.029268,0.029268,0.0302997,0.0371184,0.0290396,0.0116186,0.111121,0.0362023,0.050441,0.050441,0.050441,0.00966906,0.133906,1.57332e-05,0.00458259,0.128006,0.0421221,0.036841,0.0618874,0.0439043,0.0650118,0.0419794,0.172765,0.027173,0.027173,0.029268,0.029268,0.0101545,0.027173,0.0901498,0.0157801,0.00825931,0.030236,0.030236,0.00747233,0.00015978,0.0940391,0.000127708,0.00262103,0.0544867,0.034468,0.034468,0.049604,0.0411557,0.110625,0.0460684,0.00923157,0.0327631,0.040689,0.040689,0.040689,0.00289358,0.0187632,0.003123,0.000540618,0.0599443,0.0268372,8.33135e-06,0.022625,0.0499874,0.0924001,0.0386352,0.140201,0.051458,0.051458,0.034468,0.034468,0.00737427,0.051458,0.0725963,0.00126529,1.07772e-05,0.105159,0.105159,
0.935,0.00368,0.00660098,0.044846,0.0398123,0.0100275,0.0372028,0.028709,0.028709,0.0292521,0.0337541,0.0458531,0.0416392,0.219826,0.0565342,0.050351,0.050351,0.050351,0.0121964,0.210575,8.76128e-05,0.00841896,0.229611,0.0671893,0.0997238,0.0974889,0.070424,0.145091,0.0654379,0.241862,0.027511,0.027511,0.028709,0.028709,0.0440793,0.027511,0.0815877,0.0227197,0.0105201,0.030237,0.030237,0.00654721,0.000460494,0.0774636,0.000220274,0.00247509,0.0867041,0.037231,0.037231,0.0608349,0.0385738,0.167212,0.163201,0.0230399,0.0449008,0.040644,0.040644,0.040644,0.00439124,0.020875,0.00290517,0.00119393,0.0754676,0.0337915,8.31061e-05,0.0427852,0.081706,0.17517,0.0478537,0.120151,0.054291,0.054291,0.037231,0.037231,0.0196952,0.054291,0.0724468,0.00789098,1.00562e-05,0.102494,0.102494,
0.94,0.00505793,0.0100728,0.072589,0.00869684,0.0126931,0.062376,0.028349,0.028349,0.151385,0.0722628,0.0301345,0.05644,0.0631727,0.0450955,0.049933,0.049933,0.049933,0.00566456,0.0757492,8.60067e-06,0.00262908,0.0697163,0.0487367,0.0182946,0.0551074,0.0503132,0.0910518,0.0479819,0.134217,0.027939,0.027939,0.028349,0.028349,0.144939,0.027939,0.0689885,0.0536198,0.17849,0.032064,0.032064,0.00926349,7.80214e-05,0.118353,7.47755e-05,0.00299594,0.0811317,0.040273,0.040273,0.0667564,0.0677789,0.127754,0.0441779,0.00638211,0.0416297,0.040682,0.040682,0.040682,0.00183747,0.0108916,0.00182783,0.000312722,0.0342751,0.0331409,2.32741e-05,0.0129558,0.0554014,0.105961,0.0459193,0.171577,0.057071,0.057071,0.040273,0.040273,0.00573951,0.057071,0.0594936,0.00849623,0.169375,0.099738,0.099738,
0.945,0.00270865,0.00400717,0.0271001,0.10319,0.00965617,0.0359269,0.028182,0.028182,0.0463642,0.0578996,0.07494,0.0789205,0.46571,0.0992523,0.049217,0.049217,0.049217,0.0192385,0.394061,0.000121014,0.0181377,0.479545,0.0992789,0.260178,0.189474,0.125198,0.143241,0.1148,0.433939,0.028503,0.028503,0.028182,0.028182,0.0546522,0.028503,0.0948771,0.0296354,0.0170762,0.035767,0.035767,0.00502661,0.00122705,0.0468702,0.000413339,0.0022409,0.165495,0.043436,0.043436,0.0838899,0.043905,0.237521,0.265508,0.0542966,0.06113,0.040848,0.040848,0.040848,0.00842786,0.0251473,0.0025864,0.00279036,0.118777,0.0399515,0.000127892,0.0949347,0.150788,0.256269,0.0562628,0.0848811,0.059721,0.059721,0.043436,0.043436,0.0395808,0.059721,0.0716047,0.0110029,2.19017e-06,0.096987,0.096987,
0.95,0.00384384,0.00789837,0.0536663,0.00171889,0.00959341,0.0324992,0.0282,0.0282,0.0389425,0.0701715,0.0213662,0.0027309,0.0328825,0.0266659,0.048274,0.048274,0.048274,0.000304306,0.0099049,1.29011e-06,0.000228648,0.000683819,0.0333722,2.82525e-05,0.030708,0.0279048,0.0553532,0.0312505,0.0528274,0.029218,0.029218,0.0282,0.0282,0.0230438,0.029218,0.0896709,0.0212109,0.00637691,0.04125,0.04125,0.00718625,7.00399e-08,0.0927161,0.000108522,0.00267025,0.0427698,0.046558,0.046558,0.0443826,0.0565102,0.0865472,0.0250588,0.00332259,0.0276904,0.041151,0.041151,0.041151,0.000405925,0.000796003,0,0.00011393,0.000128307,0.0233088,1.24891e-06,0.00125611,0.0378173,0.0756406,0.0334955,0.115289,0.062192,0.062192,0.046558,0.046558,0.00436872,0.062192,0.0814736,0.00155447,1.53203e-05,0.094204,0.094204,
0.955,0.0097081,0.0197383,0.137214,0.0201694,0.0248034,0.0975317,0.028402,0.028402,0.14075,0.104781,0.0417081,0.0556081,0.108773,0.0632473,0.047194,0.047194,0.047194,0.00715923,0.107024,3.64442e-05,0.00437936,0.110161,0.0705971,0.0419282,0.108381,0.0786657,0.184142,0.0733667,0.226082,0.030061,0.030061,0.028402,0.028402,0.133918,0.030061,0.105591,0.0590564,0.142353,0.048253,0.048253,0.0182048,0.000190459,0.231974,9.89247e-05,0.00562916,0.124739,0.049497,0.049497,0.0808535,0.077026,0.255747,0.115422,0.0113769,0.061917,0.041591,0.041591,0.041591,0.00290631,0.0121655,0.00184554,0.00060362,0.0416754,0.0444013,4.67425e-05,0.0223302,0.0896363,0.219791,0.0627102,0.309905,0.064476,0.064476,0.049497,0.049497,0.0141723,0.064476,0.0714179,0.00954328,0.124176,0.091342,0.091342,
0.96,0.00133456,0.00231918,0.0157073,0.00561806,0.00317845,0.0115228,0.028792,0.028792,0.030641,0.0481596,0.0231385,0.00572746,0.0648891,0.0253741,0.046085,0.046085,0.046085,0.00325881,0.0539093,5.44723e-06,0.0016315,0.0449666,0.0316076,0.0139754,0.0201761,0.0238468,0.0210522,0.0277983,0.0590629,0.030982,0.030982,0.028792,0.028792,0.0161518,0.030982,0.0852201,0.0152749,0.00255078,0.056378,0.056378,0.00216885,6.14272e-05,0.0270825,0.000143006,0.00128781,0.0286042,0.052116,0.052116,0.043917,0.0514572,0.0359008,0.0171876,0.00607792,0.0218684,0.042144,0.042144,0.042144,0.00102685,0.00680684,0.00100226,0.000262077,0.0199602,0.0212602,3.21396e-06,0.00800721,0.0322292,0.0369328,0.0301503,0.0417915,0.066608,0.066608,0.052116,0.052116,0.00383522,0.066608,0.0861478,0.00139155,1.7391e-05,0.088391,0.088391,
0.965,0.00727547,0.0141012,0.095833,0.0153501,0.0180317,0.0615011,0.029364,0.029364,0.0455389,0.0616063,0.0363535,0.0232963,0.121788,0.0474914,0.045083,0.045083,0.045083,0.0114471,0.152984,5.85214e-05,0.00516805,0.144509,0.0596782,0.0351176,0.0876149,0.0604518,0.164914,0.0574191,0.226112,0.031942,0.031942,0.029364,0.029364,0.0407717,0.031942,0.118631,0.027794,0.0134627,0.065106,0.065106,0.0130251,0.000150712,0.165601,0.000101979,0.00414818,0.078199,0.054285,0.054285,0.0633047,0.0524163,0.198716,0.115851,0.00916876,0.0487652,0.04277,0.04277,0.04277,0.0034647,0.0228677,0.00382105,0.000567216,0.070368,0.0376299,4.75408e-05,0.0249997,0.0680201,0.1793,0.0526939,0.23352,0.06866,0.06866,0.054285,0.054285,0.0126136,0.06866,0.0773696,0.00532931,0.000424008,0.085388,0.085388,
0.97,0.00230597,0.00463818,0.0314909,0.00281476,0.00573266,0.0200786,0.030105,0.030105,0.0340411,0.060363,0.0209981,0.0032747,0.0410831,0.0246652,0.04435,0.04435,0.04435,0.000486053,0.0164476,1.31861e-06,0.000446715,0.00830906,0.0310594,0.00457491,0.0215972,0.0237684,0.032977,0.0278313,0.0421166,0.032941,0.032941,0.030105,0.030105,0.0198743,0.032941,0.0828684,0.0183206,0.00398275,0.073833,0.073833,0.004238,2.44395e-05,0.0543761,0.000125201,0.0018623,0.0336416,0.055895,0.055895,0.0423443,0.0540666,0.0542247,0.0180161,0.00434382,0.0235019,0.043443,0.043443,0.043443,0.000398467,0.00112511,1.90251e-05,0.000151341,0.00178289,0.0213706,1.52238e-06,0.00234814,0.0333653,0.0512549,0.0301983,0.0682209,0.070709,0.070709,0.055895,0.055895,0.00373879,0.070709,0.0824858,0.00142182,1.66849e-05,0.082418,0.082418,
0.975,0.00639603,0.0131356,0.0893054,0.0118536,0.0163728,0.0551026,0.030996,0.030996,0.0419301,0.07372,0.0285435,0.0130969,0.0722739,0.0388235,0.044028,0.044028,0.044028,0.00267412,0.0496766,2.5789e-05,0.00211089,0.0492466,0.0471677,0.0231529,0.0673737,0.0479515,0.118562,0.0470464,0.126207,0.034005,0.034005,0.030996,0.030996,0.0333572,0.034005,0.0904819,0.0264052,0.0118348,0.08195,0.08195,0.0120911,0.000108041,0.154333,0.000113603,0.00399898,0.0724914,0.056888,0.056888,0.0507016,0.0527898,0.16627,0.0785506,0.00770025,0.0397109,0.044171,0.044171,0.044171,0.00145018,0.00417073,0.000449048,0.000373873,0.0141001,0.0292201,2.52549e-05,0.0110458,0.059028,0.147676,0.0422787,0.195282,0.072803,0.072803,0.056888,0.056888,0.0100756,0.072803,0.0726128,0.00355361,1.11048e-05,0.079584,0.079584,
0.98,0.00288763,0.00594385,0.044638,0.00566169,0.00743593,0.0472698,0.031985,0.031985,0.152153,0.0774572,0.0306878,0.0553383,0.0483332,0.0423799,0.0442,0.0442,0.0442,0.000830952,0.0244757,2.06756e-06,0.000875181,0.0183528,0.0473902,0.0109256,0.0299854,0.0414891,0.0595356,0.0427167,0.0582325,0.03517,0.03517,0.031985,0.031985,0.151454,0.03517,0.0623362,0.0547178,0.17927,0.088946,0.088946,0.0054685,5.13224e-05,0.069814,0.000133037,0.0022023,0.0697787,0.057264,0.057264,0.0677505,0.0782719,0.0786597,0.0293942,0.00694064,0.0368759,0.044972,0.044972,0.044972,0.000587526,0.00134869,1.81265e-05,0.000221895,0.00381082,0.0317288,2.24529e-05,0.00465812,0.0496628,0.072539,0.0442637,0.0990924,0.074934,0.074934,0.057264,0.057264,0.00434875,0.074934,0.0810695,0.0089806,0.173787,0.076957,0.076957,
0.985,0.00440855,0.00906631,0.0616147,0.00543378,0.0111607,0.0378331,0.033001,0.033001,0.040259,0.072483,0.0241962,0.00605611,0.0476723,0.0309912,0.044873,0.044873,0.044873,0.00076927,0.0209067,8.09372e-06,0.000804395,0.0150876,0.0382179,0.00873162,0.0411684,0.0342086,0.0706885,0.0365554,0.0729038,0.036458,0.036458,0.033001,0.033001,0.0263438,0.036458,0.090701,0.0230607,0.00779112,0.094479,0.094479,0.00829942,4.25225e-05,0.106456,0.000119235,0.00300136,0.0519725,0.057061,0.057061,0.0472462,0.057022,0.106903,0.0405869,0.00516564,0.0313742,0.045884,0.045884,0.045884,0.000686215,0.00118951,0,0.000209171,0.00274926,0.025372,8.4519e-06,0.00433291,0.045034,0.0951161,0.036435,0.132556,0.077029,0.077029,0.057061,0.057061,0.00621215,0.077029,0.0816899,0.00217274,1.49331e-05,0.074537,0.074537,
0.99,0.00686868,0.0144578,0.105498,0.00493325,0.0176198,0.0942912,0.033968,0.033968,0.239673,0.102792,0.035517,0.0888512,0.029065,0.0573347,0.045952,0.045952,0.045952,0.000746849,0.013796,1.04827e-06,0.000663874,0.0077431,0.0616869,0.00438128,0.0590361,0.0625448,0.126724,0.0588419,0.104883,0.037867,0.037867,0.033968,0.033968,0.244567,0.037867,0.0511729,0.0847061,0.305487,0.098404,0.098404,0.0132016,2.03297e-05,0.170027,7.89665e-05,0.00421624,0.113979,0.056349,0.056349,0.0850618,0.0928272,0.169422,0.0507922,0.00567325,0.0544782,0.046973,0.046973,0.046973,0.000746266,0.000795752,2.02966e-05,0.000166364,0.00196972,0.0419952,3.45603e-05,0.00371852,0.069128,0.140972,0.0586214,0.230578,0.078967,0.078967,0.056349,0.056349,0.00565215,0.078967,0.0645215,0.0139981,0.293378,0.072273,0.072273,
0.995,0.00317364,0.00636411,0.0432264,0.00966353,0.0081271,0.0285508,0.034832,0.034832,0.0390117,0.068117,0.0277117,0.00979375,0.072975,0.0337998,0.047274,0.047274,0.047274,0.00171642,0.0419815,1.43848e-05,0.00162789,0.0388523,0.0415169,0.0210213,0.0395751,0.0357598,0.0592833,0.038712,0.0794062,0.039373,0.039373,0.034832,0.034832,0.027409,0.039373,0.092686,0.0225052,0.00625466,0.100771,0.100771,0.00590057,0.000102841,0.074659,0.000155478,0.00241362,0.0502682,0.05523,0.05523,0.0508239,0.0593732,0.0879023,0.0460054,0.0080532,0.0310065,0.048323,0.048323,0.048323,0.000987526,0.00274416,0.00016859,0.00033931,0.00908038,0.0263646,1.48886e-05,0.00853361,0.0475503,0.0847902,0.0372811,0.094939,0.080616,0.080616,0.05523,0.05523,0.00719188,0.080616,0.0903173,0.00268114,1.74067e-05,0.070121,0.070121,
1,0.00575487,0.0118979,0.0808943,0.0111022,0.0148095,0.0497202,0.035573,0.035573,0.0399888,0.0723802,0.0275488,0.0109852,0.0668208,0.0377698,0.048632,0.048632,0.048632,0.0014841,0.0361038,1.96446e-05,0.00166764,0.0361603,0.04608,0.021423,0.0623228,0.0455933,0.101821,0.045195,0.116172,0.040928,0.040928,0.035573,0.035573,0.0300566,0.040928,0.0853499,0.0259531,0.0107682,0.101821,0.101821,0.0109536,0.000110747,0.139788,0.000121707,0.00371358,0.068566,0.053823,0.053823,0.0497324,0.0536614,0.149055,0.0679836,0.00755512,0.038112,0.050011,0.050011,0.050011,0.00113972,0.00168141,0,0.000344798,0.00656077,0.0288218,2.04832e-05,0.00897707,0.057192,0.133219,0.0407231,0.174135,0.081902,0.081902,0.053823,0.053823,0.00912235,0.081902,0.0740821,0.0030244,1.25143e-05,0.068044,0.068044,
1.005,0.009047,0.0190174,0.135417,0.013326,0.0234568,0.106264,0.036184,0.036184,0.210193,0.101705,0.036816,0.0795032,0.0537389,0.0613035,0.049835,0.049835,0.049835,0.00173876,0.0337384,4.32535e-06,0.00189952,0.0369666,0.0647419,0.0230061,0.0885615,0.0733807,0.152121,0.0664461,0.156549,0.042453,0.042453,0.036184,0.036184,0.209447,0.042453,0.0513314,0.077717,0.264545,0.101961,0.101961,0.0174579,0.000108741,0.223669,7.87889e-05,0.00536136,0.130697,0.052251,0.052251,0.0802952,0.0810618,0.226041,0.0732435,0.00853428,0.0588957,0.052111,0.052111,0.052111,0.00141933,0.0012158,0,0.000360305,0.00721546,0.0417892,3.39524e-05,0.0105274,0.0815016,0.185314,0.0595266,0.294181,0.082835,0.082835,0.052251,0.052251,0.00925381,0.082835,0.0531006,0.0121959,0.247765,0.066002,0.066002,
1.01,0.00506837,0.010405,0.07073,0.0151737,0.0131972,0.0456688,0.036671,0.036671,0.04006,0.0716556,0.0298591,0.0159995,0.0859678,0.0393479,0.050734,0.050734,0.050734,0.00197464,0.0505488,3.04583e-05,0.00233892,0.0547515,0.0476022,0.0324944,0.06218,0.046806,0.105957,0.0467942,0.113517,0.043844,0.043844,0.036671,0.036671,0.0357479,0.043844,0.0856687,0.0258067,0.0101561,0.101691,0.101691,0.00965468,0.000156555,0.12222,0.000140802,0.00337591,0.0694704,0.050658,0.050658,0.0505709,0.0535527,0.145032,0.0829696,0.00998704,0.0374836,0.054683,0.054683,0.054683,0.00136754,0.00226491,0,0.000456233,0.00989614,0.0281786,3.18031e-05,0.0124566,0.0591972,0.136037,0.040379,0.152741,0.083493,0.083493,0.050658,0.050658,0.0108867,0.083493,0.0758162,0.00412415,1.27896e-05,0.064004,0.064004,
1.015,0.00786762,0.0163843,0.111417,0.00984282,0.0201363,0.0651113,0.03705,0.03705,0.0447312,0.0821579,0.0260698,0.00635432,0.0523348,0.0381957,0.05123,0.05123,0.05123,0.0013205,0.0267178,4.62522e-06,0.0013944,0.0258505,0.044395,0.0158323,0.0737238,0.0488934,0.111624,0.0471659,0.126424,0.044978,0.044978,0.03705,0.03705,0.0247098,0.044978,0.0905328,0.026961,0.0140984,0.101544,0.101544,0.0150089,7.4678e-05,0.19256,9.61032e-05,0.00480469,0.0794487,0.049193,0.049193,0.0491501,0.0535291,0.185127,0.0580026,0.00590966,0.0408838,0.057746,0.057746,0.057746,0.00117139,0.00116692,0,0.000293408,0.00488505,0.028702,5.61055e-06,0.00776251,0.0602636,0.152399,0.04242,0.239091,0.084002,0.084002,0.049193,0.049193,0.0087613,0.084002,0.0693019,0.00178443,1.01224e-05,0.06215,0.06215,
1.02,0.00951173,0.0198084,0.134702,0.0156217,0.0244964,0.0785948,0.037346,0.037346,0.0504151,0.0925566,0.0290355,0.00888741,0.0694022,0.0446881,0.051265,0.051265,0.051265,0.0020372,0.0406027,5.25936e-06,0.00225661,0.0458879,0.0497227,0.0285014,0.0948901,0.0594331,0.132197,0.055863,0.163736,0.045745,0.045745,0.037346,0.037346,0.0262585,0.045745,0.0962581,0.0301165,0.0175512,0.102007,0.102007,0.0181961,0.000134046,0.232826,9.55792e-05,0.00567884,0.0979258,0.047991,0.047991,0.052802,0.0547252,0.227789,0.0729703,0.00806407,0.0469243,0.061248,0.061248,0.061248,0.00165466,0.00150412,0,0.000426439,0.00870347,0.0311664,7.13664e-06,0.0124809,0.0723038,0.185781,0.0463616,0.289182,0.084504,0.084504,0.047991,0.047991,0.0112894,0.084504,0.0654038,0.00188189,7.28434e-06,0.060619,0.060619,
1.025,0.00933993,0.0194803,0.136707,0.0237396,0.0244685,0.100684,0.037597,0.037597,0.165834,0.104989,0.0404927,0.0653595,0.0987199,0.0644924,0.050819,0.050819,0.050819,0.00303302,0.0659484,1.5134e-05,0.0035379,0.0791594,0.0678854,0.0489935,0.106725,0.0796281,0.157739,0.0728534,0.191226,0.046059,0.046059,0.037597,0.037597,0.159445,0.046059,0.0706365,0.065785,0.191291,0.103375,0.103375,0.0180149,0.000230953,0.229052,0.000118833,0.00561228,0.135632,0.047147,0.047147,0.077917,0.076049,0.246904,0.0974868,0.0134064,0.0598453,0.06507,0.06507,0.06507,0.00215206,0.00232796,0,0.000632301,0.0149926,0.0410899,3.77809e-05,0.0192648,0.0917086,0.208012,0.0592376,0.29666,0.085124,0.085124,0.047147,0.047147,0.0135782,0.085124,0.0605231,0.0101155,0.17279,0.059642,0.059642,
1.03,0.00692752,0.0142994,0.0972196,0.0185343,0.0180214,0.059682,0.037853,0.037853,0.0459296,0.08262,0.0318402,0.0147577,0.0931792,0.0444046,0.049928,0.049928,0.049928,0.00244844,0.057082,2.0717e-05,0.00281683,0.064319,0.0509646,0.0388539,0.0804746,0.0553601,0.116412,0.0537411,0.143766,0.045869,0.045869,0.037853,0.037853,0.0321954,0.045869,0.0935482,0.0281924,0.0136484,0.105624,0.105624,0.0132334,0.000183551,0.168018,0.000139111,0.00438633,0.0859957,0.046703,0.046703,0.0541508,0.0560543,0.183665,0.0829747,0.0109355,0.0427989,0.069082,0.069082,0.069082,0.00171164,0.00240486,2.15396e-05,0.00052994,0.012154,0.0303214,2.27812e-05,0.0152046,0.0688925,0.161085,0.0444384,0.209669,0.085962,0.085962,0.046703,0.046703,0.0120583,0.085962,0.0755014,0.00331333,1.117e-05,0.059453,0.059453,
1.035,0.00619638,0.0127808,0.0868983,0.016669,0.0161191,0.0569095,0.038179,0.038179,0.0431473,0.0777423,0.0338954,0.0218505,0.0948267,0.0446648,0.048679,0.048679,0.048679,0.00216624,0.0558149,5.01215e-05,0.00258175,0.0605596,0.0559515,0.0349642,0.0731285,0.0545704,0.148972,0.0536703,0.129892,0.045164,0.045164,0.038179,0.038179,0.0483301,0.045164,0.0906401,0.0302649,0.0122119,0.108469,0.108469,0.0118421,0.000166974,0.150164,0.000146665,0.00402524,0.0807656,0.046646,0.046646,0.0556711,0.0564383,0.182584,0.116446,0.0110104,0.0441236,0.073214,0.073214,0.073214,0.00153117,0.0026475,0,0.000501396,0.010652,0.0323855,5.10332e-05,0.013648,0.0679124,0.174815,0.0464994,0.18739,0.087109,0.087109,0.046646,0.046646,0.0135869,0.087109,0.0790666,0.00605921,1.30793e-05,0.060252,0.060252,
1.04,0.00700813,0.0144681,0.0983856,0.022726,0.0184123,0.0647072,0.038627,0.038627,0.0433366,0.0780379,0.0374443,0.0273013,0.117272,0.0503229,0.047194,0.047194,0.047194,0.00291711,0.0733791,6.15346e-05,0.00352087,0.0842466,0.062048,0.0492771,0.0889929,0.0635471,0.173057,0.060775,0.159106,0.043966,0.043966,0.038627,0.038627,0.052857,0.043966,0.087604,0.0321613,0.0143497,0.111559,0.111559,0.013461,0.000234891,0.170025,0.00015811,0.00447502,0.0941247,0.046909,0.046909,0.0578807,0.0540527,0.213603,0.141581,0.0138725,0.0487493,0.077433,0.077433,0.077433,0.00197631,0.00325702,0,0.000652826,0.0149566,0.0343919,6.31111e-05,0.01867,0.0778351,0.20452,0.0496118,0.21236,0.088633,0.088633,0.046909,0.046909,0.0164862,0.088633,0.0749122,0.00704505,1.15706e-05,0.062153,0.062153,
1.045,0.00852059,0.0177358,0.123944,0.0225436,0.0223313,0.0923786,0.03923,0.03923,0.138502,0.0971316,0.042192,0.0618909,0.106203,0.0628014,0.045599,0.045599,0.045599,0.00294228,0.0686323,4.3941e-05,0.00343896,0.0792565,0.0713802,0.0469784,0.0997333,0.0770255,0.183832,0.071521,0.178838,0.042328,0.042328,0.03923,0.03923,0.147171,0.042328,0.0747494,0.0604782,0.152785,0.114588,0.114588,0.0164252,0.000222978,0.208519,0.000138838,0.00524648,0.125128,0.047369,0.047369,0.0763293,0.0731898,0.242482,0.129314,0.0138089,0.0594655,0.081707,0.081707,0.081707,0.00203975,0.0029209,1.98792e-05,0.000629116,0.0146768,0.041963,6.12678e-05,0.0184261,0.0897236,0.218935,0.0599928,0.269015,0.09057,0.09057,0.047369,0.047369,0.0153398,0.09057,0.0692998,0.0112449,0.135833,0.065181,0.065181,
1.05,0.00661147,0.0136586,0.0928798,0.0164385,0.0171718,0.0613775,0.039983,0.039983,0.0429161,0.0774445,0.0356825,0.0248082,0.0969516,0.0466528,0.044016,0.044016,0.044016,0.00226467,0.0574652,6.19776e-05,0.00259219,0.06118,0.0601362,0.0339585,0.0764504,0.057536,0.171572,0.0561613,0.135772,0.04035,0.04035,0.039983,0.039983,0.0547887,0.04035,0.0907896,0.0321197,0.0128658,0.117267,0.117267,0.0126426,0.000162649,0.160496,0.000149272,0.00426755,0.084103,0.047903,0.047903,0.0577414,0.0568696,0.198014,0.13388,0.0111667,0.0471217,0.08595,0.08595,0.08595,0.00156224,0.0030654,4.90568e-05,0.000503385,0.0111188,0.0345618,6.22881e-05,0.0135968,0.0709222,0.192346,0.0494878,0.200517,0.0929,0.0929,0.047903,0.047903,0.0146704,0.0929,0.0806794,0.00714949,1.368e-05,0.069336,0.069336,
1.055,0.0086538,0.0180192,0.122554,0.0150686,0.0223379,0.0746011,0.040855,0.040855,0.0456079,0.0838075,0.0327652,0.0162147,0.0790468,0.0463977,0.042542,0.042542,0.042542,0.0019784,0.0450662,3.3511e-05,0.00223892,0.0480183,0.0565072,0.0280829,0.0886592,0.0601899,0.160683,0.0570141,0.153397,0.038194,0.038194,0.040855,0.040855,0.0400235,0.038194,0.0916521,0.0316474,0.0160824,0.119289,0.119289,0.0165765,0.000133622,0.2118,0.000122631,0.00531534,0.0938692,0.048399,0.048399,0.0558088,0.0552308,0.224691,0.105495,0.00917675,0.0488243,0.090011,0.090011,0.090011,0.00156102,0.00207084,0,0.000441911,0.00857996,0.0339472,3.44566e-05,0.0121132,0.0730882,0.197929,0.0497967,0.263336,0.095537,0.095537,0.048399,0.048399,0.0129594,0.095537,0.0737878,0.00449386,1.11933e-05,0.074561,0.074561,
1.06,0.010131,0.0209958,0.142797,0.0133152,0.025897,0.0862955,0.041805,0.041805,0.0499554,0.0892623,0.0344438,0.0169296,0.0768362,0.049471,0.041245,0.041245,0.041245,0.00328978,0.0548211,3.96375e-05,0.00239563,0.0534692,0.0613223,0.0227242,0.0985596,0.0655091,0.189084,0.0614387,0.179591,0.036073,0.036073,0.041805,0.041805,0.0440721,0.036073,0.102929,0.0346397,0.0181631,0.120332,0.120332,0.0192605,0.000105888,0.246792,0.000106095,0.00604499,0.101265,0.048757,0.048757,0.0604377,0.0580806,0.25666,0.117031,0.00797963,0.0544401,0.093739,0.093739,0.093739,0.0018479,0.00518727,0.000614869,0.000411883,0.0165803,0.0378644,3.81214e-05,0.0125585,0.0778658,0.223426,0.055215,0.310784,0.098336,0.098336,0.048757,0.048757,0.013547,0.098336,0.0757526,0.00491866,1.01865e-05,0.080626,0.080626,
1.065,0.00977206,0.0203675,0.141528,0.0236084,0.0255454,0.0987105,0.042787,0.042787,0.132352,0.101661,0.0430867,0.0534172,0.107943,0.0649083,0.040171,0.040171,0.040171,0.00310616,0.0694149,2.55189e-05,0.00354513,0.079664,0.0720879,0.0482381,0.110123,0.0809996,0.173324,0.0746485,0.196718,0.034206,0.034206,0.042787,0.042787,0.127424,0.034206,0.0826826,0.0583559,0.141504,0.120072,0.120072,0.0188226,0.000227829,0.239468,0.000150914,0.00599397,0.132762,0.048906,0.048906,0.0781109,0.0748959,0.259691,0.112167,0.0139998,0.0618875,0.097023,0.097023,0.097023,0.00218937,0.00281907,2.64283e-05,0.000655837,0.0151522,0.0430703,4.19753e-05,0.0192512,0.0946223,0.223618,0.0626896,0.306549,0.101129,0.101129,0.048906,0.048906,0.0148663,0.101129,0.0760669,0.0090313,0.122366,0.087122,0.087122,
1.07,0.00742794,0.0153892,0.104644,0.0136587,0.019125,0.0646745,0.043762,0.043762,0.0484285,0.0879576,0.0341652,0.0152958,0.0817391,0.0459728,0.039347,0.039347,0.039347,0.00182972,0.0446559,3.02478e-05,0.00205809,0.0446735,0.0564951,0.0259814,0.0770083,0.0562407,0.139852,0.0554366,0.13479,0.032757,0.032757,0.043762,0.043762,0.040678,0.032757,0.103023,0.0317269,0.0138369,0.118308,0.118308,0.0141633,0.000123562,0.180827,0.000148079,0.00475609,0.0859381,0.048802,0.048802,0.0599592,0.0637241,0.194582,0.0937461,0.00936328,0.0469557,0.099766,0.099766,0.099766,0.00141287,0.00219114,7.53298e-06,0.000426177,0.00807925,0.0346025,3.11241e-05,0.0110608,0.0701344,0.174814,0.0503578,0.225171,0.103776,0.103776,0.048802,0.048802,0.0119751,0.103776,0.0895756,0.00439863,1.52447e-05,0.09357,0.09357,
1.075,0.00910543,0.0189637,0.128965,0.0104347,0.0232738,0.0761098,0.044687,0.044687,0.0525669,0.0966085,0.0327764,0.00889232,0.0631122,0.0462531,0.038786,0.038786,0.038786,0.00142217,0.0305417,1.21926e-05,0.00147939,0.0268487,0.0556733,0.0159165,0.0840083,0.0581342,0.139583,0.0565949,0.143684,0.031833,0.031833,0.044687,0.044687,0.0333563,0.031833,0.109857,0.0329657,0.0161878,0.115092,0.115092,0.0173617,7.52122e-05,0.222869,0.000129701,0.00565175,0.0926255,0.04844,0.04844,0.0611745,0.0666085,0.217112,0.075441,0.00708569,0.0497284,0.101876,0.101876,0.101876,0.00129363,0.00151244,0,0.000332484,0.00493892,0.0358521,1.29435e-05,0.00820157,0.0718832,0.182789,0.0528356,0.27678,0.10621,0.10621,0.04844,0.04844,0.0105563,0.10621,0.0906599,0.00281155,1.4849e-05,0.099594,0.099594,
1.08,0.00952132,0.0198771,0.138343,0.0156175,0.0246007,0.096069,0.045519,0.045519,0.13971,0.10778,0.0394273,0.0484684,0.0765809,0.0598887,0.038494,0.038494,0.038494,0.00208104,0.0445473,1.16255e-05,0.0022797,0.0466523,0.0667775,0.0283887,0.095348,0.0728176,0.155408,0.0684362,0.167625,0.031505,0.031505,0.045519,0.045519,0.128936,0.031505,0.0901912,0.059215,0.146842,0.110749,0.110749,0.0182644,0.000133782,0.233678,0.000129447,0.00583817,0.122192,0.04786,0.04786,0.0779819,0.0809177,0.23765,0.0850587,0.0100488,0.0590492,0.103275,0.103275,0.103275,0.00164343,0.00188156,1.12648e-05,0.000451409,0.0089569,0.0423376,2.79158e-05,0.0125147,0.0855212,0.199572,0.0613119,0.299138,0.10848,0.10848,0.04786,0.04786,0.0116113,0.10848,0.0815368,0.0081942,0.129168,0.104958,0.104958,
1.085,0.00678066,0.0140652,0.095625,0.00400524,0.0171114,0.0601933,0.046205,0.046205,0.0505594,0.0923282,0.0322369,0.0133311,0.0515145,0.0412489,0.038476,0.038476,0.038476,0.000622731,0.018666,3.73338e-05,0.000589101,0.00800862,0.0552071,0.00241512,0.0574964,0.0476192,0.146296,0.0495421,0.0970077,0.031821,0.031821,0.046205,0.046205,0.0493467,0.031821,0.112623,0.0333909,0.0114939,0.105754,0.105754,0.0128343,1.34471e-05,0.165227,0.000134214,0.00442547,0.0714122,0.047159,0.047159,0.0614693,0.0710799,0.173741,0.0906231,0.00533057,0.0455119,0.103877,0.103877,0.103877,0.000739024,0.00154102,0,0.00019598,0.000887175,0.0358001,3.63094e-05,0.00300622,0.0607806,0.162187,0.0510977,0.205189,0.110806,0.110806,0.047159,0.047159,0.00985709,0.110806,0.10048,0.00526801,1.84309e-05,0.109501,0.109501,
1.09,0.00834612,0.01737,0.123393,0.0213403,0.0218431,0.100819,0.046699,0.046699,0.198883,0.115451,0.047305,0.0831765,0.104304,0.0709392,0.038731,0.038731,0.038731,0.00275122,0.065685,3.65009e-05,0.00323952,0.0736059,0.078876,0.0440846,0.0962012,0.0825484,0.180277,0.0778603,0.174011,0.032825,0.032825,0.046699,0.046699,0.207875,0.032825,0.0808086,0.0786546,0.232402,0.100532,0.100532,0.0160728,0.000209058,0.204207,0.000153119,0.0052349,0.137657,0.046478,0.046478,0.092714,0.0943935,0.236898,0.119867,0.0141918,0.065393,0.103578,0.103578,0.103578,0.00194151,0.00273661,0,0.000607579,0.0135742,0.0480968,6.29997e-05,0.0173572,0.0957057,0.213366,0.0679342,0.268886,0.113584,0.113584,0.046478,0.046478,0.0144295,0.113584,0.0826053,0.0142544,0.215853,0.113074,0.113074,
1.095,0.00767927,0.0158656,0.107865,0.0151822,0.0197658,0.0670389,0.046977,0.046977,0.0543267,0.0981351,0.0367541,0.0164078,0.0903694,0.0493852,0.039263,0.039263,0.039263,0.00206443,0.0501075,3.08278e-05,0.00231044,0.0508107,0.0600248,0.0295731,0.0811386,0.0596407,0.143322,0.0594692,0.142998,0.034561,0.034561,0.046977,0.046977,0.0440309,0.034561,0.115347,0.03425,0.0144121,0.09541,0.09541,0.0146138,0.000140407,0.186398,0.000160453,0.00494433,0.0912396,0.045989,0.045989,0.0652142,0.0708051,0.202096,0.0974489,0.0103,0.0497362,0.102275,0.102275,0.102275,0.00154895,0.00246868,2.37244e-05,0.000470529,0.00942834,0.0369149,3.18943e-05,0.0123806,0.0750183,0.181987,0.0535091,0.232325,0.117309,0.117309,0.045989,0.045989,0.0128204,0.117309,0.0980663,0.00463134,1.62116e-05,0.115536,0.115536,
1.1,0.00886236,0.018314,0.124511,0.0222838,0.0230087,0.0781418,0.047051,0.047051,0.0584728,0.105587,0.0403399,0.0226827,0.114256,0.0561311,0.040067,0.040067,0.040067,0.00288101,0.0687952,4.3318e-05,0.00339271,0.0775131,0.0665566,0.0460735,0.101298,0.0703536,0.173501,0.0683739,0.179016,0.037088,0.037088,0.047051,0.047051,0.0512622,0.037088,0.117347,0.0376115,0.0172835,0.090681,0.090681,0.0169371,0.000218769,0.215193,0.00016202,0.00555693,0.108561,0.045859,0.045859,0.0681921,0.0701206,0.24308,0.127062,0.0133032,0.0555232,0.099932,0.099932,0.099932,0.00207987,0.00295659,0,0.000638834,0.0140269,0.0392267,4.52447e-05,0.018167,0.0872558,0.219913,0.0568314,0.268159,0.12245,0.12245,0.045859,0.045859,0.0164014,0.12245,0.0914112,0.00578692,1.28253e-05,0.116803,0.116803,
1.105,0.00968163,0.0200572,0.138958,0.0244343,0.0251929,0.0964904,0.046969,0.046969,0.136108,0.125362,0.0443159,0.0493437,0.113662,0.06652,0.041133,0.041133,0.041133,0.0031417,0.0711857,2.31242e-05,0.00367622,0.0824614,0.0726378,0.050471,0.110116,0.080865,0.166494,0.0773779,0.196633,0.040451,0.040451,0.046969,0.046969,0.122825,0.040451,0.112581,0.0595375,0.125493,0.086659,0.086659,0.0185423,0.000238328,0.235719,0.000153055,0.00596747,0.133423,0.046216,0.046216,0.0835201,0.0876524,0.25673,0.10945,0.0142568,0.0628056,0.096643,0.096643,0.096643,0.0022614,0.0027272,0,0.000674822,0.0154337,0.0443899,3.80981e-05,0.0198684,0.0973769,0.221874,0.0637885,0.300694,0.129341,0.129341,0.046216,0.046216,0.0155542,0.129341,0.0886431,0.00855986,0.106502,0.116943,0.116943,
1.11,0.00818675,0.0168362,0.114413,0.0197772,0.021115,0.0714279,0.046806,0.046806,0.0654906,0.117511,0.0383266,0.0180029,0.10436,0.0534666,0.042434,0.042434,0.042434,0.00256601,0.0607805,2.77237e-05,0.0030051,0.067375,0.0615847,0.040579,0.0915652,0.0645501,0.143335,0.0650457,0.162138,0.044657,0.044657,0.046806,0.046806,0.0476021,0.044657,0.132556,0.037476,0.0157865,0.083698,0.083698,0.0155498,0.000192101,0.197754,0.00015533,0.00518178,0.101402,0.047159,0.047159,0.069472,0.078196,0.216675,0.100704,0.0119067,0.05223,0.092594,0.092594,0.092594,0.00189399,0.00255581,0,0.000571223,0.0123887,0.0378947,2.97536e-05,0.0161061,0.0821789,0.192701,0.0544763,0.2464,0.138115,0.138115,0.047159,0.047159,0.0144617,0.138115,0.098521,0.00457189,1.30796e-05,0.116258,0.116258,
1.115,0.0108046,0.0222863,0.151459,0.0243009,0.0278442,0.0909328,0.04665,0.04665,0.0794166,0.142629,0.040036,0.0151036,0.110991,0.0603698,0.043926,0.043926,0.043926,0.00312921,0.0670639,9.04125e-06,0.00362327,0.0788183,0.0647651,0.0489893,0.117322,0.075769,0.15082,0.074894,0.206223,0.049643,0.049643,0.04665,0.04665,0.0432827,0.049643,0.152189,0.0420539,0.0209416,0.082164,0.082164,0.0205506,0.000230556,0.261814,0.000139194,0.00655603,0.124794,0.048745,0.048745,0.0752829,0.0856745,0.26808,0.0940411,0.0126965,0.0593986,0.088019,0.088019,0.088019,0.0023643,0.00240975,0,0.000657854,0.0149387,0.0407441,1.23049e-05,0.0196867,0.0956632,0.223517,0.0591566,0.325737,0.148649,0.148649,0.048745,0.048745,0.0158259,0.148649,0.0971396,0.00307002,0.000304172,0.115225,0.115225,
1.12,0.00957868,0.0197098,0.135654,0.0186683,0.0244987,0.0905577,0.046574,0.046574,0.133014,0.157576,0.04111,0.0340646,0.0926256,0.0622089,0.045543,0.045543,0.045543,0.00242564,0.0524666,8.46222e-06,0.0027905,0.0585542,0.0666378,0.0361855,0.0994603,0.0725089,0.143623,0.0740727,0.175649,0.055229,0.055229,0.046574,0.046574,0.10262,0.055229,0.156758,0.0574503,0.0901585,0.082333,0.082333,0.0181328,0.000170985,0.231486,0.000128214,0.00588172,0.122772,0.050993,0.050993,0.0861842,0.103915,0.238136,0.0835318,0.0107942,0.0603222,0.083208,0.083208,0.083208,0.00192538,0.00199212,0,0.000519842,0.0111567,0.0439851,1.89845e-05,0.0150409,0.0917225,0.201472,0.0620365,0.292648,0.160611,0.160611,0.050993,0.050993,0.0137455,0.160611,0.104913,0.00633297,0.0722533,0.114327,0.114327,
1.125,0.0111796,0.0229822,0.156113,0.0217192,0.0285515,0.0944641,0.04662,0.04662,0.0953033,0.171057,0.0408484,0.0143574,0.10273,0.0621819,0.047193,0.047193,0.047193,0.00282655,0.0587974,7.81664e-06,0.00324211,0.0680581,0.0663359,0.0421298,0.115738,0.0756674,0.155574,0.0777075,0.202038,0.061159,0.061159,0.04662,0.04662,0.052943,0.061159,0.183382,0.0475991,0.0208307,0.084262,0.084262,0.0211408,0.000198352,0.269902,0.00012467,0.00674901,0.126957,0.053855,0.053855,0.0829349,0.101998,0.272714,0.0922318,0.0112338,0.0621929,0.078472,0.078472,0.078472,0.00225309,0.00215945,6.91909e-06,0.000588016,0.0130217,0.0436413,1.05697e-05,0.0175186,0.0978144,0.227724,0.0621691,0.335491,0.173604,0.173604,0.053855,0.053855,0.0159082,0.173604,0.109321,0.00341154,8.41919e-06,0.113835,0.113835,
1.13,0.00867968,0.0177274,0.12327,0.0170347,0.0220391,0.0902726,0.046785,0.046785,0.178567,0.184389,0.0447852,0.0483526,0.0922616,0.0672092,0.04876,0.04876,0.04876,0.00222146,0.0499425,8.58364e-06,0.00258431,0.0538375,0.0711966,0.0331346,0.0898341,0.0730841,0.137242,0.0779522,0.160372,0.067197,0.067197,0.046785,0.046785,0.14789,0.067197,0.179795,0.0710906,0.136326,0.087739,0.087739,0.0163034,0.000156718,0.208091,0.000134968,0.00544268,0.125994,0.057191,0.057191,0.100367,0.127229,0.219159,0.0791881,0.0107857,0.06331,0.07405,0.07405,0.07405,0.00179125,0.00196814,0,0.000486705,0.0103106,0.0484891,2.43207e-05,0.013736,0.094137,0.189516,0.0668224,0.266843,0.187187,0.187187,0.057191,0.057191,0.0133941,0.187187,0.121777,0.00886014,0.120168,0.113742,0.113742,
1.135,0.0100073,0.0204364,0.138726,0.014683,0.0251794,0.0853402,0.047036,0.047036,0.10778,0.192659,0.0406461,0.0115741,0.0847237,0.0597773,0.050119,0.050119,0.050119,0.00196795,0.0411447,4.80473e-06,0.00220023,0.0422216,0.0649275,0.0258304,0.0955464,0.0673448,0.1389,0.0743037,0.165471,0.073209,0.073209,0.047036,0.047036,0.0614888,0.073209,0.214098,0.0509911,0.0178832,0.092263,0.092263,0.0187253,0.000121477,0.239856,0.000125442,0.00617786,0.113977,0.060745,0.060745,0.0901145,0.120718,0.237667,0.0758833,0.00852038,0.0605118,0.070061,0.070061,0.070061,0.00175402,0.00172507,1.01346e-05,0.000425373,0.00820688,0.0454288,6.47264e-06,0.0117308,0.0910914,0.201107,0.063349,0.297943,0.200852,0.200852,0.060745,0.060745,0.0138935,0.200852,0.131724,0.00365237,1.20865e-05,0.113852,0.113852,
1.14,0.00935202,0.0189468,0.128822,0.0223406,0.0237234,0.0835641,0.047313,0.047313,0.12073,0.202313,0.0460965,0.0222634,0.11915,0.0666749,0.051184,0.051184,0.051184,0.00288588,0.0662865,1.88104e-05,0.00343478,0.0750938,0.0715649,0.045887,0.102644,0.0742142,0.146444,0.0817529,0.182095,0.079179,0.079179,0.047313,0.047313,0.0790461,0.079179,0.222858,0.0557977,0.0285632,0.097123,0.097123,0.0174749,0.000216551,0.222299,0.000154834,0.00587818,0.123197,0.064178,0.064178,0.097298,0.127893,0.240661,0.0990226,0.0127859,0.0635386,0.066551,0.066551,0.066551,0.00223294,0.0025948,0,0.000626839,0.0141056,0.0478056,2.27321e-05,0.0181728,0.100382,0.212327,0.0660604,0.277496,0.21411,0.21411,0.064178,0.064178,0.0170215,0.21411,0.137395,0.00556312,0.0108127,0.113913,0.113913,
1.145,0.00968337,0.0195817,0.134372,0.0243623,0.024569,0.0925257,0.047543,0.047543,0.166908,0.225953,0.0501968,0.0364645,0.125809,0.0744943,0.051928,0.051928,0.051928,0.00314544,0.0712067,9.77294e-06,0.00374379,0.0817856,0.0771502,0.0506022,0.107805,0.0810873,0.14265,0.0893727,0.193288,0.085159,0.085159,0.047543,0.047543,0.119308,0.085159,0.237171,0.069459,0.0815639,0.101597,0.101597,0.0180709,0.000238578,0.229724,0.000159239,0.00608104,0.138218,0.067167,0.067167,0.110432,0.145874,0.247456,0.092361,0.0139107,0.0690304,0.063566,0.063566,0.063566,0.00240304,0.00264629,3.7084e-06,0.000673262,0.0156441,0.0523731,2.0233e-05,0.0198411,0.108826,0.215127,0.0718353,0.290306,0.226592,0.226592,0.067167,0.067167,0.0172768,0.226592,0.145689,0.00725078,0.0630158,0.113723,0.113723,
1.15,0.0108288,0.0220214,0.151023,0.0191308,0.0272616,0.101758,0.047646,0.047646,0.174713,0.237822,0.0485695,0.0342075,0.102476,0.0736944,0.052382,0.052382,0.052382,0.00250899,0.0531792,6.68292e-06,0.00290721,0.0586455,0.0769776,0.0361184,0.1081,0.0805342,0.157456,0.0892755,0.189553,0.091208,0.091208,0.047646,0.047646,0.124611,0.091208,0.247192,0.0727942,0.0855426,0.105101,0.105101,0.0202167,0.000169857,0.2584,0.000129412,0.00664901,0.140163,0.069467,0.069467,0.112142,0.151003,0.264866,0.0892407,0.0108764,0.071497,0.06115,0.06115,0.06115,0.00213104,0.00204145,7.25912e-06,0.000530875,0.0113574,0.0540178,1.6507e-05,0.0153787,0.108046,0.226311,0.0739716,0.325465,0.238043,0.238043,0.069467,0.069467,0.0163754,0.238043,0.146342,0.00724362,0.0657995,0.113182,0.113182,
1.155,0.0132554,0.0271318,0.184641,0.0155619,0.0332269,0.115113,0.047555,0.047555,0.152834,0.251703,0.0453777,0.0184869,0.0816282,0.071545,0.052615,0.052615,0.052615,0.00209831,0.037392,4.54416e-06,0.00230595,0.0400812,0.0754023,0.0243971,0.120627,0.0817894,0.185191,0.0902732,0.205614,0.097356,0.097356,0.047555,0.047555,0.0945493,0.097356,0.265529,0.0682358,0.0429497,0.107191,0.107191,0.0248102,0.000114468,0.318467,8.64748e-05,0.00786526,0.144487,0.070916,0.070916,0.108226,0.148989,0.310269,0.094256,0.00768849,0.0746265,0.059301,0.059301,0.059301,0.00205707,0.00147244,1.82394e-05,0.000418458,0.00798438,0.0544138,8.33038e-06,0.0122439,0.110026,0.25851,0.0748637,0.396231,0.248313,0.248313,0.070916,0.070916,0.0168091,0.248313,0.142178,0.00522534,0.0197327,0.112202,0.112202,
1.16,0.0086716,0.0174717,0.121594,0.00574094,0.0211957,0.0927342,0.04724,0.04724,0.229373,0.261861,0.0457584,0.0470831,0.0567309,0.0691195,0.052723,0.052723,0.052723,0.000821605,0.0162239,8.90682e-07,0.000890449,0.0086314,0.0726615,0.00488061,0.0707322,0.0664223,0.133535,0.0809775,0.121735,0.103569,0.103569,0.04724,0.04724,0.182206,0.103569,0.266306,0.0872654,0.145666,0.107548,0.107548,0.0158972,2.27128e-05,0.204806,9.67419e-05,0.00543749,0.121987,0.071444,0.071444,0.122063,0.176289,0.20272,0.0595524,0.00524584,0.0678656,0.057981,0.057981,0.057981,0.00113729,0.00088782,0,0.000197108,0.00192794,0.0557091,1.61043e-05,0.00427448,0.0930183,0.176882,0.0737809,0.262535,0.257399,0.257399,0.071444,0.071444,0.0116721,0.257399,0.161434,0.0100001,0.131254,0.110639,0.110639,
1.165,0.0108899,0.022055,0.150023,0.00997171,0.0268752,0.0966277,0.046718,0.046718,0.162247,0.26743,0.0443147,0.0168048,0.0702643,0.0671043,0.052831,0.052831,0.052831,0.00135609,0.0250292,3.15334e-06,0.00150379,0.0218254,0.071141,0.0130907,0.0937257,0.0698977,0.153313,0.0839375,0.159059,0.109723,0.109723,0.046718,0.046718,0.102021,0.109723,0.290978,0.069349,0.0379408,0.106014,0.106014,0.0201143,6.14193e-05,0.258653,9.31167e-05,0.00663522,0.124755,0.071057,0.071057,0.112657,0.164946,0.251863,0.0753114,0.00585197,0.0691011,0.057158,0.057158,0.057158,0.00157337,0.00111547,0,0.000293285,0.00432937,0.0538135,6.19512e-06,0.00768152,0.0995376,0.214891,0.0723477,0.321839,0.265519,0.265519,0.071057,0.071057,0.014654,0.265519,0.161923,0.00553626,0.0194528,0.108349,0.108349,
1.17,0.00938554,0.0188137,0.128273,0.00920706,0.0229428,0.0867673,0.046052,0.046052,0.177425,0.277406,0.0445648,0.02112,0.0717208,0.0664284,0.053074,0.053074,0.053074,0.00126008,0.0252435,2.38693e-06,0.00143674,0.0216273,0.0695087,0.0129331,0.0809672,0.0651993,0.133102,0.0820277,0.13871,0.115628,0.115628,0.046052,0.046052,0.116485,0.115628,0.302554,0.0724788,0.0495507,0.102607,0.102607,0.0171537,6.06359e-05,0.220474,9.84678e-05,0.00583061,0.117464,0.069817,0.069817,0.116539,0.174715,0.218558,0.0663767,0.00593624,0.0663787,0.056838,0.056838,0.056838,0.0014547,0.00115794,2.99883e-06,0.000279337,0.00435504,0.053532,7.04972e-06,0.00715848,0.0957206,0.19023,0.0708692,0.275592,0.27297,0.27297,0.069817,0.069817,0.0139335,0.27297,0.170009,0.00629464,0.033691,0.105259,0.105259,
1.175,0.00554677,0.0106524,0.0741146,0.00803835,0.0130987,0.0649984,0.045348,0.045348,0.216864,0.281283,0.0486485,0.041286,0.0835336,0.067999,0.053586,0.053586,0.053586,0.00110442,0.0311122,1.31568e-05,0.0013802,0.0250846,0.0721802,0.0144031,0.0509855,0.0581823,0.101442,0.0794017,0.0936407,0.121102,0.121102,0.045348,0.045348,0.16797,0.121102,0.306744,0.0827931,0.100468,0.09754,0.09754,0.00972219,7.04505e-05,0.124439,0.000141513,0.00388091,0.103132,0.067837,0.067837,0.127876,0.193068,0.142624,0.0615102,0.00762385,0.0626083,0.057077,0.057077,0.057077,0.00116582,0.00162606,0,0.000285625,0.00480862,0.0554513,2.40913e-05,0.00646037,0.0893082,0.140453,0.0713018,0.160893,0.279788,0.279788,0.067837,0.067837,0.0127418,0.279788,0.190246,0.00998032,0.0911061,0.101396,0.101396,
1.18,0.0107384,0.0216094,0.147744,0.0136328,0.0264812,0.100768,0.044765,0.044765,0.199986,0.29556,0.0471843,0.029385,0.0827314,0.0731662,0.054478,0.054478,0.054478,0.00180656,0.0349605,4.16565e-06,0.00210655,0.0369471,0.0745974,0.0225327,0.0978653,0.0746317,0.153974,0.0905126,0.168552,0.126046,0.126046,0.044765,0.044765,0.136361,0.126046,0.311841,0.0804204,0.072198,0.091271,0.091271,0.0197511,0.000105832,0.253332,8.44303e-05,0.00650014,0.13579,0.065283,0.065283,0.122729,0.181291,0.254965,0.080584,0.00738547,0.072508,0.057975,0.057975,0.057975,0.0018385,0.0013494,5.10341e-06,0.000372235,0.00730487,0.0565027,1.17089e-05,0.0107608,0.106591,0.219499,0.0747766,0.317697,0.285642,0.285642,0.065283,0.065283,0.0161277,0.285642,0.165159,0.00743622,0.0535443,0.096906,0.096906,
1.185,0.0100009,0.0201196,0.139852,0.00620699,0.024357,0.106476,0.04449,0.04449,0.265186,0.308653,0.0463934,0.0526013,0.0514582,0.0742323,0.055808,0.055808,0.055808,0.000860525,0.0125185,8.38655e-07,0.000969161,0.0081302,0.0750116,0.00460861,0.0808044,0.071412,0.152926,0.0886246,0.137305,0.130446,0.130446,0.04449,0.04449,0.208843,0.130446,0.30635,0.0989632,0.16286,0.084538,0.084538,0.0182989,2.13861e-05,0.235817,4.8936e-05,0.00600616,0.136441,0.062392,0.062392,0.132072,0.196913,0.233018,0.0675875,0.00415818,0.0737239,0.059652,0.059652,0.059652,0.00129423,0.000560966,0,0.000174754,0.00190816,0.0592383,1.77439e-05,0.00454238,0.101205,0.201094,0.0770034,0.30155,0.290115,0.290115,0.062392,0.062392,0.013345,0.290115,0.162636,0.0112185,0.146316,0.092028,0.092028,
1.19,0.0108054,0.0217361,0.149313,0.010935,0.0264976,0.105408,0.044724,0.044724,0.227788,0.31095,0.0458339,0.0371197,0.0679335,0.073415,0.05752,0.05752,0.05752,0.00144586,0.0247927,2.87997e-06,0.00169187,0.0257822,0.0735789,0.0156571,0.0940137,0.0734771,0.15768,0.0904877,0.160363,0.13434,0.13434,0.044724,0.044724,0.164082,0.13434,0.318925,0.0883521,0.102669,0.078262,0.078262,0.0198276,7.34405e-05,0.25479,5.15206e-05,0.00642972,0.137873,0.059451,0.059451,0.126231,0.189628,0.254147,0.0774623,0.00562537,0.0733058,0.06219,0.06219,0.06219,0.00167124,0.000899228,0,0.000286588,0.00519202,0.0572612,1.3472e-05,0.0084561,0.105259,0.218072,0.0747822,0.321139,0.29301,0.29301,0.059451,0.059451,0.0154861,0.29301,0.160921,0.0087873,0.0842634,0.087067,0.087067,
1.195,0.00915612,0.0182516,0.126982,0.00958476,0.0222592,0.0998095,0.045667,0.045667,0.266553,0.31575,0.0484871,0.0538826,0.0688066,0.0760676,0.059463,0.059463,0.059463,0.0012758,0.0246013,3.97153e-06,0.00153063,0.0235382,0.0762038,0.0141281,0.079563,0.0718132,0.143089,0.0905227,0.137926,0.137771,0.137771,0.045667,0.045667,0.208899,0.137771,0.317486,0.0990111,0.156636,0.073297,0.073297,0.0166431,6.64439e-05,0.2138,6.82177e-05,0.00559289,0.135763,0.056703,0.056703,0.135185,0.202355,0.220049,0.0707295,0.00613704,0.073143,0.065574,0.065574,0.065574,0.00148563,0.00098982,0,0.000267216,0.00478131,0.0594808,2.08694e-05,0.00744231,0.103343,0.194101,0.0768641,0.274287,0.294333,0.294333,0.056703,0.056703,0.014375,0.294333,0.170026,0.0114449,0.1411,0.082344,0.082344,
1.2,0.00991764,0.0198753,0.138342,0.0130684,0.0243645,0.109333,0.047496,0.047496,0.272409,0.313203,0.0517211,0.0634992,0.0821904,0.0811763,0.061447,0.061447,0.061447,0.00170853,0.0352354,2.26509e-05,0.00208128,0.037709,0.0833042,0.0219931,0.0915895,0.0799102,0.179408,0.096592,0.159671,0.140782,0.140782,0.047496,0.047496,0.225968,0.140782,0.308795,0.103461,0.170352,0.070285,0.070285,0.0181751,0.000105098,0.232933,7.0695e-05,0.00599592,0.147497,0.054324,0.054324,0.13765,0.199734,0.251777,0.102947,0.00795199,0.0783716,0.069673,0.069673,0.069673,0.00175027,0.00146677,0,0.000355412,0.00715174,0.0622749,4.08706e-05,0.010311,0.111445,0.227435,0.0807145,0.29896,0.29424,0.29424,0.054324,0.054324,0.0170143,0.29424,0.163738,0.0135627,0.153066,0.078094,0.078094,
1.205,0.0107968,0.0217587,0.151629,0.0114448,0.0265412,0.118878,0.050333,0.050333,0.287923,0.319423,0.0496331,0.068334,0.0678624,0.0811081,0.063306,0.063306,0.063306,0.00149492,0.0267336,2.24831e-05,0.00180838,0.0294785,0.0822546,0.0168713,0.0956714,0.0811301,0.194294,0.0969743,0.164335,0.143455,0.143455,0.050333,0.050333,0.242468,0.143455,0.30529,0.108263,0.19148,0.069706,0.069706,0.0198661,8.07125e-05,0.255093,3.21384e-05,0.00633836,0.153126,0.052424,0.052424,0.136927,0.199334,0.269911,0.10603,0.00632358,0.0799076,0.074229,0.074229,0.074229,0.00169027,0.00106293,0,0.000291167,0.00562368,0.0622691,4.25959e-05,0.00886256,0.111677,0.239993,0.0803644,0.327344,0.29297,0.29297,0.052424,0.052424,0.0169025,0.29297,0.151145,0.0143554,0.172928,0.074482,0.074482,
1.21,0.0126858,0.0258115,0.17957,0.0115267,0.0314172,0.133634,0.05421,0.05421,0.295218,0.318516,0.0495522,0.0672602,0.0599212,0.0837408,0.064922,0.064922,0.064922,0.00151494,0.0223127,5.57412e-06,0.0017344,0.0246184,0.083432,0.014859,0.109546,0.0872632,0.198265,0.100336,0.186652,0.14596,0.14596,0.05421,0.05421,0.241282,0.14596,0.297402,0.110468,0.208321,0.071925,0.071925,0.023547,6.99604e-05,0.30281,2.2843e-05,0.00735294,0.166329,0.051043,0.051043,0.137573,0.196759,0.301992,0.0936892,0.00570503,0.0838713,0.078946,0.078946,0.078946,0.00178914,0.000709119,0,0.00028059,0.00501744,0.0635668,2.76334e-05,0.00877986,0.116946,0.255579,0.0834638,0.387191,0.290707,0.290707,0.051043,0.051043,0.0162316,0.290707,0.145567,0.0132475,0.186583,0.071629,0.071629,
1.215,0.0125079,0.0254221,0.177438,0.0167134,0.0311854,0.135921,0.059073,0.059073,0.306736,0.315642,0.053872,0.0779983,0.0826657,0.0893689,0.066202,0.066202,0.066202,0.00215882,0.0395975,1.51686e-05,0.00255816,0.0464894,0.0895371,0.0281033,0.116564,0.093976,0.208749,0.105873,0.201797,0.148542,0.148542,0.059073,0.059073,0.259336,0.148542,0.290339,0.114871,0.229278,0.077161,0.077161,0.0232671,0.000132591,0.298254,4.82112e-05,0.00731383,0.175608,0.050152,0.050152,0.14219,0.19777,0.310412,0.111051,0.00880641,0.0870392,0.083551,0.083551,0.083551,0.00211475,0.00136131,0,0.000420942,0.00901368,0.0657379,4.02077e-05,0.0131468,0.124183,0.267722,0.0866025,0.383389,0.287438,0.287438,0.050152,0.050152,0.0181771,0.287438,0.146307,0.0149492,0.207127,0.069605,0.069605,
1.22,0.0127388,0.0259581,0.181415,0.0139092,0.031708,0.13833,0.064805,0.064805,0.313365,0.313534,0.0524508,0.078151,0.0693543,0.0881038,0.067068,0.067068,0.067068,0.00181354,0.0300822,6.77829e-06,0.00209749,0.034043,0.087866,0.0207499,0.113794,0.0924658,0.203083,0.103971,0.195738,0.151459,0.151459,0.064805,0.064805,0.263819,0.151459,0.285174,0.116223,0.24229,0.085438,0.085438,0.0237155,9.7537e-05,0.304579,3.84878e-05,0.0074236,0.174822,0.049683,0.049683,0.141757,0.197601,0.308046,0.0986728,0.00733747,0.0866662,0.087856,0.087856,0.087856,0.00193405,0.000984177,0,0.000346573,0.00680499,0.0655535,3.30275e-05,0.0107714,0.12159,0.261282,0.0865574,0.391857,0.283072,0.283072,0.049683,0.049683,0.0167089,0.283072,0.144516,0.0146749,0.220092,0.068403,0.068403,
1.225,0.0117387,0.0238513,0.167381,0.0146101,0.0292169,0.132607,0.071271,0.071271,0.31776,0.307694,0.0542545,0.0840167,0.0775769,0.08891,0.067474,0.067474,0.067474,0.00190175,0.0354822,1.43927e-05,0.00224206,0.039411,0.0898152,0.0236534,0.107674,0.0917969,0.200853,0.103688,0.186948,0.154888,0.154888,0.071271,0.071271,0.275009,0.154888,0.279875,0.117649,0.252514,0.096547,0.096547,0.0218142,0.000111644,0.279811,5.84245e-05,0.00693926,0.171627,0.049557,0.049557,0.143668,0.198717,0.291984,0.104611,0.0084767,0.0859793,0.091793,0.091793,0.091793,0.00191741,0.00130211,0,0.000379119,0.00768437,0.0660731,4.19434e-05,0.0114419,0.120791,0.253378,0.0870314,0.362196,0.277739,0.277739,0.049557,0.049557,0.0169282,0.277739,0.148746,0.015854,0.231858,0.067944,0.067944,
1.23,0.0113924,0.0231437,0.162949,0.0125167,0.0282875,0.13123,0.078298,0.078298,0.325361,0.304372,0.0547987,0.0866444,0.0725193,0.0890248,0.067397,0.067397,0.067397,0.00174772,0.031656,1.13611e-05,0.00194556,0.0323409,0.0906161,0.0188042,0.102207,0.0907025,0.194368,0.102735,0.179204,0.158854,0.158854,0.078298,0.078298,0.283597,0.158854,0.276516,0.119757,0.26672,0.110028,0.110028,0.0211436,8.98275e-05,0.271504,6.6902e-05,0.00679501,0.169378,0.049702,0.049702,0.145955,0.201273,0.280907,0.0969976,0.007948,0.0860152,0.095406,0.095406,0.095406,0.00177315,0.00139835,3.92261e-05,0.000336722,0.00684648,0.067099,4.02354e-05,0.0098434,0.119066,0.24364,0.0883582,0.353154,0.272083,0.272083,0.049702,0.049702,0.0158179,0.272083,0.153548,0.0161804,0.246891,0.068124,0.068124,
1.235,0.00990616,0.0200501,0.142074,0.00992971,0.0244633,0.121821,0.085638,0.085638,0.322978,0.293045,0.0556594,0.0921197,0.0715128,0.0881245,0.066855,0.066855,0.066855,0.00134591,0.028131,3.01104e-05,0.00157971,0.0255573,0.0937415,0.0139093,0.0900959,0.0874939,0.201417,0.100279,0.165363,0.163199,0.163199,0.085638,0.085638,0.29573,0.163199,0.267166,0.120903,0.270169,0.125129,0.125129,0.0183071,7.84068e-05,0.235138,7.9526e-05,0.00603431,0.158985,0.05005,0.05005,0.146748,0.201056,0.256627,0.111634,0.00775523,0.0852056,0.098843,0.098843,0.098843,0.00149528,0.00138751,0,0.000290105,0.00475733,0.068712,5.87769e-05,0.00765993,0.115144,0.234747,0.0886454,0.308322,0.267055,0.267055,0.05005,0.05005,0.0156497,0.267055,0.157055,0.0179971,0.253102,0.068867,0.068867,
1.24,0.00982029,0.0198758,0.141353,0.00975046,0.0242585,0.123244,0.092971,0.092971,0.333566,0.291089,0.0574023,0.0971611,0.0733937,0.0907378,0.065945,0.065945,0.065945,0.00146998,0.029995,2.98577e-05,0.00158977,0.0261882,0.0971924,0.0135864,0.0906619,0.0899699,0.201286,0.102258,0.172156,0.167646,0.167646,0.092971,0.092971,0.307879,0.167646,0.263373,0.12473,0.288491,0.140868,0.140868,0.0181472,8.2342e-05,0.233105,8.91974e-05,0.00602312,0.161802,0.050544,0.050544,0.150728,0.204046,0.255018,0.110791,0.00806163,0.0873686,0.102325,0.102325,0.102325,0.00150391,0.00171759,5.36598e-05,0.000293727,0.00550803,0.0711017,6.03962e-05,0.00768758,0.117362,0.233868,0.0913498,0.307504,0.26343,0.26343,0.050544,0.050544,0.0153385,0.26343,0.160141,0.0186528,0.271575,0.070172,0.070172,
1.245,0.00979028,0.0198725,0.141582,0.00587201,0.0240859,0.123807,0.100019,0.100019,0.337992,0.289077,0.0573383,0.0975209,0.0606354,0.090408,0.064827,0.064827,0.064827,0.000873098,0.0179733,2.77328e-05,0.000941817,0.00929535,0.0984813,0.00375568,0.0854987,0.088694,0.200829,0.101127,0.164438,0.171869,0.171869,0.100019,0.100019,0.313724,0.171869,0.261027,0.126842,0.297544,0.156136,0.156136,0.0180933,4.12212e-05,0.233082,9.08819e-05,0.00605047,0.15913,0.051191,0.051191,0.152741,0.206862,0.249279,0.104418,0.00657562,0.0882814,0.106115,0.106115,0.106115,0.00121554,0.00114716,0,0.000202417,0.00171774,0.0728667,5.8843e-05,0.00426239,0.115488,0.22874,0.0932917,0.307543,0.261652,0.261652,0.051191,0.051191,0.0140093,0.261652,0.165088,0.018839,0.281152,0.072133,0.072133,
1.25,0.0108896,0.0222403,0.157758,0.00493152,0.0268948,0.133257,0.106608,0.106608,0.337285,0.286942,0.0584898,0.0989211,0.056561,0.092291,0.063666,0.063666,0.063666,0.00077892,0.0146882,3.39646e-05,0.000778531,0.00424084,0.102236,0.000106008,0.0923709,0.0927583,0.225896,0.10374,0.173631,0.175539,0.175539,0.106608,0.106608,0.317473,0.175539,0.256866,0.128547,0.300898,0.169951,0.169951,0.0202381,2.29674e-05,0.260962,8.7994e-05,0.00665998,0.165619,0.052014,0.052014,0.153724,0.205022,0.275763,0.117431,0.00614438,0.0920798,0.110447,0.110447,0.110447,0.00120868,0.00115055,5.90242e-06,0.000180914,0.00071121,0.0749553,6.47905e-05,0.00342189,0.11908,0.251572,0.096817,0.342085,0.261844,0.261844,0.052014,0.052014,0.0147019,0.261844,0.163959,0.0194457,0.282784,0.074879,0.074879,
1.255,0.0105977,0.0216041,0.153267,0.00613407,0.0261921,0.130934,0.11268,0.11268,0.331844,0.284628,0.0609816,0.0997947,0.0672625,0.0946379,0.06259,0.06259,0.06259,0.00098427,0.0212715,4.31747e-05,0.00100074,0.0108496,0.106702,0.00348347,0.0937856,0.0951214,0.232862,0.106175,0.181891,0.178371,0.178371,0.11268,0.11268,0.316268,0.178371,0.258596,0.12858,0.293615,0.181652,0.181652,0.019679,4.54818e-05,0.253477,0.000107833,0.00656919,0.165824,0.053015,0.053015,0.156463,0.206536,0.275582,0.128956,0.00728809,0.0940047,0.11545,0.11545,0.11545,0.00128605,0.00158038,2.22315e-05,0.000225534,0.00197886,0.0772303,7.30624e-05,0.00451425,0.122189,0.256826,0.099218,0.332705,0.263821,0.263821,0.053015,0.053015,0.015603,0.263821,0.170374,0.0199475,0.275842,0.078522,0.078522,
1.26,0.0099733,0.0202683,0.14384,0.00450902,0.024524,0.125156,0.118298,0.118298,0.32363,0.285079,0.0627954,0.0976433,0.0698351,0.0947678,0.061666,0.061666,0.061666,0.000788769,0.0200784,5.19467e-05,0.000781043,0.00638997,0.109534,0.000121996,0.0874479,0.0935497,0.235858,0.106059,0.172928,0.180149,0.180149,0.118298,0.118298,0.312086,0.180149,0.26709,0.127515,0.278569,0.190843,0.190843,0.0184454,3.30412e-05,0.237742,0.000128699,0.00632705,0.159839,0.054178,0.054178,0.159268,0.210981,0.264545,0.135567,0.00731805,0.0944106,0.121063,0.121063,0.121063,0.00115033,0.00173679,1.85468e-05,0.000205124,0.000910639,0.0790932,7.97381e-05,0.00320662,0.121502,0.253727,0.101236,0.312353,0.26715,0.26715,0.054178,0.054178,0.015752,0.26715,0.183195,0.020282,0.262072,0.083127,0.083127,
1.265,0.00815273,0.0164444,0.118085,0.00470718,0.0199556,0.116096,0.12364,0.12364,0.322486,0.271563,0.0671307,0.111705,0.0855868,0.0962279,0.060931,0.060931,0.060931,0.00082914,0.0294492,9.33876e-05,0.000930704,0.0146553,0.117078,0.00270357,0.0754995,0.0929283,0.27018,0.106217,0.153544,0.180762,0.180762,0.12364,0.12364,0.339069,0.180762,0.256287,0.13036,0.285238,0.197357,0.197357,0.0149928,4.68235e-05,0.192791,0.000159511,0.00542958,0.151989,0.055477,0.055477,0.162026,0.210384,0.249355,0.1815,0.00924031,0.0950451,0.127029,0.127029,0.127029,0.00104979,0.00262224,2.45674e-05,0.000245337,0.00178736,0.0814561,0.000121121,0.00356229,0.12054,0.263076,0.103538,0.257688,0.271375,0.271375,0.055477,0.055477,0.0181253,0.271375,0.189206,0.0244742,0.271692,0.088709,0.088709,
1.27,0.00823211,0.0166362,0.119617,0.00417696,0.0201693,0.119771,0.128965,0.128965,0.326993,0.270261,0.0700415,0.11891,0.089049,0.0989353,0.060424,0.060424,0.060424,0.000748332,0.0303666,0.000111907,0.000872297,0.0139867,0.123064,0.00125173,0.0757286,0.095949,0.298945,0.108996,0.152517,0.180266,0.180266,0.128965,0.128965,0.355729,0.180266,0.25427,0.134228,0.293986,0.201267,0.201267,0.0151694,3.99657e-05,0.195061,0.000169548,0.00552246,0.154801,0.056885,0.056885,0.165735,0.212405,0.261546,0.206259,0.00970243,0.0985129,0.132891,0.132891,0.132891,0.00100864,0.00286641,1.60897e-05,0.000245975,0.00122937,0.0844162,0.000139962,0.00310323,0.123582,0.281829,0.107549,0.261042,0.276287,0.276287,0.056885,0.056885,0.0195159,0.276287,0.193224,0.0265975,0.280357,0.095237,0.095237,
1.275,0.00955657,0.0194665,0.139469,0.00612442,0.0236531,0.134258,0.134546,0.134546,0.343021,0.273218,0.0727018,0.128558,0.0931185,0.104398,0.060185,0.060185,0.060185,0.000951375,0.0340382,0.00012026,0.00114185,0.0196331,0.129394,0.00457503,0.0888958,0.104505,0.330825,0.115395,0.173905,0.17899,0.17899,0.134546,0.134546,0.377606,0.17899,0.247946,0.141166,0.320224,0.202855,0.202855,0.0177733,5.53176e-05,0.228384,0.000163133,0.00622093,0.169902,0.058349,0.058349,0.169806,0.212954,0.29849,0.226659,0.0105116,0.104663,0.138146,0.138146,0.138146,0.0011949,0.00293736,0,0.000288539,0.00199409,0.0876619,0.000151037,0.00458303,0.131952,0.314057,0.112395,0.303774,0.282112,0.282112,0.058349,0.058349,0.0212266,0.282112,0.18739,0.0283374,0.304105,0.102629,0.102629,
1.28,0.0115374,0.0236344,0.168359,0.00796209,0.0287333,0.1506,0.140652,0.140652,0.365708,0.28947,0.0735316,0.1293,0.0901706,0.109518,0.06025,0.06025,0.06025,0.00118275,0.0334138,9.59504e-05,0.00134006,0.0209559,0.130808,0.00691576,0.105549,0.112368,0.325485,0.121737,0.201776,0.177501,0.177501,0.140652,0.140652,0.384056,0.177501,0.255866,0.14722,0.3461,0.202569,0.202569,0.0215742,6.42314e-05,0.277401,0.000150372,0.00726937,0.188297,0.059783,0.059783,0.175232,0.219613,0.330784,0.207148,0.010433,0.109775,0.142356,0.142356,0.142356,0.00143507,0.00257613,0,0.000313608,0.00272255,0.0898265,0.000130215,0.00595592,0.140534,0.327219,0.116301,0.365865,0.289272,0.289272,0.059783,0.059783,0.0208276,0.289272,0.18595,0.027154,0.326466,0.110717,0.110717,
1.285,0.0125004,0.0255888,0.181957,0.011056,0.0312103,0.157722,0.147567,0.147567,0.386051,0.30995,0.0753251,0.127881,0.0970016,0.114705,0.06066,0.06066,0.06066,0.00157365,0.0387146,6.91765e-05,0.00176219,0.0290131,0.131805,0.0136237,0.116834,0.118111,0.30059,0.127715,0.22442,0.17649,0.17649,0.147567,0.147567,0.384481,0.17649,0.274029,0.151817,0.36196,0.201088,0.201088,0.0233753,9.63242e-05,0.30034,0.000156626,0.00782318,0.201595,0.06108,0.06108,0.182767,0.231386,0.340538,0.180251,0.011357,0.113066,0.14514,0.14514,0.14514,0.00171619,0.00242499,0,0.000379915,0.0047683,0.091885,0.000106341,0.00846071,0.148319,0.323224,0.119396,0.39535,0.298091,0.298091,0.06108,0.06108,0.0202855,0.298091,0.193827,0.0254963,0.340378,0.119235,0.119235,
1.29,0.0127384,0.0260602,0.185624,0.00972074,0.0317142,0.159826,0.155618,0.155618,0.406788,0.324503,0.0750895,0.126854,0.0887577,0.116062,0.061458,0.061458,0.061458,0.00141379,0.0323378,4.44163e-05,0.00151448,0.0209343,0.130067,0.0099965,0.115903,0.117958,0.271613,0.128595,0.224238,0.176615,0.176615,0.155618,0.155618,0.390041,0.176615,0.286676,0.156077,0.382158,0.199391,0.199391,0.0237725,7.95071e-05,0.305849,0.000154789,0.00797104,0.205111,0.062114,0.062114,0.188196,0.242207,0.330962,0.148086,0.0104423,0.113538,0.146164,0.146164,0.146164,0.00165511,0.00197543,0,0.000339196,0.00370429,0.0928532,8.43679e-05,0.00730712,0.148895,0.30481,0.120661,0.403396,0.30866,0.30866,0.062114,0.062114,0.018246,0.30866,0.201577,0.0242497,0.360381,0.127795,0.127795,
1.295,0.0129022,0.0263239,0.18768,0.0126225,0.0321559,0.16187,0.165016,0.165016,0.424231,0.341288,0.0780222,0.128805,0.100573,0.120967,0.062665,0.062665,0.062665,0.00177963,0.0402865,3.18732e-05,0.00195232,0.0310901,0.132799,0.0171447,0.121229,0.122227,0.255727,0.133836,0.236636,0.178417,0.178417,0.165016,0.165016,0.396669,0.178417,0.303648,0.160693,0.395006,0.198649,0.198649,0.0240405,0.000113812,0.308901,0.000171466,0.00812219,0.213567,0.062748,0.062748,0.196189,0.254134,0.331213,0.135734,0.0119012,0.116238,0.145166,0.145166,0.145166,0.00187654,0.00210622,0,0.00041322,0.00588331,0.0952733,7.41186e-05,0.0097235,0.155262,0.300792,0.123864,0.40824,0.32091,0.32091,0.062748,0.062748,0.0184326,0.32091,0.212588,0.0238567,0.372628,0.13599,0.13599,
1.3,0.0123646,0.0251492,0.180106,0.0106345,0.0306554,0.159492,0.175774,0.175774,0.443178,0.354044,0.0790529,0.131929,0.0961216,0.122472,0.064285,0.064285,0.064285,0.00154106,0.0353447,2.50631e-05,0.00165674,0.0235672,0.133883,0.0127671,0.114627,0.121023,0.241271,0.134551,0.228602,0.182238,0.182238,0.175774,0.175774,0.411208,0.182238,0.316791,0.166009,0.412263,0.199919,0.199919,0.0229401,9.69551e-05,0.295041,0.000175867,0.00786772,0.212371,0.062871,0.062871,0.202875,0.266268,0.314224,0.122638,0.0112838,0.116953,0.14202,0.14202,0.14202,0.00173145,0.00192499,0,0.000367713,0.00459653,0.0974348,6.92713e-05,0.0080907,0.154977,0.285844,0.125794,0.392252,0.334748,0.334748,0.062871,0.062871,0.0173176,0.334748,0.223356,0.0242116,0.391065,0.143462,0.143462,
1.305,0.0116687,0.0236392,0.170262,0.00630437,0.0286477,0.156691,0.187644,0.187644,0.464782,0.370601,0.0801197,0.136119,0.085245,0.12347,0.066288,0.066288,0.066288,0.00101359,0.0245133,2.4487e-05,0.00101709,0.00763597,0.135793,0.00268084,0.103455,0.118281,0.234792,0.134648,0.211766,0.188047,0.188047,0.187644,0.187644,0.432062,0.188047,0.334889,0.172915,0.429856,0.203853,0.203853,0.0215055,5.39033e-05,0.27722,0.000175436,0.00752802,0.208313,0.062454,0.062454,0.211042,0.281787,0.294787,0.114801,0.00974075,0.118089,0.136852,0.136852,0.136852,0.00142716,0.0016488,0,0.00026691,0.00160113,0.100548,7.01497e-05,0.00451152,0.153239,0.272175,0.128562,0.371262,0.350001,0.350001,0.062454,0.062454,0.0161179,0.350001,0.237486,0.0252755,0.410419,0.149887,0.149887,
1.31,0.0110631,0.0222635,0.161331,0.009207,0.027119,0.15475,0.199987,0.199987,0.486865,0.387203,0.0840306,0.143306,0.101108,0.129312,0.068616,0.068616,0.068616,0.00138427,0.0347589,2.3742e-05,0.0014976,0.0202885,0.14105,0.0107035,0.104924,0.122364,0.2249,0.140346,0.223147,0.195415,0.195415,0.199987,0.199987,0.450545,0.195415,0.351333,0.180033,0.448595,0.210643,0.210643,0.0202877,9.97749e-05,0.260983,0.000194465,0.0072577,0.21407,0.061546,0.061546,0.221062,0.296076,0.285309,0.114112,0.0115895,0.121224,0.130066,0.130066,0.130066,0.00161189,0.00197014,0,0.000346112,0.0040494,0.104343,7.21448e-05,0.0069812,0.159603,0.266989,0.132159,0.352785,0.366297,0.366297,0.061546,0.061546,0.0168239,0.366297,0.24927,0.0262184,0.429833,0.15497,0.15497,
1.315,0.0103891,0.0207926,0.151836,0.00486493,0.025157,0.152315,0.211784,0.211784,0.512142,0.406214,0.085202,0.147783,0.089813,0.130719,0.071181,0.071181,0.071181,0.00085596,0.0235911,2.00852e-05,0.00085181,0.00398043,0.142924,0.000563482,0.0938413,0.119819,0.214725,0.140799,0.206856,0.203768,0.203768,0.211784,0.211784,0.473095,0.203768,0.371435,0.187803,0.469846,0.219995,0.219995,0.0188867,5.6648e-05,0.243617,0.000194084,0.00693235,0.210843,0.06024,0.06024,0.230246,0.313396,0.26474,0.102416,0.0100108,0.122554,0.122266,0.122266,0.122266,0.00131049,0.00165018,0,0.000243978,0.0010427,0.107693,7.0446e-05,0.0033878,0.158222,0.251143,0.135203,0.332597,0.382921,0.382921,0.06024,0.06024,0.0154163,0.382921,0.264526,0.027182,0.452814,0.158419,0.158419,
1.32,0.00909699,0.0179909,0.133319,0.0040916,0.0217571,0.145686,0.22178,0.22178,0.536201,0.421103,0.088211,0.155565,0.0949618,0.133945,0.073869,0.073869,0.073869,0.000769872,0.0248124,2.17254e-05,0.000783326,0.00352106,0.146643,0.000119854,0.0841513,0.119065,0.201411,0.142853,0.196631,0.212585,0.212585,0.22178,0.22178,0.497278,0.212585,0.387999,0.195231,0.491666,0.231172,0.231172,0.0163256,6.09799e-05,0.210604,0.000212164,0.00630562,0.208509,0.058661,0.058661,0.240178,0.329662,0.237804,0.0979939,0.0105157,0.123692,0.114133,0.114133,0.114133,0.00120975,0.00178073,0,0.00023869,0.000949964,0.111097,7.46881e-05,0.00283405,0.159122,0.233672,0.138095,0.293471,0.398557,0.398557,0.058661,0.058661,0.0150217,0.398557,0.28041,0.0286137,0.476918,0.159986,0.159986,
1.325,0.00892794,0.0176103,0.131419,0.00401933,0.0212953,0.149381,0.228795,0.228795,0.56038,0.431599,0.0913837,0.166966,0.0984899,0.138539,0.076551,0.076551,0.076551,0.000765602,0.0262814,3.20138e-05,0.000803537,0.00452398,0.152621,0.000121466,0.0837598,0.122695,0.216424,0.147182,0.19879,0.221372,0.221372,0.228795,0.228795,0.527857,0.221372,0.394132,0.204123,0.520415,0.243204,0.243204,0.0159813,6.47408e-05,0.206108,0.000215788,0.00623465,0.21413,0.056962,0.056962,0.248336,0.339828,0.241291,0.111504,0.0110033,0.127734,0.106246,0.106246,0.106246,0.00120402,0.00194456,0,0.000242606,0.000985845,0.11505,8.79188e-05,0.00278556,0.163478,0.24255,0.142451,0.289873,0.411417,0.411417,0.056962,0.056962,0.0158636,0.411417,0.286068,0.0309334,0.505959,0.159507,0.159507,
1.33,0.00899204,0.017711,0.132908,0.00411138,0.0214153,0.154037,0.232048,0.232048,0.590158,0.44637,0.0934896,0.175888,0.0986127,0.143027,0.079119,0.079119,0.079119,0.000781812,0.0260102,2.71014e-05,0.000818128,0.0042836,0.156195,0.000269621,0.0850661,0.126164,0.213487,0.15133,0.204992,0.229597,0.229597,0.232048,0.232048,0.554653,0.229597,0.40296,0.213239,0.55466,0.255172,0.255172,0.0160693,6.95193e-05,0.207265,0.000214112,0.00627237,0.221643,0.055324,0.055324,0.256743,0.351801,0.241543,0.106361,0.0111445,0.13115,0.099022,0.099022,0.099022,0.00122689,0.00186354,0,0.000241394,0.0010693,0.11834,8.70138e-05,0.00284324,0.167775,0.241607,0.145988,0.29358,0.419833,0.419833,0.055324,0.055324,0.0156487,0.419833,0.291094,0.0320755,0.540095,0.156974,0.156974,
1.335,0.00890852,0.0174866,0.13213,0.00854604,0.0213423,0.157246,0.231189,0.231189,0.614758,0.454698,0.097078,0.186062,0.11564,0.148865,0.08148,0.08148,0.08148,0.00135276,0.0394668,2.3029e-05,0.00151403,0.0219352,0.160247,0.0115404,0.0909682,0.132016,0.207446,0.156946,0.218196,0.23673,0.23673,0.231189,0.231189,0.576721,0.23673,0.405602,0.220153,0.586316,0.266244,0.266244,0.0159209,0.000121811,0.204617,0.000231132,0.00626422,0.232371,0.053953,0.053953,0.263946,0.359418,0.243847,0.105753,0.0135437,0.134025,0.09276,0.09276,0.09276,0.00152405,0.0022712,9.49815e-06,0.000354301,0.00463812,0.120489,8.73995e-05,0.00659164,0.174665,0.242794,0.148956,0.292808,0.422695,0.422695,0.053953,0.053953,0.0165203,0.422695,0.294559,0.0331169,0.571307,0.152589,0.152589,
1.34,0.00873054,0.0171025,0.130255,0.0110179,0.0209902,0.159377,0.226246,0.226246,0.635765,0.457984,0.0990803,0.194877,0.12413,0.152375,0.08354,0.08354,0.08354,0.00163187,0.046476,1.85218e-05,0.0018882,0.0314189,0.162278,0.0179415,0.0930495,0.135281,0.200584,0.159837,0.223059,0.242308,0.242308,0.226246,0.226246,0.596781,0.242308,0.402677,0.225717,0.616702,0.27542,0.27542,0.0156029,0.000150745,0.200107,0.00024055,0.00618515,0.239121,0.053046,0.053046,0.268442,0.363894,0.241634,0.102149,0.0149465,0.135404,0.087667,0.087667,0.087667,0.00166912,0.002391,0,0.000415964,0.00643794,0.121553,8.69762e-05,0.0086379,0.17809,0.239684,0.150512,0.289383,0.419557,0.419557,0.053046,0.053046,0.0166727,0.419557,0.29498,0.0340174,0.601638,0.146773,0.146773,
1.345,0.00865707,0.0170493,0.130683,0.00392587,0.0206171,0.162586,0.217558,0.217558,0.652133,0.452959,0.0962348,0.201141,0.094762,0.148761,0.085192,0.085192,0.085192,0.000781413,0.025489,1.98513e-05,0.000794717,0.00367165,0.15981,0.000135849,0.0811386,0.130211,0.209031,0.154679,0.197101,0.246012,0.246012,0.217558,0.217558,0.620809,0.246012,0.39036,0.23037,0.647207,0.281619,0.281619,0.0154656,6.38225e-05,0.199521,0.000211757,0.00607631,0.233385,0.052721,0.052721,0.267181,0.363345,0.234253,0.0973068,0.0116024,0.13424,0.083891,0.083891,0.083891,0.00118276,0.00182432,1.4411e-05,0.000233445,0.00132093,0.121191,9.05366e-05,0.00273862,0.170371,0.233164,0.149977,0.290275,0.410478,0.410478,0.052721,0.052721,0.014567,0.410478,0.288823,0.035422,0.633122,0.139981,0.139981,
1.35,0.00826775,0.0162822,0.126347,0.00550233,0.0197697,0.164141,0.205696,0.205696,0.668485,0.443144,0.0968096,0.212767,0.0986154,0.149817,0.086324,0.086324,0.086324,0.000953693,0.0304812,2.3511e-05,0.00104219,0.0108015,0.160299,0.00450223,0.0799905,0.131535,0.212084,0.154543,0.193347,0.247709,0.247709,0.205696,0.205696,0.644843,0.247709,0.371135,0.234498,0.681772,0.284,0.284,0.0147954,8.01764e-05,0.190554,0.000212896,0.00583985,0.236617,0.052996,0.052996,0.26687,0.359413,0.231317,0.102492,0.0126299,0.133831,0.081518,0.081518,0.081518,0.00123857,0.00197793,1.05054e-05,0.000271965,0.00258259,0.12044,9.84044e-05,0.00406986,0.17012,0.232175,0.149455,0.281589,0.395893,0.395893,0.052996,0.052996,0.0147211,0.395893,0.279893,0.0370872,0.668044,0.132623,0.132623,
1.355,0.00817481,0.0161915,0.126756,0.00452436,0.019623,0.168401,0.19145,0.19145,0.68577,0.429775,0.0959489,0.22428,0.090557,0.149204,0.086847,0.086847,0.086847,0.0007918,0.02688,2.58677e-05,0.000873524,0.00688871,0.159478,0.00206741,0.0768297,0.131419,0.219606,0.152472,0.183192,0.24754,0.24754,0.19145,0.19145,0.671345,0.24754,0.346007,0.238877,0.721769,0.282152,0.282152,0.0147079,6.29077e-05,0.189566,0.00020201,0.00573745,0.238579,0.053809,0.053809,0.264758,0.353075,0.231467,0.105103,0.0122993,0.133114,0.080549,0.080549,0.080549,0.00112901,0.00181844,0,0.000242634,0.00169304,0.119242,0.000105149,0.00321444,0.167343,0.232103,0.148628,0.282846,0.376721,0.376721,0.053809,0.053809,0.0141027,0.376721,0.267325,0.0388047,0.708211,0.125096,0.125096,
1.36,0.00790718,0.0157289,0.124619,0.00364657,0.0190331,0.170817,0.175901,0.175901,0.702021,0.415011,0.0941412,0.2348,0.0815958,0.147506,0.086739,0.086739,0.086739,0.000664641,0.0234092,2.49849e-05,0.000725793,0.00361606,0.156798,9.92438e-05,0.072434,0.129989,0.219917,0.149124,0.171354,0.245956,0.245956,0.175901,0.175901,0.69513,0.245956,0.319253,0.242197,0.760931,0.276121,0.276121,0.0142824,4.7659e-05,0.184203,0.000187568,0.00551877,0.238797,0.055046,0.055046,0.261116,0.345313,0.226011,0.102515,0.0118638,0.131022,0.08089,0.08089,0.08089,0.00102095,0.0016572,0,0.000212456,0.00110411,0.116958,0.000108696,0.00248486,0.163018,0.225909,0.146267,0.27872,0.354489,0.354489,0.055046,0.055046,0.0131192,0.354489,0.252423,0.0401601,0.747819,0.117814,0.117814,
1.365,0.00748797,0.0149109,0.119877,0.00750679,0.0182303,0.17162,0.160351,0.160351,0.711463,0.396356,0.0946064,0.246455,0.0928749,0.148305,0.08604,0.08604,0.08604,0.00116169,0.0355332,2.94289e-05,0.0013359,0.0203719,0.156576,0.0102626,0.07436,0.132195,0.222171,0.148732,0.172994,0.243584,0.243584,0.160351,0.160351,0.713587,0.243584,0.290373,0.243791,0.792505,0.266379,0.266379,0.0135988,8.94428e-05,0.174667,0.000193714,0.00525826,0.242896,0.056589,0.056589,0.257723,0.334935,0.225234,0.110539,0.0139302,0.129643,0.082381,0.082381,0.082381,0.00122467,0.00210826,1.49081e-05,0.000308186,0.00438876,0.114784,0.000117327,0.00579465,0.163117,0.226439,0.14435,0.269412,0.331263,0.331263,0.056589,0.056589,0.0137344,0.331263,0.237911,0.0416088,0.779479,0.111232,0.111232,
1.37,0.00747199,0.0150107,0.121359,0.00348818,0.0181747,0.175252,0.146182,0.146182,0.721775,0.381179,0.0912195,0.254011,0.0714655,0.144077,0.084837,0.084837,0.084837,0.00060602,0.0220927,3.19612e-05,0.0006891,0.00412121,0.15242,8.29149e-05,0.0665309,0.128115,0.231962,0.143026,0.150785,0.241119,0.241119,0.146182,0.146182,0.733918,0.241119,0.264369,0.245787,0.823095,0.253756,0.253756,0.0136449,3.3211e-05,0.17592,0.000165976,0.00515249,0.23929,0.058311,0.058311,0.251828,0.325607,0.223355,0.110607,0.0118656,0.126966,0.084816,0.084816,0.084816,0.000912646,0.00161333,0,0.000197229,0.0010922,0.111965,0.000122681,0.00237087,0.155594,0.223923,0.141465,0.272511,0.30954,0.30954,0.058311,0.058311,0.0123635,0.30954,0.22197,0.0429611,0.810507,0.105802,0.105802,
1.375,0.00743141,0.015012,0.12212,0.00348602,0.0181832,0.179243,0.134551,0.134551,0.732242,0.367945,0.0911739,0.264464,0.0690862,0.14383,0.083243,0.083243,0.083243,0.000589806,0.0224462,4.06073e-05,0.000691073,0.00490004,0.152696,7.53989e-05,0.0649989,0.12876,0.247568,0.141827,0.142267,0.239217,0.239217,0.134551,0.134551,0.755831,0.239217,0.242088,0.248746,0.852145,0.239368,0.239368,0.013656,2.55809e-05,0.176005,0.000160747,0.0050955,0.241489,0.060067,0.060067,0.249513,0.31852,0.228842,0.122533,0.0121146,0.126685,0.087916,0.087916,0.087916,0.000877566,0.00170417,0,0.000196991,0.00109274,0.110901,0.000134408,0.00237491,0.154054,0.231094,0.141068,0.274508,0.291821,0.291821,0.060067,0.060067,0.0126407,0.291821,0.211077,0.0448321,0.839531,0.101947,0.101947,
1.38,0.00780006,0.015828,0.128402,0.00454626,0.019206,0.185706,0.126093,0.126093,0.749524,0.366199,0.0905846,0.272835,0.0666878,0.144713,0.081359,0.081359,0.081359,0.000704349,0.0233777,3.87215e-05,0.000837866,0.00814934,0.151922,0.0022909,0.0683295,0.130771,0.253017,0.142402,0.144523,0.238413,0.238413,0.126093,0.126093,0.775346,0.238413,0.229944,0.253041,0.882406,0.224387,0.224387,0.0144139,3.08251e-05,0.185639,0.000144628,0.0052192,0.247954,0.061711,0.061711,0.248869,0.315841,0.238401,0.123665,0.0122609,0.127114,0.091328,0.091328,0.091328,0.000952206,0.00162931,0,0.000209954,0.00177089,0.110031,0.000136126,0.00322258,0.154822,0.236596,0.140473,0.288329,0.279949,0.279949,0.061711,0.061711,0.0127262,0.279949,0.199666,0.0458299,0.868987,0.099984,0.099984,
1.385,0.00833933,0.0170228,0.137231,0.00416365,0.0206271,0.193354,0.120917,0.120917,0.765207,0.363791,0.0907252,0.280333,0.0611696,0.145633,0.079269,0.079269,0.079269,0.000644714,0.0208891,3.75394e-05,0.000756731,0.00546866,0.152205,0.000679199,0.0700715,0.132639,0.262889,0.142949,0.141086,0.239026,0.239026,0.120917,0.120917,0.794327,0.239026,0.219287,0.257304,0.911071,0.2099,0.2099,0.0154981,1.50284e-05,0.199732,0.000136258,0.00548545,0.253956,0.06311,0.06311,0.249349,0.31439,0.250414,0.125326,0.0120331,0.128261,0.09466,0.09466,0.09466,0.000936708,0.00152388,0,0.000195372,0.00130005,0.10993,0.000138081,0.00286201,0.155404,0.244455,0.14154,0.307502,0.27489,0.27489,0.06311,0.06311,0.0126251,0.27489,0.193577,0.0468974,0.896749,0.100049,0.100049,
1.39,0.00866113,0.0176657,0.14177,0.00406139,0.0213895,0.196197,0.118665,0.118665,0.775536,0.373193,0.0897379,0.280469,0.0567589,0.145728,0.077071,0.077071,0.077071,0.000729428,0.0193948,2.8885e-05,0.000755932,0.00466328,0.150238,0.000120531,0.071603,0.132592,0.255967,0.143311,0.142937,0.241088,0.241088,0.118665,0.118665,0.798285,0.241088,0.226175,0.259316,0.919416,0.196959,0.196959,0.0160754,9.94777e-06,0.207269,0.000120995,0.00560392,0.256707,0.064167,0.064167,0.250357,0.317947,0.252642,0.115543,0.0114563,0.128232,0.097527,0.097527,0.097527,0.000977703,0.00151825,4.29573e-05,0.000181061,0.00181589,0.109502,0.000130436,0.00288126,0.155594,0.241743,0.140954,0.317532,0.276829,0.276829,0.064167,0.064167,0.0121859,0.276829,0.191596,0.0465281,0.904602,0.102071,0.102071,
1.395,0.0104644,0.0214788,0.168216,0.00488524,0.025996,0.211259,0.118636,0.118636,0.796939,0.388825,0.0900652,0.28106,0.0502384,0.149116,0.074874,0.074874,0.074874,0.000718585,0.0152091,6.18416e-06,0.000772807,0.00147924,0.149936,7.69351e-05,0.0836201,0.138005,0.251759,0.147697,0.156112,0.244373,0.244373,0.118636,0.118636,0.80551,0.244373,0.23397,0.26446,0.943611,0.186448,0.186448,0.0195418,4.5739e-07,0.252112,0.000108587,0.00656728,0.272127,0.064852,0.064852,0.254457,0.324041,0.281034,0.0966381,0.0110449,0.131814,0.099607,0.099607,0.099607,0.00111189,0.000903602,0,0.000182733,0.0011583,0.110399,0.000111047,0.00328832,0.161495,0.25252,0.143941,0.373984,0.28523,0.28523,0.064852,0.064852,0.0116766,0.28523,0.191171,0.0455642,0.925696,0.105852,0.105852,
1.4,0.0107652,0.0220431,0.172295,0.00500929,0.0266694,0.215049,0.119991,0.119991,0.815824,0.409015,0.0914593,0.283435,0.0502939,0.15214,0.072806,0.072806,0.072806,0.000732958,0.0144365,0,0.00079063,0.000919023,0.151576,7.88219e-05,0.0855471,0.140038,0.248339,0.151239,0.159478,0.248599,0.248599,0.119991,0.119991,0.817491,0.248599,0.253128,0.27004,0.955882,0.178867,0.178867,0.0200487,0,0.258689,0.000104352,0.00673203,0.277876,0.065185,0.065185,0.26125,0.33624,0.284801,0.090716,0.0109386,0.134296,0.100689,0.100689,0.100689,0.00115883,0.000794628,0,0.000180506,0.00119177,0.112579,0.000106402,0.00336498,0.165183,0.253583,0.146487,0.382858,0.298843,0.298843,0.065185,0.065185,0.0117748,0.298843,0.198857,0.0457986,0.937507,0.111134,0.111134,
1.405,0.0105533,0.0214968,0.168647,0.00526119,0.0260114,0.214938,0.121908,0.121908,0.832069,0.431168,0.0930755,0.2864,0.0536143,0.154643,0.071009,0.071009,0.071009,0.00075936,0.0155215,1.96924e-06,0.000860326,0.00262691,0.153421,0.00101178,0.0840365,0.140623,0.24849,0.154286,0.157276,0.253576,0.253576,0.121908,0.121908,0.830494,0.253576,0.276568,0.275196,0.960952,0.174273,0.174273,0.0195498,4.50482e-06,0.252184,0.00010113,0.00661508,0.280127,0.065186,0.065186,0.268111,0.349657,0.281963,0.0929599,0.0110678,0.136026,0.100657,0.100657,0.100657,0.00119184,0.000831261,0,0.000184794,0.00150667,0.114634,0.000108996,0.0035915,0.16789,0.253811,0.148342,0.375147,0.31584,0.31584,0.065186,0.065186,0.012441,0.31584,0.20817,0.0465788,0.942971,0.117534,0.117534,
1.41,0.00980968,0.0198814,0.157691,0.00453688,0.0240379,0.210698,0.123656,0.123656,0.838467,0.439123,0.0948077,0.289991,0.0570896,0.155584,0.069596,0.069596,0.069596,0.00066972,0.0162286,1.20194e-05,0.000794959,0.00216793,0.155742,7.10217e-05,0.0775015,0.139404,0.253011,0.154962,0.146444,0.259193,0.259193,0.123656,0.123656,0.841568,0.259193,0.287687,0.277913,0.962157,0.172488,0.172488,0.0180732,6.52531e-07,0.233142,0.00010992,0.00625048,0.276832,0.064857,0.064857,0.272409,0.357314,0.270906,0.102018,0.0113011,0.136461,0.099475,0.099475,0.099475,0.00111434,0.00101053,0,0.000177611,0.00124245,0.116212,0.000118949,0.00305071,0.167716,0.251314,0.14974,0.351782,0.334081,0.334081,0.064857,0.064857,0.0129765,0.334081,0.217195,0.0478212,0.945538,0.124506,0.124506,
1.415,0.00858437,0.0171742,0.139305,0.00429033,0.020772,0.201222,0.124649,0.124649,0.852892,0.458825,0.0963878,0.289882,0.0625665,0.15658,0.068632,0.068632,0.068632,0.000697492,0.0183591,3.8373e-06,0.000812094,0.00341291,0.155243,0.000955056,0.0673709,0.136057,0.224763,0.155314,0.131762,0.265321,0.265321,0.124649,0.124649,0.847454,0.265321,0.313962,0.280817,0.96405,0.173236,0.173236,0.0155985,4.8262e-06,0.201207,0.00012666,0.00565408,0.271822,0.064169,0.064169,0.279902,0.373447,0.239501,0.0850838,0.0116656,0.135095,0.097179,0.097179,0.097179,0.00107162,0.00116918,2.35007e-05,0.00018157,0.00190914,0.117288,0.000111475,0.00301512,0.16672,0.225493,0.15025,0.312807,0.351375,0.351375,0.064169,0.064169,0.0122273,0.351375,0.235244,0.04764,0.949584,0.131422,0.131422,
1.42,0.00586684,0.0113219,0.0994807,0.00266582,0.0136688,0.180151,0.124476,0.124476,0.86384,0.473591,0.0977891,0.290195,0.0687345,0.154903,0.068139,0.068139,0.068139,0.000436044,0.0188393,0,0.000626126,0.00128253,0.152918,4.02482e-05,0.0436841,0.126972,0.182744,0.15161,0.0931107,0.27179,0.27179,0.124476,0.124476,0.854308,0.27179,0.339614,0.28191,0.961723,0.176187,0.176187,0.0102486,0,0.132269,0.000158931,0.00430242,0.255632,0.063102,0.063102,0.286736,0.390775,0.176654,0.0651276,0.0121157,0.129952,0.093886,0.093886,0.093886,0.000828136,0.00119989,0,0.000164655,0.00130033,0.117078,0.000108052,0.00179126,0.159925,0.178346,0.148629,0.227667,0.365814,0.365814,0.063102,0.063102,0.010787,0.365814,0.25965,0.0478559,0.952053,0.13772,0.13772,
1.425,0.00405607,0.00742672,0.0731088,0.00181862,0.00897259,0.16752,0.12292,0.12292,0.870763,0.477545,0.101622,0.294446,0.0800214,0.156358,0.068117,0.068117,0.068117,0.000514745,0.0247524,7.91478e-06,0.000615252,0.00384126,0.156503,0.000107315,0.0290825,0.123931,0.169735,0.151541,0.0719208,0.278524,0.278524,0.12292,0.12292,0.865748,0.278524,0.353006,0.284199,0.96464,0.180891,0.180891,0.0066972,8.69389e-07,0.0864086,0.000200058,0.00347428,0.246866,0.061686,0.061686,0.294416,0.402709,0.14098,0.0657037,0.0132564,0.129192,0.089809,0.089809,0.089809,0.000717408,0.00197318,6.98834e-05,0.000178513,0.00243597,0.119476,0.000116192,0.00147083,0.158282,0.157089,0.151182,0.172081,0.376106,0.376106,0.061686,0.061686,0.0105995,0.376106,0.281561,0.0490881,0.958129,0.142995,0.142995,
1.43,0.00429199,0.00793955,0.0769133,0.00271216,0.00962688,0.172401,0.119984,0.119984,0.880347,0.480961,0.104955,0.301613,0.0868737,0.160426,0.068542,0.068542,0.068542,0.000474449,0.0274072,1.93332e-05,0.000723743,0.00657573,0.162515,0.00199797,0.032416,0.128481,0.190355,0.155842,0.0765358,0.285536,0.285536,0.119984,0.119984,0.882458,0.285536,0.354109,0.289086,0.977824,0.186761,0.186761,0.00718025,1.02876e-05,0.0924458,0.00021306,0.00366239,0.253299,0.060014,0.060014,0.299624,0.407163,0.154451,0.0836175,0.0142528,0.133185,0.085218,0.085218,0.085218,0.000756181,0.0019314,6.16345e-06,0.00020977,0.00202668,0.122628,0.000129016,0.00200621,0.163458,0.173938,0.155516,0.18006,0.381699,0.381699,0.060014,0.060014,0.0119588,0.381699,0.286596,0.0507826,0.970785,0.147013,0.147013,
1.435,0.00539635,0.0103143,0.093457,0.00258114,0.012468,0.184571,0.115931,0.115931,0.889942,0.48189,0.105647,0.309399,0.0826907,0.163025,0.069371,0.069371,0.069371,0.000439538,0.025272,3.34308e-05,0.000693454,0.00510578,0.166728,0.000355471,0.041123,0.133702,0.227362,0.159343,0.0895803,0.292953,0.292953,0.115931,0.115931,0.901455,0.292953,0.346646,0.294276,0.995016,0.193181,0.193181,0.00934524,3.31474e-06,0.120408,0.000191248,0.0041872,0.26262,0.05825,0.05825,0.300491,0.404955,0.187129,0.108108,0.0138786,0.137653,0.080411,0.080411,0.080411,0.000798177,0.00189724,0,0.000196057,0.00144436,0.12472,0.000144305,0.00178995,0.167926,0.204925,0.158273,0.215466,0.382694,0.382694,0.05825,0.05825,0.0134447,0.382694,0.276589,0.0526535,0.986128,0.149655,0.149655,
1.44,0.00646611,0.012588,0.109149,0.00304345,0.0152102,0.193891,0.111224,0.111224,0.897661,0.485961,0.104582,0.311042,0.0770809,0.16407,0.070529,0.070529,0.070529,0.000490648,0.0230035,2.97286e-05,0.000731344,0.00452805,0.166511,0.00027294,0.0497917,0.136896,0.237659,0.161218,0.103352,0.301088,0.301088,0.111224,0.111224,0.906754,0.301088,0.343775,0.296717,1,0.199701,0.199701,0.011417,2.68716e-06,0.147162,0.000167224,0.0046796,0.270551,0.056609,0.056609,0.299738,0.403163,0.209223,0.109272,0.0133115,0.13966,0.075681,0.075681,0.075681,0.00088737,0.00167619,0,0.000188762,0.00142286,0.124812,0.000141764,0.00208165,0.170672,0.21917,0.158537,0.249031,0.379653,0.379653,0.056609,0.056609,0.0137063,0.379653,0.266714,0.0526442,0.995369,0.150849,0.150849,
1.445,0.00718133,0.0140824,0.118986,0.00327529,0.0170097,0.197279,0.106469,0.106469,0.89192,0.490621,0.103589,0.305468,0.0744118,0.163762,0.071941,0.071941,0.071941,0.00051967,0.0213753,2.28975e-05,0.000740088,0.003499,0.165166,5.01428e-05,0.0552219,0.137725,0.236397,0.161837,0.111864,0.310376,0.310376,0.106469,0.106469,0.894519,0.310376,0.349438,0.294816,0.994183,0.20616,0.20616,0.0127741,1.2431e-06,0.164725,0.000157695,0.00504059,0.273153,0.055309,0.055309,0.298476,0.40252,0.220526,0.103814,0.0128577,0.140109,0.071268,0.071268,0.071268,0.000950036,0.0015113,0,0.000185218,0.00134941,0.124386,0.000133647,0.00221851,0.171922,0.22421,0.158222,0.269814,0.373545,0.373545,0.055309,0.055309,0.0136767,0.373545,0.265169,0.0514888,0.98226,0.150573,0.150573,
1.45,0.0077146,0.015224,0.126748,0.0035245,0.018391,0.201084,0.102344,0.102344,0.890831,0.489628,0.103116,0.304472,0.0724333,0.16397,0.073547,0.073547,0.073547,0.000550816,0.0206088,2.00635e-05,0.000757564,0.00320145,0.164976,5.42423e-05,0.059572,0.13915,0.239621,0.162423,0.118847,0.32111,0.32111,0.102344,0.102344,0.89179,0.32111,0.346576,0.294546,0.994579,0.212597,0.212597,0.0138148,1.08924e-06,0.178167,0.000151195,0.00530759,0.276245,0.054547,0.054547,0.297405,0.400214,0.230743,0.102964,0.012672,0.140842,0.06734,0.06734,0.06734,0.000993299,0.00142607,0,0.000185465,0.00134591,0.124268,0.000130843,0.00238345,0.173055,0.230215,0.158349,0.28637,0.365717,0.365717,0.054547,0.054547,0.0136973,0.365717,0.261372,0.0511453,0.981731,0.148851,0.148851,
1.455,0.00807192,0.0159061,0.131476,0.0140078,0.0196776,0.202982,0.099491,0.099491,0.893483,0.489698,0.107381,0.305883,0.110143,0.171026,0.075306,0.075306,0.075306,0.00185454,0.050333,4.9319e-06,0.00234707,0.0428554,0.168284,0.0260461,0.0780675,0.148916,0.217687,0.170257,0.157235,0.33321,0.33321,0.099491,0.099491,0.882325,0.33321,0.345171,0.293983,0.999841,0.219098,0.219098,0.0145661,0.000123431,0.186198,0.000191029,0.0055858,0.291938,0.054488,0.054488,0.300855,0.399754,0.241774,0.0950621,0.0176404,0.143159,0.064008,0.064008,0.064008,0.00170944,0.00216796,0,0.000449623,0.00916161,0.124719,0.000118433,0.0111386,0.184679,0.232913,0.160006,0.29737,0.357681,0.357681,0.054488,0.054488,0.0154038,0.357681,0.262886,0.0498037,0.985037,0.14585,0.14585,
1.46,0.00810212,0.0160367,0.132401,0.0055925,0.0194621,0.203839,0.098461,0.098461,0.894147,0.490269,0.104296,0.304271,0.0789534,0.166228,0.077209,0.077209,0.077209,0.000812672,0.0257607,1.10681e-05,0.00105127,0.00986577,0.166054,0.00480909,0.0654593,0.142334,0.231684,0.164841,0.130406,0.346199,0.346199,0.098461,0.098461,0.889458,0.346199,0.346234,0.295103,1,0.225682,0.225682,0.0145772,2.3304e-05,0.187734,0.000162122,0.00555362,0.282017,0.05529,0.05529,0.299185,0.401067,0.236549,0.0952019,0.0136217,0.142154,0.061301,0.061301,0.061301,0.00115103,0.0015002,0,0.00023756,0.00277798,0.124892,0.000123011,0.00408586,0.176603,0.230732,0.159721,0.298699,0.350815,0.350815,0.05529,0.05529,0.0136782,0.350815,0.263136,0.0504983,0.986459,0.141933,0.141933,
1.465,0.00729588,0.014343,0.12095,0.00342972,0.0173341,0.198652,0.099662,0.099662,0.895008,0.488162,0.104033,0.306605,0.07467,0.164501,0.079259,0.079259,0.079259,0.000542294,0.0217021,1.93868e-05,0.000751336,0.00354852,0.165742,0.000291541,0.0562703,0.138746,0.233777,0.162315,0.11396,0.359385,0.359385,0.099662,0.099662,0.896788,0.359385,0.345631,0.295583,1,0.232259,0.232259,0.0130128,2.18359e-06,0.167808,0.000162756,0.00512303,0.275014,0.057109,0.057109,0.299164,0.402255,0.2215,0.100072,0.0130305,0.140617,0.059183,0.059183,0.059183,0.000961075,0.00150273,0,0.000191012,0.00142317,0.124741,0.00013109,0.00233897,0.172655,0.223302,0.158999,0.274153,0.346214,0.346214,0.057109,0.057109,0.01339,0.346214,0.265531,0.0514306,0.989525,0.137582,0.137582,
1.47,0.00623462,0.0120908,0.105527,0.00431736,0.0146705,0.192706,0.103322,0.103322,0.88936,0.482186,0.106202,0.313574,0.0863959,0.165249,0.081447,0.081447,0.081447,0.000652071,0.0291244,4.84863e-05,0.000967583,0.0118108,0.170263,0.00374547,0.0513171,0.138659,0.258902,0.162844,0.108286,0.372064,0.372064,0.103322,0.103322,0.908505,0.372064,0.341988,0.296299,0.995858,0.23865,0.23865,0.01099,2.28375e-05,0.141318,0.000173912,0.00456508,0.270119,0.060057,0.060057,0.299763,0.400983,0.215867,0.133794,0.0142881,0.141079,0.057578,0.057578,0.057578,0.000959895,0.00206758,0,0.000228971,0.00246009,0.126029,0.000159013,0.00317721,0.172771,0.233556,0.159569,0.241267,0.344578,0.344578,0.060057,0.060057,0.015424,0.344578,0.266361,0.0538878,0.985346,0.133297,0.133297,
1.475,0.00489728,0.00922116,0.0861688,0.00246613,0.011146,0.182901,0.109466,0.109466,0.896101,0.484426,0.106133,0.31509,0.0849233,0.16503,0.083766,0.083766,0.083766,0.000584583,0.0276315,4.85078e-05,0.000762126,0.00822936,0.17084,0.000678633,0.0417906,0.135426,0.240425,0.161357,0.104673,0.383578,0.383578,0.109466,0.109466,0.915038,0.383578,0.347244,0.298395,1,0.244723,0.244723,0.00835421,2.29716e-05,0.107535,0.00017749,0.00384442,0.261925,0.064162,0.064162,0.303085,0.40761,0.184695,0.12477,0.0137865,0.139916,0.056411,0.056411,0.056411,0.000811231,0.00230172,5.8704e-05,0.000189626,0.00246206,0.127567,0.000159398,0.00189879,0.169883,0.210679,0.159082,0.20042,0.346045,0.346045,0.064162,0.064162,0.014195,0.346045,0.27239,0.0541193,0.993108,0.129498,0.129498,
1.48,0.00346652,0.00616051,0.065414,0.00268048,0.00746959,0.174026,0.117891,0.117891,0.900893,0.4878,0.107617,0.321192,0.0927789,0.166131,0.086244,0.086244,0.086244,0.00049521,0.0308755,6.60019e-05,0.000833951,0.0121788,0.174156,0.0028032,0.0342077,0.134085,0.244478,0.161813,0.0999829,0.393431,0.393431,0.117891,0.117891,0.929201,0.393431,0.352112,0.301392,1,0.250403,0.250403,0.00557943,4.51066e-05,0.0715032,0.00018417,0.00307609,0.25592,0.069355,0.069355,0.306498,0.41326,0.164038,0.140871,0.0145178,0.1399,0.055617,0.055617,0.055617,0.000737405,0.00236247,8.91342e-06,0.000202817,0.00233396,0.129448,0.000177001,0.00201574,0.1695,0.204718,0.159146,0.155882,0.350171,0.350171,0.069355,0.069355,0.0150392,0.350171,0.276584,0.0559044,0.997064,0.126556,0.126556,
1.485,0.00377867,0.00654459,0.0680538,0.0017139,0.0079862,0.176477,0.128163,0.128163,0.906967,0.490835,0.110301,0.323589,0.101572,0.170251,0.088916,0.088916,0.088916,0.00283008,0.0552323,7.47792e-05,0.00141988,0.0318257,0.180602,0.0012083,0.0403658,0.138752,0.257688,0.166458,0.138359,0.401208,0.401208,0.128163,0.128163,0.934433,0.401208,0.3678,0.304735,1,0.255562,0.255562,0.00591579,4.67936e-05,0.0759732,0.000176341,0.00315345,0.257695,0.075463,0.075463,0.314137,0.419309,0.171952,0.148877,0.013993,0.144952,0.055146,0.055146,0.055146,0.00121528,0.00762121,0.000992567,0.000208979,0.0172254,0.134904,0.000182535,0.00440266,0.173739,0.213139,0.16445,0.168552,0.356023,0.356023,0.075463,0.075463,0.015213,0.356023,0.282634,0.0564003,0.999387,0.124822,0.124822,
1.49,0.00557949,0.00997431,0.0912668,0.00835188,0.0125164,0.190787,0.139658,0.139658,0.911008,0.495869,0.116222,0.329356,0.136711,0.179945,0.091756,0.091756,0.091756,0.00668477,0.106089,9.08058e-05,0.00333763,0.0853955,0.191433,0.0173665,0.0681903,0.153711,0.297139,0.178951,0.213956,0.406427,0.406427,0.139658,0.139658,0.937406,0.406427,0.384067,0.308188,1,0.259899,0.259899,0.00912429,0.000122439,0.116272,0.000172453,0.00399732,0.276627,0.082215,0.082215,0.32259,0.420519,0.224157,0.180574,0.0165775,0.154585,0.054983,0.054983,0.054983,0.00239726,0.0147637,0.00221548,0.000404145,0.041191,0.141093,0.000195013,0.013849,0.189025,0.258161,0.172419,0.227241,0.362429,0.362429,0.082215,0.082215,0.0187189,0.362429,0.281291,0.0572475,0.995644,0.124611,0.124611,
1.495,0.00778172,0.0146847,0.123116,0.00591693,0.0180361,0.205535,0.151614,0.151614,0.912708,0.510018,0.114057,0.320461,0.116193,0.18085,0.094634,0.094634,0.094634,0.00590269,0.0871838,7.12525e-05,0.0027273,0.0649893,0.190786,0.0084467,0.0811404,0.157391,0.300708,0.181614,0.233093,0.408615,0.408615,0.151614,0.151614,0.924958,0.408615,0.393129,0.309488,1,0.263014,0.263014,0.0133635,8.60026e-05,0.171667,0.000142483,0.00514747,0.287028,0.089262,0.089262,0.322986,0.423217,0.25823,0.164166,0.01416,0.158558,0.055145,0.055145,0.055145,0.00227207,0.0129752,0.00201524,0.000313444,0.035381,0.142608,0.000175125,0.0109663,0.193278,0.274662,0.174595,0.293449,0.368243,0.368243,0.089262,0.089262,0.0177505,0.368243,0.278107,0.055208,0.987866,0.126091,0.126091,
1.5,0.00952446,0.0185591,0.149378,0.00560574,0.0225907,0.215161,0.163154,0.163154,0.913899,0.521792,0.109998,0.307161,0.094869,0.180571,0.097334,0.097334,0.097334,0.00402955,0.0581126,2.84743e-05,0.00200786,0.0385846,0.185542,0.00470688,0.0931907,0.159298,0.265355,0.182223,0.246342,0.407585,0.407585,0.163154,0.163154,0.901116,0.407585,0.392501,0.308511,0.999314,0.264525,0.264525,0.0168618,8.05004e-05,0.217255,0.000124716,0.00611212,0.297241,0.096178,0.096178,0.320254,0.424106,0.272972,0.11885,0.0125615,0.15911,0.055647,0.055647,0.055647,0.00197954,0.00813711,0.00126526,0.000254083,0.0225326,0.141339,0.000135165,0.00807062,0.196334,0.266896,0.173007,0.344055,0.372622,0.372622,0.096178,0.096178,0.0152865,0.372622,0.272367,0.0512097,0.983603,0.129182,0.129182,
1.505,0.0091042,0.0178263,0.144306,0.0193691,0.0222004,0.212077,0.173371,0.173371,0.913341,0.528952,0.114201,0.309415,0.136806,0.188498,0.099578,0.099578,0.099578,0.00296626,0.0684055,1.86592e-05,0.00331521,0.0665684,0.189712,0.038465,0.111034,0.169215,0.239775,0.191082,0.272018,0.40357,0.40357,0.173371,0.173371,0.892978,0.40357,0.385627,0.308848,0.99705,0.264151,0.264151,0.0163708,0.000255563,0.208649,0.000177187,0.00606919,0.314211,0.102476,0.102476,0.322095,0.425276,0.276511,0.12138,0.0193225,0.160679,0.056485,0.056485,0.056485,0.00230922,0.003219,0.000140881,0.000567204,0.0151211,0.141064,0.000131033,0.0159283,0.210772,0.270563,0.172142,0.326285,0.375255,0.375255,0.102476,0.102476,0.0184322,0.375255,0.271555,0.0503937,0.980046,0.133494,0.133494,
1.51,0.00874379,0.0172083,0.140267,0.00471267,0.02081,0.209432,0.181476,0.181476,0.912836,0.522924,0.107404,0.30469,0.0805687,0.178644,0.101105,0.101105,0.101105,0.0011001,0.0245467,1.90834e-05,0.00102708,0.0082797,0.183127,0.00190047,0.0866446,0.15582,0.243901,0.179312,0.22464,0.397139,0.397139,0.181476,0.181476,0.899588,0.397139,0.379479,0.308963,1,0.261737,0.261737,0.0156187,8.7043e-05,0.2014,0.000128908,0.00578596,0.293742,0.107685,0.107685,0.316896,0.424501,0.252673,0.105855,0.0122364,0.156632,0.05765,0.05765,0.05765,0.00129729,0.00180867,0.000118331,0.000194801,0.00376738,0.139947,0.000129547,0.00358751,0.194091,0.250361,0.169438,0.316453,0.376393,0.376393,0.107685,0.107685,0.014162,0.376393,0.26912,0.050642,0.986135,0.138442,0.138442,
1.515,0.00714395,0.0137487,0.116757,0.0165881,0.0171767,0.197732,0.186876,0.186876,0.911609,0.517848,0.113876,0.311632,0.133322,0.185812,0.101724,0.101724,0.101724,0.00228654,0.0612553,2.37116e-05,0.0028323,0.0562045,0.189089,0.0335116,0.093968,0.162816,0.221543,0.18611,0.247435,0.389023,0.389023,0.186876,0.186876,0.898654,0.389023,0.376859,0.308245,1,0.257417,0.257417,0.0126312,0.000242,0.160704,0.000196304,0.00508085,0.30015,0.11143,0.11143,0.321841,0.426109,0.234202,0.115783,0.0190354,0.15695,0.059146,0.059146,0.059146,0.0019399,0.00252226,0,0.000512836,0.0114264,0.140816,0.000136749,0.0132793,0.203775,0.241703,0.170243,0.2665,0.376692,0.376692,0.11143,0.11143,0.0169507,0.376692,0.277691,0.0510633,0.987262,0.14343,0.14343,
1.52,0.00635657,0.0121147,0.105754,0.00471433,0.0147208,0.190577,0.189203,0.189203,0.911227,0.511621,0.10862,0.306116,0.0920781,0.177451,0.101357,0.101357,0.101357,0.00147455,0.0340979,1.76705e-05,0.00118773,0.0159995,0.182672,0.00481658,0.0709368,0.150421,0.208014,0.175638,0.21018,0.379994,0.379994,0.189203,0.189203,0.899254,0.379994,0.376586,0.307032,1,0.251718,0.251718,0.0109879,0.000108768,0.141484,0.000165919,0.00458995,0.279859,0.113483,0.113483,0.318859,0.427331,0.199638,0.0910732,0.0134428,0.152299,0.061007,0.061007,0.061007,0.00123998,0.00288233,0.000263775,0.000224194,0.00691267,0.13975,0.00012851,0.00424421,0.188601,0.210254,0.167727,0.244078,0.376943,0.376943,0.113483,0.113483,0.0126455,0.376943,0.280823,0.0505789,0.991718,0.147997,0.147997,
1.525,0.00600648,0.0112295,0.0994429,0.0247845,0.014541,0.188127,0.188374,0.188374,0.903235,0.508526,0.11796,0.314543,0.172296,0.189754,0.100009,0.100009,0.100009,0.00379958,0.0943303,2.91285e-05,0.00428615,0.0962064,0.192508,0.0557153,0.099357,0.167043,0.207122,0.189859,0.26853,0.370797,0.370797,0.188374,0.188374,0.890895,0.370797,0.373908,0.305167,0.9925,0.245368,0.245368,0.0104513,0.000349021,0.131073,0.000240553,0.00454036,0.302029,0.113795,0.113795,0.323508,0.423542,0.220833,0.123976,0.0236383,0.156432,0.063263,0.063263,0.063263,0.00252212,0.00454269,0.000199651,0.000740784,0.0212112,0.140872,0.000142121,0.0208968,0.20917,0.235139,0.170137,0.231575,0.377812,0.377812,0.113795,0.113795,0.018847,0.377812,0.281825,0.0510456,0.979913,0.151869,0.151869,
1.53,0.00611288,0.0113968,0.10072,0.00281981,0.0138675,0.187505,0.184593,0.184593,0.906967,0.506061,0.109669,0.305463,0.0966823,0.17636,0.097723,0.097723,0.097723,0.0033101,0.0531183,2.36326e-05,0.00152699,0.0294676,0.182826,0.00138794,0.066266,0.148482,0.211847,0.174267,0.211497,0.362017,0.362017,0.184593,0.184593,0.896247,0.362017,0.385448,0.304802,0.995617,0.23918,0.23918,0.0103127,8.08335e-05,0.133014,0.000169527,0.00442078,0.27359,0.112452,0.112452,0.320481,0.427472,0.193136,0.0925535,0.0128646,0.151708,0.06592,0.06592,0.06592,0.00152485,0.00740122,0.00110344,0.000212975,0.0189959,0.140252,0.000130871,0.00545365,0.185387,0.205727,0.169148,0.239112,0.379649,0.379649,0.112452,0.112452,0.012269,0.379649,0.287995,0.0507151,0.985877,0.154894,0.154894,
1.535,0.00665725,0.0126144,0.10895,0.0202536,0.0160277,0.193195,0.178291,0.178291,0.904736,0.507728,0.116208,0.312994,0.154308,0.186411,0.094586,0.094586,0.094586,0.00370362,0.0850143,2.65742e-05,0.00370304,0.0814309,0.189224,0.0438139,0.0941759,0.163541,0.216451,0.186414,0.24908,0.354066,0.354066,0.178291,0.178291,0.893001,0.354066,0.374544,0.304619,0.996012,0.234014,0.234014,0.0116516,0.000276655,0.14737,0.000224234,0.00486091,0.299363,0.109625,0.109625,0.321537,0.422129,0.22825,0.119237,0.0213382,0.155378,0.069001,0.069001,0.069001,0.00234085,0.00515204,0.000394595,0.000631513,0.0206819,0.139453,0.000138663,0.0177095,0.20413,0.237717,0.170183,0.252896,0.382442,0.382442,0.109625,0.109625,0.0177862,0.382442,0.281784,0.0510669,0.982955,0.156972,0.156972,
1.54,0.00713518,0.0136176,0.115985,0.00424743,0.01659,0.197198,0.170099,0.170099,0.909272,0.50531,0.110469,0.309205,0.0977109,0.177002,0.090769,0.090769,0.090769,0.00319695,0.0531787,2.88212e-05,0.00164944,0.0312978,0.183082,0.00369055,0.0719955,0.151263,0.235483,0.175722,0.2051,0.347329,0.347329,0.170099,0.170099,0.903488,0.347329,0.379175,0.305517,1,0.230635,0.230635,0.0123558,7.38819e-05,0.159166,0.000167932,0.00498233,0.28163,0.105555,0.105555,0.318805,0.423241,0.220788,0.107127,0.0134899,0.152952,0.072564,0.072564,0.072564,0.00159817,0.00697725,0.000995617,0.000244338,0.0180106,0.139012,0.000137159,0.00624487,0.187731,0.22874,0.170178,0.271031,0.385988,0.385988,0.105555,0.105555,0.0137145,0.385988,0.283171,0.051629,0.991365,0.158014,0.158014,
1.545,0.00709481,0.0133601,0.114129,0.0298726,0.0173981,0.198756,0.160782,0.160782,0.910149,0.509099,0.122527,0.322606,0.196839,0.192911,0.086556,0.086556,0.086556,0.00595197,0.126746,3.94852e-05,0.00553531,0.130802,0.194342,0.0681397,0.108151,0.172565,0.237092,0.194272,0.268514,0.342235,0.342235,0.160782,0.160782,0.902262,0.342235,0.379715,0.3055,1,0.229455,0.229455,0.0124623,0.000365849,0.15613,0.000259023,0.00514123,0.313952,0.100547,0.100547,0.32584,0.421436,0.255387,0.147033,0.0264109,0.158291,0.07669,0.07669,0.07669,0.00321149,0.00860039,0.000834722,0.000897965,0.0348899,0.139606,0.000152281,0.0272269,0.214258,0.264405,0.173608,0.267846,0.39008,0.39008,0.100547,0.100547,0.0217831,0.39008,0.285136,0.0526128,0.987579,0.157929,0.157929,
1.55,0.00720444,0.0136457,0.116053,0.0111225,0.0169469,0.198266,0.151242,0.151242,0.910969,0.511409,0.114845,0.313182,0.128,0.180625,0.082314,0.082314,0.082314,0.00441752,0.0792833,3.40529e-05,0.0028506,0.0631179,0.18493,0.0212024,0.0784078,0.155569,0.241374,0.180325,0.206498,0.33917,0.33917,0.151242,0.151242,0.904884,0.33917,0.389683,0.30477,0.999697,0.230436,0.230436,0.0124731,0.000133616,0.159466,0.000200136,0.005095,0.289826,0.094969,0.094969,0.32183,0.42544,0.232779,0.121171,0.017234,0.153506,0.081445,0.081445,0.081445,0.00213227,0.00863002,0.00115624,0.000433948,0.0258031,0.138046,0.000142681,0.0125696,0.193684,0.24101,0.17174,0.272754,0.394443,0.394443,0.094969,0.094969,0.0164426,0.394443,0.290787,0.0522748,0.987071,0.156733,0.156733,
1.555,0.00709044,0.0135154,0.115171,0.0245433,0.017296,0.198995,0.142446,0.142446,0.912415,0.51722,0.120051,0.319304,0.171668,0.187895,0.078428,0.078428,0.078428,0.00393057,0.0963755,3.39408e-05,0.00430572,0.0964128,0.188902,0.0541017,0.0944736,0.165108,0.235596,0.188763,0.218971,0.338499,0.338499,0.142446,0.142446,0.905214,0.338499,0.38384,0.305194,1,0.233305,0.233305,0.0125315,0.000284324,0.157951,0.000252838,0.00520924,0.30761,0.089293,0.089293,0.323384,0.42501,0.247902,0.137385,0.0240906,0.154943,0.086862,0.086862,0.086862,0.00257045,0.00525169,0.000292362,0.000752537,0.0222122,0.136755,0.000147632,0.0210048,0.206949,0.256847,0.171788,0.265744,0.398735,0.398735,0.089293,0.089293,0.0205325,0.398735,0.290876,0.0526632,0.986967,0.154704,0.154704,
1.56,0.00752329,0.0145473,0.122212,0.00919253,0.0178642,0.203531,0.135352,0.135352,0.912509,0.518518,0.114799,0.316391,0.114863,0.178875,0.075197,0.075197,0.075197,0.00215342,0.0528391,4.67708e-05,0.00197524,0.0370619,0.1845,0.0150144,0.0722546,0.15333,0.269367,0.178953,0.164717,0.340609,0.340609,0.135352,0.135352,0.918176,0.340609,0.386902,0.306648,1,0.237792,0.237792,0.0132748,9.0021e-05,0.170089,0.000201318,0.00536469,0.291101,0.084014,0.084014,0.319878,0.426441,0.247436,0.141781,0.0168002,0.153235,0.092928,0.092928,0.092928,0.001592,0.00436272,0.00034655,0.000369571,0.0113121,0.136465,0.000157223,0.00830565,0.192279,0.260113,0.17181,0.279928,0.402728,0.402728,0.084014,0.084014,0.0178067,0.402728,0.292183,0.0541093,0.987523,0.152318,0.152318,
1.565,0.00725793,0.0138201,0.117241,0.0246305,0.0176913,0.20541,0.130823,0.130823,0.913286,0.517976,0.124512,0.332418,0.182707,0.190301,0.072834,0.072834,0.072834,0.00445781,0.107384,8.11859e-05,0.00456535,0.106316,0.196842,0.0544387,0.0936988,0.168292,0.305968,0.192284,0.206627,0.345904,0.345904,0.130823,0.130823,0.93343,0.345904,0.3872,0.309265,1,0.24359,0.24359,0.0128312,0.000268735,0.161528,0.000255763,0.00530227,0.31022,0.079559,0.079559,0.326395,0.425126,0.278448,0.2006,0.0251184,0.159104,0.099566,0.099566,0.099566,0.00268218,0.0071383,0.000511205,0.000781066,0.0257517,0.139254,0.000192865,0.0218395,0.210089,0.302314,0.176489,0.271672,0.406404,0.406404,0.079559,0.079559,0.0247057,0.406404,0.29326,0.0572716,0.986909,0.150068,0.150068,
1.57,0.00735916,0.0143629,0.120989,0.00438861,0.017401,0.208203,0.129595,0.129595,0.908229,0.513464,0.116528,0.328573,0.10315,0.177606,0.071479,0.071479,0.071479,0.000686527,0.0350028,9.96472e-05,0.00107171,0.0151434,0.191088,0.00267625,0.0621964,0.151836,0.346864,0.177975,0.128184,0.354651,0.354651,0.129595,0.129595,0.949779,0.354651,0.377289,0.310783,0.999975,0.250155,0.250155,0.0130704,2.469e-05,0.167954,0.000192257,0.00530092,0.286413,0.076238,0.076238,0.318842,0.423505,0.269937,0.208003,0.0156844,0.155938,0.10658,0.10658,0.10658,0.00106552,0.00287867,0,0.000259938,0.00219825,0.138396,0.000208695,0.00320218,0.189995,0.302907,0.174761,0.274446,0.409931,0.409931,0.076238,0.076238,0.0209504,0.409931,0.290284,0.0592776,0.987692,0.148325,0.148325,
1.575,0.00727021,0.0140575,0.118859,0.0176978,0.0176267,0.210348,0.132178,0.132178,0.909474,0.51633,0.12554,0.34045,0.161335,0.188419,0.071199,0.071199,0.071199,0.00233123,0.078166,0.000123404,0.00318818,0.0706995,0.202517,0.0363301,0.0816199,0.165538,0.372168,0.190475,0.164813,0.366709,0.366709,0.132178,0.132178,0.959751,0.366709,0.380948,0.313385,0.999631,0.256737,0.256737,0.012977,0.000179396,0.164351,0.000248487,0.00537919,0.304538,0.074227,0.074227,0.326206,0.425342,0.296633,0.252205,0.022975,0.161784,0.113675,0.113675,0.113675,0.00194539,0.00448494,0,0.000614288,0.0123322,0.141605,0.000233937,0.0143948,0.206851,0.33735,0.179966,0.27095,0.41369,0.41369,0.074227,0.074227,0.026617,0.41369,0.296272,0.0614951,0.985784,0.147287,0.147287,
1.58,0.00784463,0.0153154,0.127318,0.00355964,0.0185042,0.212361,0.138827,0.138827,0.916007,0.53221,0.118963,0.32843,0.103971,0.181227,0.071997,0.071997,0.071997,0.000637239,0.0333598,0.000103951,0.000967514,0.0118532,0.195985,8.40763e-05,0.0655348,0.154979,0.359181,0.182676,0.13678,0.381548,0.381548,0.138827,0.138827,0.955247,0.381548,0.399669,0.315126,0.9961,0.262595,0.262595,0.0139216,1.73248e-05,0.179095,0.00019334,0.00559924,0.291019,0.073617,0.073617,0.326313,0.435498,0.281783,0.215425,0.0153824,0.160359,0.120514,0.120514,0.120514,0.00107377,0.00296299,1.61855e-05,0.000243093,0.00169517,0.142473,0.000212078,0.00253022,0.195186,0.315446,0.179355,0.287988,0.418318,0.418318,0.073617,0.073617,0.0217524,0.418318,0.302101,0.0597542,0.983196,0.146985,0.146985,
1.585,0.00827055,0.0161342,0.132797,0.0115191,0.0198321,0.217656,0.149486,0.149486,0.91805,0.538743,0.12439,0.335857,0.137233,0.189628,0.0738,0.0738,0.0738,0.00159437,0.0575497,0.000122787,0.00222068,0.0441458,0.2057,0.0196183,0.0835707,0.166286,0.386074,0.192865,0.17733,0.398568,0.398568,0.149486,0.149486,0.963062,0.398568,0.404579,0.318905,0.994698,0.26714,0.26714,0.0147762,0.000119363,0.18871,0.000212556,0.00585536,0.305734,0.074443,0.074443,0.332181,0.437959,0.310604,0.250102,0.0193451,0.166812,0.126695,0.126695,0.126695,0.00163364,0.00376534,0,0.000445138,0.00732366,0.146646,0.000231342,0.00911685,0.208814,0.348276,0.183878,0.300156,0.424567,0.424567,0.074443,0.074443,0.0256833,0.424567,0.301991,0.0613024,0.98008,0.147352,0.147352,
1.59,0.00844473,0.0163718,0.134393,0.018273,0.0204029,0.218593,0.163686,0.163686,0.929257,0.556105,0.127315,0.336541,0.161531,0.196206,0.076461,0.076461,0.076461,0.00245213,0.0758861,0.000112266,0.00326385,0.0697929,0.209407,0.0364529,0.09742,0.173672,0.36861,0.200602,0.213957,0.417158,0.417158,0.163686,0.163686,0.961264,0.417158,0.421503,0.322194,0.997105,0.269996,0.269996,0.0150702,0.000210269,0.191444,0.000224667,0.00595675,0.317462,0.076698,0.076698,0.339035,0.447205,0.315893,0.243521,0.0221425,0.170223,0.131786,0.131786,0.131786,0.00212703,0.00414511,3.63162e-06,0.00060498,0.0124593,0.149212,0.000222408,0.014752,0.219081,0.349289,0.185831,0.304141,0.432989,0.432989,0.076698,0.076698,0.0269614,0.432989,0.306214,0.0604321,0.981391,0.148317,0.148317,
1.595,0.00848116,0.0165001,0.135515,0.00387009,0.0199094,0.220886,0.180517,0.180517,0.944686,0.571787,0.123221,0.335433,0.109037,0.191882,0.079737,0.079737,0.079737,0.000683457,0.0331171,0.000118945,0.0010494,0.012829,0.209504,0.000105781,0.079528,0.165583,0.386011,0.195478,0.188041,0.436617,0.436617,0.180517,0.180517,0.981967,0.436617,0.437093,0.329714,1,0.270991,0.270991,0.0149957,5.69629e-05,0.192906,0.000169626,0.00587878,0.304458,0.080348,0.080348,0.343105,0.460217,0.304641,0.238538,0.0150674,0.172021,0.135401,0.135401,0.135401,0.00120112,0.00286293,0,0.000235327,0.00149553,0.153488,0.000227466,0.00264209,0.209968,0.343427,0.188054,0.305596,0.44376,0.44376,0.080348,0.080348,0.0237793,0.44376,0.311676,0.0616478,0.993145,0.149855,0.149855,
1.6,0.0084293,0.0162206,0.133486,0.0117861,0.019908,0.218505,0.198657,0.198657,0.955567,0.592221,0.12564,0.332839,0.136747,0.198586,0.083295,0.083295,0.083295,0.00173223,0.0545067,9.82531e-05,0.00227605,0.0429326,0.211736,0.0201537,0.0943487,0.172643,0.349287,0.203285,0.231903,0.456266,0.456266,0.198657,0.198657,0.972058,0.456266,0.45861,0.331917,1,0.270123,0.270123,0.0148286,0.000168027,0.189538,0.000183709,0.0058523,0.315622,0.085317,0.085317,0.350302,0.471248,0.300192,0.218169,0.0181718,0.17449,0.137225,0.137225,0.137225,0.00177908,0.0032808,2.05198e-05,0.000420092,0.00785897,0.155689,0.000208395,0.00930945,0.220507,0.332484,0.188845,0.302007,0.456737,0.456737,0.085317,0.085317,0.024452,0.456737,0.317064,0.0596389,0.9907,0.151919,0.151919,
1.605,0.00769201,0.0145102,0.121773,0.016147,0.0180359,0.215123,0.216558,0.216558,0.967746,0.612742,0.131,0.340012,0.162644,0.206221,0.086798,0.086798,0.086798,0.00233213,0.0712104,0.000116835,0.00303934,0.0638447,0.221341,0.0320328,0.0997547,0.179077,0.360898,0.211882,0.257127,0.475598,0.475598,0.216558,0.216558,0.987712,0.475598,0.482897,0.338756,1,0.267409,0.267409,0.0133308,0.000242292,0.169332,0.000201732,0.00549294,0.321297,0.09144,0.09144,0.361515,0.486493,0.299499,0.24303,0.0207784,0.179941,0.137036,0.137036,0.137036,0.00208046,0.00403414,3.6359e-05,0.000538715,0.0117082,0.161618,0.000227016,0.0130644,0.230487,0.343941,0.193621,0.27753,0.471464,0.471464,0.09144,0.09144,0.0271577,0.471464,0.329516,0.0614885,0.990379,0.154358,0.154358,
1.61,0.00718745,0.0134402,0.113999,0.00397458,0.0161948,0.208667,0.232828,0.232828,0.965599,0.629484,0.126096,0.329335,0.119582,0.200198,0.089994,0.089994,0.089994,0.000761377,0.0343929,0.000115585,0.00115102,0.0153037,0.218277,0.0019256,0.0813754,0.168585,0.354904,0.205405,0.233438,0.49426,0.49426,0.232828,0.232828,0.982295,0.49426,0.5071,0.339796,0.983971,0.262863,0.262863,0.01219,0.000120951,0.156663,0.000158777,0.0051489,0.303097,0.098459,0.098459,0.362986,0.49855,0.273132,0.22631,0.0146033,0.178706,0.13479,0.13479,0.13479,0.00127029,0.00271164,0,0.00022515,0.00209161,0.163887,0.000221564,0.0027559,0.220271,0.323314,0.192847,0.259516,0.486942,0.486942,0.098459,0.098459,0.0238617,0.486942,0.338969,0.0607445,0.972523,0.156948,0.156948,
1.615,0.00654295,0.0118516,0.103089,0.0151406,0.0147698,0.20433,0.246316,0.246316,0.978471,0.650645,0.131472,0.3349,0.165474,0.209401,0.092757,0.092757,0.092757,0.00236264,0.0702708,0.000117362,0.00298959,0.0631789,0.224725,0.030941,0.096706,0.178039,0.340207,0.21603,0.278284,0.511849,0.511849,0.246316,0.246316,0.986305,0.511849,0.530203,0.343981,0.983394,0.256578,0.256578,0.0108848,0.000271232,0.137886,0.000184463,0.0048082,0.315756,0.105994,0.105994,0.372386,0.510449,0.272316,0.235727,0.019818,0.182414,0.130645,0.130645,0.130645,0.00206388,0.00411043,8.56287e-05,0.00050303,0.0121787,0.167063,0.000224904,0.0124219,0.23394,0.326498,0.194751,0.237691,0.501671,0.501671,0.105994,0.105994,0.0270375,0.501671,0.345136,0.0609448,0.971681,0.159488,0.159488,
1.62,0.00607502,0.0105893,0.0942555,0.00270103,0.0127928,0.199031,0.256144,0.256144,0.985799,0.666242,0.128414,0.32908,0.132044,0.204791,0.095048,0.095048,0.095048,0.00332503,0.0613919,0.000121634,0.00183693,0.0387664,0.223279,0.00142207,0.0788775,0.168841,0.341433,0.210895,0.270115,0.527779,0.527779,0.256144,0.256144,0.990453,0.527779,0.564547,0.346674,0.97396,0.248762,0.248762,0.00956702,0.000140855,0.122921,0.000135952,0.00438457,0.297321,0.11361,0.11361,0.37816,0.524803,0.247347,0.222473,0.0135481,0.182425,0.124961,0.124961,0.124961,0.00176849,0.00842236,0.00109155,0.000215766,0.0190316,0.170873,0.000222974,0.00531868,0.223616,0.306704,0.196473,0.224962,0.514183,0.514183,0.11361,0.11361,0.0237871,0.514183,0.357866,0.0609372,0.964936,0.161786,0.161786,
1.625,0.00578911,0.00979998,0.0885219,0.00375548,0.011922,0.195394,0.261782,0.261782,0.984618,0.675605,0.129516,0.327297,0.142488,0.206652,0.096876,0.096876,0.096876,0.00446875,0.0760153,0.000126578,0.00232736,0.0535906,0.225549,0.00493493,0.0814427,0.170107,0.340088,0.213476,0.290311,0.541394,0.541394,0.261782,0.261782,0.985727,0.541394,0.582769,0.34694,0.960623,0.239723,0.239723,0.00885987,0.000165984,0.11357,0.000131964,0.00417459,0.296054,0.120866,0.120866,0.382057,0.530766,0.243317,0.226432,0.0138481,0.183875,0.118255,0.118255,0.118255,0.00205937,0.0107099,0.00149748,0.000251576,0.0264322,0.173078,0.000225233,0.00754641,0.226076,0.30593,0.197506,0.215516,0.523487,0.523487,0.120866,0.120866,0.0243861,0.523487,0.362849,0.0607552,0.952087,0.163633,0.163633,
1.63,0.00577007,0.00934353,0.0853309,0.00248529,0.011448,0.193895,0.26304,0.26304,0.993256,0.684014,0.130782,0.327278,0.151583,0.208438,0.098275,0.098275,0.098275,0.00773246,0.109289,0.000128198,0.00316258,0.081491,0.227343,0.00349709,0.083202,0.17105,0.337894,0.215702,0.322908,0.552029,0.552029,0.26304,0.26304,0.98669,0.552029,0.609882,0.348474,0.959357,0.229778,0.229778,0.00842257,0.000158011,0.108107,0.000113093,0.00399649,0.29323,0.127382,0.127382,0.38905,0.538791,0.23849,0.221532,0.0127953,0.185908,0.111115,0.111115,0.111115,0.00270815,0.0179452,0.00288005,0.000254436,0.0476081,0.176348,0.000222348,0.011013,0.22638,0.299799,0.200309,0.21843,0.52911,0.52911,0.127382,0.127382,0.0238373,0.52911,0.369795,0.0605166,0.95136,0.164845,0.164845,
1.635,0.00547014,0.00850686,0.0795331,0.0419611,0.0121198,0.194871,0.260092,0.260092,0.997842,0.694064,0.147935,0.347975,0.299311,0.233558,0.09928,0.09928,0.09928,0.0111796,0.21265,0.000143317,0.00891317,0.227119,0.245278,0.102613,0.140579,0.20438,0.33446,0.244879,0.430889,0.559097,0.559097,0.260092,0.260092,0.986934,0.559097,0.608372,0.350611,0.96099,0.219214,0.219214,0.00818406,0.000627107,0.0982512,0.000238984,0.00407082,0.343255,0.132879,0.132879,0.399802,0.537523,0.286632,0.280875,0.0322871,0.194786,0.104151,0.104151,0.104151,0.00503102,0.0185326,0.00230318,0.00123886,0.0684177,0.178295,0.000245537,0.0422379,0.268409,0.351343,0.204355,0.204939,0.530916,0.530916,0.132879,0.132879,0.0359868,0.530916,0.36678,0.0619076,0.948294,0.165329,0.165329,
1.64,0.00557156,0.00812284,0.0764816,0.00364687,0.0102963,0.186955,0.2535,0.2535,0.993437,0.689009,0.133421,0.322557,0.182872,0.21017,0.09991,0.09991,0.09991,0.0145042,0.185147,0.000125467,0.0053326,0.149973,0.227397,0.0100563,0.0876643,0.171909,0.320815,0.218272,0.379766,0.562447,0.562447,0.2535,0.2535,0.969189,0.562447,0.655139,0.344374,0.9405,0.20834,0.20834,0.00731781,0.000172048,0.0935917,0.000100785,0.00362637,0.286606,0.137144,0.137144,0.397623,0.546116,0.225726,0.206836,0.012678,0.186401,0.097908,0.097908,0.097908,0.00417876,0.03235,0.00556489,0.00035972,0.0915224,0.178942,0.000209957,0.0208214,0.22582,0.282074,0.203165,0.218462,0.529032,0.529032,0.137144,0.137144,0.0231951,0.529032,0.383267,0.058829,0.933324,0.165094,0.165094,
1.645,0.00558262,0.00783007,0.0745751,0.00222428,0.00999927,0.187198,0.244188,0.244188,1,0.688762,0.134027,0.325795,0.188527,0.210089,0.100232,0.100232,0.100232,0.0172898,0.213533,0.000133446,0.00601476,0.173591,0.227636,0.00797206,0.0868491,0.171535,0.330464,0.21831,0.39579,0.562411,0.562411,0.244188,0.244188,0.976028,0.562411,0.668499,0.345055,0.945066,0.197545,0.197545,0.00703437,0.000150817,0.0900991,8.12146e-05,0.0034706,0.283317,0.140026,0.140026,0.400583,0.547596,0.225933,0.211412,0.0117381,0.18691,0.092801,0.092801,0.092801,0.00470306,0.0387136,0.00676873,0.000355769,0.109708,0.180012,0.000214468,0.0235858,0.22371,0.282305,0.204535,0.222866,0.523862,0.523862,0.140026,0.140026,0.0230831,0.523862,0.383929,0.0594713,0.938312,0.164233,0.164233,
1.65,0.00568395,0.00744712,0.0718179,0.00331415,0.00982533,0.185645,0.233312,0.233312,0.996905,0.676066,0.136991,0.327757,0.21594,0.211995,0.100384,0.100384,0.100384,0.0231221,0.280035,0.00014415,0.00789342,0.233443,0.230405,0.0134702,0.0932003,0.174676,0.339436,0.220586,0.447018,0.559403,0.559403,0.233312,0.233312,0.970121,0.559403,0.685618,0.341927,0.940011,0.187297,0.187297,0.00670346,0.000160859,0.0855359,7.33006e-05,0.00330149,0.279958,0.141471,0.141471,0.405265,0.544639,0.228913,0.217604,0.0120319,0.188636,0.089126,0.089126,0.089126,0.00595992,0.0512868,0.00907633,0.000454654,0.147397,0.18251,0.000217663,0.0320811,0.223794,0.283033,0.208057,0.233419,0.515834,0.515834,0.141471,0.141471,0.023287,0.515834,0.387136,0.0594154,0.933419,0.162911,0.162911,
1.655,0.00468141,0.00538855,0.0578213,0.0556107,0.00950336,0.185048,0.222023,0.222023,0.989257,0.667011,0.159226,0.360762,0.407132,0.242546,0.100553,0.100553,0.100553,0.025563,0.39726,0.000184122,0.0149112,0.409005,0.254598,0.144361,0.162621,0.216787,0.358293,0.255488,0.55805,0.553748,0.553748,0.222023,0.222023,0.978149,0.553748,0.648731,0.342625,0.944088,0.178106,0.178106,0.00554122,0.000779469,0.0614163,0.000256807,0.00318053,0.342633,0.141571,0.141571,0.411552,0.529541,0.293474,0.322961,0.0387892,0.198159,0.087078,0.087078,0.087078,0.00852444,0.0478695,0.00745489,0.00174967,0.161428,0.182453,0.000270625,0.070699,0.276225,0.362737,0.21102,0.196018,0.505077,0.505077,0.141571,0.141571,0.0405722,0.505077,0.373262,0.0632425,0.932001,0.161345,0.161345,
1.66,0.00541455,0.00650532,0.0651419,0.00232377,0.0088184,0.176995,0.211191,0.211191,0.985482,0.659073,0.134172,0.3168,0.221398,0.206465,0.100912,0.100912,0.100912,0.0268837,0.317534,0.000115737,0.00884541,0.264745,0.220507,0.0132669,0.0888602,0.168469,0.291554,0.213979,0.460053,0.545617,0.545617,0.211191,0.211191,0.938615,0.545617,0.691743,0.331666,0.928387,0.17035,0.17035,0.00582318,0.000137046,0.0744339,6.83537e-05,0.00300783,0.268447,0.140532,0.140532,0.40098,0.536793,0.200906,0.171092,0.0108907,0.181974,0.086727,0.086727,0.086727,0.0066702,0.0593101,0.0106551,0.000471375,0.17197,0.177963,0.000184209,0.0364564,0.21417,0.242116,0.204028,0.230149,0.491654,0.491654,0.140532,0.140532,0.0198343,0.491654,0.388187,0.0557604,0.922672,0.159716,0.159716,
1.665,0.00465075,0.00550784,0.0587873,0.0544705,0.0095984,0.185909,0.201389,0.201389,0.972419,0.635449,0.155774,0.363836,0.397191,0.236274,0.101541,0.101541,0.101541,0.0251453,0.391376,0.000196884,0.0146548,0.403239,0.249427,0.141349,0.157707,0.212558,0.378851,0.24826,0.534312,0.535086,0.535086,0.201389,0.201389,0.97798,0.535086,0.609637,0.336755,0.946835,0.164199,0.164199,0.0056513,0.000750151,0.0629417,0.000244414,0.0031026,0.336719,0.138694,0.138694,0.398443,0.507431,0.299371,0.33895,0.0382891,0.193385,0.088019,0.088019,0.088019,0.00833852,0.0473651,0.00735489,0.00171715,0.158923,0.176791,0.000283515,0.0694329,0.268106,0.370469,0.205818,0.197205,0.476066,0.476066,0.138694,0.138694,0.0406788,0.476066,0.352024,0.0642288,0.934792,0.158103,0.158103,
1.67,0.00601077,0.00825987,0.0781524,0.00234131,0.0108242,0.184766,0.192954,0.192954,0.99077,0.632763,0.129051,0.320796,0.196783,0.201475,0.10242,0.10242,0.10242,0.0239788,0.281796,9.16168e-05,0.00789728,0.233563,0.211703,0.0110821,0.0873611,0.165896,0.275094,0.20701,0.424237,0.522313,0.522313,0.192954,0.192954,0.946396,0.522313,0.635738,0.330424,0.968698,0.159775,0.159775,0.00742261,0.000115792,0.0952589,6.39864e-05,0.00338654,0.273771,0.136456,0.136456,0.387655,0.517157,0.205195,0.147851,0.0106262,0.176673,0.090799,0.090799,0.090799,0.00603828,0.0526708,0.00948884,0.000423559,0.153075,0.17057,0.0001688,0.0325841,0.208316,0.233853,0.197681,0.250091,0.459127,0.459127,0.136456,0.136456,0.0177672,0.459127,0.362738,0.0551657,0.961568,0.156446,0.156446,
1.675,0.00517067,0.00670704,0.0667123,0.0794567,0.0121312,0.19101,0.186,0.186,0.938352,0.592108,0.164356,0.376231,0.487243,0.246294,0.103462,0.103462,0.103462,0.0273325,0.457817,0.000222566,0.0182652,0.495719,0.257858,0.203195,0.196446,0.23269,0.410165,0.260275,0.591399,0.507793,0.507793,0.186,0.186,0.961332,0.507793,0.55519,0.327186,0.936297,0.157145,0.157145,0.00709508,0.00102459,0.0772235,0.000330411,0.00353582,0.365075,0.134236,0.134236,0.388772,0.474015,0.353973,0.400908,0.0509516,0.19556,0.094819,0.094819,0.094819,0.00977238,0.0480477,0.00699907,0.00235174,0.171905,0.172476,0.000312381,0.0892106,0.288753,0.42542,0.204914,0.213257,0.441453,0.441453,0.134236,0.134236,0.0490419,0.441453,0.327506,0.0654752,0.919921,0.154607,0.154607,
1.68,0.00655853,0.0101191,0.090218,0.0042752,0.0129573,0.182634,0.180469,0.180469,0.943289,0.594168,0.119796,0.301623,0.170765,0.190382,0.104546,0.104546,0.104546,0.019233,0.227999,5.4999e-05,0.00659319,0.188877,0.196087,0.0127536,0.0878914,0.15858,0.233724,0.194906,0.381144,0.492507,0.492507,0.180469,0.180469,0.892839,0.492507,0.570855,0.313298,0.93997,0.156262,0.156262,0.00913794,0.00012297,0.117344,7.63615e-05,0.00384923,0.270425,0.132396,0.132396,0.361083,0.483266,0.202395,0.111057,0.0108463,0.165745,0.09972,0.09972,0.09972,0.00510135,0.0415383,0.00747569,0.000399531,0.122045,0.157832,0.000136232,0.0275428,0.199184,0.215771,0.184483,0.261152,0.423353,0.423353,0.132396,0.132396,0.0154425,0.423353,0.333895,0.0504987,0.931122,0.152524,0.152524,
1.685,0.00484104,0.00677426,0.0658557,0.0866269,0.0123129,0.184043,0.176211,0.176211,0.863627,0.540509,0.159205,0.364667,0.490009,0.23748,0.105554,0.105554,0.105554,0.0224143,0.417436,0.000240447,0.0176453,0.470857,0.251115,0.218658,0.200231,0.229385,0.4282,0.251672,0.550802,0.477602,0.477602,0.176211,0.176211,0.911557,0.477602,0.47853,0.307363,0.875996,0.156966,0.156966,0.00727566,0.00110339,0.0782579,0.000366874,0.00358116,0.360415,0.131174,0.131174,0.359185,0.430544,0.368677,0.437233,0.054785,0.186842,0.105069,0.105069,0.105069,0.00895802,0.0364199,0.00465446,0.0024729,0.139821,0.161045,0.000331057,0.0875709,0.284836,0.448381,0.19251,0.194337,0.404988,0.404988,0.131174,0.131174,0.0521636,0.404988,0.294137,0.0644804,0.858608,0.150288,0.150288,
1.69,0.00689488,0.0116571,0.0983541,0.00294322,0.0145117,0.171539,0.173027,0.173027,0.843669,0.54578,0.106555,0.264037,0.132477,0.171863,0.106399,0.106399,0.106399,0.0129528,0.153821,3.45377e-05,0.00447326,0.122228,0.176898,0.00590349,0.0829389,0.144151,0.20708,0.176595,0.321521,0.46391,0.46391,0.173027,0.173027,0.794232,0.46391,0.505304,0.283128,0.838483,0.158995,0.158995,0.0105246,9.99194e-05,0.13565,8.14499e-05,0.00422091,0.25148,0.130691,0.130691,0.323004,0.437687,0.198394,0.0911572,0.00934948,0.151002,0.110381,0.110381,0.110381,0.00370956,0.0278797,0.00500086,0.000285396,0.0811826,0.142189,0.000111875,0.0182799,0.183535,0.204688,0.166501,0.259232,0.386433,0.386433,0.130691,0.130691,0.013698,0.386433,0.30277,0.0442724,0.828655,0.148067,0.148067,
1.695,0.00532866,0.00744693,0.0692734,0.00788369,0.0100869,0.168863,0.170783,0.170783,0.812117,0.489919,0.12294,0.304223,0.221017,0.181957,0.107041,0.107041,0.107041,0.0229858,0.291401,0.000199828,0.00835817,0.250923,0.208657,0.0248313,0.0907859,0.159123,0.403723,0.188423,0.400823,0.451905,0.451905,0.170783,0.170783,0.849171,0.451905,0.499551,0.284698,0.816923,0.162005,0.162005,0.00683944,0.000170641,0.0861297,9.94028e-05,0.00305232,0.242592,0.130964,0.130964,0.332208,0.417,0.253214,0.290315,0.0147387,0.164152,0.115149,0.115149,0.115149,0.00586042,0.051185,0.00881803,0.00059289,0.14647,0.154899,0.000259511,0.0351864,0.192473,0.315517,0.181531,0.224499,0.367715,0.367715,0.130964,0.130964,0.0255121,0.367715,0.299467,0.0570221,0.809728,0.146031,0.146031,
1.7,0.0058917,0.00869406,0.0782204,0.00239136,0.0113966,0.174005,0.169512,0.169512,0.809346,0.46627,0.119917,0.305633,0.199224,0.178359,0.10748,0.10748,0.10748,0.0233445,0.285072,0.000200033,0.00777414,0.237699,0.206924,0.0107759,0.0883425,0.157156,0.415293,0.18367,0.402536,0.44183,0.44183,0.169512,0.169512,0.852988,0.44183,0.473905,0.283782,0.833352,0.165633,0.165633,0.00790858,0.000104392,0.100888,7.38776e-05,0.00325435,0.23833,0.131888,0.131888,0.326754,0.404701,0.258835,0.286337,0.0118806,0.163666,0.118975,0.118975,0.118975,0.00570779,0.0528647,0.009236,0.000461875,0.148747,0.154377,0.000259243,0.0319024,0.186262,0.316338,0.181124,0.246383,0.349094,0.349094,0.131888,0.131888,0.023426,0.349094,0.286193,0.057156,0.825911,0.144319,0.144319,
1.705,0.0058109,0.00849415,0.0782864,0.0402291,0.0127819,0.184217,0.169478,0.169478,0.83748,0.453763,0.138612,0.343794,0.3393,0.205922,0.107716,0.107716,0.107716,0.0265719,0.384366,0.000222178,0.0132443,0.376623,0.22944,0.105378,0.145281,0.194476,0.432475,0.213245,0.508165,0.433561,0.433561,0.169478,0.169478,0.892483,0.433561,0.434986,0.293893,0.894268,0.169612,0.169612,0.00824101,0.000550972,0.0986545,0.000203823,0.0034635,0.295055,0.133262,0.133262,0.338583,0.396359,0.316599,0.355729,0.0313539,0.175347,0.1216,0.1216,0.1216,0.00788073,0.0534055,0.00865064,0.00141312,0.168076,0.158167,0.000295639,0.0617074,0.228728,0.37756,0.188567,0.246148,0.331229,0.331229,0.133262,0.133262,0.0349631,0.331229,0.272625,0.061318,0.881809,0.143019,0.143019,
1.71,0.00719021,0.0117442,0.101164,0.00307119,0.0150486,0.188407,0.17099,0.17099,0.853009,0.452465,0.116019,0.312799,0.175517,0.179844,0.107725,0.107725,0.107725,0.0221215,0.263509,0.000136523,0.00731224,0.21896,0.199981,0.0101771,0.0973023,0.161125,0.353724,0.182375,0.412374,0.426754,0.426754,0.17099,0.17099,0.873616,0.426754,0.428936,0.291459,0.921787,0.173826,0.173826,0.0106739,0.000104249,0.136924,6.34358e-05,0.0039517,0.25585,0.134818,0.134818,0.32468,0.398438,0.256696,0.213372,0.0111841,0.1627,0.122834,0.122834,0.122834,0.00550683,0.0490392,0.00870482,0.00043071,0.140281,0.151563,0.00020906,0.0305623,0.186754,0.283827,0.17923,0.292878,0.314949,0.314949,0.134818,0.134818,0.0182068,0.314949,0.265557,0.0545659,0.911808,0.14219,0.14219,
1.715,0.0059994,0.00941039,0.0859362,0.0552583,0.0143869,0.193761,0.174251,0.174251,0.852531,0.43071,0.142673,0.363751,0.373396,0.214833,0.107493,0.107493,0.107493,0.0241421,0.381134,0.000219587,0.0142596,0.394431,0.235419,0.140728,0.167435,0.209055,0.43381,0.221416,0.523593,0.421229,0.421229,0.174251,0.174251,0.919583,0.421229,0.371256,0.299651,0.949803,0.17822,0.17822,0.00928398,0.000728075,0.109638,0.000257338,0.00377319,0.323092,0.136256,0.136256,0.334253,0.380093,0.343238,0.375755,0.0391599,0.177977,0.12255,0.12255,0.12255,0.00794533,0.0453705,0.0069151,0.001739,0.15159,0.156162,0.00030694,0.0685708,0.244023,0.401725,0.187654,0.252066,0.300856,0.300856,0.136256,0.136256,0.0385181,0.300856,0.247574,0.0632434,0.934539,0.141797,0.141797,
1.72,0.00643715,0.0105129,0.0937265,0.00290936,0.0134816,0.183388,0.179288,0.179288,0.861854,0.434521,0.113091,0.312311,0.160758,0.177764,0.107053,0.107053,0.107053,0.0196923,0.235103,9.96343e-05,0.00649381,0.192688,0.194376,0.00931594,0.0906928,0.158048,0.297086,0.177298,0.391955,0.416995,0.416995,0.179288,0.179288,0.87293,0.416995,0.39251,0.291345,0.955862,0.182672,0.182672,0.00954461,0.000112497,0.122561,8.77601e-05,0.00369283,0.255017,0.137286,0.137286,0.319949,0.39248,0.22308,0.164894,0.0114112,0.158056,0.12071,0.12071,0.12071,0.00492225,0.0434005,0.00772247,0.000398426,0.124665,0.148262,0.000180188,0.0272225,0.18244,0.242768,0.175144,0.270638,0.289243,0.289243,0.137286,0.137286,0.0144197,0.289243,0.259598,0.0525214,0.946836,0.141706,0.141706,
1.725,0.00325173,0.00405388,0.0496464,0.0712582,0.00850137,0.178124,0.185913,0.185913,0.830763,0.397186,0.149255,0.381426,0.431488,0.221157,0.106484,0.106484,0.106484,0.0217298,0.390162,0.000260978,0.0155495,0.424749,0.245399,0.181893,0.172544,0.217147,0.449566,0.226524,0.518375,0.413962,0.413962,0.185913,0.185913,0.93203,0.413962,0.315134,0.297651,0.949598,0.187041,0.187041,0.00465312,0.00094534,0.0467925,0.000349938,0.00259822,0.329162,0.137629,0.137629,0.328173,0.362476,0.329957,0.438603,0.0491061,0.176902,0.117407,0.117407,0.117407,0.00790606,0.0381053,0.00513319,0.00212744,0.1361,0.154523,0.000355519,0.0763493,0.254689,0.418486,0.18449,0.163331,0.280263,0.280263,0.137629,0.137629,0.0446877,0.280263,0.235819,0.0670628,0.936331,0.141702,0.141702,
1.73,0.0072512,0.0121751,0.105458,0.00386464,0.0155494,0.185655,0.193772,0.193772,0.872219,0.432765,0.110145,0.302808,0.154586,0.178665,0.105911,0.105911,0.105911,0.0205608,0.238874,4.66818e-05,0.00673311,0.196643,0.188967,0.0110828,0.101083,0.160215,0.232189,0.177437,0.429504,0.411741,0.411741,0.193772,0.193772,0.851689,0.411741,0.388859,0.290235,0.974231,0.191254,0.191254,0.0110453,0.000133778,0.142129,8.01484e-05,0.00407967,0.261285,0.137071,0.137071,0.320349,0.392533,0.211149,0.0984996,0.0105781,0.157282,0.112892,0.112892,0.112892,0.0051895,0.0441899,0.00801504,0.000405323,0.129754,0.147728,0.000129945,0.0288629,0.183665,0.207184,0.173755,0.298138,0.273982,0.273982,0.137071,0.137071,0.0101937,0.273982,0.255306,0.047875,0.96377,0.141505,0.141505,
1.735,0.00362557,0.00361973,0.0465247,0.00350277,0.00561963,0.162453,0.202374,0.202374,0.844847,0.394966,0.121581,0.329357,0.221162,0.182253,0.105498,0.105498,0.105498,0.0289695,0.350112,0.000176198,0.00951176,0.295326,0.210158,0.0185913,0.0856448,0.1615,0.351312,0.180719,0.470992,0.409886,0.409886,0.202374,0.202374,0.888396,0.409886,0.406543,0.289048,0.939603,0.195271,0.195271,0.00331696,0.000163425,0.0414045,9.71169e-05,0.00184489,0.232862,0.135496,0.135496,0.330123,0.386426,0.195264,0.23595,0.0132832,0.162173,0.107522,0.107522,0.107522,0.00671293,0.0645669,0.0114364,0.000564172,0.185436,0.157475,0.000242222,0.0401458,0.18083,0.249227,0.182361,0.196394,0.270525,0.270525,0.135496,0.135496,0.01728,0.270525,0.267509,0.0573108,0.935899,0.140806,0.140806,
1.74,0.00330173,0.00346087,0.0438806,0.0389496,0.00666879,0.155099,0.211163,0.211163,0.795662,0.394161,0.129201,0.322913,0.325204,0.196323,0.105431,0.105431,0.105431,0.0256095,0.369788,0.00016892,0.0126964,0.361954,0.216958,0.10438,0.134989,0.184051,0.317322,0.19884,0.527012,0.40821,0.40821,0.211163,0.211163,0.830463,0.40821,0.373414,0.277006,0.878081,0.198992,0.198992,0.00363644,0.000599289,0.0396267,0.000222809,0.00212437,0.270443,0.132882,0.132882,0.320569,0.368839,0.229342,0.269751,0.030316,0.163082,0.101738,0.101738,0.101738,0.00745464,0.0507618,0.00829552,0.00136329,0.162114,0.151912,0.000243295,0.059553,0.214001,0.284597,0.175603,0.17018,0.27023,0.27023,0.132882,0.132882,0.0271996,0.27023,0.252352,0.0543713,0.869724,0.139378,0.139378,
1.745,0.0045178,0.00569794,0.0598292,0.00435278,0.00803781,0.158804,0.21953,0.21953,0.828672,0.409026,0.115073,0.300351,0.201683,0.179427,0.10587,0.10587,0.10587,0.0265849,0.31615,0.000104775,0.00874492,0.265887,0.199246,0.0184333,0.0948351,0.159001,0.259063,0.178357,0.48749,0.406776,0.406776,0.21953,0.21953,0.82712,0.406776,0.414609,0.280598,0.907658,0.202293,0.202293,0.00518132,0.000189906,0.0658292,9.6006e-05,0.00241723,0.235125,0.129295,0.129295,0.324863,0.389065,0.175555,0.14952,0.0118982,0.158174,0.096034,0.096034,0.096034,0.00633631,0.0580515,0.0104121,0.00052356,0.169356,0.154029,0.00017217,0.0373605,0.181223,0.203104,0.176415,0.217141,0.273494,0.273494,0.129295,0.129295,0.0125561,0.273494,0.268881,0.0493958,0.902242,0.137147,0.137147,
1.75,0.00386906,0.00380079,0.0446075,0.022611,0.0067061,0.147729,0.226833,0.226833,0.762723,0.386704,0.12549,0.29966,0.300837,0.188098,0.106893,0.106893,0.106893,0.0322328,0.415695,0.000175641,0.0127272,0.379116,0.214439,0.0669346,0.12404,0.173877,0.325479,0.191329,0.573505,0.405905,0.405905,0.226833,0.226833,0.784434,0.405905,0.426935,0.265905,0.814634,0.20512,0.20512,0.00372377,0.000418994,0.0434575,0.000155473,0.00203285,0.239678,0.124889,0.124889,0.32378,0.371389,0.214398,0.249518,0.0214145,0.163277,0.090837,0.090837,0.090837,0.00822726,0.0680186,0.0117812,0.00105479,0.20526,0.157,0.000229387,0.0572669,0.198685,0.265079,0.179565,0.194462,0.280518,0.280518,0.124889,0.124889,0.0224535,0.280518,0.269558,0.0512139,0.808287,0.134191,0.134191,
1.755,0.00571436,0.00735128,0.0678561,0.0121314,0.0106012,0.151109,0.232404,0.232404,0.759728,0.413144,0.11744,0.270821,0.257755,0.181007,0.108534,0.108534,0.108534,0.0338172,0.406057,0.000119328,0.0118289,0.356212,0.201547,0.0399295,0.12317,0.165307,0.269518,0.185437,0.592009,0.40627,0.40627,0.232404,0.232404,0.736896,0.40627,0.474955,0.259868,0.78287,0.207473,0.207473,0.00677809,0.000289591,0.0850736,8.70656e-05,0.00279761,0.23054,0.119899,0.119899,0.324151,0.382727,0.205658,0.168746,0.0138675,0.160717,0.086493,0.086493,0.086493,0.00828092,0.0722646,0.0129426,0.000784017,0.215276,0.156054,0.000165576,0.0521167,0.189428,0.226812,0.177553,0.250976,0.291301,0.291301,0.119899,0.119899,0.0161151,0.291301,0.278193,0.0445244,0.775207,0.130704,0.130704,
1.76,0.00327808,0.00218723,0.0315688,0.040204,0.00552009,0.132098,0.235612,0.235612,0.730751,0.414413,0.129502,0.280003,0.369934,0.195066,0.110829,0.110829,0.110829,0.0345129,0.467314,0.000156686,0.0154999,0.449541,0.214854,0.112118,0.149092,0.182013,0.270046,0.201955,0.638896,0.408794,0.408794,0.235612,0.235612,0.720061,0.408794,0.473727,0.2545,0.736432,0.209303,0.209303,0.00246441,0.000647215,0.0243044,0.000203628,0.00177405,0.248603,0.11463,0.11463,0.327124,0.379649,0.206589,0.236331,0.028839,0.162735,0.083283,0.083283,0.083283,0.00945921,0.0694448,0.0118171,0.00148808,0.219388,0.156167,0.00020505,0.0721563,0.214441,0.253934,0.176437,0.167085,0.305633,0.305633,0.11463,0.11463,0.0262455,0.305633,0.283174,0.0462856,0.729023,0.126969,0.126969,
1.765,0.00455798,0.00475994,0.0477125,0.00169878,0.00700878,0.128376,0.236023,0.236023,0.7111,0.435423,0.110264,0.235225,0.225885,0.169317,0.113802,0.113802,0.113802,0.0326114,0.376671,0.000107281,0.0102661,0.316494,0.191114,0.0151519,0.101427,0.147626,0.229567,0.174752,0.562991,0.414364,0.414364,0.236023,0.236023,0.668718,0.414364,0.526719,0.24501,0.6809,0.21045,0.21045,0.0042654,0.000190394,0.0544137,6.13334e-05,0.00215215,0.198164,0.109434,0.109434,0.319173,0.393078,0.157054,0.134086,0.00813633,0.153197,0.081376,0.081376,0.081376,0.00761279,0.0713869,0.0129668,0.000521486,0.208167,0.153977,0.00014074,0.0435335,0.174718,0.184431,0.171191,0.205956,0.322997,0.322997,0.109434,0.109434,0.0127307,0.322997,0.300181,0.0395842,0.676752,0.123369,0.123369,
1.77,0.00429004,0.00374228,0.0412403,0.0277693,0.0070057,0.134879,0.233501,0.233501,0.736003,0.449091,0.127604,0.26721,0.342253,0.191538,0.117419,0.117419,0.117419,0.0376475,0.4796,0.000158442,0.014977,0.443438,0.213089,0.0821078,0.140041,0.175051,0.284644,0.200281,0.648708,0.423554,0.423554,0.233501,0.233501,0.710624,0.423554,0.542984,0.255509,0.704745,0.210781,0.210781,0.0037003,0.000493723,0.0423771,0.000138697,0.00205982,0.235163,0.104692,0.104692,0.336939,0.400834,0.209113,0.223871,0.0217909,0.165294,0.08081,0.08081,0.08081,0.00971936,0.0783659,0.0137091,0.00121882,0.239947,0.160922,0.000195298,0.0678817,0.207251,0.25153,0.181224,0.199708,0.342466,0.342466,0.104692,0.104692,0.0239197,0.342466,0.304896,0.0452245,0.697848,0.12039,0.12039,
1.775,0.0039732,0.00255396,0.0301256,0.0132877,0.00508989,0.115993,0.228252,0.228252,0.672904,0.460946,0.120982,0.22873,0.311898,0.177972,0.12167,0.12167,0.12167,0.0399693,0.482951,0.000164779,0.0139944,0.426583,0.20402,0.0482132,0.119855,0.15699,0.27869,0.188684,0.641322,0.436451,0.436451,0.228252,0.228252,0.632895,0.436451,0.60816,0.236294,0.582555,0.210295,0.210295,0.00241755,0.000333449,0.0281846,8.97667e-05,0.00169224,0.19658,0.100774,0.100774,0.3321,0.405796,0.179394,0.206922,0.0138892,0.159441,0.081453,0.081453,0.081453,0.00965664,0.0860919,0.015367,0.0009071,0.2556,0.160426,0.000180345,0.061237,0.189157,0.226472,0.178016,0.184939,0.362706,0.362706,0.100774,0.100774,0.0207559,0.362706,0.328629,0.0406149,0.578644,0.118545,0.118545,
1.78,0.00434295,0.00255796,0.0296989,0.0172198,0.0055117,0.118985,0.220714,0.220714,0.678912,0.473357,0.129273,0.237398,0.359355,0.185985,0.12659,0.12659,0.12659,0.046596,0.565294,0.000202896,0.0165171,0.504407,0.215295,0.0608689,0.132463,0.16607,0.327396,0.199182,0.703885,0.452568,0.452568,0.220714,0.220714,0.643917,0.452568,0.656579,0.23908,0.568799,0.20905,0.20905,0.00247984,0.000373317,0.0280729,8.75493e-05,0.00168115,0.201054,0.097964,0.097964,0.346497,0.416632,0.20639,0.253138,0.0159159,0.167134,0.083028,0.083028,0.083028,0.0112418,0.100259,0.0178563,0.00109106,0.298317,0.167624,0.000209008,0.0727194,0.198326,0.260282,0.18728,0.201816,0.381968,0.381968,0.097964,0.097964,0.0247797,0.381968,0.344406,0.043132,0.564375,0.118174,0.118174,
1.785,0.00418649,0.00182761,0.0237056,0.0434036,0.00581222,0.117418,0.211481,0.211481,0.667163,0.490705,0.143919,0.247264,0.472751,0.204011,0.132241,0.132241,0.132241,0.0505671,0.655508,0.000236026,0.0208905,0.619542,0.231743,0.127495,0.171382,0.189056,0.352976,0.221641,0.784756,0.470834,0.470834,0.211481,0.211481,0.633626,0.470834,0.686119,0.23793,0.532853,0.20709,0.20709,0.00216578,0.000680804,0.0193774,0.000178159,0.00174634,0.230679,0.096453,0.096453,0.358287,0.422168,0.249052,0.320063,0.0291948,0.175531,0.08521,0.08521,0.08521,0.013158,0.104703,0.0181559,0.00177954,0.323045,0.17168,0.000240595,0.0957057,0.228657,0.313028,0.193607,0.192622,0.39825,0.39825,0.096453,0.096453,0.0351081,0.39825,0.357212,0.0447733,0.525482,0.11934,0.11934,
1.79,0.0049724,0.00337942,0.0408428,0.0109641,0.00641401,0.153379,0.201221,0.201221,0.861591,0.529277,0.141749,0.305708,0.352518,0.206041,0.138714,0.138714,0.138714,0.0506617,0.599844,0.00020791,0.0170322,0.525661,0.233215,0.046791,0.125496,0.180483,0.368205,0.215847,0.710175,0.489922,0.489922,0.201221,0.201221,0.835084,0.489922,0.693192,0.291834,0.801299,0.20446,0.20446,0.00314163,0.000271534,0.0376295,4.82774e-05,0.0018094,0.234759,0.096357,0.096357,0.391584,0.471947,0.221844,0.256227,0.0141375,0.184275,0.087708,0.087708,0.087708,0.0118688,0.110299,0.0198325,0.000986409,0.325188,0.183654,0.000233416,0.073906,0.210043,0.272295,0.209162,0.242534,0.409749,0.409749,0.096357,0.096357,0.023597,0.409749,0.36503,0.0539233,0.796947,0.121864,0.121864,
1.795,0.00367974,0.000521289,0.0137382,0.080535,0.00579592,0.118173,0.190555,0.190555,0.656672,0.517188,0.16527,0.270323,0.625541,0.229715,0.146124,0.146124,0.146124,0.0532717,0.753897,0.000301405,0.0262645,0.757174,0.257328,0.220835,0.221284,0.221413,0.417035,0.253371,0.86306,0.508766,0.508766,0.190555,0.190555,0.643085,0.508766,0.711713,0.240874,0.495671,0.201189,0.201189,0.00148587,0.00111175,0.00391656,0.000314696,0.00180419,0.275625,0.097736,0.097736,0.373251,0.429533,0.317942,0.443245,0.0487819,0.187873,0.090285,0.090285,0.090285,0.0152401,0.104995,0.0174011,0.00272969,0.33936,0.176798,0.000308357,0.124468,0.272446,0.406344,0.202303,0.168229,0.415364,0.415364,0.097736,0.097736,0.0516011,0.415364,0.371415,0.0498842,0.484315,0.12547,0.12547,
1.8,0.00464002,0.00202681,0.033558,0.00551757,0.00480506,0.163306,0.180017,0.180017,0.929826,0.545843,0.150568,0.33954,0.365724,0.214145,0.154554,0.154554,0.154554,0.0561514,0.656978,0.000248684,0.018133,0.568062,0.245744,0.0365938,0.115545,0.185087,0.427872,0.222878,0.721492,0.526659,0.526659,0.180017,0.180017,0.922965,0.526659,0.72937,0.312394,0.881676,0.197274,0.197274,0.00185368,0.000190015,0.021605,2.84479e-05,0.00141261,0.237845,0.100662,0.100662,0.415086,0.496135,0.229184,0.296076,0.0128098,0.192933,0.092822,0.092822,0.092822,0.0127686,0.123901,0.0223398,0.000943896,0.361387,0.193339,0.000274005,0.0776413,0.211585,0.291968,0.222476,0.2456,0.414822,0.414822,0.100662,0.100662,0.0248092,0.414822,0.384235,0.061045,0.879079,0.129892,0.129892,
1.805,0.00377456,0.000230209,0.0103057,0.0960689,0.00627199,0.117031,0.170062,0.170062,0.619854,0.50805,0.177022,0.276915,0.712082,0.240133,0.164001,0.164001,0.164001,0.0584437,0.842859,0.000362984,0.0297592,0.856263,0.272978,0.261577,0.247567,0.237083,0.487966,0.267687,0.929503,0.542945,0.542945,0.170062,0.170062,0.627141,0.542945,0.730913,0.233922,0.439089,0.192701,0.192701,0.00144894,0.00128715,0.00042963,0.000372407,0.00186781,0.287387,0.10525,0.10525,0.378324,0.421809,0.366659,0.533951,0.0572416,0.195093,0.095316,0.095316,0.095316,0.0169553,0.114385,0.0187204,0.00319306,0.372197,0.180939,0.000360345,0.141889,0.29057,0.47171,0.209216,0.170657,0.408538,0.408538,0.10525,0.10525,0.0607164,0.408538,0.379631,0.0527855,0.425896,0.134967,0.134967,
1.81,0.00441096,0.00104955,0.0267897,0.00235135,0.00368794,0.16243,0.161057,0.161057,0.931136,0.541399,0.153904,0.346613,0.379389,0.214797,0.174261,0.174261,0.174261,0.0604897,0.703403,0.000281904,0.0191235,0.604638,0.250786,0.0312982,0.111474,0.185062,0.468379,0.223889,0.74081,0.556783,0.556783,0.161057,0.161057,0.936679,0.556783,0.751581,0.313193,0.877383,0.187571,0.187571,0.000935312,0.000146805,0.0100356,1.30831e-05,0.00110143,0.229901,0.111626,0.111626,0.421306,0.4986,0.234394,0.328204,0.011706,0.195498,0.097845,0.097845,0.097845,0.0135284,0.134393,0.0242594,0.000934846,0.38979,0.19704,0.000299654,0.081343,0.209074,0.30644,0.227363,0.244512,0.39765,0.39765,0.111626,0.111626,0.0259997,0.39765,0.392159,0.0635473,0.875987,0.140693,0.140693,
1.815,0.00454997,0.000250986,0.0113183,0.000924576,0.00301887,0.112518,0.153249,0.153249,0.653286,0.482291,0.144991,0.242509,0.429361,0.189508,0.184938,0.184938,0.184938,0.0691222,0.801365,0.000343307,0.0216031,0.688947,0.238951,0.0322136,0.124493,0.166489,0.501204,0.20794,0.838738,0.567253,0.567253,0.153249,0.153249,0.647405,0.567253,0.823744,0.233679,0.467891,0.182125,0.182125,0.000200614,0.000160711,0.000395219,5.28085e-06,0.000864671,0.160136,0.11987,0.11987,0.381243,0.441842,0.24173,0.382882,0.00882026,0.182085,0.100569,0.100569,0.100569,0.0153393,0.154105,0.0278006,0.00103283,0.445064,0.188591,0.000301806,0.0918657,0.190798,0.328247,0.213319,0.230681,0.383963,0.383963,0.11987,0.11987,0.0299983,0.383963,0.405257,0.0500489,0.467593,0.147235,0.147235,
1.82,0.00442126,0.000243779,0.00723706,0.054232,0.00511526,0.101762,0.146738,0.146738,0.528036,0.456055,0.164648,0.235408,0.626863,0.21167,0.195525,0.195525,0.195525,0.0693524,0.89929,0.000416136,0.0281044,0.84766,0.262299,0.16356,0.202346,0.20456,0.562821,0.239011,0.946145,0.573757,0.573757,0.146738,0.146738,0.547411,0.573757,0.792792,0.205569,0.306235,0.176567,0.176567,0.00092894,0.00079311,0.000401503,0.000216104,0.00140882,0.207049,0.129942,0.129942,0.367892,0.402723,0.340041,0.536727,0.0360304,0.188905,0.103764,0.103764,0.103764,0.0175482,0.146225,0.0252218,0.00235017,0.444157,0.184668,0.000370497,0.128189,0.242685,0.451257,0.211733,0.205337,0.369705,0.369705,0.129942,0.129942,0.0514255,0.369705,0.39582,0.049978,0.298809,0.154855,0.154855,
1.825,0.00491033,0.000255084,0.00737588,0.00176504,0.00338687,0.0963342,0.141461,0.141461,0.531947,0.432716,0.147721,0.210425,0.47859,0.183433,0.205319,0.205319,0.205319,0.0766208,0.892169,0.000402572,0.0240013,0.768165,0.243931,0.037693,0.136298,0.165849,0.563596,0.205812,0.91071,0.57632,0.57632,0.141461,0.141461,0.539929,0.57632,0.847238,0.200564,0.304487,0.170909,0.170909,0.000239498,0.000173163,0.000376639,2.59672e-05,0.000895962,0.133509,0.141596,0.141596,0.36928,0.410592,0.268521,0.447377,0.00944394,0.181589,0.107825,0.107825,0.107825,0.0169421,0.171146,0.0307825,0.00118446,0.493149,0.189371,0.000331934,0.102426,0.187215,0.367355,0.214993,0.241304,0.357352,0.357352,0.141596,0.141596,0.0339953,0.357352,0.415249,0.0471965,0.304186,0.163826,0.163826,
1.83,0.00495526,0.00039222,0.0101629,0.00131114,0.003548,0.107625,0.137302,0.137302,0.578351,0.431418,0.150566,0.235964,0.476346,0.188714,0.213474,0.213474,0.213474,0.0768951,0.895174,0.000417836,0.024053,0.770826,0.25036,0.036589,0.136304,0.171402,0.593952,0.209684,0.911347,0.575567,0.575567,0.137302,0.137302,0.602755,0.575567,0.82903,0.215565,0.37966,0.165032,0.165032,0.000369608,0.000165026,0.00204702,1.24743e-05,0.000851693,0.144476,0.154336,0.154336,0.376507,0.414754,0.280873,0.468646,0.00972901,0.186333,0.113234,0.113234,0.113234,0.0169601,0.171976,0.0309213,0.00117422,0.495032,0.192888,0.000354753,0.102487,0.190653,0.383585,0.219506,0.249261,0.349612,0.349612,0.154336,0.154336,0.0346675,0.349612,0.406073,0.0516709,0.379262,0.174315,0.174315,
1.835,0.00555863,0.00157279,0.0239185,0.00452513,0.00522504,0.142827,0.134121,0.134121,0.733358,0.443961,0.166598,0.308985,0.49834,0.213424,0.219214,0.219214,0.219214,0.0794694,0.931306,0.000431514,0.0252064,0.804496,0.275621,0.0448906,0.14553,0.19603,0.643777,0.230281,0.939555,0.572643,0.572643,0.134121,0.134121,0.781993,0.572643,0.805279,0.263253,0.613928,0.158854,0.158854,0.00150027,0.000187229,0.0160363,3.93692e-05,0.0012128,0.189821,0.167478,0.167478,0.413705,0.446223,0.31403,0.495841,0.013651,0.205378,0.1205,0.1205,0.1205,0.0176024,0.177304,0.0318053,0.00129999,0.511515,0.208492,0.000392413,0.108031,0.211934,0.416242,0.241821,0.288719,0.349127,0.349127,0.167478,0.167478,0.0359086,0.349127,0.412514,0.06274,0.612024,0.186316,0.186316,
1.84,0.00471276,0.00023608,0.00824527,0.0499141,0.00526673,0.110929,0.131779,0.131779,0.541043,0.417699,0.173049,0.260687,0.651994,0.217737,0.221908,0.221908,0.221908,0.0765886,0.978732,0.000475329,0.0298152,0.909855,0.278595,0.156138,0.20511,0.213295,0.649071,0.244113,1,0.568754,0.568754,0.131779,0.131779,0.593983,0.568754,0.785327,0.212339,0.347061,0.152462,0.152462,0.000898122,0.000738111,0.000349824,0.000211142,0.00132431,0.205218,0.180179,0.180179,0.379047,0.395306,0.368647,0.60042,0.0354216,0.198291,0.130038,0.130038,0.130038,0.0188381,0.163603,0.0283633,0.00236964,0.490999,0.194281,0.00042243,0.134912,0.244033,0.491911,0.224958,0.230259,0.357815,0.357815,0.180179,0.180179,0.0531791,0.357815,0.398138,0.0558256,0.340205,0.199547,0.199547,
1.845,0.0065361,0.00383055,0.0429662,0.00180347,0.00774583,0.16529,0.130192,0.130192,0.851777,0.489517,0.170473,0.336589,0.470656,0.223912,0.221134,0.221134,0.221134,0.0773039,0.897512,0.000368644,0.0241291,0.768551,0.27693,0.0359688,0.140936,0.202118,0.590384,0.237587,0.907486,0.564473,0.564473,0.130192,0.130192,0.87509,0.564473,0.81538,0.293765,0.76763,0.146147,0.146147,0.00348912,0.000128267,0.0425881,4.80546e-05,0.00190842,0.218664,0.191483,0.191483,0.437564,0.4845,0.305675,0.423024,0.0127607,0.211394,0.142049,0.142049,0.142049,0.0170934,0.172371,0.0310709,0.00119835,0.497508,0.213332,0.000350563,0.103234,0.219159,0.384242,0.251012,0.326225,0.376225,0.376225,0.191483,0.191483,0.0312693,0.376225,0.430893,0.0644275,0.764241,0.213449,0.213449,
1.85,0.0043635,0.000241099,0.00695526,0.0759788,0.00599396,0.112687,0.129336,0.129336,0.519617,0.459204,0.186575,0.268619,0.730206,0.233388,0.216752,0.216752,0.216752,0.0693975,0.950102,0.000515786,0.0308849,0.919072,0.294608,0.217153,0.230602,0.231747,0.695825,0.26457,0.964954,0.559516,0.559516,0.129336,0.129336,0.594262,0.559516,0.789886,0.214626,0.296426,0.140339,0.140339,0.00125812,0.00102942,0.000404911,0.000352633,0.00186312,0.241773,0.200523,0.200523,0.383176,0.40651,0.423276,0.694866,0.0502996,0.204855,0.156355,0.156355,0.156355,0.0184189,0.144295,0.0241544,0.00294706,0.44364,0.194023,0.000472843,0.143055,0.277091,0.571165,0.227905,0.198823,0.403363,0.403363,0.200523,0.200523,0.0664514,0.403363,0.417724,0.0595478,0.286061,0.227359,0.227359,
1.855,0.0142588,0.0209545,0.160959,0.0080712,0.0282019,0.229696,0.129218,0.129218,0.928845,0.579904,0.169425,0.329608,0.422321,0.23564,0.208893,0.208893,0.208893,0.0692689,0.796501,0.000260099,0.0221459,0.685279,0.270786,0.0385878,0.187019,0.221278,0.562934,0.254533,0.885112,0.553121,0.553121,0.129218,0.129218,0.892955,0.553121,0.837866,0.313991,0.843767,0.135478,0.135478,0.0190874,0.000107275,0.244015,3.02926e-05,0.00643595,0.29067,0.206534,0.206534,0.446839,0.513951,0.432118,0.343451,0.0128061,0.223032,0.172348,0.172348,0.172348,0.0161324,0.151942,0.0275213,0.00118055,0.442973,0.211445,0.000263887,0.0962446,0.24679,0.438961,0.258141,0.553904,0.436996,0.436996,0.206534,0.206534,0.0309198,0.436996,0.432343,0.0596122,0.826114,0.240543,0.240543,
1.86,0.00381561,0.000247815,0.00544413,0.0753115,0.00544671,0.107368,0.129945,0.129945,0.49279,0.50961,0.184539,0.250228,0.691709,0.22745,0.19799,0.19799,0.19799,0.0565609,0.812845,0.000510325,0.027036,0.795557,0.288457,0.209921,0.208374,0.220261,0.692316,0.260215,0.810303,0.544728,0.544728,0.129945,0.129945,0.57388,0.544728,0.800058,0.21166,0.232353,0.131857,0.131857,0.00124867,0.000995139,0.000473889,0.000421777,0.0022961,0.241383,0.208897,0.208897,0.375374,0.423743,0.419433,0.705461,0.051701,0.198988,0.189036,0.189036,0.189036,0.0157306,0.117039,0.0190007,0.0028119,0.360998,0.186836,0.000475719,0.125693,0.277094,0.582677,0.221959,0.157968,0.474207,0.474207,0.208897,0.208897,0.0694041,0.474207,0.44517,0.0592976,0.222106,0.252178,0.252178,
1.865,0.00475007,0.000287531,0.00512637,0.00276682,0.00317408,0.0948547,0.131731,0.131731,0.514707,0.522566,0.161073,0.200036,0.493831,0.188762,0.18473,0.18473,0.18473,0.0693638,0.828802,0.000448466,0.0221492,0.708048,0.255612,0.0371618,0.11618,0.162986,0.631395,0.21606,0.773325,0.53431,0.53431,0.131731,0.131731,0.538403,0.53431,0.945833,0.203438,0.209029,0.129622,0.129622,0.000282236,0.000124406,0.000492754,0.000149957,0.00164788,0.138204,0.207216,0.207216,0.388203,0.460465,0.297743,0.522169,0.0137509,0.186899,0.205159,0.205159,0.205159,0.0155444,0.156899,0.0278102,0.00121694,0.446677,0.193184,0.00037506,0.0937318,0.200026,0.427609,0.226868,0.214224,0.511976,0.511976,0.207216,0.207216,0.0428958,0.511976,0.499475,0.0511311,0.208646,0.26123,0.26123,
1.87,0.0101413,0.0128663,0.0923342,0.00369411,0.0178629,0.148897,0.134881,0.134881,0.569836,0.577033,0.16095,0.210645,0.435518,0.198288,0.169964,0.169964,0.169964,0.0585443,0.699941,0.000417918,0.0188674,0.59422,0.260993,0.0277894,0.144179,0.179037,0.68487,0.228905,0.720662,0.522258,0.522258,0.134881,0.134881,0.591953,0.522258,0.921008,0.226654,0.2826,0.128815,0.128815,0.0117212,8.26543e-05,0.148592,0.000135553,0.00496726,0.192889,0.201377,0.201377,0.391359,0.475173,0.414151,0.531022,0.0133653,0.200073,0.219486,0.219486,0.219486,0.013628,0.132544,0.0233889,0.00107431,0.374882,0.195012,0.000365669,0.0795861,0.222406,0.513972,0.234253,0.369733,0.547406,0.547406,0.201377,0.201377,0.0456116,0.547406,0.487088,0.0531175,0.272216,0.26647,0.26647,
1.875,0.00430228,0.000374771,0.00601351,0.00591634,0.00300243,0.109108,0.139726,0.139726,0.52369,0.550402,0.170676,0.231651,0.49212,0.196797,0.154674,0.154674,0.154674,0.0594331,0.73865,0.000547786,0.0197849,0.632554,0.276615,0.0405031,0.10765,0.170466,0.779842,0.22608,0.663544,0.509243,0.509243,0.139726,0.139726,0.620413,0.509243,0.922833,0.221522,0.219063,0.1294,0.1294,0.000450172,0.000144459,0.00161211,0.000211373,0.00197425,0.156266,0.191618,0.191618,0.392433,0.471703,0.361009,0.67297,0.0188783,0.196785,0.231009,0.231009,0.231009,0.0135775,0.136567,0.0236429,0.00123137,0.382659,0.1979,0.000485428,0.0828308,0.215506,0.538176,0.234692,0.186857,0.577501,0.577501,0.191618,0.191618,0.0541491,0.577501,0.508271,0.0629049,0.218166,0.266796,0.266796,
1.88,0.0044518,0.000813823,0.00927044,0.00870981,0.00353987,0.104349,0.146514,0.146514,0.547063,0.581372,0.16641,0.213489,0.479778,0.196742,0.139861,0.139861,0.139861,0.0573517,0.711461,0.000458551,0.0193473,0.61154,0.263934,0.0461827,0.109865,0.167438,0.657461,0.225101,0.660382,0.496176,0.496176,0.146514,0.146514,0.58985,0.496176,0.942659,0.221184,0.233051,0.131217,0.131217,0.000840288,0.000181409,0.00671435,0.000226296,0.00219345,0.163456,0.178549,0.178549,0.395426,0.488725,0.319521,0.56284,0.0188483,0.191542,0.238944,0.238944,0.238944,0.0133054,0.130292,0.0226544,0.00124293,0.368951,0.193958,0.000403895,0.0818512,0.216282,0.468168,0.229567,0.187231,0.599338,0.599338,0.178549,0.178549,0.0485444,0.599338,0.519969,0.0557931,0.231431,0.261641,0.261641,
1.885,0.00508143,0.00284693,0.0237946,0.0114782,0.00581106,0.113262,0.155364,0.155364,0.565733,0.599622,0.162303,0.214571,0.452758,0.197016,0.126362,0.126362,0.126362,0.0508886,0.639691,0.00042992,0.0176884,0.55331,0.259207,0.0489833,0.113863,0.168398,0.634559,0.225297,0.621364,0.483946,0.483946,0.155364,0.155364,0.60255,0.483946,0.915744,0.227669,0.261941,0.133901,0.133901,0.00271536,0.00021331,0.0307159,0.000222995,0.00272356,0.178811,0.163078,0.163078,0.389706,0.490504,0.328736,0.542629,0.0195639,0.190408,0.242752,0.242752,0.242752,0.0121148,0.115224,0.0199015,0.00120452,0.326809,0.190057,0.000387787,0.0750415,0.22068,0.468995,0.224425,0.199144,0.610799,0.610799,0.163078,0.163078,0.0482878,0.610799,0.5047,0.0551624,0.258329,0.25114,0.25114,
1.89,0.00695718,0.00722242,0.0536045,0.0359538,0.0119183,0.132895,0.166183,0.166183,0.565432,0.609554,0.169706,0.228163,0.517091,0.21164,0.114803,0.114803,0.114803,0.0486085,0.650772,0.000442552,0.0198895,0.597798,0.269402,0.105824,0.16012,0.192455,0.672002,0.24407,0.664696,0.473199,0.473199,0.166183,0.166183,0.609655,0.473199,0.88664,0.231436,0.268604,0.136879,0.136879,0.00702408,0.000484407,0.0822785,0.000276188,0.00395154,0.224665,0.146355,0.146355,0.387338,0.479923,0.410416,0.601656,0.0309415,0.198179,0.24222,0.24222,0.24222,0.0127346,0.105828,0.0177618,0.00174107,0.310482,0.188673,0.000410689,0.088394,0.250904,0.544999,0.225268,0.249257,0.611106,0.611106,0.146355,0.146355,0.0576519,0.611106,0.481766,0.056926,0.258243,0.236059,0.236059,
1.895,0.00564273,0.00593815,0.0454446,0.0296274,0.00955037,0.121654,0.178628,0.178628,0.561423,0.610349,0.150807,0.207893,0.421532,0.193723,0.105554,0.105554,0.105554,0.0347712,0.480446,0.000359928,0.0148899,0.441698,0.241087,0.0847671,0.130714,0.169959,0.556584,0.221993,0.524519,0.464309,0.464309,0.178628,0.178628,0.586601,0.464309,0.813235,0.226384,0.285496,0.139526,0.139526,0.00574901,0.000421874,0.0673922,0.000259032,0.00358755,0.213359,0.129702,0.129702,0.358386,0.467279,0.342552,0.50064,0.0268299,0.179408,0.237553,0.237553,0.237553,0.00951275,0.0757688,0.0124811,0.00138234,0.221632,0.171405,0.000347323,0.0657543,0.230766,0.465055,0.202008,0.193912,0.600778,0.600778,0.129702,0.129702,0.0500145,0.600778,0.449983,0.0513809,0.276955,0.217557,0.217557,
1.9,0.00557092,0.00694795,0.0528084,0.0292069,0.0103625,0.130233,0.192077,0.192077,0.546131,0.589435,0.144317,0.219673,0.37887,0.187173,0.098688,0.098688,0.098688,0.0253839,0.377956,0.000394857,0.0120875,0.353875,0.23866,0.0790044,0.123606,0.166347,0.618064,0.214831,0.437873,0.457469,0.457469,0.192077,0.192077,0.616052,0.457469,0.730692,0.228709,0.300092,0.141314,0.141314,0.00669309,0.000414224,0.079528,0.000243465,0.00374614,0.217582,0.114318,0.114318,0.336147,0.44142,0.371559,0.561225,0.0271276,0.175881,0.229393,0.229393,0.229393,0.00749022,0.0558503,0.00871293,0.00125105,0.161009,0.163934,0.000393809,0.0530282,0.227363,0.511096,0.192523,0.18278,0.581471,0.581471,0.114318,0.114318,0.0533114,0.581471,0.407859,0.0558963,0.29078,0.196875,0.196875,
1.905,0.00535509,0.00657896,0.0506585,0.0738234,0.0117034,0.127335,0.205667,0.205667,0.555027,0.592907,0.154268,0.227741,0.516079,0.210609,0.094027,0.094027,0.094027,0.0268209,0.457819,0.000339842,0.0176961,0.487062,0.244856,0.189525,0.191856,0.199533,0.515715,0.240871,0.570044,0.452771,0.452771,0.205667,0.205667,0.584689,0.452771,0.699216,0.226941,0.320391,0.141856,0.141856,0.00691983,0.000968043,0.0752563,0.000362132,0.00385859,0.274516,0.10117,0.10117,0.337921,0.431674,0.390375,0.536759,0.0472345,0.178924,0.218762,0.218762,0.218762,0.00961139,0.0498758,0.00705449,0.00228791,0.168319,0.160181,0.000354988,0.0849004,0.269417,0.508778,0.187115,0.170012,0.555749,0.555749,0.10117,0.10117,0.0607452,0.555749,0.383341,0.0511601,0.3053,0.175194,0.175194,
1.91,0.00347584,0.00401934,0.0341644,0.0426017,0.00685943,0.116567,0.218394,0.218394,0.546135,0.56638,0.129068,0.215755,0.347912,0.179256,0.091177,0.091177,0.091177,0.0134445,0.258446,0.000317235,0.0099911,0.272434,0.216274,0.108116,0.124635,0.15986,0.488528,0.202957,0.3754,0.450114,0.450114,0.218394,0.218394,0.600537,0.450114,0.613935,0.22475,0.345488,0.140921,0.140921,0.00419028,0.000614742,0.0454057,0.000253409,0.00287633,0.227666,0.090982,0.090982,0.303664,0.410718,0.313162,0.482167,0.031902,0.158921,0.206979,0.206979,0.206979,0.00540709,0.0261105,0.00320997,0.00135875,0.0837417,0.145675,0.000342445,0.0461796,0.223649,0.442087,0.165422,0.105317,0.526574,0.526574,0.090982,0.090982,0.0499142,0.526574,0.343372,0.0510391,0.336578,0.153594,0.153594,
1.915,0.00263072,0.00146962,0.0170205,0.106432,0.00670544,0.111537,0.229259,0.229259,0.554657,0.557396,0.155487,0.246511,0.598932,0.221137,0.089672,0.089672,0.089672,0.0237908,0.474677,0.000320126,0.0206463,0.551412,0.245099,0.271044,0.225625,0.216386,0.439907,0.249879,0.625881,0.449106,0.449106,0.229259,0.229259,0.58505,0.449106,0.604603,0.225476,0.362278,0.138425,0.138425,0.0027078,0.00140814,0.0154007,0.000437629,0.00254226,0.303343,0.084238,0.084238,0.322772,0.401398,0.36556,0.538849,0.0624446,0.173487,0.195525,0.195525,0.195525,0.0101309,0.0368579,0.0041915,0.00298968,0.148054,0.151592,0.000354867,0.102912,0.289985,0.48978,0.17199,0.0808699,0.4967,0.4967,0.084238,0.084238,0.0658242,0.4967,0.32929,0.0504421,0.346702,0.133199,0.133199,
1.92,0.00193114,0.00108377,0.0145576,0.0226244,0.00244981,0.101921,0.237473,0.237473,0.522679,0.514569,0.110865,0.204787,0.258473,0.158554,0.089071,0.089071,0.089071,0.0110723,0.19642,0.000306413,0.00688191,0.194554,0.198651,0.0593846,0.0922675,0.136784,0.459403,0.17754,0.340886,0.448903,0.448903,0.237473,0.237473,0.587276,0.448903,0.551321,0.216409,0.35143,0.134489,0.134489,0.00126618,0.00042627,0.0110425,0.000142666,0.00165875,0.187317,0.081215,0.081215,0.278927,0.380868,0.250394,0.438179,0.020786,0.146276,0.185665,0.185665,0.185665,0.00397932,0.0239906,0.00324009,0.000815698,0.0694661,0.138786,0.000329281,0.0295416,0.191147,0.382344,0.150249,0.0621997,0.46835,0.46835,0.081215,0.081215,0.040955,0.46835,0.298867,0.0490569,0.347498,0.115259,0.115259,
1.925,0.00210247,0.00142153,0.0160313,0.0300821,0.00319089,0.0984146,0.242507,0.242507,0.488279,0.491606,0.109158,0.197567,0.281876,0.158309,0.089008,0.089008,0.089008,0.0122818,0.219413,0.000310062,0.00810445,0.226647,0.197703,0.0780562,0.109383,0.141235,0.456889,0.178481,0.386951,0.448264,0.448264,0.242507,0.242507,0.55218,0.448264,0.529266,0.206439,0.3175,0.129461,0.129461,0.00167591,0.000530143,0.0150713,0.000139632,0.00164601,0.189468,0.082009,0.082009,0.268544,0.360495,0.262313,0.448786,0.0234034,0.144933,0.178278,0.178278,0.178278,0.00453647,0.0250674,0.00335174,0.000989558,0.0767603,0.136096,0.000329693,0.0361156,0.194895,0.391695,0.145318,0.0661365,0.443469,0.443469,0.082009,0.082009,0.0426094,0.443469,0.277192,0.0471631,0.31231,0.100964,0.100964,
1.93,0.00255507,0.00190715,0.0174355,0.0300248,0.00395677,0.0922258,0.244107,0.244107,0.431456,0.466954,0.107733,0.181595,0.300769,0.153961,0.089219,0.089219,0.089219,0.0168758,0.270134,0.000337132,0.00948844,0.272163,0.197468,0.0797163,0.118801,0.140533,0.486961,0.176394,0.439835,0.446045,0.446045,0.244107,0.244107,0.499066,0.446045,0.539784,0.190192,0.240507,0.123923,0.123923,0.0021266,0.000536088,0.0207406,0.000113757,0.00163164,0.175926,0.08659,0.08659,0.260004,0.341441,0.278697,0.47676,0.022469,0.144114,0.173911,0.173911,0.173911,0.00551652,0.0352279,0.00521104,0.00104002,0.106225,0.135643,0.000341518,0.0421528,0.191494,0.410141,0.143686,0.0811761,0.42374,0.42374,0.08659,0.08659,0.0440613,0.42374,0.269157,0.0453701,0.234997,0.091158,0.091158,
1.935,0.00185889,0.000218947,0.00777273,0.0407436,0.00248439,0.0952654,0.242269,0.242269,0.479026,0.46345,0.116104,0.207311,0.349274,0.16641,0.089579,0.089579,0.089579,0.0199463,0.322656,0.000334737,0.0116795,0.332481,0.207094,0.108322,0.131896,0.153881,0.473637,0.187405,0.484962,0.441491,0.441491,0.242269,0.242269,0.546498,0.441491,0.530179,0.202696,0.315161,0.118677,0.118677,0.000734202,0.00066859,0.000909071,0.000156755,0.00127289,0.195532,0.094834,0.094834,0.273636,0.348739,0.27571,0.479376,0.028445,0.149422,0.172723,0.172723,0.172723,0.00653522,0.0400004,0.00591662,0.00133881,0.125895,0.140112,0.000347544,0.0534902,0.204637,0.407164,0.14973,0.067579,0.410046,0.410046,0.094834,0.094834,0.0457179,0.410046,0.270717,0.0479299,0.309471,0.086177,0.086177,
1.94,0.00177941,0.000218436,0.0106423,0.0336804,0.00218031,0.108361,0.237229,0.237229,0.550377,0.462463,0.116092,0.235937,0.316468,0.168614,0.090071,0.090071,0.090071,0.019041,0.300547,0.00032749,0.0105564,0.303416,0.208646,0.0904967,0.118918,0.153791,0.479414,0.186,0.455542,0.434294,0.434294,0.237229,0.237229,0.628627,0.434294,0.503808,0.222756,0.430294,0.114647,0.114647,0.000645572,0.00057717,0.000992587,0.000129599,0.00116854,0.202614,0.10649,0.10649,0.281896,0.357645,0.267354,0.465521,0.0256308,0.151865,0.174488,0.174488,0.174488,0.00601753,0.0392179,0.00591037,0.00115438,0.120507,0.142703,0.000352489,0.04753,0.20049,0.396386,0.153644,0.0747911,0.402071,0.402071,0.10649,0.10649,0.0426168,0.402071,0.262635,0.052165,0.425482,0.0859,0.0859,
1.945,0.00189976,0.000290402,0.0106135,0.0337752,0.00235137,0.106305,0.229454,0.229454,0.533635,0.452502,0.116514,0.231633,0.325589,0.167703,0.090766,0.090766,0.090766,0.0209108,0.321921,0.000334982,0.0111286,0.322101,0.209078,0.0915358,0.121456,0.153923,0.487285,0.185584,0.472496,0.424562,0.424562,0.229454,0.229454,0.612649,0.424562,0.507515,0.217571,0.409022,0.112639,0.112639,0.000715591,0.000577248,0.00182807,0.00012947,0.00117173,0.198489,0.121087,0.121087,0.280325,0.352,0.27129,0.472479,0.0256056,0.151742,0.178647,0.178647,0.178647,0.00641195,0.0433627,0.00666151,0.00118368,0.13253,0.142822,0.000355114,0.0500795,0.199502,0.40045,0.154057,0.0797844,0.398648,0.398648,0.121087,0.121087,0.0429473,0.398648,0.263196,0.0516132,0.404156,0.089795,0.089795,
1.95,0.00197584,0.000169812,0.00906077,0.0282388,0.00210036,0.102228,0.219633,0.219633,0.511691,0.44045,0.115589,0.222958,0.320489,0.16301,0.091825,0.091825,0.091825,0.0233775,0.34168,0.000343616,0.0112163,0.331086,0.207138,0.0791148,0.114528,0.148725,0.49756,0.180978,0.475225,0.412742,0.412742,0.219633,0.219633,0.59159,0.412742,0.52007,0.210107,0.378329,0.113101,0.113101,0.000536565,0.000504688,0.000375052,0.000118405,0.00111407,0.18474,0.137833,0.137833,0.278405,0.347337,0.266828,0.47313,0.0229989,0.150069,0.184441,0.184441,0.184441,0.00669608,0.0499147,0.00793763,0.0010935,0.148705,0.142764,0.000355361,0.0496529,0.191791,0.396534,0.154785,0.08472,0.398077,0.398077,0.137833,0.137833,0.041773,0.398077,0.270126,0.0507797,0.37433,0.097002,0.097002,
1.955,0.00213932,0.000172733,0.00883247,0.0257321,0.00214843,0.101699,0.208611,0.208611,0.50549,0.433089,0.118491,0.222223,0.330543,0.163759,0.093489,0.093489,0.093489,0.026551,0.374904,0.00035487,0.0118768,0.355347,0.210735,0.0743761,0.113585,0.149391,0.512726,0.181855,0.493876,0.399501,0.399501,0.208611,0.208611,0.586994,0.399501,0.535955,0.208036,0.36818,0.116017,0.116017,0.000510105,0.000469236,0.000368919,0.000124662,0.00114655,0.179643,0.155613,0.155613,0.28331,0.348674,0.269741,0.4807,0.0222509,0.152154,0.191157,0.191157,0.191157,0.00725618,0.0575238,0.00934525,0.00109009,0.169265,0.145803,0.000360557,0.0521934,0.190704,0.400435,0.159608,0.0940047,0.398482,0.398482,0.155613,0.155613,0.0416398,0.398482,0.282333,0.0510481,0.364533,0.106442,0.106442,
1.96,0.00224794,0.00017309,0.00832896,0.0220232,0.00211795,0.0994017,0.197216,0.197216,0.487438,0.419581,0.120553,0.21735,0.334657,0.161794,0.096046,0.096046,0.096046,0.0288123,0.397175,0.000365151,0.0121188,0.367636,0.212104,0.0663031,0.108015,0.147093,0.527017,0.179775,0.492397,0.385662,0.385662,0.197216,0.197216,0.572632,0.385662,0.545622,0.202216,0.346159,0.120877,0.120877,0.000467595,0.00041167,0.000358974,0.000141585,0.00122515,0.170674,0.173033,0.173033,0.28444,0.345947,0.269958,0.486708,0.0212438,0.152099,0.198215,0.198215,0.198215,0.00756237,0.0634781,0.0104457,0.00105661,0.184012,0.146849,0.000364244,0.0527411,0.186478,0.402194,0.163139,0.100275,0.398227,0.398227,0.173033,0.173033,0.0412236,0.398227,0.296427,0.0508824,0.343032,0.116866,0.116866,
1.965,0.00241297,0.000174153,0.00800851,0.0195417,0.00218014,0.0981274,0.186154,0.186154,0.475448,0.405758,0.123223,0.215417,0.345783,0.161731,0.099724,0.099724,0.099724,0.0322565,0.433601,0.000376573,0.0128577,0.39457,0.215099,0.0617526,0.10707,0.147356,0.541893,0.179713,0.511909,0.372039,0.372039,0.186154,0.186154,0.562955,0.372039,0.55697,0.198118,0.332146,0.12678,0.12678,0.000441392,0.000374975,0.000346801,0.000150456,0.00125667,0.164162,0.18859,0.18859,0.287601,0.343622,0.272547,0.493957,0.0205469,0.153493,0.205128,0.205128,0.205128,0.00817183,0.071693,0.0119617,0.00105931,0.206312,0.14924,0.00036886,0.0556625,0.184362,0.405266,0.167501,0.110089,0.396162,0.396162,0.18859,0.18859,0.0409584,0.396162,0.307294,0.0508942,0.32937,0.126965,0.126965,
1.97,0.00255233,0.000174156,0.00747069,0.016559,0.00220869,0.096015,0.175944,0.175944,0.455423,0.388761,0.125697,0.211612,0.355128,0.160086,0.104558,0.104558,0.104558,0.0352687,0.465455,0.000391365,0.0134151,0.416467,0.217106,0.0558032,0.103396,0.145951,0.561705,0.178102,0.518322,0.35936,0.35936,0.175944,0.175944,0.548361,0.35936,0.565938,0.191677,0.308899,0.132691,0.132691,0.000410436,0.000325496,0.000333253,0.000165645,0.00131562,0.155343,0.201032,0.201032,0.288506,0.33874,0.276031,0.505627,0.019844,0.15373,0.211563,0.211563,0.211563,0.00866241,0.0791883,0.0133307,0.00105173,0.225888,0.150409,0.000376103,0.0577,0.18054,0.410757,0.171233,0.11822,0.391862,0.391862,0.201032,0.201032,0.0409505,0.391862,0.319466,0.0509512,0.306546,0.135644,0.135644,
1.975,0.00270672,0.000175517,0.00702539,0.0151724,0.00230112,0.0939945,0.166938,0.166938,0.440497,0.37602,0.128017,0.208077,0.368117,0.16013,0.110371,0.110371,0.110371,0.0384748,0.500515,0.00040079,0.0142096,0.443966,0.219704,0.053835,0.104382,0.146597,0.572553,0.178369,0.541098,0.348159,0.348159,0.166938,0.166938,0.533979,0.348159,0.576869,0.186774,0.289958,0.137695,0.137695,0.000397481,0.00030479,0.000323384,0.000174711,0.0013441,0.149596,0.209417,0.209417,0.290755,0.335757,0.278617,0.511633,0.0195132,0.154886,0.217305,0.217305,0.217305,0.00927081,0.0866262,0.0146946,0.001074,0.246585,0.152423,0.000378835,0.061034,0.179298,0.413379,0.174743,0.126685,0.38565,0.38565,0.209417,0.209417,0.0408645,0.38565,0.328668,0.050569,0.28781,0.142188,0.142188,
1.98,0.00283418,0.000303998,0.00747471,0.0136958,0.00247907,0.0931434,0.159351,0.159351,0.422794,0.361399,0.129015,0.206108,0.373698,0.15816,0.116851,0.116851,0.116851,0.040134,0.518728,0.000415753,0.0145452,0.457112,0.220418,0.0509115,0.102427,0.1454,0.593502,0.176586,0.541467,0.338475,0.338475,0.159351,0.159351,0.524015,0.338475,0.576412,0.181517,0.271503,0.141082,0.141082,0.000503969,0.000275777,0.00184366,0.000180742,0.00139009,0.143714,0.213102,0.213102,0.288574,0.328502,0.285522,0.527393,0.0192171,0.154437,0.222239,0.222239,0.222239,0.00954313,0.0908177,0.0154431,0.00107451,0.257378,0.152108,0.000388839,0.0622812,0.176278,0.422932,0.175975,0.132613,0.378321,0.378321,0.213102,0.213102,0.0414231,0.378321,0.331526,0.0509472,0.269467,0.146259,0.146259,
1.985,0.00334417,0.00144078,0.0149814,0.013741,0.00384721,0.0964832,0.153269,0.153269,0.410147,0.351588,0.128649,0.204813,0.372665,0.15722,0.123596,0.123596,0.123596,0.0400341,0.517638,0.000423782,0.0145132,0.456094,0.220881,0.0503711,0.105938,0.146357,0.611326,0.176119,0.543223,0.329871,0.329871,0.153269,0.153269,0.517439,0.329871,0.565906,0.17872,0.261735,0.142364,0.142364,0.00154463,0.000270499,0.0152543,0.000178715,0.0016624,0.144528,0.211763,0.211763,0.284569,0.32049,0.3009,0.54052,0.0192063,0.154813,0.22635,0.22635,0.22635,0.00953796,0.0906791,0.0154011,0.00107573,0.256541,0.151401,0.000395518,0.0621539,0.17639,0.437718,0.175848,0.148167,0.370926,0.370926,0.211763,0.211763,0.0421716,0.370926,0.325651,0.0511227,0.258808,0.147809,0.147809,
1.99,0.00323257,0.00131902,0.0138927,0.0163171,0.00378978,0.095881,0.148686,0.148686,0.393992,0.33822,0.128846,0.206336,0.380737,0.155991,0.130146,0.130146,0.130146,0.0395852,0.518606,0.000439478,0.0147085,0.460822,0.221033,0.056605,0.107331,0.146705,0.631004,0.175163,0.534528,0.321801,0.321801,0.148686,0.148686,0.513261,0.321801,0.549028,0.174813,0.249699,0.14129,0.14129,0.0014791,0.000294026,0.0138747,0.000188884,0.00163432,0.144314,0.205401,0.205401,0.278538,0.309657,0.310731,0.564197,0.0207497,0.153507,0.229693,0.229693,0.229693,0.00952336,0.0895083,0.0150957,0.00113827,0.253624,0.149062,0.000410763,0.0633387,0.176317,0.452803,0.173936,0.143648,0.36456,0.36456,0.205401,0.205401,0.0440301,0.36456,0.317793,0.0520368,0.246518,0.146992,0.146992,
1.995,0.00364805,0.00220012,0.0198579,0.0235605,0.00516035,0.0998472,0.145517,0.145517,0.389647,0.332954,0.131862,0.210538,0.406538,0.160488,0.13606,0.13606,0.13606,0.0402349,0.537331,0.000446561,0.0157568,0.487206,0.225057,0.0742381,0.121337,0.154255,0.64306,0.180653,0.558512,0.313891,0.313891,0.145517,0.145517,0.512039,0.313891,0.539945,0.174314,0.249337,0.137875,0.137875,0.00238035,0.000376021,0.0242693,0.000208942,0.00189203,0.155525,0.194356,0.194356,0.278334,0.304041,0.332172,0.583056,0.0242666,0.155937,0.232396,0.232396,0.232396,0.00996728,0.0896776,0.0149968,0.00131855,0.257374,0.149293,0.000418974,0.0690601,0.184649,0.47325,0.175062,0.156193,0.359936,0.359936,0.194356,0.194356,0.046653,0.359936,0.312256,0.0525091,0.244485,0.144127,0.144127,
2,0.00380363,0.00280313,0.0239482,0.0287593,0.00600965,0.103008,0.143618,0.143618,0.382097,0.327289,0.131635,0.214353,0.413707,0.160669,0.140906,0.140906,0.140906,0.038341,0.524831,0.000455531,0.0158188,0.484298,0.224602,0.0858833,0.127192,0.156677,0.658586,0.181414,0.545522,0.306114,0.306114,0.143618,0.143618,0.51441,0.306114,0.517383,0.173118,0.248384,0.132433,0.132433,0.00300542,0.000428694,0.031431,0.000218277,0.0020447,0.162819,0.179359,0.179359,0.2716,0.294296,0.349378,0.604926,0.0267895,0.15497,0.234573,0.234573,0.234573,0.00977794,0.0847345,0.0139776,0.00141543,0.244945,0.145986,0.000431426,0.0700661,0.187937,0.492864,0.171955,0.157941,0.357199,0.357199,0.179359,0.179359,0.0491127,0.357199,0.298845,0.053488,0.242347,0.139625,0.139625,
2.005,0.00325802,0.0019085,0.0179485,0.03832,0.00522979,0.0994303,0.142829,0.142829,0.380617,0.327091,0.132226,0.216035,0.4351,0.162984,0.144316,0.144316,0.144316,0.0364646,0.518975,0.000443505,0.0163847,0.492959,0.222738,0.109062,0.134834,0.160073,0.632625,0.18375,0.540816,0.298735,0.298735,0.142829,0.142829,0.509148,0.298735,0.499154,0.171659,0.251639,0.125562,0.125562,0.00231496,0.000542806,0.0209565,0.00025161,0.00188909,0.172448,0.161498,0.161498,0.267375,0.289617,0.344932,0.600561,0.0314055,0.152449,0.236216,0.236216,0.236216,0.0097431,0.0788079,0.0127433,0.00161494,0.232631,0.14208,0.000425526,0.0740551,0.193898,0.487905,0.167467,0.137091,0.356062,0.356062,0.161498,0.161498,0.0508308,0.356062,0.290879,0.0527885,0.244995,0.133899,0.133899,
2.01,0.00334747,0.00306386,0.025989,0.0450803,0.00654126,0.104655,0.143048,0.143048,0.372035,0.327411,0.128041,0.218733,0.41838,0.16078,0.146036,0.146036,0.146036,0.0283073,0.438526,0.000440879,0.0147458,0.433314,0.217936,0.12145,0.138051,0.160216,0.637928,0.181799,0.477923,0.292072,0.292072,0.143048,0.143048,0.514898,0.292072,0.44555,0.17202,0.257011,0.118139,0.118139,0.00346215,0.000615727,0.0347137,0.000267908,0.00221923,0.185692,0.142144,0.142144,0.251554,0.275801,0.363254,0.6189,0.0346611,0.148503,0.237206,0.237206,0.237206,0.00830759,0.0598074,0.00911227,0.00166333,0.179624,0.134145,0.00043539,0.0677779,0.197697,0.509675,0.158306,0.128826,0.356081,0.356081,0.142144,0.142144,0.0536357,0.356081,0.264298,0.053701,0.248524,0.127371,0.127371,
2.015,0.00172665,0.000327898,0.00749742,0.0510002,0.00321988,0.0939274,0.144156,0.144156,0.368332,0.330946,0.124336,0.217796,0.411599,0.158606,0.145957,0.145957,0.145957,0.0220082,0.379065,0.000425041,0.0135824,0.390801,0.212106,0.134671,0.13184,0.15638,0.597035,0.178406,0.428352,0.286446,0.286446,0.144156,0.144156,0.512686,0.286446,0.411709,0.171522,0.259053,0.111189,0.111189,0.00104917,0.000704928,0.0026207,0.000296205,0.0015942,0.187222,0.122747,0.122747,0.241711,0.271948,0.333435,0.606622,0.0377455,0.142112,0.237439,0.237439,0.237439,0.00715436,0.0448975,0.00626632,0.00172063,0.139136,0.127908,0.000429974,0.063478,0.197863,0.487922,0.148627,0.0695811,0.35698,0.35698,0.122747,0.122747,0.0540546,0.35698,0.251648,0.0530848,0.251885,0.120467,0.120467,
2.02,0.00150035,0.00047873,0.00864132,0.058102,0.00347662,0.0972005,0.145921,0.145921,0.35885,0.324615,0.124248,0.226152,0.415684,0.159227,0.144187,0.144187,0.144187,0.0170523,0.337821,0.000444476,0.0129834,0.365516,0.213359,0.149873,0.13606,0.159384,0.625187,0.179434,0.390087,0.282192,0.282192,0.145921,0.145921,0.525434,0.282192,0.370223,0.172321,0.261837,0.105612,0.105612,0.00129587,0.000783876,0.00452342,0.000320903,0.00168146,0.197809,0.10447,0.10447,0.231768,0.259636,0.354322,0.647699,0.0417459,0.141033,0.236916,0.236916,0.236916,0.00637811,0.033162,0.00391245,0.00183192,0.106929,0.123607,0.000457305,0.0617278,0.203322,0.519353,0.144047,0.055749,0.358577,0.358577,0.10447,0.10447,0.0581092,0.358577,0.233087,0.0555645,0.25357,0.113513,0.113513,
2.025,0.00223811,0.00245041,0.0222369,0.0620218,0.00585134,0.105268,0.148048,0.148048,0.359917,0.328575,0.122131,0.227954,0.407782,0.159234,0.14108,0.14108,0.14108,0.0136646,0.303915,0.000439484,0.0124127,0.342227,0.211021,0.156947,0.143604,0.161766,0.631833,0.180181,0.371665,0.279714,0.279714,0.148048,0.148048,0.529751,0.279714,0.347253,0.173688,0.269871,0.101962,0.101962,0.0031415,0.000820924,0.0277888,0.000316842,0.00216032,0.209348,0.08814,0.08814,0.224801,0.253109,0.376582,0.655188,0.0431537,0.140514,0.235706,0.235706,0.235706,0.0058666,0.0249127,0.00235141,0.00186727,0.0846708,0.120044,0.000458453,0.0598201,0.207263,0.537451,0.140339,0.0739166,0.360605,0.360605,0.08814,0.08814,0.0596309,0.360605,0.216806,0.0558022,0.259518,0.106663,0.106663,
2.03,0.00317699,0.00487393,0.0386082,0.0609943,0.00853955,0.11345,0.150171,0.150171,0.356966,0.339218,0.117936,0.224015,0.380773,0.155907,0.137114,0.137114,0.137114,0.00947402,0.252911,0.000432778,0.0110159,0.296976,0.206103,0.151263,0.144073,0.159499,0.640891,0.177727,0.334561,0.279485,0.279485,0.150171,0.150171,0.528639,0.279485,0.333867,0.17403,0.265965,0.100432,0.100432,0.00533025,0.000795393,0.0563421,0.000297677,0.00274295,0.214805,0.074253,0.074253,0.2169,0.249696,0.396409,0.656851,0.0420582,0.138977,0.233913,0.233913,0.233913,0.00500637,0.0158014,0.000713755,0.00177518,0.0573812,0.116112,0.000455961,0.0535064,0.206578,0.552649,0.136212,0.0968988,0.362721,0.362721,0.074253,0.074253,0.060071,0.362721,0.204886,0.0556001,0.253854,0.099896,0.099896,
2.035,0.0023351,0.00322394,0.0274478,0.0633141,0.00657809,0.107619,0.151943,0.151943,0.361682,0.346704,0.116655,0.224553,0.3817,0.15515,0.132775,0.132775,0.132775,0.00798934,0.240297,0.000426349,0.0108677,0.290232,0.203066,0.157206,0.14021,0.157195,0.620834,0.176572,0.318742,0.281944,0.281944,0.151943,0.151943,0.530929,0.281944,0.331839,0.174661,0.26843,0.100923,0.100923,0.00385658,0.000829612,0.0369264,0.000301291,0.00232482,0.213942,0.062969,0.062969,0.2152,0.252076,0.379154,0.649236,0.0430938,0.136098,0.231732,0.231732,0.231732,0.00475761,0.0120753,0,0.00180571,0.0480265,0.113808,0.000452712,0.0531533,0.20589,0.538875,0.132348,0.0681782,0.364582,0.364582,0.062969,0.062969,0.060149,0.364582,0.202176,0.0554272,0.257288,0.093087,0.093087,
2.04,0.00112911,0.000677486,0.0100624,0.0581085,0.0032984,0.0986133,0.153115,0.153115,0.357821,0.341505,0.114052,0.224781,0.366586,0.15009,0.128495,0.128495,0.128495,0.00760507,0.230298,0.000437699,0.0101886,0.27531,0.200125,0.145613,0.124366,0.149257,0.622067,0.170297,0.293587,0.287216,0.287216,0.153115,0.153115,0.535799,0.287216,0.330236,0.173551,0.263601,0.103049,0.103049,0.00147817,0.000777948,0.00696549,0.000285036,0.00161369,0.199103,0.05419,0.05419,0.212344,0.251204,0.353127,0.652352,0.0408723,0.132427,0.229424,0.229424,0.229424,0.00440017,0.0123844,0.000107073,0.00168168,0.0462078,0.112647,0.000462275,0.0492297,0.196687,0.52351,0.129391,0.0313841,0.366057,0.366057,0.05419,0.05419,0.0589769,0.366057,0.201201,0.0563098,0.255153,0.086105,0.086105,
2.045,0.00104587,0.000480935,0.00875255,0.0590664,0.00308662,0.0977124,0.153542,0.153542,0.364268,0.350712,0.114016,0.223825,0.368104,0.151224,0.12456,0.12456,0.12456,0.00746284,0.229249,0.0004296,0.0102541,0.275968,0.199771,0.148,0.12574,0.149788,0.608878,0.17157,0.298521,0.294921,0.294921,0.153542,0.153542,0.535595,0.294921,0.338119,0.175053,0.265764,0.106129,0.106129,0.00130568,0.000794426,0.00462441,0.000283926,0.00156824,0.200977,0.047671,0.047671,0.214521,0.256322,0.348106,0.64259,0.0410937,0.13265,0.227153,0.227153,0.227153,0.00442,0.0117483,0,0.00169642,0.0452625,0.113083,0.000455141,0.0496731,0.198311,0.516745,0.129194,0.0279282,0.367414,0.367414,0.047671,0.047671,0.0587141,0.367414,0.203327,0.0557472,0.257342,0.078885,0.078885,
2.05,0.000865298,0.000114785,0.00618761,0.0554705,0.00248296,0.0964713,0.153161,0.153161,0.363424,0.352325,0.111991,0.222969,0.3543,0.148204,0.121158,0.121158,0.121158,0.00701115,0.218704,0.00043471,0.00971208,0.262468,0.197633,0.13916,0.118769,0.145663,0.61534,0.168362,0.283705,0.304053,0.304053,0.153161,0.153161,0.53841,0.304053,0.340053,0.174989,0.262413,0.10931,0.10931,0.000927203,0.000752152,0.000306649,0.000265099,0.0014192,0.194804,0.043108,0.043108,0.212672,0.25647,0.342966,0.644871,0.0392471,0.131241,0.224948,0.224948,0.224948,0.00417332,0.0114606,0,0.00160231,0.0426047,0.112365,0.000459167,0.0466718,0.1936,0.514613,0.127768,0.0220899,0.369268,0.369268,0.043108,0.043108,0.0581389,0.369268,0.201418,0.0561611,0.254764,0.071485,0.071485,
2.055,0.000900261,0.000164137,0.00653984,0.0533144,0.00243766,0.0968313,0.15192,0.15192,0.370091,0.362082,0.110763,0.221934,0.344721,0.147487,0.118368,0.118368,0.118368,0.00674398,0.211245,0.000431607,0.00937963,0.25352,0.196472,0.133702,0.116221,0.14394,0.6124,0.167762,0.280543,0.313259,0.313259,0.15192,0.15192,0.541817,0.313259,0.34944,0.176927,0.264065,0.11178,0.11178,0.000939444,0.000729661,0.000853164,0.000248306,0.00139251,0.193254,0.040174,0.040174,0.21404,0.261535,0.339595,0.638887,0.0378825,0.131276,0.222694,0.222694,0.222694,0.00404692,0.0111559,0,0.00153967,0.0409742,0.112821,0.000455961,0.0448504,0.192239,0.510602,0.12748,0.0226675,0.372125,0.372125,0.040174,0.040174,0.0574917,0.372125,0.202268,0.0560535,0.256672,0.064103,0.064103,
2.06,0.000866314,0.000120545,0.0060242,0.0470565,0.00210167,0.0957839,0.149758,0.149758,0.36627,0.365154,0.107176,0.217759,0.319941,0.142453,0.116115,0.116115,0.116115,0.00596341,0.192185,0.000434925,0.00841868,0.228982,0.19262,0.117993,0.106273,0.137398,0.619176,0.162572,0.259248,0.321292,0.321292,0.149758,0.149758,0.540565,0.321292,0.353989,0.175988,0.254828,0.112887,0.112887,0.000817856,0.000655421,0.000322037,0.00021768,0.00129964,0.183719,0.038558,0.038558,0.210905,0.261812,0.333349,0.636806,0.0345637,0.1292,0.2201,0.2201,0.2201,0.00363483,0.0105825,0,0.00137536,0.0362478,0.111756,0.000457099,0.0396052,0.184803,0.506313,0.125423,0.0208989,0.375858,0.375858,0.038558,0.038558,0.0561736,0.375858,0.200258,0.0560821,0.248322,0.057069,0.057069,
2.065,0.000890135,0.00012414,0.006032,0.0479936,0.00213912,0.09587,0.146707,0.146707,0.371886,0.374259,0.107153,0.21744,0.32209,0.143246,0.114218,0.114218,0.114218,0.00607596,0.193959,0.000430762,0.00856452,0.232298,0.192088,0.120348,0.107805,0.137822,0.612965,0.163726,0.263027,0.327299,0.327299,0.146707,0.146707,0.541432,0.327299,0.36283,0.177199,0.255465,0.112188,0.112188,0.000828874,0.000667198,0.000331641,0.000212652,0.00128971,0.18556,0.037989,0.037989,0.212568,0.265965,0.332584,0.63241,0.0347308,0.12938,0.216795,0.216795,0.216795,0.00371105,0.0105525,0,0.00139207,0.0369658,0.111858,0.000453289,0.0403811,0.186093,0.504129,0.125171,0.0209596,0.379554,0.379554,0.037989,0.037989,0.0562877,0.379554,0.201274,0.055825,0.248831,0.050747,0.050747,
2.07,0.000893753,0.000149341,0.00591721,0.0435181,0.00196524,0.0944098,0.142912,0.142912,0.365705,0.376143,0.103892,0.212262,0.303376,0.138753,0.112432,0.112432,0.112432,0.00551549,0.17984,0.000430591,0.00787193,0.214462,0.187961,0.109088,0.100614,0.132302,0.614107,0.159215,0.246953,0.330866,0.330866,0.142912,0.142912,0.535211,0.330866,0.366527,0.175072,0.243665,0.109477,0.109477,0.000791933,0.00061302,0.000612412,0.000188429,0.00122878,0.177721,0.038239,0.038239,0.208989,0.264991,0.327032,0.627569,0.0322087,0.127064,0.212401,0.212401,0.212401,0.00341822,0.010092,0,0.0012722,0.0335733,0.110297,0.000451051,0.0366269,0.17991,0.498803,0.122761,0.020144,0.381994,0.381994,0.038239,0.038239,0.0551705,0.381994,0.198903,0.0553879,0.237624,0.045415,0.045415,
2.075,0.000881151,0.00012805,0.0057411,0.0399377,0.00177555,0.0933663,0.138541,0.138541,0.368048,0.381167,0.101174,0.208389,0.287085,0.135523,0.110479,0.110479,0.110479,0.00506667,0.167784,0.000421893,0.0073051,0.199411,0.183732,0.100099,0.0943483,0.127736,0.603617,0.155691,0.233451,0.33195,0.33195,0.138541,0.138541,0.532674,0.33195,0.371843,0.174633,0.242592,0.104773,0.104773,0.000720409,0.00056904,0.000342086,0.00016961,0.00117616,0.172556,0.039118,0.039118,0.207524,0.267033,0.317749,0.612553,0.0301132,0.124956,0.206614,0.206614,0.206614,0.00318534,0.0096106,0,0.00117378,0.0308735,0.108985,0.000441929,0.0336186,0.174944,0.486942,0.120837,0.0194385,0.382181,0.382181,0.039118,0.039118,0.0536144,0.382181,0.198639,0.0546517,0.237054,0.041198,0.041198,
2.08,0.000879276,0.00012867,0.00548244,0.0378103,0.001681,0.0913124,0.133828,0.133828,0.360818,0.380096,0.0984412,0.20289,0.276532,0.131913,0.108143,0.108143,0.108143,0.00486348,0.160969,0.000416206,0.0069841,0.191041,0.179333,0.0947892,0.0904872,0.123679,0.595648,0.152029,0.224623,0.33072,0.33072,0.133828,0.133828,0.52205,0.33072,0.372518,0.171398,0.231741,0.09827,0.09827,0.000690376,0.000541788,0.000343475,0.000154952,0.00112804,0.1671,0.040476,0.040476,0.203614,0.26428,0.31151,0.602554,0.0286885,0.12231,0.19932,0.19932,0.19932,0.00305798,0.00943949,2.69958e-05,0.00111375,0.0296876,0.106843,0.000434775,0.0319198,0.170306,0.478505,0.118066,0.0187087,0.379433,0.379433,0.040476,0.040476,0.0525941,0.379433,0.195534,0.0536683,0.226496,0.038101,0.038101,
2.085,0.000870551,0.000128686,0.00554805,0.0361017,0.00159943,0.0900325,0.129073,0.129073,0.362751,0.380563,0.0956406,0.19908,0.265142,0.12909,0.105304,0.105304,0.105304,0.0045966,0.153198,0.000401597,0.00667727,0.182348,0.174361,0.0904705,0.0871205,0.120198,0.576175,0.148736,0.217399,0.327339,0.327339,0.129073,0.129073,0.516452,0.327339,0.371307,0.170063,0.234379,0.090286,0.090286,0.000661722,0.000520232,0.000343717,0.000141117,0.00107967,0.163968,0.042184,0.042184,0.200944,0.263351,0.301211,0.581613,0.0273849,0.119638,0.190529,0.190529,0.190529,0.00293314,0.00892157,6.83466e-06,0.00105925,0.028071,0.104712,0.000420713,0.0304073,0.166181,0.462957,0.115296,0.01857,0.373415,0.373415,0.042184,0.042184,0.0509126,0.373415,0.191984,0.0524259,0.229363,0.036047,0.036047,
2.09,0.000845738,0.000125966,0.00529892,0.0338471,0.00149911,0.0870712,0.124596,0.124596,0.3509,0.371296,0.0921594,0.191973,0.252759,0.124083,0.101943,0.101943,0.101943,0.00430581,0.145064,0.000390403,0.00629803,0.172295,0.168091,0.0848166,0.0820997,0.115015,0.560657,0.143207,0.204034,0.321949,0.321949,0.124596,0.124596,0.500259,0.321949,0.363257,0.164567,0.223782,0.081301,0.081301,0.000627302,0.000488225,0.000336467,0.000131727,0.00103848,0.157069,0.044102,0.044102,0.194388,0.256111,0.291271,0.564187,0.0259571,0.115455,0.180361,0.180361,0.180361,0.00276806,0.00855172,5.25679e-06,0.000997349,0.0263249,0.101136,0.000408346,0.0285124,0.159613,0.448613,0.111398,0.0176662,0.364056,0.364056,0.044102,0.044102,0.0492442,0.364056,0.186942,0.0508658,0.219077,0.034902,0.034902,
2.095,0.000829346,0.000123118,0.00538058,0.0339521,0.00150298,0.0853168,0.120696,0.120696,0.349175,0.364544,0.0901259,0.188145,0.248585,0.121978,0.098158,0.098158,0.098158,0.00430332,0.143367,0.000372851,0.0062716,0.170895,0.163537,0.0850777,0.0813145,0.112993,0.536084,0.140423,0.202133,0.314918,0.314918,0.120696,0.120696,0.490319,0.314918,0.35499,0.161745,0.227188,0.071988,0.071988,0.000620716,0.000487129,0.000328911,0.000131518,0.00102183,0.155606,0.046083,0.046083,0.190963,0.251797,0.281123,0.540984,0.0256918,0.11263,0.169091,0.169091,0.169091,0.00276094,0.00828572,0,0.000993629,0.02631,0.098639,0.000391785,0.0285729,0.156674,0.431757,0.108742,0.0178531,0.351519,0.351519,0.046083,0.046083,0.0476427,0.351519,0.183007,0.049268,0.222466,0.03452,0.03452,
2.1,0.000837766,0.000220163,0.00591851,0.0310916,0.00149879,0.0825728,0.117659,0.117659,0.336855,0.350398,0.0859075,0.18081,0.232565,0.116146,0.09414,0.09414,0.09414,0.00394207,0.133065,0.000358296,0.00578723,0.158041,0.156241,0.0778438,0.0756166,0.107189,0.517029,0.133714,0.187486,0.307062,0.307062,0.117659,0.117659,0.473364,0.307062,0.340717,0.155703,0.220399,0.063144,0.063144,0.000669264,0.000447593,0.00151608,0.00012033,0.00099248,0.147983,0.047975,0.047975,0.182961,0.241977,0.269442,0.51869,0.0239309,0.107797,0.157164,0.157164,0.157164,0.00255084,0.00782191,0,0.000915385,0.0241081,0.0944756,0.000376476,0.0261693,0.148776,0.41404,0.104246,0.0186526,0.336445,0.336445,0.047975,0.047975,0.0454019,0.336445,0.175398,0.0474697,0.215988,0.034777,0.034777,
2.105,0.000752921,0.000114509,0.00530231,0.0258595,0.00114633,0.0799546,0.115797,0.115797,0.333327,0.341043,0.0812578,0.174464,0.207974,0.110489,0.090117,0.090117,0.090117,0.00335776,0.116213,0.000340792,0.00495374,0.136183,0.149414,0.0647618,0.0669637,0.100553,0.494098,0.126789,0.172177,0.299466,0.299466,0.115797,0.115797,0.463655,0.299466,0.330439,0.15257,0.222842,0.055527,0.055527,0.000499649,0.000386844,0.000305665,0.000100601,0.000896076,0.139067,0.049653,0.049653,0.177462,0.236911,0.251666,0.489722,0.0209993,0.103696,0.145146,0.145146,0.145146,0.00220041,0.00722856,2.5005e-05,0.000775782,0.0205482,0.0917462,0.000358865,0.0218546,0.139994,0.390436,0.10061,0.0171492,0.320131,0.320131,0.049653,0.049653,0.0422235,0.320131,0.169921,0.0458016,0.219218,0.035604,0.035604,
2.11,0.000718515,0.000109509,0.00518503,0.0249223,0.0011018,0.0769864,0.115455,0.115455,0.32235,0.327338,0.0779744,0.168027,0.199273,0.106418,0.08635,0.08635,0.08635,0.0031787,0.11095,0.000324997,0.00474858,0.130328,0.143556,0.0623823,0.0647551,0.0969011,0.471447,0.121937,0.167312,0.293066,0.293066,0.115455,0.115455,0.446566,0.293066,0.315897,0.147114,0.217876,0.049805,0.049805,0.000479754,0.000374391,0.000292554,9.64101e-05,0.000857499,0.134227,0.050993,0.050993,0.170719,0.227761,0.24059,0.467471,0.0201769,0.0997228,0.133753,0.133753,0.133753,0.00210678,0.00678157,0,0.00074519,0.0194157,0.0882748,0.000342936,0.0209782,0.134727,0.373129,0.0966537,0.0165665,0.304348,0.304348,0.050993,0.050993,0.0403394,0.304348,0.162561,0.0439076,0.214381,0.036969,0.036969,
2.115,0.000689063,0.000105308,0.00521461,0.0232344,0.00102668,0.0754173,0.116947,0.116947,0.316958,0.316751,0.075495,0.164514,0.18951,0.103535,0.083048,0.083048,0.083048,0.00297265,0.10475,0.000314725,0.00445782,0.122582,0.139916,0.0581315,0.0622529,0.0942014,0.457388,0.118294,0.163964,0.288342,0.288342,0.116947,0.116947,0.438122,0.288342,0.303936,0.144288,0.218867,0.046542,0.046542,0.000452322,0.000355995,0.000281331,8.99554e-05,0.000818908,0.130309,0.051867,0.051867,0.166383,0.22161,0.232126,0.451851,0.0191333,0.0973208,0.123729,0.123729,0.123729,0.00198098,0.0064761,0,0.000698141,0.0181198,0.0863927,0.000332807,0.0195539,0.130559,0.360718,0.0942716,0.0165205,0.291011,0.291011,0.051867,0.051867,0.0387194,0.291011,0.156843,0.0427969,0.215601,0.038869,0.038869,
2.12,0.000671382,0.000103781,0.00511189,0.0206363,0.000910947,0.072634,0.120475,0.120475,0.31124,0.311587,0.0722193,0.157343,0.17567,0.0998699,0.080302,0.080302,0.080302,0.00265563,0.0951253,0.000297619,0.00401834,0.110573,0.134702,0.0515918,0.0583818,0.0900399,0.433597,0.113967,0.158809,0.285376,0.285376,0.120475,0.120475,0.423871,0.285376,0.299395,0.140812,0.214268,0.046163,0.046163,0.000410391,0.000327725,0.000277251,7.97098e-05,0.000783113,0.124755,0.052172,0.052172,0.162431,0.21829,0.218724,0.42627,0.0174559,0.0942792,0.115697,0.115697,0.115697,0.00180519,0.00599005,0,0.000625097,0.0161376,0.0843015,0.000315268,0.0173615,0.125382,0.341406,0.0913797,0.0160405,0.281844,0.281844,0.052172,0.052172,0.036449,0.281844,0.153966,0.0409005,0.211357,0.041301,0.041301,
2.125,0.000658638,0.000102138,0.00497878,0.019447,0.000857832,0.0712675,0.126116,0.126116,0.304654,0.306202,0.0708764,0.154159,0.170248,0.0983584,0.078104,0.078104,0.078104,0.00251549,0.0912008,0.000294696,0.00382364,0.105517,0.133452,0.0485918,0.0575266,0.0887098,0.428881,0.112245,0.160215,0.284075,0.284075,0.126116,0.126116,0.416286,0.284075,0.294633,0.138815,0.208599,0.048894,0.048894,0.000392911,0.000318264,0.000272864,7.5062e-05,0.000761752,0.121829,0.051874,0.051874,0.160114,0.215057,0.215074,0.420804,0.0167424,0.0934185,0.110135,0.110135,0.110135,0.00172424,0.00582907,0,0.000593109,0.0152221,0.0838295,0.00031156,0.0163577,0.123461,0.336772,0.0903227,0.0155978,0.278174,0.278174,0.051874,0.051874,0.0357148,0.278174,0.151368,0.04025,0.205854,0.044268,0.044268,
2.13,0.000689315,0.000106166,0.00466939,0.0193026,0.000857979,0.0683895,0.133709,0.133709,0.300702,0.312803,0.0699966,0.146655,0.169306,0.0980966,0.076369,0.076369,0.076369,0.00266828,0.0911395,0.000280566,0.00382859,0.10507,0.131716,0.048288,0.0587803,0.0878903,0.407028,0.112238,0.169446,0.284274,0.284274,0.133709,0.133709,0.400592,0.284274,0.306021,0.136794,0.195777,0.054754,0.054754,0.00038506,0.000323497,0.000282989,7.44663e-05,0.000777883,0.120338,0.051017,0.051017,0.161019,0.218782,0.206607,0.401418,0.0162879,0.0928712,0.107299,0.107299,0.107299,0.00176893,0.00595321,6.41005e-05,0.000586141,0.0161277,0.0840092,0.00029615,0.0164308,0.123555,0.323862,0.0897382,0.0152259,0.28102,0.28102,0.051017,0.051017,0.0346499,0.28102,0.156035,0.0383943,0.193061,0.047787,0.047787,
2.135,0.000698271,0.00010891,0.00432303,0.0192179,0.000848822,0.0668284,0.142738,0.142738,0.294107,0.317299,0.0702717,0.142608,0.170466,0.0984823,0.074979,0.074979,0.074979,0.00251018,0.0895094,0.000281136,0.00377421,0.103282,0.132727,0.0479984,0.0598069,0.0880927,0.406078,0.113107,0.174041,0.285814,0.285814,0.142738,0.142738,0.391798,0.285814,0.313923,0.135664,0.181359,0.063532,0.063532,0.000384233,0.000328243,0.000290954,7.76732e-05,0.000806345,0.119381,0.049721,0.049721,0.161959,0.221255,0.206474,0.401976,0.0162334,0.0935668,0.107238,0.107238,0.107238,0.00174543,0.00562568,0,0.000584113,0.0150356,0.0849783,0.000295197,0.0161481,0.124762,0.32477,0.0903079,0.0138481,0.291142,0.291142,0.049721,0.049721,0.0348339,0.291142,0.160397,0.037884,0.178665,0.051898,0.051898,
2.14,0.000738997,0.000116892,0.00375199,0.0178414,0.000792821,0.063166,0.152369,0.152369,0.287708,0.332132,0.0702538,0.132281,0.168006,0.0984436,0.073838,0.073838,0.073838,0.00235643,0.0851459,0.000269199,0.00355322,0.0967249,0.132119,0.0445346,0.0587438,0.0865327,0.387336,0.113718,0.176523,0.288705,0.288705,0.152369,0.152369,0.372807,0.288705,0.337868,0.133655,0.157307,0.07475,0.07475,0.00036197,0.000317817,0.000312278,8.34256e-05,0.000879481,0.116411,0.048196,0.048196,0.165343,0.230549,0.19782,0.384583,0.0154304,0.0937871,0.109845,0.109845,0.109845,0.00168818,0.00540555,0,0.000551859,0.0139975,0.0862832,0.000280633,0.0149909,0.125267,0.313664,0.0912451,0.0122445,0.30901,0.30901,0.048196,0.048196,0.0339635,0.30901,0.174159,0.0359923,0.154816,0.056667,0.056667,
2.145,0.000787862,0.000125885,0.00334383,0.0173141,0.00077519,0.0624584,0.161639,0.161639,0.287973,0.351277,0.0727561,0.129072,0.172516,0.100983,0.072886,0.072886,0.072886,0.00230279,0.0851937,0.000274431,0.00349949,0.0952241,0.135997,0.0432108,0.0587543,0.0876809,0.393612,0.117319,0.178241,0.293253,0.293253,0.161639,0.161639,0.370105,0.293253,0.365048,0.13541,0.140088,0.087615,0.087615,0.000358682,0.000314688,0.000336302,9.34826e-05,0.000972239,0.116963,0.046706,0.046706,0.172141,0.243024,0.200541,0.391156,0.015466,0.0966552,0.114907,0.114907,0.114907,0.00168785,0.00551655,0,0.000548217,0.0136189,0.0895527,0.000283636,0.0145602,0.129031,0.320047,0.0948591,0.0111471,0.33474,0.33474,0.046706,0.046706,0.0348634,0.33474,0.190266,0.0361043,0.137681,0.062169,0.062169,
2.15,0.000856048,0.000138393,0.00298676,0.0167325,0.00075829,0.0609609,0.169631,0.169631,0.294665,0.379408,0.0755182,0.123107,0.176561,0.104156,0.072082,0.072082,0.072082,0.00224512,0.0842956,0.000266034,0.00342003,0.0922519,0.138747,0.041752,0.0580406,0.0884125,0.381217,0.12148,0.178765,0.299943,0.299943,0.169631,0.169631,0.364243,0.299943,0.403132,0.137884,0.124835,0.101101,0.101101,0.000349449,0.000309472,0.000369718,0.000109795,0.00111085,0.118459,0.045521,0.045521,0.181889,0.261907,0.195943,0.37999,0.0154171,0.0993317,0.12214,0.12214,0.12214,0.00169584,0.00548309,0,0.00054306,0.013212,0.0930766,0.000273664,0.0140806,0.13329,0.315007,0.0990218,0.0102134,0.367954,0.367954,0.045521,0.045521,0.034883,0.367954,0.213778,0.0352089,0.122519,0.06845,0.06845,
2.155,0.000926062,0.000151739,0.00276078,0.0155568,0.000715863,0.0617342,0.175703,0.175703,0.306634,0.411013,0.0797267,0.122231,0.18129,0.10854,0.071421,0.071421,0.071421,0.00210975,0.0831198,0.000271142,0.00327636,0.0882406,0.14446,0.0388027,0.0561386,0.090144,0.389178,0.127055,0.174331,0.309207,0.309207,0.175703,0.175703,0.371672,0.309207,0.444004,0.143343,0.114892,0.114138,0.114138,0.000338636,0.000294805,0.000405372,0.000125412,0.00125609,0.121106,0.044871,0.044871,0.193992,0.283493,0.19878,0.386433,0.0154155,0.10379,0.13121,0.13121,0.13121,0.00166426,0.00559959,0,0.000528483,0.0123697,0.0980596,0.000277295,0.0131151,0.138756,0.322393,0.105135,0.00958639,0.407476,0.407476,0.044871,0.044871,0.0359598,0.407476,0.239287,0.0359066,0.112744,0.075487,0.075487,
2.16,0.0010706,0.000265166,0.00314905,0.0179038,0.000946165,0.0629277,0.179498,0.179498,0.321606,0.449594,0.0857293,0.121956,0.199651,0.115512,0.070932,0.070932,0.070932,0.00240725,0.0921721,0.000273827,0.00368013,0.0979609,0.15144,0.0446677,0.0594979,0.0947985,0.392786,0.135813,0.179204,0.32118,0.32118,0.179498,0.179498,0.377918,0.32118,0.49269,0.149349,0.10357,0.125843,0.125843,0.000461989,0.000319255,0.0015927,0.000152701,0.00146803,0.128935,0.044948,0.044948,0.208627,0.308397,0.205794,0.393618,0.0170826,0.109216,0.141697,0.141697,0.141697,0.00187866,0.00599961,0,0.000602623,0.0141868,0.103406,0.000279014,0.0151002,0.148468,0.332648,0.112064,0.0105093,0.451171,0.451171,0.044948,0.044948,0.0380304,0.451171,0.268221,0.0364234,0.101037,0.083154,0.083154,
2.165,0.00112565,0.00018504,0.00232996,0.0190775,0.000892601,0.0650473,0.18093,0.18093,0.341314,0.491211,0.0922314,0.125105,0.215506,0.122565,0.070676,0.070676,0.070676,0.00259548,0.0991829,0.000285309,0.00393564,0.104446,0.15959,0.0477104,0.0599613,0.0989636,0.40901,0.144648,0.176377,0.335645,0.335645,0.18093,0.18093,0.394361,0.335645,0.544064,0.157468,0.0967556,0.135567,0.135567,0.000397359,0.00032767,0.000494171,0.000175835,0.0016239,0.136025,0.045915,0.045915,0.224603,0.335563,0.214829,0.411042,0.0183883,0.115275,0.153052,0.153052,0.153052,0.0020187,0.00651556,1.68435e-05,0.000650571,0.0154287,0.109416,0.000289565,0.0161718,0.157676,0.348674,0.119861,0.00893875,0.496402,0.496402,0.045915,0.045915,0.0405565,0.496402,0.298434,0.038058,0.0941452,0.091229,0.091229,
2.17,0.00121303,0.000201823,0.00192402,0.0182066,0.000860092,0.0660562,0.180155,0.180155,0.352912,0.530237,0.0967759,0.124344,0.222177,0.126824,0.070756,0.070756,0.070756,0.00244497,0.0987749,0.000296926,0.0038465,0.101935,0.16527,0.0455276,0.0573813,0.100209,0.426042,0.15071,0.165917,0.352109,0.352109,0.180155,0.180155,0.403192,0.352109,0.593849,0.163063,0.0795101,0.14286,0.14286,0.000394405,0.000311234,0.000539173,0.000188002,0.00176946,0.138608,0.047885,0.047885,0.237227,0.359639,0.221957,0.426645,0.0185063,0.11976,0.164657,0.164657,0.164657,0.00200612,0.00664161,0,0.000642812,0.014562,0.114145,0.000298817,0.0154161,0.163442,0.362673,0.125915,0.00767391,0.540673,0.540673,0.047885,0.047885,0.0425517,0.540673,0.325884,0.03925,0.077029,0.099442,0.099442,
2.175,0.001309,0.000218155,0.00179014,0.0198304,0.000940086,0.0688726,0.177483,0.177483,0.372409,0.570453,0.103223,0.128534,0.238951,0.133839,0.071289,0.071289,0.071289,0.00264358,0.106564,0.000310587,0.00416099,0.109935,0.173382,0.049634,0.0585943,0.104681,0.445957,0.15957,0.163079,0.369772,0.369772,0.177483,0.177483,0.421122,0.369772,0.64254,0.171166,0.0738661,0.147439,0.147439,0.000424985,0.000323432,0.000582804,0.000209491,0.00193716,0.146387,0.050878,0.050878,0.252427,0.385266,0.23375,0.447693,0.0199954,0.125766,0.175853,0.175853,0.175853,0.00216607,0.00711587,0,0.000700314,0.0158595,0.119812,0.000311735,0.0168073,0.17279,0.381697,0.133412,0.00747532,0.581902,0.581902,0.050878,0.050878,0.0453671,0.581902,0.353745,0.0411159,0.0711693,0.107485,0.107485,
2.18,0.00139061,0.000241625,0.00124863,0.0190563,0.000922713,0.0692502,0.173356,0.173356,0.374942,0.602338,0.10709,0.126874,0.245884,0.13683,0.072365,0.072365,0.072365,0.00254431,0.107155,0.000328217,0.00410442,0.108756,0.178571,0.0477134,0.0563647,0.105389,0.470484,0.164474,0.152868,0.38746,0.38746,0.173356,0.173356,0.425036,0.38746,0.685621,0.174396,0.0486153,0.149151,0.149151,0.000433636,0.000308062,0.000726037,0.000218457,0.00205796,0.147061,0.054835,0.054835,0.261849,0.403815,0.24387,0.470927,0.0201144,0.129524,0.186003,0.186003,0.186003,0.00216082,0.00739856,0,0.000695244,0.0153205,0.123632,0.000325868,0.016191,0.177404,0.400213,0.13833,0.00590986,0.618134,0.618134,0.054835,0.054835,0.0477295,0.618134,0.376452,0.0424038,0.0460322,0.115009,0.115009,
2.185,0.00144399,0.000243789,0.00108027,0.0182836,0.000882624,0.0714445,0.168334,0.168334,0.387449,0.62932,0.110689,0.129979,0.250379,0.140211,0.074046,0.074046,0.074046,0.00244734,0.107178,0.000342173,0.00403685,0.107231,0.183502,0.0457961,0.053994,0.106711,0.491586,0.169047,0.142987,0.403722,0.403722,0.168334,0.168334,0.439943,0.403722,0.71828,0.180011,0.0438419,0.147972,0.147972,0.000423931,0.000292717,0.000651267,0.000224382,0.00214433,0.149735,0.059623,0.059623,0.271199,0.420672,0.252185,0.489535,0.0202308,0.133218,0.194533,0.194533,0.194533,0.00214312,0.00761476,1.69789e-06,0.000686814,0.0148131,0.127253,0.000338762,0.0155735,0.181611,0.415203,0.143085,0.00544479,0.64715,0.64715,0.059623,0.059623,0.0495274,0.64715,0.39422,0.0440995,0.0413732,0.121689,0.121689,
2.19,0.00144597,0.000245587,0.00337077,0.0162242,0.000791836,0.0847597,0.163052,0.163052,0.460258,0.653475,0.115654,0.158927,0.243689,0.148504,0.076395,0.076395,0.076395,0.0022029,0.102141,0.00034808,0.00375052,0.0998022,0.191703,0.0405883,0.0494643,0.112453,0.511854,0.175838,0.130948,0.417045,0.417045,0.163052,0.163052,0.521585,0.417045,0.724845,0.20259,0.138309,0.144056,0.144056,0.000400046,0.000261919,0.000655978,0.000217047,0.00214758,0.164444,0.065056,0.065056,0.288194,0.443167,0.257861,0.498241,0.0200505,0.140159,0.201006,0.201006,0.201006,0.00200965,0.00757319,1.10253e-05,0.000636543,0.0134889,0.133534,0.000354877,0.0138717,0.187396,0.424016,0.151249,0.0116246,0.666794,0.666794,0.065056,0.065056,0.0496479,0.666794,0.401431,0.0490782,0.136061,0.127239,0.127239,
2.195,0.00152293,0.000256589,0.000381858,0.0207724,0.000995529,0.0727933,0.158095,0.158095,0.384915,0.656254,0.115827,0.132214,0.270276,0.144553,0.079472,0.079472,0.079472,0.00273979,0.118237,0.000373657,0.00450714,0.120309,0.19085,0.0520929,0.0567404,0.110226,0.533665,0.175855,0.14056,0.426147,0.426147,0.158095,0.158095,0.446576,0.426147,0.754928,0.182662,0.0152159,0.137783,0.137783,0.000473151,0.000314265,0.00068548,0.000237413,0.00224836,0.153588,0.070903,0.070903,0.27914,0.434306,0.27372,0.53414,0.0219974,0.137753,0.205199,0.205199,0.205199,0.00234593,0.00832537,0,0.000764717,0.016712,0.130822,0.000366492,0.017694,0.189079,0.448964,0.147884,0.00368629,0.675763,0.675763,0.070903,0.070903,0.053808,0.675763,0.411271,0.0464306,0.0124263,0.131418,0.131418,
2.2,0.00145431,0.000246234,0.00474984,0.0183114,0.000881956,0.0944333,0.1539,0.1539,0.503945,0.667485,0.120807,0.181458,0.253882,0.155692,0.083332,0.083332,0.083332,0.00241638,0.109731,0.000364791,0.00410643,0.109467,0.199483,0.0458163,0.0510172,0.11909,0.541541,0.182682,0.127817,0.430249,0.430249,0.1539,0.1539,0.577677,0.430249,0.727065,0.21699,0.195715,0.129753,0.129753,0.000435298,0.000277718,0.000657817,0.000222055,0.00216606,0.177778,0.07689,0.07689,0.299062,0.455227,0.27287,0.524399,0.0217889,0.145647,0.207088,0.207088,0.207088,0.00213617,0.00793481,0,0.000693924,0.0149507,0.137566,0.00037802,0.0155948,0.194557,0.444816,0.157092,0.0154555,0.673985,0.673985,0.07689,0.07689,0.0517554,0.673985,0.404296,0.0533534,0.193147,0.134018,0.134018,
2.205,0.00166144,0.000257685,7.37737e-05,0.0180911,0.00100553,0.071697,0.150687,0.150687,0.374418,0.644978,0.114732,0.130247,0.271181,0.142043,0.087972,0.087972,0.087972,0.00554622,0.144598,0.000384929,0.00503747,0.140535,0.189963,0.0467539,0.0564319,0.108466,0.547916,0.173595,0.160989,0.429179,0.429179,0.150687,0.150687,0.438606,0.429179,0.760135,0.1788,0.00243711,0.120684,0.120684,0.00044362,0.000282341,0.000675811,0.000210846,0.00213103,0.145885,0.082749,0.082749,0.277296,0.427959,0.27605,0.541459,0.0202611,0.137289,0.206806,0.206806,0.206806,0.00282336,0.0149555,0.00127224,0.000729928,0.0349594,0.131042,0.000371735,0.0196156,0.184576,0.451296,0.147779,0.0116413,0.662618,0.662618,0.082749,0.082749,0.0534075,0.662618,0.40653,0.0463849,1.98858e-05,0.134887,0.134887,
2.21,0.00153688,0.00024023,0.00446722,0.0104285,0.000663693,0.0917001,0.14845,0.14845,0.483424,0.638004,0.115378,0.175436,0.231607,0.14738,0.093316,0.093316,0.093316,0.00464724,0.120471,0.000370615,0.00382243,0.109039,0.193518,0.027418,0.0429434,0.11154,0.550068,0.17339,0.134222,0.423373,0.423373,0.14845,0.14845,0.562155,0.423373,0.712268,0.209301,0.183271,0.111187,0.111187,0.000333911,0.000186021,0.000628913,0.000175856,0.00196153,0.160747,0.08823,0.08823,0.289719,0.438422,0.264856,0.51868,0.0173333,0.141675,0.204649,0.204649,0.204649,0.00225652,0.0141456,0.00129894,0.000524409,0.0296605,0.135239,0.00037707,0.0132371,0.181359,0.434528,0.153619,0.0232606,0.643888,0.643888,0.08823,0.08823,0.0489717,0.643888,0.389617,0.0525194,0.18178,0.133976,0.133976,
2.215,0.00163817,0.000244147,6.41488e-05,0.0143039,0.00089056,0.0690349,0.14693,0.14693,0.353245,0.605357,0.108524,0.126037,0.253411,0.134448,0.09924,0.09924,0.09924,0.00652143,0.146868,0.000380635,0.00483495,0.138556,0.182777,0.0378539,0.0535149,0.103149,0.541219,0.164451,0.169188,0.413695,0.413695,0.14693,0.14693,0.421688,0.413695,0.720935,0.17051,0.00192101,0.101686,0.101686,0.000389553,0.000243598,0.000633856,0.000177321,0.00192876,0.134476,0.093086,0.093086,0.263518,0.403487,0.266916,0.52861,0.0176907,0.132049,0.20109,0.20109,0.20109,0.00282766,0.0175284,0.00185651,0.000636541,0.041348,0.126554,0.000365104,0.0183321,0.173642,0.43697,0.141571,0.0154251,0.620454,0.620454,0.093086,0.093086,0.0506808,0.620454,0.380942,0.0450119,1.72451e-05,0.131368,0.131368,
2.22,0.00151005,0.000224822,0.00380684,0.00469656,0.000473943,0.0852388,0.145692,0.145692,0.439202,0.586947,0.106338,0.162641,0.206588,0.135393,0.105591,0.105591,0.105591,0.00568709,0.11999,0.000367955,0.00340267,0.102334,0.182864,0.0137706,0.0379678,0.102438,0.543224,0.160012,0.141305,0.401245,0.401245,0.145692,0.145692,0.522824,0.401245,0.667336,0.194013,0.155639,0.092448,0.092448,0.000254689,0.000126844,0.000580753,0.00013141,0.00170973,0.14121,0.097093,0.097093,0.269138,0.404856,0.252723,0.504637,0.0135046,0.133742,0.196697,0.196697,0.196697,0.0021898,0.0171901,0.00200578,0.000383114,0.036502,0.128601,0.00036824,0.0107258,0.165522,0.417133,0.144361,0.0259662,0.594824,0.594824,0.097093,0.097093,0.0456254,0.594824,0.358528,0.0499229,0.154942,0.127265,0.127265,
2.225,0.00158106,0.000226067,5.21622e-05,0.00998176,0.000742691,0.0654365,0.144282,0.144282,0.325573,0.554795,0.100367,0.120244,0.230137,0.124788,0.112151,0.112151,0.112151,0.00727689,0.145028,0.000372997,0.00448696,0.132579,0.17335,0.0275316,0.0502255,0.0964831,0.529466,0.152771,0.177674,0.387415,0.387415,0.144282,0.144282,0.399005,0.387415,0.667903,0.15985,0.00133205,0.08363,0.08363,0.000325983,0.00020163,0.000580395,0.000137203,0.00167878,0.120698,0.100041,0.100041,0.245229,0.371775,0.254596,0.510573,0.0146526,0.125135,0.192126,0.192126,0.192126,0.00275066,0.0196259,0.00237786,0.000522842,0.0463072,0.120493,0.000355299,0.0163847,0.160111,0.417819,0.133129,0.0187017,0.569235,0.569235,0.100041,0.100041,0.0472035,0.569235,0.347292,0.0431015,1.39692e-05,0.122008,0.122008,
2.23,0.00159238,0.000393783,0.00200757,0.0092693,0.000920458,0.0685541,0.142365,0.142365,0.330045,0.52977,0.0978518,0.127716,0.220639,0.122716,0.118691,0.118691,0.118691,0.00716514,0.141366,0.000372692,0.00434319,0.129217,0.171231,0.0256118,0.0500828,0.096271,0.532699,0.149187,0.178171,0.374061,0.374061,0.142365,0.142365,0.412059,0.374061,0.630838,0.160455,0.0317698,0.075338,0.075338,0.000478056,0.000194246,0.00266804,0.000121685,0.00160181,0.120902,0.101762,0.101762,0.238525,0.357296,0.255148,0.509744,0.0141382,0.123452,0.188136,0.188136,0.188136,0.0026601,0.0194103,0.00237049,0.000495097,0.0455945,0.118284,0.000358323,0.0157405,0.156287,0.415971,0.130437,0.0231638,0.545952,0.545952,0.101762,0.101762,0.0461253,0.545952,0.326973,0.043843,0.0303876,0.116056,0.116056,
2.235,0.00139492,0.000204218,0.00112887,0.00709217,0.000551819,0.0685802,0.139855,0.139855,0.328187,0.513369,0.0940294,0.129784,0.202668,0.118678,0.124977,0.124977,0.124977,0.00572355,0.121009,0.000370698,0.00364093,0.109312,0.167165,0.019701,0.0451915,0.0927784,0.531018,0.143909,0.1617,0.363371,0.363371,0.139855,0.139855,0.417022,0.363371,0.60149,0.159609,0.045944,0.067692,0.067692,0.000282791,0.000171367,0.000526776,0.000104928,0.00145827,0.117178,0.102236,0.102236,0.230624,0.346143,0.249124,0.505805,0.0129004,0.120362,0.185568,0.185568,0.185568,0.0022364,0.016576,0.00189806,0.000417006,0.036418,0.115228,0.000359046,0.0123595,0.150584,0.409869,0.126229,0.0179174,0.527496,0.527496,0.102236,0.102236,0.0448791,0.527496,0.310687,0.0440653,0.0449865,0.109872,0.109872,
2.24,0.00130803,0.000194812,0.00233232,0.00992627,0.000629454,0.0749051,0.136937,0.136937,0.352867,0.503882,0.094834,0.146167,0.205131,0.121399,0.13075,0.13075,0.13075,0.00508301,0.11821,0.000374549,0.00378517,0.111548,0.169011,0.0263733,0.0479219,0.0967792,0.540475,0.145438,0.158763,0.357311,0.357311,0.136937,0.136937,0.45227,0.357311,0.572302,0.166979,0.0963694,0.060879,0.060879,0.000319921,0.000202081,0.000505566,0.000104484,0.00140124,0.126662,0.101582,0.101582,0.23029,0.341288,0.256046,0.515891,0.0144816,0.121354,0.185255,0.185255,0.185255,0.0021855,0.0146832,0.00150235,0.000470531,0.0322592,0.114749,0.000370161,0.0134271,0.153125,0.417478,0.12609,0.0185635,0.516167,0.516167,0.101582,0.101582,0.0455335,0.516167,0.295985,0.0464346,0.0949941,0.103868,0.103868,
2.245,0.00118937,0.000191535,0.00206781,0.00911026,0.000498091,0.0745913,0.134019,0.134019,0.34196,0.501454,0.0927131,0.145203,0.19367,0.118658,0.135743,0.135743,0.135743,0.00283133,0.0927429,0.000384894,0.00303835,0.0888942,0.167634,0.0233721,0.0446214,0.0942968,0.555234,0.142884,0.136057,0.356998,0.356998,0.134019,0.134019,0.451239,0.356998,0.559147,0.165548,0.0854075,0.055191,0.055191,0.000312831,0.000193546,0.000505409,9.76323e-05,0.0013755,0.124314,0.100024,0.100024,0.224217,0.33571,0.260365,0.531329,0.014124,0.119844,0.187871,0.187871,0.187871,0.00167423,0.0100592,0.000634075,0.000422225,0.0177815,0.112715,0.000381374,0.00990204,0.151113,0.427406,0.123149,0.0115428,0.513279,0.513279,0.100024,0.100024,0.0463684,0.513279,0.287931,0.0471409,0.0841463,0.098384,0.098384,
2.25,0.00112431,0.000189573,0.00246787,0.00857247,0.000421007,0.0784674,0.131629,0.131629,0.352618,0.504449,0.092859,0.153964,0.187501,0.119127,0.139677,0.139677,0.139677,0.0016191,0.0795211,0.00040025,0.002648,0.077431,0.169482,0.0215131,0.0422701,0.0947111,0.579743,0.143296,0.120424,0.362451,0.362451,0.131629,0.131629,0.474446,0.362451,0.550984,0.170466,0.102065,0.050964,0.050964,0.000312115,0.000184903,0.00050471,8.7562e-05,0.00133628,0.126863,0.097856,0.097856,0.224097,0.336107,0.269262,0.553148,0.0140807,0.120913,0.193822,0.193822,0.193822,0.00139282,0.00770679,0.000175291,0.000393299,0.0100716,0.112958,0.000399429,0.00795194,0.151582,0.442572,0.123298,0.00926771,0.518854,0.518854,0.097856,0.097856,0.0476059,0.518854,0.281878,0.0494651,0.100864,0.093711,0.093711,
2.255,0.00115164,0.000258703,0.00368584,0.00851445,0.000477642,0.0848435,0.130233,0.130233,0.38106,0.52048,0.09587,0.16725,0.188276,0.123621,0.14229,0.14229,0.14229,0.00117176,0.0758159,0.000413767,0.0025468,0.074328,0.175075,0.0211261,0.0417616,0.0982666,0.603409,0.14787,0.114374,0.372693,0.372693,0.130233,0.130233,0.511447,0.372693,0.558928,0.180808,0.133924,0.048476,0.048476,0.000377892,0.000182083,0.0012928,8.4614e-05,0.00136449,0.134451,0.095356,0.095356,0.232105,0.347478,0.279617,0.572948,0.0144867,0.125116,0.20311,0.20311,0.20311,0.0013085,0.00693455,0,0.000388826,0.00726208,0.116401,0.000416651,0.00733026,0.156224,0.458564,0.127451,0.01106,0.531865,0.531865,0.095356,0.095356,0.0490364,0.531865,0.286002,0.0523927,0.132658,0.090081,0.090081,
2.26,0.00117211,0.000278989,0.00350227,0.00375742,0.000284033,0.0868362,0.13016,0.13016,0.380538,0.532912,0.09651,0.169797,0.176678,0.122804,0.143437,0.143437,0.143437,0.000577643,0.0643806,0.000442063,0.00187316,0.0581736,0.178647,0.00916592,0.0346585,0.0960742,0.645364,0.147934,0.0962936,0.386114,0.386114,0.13016,0.13016,0.525187,0.386114,0.575311,0.183941,0.121595,0.047939,0.047939,0.00034226,0.000124274,0.0014792,6.6471e-05,0.00135174,0.129556,0.092722,0.092722,0.234858,0.354235,0.290508,0.605896,0.0125559,0.127461,0.215262,0.215262,0.215262,0.00100932,0.00689969,0,0.00027638,0.00368271,0.118924,0.00044188,0.00336538,0.154766,0.48067,0.129994,0.0100955,0.550303,0.550303,0.092722,0.092722,0.0505165,0.550303,0.292112,0.054825,0.120969,0.087606,0.087606,
2.265,0.00120474,0.000234754,0.00334588,0.00704146,0.000365797,0.0905683,0.131575,0.131575,0.398712,0.555243,0.101305,0.178496,0.194454,0.129222,0.143089,0.143089,0.143089,0.000981625,0.0758463,0.000457601,0.00243195,0.0728161,0.185915,0.0174506,0.0399634,0.101952,0.666857,0.155549,0.106354,0.400934,0.400934,0.131575,0.131575,0.547192,0.400934,0.597889,0.191475,0.130316,0.049522,0.049522,0.000345861,0.000163294,0.000885566,7.64338e-05,0.00140211,0.138714,0.090096,0.090096,0.244682,0.368089,0.304332,0.63044,0.0145047,0.132556,0.229443,0.229443,0.229443,0.00125507,0.00740844,0,0.000364316,0.00621455,0.123109,0.000458468,0.00612754,0.163433,0.500811,0.134896,0.0101348,0.571192,0.571192,0.090096,0.090096,0.0532289,0.571192,0.302503,0.0569904,0.12928,0.086233,0.086233,
2.27,0.0012109,0.000211168,0.00325084,0.00513723,0.000248999,0.094924,0.134467,0.134467,0.408744,0.568742,0.104821,0.187842,0.195524,0.132505,0.141315,0.141315,0.141315,0.00074535,0.0737898,0.000489706,0.00220843,0.0683945,0.193804,0.0126759,0.0376606,0.104404,0.713971,0.159673,0.0995536,0.415298,0.415298,0.134467,0.134467,0.573957,0.415298,0.61248,0.198473,0.134016,0.053355,0.053355,0.000309866,0.000141085,0.000564138,7.32435e-05,0.0014208,0.140584,0.087557,0.087557,0.251679,0.37766,0.321016,0.671532,0.0142999,0.13755,0.244538,0.244538,0.244538,0.00114306,0.00771385,0,0.000329086,0.00480909,0.12767,0.000489668,0.00455593,0.167136,0.530062,0.140114,0.00985111,0.591036,0.591036,0.087557,0.087557,0.0557218,0.591036,0.310636,0.0604267,0.133259,0.085727,0.085727,
2.275,0.00125698,0.000247827,0.00362636,0.00468005,0.00026835,0.0979038,0.138675,0.138675,0.422548,0.585539,0.10787,0.193323,0.199034,0.136056,0.138299,0.138299,0.138299,0.000690075,0.074193,0.000501512,0.00217376,0.0677449,0.198944,0.0115079,0.0371692,0.106815,0.732414,0.163822,0.0974696,0.427285,0.427285,0.138675,0.138675,0.591808,0.427285,0.630651,0.204453,0.140755,0.059494,0.059494,0.000337935,0.000134947,0.000940763,7.73732e-05,0.00148282,0.144321,0.085137,0.085137,0.259321,0.389425,0.328687,0.687488,0.0145114,0.141266,0.25934,0.25934,0.25934,0.00113359,0.00788342,0,0.000325409,0.00449024,0.131206,0.000501791,0.00418336,0.17125,0.543018,0.144376,0.0107414,0.606622,0.606622,0.085137,0.085137,0.0570215,0.606622,0.321405,0.0621348,0.140032,0.085717,0.085717,
2.28,0.00133693,0.000309418,0.00382414,0.00304053,0.000310147,0.0996638,0.143943,0.143943,0.419484,0.587723,0.11049,0.196791,0.203338,0.137917,0.134293,0.134293,0.134293,0.00143766,0.0826147,0.00052607,0.00224726,0.0725197,0.204966,0.00777164,0.0370397,0.108725,0.767049,0.166389,0.103676,0.435104,0.435104,0.143943,0.143943,0.600201,0.435104,0.640904,0.206387,0.132053,0.0679,0.0679,0.000381083,0.000117867,0.0016366,7.70373e-05,0.00151533,0.143159,0.082808,0.082808,0.263378,0.392712,0.341214,0.717125,0.0142188,0.144868,0.27276,0.27276,0.27276,0.00123265,0.0101643,0.000381869,0.000307988,0.00933762,0.134784,0.000523155,0.00407832,0.173314,0.563869,0.14849,0.0136705,0.615599,0.615599,0.082808,0.082808,0.0586247,0.615599,0.327764,0.0640168,0.131514,0.085774,0.085774,
2.285,0.00125398,0.000236833,0.00353071,0.00468334,0.000262292,0.10111,0.14994,0.14994,0.422377,0.586608,0.112487,0.201411,0.209027,0.140485,0.129603,0.129603,0.129603,0.000705275,0.0787079,0.00053313,0.002234,0.0708244,0.208805,0.0115114,0.0391043,0.111709,0.776704,0.168883,0.103066,0.437455,0.437455,0.14994,0.14994,0.609282,0.437455,0.634077,0.208895,0.139623,0.07843,0.07843,0.000341129,0.000140458,0.000808871,9.3188e-05,0.0015516,0.147439,0.080458,0.080458,0.265135,0.393427,0.346664,0.729346,0.0155097,0.146822,0.28386,0.28386,0.28386,0.00113779,0.00842541,0,0.000346713,0.00450236,0.136213,0.000532242,0.00421267,0.177014,0.573145,0.150297,0.0106162,0.616485,0.616485,0.080458,0.080458,0.0596644,0.616485,0.329062,0.0650645,0.138912,0.085454,0.085454,
2.29,0.00122305,0.000212047,0.00336485,0.00673746,0.000332866,0.101424,0.156282,0.156282,0.413664,0.572924,0.113976,0.204199,0.21908,0.141954,0.124578,0.124578,0.124578,0.000968936,0.0863784,0.000543786,0.00256038,0.0799899,0.212196,0.0166793,0.04348,0.114833,0.789753,0.170288,0.11427,0.433711,0.433711,0.156282,0.156282,0.60862,0.433711,0.619648,0.207688,0.138356,0.090786,0.090786,0.000353814,0.000169098,0.000566485,0.000106886,0.00156408,0.149334,0.077941,0.077941,0.26367,0.386449,0.354229,0.744973,0.0168676,0.148088,0.291832,0.291832,0.291832,0.00125834,0.00879155,0,0.000406855,0.00603936,0.136946,0.000542727,0.00594174,0.179488,0.583936,0.151266,0.0104509,0.608555,0.608555,0.077941,0.077941,0.0607115,0.608555,0.325103,0.0657257,0.137384,0.084373,0.084373,
2.295,0.00130456,0.000422593,0.00477219,0.00847261,0.000681863,0.0995253,0.162537,0.162537,0.401793,0.554929,0.112807,0.199603,0.222974,0.140821,0.119568,0.119568,0.119568,0.00139626,0.0925238,0.00052944,0.00284431,0.0872061,0.209685,0.0210094,0.0474956,0.115289,0.76882,0.168523,0.126541,0.423929,0.423929,0.162537,0.162537,0.590867,0.423929,0.601852,0.202556,0.135718,0.104475,0.104475,0.000566434,0.000191711,0.00310325,0.000117875,0.00162049,0.149093,0.075094,0.075094,0.258839,0.376292,0.349217,0.727307,0.0175315,0.146102,0.296044,0.296044,0.296044,0.00140144,0.00920899,8.21912e-05,0.000452023,0.00859513,0.13497,0.000528527,0.00764918,0.178513,0.572215,0.149259,0.0141769,0.591854,0.591854,0.075094,0.075094,0.0595307,0.591854,0.318861,0.0638886,0.134346,0.082264,0.082264,
2.3,0.00145161,0.000908046,0.0079591,0.00532793,0.00113664,0.0983851,0.168245,0.168245,0.377825,0.523291,0.109303,0.194074,0.20774,0.13589,0.11492,0.11492,0.11492,0.000854142,0.0811173,0.000527631,0.00226812,0.0723977,0.20674,0.012743,0.0455511,0.112345,0.768875,0.162498,0.124664,0.408791,0.408791,0.168245,0.168245,0.572883,0.408791,0.568145,0.195619,0.127154,0.118794,0.118794,0.000974405,0.000159433,0.00892771,0.000113381,0.00169049,0.141842,0.071785,0.071785,0.248688,0.358017,0.347383,0.721991,0.0160001,0.143417,0.296177,0.296177,0.296177,0.00113135,0.00855207,1.41644e-05,0.000373,0.00499519,0.132581,0.000525372,0.00477152,0.172255,0.567911,0.146352,0.0201812,0.567229,0.567229,0.071785,0.071785,0.0577971,0.567229,0.305556,0.0627961,0.125827,0.078987,0.078987,
2.305,0.00144812,0.00103046,0.00898991,0.00580335,0.00132121,0.0954673,0.172918,0.172918,0.363579,0.493451,0.106112,0.188202,0.202923,0.132464,0.110952,0.110952,0.110952,0.00089289,0.0800909,0.000503835,0.00225883,0.0714873,0.201261,0.0138375,0.0470503,0.110739,0.735089,0.157474,0.13173,0.389527,0.389527,0.172918,0.172918,0.551472,0.389527,0.534648,0.188702,0.131909,0.132782,0.132782,0.00109024,0.00016835,0.0104789,0.000122138,0.00169759,0.138977,0.067971,0.067971,0.239888,0.341583,0.334218,0.690482,0.0159774,0.139291,0.292333,0.292333,0.292333,0.00112076,0.00822264,1.1419e-06,0.000381105,0.00507611,0.12885,0.000502934,0.005106,0.167708,0.544754,0.142281,0.0224531,0.536279,0.536279,0.067971,0.067971,0.0551338,0.536279,0.293207,0.0602116,0.130411,0.074544,0.074544,
2.31,0.0013599,0.00100333,0.00867925,0.00574773,0.00130453,0.0916737,0.176091,0.176091,0.335046,0.453984,0.10226,0.182385,0.197683,0.127217,0.107878,0.107878,0.107878,0.000891849,0.0791129,0.000497447,0.00220243,0.070514,0.196385,0.0136966,0.0478309,0.108227,0.723485,0.15094,0.136623,0.367754,0.367754,0.176091,0.176091,0.526672,0.367754,0.492607,0.178999,0.122458,0.145331,0.145331,0.00107271,0.000172286,0.0102948,0.000123704,0.00162279,0.132263,0.063736,0.063736,0.226777,0.317592,0.327881,0.680487,0.0157704,0.134725,0.285114,0.285114,0.285114,0.00106753,0.0081134,0,0.000378364,0.00495184,0.124447,0.000495634,0.00504901,0.161453,0.5343,0.137093,0.0216663,0.501563,0.501563,0.063736,0.063736,0.053534,0.501563,0.274295,0.0584932,0.120983,0.069099,0.069099,
2.315,0.00120419,0.000805307,0.00759404,0.00570421,0.00108165,0.0871641,0.17747,0.17747,0.322228,0.423553,0.0980174,0.175377,0.189452,0.122629,0.105754,0.105754,0.105754,0.000896118,0.0762791,0.00046724,0.00211379,0.0674987,0.188756,0.013674,0.0471694,0.104961,0.679036,0.144391,0.140193,0.345236,0.345236,0.17747,0.17747,0.503534,0.345236,0.45813,0.171516,0.129588,0.155446,0.155446,0.0008878,0.000175429,0.00807723,0.000128986,0.00153246,0.127539,0.05926,0.05926,0.217011,0.30086,0.307231,0.639193,0.015361,0.129192,0.275522,0.275522,0.275522,0.0010198,0.00771142,0,0.000370383,0.00489933,0.119746,0.000467177,0.00499613,0.154939,0.50209,0.131721,0.0195016,0.466546,0.466546,0.05926,0.05926,0.0500986,0.466546,0.260858,0.0554101,0.128262,0.062986,0.062986,
2.32,0.000856416,0.000210162,0.00351512,0.00532539,0.000366107,0.0818782,0.176967,0.176967,0.299314,0.388735,0.0941678,0.170565,0.183453,0.117203,0.104514,0.104514,0.104514,0.000852825,0.0745973,0.000459167,0.00201644,0.0656238,0.183118,0.0130349,0.0448898,0.101236,0.662277,0.137461,0.138564,0.323756,0.323756,0.176967,0.176967,0.483114,0.323756,0.420874,0.162935,0.12423,0.162446,0.162446,0.000347727,0.000174871,0.00119358,0.000130161,0.00131728,0.119701,0.054793,0.054793,0.205158,0.280185,0.294184,0.625569,0.015052,0.123993,0.264785,0.264785,0.264785,0.000935178,0.00757449,0,0.000359564,0.00465313,0.115162,0.000458744,0.00469166,0.147769,0.485961,0.126258,0.0107111,0.434733,0.434733,0.054793,0.054793,0.0482818,0.434733,0.244404,0.0538409,0.123412,0.056652,0.056652,
2.325,0.000779741,0.000147514,0.00328043,0.00492332,0.00028416,0.0786121,0.174695,0.174695,0.29001,0.366608,0.0903783,0.164622,0.174768,0.113095,0.104042,0.104042,0.104042,0.000807086,0.0708754,0.000434512,0.00188847,0.0616284,0.176306,0.0120453,0.0437745,0.0980335,0.626966,0.131878,0.139034,0.304948,0.304948,0.174695,0.174695,0.46496,0.304948,0.395366,0.157052,0.129505,0.165972,0.165972,0.000281313,0.000171341,0.000538397,0.000129829,0.00125722,0.115626,0.050655,0.050655,0.197163,0.267403,0.278023,0.59182,0.014444,0.11931,0.254117,0.254117,0.254117,0.000876847,0.00719244,0,0.000341515,0.00432128,0.111108,0.000435395,0.00433777,0.142013,0.460123,0.121625,0.0102739,0.408504,0.408504,0.050655,0.050655,0.0454824,0.408504,0.233319,0.0513564,0.128781,0.050558,0.050558,
2.33,0.000722855,0.00012342,0.00306261,0.00415159,0.000229643,0.0764,0.170944,0.170944,0.274676,0.344829,0.0871738,0.160934,0.167409,0.108565,0.104197,0.104197,0.104197,0.000705897,0.0676123,0.000429148,0.00173973,0.0580177,0.1713,0.0101223,0.0417231,0.0947162,0.618847,0.126524,0.133087,0.290109,0.290109,0.170944,0.170944,0.451333,0.290109,0.37149,0.151005,0.124906,0.165927,0.165927,0.000253282,0.000159379,0.000329717,0.000124069,0.00118954,0.110246,0.047207,0.047207,0.188227,0.253031,0.272575,0.583247,0.0138435,0.11536,0.244463,0.244463,0.244463,0.000793286,0.00702543,0,0.000318165,0.00370835,0.107275,0.000429576,0.0036901,0.136242,0.451485,0.11742,0.00965398,0.388742,0.388742,0.047207,0.047207,0.0442933,0.388742,0.220914,0.0503262,0.124301,0.045107,0.045107,
2.335,0.000696336,0.000119299,0.00311993,0.00321194,0.000185543,0.0745192,0.166078,0.166078,0.27035,0.334635,0.0841198,0.156785,0.158433,0.105275,0.104852,0.104852,0.104852,0.000587146,0.0627585,0.000413747,0.0015559,0.0527544,0.16602,0.00775756,0.0398073,0.0916644,0.597436,0.122444,0.129907,0.280101,0.280101,0.166078,0.166078,0.440903,0.280101,0.358988,0.147599,0.127253,0.162409,0.162409,0.000233587,0.000147816,0.000318709,0.000115652,0.00113749,0.106816,0.044751,0.044751,0.18298,0.246144,0.262163,0.561635,0.0129649,0.112034,0.236471,0.236471,0.236471,0.000716169,0.00668749,0,0.000285451,0.00297927,0.10438,0.000414774,0.00288846,0.13168,0.434953,0.113931,0.00971465,0.375382,0.375382,0.044751,0.044751,0.0424631,0.375382,0.213279,0.0487984,0.126773,0.04063,0.04063,
2.34,0.000678063,0.000116425,0.00306603,0.00230067,0.000144963,0.0741147,0.160483,0.160483,0.264527,0.326778,0.0823277,0.15617,0.152865,0.102406,0.105911,0.105911,0.105911,0.000515164,0.0602358,0.00041561,0.00142721,0.0498266,0.163025,0.00550579,0.0370912,0.0891173,0.600639,0.119338,0.120314,0.275427,0.275427,0.160483,0.160483,0.438327,0.275427,0.35,0.145126,0.125026,0.155702,0.155702,0.000222463,0.00013103,0.000310816,0.000106349,0.00108749,0.103489,0.043499,0.043499,0.178358,0.239704,0.261714,0.562986,0.0123829,0.109807,0.230514,0.230514,0.230514,0.000650791,0.00671416,2.16644e-05,0.000259858,0.00262912,0.102062,0.00041616,0.00220064,0.12791,0.434305,0.111566,0.00959365,0.367969,0.367969,0.043499,0.043499,0.0422216,0.367969,0.206589,0.0488097,0.124669,0.037348,0.037348,
2.345,0.000672523,0.000116733,0.00315097,0.00108463,8.43598e-05,0.0741217,0.154573,0.154573,0.267632,0.328387,0.0805921,0.155589,0.145087,0.100684,0.10726,0.10726,0.10726,0.000303577,0.054818,0.00041123,0.00121571,0.0440382,0.160315,0.00242474,0.0346852,0.0869909,0.595554,0.117435,0.11415,0.27626,0.27626,0.154573,0.154573,0.439534,0.27626,0.349442,0.145222,0.128566,0.146305,0.146305,0.000204776,0.000115156,0.000311853,9.27877e-05,0.0010389,0.101754,0.04357,0.04357,0.176749,0.239322,0.257968,0.556146,0.0114829,0.108421,0.226683,0.226683,0.226683,0.000558449,0.00636559,0,0.000220368,0.00136567,0.100838,0.000412194,0.0011021,0.12536,0.428855,0.109862,0.00952668,0.365617,0.365617,0.04357,0.04357,0.0415463,0.365617,0.202896,0.0485792,0.12837,0.035333,0.035333,
2.35,0.000673859,0.000117513,0.00314147,0.000546203,5.46727e-05,0.0752483,0.148745,0.148745,0.268705,0.330497,0.0798123,0.157989,0.141959,0.0994854,0.108785,0.108785,0.108785,0.000221639,0.0531183,0.000420674,0.00115185,0.0428029,0.159466,0.00108287,0.0329809,0.0857764,0.609638,0.116537,0.10651,0.282429,0.282429,0.148745,0.148745,0.446143,0.282429,0.349772,0.145801,0.128373,0.134952,0.134952,0.000202338,0.000104167,0.000313938,7.81282e-05,0.000982828,0.100691,0.04497,0.04497,0.175151,0.238113,0.262898,0.568231,0.0110648,0.107905,0.224774,0.224774,0.224774,0.000520732,0.00636938,0,0.000201473,0.000965848,0.0999476,0.000421268,0.000654274,0.123894,0.436586,0.108758,0.00937534,0.366893,0.366893,0.04497,0.04497,0.042259,0.366893,0.198143,0.0495202,0.128247,0.034527,0.034527,
2.355,0.000690996,0.000120824,0.00323747,0.000186016,3.44215e-05,0.0764336,0.143352,0.143352,0.27657,0.339726,0.0798347,0.159951,0.14012,0.100046,0.110404,0.110404,0.110404,0.000171582,0.0516379,0.000423142,0.00110859,0.041595,0.159762,0.000174641,0.0324793,0.0857669,0.613926,0.117398,0.105192,0.293402,0.293402,0.143352,0.143352,0.45395,0.293402,0.357886,0.148366,0.132484,0.122638,0.122638,0.000199244,9.99273e-05,0.000322783,6.79905e-05,0.000958804,0.101691,0.047563,0.047563,0.177139,0.242669,0.264517,0.571436,0.0107296,0.108585,0.224336,0.224336,0.224336,0.000508369,0.00631239,0,0.000187019,0.00070676,0.100542,0.000424064,0.000347122,0.124462,0.439252,0.109062,0.00956871,0.370052,0.370052,0.047563,0.047563,0.0425624,0.370052,0.198708,0.0500542,0.132404,0.034758,0.034758,
2.36,0.000713813,0.000152189,0.00352123,0.000147521,6.07474e-05,0.0790402,0.138694,0.138694,0.282022,0.345254,0.0800103,0.165548,0.1399,0.100314,0.112052,0.112052,0.112052,0.000151695,0.0518641,0.00043938,0.00113729,0.0429533,0.161059,6.78418e-05,0.0322231,0.0861374,0.637874,0.11822,0.101149,0.308332,0.308332,0.138694,0.138694,0.468226,0.308332,0.36053,0.151144,0.136247,0.110504,0.110504,0.000233257,9.65345e-05,0.000675948,5.17335e-05,0.000905826,0.102739,0.051081,0.051081,0.177395,0.243514,0.274546,0.593205,0.010619,0.109541,0.224786,0.224786,0.224786,0.000509419,0.00642963,0,0.00018073,0.000685963,0.100819,0.00044023,0.000316779,0.12494,0.45445,0.109097,0.0101303,0.373307,0.373307,0.051081,0.051081,0.0440185,0.373307,0.194048,0.0518157,0.136144,0.035772,0.035772,
2.365,0.000721622,0.000126173,0.00360016,0.000529216,3.82937e-05,0.0814173,0.134973,0.134973,0.296026,0.356832,0.0812079,0.170657,0.141811,0.102602,0.113693,0.113693,0.113693,0.000195336,0.0529805,0.000443977,0.00121504,0.0449186,0.163274,0.00103499,0.0330543,0.087857,0.645359,0.120804,0.103317,0.326092,0.326092,0.134973,0.134973,0.483339,0.326092,0.369752,0.155952,0.148047,0.09957,0.09957,0.000213828,0.000102133,0.000337073,4.56284e-05,0.000888984,0.10637,0.055178,0.055178,0.181701,0.250465,0.278368,0.600115,0.0107843,0.111502,0.225481,0.225481,0.225481,0.00054752,0.00647769,0,0.000186784,0.000999513,0.10251,0.000446079,0.000632148,0.127534,0.46025,0.110711,0.0104706,0.375074,0.375074,0.055178,0.055178,0.0447056,0.375074,0.196093,0.0528932,0.147907,0.037272,0.037272,
2.37,0.000725898,0.000126686,0.00368408,0.000903179,4.83533e-05,0.0840161,0.132345,0.132345,0.29975,0.359285,0.0819364,0.176918,0.144164,0.103669,0.115291,0.115291,0.115291,0.000233667,0.0549177,0.000462699,0.00130979,0.0481521,0.166076,0.00197213,0.0342958,0.0894173,0.67198,0.122389,0.104881,0.345271,0.345271,0.132345,0.132345,0.49759,0.345271,0.369294,0.158831,0.151862,0.090521,0.090521,0.00022688,0.000107582,0.000338442,3.35353e-05,0.000837209,0.108076,0.059514,0.059514,0.182262,0.250315,0.289811,0.625337,0.0109848,0.113233,0.225801,0.225801,0.225801,0.000574245,0.00667766,0,0.000193418,0.00128843,0.103532,0.000464697,0.000947223,0.129137,0.477857,0.111408,0.0106682,0.374176,0.374176,0.059514,0.059514,0.0463525,0.374176,0.191155,0.0547931,0.151667,0.038969,0.038969,
2.375,0.000729885,0.000127375,0.00431976,0.000303755,2.0107e-05,0.087564,0.130926,0.130926,0.320294,0.366326,0.0826554,0.184543,0.140954,0.105794,0.116779,0.116779,0.116779,0.000202688,0.0531955,0.000463107,0.00123529,0.0461754,0.167898,0.000464395,0.0338642,0.0909672,0.675459,0.124136,0.105906,0.364167,0.364167,0.130926,0.130926,0.519477,0.364167,0.370657,0.165171,0.178221,0.083752,0.083752,0.000219096,0.000102369,0.000340103,2.45876e-05,0.00080871,0.112001,0.063779,0.063779,0.186469,0.256104,0.290628,0.625902,0.0107026,0.115067,0.225288,0.225288,0.225288,0.000547346,0.00667605,1.81956e-05,0.000173874,0.00114344,0.105229,0.000467912,0.000492557,0.130609,0.478957,0.113054,0.0124767,0.370023,0.370023,0.063779,0.063779,0.046215,0.370023,0.190484,0.0559957,0.178091,0.040635,0.040635,
2.38,0.000684802,0.000119471,0.0075176,0.000406508,1.80451e-05,0.104694,0.130776,0.130776,0.407329,0.374112,0.0876609,0.22438,0.137435,0.115886,0.118045,0.118045,0.118045,0.00018699,0.0532315,0.000467941,0.00125341,0.0467122,0.177238,0.000645582,0.0335882,0.100243,0.696001,0.131507,0.105575,0.381005,0.381005,0.130776,0.130776,0.621204,0.381005,0.348519,0.191584,0.310748,0.079473,0.079473,0.000220969,0.000101165,0.00031905,1.49828e-05,0.000741184,0.132734,0.067751,0.067751,0.201878,0.270573,0.298745,0.635568,0.0115585,0.12255,0.223684,0.223684,0.223684,0.000518676,0.00664493,1.19854e-05,0.000170573,0.00119365,0.11124,0.000487672,0.000532086,0.137729,0.488299,0.120758,0.0211866,0.362507,0.362507,0.067751,0.067751,0.0461047,0.362507,0.182941,0.0620629,0.310522,0.042109,0.042109,
2.385,0.000722405,0.000126159,0.00370483,0.000225714,7.41775e-06,0.0857245,0.131928,0.131928,0.300048,0.358515,0.081111,0.180984,0.140676,0.103874,0.118875,0.118875,0.118875,0.000152846,0.0528207,0.000479076,0.00123378,0.0468642,0.168251,0.00024034,0.0362064,0.0904251,0.694388,0.122996,0.114563,0.394346,0.394346,0.131928,0.131928,0.507132,0.394346,0.36466,0.161038,0.153083,0.077761,0.077761,0.000224161,0.000110774,0.000337036,9.72549e-06,0.000735707,0.107819,0.071295,0.071295,0.181147,0.247879,0.298261,0.645914,0.0103526,0.114784,0.220888,0.220888,0.220888,0.000536259,0.00667451,0,0.000166133,0.000762825,0.104739,0.000480493,0.000361708,0.129711,0.491692,0.111063,0.010615,0.351771,0.351771,0.071295,0.071295,0.0473004,0.351771,0.181348,0.0561613,0.152978,0.04331,0.04331,
2.39,0.00060643,0.000105723,0.0116745,0.000317999,6.4581e-06,0.124461,0.134409,0.134409,0.515223,0.375131,0.0921934,0.270683,0.128333,0.127214,0.119025,0.119025,0.119025,0.000138738,0.0508482,0.0004556,0.0011966,0.0446012,0.185745,0.000307365,0.0333414,0.110769,0.695777,0.138559,0.109339,0.403384,0.403384,0.134409,0.134409,0.739183,0.403384,0.310276,0.222561,0.482914,0.078618,0.078618,0.000211484,0.000100787,0.00028244,5.06834e-06,0.000647507,0.157636,0.074324,0.074324,0.218697,0.284686,0.297816,0.62289,0.0122838,0.129995,0.216976,0.216976,0.216976,0.000456468,0.0063167,0,0.000156123,0.00100717,0.117368,0.000495254,0.000369255,0.144533,0.482217,0.128618,0.0324996,0.338179,0.338179,0.074324,0.074324,0.0440767,0.338179,0.170079,0.0680014,0.482594,0.044218,0.044218,
2.395,0.000690114,0.000119951,0.00290019,0.000172179,2.15547e-06,0.0804158,0.138271,0.138271,0.266431,0.335982,0.0778569,0.170239,0.138416,0.0998685,0.118346,0.118346,0.118346,0.00016452,0.0520566,0.000478849,0.0012064,0.0464934,0.165448,9.09776e-05,0.0392394,0.0885056,0.68874,0.119061,0.12902,0.407856,0.407856,0.138271,0.138271,0.474031,0.407856,0.345822,0.151446,0.119891,0.081998,0.081998,0.000221342,0.000123616,0.00032045,4.48572e-06,0.000676742,0.100478,0.076805,0.076805,0.171372,0.231973,0.295518,0.643773,0.00988569,0.1121,0.212203,0.212203,0.212203,0.000522888,0.00660129,0,0.000160332,0.000660045,0.102461,0.000476391,0.000302871,0.126316,0.488062,0.107009,0.0084297,0.322467,0.322467,0.076805,0.076805,0.0466735,0.322467,0.169582,0.05419,0.119815,0.044868,0.044868,
2.4,0.000530761,9.19391e-05,0.0137964,0.000255276,2.25628e-06,0.131774,0.143632,0.143632,0.560285,0.358201,0.0923304,0.288937,0.119846,0.130992,0.116769,0.116769,0.116769,0.000142086,0.0482867,0.000432031,0.00112114,0.0418505,0.186843,7.83018e-05,0.0344664,0.115117,0.66999,0.139173,0.120077,0.407845,0.407845,0.143632,0.143632,0.782648,0.407845,0.272204,0.233872,0.570692,0.087831,0.087831,0.000197174,0.000107473,0.000245616,4.69551e-06,0.000584333,0.167866,0.078782,0.078782,0.222317,0.282749,0.286405,0.592817,0.0124147,0.131435,0.206943,0.206943,0.206943,0.000409642,0.00595324,0,0.000145292,0.000960394,0.118699,0.000482306,0.000274071,0.145358,0.461582,0.130197,0.0383739,0.305732,0.305732,0.078782,0.078782,0.0410634,0.305732,0.156925,0.0690261,0.570329,0.045325,0.045325,
2.405,0.00068678,0.000199803,0.00243186,0.000242954,0.000114753,0.0715367,0.150659,0.150659,0.220805,0.304698,0.0732548,0.150801,0.134929,0.0940698,0.114282,0.114282,0.114282,0.000203473,0.0505941,0.000459159,0.00115375,0.0446931,0.159225,0.000207274,0.0427036,0.0850277,0.654551,0.11285,0.146807,0.403686,0.403686,0.150659,0.150659,0.418225,0.403686,0.321755,0.136499,0.0755043,0.096022,0.096022,0.000291627,0.00013925,0.00133865,1.20956e-05,0.00068179,0.0904846,0.08036,0.08036,0.15856,0.211779,0.281772,0.615709,0.00935258,0.107078,0.201725,0.201725,0.201725,0.000513891,0.00634799,0,0.000159497,0.000615269,0.0985,0.000452167,0.000340761,0.120946,0.466453,0.101303,0.00687817,0.289124,0.289124,0.08036,0.08036,0.0443305,0.289124,0.159542,0.0497898,0.0753807,0.045662,0.045662,
2.41,0.000469093,8.02892e-05,0.0138356,0.000383542,1.25803e-05,0.126912,0.159541,0.159541,0.544204,0.328525,0.0889081,0.279481,0.114075,0.1281,0.110969,0.110969,0.110969,0.000188206,0.0461788,0.000399722,0.00105339,0.0391036,0.181701,0.000363324,0.0371295,0.113858,0.62211,0.134509,0.137433,0.39595,0.39595,0.159541,0.159541,0.753422,0.39595,0.240735,0.226452,0.572077,0.106378,0.106378,0.0001817,0.000122693,0.000214493,1.66509e-05,0.000574099,0.164269,0.08169,0.08169,0.214632,0.268012,0.266345,0.548987,0.0121297,0.127699,0.197102,0.197102,0.197102,0.000390306,0.00555804,0,0.000144316,0.000995248,0.116022,0.000451081,0.000349947,0.141447,0.429484,0.126484,0.0386128,0.273603,0.273603,0.08169,0.08169,0.0374828,0.273603,0.147155,0.0653925,0.571699,0.045954,0.045954,
2.415,0.000599266,0.000102475,0.000938153,0.000199867,1.30413e-05,0.0618306,0.170463,0.170463,0.180127,0.274047,0.068901,0.130785,0.130975,0.088925,0.107022,0.107022,0.107022,0.000235964,0.0485516,0.000429601,0.00106738,0.0416465,0.1528,0.000123681,0.0456167,0.0816862,0.605862,0.106815,0.166208,0.385428,0.385428,0.170463,0.170463,0.362128,0.385428,0.298295,0.122319,0.0382281,0.118546,0.118546,0.000194984,0.000156034,0.000273763,2.714e-05,0.000673006,0.0810613,0.082948,0.082948,0.147494,0.194106,0.260702,0.574198,0.00884448,0.102026,0.193505,0.193505,0.193505,0.000494236,0.00599969,0,0.000157574,0.000514539,0.0949781,0.000419178,0.000283643,0.115796,0.43491,0.0961367,0.00328624,0.260007,0.260007,0.082948,0.082948,0.0410764,0.260007,0.153022,0.044774,0.0382075,0.046305,0.046305,
2.42,0.000423099,7.13196e-05,0.0131847,0.000424894,2.29646e-05,0.117995,0.183489,0.183489,0.510623,0.299527,0.0850333,0.260359,0.110005,0.12411,0.102724,0.102724,0.102724,0.000236843,0.0439826,0.000362691,0.000965778,0.0355909,0.175709,0.000433755,0.0406797,0.111445,0.564274,0.129305,0.1599,0.373256,0.373256,0.183489,0.183489,0.700561,0.373256,0.217711,0.213963,0.544725,0.132032,0.132032,0.000163189,0.000141774,0.000190531,3.64641e-05,0.000609213,0.156926,0.084275,0.084275,0.205675,0.253008,0.242414,0.498117,0.0117078,0.123242,0.191324,0.191324,0.191324,0.000379692,0.00513976,0,0.000144878,0.000947881,0.113216,0.00041197,0.000354852,0.137306,0.392524,0.122249,0.0370057,0.249248,0.249248,0.084275,0.084275,0.0336327,0.249248,0.14302,0.0601018,0.544366,0.046855,0.046855,
2.425,0.000574604,9.7165e-05,0.000254824,0.000387354,2.95728e-05,0.0536143,0.198647,0.198647,0.150894,0.254067,0.0661568,0.112712,0.129417,0.0865161,0.098398,0.098398,0.098398,0.000304861,0.0472489,0.00039681,0.00101849,0.0391323,0.148853,0.000558113,0.0499165,0.0803986,0.553898,0.103648,0.191115,0.360976,0.360976,0.198647,0.198647,0.313773,0.360976,0.285579,0.111953,0.00956506,0.146338,0.146338,0.000180718,0.00017868,0.000259577,4.69707e-05,0.00072626,0.0752757,0.0858,0.0858,0.141773,0.18459,0.239786,0.529265,0.00855095,0.0991574,0.190896,0.190896,0.190896,0.000507895,0.00565007,0,0.000162832,0.000588894,0.0937146,0.000384035,0.000411587,0.113811,0.403001,0.0934392,0.00160601,0.242256,0.242256,0.0858,0.0858,0.037843,0.242256,0.153413,0.0399548,0.00954324,0.047749,0.047749,
2.43,0.000522315,8.76691e-05,0.0027206,0.000255431,2.76215e-05,0.0629838,0.215963,0.215963,0.212506,0.250772,0.0687915,0.134718,0.123682,0.0935172,0.094408,0.094408,0.094408,0.000303173,0.0452091,0.000370345,0.000938331,0.0358977,0.152932,0.000151478,0.0504301,0.0866854,0.526099,0.107476,0.200123,0.350069,0.350069,0.215963,0.215963,0.370674,0.350069,0.261565,0.128428,0.111318,0.161153,0.161153,0.000165075,0.000182643,0.000234209,5.74826e-05,0.000735214,0.0897228,0.087663,0.087663,0.152601,0.193739,0.227878,0.49611,0.00901052,0.103037,0.192386,0.192386,0.192386,0.000470054,0.00532456,0,0.000156956,0.000519104,0.0976025,0.000369871,0.000263754,0.117895,0.381962,0.0985061,0.00846643,0.239833,0.239833,0.087663,0.087663,0.0349134,0.239833,0.151456,0.0415803,0.111255,0.049148,0.049148,
2.435,0.000545961,9.1318e-05,0.00172047,0.000267875,3.43562e-05,0.0561293,0.235388,0.235388,0.18671,0.250992,0.0679758,0.118433,0.12618,0.0926475,0.091152,0.091152,0.091152,0.000338674,0.0449048,0.000355719,0.000915466,0.0345282,0.152046,0.000166822,0.0537186,0.085844,0.499702,0.107248,0.217952,0.341331,0.341331,0.235388,0.235388,0.330962,0.341331,0.273412,0.120919,0.069637,0.176374,0.176374,0.000158388,0.000198313,0.000243957,7.1498e-05,0.000809995,0.0847501,0.089999,0.089999,0.151542,0.194088,0.217828,0.475476,0.00876428,0.102432,0.195795,0.195795,0.195795,0.000498967,0.00519381,0,0.000160852,0.00049279,0.0982253,0.000350856,0.000262538,0.118529,0.3681,0.098009,0.00585004,0.242468,0.242468,0.089999,0.089999,0.0337984,0.242468,0.160427,0.0383266,0.0696027,0.051197,0.051197,
2.44,0.000514292,8.38578e-05,0.00292184,0.00041756,5.30706e-05,0.0607285,0.256818,0.256818,0.212426,0.241735,0.0704208,0.130047,0.127311,0.0976364,0.088925,0.088925,0.088925,0.000539746,0.0474041,0.000347664,0.000957929,0.035695,0.157428,0.000553956,0.0567197,0.0912845,0.491766,0.110532,0.235071,0.334747,0.334747,0.256818,0.256818,0.35782,0.334747,0.255182,0.129046,0.119065,0.191954,0.191954,0.000154493,0.00021192,0.000223398,8.54583e-05,0.000835785,0.0925062,0.092954,0.092954,0.157695,0.196452,0.214548,0.465314,0.00936497,0.106137,0.200945,0.200945,0.200945,0.000525159,0.00549975,6.3505e-05,0.000171987,0.00161642,0.102027,0.000348396,0.000575601,0.122551,0.362191,0.102268,0.00974031,0.250222,0.250222,0.092954,0.092954,0.0325251,0.250222,0.159762,0.0393241,0.118985,0.054021,0.054021,
2.445,0.000545708,9.02509e-05,0.0028765,0.00031747,4.6462e-05,0.0593937,0.280094,0.280094,0.220088,0.257636,0.0719341,0.125472,0.128946,0.101179,0.087817,0.087817,0.087817,0.000401617,0.0449505,0.000332548,0.000881398,0.0323155,0.160294,0.000193914,0.0596171,0.0936059,0.469214,0.1143,0.251657,0.330004,0.330004,0.280094,0.280094,0.352186,0.330004,0.274755,0.13189,0.116922,0.207762,0.207762,0.000146447,0.000226125,0.000241106,9.66913e-05,0.000919508,0.095321,0.096649,0.096649,0.165182,0.209172,0.20633,0.445433,0.00929229,0.108923,0.207418,0.207418,0.207418,0.00052317,0.00499625,0,0.000168935,0.000530912,0.105738,0.00033356,0.000262409,0.127104,0.3508,0.105387,0.00927788,0.26277,0.26277,0.096649,0.096649,0.0315458,0.26277,0.173243,0.0379398,0.116861,0.057703,0.057703,
2.45,0.000570658,9.41413e-05,0.00272151,0.000337829,5.28637e-05,0.0582824,0.30499,0.30499,0.2207,0.265926,0.0739198,0.122236,0.133336,0.104606,0.087749,0.087749,0.087749,0.000436318,0.0457366,0.000328043,0.000883382,0.0319162,0.164738,0.000209036,0.0632039,0.0965912,0.460896,0.118033,0.270154,0.326968,0.326968,0.30499,0.30499,0.346515,0.326968,0.287723,0.13363,0.110221,0.223562,0.223562,0.000144186,0.000242107,0.000251499,0.000110014,0.000997106,0.0972842,0.101149,0.101149,0.171161,0.217471,0.203781,0.439213,0.0094812,0.112169,0.214591,0.214591,0.214591,0.000552716,0.00500157,0,0.000175787,0.000539947,0.109661,0.000328312,0.000267257,0.131731,0.348335,0.108866,0.00898423,0.279448,0.279448,0.101149,0.101149,0.0312871,0.279448,0.184168,0.0372178,0.110167,0.062266,0.062266,
2.455,0.000613222,0.000101047,0.00247251,0.000362202,5.79169e-05,0.0558127,0.331306,0.331306,0.222737,0.280792,0.0751853,0.11513,0.136203,0.107929,0.088585,0.088585,0.088585,0.000475696,0.0452717,0.000312773,0.000872027,0.0304857,0.167581,0.000227709,0.0672942,0.0989286,0.436756,0.121783,0.292518,0.325742,0.325742,0.331306,0.331306,0.333935,0.325742,0.308685,0.134962,0.0996928,0.239122,0.239122,0.000137559,0.000261314,0.000269948,0.00012053,0.00107726,0.0990402,0.106473,0.106473,0.178026,0.229216,0.195233,0.418716,0.00935934,0.114915,0.221665,0.221665,0.221665,0.000596713,0.00483409,0,0.000176896,0.000552451,0.113476,0.000312178,0.000262886,0.136385,0.336454,0.111729,0.00843505,0.299303,0.299303,0.106473,0.106473,0.0302857,0.299303,0.197544,0.0353852,0.0996462,0.067685,0.067685,
2.46,0.000656994,0.000108221,0.00219991,0.000384612,6.42207e-05,0.0544733,0.358794,0.358794,0.22449,0.296341,0.0776836,0.110798,0.141817,0.112186,0.09018,0.09018,0.09018,0.000514125,0.0461522,0.000308785,0.000882081,0.0301515,0.172946,0.000244993,0.0714343,0.102325,0.428648,0.126733,0.313594,0.326409,0.326409,0.358794,0.358794,0.32744,0.326409,0.330873,0.137466,0.0881313,0.254392,0.254392,0.000135941,0.000279643,0.000289113,0.000133649,0.00117051,0.101449,0.112587,0.112587,0.186102,0.24171,0.193163,0.413214,0.00951465,0.119015,0.227748,0.227748,0.227748,0.000640233,0.00484395,0,0.000183675,0.000568672,0.118367,0.000306861,0.000267717,0.142312,0.335154,0.116019,0.00782667,0.32124,0.32124,0.112587,0.112587,0.0302633,0.32124,0.212425,0.0346035,0.0880939,0.073909,0.073909,
2.465,0.000726403,0.000152547,0.00209872,0.000419195,0.000112069,0.0514513,0.386977,0.386977,0.226069,0.314658,0.0788026,0.101765,0.144561,0.115651,0.092407,0.092407,0.092407,0.000558155,0.0453245,0.000290381,0.000869296,0.0284224,0.175567,0.000266124,0.0761311,0.104619,0.399751,0.130798,0.338839,0.328905,0.328905,0.386977,0.386977,0.311246,0.328905,0.356458,0.138588,0.0737084,0.269584,0.269584,0.000160674,0.00030118,0.000732367,0.000143161,0.00126394,0.103149,0.119402,0.119402,0.193585,0.255245,0.183206,0.388597,0.00927521,0.121854,0.232149,0.232149,0.232149,0.000694181,0.00462314,0,0.000183095,0.000582524,0.122421,0.000287229,0.000265762,0.14736,0.320921,0.118869,0.00754095,0.344048,0.344048,0.119402,0.119402,0.029095,0.344048,0.227391,0.0323384,0.0736526,0.080875,0.080875,
2.47,0.000763667,0.000125591,0.00154866,0.000701178,8.61987e-05,0.0495087,0.415235,0.415235,0.229052,0.333794,0.0812071,0.0960625,0.150715,0.120207,0.095168,0.095168,0.095168,0.000631204,0.0464955,0.000282115,0.000915392,0.0287318,0.18059,0.000951328,0.0809098,0.108076,0.38496,0.13614,0.362885,0.333064,0.333064,0.415235,0.415235,0.302332,0.333064,0.382865,0.141186,0.0607653,0.284977,0.284977,0.000128238,0.000324634,0.000335519,0.000155915,0.00135229,0.105899,0.126779,0.126779,0.202468,0.26975,0.178749,0.377602,0.00943123,0.125958,0.23447,0.23447,0.23447,0.000761743,0.00458598,0,0.000194009,0.000801786,0.12747,0.000277644,0.000483313,0.153773,0.316003,0.123074,0.00634283,0.366441,0.366441,0.126779,0.126779,0.0288563,0.366441,0.243697,0.0311269,0.0607125,0.088549,0.088549,
2.475,0.000812997,0.00013379,0.00118316,0.00046327,7.89116e-05,0.0461808,0.442808,0.442808,0.229351,0.350845,0.0820358,0.0866418,0.152278,0.123249,0.098371,0.098371,0.098371,0.000641545,0.0448509,0.000263803,0.000859869,0.0259539,0.182873,0.00030655,0.085105,0.109955,0.35595,0.139727,0.387263,0.338781,0.338781,0.442808,0.442808,0.285182,0.338781,0.407225,0.1419,0.0454061,0.300626,0.300626,0.000116885,0.000343252,0.000357422,0.000164221,0.00143066,0.106836,0.134504,0.134504,0.209344,0.282461,0.168052,0.352686,0.00904598,0.128519,0.234457,0.234457,0.234457,0.000795299,0.00433997,0,0.000186332,0.000612956,0.131318,0.000257951,0.000253929,0.158241,0.301117,0.125627,0.00545751,0.387306,0.387306,0.134504,0.134504,0.0275823,0.387306,0.257945,0.028811,0.0454003,0.096984,0.096984,
2.48,0.000891415,0.000195633,0.00127454,0.000500651,0.000148743,0.043992,0.468984,0.468984,0.23351,0.370373,0.0838229,0.0793739,0.156036,0.127368,0.101863,0.101863,0.101863,0.000685171,0.0445061,0.000248433,0.000853865,0.0245275,0.18656,0.000326537,0.0896765,0.112829,0.331939,0.144469,0.411353,0.346211,0.346211,0.468984,0.468984,0.273452,0.346211,0.433763,0.144134,0.0340406,0.316284,0.316284,0.000158837,0.000363659,0.00100499,0.000175807,0.00153924,0.109421,0.142335,0.142335,0.217955,0.297231,0.160202,0.332283,0.00894649,0.132018,0.23196,0.23196,0.23196,0.000849409,0.00417811,0,0.000188347,0.000631684,0.135918,0.000241612,0.000258074,0.163979,0.290119,0.129306,0.00563359,0.405915,0.405915,0.142335,0.142335,0.0267054,0.405915,0.274252,0.0269993,0.0340008,0.106312,0.106312,
2.485,0.000916068,0.000150132,0.000622299,0.000513673,9.31568e-05,0.0415377,0.493534,0.493534,0.235089,0.386174,0.0854782,0.0727557,0.160163,0.130971,0.105452,0.105452,0.105452,0.000801897,0.0453034,0.000236743,0.000872494,0.0241965,0.190166,0.000381684,0.093747,0.115406,0.312348,0.148633,0.434082,0.355789,0.355789,0.493534,0.493534,0.261961,0.355789,0.45665,0.1457,0.0217169,0.331658,0.331658,0.000105521,0.000382933,0.000400764,0.00018667,0.00160956,0.111075,0.150094,0.150094,0.225366,0.309609,0.153144,0.316276,0.00888512,0.135174,0.22692,0.22692,0.22692,0.000909781,0.00423465,3.18756e-05,0.000191702,0.00115444,0.14013,0.000228652,0.000353399,0.169014,0.281124,0.13261,0.0044254,0.421995,0.421995,0.150094,0.150094,0.0260145,0.421995,0.28857,0.0254394,0.0217294,0.116732,0.116732,
2.49,0.000960996,0.000157772,0.000397372,0.000539626,9.62517e-05,0.0381949,0.5167,0.5167,0.238881,0.403061,0.0860871,0.0632893,0.161223,0.133987,0.108988,0.108988,0.108988,0.000798775,0.0433567,0.000211442,0.000831102,0.0213781,0.19137,0.000380794,0.0977782,0.117113,0.274055,0.151911,0.457412,0.367885,0.367885,0.5167,0.5167,0.244977,0.367885,0.479577,0.146607,0.0121838,0.346771,0.346771,9.45855e-05,0.000403082,0.000421354,0.000197209,0.00169374,0.112776,0.157666,0.157666,0.232322,0.32263,0.138974,0.282594,0.00858242,0.137168,0.219426,0.219426,0.219426,0.000948495,0.00382882,1.37216e-05,0.000188765,0.000878,0.143472,0.000202963,0.000282597,0.173192,0.260267,0.134805,0.00381918,0.435702,0.435702,0.157666,0.157666,0.0242223,0.435702,0.302887,0.0227311,0.0122039,0.128523,0.128523,
2.495,0.000997004,0.000163888,0.000109679,0.000559507,0.000101027,0.036759,0.539081,0.539081,0.238678,0.415961,0.0883263,0.0589391,0.166401,0.137709,0.11238,0.11238,0.11238,0.000800584,0.043903,0.000208235,0.000829856,0.0207921,0.196254,0.000380798,0.101548,0.120139,0.267083,0.156258,0.476408,0.382456,0.382456,0.539081,0.539081,0.237678,0.382456,0.498697,0.148425,0,0.361939,0.361939,9.32085e-05,0.000419903,0.000437827,0.000210245,0.00178133,0.114654,0.165058,0.165058,0.239258,0.333252,0.137202,0.278125,0.00874842,0.140809,0.209813,0.209813,0.209813,0.000979676,0.00377702,0,0.00019537,0.000671176,0.147838,0.000198384,0.000242776,0.178473,0.259366,0.138631,0.00306398,0.447448,0.447448,0.165058,0.165058,0.024218,0.447448,0.316276,0.0219751,2.96808e-05,0.14201,0.14201,
2.5,0.00104328,0.000171332,0.000117208,0.000590502,0.000107962,0.0331328,0.56161,0.56161,0.249111,0.433896,0.0886964,0.0485569,0.165885,0.141146,0.115612,0.115612,0.115612,0.000848175,0.0414201,0.000169169,0.000777196,0.0170885,0.196262,0.000402799,0.105632,0.12186,0.210125,0.159456,0.502363,0.399016,0.399016,0.56161,0.56161,0.219879,0.399016,0.521771,0.150075,0,0.377604,0.377604,7.61809e-05,0.000441389,0.000457714,0.000224678,0.00188183,0.11751,0.172466,0.172466,0.24753,0.348467,0.115529,0.226368,0.00835957,0.142414,0.198651,0.198651,0.198651,0.00102904,0.00330124,0,0.000190955,0.000689612,0.151155,0.000160381,0.000225458,0.182602,0.226344,0.14085,0.00325506,0.457887,0.457887,0.172466,0.172466,0.0212497,0.457887,0.332554,0.0183741,3.17183e-05,0.157476,0.157476,
2.505,0.00107471,0.000176162,0.000124984,0.000955173,0.000130381,0.0338585,0.585262,0.585262,0.25615,0.446105,0.0922489,0.0495591,0.173712,0.146475,0.11871,0.11871,0.11871,0.000925726,0.0441761,0.000172232,0.000849749,0.0187927,0.203544,0.00128053,0.109932,0.126659,0.213168,0.165247,0.521946,0.416876,0.416876,0.585262,0.585262,0.224731,0.416876,0.537796,0.15472,4.64879e-05,0.394267,0.394267,8.18655e-05,0.000461462,0.000470619,0.000240918,0.0019758,0.121993,0.180188,0.180188,0.256413,0.360042,0.118184,0.230793,0.00895837,0.147494,0.186669,0.186669,0.186669,0.00108448,0.00345571,0,0.000210308,0.000970105,0.156629,0.000163284,0.000523967,0.189466,0.231981,0.146238,0.00344331,0.467848,0.467848,0.180188,0.180188,0.0217847,0.467848,0.345883,0.0187121,3.38224e-05,0.175067,0.175067,
2.51,0.00113268,0.000185706,0.000134396,0.000817274,0.000131365,0.0296371,0.610777,0.610777,0.269542,0.469169,0.0927953,0.0372373,0.172717,0.150555,0.121662,0.121662,0.121662,0.000959054,0.0407785,0.000125798,0.000761684,0.0137141,0.2035,0.00087065,0.114193,0.12849,0.145748,0.169077,0.550676,0.435388,0.435388,0.610777,0.610777,0.204341,0.435388,0.567332,0.156923,2.30691e-05,0.41235,0.41235,5.95651e-05,0.000483556,0.000496115,0.000258288,0.00210105,0.125332,0.18853,0.18853,0.266688,0.379183,0.0923212,0.169196,0.00843772,0.149412,0.174716,0.174716,0.174716,0.00113276,0.00288345,0,0.000201282,0.000863976,0.160602,0.000118093,0.000359213,0.194297,0.192727,0.149034,0.00365578,0.478027,0.478027,0.18853,0.18853,0.0182753,0.478027,0.366461,0.0144834,3.63696e-05,0.194694,0.194694,
2.515,0.00119702,0.000255715,0.000586979,0.000695179,0.000213127,0.0278121,0.638496,0.638496,0.276995,0.482037,0.0951347,0.0311611,0.17617,0.155659,0.124392,0.124392,0.124392,0.000995488,0.040162,0.000103866,0.000711563,0.0109854,0.208251,0.000466428,0.119301,0.132555,0.11325,0.174087,0.579383,0.453862,0.453862,0.638496,0.638496,0.194491,0.453862,0.585659,0.160001,5.24291e-05,0.432149,0.432149,0.000106267,0.00050587,0.00127195,0.000280283,0.00224215,0.129193,0.197764,0.197764,0.276283,0.393097,0.0806481,0.139993,0.00849911,0.153489,0.163512,0.163512,0.163512,0.00116745,0.00268143,0,0.000204146,0.000752537,0.166025,9.66304e-05,0.000225406,0.200607,0.175796,0.153828,0.00483428,0.488856,0.488856,0.197764,0.197764,0.0165576,0.488856,0.383732,0.0123992,3.95681e-05,0.216032,0.216032,
2.52,0.00118269,0.000186513,0.00535274,0.000748492,0.000184551,0.0522,0.667864,0.667864,0.429083,0.511602,0.106858,0.0867852,0.178861,0.177079,0.126781,0.126781,0.126781,0.00189352,0.0497045,7.65826e-05,0.000939656,0.01669,0.226269,0.00088007,0.121041,0.150371,0.0957269,0.190731,0.600386,0.471265,0.471265,0.667864,0.667864,0.343786,0.471265,0.580752,0.204519,0.214879,0.454004,0.454004,3.4404e-05,0.000512775,0.000494787,0.000304613,0.00232657,0.165927,0.208091,0.208091,0.313853,0.435436,0.0736865,0.108102,0.0102224,0.168515,0.153538,0.153538,0.153538,0.00133802,0.00434444,0.000351878,0.000222543,0.00654645,0.180579,9.34805e-05,0.00137426,0.217392,0.160773,0.17225,0.020896,0.500365,0.500365,0.208091,0.208091,0.0137794,0.500365,0.40086,0.0191215,0.214785,0.238628,0.238628,
2.525,0.00123137,0.000201081,0.000175998,0.000841307,0.000166066,0.0257198,0.697407,0.697407,0.291409,0.506886,0.102358,0.0248688,0.190021,0.167004,0.128689,0.128689,0.128689,0.0011059,0.0430579,8.01524e-05,0.000711582,0.00929666,0.221384,0.000771024,0.127676,0.141819,0.076391,0.18551,0.625665,0.486214,0.486214,0.697407,0.697407,0.186792,0.486214,0.622693,0.167554,4.91614e-05,0.4782,0.4782,3.76669e-05,0.000546097,0.000537191,0.000336175,0.00252089,0.13769,0.219661,0.219661,0.297025,0.421265,0.0674241,0.108544,0.00951693,0.163085,0.145152,0.145152,0.145152,0.00124685,0.00268737,0,0.000234713,0.000874054,0.177761,7.33815e-05,0.000324255,0.214548,0.159606,0.165661,0.00441855,0.51178,0.51178,0.219661,0.219661,0.0149855,0.51178,0.42221,0.0102741,8.21393e-05,0.26201,0.26201,
2.53,0.00126893,0.000204111,0.000192336,0.000810918,0.000195737,0.0256232,0.724925,0.724925,0.295423,0.513067,0.10714,0.0243545,0.200512,0.173311,0.130015,0.130015,0.130015,0.0015268,0.0497738,7.89055e-05,0.000821155,0.0126155,0.230426,0.000814736,0.132375,0.147667,0.0730253,0.191857,0.651478,0.49737,0.49737,0.724925,0.724925,0.186621,0.49737,0.636913,0.171393,6.3277e-06,0.504638,0.504638,3.58147e-05,0.000564388,0.000543776,0.000368807,0.00267699,0.141873,0.232468,0.232468,0.307623,0.432908,0.0667934,0.106225,0.010299,0.169019,0.138728,0.138728,0.138728,0.00135046,0.0036811,0.000152337,0.000259446,0.0032776,0.184563,7.15584e-05,0.000796733,0.222151,0.160659,0.173014,0.00578602,0.521798,0.521798,0.232468,0.232468,0.014875,0.521798,0.441404,0.0100823,5.20396e-05,0.285666,0.285666,
2.535,0.00119612,0.000191165,0.00634926,0.00100741,0.000216084,0.057732,0.747906,0.747906,0.465382,0.533356,0.122072,0.0986669,0.204296,0.198075,0.130716,0.130716,0.130716,0.00153834,0.0532429,7.97027e-05,0.000845485,0.0130041,0.255577,0.0011477,0.132931,0.169729,0.100386,0.211079,0.658677,0.503872,0.503872,0.747906,0.747906,0.378233,0.503872,0.60857,0.224314,0.25406,0.53276,0.53276,3.56501e-05,0.000567546,0.000509296,0.00040146,0.00278245,0.185412,0.246271,0.246271,0.347465,0.472803,0.0777142,0.113878,0.0131452,0.187742,0.134718,0.134718,0.134718,0.00130921,0.00385684,0.000141568,0.000284851,0.00340317,0.201371,0.000101189,0.00089848,0.242013,0.173609,0.195142,0.0228308,0.529378,0.529378,0.246271,0.246271,0.0141942,0.529378,0.452606,0.0211055,0.253929,0.308959,0.308959,
2.54,0.00128274,0.000203254,0.000233395,0.000923245,0.000250224,0.025533,0.764321,0.764321,0.29396,0.509841,0.116579,0.0248725,0.221233,0.183627,0.130788,0.130788,0.130788,0.00192384,0.0602334,8.2206e-05,0.000930348,0.0163257,0.246981,0.00117275,0.138391,0.15777,0.0757096,0.201689,0.683318,0.505495,0.505495,0.764321,0.764321,0.18546,0.505495,0.647103,0.175812,1.68456e-05,0.561507,0.561507,3.67734e-05,0.000589016,0.000540279,0.000447762,0.00301552,0.148412,0.260767,0.260767,0.323677,0.446807,0.0683887,0.1101,0.0124557,0.178708,0.133546,0.133546,0.133546,0.00143806,0.00489567,0.000274381,0.000319454,0.00529984,0.195484,7.4221e-05,0.00131855,0.234415,0.167197,0.186425,0.00725123,0.534044,0.534044,0.260767,0.260767,0.0150217,0.534044,0.476051,0.0102589,6.31431e-05,0.331139,0.331139,
2.545,0.00123115,0.000199514,0.000253152,0.000821083,0.000234291,0.0251405,0.772696,0.772696,0.289132,0.502908,0.119523,0.024506,0.225331,0.185958,0.130299,0.130299,0.130299,0.00125792,0.0554379,8.169e-05,0.000705557,0.00952109,0.251529,0.000608458,0.137993,0.160056,0.0751949,0.203455,0.680166,0.502572,0.502572,0.772696,0.772696,0.183054,0.502572,0.641349,0.175856,3.38186e-06,0.589818,0.589818,3.4286e-05,0.000590248,0.000533002,0.000485367,0.0031667,0.149908,0.275535,0.275535,0.326726,0.448227,0.0675434,0.110232,0.0134224,0.180759,0.135561,0.135561,0.135561,0.00127921,0.0036626,0,0.000333593,0.000841568,0.197835,7.44986e-05,0.000356365,0.237216,0.168153,0.190233,0.00552439,0.535852,0.535852,0.275535,0.275535,0.0149245,0.535852,0.487676,0.0102649,6.85065e-05,0.351506,0.351506,
2.55,0.0012163,0.000196628,0.000283116,0.00133008,0.000280047,0.0248757,0.77194,0.77194,0.285157,0.49571,0.124147,0.0247647,0.236559,0.189387,0.129379,0.129379,0.129379,0.00134408,0.0607898,8.14735e-05,0.000777781,0.0116983,0.257289,0.00189667,0.138035,0.163343,0.0751474,0.206335,0.679268,0.495739,0.495739,0.77194,0.77194,0.180625,0.495739,0.640542,0.175731,0.000282803,0.616833,0.616833,4.0623e-05,0.000593047,0.000525293,0.000535079,0.00336588,0.152274,0.289946,0.289946,0.332063,0.451342,0.0676987,0.11068,0.0149715,0.18342,0.14103,0.14103,0.14103,0.00130002,0.00404284,0,0.000379637,0.00123149,0.200817,7.44313e-05,0.000819922,0.241028,0.169653,0.195755,0.00585944,0.535155,0.535155,0.289946,0.289946,0.0150368,0.535155,0.505221,0.0103296,0.000284969,0.369577,0.369577,
2.555,0.00138478,0.000196787,0.000298678,0.00115836,0.000455828,0.0245182,0.761273,0.761273,0.281955,0.482254,0.129706,0.0255967,0.258832,0.192401,0.128116,0.128116,0.128116,0.00509828,0.10519,8.39738e-05,0.0018644,0.0472654,0.262326,0.00317289,0.139041,0.166511,0.0783588,0.208905,0.70014,0.485621,0.485621,0.761273,0.761273,0.175467,0.485621,0.652629,0.173367,4.76095e-05,0.641791,0.641791,4.11034e-05,0.000577274,0.000510621,0.000573241,0.00350595,0.151129,0.303317,0.303317,0.339537,0.452936,0.0685397,0.109006,0.0159387,0.185924,0.150028,0.150028,0.150028,0.00205936,0.0125447,0.0015245,0.000453436,0.0254299,0.204143,7.23777e-05,0.00571891,0.242356,0.168102,0.20275,0.0169168,0.532501,0.532501,0.303317,0.303317,0.0147289,0.532501,0.524981,0.0102044,8.07326e-05,0.385115,0.385115,
2.56,0.00150721,0.000196228,0.000321449,0.000806258,0.000587393,0.024217,0.740534,0.740534,0.27862,0.47028,0.134791,0.0262481,0.276945,0.194383,0.126551,0.126551,0.126551,0.00793535,0.139464,8.52503e-05,0.00265862,0.0736326,0.265946,0.00361584,0.137354,0.168251,0.0809999,0.210336,0.70536,0.472637,0.472637,0.740534,0.740534,0.171389,0.472637,0.662014,0.170801,0,0.663926,0.663926,3.89011e-05,0.000553573,0.000497588,0.000615014,0.00366618,0.149801,0.315025,0.315025,0.34556,0.454361,0.0685757,0.106971,0.0169473,0.187324,0.162306,0.162306,0.162306,0.00261475,0.0191256,0.00269004,0.000513904,0.043774,0.206179,7.02449e-05,0.00929931,0.242617,0.166218,0.208783,0.0254073,0.528709,0.528709,0.315025,0.315025,0.0144853,0.528709,0.544937,0.0101908,8.68227e-05,0.398114,0.398114,
2.565,0.00175265,0.000198707,0.000342087,0.000814126,0.000835448,0.0241091,0.710535,0.710535,0.277675,0.457367,0.141121,0.0278485,0.305406,0.196779,0.124703,0.124703,0.124703,0.0131509,0.200528,8.82363e-05,0.00420916,0.123951,0.269461,0.00602976,0.136871,0.17048,0.0856858,0.2124,0.723641,0.45719,0.45719,0.710535,0.710535,0.166831,0.45719,0.682829,0.167265,0,0.682444,0.682444,4.37336e-05,0.000524902,0.000483266,0.000653651,0.00380788,0.147608,0.32449,0.32449,0.353964,0.456502,0.0701922,0.104592,0.0180285,0.188865,0.177249,0.177249,0.177249,0.00368418,0.0308511,0.00480516,0.000612768,0.0775483,0.208506,6.70851e-05,0.0163037,0.242312,0.163596,0.21614,0.0406521,0.524621,0.524621,0.32449,0.32449,0.0143071,0.524621,0.568318,0.0101572,9.22773e-05,0.408736,0.408736,
2.57,0.00194514,0.000198147,0.000361522,0.000850405,0.00105032,0.0264389,0.673503,0.673503,0.273214,0.440132,0.148224,0.0357502,0.333858,0.199148,0.122626,0.122626,0.122626,0.0175862,0.255315,0.000115081,0.00557464,0.169331,0.275836,0.00818187,0.135248,0.173396,0.124779,0.214738,0.729743,0.440134,0.440134,0.673503,0.673503,0.175357,0.440134,0.6937,0.165088,5.61247e-06,0.696832,0.696832,5.89883e-05,0.000493081,0.000463927,0.000690282,0.00393157,0.145889,0.331287,0.331287,0.360379,0.454487,0.0853065,0.134883,0.0195395,0.191438,0.193902,0.193902,0.193902,0.00457962,0.0412196,0.00660711,0.000709145,0.106352,0.210944,8.79977e-05,0.0223247,0.242524,0.183172,0.223863,0.0536251,0.521012,0.521012,0.331287,0.331287,0.01612,0.521012,0.586352,0.0124233,9.74257e-05,0.417176,0.417176,
2.575,0.00219687,0.000295246,0.00102704,0.00117264,0.00139162,0.0291298,0.632847,0.632847,0.271836,0.428136,0.154633,0.0432529,0.361425,0.20068,0.12044,0.12044,0.12044,0.0220986,0.310568,0.000138849,0.0069991,0.216035,0.27997,0.0110419,0.132903,0.175156,0.160693,0.216458,0.73031,0.422815,0.422815,0.632847,0.632847,0.184278,0.422815,0.709483,0.162791,0.000125625,0.706971,0.706971,0.00016438,0.000457913,0.00157403,0.000719805,0.00405793,0.144345,0.335164,0.335164,0.36624,0.453591,0.100328,0.16181,0.0209333,0.192915,0.211065,0.211065,0.211065,0.0055102,0.051648,0.00843156,0.000807441,0.135726,0.212079,0.000105965,0.0286563,0.241778,0.200925,0.230386,0.0680937,0.518915,0.518915,0.335164,0.335164,0.0179617,0.518915,0.603475,0.0145381,0.000101421,0.423687,0.423687,
2.58,0.00231442,0.000198586,0.000393889,0.000772809,0.00144849,0.0322172,0.592504,0.592504,0.266982,0.411401,0.16117,0.0536243,0.386211,0.201442,0.118299,0.118299,0.118299,0.0259481,0.358976,0.000174801,0.00816331,0.255817,0.285134,0.0119446,0.127757,0.176247,0.213422,0.217292,0.718724,0.406686,0.406686,0.592504,0.592504,0.199425,0.406686,0.71731,0.160684,0,0.71311,0.71311,9.15927e-05,0.000412123,0.000431246,0.000750672,0.00413544,0.141398,0.336045,0.336045,0.370319,0.449668,0.11928,0.204449,0.0223298,0.194349,0.227349,0.227349,0.227349,0.00625681,0.0609769,0.0100257,0.000886871,0.160911,0.212946,0.000136315,0.0336483,0.24005,0.227827,0.23683,0.0780889,0.519162,0.519162,0.336045,0.336045,0.0205576,0.519162,0.618285,0.0178373,0.000105974,0.428592,0.428592,
2.585,0.00238142,0.000197749,0.000407196,0.000739546,0.00153688,0.0349243,0.555923,0.555923,0.264466,0.403436,0.165519,0.0612122,0.400598,0.201394,0.11636,0.11636,0.11636,0.0276444,0.382524,0.000199981,0.00871605,0.274961,0.287749,0.012722,0.122229,0.176077,0.251836,0.217359,0.695316,0.392881,0.392881,0.555923,0.555923,0.212437,0.392881,0.7216,0.159524,0,0.715628,0.715628,0.000104985,0.000376983,0.000422048,0.000775874,0.00422904,0.140183,0.334032,0.334032,0.372168,0.447632,0.133753,0.236393,0.0235416,0.1946,0.24148,0.24148,0.24148,0.00658042,0.0653417,0.0107288,0.000937658,0.172143,0.212429,0.000158891,0.0360031,0.238592,0.248739,0.240546,0.0831158,0.521546,0.521546,0.334032,0.334032,0.0227425,0.521546,0.629009,0.0204126,0.000109532,0.43249,0.43249,
2.59,0.00249506,0.000199121,0.000416532,0.000720117,0.00165369,0.0371734,0.525076,0.525076,0.264468,0.398237,0.169599,0.0675306,0.416389,0.201842,0.114766,0.114766,0.114766,0.0300788,0.41313,0.000220517,0.0094821,0.300607,0.290157,0.013846,0.118645,0.176373,0.282834,0.218044,0.68476,0.382125,0.382125,0.525076,0.525076,0.22284,0.382125,0.732016,0.158612,0,0.714968,0.714968,0.000116613,0.00034704,0.000415819,0.000793332,0.00429433,0.138947,0.329259,0.329259,0.375386,0.447458,0.145698,0.261083,0.0244332,0.195221,0.252494,0.252494,0.252494,0.00706954,0.0711712,0.011728,0.000991103,0.188105,0.212592,0.000176049,0.0393254,0.237536,0.264806,0.244382,0.0902371,0.524676,0.524676,0.329259,0.329259,0.0244575,0.524676,0.639732,0.0224218,0.000111996,0.43627,0.43627,
2.595,0.00247062,0.000196575,0.000425379,0.000913225,0.00166633,0.0386105,0.500497,0.500497,0.261023,0.3926,0.171212,0.0715714,0.420249,0.200443,0.113594,0.113594,0.113594,0.0299431,0.414844,0.000233271,0.00949318,0.301609,0.289754,0.014338,0.11325,0.174802,0.303379,0.216541,0.655327,0.374801,0.374801,0.500497,0.500497,0.230077,0.374801,0.727318,0.157161,3.1094e-05,0.71139,0.71139,0.000126238,0.000324237,0.000409538,0.000811208,0.00435937,0.138167,0.321936,0.321936,0.373625,0.44402,0.15324,0.279035,0.0253122,0.193832,0.259833,0.259833,0.259833,0.00702337,0.0712482,0.0116753,0.00101247,0.187436,0.210455,0.000188799,0.0393663,0.235449,0.276345,0.244819,0.0898695,0.526593,0.526593,0.321936,0.321936,0.0257882,0.526593,0.643484,0.0239264,0.000114394,0.44085,0.44085,
2.6,0.00246267,0.000195696,0.000430822,0.000786902,0.00166817,0.0398081,0.481619,0.481619,0.259801,0.390498,0.172323,0.0746476,0.422413,0.199305,0.112852,0.112852,0.112852,0.0299321,0.416562,0.000243155,0.00949951,0.302514,0.289265,0.0140823,0.10882,0.173354,0.319409,0.215405,0.632969,0.370942,0.370942,0.481619,0.481619,0.236462,0.370942,0.726553,0.156401,1.76132e-05,0.70494,0.70494,0.000130276,0.000303433,0.000407077,0.00082125,0.00439972,0.137328,0.312364,0.312364,0.372691,0.442471,0.158876,0.292539,0.0257786,0.192808,0.263384,0.263384,0.263384,0.00700011,0.0715455,0.0116868,0.00102174,0.187549,0.208911,0.000198473,0.0393365,0.233671,0.285002,0.245153,0.089921,0.525484,0.525484,0.312364,0.312364,0.0267815,0.525484,0.646626,0.0251066,0.000115866,0.446833,0.446833,
2.605,0.00229609,0.000226236,0.000688948,0.000616435,0.00157351,0.0406884,0.467403,0.467403,0.252791,0.385187,0.170409,0.0764019,0.409259,0.195631,0.112533,0.112533,0.112533,0.0267439,0.382547,0.000249783,0.00854587,0.272688,0.285898,0.012273,0.101842,0.169632,0.331911,0.211352,0.585888,0.370257,0.370257,0.467403,0.467403,0.241766,0.370257,0.70396,0.15505,3.02285e-05,0.695621,0.695621,0.000164406,0.000287075,0.000840744,0.000828968,0.0044337,0.136602,0.30092,0.30092,0.364826,0.43503,0.162599,0.305814,0.0261476,0.189511,0.263458,0.263458,0.263458,0.0062993,0.064868,0.0104144,0.000985069,0.167124,0.204553,0.000208761,0.0350493,0.230293,0.293504,0.241354,0.0813351,0.519977,0.519977,0.30092,0.30092,0.0276799,0.519977,0.639049,0.026216,0.000117027,0.454309,0.454309,
2.61,0.0023624,0.000241669,0.000808924,0.000617516,0.00166511,0.0407134,0.456486,0.456486,0.248336,0.37401,0.170635,0.0774257,0.414815,0.194171,0.112717,0.112717,0.112717,0.0283258,0.400465,0.000253355,0.00901804,0.288275,0.28443,0.0130074,0.100965,0.16877,0.337307,0.209671,0.586993,0.372284,0.372284,0.456486,0.456486,0.239614,0.372284,0.700333,0.152147,4.44647e-05,0.683665,0.683665,0.000182803,0.000274597,0.00103545,0.000829249,0.00441609,0.134166,0.288056,0.288056,0.362885,0.429031,0.164456,0.308471,0.0262227,0.18814,0.260744,0.260744,0.260744,0.00661285,0.0684133,0.011061,0.00100855,0.177437,0.203106,0.000210399,0.0371874,0.227558,0.293926,0.2411,0.0861639,0.509302,0.509302,0.288056,0.288056,0.0276649,0.509302,0.637245,0.0263419,0.000117067,0.462846,0.462846,
2.615,0.00213033,0.000177411,0.000434111,0.000986564,0.00146787,0.0410155,0.447235,0.447235,0.237835,0.363062,0.167568,0.0791939,0.400628,0.189984,0.113581,0.113581,0.113581,0.0249628,0.364684,0.000260644,0.00807208,0.258301,0.280564,0.0124789,0.0958331,0.165283,0.349062,0.205004,0.546419,0.376602,0.376602,0.447235,0.447235,0.24286,0.376602,0.66857,0.150047,5.72346e-05,0.669495,0.669495,0.000139415,0.000271761,0.000378009,0.000829564,0.00437806,0.133163,0.274311,0.274311,0.352357,0.41708,0.16788,0.322848,0.0266033,0.184401,0.256269,0.256269,0.256269,0.00589152,0.0611808,0.0096891,0.000975706,0.155832,0.198216,0.000221667,0.0330149,0.223931,0.302329,0.235765,0.0755402,0.493514,0.493514,0.274311,0.274311,0.0285083,0.493514,0.622174,0.0273222,0.000116879,0.471791,0.471791,
2.62,0.00213638,0.000239073,0.000892945,0.00109738,0.00156138,0.0413571,0.437838,0.437838,0.228705,0.346737,0.166116,0.080804,0.399383,0.187252,0.115303,0.115303,0.115303,0.0251859,0.367479,0.000267758,0.00815396,0.261491,0.278273,0.0128392,0.0949624,0.163846,0.359674,0.201933,0.540458,0.382679,0.382679,0.437838,0.437838,0.241521,0.382679,0.650199,0.146777,0.000126382,0.653286,0.653286,0.000205264,0.000265551,0.00115953,0.000823127,0.00433291,0.130687,0.260219,0.260219,0.346022,0.40558,0.172019,0.331948,0.0266133,0.182218,0.251306,0.251306,0.251306,0.00591809,0.0617376,0.00977993,0.000979816,0.157339,0.195514,0.000228365,0.0334127,0.220488,0.307091,0.233274,0.0771111,0.473407,0.473407,0.260219,0.260219,0.0287506,0.473407,0.611105,0.0277597,0.000115913,0.480593,0.480593,
2.625,0.00206006,0.000163788,0.000426301,0.000767294,0.00146163,0.0421994,0.426544,0.426544,0.218141,0.328459,0.164753,0.0849124,0.396835,0.184137,0.118016,0.118016,0.118016,0.0251238,0.367425,0.000285043,0.00811916,0.261873,0.276875,0.012068,0.0926029,0.162126,0.38421,0.198527,0.528392,0.389669,0.389669,0.426544,0.426544,0.245789,0.389669,0.628111,0.144006,3.03773e-05,0.635156,0.635156,0.000146149,0.000253275,0.000340725,0.000813783,0.00423851,0.127362,0.246318,0.246318,0.338748,0.392419,0.17998,0.354044,0.0265736,0.180225,0.247195,0.247195,0.247195,0.00585914,0.061899,0.00977923,0.000972354,0.157076,0.192804,0.000245121,0.0331528,0.216558,0.319667,0.230756,0.0760009,0.450111,0.450111,0.246318,0.246318,0.0296729,0.450111,0.597766,0.0291626,0.00011476,0.488814,0.488814,
2.63,0.00180087,0.000129605,0.0153533,0.0015278,0.0014235,0.11719,0.411968,0.411968,0.628551,0.375327,0.185785,0.257502,0.371376,0.226922,0.1218,0.1218,0.1218,0.0237419,0.350933,0.000253665,0.00776562,0.248138,0.308223,0.0131039,0.082246,0.198153,0.407379,0.227495,0.484037,0.396533,0.396533,0.411968,0.411968,0.695641,0.396533,0.534869,0.261699,0.618032,0.615522,0.615522,0.00013765,0.00022189,0.000254978,0.000800923,0.00408357,0.222463,0.233119,0.233119,0.408733,0.465977,0.188086,0.331044,0.0306516,0.2077,0.245128,0.245128,0.245128,0.0054565,0.0584312,0.00921622,0.000951875,0.149041,0.214345,0.00028692,0.0318427,0.243885,0.316378,0.262485,0.112893,0.425032,0.425032,0.233119,0.233119,0.0256242,0.425032,0.577871,0.0531925,0.617627,0.496156,0.496156,
2.635,0.00161057,0.000132676,0.000421063,0.00046485,0.00118523,0.0424669,0.393459,0.393459,0.178544,0.272622,0.155961,0.089249,0.363875,0.171426,0.126639,0.126639,0.126639,0.0190742,0.301696,0.000308116,0.00629057,0.206111,0.266445,0.00869904,0.0818259,0.153295,0.419837,0.183905,0.449755,0.402474,0.402474,0.393459,0.393459,0.244998,0.402474,0.529737,0.133783,0,0.59504,0.59504,0.000147426,0.000233224,0.000281529,0.000803925,0.00408212,0.119607,0.22109,0.22109,0.307431,0.347819,0.189825,0.391233,0.0267596,0.16986,0.245743,0.245743,0.245743,0.00447193,0.0491639,0.00736349,0.000889159,0.118249,0.179885,0.000274731,0.0250109,0.203376,0.339319,0.216756,0.0585636,0.399849,0.399849,0.22109,0.22109,0.0308142,0.399849,0.549104,0.0312554,0.000113492,0.502277,0.502277,
2.64,0.00191986,0.000118651,0.0148932,0.00173828,0.00160174,0.118287,0.37122,0.37122,0.595802,0.329892,0.185534,0.264827,0.387875,0.221278,0.132443,0.132443,0.132443,0.027799,0.3994,0.000302854,0.0090647,0.292529,0.307441,0.0155275,0.0822378,0.196547,0.474603,0.222159,0.490888,0.407065,0.407065,0.37122,0.37122,0.693488,0.407065,0.506563,0.251558,0.599484,0.574345,0.574345,0.000162726,0.000197657,0.000209361,0.000779746,0.00390004,0.212571,0.210649,0.210649,0.396214,0.435963,0.213984,0.389861,0.0309278,0.204822,0.249053,0.249053,0.249053,0.00625319,0.067893,0.0108677,0.00101501,0.175513,0.210128,0.000327801,0.0374881,0.235977,0.351221,0.260098,0.123226,0.376366,0.376366,0.210649,0.210649,0.0284836,0.376366,0.55546,0.0560873,0.599058,0.506642,0.506642,
2.645,0.00177477,0.000122914,0.000409555,0.000955318,0.00141312,0.0475369,0.346159,0.346159,0.160698,0.231162,0.158359,0.105998,0.387126,0.168477,0.139165,0.139165,0.139165,0.024014,0.361814,0.000370708,0.00791608,0.261105,0.269495,0.0122161,0.0819522,0.154233,0.50822,0.181317,0.457782,0.409973,0.409973,0.346159,0.346159,0.265268,0.409973,0.506298,0.128712,6.70492e-05,0.554107,0.554107,0.000182824,0.000205358,0.000235653,0.000782916,0.00389966,0.113459,0.202073,0.202073,0.299777,0.322145,0.22475,0.46765,0.0275474,0.169515,0.2547,0.2547,0.2547,0.00546297,0.060713,0.00936263,0.000975227,0.150505,0.177681,0.000329772,0.0320444,0.197744,0.386906,0.21754,0.0726044,0.356045,0.356045,0.202073,0.202073,0.0348551,0.356045,0.529411,0.0362362,0.000110254,0.508656,0.508656,
2.65,0.00187302,0.000118695,0.000403442,0.000752556,0.00152163,0.0514052,0.319711,0.319711,0.152504,0.211092,0.160437,0.117526,0.400319,0.167212,0.146929,0.146929,0.146929,0.0267546,0.395345,0.000413926,0.00878164,0.291176,0.272575,0.0130085,0.080907,0.154908,0.569876,0.180485,0.457925,0.41082,0.41082,0.319711,0.319711,0.28275,0.41082,0.496919,0.127156,4.03951e-05,0.535213,0.535213,0.000200373,0.000181539,0.000213146,0.000769938,0.00380201,0.110087,0.195513,0.195513,0.296707,0.309626,0.248615,0.520911,0.027928,0.170143,0.26217,0.26217,0.26217,0.00599569,0.0673426,0.0104974,0.00101506,0.16846,0.17711,0.000368394,0.0356421,0.19497,0.420866,0.218953,0.0805284,0.339456,0.339456,0.195513,0.195513,0.03778,0.339456,0.520201,0.0398815,0.00010853,0.507847,0.507847,
2.655,0.00213623,0.000120587,0.000397795,0.00188992,0.00181027,0.0555072,0.293519,0.293519,0.150844,0.19626,0.165788,0.129991,0.431784,0.169713,0.155983,0.155983,0.155983,0.0324352,0.463595,0.0004573,0.010683,0.352906,0.279349,0.0183992,0.0853622,0.159371,0.629907,0.183931,0.489946,0.409262,0.409262,0.293519,0.293519,0.299741,0.409262,0.509067,0.126746,0.000191772,0.518675,0.518675,0.000236914,0.000174266,0.000195873,0.000762476,0.00372963,0.108947,0.190952,0.190952,0.301224,0.303958,0.274579,0.572101,0.0289406,0.173705,0.271141,0.271141,0.271141,0.00721523,0.0801188,0.0127522,0.00112608,0.205305,0.179874,0.000404073,0.0440342,0.195955,0.454483,0.224578,0.0965788,0.326261,0.326261,0.190952,0.190952,0.0409233,0.326261,0.521284,0.0432995,0.000106863,0.504114,0.504114,
2.66,0.00233191,0.000123608,0.000389519,0.000487718,0.00192093,0.0583743,0.269287,0.269287,0.151743,0.189188,0.167892,0.137772,0.444534,0.169427,0.166562,0.166562,0.166562,0.0363663,0.506614,0.000487182,0.011745,0.389556,0.281745,0.0167535,0.0847858,0.159783,0.672496,0.184284,0.504751,0.404978,0.404978,0.269287,0.269287,0.313138,0.404978,0.521431,0.126553,0,0.505249,0.505249,0.000233987,0.000140915,0.000187373,0.000740374,0.0036274,0.104927,0.188202,0.188202,0.303347,0.300744,0.290039,0.604888,0.0283115,0.175082,0.28159,0.28159,0.28159,0.00797511,0.0893107,0.0144257,0.00114457,0.230956,0.181008,0.000427921,0.0483743,0.193496,0.47491,0.227308,0.108255,0.315566,0.315566,0.188202,0.188202,0.0425525,0.315566,0.52017,0.0456872,0.00010452,0.497928,0.497928,
2.665,0.00255166,0.000125404,0.000402457,0.00213041,0.00219048,0.061901,0.248684,0.248684,0.151294,0.177793,0.172879,0.148533,0.473532,0.172089,0.178773,0.178773,0.178773,0.0411155,0.56493,0.000522584,0.0134161,0.443046,0.287741,0.0229655,0.089169,0.164084,0.721401,0.187772,0.531533,0.397727,0.397727,0.248684,0.248684,0.327657,0.397727,0.532427,0.126403,0.000902398,0.495291,0.495291,0.000273351,0.000141709,0.000173845,0.000739112,0.00358565,0.105125,0.186999,0.186999,0.307744,0.296768,0.312177,0.647448,0.029564,0.17823,0.293712,0.293712,0.293712,0.00902284,0.0998779,0.0162763,0.00125546,0.261737,0.183377,0.000457233,0.0558601,0.195166,0.503239,0.232316,0.121538,0.306231,0.306231,0.186999,0.186999,0.0453515,0.306231,0.52246,0.0485409,0.000784795,0.490163,0.490163,
2.67,0.00258944,0.000118002,0.000704289,0.00132526,0.00223374,0.0665946,0.233242,0.233242,0.148582,0.155673,0.175035,0.161855,0.481197,0.172285,0.192591,0.192591,0.192591,0.0428594,0.586398,0.000561463,0.0138964,0.461249,0.292921,0.0217862,0.0887818,0.166269,0.77769,0.187797,0.534998,0.387717,0.387717,0.233242,0.233242,0.351011,0.387717,0.51385,0.127661,0.0133827,0.48891,0.48891,0.00027945,0.000122803,0.000146609,0.000730881,0.00350514,0.103871,0.187108,0.187108,0.305944,0.285361,0.332987,0.695556,0.0298224,0.180292,0.307762,0.307762,0.307762,0.00931887,0.104366,0.0170296,0.00126971,0.27314,0.184445,0.000494007,0.0576867,0.194025,0.534229,0.234737,0.127618,0.297049,0.297049,0.187108,0.187108,0.0476021,0.297049,0.512433,0.0522397,0.0133661,0.481632,0.481632,
2.675,0.0026937,0.000113263,0.000889814,0.0013067,0.00235794,0.0705926,0.224307,0.224307,0.145274,0.13536,0.178347,0.173769,0.496946,0.173988,0.207882,0.207882,0.207882,0.0457654,0.621812,0.000598856,0.0148123,0.492477,0.299543,0.0230498,0.0915564,0.170102,0.830251,0.189632,0.55478,0.37575,0.37575,0.224307,0.224307,0.369437,0.37575,0.504366,0.128512,0.0211472,0.486064,0.486064,0.000295573,0.000116337,0.000122254,0.000725876,0.00343835,0.10323,0.188336,0.188336,0.306855,0.276333,0.353825,0.740905,0.0303884,0.183501,0.323935,0.323935,0.323935,0.00989953,0.111203,0.0182108,0.00131754,0.291962,0.186909,0.000527638,0.0615717,0.194707,0.563859,0.238642,0.136518,0.28707,0.28707,0.188336,0.188336,0.0498696,0.28707,0.506646,0.0554649,0.02113,0.472833,0.472833,
2.68,0.00268088,0.000104357,0.00144697,0.000543483,0.00235736,0.0754795,0.223005,0.223005,0.149072,0.11512,0.179633,0.187164,0.498822,0.175324,0.224556,0.224556,0.224556,0.0465375,0.63124,0.000627905,0.0149852,0.500309,0.305173,0.0214917,0.0931046,0.173433,0.872721,0.190388,0.565287,0.362925,0.362925,0.223005,0.223005,0.39517,0.362925,0.479663,0.132243,0.0442619,0.486623,0.486623,0.0002964,0.000111925,9.49915e-05,0.000714833,0.00334609,0.104428,0.190629,0.190629,0.30572,0.266679,0.369319,0.777236,0.0304573,0.186311,0.342482,0.342482,0.342482,0.00999898,0.113346,0.0185612,0.00131317,0.296959,0.188932,0.000557187,0.0620847,0.195166,0.58753,0.240738,0.140472,0.275739,0.275739,0.190629,0.190629,0.0512316,0.275739,0.493507,0.0586306,0.0443346,0.464006,0.464006,
2.685,0.00745182,0.0110306,0.0763694,0.00411208,0.0153736,0.114538,0.230024,0.230024,0.148344,0.111199,0.174275,0.182803,0.460544,0.177598,0.242645,0.242645,0.242645,0.0405746,0.558069,0.000593675,0.0134199,0.44062,0.303184,0.0216414,0.128951,0.186488,0.898541,0.195226,0.575363,0.350137,0.350137,0.230024,0.230024,0.387949,0.350137,0.421308,0.13512,0.071298,0.490499,0.490499,0.0102741,0.000124399,0.128842,0.000682921,0.00603329,0.141802,0.194109,0.194109,0.29174,0.245822,0.46538,0.770403,0.0301386,0.192335,0.363726,0.363726,0.363726,0.00912815,0.0987785,0.0159666,0.00127663,0.256447,0.185538,0.000534017,0.0561587,0.208359,0.648098,0.239674,0.282283,0.262847,0.262847,0.194109,0.194109,0.0519334,0.262847,0.453873,0.0565407,0.0623241,0.45519,0.45519,
2.69,0.00327277,0.000900934,0.00815701,0.00159588,0.00364686,0.0881538,0.245536,0.245536,0.158725,0.0652256,0.187466,0.215897,0.533024,0.185497,0.262185,0.262185,0.262185,0.053054,0.708646,0.000688325,0.0170874,0.569437,0.325738,0.0264225,0.112689,0.190179,0.961145,0.19996,0.664088,0.337927,0.337927,0.245536,0.245536,0.441085,0.337927,0.444404,0.140723,0.0942152,0.497613,0.497613,0.00107076,0.000149223,0.00958303,0.000702369,0.00337733,0.112959,0.19895,0.19895,0.313565,0.249447,0.412602,0.850546,0.0317553,0.198899,0.387924,0.387924,0.387924,0.0113737,0.127886,0.0211296,0.0014307,0.338534,0.200121,0.00061358,0.0713468,0.204602,0.641412,0.252843,0.174017,0.248453,0.248453,0.19895,0.19895,0.0540463,0.248453,0.474931,0.0643497,0.0934921,0.446191,0.446191,
2.695,0.0063538,0.00857054,0.0608007,0.0282324,0.013578,0.118733,0.26933,0.26933,0.146335,0.0544741,0.189803,0.227406,0.571398,0.199227,0.283113,0.283113,0.283113,0.0453694,0.658644,0.00068445,0.0178338,0.563601,0.334306,0.0842987,0.171921,0.218504,0.9968,0.217526,0.702503,0.326746,0.326746,0.26933,0.26933,0.440975,0.326746,0.35323,0.144031,0.11548,0.507518,0.507518,0.00840707,0.000458283,0.100101,0.000750708,0.00539047,0.171795,0.205296,0.205296,0.297377,0.218794,0.519915,0.904501,0.0435236,0.206918,0.414801,0.414801,0.414801,0.0109912,0.105876,0.0166828,0.00193106,0.286434,0.19559,0.000628772,0.0787919,0.238829,0.733422,0.248868,0.256779,0.232862,0.232862,0.205296,0.205296,0.0629873,0.232862,0.420897,0.0649772,0.105119,0.436681,0.436681,
2.7,0.0210072,0.0419338,0.288768,0.00971444,0.0519975,0.225862,0.300886,0.300886,0.170041,0.115365,0.156681,0.169924,0.333474,0.188474,0.305144,0.305144,0.305144,0.0240614,0.342801,0.000482097,0.00852657,0.259889,0.302655,0.0109811,0.237687,0.227355,0.948984,0.213087,0.66537,0.317137,0.317137,0.300886,0.300886,0.3772,0.317137,0.268371,0.15313,0.169813,0.519179,0.519179,0.0384205,0.00016568,0.492927,0.000540676,0.0134612,0.248813,0.213198,0.213198,0.261024,0.200002,0.72409,0.724883,0.025733,0.215503,0.443284,0.443284,0.443284,0.00661217,0.0584276,0.00896702,0.00103505,0.143828,0.184078,0.00045445,0.0366315,0.249864,0.802681,0.239328,0.686905,0.216712,0.216712,0.213198,0.213198,0.0508432,0.216712,0.335879,0.0494696,0.135859,0.42657,0.42657,
2.705,0.00900795,0.0148972,0.105158,0.00718067,0.0200374,0.14234,0.339438,0.339438,0.175246,0.0630064,0.175828,0.21914,0.4523,0.194636,0.327792,0.327792,0.327792,0.0383304,0.534096,0.000643559,0.01306,0.426552,0.332238,0.0256627,0.17236,0.215624,0.990666,0.211575,0.711874,0.309835,0.309835,0.339438,0.339438,0.459723,0.309835,0.316598,0.159124,0.168784,0.531184,0.531184,0.0138661,0.000266223,0.17465,0.000624516,0.0066487,0.174256,0.222585,0.222585,0.293073,0.221504,0.536678,0.849633,0.0308915,0.21361,0.471546,0.471546,0.471546,0.00884074,0.0929606,0.0148484,0.001278,0.240132,0.202057,0.000595768,0.0547627,0.233022,0.72852,0.248865,0.337565,0.20095,0.20095,0.222585,0.222585,0.0545628,0.20095,0.388714,0.0628102,0.156303,0.416111,0.416111,
2.71,0.023394,0.0470013,0.324781,0.0111613,0.0581898,0.251412,0.384045,0.384045,0.19693,0.0960901,0.15898,0.187758,0.332853,0.202775,0.350478,0.350478,0.350478,0.0255044,0.354082,0.000494326,0.00902722,0.272536,0.322467,0.0121427,0.277064,0.250688,0.995992,0.228069,0.795459,0.30574,0.30574,0.384045,0.384045,0.412916,0.30574,0.227921,0.16962,0.233882,0.542264,0.542264,0.043056,0.000244624,0.552671,0.000490037,0.0145013,0.276491,0.233275,0.233275,0.269301,0.192463,0.784792,0.751426,0.0251045,0.233113,0.497238,0.497238,0.497238,0.00709981,0.0606413,0.00943756,0.00104648,0.151502,0.198027,0.000471133,0.0390864,0.270037,0.85336,0.249915,0.768249,0.186572,0.186572,0.233275,0.233275,0.0512333,0.186572,0.302648,0.0513981,0.195739,0.405705,0.405705,
2.715,0.0235465,0.0480464,0.332171,0.0112868,0.0591602,0.256642,0.433339,0.433339,0.195873,0.098667,0.153609,0.189789,0.300941,0.203258,0.372505,0.372505,0.372505,0.0190016,0.279347,0.000498273,0.00708861,0.209661,0.324716,0.0088477,0.284075,0.253456,1,0.228718,0.790455,0.305613,0.305613,0.433339,0.433339,0.423986,0.305613,0.186174,0.175962,0.24401,0.551759,0.551759,0.0440122,0.000289271,0.565084,0.000458816,0.0146433,0.284574,0.245046,0.245046,0.26079,0.185858,0.79756,0.766943,0.0243928,0.235441,0.518123,0.518123,0.518123,0.0057778,0.0461184,0.00678224,0.000939066,0.109011,0.198607,0.000483509,0.0303751,0.275097,0.871882,0.245123,0.765226,0.174407,0.174407,0.245046,0.245046,0.0518644,0.174407,0.273438,0.0522303,0.205018,0.395728,0.395728,
2.72,0.0263563,0.0542254,0.374971,0.0124488,0.0665314,0.279048,0.485408,0.485408,0.21752,0.109463,0.150343,0.186847,0.278196,0.210472,0.393103,0.393103,0.393103,0.0172243,0.249712,0.000460012,0.00653169,0.185831,0.328642,0.00738138,0.315313,0.266772,0.992536,0.237308,0.863051,0.309789,0.309789,0.485408,0.485408,0.423791,0.309789,0.169008,0.18524,0.279225,0.559665,0.559665,0.0496273,0.000332783,0.63783,0.00041088,0.0160575,0.310275,0.257593,0.257593,0.262847,0.186477,0.840879,0.734225,0.0226815,0.244538,0.532665,0.532665,0.532665,0.00563292,0.0408375,0.00597935,0.000889471,0.0960197,0.203908,0.000451859,0.028391,0.288938,0.888424,0.247912,0.851395,0.165153,0.165153,0.257593,0.257593,0.0498751,0.165153,0.250159,0.0494362,0.235232,0.386609,0.386609,
2.725,0.0289511,0.0600758,0.415619,0.0137576,0.0734712,0.300879,0.537898,0.537898,0.240325,0.12146,0.147232,0.185235,0.253012,0.216795,0.411529,0.411529,0.411529,0.0142967,0.20885,0.000422135,0.00565994,0.152025,0.331416,0.00597152,0.342043,0.278421,0.977704,0.244699,0.912405,0.318201,0.318201,0.537898,0.537898,0.427964,0.318201,0.147928,0.194664,0.31717,0.566312,0.566312,0.0549473,0.000369282,0.706726,0.000374742,0.0174383,0.33581,0.270427,0.270427,0.263805,0.187479,0.881501,0.703392,0.0214461,0.252251,0.540039,0.540039,0.540039,0.0052357,0.0331611,0.00470826,0.000837026,0.0757392,0.207684,0.000422427,0.0250252,0.301653,0.904447,0.249926,0.92969,0.159241,0.159241,0.270427,0.270427,0.0481783,0.159241,0.229138,0.0471207,0.268409,0.378848,0.378848,
2.73,0.0292832,0.0611185,0.423036,0.0145542,0.0746064,0.305124,0.588232,0.588232,0.245364,0.123829,0.143789,0.18556,0.23617,0.220553,0.426938,0.426938,0.426938,0.011252,0.171837,0.000415545,0.00480292,0.122607,0.33604,0.00583181,0.356043,0.284789,0.971753,0.248685,0.953428,0.33033,0.33033,0.588232,0.588232,0.431818,0.33033,0.123659,0.201184,0.330526,0.572116,0.572116,0.0559018,0.000431649,0.719056,0.000341588,0.0175636,0.344738,0.282869,0.282869,0.262087,0.185601,0.889102,0.700807,0.0206763,0.257038,0.539944,0.539944,0.539944,0.00468122,0.0258003,0.00341104,0.000783597,0.0554114,0.21172,0.000420958,0.0213056,0.309351,0.910967,0.248564,0.936563,0.156741,0.156741,0.282869,0.282869,0.0476069,0.156741,0.206756,0.0465565,0.280833,0.372908,0.372908,
2.735,0.0300368,0.0628237,0.434696,0.0146718,0.0766069,0.309866,0.634128,0.634128,0.246011,0.125426,0.142023,0.181333,0.226887,0.223824,0.438519,0.438519,0.438519,0.0102809,0.156939,0.000402155,0.0044651,0.110094,0.339433,0.00464033,0.36942,0.29044,0.960731,0.252431,0.99612,0.345131,0.345131,0.634128,0.634128,0.423696,0.345131,0.115205,0.204034,0.333892,0.577301,0.577301,0.057446,0.000465822,0.73914,0.000321804,0.0179261,0.351979,0.294102,0.294102,0.262813,0.185487,0.898579,0.687565,0.0197769,0.261362,0.53267,0.53267,0.53267,0.00454566,0.0231356,0.00299165,0.00075139,0.0484829,0.215478,0.000409114,0.019904,0.315611,0.913248,0.249489,0.958572,0.157394,0.157394,0.294102,0.294102,0.0465031,0.157394,0.196695,0.0449494,0.282853,0.369152,0.369152,
2.74,0.0304542,0.06406,0.444001,0.0151326,0.0779753,0.314852,0.673735,0.673735,0.268338,0.132878,0.13908,0.180777,0.206604,0.22608,0.445639,0.445639,0.445639,0.00716881,0.117988,0.000363858,0.00350017,0.0765021,0.337561,0.00361915,0.375305,0.293111,0.917163,0.253624,1,0.361122,0.361122,0.673735,0.673735,0.430076,0.361122,0.0963987,0.210479,0.370386,0.581715,0.581715,0.0585607,0.000491096,0.753745,0.000316285,0.0182288,0.362557,0.303329,0.303329,0.263195,0.189556,0.891039,0.644849,0.0192904,0.26228,0.519182,0.519182,0.519182,0.00394789,0.0155694,0.001696,0.000700845,0.0279449,0.215895,0.000379742,0.0159359,0.31942,0.893092,0.247952,0.969817,0.160666,0.160666,0.303329,0.303329,0.0437351,0.160666,0.187846,0.042962,0.318294,0.367868,0.367868,
2.745,0.030505,0.0645452,0.448861,0.016164,0.0784545,0.321732,0.705706,0.705706,0.310637,0.145539,0.138201,0.191142,0.189585,0.230968,0.447834,0.447834,0.447834,0.00383044,0.0790959,0.000334511,0.00256723,0.0439442,0.338836,0.00430538,0.378663,0.297476,0.88442,0.256916,0.999708,0.376736,0.376736,0.705706,0.705706,0.463904,0.376736,0.0763684,0.223538,0.43396,0.584753,0.584753,0.0590041,0.000522388,0.759515,0.000314885,0.0183512,0.376842,0.309977,0.309977,0.268059,0.199158,0.88298,0.613997,0.0195651,0.264844,0.501224,0.501224,0.501224,0.00330417,0.00758066,0.000283337,0.000665674,0.00612081,0.217833,0.000362668,0.0120925,0.325167,0.877811,0.248339,0.971185,0.165898,0.165898,0.309977,0.309977,0.0417641,0.165898,0.180358,0.0431282,0.381306,0.369253,0.369253,
2.75,0.0297404,0.0629668,0.438581,0.014534,0.0764659,0.316312,0.729178,0.729178,0.323609,0.14763,0.136137,0.191344,0.179714,0.230354,0.444963,0.444963,0.444963,0.00326084,0.0690349,0.000317865,0.00218984,0.0334272,0.336507,0.000844675,0.373269,0.294899,0.851881,0.254911,1,0.390668,0.390668,0.729178,0.729178,0.468986,0.390668,0.0734009,0.226271,0.451747,0.585622,0.585622,0.0575394,0.000522567,0.740949,0.000306682,0.0179123,0.373161,0.313769,0.313769,0.269267,0.203449,0.856033,0.587058,0.0185532,0.263201,0.481187,0.481187,0.481187,0.00308738,0.00634355,0.00012808,0.000610461,0.00266002,0.218056,0.00034883,0.0102326,0.322433,0.850032,0.246374,0.948331,0.172398,0.172398,0.313769,0.313769,0.0394131,0.172398,0.178779,0.0422544,0.400536,0.373333,0.373333,
2.755,0.0291743,0.0617197,0.430865,0.0144685,0.0749559,0.312415,0.743769,0.743769,0.354341,0.164815,0.136279,0.191326,0.176631,0.233036,0.43726,0.43726,0.43726,0.00313443,0.0652814,0.000280317,0.00209886,0.0293152,0.334387,0.00125786,0.369844,0.294419,0.793468,0.256119,1,0.401877,0.401877,0.743769,0.743769,0.477164,0.401877,0.087724,0.23231,0.483947,0.583853,0.583853,0.056384,0.00053412,0.726232,0.00031689,0.0176554,0.375759,0.31481,0.31481,0.277715,0.219433,0.823686,0.535415,0.0183814,0.262718,0.461668,0.461668,0.461668,0.00304892,0.00559639,7.33049e-05,0.000600535,0.00196373,0.219525,0.000316353,0.0100025,0.32332,0.809296,0.247064,0.932048,0.179522,0.179522,0.31481,0.31481,0.0362297,0.179522,0.190581,0.0403319,0.433705,0.380014,0.380014,
2.76,0.029546,0.0624548,0.436652,0.0144454,0.0758252,0.316691,0.749459,0.749459,0.389662,0.189702,0.137357,0.192537,0.171864,0.236912,0.425156,0.425156,0.425156,0.00295525,0.0599653,0.000245201,0.00198668,0.0235477,0.333323,0.000705399,0.370902,0.296243,0.752897,0.25949,1,0.409547,0.409547,0.749459,0.749459,0.490498,0.409547,0.108183,0.240128,0.518668,0.57955,0.57955,0.0570317,0.000529785,0.73482,0.000322527,0.0179121,0.384764,0.313569,0.313569,0.287598,0.237439,0.813483,0.492389,0.0181068,0.264358,0.445199,0.445199,0.445199,0.00305216,0.00474933,0,0.000589411,0.000701071,0.221403,0.000286417,0.00969504,0.326887,0.786505,0.249865,0.944421,0.186721,0.186721,0.313569,0.313569,0.0339907,0.186721,0.203715,0.0389228,0.467841,0.389168,0.389168,
2.765,0.0257131,0.0542099,0.381519,0.0279484,0.0665295,0.295956,0.746707,0.746707,0.415365,0.186631,0.147988,0.22112,0.242527,0.246177,0.409334,0.409334,0.409334,0.00460571,0.111708,0.000281958,0.0042538,0.088033,0.343488,0.0391549,0.362502,0.301284,0.748918,0.266626,0.998446,0.413269,0.413269,0.746707,0.746707,0.538675,0.413269,0.105267,0.247752,0.554543,0.573196,0.573196,0.0497297,0.000706295,0.637818,0.000408834,0.0160173,0.3862,0.310673,0.310673,0.298822,0.24689,0.768432,0.535934,0.0272052,0.263627,0.433761,0.433761,0.433761,0.00372844,0.00687105,0,0.000973821,0.0123099,0.223101,0.000329412,0.0213307,0.334716,0.774009,0.251404,0.828496,0.193561,0.193561,0.310673,0.310673,0.038875,0.193561,0.217732,0.0442224,0.508297,0.400683,0.400683,
2.77,0.0289557,0.0610637,0.429137,0.0147731,0.0742007,0.318405,0.736572,0.736572,0.455486,0.212608,0.13922,0.20672,0.171156,0.242076,0.390762,0.390762,0.390762,0.00386372,0.067861,0.000204991,0.00225721,0.0305295,0.331563,0.0026447,0.365253,0.297335,0.69563,0.262228,1,0.413056,0.413056,0.736572,0.736572,0.534886,0.413056,0.122835,0.254525,0.599745,0.565396,0.565396,0.0557507,0.000531431,0.718407,0.000326852,0.0175856,0.393674,0.306763,0.306763,0.301728,0.259658,0.780912,0.437504,0.0182788,0.264748,0.428372,0.428372,0.428372,0.00323212,0.00617956,0.000355095,0.000597896,0.00690851,0.223275,0.00025589,0.0111448,0.328169,0.743186,0.25247,0.932158,0.199731,0.199731,0.306763,0.306763,0.0305915,0.199731,0.214932,0.0389257,0.549913,0.414291,0.414291,
2.775,0.0224521,0.0470563,0.334077,0.0530148,0.0590672,0.281995,0.72055,0.72055,0.456996,0.198022,0.167482,0.258404,0.361356,0.264957,0.370538,0.370538,0.370538,0.00766109,0.199262,0.000315431,0.00830864,0.197605,0.359769,0.106165,0.368913,0.317296,0.746366,0.284608,1,0.409188,0.409188,0.72055,0.72055,0.597024,0.409188,0.118275,0.2586,0.604295,0.556951,0.556951,0.0435692,0.000986426,0.55362,0.000561453,0.014642,0.408731,0.302465,0.302465,0.319831,0.265545,0.748039,0.590945,0.042788,0.26683,0.429094,0.429094,0.429094,0.00519268,0.0102106,0,0.0016719,0.0325503,0.225721,0.000372823,0.0426737,0.356869,0.781374,0.258863,0.730085,0.205093,0.205093,0.302465,0.302465,0.0476011,0.205093,0.249556,0.0503425,0.560204,0.429542,0.429542,
2.78,0.0273999,0.056933,0.401727,0.0133206,0.0695259,0.308883,0.700322,0.700322,0.481772,0.206803,0.148738,0.222152,0.212568,0.245542,0.349831,0.349831,0.349831,0.0114986,0.158232,0.000224449,0.00445071,0.105204,0.336961,0.0048134,0.349187,0.295956,0.700348,0.263793,1,0.402291,0.402291,0.700322,0.700322,0.564976,0.402291,0.1636,0.257365,0.627217,0.548829,0.548829,0.0519823,0.000487384,0.669695,0.000369367,0.0166757,0.382607,0.298295,0.298295,0.319344,0.274395,0.749863,0.443208,0.019587,0.265229,0.435205,0.435205,0.435205,0.00465336,0.0238447,0.0035314,0.000706749,0.0572298,0.227491,0.000269002,0.020561,0.323548,0.721882,0.261726,0.89675,0.209677,0.209677,0.298295,0.298295,0.0304167,0.209677,0.251,0.0417444,0.580802,0.445884,0.445884,
2.785,0.0181933,0.0377504,0.271119,0.0911836,0.0496208,0.262384,0.67719,0.67719,0.462143,0.18527,0.196811,0.308056,0.547931,0.289882,0.329701,0.329701,0.329701,0.0123232,0.33606,0.000414363,0.01453,0.367725,0.388709,0.207372,0.385758,0.342847,0.813442,0.3104,1,0.393423,0.393423,0.67719,0.67719,0.65534,0.393423,0.116269,0.263092,0.616266,0.542109,0.542109,0.0356579,0.0014104,0.444151,0.000790767,0.0129093,0.436791,0.294553,0.294553,0.339148,0.269532,0.756746,0.739777,0.0667617,0.272752,0.445385,0.445385,0.445385,0.0074371,0.0159241,2.12101e-06,0.00274931,0.0630818,0.228778,0.000477924,0.0751696,0.390244,0.843832,0.269505,0.599089,0.213705,0.213705,0.294553,0.294553,0.0647313,0.213705,0.284392,0.0609237,0.574254,0.462811,0.462811,
2.79,0.0289465,0.0600745,0.423769,0.0155229,0.0734649,0.321186,0.652102,0.652102,0.508696,0.222313,0.153565,0.222618,0.222746,0.248774,0.31102,0.31102,0.31102,0.0128202,0.174582,0.000186622,0.00501961,0.118537,0.333919,0.00924253,0.351736,0.298756,0.6745,0.267047,0.986159,0.383877,0.383877,0.652102,0.652102,0.570032,0.383877,0.185552,0.259401,0.657311,0.537993,0.537993,0.054852,0.000451621,0.706616,0.000416564,0.0177117,0.397345,0.291352,0.291352,0.328151,0.286596,0.765199,0.404162,0.021245,0.265644,0.457874,0.457874,0.457874,0.00507758,0.0262185,0.00397264,0.000795298,0.0655101,0.225759,0.000234869,0.0238138,0.32696,0.715051,0.267495,0.947548,0.217573,0.217573,0.291352,0.291352,0.029426,0.217573,0.27669,0.0402392,0.60813,0.479927,0.479927,
2.795,0.0179211,0.0371107,0.267469,0.107171,0.0496179,0.271242,0.625695,0.625695,0.471967,0.172135,0.215269,0.341429,0.633104,0.305476,0.294556,0.294556,0.294556,0.014605,0.399964,0.000480934,0.0172329,0.442016,0.410468,0.248184,0.399888,0.361705,0.902823,0.327025,1,0.374802,0.374802,0.625695,0.625695,0.706613,0.374802,0.105767,0.270323,0.643761,0.537841,0.537841,0.0353238,0.00155596,0.436689,0.000913692,0.0131332,0.461872,0.288619,0.288619,0.352393,0.26958,0.808585,0.843909,0.0780621,0.282235,0.470542,0.470542,0.470542,0.00848851,0.0195824,0.000139823,0.00323358,0.077553,0.233757,0.000548205,0.0891848,0.411324,0.918402,0.283005,0.594057,0.221734,0.221734,0.288619,0.288619,0.0746716,0.221734,0.30595,0.0687334,0.600061,0.496627,0.496627,
2.8,0.029545,0.0624677,0.44094,0.0143652,0.0759342,0.331424,0.598496,0.598496,0.519888,0.23024,0.15157,0.222824,0.179768,0.241299,0.280772,0.280772,0.280772,0.00302065,0.0666551,0.0001499,0.00189955,0.0181214,0.320762,0.000934072,0.328658,0.288534,0.65467,0.257579,0.819296,0.366888,0.366888,0.598496,0.598496,0.585883,0.366888,0.145059,0.259475,0.689592,0.542843,0.542843,0.0570119,0.000355148,0.734944,0.000492927,0.0186923,0.406837,0.286172,0.286172,0.316748,0.28541,0.769203,0.376714,0.0227109,0.256364,0.481353,0.481353,0.481353,0.00295496,0.00543574,9.49251e-05,0.000687907,0.00248793,0.213054,0.000214621,0.0101737,0.319765,0.710179,0.26228,0.956934,0.226558,0.226558,0.286172,0.286172,0.0287735,0.226558,0.288207,0.040529,0.638657,0.511803,0.511803,
2.805,0.0237215,0.0502622,0.358534,0.0115652,0.0611933,0.308134,0.570966,0.570966,0.514686,0.193475,0.167961,0.280151,0.226034,0.244164,0.269727,0.269727,0.269727,0.00253726,0.0904944,0.000338685,0.00191614,0.0352323,0.349313,0.000562206,0.279474,0.283927,0.84854,0.257467,0.709707,0.360336,0.360336,0.570966,0.570966,0.704735,0.360336,0.118188,0.271911,0.702962,0.553455,0.553455,0.0459715,0.00032941,0.591442,0.00058025,0.0158181,0.377879,0.283758,0.283758,0.325502,0.284266,0.749371,0.595871,0.0282862,0.259986,0.488851,0.488851,0.488851,0.00235656,0.00850479,5.79764e-05,0.000749278,0.00184721,0.220777,0.000400379,0.00832527,0.314044,0.788481,0.272225,0.781107,0.232203,0.232203,0.283758,0.283758,0.0406972,0.232203,0.310146,0.0594499,0.661912,0.52405,0.52405,
2.81,0.0276094,0.0582528,0.413375,0.0135311,0.0709754,0.334585,0.543488,0.543488,0.537151,0.20828,0.16834,0.271033,0.222926,0.248938,0.261231,0.261231,0.261231,0.00509609,0.110152,0.000279437,0.00270967,0.0526477,0.345665,0.00222801,0.306701,0.2939,0.819457,0.264173,0.757592,0.355072,0.355072,0.543488,0.543488,0.687407,0.355072,0.135964,0.273282,0.72917,0.568952,0.568952,0.0532353,0.000307837,0.685414,0.00056645,0.0178591,0.403742,0.281045,0.281045,0.331039,0.288556,0.800807,0.536729,0.0274021,0.265045,0.492101,0.492101,0.492101,0.00317489,0.012695,0.000998278,0.000796729,0.0170564,0.221171,0.000342674,0.0127665,0.323084,0.795762,0.277847,0.905236,0.238619,0.238619,0.281045,0.281045,0.0382049,0.238619,0.312911,0.0548135,0.681607,0.53223,0.53223,
2.815,0.0266139,0.0563077,0.400589,0.0128091,0.068573,0.331223,0.516569,0.516569,0.54829,0.211417,0.172226,0.279775,0.225879,0.248041,0.254981,0.254981,0.254981,0.00356715,0.0988224,0.000289198,0.00222768,0.0395308,0.345625,0.000933226,0.288627,0.289262,0.827518,0.26188,0.689483,0.35092,0.35092,0.516569,0.516569,0.711143,0.35092,0.137127,0.275561,0.744925,0.587221,0.587221,0.0514654,0.000267217,0.662546,0.000617417,0.0175796,0.400663,0.277759,0.277759,0.334232,0.295655,0.786952,0.54808,0.0290388,0.262318,0.490546,0.490546,0.490546,0.00274602,0.0101858,0.000430503,0.000802904,0.00783928,0.219066,0.000356035,0.0104499,0.319412,0.792448,0.279645,0.87417,0.245663,0.245663,0.277759,0.277759,0.0391706,0.245663,0.332885,0.0573573,0.698965,0.535622,0.535622,
2.82,0.0288127,0.0607837,0.431704,0.0137851,0.0740568,0.347827,0.490845,0.490845,0.575808,0.226789,0.173255,0.278253,0.224052,0.252197,0.250616,0.250616,0.250616,0.00525492,0.111994,0.000250223,0.00272874,0.0508535,0.343937,0.00167145,0.303177,0.295554,0.805139,0.266838,0.715644,0.347509,0.347509,0.490845,0.490845,0.712875,0.347509,0.153039,0.279992,0.776468,0.605189,0.605189,0.0555289,0.000250667,0.715167,0.000609582,0.0187322,0.417907,0.273772,0.273772,0.341145,0.303874,0.813305,0.507439,0.0285141,0.265922,0.483952,0.483952,0.483952,0.00325696,0.013045,0.00106798,0.000828296,0.0180508,0.220122,0.000319693,0.0131926,0.325359,0.792015,0.284105,0.94557,0.253115,0.253115,0.273772,0.273772,0.0373621,0.253115,0.337991,0.0550438,0.726867,0.533804,0.533804,
2.825,0.0248,0.052587,0.376486,0.0119374,0.0640465,0.326424,0.466992,0.466992,0.582158,0.217994,0.177546,0.300598,0.2319,0.248176,0.247751,0.247751,0.247751,0.00240021,0.0933779,0.00030778,0.00188223,0.032022,0.346544,0.000408198,0.262977,0.283646,0.840401,0.259554,0.60666,0.3442,0.3442,0.466992,0.466992,0.765156,0.3442,0.138425,0.283924,0.791313,0.619536,0.619536,0.0480835,0.000222066,0.618782,0.000668177,0.0168325,0.396976,0.269124,0.269124,0.341368,0.3081,0.761371,0.567181,0.0311095,0.259238,0.47253,0.47253,0.47253,0.00233681,0.00869501,2.43725e-05,0.00081431,0.0014095,0.217314,0.000381194,0.00860468,0.314271,0.784332,0.282001,0.820523,0.260662,0.260662,0.269124,0.269124,0.0404252,0.260662,0.353966,0.062189,0.74834,0.526613,0.526613,
2.83,0.0295783,0.0622635,0.442745,0.014069,0.0758759,0.356107,0.44552,0.44552,0.618524,0.254079,0.174284,0.282246,0.22053,0.253234,0.246132,0.246132,0.246132,0.00600819,0.117139,0.000212466,0.00293528,0.0547255,0.337142,0.0019992,0.299472,0.294144,0.769809,0.267471,0.687765,0.340168,0.340168,0.44552,0.44552,0.733122,0.340168,0.178883,0.286279,0.819798,0.627453,0.627453,0.0568589,0.000209564,0.732502,0.000613829,0.0191775,0.427628,0.264013,0.264013,0.349008,0.320328,0.810427,0.463042,0.0284043,0.264187,0.457034,0.457034,0.457034,0.00346793,0.0142976,0.00137896,0.000837874,0.023076,0.217475,0.000287304,0.0144206,0.324599,0.771271,0.285487,0.97188,0.267855,0.267855,0.264013,0.264013,0.0355151,0.267855,0.352349,0.0541337,0.768979,0.514214,0.514214,
2.835,0.0257181,0.0544717,0.390336,0.0123129,0.0663099,0.333602,0.426852,0.426852,0.626853,0.247784,0.173966,0.297694,0.21547,0.246372,0.245671,0.245671,0.245671,0.00233541,0.0848658,0.000242416,0.00180168,0.025252,0.332469,0.000357852,0.260766,0.279501,0.768385,0.257045,0.581129,0.334612,0.334612,0.426852,0.426852,0.772128,0.334612,0.158595,0.288237,0.837474,0.627007,0.627007,0.0497704,0.000187448,0.640889,0.000650555,0.0172921,0.406541,0.258791,0.258791,0.344279,0.321914,0.746996,0.488154,0.0299242,0.254061,0.438639,0.438639,0.438639,0.00239794,0.00759685,0,0.00079009,0.00107175,0.211374,0.000323296,0.00875418,0.310625,0.741585,0.27823,0.850399,0.274086,0.274086,0.258791,0.258791,0.0363861,0.274086,0.357702,0.0587574,0.79295,0.497224,0.497224,
2.84,0.0292948,0.0617562,0.440469,0.0141788,0.0751877,0.35742,0.411282,0.411282,0.663725,0.28041,0.169038,0.286819,0.199644,0.249381,0.246418,0.246418,0.246418,0.00452646,0.0950347,0.000169512,0.00247396,0.0379217,0.323003,0.0019493,0.289258,0.286762,0.71423,0.262302,0.643595,0.326971,0.326971,0.411282,0.411282,0.757362,0.326971,0.185088,0.292606,0.870209,0.617293,0.617293,0.0563785,0.000186614,0.726496,0.000581092,0.0189383,0.431055,0.253862,0.253862,0.347866,0.330445,0.784181,0.409271,0.0272787,0.256995,0.418638,0.418638,0.418638,0.00315956,0.0104171,0.000798241,0.00078617,0.0140456,0.210297,0.000253438,0.0125951,0.317653,0.731344,0.277928,0.963363,0.278724,0.278724,0.253862,0.253862,0.0326477,0.278724,0.344313,0.053035,0.819733,0.476699,0.476699,
2.845,0.0261059,0.0552281,0.396437,0.0124667,0.0671853,0.337179,0.399002,0.399002,0.668169,0.273299,0.165591,0.296521,0.19118,0.241251,0.248438,0.248438,0.248438,0.00229595,0.0740254,0.000188368,0.00173595,0.0199099,0.314887,0.000348024,0.2587,0.272654,0.702622,0.251348,0.568096,0.31709,0.31709,0.399002,0.399002,0.781784,0.31709,0.167556,0.292024,0.880835,0.598479,0.598479,0.0504327,0.000171081,0.649728,0.00058196,0.0172266,0.410451,0.249569,0.249569,0.340055,0.32729,0.726883,0.420093,0.0274632,0.246492,0.39832,0.39832,0.39832,0.00243928,0.00639926,0,0.000729108,0.00110548,0.203397,0.000275928,0.00878552,0.303017,0.698222,0.268297,0.863678,0.281291,0.281291,0.249569,0.249569,0.0325155,0.281291,0.337592,0.0558453,0.835667,0.454164,0.454164,
2.85,0.0297718,0.0627961,0.448387,0.0141406,0.0763604,0.361335,0.389974,0.389974,0.698304,0.301356,0.158302,0.284115,0.168325,0.242491,0.251852,0.251852,0.251852,0.00376846,0.0746444,0.000117259,0.00216709,0.0250173,0.303711,0.000977746,0.288688,0.27911,0.651869,0.25499,0.631977,0.305243,0.305243,0.389974,0.389974,0.762744,0.305243,0.183464,0.294976,0.908662,0.571691,0.571691,0.0572982,0.000173935,0.738698,0.000495968,0.0188689,0.433998,0.246075,0.246075,0.338863,0.329777,0.767237,0.344483,0.0242678,0.248484,0.378811,0.378811,0.378811,0.00304783,0.00758654,0.00051677,0.000700333,0.00937707,0.201002,0.000207965,0.0115165,0.308794,0.691143,0.265351,0.978365,0.281539,0.281539,0.246075,0.246075,0.0287827,0.281539,0.313401,0.0499395,0.857346,0.431642,0.431642,
2.855,0.0277778,0.0586946,0.420625,0.0135601,0.0713514,0.346662,0.383936,0.383936,0.699374,0.297446,0.153787,0.285474,0.160024,0.235412,0.256877,0.256877,0.256877,0.00250435,0.0613675,0.000114507,0.00177819,0.0150091,0.293939,0.00125519,0.270009,0.268242,0.623139,0.246069,0.586904,0.292084,0.292084,0.383936,0.383936,0.767067,0.292084,0.172627,0.29206,0.911848,0.538688,0.538688,0.0535622,0.000169947,0.690458,0.000486122,0.0177465,0.419661,0.24336,0.24336,0.331004,0.325764,0.723359,0.332161,0.0239992,0.239336,0.360838,0.360838,0.360838,0.00264864,0.00499696,4.83257e-05,0.000664902,0.00214176,0.194347,0.000207546,0.00962884,0.29738,0.656678,0.256177,0.915691,0.279479,0.279479,0.24336,0.24336,0.0276108,0.279479,0.304534,0.050142,0.8638,0.411295,0.411295,
2.86,0.0309021,0.0651038,0.464456,0.015739,0.079161,0.367451,0.380452,0.380452,0.719412,0.317628,0.146103,0.276393,0.141989,0.235245,0.263714,0.263714,0.263714,0.00424293,0.0677373,6.62005e-05,0.00240194,0.0272681,0.283669,0.00388112,0.298066,0.273639,0.595248,0.2485,0.64986,0.278455,0.278455,0.380452,0.380452,0.751247,0.278455,0.181508,0.293412,0.929182,0.501737,0.501737,0.0593917,0.000184501,0.765806,0.000390062,0.0190248,0.438457,0.241284,0.241284,0.326179,0.321799,0.764855,0.28362,0.0211267,0.24051,0.344878,0.344878,0.344878,0.00330037,0.00693676,0.000650999,0.000651404,0.0123416,0.191267,0.000160432,0.0131084,0.301458,0.660571,0.251395,1,0.275295,0.275295,0.241284,0.241284,0.0254247,0.275295,0.27212,0.0457609,0.875826,0.394738,0.394738,
2.865,0.0301985,0.0638255,0.455968,0.0144613,0.0775008,0.362104,0.378775,0.378775,0.717884,0.309548,0.140683,0.274793,0.124227,0.228839,0.272374,0.272374,0.272374,0.00253452,0.0453105,5.43522e-05,0.00173676,0.00759559,0.274396,0.0006911,0.288296,0.26611,0.57238,0.2408,0.618014,0.265036,0.265036,0.378775,0.378775,0.749306,0.265036,0.161005,0.290408,0.935756,0.463689,0.463689,0.0582117,0.000167513,0.75082,0.000371438,0.0186,0.431108,0.239555,0.239555,0.316531,0.313167,0.743425,0.265635,0.0200484,0.23368,0.331276,0.331276,0.331276,0.00284143,0.00326225,3.29967e-05,0.000585427,0.00171553,0.185178,0.000151533,0.0100401,0.29266,0.63845,0.243578,0.990866,0.26916,0.26916,0.239555,0.239555,0.0237552,0.26916,0.257229,0.0450458,0.883557,0.382738,0.382738,
2.87,0.0301795,0.0636204,0.454263,0.032212,0.0780079,0.359526,0.377864,0.377864,0.714239,0.313168,0.142184,0.275224,0.180081,0.236053,0.282505,0.282505,0.282505,0.00464294,0.0919769,4.04351e-05,0.00444728,0.0759838,0.274274,0.0453817,0.318379,0.277905,0.539448,0.250059,0.68947,0.252311,0.252311,0.377864,0.377864,0.728685,0.252311,0.157536,0.287087,0.92711,0.427604,0.427604,0.0582489,0.000393025,0.748387,0.000381017,0.018473,0.449718,0.237727,0.237727,0.314083,0.305656,0.754371,0.263513,0.0270163,0.233823,0.320276,0.320276,0.320276,0.00402581,0.00409599,0,0.000994948,0.0146181,0.182638,0.000140016,0.0247536,0.307262,0.641257,0.238491,0.988035,0.261144,0.261144,0.237727,0.237727,0.0271768,0.261144,0.236877,0.0428925,0.872669,0.375356,0.375356,
2.875,0.0302556,0.0639482,0.456749,0.0151556,0.0776559,0.360516,0.376558,0.376558,0.713692,0.303356,0.132433,0.270231,0.109883,0.222048,0.293379,0.293379,0.293379,0.00273527,0.0420268,3.97143e-05,0.00185338,0.00995546,0.26242,0.00242497,0.290492,0.26077,0.550826,0.234097,0.625225,0.240718,0.240718,0.376558,0.376558,0.737031,0.240718,0.14503,0.28558,0.934534,0.396065,0.396065,0.0583272,0.000178948,0.752282,0.00030778,0.0183366,0.426799,0.235291,0.235291,0.303531,0.298809,0.73672,0.246249,0.0182971,0.227115,0.312086,0.312086,0.312086,0.00291779,0.00296686,9.20931e-05,0.00055442,0.00312991,0.178178,0.000137112,0.0107517,0.285067,0.623049,0.232969,0.992676,0.251306,0.251306,0.235291,0.235291,0.0223331,0.251306,0.225236,0.0432149,0.882136,0.372024,0.372024,
2.88,0.0304457,0.0642407,0.458375,0.0203776,0.0782706,0.358825,0.373896,0.373896,0.697085,0.288233,0.130179,0.266402,0.125391,0.221608,0.304029,0.304029,0.304029,0.00443592,0.065745,3.67445e-05,0.00295433,0.0399497,0.259954,0.0158436,0.303715,0.263725,0.541977,0.234376,0.666832,0.230626,0.230626,0.373896,0.373896,0.715717,0.230626,0.130995,0.279519,0.920212,0.370649,0.370649,0.058662,0.000252211,0.75575,0.000289442,0.0182701,0.428688,0.231788,0.231788,0.296296,0.284414,0.742877,0.245421,0.0196355,0.225668,0.306747,0.306747,0.306747,0.00349193,0.00539844,0.000518354,0.000674369,0.0137812,0.175838,0.000132072,0.0164765,0.286727,0.62386,0.228532,0.999254,0.239868,0.239868,0.231788,0.231788,0.022868,0.239868,0.205106,0.0416112,0.866883,0.371791,0.371791,
2.885,0.030893,0.0649754,0.463765,0.075817,0.0815626,0.369818,0.369238,0.369238,0.701053,0.277209,0.156274,0.303505,0.335402,0.257579,0.313498,0.313498,0.313498,0.00998848,0.219929,7.00473e-05,0.0112187,0.250899,0.288222,0.154345,0.388436,0.314342,0.569455,0.275559,0.817756,0.222279,0.222279,0.369238,0.369238,0.727655,0.222279,0.101136,0.282311,0.942415,0.351826,0.351826,0.0600784,0.000889677,0.764481,0.000479497,0.0188775,0.504467,0.226899,0.226899,0.308676,0.269781,0.836497,0.348659,0.0476637,0.240001,0.303972,0.303972,0.303972,0.00689757,0.00804411,0,0.00208065,0.0473424,0.178424,0.000177604,0.0612566,0.346408,0.719554,0.237256,1,0.227327,0.227327,0.226899,0.226899,0.0407117,0.227327,0.194203,0.0451857,0.880977,0.373522,0.373522,
2.89,0.0305821,0.0646447,0.461525,0.0148612,0.0785307,0.359927,0.362424,0.362424,0.693013,0.265312,0.122551,0.265295,0.0937411,0.211603,0.320864,0.320864,0.320864,0.00415852,0.0505506,2.7639e-05,0.0021873,0.0209611,0.247784,0.00197509,0.292898,0.254162,0.536658,0.222854,0.635781,0.215833,0.215833,0.362424,0.362424,0.715089,0.215833,0.100584,0.274497,0.934129,0.339052,0.339052,0.0589617,0.000168727,0.760591,0.000242285,0.0181588,0.418232,0.220515,0.220515,0.282354,0.266204,0.734732,0.228215,0.0161069,0.218068,0.303272,0.303272,0.303272,0.00317731,0.00556621,0.000698419,0.000518636,0.0123966,0.168338,0.000123469,0.0124229,0.272199,0.608624,0.220513,1,0.214307,0.214307,0.220515,0.220515,0.0200866,0.214307,0.180787,0.0410612,0.881209,0.376115,0.376115,
2.895,0.030931,0.065646,0.468774,0.0147467,0.0796765,0.365124,0.353664,0.353664,0.693105,0.253033,0.122534,0.269398,0.0861377,0.211132,0.325299,0.325299,0.325299,0.0025134,0.0327648,2.81887e-05,0.00166174,0.00428267,0.248003,0.000426007,0.292456,0.254961,0.546985,0.221703,0.616288,0.211308,0.211308,0.353664,0.353664,0.72352,0.211308,0.0756976,0.275167,0.949941,0.331006,0.331006,0.0598778,0.000156314,0.772461,0.000255622,0.0184525,0.422267,0.212745,0.212745,0.278685,0.258975,0.745097,0.23378,0.016548,0.217947,0.304024,0.304024,0.304024,0.00281816,0.00211724,4.00377e-05,0.000504404,0.00164163,0.166942,0.000127673,0.0101533,0.272064,0.617794,0.220577,1,0.201403,0.201403,0.212745,0.212745,0.0202096,0.201403,0.175308,0.0418568,0.896238,0.378604,0.378604,
2.9,0.0306054,0.0647612,0.462737,0.0196711,0.0788845,0.362571,0.343358,0.343358,0.694156,0.250804,0.124257,0.273048,0.109673,0.213368,0.326156,0.326156,0.326156,0.00453393,0.0631021,3.32191e-05,0.00286767,0.0385856,0.248978,0.0139293,0.298541,0.257991,0.545141,0.224309,0.639228,0.208543,0.208543,0.343358,0.343358,0.723667,0.208543,0.0791556,0.274343,0.950102,0.326072,0.326072,0.0591392,0.000215822,0.762031,0.000259761,0.0181989,0.42486,0.20392,0.20392,0.279745,0.257111,0.744882,0.24117,0.0187351,0.217943,0.305512,0.305512,0.305512,0.00342323,0.00564358,0.000615331,0.000641559,0.0146872,0.166707,0.00013179,0.0161909,0.275041,0.61877,0.22011,1,0.18921,0.18921,0.20392,0.20392,0.0215392,0.18921,0.172107,0.0420913,0.896422,0.38012,0.38012,
2.905,0.0308383,0.0651775,0.465923,0.0454747,0.0804949,0.3692,0.331981,0.331981,0.703622,0.25195,0.138286,0.292739,0.209058,0.232126,0.323038,0.323038,0.323038,0.00675657,0.131928,4.89803e-05,0.00661037,0.133329,0.26457,0.0781929,0.337282,0.28292,0.560173,0.245445,0.704208,0.207226,0.207226,0.331981,0.331981,0.737218,0.207226,0.0706466,0.278499,0.967689,0.322913,0.322913,0.0598653,0.000510052,0.766958,0.000361269,0.0185687,0.462959,0.194497,0.194497,0.289488,0.256126,0.78995,0.29073,0.0322057,0.226246,0.306966,0.306966,0.306966,0.00493697,0.00617988,0.000226215,0.00130046,0.0279547,0.169469,0.000154506,0.0365569,0.305084,0.665852,0.226621,1,0.178314,0.178314,0.194497,0.194497,0.0301144,0.178314,0.174682,0.0442987,0.910175,0.379837,0.379837,
2.91,0.0305375,0.0647807,0.463326,0.0148603,0.0786547,0.363981,0.320153,0.320153,0.704165,0.250877,0.119875,0.274406,0.0819361,0.207316,0.315859,0.315859,0.315859,0.00298606,0.0369701,2.50509e-05,0.00183175,0.00998581,0.241045,0.00144083,0.28585,0.250277,0.540031,0.217161,0.595602,0.20695,0.20695,0.320153,0.320153,0.735467,0.20695,0.06921,0.275059,0.967755,0.320618,0.320618,0.0590935,0.000141659,0.762288,0.000234147,0.0181211,0.419148,0.184989,0.184989,0.274131,0.254605,0.735443,0.227687,0.016176,0.21318,0.307571,0.307571,0.307571,0.00288685,0.00306668,0.000243109,0.000499255,0.0051283,0.162178,0.000126328,0.0109441,0.265693,0.606816,0.215751,1,0.169254,0.169254,0.184989,0.184989,0.0197417,0.169254,0.16439,0.0424069,0.914694,0.377092,0.377092,
2.915,0.0305542,0.06488,0.464146,0.0145471,0.0787413,0.365124,0.30868,0.30868,0.707696,0.252078,0.119693,0.275935,0.0783565,0.206412,0.304903,0.304903,0.304903,0.00242633,0.0305634,2.41947e-05,0.00163044,0.00383122,0.239576,0.000394273,0.282842,0.248964,0.541463,0.216062,0.579301,0.207277,0.207277,0.30868,0.30868,0.740616,0.207277,0.0669702,0.275535,0.973435,0.31864,0.31864,0.0591806,0.000127957,0.763466,0.000236652,0.0181612,0.419507,0.175936,0.175936,0.273294,0.254676,0.735952,0.227628,0.0161814,0.212157,0.306594,0.306594,0.306594,0.00275165,0.00196441,3.76394e-05,0.000487498,0.00161213,0.160855,0.000126769,0.0100177,0.264359,0.607113,0.215199,1,0.162492,0.162492,0.175936,0.175936,0.0197888,0.162492,0.164747,0.0427785,0.920332,0.371585,0.371585,
2.92,0.0305919,0.0649652,0.464681,0.0156519,0.0788854,0.365408,0.298452,0.298452,0.706477,0.251857,0.118709,0.276123,0.0793571,0.204748,0.290903,0.290903,0.290903,0.00245983,0.0320926,2.40297e-05,0.00177662,0.00741411,0.236475,0.0031183,0.282273,0.247522,0.542096,0.214588,0.569946,0.207681,0.207681,0.298452,0.298452,0.739743,0.207681,0.064977,0.27391,0.971993,0.316749,0.316749,0.0592734,0.000130051,0.76447,0.000231024,0.0181511,0.41948,0.167872,0.167872,0.270185,0.251419,0.738109,0.229021,0.0164871,0.210108,0.3035,0.3035,0.3035,0.00280067,0.00183663,4.60077e-06,0.000508877,0.00191492,0.158245,0.000126804,0.0108396,0.262675,0.608085,0.212895,1,0.158357,0.158357,0.167872,0.167872,0.0202038,0.158357,0.16004,0.0428024,0.918672,0.363562,0.363562,
2.925,0.0301884,0.0641122,0.459257,0.0152993,0.0778467,0.363474,0.290228,0.290228,0.717767,0.254171,0.118676,0.278671,0.0776966,0.204389,0.275043,0.275043,0.275043,0.00239657,0.0310639,1.58348e-05,0.00171579,0.00590449,0.234604,0.00269643,0.277169,0.245691,0.527323,0.213381,0.558022,0.207605,0.207605,0.290228,0.290228,0.747973,0.207605,0.065691,0.27567,0.987035,0.314939,0.314939,0.0584901,0.000122358,0.754433,0.000235872,0.0179514,0.418475,0.161264,0.161264,0.271649,0.254811,0.725073,0.216387,0.0164976,0.208592,0.297856,0.297856,0.297856,0.00274796,0.00173084,0,0.000501552,0.00173077,0.157425,0.000120683,0.0105594,0.260702,0.594412,0.212345,0.997559,0.15698,0.15698,0.161264,0.161264,0.0193159,0.15698,0.162992,0.0428308,0.934417,0.353836,0.353836,
2.93,0.0306281,0.0650598,0.465611,0.0145483,0.0789436,0.366396,0.284451,0.284451,0.715321,0.254237,0.11581,0.276849,0.0684579,0.200831,0.258659,0.258659,0.258659,0.0022761,0.0263293,1.36101e-05,0.00158353,0.00191602,0.229284,0.000324383,0.276356,0.242768,0.531507,0.210226,0.545831,0.206642,0.206642,0.284451,0.284451,0.744967,0.206642,0.062795,0.2734,0.98405,0.313305,0.313305,0.0593419,9.83038e-05,0.765583,0.000212279,0.0181027,0.417502,0.156346,0.156346,0.26619,0.249425,0.732545,0.215107,0.0154895,0.205967,0.289478,0.289478,0.289478,0.00271099,0.00149662,0,0.000468216,0.00101322,0.153883,0.000118049,0.00989956,0.256857,0.597486,0.208963,1,0.158271,0.158271,0.156346,0.156346,0.0192329,0.158271,0.15353,0.042562,0.930792,0.343435,0.343435,
2.935,0.0288831,0.0613505,0.44071,0.0137412,0.0744539,0.354455,0.281226,0.281226,0.724849,0.253983,0.115617,0.281157,0.0700608,0.19885,0.242906,0.242906,0.242906,0.00216673,0.027053,1.33866e-05,0.00150564,0.00193853,0.226679,0.000313706,0.261534,0.236935,0.508986,0.206455,0.521015,0.204648,0.204648,0.281226,0.281226,0.756551,0.204648,0.0639658,0.274458,0.995539,0.312075,0.312075,0.0559586,9.67033e-05,0.721934,0.000223507,0.0171813,0.407632,0.153106,0.153106,0.267376,0.253996,0.69427,0.205545,0.0157477,0.201805,0.278548,0.278548,0.278548,0.00256063,0.00157476,0,0.000457567,0.00102428,0.152453,0.000119489,0.00935264,0.25099,0.568824,0.206389,0.957883,0.16191,0.16191,0.153106,0.153106,0.018214,0.16191,0.158977,0.0432538,0.945278,0.333221,0.333221,
2.94,0.0282949,0.0601016,0.431765,0.0134858,0.0729415,0.347363,0.280218,0.280218,0.710708,0.248822,0.113797,0.275752,0.0696994,0.195374,0.228731,0.228731,0.228731,0.00212956,0.0269424,1.32171e-05,0.001479,0.00201853,0.222911,0.000366493,0.256402,0.232642,0.498826,0.202778,0.511359,0.20166,0.20166,0.280218,0.280218,0.741865,0.20166,0.0631186,0.269265,0.976251,0.31169,0.31169,0.0548198,9.56717e-05,0.707238,0.000223311,0.0168502,0.399833,0.151287,0.151287,0.262854,0.249687,0.680254,0.201554,0.0155614,0.198194,0.265569,0.265569,0.265569,0.00251051,0.00157581,1.92943e-07,0.000451785,0.0010257,0.149889,0.000117266,0.0091853,0.246523,0.557598,0.202913,0.938482,0.167498,0.167498,0.151287,0.151287,0.0178583,0.167498,0.15761,0.0424289,0.927009,0.323726,0.323726,
2.945,0.0242312,0.0514598,0.37254,0.0117575,0.062492,0.312918,0.280763,0.280763,0.695277,0.237334,0.111923,0.27115,0.0767434,0.187987,0.216822,0.216822,0.216822,0.00191539,0.0297535,1.42988e-05,0.00131714,0.00280861,0.215828,0.000724752,0.224695,0.217456,0.44214,0.192069,0.465816,0.197814,0.197814,0.280763,0.280763,0.728606,0.197814,0.0658259,0.261573,0.952688,0.312764,0.312764,0.0469395,0.000104783,0.605546,0.000257696,0.0147317,0.369405,0.150511,0.150511,0.259601,0.251788,0.589663,0.179876,0.0160649,0.186987,0.251344,0.251344,0.251344,0.00217995,0.00182661,0,0.000436062,0.00111586,0.14568,0.000116403,0.00804018,0.23165,0.490269,0.194944,0.81182,0.174687,0.174687,0.150511,0.150511,0.0155417,0.174687,0.171041,0.0418036,0.91044,0.315222,0.315222,
2.95,0.0240354,0.0509572,0.367698,0.0114565,0.0618653,0.304484,0.282105,0.282105,0.664818,0.245433,0.11012,0.255031,0.0784365,0.18413,0.207519,0.207519,0.207519,0.00187838,0.0291534,1.42551e-05,0.0012884,0.00215353,0.211965,0.000278059,0.222492,0.212698,0.433378,0.189636,0.46136,0.193368,0.193368,0.282105,0.282105,0.690722,0.193368,0.0878418,0.252329,0.895792,0.315809,0.315809,0.0464727,0.000102963,0.599559,0.000257173,0.014632,0.359998,0.150397,0.150397,0.255715,0.252067,0.58247,0.17727,0.0155433,0.183995,0.236743,0.236743,0.236743,0.00217671,0.00181736,0,0.000429057,0.000958127,0.143674,0.000109923,0.00781532,0.22885,0.485014,0.191893,0.800615,0.183194,0.183194,0.150397,0.150397,0.0158844,0.183194,0.178456,0.0396072,0.854017,0.307839,0.307839,
2.955,0.0204141,0.0432198,0.31456,0.0101168,0.0525062,0.273564,0.283583,0.283583,0.652755,0.241828,0.107096,0.250237,0.0826935,0.176996,0.200802,0.200802,0.200802,0.00171733,0.0309546,1.58752e-05,0.00118612,0.0037751,0.20427,0.00111969,0.195347,0.198555,0.382727,0.180016,0.42526,0.188707,0.188707,0.283583,0.283583,0.67879,0.188707,0.0956012,0.245906,0.871331,0.320767,0.320767,0.0394177,0.000117469,0.508484,0.000269404,0.0126666,0.332581,0.15065,0.15065,0.252039,0.254963,0.502141,0.158779,0.0155549,0.173631,0.222517,0.222517,0.222517,0.00191067,0.00195318,4.01368e-06,0.000407112,0.0012625,0.139467,0.000109391,0.00696092,0.215363,0.425436,0.183162,0.686887,0.19276,0.19276,0.15065,0.15065,0.0140103,0.19276,0.185643,0.0389651,0.835793,0.301752,0.301752,
2.96,0.0205644,0.0434848,0.315404,0.00999026,0.052824,0.270023,0.284607,0.284607,0.631873,0.247623,0.108374,0.239166,0.0881917,0.176404,0.196407,0.196407,0.196407,0.00170037,0.0320943,1.51466e-05,0.00116696,0.00307066,0.204649,0.000689127,0.195002,0.197454,0.380345,0.180442,0.420955,0.184261,0.184261,0.284607,0.284607,0.652648,0.184261,0.113987,0.240146,0.832786,0.327053,0.327053,0.0396532,0.000110863,0.511553,0.000291781,0.0128574,0.329124,0.151104,0.151104,0.252802,0.258229,0.50317,0.157924,0.0158173,0.173546,0.209266,0.209266,0.209266,0.00192271,0.00207923,0,0.000419709,0.00106102,0.139779,0.00010431,0.0068616,0.216103,0.426815,0.184497,0.688168,0.203107,0.203107,0.151104,0.151104,0.014467,0.203107,0.200683,0.0375267,0.797088,0.297294,0.297294,
2.965,0.0168052,0.0354532,0.259649,0.00807623,0.0430867,0.234661,0.284596,0.284596,0.6014,0.239442,0.104321,0.226715,0.0919671,0.167339,0.193861,0.193861,0.193861,0.00146909,0.032605,1.73216e-05,0.000974922,0.00261773,0.19593,0.00024287,0.167247,0.181476,0.325621,0.169177,0.387448,0.180446,0.180446,0.284596,0.284596,0.620888,0.180446,0.123069,0.228653,0.782679,0.333916,0.333916,0.0323227,0.000125111,0.417011,0.000306558,0.0108284,0.296356,0.151699,0.151699,0.246123,0.257654,0.418245,0.138083,0.0154859,0.161965,0.197442,0.197442,0.197442,0.00161547,0.00217561,0,0.000386012,0.000892729,0.135013,0.000101315,0.00552357,0.200982,0.3639,0.174458,0.568445,0.213899,0.213899,0.151699,0.151699,0.0123896,0.213899,0.208995,0.0357582,0.753542,0.294923,0.294923,
2.97,0.0176373,0.037154,0.269766,0.00841925,0.0451506,0.233928,0.283021,0.283021,0.567621,0.245348,0.105346,0.209745,0.0981665,0.166071,0.192525,0.192525,0.192525,0.00151777,0.0342517,1.59516e-05,0.00101325,0.00263635,0.195621,0.000239797,0.171532,0.181065,0.329945,0.169932,0.386541,0.177652,0.177652,0.283021,0.283021,0.579472,0.177652,0.144923,0.219217,0.724888,0.340626,0.340626,0.0338691,0.000115217,0.436965,0.000329018,0.0113984,0.294399,0.152436,0.152436,0.244645,0.25785,0.433384,0.139969,0.0157267,0.162136,0.187296,0.187296,0.187296,0.00169777,0.00233618,0,0.000409822,0.00087042,0.134581,9.33552e-05,0.00579307,0.202723,0.375357,0.175842,0.589268,0.224723,0.224723,0.152436,0.152436,0.0133871,0.224723,0.224333,0.0334576,0.694421,0.295106,0.295106,
2.975,0.0147226,0.0308888,0.225666,0.00728977,0.0375678,0.203548,0.279528,0.279528,0.530613,0.242181,0.101674,0.19332,0.103477,0.157528,0.191721,0.191721,0.191721,0.00137946,0.0357721,1.74421e-05,0.00092428,0.00378048,0.187148,0.000828624,0.149817,0.166991,0.284676,0.160379,0.358099,0.176131,0.176131,0.279528,0.279528,0.538242,0.176131,0.161069,0.206086,0.661615,0.346572,0.346572,0.0281533,0.000128016,0.363187,0.000342672,0.00983563,0.265885,0.153361,0.153361,0.237656,0.257036,0.366751,0.124211,0.0154998,0.151868,0.178873,0.178873,0.178873,0.00149199,0.00245542,0,0.000393663,0.00101142,0.12977,8.81596e-05,0.00506257,0.190171,0.325957,0.166835,0.494238,0.235097,0.235097,0.153361,0.153361,0.0121042,0.235097,0.234077,0.0311468,0.636233,0.29822,0.29822,
2.98,0.0152824,0.0320151,0.231679,0.0072674,0.0389251,0.199554,0.273995,0.273995,0.490267,0.245231,0.101747,0.17383,0.10854,0.154632,0.190884,0.190884,0.190884,0.00138214,0.0366089,1.60832e-05,0.000911448,0.00284166,0.185228,0.000222191,0.151694,0.164594,0.284456,0.159372,0.353614,0.175927,0.175927,0.273995,0.273995,0.490182,0.175927,0.181884,0.194369,0.595285,0.351331,0.351331,0.0291728,0.000116166,0.376383,0.000363866,0.0102489,0.260114,0.154558,0.154558,0.234069,0.255122,0.375168,0.124085,0.0155237,0.150478,0.171984,0.171984,0.171984,0.00153515,0.00258989,0,0.000408192,0.000798644,0.128319,7.92482e-05,0.00504498,0.189767,0.332058,0.166655,0.506148,0.244634,0.244634,0.154558,0.154558,0.0128451,0.244634,0.248411,0.0284633,0.569074,0.304471,0.304471,
2.985,0.0132398,0.0275893,0.199372,0.00628692,0.0335661,0.172436,0.266596,0.266596,0.43395,0.241721,0.0992812,0.14905,0.11698,0.146455,0.189634,0.189634,0.189634,0.00127194,0.0387807,1.88497e-05,0.000825756,0.00323394,0.178499,0.000211388,0.135789,0.152456,0.250462,0.15145,0.330933,0.176898,0.176898,0.266596,0.266596,0.42753,0.176898,0.205175,0.176653,0.503347,0.354733,0.354733,0.0251313,0.000121794,0.324235,0.000391794,0.00923733,0.233538,0.156117,0.156117,0.226543,0.252625,0.327071,0.114129,0.015474,0.141956,0.166247,0.166247,0.166247,0.00138899,0.00281982,0,0.00040605,0.000744223,0.12424,7.18628e-05,0.004401,0.179975,0.297591,0.159951,0.435924,0.253112,0.253112,0.156117,0.156117,0.0123371,0.253112,0.265513,0.0250988,0.480787,0.313911,0.313911,
2.99,0.0142802,0.0296976,0.211571,0.00670843,0.0361328,0.169358,0.257807,0.257807,0.380556,0.24371,0.0986499,0.123285,0.123219,0.142189,0.187782,0.187782,0.187782,0.00159381,0.0428456,1.51676e-05,0.000945343,0.00560536,0.174747,0.000331292,0.140844,0.149706,0.25148,0.149872,0.329394,0.178776,0.178776,0.257807,0.257807,0.362896,0.178776,0.229626,0.160574,0.417595,0.356876,0.356876,0.0270479,0.000107249,0.348973,0.00041133,0.00990089,0.227423,0.158077,0.158077,0.220155,0.247124,0.343947,0.113014,0.0154045,0.139844,0.161214,0.161214,0.161214,0.00154305,0.00352213,0.000108959,0.000432905,0.00243814,0.121458,5.81682e-05,0.00508752,0.179275,0.308247,0.158948,0.461522,0.260383,0.260383,0.158077,0.158077,0.0133181,0.260383,0.279487,0.0213563,0.393393,0.32646,0.32646,
2.995,0.0117158,0.0241542,0.172439,0.00767497,0.029533,0.144156,0.248181,0.248181,0.343396,0.238285,0.0997197,0.113869,0.144135,0.137491,0.185335,0.185335,0.185335,0.00196254,0.0565713,3.704e-05,0.00128327,0.0189585,0.172999,0.005938,0.123147,0.140654,0.240047,0.144778,0.301349,0.181166,0.181166,0.248181,0.248181,0.33356,0.181166,0.246225,0.149459,0.356627,0.357958,0.357958,0.0220266,0.00013188,0.283698,0.000451129,0.00862183,0.205187,0.16038,0.16038,0.217136,0.246991,0.298959,0.128177,0.01711,0.133367,0.156404,0.156404,0.156404,0.00153317,0.00480193,0.000210866,0.000494185,0.0056912,0.119031,7.30164e-05,0.00646486,0.172157,0.2856,0.15492,0.378063,0.266242,0.266242,0.16038,0.16038,0.014539,0.266242,0.296681,0.0211452,0.336662,0.341852,0.341852,
3,0.0145048,0.0296805,0.208797,0.0586995,0.0384056,0.162412,0.238217,0.238217,0.320252,0.250355,0.12311,0.122593,0.335504,0.171409,0.182452,0.182452,0.182452,0.00775397,0.200051,4.07459e-05,0.00899565,0.212702,0.197609,0.131095,0.218783,0.190722,0.252572,0.186939,0.475054,0.183565,0.183565,0.238217,0.238217,0.288998,0.183565,0.257916,0.143933,0.317373,0.358136,0.358136,0.0277186,0.000707487,0.348681,0.000620479,0.0104885,0.281719,0.162871,0.162871,0.230034,0.239639,0.417725,0.197366,0.0415584,0.14987,0.151438,0.151438,0.151438,0.00497985,0.00819285,0,0.00178395,0.0400238,0.122859,8.06387e-05,0.0483824,0.233485,0.385481,0.165772,0.457407,0.270396,0.270396,0.162871,0.162871,0.0305593,0.270396,0.300613,0.0194819,0.28621,0.359689,0.359689,
3.005,0.0106956,0.0213499,0.151566,0.00596369,0.0263175,0.123845,0.228244,0.228244,0.305727,0.237369,0.102246,0.0910255,0.170618,0.133194,0.179391,0.179391,0.179391,0.00691568,0.112682,2.57223e-05,0.00257489,0.06302,0.168408,0.00555441,0.11176,0.13244,0.199181,0.140793,0.307768,0.18545,0.18545,0.228244,0.228244,0.274373,0.18545,0.299455,0.133165,0.283586,0.357485,0.357485,0.0194414,9.96499e-05,0.250549,0.000493083,0.00809898,0.183329,0.165304,0.165304,0.221164,0.253687,0.259621,0.0970111,0.0169158,0.128068,0.146166,0.146166,0.146166,0.00245471,0.0161401,0.00230133,0.000549799,0.0382089,0.118164,4.77947e-05,0.0120377,0.164207,0.245843,0.156078,0.347402,0.272628,0.272628,0.165304,0.165304,0.0127729,0.272628,0.334328,0.0170072,0.266105,0.379359,0.379359,
3.01,0.0136805,0.0275184,0.191388,0.0858909,0.0370721,0.143481,0.21848,0.21848,0.252784,0.246145,0.136854,0.105957,0.460921,0.182627,0.176468,0.176468,0.176468,0.0121231,0.298938,4.89205e-05,0.0135624,0.33356,0.205991,0.20123,0.250407,0.205892,0.22698,0.20219,0.536959,0.186323,0.186323,0.21848,0.21848,0.206412,0.186323,0.290456,0.122362,0.209773,0.355848,0.355848,0.0261077,0.00101543,0.323152,0.000773255,0.0104216,0.295442,0.167353,0.167353,0.232975,0.234383,0.429255,0.227086,0.056027,0.150122,0.140694,0.140694,0.140694,0.0069642,0.0134092,0.000406137,0.00253501,0.0674117,0.121172,8.00896e-05,0.0726651,0.256409,0.40227,0.167975,0.423851,0.272871,0.272871,0.167353,0.167353,0.0389535,0.272871,0.332632,0.0158592,0.176691,0.400016,0.400016,
3.015,0.00842988,0.0160688,0.112976,0.00648348,0.0201918,0.0930925,0.209152,0.209152,0.229448,0.211829,0.105673,0.068361,0.211795,0.126081,0.174069,0.174069,0.174069,0.0110185,0.169606,5.41495e-05,0.00396476,0.111251,0.166665,0.0116483,0.0951511,0.12211,0.19334,0.134043,0.297447,0.185766,0.185766,0.209152,0.209152,0.202776,0.185766,0.330444,0.108794,0.171143,0.35294,0.35294,0.0146563,0.000102367,0.18833,0.000560852,0.00698753,0.151207,0.168642,0.168642,0.216409,0.244837,0.217937,0.114879,0.0188938,0.120353,0.135249,0.135249,0.135249,0.00320067,0.0259371,0.00393612,0.00067363,0.0655122,0.115372,5.86218e-05,0.0181117,0.154009,0.224223,0.154447,0.275341,0.271261,0.271261,0.168642,0.168642,0.0141097,0.271261,0.366431,0.0148074,0.157793,0.420733,0.420733,
3.02,0.011573,0.0226595,0.156014,0.0884269,0.0315027,0.115675,0.200549,0.200549,0.186909,0.225641,0.141317,0.086511,0.504887,0.178009,0.172541,0.172541,0.172541,0.0155034,0.350493,7.09421e-05,0.0149615,0.379562,0.205566,0.211721,0.237311,0.198341,0.215743,0.197884,0.527355,0.183557,0.183557,0.200549,0.200549,0.142946,0.183557,0.318542,0.101227,0.111831,0.348812,0.348812,0.0217304,0.00104151,0.265911,0.000850383,0.00945383,0.270013,0.168799,0.168799,0.230364,0.228604,0.391343,0.241249,0.0590452,0.143695,0.130098,0.130098,0.130098,0.00765128,0.0211882,0.00164655,0.00269663,0.0898899,0.11893,8.78041e-05,0.0791161,0.249916,0.382142,0.167257,0.356221,0.26814,0.26814,0.168799,0.168799,0.0405478,0.26814,0.365153,0.0138127,0.0822677,0.440702,0.440702,
3.025,0.0076454,0.0145179,0.100854,0.00350767,0.0181745,0.0752657,0.192995,0.192995,0.184592,0.206899,0.103185,0.0389971,0.203404,0.117174,0.172057,0.172057,0.172057,0.00945534,0.149949,1.68671e-05,0.00309856,0.086262,0.155309,0.00456551,0.0779204,0.109403,0.128163,0.124325,0.245234,0.179799,0.179799,0.192995,0.192995,0.135699,0.179799,0.344956,0.0910311,0.104181,0.343955,0.343955,0.0131906,5.0497e-05,0.170061,0.000619119,0.00686714,0.132401,0.167478,0.167478,0.209357,0.244032,0.174744,0.0598703,0.0182584,0.110709,0.125542,0.125542,0.125542,0.00270647,0.0230851,0.00345055,0.000618479,0.0557622,0.108965,1.62416e-05,0.0141366,0.143071,0.175215,0.149746,0.245028,0.264003,0.264003,0.167478,0.167478,0.0107163,0.264003,0.394425,0.00918365,0.0924906,0.459327,0.459327,
3.03,0.0120145,0.0232577,0.158107,0.104116,0.0330168,0.106982,0.186781,0.186781,0.128238,0.206219,0.146521,0.0672029,0.575623,0.181565,0.172502,0.172502,0.172502,0.0195398,0.420642,6.19567e-05,0.0179827,0.460706,0.206024,0.251865,0.263297,0.207044,0.190661,0.204161,0.586367,0.174853,0.174853,0.186781,0.186781,0.0664314,0.174853,0.327709,0.0808887,0.0326428,0.339094,0.339094,0.0224762,0.00121316,0.272926,0.000924983,0.00981042,0.27679,0.164423,0.164423,0.225205,0.212511,0.407449,0.241683,0.0665126,0.142119,0.121856,0.121856,0.121856,0.0091451,0.0271746,0.00249339,0.003136,0.115123,0.115529,7.02305e-05,0.0950612,0.260745,0.38893,0.166319,0.366821,0.259263,0.259263,0.164423,0.164423,0.044095,0.259263,0.373704,0.00915057,0.000540126,0.476286,0.476286,
3.035,0.0057495,0.01104,0.0750258,0.00726294,0.0139771,0.053343,0.182033,0.182033,0.107881,0.183232,0.101966,0.0206338,0.213749,0.108179,0.173467,0.173467,0.173467,0.00480895,0.113762,4.17639e-05,0.0022421,0.0585028,0.150398,0.0137275,0.0627756,0.0992805,0.133052,0.115573,0.17124,0.169189,0.169189,0.182033,0.182033,0.0793689,0.169189,0.320614,0.0706276,0.00964339,0.334946,0.334946,0.0100952,8.99326e-05,0.129231,0.000692659,0.00623396,0.113737,0.159528,0.159528,0.190868,0.224369,0.153644,0.0932898,0.0218271,0.10095,0.119248,0.119248,0.119248,0.00176631,0.013173,0.00138565,0.000698843,0.0261916,0.100334,3.69565e-05,0.0107224,0.136214,0.176778,0.140886,0.174243,0.254181,0.254181,0.159528,0.159528,0.0138704,0.254181,0.40053,0.00829718,0.000206587,0.491408,0.491408,
3.04,0.0112554,0.02237,0.152846,0.10471,0.0317866,0.108474,0.178699,0.178699,0.125906,0.18529,0.147898,0.079824,0.564484,0.179946,0.174411,0.174411,0.174411,0.0141615,0.368683,8.04985e-05,0.0164845,0.414181,0.207779,0.251453,0.250587,0.205165,0.217868,0.200529,0.509258,0.163306,0.163306,0.178699,0.178699,0.0941689,0.163306,0.275757,0.0831171,0.0582462,0.332086,0.332086,0.0216992,0.00120261,0.262669,0.00097836,0.00976132,0.279179,0.152879,0.152879,0.217761,0.201712,0.409793,0.273025,0.0689315,0.139799,0.117775,0.117775,0.117775,0.00794893,0.0160637,0.000293424,0.00312255,0.0806362,0.111872,9.80034e-05,0.0884429,0.259029,0.405235,0.165072,0.340452,0.248911,0.248911,0.152879,0.152879,0.0458794,0.248911,0.369752,0.0126843,0.0267222,0.504457,0.504457,
3.045,0.00487787,0.00928366,0.0631231,0.00896738,0.0119478,0.0478578,0.17673,0.17673,0.0989517,0.168038,0.104639,0.0250134,0.226642,0.107582,0.174776,0.174776,0.174776,0.00459642,0.119245,5.45377e-05,0.00241808,0.0643197,0.151625,0.0188264,0.0554252,0.0979159,0.140412,0.113972,0.145496,0.157726,0.157726,0.17673,0.17673,0.0826958,0.157726,0.307335,0.0678506,0.00840053,0.331055,0.331055,0.00853181,9.91275e-05,0.108621,0.000733647,0.00591161,0.110018,0.144743,0.144743,0.189262,0.219201,0.144597,0.108522,0.0239824,0.0988527,0.117344,0.117344,0.117344,0.00171341,0.0129025,0.00121906,0.000766646,0.0251182,0.0987259,5.03155e-05,0.0117141,0.134452,0.176711,0.14111,0.147866,0.243557,0.243557,0.144743,0.144743,0.0149675,0.243557,0.406905,0.00961513,9.97764e-05,0.514944,0.514944,
3.05,0.0151297,0.0306095,0.21169,0.111426,0.0420213,0.150654,0.17615,0.17615,0.195146,0.185211,0.152633,0.108304,0.571352,0.193391,0.174129,0.174129,0.174129,0.0158251,0.388029,5.84889e-05,0.0176231,0.439551,0.215943,0.264204,0.286703,0.227068,0.249665,0.21458,0.566691,0.152949,0.152949,0.17615,0.17615,0.158653,0.152949,0.2435,0.102746,0.176791,0.332476,0.332476,0.0292786,0.00124254,0.359722,0.000958006,0.0117503,0.32529,0.135508,0.135508,0.227087,0.199752,0.493392,0.271866,0.0711264,0.152034,0.117762,0.117762,0.117762,0.00873022,0.0178091,0.000638028,0.00326754,0.0899099,0.116086,8.9307e-05,0.0948893,0.277727,0.456119,0.174909,0.470511,0.238248,0.238248,0.135508,0.135508,0.0469149,0.238248,0.345979,0.0150673,0.137843,0.522111,0.522111,
3.055,0.00343885,0.00666259,0.0454071,0.0102306,0.00875873,0.0427476,0.176987,0.176987,0.0809025,0.141831,0.107846,0.0387307,0.234251,0.106416,0.172206,0.172206,0.172206,0.00172779,0.0993094,0.00010401,0.00182166,0.0478966,0.157679,0.0221191,0.043106,0.0965513,0.19502,0.111617,0.0922889,0.149376,0.149376,0.176987,0.176987,0.105771,0.149376,0.267895,0.0671934,0.00709344,0.33711,0.33711,0.00619776,0.000109581,0.0779198,0.000779854,0.00536808,0.104777,0.125598,0.125598,0.182954,0.206257,0.146635,0.173059,0.0268688,0.0976968,0.118774,0.118774,0.118774,0.00104147,0.00749731,0,0.000805847,0.00705267,0.0972941,0.000102341,0.00893846,0.132809,0.205213,0.140868,0.101561,0.233125,0.233125,0.125598,0.125598,0.0187636,0.233125,0.403824,0.0145054,0.00065472,0.525202,0.525202,
3.06,0.00909203,0.0179181,0.121958,0.0998767,0.0262351,0.0905346,0.179213,0.179213,0.0949652,0.160358,0.147011,0.0776067,0.558803,0.171397,0.168876,0.168876,0.168876,0.0131844,0.358911,0.00010765,0.015716,0.398237,0.20426,0.241618,0.223811,0.192762,0.228375,0.189985,0.446938,0.147316,0.147316,0.179213,0.179213,0.0856375,0.147316,0.261605,0.0740207,0.027471,0.345772,0.345772,0.0176061,0.00114142,0.210345,0.00100821,0.00871874,0.254621,0.115425,0.115425,0.209626,0.19193,0.372243,0.293495,0.0683691,0.132165,0.120054,0.120054,0.120054,0.00739812,0.015634,0.000146742,0.00303768,0.0753603,0.107678,0.000121142,0.0841317,0.24502,0.38925,0.16102,0.272804,0.228346,0.228346,0.115425,0.115425,0.0457753,0.228346,0.377781,0.0141934,8.96162e-05,0.523976,0.523976,
3.065,0.00353737,0.00667982,0.0454947,0.00836931,0.00877289,0.0389708,0.182698,0.182698,0.0834221,0.143099,0.107025,0.028893,0.231585,0.106308,0.164087,0.164087,0.164087,0.00324775,0.110419,7.10152e-05,0.00198517,0.0536874,0.154746,0.0181742,0.0434064,0.0953554,0.147704,0.110781,0.113575,0.146999,0.146999,0.182698,0.182698,0.0854103,0.146999,0.281601,0.0648699,0.00629843,0.358942,0.358942,0.00617178,9.56002e-05,0.078085,0.000784425,0.00540773,0.101756,0.105381,0.105381,0.186655,0.211816,0.125634,0.125033,0.0255646,0.0968772,0.121252,0.121252,0.121252,0.00129689,0.0106845,0.000698359,0.000776821,0.0167706,0.0983208,6.78424e-05,0.00964218,0.131118,0.171981,0.141715,0.106686,0.224079,0.224079,0.105381,0.105381,0.0153149,0.224079,0.414203,0.0111408,0.000106953,0.518774,0.518774,
3.07,0.00513779,0.00960942,0.065423,0.0938317,0.015979,0.0563081,0.18719,0.18719,0.0867894,0.144718,0.141233,0.0692507,0.541899,0.161797,0.157925,0.157925,0.157925,0.0120963,0.341845,8.62783e-05,0.0147247,0.37578,0.19365,0.230723,0.189355,0.174927,0.144276,0.17583,0.405112,0.14845,0.14845,0.18719,0.18719,0.0701658,0.14845,0.253462,0.0676135,0.0201669,0.376351,0.376351,0.00996346,0.00111462,0.112606,0.00102066,0.00660934,0.221258,0.095812,0.095812,0.204603,0.193247,0.267157,0.238798,0.066195,0.119872,0.122076,0.122076,0.122076,0.00671571,0.0143109,0,0.00289339,0.069768,0.103482,9.99234e-05,0.078834,0.226056,0.299693,0.151294,0.150785,0.220476,0.220476,0.095812,0.095812,0.0401148,0.220476,0.384595,0.0118969,9.3715e-05,0.510182,0.510182,
3.075,0.00516293,0.0102734,0.0700063,0.01225,0.0132315,0.0553748,0.192365,0.192365,0.0751589,0.131421,0.109707,0.0382145,0.241373,0.110506,0.150642,0.150642,0.150642,0.00289831,0.112678,0.00010256,0.00234305,0.0611414,0.162717,0.0256163,0.0611073,0.105322,0.214443,0.116856,0.132639,0.151404,0.151404,0.192365,0.192365,0.0983939,0.151404,0.257966,0.0669535,0.00963631,0.397041,0.397041,0.0095096,0.000128341,0.120444,0.000781125,0.00628441,0.117123,0.087056,0.087056,0.183555,0.199164,0.184403,0.180151,0.0274743,0.103105,0.122324,0.122324,0.122324,0.00144531,0.00951352,0.000364734,0.000864097,0.0137833,0.100014,9.99777e-05,0.0116988,0.14045,0.231794,0.145338,0.156858,0.21762,0.21762,0.087056,0.087056,0.0194875,0.21762,0.398263,0.0139356,0.00010478,0.498786,0.498786,
3.08,0.0038555,0.00728642,0.0496787,0.0119353,0.00972941,0.0440402,0.197867,0.197867,0.071471,0.119333,0.110716,0.0390298,0.25411,0.109113,0.14267,0.14267,0.14267,0.00505157,0.139089,0.000105371,0.00298004,0.0836224,0.161846,0.0274313,0.052344,0.101828,0.19792,0.114114,0.134747,0.155353,0.155353,0.197867,0.197867,0.0951041,0.155353,0.261122,0.0637931,0.00726069,0.419541,0.419541,0.00679153,0.000131078,0.0852904,0.000796103,0.00554498,0.106448,0.079418,0.079418,0.184742,0.198245,0.154756,0.173222,0.0278953,0.100178,0.121897,0.121897,0.121897,0.00180016,0.0144468,0.00125222,0.000897307,0.0281849,0.0997044,0.000100132,0.014456,0.135484,0.208364,0.144718,0.119835,0.215551,0.215551,0.079418,0.079418,0.0185376,0.215551,0.404956,0.0138502,0.000106719,0.485064,0.485064,
3.085,0.003854,0.00750315,0.0512032,0.036822,0.0109476,0.0493258,0.203367,0.203367,0.059876,0.103464,0.116963,0.058126,0.331732,0.121629,0.134566,0.134566,0.134566,0.00502539,0.178835,0.000140888,0.00596996,0.156087,0.172784,0.088492,0.0926852,0.123164,0.236369,0.129322,0.201258,0.159667,0.159667,0.203367,0.203367,0.104165,0.159667,0.215313,0.0644429,0.0108121,0.441849,0.441849,0.00733702,0.000439796,0.0879584,0.000835735,0.00556955,0.138211,0.073097,0.073097,0.17832,0.176406,0.206324,0.248585,0.0395616,0.105109,0.12078,0.12078,0.12078,0.00279452,0.0100816,0,0.00146934,0.0269545,0.0983076,0.000142627,0.0311754,0.16012,0.26921,0.141839,0.115924,0.214272,0.214272,0.073097,0.073097,0.0278333,0.214272,0.368378,0.0167889,9.86663e-05,0.469494,0.469494,
3.09,0.00440159,0.00835699,0.057115,0.063864,0.0131736,0.0530451,0.208597,0.208597,0.0784606,0.126479,0.132379,0.0655187,0.438924,0.144833,0.126867,0.126867,0.126867,0.00842737,0.259106,0.000115906,0.010136,0.260812,0.188714,0.156033,0.139117,0.151173,0.193514,0.155286,0.303373,0.163715,0.163715,0.208597,0.208597,0.0938803,0.163715,0.240845,0.0691787,0.0212,0.461771,0.461771,0.0084501,0.000764771,0.0979316,0.000953616,0.00616192,0.180774,0.068184,0.068184,0.198184,0.192545,0.23457,0.245094,0.0530651,0.115692,0.11906,0.11906,0.11906,0.00466307,0.0123579,9.8167e-06,0.00216578,0.0474535,0.104798,0.00012389,0.0538334,0.195963,0.28535,0.15161,0.131012,0.213742,0.213742,0.068184,0.068184,0.0337993,0.213742,0.391124,0.0149052,0.00616243,0.452833,0.452833,
3.095,0.00446435,0.00860178,0.0587828,0.0580032,0.0131963,0.0581458,0.213315,0.213315,0.0693745,0.112592,0.129254,0.0752521,0.416458,0.140683,0.119999,0.119999,0.119999,0.00766532,0.243101,0.000165874,0.00929602,0.241627,0.19143,0.141128,0.133881,0.148596,0.26744,0.151548,0.29278,0.166915,0.166915,0.213315,0.213315,0.118257,0.166915,0.219168,0.071435,0.0197332,0.477396,0.477396,0.00862135,0.000703176,0.100866,0.00089599,0.00598793,0.173153,0.064665,0.064665,0.19057,0.179725,0.257842,0.30524,0.0500564,0.116994,0.11692,0.11692,0.11692,0.00425723,0.0121931,0,0.00200697,0.0427984,0.105287,0.000171076,0.0488795,0.190445,0.324498,0.150047,0.133864,0.213878,0.213878,0.064665,0.064665,0.0358383,0.213878,0.367324,0.0191339,0.00529097,0.436313,0.436313,
3.1,0.00344554,0.00623417,0.0426817,0.0644334,0.0106339,0.0447148,0.217277,0.217277,0.090048,0.142661,0.132224,0.0633749,0.442354,0.146553,0.114199,0.114199,0.114199,0.00849307,0.260296,0.00010283,0.0102344,0.263311,0.188576,0.158566,0.136531,0.150188,0.159532,0.156622,0.31517,0.168819,0.168819,0.217277,0.217277,0.093213,0.168819,0.259382,0.0720138,0.0225638,0.487286,0.487286,0.00651496,0.000795995,0.0728877,0.000952508,0.00562819,0.17806,0.062483,0.062483,0.203765,0.204717,0.206845,0.223197,0.0530856,0.115419,0.114564,0.114564,0.114564,0.00468403,0.0121531,0,0.00217202,0.0480773,0.106675,0.000111622,0.0543124,0.196994,0.259713,0.150952,0.10027,0.21458,0.21458,0.062483,0.062483,0.0326122,0.21458,0.39847,0.013839,0.00911214,0.421483,0.421483,
3.105,0.00310267,0.00530564,0.0363824,0.0663021,0.00970483,0.0464214,0.22036,0.22036,0.0772316,0.114247,0.132238,0.0793363,0.459401,0.145296,0.109535,0.109535,0.109535,0.011441,0.298523,0.000162548,0.0114392,0.303152,0.192794,0.164993,0.140853,0.152504,0.234821,0.156046,0.340006,0.169197,0.169197,0.22036,0.22036,0.115376,0.169197,0.234701,0.0709322,0.0220512,0.490512,0.490512,0.00572702,0.000821002,0.0620178,0.000909413,0.00512556,0.173817,0.06158,0.06158,0.196114,0.183613,0.232606,0.297128,0.0537578,0.116258,0.112143,0.112143,0.112143,0.00532709,0.0187876,0.00111237,0.00224226,0.0673539,0.106146,0.000166516,0.0595612,0.19506,0.302285,0.149005,0.094657,0.215662,0.215662,0.06158,0.06158,0.0366822,0.215662,0.368751,0.0184876,0.00906107,0.40989,0.40989,
3.11,0.00289393,0.00485925,0.0333043,0.0681491,0.00921774,0.0401243,0.222578,0.222578,0.0877294,0.134403,0.13336,0.0667245,0.463368,0.147582,0.105958,0.105958,0.105958,0.0107344,0.291668,0.000109942,0.011367,0.296903,0.189066,0.169455,0.139915,0.15178,0.157474,0.157615,0.337156,0.168062,0.168062,0.222578,0.222578,0.0920525,0.168062,0.258943,0.070114,0.0215723,0.486866,0.486866,0.00531693,0.000844387,0.0567034,0.000954241,0.00523233,0.176976,0.06188,0.06188,0.203611,0.200428,0.201054,0.230246,0.0547652,0.114627,0.109717,0.109717,0.109717,0.00526812,0.0164142,0.000724192,0.00228507,0.0626548,0.106254,0.000117028,0.0598414,0.197709,0.256682,0.149963,0.0856529,0.216815,0.216815,0.06188,0.06188,0.0334744,0.216815,0.393996,0.0140924,0.00869055,0.402608,0.402608,
3.115,0.00336679,0.00553801,0.0379616,0.0736949,0.0103949,0.0489842,0.224014,0.224014,0.0819121,0.114796,0.13513,0.0859255,0.493424,0.150853,0.103349,0.103349,0.103349,0.0147509,0.345378,0.000174024,0.0133187,0.356102,0.197225,0.184512,0.157819,0.160902,0.247043,0.163019,0.394723,0.165662,0.165662,0.224014,0.224014,0.119025,0.165662,0.242085,0.0721806,0.0248358,0.476902,0.476902,0.00603751,0.000914446,0.0647124,0.000900359,0.00509392,0.183272,0.063262,0.063262,0.199402,0.181533,0.250555,0.316617,0.056612,0.119641,0.107255,0.107255,0.107255,0.00634229,0.0245732,0.002084,0.00244177,0.0883994,0.108048,0.000176199,0.0689101,0.203429,0.319219,0.150346,0.105441,0.217664,0.217664,0.063262,0.063262,0.0392459,0.217664,0.359903,0.0191232,0.0106632,0.399851,0.399851,
3.12,0.00307505,0.00465356,0.031951,0.0738879,0.00940696,0.038265,0.224736,0.224736,0.0989515,0.137668,0.135388,0.0659984,0.497247,0.151808,0.101523,0.101523,0.101523,0.0161724,0.357121,9.17209e-05,0.0136361,0.36302,0.188465,0.186099,0.153703,0.157107,0.125346,0.162466,0.402306,0.16245,0.16245,0.224736,0.224736,0.0810438,0.16245,0.283725,0.0688413,0.0270202,0.461743,0.461743,0.00519175,0.000914721,0.0541916,0.000945791,0.00510362,0.181793,0.065548,0.065548,0.210094,0.203891,0.195894,0.204825,0.0564307,0.11553,0.104704,0.104704,0.104704,0.00665973,0.0267667,0.0026393,0.00246775,0.0975781,0.107517,9.52666e-05,0.0709003,0.202072,0.239303,0.151104,0.0968582,0.217888,0.217888,0.065548,0.065548,0.0329197,0.217888,0.395252,0.0119417,0.0135267,0.401086,0.401086,
3.125,0.00372716,0.00571091,0.0388322,0.0777198,0.0108773,0.0498984,0.224717,0.224717,0.10898,0.160661,0.139523,0.0845831,0.521209,0.158938,0.100223,0.100223,0.100223,0.0184075,0.389331,0.000163479,0.0149014,0.400931,0.201562,0.195939,0.16983,0.167294,0.229364,0.173464,0.447276,0.159052,0.159052,0.224717,0.224717,0.121132,0.159052,0.308418,0.078856,0.019952,0.44286,0.44286,0.00622551,0.000969115,0.0665226,0.000887944,0.00514676,0.192337,0.068506,0.068506,0.216599,0.208885,0.253162,0.30351,0.0575779,0.125236,0.102056,0.102056,0.102056,0.00736063,0.031464,0.00336088,0.00256358,0.111836,0.113967,0.000162222,0.0764305,0.213797,0.315884,0.155875,0.116573,0.217242,0.217242,0.068506,0.068506,0.0402425,0.217242,0.380511,0.0181127,0.00512199,0.405203,0.405203,
3.13,0.00252964,0.00330965,0.0226803,0.0837776,0.00824635,0.0323661,0.223915,0.223915,0.103395,0.146511,0.138969,0.0660951,0.536797,0.156668,0.099156,0.099156,0.099156,0.0179066,0.39189,7.73823e-05,0.0153251,0.407163,0.188506,0.211954,0.163435,0.162015,0.0913532,0.167881,0.426003,0.156155,0.156155,0.223915,0.223915,0.070921,0.156155,0.297722,0.0672172,0.0238278,0.421955,0.421955,0.0040899,0.00102994,0.0383297,0.000981776,0.00485742,0.189895,0.071897,0.071897,0.214224,0.208693,0.186321,0.192034,0.0611284,0.114739,0.099371,0.099371,0.099371,0.00740737,0.0286287,0.00284985,0.00272332,0.108653,0.106464,8.22451e-05,0.0799215,0.209505,0.226462,0.150452,0.0792813,0.215537,0.215537,0.071897,0.071897,0.0343946,0.215537,0.402138,0.0105763,0.0100483,0.410833,0.410833,
3.135,0.00312572,0.00401043,0.027392,0.0829141,0.00929799,0.0411779,0.222379,0.222379,0.0874762,0.107597,0.137956,0.0852238,0.553373,0.156495,0.098046,0.098046,0.098046,0.0243958,0.462042,0.000159672,0.0172651,0.473257,0.197306,0.212286,0.179228,0.168774,0.205979,0.169533,0.510945,0.154383,0.154383,0.222379,0.222379,0.0968669,0.154383,0.274854,0.0673449,0.0220226,0.401056,0.401056,0.00475563,0.00103963,0.0466085,0.000880216,0.00452294,0.185037,0.075496,0.075496,0.206973,0.180247,0.237572,0.290573,0.0593127,0.120471,0.096773,0.096773,0.096773,0.00873366,0.0433274,0.00552604,0.00274716,0.150501,0.110224,0.000153371,0.0879093,0.208581,0.293378,0.150972,0.107967,0.212654,0.212654,0.075496,0.075496,0.0388522,0.212654,0.355711,0.0161903,0.00780752,0.416815,0.416815,
3.14,0.00259668,0.00312267,0.021316,0.0806653,0.0080035,0.0323641,0.220215,0.220215,0.104061,0.143151,0.137056,0.0676211,0.533977,0.154475,0.096672,0.096672,0.096672,0.0207615,0.417039,9.0814e-05,0.0158334,0.426981,0.187335,0.205667,0.162869,0.160113,0.108315,0.166051,0.449239,0.154138,0.154138,0.220215,0.220215,0.0743366,0.154138,0.307442,0.0667489,0.0212298,0.382206,0.382206,0.00388246,0.000997351,0.0360835,0.000935127,0.00461848,0.182968,0.079094,0.079094,0.213638,0.205703,0.188184,0.201394,0.0587931,0.114687,0.094404,0.094404,0.094404,0.00788573,0.0353522,0.00416567,0.0026666,0.127309,0.107099,9.05255e-05,0.0816127,0.204968,0.229299,0.149733,0.0853356,0.208597,0.208597,0.079094,0.079094,0.0340552,0.208597,0.393025,0.0111773,0.00802164,0.422189,0.422189,
3.145,0.00367623,0.00465884,0.0317697,0.0870753,0.0104313,0.0448455,0.21753,0.21753,0.0934177,0.107288,0.140829,0.0901288,0.583108,0.160711,0.094902,0.094902,0.094902,0.029317,0.521294,0.000170002,0.0192349,0.532123,0.200754,0.224368,0.193095,0.17532,0.220712,0.175092,0.567947,0.155528,0.155528,0.21753,0.21753,0.0989033,0.155528,0.293142,0.0677105,0.0239203,0.366866,0.366866,0.00540058,0.0010858,0.0541673,0.000861543,0.0045785,0.190488,0.082489,0.082489,0.212075,0.179741,0.255278,0.303791,0.0605554,0.123824,0.092413,0.092413,0.092413,0.00996496,0.0532132,0.00731395,0.00289223,0.182064,0.112677,0.000158892,0.0972225,0.213651,0.30685,0.153909,0.130275,0.203478,0.203478,0.082489,0.082489,0.0404029,0.203478,0.352174,0.0165623,0.0086398,0.426435,0.426435,
3.15,0.00271459,0.0030001,0.0204677,0.0879339,0.00829552,0.0290793,0.214432,0.214432,0.1057,0.137894,0.137372,0.0635136,0.564422,0.156387,0.092751,0.092751,0.092751,0.0246511,0.467391,6.27857e-05,0.0177984,0.481759,0.182894,0.225357,0.175818,0.163698,0.0628136,0.168163,0.497056,0.158389,0.158389,0.214432,0.214432,0.052782,0.158389,0.314805,0.0617051,0.0227326,0.355749,0.355749,0.00385295,0.00107997,0.0346074,0.000939175,0.00454072,0.187914,0.085467,0.085467,0.213876,0.201694,0.179531,0.166921,0.0612351,0.112478,0.090921,0.090921,0.090921,0.00899772,0.0419962,0.00537997,0.00286748,0.152185,0.10478,6.119e-05,0.0916596,0.20762,0.205816,0.147436,0.0926788,0.197439,0.197439,0.085467,0.085467,0.0331846,0.197439,0.388729,0.00806969,0.00863653,0.429528,0.429528,
3.155,0.00422043,0.00589826,0.0402612,0.0825677,0.0117171,0.0477499,0.210988,0.210988,0.0897838,0.100478,0.136802,0.085016,0.559482,0.156525,0.090328,0.090328,0.090328,0.0286624,0.50406,0.000158345,0.018462,0.511009,0.196024,0.212306,0.190251,0.171602,0.214449,0.170457,0.560414,0.162358,0.162358,0.210988,0.210988,0.091725,0.162358,0.28295,0.0657702,0.0256723,0.348975,0.348975,0.00646573,0.00102996,0.068782,0.000836219,0.00481037,0.186654,0.087812,0.087812,0.206923,0.174021,0.255461,0.286726,0.057802,0.121963,0.089998,0.089998,0.089998,0.00966516,0.0523446,0.00727437,0.00276533,0.177803,0.110869,0.000147008,0.0932586,0.208053,0.299818,0.151663,0.147751,0.190619,0.190619,0.087812,0.087812,0.0382528,0.190619,0.344008,0.0153856,0.010031,0.431727,0.431727,
3.16,0.00238927,0.00149853,0.0102462,0.0880987,0.00679874,0.0278009,0.207238,0.207238,0.113484,0.132251,0.144947,0.0759232,0.604395,0.164404,0.087791,0.087791,0.087791,0.0320262,0.553076,0.000106341,0.0200983,0.55736,0.197384,0.229805,0.184641,0.172462,0.109461,0.177028,0.57985,0.166929,0.166929,0.207238,0.207238,0.0716705,0.166929,0.347566,0.0664432,0.0243337,0.346084,0.346084,0.00250203,0.00110465,0.0168313,0.000926927,0.00407715,0.185348,0.089347,0.089347,0.229127,0.208843,0.189274,0.210561,0.0616668,0.121314,0.089763,0.089763,0.089763,0.0105375,0.0584529,0.00834646,0.00297295,0.199869,0.115205,9.48018e-05,0.101568,0.213934,0.227478,0.157794,0.0921266,0.183201,0.183201,0.089347,0.089347,0.0353351,0.183201,0.399359,0.0110746,0.0114023,0.433256,0.433256,
3.165,0.00372033,0.0046087,0.0312731,0.0633903,0.00950793,0.038338,0.203218,0.203218,0.0747177,0.077352,0.129471,0.070714,0.504148,0.142879,0.085316,0.085316,0.085316,0.0304035,0.49314,0.000147248,0.0166826,0.47384,0.185964,0.16661,0.159538,0.15346,0.196928,0.153967,0.527934,0.171504,0.171504,0.203218,0.203218,0.0731165,0.171504,0.288255,0.0580222,0.0124383,0.346224,0.346224,0.00503913,0.000803325,0.0536048,0.000789803,0.0043602,0.152896,0.089969,0.089969,0.201932,0.169648,0.211515,0.243661,0.0485868,0.11523,0.090401,0.090401,0.090401,0.00919708,0.0595538,0.00893537,0.00234133,0.189977,0.109608,0.000126836,0.0826844,0.183337,0.253289,0.149878,0.138862,0.175442,0.175442,0.089969,0.089969,0.0309924,0.175442,0.352087,0.0133046,0.000414822,0.434274,0.434274,
3.17,0.00249676,0.0016416,0.0113259,0.0989425,0.0075029,0.0355972,0.198964,0.198964,0.101263,0.105308,0.151531,0.0993339,0.654708,0.170449,0.083066,0.083066,0.083066,0.034511,0.603166,0.000175813,0.0222352,0.618191,0.209015,0.257556,0.202058,0.184528,0.203622,0.184825,0.609431,0.175471,0.175471,0.198964,0.198964,0.100935,0.175471,0.317178,0.0672141,0.0281242,0.348417,0.348417,0.00281297,0.00121958,0.0186005,0.000939446,0.00403824,0.197843,0.089671,0.089671,0.22536,0.188171,0.242625,0.311698,0.0676496,0.126221,0.092062,0.092062,0.092062,0.01146,0.0627974,0.00882405,0.00327224,0.215657,0.115837,0.000162977,0.112263,0.224379,0.299274,0.160183,0.0985419,0.167668,0.167668,0.089671,0.089671,0.0432883,0.167668,0.376757,0.0171357,0.0135972,0.434898,0.434898,
3.175,0.00409654,0.00524054,0.03588,0.0555866,0.0100592,0.0461086,0.194569,0.194569,0.0724539,0.0557546,0.129489,0.0838136,0.489811,0.138714,0.081184,0.081184,0.081184,0.0325178,0.507649,0.000197177,0.0164628,0.476688,0.188884,0.148065,0.149755,0.150298,0.276912,0.149604,0.511941,0.17826,0.17826,0.194569,0.194569,0.103734,0.17826,0.276548,0.0594708,0.0231358,0.3517,0.3517,0.00553918,0.000689501,0.0610772,0.000749486,0.00435679,0.143534,0.088544,0.088544,0.198824,0.158184,0.236856,0.299529,0.0453625,0.11656,0.094785,0.094785,0.094785,0.00929971,0.0662505,0.0101958,0.00219303,0.204085,0.110392,0.000171446,0.0803027,0.174868,0.290188,0.152573,0.157106,0.160292,0.160292,0.088544,0.088544,0.032393,0.160292,0.341801,0.0179953,0.011664,0.435288,0.435288,
3.18,0.00248628,0.00140211,0.00971132,0.0951426,0.00714692,0.0309808,0.190181,0.190181,0.104221,0.104493,0.14986,0.0893907,0.646318,0.167493,0.07976,0.07976,0.07976,0.0362647,0.614282,0.000142193,0.0222457,0.62125,0.202735,0.249131,0.195559,0.179514,0.156114,0.180718,0.611011,0.179362,0.179362,0.190181,0.190181,0.0820687,0.179362,0.33189,0.0634045,0.0286329,0.355169,0.355169,0.00252923,0.00116859,0.0157441,0.000941239,0.00400725,0.190416,0.086765,0.086765,0.227342,0.192559,0.216468,0.260059,0.0655452,0.122938,0.098473,0.098473,0.098473,0.0116685,0.0669341,0.00972228,0.00320402,0.227154,0.114756,0.00012726,0.112026,0.217895,0.260535,0.15988,0.10129,0.153825,0.153825,0.086765,0.086765,0.0392843,0.153825,0.388643,0.013913,0.0148136,0.43566,0.43566,
3.185,0.00499244,0.00678211,0.046322,0.0705776,0.0126514,0.0525179,0.185952,0.185952,0.0784594,0.0614652,0.137833,0.0896923,0.553762,0.152193,0.078829,0.078829,0.078829,0.0363866,0.5726,0.000196093,0.0193651,0.553738,0.199726,0.185794,0.183222,0.168741,0.276013,0.165437,0.599159,0.17844,0.17844,0.185952,0.185952,0.0979156,0.17844,0.289918,0.0615937,0.0257393,0.357997,0.357997,0.00713297,0.000872599,0.0791689,0.000788734,0.00483696,0.168301,0.084595,0.084595,0.208953,0.161173,0.2702,0.313772,0.0522428,0.124622,0.10288,0.10288,0.10288,0.0107791,0.0717913,0.0110036,0.00259115,0.228054,0.115344,0.000170496,0.0954432,0.195904,0.31555,0.158897,0.186345,0.148829,0.148829,0.084595,0.084595,0.036455,0.148829,0.344573,0.0174653,0.0110391,0.436157,0.436157,
3.19,0.00193219,0.000100578,0.000883537,0.105405,0.00611755,0.0386034,0.182053,0.182053,0.089075,0.0750702,0.162379,0.126004,0.711791,0.177282,0.078375,0.078375,0.078375,0.0391093,0.675289,0.000264798,0.0245358,0.690283,0.226086,0.276404,0.20853,0.194809,0.316102,0.192709,0.633082,0.175424,0.175424,0.182053,0.182053,0.139004,0.175424,0.305468,0.0687801,0.0278253,0.359588,0.359588,0.00154226,0.00127999,0.000511968,0.000973843,0.00367783,0.200989,0.082354,0.082354,0.229563,0.175205,0.284682,0.427031,0.0728694,0.132975,0.107636,0.107636,0.107636,0.0126013,0.0730758,0.0103735,0.00352763,0.245524,0.120543,0.000245949,0.122903,0.232103,0.369972,0.168558,0.0877848,0.14576,0.14576,0.082354,0.082354,0.0511799,0.14576,0.375735,0.024844,0.0136216,0.436898,0.436898,
3.195,0.00518276,0.00701988,0.0479031,0.0672123,0.0128664,0.0542756,0.178708,0.178708,0.0795564,0.0612071,0.139232,0.0911885,0.551734,0.151997,0.078307,0.078307,0.078307,0.0377361,0.583681,0.000207295,0.0193868,0.558121,0.201859,0.178006,0.179495,0.167982,0.294994,0.165327,0.598509,0.170534,0.170534,0.178708,0.178708,0.103634,0.170534,0.301011,0.0623019,0.0243897,0.359776,0.359776,0.00730895,0.000825189,0.0819374,0.000784496,0.00490335,0.164754,0.080377,0.080377,0.212284,0.164004,0.275067,0.323672,0.0509634,0.12614,0.112338,0.112338,0.112338,0.01093,0.0755543,0.0117195,0.00253821,0.236904,0.117296,0.000178534,0.0949835,0.194078,0.322576,0.162138,0.194566,0.144904,0.144904,0.080377,0.080377,0.0364451,0.144904,0.35215,0.0183997,0.00996451,0.437904,0.437904,
3.2,0.00200044,5.94698e-05,0.000430488,0.1125,0.00646498,0.0386045,0.176145,0.176145,0.0777817,0.0598296,0.167015,0.1301,0.748713,0.181453,0.07847,0.07847,0.07847,0.0417033,0.717335,0.00027789,0.0261604,0.736198,0.230935,0.295059,0.220115,0.201719,0.32961,0.197518,0.66367,0.164169,0.164169,0.176145,0.176145,0.132582,0.164169,0.300066,0.0652689,0.0206196,0.358746,0.358746,0.00160664,0.00135682,4.9259e-05,0.00100621,0.00373003,0.207244,0.078965,0.078965,0.230411,0.167398,0.29943,0.448673,0.0767428,0.134815,0.116644,0.116644,0.116644,0.0134134,0.0776979,0.0110696,0.00374144,0.261992,0.121131,0.000256982,0.131157,0.238543,0.386013,0.170949,0.0922418,0.146305,0.146305,0.078965,0.078965,0.0537445,0.146305,0.376058,0.0253645,0.00549054,0.439034,0.439034,
3.205,0.00608474,0.00862994,0.058678,0.0636343,0.0147726,0.060395,0.174459,0.174459,0.0778037,0.0596626,0.140885,0.0911166,0.551912,0.152872,0.078695,0.078695,0.078695,0.0403929,0.607252,0.000220012,0.019754,0.57317,0.205554,0.169519,0.18268,0.169919,0.323595,0.167042,0.621184,0.156815,0.156815,0.174459,0.174459,0.104212,0.156815,0.316698,0.0625124,0.0184751,0.356747,0.356747,0.00872948,0.000775107,0.100836,0.000767848,0.00527478,0.163718,0.078372,0.078372,0.216507,0.165312,0.294229,0.336532,0.0491502,0.129867,0.12033,0.12033,0.12033,0.0113856,0.0820983,0.0129727,0.0024895,0.253927,0.120757,0.000185685,0.0960519,0.194221,0.339407,0.167129,0.226124,0.149778,0.149778,0.078372,0.078372,0.0365642,0.149778,0.357635,0.0189718,0.00328828,0.439918,0.439918,
3.21,0.00212264,6.41588e-05,0.00029766,0.119121,0.00682647,0.0400443,0.173548,0.173548,0.079825,0.0652146,0.172385,0.135456,0.784047,0.187701,0.078832,0.078832,0.078832,0.0440999,0.755897,0.000291676,0.0276889,0.77892,0.237435,0.312426,0.231911,0.209418,0.345018,0.205101,0.696232,0.149004,0.149004,0.173548,0.173548,0.135756,0.149004,0.315152,0.066475,0.016102,0.353943,0.353943,0.00170066,0.00143208,5.54511e-05,0.00102786,0.00379062,0.216025,0.078814,0.078814,0.236853,0.171152,0.315524,0.471507,0.080171,0.13874,0.123217,0.123217,0.123217,0.0141971,0.0819195,0.0117093,0.003935,0.277218,0.123887,0.000269041,0.138817,0.247635,0.404672,0.17497,0.0969545,0.154917,0.154917,0.078814,0.078814,0.0567193,0.154917,0.382558,0.0263486,7.98291e-05,0.439945,0.439945,
3.215,0.00491106,0.00554426,0.0375505,0.058679,0.0110693,0.0463168,0.173205,0.173205,0.0861395,0.0646687,0.142086,0.0838125,0.559412,0.150932,0.078756,0.078756,0.078756,0.0450225,0.65193,0.000199109,0.0205498,0.604081,0.201836,0.161088,0.168124,0.162851,0.274484,0.163594,0.632202,0.141291,0.141291,0.173205,0.173205,0.0911181,0.141291,0.359025,0.0594721,0.0131514,0.350423,0.350423,0.00584274,0.000718129,0.0644029,0.000775155,0.00454156,0.147002,0.080488,0.080488,0.226216,0.179614,0.245279,0.289804,0.0470199,0.126695,0.125158,0.125158,0.125158,0.0120993,0.0929851,0.015093,0.00244275,0.28453,0.122457,0.000158161,0.0989609,0.185626,0.287378,0.169356,0.195837,0.161151,0.161151,0.080488,0.080488,0.0326057,0.161151,0.38484,0.0166254,0.00106276,0.438575,0.438575,
3.22,0.00292382,0.00147325,0.00994938,0.121597,0.00874045,0.0448137,0.173238,0.173238,0.0811013,0.058276,0.173001,0.135841,0.798284,0.18977,0.078397,0.078397,0.078397,0.0472032,0.791064,0.000287045,0.0288716,0.813592,0.238003,0.319125,0.244059,0.214142,0.345058,0.207835,0.739309,0.134202,0.134202,0.173238,0.173238,0.129685,0.134202,0.317787,0.0652033,0.0205472,0.346198,0.346198,0.00301222,0.00145815,0.0166204,0.00101325,0.00406231,0.221242,0.083601,0.083601,0.23778,0.16633,0.330034,0.467124,0.0805732,0.140535,0.126122,0.126122,0.126122,0.0149825,0.0879767,0.0128419,0.00401727,0.296914,0.124678,0.000261918,0.144538,0.250523,0.409692,0.176224,0.125801,0.167919,0.167919,0.083601,0.083601,0.0567174,0.167919,0.375758,0.0254839,0.00308892,0.435757,0.435757,
3.225,0.00498343,0.00477208,0.0322228,0.0550581,0.0103075,0.0428391,0.173506,0.173506,0.103284,0.0751933,0.145552,0.0816296,0.579396,0.153778,0.077769,0.077769,0.077769,0.0526375,0.72921,0.000191587,0.0223897,0.666222,0.203936,0.155991,0.168685,0.163526,0.257332,0.166665,0.692749,0.128201,0.128201,0.173506,0.173506,0.0872475,0.128201,0.415656,0.0603295,0.0138412,0.341158,0.341158,0.00507913,0.000676263,0.0551365,0.000753987,0.00428848,0.13948,0.08833,0.08833,0.241454,0.19562,0.229579,0.263744,0.044758,0.129674,0.126189,0.126189,0.126189,0.0135687,0.110034,0.018354,0.00244834,0.33396,0.12844,0.000140768,0.106631,0.18391,0.263868,0.176352,0.207478,0.17476,0.17476,0.08833,0.08833,0.0302526,0.17476,0.407256,0.015261,0.00286607,0.432088,0.432088,
3.23,0.00359368,0.00216422,0.0145023,0.123685,0.00991027,0.0505763,0.173897,0.173897,0.0889163,0.0614553,0.178927,0.145056,0.834027,0.196682,0.076951,0.076951,0.076951,0.0537445,0.867288,0.000320404,0.0311201,0.884118,0.248203,0.326792,0.25862,0.223292,0.392207,0.21674,0.812596,0.123704,0.123704,0.173897,0.173897,0.142538,0.123704,0.351575,0.0686251,0.018569,0.3351,0.3351,0.00367549,0.00148443,0.0246338,0.000989883,0.00413009,0.225634,0.094761,0.094761,0.249246,0.171345,0.35892,0.506285,0.0812154,0.148314,0.125527,0.125527,0.125527,0.0164825,0.102066,0.0153852,0.00414334,0.338959,0.131834,0.000286673,0.154601,0.257985,0.441377,0.184367,0.153696,0.181232,0.181232,0.094761,0.094761,0.059497,0.181232,0.380177,0.0276766,0.000302044,0.428473,0.428473,
3.235,0.00522894,0.00433625,0.0290857,0.0486215,0.00985819,0.0422691,0.174286,0.174286,0.112416,0.0753746,0.148211,0.0837402,0.592827,0.155101,0.076066,0.076066,0.076066,0.0607685,0.808765,0.00021148,0.0240877,0.727632,0.208562,0.144006,0.168706,0.163995,0.281017,0.168591,0.758215,0.121044,0.121044,0.174286,0.174286,0.0920381,0.121044,0.463524,0.0613246,0.00985416,0.327808,0.327808,0.00459823,0.000604646,0.0498496,0.000705835,0.00400571,0.128027,0.102877,0.102877,0.253628,0.204132,0.228929,0.270234,0.041072,0.134092,0.124385,0.124385,0.124385,0.0150318,0.128962,0.0219659,0.00239084,0.386786,0.135445,0.000147807,0.113083,0.180057,0.262711,0.183708,0.225944,0.186842,0.186842,0.102877,0.102877,0.029037,0.186842,0.419149,0.0159085,0.000111703,0.425632,0.425632,
3.24,0.003944,0.00207674,0.0137402,0.125511,0.0101098,0.0401585,0.174454,0.174454,0.116946,0.0971623,0.177541,0.118509,0.850054,0.198089,0.075263,0.075263,0.075263,0.0597891,0.926271,0.000212534,0.0329634,0.936415,0.234038,0.334028,0.264447,0.220402,0.236245,0.217682,0.872248,0.120394,0.120394,0.174454,0.174454,0.0881893,0.120394,0.426036,0.063359,0.0184928,0.319099,0.319099,0.00355659,0.0015019,0.0233667,0.000995133,0.004185,0.225249,0.112549,0.112549,0.263681,0.198794,0.300314,0.358086,0.0799801,0.143514,0.123042,0.123042,0.123042,0.0178934,0.113366,0.0177351,0.00422912,0.377875,0.131014,0.000175558,0.163769,0.256461,0.340839,0.183984,0.16902,0.191107,0.191107,0.112549,0.112549,0.0514028,0.191107,0.413482,0.0175004,7.20123e-05,0.423906,0.423906,
3.245,0.00564958,0.00438839,0.0293221,0.0420791,0.00992644,0.0412224,0.174072,0.174072,0.127366,0.0857687,0.1479,0.0789889,0.59395,0.154422,0.074692,0.074692,0.074692,0.0674948,0.86919,0.000202091,0.0253052,0.772231,0.206743,0.130876,0.167404,0.161529,0.267803,0.168261,0.810568,0.12172,0.12172,0.174072,0.174072,0.0865599,0.12172,0.513971,0.0615032,0.00894893,0.308898,0.308898,0.0045455,0.000527905,0.0502935,0.000653136,0.00385163,0.117808,0.123484,0.123484,0.263826,0.215904,0.216902,0.241237,0.0367107,0.135518,0.121715,0.121715,0.121715,0.0162178,0.144429,0.0250164,0.00229964,0.430505,0.139564,0.000128448,0.11757,0.174291,0.240263,0.187705,0.247607,0.193654,0.193654,0.123484,0.123484,0.0258819,0.193654,0.430722,0.0142604,6.99385e-05,0.423323,0.423323,
3.25,0.00406546,0.00253959,0.0169039,0.115051,0.0101564,0.0471836,0.172786,0.172786,0.113892,0.0953709,0.175172,0.128564,0.812079,0.193448,0.074415,0.074415,0.074415,0.0575298,0.888393,0.000268248,0.0311522,0.890613,0.238409,0.307038,0.250519,0.215276,0.32362,0.213402,0.832962,0.124772,0.124772,0.172786,0.172786,0.123159,0.124772,0.415828,0.069017,0.0175009,0.297283,0.297283,0.00386624,0.00137972,0.0288404,0.000941282,0.00414117,0.215249,0.135192,0.135192,0.259851,0.195215,0.324211,0.423712,0.0753864,0.146101,0.120467,0.120467,0.120467,0.0169995,0.110997,0.0173491,0.00395683,0.363733,0.133235,0.000228737,0.153744,0.249461,0.384918,0.185189,0.1721,0.194292,0.194292,0.135192,0.135192,0.053265,0.194292,0.402026,0.0227835,0.000131413,0.423634,0.423634,
3.255,0.00595563,0.0044774,0.0298632,0.0400175,0.0101424,0.042163,0.170304,0.170304,0.134961,0.0883703,0.150063,0.0804461,0.606619,0.15691,0.074348,0.074348,0.074348,0.0722777,0.918014,0.000210339,0.0264977,0.812471,0.21052,0.127868,0.171838,0.164102,0.27818,0.171364,0.858679,0.129113,0.129113,0.170304,0.170304,0.0887614,0.129113,0.542618,0.0629214,0.00872537,0.284502,0.284502,0.00459712,0.000508874,0.051245,0.000628265,0.00378328,0.114957,0.146999,0.146999,0.272101,0.221949,0.220264,0.243303,0.0352497,0.139167,0.119206,0.119206,0.119206,0.0171618,0.155165,0.0270526,0.00230363,0.461413,0.144286,0.00012996,0.1225,0.174911,0.241403,0.192546,0.263098,0.193044,0.193044,0.146999,0.146999,0.0254457,0.193044,0.437324,0.0143818,6.75986e-05,0.424488,0.424488,
3.26,0.003707,0.000440241,0.00244374,0.113257,0.00800982,0.0318908,0.166498,0.166498,0.137253,0.110939,0.176987,0.110031,0.844245,0.196105,0.074302,0.074302,0.074302,0.0685564,1,0.000197541,0.0341208,0.985138,0.231939,0.308646,0.253437,0.213566,0.204841,0.215115,0.934081,0.134172,0.134172,0.166498,0.166498,0.0800802,0.134172,0.498881,0.0639045,0.015524,0.270897,0.270897,0.00188635,0.0013713,0.00387345,0.00093161,0.00358701,0.203374,0.158144,0.158144,0.279852,0.219738,0.261148,0.308106,0.0729364,0.144636,0.117809,0.117809,0.117809,0.0192522,0.134249,0.0218904,0.00403206,0.435173,0.138024,0.000146445,0.167136,0.245216,0.292542,0.189964,0.173586,0.190198,0.190198,0.158144,0.158144,0.045612,0.190198,0.438157,0.0150297,6.9636e-05,0.425637,0.425637,
3.265,0.00639172,0.00534629,0.035738,0.0354469,0.0109887,0.0430009,0.161429,0.161429,0.140648,0.0978657,0.145054,0.0723606,0.582274,0.15266,0.074102,0.074102,0.074102,0.072191,0.904986,0.000187314,0.0258864,0.795848,0.203117,0.116108,0.168346,0.158859,0.253109,0.167041,0.856236,0.139383,0.139383,0.161429,0.161429,0.0793403,0.139383,0.552533,0.0621363,0.00877949,0.256811,0.256811,0.00531388,0.00045484,0.0614274,0.000587867,0.00388476,0.110345,0.16796,0.16796,0.269806,0.224515,0.210825,0.209689,0.0318507,0.136523,0.116164,0.116164,0.116164,0.0169983,0.155302,0.0272483,0.00216862,0.460935,0.142377,0.000106198,0.119248,0.168875,0.221456,0.189245,0.276578,0.186174,0.186174,0.16796,0.16796,0.022575,0.186174,0.432622,0.0122235,6.45146e-05,0.426879,0.426879,
3.27,0.0039056,0.00125815,0.00800074,0.112774,0.00878347,0.036951,0.155302,0.155302,0.140008,0.124734,0.172996,0.113035,0.821545,0.193766,0.073626,0.073626,0.073626,0.0644966,0.953718,0.000210078,0.0328862,0.945743,0.229711,0.305204,0.252318,0.211635,0.229698,0.213689,0.90304,0.144256,0.144256,0.155302,0.155302,0.0946841,0.144256,0.486198,0.0677221,0.0161015,0.242619,0.242619,0.00262878,0.00136826,0.0135208,0.000897037,0.00368231,0.206751,0.175922,0.175922,0.273102,0.217938,0.276569,0.331628,0.0720815,0.143957,0.114148,0.114148,0.114148,0.0184146,0.125474,0.0202785,0.00394853,0.408966,0.1355,0.000163222,0.161401,0.245142,0.313859,0.185211,0.17374,0.18131,0.18131,0.175922,0.175922,0.0473183,0.18131,0.420316,0.0167231,6.51023e-05,0.427853,0.427853,
3.275,0.00722126,0.00762104,0.0512456,0.025173,0.0130918,0.0476445,0.14831,0.14831,0.136677,0.10097,0.132531,0.0588083,0.511421,0.140015,0.072798,0.072798,0.072798,0.0670433,0.824533,0.000155143,0.0230579,0.713167,0.18685,0.0873142,0.154579,0.145332,0.229419,0.153578,0.796104,0.148386,0.148386,0.14831,0.14831,0.0670938,0.148386,0.529304,0.0591268,0.00917134,0.228831,0.228831,0.00723684,0.000324955,0.0882548,0.00051976,0.00426296,0.101047,0.181661,0.181661,0.253703,0.215761,0.203163,0.167452,0.0252889,0.128716,0.111663,0.111663,0.111663,0.0155516,0.145289,0.0256869,0.00182283,0.427868,0.134407,7.7754e-05,0.105403,0.153768,0.20067,0.178791,0.297554,0.175836,0.175836,0.181661,0.181661,0.0180112,0.175836,0.409651,0.00964304,6.07959e-05,0.428076,0.428076,
3.28,0.00333402,0.000112285,0.00023978,0.106778,0.0071663,0.0266517,0.140592,0.140592,0.128381,0.103362,0.16316,0.0980594,0.787642,0.181756,0.071581,0.071581,0.071581,0.0642832,0.936764,0.000165558,0.03203,0.923684,0.212077,0.290992,0.237592,0.197869,0.161548,0.199175,0.878813,0.151395,0.151395,0.140592,0.140592,0.0632387,0.151395,0.465334,0.0573772,0.0144,0.216047,0.216047,0.0014944,0.00129619,9.6994e-05,0.000864197,0.00323847,0.188858,0.184991,0.184991,0.259186,0.203873,0.231164,0.262595,0.0680057,0.132497,0.108622,0.108622,0.108622,0.0180718,0.125427,0.0204978,0.00377989,0.408075,0.12685,0.000118445,0.157097,0.227252,0.253972,0.174368,0.158188,0.169986,0.169986,0.184991,0.184991,0.0411521,0.169986,0.405428,0.0121648,6.3624e-05,0.427145,0.427145,
3.285,0.00515674,0.00310391,0.0205093,0.0130736,0.00723043,0.0288792,0.132294,0.132294,0.132725,0.0883116,0.126015,0.0519028,0.47678,0.127346,0.069965,0.069965,0.069965,0.0678064,0.816131,0.000146281,0.0218905,0.689869,0.174321,0.060382,0.119877,0.126038,0.193047,0.137678,0.743209,0.152892,0.152892,0.132294,0.132294,0.0614978,0.152892,0.534211,0.0531055,0.00457295,0.204862,0.204862,0.0029682,0.000183968,0.0350892,0.000491626,0.00301591,0.0687271,0.185885,0.185885,0.248153,0.214949,0.137133,0.129749,0.0197209,0.118068,0.104947,0.104947,0.104947,0.0150944,0.149216,0.0266098,0.00155227,0.434176,0.129611,6.45579e-05,0.0984496,0.130448,0.141579,0.172133,0.237581,0.164026,0.164026,0.185885,0.185885,0.0126618,0.164026,0.415069,0.00864632,0.000629764,0.424808,0.424808,
3.29,0.00389719,0.00123668,0.00792453,0.122711,0.00922867,0.0348155,0.123671,0.123671,0.117522,0.0823782,0.167107,0.114154,0.843311,0.188717,0.067966,0.067966,0.067966,0.0666676,0.988057,0.000203073,0.0346706,0.993683,0.218774,0.330655,0.267314,0.212509,0.213235,0.208431,0.935616,0.152562,0.152562,0.123671,0.123671,0.0726128,0.152562,0.433194,0.0559959,0.0174432,0.195742,0.195742,0.00274848,0.00147932,0.0134051,0.000867497,0.00339306,0.209065,0.184458,0.184458,0.25255,0.181327,0.282365,0.329407,0.0750941,0.135906,0.100629,0.100629,0.100629,0.0192217,0.127962,0.0206775,0.00416886,0.42278,0.125099,0.000157103,0.170997,0.241388,0.309554,0.17267,0.176869,0.158186,0.158186,0.184458,0.184458,0.0480648,0.158186,0.372518,0.0150455,5.54731e-05,0.420872,0.420872,
3.295,0.00739448,0.00744486,0.049971,0.00432339,0.012211,0.0385347,0.115102,0.115102,0.142871,0.0997947,0.118389,0.0325955,0.439097,0.120369,0.065657,0.065657,0.065657,0.07079,0.823654,8.77914e-05,0.0215921,0.684514,0.159725,0.0378596,0.121498,0.119273,0.142512,0.131082,0.76211,0.150302,0.150302,0.115102,0.115102,0.0307825,0.150302,0.563119,0.048438,0.00619761,0.18888,0.18888,0.00676982,5.39045e-05,0.0860673,0.00042122,0.00392724,0.0649669,0.181002,0.181002,0.246502,0.217794,0.138002,0.0488641,0.0129982,0.11463,0.095783,0.095783,0.095783,0.0154933,0.156186,0.0282624,0.00133659,0.453217,0.126401,1.30376e-06,0.0963435,0.120095,0.106744,0.169881,0.311381,0.152604,0.152604,0.181002,0.181002,0.00626687,0.152604,0.413396,0.00290639,5.83297e-05,0.415058,0.415058,
3.3,0.00393052,0.000756277,0.00453797,0.122303,0.0087766,0.0267584,0.107014,0.107014,0.136238,0.106021,0.16446,0.097128,0.846628,0.188234,0.063173,0.063173,0.063173,0.0705432,1,0.000136909,0.0356768,1,0.208592,0.331624,0.269058,0.208913,0.114609,0.20758,0.976159,0.146238,0.146238,0.107014,0.107014,0.0397606,0.146238,0.480992,0.0530967,0.0169946,0.18427,0.18427,0.00226598,0.00148022,0.00759219,0.000850768,0.00324164,0.205396,0.176026,0.176026,0.260529,0.19837,0.240251,0.235223,0.0731794,0.132245,0.090656,0.090656,0.090656,0.0200595,0.135422,0.0222629,0.00417665,0.447854,0.124512,8.82182e-05,0.175806,0.2382,0.24241,0.170922,0.180902,0.147406,0.147406,0.176026,0.176026,0.0424768,0.147406,0.388422,0.00866935,5.33007e-05,0.407231,0.407231,
3.305,0.00510098,0.00277423,0.0182167,0.00123551,0.00641622,0.0199849,0.099869,0.099869,0.129731,0.0779154,0.110545,0.0304701,0.419547,0.109416,0.060727,0.060727,0.060727,0.0693712,0.804188,8.61415e-05,0.0208502,0.666346,0.147305,0.032177,0.0997385,0.105126,0.110507,0.11751,0.719848,0.140647,0.140647,0.099869,0.099869,0.0246301,0.140647,0.533749,0.0414406,0.00214161,0.181864,0.181864,0.00248764,3.31006e-05,0.0311868,0.000395294,0.00256957,0.042726,0.170222,0.170222,0.231884,0.203002,0.0846971,0.0329339,0.0112436,0.10307,0.085595,0.085595,0.085595,0.0149305,0.153631,0.0278525,0.00123368,0.44507,0.118267,5.1989e-07,0.0925472,0.103268,0.0640085,0.157434,0.240313,0.142746,0.142746,0.170222,0.170222,0.00377482,0.142746,0.392987,0.00246869,5.58045e-05,0.397744,0.397744,
3.31,0.00482903,0.00147732,0.00938573,0.0159647,0.00572945,0.0194424,0.09411,0.09411,0.138942,0.0779437,0.122733,0.0462418,0.505044,0.123644,0.058551,0.058551,0.058551,0.0765413,0.910643,0.000116758,0.0248004,0.779814,0.162211,0.0723125,0.125012,0.122424,0.135768,0.133683,0.810298,0.133898,0.133898,0.09411,0.09411,0.0364351,0.133898,0.561409,0.0443489,0.00551313,0.181663,0.181663,0.00150981,0.000210446,0.0158345,0.000440575,0.0023207,0.0588697,0.164298,0.164298,0.24718,0.208445,0.107105,0.0778172,0.0188914,0.111329,0.080946,0.080946,0.080946,0.0170169,0.166988,0.0300172,0.00168593,0.490971,0.12513,2.67268e-05,0.112047,0.121693,0.0929832,0.166406,0.238099,0.138684,0.138684,0.164298,0.164298,0.0094404,0.138684,0.40421,0.00475637,0.00245272,0.38743,0.38743,
3.315,0.00573955,0.00427656,0.0284812,0.00910221,0.00850536,0.0260656,0.090078,0.090078,0.12508,0.072508,0.112142,0.0340887,0.439271,0.113002,0.056787,0.056787,0.056787,0.0687984,0.809158,8.7993e-05,0.0215923,0.681858,0.149304,0.0504657,0.114872,0.112377,0.119874,0.122123,0.734814,0.126376,0.126376,0.090078,0.090078,0.0227519,0.126376,0.515454,0.0407449,0.00467818,0.1837,0.1837,0.00396132,0.000119006,0.048918,0.00041206,0.00297085,0.0564281,0.158806,0.158806,0.228446,0.194416,0.110267,0.0487874,0.0148425,0.104545,0.076994,0.076994,0.076994,0.0151533,0.150925,0.0272298,0.00140734,0.440832,0.11675,5.58841e-06,0.0970484,0.11152,0.0860442,0.156672,0.258345,0.135151,0.135151,0.158806,0.158806,0.00638338,0.135151,0.381422,0.00268588,0.000345679,0.377287,0.377287,
3.32,0.00609846,0.00710336,0.0479206,0.0209878,0.0116416,0.0383526,0.087987,0.087987,0.0992093,0.0683617,0.103362,0.0391797,0.397907,0.107766,0.05546,0.05546,0.05546,0.0513649,0.634255,9.34846e-05,0.0177954,0.547853,0.141341,0.0704326,0.120559,0.112509,0.149184,0.117567,0.601368,0.118414,0.118414,0.087987,0.087987,0.0341931,0.118414,0.399539,0.0410289,0.00825067,0.187939,0.187939,0.00670999,0.000247642,0.0825352,0.000442931,0.00376346,0.0819008,0.154106,0.154106,0.194425,0.163142,0.155775,0.100211,0.0207835,0.0975076,0.07392,0.07392,0.07392,0.0119869,0.110931,0.0195938,0.0014564,0.327523,0.101321,3.56555e-05,0.0818886,0.11884,0.142149,0.138704,0.246108,0.132055,0.132055,0.154106,0.154106,0.0125304,0.132055,0.325554,0.00521263,5.2095e-05,0.36812,0.36812,
3.325,0.00551443,0.00548098,0.0368284,0.0087075,0.0093191,0.0289541,0.087954,0.087954,0.104387,0.0691039,0.0984972,0.0278726,0.366032,0.0997656,0.054522,0.054522,0.054522,0.0539648,0.641785,6.94071e-05,0.0170911,0.537253,0.132399,0.0422637,0.0996252,0.0996377,0.108805,0.107687,0.591972,0.110292,0.110292,0.087954,0.087954,0.0214784,0.110292,0.42683,0.0377938,0.00531001,0.194112,0.194112,0.00505874,0.000105575,0.0633612,0.000403709,0.00325309,0.0591412,0.150397,0.150397,0.19658,0.170916,0.110819,0.0466666,0.0143652,0.0924536,0.071772,0.071772,0.071772,0.0120069,0.118496,0.0212598,0.00119213,0.345078,0.101053,5.2328e-06,0.0770974,0.102449,0.0905684,0.137464,0.233378,0.129332,0.129332,0.150397,0.150397,0.00649075,0.129332,0.338165,0.0025971,5.31283e-05,0.360232,0.360232,
3.33,0.0048853,0.00486807,0.0328006,0.0841109,0.0114633,0.0351918,0.089982,0.089982,0.0871994,0.055592,0.12792,0.0705335,0.616607,0.144711,0.053879,0.053879,0.053879,0.052063,0.748346,0.000110869,0.0255226,0.734719,0.168503,0.227212,0.206647,0.163408,0.129019,0.158889,0.739562,0.102271,0.102271,0.089982,0.089982,0.0267233,0.102271,0.342024,0.0408909,0.0150777,0.201736,0.201736,0.00552156,0.00101415,0.0564038,0.000677484,0.00373721,0.159377,0.147719,0.147719,0.200263,0.145048,0.218194,0.189656,0.0528331,0.108192,0.07047,0.07047,0.07047,0.0146191,0.101452,0.0167115,0.00298613,0.329626,0.101128,7.24589e-05,0.125422,0.183248,0.214798,0.140563,0.198323,0.126964,0.126964,0.147719,0.147719,0.0308561,0.126964,0.308258,0.00700004,5.02435e-05,0.353465,0.353465,
3.335,0.00409648,0.00333091,0.0222621,0.00113443,0.00610121,0.019693,0.093884,0.093884,0.0976089,0.0734505,0.0911922,0.0211608,0.31067,0.0895689,0.053428,0.053428,0.053428,0.0455858,0.539609,5.60698e-05,0.0137121,0.437181,0.12224,0.0210866,0.0705822,0.0844066,0.0836542,0.0951357,0.481973,0.09463,0.09463,0.093884,0.093884,0.0235554,0.09463,0.397444,0.0369518,0.00262203,0.210217,0.210217,0.00300395,1.89907e-05,0.0381644,0.000411981,0.00279193,0.0451519,0.145938,0.145938,0.184677,0.170644,0.0721845,0.0268014,0.0115741,0.0836573,0.069861,0.069861,0.069861,0.00987083,0.101738,0.0182501,0.000920773,0.291696,0.0941937,0,0.060972,0.0893625,0.0622923,0.128536,0.180299,0.124972,0.124972,0.145938,0.145938,0.00393536,0.124972,0.336486,0.00248531,5.81602e-05,0.347503,0.347503,
3.34,0.00443527,0.00370645,0.02484,0.0164547,0.00735235,0.0230223,0.099247,0.099247,0.093449,0.0592399,0.102161,0.0320573,0.385533,0.103091,0.053077,0.053077,0.053077,0.0500676,0.616373,7.31698e-05,0.016867,0.523824,0.136483,0.0605485,0.0999087,0.103128,0.100946,0.110165,0.561312,0.087624,0.087624,0.099247,0.099247,0.0219587,0.087624,0.39606,0.0369374,0.00498917,0.21898,0.21898,0.00355546,0.00020204,0.0425951,0.000479481,0.00304835,0.0661464,0.144803,0.144803,0.193852,0.166552,0.103652,0.0617571,0.0197469,0.0915868,0.069785,0.069785,0.069785,0.0114297,0.109018,0.0192893,0.00136028,0.319789,0.099437,1.62058e-05,0.0772248,0.109222,0.0942081,0.136579,0.194533,0.123406,0.123406,0.144803,0.144803,0.00893128,0.123406,0.342326,0.00348089,5.93341e-05,0.342106,0.342106,
3.345,0.00497665,0.00472933,0.0317665,0.00847573,0.00828001,0.0257026,0.105427,0.105427,0.0992836,0.0674374,0.0989351,0.0264222,0.357573,0.0992539,0.052745,0.052745,0.052745,0.050505,0.606048,6.44205e-05,0.0160301,0.503894,0.132817,0.040558,0.092428,0.0977732,0.0987774,0.106216,0.55464,0.081414,0.081414,0.105427,0.105427,0.0207712,0.081414,0.412031,0.0377571,0.00470051,0.227468,0.227468,0.0043736,0.000104598,0.054579,0.000441375,0.00322127,0.0587253,0.144076,0.144076,0.194961,0.171966,0.0998523,0.0429168,0.0152994,0.091183,0.07007,0.07007,0.07007,0.0112376,0.111194,0.0198658,0.00116561,0.32279,0.10015,4.53722e-06,0.0723813,0.102415,0.0845473,0.137033,0.212769,0.122356,0.122356,0.144076,0.144076,0.00629957,0.122356,0.345528,0.00263542,5.84663e-05,0.337033,0.337033,
3.35,0.00375414,0.0021832,0.0144807,0.0190747,0.00567192,0.0168783,0.111686,0.111686,0.0923491,0.0553435,0.104934,0.0321765,0.402951,0.105419,0.052365,0.052365,0.052365,0.0509529,0.632568,6.88744e-05,0.0174452,0.540422,0.138664,0.0682073,0.0996318,0.104595,0.0831513,0.111878,0.569584,0.076111,0.076111,0.111686,0.111686,0.0172003,0.076111,0.399212,0.0358916,0.00415454,0.235079,0.235079,0.00220293,0.000239089,0.0246699,0.000512258,0.0027665,0.0655448,0.143571,0.143571,0.197468,0.169247,0.0886633,0.0542572,0.0216466,0.0915667,0.070578,0.070578,0.070578,0.0116809,0.110568,0.0195114,0.00144899,0.325562,0.100539,1.19022e-05,0.0802089,0.111286,0.0814207,0.138114,0.17433,0.121915,0.121915,0.143571,0.143571,0.00885682,0.121915,0.352433,0.00300243,6.23439e-05,0.331979,0.331979,
3.355,0.00305047,0.000382271,0.00221347,0.000576325,0.00288127,0.00896811,0.117382,0.117382,0.0874824,0.0384072,0.0980626,0.0259105,0.351645,0.0937873,0.051894,0.051894,0.051894,0.0532207,0.628744,7.66087e-05,0.01595,0.512276,0.131996,0.0246674,0.0714279,0.0886963,0.0883778,0.0979099,0.551203,0.07184,0.07184,0.117382,0.117382,0.0175508,0.07184,0.407867,0.0330196,0.000235274,0.241225,0.241225,0.000325967,3.184e-05,0.00345203,0.000442213,0.0020833,0.0335843,0.143143,0.143143,0.194702,0.167152,0.0516931,0.0349163,0.0124751,0.0871692,0.071215,0.071215,0.071215,0.0113538,0.118879,0.0213528,0.00103596,0.341213,0.101316,1.05841e-05,0.0707925,0.0889232,0.0488855,0.136823,0.159833,0.12212,0.12212,0.143143,0.143143,0.00310249,0.12212,0.352985,0.00293135,6.24281e-05,0.326461,0.326461,
3.36,0.00349533,0.00106152,0.00683863,0.025391,0.00483097,0.0176067,0.122026,0.122026,0.0879811,0.0353607,0.113778,0.0487351,0.458345,0.11483,0.051334,0.051334,0.051334,0.0571078,0.715827,0.000122615,0.0201143,0.622399,0.154813,0.0870547,0.116164,0.11754,0.14446,0.122431,0.649093,0.068717,0.068717,0.122026,0.122026,0.0348806,0.068717,0.4048,0.0382372,0.0041264,0.245508,0.245508,0.00128902,0.000330351,0.011451,0.000525083,0.00244221,0.0704868,0.14275,0.14275,0.206788,0.164306,0.114735,0.120826,0.025412,0.100171,0.071899,0.071899,0.071899,0.0131953,0.123453,0.0216794,0.0016916,0.365083,0.108597,5.85789e-05,0.0926596,0.122165,0.122265,0.146817,0.174015,0.122943,0.122943,0.14275,0.14275,0.0135078,0.122943,0.35223,0.00687557,6.05863e-05,0.319788,0.319788,
3.365,0.00406476,0.00133731,0.00858461,0.000885295,0.00446333,0.0126177,0.125237,0.125237,0.103043,0.0430063,0.103787,0.0274078,0.392693,0.101131,0.050736,0.050736,0.050736,0.0637847,0.742908,8.04152e-05,0.019123,0.612825,0.13929,0.0295879,0.0890707,0.0976353,0.0942595,0.10689,0.665131,0.066794,0.066794,0.125237,0.125237,0.0129809,0.066794,0.466238,0.0342884,0.000995152,0.24771,0.24771,0.00118858,3.92104e-05,0.0144951,0.000407711,0.0021841,0.0348428,0.142479,0.142479,0.212087,0.178095,0.0644293,0.0280098,0.0114661,0.0948139,0.072559,0.072559,0.072559,0.0136483,0.141552,0.0256081,0.00115868,0.409175,0.110132,1.58612e-06,0.08494,0.0943582,0.0494945,0.146895,0.203754,0.124301,0.124301,0.142479,0.142479,0.00252754,0.124301,0.366919,0.00194868,5.75574e-05,0.311299,0.311299,
3.37,0.00405159,0.00133998,0.00861357,0.0322982,0.00574232,0.0161169,0.126721,0.126721,0.10401,0.0472184,0.11771,0.0445547,0.50536,0.122878,0.050177,0.050177,0.050177,0.0650192,0.808615,9.47264e-05,0.0232343,0.713673,0.157106,0.107375,0.138612,0.127049,0.0986666,0.131831,0.756181,0.066065,0.066065,0.126721,0.126721,0.0148564,0.066065,0.452114,0.0377723,0.00525647,0.247774,0.247774,0.00160935,0.000424692,0.0145628,0.00051424,0.00243885,0.0784692,0.142502,0.142502,0.220346,0.175386,0.110537,0.0815401,0.0271623,0.104296,0.073163,0.073163,0.073163,0.0151927,0.138724,0.0245286,0.0019258,0.415708,0.113541,2.42268e-05,0.10772,0.131193,0.0995571,0.151414,0.198624,0.126018,0.126018,0.142502,0.142502,0.0124194,0.126018,0.361597,0.00331268,5.53393e-05,0.300687,0.300687,
3.375,0.00388951,0.000922965,0.00572649,0.00080025,0.00394584,0.0114742,0.126342,0.126342,0.107876,0.0512376,0.101762,0.0276471,0.388672,0.0999899,0.049714,0.049714,0.049714,0.0637887,0.741229,8.10545e-05,0.019131,0.613041,0.136898,0.0296019,0.0885035,0.0959946,0.0920564,0.106084,0.667098,0.06649,0.06649,0.126342,0.126342,0.0160636,0.06649,0.47204,0.0353278,0.000656758,0.245837,0.245837,0.000808096,4.36192e-05,0.00958771,0.00038222,0.00198071,0.0333769,0.143015,0.143015,0.210973,0.179613,0.0608316,0.0276682,0.0107656,0.093744,0.073718,0.073718,0.073718,0.0136531,0.141431,0.0256179,0.00113946,0.409338,0.109223,2.14145e-06,0.0848923,0.0929932,0.0467074,0.144318,0.197604,0.127789,0.127789,0.143015,0.143015,0.00256005,0.127789,0.360128,0.00201131,5.39588e-05,0.288167,0.288167,
3.38,0.00390275,0.00120186,0.00769089,0.0662803,0.0069004,0.022139,0.124185,0.124185,0.101562,0.0481197,0.130082,0.0699206,0.619393,0.14208,0.049369,0.049369,0.049369,0.0652349,0.867955,0.000135097,0.0274081,0.815092,0.172726,0.191165,0.187307,0.155169,0.139603,0.154914,0.823722,0.067997,0.067997,0.124185,0.124185,0.0319626,0.067997,0.421817,0.0410478,0.00976322,0.242321,0.242321,0.00195062,0.000826106,0.01301,0.000600309,0.00254285,0.123186,0.144141,0.144141,0.220699,0.162562,0.173238,0.173715,0.043899,0.11148,0.074259,0.074259,0.074259,0.01661,0.133505,0.0229263,0.00273128,0.415876,0.112715,7.42531e-05,0.130959,0.166366,0.174622,0.151371,0.187707,0.129246,0.129246,0.144141,0.144141,0.0252779,0.129246,0.337706,0.00730594,4.87868e-05,0.27431,0.27431,
3.385,0.00382452,0.000116138,0.000217317,0.00145361,0.00326738,0.0086434,0.120544,0.120544,0.108739,0.0374603,0.103521,0.0303061,0.414468,0.101009,0.049137,0.049137,0.049137,0.0702756,0.813244,8.88846e-05,0.0211526,0.67795,0.137875,0.0345408,0.0939609,0.0980029,0.0943093,0.107194,0.723892,0.07045,0.07045,0.120544,0.120544,0.0119416,0.07045,0.489127,0.0323803,0.00111481,0.237859,0.237859,8.44739e-05,5.18472e-05,3.08783e-05,0.000360476,0.00163894,0.028052,0.145903,0.145903,0.215023,0.175834,0.0574858,0.027581,0.0104982,0.094459,0.074799,0.074799,0.074799,0.0150212,0.15539,0.028214,0.00122701,0.451363,0.111164,2.28338e-06,0.0939666,0.0911387,0.0400059,0.146478,0.204344,0.13007,0.13007,0.145903,0.145903,0.00211849,0.13007,0.358915,0.00176573,0.00105973,0.259779,0.259779,
3.39,0.00425471,0.00101671,0.00628809,0.0750283,0.00732485,0.0215886,0.115856,0.115856,0.12081,0.0654933,0.135368,0.0723927,0.675125,0.151297,0.048994,0.048994,0.048994,0.0732897,0.96689,0.000127925,0.0308438,0.915456,0.177371,0.216353,0.210304,0.165939,0.11977,0.166188,0.927324,0.07358,0.07358,0.115856,0.115856,0.0258592,0.07358,0.472898,0.0428609,0.0107804,0.23309,0.23309,0.00188137,0.000938869,0.0106477,0.00058382,0.0023911,0.132905,0.148179,0.148179,0.235001,0.174571,0.178753,0.162897,0.0466617,0.116594,0.07529,0.07529,0.07529,0.0187067,0.149018,0.0257484,0.00301072,0.467555,0.117903,6.04343e-05,0.147501,0.177322,0.169514,0.156155,0.205396,0.130081,0.130081,0.148179,0.148179,0.0264852,0.130081,0.344227,0.00581048,4.16714e-05,0.245177,0.245177,
3.395,0.00412883,0.000425715,0.00225409,0.000767888,0.0036845,0.0106891,0.110649,0.110649,0.120768,0.0524448,0.101872,0.0313231,0.41502,0.100603,0.04889,0.04889,0.04889,0.0726639,0.83524,9.15428e-05,0.0218023,0.698801,0.135531,0.0337597,0.0969732,0.0974269,0.0993801,0.107888,0.746507,0.076976,0.076976,0.110649,0.110649,0.0175666,0.076976,0.51271,0.0344183,0.00193263,0.228552,0.228552,0.000351497,4.31176e-05,0.00357803,0.000312279,0.00154182,0.0272946,0.150716,0.150716,0.21722,0.180695,0.062161,0.0278853,0.00892226,0.0947719,0.075643,0.075643,0.075643,0.015535,0.160471,0.0292234,0.00121183,0.466911,0.111433,1.79608e-06,0.0966608,0.0900082,0.0414776,0.145428,0.215641,0.129189,0.129189,0.150716,0.150716,0.00220706,0.129189,0.352656,0.00185877,0.00173254,0.231151,0.231151,
3.4,0.00504759,0.00257657,0.0168453,0.013993,0.00670823,0.0213962,0.105439,0.105439,0.122978,0.0641379,0.105833,0.040387,0.449494,0.110063,0.048781,0.048781,0.048781,0.0712352,0.838874,0.000107454,0.0229543,0.721761,0.14387,0.0644617,0.124653,0.112102,0.12958,0.120089,0.783313,0.080206,0.080206,0.105439,0.105439,0.0268317,0.080206,0.501128,0.0391688,0.00371593,0.224574,0.224574,0.00248664,0.000205199,0.0289077,0.000326796,0.00210025,0.0528908,0.153233,0.153233,0.217649,0.177864,0.109401,0.0712052,0.0148145,0.101083,0.075762,0.075762,0.075762,0.0158423,0.154944,0.0279826,0.00149117,0.456765,0.112858,2.29205e-05,0.103583,0.108785,0.0899609,0.146399,0.238841,0.127347,0.127347,0.153233,0.153233,0.00795247,0.127347,0.33708,0.00348893,3.91206e-05,0.218332,0.218332,
3.405,0.00406775,0.000129467,0.000157511,0.00073116,0.00336343,0.00974675,0.100579,0.100579,0.124002,0.057157,0.101224,0.0315313,0.417617,0.101464,0.04866,0.04866,0.04866,0.0738935,0.847365,9.48686e-05,0.0221753,0.710724,0.136397,0.034344,0.100422,0.0984337,0.100057,0.109204,0.770987,0.082954,0.082954,0.100579,0.100579,0.0181813,0.082954,0.52191,0.035688,0,0.221207,0.221207,7.93491e-05,5.66376e-05,5.15736e-05,0.000288954,0.00137155,0.0263836,0.15548,0.15548,0.218938,0.18277,0.0610607,0.0294353,0.00827759,0.0959545,0.075531,0.075531,0.075531,0.0158052,0.163002,0.0297199,0.00121127,0.474841,0.113059,3.24615e-06,0.0982376,0.0908625,0.0409374,0.145294,0.214625,0.124546,0.124546,0.15548,0.15548,0.00218809,0.124546,0.348357,0.00179531,4.07923e-05,0.207154,0.207154,
3.41,0.00479608,0.00180408,0.0115738,0.033111,0.00665386,0.0202223,0.096269,0.096269,0.121959,0.0580905,0.112468,0.0508059,0.523308,0.121294,0.048545,0.048545,0.048545,0.0745437,0.905501,0.000116767,0.0262235,0.808143,0.151578,0.113362,0.155516,0.128394,0.126238,0.133095,0.860646,0.085027,0.085027,0.096269,0.096269,0.0234762,0.085027,0.493713,0.0386045,0.00570128,0.218327,0.218327,0.00203886,0.000443713,0.0198236,0.000365047,0.00191788,0.0741101,0.157217,0.157217,0.220308,0.170448,0.129572,0.0987622,0.023633,0.104807,0.074852,0.074852,0.074852,0.0172997,0.158636,0.028365,0.00197375,0.47743,0.113664,3.42086e-05,0.120859,0.127304,0.11066,0.146628,0.231731,0.120867,0.120867,0.157217,0.157217,0.0132597,0.120867,0.324319,0.00382987,3.39394e-05,0.197887,0.197887,
3.415,0.00416128,0.000135355,0.000165712,0.00709308,0.00368703,0.0105931,0.092665,0.092665,0.126137,0.0575301,0.101974,0.0355023,0.441376,0.104453,0.048454,0.048454,0.048454,0.0759141,0.877816,9.9992e-05,0.023542,0.748177,0.137352,0.0508835,0.113116,0.103642,0.102819,0.113246,0.808292,0.086322,0.086322,0.092665,0.092665,0.0182254,0.086322,0.523245,0.0356399,0.000862724,0.215723,0.215723,0.000168695,0.000136899,9.92125e-05,0.000276193,0.00127232,0.0331667,0.158144,0.158144,0.218658,0.178873,0.0717337,0.0405031,0.0105275,0.0969189,0.073678,0.073678,0.073678,0.0164992,0.166096,0.0302234,0.00136716,0.487674,0.112785,7.82111e-06,0.105193,0.0961486,0.0500864,0.143917,0.218593,0.116533,0.116533,0.158144,0.158144,0.00404424,0.116533,0.336429,0.00192467,3.55067e-05,0.190703,0.190703,
3.42,0.00530027,0.00316834,0.0208873,0.0284882,0.00799619,0.0239133,0.089924,0.089924,0.117348,0.0555268,0.10679,0.0457892,0.489968,0.115485,0.048411,0.048411,0.048411,0.0718474,0.86537,0.000107014,0.0248385,0.767477,0.14494,0.100051,0.150147,0.122858,0.124617,0.126966,0.83144,0.086805,0.086805,0.089924,0.089924,0.0195021,0.086805,0.476371,0.0371463,0.00614582,0.213124,0.213124,0.00321763,0.000384154,0.0359266,0.000334503,0.00217012,0.0707733,0.157926,0.157926,0.211599,0.163531,0.132096,0.0872526,0.0207623,0.101642,0.071984,0.071984,0.071984,0.01657,0.153365,0.0275086,0.00181483,0.460037,0.109953,2.64291e-05,0.114118,0.120789,0.108247,0.141951,0.245057,0.111911,0.111911,0.157926,0.157926,0.0116056,0.111911,0.310966,0.00308855,3.23194e-05,0.185662,0.185662,
3.425,0.00459799,0.00157622,0.0100259,0.00757375,0.00525315,0.0154446,0.088166,0.088166,0.118217,0.0536144,0.0971798,0.0339059,0.418318,0.100695,0.048464,0.048464,0.048464,0.071588,0.828351,9.55576e-05,0.0222848,0.70676,0.132385,0.0493575,0.113867,0.101631,0.107509,0.109574,0.775883,0.086518,0.086518,0.088166,0.088166,0.016916,0.086518,0.490768,0.03462,0.00206415,0.210289,0.210289,0.00148879,0.000139157,0.0171489,0.00026207,0.00157889,0.0371806,0.156296,0.156296,0.207194,0.167702,0.0840931,0.0442741,0.0102732,0.0941357,0.06978,0.06978,0.06978,0.0156298,0.156431,0.0284528,0.00130927,0.459539,0.107915,8.81842e-06,0.0997305,0.0947001,0.0605963,0.137855,0.226951,0.107448,0.107448,0.156296,0.156296,0.00440418,0.107448,0.315999,0.00186569,3.34011e-05,0.182628,0.182628,
3.43,0.00505344,0.00316805,0.0209372,0.0460967,0.00852421,0.0256481,0.087446,0.087446,0.111064,0.0555611,0.109924,0.0543045,0.531008,0.12291,0.048679,0.048679,0.048679,0.0681069,0.852455,0.000112038,0.0258221,0.781723,0.148956,0.141695,0.172155,0.134627,0.124979,0.135751,0.837079,0.085586,0.085586,0.087446,0.087446,0.0213663,0.085586,0.439797,0.0378397,0.00854473,0.206987,0.206987,0.00345558,0.00059789,0.0360283,0.000386888,0.0022779,0.0946635,0.153118,0.153118,0.205332,0.153393,0.155984,0.119221,0.0294014,0.102474,0.067117,0.067117,0.067117,0.01649,0.142086,0.025116,0.00218077,0.435176,0.10639,4.1551e-05,0.121023,0.137581,0.137001,0.137581,0.22942,0.10354,0.10354,0.153118,0.153118,0.0173103,0.10354,0.29201,0.00404445,3.00182e-05,0.1813,0.1813,
3.435,0.00436119,0.00113281,0.00700938,0.00597491,0.00462993,0.0134179,0.08776,0.08776,0.116262,0.0509607,0.0941797,0.0326204,0.407343,0.097145,0.049114,0.049114,0.049114,0.0710396,0.818793,9.35858e-05,0.0219358,0.697335,0.127986,0.0454302,0.10903,0.0975895,0.102737,0.105652,0.763079,0.084211,0.084211,0.08776,0.08776,0.0157467,0.084211,0.484349,0.0331139,0.00150323,0.203013,0.203013,0.00106488,0.000119979,0.0119448,0.000243619,0.00138816,0.0323801,0.148449,0.148449,0.202503,0.163674,0.076401,0.0393398,0.00912961,0.0911565,0.064112,0.064112,0.064112,0.0154354,0.155442,0.0283158,0.0012547,0.45621,0.105323,7.05592e-06,0.0979471,0.0898305,0.0530926,0.1342,0.219329,0.100423,0.100423,0.148449,0.148449,0.00366029,0.100423,0.30799,0.00166318,3.16189e-05,0.181362,0.181362,
3.44,0.00526351,0.00394364,0.0262457,0.0616916,0.00997148,0.0302563,0.089066,0.089066,0.106884,0.0555024,0.112182,0.0624002,0.56874,0.128738,0.049808,0.049808,0.049808,0.0660572,0.853567,0.000118032,0.0270668,0.805994,0.150924,0.178745,0.193977,0.145098,0.132706,0.143259,0.84871,0.082681,0.082681,0.089066,0.089066,0.0233581,0.082681,0.411507,0.0377173,0.0112736,0.198206,0.198206,0.00437215,0.00077677,0.0452289,0.000417219,0.00250534,0.116517,0.142556,0.142556,0.198918,0.14221,0.186049,0.149837,0.0366133,0.102971,0.060949,0.060949,0.060949,0.0167029,0.134794,0.023515,0.00251185,0.4213,0.102342,5.49379e-05,0.128812,0.151485,0.167761,0.133354,0.230405,0.09814,0.09814,0.142556,0.142556,0.0225642,0.09814,0.271107,0.00493534,2.58051e-05,0.182615,0.182615,
3.445,0.00453689,0.00173925,0.0112127,0.00103793,0.00507618,0.0151654,0.091306,0.091306,0.112637,0.0463447,0.0891115,0.0299332,0.377297,0.0909188,0.050803,0.050803,0.050803,0.0689292,0.78599,9.009e-05,0.02071,0.662729,0.121494,0.0320344,0.10027,0.0909859,0.105538,0.0988449,0.729227,0.081333,0.081333,0.091306,0.091306,0.0163177,0.081333,0.468728,0.0316146,0.00336534,0.192566,0.192566,0.00155353,5.39794e-05,0.0191261,0.000215214,0.00144852,0.0263687,0.135832,0.135832,0.194356,0.156866,0.0744805,0.0332789,0.0063596,0.0873988,0.057841,0.057841,0.057841,0.0147928,0.151647,0.0277154,0.00110089,0.442794,0.101482,4.81989e-06,0.0918183,0.0817894,0.0495672,0.129676,0.223571,0.096625,0.096625,0.135832,0.135832,0.00222002,0.096625,0.296438,0.00157126,0.00208066,0.184924,0.184924,
3.45,0.00558666,0.0048457,0.0324378,0.0780707,0.0116729,0.0342061,0.094371,0.094371,0.0986224,0.0453939,0.116486,0.0690267,0.61694,0.136882,0.05212,0.05212,0.05212,0.0654498,0.872275,0.000118642,0.0288054,0.845302,0.155941,0.218268,0.220411,0.158748,0.13184,0.152744,0.884316,0.080411,0.080411,0.094371,0.094371,0.017,0.080411,0.381751,0.0362311,0.0142061,0.186406,0.186406,0.00541282,0.000971056,0.0559313,0.000466213,0.00282174,0.139484,0.128667,0.128667,0.195302,0.129816,0.21473,0.172256,0.0444817,0.105268,0.054973,0.054973,0.054973,0.0172448,0.130467,0.0224493,0.0028889,0.416518,0.100533,6.16016e-05,0.139008,0.167794,0.193915,0.13205,0.237277,0.095755,0.095755,0.128667,0.128667,0.0271721,0.095755,0.255738,0.0049584,2.38231e-05,0.188095,0.188095,
3.455,0.00438255,0.00151131,0.00963159,0.000992219,0.00477156,0.0140193,0.098029,0.098029,0.10761,0.0413805,0.088656,0.0295461,0.374943,0.0907662,0.053723,0.053723,0.053723,0.068183,0.77809,9.23221e-05,0.0204818,0.655749,0.122295,0.0316899,0.100401,0.0911573,0.10648,0.0984823,0.729548,0.079913,0.079913,0.098029,0.098029,0.0144147,0.079913,0.459876,0.0311894,0.00113143,0.180329,0.180329,0.00134802,6.191e-05,0.0164726,0.000217672,0.00139113,0.0256428,0.12146,0.12146,0.192676,0.154101,0.0729537,0.0362761,0.00643195,0.0874732,0.052489,0.052489,0.052489,0.0146246,0.150045,0.0274112,0.00109178,0.437928,0.10168,7.58946e-06,0.0907841,0.0819798,0.050275,0.129138,0.21803,0.095376,0.095376,0.12146,0.12146,0.00221772,0.095376,0.293398,0.00160639,3.07291e-05,0.191846,0.191846,
3.46,0.00528497,0.00470164,0.0315333,0.0875294,0.0117056,0.0351188,0.101937,0.101937,0.0935418,0.0451538,0.116494,0.0745514,0.630319,0.138365,0.055521,0.055521,0.055521,0.0615512,0.84482,0.000123121,0.0287824,0.835521,0.155043,0.239904,0.227611,0.162241,0.13544,0.154751,0.85869,0.07964,0.07964,0.101937,0.101937,0.0218269,0.07964,0.350911,0.0360913,0.0166045,0.174969,0.174969,0.00541313,0.00107776,0.0543265,0.000493628,0.00283877,0.151612,0.114634,0.114634,0.187157,0.120905,0.227197,0.194238,0.0492164,0.103214,0.050492,0.050492,0.050492,0.0167913,0.120375,0.0204065,0.0030616,0.39111,0.0955871,7.39148e-05,0.14025,0.174324,0.21138,0.126649,0.221446,0.09534,0.09534,0.114634,0.114634,0.0306388,0.09534,0.239967,0.00601075,0.00123767,0.195856,0.195856,
3.465,0.00427677,0.00127292,0.0080485,0.0014243,0.00451214,0.0129014,0.105725,0.105725,0.107563,0.0390307,0.0877924,0.0292577,0.37527,0.0893264,0.057388,0.057388,0.057388,0.0684261,0.781002,8.83762e-05,0.0206028,0.659247,0.119557,0.0330116,0.0988423,0.0895766,0.0997352,0.0968233,0.723997,0.079325,0.079325,0.105725,0.105725,0.0127035,0.079325,0.457592,0.0297444,0.00256901,0.170874,0.170874,0.00113624,6.10139e-05,0.0136725,0.000215363,0.00131031,0.0243603,0.108619,0.108619,0.190643,0.15173,0.0688153,0.0307584,0.00650586,0.0855305,0.049016,0.049016,0.049016,0.0146813,0.150456,0.027493,0.00110203,0.439602,0.0997793,3.8437e-06,0.0914248,0.0798837,0.0445067,0.127367,0.215244,0.095515,0.095515,0.108619,0.108619,0.00193354,0.095515,0.2908,0.00131094,0.00159277,0.199892,0.199892,
3.47,0.00469918,0.00344444,0.0229081,0.087193,0.0101546,0.0320506,0.109072,0.109072,0.100301,0.05888,0.117331,0.0773074,0.631365,0.138333,0.059204,0.059204,0.059204,0.0610534,0.840809,0.000132609,0.0286457,0.832073,0.155342,0.239565,0.221034,0.160037,0.141807,0.154904,0.839749,0.078699,0.078699,0.109072,0.109072,0.0324239,0.078699,0.365163,0.0384943,0.0143594,0.168503,0.168503,0.0042662,0.00107162,0.0394861,0.000494483,0.00254312,0.149119,0.103785,0.103785,0.189944,0.128811,0.220128,0.204577,0.0493671,0.10274,0.048037,0.048037,0.048037,0.0166582,0.119563,0.0202274,0.00305238,0.388234,0.0957119,8.3532e-05,0.139437,0.173656,0.211867,0.126618,0.201681,0.095778,0.095778,0.103785,0.103785,0.0315707,0.095778,0.246728,0.00723381,2.25995e-05,0.203768,0.203768,
3.475,0.00378536,0.000114151,0.000121426,0.00200745,0.00319406,0.00842862,0.111744,0.111744,0.105802,0.0349348,0.0889734,0.0296162,0.384631,0.0897657,0.060874,0.060874,0.060874,0.0695619,0.795916,9.01444e-05,0.0210236,0.672831,0.120353,0.0355806,0.0971067,0.0893509,0.0935768,0.0968814,0.730613,0.077562,0.077562,0.111744,0.111744,0.0104522,0.077562,0.461254,0.0286005,0.000178387,0.168172,0.168172,9.07861e-05,7.17279e-05,2.84583e-05,0.000225692,0.00103978,0.0212241,0.100398,0.100398,0.192303,0.152289,0.0585161,0.029345,0.00706597,0.0851034,0.047484,0.047484,0.047484,0.014913,0.152911,0.0279221,0.00113719,0.447075,0.100338,4.24757e-06,0.0933642,0.0793327,0.0367392,0.127929,0.201449,0.096021,0.096021,0.100398,0.100398,0.00180491,0.096021,0.295286,0.00124896,3.11382e-05,0.207372,0.207372,
3.48,0.00400806,0.00205833,0.0135455,0.0808912,0.00825834,0.0231264,0.113573,0.113573,0.0848488,0.0306256,0.112622,0.0686315,0.608519,0.131208,0.062328,0.062328,0.062328,0.0609687,0.829627,0.000113464,0.0278256,0.812725,0.148508,0.224748,0.208257,0.151694,0.107157,0.145289,0.827042,0.075807,0.075807,0.113573,0.113573,0.0124897,0.075807,0.341908,0.0314577,0.0124291,0.17001,0.17001,0.00292154,0.00100751,0.0232588,0.000491589,0.0021561,0.13334,0.098627,0.098627,0.182318,0.117361,0.186005,0.167839,0.046424,0.0970223,0.047262,0.047262,0.047262,0.016316,0.120332,0.0205011,0.0029068,0.388013,0.0928792,6.3033e-05,0.135089,0.161604,0.174097,0.122635,0.183271,0.096182,0.096182,0.098627,0.098627,0.027146,0.096182,0.242625,0.00489554,2.54965e-05,0.210642,0.210642,
3.485,0.00400769,0.000117323,0.000125801,0.00493933,0.00351445,0.00878354,0.114419,0.114419,0.106952,0.0273955,0.0942833,0.0326347,0.41672,0.0948222,0.063527,0.063527,0.063527,0.0742117,0.853232,9.61893e-05,0.0227555,0.725775,0.126328,0.0448636,0.106133,0.0956485,0.0989012,0.102327,0.777926,0.073414,0.073414,0.114419,0.114419,0.00757426,0.073414,0.477863,0.0278166,0.000570957,0.173943,0.173943,0.000133201,0.000103385,1.97848e-05,0.000244595,0.00108572,0.0241373,0.098553,0.098553,0.200386,0.154133,0.0653516,0.0344199,0.00877907,0.0888755,0.047277,0.047277,0.047277,0.016006,0.162627,0.0296539,0.00127655,0.476918,0.104337,5.50818e-06,0.101512,0.084287,0.0410093,0.133936,0.214108,0.096264,0.096264,0.098553,0.098553,0.00251095,0.096264,0.306323,0.00125082,3.22154e-05,0.21346,0.21346,
3.49,0.00294155,7.88941e-05,0.000111651,0.0738876,0.00550193,0.015072,0.114199,0.114199,0.0786087,0.0239864,0.108833,0.0652332,0.578252,0.124272,0.064457,0.064457,0.064457,0.0581934,0.790397,0.000111969,0.0261888,0.768386,0.143204,0.207367,0.187571,0.141321,0.0966727,0.136468,0.773219,0.070456,0.070456,0.114199,0.114199,0.0132799,0.070456,0.329317,0.0295788,0.00994175,0.17974,0.17974,0.00103262,0.000927811,1.5402e-05,0.000490897,0.001672,0.118522,0.100167,0.100167,0.17684,0.115856,0.156211,0.15676,0.0437129,0.0917951,0.047431,0.047431,0.047431,0.0153834,0.115729,0.019729,0.00271927,0.370719,0.0900549,6.27083e-05,0.12677,0.150458,0.151983,0.118846,0.148607,0.096335,0.096335,0.100167,0.100167,0.0248466,0.096335,0.244741,0.00502715,2.89979e-05,0.215596,0.215596,
3.495,0.00421185,0.000239816,0.000960697,0.00547545,0.00382629,0.01048,0.112921,0.112921,0.106606,0.0202585,0.0995712,0.0369872,0.438146,0.0989881,0.065125,0.065125,0.065125,0.0773341,0.891516,0.000111073,0.0237645,0.758278,0.133521,0.0475124,0.110196,0.100521,0.119602,0.106729,0.804316,0.067108,0.067108,0.112921,0.112921,0.0116152,0.067108,0.489749,0.0283418,0.000735274,0.187028,0.187028,0.000257815,0.000104658,0.0014358,0.00026652,0.00119446,0.025555,0.103358,0.103358,0.207851,0.156555,0.0755826,0.0509303,0.00980877,0.0930851,0.047659,0.047659,0.047659,0.0166781,0.169652,0.0308869,0.00134957,0.49698,0.108691,1.63882e-05,0.106029,0.0881023,0.0534496,0.140658,0.224832,0.096513,0.096513,0.103358,0.103358,0.00352492,0.096513,0.319312,0.00230519,3.50418e-05,0.216798,0.216798,
3.5,0.00275324,6.97835e-05,0.000121054,0.0642956,0.00498722,0.0157113,0.110712,0.110712,0.066734,0.00923552,0.104617,0.0650025,0.536176,0.117179,0.065547,0.065547,0.065547,0.0547808,0.739864,0.000128893,0.0240553,0.710674,0.141319,0.182249,0.170604,0.133124,0.126132,0.128073,0.721819,0.063646,0.063646,0.110712,0.110712,0.022091,0.063646,0.303058,0.0291188,0.00864476,0.195294,0.195294,0.000912397,0.000815458,0,0.000472071,0.00162703,0.10623,0.107871,0.107871,0.168765,0.107591,0.15345,0.17233,0.0397266,0.0896264,0.047948,0.047948,0.047948,0.0142474,0.11035,0.0188265,0.00246117,0.349051,0.0887037,8.00372e-05,0.115792,0.140171,0.158517,0.116914,0.141486,0.096929,0.096929,0.107871,0.107871,0.0235326,0.096929,0.23768,0.00671039,3.15981e-05,0.217028,0.217028,
3.505,0.00461281,0.000136515,0.000148675,0.00281856,0.00392783,0.0132913,0.10783,0.10783,0.125119,0.0352275,0.11016,0.0442956,0.475159,0.108352,0.065749,0.065749,0.065749,0.0851694,0.978215,0.000138457,0.0258406,0.828011,0.148147,0.0445261,0.114841,0.108459,0.156299,0.117364,0.868874,0.060413,0.060413,0.10783,0.10783,0.027914,0.060413,0.555722,0.0345466,0.000271686,0.204035,0.204035,0.000129354,6.95585e-05,2.62008e-05,0.00027787,0.00126135,0.0251934,0.113287,0.113287,0.232016,0.179639,0.0880595,0.0739677,0.00943248,0.103478,0.048313,0.048313,0.048313,0.0182484,0.187667,0.0341837,0.00141302,0.547626,0.12083,3.26635e-05,0.114651,0.0951961,0.0699552,0.156463,0.24655,0.097677,0.097677,0.113287,0.113287,0.0047127,0.097677,0.357103,0.00434,3.81261e-05,0.21652,0.21652,
3.51,0.00220808,5.42625e-05,0.000133318,0.0665751,0.00464984,0.0142306,0.104621,0.104621,0.0533662,0.00803454,0.0994987,0.0607398,0.502645,0.113636,0.065756,0.065756,0.065756,0.044733,0.63286,0.000112478,0.0213003,0.61982,0.13666,0.183355,0.164553,0.129547,0.105306,0.123426,0.644583,0.057748,0.057748,0.104621,0.104621,0.0181402,0.057748,0.247435,0.0290186,0.00896398,0.212813,0.212813,0.000930046,0.000854782,0,0.000506576,0.00176079,0.111997,0.119051,0.119051,0.154326,0.098817,0.146109,0.166629,0.0414284,0.0849729,0.048758,0.048758,0.048758,0.0122065,0.0879886,0.0146392,0.00239457,0.283956,0.082439,7.69017e-05,0.103969,0.140932,0.156585,0.108384,0.111929,0.098786,0.098786,0.119051,0.119051,0.0237729,0.098786,0.222422,0.00624681,3.51751e-05,0.215646,0.215646,
3.515,0.00490474,0.000163981,0.000162585,0.0011929,0.0040055,0.0145,0.101435,0.101435,0.161829,0.0923923,0.118392,0.0425506,0.493384,0.118556,0.065615,0.065615,0.065615,0.0881598,1,0.000127166,0.0265598,0.850746,0.157837,0.0418328,0.116612,0.113858,0.141076,0.129239,0.899572,0.055894,0.055894,0.101435,0.101435,0.0394918,0.055894,0.642294,0.0456618,4.67473e-05,0.221253,0.221253,0.000107959,5.4019e-05,8.68956e-05,0.000297516,0.00147717,0.0315689,0.124636,0.124636,0.259588,0.222985,0.0827421,0.0547938,0.00906089,0.112408,0.049253,0.049253,0.049253,0.0188993,0.194434,0.0354643,0.00142649,0.566908,0.131667,1.75957e-05,0.117492,0.105814,0.0622104,0.169311,0.255758,0.100239,0.100239,0.124636,0.124636,0.00456486,0.100239,0.406126,0.00393409,4.18114e-05,0.214704,0.214704,
3.52,0.00183481,4.379e-05,0.00012562,0.0669865,0.00435778,0.0104284,0.098541,0.098541,0.0440336,0.00667669,0.0896999,0.0504622,0.4634,0.104785,0.065383,0.065383,0.065383,0.0377867,0.552106,7.53345e-05,0.0192179,0.55148,0.121642,0.181284,0.156388,0.120179,0.0553198,0.11335,0.580275,0.054942,0.054942,0.098541,0.098541,0.00104995,0.054942,0.204991,0.024316,0.00902794,0.229046,0.229046,0.000916427,0.000860498,0,0.000494891,0.00170475,0.110387,0.129689,0.129689,0.136055,0.0865442,0.124903,0.12708,0.0407162,0.0751217,0.049756,0.049756,0.049756,0.0107488,0.0722332,0.0118139,0.00229131,0.239174,0.0719123,4.93966e-05,0.0950164,0.133086,0.12833,0.0947735,0.0916806,0.101953,0.101953,0.129689,0.129689,0.0214455,0.101953,0.19793,0.0034714,3.32663e-05,0.213843,0.213843,
3.525,0.00516849,0.00108154,0.0063598,0.00297156,0.00497899,0.0183851,0.09608,0.09608,0.174505,0.124135,0.115257,0.0408117,0.476314,0.116698,0.065103,0.065103,0.065103,0.0839072,0.962786,0.000114299,0.0255097,0.813746,0.151342,0.0438715,0.113984,0.110594,0.131998,0.128445,0.85199,0.054828,0.054828,0.09608,0.09608,0.046737,0.054828,0.649448,0.0490182,0.00100714,0.235946,0.235946,0.000956083,5.90885e-05,0.0108487,0.000284431,0.00171218,0.0385511,0.134,0.134,0.256275,0.231218,0.088414,0.0488496,0.00928612,0.109605,0.050238,0.050238,0.050238,0.0181291,0.184654,0.0336685,0.00139674,0.539502,0.127032,1.08717e-05,0.113061,0.106581,0.0655174,0.164157,0.256137,0.103791,0.103791,0.134,0.134,0.00558301,0.103791,0.402073,0.00386769,3.90644e-05,0.213097,0.213097,
3.53,0.00150681,3.41126e-05,0.000110861,0.0724245,0.00430637,0.0140999,0.094088,0.094088,0.0363536,0.0068585,0.0868228,0.0601106,0.455356,0.102421,0.064807,0.064807,0.064807,0.0319696,0.49787,0.000103532,0.0181965,0.514479,0.119743,0.192115,0.156353,0.119664,0.096016,0.111752,0.526094,0.055394,0.055394,0.094088,0.094088,0.0210852,0.055394,0.163962,0.0259281,0.0097742,0.241754,0.241754,0.000997958,0.000917905,0,0.000489169,0.00164205,0.117797,0.137454,0.137454,0.12242,0.0732019,0.14744,0.178628,0.0434148,0.0722769,0.050694,0.050694,0.050694,0.0097295,0.0589276,0.00920305,0.00233816,0.201644,0.0656223,8.55104e-05,0.091027,0.134988,0.164983,0.0869161,0.0732427,0.10561,0.10561,0.137454,0.137454,0.0259476,0.10561,0.170098,0.00684912,2.94331e-05,0.212475,0.212475,
