time,addbrev_r,addlong_r,addmagDist_r,addmagIsch_r,addmagMid_r,addmagProx_r,bflh_r,bfsh_r,edl_r,ehl_r,fdl_r,fhl_r,gaslat_r,gasmed_r,glmax1_r,glmax2_r,glmax3_r,glmed1_r,glmed2_r,glmed3_r,glmin1_r,glmin2_r,glmin3_r,grac_r,iliacus_r,perbrev_r,perlong_r,piri_r,psoas_r,recfem_r,sart_r,semimem_r,semiten_r,soleus_r,tfl_r,tibant_r,tibpost_r,vasint_r,vaslat_r,vasmed_r,addbrev_l,addlong_l,addmagDist_l,addmagIsch_l,addmagMid_l,addmagProx_l,bflh_l,bfsh_l,edl_l,ehl_l,fdl_l,fhl_l,gaslat_l,gasmed_l,glmax1_l,glmax2_l,glmax3_l,glmed1_l,glmed2_l,glmed3_l,glmin1_l,glmin2_l,glmin3_l,grac_l,iliacus_l,perbrev_l,perlong_l,piri_l,psoas_l,recfem_l,sart_l,semimem_l,semiten_l,soleus_l,tfl_l,tibant_l,tibpost_l,vasint_l,vaslat_l,vasmed_l,
0.175,0.107206,0.0256975,0.124373,0.0439464,0.0763923,0.251301,0.361188,0.361188,0.40275,0.393225,0.0747786,0.0261832,0.011858,0.0113745,0.204708,0.204708,0.204708,0.0146258,0.00349989,0.0867382,0.0610436,0.040045,0.0479893,0.08057,0.0867978,0.130948,0.0994808,0.0971504,0.158351,0.043673,0.043673,0.361188,0.361188,0.00562128,0.043673,0.385668,0.015426,0.0787763,0.24068,0.24068,0.0318135,0.0165791,0.0510891,0.0795215,0.0241814,0.0590419,0.050567,0.050567,0.0691871,0.151067,0.0884047,0.107139,0.0868506,0.0719573,0.109071,0.109071,0.109071,0.140718,0.0328798,0.0266369,0.244138,0.0636895,0.0908811,0.031906,0.0272857,0.109325,0.111323,0.0767296,0.0283742,0.006021,0.006021,0.050567,0.050567,0.0607917,0.006021,0.0672436,0.0520152,0.0938717,0.014109,0.014109,
0.18,0.118736,0.0261911,0.12862,0.0283852,0.0865767,0.272026,0.361188,0.361188,0.439291,0.416693,0.0536604,0.0138999,0.00936893,0.0114051,0.204708,0.204708,0.204708,0.00390271,0.00223579,0.0906448,0.0189345,0.0111513,0.0130222,0.0876172,0.0326961,0.083391,0.0824265,0.0796679,0.106103,0.043673,0.043673,0.361188,0.361188,0.00668547,0.043673,0.428442,0.00971383,0.0576423,0.24068,0.24068,0.0140253,0.00422891,0.0376124,0.0768966,0.00654586,0.0190802,0.050567,0.050567,0.0667546,0.0906646,0.0767094,0.0897022,0.0835195,0.0613707,0.109071,0.109071,0.109071,0.150296,0.0263159,0.0263143,0.27548,0.045827,0.0705033,0.0129695,0.0339111,0.0904049,0.0962425,0.0801216,0.0291819,0.006021,0.006021,0.050567,0.050567,0.0532492,0.006021,0.0537606,0.0306427,0.0776052,0.014109,0.014109,
0.185,0.129652,0.0266816,0.142101,0.0288319,0.0970212,0.291663,0.361188,0.361188,0.476553,0.450838,0.0481984,0.00796582,0.00428165,0.00752902,0.204708,0.204708,0.204708,0.00107005,0.000312385,0.0959102,0.00350363,0.00254913,0.00262582,0.09323,0.0107708,0.074957,0.0835099,0.0809103,0.0872028,0.043673,0.043673,0.361188,0.361188,0.00397229,0.043673,0.473752,0.0047835,0.0562434,0.24068,0.24068,0.00854381,0.00046139,0.035351,0.0804005,0.00251238,0.00763135,0.050567,0.050567,0.0698264,0.0732947,0.0774246,0.0904248,0.0876062,0.0642628,0.109071,0.109071,0.109071,0.161468,0.0258381,0.0267687,0.30744,0.0422917,0.0686735,0.0101614,0.051536,0.0917316,0.0978633,0.0857849,0.0448714,0.006021,0.006021,0.050567,0.050567,0.0533649,0.006021,0.0549668,0.0250282,0.0771925,0.014109,0.014109,
0.19,0.136403,0.0285956,0.152316,0.0339026,0.103558,0.303044,0.361188,0.361188,0.496358,0.473569,0.0545666,0.0103816,0.00525736,0.00851269,0.204708,0.204708,0.204708,0.00183207,0.00040356,0.0985517,0.00522431,0.00338854,0.00302044,0.0961199,0.0163643,0.0835183,0.0911664,0.0853563,0.0943666,0.043673,0.043673,0.361188,0.361188,0.00678881,0.043673,0.501037,0.00677669,0.0616843,0.24068,0.24068,0.01268,0.000767292,0.0384194,0.0839279,0.00291962,0.00937067,0.050567,0.050567,0.0750724,0.0815121,0.0831885,0.0974638,0.0937428,0.0704963,0.109071,0.109071,0.109071,0.167744,0.0270626,0.0275507,0.328184,0.0442179,0.0747787,0.0130928,0.0782687,0.099511,0.10427,0.0925999,0.068185,0.006021,0.006021,0.050567,0.050567,0.0569296,0.006021,0.0601985,0.0272076,0.0824231,0.014109,0.014109,
0.195,0.136337,0.029399,0.159556,0.0421812,0.108126,0.291768,0.337875,0.337875,0.482218,0.469876,0.0597107,0.0119127,0.00416803,0.00747632,0.224781,0.224781,0.224781,0.00190509,0.000131652,0.0923655,0.00345009,0.00200293,0.000778601,0.0904587,0.023931,0.0880526,0.0957697,0.0843316,0.0945454,0.047377,0.047377,0.337875,0.337875,0.0111985,0.047377,0.508915,0.00815796,0.0657506,0.241121,0.241121,0.0207148,0.000534096,0.0398454,0.0811131,0.0020504,0.00849704,0.043508,0.043508,0.0784941,0.0856907,0.0860744,0.101092,0.0969642,0.0769596,0.111162,0.111162,0.111162,0.161164,0.0259149,0.0255658,0.341887,0.0412087,0.0786246,0.0179106,0.144556,0.105159,0.105657,0.0990291,0.125064,0.006303,0.006303,0.043508,0.043508,0.0576095,0.006303,0.0645231,0.0270738,0.0841001,0.013957,0.013957,
0.2,0.13775,0.0307396,0.168559,0.051694,0.113453,0.284459,0.312574,0.312574,0.474209,0.472495,0.0675475,0.0149422,0.00408985,0.0073209,0.246741,0.246741,0.246741,0.00286722,2.32145e-05,0.0875209,0.00485877,0.0031935,0.00119705,0.0863521,0.0353175,0.0971209,0.103265,0.0858624,0.0998089,0.050803,0.050803,0.312574,0.312574,0.0162405,0.050803,0.522001,0.0106784,0.0719976,0.240264,0.240264,0.029123,0.000379621,0.0425527,0.0800153,0.00201668,0.00985803,0.039187,0.039187,0.0831043,0.0946638,0.0909954,0.107407,0.101768,0.0850546,0.112905,0.112905,0.112905,0.15701,0.0257982,0.0242912,0.35853,0.0401513,0.0849043,0.0234266,0.208964,0.113407,0.109533,0.106439,0.180735,0.006968,0.006968,0.039187,0.039187,0.0597356,0.006968,0.0704873,0.0288306,0.0882097,0.013706,0.013706,
0.205,0.13156,0.0298223,0.166295,0.0552698,0.111448,0.264007,0.286684,0.286684,0.443957,0.449429,0.0688694,0.0160737,0.00367441,0.00669401,0.268786,0.268786,0.268786,0.00326714,5.76023e-05,0.0796376,0.00387769,0.00348741,0.00103551,0.0788753,0.0381411,0.0970627,0.102991,0.0820848,0.0944979,0.053707,0.053707,0.286684,0.286684,0.0190141,0.053707,0.504588,0.0119139,0.0718416,0.238307,0.238307,0.0322311,7.58957e-06,0.0414338,0.0748539,0.00154035,0.00866734,0.036927,0.036927,0.0815751,0.0924713,0.0889541,0.105313,0.0993182,0.0858753,0.114452,0.114452,0.114452,0.145902,0.0242279,0.022108,0.352036,0.0364911,0.0838545,0.0256878,0.24319,0.112317,0.105671,0.105606,0.21077,0.00817,0.00817,0.036927,0.036927,0.0575796,0.00817,0.0705738,0.0275518,0.0857575,0.013378,0.013378,
0.21,0.132514,0.0326727,0.172292,0.0625517,0.119446,0.25444,0.261738,0.261738,0.419775,0.431861,0.0767482,0.0200547,0.00837721,0.0152389,0.288925,0.288925,0.288925,0.00423507,0.000217317,0.0727585,0.00590713,0.00427707,0.00114628,0.0807527,0.0478603,0.109193,0.112036,0.0812691,0.100833,0.055866,0.055866,0.261738,0.261738,0.0242486,0.055866,0.49335,0.0179028,0.0757575,0.235236,0.235236,0.0491876,0.00372726,0.0446667,0.0725346,0.00337246,0.0259728,0.036206,0.036206,0.0835971,0.0979723,0.0917413,0.108353,0.101651,0.0920208,0.115899,0.115899,0.115899,0.136194,0.0233028,0.0203067,0.350323,0.0344409,0.0881695,0.0321072,0.292624,0.116935,0.106918,0.110131,0.258168,0.010082,0.010082,0.036206,0.036206,0.0582962,0.010082,0.0735107,0.0306073,0.0873978,0.013013,0.013013,
0.215,0.125707,0.0321777,0.168285,0.0654685,0.117272,0.233216,0.239273,0.239273,0.384612,0.402987,0.0782822,0.0215532,0.00925231,0.0167078,0.305156,0.305156,0.305156,0.00472385,0.000264523,0.0642376,0.00655456,0.00481254,0.00127742,0.0745008,0.0528138,0.110379,0.111681,0.0769392,0.0986265,0.05711,0.05711,0.239273,0.239273,0.0269207,0.05711,0.467926,0.0198906,0.0753124,0.230834,0.230834,0.0548325,0.00438001,0.0441119,0.0670696,0.00355974,0.0294853,0.036635,0.036635,0.0814601,0.0975164,0.0894281,0.105781,0.098613,0.0922096,0.117266,0.117266,0.117266,0.123517,0.0216063,0.0180136,0.337644,0.031176,0.0870971,0.0345943,0.320815,0.115219,0.102727,0.108494,0.283583,0.012889,0.012889,0.036635,0.036635,0.0560415,0.012889,0.0728599,0.0303266,0.0846198,0.012663,0.012663,
0.22,0.123954,0.0347591,0.168778,0.070636,0.120918,0.22203,0.220352,0.220352,0.356328,0.380671,0.0849458,0.0251643,0.0138192,0.0241593,0.315732,0.315732,0.315732,0.00539772,0.000457888,0.0572173,0.0124091,0.00547834,0.00163144,0.0746039,0.0696397,0.120551,0.116496,0.074863,0.112967,0.057363,0.057363,0.220352,0.220352,0.0311075,0.057363,0.447127,0.0247362,0.0785879,0.224829,0.224829,0.0717914,0.00831886,0.0479971,0.0641125,0.005552,0.0468111,0.037927,0.037927,0.0828711,0.109839,0.0918953,0.108229,0.100011,0.0961033,0.11851,0.11851,0.11851,0.11285,0.0205168,0.0162192,0.32799,0.030704,0.0913774,0.0400374,0.356858,0.118842,0.10372,0.111857,0.316525,0.016765,0.016765,0.037927,0.037927,0.0569357,0.016765,0.0744779,0.0346186,0.0859687,0.012378,0.012378,
0.225,0.12739,0.0358268,0.183762,0.0765346,0.133731,0.21661,0.205438,0.205438,0.341174,0.366977,0.0949369,0.032123,0.0165495,0.0293591,0.319422,0.319422,0.319422,0.00652908,0.0113714,0.0690086,0.0131971,0.00636505,0.0189219,0.0754148,0.0726653,0.139222,0.129997,0.0809041,0.113829,0.056637,0.056637,0.205438,0.205438,0.0335549,0.056637,0.433115,0.0341977,0.084424,0.217129,0.217129,0.108173,0.0439894,0.0545367,0.0637186,0.0227888,0.0805553,0.039874,0.039874,0.0891408,0.115454,0.0972982,0.10886,0.105022,0.1012,0.11959,0.11959,0.11959,0.105747,0.0202697,0.0150871,0.322306,0.0296967,0.0956451,0.0681012,0.408854,0.123307,0.109729,0.118969,0.372672,0.021847,0.021847,0.039874,0.039874,0.0585288,0.021847,0.0796969,0.0359234,0.0913815,0.012186,0.012186,
0.23,0.125487,0.0351861,0.199551,0.079697,0.140464,0.199536,0.194638,0.194638,0.317181,0.345102,0.126815,0.0620421,0.0341611,0.0420033,0.315633,0.315633,0.315633,0.0136762,0.0409236,0.0980574,0.0270993,0.0214379,0.0678614,0.0670522,0.0837512,0.176247,0.157819,0.0923605,0.115526,0.055009,0.055009,0.194638,0.194638,0.0536998,0.055009,0.400443,0.0672377,0.0930256,0.207802,0.207802,0.156727,0.111665,0.062868,0.0636535,0.0552025,0.119452,0.042337,0.042337,0.0994993,0.126809,0.105569,0.107071,0.11044,0.102718,0.120513,0.120513,0.120513,0.0982161,0.0224964,0.0169759,0.304417,0.0300223,0.101265,0.11781,0.467611,0.125424,0.117541,0.125016,0.441694,0.028198,0.028198,0.042337,0.042337,0.0620815,0.028198,0.0881476,0.0357588,0.101173,0.012104,0.012104,
0.235,0.118791,0.0344722,0.210674,0.0859221,0.137991,0.177568,0.187805,0.187805,0.29093,0.325714,0.175553,0.106166,0.0619745,0.0603801,0.304411,0.304411,0.304411,0.0280111,0.0726956,0.1256,0.0613392,0.0541738,0.132577,0.0554242,0.112998,0.234364,0.197634,0.110051,0.133419,0.052608,0.052608,0.187805,0.187805,0.0843174,0.052608,0.362238,0.111955,0.108653,0.197053,0.197053,0.196565,0.17536,0.0733831,0.0663849,0.0898944,0.157826,0.045228,0.045228,0.110025,0.156495,0.117477,0.112306,0.115973,0.106277,0.121338,0.121338,0.121338,0.0932681,0.0288174,0.0213808,0.281057,0.0374342,0.114052,0.167374,0.507277,0.13273,0.129158,0.126554,0.49581,0.035758,0.035758,0.045228,0.045228,0.0691307,0.035758,0.101793,0.0421905,0.116263,0.01213,0.01213,
0.24,0.116236,0.0322121,0.225583,0.0915076,0.142603,0.164463,0.184607,0.184607,0.273965,0.309676,0.200931,0.128683,0.0710824,0.065214,0.28646,0.28646,0.28646,0.0359255,0.0965268,0.153124,0.0790832,0.0716376,0.181873,0.0482795,0.123732,0.27481,0.223018,0.126701,0.139061,0.049627,0.049627,0.184607,0.184607,0.0931484,0.049627,0.330813,0.134685,0.120806,0.185158,0.185158,0.239988,0.238253,0.0834255,0.068579,0.124063,0.202329,0.048459,0.048459,0.118497,0.175684,0.12621,0.114073,0.12093,0.109505,0.122163,0.122163,0.122163,0.0884972,0.0325368,0.0228314,0.259658,0.0430248,0.12224,0.21555,0.536805,0.138601,0.140429,0.128926,0.539566,0.0443,0.0443,0.048459,0.048459,0.0731961,0.0443,0.112366,0.0462567,0.127939,0.012245,0.012245,
0.245,0.117222,0.0301317,0.240711,0.0932425,0.153181,0.159831,0.184571,0.184571,0.260204,0.289898,0.208704,0.135907,0.0694259,0.0640517,0.2632,0.2632,0.2632,0.0375661,0.116232,0.18204,0.0842769,0.0739857,0.217275,0.0464013,0.124578,0.298882,0.235022,0.13919,0.141362,0.046312,0.046312,0.184571,0.184571,0.0874557,0.046312,0.295457,0.14327,0.127851,0.172418,0.172418,0.29275,0.304614,0.0937672,0.0694794,0.157903,0.255653,0.051893,0.051893,0.125896,0.188555,0.132241,0.110963,0.125449,0.110036,0.123118,0.123118,0.123118,0.0823334,0.0331531,0.0220506,0.233274,0.0462734,0.125699,0.263138,0.556084,0.140881,0.150308,0.133298,0.572052,0.053451,0.053451,0.051893,0.051893,0.0749824,0.053451,0.118001,0.0482301,0.135777,0.012411,0.012411,
0.25,0.110307,0.0170823,0.251936,0.0989493,0.15905,0.145991,0.187032,0.187032,0.242069,0.264743,0.156235,0.0870488,0.00740061,0.00544567,0.236779,0.236779,0.236779,0.0263284,0.11436,0.204446,0.0641585,0.0455793,0.224245,0.0292444,0.102729,0.281068,0.200079,0.151218,0.125724,0.042928,0.042928,0.187032,0.187032,0.020295,0.042928,0.256737,0.0857863,0.133146,0.159137,0.159137,0.344631,0.368299,0.104848,0.0639709,0.19505,0.309015,0.055347,0.055347,0.126653,0.20467,0.13031,0.102451,0.125112,0.10896,0.124374,0.124374,0.124374,0.0684535,0.0279499,0.0112646,0.199837,0.0515459,0.122181,0.312718,0.555914,0.144202,0.161103,0.133807,0.5736,0.062726,0.062726,0.055347,0.055347,0.0693837,0.062726,0.121266,0.0479137,0.136629,0.01258,0.01258,
0.255,0.110124,0.0153712,0.252842,0.0946772,0.160199,0.148698,0.191264,0.191264,0.243112,0.25815,0.152198,0.0855117,0.00426924,0.00255674,0.209784,0.209784,0.209784,0.0254497,0.120885,0.21769,0.0634393,0.0445461,0.235726,0.0303264,0.0970368,0.281406,0.197987,0.154999,0.123591,0.039746,0.039746,0.191264,0.191264,0.0134368,0.039746,0.240119,0.0847929,0.132042,0.14568,0.14568,0.358332,0.391285,0.106845,0.0648083,0.206493,0.325189,0.058624,0.058624,0.127057,0.204053,0.129982,0.0979933,0.124502,0.105023,0.126142,0.126142,0.126142,0.0686856,0.0281144,0.0115886,0.183813,0.0530547,0.119788,0.326212,0.530961,0.140902,0.162762,0.132397,0.55635,0.071543,0.071543,0.058624,0.058624,0.0688189,0.071543,0.1198,0.0473296,0.137688,0.012705,0.012705,
0.26,0.108939,0.014135,0.25257,0.090554,0.160793,0.147672,0.196608,0.196608,0.237327,0.246268,0.15133,0.0869585,0.00478361,0.00337643,0.18483,0.18483,0.18483,0.0255137,0.126697,0.226621,0.0634252,0.0429525,0.243564,0.0305606,0.0901571,0.284419,0.198137,0.155827,0.119184,0.037004,0.037004,0.196608,0.196608,0.0107212,0.037004,0.219612,0.0871404,0.130486,0.132611,0.132611,0.371464,0.411405,0.108399,0.0643027,0.216315,0.340743,0.061565,0.061565,0.126638,0.202112,0.128368,0.0928664,0.122812,0.100845,0.128679,0.128679,0.128679,0.0667568,0.0274928,0.0111965,0.166502,0.0532398,0.117045,0.338074,0.512292,0.136546,0.162447,0.12964,0.545299,0.079293,0.079293,0.061565,0.061565,0.0676176,0.079293,0.118371,0.0461824,0.136073,0.012749,0.012749,
0.265,0.105019,0.0126407,0.245297,0.0853719,0.155904,0.144018,0.202461,0.202461,0.229636,0.233959,0.146902,0.0857424,0.00458904,0.00292487,0.164437,0.164437,0.164437,0.0252826,0.127312,0.227558,0.0633027,0.0422151,0.244234,0.0297721,0.0842381,0.279844,0.193082,0.153522,0.1146,0.034872,0.034872,0.202461,0.202461,0.00796069,0.034872,0.200786,0.0860388,0.126625,0.120737,0.120737,0.369077,0.414047,0.106806,0.0629227,0.217754,0.341928,0.064065,0.064065,0.123012,0.197303,0.124293,0.0876414,0.118513,0.0953619,0.13223,0.13223,0.13223,0.0648485,0.0268929,0.0109951,0.150135,0.053081,0.112663,0.33716,0.480084,0.130559,0.158708,0.123866,0.517999,0.085446,0.085446,0.064065,0.064065,0.0654002,0.085446,0.114676,0.044853,0.132238,0.012688,0.012688,
0.27,0.102564,0.0116706,0.241401,0.0822973,0.153318,0.141859,0.208282,0.208282,0.223933,0.224681,0.145204,0.0858853,0.00482358,0.00312539,0.150759,0.150759,0.150759,0.0255696,0.129092,0.230338,0.0649081,0.0431891,0.24842,0.029798,0.0819549,0.279824,0.191299,0.153665,0.113664,0.033396,0.033396,0.208282,0.208282,0.00581442,0.033396,0.18534,0.0863194,0.125072,0.110926,0.110926,0.371055,0.420153,0.106766,0.0625157,0.221279,0.347565,0.06606,0.06606,0.121149,0.196392,0.12247,0.0846235,0.11615,0.092079,0.136991,0.136991,0.136991,0.0634534,0.0269314,0.0110847,0.136707,0.0538806,0.110609,0.339762,0.457245,0.127301,0.157448,0.120244,0.499967,0.089579,0.089579,0.06606,0.06606,0.0643986,0.089579,0.112843,0.0449029,0.131008,0.012506,0.012506,
0.275,0.101119,0.0111472,0.232761,0.0758657,0.14825,0.145,0.213721,0.213721,0.22848,0.224553,0.137326,0.0815119,0.00434238,0.00265237,0.145333,0.145333,0.145333,0.0237488,0.125266,0.226748,0.0602571,0.0397123,0.238862,0.0314686,0.0733782,0.265926,0.182448,0.148481,0.107255,0.032538,0.032538,0.213721,0.213721,0.00389096,0.032538,0.183985,0.0823023,0.11863,0.103858,0.103858,0.355914,0.40692,0.10233,0.0618534,0.213602,0.333698,0.067517,0.067517,0.116788,0.185564,0.117491,0.080073,0.111994,0.0865756,0.14308,0.14308,0.14308,0.0657116,0.0261014,0.0115405,0.132736,0.0522522,0.104852,0.326647,0.422239,0.120736,0.151842,0.115524,0.465737,0.091393,0.091393,0.067517,0.067517,0.0620513,0.091393,0.107268,0.0420235,0.125806,0.012208,0.012208,
0.28,0.0975547,0.0113853,0.218233,0.071208,0.139007,0.144115,0.218604,0.218604,0.228274,0.224589,0.127803,0.074769,0.00413468,0.00264798,0.149042,0.149042,0.149042,0.0219659,0.113507,0.209541,0.0558737,0.0369768,0.21749,0.0323921,0.068777,0.246442,0.170328,0.138976,0.102578,0.032214,0.032214,0.218604,0.218604,0.00401659,0.032214,0.189221,0.075096,0.111155,0.099973,0.099973,0.323699,0.368973,0.0948759,0.0598583,0.194129,0.303678,0.06845,0.06845,0.109468,0.173544,0.110711,0.077713,0.106003,0.082338,0.150555,0.150555,0.150555,0.0667259,0.0250481,0.0116332,0.135354,0.0497211,0.099186,0.297327,0.389238,0.114791,0.14285,0.109057,0.42798,0.09076,0.09076,0.06845,0.06845,0.0590583,0.09076,0.10062,0.0398703,0.118293,0.011813,0.011813,
0.285,0.0936416,0.0126361,0.203756,0.0696383,0.129094,0.143429,0.222823,0.222823,0.226063,0.225553,0.122806,0.0701287,0.00489005,0.00325992,0.162182,0.162182,0.162182,0.0213293,0.101871,0.192035,0.0598519,0.0380943,0.200608,0.0330547,0.0800448,0.234746,0.160629,0.132347,0.114416,0.032323,0.032323,0.222823,0.222823,0.0047739,0.032323,0.192449,0.0688836,0.108087,0.099445,0.099445,0.296797,0.332329,0.0909206,0.0589285,0.176621,0.280458,0.068941,0.068941,0.104345,0.177328,0.10787,0.0802293,0.102573,0.0809754,0.159474,0.159474,0.159474,0.0673051,0.0251165,0.0120622,0.136888,0.0509109,0.0987772,0.270645,0.362054,0.114033,0.13814,0.105032,0.393902,0.087756,0.087756,0.068941,0.068941,0.0586647,0.087756,0.0966648,0.042467,0.115192,0.011358,0.011358,
0.29,0.0918992,0.0154653,0.186812,0.0679346,0.118143,0.149169,0.226118,0.226118,0.234492,0.23927,0.115458,0.0624228,0.00591978,0.00436537,0.184537,0.184537,0.184537,0.019357,0.083275,0.165503,0.0614184,0.0347998,0.16802,0.0352567,0.0928181,0.21554,0.14694,0.12084,0.129062,0.032742,0.032742,0.226118,0.226118,0.00734978,0.032742,0.214478,0.0591153,0.10344,0.102148,0.102148,0.256688,0.274952,0.0850122,0.0581446,0.147847,0.241499,0.069139,0.069139,0.0986521,0.180655,0.104376,0.0850357,0.0996485,0.0804737,0.169818,0.169818,0.169818,0.071443,0.0243511,0.0123234,0.152681,0.0511352,0.0985582,0.229256,0.337816,0.114165,0.131794,0.102342,0.355976,0.082675,0.082675,0.069139,0.069139,0.0585682,0.082675,0.091698,0.0446256,0.109641,0.010897,0.010897,
0.295,0.0892093,0.0194685,0.166215,0.0680816,0.104293,0.155242,0.228098,0.228098,0.241983,0.255327,0.109612,0.0545698,0.00772599,0.00600135,0.215441,0.215441,0.215441,0.0177761,0.06109,0.133253,0.0689482,0.0339289,0.132482,0.0375031,0.119179,0.197414,0.13201,0.10905,0.157646,0.033325,0.033325,0.228098,0.228098,0.0108944,0.033325,0.238715,0.0480662,0.100767,0.107637,0.107637,0.211689,0.206641,0.0800837,0.0577859,0.114498,0.198867,0.069254,0.069254,0.0931382,0.194952,0.102773,0.0940164,0.0976966,0.0818158,0.181344,0.181344,0.181344,0.0756993,0.0242628,0.0129164,0.170448,0.0538214,0.101736,0.181175,0.312996,0.117736,0.126873,0.100658,0.313213,0.075979,0.075979,0.069254,0.069254,0.0601196,0.075979,0.0874337,0.0504218,0.106096,0.010492,0.010492,
0.3,0.0918294,0.0238202,0.160085,0.0719359,0.100875,0.164009,0.228473,0.228473,0.25495,0.277189,0.109387,0.050426,0.00901097,0.00740897,0.253775,0.253775,0.253775,0.0158011,0.0484917,0.115148,0.0731047,0.0331214,0.111215,0.0400847,0.145139,0.187106,0.125419,0.103796,0.18385,0.033901,0.033901,0.228473,0.228473,0.015699,0.033901,0.27118,0.042385,0.101942,0.115141,0.115141,0.189082,0.164727,0.0788316,0.0589246,0.0927506,0.171316,0.069534,0.069534,0.0942809,0.209718,0.106558,0.104101,0.101489,0.0872466,0.193548,0.193548,0.193548,0.0802329,0.0246909,0.0139774,0.196841,0.0554129,0.107646,0.153231,0.330607,0.125343,0.127828,0.10735,0.313193,0.068216,0.068216,0.069534,0.069534,0.0636539,0.068216,0.0872226,0.0551265,0.108839,0.0102,0.0102,
0.305,0.0951025,0.0270809,0.160219,0.0776143,0.101133,0.169408,0.227117,0.227117,0.265284,0.296668,0.11139,0.0482488,0.00962803,0.00814663,0.298074,0.298074,0.298074,0.0148395,0.0390538,0.100743,0.0743947,0.0316455,0.0942563,0.0408673,0.161319,0.182866,0.124073,0.100256,0.198615,0.034286,0.034286,0.227117,0.227117,0.0206662,0.034286,0.302775,0.0389811,0.104462,0.123595,0.123595,0.174443,0.134631,0.0782841,0.059553,0.0771668,0.151102,0.070197,0.070197,0.0963491,0.219301,0.110062,0.112749,0.105512,0.0936658,0.205802,0.205802,0.205802,0.083308,0.0246995,0.0140576,0.223832,0.0555065,0.113123,0.135065,0.363916,0.132862,0.1293,0.113853,0.332193,0.059987,0.059987,0.070197,0.070197,0.0663841,0.059987,0.0892963,0.0578502,0.110812,0.010054,0.010054,
0.31,0.0975638,0.0314119,0.157163,0.0844179,0.0991541,0.175049,0.224131,0.224131,0.274085,0.316945,0.114464,0.0459623,0.0109391,0.00941114,0.346669,0.346669,0.346669,0.0138496,0.0275996,0.0829255,0.0806378,0.032245,0.0763089,0.0418281,0.190346,0.178665,0.12111,0.0966865,0.226446,0.034301,0.034301,0.224131,0.224131,0.0263454,0.034301,0.334451,0.034785,0.108364,0.131783,0.131783,0.157444,0.0974341,0.0787201,0.0605091,0.0584213,0.128762,0.071365,0.071365,0.0989029,0.238466,0.115463,0.124557,0.110564,0.101332,0.217557,0.217557,0.217557,0.0861498,0.0253083,0.0146228,0.251221,0.0576189,0.121307,0.112337,0.397068,0.143036,0.132128,0.121846,0.347273,0.051861,0.051861,0.071365,0.071365,0.0706098,0.051861,0.0915384,0.0636367,0.115074,0.01006,0.01006,
0.315,0.100465,0.0359541,0.157069,0.0920355,0.0987942,0.179415,0.219888,0.219888,0.280592,0.335528,0.123182,0.0485681,0.0158202,0.0138448,0.397655,0.397655,0.397655,0.0144071,0.0188016,0.0667562,0.088863,0.0331294,0.0608553,0.0419115,0.218074,0.182406,0.123698,0.0932899,0.252673,0.03383,0.03383,0.219888,0.219888,0.0358608,0.03383,0.363603,0.0357442,0.113837,0.138584,0.138584,0.147325,0.0679512,0.0806775,0.0612959,0.0435919,0.112941,0.073044,0.073044,0.102724,0.259377,0.121453,0.136401,0.116272,0.109551,0.228399,0.228399,0.228399,0.0882794,0.0256438,0.0147231,0.277752,0.0595603,0.130606,0.0958403,0.440266,0.153685,0.135782,0.129945,0.374257,0.044268,0.044268,0.073044,0.073044,0.0751754,0.044268,0.0957398,0.0692652,0.118779,0.010196,0.010196,
0.32,0.101963,0.0407308,0.15944,0.103166,0.0992501,0.178012,0.214981,0.214981,0.276952,0.346075,0.140614,0.058058,0.025004,0.0224503,0.44863,0.44863,0.44863,0.0180805,0.01433,0.0535113,0.104969,0.0432635,0.0597144,0.0420415,0.253983,0.199686,0.135221,0.0953314,0.284919,0.032838,0.032838,0.214981,0.214981,0.049078,0.032838,0.38162,0.0438507,0.123674,0.143153,0.143153,0.144944,0.0477794,0.0850465,0.0629797,0.0352506,0.109251,0.075153,0.075153,0.107749,0.287033,0.130394,0.150899,0.122993,0.120435,0.237994,0.237994,0.237994,0.0876383,0.0279611,0.0157393,0.297009,0.0638404,0.14364,0.0878856,0.489792,0.167514,0.142406,0.137981,0.411923,0.037499,0.037499,0.075153,0.075153,0.0812596,0.037499,0.102987,0.0783781,0.127185,0.010423,0.010423,
0.325,0.10447,0.0456976,0.164301,0.113841,0.102257,0.177063,0.210028,0.210028,0.271721,0.353184,0.160858,0.0704544,0.0369438,0.0345493,0.496542,0.496542,0.496542,0.0226221,0.0123151,0.0429903,0.120941,0.0536014,0.0614981,0.0438033,0.285034,0.222121,0.150981,0.0979478,0.313136,0.031348,0.031348,0.210028,0.210028,0.0639309,0.031348,0.394661,0.0558371,0.133636,0.144885,0.144885,0.148677,0.0352506,0.090134,0.0648496,0.030716,0.113537,0.07755,0.07755,0.113,0.311946,0.139074,0.164116,0.129587,0.130998,0.246038,0.246038,0.246038,0.0864804,0.0301515,0.0166372,0.312388,0.0676072,0.15626,0.0850665,0.538969,0.180334,0.149073,0.145277,0.453433,0.031706,0.031706,0.07755,0.07755,0.0870662,0.031706,0.110668,0.0870078,0.134898,0.010692,0.010692,
0.33,0.108372,0.0511663,0.17343,0.125588,0.109616,0.176225,0.205492,0.205492,0.261935,0.354167,0.184901,0.0858578,0.0512056,0.0504912,0.538144,0.538144,0.538144,0.0282387,0.0136796,0.0366398,0.138623,0.065187,0.0696488,0.0480318,0.314985,0.253585,0.172665,0.103056,0.341541,0.029421,0.029421,0.205492,0.205492,0.0792068,0.029421,0.398784,0.0718803,0.145485,0.143369,0.143369,0.164785,0.0352649,0.097702,0.0672277,0.0329643,0.133518,0.080067,0.080067,0.119417,0.338421,0.149004,0.177223,0.137106,0.142601,0.252224,0.252224,0.252224,0.0835293,0.0325301,0.0173021,0.321205,0.0718963,0.17015,0.0915615,0.592137,0.193953,0.15768,0.152989,0.503957,0.026922,0.026922,0.080067,0.080067,0.0932837,0.026922,0.119841,0.096849,0.143843,0.010961,0.010961,
0.335,0.106891,0.0500062,0.180072,0.136694,0.11355,0.167628,0.20167,0.20167,0.247381,0.348057,0.178399,0.0746868,0.0355885,0.0367812,0.570737,0.570737,0.570737,0.0270319,0.00843314,0.0320633,0.141272,0.0608972,0.0682479,0.0422212,0.328916,0.261014,0.169658,0.107518,0.354602,0.027131,0.027131,0.20167,0.20167,0.0645815,0.027131,0.395258,0.0569571,0.154326,0.138408,0.138408,0.182842,0.042476,0.104587,0.0654822,0.039939,0.15244,0.082542,0.082542,0.122447,0.361015,0.153628,0.183964,0.141057,0.150632,0.256271,0.256271,0.256271,0.0758819,0.0316371,0.0132053,0.322204,0.0756215,0.177744,0.103584,0.634033,0.204685,0.165147,0.158067,0.538746,0.023087,0.023087,0.082542,0.082542,0.0947655,0.023087,0.126413,0.102821,0.148339,0.011197,0.011197,
0.34,0.108495,0.0535778,0.187426,0.145633,0.120159,0.162181,0.198773,0.198773,0.230566,0.338075,0.196919,0.0873072,0.0467775,0.0501716,0.59266,0.59266,0.59266,0.0318571,0.0120994,0.0298413,0.154598,0.0726229,0.081683,0.0461135,0.348912,0.287371,0.188132,0.113325,0.372311,0.02457,0.02457,0.198773,0.198773,0.0752498,0.02457,0.385772,0.0709994,0.163107,0.130057,0.130057,0.199832,0.0499117,0.110271,0.0668332,0.0458355,0.175405,0.084858,0.084858,0.126353,0.377199,0.160541,0.191997,0.145508,0.158919,0.258078,0.258078,0.258078,0.0704641,0.0338678,0.0138459,0.319618,0.0784739,0.187166,0.113585,0.670686,0.213558,0.171075,0.162307,0.577962,0.020085,0.020085,0.084858,0.084858,0.0986323,0.020085,0.132851,0.110336,0.155788,0.01138,0.01138,
0.345,0.102479,0.0538983,0.192801,0.15958,0.117269,0.144962,0.196869,0.196869,0.204813,0.325105,0.224371,0.106596,0.0561165,0.0562079,0.603325,0.603325,0.603325,0.0422105,0.0187223,0.0301261,0.185257,0.0950681,0.111758,0.0388105,0.383923,0.333376,0.212333,0.126463,0.40227,0.021838,0.021838,0.196869,0.196869,0.085306,0.021838,0.363347,0.0866442,0.180893,0.118666,0.118666,0.220595,0.0690665,0.120957,0.0686634,0.0626407,0.206598,0.086937,0.086937,0.131578,0.418042,0.170783,0.205324,0.150271,0.169079,0.257864,0.257864,0.257864,0.0637129,0.0384567,0.0140198,0.306908,0.0889974,0.203662,0.136437,0.702146,0.228692,0.183005,0.162589,0.613911,0.017768,0.017768,0.086937,0.086937,0.104911,0.017768,0.146575,0.123502,0.167644,0.011502,0.011502,
0.35,0.0929925,0.0526307,0.189734,0.164932,0.109937,0.123568,0.195752,0.195752,0.173291,0.299398,0.243819,0.123742,0.0659516,0.062502,0.602933,0.602933,0.602933,0.0500974,0.0291663,0.0354196,0.207907,0.118802,0.146958,0.0325786,0.40781,0.360886,0.227743,0.137089,0.418788,0.019055,0.019055,0.195752,0.195752,0.0945877,0.019055,0.325954,0.102767,0.189482,0.104926,0.104926,0.230874,0.0879048,0.125153,0.0690299,0.0766554,0.225633,0.088717,0.088717,0.132233,0.437322,0.17552,0.209498,0.149584,0.171402,0.25612,0.25612,0.25612,0.0556893,0.0430912,0.0162782,0.281061,0.095441,0.210728,0.153294,0.699766,0.233196,0.187439,0.158458,0.620144,0.015983,0.015983,0.088717,0.088717,0.107631,0.015983,0.151994,0.131251,0.176876,0.011567,0.011567,
0.355,0.085571,0.0518349,0.184697,0.169047,0.104192,0.108147,0.194898,0.194898,0.146328,0.276447,0.252989,0.131133,0.0703831,0.0663521,0.592148,0.592148,0.592148,0.0553508,0.0302339,0.031113,0.223266,0.130981,0.160547,0.029245,0.420956,0.380027,0.235708,0.141119,0.42956,0.016364,0.016364,0.194898,0.194898,0.0968587,0.016364,0.294799,0.108628,0.195078,0.089861,0.089861,0.235803,0.092715,0.128317,0.0680772,0.083541,0.241962,0.090188,0.090188,0.130051,0.451992,0.176387,0.212257,0.147174,0.17286,0.25333,0.25333,0.25333,0.0481086,0.0449717,0.0158843,0.258703,0.100182,0.21528,0.159824,0.688574,0.235931,0.188932,0.15239,0.615633,0.014591,0.014591,0.090188,0.090188,0.108287,0.014591,0.155316,0.137692,0.179127,0.011586,0.011586,
0.36,0.0834346,0.0509391,0.184222,0.170584,0.101868,0.106898,0.193506,0.193506,0.142989,0.271397,0.259395,0.136525,0.073245,0.0688584,0.571909,0.571909,0.571909,0.0597591,0.0322403,0.0344091,0.234387,0.141249,0.174367,0.0306962,0.423798,0.396771,0.243994,0.148017,0.434681,0.013916,0.013916,0.193506,0.193506,0.0961805,0.013916,0.280211,0.112857,0.199796,0.074661,0.074661,0.238764,0.100763,0.131136,0.0705081,0.0916804,0.257453,0.091414,0.091414,0.12898,0.460652,0.177765,0.214769,0.14629,0.173599,0.249716,0.249716,0.249716,0.0486705,0.0475909,0.0167875,0.244454,0.105635,0.218744,0.166851,0.659675,0.238218,0.192326,0.147112,0.597068,0.013483,0.013483,0.091414,0.091414,0.109506,0.013483,0.158472,0.142575,0.182229,0.011583,0.011583,
0.365,0.081125,0.0496606,0.180015,0.166499,0.0980043,0.106673,0.190682,0.190682,0.142955,0.266952,0.258591,0.138014,0.0742892,0.0687687,0.543427,0.543427,0.543427,0.0604004,0.0353072,0.039689,0.236575,0.144404,0.181641,0.0306583,0.421163,0.395936,0.242549,0.149449,0.433201,0.011827,0.011827,0.190682,0.190682,0.0951698,0.011827,0.268742,0.114396,0.197983,0.060403,0.060403,0.237071,0.106714,0.130365,0.0710851,0.0950594,0.258936,0.092506,0.092506,0.127301,0.458483,0.176232,0.211819,0.144014,0.169681,0.245263,0.245263,0.245263,0.0497325,0.0484211,0.0179057,0.232941,0.106928,0.216425,0.16872,0.629937,0.234604,0.191293,0.143252,0.572749,0.012578,0.012578,0.092506,0.092506,0.108866,0.012578,0.156493,0.14221,0.18203,0.011579,0.011579,
0.37,0.0753275,0.0477384,0.171082,0.160227,0.0910272,0.0982556,0.185717,0.185717,0.130714,0.250729,0.256669,0.140262,0.0769743,0.0699063,0.508429,0.508429,0.508429,0.0607992,0.0384014,0.0413173,0.23633,0.146458,0.186179,0.027898,0.414371,0.390009,0.238434,0.146558,0.424621,0.010155,0.010155,0.185717,0.185717,0.0965687,0.010155,0.246725,0.117358,0.192717,0.047822,0.047822,0.231374,0.109626,0.126962,0.0689362,0.095921,0.254481,0.093552,0.093552,0.123094,0.448822,0.171235,0.204879,0.138509,0.162859,0.239897,0.239897,0.239897,0.0467773,0.0481023,0.0184268,0.215243,0.10534,0.210446,0.167386,0.599504,0.226458,0.185509,0.136529,0.547391,0.011825,0.011825,0.093552,0.093552,0.106045,0.011825,0.151854,0.139243,0.177885,0.011593,0.011593,
0.375,0.0686649,0.0454572,0.161928,0.154378,0.0830736,0.0893561,0.178206,0.178206,0.117445,0.233241,0.256025,0.143465,0.0793727,0.0702681,0.469323,0.469323,0.469323,0.0619762,0.0428168,0.0452908,0.239774,0.150841,0.195694,0.0245579,0.41155,0.388007,0.235298,0.14592,0.420593,0.008903,0.008903,0.178206,0.178206,0.0968991,0.008903,0.219925,0.120667,0.189126,0.037285,0.037285,0.228875,0.117314,0.125053,0.0673779,0.100093,0.255118,0.094568,0.094568,0.119375,0.444702,0.167357,0.198868,0.133377,0.156199,0.233638,0.233638,0.233638,0.0437743,0.0484602,0.0191735,0.19319,0.105732,0.205925,0.169747,0.563484,0.219494,0.181513,0.129438,0.517951,0.011203,0.011203,0.094568,0.094568,0.103951,0.011203,0.148211,0.13796,0.175476,0.011632,0.011632,
0.38,0.0612799,0.0427409,0.14853,0.145547,0.0724566,0.0808138,0.168076,0.168076,0.107291,0.218059,0.249169,0.14247,0.079664,0.0681544,0.428826,0.428826,0.428826,0.0610838,0.0443374,0.0458662,0.237319,0.151511,0.197007,0.0205034,0.403335,0.373272,0.225016,0.141171,0.410365,0.008035,0.008035,0.168076,0.168076,0.0962229,0.008035,0.19882,0.119949,0.181137,0.028878,0.028878,0.215122,0.114046,0.119487,0.0646984,0.0972983,0.241043,0.095476,0.095476,0.113552,0.431679,0.160512,0.190158,0.12624,0.146952,0.226701,0.226701,0.226701,0.0417436,0.0478987,0.0199761,0.175162,0.103633,0.197482,0.162573,0.520326,0.208892,0.173556,0.121328,0.478048,0.010706,0.010706,0.095476,0.095476,0.10021,0.010706,0.141119,0.133588,0.169912,0.011684,0.011684,
0.385,0.0606462,0.0429111,0.142869,0.136978,0.0729829,0.0808761,0.155589,0.155589,0.0985826,0.200123,0.245317,0.143286,0.0853381,0.0764789,0.389314,0.389314,0.389314,0.0599543,0.0467249,0.0478255,0.230818,0.147992,0.194651,0.026192,0.386319,0.366171,0.222608,0.13574,0.396161,0.007491,0.007491,0.155589,0.155589,0.0974373,0.007491,0.176251,0.124369,0.172916,0.022487,0.022487,0.215785,0.118556,0.115893,0.0630299,0.0974784,0.246072,0.096127,0.096127,0.108836,0.412344,0.154112,0.180684,0.120766,0.139515,0.219436,0.219436,0.219436,0.0391985,0.0463109,0.0201534,0.156108,0.0994635,0.1891,0.160317,0.485564,0.198065,0.166213,0.115252,0.452717,0.010326,0.010326,0.096127,0.096127,0.0964189,0.010326,0.134121,0.129286,0.162968,0.011723,0.011723,
0.39,0.0552012,0.0407077,0.131264,0.125896,0.0652504,0.0735885,0.141279,0.141279,0.0899501,0.184905,0.238175,0.143212,0.088119,0.0774805,0.35241,0.35241,0.35241,0.057922,0.0494941,0.0488447,0.221665,0.144102,0.191014,0.0232362,0.368532,0.346726,0.212477,0.12732,0.375734,0.007201,0.007201,0.141279,0.141279,0.100095,0.007201,0.158954,0.12637,0.161526,0.017887,0.017887,0.202539,0.11612,0.108335,0.0593153,0.092816,0.228193,0.096371,0.096371,0.102944,0.388213,0.145265,0.168547,0.113071,0.128708,0.212183,0.212183,0.212183,0.0371701,0.0443426,0.0206808,0.142116,0.0934141,0.177303,0.152256,0.451825,0.183909,0.155236,0.107873,0.421964,0.010048,0.010048,0.096371,0.096371,0.0912894,0.010048,0.125152,0.120951,0.154069,0.011719,0.011719,
0.395,0.0513864,0.0392682,0.121267,0.114712,0.0599663,0.0680844,0.125883,0.125883,0.0820475,0.169712,0.232011,0.143969,0.0928353,0.0814787,0.318998,0.318998,0.318998,0.0558238,0.0523192,0.0494906,0.210811,0.13946,0.185831,0.0225757,0.347813,0.327942,0.204282,0.118235,0.352878,0.007094,0.007094,0.125883,0.125883,0.104328,0.007094,0.143174,0.130192,0.149543,0.0148,0.0148,0.190452,0.113372,0.100491,0.0557468,0.0875092,0.211891,0.096126,0.096126,0.0970982,0.360506,0.136213,0.156031,0.105563,0.118243,0.205132,0.205132,0.205132,0.0352255,0.042142,0.0212428,0.129548,0.0862749,0.165066,0.143721,0.421323,0.169273,0.143714,0.100939,0.395461,0.009849,0.009849,0.096126,0.096126,0.085981,0.009849,0.115887,0.112072,0.144551,0.011648,0.011648,
0.4,0.0481783,0.037517,0.112524,0.104288,0.0558816,0.0633273,0.110269,0.110269,0.0753064,0.155777,0.222666,0.141382,0.0942466,0.0828202,0.289486,0.289486,0.289486,0.0529508,0.0533022,0.0490444,0.197583,0.131817,0.176919,0.021743,0.324129,0.307678,0.194361,0.108724,0.327801,0.007103,0.007103,0.110269,0.110269,0.105248,0.007103,0.12996,0.130239,0.137699,0.012945,0.012945,0.179282,0.110075,0.0929169,0.0518726,0.0821242,0.196568,0.095376,0.095376,0.091155,0.332376,0.126767,0.14351,0.0981846,0.108329,0.198305,0.198305,0.198305,0.0330969,0.0393194,0.0209114,0.118881,0.0788746,0.152671,0.135351,0.39401,0.155123,0.132405,0.0942504,0.371397,0.009707,0.009707,0.095376,0.095376,0.0802615,0.009707,0.106933,0.10289,0.13413,0.011488,0.011488,
0.405,0.0452057,0.0358046,0.104138,0.0937831,0.052065,0.0586977,0.095347,0.095347,0.0692997,0.142866,0.21279,0.138331,0.0951174,0.0834402,0.263959,0.263959,0.263959,0.0495286,0.0546755,0.0491977,0.183364,0.12331,0.167697,0.0204278,0.301178,0.285573,0.183478,0.0989254,0.302999,0.007173,0.007173,0.095347,0.095347,0.106184,0.007173,0.118601,0.129903,0.125568,0.012076,0.012076,0.168615,0.107218,0.0852451,0.0478319,0.0764261,0.17972,0.094145,0.094145,0.085731,0.304106,0.117578,0.130864,0.0912301,0.0984261,0.191664,0.191664,0.191664,0.0310032,0.0363251,0.020606,0.110026,0.07104,0.140124,0.127157,0.371248,0.141002,0.121144,0.088645,0.350418,0.009598,0.009598,0.094145,0.094145,0.0746146,0.009598,0.0977839,0.0932437,0.123971,0.011227,0.011227,
0.41,0.0445762,0.0352956,0.0994507,0.0859773,0.0521962,0.0576923,0.081936,0.081936,0.0637721,0.130167,0.206254,0.136563,0.0974805,0.0875236,0.242203,0.242203,0.242203,0.0473734,0.0556717,0.0496389,0.172943,0.117005,0.161084,0.0232342,0.281404,0.273162,0.178259,0.0922055,0.284082,0.007268,0.007268,0.081936,0.081936,0.10649,0.007268,0.105689,0.131084,0.116773,0.012,0.012,0.165108,0.107759,0.0803985,0.0454025,0.073953,0.175914,0.092469,0.092469,0.0813399,0.281868,0.110683,0.121279,0.0860152,0.0914382,0.185222,0.185222,0.185222,0.0290184,0.0341097,0.0202549,0.0993491,0.0653956,0.130957,0.122747,0.348948,0.130362,0.113089,0.0838035,0.333357,0.009507,0.009507,0.092469,0.092469,0.0703389,0.009507,0.0909764,0.0869595,0.116135,0.01086,0.01086,
0.415,0.0407864,0.0320114,0.0950112,0.0780672,0.0484389,0.0510314,0.07064,0.07064,0.0590904,0.119699,0.197577,0.133832,0.0942102,0.0823382,0.223768,0.223768,0.223768,0.0447593,0.060986,0.0571171,0.161925,0.112055,0.163541,0.0184345,0.262847,0.256525,0.169215,0.0883801,0.262388,0.007371,0.007371,0.07064,0.07064,0.104002,0.007371,0.0938083,0.129653,0.108554,0.012587,0.012587,0.161944,0.117899,0.0752837,0.0424205,0.0760392,0.16579,0.090398,0.090398,0.0783681,0.261138,0.104464,0.110539,0.0810634,0.0832646,0.179063,0.179063,0.179063,0.0272476,0.0324026,0.0202244,0.0898121,0.0601956,0.121119,0.125404,0.332925,0.119651,0.106215,0.0798692,0.319786,0.009427,0.009427,0.090398,0.090398,0.0660391,0.009427,0.0849901,0.0788118,0.110619,0.010389,0.010389,
0.42,0.0402181,0.0317402,0.091838,0.0733943,0.0479822,0.0498697,0.061698,0.061698,0.056251,0.11318,0.193825,0.133033,0.0958061,0.0845413,0.208104,0.208104,0.208104,0.0432642,0.0620308,0.0576412,0.155402,0.109426,0.160797,0.019742,0.252677,0.247105,0.165572,0.0846084,0.251568,0.007479,0.007479,0.061698,0.061698,0.105099,0.007479,0.0882122,0.130754,0.102966,0.01377,0.01377,0.157641,0.11658,0.0716983,0.0410303,0.073371,0.159778,0.088028,0.088028,0.0759229,0.246928,0.100656,0.104979,0.0781201,0.0791714,0.173314,0.173314,0.173314,0.0262951,0.031399,0.0205362,0.0853779,0.056521,0.1155,0.121459,0.321928,0.11331,0.101194,0.0776826,0.310668,0.009359,0.009359,0.088028,0.088028,0.0636353,0.009359,0.0805649,0.0747878,0.10682,0.009825,0.009825,
0.425,0.0385378,0.0310276,0.0880697,0.0690964,0.0459832,0.0479096,0.055006,0.055006,0.0525259,0.106198,0.190892,0.132709,0.0965276,0.084998,0.194626,0.194626,0.194626,0.0422706,0.0638255,0.0595804,0.152277,0.107405,0.160567,0.019228,0.246882,0.240678,0.161754,0.0819351,0.245618,0.007603,0.007603,0.055006,0.055006,0.105091,0.007603,0.0791067,0.131356,0.0989648,0.015533,0.015533,0.15649,0.119294,0.0697281,0.0397543,0.0734015,0.157244,0.085528,0.085528,0.0741627,0.239509,0.0977777,0.100308,0.0756251,0.0750734,0.168092,0.168092,0.168092,0.0251943,0.0305829,0.0206352,0.0779436,0.0546203,0.111351,0.120812,0.308731,0.108185,0.0978007,0.0754166,0.299221,0.009304,0.009304,0.085528,0.085528,0.0619012,0.009304,0.0772405,0.0721016,0.10394,0.00919,0.00919,
0.43,0.0368477,0.0298666,0.0837162,0.0643169,0.0439884,0.0452308,0.050245,0.050245,0.0492372,0.0992848,0.18471,0.129969,0.0959271,0.0847325,0.182752,0.182752,0.182752,0.0408157,0.0631183,0.0582759,0.144679,0.103925,0.155459,0.0191966,0.232736,0.229742,0.156422,0.0775602,0.230709,0.007763,0.007763,0.050245,0.050245,0.104105,0.007763,0.0733804,0.12981,0.0929421,0.017885,0.017885,0.148498,0.115255,0.0653635,0.0378875,0.0699655,0.148653,0.083144,0.083144,0.0704223,0.22332,0.0925392,0.0940576,0.071437,0.0703911,0.163405,0.163405,0.163405,0.0241362,0.029313,0.0203939,0.0729597,0.0508493,0.104784,0.115213,0.292412,0.10108,0.0917852,0.0712686,0.285197,0.009259,0.009259,0.083144,0.083144,0.0586578,0.009259,0.0726799,0.0674624,0.0985333,0.008506,0.008506,
0.435,0.0353359,0.0308746,0.0790204,0.0641046,0.0406048,0.0450055,0.046984,0.046984,0.0461165,0.0968152,0.188741,0.133387,0.100591,0.0892252,0.171953,0.171953,0.171953,0.0424792,0.0616651,0.0544481,0.151626,0.10872,0.156246,0.020699,0.241268,0.233977,0.158202,0.0774585,0.240122,0.007974,0.007974,0.046984,0.046984,0.10752,0.007974,0.067814,0.132981,0.0937848,0.020818,0.020818,0.143674,0.107961,0.0656645,0.0385366,0.0674124,0.148314,0.081169,0.081169,0.0693178,0.229603,0.0930219,0.096127,0.0707566,0.0703375,0.159116,0.159116,0.159116,0.0242378,0.0303227,0.0212603,0.0680288,0.0530585,0.106616,0.109944,0.278035,0.101849,0.0917677,0.0693257,0.271834,0.009216,0.009216,0.081169,0.081169,0.0596142,0.009216,0.072534,0.0704634,0.0992971,0.007799,0.007799,
0.44,0.0350872,0.0286372,0.0789088,0.0580965,0.0419667,0.0422289,0.044748,0.044748,0.0455346,0.0906491,0.178994,0.128557,0.0970426,0.0861424,0.161777,0.161777,0.161777,0.039421,0.0637924,0.0582644,0.135819,0.101107,0.151838,0.0197856,0.215323,0.217568,0.151599,0.0728126,0.212073,0.008244,0.008244,0.044748,0.044748,0.104674,0.008244,0.0657796,0.130361,0.0854809,0.024239,0.024239,0.139426,0.112273,0.0599075,0.0359435,0.0665213,0.138799,0.079836,0.079836,0.0661238,0.20233,0.0864112,0.0861827,0.0664441,0.0645077,0.154967,0.154967,0.154967,0.023158,0.0280973,0.0206139,0.0663878,0.0460897,0.096663,0.109414,0.2721,0.0920422,0.0844507,0.066321,0.268771,0.009173,0.009173,0.079836,0.079836,0.0548615,0.009173,0.0670432,0.0616212,0.0924963,0.007086,0.007086,
0.445,0.0386514,0.028956,0.0877988,0.0625671,0.0494185,0.0471803,0.043064,0.043064,0.0469201,0.0897311,0.182898,0.12971,0.0963849,0.0884919,0.151818,0.151818,0.151818,0.0419764,0.0650493,0.0631764,0.140461,0.104194,0.160354,0.0252225,0.212191,0.236321,0.162038,0.0801543,0.213814,0.00857,0.00857,0.043064,0.043064,0.0999109,0.00857,0.0598093,0.131434,0.0916325,0.027947,0.027947,0.155763,0.127697,0.0651738,0.0387074,0.0776136,0.166612,0.07927,0.07927,0.0676634,0.209464,0.0894101,0.0895501,0.0687017,0.0687113,0.150651,0.150651,0.150651,0.0233532,0.0293376,0.0199109,0.0597416,0.0499523,0.101292,0.122956,0.268428,0.0970266,0.0904213,0.0658017,0.274944,0.00913,0.00913,0.07927,0.07927,0.0563077,0.00913,0.0719697,0.066106,0.0957536,0.006378,0.006378,
0.45,0.0338527,0.0261762,0.078045,0.0535528,0.0420653,0.0396002,0.041522,0.041522,0.0430613,0.0820824,0.172063,0.125488,0.0945576,0.0845193,0.141721,0.141721,0.141721,0.0388822,0.0645806,0.0608168,0.126663,0.0978425,0.150868,0.0202317,0.190923,0.211387,0.149279,0.0710292,0.188003,0.008936,0.008936,0.041522,0.041522,0.10048,0.008936,0.0563558,0.128439,0.080222,0.031663,0.031663,0.135878,0.117277,0.0561037,0.0345875,0.0687945,0.138707,0.079498,0.079498,0.0618241,0.181704,0.0802455,0.0784206,0.0614891,0.0596082,0.145874,0.145874,0.145874,0.0223003,0.0269712,0.0198464,0.0572094,0.0425534,0.0892195,0.110633,0.248673,0.0841748,0.0790177,0.0597826,0.253669,0.009097,0.009097,0.079498,0.079498,0.0507436,0.009097,0.0636466,0.0562372,0.0863545,0.005689,0.005689,
0.455,0.0439248,0.0293694,0.0917025,0.0511078,0.0599816,0.049215,0.039821,0.039821,0.0448235,0.0761272,0.174977,0.129005,0.102413,0.0987434,0.131256,0.131256,0.131256,0.0369154,0.0710547,0.0688569,0.112441,0.0885958,0.148176,0.032006,0.167773,0.214565,0.159213,0.068315,0.168347,0.00931,0.00931,0.039821,0.039821,0.105462,0.00931,0.0555909,0.138497,0.075987,0.035088,0.035088,0.159185,0.137515,0.056352,0.0345581,0.0746971,0.160522,0.080455,0.080455,0.0640563,0.15888,0.0790507,0.0720792,0.0632335,0.0596047,0.140427,0.140427,0.140427,0.0207921,0.0244359,0.0191553,0.0584029,0.0349885,0.0846208,0.122239,0.2746,0.0791966,0.0769596,0.064144,0.28789,0.009092,0.009092,0.080455,0.080455,0.0489159,0.009092,0.0616069,0.050699,0.082629,0.005039,0.005039,
0.46,0.0383741,0.0270289,0.0808627,0.045238,0.0508271,0.0424012,0.037783,0.037783,0.0408387,0.0701727,0.167557,0.126072,0.101225,0.0955339,0.120368,0.120368,0.120368,0.0360819,0.0682556,0.0638522,0.107188,0.0888562,0.142872,0.0284691,0.156372,0.198628,0.150057,0.0632118,0.153861,0.009648,0.009648,0.037783,0.037783,0.105223,0.009648,0.0505669,0.135375,0.0688438,0.037959,0.037959,0.137043,0.122314,0.0493996,0.0323208,0.0663654,0.137766,0.081995,0.081995,0.0580629,0.142341,0.072315,0.0659066,0.0568274,0.0532759,0.134195,0.134195,0.134195,0.0205944,0.0239784,0.0197127,0.0532858,0.0319878,0.0770708,0.108487,0.243717,0.0708983,0.0688347,0.0569116,0.257373,0.009146,0.009146,0.081995,0.081995,0.0452315,0.009146,0.0558742,0.0459272,0.0767684,0.004461,0.004461,
0.465,0.0450498,0.0287471,0.0924699,0.0467018,0.0626773,0.0492842,0.035354,0.035354,0.0444777,0.0695899,0.173832,0.131057,0.106711,0.104783,0.109162,0.109162,0.109162,0.0373255,0.0733741,0.0713229,0.103875,0.0896373,0.149939,0.0368478,0.144541,0.211016,0.162607,0.0671696,0.144733,0.009906,0.009906,0.035354,0.035354,0.108038,0.009906,0.0506102,0.143653,0.0703678,0.040046,0.040046,0.153329,0.138875,0.0514715,0.0344622,0.0744143,0.158865,0.083887,0.083887,0.0602185,0.13355,0.0739488,0.0653239,0.0590868,0.0558974,0.12718,0.12718,0.12718,0.0211795,0.0243511,0.0200431,0.0531158,0.0304404,0.0776155,0.120381,0.255037,0.0714379,0.0710818,0.0588634,0.278125,0.009296,0.009296,0.083887,0.083887,0.0455584,0.009296,0.0578532,0.0454955,0.0781627,0.004005,0.004005,
0.47,0.0435133,0.0277002,0.0891098,0.0427881,0.0614039,0.0458471,0.03259,0.03259,0.0401093,0.0615386,0.170005,0.130364,0.107968,0.106743,0.097867,0.097867,0.097867,0.0369853,0.0735003,0.0705265,0.0973646,0.0902576,0.149355,0.0383821,0.129488,0.203318,0.160808,0.0648993,0.128176,0.010052,0.010052,0.03259,0.03259,0.108528,0.010052,0.0439193,0.144678,0.0650043,0.041155,0.041155,0.143989,0.134712,0.0466747,0.0333596,0.0715897,0.151752,0.085886,0.085886,0.0560633,0.114839,0.0690557,0.0596346,0.0546996,0.0520595,0.119522,0.119522,0.119522,0.0201596,0.0240905,0.0205637,0.0472059,0.0269104,0.0713989,0.115058,0.23618,0.0646793,0.06521,0.0539053,0.264354,0.009584,0.009584,0.085886,0.085886,0.0424432,0.009584,0.0537311,0.0414509,0.0741264,0.00374,0.00374,
0.475,0.0445321,0.0272172,0.0911951,0.0407953,0.0640657,0.0460881,0.029637,0.029637,0.0398925,0.0576481,0.169449,0.131365,0.109455,0.10928,0.086822,0.086822,0.086822,0.0370917,0.0760413,0.0741746,0.09267,0.0904815,0.152534,0.0408646,0.117092,0.202769,0.163204,0.0653506,0.115782,0.010064,0.010064,0.029637,0.029637,0.108909,0.010064,0.0401129,0.147382,0.0626496,0.041161,0.041161,0.145154,0.140477,0.044951,0.0334459,0.0739524,0.154814,0.087779,0.087779,0.0548044,0.102425,0.0669774,0.0559845,0.053117,0.0503841,0.111463,0.111463,0.111463,0.0201024,0.0240418,0.0209131,0.0435562,0.0247052,0.0680373,0.117785,0.228899,0.0610267,0.0630857,0.0518817,0.262842,0.010055,0.010055,0.087779,0.087779,0.0408545,0.010055,0.0522731,0.0387877,0.0725109,0.003758,0.003758,
0.48,0.0452486,0.0285055,0.0896606,0.0397153,0.0655385,0.0466471,0.026689,0.026689,0.0354246,0.0515668,0.170589,0.13281,0.113847,0.115756,0.076417,0.076417,0.076417,0.0374464,0.0747896,0.0707325,0.0920437,0.0913506,0.149896,0.0453174,0.114071,0.20342,0.165327,0.0635174,0.113777,0.009932,0.009932,0.026689,0.026689,0.111529,0.009932,0.0345772,0.150483,0.0608325,0.040022,0.040022,0.143186,0.135375,0.0437409,0.0333168,0.0712323,0.156979,0.089384,0.089384,0.052915,0.0966021,0.0654786,0.0548707,0.0516594,0.0498458,0.103301,0.103301,0.103301,0.0188708,0.0239362,0.0211819,0.0393088,0.0234656,0.0667063,0.113229,0.2208,0.0590012,0.0607187,0.0500833,0.257953,0.010747,0.010747,0.089384,0.089384,0.0400817,0.010747,0.0504742,0.0388991,0.0707875,0.004174,0.004174,
0.485,0.0442812,0.0282338,0.0874824,0.0379119,0.0637429,0.045977,0.023934,0.023934,0.0349691,0.0500257,0.170578,0.133792,0.115076,0.116383,0.066985,0.066985,0.066985,0.0375034,0.0757132,0.0715558,0.092136,0.0921697,0.151076,0.0449913,0.113176,0.201461,0.16438,0.0629173,0.11257,0.009652,0.009652,0.023934,0.023934,0.112611,0.009652,0.0317482,0.1517,0.059454,0.037787,0.037787,0.140673,0.135165,0.0427585,0.0331661,0.070778,0.154206,0.090613,0.090613,0.0521748,0.09434,0.0645777,0.0534951,0.0506437,0.0481811,0.095317,0.095317,0.095317,0.0191244,0.0240439,0.021662,0.0366859,0.0231753,0.0653799,0.112024,0.212757,0.057146,0.0594803,0.0488887,0.25071,0.011682,0.011682,0.090613,0.090613,0.0396809,0.011682,0.0492644,0.0381474,0.0701777,0.005119,0.005119,
0.49,0.0406355,0.0272146,0.07996,0.0350602,0.057048,0.0425735,0.021546,0.021546,0.0330574,0.0480481,0.167575,0.13269,0.114868,0.114538,0.058729,0.058729,0.058729,0.0374152,0.0732708,0.0673872,0.0923837,0.0929922,0.147426,0.0424176,0.112301,0.19413,0.158975,0.0600133,0.110497,0.009234,0.009234,0.021546,0.021546,0.112924,0.009234,0.0290462,0.149789,0.0565288,0.034606,0.034606,0.127599,0.124416,0.0397393,0.0321318,0.0654288,0.141134,0.091516,0.091516,0.049157,0.0909716,0.0616403,0.0516165,0.0475218,0.0450314,0.087734,0.087734,0.087734,0.0193794,0.0239867,0.0220007,0.0337758,0.0228713,0.0627041,0.103106,0.19387,0.0538576,0.0558642,0.0450385,0.230642,0.012849,0.012849,0.091516,0.091516,0.0384023,0.012849,0.0466638,0.0369595,0.0675159,0.006734,0.006734,
0.495,0.0362323,0.0257368,0.0730899,0.0322036,0.0506102,0.0365184,0.019677,0.019677,0.0273946,0.0420902,0.165155,0.132505,0.114641,0.11249,0.051733,0.051733,0.051733,0.0375035,0.0730158,0.0656286,0.0925539,0.0949345,0.148102,0.0389947,0.110891,0.187709,0.154358,0.058114,0.106783,0.008698,0.008698,0.019677,0.019677,0.11325,0.008698,0.0215515,0.149089,0.0536617,0.030737,0.030737,0.117728,0.119086,0.0368592,0.03078,0.0627125,0.130831,0.092231,0.092231,0.0463284,0.0865424,0.0587597,0.0487892,0.0442045,0.0415682,0.08073,0.08073,0.08073,0.0183029,0.0240717,0.0224259,0.027691,0.0222857,0.059615,0.0979703,0.177191,0.0500211,0.0522832,0.04113,0.213976,0.014206,0.014206,0.092231,0.092231,0.036895,0.014206,0.0440912,0.035412,0.065472,0.009152,0.009152,
0.5,0.0281066,0.0225102,0.0647225,0.0290048,0.0360887,0.0246347,0.018448,0.018448,0.028251,0.047143,0.172722,0.142678,0.119271,0.108265,0.046012,0.046012,0.046012,0.0404001,0.0797433,0.0698804,0.098801,0.106645,0.162768,0.026582,0.117297,0.182771,0.153323,0.0593342,0.103549,0.00808,0.00808,0.018448,0.018448,0.124044,0.00808,0.0250589,0.157269,0.052255,0.026506,0.026506,0.0971072,0.115486,0.0320299,0.0302636,0.0602853,0.10053,0.092946,0.092946,0.0458474,0.0845599,0.0579946,0.0473776,0.0416984,0.0372493,0.074491,0.074491,0.074491,0.0213035,0.0264929,0.0256168,0.0310286,0.0225571,0.0576953,0.0944114,0.169292,0.0467714,0.0494044,0.0379163,0.202073,0.01569,0.01569,0.092946,0.092946,0.0371035,0.01569,0.0436357,0.0320254,0.0673821,0.012485,0.012485,
0.505,0.0280973,0.0243465,0.0629852,0.029165,0.0343832,0.0249018,0.017944,0.017944,0.0278723,0.0482471,0.183653,0.152474,0.129772,0.117833,0.041547,0.041547,0.041547,0.0433912,0.0818313,0.0684534,0.10631,0.1153,0.168642,0.0289311,0.125638,0.190786,0.161275,0.0603276,0.110596,0.007426,0.007426,0.017944,0.017944,0.134716,0.007426,0.0252962,0.168083,0.0534324,0.02223,0.02223,0.091911,0.109989,0.0316107,0.0317621,0.0577728,0.0974981,0.093869,0.093869,0.0461642,0.0869969,0.059696,0.0499763,0.0421118,0.0381024,0.069211,0.069211,0.069211,0.0228082,0.0283532,0.0278185,0.0315864,0.0236222,0.0599991,0.0904187,0.165979,0.0477129,0.0494581,0.0374703,0.200447,0.017221,0.017221,0.093869,0.093869,0.0388043,0.017221,0.0443133,0.0340598,0.0696895,0.016798,0.016798,
0.51,0.0286557,0.0259468,0.0604771,0.0271177,0.0338668,0.0258919,0.018212,0.018212,0.0271775,0.0472037,0.188252,0.157458,0.137317,0.125569,0.038304,0.038304,0.038304,0.0440712,0.0820101,0.0653898,0.10686,0.116797,0.165858,0.0314817,0.125779,0.190386,0.163851,0.0572138,0.110311,0.006791,0.006791,0.018212,0.018212,0.142319,0.006791,0.0256786,0.174664,0.0511635,0.01817,0.01817,0.0865187,0.102816,0.0297183,0.0316614,0.0529622,0.0917402,0.095208,0.095208,0.0453028,0.0820955,0.058689,0.0491772,0.0412308,0.0369568,0.065056,0.065056,0.065056,0.0233127,0.0283252,0.0287952,0.0324899,0.0219303,0.0588337,0.0839287,0.163287,0.0454266,0.0466987,0.0367879,0.198036,0.018716,0.018716,0.095208,0.095208,0.0386648,0.018716,0.0425217,0.0331912,0.0680188,0.022098,0.022098,
0.515,0.0259701,0.0258371,0.0551219,0.0257392,0.0293972,0.0219948,0.01927,0.01927,0.0224486,0.0434536,0.189322,0.159349,0.14024,0.127571,0.036249,0.036249,0.036249,0.0449262,0.0802316,0.0603345,0.108467,0.11875,0.163029,0.030163,0.126026,0.188399,0.162869,0.0545044,0.109084,0.006226,0.006226,0.01927,0.01927,0.145719,0.006226,0.022201,0.176397,0.0494533,0.014533,0.014533,0.0771057,0.0934619,0.0275452,0.0307066,0.0484037,0.0831838,0.097207,0.097207,0.0429833,0.0795929,0.056598,0.0482975,0.0388536,0.0352882,0.062153,0.062153,0.062153,0.0225737,0.0283259,0.0290435,0.0301254,0.0213655,0.0574693,0.0767976,0.153808,0.0432545,0.0436243,0.0336773,0.188231,0.020099,0.020099,0.097207,0.097207,0.0378391,0.020099,0.0410681,0.0327167,0.0657308,0.028337,0.028337,
0.52,0.0250409,0.0265888,0.0507433,0.0256003,0.0263347,0.0220174,0.021104,0.021104,0.0223661,0.0447318,0.190069,0.159888,0.142748,0.130054,0.035332,0.035332,0.035332,0.045574,0.0764136,0.0537424,0.110635,0.121113,0.158224,0.031298,0.129088,0.186798,0.162264,0.0526785,0.112003,0.005767,0.005767,0.021104,0.021104,0.148303,0.005767,0.0249062,0.176713,0.0487262,0.011487,0.011487,0.066103,0.0792837,0.0258262,0.0308379,0.0418238,0.0746091,0.100129,0.100129,0.0410871,0.0793938,0.0557346,0.0496846,0.0376478,0.035334,0.060564,0.060564,0.060564,0.0233338,0.0287865,0.0295981,0.0318903,0.0217036,0.0576486,0.066742,0.144435,0.0431817,0.0418578,0.0318427,0.177669,0.021297,0.021297,0.100129,0.100129,0.0378644,0.021297,0.0401264,0.0337312,0.064864,0.035409,0.035409,
0.525,0.0251193,0.0278474,0.0487581,0.0276969,0.0239598,0.0239475,0.023668,0.023668,0.0264828,0.0517231,0.194857,0.162919,0.14634,0.133006,0.035472,0.035472,0.035472,0.0472341,0.0742442,0.0497727,0.116905,0.128286,0.160149,0.0330423,0.139821,0.190088,0.165249,0.0548081,0.122111,0.005441,0.005441,0.023668,0.023668,0.152428,0.005441,0.0328317,0.179216,0.05095,0.009146,0.009146,0.0563828,0.0667908,0.0255244,0.0327431,0.0367769,0.0676294,0.104181,0.104181,0.0411888,0.0853402,0.0580631,0.0545038,0.038721,0.0378249,0.060264,0.060264,0.060264,0.0258522,0.0308264,0.0313501,0.0374618,0.0241311,0.0610406,0.0589452,0.140248,0.0466997,0.0433295,0.0323008,0.171839,0.02225,0.02225,0.104181,0.104181,0.0398431,0.02225,0.041282,0.0370276,0.0684538,0.043165,0.043165,
0.53,0.0236039,0.0286138,0.0465507,0.029962,0.021533,0.0205713,0.026879,0.026879,0.0220649,0.0507189,0.199979,0.166691,0.150174,0.136338,0.036543,0.036543,0.036543,0.0491691,0.0730243,0.0452044,0.122433,0.135136,0.163058,0.0331756,0.14813,0.194383,0.16882,0.0560229,0.128228,0.005265,0.005265,0.026879,0.026879,0.156967,0.005265,0.0329597,0.182755,0.0527457,0.007574,0.007574,0.0495505,0.0577559,0.0250324,0.0332454,0.0334039,0.0633427,0.10946,0.10946,0.0406171,0.0889723,0.0592637,0.0576311,0.0386651,0.0397637,0.061151,0.061151,0.061151,0.0252777,0.0322967,0.0323945,0.0384612,0.0254033,0.0634157,0.0538571,0.141151,0.0488949,0.0434932,0.031652,0.172072,0.022918,0.022918,0.10946,0.10946,0.0408563,0.022918,0.0422626,0.0395017,0.0706703,0.051399,0.051399,
0.535,0.0221766,0.0300414,0.0429979,0.0329519,0.0178265,0.0188517,0.030642,0.030642,0.0199727,0.0531051,0.206998,0.17152,0.155558,0.141009,0.038368,0.038368,0.038368,0.0518093,0.0702827,0.0383686,0.131271,0.144411,0.165458,0.0342223,0.161701,0.200453,0.173303,0.0577474,0.140109,0.00525,0.00525,0.030642,0.030642,0.162969,0.00525,0.0362201,0.186929,0.0556059,0.006806,0.006806,0.0387301,0.042772,0.0247582,0.0346009,0.0276881,0.0567208,0.115896,0.115896,0.0400475,0.0967318,0.0614429,0.0630443,0.039087,0.0426551,0.063049,0.063049,0.063049,0.0260012,0.0344994,0.0340223,0.0413746,0.0280927,0.0675057,0.0449634,0.138074,0.0527428,0.0444452,0.0310273,0.167519,0.02329,0.02329,0.115896,0.115896,0.042825,0.02329,0.0437766,0.0437486,0.0740746,0.059808,0.059808,
0.54,0.0219581,0.0303044,0.0442083,0.0373281,0.0171236,0.0189797,0.034886,0.034886,0.0212371,0.0575661,0.2104,0.172403,0.154762,0.139923,0.040724,0.040724,0.040724,0.0536475,0.0688687,0.0370897,0.138316,0.150955,0.17113,0.0344752,0.172232,0.208364,0.177004,0.0626991,0.150531,0.005397,0.005397,0.034886,0.034886,0.162123,0.005397,0.0397344,0.186346,0.060466,0.006855,0.006855,0.037502,0.0395589,0.0268706,0.0364827,0.0285393,0.0598965,0.123269,0.123269,0.0410803,0.107549,0.0648417,0.068574,0.0409893,0.0465415,0.065707,0.065707,0.065707,0.0269389,0.0365064,0.0347266,0.04359,0.0319474,0.0724568,0.0452722,0.139059,0.0583961,0.0485124,0.0318307,0.168329,0.023389,0.023389,0.123269,0.123269,0.0450016,0.023389,0.0470921,0.0482684,0.0789475,0.06799,0.06799,
0.545,0.0220908,0.0317768,0.0419686,0.0382195,0.0150599,0.0201221,0.039587,0.039587,0.0236146,0.0621542,0.216665,0.1775,0.161083,0.145688,0.043345,0.043345,0.043345,0.0555639,0.0674909,0.0326746,0.143276,0.157456,0.171826,0.0365523,0.179014,0.211646,0.18128,0.0630732,0.156275,0.005697,0.005697,0.039587,0.039587,0.169053,0.005697,0.0458887,0.191715,0.0612917,0.007717,0.007717,0.0274614,0.0273177,0.025664,0.0378211,0.0229444,0.0520133,0.131309,0.131309,0.0406424,0.10896,0.0659454,0.0717379,0.041205,0.0479762,0.068797,0.068797,0.068797,0.0289899,0.0380724,0.0364228,0.0483041,0.0328901,0.0744159,0.0369972,0.135389,0.0599356,0.0482398,0.0314138,0.164109,0.023267,0.023267,0.131309,0.131309,0.0462876,0.023267,0.0474717,0.050131,0.0806634,0.075515,0.075515,
0.55,0.0247608,0.0312356,0.0466644,0.0393719,0.0184765,0.0258216,0.044782,0.044782,0.0331999,0.0703194,0.211783,0.172163,0.154564,0.139786,0.045958,0.045958,0.045958,0.05391,0.0677423,0.0379488,0.14034,0.154748,0.173359,0.0374621,0.177883,0.209622,0.178961,0.0664299,0.157165,0.006131,0.006131,0.044782,0.044782,0.162166,0.006131,0.0539217,0.18578,0.0627237,0.009369,0.009369,0.0329986,0.0337876,0.027312,0.0392088,0.026343,0.0566681,0.139755,0.139755,0.042605,0.111263,0.0678635,0.0728772,0.0435195,0.0494603,0.071955,0.071955,0.071955,0.0313048,0.0382586,0.0362635,0.0529578,0.0340476,0.0754099,0.0419758,0.138612,0.0623607,0.0516131,0.0344062,0.166658,0.022995,0.022995,0.139755,0.139755,0.0470304,0.022995,0.0485877,0.0504928,0.0833114,0.082023,0.082023,
0.555,0.0237398,0.0313949,0.0439003,0.041026,0.0155931,0.0265942,0.050579,0.050579,0.0349381,0.0734485,0.212078,0.171441,0.15399,0.139027,0.048331,0.048331,0.048331,0.0549659,0.0647918,0.0347992,0.145486,0.160099,0.175149,0.0385019,0.185395,0.211471,0.178954,0.0689876,0.165179,0.006668,0.006668,0.050579,0.050579,0.160949,0.006668,0.0557714,0.18391,0.0646962,0.01176,0.01176,0.0253552,0.0246112,0.0274189,0.0406471,0.0236635,0.053885,0.148365,0.148365,0.0416931,0.11725,0.0691143,0.0763839,0.0435556,0.0510001,0.07485,0.07485,0.07485,0.0327103,0.0399112,0.0372085,0.0529392,0.0370262,0.0778437,0.0364258,0.125584,0.0650892,0.0530541,0.0332512,0.153665,0.022647,0.022647,0.148365,0.148365,0.0481663,0.022647,0.0493346,0.0538261,0.086015,0.087286,0.087286,
0.56,0.0249089,0.0310346,0.0435449,0.0402801,0.0158953,0.0309528,0.057141,0.057141,0.0421017,0.0792053,0.205385,0.165312,0.148883,0.13456,0.050296,0.050296,0.050296,0.0530596,0.0617833,0.0342299,0.141576,0.156258,0.169579,0.0394555,0.182276,0.204421,0.173573,0.0684413,0.163951,0.007267,0.007267,0.057141,0.057141,0.155488,0.007267,0.0626102,0.177251,0.0634754,0.014796,0.014796,0.0217483,0.0200533,0.0267451,0.0409799,0.0212298,0.0500461,0.156901,0.156901,0.0411632,0.115457,0.0684425,0.076158,0.0435769,0.0506489,0.07724,0.07724,0.07724,0.0346299,0.0394793,0.0368885,0.0566294,0.0370152,0.0767565,0.0326596,0.11879,0.0649267,0.052987,0.0336672,0.145199,0.022294,0.022294,0.156901,0.156901,0.0477454,0.022294,0.0482199,0.0532415,0.0853839,0.091229,0.091229,
0.565,0.0263496,0.03037,0.0437261,0.039518,0.0162123,0.0375223,0.064649,0.064649,0.0526639,0.0868613,0.198192,0.15868,0.142421,0.128631,0.051765,0.051765,0.051765,0.0512288,0.0604809,0.038131,0.139636,0.155537,0.170785,0.0415792,0.182298,0.198331,0.168255,0.0715634,0.166755,0.007882,0.007882,0.064649,0.064649,0.14762,0.007882,0.0682921,0.169916,0.0633274,0.018317,0.018317,0.0197753,0.0198461,0.0269138,0.0427904,0.021624,0.0497746,0.165132,0.165132,0.0412532,0.116455,0.0693086,0.076851,0.0443811,0.0505368,0.078976,0.078976,0.078976,0.0379524,0.0402879,0.0375851,0.057832,0.0389488,0.0766129,0.0316668,0.102599,0.0658791,0.0550385,0.0345532,0.129212,0.021998,0.021998,0.165132,0.165132,0.0481949,0.021998,0.0473735,0.054131,0.0879486,0.093894,0.093894,
0.57,0.0280491,0.0312267,0.0465411,0.0419498,0.0171573,0.0419725,0.073257,0.073257,0.0592515,0.094045,0.204939,0.163291,0.145774,0.131669,0.052707,0.052707,0.052707,0.053638,0.0617485,0.0405261,0.146732,0.162047,0.178196,0.0440187,0.189314,0.209065,0.175286,0.0765214,0.175227,0.008471,0.008471,0.073257,0.073257,0.150124,0.008471,0.072734,0.17408,0.0675272,0.022081,0.022081,0.0213705,0.0217142,0.0292449,0.0456038,0.0243042,0.0558412,0.172869,0.172869,0.0430215,0.124782,0.0727748,0.0813598,0.0466659,0.0533621,0.079995,0.079995,0.079995,0.041048,0.0423555,0.0389235,0.0598101,0.0424593,0.0810135,0.0343316,0.0988582,0.0701968,0.0591684,0.0353574,0.128187,0.021826,0.021826,0.172869,0.172869,0.0506356,0.021826,0.0505157,0.0577601,0.0923366,0.095419,0.095419,
0.575,0.0285851,0.030444,0.0472799,0.0432273,0.0167082,0.0466221,0.083031,0.083031,0.0670739,0.100697,0.201192,0.158872,0.140123,0.12608,0.053109,0.053109,0.053109,0.0534767,0.0603262,0.0434339,0.149375,0.163706,0.181755,0.0449286,0.192929,0.210292,0.173285,0.0811376,0.181635,0.008993,0.008993,0.083031,0.083031,0.142946,0.008993,0.0757265,0.168033,0.0701295,0.025777,0.025777,0.0216352,0.0231851,0.0311112,0.0476676,0.0269622,0.0603112,0.180079,0.180079,0.0435085,0.132233,0.0746928,0.0840803,0.0478815,0.0546399,0.080326,0.080326,0.080326,0.0437628,0.0436226,0.0392684,0.0591857,0.0462085,0.0833145,0.0360795,0.0843827,0.0733881,0.062906,0.0354792,0.114919,0.02184,0.02184,0.180079,0.180079,0.0518452,0.02184,0.0519385,0.0606352,0.0957187,0.095974,0.095974,
0.58,0.0290544,0.0293141,0.0476076,0.0429083,0.0169083,0.0502622,0.093856,0.093856,0.0730363,0.104279,0.194,0.152254,0.133101,0.119611,0.05298,0.05298,0.05298,0.051984,0.058851,0.0463049,0.147341,0.161728,0.181959,0.0455449,0.190738,0.206095,0.168362,0.0834531,0.18189,0.009417,0.009417,0.093856,0.093856,0.13455,0.009417,0.0771214,0.160423,0.0702637,0.029096,0.029096,0.0220937,0.0252979,0.0316928,0.0485474,0.0288367,0.062849,0.18702,0.18702,0.0432099,0.13341,0.0747602,0.0840291,0.0480305,0.0543559,0.080079,0.080079,0.080079,0.0453399,0.0438218,0.0390451,0.0578003,0.0478036,0.0829452,0.0372948,0.0713183,0.0739591,0.0645013,0.0353249,0.102666,0.02208,0.02208,0.18702,0.18702,0.0517017,0.02208,0.0515985,0.0612101,0.0967889,0.095738,0.095738,
0.585,0.0296405,0.0295496,0.0464358,0.0413987,0.0159531,0.0542909,0.105395,0.105395,0.0785407,0.107609,0.195357,0.153907,0.135287,0.121594,0.052371,0.052371,0.052371,0.0527312,0.0592606,0.0479371,0.149668,0.16398,0.183945,0.0476828,0.190768,0.207798,0.169575,0.0845697,0.183861,0.009718,0.009718,0.105395,0.105395,0.135415,0.009718,0.0774418,0.162154,0.0701645,0.031799,0.031799,0.0195269,0.0246097,0.0316647,0.0499643,0.0289431,0.0632221,0.194225,0.194225,0.0428379,0.133934,0.0749029,0.0843584,0.0478296,0.053498,0.079437,0.079437,0.079437,0.0479657,0.0446437,0.0400121,0.0559846,0.0491784,0.0830974,0.0358656,0.0551768,0.0735511,0.0649183,0.0340162,0.0892666,0.022561,0.022561,0.194225,0.194225,0.0522052,0.022561,0.0512787,0.0619918,0.0973302,0.09493,0.09493,
0.59,0.0294567,0.0294071,0.0491136,0.0456956,0.0169056,0.0536034,0.117141,0.117141,0.0767277,0.107756,0.197164,0.153469,0.132594,0.119271,0.051375,0.051375,0.051375,0.054047,0.0593212,0.0494723,0.155658,0.168865,0.191714,0.0478624,0.199693,0.21647,0.17281,0.0902272,0.193305,0.009882,0.009882,0.117141,0.117141,0.131812,0.009882,0.0749912,0.160444,0.0751864,0.033715,0.033715,0.025355,0.0292212,0.0348991,0.0514584,0.0336717,0.0736794,0.202423,0.202423,0.0442691,0.145159,0.0783307,0.088716,0.0498485,0.0570747,0.078656,0.078656,0.078656,0.0473468,0.0462255,0.0401293,0.053714,0.0529829,0.0876965,0.0415986,0.0575976,0.0788668,0.0696372,0.0351327,0.0929574,0.023265,0.023265,0.202423,0.202423,0.0540582,0.023265,0.0546396,0.0664123,0.102261,0.093827,0.093827,
0.595,0.0300972,0.0292513,0.0511588,0.0480039,0.0171935,0.055637,0.1285,0.1285,0.0817532,0.113819,0.19764,0.152706,0.130198,0.116428,0.050111,0.050111,0.050111,0.0543893,0.0598468,0.0522846,0.158587,0.172689,0.197818,0.0480641,0.206144,0.218917,0.173765,0.0947597,0.199768,0.009904,0.009904,0.1285,0.1285,0.12956,0.009904,0.080205,0.158818,0.0780538,0.034724,0.034724,0.025873,0.0306263,0.0362702,0.053216,0.0354752,0.0752295,0.212509,0.212509,0.045792,0.151323,0.081183,0.0919594,0.0518344,0.0593768,0.078072,0.078072,0.078072,0.0491528,0.0477579,0.0410307,0.056809,0.0555016,0.0905235,0.0437343,0.0583823,0.0825415,0.073103,0.0370311,0.0931944,0.024142,0.024142,0.212509,0.212509,0.0556872,0.024142,0.0565075,0.068767,0.106773,0.092707,0.092707,
0.6,0.0273893,0.0292361,0.0513624,0.0531431,0.0157779,0.0494028,0.138808,0.138808,0.0709278,0.106678,0.203528,0.155997,0.130661,0.11672,0.048689,0.048689,0.048689,0.0572304,0.0612354,0.0527111,0.169457,0.183142,0.211566,0.0473499,0.221771,0.231579,0.17948,0.101559,0.213799,0.009796,0.009796,0.138808,0.138808,0.129091,0.009796,0.0688683,0.160916,0.0840857,0.034762,0.034762,0.0309592,0.0348128,0.0395828,0.0544355,0.0407168,0.0867771,0.225496,0.225496,0.046692,0.16568,0.0851987,0.0971296,0.0531864,0.0632314,0.078072,0.078072,0.078072,0.0461727,0.0503125,0.0418304,0.0487528,0.0602179,0.0962384,0.0496322,0.0594381,0.0882887,0.0776833,0.0370466,0.0964716,0.025126,0.025126,0.225496,0.225496,0.0579468,0.025126,0.0601186,0.0749061,0.11335,0.091846,0.091846,
0.605,0.0270491,0.0298025,0.0529908,0.0566143,0.0161284,0.0476098,0.147366,0.147366,0.0672826,0.105605,0.209236,0.159576,0.132775,0.118802,0.047186,0.047186,0.047186,0.0593265,0.061988,0.0524413,0.176072,0.188965,0.218204,0.0476664,0.230471,0.241293,0.185093,0.10521,0.22192,0.009578,0.009578,0.147366,0.147366,0.130953,0.009578,0.0663631,0.163992,0.0881322,0.033821,0.033821,0.0343507,0.0365796,0.0418166,0.0555075,0.0432985,0.0936294,0.242416,0.242416,0.047856,0.174301,0.0879999,0.100924,0.0546739,0.0662195,0.079017,0.079017,0.079017,0.0453712,0.0517402,0.0422975,0.0474114,0.0627929,0.100287,0.0529116,0.0648599,0.0923189,0.0807255,0.0376961,0.103033,0.026149,0.026149,0.242416,0.242416,0.0596598,0.026149,0.0629853,0.0784658,0.116988,0.091481,0.091481,
0.61,0.0223888,0.0301701,0.0505655,0.0621199,0.0111686,0.0383876,0.153495,0.153495,0.0540533,0.0980717,0.22146,0.168743,0.138144,0.122155,0.045642,0.045642,0.045642,0.0639857,0.0659594,0.0536631,0.193297,0.20747,0.240567,0.0459853,0.256258,0.257213,0.193946,0.114259,0.243436,0.009283,0.009283,0.153495,0.153495,0.1363,0.009283,0.0530947,0.171976,0.0953706,0.031963,0.031963,0.0348574,0.0384758,0.0447366,0.0575856,0.0477314,0.100449,0.264148,0.264148,0.0491994,0.192838,0.0938338,0.10809,0.056315,0.0704416,0.081179,0.081179,0.081179,0.0427938,0.0561656,0.0450455,0.0383174,0.0690293,0.107808,0.0572406,0.0634085,0.0991688,0.0859315,0.0377881,0.103421,0.027156,0.027156,0.264148,0.264148,0.0633286,0.027156,0.0670033,0.0863745,0.127098,0.091776,0.091776,
0.615,0.0218264,0.031333,0.0504789,0.0639446,0.0110212,0.0360844,0.156619,0.156619,0.0487553,0.0945247,0.228648,0.174579,0.14348,0.127367,0.044065,0.044065,0.044065,0.065849,0.0688856,0.0549325,0.199877,0.215874,0.250772,0.0476073,0.267449,0.264077,0.19959,0.117777,0.252805,0.008942,0.008942,0.156619,0.156619,0.141404,0.008942,0.0480598,0.178565,0.0977,0.02933,0.02933,0.0363891,0.0396045,0.0456488,0.0587685,0.0489166,0.104068,0.291285,0.291285,0.0502245,0.198083,0.0966986,0.110868,0.0574944,0.0723627,0.084722,0.084722,0.084722,0.0418033,0.0581424,0.0468184,0.0353437,0.0707272,0.110731,0.05863,0.0661361,0.101568,0.087761,0.0389845,0.107381,0.028105,0.028105,0.291285,0.291285,0.0650932,0.028105,0.0680354,0.0894264,0.131843,0.092812,0.092812,
0.62,0.0209072,0.0326587,0.0516498,0.0685196,0.0109899,0.0326547,0.156355,0.156355,0.0421884,0.0912037,0.238604,0.181835,0.14863,0.132235,0.042451,0.042451,0.042451,0.0686994,0.0738633,0.0593236,0.211393,0.231907,0.272145,0.0501055,0.288705,0.275266,0.208089,0.126993,0.270849,0.008583,0.008583,0.156355,0.156355,0.146131,0.008583,0.0417826,0.186392,0.103141,0.026149,0.026149,0.0393259,0.0431635,0.0478086,0.0616601,0.0525805,0.111403,0.324216,0.324216,0.0525184,0.209454,0.102926,0.117013,0.0603776,0.0768752,0.089699,0.089699,0.089699,0.0407708,0.0623737,0.0501727,0.0312661,0.0750532,0.116808,0.0628713,0.0697768,0.107624,0.0928916,0.0419262,0.112963,0.028963,0.028963,0.324216,0.324216,0.0686621,0.028963,0.0706343,0.0957645,0.142693,0.094554,0.094554,
0.625,0.0221684,0.0359301,0.0529692,0.0718932,0.0143577,0.0319189,0.152561,0.152561,0.0326946,0.0834959,0.250139,0.190557,0.158556,0.144242,0.040793,0.040793,0.040793,0.071187,0.0777268,0.0603601,0.221163,0.244508,0.286635,0.0569328,0.307285,0.287433,0.218533,0.13242,0.288288,0.008227,0.008227,0.152561,0.152561,0.154165,0.008227,0.0323576,0.197506,0.106798,0.022707,0.022707,0.0456496,0.0443944,0.0499429,0.0639438,0.0539645,0.123348,0.363182,0.363182,0.0543084,0.21734,0.108066,0.121965,0.0629579,0.0810203,0.096063,0.096063,0.096063,0.0384499,0.0653872,0.0529825,0.0255751,0.0774477,0.121971,0.0644833,0.0758934,0.112004,0.096151,0.0450346,0.122151,0.029705,0.029705,0.363182,0.363182,0.0717168,0.029705,0.0718204,0.101691,0.150669,0.096904,0.096904,
0.63,0.025326,0.0390517,0.0543654,0.0711992,0.0190281,0.0350286,0.145422,0.145422,0.0309063,0.0807828,0.255688,0.195647,0.166573,0.154228,0.03909,0.03909,0.03909,0.0704554,0.0822794,0.0638281,0.221344,0.249745,0.294194,0.0637485,0.316898,0.28602,0.222552,0.133719,0.296594,0.007884,0.007884,0.145422,0.145422,0.161632,0.007884,0.0316769,0.206231,0.105361,0.01928,0.01928,0.0493145,0.0449089,0.0492457,0.0652479,0.0518153,0.124823,0.40845,0.40845,0.0562009,0.213765,0.110989,0.122638,0.0651482,0.0821816,0.103687,0.103687,0.103687,0.037922,0.0667533,0.0557749,0.0265929,0.0758688,0.122407,0.0628841,0.085997,0.112016,0.0962939,0.0500766,0.131875,0.030334,0.030334,0.40845,0.40845,0.0732511,0.030334,0.0695012,0.102585,0.155644,0.099747,0.099747,
0.635,0.0256748,0.0413824,0.0530808,0.0709593,0.0191531,0.0344095,0.135462,0.135462,0.0278156,0.0783083,0.26456,0.204053,0.175832,0.163182,0.037341,0.037341,0.037341,0.0713166,0.089043,0.0693339,0.227082,0.262752,0.311503,0.0681475,0.334166,0.286513,0.227716,0.13848,0.309949,0.007559,0.007559,0.135462,0.135462,0.171183,0.007559,0.0287577,0.217446,0.105363,0.016064,0.016064,0.0475607,0.0447749,0.0481084,0.0674429,0.0503458,0.121463,0.460071,0.460071,0.058072,0.214149,0.11528,0.124898,0.0671399,0.0833558,0.112459,0.112459,0.112459,0.0380856,0.0701005,0.060236,0.0254679,0.0764327,0.124193,0.0611231,0.0882469,0.11309,0.0974238,0.0541996,0.134014,0.03089,0.03089,0.460071,0.460071,0.0757926,0.03089,0.0678125,0.105036,0.164209,0.102951,0.102951,
0.64,0.0257285,0.0436382,0.0508061,0.0697174,0.0183256,0.0333067,0.123403,0.123403,0.0258703,0.077389,0.272269,0.211944,0.184665,0.170918,0.03556,0.03556,0.03556,0.0711608,0.096538,0.0755524,0.230965,0.274878,0.328306,0.0712519,0.352754,0.2817,0.23019,0.142184,0.32322,0.007252,0.007252,0.123403,0.123403,0.181562,0.007252,0.0288802,0.228332,0.10397,0.013182,0.013182,0.0435723,0.043275,0.0458935,0.0691895,0.0470158,0.111721,0.517664,0.517664,0.0603259,0.212769,0.119483,0.126378,0.0692631,0.0837426,0.122343,0.122343,0.122343,0.0385106,0.0732487,0.0650802,0.0272632,0.0759478,0.12495,0.0576529,0.0949339,0.113271,0.0977214,0.0596529,0.137677,0.031452,0.031452,0.517664,0.517664,0.0782308,0.031452,0.0650007,0.106188,0.172938,0.106423,0.106423,
0.645,0.0239505,0.0447091,0.0455356,0.0662523,0.013551,0.0309214,0.110027,0.110027,0.027282,0.0790337,0.278607,0.220121,0.192984,0.176118,0.033783,0.033783,0.033783,0.0708531,0.105613,0.0843381,0.234129,0.289882,0.349267,0.0723005,0.370247,0.270919,0.229829,0.146632,0.333396,0.006965,0.006965,0.110027,0.110027,0.1925,0.006965,0.0309586,0.239267,0.100695,0.010706,0.010706,0.0312822,0.0396703,0.0412682,0.0711993,0.0422034,0.0915423,0.580501,0.580501,0.0617122,0.206831,0.122801,0.126384,0.0701615,0.0819893,0.133349,0.133349,0.133349,0.0407833,0.0772546,0.0712704,0.0295275,0.0752543,0.123651,0.0513818,0.0903594,0.111297,0.0965926,0.0638634,0.129779,0.032124,0.032124,0.580501,0.580501,0.0802522,0.032124,0.0605985,0.105719,0.182326,0.110115,0.110115,
0.65,0.0288386,0.0492388,0.0498216,0.0654553,0.0212639,0.0350076,0.096099,0.096099,0.0251174,0.0754122,0.290169,0.230845,0.206269,0.191396,0.032079,0.032079,0.032079,0.0702222,0.116907,0.0953373,0.236077,0.300845,0.369329,0.0817751,0.388139,0.271451,0.23837,0.151486,0.347992,0.006698,0.006698,0.096099,0.096099,0.205465,0.006698,0.0288465,0.255811,0.0996704,0.008663,0.008663,0.0418067,0.0491942,0.0411082,0.0738758,0.0430085,0.0966871,0.647389,0.647389,0.0664128,0.203297,0.12911,0.127687,0.0747891,0.0840679,0.145436,0.145436,0.145436,0.0402953,0.0801915,0.0764356,0.0305344,0.0734242,0.12522,0.0550783,0.111193,0.112104,0.0986048,0.0732637,0.150659,0.033016,0.033016,0.647389,0.647389,0.0834964,0.033016,0.0579696,0.107241,0.19285,0.113944,0.113944,
0.655,0.0319716,0.0518717,0.0526963,0.0636361,0.0263075,0.0375701,0.082316,0.082316,0.0251902,0.0729597,0.297049,0.238263,0.214862,0.200819,0.030527,0.030527,0.030527,0.0691066,0.128103,0.108408,0.236053,0.311916,0.391331,0.0887576,0.401353,0.267311,0.243025,0.157533,0.357262,0.006448,0.006448,0.082316,0.082316,0.214039,0.006448,0.0268268,0.268045,0.0977609,0.007046,0.007046,0.0478124,0.0594384,0.0397038,0.0764746,0.0446834,0.0972954,0.716477,0.716477,0.0699547,0.196577,0.134102,0.127475,0.0780757,0.0846243,0.158407,0.158407,0.158407,0.0406798,0.0833806,0.0816405,0.0302178,0.071893,0.124982,0.0589331,0.120946,0.111544,0.100026,0.0807392,0.161174,0.034231,0.034231,0.716477,0.716477,0.0858231,0.034231,0.0546989,0.107518,0.203092,0.117824,0.117824,
0.66,0.0318453,0.0551255,0.0452207,0.0605158,0.0241192,0.0374649,0.069276,0.069276,0.0218231,0.0698434,0.300191,0.242629,0.224201,0.21066,0.029195,0.029195,0.029195,0.0674362,0.131177,0.108235,0.236909,0.323388,0.400508,0.0952495,0.419629,0.253035,0.240616,0.157861,0.370536,0.006214,0.006214,0.069276,0.069276,0.224212,0.006214,0.0276299,0.276381,0.0927159,0.005819,0.005819,0.0328343,0.0425329,0.034363,0.0777184,0.0329158,0.0780547,0.785031,0.785031,0.0693939,0.188475,0.13615,0.127977,0.0782658,0.0838282,0.171843,0.171843,0.171843,0.0407667,0.0863159,0.0870229,0.0321825,0.0698543,0.123274,0.0429996,0.115645,0.109322,0.0967192,0.0849993,0.151277,0.035849,0.035849,0.785031,0.785031,0.0871881,0.035849,0.0481575,0.108271,0.210095,0.121741,0.121741,
0.665,0.0357747,0.0573156,0.0499671,0.0590798,0.0310024,0.0404039,0.057442,0.057442,0.0227385,0.0679805,0.303387,0.246543,0.229312,0.217319,0.028136,0.028136,0.028136,0.0652217,0.141139,0.120942,0.232846,0.330474,0.418591,0.101871,0.427571,0.246269,0.243322,0.163045,0.374917,0.005996,0.005996,0.057442,0.057442,0.229522,0.005996,0.0281645,0.284993,0.0903042,0.004934,0.004934,0.0406551,0.0537886,0.0328884,0.0796955,0.0348495,0.0794471,0.849454,0.849454,0.0728785,0.178912,0.140335,0.126833,0.0815451,0.0845737,0.185172,0.185172,0.185172,0.0406689,0.0885847,0.0912073,0.0340523,0.0672269,0.122072,0.0478782,0.131199,0.108478,0.0978348,0.092903,0.166887,0.037923,0.037923,0.849454,0.849454,0.0887256,0.037923,0.0448641,0.107309,0.2189,0.125753,0.125753,
0.67,0.0354269,0.05978,0.0485328,0.0616944,0.029902,0.0393634,0.047105,0.047105,0.0190492,0.0668212,0.315253,0.256241,0.238912,0.226522,0.027391,0.027391,0.027391,0.0679941,0.146341,0.124409,0.244698,0.34872,0.439511,0.106738,0.451299,0.254096,0.251861,0.171034,0.395155,0.005797,0.005797,0.047105,0.047105,0.238768,0.005797,0.0248335,0.296367,0.0937635,0.00434,0.00434,0.0371015,0.0504433,0.0332214,0.0831802,0.0340148,0.0795057,0.905541,0.905541,0.0746973,0.186966,0.146419,0.132836,0.0841379,0.0881288,0.197712,0.197712,0.197712,0.0412694,0.0933799,0.0960431,0.0319146,0.0708506,0.127275,0.0456789,0.12831,0.113117,0.101392,0.0960798,0.165286,0.040493,0.040493,0.905541,0.905541,0.0925808,0.040493,0.0455153,0.113302,0.230094,0.130022,0.130022,
0.675,0.0328026,0.0617679,0.0437736,0.063535,0.0258049,0.0348985,0.038412,0.038412,0.0106351,0.0618226,0.325972,0.265339,0.247802,0.23418,0.02699,0.02699,0.02699,0.0705426,0.15078,0.125825,0.257501,0.365732,0.458213,0.108926,0.477313,0.259782,0.257413,0.177018,0.417,0.005622,0.005622,0.038412,0.038412,0.247722,0.005622,0.0167266,0.306469,0.0965518,0.00399,0.00399,0.0321766,0.0454486,0.0333605,0.0854146,0.0322555,0.0768652,0.949308,0.949308,0.0758013,0.19739,0.151535,0.138038,0.0856956,0.0904064,0.208736,0.208736,0.208736,0.0403391,0.0975691,0.100313,0.0267,0.0744612,0.131936,0.0421366,0.123713,0.116814,0.10384,0.0982526,0.160117,0.043583,0.043583,0.949308,0.949308,0.0959823,0.043583,0.0455041,0.119126,0.239837,0.134785,0.134785,
0.68,0.0315802,0.0640544,0.041112,0.0649584,0.0231663,0.0326423,0.031374,0.031374,0.00570972,0.0603989,0.337875,0.27539,0.257398,0.242144,0.026928,0.026928,0.026928,0.072733,0.155913,0.128074,0.269001,0.378415,0.472966,0.110079,0.5015,0.266363,0.263446,0.181036,0.437812,0.005483,0.005483,0.031374,0.031374,0.258142,0.005483,0.0128645,0.317492,0.0993559,0.003847,0.003847,0.0317468,0.0441599,0.0344543,0.0872331,0.0313858,0.0751572,0.977561,0.977561,0.0783801,0.209127,0.156785,0.142835,0.0882786,0.0925054,0.217676,0.217676,0.217676,0.040163,0.100629,0.103776,0.0253633,0.0772366,0.136735,0.0411931,0.129529,0.120496,0.106645,0.101936,0.16362,0.047187,0.047187,0.977561,0.977561,0.0995379,0.047187,0.0462273,0.123714,0.247916,0.140301,0.140301,
0.685,0.0328396,0.0659783,0.0417824,0.0639543,0.0240531,0.0334861,0.025882,0.025882,0.00582422,0.0607339,0.348247,0.285339,0.267977,0.252004,0.027161,0.027161,0.027161,0.0745235,0.160986,0.13071,0.27266,0.384479,0.480147,0.112528,0.506836,0.271516,0.270963,0.18147,0.441248,0.005395,0.005395,0.025882,0.025882,0.269377,0.005395,0.0133635,0.329586,0.0991162,0.003876,0.003876,0.0321055,0.0457622,0.0338762,0.088276,0.0307756,0.0735137,0.988009,0.988009,0.0799125,0.207332,0.158514,0.143366,0.0893526,0.0925938,0.22418,0.22418,0.22418,0.0412164,0.101837,0.105994,0.0269536,0.0763828,0.137524,0.0412369,0.135885,0.119967,0.106339,0.103602,0.171143,0.051254,0.051254,0.988009,0.988009,0.100882,0.051254,0.0460483,0.123672,0.250118,0.146784,0.146784,
0.69,0.0331302,0.0676702,0.0433888,0.0654908,0.023017,0.033459,0.021749,0.021749,0.00656187,0.0642873,0.364731,0.299516,0.280272,0.261953,0.027626,0.027626,0.027626,0.0789928,0.166099,0.132572,0.283808,0.393435,0.489884,0.112342,0.517696,0.287928,0.283506,0.183834,0.45069,0.005377,0.005377,0.021749,0.021749,0.282657,0.005377,0.0141289,0.34409,0.103192,0.004052,0.004052,0.0347975,0.0498312,0.0360302,0.0900591,0.0333595,0.076576,0.979453,0.979453,0.0826507,0.216764,0.162072,0.1473,0.0914963,0.0944637,0.22812,0.22812,0.22812,0.0431514,0.103682,0.107777,0.0286303,0.0786097,0.142308,0.0452284,0.144262,0.123002,0.108993,0.10438,0.181346,0.055674,0.055674,0.979453,0.979453,0.103755,0.055674,0.0497306,0.126285,0.253276,0.154274,0.154274,
0.695,0.0352416,0.0702031,0.0454146,0.0643758,0.0243455,0.0355355,0.018759,0.018759,0.00765472,0.0662664,0.381445,0.314928,0.296365,0.276834,0.028271,0.028271,0.028271,0.0829241,0.170212,0.131386,0.289642,0.395703,0.489204,0.113803,0.517248,0.302542,0.296759,0.180348,0.450221,0.005447,0.005447,0.018759,0.018759,0.299545,0.005447,0.0158929,0.361279,0.103923,0.004347,0.004347,0.0380428,0.0521824,0.0368069,0.0904088,0.0333615,0.0785709,0.951575,0.951575,0.0843783,0.217058,0.162501,0.147756,0.0922542,0.0942929,0.229692,0.229692,0.229692,0.0448485,0.103366,0.108349,0.0318044,0.0772552,0.143924,0.0466656,0.156044,0.122082,0.107973,0.103957,0.19582,0.060295,0.060295,0.951575,0.951575,0.104917,0.060295,0.0517497,0.12546,0.2504,0.162606,0.162606,
0.7,0.0368558,0.0725159,0.04646,0.0635764,0.0246159,0.0375627,0.016696,0.016696,0.00838548,0.0682811,0.39801,0.329887,0.312321,0.291694,0.029068,0.029068,0.029068,0.0876767,0.171232,0.125872,0.296368,0.395811,0.48235,0.114626,0.513134,0.320095,0.310449,0.17494,0.447571,0.005626,0.005626,0.016696,0.016696,0.315848,0.005626,0.0173491,0.377102,0.105121,0.004734,0.004734,0.0392658,0.0506155,0.0379106,0.0902724,0.0324065,0.0813274,0.905022,0.905022,0.0848955,0.21869,0.161491,0.148415,0.0919611,0.0940009,0.229462,0.229462,0.229462,0.046565,0.102308,0.107706,0.034332,0.076303,0.145748,0.0461105,0.162993,0.12112,0.106273,0.101025,0.206353,0.064966,0.064966,0.905022,0.905022,0.105532,0.064966,0.054592,0.124864,0.24447,0.171467,0.171467,
0.705,0.0392886,0.0751689,0.0472785,0.060833,0.0259958,0.0404315,0.015356,0.015356,0.00870299,0.0682517,0.41463,0.345789,0.330969,0.310043,0.03001,0.03001,0.03001,0.092402,0.171337,0.117939,0.299644,0.392217,0.468929,0.116712,0.499815,0.336822,0.324945,0.165785,0.436642,0.005936,0.005936,0.015356,0.015356,0.334433,0.005936,0.0181445,0.394823,0.103901,0.005181,0.005181,0.0393793,0.047165,0.0377063,0.0892076,0.0296894,0.0832423,0.841645,0.841645,0.0840715,0.212811,0.157855,0.146432,0.0901149,0.0920668,0.228359,0.228359,0.228359,0.0480868,0.0999527,0.106302,0.0365181,0.0730011,0.145067,0.0432943,0.1679,0.117032,0.10166,0.0961865,0.216632,0.069568,0.069568,0.841645,0.841645,0.10471,0.069568,0.0561813,0.121915,0.234134,0.180497,0.180497,
0.71,0.0386805,0.0768156,0.0451185,0.0585526,0.0220568,0.039429,0.014553,0.014553,0.00827949,0.0699253,0.434424,0.364687,0.35052,0.326594,0.031105,0.031105,0.031105,0.0989296,0.171488,0.108676,0.308023,0.39237,0.458151,0.114436,0.490823,0.356519,0.340096,0.157223,0.428211,0.0064,0.0064,0.014553,0.014553,0.355327,0.0064,0.0188907,0.413869,0.104167,0.00566,0.00566,0.0335886,0.0408973,0.0373901,0.0880901,0.0266686,0.0790604,0.764821,0.764821,0.0829269,0.212175,0.154346,0.145775,0.0875952,0.0897944,0.227617,0.227617,0.227617,0.0503339,0.0983416,0.105187,0.0385997,0.0714172,0.145653,0.0393801,0.168327,0.113752,0.0972852,0.0893632,0.221444,0.074002,0.074002,0.764821,0.764821,0.104389,0.074002,0.0591545,0.119722,0.224088,0.189324,0.189324,
0.715,0.0390831,0.0782812,0.0435085,0.0530395,0.0205478,0.0391149,0.014122,0.014122,0.00645605,0.066329,0.451667,0.383008,0.371236,0.345681,0.032359,0.032359,0.032359,0.104552,0.172499,0.100438,0.309952,0.387772,0.443266,0.114072,0.468239,0.372695,0.354723,0.145446,0.407249,0.007043,0.007043,0.014122,0.014122,0.376267,0.007043,0.0149364,0.434001,0.100644,0.006138,0.006138,0.0298511,0.0384302,0.0353583,0.0858404,0.0241942,0.0769406,0.679358,0.679358,0.080195,0.199421,0.147486,0.14024,0.0830116,0.0846972,0.228602,0.228602,0.228602,0.051716,0.0952326,0.103354,0.0368654,0.0665779,0.141877,0.0362433,0.163476,0.105533,0.0894345,0.0805211,0.224656,0.078191,0.078191,0.679358,0.679358,0.101851,0.078191,0.0596876,0.113933,0.209505,0.197501,0.197501,
0.72,0.0317811,0.0752448,0.0333729,0.0443283,0.00764451,0.0281744,0.013922,0.013922,0.00193292,0.0614236,0.459267,0.395405,0.382511,0.350268,0.033766,0.033766,0.033766,0.108574,0.173392,0.0931958,0.3088,0.382651,0.429955,0.102289,0.443165,0.372692,0.356219,0.132322,0.378434,0.007894,0.007894,0.013922,0.013922,0.391329,0.007894,0.00884847,0.445281,0.0936945,0.006588,0.006588,0.0112927,0.0322262,0.0292702,0.0810596,0.0196128,0.0528097,0.590954,0.590954,0.0748252,0.182762,0.137002,0.13058,0.0746082,0.0746319,0.232682,0.232682,0.232682,0.0526022,0.0918759,0.101402,0.0330652,0.0611955,0.133415,0.0294178,0.144896,0.0930565,0.0780032,0.0680108,0.208911,0.082052,0.082052,0.590954,0.590954,0.0970403,0.082052,0.0575855,0.10423,0.193043,0.204471,0.204471,
0.725,0.0409449,0.0797393,0.044663,0.0449585,0.0204355,0.041042,0.013847,0.013847,0.00641426,0.0638278,0.474565,0.406941,0.397571,0.369443,0.035312,0.035312,0.035312,0.112002,0.171462,0.0863498,0.309957,0.366726,0.40625,0.109039,0.426343,0.400529,0.374286,0.122466,0.371801,0.008994,0.008994,0.013847,0.013847,0.403237,0.008994,0.0111382,0.458694,0.0965503,0.006981,0.006981,0.0371238,0.0438445,0.0360368,0.0802862,0.0247751,0.0829369,0.505075,0.505075,0.0777483,0.1877,0.135757,0.130672,0.0769791,0.0764918,0.241097,0.241097,0.241097,0.0531841,0.0868201,0.096389,0.0366027,0.0587849,0.136667,0.0393038,0.172174,0.0936324,0.0787128,0.067636,0.242706,0.085463,0.085463,0.505075,0.505075,0.0972634,0.085463,0.0631136,0.103484,0.180925,0.209631,0.209631,
0.73,0.0434239,0.080242,0.0512386,0.0433086,0.0233868,0.0425935,0.013822,0.013822,0.0100862,0.0677091,0.488676,0.42034,0.409056,0.378661,0.036983,0.036983,0.036983,0.115626,0.175499,0.0864535,0.310515,0.357399,0.396204,0.104727,0.410098,0.417982,0.386764,0.115102,0.357261,0.010395,0.010395,0.013822,0.013822,0.416583,0.010395,0.0147138,0.472305,0.0974307,0.007288,0.007288,0.0502398,0.0586285,0.038645,0.0784379,0.0307163,0.0908397,0.425998,0.425998,0.0802887,0.186889,0.133455,0.127719,0.0772652,0.0747045,0.254639,0.254639,0.254639,0.0545711,0.0832908,0.0933329,0.0416719,0.0556378,0.136565,0.0505455,0.197129,0.0909943,0.0773271,0.0657687,0.270548,0.088263,0.088263,0.425998,0.425998,0.0966019,0.088263,0.0674548,0.0986358,0.17108,0.21244,0.21244,
0.735,0.059206,0.0855568,0.0718147,0.0462804,0.049872,0.0650182,0.013811,0.013811,0.0150657,0.06401,0.490672,0.417787,0.412853,0.394456,0.03878,0.03878,0.03878,0.114992,0.170835,0.0842858,0.302367,0.332847,0.369808,0.122023,0.383727,0.444742,0.401992,0.109243,0.348809,0.012176,0.012176,0.013811,0.013811,0.411076,0.012176,0.0102016,0.473389,0.101049,0.00749,0.00749,0.0973916,0.0838045,0.049266,0.0788369,0.0434778,0.151046,0.35685,0.35685,0.0836693,0.18895,0.133214,0.12711,0.0817254,0.0796208,0.273514,0.273514,0.273514,0.0524449,0.0771199,0.0862625,0.0378099,0.0534423,0.139685,0.0701865,0.222926,0.0936729,0.0818576,0.068597,0.309071,0.090272,0.090272,0.35685,0.35685,0.0960434,0.090272,0.0724591,0.100091,0.160651,0.212575,0.212575,
0.74,0.0624871,0.0857552,0.0768536,0.043294,0.0555163,0.0688364,0.013804,0.013804,0.0163706,0.0616041,0.49159,0.419573,0.415829,0.398855,0.040699,0.040699,0.040699,0.114863,0.170857,0.0834816,0.295295,0.318238,0.354311,0.121994,0.362073,0.450234,0.405304,0.101299,0.331673,0.014422,0.014422,0.013804,0.013804,0.413042,0.014422,0.00801617,0.476117,0.0987171,0.007577,0.007577,0.111011,0.0956438,0.0507749,0.0764056,0.0477364,0.162821,0.29964,0.29964,0.083798,0.181516,0.128898,0.12158,0.080597,0.0768042,0.297519,0.297519,0.297519,0.0517238,0.0727327,0.0824395,0.0369027,0.0493061,0.136332,0.0778374,0.233673,0.0889963,0.0790209,0.0664995,0.323497,0.091372,0.091372,0.29964,0.29964,0.0935502,0.091372,0.0730126,0.0950213,0.150021,0.209982,0.209982,
0.745,0.0808422,0.0918224,0.100816,0.0486526,0.0865388,0.0948601,0.013819,0.013819,0.0236673,0.060325,0.488128,0.410491,0.413707,0.410963,0.042725,0.042725,0.042725,0.111664,0.165423,0.0836701,0.284428,0.29266,0.329626,0.142393,0.342219,0.472296,0.417099,0.0985865,0.330568,0.017214,0.017214,0.013819,0.013819,0.401025,0.017214,0.00797831,0.471069,0.103469,0.007547,0.007547,0.163828,0.122208,0.0627594,0.0777703,0.0609102,0.227896,0.255332,0.255332,0.0889967,0.186802,0.13156,0.123192,0.0878,0.0845873,0.326029,0.326029,0.326029,0.0491117,0.0670451,0.0756707,0.0365483,0.047794,0.141105,0.0989218,0.269854,0.0950615,0.0866198,0.074319,0.369443,0.091542,0.091542,0.255332,0.255332,0.0940754,0.091542,0.0778958,0.0984126,0.144285,0.204839,0.204839,
0.75,0.0938011,0.095145,0.116145,0.0504521,0.109158,0.113354,0.013896,0.013896,0.028008,0.0561436,0.475667,0.395994,0.406364,0.415499,0.044853,0.044853,0.044853,0.106968,0.157114,0.0799838,0.268084,0.26713,0.30132,0.157474,0.314997,0.477746,0.418436,0.0927229,0.317988,0.020615,0.020615,0.013896,0.013896,0.385875,0.020615,0.00740534,0.459579,0.102908,0.007409,0.007409,0.196913,0.135404,0.06884,0.0770317,0.0669189,0.270411,0.223942,0.223942,0.0896848,0.179789,0.129257,0.120421,0.0902165,0.087941,0.357793,0.357793,0.357793,0.0460658,0.0611289,0.0692278,0.0351817,0.044013,0.139978,0.108843,0.287057,0.0955223,0.088251,0.0773817,0.393817,0.090828,0.090828,0.223942,0.223942,0.091645,0.090828,0.0784564,0.0977971,0.135085,0.197499,0.197499,
0.755,0.112485,0.101363,0.139637,0.056633,0.141213,0.139997,0.014093,0.014093,0.0348198,0.0538103,0.467355,0.382168,0.400438,0.425286,0.047102,0.047102,0.047102,0.102228,0.15088,0.0812087,0.255612,0.244453,0.280689,0.180708,0.29938,0.493882,0.426869,0.0930153,0.320688,0.024653,0.024653,0.014093,0.014093,0.36923,0.024653,0.00730719,0.450316,0.107277,0.007181,0.007181,0.247319,0.158583,0.0799985,0.0792749,0.0785896,0.33475,0.204684,0.204684,0.0944329,0.183451,0.133044,0.122932,0.0978272,0.0968423,0.390923,0.390923,0.390923,0.0429786,0.0566586,0.063613,0.0341294,0.04305,0.144679,0.127197,0.318341,0.102603,0.0965762,0.0867631,0.434396,0.089312,0.089312,0.204684,0.204684,0.0924215,0.089312,0.0818178,0.102611,0.133204,0.188353,0.188353,
0.76,0.123247,0.101305,0.155037,0.0602122,0.16276,0.156396,0.014482,0.014482,0.040077,0.0507306,0.435591,0.349381,0.371822,0.408542,0.049496,0.049496,0.049496,0.0921346,0.139883,0.0824976,0.232742,0.211827,0.252843,0.190134,0.276446,0.4831,0.411196,0.0908448,0.312498,0.029307,0.029307,0.014482,0.014482,0.333283,0.029307,0.0071272,0.417444,0.107375,0.006886,0.006886,0.285589,0.178424,0.0876483,0.0775117,0.0884838,0.377936,0.19616,0.19616,0.0959863,0.183899,0.131854,0.120003,0.101461,0.100606,0.42313,0.42313,0.42313,0.0379504,0.050089,0.0554746,0.0319612,0.0412685,0.143109,0.142639,0.337982,0.105747,0.101757,0.093457,0.454114,0.087114,0.087114,0.19616,0.19616,0.0894773,0.087114,0.0817256,0.102556,0.1277,0.177786,0.177786,
0.765,0.139839,0.103939,0.180405,0.0666887,0.193895,0.179673,0.015146,0.015146,0.0483096,0.04951,0.414056,0.323902,0.350048,0.400955,0.052052,0.052052,0.052052,0.0835504,0.134952,0.0915185,0.213684,0.182188,0.234971,0.205967,0.258914,0.487652,0.40771,0.0935953,0.312096,0.034473,0.034473,0.015146,0.015146,0.302354,0.034473,0.00713819,0.394143,0.111808,0.006549,0.006549,0.343544,0.215152,0.0999769,0.0783348,0.106595,0.44264,0.196451,0.196451,0.102276,0.190565,0.135873,0.120282,0.109877,0.108473,0.452095,0.452095,0.452095,0.0335136,0.0445445,0.0482281,0.0306911,0.0406732,0.146221,0.170923,0.377531,0.113286,0.112412,0.10551,0.498069,0.084371,0.084371,0.196451,0.196451,0.0893438,0.084371,0.0851153,0.105374,0.127356,0.166295,0.166295,
0.77,0.152437,0.104664,0.200376,0.0720548,0.218967,0.197292,0.016159,0.016159,0.0547034,0.047362,0.387458,0.295196,0.324096,0.387178,0.054758,0.054758,0.054758,0.0742444,0.129454,0.100228,0.193443,0.156694,0.221152,0.218169,0.242634,0.482074,0.397831,0.0974339,0.309157,0.039954,0.039954,0.016159,0.016159,0.26884,0.039954,0.00700863,0.366701,0.114208,0.006195,0.006195,0.388441,0.244274,0.108875,0.0786837,0.121094,0.492674,0.203182,0.203182,0.106398,0.192533,0.138512,0.119398,0.116115,0.114582,0.475766,0.475766,0.475766,0.0290386,0.0401267,0.0422001,0.0287759,0.0400168,0.146972,0.193147,0.404924,0.119018,0.120926,0.115654,0.527773,0.081238,0.081238,0.203182,0.203182,0.0882746,0.081238,0.086289,0.107113,0.12833,0.154512,0.154512,
0.775,0.161387,0.10593,0.210172,0.0752825,0.236071,0.211341,0.017578,0.017578,0.0575273,0.0434853,0.362639,0.269269,0.304071,0.378183,0.057576,0.057576,0.057576,0.0664882,0.118633,0.0976988,0.176493,0.136247,0.20032,0.230448,0.228349,0.471806,0.386314,0.0968119,0.306353,0.045455,0.045455,0.017578,0.017578,0.241867,0.045455,0.00695658,0.341843,0.113549,0.005847,0.005847,0.410708,0.248882,0.113152,0.0783955,0.123832,0.523383,0.21372,0.21372,0.10596,0.189574,0.137845,0.118585,0.118412,0.118596,0.492409,0.492409,0.492409,0.025203,0.0363828,0.037355,0.0265706,0.0388841,0.145897,0.197086,0.4101,0.121804,0.12406,0.120408,0.534246,0.077891,0.077891,0.21372,0.21372,0.0862378,0.077891,0.0845898,0.108912,0.126095,0.143099,0.143099,
0.78,0.175073,0.108964,0.231584,0.0816318,0.261461,0.229371,0.019427,0.019427,0.0637191,0.0425053,0.353334,0.256014,0.293406,0.378692,0.06044,0.06044,0.06044,0.0620812,0.118283,0.107514,0.165846,0.123248,0.198305,0.246361,0.218861,0.48193,0.391444,0.103685,0.308307,0.050603,0.050603,0.019427,0.019427,0.223719,0.050603,0.00673849,0.331737,0.118507,0.005524,0.005524,0.45357,0.277723,0.122157,0.0811788,0.13871,0.575089,0.225501,0.225501,0.111264,0.192475,0.143165,0.12085,0.12569,0.126533,0.500698,0.500698,0.500698,0.0227626,0.0346462,0.0342411,0.0252549,0.0393154,0.149954,0.219463,0.438261,0.128998,0.13345,0.130009,0.569969,0.074531,0.074531,0.225501,0.225501,0.0874468,0.074531,0.0879679,0.112878,0.130523,0.132623,0.132623,
0.785,0.181214,0.108183,0.240851,0.0833435,0.274669,0.237802,0.021692,0.021692,0.0663237,0.0388545,0.331431,0.234534,0.274621,0.367547,0.063257,0.063257,0.063257,0.0556938,0.111832,0.109215,0.148741,0.105652,0.184359,0.253048,0.199114,0.471615,0.381272,0.103698,0.296156,0.055022,0.055022,0.021692,0.021692,0.200366,0.055022,0.00626298,0.31083,0.11705,0.005239,0.005239,0.472052,0.288145,0.124636,0.0802686,0.144017,0.598042,0.236199,0.236199,0.110685,0.184215,0.141201,0.117532,0.126552,0.128289,0.500042,0.500042,0.500042,0.0196093,0.0312855,0.0299742,0.0230962,0.0371715,0.146846,0.227195,0.443496,0.129195,0.135062,0.132657,0.577546,0.071358,0.071358,0.236199,0.236199,0.0846025,0.071358,0.0865976,0.111589,0.127492,0.123472,0.123472,
0.79,0.191605,0.106838,0.265257,0.0875157,0.296833,0.248921,0.024332,0.024332,0.0753159,0.0405836,0.318312,0.220172,0.255836,0.354656,0.065953,0.065953,0.065953,0.0497885,0.119872,0.132331,0.132742,0.088181,0.191931,0.256878,0.182464,0.474923,0.380677,0.112076,0.286149,0.058369,0.058369,0.024332,0.024332,0.178378,0.058369,0.00695307,0.297815,0.121211,0.004996,0.004996,0.522778,0.340085,0.133646,0.0811553,0.168622,0.64425,0.243903,0.243903,0.118853,0.184965,0.146022,0.114827,0.134117,0.132653,0.49054,0.49054,0.49054,0.0173207,0.0284873,0.0260851,0.0234308,0.0360365,0.147746,0.265385,0.487991,0.133702,0.145154,0.143916,0.626219,0.068528,0.068528,0.243903,0.243903,0.0847148,0.068528,0.0908533,0.109735,0.131782,0.115881,0.115881,
0.795,0.177858,0.0983069,0.244539,0.0826002,0.276178,0.23276,0.027283,0.027283,0.0700832,0.0371985,0.281536,0.190642,0.225648,0.320146,0.068497,0.068497,0.068497,0.0430848,0.103261,0.117267,0.117765,0.0757978,0.167809,0.239887,0.166391,0.43097,0.343361,0.103462,0.26551,0.060379,0.060379,0.027283,0.027283,0.152067,0.060379,0.00788791,0.261299,0.111791,0.004794,0.004794,0.481522,0.306074,0.123804,0.074728,0.153012,0.598324,0.247392,0.247392,0.107933,0.171697,0.133999,0.10695,0.123547,0.124001,0.472805,0.472805,0.472805,0.0148164,0.0255058,0.0224351,0.0212833,0.0341164,0.13622,0.240241,0.442989,0.125148,0.134648,0.132921,0.569144,0.066086,0.066086,0.247392,0.247392,0.0773199,0.066086,0.0828997,0.103022,0.121187,0.110041,0.110041,
0.8,0.181509,0.0971698,0.250182,0.0836924,0.285264,0.237519,0.030455,0.030455,0.0699802,0.0321051,0.26197,0.171968,0.209135,0.309613,0.070893,0.070893,0.070893,0.037684,0.0975943,0.118103,0.103667,0.062679,0.157505,0.244625,0.150739,0.419937,0.333174,0.103687,0.255151,0.060887,0.060887,0.030455,0.030455,0.13191,0.060887,0.00526867,0.242905,0.109973,0.004627,0.004627,0.493349,0.312372,0.124928,0.0737139,0.156432,0.614173,0.24608,0.24608,0.10654,0.163707,0.131826,0.103778,0.123376,0.124876,0.447989,0.447989,0.447989,0.0116413,0.0230417,0.019195,0.0176834,0.0324004,0.132953,0.244784,0.442388,0.124659,0.135197,0.134191,0.570325,0.063972,0.063972,0.24608,0.24608,0.0746065,0.063972,0.0809847,0.101921,0.118936,0.106104,0.106104,
0.805,0.173287,0.0912159,0.243201,0.0814467,0.273739,0.225954,0.033713,0.033713,0.0686604,0.0327038,0.248171,0.161922,0.193889,0.288837,0.073216,0.073216,0.073216,0.0354625,0.0959701,0.119142,0.0983487,0.0578449,0.15568,0.229975,0.143621,0.402926,0.317278,0.102153,0.243128,0.059831,0.059831,0.033713,0.033713,0.120822,0.059831,0.00529014,0.228425,0.107381,0.004487,0.004487,0.480774,0.311779,0.121724,0.0704314,0.156506,0.593411,0.23984,0.23984,0.104031,0.161369,0.127504,0.0992606,0.119509,0.12003,0.417853,0.417853,0.417853,0.0109327,0.0218307,0.0174835,0.0171005,0.0320625,0.128132,0.244418,0.432795,0.121012,0.132333,0.130111,0.554422,0.062066,0.062066,0.23984,0.23984,0.0716911,0.062066,0.0796153,0.0971968,0.115463,0.104138,0.104138,
0.81,0.155282,0.0804224,0.222623,0.0770513,0.245997,0.200559,0.03688,0.03688,0.0657066,0.0365712,0.221681,0.143144,0.167926,0.251593,0.075617,0.075617,0.075617,0.0317355,0.0879635,0.111571,0.0882486,0.056324,0.149245,0.203105,0.133327,0.361264,0.284809,0.0977684,0.219171,0.057269,0.057269,0.03688,0.03688,0.104806,0.057269,0.0143756,0.201519,0.0996425,0.004371,0.004371,0.431247,0.283676,0.109746,0.0643886,0.14329,0.529487,0.228846,0.228846,0.0955454,0.147788,0.117555,0.0920424,0.10958,0.110909,0.384684,0.384684,0.384684,0.0108339,0.0212969,0.0165166,0.0231311,0.0302229,0.117331,0.224272,0.403326,0.112826,0.122394,0.119902,0.50981,0.060231,0.060231,0.228846,0.228846,0.0655831,0.060231,0.0741052,0.0880127,0.109379,0.10404,0.10404,
0.815,0.143213,0.0739897,0.209614,0.073556,0.226776,0.18368,0.039759,0.039759,0.0633244,0.0393023,0.213445,0.139278,0.157936,0.232357,0.078326,0.078326,0.078326,0.0315148,0.0868134,0.109191,0.0876473,0.0572728,0.14914,0.183819,0.131323,0.343225,0.269482,0.0945826,0.208156,0.053373,0.053373,0.039759,0.039759,0.101767,0.053373,0.0170215,0.192369,0.0962483,0.004273,0.004273,0.404566,0.272838,0.103835,0.0606586,0.138139,0.491683,0.213603,0.213603,0.0919128,0.14555,0.112386,0.0879461,0.104048,0.104442,0.350923,0.350923,0.350923,0.0114003,0.0210457,0.016192,0.0252787,0.0299435,0.112219,0.216427,0.388833,0.107869,0.117074,0.113443,0.486298,0.058334,0.058334,0.213603,0.213603,0.0628693,0.058334,0.072345,0.0825272,0.105408,0.105479,0.105479,
0.82,0.129673,0.06686,0.193624,0.0680748,0.205242,0.165051,0.042157,0.042157,0.059506,0.0398596,0.202287,0.133877,0.147017,0.211711,0.081641,0.081641,0.081641,0.0306709,0.0846074,0.105165,0.0847657,0.05604,0.145273,0.163047,0.125124,0.320158,0.250648,0.0888589,0.19258,0.04842,0.04842,0.042157,0.042157,0.0980433,0.04842,0.0176718,0.181534,0.0905588,0.004194,0.004194,0.373481,0.258879,0.096297,0.0558321,0.130951,0.448446,0.195027,0.195027,0.0867147,0.139127,0.104952,0.081566,0.0966924,0.0958206,0.318867,0.318867,0.318867,0.0115508,0.0200443,0.0154699,0.0257315,0.0284899,0.104693,0.205437,0.367543,0.100225,0.109286,0.105083,0.455522,0.056252,0.056252,0.195027,0.195027,0.0588886,0.056252,0.0688893,0.0752798,0.0987248,0.107919,0.107919,
0.825,0.115043,0.0635967,0.172189,0.0611044,0.17828,0.144426,0.043909,0.043909,0.052622,0.0402244,0.218419,0.154306,0.163772,0.215792,0.08588,0.08588,0.08588,0.0375681,0.0882006,0.096926,0.097893,0.0749948,0.154035,0.146638,0.131562,0.315269,0.251662,0.0831811,0.185275,0.042777,0.042777,0.043909,0.043909,0.122998,0.042777,0.0167767,0.199467,0.0855818,0.004132,0.004132,0.326476,0.231192,0.085867,0.0536013,0.116878,0.393596,0.174364,0.174364,0.0809069,0.131247,0.0991784,0.0786787,0.0883854,0.0872064,0.290637,0.290637,0.290637,0.0149345,0.0229174,0.0198649,0.0262845,0.0276298,0.100122,0.183709,0.335524,0.0915849,0.0987087,0.0932103,0.419649,0.053894,0.053894,0.174364,0.174364,0.0576203,0.053894,0.0660245,0.0703645,0.0944241,0.110678,0.110678,
0.83,0.0987997,0.0553576,0.150233,0.0558248,0.151731,0.122799,0.044911,0.044911,0.048534,0.0426291,0.19866,0.141218,0.14662,0.18868,0.091308,0.091308,0.091308,0.0352846,0.0787506,0.084237,0.0916905,0.0729364,0.141113,0.123935,0.123872,0.280414,0.224339,0.0751164,0.166652,0.036852,0.036852,0.044911,0.044911,0.114275,0.036852,0.0236383,0.179442,0.0776985,0.004088,0.004088,0.277908,0.197602,0.074723,0.0477323,0.100599,0.333602,0.152966,0.152966,0.0721966,0.120366,0.0890586,0.0724411,0.0784899,0.0781369,0.268177,0.268177,0.268177,0.0150499,0.0218039,0.018807,0.0309829,0.0256688,0.0905785,0.15917,0.303698,0.0831293,0.0877978,0.0823009,0.374054,0.05122,0.05122,0.152966,0.152966,0.0521473,0.05122,0.0604239,0.0625497,0.0858404,0.113044,0.113044,
0.835,0.074929,0.0476721,0.115394,0.0478667,0.110614,0.0944806,0.045132,0.045132,0.0375598,0.0424234,0.1932,0.142135,0.140827,0.166143,0.09809,0.09809,0.09809,0.0367311,0.0751449,0.0730958,0.106263,0.0836692,0.142284,0.0938344,0.149547,0.252649,0.197935,0.0677219,0.178185,0.031021,0.031021,0.045132,0.045132,0.118518,0.031021,0.0165879,0.171349,0.0724323,0.004061,0.004061,0.223467,0.16259,0.0654431,0.0423556,0.0838967,0.263792,0.132175,0.132175,0.065268,0.134801,0.0827981,0.0701132,0.0689805,0.0662129,0.252887,0.252887,0.252887,0.0159569,0.0233033,0.020903,0.0254656,0.0296259,0.0860801,0.132415,0.255139,0.0763221,0.0788607,0.0708586,0.306725,0.048245,0.048245,0.132175,0.132175,0.0505933,0.048245,0.0553363,0.0598634,0.0824594,0.114419,0.114419,
0.84,0.0551074,0.0427627,0.0818241,0.0407808,0.0745197,0.0748987,0.0446,0.0446,0.0290338,0.0435107,0.186263,0.139671,0.135262,0.147383,0.106247,0.106247,0.106247,0.0366325,0.0677534,0.0586916,0.122066,0.0889291,0.134413,0.0699613,0.182632,0.227069,0.170725,0.0585929,0.20294,0.025593,0.025593,0.0446,0.0446,0.120067,0.025593,0.0099002,0.160467,0.0683318,0.004045,0.004045,0.178049,0.125242,0.0595254,0.0377162,0.0658553,0.20597,0.113165,0.113165,0.0596994,0.158747,0.0785237,0.0705359,0.0619337,0.0563522,0.245341,0.245341,0.245341,0.0167659,0.0237958,0.0220377,0.019781,0.0349662,0.0844694,0.103968,0.208813,0.0724984,0.0724155,0.0627272,0.240044,0.045024,0.045024,0.113165,0.113165,0.0504609,0.045024,0.050305,0.0606422,0.0793272,0.114383,0.114383,
0.845,0.0453414,0.0400792,0.0665627,0.0399062,0.0550962,0.0672795,0.043382,0.043382,0.0315008,0.0543967,0.182729,0.136453,0.127861,0.131367,0.115668,0.115668,0.115668,0.0360285,0.0633512,0.0525863,0.133929,0.089325,0.129441,0.0536292,0.211194,0.215741,0.154473,0.0554391,0.227792,0.020787,0.020787,0.043382,0.043382,0.118134,0.020787,0.016182,0.150531,0.0701664,0.004036,0.004036,0.159535,0.10868,0.0598723,0.0358963,0.0582877,0.176356,0.096695,0.096695,0.0603508,0.186588,0.0799566,0.0750042,0.0618181,0.0537347,0.245267,0.245267,0.245267,0.0189603,0.0239903,0.0219566,0.0246591,0.0405791,0.0880586,0.0931198,0.200737,0.075863,0.0738392,0.0628278,0.214843,0.041662,0.041662,0.096695,0.096695,0.0526967,0.041662,0.0509503,0.0632928,0.0806926,0.112657,0.112657,
0.85,0.0334444,0.0396703,0.0484382,0.0407768,0.0322597,0.0541474,0.041574,0.041574,0.0240904,0.0594052,0.197825,0.149689,0.136734,0.130027,0.126172,0.126172,0.126172,0.0411538,0.0624518,0.0426872,0.159555,0.103935,0.135186,0.0385546,0.253226,0.221611,0.152335,0.0538103,0.26283,0.016724,0.016724,0.041574,0.041574,0.132829,0.016724,0.0144107,0.158127,0.0751696,0.004027,0.004027,0.136579,0.0869657,0.0604945,0.0352314,0.0494077,0.147002,0.083132,0.083132,0.0610676,0.22078,0.0836522,0.083379,0.0615833,0.0528404,0.251836,0.251836,0.251836,0.0202981,0.0267769,0.0243254,0.0252989,0.0480701,0.0958877,0.0797268,0.192812,0.0810529,0.0752768,0.0608118,0.193417,0.038287,0.038287,0.083132,0.083132,0.0571708,0.038287,0.053853,0.0697272,0.0848804,0.109058,0.109058,
0.855,0.0313422,0.0377764,0.039775,0.0395076,0.027894,0.0579773,0.039301,0.039301,0.0272785,0.0632079,0.167386,0.120736,0.110737,0.105639,0.137529,0.137529,0.137529,0.0317082,0.0476658,0.0328245,0.14939,0.0803355,0.104337,0.0326553,0.260083,0.191779,0.120924,0.045277,0.275745,0.013434,0.013434,0.039301,0.039301,0.106546,0.013434,0.0194824,0.124381,0.0718998,0.00401,0.00401,0.135016,0.072041,0.0620281,0.0312363,0.0411136,0.138241,0.072544,0.072544,0.0596835,0.235708,0.0810864,0.0826826,0.061429,0.050764,0.26399,0.26399,0.26399,0.0179602,0.0218727,0.0191859,0.0279045,0.0491278,0.09401,0.0687288,0.188516,0.082176,0.0753163,0.0641445,0.171991,0.035004,0.035004,0.072544,0.072544,0.0554152,0.035004,0.0497629,0.0701032,0.0797551,0.103524,0.103524,
0.86,0.0339386,0.038573,0.0383441,0.038781,0.0313777,0.0657929,0.03672,0.03672,0.0298526,0.064008,0.150596,0.103962,0.0980565,0.0968145,0.149438,0.149438,0.149438,0.0255697,0.0388221,0.0270994,0.141725,0.062474,0.0819575,0.0344448,0.261878,0.177954,0.105489,0.0389727,0.284557,0.010877,0.010877,0.03672,0.03672,0.0916126,0.010877,0.0212422,0.106416,0.0699508,0.003979,0.003979,0.143676,0.0672964,0.0647187,0.0292204,0.0375437,0.144531,0.064788,0.064788,0.0598584,0.244175,0.0801155,0.082195,0.0626558,0.0505081,0.280448,0.280448,0.280448,0.016086,0.0180179,0.015482,0.0286858,0.0489121,0.0934315,0.0647166,0.191908,0.0831276,0.0760449,0.0679369,0.167287,0.031873,0.031873,0.064788,0.064788,0.0546196,0.031873,0.0473446,0.070845,0.0757477,0.096145,0.096145,
0.865,0.0322444,0.0373121,0.0359204,0.0416712,0.0321649,0.0636661,0.034004,0.034004,0.0207677,0.0560067,0.130994,0.0840527,0.0792087,0.0813641,0.161477,0.161477,0.161477,0.0201437,0.0299339,0.02145,0.136585,0.0510501,0.0695562,0.0326421,0.268236,0.165167,0.0887963,0.0376748,0.29421,0.008971,0.008971,0.034004,0.034004,0.0708892,0.008971,0.0134794,0.083892,0.0705424,0.003928,0.003928,0.151142,0.0642376,0.0675076,0.0267349,0.0371826,0.153,0.05958,0.05958,0.0588377,0.255487,0.0798418,0.0829625,0.062902,0.0519719,0.299755,0.299755,0.299755,0.0102674,0.0157017,0.0118217,0.0228502,0.0505955,0.0940112,0.0640916,0.194828,0.0862538,0.0780275,0.0701854,0.163028,0.02892,0.02892,0.05958,0.05958,0.0535697,0.02892,0.0461636,0.0737842,0.0754918,0.087169,0.087169,
0.87,0.0270891,0.0344779,0.0266979,0.0414845,0.0231204,0.0629588,0.031323,0.031323,0.0223551,0.0620591,0.106792,0.0603389,0.0538194,0.0533324,0.173051,0.173051,0.173051,0.012082,0.0197453,0.0160767,0.134482,0.0293925,0.0462597,0.0187981,0.288887,0.14152,0.0581813,0.0306657,0.318575,0.00761,0.00761,0.031323,0.031323,0.0477776,0.00761,0.0164434,0.0531829,0.0709922,0.003853,0.003853,0.156401,0.0599126,0.0722598,0.0223508,0.0342975,0.144544,0.05654,0.05654,0.0609534,0.286659,0.080424,0.0845155,0.0649127,0.0500303,0.320322,0.320322,0.320322,0.0078027,0.0111126,0.00663465,0.0253267,0.0544182,0.0958859,0.0618465,0.204498,0.0904198,0.0816511,0.0758163,0.150899,0.026163,0.026163,0.05654,0.05654,0.053958,0.026163,0.0453,0.0756161,0.0731226,0.077015,0.077015,
0.875,0.0283151,0.0355711,0.0262568,0.0430478,0.0250051,0.0668736,0.028826,0.028826,0.0223536,0.0629688,0.0993614,0.0516405,0.0462894,0.0475642,0.183534,0.183534,0.183534,0.00845354,0.0170593,0.0160486,0.134773,0.0239717,0.0420503,0.0197617,0.304261,0.13507,0.0496149,0.0309045,0.336714,0.006688,0.006688,0.028826,0.028826,0.0392953,0.006688,0.0164705,0.0436441,0.0723929,0.003756,0.003756,0.165368,0.0603513,0.0756028,0.0222615,0.0339733,0.150697,0.055247,0.055247,0.0633487,0.300924,0.0837092,0.0874225,0.0680886,0.0519616,0.340462,0.340462,0.340462,0.00625758,0.010423,0.00583688,0.0256645,0.0565494,0.0988186,0.0623549,0.213852,0.0945838,0.0854675,0.0817142,0.152942,0.023613,0.023613,0.055247,0.055247,0.055645,0.023613,0.0448693,0.0791044,0.0767308,0.066245,0.066245,
0.88,0.0332153,0.0388128,0.026031,0.0454747,0.03213,0.0783342,0.026624,0.026624,0.0220774,0.0614064,0.0864799,0.0362073,0.0373495,0.045685,0.192479,0.192479,0.192479,0.00368059,0.00543937,0.00607358,0.132508,0.0105165,0.0201553,0.0284526,0.313937,0.130306,0.0399675,0.0269131,0.356262,0.006116,0.006116,0.026624,0.026624,0.0252424,0.006116,0.0151982,0.0278422,0.0734192,0.00364,0.00364,0.176792,0.0501166,0.080424,0.0220058,0.0294066,0.16831,0.055257,0.055257,0.0634527,0.31581,0.085122,0.0912833,0.0706718,0.0553857,0.358568,0.358568,0.358568,0.0036512,0.00779471,0.00261991,0.0237535,0.0586961,0.10219,0.0557648,0.213815,0.0994661,0.0885617,0.0860394,0.147807,0.021269,0.021269,0.055257,0.055257,0.0564648,0.021269,0.0437775,0.0848497,0.0755797,0.055494,0.055494,
0.885,0.0358652,0.041803,0.0318366,0.0484681,0.035054,0.0814101,0.024779,0.024779,0.0239506,0.065884,0.107309,0.0532653,0.051792,0.0584684,0.199691,0.199691,0.199691,0.00828298,0.0146396,0.0137388,0.146758,0.0218625,0.0378956,0.0307097,0.333353,0.152495,0.0566018,0.0328343,0.374995,0.005814,0.005814,0.024779,0.024779,0.0399575,0.005814,0.0149587,0.046131,0.08002,0.003513,0.003513,0.190726,0.0643956,0.0854545,0.0252426,0.0367438,0.181855,0.056133,0.056133,0.0693964,0.33216,0.0925119,0.0974275,0.0759797,0.0593588,0.373385,0.373385,0.373385,0.00568944,0.0105435,0.00531906,0.02511,0.0623343,0.110002,0.0671974,0.233069,0.105523,0.0950443,0.0910321,0.169232,0.019123,0.019123,0.056133,0.056133,0.0614058,0.019123,0.0489715,0.089711,0.0834253,0.045335,0.045335,
0.89,0.0323467,0.043496,0.0220864,0.0453685,0.0262792,0.0774707,0.0233,0.0233,0.0207567,0.0655884,0.119246,0.0657549,0.066398,0.0698082,0.205164,0.205164,0.205164,0.0115735,0.0151315,0.00654215,0.155089,0.0313458,0.0383242,0.0298526,0.342997,0.153551,0.0609063,0.0286889,0.380745,0.005716,0.005716,0.0233,0.0233,0.0565888,0.005716,0.0149638,0.0594232,0.0776591,0.003384,0.003384,0.171231,0.0456688,0.0814432,0.0251764,0.026538,0.161233,0.057479,0.057479,0.0673132,0.330741,0.09136,0.0981596,0.0735606,0.0569283,0.384223,0.384223,0.384223,0.0073532,0.0120127,0.0081093,0.026152,0.06184,0.109679,0.052306,0.220499,0.102687,0.0904117,0.0877116,0.154986,0.017157,0.017157,0.057479,0.057479,0.0620852,0.017157,0.0468932,0.0897248,0.0822763,0.03618,0.03618,
0.895,0.0333212,0.0423899,0.0219052,0.0434262,0.028247,0.0796646,0.022176,0.022176,0.0228581,0.0646305,0.107163,0.0555521,0.0583654,0.0639413,0.20892,0.20892,0.20892,0.00842107,0.0100989,0.00346654,0.144749,0.0209907,0.0250871,0.0305725,0.327796,0.142561,0.052668,0.0245153,0.368129,0.005763,0.005763,0.022176,0.022176,0.0475743,0.005763,0.0168613,0.0491222,0.0738494,0.003266,0.003266,0.169498,0.0420324,0.0796986,0.0234902,0.0240861,0.159646,0.058942,0.058942,0.0648211,0.320566,0.0872084,0.0941218,0.0714162,0.0549095,0.390992,0.390992,0.390992,0.00668505,0.00957924,0.00585961,0.0265585,0.0590999,0.105151,0.0487762,0.214091,0.0991864,0.0873085,0.085955,0.148352,0.015357,0.015357,0.058942,0.058942,0.0592198,0.015357,0.0442801,0.0863869,0.0766047,0.028278,0.028278,
0.9,0.0320122,0.0418524,0.0198946,0.0433849,0.0262972,0.0785131,0.021382,0.021382,0.0223028,0.0648983,0.10303,0.051735,0.0540406,0.0589633,0.210895,0.210895,0.210895,0.00687202,0.00968499,0.00424912,0.144605,0.0200854,0.0255567,0.0284559,0.334002,0.136714,0.0470973,0.0248652,0.373668,0.00591,0.00591,0.021382,0.021382,0.0438672,0.00591,0.01669,0.0444737,0.0737097,0.003169,0.003169,0.16906,0.0414456,0.0798874,0.0230961,0.0234911,0.156344,0.060209,0.060209,0.0652889,0.324862,0.0879653,0.0944998,0.0718976,0.054664,0.393927,0.393927,0.393927,0.00613574,0.00958989,0.00590481,0.0265259,0.0598341,0.105351,0.0481707,0.214983,0.0999311,0.0880621,0.0875859,0.145372,0.013729,0.013729,0.060209,0.060209,0.0595338,0.013729,0.0435455,0.0869166,0.0782601,0.021729,0.021729,
0.905,0.0361951,0.0436625,0.0246608,0.0448756,0.0335559,0.0842856,0.0209,0.0209,0.0220681,0.0628067,0.102362,0.0495842,0.0542672,0.0630923,0.210944,0.210944,0.210944,0.00622987,0.00761722,0.00275472,0.142693,0.0151111,0.0194862,0.0343457,0.330748,0.142024,0.0500886,0.0241589,0.374874,0.006122,0.006122,0.0209,0.0209,0.0413357,0.006122,0.0150718,0.0435118,0.0747518,0.003101,0.003101,0.18024,0.0449751,0.0824924,0.0234556,0.0254322,0.171854,0.061053,0.061053,0.0659871,0.326063,0.0885624,0.0952507,0.0733309,0.0567724,0.393241,0.393241,0.393241,0.00496698,0.00845723,0.00448399,0.0252781,0.0595875,0.10664,0.051217,0.221375,0.101468,0.0895413,0.0891208,0.154361,0.012304,0.012304,0.061053,0.061053,0.0596742,0.012304,0.0443374,0.0883904,0.0771409,0.016521,0.016521,
0.91,0.0360584,0.0418377,0.0250101,0.0442264,0.0344973,0.0840966,0.02071,0.02071,0.0232284,0.0617915,0.0913742,0.0402107,0.0452675,0.0554207,0.208951,0.208951,0.208951,0.00386658,0.00420855,0.00207692,0.134477,0.00927212,0.0135335,0.0339027,0.318397,0.132931,0.0431401,0.0233464,0.363449,0.006374,0.006374,0.02071,0.02071,0.0317698,0.006374,0.016053,0.0335974,0.0724441,0.003069,0.003069,0.177812,0.0437556,0.0808797,0.0224453,0.0250443,0.170388,0.061383,0.061383,0.0638124,0.317401,0.0855954,0.0922879,0.0714838,0.0556058,0.389075,0.389075,0.389075,0.00430486,0.00728213,0.00302217,0.0248239,0.0580645,0.103117,0.0501049,0.214235,0.0992756,0.0877631,0.0873401,0.147863,0.011118,0.011118,0.061383,0.061383,0.0573445,0.011118,0.0426909,0.0860021,0.0743133,0.012565,0.012565,
0.915,0.0327147,0.0389155,0.0218022,0.0424197,0.0302046,0.0790578,0.020781,0.020781,0.0224781,0.060529,0.082271,0.0336141,0.037371,0.0459887,0.204989,0.204989,0.204989,0.00227921,0.00235912,0.00159232,0.128452,0.00579062,0.0103058,0.0286453,0.308587,0.122037,0.0348518,0.0218016,0.351635,0.006644,0.006644,0.020781,0.020781,0.0252681,0.006644,0.0159755,0.0255715,0.0695624,0.003072,0.003072,0.169615,0.0412457,0.0779918,0.0206605,0.0237811,0.159717,0.061236,0.061236,0.0612946,0.3095,0.0819756,0.0885755,0.06854,0.0527134,0.381606,0.381606,0.381606,0.00374755,0.00639332,0.00205961,0.0241079,0.0565619,0.0989034,0.0478155,0.205345,0.095814,0.084736,0.0842452,0.137637,0.01019,0.01019,0.061236,0.061236,0.0548715,0.01019,0.0408076,0.0825341,0.0711415,0.009708,0.009708,
0.92,0.0366677,0.0399356,0.0263101,0.0426721,0.035376,0.0853434,0.021066,0.021066,0.0294806,0.0650516,0.0831365,0.0340406,0.0392044,0.0498789,0.199409,0.199409,0.199409,0.00238562,0.00255826,0.00337172,0.125594,0.00611825,0.0105364,0.0341507,0.301785,0.124363,0.0391084,0.0233907,0.346855,0.006914,0.006914,0.021066,0.021066,0.0257532,0.006914,0.0221394,0.0274942,0.0694365,0.003108,0.003108,0.171025,0.0419966,0.0777753,0.0223276,0.024086,0.164266,0.060732,0.060732,0.0615525,0.302988,0.0823458,0.0888022,0.0693918,0.0539741,0.371247,0.371247,0.371247,0.00597173,0.00684317,0.00266007,0.0276677,0.0558492,0.0986804,0.0480574,0.203838,0.0959773,0.0852499,0.0848838,0.139989,0.009516,0.009516,0.060732,0.060732,0.0549714,0.009516,0.0409438,0.0822398,0.0716854,0.007765,0.007765,
0.925,0.0333259,0.0371798,0.0232233,0.0397057,0.0316246,0.0785193,0.021511,0.021511,0.0262872,0.0602355,0.0773315,0.0315558,0.0360833,0.0454359,0.192669,0.192669,0.192669,0.00195093,0.00254437,0.00308531,0.118234,0.00570289,0.0101143,0.030519,0.285404,0.114751,0.0348742,0.0215359,0.32694,0.007167,0.007167,0.021511,0.021511,0.0239703,0.007167,0.0196862,0.0250807,0.0648682,0.003171,0.003171,0.159504,0.0389338,0.0727826,0.0205234,0.0221646,0.151662,0.060044,0.060044,0.0577389,0.285601,0.0772093,0.0831227,0.0649208,0.050129,0.358753,0.358753,0.358753,0.00516824,0.00635709,0.00251729,0.0254146,0.0524726,0.0924211,0.0446053,0.1915,0.089834,0.079751,0.0797656,0.130101,0.009072,0.009072,0.060044,0.060044,0.0515624,0.009072,0.0380565,0.0770615,0.0673748,0.006534,0.006534,
0.93,0.0354142,0.0367965,0.0257485,0.0385423,0.0339191,0.0820628,0.022063,0.022063,0.0334679,0.0648394,0.0755413,0.0306999,0.0358565,0.0458739,0.185116,0.185116,0.185116,0.00176229,0.00247578,0.00461851,0.113001,0.00479029,0.00886394,0.0328608,0.273344,0.112471,0.036059,0.0217809,0.315485,0.007382,0.007382,0.022063,0.022063,0.0235086,0.007382,0.0264627,0.0250822,0.06308,0.003255,0.003255,0.155665,0.0381866,0.0708117,0.0212591,0.0214953,0.148978,0.059384,0.059384,0.0567871,0.274596,0.0755646,0.081265,0.0641255,0.0494992,0.345048,0.345048,0.345048,0.0075861,0.00636721,0.00282326,0.0292588,0.0507616,0.0899338,0.0433448,0.185655,0.0877516,0.0782911,0.0784966,0.127505,0.008814,0.008814,0.059384,0.059384,0.0504549,0.008814,0.0373041,0.0745604,0.0658175,0.005816,0.005816,
0.935,0.0319358,0.033909,0.0225758,0.0356415,0.0297935,0.0752029,0.022665,0.022665,0.0309672,0.0608248,0.0697659,0.0282566,0.0325532,0.0410131,0.176925,0.176925,0.176925,0.00142292,0.00252283,0.00455764,0.10586,0.00497423,0.00912393,0.0290067,0.257177,0.102738,0.0318023,0.0203166,0.295578,0.007541,0.007541,0.022665,0.022665,0.0216881,0.007541,0.0247858,0.0225824,0.0586271,0.003355,0.003355,0.143199,0.0347661,0.0656893,0.0196092,0.0195022,0.135434,0.058989,0.058989,0.0529666,0.257239,0.0705274,0.0757625,0.0596623,0.0456963,0.330897,0.330897,0.330897,0.00710734,0.00607635,0.0028395,0.027451,0.0475657,0.0837463,0.0396899,0.17246,0.0817412,0.0729053,0.0733054,0.116731,0.008688,0.008688,0.058989,0.058989,0.0471201,0.008688,0.0345045,0.0694219,0.0618261,0.005433,0.005433,
0.94,0.0329542,0.0332299,0.0244055,0.0347294,0.0315101,0.076065,0.023262,0.023262,0.0337578,0.0614007,0.068112,0.027634,0.0324042,0.0416339,0.168174,0.168174,0.168174,0.00166867,0.00210545,0.00474415,0.101011,0.00428507,0.00772736,0.0306366,0.243902,0.10172,0.0333913,0.0201187,0.282457,0.007631,0.007631,0.023262,0.023262,0.02114,0.007631,0.0272772,0.0227088,0.0568694,0.003464,0.003464,0.139536,0.0341341,0.0636444,0.0197265,0.0192912,0.134113,0.059092,0.059092,0.0512566,0.245739,0.0681303,0.0733871,0.0580148,0.0448609,0.316634,0.316634,0.316634,0.00808095,0.00589013,0.0027122,0.0284188,0.0456914,0.0809707,0.0388352,0.165944,0.079176,0.0707631,0.0707466,0.114384,0.008641,0.008641,0.059092,0.059092,0.0455121,0.008641,0.0338209,0.0669302,0.0593368,0.005236,0.005236,
0.945,0.0334067,0.0317886,0.0258502,0.0333563,0.0316949,0.0762871,0.023795,0.023795,0.0396925,0.0656798,0.0649878,0.0261294,0.0305796,0.0393371,0.15897,0.15897,0.15897,0.00146431,0.00183478,0.00557959,0.094378,0.00319874,0.00607259,0.0300987,0.229019,0.0967392,0.0328957,0.019713,0.266327,0.007649,0.007649,0.023795,0.023795,0.0203532,0.007649,0.0348971,0.0214909,0.0543744,0.003575,0.003575,0.131754,0.0318962,0.0604249,0.0196607,0.0178515,0.12574,0.059927,0.059927,0.0495742,0.23194,0.0653152,0.0704918,0.0561855,0.0434559,0.302167,0.302167,0.302167,0.0101395,0.00570358,0.00277895,0.0333061,0.0432333,0.0772659,0.0366998,0.161106,0.0760469,0.068042,0.0683629,0.111813,0.00863,0.00863,0.059927,0.059927,0.0436272,0.00863,0.0328592,0.0630075,0.0566947,0.005117,0.005117,
0.95,0.0319079,0.0297231,0.0253296,0.0320361,0.0296666,0.0731805,0.024203,0.024203,0.0419036,0.0668143,0.061319,0.0244499,0.0278306,0.0354389,0.149481,0.149481,0.149481,0.00142364,0.00217046,0.00686548,0.0891746,0.00471556,0.00822451,0.0280902,0.217105,0.0906242,0.0311304,0.0204002,0.251739,0.007597,0.007597,0.024203,0.024203,0.0188433,0.007597,0.0383241,0.0197455,0.0519507,0.003679,0.003679,0.122082,0.029573,0.0567957,0.0193849,0.0167506,0.115694,0.061727,0.061727,0.0473704,0.219089,0.0625488,0.067528,0.0537346,0.0416716,0.287204,0.287204,0.287204,0.0112034,0.00610343,0.00326587,0.035062,0.041367,0.0734731,0.0345139,0.152445,0.0727969,0.0651915,0.0653051,0.105308,0.008623,0.008623,0.061727,0.061727,0.0416964,0.008623,0.0315443,0.0595766,0.0552412,0.005009,0.005009,
0.955,0.0287944,0.0269594,0.0233742,0.0300116,0.0262381,0.0663485,0.024442,0.024442,0.0392407,0.0635247,0.0566433,0.0224695,0.024648,0.0307077,0.139896,0.139896,0.139896,0.00141182,0.00164494,0.00567003,0.0824754,0.00328708,0.00614436,0.0235398,0.200551,0.0836121,0.028065,0.0182419,0.231837,0.00748,0.00748,0.024442,0.024442,0.0174085,0.00748,0.0378029,0.0173582,0.0484283,0.00377,0.00377,0.111991,0.0270377,0.0525775,0.0174543,0.0153799,0.10426,0.064717,0.064717,0.044056,0.203966,0.0576716,0.0625903,0.0497126,0.0385314,0.27148,0.27148,0.27148,0.0104702,0.00530818,0.00254789,0.0346565,0.0382177,0.0681233,0.0322445,0.14549,0.0676291,0.0603076,0.0603531,0.100252,0.008593,0.008593,0.064717,0.064717,0.0384939,0.008593,0.0298614,0.0545755,0.0503806,0.00488,0.00488,
0.96,0.0281943,0.0253103,0.0234361,0.0287954,0.0245607,0.0656774,0.024491,0.024491,0.0451025,0.0685499,0.0534385,0.0208218,0.0219079,0.0265683,0.130359,0.130359,0.130359,0.0010386,0.00216216,0.0078111,0.0779586,0.00416605,0.00784643,0.0216905,0.191881,0.0773448,0.0259503,0.019108,0.221101,0.007301,0.007301,0.024491,0.024491,0.0161612,0.007301,0.0450118,0.0154814,0.0465367,0.003845,0.003845,0.103439,0.0249565,0.0496555,0.0176513,0.0140812,0.0938272,0.069105,0.069105,0.0429663,0.194329,0.0560175,0.0606571,0.0484272,0.0372032,0.254908,0.254908,0.254908,0.0126858,0.00575489,0.00322422,0.0391827,0.0368848,0.0653098,0.0301938,0.139816,0.0654723,0.0585926,0.0589104,0.0950607,0.008524,0.008524,0.069105,0.069105,0.0373365,0.008524,0.028919,0.0516138,0.0498728,0.004728,0.004728,
0.965,0.0255437,0.0230566,0.0218431,0.0279937,0.0209964,0.060617,0.024353,0.024353,0.0452715,0.0689918,0.0501942,0.0193286,0.0186824,0.0214757,0.120914,0.120914,0.120914,0.00112372,0.00248462,0.00852398,0.0744719,0.0063175,0.0107099,0.0179279,0.183949,0.0713857,0.0233858,0.0198446,0.209679,0.007068,0.007068,0.024353,0.024353,0.0147568,0.007068,0.0473595,0.0133465,0.0447689,0.003901,0.003901,0.0935723,0.022231,0.0464014,0.0170565,0.0129453,0.0825797,0.075085,0.075085,0.0410371,0.185034,0.0537323,0.0583723,0.0461393,0.0355997,0.237557,0.237557,0.237557,0.0131239,0.00623764,0.00364463,0.0406189,0.0356054,0.0622876,0.0281324,0.133687,0.06297,0.0561544,0.0561429,0.0894616,0.008409,0.008409,0.075085,0.075085,0.0357334,0.008409,0.027994,0.0487861,0.0490058,0.004573,0.004573,
0.97,0.0217906,0.0204456,0.0182502,0.0261553,0.0158455,0.0541358,0.024049,0.024049,0.0443206,0.0679029,0.045246,0.0170024,0.0146685,0.0151407,0.111527,0.111527,0.111527,0.000568129,0.00370917,0.0105797,0.0704314,0.0100461,0.0164284,0.0137056,0.177878,0.0609766,0.0182844,0.0210712,0.198923,0.00679,0.00679,0.024049,0.024049,0.0127875,0.00679,0.0478509,0.0105803,0.0418041,0.003936,0.003936,0.0809442,0.018712,0.0420326,0.0163778,0.0109844,0.0673936,0.082803,0.082803,0.0386771,0.173956,0.0512914,0.0552721,0.0433353,0.033028,0.219551,0.219551,0.219551,0.0133334,0.00717415,0.0048331,0.0404838,0.0341406,0.0582054,0.0246478,0.122977,0.0594381,0.053021,0.0534521,0.0786062,0.008256,0.008256,0.082803,0.082803,0.0339466,0.008256,0.0256515,0.0455959,0.0492312,0.004463,0.004463,
0.975,0.0196834,0.0185451,0.0175393,0.0260866,0.0131476,0.0498001,0.023606,0.023606,0.0448638,0.0688438,0.0429891,0.0160104,0.011857,0.0107693,0.102166,0.102166,0.102166,0.000812856,0.0046619,0.0123245,0.068011,0.0140252,0.0220473,0.0110367,0.172642,0.056393,0.0169301,0.0233381,0.190189,0.006483,0.006483,0.023606,0.023606,0.011546,0.006483,0.0505025,0.00917209,0.0408381,0.00395,0.00395,0.072274,0.016832,0.039239,0.0164186,0.010456,0.0580503,0.09231,0.09231,0.0372974,0.166062,0.050117,0.0539979,0.0417878,0.0323176,0.201007,0.201007,0.201007,0.0139342,0.00824839,0.00574892,0.0420944,0.0334542,0.056127,0.023383,0.117935,0.0580258,0.0516149,0.0515869,0.0744224,0.00809,0.00809,0.09231,0.09231,0.0329452,0.00809,0.0250967,0.0437191,0.0501481,0.004474,0.004474,
0.98,0.0171551,0.0168737,0.0154987,0.0250713,0.0106348,0.0444629,0.023056,0.023056,0.0413167,0.0645429,0.0400501,0.0149114,0.00992223,0.00807999,0.092875,0.092875,0.092875,0.00079498,0.00598213,0.0140304,0.0652036,0.0183747,0.0284327,0.00969726,0.167121,0.0507084,0.0150561,0.0251384,0.181337,0.006163,0.006163,0.023056,0.023056,0.0102145,0.006163,0.0470557,0.00839112,0.0387571,0.003939,0.003939,0.0644198,0.015419,0.0360343,0.0161212,0.00993393,0.050781,0.103545,0.103545,0.0350994,0.156068,0.0482778,0.0515367,0.0394214,0.0307714,0.182013,0.182013,0.182013,0.0131702,0.00926524,0.00681656,0.0390632,0.0323036,0.0530497,0.021671,0.107921,0.0552532,0.0491977,0.0490445,0.0666556,0.007957,0.007957,0.103545,0.103545,0.0314692,0.007957,0.0232472,0.0418538,0.0507535,0.004702,0.004702,
0.985,0.017303,0.0162976,0.0164291,0.0247602,0.0114254,0.0432209,0.022455,0.022455,0.0419571,0.0643195,0.0383311,0.0141405,0.00913881,0.00753897,0.083773,0.083773,0.083773,0.000452122,0.00708196,0.0158389,0.0613355,0.0209219,0.0323352,0.0106631,0.161466,0.0465572,0.0151007,0.0267019,0.173616,0.00585,0.00585,0.022455,0.022455,0.00992195,0.00585,0.0493404,0.00854734,0.0371915,0.0039,0.0039,0.0598107,0.0143499,0.0336427,0.0164183,0.0090698,0.0461192,0.116381,0.116381,0.0341678,0.146453,0.0474735,0.0500966,0.0385881,0.0305536,0.162671,0.162671,0.162671,0.013429,0.010008,0.00778911,0.0406493,0.0307606,0.0509148,0.0203986,0.106259,0.0536893,0.047777,0.0486126,0.0666259,0.007913,0.007913,0.116381,0.116381,0.0306031,0.007913,0.0220255,0.0401446,0.0516474,0.005262,0.005262,
0.99,0.0139695,0.0141204,0.0129192,0.0217472,0.00906108,0.0355606,0.021878,0.021878,0.0334928,0.0527099,0.0330669,0.0123442,0.007747,0.00640507,0.075023,0.075023,0.075023,0.000256203,0.00834297,0.0168514,0.0549526,0.0245814,0.0377457,0.0105518,0.146848,0.0381392,0.0126048,0.0269448,0.155508,0.005559,0.005559,0.021878,0.021878,0.00805867,0.005559,0.038663,0.00811818,0.0323463,0.003829,0.003829,0.0499364,0.0127717,0.028445,0.015199,0.0082238,0.0391189,0.130696,0.130696,0.0295673,0.126791,0.042721,0.0441661,0.0336654,0.0269111,0.143194,0.143194,0.143194,0.0110519,0.0105187,0.00863108,0.0318075,0.0276558,0.0444631,0.0173902,0.0862267,0.0471124,0.0421907,0.0430412,0.0525584,0.008016,0.008016,0.130696,0.130696,0.0272054,0.008016,0.0180365,0.0363116,0.0494114,0.006274,0.006274,
0.995,0.0146171,0.0131354,0.0166612,0.0231138,0.0111102,0.0331983,0.021417,0.021417,0.0354178,0.0544852,0.0330911,0.0129179,0.00725319,0.00611604,0.066812,0.066812,0.066812,0.000967199,0.0101452,0.0194175,0.0501976,0.0306795,0.0457807,0.0119286,0.136977,0.0365053,0.016408,0.0310107,0.14185,0.005299,0.005299,0.021417,0.021417,0.0087526,0.005299,0.0452265,0.00986329,0.0316693,0.003723,0.003723,0.0426705,0.0114845,0.0251371,0.0162294,0.00792169,0.0332528,0.146359,0.146359,0.0284749,0.112222,0.0421453,0.0433186,0.0328489,0.0281249,0.124004,0.124004,0.124004,0.0119398,0.0122097,0.0101675,0.0367467,0.0257408,0.0424374,0.016942,0.0881892,0.0462209,0.0409511,0.0421185,0.0582806,0.008319,0.008319,0.146359,0.146359,0.0262319,0.008319,0.0179315,0.0341766,0.051534,0.007858,0.007858,
1,0.0106029,0.00978567,0.0114717,0.0174648,0.00781202,0.0253103,0.021166,0.021166,0.0281756,0.0407715,0.0234489,0.00890825,0.00431649,0.00370127,0.059338,0.059338,0.059338,0.000232027,0.0116002,0.0221342,0.0395156,0.0348767,0.0524947,0.0128991,0.112429,0.022262,0.0115082,0.0314215,0.113706,0.005076,0.005076,0.021166,0.021166,0.00446948,0.005076,0.0320535,0.00785551,0.023779,0.003579,0.003579,0.0268152,0.00895024,0.0171951,0.0150308,0.00649487,0.0223097,0.163132,0.163132,0.0214459,0.0815835,0.0347028,0.034042,0.0254657,0.0219867,0.1057,0.1057,0.1057,0.0102551,0.0129385,0.0115653,0.0242891,0.0213394,0.0321722,0.0116229,0.0504114,0.0358248,0.0326888,0.0334868,0.0302299,0.008867,0.008867,0.163132,0.163132,0.0210794,0.008867,0.0114822,0.0280663,0.0477642,0.010123,0.010123,
1.005,0.0116557,0.0094292,0.0141516,0.0183179,0.00952117,0.0255317,0.021201,0.021201,0.0315287,0.0439752,0.0230949,0.00868946,0.00360797,0.00318804,0.052798,0.052798,0.052798,0.000287596,0.0125362,0.0240733,0.0365319,0.0377732,0.0565755,0.0140775,0.107751,0.0206886,0.0132522,0.0338966,0.107282,0.004887,0.004887,0.021201,0.021201,0.00449481,0.004887,0.0382313,0.00829369,0.023528,0.003391,0.003391,0.0231609,0.00815625,0.0155594,0.0158987,0.00610422,0.0187954,0.180479,0.180479,0.0213257,0.0741675,0.0348722,0.0339966,0.0255966,0.0229731,0.088904,0.088904,0.088904,0.0114,0.0139062,0.012523,0.0288239,0.0203899,0.0313482,0.0112756,0.0529751,0.0358276,0.0325193,0.03386,0.0341602,0.009693,0.009693,0.180479,0.180479,0.0208309,0.009693,0.0114949,0.0269824,0.0494564,0.013151,0.013151,
1.01,0.00947928,0.00779882,0.0107724,0.0150728,0.00731835,0.0222246,0.021569,0.021569,0.0285463,0.0370033,0.0185037,0.00709059,0.00260977,0.00240672,0.047365,0.047365,0.047365,6.4171e-05,0.0140189,0.0268664,0.0324435,0.0421385,0.0631726,0.0154821,0.097527,0.0134745,0.0108612,0.035443,0.0954185,0.004729,0.004729,0.021569,0.021569,0.00226374,0.004729,0.0301212,0.00785555,0.0195963,0.003157,0.003157,0.0143459,0.00715331,0.0114908,0.0159437,0.00571446,0.0135942,0.197439,0.197439,0.0177059,0.0592999,0.0316237,0.0296099,0.0219024,0.019699,0.074123,0.074123,0.074123,0.0110849,0.0149754,0.0139713,0.0207237,0.0189285,0.0263615,0.00835601,0.0274577,0.0306524,0.0287741,0.0294006,0.0145029,0.010815,0.010815,0.197439,0.197439,0.0185883,0.010815,0.00787534,0.024618,0.0489729,0.016977,0.016977,
1.015,0.00963172,0.00717097,0.01222,0.0151148,0.00873788,0.0205343,0.022297,0.022297,0.0273522,0.0344444,0.0176084,0.0069951,0.00257182,0.00319755,0.043164,0.043164,0.043164,0.000493572,0.0147635,0.0279575,0.0291127,0.0452416,0.0672408,0.0173041,0.0889928,0.0126158,0.0129696,0.0372939,0.0854428,0.004594,0.004594,0.022297,0.022297,0.00189459,0.004594,0.0293899,0.00878352,0.0184467,0.002878,0.002878,0.0106516,0.00692299,0.00934461,0.0162965,0.00595738,0.0127431,0.212777,0.212777,0.0161044,0.0486891,0.0302836,0.0280011,0.020482,0.0196379,0.061725,0.061725,0.061725,0.0108427,0.0157349,0.0146413,0.0197339,0.0175494,0.0242522,0.00802078,0.0222873,0.0289139,0.027187,0.0274925,0.0135347,0.012228,0.012228,0.212777,0.212777,0.0174037,0.012228,0.00710165,0.0232254,0.0490934,0.021557,0.021557,
1.02,0.0086418,0.0068793,0.0101609,0.01419,0.00687272,0.0201266,0.023397,0.023397,0.0277389,0.0343407,0.0163192,0.00635633,0.00177088,0.00176273,0.040231,0.040231,0.040231,1.39463e-06,0.0158332,0.030005,0.029857,0.0475815,0.0712413,0.0170315,0.0929139,0.00902568,0.0105839,0.0385683,0.0886242,0.004477,0.004477,0.023397,0.023397,0.00110711,0.004477,0.0279978,0.00812566,0.0178316,0.002561,0.002561,0.00815096,0.00654008,0.00870661,0.0166779,0.00557003,0.00949912,0.225425,0.225425,0.0160137,0.0491798,0.0307614,0.0278965,0.0203773,0.0188808,0.051893,0.051893,0.051893,0.0112536,0.0165077,0.01565,0.0180879,0.0181719,0.0238957,0.00692452,0.0155225,0.0285715,0.0272997,0.0278271,0.00611859,0.013891,0.013891,0.225425,0.225425,0.0176862,0.013891,0.00600001,0.0235626,0.0510414,0.026761,0.026761,
1.025,0.00915165,0.00621027,0.01153,0.0137024,0.00811468,0.0198913,0.024861,0.024861,0.029348,0.0341205,0.0148313,0.0058672,0.00143214,0.00203801,0.038499,0.038499,0.038499,0.00017329,0.0165348,0.0316759,0.0260241,0.0501447,0.0746983,0.0189399,0.0838576,0.00690548,0.0119509,0.0403167,0.0785045,0.004372,0.004372,0.024861,0.024861,0.000508275,0.004372,0.0295362,0.00859229,0.0163514,0.002221,0.002221,0.00347413,0.00586946,0.0063737,0.0172673,0.00539476,0.00708075,0.234829,0.234829,0.0145294,0.0382183,0.0293942,0.0261919,0.0190778,0.0185057,0.044594,0.044594,0.044594,0.0119889,0.0172593,0.0164634,0.0183891,0.0168149,0.0215476,0.00595621,0.00842092,0.0266421,0.0257412,0.026096,0.00288399,0.01572,0.01572,0.234829,0.234829,0.0165576,0.01572,0.00500871,0.0218591,0.0511027,0.032359,0.032359,
1.03,0.00835761,0.00607039,0.0109641,0.0141424,0.00720864,0.018494,0.026646,0.026646,0.0277465,0.0332731,0.0152423,0.00610995,0.0010744,0.00123445,0.037824,0.037824,0.037824,0.000284807,0.0170685,0.0321591,0.0275027,0.0514786,0.0769586,0.0180178,0.0873634,0.00719651,0.0116306,0.0411063,0.0813249,0.004279,0.004279,0.026646,0.026646,0.000403194,0.004279,0.0280599,0.00854689,0.016959,0.001883,0.001883,0.00383422,0.00657183,0.00670696,0.0172637,0.00592101,0.00702115,0.241016,0.241016,0.0148367,0.0407871,0.0300501,0.0267697,0.0193252,0.0187438,0.039632,0.039632,0.039632,0.0115258,0.0175915,0.01667,0.0175064,0.0174312,0.0222086,0.00668281,0.00944591,0.0273178,0.026331,0.026484,0.00317468,0.017585,0.017585,0.241016,0.241016,0.016923,0.017585,0.00526191,0.0225257,0.0522586,0.038043,0.038043,
1.035,0.00774479,0.00546644,0.0107185,0.013887,0.00679075,0.0168648,0.028679,0.028679,0.0267363,0.0317862,0.0143307,0.00581167,0.000639745,0.000803382,0.03803,0.03803,0.03803,0.000525853,0.0170458,0.0320821,0.0260297,0.0526637,0.0781288,0.0179521,0.0829388,0.00612418,0.0117934,0.041499,0.0760333,0.004198,0.004198,0.028679,0.028679,0,0.004198,0.0272174,0.00841673,0.0161979,0.001585,0.001585,0.000738221,0.00559584,0.0054534,0.0171548,0.00568904,0.00508615,0.244495,0.244495,0.0137223,0.0358546,0.0289528,0.0257254,0.0182109,0.0182668,0.036712,0.036712,0.036712,0.0113441,0.0178214,0.016831,0.0166046,0.0168011,0.0209155,0.00589346,0.00519508,0.0261253,0.0251766,0.0249478,0.000623852,0.01933,0.01933,0.244495,0.244495,0.0161458,0.01933,0.00477904,0.0216422,0.0517151,0.043439,0.043439,
1.04,0.00978318,0.00621089,0.0123246,0.0135081,0.00816469,0.021266,0.030901,0.030901,0.0335646,0.0378949,0.0163718,0.00754246,0.00279967,0.00291834,0.038939,0.038939,0.038939,0.000626283,0.0179465,0.0338303,0.0260135,0.0533684,0.0787842,0.0198834,0.0832093,0.00672542,0.0136845,0.0421582,0.0770371,0.004136,0.004136,0.030901,0.030901,0.00224978,0.004136,0.0338315,0.0106826,0.0162541,0.001381,0.001381,0.000111008,0.00524188,0.0054133,0.0183396,0.00500966,0.00373198,0.246072,0.246072,0.0147287,0.0351473,0.0299489,0.0265356,0.0193497,0.0186993,0.035498,0.035498,0.035498,0.0138484,0.0182751,0.0176673,0.0210557,0.0168467,0.0214095,0.00519236,0.00565905,0.0266277,0.0259243,0.0263016,0.00115303,0.02081,0.02081,0.246072,0.246072,0.0169117,0.02081,0.00495585,0.0215462,0.0527601,0.048167,0.048167,
1.045,0.0100701,0.00671278,0.0136338,0.0152521,0.0083866,0.0215645,0.0333,0.0333,0.0340255,0.0395953,0.0210568,0.0109341,0.00524255,0.00501021,0.040369,0.040369,0.040369,0.00212911,0.0191238,0.0347033,0.0304449,0.0576364,0.0838083,0.0204505,0.0886422,0.0131027,0.0179823,0.0447311,0.0822272,0.004102,0.004102,0.0333,0.0333,0.00465175,0.004102,0.0344412,0.0139078,0.0187179,0.001348,0.001348,0.00153574,0.00657546,0.00667904,0.0194703,0.00654175,0.00689511,0.246799,0.246799,0.0157914,0.0401658,0.0319815,0.0290346,0.0205619,0.0204305,0.035659,0.035659,0.035659,0.0144732,0.01941,0.0183823,0.021552,0.018528,0.0239945,0.00711337,0.00788934,0.0290824,0.0280003,0.0269471,0.00430575,0.021911,0.021911,0.246799,0.246799,0.0182567,0.021911,0.00677989,0.0235923,0.0553807,0.051897,0.051897,
1.05,0.0107284,0.00685095,0.0152608,0.0171938,0.00900087,0.0233346,0.035905,0.035905,0.036738,0.0430078,0.0223485,0.011,0.00442674,0.00428136,0.042123,0.042123,0.042123,0.0028533,0.0188547,0.0355267,0.0334398,0.0600834,0.0868745,0.0212026,0.0927009,0.0174192,0.0199724,0.0476024,0.087093,0.004112,0.004112,0.035905,0.035905,0.00340952,0.004112,0.0367731,0.0133314,0.0212225,0.001584,0.001584,0.0029445,0.00738804,0.0081669,0.0207219,0.00811024,0.0106587,0.247969,0.247969,0.0166748,0.0455768,0.0338689,0.0316358,0.0218627,0.0223175,0.036882,0.036882,0.036882,0.0155188,0.0203404,0.0186859,0.0226443,0.0205833,0.0264578,0.00879162,0.00743488,0.0319399,0.0305516,0.0276714,0.00443182,0.022558,0.022558,0.247969,0.247969,0.0194269,0.022558,0.00855205,0.0257663,0.0579021,0.054376,0.054376,
1.055,0.0106332,0.00651315,0.0149669,0.0170541,0.0089302,0.0235091,0.038794,0.038794,0.0376077,0.0435502,0.0192008,0.00824405,0.00167405,0.00165602,0.043999,0.043999,0.043999,0.00181054,0.0186616,0.0365684,0.0318084,0.059743,0.087563,0.0211357,0.0933627,0.0133274,0.0171304,0.0482846,0.0874933,0.004179,0.004179,0.038794,0.038794,0.000738594,0.004179,0.0377187,0.010498,0.0206925,0.002215,0.002215,0.00210757,0.00705162,0.00775417,0.020769,0.00773535,0.00893449,0.251115,0.251115,0.0166472,0.0447863,0.0340119,0.0314133,0.0219757,0.0222199,0.038882,0.038882,0.038882,0.0155426,0.0204804,0.0188925,0.0230866,0.0205579,0.0259328,0.00825303,0.00636173,0.0319282,0.030696,0.0284341,0.00228256,0.022711,0.022711,0.251115,0.251115,0.0193202,0.022711,0.00781006,0.0256197,0.0588864,0.055436,0.055436,
1.06,0.0127026,0.00763104,0.0174304,0.018394,0.0108057,0.0274591,0.042086,0.042086,0.042559,0.0491189,0.02312,0.0107242,0.00406388,0.00419064,0.045795,0.045795,0.045795,0.00249579,0.0193915,0.0377252,0.0345846,0.0615603,0.0894831,0.0230447,0.0983191,0.0180505,0.0207501,0.0500195,0.0933959,0.004327,0.004327,0.042086,0.042086,0.00305412,0.004327,0.0431798,0.0131359,0.0227096,0.003385,0.003385,0.00459834,0.00779274,0.00921985,0.0221996,0.00826755,0.0117649,0.257915,0.257915,0.0184407,0.0495639,0.0363814,0.0340694,0.0240636,0.0241334,0.041412,0.041412,0.041412,0.0173671,0.0212054,0.019545,0.0271059,0.0218007,0.0285078,0.00935458,0.0116293,0.0345721,0.0330732,0.030582,0.00725933,0.022361,0.022361,0.257915,0.257915,0.0209133,0.022361,0.0093782,0.0272866,0.0612628,0.055024,0.055024,
1.065,0.0129683,0.00771853,0.0177411,0.0186997,0.0107659,0.0283842,0.045925,0.045925,0.0447785,0.0510812,0.0239825,0.011459,0.004462,0.0044181,0.047318,0.047318,0.047318,0.00274381,0.0206736,0.0400397,0.035813,0.0654007,0.0949044,0.024207,0.101262,0.0180986,0.0216935,0.0526563,0.0957799,0.004583,0.004583,0.045925,0.045925,0.00334101,0.004583,0.0446586,0.0141217,0.0232229,0.005256,0.005256,0.00294394,0.00787557,0.00896147,0.0233443,0.00854082,0.0108974,0.269862,0.269862,0.0187981,0.0495684,0.0376144,0.0350652,0.0246398,0.0247268,0.044262,0.044262,0.044262,0.0184578,0.022438,0.020775,0.027603,0.0226443,0.0291256,0.00925444,0.00798174,0.0353977,0.034059,0.0312468,0.00435767,0.021532,0.021532,0.269862,0.269862,0.0216109,0.021532,0.00937168,0.0281331,0.0640655,0.053204,0.053204,
1.07,0.0141763,0.00889666,0.0187637,0.0203044,0.0112737,0.031648,0.050437,0.050437,0.0487517,0.0563645,0.027519,0.0133992,0.00591217,0.00552817,0.048423,0.048423,0.048423,0.00301835,0.0221749,0.0425342,0.0407797,0.0693898,0.10057,0.0255747,0.113849,0.0212055,0.0234651,0.0558689,0.108662,0.004976,0.004976,0.050437,0.050437,0.00484886,0.004976,0.0486105,0.0159364,0.0258305,0.00799,0.00799,0.00553158,0.0087515,0.0108804,0.0251027,0.00913931,0.0128523,0.287808,0.287808,0.0212483,0.0589599,0.0414425,0.0388563,0.0274566,0.0269298,0.047237,0.047237,0.047237,0.0200438,0.0238778,0.0221488,0.0304912,0.0250876,0.0327558,0.010324,0.012535,0.0392201,0.0376203,0.0347876,0.00677106,0.02028,0.02028,0.287808,0.287808,0.024056,0.02028,0.0107038,0.0311855,0.0691213,0.050148,0.050148,
1.075,0.0123758,0.00830813,0.0169933,0.0196842,0.0102638,0.0268261,0.055711,0.055711,0.0424235,0.04966,0.0259805,0.013071,0.00564766,0.00538077,0.049022,0.049022,0.049022,0.00270274,0.023816,0.0437523,0.0390334,0.073345,0.106578,0.0256627,0.113064,0.0167018,0.0222808,0.0571432,0.104992,0.005537,0.005537,0.055711,0.055711,0.00474826,0.005537,0.042744,0.016548,0.024078,0.011734,0.011734,0.0018467,0.00815356,0.00865792,0.0246863,0.0085566,0.00933291,0.311815,0.311815,0.0198527,0.051999,0.0406154,0.0370855,0.0259874,0.0260704,0.050139,0.050139,0.050139,0.018092,0.0247095,0.0232069,0.0264752,0.0239273,0.0306701,0.00912526,0.00857546,0.0372375,0.0357749,0.0339252,0.00407182,0.018698,0.018698,0.311815,0.311815,0.0231609,0.018698,0.00875,0.030348,0.070486,0.046113,0.046113,
1.08,0.0139295,0.00848878,0.0191141,0.0217682,0.0117868,0.0307982,0.061773,0.061773,0.0492155,0.056533,0.0232348,0.00937128,0.0011576,0.00132572,0.04908,0.04908,0.04908,0.0015254,0.0246684,0.0486402,0.0400658,0.0779622,0.115067,0.0279854,0.122497,0.0138642,0.0204814,0.0632114,0.114421,0.00629,0.00629,0.061773,0.061773,0,0.00629,0.0494391,0.0126459,0.0261426,0.016596,0.016596,0.0020477,0.00881693,0.00952103,0.0270924,0.00941273,0.00989698,0.341188,0.341188,0.0216964,0.056778,0.0444342,0.040513,0.0287074,0.0287044,0.052799,0.052799,0.052799,0.0201702,0.0268405,0.0250261,0.030276,0.0264174,0.033143,0.00994209,0.00790454,0.0412045,0.0397765,0.0378569,0.00180968,0.016914,0.016914,0.341188,0.341188,0.0250998,0.016914,0.00921664,0.0330964,0.0775845,0.041429,0.041429,
1.085,0.0161427,0.00987465,0.0215205,0.024122,0.013644,0.0358048,0.068537,0.068537,0.055751,0.0639486,0.0262881,0.0105281,0.00178397,0.00213994,0.048604,0.048604,0.048604,0.00155393,0.0268574,0.0532992,0.0449119,0.0845413,0.124904,0.0312586,0.136997,0.0164093,0.0227703,0.0690925,0.12912,0.007247,0.007247,0.068537,0.068537,0.000354857,0.007247,0.0558294,0.0140555,0.0293014,0.022623,0.022623,0.00443211,0.0100371,0.0113998,0.0299816,0.010371,0.0126043,0.374361,0.374361,0.0246294,0.0656235,0.0495708,0.0453555,0.032402,0.0319924,0.055116,0.055116,0.055116,0.0226095,0.0292872,0.0273392,0.0344525,0.0294606,0.0373866,0.0112629,0.0113706,0.046185,0.0445661,0.0426456,0.00373588,0.015072,0.015072,0.374361,0.374361,0.0281446,0.015072,0.0105649,0.0369933,0.085429,0.036472,0.036472,
1.09,0.0169406,0.0110609,0.0229911,0.0271682,0.0141631,0.0375752,0.075763,0.075763,0.0582047,0.0685641,0.0307163,0.0128916,0.0028864,0.00287705,0.047635,0.047635,0.047635,0.00212189,0.0297695,0.0577512,0.0516851,0.0936457,0.13794,0.0332656,0.154956,0.0200213,0.0256038,0.0757664,0.145744,0.008403,0.008403,0.075763,0.075763,0.0016376,0.008403,0.0591157,0.0164862,0.0330811,0.029775,0.029775,0.00629131,0.0113446,0.0132674,0.0326382,0.0116828,0.0147233,0.408971,0.408971,0.0275174,0.0761544,0.0551345,0.0506683,0.0359369,0.0355641,0.057042,0.057042,0.057042,0.0238906,0.0322032,0.029932,0.0369182,0.0329022,0.0421939,0.0130625,0.0166405,0.0516251,0.0494708,0.0472764,0.00712728,0.0133,0.0133,0.408971,0.408971,0.0313923,0.0133,0.0121955,0.0415246,0.0943587,0.031607,0.031607,
1.095,0.0196765,0.0116434,0.0262406,0.0282452,0.0166899,0.0432379,0.083133,0.083133,0.0680329,0.0770852,0.0316951,0.0132485,0.00299737,0.00346855,0.046254,0.046254,0.046254,0.00214957,0.0321121,0.0635912,0.0522029,0.10068,0.148303,0.0377648,0.158727,0.0197351,0.0282691,0.0820453,0.149357,0.009735,0.009735,0.083133,0.083133,0.00129605,0.009735,0.0680445,0.0177615,0.0342872,0.037915,0.037915,0.00368041,0.0115911,0.0128322,0.0358311,0.0121062,0.0139383,0.442458,0.442458,0.028872,0.0742465,0.0582652,0.0532621,0.038087,0.0377333,0.058562,0.058562,0.058562,0.0276113,0.0348483,0.0326334,0.0419185,0.0344092,0.0436477,0.0129448,0.0115065,0.0540558,0.0522875,0.0499124,0.00383829,0.011688,0.011688,0.442458,0.442458,0.0330766,0.011688,0.0124292,0.0431052,0.100795,0.027122,0.027122,
1.1,0.0205962,0.0122067,0.0278844,0.030322,0.0171409,0.0455336,0.090346,0.090346,0.0726068,0.0826555,0.0345576,0.0147875,0.00340191,0.00348061,0.044578,0.044578,0.044578,0.00273847,0.0342047,0.0675307,0.05645,0.10777,0.158321,0.0395115,0.169069,0.0222806,0.0307351,0.0875695,0.158892,0.011199,0.011199,0.090346,0.090346,0.0018055,0.011199,0.0727646,0.0192838,0.0369586,0.046827,0.046827,0.00330276,0.0123049,0.0137678,0.0381984,0.013159,0.0144424,0.472731,0.472731,0.0307398,0.0798822,0.0620678,0.0570026,0.0404902,0.0402609,0.059697,0.059697,0.059697,0.0296126,0.0372146,0.0347133,0.0448357,0.03695,0.0467937,0.0140505,0.0119745,0.0578123,0.0558336,0.0527225,0.00396033,0.010286,0.010286,0.472731,0.472731,0.035304,0.010286,0.0137218,0.0460127,0.107265,0.023213,0.023213,
1.105,0.0216643,0.012723,0.0293626,0.0322022,0.018029,0.0483132,0.097108,0.097108,0.0767235,0.0874568,0.0350309,0.0140597,0.00196643,0.00214346,0.04275,0.04275,0.04275,0.00253144,0.0351876,0.0706889,0.0593928,0.111998,0.165067,0.0411356,0.178615,0.0231324,0.0311038,0.0919774,0.168528,0.012735,0.012735,0.097108,0.097108,0.000172282,0.012735,0.076743,0.0183493,0.0392635,0.05617,0.05617,0.00462623,0.0131809,0.0150748,0.0400643,0.014133,0.0162863,0.498574,0.498574,0.0325119,0.0862424,0.0654378,0.0602921,0.0428394,0.0425409,0.060519,0.060519,0.060519,0.0310464,0.0388817,0.0360885,0.0472062,0.0392832,0.0496135,0.0151989,0.0131483,0.0613883,0.0592607,0.0557375,0.00394342,0.009118,0.009118,0.498574,0.498574,0.0372161,0.009118,0.0147005,0.0487612,0.112713,0.019984,0.019984,
1.11,0.0222349,0.0130247,0.0311652,0.0345922,0.0186334,0.0494422,0.103116,0.103116,0.0793171,0.0909705,0.0375827,0.015323,0.00198392,0.00206559,0.040917,0.040917,0.040917,0.00340753,0.0368819,0.0739752,0.0634082,0.119139,0.174986,0.0428464,0.186787,0.0267556,0.034102,0.0975704,0.175888,0.014273,0.014273,0.103116,0.103116,0,0.014273,0.0793528,0.0195431,0.0420453,0.065477,0.065477,0.00447297,0.0142418,0.0159701,0.0422092,0.0157734,0.0184209,0.519578,0.519578,0.0338136,0.0907833,0.0686953,0.0636981,0.0446999,0.0451025,0.061126,0.061126,0.061126,0.0323552,0.0411615,0.0378456,0.0485165,0.0417355,0.052515,0.0168458,0.0123877,0.0649045,0.0624917,0.0575721,0.00404256,0.008183,0.008183,0.519578,0.519578,0.0390442,0.008183,0.016164,0.0516362,0.118569,0.017444,0.017444,
1.115,0.0254773,0.0142823,0.0352434,0.0369854,0.0209537,0.0567752,0.108072,0.108072,0.0909998,0.103125,0.0426657,0.0182546,0.00400576,0.00390409,0.039227,0.039227,0.039227,0.00449717,0.0386964,0.0784113,0.0683004,0.125306,0.183072,0.0463143,0.195967,0.0329289,0.0393194,0.103348,0.186199,0.015745,0.015745,0.108072,0.108072,0.00183423,0.015745,0.0906528,0.0224623,0.0457406,0.074255,0.074255,0.00546339,0.0152829,0.0178709,0.0456711,0.017091,0.0209689,0.535955,0.535955,0.0367145,0.0980542,0.073351,0.0687464,0.0483327,0.0485202,0.061614,0.061614,0.061614,0.0368284,0.0435401,0.039937,0.0556995,0.0448325,0.0568981,0.0184341,0.0138924,0.0698919,0.0673472,0.061139,0.00583428,0.007467,0.007467,0.535955,0.535955,0.0420352,0.007467,0.0186848,0.0549059,0.124972,0.015539,0.015539,
1.12,0.027731,0.0147242,0.0377702,0.0381032,0.0227326,0.0621422,0.111772,0.111772,0.0997754,0.111539,0.0422226,0.0169411,0.00237117,0.0024787,0.037809,0.037809,0.037809,0.00402981,0.0391189,0.0816872,0.0688816,0.12731,0.186687,0.0485055,0.200183,0.0326775,0.0396143,0.106837,0.191413,0.017088,0.017088,0.111772,0.111772,4.56627e-05,0.017088,0.0991488,0.0210549,0.0472474,0.082109,0.082109,0.00563941,0.0155679,0.0186665,0.0476885,0.0174509,0.0212914,0.548372,0.548372,0.0383469,0.101014,0.0759039,0.0712699,0.0505416,0.0503401,0.062069,0.062069,0.062069,0.0397363,0.0447577,0.041066,0.0609351,0.0464121,0.0587662,0.0188304,0.0137978,0.07262,0.0702043,0.0638268,0.00503001,0.006947,0.006947,0.548372,0.548372,0.0435244,0.006947,0.0195014,0.0563777,0.128885,0.014186,0.014186,
1.125,0.0296416,0.0154975,0.0402413,0.0395632,0.0240648,0.0664416,0.114205,0.114205,0.106602,0.118732,0.0457907,0.019155,0.00400326,0.00394576,0.036766,0.036766,0.036766,0.00489048,0.0401602,0.0840539,0.0721035,0.130924,0.191189,0.0504719,0.205368,0.0371803,0.0432151,0.110094,0.197351,0.018257,0.018257,0.114205,0.114205,0.00156478,0.018257,0.105734,0.0232204,0.0495712,0.08881,0.08881,0.00636309,0.0162439,0.0198967,0.0497132,0.0183322,0.0231215,0.557617,0.557617,0.0400592,0.105571,0.0786011,0.0743078,0.0526551,0.0523754,0.062575,0.062575,0.062575,0.0424041,0.046113,0.0422186,0.065143,0.0482765,0.0614743,0.0199052,0.0148437,0.0755914,0.0730622,0.0657349,0.00643959,0.006595,0.006595,0.557617,0.557617,0.0453032,0.006595,0.0211869,0.0583316,0.132407,0.013289,0.013289,
1.13,0.0314962,0.0155641,0.0414275,0.0380626,0.0258159,0.0703311,0.115532,0.115532,0.112973,0.123181,0.0423673,0.0165968,0.00230406,0.00267632,0.036171,0.036171,0.036171,0.00320777,0.0406075,0.0866204,0.0674774,0.12845,0.189782,0.051972,0.20161,0.0309116,0.0405309,0.109808,0.194142,0.019217,0.019217,0.115532,0.115532,0,0.019217,0.111767,0.0213851,0.0476502,0.094268,0.094268,0.00554645,0.0164818,0.0188133,0.0500985,0.0171988,0.0197526,0.56434,0.56434,0.0404311,0.100262,0.0783425,0.0730128,0.0530929,0.0516524,0.063198,0.063198,0.063198,0.0441315,0.0458691,0.0426443,0.0690765,0.0469856,0.0597314,0.0188158,0.0145887,0.0743654,0.0725923,0.0673,0.00529689,0.006381,0.006381,0.56434,0.56434,0.0449808,0.006381,0.0196979,0.0565904,0.13248,0.012744,0.012744,
1.135,0.030845,0.0155064,0.0422062,0.0396261,0.0258602,0.0682337,0.116033,0.116033,0.109674,0.121026,0.0443497,0.0178284,0.00239872,0.00261945,0.036054,0.036054,0.036054,0.00394909,0.0417356,0.0876196,0.0702142,0.131216,0.19449,0.0514185,0.205901,0.0346921,0.0424514,0.111898,0.197646,0.019952,0.019952,0.116033,0.116033,7.26541e-05,0.019952,0.108604,0.0223736,0.0494519,0.098481,0.098481,0.00844955,0.0195621,0.019906,0.0503569,0.0194343,0.0236202,0.569277,0.569277,0.0410768,0.104192,0.079679,0.0743139,0.0537263,0.0528199,0.063933,0.063933,0.063933,0.0430956,0.0465287,0.0428397,0.067126,0.0480984,0.0613499,0.0218726,0.0181398,0.0760294,0.0740698,0.0677819,0.009311,0.006272,0.006272,0.569277,0.569277,0.0456509,0.006272,0.0208886,0.0580655,0.134536,0.012439,0.012439,
1.14,0.0326178,0.0156172,0.0450548,0.0392327,0.0281851,0.0711578,0.116072,0.116072,0.114058,0.124194,0.0446207,0.0181228,0.00233619,0.00267857,0.036397,0.036397,0.036397,0.00352774,0.0435076,0.0910712,0.0685015,0.129513,0.195387,0.0521026,0.20344,0.0351218,0.0433761,0.112441,0.195962,0.020474,0.020474,0.116072,0.116072,0,0.020474,0.111733,0.0230944,0.0494684,0.101513,0.101513,0.0128274,0.0251233,0.0205285,0.050819,0.0215714,0.026343,0.57339,0.57339,0.042353,0.103155,0.0802708,0.0738543,0.0547766,0.0528524,0.064713,0.064713,0.064713,0.0442514,0.0463067,0.0428587,0.069282,0.0476784,0.0612247,0.02546,0.0225599,0.0760275,0.0749604,0.0692547,0.0141655,0.006236,0.006236,0.57339,0.57339,0.045877,0.006236,0.0212336,0.0572264,0.134829,0.012269,0.012269,
1.145,0.0343321,0.0159503,0.0457794,0.038126,0.0292493,0.075232,0.115965,0.115965,0.120535,0.129424,0.0432764,0.0171399,0.00224973,0.0027912,0.037152,0.037152,0.037152,0.00268916,0.0432152,0.0919245,0.0659757,0.127678,0.192826,0.0535338,0.200829,0.0318206,0.0422849,0.11178,0.194294,0.020837,0.020837,0.115965,0.115965,0,0.020837,0.11812,0.0225191,0.0483003,0.103526,0.103526,0.0110243,0.0233913,0.0198322,0.0513424,0.019914,0.0231424,0.577291,0.577291,0.0426346,0.100135,0.0801081,0.073452,0.0551938,0.0524584,0.06544,0.06544,0.06544,0.0463207,0.0461228,0.0431726,0.073454,0.0469791,0.0603765,0.0234114,0.021253,0.0754026,0.0746637,0.0701482,0.0121982,0.006246,0.006246,0.577291,0.577291,0.0458595,0.006246,0.0204643,0.0561746,0.134448,0.012145,0.012145,
1.15,0.0367404,0.0162731,0.0479195,0.0368344,0.0314654,0.0801321,0.115939,0.115939,0.128186,0.135314,0.0420929,0.0163722,0.0021192,0.00291287,0.038251,0.038251,0.038251,0.00165408,0.0439034,0.0943999,0.0624835,0.124743,0.190613,0.0550086,0.196676,0.0288707,0.0416674,0.111175,0.191314,0.021131,0.021131,0.115939,0.115939,0,0.021131,0.125168,0.0223772,0.0470978,0.104784,0.104784,0.0119313,0.0249703,0.0194751,0.0518838,0.0195628,0.0216737,0.580497,0.580497,0.0435104,0.0964733,0.0800922,0.0725983,0.0560182,0.0519952,0.066015,0.066015,0.066015,0.0485789,0.0457007,0.0433538,0.0782116,0.0459165,0.0593529,0.0235759,0.0231176,0.0746202,0.0746627,0.0716728,0.0136356,0.006278,0.006278,0.580497,0.580497,0.0458344,0.006278,0.0198769,0.0545726,0.133954,0.011999,0.011999,
1.155,0.0400382,0.0165583,0.0515994,0.0351649,0.0349238,0.0863647,0.116263,0.116263,0.137852,0.142535,0.0409121,0.0157154,0.0019469,0.0030506,0.039632,0.039632,0.039632,0.000419538,0.045213,0.098116,0.0575824,0.119777,0.18728,0.0564695,0.189502,0.0263256,0.0415003,0.110077,0.185898,0.021469,0.021469,0.116263,0.116263,0,0.021469,0.133674,0.0224998,0.0457034,0.105692,0.105692,0.0154187,0.02961,0.0194336,0.0523556,0.0203578,0.0217773,0.581117,0.581117,0.0448884,0.0917121,0.0798864,0.0710755,0.0571327,0.051289,0.066367,0.066367,0.066367,0.0512801,0.0447921,0.0431745,0.0840672,0.0443141,0.057951,0.0257589,0.0279177,0.0734412,0.0747445,0.073567,0.0183149,0.006315,0.006315,0.581117,0.581117,0.0456486,0.006315,0.0195151,0.0521059,0.132598,0.011788,0.011788,
1.16,0.043369,0.0169967,0.0555249,0.0353045,0.0376437,0.0936994,0.117345,0.117345,0.149715,0.153201,0.0418275,0.0159189,0.00203657,0.00322001,0.041252,0.041252,0.041252,0.000446731,0.0451109,0.100319,0.0565689,0.117512,0.184905,0.0582293,0.185982,0.0287015,0.0436151,0.110808,0.184865,0.021973,0.021973,0.117345,0.117345,0,0.021973,0.144724,0.022568,0.0466741,0.10677,0.10677,0.0171407,0.0313957,0.0204357,0.0538623,0.0211535,0.0231918,0.576661,0.576661,0.0464477,0.0923433,0.0809019,0.0722803,0.0588875,0.052212,0.066465,0.066465,0.066465,0.0551559,0.0447251,0.0431682,0.0911755,0.0447889,0.0589579,0.0271671,0.0295724,0.0748119,0.0765956,0.0749872,0.0203814,0.00634,0.00634,0.576661,0.576661,0.0464536,0.00634,0.020944,0.0518161,0.13264,0.011493,0.011493,
1.165,0.0469011,0.0173353,0.0608603,0.0355652,0.0415349,0.100117,0.119723,0.119723,0.159646,0.161934,0.0433077,0.01665,0.00228956,0.00371015,0.043099,0.043099,0.043099,0.000530855,0.0456453,0.102852,0.0546173,0.113208,0.181453,0.0592813,0.179787,0.0327934,0.0466941,0.110683,0.181207,0.022754,0.022754,0.119723,0.119723,0.000264421,0.022754,0.154017,0.0232871,0.047733,0.108506,0.108506,0.0229032,0.0370767,0.022008,0.0547385,0.0236687,0.0278496,0.565131,0.565131,0.048346,0.0924871,0.0815348,0.0726665,0.0606565,0.0530357,0.066302,0.066302,0.066302,0.058059,0.043955,0.0424178,0.0976196,0.0445548,0.0597184,0.031572,0.0372953,0.0757976,0.0783015,0.0764497,0.0289072,0.006342,0.006342,0.565131,0.565131,0.046902,0.006342,0.022848,0.0508045,0.131412,0.011113,0.011113,
1.17,0.0513379,0.0178709,0.0684731,0.0365756,0.0470161,0.107653,0.123954,0.123954,0.170732,0.171781,0.0463815,0.0183824,0.00273134,0.00442565,0.04517,0.04517,0.04517,0.000788109,0.0478744,0.108083,0.0536631,0.109341,0.181096,0.0606194,0.17556,0.0398183,0.0515705,0.112118,0.179841,0.023884,0.023884,0.123954,0.123954,0.00060013,0.023884,0.163576,0.025095,0.0500787,0.111172,0.111172,0.0336766,0.0480836,0.0249078,0.0561503,0.0288629,0.0370859,0.545445,0.545445,0.0516239,0.0954411,0.0835805,0.0738382,0.0636915,0.0547088,0.065909,0.065909,0.065909,0.0611883,0.043428,0.0417839,0.104367,0.0449346,0.0616941,0.040074,0.0501325,0.0780716,0.0817256,0.0793746,0.0428845,0.006318,0.006318,0.545445,0.545445,0.0480814,0.006318,0.0257953,0.0504301,0.13173,0.010655,0.010655,
1.175,0.0534652,0.0180752,0.0696307,0.036316,0.0475301,0.112784,0.130488,0.130488,0.180522,0.181948,0.0454624,0.0171056,0.00255556,0.00413322,0.047464,0.047464,0.047464,0.000765968,0.0432734,0.102704,0.0504789,0.102785,0.167471,0.0603429,0.166523,0.0394097,0.0513932,0.107901,0.173063,0.025386,0.025386,0.130488,0.130488,0.00132983,0.025386,0.177182,0.0229719,0.0494793,0.114744,0.114744,0.0283144,0.0397832,0.0243311,0.0559055,0.0245779,0.0309091,0.517355,0.517355,0.0511661,0.0929322,0.0816798,0.0740038,0.0634896,0.0547237,0.065358,0.065358,0.065358,0.0643134,0.0418294,0.0402735,0.114219,0.043779,0.061161,0.0347605,0.0527917,0.0777892,0.0804662,0.078307,0.0438109,0.006269,0.006269,0.517355,0.517355,0.0474373,0.006269,0.0266669,0.0485066,0.12671,0.010136,0.010136,
1.18,0.0590892,0.0204007,0.0717908,0.0347047,0.0527675,0.124694,0.139615,0.139615,0.190858,0.18907,0.0457364,0.0166127,0.00715837,0.0121222,0.049969,0.049969,0.049969,0.00098636,0.0360441,0.0937039,0.0464732,0.0919142,0.144993,0.0670529,0.150988,0.0441074,0.0548193,0.100462,0.165183,0.027233,0.027233,0.139615,0.139615,0.00329987,0.027233,0.186597,0.0232741,0.047828,0.118991,0.118991,0.0279844,0.0299233,0.0248021,0.055975,0.0194899,0.0360176,0.481411,0.481411,0.0495936,0.0879385,0.0783295,0.0733598,0.062775,0.0544679,0.064749,0.064749,0.064749,0.0674622,0.0389888,0.0377917,0.119826,0.0419311,0.0602115,0.027425,0.0459681,0.0761313,0.0781254,0.0756843,0.040086,0.006206,0.006206,0.481411,0.481411,0.0462836,0.006206,0.0267447,0.0472295,0.117796,0.009579,0.009579,
1.185,0.0628596,0.0197329,0.0763894,0.0322434,0.0554822,0.133864,0.151517,0.151517,0.206839,0.201647,0.0444014,0.0158571,0.00630406,0.0108561,0.052688,0.052688,0.052688,0.00090247,0.0342936,0.0944364,0.0409152,0.0804201,0.13132,0.0663689,0.132022,0.0465836,0.0557633,0.0960421,0.151308,0.029355,0.029355,0.151517,0.151517,0.00232653,0.029355,0.199164,0.0216755,0.0468658,0.123629,0.123629,0.0313073,0.0348631,0.0256784,0.055911,0.0214111,0.0378829,0.438791,0.438791,0.050119,0.0836142,0.0755209,0.0708445,0.062712,0.0525337,0.064195,0.064195,0.064195,0.0723647,0.0362946,0.0353354,0.127408,0.0404692,0.0583135,0.0305743,0.0444093,0.0739724,0.0775475,0.073888,0.0404743,0.006145,0.006145,0.438791,0.438791,0.0450707,0.006145,0.0282763,0.043196,0.110266,0.009016,0.009016,
1.19,0.0674305,0.0202087,0.0802794,0.0314519,0.0584206,0.144032,0.166253,0.166253,0.223708,0.217232,0.0437213,0.0146728,0.00666884,0.0116359,0.055621,0.055621,0.055621,0.000939786,0.0291812,0.0897458,0.0358129,0.0706222,0.11367,0.0677294,0.116445,0.0481872,0.0573403,0.0910614,0.140357,0.031626,0.031626,0.166253,0.166253,0.00305899,0.031626,0.218424,0.0198058,0.0462094,0.128434,0.128434,0.0278403,0.0282405,0.0255904,0.0562631,0.0178253,0.0342333,0.391059,0.391059,0.0500861,0.0790745,0.0731866,0.0706925,0.0629793,0.0525311,0.063815,0.063815,0.063815,0.0777076,0.0340706,0.0332968,0.140613,0.0389278,0.0575388,0.0263141,0.0463344,0.0734505,0.0765832,0.0727095,0.042246,0.006103,0.006103,0.391059,0.391059,0.044313,0.006103,0.0297983,0.0403375,0.103403,0.008482,0.008482,
1.195,0.0698072,0.0192776,0.080033,0.0267429,0.0577142,0.153615,0.183761,0.183761,0.240499,0.229326,0.0396255,0.0123895,0.00585221,0.0101995,0.05875,0.05875,0.05875,0.000618022,0.0250187,0.0875591,0.0301234,0.059311,0.0964163,0.0675143,0.0959107,0.0458623,0.0547884,0.0848365,0.125652,0.033891,0.033891,0.183761,0.183761,0.00143538,0.033891,0.229523,0.0164468,0.0430779,0.133266,0.133266,0.0225121,0.0249923,0.0245751,0.0560511,0.0158068,0.0293957,0.3401,0.3401,0.0483176,0.0719331,0.0683752,0.0670601,0.0608773,0.0485454,0.063764,0.063764,0.063764,0.0834849,0.0314049,0.0311736,0.145676,0.037529,0.0538236,0.0224427,0.0266253,0.0690671,0.0737387,0.0681629,0.0249149,0.00609,0.00609,0.3401,0.3401,0.0422955,0.00609,0.0292353,0.0359621,0.0940404,0.008009,0.008009,
1.2,0.0759633,0.019223,0.0854539,0.0249598,0.0602695,0.16978,0.203884,0.203884,0.270196,0.25627,0.0382022,0.0106575,0.00462753,0.00805986,0.06205,0.06205,0.06205,0.000457483,0.0205966,0.0868713,0.0246652,0.0486538,0.0792874,0.0685265,0.0784306,0.046468,0.0555975,0.0813494,0.114402,0.036007,0.036007,0.203884,0.203884,0.000940036,0.036007,0.258895,0.0132297,0.0428251,0.138055,0.138055,0.0172609,0.0202146,0.02477,0.0579434,0.0130899,0.0224851,0.288215,0.288215,0.04949,0.0685702,0.066841,0.0675498,0.0622941,0.0481572,0.064202,0.064202,0.064202,0.093384,0.0295846,0.0296865,0.164537,0.0371226,0.0533609,0.0190351,0.0223104,0.0691753,0.074443,0.067719,0.0201728,0.006115,0.006115,0.288215,0.288215,0.0422819,0.006115,0.0314901,0.0325179,0.0879768,0.007625,0.007625,
1.205,0.0848704,0.0199489,0.0975379,0.0258036,0.0679842,0.189125,0.226242,0.226242,0.301446,0.284408,0.0422039,0.0123231,0.0050239,0.00844934,0.065518,0.065518,0.065518,0.00156616,0.0197824,0.0918138,0.0227725,0.0395148,0.0694808,0.0716233,0.0641798,0.0587408,0.0635605,0.0820671,0.108214,0.037858,0.037858,0.226242,0.226242,0.000846323,0.037858,0.286783,0.0137438,0.0466495,0.142755,0.142755,0.0263109,0.0292702,0.028963,0.0614005,0.0180644,0.0319014,0.238131,0.238131,0.0537669,0.0726304,0.0687385,0.0704588,0.0667257,0.0505484,0.065238,0.065238,0.065238,0.10347,0.0283853,0.0281437,0.182321,0.0386396,0.0565828,0.0267829,0.0290578,0.0729733,0.0797327,0.0699354,0.0296401,0.006182,0.006182,0.238131,0.238131,0.0440781,0.006182,0.0371329,0.0314482,0.0852438,0.007351,0.007351,
1.21,0.0890859,0.0204777,0.0975003,0.0219559,0.0690209,0.201062,0.25023,0.25023,0.320168,0.299848,0.037822,0.00898509,0.0054023,0.00942919,0.069165,0.069165,0.069165,0.000430481,0.0127706,0.0850436,0.0150699,0.0270539,0.0460098,0.0738891,0.0452989,0.0532553,0.0606564,0.0739347,0.0950532,0.039354,0.039354,0.25023,0.25023,0.00104521,0.039354,0.305846,0.0100507,0.0427812,0.147329,0.147329,0.0167201,0.0162701,0.0269283,0.061222,0.0104248,0.0217791,0.19244,0.19244,0.0519721,0.0633865,0.0641669,0.0681515,0.0653099,0.0480323,0.066908,0.066908,0.066908,0.109607,0.0254796,0.0261699,0.19439,0.0359942,0.0531405,0.0161726,0.0179274,0.0693993,0.0760643,0.0672152,0.0178154,0.006289,0.006289,0.19244,0.19244,0.0422687,0.006289,0.035894,0.0271272,0.0757152,0.007201,0.007201,
1.215,0.0878063,0.0197338,0.0946477,0.0221209,0.065267,0.201477,0.275082,0.275082,0.323209,0.304021,0.0374719,0.00833469,0.00512815,0.00838914,0.073004,0.073004,0.073004,0.00215433,0.00637406,0.0763135,0.0166769,0.0237432,0.0336592,0.0717619,0.0376833,0.0569604,0.0607629,0.0701528,0.0896603,0.040456,0.040456,0.275082,0.275082,0.000743222,0.040456,0.310087,0.00725359,0.043274,0.151736,0.151736,0.00746974,0.00497515,0.0265188,0.0605768,0.00667229,0.0169453,0.152865,0.152865,0.049371,0.0646807,0.0611216,0.0687364,0.0630324,0.0474389,0.06921,0.06921,0.06921,0.111259,0.0243641,0.0242809,0.196384,0.0367872,0.0531868,0.00953932,0.00560797,0.0690703,0.0742916,0.0619506,0.00630586,0.006436,0.006436,0.152865,0.152865,0.0412348,0.006436,0.0373287,0.0269814,0.069776,0.007173,0.007173,
1.22,0.0870952,0.0186674,0.0982375,0.0277536,0.063095,0.202159,0.299791,0.299791,0.329126,0.313894,0.0448385,0.0121781,0.00424702,0.0053282,0.077041,0.077041,0.077041,0.00666336,0.00437806,0.074829,0.0277863,0.028456,0.0371471,0.0681141,0.0423913,0.0762726,0.0690949,0.0753507,0.0962482,0.041186,0.041186,0.299791,0.299791,0,0.041186,0.315755,0.00732135,0.0515396,0.155947,0.155947,0.00932241,0.00757541,0.0311484,0.0626826,0.0124569,0.0257084,0.120085,0.120085,0.0509251,0.0822115,0.0641229,0.0753852,0.0649164,0.0516052,0.072117,0.072117,0.072117,0.114212,0.0257921,0.0232598,0.199184,0.0427563,0.0602231,0.0160067,0.00463355,0.0763057,0.0802581,0.0596915,0.00790515,0.006614,0.006614,0.120085,0.120085,0.0436403,0.006614,0.0448136,0.0317814,0.0717055,0.007258,0.007258,
1.225,0.0889126,0.0190316,0.103506,0.0331818,0.0642429,0.207009,0.323072,0.323072,0.337377,0.324935,0.0526708,0.0160712,0.0050714,0.00549587,0.08127,0.08127,0.08127,0.0103267,0.00298801,0.0745685,0.0378697,0.0326229,0.0404743,0.068248,0.0493051,0.0949381,0.0782665,0.0807186,0.106333,0.041626,0.041626,0.323072,0.323072,0.000107452,0.041626,0.32332,0.00873778,0.0594107,0.160003,0.160003,0.0146525,0.0107721,0.0362257,0.0655308,0.017646,0.0377176,0.094067,0.094067,0.0534821,0.0992603,0.0683217,0.082524,0.0681482,0.0565243,0.075575,0.075575,0.075575,0.117628,0.0273019,0.0228099,0.203463,0.0483047,0.0676534,0.0221684,0.00713905,0.0840209,0.086907,0.0598715,0.0128376,0.006812,0.006812,0.094067,0.094067,0.0466887,0.006812,0.0515935,0.0371021,0.0750026,0.007442,0.007442,
1.23,0.092029,0.0198161,0.108552,0.0367523,0.0664158,0.214581,0.343527,0.343527,0.34967,0.338393,0.0578927,0.018384,0.00563415,0.00576073,0.085734,0.085734,0.085734,0.0122481,0.0026936,0.0767298,0.0440951,0.0361148,0.0441775,0.0702206,0.0557195,0.106036,0.0845152,0.085771,0.115532,0.041903,0.041903,0.343527,0.343527,0.000208973,0.041903,0.334966,0.00974786,0.0648294,0.164012,0.164012,0.0178007,0.0126496,0.0396721,0.0686975,0.0205614,0.0444441,0.074306,0.074306,0.0562875,0.110759,0.0725098,0.0883571,0.0716916,0.0605067,0.079534,0.079534,0.079534,0.122183,0.0289292,0.0234131,0.210603,0.0523903,0.0732142,0.0256936,0.00902279,0.0901751,0.092603,0.0619741,0.0156711,0.007011,0.007011,0.074306,0.074306,0.049576,0.007011,0.0560834,0.0409386,0.0792645,0.007707,0.007707,
1.235,0.0946375,0.0202495,0.112545,0.0385711,0.0681486,0.22072,0.35979,0.35979,0.359954,0.348954,0.0621926,0.0208737,0.00712402,0.00695068,0.090559,0.090559,0.090559,0.0140268,0.00179043,0.0769827,0.0473084,0.0362404,0.0427752,0.0713381,0.0544402,0.115175,0.0899934,0.0874936,0.116983,0.042165,0.042165,0.35979,0.35979,0.00140766,0.042165,0.344637,0.0112755,0.0680811,0.168079,0.168079,0.0194481,0.0136263,0.0418273,0.0705592,0.0223732,0.0488454,0.059997,0.059997,0.0577734,0.116293,0.0741134,0.091467,0.0735044,0.0626044,0.083955,0.083955,0.083955,0.125987,0.0293231,0.0231535,0.216603,0.0544695,0.0762854,0.0278908,0.00951985,0.0933482,0.0955593,0.0620708,0.0178797,0.00719,0.00719,0.059997,0.059997,0.0509703,0.00719,0.0594619,0.0423992,0.0795364,0.008032,0.008032,
1.24,0.09798,0.0206919,0.115146,0.0376001,0.0706519,0.228429,0.37068,0.37068,0.372493,0.359499,0.0599153,0.0187512,0.00584194,0.00604992,0.095959,0.095959,0.095959,0.0127161,0.00158384,0.0797348,0.0436584,0.0338421,0.0404039,0.0739049,0.0510546,0.111091,0.0887798,0.0879831,0.115471,0.042572,0.042572,0.37068,0.37068,0.000153023,0.042572,0.356733,0.00956767,0.0672183,0.172246,0.172246,0.0180504,0.0126699,0.0413869,0.0719956,0.0209868,0.0456725,0.050183,0.050183,0.0588514,0.113113,0.0747462,0.091709,0.0749335,0.0627864,0.08877,0.08877,0.08877,0.129937,0.029382,0.0237653,0.224338,0.054078,0.0757864,0.026311,0.00838845,0.093545,0.0963846,0.064199,0.015921,0.007327,0.007327,0.050183,0.050183,0.0513979,0.007327,0.0589992,0.0413256,0.0801877,0.008394,0.008394,
1.245,0.10102,0.0210172,0.116716,0.0349898,0.0729211,0.235129,0.375503,0.375503,0.383322,0.367499,0.0568273,0.016803,0.00557456,0.00623543,0.102235,0.102235,0.102235,0.0110534,0.00123471,0.0813321,0.0373636,0.0289859,0.0344585,0.0761251,0.0423803,0.104445,0.0866213,0.0858115,0.108437,0.043265,0.043265,0.375503,0.375503,7.26134e-05,0.043265,0.367179,0.0085579,0.0642992,0.176501,0.176501,0.0153991,0.0108722,0.0397278,0.0724184,0.0183772,0.040068,0.043872,0.043872,0.058975,0.104741,0.0734605,0.089666,0.0750825,0.0613692,0.093838,0.093838,0.093838,0.133236,0.0285315,0.0239252,0.231204,0.051903,0.0731404,0.0233084,0.00650985,0.0911958,0.0949173,0.06516,0.0134999,0.007398,0.007398,0.043872,0.043872,0.0506938,0.007398,0.0572588,0.0382984,0.0780318,0.008769,0.008769,
1.25,0.102806,0.0214137,0.117257,0.0330499,0.0746208,0.238626,0.374131,0.374131,0.38793,0.370151,0.0545599,0.0154548,0.0057586,0.00706725,0.109753,0.109753,0.109753,0.00970625,0.00122364,0.0821582,0.0328749,0.0257685,0.030709,0.0779305,0.0372869,0.0992203,0.0848167,0.0839808,0.10414,0.044334,0.044334,0.374131,0.374131,0.000214568,0.044334,0.371567,0.00819989,0.0618881,0.180822,0.180822,0.0143563,0.00979322,0.0384608,0.0723743,0.0164439,0.036922,0.040134,0.040134,0.058873,0.0985,0.0724542,0.0878642,0.0749722,0.0602312,0.098946,0.098946,0.098946,0.134469,0.0278654,0.0240539,0.23421,0.0500639,0.0710328,0.0211464,0.0060317,0.089183,0.0934872,0.0659295,0.0125978,0.00738,0.00738,0.040134,0.040134,0.0500554,0.00738,0.0555404,0.0362584,0.076583,0.009134,0.009134,
