[2025-11-13 23:10:52.431] [info] Loaded model Athlete_03 from file ..\..\..\..\models\Athlete_03\25_03_31\scaled.osim
[2025-11-13 23:10:53.421] [info] Loaded model Athlete_03 from file ..\..\..\..\models\Athlete_03\25_03_31\scaled.osim
[2025-11-13 23:10:53.631] [info] Loaded model Athlete_03 from file ..\..\..\..\models\Athlete_03\25_03_31\scaled.osim
[2025-11-13 23:10:53.729] [cout] [info] 
               MODEL: Athlete_03
         coordinates: 39
              forces: 97
           actuators: 97
             muscles: 80
            analyses: 0
              probes: 0
              bodies: 22
              joints: 22
         constraints: 2
             markers: 45
         controllers: 0
  contact geometries: 0
misc modelcomponents: 0
[2025-11-13 23:10:53.731] [info] Running tool .
[2025-11-13 23:10:54.143] [info] Frame 0 (t = 0.0):	 total squared error = 0.000255534, marker error: RMS = 0.00319708, max = 0.00672883 (LTH2)
[2025-11-13 23:10:54.177] [info] Frame 1 (t = 0.00500000):	 total squared error = 0.000253384, marker error: RMS = 0.00318361, max = 0.00662739 (LTH2)
[2025-11-13 23:10:54.218] [info] Frame 2 (t = 0.01):	 total squared error = 0.000252553, marker error: RMS = 0.00317838, max = 0.00664593 (LTH2)
[2025-11-13 23:10:54.240] [info] Frame 3 (t = 0.015):	 total squared error = 0.000257329, marker error: RMS = 0.00320830, max = 0.00669035 (LTH2)
[2025-11-13 23:10:54.266] [info] Frame 4 (t = 0.02):	 total squared error = 0.000253625, marker error: RMS = 0.00318512, max = 0.00660244 (LTH2)
[2025-11-13 23:10:54.297] [info] Frame 5 (t = 0.025):	 total squared error = 0.000251962, marker error: RMS = 0.00317466, max = 0.00655806 (LTH2)
[2025-11-13 23:10:54.322] [info] Frame 6 (t = 0.03):	 total squared error = 0.000253166, marker error: RMS = 0.00318224, max = 0.00653140 (LTH2)
[2025-11-13 23:10:54.352] [info] Frame 7 (t = 0.035):	 total squared error = 0.000251048, marker error: RMS = 0.00316890, max = 0.00657219 (LTH2)
[2025-11-13 23:10:54.384] [info] Frame 8 (t = 0.04):	 total squared error = 0.000249913, marker error: RMS = 0.00316173, max = 0.00650868 (LTH2)
[2025-11-13 23:10:54.412] [info] Frame 9 (t = 0.045):	 total squared error = 0.000251617, marker error: RMS = 0.00317249, max = 0.00650641 (LTH2)
[2025-11-13 23:10:54.433] [info] Frame 10 (t = 0.05):	 total squared error = 0.000252128, marker error: RMS = 0.00317571, max = 0.00657644 (LTH2)
[2025-11-13 23:10:54.470] [info] Frame 11 (t = 0.055):	 total squared error = 0.000249234, marker error: RMS = 0.00315743, max = 0.00659841 (LTH2)
[2025-11-13 23:10:54.513] [info] Frame 12 (t = 0.06):	 total squared error = 0.000248768, marker error: RMS = 0.00315448, max = 0.00653673 (LTH2)
[2025-11-13 23:10:54.537] [info] Frame 13 (t = 0.065):	 total squared error = 0.000251623, marker error: RMS = 0.00317252, max = 0.00656922 (LTH2)
[2025-11-13 23:10:54.557] [info] Frame 14 (t = 0.07):	 total squared error = 0.000250365, marker error: RMS = 0.00316458, max = 0.00654354 (LTH2)
[2025-11-13 23:10:54.582] [info] Frame 15 (t = 0.075):	 total squared error = 0.000250871, marker error: RMS = 0.00316778, max = 0.00649986 (LTH2)
[2025-11-13 23:10:54.612] [info] Frame 16 (t = 0.08):	 total squared error = 0.000247853, marker error: RMS = 0.00314867, max = 0.00645843 (LTH2)
[2025-11-13 23:10:54.636] [info] Frame 17 (t = 0.085):	 total squared error = 0.000249843, marker error: RMS = 0.00316128, max = 0.00646373 (LTH2)
[2025-11-13 23:10:54.658] [info] Frame 18 (t = 0.09):	 total squared error = 0.000248780, marker error: RMS = 0.00315455, max = 0.00647859 (LTH2)
[2025-11-13 23:10:54.703] [info] Frame 19 (t = 0.095):	 total squared error = 0.000246962, marker error: RMS = 0.00314300, max = 0.00642418 (LTH2)
[2025-11-13 23:10:54.747] [info] Frame 20 (t = 0.1):	 total squared error = 0.000246527, marker error: RMS = 0.00314024, max = 0.00639021 (LTH2)
[2025-11-13 23:10:54.772] [info] Frame 21 (t = 0.105000):	 total squared error = 0.000248301, marker error: RMS = 0.00315152, max = 0.00641058 (LTH2)
[2025-11-13 23:10:54.801] [info] Frame 22 (t = 0.11):	 total squared error = 0.000245678, marker error: RMS = 0.00313482, max = 0.00641420 (LTH2)
[2025-11-13 23:10:54.818] [info] Frame 23 (t = 0.115):	 total squared error = 0.000247377, marker error: RMS = 0.00314564, max = 0.00644595 (LTH2)
[2025-11-13 23:10:54.838] [info] Frame 24 (t = 0.12):	 total squared error = 0.000246766, marker error: RMS = 0.00314176, max = 0.00645740 (LTH2)
[2025-11-13 23:10:54.863] [info] Frame 25 (t = 0.125):	 total squared error = 0.000246682, marker error: RMS = 0.00314122, max = 0.00645846 (LTH2)
[2025-11-13 23:10:54.892] [info] Frame 26 (t = 0.13):	 total squared error = 0.000243338, marker error: RMS = 0.00311986, max = 0.00630192 (LTH2)
[2025-11-13 23:10:54.914] [info] Frame 27 (t = 0.135):	 total squared error = 0.000244889, marker error: RMS = 0.00312978, max = 0.00641879 (LTH2)
[2025-11-13 23:10:54.939] [info] Frame 28 (t = 0.14):	 total squared error = 0.000246699, marker error: RMS = 0.00314133, max = 0.00636081 (LTH2)
[2025-11-13 23:10:54.959] [info] Frame 29 (t = 0.145):	 total squared error = 0.000246111, marker error: RMS = 0.00313759, max = 0.00641844 (LTH2)
[2025-11-13 23:10:55.003] [info] Frame 30 (t = 0.15):	 total squared error = 0.000243416, marker error: RMS = 0.00312036, max = 0.00627194 (LTH2)
[2025-11-13 23:10:55.030] [info] Frame 31 (t = 0.155):	 total squared error = 0.000246120, marker error: RMS = 0.00313764, max = 0.00634070 (LTH2)
[2025-11-13 23:10:55.074] [info] Frame 32 (t = 0.16):	 total squared error = 0.000243445, marker error: RMS = 0.00312054, max = 0.00634338 (LTH2)
[2025-11-13 23:10:55.109] [info] Frame 33 (t = 0.165):	 total squared error = 0.000242400, marker error: RMS = 0.00311384, max = 0.00636665 (LTH2)
[2025-11-13 23:10:55.135] [info] Frame 34 (t = 0.17):	 total squared error = 0.000245103, marker error: RMS = 0.00313115, max = 0.00639475 (LTH2)
[2025-11-13 23:10:55.171] [info] Frame 35 (t = 0.175):	 total squared error = 0.000242448, marker error: RMS = 0.00311415, max = 0.00631815 (LTH2)
[2025-11-13 23:10:55.191] [info] Frame 36 (t = 0.18):	 total squared error = 0.000242348, marker error: RMS = 0.00311351, max = 0.00637347 (LTH2)
[2025-11-13 23:10:55.250] [info] Frame 37 (t = 0.185):	 total squared error = 0.000241194, marker error: RMS = 0.00310608, max = 0.00638126 (LTH2)
[2025-11-13 23:10:55.272] [info] Frame 38 (t = 0.19):	 total squared error = 0.000244242, marker error: RMS = 0.00312565, max = 0.00643529 (LTH2)
[2025-11-13 23:10:55.313] [info] Frame 39 (t = 0.195):	 total squared error = 0.000240478, marker error: RMS = 0.00310147, max = 0.00638161 (LTH2)
[2025-11-13 23:10:55.335] [info] Frame 40 (t = 0.2):	 total squared error = 0.000240007, marker error: RMS = 0.00309843, max = 0.00642384 (LTH2)
[2025-11-13 23:10:55.358] [info] Frame 41 (t = 0.205000):	 total squared error = 0.000242332, marker error: RMS = 0.00311340, max = 0.00644169 (LTH2)
[2025-11-13 23:10:55.402] [info] Frame 42 (t = 0.21):	 total squared error = 0.000239541, marker error: RMS = 0.00309542, max = 0.00632375 (LTH2)
[2025-11-13 23:10:55.442] [info] Frame 43 (t = 0.215):	 total squared error = 0.000238251, marker error: RMS = 0.00308707, max = 0.00626025 (LTH2)
[2025-11-13 23:10:55.464] [info] Frame 44 (t = 0.22):	 total squared error = 0.000239367, marker error: RMS = 0.00309430, max = 0.00638474 (LTH2)
[2025-11-13 23:10:55.487] [info] Frame 45 (t = 0.225):	 total squared error = 0.000238495, marker error: RMS = 0.00308865, max = 0.00638082 (LTH2)
[2025-11-13 23:10:55.516] [info] Frame 46 (t = 0.23):	 total squared error = 0.000237145, marker error: RMS = 0.00307990, max = 0.00637432 (LTH2)
[2025-11-13 23:10:55.535] [info] Frame 47 (t = 0.235):	 total squared error = 0.000237637, marker error: RMS = 0.00308309, max = 0.00639968 (LTH2)
[2025-11-13 23:10:55.557] [info] Frame 48 (t = 0.24):	 total squared error = 0.000238288, marker error: RMS = 0.00308732, max = 0.00642117 (LTH2)
[2025-11-13 23:10:55.589] [info] Frame 49 (t = 0.245):	 total squared error = 0.000236925, marker error: RMS = 0.00307847, max = 0.00635825 (LTH2)
[2025-11-13 23:10:55.612] [info] Frame 50 (t = 0.25):	 total squared error = 0.000236353, marker error: RMS = 0.00307475, max = 0.00636034 (LTH2)
[2025-11-13 23:10:55.633] [info] Frame 51 (t = 0.255):	 total squared error = 0.000236508, marker error: RMS = 0.00307577, max = 0.00635498 (LTH2)
[2025-11-13 23:10:55.652] [info] Frame 52 (t = 0.26):	 total squared error = 0.000235825, marker error: RMS = 0.00307132, max = 0.00633065 (LTH2)
[2025-11-13 23:10:55.674] [info] Frame 53 (t = 0.265):	 total squared error = 0.000235514, marker error: RMS = 0.00306930, max = 0.00629955 (LTH2)
[2025-11-13 23:10:55.694] [info] Frame 54 (t = 0.27):	 total squared error = 0.000236454, marker error: RMS = 0.00307541, max = 0.00627342 (LTH2)
[2025-11-13 23:10:55.718] [info] Frame 55 (t = 0.275):	 total squared error = 0.000236452, marker error: RMS = 0.00307540, max = 0.00627722 (LTH2)
[2025-11-13 23:10:55.742] [info] Frame 56 (t = 0.28):	 total squared error = 0.000236918, marker error: RMS = 0.00307843, max = 0.00625684 (LTH2)
[2025-11-13 23:10:55.765] [info] Frame 57 (t = 0.285):	 total squared error = 0.000236274, marker error: RMS = 0.00307424, max = 0.00621960 (LTH2)
[2025-11-13 23:10:55.785] [info] Frame 58 (t = 0.29):	 total squared error = 0.000236811, marker error: RMS = 0.00307773, max = 0.00620511 (LTH2)
[2025-11-13 23:10:55.805] [info] Frame 59 (t = 0.295):	 total squared error = 0.000235227, marker error: RMS = 0.00306742, max = 0.00616528 (LTH2)
[2025-11-13 23:10:55.826] [info] Frame 60 (t = 0.3):	 total squared error = 0.000234917, marker error: RMS = 0.00306540, max = 0.00615035 (LTH2)
[2025-11-13 23:10:55.847] [info] Frame 61 (t = 0.305000):	 total squared error = 0.000234837, marker error: RMS = 0.00306488, max = 0.00611367 (LTH2)
[2025-11-13 23:10:55.869] [info] Frame 62 (t = 0.31):	 total squared error = 0.000234762, marker error: RMS = 0.00306439, max = 0.00611735 (LTH2)
[2025-11-13 23:10:55.899] [info] Frame 63 (t = 0.315):	 total squared error = 0.000233716, marker error: RMS = 0.00305755, max = 0.00604008 (LTH2)
[2025-11-13 23:10:55.918] [info] Frame 64 (t = 0.32):	 total squared error = 0.000233506, marker error: RMS = 0.00305618, max = 0.00607850 (LTH2)
[2025-11-13 23:10:55.953] [info] Frame 65 (t = 0.325):	 total squared error = 0.000233941, marker error: RMS = 0.00305903, max = 0.00598967 (LTH2)
[2025-11-13 23:10:55.989] [info] Frame 66 (t = 0.33):	 total squared error = 0.000232053, marker error: RMS = 0.00304666, max = 0.00593675 (LTH2)
[2025-11-13 23:10:56.009] [info] Frame 67 (t = 0.335):	 total squared error = 0.000231986, marker error: RMS = 0.00304622, max = 0.00597735 (LTH2)
[2025-11-13 23:10:56.052] [info] Frame 68 (t = 0.34):	 total squared error = 0.000232903, marker error: RMS = 0.00305223, max = 0.00591466 (LTH2)
[2025-11-13 23:10:56.075] [info] Frame 69 (t = 0.345):	 total squared error = 0.000232300, marker error: RMS = 0.00304828, max = 0.00593547 (LTH2)
[2025-11-13 23:10:56.112] [info] Frame 70 (t = 0.35):	 total squared error = 0.000231001, marker error: RMS = 0.00303975, max = 0.00587274 (LTH2)
[2025-11-13 23:10:56.131] [info] Frame 71 (t = 0.355):	 total squared error = 0.000229994, marker error: RMS = 0.00303311, max = 0.00590351 (LTH2)
[2025-11-13 23:10:56.157] [info] Frame 72 (t = 0.36):	 total squared error = 0.000227514, marker error: RMS = 0.00301671, max = 0.00590960 (LTH2)
[2025-11-13 23:10:56.177] [info] Frame 73 (t = 0.365):	 total squared error = 0.000228505, marker error: RMS = 0.00302327, max = 0.00592032 (LTH2)
[2025-11-13 23:10:56.201] [info] Frame 74 (t = 0.37):	 total squared error = 0.000228241, marker error: RMS = 0.00302153, max = 0.00587314 (LTH2)
[2025-11-13 23:10:56.218] [info] Frame 75 (t = 0.375):	 total squared error = 0.000228242, marker error: RMS = 0.00302154, max = 0.00586726 (LTH2)
[2025-11-13 23:10:56.260] [info] Frame 76 (t = 0.38):	 total squared error = 0.000228401, marker error: RMS = 0.00302259, max = 0.00579065 (LTH2)
[2025-11-13 23:10:56.280] [info] Frame 77 (t = 0.385):	 total squared error = 0.000228232, marker error: RMS = 0.00302147, max = 0.00579183 (LTH2)
[2025-11-13 23:10:56.299] [info] Frame 78 (t = 0.39):	 total squared error = 0.000227310, marker error: RMS = 0.00301536, max = 0.00579469 (LTH2)
[2025-11-13 23:10:56.344] [info] Frame 79 (t = 0.395):	 total squared error = 0.000227215, marker error: RMS = 0.00301473, max = 0.00577693 (LTH2)
[2025-11-13 23:10:56.382] [info] Frame 80 (t = 0.4):	 total squared error = 0.000227613, marker error: RMS = 0.00301737, max = 0.00571762 (LTH2)
[2025-11-13 23:10:56.422] [info] Frame 81 (t = 0.405000):	 total squared error = 0.000227363, marker error: RMS = 0.00301571, max = 0.00569127 (LTH2)
[2025-11-13 23:10:56.440] [info] Frame 82 (t = 0.41):	 total squared error = 0.000226703, marker error: RMS = 0.00301133, max = 0.00570137 (LTH2)
[2025-11-13 23:10:56.461] [info] Frame 83 (t = 0.415):	 total squared error = 0.000227834, marker error: RMS = 0.00301884, max = 0.00569149 (LTH2)
[2025-11-13 23:10:56.484] [info] Frame 84 (t = 0.42):	 total squared error = 0.000228417, marker error: RMS = 0.00302269, max = 0.00565955 (LTH2)
[2025-11-13 23:10:56.503] [info] Frame 85 (t = 0.425):	 total squared error = 0.000228623, marker error: RMS = 0.00302405, max = 0.00566501 (LTH2)
[2025-11-13 23:10:56.524] [info] Frame 86 (t = 0.43):	 total squared error = 0.000228253, marker error: RMS = 0.00302161, max = 0.00563281 (LTH2)
[2025-11-13 23:10:56.547] [info] Frame 87 (t = 0.435):	 total squared error = 0.000228152, marker error: RMS = 0.00302094, max = 0.00558234 (LTH2)
[2025-11-13 23:10:56.566] [info] Frame 88 (t = 0.44):	 total squared error = 0.000227929, marker error: RMS = 0.00301946, max = 0.00553085 (LTH2)
[2025-11-13 23:10:56.586] [info] Frame 89 (t = 0.445):	 total squared error = 0.000228755, marker error: RMS = 0.00302493, max = 0.00551944 (LTH2)
[2025-11-13 23:10:56.618] [info] Frame 90 (t = 0.45):	 total squared error = 0.000227009, marker error: RMS = 0.00301337, max = 0.00547111 (SACR3)
[2025-11-13 23:10:56.656] [info] Frame 91 (t = 0.455):	 total squared error = 0.000228025, marker error: RMS = 0.00302010, max = 0.00553703 (SACR3)
[2025-11-13 23:10:56.691] [info] Frame 92 (t = 0.46):	 total squared error = 0.000227947, marker error: RMS = 0.00301958, max = 0.00549238 (SACR3)
[2025-11-13 23:10:56.710] [info] Frame 93 (t = 0.465):	 total squared error = 0.000229799, marker error: RMS = 0.00303182, max = 0.00551732 (SACR3)
[2025-11-13 23:10:56.771] [info] Frame 94 (t = 0.47):	 total squared error = 0.000228225, marker error: RMS = 0.00302142, max = 0.00552861 (SACR3)
[2025-11-13 23:10:56.792] [info] Frame 95 (t = 0.475):	 total squared error = 0.000228999, marker error: RMS = 0.00302654, max = 0.00562498 (SACR3)
[2025-11-13 23:10:56.831] [info] Frame 96 (t = 0.48):	 total squared error = 0.000228782, marker error: RMS = 0.00302511, max = 0.00552777 (SACR3)
[2025-11-13 23:10:56.856] [info] Frame 97 (t = 0.485):	 total squared error = 0.000228741, marker error: RMS = 0.00302484, max = 0.00554105 (SACR3)
[2025-11-13 23:10:56.874] [info] Frame 98 (t = 0.49):	 total squared error = 0.000231407, marker error: RMS = 0.00304241, max = 0.00560744 (SACR3)
[2025-11-13 23:10:56.904] [info] Frame 99 (t = 0.495):	 total squared error = 0.000230175, marker error: RMS = 0.00303430, max = 0.00556117 (SACR3)
[2025-11-13 23:10:56.925] [info] Frame 100 (t = 0.5):	 total squared error = 0.000232919, marker error: RMS = 0.00305233, max = 0.00559629 (SACR3)
[2025-11-13 23:10:56.944] [info] Frame 101 (t = 0.505000):	 total squared error = 0.000232902, marker error: RMS = 0.00305223, max = 0.00553396 (SACR3)
[2025-11-13 23:10:56.972] [info] Frame 102 (t = 0.51):	 total squared error = 0.000233194, marker error: RMS = 0.00305414, max = 0.00555516 (SACR3)
[2025-11-13 23:10:57.013] [info] Frame 103 (t = 0.515):	 total squared error = 0.000232903, marker error: RMS = 0.00305223, max = 0.00561345 (SACR3)
[2025-11-13 23:10:57.040] [info] Frame 104 (t = 0.52):	 total squared error = 0.000233641, marker error: RMS = 0.00305706, max = 0.00559906 (SACR3)
[2025-11-13 23:10:57.080] [info] Frame 105 (t = 0.525):	 total squared error = 0.000234491, marker error: RMS = 0.00306262, max = 0.00564201 (SACR3)
[2025-11-13 23:10:57.107] [info] Frame 106 (t = 0.53):	 total squared error = 0.000236447, marker error: RMS = 0.00307536, max = 0.00560487 (SACR3)
[2025-11-13 23:10:57.137] [info] Frame 107 (t = 0.535):	 total squared error = 0.000238070, marker error: RMS = 0.00308590, max = 0.00558347 (SACR3)
[2025-11-13 23:10:57.172] [info] Frame 108 (t = 0.54):	 total squared error = 0.000236861, marker error: RMS = 0.00307806, max = 0.00557813 (SACR3)
[2025-11-13 23:10:57.193] [info] Frame 109 (t = 0.545):	 total squared error = 0.000239314, marker error: RMS = 0.00309395, max = 0.00564197 (SACR3)
[2025-11-13 23:10:57.218] [info] Frame 110 (t = 0.55):	 total squared error = 0.000240968, marker error: RMS = 0.00310463, max = 0.00557743 (LTOE)
[2025-11-13 23:10:57.254] [info] Frame 111 (t = 0.555):	 total squared error = 0.000238606, marker error: RMS = 0.00308937, max = 0.00562799 (SACR3)
[2025-11-13 23:10:57.285] [info] Frame 112 (t = 0.56):	 total squared error = 0.000240270, marker error: RMS = 0.00310013, max = 0.00562814 (SACR3)
[2025-11-13 23:10:57.319] [info] Frame 113 (t = 0.565):	 total squared error = 0.000240718, marker error: RMS = 0.00310302, max = 0.00564811 (SACR3)
[2025-11-13 23:10:57.359] [info] Frame 114 (t = 0.57):	 total squared error = 0.000241834, marker error: RMS = 0.00311021, max = 0.00563601 (SACR3)
[2025-11-13 23:10:57.383] [info] Frame 115 (t = 0.575):	 total squared error = 0.000247203, marker error: RMS = 0.00314454, max = 0.00578093 (LTOE)
[2025-11-13 23:10:57.429] [info] Frame 116 (t = 0.58):	 total squared error = 0.000243409, marker error: RMS = 0.00312031, max = 0.00548563 (LTOE)
[2025-11-13 23:10:57.457] [info] Frame 117 (t = 0.585):	 total squared error = 0.000244184, marker error: RMS = 0.00312528, max = 0.00551718 (SACR3)
[2025-11-13 23:10:57.503] [info] Frame 118 (t = 0.59):	 total squared error = 0.000245716, marker error: RMS = 0.00313506, max = 0.00565611 (SACR3)
[2025-11-13 23:10:57.550] [info] Frame 119 (t = 0.595):	 total squared error = 0.000248810, marker error: RMS = 0.00315474, max = 0.00567876 (SACR3)
[2025-11-13 23:10:57.587] [info] Frame 120 (t = 0.6):	 total squared error = 0.000248911, marker error: RMS = 0.00315538, max = 0.00563129 (SACR3)
[2025-11-13 23:10:57.624] [info] Frame 121 (t = 0.605000):	 total squared error = 0.000250958, marker error: RMS = 0.00316833, max = 0.00556679 (SACR3)
[2025-11-13 23:10:57.658] [info] Frame 122 (t = 0.61):	 total squared error = 0.000253405, marker error: RMS = 0.00318374, max = 0.00555839 (LTOE)
[2025-11-13 23:10:57.704] [info] Frame 123 (t = 0.615):	 total squared error = 0.000255345, marker error: RMS = 0.00319591, max = 0.00572605 (SACR3)
[2025-11-13 23:10:57.751] [info] Frame 124 (t = 0.62):	 total squared error = 0.000257462, marker error: RMS = 0.00320913, max = 0.00554698 (LTOE)
[2025-11-13 23:10:57.809] [info] Frame 125 (t = 0.625):	 total squared error = 0.000259774, marker error: RMS = 0.00322350, max = 0.00562549 (SACR3)
[2025-11-13 23:10:57.860] [info] Frame 126 (t = 0.63):	 total squared error = 0.000262375, marker error: RMS = 0.00323960, max = 0.00563423 (SACR3)
[2025-11-13 23:10:57.909] [info] Frame 127 (t = 0.635):	 total squared error = 0.000265700, marker error: RMS = 0.00326006, max = 0.00561452 (SACR3)
[2025-11-13 23:10:57.936] [info] Frame 128 (t = 0.64):	 total squared error = 0.000270561, marker error: RMS = 0.00328975, max = 0.00566473 (SACR3)
[2025-11-13 23:10:57.958] [info] Frame 129 (t = 0.645):	 total squared error = 0.000273819, marker error: RMS = 0.00330949, max = 0.00562824 (SACR3)
[2025-11-13 23:10:58.017] [info] Frame 130 (t = 0.65):	 total squared error = 0.000277688, marker error: RMS = 0.00333280, max = 0.00573319 (SACR3)
[2025-11-13 23:10:58.069] [info] Frame 131 (t = 0.655):	 total squared error = 0.000280880, marker error: RMS = 0.00335190, max = 0.00561347 (SACR3)
[2025-11-13 23:10:58.137] [info] Frame 132 (t = 0.66):	 total squared error = 0.000285437, marker error: RMS = 0.00337897, max = 0.00560863 (SACR3)
[2025-11-13 23:10:58.162] [info] Frame 133 (t = 0.665):	 total squared error = 0.000288712, marker error: RMS = 0.00339831, max = 0.00562558 (SACR3)
[2025-11-13 23:10:58.184] [info] Frame 134 (t = 0.67):	 total squared error = 0.000297578, marker error: RMS = 0.00345009, max = 0.00577528 (SACR2)
[2025-11-13 23:10:58.215] [info] Frame 135 (t = 0.675):	 total squared error = 0.000300997, marker error: RMS = 0.00346985, max = 0.00572475 (SACR2)
[2025-11-13 23:10:58.239] [info] Frame 136 (t = 0.68):	 total squared error = 0.000308496, marker error: RMS = 0.00351281, max = 0.00581282 (STRN)
[2025-11-13 23:10:58.275] [info] Frame 137 (t = 0.685):	 total squared error = 0.000314111, marker error: RMS = 0.00354464, max = 0.00591601 (STRN)
[2025-11-13 23:10:58.304] [info] Frame 138 (t = 0.69):	 total squared error = 0.000322665, marker error: RMS = 0.00359257, max = 0.00609374 (STRN)
[2025-11-13 23:10:58.348] [info] Frame 139 (t = 0.695):	 total squared error = 0.000327211, marker error: RMS = 0.00361779, max = 0.00626872 (STRN)
[2025-11-13 23:10:58.380] [info] Frame 140 (t = 0.7):	 total squared error = 0.000336835, marker error: RMS = 0.00367061, max = 0.00642010 (STRN)
[2025-11-13 23:10:58.414] [info] Frame 141 (t = 0.705000):	 total squared error = 0.000343659, marker error: RMS = 0.00370761, max = 0.00656510 (STRN)
[2025-11-13 23:10:58.437] [info] Frame 142 (t = 0.71):	 total squared error = 0.000354491, marker error: RMS = 0.00376559, max = 0.00671310 (STRN)
[2025-11-13 23:10:58.469] [info] Frame 143 (t = 0.715):	 total squared error = 0.000362118, marker error: RMS = 0.00380588, max = 0.00690914 (STRN)
[2025-11-13 23:10:58.494] [info] Frame 144 (t = 0.72):	 total squared error = 0.000372640, marker error: RMS = 0.00386078, max = 0.00707576 (STRN)
[2025-11-13 23:10:58.522] [info] Frame 145 (t = 0.725):	 total squared error = 0.000384855, marker error: RMS = 0.00392355, max = 0.00719254 (STRN)
[2025-11-13 23:10:58.543] [info] Frame 146 (t = 0.73):	 total squared error = 0.000398755, marker error: RMS = 0.00399377, max = 0.00735704 (STRN)
[2025-11-13 23:10:58.581] [info] Frame 147 (t = 0.735):	 total squared error = 0.000409216, marker error: RMS = 0.00404582, max = 0.00752116 (STRN)
[2025-11-13 23:10:58.603] [info] Frame 148 (t = 0.74):	 total squared error = 0.000429160, marker error: RMS = 0.00414324, max = 0.00774773 (STRN)
[2025-11-13 23:10:58.633] [info] Frame 149 (t = 0.745):	 total squared error = 0.000439497, marker error: RMS = 0.00419284, max = 0.00776581 (STRN)
[2025-11-13 23:10:58.660] [info] Frame 150 (t = 0.75):	 total squared error = 0.000451865, marker error: RMS = 0.00425142, max = 0.00790831 (STRN)
[2025-11-13 23:10:58.682] [info] Frame 151 (t = 0.755):	 total squared error = 0.000471596, marker error: RMS = 0.00434325, max = 0.00797827 (STRN)
[2025-11-13 23:10:58.705] [info] Frame 152 (t = 0.76):	 total squared error = 0.000496717, marker error: RMS = 0.00445743, max = 0.00807876 (STRN)
[2025-11-13 23:10:58.738] [info] Frame 153 (t = 0.765):	 total squared error = 0.000501115, marker error: RMS = 0.00447712, max = 0.00828187 (STRN)
[2025-11-13 23:10:58.767] [info] Frame 154 (t = 0.77):	 total squared error = 0.000523634, marker error: RMS = 0.00457661, max = 0.00828096 (STRN)
[2025-11-13 23:10:58.797] [info] Frame 155 (t = 0.775):	 total squared error = 0.000543459, marker error: RMS = 0.00466244, max = 0.00848020 (STRN)
[2025-11-13 23:10:58.869] [info] Frame 156 (t = 0.78):	 total squared error = 0.000562962, marker error: RMS = 0.00474537, max = 0.00856279 (STRN)
[2025-11-13 23:10:58.913] [info] Frame 157 (t = 0.785):	 total squared error = 0.000586447, marker error: RMS = 0.00484333, max = 0.00864347 (STRN)
[2025-11-13 23:10:58.934] [info] Frame 158 (t = 0.79):	 total squared error = 0.000616090, marker error: RMS = 0.00496423, max = 0.00874285 (STRN)
[2025-11-13 23:10:58.983] [info] Frame 159 (t = 0.795):	 total squared error = 0.000640161, marker error: RMS = 0.00506028, max = 0.00886889 (SACROL)
[2025-11-13 23:10:59.043] [info] Frame 160 (t = 0.8):	 total squared error = 0.000667630, marker error: RMS = 0.00516771, max = 0.00907807 (SACROL)
[2025-11-13 23:10:59.077] [info] Frame 161 (t = 0.805000):	 total squared error = 0.000697865, marker error: RMS = 0.00528343, max = 0.00925769 (SACROL)
[2025-11-13 23:10:59.116] [info] Frame 162 (t = 0.81):	 total squared error = 0.000728483, marker error: RMS = 0.00539809, max = 0.00953631 (SACROL)
[2025-11-13 23:10:59.156] [info] Frame 163 (t = 0.815):	 total squared error = 0.000761038, marker error: RMS = 0.00551738, max = 0.00977056 (SACROL)
[2025-11-13 23:10:59.201] [info] Frame 164 (t = 0.82):	 total squared error = 0.000794464, marker error: RMS = 0.00563725, max = 0.00999052 (SACROL)
[2025-11-13 23:10:59.234] [info] Frame 165 (t = 0.825):	 total squared error = 0.000828152, marker error: RMS = 0.00575552, max = 0.0102024 (SACROL)
[2025-11-13 23:10:59.269] [info] Frame 166 (t = 0.83):	 total squared error = 0.000862451, marker error: RMS = 0.00587350, max = 0.0104351 (SACROL)
[2025-11-13 23:10:59.308] [info] Frame 167 (t = 0.835):	 total squared error = 0.000896157, marker error: RMS = 0.00598718, max = 0.0106725 (SACROL)
[2025-11-13 23:10:59.350] [info] Frame 168 (t = 0.84):	 total squared error = 0.000929451, marker error: RMS = 0.00609738, max = 0.0109455 (SACROL)
[2025-11-13 23:10:59.384] [info] Frame 169 (t = 0.845):	 total squared error = 0.000963860, marker error: RMS = 0.00620922, max = 0.0111347 (SACROL)
[2025-11-13 23:10:59.419] [info] Frame 170 (t = 0.85):	 total squared error = 0.000995827, marker error: RMS = 0.00631134, max = 0.0113851 (SACROL)
[2025-11-13 23:10:59.447] [info] Frame 171 (t = 0.855):	 total squared error = 0.00102620, marker error: RMS = 0.00640686, max = 0.0115676 (SACROL)
[2025-11-13 23:10:59.476] [info] Frame 172 (t = 0.86):	 total squared error = 0.00105688, marker error: RMS = 0.00650193, max = 0.0117205 (SACROL)
[2025-11-13 23:10:59.503] [info] Frame 173 (t = 0.865):	 total squared error = 0.00108437, marker error: RMS = 0.00658596, max = 0.011953 (SACROL)
[2025-11-13 23:10:59.535] [info] Frame 174 (t = 0.87):	 total squared error = 0.00111029, marker error: RMS = 0.00666419, max = 0.0121809 (SACROL)
[2025-11-13 23:10:59.555] [info] Frame 175 (t = 0.875):	 total squared error = 0.00113727, marker error: RMS = 0.00674470, max = 0.0123218 (SACROL)
[2025-11-13 23:10:59.582] [info] Frame 176 (t = 0.88):	 total squared error = 0.00115766, marker error: RMS = 0.00680489, max = 0.0125851 (SACROL)
[2025-11-13 23:10:59.618] [info] Frame 177 (t = 0.885):	 total squared error = 0.00117645, marker error: RMS = 0.00685989, max = 0.0128372 (SACROL)
[2025-11-13 23:10:59.643] [info] Frame 178 (t = 0.89):	 total squared error = 0.00119679, marker error: RMS = 0.00691893, max = 0.0130110 (SACROL)
[2025-11-13 23:10:59.666] [info] Frame 179 (t = 0.895):	 total squared error = 0.00121350, marker error: RMS = 0.00696705, max = 0.0132348 (SACROL)
[2025-11-13 23:10:59.687] [info] Frame 180 (t = 0.9):	 total squared error = 0.00123089, marker error: RMS = 0.00701681, max = 0.0133696 (SACROL)
[2025-11-13 23:10:59.717] [info] Frame 181 (t = 0.905000):	 total squared error = 0.00124627, marker error: RMS = 0.00706052, max = 0.0135956 (SACROL)
[2025-11-13 23:10:59.749] [info] Frame 182 (t = 0.91):	 total squared error = 0.00126232, marker error: RMS = 0.00710582, max = 0.0137826 (SACROL)
[2025-11-13 23:10:59.780] [info] Frame 183 (t = 0.915):	 total squared error = 0.00127904, marker error: RMS = 0.00715274, max = 0.0139070 (SACROL)
[2025-11-13 23:10:59.814] [info] Frame 184 (t = 0.92):	 total squared error = 0.00129406, marker error: RMS = 0.00719462, max = 0.0141567 (SACROL)
[2025-11-13 23:10:59.838] [info] Frame 185 (t = 0.925):	 total squared error = 0.00131100, marker error: RMS = 0.00724155, max = 0.0142555 (SACROL)
[2025-11-13 23:10:59.859] [info] Frame 186 (t = 0.93):	 total squared error = 0.00132800, marker error: RMS = 0.00728834, max = 0.0143919 (SACROL)
[2025-11-13 23:10:59.885] [info] Frame 187 (t = 0.935):	 total squared error = 0.00134419, marker error: RMS = 0.00733265, max = 0.0146281 (SACROL)
[2025-11-13 23:10:59.917] [info] Frame 188 (t = 0.94):	 total squared error = 0.00136183, marker error: RMS = 0.00738060, max = 0.0147751 (SACROL)
[2025-11-13 23:10:59.943] [info] Frame 189 (t = 0.945):	 total squared error = 0.00138239, marker error: RMS = 0.00743610, max = 0.0147494 (SACROL)
[2025-11-13 23:10:59.967] [info] Frame 190 (t = 0.95):	 total squared error = 0.00139963, marker error: RMS = 0.00748232, max = 0.0150328 (SACROL)
[2025-11-13 23:10:59.992] [info] Frame 191 (t = 0.955):	 total squared error = 0.00141920, marker error: RMS = 0.00753446, max = 0.0152094 (SACROL)
[2025-11-13 23:11:00.017] [info] Frame 192 (t = 0.96):	 total squared error = 0.00143906, marker error: RMS = 0.00758700, max = 0.0153801 (SACROL)
[2025-11-13 23:11:00.039] [info] Frame 193 (t = 0.965):	 total squared error = 0.00146566, marker error: RMS = 0.00765679, max = 0.0153438 (SACROL)
[2025-11-13 23:11:00.081] [info] Frame 194 (t = 0.97):	 total squared error = 0.00148275, marker error: RMS = 0.00770129, max = 0.0157276 (SACROL)
[2025-11-13 23:11:00.111] [info] Frame 195 (t = 0.975):	 total squared error = 0.00150603, marker error: RMS = 0.00776151, max = 0.0158803 (SACROL)
[2025-11-13 23:11:00.149] [info] Frame 196 (t = 0.98):	 total squared error = 0.00153002, marker error: RMS = 0.00782309, max = 0.0160438 (SACROL)
[2025-11-13 23:11:00.174] [info] Frame 197 (t = 0.985):	 total squared error = 0.00155488, marker error: RMS = 0.00788639, max = 0.0162071 (SACROL)
[2025-11-13 23:11:00.207] [info] Frame 198 (t = 0.99):	 total squared error = 0.00158098, marker error: RMS = 0.00795231, max = 0.0163446 (SACROL)
[2025-11-13 23:11:00.221] [info] Frame 199 (t = 0.995):	 total squared error = 0.00161799, marker error: RMS = 0.00804484, max = 0.0160573 (SACROL)
[2025-11-13 23:11:00.243] [info] Frame 200 (t = 1.0):	 total squared error = 0.00163676, marker error: RMS = 0.00809138, max = 0.0167003 (SACROL)
[2025-11-13 23:11:00.264] [info] Frame 201 (t = 1.00500):	 total squared error = 0.00166830, marker error: RMS = 0.00816896, max = 0.0166451 (SACROL)
[2025-11-13 23:11:00.284] [info] Frame 202 (t = 1.01):	 total squared error = 0.00169942, marker error: RMS = 0.00824480, max = 0.0167601 (SACROL)
[2025-11-13 23:11:00.322] [info] Frame 203 (t = 1.015):	 total squared error = 0.00172857, marker error: RMS = 0.00831521, max = 0.0171361 (SACROL)
[2025-11-13 23:11:00.342] [info] Frame 204 (t = 1.02):	 total squared error = 0.00176323, marker error: RMS = 0.00839816, max = 0.0170891 (SACROL)
[2025-11-13 23:11:00.367] [info] Frame 205 (t = 1.025):	 total squared error = 0.00179470, marker error: RMS = 0.00847278, max = 0.0174455 (SACROL)
[2025-11-13 23:11:00.386] [info] Frame 206 (t = 1.03):	 total squared error = 0.00183026, marker error: RMS = 0.00855631, max = 0.0174615 (SACROL)
[2025-11-13 23:11:00.416] [info] Frame 207 (t = 1.035):	 total squared error = 0.00186146, marker error: RMS = 0.00862892, max = 0.01782 (SACROL)
[2025-11-13 23:11:00.455] [info] Frame 208 (t = 1.04):	 total squared error = 0.00189480, marker error: RMS = 0.00870586, max = 0.0179532 (SACROL)
[2025-11-13 23:11:00.474] [info] Frame 209 (t = 1.045):	 total squared error = 0.00192817, marker error: RMS = 0.00878218, max = 0.0179581 (SACROL)
[2025-11-13 23:11:00.492] [info] Frame 210 (t = 1.05):	 total squared error = 0.00196064, marker error: RMS = 0.00885582, max = 0.0180569 (SACROL)
[2025-11-13 23:11:00.521] [info] Frame 211 (t = 1.055):	 total squared error = 0.00198618, marker error: RMS = 0.00891331, max = 0.0185286 (SACROL)
[2025-11-13 23:11:00.560] [info] Frame 212 (t = 1.06):	 total squared error = 0.00201319, marker error: RMS = 0.00897373, max = 0.0186518 (SACROL)
[2025-11-13 23:11:00.585] [info] Frame 213 (t = 1.065):	 total squared error = 0.00203876, marker error: RMS = 0.00903052, max = 0.0186297 (SACROL)
[2025-11-13 23:11:00.607] [info] Frame 214 (t = 1.07):	 total squared error = 0.00206187, marker error: RMS = 0.00908156, max = 0.0187444 (SACROL)
[2025-11-13 23:11:00.630] [info] Frame 215 (t = 1.075):	 total squared error = 0.00208191, marker error: RMS = 0.00912560, max = 0.0189213 (SACROL)
[2025-11-13 23:11:00.664] [info] Frame 216 (t = 1.08):	 total squared error = 0.00209670, marker error: RMS = 0.00915794, max = 0.0193017 (SACROL)
[2025-11-13 23:11:00.683] [info] Frame 217 (t = 1.085):	 total squared error = 0.00211403, marker error: RMS = 0.00919571, max = 0.0192093 (SACROL)
[2025-11-13 23:11:00.701] [info] Frame 218 (t = 1.09):	 total squared error = 0.00213100, marker error: RMS = 0.00923255, max = 0.0192214 (SACROL)
[2025-11-13 23:11:00.739] [info] Frame 219 (t = 1.095):	 total squared error = 0.00213957, marker error: RMS = 0.00925109, max = 0.0197023 (SACROL)
[2025-11-13 23:11:00.765] [info] Frame 220 (t = 1.1):	 total squared error = 0.00215275, marker error: RMS = 0.00927954, max = 0.0196938 (SACROL)
[2025-11-13 23:11:00.797] [info] Frame 221 (t = 1.10500):	 total squared error = 0.00216377, marker error: RMS = 0.00930328, max = 0.0200105 (SACROL)
[2025-11-13 23:11:00.822] [info] Frame 222 (t = 1.11):	 total squared error = 0.00217583, marker error: RMS = 0.00932916, max = 0.0201487 (SACROL)
[2025-11-13 23:11:00.841] [info] Frame 223 (t = 1.115):	 total squared error = 0.00218975, marker error: RMS = 0.00935895, max = 0.0201457 (SACROL)
[2025-11-13 23:11:00.866] [info] Frame 224 (t = 1.12):	 total squared error = 0.00220210, marker error: RMS = 0.00938531, max = 0.0204572 (SACROL)
[2025-11-13 23:11:00.892] [info] Frame 225 (t = 1.125):	 total squared error = 0.00221682, marker error: RMS = 0.00941662, max = 0.0206315 (SACROL)
[2025-11-13 23:11:00.908] [info] Frame 226 (t = 1.13):	 total squared error = 0.00223395, marker error: RMS = 0.00945294, max = 0.0206083 (SACROL)
[2025-11-13 23:11:00.937] [info] Frame 227 (t = 1.135):	 total squared error = 0.00225035, marker error: RMS = 0.00948758, max = 0.0209617 (SACROL)
[2025-11-13 23:11:00.960] [info] Frame 228 (t = 1.14):	 total squared error = 0.00226913, marker error: RMS = 0.00952708, max = 0.0210795 (SACROL)
[2025-11-13 23:11:00.980] [info] Frame 229 (t = 1.145):	 total squared error = 0.00229135, marker error: RMS = 0.00957360, max = 0.0210664 (SACROL)
[2025-11-13 23:11:01.020] [info] Frame 230 (t = 1.15):	 total squared error = 0.00231260, marker error: RMS = 0.00961791, max = 0.0213729 (SACROL)
[2025-11-13 23:11:01.037] [info] Frame 231 (t = 1.155):	 total squared error = 0.00233714, marker error: RMS = 0.00966879, max = 0.0214232 (SACROL)
[2025-11-13 23:11:01.054] [info] Frame 232 (t = 1.16):	 total squared error = 0.00236377, marker error: RMS = 0.00972372, max = 0.0215131 (SACROL)
[2025-11-13 23:11:01.083] [info] Frame 233 (t = 1.165):	 total squared error = 0.00238814, marker error: RMS = 0.00977371, max = 0.0218852 (SACROL)
[2025-11-13 23:11:01.104] [info] Frame 234 (t = 1.17):	 total squared error = 0.00241731, marker error: RMS = 0.00983323, max = 0.0218635 (SACROL)
[2025-11-13 23:11:01.126] [info] Frame 235 (t = 1.175):	 total squared error = 0.00244657, marker error: RMS = 0.00989256, max = 0.0220532 (SACROL)
[2025-11-13 23:11:01.144] [info] Frame 236 (t = 1.18):	 total squared error = 0.00247977, marker error: RMS = 0.00995945, max = 0.0220734 (SACROL)
[2025-11-13 23:11:01.181] [info] Frame 237 (t = 1.185):	 total squared error = 0.00250728, marker error: RMS = 0.0100146, max = 0.0224679 (SACROL)
[2025-11-13 23:11:01.197] [info] Frame 238 (t = 1.19):	 total squared error = 0.00254075, marker error: RMS = 0.0100812, max = 0.0224611 (SACROL)
[2025-11-13 23:11:01.218] [info] Frame 239 (t = 1.195):	 total squared error = 0.00257300, marker error: RMS = 0.0101449, max = 0.0227336 (SACROL)
[2025-11-13 23:11:01.234] [info] Frame 240 (t = 1.2):	 total squared error = 0.00260962, marker error: RMS = 0.0102169, max = 0.0226867 (SACROL)
[2025-11-13 23:11:01.259] [info] Frame 241 (t = 1.20500):	 total squared error = 0.00264243, marker error: RMS = 0.0102809, max = 0.0230753 (SACROL)
[2025-11-13 23:11:01.275] [info] Frame 242 (t = 1.21):	 total squared error = 0.00267943, marker error: RMS = 0.0103526, max = 0.0230801 (SACROL)
[2025-11-13 23:11:01.295] [info] Frame 243 (t = 1.215):	 total squared error = 0.00271472, marker error: RMS = 0.0104206, max = 0.023328 (SACROL)
[2025-11-13 23:11:01.310] [info] Frame 244 (t = 1.22):	 total squared error = 0.00275329, marker error: RMS = 0.0104944, max = 0.0233379 (SACROL)
[2025-11-13 23:11:01.326] [info] Frame 245 (t = 1.225):	 total squared error = 0.00279312, marker error: RMS = 0.0105700, max = 0.0234373 (SACROL)
[2025-11-13 23:11:01.350] [info] Frame 246 (t = 1.23):	 total squared error = 0.00282543, marker error: RMS = 0.0106309, max = 0.0238054 (SACROL)
[2025-11-13 23:11:01.365] [info] Frame 247 (t = 1.235):	 total squared error = 0.00286449, marker error: RMS = 0.0107042, max = 0.0237905 (SACROL)
[2025-11-13 23:11:01.391] [info] Frame 248 (t = 1.24):	 total squared error = 0.00289694, marker error: RMS = 0.0107646, max = 0.0241454 (SACROL)
[2025-11-13 23:11:01.405] [info] Frame 249 (t = 1.245):	 total squared error = 0.00293454, marker error: RMS = 0.0108343, max = 0.0241451 (SACROL)
[2025-11-13 23:11:01.419] [info] Frame 250 (t = 1.25):	 total squared error = 0.00297206, marker error: RMS = 0.0109033, max = 0.0241753 (SACROL)
[2025-11-13 23:11:01.447] [info] Frame 251 (t = 1.255):	 total squared error = 0.00300289, marker error: RMS = 0.0109597, max = 0.0245086 (SACROL)
[2025-11-13 23:11:01.465] [info] Frame 252 (t = 1.26):	 total squared error = 0.00303857, marker error: RMS = 0.0110246, max = 0.024579 (SACROL)
[2025-11-13 23:11:01.499] [info] Frame 253 (t = 1.265):	 total squared error = 0.00307169, marker error: RMS = 0.0110846, max = 0.0248536 (SACROL)
[2025-11-13 23:11:01.514] [info] Frame 254 (t = 1.27):	 total squared error = 0.00310754, marker error: RMS = 0.0111491, max = 0.0248417 (SACROL)
[2025-11-13 23:11:01.540] [info] Frame 255 (t = 1.275):	 total squared error = 0.00314112, marker error: RMS = 0.0112091, max = 0.0251006 (SACROL)
[2025-11-13 23:11:01.557] [info] Frame 256 (t = 1.28):	 total squared error = 0.00317812, marker error: RMS = 0.011275, max = 0.0250880 (SACROL)
[2025-11-13 23:11:01.578] [info] Frame 257 (t = 1.285):	 total squared error = 0.00321373, marker error: RMS = 0.011338, max = 0.0254056 (SACROL)
[2025-11-13 23:11:01.598] [info] Frame 258 (t = 1.29):	 total squared error = 0.00325387, marker error: RMS = 0.0114085, max = 0.0253341 (SACROL)
[2025-11-13 23:11:01.618] [info] Frame 259 (t = 1.295):	 total squared error = 0.00329101, marker error: RMS = 0.0114735, max = 0.0257154 (SACROL)
[2025-11-13 23:11:01.632] [info] Frame 260 (t = 1.3):	 total squared error = 0.00333612, marker error: RMS = 0.0115518, max = 0.0255364 (SACROL)
[2025-11-13 23:11:01.667] [info] Frame 261 (t = 1.30500):	 total squared error = 0.00337516, marker error: RMS = 0.0116192, max = 0.0260292 (SACROL)
[2025-11-13 23:11:01.684] [info] Frame 262 (t = 1.31):	 total squared error = 0.00342112, marker error: RMS = 0.0116981, max = 0.0260036 (SACROL)
[2025-11-13 23:11:01.706] [info] Frame 263 (t = 1.315):	 total squared error = 0.00346599, marker error: RMS = 0.0117745, max = 0.0262885 (SACROL)
[2025-11-13 23:11:01.726] [info] Frame 264 (t = 1.32):	 total squared error = 0.00351402, marker error: RMS = 0.0118558, max = 0.0263602 (SACROL)
[2025-11-13 23:11:01.749] [info] Frame 265 (t = 1.325):	 total squared error = 0.00356581, marker error: RMS = 0.0119429, max = 0.0263907 (SACROL)
[2025-11-13 23:11:01.775] [info] Frame 266 (t = 1.33):	 total squared error = 0.00361340, marker error: RMS = 0.0120223, max = 0.0266966 (SACROL)
[2025-11-13 23:11:01.792] [info] Frame 267 (t = 1.335):	 total squared error = 0.00366735, marker error: RMS = 0.0121117, max = 0.0267085 (SACROL)
[2025-11-13 23:11:01.817] [info] Frame 268 (t = 1.34):	 total squared error = 0.00371756, marker error: RMS = 0.0121944, max = 0.0270818 (SACROL)
[2025-11-13 23:11:01.842] [info] Frame 269 (t = 1.345):	 total squared error = 0.00377093, marker error: RMS = 0.0122816, max = 0.0272945 (SACROL)
[2025-11-13 23:11:01.858] [info] Frame 270 (t = 1.35):	 total squared error = 0.00382776, marker error: RMS = 0.0123738, max = 0.0271766 (SACROL)
[2025-11-13 23:11:01.883] [info] Frame 271 (t = 1.355):	 total squared error = 0.00388205, marker error: RMS = 0.0124612, max = 0.0274166 (SACROL)
[2025-11-13 23:11:01.900] [info] Frame 272 (t = 1.36):	 total squared error = 0.00394090, marker error: RMS = 0.0125553, max = 0.0273763 (SACROL)
[2025-11-13 23:11:01.911] [info] Frame 273 (t = 1.365):	 total squared error = 0.00400378, marker error: RMS = 0.0126551, max = 0.0273654 (SACROL)
[2025-11-13 23:11:01.934] [info] Frame 274 (t = 1.37):	 total squared error = 0.00405812, marker error: RMS = 0.0127407, max = 0.0276794 (SACROL)
[2025-11-13 23:11:01.947] [info] Frame 275 (t = 1.375):	 total squared error = 0.00412164, marker error: RMS = 0.01284, max = 0.0276822 (SACROL)
[2025-11-13 23:11:01.974] [info] Frame 276 (t = 1.38):	 total squared error = 0.00417964, marker error: RMS = 0.01293, max = 0.0278821 (SACROL)
[2025-11-13 23:11:02.016] [info] Frame 277 (t = 1.385):	 total squared error = 0.00423839, marker error: RMS = 0.0130206, max = 0.0282627 (SACROL)
[2025-11-13 23:11:02.039] [info] Frame 278 (t = 1.39):	 total squared error = 0.00430023, marker error: RMS = 0.0131152, max = 0.0282744 (SACROL)
[2025-11-13 23:11:02.061] [info] Frame 279 (t = 1.395):	 total squared error = 0.00436228, marker error: RMS = 0.0132095, max = 0.0283253 (SACROL)
[2025-11-13 23:11:02.090] [info] Frame 280 (t = 1.4):	 total squared error = 0.00442354, marker error: RMS = 0.0133019, max = 0.0284492 (SACROL)
[2025-11-13 23:11:02.118] [info] Frame 281 (t = 1.40500):	 total squared error = 0.00448420, marker error: RMS = 0.0133928, max = 0.0285881 (SACROL)
[2025-11-13 23:11:02.156] [info] Frame 282 (t = 1.41):	 total squared error = 0.00454457, marker error: RMS = 0.0134827, max = 0.0288031 (SACROL)
[2025-11-13 23:11:02.188] [info] Frame 283 (t = 1.415):	 total squared error = 0.00460600, marker error: RMS = 0.0135735, max = 0.0288153 (SACROL)
[2025-11-13 23:11:02.215] [info] Frame 284 (t = 1.42):	 total squared error = 0.00466731, marker error: RMS = 0.0136635, max = 0.0288266 (SACROL)
[2025-11-13 23:11:02.239] [info] Frame 285 (t = 1.425):	 total squared error = 0.00472679, marker error: RMS = 0.0137503, max = 0.0289698 (SACROL)
[2025-11-13 23:11:02.267] [info] Frame 286 (t = 1.43):	 total squared error = 0.00478716, marker error: RMS = 0.0138379, max = 0.0290856 (SACROL)
[2025-11-13 23:11:02.307] [info] Frame 287 (t = 1.435):	 total squared error = 0.00484726, marker error: RMS = 0.0139245, max = 0.0292794 (SACROL)
[2025-11-13 23:11:02.333] [info] Frame 288 (t = 1.44):	 total squared error = 0.00490848, marker error: RMS = 0.0140121, max = 0.0292658 (SACROL)
[2025-11-13 23:11:02.356] [info] Frame 289 (t = 1.445):	 total squared error = 0.00497067, marker error: RMS = 0.0141006, max = 0.0292947 (SACROL)
[2025-11-13 23:11:02.382] [info] Frame 290 (t = 1.45):	 total squared error = 0.00503231, marker error: RMS = 0.0141878, max = 0.0293856 (SACROL)
[2025-11-13 23:11:02.404] [info] Frame 291 (t = 1.455):	 total squared error = 0.00509476, marker error: RMS = 0.0142755, max = 0.0294643 (SACROL)
[2025-11-13 23:11:02.426] [info] Frame 292 (t = 1.46):	 total squared error = 0.00515844, marker error: RMS = 0.0143645, max = 0.0295697 (SACROL)
[2025-11-13 23:11:02.449] [info] Frame 293 (t = 1.465):	 total squared error = 0.00522259, marker error: RMS = 0.0144535, max = 0.0296047 (SACROL)
[2025-11-13 23:11:02.472] [info] Frame 294 (t = 1.47):	 total squared error = 0.00528729, marker error: RMS = 0.0145428, max = 0.0296826 (SACROL)
[2025-11-13 23:11:02.493] [info] Frame 295 (t = 1.475):	 total squared error = 0.00535301, marker error: RMS = 0.0146328, max = 0.0297223 (SACROL)
[2025-11-13 23:11:02.523] [info] Frame 296 (t = 1.48):	 total squared error = 0.00541622, marker error: RMS = 0.014719, max = 0.0299642 (SACROL)
[2025-11-13 23:11:02.555] [info] Frame 297 (t = 1.485):	 total squared error = 0.00548159, marker error: RMS = 0.0148075, max = 0.0301062 (SACROL)
[2025-11-13 23:11:02.580] [info] Frame 298 (t = 1.49):	 total squared error = 0.00554694, marker error: RMS = 0.0148956, max = 0.0301040 (SACROL)
[2025-11-13 23:11:02.602] [info] Frame 299 (t = 1.495):	 total squared error = 0.00561288, marker error: RMS = 0.0149838, max = 0.0301028 (SACROL)
[2025-11-13 23:11:02.634] [info] Frame 300 (t = 1.5):	 total squared error = 0.00567552, marker error: RMS = 0.0150672, max = 0.0303792 (SACROL)
[2025-11-13 23:11:02.659] [info] Frame 301 (t = 1.50500):	 total squared error = 0.00573928, marker error: RMS = 0.0151516, max = 0.0303611 (SACROL)
[2025-11-13 23:11:02.684] [info] Frame 302 (t = 1.51):	 total squared error = 0.00580285, marker error: RMS = 0.0152353, max = 0.0304175 (SACROL)
[2025-11-13 23:11:02.714] [info] Frame 303 (t = 1.515):	 total squared error = 0.00586527, marker error: RMS = 0.015317, max = 0.0306094 (SACROL)
[2025-11-13 23:11:02.738] [info] Frame 304 (t = 1.52):	 total squared error = 0.00592956, marker error: RMS = 0.0154007, max = 0.0305133 (SACROL)
[2025-11-13 23:11:02.769] [info] Frame 305 (t = 1.525):	 total squared error = 0.00598919, marker error: RMS = 0.015478, max = 0.0307810 (SACROL)
[2025-11-13 23:11:02.791] [info] Frame 306 (t = 1.53):	 total squared error = 0.00605220, marker error: RMS = 0.0155592, max = 0.0306929 (SACROL)
[2025-11-13 23:11:02.813] [info] Frame 307 (t = 1.535):	 total squared error = 0.00611253, marker error: RMS = 0.0156365, max = 0.0307640 (SACROL)
[2025-11-13 23:11:02.834] [info] Frame 308 (t = 1.54):	 total squared error = 0.00617237, marker error: RMS = 0.0157129, max = 0.0308413 (SACROL)
[2025-11-13 23:11:02.854] [info] Frame 309 (t = 1.545):	 total squared error = 0.00623178, marker error: RMS = 0.0157883, max = 0.0309152 (SACROL)
[2025-11-13 23:11:02.884] [info] Frame 310 (t = 1.55):	 total squared error = 0.00628823, marker error: RMS = 0.0158597, max = 0.0312039 (SACROL)
[2025-11-13 23:11:02.914] [info] Frame 311 (t = 1.555):	 total squared error = 0.00634654, marker error: RMS = 0.015933, max = 0.031257 (SACROL)
[2025-11-13 23:11:02.934] [info] Frame 312 (t = 1.56):	 total squared error = 0.00640618, marker error: RMS = 0.0160077, max = 0.0312087 (SACROL)
[2025-11-13 23:11:02.955] [info] Frame 313 (t = 1.565):	 total squared error = 0.00646449, marker error: RMS = 0.0160804, max = 0.0312253 (SACROL)
[2025-11-13 23:11:02.977] [info] Frame 314 (t = 1.57):	 total squared error = 0.00652227, marker error: RMS = 0.0161521, max = 0.031273 (SACROL)
[2025-11-13 23:11:03.002] [info] Frame 315 (t = 1.575):	 total squared error = 0.00657843, marker error: RMS = 0.0162215, max = 0.0313973 (SACROL)
[2025-11-13 23:11:03.025] [info] Frame 316 (t = 1.58):	 total squared error = 0.00663549, marker error: RMS = 0.0162917, max = 0.0315036 (SACROL)
[2025-11-13 23:11:03.051] [info] Frame 317 (t = 1.585):	 total squared error = 0.00669122, marker error: RMS = 0.01636, max = 0.0317128 (SACROL)
[2025-11-13 23:11:03.073] [info] Frame 318 (t = 1.59):	 total squared error = 0.00675004, marker error: RMS = 0.0164317, max = 0.0316262 (SACROL)
[2025-11-13 23:11:03.092] [info] Frame 319 (t = 1.595):	 total squared error = 0.00680729, marker error: RMS = 0.0165013, max = 0.0316544 (SACROL)
[2025-11-13 23:11:03.114] [info] Frame 320 (t = 1.6):	 total squared error = 0.00686593, marker error: RMS = 0.0165722, max = 0.0317606 (SACROL)
[2025-11-13 23:11:03.138] [info] Frame 321 (t = 1.60500):	 total squared error = 0.00692579, marker error: RMS = 0.0166443, max = 0.0316681 (SACROL)
[2025-11-13 23:11:03.163] [info] Frame 322 (t = 1.61):	 total squared error = 0.00698243, marker error: RMS = 0.0167122, max = 0.0318978 (SACROL)
[2025-11-13 23:11:03.183] [info] Frame 323 (t = 1.615):	 total squared error = 0.00704392, marker error: RMS = 0.0167856, max = 0.0319375 (SACROL)
[2025-11-13 23:11:03.207] [info] Frame 324 (t = 1.62):	 total squared error = 0.00710530, marker error: RMS = 0.0168586, max = 0.0319422 (SACROL)
[2025-11-13 23:11:03.231] [info] Frame 325 (t = 1.625):	 total squared error = 0.00716940, marker error: RMS = 0.0169345, max = 0.0319899 (SACROL)
[2025-11-13 23:11:03.253] [info] Frame 326 (t = 1.63):	 total squared error = 0.00723632, marker error: RMS = 0.0170133, max = 0.0320493 (SACROL)
[2025-11-13 23:11:03.272] [info] Frame 327 (t = 1.635):	 total squared error = 0.00730845, marker error: RMS = 0.0170979, max = 0.0319856 (SACROL)
[2025-11-13 23:11:03.293] [info] Frame 328 (t = 1.64):	 total squared error = 0.00738095, marker error: RMS = 0.0171825, max = 0.0320748 (SACROL)
[2025-11-13 23:11:03.318] [info] Frame 329 (t = 1.645):	 total squared error = 0.00745753, marker error: RMS = 0.0172714, max = 0.0321395 (SACROL)
[2025-11-13 23:11:03.348] [info] Frame 330 (t = 1.65):	 total squared error = 0.00753718, marker error: RMS = 0.0173634, max = 0.0323227 (SACROL)
[2025-11-13 23:11:03.374] [info] Frame 331 (t = 1.655):	 total squared error = 0.00762315, marker error: RMS = 0.0174621, max = 0.0322662 (SACROL)
[2025-11-13 23:11:03.409] [info] Frame 332 (t = 1.66):	 total squared error = 0.00771138, marker error: RMS = 0.0175629, max = 0.0325118 (SACROL)
[2025-11-13 23:11:03.433] [info] Frame 333 (t = 1.665):	 total squared error = 0.00780498, marker error: RMS = 0.0176692, max = 0.0323897 (SACROL)
[2025-11-13 23:11:03.459] [info] Frame 334 (t = 1.67):	 total squared error = 0.00790023, marker error: RMS = 0.0177766, max = 0.0325291 (SACROL)
[2025-11-13 23:11:03.482] [info] Frame 335 (t = 1.675):	 total squared error = 0.00800280, marker error: RMS = 0.0178917, max = 0.0323498 (SACROL)
[2025-11-13 23:11:03.510] [info] Frame 336 (t = 1.68):	 total squared error = 0.00810445, marker error: RMS = 0.0180049, max = 0.0326032 (SACROL)
[2025-11-13 23:11:03.540] [info] Frame 337 (t = 1.685):	 total squared error = 0.00821142, marker error: RMS = 0.0181234, max = 0.0326462 (SACROL)
[2025-11-13 23:11:03.571] [info] Frame 338 (t = 1.69):	 total squared error = 0.00832146, marker error: RMS = 0.0182444, max = 0.0326795 (SACROL)
[2025-11-13 23:11:03.602] [info] Frame 339 (t = 1.695):	 total squared error = 0.00843396, marker error: RMS = 0.0183673, max = 0.0327693 (SACROL)
[2025-11-13 23:11:03.635] [info] Frame 340 (t = 1.7):	 total squared error = 0.00854842, marker error: RMS = 0.0184915, max = 0.0327976 (SACROL)
[2025-11-13 23:11:03.658] [info] Frame 341 (t = 1.70500):	 total squared error = 0.00866440, marker error: RMS = 0.0186165, max = 0.0328008 (SACROL)
[2025-11-13 23:11:03.687] [info] Frame 342 (t = 1.71):	 total squared error = 0.00878229, marker error: RMS = 0.0187428, max = 0.0328221 (SACROL)
[2025-11-13 23:11:03.714] [info] Frame 343 (t = 1.715):	 total squared error = 0.00890187, marker error: RMS = 0.0188699, max = 0.0327656 (SACROL)
[2025-11-13 23:11:03.759] [info] Frame 344 (t = 1.72):	 total squared error = 0.00902097, marker error: RMS = 0.0189958, max = 0.0329153 (SACROL)
[2025-11-13 23:11:03.793] [info] Frame 345 (t = 1.725):	 total squared error = 0.00914074, marker error: RMS = 0.0191214, max = 0.0329148 (SACROL)
[2025-11-13 23:11:03.829] [info] Frame 346 (t = 1.73):	 total squared error = 0.00926074, marker error: RMS = 0.0192466, max = 0.0329318 (SACROL)
[2025-11-13 23:11:03.857] [info] Frame 347 (t = 1.735):	 total squared error = 0.00938560, marker error: RMS = 0.0193759, max = 0.0328892 (RTH2)
[2025-11-13 23:11:03.880] [info] Frame 348 (t = 1.74):	 total squared error = 0.00950145, marker error: RMS = 0.0194951, max = 0.0330111 (RTH2)
[2025-11-13 23:11:03.923] [info] Frame 349 (t = 1.745):	 total squared error = 0.00961926, marker error: RMS = 0.0196156, max = 0.0331378 (RTH2)
[2025-11-13 23:11:03.950] [info] Frame 350 (t = 1.75):	 total squared error = 0.00973827, marker error: RMS = 0.0197365, max = 0.0332148 (RTH2)
[2025-11-13 23:11:03.980] [info] Frame 351 (t = 1.755):	 total squared error = 0.00985653, marker error: RMS = 0.019856, max = 0.0333235 (RTH2)
[2025-11-13 23:11:04.006] [info] Frame 352 (t = 1.76):	 total squared error = 0.00997467, marker error: RMS = 0.0199747, max = 0.0334433 (RTH2)
[2025-11-13 23:11:04.040] [info] Frame 353 (t = 1.765):	 total squared error = 0.0100909, marker error: RMS = 0.0200907, max = 0.033735 (RTH2)
[2025-11-13 23:11:04.069] [info] Frame 354 (t = 1.77):	 total squared error = 0.0102099, marker error: RMS = 0.0202088, max = 0.0338549 (RTH2)
[2025-11-13 23:11:04.093] [info] Frame 355 (t = 1.775):	 total squared error = 0.0103313, marker error: RMS = 0.0203286, max = 0.0339901 (RTH2)
[2025-11-13 23:11:04.130] [info] Frame 356 (t = 1.78):	 total squared error = 0.0104513, marker error: RMS = 0.0204463, max = 0.0341899 (RTH2)
[2025-11-13 23:11:04.156] [info] Frame 357 (t = 1.785):	 total squared error = 0.0105772, marker error: RMS = 0.0205691, max = 0.0343105 (RTH2)
[2025-11-13 23:11:04.186] [info] Frame 358 (t = 1.79):	 total squared error = 0.0107027, marker error: RMS = 0.0206908, max = 0.0344725 (RTH2)
[2025-11-13 23:11:04.214] [info] Frame 359 (t = 1.795):	 total squared error = 0.0108329, marker error: RMS = 0.0208163, max = 0.0346261 (RTH2)
[2025-11-13 23:11:04.241] [info] Frame 360 (t = 1.8):	 total squared error = 0.0109682, marker error: RMS = 0.0209459, max = 0.0348029 (RTH2)
[2025-11-13 23:11:04.272] [info] Frame 361 (t = 1.80500):	 total squared error = 0.0111070, marker error: RMS = 0.0210780, max = 0.0349823 (RTH2)
[2025-11-13 23:11:04.300] [info] Frame 362 (t = 1.81):	 total squared error = 0.0112516, marker error: RMS = 0.0212147, max = 0.0351596 (RTH2)
[2025-11-13 23:11:04.327] [info] Frame 363 (t = 1.815):	 total squared error = 0.0114007, marker error: RMS = 0.0213548, max = 0.0353371 (RTH2)
[2025-11-13 23:11:04.354] [info] Frame 364 (t = 1.82):	 total squared error = 0.0115551, marker error: RMS = 0.021499, max = 0.0354831 (RTH2)
[2025-11-13 23:11:04.386] [info] Frame 365 (t = 1.825):	 total squared error = 0.0117127, marker error: RMS = 0.0216451, max = 0.0357504 (RTH2)
[2025-11-13 23:11:04.415] [info] Frame 366 (t = 1.83):	 total squared error = 0.0118759, marker error: RMS = 0.0217954, max = 0.0358697 (RTH2)
[2025-11-13 23:11:04.441] [info] Frame 367 (t = 1.835):	 total squared error = 0.0120440, marker error: RMS = 0.021949, max = 0.0361017 (RTH2)
[2025-11-13 23:11:04.467] [info] Frame 368 (t = 1.84):	 total squared error = 0.0122163, marker error: RMS = 0.0221054, max = 0.0363135 (RTH2)
[2025-11-13 23:11:04.494] [info] Frame 369 (t = 1.845):	 total squared error = 0.01239, marker error: RMS = 0.0222621, max = 0.0365418 (RTH2)
[2025-11-13 23:11:04.526] [info] Frame 370 (t = 1.85):	 total squared error = 0.0125676, marker error: RMS = 0.0224211, max = 0.0367117 (RTH2)
[2025-11-13 23:11:04.557] [info] Frame 371 (t = 1.855):	 total squared error = 0.0127474, marker error: RMS = 0.0225809, max = 0.0369122 (RTH2)
[2025-11-13 23:11:04.587] [info] Frame 372 (t = 1.86):	 total squared error = 0.0129288, marker error: RMS = 0.0227409, max = 0.0371187 (RTH2)
[2025-11-13 23:11:04.615] [info] Frame 373 (t = 1.865):	 total squared error = 0.0131112, marker error: RMS = 0.0229009, max = 0.0373091 (RTH2)
[2025-11-13 23:11:04.640] [info] Frame 374 (t = 1.87):	 total squared error = 0.0132942, marker error: RMS = 0.0230601, max = 0.0374865 (RTH2)
[2025-11-13 23:11:04.667] [info] Frame 375 (t = 1.875):	 total squared error = 0.0134775, marker error: RMS = 0.0232185, max = 0.037687 (RTH2)
[2025-11-13 23:11:04.696] [info] Frame 376 (t = 1.88):	 total squared error = 0.0136604, marker error: RMS = 0.0233756, max = 0.0378821 (RTH2)
[2025-11-13 23:11:04.719] [info] Frame 377 (t = 1.885):	 total squared error = 0.0138443, marker error: RMS = 0.0235323, max = 0.0380306 (RTH2)
[2025-11-13 23:11:04.743] [info] Frame 378 (t = 1.89):	 total squared error = 0.0140245, marker error: RMS = 0.023685, max = 0.0382545 (RTH2)
[2025-11-13 23:11:04.770] [info] Frame 379 (t = 1.895):	 total squared error = 0.0142061, marker error: RMS = 0.0238379, max = 0.0384226 (RTH2)
[2025-11-13 23:11:04.798] [info] Frame 380 (t = 1.9):	 total squared error = 0.0143862, marker error: RMS = 0.0239885, max = 0.0386044 (RTH2)
[2025-11-13 23:11:04.826] [info] Frame 381 (t = 1.90500):	 total squared error = 0.0145657, marker error: RMS = 0.0241377, max = 0.0388264 (RTH2)
[2025-11-13 23:11:04.852] [info] Frame 382 (t = 1.91):	 total squared error = 0.0147441, marker error: RMS = 0.024285, max = 0.0390361 (RTH2)
[2025-11-13 23:11:04.877] [info] Frame 383 (t = 1.915):	 total squared error = 0.0149216, marker error: RMS = 0.0244308, max = 0.0392204 (RTH2)
[2025-11-13 23:11:04.905] [info] Frame 384 (t = 1.92):	 total squared error = 0.0150979, marker error: RMS = 0.0245747, max = 0.0394389 (RTH2)
[2025-11-13 23:11:04.931] [info] Frame 385 (t = 1.925):	 total squared error = 0.0152727, marker error: RMS = 0.0247166, max = 0.0396286 (RTH2)
[2025-11-13 23:11:04.954] [info] Frame 386 (t = 1.93):	 total squared error = 0.0154463, marker error: RMS = 0.0248567, max = 0.0398549 (RTH2)
[2025-11-13 23:11:04.981] [info] Frame 387 (t = 1.935):	 total squared error = 0.0156191, marker error: RMS = 0.0249953, max = 0.0400491 (RTH2)
[2025-11-13 23:11:05.007] [info] Frame 388 (t = 1.94):	 total squared error = 0.0157892, marker error: RMS = 0.025131, max = 0.0402400 (RTH2)
[2025-11-13 23:11:05.037] [info] Frame 389 (t = 1.945):	 total squared error = 0.0159585, marker error: RMS = 0.0252654, max = 0.0404676 (RTH2)
[2025-11-13 23:11:05.065] [info] Frame 390 (t = 1.95):	 total squared error = 0.0161262, marker error: RMS = 0.0253978, max = 0.0406901 (RTH2)
[2025-11-13 23:11:05.095] [info] Frame 391 (t = 1.955):	 total squared error = 0.0162922, marker error: RMS = 0.0255281, max = 0.0409014 (RTH2)
[2025-11-13 23:11:05.125] [info] Frame 392 (t = 1.96):	 total squared error = 0.0164567, marker error: RMS = 0.0256568, max = 0.0410970 (RTH2)
[2025-11-13 23:11:05.149] [info] Frame 393 (t = 1.965):	 total squared error = 0.0166196, marker error: RMS = 0.0257834, max = 0.0413182 (RTH2)
[2025-11-13 23:11:05.177] [info] Frame 394 (t = 1.97):	 total squared error = 0.0167812, marker error: RMS = 0.0259085, max = 0.0414625 (RTH2)
[2025-11-13 23:11:05.210] [info] Frame 395 (t = 1.975):	 total squared error = 0.0169406, marker error: RMS = 0.0260312, max = 0.0417132 (RTH2)
[2025-11-13 23:11:05.243] [info] Frame 396 (t = 1.98):	 total squared error = 0.0170981, marker error: RMS = 0.026152, max = 0.0419032 (RTH2)
[2025-11-13 23:11:05.280] [info] Frame 397 (t = 1.985):	 total squared error = 0.0172539, marker error: RMS = 0.0262708, max = 0.0421027 (RTH2)
[2025-11-13 23:11:05.308] [info] Frame 398 (t = 1.99):	 total squared error = 0.0174061, marker error: RMS = 0.0263864, max = 0.0423022 (RTH2)
[2025-11-13 23:11:05.336] [info] Frame 399 (t = 1.995):	 total squared error = 0.0175565, marker error: RMS = 0.0265002, max = 0.042497 (RTH2)
[2025-11-13 23:11:05.373] [info] Frame 400 (t = 2.0):	 total squared error = 0.0177044, marker error: RMS = 0.0266116, max = 0.0426638 (RTH2)
[2025-11-13 23:11:05.400] [info] Frame 401 (t = 2.00500):	 total squared error = 0.0178482, marker error: RMS = 0.0267194, max = 0.0428447 (RTH2)
[2025-11-13 23:11:05.430] [info] Frame 402 (t = 2.01):	 total squared error = 0.0179902, marker error: RMS = 0.0268255, max = 0.0429217 (RTH2)
[2025-11-13 23:11:05.450] [info] Frame 403 (t = 2.015):	 total squared error = 0.0181345, marker error: RMS = 0.0269328, max = 0.0430416 (RTH2)
[2025-11-13 23:11:05.489] [info] Frame 404 (t = 2.02):	 total squared error = 0.0182631, marker error: RMS = 0.0270282, max = 0.0432611 (RTH2)
[2025-11-13 23:11:05.521] [info] Frame 405 (t = 2.025):	 total squared error = 0.0183952, marker error: RMS = 0.0271258, max = 0.0434022 (RTH2)
[2025-11-13 23:11:05.551] [info] Frame 406 (t = 2.03):	 total squared error = 0.0185213, marker error: RMS = 0.0272186, max = 0.0435873 (RTH2)
[2025-11-13 23:11:05.576] [info] Frame 407 (t = 2.035):	 total squared error = 0.0186444, marker error: RMS = 0.0273089, max = 0.0437177 (RTH2)
[2025-11-13 23:11:05.613] [info] Frame 408 (t = 2.04):	 total squared error = 0.0187631, marker error: RMS = 0.0273957, max = 0.0437706 (RTH2)
[2025-11-13 23:11:05.640] [info] Frame 409 (t = 2.045):	 total squared error = 0.0188755, marker error: RMS = 0.0274777, max = 0.043924 (RTH2)
[2025-11-13 23:11:05.671] [info] Frame 410 (t = 2.05):	 total squared error = 0.0189832, marker error: RMS = 0.0275559, max = 0.0440354 (RTH2)
[2025-11-13 23:11:05.706] [info] Frame 411 (t = 2.055):	 total squared error = 0.0190852, marker error: RMS = 0.0276298, max = 0.0441164 (RTH2)
[2025-11-13 23:11:05.748] [info] Frame 412 (t = 2.06):	 total squared error = 0.0191815, marker error: RMS = 0.0276994, max = 0.044159 (RTH2)
[2025-11-13 23:11:05.773] [info] Frame 413 (t = 2.065):	 total squared error = 0.0192709, marker error: RMS = 0.0277639, max = 0.0442748 (RTH2)
[2025-11-13 23:11:05.804] [info] Frame 414 (t = 2.07):	 total squared error = 0.019356, marker error: RMS = 0.0278252, max = 0.0443622 (RTH2)
[2025-11-13 23:11:05.833] [info] Frame 415 (t = 2.075):	 total squared error = 0.0194359, marker error: RMS = 0.0278825, max = 0.0444015 (RTH2)
[2025-11-13 23:11:05.863] [info] Frame 416 (t = 2.08):	 total squared error = 0.0195106, marker error: RMS = 0.0279361, max = 0.0444891 (RTH2)
[2025-11-13 23:11:05.887] [info] Frame 417 (t = 2.085):	 total squared error = 0.0195811, marker error: RMS = 0.0279865, max = 0.0445595 (RTH2)
[2025-11-13 23:11:05.921] [info] Frame 418 (t = 2.09):	 total squared error = 0.0196487, marker error: RMS = 0.0280347, max = 0.0445845 (RTH2)
[2025-11-13 23:11:05.951] [info] Frame 419 (t = 2.095):	 total squared error = 0.0197124, marker error: RMS = 0.0280802, max = 0.044654 (RTH2)
[2025-11-13 23:11:05.989] [info] Frame 420 (t = 2.1):	 total squared error = 0.0197739, marker error: RMS = 0.028124, max = 0.0446892 (RTH2)
[2025-11-13 23:11:06.019] [info] Frame 421 (t = 2.10500):	 total squared error = 0.0198336, marker error: RMS = 0.0281664, max = 0.0447532 (RTH2)
[2025-11-13 23:11:06.049] [info] Frame 422 (t = 2.11):	 total squared error = 0.0198926, marker error: RMS = 0.0282082, max = 0.0448883 (RTH2)
[2025-11-13 23:11:06.073] [info] Frame 423 (t = 2.115):	 total squared error = 0.0199489, marker error: RMS = 0.0282481, max = 0.0448974 (RTH2)
[2025-11-13 23:11:06.104] [info] Frame 424 (t = 2.12):	 total squared error = 0.0200043, marker error: RMS = 0.0282873, max = 0.0449388 (RTH2)
[2025-11-13 23:11:06.133] [info] Frame 425 (t = 2.125):	 total squared error = 0.0200600, marker error: RMS = 0.0283267, max = 0.0450218 (RTH2)
[2025-11-13 23:11:06.173] [info] Frame 426 (t = 2.13):	 total squared error = 0.0201142, marker error: RMS = 0.0283649, max = 0.0449693 (RTH2)
[2025-11-13 23:11:06.202] [info] Frame 427 (t = 2.135):	 total squared error = 0.0201694, marker error: RMS = 0.0284038, max = 0.0450734 (RTH2)
[2025-11-13 23:11:06.230] [info] Frame 428 (t = 2.14):	 total squared error = 0.0202232, marker error: RMS = 0.0284417, max = 0.0451495 (RTH2)
[2025-11-13 23:11:06.261] [info] Frame 429 (t = 2.145):	 total squared error = 0.0202760, marker error: RMS = 0.0284788, max = 0.0451364 (RTH2)
[2025-11-13 23:11:06.289] [info] Frame 430 (t = 2.15):	 total squared error = 0.0203291, marker error: RMS = 0.028516, max = 0.0452097 (RTH2)
[2025-11-13 23:11:06.321] [info] Frame 431 (t = 2.155):	 total squared error = 0.0203824, marker error: RMS = 0.0285534, max = 0.0452315 (RTH2)
[2025-11-13 23:11:06.347] [info] Frame 432 (t = 2.16):	 total squared error = 0.0204377, marker error: RMS = 0.0285921, max = 0.0452892 (RTH2)
[2025-11-13 23:11:06.384] [info] Frame 433 (t = 2.165):	 total squared error = 0.0204917, marker error: RMS = 0.0286298, max = 0.0452956 (RTH2)
[2025-11-13 23:11:06.416] [info] Frame 434 (t = 2.17):	 total squared error = 0.0205477, marker error: RMS = 0.028669, max = 0.0453755 (RTH2)
[2025-11-13 23:11:06.445] [info] Frame 435 (t = 2.175):	 total squared error = 0.0206068, marker error: RMS = 0.0287102, max = 0.0453882 (RTH2)
[2025-11-13 23:11:06.474] [info] Frame 436 (t = 2.18):	 total squared error = 0.0206672, marker error: RMS = 0.0287522, max = 0.0455671 (RTH2)
[2025-11-13 23:11:06.510] [info] Frame 437 (t = 2.185):	 total squared error = 0.0207274, marker error: RMS = 0.028794, max = 0.045564 (RTH2)
[2025-11-13 23:11:06.533] [info] Frame 438 (t = 2.19):	 total squared error = 0.0207924, marker error: RMS = 0.0288391, max = 0.045682 (RTH2)
[2025-11-13 23:11:06.559] [info] Frame 439 (t = 2.195):	 total squared error = 0.0208576, marker error: RMS = 0.0288843, max = 0.0458118 (RTH2)
[2025-11-13 23:11:06.600] [info] Frame 440 (t = 2.2):	 total squared error = 0.0209233, marker error: RMS = 0.0289298, max = 0.0458024 (LTHOL)
[2025-11-13 23:11:06.629] [info] Frame 441 (t = 2.20500):	 total squared error = 0.0209927, marker error: RMS = 0.0289777, max = 0.0459175 (RTH2)
[2025-11-13 23:11:06.664] [info] Frame 442 (t = 2.21):	 total squared error = 0.0210627, marker error: RMS = 0.0290260, max = 0.0460056 (LTHOL)
[2025-11-13 23:11:06.692] [info] Frame 443 (t = 2.215):	 total squared error = 0.0211357, marker error: RMS = 0.0290763, max = 0.0461363 (RTH2)
[2025-11-13 23:11:06.725] [info] Frame 444 (t = 2.22):	 total squared error = 0.0212078, marker error: RMS = 0.0291258, max = 0.0462101 (LTHOL)
[2025-11-13 23:11:06.755] [info] Frame 445 (t = 2.225):	 total squared error = 0.0212829, marker error: RMS = 0.0291773, max = 0.0463564 (LTHOL)
[2025-11-13 23:11:06.790] [info] Frame 446 (t = 2.23):	 total squared error = 0.0213572, marker error: RMS = 0.0292282, max = 0.046441 (LTHOL)
[2025-11-13 23:11:06.812] [info] Frame 447 (t = 2.235):	 total squared error = 0.0214355, marker error: RMS = 0.0292817, max = 0.0466767 (LTHOL)
[2025-11-13 23:11:06.844] [info] Frame 448 (t = 2.24):	 total squared error = 0.0215103, marker error: RMS = 0.0293328, max = 0.0466574 (LTHOL)
[2025-11-13 23:11:06.878] [info] Frame 449 (t = 2.245):	 total squared error = 0.0215868, marker error: RMS = 0.0293849, max = 0.0467746 (LTHOL)
[2025-11-13 23:11:06.909] [info] Frame 450 (t = 2.25):	 total squared error = 0.0216642, marker error: RMS = 0.0294376, max = 0.0468603 (LTHOL)
[2025-11-13 23:11:06.937] [info] Frame 451 (t = 2.255):	 total squared error = 0.0217421, marker error: RMS = 0.0294904, max = 0.0470350 (LTHOL)
[2025-11-13 23:11:06.967] [info] Frame 452 (t = 2.26):	 total squared error = 0.0218186, marker error: RMS = 0.0295422, max = 0.0470861 (LTHOL)
[2025-11-13 23:11:06.996] [info] Frame 453 (t = 2.265):	 total squared error = 0.0218945, marker error: RMS = 0.0295936, max = 0.0472352 (LTHOL)
[2025-11-13 23:11:07.036] [info] Frame 454 (t = 2.27):	 total squared error = 0.0219675, marker error: RMS = 0.0296429, max = 0.0472444 (LTHOL)
[2025-11-13 23:11:07.067] [info] Frame 455 (t = 2.275):	 total squared error = 0.0220426, marker error: RMS = 0.0296935, max = 0.0474139 (LTHOL)
[2025-11-13 23:11:07.100] [info] Frame 456 (t = 2.28):	 total squared error = 0.0221147, marker error: RMS = 0.029742, max = 0.0474403 (LTHOL)
[2025-11-13 23:11:07.136] [info] Frame 457 (t = 2.285):	 total squared error = 0.0221857, marker error: RMS = 0.0297898, max = 0.0475007 (LTHOL)
[2025-11-13 23:11:07.172] [info] Frame 458 (t = 2.29):	 total squared error = 0.0222551, marker error: RMS = 0.0298363, max = 0.0475722 (LTHOL)
[2025-11-13 23:11:07.203] [info] Frame 459 (t = 2.295):	 total squared error = 0.0223246, marker error: RMS = 0.0298829, max = 0.0476059 (LTHOL)
[2025-11-13 23:11:07.234] [info] Frame 460 (t = 2.3):	 total squared error = 0.0223926, marker error: RMS = 0.0299283, max = 0.0476772 (LTHOL)
[2025-11-13 23:11:07.267] [info] Frame 461 (t = 2.30500):	 total squared error = 0.0224588, marker error: RMS = 0.0299725, max = 0.0477251 (LTHOL)
[2025-11-13 23:11:07.299] [info] Frame 462 (t = 2.31):	 total squared error = 0.0225234, marker error: RMS = 0.0300156, max = 0.0477826 (LTHOL)
[2025-11-13 23:11:07.329] [info] Frame 463 (t = 2.315):	 total squared error = 0.0225863, marker error: RMS = 0.0300575, max = 0.0478359 (LTHOL)
[2025-11-13 23:11:07.372] [info] Frame 464 (t = 2.32):	 total squared error = 0.0226454, marker error: RMS = 0.0300968, max = 0.0478581 (LTHOL)
[2025-11-13 23:11:07.412] [info] Frame 465 (t = 2.325):	 total squared error = 0.0227037, marker error: RMS = 0.0301355, max = 0.0479221 (LTHOL)
[2025-11-13 23:11:07.452] [info] Frame 466 (t = 2.33):	 total squared error = 0.02276, marker error: RMS = 0.0301729, max = 0.0478935 (RTH2)
[2025-11-13 23:11:07.484] [info] Frame 467 (t = 2.335):	 total squared error = 0.0228157, marker error: RMS = 0.0302097, max = 0.0480492 (LTHOL)
[2025-11-13 23:11:07.525] [info] Frame 468 (t = 2.34):	 total squared error = 0.0228621, marker error: RMS = 0.0302405, max = 0.0480169 (RTH2)
[2025-11-13 23:11:07.552] [info] Frame 469 (t = 2.345):	 total squared error = 0.0229127, marker error: RMS = 0.0302739, max = 0.0481622 (RTH2)
[2025-11-13 23:11:07.597] [info] Frame 470 (t = 2.35):	 total squared error = 0.0229517, marker error: RMS = 0.0302996, max = 0.0481448 (RTH2)
[2025-11-13 23:11:07.622] [info] Frame 471 (t = 2.355):	 total squared error = 0.0229905, marker error: RMS = 0.0303252, max = 0.0482286 (RTH2)
[2025-11-13 23:11:07.650] [info] Frame 472 (t = 2.36):	 total squared error = 0.0230246, marker error: RMS = 0.0303477, max = 0.0482772 (RTH2)
[2025-11-13 23:11:07.684] [info] Frame 473 (t = 2.365):	 total squared error = 0.0230562, marker error: RMS = 0.0303686, max = 0.0483016 (RTH2)
[2025-11-13 23:11:07.712] [info] Frame 474 (t = 2.37):	 total squared error = 0.0230852, marker error: RMS = 0.0303876, max = 0.0484409 (RTH2)
[2025-11-13 23:11:07.745] [info] Frame 475 (t = 2.375):	 total squared error = 0.0231065, marker error: RMS = 0.0304016, max = 0.0484475 (RTH2)
[2025-11-13 23:11:07.777] [info] Frame 476 (t = 2.38):	 total squared error = 0.023124, marker error: RMS = 0.0304132, max = 0.0484746 (RTH2)
[2025-11-13 23:11:07.804] [info] Frame 477 (t = 2.385):	 total squared error = 0.0231409, marker error: RMS = 0.0304242, max = 0.0485874 (RTH2)
[2025-11-13 23:11:07.851] [info] Frame 478 (t = 2.39):	 total squared error = 0.0231485, marker error: RMS = 0.0304293, max = 0.0484635 (RTH2)
[2025-11-13 23:11:07.885] [info] Frame 479 (t = 2.395):	 total squared error = 0.0231552, marker error: RMS = 0.0304337, max = 0.0484926 (RTH2)
[2025-11-13 23:11:07.918] [info] Frame 480 (t = 2.4):	 total squared error = 0.0231563, marker error: RMS = 0.0304344, max = 0.0485207 (RTH2)
[2025-11-13 23:11:07.950] [info] Frame 481 (t = 2.40500):	 total squared error = 0.0231548, marker error: RMS = 0.0304334, max = 0.0484887 (RTH2)
[2025-11-13 23:11:07.984] [info] Frame 482 (t = 2.41):	 total squared error = 0.0231496, marker error: RMS = 0.0304300, max = 0.0484741 (RTH2)
[2025-11-13 23:11:08.016] [info] Frame 483 (t = 2.415):	 total squared error = 0.0231426, marker error: RMS = 0.0304254, max = 0.0484852 (RTH2)
[2025-11-13 23:11:08.050] [info] Frame 484 (t = 2.42):	 total squared error = 0.023135, marker error: RMS = 0.0304204, max = 0.0484853 (RTH2)
[2025-11-13 23:11:08.081] [info] Frame 485 (t = 2.425):	 total squared error = 0.0231239, marker error: RMS = 0.0304131, max = 0.0484446 (RTH2)
[2025-11-13 23:11:08.108] [info] Frame 486 (t = 2.43):	 total squared error = 0.0231191, marker error: RMS = 0.0304099, max = 0.0485626 (RTH2)
[2025-11-13 23:11:08.136] [info] Frame 487 (t = 2.435):	 total squared error = 0.0231019, marker error: RMS = 0.0303986, max = 0.048456 (RTH2)
[2025-11-13 23:11:08.175] [info] Frame 488 (t = 2.44):	 total squared error = 0.0230918, marker error: RMS = 0.0303919, max = 0.0484127 (RTH2)
[2025-11-13 23:11:08.208] [info] Frame 489 (t = 2.445):	 total squared error = 0.0230832, marker error: RMS = 0.0303863, max = 0.0484442 (RTH2)
[2025-11-13 23:11:08.235] [info] Frame 490 (t = 2.45):	 total squared error = 0.0230728, marker error: RMS = 0.0303794, max = 0.0484801 (RTH2)
[2025-11-13 23:11:08.281] [info] Frame 491 (t = 2.455):	 total squared error = 0.0230608, marker error: RMS = 0.0303715, max = 0.0483851 (RTH2)
[2025-11-13 23:11:08.306] [info] Frame 492 (t = 2.46):	 total squared error = 0.0230538, marker error: RMS = 0.0303669, max = 0.0483783 (RTH2)
[2025-11-13 23:11:08.338] [info] Frame 493 (t = 2.465):	 total squared error = 0.0230425, marker error: RMS = 0.0303595, max = 0.0484233 (RTH2)
[2025-11-13 23:11:08.372] [info] Frame 494 (t = 2.47):	 total squared error = 0.0230325, marker error: RMS = 0.0303529, max = 0.0483674 (RTH2)
[2025-11-13 23:11:08.406] [info] Frame 495 (t = 2.475):	 total squared error = 0.0230233, marker error: RMS = 0.0303469, max = 0.0483253 (RTH2)
[2025-11-13 23:11:08.436] [info] Frame 496 (t = 2.48):	 total squared error = 0.0230172, marker error: RMS = 0.0303428, max = 0.0483785 (RTH2)
[2025-11-13 23:11:08.472] [info] Frame 497 (t = 2.485):	 total squared error = 0.0230058, marker error: RMS = 0.0303353, max = 0.0483166 (RTH2)
[2025-11-13 23:11:08.507] [info] Frame 498 (t = 2.49):	 total squared error = 0.0229961, marker error: RMS = 0.0303289, max = 0.0483013 (RTH2)
[2025-11-13 23:11:08.535] [info] Frame 499 (t = 2.495):	 total squared error = 0.022987, marker error: RMS = 0.0303229, max = 0.0482636 (RTH2)
[2025-11-13 23:11:08.569] [info] Frame 500 (t = 2.5):	 total squared error = 0.0229766, marker error: RMS = 0.0303161, max = 0.0482615 (RTH2)
[2025-11-13 23:11:08.595] [info] Frame 501 (t = 2.50500):	 total squared error = 0.022965, marker error: RMS = 0.0303084, max = 0.0482093 (RTH2)
[2025-11-13 23:11:08.623] [info] Frame 502 (t = 2.51):	 total squared error = 0.0229535, marker error: RMS = 0.0303009, max = 0.048216 (RTH2)
[2025-11-13 23:11:08.654] [info] Frame 503 (t = 2.515):	 total squared error = 0.0229406, marker error: RMS = 0.0302923, max = 0.0481556 (RTH2)
[2025-11-13 23:11:08.675] [info] Frame 504 (t = 2.52):	 total squared error = 0.0229269, marker error: RMS = 0.0302833, max = 0.0481458 (RTH2)
[2025-11-13 23:11:08.710] [info] Frame 505 (t = 2.525):	 total squared error = 0.0229113, marker error: RMS = 0.0302729, max = 0.0481038 (RTH2)
[2025-11-13 23:11:08.743] [info] Frame 506 (t = 2.53):	 total squared error = 0.0228943, marker error: RMS = 0.0302617, max = 0.0480715 (RTH2)
[2025-11-13 23:11:08.793] [info] Frame 507 (t = 2.535):	 total squared error = 0.0228748, marker error: RMS = 0.0302489, max = 0.0480202 (RTH2)
[2025-11-13 23:11:08.821] [info] Frame 508 (t = 2.54):	 total squared error = 0.0228547, marker error: RMS = 0.0302355, max = 0.0481013 (RTH2)
[2025-11-13 23:11:08.859] [info] Frame 509 (t = 2.545):	 total squared error = 0.0228293, marker error: RMS = 0.0302187, max = 0.0479354 (RTH2)
[2025-11-13 23:11:08.882] [info] Frame 510 (t = 2.55):	 total squared error = 0.0228039, marker error: RMS = 0.0302019, max = 0.0479832 (RTH2)
[2025-11-13 23:11:08.906] [info] Frame 511 (t = 2.555):	 total squared error = 0.0227719, marker error: RMS = 0.0301807, max = 0.047882 (RTH2)
[2025-11-13 23:11:08.935] [info] Frame 512 (t = 2.56):	 total squared error = 0.0227327, marker error: RMS = 0.0301548, max = 0.0478057 (RTH2)
[2025-11-13 23:11:08.965] [info] Frame 513 (t = 2.565):	 total squared error = 0.02269, marker error: RMS = 0.0301264, max = 0.0477701 (RTH2)
[2025-11-13 23:11:09.001] [info] Frame 514 (t = 2.57):	 total squared error = 0.0226395, marker error: RMS = 0.0300929, max = 0.047669 (RTH2)
[2025-11-13 23:11:09.024] [info] Frame 515 (t = 2.575):	 total squared error = 0.0225824, marker error: RMS = 0.0300549, max = 0.047648 (RTH2)
[2025-11-13 23:11:09.048] [info] Frame 516 (t = 2.58):	 total squared error = 0.0225178, marker error: RMS = 0.0300119, max = 0.047589 (RTH2)
[2025-11-13 23:11:09.078] [info] Frame 517 (t = 2.585):	 total squared error = 0.0224392, marker error: RMS = 0.0299594, max = 0.0474374 (RTH2)
[2025-11-13 23:11:09.111] [info] Frame 518 (t = 2.59):	 total squared error = 0.0223529, marker error: RMS = 0.0299018, max = 0.0473196 (RTH2)
[2025-11-13 23:11:09.144] [info] Frame 519 (t = 2.595):	 total squared error = 0.0222557, marker error: RMS = 0.0298367, max = 0.0472203 (RTH2)
[2025-11-13 23:11:09.171] [info] Frame 520 (t = 2.6):	 total squared error = 0.0221468, marker error: RMS = 0.0297636, max = 0.0471077 (RTH2)
[2025-11-13 23:11:09.191] [info] Frame 521 (t = 2.60500):	 total squared error = 0.0220268, marker error: RMS = 0.0296829, max = 0.0470117 (RTH2)
[2025-11-13 23:11:09.216] [info] Frame 522 (t = 2.61):	 total squared error = 0.0218908, marker error: RMS = 0.0295911, max = 0.0468649 (RTH2)
[2025-11-13 23:11:09.238] [info] Frame 523 (t = 2.615):	 total squared error = 0.0217421, marker error: RMS = 0.0294904, max = 0.0466764 (RTH2)
[2025-11-13 23:11:09.267] [info] Frame 524 (t = 2.62):	 total squared error = 0.0215785, marker error: RMS = 0.0293792, max = 0.0464643 (RTH2)
[2025-11-13 23:11:09.296] [info] Frame 525 (t = 2.625):	 total squared error = 0.0214010, marker error: RMS = 0.0292581, max = 0.0462633 (RTH2)
[2025-11-13 23:11:09.333] [info] Frame 526 (t = 2.63):	 total squared error = 0.0212096, marker error: RMS = 0.029127, max = 0.0460238 (RTH2)
[2025-11-13 23:11:09.363] [info] Frame 527 (t = 2.635):	 total squared error = 0.0210044, marker error: RMS = 0.0289858, max = 0.0457915 (RTH2)
[2025-11-13 23:11:09.404] [info] Frame 528 (t = 2.64):	 total squared error = 0.0207856, marker error: RMS = 0.0288344, max = 0.0455472 (RTH2)
[2025-11-13 23:11:09.438] [info] Frame 529 (t = 2.645):	 total squared error = 0.0205535, marker error: RMS = 0.028673, max = 0.0452884 (RTH2)
[2025-11-13 23:11:09.465] [info] Frame 530 (t = 2.65):	 total squared error = 0.0203085, marker error: RMS = 0.0285015, max = 0.0450844 (RTH2)
[2025-11-13 23:11:09.503] [info] Frame 531 (t = 2.655):	 total squared error = 0.0200524, marker error: RMS = 0.0283213, max = 0.0446836 (RTH2)
[2025-11-13 23:11:09.526] [info] Frame 532 (t = 2.66):	 total squared error = 0.0197857, marker error: RMS = 0.0281323, max = 0.044436 (RTH2)
[2025-11-13 23:11:09.554] [info] Frame 533 (t = 2.665):	 total squared error = 0.01951, marker error: RMS = 0.0279357, max = 0.0441167 (RTH2)
[2025-11-13 23:11:09.585] [info] Frame 534 (t = 2.67):	 total squared error = 0.0192269, marker error: RMS = 0.0277322, max = 0.0437493 (RTH2)
[2025-11-13 23:11:09.607] [info] Frame 535 (t = 2.675):	 total squared error = 0.0189393, marker error: RMS = 0.027524, max = 0.0433794 (RTH2)
[2025-11-13 23:11:09.627] [info] Frame 536 (t = 2.68):	 total squared error = 0.0186525, marker error: RMS = 0.0273148, max = 0.0430723 (RTH2)
[2025-11-13 23:11:09.655] [info] Frame 537 (t = 2.685):	 total squared error = 0.0183401, marker error: RMS = 0.0270852, max = 0.0427214 (RTH2)
[2025-11-13 23:11:09.688] [info] Frame 538 (t = 2.69):	 total squared error = 0.0180348, marker error: RMS = 0.0268588, max = 0.0423584 (RTH2)
[2025-11-13 23:11:09.717] [info] Frame 539 (t = 2.695):	 total squared error = 0.0177271, marker error: RMS = 0.0266286, max = 0.0420035 (RTH2)
[2025-11-13 23:11:09.748] [info] Frame 540 (t = 2.7):	 total squared error = 0.0174152, marker error: RMS = 0.0263934, max = 0.0416079 (RTH2)
[2025-11-13 23:11:09.774] [info] Frame 541 (t = 2.70500):	 total squared error = 0.0171009, marker error: RMS = 0.0261541, max = 0.0412499 (RTH2)
[2025-11-13 23:11:09.809] [info] Frame 542 (t = 2.71):	 total squared error = 0.0167856, marker error: RMS = 0.0259119, max = 0.0408522 (RTH2)
[2025-11-13 23:11:09.835] [info] Frame 543 (t = 2.715):	 total squared error = 0.0164668, marker error: RMS = 0.0256646, max = 0.0404411 (RTH2)
[2025-11-13 23:11:09.859] [info] Frame 544 (t = 2.72):	 total squared error = 0.0161486, marker error: RMS = 0.0254154, max = 0.0401106 (RTH2)
[2025-11-13 23:11:09.885] [info] Frame 545 (t = 2.725):	 total squared error = 0.0158294, marker error: RMS = 0.025163, max = 0.039745 (RTH2)
[2025-11-13 23:11:09.912] [info] Frame 546 (t = 2.73):	 total squared error = 0.0155107, marker error: RMS = 0.0249084, max = 0.0394174 (RTH2)
[2025-11-13 23:11:09.926] [info] Frame 547 (t = 2.735):	 total squared error = 0.0151906, marker error: RMS = 0.02465, max = 0.0390279 (RTH2)
[2025-11-13 23:11:09.939] [info] Frame 548 (t = 2.74):	 total squared error = 0.0148738, marker error: RMS = 0.0243916, max = 0.0386489 (RTH2)
[2025-11-13 23:11:09.956] [info] Frame 549 (t = 2.745):	 total squared error = 0.0145634, marker error: RMS = 0.0241358, max = 0.038362 (RTH2)
[2025-11-13 23:11:09.974] [info] Frame 550 (t = 2.75):	 total squared error = 0.0142505, marker error: RMS = 0.0238751, max = 0.0379073 (RTH2)
[2025-11-13 23:11:09.986] [info] Frame 551 (t = 2.755):	 total squared error = 0.0139438, marker error: RMS = 0.0236167, max = 0.0375339 (RTH2)
[2025-11-13 23:11:09.998] [info] Frame 552 (t = 2.76):	 total squared error = 0.0136431, marker error: RMS = 0.0233607, max = 0.0371488 (RTH2)
[2025-11-13 23:11:10.016] [info] Frame 553 (t = 2.765):	 total squared error = 0.01335, marker error: RMS = 0.0231084, max = 0.0368224 (RTH2)
[2025-11-13 23:11:10.029] [info] Frame 554 (t = 2.77):	 total squared error = 0.0130589, marker error: RMS = 0.0228551, max = 0.0367887 (SACROL)
[2025-11-13 23:11:10.041] [info] Frame 555 (t = 2.775):	 total squared error = 0.0127754, marker error: RMS = 0.0226057, max = 0.0369898 (SACROL)
[2025-11-13 23:11:10.053] [info] Frame 556 (t = 2.78):	 total squared error = 0.0125007, marker error: RMS = 0.0223613, max = 0.0370432 (SACROL)
[2025-11-13 23:11:10.066] [info] Frame 557 (t = 2.785):	 total squared error = 0.0122322, marker error: RMS = 0.0221198, max = 0.0370609 (SACROL)
[2025-11-13 23:11:10.077] [info] Frame 558 (t = 2.79):	 total squared error = 0.0119708, marker error: RMS = 0.0218823, max = 0.0371473 (SACROL)
[2025-11-13 23:11:10.098] [info] Frame 559 (t = 2.795):	 total squared error = 0.0117156, marker error: RMS = 0.0216478, max = 0.0367127 (SACROL)
[2025-11-13 23:11:10.110] [info] Frame 560 (t = 2.8):	 total squared error = 0.0114649, marker error: RMS = 0.0214149, max = 0.0369636 (SACROL)
[2025-11-13 23:11:10.127] [info] Frame 561 (t = 2.80500):	 total squared error = 0.011225, marker error: RMS = 0.0211897, max = 0.0370137 (SACROL)
[2025-11-13 23:11:10.148] [info] Frame 562 (t = 2.81):	 total squared error = 0.0109903, marker error: RMS = 0.0209670, max = 0.0367183 (SACROL)
[2025-11-13 23:11:10.159] [info] Frame 563 (t = 2.815):	 total squared error = 0.0107620, marker error: RMS = 0.0207480, max = 0.0369508 (SACROL)
[2025-11-13 23:11:10.171] [info] Frame 564 (t = 2.82):	 total squared error = 0.0105430, marker error: RMS = 0.0205358, max = 0.0370622 (SACROL)
[2025-11-13 23:11:10.184] [info] Frame 565 (t = 2.825):	 total squared error = 0.0103314, marker error: RMS = 0.0203287, max = 0.0371585 (SACROL)
[2025-11-13 23:11:10.196] [info] Frame 566 (t = 2.83):	 total squared error = 0.0101267, marker error: RMS = 0.0201263, max = 0.0372427 (SACROL)
[2025-11-13 23:11:10.209] [info] Frame 567 (t = 2.835):	 total squared error = 0.00992845, marker error: RMS = 0.0199283, max = 0.0372854 (SACROL)
[2025-11-13 23:11:10.221] [info] Frame 568 (t = 2.84):	 total squared error = 0.00973648, marker error: RMS = 0.0197347, max = 0.0373032 (SACROL)
[2025-11-13 23:11:10.243] [info] Frame 569 (t = 2.845):	 total squared error = 0.00954006, marker error: RMS = 0.0195346, max = 0.0365382 (SACROL)
[2025-11-13 23:11:10.256] [info] Frame 570 (t = 2.85):	 total squared error = 0.00935731, marker error: RMS = 0.0193466, max = 0.0367523 (SACROL)
[2025-11-13 23:11:10.269] [info] Frame 571 (t = 2.855):	 total squared error = 0.00918227, marker error: RMS = 0.0191648, max = 0.0369131 (SACROL)
[2025-11-13 23:11:10.288] [info] Frame 572 (t = 2.86):	 total squared error = 0.00900687, marker error: RMS = 0.0189809, max = 0.0363552 (SACROL)
[2025-11-13 23:11:10.302] [info] Frame 573 (t = 2.865):	 total squared error = 0.00884004, marker error: RMS = 0.0188043, max = 0.0365925 (SACROL)
[2025-11-13 23:11:10.315] [info] Frame 574 (t = 2.87):	 total squared error = 0.00867994, marker error: RMS = 0.0186332, max = 0.0367495 (SACROL)
[2025-11-13 23:11:10.334] [info] Frame 575 (t = 2.875):	 total squared error = 0.00851663, marker error: RMS = 0.0184571, max = 0.0361487 (SACROL)
[2025-11-13 23:11:10.349] [info] Frame 576 (t = 2.88):	 total squared error = 0.00836128, marker error: RMS = 0.018288, max = 0.0363798 (SACROL)
[2025-11-13 23:11:10.362] [info] Frame 577 (t = 2.885):	 total squared error = 0.00821146, marker error: RMS = 0.0181234, max = 0.0365463 (SACROL)
[2025-11-13 23:11:10.382] [info] Frame 578 (t = 2.89):	 total squared error = 0.00805137, marker error: RMS = 0.0179459, max = 0.03591 (SACROL)
[2025-11-13 23:11:10.403] [info] Frame 579 (t = 2.895):	 total squared error = 0.00789652, marker error: RMS = 0.0177725, max = 0.0355452 (SACROL)
[2025-11-13 23:11:10.415] [info] Frame 580 (t = 2.9):	 total squared error = 0.00774660, marker error: RMS = 0.0176030, max = 0.0358221 (SACROL)
[2025-11-13 23:11:10.434] [info] Frame 581 (t = 2.90500):	 total squared error = 0.00759711, marker error: RMS = 0.0174323, max = 0.0354088 (SACROL)
[2025-11-13 23:11:10.447] [info] Frame 582 (t = 2.91):	 total squared error = 0.00745163, marker error: RMS = 0.0172646, max = 0.0356871 (SACROL)
[2025-11-13 23:11:10.460] [info] Frame 583 (t = 2.915):	 total squared error = 0.00731187, marker error: RMS = 0.0171019, max = 0.0357707 (SACROL)
[2025-11-13 23:11:10.488] [info] Frame 584 (t = 2.92):	 total squared error = 0.00714916, marker error: RMS = 0.0169105, max = 0.0348183 (SACROL)
[2025-11-13 23:11:10.508] [info] Frame 585 (t = 2.925):	 total squared error = 0.00700603, marker error: RMS = 0.0167404, max = 0.0345489 (SACROL)
[2025-11-13 23:11:10.522] [info] Frame 586 (t = 2.93):	 total squared error = 0.00686583, marker error: RMS = 0.0165721, max = 0.0347326 (SACROL)
[2025-11-13 23:11:10.533] [info] Frame 587 (t = 2.935):	 total squared error = 0.00673300, marker error: RMS = 0.016411, max = 0.0349901 (SACROL)
[2025-11-13 23:11:10.546] [info] Frame 588 (t = 2.94):	 total squared error = 0.00660552, marker error: RMS = 0.0162549, max = 0.0348525 (SACROL)
[2025-11-13 23:11:10.573] [info] Frame 589 (t = 2.945):	 total squared error = 0.00645003, marker error: RMS = 0.0160624, max = 0.0336925 (SACROL)
[2025-11-13 23:11:10.587] [info] Frame 590 (t = 2.95):	 total squared error = 0.00632273, marker error: RMS = 0.0159031, max = 0.0339486 (SACROL)
[2025-11-13 23:11:10.609] [info] Frame 591 (t = 2.955):	 total squared error = 0.00619565, marker error: RMS = 0.0157425, max = 0.0333194 (SACROL)
[2025-11-13 23:11:10.622] [info] Frame 592 (t = 2.96):	 total squared error = 0.00607894, marker error: RMS = 0.0155935, max = 0.0335846 (SACROL)
[2025-11-13 23:11:10.635] [info] Frame 593 (t = 2.965):	 total squared error = 0.00597220, marker error: RMS = 0.015456, max = 0.0335891 (SACROL)
[2025-11-13 23:11:10.663] [info] Frame 594 (t = 2.97):	 total squared error = 0.00583751, marker error: RMS = 0.0152807, max = 0.0325295 (SACROL)
[2025-11-13 23:11:10.677] [info] Frame 595 (t = 2.975):	 total squared error = 0.00573232, marker error: RMS = 0.0151424, max = 0.0327161 (SACROL)
[2025-11-13 23:11:10.710] [info] Frame 596 (t = 2.98):	 total squared error = 0.00562248, marker error: RMS = 0.0149966, max = 0.0319791 (SACROL)
[2025-11-13 23:11:10.723] [info] Frame 597 (t = 2.985):	 total squared error = 0.00552580, marker error: RMS = 0.0148671, max = 0.0322099 (SACROL)
[2025-11-13 23:11:10.750] [info] Frame 598 (t = 2.99):	 total squared error = 0.00542578, marker error: RMS = 0.014732, max = 0.0314221 (SACROL)
[2025-11-13 23:11:10.762] [info] Frame 599 (t = 2.995):	 total squared error = 0.00533782, marker error: RMS = 0.0146121, max = 0.0317096 (SACROL)
[2025-11-13 23:11:10.784] [info] Frame 600 (t = 3.0):	 total squared error = 0.00524706, marker error: RMS = 0.0144873, max = 0.0308637 (SACROL)
[2025-11-13 23:11:10.815] [info] Frame 601 (t = 3.00500):	 total squared error = 0.00515554, marker error: RMS = 0.0143604, max = 0.0305143 (SACROL)
[2025-11-13 23:11:10.838] [info] Frame 602 (t = 3.01):	 total squared error = 0.00507278, marker error: RMS = 0.0142447, max = 0.0302500 (SACROL)
[2025-11-13 23:11:10.864] [info] Frame 603 (t = 3.015):	 total squared error = 0.00499087, marker error: RMS = 0.0141292, max = 0.0299275 (SACROL)
[2025-11-13 23:11:10.874] [info] Frame 604 (t = 3.02):	 total squared error = 0.00491868, marker error: RMS = 0.0140267, max = 0.0303318 (SACROL)
[2025-11-13 23:11:10.898] [info] Frame 605 (t = 3.025):	 total squared error = 0.00483850, marker error: RMS = 0.0139119, max = 0.0293612 (SACROL)
[2025-11-13 23:11:10.911] [info] Frame 606 (t = 3.03):	 total squared error = 0.00477280, marker error: RMS = 0.0138171, max = 0.0296227 (SACROL)
[2025-11-13 23:11:10.943] [info] Frame 607 (t = 3.035):	 total squared error = 0.00468846, marker error: RMS = 0.0136945, max = 0.028831 (SACROL)
[2025-11-13 23:11:10.969] [info] Frame 608 (t = 3.04):	 total squared error = 0.00461820, marker error: RMS = 0.0135915, max = 0.0285672 (SACROL)
[2025-11-13 23:11:11.001] [info] Frame 609 (t = 3.045):	 total squared error = 0.00455033, marker error: RMS = 0.0134912, max = 0.0283057 (SACROL)
[2025-11-13 23:11:11.031] [info] Frame 610 (t = 3.05):	 total squared error = 0.00448370, marker error: RMS = 0.0133921, max = 0.0280387 (SACROL)
[2025-11-13 23:11:11.057] [info] Frame 611 (t = 3.055):	 total squared error = 0.00441930, marker error: RMS = 0.0132956, max = 0.0280385 (XIPH)
[2025-11-13 23:11:11.070] [info] Frame 612 (t = 3.06):	 total squared error = 0.00436463, marker error: RMS = 0.0132131, max = 0.0281278 (SACROL)
[2025-11-13 23:11:11.092] [info] Frame 613 (t = 3.065):	 total squared error = 0.00429973, marker error: RMS = 0.0131145, max = 0.0279791 (XIPH)
[2025-11-13 23:11:11.115] [info] Frame 614 (t = 3.07):	 total squared error = 0.00423692, marker error: RMS = 0.0130183, max = 0.0280359 (XIPH)
[2025-11-13 23:11:11.138] [info] Frame 615 (t = 3.075):	 total squared error = 0.00417960, marker error: RMS = 0.01293, max = 0.0280041 (XIPH)
[2025-11-13 23:11:11.162] [info] Frame 616 (t = 3.08):	 total squared error = 0.00412281, marker error: RMS = 0.0128418, max = 0.0279779 (XIPH)
[2025-11-13 23:11:11.191] [info] Frame 617 (t = 3.085):	 total squared error = 0.00406884, marker error: RMS = 0.0127575, max = 0.0279091 (XIPH)
[2025-11-13 23:11:11.228] [info] Frame 618 (t = 3.09):	 total squared error = 0.00401464, marker error: RMS = 0.0126722, max = 0.0278657 (XIPH)
[2025-11-13 23:11:11.261] [info] Frame 619 (t = 3.095):	 total squared error = 0.00396287, marker error: RMS = 0.0125903, max = 0.0278233 (XIPH)
[2025-11-13 23:11:11.286] [info] Frame 620 (t = 3.1):	 total squared error = 0.00391356, marker error: RMS = 0.0125117, max = 0.0278634 (XIPH)
[2025-11-13 23:11:11.318] [info] Frame 621 (t = 3.10500):	 total squared error = 0.00386305, marker error: RMS = 0.0124307, max = 0.0277095 (XIPH)
[2025-11-13 23:11:11.340] [info] Frame 622 (t = 3.11):	 total squared error = 0.00381560, marker error: RMS = 0.0123541, max = 0.0276564 (XIPH)
[2025-11-13 23:11:11.366] [info] Frame 623 (t = 3.115):	 total squared error = 0.00376774, marker error: RMS = 0.0122764, max = 0.0275892 (XIPH)
[2025-11-13 23:11:11.390] [info] Frame 624 (t = 3.12):	 total squared error = 0.00372105, marker error: RMS = 0.0122001, max = 0.0275317 (XIPH)
[2025-11-13 23:11:11.425] [info] Frame 625 (t = 3.125):	 total squared error = 0.00367472, marker error: RMS = 0.0121239, max = 0.0274345 (XIPH)
[2025-11-13 23:11:11.445] [info] Frame 626 (t = 3.13):	 total squared error = 0.00363485, marker error: RMS = 0.0120579, max = 0.0271652 (XIPH)
[2025-11-13 23:11:11.476] [info] Frame 627 (t = 3.135):	 total squared error = 0.00358488, marker error: RMS = 0.0119748, max = 0.0272935 (XIPH)
[2025-11-13 23:11:11.505] [info] Frame 628 (t = 3.14):	 total squared error = 0.00354074, marker error: RMS = 0.0119008, max = 0.0272099 (XIPH)
[2025-11-13 23:11:11.527] [info] Frame 629 (t = 3.145):	 total squared error = 0.00350052, marker error: RMS = 0.011833, max = 0.0270064 (XIPH)
[2025-11-13 23:11:11.554] [info] Frame 630 (t = 3.15):	 total squared error = 0.00345443, marker error: RMS = 0.0117549, max = 0.0270789 (XIPH)
[2025-11-13 23:11:11.577] [info] Frame 631 (t = 3.155):	 total squared error = 0.00341350, marker error: RMS = 0.011685, max = 0.0268645 (XIPH)
[2025-11-13 23:11:11.606] [info] Frame 632 (t = 3.16):	 total squared error = 0.00336701, marker error: RMS = 0.0116052, max = 0.0269448 (XIPH)
[2025-11-13 23:11:11.632] [info] Frame 633 (t = 3.165):	 total squared error = 0.00332419, marker error: RMS = 0.0115312, max = 0.0268644 (XIPH)
[2025-11-13 23:11:11.653] [info] Frame 634 (t = 3.17):	 total squared error = 0.00328444, marker error: RMS = 0.011462, max = 0.0266334 (XIPH)
[2025-11-13 23:11:11.683] [info] Frame 635 (t = 3.175):	 total squared error = 0.00323885, marker error: RMS = 0.0113822, max = 0.0267479 (XIPH)
[2025-11-13 23:11:11.709] [info] Frame 636 (t = 3.18):	 total squared error = 0.00319714, marker error: RMS = 0.0113087, max = 0.0266469 (XIPH)
[2025-11-13 23:11:11.731] [info] Frame 637 (t = 3.185):	 total squared error = 0.00315966, marker error: RMS = 0.0112422, max = 0.0263969 (XIPH)
[2025-11-13 23:11:11.756] [info] Frame 638 (t = 3.19):	 total squared error = 0.00311441, marker error: RMS = 0.0111614, max = 0.0265498 (XIPH)
[2025-11-13 23:11:11.778] [info] Frame 639 (t = 3.195):	 total squared error = 0.00307499, marker error: RMS = 0.0110905, max = 0.0264123 (XIPH)
[2025-11-13 23:11:11.808] [info] Frame 640 (t = 3.2):	 total squared error = 0.00303526, marker error: RMS = 0.0110186, max = 0.0263633 (XIPH)
[2025-11-13 23:11:11.838] [info] Frame 641 (t = 3.20500):	 total squared error = 0.00299718, marker error: RMS = 0.0109493, max = 0.026373 (XIPH)
[2025-11-13 23:11:11.870] [info] Frame 642 (t = 3.21):	 total squared error = 0.00296002, marker error: RMS = 0.0108812, max = 0.0263045 (XIPH)
[2025-11-13 23:11:11.903] [info] Frame 643 (t = 3.215):	 total squared error = 0.00292389, marker error: RMS = 0.0108146, max = 0.0262333 (XIPH)
[2025-11-13 23:11:11.929] [info] Frame 644 (t = 3.22):	 total squared error = 0.00289049, marker error: RMS = 0.0107527, max = 0.0261063 (XIPH)
[2025-11-13 23:11:11.959] [info] Frame 645 (t = 3.225):	 total squared error = 0.00285524, marker error: RMS = 0.0106869, max = 0.0260773 (XIPH)
[2025-11-13 23:11:11.990] [info] Frame 646 (t = 3.23):	 total squared error = 0.00282290, marker error: RMS = 0.0106262, max = 0.0259804 (XIPH)
[2025-11-13 23:11:12.019] [info] Frame 647 (t = 3.235):	 total squared error = 0.00279177, marker error: RMS = 0.0105674, max = 0.0258698 (XIPH)
[2025-11-13 23:11:12.053] [info] Frame 648 (t = 3.24):	 total squared error = 0.00276142, marker error: RMS = 0.0105098, max = 0.0258154 (XIPH)
[2025-11-13 23:11:12.081] [info] Frame 649 (t = 3.245):	 total squared error = 0.00273373, marker error: RMS = 0.0104570, max = 0.025572 (XIPH)
[2025-11-13 23:11:12.113] [info] Frame 650 (t = 3.25):	 total squared error = 0.00270441, marker error: RMS = 0.0104008, max = 0.0256277 (XIPH)
[2025-11-13 23:11:12.138] [info] Frame 651 (t = 3.255):	 total squared error = 0.00267900, marker error: RMS = 0.0103518, max = 0.0253943 (XIPH)
[2025-11-13 23:11:12.167] [info] Frame 652 (t = 3.26):	 total squared error = 0.00265419, marker error: RMS = 0.0103038, max = 0.025277 (XIPH)
[2025-11-13 23:11:12.190] [info] Frame 653 (t = 3.265):	 total squared error = 0.00263209, marker error: RMS = 0.0102608, max = 0.0251418 (XIPH)
[2025-11-13 23:11:12.226] [info] Frame 654 (t = 3.27):	 total squared error = 0.00260109, marker error: RMS = 0.0102002, max = 0.0252534 (XIPH)
[2025-11-13 23:11:12.256] [info] Frame 655 (t = 3.275):	 total squared error = 0.00257725, marker error: RMS = 0.0101533, max = 0.0250703 (XIPH)
[2025-11-13 23:11:12.285] [info] Frame 656 (t = 3.28):	 total squared error = 0.00255412, marker error: RMS = 0.0101077, max = 0.0249155 (XIPH)
[2025-11-13 23:11:12.321] [info] Frame 657 (t = 3.285):	 total squared error = 0.00252516, marker error: RMS = 0.0100502, max = 0.0250032 (XIPH)
[2025-11-13 23:11:12.350] [info] Frame 658 (t = 3.29):	 total squared error = 0.00249848, marker error: RMS = 0.00999696, max = 0.0248468 (XIPH)
[2025-11-13 23:11:12.399] [info] Frame 659 (t = 3.295):	 total squared error = 0.00246958, marker error: RMS = 0.00993897, max = 0.0247471 (XIPH)
[2025-11-13 23:11:12.453] [info] Frame 660 (t = 3.3):	 total squared error = 0.00244129, marker error: RMS = 0.00988188, max = 0.0246461 (XIPH)
[2025-11-13 23:11:12.504] [info] Frame 661 (t = 3.30500):	 total squared error = 0.00241095, marker error: RMS = 0.00982029, max = 0.0245657 (XIPH)
[2025-11-13 23:11:12.538] [info] Frame 662 (t = 3.31):	 total squared error = 0.00238110, marker error: RMS = 0.00975931, max = 0.0245061 (XIPH)
[2025-11-13 23:11:12.596] [info] Frame 663 (t = 3.315):	 total squared error = 0.00234790, marker error: RMS = 0.00969102, max = 0.0243133 (XIPH)
[2025-11-13 23:11:12.652] [info] Frame 664 (t = 3.32):	 total squared error = 0.00231422, marker error: RMS = 0.00962127, max = 0.0242672 (XIPH)
[2025-11-13 23:11:12.705] [info] Frame 665 (t = 3.325):	 total squared error = 0.00227943, marker error: RMS = 0.00954868, max = 0.024178 (XIPH)
[2025-11-13 23:11:12.770] [info] Frame 666 (t = 3.33):	 total squared error = 0.00224364, marker error: RMS = 0.00947343, max = 0.0240587 (XIPH)
[2025-11-13 23:11:12.840] [info] Frame 667 (t = 3.335):	 total squared error = 0.00220689, marker error: RMS = 0.00939551, max = 0.0239445 (XIPH)
[2025-11-13 23:11:12.895] [info] Frame 668 (t = 3.34):	 total squared error = 0.00216925, marker error: RMS = 0.00931505, max = 0.0238694 (XIPH)
[2025-11-13 23:11:12.922] [info] Frame 669 (t = 3.345):	 total squared error = 0.00213279, marker error: RMS = 0.00923642, max = 0.0238081 (XIPH)
[2025-11-13 23:11:12.960] [info] Frame 670 (t = 3.35):	 total squared error = 0.00209145, marker error: RMS = 0.00914647, max = 0.0236232 (XIPH)
[2025-11-13 23:11:13.026] [info] Frame 671 (t = 3.355):	 total squared error = 0.00205163, marker error: RMS = 0.00905898, max = 0.0235088 (XIPH)
[2025-11-13 23:11:13.052] [info] Frame 672 (t = 3.36):	 total squared error = 0.00201224, marker error: RMS = 0.00897159, max = 0.0234078 (XIPH)
[2025-11-13 23:11:13.126] [info] Frame 673 (t = 3.365):	 total squared error = 0.00197226, marker error: RMS = 0.00888204, max = 0.023266 (XIPH)
[2025-11-13 23:11:13.190] [info] Frame 674 (t = 3.37):	 total squared error = 0.00193284, marker error: RMS = 0.00879282, max = 0.023144 (XIPH)
[2025-11-13 23:11:13.249] [info] Frame 675 (t = 3.375):	 total squared error = 0.00189376, marker error: RMS = 0.00870348, max = 0.0230223 (XIPH)
[2025-11-13 23:11:13.270] [info] Frame 676 (t = 3.38):	 total squared error = 0.00186014, marker error: RMS = 0.00862587, max = 0.0228568 (XIPH)
[2025-11-13 23:11:13.287] [info] Frame 677 (t = 3.385):	 total squared error = 0.00181778, marker error: RMS = 0.00852708, max = 0.022715 (XIPH)
[2025-11-13 23:11:13.312] [info] Frame 678 (t = 3.39):	 total squared error = 0.00178487, marker error: RMS = 0.00844955, max = 0.0226467 (XIPH)
[2025-11-13 23:11:13.340] [info] Frame 679 (t = 3.395):	 total squared error = 0.00174664, marker error: RMS = 0.00835856, max = 0.022491 (XIPH)
[2025-11-13 23:11:13.366] [info] Frame 680 (t = 3.4):	 total squared error = 0.00171260, marker error: RMS = 0.00827672, max = 0.0223358 (XIPH)
[2025-11-13 23:11:13.394] [info] Frame 681 (t = 3.40500):	 total squared error = 0.00167890, marker error: RMS = 0.00819488, max = 0.0221825 (XIPH)
[2025-11-13 23:11:13.417] [info] Frame 682 (t = 3.41):	 total squared error = 0.00165022, marker error: RMS = 0.00812459, max = 0.0218608 (XIPH)
[2025-11-13 23:11:13.439] [info] Frame 683 (t = 3.415):	 total squared error = 0.00161753, marker error: RMS = 0.00804370, max = 0.021825 (XIPH)
[2025-11-13 23:11:13.461] [info] Frame 684 (t = 3.42):	 total squared error = 0.00158668, marker error: RMS = 0.00796663, max = 0.0216918 (XIPH)
[2025-11-13 23:11:13.485] [info] Frame 685 (t = 3.425):	 total squared error = 0.00155875, marker error: RMS = 0.00789620, max = 0.0214885 (XIPH)
[2025-11-13 23:11:13.508] [info] Frame 686 (t = 3.43):	 total squared error = 0.00152972, marker error: RMS = 0.00782232, max = 0.0213279 (XIPH)
[2025-11-13 23:11:13.534] [info] Frame 687 (t = 3.435):	 total squared error = 0.00150131, marker error: RMS = 0.00774936, max = 0.0211812 (XIPH)
[2025-11-13 23:11:13.554] [info] Frame 688 (t = 3.44):	 total squared error = 0.00147300, marker error: RMS = 0.00767594, max = 0.0210318 (XIPH)
[2025-11-13 23:11:13.579] [info] Frame 689 (t = 3.445):	 total squared error = 0.00144537, marker error: RMS = 0.00760361, max = 0.0208994 (XIPH)
[2025-11-13 23:11:13.609] [info] Frame 690 (t = 3.45):	 total squared error = 0.00141870, marker error: RMS = 0.00753312, max = 0.0207425 (XIPH)
[2025-11-13 23:11:13.634] [info] Frame 691 (t = 3.455):	 total squared error = 0.00139168, marker error: RMS = 0.00746104, max = 0.0205419 (XIPH)
[2025-11-13 23:11:13.659] [info] Frame 692 (t = 3.46):	 total squared error = 0.00136552, marker error: RMS = 0.00739059, max = 0.0203549 (XIPH)
[2025-11-13 23:11:13.683] [info] Frame 693 (t = 3.465):	 total squared error = 0.00133926, marker error: RMS = 0.00731917, max = 0.0202358 (XIPH)
[2025-11-13 23:11:13.711] [info] Frame 694 (t = 3.47):	 total squared error = 0.00131351, marker error: RMS = 0.00724847, max = 0.0201080 (XIPH)
[2025-11-13 23:11:13.736] [info] Frame 695 (t = 3.475):	 total squared error = 0.00128935, marker error: RMS = 0.00718152, max = 0.0198924 (XIPH)
[2025-11-13 23:11:13.761] [info] Frame 696 (t = 3.48):	 total squared error = 0.00126459, marker error: RMS = 0.00711222, max = 0.0197845 (XIPH)
[2025-11-13 23:11:13.784] [info] Frame 697 (t = 3.485):	 total squared error = 0.00124302, marker error: RMS = 0.00705129, max = 0.019723 (XIPH)
[2025-11-13 23:11:13.808] [info] Frame 698 (t = 3.49):	 total squared error = 0.00122136, marker error: RMS = 0.00698959, max = 0.0195245 (XIPH)
[2025-11-13 23:11:13.834] [info] Frame 699 (t = 3.495):	 total squared error = 0.00120308, marker error: RMS = 0.00693708, max = 0.0194229 (XIPH)
[2025-11-13 23:11:13.856] [info] Frame 700 (t = 3.5):	 total squared error = 0.00118603, marker error: RMS = 0.00688776, max = 0.0193245 (XIPH)
[2025-11-13 23:11:13.879] [info] Frame 701 (t = 3.50500):	 total squared error = 0.00117103, marker error: RMS = 0.00684406, max = 0.0192652 (XIPH)
[2025-11-13 23:11:13.908] [info] Frame 702 (t = 3.51):	 total squared error = 0.00115994, marker error: RMS = 0.00681156, max = 0.0192121 (XIPH)
[2025-11-13 23:11:13.933] [info] Frame 703 (t = 3.515):	 total squared error = 0.00115536, marker error: RMS = 0.00679812, max = 0.0191156 (XIPH)
[2025-11-13 23:11:13.967] [info] Frame 704 (t = 3.52):	 total squared error = 0.00114570, marker error: RMS = 0.00676965, max = 0.019136 (XIPH)
[2025-11-13 23:11:14.006] [info] Frame 705 (t = 3.525):	 total squared error = 0.00114230, marker error: RMS = 0.00675959, max = 0.0191358 (XIPH)
[2025-11-13 23:11:14.052] [info] Frame 706 (t = 3.53):	 total squared error = 0.00114037, marker error: RMS = 0.00675387, max = 0.0191076 (XIPH)
[2025-11-13 23:11:14.109] [info] Frame 707 (t = 3.535):	 total squared error = 0.00114146, marker error: RMS = 0.00675709, max = 0.0191214 (XIPH)
[2025-11-13 23:11:14.147] [info] InverseKinematicsTool completed 708 frames in 20 second(s).
[2025-11-13 23:15:02.729] [info] Loaded model Athlete_03 from file ..\..\..\..\models\Athlete_03\25_03_31\scaled.osim
[2025-11-13 23:15:02.847] [info] Storage: read data file = joint_angles.mot (nr=708 nc=40)
[2025-11-13 23:15:02.926] [info] Loaded model Athlete_03 from file ..\..\..\..\models\Athlete_03\25_03_31\scaled.osim
[2025-11-13 23:15:03.007] [cout] [info] 
               MODEL: Athlete_03
         coordinates: 39
              forces: 97
           actuators: 97
             muscles: 80
            analyses: 0
              probes: 0
              bodies: 22
              joints: 22
         constraints: 2
             markers: 45
         controllers: 0
  contact geometries: 0
misc modelcomponents: 0
[2025-11-13 23:15:03.007] [info] Running tool ...
[2025-11-13 23:15:03.102] [info] Storage: read data file = grf.mot (nr=7080 nc=46)
[2025-11-13 23:15:03.216] [info] ExternalForce::grf_r_4 Data source being set to grf
[2025-11-13 23:15:03.216] [info] ExternalForce::grf_l_5 Data source being set to grf
[2025-11-13 23:15:03.235] [info] Storage: read data file = joint_angles.mot (nr=708 nc=40)
[2025-11-13 23:15:03.247] [info] Low-pass filtering coordinates data with a cutoff frequency of 6.0...
[2025-11-13 23:15:04.894] [info] InverseDynamicsTool: 708 time frames in 748 millisecond(s).
[2025-11-13 23:21:16.806] [info] Loaded model Athlete_03 from file ..\..\..\..\models\Athlete_03\25_03_31\scaled.osim
[2025-11-13 23:21:16.922] [info] Storage: read data file = joint_angles.mot (nr=708 nc=40)
[2025-11-13 23:21:16.993] [info] AbstractTool  loading model ..\..\..\..\models\Athlete_03\25_03_31\scaled.osim
[2025-11-13 23:21:17.041] [info] Loaded model Athlete_03 from file ..\..\..\..\models\Athlete_03\25_03_31\scaled.osim
[2025-11-13 23:21:17.285] [info] Storage: read data file = grf.mot (nr=7080 nc=46)
[2025-11-13 23:21:17.404] [info] ExternalForce::grf_r_4 Data source being set to grf
[2025-11-13 23:21:17.404] [info] ExternalForce::grf_l_5 Data source being set to grf
[2025-11-13 23:21:17.430] [info] Loading coordinates from file 'joint_angles.mot'.
[2025-11-13 23:21:17.431] [info] Storage: read data file = joint_angles.mot (nr=708 nc=40)
[2025-11-13 23:21:17.444] [info] Low-pass filtering coordinates data with a cutoff frequency of 6.0...
[2025-11-13 23:21:18.674] [info] AssemblySolver::track() attempt Failed: SimTK Exception thrown at Assembler.cpp:973:
  Method Assembler::track() failed because:
Unable to achieve required assembly error tolerance.
Assembly error tolerance achieved: 9.9464748326833264e-09 required: 1e-10.
[2025-11-13 23:21:18.688] [error] Model unable to assemble: AssemblySolver::assemble() Failed: SimTK Exception thrown at Assembler.cpp:897:
  Method Assembler::assemble() failed because:
Unable to achieve required assembly error tolerance.
Assembly error tolerance achieved: 9.94647483269786e-09 required: 1e-10..Model relaxing constraints and trying again.
[2025-11-13 23:21:19.601] [info] Found 1416 state vectors with time stamps ranging from -1.77 to 5.30500.
[2025-11-13 23:21:19.601] [info] Executing the analyses from -3.52163e-13 to 3.535...
[2025-11-13 23:21:19.614] [warning] MuscleAnalysis: coordinate mtp_angle_r is locked and can't be varied.
[2025-11-13 23:21:19.614] [warning] MuscleAnalysis: coordinate mtp_angle_l is locked and can't be varied.
[2025-11-13 23:21:19.614] [warning] MuscleAnalysis: coordinate wrist_flex_r is locked and can't be varied.
[2025-11-13 23:21:19.614] [warning] MuscleAnalysis: coordinate wrist_dev_r is locked and can't be varied.
[2025-11-13 23:21:19.614] [warning] MuscleAnalysis: coordinate wrist_flex_l is locked and can't be varied.
[2025-11-13 23:21:19.614] [warning] MuscleAnalysis: coordinate wrist_dev_l is locked and can't be varied.
[2025-11-13 23:24:41.754] [info] Printing results of investigation  to MuscleAnalysis
[2025-11-13 23:26:07.754] [info] Loaded model Athlete_03 from file ..\..\..\..\models\Athlete_03\25_03_31\scaled.osim
[2025-11-13 23:26:07.809] [info] Storage: read data file = joint_angles.mot (nr=708 nc=40)
[2025-11-13 23:26:07.850] [info] AbstractTool SO loading model ..\..\..\..\models\Athlete_03\25_03_31\scaled.osim
[2025-11-13 23:26:07.889] [info] Loaded model Athlete_03 from file ..\..\..\..\models\Athlete_03\25_03_31\scaled.osim
[2025-11-13 23:26:07.973] [info] Adding force object set from actuators_so.xml
[2025-11-13 23:26:08.063] [info] Storage: read data file = grf.mot (nr=7080 nc=46)
[2025-11-13 23:26:08.169] [info] ExternalForce::grf_r_4 Data source being set to grf
[2025-11-13 23:26:08.169] [info] ExternalForce::grf_l_5 Data source being set to grf
[2025-11-13 23:26:08.182] [info] Loading coordinates from file 'joint_angles.mot'.
[2025-11-13 23:26:08.182] [info] Storage: read data file = joint_angles.mot (nr=708 nc=40)
[2025-11-13 23:26:08.195] [info] Low-pass filtering coordinates data with a cutoff frequency of 6.0...
[2025-11-13 23:26:09.432] [info] AssemblySolver::track() attempt Failed: SimTK Exception thrown at Assembler.cpp:973:
  Method Assembler::track() failed because:
Unable to achieve required assembly error tolerance.
Assembly error tolerance achieved: 9.9464748326833264e-09 required: 1e-10.
[2025-11-13 23:26:09.444] [error] Model unable to assemble: AssemblySolver::assemble() Failed: SimTK Exception thrown at Assembler.cpp:897:
  Method Assembler::assemble() failed because:
Unable to achieve required assembly error tolerance.
Assembly error tolerance achieved: 9.94647483269786e-09 required: 1e-10..Model relaxing constraints and trying again.
[2025-11-13 23:26:10.379] [info] Found 1416 state vectors with time stamps ranging from -1.77 to 5.30500.
[2025-11-13 23:26:10.379] [info] Executing the analyses from -3.52163e-13 to 3.535...
[2025-11-13 23:26:10.474] [info] Storage: read data file = grf.mot (nr=7080 nc=46)
[2025-11-13 23:26:10.581] [info] ExternalForce::grf_r_4 Data source being set to grf
[2025-11-13 23:26:10.581] [info] ExternalForce::grf_l_5 Data source being set to grf
[2025-11-13 23:26:10.619] [info] Storage: read data file = grf.mot (nr=7080 nc=46)
[2025-11-13 23:26:10.728] [info] ExternalForce::grf_r_4 Data source being set to grf
[2025-11-13 23:26:10.728] [info] ExternalForce::grf_l_5 Data source being set to grf
[2025-11-13 23:26:12.618] [cout] [info] time = -3.52163e-13 Performance = 3.17194 Constraint violation = 2.09308e-12
[2025-11-13 23:26:12.620] [info] Bounds for 'addbrev_r': 0.01 to 1.0.
[2025-11-13 23:26:12.620] [info] Bounds for 'addlong_r': 0.01 to 1.0.
[2025-11-13 23:26:12.620] [info] Bounds for 'addmagDist_r': 0.01 to 1.0.
[2025-11-13 23:26:12.620] [info] Bounds for 'addmagIsch_r': 0.01 to 1.0.
[2025-11-13 23:26:12.620] [info] Bounds for 'addmagMid_r': 0.01 to 1.0.
[2025-11-13 23:26:12.620] [info] Bounds for 'addmagProx_r': 0.01 to 1.0.
[2025-11-13 23:26:12.620] [info] Bounds for 'bflh_r': 0.01 to 1.0.
[2025-11-13 23:26:12.620] [info] Bounds for 'bfsh_r': 0.01 to 1.0.
[2025-11-13 23:26:12.620] [info] Bounds for 'edl_r': 0.01 to 1.0.
[2025-11-13 23:26:12.620] [info] Bounds for 'ehl_r': 0.01 to 1.0.
[2025-11-13 23:26:12.620] [info] Bounds for 'fdl_r': 0.01 to 1.0.
[2025-11-13 23:26:12.620] [info] Bounds for 'fhl_r': 0.01 to 1.0.
[2025-11-13 23:26:12.620] [info] Bounds for 'gaslat_r': 0.01 to 1.0.
[2025-11-13 23:26:12.620] [info] Bounds for 'gasmed_r': 0.01 to 1.0.
[2025-11-13 23:26:12.620] [info] Bounds for 'glmax1_r': 0.01 to 1.0.
[2025-11-13 23:26:12.620] [info] Bounds for 'glmax2_r': 0.01 to 1.0.
[2025-11-13 23:26:12.620] [info] Bounds for 'glmax3_r': 0.01 to 1.0.
[2025-11-13 23:26:12.621] [info] Bounds for 'glmed1_r': 0.01 to 1.0.
[2025-11-13 23:26:12.621] [info] Bounds for 'glmed2_r': 0.01 to 1.0.
[2025-11-13 23:26:12.621] [info] Bounds for 'glmed3_r': 0.01 to 1.0.
[2025-11-13 23:26:12.621] [info] Bounds for 'glmin1_r': 0.01 to 1.0.
[2025-11-13 23:26:12.621] [info] Bounds for 'glmin2_r': 0.01 to 1.0.
[2025-11-13 23:26:12.621] [info] Bounds for 'glmin3_r': 0.01 to 1.0.
[2025-11-13 23:26:12.621] [info] Bounds for 'grac_r': 0.01 to 1.0.
[2025-11-13 23:26:12.621] [info] Bounds for 'iliacus_r': 0.01 to 1.0.
[2025-11-13 23:26:12.621] [info] Bounds for 'perbrev_r': 0.01 to 1.0.
[2025-11-13 23:26:12.621] [info] Bounds for 'perlong_r': 0.01 to 1.0.
[2025-11-13 23:26:12.621] [info] Bounds for 'piri_r': 0.01 to 1.0.
[2025-11-13 23:26:12.621] [info] Bounds for 'psoas_r': 0.01 to 1.0.
[2025-11-13 23:26:12.621] [info] Bounds for 'recfem_r': 0.01 to 1.0.
[2025-11-13 23:26:12.621] [info] Bounds for 'sart_r': 0.01 to 1.0.
[2025-11-13 23:26:12.621] [info] Bounds for 'semimem_r': 0.01 to 1.0.
[2025-11-13 23:26:12.621] [info] Bounds for 'semiten_r': 0.01 to 1.0.
[2025-11-13 23:26:12.621] [info] Bounds for 'soleus_r': 0.01 to 1.0.
[2025-11-13 23:26:12.621] [info] Bounds for 'tfl_r': 0.01 to 1.0.
[2025-11-13 23:26:12.621] [info] Bounds for 'tibant_r': 0.01 to 1.0.
[2025-11-13 23:26:12.621] [info] Bounds for 'tibpost_r': 0.01 to 1.0.
[2025-11-13 23:26:12.621] [info] Bounds for 'vasint_r': 0.01 to 1.0.
[2025-11-13 23:26:12.621] [info] Bounds for 'vaslat_r': 0.01 to 1.0.
[2025-11-13 23:26:12.621] [info] Bounds for 'vasmed_r': 0.01 to 1.0.
[2025-11-13 23:26:12.621] [info] Bounds for 'addbrev_l': 0.01 to 1.0.
[2025-11-13 23:26:12.621] [info] Bounds for 'addlong_l': 0.01 to 1.0.
[2025-11-13 23:26:12.621] [info] Bounds for 'addmagDist_l': 0.01 to 1.0.
[2025-11-13 23:26:12.621] [info] Bounds for 'addmagIsch_l': 0.01 to 1.0.
[2025-11-13 23:26:12.621] [info] Bounds for 'addmagMid_l': 0.01 to 1.0.
[2025-11-13 23:26:12.621] [info] Bounds for 'addmagProx_l': 0.01 to 1.0.
[2025-11-13 23:26:12.621] [info] Bounds for 'bflh_l': 0.01 to 1.0.
[2025-11-13 23:26:12.621] [info] Bounds for 'bfsh_l': 0.01 to 1.0.
[2025-11-13 23:26:12.621] [info] Bounds for 'edl_l': 0.01 to 1.0.
[2025-11-13 23:26:12.621] [info] Bounds for 'ehl_l': 0.01 to 1.0.
[2025-11-13 23:26:12.621] [info] Bounds for 'fdl_l': 0.01 to 1.0.
[2025-11-13 23:26:12.621] [info] Bounds for 'fhl_l': 0.01 to 1.0.
[2025-11-13 23:26:12.621] [info] Bounds for 'gaslat_l': 0.01 to 1.0.
[2025-11-13 23:26:12.621] [info] Bounds for 'gasmed_l': 0.01 to 1.0.
[2025-11-13 23:26:12.621] [info] Bounds for 'glmax1_l': 0.01 to 1.0.
[2025-11-13 23:26:12.621] [info] Bounds for 'glmax2_l': 0.01 to 1.0.
[2025-11-13 23:26:12.621] [info] Bounds for 'glmax3_l': 0.01 to 1.0.
[2025-11-13 23:26:12.621] [info] Bounds for 'glmed1_l': 0.01 to 1.0.
[2025-11-13 23:26:12.621] [info] Bounds for 'glmed2_l': 0.01 to 1.0.
[2025-11-13 23:26:12.621] [info] Bounds for 'glmed3_l': 0.01 to 1.0.
[2025-11-13 23:26:12.621] [info] Bounds for 'glmin1_l': 0.01 to 1.0.
[2025-11-13 23:26:12.621] [info] Bounds for 'glmin2_l': 0.01 to 1.0.
[2025-11-13 23:26:12.621] [info] Bounds for 'glmin3_l': 0.01 to 1.0.
[2025-11-13 23:26:12.621] [info] Bounds for 'grac_l': 0.01 to 1.0.
[2025-11-13 23:26:12.621] [info] Bounds for 'iliacus_l': 0.01 to 1.0.
[2025-11-13 23:26:12.621] [info] Bounds for 'perbrev_l': 0.01 to 1.0.
[2025-11-13 23:26:12.621] [info] Bounds for 'perlong_l': 0.01 to 1.0.
[2025-11-13 23:26:12.621] [info] Bounds for 'piri_l': 0.01 to 1.0.
[2025-11-13 23:26:12.621] [info] Bounds for 'psoas_l': 0.01 to 1.0.
[2025-11-13 23:26:12.621] [info] Bounds for 'recfem_l': 0.01 to 1.0.
[2025-11-13 23:26:12.621] [info] Bounds for 'sart_l': 0.01 to 1.0.
[2025-11-13 23:26:12.621] [info] Bounds for 'semimem_l': 0.01 to 1.0.
[2025-11-13 23:26:12.621] [info] Bounds for 'semiten_l': 0.01 to 1.0.
[2025-11-13 23:26:12.621] [info] Bounds for 'soleus_l': 0.01 to 1.0.
[2025-11-13 23:26:12.621] [info] Bounds for 'tfl_l': 0.01 to 1.0.
[2025-11-13 23:26:12.621] [info] Bounds for 'tibant_l': 0.01 to 1.0.
[2025-11-13 23:26:12.621] [info] Bounds for 'tibpost_l': 0.01 to 1.0.
[2025-11-13 23:26:12.621] [info] Bounds for 'vasint_l': 0.01 to 1.0.
[2025-11-13 23:26:12.621] [info] Bounds for 'vaslat_l': 0.01 to 1.0.
[2025-11-13 23:26:12.621] [info] Bounds for 'vasmed_l': 0.01 to 1.0.
[2025-11-13 23:26:12.621] [info] Bounds for 'lumbar_ext': -inf to inf.
[2025-11-13 23:26:12.621] [info] Bounds for 'lumbar_bend': -inf to inf.
[2025-11-13 23:26:12.621] [info] Bounds for 'lumbar_rot': -inf to inf.
[2025-11-13 23:26:12.621] [info] Bounds for 'shoulder_flex_r': -inf to inf.
[2025-11-13 23:26:12.621] [info] Bounds for 'shoulder_add_r': -inf to inf.
[2025-11-13 23:26:12.621] [info] Bounds for 'shoulder_rot_r': -inf to inf.
[2025-11-13 23:26:12.621] [info] Bounds for 'elbow_flex_r': -inf to inf.
[2025-11-13 23:26:12.621] [info] Bounds for 'pro_sup_r': -inf to inf.
[2025-11-13 23:26:12.621] [info] Bounds for 'wrist_flex_r': -inf to inf.
[2025-11-13 23:26:12.621] [info] Bounds for 'wrist_dev_r': -inf to inf.
[2025-11-13 23:26:12.621] [info] Bounds for 'shoulder_flex_l': -inf to inf.
[2025-11-13 23:26:12.621] [info] Bounds for 'shoulder_add_l': -inf to inf.
[2025-11-13 23:26:12.621] [info] Bounds for 'shoulder_rot_l': -inf to inf.
[2025-11-13 23:26:12.621] [info] Bounds for 'elbow_flex_l': -inf to inf.
[2025-11-13 23:26:12.621] [info] Bounds for 'pro_sup_l': -inf to inf.
[2025-11-13 23:26:12.621] [info] Bounds for 'wrist_flex_l': -inf to inf.
[2025-11-13 23:26:12.621] [info] Bounds for 'wrist_dev_l': -inf to inf.
[2025-11-13 23:26:12.621] [info] Bounds for 'FX': -inf to inf.
[2025-11-13 23:26:12.621] [info] Bounds for 'FY': -inf to inf.
[2025-11-13 23:26:12.621] [info] Bounds for 'FZ': -inf to inf.
[2025-11-13 23:26:12.621] [info] Bounds for 'MX': -inf to inf.
[2025-11-13 23:26:12.621] [info] Bounds for 'MY': -inf to inf.
[2025-11-13 23:26:12.621] [info] Bounds for 'MZ': -inf to inf.
[2025-11-13 23:26:12.621] [info] Bounds for 'hip_flexion_r_reserve': -1.0 to 1.0.
[2025-11-13 23:26:12.621] [info] Bounds for 'hip_adduction_r_reserve': -1.0 to 1.0.
[2025-11-13 23:26:12.621] [info] Bounds for 'hip_rotation_r_reserve': -1.0 to 1.0.
[2025-11-13 23:26:12.621] [info] Bounds for 'knee_angle_r_reserve': -1.0 to 1.0.
[2025-11-13 23:26:12.621] [info] Bounds for 'ankle_angle_r_reserve': -1.0 to 1.0.
[2025-11-13 23:26:12.621] [info] Bounds for 'hip_flexion_l_reserve': -1.0 to 1.0.
[2025-11-13 23:26:12.621] [info] Bounds for 'hip_adduction_l_reserve': -1.0 to 1.0.
[2025-11-13 23:26:12.621] [info] Bounds for 'hip_rotation_l_reserve': -1.0 to 1.0.
[2025-11-13 23:26:12.621] [info] Bounds for 'knee_angle_l_reserve': -1.0 to 1.0.
[2025-11-13 23:26:12.621] [info] Bounds for 'ankle_angle_l_reserve': -1.0 to 1.0.
[2025-11-13 23:26:13.054] [cout] [info] time = 0.00500000 Performance = 3.10594 Constraint violation = 8.71277e-13
[2025-11-13 23:26:13.479] [cout] [info] time = 0.01 Performance = 3.04896 Constraint violation = 1.17662e-12
[2025-11-13 23:26:13.899] [cout] [info] time = 0.015 Performance = 3.00118 Constraint violation = 1.03035e-12
[2025-11-13 23:26:14.318] [cout] [info] time = 0.02 Performance = 2.95888 Constraint violation = 2.34934e-12
[2025-11-13 23:26:14.748] [cout] [info] time = 0.025 Performance = 2.92159 Constraint violation = 6.64858e-13
[2025-11-13 23:26:15.183] [cout] [info] time = 0.03 Performance = 2.88691 Constraint violation = 1.00909e-12
[2025-11-13 23:26:15.610] [cout] [info] time = 0.035 Performance = 2.85691 Constraint violation = 5.83309e-13
[2025-11-13 23:26:16.035] [cout] [info] time = 0.04 Performance = 2.83269 Constraint violation = 7.81422e-13
[2025-11-13 23:26:16.463] [cout] [info] time = 0.045 Performance = 2.81473 Constraint violation = 7.34917e-13
[2025-11-13 23:26:16.884] [cout] [info] time = 0.05 Performance = 2.80324 Constraint violation = 6.92841e-13
[2025-11-13 23:26:17.319] [cout] [info] time = 0.055 Performance = 2.79625 Constraint violation = 5.61266e-13
[2025-11-13 23:26:17.756] [cout] [info] time = 0.06 Performance = 2.79138 Constraint violation = 1.43167e-12
[2025-11-13 23:26:18.199] [cout] [info] time = 0.065 Performance = 2.78559 Constraint violation = 6.53193e-13
[2025-11-13 23:26:18.637] [cout] [info] time = 0.07 Performance = 2.77626 Constraint violation = 4.39967e-13
[2025-11-13 23:26:19.071] [cout] [info] time = 0.075 Performance = 2.76225 Constraint violation = 1.11234e-12
[2025-11-13 23:26:19.501] [cout] [info] time = 0.08 Performance = 2.74361 Constraint violation = 9.82644e-13
[2025-11-13 23:26:19.933] [cout] [info] time = 0.085 Performance = 2.72125 Constraint violation = 1.38183e-12
[2025-11-13 23:26:20.366] [cout] [info] time = 0.09 Performance = 2.69672 Constraint violation = 7.71134e-13
[2025-11-13 23:26:20.811] [cout] [info] time = 0.095 Performance = 2.6717 Constraint violation = 6.95157e-13
[2025-11-13 23:26:21.256] [cout] [info] time = 0.1 Performance = 2.64755 Constraint violation = 1.05563e-12
[2025-11-13 23:26:21.700] [cout] [info] time = 0.105000 Performance = 2.62479 Constraint violation = 1.84287e-12
[2025-11-13 23:26:22.139] [cout] [info] time = 0.11 Performance = 2.60303 Constraint violation = 1.02781e-12
[2025-11-13 23:26:22.573] [cout] [info] time = 0.115 Performance = 2.58162 Constraint violation = 1.21098e-12
[2025-11-13 23:26:23.022] [cout] [info] time = 0.12 Performance = 2.56039 Constraint violation = 7.69284e-13
[2025-11-13 23:26:23.459] [cout] [info] time = 0.125 Performance = 2.53933 Constraint violation = 8.98751e-13
[2025-11-13 23:26:23.897] [cout] [info] time = 0.13 Performance = 2.51828 Constraint violation = 9.01282e-13
[2025-11-13 23:26:24.329] [cout] [info] time = 0.135 Performance = 2.49692 Constraint violation = 9.71833e-13
[2025-11-13 23:26:24.771] [cout] [info] time = 0.14 Performance = 2.47477 Constraint violation = 1.2682e-12
[2025-11-13 23:26:25.219] [cout] [info] time = 0.145 Performance = 2.45131 Constraint violation = 1.17843e-12
[2025-11-13 23:26:25.663] [cout] [info] time = 0.15 Performance = 2.42673 Constraint violation = 1.75496e-12
[2025-11-13 23:26:26.095] [cout] [info] time = 0.155 Performance = 2.40199 Constraint violation = 5.56921e-13
[2025-11-13 23:26:26.525] [cout] [info] time = 0.16 Performance = 2.37865 Constraint violation = 9.81428e-13
[2025-11-13 23:26:26.965] [cout] [info] time = 0.165 Performance = 2.35837 Constraint violation = 1.09068e-12
[2025-11-13 23:26:27.410] [cout] [info] time = 0.17 Performance = 2.34219 Constraint violation = 5.82317e-13
[2025-11-13 23:26:27.851] [cout] [info] time = 0.175 Performance = 2.32997 Constraint violation = 9.13816e-13
[2025-11-13 23:26:28.303] [cout] [info] time = 0.18 Performance = 2.32037 Constraint violation = 7.99957e-13
[2025-11-13 23:26:28.749] [cout] [info] time = 0.185 Performance = 2.31464 Constraint violation = 6.36794e-13
[2025-11-13 23:26:29.193] [cout] [info] time = 0.19 Performance = 2.31207 Constraint violation = 1.43402e-12
[2025-11-13 23:26:29.637] [cout] [info] time = 0.195 Performance = 2.31426 Constraint violation = 1.28749e-12
[2025-11-13 23:26:30.079] [cout] [info] time = 0.2 Performance = 2.32344 Constraint violation = 6.63602e-13
[2025-11-13 23:26:30.519] [cout] [info] time = 0.205000 Performance = 2.34213 Constraint violation = 9.02252e-13
[2025-11-13 23:26:30.967] [cout] [info] time = 0.21 Performance = 2.37258 Constraint violation = 1.43346e-12
[2025-11-13 23:26:31.414] [cout] [info] time = 0.215 Performance = 2.41634 Constraint violation = 1.57322e-12
[2025-11-13 23:26:31.854] [cout] [info] time = 0.22 Performance = 2.4745 Constraint violation = 5.85942e-13
[2025-11-13 23:26:32.309] [cout] [info] time = 0.225 Performance = 2.54797 Constraint violation = 1.31723e-12
[2025-11-13 23:26:32.766] [cout] [info] time = 0.23 Performance = 2.63708 Constraint violation = 1.19837e-12
[2025-11-13 23:26:33.213] [cout] [info] time = 0.235 Performance = 2.74126 Constraint violation = 1.07042e-12
[2025-11-13 23:26:33.662] [cout] [info] time = 0.24 Performance = 2.85915 Constraint violation = 2.85050e-12
[2025-11-13 23:26:34.116] [cout] [info] time = 0.245 Performance = 2.98884 Constraint violation = 1.10300e-12
[2025-11-13 23:26:34.570] [cout] [info] time = 0.25 Performance = 3.12758 Constraint violation = 2.00179e-12
[2025-11-13 23:26:35.028] [cout] [info] time = 0.255 Performance = 3.27203 Constraint violation = 1.52469e-12
[2025-11-13 23:26:35.476] [cout] [info] time = 0.26 Performance = 3.41826 Constraint violation = 1.40231e-12
[2025-11-13 23:26:35.935] [cout] [info] time = 0.265 Performance = 3.56213 Constraint violation = 1.64469e-12
[2025-11-13 23:26:36.387] [cout] [info] time = 0.27 Performance = 3.70010 Constraint violation = 2.05417e-12
[2025-11-13 23:26:36.839] [cout] [info] time = 0.275 Performance = 3.82927 Constraint violation = 1.032e-12
[2025-11-13 23:26:37.317] [cout] [info] time = 0.28 Performance = 3.94747 Constraint violation = 2.1553e-12
[2025-11-13 23:26:37.787] [cout] [info] time = 0.285 Performance = 4.05348 Constraint violation = 1.38389e-12
[2025-11-13 23:26:38.238] [cout] [info] time = 0.29 Performance = 4.14705 Constraint violation = 7.22701e-13
[2025-11-13 23:26:38.694] [cout] [info] time = 0.295 Performance = 4.22902 Constraint violation = 2.11305e-12
[2025-11-13 23:26:39.158] [cout] [info] time = 0.3 Performance = 4.30129 Constraint violation = 2.92205e-12
[2025-11-13 23:26:39.625] [cout] [info] time = 0.305000 Performance = 4.3666 Constraint violation = 2.16758e-12
[2025-11-13 23:26:40.082] [cout] [info] time = 0.31 Performance = 4.42858 Constraint violation = 3.94255e-12
[2025-11-13 23:26:40.538] [cout] [info] time = 0.315 Performance = 4.48798 Constraint violation = 3.48226e-12
[2025-11-13 23:26:40.983] [cout] [info] time = 0.32 Performance = 4.55033 Constraint violation = 1.32049e-12
[2025-11-13 23:26:41.449] [cout] [info] time = 0.325 Performance = 4.6159 Constraint violation = 2.19826e-12
[2025-11-13 23:26:41.917] [cout] [info] time = 0.33 Performance = 4.68555 Constraint violation = 1.92143e-12
[2025-11-13 23:26:42.373] [cout] [info] time = 0.335 Performance = 4.76044 Constraint violation = 2.07918e-12
[2025-11-13 23:26:42.834] [cout] [info] time = 0.34 Performance = 4.84209 Constraint violation = 4.53081e-12
[2025-11-13 23:26:43.294] [cout] [info] time = 0.345 Performance = 4.93116 Constraint violation = 4.78765e-12
[2025-11-13 23:26:43.759] [cout] [info] time = 0.35 Performance = 5.02952 Constraint violation = 1.83959e-12
[2025-11-13 23:26:44.223] [cout] [info] time = 0.355 Performance = 5.13943 Constraint violation = 6.07552e-13
[2025-11-13 23:26:44.688] [cout] [info] time = 0.36 Performance = 5.26258 Constraint violation = 3.57429e-12
[2025-11-13 23:26:45.144] [cout] [info] time = 0.365 Performance = 5.40281 Constraint violation = 1.10925e-12
[2025-11-13 23:26:45.605] [cout] [info] time = 0.37 Performance = 5.55841 Constraint violation = 1.25928e-12
[2025-11-13 23:26:46.071] [cout] [info] time = 0.375 Performance = 5.73291 Constraint violation = 1.95665e-12
[2025-11-13 23:26:46.561] [cout] [info] time = 0.38 Performance = 5.92364 Constraint violation = 1.36314e-12
[2025-11-13 23:26:47.054] [cout] [info] time = 0.385 Performance = 6.12872 Constraint violation = 1.38207e-12
[2025-11-13 23:26:47.548] [cout] [info] time = 0.39 Performance = 6.34488 Constraint violation = 1.22952e-12
[2025-11-13 23:26:48.004] [cout] [info] time = 0.395 Performance = 6.56805 Constraint violation = 1.513e-12
[2025-11-13 23:26:48.458] [cout] [info] time = 0.4 Performance = 6.7948 Constraint violation = 1.79708e-12
[2025-11-13 23:26:48.921] [cout] [info] time = 0.405000 Performance = 7.02188 Constraint violation = 1.53136e-12
[2025-11-13 23:26:49.402] [cout] [info] time = 0.41 Performance = 7.24662 Constraint violation = 8.4119e-13
[2025-11-13 23:26:49.864] [cout] [info] time = 0.415 Performance = 7.46658 Constraint violation = 1.34451e-12
[2025-11-13 23:26:50.327] [cout] [info] time = 0.42 Performance = 7.67921 Constraint violation = 3.8519e-12
[2025-11-13 23:26:50.785] [cout] [info] time = 0.425 Performance = 7.88127 Constraint violation = 5.1637e-12
[2025-11-13 23:26:51.245] [cout] [info] time = 0.43 Performance = 8.069 Constraint violation = 1.42623e-12
[2025-11-13 23:26:51.712] [cout] [info] time = 0.435 Performance = 8.23794 Constraint violation = 8.8292e-13
[2025-11-13 23:26:52.180] [cout] [info] time = 0.44 Performance = 8.38353 Constraint violation = 4.56737e-12
[2025-11-13 23:26:52.644] [cout] [info] time = 0.445 Performance = 8.50278 Constraint violation = 1.47747e-12
[2025-11-13 23:26:53.117] [cout] [info] time = 0.45 Performance = 8.59418 Constraint violation = 1.2853e-12
[2025-11-13 23:26:53.577] [cout] [info] time = 0.455 Performance = 8.65799 Constraint violation = 3.48644e-12
[2025-11-13 23:26:54.191] [cout] [info] time = 0.46 Performance = 8.69605 Constraint violation = 2.09009e-12
[2025-11-13 23:26:54.655] [cout] [info] time = 0.465 Performance = 8.71194 Constraint violation = 1.29771e-12
[2025-11-13 23:26:55.133] [cout] [info] time = 0.47 Performance = 8.71079 Constraint violation = 1.18108e-12
[2025-11-13 23:26:55.601] [cout] [info] time = 0.475 Performance = 8.69873 Constraint violation = 4.4597e-12
[2025-11-13 23:26:56.074] [cout] [info] time = 0.48 Performance = 8.68275 Constraint violation = 9.18354e-13
[2025-11-13 23:26:56.552] [cout] [info] time = 0.485 Performance = 8.66346 Constraint violation = 5.51399e-12
[2025-11-13 23:26:57.028] [cout] [info] time = 0.49 Performance = 8.64809 Constraint violation = 2.96676e-12
[2025-11-13 23:26:57.502] [cout] [info] time = 0.495 Performance = 8.63235 Constraint violation = 2.9278e-12
[2025-11-13 23:26:57.973] [cout] [info] time = 0.5 Performance = 8.62056 Constraint violation = 3.6125e-12
[2025-11-13 23:26:58.458] [cout] [info] time = 0.505000 Performance = 8.61106 Constraint violation = 1.14429e-12
[2025-11-13 23:26:58.965] [cout] [info] time = 0.51 Performance = 8.60313 Constraint violation = 1.50457e-12
[2025-11-13 23:26:59.487] [cout] [info] time = 0.515 Performance = 8.59621 Constraint violation = 9.82776e-13
[2025-11-13 23:26:59.990] [cout] [info] time = 0.52 Performance = 8.58969 Constraint violation = 8.8514e-13
[2025-11-13 23:27:00.583] [cout] [info] time = 0.525 Performance = 8.58259 Constraint violation = 1.31562e-12
[2025-11-13 23:27:01.133] [cout] [info] time = 0.53 Performance = 8.57343 Constraint violation = 2.10090e-12
[2025-11-13 23:27:01.644] [cout] [info] time = 0.535 Performance = 8.56008 Constraint violation = 4.88923e-12
[2025-11-13 23:27:02.161] [cout] [info] time = 0.54 Performance = 8.53956 Constraint violation = 1.5242e-12
[2025-11-13 23:27:02.688] [cout] [info] time = 0.545 Performance = 8.50735 Constraint violation = 1.45599e-12
[2025-11-13 23:27:03.187] [cout] [info] time = 0.55 Performance = 8.45761 Constraint violation = 1.3983e-12
[2025-11-13 23:27:03.691] [cout] [info] time = 0.555 Performance = 8.38381 Constraint violation = 5.69388e-12
[2025-11-13 23:27:04.288] [cout] [info] time = 0.56 Performance = 8.28116 Constraint violation = 2.03345e-12
[2025-11-13 23:27:04.872] [cout] [info] time = 0.565 Performance = 8.14179 Constraint violation = 1.41873e-12
[2025-11-13 23:27:05.362] [cout] [info] time = 0.57 Performance = 7.96654 Constraint violation = 2.62209e-12
[2025-11-13 23:27:05.834] [cout] [info] time = 0.575 Performance = 7.75469 Constraint violation = 7.26739e-13
[2025-11-13 23:27:06.316] [cout] [info] time = 0.58 Performance = 7.50871 Constraint violation = 2.01692e-12
[2025-11-13 23:27:06.789] [cout] [info] time = 0.585 Performance = 7.23385 Constraint violation = 1.08524e-12
[2025-11-13 23:27:07.266] [cout] [info] time = 0.59 Performance = 6.93656 Constraint violation = 2.40218e-12
[2025-11-13 23:27:07.748] [cout] [info] time = 0.595 Performance = 6.62303 Constraint violation = 1.3391e-11
[2025-11-13 23:27:08.240] [cout] [info] time = 0.6 Performance = 6.29912 Constraint violation = 4.17435e-12
[2025-11-13 23:27:08.726] [cout] [info] time = 0.605000 Performance = 5.96907 Constraint violation = 1.71852e-12
[2025-11-13 23:27:09.218] [cout] [info] time = 0.61 Performance = 5.63705 Constraint violation = 1.54838e-11
[2025-11-13 23:27:09.700] [cout] [info] time = 0.615 Performance = 5.30729 Constraint violation = 7.96975e-12
[2025-11-13 23:27:10.188] [cout] [info] time = 0.62 Performance = 4.9844 Constraint violation = 8.16332e-12
[2025-11-13 23:27:10.678] [cout] [info] time = 0.625 Performance = 4.67348 Constraint violation = 1.01724e-12
[2025-11-13 23:27:11.159] [cout] [info] time = 0.63 Performance = 4.37972 Constraint violation = 7.75859e-13
[2025-11-13 23:27:11.642] [cout] [info] time = 0.635 Performance = 4.10739 Constraint violation = 1.78474e-12
[2025-11-13 23:27:12.154] [cout] [info] time = 0.64 Performance = 3.85955 Constraint violation = 1.39948e-12
[2025-11-13 23:27:12.722] [cout] [info] time = 0.645 Performance = 3.63822 Constraint violation = 1.3113e-12
[2025-11-13 23:27:13.231] [cout] [info] time = 0.65 Performance = 3.44458 Constraint violation = 1.03547e-12
[2025-11-13 23:27:13.718] [cout] [info] time = 0.655 Performance = 3.27853 Constraint violation = 1.36793e-12
[2025-11-13 23:27:14.206] [cout] [info] time = 0.66 Performance = 3.13873 Constraint violation = 1.75222e-12
[2025-11-13 23:27:14.681] [cout] [info] time = 0.665 Performance = 3.0221 Constraint violation = 1.82447e-12
[2025-11-13 23:27:15.172] [cout] [info] time = 0.67 Performance = 2.92339 Constraint violation = 8.50051e-13
[2025-11-13 23:27:15.660] [cout] [info] time = 0.675 Performance = 2.83529 Constraint violation = 7.13505e-13
[2025-11-13 23:27:16.150] [cout] [info] time = 0.68 Performance = 2.74913 Constraint violation = 1.81195e-12
[2025-11-13 23:27:16.663] [cout] [info] time = 0.685 Performance = 2.65738 Constraint violation = 1.24674e-12
[2025-11-13 23:27:17.177] [cout] [info] time = 0.69 Performance = 2.55318 Constraint violation = 1.45419e-12
[2025-11-13 23:27:17.673] [cout] [info] time = 0.695 Performance = 2.43693 Constraint violation = 1.08158e-12
[2025-11-13 23:27:18.182] [cout] [info] time = 0.7 Performance = 2.30897 Constraint violation = 1.37436e-12
[2025-11-13 23:27:18.674] [cout] [info] time = 0.705000 Performance = 2.17528 Constraint violation = 1.17055e-12
[2025-11-13 23:27:19.178] [cout] [info] time = 0.71 Performance = 2.04401 Constraint violation = 7.35074e-13
[2025-11-13 23:27:19.709] [cout] [info] time = 0.715 Performance = 1.92504 Constraint violation = 2.37137e-12
[2025-11-13 23:27:20.222] [cout] [info] time = 0.72 Performance = 1.82981 Constraint violation = 9.01095e-13
[2025-11-13 23:27:20.722] [cout] [info] time = 0.725 Performance = 1.76761 Constraint violation = 5.94805e-13
[2025-11-13 23:27:21.231] [cout] [info] time = 0.73 Performance = 1.7438 Constraint violation = 1.7477e-12
[2025-11-13 23:27:21.713] [cout] [info] time = 0.735 Performance = 1.75787 Constraint violation = 1.1458e-12
[2025-11-13 23:27:22.197] [cout] [info] time = 0.74 Performance = 1.80320 Constraint violation = 6.76056e-13
[2025-11-13 23:27:22.682] [cout] [info] time = 0.745 Performance = 1.86817 Constraint violation = 1.53294e-12
[2025-11-13 23:27:23.165] [cout] [info] time = 0.75 Performance = 1.93895 Constraint violation = 8.87332e-13
[2025-11-13 23:27:23.652] [cout] [info] time = 0.755 Performance = 2.00170 Constraint violation = 4.64381e-13
[2025-11-13 23:27:24.143] [cout] [info] time = 0.76 Performance = 2.04412 Constraint violation = 7.49023e-13
[2025-11-13 23:27:24.625] [cout] [info] time = 0.765 Performance = 2.05685 Constraint violation = 4.84864e-13
[2025-11-13 23:27:25.131] [cout] [info] time = 0.77 Performance = 2.03424 Constraint violation = 1.10889e-12
[2025-11-13 23:27:25.626] [cout] [info] time = 0.775 Performance = 1.97456 Constraint violation = 1.06196e-12
[2025-11-13 23:27:26.104] [cout] [info] time = 0.78 Performance = 1.88007 Constraint violation = 9.61187e-13
[2025-11-13 23:27:26.592] [cout] [info] time = 0.785 Performance = 1.75645 Constraint violation = 1.17564e-12
[2025-11-13 23:27:27.082] [cout] [info] time = 0.79 Performance = 1.61282 Constraint violation = 8.45866e-13
[2025-11-13 23:27:27.568] [cout] [info] time = 0.795 Performance = 1.46 Constraint violation = 4.84362e-13
[2025-11-13 23:27:28.059] [cout] [info] time = 0.8 Performance = 1.31135 Constraint violation = 6.30485e-13
[2025-11-13 23:27:28.534] [cout] [info] time = 0.805000 Performance = 1.1795 Constraint violation = 6.44774e-13
[2025-11-13 23:27:29.033] [cout] [info] time = 0.81 Performance = 1.07332 Constraint violation = 8.45408e-13
[2025-11-13 23:27:29.515] [cout] [info] time = 0.815 Performance = 0.999123 Constraint violation = 5.39010e-13
[2025-11-13 23:27:29.997] [cout] [info] time = 0.82 Performance = 0.960503 Constraint violation = 3.80877e-13
[2025-11-13 23:27:30.467] [cout] [info] time = 0.825 Performance = 0.958753 Constraint violation = 1.00854e-12
[2025-11-13 23:27:30.953] [cout] [info] time = 0.83 Performance = 0.987051 Constraint violation = 5.34306e-13
[2025-11-13 23:27:31.420] [cout] [info] time = 0.835 Performance = 1.05080 Constraint violation = 1.08251e-12
[2025-11-13 23:27:31.901] [cout] [info] time = 0.84 Performance = 1.14338 Constraint violation = 6.81357e-13
[2025-11-13 23:27:32.380] [cout] [info] time = 0.845 Performance = 1.26989 Constraint violation = 9.57816e-13
[2025-11-13 23:27:32.872] [cout] [info] time = 0.85 Performance = 1.43154 Constraint violation = 4.38901e-13
[2025-11-13 23:27:33.361] [cout] [info] time = 0.855 Performance = 1.63539 Constraint violation = 5.57493e-13
[2025-11-13 23:27:33.836] [cout] [info] time = 0.86 Performance = 1.89022 Constraint violation = 5.76571e-13
[2025-11-13 23:27:34.340] [cout] [info] time = 0.865 Performance = 2.20764 Constraint violation = 1.06139e-12
[2025-11-13 23:27:34.808] [cout] [info] time = 0.87 Performance = 2.60145 Constraint violation = 1.29961e-12
[2025-11-13 23:27:35.269] [cout] [info] time = 0.875 Performance = 3.08633 Constraint violation = 2.95614e-13
[2025-11-13 23:27:35.729] [cout] [info] time = 0.88 Performance = 3.67409 Constraint violation = 9.26653e-13
[2025-11-13 23:27:36.205] [cout] [info] time = 0.885 Performance = 4.37661 Constraint violation = 7.84125e-13
[2025-11-13 23:27:36.679] [cout] [info] time = 0.89 Performance = 5.199 Constraint violation = 6.63512e-12
[2025-11-13 23:27:37.163] [cout] [info] time = 0.895 Performance = 6.14331 Constraint violation = 1.9678e-12
[2025-11-13 23:27:37.621] [cout] [info] time = 0.9 Performance = 7.20711 Constraint violation = 1.01797e-12
[2025-11-13 23:27:38.083] [cout] [info] time = 0.905000 Performance = 8.38642 Constraint violation = 2.35967e-12
[2025-11-13 23:27:38.542] [cout] [info] time = 0.91 Performance = 9.67506 Constraint violation = 1.09794e-12
[2025-11-13 23:27:39.007] [cout] [info] time = 0.915 Performance = 11.0696 Constraint violation = 2.67976e-12
[2025-11-13 23:27:39.484] [cout] [info] time = 0.92 Performance = 12.5656 Constraint violation = 2.01514e-11
[2025-11-13 23:27:39.954] [cout] [info] time = 0.925 Performance = 14.1605 Constraint violation = 2.82221e-12
[2025-11-13 23:27:40.440] [cout] [info] time = 0.93 Performance = 15.8504 Constraint violation = 5.56109e-12
[2025-11-13 23:27:40.908] [cout] [info] time = 0.935 Performance = 17.6328 Constraint violation = 4.13499e-12
[2025-11-13 23:27:41.387] [cout] [info] time = 0.94 Performance = 19.5039 Constraint violation = 1.40138e-11
[2025-11-13 23:27:41.870] [cout] [info] time = 0.945 Performance = 21.4582 Constraint violation = 1.67686e-11
[2025-11-13 23:27:42.340] [cout] [info] time = 0.95 Performance = 23.4893 Constraint violation = 1.12173e-11
[2025-11-13 23:27:42.797] [cout] [info] time = 0.955 Performance = 25.5904 Constraint violation = 6.96584e-12
[2025-11-13 23:27:43.273] [cout] [info] time = 0.96 Performance = 27.7539 Constraint violation = 7.37682e-12
[2025-11-13 23:27:43.809] [cout] [info] time = 0.965 Performance = 29.9716 Constraint violation = 3.4657e-12
[2025-11-13 23:27:44.292] [cout] [info] time = 0.97 Performance = 32.2301 Constraint violation = 4.45283e-11
[2025-11-13 23:27:44.750] [cout] [info] time = 0.975 Performance = 34.5122 Constraint violation = 1.10075e-11
[2025-11-13 23:27:45.221] [cout] [info] time = 0.98 Performance = 36.795 Constraint violation = 2.71826e-11
[2025-11-13 23:27:45.686] [cout] [info] time = 0.985 Performance = 39.0486 Constraint violation = 1.76543e-11
[2025-11-13 23:27:46.160] [cout] [info] time = 0.99 Performance = 41.2361 Constraint violation = 7.50073e-13
[2025-11-13 23:27:46.629] [cout] [info] time = 0.995 Performance = 43.3136 Constraint violation = 4.20035e-12
[2025-11-13 23:27:47.105] [cout] [info] time = 1.0 Performance = 45.2381 Constraint violation = 5.34505e-11
[2025-11-13 23:27:47.579] [cout] [info] time = 1.00500 Performance = 46.9735 Constraint violation = 2.16918e-12
[2025-11-13 23:27:48.056] [cout] [info] time = 1.01 Performance = 48.4901 Constraint violation = 8.6657e-12
[2025-11-13 23:27:48.526] [cout] [info] time = 1.015 Performance = 49.7659 Constraint violation = 1.40386e-12
[2025-11-13 23:27:48.989] [cout] [info] time = 1.02 Performance = 50.7969 Constraint violation = 8.5459e-13
[2025-11-13 23:27:49.452] [cout] [info] time = 1.025 Performance = 51.5891 Constraint violation = 1.95344e-12
[2025-11-13 23:27:49.916] [cout] [info] time = 1.03 Performance = 52.1628 Constraint violation = 6.15107e-12
[2025-11-13 23:27:50.372] [cout] [info] time = 1.035 Performance = 52.5502 Constraint violation = 1.03044e-11
[2025-11-13 23:27:50.821] [cout] [info] time = 1.04 Performance = 52.7888 Constraint violation = 2.62492e-12
[2025-11-13 23:27:51.287] [cout] [info] time = 1.045 Performance = 52.9125 Constraint violation = 4.96042e-12
[2025-11-13 23:27:51.748] [cout] [info] time = 1.05 Performance = 52.9497 Constraint violation = 1.72215e-11
[2025-11-13 23:27:52.228] [cout] [info] time = 1.055 Performance = 52.9289 Constraint violation = 1.49558e-11
[2025-11-13 23:27:52.681] [cout] [info] time = 1.06 Performance = 52.8809 Constraint violation = 2.6974e-12
[2025-11-13 23:27:53.138] [cout] [info] time = 1.065 Performance = 52.8263 Constraint violation = 6.74237e-13
[2025-11-13 23:27:53.605] [cout] [info] time = 1.07 Performance = 52.7794 Constraint violation = 3.67222e-12
[2025-11-13 23:27:54.070] [cout] [info] time = 1.075 Performance = 52.749 Constraint violation = 1.96966e-11
[2025-11-13 23:27:54.538] [cout] [info] time = 1.08 Performance = 52.7499 Constraint violation = 8.08547e-10
[2025-11-13 23:27:55.000] [cout] [info] time = 1.085 Performance = 52.8014 Constraint violation = 3.89735e-10
[2025-11-13 23:27:55.465] [cout] [info] time = 1.09 Performance = 52.9253 Constraint violation = 2.59825e-11
[2025-11-13 23:27:55.944] [cout] [info] time = 1.095 Performance = 53.1456 Constraint violation = 5.07316e-11
[2025-11-13 23:27:56.410] [cout] [info] time = 1.1 Performance = 53.4906 Constraint violation = 5.14187e-10
[2025-11-13 23:27:56.866] [cout] [info] time = 1.10500 Performance = 53.9872 Constraint violation = 1.51644e-10
[2025-11-13 23:27:57.319] [cout] [info] time = 1.11 Performance = 54.6566 Constraint violation = 8.27583e-12
[2025-11-13 23:27:57.786] [cout] [info] time = 1.115 Performance = 55.5111 Constraint violation = 4.11013e-11
[2025-11-13 23:27:58.246] [cout] [info] time = 1.12 Performance = 56.5576 Constraint violation = 2.56623e-11
[2025-11-13 23:27:58.692] [cout] [info] time = 1.125 Performance = 57.7988 Constraint violation = 2.61092e-12
[2025-11-13 23:27:59.129] [cout] [info] time = 1.13 Performance = 59.2343 Constraint violation = 8.22954e-11
[2025-11-13 23:27:59.576] [cout] [info] time = 1.135 Performance = 60.8557 Constraint violation = 3.18492e-12
[2025-11-13 23:28:00.031] [cout] [info] time = 1.14 Performance = 62.6439 Constraint violation = 8.86201e-11
[2025-11-13 23:28:00.486] [cout] [info] time = 1.145 Performance = 64.5676 Constraint violation = 5.98744e-11
[2025-11-13 23:28:00.935] [cout] [info] time = 1.15 Performance = 66.5843 Constraint violation = 2.30297e-12
[2025-11-13 23:28:01.426] [cout] [info] time = 1.155 Performance = 68.6413 Constraint violation = 8.56555e-12
[2025-11-13 23:28:01.888] [cout] [info] time = 1.16 Performance = 70.6839 Constraint violation = 5.64124e-12
[2025-11-13 23:28:02.339] [cout] [info] time = 1.165 Performance = 72.659 Constraint violation = 1.45972e-11
[2025-11-13 23:28:02.783] [cout] [info] time = 1.17 Performance = 74.5192 Constraint violation = 5.18565e-11
[2025-11-13 23:28:03.228] [cout] [info] time = 1.175 Performance = 76.2217 Constraint violation = 1.32531e-12
[2025-11-13 23:28:03.668] [cout] [info] time = 1.18 Performance = 77.7326 Constraint violation = 1.49115e-11
[2025-11-13 23:28:04.109] [cout] [info] time = 1.185 Performance = 79.0338 Constraint violation = 1.38226e-12
[2025-11-13 23:28:04.555] [cout] [info] time = 1.19 Performance = 80.123 Constraint violation = 3.65622e-12
[2025-11-13 23:28:05.006] [cout] [info] time = 1.195 Performance = 81.0050 Constraint violation = 9.77584e-11
[2025-11-13 23:28:05.458] [cout] [info] time = 1.2 Performance = 81.6886 Constraint violation = 7.16875e-11
[2025-11-13 23:28:05.900] [cout] [info] time = 1.20500 Performance = 82.1829 Constraint violation = 3.94777e-11
[2025-11-13 23:28:06.347] [cout] [info] time = 1.21 Performance = 82.4979 Constraint violation = 2.34058e-11
[2025-11-13 23:28:06.795] [cout] [info] time = 1.215 Performance = 82.6406 Constraint violation = 4.66567e-11
[2025-11-13 23:28:07.249] [cout] [info] time = 1.22 Performance = 82.617 Constraint violation = 8.02479e-12
[2025-11-13 23:28:07.698] [cout] [info] time = 1.225 Performance = 82.4413 Constraint violation = 5.57247e-11
[2025-11-13 23:28:08.147] [cout] [info] time = 1.23 Performance = 82.1462 Constraint violation = 1.7367e-11
[2025-11-13 23:28:08.599] [cout] [info] time = 1.235 Performance = 81.7839 Constraint violation = 1.09959e-12
[2025-11-13 23:28:09.058] [cout] [info] time = 1.24 Performance = 81.4202 Constraint violation = 7.26191e-12
[2025-11-13 23:28:09.513] [cout] [info] time = 1.245 Performance = 81.1233 Constraint violation = 4.64264e-11
[2025-11-13 23:28:09.966] [cout] [info] time = 1.25 Performance = 80.9565 Constraint violation = 3.19871e-11
[2025-11-13 23:28:10.422] [cout] [info] time = 1.255 Performance = 80.9765 Constraint violation = 2.26755e-11
[2025-11-13 23:28:10.873] [cout] [info] time = 1.26 Performance = 81.2334 Constraint violation = 2.99632e-11
[2025-11-13 23:28:11.334] [cout] [info] time = 1.265 Performance = 81.7623 Constraint violation = 2.81283e-11
[2025-11-13 23:28:11.790] [cout] [info] time = 1.27 Performance = 82.5757 Constraint violation = 1.25354e-11
[2025-11-13 23:28:12.254] [cout] [info] time = 1.275 Performance = 83.6595 Constraint violation = 3.45070e-12
[2025-11-13 23:28:12.712] [cout] [info] time = 1.28 Performance = 84.9753 Constraint violation = 5.54153e-12
[2025-11-13 23:28:13.169] [cout] [info] time = 1.285 Performance = 86.47 Constraint violation = 2.56453e-12
[2025-11-13 23:28:13.626] [cout] [info] time = 1.29 Performance = 88.0842 Constraint violation = 1.93479e-11
[2025-11-13 23:28:14.081] [cout] [info] time = 1.295 Performance = 89.7603 Constraint violation = 5.3416e-12
[2025-11-13 23:28:14.542] [cout] [info] time = 1.3 Performance = 91.4481 Constraint violation = 3.27985e-11
[2025-11-13 23:28:14.995] [cout] [info] time = 1.30500 Performance = 93.1082 Constraint violation = 2.06782e-11
[2025-11-13 23:28:15.456] [cout] [info] time = 1.31 Performance = 94.7125 Constraint violation = 3.82534e-11
[2025-11-13 23:28:15.910] [cout] [info] time = 1.315 Performance = 96.2374 Constraint violation = 4.08526e-11
[2025-11-13 23:28:16.364] [cout] [info] time = 1.32 Performance = 97.66 Constraint violation = 8.43554e-11
[2025-11-13 23:28:16.816] [cout] [info] time = 1.325 Performance = 98.9573 Constraint violation = 3.48989e-11
[2025-11-13 23:28:17.265] [cout] [info] time = 1.33 Performance = 100.111 Constraint violation = 1.13994e-11
[2025-11-13 23:28:17.717] [cout] [info] time = 1.335 Performance = 101.112 Constraint violation = 4.184e-11
[2025-11-13 23:28:18.169] [cout] [info] time = 1.34 Performance = 101.959 Constraint violation = 2.6233e-11
[2025-11-13 23:28:18.620] [cout] [info] time = 1.345 Performance = 102.651 Constraint violation = 4.5979e-11
[2025-11-13 23:28:19.071] [cout] [info] time = 1.35 Performance = 103.173 Constraint violation = 1.63341e-11
[2025-11-13 23:28:19.549] [cout] [info] time = 1.355 Performance = 103.487 Constraint violation = 4.48981e-11
[2025-11-13 23:28:20.018] [cout] [info] time = 1.36 Performance = 103.541 Constraint violation = 9.03628e-12
[2025-11-13 23:28:20.465] [cout] [info] time = 1.365 Performance = 103.285 Constraint violation = 6.94234e-11
[2025-11-13 23:28:20.925] [cout] [info] time = 1.37 Performance = 102.687 Constraint violation = 2.49779e-11
[2025-11-13 23:28:21.394] [cout] [info] time = 1.375 Performance = 101.744 Constraint violation = 5.31525e-11
[2025-11-13 23:28:21.846] [cout] [info] time = 1.38 Performance = 100.487 Constraint violation = 7.63116e-12
[2025-11-13 23:28:22.308] [cout] [info] time = 1.385 Performance = 98.9664 Constraint violation = 1.03526e-11
[2025-11-13 23:28:22.755] [cout] [info] time = 1.39 Performance = 97.2423 Constraint violation = 7.26594e-12
[2025-11-13 23:28:23.200] [cout] [info] time = 1.395 Performance = 95.3804 Constraint violation = 1.94122e-11
[2025-11-13 23:28:23.653] [cout] [info] time = 1.4 Performance = 93.4357 Constraint violation = 3.98197e-12
[2025-11-13 23:28:24.113] [cout] [info] time = 1.40500 Performance = 91.4591 Constraint violation = 1.22341e-11
[2025-11-13 23:28:24.559] [cout] [info] time = 1.41 Performance = 89.5039 Constraint violation = 5.4161e-12
[2025-11-13 23:28:25.011] [cout] [info] time = 1.415 Performance = 87.6199 Constraint violation = 1.9832e-11
[2025-11-13 23:28:25.462] [cout] [info] time = 1.42 Performance = 85.8498 Constraint violation = 4.86197e-12
[2025-11-13 23:28:25.905] [cout] [info] time = 1.425 Performance = 84.2274 Constraint violation = 1.57953e-11
[2025-11-13 23:28:26.350] [cout] [info] time = 1.43 Performance = 82.7819 Constraint violation = 1.40943e-11
[2025-11-13 23:28:26.797] [cout] [info] time = 1.435 Performance = 81.5387 Constraint violation = 2.90710e-12
[2025-11-13 23:28:27.239] [cout] [info] time = 1.44 Performance = 80.5152 Constraint violation = 2.38259e-12
[2025-11-13 23:28:27.682] [cout] [info] time = 1.445 Performance = 79.7157 Constraint violation = 2.59614e-11
[2025-11-13 23:28:28.131] [cout] [info] time = 1.45 Performance = 79.1362 Constraint violation = 4.33339e-12
[2025-11-13 23:28:28.579] [cout] [info] time = 1.455 Performance = 78.7707 Constraint violation = 2.45934e-12
[2025-11-13 23:28:29.027] [cout] [info] time = 1.46 Performance = 78.6168 Constraint violation = 3.05264e-11
[2025-11-13 23:28:29.468] [cout] [info] time = 1.465 Performance = 78.6787 Constraint violation = 2.21993e-12
[2025-11-13 23:28:29.920] [cout] [info] time = 1.47 Performance = 78.9658 Constraint violation = 3.3396e-11
[2025-11-13 23:28:30.376] [cout] [info] time = 1.475 Performance = 79.4945 Constraint violation = 1.43329e-11
[2025-11-13 23:28:30.829] [cout] [info] time = 1.48 Performance = 80.2881 Constraint violation = 2.14042e-11
[2025-11-13 23:28:31.282] [cout] [info] time = 1.485 Performance = 81.3727 Constraint violation = 9.28761e-12
[2025-11-13 23:28:31.738] [cout] [info] time = 1.49 Performance = 82.7672 Constraint violation = 1.76717e-12
[2025-11-13 23:28:32.179] [cout] [info] time = 1.495 Performance = 84.4771 Constraint violation = 1.54029e-11
[2025-11-13 23:28:32.624] [cout] [info] time = 1.5 Performance = 86.4948 Constraint violation = 1.31891e-11
[2025-11-13 23:28:33.073] [cout] [info] time = 1.50500 Performance = 88.8008 Constraint violation = 2.53071e-12
[2025-11-13 23:28:33.518] [cout] [info] time = 1.51 Performance = 91.3649 Constraint violation = 3.02050e-12
[2025-11-13 23:28:33.981] [cout] [info] time = 1.515 Performance = 94.15 Constraint violation = 3.05985e-11
[2025-11-13 23:28:34.431] [cout] [info] time = 1.52 Performance = 97.1145 Constraint violation = 5.27824e-12
[2025-11-13 23:28:34.880] [cout] [info] time = 1.525 Performance = 100.215 Constraint violation = 2.58768e-11
[2025-11-13 23:28:35.338] [cout] [info] time = 1.53 Performance = 103.407 Constraint violation = 4.49256e-11
[2025-11-13 23:28:35.798] [cout] [info] time = 1.535 Performance = 106.648 Constraint violation = 1.48061e-12
[2025-11-13 23:28:36.249] [cout] [info] time = 1.54 Performance = 109.896 Constraint violation = 1.98634e-11
[2025-11-13 23:28:36.715] [cout] [info] time = 1.545 Performance = 113.119 Constraint violation = 2.57064e-11
[2025-11-13 23:28:37.165] [cout] [info] time = 1.55 Performance = 116.292 Constraint violation = 1.75842e-10
[2025-11-13 23:28:37.615] [cout] [info] time = 1.555 Performance = 119.398 Constraint violation = 8.38405e-11
[2025-11-13 23:28:38.069] [cout] [info] time = 1.56 Performance = 122.416 Constraint violation = 3.87443e-11
[2025-11-13 23:28:38.520] [cout] [info] time = 1.565 Performance = 125.314 Constraint violation = 9.89068e-11
[2025-11-13 23:28:38.976] [cout] [info] time = 1.57 Performance = 128.057 Constraint violation = 1.44482e-10
[2025-11-13 23:28:39.447] [cout] [info] time = 1.575 Performance = 130.613 Constraint violation = 6.69080e-11
[2025-11-13 23:28:39.900] [cout] [info] time = 1.58 Performance = 132.954 Constraint violation = 2.74543e-11
[2025-11-13 23:28:40.348] [cout] [info] time = 1.585 Performance = 135.06 Constraint violation = 2.45256e-11
[2025-11-13 23:28:40.810] [cout] [info] time = 1.59 Performance = 136.907 Constraint violation = 1.86821e-11
[2025-11-13 23:28:41.272] [cout] [info] time = 1.595 Performance = 138.463 Constraint violation = 1.61614e-10
[2025-11-13 23:28:41.732] [cout] [info] time = 1.6 Performance = 139.695 Constraint violation = 6.35128e-11
[2025-11-13 23:28:42.193] [cout] [info] time = 1.60500 Performance = 140.581 Constraint violation = 2.86691e-11
[2025-11-13 23:28:42.651] [cout] [info] time = 1.61 Performance = 141.118 Constraint violation = 5.27132e-12
[2025-11-13 23:28:43.111] [cout] [info] time = 1.615 Performance = 141.33 Constraint violation = 3.04814e-11
[2025-11-13 23:28:43.556] [cout] [info] time = 1.62 Performance = 141.262 Constraint violation = 1.33097e-10
[2025-11-13 23:28:44.022] [cout] [info] time = 1.625 Performance = 140.976 Constraint violation = 1.03259e-10
[2025-11-13 23:28:44.473] [cout] [info] time = 1.63 Performance = 140.543 Constraint violation = 7.40382e-11
[2025-11-13 23:28:44.927] [cout] [info] time = 1.635 Performance = 140.036 Constraint violation = 2.03272e-11
[2025-11-13 23:28:45.380] [cout] [info] time = 1.64 Performance = 139.524 Constraint violation = 5.18326e-11
[2025-11-13 23:28:45.838] [cout] [info] time = 1.645 Performance = 139.072 Constraint violation = 5.82993e-11
[2025-11-13 23:28:46.299] [cout] [info] time = 1.65 Performance = 138.74 Constraint violation = 1.3818e-11
[2025-11-13 23:28:46.754] [cout] [info] time = 1.655 Performance = 138.576 Constraint violation = 2.12242e-11
[2025-11-13 23:28:47.216] [cout] [info] time = 1.66 Performance = 138.614 Constraint violation = 2.61083e-11
[2025-11-13 23:28:47.678] [cout] [info] time = 1.665 Performance = 138.871 Constraint violation = 4.67166e-11
[2025-11-13 23:28:48.128] [cout] [info] time = 1.67 Performance = 139.348 Constraint violation = 7.03758e-11
[2025-11-13 23:28:48.580] [cout] [info] time = 1.675 Performance = 140.046 Constraint violation = 3.5336e-11
[2025-11-13 23:28:49.041] [cout] [info] time = 1.68 Performance = 140.966 Constraint violation = 1.79755e-12
[2025-11-13 23:28:49.501] [cout] [info] time = 1.685 Performance = 142.121 Constraint violation = 2.5198e-11
[2025-11-13 23:28:49.964] [cout] [info] time = 1.69 Performance = 143.526 Constraint violation = 9.0971e-12
[2025-11-13 23:28:50.418] [cout] [info] time = 1.695 Performance = 145.196 Constraint violation = 7.55982e-12
[2025-11-13 23:28:50.877] [cout] [info] time = 1.7 Performance = 147.147 Constraint violation = 4.31988e-11
[2025-11-13 23:28:51.335] [cout] [info] time = 1.70500 Performance = 149.387 Constraint violation = 8.76742e-11
[2025-11-13 23:28:51.794] [cout] [info] time = 1.71 Performance = 151.916 Constraint violation = 1.58902e-10
[2025-11-13 23:28:52.246] [cout] [info] time = 1.715 Performance = 154.73 Constraint violation = 1.90590e-11
[2025-11-13 23:28:52.705] [cout] [info] time = 1.72 Performance = 157.818 Constraint violation = 1.13726e-10
[2025-11-13 23:28:53.155] [cout] [info] time = 1.725 Performance = 161.163 Constraint violation = 4.53786e-11
[2025-11-13 23:28:53.619] [cout] [info] time = 1.73 Performance = 164.734 Constraint violation = 9.94798e-12
[2025-11-13 23:28:54.071] [cout] [info] time = 1.735 Performance = 168.484 Constraint violation = 2.12173e-12
[2025-11-13 23:28:54.528] [cout] [info] time = 1.74 Performance = 172.355 Constraint violation = 3.3151e-11
[2025-11-13 23:28:54.985] [cout] [info] time = 1.745 Performance = 176.29 Constraint violation = 8.54731e-12
[2025-11-13 23:28:55.449] [cout] [info] time = 1.75 Performance = 180.235 Constraint violation = 3.89123e-11
[2025-11-13 23:28:55.949] [cout] [info] time = 1.755 Performance = 184.135 Constraint violation = 8.80007e-12
[2025-11-13 23:28:56.408] [cout] [info] time = 1.76 Performance = 187.937 Constraint violation = 1.43961e-10
[2025-11-13 23:28:56.894] [cout] [info] time = 1.765 Performance = 191.6 Constraint violation = 6.71437e-11
[2025-11-13 23:28:57.357] [cout] [info] time = 1.77 Performance = 195.092 Constraint violation = 1.66658e-11
[2025-11-13 23:28:57.834] [cout] [info] time = 1.775 Performance = 198.395 Constraint violation = 1.53776e-11
[2025-11-13 23:28:58.298] [cout] [info] time = 1.78 Performance = 201.497 Constraint violation = 1.11337e-11
[2025-11-13 23:28:58.760] [cout] [info] time = 1.785 Performance = 204.392 Constraint violation = 9.1123e-11
[2025-11-13 23:28:59.240] [cout] [info] time = 1.79 Performance = 207.077 Constraint violation = 1.20692e-11
[2025-11-13 23:28:59.718] [cout] [info] time = 1.795 Performance = 209.549 Constraint violation = 4.11018e-11
[2025-11-13 23:29:00.199] [cout] [info] time = 1.8 Performance = 211.813 Constraint violation = 7.80155e-11
[2025-11-13 23:29:00.664] [cout] [info] time = 1.80500 Performance = 213.87 Constraint violation = 1.31997e-12
[2025-11-13 23:29:01.132] [cout] [info] time = 1.81 Performance = 215.717 Constraint violation = 1.04417e-10
[2025-11-13 23:29:01.593] [cout] [info] time = 1.815 Performance = 217.349 Constraint violation = 1.43241e-10
[2025-11-13 23:29:02.055] [cout] [info] time = 1.82 Performance = 218.754 Constraint violation = 1.40865e-11
[2025-11-13 23:29:02.519] [cout] [info] time = 1.825 Performance = 219.918 Constraint violation = 1.90119e-11
[2025-11-13 23:29:02.992] [cout] [info] time = 1.83 Performance = 220.818 Constraint violation = 2.67318e-10
[2025-11-13 23:29:03.466] [cout] [info] time = 1.835 Performance = 221.43 Constraint violation = 3.38217e-11
[2025-11-13 23:29:03.936] [cout] [info] time = 1.84 Performance = 221.738 Constraint violation = 4.28592e-11
[2025-11-13 23:29:04.412] [cout] [info] time = 1.845 Performance = 221.735 Constraint violation = 1.42726e-10
[2025-11-13 23:29:04.883] [cout] [info] time = 1.85 Performance = 221.431 Constraint violation = 9.92813e-11
[2025-11-13 23:29:05.352] [cout] [info] time = 1.855 Performance = 220.855 Constraint violation = 1.3814e-10
[2025-11-13 23:29:05.818] [cout] [info] time = 1.86 Performance = 220.047 Constraint violation = 1.82193e-11
[2025-11-13 23:29:06.293] [cout] [info] time = 1.865 Performance = 219.054 Constraint violation = 1.72794e-10
[2025-11-13 23:29:06.751] [cout] [info] time = 1.87 Performance = 217.929 Constraint violation = 2.05164e-11
[2025-11-13 23:29:07.232] [cout] [info] time = 1.875 Performance = 216.721 Constraint violation = 1.10667e-11
[2025-11-13 23:29:07.697] [cout] [info] time = 1.88 Performance = 215.478 Constraint violation = 1.33598e-10
[2025-11-13 23:29:08.177] [cout] [info] time = 1.885 Performance = 214.24 Constraint violation = 1.07465e-11
[2025-11-13 23:29:08.666] [cout] [info] time = 1.89 Performance = 213.036 Constraint violation = 1.52809e-10
[2025-11-13 23:29:09.129] [cout] [info] time = 1.895 Performance = 211.87 Constraint violation = 9.53815e-11
[2025-11-13 23:29:09.604] [cout] [info] time = 1.9 Performance = 210.731 Constraint violation = 1.21441e-10
[2025-11-13 23:29:10.078] [cout] [info] time = 1.90500 Performance = 209.587 Constraint violation = 1.77184e-12
[2025-11-13 23:29:10.543] [cout] [info] time = 1.91 Performance = 208.392 Constraint violation = 1.29932e-12
[2025-11-13 23:29:11.010] [cout] [info] time = 1.915 Performance = 207.096 Constraint violation = 2.45958e-12
[2025-11-13 23:29:11.480] [cout] [info] time = 1.92 Performance = 205.648 Constraint violation = 2.09886e-12
[2025-11-13 23:29:11.943] [cout] [info] time = 1.925 Performance = 204.003 Constraint violation = 5.28595e-12
[2025-11-13 23:29:12.415] [cout] [info] time = 1.93 Performance = 202.128 Constraint violation = 3.43676e-11
[2025-11-13 23:29:12.893] [cout] [info] time = 1.935 Performance = 200.015 Constraint violation = 5.3792e-12
[2025-11-13 23:29:13.372] [cout] [info] time = 1.94 Performance = 197.683 Constraint violation = 3.84364e-11
[2025-11-13 23:29:13.845] [cout] [info] time = 1.945 Performance = 195.176 Constraint violation = 1.75805e-12
[2025-11-13 23:29:14.325] [cout] [info] time = 1.95 Performance = 192.558 Constraint violation = 3.16542e-11
[2025-11-13 23:29:14.798] [cout] [info] time = 1.955 Performance = 189.91 Constraint violation = 5.09402e-12
[2025-11-13 23:29:15.382] [cout] [info] time = 1.96 Performance = 187.313 Constraint violation = 1.21878e-12
[2025-11-13 23:29:15.939] [cout] [info] time = 1.965 Performance = 184.855 Constraint violation = 3.36234e-12
[2025-11-13 23:29:16.424] [cout] [info] time = 1.97 Performance = 182.619 Constraint violation = 5.27863e-11
[2025-11-13 23:29:16.896] [cout] [info] time = 1.975 Performance = 180.683 Constraint violation = 1.30874e-11
[2025-11-13 23:29:17.377] [cout] [info] time = 1.98 Performance = 179.103 Constraint violation = 7.50898e-12
[2025-11-13 23:29:17.848] [cout] [info] time = 1.985 Performance = 177.913 Constraint violation = 6.86403e-11
[2025-11-13 23:29:18.347] [cout] [info] time = 1.99 Performance = 177.112 Constraint violation = 1.02636e-12
[2025-11-13 23:29:18.826] [cout] [info] time = 1.995 Performance = 176.677 Constraint violation = 1.49412e-12
[2025-11-13 23:29:19.299] [cout] [info] time = 2.0 Performance = 176.561 Constraint violation = 1.06866e-11
[2025-11-13 23:29:19.784] [cout] [info] time = 2.00500 Performance = 176.703 Constraint violation = 4.59888e-12
[2025-11-13 23:29:20.271] [cout] [info] time = 2.01 Performance = 177.029 Constraint violation = 1.00704e-11
[2025-11-13 23:29:20.754] [cout] [info] time = 2.015 Performance = 177.466 Constraint violation = 2.83182e-11
[2025-11-13 23:29:21.236] [cout] [info] time = 2.02 Performance = 177.946 Constraint violation = 4.16294e-12
[2025-11-13 23:29:21.712] [cout] [info] time = 2.025 Performance = 178.414 Constraint violation = 3.22498e-12
[2025-11-13 23:29:22.189] [cout] [info] time = 2.03 Performance = 178.823 Constraint violation = 4.52972e-12
[2025-11-13 23:29:22.653] [cout] [info] time = 2.035 Performance = 179.139 Constraint violation = 5.28466e-12
[2025-11-13 23:29:23.130] [cout] [info] time = 2.04 Performance = 179.344 Constraint violation = 2.64479e-12
[2025-11-13 23:29:23.608] [cout] [info] time = 2.045 Performance = 179.428 Constraint violation = 2.03207e-12
[2025-11-13 23:29:24.105] [cout] [info] time = 2.05 Performance = 179.391 Constraint violation = 2.78551e-11
[2025-11-13 23:29:24.584] [cout] [info] time = 2.055 Performance = 179.245 Constraint violation = 8.02888e-12
[2025-11-13 23:29:25.066] [cout] [info] time = 2.06 Performance = 179.019 Constraint violation = 5.04678e-11
[2025-11-13 23:29:26.005] [cout] [info] time = 2.065 Performance = 178.752 Constraint violation = 2.13813e-12
[2025-11-13 23:29:26.841] [cout] [info] time = 2.07 Performance = 178.493 Constraint violation = 6.08047e-11
[2025-11-13 23:29:27.391] [cout] [info] time = 2.075 Performance = 178.289 Constraint violation = 4.92575e-12
[2025-11-13 23:29:27.881] [cout] [info] time = 2.08 Performance = 178.187 Constraint violation = 2.49379e-11
[2025-11-13 23:29:28.389] [cout] [info] time = 2.085 Performance = 178.234 Constraint violation = 3.95094e-11
[2025-11-13 23:29:28.880] [cout] [info] time = 2.09 Performance = 178.466 Constraint violation = 6.06169e-11
[2025-11-13 23:29:29.386] [cout] [info] time = 2.095 Performance = 178.914 Constraint violation = 2.36972e-11
[2025-11-13 23:29:29.873] [cout] [info] time = 2.1 Performance = 179.592 Constraint violation = 3.76162e-11
[2025-11-13 23:29:30.356] [cout] [info] time = 2.10500 Performance = 180.495 Constraint violation = 1.25667e-11
[2025-11-13 23:29:30.851] [cout] [info] time = 2.11 Performance = 181.596 Constraint violation = 1.54223e-11
[2025-11-13 23:29:31.367] [cout] [info] time = 2.115 Performance = 182.848 Constraint violation = 8.79432e-12
[2025-11-13 23:29:31.888] [cout] [info] time = 2.12 Performance = 184.185 Constraint violation = 2.08977e-12
[2025-11-13 23:29:32.382] [cout] [info] time = 2.125 Performance = 185.532 Constraint violation = 8.70082e-12
[2025-11-13 23:29:32.887] [cout] [info] time = 2.13 Performance = 186.804 Constraint violation = 5.02598e-12
[2025-11-13 23:29:33.437] [cout] [info] time = 2.135 Performance = 187.911 Constraint violation = 3.11491e-11
[2025-11-13 23:29:34.038] [cout] [info] time = 2.14 Performance = 188.758 Constraint violation = 3.8937e-11
[2025-11-13 23:29:34.666] [cout] [info] time = 2.145 Performance = 189.256 Constraint violation = 7.29325e-11
[2025-11-13 23:29:35.230] [cout] [info] time = 2.15 Performance = 189.323 Constraint violation = 2.48512e-12
[2025-11-13 23:29:35.776] [cout] [info] time = 2.155 Performance = 188.896 Constraint violation = 2.83388e-12
[2025-11-13 23:29:36.354] [cout] [info] time = 2.16 Performance = 187.933 Constraint violation = 1.41168e-11
[2025-11-13 23:29:36.892] [cout] [info] time = 2.165 Performance = 186.415 Constraint violation = 7.38507e-12
[2025-11-13 23:29:37.447] [cout] [info] time = 2.17 Performance = 184.347 Constraint violation = 1.80845e-11
[2025-11-13 23:29:38.014] [cout] [info] time = 2.175 Performance = 181.757 Constraint violation = 1.22996e-11
[2025-11-13 23:29:38.533] [cout] [info] time = 2.18 Performance = 178.697 Constraint violation = 7.24494e-12
[2025-11-13 23:29:39.068] [cout] [info] time = 2.185 Performance = 175.234 Constraint violation = 9.92957e-12
[2025-11-13 23:29:39.569] [cout] [info] time = 2.19 Performance = 171.45 Constraint violation = 1.74421e-11
[2025-11-13 23:29:40.078] [cout] [info] time = 2.195 Performance = 167.437 Constraint violation = 4.88367e-12
[2025-11-13 23:29:40.602] [cout] [info] time = 2.2 Performance = 163.302 Constraint violation = 2.05080e-11
[2025-11-13 23:29:41.104] [cout] [info] time = 2.20500 Performance = 159.154 Constraint violation = 5.4117e-12
[2025-11-13 23:29:41.615] [cout] [info] time = 2.21 Performance = 155.094 Constraint violation = 2.73157e-12
[2025-11-13 23:29:42.121] [cout] [info] time = 2.215 Performance = 151.21 Constraint violation = 1.84437e-12
[2025-11-13 23:29:42.598] [cout] [info] time = 2.22 Performance = 147.569 Constraint violation = 3.95154e-12
[2025-11-13 23:29:43.083] [cout] [info] time = 2.225 Performance = 144.215 Constraint violation = 2.15356e-12
[2025-11-13 23:29:43.577] [cout] [info] time = 2.23 Performance = 141.178 Constraint violation = 2.11566e-12
[2025-11-13 23:29:44.053] [cout] [info] time = 2.235 Performance = 138.465 Constraint violation = 1.78293e-12
[2025-11-13 23:29:44.544] [cout] [info] time = 2.24 Performance = 136.075 Constraint violation = 1.14457e-11
[2025-11-13 23:29:45.021] [cout] [info] time = 2.245 Performance = 134.004 Constraint violation = 1.58712e-12
[2025-11-13 23:29:45.513] [cout] [info] time = 2.25 Performance = 132.244 Constraint violation = 4.67766e-11
[2025-11-13 23:29:45.998] [cout] [info] time = 2.255 Performance = 130.781 Constraint violation = 8.8975e-12
[2025-11-13 23:29:46.484] [cout] [info] time = 2.26 Performance = 129.608 Constraint violation = 4.12743e-11
[2025-11-13 23:29:46.983] [cout] [info] time = 2.265 Performance = 128.719 Constraint violation = 2.92339e-12
[2025-11-13 23:29:47.465] [cout] [info] time = 2.27 Performance = 128.113 Constraint violation = 1.26127e-11
[2025-11-13 23:29:47.953] [cout] [info] time = 2.275 Performance = 127.793 Constraint violation = 2.81045e-11
[2025-11-13 23:29:48.435] [cout] [info] time = 2.28 Performance = 127.768 Constraint violation = 3.18379e-11
[2025-11-13 23:29:48.921] [cout] [info] time = 2.285 Performance = 128.052 Constraint violation = 5.35375e-12
[2025-11-13 23:29:49.415] [cout] [info] time = 2.29 Performance = 128.658 Constraint violation = 1.33463e-11
[2025-11-13 23:29:49.908] [cout] [info] time = 2.295 Performance = 129.596 Constraint violation = 1.88893e-12
[2025-11-13 23:29:50.394] [cout] [info] time = 2.3 Performance = 130.871 Constraint violation = 1.69614e-11
[2025-11-13 23:29:50.876] [cout] [info] time = 2.30500 Performance = 132.486 Constraint violation = 1.26638e-11
[2025-11-13 23:29:51.370] [cout] [info] time = 2.31 Performance = 134.432 Constraint violation = 3.10604e-12
[2025-11-13 23:29:51.855] [cout] [info] time = 2.315 Performance = 136.69 Constraint violation = 8.09069e-12
[2025-11-13 23:29:52.350] [cout] [info] time = 2.32 Performance = 139.232 Constraint violation = 7.10811e-11
[2025-11-13 23:29:52.836] [cout] [info] time = 2.325 Performance = 142.016 Constraint violation = 3.49294e-12
[2025-11-13 23:29:53.325] [cout] [info] time = 2.33 Performance = 144.987 Constraint violation = 9.40137e-12
[2025-11-13 23:29:53.805] [cout] [info] time = 2.335 Performance = 148.082 Constraint violation = 1.70147e-11
[2025-11-13 23:29:54.286] [cout] [info] time = 2.34 Performance = 151.23 Constraint violation = 4.10907e-12
[2025-11-13 23:29:54.777] [cout] [info] time = 2.345 Performance = 154.355 Constraint violation = 1.03775e-11
[2025-11-13 23:29:55.275] [cout] [info] time = 2.35 Performance = 157.374 Constraint violation = 1.50242e-12
[2025-11-13 23:29:55.756] [cout] [info] time = 2.355 Performance = 160.2 Constraint violation = 4.24499e-12
[2025-11-13 23:29:56.245] [cout] [info] time = 2.36 Performance = 162.749 Constraint violation = 1.31315e-11
[2025-11-13 23:29:56.730] [cout] [info] time = 2.365 Performance = 164.931 Constraint violation = 2.90074e-11
[2025-11-13 23:29:57.212] [cout] [info] time = 2.37 Performance = 166.668 Constraint violation = 3.95283e-11
[2025-11-13 23:29:57.686] [cout] [info] time = 2.375 Performance = 167.889 Constraint violation = 1.35325e-11
[2025-11-13 23:29:58.163] [cout] [info] time = 2.38 Performance = 168.545 Constraint violation = 1.73504e-12
[2025-11-13 23:29:58.646] [cout] [info] time = 2.385 Performance = 168.615 Constraint violation = 4.3844e-12
[2025-11-13 23:29:59.202] [cout] [info] time = 2.39 Performance = 168.1 Constraint violation = 4.73581e-12
[2025-11-13 23:29:59.725] [cout] [info] time = 2.395 Performance = 167.034 Constraint violation = 6.65839e-12
[2025-11-13 23:30:00.232] [cout] [info] time = 2.4 Performance = 165.473 Constraint violation = 3.47168e-12
[2025-11-13 23:30:00.733] [cout] [info] time = 2.40500 Performance = 163.497 Constraint violation = 3.16726e-11
[2025-11-13 23:30:01.234] [cout] [info] time = 2.41 Performance = 161.209 Constraint violation = 1.8243e-11
[2025-11-13 23:30:01.706] [cout] [info] time = 2.415 Performance = 158.722 Constraint violation = 4.14882e-12
[2025-11-13 23:30:02.188] [cout] [info] time = 2.42 Performance = 156.155 Constraint violation = 6.54463e-12
[2025-11-13 23:30:02.676] [cout] [info] time = 2.425 Performance = 153.615 Constraint violation = 3.30117e-11
[2025-11-13 23:30:03.154] [cout] [info] time = 2.43 Performance = 151.192 Constraint violation = 1.98716e-11
[2025-11-13 23:30:03.638] [cout] [info] time = 2.435 Performance = 148.956 Constraint violation = 5.83572e-12
[2025-11-13 23:30:04.122] [cout] [info] time = 2.44 Performance = 146.965 Constraint violation = 1.73029e-11
[2025-11-13 23:30:04.615] [cout] [info] time = 2.445 Performance = 145.259 Constraint violation = 1.78733e-11
[2025-11-13 23:30:05.100] [cout] [info] time = 2.45 Performance = 143.879 Constraint violation = 3.99995e-12
[2025-11-13 23:30:05.598] [cout] [info] time = 2.455 Performance = 142.839 Constraint violation = 3.34013e-12
[2025-11-13 23:30:06.085] [cout] [info] time = 2.46 Performance = 142.151 Constraint violation = 1.66544e-11
[2025-11-13 23:30:06.572] [cout] [info] time = 2.465 Performance = 141.815 Constraint violation = 8.2995e-13
[2025-11-13 23:30:07.051] [cout] [info] time = 2.47 Performance = 141.838 Constraint violation = 1.6389e-12
[2025-11-13 23:30:07.542] [cout] [info] time = 2.475 Performance = 142.237 Constraint violation = 2.30200e-12
[2025-11-13 23:30:08.033] [cout] [info] time = 2.48 Performance = 143.034 Constraint violation = 1.40318e-11
[2025-11-13 23:30:08.522] [cout] [info] time = 2.485 Performance = 144.253 Constraint violation = 1.40035e-11
[2025-11-13 23:30:09.141] [cout] [info] time = 2.49 Performance = 145.918 Constraint violation = 2.45279e-11
[2025-11-13 23:30:09.749] [cout] [info] time = 2.495 Performance = 148.048 Constraint violation = 3.50395e-11
[2025-11-13 23:30:10.260] [cout] [info] time = 2.5 Performance = 150.654 Constraint violation = 3.6767e-12
[2025-11-13 23:30:10.816] [cout] [info] time = 2.50500 Performance = 153.73 Constraint violation = 3.66768e-11
[2025-11-13 23:30:11.415] [cout] [info] time = 2.51 Performance = 157.255 Constraint violation = 2.86607e-11
[2025-11-13 23:30:11.910] [cout] [info] time = 2.515 Performance = 161.185 Constraint violation = 9.58843e-12
[2025-11-13 23:30:12.414] [cout] [info] time = 2.52 Performance = 165.454 Constraint violation = 1.63487e-11
[2025-11-13 23:30:12.944] [cout] [info] time = 2.525 Performance = 169.987 Constraint violation = 7.43698e-12
[2025-11-13 23:30:13.453] [cout] [info] time = 2.53 Performance = 174.695 Constraint violation = 6.07224e-11
[2025-11-13 23:30:13.961] [cout] [info] time = 2.535 Performance = 179.486 Constraint violation = 1.53774e-11
[2025-11-13 23:30:14.462] [cout] [info] time = 2.54 Performance = 184.266 Constraint violation = 1.32694e-11
[2025-11-13 23:30:14.959] [cout] [info] time = 2.545 Performance = 188.945 Constraint violation = 1.53245e-11
[2025-11-13 23:30:15.446] [cout] [info] time = 2.55 Performance = 193.443 Constraint violation = 1.26736e-12
[2025-11-13 23:30:15.939] [cout] [info] time = 2.555 Performance = 197.704 Constraint violation = 7.57322e-11
[2025-11-13 23:30:16.449] [cout] [info] time = 2.56 Performance = 201.704 Constraint violation = 5.10951e-11
[2025-11-13 23:30:16.953] [cout] [info] time = 2.565 Performance = 205.457 Constraint violation = 2.96095e-11
[2025-11-13 23:30:17.446] [cout] [info] time = 2.57 Performance = 209.002 Constraint violation = 1.94599e-11
[2025-11-13 23:30:17.971] [cout] [info] time = 2.575 Performance = 212.395 Constraint violation = 6.69311e-11
[2025-11-13 23:30:18.466] [cout] [info] time = 2.58 Performance = 215.718 Constraint violation = 1.00920e-10
[2025-11-13 23:30:18.979] [cout] [info] time = 2.585 Performance = 219.08 Constraint violation = 6.50574e-10
[2025-11-13 23:30:19.504] [cout] [info] time = 2.59 Performance = 222.606 Constraint violation = 1.93175e-11
[2025-11-13 23:30:20.012] [cout] [info] time = 2.595 Performance = 226.42 Constraint violation = 1.95642e-10
[2025-11-13 23:30:20.492] [cout] [info] time = 2.6 Performance = 230.631 Constraint violation = 4.76291e-11
[2025-11-13 23:30:20.986] [cout] [info] time = 2.60500 Performance = 235.331 Constraint violation = 1.94768e-10
[2025-11-13 23:30:21.496] [cout] [info] time = 2.61 Performance = 240.596 Constraint violation = 3.92326e-11
[2025-11-13 23:30:22.003] [cout] [info] time = 2.615 Performance = 246.483 Constraint violation = 7.10895e-11
[2025-11-13 23:30:22.588] [cout] [info] time = 2.62 Performance = 253.024 Constraint violation = 5.5917e-12
[2025-11-13 23:30:23.166] [cout] [info] time = 2.625 Performance = 260.228 Constraint violation = 7.7735e-11
[2025-11-13 23:30:23.683] [cout] [info] time = 2.63 Performance = 268.078 Constraint violation = 2.13573e-10
[2025-11-13 23:30:24.250] [cout] [info] time = 2.635 Performance = 276.54 Constraint violation = 2.28334e-11
[2025-11-13 23:30:24.764] [cout] [info] time = 2.64 Performance = 285.548 Constraint violation = 1.84762e-11
[2025-11-13 23:30:25.269] [cout] [info] time = 2.645 Performance = 295.018 Constraint violation = 1.92308e-11
[2025-11-13 23:30:25.760] [cout] [info] time = 2.65 Performance = 304.831 Constraint violation = 1.02301e-11
[2025-11-13 23:30:26.260] [cout] [info] time = 2.655 Performance = 314.849 Constraint violation = 9.31425e-11
[2025-11-13 23:30:26.762] [cout] [info] time = 2.66 Performance = 324.921 Constraint violation = 1.71851e-11
[2025-11-13 23:30:27.258] [cout] [info] time = 2.665 Performance = 334.888 Constraint violation = 7.23169e-11
[2025-11-13 23:30:27.753] [cout] [info] time = 2.67 Performance = 344.574 Constraint violation = 1.09156e-10
[2025-11-13 23:30:28.267] [cout] [info] time = 2.675 Performance = 353.791 Constraint violation = 5.21877e-11
[2025-11-13 23:30:28.758] [cout] [info] time = 2.68 Performance = 362.371 Constraint violation = 5.63395e-11
[2025-11-13 23:30:29.281] [cout] [info] time = 2.685 Performance = 370.184 Constraint violation = 1.67985e-10
[2025-11-13 23:30:29.777] [cout] [info] time = 2.69 Performance = 377.168 Constraint violation = 1.37037e-10
[2025-11-13 23:30:30.282] [cout] [info] time = 2.695 Performance = 383.31 Constraint violation = 1.04323e-11
[2025-11-13 23:30:30.779] [cout] [info] time = 2.7 Performance = 388.621 Constraint violation = 9.37441e-11
[2025-11-13 23:30:31.267] [cout] [info] time = 2.70500 Performance = 393.13 Constraint violation = 1.80570e-12
[2025-11-13 23:30:31.755] [cout] [info] time = 2.71 Performance = 396.862 Constraint violation = 3.42357e-11
[2025-11-13 23:30:32.253] [cout] [info] time = 2.715 Performance = 399.813 Constraint violation = 8.99725e-11
[2025-11-13 23:30:32.745] [cout] [info] time = 2.72 Performance = 402.005 Constraint violation = 4.57149e-10
[2025-11-13 23:30:33.231] [cout] [info] time = 2.725 Performance = 403.471 Constraint violation = 2.25553e-10
[2025-11-13 23:30:33.716] [cout] [info] time = 2.73 Performance = 404.257 Constraint violation = 1.55096e-10
[2025-11-13 23:30:34.199] [cout] [info] time = 2.735 Performance = 404.421 Constraint violation = 2.12151e-11
[2025-11-13 23:30:34.676] [cout] [info] time = 2.74 Performance = 404.019 Constraint violation = 8.60194e-11
[2025-11-13 23:30:35.177] [cout] [info] time = 2.745 Performance = 403.124 Constraint violation = 5.23292e-11
[2025-11-13 23:30:35.669] [cout] [info] time = 2.75 Performance = 401.774 Constraint violation = 5.33984e-11
[2025-11-13 23:30:36.168] [cout] [info] time = 2.755 Performance = 399.984 Constraint violation = 2.82503e-10
[2025-11-13 23:30:36.656] [cout] [info] time = 2.76 Performance = 397.757 Constraint violation = 5.92827e-10
[2025-11-13 23:30:37.134] [cout] [info] time = 2.765 Performance = 395.068 Constraint violation = 1.73909e-10
[2025-11-13 23:30:37.616] [cout] [info] time = 2.77 Performance = 391.871 Constraint violation = 7.42133e-11
[2025-11-13 23:30:38.102] [cout] [info] time = 2.775 Performance = 388.106 Constraint violation = 2.65457e-10
[2025-11-13 23:30:38.581] [cout] [info] time = 2.78 Performance = 383.696 Constraint violation = 8.10224e-11
[2025-11-13 23:30:39.044] [cout] [info] time = 2.785 Performance = 378.546 Constraint violation = 1.71329e-10
[2025-11-13 23:30:39.506] [cout] [info] time = 2.79 Performance = 372.54 Constraint violation = 3.12331e-11
[2025-11-13 23:30:39.999] [cout] [info] time = 2.795 Performance = 365.55 Constraint violation = 8.20183e-11
[2025-11-13 23:30:40.472] [cout] [info] time = 2.8 Performance = 357.466 Constraint violation = 2.08163e-10
[2025-11-13 23:30:40.942] [cout] [info] time = 2.80500 Performance = 348.208 Constraint violation = 2.47433e-10
[2025-11-13 23:30:41.415] [cout] [info] time = 2.81 Performance = 337.749 Constraint violation = 4.36612e-11
[2025-11-13 23:30:41.894] [cout] [info] time = 2.815 Performance = 326.122 Constraint violation = 1.73261e-11
[2025-11-13 23:30:42.371] [cout] [info] time = 2.82 Performance = 313.427 Constraint violation = 1.48657e-11
[2025-11-13 23:30:42.830] [cout] [info] time = 2.825 Performance = 299.826 Constraint violation = 1.34538e-11
[2025-11-13 23:30:43.296] [cout] [info] time = 2.83 Performance = 285.516 Constraint violation = 2.08474e-10
[2025-11-13 23:30:43.768] [cout] [info] time = 2.835 Performance = 270.703 Constraint violation = 7.60829e-12
[2025-11-13 23:30:44.241] [cout] [info] time = 2.84 Performance = 255.581 Constraint violation = 1.36279e-11
[2025-11-13 23:30:44.705] [cout] [info] time = 2.845 Performance = 240.327 Constraint violation = 9.19416e-12
[2025-11-13 23:30:45.180] [cout] [info] time = 2.85 Performance = 225.104 Constraint violation = 4.97209e-11
[2025-11-13 23:30:45.644] [cout] [info] time = 2.855 Performance = 210.075 Constraint violation = 4.75752e-12
[2025-11-13 23:30:46.103] [cout] [info] time = 2.86 Performance = 195.402 Constraint violation = 9.16655e-12
[2025-11-13 23:30:46.571] [cout] [info] time = 2.865 Performance = 181.236 Constraint violation = 1.94306e-11
[2025-11-13 23:30:47.036] [cout] [info] time = 2.87 Performance = 167.711 Constraint violation = 1.04402e-11
[2025-11-13 23:30:47.495] [cout] [info] time = 2.875 Performance = 154.935 Constraint violation = 2.01572e-12
[2025-11-13 23:30:47.968] [cout] [info] time = 2.88 Performance = 142.984 Constraint violation = 9.96514e-12
[2025-11-13 23:30:48.438] [cout] [info] time = 2.885 Performance = 131.902 Constraint violation = 2.12703e-11
[2025-11-13 23:30:48.902] [cout] [info] time = 2.89 Performance = 121.691 Constraint violation = 1.2362e-12
[2025-11-13 23:30:49.377] [cout] [info] time = 2.895 Performance = 112.324 Constraint violation = 3.47727e-12
[2025-11-13 23:30:49.841] [cout] [info] time = 2.9 Performance = 103.758 Constraint violation = 1.04084e-12
[2025-11-13 23:30:50.309] [cout] [info] time = 2.90500 Performance = 95.9571 Constraint violation = 9.98384e-13
[2025-11-13 23:30:50.777] [cout] [info] time = 2.91 Performance = 88.8914 Constraint violation = 4.54599e-12
[2025-11-13 23:30:51.236] [cout] [info] time = 2.915 Performance = 82.5223 Constraint violation = 9.32683e-12
[2025-11-13 23:30:51.694] [cout] [info] time = 2.92 Performance = 76.7939 Constraint violation = 6.30716e-12
[2025-11-13 23:30:52.165] [cout] [info] time = 2.925 Performance = 71.6418 Constraint violation = 8.0491e-12
[2025-11-13 23:30:52.635] [cout] [info] time = 2.93 Performance = 67.0141 Constraint violation = 1.78018e-11
[2025-11-13 23:30:53.095] [cout] [info] time = 2.935 Performance = 62.8776 Constraint violation = 2.53252e-12
[2025-11-13 23:30:53.564] [cout] [info] time = 2.94 Performance = 59.1982 Constraint violation = 4.96487e-11
[2025-11-13 23:30:54.028] [cout] [info] time = 2.945 Performance = 55.9264 Constraint violation = 1.26158e-12
[2025-11-13 23:30:54.561] [cout] [info] time = 2.95 Performance = 53.0019 Constraint violation = 8.78568e-12
[2025-11-13 23:30:55.127] [cout] [info] time = 2.955 Performance = 50.3705 Constraint violation = 4.99332e-12
[2025-11-13 23:30:55.630] [cout] [info] time = 2.96 Performance = 48.0061 Constraint violation = 1.46196e-12
[2025-11-13 23:30:56.126] [cout] [info] time = 2.965 Performance = 45.8816 Constraint violation = 1.47113e-12
[2025-11-13 23:30:56.580] [cout] [info] time = 2.97 Performance = 43.9566 Constraint violation = 1.30672e-12
[2025-11-13 23:30:57.034] [cout] [info] time = 2.975 Performance = 42.1763 Constraint violation = 8.73659e-13
[2025-11-13 23:30:57.497] [cout] [info] time = 2.98 Performance = 40.4797 Constraint violation = 1.78808e-11
[2025-11-13 23:30:57.953] [cout] [info] time = 2.985 Performance = 38.8531 Constraint violation = 1.80049e-11
[2025-11-13 23:30:58.411] [cout] [info] time = 2.99 Performance = 37.2876 Constraint violation = 1.67565e-12
[2025-11-13 23:30:58.893] [cout] [info] time = 2.995 Performance = 35.789 Constraint violation = 9.22567e-13
[2025-11-13 23:30:59.342] [cout] [info] time = 3.0 Performance = 34.3686 Constraint violation = 1.62305e-12
[2025-11-13 23:30:59.809] [cout] [info] time = 3.00500 Performance = 33.0384 Constraint violation = 8.79911e-13
[2025-11-13 23:31:00.286] [cout] [info] time = 3.01 Performance = 31.8135 Constraint violation = 9.27315e-13
[2025-11-13 23:31:00.759] [cout] [info] time = 3.015 Performance = 30.7191 Constraint violation = 1.2446e-12
[2025-11-13 23:31:01.217] [cout] [info] time = 3.02 Performance = 29.7888 Constraint violation = 8.65636e-12
[2025-11-13 23:31:01.681] [cout] [info] time = 3.025 Performance = 29.054 Constraint violation = 5.34806e-12
[2025-11-13 23:31:02.176] [cout] [info] time = 3.03 Performance = 28.5314 Constraint violation = 7.3455e-11
[2025-11-13 23:31:02.661] [cout] [info] time = 3.035 Performance = 28.216 Constraint violation = 2.71056e-11
[2025-11-13 23:31:03.156] [cout] [info] time = 3.04 Performance = 28.0824 Constraint violation = 2.51963e-12
[2025-11-13 23:31:03.622] [cout] [info] time = 3.045 Performance = 28.0951 Constraint violation = 2.29308e-12
[2025-11-13 23:31:04.097] [cout] [info] time = 3.05 Performance = 28.2187 Constraint violation = 1.82899e-10
[2025-11-13 23:31:04.560] [cout] [info] time = 3.055 Performance = 28.4229 Constraint violation = 2.26133e-11
[2025-11-13 23:31:05.019] [cout] [info] time = 3.06 Performance = 28.6793 Constraint violation = 4.69158e-12
[2025-11-13 23:31:05.481] [cout] [info] time = 3.065 Performance = 28.9551 Constraint violation = 2.23152e-11
[2025-11-13 23:31:05.937] [cout] [info] time = 3.07 Performance = 29.2028 Constraint violation = 1.29481e-12
[2025-11-13 23:31:06.398] [cout] [info] time = 3.075 Performance = 29.3647 Constraint violation = 2.18434e-12
[2025-11-13 23:31:06.867] [cout] [info] time = 3.08 Performance = 29.3804 Constraint violation = 5.73328e-11
[2025-11-13 23:31:07.361] [cout] [info] time = 3.085 Performance = 29.1965 Constraint violation = 3.22375e-12
[2025-11-13 23:31:07.828] [cout] [info] time = 3.09 Performance = 28.769 Constraint violation = 2.17599e-12
[2025-11-13 23:31:08.289] [cout] [info] time = 3.095 Performance = 28.0687 Constraint violation = 9.77070e-13
[2025-11-13 23:31:08.753] [cout] [info] time = 3.1 Performance = 27.0812 Constraint violation = 1.05348e-12
[2025-11-13 23:31:09.212] [cout] [info] time = 3.10500 Performance = 25.8085 Constraint violation = 8.26166e-12
[2025-11-13 23:31:09.686] [cout] [info] time = 3.11 Performance = 24.2691 Constraint violation = 2.18434e-12
[2025-11-13 23:31:10.159] [cout] [info] time = 3.115 Performance = 22.4968 Constraint violation = 4.88279e-12
[2025-11-13 23:31:10.616] [cout] [info] time = 3.12 Performance = 20.5399 Constraint violation = 9.05518e-13
[2025-11-13 23:31:11.083] [cout] [info] time = 3.125 Performance = 18.4544 Constraint violation = 4.12572e-12
[2025-11-13 23:31:11.564] [cout] [info] time = 3.13 Performance = 16.3101 Constraint violation = 5.04562e-11
[2025-11-13 23:31:12.025] [cout] [info] time = 3.135 Performance = 14.1725 Constraint violation = 1.46809e-11
[2025-11-13 23:31:12.494] [cout] [info] time = 3.14 Performance = 12.1030 Constraint violation = 1.40491e-11
[2025-11-13 23:31:12.979] [cout] [info] time = 3.145 Performance = 10.1558 Constraint violation = 2.23754e-12
[2025-11-13 23:31:13.465] [cout] [info] time = 3.15 Performance = 8.37678 Constraint violation = 7.54177e-13
[2025-11-13 23:31:13.944] [cout] [info] time = 3.155 Performance = 6.80127 Constraint violation = 9.01152e-13
[2025-11-13 23:31:14.417] [cout] [info] time = 3.16 Performance = 5.45202 Constraint violation = 1.39726e-11
[2025-11-13 23:31:14.898] [cout] [info] time = 3.165 Performance = 4.34111 Constraint violation = 2.78413e-13
[2025-11-13 23:31:15.364] [cout] [info] time = 3.17 Performance = 3.46576 Constraint violation = 5.28142e-13
[2025-11-13 23:31:15.831] [cout] [info] time = 3.175 Performance = 2.81372 Constraint violation = 2.79597e-13
[2025-11-13 23:31:16.298] [cout] [info] time = 3.18 Performance = 2.36195 Constraint violation = 6.42050e-13
[2025-11-13 23:31:16.767] [cout] [info] time = 3.185 Performance = 2.07912 Constraint violation = 6.10995e-13
[2025-11-13 23:31:17.232] [cout] [info] time = 3.19 Performance = 1.92959 Constraint violation = 4.82557e-13
[2025-11-13 23:31:17.701] [cout] [info] time = 3.195 Performance = 1.8751 Constraint violation = 4.56302e-13
[2025-11-13 23:31:18.169] [cout] [info] time = 3.2 Performance = 1.87819 Constraint violation = 8.54544e-13
[2025-11-13 23:31:18.635] [cout] [info] time = 3.20500 Performance = 1.90529 Constraint violation = 9.69965e-13
[2025-11-13 23:31:19.092] [cout] [info] time = 3.21 Performance = 1.9293 Constraint violation = 5.13384e-13
[2025-11-13 23:31:19.559] [cout] [info] time = 3.215 Performance = 1.93124 Constraint violation = 3.33182e-13
[2025-11-13 23:31:20.038] [cout] [info] time = 3.22 Performance = 1.90055 Constraint violation = 6.8436e-13
[2025-11-13 23:31:20.519] [cout] [info] time = 3.225 Performance = 1.83374 Constraint violation = 6.53945e-13
[2025-11-13 23:31:20.994] [cout] [info] time = 3.23 Performance = 1.73487 Constraint violation = 6.24889e-13
[2025-11-13 23:31:21.476] [cout] [info] time = 3.235 Performance = 1.61272 Constraint violation = 6.34013e-13
[2025-11-13 23:31:21.938] [cout] [info] time = 3.24 Performance = 1.47898 Constraint violation = 8.62857e-13
[2025-11-13 23:31:22.400] [cout] [info] time = 3.245 Performance = 1.34517 Constraint violation = 2.83424e-13
[2025-11-13 23:31:22.874] [cout] [info] time = 3.25 Performance = 1.22016 Constraint violation = 7.61329e-13
[2025-11-13 23:31:23.345] [cout] [info] time = 3.255 Performance = 1.10835 Constraint violation = 7.951e-13
[2025-11-13 23:31:23.827] [cout] [info] time = 3.26 Performance = 1.01555 Constraint violation = 6.39968e-13
[2025-11-13 23:31:24.297] [cout] [info] time = 3.265 Performance = 0.941021 Constraint violation = 3.97488e-13
[2025-11-13 23:31:24.792] [cout] [info] time = 3.27 Performance = 0.884040 Constraint violation = 5.29822e-13
[2025-11-13 23:31:25.281] [cout] [info] time = 3.275 Performance = 0.843603 Constraint violation = 9.0215e-13
[2025-11-13 23:31:25.775] [cout] [info] time = 3.28 Performance = 0.818619 Constraint violation = 8.16819e-13
[2025-11-13 23:31:26.259] [cout] [info] time = 3.285 Performance = 0.808276 Constraint violation = 7.11748e-13
[2025-11-13 23:31:26.744] [cout] [info] time = 3.29 Performance = 0.812053 Constraint violation = 3.48128e-13
[2025-11-13 23:31:27.231] [cout] [info] time = 3.295 Performance = 0.829507 Constraint violation = 6.744e-13
[2025-11-13 23:31:27.725] [cout] [info] time = 3.3 Performance = 0.859794 Constraint violation = 1.05273e-12
[2025-11-13 23:31:28.220] [cout] [info] time = 3.30500 Performance = 0.901261 Constraint violation = 4.93741e-13
[2025-11-13 23:31:28.713] [cout] [info] time = 3.31 Performance = 0.952194 Constraint violation = 6.43826e-13
[2025-11-13 23:31:29.209] [cout] [info] time = 3.315 Performance = 1.01103 Constraint violation = 5.3747e-13
[2025-11-13 23:31:29.698] [cout] [info] time = 3.32 Performance = 1.07616 Constraint violation = 7.21071e-13
[2025-11-13 23:31:30.179] [cout] [info] time = 3.325 Performance = 1.147 Constraint violation = 7.3857e-13
[2025-11-13 23:31:30.678] [cout] [info] time = 3.33 Performance = 1.22277 Constraint violation = 3.53617e-13
[2025-11-13 23:31:31.172] [cout] [info] time = 3.335 Performance = 1.30482 Constraint violation = 3.67996e-13
[2025-11-13 23:31:31.668] [cout] [info] time = 3.34 Performance = 1.39454 Constraint violation = 1.18698e-12
[2025-11-13 23:31:32.148] [cout] [info] time = 3.345 Performance = 1.49629 Constraint violation = 1.05555e-12
[2025-11-13 23:31:32.641] [cout] [info] time = 3.35 Performance = 1.61481 Constraint violation = 7.4648e-13
[2025-11-13 23:31:33.119] [cout] [info] time = 3.355 Performance = 1.7549 Constraint violation = 9.35552e-13
[2025-11-13 23:31:33.608] [cout] [info] time = 3.36 Performance = 1.92134 Constraint violation = 7.95499e-13
[2025-11-13 23:31:34.091] [cout] [info] time = 3.365 Performance = 2.11861 Constraint violation = 4.656e-13
[2025-11-13 23:31:34.571] [cout] [info] time = 3.37 Performance = 2.35039 Constraint violation = 1.53522e-12
[2025-11-13 23:31:35.161] [cout] [info] time = 3.375 Performance = 2.62116 Constraint violation = 5.14567e-13
[2025-11-13 23:31:35.690] [cout] [info] time = 3.38 Performance = 2.92776 Constraint violation = 3.81737e-13
[2025-11-13 23:31:36.192] [cout] [info] time = 3.385 Performance = 3.27504 Constraint violation = 8.49524e-13
[2025-11-13 23:31:36.681] [cout] [info] time = 3.39 Performance = 3.65964 Constraint violation = 1.86050e-12
[2025-11-13 23:31:37.175] [cout] [info] time = 3.395 Performance = 4.07909 Constraint violation = 1.94788e-12
[2025-11-13 23:31:37.672] [cout] [info] time = 3.4 Performance = 4.53091 Constraint violation = 1.12531e-12
[2025-11-13 23:31:38.171] [cout] [info] time = 3.40500 Performance = 5.0132 Constraint violation = 2.09519e-12
[2025-11-13 23:31:38.662] [cout] [info] time = 3.41 Performance = 5.52453 Constraint violation = 3.41847e-13
[2025-11-13 23:31:39.154] [cout] [info] time = 3.415 Performance = 6.06361 Constraint violation = 7.41994e-13
[2025-11-13 23:31:39.637] [cout] [info] time = 3.42 Performance = 6.62643 Constraint violation = 8.31346e-13
[2025-11-13 23:31:40.139] [cout] [info] time = 3.425 Performance = 7.21086 Constraint violation = 8.87678e-13
[2025-11-13 23:31:40.647] [cout] [info] time = 3.43 Performance = 7.81404 Constraint violation = 5.23949e-13
[2025-11-13 23:31:41.138] [cout] [info] time = 3.435 Performance = 8.43283 Constraint violation = 7.59155e-13
[2025-11-13 23:31:41.632] [cout] [info] time = 3.44 Performance = 9.06285 Constraint violation = 1.83626e-12
[2025-11-13 23:31:42.118] [cout] [info] time = 3.445 Performance = 9.69802 Constraint violation = 5.61202e-13
[2025-11-13 23:31:42.626] [cout] [info] time = 3.45 Performance = 10.3304 Constraint violation = 3.43948e-12
[2025-11-13 23:31:43.121] [cout] [info] time = 3.455 Performance = 10.9504 Constraint violation = 1.07135e-12
[2025-11-13 23:31:43.616] [cout] [info] time = 3.46 Performance = 11.5474 Constraint violation = 9.85287e-13
[2025-11-13 23:31:44.122] [cout] [info] time = 3.465 Performance = 12.1093 Constraint violation = 1.73057e-12
[2025-11-13 23:31:44.628] [cout] [info] time = 3.47 Performance = 12.6233 Constraint violation = 7.97238e-13
[2025-11-13 23:31:45.139] [cout] [info] time = 3.475 Performance = 13.0766 Constraint violation = 6.13153e-12
[2025-11-13 23:31:45.649] [cout] [info] time = 3.48 Performance = 13.4569 Constraint violation = 4.60780e-12
[2025-11-13 23:31:46.137] [cout] [info] time = 3.485 Performance = 13.7536 Constraint violation = 1.05514e-12
[2025-11-13 23:31:46.622] [cout] [info] time = 3.49 Performance = 13.9592 Constraint violation = 1.50331e-12
[2025-11-13 23:31:47.102] [cout] [info] time = 3.495 Performance = 14.0693 Constraint violation = 1.12564e-12
[2025-11-13 23:31:47.603] [cout] [info] time = 3.5 Performance = 14.0839 Constraint violation = 2.4531e-12
[2025-11-13 23:31:48.101] [cout] [info] time = 3.50500 Performance = 14.0065 Constraint violation = 1.24168e-11
[2025-11-13 23:31:48.611] [cout] [info] time = 3.51 Performance = 13.8462 Constraint violation = 3.96285e-12
[2025-11-13 23:31:49.098] [cout] [info] time = 3.515 Performance = 13.6168 Constraint violation = 7.62498e-12
[2025-11-13 23:31:49.596] [cout] [info] time = 3.52 Performance = 13.3362 Constraint violation = 7.29623e-13
[2025-11-13 23:31:50.097] [cout] [info] time = 3.525 Performance = 13.0258 Constraint violation = 1.48505e-12
[2025-11-13 23:31:50.598] [cout] [info] time = 3.53 Performance = 12.7074 Constraint violation = 2.14153e-12
[2025-11-13 23:31:51.097] [cout] [info] time = 3.535 Performance = 12.4019 Constraint violation = 1.82305e-12
[2025-11-13 23:31:51.100] [info] Printing results of investigation SO to .
[2025-11-14 00:12:35.077] [info] Loaded model Athlete_03 from file ..\..\..\..\models\Athlete_03\25_03_31\scaled.osim
[2025-11-14 00:12:35.146] [info] Storage: read data file = joint_angles.mot (nr=708 nc=40)
[2025-11-14 00:12:35.172] [info] Storage: read data file = joint_angles.mot (nr=708 nc=40)
[2025-11-14 00:12:35.229] [info] Loaded model Athlete_03 from file ..\..\..\..\models\Athlete_03\25_03_31\scaled.osim
[2025-11-14 00:12:35.327] [info] AbstractTool Analyse loading model ..\..\..\..\models\Athlete_03\25_03_31\scaled.osim
[2025-11-14 00:12:35.376] [info] Loaded model Athlete_03 from file ..\..\..\..\models\Athlete_03\25_03_31\scaled.osim
[2025-11-14 00:12:35.534] [info] Storage: read data file = grf.mot (nr=7080 nc=46)
[2025-11-14 00:12:35.652] [info] ExternalForce::grf_r_4 Data source being set to grf
[2025-11-14 00:12:35.652] [info] ExternalForce::grf_l_5 Data source being set to grf
[2025-11-14 00:12:35.695] [info] Loading coordinates from file 'joint_angles.mot'.
[2025-11-14 00:12:35.695] [info] Storage: read data file = joint_angles.mot (nr=708 nc=40)
[2025-11-14 00:12:35.717] [info] Low-pass filtering coordinates data with a cutoff frequency of 6.0...
[2025-11-14 00:12:36.955] [info] AssemblySolver::track() attempt Failed: SimTK Exception thrown at Assembler.cpp:973:
  Method Assembler::track() failed because:
Unable to achieve required assembly error tolerance.
Assembly error tolerance achieved: 9.9464748326833264e-09 required: 1e-10.
[2025-11-14 00:12:36.965] [error] Model unable to assemble: AssemblySolver::assemble() Failed: SimTK Exception thrown at Assembler.cpp:897:
  Method Assembler::assemble() failed because:
Unable to achieve required assembly error tolerance.
Assembly error tolerance achieved: 9.94647483269786e-09 required: 1e-10..Model relaxing constraints and trying again.
[2025-11-14 00:12:37.856] [info] Found 1416 state vectors with time stamps ranging from -1.77 to 5.30500.
[2025-11-14 00:12:37.856] [info] Executing the analyses from -3.52163e-13 to 3.535...
[2025-11-14 00:12:37.858] [info] Loading actuator forces from file SO_StaticOptimization_force.sto.
[2025-11-14 00:12:37.874] [info] Storage: read data file = SO_StaticOptimization_force.sto (nr=708 nc=132)
[2025-11-14 00:12:37.915] [info] Found 131 actuator forces with time stamps ranging from -0.0to 3.535.
[2025-11-14 00:12:37.916] [warning] The forces file contains actuators that are not in the model's actuator set.
[2025-11-14 00:12:37.917] [warning] Ignoring fiber lengths and activations from the states since forces_file is also set. Actuator forces will be constructed from SO_StaticOptimization_force.sto.
[2025-11-14 00:12:40.646] [info] Printing results of investigation Analyse to .
[2025-11-14 00:27:49.732] [info] Loaded model Athlete_03 from file ..\..\..\..\models\Athlete_03\25_03_31\scaled.osim
[2025-11-14 01:09:06.052] [info] Loaded model Athlete_03 from file ..\..\..\..\models\Athlete_03\25_03_31\scaled.osim
