time,addbrev_r,addlong_r,addmagDist_r,addmagIsch_r,addmagMid_r,addmagProx_r,bflh_r,bfsh_r,edl_r,ehl_r,fdl_r,fhl_r,gaslat_r,gasmed_r,glmax1_r,glmax2_r,glmax3_r,glmed1_r,glmed2_r,glmed3_r,glmin1_r,glmin2_r,glmin3_r,grac_r,iliacus_r,perbrev_r,perlong_r,piri_r,psoas_r,recfem_r,sart_r,semimem_r,semiten_r,soleus_r,tfl_r,tibant_r,tibpost_r,vasint_r,vaslat_r,vasmed_r,addbrev_l,addlong_l,addmagDist_l,addmagIsch_l,addmagMid_l,addmagProx_l,bflh_l,bfsh_l,edl_l,ehl_l,fdl_l,fhl_l,gaslat_l,gasmed_l,glmax1_l,glmax2_l,glmax3_l,glmed1_l,glmed2_l,glmed3_l,glmin1_l,glmin2_l,glmin3_l,grac_l,iliacus_l,perbrev_l,perlong_l,piri_l,psoas_l,recfem_l,sart_l,semimem_l,semiten_l,soleus_l,tfl_l,tibant_l,tibpost_l,vasint_l,vaslat_l,vasmed_l,quad_fem_r,obt_internus1_r,obt_internus2_r,obt_internus3_r,obt_externus1_r,obt_externus2_r,obt_externus3_r,gemelli_sup_r,gemelli_inf_r,pect_r,quad_fem_l,obt_internus1_l,obt_internus2_l,obt_internus3_l,obt_externus1_l,obt_externus2_l,obt_externus3_l,gemelli_sup_l,gemelli_inf_l,pect_l,
-0,0.00263242,0,0.00112493,0,0.00205815,0.00973464,-6.35043e-08,0.00342265,6.93215e-08,0,0,0,0.00359636,0.000511153,0.00423436,0.00398397,0.00271414,0,0,0,0.00122075,0,0,8.60883e-05,0.00286715,0.019614,0.00460037,0,0.0103537,0,0.00646424,6.94736e-05,7.41112e-08,0,0.00236303,0,0,0,0,0.00319204,0.0058749,0.00158278,1.07816e-07,4.87876e-05,0.00145744,0.0149813,0,0.00318148,0,0,0,0,0.000101376,0.000297655,0.00380727,0.00363065,0.00235652,0,0,0,0,0,8.519e-08,0.000781798,0.00437363,0.0214452,0.0375508,0,0.0161457,0,0.0150892,0.000178552,0,0,0,0,0,0,0,0.000100515,0,-9.48635e-08,0,0,0.0193626,0,0.0360292,0,0,0.00343764,0,0,0,0,0.019382,0,0.0222462,0,0,0.00688316,
0.005,0.00197194,-0.000103141,0.00072554,-0.000145573,0.00143751,0.00799066,-2.77514e-05,0.00356456,8.24926e-06,4.93671e-05,2.87094e-05,1.80794e-05,0.00332774,0.000438037,0.00458925,0.00403742,0.00230016,7.98544e-05,6.15695e-05,6.55513e-05,0.00166413,0.000415362,0.000242836,5.32524e-05,0.00280366,0.0188703,0.00424381,8.98509e-05,0.00925559,-1.83918e-06,0.00745403,1.32169e-05,-4.02424e-05,-5.70719e-05,0.00265197,9.67918e-05,3.52393e-05,-0.000114715,-8.25084e-05,0.00309808,0.00647903,0.0016876,0.000222208,0.000110562,0.00207835,0.0135629,2.36706e-05,0.00344936,-1.14733e-05,-1.57119e-05,7.30262e-07,3.29023e-06,7.53339e-05,0.000274781,0.0038833,0.00366346,0.00275019,-0.000164844,-0.000109384,-0.000125976,-0.0006189,-0.00037606,-0.000216127,0.000906535,0.00387006,0.0206997,0.0372238,-5.73484e-05,0.0139814,-3.64863e-06,0.0146125,0.000146807,1.28702e-05,1.86703e-05,-4.26006e-05,-2.32101e-05,1.73838e-06,4.01205e-05,3.3104e-05,0.000125077,0,8.41439e-05,9.88148e-05,6.31124e-05,0.0165586,0,0.03522,0,0,0.00248597,0.00131315,1.29765e-05,2.6184e-05,-7.6339e-06,0.0178739,0,0.0214786,3.08602e-05,0.000369466,0.00902626,
0.01,0.00180157,-0.000113823,0.000561635,-0.000171301,0.00120978,0.00693891,-2.78149e-05,0.00357125,8.17994e-06,5.02249e-05,2.86378e-05,1.79294e-05,0.00317772,0.000368804,0.00477867,0.00397517,0.00224982,8.58664e-05,6.4762e-05,6.99016e-05,0.00176056,0.000624468,0.000326572,2.12633e-05,0.00258804,0.01865,0.00398488,9.70665e-05,0.00787561,-1.70781e-06,0.00760875,-4.17971e-05,-4.05388e-05,-5.84846e-05,0.0028557,0.000105414,3.55243e-05,-0.000128325,-8.7623e-05,0.00300503,0.00624363,0.00166581,0.000291965,0.000168475,0.00227448,0.0118355,2.39027e-05,0.00358159,-1.14029e-05,-1.57119e-05,6.57235e-07,3.21371e-06,4.93911e-05,0.000251808,0.00381831,0.00359685,0.00284455,-0.000200058,-0.000121215,-0.000143025,-0.000974035,-0.000554051,-0.000280957,0.000972751,0.00348811,0.0195347,0.0367137,-5.88071e-05,0.0117337,-3.77445e-06,0.0144838,0.000115801,1.29352e-05,1.84778e-05,-4.31164e-05,-2.32101e-05,1.64181e-06,4.06612e-05,3.31884e-05,0.000148169,0,9.00255e-05,0.000107996,6.59957e-05,0.0135497,0,0.0341578,0,0,0.00222432,0.00211392,1.33924e-05,2.63477e-05,-6.75307e-06,0.015268,0,0.0191415,3.57147e-05,0.000541604,0.00936997,
0.015,0.00178567,-0.000115297,0.000530143,-0.000179625,0.00120727,0.00681193,-2.83864e-05,0.00355261,7.90265e-06,6.72266e-05,3.55108e-05,2.063e-05,0.00311158,0.00030352,0.00479687,0.00385652,0.00225556,0.000130426,6.49901e-05,7.1879e-05,0.00177716,0.000813536,0.000464365,-1.35483e-05,0.00241941,0.0186471,0.00387566,0.000133488,0.00707949,-3.02151e-06,0.00763461,-1.81874e-05,-3.85378e-05,-5.69777e-05,0.00297133,0.000148318,4.66375e-05,-0.000132084,-8.8202e-05,0.00291538,0.00583499,0.00162239,0.000359135,0.000221299,0.00237161,0.011491,2.35546e-05,0.00359759,-1.11214e-05,-1.51421e-05,7.30262e-07,3.29023e-06,2.33485e-05,0.000228836,0.00371029,0.00351208,0.00283795,-0.000214604,-0.000121014,-0.000144746,-0.00120764,-0.000675153,-0.00031861,0.000996732,0.00332406,0.0188719,0.0364213,-5.6811e-05,0.0109147,-3.77445e-06,0.0144223,8.52158e-05,1.29352e-05,1.80928e-05,-4.19817e-05,-2.25799e-05,1.73838e-06,4.00123e-05,3.26817e-05,0.000169449,0,8.93614e-05,0.000107814,6.56754e-05,0.0128586,0,0.0336068,0,0,0.00216979,0.00238202,1.38915e-05,2.64295e-05,-4.9914e-06,0.0138027,0,0.0173356,4.69838e-05,0.000656387,0.00926827,
0.02,0.0018659,-0.000112276,0.000497116,-0.000176504,0.00118944,0.00699286,-2.3052e-05,0.00360571,7.48672e-06,8.12646e-05,4.07372e-05,2.23554e-05,0.0031235,0.000242118,0.00471225,0.00373811,0.00228229,0.000171167,6.4534e-05,7.30654e-05,0.0017693,0.000936786,0.000578991,-5.51341e-05,0.00238654,0.0186255,0.00382593,0.000164841,0.00689822,-1.11664e-06,0.00756433,-1.6154e-05,-3.65368e-05,-5.38699e-05,0.00302202,0.000183935,5.52811e-05,-0.000123788,-8.03854e-05,0.0028595,0.00546405,0.0015884,0.000408622,0.000267367,0.00240992,0.0114469,2.28584e-05,0.00354089,-1.06287e-05,-1.44094e-05,8.03288e-07,3.13719e-06,-2.89362e-06,0.000205665,0.00363835,0.0034764,0.00278282,-0.000214667,-0.000114397,-0.000136795,-0.00132102,-0.000743786,-0.000334285,0.000993779,0.00332383,0.018535,0.0363103,-5.32795e-05,0.0107724,-3.90026e-06,0.014356,5.55801e-05,1.28702e-05,1.72267e-05,-4.0125e-05,-2.12146e-05,1.73838e-06,3.81739e-05,3.10772e-05,0.000188125,0,8.56617e-05,0.000102996,6.39667e-05,0.0126392,0,0.033339,0,0,0.00231101,0.00241523,1.48897e-05,2.6184e-05,-2.44676e-06,0.0131614,0,0.0160861,6.17205e-05,0.00071749,0.00892027,
0.025,0.00187888,-0.000108151,0.000504176,-0.000167328,0.00120004,0.00705291,-2.3052e-05,0.00364827,7.07079e-06,9.2495e-05,4.44601e-05,2.32557e-05,0.00310125,0.000184336,0.0045701,0.00364376,0.0023104,0.000209149,6.4876e-05,7.54383e-05,0.00175881,0.00101149,0.000669241,-9.99189e-05,0.0023893,0.0186034,0.00377964,0.0001919,0.00688288,-2.36466e-06,0.00747941,-1.47984e-05,-3.35724e-05,-5.09503e-05,0.00301739,0.000212778,6.2215e-05,-0.000116854,-7.66219e-05,0.0028283,0.00518058,0.00155787,0.000442584,0.000307204,0.00241589,0.0114985,2.23943e-05,0.00345169,-1.01359e-05,-1.37581e-05,8.76314e-07,3.06067e-06,9.978e-06,0.000182494,0.00362034,0.00348962,0.00271638,-0.0002058,-0.000105373,-0.000124091,-0.00135031,-0.000774724,-0.000334882,0.000975614,0.00332497,0.0184218,0.0362928,-4.93642e-05,0.0108389,-4.02608e-06,0.0142791,2.65772e-05,1.30002e-05,1.63605e-05,-3.83715e-05,-2.03744e-05,1.83496e-06,3.67681e-05,2.99794e-05,0.000204651,0,8.17723e-05,9.69966e-05,6.25785e-05,0.0127471,0,0.0332596,0,0,0.00233965,0.00237334,1.62206e-05,2.6675e-05,8.80835e-07,0.0130216,0,0.0154803,8.4779e-05,0.000738932,0.008462,
0.03,0.00186532,-0.000102257,0.000536896,-0.00015191,0.00124669,0.00689914,-2.03849e-05,0.00369786,6.51622e-06,0.000100138,4.625e-05,2.30306e-05,0.00306919,0.000130437,0.00441251,0.00357917,0.00234353,0.000243595,6.41919e-05,7.77123e-05,0.00174133,0.0010426,0.00073074,-7.31986e-05,0.00231737,0.0186291,0.00376794,0.000213031,0.00678685,-3.02151e-06,0.0073652,-1.26521e-05,-2.95704e-05,-4.69007e-05,0.00297949,0.000233409,6.63943e-05,-0.000107391,-7.08318e-05,0.0028206,0.00496742,0.0015314,0.000458649,0.000339407,0.00239007,0.0114846,2.15821e-05,0.00335637,-9.57283e-06,-1.26998e-05,8.76314e-07,2.98416e-06,9.17976e-06,0.000159323,0.00364652,0.00353806,0.00264594,-0.00018781,-9.3242e-05,-0.000106715,-0.00132257,-0.000770557,-0.000319292,0.000948233,0.00330375,0.0184403,0.0363098,-4.4374e-05,0.0109325,-3.90026e-06,0.014208,-1.68744e-06,1.27402e-05,1.52057e-05,-3.56896e-05,-1.86941e-05,1.73838e-06,3.49297e-05,2.84593e-05,0.000218574,0,7.59857e-05,8.87242e-05,6.03359e-05,0.0129147,0,0.0332368,0,0,0.00226158,0.00228677,1.77179e-05,2.67568e-05,4.79566e-06,0.0130994,0,0.0153279,0.000111825,0.000724463,0.0079351,
0.035,0.00194977,-9.57001e-05,0.000528117,-0.000133371,0.00126047,0.00702023,-1.82257e-05,0.00373725,5.96165e-06,0.000104349,4.59636e-05,2.14552e-05,0.00311396,8.04209e-05,0.00425697,0.00354017,0.00237588,0.00027415,6.39639e-05,8.00852e-05,0.00172385,0.0010431,0.000767305,-6.32255e-05,0.00231014,0.0186543,0.0037935,0.000228407,0.00691726,-2.69308e-06,0.00724221,-1.11835e-05,-2.63095e-05,-4.26627e-05,0.00292453,0.000245829,6.8104e-05,-9.50772e-05,-6.32082e-05,0.00283087,0.00483291,0.00152128,0.000459619,0.000364415,0.00234477,0.0115369,2.10019e-05,0.00327086,-8.86894e-06,-1.16415e-05,8.76314e-07,2.83112e-06,8.38152e-06,0.000135955,0.0036948,0.00360423,0.00258304,-0.000164015,-8.01079e-05,-8.76999e-05,-0.00126642,-0.000740692,-0.000291435,0.000916557,0.00336398,0.0185142,0.0363553,-3.9e-05,0.0111654,-4.40352e-06,0.0141446,4.42953e-06,1.31302e-05,1.38583e-05,-3.31109e-05,-1.69087e-05,1.83496e-06,3.24424e-05,2.6517e-05,0.000229441,0,7.01041e-05,7.98154e-05,5.78798e-05,0.0129916,0,0.0332191,0,0,0.00237417,0.00218667,1.92984e-05,2.71659e-05,9.19983e-06,0.0131258,0,0.0152967,0.000147366,0.000682928,0.00740882,
0.04,0.0019912,-9.17955e-05,0.000553041,-0.000116534,0.00129632,0.00720451,-2.40681e-05,0.00373953,5.68436e-06,0.000105831,4.4317e-05,1.91296e-05,0.0031295,3.32345e-05,0.00411396,0.00351748,0.00239916,0.000303715,6.56742e-05,8.53254e-05,0.00171686,0.00103212,0.000788332,-6.74594e-05,0.00233733,0.0186699,0.00380467,0.000240175,0.00710649,8.34199e-06,0.00711434,-1.6154e-05,-3.35724e-05,-3.9649e-05,0.00287046,0.000252808,6.8104e-05,-6.4357e-05,-4.275e-05,0.00287639,0.00475936,0.00151497,0.000452719,0.000384597,0.00229443,0.0117428,2.41348e-05,0.00320729,-8.30583e-06,-1.08274e-05,1.02237e-06,2.67809e-06,8.88042e-06,0.000112289,0.00375003,0.00366951,0.00253462,-0.000140475,-6.86782e-05,-7.06517e-05,-0.00120588,-0.000698641,-0.000257955,0.00088828,0.00341624,0.0186274,0.0364182,-3.44705e-05,0.0114579,-9.93937e-06,0.0140917,8.01535e-06,1.77453e-05,1.2896e-05,-3.30077e-05,-1.58585e-05,1.83496e-06,2.27097e-05,1.92543e-05,0.000230006,0,6.55507e-05,7.29066e-05,5.68119e-05,0.0133268,0,0.0332978,0,0,0.0024334,0.00210921,2.23761e-05,2.8557e-05,1.44848e-05,0.0133376,0,0.01546,0.000198338,0.000628048,0.00694075,
0.045,0.00197515,-8.59754e-05,0.000598283,-9.8562e-05,0.00135492,0.00701038,-2.52747e-05,0.0037733,5.12979e-06,0.000103959,4.07372e-05,1.55288e-05,0.00309039,-1.00691e-05,0.00399222,0.00351563,0.00244018,0.00033031,6.61302e-05,8.95768e-05,0.00170201,0.00100369,0.000791496,-6.68948e-05,0.00225146,0.0186979,0.00380638,0.000246274,0.00704227,1.28743e-05,0.00699476,-1.68318e-05,-3.43876e-05,-3.55051e-05,0.00281838,0.000252192,6.56344e-05,-4.05715e-05,-2.82748e-05,0.00293043,0.00470264,0.00150165,0.000434174,0.000398725,0.00222703,0.0116657,2.54111e-05,0.0031623,-7.46117e-06,-9.60625e-06,1.02237e-06,2.60157e-06,8.38152e-06,8.8326e-05,0.00382513,0.00375131,0.0024961,-0.000114574,-5.58449e-05,-5.20462e-05,-0.00112749,-0.000638595,-0.000215616,0.000860004,0.00340049,0.0187075,0.0364541,-2.85591e-05,0.0115329,-1.29589e-05,0.0140158,1.01246e-05,2.04103e-05,1.16449e-05,-3.11511e-05,-1.3863e-05,1.83496e-06,1.58968e-05,1.4103e-05,0.000224234,0,5.98589e-05,6.39978e-05,5.46761e-05,0.0134202,0,0.0333147,0,0,0.00232592,0.00200809,2.49548e-05,2.96207e-05,2.05528e-05,0.0134568,0,0.0155906,0.000263699,0.00055285,0.00647941,
0.05,0.0021022,-6.85887e-05,0.000661083,-6.95231e-05,0.00143067,0.0072998,1.13673e-05,0.00394317,3.882e-06,9.43667e-05,3.26471e-05,9.07721e-06,0.00310831,-4.65941e-05,0.00389436,0.00352584,0.00250872,0.00034191,5.66668e-05,8.03819e-05,0.00162947,0.000919095,0.000755396,-2.21101e-05,0.00226729,0.0187231,0.00378265,0.00023777,0.00718093,-3.17258e-05,0.00693083,1.22002e-05,1.30436e-05,-2.6464e-05,0.00275013,0.000236591,5.78457e-05,-0.000103114,-7.34373e-05,0.00288299,0.00463334,0.00147518,0.000383932,0.000399339,0.00211368,0.0115986,8.70244e-06,0.00310647,-5.56069e-06,-7.08258e-06,9.4934e-07,2.06596e-06,2.59428e-06,6.44621e-05,0.00390439,0.00383411,0.00244215,-7.78927e-05,-3.61939e-05,-2.87688e-05,-0.000984604,-0.000535235,-0.000152149,0.000809895,0.00347533,0.0187459,0.0364848,-1.88858e-05,0.0116155,8.68123e-06,0.0139274,-1.89837e-06,1.30002e-06,8.46899e-06,-1.78448e-05,-1.01872e-05,1.44865e-06,4.37973e-05,3.36951e-05,0.000248004,0,4.54396e-05,4.69075e-05,4.41039e-05,0.0134317,0,0.0333567,0,0,0.002535,0.00177233,2.35407e-05,2.63477e-05,2.25102e-05,0.0133904,0,0.0155245,0.000310509,0.000440765,0.00597518,
0.055,0.0021181,-7.13883e-05,0.000649726,-6.31856e-05,0.00138768,0.00743919,-1.92418e-05,0.00389411,4.22861e-06,8.59439e-05,2.52728e-05,3.00073e-06,0.00310072,-2.22441e-05,0.00381186,0.0035315,0.00251687,0.000362987,6.4306e-05,9.31362e-05,0.00164782,0.000881365,0.000738184,-5.43815e-05,0.00235505,0.0186595,0.00373185,0.000233131,0.00734572,1.19547e-05,0.00681516,-1.25391e-05,-2.59389e-05,-2.72175e-05,0.00272801,0.000223863,5.09118e-05,-3.1498e-05,-1.92037e-05,0.00302137,0.00463487,0.00145892,0.000350509,0.000404253,0.00206493,0.0115173,2.45989e-05,0.00310612,-5.70146e-06,-7.08258e-06,1.02237e-06,2.14247e-06,6.68526e-06,3.98061e-05,0.00398207,0.00391128,0.0024438,-6.58356e-05,-3.04791e-05,-1.82776e-05,-0.000897856,-0.000459846,-0.000113814,0.000789046,0.00349883,0.0186929,0.0364875,-1.67362e-05,0.011562,-1.45945e-05,0.0138486,1.2023e-05,2.15803e-05,8.46899e-06,-2.57873e-05,-9.97718e-06,1.73838e-06,1.08141e-05,9.62717e-06,0.00023544,0,4.62934e-05,4.53621e-05,4.80551e-05,0.0131851,0,0.0332868,0,0,0.00259973,0.00174043,3.03617e-05,3.183e-05,3.18079e-05,0.0131836,0,0.0153323,0.000415226,0.000350348,0.00570255,
0.06,0.00214596,-6.58629e-05,0.000646534,-4.96594e-05,0.00138518,0.00744589,-9.84316e-06,0.00393227,3.81268e-06,7.41676e-05,1.57508e-05,6.52659e-06,0.00310292,-1.78347e-05,0.00374662,0.00354042,0.00254426,0.000380104,6.4648e-05,9.72887e-05,0.00163267,0.000829299,0.000709155,-4.3938e-05,0.00241407,0.0186474,0.00371252,0.000222566,0.00734941,2.75877e-06,0.00675854,-5.1964e-06,-1.34882e-05,-2.29795e-05,0.00271016,0.000204669,4.15083e-05,-2.8063e-05,-2.03617e-05,0.00309441,0.00458069,0.00143505,0.000306952,0.000404516,0.0019856,0.0110922,2.1466e-05,0.00310053,-4.71602e-06,-5.61722e-06,9.4934e-07,1.91292e-06,4.989e-06,1.4952e-05,0.00403817,0.00396171,0.00243026,-4.8356e-05,-1.86484e-05,-1.9671e-06,-0.000785789,-0.000371325,-7.76081e-05,0.000761754,0.00349199,0.0185245,0.0364353,-1.05945e-05,0.0112432,-1.06314e-05,0.0137881,1.01246e-05,1.83953e-05,6.83293e-06,-2.1455e-05,-7.87672e-06,1.54523e-06,1.40584e-05,1.19917e-05,0.000228422,0,3.95581e-05,3.66351e-05,4.5065e-05,0.0126256,0,0.0331169,0,0,0.00265935,0.0016421,3.33562e-05,3.31392e-05,3.80717e-05,0.0126799,0,0.0148316,0.000532946,0.000248685,0.00537354,
0.065,0.0020898,-5.99691e-05,0.000664398,-3.64169e-05,0.0014297,0.00700644,-2.60368e-06,0.0039604,3.39675e-06,5.95836e-05,4.51045e-06,5.17626e-06,0.00306381,-1.48733e-05,0.0036939,0.00354903,0.00257165,0.000393755,6.37359e-05,9.98594e-05,0.0016117,0.000768847,0.000671567,-3.33063e-05,0.00228983,0.0186961,0.00373593,0.000206417,0.00703886,-4.53226e-06,0.00671511,9.03721e-07,-3.18678e-06,-1.91181e-05,0.00269973,0.000180445,3.00152e-05,-3.23405e-05,-2.33533e-05,0.00316369,0.00450952,0.00141205,0.000255308,0.000401094,0.00190245,0.0107048,1.84492e-05,0.00309262,-3.58981e-06,-4.23326e-06,9.4934e-07,1.53034e-06,2.9934e-06,-1.01991e-05,0.00406069,0.00397833,0.0024153,-3.20885e-05,-7.21873e-06,1.34418e-05,-0.000659632,-0.000274721,-4.90694e-05,0.000731867,0.00340551,0.0184082,0.0363814,-4.45276e-06,0.0109874,-7.80052e-06,0.0137535,9.07e-06,1.60552e-05,5.10064e-06,-1.80511e-05,-5.77626e-06,1.35208e-06,1.66538e-05,1.35118e-05,0.000225026,0,3.31074e-05,2.7999e-05,4.14342e-05,0.0123566,0,0.0329616,0,0,0.00246125,0.00152598,3.63508e-05,3.47757e-05,4.41396e-05,0.0124053,0,0.0145182,0.000659681,0.000145072,0.00506476,
0.07,0.00210249,-5.26019e-05,0.000697792,-2.44986e-05,0.00148271,0.00692887,2.9212e-06,0.0039757,3.11947e-06,4.20361e-05,6.3719e-06,3.60087e-06,0.0030639,-1.19118e-05,0.00365222,0.00355543,0.00259428,0.000402738,6.14555e-05,9.92662e-05,0.00158431,0.00069976,0.000625605,-2.46504e-05,0.0021773,0.018738,0.003766,0.00018477,0.00687947,-8.53905e-06,0.00667606,5.08343e-06,4.00201e-06,-1.54452e-05,0.00269796,0.000151192,1.66223e-05,-3.1498e-05,-2.25813e-05,0.00324618,0.00444923,0.00139509,0.000195039,0.000393898,0.00181819,0.0106645,1.64766e-05,0.00308401,-2.53398e-06,-2.7679e-06,8.03288e-07,1.22427e-06,1.79604e-06,1.08922e-06,0.00405129,0.00396028,0.00239692,-1.7671e-05,2.80729e-06,2.66378e-05,-0.000523346,-0.000173887,-2.7346e-05,0.000700996,0.00337608,0.0183826,0.0363716,7.67717e-07,0.0110267,-5.78748e-06,0.0137439,8.33174e-06,1.41702e-05,3.46459e-06,-1.43377e-05,-3.6758e-06,1.15892e-06,1.78433e-05,1.42719e-05,0.000223215,0,2.60875e-05,1.95448e-05,3.69491e-05,0.0124537,0,0.0329278,0,0,0.00242085,0.00139458,3.81808e-05,3.52666e-05,4.89353e-05,0.0123846,0,0.0144471,0.000780695,5.66795e-05,0.00479458,
0.075,0.00217747,-4.61188e-05,0.000728179,-1.46613e-05,0.00151027,0.00728425,5.77889e-06,0.00397588,2.84218e-06,2.24608e-05,4.51045e-06,2.40058e-06,0.00310937,-9.41096e-06,0.00361266,0.00355475,0.00261417,0.000406911,5.84911e-05,9.64978e-05,0.00155518,0.000625055,0.000573874,-1.84408e-05,0.0022112,0.0187429,0.00378426,0.000158227,0.00702494,-1.04439e-05,0.00664434,7.34273e-06,8.37457e-06,-1.23373e-05,0.00270325,0.000118244,1.51975e-06,-2.73501e-05,-1.97827e-05,0.00334234,0.00440252,0.00138177,0.000127546,0.00038372,0.00173858,0.0107842,1.4388e-05,0.00307145,-1.54855e-06,-1.46536e-06,6.57235e-07,9.18202e-07,4.989e-07,4.95101e-07,0.00400689,0.00391029,0.00237312,-5.93286e-06,1.11289e-05,3.73749e-05,-0.000384418,-8.36601e-05,-1.13303e-05,0.000671646,0.00341783,0.0183808,0.0363865,5.37402e-06,0.0111905,-4.78096e-06,0.0137525,7.80442e-06,1.28702e-05,1.82853e-06,-1.16559e-05,-1.89041e-06,9.65769e-07,1.70863e-05,1.33429e-05,0.000221404,0,2.03957e-05,1.22723e-05,3.24639e-05,0.0126148,0,0.0329727,0,0,0.00258639,0.00126715,3.97613e-05,3.55939e-05,5.20671e-05,0.0124145,0,0.0144304,0.000884891,1.00464e-05,0.0045783,
0.08,0.00216886,-4.02987e-05,0.000766362,-7.0942e-06,0.00152964,0.00737146,6.54094e-06,0.0039706,2.70354e-06,1.24782e-06,2.93537e-06,1.35033e-06,0.0031273,-7.37082e-06,0.00358178,0.00354983,0.00262825,0.000406628,5.47285e-05,9.22463e-05,0.00152634,0.000547584,0.00051805,-1.56182e-05,0.00224819,0.0187343,0.00380348,0.000127561,0.00706444,-8.86747e-06,0.00661798,7.4557e-06,9.18979e-06,-9.8887e-06,0.00271486,8.28324e-05,3.51443e-06,-1.87951e-05,-1.36067e-05,0.0034497,0.00433051,0.00136136,5.48783e-05,0.000371523,0.00166494,0.0107993,1.40399e-05,0.003057,-7.03884e-07,-4.07045e-07,5.11183e-07,5.35618e-07,0,0,0.00394061,0.00383873,0.00234297,2.80694e-06,1.7345e-05,4.55711e-05,-0.000249453,-2.79077e-05,1.02228e-06,0.000645876,0.00338771,0.0183757,0.0363925,8.75197e-06,0.011298,-5.53585e-06,0.0137688,8.33174e-06,1.31952e-05,5.77431e-07,-9.69602e-06,-3.15069e-07,6.76038e-07,1.36258e-05,1.0725e-05,0.000216423,0,1.50833e-05,6.45432e-06,2.86195e-05,0.0127816,0,0.0330293,0,0,0.002606,0.00114427,4.01772e-05,3.55121e-05,5.40246e-05,0.0125223,0,0.0144862,0.00096863,-7.19739e-06,0.00440492,
0.085,0.00216973,-3.74254e-05,0.00079368,-1.32425e-06,0.00154005,0.00738387,7.11248e-06,0.00397042,2.77286e-06,6.78505e-06,1.93305e-06,6.00146e-07,0.0031235,-6.25203e-06,0.0035542,0.00354485,0.00263497,0.000406416,5.43864e-05,9.24441e-05,0.00151323,0.000477742,0.0004639,-1.37365e-05,0.00226419,0.0187312,0.00380112,9.50908e-05,0.00705392,-8.47336e-06,0.00660188,8.24645e-06,1.05238e-05,-8.47603e-06,0.00272867,4.67023e-05,2.27963e-06,-1.35454e-05,-9.93961e-06,0.00355064,0.00426716,0.00134164,5.50939e-05,0.000359501,0.00160174,0.0107462,1.4156e-05,0.00303567,7.03884e-08,4.88454e-07,4.38157e-07,3.06067e-07,-6.9846e-07,-4.95101e-07,0.00385999,0.0037555,0.00231776,1.00795e-05,2.33606e-05,5.4587e-05,-0.000127919,-6.69281e-06,1.08191e-05,0.000623774,0.00336558,0.0183708,0.0363895,1.19764e-05,0.0112995,-6.16493e-06,0.0137804,9.07e-06,1.38452e-05,-4.81193e-07,-8.76768e-06,9.45206e-07,4.82884e-07,1.20037e-05,9.20493e-06,0.000209971,0,1.20477e-05,2.54537e-06,2.69109e-05,0.0127637,0,0.0330139,0,0,0.0026162,0.00104843,4.28391e-05,3.71486e-05,5.86245e-05,0.0125487,0,0.0144899,0.0010574,-1.76936e-05,0.00426401,
0.09,0.00215588,-3.51416e-05,0.000818603,3.68898e-06,0.00155865,0.00730433,8.38256e-06,0.00398361,2.84218e-06,5.77119e-06,1.07392e-06,-1.50036e-07,0.00311343,-5.33068e-06,0.00352954,0.00353556,0.00263334,0.000406133,5.43864e-05,9.3235e-05,0.00150595,0.000412008,0.000410774,-1.19489e-05,0.00223529,0.018748,0.00380918,6.09028e-05,0.00695562,-8.27631e-06,0.00658479,8.81128e-06,1.2006e-05,-7.44007e-06,0.00274197,1.02642e-05,1.04483e-06,-8.87906e-06,-6.56208e-06,0.00363836,0.00421451,0.00132538,4.98109e-05,0.000347919,0.00154329,0.0107086,1.4272e-05,0.00300943,7.03884e-07,1.30254e-06,2.19079e-07,0,-1.19736e-06,-1.08922e-06,0.00377829,0.0036716,0.00228949,1.64589e-05,2.88749e-05,6.3439e-05,-3.83097e-05,7.3242e-06,1.96789e-05,0.000604983,0.00333706,0.0184046,0.0363853,1.52008e-05,0.0112912,-6.66819e-06,0.0137881,9.49186e-06,1.44302e-05,-1.53982e-06,-7.52989e-06,2.20548e-06,2.89731e-07,1.08141e-05,8.44489e-06,0.000202954,0,9.01203e-06,-1.45449e-06,2.50955e-05,0.0127845,0,0.0329793,0,0,0.00257776,0.000965829,4.55009e-05,3.93579e-05,6.28329e-05,0.0126321,0,0.0145472,0.00114738,-2.7515e-05,0.00413963,
0.095,0.00215529,-3.29314e-05,0.000845491,8.32386e-06,0.00158274,0.00727932,9.27162e-06,0.00400841,2.98082e-06,5.06929e-06,2.86378e-07,-6.00146e-07,0.00310725,-4.73838e-06,0.00350527,0.00352098,0.00262349,0.000405708,5.41584e-05,9.45204e-05,0.00150158,0.000349209,0.000358113,-1.00672e-05,0.00219915,0.018769,0.00382035,2.55122e-05,0.00687919,-8.40768e-06,0.00656674,9.82797e-06,1.35624e-05,-6.68664e-06,0.00275123,8.41668e-06,1.89969e-07,-5.70334e-06,-4.34255e-06,0.00370387,0.00417901,0.00131379,4.4528e-05,0.000336687,0.00148932,0.0108234,1.39239e-05,0.00297717,1.47816e-06,2.19804e-06,7.30262e-08,-2.29551e-07,-1.9956e-06,-1.28726e-06,0.00370312,0.00359652,0.00225969,2.26469e-05,3.39882e-05,7.18811e-05,-8.80683e-07,1.98259e-05,2.80275e-05,0.000589055,0.00332793,0.018512,0.0364023,1.80413e-05,0.0114149,-6.66819e-06,0.0137919,9.80825e-06,1.44302e-05,-2.59844e-06,-6.7047e-06,3.36073e-06,0,1.03816e-05,8.02265e-06,0.000196275,0,6.92503e-06,-4.36349e-06,2.43479e-05,0.0129736,0,0.0329764,0,0,0.00255815,0.000888663,4.84955e-05,4.13217e-05,6.74328e-05,0.0128647,0,0.0147467,0.00123112,-3.39627e-05,0.00403364,
0.1,0.00219234,-3.09423e-05,0.000824987,1.2202e-05,0.0015466,0.00721593,9.84316e-06,0.00404604,3.11947e-06,4.52336e-06,-2.86378e-07,-1.12527e-06,0.00312995,-4.2119e-06,0.00347887,0.00349632,0.00260504,0.000403799,5.34743e-05,9.46192e-05,0.00149575,0.000286662,0.000304987,-8.84404e-06,0.00220603,0.0187616,0.00384161,-1.11669e-05,0.00686867,-7.81651e-06,0.00654428,9.94093e-06,1.43035e-05,-6.21575e-06,0.00275512,7.08233e-06,-5.69908e-07,-1.42583e-06,-1.25451e-06,0.00374241,0.00414827,0.00130912,3.95684e-05,0.000325806,0.00143805,0.0106366,1.4388e-05,0.00294525,2.11165e-06,3.01213e-06,-7.30262e-08,-6.12135e-07,-2.29494e-06,-1.88138e-06,0.00364624,0.00354312,0.00223177,2.77505e-05,3.82994e-05,7.93397e-05,1.49716e-05,3.08122e-05,3.52686e-05,0.000576438,0.00334619,0.0185421,0.0363964,2.0498e-05,0.0113985,-7.54889e-06,0.01379,1.0652e-05,1.53402e-05,-3.46459e-06,-6.0858e-06,4.41096e-06,-2.89731e-07,8.54317e-06,6.41812e-06,0.000188012,0,5.21749e-06,-6.72704e-06,2.29597e-05,0.0125853,0,0.0328145,0,0,0.00262562,0.000815759,5.06582e-05,4.32037e-05,7.1054e-05,0.0126692,0,0.0146306,0.00130081,-3.99605e-05,0.00394358,
0.105,0.00217061,-2.98372e-05,0.000855129,1.62694e-05,0.00159778,0.00726475,1.08592e-05,0.00409334,3.25811e-06,4.36739e-06,-7.15944e-07,-1.42535e-06,0.00309798,-4.01446e-06,0.00345421,0.00346704,0.00258013,0.000402879,5.41584e-05,9.68933e-05,0.00149809,0.000226043,0.000252698,-7.52685e-06,0.00214322,0.0188539,0.0038778,1.2799e-05,0.00671582,-8.01357e-06,0.00651695,1.07317e-05,1.56375e-05,-6.0274e-06,0.00275159,6.56912e-06,-1.13982e-06,1.42583e-06,7.72009e-07,0.00374608,0.00414827,0.00130436,3.64418e-05,0.000315979,0.00139116,0.0107711,1.48522e-05,0.00291325,2.88593e-06,3.74481e-06,-2.19079e-07,-8.41686e-07,-2.9934e-06,-2.37648e-06,0.00361891,0.00352209,0.00221221,3.34281e-05,4.38137e-05,8.90113e-05,3.08239e-05,4.2051e-05,4.33617e-05,0.000568474,0.00335349,0.0187245,0.0363995,2.35689e-05,0.0113077,-8.30378e-06,0.0137756,1.13902e-05,1.62502e-05,-4.52321e-06,-5.57006e-06,5.56622e-06,-5.79461e-07,7.5699e-06,5.65808e-06,0.000179523,0,4.07913e-06,-8.54516e-06,2.36004e-05,0.012873,0,0.0327799,0,0,0.00257031,0.000757259,5.44846e-05,4.6313e-05,7.70241e-05,0.0130038,0,0.0148679,0.00137571,-4.49837e-05,0.00385229,
0.11,0.00219176,-2.79217e-05,0.000904607,1.92962e-05,0.00161821,0.00741832,1.13038e-05,0.00414733,3.39675e-06,4.13342e-06,-9.30728e-07,-1.6504e-06,0.00303467,-3.88284e-06,0.0034193,0.00342294,0.00254276,0.000400686,5.31322e-05,9.69921e-05,0.00149459,0.000162992,0.000199107,-6.4919e-06,0.00215148,0.0187927,0.00379715,1.14246e-05,0.006734,-7.61946e-06,0.00648376,1.09576e-05,1.63045e-05,-5.83904e-06,0.00274072,6.15855e-06,-1.32979e-06,4.79599e-06,3.18454e-06,0.0037114,0.00417714,0.0012843,3.24526e-05,0.000306239,0.00134763,0.0112135,1.47361e-05,0.00288529,3.51942e-06,4.5589e-06,-5.11183e-07,-1.22427e-06,-3.59208e-06,-2.67354e-06,0.00361805,0.00353167,0.00219525,3.78299e-05,4.78241e-05,0.000106305,4.3814e-05,5.19008e-05,5.00917e-05,0.000565432,0.00338794,0.0189671,0.0364554,2.57953e-05,0.0116186,-8.30378e-06,0.0137544,1.16012e-05,1.64453e-05,-5.38936e-06,-4.84801e-06,6.51142e-06,-7.72615e-07,7.02919e-06,5.32028e-06,0.000171033,0,3.79454e-06,-9.2724e-06,2.34936e-05,0.013349,0,0.0328594,0,0,0.0026468,0.000700818,5.68138e-05,4.80314e-05,8.07432e-05,0.0135395,0,0.0152938,0.00143396,-4.79076e-05,0.00379041,
0.115,0.00218841,-2.7185e-05,0.000936529,2.30798e-05,0.00160163,0.00723857,1.23198e-05,0.00420184,3.46608e-06,4.2894e-06,-1.00232e-06,-1.72542e-06,0.00291361,-4.08027e-06,0.0033844,0.0033733,0.00249972,0.00039906,5.37023e-05,9.94639e-05,0.00149517,0.000100529,0.000145329,-5.45696e-06,0.00213686,0.0186686,0.00361779,1.05656e-05,0.00654904,-7.75083e-06,0.00644326,1.17484e-05,1.75644e-05,-6.12158e-06,0.00272177,6.26119e-06,-1.51975e-06,7.38841e-06,5.11456e-06,0.00363707,0.00421179,0.00124815,2.9865e-05,0.000297639,0.00130773,0.0111517,1.52003e-05,0.00286224,4.22331e-06,5.37299e-06,-6.57235e-07,-1.53034e-06,-4.09098e-06,-3.06962e-06,0.00365298,0.0035767,0.0021903,4.34438e-05,6.02564e-05,0.000130238,8.19035e-05,6.32028e-05,5.80144e-05,0.000567401,0.00337813,0.0190986,0.0364579,2.87126e-05,0.0115744,-9.12158e-06,0.0137266,1.24449e-05,1.74203e-05,-6.44798e-06,-4.53856e-06,7.56165e-06,-1.15892e-06,6.2722e-06,4.47579e-06,0.000162204,0,4.17399e-06,-9.63603e-06,2.52023e-05,0.0130916,0,0.0327255,0,0,0.00265425,0.000655547,6.09729e-05,5.15498e-05,8.67133e-05,0.0136708,0,0.0153881,0.00150296,-5.20312e-05,0.0037218,
0.12,0.00217761,-2.57852e-05,0.000943097,2.62958e-05,0.00154072,0.00719466,1.28914e-05,0.00425073,3.5354e-06,4.36739e-06,-8.59133e-07,-1.57538e-06,0.00285904,-4.14609e-06,0.00334011,0.00331284,0.00245048,0.000395877,5.30182e-05,0.000100453,0.00148905,8.22507e-05,9.04354e-05,-4.32794e-06,0.00219106,0.0185826,0.00349139,9.70665e-06,0.00644846,-7.48809e-06,0.00639884,1.20873e-05,1.81573e-05,-6.12158e-06,0.00269583,6.56912e-06,-1.32979e-06,1.07586e-05,7.43059e-06,0.00352531,0.00420194,0.00120161,2.66305e-05,0.000289303,0.00127082,0.0109891,1.53163e-05,0.00284607,4.92719e-06,6.02426e-06,-9.4934e-07,-1.91292e-06,-4.78944e-06,-3.56472e-06,0.0037128,0.00364342,0.00219078,5.49906e-05,7.63983e-05,0.000158188,0.000125718,7.3684e-05,6.51703e-05,0.000573396,0.00334277,0.01914,0.036437,3.12461e-05,0.0114647,-9.3103e-06,0.0137016,1.29722e-05,1.78753e-05,-7.31413e-06,-4.02282e-06,8.61188e-06,-1.54523e-06,5.83964e-06,4.138e-06,0.000153602,0,5.40722e-06,-8.63606e-06,2.66973e-05,0.0127442,0,0.0325622,0,0,0.00272369,0.000612481,6.39675e-05,5.40046e-05,9.17047e-05,0.0135581,0,0.0152416,0.00156018,-5.57048e-05,0.00366114,
0.125,0.0020599,-2.51959e-05,0.000947763,3.0174e-05,0.00148772,0.00678141,1.27644e-05,0.00428414,3.39675e-06,4.75733e-06,-5.72755e-07,-1.42535e-06,0.00278451,-4.40933e-06,0.00329276,0.00324431,0.00240007,0.000392482,5.37023e-05,0.000103913,0.00148119,7.10995e-05,3.49832e-05,-4.98654e-06,0.00213927,0.0184943,0.00341868,9.53485e-06,0.0060308,-5.51754e-06,0.00634223,1.15224e-05,1.77867e-05,-6.49829e-06,0.00266432,7.28761e-06,-9.49847e-07,1.73693e-05,1.22556e-05,0.00338831,0.00411685,0.00114271,2.44742e-05,0.000282108,0.0012354,0.0104894,1.54323e-05,0.00283617,5.77185e-06,6.91976e-06,-1.24144e-06,-2.29551e-06,-5.4879e-06,-3.86178e-06,0.00379256,0.00372555,0.00220444,7.20236e-05,9.78539e-05,0.000192776,0.000175476,8.64382e-05,7.41153e-05,0.000581091,0.00317643,0.0190688,0.0363555,3.45472e-05,0.0110533,-9.18448e-06,0.0136737,1.32886e-05,1.83303e-05,-8.37275e-06,-3.40392e-06,9.66211e-06,-1.93154e-06,6.48849e-06,4.56024e-06,0.000146244,0,7.68394e-06,-6.90885e-06,3.04349e-05,0.0122415,0,0.032315,0,0,0.00257109,0.000578233,6.87921e-05,5.77685e-05,9.89471e-05,0.0133034,0,0.0149252,0.00163247,-6.15527e-05,0.00356802,
0.13,0.00198332,-2.30594e-05,0.000950955,3.21604e-05,0.00145958,0.00645832,1.08592e-05,0.00430032,3.05015e-06,4.60135e-06,-1.43189e-07,-9.75237e-07,0.00272641,-4.34352e-06,0.00322925,0.00316281,0.00234099,0.000384348,5.07379e-05,0.000101738,0.00146021,5.7936e-05,2.67026e-05,-5.83331e-06,0.00204686,0.0184679,0.00338066,8.84765e-06,0.00562933,-2.1676e-06,0.00629049,9.715e-06,1.50446e-05,-6.30993e-06,0.00262876,7.39025e-06,-3.79939e-07,2.50817e-05,1.77562e-05,0.00323407,0.00401834,0.00109376,2.02694e-05,0.000274035,0.00120333,0.0102289,1.45041e-05,0.00283445,6.12379e-06,7.24539e-06,-1.3875e-06,-2.52506e-06,-5.9868e-06,-4.05983e-06,0.00386975,0.00380834,0.00221551,8.99497e-05,0.000119811,0.000224905,0.000223473,9.42676e-05,7.846e-05,0.000590487,0.0030514,0.0190303,0.0362898,3.52382e-05,0.0107911,-8.68123e-06,0.0136622,1.29722e-05,1.75503e-05,-8.85394e-06,-2.57873e-06,1.01872e-05,-2.12469e-06,6.48849e-06,4.47579e-06,0.00013934,0,1.03401e-05,-3.81805e-06,3.25707e-05,0.01202,0,0.0321502,0,0,0.00245655,0.00053208,6.87089e-05,5.74412e-05,0.000100219,0.0131857,0,0.0147286,0.00165813,-6.46266e-05,0.00349695,
0.135,0.00195298,-2.28384e-05,0.000959119,3.60385e-05,0.00145669,0.00629412,1.55585e-05,0.0043165,2.84218e-06,4.83532e-06,2.86378e-07,-5.25128e-07,0.00269267,-4.54095e-06,0.00316968,0.00308408,0.00229403,0.000376002,5.11939e-05,0.000104704,0.00144565,4.94678e-05,2.41905e-05,-1.50537e-06,0.00194602,0.0184634,0.00336047,9.01945e-06,0.00536254,-7.02829e-06,0.00624315,1.32169e-05,2.06029e-05,-6.30993e-06,0.00258718,8.00611e-06,1.89969e-07,1.97673e-05,1.39927e-05,0.00305532,0.00393545,0.00105683,1.82209e-05,0.000266928,0.00117201,0.0101385,1.62446e-05,0.00284168,6.82768e-06,8.05948e-06,-1.60658e-06,-2.98416e-06,-6.18636e-06,-4.45591e-06,0.00394937,0.00388805,0.00223625,0.000112979,0.00014628,0.000261952,0.000275434,0.000107085,8.6979e-05,0.000601404,0.00298363,0.0190431,0.0362602,3.82323e-05,0.0106994,-1.06943e-05,0.0136564,1.45542e-05,1.98253e-05,-9.72009e-06,-2.57873e-06,1.11324e-05,-2.511e-06,3.56867e-06,2.19567e-06,0.000130058,0,1.44193e-05,-2.72718e-07,3.8017e-05,0.0119791,0,0.0320414,0,0,0.00238437,0.000489602,7.24521e-05,6.03869e-05,0.000106092,0.0131736,0,0.0146444,0.00170997,-7.32485e-05,0.00338973,
0.14,0.00194919,-2.29857e-05,0.000971949,4.0768e-05,0.00147027,0.00623132,1.24468e-05,0.0042815,2.35693e-06,4.9913e-06,1.00232e-06,0,0.00267007,-4.54095e-06,0.0031083,0.00300701,0.00225719,0.000367585,5.24481e-05,0.000110735,0.00143079,4.16703e-05,2.24228e-05,-5.26879e-06,0.00186325,0.0184663,0.00335037,9.62075e-06,0.00521621,-9.85275e-07,0.00616994,1.05058e-05,1.68232e-05,-6.40411e-06,0.0025456,8.62196e-06,1.04483e-06,3.47385e-05,2.47043e-05,0.00290942,0.00386921,0.00103218,1.58489e-05,0.000260873,0.00114153,0.010111,1.60125e-05,0.00285157,7.67234e-06,9.03639e-06,-1.97171e-06,-3.29023e-06,-7.18416e-06,-5.05003e-06,0.00402023,0.00395202,0.00226122,0.000141176,0.000178463,0.000305064,0.000331797,0.000123122,9.74573e-05,0.00061071,0.00295739,0.0190744,0.0362526,4.17638e-05,0.0106858,-1.04426e-05,0.0136574,1.50815e-05,2.02803e-05,-1.09712e-05,-2.06298e-06,1.23927e-05,-2.89731e-06,4.54194e-06,2.78681e-06,0.000122134,0,1.98265e-05,4.27258e-06,4.47447e-05,0.0119985,0,0.0319935,0,0,0.00234789,0.00045168,7.74431e-05,6.42327e-05,0.000114313,0.0131928,0,0.0146256,0.00177932,-8.59189e-05,0.00327639,
0.145,0.0019206,-2.2691e-05,0.000980605,4.49299e-05,0.00148251,0.00606338,1.86703e-05,0.00425794,1.80236e-06,4.91331e-06,1.64667e-06,6.00146e-07,0.00264605,-4.54095e-06,0.00304786,0.00293578,0.00223162,0.000357824,5.30182e-05,0.000116173,0.00140894,3.3286e-05,2.04689e-05,5.64513e-07,0.00177188,0.0184561,0.00334329,1.0222e-05,0.00511677,-7.55377e-06,0.00612455,1.51373e-05,2.39379e-05,-6.12158e-06,0.00250034,8.92989e-06,1.89969e-06,2.63779e-05,1.87212e-05,0.00276279,0.00381401,0.00101194,1.31535e-05,0.000255082,0.001113,0.00989941,1.70568e-05,0.00286826,8.30583e-06,9.52484e-06,-2.19078e-06,-3.67281e-06,-7.4835e-06,-5.24807e-06,0.00406894,0.00399265,0.00228195,0.000173201,0.000214156,0.000349242,0.00038728,0.000138655,0.000106828,0.0006193,0.00291244,0.0190657,0.0362492,4.4374e-05,0.0105811,-1.17637e-05,0.0136718,1.61362e-05,2.15803e-05,-1.16449e-05,-1.54724e-06,1.32329e-05,-3.28361e-06,2.81168e-06,1.43563e-06,0.000112966,0,2.5708e-05,9.81784e-06,5.21131e-05,0.011928,0,0.0319715,0,0,0.00227335,0.000407144,8.0604e-05,6.63602e-05,0.000120674,0.0130844,0,0.014532,0.00183393,-9.96389e-05,0.00317468,
0.15,0.00189288,-2.41645e-05,0.000991777,5.19295e-05,0.00149533,0.00593993,2.12104e-05,0.00419745,1.17847e-06,4.9913e-06,2.43421e-06,1.42535e-06,0.0026276,-4.47514e-06,0.00299476,0.00288049,0.00222764,0.000349549,5.66668e-05,0.000128334,0.0013868,2.65785e-05,1.97246e-05,2.25805e-06,0.00168911,0.0184406,0.00333813,1.194e-05,0.00501619,-8.99884e-06,0.00605818,1.72837e-05,2.77176e-05,-5.83904e-06,0.0024542,9.4431e-06,3.03951e-06,2.96833e-05,2.10372e-05,0.00266497,0.0037437,0.000988414,1.13207e-05,0.00025087,0.00108271,0.00960799,1.7985e-05,0.00288478,9.36166e-06,1.0746e-05,-2.40986e-06,-4.13191e-06,-8.58108e-06,-6.04023e-06,0.00409404,0.00401356,0.00230586,0.000213072,0.000257769,0.000402108,0.00045069,0.00016208,0.000121736,0.000624221,0.00285426,0.0189824,0.0362257,4.92874e-05,0.0103749,-1.29589e-05,0.0136901,1.77181e-05,2.35954e-05,-1.31847e-05,-1.34094e-06,1.47032e-05,-3.66992e-06,2.27097e-06,9.28938e-07,0.00010391,0,3.39611e-05,1.66358e-05,6.34328e-05,0.0117209,0,0.0319237,0,0,0.00220235,0.000364813,8.77577e-05,7.16788e-05,0.000133006,0.0128269,0,0.014294,0.00192807,-0.00012318,0.00303438,
0.155,0.00191316,-2.54906e-05,0.00100559,5.96858e-05,0.00151721,0.0060179,2.35601e-05,0.00411884,4.15929e-07,4.75733e-06,3.29334e-06,2.17553e-06,0.00263713,-4.2119e-06,0.0029515,0.00284112,0.0022446,0.000342051,6.05434e-05,0.000143857,0.00136175,1.95356e-05,1.94455e-05,2.25805e-06,0.0016633,0.018446,0.00334006,1.3658e-05,0.00508126,-8.21062e-06,0.00598546,1.84133e-05,2.97186e-05,-5.36815e-06,0.00241035,9.64839e-06,4.08434e-06,3.75254e-05,2.68273e-05,0.00262864,0.00368459,0.000971981,8.94872e-06,0.000247887,0.00105241,0.00948826,1.94935e-05,0.00290353,1.04175e-05,1.18857e-05,-2.84802e-06,-4.59101e-06,-9.27954e-06,-6.43631e-06,0.00409182,0.00400244,0.00232412,0.000260216,0.000308801,0.000460957,0.000520264,0.000190998,0.000151383,0.000625385,0.00284947,0.0189006,0.0362214,5.45079e-05,0.010296,-1.3588e-05,0.0137112,1.90892e-05,2.53504e-05,-1.4532e-05,-4.12597e-07,1.63836e-05,-4.1528e-06,2.59539e-06,1.01339e-06,9.58738e-05,0,4.39218e-05,2.51809e-05,7.6995e-05,0.0116849,0,0.0319406,0,0,0.00221451,0.000318513,9.52441e-05,7.68338e-05,0.000147393,0.0126057,0,0.014069,0.00202932,-0.000156093,0.00290327,
0.16,0.00196859,-2.68903e-05,0.0010113,6.63071e-05,0.00154554,0.00625022,2.35601e-05,0.00402388,-6.23894e-07,4.21141e-06,4.08088e-06,3.07575e-06,0.00271581,-3.55379e-06,0.00291052,0.00281916,0.00227649,0.000334129,6.37359e-05,0.000159281,0.00133204,1.2325e-05,1.87942e-05,1.50537e-06,0.00169341,0.0185097,0.00342835,1.56337e-05,0.00520599,-6.24007e-06,0.00591761,1.84133e-05,3.24607e-05,-4.33219e-06,0.00236913,9.23782e-06,5.12917e-06,4.70525e-05,3.34859e-05,0.00265818,0.00364672,0.000982706,6.46895e-06,0.000245693,0.00102454,0.00930376,1.96095e-05,0.00292074,1.09806e-05,1.26184e-05,-2.99407e-06,-4.9736e-06,-1.00778e-05,-6.83239e-06,0.0040609,0.00396182,0.00233072,0.000311379,0.000364145,0.00051915,0.000585874,0.000220926,0.000188781,0.0006227,0.00288734,0.0187318,0.0361853,6.46417e-05,0.0101285,-1.40284e-05,0.0137333,1.99329e-05,2.62604e-05,-1.53982e-05,0,1.72238e-05,-4.44254e-06,2.70354e-06,1.01339e-06,8.82899e-05,0,5.37876e-05,3.34534e-05,9.03437e-05,0.0114742,0,0.0319369,0,0,0.0022761,0.000262954,0.000100401,7.97795e-05,0.000159725,0.0122212,0,0.0137309,0.00210352,-0.00019373,0.00280463,
0.165,0.002051,-2.45328e-05,0.00101068,6.3564e-05,0.0015838,0.00657448,-5.52487e-06,0.00383977,-1.31711e-06,3.04157e-06,4.08088e-06,3.37582e-06,0.00276685,-1.77689e-06,0.00285915,0.00279542,0.00228875,0.000320266,5.84911e-05,0.000157007,0.00130698,5.366e-06,1.63751e-05,-2.76612e-05,0.00177257,0.0185548,0.0034872,1.52042e-05,0.00550176,3.4616e-05,0.00582244,-6.10012e-06,-3.26089e-06,-2.73116e-06,0.00235106,7.39025e-06,5.31914e-06,0.000120289,8.5307e-05,0.00284042,0.00368561,0.00102232,3.98919e-06,0.000240867,0.00101242,0.0096238,1.60125e-05,0.00293725,1.00655e-05,1.13158e-05,-2.70197e-06,-4.5145e-06,-9.67866e-06,-6.04023e-06,0.00398258,0.00388167,0.0023081,0.000350932,0.000407658,0.000549231,0.000619561,0.000228187,0.000214168,0.000617868,0.00299367,0.0186755,0.0362074,6.95551e-05,0.010361,-9.68774e-06,0.0137612,1.64526e-05,2.15153e-05,-1.40508e-05,1.65039e-06,1.56484e-05,-4.1528e-06,6.70477e-06,4.05355e-06,8.52337e-05,0,5.56849e-05,3.65442e-05,9.19455e-05,0.0118367,0,0.0321296,0,0,0.00239339,0.000185493,9.2e-05,7.17606e-05,0.000152972,0.0122526,0,0.0137585,0.00202291,-0.000215697,0.00285487,
0.17,0.00197442,-3.20474e-05,0.00105611,8.30494e-05,0.00161474,0.00635437,4.26749e-05,0.00389393,-2.70354e-06,3.04157e-06,5.72755e-06,4.72615e-06,0.00277691,-2.36919e-06,0.00287554,0.00284278,0.00240587,0.000317437,7.43395e-05,0.000194775,0.00127873,2.683e-06,2.10272e-05,1.69354e-05,0.00172439,0.0184767,0.00348419,2.08736e-05,0.00559921,-2.58799e-05,0.00582,3.37766e-05,2.49755e-05,-2.1661e-06,0.00229875,8.31404e-06,7.31382e-06,4.09603e-05,2.39323e-05,0.00287272,0.00357436,0.000995852,3.12666e-06,0.00024192,0.000970942,0.00965806,2.33225e-05,0.00295893,1.27403e-05,1.46536e-05,-3.50526e-06,-5.73877e-06,-1.13749e-05,-7.92161e-06,0.00394133,0.00383499,0.00232813,0.000415172,0.000476737,0.000620948,0.00070895,0.000281982,0.000274652,0.00060713,0.00288346,0.0186435,0.036268,8.92087e-05,0.010786,-1.72366e-05,0.0137679,2.38351e-05,3.12005e-05,-1.77079e-05,1.03149e-06,1.97443e-05,-5.21515e-06,9.73273e-07,-4.22244e-07,7.66311e-05,0,7.75035e-05,5.30891e-05,0.000123128,0.0122725,0,0.0322819,0,0,0.00221608,0.000134637,0.000111881,8.76347e-05,0.000182822,0.0123489,0,0.0138129,0.0022476,-0.000294493,0.00259817,
0.175,0.00199018,-3.5731e-05,0.00109724,9.5819e-05,0.00165416,0.00651896,2.78149e-05,0.00378314,-3.882e-06,2.02772e-06,6.4435e-06,5.7764e-06,0.00279864,-9.21352e-07,0.00289216,0.00290767,0.00251961,0.000317366,8.3917e-05,0.000234126,0.00125163,-1.17381e-06,2.31671e-05,-1.88171e-06,0.00173643,0.0185026,0.00349644,2.43096e-05,0.00579298,-4.80157e-05,0.0056975,2.08985e-05,3.37947e-05,-5.65068e-07,0.00226723,7.18497e-06,8.35865e-06,6.87641e-05,3.11699e-05,0.00311001,0.00351492,0.0009789,2.0485e-06,0.000244815,0.000943257,0.00964677,2.27424e-05,0.00297493,1.3585e-05,1.53049e-05,-3.79736e-06,-6.12135e-06,-1.34703e-05,-8.21867e-06,0.00389212,0.00378566,0.0023286,0.000484134,0.000551331,0.000693239,0.000800101,0.000340386,0.000346382,0.000592276,0.00287708,0.0186094,0.0363115,0.000113929,0.0109144,-1.71108e-05,0.0137775,2.47843e-05,3.24355e-05,-1.88627e-05,1.13464e-06,2.11096e-05,-5.50488e-06,3.46053e-06,9.28938e-07,7.14243e-05,0,9.40097e-05,6.56341e-05,0.00015068,0.0124638,0,0.0324283,0,0,0.00223177,8.61324e-05,0.000124275,9.50808e-05,0.000210715,0.0123404,0,0.0138318,0.00239843,-0.000390983,0.00252526,
0.18,0.00197311,-3.66887e-05,0.00111247,9.96971e-05,0.00169945,0.00645537,2.62273e-05,0.00375659,-4.71386e-06,7.7989e-07,6.65828e-06,6.00146e-06,0.00285506,3.29054e-07,0.00290942,0.00297699,0.00262108,0.000316093,8.59693e-05,0.000272784,0.00123328,-2.34762e-06,2.42836e-05,-4.13977e-06,0.00167827,0.0185891,0.00360458,2.5684e-05,0.00586487,1.44507e-06,0.00566773,1.9317e-05,3.2016e-05,1.03596e-06,0.00224549,5.13212e-06,8.54862e-06,9.11238e-05,6.28222e-05,0.00335023,0.00349318,0.000996544,1.40161e-06,0.000247009,0.000931045,0.00949842,2.41348e-05,0.00300711,1.30219e-05,1.48164e-05,-3.57828e-06,-5.8918e-06,-1.14747e-05,-7.82259e-06,0.00384435,0.00374185,0.00231163,0.000542059,0.0006167,0.000742908,0.000861308,0.000396707,0.000410445,0.000576349,0.00286704,0.0185733,0.0363316,0.000136423,0.0108839,-1.52236e-05,0.0137929,2.41515e-05,3.41255e-05,-1.80928e-05,3.71337e-06,2.01644e-05,-5.4083e-06,5.51521e-06,3.04016e-06,6.80285e-05,0,0.000102547,7.16339e-05,0.000167232,0.0125688,0,0.0325401,0,0,0.00213959,4.4242e-05,0.00012519,9.32807e-05,0.000244481,0.0122983,0,0.0138877,0.00240797,-0.000479676,0.00254241,
0.185,0.0020141,-4.40559e-05,0.00114997,0.000116818,0.00176653,0.00664182,2.27345e-05,0.00372898,-6.23894e-06,-2.33967e-07,7.6606e-06,7.20175e-06,0.00289427,1.77689e-06,0.00298057,0.00310727,0.00279442,0.000323308,0.000101362,0.0003414,0.00121347,-2.34762e-06,3.00521e-05,-1.29838e-05,0.00164454,0.0186297,0.00366806,3.13533e-05,0.00602653,1.43193e-05,0.00554718,1.63799e-05,3.23125e-05,2.82534e-06,0.00222852,4.20834e-06,9.97339e-06,0.00015911,9.11935e-05,0.00364643,0.00344528,0.00100485,1.40161e-06,0.000253502,0.000899258,0.00950219,2.62234e-05,0.00303842,1.45e-05,1.64446e-05,-4.08947e-06,-6.58045e-06,-1.38694e-05,-8.61475e-06,0.00386365,0.00376783,0.00232836,0.00061287,0.000695505,0.000814871,0.000954,0.00048365,0.000495465,0.000554694,0.0028967,0.0185589,0.0363615,0.000169128,0.010945,-1.70479e-05,0.0137967,2.74209e-05,3.98456e-05,-2.02101e-05,3.81652e-06,2.24749e-05,-5.98776e-06,7.78618e-06,4.22244e-06,6.76889e-05,0,0.000125125,8.85424e-05,0.000203754,0.0127306,0,0.0326137,0,0,0.00213645,2.24885e-05,0.000140745,0.000103836,0.000300463,0.0122205,0,0.0138456,0.00258775,-0.000613428,0.00236596,
0.19,0.00206252,-5.08338e-05,0.00118312,0.000133844,0.00181144,0.00676723,5.2645e-05,0.00388514,-7.62537e-06,-1.55978e-06,8.23336e-06,8.10197e-06,0.00293471,2.69825e-06,0.00307253,0.00326812,0.00298263,0.000336817,0.00011721,0.00042722,0.00120065,5.03062e-07,3.62858e-05,1.4301e-05,0.00164919,0.0186406,0.00369061,3.65932e-05,0.0062527,-2.36466e-05,0.00555743,4.12323e-05,7.17397e-05,4.80308e-06,0.00219876,2.36078e-06,1.10182e-05,0.00016423,8.44385e-05,0.00382335,0.00343713,0.00101358,2.58758e-06,0.000263067,0.000875768,0.00957222,3.01685e-05,0.00308668,1.52743e-05,1.72587e-05,-4.23552e-06,-6.88652e-06,-1.44681e-05,-9.20887e-06,0.00393839,0.00385304,0.00235051,0.000685277,0.000777317,0.000890277,0.00105132,0.000582843,0.000587896,0.000533129,0.00295009,0.0185685,0.0364085,0.000207744,0.0111246,-2.17031e-05,0.0138169,3.15341e-05,5.12208e-05,-2.12687e-05,2.99133e-06,2.36302e-05,-6.2775e-06,4.00123e-06,1.26673e-06,6.3614e-05,0,0.000148651,0.000104269,0.00024679,0.0128715,0,0.0326828,0,0,0.00216195,5.43839e-06,0.000156467,0.000113082,0.000367602,0.0121613,0,0.0138282,0.00275107,-0.000767797,0.00230225,
0.195,0.00211781,-5.62855e-05,0.00119994,0.000147559,0.00184035,0.00679361,2.77514e-05,0.00390571,-8.66519e-06,-2.80761e-06,8.51974e-06,8.47706e-06,0.00294133,4.54095e-06,0.00318174,0.00344859,0.00316823,0.000354783,0.000130892,0.000518181,0.0011992,5.86906e-06,4.22404e-05,-1.73117e-05,0.00165194,0.018667,0.00369641,4.06305e-05,0.00647573,1.76693e-05,0.00542858,1.97689e-05,7.50006e-05,6.59247e-06,0.00219788,5.13212e-07,1.13032e-05,0.000252632,0.000137418,0.00415184,0.00348791,0.00103209,4.42045e-06,0.000274386,0.00086048,0.00965468,3.01685e-05,0.00314991,1.51335e-05,1.72587e-05,-4.23552e-06,-6.96304e-06,-1.4967e-05,-8.81279e-06,0.00407288,0.00400057,0.00238325,0.000750666,0.000853715,0.000956256,0.00113432,0.000676984,0.000675897,0.000507985,0.00303063,0.0186269,0.0364685,0.00024874,0.0113334,-1.87464e-05,0.0138332,3.13231e-05,6.13609e-05,-2.10762e-05,4.84801e-06,2.34201e-05,-6.2775e-06,1.12467e-05,6.75591e-06,6.71229e-05,0,0.000169901,0.000117178,0.000290039,0.0129542,0,0.0327152,0,0,0.00218156,-8.37806e-06,0.000168778,0.000118974,0.000436796,0.0121263,0,0.0138536,0.00285613,-0.000920592,0.00228448,
0.2,0.00219074,-6.3358e-05,0.00121689,0.000176977,0.00187533,0.00689934,1.75907e-05,0.00409774,-9.63569e-06,-4.13342e-06,8.87771e-06,9.07721e-06,0.00295617,5.72555e-06,0.0033201,0.00365969,0.00337587,0.000379397,0.000161449,0.000615865,0.00120502,1.40857e-05,5.0428e-05,-7.52685e-06,0.00165625,0.0187113,0.0036934,4.56127e-05,0.00676525,2.6274e-06,0.00541052,1.32169e-05,9.58999e-05,1.10188e-05,0.0021912,-1.33435e-06,1.16831e-05,0.000316146,0.000174957,0.00436032,0.00357623,0.00105259,7.43929e-06,0.000288426,0.0008451,0.00992841,3.31853e-05,0.0032392,1.54151e-05,1.73401e-05,-4.38157e-06,-7.11607e-06,-1.52663e-05,-9.01083e-06,0.00428736,0.00423145,0.0024405,0.000812418,0.000926905,0.00102133,0.00121094,0.000768726,0.000760746,0.000483825,0.00314517,0.0187867,0.0365622,0.000293728,0.0116986,-2.1074e-05,0.0138563,3.40652e-05,7.54012e-05,-2.13649e-05,4.33227e-06,2.37352e-05,-6.47065e-06,1.10304e-05,6.33367e-06,7.01791e-05,0,0.000193522,0.000131541,0.000339163,0.0132412,0,0.0327711,0,0,0.00222628,-1.73441e-05,0.000182919,0.000126502,0.000510395,0.0122626,0,0.0140212,0.00297454,-0.00107938,0.00224466,
0.205,0.00227826,-8.22918e-05,0.00127803,0.000234392,0.00193113,0.00726062,9.10016e-05,0.00445225,-1.22699e-05,-6.08315e-06,1.04528e-05,1.10277e-05,0.00298787,7.43663e-06,0.0035371,0.00395118,0.00367644,0.000424947,0.00022222,0.000764765,0.00121056,2.93453e-05,6.90361e-05,3.38708e-05,0.00171974,0.0187015,0.00363831,5.86694e-05,0.00716189,-5.77371e-05,0.00537733,7.29755e-05,0.000183055,1.84589e-05,0.00215652,-3.69513e-06,1.40577e-05,0.000290935,0.000151796,0.00441428,0.00361716,0.00103598,1.31535e-05,0.000312293,0.00080539,0.0101803,4.54848e-05,0.00336446,1.78787e-05,2.0108e-05,-5.03881e-06,-8.11079e-06,-1.64637e-05,-1.07932e-05,0.00463108,0.00458474,0.00256631,0.000901475,0.00102707,0.00113748,0.00134987,0.000905991,0.000878138,0.000458055,0.00325469,0.0189863,0.0366749,0.000357449,0.0120927,-3.24602e-05,0.013863,4.56664e-05,0.000104717,-2.46371e-05,3.09448e-06,2.7411e-05,-7.43642e-06,3.89309e-06,1.01339e-06,6.61042e-05,0,0.000245412,0.000165631,0.000447233,0.0135569,0,0.0327733,0,0,0.00232121,-2.30764e-05,0.000221765,0.000152113,0.000621772,0.012361,0,0.0140778,0.00336429,-0.00132057,0.00198918,
0.21,0.00233996,-8.11867e-05,0.00126956,0.000268539,0.001924,0.00728425,2.2163e-05,0.00449305,-1.12301e-05,-6.3951e-06,8.87771e-06,9.52731e-06,0.00290345,8.4896e-06,0.00366821,0.00415927,0.00381339,0.000460171,0.000263267,0.000844751,0.00124202,4.05804e-05,7.17342e-05,-4.22444e-05,0.0018001,0.0187405,0.00356012,5.66078e-05,0.00750511,4.24982e-05,0.00525336,1.38947e-05,0.000167195,2.56164e-05,0.00218885,-5.02948e-06,1.19681e-05,0.000442203,0.000253701,0.004738,0.00386259,0.00106712,1.67115e-05,0.000330018,0.000830465,0.0105406,3.52739e-05,0.00351104,1.49927e-05,1.70145e-05,-4.30854e-06,-6.88652e-06,-1.61644e-05,-8.31769e-06,0.00495573,0.00492604,0.00263416,0.000939177,0.0010775,0.00116756,0.00136154,0.000959218,0.000933171,0.000435863,0.00341897,0.019194,0.0367819,0.000404433,0.012396,-1.86835e-05,0.0138986,4.91467e-05,0.000118887,-2.07875e-05,5.36376e-06,2.3105e-05,-6.2775e-06,2.19527e-05,1.44408e-05,8.04796e-05,0,0.000261254,0.000167994,0.00051686,0.0137741,0,0.0328984,0,0,0.0024134,-1.7491e-05,0.00022609,0.000162177,0.000681766,0.0126421,0,0.0144442,0.0032268,-0.00140477,0.00241743,
0.215,0.00238634,-0.000101447,0.00131148,0.000329549,0.00195792,0.00728759,3.08631e-05,0.00485583,-1.35177e-05,-8.34483e-06,1.03812e-05,1.11777e-05,0.00285444,1.03323e-05,0.00392288,0.00447395,0.00410626,0.000518735,0.000336466,0.000981786,0.00127086,6.59012e-05,9.50874e-05,-6.79298e-05,0.00176741,0.0187984,0.00350116,7.37877e-05,0.00777105,-3.28425e-06,0.00519431,2.33838e-05,0.00020892,3.57877e-05,0.0021815,-7.28761e-06,1.38678e-05,0.00051531,0.000307163,0.00478572,0.0039645,0.00104654,2.5768e-05,0.000358624,0.000798864,0.010567,4.68771e-05,0.0037052,1.71044e-05,1.91311e-05,-4.89275e-06,-7.88124e-06,-1.74615e-05,-9.80299e-06,0.00542133,0.00538955,0.00281015,0.00100961,0.00115821,0.00125952,0.00146039,0.00106397,0.00102356,0.000413135,0.00351549,0.0194268,0.036893,0.000469228,0.0125994,-2.90003e-05,0.0138957,6.42282e-05,0.000148332,-2.36747e-05,3.81652e-06,2.61507e-05,-7.33984e-06,1.75189e-05,1.08939e-05,8.96482e-05,0,0.000327184,0.000198266,0.000632192,0.0137849,0,0.0327682,0,0,0.00236358,-1.04358e-05,0.000264188,0.000195644,0.000780224,0.0125808,0,0.0144151,0.00357285,-0.00158425,0.00197815,
0.22,0.00246774,-0.000117581,0.00133463,0.000391883,0.00197874,0.00742443,6.33138e-05,0.00519346,-1.42109e-05,-9.43667e-06,1.03812e-05,1.14028e-05,0.00283599,1.13195e-05,0.00415848,0.00476643,0.00432812,0.000584514,0.000415822,0.00111279,0.00131543,9.34019e-05,0.000116022,-1.60886e-05,0.00178909,0.0188621,0.0034596,9.81832e-05,0.00816541,-3.34993e-05,0.00515185,5.08343e-05,0.000256054,4.71832e-05,0.00217606,-9.03253e-06,1.39627e-05,0.00058012,0.000359467,0.00479123,0.00417136,0.00105432,3.48245e-05,0.000390301,0.000797466,0.010994,5.18665e-05,0.00394126,1.7034e-05,1.91311e-05,-4.96578e-06,-7.88124e-06,-1.74615e-05,-9.80299e-06,0.00589869,0.0058677,0.00298425,0.00107117,0.00122899,0.00133566,0.00153041,0.00115148,0.00110091,0.000395776,0.00368365,0.0197717,0.0370423,0.000534945,0.0130674,-3.16424e-05,0.0139053,8.26846e-05,0.000181873,-2.35784e-05,2.88818e-06,2.60457e-05,-7.24326e-06,1.92492e-05,1.2414e-05,0.000100175,0,0.000401178,0.000225356,0.000746243,0.0141667,0,0.0327682,0,0,0.00244321,7.05521e-06,0.000309356,0.00023402,0.000871048,0.0128782,0,0.0147286,0.00376616,-0.00172265,0.00219748,
0.225,0.0025061,-0.000136956,0.00135912,0.000456393,0.00199378,0.00768982,7.25854e-05,0.0055376,-1.49734e-05,-1.02946e-05,1.04528e-05,1.17779e-05,0.00285162,1.23724e-05,0.00440621,0.00505509,0.00453185,0.000658781,0.000502818,0.00124271,0.00136903,0.000129455,0.000142352,-1.4301e-05,0.00186584,0.0189083,0.00345562,0.000131083,0.00861234,-1.20204e-05,0.0050923,5.8177e-05,0.000309414,5.96147e-05,0.00216967,-1.04695e-05,1.42477e-05,0.000637542,0.000411288,0.00474837,0.00435157,0.00105562,4.59296e-05,0.000426014,0.000796627,0.0113592,6.28896e-05,0.004218,1.71748e-05,1.92125e-05,-5.03881e-06,-7.95775e-06,-1.76611e-05,-9.90201e-06,0.00639047,0.00635531,0.00317673,0.00112941,0.00129546,0.00140803,0.0015925,0.00122725,0.00117077,0.000383785,0.00380754,0.0201269,0.0371967,0.000602504,0.0135248,-3.49765e-05,0.0139015,0.000105992,0.000220808,-2.35784e-05,1.75354e-06,2.61507e-05,-7.33984e-06,2.10876e-05,1.37652e-05,0.000111947,0,0.000483519,0.000255264,0.000860507,0.0146665,0,0.0328094,0,0,0.00250048,3.17484e-05,0.000364756,0.000279924,0.00096011,0.0132599,0,0.0151233,0.00396589,-0.00184681,0.00206331,
0.23,0.00251368,-0.000159426,0.00138233,0.000519768,0.0020145,0.00794085,9.6463e-05,0.00587013,-1.53894e-05,-1.09965e-05,1.05244e-05,1.18529e-05,0.00290698,1.3228e-05,0.00465386,0.00532795,0.00470336,0.000739625,0.000594146,0.00136313,0.0014337,0.000177078,0.000203294,-1.90053e-05,0.00193536,0.0189757,0.00351985,0.000173088,0.00897289,-1.28743e-05,0.00503276,8.22386e-05,0.000365368,7.27997e-05,0.00216269,-1.15986e-05,1.41527e-05,0.000691789,0.00046446,0.00466625,0.0044995,0.00106245,5.92987e-05,0.000465413,0.000800356,0.0116047,7.94823e-05,0.00453217,1.72452e-05,1.92939e-05,-5.03881e-06,-8.03427e-06,-1.77608e-05,-9.90201e-06,0.00686876,0.00682146,0.0033817,0.0011823,0.00135652,0.00147557,0.00164379,0.00128944,0.00123108,0.000378058,0.00389265,0.0204838,0.0373302,0.000669756,0.0138394,-3.83106e-05,0.0138803,0.000133519,0.000264944,-2.37709e-05,2.06298e-07,2.60457e-05,-7.43642e-06,2.3683e-05,1.57919e-05,0.000125756,0,0.000570224,0.000287263,0.000970714,0.0151239,0,0.0328255,0,0,0.00251617,6.42318e-05,0.000427975,0.00033221,0.00104584,0.0136808,0,0.0155652,0.0041618,-0.00195904,0.00214602,
0.235,0.00247138,-0.000186169,0.00139939,0.000579643,0.0020144,0.00781898,0.000124659,0.00617875,-1.5736e-05,-1.15424e-05,1.05244e-05,1.20029e-05,0.00291908,1.30306e-05,0.00489481,0.00557441,0.0048351,0.000825421,0.000687526,0.00147367,0.00150945,0.000240715,0.000286286,-2.38977e-05,0.00192572,0.0189688,0.00354433,0.000224284,0.00913995,-1.48448e-05,0.00497419,0.000110593,0.000423397,8.61729e-05,0.00215439,-1.21118e-05,1.43427e-05,0.000740397,0.000516763,0.00454825,0.00460617,0.00106193,7.47164e-05,0.000507882,0.000808372,0.0117395,0.000102225,0.00487773,1.73156e-05,1.93753e-05,-5.11183e-06,-8.03427e-06,-1.78606e-05,-1.0001e-05,0.00730818,0.00724489,0.00359067,0.00123027,0.00141287,0.00153876,0.00168739,0.00134008,0.00128262,0.000378327,0.00389949,0.020786,0.0374426,0.000735319,0.0141577,-4.18334e-05,0.0138409,0.000165791,0.00031415,-2.38671e-05,-1.44409e-06,2.61507e-05,-7.53299e-06,2.61702e-05,1.76498e-05,0.000140924,0,0.000657309,0.000335716,0.00107579,0.0153878,0,0.0327674,0,0,0.0023977,0.00010965,0.00049685,0.000389897,0.00112786,0.0140132,0,0.0159432,0.00435684,-0.00206333,0.00209762,
0.24,0.00241275,-0.000217112,0.00140841,0.000633559,0.00200062,0.00761264,0.000157173,0.00644938,-1.56667e-05,-1.13864e-05,1.04528e-05,1.19279e-05,0.00290999,1.37545e-05,0.00511757,0.00577906,0.00492072,0.000913692,0.000780223,0.00157372,0.00159538,0.000325649,0.00039077,-2.8602e-05,0.00187736,0.0189721,0.00355035,0.000284413,0.00922519,-1.79977e-05,0.0049249,0.000143466,0.000482761,9.92637e-05,0.00214432,-1.22144e-05,1.42477e-05,0.000779931,0.000564821,0.00440382,0.00468158,0.00105605,9.29373e-05,0.000552546,0.000821889,0.0118276,0.000131117,0.00524644,1.73156e-05,1.92125e-05,-5.11183e-06,-8.11079e-06,-1.77608e-05,-1.01991e-05,0.00767995,0.00759907,0.00379222,0.0012718,0.0014628,0.00159581,0.00171953,0.00137809,0.00132462,0.00038459,0.00387896,0.0210578,0.0375434,0.000797197,0.014427,-4.59224e-05,0.0137833,0.000202493,0.000368231,-2.36747e-05,-3.71337e-06,2.61507e-05,-7.53299e-06,2.80086e-05,1.91699e-05,0.000156998,0,0.00074041,0.000389805,0.0011719,0.0155842,0,0.0326799,0,0,0.00226511,0.000169913,0.000568054,0.000450447,0.00120165,0.0142843,0,0.016261,0.00453767,-0.00215622,0.00213928,
0.245,0.00236636,-0.000253948,0.00141468,0.000680854,0.00199117,0.00760103,0.000193116,0.0066597,-1.52507e-05,-1.10744e-05,1.03812e-05,1.17028e-05,0.00292014,1.34254e-05,0.00531676,0.0059439,0.00496631,0.00100423,0.000872349,0.00166785,0.00169414,0.00046265,0.000515724,-3.45294e-05,0.00184966,0.0190146,0.00358235,0.000353563,0.00935589,-2.04937e-05,0.00487658,0.000180292,0.000541382,0.000111601,0.0021333,-1.17012e-05,1.40577e-05,0.000812661,0.000608633,0.00425581,0.00473932,0.00105069,0.000114393,0.000598789,0.000837456,0.0119326,0.000166391,0.00562779,1.73156e-05,1.92939e-05,-5.18486e-06,-8.11079e-06,-1.75613e-05,-1.02981e-05,0.0079701,0.00786705,0.00398104,0.00130855,0.00150831,0.00164909,0.00174507,0.00140751,0.00135921,0.000396223,0.00387462,0.0213194,0.0376373,0.000854315,0.0146084,-5.03259e-05,0.0137054,0.000243624,0.000426797,-2.37709e-05,-6.2921e-06,2.61507e-05,-7.53299e-06,2.99552e-05,2.08589e-05,0.000173863,0,0.000819051,0.000448439,0.00125659,0.0158179,0,0.0325997,0,0,0.00219333,0.000253253,0.000639259,0.000512716,0.0012683,0.0145475,0,0.0165403,0.00472092,-0.00224476,0.00211171,
0.25,0.00231327,-0.000297193,0.00142118,0.000721149,0.00198317,0.00764513,0.00023268,0.00680424,-1.48348e-05,-1.03725e-05,1.0238e-05,1.14778e-05,0.00293197,1.28989e-05,0.00549279,0.00606157,0.00497544,0.00109589,0.000963449,0.00175713,0.00180309,0.00063302,0.00065668,-4.08331e-05,0.00184794,0.0190464,0.0036164,0.000430958,0.00952977,-2.3778e-05,0.0048351,0.000221186,0.00059867,0.000122714,0.00212162,-1.06748e-05,1.38678e-05,0.000837483,0.000646557,0.00411789,0.00478416,0.00104325,0.000139514,0.000645997,0.000857218,0.0121284,0.000208278,0.00601112,1.74563e-05,1.95381e-05,-5.18486e-06,-8.11079e-06,-1.73617e-05,-1.06942e-05,0.0081609,0.00803274,0.00414926,0.0013407,0.00154932,0.00169834,0.00176247,0.00142898,0.00138698,0.000413224,0.00387097,0.0215853,0.0377359,0.000906059,0.0148316,-5.51698e-05,0.013617,0.000289185,0.000489392,-2.39634e-05,-9.07713e-06,2.64658e-05,-7.62957e-06,3.1361e-05,2.21256e-05,0.000190842,0,0.000891622,0.000509073,0.00132995,0.0161789,0,0.0325607,0,0,0.00211801,0.000370546,0.000708134,0.000574903,0.00132791,0.0148921,0,0.0168639,0.00489724,-0.00232978,0.00213254,
0.255,0.00224981,-0.000347511,0.00142444,0.00075435,0.0019613,0.00765616,0.000274656,0.00687652,-1.40029e-05,-9.2807e-06,1.00948e-05,1.12527e-05,0.0029423,1.17801e-05,0.0056358,0.00613194,0.00495052,0.00118706,0.00105364,0.00184206,0.00192137,0.000824855,0.000807034,-4.81718e-05,0.00185413,0.0190492,0.00363831,0.000515397,0.00970621,-2.66024e-05,0.00479996,0.000265355,0.000652698,0.000131943,0.00211104,-9.13518e-06,1.35828e-05,0.00085576,0.000678499,0.00400742,0.00481117,0.00103201,0.000169594,0.000693556,0.000880988,0.0122926,0.000256316,0.00638473,1.77379e-05,1.97824e-05,-5.18486e-06,-8.26382e-06,-1.72619e-05,-1.11893e-05,0.00824253,0.00808933,0.00429014,0.00136838,0.00158582,0.00174351,0.00177259,0.00144331,0.00140896,0.000434789,0.00385158,0.0218228,0.0378295,0.000951969,0.0150557,-6.01395e-05,0.0135248,0.000338543,0.000555173,-2.44446e-05,-1.22748e-05,2.68859e-05,-7.62957e-06,3.2875e-05,2.34768e-05,0.000207821,0,0.00095869,0.000569435,0.00139371,0.016468,0,0.0325144,0,0,0.00204191,0.000527965,0.000773432,0.000635045,0.00138144,0.0152017,0,0.0171498,0.00506923,-0.00241098,0.00212274,
0.26,0.00217061,-0.000401439,0.00141879,0.000777997,0.00192535,0.00763115,0.000317077,0.00688197,-1.27552e-05,-7.7989e-06,9.80844e-06,1.05776e-05,0.00294266,1.08588e-05,0.00573414,0.00615186,0.00488818,0.00127152,0.00113721,0.00191394,0.00204139,0.00102172,0.000955712,-5.57927e-05,0.00187977,0.0190347,0.00364915,0.000603101,0.00982753,-2.877e-05,0.00478483,0.000311219,0.000700796,0.000139007,0.0021037,-6.67176e-06,1.32029e-05,0.000866713,0.0007033,0.00393236,0.00482153,0.00101739,0.000203449,0.000739009,0.000908953,0.0123219,0.000309343,0.00673838,1.78083e-05,1.99452e-05,-5.11183e-06,-8.26382e-06,-1.68628e-05,-1.15854e-05,0.00820896,0.00803186,0.00439145,0.00138791,0.00161419,0.00177719,0.00176863,0.00144552,0.00142088,0.000460381,0.00380686,0.0219935,0.0378966,0.000989894,0.0151227,-6.49205e-05,0.013446,0.000390643,0.000621605,-2.46371e-05,-1.55755e-05,2.72009e-05,-7.62957e-06,3.34157e-05,2.43213e-05,0.00022412,0,0.0010158,0.000624342,0.001444,0.0165716,0,0.0324386,0,0,0.00196384,0.00071581,0.000830496,0.000689704,0.00142451,0.0153814,0,0.0173174,0.00519093,-0.00247163,0.0021595,
0.265,0.00205961,-0.00046104,0.00141185,0.000795591,0.00187861,0.007527,0.000361911,0.00682816,-1.15074e-05,-6.00516e-06,9.59365e-06,1.00524e-05,0.00293277,8.81866e-06,0.00580726,0.00613526,0.00481247,0.00135286,0.00121566,0.00198513,0.00216957,0.00122152,0.00110058,-6.28492e-05,0.00188528,0.0189991,0.00364948,0.000693209,0.00985339,-3.36307e-05,0.00477409,0.000360246,0.000746374,0.000143339,0.00209863,-4.1057e-06,1.28229e-05,0.000868074,0.000718837,0.00389483,0.0047862,0.000991874,0.000244203,0.000783497,0.000937664,0.0122549,0.000367707,0.0070608,1.8301e-05,2.06779e-05,-5.25788e-06,-8.41686e-06,-1.65635e-05,-1.21795e-05,0.00807691,0.00787674,0.00446189,0.00140481,0.00163955,0.00180981,0.00176269,0.00144419,0.00142923,0.00048812,0.00371536,0.0220904,0.0379338,0.00102198,0.0150743,-7.08967e-05,0.0133797,0.000445485,0.000689141,-2.5407e-05,-1.92889e-05,2.80411e-05,-7.62957e-06,3.30913e-05,2.44057e-05,0.000238383,0,0.00106816,0.000675522,0.00148971,0.0165586,0,0.0323106,0,0,0.00183204,0.0009307,0.000882984,0.000740517,0.00146463,0.0154392,0,0.0173639,0.0053305,-0.00253573,0.00213193,
0.27,0.00195488,-0.000522851,0.00139694,0.000805522,0.00181722,0.00735985,0.000406618,0.00671931,-9.9823e-06,-3.97744e-06,9.30728e-06,9.52731e-06,0.00293444,6.77852e-06,0.00584122,0.00607836,0.00472097,0.00142748,0.00128384,0.00204633,0.00229658,0.00140338,0.00123362,-7.04701e-05,0.00188649,0.0189422,0.0036454,0.0007816,0.00982384,-3.71777e-05,0.00477897,0.000410176,0.000786172,0.000144752,0.00209892,-7.18497e-07,1.2443e-05,0.000862371,0.000726846,0.00389877,0.00472353,0.000968002,0.000306305,0.000825353,0.000970569,0.0122587,0.000429668,0.0073415,1.87233e-05,2.11663e-05,-5.25788e-06,-8.49337e-06,-1.62641e-05,-1.30707e-05,0.00785497,0.00763596,0.00449358,0.00141585,0.0016587,0.00183416,0.00174661,0.00143498,0.0014306,0.000516307,0.00360653,0.0221257,0.0379526,0.00104732,0.0151148,-7.65583e-05,0.0133355,0.000501697,0.000755377,-2.60806e-05,-2.28991e-05,2.89863e-05,-7.82272e-06,3.25506e-05,2.43213e-05,0.000250494,0,0.00111114,0.000719975,0.00152655,0.0165536,0,0.0321841,0,0,0.00172652,0.0011575,0.000927903,0.000785439,0.00149732,0.0154827,0,0.017403,0.00543348,-0.00258611,0.00216746,
0.275,0.0018287,-0.000586799,0.00137803,0.000809874,0.00174696,0.00715903,0.000449801,0.00656122,-8.31858e-06,-1.55978e-06,9.09249e-06,8.85215e-06,0.00291864,4.60676e-06,0.0058513,0.0060032,0.00463437,0.0014987,0.00134564,0.00210545,0.00242913,0.00156293,0.00135318,-7.99727e-05,0.00187031,0.0188701,0.00362896,0.000866898,0.0096707,-3.93453e-05,0.00478531,0.000459994,0.000819967,0.000142868,0.00210583,2.77135e-06,1.19681e-05,0.000853751,0.000730031,0.00394245,0.00461822,0.000937039,0.000382207,0.00086519,0.00100282,0.0120301,0.000494415,0.00756973,1.94272e-05,2.22246e-05,-5.33091e-06,-8.72292e-06,-1.61644e-05,-1.39618e-05,0.00757358,0.00733737,0.00449652,0.00142433,0.00167485,0.00185645,0.00172834,0.00142247,0.00142881,0.000543062,0.00346347,0.022051,0.0379235,0.0010672,0.0149034,-8.25974e-05,0.0133105,0.000558754,0.000819598,-2.71393e-05,-2.66125e-05,3.03516e-05,-7.9193e-06,3.17936e-05,2.41524e-05,0.000260682,0,0.00114775,0.000758883,0.00155998,0.0162494,0,0.0319626,0,0,0.0015955,0.00138297,0.000967913,0.000826188,0.00152727,0.0153029,0,0.0172398,0.00553855,-0.00263507,0.00213315,
0.28,0.00170691,-0.000647062,0.00134543,0.000805901,0.00165714,0.00671526,0.00049146,0.00638414,-6.37758e-06,8.57879e-07,8.73452e-06,8.02695e-06,0.00282636,1.44784e-06,0.00582562,0.00590675,0.00453726,0.00155946,0.00139478,0.00214767,0.00255264,0.00169314,0.00145255,-8.67469e-05,0.00180939,0.0187963,0.00355303,0.00094438,0.00942124,-4.41403e-05,0.00482826,0.00050936,0.000849092,0.000137688,0.00211935,6.67176e-06,1.13982e-05,0.000834048,0.00072289,0.00400007,0.00452107,0.000898378,0.000464686,0.000900377,0.00103741,0.0117154,0.000559161,0.0077392,2.00607e-05,2.42599e-05,-5.33091e-06,-8.87596e-06,-1.55657e-05,-1.4952e-05,0.00724506,0.00700202,0.00446366,0.00142471,0.00168217,0.00186571,0.00169708,0.00139955,0.00141816,0.000568922,0.00332337,0.0219212,0.0378703,0.00107987,0.0145702,-8.8322e-05,0.013323,0.000614545,0.000879463,-2.81979e-05,-3.03259e-05,3.17169e-05,-7.9193e-06,2.89819e-05,2.26323e-05,0.000266794,0,0.00117289,0.000788518,0.00158112,0.0157481,0,0.0316875,0,0,0.00146134,0.00156626,0.000998525,0.000859328,0.00154645,0.0149734,0,0.0169575,0.00557963,-0.00265839,0.00217052,
0.285,0.00169961,-0.000708358,0.00131056,0.000798239,0.00157783,0.00684717,0.00053115,0.0061893,-4.5059e-06,3.66549e-06,8.51974e-06,7.27677e-06,0.0028374,1.31622e-07,0.00579166,0.00581332,0.00446429,0.00162,0.00144232,0.00219602,0.00268694,0.00181371,0.0015428,-9.59673e-05,0.00187151,0.0187511,0.00351265,0.00101619,0.00936015,-4.76216e-05,0.00485657,0.000557596,0.000874068,0.000128741,0.00214065,1.08801e-05,1.10182e-05,0.00081117,0.000710924,0.00407348,0.00443089,0.000873209,0.000553419,0.000934247,0.00107199,0.0116529,0.000624255,0.00784415,2.11165e-05,2.75976e-05,-5.47696e-06,-9.33506e-06,-1.57652e-05,-1.61403e-05,0.0069174,0.00667074,0.00441925,0.00142535,0.00168918,0.00187801,0.00166867,0.00137733,0.00140725,0.000592097,0.00327842,0.0217642,0.0378099,0.00108901,0.0143283,-9.53048e-05,0.0133441,0.000669703,0.000936209,-2.99302e-05,-3.44518e-05,3.37124e-05,-8.20903e-06,2.66028e-05,2.13656e-05,0.000269737,0,0.00119452,0.000814063,0.00160333,0.0154073,0,0.0314286,0,0,0.00165669,0.00172485,0.00102639,0.00088993,0.00156661,0.0146559,0,0.0166361,0.00565713,-0.00269392,0.00212335,
0.29,0.00154879,-0.000760665,0.00129497,0.000781497,0.00157494,0.00660776,0.000565188,0.00600905,-2.49557e-06,6.31711e-06,8.09017e-06,6.45157e-06,0.00277638,-3.22473e-06,0.00572492,0.005705,0.00437416,0.00166605,0.00147402,0.00221757,0.00279618,0.00190552,0.0016123,-0.00010387,0.00177636,0.0187741,0.00351824,0.00107624,0.00903937,-4.94608e-05,0.00492734,0.0006012,0.000891039,0.000116404,0.00217129,1.49858e-05,1.03533e-05,0.000782005,0.000692395,0.00414157,0.00436736,0.000856862,0.000636545,0.000961186,0.00110722,0.0115877,0.000684824,0.00788355,2.175e-05,3.17495e-05,-5.40394e-06,-9.33506e-06,-1.52663e-05,-1.73285e-05,0.00658816,0.00634915,0.00434209,0.00141553,0.0017354,0.0018717,0.0016242,0.00134197,0.00138561,0.000614289,0.00316274,0.0216168,0.0377278,0.00109054,0.0139857,-0.000100149,0.0134056,0.000720432,0.00098548,-3.1085e-05,-3.75463e-05,3.53927e-05,-8.20903e-06,2.34667e-05,1.93388e-05,0.000268718,0,0.00120258,0.000828153,0.00160825,0.0153605,0,0.0312947,0,0,0.00111535,0.0018417,0.00104269,0.000911205,0.00157209,0.0146638,0,0.0165773,0.00563113,-0.0026895,0.00219687,
0.295,0.00144727,-0.000814077,0.00128423,0.000763146,0.00154535,0.00642958,0.000598909,0.00586538,-4.85251e-07,9.20271e-06,7.87539e-06,5.7764e-06,0.00274954,-5.92298e-06,0.00567181,0.00562239,0.00431371,0.00171648,0.00151016,0.00225445,0.00292727,0.00200236,0.00168134,-0.00011168,0.00169118,0.0187382,0.00353091,0.00113078,0.00866291,-5.56352e-05,0.00498688,0.000644353,0.00090853,0.000100394,0.00220905,1.97073e-05,9.8784e-06,0.000744934,0.000666147,0.00419093,0.00427667,0.000835672,0.00071924,0.0009883,0.00114386,0.0113708,0.000743885,0.00786178,2.31578e-05,3.75295e-05,-5.54999e-06,-9.87068e-06,-1.53661e-05,-1.88138e-05,0.00630992,0.00608217,0.00427695,0.00140845,0.00172889,0.00187456,0.00158765,0.00131059,0.00136653,0.000634691,0.00302675,0.0214152,0.0376169,0.00109046,0.0135469,-0.000107886,0.0134537,0.00076979,0.00103241,-3.32985e-05,-4.18786e-05,3.79133e-05,-8.40219e-06,1.90329e-05,1.66364e-05,0.000263059,0,0.00121188,0.000840062,0.00161924,0.0150189,0,0.0310343,0,0,0.00181596,0.00196355,0.00105875,0.00093297,0.00158315,0.0144933,0,0.0163604,0.0056814,-0.00270929,0.00210926,
0.3,0.00135508,-0.000859164,0.00126563,0.000737607,0.00151991,0.00617206,0.000643108,0.00583232,1.52507e-06,1.19323e-05,7.51742e-06,4.87618e-06,0.00273197,-8.68704e-06,0.00559656,0.00553074,0.00424028,0.0017551,0.00153388,0.00226879,0.0030339,0.00207773,0.0017353,-0.000101801,0.00158088,0.0187266,0.00356087,0.0011745,0.00822906,-8.16464e-05,0.00512598,0.000695978,0.000940916,8.0899e-05,0.0022463,2.3813e-05,9.49847e-06,0.000659708,0.000602939,0.00415919,0.00419599,0.000827369,0.000792123,0.00100989,0.00118031,0.0111623,0.000799348,0.0077903,2.41432e-05,4.44493e-05,-5.62301e-06,-1.00237e-05,-1.42685e-05,-2.02991e-05,0.00605829,0.00584744,0.00419355,0.00139346,0.00171575,0.00186284,0.00153657,0.00126942,0.00133944,0.000656435,0.00290217,0.0211939,0.0374884,0.00108486,0.0131061,-0.000117197,0.0135296,0.000816194,0.00107538,-3.50308e-05,-4.61077e-05,4.02238e-05,-8.59534e-06,9.19202e-06,9.71162e-06,0.000247325,0,0.00121046,0.000842516,0.00161647,0.0146709,0,0.0308084,0,0,0.000559095,0.00205909,0.00106582,0.000948108,0.00158286,0.0143292,0,0.0161819,0.00564361,-0.00269557,0.002184,
0.305,0.00137827,-0.000893422,0.00122714,0.000704501,0.00146285,0.00609291,0.000658095,0.00573648,3.46608e-06,1.4428e-05,7.01625e-06,3.97597e-06,0.00273303,-1.12537e-05,0.0055035,0.00543497,0.00415054,0.00178028,0.00154414,0.00226226,0.00311663,0.00213164,0.00177326,-0.000124381,0.00157038,0.0186662,0.00356001,0.00120612,0.00794749,-5.78685e-05,0.00516844,0.000722525,0.000934394,5.84846e-05,0.00230757,2.76108e-05,8.54862e-06,0.000632358,0.000577559,0.00421654,0.00413689,0.000833423,0.000852392,0.0010248,0.00121433,0.0110644,0.000842976,0.00766513,2.49175e-05,5.21831e-05,-5.54999e-06,-1.02533e-05,-1.51666e-05,-2.10913e-05,0.00584468,0.00564982,0.00409825,0.00136972,0.001694,0.0018367,0.00147316,0.00121733,0.00130341,0.000671557,0.00285106,0.0209358,0.0373629,0.00107311,0.0128379,-0.000117511,0.013593,0.000853107,0.00110528,-3.63782e-05,-4.73455e-05,4.20092e-05,-8.59534e-06,1.28688e-05,1.27518e-05,0.000236458,0,0.00119765,0.000834244,0.00159917,0.0142394,0,0.0305929,0,0,0.00645269,0.00212964,0.00106258,0.000955554,0.00157033,0.014061,0,0.0159367,0.00554357,-0.00265524,0.00218952,
0.31,0.00124233,-0.000926648,0.00118631,0.000669408,0.00141544,0.00577632,0.000678416,0.00578854,5.4764e-06,1.71576e-05,6.80147e-06,3.22578e-06,0.00270566,-1.38861e-05,0.00542762,0.00535483,0.00407685,0.00180984,0.00155908,0.00226898,0.00322412,0.00219645,0.00181355,-0.000129274,0.00146593,0.0186702,0.003583,0.00123326,0.00757898,-6.7984e-05,0.00528606,0.000752348,0.000939063,3.26798e-05,0.00236759,3.18192e-05,8.0737e-06,0.000576167,0.000530949,0.00418479,0.00407489,0.000836018,0.000908996,0.00103937,0.00124985,0.0108513,0.000883704,0.00751476,2.63253e-05,6.17894e-05,-5.62301e-06,-1.05593e-05,-1.48672e-05,-2.28736e-05,0.00568508,0.00550636,0.00402698,0.00134759,0.00167485,0.00181817,0.0014124,0.00116676,0.00126856,0.000687127,0.00275774,0.0207287,0.0372449,0.00106006,0.012482,-0.000123424,0.0136266,0.0008877,0.00113355,-3.87841e-05,-5.14714e-05,4.49498e-05,-8.78849e-06,6.16406e-06,8.19154e-06,0.000218914,0,0.00118475,0.000822881,0.00158646,0.0138251,0,0.0302942,0,0,0.000721891,0.0022149,0.00105991,0.000964064,0.0015629,0.0138277,0,0.015695,0.00551341,-0.00263342,0.00217726,
0.315,0.00132693,-0.000947866,0.00114261,0.000627505,0.00135829,0.00600471,0.000666477,0.00580243,7.20944e-06,1.91853e-05,6.15712e-06,2.32556e-06,0.0027212,-1.63869e-05,0.00533149,0.00526059,0.00397297,0.00182399,0.00155896,0.00224881,0.00329433,0.00223544,0.00183681,-0.000160698,0.00157193,0.0186315,0.0035932,0.00124967,0.00753778,-3.40248e-05,0.00532804,0.000754042,0.000904083,4.52055e-06,0.002447,3.50011e-05,7.21883e-06,0.000581481,0.000527186,0.00423057,0.00403039,0.000839823,0.000952769,0.00104718,0.00128322,0.0109868,0.000914568,0.0073495,2.70995e-05,7.19655e-05,-5.54999e-06,-1.07124e-05,-1.50668e-05,-2.37648e-05,0.00554406,0.00538459,0.00394052,0.00131646,0.00164637,0.00178309,0.00133776,0.00110469,0.00122503,0.000700728,0.00275227,0.0205832,0.0371689,0.00104148,0.0123838,-0.000124368,0.0136526,0.000914277,0.00115214,-4.00352e-05,-5.29155e-05,4.98859e-05,-8.69192e-06,5.62335e-06,8.10709e-06,0.000201708,0,0.00116047,0.000800427,0.00155752,0.0137813,0,0.0302023,0,0,0.0039676,0.00227545,0.00104785,0.000966355,0.00154205,0.0138056,0,0.0156203,0.0053839,-0.00257344,0.0022563,
0.32,0.00120003,-0.000963484,0.00108736,0.00058144,0.00129439,0.00580901,0.000680829,0.00606831,8.94247e-06,2.1447e-05,5.65596e-06,1.42535e-06,0.00272782,-1.82954e-05,0.00523726,0.00516507,0.00386745,0.00183517,0.00155623,0.00222706,0.00336774,0.00227191,0.00185541,-0.000149502,0.00157021,0.0186363,0.00362435,0.00126006,0.00746079,-7.08084e-05,0.00552814,0.000775957,0.000909493,-2.61815e-05,0.00250732,3.82856e-05,6.55394e-06,0.000498653,0.000461082,0.0041033,0.00398182,0.000845186,0.00098975,0.00105236,0.00131594,0.0108968,0.000940792,0.00719646,2.79442e-05,8.34442e-05,-5.47696e-06,-1.09419e-05,-1.46677e-05,-2.50521e-05,0.00543467,0.00529123,0.00386643,0.00128265,0.00161509,0.00174629,0.0012574,0.00103732,0.00117826,0.000716029,0.00271713,0.0204946,0.0371166,0.00102014,0.0122503,-0.000128205,0.0136487,0.000937163,0.00116774,-4.17675e-05,-5.601e-05,5.66074e-05,-8.78849e-06,-1.08141e-06,3.4624e-06,0.000178617,0,0.00113087,0.000771882,0.00152506,0.0135842,0,0.0300412,0,0,0.000442588,0.00233939,0.00103221,-0.229495,0.00151964,0.0137328,0,0.015547,0.00527294,-0.00251354,0.00226549,
0.325,0.00117756,-0.000975714,0.00104033,0.000532065,0.0012516,0.00558594,0.000686481,0.00631327,1.06062e-05,2.34747e-05,5.22639e-06,6.75164e-07,0.00269577,-2.04672e-05,0.00514176,0.00506733,0.00375985,0.00184606,0.00155303,0.00220719,0.00344581,0.00230956,0.00187272,-0.00015176,0.00154113,0.0186489,0.00364185,0.00126676,0.00743749,-7.02829e-05,0.00562868,0.000789287,0.000904379,-5.91438e-05,0.00257307,4.14675e-05,5.88905e-06,0.000425028,0.000399032,0.00403641,0.00394853,0.000841207,0.00102306,0.0010563,0.00134977,0.0110316,0.000961678,0.00707259,2.89296e-05,9.58997e-05,-5.47696e-06,-1.10949e-05,-1.4967e-05,-2.61413e-05,0.00535089,0.00521868,0.00380718,0.00124775,0.00158311,0.00171023,0.00117373,0.000964838,0.00112962,0.000730883,0.0026715,0.0205338,0.0371231,0.00099688,0.0123222,-0.00013003,0.0136026,0.000955303,0.00117866,-4.34998e-05,-5.82793e-05,6.52192e-05,-8.69192e-06,-2.37911e-06,2.70236e-06,0.000155186,0,0.00109899,0.000738702,0.00149142,0.0137805,0,0.0299897,0,0,0.0075797,0.0024095,0.00101599,0.00351832,0.00149742,0.013939,0,0.0157255,0.00517498,-0.00245334,0.00230409,
0.33,0.00124437,-0.000980723,0.000958076,0.00047796,0.00112227,0.00554007,0.000681083,0.0065839,1.21313e-05,2.51905e-05,4.72523e-06,-7.50182e-08,0.00269709,-2.25073e-05,0.00503924,0.00495963,0.00364396,0.00184938,0.00154323,0.00217565,0.00350495,0.0023348,0.00188202,-0.000161733,0.00167827,0.0185316,0.00358407,0.00126779,0.00764376,-6.14812e-05,0.00572434,0.000791999,0.000886593,-3.44692e-05,0.00264095,4.41362e-05,5.12917e-06,0.000363134,0.000344026,0.00400943,0.00391813,0.000834461,0.0010498,0.00105701,0.00138212,0.0109699,0.00097769,0.0070017,2.94928e-05,0.000109088,-5.25788e-06,-1.11715e-05,-1.46677e-05,-2.71315e-05,0.0052806,0.00515912,0.00374569,0.00120826,0.00154691,0.00166761,0.00107928,0.000882188,0.00107612,0.0007469,0.00268701,0.0204836,0.0371336,0.000970624,0.0124073,-0.000132231,0.0135459,0.000969435,0.00118614,-4.46547e-05,-6.07549e-05,7.49864e-05,-8.69192e-06,-6.92105e-06,-3.37796e-07,0.000128134,0,0.00106076,0.000698976,0.00145073,0.0134627,0,0.0298808,0,0,0.000966672,0.00247285,0.000995613,0.00134848,0.00147021,0.0137293,0,0.0156051,0.00504478,-0.00237641,0.00236413,
0.335,0.000982397,-0.000980429,0.000878149,0.000419504,0.00107987,0.00498269,0.000670161,0.00689727,1.3379e-05,2.67502e-05,4.29567e-06,-8.252e-07,0.00265515,-2.42842e-05,0.00493374,0.00484799,0.00352866,0.0018479,0.0015292,0.00213847,0.00355506,0.00235274,0.00188547,-0.00017133,0.00158225,0.0185782,0.00363154,0.00126436,0.00751818,-5.70146e-05,0.00582781,0.000788948,0.000864063,-3.45634e-05,0.00270436,4.63944e-05,4.46428e-06,0.000300138,0.000287187,0.00400053,0.00385257,0.000824601,0.00107137,0.0010556,0.00141353,0.010538,0.000989525,0.00699921,3.00559e-05,0.000122846,-5.18486e-06,-1.10949e-05,-1.43683e-05,-2.84188e-05,0.00522795,0.0051164,0.00369327,0.00116584,0.00150771,0.00162138,0.000974916,0.000790951,0.00101836,0.000762738,0.00255947,0.0204239,0.0371172,0.000941988,0.0121007,-0.000133678,0.013469,0.000980087,0.00119023,-4.57133e-05,-6.2921e-05,8.56987e-05,-8.59534e-06,-1.05979e-05,-2.87126e-06,9.84772e-05,0,0.00101722,0.000653432,0.00140481,0.0131887,0,0.0297521,0,0,0.00129069,0.00253429,0.000972322,0.000708851,0.00144007,0.0135231,0,0.0154796,0.00491094,-0.00229252,0.00239476,
0.34,0.00111411,-0.000975051,0.000759303,0.000356129,0.000945135,0.00429557,0.000655428,0.00722699,1.46268e-05,2.8154e-05,3.7945e-06,-1.50036e-06,0.00256331,-2.58637e-05,0.00482618,0.00473789,0.0034223,0.00184259,0.00151176,0.00209764,0.00359875,0.0023649,0.00188482,-0.000179703,0.00149088,0.0185281,0.00359664,0.00125766,0.00749005,-5.45842e-05,0.00592347,0.00078138,0.000839087,-3.67295e-05,0.00276041,4.84472e-05,3.79939e-06,0.000232346,0.000226488,0.00402026,0.0037899,0.000804016,0.00108862,0.00105262,0.00144346,0.0101223,0.000997648,0.0070737,3.03374e-05,0.00013693,-5.03881e-06,-1.10949e-05,-1.41688e-05,-2.85178e-05,0.00520105,0.00509493,0.00364862,0.00112074,0.00146651,0.00157319,0.000857785,0.000692579,0.000956428,0.000777592,0.00248257,0.0203884,0.0371317,0.000911126,0.0119185,-0.000134244,0.0133826,0.00098747,0.00119134,-4.64832e-05,-6.4984e-05,9.69362e-05,-8.30561e-06,-1.33014e-05,-4.56024e-06,6.72361e-05,0,0.000968651,0.00060307,0.00135569,0.012709,0,0.0295586,0,0,0.000311567,0.00259691,0.000946868,0.000293589,0.00140836,0.0131186,0,0.015214,0.00477536,-0.00220278,0.00241804,
0.345,0.000875041,-0.0009654,0.000664029,0.000287646,0.000920175,0.00390969,0.00063771,0.0075444,1.56667e-05,2.93239e-05,3.43653e-06,-2.02549e-06,0.00248675,-2.73773e-05,0.00472083,0.00463117,0.00332917,0.00183403,0.00149192,0.00205424,0.00363546,0.00237177,0.00188044,-0.000187136,0.00138041,0.0185393,0.00356248,0.00124786,0.00763012,-5.24166e-05,0.00601132,0.000770083,0.000812111,-3.83305e-05,0.00280713,5.02948e-05,3.41945e-06,0.00015911,0.000161543,0.00407752,0.00375321,0.00078101,0.00110285,0.00104841,0.00147254,0.0103317,0.00100264,0.00722554,3.04078e-05,0.000151095,-4.7467e-06,-1.08654e-05,-1.37696e-05,-2.85178e-05,0.00519839,0.00509945,0.00361599,0.00107346,0.00142369,0.0015236,0.000731187,0.000586947,0.000890491,0.000791909,0.00244059,0.0205028,0.037223,0.000878882,0.0122365,-0.000133993,0.0132999,0.000991899,0.00118984,-4.70606e-05,-6.7047e-05,0.000108384,-8.11246e-06,-1.52479e-05,-5.99587e-06,3.50896e-05,0,0.000915622,0.000548163,0.00130368,0.0131175,0,0.0296454,0,0,0.00744711,0.00265967,0.000920167,-5.26136e-05,0.00137567,0.0132906,0,0.0154034,0.00464499,-0.00210884,0.002445,
0.35,0.00106321,-0.000952286,0.000593004,0.000213677,0.000917669,0.00372048,0.000621897,0.0078407,1.66372e-05,3.04157e-05,3.15015e-06,-2.55062e-06,0.00243024,-2.86277e-05,0.00462321,0.00453583,0.0032517,0.00182286,0.00146957,0.00200866,0.00366517,0.00237395,0.00187272,-0.000189018,0.00128817,0.01858,0.00355808,0.00123592,0.00781168,-5.64234e-05,0.00609966,0.000759352,0.000789136,-4.00257e-05,0.00284093,5.41952e-05,2.84954e-06,6.85049e-05,8.38595e-05,0.00415781,0.00374387,0.000762847,0.0011146,0.00104341,0.0015006,0.0103618,0.00100855,0.00745411,3.04078e-05,0.000165097,-4.52762e-06,-1.07124e-05,-1.23727e-05,-2.9508e-05,0.005224,0.00513479,0.00359455,0.00102473,0.00138028,0.00147377,0.000598865,0.0004738,0.000821316,0.000810163,0.00242394,0.0206389,0.0373157,0.000845256,0.0123389,-0.000138774,0.0132365,0.000997067,0.00119088,-4.70606e-05,-7.04509e-05,0.000119621,-7.62957e-06,-2.58458e-05,-1.35118e-05,-6.67834e-06,0,0.000859274,0.000489347,0.00124965,0.013403,0,0.0297646,0,0,0.000640689,0.00272419,0.000893215,-0.000127975,0.00134298,0.0134782,0,0.0156559,0.00451756,-0.0020122,0.00246338,
0.355,0.000846744,-0.000930921,0.000541745,0.000133276,0.000924415,0.00367067,0.000607545,0.00808531,1.70531e-05,3.08057e-05,2.86378e-06,-2.85069e-06,0.00241461,-2.93517e-05,0.00452117,0.00445008,0.00318851,0.00180086,0.00143822,0.00194933,0.0036608,0.0023545,0.00185318,-0.000184502,0.00123999,0.0186117,0.00356721,0.001219,0.00810773,-6.14155e-05,0.00618068,0.00074862,0.000769052,-4.06849e-05,0.00286032,5.84035e-05,2.4696e-06,-4.01178e-05,-7.04458e-06,0.00426553,0.00376459,0.000759733,0.00111902,0.00103481,0.00152278,0.0106566,0.00101296,0.00774143,2.96335e-05,0.000178123,-4.16249e-06,-1.03298e-05,-1.06765e-05,-2.9409e-05,0.00527385,0.00519545,0.00357276,0.000972223,0.00133366,0.00141771,0.000462799,0.000350678,0.000748138,0.000830297,0.00245885,0.0208301,0.0374337,0.000809634,0.0126894,-0.000143869,0.0132163,0.00100118,0.00119147,-4.62907e-05,-7.34422e-05,0.000129703,-7.33984e-06,-3.62274e-05,-2.09433e-05,-5.73884e-05,0,0.000797517,0.000424531,0.00118856,0.0139503,0,0.0300184,0,0,0.00210075,0.00276682,0.000862521,-0.000136893,0.00130461,0.0138648,0,0.0161101,0.0043558,-0.00190184,0.00250933,
0.36,0.00109938,-0.000913387,0.000503317,4.78622e-05,0.000929426,0.00367599,0.000577063,0.00818168,1.78849e-05,3.28334e-05,2.79218e-06,-3.15077e-06,0.00240269,-3.10627e-05,0.00444505,0.00439546,0.00315551,0.00178891,0.00141633,0.00190969,0.00369605,0.00235777,0.00184416,-0.000200967,0.00122898,0.0186397,0.00358633,0.00120457,0.00836828,-4.03963e-05,0.00618019,0.000723768,0.000728439,-4.2286e-05,0.00287987,6.42542e-05,2.27963e-06,-0.00011478,-7.41129e-05,0.00446731,0.00380382,0.000766306,0.00112959,0.00103007,0.00155168,0.0108441,0.00100635,0.00803908,2.95631e-05,0.000191148,-3.94341e-06,-1.01002e-05,-1.37696e-05,-2.90129e-05,0.00536768,0.00529443,0.00358855,0.000922081,0.00129175,0.00137271,0.000325192,0.00021739,0.000675471,0.000836381,0.00248554,0.021011,0.0375351,0.000775087,0.0128939,-0.000129778,0.0131539,0.000995169,0.00117769,-4.65794e-05,-7.09666e-05,0.000139681,-6.95353e-06,-9.84087e-06,-1.35118e-06,-1.85635e-05,0,0.000738607,0.000358169,0.00113464,0.014312,0,0.030164,0,0,-0.000105033,0.00284869,0.000837733,-0.00013493,0.00127604,0.014188,0,0.0165033,0.00428264,-0.00181209,0.00251791,
0.365,0.000837262,-0.000892759,0.000479068,-4.21868e-05,0.000946195,0.00372147,0.000549058,0.0082441,1.82316e-05,3.5329e-05,2.72059e-06,-3.22578e-06,0.00240472,-3.20499e-05,0.00438044,0.00435948,0.00313973,0.00177186,0.00139056,0.00186322,0.00370567,0.00234754,0.00182983,-0.00020887,0.00123758,0.0186478,0.00359621,0.00118842,0.00859671,-4.0462e-05,0.00622412,0.000699932,0.000692792,-4.32277e-05,0.00288464,7.07206e-05,2.27963e-06,-5.52187e-05,-3.28104e-05,0.00464459,0.00385817,0.000783951,0.00113778,-0.00144424,0.00157657,0.011061,0.00100124,0.00836013,2.89296e-05,0.000203197,-3.65131e-06,-9.64113e-06,-1.26721e-05,-2.88149e-05,0.00548617,0.00542038,0.00360893,0.000871237,0.00125034,0.00132763,0.000184723,6.95168e-05,0.000601186,0.000847656,0.00252775,0.0211751,0.0376202,0.000740463,0.0130951,-0.000125374,0.013176,0.000990106,0.00116735,-4.57133e-05,-7.27202e-05,0.000148607,-6.47065e-06,-1.47072e-05,-5.15138e-06,-2.17329e-05,0,0.000678938,0.000287445,0.00107857,0.0146565,0,0.030334,0,0,0.0102511,0.00291586,0.000813693,-0.00012642,0.00124765,0.0145154,0,0.0168893,0.00418954,-0.0017123,0.0025565,
0.37,0.00128186,-0.000853271,0.00044463,-8.32386e-06,0.000955447,0.00376281,0.000562203,0.00839692,1.7469e-05,3.65769e-05,2.64899e-06,-3.15077e-06,0.00244587,-3.05362e-05,0.00429976,0.00431692,0.00313158,0.00172454,0.00133994,0.0017772,0.00361623,0.0022751,0.00178266,-0.000159569,0.00128163,0.0186297,0.00359277,0.00116128,0.00877258,-9.93157e-05,0.00638518,0.000708969,0.000711987,-4.14384e-05,0.00284945,7.48263e-05,2.18465e-06,-0.000162351,-0.000114933,0.00466551,0.00392271,0.000816212,0.00112463,-0.000700137,0.00157899,0.0111694,0.00100496,0.0087038,2.66772e-05,0.000212152,-3.0671e-06,-8.72292e-06,-6.28614e-06,-2.80227e-05,0.00560776,0.00554853,0.00360315,0.000815608,0.00120202,0.00126599,3.96307e-05,-7.3242e-06,0.00052264,0.000874948,0.00260236,0.0212913,0.0376782,0.000703075,0.0132685,-0.0001428,0.013323,0.000993587,0.00117086,-4.23449e-05,-7.83934e-05,0.000153228,-5.69803e-06,-5.61254e-05,-3.56374e-05,-6.39536e-05,0,0.000611205,0.000208447,0.0010067,0.0148413,0,0.0305539,0,0,0.00171671,0.00289087,0.000779255,-0.000110791,0.00120205,0.0147201,0,0.0171832,0.00397161,-0.00157713,0.00263554,
0.375,0.000901734,-0.000826307,0.000407,-1.59856e-05,0.000931161,0.00378348,0.000540358,0.00822669,1.80929e-05,3.89165e-05,3.00697e-06,-3.07575e-06,0.00245567,-3.26422e-05,0.00427265,0.00432737,0.00315055,0.00170361,0.00131257,0.00173607,0.00364041,0.00226554,0.00176405,-0.000168884,0.00131209,0.0185972,0.00357097,0.00114186,0.00886492,-6.38458e-05,0.00630221,0.000688409,0.000682268,-4.30394e-05,0.00283836,8.08822e-05,2.56459e-06,-0.000120353,-7.46919e-05,0.00489326,0.00399031,0.000849683,0.00112829,-0.000229811,0.00160118,0.0114081,0.000996139,0.00897839,2.64661e-05,0.000220862,-2.84802e-06,-8.49337e-06,-1.05767e-05,-2.71315e-05,0.00577955,0.00572479,0.00366464,0.000766997,0.00116402,0.00122698,-0.000113388,-3.01808e-05,0.000446992,0.00088148,0.00264069,0.0213925,0.0377187,0.000669142,0.0134773,-0.000130218,0.0133307,0.000985571,0.00115773,-4.23449e-05,-7.58146e-05,0.00015806,-5.4083e-06,-2.28178e-05,-1.04717e-05,-3.10147e-05,0,0.000551631,0.000129086,0.000948395,0.0149542,0,0.0305421,0,0,0.000189176,0.00297451,0.000757212,-0.000101545,0.00117719,0.0149234,0,0.0174067,0.00395652,-0.00148304,0.0026484,
0.38,0.00131482,-0.000805236,0.000469738,-2.40257e-05,0.00101452,0.00405558,0.000500223,0.00796503,1.83702e-05,4.2348e-05,3.29334e-06,-2.92571e-06,0.00244755,-3.43533e-05,0.00426832,0.00435665,0.00317129,0.00169088,0.00129307,0.00170572,0.00366838,0.00226596,0.00175409,-0.000197392,0.00135941,0.0185806,0.00352951,0.00112631,0.00891607,-2.83759e-05,0.00624169,0.000651583,0.000628908,-4.44521e-05,0.00283395,8.84778e-05,2.94452e-06,-5.68389e-05,-3.12664e-05,0.00513367,0.00408593,0.000882377,0.00113929,0.000116002,0.00162653,0.0119966,0.000985464,0.00919561,2.60437e-05,0.000228922,-2.55592e-06,-8.1873e-06,-1.16743e-05,-2.66364e-05,0.00597587,0.00591757,0.00374333,0.000722915,0.00113274,0.00119936,-0.00025826,-4.71654e-05,0.000372195,0.000885149,0.00269568,0.0215384,0.0377595,0.000637896,0.0138352,-0.000117197,0.0133691,0.000974919,0.00114213,-4.17675e-05,-7.48863e-05,0.00016226,-5.022e-06,-7.24548e-06,2.53347e-07,-1.44886e-05,0,0.0004968,8.52698e-05,0.000895855,0.0155022,0,0.030665,0,0,0.0105159,0.00307122,0.000743403,-9.47535e-05,0.0011628,0.0155098,0,0.0178819,0.00396606,-0.00139682,0.00269374,
0.385,0.00106642,-0.000773705,0.000525048,-2.96064e-05,0.00101876,0.00428219,0.000462502,0.00771954,1.78156e-05,4.49997e-05,3.65132e-06,-2.4756e-06,0.00245859,-3.41558e-05,0.00425193,0.0043799,0.00318968,0.00165806,0.00125773,0.00164916,0.00361215,0.00221733,0.00172199,-0.000207176,0.00143667,0.0185301,0.00347377,0.00110501,0.00890072,-2.57485e-05,0.00624022,0.000616112,0.000581403,-4.34161e-05,0.00281669,9.48416e-05,3.32446e-06,-4.84136e-05,-3.14594e-05,0.00528838,0.00419022,0.000919568,0.00113584,0.000201293,0.00163268,0.0123457,0.000972469,0.00934624,2.42136e-05,0.000234458,-2.11776e-06,-7.42214e-06,-1.0876e-05,-2.50521e-05,0.00615914,0.00610077,0.00379681,0.00067928,0.00110026,0.00116469,-0.000261123,-5.9225e-05,0.000297057,0.000890517,0.00278307,0.0216387,0.0377687,0.00060711,0.0140833,-0.000109396,0.013471,0.000962685,0.00112582,-3.92653e-05,-7.3958e-05,0.000163311,-4.44254e-06,-7.89432e-06,-5.06693e-07,-1.42622e-05,0,0.000439882,6.40887e-05,0.000837548,0.0157266,0,0.030793,0,0,0.00203367,0.00308445,0.000725935,-8.53436e-05,0.00114029,0.0159321,0,0.0182519,0.00387417,-0.00129013,0.00277461,
0.39,0.00141328,-0.000742541,0.000511849,-3.3863e-05,0.00104209,0.00453675,0.000453357,0.00756286,1.7469e-05,4.76513e-05,4.08088e-06,-2.10051e-06,0.00258998,-3.43533e-05,0.00425516,0.00441109,0.00321029,0.00162616,0.00122478,0.00159963,0.00357749,0.00217616,0.00169157,-0.000183467,0.0015129,0.0185489,0.00353692,0.00108422,0.00874531,-6.22694e-05,0.00631538,0.000603686,0.000572287,-4.35103e-05,0.00278208,0.000101411,4.08434e-06,-0.0001199,-8.28945e-05,0.0052948,0.00429399,0.000986425,0.0011325,0.000242446,0.00163884,0.0123622,0.000965275,0.00942504,2.3017e-05,0.000238447,-1.89868e-06,-6.96304e-06,-8.78064e-06,-2.4359e-05,0.00634485,0.00628639,0.00387079,0.0006396,0.00107248,0.00113698,-0.000278076,-6.8254e-05,0.000223368,0.000902061,0.00287502,0.0216263,0.0377039,0.000578858,0.0139993,-0.00011273,0.0135498,0.000955197,0.00111789,-3.73405e-05,-7.63304e-05,0.000162365,-3.95965e-06,-1.90329e-05,-8.95158e-06,-2.56946e-05,0,0.00038581,5.62708e-05,0.000783192,0.0153914,0,0.0306628,0,0,0.000631274,0.00311649,0.000712293,-7.83066e-05,0.00112287,0.0159293,0,0.0183078,0.00384175,-0.00119064,0.00283711,
0.395,0.00128317,-0.000714693,0.000566607,-3.73628e-05,0.00111967,0.00496753,0.000417604,0.00721978,1.72611e-05,5.07709e-05,4.72523e-06,-1.57538e-06,0.00266707,-3.57353e-05,0.00426934,0.00444707,0.00322222,0.00159992,0.00119741,0.00156127,0.00356059,0.00214682,0.00166719,-0.00019758,0.00158346,0.0185615,0.00358805,0.00106593,0.00856688,-2.64711e-05,0.00622558,0.000568102,0.000526708,-4.39812e-05,0.00277165,0.000109006,4.84422e-06,-6.75327e-05,-3.95655e-05,0.00541115,0.00440966,0.00105605,0.00113282,0.000270087,0.00164704,0.0127903,0.000954136,0.00939777,2.2102e-05,0.000241215,-1.53355e-06,-6.50393e-06,-9.978e-06,-2.31707e-05,0.00652862,0.00646244,0.00395831,0.000605534,0.00105143,0.00111985,-0.000302735,-7.40629e-05,0.000152746,0.000906445,0.00296811,0.0216538,0.0376309,0.000554138,0.0140853,-0.000105433,0.0135613,0.000944018,0.00110534,-3.60894e-05,-7.51957e-05,0.000160055,-3.57334e-06,-5.08265e-06,1.26673e-06,-1.13192e-05,0,0.000335912,5.38163e-05,0.000735991,0.0156129,0,0.0306253,0,0,0.00453876,0.0031697,0.000705306,-7.36426e-05,0.00111435,0.0162867,0,0.0185581,0.00385909,-0.00110045,0.00290205,
0.4,0.00159503,-0.000656861,0.000585699,-3.46197e-05,0.00115947,0.00527014,0.000437608,0.00715418,1.50428e-05,5.03029e-05,4.79683e-06,-9.00219e-07,0.00276623,-3.17867e-05,0.00424594,0.00444,0.00322998,0.00152303,0.00112992,0.00146072,0.00336221,0.00200596,0.0015869,-0.000126169,0.0016867,0.0185177,0.00359664,0.00103037,0.00838333,-0.000101352,0.00638274,0.000578494,0.00055702,1.66695e-05,0.00271839,0.000110341,5.03419e-06,-0.000199163,-0.00013819,0.00524287,0.00451615,0.00112239,0.00108926,0.000266752,0.00160388,0.0128061,0.000935222,0.00928146,1.85122e-05,0.000239261,-1.24144e-06,-5.35618e-06,-6.78504e-06,-2.00021e-05,0.00664188,0.00657463,0.00396078,0.000569873,0.00102095,0.00107469,-0.000301854,-6.68018e-05,8.35714e-05,0.000910114,0.00312372,0.0216161,0.03753,0.000527191,0.0140567,-0.000100904,0.0136881,0.000928937,0.00108727,-3.05076e-05,-6.9832e-05,0.000151338,-2.80073e-06,-1.84922e-05,-9.37383e-06,-2.39967e-05,0,0.000276907,4.74529e-05,0.000671063,0.0154145,0,0.0306878,0,0,0.00133934,0.00299303,0.000676691,-6.21871e-05,0.00107237,0.0163109,0,0.0186169,0.00360233,-0.000974347,0.00302091,
0.405,0.00150313,-0.000626508,0.000571457,-3.72682e-05,0.00109172,0.00529121,0.000418049,0.00683097,1.58746e-05,5.24866e-05,5.79915e-06,-4.50109e-07,0.00273683,-3.50114e-05,0.00428281,0.0044769,0.00323174,0.00149849,0.0011046,0.0014357,0.00339862,0.00199674,0.00156466,-0.000140658,0.00174865,0.0184482,0.00351759,0.00101069,0.00818559,-5.64891e-05,0.00626267,0.000554772,0.00053071,-4.13442e-05,0.00271743,0.000116704,6.26899e-06,-0.000150361,-8.7816e-05,0.00527773,0.00463334,0.00115413,0.00108495,0.000276405,0.00161479,0.0129394,0.000921414,0.00906003,1.91457e-05,0.000238365,-1.09539e-06,-5.35618e-06,-9.17976e-06,-2.02001e-05,0.00678807,0.00670817,0.00407163,0.000546142,0.00100862,0.00106945,-0.000312642,-6.67387e-05,2.22346e-05,0.000911188,0.00317415,0.0215662,0.0374401,0.000507921,0.0140242,-9.52418e-05,0.0135901,0.00091607,0.00107408,-3.12775e-05,-7.07603e-05,0.000144617,-2.70415e-06,-2.27097e-06,2.61792e-06,-7.58387e-06,0,0.000230803,5.16346e-05,0.000631765,0.0150304,0,0.0303619,0,0,0.00160609,0.00309694,0.000673031,-6.3169e-05,0.00107012,0.0162096,0,0.018487,0.0037412,-0.000889178,0.00304786,
0.41,0.00164987,-0.00059586,0.000586374,-3.60385e-05,0.00110714,0.005544,0.000400902,0.00662664,1.5528e-05,5.48263e-05,6.51509e-06,1.50036e-07,0.00271917,-3.58669e-05,0.00430275,0.00449314,0.00322959,0.00146928,0.00107701,0.00140446,0.00336192,0.00196018,0.00153684,-0.000142634,0.0018519,0.0184179,0.00343318,0.000991367,0.00810717,-4.80814e-05,0.00625194,0.000532405,0.000507588,-4.23801e-05,0.00271927,0.000123376,7.21883e-06,-0.000124112,-7.08318e-05,0.00521855,0.00474629,0.00117039,0.00107665,0.000280792,0.00160957,0.0131175,0.000907374,0.00875447,1.81602e-05,0.00023633,-9.4934e-07,-5.12663e-06,-9.27954e-06,-1.90119e-05,0.00689286,0.00680297,0.00414278,0.00052879,0.0010016,0.00106887,-0.000311762,-5.89093e-05,3.32241e-05,0.000911367,0.00327135,0.021505,0.0373657,0.00049249,0.0140451,-9.09641e-05,0.0135334,0.000903414,0.0010616,-2.99302e-05,-6.95225e-05,0.00013632,-2.511e-06,7.5699e-07,4.47579e-06,-3.96173e-06,0,0.000188873,5.43617e-05,0.000597806,0.0148557,0,0.0302449,0,0,0.0015696,0.00311546,0.000672532,-6.15325e-05,0.00107041,0.0161297,0,0.0183615,0.00378107,-0.000803559,0.00310729,
0.415,0.00169801,-0.000561603,0.000613016,-3.32008e-05,0.00110897,0.00572199,0.000384264,0.00648473,1.47655e-05,5.6854e-05,7.15944e-06,8.252e-07,0.00269294,-3.60644e-05,0.00431252,0.00449136,0.00322744,0.00143193,0.0010436,0.00136471,0.0032888,0.00190208,0.00149953,-0.00013887,0.00194379,0.0183598,0.00334135,0.000970407,0.0080242,-4.53226e-05,0.00624413,0.000509812,0.00048528,-4.20034e-05,0.00272537,0.00012974,7.97871e-06,-0.000107715,-6.35942e-05,0.00510302,0.00483953,0.00117299,0.00105929,0.000279125,0.00159214,0.0131763,0.000891478,0.00838,1.7034e-05,0.000232748,-8.03288e-07,-4.74405e-06,-9.27954e-06,-1.76256e-05,0.00695032,0.00684965,0.00419049,0.000517434,0.00099789,0.00106895,-0.000294148,-4.57131e-05,4.02949e-05,0.00090904,0.0033398,0.0214074,0.0372913,0.000480283,0.0140227,-8.62461e-05,0.0134642,0.000889809,0.00104801,-2.81016e-05,-6.7047e-05,0.000126343,-2.31784e-06,3.56867e-06,6.08032e-06,-6.79153e-07,0,0.000149979,5.72707e-05,0.00056641,0.0146816,0,0.0301824,0,0,0.0017936,0.00308107,0.000671201,-5.92414e-05,0.00106816,0.0160028,0,0.0181939,0.00377552,-0.000722288,0.00316243,
0.42,0.00178086,-0.000529113,0.000627933,-3.00794e-05,0.00111273,0.0059549,0.000370674,0.00640366,1.45575e-05,5.93497e-05,7.80379e-06,1.42535e-06,0.00269488,-3.67883e-05,0.00432111,0.00448441,0.0032232,0.00139657,0.00101236,0.0013306,0.00322966,0.00184909,0.00146418,-0.000132849,0.002046,0.0183096,0.00326918,0.00095065,0.00794863,-4.63079e-05,0.00624364,0.000489139,0.000466827,-4.23801e-05,0.00273602,0.000137028,8.92856e-06,-0.000102077,-6.20502e-05,0.00493712,0.00491358,0.00117247,0.00104118,0.000275439,0.00157405,0.0131273,0.000876162,0.00795805,1.63301e-05,0.000228515,-8.03288e-07,-4.5145e-06,-9.57888e-06,-1.67344e-05,0.00697033,0.0068611,0.00423077,0.000513734,0.000999995,0.00107617,-0.000262003,-3.05596e-05,5.03473e-05,0.00090564,0.00340391,0.0212781,0.037206,0.000472606,0.0138816,-8.29749e-05,0.0133566,0.000877048,0.00103579,-2.7043e-05,-6.51903e-05,0.000115525,-2.12469e-06,5.94778e-06,7.51595e-06,2.15065e-06,0,0.000133852,6.22706e-05,0.000541848,0.0143861,0,0.0300691,0,0,0.00183714,0.00305682,0.000673447,-5.88323e-05,0.0010707,0.0157723,0,0.0179262,0.00380396,-0.000653163,0.00320103,
0.425,0.0017899,-0.000493161,0.000655374,-2.55391e-05,0.00113644,0.00603345,0.000358418,0.00636286,1.40029e-05,6.16113e-05,8.44814e-06,1.87546e-06,0.00268022,-3.73806e-05,0.00432032,0.00446848,0.00321798,0.00135484,0.000975991,0.00129036,0.00314343,0.00178059,0.00142147,-0.000123628,0.00209315,0.0182967,0.00324781,0.000929089,0.00778554,-4.58481e-05,0.00623973,0.000469144,0.000450374,-4.19092e-05,0.00274836,0.000143802,9.68844e-06,-9.65031e-05,-5.90587e-05,0.00474177,0.0049343,0.00116226,0.0010139,0.00026684,0.00154571,0.0128453,0.000858757,0.00751183,1.54151e-05,0.000223223,-7.30262e-07,-4.28494e-06,-9.77844e-06,-1.55462e-05,0.00694035,0.00682223,0.00424432,0.000515648,0.00100451,0.00108231,-0.000212905,-1.21228e-05,6.07405e-05,0.000899555,0.00340118,0.0210769,0.0370975,0.000468,0.0135367,-7.85714e-05,0.0132596,0.000863443,0.00102227,-2.55032e-05,-6.18895e-05,0.000103448,-2.12469e-06,7.67804e-06,8.27599e-06,4.52769e-06,0,0.00012835,6.69977e-05,0.00051953,0.0140545,0,0.0299948,0,0,0.00188696,0.00298759,0.00067353,-5.79322e-05,0.00106943,0.0154142,0,0.0175554,0.00378766,-0.00059281,0.00322492,
0.43,0.00174556,-0.000459125,0.000674649,-2.08096e-05,0.00113528,0.00589445,0.000348702,0.00636093,1.37257e-05,6.44189e-05,9.0209e-06,2.4756e-06,0.00264941,-3.76438e-05,0.00431804,0.00445328,0.00322131,0.00131636,0.0009419,0.00125694,0.00307322,0.00171964,0.00138212,-0.000115537,0.00206992,0.0182729,0.00325135,0.000908903,0.00751733,-4.63079e-05,0.00623437,0.000450731,0.000436589,-4.23801e-05,0.00276276,0.000151603,1.04483e-05,-9.24848e-05,-5.65497e-05,0.00452476,0.00489031,0.00113839,0.000985976,0.000257451,0.00151812,0.0123735,0.000842048,0.00706734,1.51335e-05,0.000217443,-8.03288e-07,-4.20843e-06,-1.02773e-05,-1.4754e-05,0.0068745,0.00674638,0.00425056,0.000525281,0.00101403,0.00109461,-0.000151477,6.94537e-06,7.36893e-05,0.000891502,0.00331698,0.0208028,0.0369702,0.000467539,0.0130507,-7.58035e-05,0.0131481,0.000850998,0.00101012,-2.48295e-05,-5.94139e-05,9.10549e-05,-2.02811e-06,8.8676e-06,8.78269e-06,6.22557e-06,0,0.000130248,7.38156e-05,0.000503618,0.0136094,0,0.0298742,0,0,0.00180144,0.0029332,0.000676025,-5.85868e-05,0.00107198,0.0148992,0,0.0170432,0.00380812,-0.000548276,0.00320899,
0.435,0.00170778,-0.000421994,0.000689935,-1.52289e-05,0.00114126,0.0056519,0.000340764,0.00638502,1.34484e-05,6.67586e-05,9.45046e-06,2.77567e-06,0.00262309,-3.68541e-05,0.00430984,0.00443354,0.00322607,0.00127215,0.000903476,0.00121759,0.00298088,0.00164569,0.00133643,-0.000104905,0.00201623,0.0181448,0.00320517,0.000886913,0.00716359,-4.67677e-05,0.00622753,0.000433447,0.000425621,-4.19092e-05,0.00277459,0.000158788,1.11132e-05,-8.84665e-05,-5.39441e-05,0.00430022,0.0047862,0.00110621,0.000948456,0.000243499,0.00148158,0.0118641,0.000823251,0.00664642,1.45e-05,0.000210931,-8.03288e-07,-4.13191e-06,-1.05767e-05,-1.37638e-05,0.00676232,0.00662461,0.00422689,0.000539698,0.00102406,0.00110338,-8.36649e-05,2.72763e-05,8.66382e-05,0.000880227,0.00319012,0.0204961,0.0368389,0.000469305,0.0126255,-7.19032e-05,0.0130693,0.000837709,0.00099627,-2.38671e-05,-5.55974e-05,7.7927e-05,-2.12469e-06,9.62459e-06,8.86713e-06,7.47068e-06,0,0.000133473,7.96336e-05,0.000489522,0.013216,0,0.0297822,0,0,0.00177045,0.00283149,0.000674362,-5.86686e-05,0.00106884,0.014417,0,0.0165229,0.00377396,-0.000516263,0.00318142,
0.44,0.00167132,-0.000386779,0.000690917,-1.01211e-05,0.00113094,0.00544537,0.000335303,0.00642898,1.31711e-05,6.96442e-05,9.88003e-06,3.22578e-06,0.00260358,-3.80387e-05,0.00430369,0.00441847,0.00324192,0.00123099,0.000868016,0.00118447,0.00290513,0.00157953,0.00129429,-9.57791e-05,0.00194241,0.0181339,0.00320646,0.000866125,0.00694141,-4.76873e-05,0.0062168,0.000417971,0.000417543,-4.24743e-05,0.00278363,0.000166691,1.15881e-05,-8.53556e-05,-5.21106e-05,0.00407862,0.00464149,0.00106954,0.000909858,0.000229372,0.00144635,0.0114394,0.000804918,0.00626859,1.43592e-05,0.000204336,-9.4934e-07,-4.20843e-06,-1.09758e-05,-1.31697e-05,0.00662323,0.0064773,0.00419402,0.000560559,0.00103759,0.00111608,-2.62003e-05,4.84913e-05,0.000101546,0.000866715,0.00307741,0.0202117,0.0367443,0.000474449,0.0123259,-6.9324e-05,0.0130011,0.00082537,0.000983465,-2.34822e-05,-5.27092e-05,6.51142e-05,-2.12469e-06,9.73273e-06,8.52934e-06,8.26303e-06,0,0.000139544,8.68152e-05,0.000480872,0.0129478,0,0.0297293,0,0,0.00170298,0.00274448,0.000673197,-6.02233e-05,0.00106806,0.0139312,0,0.0160107,0.00377119,-0.000501493,0.00311403,
0.445,0.00171041,-0.000348985,0.000724496,-4.63488e-06,0.00122356,0.00571332,0.000331048,0.00647593,1.29631e-05,7.19839e-05,9.95163e-06,3.3008e-06,0.00269647,-3.77096e-05,0.00429203,0.00440284,0.00326298,0.00118515,0.00082925,0.00114532,0.00281191,0.00150273,0.00124656,-8.5712e-05,0.00190249,0.0182209,0.00333609,0.000843534,0.00686384,-4.75559e-05,0.00620118,0.000403511,0.000411243,-4.18151e-05,0.00278649,0.000173466,1.17781e-05,-8.03004e-05,-4.86366e-05,0.0038784,0.00450596,0.00106141,0.000862635,0.00021112,0.0014044,0.0113001,0.000784496,0.00594591,1.40073e-05,0.000197417,-9.4934e-07,-4.05539e-06,-1.13749e-05,-1.24765e-05,0.00645704,0.0063061,0.00413347,0.000583397,0.00104892,0.00112157,1.43111e-05,6.92011e-05,0.000114921,0.000849982,0.00304774,0.0199662,0.0366671,0.000480437,0.0121572,-6.56124e-05,0.012977,0.000811976,0.000968645,-2.28085e-05,-4.8377e-05,5.18813e-05,-2.22127e-06,9.08388e-06,7.7693e-06,7.92345e-06,0,0.000144193,9.27241e-05,0.000472435,0.0131189,0,0.0298757,0,0,0.00176064,0.00261146,0.000665794,-6.05506e-05,0.00105896,0.0137164,0,0.0157487,0.00370409,-0.00049767,0.00306808,
0.45,0.0017724,-0.000318411,0.000660223,5.67536e-07,0.00112458,0.00580664,0.000315045,0.00646134,1.33097e-05,7.55714e-05,1.05244e-05,3.60087e-06,0.00271369,-3.90917e-05,0.00429676,0.00440641,0.00329533,0.00114873,0.000800176,0.00112248,0.0027586,0.0014484,0.00121102,-9.50264e-05,0.00202397,0.0180848,0.00331622,0.000825323,0.00693033,-2.92955e-05,0.00613285,0.00037945,0.000389899,-4.33219e-05,0.00279127,0.000182293,1.2443e-05,-4.09603e-05,-2.09407e-05,0.00375765,0.00435395,0.00104256,0.000821449,0.000197695,0.00137009,0.0103983,0.000768483,0.00568732,1.45704e-05,0.000191392,-1.09539e-06,-4.36146e-06,-1.1774e-05,-1.27736e-05,0.006296,0.00614162,0.00408588,0.000613253,0.00106637,0.00113789,4.97586e-05,9.43938e-05,0.000142182,0.000833876,0.00304044,0.0195155,0.0365307,0.000490264,0.0114333,-6.78142e-05,0.0129549,0.000802695,0.00095948,-2.35784e-05,-4.73455e-05,4.01188e-05,-2.41442e-06,4.32566e-06,3.71575e-06,3.62215e-06,0,0.000154722,0.000102815,0.000474037,0.0118999,0,0.0295836,0,0,0.00194894,0.00253062,0.000663631,-6.41509e-05,0.00105935,0.0125294,0,0.0146568,0.00373166,-0.000517538,0.0029627,
0.455,0.00181295,-0.000285848,0.000600309,5.67536e-06,0.00109615,0.00582377,0.000310536,0.00650882,1.31018e-05,7.8613e-05,1.03096e-05,3.52586e-06,0.0027076,-3.85652e-05,0.00429321,0.00441164,0.00333283,0.001107,0.000767567,0.00109183,0.00267937,0.00138057,0.00116924,-8.09136e-05,0.00211328,0.0180575,0.00328057,0.000805308,0.00701755,-4.0659e-05,0.00612992,0.000364426,0.000383526,-4.29452e-05,0.00277995,0.000189581,1.20631e-05,-5.52835e-05,-3.32929e-05,0.00361551,0.00422945,0.00102336,0.000771854,0.000180321,0.00132703,0.00986063,0.000749106,0.00548541,1.45e-05,0.000185287,-1.16842e-06,-4.36146e-06,-1.23727e-05,-1.21795e-05,0.00612536,0.00597504,0.00400708,0.000642152,0.0010792,0.00114321,8.43254e-05,0.000117061,0.000175491,0.000812758,0.00305391,0.019114,0.0364269,0.00049963,0.0109294,-6.32849e-05,0.0129751,0.000790988,0.000946219,-2.3386e-05,-4.28069e-05,2.85662e-05,-2.41442e-06,5.40707e-06,4.30689e-06,1.13192e-06,0,0.000161932,0.000109451,0.000475105,0.0112879,0,0.0294483,0,0,0.00199719,0.00238628,0.000653233,-6.52965e-05,0.00104878,0.011622,0,0.0136823,0.00364896,-0.000548276,0.00290511,
0.46,0.00189157,-0.000245255,0.000544323,9.55352e-06,0.00109288,0.00593856,0.000323681,0.00657388,1.23392e-05,7.89249e-05,9.37887e-06,3.07575e-06,0.00272791,-3.55379e-05,0.00427856,0.00440881,0.00336485,0.00105296,0.000723328,0.00103972,0.00257391,0.00128641,0.00111183,-4.37498e-05,0.00221274,0.0180538,0.00326274,0.000779023,0.00718462,-6.97575e-05,0.00617775,0.000366572,0.000404573,-3.9649e-05,0.00274432,0.000191736,1.10182e-05,-0.00010765,-7.12178e-05,0.00346108,0.00414368,0.00101635,0.000705224,0.000154523,0.00127567,0.00956996,0.000721954,0.00533582,1.3585e-05,0.000178367,-1.09539e-06,-4.13191e-06,-1.23727e-05,-1.11893e-05,0.00594524,0.00580241,0.00389234,0.000661609,0.0010779,0.00112133,0.000134745,0.000131646,0.000205137,0.000786988,0.00311369,0.0188122,0.036369,0.000503161,0.0106923,-5.37859e-05,0.0130453,0.000773165,0.000923339,-2.20386e-05,-3.55865e-05,2.70959e-05,-2.41442e-06,7.5699e-06,5.48918e-06,7.81026e-06,0,0.000159466,0.000108905,0.000464426,0.0110089,0,0.0294556,0,0,0.00216077,0.00216301,0.000623787,-6.23508e-05,0.00101276,0.0110014,0,0.0129836,0.00341474,-0.000571818,0.00291614,
0.465,0.0018182,-0.000219543,0.000540456,1.40938e-05,0.00113239,0.00560701,0.000308186,0.00643566,1.32404e-05,8.11866e-05,9.59365e-06,3.00073e-06,0.00265691,-3.73806e-05,0.00430149,0.00444,0.00341415,0.00101894,0.000697104,0.00101807,0.00254769,0.00123854,0.00107778,-7.24459e-05,0.00212567,0.0180766,0.00325189,0.000760469,0.00710961,-2.94269e-05,0.00603914,0.000344205,0.000385823,-4.18151e-05,0.00272919,0.000196971,1.13032e-05,-3.37015e-05,-1.37032e-05,0.00352889,0.00406165,0.000997063,0.000653472,0.000141273,0.00124174,0.00950972,0.000701997,0.00523792,1.47816e-05,0.000173238,-1.24144e-06,-4.5145e-06,-1.30712e-05,-1.19814e-05,0.00582997,0.00569209,0.00383851,0.000688785,0.00108692,0.00112305,0.000214006,0.000157976,0.000246284,0.000765781,0.00305619,0.0186916,0.0363656,0.000510685,0.0107127,-5.79377e-05,0.0130674,0.000761458,0.000910144,-2.37709e-05,-3.58959e-05,2.94064e-05,-2.60757e-06,2.16283e-07,-1.68898e-07,5.65961e-07,0,0.000169331,0.000119087,0.000468805,0.0112275,0,0.0294902,0,0,0.00192187,0.00205836,0.000605154,-6.72603e-05,0.000997105,0.0108765,0,0.0127202,0.00341959,-0.000628722,0.00278932,
0.47,0.00182389,-0.000193021,0.000587786,1.70261e-05,0.00122452,0.00545954,0.000308885,0.00639223,1.29631e-05,8.16545e-05,8.66293e-06,2.40058e-06,0.00261956,-3.56037e-05,0.00431016,0.00446349,0.0034523,0.000981028,0.000666205,0.000985642,0.00248855,0.001177,0.00103684,-5.08062e-05,0.00198835,0.0181632,0.00327992,0.000739681,0.00708148,-4.88039e-05,0.0060572,0.000336636,0.000390937,-4.0214e-05,0.00269297,0.000198716,1.00684e-05,-6.18942e-05,-3.91795e-05,0.00352531,0.00404483,0.000996025,0.000593095,0.000124075,0.00120296,0.00971643,0.000678094,0.005174,1.46408e-05,0.000168191,-1.16842e-06,-4.43798e-06,-1.33705e-05,-1.17834e-05,0.00572252,0.00559631,0.00374969,0.000708179,0.00108612,0.00110633,0.000301854,0.000176033,0.000283768,0.000743321,0.00307398,0.0187556,0.0364182,0.000513526,0.010971,-5.39117e-05,0.0131346,0.000746693,0.000892009,-2.35784e-05,-3.18731e-05,2.90914e-05,-2.511e-06,-1.18956e-06,-1.43563e-06,-7.47068e-06,0,0.000172177,0.000121996,0.000467416,0.0117935,0,0.0297293,0,0,0.00186695,0.0018833,0.000574127,-6.70148e-05,0.000964808,0.0111819,0,0.0129684,0.00325575,-0.000683827,0.00278993,
0.475,0.00179953,-0.000173793,0.000638001,2.03367e-05,0.00126365,0.00532389,0.000296946,0.00623133,1.34484e-05,8.20445e-05,8.01858e-06,1.72542e-06,0.00258945,-3.50772e-05,0.00433072,0.0044988,0.00349658,0.000949977,0.000641691,0.000961122,0.00245534,0.00112946,0.00100298,-5.8239e-05,0.00186067,0.0181543,0.00328787,0.00072147,0.0070937,-3.16602e-05,0.0059835,0.000319352,0.000380339,-4.00257e-05,0.00266241,0.000199742,9.3085e-06,-2.79334e-05,-1.41857e-05,0.00363249,0.00403396,0.000991701,0.00053412,0.000111088,0.00117042,0.00988736,0.000655352,0.00513985,1.50631e-05,0.000164202,-1.16842e-06,-4.5145e-06,-1.3171e-05,-1.20805e-05,0.00565746,0.00554192,0.00368361,0.000726296,0.00108451,0.00109043,0.000395427,0.00019548,0.000321507,0.000721577,0.00306235,0.0188782,0.0364919,0.000515061,0.0113181,-5.08921e-05,0.013176,0.000731717,0.000874003,-2.43483e-05,-2.77471e-05,3.03516e-05,-2.511e-06,-1.73026e-06,-1.68898e-06,-1.01873e-06,0,0.00017749,0.000127177,0.000469445,0.0122833,0,0.0299397,0,0,0.0017885,0.00172647,0.000540937,-6.88968e-05,0.000932315,0.01154,0,0.013334,0.00313942,-0.000753402,0.00274643,
0.48,0.00184912,-0.000153901,0.000678148,2.20393e-05,0.00130962,0.0054308,0.000301455,0.00613338,1.31711e-05,8.02507e-05,6.72988e-06,1.05026e-06,0.00260031,-3.25764e-05,0.0043453,0.00452586,0.00353192,0.000915673,0.000612731,0.000926418,0.00240873,0.00107253,0.000963063,-3.33063e-05,0.00179305,0.018218,0.00332202,0.000700597,0.0072119,-5.5044e-05,0.00601571,0.000317319,0.000393901,-3.76712e-05,0.00261759,0.000196663,7.59877e-06,-6.99307e-05,-4.5838e-05,0.00367644,0.00406063,0.00100225,0.000467597,9.51183e-05,0.00113929,0.0101001,0.000630173,0.00512265,1.4852e-05,0.000160131,-1.02237e-06,-4.36146e-06,-1.27718e-05,-1.19814e-05,0.00560962,0.00550647,0.0036061,0.00073459,0.00107248,0.00105674,0.000474908,0.000205204,0.000349449,0.000703054,0.00312783,0.0190118,0.0365622,0.000510532,0.0116129,-4.91307e-05,0.0132403,0.000715159,0.000853723,-2.41559e-05,-2.4859e-05,2.98265e-05,-2.41442e-06,-8.21875e-06,-6.67146e-06,-7.58387e-06,0,0.000175972,0.000126177,0.000463999,0.0126529,0,0.0301552,0,0,0.00186185,0.00152878,0.000494854,-6.72603e-05,0.000884163,0.011846,0,0.0137266,0.00292115,-0.000813755,0.00278687,
0.485,0.00190689,-0.00013983,0.000720199,2.37419e-05,0.00136783,0.00565111,0.00029828,0.00593959,1.32404e-05,7.75211e-05,5.58437e-06,1.50036e-07,0.0026442,-3.11944e-05,0.00436673,0.00456129,0.00356375,0.000886037,0.000587305,0.000895768,0.00238339,0.0010244,0.000927056,-3.41531e-05,0.00177808,0.0182418,0.00335768,0.00068084,0.00735112,-4.70961e-05,0.00597667,0.000310202,0.000398867,-3.65411e-05,0.00258093,0.000191325,6.26899e-06,-5.48946e-05,-3.39684e-05,0.0037927,0.00411735,0.00102768,0.000399781,8.29214e-05,0.00111328,0.0104943,0.000604646,0.00511267,1.49223e-05,0.000156712,-9.4934e-07,-4.28494e-06,-1.24725e-05,-1.22785e-05,0.00559592,0.00550053,0.00354755,0.000738353,0.00105734,0.00102019,0.000543381,0.000212276,0.000371343,0.000687306,0.00321956,0.0192217,0.0366377,0.000502547,0.0120237,-4.6866e-05,0.013274,0.000697546,0.000832533,-2.44446e-05,-2.16613e-05,3.05617e-05,-2.22127e-06,-1.08141e-05,-8.61379e-06,-1.01873e-05,0,0.000174549,0.000125996,0.000457699,0.0132059,0,0.0303597,0,0,0.00192344,0.00133402,0.000443114,-6.70966e-05,0.000832585,0.0123618,0,0.014278,0.00273581,-0.000878607,0.00280831,
0.49,0.00199178,-0.000131284,0.000729346,2.57283e-05,0.0013581,0.00603621,0.000284245,0.00569657,1.37257e-05,7.40896e-05,4.51045e-06,-8.252e-07,0.00269382,-3.00098e-05,0.00439644,0.00459875,0.00359446,0.000861989,0.000566782,0.00087283,0.00237028,0.000985919,0.000897097,-4.23385e-05,0.00192124,0.0181388,0.00331901,0.000663145,0.00751392,-3.12004e-05,0.00592542,0.000295178,0.000390714,-3.57877e-05,0.00255529,0.000184448,4.9392e-06,-2.32022e-05,-1.25451e-05,0.00394061,0.00415965,0.00104723,0.000331103,7.35324e-05,0.0010911,0.0105192,0.000576218,0.00509434,1.53447e-05,0.000154189,-7.30262e-07,-4.28494e-06,-1.38694e-05,-1.25756e-05,0.00560869,0.0055199,0.00350621,0.000739629,0.0010411,0.000983632,0.000602607,0.000218526,0.000387955,0.000671736,0.00331151,0.0192628,0.0366444,0.000491799,0.0120998,-4.11415e-05,0.0132836,0.000677508,0.000808092,-2.52145e-05,-1.84637e-05,3.16119e-05,-2.02811e-06,-7.46176e-06,-6.33367e-06,-6.56515e-06,0,0.000174644,0.000127177,0.000453534,0.0130542,0,0.0303582,0,0,0.00214743,0.00114162,0.000386883,-6.79967e-05,0.00078042,0.0123775,0,0.0143745,0.00256903,-0.00095238,0.00284384,
0.495,0.0020176,-0.000122075,0.000738799,2.63904e-05,0.00134499,0.00617068,0.00028342,0.00553953,1.3587e-05,6.87863e-05,3.15015e-06,-1.57538e-06,0.00269462,-2.77064e-05,0.00442007,0.00462606,0.0036092,0.000837304,0.000544662,0.000845146,0.00234727,0.000942991,0.000864812,-2.25805e-05,0.00204721,0.0180512,0.00323696,0.000644161,0.00750483,-5.0249e-05,0.00596544,0.00029258,0.000402424,-3.36216e-05,0.00252451,0.000174184,3.03951e-06,-5.82648e-05,-3.90829e-05,0.00399292,0.00419022,0.00105518,0.000256278,6.27394e-05,0.00107152,0.0104066,0.000552083,0.00508565,1.50631e-05,0.000151339,-5.84209e-07,-4.20843e-06,-1.0876e-05,-1.29716e-05,0.00562239,0.00554148,0.00346368,0.000733378,0.00101834,0.000936176,0.000645761,0.000216885,0.000394004,0.000664667,0.0033471,0.0191948,0.0365966,0.000475831,0.011955,-4.52933e-05,0.0133095,0.000660001,0.000788007,-2.5022e-05,-1.65039e-05,3.16119e-05,-1.83496e-06,-2.2169e-05,-1.67209e-05,-2.19593e-05,0,0.000170565,0.000124359,0.000443816,0.0127665,0,0.0302861,0,0,0.0022302,0.000923204,0.000320669,-6.6442e-05,0.000719055,0.0122676,0,0.0142715,0.00234832,-0.00101543,0.00292533,
0.5,0.00198595,-0.000112718,0.000700309,2.67688e-05,0.00129372,0.00572907,0.000272243,0.00532605,1.33097e-05,6.17673e-05,1.86146e-06,-2.55062e-06,0.00265285,-2.56662e-05,0.00443859,0.00464328,0.00360966,0.000810992,0.000520947,0.000813409,0.00232629,0.000896038,0.000830666,-2.56854e-05,0.00201726,0.0180898,0.00324448,0.000623888,0.00720138,-3.85571e-05,0.00594592,0.000282752,0.000402053,-3.13613e-05,0.00250886,0.000160635,1.51975e-06,-3.69421e-05,-2.32568e-05,0.00407807,0.00419531,0.00106055,0.000175201,5.2122e-05,0.00105269,0.00983089,0.000521102,0.00504712,1.47112e-05,0.00014849,-4.38157e-07,-3.74933e-06,-1.25723e-05,-1.26746e-05,0.00563673,0.00555866,0.00342434,0.000721257,0.00099037,0.000881261,0.000671301,0.000208866,0.000389829,0.000655003,0.00331858,0.0190056,0.036488,0.000455026,0.0114783,-3.84364e-05,0.0133095,0.000637431,0.000761292,-2.47333e-05,-1.39251e-05,3.10868e-05,-1.54523e-06,-1.82759e-05,-1.41874e-05,-1.7658e-05,0,0.00016345,0.000119359,0.000428759,0.0118669,0,0.0299411,0,0,0.00213841,0.000672744,0.000244807,-6.40691e-05,0.000650937,0.0116784,0,0.0137832,0.00211514,-0.00106731,0.0029866,
0.505,0.00198697,-0.00010874,0.000700002,2.87551e-05,0.00131184,0.00566115,0.000266908,0.00517447,1.38643e-05,5.42804e-05,7.15944e-07,-3.52586e-06,0.00262309,-2.435e-05,0.004459,0.00465399,0.00359994,0.000790834,0.000502818,0.000791657,0.00232134,0.000860237,0.000803126,-1.73117e-05,0.00194826,0.0181072,0.00323557,0.000606021,0.0068843,-4.59138e-05,0.0059674,0.000278685,0.000410576,-3.07021e-05,0.00249843,0.000146163,0,-4.85432e-05,-3.28104e-05,0.00409734,0.00421094,0.00106902,9.11044e-05,4.53654e-05,0.00103526,0.0099077,0.000496387,0.00501055,1.51335e-05,0.000146536,-1.46052e-07,-3.74933e-06,-9.87822e-06,-1.35658e-05,0.00564965,0.00557253,0.00340149,0.000710412,0.000964603,0.00083151,0.000700363,0.000204636,0.000382503,0.000651513,0.0033309,0.0189743,0.0364126,0.000432224,0.0113362,-4.284e-05,0.0133047,0.000618975,0.000740881,-2.55994e-05,-1.18622e-05,3.26621e-05,-1.2555e-06,-3.07122e-05,-2.27168e-05,-3.09015e-05,0,0.000160888,0.000118905,0.000417546,0.0118057,0,0.029741,0,0,0.00210624,0.000398031,0.000163204,-6.48873e-05,0.00058507,0.0116798,0,0.0136685,0.00192842,-0.00113097,0.00300559,
0.51,0.00200476,-0.000101078,0.000734134,2.93227e-05,0.001358,0.00576313,0.000248937,0.00499633,1.35177e-05,4.50777e-05,-4.29567e-07,-4.20102e-06,0.00259837,-2.19808e-05,0.00446562,0.00464273,0.00356636,0.000768696,0.000481383,0.00076338,0.00230211,0.000817812,0.000771306,-2.43682e-05,0.00189061,0.0181506,0.00324427,0.000586264,0.00667405,-2.97553e-05,0.00595373,0.000265016,0.00040361,-2.84418e-05,0.00250519,0.000128714,-1.42477e-06,-1.89247e-05,-1.16766e-05,0.00412863,0.00425595,0.00108217,4.38811e-05,3.66784e-05,0.00101848,0.0100926,0.000461461,0.00493115,1.45704e-05,0.000144175,7.30262e-08,-3.44326e-06,-1.25723e-05,-1.29716e-05,0.00563673,0.00555403,0.00336897,0.000694782,0.000934625,0.000775611,0.000719738,0.000195291,0.000366828,0.000642386,0.0033722,0.0190312,0.0363723,0.000405661,0.011313,-3.09505e-05,0.0132893,0.000592503,0.000709421,-2.49258e-05,-7.63304e-06,3.1927e-05,-1.06235e-06,-1.80596e-05,-1.38496e-05,-1.74316e-05,0,0.000154722,0.000114632,0.000400566,0.0119949,0,0.0297013,0,0,0.00213449,9.71561e-05,7.15371e-05,-6.25962e-05,0.000512157,0.0119345,0,0.0138267,0.00171205,-0.00117303,0.00306992,
0.515,0.00202737,-9.37846e-05,0.000772255,3.03632e-05,0.00137747,0.00589721,0.000238332,0.00491034,1.3379e-05,3.45491e-05,-1.50348e-06,-4.9512e-06,0.00257947,-2.02039e-05,0.00446144,0.00461468,0.00351738,0.000746133,0.000458807,0.000733423,0.00228201,0.000773207,0.000737718,-1.16666e-05,0.00189113,0.0181396,0.0032245,0.000565477,0.00658398,-3.96737e-05,0.00600205,0.000258238,0.000408056,-2.65582e-05,0.00251459,0.000109109,-2.65957e-06,-3.71365e-05,-2.55728e-05,0.00406642,0.00429654,0.00108796,2.41508e-05,2.90444e-05,0.00100319,0.0102036,0.000434078,0.00485838,1.42889e-05,0.000141652,2.92105e-07,-3.29023e-06,-8.9802e-06,-1.34667e-05,0.00559198,0.00550724,0.00333411,0.000677494,0.000903946,0.000719139,0.000735811,0.000185631,0.000346042,0.000645965,0.0034103,0.0190794,0.0363472,0.000376181,0.011315,-3.99462e-05,0.0133134,0.000572043,0.000687776,-2.46371e-05,-8.35508e-06,3.17169e-05,-6.76038e-07,-3.95798e-05,-2.93882e-05,-3.98436e-05,0,0.000148082,0.000110723,0.000381024,0.0120733,0,0.0296895,0,0,0.00220235,-0.000180349,4.30054e-05,-6.07961e-05,0.000436013,0.0121092,0,0.0139595,0.0014988,-0.00120481,0.00311526,
0.52,0.0020933,-9.21638e-05,0.000761328,3.41467e-05,0.00135713,0.00605885,0.000221058,0.00480167,1.40029e-05,2.42546e-05,-2.36262e-06,-5.62637e-06,0.00264102,-1.96775e-05,0.00445656,0.00457655,0.00347049,0.000727531,0.000442503,0.000716516,0.00227123,0.000737406,0.000710551,-1.77822e-05,0.00195463,0.0181331,0.00325436,0.000547781,0.00656353,-2.93612e-05,0.0059957,0.00024649,0.00040398,-2.65582e-05,0.00253818,8.97095e-05,-3.98936e-06,-1.4388e-05,-9.36061e-06,0.0040076,0.00431183,0.00110275,1.23988e-05,2.37796e-05,0.00098334,0.0100071,0.000398224,0.00474663,1.4852e-05,0.00014043,5.11183e-07,-3.13719e-06,-1.1774e-05,-1.35658e-05,0.00552534,0.00543139,0.00330254,0.00066633,0.00087858,0.000672338,0.000762672,0.000186325,0.00032747,0.000637196,0.0034767,0.0190118,0.0362853,0.000346547,0.0111625,-2.53517e-05,0.0132951,0.000543883,0.00065482,-2.57919e-05,-1.13464e-06,3.33973e-05,-4.82884e-07,-1.94655e-05,-1.43563e-05,-1.94691e-05,0,0.000150359,0.000114451,0.000370559,0.0116051,0,0.0294865,0,0,0.00231768,-0.000335416,3.00289e-05,-6.30054e-05,0.00036173,0.0118146,0,0.0137208,0.00131797,-0.00126127,0.00311342,
0.525,0.00208659,-8.5165e-05,0.000793802,3.62277e-05,0.00138363,0.0061882,0.000207341,0.00475067,1.3587e-05,1.26342e-05,-3.15015e-06,-6.22651e-06,0.00263607,-1.80322e-05,0.00442441,0.00450975,0.00340176,0.000704473,0.000421865,0.000691798,0.00223686,0.000690202,0.000676963,-8.93813e-06,0.00199885,0.0180941,0.00323417,0.000528196,0.0064996,-3.38278e-05,0.00603817,0.000238018,0.000405537,-2.47688e-05,0.00256528,6.83599e-05,-4.74923e-06,-2.16468e-05,-1.51507e-05,0.00388703,0.00431386,0.0011057,-3.23448e-07,1.6672e-05,0.000966281,0.0101453,0.000365851,0.00463385,1.41481e-05,0.000138395,8.03288e-07,-2.90764e-06,-9.77844e-06,-1.36648e-05,0.00541129,0.00530742,0.00325141,0.000653316,0.000852111,0.000623161,0.00078623,0.000184936,0.000305832,0.000637554,0.00347259,0.0189685,0.0362462,0.000315071,0.0112001,-3.07617e-05,0.0133403,0.00051931,0.000628105,-2.5022e-05,-1.54724e-06,3.26621e-05,-9.65769e-08,-3.44971e-05,-2.56725e-05,-3.475e-05,0,0.000148651,0.000113905,0.000356462,0.0118467,0,0.0295534,0,0,0.00234082,-0.000523114,1.78843e-05,-6.13688e-05,0.000281769,0.0119594,0,0.0137708,0.00111201,-0.00129261,0.00315876,
0.53,0.00202139,-7.684e-05,0.000839168,3.88762e-05,0.00140089,0.00602144,0.000194387,0.00470811,1.29631e-05,1.60657e-05,-3.57972e-06,-6.22651e-06,0.00258609,-1.63869e-05,0.0043795,0.00442794,0.00332565,0.000677737,0.000397352,0.000662335,0.00219433,0.000633272,0.000637886,-3.19891e-06,0.00196598,0.0180808,0.00321892,0.000506636,0.00627429,-3.46817e-05,0.00607331,0.000230449,0.000408501,-2.28853e-05,0.00259761,4.55732e-05,-5.41413e-06,-2.17116e-05,-1.52472e-05,0.00374553,0.0042675,0.001089,-1.21832e-05,1.05297e-05,0.000949409,0.00993857,0.000334986,0.00451376,1.3585e-05,0.000135627,8.76314e-07,-2.44854e-06,-7.88262e-06,-1.34667e-05,0.00525642,0.00514469,0.00319087,0.000640238,0.000826545,0.000575377,0.000809568,0.00018481,0.000283171,0.000639523,0.00338543,0.0188541,0.0361858,0.00028252,0.011003,-3.23344e-05,0.0133912,0.000495897,0.000603339,-2.40596e-05,3.09448e-07,3.16119e-05,9.65769e-08,-4.19589e-05,-3.07394e-05,-4.24471e-05,0,0.000146185,0.000113269,0.000340658,0.011777,0,0.0295763,0,0,0.00225452,-0.000733448,8.40145e-06,-5.97323e-05,0.000197796,0.0119209,0,0.0137055,0.000910897,-0.00131023,0.00317407,
0.535,0.0019753,-6.6747e-05,0.000885331,4.0768e-05,0.00142999,0.00582023,0.000178574,0.00466046,1.19926e-05,1.435e-05,-3.65132e-06,-6.07648e-06,0.0025257,-1.45442e-05,0.0043167,0.00432436,0.00324055,0.000645484,0.000366795,0.000623478,0.00214422,0.000564352,0.000590714,-7.52685e-07,0.00187392,0.0181141,0.0032201,0.000481982,0.00605807,-3.05435e-05,0.00610357,0.000220282,0.000407612,-2.05308e-05,0.00263493,2.10417e-05,-5.31914e-06,-1.31566e-05,-9.45711e-06,0.00360532,0.00421281,0.00106764,-2.18866e-05,4.91386e-06,0.000936545,0.00987343,0.000298436,0.00437156,1.23884e-05,0.000131557,1.09539e-06,-2.21899e-06,-8.38152e-06,-1.23775e-05,0.00506526,0.00494366,0.00311972,0.00062614,0.000800878,0.000528166,0.00082564,0.000182789,0.000258978,0.000635585,0.00330945,0.0188027,0.0361562,0.000249354,0.0109102,-2.42823e-05,0.0134393,0.000468054,0.000572464,-2.24236e-05,3.71337e-06,2.95114e-05,3.86307e-07,-3.34157e-05,-2.45746e-05,-3.38445e-05,0,0.000140967,0.000110723,0.00031994,0.0118863,0,0.029655,0,0,0.00217332,-0.000931288,1.24774e-06,-5.63775e-05,0.000109811,0.0119922,0,0.0137512,0.00070129,-0.00130145,0.00318633,
0.54,0.00193168,-6.25476e-05,0.00094015,4.67271e-05,0.00148945,0.00587339,0.000164984,0.00461738,1.19233e-05,1.396e-05,-3.7945e-06,-6.15149e-06,0.00255854,-1.41493e-05,0.004255,0.00422195,0.00316679,0.000614292,0.000339545,0.000595201,0.00209848,0.000496439,0.000544938,2.82257e-06,0.00176878,0.018194,0.00332632,0.000459305,0.00588334,-3.1069e-05,0.00611674,0.000211697,0.000409316,-2.01541e-05,0.00267152,2.04258e-05,-5.60409e-06,-9.1383e-06,-6.46557e-06,0.00346466,0.00412279,0.00105198,-3.26682e-05,8.77475e-07,0.000915478,0.00980943,0.000261537,0.00422695,1.25291e-05,0.000127812,1.31447e-06,-1.91292e-06,-8.38152e-06,-1.23775e-05,0.00484914,0.00472148,0.00304009,0.000620015,0.000782731,0.000492021,0.000860868,0.000194155,0.000241854,0.000629232,0.003241,0.0187712,0.0361256,0.000217801,0.0108075,-2.15772e-05,0.0134979,0.00044,0.000541718,-2.2616e-05,7.01414e-06,2.99315e-05,6.76038e-07,-3.22261e-05,-2.34768e-05,-3.24862e-05,0,0.000146374,0.000117632,0.000309368,0.0121509,0,0.0297727,0,0,0.00209251,-0.00114794,-3.24412e-06,-5.81777e-05,2.32932e-05,0.0121121,0,0.0138492,0.000511621,-0.0013244,0.0031269,
0.545,0.00190018,-5.68012e-05,0.000985577,5.26862e-05,0.00154516,0.00592655,0.00015349,0.00457148,1.13687e-05,1.32581e-05,-3.72291e-06,-5.85142e-06,0.00260852,-1.33596e-05,0.00418133,0.00410821,0.00309375,0.00057928,0.000310926,0.000568309,0.0020411,0.000420644,0.000495069,7.62093e-06,0.00168619,0.0182238,0.00344037,0.00043637,0.00570263,-3.15945e-05,0.00612699,0.000204467,0.000413096,-1.92123e-05,0.00270472,1.91941e-05,-5.41413e-06,-5.83296e-06,-4.24605e-06,0.00333684,0.00400865,0.00104524,-4.23716e-05,-3.07116e-06,0.000895157,0.00958351,0.000224407,0.00408311,1.18253e-05,0.000123579,1.46052e-06,-1.8364e-06,-7.9824e-06,-1.21795e-05,0.00460913,0.00447707,0.00294962,0.00061842,0.000769296,0.000462924,0.000900939,0.000210571,0.000230609,0.000622879,0.00316685,0.0186737,0.0360668,0.000188091,0.0105772,-2.1766e-05,0.013569,0.000413001,0.000512663,-2.17499e-05,8.25193e-06,2.91964e-05,9.65769e-07,-3.52541e-05,-2.61792e-05,-3.55423e-05,0,0.000154438,0.000126177,0.000304456,0.0121775,0,0.0298536,0,0,0.0020474,-0.00134593,-6.57143e-06,-5.87504e-05,2.62293e-05,0.0120721,0,0.0138383,0.000342583,-0.00134389,0.00306808,
0.55,0.00184781,-5.02444e-05,0.00102437,5.83616e-05,0.00157205,0.00592851,0.000143202,0.00451345,1.03289e-05,1.23223e-05,-3.22175e-06,-5.32629e-06,0.00262901,-1.23724e-05,0.00409544,0.00398876,0.0030183,0.000539813,0.000279913,0.00054013,0.00197875,0.000334117,0.000439896,1.2043e-05,0.00164506,0.0181587,0.00348731,0.000412576,0.00549437,-3.15288e-05,0.0061309,0.000197576,0.000417691,-1.77055e-05,0.00273264,1.78598e-05,-4.74923e-06,-1.55546e-06,-1.15801e-06,0.00323572,0.00385342,0.00102647,-5.07813e-05,-6.23007e-06,0.000878658,0.00922507,0.000188437,0.00394625,1.09806e-05,0.000118124,1.6796e-06,-1.3773e-06,-6.4857e-06,-1.14863e-05,0.00435442,0.00421702,0.00285208,0.000619569,0.000760072,0.00044063,0.000940129,0.000229197,0.000224646,0.000615273,0.00304524,0.0184655,0.0359751,0.000160299,0.0102238,-2.12627e-05,0.0136305,0.000386741,0.000485102,-2.04988e-05,1.05212e-05,2.7516e-05,1.15892e-06,-3.65518e-05,-2.66859e-05,-3.70138e-05,0,0.000162691,0.000134541,0.000303495,0.0120129,0,0.0298918,0,0,0.00201759,-0.00148204,-7.73599e-06,-5.8505e-05,2.46634e-05,0.011861,0,0.0136272,0.000205099,-0.00135176,0.00300069,
0.555,0.00181455,-3.94883e-05,0.00103739,5.76995e-05,0.00156385,0.00595962,0.00012631,0.00442939,8.24926e-06,1.00606e-05,-2.36262e-06,-4.05098e-06,0.00265947,-1.02007e-05,0.00398332,0.00384741,0.00292172,0.000493414,0.000239893,0.000495045,0.00192777,0.000234343,0.000374581,1.03494e-05,0.00168928,0.0180593,0.00349439,0.000383885,0.0053023,-2.29241e-05,0.00614115,0.000184811,0.000412651,-1.43151e-05,0.00275938,1.49858e-05,-3.41945e-06,1.2314e-05,8.8781e-06,0.00318415,0.00368561,0.00100554,-5.11047e-05,-7.37079e-06,0.000877539,0.00878379,0.000170452,0.00384947,8.86894e-06,0.000109658,1.60658e-06,-8.41686e-07,3.9912e-07,-1.09912e-05,0.00409161,0.00395169,0.00274937,0.000612743,0.00074754,0.00041596,0.000943212,0.000231596,0.000214082,0.00063129,0.00291199,0.0181454,0.0358497,0.000132585,0.00974146,-5.12066e-05,0.0137333,0.000377249,0.000483152,-1.68417e-05,-4.12597e-07,2.3e-05,1.35208e-06,-8.6405e-05,-6.32522e-05,-8.77239e-05,0,0.000157568,0.000131086,0.000289612,0.0116001,0,0.0298565,0,0,0.00206466,-0.00149306,-5.90597e-06,-5.20408e-05,2.29017e-05,0.0114865,0,0.0132354,0.000110091,-0.00129448,0.00298843,
0.56,0.00174323,-4.05933e-05,0.00104518,7.16041e-05,0.00156771,0.00568537,0.000121103,0.00435835,8.45722e-06,1.08405e-05,-2.00464e-06,-3.90095e-06,0.00272702,-1.09904e-05,0.00390279,0.00374365,0.00288644,0.000446307,0.00020945,0.000478139,0.00185611,0.000126269,0.000312802,2.00402e-05,0.00160428,0.0180999,0.00361081,0.000361379,0.00498977,-3.25798e-05,0.00609673,0.000180631,0.000421915,-1.5351e-05,0.00276651,1.64228e-05,-3.13449e-06,6.99955e-06,5.11456e-06,0.00315332,0.00343849,0.00098409,-6.28566e-05,-9.56447e-06,0.000841558,0.00804619,0.000123691,0.00368378,9.36166e-06,0.000102412,2.04473e-06,-7.65169e-07,-9.07998e-06,-9.40691e-06,0.0038465,0.00371267,0.00264276,0.00062531,0.000750648,0.000413501,0.000998695,0.000266323,0.000223624,0.000598719,0.00276641,0.0178372,0.0357192,0.000110858,0.00919262,-5.41004e-06,0.0136785,0.000342972,0.000443112,-1.79966e-05,1.77417e-05,2.45754e-05,1.73838e-06,-1.65456e-05,-1.0725e-05,-1.68656e-05,0,0.000180335,0.000153449,0.000306058,0.0110693,0,0.0296645,0,0,0.00191991,-0.00160124,-4.57505e-06,-5.92414e-05,2.9459e-05,0.0108573,0,0.012615,9.37943e-05,-0.00133377,0.00278625,
0.565,0.00173885,-3.92672e-05,0.00109896,8.57925e-05,0.0016636,0.00586768,0.000121674,0.00426568,7.76401e-06,1.07625e-05,-1.2887e-06,-3.07575e-06,0.00275281,-1.08588e-05,0.00382045,0.00364542,0.002861,0.000396796,0.000182314,0.000473986,0.00178037,5.53369e-06,0.000248325,2.54972e-05,0.00149948,0.018219,0.00371037,0.000342138,0.00495369,-3.54699e-05,0.00603377,0.000180405,0.000436737,-1.48801e-05,0.00275923,1.65254e-05,-2.08966e-06,1.27029e-05,9.36061e-06,0.00317708,0.00326729,0.0009725,-7.21288e-05,-1.08807e-05,0.000811635,0.00832933,7.98304e-05,0.00355509,8.72817e-06,9.50042e-05,2.33684e-06,-3.06067e-07,-8.4813e-06,-9.01083e-06,0.00362414,0.00349237,0.00253792,0.000648659,0.000763782,0.000426943,0.00107597,0.000315635,0.00024867,0.00057089,0.00273881,0.0178641,0.0357297,9.4813e-05,0.00931568,-6.54237e-06,0.0136824,0.000312282,0.000408531,-1.74192e-05,1.90826e-05,2.41553e-05,2.22127e-06,-1.45991e-05,-1.12317e-05,-1.39226e-05,0,0.000212684,0.000182903,0.000343221,0.0118101,0,0.0299043,0,0,0.00185911,-0.00169898,-5.82279e-07,-6.47237e-05,3.75823e-05,0.0111048,0,0.0127101,0.000138178,-0.0013879,0.00262328,
0.57,0.00178115,-3.38892e-05,0.00114518,9.1657e-05,0.00174648,0.00606712,0.000107449,0.00410917,5.96165e-06,9.2807e-06,-1.43189e-07,-1.87546e-06,0.00276385,-9.34514e-06,0.00371746,0.00353144,0.00280407,0.00034488,0.000151758,0.000462023,0.00173347,-0.000120483,0.000177707,1.24193e-05,0.00145027,0.0182708,0.0037718,0.00032135,0.00503864,-1.35968e-05,0.00595275,0.000167075,0.000430364,-1.25257e-05,0.00275167,1.47805e-05,-6.64893e-07,5.59316e-05,4.0241e-05,0.00329821,0.00320275,0.000979246,-7.12663e-05,-9.73997e-06,0.000805856,0.00850291,4.94299e-05,0.00347285,6.96845e-06,8.5398e-05,2.33684e-06,2.29551e-07,-3.19296e-06,-8.41671e-06,0.00341713,0.00329287,0.00243827,0.000666904,0.000776214,0.000442679,0.00111913,0.000363937,0.000274908,0.000563106,0.00277098,0.0179317,0.0357596,8.12244e-05,0.0093915,-2.5792e-05,0.0136833,0.000293509,0.000392281,-1.44358e-05,1.27905e-05,2.04795e-05,2.31784e-06,-4.45543e-05,-3.3104e-05,-4.47109e-05,0,0.000233933,0.000201357,0.000377393,0.0122027,0,0.0301294,0,0,0.00190108,-0.00168825,5.7396e-06,-6.26781e-05,4.37481e-05,0.0113631,0,0.0129502,0.000208047,-0.0013792,0.00256753,
0.575,0.00180099,-3.47732e-05,0.00119239,0.000108589,0.00180026,0.00601691,0.000119579,0.00406714,5.12979e-06,9.20271e-06,8.59133e-07,-8.252e-07,0.00281082,-9.34514e-06,0.00364182,0.00344834,0.00279364,0.000290135,0.000127586,0.000470723,0.00165452,-0.000108075,0.000105787,3.76342e-05,0.0013878,0.0182151,0.0037994,0.000305974,0.0050733,-4.32207e-05,0.00590151,0.000174644,0.00045734,-1.19606e-05,0.00271126,1.52937e-05,8.54862e-07,1.63323e-05,1.15801e-05,0.0033517,0.0031095,0.000976652,-7.70883e-05,-9.12574e-06,0.000776026,0.00845622,5.68559e-06,0.00336317,6.19418e-06,7.54661e-05,2.84802e-06,6.88652e-07,-7.88262e-06,-6.63435e-06,0.00325323,0.00314028,0.00234839,0.000698929,0.000801279,0.000478825,0.001192,0.000438821,0.000320485,0.000531877,0.00275227,0.0179516,0.0357878,7.52362e-05,0.00962688,-2.45339e-06,0.0135776,0.000263768,0.00035913,-1.35696e-05,2.20739e-05,1.95343e-05,2.99388e-06,-5.83964e-06,-4.89804e-06,-5.09365e-06,0,0.000286867,0.000238355,0.000439117,0.0123717,0,0.030267,0,0,0.00187323,-0.00172764,1.37251e-05,-6.89786e-05,5.85266e-05,0.0113816,0,0.0130119,0.000337902,-0.00141864,0.00238618,
0.58,0.00182039,-3.28578e-05,0.001214,0.000118615,0.00177241,0.00618741,0.000108402,0.00388285,3.39675e-06,7.7989e-06,2.00464e-06,4.50109e-07,0.00281939,-7.89731e-06,0.00355113,0.00335632,0.00276038,0.000234541,0.000104098,0.000478435,0.00161315,-0.000119729,3.11686e-05,1.4301e-05,0.00155111,0.0180551,0.00372981,0.000291199,0.00532219,-9.26158e-06,0.00575558,0.000162331,0.000451041,-9.79452e-06,0.00267725,1.37541e-05,2.27963e-06,4.78303e-05,6.03132e-05,0.00355357,0.00301014,0.000951569,-7.3207e-05,-6.14232e-06,0.000771272,0.00844568,-3.02845e-05,0.00329065,4.36408e-06,6.31733e-05,2.92105e-06,1.14775e-06,-4.78944e-06,-5.64415e-06,0.00311759,0.00301829,0.00226852,0.000726424,0.000826044,0.000518167,0.00123208,0.000507643,0.000368191,0.000511743,0.00270276,0.0178198,0.0358069,7.2626e-05,0.00986651,-1.1575e-05,0.0134902,0.000240988,0.00033651,-1.05862e-05,1.84637e-05,1.59635e-05,3.18704e-06,-1.74108e-05,-1.35118e-05,-1.66392e-05,0,0.000342552,0.000269809,0.000501055,0.0123437,0,0.0303965,0,0,0.00201602,-0.00168517,2.25425e-05,-6.89786e-05,7.02711e-05,0.0112083,0,0.0128769,0.000514568,-0.00141451,0.00234513,
0.585,0.00170924,-3.50679e-05,0.00124224,0.000135263,0.0017487,0.00563536,0.000112593,0.00380724,1.87168e-06,7.01901e-06,3.22175e-06,1.6504e-06,0.00273382,-7.10758e-06,0.00347477,0.00328669,0.00275744,0.000178594,8.74515e-05,0.000503153,0.00154936,-0.00014287,-4.24265e-05,2.70966e-05,0.00146524,0.0179437,0.00362145,0.000281321,0.00516394,-2.37123e-05,0.00566285,0.000161879,0.000464159,-8.47603e-06,0.00261847,1.33435e-05,3.89437e-06,6.85049e-05,5.12421e-05,0.00368259,0.00283962,0.000892323,-7.0835e-05,-2.80792e-06,0.000753654,0.00789558,5.10543e-06,0.00321735,2.88593e-06,4.93338e-05,3.28618e-06,1.91292e-06,-5.88702e-06,-3.66374e-06,0.00302642,0.0029366,0.00220279,0.000760554,0.000859029,0.000571852,0.00128316,0.000587262,0.00042825,0.000480962,0.00251292,0.0175437,0.0357801,7.69252e-05,0.00971855,-2.5792e-06,0.0133422,0.00021536,0.0003096,-8.37275e-06,2.20739e-05,1.3548e-05,3.86307e-06,8.65132e-07,-4.22244e-07,2.03746e-06,0,0.000415787,0.00032508,0.00058072,0.0119697,0,0.0303862,0,0,0.00179163,-0.00165298,3.41881e-05,-7.35608e-05,8.89643e-05,0.0107175,0,0.0124285,0.000767171,-0.00143198,0.00219381,
0.59,0.00167584,-4.02987e-05,0.00126919,0.000173193,0.00174359,0.0052032,0.000146377,0.00379915,3.46608e-07,6.3951e-06,4.58204e-06,3.22578e-06,0.00272084,-6.38366e-06,0.00342253,0.00323995,0.0027892,0.000120807,8.22067e-05,0.000553379,0.00147857,-0.00017297,9.30405e-06,5.42874e-05,0.00131209,0.0179286,0.00358515,0.000279345,0.0049159,-5.77371e-05,0.0055706,0.00018515,0.000513591,-6.875e-06,0.00253068,1.29329e-05,5.88905e-06,2.58595e-05,1.65017e-05,0.003747,0.00267368,0.000842418,-6.81396e-05,2.36918e-06,0.000728486,0.00738314,8.58641e-06,0.00316109,1.12621e-06,3.37847e-05,3.87039e-06,2.67809e-06,-5.28834e-06,-2.4755e-06,0.00297535,0.00289774,0.00215791,0.000806805,0.000904347,0.00064652,0.00135493,0.000684371,0.000506114,0.000446869,0.00239496,0.0173054,0.0357323,9.07441e-05,0.0095024,-4.78096e-06,0.0131865,0.000193845,0.000288344,-6.06303e-06,2.21771e-05,1.08174e-05,4.63569e-06,2.48725e-06,7.6004e-07,3.84853e-06,0,0.000515109,0.000407986,0.000687723,0.0114368,0,0.0302045,0,0,0.00164296,-0.00163196,5.01591e-05,-8.1907e-05,0.00011676,0.0101097,0,0.0118539,0.00111894,-0.00148094,0.00201123,
0.595,0.0017212,-4.70765e-05,0.00130283,0.000225028,0.0017804,0.00522013,0.000179527,0.00370401,-1.66372e-06,4.9913e-06,6.08553e-06,4.72615e-06,0.0027325,-4.87e-06,0.00337683,0.00320433,0.00282937,6.5284e-05,8.83637e-05,0.000623676,0.00143196,-0.000199548,1.39561e-05,5.14648e-05,0.0012202,0.0179688,0.00358257,0.000284757,0.00499204,-5.24823e-05,0.00539588,0.000207404,0.000556724,-4.7089e-06,0.00244201,1.17012e-05,7.69376e-06,2.54706e-05,3.78284e-05,0.00388207,0.00259097,0.000819498,-5.94065e-05,9.47673e-06,0.00071497,0.00746974,1.17193e-05,0.00311619,-1.26699e-06,1.59561e-05,4.4546e-06,3.74933e-06,-4.19076e-06,-3.96081e-07,0.00295957,0.00288662,0.00213117,0.000857648,0.000956883,0.000733974,0.00142032,0.000783248,0.00059403,0.000409198,0.00239998,0.017258,0.0357701,0.000113008,0.00971006,-4.52934e-06,0.013004,0.000175388,0.000271314,-2.5022e-06,2.22802e-05,7.03654e-06,5.4083e-06,9.30016e-06,5.65808e-06,1.09796e-05,0,0.000628755,0.000509891,0.000809035,0.0116159,0,0.0302435,0,0,0.0016155,-0.00156699,6.90416e-05,-8.92712e-05,0.000151112,0.00992991,0,0.0116442,0.0015444,-0.00152487,0.00188686,
0.6,0.00171449,-4.5603e-05,0.00129049,0.000256053,0.00175988,0.00523234,0.000148092,0.00343865,-3.11947e-06,2.72962e-06,5.94234e-06,5.17626e-06,0.00266071,-1.90852e-06,0.0032785,0.00312043,0.00274988,2.20678e-05,8.98459e-05,0.000656996,0.00151119,-0.000188062,1.75847e-05,-8.93813e-06,0.00123345,0.0179352,0.00352414,0.000284757,0.00510711,3.08063e-05,0.00523091,0.00017792,0.000512924,-1.60103e-06,0.00239808,8.00611e-06,7.78874e-06,0.000190997,0.000137804,0.00417185,0.00264905,0.000820017,-3.69808e-05,1.50926e-05,0.000753468,0.00789295,-9.2826e-07,0.00305606,-3.30826e-06,-4.5589e-06,4.08947e-06,3.90236e-06,-6.68526e-06,2.67354e-06,0.0029255,0.00286295,0.00209842,0.000871237,0.000981347,0.000779299,0.00137056,0.000811534,0.000643099,0.000366605,0.0024107,0.0173117,0.0358257,0.00012913,0.00998901,1.6985e-05,0.0127868,0.00014512,0.000237709,1.15486e-06,2.34149e-05,1.78539e-06,5.21515e-06,4.79067e-05,3.36951e-05,5.01441e-05,0,0.000688235,0.000567071,0.000865313,0.0118856,0,0.0303148,0,0,0.00163041,-0.00135328,7.51139e-05,-7.97795e-05,0.000163248,0.0102495,0,0.0119127,0.00176718,-0.00143506,0.00207679,
0.605,0.00172631,-5.8201e-05,0.00132922,0.000311104,0.00174966,0.00546466,0.000164032,0.0034791,-5.06047e-06,1.55978e-06,7.58901e-06,6.75164e-06,0.00265126,-1.05297e-06,0.00325872,0.00311471,0.00282077,-1.5207e-05,0.000112307,0.000737081,0.00141885,-0.000191583,2.79122e-05,-2.5309e-05,0.00134892,0.0178229,0.00344005,0.000297814,0.0051199,-2.10192e-05,0.00512988,0.000186731,0.000535009,4.7089e-07,0.00230448,6.97969e-06,9.78342e-06,0.000168378,0.000107985,0.00418947,0.00254222,0.000771669,-2.66305e-05,2.49203e-05,0.000729698,0.00738578,8.81847e-06,0.00302758,-5.84224e-06,-3.17495e-06,4.89275e-06,5.12663e-06,-4.39032e-06,4.25787e-06,0.00294988,0.00289388,0.0021049,0.000909003,0.00102797,0.000860442,0.00140645,0.000875495,0.000716022,0.000325264,0.00236872,0.0171161,0.0357701,0.000158303,0.00957002,8.11506e-06,0.0126042,0.000124132,0.000217493,4.71569e-06,2.1455e-05,-1.89041e-06,6.37407e-06,4.37973e-05,3.01483e-05,8.54601e-05,0,0.000784616,0.000659613,0.000968792,0.0112498,0,0.0301353,0,0,0.00173436,-0.00122129,9.99856e-05,-8.95167e-05,0.000213358,0.00963743,0,0.0112879,0.00211999,-0.00146002,0.00174595,
0.61,0.0015943,-7.1241e-05,0.00138687,0.000378357,0.00174706,0.00515437,0.000185623,0.00344076,-7.07079e-06,-3.11956e-07,8.66293e-06,8.17699e-06,0.00254371,1.11879e-06,0.00325092,0.00312394,0.00289296,-3.97504e-05,0.000151872,0.000841291,0.00140923,-0.000187894,4.131e-05,2.54031e-05,0.00126408,0.017758,0.00334372,0.000321007,0.00478492,-6.58164e-05,0.00496004,0.000200626,0.000562356,3.29623e-06,0.00220831,4.61891e-06,1.13982e-05,0.000242846,0.000150735,0.00421773,0.0024252,0.000688984,-9.81124e-06,3.63275e-05,0.000725223,0.00686016,1.14872e-05,0.00300186,-8.72817e-06,-6.59412e-06,5.54999e-06,6.42742e-06,-3.89142e-06,6.83239e-06,0.00299464,0.00294233,0.00212681,0.000953404,0.00108321,0.000955355,0.00145048,0.000944507,0.000794908,0.000280792,0.00219189,0.0168655,0.0356698,0.000196919,0.0089561,1.04426e-05,0.0124072,0.000105676,0.000200593,9.04642e-06,2.08361e-05,-6.82649e-06,7.33984e-06,5.72068e-05,3.98599e-05,0.000133454,0,0.000891053,0.00076261,0.00108669,0.0107248,0,0.0298904,0,0,0.00149782,-0.00105417,0.000129183,-9.88448e-05,0.000293612,0.00914878,0,0.0106727,0.00247801,-0.00149361,0.0017049,
0.615,0.00156936,-8.42072e-05,0.0014183,0.000447407,0.00172432,0.00515792,0.000207849,0.00340366,-9.0118e-06,-2.33967e-06,9.30728e-06,9.22724e-06,0.00254539,3.48798e-06,0.00323595,0.00313144,0.00294337,7.07302e-06,0.00020489,0.000951136,0.00141535,-0.000167771,5.66617e-05,2.17338e-05,0.00131708,0.017736,0.00330881,0.0003509,0.00477099,-2.26613e-05,0.00482826,0.000216102,0.000588591,6.40411e-06,0.0021178,1.64228e-06,1.2443e-05,0.000329044,0.000203424,0.00421553,0.00232771,0.00062204,1.01347e-05,4.79101e-05,0.000732215,0.00657325,1.33437e-05,0.00298096,-1.16845e-05,-1.03389e-05,5.98815e-06,7.42214e-06,-3.19296e-06,9.60495e-06,0.00304098,0.00299242,0.00215826,0.000993849,0.00113655,0.00104814,0.00147096,0.00100064,0.000866552,0.00023453,0.00211979,0.0166273,0.0356164,0.000241447,0.00864603,1.33993e-05,0.0122285,8.88016e-05,0.000186098,1.33772e-05,1.92889e-05,-1.20776e-05,8.20903e-06,7.2671e-05,5.05004e-05,0.000193672,0,0.000987908,0.000856879,0.00119476,0.0103236,0,0.0297006,0,0,0.001519,-0.00082252,0.000159794,-0.000104982,0.000395006,0.00862945,0,0.0101009,0.0027906,-0.00150223,0.00160136,
0.62,0.00159255,-0.000100047,0.00143414,0.00051939,0.0017087,0.00507444,0.000233061,0.00338027,-1.09528e-05,-4.75733e-06,9.95163e-06,1.02025e-05,0.00257515,6.18622e-06,0.00323713,0.00315543,0.00300571,2.43312e-05,0.00027387,0.00107285,0.00142089,-0.000134905,7.52698e-05,1.89112e-05,0.0013071,0.0177539,0.00332664,0.000389211,0.00476588,-1.88516e-05,0.0046877,0.00023508,0.000617124,9.79452e-06,0.00203104,-1.74492e-06,1.32979e-05,0.000423408,0.000264703,0.00417203,0.00226911,0.000593239,3.20213e-05,6.1862e-05,0.000736969,0.00630367,1.67087e-05,0.00296521,-1.47112e-05,-1.42466e-05,6.49933e-06,8.56989e-06,-2.59428e-06,1.23775e-05,0.00309879,0.00304934,0.00220468,0.00103525,0.00119179,0.00114502,0.00148703,0.00105292,0.000935897,0.000185495,0.00211112,0.0164595,0.0355799,0.000293421,0.00844092,1.52236e-05,0.0120661,7.46693e-05,0.000175568,1.80928e-05,1.70196e-05,-1.76439e-05,8.98165e-06,8.88923e-05,6.16477e-05,0.000264983,0,0.00108201,0.000946967,0.00129621,0.00982518,0,0.0294269,0,0,0.00147389,-0.000519146,0.000198474,-0.0001121,0.000518518,0.00808587,0,0.00954658,0.00312052,-0.00150988,0.00152845,
0.625,0.00155375,-0.00011957,0.00146845,0.000593264,0.00173964,0.00494332,0.000260812,0.00336603,-1.30324e-05,-7.40896e-06,1.04528e-05,1.11777e-05,0.00256075,8.4896e-06,0.00325541,0.00319726,0.00308293,4.44186e-05,0.000359042,0.00120543,0.00143604,-9.29827e-05,9.84369e-05,1.49596e-05,0.00120007,0.0177935,0.00334221,0.000436198,0.004694,-1.74065e-05,0.0045447,0.000257673,0.000647139,1.34675e-05,0.00194927,-5.74798e-06,1.40577e-05,0.000525809,0.000336113,0.00409238,0.00223481,0.000578795,5.6819e-05,7.79198e-05,0.000743307,0.00643319,1.99576e-05,0.00295257,-1.82306e-05,-1.84798e-05,7.08354e-06,9.87068e-06,-1.89582e-06,1.55462e-05,0.00316055,0.00311298,0.00226546,0.00107901,0.00125014,0.00124542,0.00150531,0.001104,0.00100439,0.000132432,0.00207301,0.016459,0.035594,0.00035361,0.00852947,1.78028e-05,0.0119268,6.32791e-05,0.000168938,2.32897e-05,1.48535e-05,-2.37352e-05,1.0044e-05,0.000108682,7.45684e-05,0.000348179,0,0.00117318,0.00103378,0.00139221,0.00997117,0,0.0293173,0,0,0.0012954,-0.000142721,0.000247635,-0.000120938,0.000660528,0.00807445,0,0.00943702,0.00347212,-0.00151887,0.00143287,
0.63,0.00152355,-0.000141819,0.00151357,0.000665909,0.00179216,0.00491359,0.000290469,0.00336462,-1.50428e-05,-1.02166e-05,1.08824e-05,1.19279e-05,0.00254998,1.23066e-05,0.00328228,0.00324419,0.0031634,8.7564e-05,0.000457325,0.00133703,0.00146313,-4.72879e-05,0.000125884,1.06317e-05,0.00107462,0.0178647,0.00337959,0.00049083,0.0046062,-1.56987e-05,0.00440853,0.000283542,0.000678118,1.74229e-05,0.00187382,-9.95632e-06,1.46276e-05,0.000631709,0.00041592,0.00398044,0.00224024,0.000576719,8.4312e-05,9.57325e-05,0.000751417,0.00648854,2.39027e-05,0.00294293,-2.16092e-05,-2.29573e-05,7.52169e-06,1.09419e-05,-1.4967e-06,1.89128e-05,0.00322898,0.00318013,0.00233484,0.00112341,0.0013102,0.001345,0.00152336,0.00115154,0.00107135,7.59696e-05,0.00205362,0.0165035,0.0356078,0.000421323,0.00850005,1.99417e-05,0.0118114,5.51582e-05,0.000166728,2.86791e-05,1.22748e-05,-3.01416e-05,1.072e-05,0.000130851,0.000107672,0.00044077,0,0.00125476,0.00111387,0.00147999,0.0100488,0,0.0292084,0,0,0.00120204,0.000289117,0.000308358,-0.000130429,0.000812326,0.0081194,0,0.00943702,0.00383499,-0.00152592,0.00138999,
0.635,0.00156906,-0.000168414,0.00156501,0.000737229,0.00185056,0.00535736,0.000322538,0.00337465,-1.72611e-05,-1.32581e-05,1.09539e-05,1.28281e-05,0.0025959,1.65185e-05,0.00332357,0.00330865,0.00325255,0.000154758,0.000565528,0.00146516,0.00149779,-3.94066e-06,0.000178638,6.39782e-06,0.00114638,0.0179786,0.00345981,0.000552506,0.0047906,-1.47791e-05,0.00427773,0.000313252,0.000710653,2.1661e-05,0.00180528,-1.49858e-05,1.51026e-05,0.000736184,0.000502385,0.00384445,0.00228389,0.000589433,0.000116549,0.000116704,0.000762976,0.00671106,2.81959e-05,0.00293519,-2.51991e-05,-2.75162e-05,8.03288e-06,1.23192e-05,-7.9824e-07,2.22795e-05,0.00330365,0.00325225,0.00241447,0.00116992,0.00137296,0.00144549,0.00154384,0.00119852,0.00113805,1.70909e-05,0.00213234,0.016649,0.0356465,0.000496559,0.00848336,2.1766e-05,0.0117211,5.07287e-05,0.000169913,3.41647e-05,9.48972e-06,-3.6758e-05,1.29413e-05,0.000156048,0.000152177,0.000539813,0,0.00132818,0.00118596,0.00156275,0.0102617,0,0.0291488,0,0,0.00138445,0.000612921,0.000405183,-0.000141557,0.000968723,0.00825707,0,0.00951901,0.00422126,-0.00153312,0.00128951,
0.64,0.00154689,-0.000200683,0.00162573,0.000807698,0.00192092,0.00539615,0.00035683,0.00338959,-1.941e-05,-1.67676e-05,1.10255e-05,1.33532e-05,0.00259528,1.96116e-05,0.00337762,0.00338283,0.00335233,0.000248121,0.000680229,0.00159142,0.00154091,3.67236e-05,0.000255861,1.88171e-06,0.00104933,0.0180044,0.00348945,0.000620624,0.00481134,-1.36625e-05,0.00414205,0.000347255,0.000744966,2.63699e-05,0.00174305,-2.05285e-05,1.51026e-05,0.000837548,0.000593868,0.00369525,0.00234028,0.000600763,0.000155039,0.000141273,0.000774442,0.00687484,3.30693e-05,0.00292822,-2.9e-05,-3.24008e-05,9.42038e-06,1.35435e-05,-3.9912e-07,2.58443e-05,0.0033855,0.00333119,0.00250541,0.00121981,0.00143984,0.00154958,0.0015718,0.00124821,0.00120595,-4.33984e-05,0.00213713,0.016828,0.0356894,0.000579165,0.00853372,2.35274e-05,0.0116539,5.05178e-05,0.000178818,4.02277e-05,6.18895e-06,-4.41096e-05,1.61283e-05,0.000186003,0.00020842,0.000642139,0,0.00139686,0.00125105,0.00164434,0.0104969,0,0.0290701,0,0,0.00110515,0.00104505,0.000525465,-0.00015514,0.00112786,0.00852244,0,0.00971926,0.00463718,-0.00154497,0.0013134,
0.645,0.00155535,-0.000239876,0.00169614,0.000878451,0.0020039,0.00560327,0.000394298,0.00340542,-2.1767e-05,-2.05111e-05,1.09539e-05,1.41784e-05,0.00261373,2.70483e-05,0.00344916,0.00347362,0.00346801,0.000368363,0.000799378,0.00171847,0.00159422,8.09092e-05,0.000357834,-2.16397e-06,0.001039,0.0180927,0.00353359,0.000694326,0.00491306,-1.32684e-05,0.00400734,0.000386228,0.000782096,3.13613e-05,0.00168715,-2.64817e-05,1.53875e-05,0.000933792,0.000687667,0.00354183,0.00241773,0.000614429,0.000203017,0.000170932,0.000786467,0.00723818,3.88709e-05,0.00292022,-3.29418e-05,-3.76923e-05,1.1173e-05,1.69867e-05,-9.978e-08,2.98051e-05,0.00347975,0.00341794,0.00260883,0.00127473,0.00151232,0.00165966,0.00160901,0.00130352,0.00127691,-0.000103977,0.00218094,0.0171245,0.0357687,0.000668835,0.00874222,2.46597e-05,0.0116058,5.54746e-05,0.000194808,4.65794e-05,2.78503e-06,-5.17763e-05,2.01846e-05,0.000221041,0.000276401,0.000744465,0,0.00146336,0.00131105,0.001727,0.0109722,0,0.0290437,0,0,0.00134483,0.00155303,0.000665378,-0.000171833,0.0012869,0.00899826,0,0.010114,0.00509541,-0.00156206,0.00107201,
0.65,0.00154383,-0.000284964,0.0017555,0.000945798,0.00204254,0.00568477,0.000432274,0.00341773,-2.39852e-05,-2.41766e-05,1.08108e-05,1.44035e-05,0.0026004,3.85652e-05,0.00352292,0.00356718,0.00357634,0.000509752,0.000916702,0.00183652,0.00165773,0.000132054,0.000480182,-7.33867e-06,0.00105518,0.0181211,0.00353875,0.000769918,0.00510228,-1.16919e-05,0.00388826,0.000428251,0.000818707,3.64469e-05,0.00163932,-3.26403e-05,1.51975e-05,0.00102394,0.000780983,0.00339097,0.00248516,0.000606818,0.000260483,0.000204715,0.000801288,0.00739481,4.39763e-05,0.00290981,-3.6602e-05,-4.25769e-05,1.32177e-05,2.15778e-05,0,3.35678e-05,0.00357035,0.00350822,0.00271238,0.00133075,0.00158602,0.00176728,0.0016471,0.00135902,0.00134668,-0.000116594,0.00219394,0.0173425,0.0358544,0.000762189,0.00892951,2.64211e-05,0.0115827,6.4861e-05,0.000217038,5.26425e-05,-5.15746e-07,-5.9338e-05,2.46271e-05,0.00026181,0.000355108,0.000843395,0,0.00152152,0.00136141,0.00180132,0.0111348,0,0.0289797,0,0,0.00101532,0.00201265,0.000812944,-0.00019008,0.00143175,0.00918302,0,0.010307,0.00554097,-0.00157645,0.0017435,
0.655,0.00153552,-0.000339555,0.00181652,0.00101542,0.00206779,0.00583381,0.000473297,0.00341738,-2.64115e-05,-2.8544e-05,1.05244e-05,1.55288e-05,0.00261841,5.4623e-05,0.00361574,0.00367882,0.00370885,0.000667198,0.00103688,0.00196061,0.00172735,0.000198123,0.000622069,-1.14784e-05,0.0010951,0.0181767,0.00356925,0.000848258,0.00532361,-1.18233e-05,0.00375062,0.00047547,0.00085843,4.9161e-05,0.00159612,-3.98253e-05,1.49126e-05,0.0011091,0.000871888,0.00325159,0.0025176,0.000585282,0.000353528,0.000246834,0.000815457,0.00765499,5.09383e-05,0.00289476,-4.07549e-05,-4.82755e-05,1.56276e-05,2.724e-05,0,4.34698e-05,0.00367722,0.00361171,0.00283418,0.00139377,0.00166683,0.00188465,0.0017006,0.00142431,0.00142259,-0.000126258,0.00219828,0.0175723,0.0359495,0.000859843,0.00923307,2.68615e-05,0.0115597,8.05753e-05,0.000247719,5.95716e-05,-4.53856e-06,-6.78448e-05,2.98422e-05,0.000309501,0.000443863,0.000937797,0,0.00158261,0.00141241,0.00188184,0.0113757,0,0.0288803,0,0,0.00155509,0.00239569,0.000966998,-0.000213482,0.001572,0.00939417,0,0.0104927,0.00606005,-0.00160105,0.000146887,
0.66,0.00152691,-0.000403797,0.00187846,0.00108674,0.00210875,0.00604192,0.000516861,0.00340102,-2.90457e-05,-3.29894e-05,1.0238e-05,1.72542e-05,0.0026608,7.5156e-05,0.00372416,0.00380651,0.00385545,0.000831221,0.00115899,0.00208657,0.00180746,0.000331937,0.000776144,-1.55241e-05,0.00110336,0.0183033,0.00366451,0.000927629,0.00550375,-1.22831e-05,0.00361738,0.00052766,0.000900896,6.74315e-05,0.0015577,-4.74208e-05,1.49126e-05,0.00118882,0.000959028,0.00312854,0.00253883,0.000570665,0.000470401,0.000297727,0.000829812,0.00768775,5.85964e-05,0.00287342,-4.4767e-05,-5.39741e-05,1.82565e-05,3.3897e-05,-1.9956e-07,5.71346e-05,0.00378876,0.00372335,0.00296317,0.00146312,0.00175405,0.00200841,0.00176467,0.00149799,0.00150403,-0.000135296,0.00220877,0.0177552,0.0360137,0.00096026,0.00924269,2.7176e-05,0.0115395,0.000102934,0.000287369,6.6597e-05,-8.66453e-06,-7.70868e-05,3.55403e-05,0.000364653,0.000540642,0.00102722,0,0.00164541,0.00146349,0.00196514,0.0114339,0,0.0287163,0,0,0.00077171,0.00274477,0.00112413,-0.000242202,0.00170823,0.00943198,0,0.0105392,0.006619,-0.00163193,0.0279754,
0.665,0.0015625,-0.000476069,0.00193138,0.00115664,0.00214605,0.00625376,0.000562013,0.00336603,-3.17492e-05,-3.76687e-05,9.95163e-06,1.93547e-05,0.00273859,0.000100362,0.00384022,0.00394189,0.00400251,0.000992203,0.00127643,0.00221025,0.00189515,0.00050105,0.000933476,-2.01343e-05,0.00115756,0.0184112,0.00378211,0.00100631,0.00577253,-1.22831e-05,0.00348951,0.000583465,0.000944696,9.12586e-05,0.00152435,-5.52216e-05,1.45327e-05,0.00126245,0.00104144,0.00302513,0.00256057,0.000575162,0.000603661,0.000357659,0.000842863,0.00778677,7.60013e-05,0.00284624,-4.892e-05,-5.96727e-05,2.10315e-05,4.15487e-05,-6.9846e-07,7.59484e-05,0.00391128,0.00383895,0.00309687,0.00153642,-0.00715186,0.00213365,0.00183622,0.00157698,0.00158871,-0.000144691,0.00225098,0.0179042,0.0360843,0.00106068,0.00939631,2.73018e-05,0.0115155,0.000132253,0.000335925,7.38149e-05,-1.27905e-05,-8.61188e-05,4.16246e-05,0.000426402,0.000642741,0.00111155,0,0.00170669,0.00151267,0.0020464,0.0114814,0,0.0285412,0,0,0.00295278,0.00306578,0.00127627,-0.000276323,0.00183958,0.00937777,0,0.0105275,0.00720049,-0.0016653,0.00635994,
0.67,0.00154646,-0.000555709,0.00199902,0.00122455,0.00220927,0.00647388,0.000608434,0.00330835,-3.44528e-05,-4.2426e-05,9.52206e-06,2.19803e-05,0.00276358,0.000129976,0.00396661,0.00408761,0.00415857,0.00114781,0.00138748,0.00233681,0.00199012,0.000693304,0.0010882,-2.46504e-05,0.00113778,0.0184987,0.00385138,0.00108362,0.0060504,-1.27429e-05,0.00335774,0.000642772,0.000989755,0.000120642,0.00149474,-6.37409e-05,1.42477e-05,0.00133147,0.00111893,0.00294383,0.00258163,0.000566167,0.000745331,0.000426979,0.000856752,0.00807782,0.000100716,0.00281209,-5.29321e-05,-6.55342e-05,2.38065e-05,4.99655e-05,-1.29714e-06,9.8327e-05,0.00403838,0.00396116,0.00323704,0.00161469,-0.00102456,0.00226331,0.00191791,0.00166171,0.00167739,-0.000154803,0.0022592,0.0180674,0.0361812,0.00115994,0.009673,2.7176e-05,0.0114799,0.000169166,0.000393646,8.11291e-05,-1.74322e-05,-9.5991e-05,4.80953e-05,0.000494423,0.000747035,0.00119067,0,0.0017693,0.00156304,0.00212991,0.0118906,0,0.0285081,0,0,0.000538304,0.00337401,0.00141618,-0.000317154,0.00196935,0.00955183,0,0.0106596,0.00782896,-0.00170503,-0.000525208,
0.675,0.00148198,-0.000643158,0.00207551,0.00129275,0.00226719,0.00644041,0.000657079,0.00322676,-3.75723e-05,-4.78073e-05,9.30728e-06,2.52811e-05,0.00275846,0.000164461,0.00411317,0.00424919,0.0043319,0.00129606,0.00149568,0.00247365,0.00209266,0.000896122,0.00123846,-2.89784e-05,0.00107841,0.018544,0.00389058,0.00116042,0.00611717,-1.41223e-05,0.00321669,0.000706032,0.00103808,0.000156147,0.0014669,-7.28761e-05,1.42477e-05,0.00139771,0.0011915,0.00288575,0.00257517,0.000535723,0.000890236,0.000506478,0.000870268,0.00809024,0.000133437,0.00277148,-5.72258e-05,-7.20469e-05,2.66546e-05,5.93006e-05,-2.29494e-06,0.000125062,0.00418055,0.00409801,0.0033923,0.0016998,-6.75754e-05,0.00240429,0.00201368,0.00175585,0.00177289,-0.000165988,0.00219417,0.0182007,0.0362526,0.00125806,0.00976608,2.59179e-05,0.0114203,0.000214621,0.000461832,8.92131e-05,-2.22802e-05,-0.000106913,5.47591e-05,0.000575961,0.000850823,0.00126538,0,0.00183836,0.00161885,0.00222186,0.011992,0,0.0283389,0,0,0.00526016,0.00369046,0.00154761,-0.000366822,0.00210265,0.00960675,0,0.0106777,0.00854152,-0.00175227,0.00869236,
0.68,0.00145646,-0.000738195,0.00215765,0.00136209,0.00232443,0.00646738,0.00070839,0.00312054,-4.08997e-05,-5.34225e-05,9.23568e-06,2.92571e-05,0.00275978,0.000203487,0.0042721,0.00442247,0.004519,0.00143554,0.00160377,0.00262136,0.00220423,0.00110405,0.00138026,-3.32122e-05,0.00105329,0.0185909,0.00391561,0.00123687,0.00613848,-1.64212e-05,0.00306783,0.000773133,0.00108981,0.000197868,0.00143935,-8.28324e-05,1.41527e-05,0.00146219,0.00125973,0.00285124,0.00255666,0.000497753,0.00103654,0.000595718,0.000884064,0.00818475,0.000175325,0.00272477,-6.16603e-05,-7.88852e-05,2.94295e-05,6.93243e-05,-3.39252e-06,0.000156056,0.00433563,0.00425137,0.00356122,0.00179242,0.000629433,0.00255723,0.00212135,0.00185902,0.00187571,-0.000178336,0.00214877,0.0183544,0.0363199,0.00135487,0.00989678,2.42823e-05,0.011331,0.00026978,0.000540678,9.78746e-05,-2.79534e-05,-0.000118886,6.1616e-05,0.000664529,0.00095157,0.00133646,0,0.00191435,0.00168158,0.00232405,0.0121042,0,0.0281123,0,0,0.000404537,0.00402015,0.00167372,-0.000426227,0.00224182,0.00969378,0,0.0106944,0.00935394,-0.001807,-0.000809486,
0.685,0.00143326,-0.000835516,0.00223267,0.0014265,0.00237657,0.00644376,0.000758813,0.00299762,-4.41578e-05,-5.88037e-05,9.09249e-06,3.40583e-05,0.00276031,0.000247054,0.00443134,0.00459315,0.0046941,0.00156109,0.00170399,0.00276136,0.0023193,0.00130587,0.00150763,-3.87633e-05,0.000976367,0.0186296,0.00393118,0.00130988,0.00611575,-1.69467e-05,0.00294191,0.000840348,0.0011399,0.000244863,0.00141466,-9.25835e-05,1.43427e-05,0.00152422,0.00132332,0.00283721,0.00255666,0.00046653,0.00117724,0.000689344,0.00089814,0.00825779,0.000224407,0.00267677,-6.5602e-05,-8.51537e-05,3.19124e-05,7.98071e-05,-5.08878e-06,0.000190812,0.00449057,0.00440264,0.00372283,0.00188416,0.00105574,0.00270558,0.00222813,0.00195941,0.00197598,-0.000191221,0.00211431,0.0185192,0.0363828,0.00144622,0.010034,2.3087e-05,0.0112349,0.000333164,0.000626805,0.000111637,-3.3214e-05,-0.000130543,6.83764e-05,0.000755368,0.00104658,0.0014037,0,0.00198739,0.00174348,0.00242209,0.0121768,0,0.0278608,0,0,0.00751694,0.00432587,0.00178884,-0.000492505,0.00237551,0.00978153,0,0.0107278,0.0101813,-0.00185708,0.00183601,
0.69,0.0014814,-0.000941382,0.0023172,0.00149612,0.0024131,0.00681212,0.000812537,0.0028536,-4.81784e-05,-6.50429e-05,9.45046e-06,3.99847e-05,0.00280084,0.000295557,0.00461683,0.00478765,0.00489914,0.00168373,0.00181117,0.00292321,0.00244282,0.00149552,0.00163268,-4.34675e-05,0.00122192,0.0186183,0.00391496,0.00138522,0.00628565,-2.06251e-05,0.00277402,0.000910838,0.0011946,0.000298074,0.00138733,-0.000103874,1.49126e-05,0.00158702,0.00138469,0.00284868,0.00252677,0.000422679,0.00131266,0.000791745,0.000914266,0.00841669,0.0002837,0.00262696,-7.04588e-05,-9.27248e-05,3.43223e-05,9.11316e-05,-6.68526e-06,0.000230618,0.0046734,0.00457946,0.00391531,0.00198598,0.00143292,0.00287459,0.00235649,0.00207275,0.00208673,-0.000205717,0.00212275,0.0186447,0.0364441,0.0015385,0.010217,1.98787e-05,0.0110859,0.000407412,0.000722811,0.000130114,-3.99187e-05,-0.000144827,7.51368e-05,0.00084891,0.00113618,0.00147003,0,0.00207552,0.00181957,0.00254148,0.0121876,0,0.0275613,0,0,0.000448472,0.00467702,0.00190962,-0.000569748,0.00252663,0.00972232,0,0.0105682,0.0111965,-0.00191751,-0.00192821,
0.695,0.00145835,-0.00105145,0.00239817,0.0015646,0.00244451,0.00695742,0.000866516,0.00270255,-5.21298e-05,-7.1204e-05,9.80844e-06,4.71865e-05,0.00281241,0.00034814,0.00480199,0.00498276,0.00509752,0.00179938,0.00191607,0.00308388,0.00256721,0.00166539,0.00175223,-4.93008e-05,0.00104795,0.0186217,0.00388436,0.00146072,0.0063814,-2.29241e-05,0.00263492,0.000981441,0.00124944,0.000356652,0.0013603,-0.000115267,1.57675e-05,0.00165008,0.00144443,0.00288446,0.00251403,0.000375975,0.00143535,0.000898622,0.000930579,0.00843513,0.000351463,0.00257973,-7.48933e-05,-0.000100377,3.6221e-05,0.000102762,-8.88042e-06,0.000273395,0.00485969,0.00476365,0.00410662,0.00208932,0.00170222,0.0030436,0.00248881,0.00218571,0.00219782,-0.000221108,0.00210838,0.0187642,0.0364945,0.00162833,0.0102957,1.74883e-05,0.0109207,0.000490729,0.000824473,0.000151864,-4.66234e-05,-0.00015953,8.18006e-05,0.000942993,0.00121902,0.00153545,0,0.00216792,0.00190102,0.00266482,0.0120855,0,0.0272038,0,0,0.00833876,0.00502581,0.00202616,-0.000654601,0.00267862,0.00961603,0,0.0103643,0.0122302,-0.00197396,-0.0045296,
0.7,0.00154894,-0.00116571,0.0024792,0.00163318,0.00247767,0.00736772,0.000920812,0.00255044,-5.66357e-05,-7.75211e-05,1.0596e-05,5.60386e-05,0.00286027,0.000404408,0.00499717,0.00518026,0.00529733,0.00191042,0.00202119,0.00324919,0.00269131,0.00182134,0.00187002,-5.61691e-05,0.00145801,0.0186253,0.00384075,0.00153786,0.00670957,-2.54201e-05,0.00248704,0.00105171,0.00130443,0.00041994,0.00133208,-0.000127379,1.70023e-05,0.00171379,0.00150349,0.00294723,0.00252116,0.000336275,0.0015491,0.00100997,0.000949595,0.00869983,0.000427348,0.00253827,-7.94685e-05,-0.000108192,3.79006e-05,0.000114852,-1.13749e-05,0.00031934,0.00506161,0.0049605,0.00430899,0.00219548,0.0018877,0.00321629,0.00262752,0.00230201,0.0023118,-0.000237394,0.00217843,0.0189228,0.0365828,0.00171646,0.0105967,1.44058e-05,0.0107218,0.000582484,0.000929774,0.000176501,-5.3947e-05,-0.000175913,8.81747e-05,0.00103751,0.00129561,0.00160076,0,0.00226847,0.00199066,0.00279713,0.0122164,0,0.0269272,0,0,0.000404537,0.00539106,0.0021417,-0.000746736,0.00283521,0.00957679,0,0.0102047,0.0132446,-0.00202502,-0.00625548,
0.705,0.00149307,-0.00127932,0.00256311,0.00170677,0.00248817,0.0075967,0.000978029,0.00240255,-6.19041e-05,-8.46961e-05,1.18847e-05,6.67662e-05,0.00289462,0.000464625,0.00520897,0.00539204,0.00551893,0.00202246,0.00213247,0.00343447,0.00281891,0.00197435,0.00199293,-6.27551e-05,0.00123775,0.0186091,0.00380348,0.00162024,0.00699142,-3.02151e-05,0.00232939,0.00112333,0.00136365,0.000488031,0.00130079,-0.000140723,1.89019e-05,0.00177912,0.00156284,0.00304146,0.00248295,0.000271667,0.00166187,0.00113106,0.000971781,0.00857369,0.0005124,0.00250334,-8.48181e-05,-0.00011731,3.9142e-05,0.000127554,-1.37696e-05,0.000370137,0.00528885,0.00518081,0.00453539,0.00231056,0.00203428,0.0034053,0.00278054,0.00242955,0.00243481,-0.000254753,0.00214124,0.0189984,0.036652,0.00180651,0.0106601,9.56193e-06,0.0104854,0.000683203,0.00103924,0.000204507,-6.30241e-05,-0.000194923,9.43556e-05,0.00113278,0.00136723,0.00166675,0,0.00238705,0.00209593,0.0029493,0.011997,0,0.0265329,0,0,0.0120521,0.00580438,0.00226581,-0.000848118,0.0030058,0.00919729,0,0.00975046,0.0142293,-0.00207622,-0.00713404,
0.71,0.0015148,-0.00138518,0.00264617,0.00177951,0.00249155,0.00782252,0.00103518,0.0022689,-6.73805e-05,-9.17931e-05,1.34598e-05,7.98194e-05,0.00291661,0.000527408,0.00541588,0.00559957,0.00573022,0.00212983,0.00224375,0.00362084,0.00294038,0.00211873,0.00211639,-7.14109e-05,0.00159326,0.0185926,0.00375204,0.00170562,0.00727753,-3.3565e-05,0.00219518,0.00119302,0.00142234,0.000559229,0.00126883,-0.000154682,2.10866e-05,0.00184574,0.00162286,0.0031702,0.00244966,0.000190625,0.00177131,0.0012497,0.000997695,0.00864937,0.000603601,0.00247702,-8.99564e-05,-0.000126591,3.98723e-05,0.000140638,-1.69626e-05,0.000424004,0.00551931,0.00540496,0.00476533,0.00242679,0.0021575,0.00359414,0.00293179,0.00255577,0.00255808,-0.000272739,0.00214169,0.0191212,0.0367367,0.00189511,0.0108253,5.72458e-06,0.0102298,0.000789406,0.00114805,0.000234726,-7.24107e-05,-0.000215717,0.000100247,0.00122373,0.00143512,0.00173376,0,0.00251379,0.00220929,0.00310671,0.0119733,0,0.0261636,0,0,0.00113221,0.00622946,0.00238992,-0.000955227,0.00317512,0.00899897,0,0.00942613,0.0150877,-0.00211236,-0.00780552,
0.715,0.00145719,-0.0014856,0.00272923,0.00185215,0.00249954,0.00784359,0.00109227,0.00215337,-7.33422e-05,-9.9358e-05,1.53928e-05,9.54982e-05,0.00289391,0.000592035,0.00562808,0.00580434,0.00594165,0.00223507,0.00235754,0.00381394,0.0030572,0.00225992,0.00224256,-8.14781e-05,0.00136681,0.0185883,0.0036818,0.00179487,0.00743522,-3.6915e-05,0.00205461,0.00126058,0.00148067,0.000632312,0.00123643,-0.00016936,2.74506e-05,0.00191399,0.00168404,0.00333684,0.00242401,8.79609e-05,0.00188085,0.00136026,0.00102967,0.00844718,0.000698632,0.00245938,-9.54467e-05,-0.000136767,4.03104e-05,0.000154105,-2.02553e-05,0.000480545,0.00576047,0.00563958,0.00500658,0.00254456,0.0022732,0.00378609,0.00308239,0.00268186,0.00268127,-0.000290993,0.00210176,0.0192145,0.0368068,0.00198232,0.0107588,1.63559e-06,0.0099559,0.000898563,0.00125393,0.000266773,-8.27256e-05,-0.000238612,0.000105945,0.00130916,0.00150057,0.00180202,0,0.00265181,0.00233483,0.00327362,0.0117007,0,0.0257127,0,0,0.0010008,0.00668481,0.00251719,-0.00106782,0.00334708,0.00858379,0,0.00892694,0.0159634,-0.00213403,-0.00847333,
0.72,0.00135639,-0.0015869,0.00281892,0.00192915,0.00249424,0.00752759,0.00115114,0.002057,-8.04129e-05,-0.000107703,1.79702e-05,0.000114328,0.0028148,0.000657582,0.00585556,0.00601371,0.00616755,0.00234428,0.0024808,0.0040273,0.00317373,0.00240883,0.00237905,-9.26743e-05,0.00145165,0.0185281,0.0035714,0.00189108,0.00735566,-4.21041e-05,0.00190771,0.00132791,0.00154248,0.000706806,0.00120124,-0.00018568,3.7139e-05,0.00198489,0.00174735,0.00354513,0.00235268,-7.40359e-05,0.00199632,0.00146652,0.00106807,0.00803113,0.000797376,0.00244674,-0.000101711,-0.000148246,4.03835e-05,0.000168184,-2.36479e-05,0.000539759,0.00602135,0.00589654,0.0052715,0.00266908,0.00239441,0.00399272,0.00324003,0.00281395,0.00281059,-0.000309247,0.00196327,0.0192255,0.0368478,0.00207115,0.0105483,-4.02608e-06,0.00965129,0.00100972,0.00135826,0.000301515,-9.55161e-05,-0.000265393,0.000111546,0.00139048,0.00156543,0.00187254,0,0.00280881,0.00248028,0.00346285,0.0111873,0,0.0251213,0,0,0.00137386,0.00721292,0.00265444,-0.00118581,0.00353391,0.00795604,0,0.00822749,0.0171009,-0.0021401,-0.00924223,
0.725,0.00113556,-0.00169151,0.00292395,0.00201059,0.00251323,0.00659988,0.00121255,0.00198403,-8.85929e-05,-0.000116984,2.10488e-05,0.000136683,0.00266839,0.000724973,0.00609249,0.00623336,0.00641119,0.00245823,0.00261408,0.00425866,0.00328821,0.00256713,0.00252726,-0.00010547,0.0010082,0.0185306,0.00349848,0.0019957,0.00681014,-4.87383e-05,0.00178179,0.00139602,0.00160829,0.000781961,0.00116355,-0.000203951,5.08168e-05,0.00205806,0.00181268,0.00379407,0.00225519,-0.000323215,0.00211977,0.00157164,0.00111664,0.00763164,0.000898672,0.00243607,-0.000109032,-0.000161678,4.01644e-05,0.000183105,-2.72399e-05,0.000601052,0.0062998,0.00616793,0.0055614,0.00279986,0.00252215,0.00421205,0.00340318,0.00295008,0.0029451,-0.000326696,0.00170954,0.0193001,0.0368823,0.00216235,0.0104043,-1.09459e-05,0.00932842,0.00112183,0.00146168,0.000338856,-0.000110679,-0.000296165,0.000117051,0.00146986,0.00163045,0.00194543,0,0.00298583,0.00264654,0.00367526,0.0109054,0,0.0244592,0,0,-0.0011226,0.00782129,0.00280201,-0.00130053,0.00373533,0.00762076,0,0.0077849,0.0187339,-0.00212428,-0.0101477,
0.73,0.00135319,-0.00178802,0.00301425,0.00208267,0.00251786,0.0064851,0.00126818,0.00194112,-9.64262e-05,-0.000125718,2.44853e-05,0.000162564,0.00261779,0.000790718,0.00629949,0.00642158,0.00661739,0.00256093,0.00273574,0.00446609,0.00338231,0.00271327,0.00267054,-0.000123158,0.00141362,0.018511,0.00343114,0.00209939,0.0066374,-4.98549e-05,0.00171053,0.0014577,0.00166624,0.000854478,0.00113035,-0.000221913,6.86739e-05,0.00213279,0.00187994,0.00407825,0.00222224,-0.000695903,0.00223664,0.0016665,0.00117425,0.00771071,0.000994167,0.0024273,-0.000115648,-0.000174948,3.96532e-05,0.000198485,-3.15305e-05,0.000662346,0.0065566,0.00641939,0.00582715,0.0029166,0.00263534,0.00440499,0.0035377,0.00306265,0.00306181,-0.000343519,0.00176271,0.0194246,0.0369487,0.00224634,0.0105118,-1.35251e-05,0.00902765,0.00122614,0.00155541,0.000376293,-0.000125739,-0.000328722,0.000122556,0.00154794,0.00169633,0.00202003,0,0.00315507,0.00281218,0.00387538,0.0109133,0,0.0239913,0,0,-0.00218882,0.00842554,0.0029356,-0.00139978,0.0039161,0.00742315,0,0.00747943,0.0207963,-0.0020616,-0.0110392,
0.735,0.000917488,-0.00189396,0.00311505,0.00216411,0.00250407,0.00634256,0.0013273,0.00191404,-0.000106409,-0.000136169,3.38642e-05,0.000192797,0.00259581,0.000856397,0.00653548,0.00663471,0.00686677,0.00267183,0.0028745,0.00471485,0.00348135,0.00287634,0.00283113,-0.000142446,0.000755764,0.0184619,0.00338968,0.00221372,0.00650017,-5.64234e-05,0.00151775,0.00152141,0.00173042,0.000925865,0.00109383,-0.000242852,9.15652e-05,0.00221153,0.00195029,0.00439381,0.00210742,-0.00125567,0.00237216,0.00176794,0.00124668,0.00744188,0.00108955,0.00241052,-0.000124306,-0.000191392,3.9069e-05,0.000215012,-3.56214e-05,0.000724629,0.00684351,0.00669771,0.00613919,0.00304304,0.00276307,0.00462777,0.00368742,0.00318672,0.003189,-0.000358283,0.00154481,0.019501,0.0369983,0.00233501,0.0104352,-2.08853e-05,0.00867403,0.00132802,0.00165018,0.000416135,-0.000145647,-0.000366425,0.000128447,0.00162753,0.00176448,0.00209802,0,0.00335485,0.00300726,0.00411437,0.0105717,0,0.0233557,0,0,-0.00481708,0.00919294,0.00308841,-0.00149666,0.00412593,0.00689527,0,0.00685109,0.0230722,-0.00196819,-0.0120531,
0.74,0.00172091,-0.00200108,0.00321032,0.00224725,0.00247526,0.00623309,0.00138662,0.00191105,-0.000117569,-0.000147633,4.76819e-05,0.000227605,0.00256473,0.000919181,0.00677076,0.00684729,0.00712437,0.00278118,0.00301508,0.00496973,0.003567,0.00303908,0.00299814,-0.000166155,0.00212258,0.0183998,0.00332986,0.00233484,0.00633111,-6.16782e-05,0.00169247,0.00158422,0.00179483,0.000994897,0.00105703,-0.000265433,0.000120061,0.00229417,0.00202305,0.00473158,0.00202607,-0.00188342,0.00251653,0.00187007,0.00133383,0.00696483,0.00118098,0.00238411,-0.000133879,-0.000209791,3.87039e-05,0.000232611,-3.9912e-05,0.000786319,0.00713129,0.00697681,0.0064616,0.00316629,0.0028897,0.00485128,0.00382679,0.00330359,0.00331253,-0.00037081,0.00161805,0.0194383,0.0369911,0.00242337,0.0100326,-2.69244e-05,0.00832809,0.0014242,0.00174268,0.000457518,-0.000169268,-0.000408329,0.000134821,0.00170907,0.00183533,0.00217952,0,0.00356829,0.0032158,0.00436426,0.00982806,0,0.0226091,0,0,-0.00625635,0.0100726,0.00324354,-0.00158806,0.00433831,0.0060107,0,0.00589624,0.0249084,-0.00182304,-0.0130107,
0.745,0.000336655,-0.00210894,0.00331026,0.00233163,0.00243777,0.00590765,0.00144574,0.00192265,-0.000129908,-0.000160034,6.60817e-05,0.000267215,0.00251272,0.000979068,0.00700636,0.0070638,0.00739109,0.00288749,0.00315669,0.00523055,0.0036375,0.0031999,0.00316933,-0.00019551,0.000419525,0.0183128,0.00329356,0.00246205,0.00591317,-6.66703e-05,0.000872531,0.00164579,0.00185856,0.0010611,0.00102044,-0.000289657,0.000154255,0.00238017,0.00209851,0.00508119,0.00187117,-0.0023349,0.00266984,0.00197256,0.00143777,0.00619222,0.00126742,0.00234299,-0.000144789,-0.000230876,3.85578e-05,0.000251664,-4.45019e-05,0.00084682,0.00742237,0.00725513,0.00679696,0.00328502,0.00301422,0.00507463,0.00395207,0.00341238,0.00343154,-0.000380474,0.00120621,0.0192315,0.0369074,0.00251059,0.00926334,-3.28377e-05,0.0079764,0.00151448,0.00183257,0.00050044,-0.000197221,-0.000454119,0.000142065,0.0017932,0.00190931,0.00226498,0,0.0037952,0.00343815,0.00462739,0.0089586,0,0.0217807,0,0,-0.00710014,0.0110911,0.0034025,-0.00167471,0.00455509,0.0049856,0,0.00473316,0.0264255,-0.00161289,-0.0138213,
0.75,0.00476875,-0.00221878,0.00341959,0.00241818,0.00242235,0.00581806,0.00150486,0.00194692,-0.000143981,-0.000173604,8.96362e-05,0.000311701,0.00249046,0.0010358,0.00724503,0.00727964,0.00767125,0.00299118,0.00330047,0.00550067,0.00369168,0.00335995,0.00334509,-0.000231262,0.00355512,0.0182876,0.00328185,0.00259554,0.00555205,-7.1531e-05,0.00707627,0.00170611,0.001922,0.00120915,0.000983562,-0.000315933,0.000194909,0.00246987,0.00217707,0.00543464,0.00176858,-0.002486,0.00283297,0.00207672,0.00156035,0.00575508,0.00134899,0.00228346,-0.000157248,-0.000254973,3.89229e-05,0.000272324,-4.91915e-05,0.000905143,0.00770872,0.0075307,0.00714482,0.00340042,0.00313734,0.00529994,0.00406545,0.00351372,0.00354671,-0.000386648,0.00174514,0.0189499,0.0368031,0.0025968,0.00859171,-3.86881e-05,0.00761701,0.00159927,0.00192065,0.000544902,-0.000230848,-0.00050369,0.00015037,0.00188026,0.00198683,0.00235485,0,0.00403559,0.00367733,0.00490696,0.00830849,0,0.0210289,0,0,-0.00778859,0.0122279,0.00356795,-0.00175793,0.00477931,0.00402541,0,0.00361433,0.0278838,-0.00131892,-0.0144897,
0.755,0.000248261,-0.00233261,0.00354274,0.00250633,0.00241608,0.00555739,0.00156417,0.00197998,-0.000159994,-0.0001885,0.000118704,0.000361063,0.00244711,0.00108831,0.00748551,0.00750458,0.00797137,0.00309133,0.00344641,0.00577929,0.00372693,0.00351959,0.00352549,-0.000275106,0.000349661,0.0182186,0.00327885,0.00273461,0.00510654,-7.6523e-05,-0.000802494,0.00176542,0.00198455,0.00126312,0.000946095,-0.000343749,0.000242021,0.00256294,0.0022589,0.00578434,0.0016108,-0.00257828,0.00300569,0.00218263,0.00170316,0.00532698,0.0014265,0.00220328,-0.000171466,-0.000282489,4.00914e-05,0.00029482,-5.40807e-05,0.00096,0.0079942,0.00780132,0.00750857,0.00351168,0.00325966,0.00552681,0.00416343,0.00360635,0.00365721,-0.000389154,0.000510981,0.0187059,0.0367098,0.00268179,0.00798459,-4.46014e-05,0.00725282,0.00167922,0.00200691,0.000590904,-0.000271489,-0.000556937,0.000160124,0.00197077,0.00206815,0.00244959,0,0.00428906,0.00393295,0.00520128,0.00796401,0,0.0203933,0,0,-0.00855824,0.013414,0.00373948,-0.00183763,0.00501019,0.00343189,0,0.00289166,0.0294162,-0.00091122,-0.0151097,
0.76,0.00455301,-0.00244982,0.0036792,0.00259648,0.00243652,0.00551546,0.00162361,0.00201884,-0.000178295,-0.000205111,0.00015357,0.000415226,0.0024313,0.00113563,0.00773135,0.00774078,0.00829248,0.00318738,0.00359361,0.00606443,0.00374033,0.00367571,0.00370906,-0.000328076,0.00368986,0.0182008,0.00328164,0.00287832,0.00489572,-8.14494e-05,0.00672682,0.00182337,0.00204614,0.00131435,0.000907084,-0.000373208,0.000295782,0.00265931,0.00234401,0.00612367,0.00157089,-0.00264973,0.00318661,0.00229258,0.00186796,0.00555402,0.0015003,0.00210126,-0.000188007,-0.000313831,4.22091e-05,0.000319458,-5.90697e-05,0.00101337,0.00827108,0.00806577,0.00788529,0.00361853,0.00338087,0.00575442,0.00424643,0.00368856,0.00376224,-0.000387364,0.00620033,0.0186939,0.0367217,0.00276516,0.00795686,-5.00114e-05,0.00687998,0.00175494,0.00209128,0.000638446,-0.000320072,-0.000613544,0.000171617,0.00206464,0.00215395,0.00254909,0,0.00455563,0.00420358,0.00550926,0.00836458,0,0.0200255,0,0,-0.00934633,0.014532,0.00391682,-0.00191324,0.00524743,0.00351179,0,0.00296059,0.0311246,-0.000321559,-0.0157108,
0.765,-0.000246365,-0.00256954,0.00382334,0.00268766,0.0024714,0.00547411,0.00168331,0.002057,-0.000199369,-0.000223439,0.000194379,0.00047374,0.00240825,0.0011792,0.00798617,0.00799235,0.00863877,0.00327785,0.00374069,0.00635432,0.00373072,0.00382646,0.00389393,-0.000390737,7.89835e-05,0.0182067,0.00329904,0.00302547,0.00473633,-8.6113e-05,-0.00163561,0.00187985,0.00210631,0.0013637,0.00086587,-0.000404206,0.000355908,0.00275847,0.0024326,0.00644703,0.00145573,-0.00271148,0.00337647,0.00240683,0.0020529,0.00571517,0.00157131,0.00197807,-0.000207083,-0.000349326,4.56414e-05,0.000346239,-6.42583e-05,0.00106219,0.00854415,0.00832175,0.00827637,0.00371926,0.00350119,0.0059822,0.00431094,0.00375997,0.00386089,-0.00038119,0.000266385,0.018801,0.0367742,0.00284685,0.00792716,-5.52327e-05,0.00650138,0.00182655,0.00217402,0.000687817,-0.00037732,-0.000673092,0.000185331,0.00216207,0.00224482,0.00265356,0,0.00483472,0.0044873,0.0058309,0.00864577,0,0.0196533,0,0,-0.0101956,0.015618,0.00409924,-0.00198418,0.00549054,0.00340621,0,0.00257096,0.0331787,0.000526159,-0.0163767,
0.77,0.00415947,-0.00269021,0.00397141,0.00277988,0.00252373,0.00563949,0.00174307,0.00208655,-0.000223493,-0.000243716,0.000241345,0.000536005,0.00242494,0.00121803,0.00824572,0.00825555,0.00900827,0.00336138,0.00388584,0.00664757,0.00369372,0.00396807,0.00407732,-0.000462901,0.00460531,0.0181937,0.00329453,0.00317442,0.00480395,-9.08423e-05,-0.00301292,0.00193453,0.00216523,0.00141154,0.000821643,-0.000436333,0.000421732,0.00285996,0.00252418,0.00674956,0.00157496,-0.00276545,0.00357668,0.00252528,0.00225668,0.00633605,0.00164024,0.00183561,-0.000229396,-0.000389053,5.06071e-05,0.000375621,-6.9846e-05,0.00110754,0.00880984,0.00856407,0.0086797,0.00381381,0.00361959,0.00620866,0.00435608,0.00381951,0.00395316,-0.000370452,0.0096039,0.0190524,0.0368977,0.00292638,0.00832153,-5.98879e-05,0.00610451,0.00189447,0.00225514,0.000739015,-0.000443335,-0.000735581,0.000201556,0.00226513,0.00234126,0.00276291,0,0.00512595,0.00478592,0.00616515,0.00927647,0,0.0194238,0,0,-0.0110512,0.0168658,0.00428682,-0.00204972,0.0057405,0.0037258,0,0.0032247,0.0358369,0.00146272,-0.0171714,
0.775,-0.000677978,-0.00281096,0.00411671,0.00287277,0.00257269,0.00559165,0.00180301,0.00209956,-0.000251221,-0.000266021,0.000294325,0.000601271,0.00241514,0.00125258,0.00851181,0.00853234,0.00940399,0.00343621,0.00402733,0.0069429,0.00362468,0.00409711,0.00425688,-0.000543062,-2.95973e-05,0.0181479,0.00328486,0.0033244,0.00470991,-9.53746e-05,-0.0053478,0.0019874,0.00222267,0.00145844,0.000773817,-0.000469384,0.000492305,0.00296334,0.00261856,0.00702686,0.00133141,-0.0028125,0.00378639,0.00264725,0.00248095,0.00627505,0.00170753,0.00167973,-0.000255088,-0.000432851,5.73986e-05,0.000407682,-7.54337e-05,0.00114853,0.0090619,0.00879791,0.00909729,0.0038998,0.00373539,0.00643348,0.00437964,0.00386661,0.00403792,-0.000354883,0.000645599,0.0191285,0.0369594,0.00300377,0.00814245,-6.36623e-05,0.0056942,0.00195891,0.00233451,0.000792235,-0.000517603,-0.000800695,0.000220678,0.00237381,0.00244328,0.00287689,0,0.00542572,0.00509746,0.00651008,0.00912329,0,0.0190103,0,0,-0.0119495,0.0186618,0.00448047,-0.00210904,0.00599604,0.00317437,0,0.00193319,0.0384711,0.00264197,-0.0181694,
0.78,-3.73413e-05,-0.00292994,0.00427178,0.00296585,0.00264353,0.00566076,0.00186296,0.00208936,-0.000282832,-0.000290509,0.000353032,0.000668637,0.00241073,0.00128226,0.00878436,0.00882734,0.00982358,0.00350107,0.00416393,0.00723743,0.00351981,0.00421197,0.00443161,-0.000629809,0.00454938,0.0181689,0.00329753,0.00347464,0.00474741,-9.97098e-05,-0.0067134,0.00203789,0.0022784,0.00150478,0.000721877,-0.000502948,0.000566488,0.00306775,0.00271516,0.00727442,0.00181495,-0.00285194,0.00400471,0.00277203,0.0027263,0.00679314,0.00177309,0.00151835,-0.000284721,-0.000480557,6.63078e-05,0.000442497,-8.12209e-05,0.00118537,0.00930499,0.00901943,0.00952689,0.00397763,0.00384809,0.00665593,0.00438096,0.00390045,0.0041151,-0.00033466,0.00470105,0.0193269,0.0370737,0.00307877,0.00831757,-6.70593e-05,0.00526322,0.00201976,0.00241186,0.000847572,-0.00059909,-0.00086833,0.000242891,0.00248833,0.00255078,0.00299473,0,0.00573516,0.00542027,0.00686526,0.00974104,0,0.0188588,0,0,-0.0128051,0.0212926,0.00468044,-0.00216239,0.00625687,0.00365161,0,0.00469688,0.0399011,0.00374812,-0.0193972,
0.785,0.00473768,-0.00304575,0.00442696,0.00305892,0.00271378,0.00562177,0.00192272,0.00205437,-0.00031874,-0.000317337,0.000416751,0.000737129,0.0023966,0.00130562,0.00906574,0.00913243,0.0102649,0.00355426,0.00429402,0.0075293,0.00337706,0.0043089,0.00459871,-0.000720884,-0.000324538,0.0181208,0.00329539,0.0036235,0.00464399,-0.000104045,-0.00758263,0.00208601,0.00233184,0.00155064,0.000665308,-0.000537025,0.000643046,0.00317313,0.00281359,0.00748905,0.00111502,-0.00288377,0.00423016,0.00289891,0.00299057,0.0068402,0.00183749,0.00135955,-0.000318578,-0.000531682,7.76998e-05,0.000480067,-8.74073e-05,0.00121735,0.0095351,0.00922619,0.00996675,0.00404525,0.00395687,0.00687542,0.00435828,0.00392047,0.0041847,-0.000309695,-0.000601563,0.0193781,0.0371335,0.00315117,0.0080986,-6.95756e-05,0.00481303,0.00207724,0.00248694,0.000904931,-0.000686355,-0.00093817,0.000268773,0.00260783,0.00266318,0.00311539,0,0.00605144,0.00575271,0.00722984,0.00964683,0,0.0184741,0,0,-0.0135708,0.0241488,0.00488573,-0.00220756,0.00652288,0.0029518,0,0.000715683,0.04121,0.00478379,-0.0207138,
0.79,-0.00120499,-0.00315737,0.00458387,0.00315162,0.00277951,0.00537213,0.00198235,0.00199387,-0.000358877,-0.000346427,0.000484551,0.000805846,0.00235828,0.00132655,0.00935161,0.00944803,0.0107178,0.00359387,0.00441704,0.00781652,0.00319383,0.00438637,0.00475679,-0.000814593,0.00279695,0.018097,0.00331117,0.00376996,0.00448829,-0.000108249,-0.00836353,0.00213131,0.0023829,0.00159632,0.000604331,-0.000571513,0.000720364,0.00327916,0.00291327,0.00766862,0.00259963,-0.00290764,0.00446261,0.00302685,0.00327134,0.0070183,0.0019005,0.00121038,-0.00035694,-0.0005859,9.17209e-05,0.000520391,-9.3394e-05,0.00124587,0.0097538,0.00942436,0.010417,0.00410343,0.00406084,0.00709066,0.0043094,0.00392647,0.00424604,-0.000280255,0.00341532,0.0194643,0.0372096,0.00322119,0.00800015,-7.15257e-05,0.00434698,0.00213145,0.00255922,0.00096431,-0.000778364,-0.00101022,0.000298422,0.00273176,0.00277989,0.00323911,0,0.00637302,0.00609361,0.0076019,0.00988775,0,0.0182342,0,0,-0.0142624,0.0264632,0.00509619,-0.00224234,0.00679398,0.00329636,0,0.0299271,0.0425346,0.0058613,-0.0217749,
0.795,-0.00307876,-0.00326515,0.00474569,0.00324413,0.00286596,0.00548002,0.00204141,0.0019121,-0.000402966,-0.000377623,0.000554928,0.000874037,0.00235916,0.00134432,0.00963881,0.00977286,0.0111725,0.00361948,0.00453152,0.00809632,0.00297097,0.00444263,0.00490333,-0.000909337,-0.000918549,0.0180552,0.00330634,0.00391204,0.00446613,-0.000112321,-0.00917274,0.00217401,0.00243152,0.0016419,0.000539461,-0.000605898,0.000797586,0.00338551,0.00301334,0.00781287,0.000932443,-0.00292304,0.00470304,0.00315549,0.00356674,0.00741816,0.00196234,0.00107695,-0.000399595,-0.000642561,0.000108809,0.000563394,-9.96802e-05,0.00127053,0.00996419,0.00961087,0.0108671,0.00414968,0.0041599,0.00730015,0.00423366,0.003917,0.00429886,-0.000246521,-0.00116833,0.0195341,0.0372868,0.00328844,0.00794583,-7.26581e-05,0.00387901,0.00218218,0.00262851,0.00102581,-0.000874086,-0.00108415,0.000332321,0.00285937,0.0029004,0.0033652,0,0.00669822,0.00644032,0.007981,0.0101244,0,0.0179922,0,0,-0.0148123,0.0285552,0.0053108,-0.00336089,0.00706958,0.00280342,0,0.00213852,0.0438682,0.00704137,-0.0224746,
0.8,-0.00492497,-0.00336881,0.00490284,0.00333626,0.00293573,0.00530656,0.0020999,0.00181591,-0.000450798,-0.000410612,0.000626666,0.000940879,0.00233302,0.00135834,0.00992941,0.0100971,0.0116145,0.00362952,0.00463607,0.00836594,0.00270791,0.00447533,0.00503638,-0.00100399,-0.0011832,0.0179686,0.00330333,0.0040487,0.00430134,-0.000116262,-0.0100537,0.00221333,0.00247724,0.00168729,0.000471064,-0.000640591,0.000873859,0.00349154,0.00311332,0.0079228,0.00377648,-0.0029297,0.00495037,0.00328483,0.00387957,0.00741552,0.00202291,0.000962367,-0.000446403,-0.000701175,0.000129037,0.000608692,-0.000106066,0.00129162,0.0101622,0.00979142,0.0113075,0.00418368,0.00425294,0.00750285,0.00412842,0.00389168,0.0043423,-0.000209386,-0.0018955,0.0195282,0.0373307,0.0033527,0.00760011,-7.32242e-05,0.00341633,0.00222943,0.00269429,0.00108884,-0.000973006,-0.00115662,0.000370372,0.00298979,0.00302395,-0.0241742,0,0.00702597,0.0067914,0.00836491,0.010033,0,0.0176472,0,0,-0.0153894,0.0307825,0.0055294,-0.00265768,0.00734871,0.00286263,0,0.00260724,0.0452128,0.00836937,-0.0228808,
0.805,-0.00558865,-0.00346708,0.00506779,0.00342744,0.00303432,0.0055129,0.00215749,0.00171462,-0.000501472,-0.000445473,0.000698046,0.00100622,0.00235121,0.00136926,0.0102184,0.0104239,0.0120409,0.00362421,0.00472968,0.0086232,0.00240903,0.00448447,0.00515463,-0.0010976,-0.00232786,0.017931,0.00329506,0.00417824,0.00439311,-0.000120072,-0.0110244,0.00224891,0.00252,0.00173259,0.000399949,-0.000675182,0.000948612,0.00359667,0.00321272,0.00799987,0.00111418,-0.00292684,0.00520384,0.00341539,0.00420825,0.00815124,0.00208209,0.000865847,-0.000496661,-0.000761336,0.000152771,0.000655979,-0.000112452,0.00130855,0.0103642,0.00996361,0.0117307,0.00420512,0.00433956,0.00769734,0.00399346,0.00384912,0.00437561,-0.000170104,-0.00377309,0.0196623,0.037435,0.00341388,0.0077509,-7.28468e-05,0.00301082,0.00227319,0.0027563,0.0011513,-0.00107461,-0.00122436,0.000412673,0.00312226,0.00314986,-0.00399851,0,0.0073541,0.00714466,0.00875223,0.0106335,0,0.01757,0,0,-0.0159084,0.033477,0.00575142,-0.00253772,0.00763048,0.00291685,0,0.00111402,0.0465495,0.00990586,-0.0231056,
0.81,-0.00598336,-0.00355947,0.00522396,0.00351721,0.00311161,0.00508684,0.0022142,0.00161333,-0.000554433,-0.000481816,0.00076785,0.00106931,0.00229691,0.00136597,0.0105052,0.0107442,0.0124529,0.00360264,0.00481166,0.00886544,0.00207722,0.00446787,0.00525688,-0.00118501,-0.00415395,0.0177965,0.00327509,0.00430005,0.00403114,-0.000123619,-0.0120255,0.00227952,0.00255943,0.00177771,0.000326777,-0.00071008,0.00102156,0.00369985,0.00331124,0.00804667,0.00276438,-0.00291456,0.00546217,0.00354702,0.00455008,0.00797089,0.00213987,0.000772853,-0.000550015,-0.000822637,0.000180083,0.00070495,-0.000118738,0.00132093,0.0105778,0.0101373,0.012137,0.00421105,0.00441877,0.00788217,0.00382569,0.00378838,0.0043981,-0.000130822,-0.00528721,0.0196224,0.037455,0.00347123,0.00723063,-7.19661e-05,0.00263798,0.00231306,0.00281402,0.00121164,-0.00117569,-0.00128695,0.000459223,0.00325603,0.00327763,0.000245853,0,0.00768043,0.00749738,0.00914073,0.0102675,0,0.0170602,0,0,-0.0166141,0.0371019,0.00597592,-0.00252586,0.0079144,0.00237683,0,0.0122283,0.0478769,0.0117325,-0.023211,
0.815,-0.00616949,-0.00364522,0.00538946,0.00360508,0.00322832,0.00542253,0.00226964,0.0015175,-0.000608712,-0.000519329,0.000834934,0.00113007,0.00233126,0.00115952,0.0107768,0.0110569,0.0128363,0.00356636,0.0048811,0.00909007,0.00172851,0.00442812,0.00534239,-0.00126178,-0.00511053,0.0177673,0.00325898,0.00441317,0.00418059,-0.0001271,-0.0129679,0.00230517,0.0025956,0.00182282,0.000251621,-0.000745184,0.00109251,0.00380037,0.00340803,0.00806612,0.00126058,-0.0028919,0.00572599,0.00367846,0.00490812,0.00896791,0.00219661,0.000683214,-0.000605552,-0.000884508,0.000211119,0.000754992,-0.000125024,0.00133053,0.0108028,0.0103203,0.0125232,0.0042032,0.00448915,0.00805486,0.00362335,0.00370883,0.00440926,-9.48501e-05,-0.00587017,0.0197902,0.0375678,0.00352459,0.00748412,-7.04563e-05,0.0023718,0.00234902,0.00286745,0.00126948,-0.00126956,-0.00134524,0.000509829,0.00339164,0.00340692,0.00184186,0,0.00800354,0.00784755,0.00952805,0.0110355,0,0.0171102,0,0,-0.0173555,0.040257,0.00620102,-0.00253339,0.00819911,0.00362094,0,-0.00173384,0.0491838,0.0137719,-0.023192,
0.82,-0.00639645,-0.00372346,0.00555023,0.0036905,0.0033404,0.00510752,0.00232356,0.00142992,-0.000663684,-0.000557778,0.000898582,0.00118814,0.00228781,0.000984399,0.0110361,0.0113522,0.013191,0.00351515,0.00493788,0.00929454,0.00139001,0.00436398,0.00541059,-0.00132792,-0.00560301,0.0176554,0.00323331,0.00451668,0.00391436,-0.000130253,-0.0137654,0.00232618,0.00262821,0.00186765,0.000174555,-0.000780904,0.00116109,0.00389791,0.00350251,0.00806355,0.00249687,-0.00285903,0.00599392,0.00380947,0.00528127,0.00916671,0.00225196,0.000596845,-0.000662566,-0.000946786,0.000246025,0.000805723,-0.000130911,0.00133657,0.0110417,0.0105115,0.0128841,0.00417877,0.00455031,0.00821404,0.00338491,0.00360913,0.0044079,-6.39791e-05,-0.00627243,0.0198554,0.0376292,0.00357334,0.00720375,-6.83175e-05,0.00209458,0.00238087,0.00291627,0.00132482,-0.00135486,-0.00139964,0.000564105,0.00352801,0.00353672,0.0028761,0,0.00832076,0.00819208,0.00991004,0.0109953,0,0.0166762,0,0,-0.018353,0.0421872,0.00642661,0.00367231,0.00848293,0.00208578,0,0.00138683,0.0505503,0.0156358,-0.0230615,
0.825,-0.00653313,-0.00379411,0.00571764,0.00377298,0.00348024,0.00525616,0.00237519,0.00135325,-0.000718656,-0.000597006,0.00095822,0.00124328,0.0023166,0.000828032,0.0112799,0.0116354,0.0135199,0.00345071,0.00498177,0.00947685,0.0011287,0.00427897,0.0054612,-0.00138541,-0.00587266,0.0175725,0.00318928,0.00461006,0.00404307,-0.000133143,-0.0144233,0.00234256,0.00265711,0.00191219,9.47711e-05,-0.000817547,0.00122682,0.00399117,0.00359399,0.00804649,0.00162965,-0.0028151,0.00626496,0.00393881,0.00566905,0.0103701,0.00230591,0.000510991,-0.000720426,-0.00100882,0.000284802,0.000856606,-0.000136299,0.00133717,0.011303,0.0107353,0.0132182,0.00413986,0.00460074,0.00835796,0.00310793,0.00348872,0.00439384,-3.76716e-05,-0.00650448,0.0201069,0.0377896,0.00361717,0.00778429,-6.62415e-05,0.0020129,0.0024084,0.00296021,0.00137775,-0.00143315,-0.00145121,0.000621569,0.00366405,0.00366618,0.00327363,0,0.00862964,0.00852825,0.0102832,0.011956,0,0.0168042,0,0,-0.0195091,0.0441471,0.00665079,0.000157432,0.00876451,0.00519104,0,0.00796484,0.0516325,0.0174202,-0.0228091,
0.83,-0.00668803,-0.00385696,0.00587503,0.00385224,0.00361025,0.00511736,0.00242447,0.0012859,-0.000773073,-0.000637015,0.00101363,0.00129564,0.00230476,0.000682261,0.0115109,0.0119062,0.013828,0.00337348,0.00501301,0.00963485,0.000992946,0.00417307,0.00549423,-0.00143575,-0.00609412,0.0174708,0.00315577,0.00469226,0.00387998,-0.000135837,-0.0150314,0.00235419,0.00268231,0.00195636,1.05056e-05,-0.000855319,0.00128951,0.00407996,0.00368142,0.00802593,0.00223277,-0.00276035,0.00653828,0.00406604,0.00607072,0.0107955,0.00235848,0.000425224,-0.000778566,-0.00107053,0.000327449,0.000907108,-0.000141288,0.00133717,0.0115795,0.0109891,0.0135276,0.0040818,0.00463974,0.00848443,0.00279133,0.00334672,0.00436641,3.19448e-05,-0.00675524,0.020159,0.0378704,0.00365556,0.0076202,-6.37252e-05,0.0013734,0.00243171,0.00299902,0.00142856,-0.00150618,-0.00150015,0.000681639,0.00379879,0.00379395,0.00344636,0,0.00892751,0.00885224,0.0106403,0.0119273,0,0.0164268,0,0,-0.0207287,0.0461434,0.00687313,-0.00125904,0.00904167,0.00235186,0,-0.000979245,0.0530288,0.0200522,-0.0224336,
0.835,-0.0067843,-0.0039114,0.00602973,0.00392773,0.00375385,0.00528825,0.00247082,0.00123174,-0.000826312,-0.000677569,0.00106475,0.00134515,0.00232737,0.000541953,0.0117266,0.0121789,0.0141173,0.00328542,0.0050324,0.00976753,0.000849036,0.00404865,0.00551023,-0.00148053,-0.00626482,0.0174414,0.0031431,0.00476322,0.00393596,-0.000138267,-0.0156405,0.00236131,0.00270402,0.00200025,-8.01514e-05,-0.000894734,0.00134916,0.00416344,0.00376412,0.00801777,0.00217468,-0.00269418,0.00681364,0.00419056,0.00648609,0.011698,0.00240907,0.000335155,-0.000836426,-0.0011289,0.000373894,0.000956843,-0.00014518,0.00133469,0.0118707,0.0112659,0.0138232,0.0040071,0.00466651,0.00859213,0.00243421,0.00318325,0.00432518,0.000121426,-0.00693343,0.0202521,0.0379678,0.00368796,0.0076946,-6.12718e-05,0.00540256,0.00245048,0.00303288,0.00147745,-0.0015755,-0.00154657,0.000743545,0.0039304,0.00391877,0.00356091,0,0.00921229,0.00916077,0.0109679,0.0122861,0,0.0163429,0,0,-0.0216784,0.0481321,0.00709174,-0.00204988,0.00931229,0.00475875,0,0.0165251,0.0540819,0.0235808,-0.0219257,
0.84,-0.00686045,-0.00395781,0.00618142,0.00399942,0.00390602,0.00548415,0.00251394,0.00118145,-0.000878303,-0.000718591,0.00111129,0.00139181,0.00236446,0.000403618,0.0119262,0.0124518,0.0143853,0.00318809,0.00503992,0.00987431,0.000851075,0.00390854,0.00551005,-0.00152042,-0.00639775,0.017368,0.00312999,0.0048224,0.00395528,-0.000140566,-0.0163248,0.00236402,0.00272136,0.00204366,-0.000180506,-0.000935996,0.00140587,0.00424166,0.00384171,0.00803933,0.00250384,-0.00261703,0.00708986,0.00431226,0.00691498,0.012561,0.0024578,0.00023657,-0.000893652,-0.00118189,0.000423771,0.00100536,-0.000147974,0.00132925,0.0121671,0.0115612,0.0141033,0.00391352,0.00468085,0.00867917,0.00202777,0.00299781,0.00426981,0.000228983,-0.00709155,0.0203095,0.0380471,0.00371421,0.00764906,-5.93217e-05,-0.00368635,0.00246472,0.00306174,0.00152423,-0.00164172,-0.00159068,0.000806417,0.00405779,0.00403927,0.00365735,0,0.00948018,0.00945094,0.0112602,0.0125242,0,0.0161252,0,0,-0.0223308,0.0501164,0.00730452,-0.00232645,0.00957399,0.00307949,0,-0.000592517,0.0553229,0.02662,-0.021286,
0.845,-0.00692083,-0.00399598,0.00633035,0.00406696,0.00406195,0.00562138,0.00255351,0.00115331,-0.000928284,-0.000760081,0.00115317,0.00143555,0.00239881,0.000264494,0.0121071,0.0127219,0.0146364,0.00308369,0.00503684,0.00995519,0.000390507,0.00375586,0.00549451,-0.00155599,-0.00652079,0.0173061,0.003117,0.00486973,0.00395016,-0.000142208,-0.0171843,0.00236244,0.00273189,0.00208652,-0.000294966,-0.000979311,0.00145934,0.00431477,0.00391428,0.00810833,0.00278153,-0.00252881,0.00736544,0.00443081,0.00735682,0.0135584,0.00250433,0.000121124,-0.00094954,-0.00122903,0.000476788,0.00105241,-0.000149071,0.00124617,0.0124678,0.0118631,0.0143714,0.00380232,0.00468145,0.00874441,0.00157114,0.00279153,0.00420055,0.00035193,-0.00723827,0.0203963,0.0381285,0.00373387,0.00768838,-5.76232e-05,-0.00724561,0.00247221,0.00308553,0.00156878,-0.00170526,-0.00163227,0.000869192,0.00417956,0.00415387,0.00374519,0,0.00972873,0.00971839,0.011516,0.0128356,0,0.0159457,0,0,-0.0227552,0.0520478,0.00751081,-0.00236041,0.00982366,0.00442561,0,0.0367148,0.0561492,0.0290988,-0.0204742,
0.85,-0.00693878,-0.00402626,0.00647792,0.00413024,0.00422627,0.00595175,0.00258888,0.0010951,-0.000976185,-0.000801883,0.00119011,0.00147636,0.00245868,0.000122079,0.020549,0.0129843,0.0148644,0.00297413,0.00502407,0.0100104,0.00260042,0.00359287,0.0054652,-0.00158732,-0.00660666,0.0172955,0.0031228,0.00490564,0.00412007,-0.000143259,-0.0183234,0.0023569,0.00273678,0.0021288,-0.000429115,-0.00102488,0.0015095,0.00438386,0.00398221,0.008239,0.00315519,-0.00242969,0.00763929,0.00454541,0.00781144,0.0148356,0.00254865,-2.51194e-05,-0.00100409,-0.00127096,0.000532507,0.00109756,-0.000148473,0.0010206,0.0127593,0.0121709,0.0146289,0.00367524,0.00466882,0.00878679,0.00104845,0.00256265,0.00411766,0.000484094,-0.00733273,0.0205522,0.0382463,0.00374653,0.00794441,-5.67425e-05,-0.0102687,0.00247316,0.00310438,0.00161113,-0.00176622,-0.00167112,0.000931194,0.00429473,0.00426138,0.0038251,0,0.00995592,0.0099602,0.0117353,0.013385,0,0.0158729,0,0,-0.0230341,0.0540291,0.0077082,-0.00231704,0.0100589,0.00442489,0,0.00467511,0.0572071,0.0316065,-0.0194321,
0.855,-0.00685286,-0.00404887,0.00662636,0.00418964,0.00440668,0.00689304,0.00262012,0.00115243,-0.00102166,-0.000844075,0.00122255,0.00151394,0.00259122,-2.50081e-05,0.0159232,0.0132347,0.0150678,0.0028628,0.00500275,0.0100412,-0.00129213,0.00342326,0.00542352,-0.00161488,-0.00657301,0.0172863,0.00310873,0.00493038,0.00465933,-0.000143193,-0.0198081,0.00234753,0.00273708,0.00217043,-0.000589344,-0.00107282,0.00155604,0.0044486,0.00404581,0.00843729,0.0036474,-0.00232071,0.00791077,0.00465527,0.00827976,0.0165487,0.00259019,-0.000231667,-0.0010566,-0.00130816,0.000590271,0.00114056,-0.000145479,0.000829294,0.013034,0.0124738,0.0148757,0.00353056,0.00464245,0.00880564,0.000413701,0.00230952,0.00402114,0.000619031,-0.00728436,0.0207997,0.0384087,0.00375206,0.00842536,-5.68683e-05,-0.0131947,0.00246862,0.00311849,0.00165116,-0.00182419,-0.00170736,0.000991651,0.0044019,0.00436052,0.00389675,0,0.0101598,0.010174,0.0119194,0.0141718,0,0.0159361,0,0,-0.0231447,0.0560434,0.00789595,-0.00224373,0.0102762,0.00546926,0,0.00234386,0.0581825,0.0346147,-0.0180775,
0.86,-0.00683944,-0.00406412,0.00675828,0.00424479,0.00456647,0.00699916,0.00264698,0.000879864,-0.00106409,-0.000886501,0.00125033,0.00154838,0.00263784,-0.000177163,0.0134424,0.0134703,0.0152392,0.00274907,0.00497448,0.0100491,-0.00332521,0.00324928,0.0053716,-0.00163869,-0.00658859,0.0172061,0.00308875,0.00494412,0.00462439,-0.000142339,-0.0214299,0.00233465,0.00273404,0.00221121,-0.000782266,-0.00112116,0.00159869,0.00450888,0.00410487,0.00870046,0.00414589,-0.00220188,0.00817729,0.00475995,0.00875992,0.0176082,0.00262907,-0.000567854,-0.00110524,-0.00134121,0.000649568,0.00118127,-0.000140091,0.000656801,0.0132989,0.0127699,0.0151084,0.00336737,0.00460254,0.00880007,-0.000375391,0.00203266,0.00391209,0.000749942,-0.00732269,0.0209169,0.0384884,0.00375037,0.0083105,-5.80636e-05,-0.0154976,0.00245913,0.00312785,0.0016886,-0.00187917,-0.00174065,0.00104979,0.00449987,0.0044497,0.00395924,0,0.0103366,0.010357,0.0120702,0.0141588,0,0.0155896,0,0,-0.0232816,0.057721,0.00807096,-0.00215396,0.0104702,0.00587231,0,0.00482966,0.0587442,0.0383284,-0.0161911,
0.865,-0.00684936,-0.00407245,0.00687676,0.00429596,0.00469879,0.00699503,0.00266927,0.00184194,-0.00110166,-0.000929006,0.00127359,0.00157943,0.00266424,-0.000187364,0.0130635,0.0136931,0.0153857,0.00263456,0.00494004,0.0100359,-0.0048785,0.00307338,0.00531094,-0.00165863,-0.00663152,0.0171461,0.00307941,0.00494773,0.00452892,-0.000140566,-0.0227506,0.00231895,0.00272781,0.00225104,-0.00101295,-0.00116879,0.00163706,0.00456481,0.00415949,0.00901629,0.00462536,-0.00207491,0.00843713,0.00485823,0.00925042,0.0186892,0.00266469,-0.00119309,-0.00114818,-0.00137093,0.000709376,0.00121953,-0.000132707,0.00049312,0.01355,0.0130538,0.0153298,0.00318926,0.00454941,0.00877056,-0.00137321,0.00173457,0.00379121,0.000872532,-0.00742148,0.0209646,0.0385342,0.00374124,0.00816622,-6.00766e-05,-0.0166521,0.0024451,0.00313272,0.00172334,-0.00193085,-0.0017709,0.00110484,0.00458898,0.00452925,0.00401345,0,0.0104835,0.0105056,0.0121888,0.0140589,0,0.0152321,0,0,-0.0234048,0.0594922,0.00823217,-0.00205177,0.0106372,0.00640947,0,0.00291416,0.0594203,0.0405656,-0.0138991,
0.87,-0.00683171,-0.00407436,0.00698805,0.00434307,0.00483361,0.00707752,0.00268706,-0.000185961,-0.00113382,-0.000971509,0.00129242,0.00160682,0.00268808,-0.000199341,0.0130668,0.0139046,0.0155031,0.0025216,0.00490116,0.0100042,-0.00554066,0.00290083,0.00524376,-0.00167444,-0.00668641,0.0171567,0.00308478,0.00494206,0.00452608,-0.00013807,-0.023673,0.00230076,0.00271921,0.00228956,-0.00128125,-0.00121549,0.00167088,0.00461614,0.00420928,0.00936507,0.00511926,-0.00194068,0.00868899,0.00494983,0.00974894,0.0200564,0.00269694,-0.00229602,-0.00118513,-0.00139714,0.000768966,0.00125526,-0.000124625,0.00033142,0.0137876,0.013329,0.0155407,0.00300075,0.00448394,0.0087177,-0.00234328,0.00141029,0.00365899,0.000985994,-0.00749746,0.0210596,0.0386055,0.00372481,0.00823808,-6.21525e-05,-0.0181805,0.00242696,0.00313181,0.0017551,-0.00197995,-0.0017982,0.0011566,0.00466955,0.00460018,0.004061,0,0.0106001,0.010621,0.0122773,0.014184,0,0.0149158,0,0,-0.0234833,0.0611652,0.00837741,-0.00193942,0.010775,0.00714066,0,0.00481369,0.0601693,0.042132,-0.0125421,
0.875,-0.00675892,-0.00407009,0.0070991,0.00438629,0.00497952,0.00746931,0.00270027,0.0046784,-0.00116065,-0.00101386,0.00130667,0.00163045,0.00275449,-0.000212438,0.0131391,0.0140972,0.0155889,0.00241346,0.00485898,0.00995697,-0.00593801,0.00273414,0.00517166,-0.00168611,-0.00669674,0.0171745,0.00309616,0.00492789,0.00472212,-0.00013518,-0.0243807,0.00228043,0.00270906,0.00232658,-0.00156218,-0.00126086,0.00169985,0.00466267,0.00425396,0.00972881,0.00564476,-0.00180039,0.00892963,0.0050339,0.0102512,0.0217311,0.00272526,-0.00331379,-0.00121666,-0.00142002,0.00082746,0.00128847,-0.000116343,0.000166354,0.014021,0.013599,0.0157477,0.00280203,0.00440674,0.00864237,-0.00307887,0.0010466,0.00351698,0.00109185,-0.00750066,0.0212233,0.038716,0.00370101,0.00856908,-6.44801e-05,-0.0205246,0.00240513,0.00312109,0.00178407,-0.00202616,-0.00182215,0.00120451,0.00474211,0.00466285,0.00410174,0,0.0106883,0.0107051,0.012338,0.0145795,0,0.014712,0,0,-0.0234852,0.0625394,0.00850476,-0.00181824,0.0108828,0.00812154,0,0.00451548,0.0604422,0.0435848,-0.011408,
0.88,-0.00667855,-0.00406014,0.0072085,0.00442583,0.00512669,0.00772388,0.00270916,-0.000330686,-0.00118242,-0.00105558,0.00131662,0.00165025,0.00280226,-0.000226126,0.0132111,0.0142748,0.0156439,0.00231132,0.00481451,0.00989646,-0.00624447,0.00257476,0.0050962,-0.00169345,-0.0066988,0.017177,0.00309509,0.00490589,0.00485623,-0.000131961,-0.0249654,0.00225874,0.00269765,0.0023618,-0.00181865,-0.0013053,0.00172359,0.00470461,0.00429353,0.0100808,0.0061903,-0.00165162,0.00915712,0.00510962,0.0107508,0.0233464,0.00274962,-0.00393326,-0.0012432,-0.00143988,0.000883909,0.00131907,-0.00010876,-5.54513e-06,0.014243,0.0138617,0.0159469,0.002594,0.00431911,0.0085459,-0.00364449,0.000624136,0.00336688,0.00119064,-0.00747921,0.0214223,0.0388386,0.00367015,0.0089264,-6.70593e-05,-0.0232791,0.00237993,0.00310224,0.00180986,-0.00206948,-0.00184294,0.00124845,0.0048057,0.00471706,0.00413615,0,0.0107505,0.0107612,0.012374,0.0149448,0,0.014498,0,0,-0.0234605,0.0639364,0.00861323,-0.00168683,0.0109615,0.00918658,0,0.00569091,0.0607099,0.0449191,-0.0100589,
0.885,-0.00658943,-0.00404497,0.00730622,0.00446197,0.00525949,0.00798475,0.00271373,0.00371861,-0.00119982,-0.00109528,0.00132213,0.00166608,0.00284641,-0.00024021,0.0132683,0.0144398,0.0156716,0.00221619,0.00476902,0.00982438,-0.00649675,0.00242225,0.00501926,-0.00169617,-0.00668237,0.0171829,0.00309488,0.00487729,0.00494289,-0.000129137,-0.0254925,0.00223637,0.00268579,0.00239504,-0.0020281,-0.00134872,0.00174192,0.00474122,0.00432769,0.0103952,0.00672497,-0.00149343,0.00936812,0.00517693,0.0112233,0.0246152,0.00276946,-0.00427426,-0.0012653,-0.00145665,0.000937656,0.00134723,-0.000101776,-0.000186059,0.014455,0.0141206,0.0161362,0.00237486,0.00422256,0.00843099,-0.00413084,0.000106769,0.00321081,0.00128182,-0.00744704,0.0214889,0.0389154,0.00363291,0.00897704,-6.96385e-05,-0.025212,0.00235187,0.00307767,0.00183248,-0.00211012,-0.00186038,0.00128834,0.0048602,0.0047619,0.00416332,0,0.0107873,0.010792,0.0123875,0.0148427,0,0.0141471,0,0,-0.0234001,0.0649876,0.00870115,-0.00154527,0.0110112,0.00988925,0,0.00616906,0.0609155,0.0461312,-0.00847885,
0.89,-0.00651839,-0.00402486,0.00739941,0.00449498,0.00538439,0.00809127,0.00271462,-0.000649853,-0.00121333,-0.0011317,0.00132335,0.00167793,0.00286592,-0.000254622,0.0133093,0.0145929,0.0156721,0.0021299,0.00472318,0.00974361,-0.00670358,0.00227929,0.00494194,-0.00169382,-0.00667678,0.0171814,0.00309616,0.00484276,0.00488862,-0.000126838,-0.0259723,0.00221355,0.00267416,0.00242593,-0.00218466,-0.00139122,0.00175475,0.00477285,0.00435606,0.0106478,0.00722397,-0.00132607,0.00955949,0.00523493,0.0116544,0.0256725,0.0027849,-0.00419159,-0.00128339,-0.00147041,0.000987898,0.00137256,-9.57888e-05,-0.000214181,0.0146619,0.0143688,0.0163121,0.00214789,0.00411879,0.00829952,-0.00457141,-0.000548053,0.00305091,0.00136611,-0.00744065,0.0214817,0.0389536,0.00358969,0.00891508,-7.28468e-05,-0.0263882,0.0023215,0.00304835,0.00185201,-0.00214798,-0.00187445,0.00132445,0.00490519,0.00479746,0.00418358,0,0.0108022,0.0108006,0.0123818,0.0146169,0,0.0136939,0,0,-0.0233322,0.0660115,0.00876762,-0.00139397,0.0110328,0.0105926,0,0.006772,0.06104,0.0471812,-0.00678298,
0.895,-0.00645232,-0.00400025,0.00748916,0.00452506,0.00550698,0.00816667,0.00271182,0.0011461,-0.00122325,-0.00116469,0.00132034,0.00168566,0.00289127,-0.000269166,0.0133343,0.0147425,0.0156583,0.00205174,0.0046778,0.00965739,-0.00686439,0.00214799,0.00486518,-0.00168639,-0.00668564,0.0172402,0.00314847,0.00480333,0.00476957,-0.000125261,-0.0264076,0.00219141,0.00266319,0.00245428,-0.00229566,-0.00143248,0.00176197,0.00480571,0.00437855,0.0108211,0.00767813,-0.00114894,0.00972866,0.00528371,0.0120388,0.0266804,0.00279546,-0.0042026,-0.00129782,-0.00148115,0.00103434,0.00139521,-9.08995e-05,-0.000242302,0.0148527,0.0146118,0.0164645,0.00191816,0.00400971,0.00815469,-0.00497498,-0.00101939,0.00289041,0.00144378,-0.00744179,0.0214781,0.0389775,0.00354117,0.00887915,-7.64325e-05,-0.0272434,0.00228912,0.00301553,0.00186828,-0.00218284,-0.00188537,0.00135642,0.00494001,0.00482313,0.00419637,0,0.0107965,0.0107898,0.0123587,0.0144443,0,0.0132084,0,0,-0.0232491,0.0667746,0.00881229,-0.00123351,0.0110272,0.0113816,0,0.00741123,0.0610452,0.0480986,-0.00524703,
0.9,-0.00637443,-0.00397166,0.00758112,0.00455258,0.0056365,0.00828303,0.00270585,-3.1565e-05,-0.00122997,-0.00119417,0.00131326,0.00168934,0.00290716,-0.000283777,0.0133447,0.0148903,0.0156382,0.00198363,0.00463356,0.00956663,-0.00697975,0.00203061,0.00479038,-0.00167359,-0.00669545,0.0173177,0.00320528,0.00475969,0.00470138,-0.000125064,-0.0268039,0.00216983,0.0026537,0.0024799,-0.0023169,-0.00147241,0.00176358,0.00483987,0.00439505,0.0109062,0.00810427,-0.000959353,0.00987388,0.00532259,0.0123752,0.0277144,0.00280149,-0.00422402,-0.00130887,-0.00148881,0.00107626,0.0014151,-8.72077e-05,-0.000272008,0.0150343,0.0148423,0.0165935,0.00169067,0.00389741,0.00799987,-0.00534002,-0.00153941,0.00273145,0.00151599,-0.00742331,0.0215136,0.0390213,0.00348827,0.00896261,-8.03957e-05,-0.0279689,0.00225548,0.00297997,0.00188117,-0.00221441,-0.00189325,0.00138462,0.00496467,0.00483858,0.00420181,0,0.0107754,0.010762,0.0123202,0.0144458,0,0.0128332,0,0,-0.0231404,0.0675913,0.00883458,-0.00106364,0.0109967,0.012289,0,0.00814405,0.0608957,0.0488399,-0.00389242,
0.905,-0.00623498,-0.00393836,0.00767627,0.00457651,0.0057801,0.00866321,0.00269639,0.0042801,-0.00123337,-0.00122037,0.00130209,0.00168911,0.00294124,-0.000298452,0.013342,0.0150427,0.0156116,0.00192683,0.00458989,0.00947013,-0.00704821,0.00192908,0.00471706,-0.00165779,-0.00666473,0.0174085,0.00323159,0.00471211,0.00484288,-0.000126115,-0.0271612,0.0021495,0.0026454,-0.0136408,-0.00233592,-0.00151069,0.00175931,0.00487616,0.00440479,0.0109008,0.00854773,-0.00074676,0.00999097,0.00535067,0.0126561,0.0289855,0.00280207,-0.0042439,-0.00131619,-0.00149345,0.0011135,0.00143209,-8.47132e-05,-0.000303299,0.0151989,0.0150621,0.0166884,0.00146465,0.00378312,0.00783627,-0.00566257,-0.00197911,0.00257504,0.00158283,-0.00731151,0.02165,0.0391152,0.00343162,0.00934822,-8.51138e-05,-0.0285935,0.00222067,0.00294188,0.0018907,-0.00224195,-0.00189745,0.00140886,0.00497807,0.00484331,0.0041992,0,0.0107399,0.0107169,0.0122647,0.0147219,0,0.0126339,0,0,-0.0229643,0.0679617,0.00883367,-0.000880111,0.01094,0.0134133,0,0.00905392,0.0605705,0.049472,-0.002566,
0.91,-0.00614075,-0.0039033,0.00777449,0.00459959,0.0059155,0.00874865,0.00268515,-0.00104094,-0.0012342,-0.00124385,0.00128734,0.00168506,0.00293603,-0.000312931,0.0133435,0.015208,0.0155901,0.00188121,0.0045501,0.0093766,-0.00707676,0.00184305,0.00464877,-0.00164104,-0.00665269,0.0174763,0.00326746,0.00466306,0.00479202,-0.000129334,-0.027496,0.00213131,0.00264021,-0.00177968,-0.00235547,-0.00154733,0.0017499,0.00491505,0.00440894,0.0108134,0.0089523,-0.000512111,0.0100852,0.0053712,0.0128904,0.0299381,0.00279894,-0.00426153,-0.00132084,-0.00149573,0.00114585,0.0014464,-8.35158e-05,-0.000336074,0.0153498,0.0152655,0.016752,0.00123793,0.00367043,0.0076721,-0.00594307,-0.00228831,0.00242468,0.00164547,-0.00723735,0.0217291,0.0391851,0.00337327,0.00942432,-9.12787e-05,-0.0291585,0.00218619,0.0029032,0.00189763,-0.0022666,-0.00189944,0.00142934,0.00498175,0.00483808,0.00419015,0,0.0106963,0.0106635,0.012203,0.0146917,0,0.0123521,0,0,-0.0228062,0.0681328,0.00881611,-0.000674485,0.0108662,0.0143834,0,0.00975264,0.060186,0.0499921,-0.000985934,
0.915,-0.00605294,-0.00386484,0.00787062,0.00462002,0.00604455,0.00879847,0.00267169,-0.00183315,-0.0012324,-0.00126451,0.00126915,0.00167748,0.00292614,-0.000327277,0.0133525,0.0153891,0.0155676,0.00184535,0.00451225,0.00928198,-0.00700335,0.00177145,0.00458374,-0.00162015,-0.00665045,0.0175611,0.00331536,0.00461203,0.00473832,-0.000134391,-0.0277918,0.00211516,0.0026371,-0.00032256,-0.00237515,-0.00158193,0.00173527,0.00495542,0.00440643,0.0106585,0.00929572,-0.000182495,0.0101509,0.00538155,0.0130762,0.0308316,0.00279116,-0.00427598,-0.00132225,-0.00149516,0.00117331,0.00145788,-8.36156e-05,-0.000370038,0.0154874,0.0154576,0.0167767,0.00101394,0.00355954,0.00750629,-0.00617491,-0.00250551,0.00228224,0.00170166,-0.0071778,0.0217974,0.0392558,0.00331354,0.00954795,-9.85759e-05,-0.0296601,0.00215212,0.00286414,0.00190148,-0.00228754,-0.0018985,0.00144595,0.00497472,0.00482229,0.00417328,0,0.0106425,0.0105984,0.0121287,0.0147233,0,0.0121314,0,0,-0.0226371,0.068171,0.00877835,-0.000455275,0.0107728,0.0153293,0,0.0104579,0.0597993,0.0502128,0.00541276,
0.92,-0.00595011,-0.00382329,0.0079713,0.00463762,0.00617745,0.00891502,0.002656,-0.00382377,-0.0012281,-0.00128245,0.00124775,0.00166645,0.0028955,-0.000341427,0.0133682,0.0155839,0.0155417,0.00182067,0.00447679,0.00918696,-0.00691217,0.0017146,0.00452335,-0.00159475,-0.00664503,0.0176362,0.00332728,0.00455963,0.00471246,-0.000140894,-0.0280485,0.00210115,0.00263651,0.000534366,-0.00239514,-0.00161385,0.0017158,0.00499878,0.0043991,0.0104614,0.00960518,0.0002228,0.0101889,0.00538296,0.0132218,0.0317145,0.00277921,-0.00428803,-0.00132084,-0.00149214,0.00119588,0.00146645,-8.53119e-05,-0.000404497,0.0156098,0.0156382,0.0167579,0.000791047,0.00345326,0.0073431,-0.00635567,-0.00267125,0.00215079,0.00174578,-0.00710045,0.0218802,0.0393327,0.00325374,0.00967243,-0.000107509,-0.0300926,0.0021189,0.00282507,0.00190244,-0.00230477,-0.00189482,0.00145899,0.00495731,0.00479644,0.00414951,0,0.0105844,0.0105239,0.0120443,0.0147794,0,0.011949,0,0,-0.0224414,0.0681039,0.00872428,-0.000229683,0.0106627,0.0162489,0,0.0111319,0.0594262,0.0503442,0.00307176,
0.925,-0.00583998,-0.00378026,0.00806915,0.0046536,0.00630919,0.0089983,0.00263924,-0.0052012,-0.00122165,-0.00129813,0.00122348,0.0016525,0.00285118,-0.000355247,0.013397,0.0157944,0.0155119,0.0018068,0.00444498,0.00909521,-0.00679506,0.00167436,0.00446846,-0.00156408,-0.00664124,0.0177432,0.00333813,0.00450724,0.00469485,-0.000149302,-0.0282735,0.00208997,0.00263888,0.000981336,-0.002416,-0.00164351,0.00169206,0.00504642,0.00438704,0.0102533,0.00988559,0.000647295,0.0102029,0.00537725,0.0133355,0.0325794,0.00276413,-0.00429801,-0.00131662,-0.00148677,0.00121377,0.00147226,-8.82055e-05,-0.000438857,0.0157196,0.0158086,0.0166947,0.000570894,0.0033535,0.00718623,-0.00648557,-0.00279778,0.00203306,0.001783,-0.0070028,0.0220015,0.0394208,0.00319508,0.00982068,-0.000117511,-0.0304486,0.00208768,0.0027875,0.00190081,-0.00231921,-0.00188905,0.00146835,0.00493136,0.0047625,0.00412087,0,0.0105217,0.0104431,0.011954,0.0148269,0,0.0117614,0,0,-0.0222327,0.0679426,0.00865773,-8.10069e-06,0.0105416,0.0171284,0,0.0118125,0.0589054,0.0504058,0.00371016,
0.93,-0.00569688,-0.00373348,0.00816774,0.00466486,0.0064499,0.0092889,0.00261949,-0.00579434,-0.00121278,-0.00131076,0.00119656,0.00163555,0.0028344,-0.000369133,0.0134239,0.0160145,0.0154596,0.00180334,0.00441442,0.00900158,-0.00664445,0.00165147,0.00441756,-0.00152908,-0.00660554,0.0178982,0.00337207,0.00445363,0.00486475,-0.000158038,-0.0284497,0.00208003,0.00264207,0.00132744,-0.00243584,-0.00166979,0.00166404,0.00510287,0.00437044,0.0100698,0.010156,0.000955894,0.0101888,0.00536155,0.0134149,0.0335734,0.00274417,-0.00430669,-0.00130958,-0.00147896,0.00122713,0.00147509,-9.29949e-05,-0.000472623,0.015816,0.0159643,0.0165856,0.000356035,0.00326056,0.0070341,-0.00655977,-0.00288757,0.00193066,0.00181441,-0.00684468,0.0222022,0.0395494,0.00313804,0.0101797,-0.000127325,-0.030708,0.00205752,0.00274974,0.00189638,-0.00232921,-0.00188033,0.00147396,0.00489859,0.00472154,0.0040885,0,0.0104538,0.0103511,0.0118493,0.0151735,0,0.0117577,0,0,-0.0219769,0.0676507,0.00857522,0.000115373,0.0104052,0.0181057,0,0.0126194,0.0581187,0.0503464,0.00426462,
0.935,-0.00557903,-0.00368641,0.00826498,0.00467479,0.00658048,0.00941136,0.0025991,-0.00608475,-0.00120231,-0.00132129,0.00116742,0.00161612,0.00279555,-0.000382756,0.0134605,0.01624,0.0153908,0.00180921,0.00438774,0.00891329,-0.00646995,0.00164652,0.00437356,-0.00148919,-0.00657646,0.018037,0.00342201,0.00440132,0.00495908,-0.000168745,-0.0285985,0.00207268,0.00264807,0.00153256,-0.00245663,-0.00169339,0.0016326,0.0051682,0.00434998,0.00994903,0.0103893,0.001155,0.0101585,0.00534128,0.0134743,0.0344337,0.00272212,-0.00431435,-0.00130029,-0.00146927,0.00123619,0.00147525,-9.93808e-05,-0.000505003,0.015904,0.016119,0.0164459,0.000140475,0.00317745,0.00689395,-0.00658509,-0.00294547,0.00184573,0.0018434,-0.00670276,0.0224356,0.0396866,0.00308438,0.0104572,-0.000138585,-0.0308896,0.0020302,0.00271477,0.00188984,-0.00233757,-0.00187025,0.00147627,0.00485988,0.00467518,0.00405296,0,0.0103844,0.0102564,0.0117425,0.0154389,0,0.0116761,0,0,-0.0217294,0.0673338,0.00848754,0.000168805,0.0102649,0.0190274,0,0.0134117,0.057438,0.0502343,0.00477926,
0.94,-0.00544775,-0.00363859,0.00836393,0.00468236,0.00671049,0.00966416,0.00257808,-0.00626905,-0.00119025,-0.00132971,0.00113656,0.00159474,0.00277744,-0.000396116,0.013505,0.0164693,0.0153021,0.00182399,0.00436517,0.00882984,-0.00627157,0.00166044,0.00433653,-0.00144515,-0.00652784,0.0182112,0.00349235,0.00435021,0.00518894,-0.000181291,-0.0287147,0.00206771,0.00265652,0.00163182,-0.00247771,-0.00171433,0.0015984,0.00524642,0.00432595,0.00992453,0.0105928,0.00129424,0.0101135,0.00531618,0.0135156,0.0352651,0.00269845,-0.00432097,-0.00128888,-0.0014582,0.00124108,0.00147287,-0.000107164,-0.000535402,0.0159897,0.0162709,0.0162819,-7.66806e-05,0.00310506,0.00676617,-0.00656197,-0.00297356,0.00177851,0.00187159,-0.00653985,0.0227332,0.0398562,0.00303494,0.0108977,-0.000151229,-0.0309819,0.00200616,0.00305381,0.00188146,-0.00234376,-0.00185859,0.00147531,0.0048163,0.00462434,0.00401527,0,0.010319,0.0101593,0.0116328,0.0159071,0,0.0117349,0,0,-0.0214607,0.0669116,0.00839579,0.000222073,0.0101229,0.0199698,0,0.0143099,0.0569633,0.0500678,0.00523815,
0.945,-0.00530042,-0.00358813,0.00844975,0.00468501,0.0068244,0.00997129,0.00255535,-0.00640849,-0.00117632,-0.00133541,0.00110413,0.00157141,0.00277056,-0.000409344,0.0135462,0.0166885,0.0151817,0.00184648,0.00434407,0.00874541,-0.00604784,0.00169138,0.00430433,-0.00139726,-0.00644576,0.0183408,0.00354595,0.00429953,0.00547903,-0.000195019,-0.0287791,0.0020641,0.00266585,0.00167439,-0.00249726,-0.00173137,0.00156155,0.00533515,0.00429739,0.0100201,0.0107562,0.00139492,0.0100507,0.00528459,0.0135325,0.0358905,0.00267258,-0.00432553,-0.00127509,-0.00144493,0.00124218,0.0014679,-0.000116743,-0.000563623,0.0160801,0.01643,0.0160963,-0.000298876,0.0030427,0.00664798,-0.00648931,-0.00297255,0.00172902,0.00189799,-0.00635457,0.0230337,0.0400332,0.0029898,0.0113402,-0.000164817,-0.0309627,0.00198506,0.00287116,0.00187088,-0.00234726,-0.00184483,0.00147096,0.00476742,0.00456835,0.0039744,0,0.0102463,0.0100533,0.011514,0.0162681,0,0.0117761,0,0,-0.0211484,0.0663413,0.00829772,0.000274605,0.00997605,0.0207816,0,0.0151603,0.0563093,0.0498392,0.0056327,
0.95,-0.00505479,-0.00353877,0.00859487,0.00468643,0.00701599,0.0110171,0.00253249,-0.00652737,-0.00116155,-0.00133923,0.00107048,0.0015468,0.00287696,-0.000422572,0.0135894,0.0169049,0.0150471,0.00188114,0.00432868,0.00866987,-0.00580896,0.00174429,0.00428005,-0.00134627,-0.00626809,0.0186626,0.003673,0.00425134,0.006301,-0.000210586,-0.0288172,0.00206229,0.00267697,0.00169087,-0.00251702,-0.00174615,0.00152289,0.00546918,0.0042666,0.0102511,0.0109931,0.00147951,0.00998299,0.00525186,0.0135484,0.0371601,0.00264624,-0.0043313,-0.00125988,-0.0014306,0.00123977,0.00146063,-0.000128317,-0.000589467,0.0486593,0.0166001,0.0159105,-0.000509651,0.00299247,0.00654561,-0.00638055,-0.00294799,0.00169903,0.00192537,-0.00600342,0.023589,0.0403276,0.00295049,0.0125858,-0.000180481,-0.0308594,0.00196777,0.00276261,0.00185904,-0.00235005,-0.00183034,0.00146382,0.00471616,0.00451016,0.00393365,0,0.0102111,0.00994893,0.0113984,0.0178035,0,0.0123882,0,0,-0.0207542,0.0656893,0.00820372,0.000353894,0.00983678,0.0221591,0,0.0166361,0.0556089,0.0496384,0.00599969,
0.955,-0.00470121,-0.00348683,0.00879205,0.00468245,0.00726396,0.0124067,0.00250804,-0.00662558,-0.00114533,-0.00134063,0.00103604,0.00152114,0.00299202,-0.000435734,0.0136268,0.0171064,0.0148878,0.00193065,0.00431625,0.00859038,-0.00554881,0.00181865,0.00426023,-0.00129245,-0.0059716,0.0190249,0.00376557,0.00420384,0.00748352,-0.000227139,-0.0288016,0.00206094,0.00268809,0.00169436,-0.00253443,-0.00175703,0.001483,0.00566452,0.0051907,0.010611,0.0113874,0.00155657,0.00990731,0.00521439,0.0135562,0.0387079,0.00261897,-0.00433474,-0.00124264,-0.00141481,0.001234,0.00145114,-0.000141887,-0.000612737,0.0257952,0.0167856,0.0157232,-0.000639536,0.00295236,0.00645373,-0.00623281,-0.00289969,0.00168761,0.00195329,-0.00543666,0.0243343,0.0407049,0.00291609,0.0141631,-0.000197529,-0.0306509,0.00195374,0.00269436,0.00184528,-0.00235098,-0.00181406,0.00145377,0.0046609,0.00444851,0.00389064,0,0.0102053,0.00983675,0.0112748,0.0192929,0,0.0131488,0,0,-0.0202407,0.0648756,0.00810756,0.000432855,0.00969956,0.0238283,0,0.0183368,0.0548111,0.0493527,0.00636668,
0.96,-0.0046716,-0.00343599,0.0088942,0.00467678,0.00735388,0.0120187,0.00248378,-0.00670841,-0.00112842,-0.0013404,0.00100103,0.00149489,0.00291034,-0.000449028,0.0136605,0.0173051,0.0147296,0.00197953,0.00430405,0.00851949,-0.00527556,0.00190049,0.00424777,-0.00123591,-0.00587541,0.0190756,0.00389101,0.00415908,0.00738862,-0.000245531,-0.0287567,0.00206094,0.00270061,0.001692,-0.00255155,-0.00176545,0.00144244,0.00582071,0.00458824,0.0110839,0.0115713,0.00160163,0.00983442,0.00517745,0.0135653,0.0381925,0.00259286,-0.00433861,-0.00122413,-0.0013982,0.00122545,0.00143959,-0.000157652,-0.000633531,0.0200911,0.0169884,0.0155564,-0.000729231,0.00292329,0.00637726,-0.00606218,-0.00283352,0.00169477,0.00198237,-0.00530341,0.0247353,0.0408972,0.002888,0.0142038,-0.000217597,-0.0303789,0.00194393,0.00265165,0.00183084,-0.00235221,-0.00179736,0.00144131,0.00460434,0.00438552,0.00384808,0,0.0101198,0.00972766,0.0111543,0.0185298,0,0.0129399,0,0,-0.0198825,0.0644779,0.00801972,0.000503879,0.00957683,0.0242592,0,0.0186263,0.0543492,0.0490752,0.0066387,
0.965,-0.00454062,-0.00338479,0.00896467,0.00466798,0.00743358,0.0121935,0.00245946,-0.00677224,-0.00111088,-0.00133837,0.00096588,0.00146841,0.00291625,-0.000462387,0.0136961,0.0174897,0.0145702,0.00202981,0.0042947,0.00845077,-0.00498803,0.00199213,0.00424116,-0.00117701,-0.00577217,0.0192358,0.00398681,0.00411622,0.00764263,-0.000265499,-0.0286761,0.0020615,0.00271388,0.00168664,-0.0025669,-0.0017711,0.00140169,0.00598326,0.00432682,0.0116407,0.011697,0.00163294,0.00976262,0.00514007,0.0135738,0.0384143,0.00256815,-0.00434102,-0.00120442,-0.0013807,0.00121421,0.0014265,-0.000175413,-0.000652048,0.0189937,0.0172051,0.0154014,-0.000782052,0.00290364,0.00631357,-0.00587195,-0.00275156,0.00171871,0.00201234,-0.00513639,0.0251394,0.0410934,0.00286596,0.0146522,-0.00024081,-0.0300594,0.00193824,0.00262507,0.00181535,-0.00235355,-0.00178014,0.00142654,0.00454616,0.004321,0.00380552,0,0.0100515,0.00961948,0.0110329,0.0188722,0,0.012959,0,0,-0.0194718,0.0639796,0.00793795,0.000561566,0.00946653,0.0247315,0,0.0191103,0.0538943,0.0487624,0.00686232,
0.97,-0.00436339,-0.00333212,0.00902225,0.00465493,0.00751,0.0125908,0.00243393,-0.00682033,-0.00109258,-0.00133447,0.000930799,0.00144193,0.00293392,-0.000476142,0.0137245,0.0176694,0.0144101,0.00208237,0.00428695,0.00838077,-0.00468798,0.0020924,0.00423865,-0.00111633,-0.00562418,0.0193852,0.00406263,0.00407456,0.00804438,-0.000285992,-0.0285536,0.0020615,0.00272603,0.0016791,-0.00257968,-0.00177366,0.00136104,0.00615896,0.00419703,0.0122484,0.0117934,0.00165578,0.00968952,0.00510146,0.0135839,0.0387234,0.00254413,-0.00434325,-0.00118344,-0.00136246,0.00120077,0.00141189,-0.000196068,-0.000668485,0.0186565,0.0174392,0.015264,-0.000802977,0.0028918,0.00625915,-0.00566874,-0.00265654,0.00175713,0.00204169,-0.00491872,0.02552,0.0412934,0.00284915,0.0152724,-0.000266602,-0.0297082,0.00193571,0.00260803,0.00179899,-0.00235438,-0.00176155,0.00140983,0.00448755,0.00425606,0.00376387,0,0.00999112,0.00950931,0.0109066,0.0191289,0,0.0130723,0,0,-0.0189823,0.0632958,0.00786084,0.000603542,0.00936641,0.0251816,0,0.0195181,0.0534439,0.0484237,0.00704674,
0.975,-0.00418369,-0.00327981,0.00905577,0.00463961,0.00754422,0.012945,0.00240865,-0.00684953,-0.001074,-0.00132925,0.000896076,0.00141589,0.00291157,-0.000490159,0.0137574,0.0178515,0.0142656,0.00213803,0.00428171,0.00830978,-0.00438035,0.0021983,0.00424107,-0.0010531,-0.00543799,0.0194307,0.00404438,0.00403487,0.00842254,-0.000307537,-0.0284072,0.0020615,0.00273856,0.00167025,-0.00259085,-0.00177417,0.00132114,0.00632144,0.00411876,0.0128721,0.0118558,0.00166771,0.00961879,0.00506461,0.0136006,0.0388111,0.00252278,-0.00434394,-0.00116176,-0.00134349,0.00118529,0.0013959,-0.000219316,-0.00068314,0.018696,0.0176838,0.0151447,-0.000798894,0.00288719,0.00621604,-0.00546266,-0.00255343,0.00180713,0.0020714,-0.00470721,0.0257874,0.0414645,0.00283786,0.0157083,-0.000296546,-0.0293599,0.00193676,0.00259919,0.00178195,-0.00235634,-0.00174275,0.00139138,0.00442839,0.00419111,0.00372244,0,0.00993259,0.00940167,0.0107801,0.0190225,0,0.0130723,0,0,-0.0183982,0.0626814,0.00779363,0.000630708,0.00928224,0.0253549,0,0.019653,0.0529979,0.0481461,0.00719929,
0.98,-0.00405226,-0.00322669,0.00906363,0.00462116,0.00755183,0.0130062,0.00238332,-0.00686096,-0.00105521,-0.00132269,0.000862069,0.00139046,0.00285489,-0.000504177,0.0137967,0.0180428,0.0141427,0.00219476,0.00427692,0.00824008,-0.00406457,0.00230822,0.00424674,-0.000986675,-0.00528183,0.0194899,0.00403557,0.00399656,0.00856233,-0.00032987,-0.0282335,0.00206082,0.00275086,0.00166064,-0.00259952,-0.00177233,0.00128248,0.0064556,0.00405999,0.0134746,0.0118616,0.00166996,0.0095485,0.00502863,0.0136217,0.0386172,0.00250375,-0.00434257,-0.00113924,-0.00132412,0.0011682,0.00137899,-0.00024476,-0.000696012,0.0188778,0.0179364,0.0150421,-0.000775928,0.00288729,0.00618079,-0.00526032,-0.00244546,0.00186481,0.00210075,-0.00457533,0.0259288,0.0415846,0.00283111,0.0158266,-0.000330516,-0.0290158,0.00194119,0.00259633,0.00176453,-0.00235912,-0.00172343,0.00137178,0.00436891,0.004126,0.00368124,0,0.00986011,0.00929513,0.0106512,0.018701,0,0.0129016,0,0,-0.0177407,0.0623866,0.00773399,0.000645682,0.00921089,0.0252879,0,0.0195819,0.052533,0.0479191,0.00731386,
0.985,-0.0039115,-0.00317262,0.00907676,0.00459988,0.00757024,0.0132271,0.00235779,-0.0068577,-0.00103615,-0.00131505,0.000828992,0.00136593,0.00284173,-0.000517997,0.0138387,0.018246,0.014042,0.00225219,0.00427236,0.00817265,-0.00374441,0.00242216,0.00425493,-0.000915829,-0.00512318,0.0196037,0.00408701,0.00395937,0.00875355,-0.0003524,-0.0280363,0.00205902,0.00276242,0.00165019,-0.00260532,-0.00176843,0.00124525,0.00659896,0.00400837,0.0140318,0.0118361,0.00166806,0.00948057,0.00499415,0.0136501,0.0386484,0.00248739,-0.00433956,-0.00111608,-0.00130442,0.00114994,0.00136131,-0.000272499,-0.000707301,0.019113,0.0181988,0.0149548,-0.000740714,0.0028905,0.00615112,-0.00506789,-0.00233756,0.00192674,0.00212921,-0.00445234,0.0260764,0.0416995,0.00282842,0.0160546,-0.000368512,-0.0286862,0.00194815,0.00259757,0.00174673,-0.00236253,-0.00170379,0.00135111,0.00430976,0.00406123,0.0036406,0,0.0097938,0.00918886,0.0105207,0.0187578,0,0.0128222,0,0,-0.0169734,0.0620394,0.00768217,0.000652474,0.00915168,0.0253785,0,0.0196327,0.0521484,0.0477428,0.00740699,
0.99,-0.00373574,-0.0031178,0.00910107,0.0045767,0.00760869,0.0135859,0.00233258,-0.006841,-0.00101722,-0.00130655,0.000797061,0.00134253,0.0028472,-0.000531423,0.0138956,0.0184641,0.0139593,0.00231075,0.00426871,0.00810532,-0.00342222,0.00253971,0.0042647,-0.000841031,-0.00495007,0.0197474,0.00415629,0.00392312,0.00903398,-0.000375193,-0.0278284,0.0020563,0.00277376,0.00163955,-0.00260892,-0.00176288,0.00120963,0.0067663,-0.00497994,0.0145265,0.0118247,0.00166728,0.00941804,0.00496177,0.0136905,0.0388668,0.00247405,-0.00433379,-0.0010925,-0.00128439,0.00113059,0.00134318,-0.000301735,-0.000717203,0.0193649,0.0184707,0.0148877,-0.000699567,0.00289511,0.00612555,-0.00489462,-0.00223395,0.0019891,0.00215802,-0.00428738,0.0262638,0.0418278,0.00282888,0.0164391,-0.000410785,-0.0283879,0.00195743,-0.00184226,0.00172873,-0.00236727,-0.00168383,0.00132986,0.00425072,0.00399722,0.00360053,0,0.00973831,0.00908496,0.0103909,0.0189067,0,0.0128457,0,0,-0.0161292,0.0617422,0.00763883,0.000656319,0.0091049,0.0256353,0,0.0198134,0.0519383,0.0476149,0.00749643,
0.995,-0.00354524,-0.00306034,0.00912833,0.00454927,0.00764348,0.013978,0.00230609,-0.0068148,-0.000998022,-0.00129696,0.00076649,0.00132025,0.00285383,-0.000544848,0.0139628,0.0186948,0.0138895,0.0023689,0.00426301,0.00803117,-0.00309478,0.00265651,0.00427307,-0.000765292,-0.0047539,0.0198608,0.00421782,0.00388618,0.00933344,-0.000396409,-0.027599,0.00205099,0.00278258,0.00162815,-0.00260834,-0.00175529,0.00117591,0.00694919,-0.000119082,0.014949,0.0118264,0.00166633,0.00935734,0.00492878,0.0137335,0.039075,0.00246256,-0.00432562,-0.00106829,-0.00126379,0.00111073,0.00132474,-0.000332467,-0.000726313,0.0196168,0.0187453,0.0148274,-0.000658738,0.00289782,0.00609817,-0.00474248,-0.00213854,0.0020472,0.00218513,-0.00410576,0.0264587,0.0419578,0.00283103,0.016804,-0.000455387,-0.0281111,0.00196735,-0.000472362,0.00171006,-0.00237192,-0.00166304,0.00130823,0.00419275,0.00393456,0.00356114,0,0.00968329,0.00897678,0.0102543,0.0190196,0,0.0129244,0,0,-0.0153427,0.0614385,0.0075984,0.000662211,0.0090636,0.0259556,0,0.0200412,0.0517483,0.0474993,0.00759079,
1,-0.00329172,-0.00300273,0.00917621,0.00452184,0.00772183,0.014612,0.00228088,-0.00678077,-0.000979028,-0.00128721,0.000737279,0.00129954,0.00291166,-0.00055755,0.0140458,0.0189352,0.0138303,0.00242739,0.00425765,0.00796166,-0.00276909,0.0027733,0.0042821,-0.000688518,-0.00452125,0.0200661,0.00432651,0.0038501,0.00976218,-0.000417494,-0.0273725,0.00204478,0.00279192,0.00161723,-0.00259217,-0.00174718,0.00114438,0.00716495,0.00152385,0.015294,0.0118996,0.00167342,0.00930807,0.00489982,0.0137987,0.0395378,0.00245502,-0.00431418,-0.00104372,-0.00124336,0.00109035,0.0013063,-0.000363399,-0.00073463,0.0198754,0.0190346,0.01479,-0.000624417,0.00289812,0.00607244,-0.00462359,-0.00205766,0.00209917,0.00221368,-0.00383926,0.0267092,0.0421068,0.00283472,0.0172994,-0.0005037,-0.0278911,0.00197916,0.000422506,0.00169197,-0.00237914,-0.00164235,0.00128669,0.00413576,0.00387367,0.00352254,0,0.00964249,0.00887406,0.0101217,0.0193439,0,0.0131231,0,0,-0.0147774,0.0612304,0.00756787,0.000675876,0.00903522,0.0264635,0,0.0204337,0.0516096,0.0474603,0.00771516,
1.005,-0.0030703,-0.00294158,0.00919659,0.00449082,0.00775287,0.0149197,0.00225491,-0.00673918,-0.000960103,-0.00127684,0.000709644,0.00128011,0.00290177,-0.000569988,0.0141326,0.0191764,0.0137558,0.00248256,0.00424818,0.0078796,-0.00244486,0.00288204,0.0042874,-0.000612497,-0.00429832,0.0201251,0.00436399,0.00381265,0.00999318,-0.000436608,-0.0271285,0.00203608,0.00279903,0.00160611,-0.00256631,-0.00173763,0.00111493,0.00735147,0.0024326,0.0155638,0.0119607,0.0016774,0.00926052,0.00487007,0.0138679,0.0395875,0.00244945,-0.00429887,-0.00101866,-0.00122252,0.00107013,0.00128809,-0.000394131,-0.000743047,0.0201356,0.0193304,0.0147657,-0.000601834,0.00289261,0.00604031,-0.00453618,-0.00199332,0.00214151,0.00224052,-0.0036298,0.0268602,0.0422195,0.00283794,0.0174395,-0.000553271,-0.0277013,0.00199076,0.000898054,0.0016734,-0.00238656,-0.00162113,0.00126525,0.00408007,0.00381413,0.00348428,0,0.00958197,0.00876615,0.00998031,0.0191476,0,0.0131768,0,0,-0.0144369,0.0610273,0.0075381,0.000702305,0.00900869,0.0267331,0,0.0206195,0.0514241,0.0474235,0.00785362,
1.01,-0.00279083,-0.00287778,0.00922127,0.00445828,0.00780655,0.0153885,0.00222856,-0.00669355,-0.000941802,-0.00126623,0.000683727,0.00126218,0.00292323,-0.00058236,0.014227,0.0194124,0.0136708,0.00253433,0.00423576,0.00779506,-0.0021215,0.00298299,0.00428842,-0.000537417,-0.00406438,0.0202756,0.00441436,0.00377382,0.0103128,-0.000453489,-0.0268806,0.00202501,0.00280444,0.00159509,-0.00253208,-0.00172747,0.00108786,0.00755964,0.00274845,0.0157703,0.0120747,0.00168639,0.0092189,0.00484112,0.0139501,0.0399648,0.00244608,-0.00428114,-0.00099311,-0.00120151,0.00104997,0.00127018,-0.000423666,-0.000751761,0.0204,0.0196373,0.0147595,-0.000596603,0.00288007,0.00600195,-0.00448598,-0.00194925,0.002172,0.00226575,-0.00336216,0.0270557,0.0423424,0.00283978,0.0177906,-0.000603282,-0.0275519,0.00200173,0.00127993,0.00165482,-0.00239481,-0.0015995,0.00124439,0.00402632,0.00375738,0.00344738,0,0.00953293,0.00865706,0.00983614,0.0193698,0,0.0133312,0,0,-0.0141019,0.0608829,0.00751114,0.000745918,0.00898511,0.0272111,0,0.0209917,0.0512438,0.0474225,0.00802823,
1.015,-0.00243535,-0.00281096,0.0092581,0.0044246,0.00788345,0.0160168,0.00220265,-0.00664325,-0.000924402,-0.0012557,0.000659313,0.0012459,0.00296358,-0.000594338,0.0143217,0.0196337,0.0135689,0.00258158,0.00422048,0.00770529,-0.00180513,0.0030738,0.0042847,-0.000462995,-0.0037962,0.0204352,0.00446473,0.00373345,0.0107526,-0.000468334,-0.0266375,0.0020118,0.00280889,0.00158473,-0.00249145,-0.00171711,0.00106307,0.00780042,0.00281976,0.0159277,0.0122561,0.00170153,0.00918419,0.00481339,0.0140471,0.0405133,0.00244504,-0.00425972,-0.000966926,-0.00118035,0.00103033,0.00125289,-0.000451105,-0.000761267,0.0206743,0.0199568,0.0147808,-0.000612807,0.00285982,0.00595638,-0.00447673,-0.00192797,0.00218964,0.00229063,-0.00299983,0.0272997,0.0424859,0.00283986,0.0182576,-0.000653231,-0.0274428,0.00201196,0.00152317,0.00163654,-0.00240441,-0.00157786,0.0012244,0.00397431,0.00370292,0.00341127,0,0.00949953,0.00854825,0.00969176,0.0196819,0,0.0136292,0,0,-0.0137367,0.0608244,0.00748652,0.00081056,0.00896475,0.0278717,0,0.0215185,0.0510517,0.047454,0.00824573,
1.02,-0.0019998,-0.00273957,0.00929052,0.00438989,0.00797115,0.016533,0.00217661,-0.00658725,-0.000907904,-0.00124517,0.000636546,0.00123097,0.00300067,-0.00060625,0.0144146,0.0198284,0.0134419,0.00262183,0.00419859,0.00760859,-0.00149867,0.00315118,0.00427307,-0.000389138,-0.00352475,0.0205894,0.00452692,0.00369033,0.0111271,-0.000480617,-0.0263949,0.00199643,0.00281156,0.00157466,-0.00244531,-0.00170633,0.00104056,0.00805733,0.00281581,0.0160563,0.0124827,0.00172255,0.00915378,0.00478496,0.0141515,0.0409949,0.00244562,-0.00423417,-0.00094046,-0.0011591,0.00101149,0.00123636,-0.00047605,-0.000771664,0.0209558,0.0202897,0.014821,-0.000654528,0.00282954,0.00590032,-0.0045069,-0.00193012,0.00219211,0.00231354,-0.00256152,0.0275532,0.0426269,0.00283687,0.0186534,-0.000702047,-0.0273544,0.00202071,0.00164927,0.00161815,-0.00241421,-0.0015557,0.00120547,0.0039237,0.00365115,0.00337562,0,0.00945002,0.00843571,0.00954525,0.0198962,0,0.0139499,0,0,-0.0133644,0.0608283,0.00746032,0.000898113,0.00894214,0.0285936,0,0.0221185,0.0508159,0.0474892,0.00850427,
1.025,-0.00138571,-0.00266354,0.00933447,0.00435385,0.00808179,0.0171297,0.00215045,-0.00652535,-0.000892653,-0.00123511,0.000615354,0.00121762,0.00305665,-0.000618162,0.0144981,0.0199952,0.0132867,0.00265373,0.00417088,0.00750369,-0.0011922,0.00321373,0.00425242,-0.000315563,-0.00323187,0.0207708,0.00460821,0.00364412,0.0115601,-0.000490141,-0.0261592,0.00197847,0.00281237,0.00156543,-0.00239573,-0.00169565,0.00102023,0.00834392,0.0027911,0.0161797,0.0127532,0.00174901,0.00912737,0.00475556,0.0142651,0.0416064,0.00244713,-0.0042051,-0.000914135,-0.00113761,0.000993448,0.00122075,-0.000497702,-0.000783447,0.0212417,0.02063,0.0148873,-0.000723808,0.00278894,0.00583311,-0.00457757,-0.00195733,0.00217865,0.00233448,-0.0019368,0.0278459,0.042778,0.00282996,0.0191239,-0.00074885,-0.0272838,0.00202725,0.00170992,0.00159997,-0.00242432,-0.00153333,0.00118761,0.00387514,0.00360175,0.00334087,0,0.00941188,0.00831989,0.00939692,0.020304,0,0.014406,0,0,-0.0129451,0.0608879,0.00743162,0.00100931,0.00891581,0.0294796,0,0.0228782,0.0505406,0.0475309,0.00880754,
1.03,-5.74706e-05,-0.00258243,0.00936258,0.00431724,0.00818953,0.0176141,0.00212441,-0.00645712,-0.000878442,-0.00122529,0.000595809,0.00120562,0.00308959,-0.000630205,0.014567,0.0201328,0.0131074,0.00267593,0.00413622,0.00738752,-0.000879916,0.00325951,0.00422199,-0.000242741,-0.00292549,0.02091,0.00464194,0.00359438,0.0119744,-0.000496841,-0.0259366,0.00195825,0.00281148,0.00155676,-0.00234511,-0.00168539,0.0010019,0.00863764,0.00276234,0.0163172,0.0130635,0.00177928,0.00910397,0.00472538,0.0143918,0.0421681,0.00244933,-0.00417267,-0.000888302,-0.00111604,0.000976506,0.00120598,-0.000515763,-0.000796617,0.0215293,0.0209746,0.014977,-0.000822051,0.0027373,0.00575426,-0.00468788,-0.00200974,0.002149,0.00235291,-0.000785694,0.0281331,0.0429285,0.0028189,0.0195689,-0.000792885,-0.0272242,0.00203157,0.00173858,0.00158187,-0.00243453,-0.00151075,0.00117109,0.00382799,0.00355505,0.00330748,0,0.00936369,0.00820108,0.00924688,0.0205794,0,0.0148915,0,0,-0.0124904,0.0609864,0.00740126,0.00114302,0.00888469,0.0303727,0,0.0236712,0.0502819,0.0475723,0.00915247,
1.035,0.011301,-0.00249564,0.00938039,0.0042796,0.00829034,0.0180141,0.00209774,-0.00638071,-0.00086534,-0.00121585,0.000577695,0.00119489,0.00310416,-0.000642512,0.0146177,0.0202405,0.0129008,0.00268768,0.00409358,0.00725958,-0.000463627,0.00328584,0.00418022,-0.000173212,-0.00260654,0.0210337,0.00465364,0.00354035,0.0123346,-0.000500257,-0.0257248,0.00193543,0.00280822,0.00154876,-0.00229537,-0.00167533,0.000985466,0.00892384,0.00273339,0.016481,0.0133869,0.00180895,0.00908025,0.004693,0.0145226,0.0426422,0.00245142,-0.00413722,-0.000863173,-0.0010943,0.000960805,0.00119229,-0.000530031,-0.000811272,0.0218134,0.0213201,0.0150864,-0.000949576,0.00267394,0.00566189,-0.00483451,-0.00208569,0.0021024,0.00236803,0.00712555,0.0283954,0.0430669,0.00280263,0.0199322,-0.000833335,-0.0271613,0.00203284,0.00175093,0.00156397,-0.00244412,-0.00148786,0.00115602,0.00378246,0.00351122,0.00327533,0,0.00931189,0.00807608,0.00909193,0.0208232,0,0.0153873,0,0,-0.0119836,0.0610967,0.00736541,0.00129292,0.00884456,0.0312609,0,0.0244744,0.050035,0.047599,0.00952804,
1.04,0.0032802,-0.00240304,0.00937756,0.00424072,0.00837978,0.0183094,0.00207056,-0.00629314,-0.000853278,-0.00120688,0.000560799,0.00118521,0.00310036,-0.000655016,0.0146494,0.0203172,0.0126702,0.00268775,0.00404227,0.00711938,0.000115215,0.00329246,0.00412663,-0.000112338,-0.00226299,0.0211357,0.00463979,0.00348125,0.0126455,-0.000500126,-0.0255198,0.00190979,0.00280252,0.00154141,-0.00224865,-0.00166578,0.000970743,0.00919968,0.00270579,0.016673,0.0137091,0.00183723,0.00905384,0.00465834,0.0146558,0.0430597,0.00245281,-0.00409843,-0.000838678,-0.00107216,0.000946346,0.00117974,-0.000540408,-0.000827313,0.0220869,0.0216599,0.0152116,-0.00110479,0.00259864,0.0055564,-0.00501439,-0.00218419,0.00203911,0.00237913,0.00165615,0.0286333,0.0431942,0.00278113,0.0202694,-0.000869821,-0.0270868,0.00203105,0.00175483,0.00154588,-0.0024532,-0.00146465,0.00114241,0.00373823,0.00346933,0.00324488,0,0.00924331,0.00794391,0.00893206,0.0210426,0,0.0158545,0,0,-0.0114023,0.0612031,0.00732373,0.00145043,0.00879367,0.032159,0,0.0252943,0.049793,0.047602,0.00992627,
1.045,0.00200228,-0.00230483,0.00937118,0.00420137,0.00847798,0.0184069,0.00204281,-0.00619378,-0.000842118,-0.00119846,0.000545048,0.00117651,0.00305542,-0.000667651,0.0146549,0.0203706,0.0124268,0.00267777,0.00398435,0.00697058,0.000926526,0.00328055,0.00406196,-6.78357e-05,-0.00190645,0.0212499,0.00462164,0.00341743,0.0128046,-0.000496776,-0.025328,0.00188166,0.00279466,0.00153482,-0.00220751,-0.00165696,0.000957445,0.00945387,0.00267955,0.0168883,0.0140187,0.00186353,0.00902731,0.00462157,0.0147951,0.0433406,0.00245362,-0.00405756,-0.000815239,-0.00104977,0.000933347,0.00116826,-0.000546994,-0.000844939,0.0223503,0.021991,0.0153586,-0.00128131,0.00251142,0.0054387,-0.00522751,-0.00230397,0.00195928,0.00238655,0.00277417,0.0288351,0.0432994,0.00275426,0.0204833,-0.000902218,-0.0269979,0.00202609,0.00175392,0.00152942,-0.00246207,-0.00144154,0.00113053,0.00369541,0.00342989,0.00321726,0,0.00917577,0.00780655,0.00877017,0.0211957,0,0.0162098,0,0,-0.0107742,0.0613121,0.00727732,0.00161032,0.00873005,0.0330628,0,0.0261113,0.049534,0.0475933,0.0103343,
1.05,0.0022981,-0.0022014,0.00937278,0.00416098,0.00859748,0.0186518,0.0020141,-0.00608273,-0.000831719,-0.00119066,0.000530228,0.00116848,0.00303811,-0.000680682,0.0146415,0.0204029,0.0121698,0.00265854,0.00391936,0.00681466,0.00111501,0.00325322,0.0039866,-4.01745e-05,-0.00143366,0.0214083,0.00463796,0.00334922,0.0130208,-0.000489616,-0.0251479,0.00185093,0.00278488,0.00152879,-0.00217371,-0.00164885,0.000945287,0.00972717,0.00265484,0.0171168,0.0143406,0.00189129,0.00900144,0.00458296,0.014934,0.0438026,0.00245339,-0.00401481,-0.000792574,-0.00102706,0.000921663,0.00115778,-0.000549788,-0.000863654,0.0225989,0.0223114,0.0155215,-0.00145916,0.00241336,0.00530937,-0.0054686,-0.00244287,0.00186387,0.00239085,0.0018453,0.0290637,0.0434073,0.00272202,0.0208036,-0.000930464,-0.0268888,0.00201839,0.00174957,0.00151528,-0.00247053,-0.00141823,0.00112,0.00365399,0.00339265,0.00319247,0,0.00910927,0.00766401,0.00860764,0.0215834,0,0.0166379,0,0,-0.010052,0.06142,0.00722475,0.00177012,0.0086543,0.0341314,0,0.0270654,0.0492115,0.0475634,0.0107534,
1.055,0.00245154,-0.0020931,0.00938714,0.00411946,0.00871313,0.0189737,0.00198444,-0.00595999,-0.000822014,-0.00118341,0.000516124,0.00116128,0.00303308,-0.000693844,0.0146051,0.0204214,0.0119053,0.00263137,0.00384844,0.00664994,0.00126037,0.00321054,0.00390184,-2.06988e-05,-0.000377452,0.0215332,0.00468318,0.00327621,0.0132256,-0.000478778,-0.0249747,0.00181761,0.00277272,0.00152361,-0.00214859,-0.00164156,0.000933984,0.00999102,0.00263149,0.0173449,0.0146273,0.00191611,0.00897675,0.00454242,0.0150738,0.0441388,0.002452,-0.00397102,-0.000770894,-0.00100402,0.000911367,0.00114837,-0.000549189,-0.00088326,0.0228328,0.0226163,0.0156998,-0.00163026,0.00230428,0.00516888,-0.00573523,-0.00259801,0.00175185,0.00239246,0.00264891,0.0292534,0.0434944,0.00268447,0.020986,-0.000954557,-0.0267562,0.00200774,0.00174229,0.00150334,-0.00247847,-0.00139533,0.00111102,0.00361365,0.00335727,0.00317176,0,0.00903461,0.00751438,0.0084388,0.0218991,0,0.017041,0,0,-0.00923728,0.0615135,0.00716677,0.00192772,0.00856759,0.0352122,0,0.0280145,0.0488114,0.0475099,0.0111688,
1.06,0.00263213,-0.00198068,0.009395,0.00407689,0.0087989,0.0192267,0.00195333,-0.00582784,-0.000812864,-0.00117662,0.000502521,0.00115423,0.0030231,-0.000707072,0.0145542,0.0204285,0.0116387,0.00259566,0.00377068,0.00647741,0.00137282,0.00315395,0.00380833,-4.04568e-06,0.00638442,0.021612,0.00472818,0.00319916,0.0133606,-0.000463999,-0.0248087,0.0017818,0.00275872,0.0015189,-0.00213279,-0.00163509,0.000923346,0.01023,0.00260949,0.0175565,0.0148467,0.00193462,0.00895325,0.00449978,0.0152084,0.0443324,0.00244898,-0.00392663,-0.00075013,-0.000980489,0.00090253,0.00114002,-0.000545397,-0.000903559,0.0230463,0.022903,0.0158859,-0.0017937,0.00218527,0.00501906,-0.00602123,-0.0027652,0.00162355,0.00239174,0.00202989,0.0293912,0.0435558,0.00264171,0.0210565,-0.000974436,-0.0265996,0.00199456,0.00173286,0.00149353,-0.0024862,-0.00137244,0.00110339,0.00357462,0.00332357,0.00315534,0,0.00893405,0.00735756,0.00826506,0.0221407,0,0.0173853,0,0,-0.0083723,0.0615679,0.00710322,0.00208081,0.0084708,0.036208,0,0.0289142,0.0483162,0.0474291,0.0115707,
1.065,0.00282758,-0.00186508,0.00941243,0.00403272,0.00888217,0.0195285,0.00192075,-0.00568874,-0.00106256,-0.00117046,0.000489062,0.00114748,0.00302478,-0.0007203,0.0144905,0.0204317,0.0113737,0.00255371,0.00368904,0.00630043,0.00146021,0.00308579,0.00370767,1.14784e-05,0.00135812,0.0217109,0.00479165,0.00311833,0.0134785,-0.000445344,-0.0246462,0.00174339,0.00274271,0.00151476,-0.0021264,-0.00162935,0.000912898,0.0104593,0.00258845,0.0177355,0.0150137,0.00194915,0.00893157,0.00445538,0.0153407,0.0445425,0.00244411,-0.0038825,-0.000730421,-0.000956636,0.000895009,0.0011326,-0.000539011,-0.000924056,0.0232363,0.0231674,0.0160754,-0.00194898,0.00205764,0.00486054,-0.00631934,-0.00293966,0.00147898,0.00238978,0.00247208,0.0295054,0.0436008,0.00259396,0.0211034,-0.000990289,-0.0264189,0.00197895,0.00172116,0.00148563,-0.00249322,-0.00135017,0.00109721,0.00353666,0.00329123,0.00314346,0,0.00883985,0.00719611,0.00808886,0.0224715,0,0.0177782,0,0,-0.00751518,0.0615849,0.00703334,0.00222793,0.00836578,0.0371711,0,0.0298327,0.0477912,0.0473153,0.0119573,
1.07,0.00304988,-0.00174515,0.00942397,0.00398751,0.0089557,0.0198587,0.00188633,-0.00554525,-0.00098187,-0.00116477,0.000475745,0.00114058,0.00303158,-0.000733396,0.0144154,0.0204333,0.0111178,0.00250625,0.00360262,0.00611861,0.00152663,0.00300873,0.00360048,2.59676e-05,0.00209255,0.0218022,0.00484492,0.00303457,0.0136132,-0.000422683,-0.0244852,0.00170261,0.002725,0.0015108,-0.00212802,-0.00162442,0.000902449,0.0106844,0.00256838,0.0178657,0.0151451,0.00196213,0.00891077,0.00440913,0.0154699,0.044768,0.00243692,-0.00383872,-0.000711557,-0.000932783,0.000888655,0.00112602,-0.00053043,-0.000944454,0.0233971,0.0234048,0.0162659,-0.00209481,0.00192299,0.00469547,-0.0066245,-0.0031162,0.0013184,0.00238655,0.00218025,0.0296049,0.0436369,0.00254145,0.0211691,-0.00100199,-0.0262181,0.00196123,0.00170751,0.00147967,-0.00249941,-0.00132833,0.00109199,0.00349957,0.00326007,0.00313633,0,0.00873342,0.00703057,0.00791201,0.0228131,0,0.0181754,0,0,-0.00669453,0.0615476,0.00695848,0.0023699,0.00825333,0.0380727,0,0.030752,0.0472732,0.0471644,0.0123285,
1.075,0.00328458,-0.00161961,0.00943294,0.00394087,0.00902297,0.0201997,0.00185032,-0.00540052,-0.000925581,-0.00115931,0.000461999,0.00113368,0.0030352,-0.000746295,0.0143377,0.020434,0.0108727,0.0024549,0.0035138,0.00593333,0.00157674,0.00292539,0.00348846,3.99864e-05,0.00140906,0.0218914,0.00488466,0.00294867,0.0137589,-0.000396212,-0.0243212,0.0016598,0.00270602,0.00150751,-0.00213624,-0.00162011,0.000891811,0.0109045,0.00254908,0.0179344,0.0152561,0.00197423,0.00889103,0.00436087,0.0155948,0.0449747,0.00242717,-0.00379639,-0.000693748,-0.000909338,0.000883398,0.00112005,-0.000519953,-0.000964357,0.0235293,0.0236105,0.0164447,-0.00223075,0.00178273,0.00452482,-0.00692833,-0.00328945,0.00114112,0.00238262,0.00242553,0.0296907,0.0436657,0.00248471,0.0212282,-0.00100966,-0.0259957,0.00194119,0.00169191,0.00147562,-0.00250477,-0.00130712,0.00108794,0.00346312,0.00322966,0.00313305,0,0.00862945,0.00686267,0.00773496,0.0231626,0,0.0185822,0,0,-0.00592095,0.0614432,0.00687754,0.00250614,0.00813402,0.0389259,0,0.0316648,0.0467125,0.0469686,0.0126802,
1.08,0.0035394,-0.00148877,0.00943429,0.00389311,0.00908523,0.0205708,0.0018126,-0.00525773,-0.000883849,-0.00115432,0.000447966,0.0011264,0.00304579,-0.000758536,0.0142556,0.0204412,0.0106411,0.00240058,0.00342235,0.00574814,0.00161315,0.0028361,0.00337291,5.36288e-05,0.00212972,0.0219893,0.00491924,0.00286106,0.0139428,-0.00036626,-0.0241499,0.00161506,0.00268586,0.00150431,-0.00214859,-0.00161672,0.000880603,0.0111269,0.00253036,0.017935,0.0153619,0.00198755,0.00887087,0.00431112,0.0157112,0.0452044,0.00241452,-0.00375561,-0.000676714,-0.000886625,0.000879089,0.00111485,-0.000508279,-0.000983171,0.0236285,0.0237803,0.0166045,-0.00235987,0.00163695,0.00435057,-0.0072227,-0.00345797,0.000946035,0.0023785,0.00232765,0.0297755,0.0436939,0.00242399,0.0213235,-0.00101325,-0.0257525,0.00191925,0.00167443,0.0014738,-0.00250838,-0.00128685,0.00108465,0.00342754,0.00319968,0.00313282,0,0.00852045,0.00669349,0.0075595,0.0235467,0,0.0190265,0,0,-0.00517641,0.0612577,0.00679053,0.00263403,0.00800934,0.0397527,0,0.0325747,0.0460981,0.0467206,0.0130166,
1.085,0.00380517,-0.00135321,0.00944435,0.0038443,0.00915635,0.0210176,0.00177336,-0.00512119,-0.000852308,-0.00114964,0.000433218,0.00111875,0.00307688,-0.000770316,0.0141742,0.0204568,0.0104297,0.00234414,0.00333011,0.00556523,0.00163559,0.00274353,0.00325502,6.64244e-05,0.0016035,0.0221144,0.00497616,0.00277267,0.014186,-0.000332892,-0.0239683,0.00156852,0.00266504,0.00150139,-0.00216218,-0.00161364,0.000868635,0.0113668,0.00251231,0.0178687,0.015477,0.00200416,0.00885039,0.00425944,0.0158192,0.0455003,0.00239862,-0.00371716,-0.000660736,-0.000864807,0.000875511,0.00111018,-0.000495906,-0.0010004,0.0236915,0.0239144,0.0167334,-0.00248051,0.00148696,0.00417501,-0.00749792,-0.00361715,0.000727437,0.00237465,0.00248942,0.0298799,0.0437281,0.00235996,0.0214834,-0.0010125,-0.0254835,0.00189542,0.00165512,0.00147486,-0.00251034,-0.00126752,0.00108195,0.0033924,0.00317004,0.00313452,0,0.00842378,0.00652623,0.00738907,0.0240494,0,0.0195474,0,0,-0.00444324,0.0609838,0.0066982,0.0027508,0.00788024,0.0406023,0,0.0335244,0.0454424,0.0464182,0.0133382,
1.09,0.0040702,-0.00121279,0.009457,0.00379464,0.00922536,0.0214686,0.00173265,-0.00499378,-0.000827629,-0.00114519,0.00041761,0.00111049,0.00310813,-0.000781175,0.0140988,0.0204791,0.0102449,0.00228649,0.00323799,0.00538301,0.00164491,0.00264829,0.00313612,7.90319e-05,0.00206863,0.0222318,0.00502749,0.0026841,0.0144667,-0.000296962,-0.0237726,0.00152096,0.00264377,0.00149884,-0.00217415,-0.00161138,0.000855907,0.0116172,0.00249455,0.0177443,0.0156,0.00202301,0.00882861,0.00420617,0.0159173,0.0457756,0.00237925,-0.00368129,-0.000645462,-0.000843966,0.00087259,0.00110582,-0.000483035,-0.00101575,0.0237196,0.0240097,0.0168227,-0.00259036,0.00133446,0.0040001,-0.00774583,-0.00376256,0.000482772,0.00237107,0.00250083,0.0299936,0.0437671,0.00229302,0.0216653,-0.00100765,-0.0251721,0.00186969,0.00163386,0.0014789,-0.00250993,-0.00124925,0.00107992,0.00335768,0.00314023,0.00313757,0,0.00833423,0.00636187,0.00722344,0.0245729,0,0.0201064,0,0,-0.00371321,0.0605957,0.00659921,0.00285373,0.00774832,0.0414041,0,0.0344626,0.0447534,0.0460562,0.0136513,
1.095,0.00432124,-0.0010667,0.00946166,0.00374432,0.00927692,0.0218685,0.00169086,-0.00487966,-0.000807803,-0.00114106,0.000401072,0.00110179,0.00313286,-0.000790981,0.0140308,0.0205103,0.0100852,0.00222786,0.00314563,0.00520297,0.00164141,0.00255036,0.0030174,9.13571e-05,0.00186196,0.02233,0.00506304,0.00259614,0.0147508,-0.000259127,-0.0235574,0.00147239,0.00262228,0.0014964,-0.00218179,-0.00160964,0.000842134,0.0118666,0.00247718,0.0175758,0.0157197,0.00204256,0.00880478,0.00415116,0.0160073,0.0459842,0.00235581,-0.00364834,-0.000631243,-0.000824428,0.000870107,0.00110184,-0.000470363,-0.00102862,0.0237111,0.0240612,0.0168648,-0.00268675,0.00118117,0.00382814,-0.00795697,-0.00389035,0.000206075,0.00236776,0.0025962,0.0301053,0.0438081,0.00222415,0.0218464,-0.000998467,-0.0248056,0.00184226,0.00161085,0.00148554,-0.00250694,-0.00123223,0.00107809,0.00332329,0.00311008,0.00314052,0,0.00824278,0.0062016,0.00706357,0.0250691,0,0.0206964,0,0,-0.0029769,0.0601289,0.00649515,0.00294096,0.00761335,0.0421111,0,0.0353311,0.0440367,0.0456318,0.0139539,
1.1,0.00456541,-0.000911472,0.00947431,0.00369381,0.00932761,0.0222876,0.00164819,-0.00478083,-0.000791236,-0.00113708,0.000383317,0.00109234,0.00315953,-0.000799536,0.0139686,0.0205542,0.00995205,0.00216937,0.00305647,0.00502827,0.00162626,0.00245218,0.00290045,0.000116102,0.00208214,0.0224435,0.00509773,0.00250956,0.0150662,-0.000220636,-0.0233172,0.00142325,0.00260079,0.00149414,-0.00218253,-0.0016081,0.000827221,0.012123,0.00246001,0.01738,0.0158386,0.00206323,0.00877729,0.00409456,0.0160855,0.0462097,0.00232831,-0.00361866,-0.000617799,-0.000806274,0.000867989,0.00109809,-0.000458489,-0.00103862,0.0236622,0.0240686,0.0168464,-0.00276796,0.00102887,0.00366143,-0.00812254,-0.00399611,-0.000115177,0.00236499,0.00266397,0.0302293,0.0438564,0.00215383,0.0220667,-0.000984879,-0.024363,0.00181316,0.00158583,0.00149516,-0.00250096,-0.00121669,0.00107635,0.00328901,0.00307951,0.00314255,0,0.00818017,0.00604834,0.00691129,0.0256416,0,0.0213585,0,0,-0.00218058,0.0597144,0.00638552,0.00301108,0.00747702,0.0427688,0,0.0361372,0.0432725,0.0451481,0.0142492,
1.105,0.00478888,-0.000739373,0.00949518,0.00364339,0.00937204,0.0226755,0.00160469,-0.004698,-0.000776678,-0.00113318,0.000364344,0.00108221,0.00318054,-0.00080671,0.013923,0.0206097,0.00984901,0.0021125,0.00297039,0.00485959,0.00160267,0.00235609,0.00278601,0.000147432,0.00210124,0.0225497,0.00512899,0.00242503,0.015387,-0.000183327,-0.0230498,0.00137388,0.00257929,0.00149197,-0.00217415,-0.00160728,0.000811074,0.0123833,0.00244273,0.0171767,0.015949,0.0020846,0.00874645,0.00403647,0.0161506,0.0463957,0.00229686,-0.00359225,-0.0006052,-0.000789422,0.000865944,0.00109442,-0.000447513,-0.00104536,0.0235745,0.0240307,0.0167649,-0.00283201,0.000878981,0.00350054,-0.00823439,-0.00407813,-0.000481494,0.00236275,0.00274291,0.0303612,0.0439104,0.00208328,0.0223007,-0.000966887,-0.0238264,0.00178236,0.00155892,0.00150796,-0.00249167,-0.00120251,0.00107471,0.00325517,0.00304818,0.00314244,0,0.00813255,0.00590316,0.00676723,0.0262341,0,0.0220595,0,0,-0.00117791,0.0592888,0.00627097,0.00306296,0.0073402,0.0433516,0,0.0368592,0.0424736,0.0446098,0.0145329,
1.11,0.00498798,-0.000556004,0.00952538,0.00359297,0.00940933,0.0230264,0.00156074,-0.00462995,-0.000763784,-0.00112952,0.000344011,0.00107149,0.00319343,-0.000812435,0.0138855,0.0206733,0.00977101,0.00205853,0.00288852,0.00469784,0.00157179,0.00226353,0.00267473,0.000184125,0.00220689,0.0226537,0.00515766,0.00234317,0.0157023,-0.000149171,-0.0227467,0.00132452,0.00255825,0.00148999,-0.00215226,-0.00160666,0.000793597,0.0126471,0.00242556,0.0169865,0.0160402,0.00210535,0.00871228,0.00397742,0.0162065,0.0465433,0.00226124,-0.00356946,-0.000593445,-0.000773955,0.0008639,0.00109067,-0.000438034,-0.00104892,0.0234529,0.0239525,0.0166189,-0.00287846,0.000732802,0.003348,-0.00828767,-0.00413477,-0.000609193,0.00236105,0.00281296,0.0305023,0.0439706,0.00201303,0.02255,-0.000944618,-0.0231816,0.00175009,0.00153025,0.00152403,-0.00247909,-0.00118991,0.00107287,0.00322143,0.00301626,0.00314029,0,0.00810533,0.00576789,0.006633,0.0268533,0,0.0228165,0,0,0.00142407,0.0586808,0.00615261,0.00326032,0.00720376,0.0438595,0,0.0374926,0.0416667,0.0440193,0.0148043,
1.115,0.00516185,-0.00036615,0.00957265,0.00354331,0.00944345,0.02334,0.00151635,-0.00457438,-0.000751584,-0.00112601,0.000322103,0.00105993,0.00319573,-0.000816252,0.0138663,0.0207498,0.00971975,0.0020093,0.00281259,0.0045436,0.00154033,0.00217734,0.0025681,0.000224865,0.00227822,0.0227403,0.00517109,0.00226483,0.0159936,-0.000120401,-0.022407,0.0012756,0.00253742,0.00148801,-0.00212853,-0.00160646,0.0007746,0.012915,0.00240809,0.016832,0.016107,0.00212499,0.00867465,0.00391705,0.0162521,0.0466574,0.00222179,-0.00355027,-0.000582675,-0.000760034,0.000861709,0.00108715,-0.000430351,-0.00104912,0.0232992,0.0238358,0.0164071,-0.00290729,0.000592638,0.00320555,-0.0082782,-0.00416507,-0.000745497,0.0023598,0.00287753,0.030653,0.0440367,0.00194432,0.0228145,-0.000918134,-0.0223989,0.00171623,0.00149977,0.00154318,-0.0024631,-0.00117888,0.00107094,0.0031879,0.00298324,0.00313644,0,0.00810732,0.00564235,0.00650635,0.0274984,0,0.0236095,0,0,0.00268407,0.0578554,0.00603124,0.00318038,0.0070688,0.0443047,0,0.0380527,0.0408432,0.0433638,0.0150635,
1.12,0.00530816,-0.000172024,0.00962766,0.00349422,0.00946803,0.023604,0.00147152,-0.00452778,-0.000740146,-0.00112234,0.000298549,0.00104755,0.00318902,-0.000818161,0.013861,0.020835,0.0096865,0.00196573,0.00274201,0.00439866,0.0015144,0.00210045,0.00246743,0.000268897,0.00235411,0.0228376,0.00519267,0.00219018,0.0162629,-9.78706e-05,-0.0220278,0.00122725,0.00251704,0.00148622,-0.00208188,-0.00160646,0.000754273,0.0131854,0.00239033,0.016735,0.016146,0.0021428,0.00863497,0.00385606,0.0162875,0.0467131,0.00217874,-0.00353453,-0.00057261,-0.000747578,0.000859372,0.00108348,-0.000424763,-0.00104615,0.0231234,0.0236921,0.0161335,-0.00291788,0.000459392,0.00307507,-0.00820576,-0.00416892,-0.000875071,0.00235917,0.00293549,0.0308129,0.0441079,0.00187799,0.0230779,-0.000887687,-0.0214505,0.00168122,0.00146772,0.00156551,-0.00244381,-0.00116954,0.00106872,0.00315438,0.00294963,0.00313248,0,0.00811728,0.00552699,0.00639091,0.028132,0,0.0244143,0,0,0.00233416,0.0572251,0.00590888,0.0031501,0.00693599,0.0446621,0,0.0385316,0.0400141,0.042665,0.0153,
1.125,0.00541201,1.04614e-05,0.00969199,0.00344627,0.00948084,0.0237694,0.0014265,-0.00448769,-0.000728916,-0.00111891,0.000273204,0.0010345,0.00316147,-0.000818029,0.0138684,0.0209308,0.00967293,0.00192924,0.00267839,0.00426301,0.00149867,0.00203371,0.00237374,0.000314716,0.00240754,0.0229221,0.00521501,0.00211957,0.0164661,-8.05955e-05,-0.0216075,0.00117958,0.00249733,0.00148443,-0.00202208,-0.00160666,0.000732332,0.0134496,0.00237229,0.0167139,0.0161348,0.00215656,0.00859433,0.00379438,0.0163151,0.0466668,0.00213245,-0.00352223,-0.000563459,-0.000736425,0.00085667,0.00107973,-0.00042167,-0.00104031,0.0229327,0.0235319,0.015808,-0.00291176,0.000333265,0.00295819,-0.00807124,-0.00414607,-0.000987181,0.00235882,0.00296059,0.0309718,0.044179,0.0018145,0.0233005,-0.00085378,-0.0203103,0.00164515,0.00143418,0.00159015,-0.00242153,-0.00116155,0.00106611,0.00312139,0.00291492,0.00312954,0,0.00814365,0.00542172,0.00628593,0.0287239,0,0.0252,0,0,0.00268995,0.0565819,0.00578569,0.00312335,0.00680553,0.0449139,0,0.0389154,0.0391909,0.0419456,0.0155132,
1.13,0.00548947,9.67315e-05,0.00975841,0.00339963,0.00948393,0.023872,0.00138122,-0.00445181,-0.000717824,-0.00111563,0.000245855,0.00102047,0.00312959,-0.00081566,0.0138928,0.021029,0.00966693,0.0019001,0.00262081,0.00413922,0.00149896,0.00198014,0.0022888,0.000361665,0.00244651,0.0230121,0.00525443,0.0020536,0.0166235,-6.71957e-05,-0.0211366,0.0011327,0.00247828,0.00148283,-0.00194957,-0.00160748,0.000708586,0.0137099,0.00235376,0.016778,0.0160733,0.00216719,0.00855346,0.00373243,0.016334,0.0465534,0.00208336,-0.00351328,-0.000555013,-0.000726819,0.000853749,0.00107583,-0.000421171,-0.00103149,0.0227413,0.0233662,0.0154475,-0.00288917,0.000214858,0.00285566,-0.00787991,-0.00409758,-0.00107493,0.00235864,0.00297724,0.0311314,0.04425,0.00175469,0.0235036,-0.000816601,-0.0188233,0.00160813,0.00139928,0.00161671,-0.00239646,-0.00115504,0.00106321,0.0030883,0.00287945,0.00312908,0,0.00816604,0.00532554,0.00618982,0.0292776,0,0.0259503,0,0,0.00292846,0.0557982,0.00566349,0.00308718,0.006678,0.0450701,0,0.03921,0.0383796,0.0412039,0.015697,
1.135,0.00554227,0.000148302,0.00986081,0.0033547,0.00946504,0.0241854,0.00133575,-0.00442042,-0.000706663,-0.00111228,0.00021643,0.00100562,0.00313975,-0.000811251,0.0139246,0.0211321,0.00966028,0.00188029,0.00257372,0.00402512,0.00152168,0.00194031,0.00221353,0.000408708,0.00257092,0.0230453,0.00530694,0.0019921,0.0168579,-5.6095e-05,-0.0205909,0.00108672,0.0024602,0.00148133,-0.00186457,-0.0016083,0.000683035,0.0139766,0.00233465,0.016926,0.0159196,0.00216936,0.00851357,0.00367048,0.0163471,0.0464725,0.00203208,-0.00350743,-0.000547481,-0.000718597,0.00085039,0.001072,-0.000423466,-0.00102011,0.022558,0.0232078,0.0150663,-0.00285096,0.00010788,0.00276837,-0.00763794,-0.00402452,-0.00113132,0.00235944,0.00296766,0.0312896,0.0443217,0.00169957,0.0237215,-0.000776655,-0.0166977,0.00157038,0.00136327,0.00164693,-0.00236882,-0.00115,0.00106003,0.00305575,0.00284306,0.00313123,0,0.00823216,0.005241,0.00609702,0.0299256,0,0.0267522,0,0,0.00322267,0.054881,0.00554729,-0.0196374,0.00656565,0.0452156,0,0.039448,0.0375872,0.0404515,0.0158495,
1.14,0.0055236,0.000237372,0.00996688,0.00331148,0.00941916,0.0242732,0.00129015,-0.00439378,-0.000695433,-0.00110908,0.000184857,0.00098994,0.0031152,-0.00080467,0.0139695,0.021237,0.00964645,0.00186926,0.00253381,0.00392368,0.00157004,0.00191424,0.00214905,0.000455186,0.00263915,0.0230692,0.00537471,0.00193523,0.0169434,-4.63736e-05,-0.019955,0.00104176,0.00244322,0.00147991,-0.00176766,-0.00160974,0.000655774,0.0142154,0.00231497,0.0171445,0.0156486,0.00216097,0.00847541,0.00360905,0.0163534,0.046128,0.00197905,-0.00350433,-0.000540583,-0.000711351,0.000846665,0.0010681,-0.000428854,-0.00100614,0.0223914,0.0230662,0.0146877,-0.0027989,1.33346e-05,0.00269575,-0.00735392,-0.00392956,-0.00115296,0.00236105,0.00287343,0.031413,0.0443774,0.00164959,0.0237752,-0.00073457,-0.0134412,0.00153209,0.00132628,0.00167647,-0.00233932,-0.00114612,0.00105645,0.00302353,0.00280615,0.00313542,0,0.00826982,0.005163,0.00601127,0.0303693,0,0.027437,0,0,0.00344744,0.0541485,0.00543599,-0.0023339,0.00646279,0.0452014,0,0.0395387,0.036822,0.0397,0.0159476,
1.145,0.0054899,0.00035672,0.0100863,0.00327042,0.00938264,0.0242811,0.0012443,-0.00437532,-0.000684134,-0.00110604,0.000150778,0.000973361,0.00308526,-0.000795851,0.0140214,0.0213363,0.00961946,0.00186883,0.00250349,0.00383648,0.00165394,0.00190585,0.00209583,0.000500723,0.00268217,0.0231254,0.0054617,0.00188292,0.0169533,-3.79659e-05,-0.0192165,0.000997595,0.00242751,0.00147869,-0.00165835,-0.00161128,0.000626424,0.0144548,0.0022947,0.0174112,0.0152973,0.00214756,0.0084422,0.00354824,0.0163508,0.0458068,0.00192486,-0.00350373,-0.00053453,-0.000705408,0.000842576,0.00106412,-0.000437036,-0.000989706,0.0222478,0.0229442,0.0143183,-0.00273383,-6.53696e-05,0.00263854,-0.00703688,-0.00381427,-0.0011435,0.00236347,0.00278649,0.0315442,0.0444294,0.0016056,0.0238406,-0.000690661,-0.0111628,0.0014936,0.00128858,0.00170689,-0.00230786,-0.00114328,0.00105259,0.00299195,0.00276857,0.00314108,0,0.00832588,0.0050961,0.0059393,0.0308317,0,0.0280638,0,0,0.00364672,0.0534653,0.00533118,0.000171915,0.00636629,0.0451714,0,0.0395902,0.036089,0.0389587,0.0159904,
1.15,0.00548246,0.000499423,0.0101783,0.00323145,0.00933484,0.0242519,0.00119794,-0.00436758,-0.000672627,-0.00110284,0.000114265,0.000955807,0.00304032,-0.000784992,0.0140791,0.0214331,0.0095802,0.00187895,0.00247954,0.00375669,0.00177804,0.00191625,0.00205452,0.000544567,0.00272347,0.0231942,0.00552657,0.00183473,0.0169829,-3.00837e-05,-0.0183097,0.000954103,0.00241247,0.00147747,-0.00153544,-0.00161303,0.000594984,0.0146942,0.00227386,0.0176982,0.0149181,0.0021326,0.00841179,0.00348796,0.0163404,0.0454841,0.00186963,-0.00350519,-0.000528899,-0.000700117,0.000838194,0.00106006,-0.000448012,-0.000971189,0.0221319,0.0228506,0.0139571,-0.00265754,-0.000124122,0.00259583,-0.00669561,-0.00368073,-0.00110696,0.00236544,0.00274565,0.031679,0.0444843,0.00156783,0.0239464,-0.000644927,-0.00910692,0.00145457,0.00124984,0.00173845,-0.00227485,-0.00114128,0.00104853,0.0029608,0.00273082,0.00314697,0,0.00835235,0.00503373,0.00587565,0.0311841,0,0.0286008,0,0,0.00385384,0.0526516,0.00523111,0.00128564,0.00627624,0.0450352,0,0.0395554,0.0353237,0.0382263,0.0159757,
1.155,0.00551368,0.000654724,0.0102545,0.00319617,0.00929542,0.0242866,0.00115178,-0.00437426,-0.00066105,-0.00110004,7.5031e-05,0.000937278,0.00299917,-0.00077183,0.0141377,0.0215221,0.00953259,0.00190109,0.00246483,0.00368916,0.00194554,0.00194828,0.00202605,0.000587753,0.00277458,0.0232951,0.00558231,0.00179083,0.0170843,-2.36466e-05,-0.0171301,0.000911855,0.00239928,0.00147671,-0.00139762,-0.00161539,0.000561264,0.0149463,0.00225253,0.0179778,0.0145755,0.00211954,0.00838732,0.00342987,0.0163313,0.0452586,0.00181463,-0.00350829,-0.000523972,-0.000695884,0.000833521,0.00105616,-0.000461682,-0.000950692,0.0220483,0.0227868,0.0136153,-0.00257269,-0.000158411,0.00256829,-0.0063429,-0.00353374,-0.00104741,0.00236785,0.00275044,0.0318302,0.0445485,0.00153712,0.0241337,-0.000598879,-0.0064394,0.00141587,0.00121123,0.00177281,-0.00224184,-0.00114013,0.00104438,0.00293042,0.00269282,0.00315218,0,0.00838688,0.00498028,0.00582183,0.031512,0,0.0290841,0,0,0.0040747,0.0517573,0.00514011,0.0019913,0.00619687,0.044864,0,0.0394785,0.0345033,0.0375354,0.0159175,
1.16,0.00557596,0.000811277,0.0103091,0.00316335,0.00926265,0.0243815,0.00110516,-0.00439704,-0.000649265,-0.00109723,3.30766e-05,0.000917923,0.00296994,-0.000756759,0.0141969,0.0216085,0.00948107,0.00193504,0.00245685,0.003633,0.002155,0.0020016,0.00200968,0.000629903,0.00284367,0.0234183,0.00564385,0.0017508,0.0172423,-1.75379e-05,-0.0156278,0.00087017,0.00238675,0.00147624,-0.00124025,-0.00161775,0.00052536,0.015205,0.00223072,0.0182246,0.0142839,0.0021102,0.00836425,0.00337328,0.0163173,0.0450425,0.00175987,-0.00351242,-0.000519607,-0.00069222,0.000828701,0.00105234,-0.000477746,-0.000928908,0.0219972,0.0227512,0.013292,-0.00248019,-0.00016563,0.00255379,-0.00598248,-0.00337456,-0.000965543,0.00236955,0.00279129,0.0319844,0.0446168,0.00151317,0.0243439,-0.000552327,-0.0034908,0.00137748,0.00117242,0.001809,-0.00220842,-0.0011395,0.00104004,0.00290057,0.00265507,0.00315568,0,0.00839969,0.00493037,0.00576865,0.0317493,0,0.0294894,0,0,0.0043081,0.0511053,0.00505601,0.00223571,0.00612826,0.0446164,0,0.0393384,0.0335626,0.0368711,0.0158213,
1.165,0.00566669,0.000960758,0.010344,0.00313318,0.00923846,0.0245193,0.00105792,-0.00443915,-0.000637342,-0.0010945,-1.15983e-05,0.000897593,0.0029499,-0.000740043,0.0142582,0.021689,0.00942512,0.00198066,0.0024564,0.00358713,0.00240087,0.00207488,0.00200567,0.000670642,0.00292755,0.0235578,0.00570872,0.00171481,0.017429,-1.17576e-05,-0.0142046,0.000829164,0.0023746,0.00147577,-0.00105541,-0.00162052,0.000487081,0.0154612,0.00220862,0.0184184,0.0140474,0.00210518,0.0083401,0.00331843,0.0163019,0.0448279,0.00170533,-0.00351836,-0.000515525,-0.000688964,0.000823662,0.00104843,-0.000496306,-0.000906331,0.021975,0.0227453,0.0129975,-0.00238284,-0.000144074,0.00255108,-0.0056225,-0.00320743,-0.000860419,0.00236937,0.00286133,0.0321284,0.0446843,0.00149613,0.0245456,-0.000505587,-4.87669e-05,0.00133898,0.00113316,0.00184566,-0.00217511,-0.00113887,0.00103569,0.00287202,0.00261758,0.00315682,0,0.00839779,0.00488374,0.00571376,0.0318896,0,0.0298124,0,0,0.00455053,0.0503092,0.00497923,0.00225404,0.00606983,0.0442961,0,0.0391273,0.0324419,0.0362389,0.0157,
1.17,0.00577346,0.00109978,0.0103844,0.00310546,0.00924675,0.0247497,0.0010101,-0.00449507,-0.000625419,-0.00109192,-5.90654e-05,0.000876438,0.00296826,-0.000721353,0.0143211,0.0217671,0.00937516,0.00203752,0.0024629,0.00355608,0.00268344,0.00216828,0.00201302,0.000710534,0.0030191,0.023754,0.00583878,0.00168251,0.0176298,-6.63418e-06,-0.013496,0.00078861,0.00236289,0.00147549,-0.000827741,-0.00162308,0.000446428,0.0157229,0.00218585,0.0185415,0.0138667,0.00210596,0.00831595,0.0032657,0.0162842,0.0446517,0.00165207,-0.00352378,-0.000511794,-0.000686033,0.000818623,0.00104484,-0.000516661,-0.00088326,0.0219852,0.0227687,0.0127317,-0.00228236,-9.30415e-05,0.00255789,-0.00526869,-0.00303576,-0.000734167,0.00236794,0.00295123,0.0322697,0.0447486,0.00148561,0.0247377,-0.00045935,0.0501288,0.00130102,0.0010939,0.00188416,-0.00214231,-0.00113845,0.00103144,0.00284401,0.00258067,0.00315342,0,0.00839096,0.00484165,0.0056578,0.0320183,0,0.0300875,0,0,0.00479531,0.0494638,0.00491052,0.00219676,0.006021,0.0439772,0,0.0389016,0.031168,0.0356071,0.0155659,
1.175,0.00587892,0.00122613,0.0104516,0.00308021,0.00924897,0.0250426,0.000961518,-0.0045619,-0.000613495,-0.00108927,-4.03077e-05,0.000854458,0.00299034,-0.000701347,0.0143853,0.0218483,0.00934125,0.00210634,0.0024808,0.003528,0.00299311,0.0022808,0.00203135,0.000749392,0.00314609,0.0238708,0.00592437,0.00165365,0.0179003,-1.97055e-06,-0.0129581,0.000748507,0.00235096,0.00147549,-0.000533583,-0.00162565,0.0004034,0.0160044,0.00216278,0.0185851,0.0137078,0.00210449,0.00828856,0.00321489,0.0162705,0.0446351,0.00160009,-0.00352954,-0.000508275,-0.000683021,0.000813584,0.00104132,-0.000538512,-0.000860188,0.0220239,0.0228188,0.0124968,-0.0021815,-9.02342e-06,0.00257231,-0.00492478,-0.00286345,-0.000590622,0.0023649,0.00302653,0.0324205,0.0448221,0.00148093,0.0250925,-0.000413805,0.00591906,0.00126347,0.00105458,0.00192727,-0.00211064,-0.00113761,0.00102719,0.00281676,0.00254428,0.00314516,0,0.00844389,0.0048202,0.00561295,0.0322477,0,0.0304046,0,0,0.0050499,0.048877,0.0048503,0.00211641,0.00598958,0.043759,0,0.0387318,0.0298753,0.0349485,0.0154341,
1.18,0.00597257,0.00133641,0.0105123,0.00305713,0.00927432,0.0252261,0.000911921,-0.00463303,-0.000601433,-0.00108662,-4.19543e-05,0.000831727,0.00301807,-0.000679958,0.014453,0.0219307,0.00933121,0.00218408,0.00250109,0.00351554,0.00332142,0.00240799,0.00205908,0.00078712,0.0032329,0.0240734,0.00608042,0.00162831,0.0180316,2.49603e-06,-0.012411,0.000708404,0.00233851,0.00147568,-0.00016236,-0.00162801,0.000357902,0.016261,0.00213982,0.0185475,0.0135707,0.00210639,0.00825869,0.00316663,0.0162609,0.044402,0.00155008,-0.00353487,-0.000504755,-0.00068009,0.000808546,0.00103795,-0.000561661,-0.000837611,0.0220903,0.0228971,0.0122975,-0.00208199,0.000101965,0.00259231,-0.00459651,-0.00269341,-0.000432765,0.00235962,0.00308688,0.03253,0.0448765,0.00148146,0.0252464,-0.000369267,0.00782889,0.00122635,0.00101512,0.00196692,-0.00208021,-0.00113645,0.00102314,0.00279081,0.00250898,0.00313191,0,0.00842331,0.00479602,0.00556083,0.0322384,0,0.0305833,0,0,0.00526801,0.0481739,0.00479565,0.0020318,0.00596247,0.0434365,0,0.0384917,0.0288136,0.0342387,0.0153018,
1.185,0.00608751,0.00143241,0.0105625,0.00303584,0.00932472,0.0254319,0.000861372,-0.00469888,3.89587e-05,-0.00108397,-4.51045e-05,0.000808471,0.00306469,-0.000657714,0.0145274,0.0220201,0.00934882,0.00226782,0.00252401,0.00351199,0.00366255,0.00254726,0.00209462,0.000823437,0.00330096,0.0243246,0.00628813,0.00160589,0.0181339,6.69987e-06,-0.0118127,0.000668076,0.00232517,0.00147577,0.000270428,-0.00162996,0.00031003,0.0165079,0.00211646,0.0184361,0.0134679,0.00211521,0.00822808,0.00312048,0.0162507,0.0441867,0.00150193,-0.0035396,-0.000501306,-0.000676834,0.00080358,0.00103474,-0.000585509,-0.000815926,0.0221856,0.0230052,0.012138,-0.0019861,0.000235812,0.0026151,-0.00428717,-0.00252603,-0.000263067,0.0023521,0.00318111,0.0326272,0.04492,0.00148607,0.0253417,-0.000326112,0.00549577,0.00118954,0.000975275,0.00200532,-0.00205122,-0.00113477,0.00101937,0.00276583,0.00247477,0.00311335,0,0.00838072,0.00476911,0.00550968,0.0321902,0,0.0306878,0,0,0.00548729,0.0474942,0.00474707,0.0019494,0.00593517,0.0431048,0,0.0382392,0.0280334,0.0334557,0.0151744,
1.19,0.00625861,0.0015172,0.010616,0.00301617,0.00941068,0.0258024,0.000810187,-0.00474812,-0.000235832,-0.00108108,-4.82546e-05,0.000784691,0.00314319,-0.00063468,0.0146051,0.0221179,0.00939551,0.00235666,0.00255115,0.00351515,0.00401096,0.00269608,0.0021363,0.000858249,0.00339156,0.0246221,0.00652354,0.00158631,0.0183418,1.07067e-05,-0.0111274,0.000627182,0.00231123,0.00147615,0.000685217,-0.0016314,0.000260068,0.0167828,0.00209311,0.0182684,0.0134392,0.00213424,0.0081994,0.00307634,0.0162441,0.0441663,0.00145574,-0.00354296,-0.000497717,-0.000673252,0.000798833,0.00103168,-0.000609656,-0.00079533,0.0223134,0.0231441,0.012021,-0.00189564,0.000385601,0.00263837,-0.0039983,-0.00236395,-8.80012e-05,0.00234298,0.00335201,0.0327519,0.0449688,0.00149367,0.0255415,-0.000284971,0.00624673,0.00115305,0.000935039,0.00204844,-0.00202379,-0.00113246,0.00101589,0.00274171,0.00244159,0.00309128,0,0.00835396,0.00474484,0.0054644,0.0322405,0,0.0308158,0,0,0.0057411,0.0469022,0.00470548,0.00187208,0.0059106,0.0428744,0,0.0380679,0.0274592,0.0325788,0.0150708,
1.195,0.00645173,0.00159368,0.0106475,0.00299744,0.00948971,0.0261808,0.00075805,-0.00477063,-0.000491489,-0.00107789,-5.10468e-05,0.000760685,0.00321595,-0.000611251,0.0146944,0.0222251,0.00946229,0.0024479,0.00257897,0.00351723,0.00435967,0.00284868,0.00218161,0.00089099,0.00350375,0.0248716,0.0067247,0.00156887,0.0185677,1.46478e-05,-0.010348,0.000585272,0.00229641,0.00147652,0.000976363,-0.00163191,0.000208111,0.0170487,0.00206985,0.0180739,0.0134751,0.00215967,0.00816835,0.00303396,0.0162397,0.0441065,0.001412,-0.00354485,-0.000494197,-0.000669344,0.000794379,0.00102892,-0.000633802,-0.000776021,0.0224696,0.0233125,0.0119567,-0.00181061,0.000538497,0.00265985,-0.00373542,-0.00221103,4.98361e-05,0.00233179,0.0035334,0.0328522,0.0450115,0.00150304,0.0257104,-0.000246157,0.00653645,0.00111666,0.000894544,0.00209049,-0.0019981,-0.00112931,0.00101261,0.00271857,0.00240966,0.00306672,0,0.00830293,0.00471875,0.00541069,0.0321578,0,0.0308842,0,0,0.00600824,0.0463066,0.00466796,0.00180023,0.00588907,0.0425969,0,0.0378684,0.027005,0.0316326,0.0149924,
1.2,0.00665959,0.00166374,0.0106687,0.00297966,0.00956305,0.0265911,0.000705024,-0.00475524,-0.000500224,-0.00107469,-5.36958e-05,0.000736529,0.00329012,-0.000587691,0.0147881,0.0223368,0.00953911,0.00253971,0.00260838,0.0035196,0.00469934,0.00300094,0.00222851,0.000921286,0.00364081,0.0250792,0.00687645,0.00155315,0.0188263,1.85889e-05,-0.00945874,0.000542007,0.00228122,0.0014769,0.00113615,-0.0016316,0.00015435,0.0173164,0.0020466,0.0178878,0.0135668,0.00218804,0.00813331,0.00299324,0.0162399,0.0441083,0.00137023,-0.00354477,-0.000490326,-0.000664867,0.000790143,0.00102632,-0.00065735,-0.000758395,0.0226571,0.0235119,0.0119443,-0.00173144,0.00068217,0.0026773,-0.00349719,-0.00207016,9.94167e-05,0.002319,0.00373076,0.0329494,0.045054,0.00151271,0.0259225,-0.00021074,0.00681608,0.00108028,0.000853853,0.00213284,-0.00197386,-0.00112553,0.00100961,0.00269629,0.00237918,0.00304193,0,0.00826584,0.0046932,0.00535217,0.0320909,0,0.0309453,0,0,0.00628872,0.0457145,0.00463411,0.00173387,0.00587174,0.0423679,0,0.0377015,0.0266027,0.0306682,0.0149489,
1.205,0.00686497,0.00172908,0.0106701,0.00296206,0.00961124,0.0269784,0.000650728,-0.00469369,-0.000504175,-0.0010711,-5.57721e-05,0.000712523,0.0033462,-0.000564394,0.0148913,0.0224517,0.0096145,0.00262932,0.00263666,0.00351703,0.0050262,0.0031464,0.002274,0.000948665,0.00378966,0.025336,0.00702552,0.00153829,0.0191652,2.26613e-05,-0.00844162,0.000496708,0.00226602,0.00147718,0.00122078,-0.00227907,9.9259e-05,0.0175903,0.00202353,0.0177491,0.0136981,0.00221485,0.00809654,0.00295358,0.0162423,0.0441595,0.00133043,-0.00354296,-0.000486454,-0.000660145,0.000786346,0.00102395,-0.00068,-0.000742552,0.0228693,0.0237343,0.0119825,-0.00165884,0.000807696,0.00268886,-0.00328385,-0.00194426,0.000142778,0.00230477,0.0039376,0.0330599,0.0451073,0.00152169,0.0261995,-0.000179538,0.00702412,0.00104347,0.000812642,0.00217845,-0.00195096,-0.00112112,0.00100701,0.00267466,0.00234987,0.00301838,0,0.00823273,0.00467147,0.00531255,0.0320708,0,0.0310357,0,0,0.00656998,0.0451619,0.00460141,0.00167406,0.00585883,0.0421796,0,0.0375825,0.0262283,0.0298066,0.0149391,
1.21,0.00705868,0.00179016,0.0106629,0.002944,0.00963658,0.0273343,0.000594908,-0.00457966,-0.000504938,-0.00106712,-5.74903e-05,0.000688892,0.00339202,-0.000541492,0.0149932,0.0225661,0.00968506,0.00271434,0.00266334,0.003511,0.00533295,0.00328307,0.00231615,0.000972845,0.00394944,0.0255393,0.00714022,0.0015236,0.0195312,2.69308e-05,-0.00738399,0.000448585,0.00225165,0.00147737,0.00126905,-0.00186306,4.3028e-05,0.0178837,0.00200076,0.0176932,0.0138467,0.00223768,0.00805999,0.0029148,0.0162484,0.0442653,0.00129237,-0.00353874,-0.000482513,-0.000654853,0.00078284,0.00102181,-0.000701254,-0.000728491,0.0230962,0.0239743,0.0120727,-0.00159402,0.000910964,0.00269329,-0.0030989,-0.00183389,0.000219705,0.00228956,0.00413211,0.0331958,0.0451717,0.0015286,0.0265531,-0.00015318,0.00717787,0.00100614,0.000770782,0.00222802,-0.0019291,-0.00111608,0.00100498,0.00265368,0.00232192,0.00299755,0,0.00820768,0.00465193,0.00528543,0.0321125,0,0.0311667,0,0,0.00685007,0.0446457,0.00457139,0.00162136,0.00585002,0.042089,0,0.0375463,0.0258607,0.0291087,0.0149624,
1.215,0.00722817,0.00184762,0.0106307,0.00292517,0.00962357,0.0276021,0.000537119,-0.00441022,-0.000503621,-0.00106276,-5.8779e-05,0.000665937,0.00341339,-0.000519314,0.0150939,0.0226752,0.00973815,0.0027913,0.002685,0.00349636,0.00561407,0.00340598,0.00235244,0.000993167,0.00410964,0.0257171,0.00722399,0.00150831,0.0198886,3.16602e-05,-0.00638347,0.000397298,0.00223883,0.00147756,0.00129792,-0.00174164,-1.36778e-05,0.0181609,0.00197837,0.0177493,0.0139904,0.00225377,0.00802118,0.00287601,0.0162581,0.0442827,0.0012557,-0.00353212,-0.000478501,-0.000649399,0.000779846,0.00101989,-0.00072091,-0.000716114,0.0233338,0.0242225,0.0122028,-0.0015375,0.000990671,0.00268903,-0.0029406,-0.00173767,0.000313755,0.00227309,0.00429605,0.0333155,0.0452377,0.00153275,0.0268666,-0.000131665,0.00728213,0.000967748,0.000727751,0.00227662,-0.00190805,-0.00111062,0.00100314,0.00263324,0.00229515,0.00298126,0,0.00816983,0.00463129,0.00525702,0.0320873,0,0.031294,0,0,0.00711839,0.0441471,0.00453811,0.00157595,0.00584287,0.0419713,0,0.0375136,0.0254938,0.0285368,0.0150126,
1.22,0.00739037,0.00190155,0.010568,0.00290503,0.0096068,0.0278055,0.000476854,-0.00418452,-0.000500987,-0.001058,-5.95666e-05,0.000643656,0.00344227,-0.000498188,0.0151896,0.0227748,0.00976684,0.00285644,0.0026964,0.00348272,0.00586635,0.00351221,0.00238072,0.00100907,0.00424326,0.0259451,0.00735244,0.00149156,0.0201992,3.67179e-05,-0.0054786,0.00034172,0.0022286,0.00147747,0.00131541,-0.00169822,-7.03836e-05,0.0184288,0.00195608,0.0179339,0.0141273,0.00227142,0.00798269,0.00283714,0.0162683,0.0442473,0.0012202,-0.00352326,-0.000474559,-0.000643538,0.000777218,0.00101844,-0.000738771,-0.00070532,0.0235701,0.0244679,0.0123651,-0.00148966,0.00104772,0.00267534,-0.00281004,-0.00165527,0.000416068,0.00225555,0.00445691,0.0334361,0.0453008,0.00153305,0.0271099,-0.000114492,0.00733786,0.000927987,0.00068316,0.00232397,-0.00188763,-0.00110474,0.00100189,0.00261313,0.00226931,0.00296994,0,0.00807165,0.00459757,0.00522744,0.03205,0,0.0314036,0,0,0.00737258,0.0436415,0.00450309,0.689287,0.00582888,0.0418628,0,0.0375042,0.0251062,0.028042,0.0150837,
1.225,0.00776276,0.00195202,0.010552,0.00288365,0.00967224,0.0285737,0.00041373,-0.00390299,-0.000497798,-0.00105277,-5.99245e-05,0.000622501,0.00356236,-0.000478116,0.0152753,0.0228638,0.00976906,0.00291408,0.00270689,0.00346314,0.00608745,0.00361274,0.00239961,0.00102055,0.00448916,0.0262363,0.00744845,0.00147266,0.0209598,5.0052e-05,-0.00463182,0.00028117,0.00222171,0.00147718,0.00132606,-0.00168036,-5.31914e-05,0.0188626,0.00193408,0.0182513,0.0144276,0.00231449,0.00794463,0.00279774,0.016287,0.0451404,0.00118516,-0.00351182,-0.000470617,-0.000637595,0.0007751,0.00101714,-0.000754636,-0.000696111,0.0237966,0.0247053,0.0125487,-0.00145036,0.00108923,0.00265247,-0.00270194,-0.00158702,0.000516507,0.00223864,0.00489054,0.0337364,0.0454269,0.00152914,0.0281366,-0.000100274,0.00735131,0.000886434,0.000636425,0.00240587,-0.00186731,-0.00109864,0.00100102,0.00259302,0.0022444,0.00296428,0,0.00811481,0.00459048,0.00522776,0.0327144,0,0.0318884,0,0,0.00777506,0.043187,0.00447406,0.270415,0.00583093,0.0422759,0,0.0379243,0.0247081,0.0275811,0.0152363,
1.23,0.00776218,0.00199865,0.0104297,0.00285934,0.0095698,0.0283055,0.000346924,-0.00356571,-0.000494193,-0.00104708,-5.96382e-05,0.000602621,0.00353022,-0.00045936,0.0153495,0.0229359,0.00974388,0.00295129,0.00269777,0.00342439,0.0062672,0.00367999,0.00240752,0.00102713,0.0045715,0.0262062,0.0074912,0.00145093,0.0210467,6.87722e-05,-0.003766,0.00021486,0.00221911,0.00147671,0.00133289,-0.00167122,-5.04369e-05,0.0191285,0.00191236,0.018691,0.014542,0.00232487,0.00789751,0.00275746,0.016304,0.04457,0.00115035,-0.0034984,-0.000466886,-0.000631733,0.00077342,0.00101622,-0.000768406,-0.000687893,0.0240072,0.0249277,0.0127458,-0.00141936,0.00111058,0.0026205,-0.00261299,-0.0015324,0.00060553,0.00221922,0.00484673,0.0338307,0.0454833,0.00152054,0.0281553,-8.78188e-05,0.00733642,0.000842877,0.000586959,0.00244667,-0.00184699,-0.00109234,0.00100073,0.00257301,0.00222008,0.00296416,0,0.00790165,0.00454021,0.00517575,0.0323031,0,0.0319141,0,0,0.00792491,0.0426402,0.00443189,0.0163118,0.00580999,0.0420583,0,0.0379134,0.0242671,0.0271031,0.0153674,
1.235,0.00783613,0.00204175,0.0103053,0.00283267,0.00947121,0.0282555,0.000275799,-0.00316503,-0.000490727,-0.00104076,-5.89938e-05,0.000584317,0.00354841,-0.000442183,0.0154045,0.0229915,0.00968806,0.00297194,0.00268318,0.00338385,0.00640499,0.00372476,0.0024038,0.00102854,0.00465753,0.0263223,0.00756562,0.00142576,0.0211797,9.31413e-05,-0.0027479,0.000141771,0.00222148,0.00147596,0.00133737,-0.00166465,-4.91071e-05,0.0193581,0.00189075,0.0192301,0.0145949,0.00233248,0.00784285,0.00271614,0.0163128,0.044419,0.00111554,-0.00348257,-0.000463297,-0.000625872,0.000772325,0.00101568,-0.00078018,-0.000680763,0.0242027,0.0251354,0.0129451,-0.00139492,0.0011186,0.00257961,-0.00254121,-0.00149022,0.000676408,0.0021982,0.00488723,0.0339196,0.0455342,0.00150726,0.028325,-7.63696e-05,0.00731864,0.000796683,0.000534243,0.00248584,-0.00182626,-0.00108615,0.00100083,0.00255268,0.00219635,0.0029696,0,0.00778383,0.00449366,0.00512684,0.0323362,0,0.0320502,0,0,0.00812968,0.0420834,0.00438547,0.00754215,0.00578014,0.0419798,0,0.0379656,0.0237934,0.0266055,0.0155034,
1.24,0.00795822,0.00208094,0.0101992,0.00280372,0.00939478,0.028366,0.000199657,-0.00268619,-0.000487469,-0.00103406,-5.78483e-05,0.000567513,0.00358134,-0.00042652,0.0154427,0.0230289,0.00960354,0.00297908,0.0026622,0.00333273,0.00650258,0.00375,0.00238779,0.00102478,0.00476517,0.0264611,0.00764617,0.0013969,0.0214359,0.000123356,-0.00111046,6.13401e-05,0.00222897,0.00147483,0.00134075,-0.00165839,-4.73024e-05,0.0196008,0.00186952,0.0198381,0.0146358,0.00234467,0.00778118,0.0026734,0.0163174,0.0445184,0.0010798,-0.00346485,-0.000459988,-0.000620092,0.000771667,0.00101546,-0.000789958,-0.000674129,0.0243819,0.0253279,0.0131458,-0.00137623,0.0011165,0.00253108,-0.00248088,-0.00145935,0.000725819,0.00217583,0.00499937,0.0340357,0.0455948,0.00148914,0.0287038,-6.54237e-05,0.00733065,0.000747537,0.000477432,0.00253444,-0.00180501,-0.00108016,0.00100141,0.00253235,0.0021727,0.00298046,0,0.00770756,0.00445366,0.00508562,0.0325836,0,0.0323408,0,0,0.00836779,0.0415284,0.00433523,0.00481991,0.00574765,0.042054,0,0.0381441,0.0232892,0.0260873,0.0156565,
1.245,0.00805799,0.00211645,0.0101017,0.00277289,0.0093199,0.0284256,0.000117991,-0.00208672,-0.000484696,-0.0010268,-5.63448e-05,0.000552659,0.00360563,-0.000412437,0.0154578,0.0230495,0.00949881,0.00297385,0.00263369,0.00327143,0.0065588,0.0037557,0.00236007,0.00101584,0.00486222,0.0265825,0.00772575,0.001364,0.0216902,0.000159615,0.00973718,-2.71116e-05,0.00224186,0.00147332,0.00134362,-0.00165152,-4.52127e-05,0.0198452,0.00184829,0.0204804,0.0146686,0.00235817,0.00771336,0.00262962,0.016319,0.044585,0.00104313,-0.00344498,-0.000457102,-0.000614556,0.000771521,0.00101546,-0.00079794,-0.000667891,0.0245483,0.0255102,0.0133413,-0.00136156,0.00110617,0.00247568,-0.00242936,-0.00143668,0.00075359,0.00215202,0.00510068,0.0341534,0.0456564,0.00146649,0.0290991,-5.46036e-05,0.00739984,0.000695015,0.000415746,0.00258679,-0.00178283,-0.00107417,0.00100247,0.00251148,0.00214931,0.00299722,0,0.00762665,0.00441321,0.00504728,0.0328403,0,0.0326924,0,0,0.00858629,0.0409681,0.004279,0.00402874,0.00570879,0.0421575,0,0.038377,0.0227386,0.0255559,0.0158189,
1.25,0.00813005,0.00214798,0.0100187,0.00273997,0.00925321,0.028429,3.01645e-05,-0.00118241,-0.000482339,-0.00101893,-5.43402e-05,0.000539756,0.00362435,-0.000399933,0.0154515,0.0230563,0.00937973,0.00295737,0.00259846,0.00320242,0.00657628,0.00374237,0.00232043,0.00100182,0.00493157,0.0267048,0.00781124,0.00132723,0.0218942,0.000201784,0.00173103,-0.000124036,0.00225973,0.00147144,0.00134619,-0.00164392,-4.26481e-05,0.0200857,0.00182725,0.0211238,0.0146866,0.00237261,0.00764253,0.00258425,0.0163131,0.0446155,0.00100484,-0.00341753,-0.000454357,-0.000609346,0.000771814,0.00101584,-0.000804326,-0.000661553,0.024712,0.0256893,0.0135373,-0.00134925,0.00108963,0.00241511,-0.00238071,-0.00142026,0.000761854,0.00212724,0.00518419,0.0342701,0.0457151,0.00143985,0.0294609,-4.39094e-05,0.00754302,0.000638486,0.000348275,0.00263982,-0.00175962,-0.0010685,0.00100382,0.00249006,0.00212583,0.00302121,0,0.0075554,0.0043703,0.00500916,0.0331179,0,0.0330786,0,0,0.00877655,0.0404049,0.00421711,0.00378449,0.00565946,0.0422766,0,0.0386397,0.0221367,0.0250035,0.0159886,
1.255,0.00818475,0.00217598,0.00995338,0.00270525,0.00920078,0.0283969,-6.39488e-05,0.0015211,-0.000480398,-0.00101035,-5.21923e-05,0.000528954,0.00363892,-0.000388876,0.0154257,0.0230494,0.00925908,0.00293162,0.00255753,0.00312599,0.00655822,0.0037126,0.00227047,0.000982536,0.0049696,0.0268392,0.00790768,0.00128617,0.0220508,0.000249997,0.00584733,-9.27444e-05,0.00228188,0.00146927,0.00134817,-0.0016353,-3.97036e-05,0.0203257,0.00180631,0.0217411,0.0147013,0.00238887,0.00757115,0.00253783,0.0163051,0.0446389,0.000964462,-0.00338596,-0.000451894,-0.000604217,0.000772544,0.00101653,-0.000809415,-0.000654919,0.0248763,0.0258709,0.0137381,-0.00133725,0.00106837,0.00235085,-0.00233117,-0.00140669,0.000753505,0.00210165,0.00526268,0.0343916,0.0457707,0.00140937,0.0298007,-3.33409e-05,0.00776547,0.000577738,0.000273849,0.00269372,-0.00173507,-0.00106304,0.00100565,0.00246811,0.00210185,0.00305358,0,0.00749393,0.0043244,0.00497424,0.0334401,0,0.0335001,0,0,0.00894248,0.0398428,0.00415098,0.00368614,0.00559741,0.0424157,0,0.0389299,0.0214917,0.0244295,0.0161577,
1.26,0.00823712,0.00219978,0.00991225,0.00266922,0.00917389,0.0283802,-6.10276e-05,0.00270817,-0.000478873,-0.00100122,-4.97581e-05,0.000520101,0.00365614,-0.000379334,0.0153867,0.0230339,0.00914065,0.00289852,0.00251181,0.00304502,0.00651103,0.003669,0.00221074,0.000958356,0.00498457,0.0269995,0.00802238,0.00124125,0.0221866,0.00030353,0.00267884,-9.31962e-05,0.0023076,0.00146645,0.00134891,-0.00162586,-3.66641e-05,0.0205751,0.00178527,0.0223084,0.0147285,0.00240989,0.00750366,0.00249001,0.0162892,0.0447002,0.000921995,-0.00335284,-0.000449782,-0.000599495,0.000773639,0.00101744,-0.000813207,-0.000647691,0.0250486,0.0260597,0.013949,-0.00132405,0.00104461,0.00228413,-0.00227745,-0.00139286,0.000732634,0.00207579,0.00535634,0.0345283,0.0458255,0.00137613,0.0301444,-2.27725e-05,0.0080624,0.000511928,0.000191038,0.00275059,-0.00170939,-0.0010579,0.00100778,0.00244562,0.00207753,0.00309615,0,0.00744944,0.00427622,0.00494327,0.0338327,0,0.0339746,0,0,0.00909508,0.0392866,0.00408194,0.00362739,0.00552166,0.042589,0,0.0392601,0.0207948,0.0238381,0.0163292,
1.265,0.00829532,0.00222004,0.00989592,0.00263214,0.00917428,0.028391,-6.91562e-05,0.00221228,-0.000477764,-0.000991397,-4.71807e-05,0.00051335,0.00367521,-0.000370778,0.015331,0.023013,0.00903292,0.00286054,0.0024629,0.0029595,0.00643878,0.00361543,0.002143,0.000929565,0.0049813,0.0271826,0.00815062,0.00119237,0.0223253,0.000361924,0.00423576,-0.000103928,0.00233613,0.00146334,0.00134788,-0.001103,-3.33396e-05,0.0208458,0.00176423,0.0228084,0.0147832,0.0024367,0.00744404,0.00244122,0.0162733,0.0448158,0.00087709,-0.00331852,-0.000447882,-0.000595018,0.000775027,0.00101852,-0.0008164,-0.000639472,0.0252305,0.0262573,0.0141689,-0.00130778,0.00102035,0.002217,-0.0022136,-0.00137613,0.000702902,0.00205046,0.00547853,0.0346911,0.0458821,0.00134059,0.0305179,-1.22669e-05,0.00841458,0.000440739,9.85415e-05,0.00281267,-0.00168216,-0.00105306,0.0010101,0.00242248,0.00205253,0.00315014,0,0.00742383,0.00422749,0.00491967,0.0342944,0,0.0345021,0,0,0.00923747,0.0387428,0.00401157,0.00358157,0.0054324,0.0428023,0,0.0396345,0.0200125,0.0232378,0.0165014,
1.27,0.00835643,0.00223669,0.00990279,0.00259487,0.00919905,0.0284296,-7.84278e-05,0.00256503,-0.000476793,-0.000980868,-4.44601e-05,0.000508699,0.00369764,-0.000363473,0.0152681,0.0229872,0.00893536,0.00281966,0.00241182,0.00287061,0.00634993,0.00355481,0.00206904,0.000896541,0.00496469,0.0273746,0.00828787,0.00113997,0.0224619,0.000424128,0.00369255,-0.000117484,0.00236645,0.00145967,0.00134413,-0.00135478,-2.99202e-05,0.0211361,0.0017431,0.0232304,0.0148737,0.00246922,0.00739477,0.00239164,0.0162533,0.0449525,0.000829749,-0.00328368,-0.000446192,-0.000590785,0.000776779,0.00101974,-0.000819094,-0.000630263,0.0254216,0.0264589,0.0144014,-0.00128692,0.000997288,0.00215135,-0.0021383,-0.00135308,0.000668145,0.00202612,0.00562124,0.0348743,0.0459389,0.00130343,0.0308964,-1.82432e-06,0.00880952,0.000363433,-4.87507e-06,0.00287955,-0.00165348,-0.00104844,0.0010127,0.00239869,0.00202694,0.00321613,0,0.00740855,0.00417649,0.00489821,0.0347885,0,0.0350707,0,0,0.00937006,0.0382054,0.00394086,0.00353894,0.00533121,0.0430285,0,0.0400284,0.0191366,0.0226173,0.0166748,
1.275,0.00841099,0.00225024,0.0099233,0.00255694,0.00923316,0.0284601,-8.80169e-05,0.00267248,-0.000476031,-0.000969872,-4.1668e-05,0.000506148,0.003713,-0.000356827,0.0151979,0.022961,0.00884706,0.00277715,0.00235937,0.00277777,0.00624797,0.00348924,0.00199004,0.000859754,0.00493432,0.0275633,0.0084219,0.00108397,0.0225847,0.000488631,0.00424259,-0.000132395,0.00239817,0.00145562,0.00133723,-0.00148226,-2.65007e-05,0.0214374,0.00172168,0.0235681,0.0149967,0.00250477,0.00735757,0.00234145,0.0162344,0.0450677,0.000779623,-0.00324806,-0.000444714,-0.000586796,0.000778751,0.00102112,-0.000821488,-0.000619965,0.0256134,0.0266595,0.0146421,-0.00125962,0.000977035,0.00208873,-0.00204737,-0.00132113,0.000631854,0.00200295,0.00577218,0.0350702,0.0459946,0.00126566,0.0312512,8.61832e-06,0.00923905,0.000279272,-0.000119277,0.00294817,-0.00162326,-0.00104393,0.00101541,0.00237457,0.00200059,0.00329468,0,0.00740144,0.00412313,0.00487995,0.0352833,0,0.0356585,0,0,0.00948932,0.0376728,0.00387007,0.00349933,0.00522022,0.0432304,0,0.0404072,0.0181221,0.0219761,0.016847,
1.28,0.00845489,0.00226092,0.00995534,0.00251967,0.00926208,0.0285119,-9.77966e-05,0.00287752,-0.000475407,-0.000958173,-3.89474e-05,0.000505323,0.00372448,-0.000350772,0.0151273,0.0229377,0.00878237,0.00273485,0.00230715,0.00268108,0.00613931,0.00342024,0.00190817,0.000819674,0.00490911,0.027733,0.00854326,0.00102478,0.0227091,0.000553922,0.0044178,-0.000148436,0.00243107,0.00145091,0.0013265,-0.00153348,-2.31763e-05,0.0217422,0.00170006,0.0238213,0.0151326,0.00253867,0.00733266,0.00229109,0.0162142,0.04516,0.000726596,-0.00321228,-0.000443306,-0.000582888,0.000780942,0.00102257,-0.000823983,-0.000608182,0.0257973,0.0268484,0.0148878,-0.00122478,0.000961896,0.0020307,-0.00193838,-0.00127706,0.000598034,0.00198111,0.0059206,0.0352724,0.0460482,0.00122819,0.031581,1.91239e-05,0.00971087,0.000187728,-0.000110047,0.00301785,-0.00159159,-0.00103983,0.00101831,0.00234991,0.00197349,0.00338524,0,0.00740504,0.00406822,0.00486254,0.0357795,0,0.0362617,0,0,0.00960347,0.0371377,0.00380236,0.00346169,0.00510464,0.0433951,0,0.0407504,0.0168988,0.0213221,0.0170118,
1.285,0.00844774,0.00226932,0.0100106,0.00248344,0.00930544,0.0284266,-0.000107449,0.00309381,-0.000474575,-0.000946007,-3.62984e-05,0.000506373,0.00371565,-0.000345112,0.015056,0.0229167,0.00873489,0.00269447,0.00225755,0.00258735,0.00603007,0.00335082,0.00182434,0.000777147,0.00483262,0.0279243,0.00868492,0.000962333,0.0227281,0.000618227,0.00470137,-0.000165381,0.00246494,0.00144601,0.0013121,-0.00154795,-1.98518e-05,0.0220393,0.00167806,0.0239962,0.0152623,0.00257085,0.00732231,0.00224046,0.0161938,0.04516,0.000670668,-0.00317606,-0.000441899,-0.000579225,0.000783279,0.00102403,-0.000826777,-0.000595012,0.0259646,0.0270142,0.0151215,-0.00118051,0.000952773,0.00197931,-0.00180892,-0.00121847,0.000570347,0.00196089,0.00602556,0.0354742,0.0460961,0.00119173,0.0318291,2.95665e-05,0.0102298,8.80634e-05,-0.000123762,0.0030855,-0.00155827,-0.00103574,0.0010212,0.00232472,0.00194587,0.00348621,0,0.00742468,0.00401668,0.00485464,0.0362563,0,0.0368553,0,0,0.00965957,0.0366227,0.0037334,0.00343486,0.00497662,0.0435214,0,0.0410522,0.0155333,0.0206482,0.0171576,
1.29,0.00843287,0.00227581,0.0100899,0.0024492,0.00933937,0.0284193,-0.000117165,0.0033502,-0.000473535,-0.000933373,-3.3721e-05,0.000508924,0.00370594,-0.000339453,0.0149901,0.0229001,0.00870724,0.00265712,0.00221194,0.00249026,0.00592199,0.0032819,0.00173921,0.000732833,0.00476741,0.0280906,0.00881616,0.000896877,0.0227679,0.00067984,0.00495028,-0.000183342,0.00250022,0.00144045,0.00129425,-0.00154621,-1.67173e-05,0.022337,0.00165567,0.0241055,0.0153685,0.00259653,0.00732824,0.00218991,0.0161768,0.0451942,0.000611375,-0.00313993,-0.000440491,-0.000575561,0.000785689,0.00102556,-0.00082997,-0.000580555,0.0261046,0.0271474,0.0153367,-0.00112488,0.000952572,0.00193718,-0.00165172,-0.00114144,0.000552883,0.00194246,0.00612584,0.0356834,0.0461434,0.00115726,0.0320906,4.01978e-05,0.010801,-2.02493e-05,-0.000145212,0.00315585,-0.00152331,-0.00103175,0.0010241,0.00229941,0.00191716,0.00359498,0,0.00747505,0.00397177,0.00485656,0.0367791,0,0.0374762,0,0,0.00971841,0.0361165,0.00366919,0.00341702,0.00484851,0.0436305,0,0.0413207,0.0144383,0.0199381,0.0172819,
1.295,0.00838896,0.00228082,0.0101832,0.00241695,0.00935055,0.0284191,-0.00012631,0.00364625,-0.000472149,-0.000920349,-3.12868e-05,0.000512975,0.00368881,-0.000333924,0.0149327,0.0228905,0.00870815,0.00262331,0.00216964,0.00239376,0.00581799,0.00321457,0.00165407,0.000687389,0.00471845,0.0282326,0.00894106,0.000828587,0.0228097,0.00073738,0.00520065,-0.000202095,0.00253749,0.00143452,0.00127361,-0.00153758,-1.38678e-05,0.0226265,0.00163299,0.0241704,0.015431,0.00261297,0.00734905,0.00213972,0.0161615,0.0451795,0.000548486,-0.00310363,-0.000439153,-0.000571898,0.000788171,0.00102701,-0.000833961,-0.000564415,0.0262076,0.0272376,0.0155191,-0.0010556,0.0009634,0.00190546,-0.00146061,-0.00104174,0.000549646,0.00192608,0.0061944,0.0358883,0.0461883,0.00112586,0.0323242,5.08921e-05,0.0114473,-0.000137105,-0.000170758,0.00322668,-0.00148638,-0.00102775,0.0010269,0.00227378,0.00188777,0.00370772,0,0.00752846,0.00393168,0.00486692,0.0372912,0,0.0381015,0,0,0.00976862,0.035595,0.00361162,0.00340875,0.00472637,0.0436898,0,0.0415275,0.013862,0.0191991,0.0173763,
1.3,0.00830465,0.00228472,0.0102889,0.00238724,0.00934303,0.0283914,-0.00013501,0.00398555,-0.000470346,-0.000907013,-2.89957e-05,0.000518076,0.00366982,-0.000328199,0.0148869,0.0228893,0.00873202,0.00259198,0.00212985,0.00230201,0.00571982,0.00314934,0.00156978,0.000641475,0.00467311,0.0283678,0.0090795,0.000757892,0.0228245,0.000789468,0.00545249,-0.000221412,0.00257766,0.0014283,0.00125135,-0.00152578,-1.11132e-05,0.0229036,0.00160983,0.0242187,0.0154252,0.00261963,0.00738398,0.00208997,0.0161448,0.045102,0.000481419,-0.00306732,-0.000437605,-0.000568316,0.000790654,0.00102839,-0.000838651,-0.000547086,0.026263,0.0272752,0.0156551,-0.000969543,0.000986159,0.0018853,-0.00122723,-0.000912242,0.000565065,0.00191177,0.00621904,0.0360849,0.0462293,0.00109807,0.0325189,6.19009e-05,0.0121723,-0.000123605,-0.000199748,0.00329752,-0.00144739,-0.00102366,0.00102961,0.00224794,0.00185762,0.00382024,0,0.00757931,0.00389832,0.00488774,0.0377852,0,0.0387106,0,0,0.00979569,0.0350565,0.00356022,0.00341342,0.00461284,0.0436919,0,0.0416653,0.0133966,0.018414,0.0174333,
1.305,0.00820167,0.00228789,0.0104172,0.00236104,0.00930544,0.0284556,-0.000142758,0.00436881,-0.000467989,-0.000893131,-2.69195e-05,0.000524152,0.00365031,-0.000322144,0.0148544,0.0228984,0.00878276,0.00256482,0.00209735,0.00220877,0.00562863,0.00308696,0.00148735,0.000596126,0.00467569,0.0284667,0.00920225,0.000684877,0.0228915,0.000835513,0.00571458,-0.000240955,0.00262191,0.00142181,0.00122842,-0.00151264,-8.6436e-06,0.0231753,0.00158619,0.0242806,0.0153361,0.00261245,0.00743283,0.00204074,0.0161339,0.0450594,0.000409827,-0.00303085,-0.000435916,-0.000564571,0.000793064,0.00102969,-0.000844338,-0.000528272,0.026265,0.0272569,0.0157286,-0.000860838,0.00102295,0.0018776,-0.00094101,-0.000742902,0.000602804,0.00189996,0.00621836,0.0362792,0.046271,0.00107511,0.0327469,9.05867e-05,0.0129814,-0.00012814,-0.000232509,0.003372,-0.00140603,-0.00101946,0.00103221,0.00222209,0.0018268,0.00392799,0,0.00767284,0.00387923,0.00492373,0.038321,0,0.0393411,0,0,0.00983413,0.0344985,0.00351946,0.00342929,0.00451966,0.0436719,0,0.0417538,0.0129445,0.0175692,0.0174529,
1.31,0.00803422,0.00229054,0.0105606,0.00233844,0.00923895,0.0284404,-0.000149172,0.00478505,-0.000464939,-0.000878936,-2.50581e-05,0.000530904,0.00362187,-0.000315695,0.0148361,0.0229171,0.00885658,0.00254077,0.00206908,0.00212236,0.00554677,0.00302768,0.00140761,0.000552,0.00468266,0.0285356,0.00932877,0.000609887,0.0229049,0.000875055,0.00599131,-0.000260272,0.00267097,0.00141465,0.00120594,-0.00149889,-6.36397e-06,0.0234264,0.00156245,0.0243825,0.0151333,0.0025897,0.00749288,0.00199239,0.0161238,0.0449073,0.000333129,-0.00299438,-0.000434085,-0.000560663,0.000795474,0.00103084,-0.000850724,-0.000508369,0.0262125,0.0271788,0.0157277,-0.000727955,0.00107329,0.00188284,-0.000570903,-0.000531762,0.000665419,0.00189038,0.00613998,0.0364542,0.0463078,0.00105722,0.0329158,0.000127702,0.0138986,-0.000139636,-0.000269104,0.00344457,-0.00136239,-0.00101515,0.00103472,0.00219668,0.00179564,0.00402692,0,0.00775945,0.00387041,0.00496976,0.0388093,0,0.0399443,0,0,0.00984001,0.0339182,0.00348627,0.00345269,0.00444518,0.0435856,0,0.0417633,0.0125,0.0166959,0.0174278,
1.315,0.00784736,0.00230461,0.0107356,0.00232841,0.00918575,0.0283953,-0.000150823,0.00520278,-0.00046383,-0.000868408,-2.36978e-05,0.000538406,0.00359945,-0.000304046,0.0148399,0.0229476,0.00896927,0.00252358,0.00204719,0.00205453,0.00551298,0.00298291,0.00133578,0.000520858,0.00467268,0.0286092,0.00948449,0.000533093,0.0228327,0.00090376,0.00624754,-0.000275974,0.002731,0.00141192,0.00117641,-0.00149222,-4.55926e-06,0.0236553,0.00153736,0.0245448,0.0148235,0.00256116,0.0075815,0.00195343,0.016142,0.0447322,0.000254459,-0.00296126,-0.000434508,-0.000559768,0.000798176,0.0010326,-0.000857908,-0.000484803,0.0261135,0.027052,0.0156633,-0.000573127,0.00113745,0.00190874,-4.00711e-05,-0.000276489,0.000756998,0.00189217,0.0059749,0.0366112,0.0463395,0.00104717,0.0330179,0.000168152,0.0148734,-0.000150815,-0.0003044,0.00351781,-0.00132382,-0.00101526,0.00103772,0.00217148,0.00176321,0.00411386,0,0.00783743,0.0038805,0.00503394,0.0392616,0,0.0404938,0,0,0.00987375,0.0334426,0.00347504,0.00349573,0.00440192,0.0434729,0,0.0417081,0.0121595,0.0159894,0.0174045,
1.32,0.00752836,0.00228774,0.0108582,0.00229748,0.00904254,0.0282175,-0.000158824,0.00562157,-0.00045565,-0.000847975,-2.16215e-05,0.000545533,0.00358647,-0.000303059,0.0148431,0.0229796,0.00905066,0.00249508,0.00201709,0.00197672,0.0053848,0.00291533,0.00125995,0.000467417,0.00466347,0.0286511,0.00966084,0.00045458,0.0227185,0.00093542,0.00666337,-0.000297437,0.00278325,0.00139704,0.0011684,-0.00146594,-2.75455e-06,0.0238677,0.00151439,0.0247677,0.0143358,0.00250753,0.00763056,0.00189429,0.0160937,0.0443614,0.000161749,-0.0029179,-0.000428806,-0.000551627,0.000799856,0.00103237,-0.00086619,-0.000466088,0.0259525,0.0268655,0.0154727,-0.00039042,0.00120783,0.00192768,0.000741315,2.3488e-05,0.000866212,0.00187186,0.00580766,0.0367511,0.0463641,0.00103918,0.0331319,0.000225209,0.0160198,-0.000171697,-0.00035497,0.00358123,-0.00126399,-0.00100412,0.00103868,0.00214628,0.00173264,0.00418019,0,0.00787756,0.00387296,0.0050806,0.0397111,0,0.0410293,0,0,0.00970036,0.0326389,0.00343336,0.00351463,0.00433038,0.0432418,0,0.0415899,0.0115339,0.0151905,0.0171839,
1.325,0.00730694,0.00229518,0.0110228,0.00228821,0.00897344,0.0281569,-0.000158888,0.00596702,-0.000450382,-0.000833079,-2.06192e-05,0.000553034,0.00359874,-0.000295162,0.0148798,0.0230281,0.00918004,0.00247732,0.00199713,0.00193055,0.0053714,0.00288263,0.00119697,0.000431382,0.00464523,0.0287297,0.00986984,0.000374694,0.0225815,0.000955388,0.00695328,-0.000313139,0.00284906,0.00138988,0.00114842,-0.00145403,-1.42477e-06,0.0240723,0.00148998,0.025055,0.0138224,0.0024674,0.00772727,0.00185261,0.0161037,0.0441396,6.66027e-05,-0.00288357,-0.000426484,-0.000547556,0.0008019,0.00103305,-0.000874971,-0.000443511,0.0257753,0.0266611,0.0152452,-0.000185705,0.00128955,0.00197251,0.00133908,0.00025098,0.000999704,0.00187204,0.00560025,0.0368823,0.0463868,0.00103995,0.0332216,0.000283209,0.0168981,-0.00018815,-0.000401316,0.00365264,-0.00121541,-0.000999818,0.00104052,0.00212238,0.00170105,0.00422818,0,0.0079138,0.00389259,0.00514788,0.0401232,0,0.0414994,0,0,0.00967683,0.0320974,0.00343287,0.00356438,0.00430914,0.043047,0,0.0414397,0.0111553,0.014809,0.0170393,
1.33,0.00709164,0.00229805,0.0111557,0.00227762,0.00889441,0.0280941,-0.000157237,0.00623431,-0.000443727,-0.000817013,-1.96169e-05,0.000560311,0.00362567,-0.000287199,0.0149263,0.0230801,0.00930212,0.00246021,0.00197695,0.00189001,0.00534897,0.0028527,0.00114124,0.000398076,0.00463164,0.0287975,0.0100827,0.000293776,0.0224125,0.000969642,0.00732372,-0.000327034,0.00291791,0.00138131,0.0011316,-0.00143935,-1.89969e-07,0.0242373,0.00146498,0.0253874,0.0132567,0.00242961,0.00781148,0.00180988,0.0161026,0.0438128,-3.49258e-05,-0.00284443,-0.000423527,-0.000542835,0.000803653,0.00103336,-0.000883751,-0.000420737,0.0255817,0.0264421,0.0149493,3.17695e-05,0.00137527,0.00202431,0.00187784,0.000463887,0.00114717,0.00186944,0.00541646,0.0369683,0.0464,0.00104647,0.0332479,0.000345676,0.0175626,-0.000205762,-0.000449157,0.003715,-0.00116301,-0.000994357,0.00104197,0.00209838,0.00166947,0.00425048,0,0.0079138,0.00390832,0.00518729,0.0404008,0,0.0418783,0,0,0.00962151,0.0315012,0.00342164,0.00360211,0.00429045,0.0427217,0,0.0411937,0.0107433,0.0144614,0.0168322,
1.335,0.00692871,0.00230144,0.0112478,0.00226797,0.00882733,0.0280667,-0.00015349,0.00639038,-0.00043631,-0.000800713,-1.87577e-05,0.000567213,0.00367627,-0.000279038,0.0149904,0.0231369,0.00942225,0.002445,0.00195632,0.00186628,0.00535218,0.0028361,0.00109565,0.00036891,0.00462596,0.0288869,0.0103052,0.000212258,0.0222659,0.000978641,0.0076883,-0.000338557,0.00298816,0.00137236,0.00111558,-0.00142468,6.64893e-07,0.0243752,0.00144221,0.0257487,0.0126957,0.00240375,0.00788846,0.00176934,0.0161014,0.0434905,-0.000141792,-0.00280615,-0.000420289,-0.00053795,0.000805333,0.00103336,-0.000893031,-0.000397764,0.0253882,0.0262272,0.0146087,0.000154701,0.0014636,0.00208381,0.00234174,0.00074549,0.00130017,0.00186568,0.0052823,0.0370275,0.0464078,0.0010586,0.0332621,0.000410471,0.0180171,-0.000224219,-0.000497128,0.00377361,-0.00110906,-0.000988791,0.00104322,0.00207577,0.00164059,0.00424821,0,0.007862,0.00391732,0.00520843,0.0406,0,0.0421622,0,0,0.00958386,0.0308957,0.0034109,0.00363909,0.00428184,0.0423294,0,0.0408795,0.0103654,0.0141454,0.0166086,
1.34,0.00685082,0.00230469,0.0112878,0.00225813,0.00876267,0.0281606,-0.000147774,0.00642494,-0.000427783,-0.000783712,-1.80418e-05,0.000573589,0.00375,-0.000270746,0.0150631,0.0231954,0.0095335,0.00243241,0.00193716,0.00185353,0.00538073,0.00283342,0.00106178,0.000344071,0.00466881,0.028966,0.0105061,0.000131083,0.0222375,0.000982713,0.00805337,-0.000347594,0.00305724,0.00136276,0.00110001,-0.00140928,1.32979e-06,0.0244966,0.00142329,0.026116,0.0121878,0.00239268,0.00795174,0.00173099,0.0161015,0.0432299,-0.000100484,-0.00276658,-0.00041684,-0.000532984,0.000806793,0.00103336,-0.000902111,-0.000375187,0.0252093,0.0260309,0.0142422,0.000386274,0.00155223,0.00214922,0.00273122,0.00111517,0.00144883,0.00186076,0.00523621,0.0370685,0.0464155,0.00107572,0.0333187,0.000475329,0.0183025,-0.000243097,-0.000543863,0.00383212,-0.00105315,-0.000982595,0.00104419,0.00205393,0.00161551,0.00422161,0,0.00778137,0.00391677,0.00520523,0.0407309,0,0.0423711,0,0,0.00959719,0.0302707,0.00340151,0.00366626,0.00428624,0.0418892,0,0.0405218,0.0100173,0.0138269,0.0163893,
1.345,0.00681362,0.00230815,0.0112852,0.00224848,0.00868191,0.0283587,-0.000140217,0.0063342,-0.000418147,-0.00076632,-1.7469e-05,0.000579291,0.00384581,-0.000262454,0.0151467,0.0232559,0.00963211,0.00242329,0.001922,0.00185066,0.00543724,0.00284566,0.00104187,0.000323843,0.00478479,0.0289928,0.0106711,5.14538e-05,0.0223241,0.000982582,0.00840575,-0.000354033,0.0031226,0.00135268,0.00108421,-0.00139347,1.89969e-06,0.024603,0.00140612,0.0264651,0.0117216,0.00239077,0.00799584,0.00169607,0.0160994,0.0430021,-9.02733e-05,-0.00272623,-0.000413039,-0.00052753,0.000808034,0.00103305,-0.000910891,-0.000353106,0.0250579,0.0258621,0.0138697,0.00066448,0.00163976,0.00221823,0.00307711,0.00149508,0.00158726,0.00185521,0.00522686,0.0370869,0.0464233,0.00109661,0.0334095,0.000537733,0.0184082,-0.000262081,-0.000587934,0.00389063,-0.000995699,-0.000976293,0.00104477,0.00203295,0.00159296,0.00417385,0,0.0076865,0.00391314,0.00517629,0.0408057,0,0.0425146,0,0,0.0096576,0.0296328,0.00339668,0.00367215,0.00431296,0.0414277,0,0.0401293,0.00971074,0.013503,0.016192,
1.35,0.00689487,0.00231198,0.0111938,0.00223779,0.00858081,0.028593,-0.000131327,0.00612327,-0.00040761,-0.000748149,-1.71111e-05,0.000584167,0.00392572,-0.000254293,0.0152366,0.0233126,0.00971102,0.00241933,0.00190923,0.00185096,0.00552609,0.00287257,0.00103749,0.000308413,0.00496134,0.0289977,0.0107474,-2.51686e-05,0.022529,0.000978509,0.0087347,-0.000357874,0.00318159,0.00134204,0.00106731,-0.00137715,2.08966e-06,0.0246671,0.00138981,0.0267715,0.0113693,0.00240288,0.00801255,0.0016651,0.0160987,0.0427322,-9.12016e-05,-0.00268486,-0.000408957,-0.00052175,0.00080913,0.00103252,-0.000919173,-0.000332213,0.0249434,0.0257332,0.0135101,0.000955509,0.00172277,0.00228954,0.00338424,0.00181501,0.00171326,0.00184824,0.00533113,0.0370612,0.0464294,0.00112041,0.0334516,0.000595419,0.0183265,-0.000280326,-0.0006283,0.00393808,-0.000936079,-0.000969467,0.00104525,0.00201284,0.00157261,0.00410944,0,0.00754041,0.00388668,0.00510324,0.0406539,0,0.0425124,0,0,0.00978549,0.0289408,0.00338728,0.00365783,0.0043573,0.0408377,0,0.0396308,0.00944999,0.0131548,0.016037,
1.355,0.00699377,0.00231647,0.0110189,0.00222559,0.00844512,0.028745,-0.00012142,0.00580612,-0.000395895,-0.000729432,-1.69679e-05,0.000588218,0.00398762,-0.000246396,0.015331,0.0233646,0.00976371,0.00242046,0.00189931,0.00185877,0.00564582,0.00291181,0.00105061,0.000297969,0.0051643,0.0289548,0.0107462,-9.71524e-05,0.0227446,0.000971153,0.00903047,-0.000359229,0.0032314,0.00133092,0.00104843,-0.00136053,2.27963e-06,0.0246678,0.00137418,0.0270114,0.0111166,0.00242139,0.00799713,0.00163825,0.016098,0.0423549,-9.35222e-05,-0.0026427,-0.000404593,-0.000515807,0.000810006,0.00103183,-0.000926756,-0.000312607,0.0248714,0.0256475,0.0131761,0.00122466,0.00179967,0.00236126,0.0036588,0.00206044,0.00182528,0.00183965,0.00545069,0.0369773,0.0464289,0.00114589,0.0333894,0.000646688,0.0180579,-0.000297622,-0.000663985,0.00396734,-0.000875736,-0.000962325,0.00104544,0.00199391,0.00155386,0.00403326,0,0.00735126,0.00384296,0.00499741,0.0403008,0,0.0423373,0,0,0.00993142,0.0281859,0.00337422,0.00362371,0.00441435,0.0401365,0,0.0390235,0.00924264,0.0127877,0.0159261,
1.36,0.00709295,0.00232156,0.0108049,0.00221311,0.00829102,0.0289094,-0.000110942,0.00540562,-0.00038314,-0.000710168,-1.67531e-05,0.000591219,0.00405341,-0.000238828,0.0154269,0.0234104,0.0097894,0.00242774,0.00189611,0.00187864,0.00579672,0.00296547,0.00108215,0.000292418,0.00539738,0.0288875,0.0107012,-3.83112e-05,0.0229787,0.000960971,0.0092867,-0.000358099,0.00327008,0.00131915,0.00102727,-0.00134328,2.08966e-06,0.0246224,0.00135893,0.0271647,0.0109279,0.00244249,0.00795088,0.00161596,0.0160922,0.0420092,-9.46826e-05,-0.00259952,-0.000399877,-0.000509538,0.00081059,0.00103084,-0.000933342,-0.000294783,0.0248466,0.0256085,0.0128835,0.00145189,0.00187005,0.00243216,0.00390165,0.00224392,0.00192308,0.00183016,0.00556067,0.0368549,0.046425,0.00117184,0.0333158,0.000690346,0.0176111,-0.00031302,-0.000694341,0.00398668,-0.000817251,-0.000954658,0.00104535,0.00197574,0.00153697,0.00395063,0,0.00716893,0.00379887,0.00487995,0.0399053,0,0.0420607,0,0,0.0100922,0.0274121,0.0033649,0.00357404,0.00448609,0.0394445,0,0.0383952,0.00909007,0.0124156,0.0158587,
1.365,0.00729629,0.00232716,0.0105289,0.00219958,0.00816245,0.0291002,-0.000100273,0.00495782,-0.000369553,-0.000690281,-1.67531e-05,0.000593244,0.00411319,-0.000231852,0.0155161,0.0234478,0.00978666,0.00244132,0.00189577,0.00191275,0.00598054,0.00303623,0.00113221,0.000292136,0.00563829,0.0288924,0.0106209,-2.25057e-05,0.023306,0.000948294,0.00950193,-0.000354823,0.00329558,0.001307,0.00100369,-0.00132563,1.89969e-06,0.0245625,0.00134387,0.0272169,0.0108936,0.00248176,0.00787735,0.00159823,0.0160872,0.0417532,-9.37543e-05,-0.00255565,-0.000394949,-0.000503026,0.000811175,0.00102969,-0.00093883,-0.00027894,0.0248687,0.0256149,0.0126447,0.00163058,0.00193141,0.00250068,0.00411015,0.00238807,0.00200648,0.00182085,0.00578552,0.0367318,0.0464256,0.00119725,0.0332726,0.0007257,0.0170177,-0.000326098,-0.000718716,0.00400487,-0.000762479,-0.000946677,0.00104506,0.00195855,0.00152152,0.00386766,0,0.00694771,0.00373705,0.00475041,0.0394371,0,0.0416951,0,0,0.0102892,0.0266378,0.00335675,0.00352625,0.00456106,0.0387683,0,0.0377784,0.00898882,0.0120401,0.0158483,
1.37,0.00752544,0.00233334,0.0102391,0.00218672,0.00807446,0.0293014,-8.96045e-05,0.00450677,-0.000354995,-0.00066977,-1.68963e-05,0.000594144,0.00417146,-0.000225468,0.0156006,0.0234761,0.00975549,0.00246353,0.00190364,0.00195724,0.00619291,0.0031241,0.00119948,0.000296652,0.00586165,0.0289318,0.0105386,-1.3658e-05,0.0236444,0.000933515,0.00967617,-0.000349514,0.00330721,0.00129438,0.000977685,-0.00130756,1.61474e-06,0.0244982,0.0013293,0.0271607,0.01101,0.00253807,0.0077828,0.0015856,0.0160779,0.041574,-9.07374e-05,-0.00251083,-0.00038967,-0.000496106,0.000811394,0.00102831,-0.00094312,-0.000265176,0.0249341,0.0256626,0.0124637,0.00176589,0.00198345,0.00256625,0.00428452,0.00250368,0.00207599,0.001812,0.00604986,0.036608,0.0464286,0.00122144,0.0332338,0.000752624,0.0163201,-0.000336434,-0.000736851,0.00402335,-0.00071307,-0.000938275,0.00104448,0.00194233,0.00150783,0.00379069,0,0.00675248,0.00367814,0.00462515,0.0389402,0,0.0412618,0,0,0.0104888,0.0258976,0.00334968,0.00348338,0.00463339,0.0381526,0,0.0372118,0.00893542,0.0116841,0.0158955,
1.375,0.00775795,0.00233953,0.00997216,0.00217641,0.0080284,0.0295081,-7.93803e-05,0.00410205,-0.000339745,-0.000648869,-1.69679e-05,0.000593919,0.00422356,-0.000219874,0.0156783,0.0234928,0.00970136,0.00249678,0.00192211,0.00200935,0.00642975,0.00322832,0.00128098,0.000305872,0.0060585,0.0289976,0.0104635,-3.95138e-06,0.0239587,0.000917094,0.00981283,-0.000342284,0.00330492,0.00128129,0.000949768,-0.00128888,1.04483e-06,0.0244373,0.00131492,0.0269979,0.0112501,0.00260613,0.00767455,0.0015777,0.0160695,0.0414784,-8.5516e-05,-0.00246497,-0.00038411,-0.000488942,0.00081154,0.00102678,-0.000946014,-0.000253888,0.0250368,0.025747,0.0123443,0.00186604,0.00202636,0.00262755,0.00442631,0.00259555,0.00213248,0.00180439,0.00632332,0.0364895,0.0464328,0.00124332,0.0331976,0.000771371,0.0155821,-0.000343605,-0.000748616,0.00404327,-0.00067016,-0.000929348,0.00104371,0.00192665,0.00149567,0.00372674,0,0.00660639,0.00363096,0.00451515,0.0384461,0,0.0407969,0,0,0.010674,0.0252297,0.00334403,0.0034459,0.00469759,0.0376283,0,0.0367227,0.00892294,0.0113699,0.0159996,
1.38,0.00796435,0.00234616,0.0097481,0.00216978,0.00801828,0.0296719,-6.94102e-05,0.00378235,-0.000323731,-0.000627344,-1.72543e-05,0.000592644,0.00426171,-0.000215136,0.0157454,0.0235031,0.00962976,0.00254218,0.00195187,0.0020664,0.00668611,0.00334595,0.00137346,0.000319515,0.00621329,0.0290774,0.0103986,6.95786e-06,0.0242027,0.000899228,0.00991727,-0.000333473,0.00328957,0.00126792,0.000920382,-0.00126989,6.64893e-07,0.0243787,0.00130122,0.0267397,0.0115791,0.00267939,0.00756102,0.00157445,0.0160609,0.0414185,-7.8554e-05,-0.00241869,-0.000378197,-0.000481371,0.000811394,0.00102502,-0.000947511,-0.000244976,0.0251704,0.0258592,0.01229,0.00193839,0.00206015,0.00268542,0.00453816,0.00266588,0.0021772,0.00179893,0.00657088,0.0363753,0.0464357,0.00126259,0.0331308,0.000782254,0.0148782,-0.000347191,-0.000753947,0.0040628,-0.000634471,-0.000920001,0.00104274,0.00191151,0.00148495,0.00368259,0,0.00650896,0.00359915,0.00442481,0.0379513,0,0.0403121,0,0,0.0108238,0.0246635,0.00334003,0.00341522,0.00475005,0.0371996,0,0.0363186,0.00894721,0.0111146,0.0161553,
1.385,0.0081194,0.0023522,0.00958149,0.00216714,0.00803601,0.0297599,-5.97575e-05,0.00357072,-0.000307233,-0.000605351,-1.73974e-05,0.000590318,0.0042829,-0.000211385,0.0157999,0.0235036,0.0095472,0.00259849,0.00199177,0.0021276,0.00695557,0.0034723,0.00147265,0.000337203,0.00631068,0.0291684,0.0103527,1.84684e-05,0.0243377,0.000880048,0.00999829,-0.00032308,0.0032626,0.00125389,0.000890334,-0.00125029,9.49847e-08,0.0243193,0.001288,0.0264059,0.0119427,0.00275144,0.00745062,0.00157577,0.0160532,0.0413654,-6.98516e-05,-0.00237155,-0.000371932,-0.000473474,0.000811102,0.00102303,-0.00094771,-0.000238341,0.0253239,0.0259884,0.0122931,0.00198834,0.00208561,0.0027391,0.00462006,0.00271684,0.00221111,0.00179589,0.00676368,0.0362638,0.0464348,0.00127894,0.0330072,0.00078584,0.0143007,-0.000347191,-0.000753167,0.00408042,-0.000606105,-0.000910234,0.00104158,0.00189767,0.00147566,0.00366324,0,0.0064584,0.00358288,0.0043586,0.037463,0,0.0398126,0,0,0.0109192,0.0242161,0.0033377,0.0033928,0.00478587,0.0368686,0,0.0359994,0.00899922,0.010929,0.0163507,
1.39,0.00821626,0.00235832,0.00948475,0.00216931,0.00808025,0.0297802,-5.03589e-05,0.00346978,-0.000290388,-0.00058289,-1.76122e-05,0.000587093,0.00429041,-0.000208752,0.015843,0.0234991,0.00945407,0.0026649,0.00204035,0.00219285,0.00723203,0.00360386,0.00157452,0.000358748,0.00634854,0.0292749,0.0103385,3.09238e-05,0.0243553,0.000859685,0.0100642,-0.000311445,0.00322651,0.00123967,0.000860287,-0.00123017,-4.74923e-07,0.0242627,0.00127546,0.0260241,0.0122975,0.0028183,0.00735153,0.00158103,0.0160481,0.0413296,-6.01049e-05,-0.00232381,-0.000365386,-0.000465171,0.00081059,0.00102081,-0.000946413,-0.000233886,0.0254854,0.0261265,0.0123456,0.00202049,0.00210416,0.00278918,0.00467753,0.00275043,0.00223513,0.00179598,0.00688997,0.0361606,0.0464295,0.00129222,0.0328374,0.000782757,0.0139529,-0.0003435,-0.000746406,0.00409707,-0.000585165,-0.000899836,0.00104004,0.00188609,0.00146772,0.00367252,0,0.00645679,0.00358478,0.00432187,0.0370229,0,0.0393234,0,0,0.01096,0.0239133,0.0033397,0.00338208,0.00480398,0.036651,0,0.0357795,0.00907204,0.0108244,0.0165755,
1.395,0.00825097,0.00236377,0.00946682,0.00217641,0.00814973,0.0297491,-4.12778e-05,0.00346152,-0.000273404,-0.000560117,-1.78986e-05,0.000582892,0.00428961,-0.00020737,0.0158767,0.0234893,0.00935808,0.00273839,0.00209576,0.00226048,0.0075079,0.00373658,0.00167547,0.000383305,0.00633073,0.0293954,0.0103652,4.3637e-05,0.0242635,0.000838403,0.0101203,-0.00029868,0.00318382,0.00122526,0.000830827,-0.00120954,-1.04483e-06,0.0242192,0.00126368,0.025628,0.0126169,0.00287789,0.00727315,0.00159007,0.0160472,0.041336,-4.96619e-05,-0.00227572,-0.000358418,-0.00045646,0.000810006,0.00101844,-0.000943918,-0.000231212,0.0256452,0.0262595,0.0124352,0.00203854,0.00211639,0.0028359,0.00471276,0.00276981,0.00225072,0.00180027,0.00694747,0.0360763,0.0464208,0.00130251,0.0326487,0.000773698,0.013889,-0.000336434,-0.000734446,0.00411631,-0.000571343,-0.000888914,0.00103839,0.00187647,0.00146105,0.00371067,0,0.00650394,0.00360687,0.00431909,0.0366698,0,0.0388754,0,0,0.0109455,0.0237658,0.00334818,0.00338421,0.00480437,0.0365711,0,0.0356736,0.0091622,0.010804,0.0168157,
1.4,0.00822574,0.00236819,0.00952821,0.00218804,0.00824003,0.029689,-3.23237e-05,0.00352122,-0.00025642,-0.000536955,-1.80418e-05,0.000577865,0.0042859,-0.000207041,0.0158978,0.0234781,0.00926587,0.0028157,0.00215573,0.0023286,0.0077762,0.00386687,0.00177205,0.000410684,0.00626224,0.0295263,0.0104351,5.68655e-05,0.0240854,0.000815939,0.0101789,-0.000284785,0.0031372,0.00121047,0.000802469,-0.00118829,-1.61474e-06,0.0242027,0.00125239,0.0252505,0.0128682,0.00292892,0.00722172,0.00160201,0.0160473,0.0413989,-3.87549e-05,-0.00222677,-0.000351168,-0.000447261,0.000809057,0.00101576,-0.000940127,-0.000230222,0.0257908,0.0263796,0.0125497,0.00204505,0.00212421,0.00288016,0.00472839,0.0027765,0.00225881,0.00180904,0.00694039,0.0360219,0.0464113,0.00131003,0.0324736,0.000759293,0.0141057,-0.000326204,-0.000717611,0.00414191,-0.000564226,-0.000877362,0.00103637,0.00186858,0.00145505,0.00377632,0,0.00659804,0.00364878,0.00435262,0.0364346,0,0.0385032,0,0,0.0108819,0.0237811,0.0033654,0.00339803,0.00478881,0.036646,0,0.0356982,0.00925998,0.0108675,0.017062,
1.405,0.00814872,0.00237092,0.00966179,0.00220393,0.00834576,0.0296209,-2.36871e-05,0.00362066,-0.000239783,-0.000513558,-1.8185e-05,0.000572089,0.0042852,-0.000208226,0.0159103,0.023466,0.00918239,0.00289357,0.00221776,0.00239613,0.00802965,0.00399079,0.00221204,0.000439568,0.00615882,0.0296621,0.0105448,8.37521e-05,0.0238456,0.000792686,0.0102418,-0.0002701,0.00308866,0.00119578,0.000775727,-0.00116643,-2.08966e-06,0.0242245,0.00124226,0.0249223,0.0130454,0.00297095,0.00720296,0.00161613,0.0160548,0.0415273,-2.79638e-05,-0.00217791,-0.000343284,-0.000437492,0.000807962,0.00101278,-0.000935437,-0.000230717,0.0259132,0.026477,0.0126731,0.00204231,0.00212822,0.0029218,0.00472883,0.00277303,0.0022606,0.00182282,0.00687731,0.0360053,0.0464027,0.00131494,0.0323353,0.000740483,0.0145515,-0.000313231,-0.000696746,0.00417675,-0.000562782,-0.000864864,0.00103414,0.00186295,0.00145016,0.00386608,0,0.00672649,0.00370896,0.00441947,0.036326,0,0.0382229,0,0,0.0107803,0.0239521,0.00339319,0.00342127,0.0047615,0.0368657,0,0.0358506,0.00936123,0.0110052,0.0173028,
1.41,0.00803465,0.00237291,0.00985111,0.00222351,0.00845986,0.0295662,-1.49235e-05,0.00373663,-0.000223839,-0.000490005,-1.82566e-05,0.000565712,0.0042935,-0.000210595,0.015917,0.0234556,0.00911692,0.0029689,0.00227864,0.00246119,0.00826707,0.00410692,0.00212039,0.000470052,0.00603372,0.0297953,0.0106871,0.00012172,0.0235734,0.000768317,0.0103121,-0.000254736,0.00304071,0.00118109,0.000750014,-0.00114426,-2.4696e-06,0.024291,0.00123299,0.0246641,0.0131432,0.00300581,0.00722,0.00163245,0.016068,0.0417141,-1.70568e-05,-0.00212861,-0.00033526,-0.000427478,0.000806647,0.00100964,-0.00092965,-0.000232004,0.0260083,0.0265467,0.0127935,0.00203312,0.00213033,0.00296245,0.00472024,0.00276343,0.00225822,0.00184233,0.00677132,0.0360282,0.0463972,0.00131771,0.0322464,0.000717648,0.0151516,-0.000297939,-0.00067237,0.00422246,-0.000566495,-0.000852051,0.00103173,0.00185971,0.0014456,0.00397463,0,0.00687258,0.00378269,0.00451281,0.0363275,0,0.0380338,0,0,0.0106579,0.024259,0.00343278,0.0034504,0.00472823,0.0372032,0,0.0361125,0.00946802,0.0112088,0.0175362,
1.415,0.00789886,0.00237268,0.0100703,0.0022446,0.00856857,0.0295386,-6.35043e-06,0.00384627,-0.000208796,-0.000466374,-1.82566e-05,0.000558811,0.0043154,-0.00021428,0.0159183,0.0234511,0.00907361,0.00303722,0.0023344,0.00252189,0.0084774,0.00421122,-0.00100577,0.000500723,0.00590845,0.0299179,0.0108503,0.000169737,0.0232992,0.00074316,0.0103965,-0.000239147,0.00299439,0.00116649,0.000725697,-0.00112147,-2.84954e-06,0.0244021,0.0012246,0.0244881,0.0131654,0.00303409,0.00727013,0.00164992,0.0160878,0.0419468,-6.49782e-06,-0.00207949,-0.000326743,-0.000416895,0.000805113,0.00100635,-0.000923264,-0.000234282,0.0260671,0.0265837,0.0128975,0.00201864,0.00213043,0.00300179,0.00470197,0.00274765,0.00225149,0.00186703,0.0066391,0.0360861,0.0463953,0.00131871,0.0322128,0.000691604,0.0158123,-0.000280959,-0.0006452,0.00427809,-0.000573922,-0.000838503,0.00102893,0.00185906,0.00144163,0.00409439,0,0.00701658,0.00386341,0.00462173,0.0364138,0,0.0379286,0,0,0.0105245,0.0246612,0.00348269,0.00347896,0.00469387,0.037629,0,0.0364601,0.00956997,0.0114505,0.0177525,
1.42,0.0077581,0.00237018,0.0102929,0.00226541,0.00866186,0.0295532,1.96863e-06,0.00393332,-0.000195071,-0.000442978,-1.80418e-05,0.000551609,0.00435425,-0.00021915,0.0159188,0.0234537,0.00905705,0.00309544,0.0023824,0.00257667,0.00866209,0.00430211,-6.63379e-05,0.000530737,0.00580056,0.0300229,0.0110222,0.000226947,0.0230546,0.000717017,0.0104966,-0.000223445,0.00295059,0.00115227,0.000702408,-0.00109838,-2.84954e-06,0.0245513,0.00121717,0.0243973,0.0131172,0.00305813,0.00734873,0.00166799,0.0161143,0.0422099,3.71304e-06,-0.00203029,-0.000317945,-0.000405905,0.000803434,0.00100268,-0.00091618,-0.000237054,0.0260892,0.0265848,0.0129728,0.00200039,0.00212953,0.00303999,0.00467797,0.00272801,0.00224229,0.00189656,0.00649957,0.0361713,0.0463977,0.00131794,0.0322326,0.000662856,0.0164061,-0.000262714,-0.000616144,0.00434142,-0.000584546,-0.00082443,0.00102594,0.00186101,0.00143791,0.00421652,0,0.00714142,0.00394468,0.0047361,0.0365511,0,0.0378889,0,0,0.0103978,0.0251145,0.00354158,0.0035031,0.00466578,0.0380956,0,0.0368562,0.00966775,0.0117096,0.0179553,
1.425,0.00762857,0.00236488,0.0104944,0.00228405,0.00872855,0.029616,1.02877e-05,0.00398476,-0.000182731,-0.000419659,-1.7827e-05,0.000544332,0.00441129,-0.000225073,0.0159192,0.0234645,0.0090684,0.00314056,0.00242002,0.00262432,0.00881358,0.00437782,0.00074237,0.000559151,0.00572829,0.0301053,0.0111909,0.000291801,0.0228608,0.000690087,0.0106128,-0.000208082,0.00290924,0.00113852,0.000680075,-0.00107456,-2.84954e-06,0.0247273,0.00121061,0.024388,0.0130189,0.00307941,0.00744824,0.00168616,0.0161495,0.0424784,1.34598e-05,-0.00198108,-0.000308864,-0.000394589,0.000801535,0.000998775,-0.000908596,-0.000240124,0.026075,0.0265514,0.0130118,0.00197953,0.00212722,0.00307753,0.00464847,0.00270516,0.00223027,0.00192966,0.0063669,0.0362708,0.0464031,0.00131579,0.032292,0.000632094,0.0168501,-0.000244046,-0.000585529,0.00440936,-0.000597131,-0.000809622,0.00102265,0.00186544,0.00143411,0.00433322,0,0.00723268,0.00401931,0.00484364,0.0367058,0,0.0378904,0,0,0.0102888,0.0255707,0.00360672,0.00351725,0.00464905,0.0385578,0,0.0372669,0.00975582,0.0119612,0.0181434,
1.43,0.0075218,0.00235648,0.0106622,0.00229928,0.00876691,0.029742,1.82257e-05,0.00399311,-0.000171917,-0.000396886,-1.72543e-05,0.00053698,0.00449015,-0.000232181,0.0159263,0.0234839,0.00910009,0.00317098,0.00244693,0.00266536,0.00893535,0.00443827,0.0012233,0.000584836,0.00570592,0.030158,0.0113461,0.000362754,0.0227361,0.000662696,0.0107489,-0.000193396,0.00287025,0.00112524,0.000658402,-0.00105044,-2.65957e-06,0.0249245,0.00120491,0.0244504,0.0128818,0.00310034,0.00755865,0.0017037,0.0161877,0.0427657,2.30905e-05,-0.00196783,-0.000299573,-0.000382948,0.00079949,0.000994796,-0.000900614,-0.000243391,0.0260267,0.0264877,0.01301,0.00195657,0.00212401,0.00311433,0.00461478,0.00267984,0.00221639,0.00196528,0.00625623,0.036381,0.0464119,0.00131218,0.0324023,0.000599634,0.017133,-0.00022559,-0.000554394,0.00448038,-0.000610953,-0.000794603,0.00101927,0.00187269,0.00143031,0.00443815,0,0.00728741,0.00408404,0.00493751,0.0368776,0,0.0379235,0,0,0.0102084,0.025987,0.00367792,0.00351373,0.00464807,0.0390122,0,0.0376769,0.00983349,0.0121832,0.0183235,
1.435,0.00743384,0.00234447,0.0107692,0.00230892,0.00876035,0.0298853,2.59732e-05,0.00395908,-0.000162836,-0.000374581,-1.66099e-05,0.000529929,0.00457712,-0.00024021,0.0159377,0.0235158,0.00915709,0.00318576,0.00246141,0.0026961,0.00902361,0.00448053,0.00159741,0.000606664,0.0057319,0.030191,0.0114808,0.000438002,0.022673,0.000634911,0.0109071,-0.000179953,0.00283261,0.00111271,0.000637317,-0.0010256,-2.08966e-06,0.0251093,0.00119989,0.0245713,0.0127125,0.00311928,0.00766916,0.00172038,0.0162294,0.0429633,3.2025e-05,-0.00191734,-0.000290211,-0.000371143,0.000797154,0.000990511,-0.000892332,-0.000246461,0.0259498,0.026399,0.0129647,0.00193188,0.0021186,0.00314998,0.00457713,0.00265262,0.00220029,0.00200143,0.00616383,0.0364676,0.0464182,0.00130734,0.0324708,0.000565978,0.0172676,-0.000207977,-0.000522933,0.00454496,-0.000625393,-0.000779165,0.0010156,0.00188134,0.00142617,0.00452622,0,0.00729007,0.00413204,0.00500425,0.0369704,0,0.0379367,0,0,0.0101507,0.0263227,0.00374547,0.00350473,0.0046651,0.0393611,0,0.0380157,0.00989244,0.012367,0.018495,
1.44,0.00736047,0.00232863,0.0108083,0.00231205,0.00870552,0.030032,3.34032e-05,0.00389032,-0.00015528,-0.000353056,-1.57508e-05,0.000523327,0.00467002,-0.000249028,0.0159594,0.0235568,0.00923248,0.00318441,0.00246461,0.00271805,0.00908129,0.00450492,0.00181075,0.000623976,0.00580056,0.0302158,0.0115987,0.000515311,0.022673,0.000606995,0.0110862,-0.000167866,0.0027954,0.00110085,0.000616967,-0.00100015,-1.32979e-06,0.0252601,0.00119555,0.0247386,0.0125212,0.0031358,0.0077704,0.00173538,0.016272,0.043074,4.07274e-05,-0.00186701,-0.000280779,-0.000359176,0.000794817,0.000985996,-0.000883851,-0.000249432,0.0258501,0.0262926,0.0128797,0.00190598,0.00211098,0.00318441,0.0045353,0.00262295,0.00218248,0.00203632,0.00609116,0.0365191,0.0464206,0.00130113,0.0324878,0.000531505,0.0172729,-0.000191841,-0.000491928,0.00459962,-0.000639937,-0.000763517,0.00101184,0.00189042,0.00142187,0.00459639,0,0.00724397,0.0041634,0.00504568,0.0369898,0,0.0379242,0,0,0.0101095,0.0265573,0.00380453,0.00350007,0.00469945,0.0395943,0,0.038258,0.00993197,0.0125091,0.0186537,
1.445,0.00729323,0.00230874,0.0107825,0.00230845,0.00860953,0.0301722,4.03887e-05,0.00380196,-0.000149249,-0.000332545,-1.45337e-05,0.000517476,0.00476838,-0.000258571,0.0159897,0.0236069,0.00932482,0.00316786,0.00245697,0.00273377,0.00910955,0.00451146,0.00192305,0.000635642,0.00590217,0.0302316,0.0117044,0.000592449,0.0227205,0.00057921,0.0112931,-0.00015736,0.0027579,0.00108992,0.000597352,-0.000973974,-3.79939e-07,0.0253667,0.00119169,0.0249373,0.0123052,0.00314938,0.00785428,0.00174863,0.0163089,0.0431072,4.89657e-05,-0.00181643,-0.000271559,-0.000347128,0.000792261,0.000981482,-0.00087537,-0.000251808,0.0257396,0.0261781,0.0127616,0.00187906,0.00210095,0.00321727,0.00448906,0.00259094,0.00216246,0.00206836,0.00603183,0.0365306,0.0464181,0.00129353,0.0324527,0.000496528,0.0171662,-0.000177498,-0.000461702,0.00464351,-0.000654172,-0.000747658,0.00100788,0.00189929,0.00141705,0.00464586,0,0.00715508,0.00417813,0.00506405,0.0369546,0,0.0378764,0,0,0.0100742,0.0266837,0.00385435,0.00349696,0.00474897,0.0397292,0,0.0384097,0.00995,0.0126135,0.0188001,
1.45,0.00722379,0.00228465,0.0107109,0.00229899,0.00849032,0.0303067,4.70567e-05,0.00371448,-0.000144466,-0.000313204,-1.3245e-05,0.000512525,0.00487682,-0.000268574,0.0160314,0.0236655,0.00942629,0.00313738,0.00244123,0.00274673,0.00911072,0.00450409,0.00198279,0.000640911,0.00602228,0.0302357,0.011805,0.000667268,0.0227909,0.00055182,0.0115303,-0.000148549,0.00271944,0.00108013,0.000578912,-0.000947082,9.49847e-07,0.0254329,0.00118841,0.0251549,0.0120691,0.00316175,0.00791757,0.00175969,0.0163379,0.043097,5.68559e-05,-0.00176533,-0.000262408,-0.000335242,0.000789632,0.00097712,-0.000866689,-0.000253789,0.0256244,0.026061,0.0126122,0.00185035,0.00208842,0.00324826,0.0044371,0.00255621,0.00214031,0.00209664,0.00597787,0.0365083,0.0464109,0.00128477,0.032391,0.000461111,0.0169793,-0.000165158,-0.000432582,0.0046794,-0.000667788,-0.00073201,0.00100382,0.00190794,0.0014119,0.00467201,0,0.00703897,0.00417985,0.00506149,0.036905,0,0.0378117,0,0,0.010035,0.0267166,0.00389802,0.00348706,0.00480995,0.0398069,0,0.0385062,0.00994584,0.0126822,0.0189306,
1.455,0.00716457,0.00225643,0.0106013,0.00228405,0.00835751,0.0304437,5.32801e-05,0.00364923,-0.000140931,-0.000295189,-1.16699e-05,0.000508699,0.00499126,-0.000278841,0.0160831,0.0237332,0.00953468,0.00309522,0.00241934,0.00275691,0.0090912,0.00448514,0.00201721,0.000639876,0.00616528,0.0302197,0.0118886,0.000738135,0.0228975,0.000525086,0.0118007,-0.000141319,0.00267934,0.00107128,0.000562088,-0.000920087,2.4696e-06,0.0254691,0.00118542,0.025383,0.0118211,0.00317429,0.00795757,0.00176864,0.0163556,0.0430605,7.82059e-05,-0.00171363,-0.00025375,-0.000323519,0.00078693,0.000972836,-0.000858108,-0.000255175,0.0255147,0.0259519,0.0124429,0.00181998,0.00207368,0.00327784,0.0043781,0.00251807,0.00211586,0.00212133,0.00593988,0.0364618,0.0464018,0.00127464,0.0323242,0.00042538,0.0167448,-0.000154823,-0.000404891,0.00471039,-0.000680888,-0.000716466,0.000999667,0.00191681,0.00140633,0.00467404,0,0.00690824,0.0041674,0.00503532,0.0368532,0,0.0377418,0,0,0.00999732,0.0266702,0.00393745,0.00346112,0.00488002,0.0398576,0,0.0385657,0.00992226,0.0127098,0.0190434,
1.46,0.00709091,0.00222416,0.0104811,0.00226617,0.00821613,0.0305766,6.59809e-05,0.00362805,-0.000138574,-0.000278733,-9.95163e-06,0.000506223,0.00510985,-0.000289305,0.0161443,0.0238062,0.00964998,0.00304479,0.00239426,0.00276255,0.00905216,0.00445797,0.0020388,0.000631879,0.00630896,0.0302291,0.0119815,0.000803848,0.0230202,0.000499272,0.0121092,-0.000135445,0.00263814,0.00106346,0.000547395,-0.000893297,4.36929e-06,0.025487,0.00118272,0.0256179,0.0115575,0.00318424,0.00797676,0.00177539,0.0163623,0.0430466,0.000105358,-0.00166141,-0.000245444,-0.000312122,0.000784155,0.00096901,-0.000849327,-0.000255769,0.0254137,0.0258542,0.0122653,0.00178719,0.00205714,0.00330522,0.00431028,0.00247602,0.00208894,0.002142,0.00590269,0.036402,0.0463928,0.00126335,0.0322821,0.000389397,0.0165022,-0.000145964,-0.000378696,0.00474129,-0.000693678,-0.000701133,0.000995707,0.00192676,0.00140025,0.00465424,0,0.00678369,0.00415758,0.00501888,0.0368338,0,0.0376837,0,0,0.00994201,0.0265814,0.00397463,0.00344778,0.00495636,0.0399168,0,0.0386281,0.00988134,0.012726,0.0191353,
1.465,0.00699041,0.00218814,0.0103646,0.0022464,0.00807292,0.0306705,8.30636e-05,0.00366787,-0.000137187,-0.000263837,-7.94698e-06,0.000505098,0.00522702,-0.0002999,0.0162152,0.0238861,0.00977166,0.00298906,0.00236837,0.0027665,0.00899944,0.00442594,0.00205424,0.000617201,0.00644189,0.0302238,0.0120743,0.000863634,0.0231236,0.000474377,0.0124552,-0.000130701,0.00259597,0.00105705,0.0005352,-0.000866918,6.45896e-06,0.0254938,0.00118021,0.0258559,0.0112678,0.00318925,0.00797881,0.00178022,0.0163547,0.0430153,0.000138195,-0.00160868,-0.000237702,-0.000301294,0.000781453,0.000965719,-0.000840646,-0.00025567,0.0253268,0.0257729,0.0120837,0.00175121,0.00203889,0.00333112,0.004233,0.00242924,0.00205947,0.00215891,0.00584553,0.0363333,0.0463834,0.00125122,0.0322442,0.000352848,0.0162908,-0.000138687,-0.000353995,0.00477276,-0.000706262,-0.000686535,0.000991555,0.00193757,0.001394,0.00461745,0,0.00667412,0.00415004,0.0050051,0.0368395,0,0.0376432,0,0,0.00985257,0.0264797,0.00401007,0.00343207,0.00503495,0.0399981,0,0.0387028,0.00983072,0.0127371,0.019199,
1.47,0.00688553,0.00214879,0.0102641,0.00222588,0.00795197,0.0307638,0.000104274,0.00378051,-0.000136633,-0.000250735,-5.79915e-06,0.000505623,0.005348,-0.000310298,0.0162963,0.023971,0.00989635,0.00293085,0.00234318,0.00277303,0.00893505,0.00439215,0.00206569,0.00059575,0.0065608,0.0302385,0.0121746,0.000917493,0.0232558,0.000450665,0.0128403,-0.000126973,0.0025541,0.00105197,0.000525355,-0.00084136,8.6436e-06,0.0255219,0.0011777,0.0260945,0.0109736,0.00319289,0.00796986,0.00178347,0.0163377,0.0430526,0.000176485,-0.00155525,-0.000230522,-0.000291037,0.000778751,0.000962888,-0.000831766,-0.000254878,0.0252576,0.0257084,0.011908,0.00171211,0.00201954,0.00335505,0.00414471,0.00237759,0.00202744,0.00217323,0.00579796,0.0362934,0.0463827,0.0012384,0.0322821,0.000315669,0.0161495,-0.000132253,-0.000330985,0.00481568,-0.000719156,-0.000672252,0.000987595,0.00195184,0.00138724,0.00456979,0,0.00659406,0.00414476,0.00500051,0.0369452,0,0.0376594,0,0,0.00974234,0.0264121,0.00404783,0.00341898,0.00511247,0.0401665,0,0.0388494,0.00977385,0.0127536,0.0192339,
1.475,0.00682106,0.00210658,0.0101905,0.00220648,0.00787632,0.0309144,0.000129231,0.00397174,-0.000136702,-0.000239426,-3.57972e-06,0.000507873,0.00547268,-0.000320565,0.0163848,0.0240613,0.010027,0.00287377,0.00232174,0.00278094,0.00886339,0.00436113,0.00207452,0.000567901,0.00667265,0.0302837,0.0122768,0.000965597,0.0234737,0.000428003,0.0132654,-0.000123923,0.00251393,0.00104811,0.000517862,-0.000816315,1.13032e-05,0.0256021,0.00117548,0.026331,0.0107209,0.00320205,0.00795713,0.00178557,0.0163091,0.0432216,0.000219766,-0.00150132,-0.000224046,-0.000281431,0.000776122,0.000960899,-0.000822786,-0.000253392,0.0252035,0.0256617,0.0117416,0.00167007,0.00199939,0.00337702,0.00404388,0.00232013,0.00199293,0.00218558,0.00580538,0.0363062,0.046399,0.00122512,0.0324442,0.000277422,0.0161034,-0.000126558,-0.000309275,0.00487929,-0.000732462,-0.000659019,0.000983732,0.00197412,0.0013804,0.00451931,0,0.00656598,0.00414404,0.00500169,0.0371718,0,0.0377705,0,0,0.00963878,0.0264121,0.00408577,0.00340916,0.00518704,0.0404447,0,0.0390983,0.00971768,0.0127775,0.0192455,
1.48,0.0067617,0.00206194,0.0101477,0.00218927,0.0078371,0.0310589,0.000157681,0.0042386,-0.000137673,-0.000229756,-1.07392e-06,0.000511999,0.0055903,-0.000330634,0.0164839,0.0241565,0.0101649,0.00282037,0.00230418,0.00278707,0.00878561,0.00433321,0.00208113,0.00053403,0.00676204,0.0303443,0.0123796,0.00100872,0.0237172,0.000406459,0.0137212,-0.000121438,0.00247695,0.00104538,0.000511691,-0.000792194,1.70023e-05,0.0257286,0.00117326,0.0265624,0.0105286,0.00321485,0.00794527,0.00178663,0.016275,0.0434208,0.000268151,-0.00144678,-0.000218345,-0.000272639,0.000773566,0.000959828,-0.000813506,-0.000251412,0.0251678,0.0256322,0.0115952,0.00162452,0.00197733,0.00339776,0.00393137,0.00225724,0.00195605,0.00219685,0.00583481,0.0363566,0.0464268,0.00121153,0.0326456,0.000237853,0.016163,-0.000121285,-0.000288929,0.00495878,-0.000746491,-0.000646416,0.000980158,0.002003,0.00137348,0.00447369,0,0.00657689,0.00415149,0.00501023,0.0374321,0,0.0379389,0,0,0.00951874,0.0264897,0.00411995,0.00340687,0.00525389,0.0407814,0,0.0394153,0.00966775,0.0128228,0.01924,
1.485,0.00669387,0.00201515,0.0101208,0.00217442,0.00781387,0.0311428,0.000189433,0.00457333,-0.000139128,-0.000221645,1.50348e-06,0.000518001,0.0056869,-0.000340374,0.0165907,0.0242576,0.0103099,0.00277192,0.00228982,0.00278973,0.00870229,0.0043068,0.00208588,0.000494702,0.00681564,0.0304252,0.0124788,0.00104754,0.0239607,0.000385702,0.0141946,-0.000119404,0.00244515,0.0010433,0.00050574,-0.000768997,2.54559e-05,0.0258835,0.00117114,0.0267862,0.0103926,0.00322558,0.00793794,0.00178724,0.0162388,0.0435887,0.000321062,-0.00139163,-0.000213347,-0.000264742,0.000771083,0.000959751,-0.000803927,-0.000248838,0.0251456,0.0256169,0.0114661,0.00157476,0.00195357,0.00341685,0.00380697,0.00218867,0.0019166,0.00220634,0.00586995,0.0364328,0.0464623,0.00119794,0.0328352,0.000196649,0.0163119,-0.000116223,-0.000269819,0.00504713,-0.000761757,-0.000634864,0.000976682,0.00203652,0.00136647,0.0044403,0,0.00661379,0.00416486,0.00503223,0.0376809,0,0.038128,0,0,0.00936653,0.0266508,0.00414458,0.00342765,0.00530889,0.0411231,0,0.0397542,0.00962683,0.012902,0.0192106,
1.49,0.00660883,0.0019669,0.0100973,0.00216165,0.00779248,0.0311336,0.000224551,0.00495949,-0.000141139,-0.000215016,4.00929e-06,0.000525878,0.00575472,-0.000349916,0.0167047,0.0243636,0.0104628,0.00272785,0.00227842,0.00278815,0.0086149,0.00427888,0.00208913,0.000450294,0.00682562,0.0305023,0.0125636,0.00108242,0.0241701,0.000365734,0.0146695,-0.000117484,0.00241995,0.00104142,0.00049832,-0.000746416,3.6854e-05,0.0260481,0.00116921,0.0269985,0.0103088,0.0032299,0.00793837,0.00178759,0.0162011,0.0436919,0.00037815,-0.0013358,-0.000209054,-0.000257659,0.000768819,0.000960669,-0.000793949,-0.000245867,0.0251378,0.0256167,0.0113605,0.00152124,0.0019276,0.00343447,0.00366893,0.00211436,0.00187486,0.00221439,0.00589436,0.0365222,0.0465018,0.00118466,0.0329763,0.000153431,0.0165185,-0.000111266,-0.000251749,0.00513731,-0.000778054,-0.000624256,0.000973591,0.0020721,0.00135963,0.00442615,0,0.00666701,0.00418076,0.00506587,0.0378902,0,0.0383068,0,0,0.00917902,0.0268854,0.00415855,0.00346464,0.00534872,0.041442,0,0.0400829,0.00959285,0.0130139,0.0191549,
1.495,0.00647945,0.00191746,0.0100728,0.00215077,0.00775826,0.0309955,0.000262844,0.00537766,-0.000143634,-0.000209479,6.80147e-06,0.000535555,0.00578845,-0.000359196,0.0168292,0.0244744,0.0106241,0.00268746,0.00226907,0.00278321,0.00852051,0.00424786,0.00209034,0.000400993,0.00678432,0.0305572,0.012628,0.00111403,0.0243005,0.000346094,0.0151229,-0.00011545,0.00240291,0.00103944,0.000487373,-0.000724758,5.10068e-05,0.0262039,0.00116747,0.0271942,0.0102346,0.00322091,0.00794797,0.00178794,0.0161614,0.0436923,0.000439067,-0.00127911,-0.000205393,-0.000251554,0.000766702,0.000962506,-0.000783472,-0.000242698,0.0251434,0.0256299,0.0112803,0.00146267,0.00189983,0.00345119,0.00351767,0.00203461,0.00183082,0.0022203,0.00587234,0.036612,0.0465402,0.00117161,0.0330386,0.000107698,0.01674,-0.000106098,-0.000234654,0.00522142,-0.000795899,-0.000614699,0.000970597,0.00210778,0.00135304,0.00443736,0,0.00673009,0.00419849,0.0051104,0.0380455,0,0.0384502,0,0,0.0089417,0.0271828,0.00416346,0.0035094,0.00537153,0.0417237,0,0.0403803,0.00956858,0.0131554,0.0190617,
1.5,0.00634569,0.00186685,0.01005,0.00214254,0.00772068,0.0308018,0.000304503,0.00580471,-0.000146407,-0.000205111,9.52206e-06,0.000547183,0.00579507,-0.000368409,0.0169587,0.0245901,0.0107786,0.00264984,0.00226143,0.00277668,0.00842147,0.00421382,0.00208997,0.000347364,0.00670904,0.0306103,0.0126729,0.00114264,0.0243908,0.000326323,0.0155334,-0.000113304,0.00239513,0.00103747,0.00047077,-0.000703819,6.8009e-05,0.0263507,0.00116583,0.0273672,0.0101709,0.00320136,0.00796845,0.00178812,0.0161213,0.0436742,0.000502653,-0.00122139,-0.000202437,-0.000246099,0.00076473,0.000965184,-0.000772397,-0.000239431,0.0251613,0.0256548,0.011223,0.00139945,0.00187035,0.00346603,0.00335408,0.00194944,0.00178413,0.00222477,0.00583983,0.0367068,0.046579,0.00115902,0.0330771,5.93846e-05,0.0169385,-0.000101036,-0.000218208,0.00530111,-0.000814982,-0.000606297,0.00096799,0.00214423,0.00134671,0.00447698,0,0.00680997,0.00421831,0.00516753,0.0381958,0,0.0385753,0,0,0.00868985,0.0275344,0.00416313,0.00355948,0.00537848,0.0419977,0,0.0406611,0.00955402,0.0133212,0.0189331,
1.505,0.00621543,0.0018155,0.0100328,0.00213677,0.00768434,0.0305894,0.000349337,0.00621409,-0.000149734,-0.00020168,1.21711e-05,0.000560461,0.00578085,-0.000377491,0.0170917,0.0247061,0.0109232,0.00261398,0.00225527,0.00276798,0.00831688,0.00417668,0.00208746,0.000289407,0.00661354,0.030658,0.0127014,0.00116884,0.0244624,0.000306092,0.0158726,-0.000110706,0.00239676,0.00103521,0.000446159,-0.000683599,8.78608e-05,0.0264915,0.00116458,0.0275098,0.0101227,0.00317351,0.00800026,0.001789,0.0160826,0.0436637,0.000568327,-0.00116255,-0.000199903,-0.000241377,0.000762831,0.000968857,-0.000760722,-0.000236262,0.0251896,0.0256906,0.0111915,0.00133126,0.00183957,0.00347996,0.00317817,0.00185858,0.00173481,0.00222764,0.00580344,0.0368085,0.0466183,0.00114682,0.0331144,7.92634e-06,0.0170898,-9.55514e-05,-0.000202348,0.00537848,-0.000835611,-0.000598736,0.000965672,0.00218197,0.00134071,0.00454399,0,0.00690293,0.00424094,0.00523566,0.0383584,0,0.0386959,0,0,0.00843919,0.0279348,0.00416105,0.00361184,0.00537339,0.0422816,0,0.0409397,0.00955124,0.0135108,0.018767,
1.51,0.00608868,0.00176371,0.0100263,0.00213384,0.00765167,0.0303866,0.000397346,0.00658127,-0.000153131,-0.000198872,1.482e-05,0.00057539,0.00575348,-0.000386639,0.0172257,0.0248183,0.0110458,0.00257939,0.00224945,0.00275889,0.00820735,0.0041371,0.0020829,0.000227781,0.00650866,0.0306985,0.0127191,0.00119297,0.0245246,0.00028481,0.0161269,-0.000107995,0.00240773,0.00103295,0.000411116,-0.000664097,0.000110467,0.0266302,0.00116351,0.0276143,0.0100804,0.00313978,0.00804339,0.00179014,0.016046,0.0436652,0.000634698,-0.00110181,-0.000197862,-0.000237388,0.000761298,0.000973295,-0.00074815,-0.00023339,0.0252299,0.025741,0.0111838,0.00125751,0.00180759,0.00349193,0.00299102,0.00176027,0.00168276,0.00222987,0.00576316,0.0369162,0.0466575,0.00113484,0.0331563,-4.64886e-05,0.0171873,-9.00672e-05,-0.000187008,0.00545499,-0.000857685,-0.000591909,0.000963644,0.0022209,0.00133522,0.00463318,0,0.00700557,0.00426676,0.00531223,0.0385382,0,0.0388232,0,0,0.00819833,0.0283758,0.00416055,0.00366274,0.00536057,0.0425848,0,0.0412285,0.00955679,0.0137174,0.0185685,
1.515,0.00598424,0.00171229,0.0100359,0.00213393,0.00763259,0.0302399,0.000448023,0.00688346,-0.000156667,-0.00019661,1.76122e-05,0.000591819,0.00572363,-0.000395852,0.0173538,0.0249223,0.0111307,0.00254544,0.00224398,0.00274969,0.00809432,0.00409644,0.00207601,0.000162486,0.00641014,0.0307391,0.0127317,0.00121505,0.0245988,0.000262214,0.0163031,-0.000104719,0.00242707,0.00103097,0.000363583,-0.000645313,0.000135828,0.0267738,0.00116274,0.0276748,0.0100534,0.00310432,0.00809719,0.00179198,0.0160143,0.0437119,0.000700721,-0.00103876,-0.000196032,-0.000233969,0.000759764,0.000978574,-0.000734879,-0.000231014,0.0252814,0.0258029,0.0112015,0.00117738,0.0017737,0.00350234,0.00279177,0.00165401,0.00162781,0.00223175,0.00573544,0.0370326,0.0466965,0.00112317,0.0332228,-2.32128e-05,0.0172397,-8.41611e-05,-0.000172123,0.00553352,-0.0008811,-0.000585818,0.000961809,0.00226189,0.00133041,0.00473619,0,0.0071177,0.00429567,0.00539286,0.0387503,0,0.0389732,0,0,0.00798532,0.028852,0.00416437,0.00370856,0.00534491,0.0429222,0,0.0415383,0.00957482,0.0139396,0.0183443,
1.52,0.00586784,0.0016616,0.0100665,0.00213696,0.00762247,0.0301123,0.000500858,0.0071038,-0.00016041,-0.000194739,2.0118e-05,0.000609373,0.00569379,-0.000405329,0.0174743,0.0250147,0.0111782,0.00251163,0.00223782,0.0027404,0.00797779,0.00405343,0.0020668,9.39915e-05,0.00631507,0.0307637,0.012745,0.00123506,0.0246437,0.00023778,0.0164046,-0.000100991,0.0024533,0.00102927,0.000301504,-0.000627043,0.000163659,0.0269194,0.00116236,0.0276887,0.0100176,0.00306557,0.00816069,0.00179487,0.0159876,0.0437488,0.000765235,-0.000972432,-0.000194413,-0.000230794,0.00075845,0.000984772,-0.00072081,-0.000229133,0.0253431,0.0258756,0.011247,0.00108986,0.00173781,0.00351054,0.00257974,0.00153789,0.00156945,0.00223372,0.00568433,0.0371489,0.0467324,0.00111165,0.0332737,-2.79309e-05,0.0172613,-7.81496e-05,-0.000157562,0.00561157,-0.000905959,-0.000580357,0.000960167,0.0023032,0.00132602,0.00484429,0,0.00723239,0.00432749,0.00547487,0.038979,0,0.0391351,0,0,0.00777937,0.0293617,0.00417386,0.00374497,0.00532827,0.043286,0,0.0418634,0.00959979,0.0141717,0.0180992,
1.525,0.00574473,0.00161283,0.0101207,0.00214311,0.00762585,0.0299972,0.000555218,0.007232,-0.000164084,-0.000193257,2.74207e-05,0.000628128,0.00566721,-0.000414938,0.0175793,0.0250902,0.0111808,0.0024769,0.0022311,0.0027315,0.00785952,0.00400865,0.00205461,2.33332e-05,0.00621354,0.0307791,0.0127621,0.00125284,0.0246386,0.000211243,0.0164417,-9.7037e-05,0.0024845,0.00102814,0.000222822,-0.000609183,0.000193864,0.0270649,0.00116216,0.0276585,0.00996151,0.00302432,0.0082325,0.00179882,0.0159682,0.043777,0.000827544,-0.000900773,-0.000192935,-0.000228026,0.000757208,0.000991659,-0.000705744,-0.000228241,0.0254151,0.0259619,0.0113189,0.000993466,0.00169931,0.00351685,0.00235164,0.00141117,0.00150718,0.0022364,0.00561018,0.0372612,0.0467639,0.00109998,0.0333003,-3.40329e-05,0.0172738,-7.17163e-05,-0.000143197,0.00568673,-0.000932262,-0.000575106,0.000958718,0.00234343,0.00132247,0.0049491,0,0.00734727,0.00436185,0.00555496,0.039217,0,0.0393043,0,0,0.00757657,0.029902,0.00418916,0.00376895,0.00531046,0.0436769,0,0.0422059,0.00963377,0.0144087,0.0178401,
1.53,0.00565706,0.00156656,0.010196,0.00215219,0.00765428,0.0299314,0.000610149,0.00726444,-0.000167827,-0.000191775,3.69427e-05,0.000647632,0.00564796,-0.000424875,0.0176634,0.0251443,0.0111371,0.00244316,0.00222357,0.00272161,0.007743,0.00396438,0.00204001,-4.79836e-05,0.00611357,0.0307883,0.0127756,0.00126831,0.0246016,0.000182144,0.0164192,-9.28573e-05,0.00251867,0.0010272,0.000125774,-0.000591836,0.000226158,0.0272097,0.00116226,0.0275924,0.00991005,0.00298773,0.00830851,0.00180409,0.0159569,0.043841,0.000886953,-0.000825329,-0.000191386,-0.000225177,0.000756113,0.000999081,-0.000689978,-0.000228142,0.0254999,0.0260607,0.0114153,0.00088693,0.0016574,0.00352054,0.00210858,0.00127189,0.0014409,0.00223927,0.00554834,0.0373679,0.0467905,0.00108801,0.0333317,-4.06382e-05,0.0172916,-6.51774e-05,-0.000129222,0.00575882,-0.000960009,-0.000570064,0.000957366,0.00238236,0.00131951,0.00504509,0,0.00746813,0.00439821,0.00562619,0.0394637,0,0.0394845,0,0,0.00740593,0.0304582,0.00420804,0.00377369,0.00529176,0.0440935,0,0.0425687,0.00967884,0.0146483,0.0175705,
1.535,0.00564714,0.00152398,0.0102884,0.00216477,0.00772058,0.0299611,0.000664699,0.00720562,-0.000171155,-0.000190527,4.8541e-05,0.000667737,0.00564187,-0.000435142,0.0177251,0.0251783,0.0110509,0.00241098,0.00221479,0.00271123,0.00763026,0.00392364,0.00202224,-2.61558e-05,0.00602736,0.030804,0.0127803,0.00128102,0.0245781,0.000150353,0.0163445,-8.84517e-05,0.00255343,0.00102701,8.37512e-06,-0.0005749,0.000260353,0.0273611,0.00116265,0.0275033,0.00991294,0.00296663,0.00838506,0.00181058,0.0159547,0.0440037,0.00094288,-0.000747561,-0.000189767,-0.000222409,0.000755018,0.00100712,-0.000673315,-0.000229034,0.0255933,0.0261718,0.0115405,0.000769485,0.00161178,0.00352185,0.0018512,0.00111846,0.0013702,0.00224267,0.0055439,0.0374738,0.0468148,0.0010758,0.033416,-4.76209e-05,0.0173238,-5.84277e-05,-0.000115507,0.00583071,-0.000989304,-0.000565023,0.000956111,0.00242194,0.00131732,0.00512738,0,0.00759439,0.00443603,0.0056845,0.0397363,0,0.0396853,0,0,0.00729726,0.0310203,0.00422792,0.00375651,0.00527278,0.0445451,0,0.0429583,0.00973779,0.014878,0.0173169,
1.54,0.00568726,0.0014856,0.0103815,0.00217934,0.00781561,0.0300259,0.000717916,0.00706705,-0.000174274,-0.000188967,6.1786e-05,0.000688067,0.0056416,-0.000445803,0.0177586,0.0251898,0.0109265,0.00238035,0.00220316,0.00269907,0.0075216,0.00388557,0.00200158,-2.79434e-05,0.00593934,0.0308212,0.0127752,0.00129073,0.0245443,0.000115671,0.0162279,-8.38201e-05,0.00258663,0.00102682,-0.000131137,-0.000558067,0.000295972,0.0275126,0.00116332,0.0274088,0.00999939,0.00296126,0.00845772,0.00181857,0.0159619,0.0441765,0.000995327,-0.000668762,-0.000188007,-0.00021956,0.000753922,0.00101553,-0.000655854,-0.000231212,0.0257,0.0262972,0.0116893,0.000640302,0.00156115,0.00352062,0.00157906,0.000946022,0.00129472,0.00224571,0.00557938,0.0375718,0.046835,0.0010629,0.0334969,-5.51069e-05,0.0173718,-5.1256e-05,-0.000102247,0.00589827,-0.00101984,-0.000559877,0.000954855,0.00246011,0.0013158,0.00519292,0,0.00769969,0.00446666,0.00572582,0.0399822,0,0.0398832,0,0,0.00722665,0.0315753,0.00424697,0.00372321,0.00525056,0.0449902,0,0.0433515,0.00980991,0.0150933,0.0170908,
1.545,0.00574371,0.00145259,0.0104654,0.00219419,0.00792624,0.0300739,0.000768973,0.00686623,-0.000177047,-0.000187408,7.66776e-05,0.000708397,0.00564328,-0.000456925,0.0177643,0.0251788,0.0107722,0.00235008,0.00218709,0.00268602,0.0074208,0.00384885,0.00197776,-2.89784e-05,0.00584091,0.0308414,0.0127676,0.00129725,0.0244678,7.79024e-05,0.0160766,-7.94145e-05,0.00261664,0.00102673,-0.000293643,-0.000541541,0.000332826,0.0276569,0.00116409,0.0273282,0.0101555,0.00296862,0.008525,0.00182769,0.015979,0.0443094,0.00104406,-0.000589361,-0.000185966,-0.000216466,0.000752827,0.00102395,-0.000637694,-0.000234381,0.0258207,0.0264367,0.0118693,0.00049702,0.00150581,0.00351717,0.0012836,0.000745427,0.00121413,0.00224866,0.00562273,0.037658,0.04685,0.00104932,0.0335331,-6.30332e-05,0.0174333,-4.40844e-05,-8.91814e-05,0.00595755,-0.0010513,-0.000554206,0.000953407,0.0024958,0.00131495,0.0052391,0,0.0077715,0.00448584,0.00575626,0.0401872,0,0.0400539,0,0,0.00717095,0.0321139,0.00426444,0.00368262,0.00521973,0.045414,0,0.0437325,0.00989174,0.0152993,0.0168978,
1.55,0.00577521,0.00142526,0.0105578,0.00220989,0.00804603,0.0301108,0.000817109,0.00662681,-0.000179335,-0.000185614,9.2858e-05,0.000728502,0.00565829,-0.000468508,0.0177427,0.0251494,0.0106029,0.00231825,0.00216793,0.00267366,0.00732438,0.00381279,0.00195059,-2.82257e-05,0.00572579,0.0308501,0.0127742,0.00130026,0.0243306,3.70463e-05,0.0159028,-7.48959e-05,0.00264162,0.00102701,-0.000477455,-0.000525119,0.00037044,0.0277963,0.00116496,0.0272776,0.0103229,0.00298098,0.00858635,0.00183805,0.016004,0.0444397,0.00108931,-0.000509873,-0.000183643,-0.000213129,0.000751585,0.00103244,-0.000618835,-0.000238837,0.0259528,0.0265918,0.0120758,0.000334792,0.00144726,0.00351111,0.000959064,0.000513515,0.00112817,0.00225108,0.00562934,0.0377338,0.0468597,0.00103481,0.0335628,-7.13999e-05,0.0175006,-3.68073e-05,-7.67662e-05,0.00601086,-0.00108276,-0.000548115,0.000951958,0.00253008,0.00131478,0.00526366,0,0.00783354,0.00450866,0.00578317,0.040418,0,0.0402312,0,0,0.00711132,0.0326495,0.00428374,0.00363238,0.00518293,0.0458591,0,0.0441257,0.0099819,0.0154997,0.0167361,
1.555,0.00582554,0.00140441,0.0106536,0.00222578,0.00817585,0.0301789,0.000861816,0.0063786,-0.000181068,-0.000183508,0.000110184,0.000748082,0.00568664,-0.000480419,0.0176932,0.0251062,0.0104371,0.00228458,0.0021449,0.00266041,0.00723582,0.00377766,0.00192008,-2.55913e-05,0.00561153,0.0308695,0.0127962,0.00129966,0.0241814,-6.89692e-06,0.0157164,-7.04902e-05,0.00266089,0.00102805,-0.000610061,-0.000508491,0.000408434,0.0279364,0.00116602,0.0272682,0.0105047,0.00299932,0.00864133,0.00184945,0.0160384,0.0445952,0.00113074,-0.000430386,-0.000180969,-0.000209465,0.000750271,0.00104101,-0.000599578,-0.000244481,0.0261026,0.0267642,0.012315,0.000148066,0.0013859,0.00350275,0.000598424,0.00024574,0.00103617,0.0022535,0.00563596,0.0378062,0.0468666,0.0010193,0.0336075,-8.0207e-05,0.0175688,-2.95302e-05,-6.4806e-05,0.00606245,-0.00111319,-0.000541393,0.000950316,0.00256479,0.00131521,0.00526774,0,0.0078769,0.00452902,0.00580826,0.0406748,0,0.0404305,0,0,0.00708269,0.0331745,0.00430628,0.00358222,0.00514183,0.0463213,0,0.0445371,0.0100783,0.0157006,0.0166098,
1.56,0.00587105,0.00139005,0.0107562,0.0022411,0.00830711,0.0302755,0.000902904,0.00615263,-0.000182246,-0.000181169,0.000128297,0.000766986,0.00573308,-0.000492792,0.017625,0.0250573,0.0102875,0.00224781,0.00211799,0.00264667,0.00715192,0.00374295,0.00188612,-2.11693e-05,0.00550347,0.0308799,0.0128369,0.00129511,0.0240289,-5.3796e-05,0.0155305,-6.60846e-05,0.00267371,0.00102974,-0.000714383,-0.000491863,0.000446428,0.0280793,0.00116708,0.0273051,0.0106672,0.0030206,0.00868964,0.00186209,0.0160805,0.044771,0.00116856,-0.000351328,-0.000178083,-0.000205476,0.000748737,0.00104981,-0.000579821,-0.000251214,0.0262677,0.0269538,0.0125822,-7.24064e-05,0.00132343,0.00349242,0.000225235,-7.63359e-05,0.00093743,0.00225609,0.00562273,0.0378738,0.0468711,0.00100256,0.0336785,-8.94544e-05,0.0176279,-2.22531e-05,-5.33658e-05,0.0061149,-0.00114217,-0.000534147,0.000948385,0.00260069,0.00131622,0.00525506,0,0.00790735,0.00455321,0.00582781,0.0409668,0,0.0406593,0,0,0.00707445,0.0336878,0.0043314,0.0035283,0.00510131,0.0468057,0,0.0449688,0.010174,0.0159,0.016521,
1.565,0.00590474,0.00138268,0.0108679,0.00225567,0.00843577,0.0304077,0.000940117,0.0059825,-0.000182731,-0.000178595,0.000147055,0.000784916,0.0057994,-0.000505625,0.0175411,0.0250078,0.0101729,0.00220735,0.00208778,0.00263214,0.00707297,0.00370765,0.00184862,-1.51478e-05,0.00540968,0.0308874,0.0129008,0.00128686,0.0238896,-2.62083e-05,0.0153592,-6.21308e-05,0.00268045,0.00103276,-0.000796371,-0.000475132,0.000484042,0.0282297,0.00116824,0.0273884,0.0107887,0.00304135,0.00873114,0.00187613,0.0161297,0.0449721,0.00120303,-0.000272959,-0.000174704,-0.000201161,0.000747058,0.00105892,-0.000559965,-0.000259334,0.0264485,0.0271598,0.0128807,-0.000334728,0.00126107,0.0034807,-0.000122855,-0.000242835,0.000830858,0.00225895,0.00558428,0.0379402,0.046875,0.000984673,0.0337841,-9.80098e-05,0.0176765,-1.50815e-05,-4.23156e-05,0.00617168,-0.0011692,-0.000525955,0.000946163,0.00263887,0.00131757,0.00523253,0,0.00792698,0.00458193,0.00584607,0.0413076,0,0.0409411,0,0,0.00708622,0.0341863,0.00436035,0.00347577,0.00506715,0.0473179,0,0.0454259,0.0102676,0.0160988,0.016464,
1.57,0.00599489,0.00138157,0.0109588,0.00226797,0.00856366,0.0306055,0.000973711,0.00589747,-0.000182593,-0.000175397,0.000166242,0.00080172,0.00587693,-0.000518853,0.0174471,0.0249624,0.0100988,0.00216349,0.0020522,0.00261503,0.00699985,0.00367135,0.00180768,-7.71502e-06,0.00534473,0.0309188,0.0129768,0.00127484,0.0238217,-2.83102e-05,0.0152176,-5.80641e-05,0.00268186,0.00103643,-0.000861168,-0.000458298,0.000520896,0.0283878,0.0011694,0.0275139,0.0109126,0.00307024,0.00876629,0.00189096,0.0161866,0.0451889,0.00123412,-0.00019717,-0.000171114,-0.000196358,0.000745159,0.00106841,-0.000540009,-0.000268444,0.0266439,0.0273808,0.0132107,-0.000633986,0.00119831,0.00346783,-0.000550427,-0.000402579,0.000717129,0.00226235,0.00559056,0.0380091,0.0468801,0.000965557,0.0339015,-0.000105873,0.0177139,-8.22628e-06,-3.19805e-05,0.00623279,-0.00119416,-0.000516923,0.000943652,0.00268039,0.00131943,0.00520842,0,0.00790773,0.00459611,0.00585525,0.0416377,0,0.0412478,0,0,0.00716114,0.0346455,0.0043908,0.00343633,0.00503926,0.047803,0,0.0458751,0.0103543,0.016298,0.0164469,
1.575,0.00608095,0.0013871,0.0110305,0.00227743,0.00868306,0.0308187,0.00100381,0.00592174,-0.000181969,-0.0001722,0.000185573,0.000817399,0.00596532,-0.000532344,0.017355,0.0249306,0.0100806,0.00211469,0.00201139,0.00259694,0.00693343,0.00363328,0.00176377,1.03494e-06,0.00529689,0.0309591,0.0130737,0.0012592,0.0237956,-3.08063e-05,0.0151224,-5.43362e-05,0.00267942,0.00104076,-0.000913035,-0.000441362,0.00055642,0.0285531,0.00117066,0.0276723,0.0110269,0.00310285,0.0087981,0.00190675,0.0162505,0.0453877,0.0012622,-0.000129124,-0.000167102,-0.000191392,0.000742968,0.00107805,-0.000520053,-0.000278742,0.0268516,0.0276123,0.0135688,-0.000816565,0.00113635,0.00345406,-0.00112089,-0.000594523,0.000596245,0.0022671,0.00559729,0.0380815,0.0468861,0.000945213,0.0340084,-0.000113737,0.017748,-1.37105e-06,-2.18403e-05,0.00629765,-0.00121685,-0.000507156,0.000940755,0.00272473,0.00132163,0.00518952,0,0.00785688,0.00459929,0.00586401,0.0419685,0,0.04157,0,0,0.00725411,0.0350547,0.00442432,0.00341505,0.00501753,0.0482638,0,0.0463111,0.0104306,0.0165028,0.016464,
1.58,0.0061603,0.0013983,0.011091,0.00228471,0.00879784,0.0310595,0.00103074,0.00607042,-0.000180513,-0.000168612,0.000205046,0.000831652,0.00606536,-0.000546099,0.017269,0.0249146,0.010116,0.0020615,0.00196749,0.00257973,0.00687196,0.00359338,0.00171706,1.1008e-05,0.00526505,0.031017,0.0131977,0.0012403,0.0238166,-3.31052e-05,0.0150888,-5.06084e-05,0.00267482,0.00104585,-0.000955131,-0.000424119,0.00059052,0.0287306,0.00117181,0.0278511,0.0111244,0.0031377,0.00883055,0.00192325,0.0163172,0.0455937,0.0012875,-7.74229e-05,-0.000228974,-0.000186019,0.000740485,0.00108799,-0.000500496,-0.00029003,0.027064,0.0278477,0.0139492,-0.000989511,0.00107639,0.00344013,-0.00169487,-0.000806357,0.000467778,0.00227345,0.00560185,0.0381638,0.0468943,0.000923717,0.0341196,-0.0001216,0.0177908,5.16779e-06,-1.23502e-05,0.00636935,-0.00123738,-0.000496443,0.000937375,0.00277329,0.00132407,0.00518069,0,0.00779209,0.0045962,0.00587981,0.0423267,0,0.0419239,0,0,0.00736474,0.035418,0.00446275,0.00341669,0.00500187,0.0487133,0,0.0467457,0.0104923,0.0167205,0.0165143,
1.585,0.00623527,0.00141465,0.011152,0.00229095,0.00891176,0.0313391,0.00105462,0.00634844,-0.000178572,-0.000164791,0.000224162,0.00084448,0.0061753,-0.000560116,0.0171957,0.0249167,0.0102022,0.00200534,0.00192279,0.00256233,0.0068172,0.0035533,0.00166831,2.19219e-05,0.00524922,0.0310942,0.0133496,0.00121849,0.0238953,-3.52072e-05,0.0151263,-4.69935e-05,0.00267067,0.00105187,-0.000989954,-0.000406875,0.000622909,0.0289266,0.00117287,0.0280368,0.0112036,0.00317438,0.00886904,0.00194045,0.0163882,0.0458302,0.00131024,-4.60236e-05,-0.000199199,-0.000180402,0.00073771,0.0010984,-0.000481538,-0.000302308,0.0272741,0.0280793,0.0143503,-0.00114938,0.00102005,0.00342669,-0.00206762,-0.00102147,0.000329856,0.0022824,0.00560744,0.0382634,0.0469065,0.000901376,0.0342489,-0.000129589,0.0178576,1.13902e-05,-3.18505e-06,0.00645116,-0.00125563,-0.000484891,0.000933705,0.00282779,0.00132661,0.00518443,0,0.00772948,0.00459084,0.00590694,0.0427265,0,0.0423174,0,0,0.00749262,0.0357567,0.00450675,0.00344443,0.00499365,0.0491712,0,0.0471898,0.0105443,0.016964,0.0165964,
1.59,0.00629712,0.00143558,0.0112194,0.00229738,0.00902557,0.0316449,0.00107583,0.00674876,-0.000176146,-0.000160813,0.000242991,0.000856033,0.00629071,-0.000574266,0.0171418,0.024939,0.0103364,0.00194791,0.00187913,0.00254552,0.00676797,0.00351372,0.00161853,3.37767e-05,0.00524423,0.0311871,0.0135275,0.00119443,0.0240235,-3.73091e-05,0.0152406,-4.34916e-05,0.00266919,0.00105856,-0.00101919,-0.000389425,0.00065321,0.0291424,0.00117394,0.0282142,0.0112591,0.00321079,0.0089182,0.0019587,0.0164634,0.0460783,0.00133066,-2.65819e-05,-0.000177872,-0.000174622,0.00073457,0.00110934,-0.000463179,-0.000315577,0.0274733,0.0282981,0.0147595,-0.00128494,0.000968313,0.00341423,-0.00229682,-0.001228,0.000180347,0.00229466,0.00560847,0.0383805,0.0469228,0.000878037,0.0343827,-0.000137579,0.0179667,1.75072e-05,5.78509e-06,0.00654403,-0.00127193,-0.000472393,0.000929552,0.00288792,0.00132948,0.00520141,0,0.00767702,0.00458584,0.00594602,0.0431566,0,0.0427522,0,0,0.00762835,0.0360877,0.00455442,0.00349868,0.00499169,0.0496335,0,0.0476389,0.0105825,0.0172429,0.0167054,
1.595,0.00633781,0.00146011,0.0113002,0.00230495,0.00914045,0.031965,0.00109475,0.00725125,-0.000173165,-0.000156602,0.000261176,0.000866085,0.00640806,-0.000588481,0.0171105,0.0249809,0.0105095,0.00189147,0.00183831,0.00252941,0.00672747,0.00347541,0.0015682,4.64783e-05,0.00524526,0.0312926,0.0137281,0.00116832,0.0241897,-3.9411e-05,0.0154319,-4.01026e-05,0.00267304,0.00106581,-0.00104388,-0.000371874,0.00068142,0.0293787,0.00117509,0.0283717,0.0112877,0.00324565,0.00898322,0.00197862,0.0165435,0.0463369,0.00134911,-1.08392e-05,-0.000162668,-0.000168679,0.000731065,0.0011209,-0.000445717,-0.000329638,0.0276525,0.0284946,0.0151659,-0.00138816,0.000921993,0.00340292,-0.0024516,-0.00139892,1.69528e-05,0.00231094,0.00559752,0.0385171,0.0469428,0.000854162,0.0345159,-0.000145568,0.0181252,2.35187e-05,1.45602e-05,0.00664825,-0.00128596,-0.00045916,0.000924917,0.00295345,0.00133227,0.00523129,0,0.00764391,0.00458293,0.00599846,0.0436125,0,0.0432259,0,0,0.0077629,0.0364287,0.00460632,0.00357739,0.00499522,0.0500908,0,0.0480946,0.0106088,0.0175692,0.016839,
1.6,0.00634234,0.00148766,0.0113851,0.00231318,0.00924405,0.0322446,0.00111164,0.00782391,-0.000169838,-0.000152391,0.000278789,0.000874638,0.00651658,-0.000602696,0.0171026,0.02504,0.0107064,0.001837,0.0018,0.0025122,0.00669514,0.00343709,0.00151861,6.01207e-05,0.00524191,0.0313877,0.0139385,0.00114083,0.0243417,-4.15129e-05,0.015692,-3.68266e-05,0.00268431,0.00107288,-0.00106408,-0.000354424,0.000707161,0.0296183,0.00117596,0.0284991,0.0112747,0.00327358,0.00906527,0.00199985,0.0166261,0.0465233,0.0013657,3.78512e-06,-0.000151828,-0.000162492,0.000727268,0.00113268,-0.000429353,-0.000344293,0.027801,0.028657,0.0155598,-0.00146465,0.000880084,0.00339341,-0.00256455,-0.00152444,-0.00015922,0.00233126,0.00555439,0.0386559,0.0469629,0.000829978,0.0345838,-0.000153809,0.0183352,2.91084e-05,2.32054e-05,0.0067544,-0.00129834,-0.000444982,0.000919895,0.00301844,0.00133514,0.00527408,0,0.0076128,0.00457766,0.00605239,0.0440311,0,0.0436931,0,0,0.00787784,0.0367732,0.00465781,0.00367002,0.00500128,0.0504924,0,0.0485161,0.0106261,0.0179366,0.0169866,
1.605,0.00630908,0.00151735,0.0114741,0.00232245,0.00933532,0.0324838,0.00112688,0.00842725,-0.000166025,-0.000148101,0.00029547,0.000881914,0.00661566,-0.000616845,0.0171207,0.0251109,0.010907,0.00178572,0.00176556,0.00249599,0.00667125,0.00339777,0.0014706,7.47039e-05,0.00523348,0.0314758,0.014154,0.00111257,0.0244621,-4.35491e-05,0.0160073,-3.34377e-05,0.00270469,0.00107975,-0.00108046,-0.000336872,0.000730527,0.0298502,0.00117702,0.0285893,0.0112041,0.00329373,0.0091651,0.00202275,0.0167114,0.0466491,0.0013809,1.78073e-05,-0.000143663,-0.000156549,0.000723032,0.00114439,-0.000414087,-0.000359641,0.0279106,0.0287789,0.0159268,-0.00152168,0.000842687,0.00338612,-0.00264733,-0.00161385,-0.000152746,0.00235595,0.00547499,0.0387917,0.0469814,0.000805642,0.0345807,-0.00016205,0.0185893,3.48035e-05,3.17855e-05,0.00685796,-0.00130917,-0.000430279,0.000914293,0.00307998,0.00133792,0.00532795,0,0.00759183,0.00456993,0.00610428,0.0444101,0,0.0441433,0,0,0.00797316,0.0371207,0.00470864,0.00377116,0.00500794,0.0508512,0,0.0488971,0.0106352,0.0183405,0.0171404,
1.61,0.00623571,0.00154859,0.0115706,0.00233276,0.00942032,0.0326738,0.00114066,0.00901819,-0.000162004,-0.000143734,0.000311221,0.000887766,0.00670396,-0.000630863,0.0171585,0.0251901,0.0111045,0.00173812,0.00173592,0.00248304,0.0066561,0.00335937,0.00142492,0.000107822,0.00520758,0.0315587,0.0143743,0.00108388,0.0245354,-4.57824e-05,0.0163582,-3.00487e-05,0.002735,0.00108616,-0.00109354,-0.000319731,0.000751424,0.0300688,0.0011778,0.0286373,0.0110759,0.00330602,0.00928295,0.00204732,0.0167961,0.0467184,0.00139483,3.18294e-05,-0.000137046,-0.000150444,0.000718504,0.00115563,-0.000400317,-0.000375484,0.0279739,0.0288512,0.0162506,-0.00156468,0.0008094,0.00338153,-0.00270326,-0.00167598,-0.000162798,0.00238503,0.0053584,0.0389217,0.0469977,0.000781536,0.0345111,-0.000170668,0.0188704,4.90413e-05,4.03006e-05,0.00695612,-0.00131856,-0.000414736,0.000908402,0.0031374,0.00134071,0.00539078,0,0.00758225,0.0045613,0.00615522,0.0447617,0,0.0445677,0,0,0.00803906,0.0374735,0.00475855,0.00387827,0.00501156,0.0511829,0,0.0492403,0.0106386,0.0187727,0.0172905,
1.615,0.00605338,0.00158086,0.0116795,0.00234402,0.00947352,0.0327618,0.00115349,0.00956016,-0.000157776,-0.000139444,0.000326041,0.000892342,0.00678273,-0.000644749,0.0172118,0.0252734,0.0112853,0.00169314,0.00171004,0.00247226,0.00665027,0.00331845,0.00138286,0.000153171,0.00516525,0.0315871,0.0145944,0.00105553,0.0244815,-4.78844e-05,0.0167262,-2.67727e-05,0.00277554,0.00109265,-0.00110419,-0.000302795,0.000770041,0.0302536,0.00117857,0.02864,0.010815,0.00329858,0.00941545,0.002074,0.0168822,0.0466498,0.00140817,6.85623e-05,-0.000131345,-0.000144664,0.000713612,0.00116612,-0.000387845,-0.000391526,0.0279846,0.0288719,0.0165198,-0.00159721,0.000780826,0.00337964,-0.0027365,-0.00171879,-0.000177962,0.00241814,0.00512589,0.0390231,0.0470072,0.00075789,0.034323,-0.000179727,0.0191481,6.89742e-05,4.92708e-05,0.00703946,-0.00132712,-0.000398877,0.000902028,0.00318336,0.00134358,0.00545881,0,0.00757011,0.00455848,0.00619431,0.0450551,0,0.0449429,0,0,0.00804299,0.0378362,0.00481037,0.0039713,0.00501626,0.0514732,0,0.0495261,0.0106428,0.0192105,0.0174186,
1.62,0.00599897,0.00161298,0.0117594,0.00235367,0.00953529,0.032923,0.00116518,0.010021,-0.000153201,-0.000134921,0.000339644,0.000895568,0.0068516,-0.000658306,0.0172767,0.0253533,0.0114445,0.00165282,0.00168564,0.00246089,0.00665377,0.00327988,0.00134416,0.00020934,0.00514288,0.0316521,0.0147949,0.00102753,0.0244891,-4.99206e-05,0.0171054,-2.34967e-05,0.00282527,0.00109783,-0.00111183,-0.000286064,0.000786188,0.030411,0.00117924,0.0285958,0.0105485,0.00330091,0.00955615,0.0021012,0.0169648,0.0466235,0.00142047,0.000117425,-0.000125995,-0.000138802,0.000708427,0.00117538,-0.000376869,-0.000407765,0.027943,0.0288361,0.0167185,-0.00162044,0.000754257,0.00338038,-0.00274619,-0.00174499,-0.000192529,0.00245393,0.00500508,0.0391123,0.0470147,0.000735165,0.0341182,-0.000188785,0.0194037,9.39694e-05,5.78509e-05,0.00711299,-0.00133413,-0.000382283,0.000895267,0.00322478,0.00134603,0.00552785,0,0.00754573,0.00453284,0.0062067,0.0452802,0,0.0452717,0,0,0.0081285,0.0381543,0.0048557,0.00406376,0.00501841,0.0516815,0,0.0497431,0.0106407,0.0196175,0.0175319,
1.625,0.00595375,0.00164584,0.0118144,0.00236237,0.00959861,0.0330567,0.00117604,0.0103787,-0.000148556,-0.00013071,0.000352101,0.000897593,0.00690829,-0.000671468,0.0173505,0.0254293,0.0115814,0.00161604,0.00166272,0.00245446,0.00667037,0.00324509,0.00130982,0.000275577,0.00511991,0.031715,0.0149824,0.00100047,0.0245067,-5.21539e-05,0.017469,-2.01078e-05,0.00288307,0.00110217,-0.00111771,-0.000269847,0.000799961,0.0305466,0.00117973,0.0285058,0.0103044,0.00331069,0.00970612,0.00212928,0.0170439,0.0465723,0.00143231,0.000177987,-0.000121068,-0.000133266,0.00070295,0.00118349,-0.00036739,-0.000424004,0.0278505,0.028752,0.0168439,-0.00163715,0.000729994,0.00338472,-0.00273892,-0.0017592,-0.000204541,0.00249295,0.00490742,0.0391936,0.0470208,0.000713362,0.033878,-0.00019841,0.0195988,0.000124343,6.6951e-05,0.00717804,-0.00134053,-0.000365585,0.000888121,0.00326414,0.00134856,0.00559464,0,0.00750389,0.00449266,0.0062115,0.0454622,0,0.0455469,0,0,0.00821677,0.0384612,0.00490096,0.00415843,0.00501626,0.0518356,0,0.0499107,0.0106504,0.0199905,0.0176342,
1.63,0.00584829,0.00167825,0.0118714,0.00237088,0.00965441,0.0331522,0.00118632,0.0106191,-0.000143842,-0.000126498,0.000363199,0.000898418,0.00696366,-0.000684367,0.0174264,0.0254976,0.0116972,0.00158167,0.00164288,0.00245397,0.00669572,0.00321449,0.00127977,0.000349716,0.00508988,0.0317639,0.015171,0.000974273,0.0244971,-5.43872e-05,0.0178204,-1.68318e-05,0.00294681,0.00110659,-0.00112197,-0.000254451,0.000811454,0.0306744,0.00118011,0.0283727,0.0100283,0.0033183,0.00986483,0.00215771,0.0171147,0.0465237,0.00144391,0.000249388,-0.000116493,-0.000128056,0.000697181,0.00119053,-0.000359308,-0.000440144,0.0277153,0.0286252,0.0168942,-0.00164812,0.000710945,0.00339194,-0.00271493,-0.00176286,-0.000212123,0.00253509,0.00476527,0.0392764,0.0470263,0.000693095,0.0336468,-0.000208349,0.0197218,0.000159674,7.61812e-05,0.0072405,-0.00134641,-0.000348571,0.000880684,0.00330502,0.00135076,0.00565417,0,0.0074686,0.00445685,0.00622827,0.0456693,0,0.0458051,0,0,0.0082709,0.0387646,0.00495477,0.00425196,0.00501205,0.0520004,0,0.0500725,0.0106657,0.0203261,0.0177182,
1.635,0.00581387,0.00171074,0.0119189,0.00237816,0.00972322,0.0333018,0.00119598,0.0107361,-0.00013892,-0.000122287,0.000373079,0.000898193,0.00702432,-0.000696806,0.0175038,0.0255569,0.0117923,0.00154956,0.00162281,0.00245634,0.0067298,0.00319051,0.00125391,0.000429312,0.0050737,0.0318166,0.0153508,0.000949276,0.0245158,-5.66205e-05,0.0181484,-1.34429e-05,0.00301418,0.00111168,-0.00112469,-0.000239773,0.000820762,0.0307971,0.00118031,0.0282012,0.00977774,0.00333802,0.0100268,0.00218632,0.0171796,0.0465252,0.00145528,0.000330166,-0.000112129,-0.000123009,0.00069112,0.00119695,-0.000352722,-0.00045579,0.0275488,0.0284694,0.0168708,-0.00165437,0.000693801,0.00340169,-0.00267772,-0.00175775,-0.000214594,0.0025793,0.00467823,0.0393557,0.0470317,0.000674669,0.0334485,-0.000218729,0.0197597,0.00019954,9.40564e-05,0.00730113,-0.00135156,-0.000331872,0.000873055,0.00334687,0.00135296,0.00570296,0,0.0074188,0.00441785,0.00622634,0.0458433,0,0.0460419,0,0,0.00836936,0.039045,0.00500968,0.00432994,0.00500813,0.0521445,0,0.0502154,0.0106955,0.0206221,0.0177917,
1.64,0.00587061,0.00174279,0.0119465,0.00238479,0.00978827,0.0335361,0.0012048,0.0107326,-0.000133998,-0.000118153,0.000381527,0.000896768,0.00708242,-0.000708717,0.0175731,0.0256075,0.0118667,0.00152148,0.00160537,0.00245259,0.00677088,0.00317189,0.0012313,0.000510791,0.00510674,0.0318372,0.0154925,0.000925138,0.0246124,-5.87881e-05,0.0184476,-1.02798e-05,0.00308243,0.00111592,-0.00112594,-0.000225916,0.000827981,0.0309096,0.0011804,0.0279966,0.00959856,0.00336985,0.0101817,0.00221422,0.0172359,0.0465877,0.00146607,0.000418514,-0.000107976,-0.00011845,0.000684912,0.00120262,-0.000347334,-0.000471138,0.0273643,0.0282987,0.0167821,-0.00165616,0.000679363,0.00341407,-0.00262884,-0.00174493,-0.000211867,0.00262449,0.00466614,0.0394235,0.0470371,0.00065801,0.0333062,-0.000229298,0.0197117,0.000243624,0.000117652,0.00735782,-0.0013561,-0.000315069,0.000865425,0.00338785,0.00135464,0.00573907,0,0.00738455,0.0043753,0.00619409,0.0459785,0,0.046259,0,0,0.00854628,0.0392655,0.00506083,0.00437781,0.00501225,0.052248,0,0.0503235,0.0107336,0.0208632,0.0178664,
1.645,0.005966,0.00177432,0.0119502,0.00239056,0.00984379,0.0337818,0.00121293,0.0106207,-0.000129146,-0.00011402,0.000388615,0.000894292,0.00713311,-0.000720037,0.0176381,0.0256487,0.0119262,0.00149778,0.00158929,0.00244626,0.00681778,0.00315764,0.00121129,0.000591046,0.00517084,0.0318349,0.0155933,0.000901859,0.0247397,-6.07586e-05,0.0187136,-7.1168e-06,0.00314899,0.00111921,-0.00112594,-0.000213086,0.000833205,0.0310033,0.00118021,0.0277669,0.00950123,0.00340937,0.0103221,0.00224089,0.0172859,0.0466487,0.00147663,0.000511336,-0.000104175,-0.000114054,0.000678486,0.00120751,-0.000343044,-0.000485694,0.0271798,0.0281302,0.0166421,-0.00165476,0.00066663,0.00342857,-0.00257203,-0.00172624,-0.00020386,0.00266905,0.00469044,0.0394725,0.0470418,0.000643423,0.0331798,-0.000239992,0.019581,0.0002914,0.000146122,0.00740526,-0.00136002,-0.000298895,0.000857796,0.00342506,0.00135608,0.00576103,0,0.00734414,0.00432876,0.0061375,0.0460763,0,0.0464392,0,0,0.00876086,0.0394213,0.00510608,0.00439974,0.00502468,0.0523,0,0.0503852,0.0107836,0.021048,0.017954,
1.65,0.00605382,0.00180534,0.0119314,0.00239481,0.00988002,0.0339866,0.00122011,0.0104239,-0.000124155,-0.000110121,0.000394342,0.000890841,0.00717373,-0.000730698,0.0176934,0.0256799,0.0119726,0.00147642,0.00157265,0.00243785,0.00686789,0.00314313,0.00119334,0.000667631,0.00524518,0.0318101,0.0156573,0.000878752,0.0248346,-6.26635e-05,0.0189425,-4.17971e-06,0.00321139,0.00112147,-0.00112469,-0.000201384,0.000836625,0.0310665,0.00117963,0.027521,0.00945028,0.00344942,0.0104423,0.00226564,0.0173245,0.0466419,0.00148672,0.000605619,-0.000100726,-0.000110228,0.000671987,0.00121119,-0.000339651,-0.000499359,0.0270085,0.027979,0.0164663,-0.0016508,0.000654699,0.00344447,-0.00250907,-0.00170319,-0.000191677,0.00271155,0.00470641,0.0394941,0.0470425,0.000630756,0.0330145,-0.000250623,0.0193749,0.000341918,0.000178298,0.00743702,-0.00136312,-0.000283142,0.000850166,0.00345436,0.00135718,0.00576986,0,0.0072839,0.00427676,0.00606413,0.046103,0,0.0465613,0,0,0.00897269,0.0395048,0.00514568,0.00440227,0.00504298,0.0522929,0,0.0503859,0.010837,0.0211775,0.0180484,
1.655,0.00613579,0.00183554,0.0118883,0.00239604,0.00989843,0.0341291,0.00122639,0.0101704,-0.000119233,-0.000106221,0.000398638,0.00088649,0.0072056,-0.00074057,0.0177402,0.0257033,0.0120114,0.00145563,0.00155349,0.00242836,0.00692032,0.00312838,0.00117594,0.000738384,0.0053153,0.0317728,0.0156906,0.000855817,0.0248986,-6.41742e-05,0.0191299,-1.35558e-06,0.00326771,0.0011227,-0.00112241,-0.00019071,0.00083824,0.0310993,0.00117886,0.0272701,0.00943262,0.00348799,0.010538,0.00228819,0.0173504,0.0466065,0.00149612,0.000698011,-9.7488e-05,-0.000106483,0.000665341,0.00121402,-0.000337057,-0.000512132,0.0268632,0.0278565,0.0162752,-0.00164519,0.00064347,0.00346095,-0.00244279,-0.00167718,-0.000176343,0.00275146,0.00471439,0.0394917,0.0470406,0.000620008,0.0328578,-0.00026094,0.0191025,0.000394439,0.000213268,0.00745531,-0.0013657,-0.000268439,0.00084273,0.00347967,0.00135777,0.00576839,0,0.00720725,0.00422603,0.00598137,0.0460986,0,0.0466474,0,0,0.00917118,0.039523,0.00517696,0.00439123,0.00506343,0.0522487,0,0.0503467,0.0108931,0.0212534,0.0181501,
1.66,0.00619618,0.00186464,0.0118176,0.00239358,0.00988715,0.0342024,0.00123154,0.00989058,-0.000114519,-0.000102556,0.000401645,0.000881164,0.00722582,-0.000749652,0.0177785,0.0257197,0.0120525,0.00143257,0.00153114,0.00241452,0.00696985,0.00311044,0.00115835,0.000802926,0.00537759,0.0317179,0.0156965,0.000832452,0.0249085,-6.55536e-05,0.0192739,1.01669e-06,0.00331625,0.00112307,-0.00111903,-0.000180856,0.000838335,0.0310941,0.0011776,0.027027,0.00941546,0.00352034,0.0106079,0.00230793,0.0173657,0.0464958,0.00150471,0.000786101,-9.46724e-05,-0.000103308,0.000658769,0.00121585,-0.000334961,-0.000523816,0.0267546,0.0277734,0.0160898,-0.00163862,0.000632341,0.0034775,-0.00237718,-0.00164978,-0.000159816,0.00278761,0.00469911,0.0394587,0.0470344,0.000610642,0.0326654,-0.000270754,0.0187709,0.000448016,0.000249734,0.00745694,-0.00136724,-0.000254681,0.000835486,0.00349859,0.00135802,0.00575956,0,0.00710025,0.00417076,0.00589423,0.0460382,0,0.0466834,0,0,0.00935241,0.0394766,0.00520258,0.00437143,0.00508477,0.0521517,0,0.0502582,0.0109424,0.0212822,0.0182475,
1.665,0.00632396,0.00189242,0.0117159,0.0023881,0.00986537,0.0342882,0.00123554,0.0096101,-0.000109875,-9.87341e-05,0.000403291,0.000875088,0.00723836,-0.000757878,0.0178081,0.0257328,0.0120988,0.0014081,0.00150538,0.00239623,0.00701937,0.00309115,0.00113956,0.000860883,0.00544677,0.031671,0.0156725,0.000808229,0.0249383,-6.64732e-05,0.0193739,3.38895e-06,0.00335613,0.00112241,-0.00111463,-0.000172234,0.000836815,0.0310567,0.00117596,0.0268041,0.00944468,0.00355701,0.0106496,0.00232478,0.0173655,0.0464224,0.00151225,0.000868341,-9.22088e-05,-0.000100377,0.000652051,0.00121685,-0.000333265,-0.000534313,0.0266899,0.0277344,0.0159287,-0.00163166,0.000619808,0.00349349,-0.00231333,-0.00162275,-0.000143971,0.00281884,0.00473995,0.0394029,0.0470263,0.000602427,0.0325076,-0.000279875,0.0183875,0.000501592,0.000286589,0.00744617,-0.00136827,-0.000269489,0.000828533,0.00351579,0.00135785,0.00574631,0,0.00698224,0.00411049,0.00580132,0.0459455,0,0.0466849,0,0,0.00956973,0.039359,0.0052193,0.00434352,0.00510571,0.0520175,0,0.0501356,0.0109826,0.0212645,0.0183468,
1.67,0.00655821,0.00191827,0.0115813,0.00238147,0.0098382,0.0344508,0.00123833,0.00935028,-0.00010523,-9.51466e-05,0.000403721,0.000868261,0.00723624,-0.000765183,0.0178333,0.0257453,0.0121534,0.00138483,0.00148041,0.00236835,0.00706511,0.00307312,0.00111872,0.000912818,0.00555191,0.0316324,0.0156029,0.000782717,0.0250764,-6.71301e-05,0.0194266,5.30936e-06,0.00338696,0.0011194,-0.00110926,-0.000164433,0.000833965,0.031,0.00117403,0.0266119,0.00959363,0.00360311,0.0106644,0.00233786,0.0173528,0.0464492,0.00151887,0.00094413,-8.98156e-05,-9.79349e-05,0.000645405,0.00121731,-0.000331768,-0.000543521,0.0266707,0.0277428,0.0158096,-0.00162535,0.000606474,0.0035075,-0.00225565,-0.00159762,-0.000130511,0.00284559,0.00488598,0.0393385,0.0470206,0.000594827,0.0324337,-0.000287864,0.0179585,0.000554008,0.000322665,0.00743009,-0.00136848,-0.00025132,0.000821869,0.00353666,0.00135701,0.00573058,0,0.00688301,0.00404059,0.00571055,0.045839,0,0.0466716,0,0,0.00986943,0.0391691,0.00523011,0.00431284,0.0051293,0.0518556,0,0.0499898,0.0110124,0.0212069,0.0184583,
1.675,0.00678766,0.001942,0.0114133,0.00237258,0.00979155,0.0345319,0.00123992,0.00912432,-0.000100655,-9.17931e-05,0.000402933,0.000860609,0.00721302,-0.000771633,0.017853,0.0257567,0.0122173,0.00136269,0.00145293,0.00233493,0.00710618,0.00305342,0.00109499,0.000958826,0.00565326,0.0315691,0.0154863,0.000755658,0.0252242,-6.73271e-05,0.0194315,7.1168e-06,0.00340867,0.00111394,-0.00110309,-0.000157248,0.000829786,0.0309172,0.00117152,0.0264591,0.00983447,0.00365025,0.0106503,0.00234733,0.0173278,0.0464465,0.00152444,0.00101372,-8.79151e-05,-9.56555e-05,0.000638906,0.00121746,-0.000330172,-0.000551641,0.0266965,0.027793,0.0157409,-0.00162069,0.000591134,0.00351963,-0.00220479,-0.00157597,-0.000120799,0.00286644,0.00503862,0.0392556,0.047016,0.00058715,0.0324012,-0.000294847,0.0174987,0.000604526,0.000356855,0.00740517,-0.00136817,-0.000236197,0.000815495,0.00355807,0.00135574,0.00571168,0,0.0067761,0.00397432,0.00561626,0.0456894,0,0.0466312,0,0,0.0101566,0.0389133,0.00522504,0.00426702,0.00515161,0.051658,0,0.0498185,0.0110277,0.0211013,0.0185869,
1.68,0.00696343,0.00196321,0.0112518,0.00236407,0.00972804,0.0345615,0.0012403,0.00893976,-9.63569e-05,-8.82056e-05,0.000401072,0.000852357,0.00717982,-0.000777226,0.0178689,0.0257679,0.0122808,0.00134119,0.00142784,0.00229845,0.00713968,0.0030328,0.00106736,0.000999471,0.00574678,0.0314861,0.0153395,0.00072671,0.0253554,-6.71957e-05,0.0193915,8.58535e-06,0.00342172,0.00110782,-0.00109611,-0.000150576,0.000824562,0.030819,0.00116863,0.026351,0.010095,0.00368753,0.0106078,0.00235374,0.0172907,0.0464744,0.00152873,0.00107747,-8.62258e-05,-9.37831e-05,0.000632553,0.00121784,-0.000328476,-0.000558176,0.0267621,0.0278825,0.015733,-0.00161788,0.000575995,0.0035284,-0.0021645,-0.00155961,-0.000115518,0.00288156,0.00514757,0.0391635,0.047014,0.000579012,0.0324479,-0.00030032,0.0170086,0.000652196,0.000388381,0.00737841,-0.00136724,-0.000223699,0.000809604,0.00358316,0.00135405,0.00568859,0,0.00671264,0.00393177,0.00553659,0.0455988,0,0.0466128,0,0,0.0104045,0.0386305,0.00521015,0.00420966,0.005175,0.0514932,0,0.0496727,0.011027,0.0209559,0.018726,
1.685,0.00719418,0.00198171,0.0110715,0.00235414,0.00965991,0.0346003,0.00123948,0.00879829,-9.21976e-05,-8.50081e-05,0.000398065,0.00084358,0.00713187,-0.000782031,0.017882,0.0257803,0.0123457,0.0013211,0.00140116,0.00225603,0.00716357,0.00301058,0.00103554,0.00103494,0.00584323,0.0314166,0.0151564,0.000695443,0.0255341,-6.66046e-05,0.0193085,9.715e-06,0.00342698,0.00109991,-0.00108847,-0.000144418,0.000818293,0.0307068,0.00116535,0.0262905,0.0104174,0.00372515,0.0105378,0.00235707,0.0172461,0.0465229,0.00153186,0.00113588,-8.48181e-05,-9.20735e-05,0.000626272,0.00121853,-0.00032668,-0.000563722,0.0268605,0.028002,0.0157852,-0.00161795,0.000558048,0.00353365,-0.00213698,-0.00155008,-0.000114836,0.00289069,0.00530808,0.0390645,0.0470152,0.000569492,0.0325384,-0.000304472,0.0164873,0.000696281,0.000416461,0.00735108,-0.00136611,-0.000213827,0.000804099,0.00361128,0.00135194,0.00566074,0,0.00664272,0.00388568,0.00545073,0.0454888,0,0.0466025,0,0,0.0106716,0.0383124,0.00518078,0.00414886,0.00519703,0.0513099,0,0.0495269,0.0110048,0.0207682,0.0188779,
1.69,0.00741882,0.00199718,0.0108687,0.00234165,0.0095802,0.0345989,0.00123744,0.0086963,-8.81076e-05,-8.17325e-05,0.000394127,0.000834278,0.00706909,-0.000785979,0.0178945,0.0257905,0.0124002,0.00130059,0.0013714,0.00220996,0.00717843,0.00298358,0.000998511,0.00106542,0.00593573,0.0313466,0.0149461,0.000661684,0.0257265,-6.5685e-05,0.019189,1.06187e-05,0.00342535,0.00109039,-0.00108032,-0.000138567,0.000811074,0.0305804,0.00116158,0.0262768,0.0107764,0.00376009,0.0104429,0.00235734,0.0171917,0.0465301,0.00153407,0.00118913,-8.37622e-05,-9.0771e-05,0.000620284,0.00121914,-0.000324285,-0.00056788,0.0269797,0.0281389,0.0158915,-0.00162139,0.00053579,0.00353463,-0.00212289,-0.00154831,-0.000119096,0.00289382,0.00547408,0.0389581,0.047019,0.0005579,0.0326253,-0.000306862,0.0159247,0.000736357,0.000440967,0.00732154,-0.00136456,-0.00020574,0.000799173,0.0036408,0.00134924,0.00562961,0,0.00655848,0.00383232,0.00536231,0.0453558,0,0.0465856,0,0,0.0109235,0.0379626,0.00513927,0.00408831,0.00521484,0.0510987,0,0.0493716,0.0109583,0.0205405,0.0190409,
1.695,0.00761734,0.00200933,0.0106461,0.00232586,0.00948682,0.0345536,0.0012344,0.00863097,-8.41563e-05,-7.8535e-05,0.000389259,0.000824525,0.00699606,-0.00078927,0.017902,0.0257982,0.0124474,0.0012771,0.00133777,0.00216181,0.00718163,0.00295071,0.000955433,0.00109073,0.00601884,0.0312753,0.0147208,0.000625091,0.0259149,-6.43713e-05,0.0190416,1.14095e-05,0.00341771,0.00107994,-0.00107157,-0.000133025,0.00080319,0.0304422,0.00115753,0.0263062,0.0111458,0.00378881,0.0103265,0.00235435,0.0171293,0.0464981,0.00153499,0.00123799,-8.29176e-05,-8.9794e-05,0.000614442,0.00121983,-0.000321591,-0.000571049,0.0271087,0.0282849,0.016047,-0.00162866,0.00050882,0.00353062,-0.00212421,-0.0015557,-0.000128296,0.0028915,0.00562604,0.0388477,0.0470245,0.00054339,0.0327033,-0.000307743,0.0153097,0.000772215,0.000461442,0.00729045,-0.00136291,-0.000199649,0.000794731,0.00367108,0.0013462,0.00559758,0,0.00646001,0.00377323,0.00527496,0.045217,0,0.0465606,0,0,0.0111443,0.0375928,0.00509011,0.0040285,0.00522658,0.0508762,0,0.0492163,0.0108807,0.0202766,0.0192063,
1.7,0.0077934,0.00201803,0.0104116,0.00230694,0.009381,0.0344878,0.0012304,0.00859905,-8.04129e-05,-7.54154e-05,0.000383675,0.000814323,0.00691871,-0.000791902,0.0179072,0.0258017,0.0124823,0.00124909,0.0013006,0.00211237,0.00717318,0.00291164,0.000906308,0.00111096,0.0060967,0.0312046,0.0144909,0.000585491,0.0261061,-6.27949e-05,0.0188737,1.17484e-05,0.00340519,0.00106911,-0.00106283,-0.00012779,0.000794452,0.0302989,0.00115319,0.0263719,0.0115001,0.0038106,0.0101926,0.00234821,0.017059,0.046451,0.00153499,0.00128316,-8.22841e-05,-8.898e-05,0.000608892,0.00122075,-0.000318298,-0.000573029,0.027235,0.0284249,0.0162393,-0.00163983,0.000476837,0.00352127,-0.00214072,-0.00157256,-0.000143034,0.00288443,0.00576465,0.0387387,0.0470319,0.000525272,0.0327874,-0.000306862,0.0146265,0.000803433,0.000478082,0.00726071,-0.00136116,-0.000195133,0.000790868,0.00370384,0.00134291,0.0055677,0,0.00635652,0.00371078,0.00519102,0.0450947,0,0.0465436,0,0,0.011342,0.0372107,0.00503721,0.00396942,0.00523324,0.05066,0,0.0490755,0.0107725,0.0199803,0.0193656,
1.705,0.00794218,0.00202296,0.0101738,0.00228556,0.00926535,0.0344122,0.00122563,0.00860459,-7.67389e-05,-7.24518e-05,0.000377303,0.000803895,0.00684047,-0.000793942,0.0179072,0.0258,0.0125082,0.00121578,0.00126092,0.00206135,0.00715075,0.00286578,0.000850483,0.00112649,0.00617207,0.0311343,0.0142637,0.000542627,0.026299,-6.11527e-05,0.0186946,1.22002e-05,0.00338918,0.00105818,-0.00105424,-0.000122452,0.000785238,0.0301562,0.00114846,0.0264669,0.0118242,0.00382461,0.0100456,0.00233935,0.0169814,0.0463931,0.00153383,0.00132522,-8.19321e-05,-8.84915e-05,0.000603561,0.00122205,-0.000314606,-0.00057402,0.0273461,0.0285478,0.0164508,-0.00165508,0.00043924,0.00350636,-0.00217265,-0.00159952,-0.000164331,0.00287324,0.00588603,0.038634,0.0470411,0.000502778,0.0328782,-0.000304346,0.0138827,0.000830221,0.000491082,0.00723425,-0.00135951,-0.000191877,0.000787681,0.0037391,0.00133919,0.00554313,0,0.00625388,0.00364833,0.00511264,0.0449998,0,0.0465422,0,0,0.0115143,0.0368238,0.00498389,0.00391157,0.00523608,0.0504688,0,0.0489602,0.0106317,0.0196574,0.0195176,
1.71,0.00806266,0.00202392,0.00994294,0.00226324,0.0091419,0.0343362,0.00122043,0.00865418,-7.33422e-05,-6.94882e-05,0.000370358,0.000793168,0.00676242,-0.000795654,0.0179031,0.0257951,0.0125242,0.00117723,0.00121999,0.00200836,0.00711405,0.00281346,0.000787774,0.00113768,0.00624934,0.0310642,0.0140436,0.000496414,0.0264928,-5.93135e-05,0.0185081,1.23132e-05,0.00337095,0.00104773,-0.00104608,-0.000117423,0.00077555,0.030018,0.00114344,0.0265836,0.0121063,0.00382946,0.00989006,0.0023282,0.0168979,0.0463332,0.00153175,0.00136488,-8.19321e-05,-8.82473e-05,0.000598669,0.00122381,-0.000310216,-0.000574119,0.0274312,0.0286462,0.0166656,-0.0016744,0.000395827,0.0034857,-0.00221954,-0.00163614,-0.000193126,0.00285919,0.00598871,0.0385352,0.0470516,0.000475063,0.0329749,-0.000300131,0.0131442,0.000852791,0.000500313,0.00721279,-0.00135786,-0.000189776,0.000784977,0.00377684,0.00133547,0.00552615,0,0.00616518,0.00358878,0.00504248,0.0449358,0,0.046565,0,0,0.011661,0.0364416,0.00493148,0.00385503,0.00523725,0.0503112,0,0.0488731,0.0104549,0.019305,0.0196548,
1.715,0.00814157,0.00202068,0.00972747,0.00224148,0.00901131,0.0342484,0.0012149,0.00875547,-6.99454e-05,-6.66806e-05,0.000362912,0.00078229,0.00668347,-0.00079697,0.0178924,0.0257841,0.012527,0.00113409,0.00117906,0.00195388,0.00706015,0.00275351,0.000717436,0.00114502,0.00632256,0.0309932,0.0138352,0.000446592,0.0266701,-5.74087e-05,0.0183227,1.27651e-05,0.00335168,0.00103709,-0.00103896,-0.000112393,0.000765481,0.0298839,0.00113842,0.026716,0.0123307,0.00382271,0.00972941,0.00231513,0.016811,0.0462515,0.00152884,0.00140247,-8.20729e-05,-8.83287e-05,0.000594068,0.00122618,-0.000305327,-0.000573426,0.0274829,0.0287114,0.0168713,-0.00169763,0.000345898,0.00345898,-0.00228031,-0.00168166,-0.000231291,0.00284264,0.00606218,0.0384403,0.0470627,0.000441437,0.0330584,-0.000294155,0.012475,0.000871036,0.000506163,0.00719527,-0.00135631,-0.000188831,0.000783238,0.00381458,0.00133142,0.00551857,0,0.00609156,0.00353397,0.00498268,0.0448984,0,0.0466099,0,0,0.0117739,0.0360612,0.00488074,0.00380143,0.00523637,0.0501871,0,0.0488158,0.010242,0.0189217,0.0197737,
1.72,0.00817833,0.00201331,0.00953656,0.00222124,0.00887504,0.0341551,0.0012095,0.00891391,-6.68259e-05,-6.3795e-05,0.000355037,0.000771337,0.00660489,-0.00079822,0.0178771,0.0257689,0.012521,0.00108684,0.00113915,0.00189723,0.00698995,0.0026856,0.00063863,0.00114878,0.00638967,0.0309218,0.0136417,0.000393162,0.0268224,-5.57009e-05,0.0181411,1.2991e-05,0.00333286,0.00102682,-0.0010333,-0.000107569,0.000755223,0.029753,0.00113312,0.0268592,0.0124878,0.00380316,0.0095693,0.00230091,0.0167204,0.0461509,0.00152502,0.00143843,-8.24952e-05,-8.86543e-05,0.000589832,0.00122932,-0.000299939,-0.000572039,0.0274931,0.0287362,0.0170488,-0.00172404,0.000288749,0.00342652,-0.00235341,-0.00173539,-0.00028036,0.00282448,0.0061045,0.0383477,0.0470733,0.000401209,0.0331232,-0.000286606,0.011922,0.00088538,0.000508893,0.00718112,-0.00135486,-0.000188726,0.000782176,0.00385124,0.00132728,0.0055197,0,0.00603873,0.00348688,0.00493558,0.0448883,0,0.046679,0,0,0.01185,0.0356838,0.00483233,0.0037516,0.00523431,0.0500943,0,0.0487889,0.00999022,0.0185064,0.0198692,
1.725,0.00816622,0.0020016,0.00937535,0.00220393,0.00873414,0.034049,0.00120449,0.00912863,-6.39144e-05,-6.12994e-05,0.000346732,0.000760235,0.00652647,-0.000799405,0.0178577,0.0257496,0.0125073,0.00103591,0.0011005,0.00183919,0.0069011,0.00260871,0.000550149,0.00114944,0.00644929,0.0308517,0.013468,0.00033561,0.0269343,-5.41244e-05,0.0179693,1.34429e-05,0.00331618,0.00101684,-0.00102977,-0.000102642,0.00074468,0.0296211,0.001128,0.027009,0.0125691,0.00377012,0.00941276,0.00228617,0.0166255,0.0460195,0.00152037,0.00147301,-8.32695e-05,-8.93056e-05,0.000585962,0.00123307,-0.000294052,-0.00056996,0.0274588,0.0287196,0.0171886,-0.00175306,0.000222979,0.00338817,-0.00243619,-0.00179576,-0.000342293,0.00280542,0.00610975,0.0382531,0.0470822,0.00035338,0.0331546,-0.000277548,0.0115083,0.000896031,0.000508438,0.00716871,-0.00135321,-0.000189671,0.000781693,0.00388498,0.00132323,0.0055274,0,0.00600344,0.00344797,0.00490195,0.0449012,0,0.0467658,0,0,0.0118846,0.0353122,0.004786,0.00370627,0.0052304,0.0500223,0,0.0487824,0.00969757,0.0180652,0.0199409,
1.73,0.00811109,0.00198568,0.00925012,0.00219003,0.00859151,0.0339437,0.00120017,0.00939346,-6.10029e-05,-5.84918e-05,0.00033814,0.000749132,0.00644939,-0.000800589,0.0178303,0.0257267,0.012491,0.000981735,0.00106378,0.00177908,0.00679185,0.00252311,0.000449758,0.00114719,0.00650126,0.0307833,0.0133156,0.000273934,0.0270073,-5.30735e-05,0.0178073,1.41206e-05,0.00330291,0.00100723,-0.00102926,-9.79209e-05,0.000734041,0.0294876,0.00112289,0.0271616,0.0125695,0.00372342,0.00926386,0.00227134,0.0165293,0.0458723,0.00151469,0.00150648,-8.4255e-05,-9.02011e-05,0.00058253,0.00123743,-0.000287765,-0.000567484,0.0273771,0.0286588,0.0172758,-0.00178413,0.000147884,0.0033444,-0.0025269,-0.00186085,-0.000417772,0.002786,0.00608271,0.0381557,0.0470891,0.000297413,0.0331597,-0.000266853,0.0112152,0.000902992,0.000505123,0.00715764,-0.00135156,-0.000191247,0.000782079,0.00391504,0.00131926,0.00553781,0,0.00599262,0.00341924,0.00488304,0.0449458,0,0.0468776,0,0,0.0118838,0.0349477,0.00474216,0.00366667,0.00522521,0.0499773,0,0.0488013,0.00937094,0.0176091,0.019985,
1.735,0.00801,0.00196528,0.00916197,0.00218019,0.00844917,0.0338273,0.00119693,0.00969689,-5.83687e-05,-5.60741e-05,0.000329406,0.000738104,0.00637265,-0.000802037,0.0178015,0.025702,0.0124816,0.000925292,0.00102924,0.00171768,0.00666338,0.0024287,0.000334667,0.00114258,0.00654049,0.0307164,0.0131857,0.000207619,0.0270309,-5.22196e-05,0.0176565,1.49114e-05,0.00329424,0.000997911,-0.00103212,-9.3302e-05,0.000723403,0.0293484,0.00111797,0.0273139,0.01249,0.00366426,0.00912478,0.00225722,0.0164309,0.0456969,0.00150819,0.00153917,-8.54516e-05,-9.13408e-05,0.000579609,0.00124263,-0.00028118,-0.000564514,0.0272513,0.0285579,0.0173075,-0.00181667,6.08579e-05,0.00329538,-0.00262355,-0.00192917,-0.00050654,0.00276587,0.00602134,0.0380514,0.0470927,0.000232234,0.0331286,-0.000254649,0.0110389,0.000906683,0.000499013,0.00714667,-0.0013494,-0.000194082,0.000783238,0.00394024,0.00131529,0.00554528,0,0.00600249,0.00340125,0.00487813,0.045017,0,0.0470078,0,0,0.0118398,0.0345908,0.00469999,0.00363173,0.00521826,0.0499488,0,0.0488368,0.00901518,0.0171533,0.0199985,
1.74,0.00787129,0.0019406,0.00911568,0.00217546,0.00831183,0.0337172,0.00119502,0.0100236,-5.58038e-05,-5.37344e-05,0.000320385,0.000727152,0.00629786,-0.000803748,0.0177674,0.025678,0.0124814,0.000866798,0.000998339,0.0016551,0.00651365,0.00232624,0.000201154,0.00113561,0.00656699,0.0306534,0.013078,0.00013658,0.027011,-5.19568e-05,0.0175159,1.6267e-05,0.00329128,0.000989152,-0.00103918,-8.87857e-05,0.000712765,0.0292036,0.00111314,0.0274638,0.0123337,0.00359342,0.00899788,0.0022444,0.0163328,0.0455173,0.001501,0.00157126,-8.68593e-05,-9.27248e-05,0.000577053,0.00124868,-0.000274195,-0.000561246,0.0270873,0.0284213,0.0172782,-0.00184971,-4.02043e-05,0.00324137,-0.00272263,-0.00199944,-0.000606467,0.00274609,0.00593281,0.0379411,0.0470938,0.000156921,0.0330751,-0.000241124,0.0109841,0.000907105,0.000490237,0.00713628,-0.00134682,-0.000197443,0.000785073,0.00396111,0.00131158,0.00554336,0,0.00604252,0.00339543,0.00488742,0.0451242,0,0.0471653,0,0,0.0117602,0.0342451,0.00465923,0.00360063,0.00520857,0.0499438,0,0.0488971,0.00863584,0.0167217,0.0199814,
1.745,0.00769246,0.0019115,0.00911212,0.00217641,0.00818558,0.0336003,0.00119477,0.0103557,-5.35162e-05,-5.13948e-05,0.000311436,0.000716349,0.00622475,-0.000805854,0.017735,0.0256583,0.0125044,0.000807031,0.000970632,0.00159261,0.00634352,0.002217,4.47525e-05,0.00112677,0.00657697,0.0305959,0.0129942,6.0731e-05,0.0269374,-5.22196e-05,0.017387,1.77355e-05,0.00329484,0.000980959,-0.00105078,-8.44747e-05,0.000702222,0.0290526,0.00110851,0.0276086,0.0121012,0.00351377,0.00888457,0.00223335,0.0162336,0.0453219,0.00149264,0.00160274,-8.86894e-05,-9.44344e-05,0.000575081,0.00125549,-0.000267011,-0.00055778,0.0268917,0.0282583,0.0171924,-0.00188288,-0.000159113,0.0031826,-0.00282325,-0.0020701,-0.000714914,0.00272676,0.00581644,0.0378227,0.0470911,7.06299e-05,0.0329899,-0.000226404,0.0110629,0.000904469,0.000478797,0.00712627,-0.00134383,-0.000201854,0.000787584,0.00397668,0.00130794,0.0055274,0,0.00610665,0.00340188,0.00490889,0.0452637,0,0.0473425,0,0,0.0116378,0.0339135,0.00461797,0.00357273,0.00519517,0.0499616,0,0.0489761,0.00823986,0.0163334,0.0199379,
1.75,0.00748518,0.00187805,0.00915325,0.00218303,0.00807658,0.0334948,0.00119648,0.0106743,-5.12979e-05,-4.92891e-05,0.000302415,0.000705771,0.0061564,-0.000808421,0.017703,0.0256466,0.012555,0.000746628,0.000946917,0.00153141,0.00615329,0.00210238,-0.000137793,0.00111623,0.00656854,0.0305463,0.0129352,-1.99287e-05,0.0268181,-5.30735e-05,0.0172684,1.97689e-05,0.00330521,0.000973519,-0.00106724,-8.02664e-05,0.000691868,0.0288982,0.00110446,0.027746,0.0118055,0.00342823,0.00878635,0.00222466,0.0161356,0.0451347,0.00148359,0.00163397,-9.07307e-05,-9.6551e-05,0.000573474,0.00126306,-0.000259727,-0.000554117,0.0266768,0.0280812,0.0170566,-0.00191574,-0.000299377,0.00311949,-0.00292277,-0.00214113,-0.00082975,0.00270797,0.00568239,0.0376993,0.0470854,-2.74843e-05,0.0328889,-0.000210677,0.0112825,0.000898879,0.000464757,0.00711818,-0.00134001,-0.00020721,0.000790868,0.00398869,0.00130465,0.00549435,0,0.00619904,0.00341943,0.00494103,0.0454492,0,0.0475507,0,0,0.0114801,0.0336031,0.00457771,0.00354655,0.00517677,0.0500094,0,0.0490864,0.00783139,0.0160044,0.0198649,
1.755,0.00724684,0.00184004,0.00923613,0.00219494,0.00799023,0.0333916,0.00120017,0.0109593,-4.94262e-05,-4.72614e-05,0.000293537,0.000695419,0.006096,-0.000811448,0.0176768,0.0256449,0.0126331,0.000685163,0.000924341,0.00147367,0.00594325,0.00198358,-0.000171102,0.001104,0.00653739,0.0305083,0.012906,-0.000105055,0.0266436,-5.43215e-05,0.0171611,2.21412e-05,0.00332211,0.000967209,-0.00108855,-7.61607e-05,0.0006818,0.0287439,0.0011006,0.0278744,0.0114512,0.00334096,0.00870408,0.00221861,0.0160422,0.0449431,0.00147361,0.00166511,-9.29831e-05,-9.85862e-05,0.000572379,0.00127148,-0.000252244,-0.000550354,0.0264543,0.0279005,0.0168774,-0.00194764,-0.000464505,0.00305196,-0.00302052,-0.00221191,-0.00094842,0.00269007,0.00553066,0.0375729,0.047076,-0.000138112,0.0327625,-0.000194384,0.011649,0.000890547,0.000448182,0.00711241,-0.00133558,-0.000213407,0.000794827,0.0039968,0.00130161,0.00544477,0,0.00630254,0.00344533,0.00498065,0.0456743,0,0.0477839,0,0,0.0112816,0.0333191,0.00453786,0.00352085,0.00515093,0.0500872,0,0.0492301,0.00741322,0.0157318,0.0197675,
1.76,0.00697655,0.00179745,0.00936971,0.00221235,0.00793222,0.0333201,0.00120595,0.011191,-4.76932e-05,-4.53116e-05,0.000284803,0.000685367,0.00605326,-0.000815002,0.0176614,0.025654,0.0127429,0.00062193,0.000904388,0.00142196,0.00571428,0.0018641,-0.000223483,0.00109026,0.0064887,0.0304786,0.0129131,-6.51119e-05,0.026426,-5.6292e-05,0.0170703,2.47394e-05,0.00334523,0.000962971,-0.00111441,-7.22603e-05,0.000672111,0.0286008,0.00109712,0.0279919,0.0110353,0.00325369,0.00863885,0.00221606,0.0159508,0.0447868,0.00146282,0.00169608,-9.53763e-05,-0.000101191,0.000571795,0.00128082,-0.00024496,-0.000546492,0.0262374,0.0277292,0.0166703,-0.00197858,-0.000654298,0.0029804,-0.00311343,-0.00228307,-0.00106947,0.00267343,0.00535976,0.0374518,0.0470634,-0.00011485,0.0326436,-0.000177651,0.0121607,0.000879368,0.000429137,0.00711347,-0.00133021,-0.000220443,0.00079956,0.00400394,0.00129882,0.00538138,0,0.00643004,0.00348288,0.00502988,0.0459785,0,0.0480598,0,0,0.0110467,0.0330745,0.00450359,0.00349197,0.00511844,0.0502313,0,0.0494318,0.00698672,0.0154985,0.0196481,
1.765,0.00673529,0.00175038,0.00952526,0.00223212,0.00791082,0.0333026,0.00121382,0.0113521,-4.60988e-05,-4.37519e-05,0.000276283,0.000675764,0.00602925,-0.000818951,0.0176538,0.0256778,0.0128889,0.00055502,0.00087976,0.00137628,0.00546812,0.00174655,-0.000292426,0.00107493,0.00643174,0.030477,0.012952,-6.159e-05,0.0261944,-5.86567e-05,0.0170015,2.79024e-05,0.00337339,0.000960993,-0.00114438,-6.83599e-05,0.000662898,0.0284748,0.00109394,0.0280973,0.0106049,0.00317991,0.00859034,0.00221597,0.0158619,0.0446573,0.0014511,0.00172713,-9.80511e-05,-0.000103878,0.000571722,0.00129107,-0.000237576,-0.00054263,0.0260356,0.0275758,0.0164513,-0.00200811,-0.000864544,0.00290508,-0.0032037,-0.00235341,-0.00118951,0.00265822,0.00522321,0.0373389,0.0470482,-0.000121069,0.0325166,-0.000161169,0.0128098,0.000865868,0.000407426,0.00712155,-0.00132402,-0.000228425,0.000804968,0.00401086,0.00129629,0.00530996,0,0.00653685,0.00351442,0.00507281,0.0463065,0,0.0483577,0,0,0.0108109,0.0328523,0.00447248,0.00346079,0.00507723,0.0503954,0,0.0496683,0.00655468,0.01529,0.0195127,
1.77,0.00657907,0.00169903,0.00968696,0.00225189,0.00794099,0.0334022,0.00122373,0.0114301,-4.4851e-05,-4.21141e-05,0.000268121,0.000666612,0.00603534,-0.000823426,0.017662,0.025717,0.0130646,0.00048238,0.000848177,0.0013391,0.00520856,0.00163789,-0.000378675,0.00105799,0.00637788,0.0305166,0.0130226,-6.67439e-05,0.0260174,-6.15468e-05,0.0169649,3.11784e-05,0.00340526,0.00096137,-0.00117781,-6.487e-05,0.000654064,0.0283846,0.00109114,0.0281883,0.0102319,0.00313684,0.00855832,0.00221791,0.0157791,0.04464,0.00143869,0.00175819,-0.000100867,-0.000106727,0.00057216,0.00130209,-0.000230292,-0.000538669,0.0258577,0.0274486,0.0162369,-0.00203644,-0.00108381,0.00282558,-0.00329133,-0.00242336,-0.00129864,0.0026448,0.00517426,0.0372528,0.0470337,-0.00013911,0.0324453,-0.000144939,0.0135983,0.000849838,0.000383246,0.00714311,-0.00131691,-0.000237247,0.000811246,0.00402448,0.00129393,0.00523933,0,0.006621,0.00353188,0.00510677,0.0466833,0,0.0486829,0,0,0.0106195,0.032633,0.00444703,0.003427,0.00502683,0.0506029,0,0.0499586,0.00611986,0.0150846,0.0193803,
1.775,0.0064634,0.00164333,0.00984239,0.00226854,0.00800855,0.0335721,0.00123522,0.0114193,-4.37419e-05,-4.07103e-05,0.000260389,0.000657985,0.00607137,-0.000828098,0.0176855,0.0257712,0.0132684,0.000398989,0.000806561,0.00131063,0.00493618,0.00153837,-0.000482229,0.00103955,0.00632901,0.0305746,0.0131257,-7.24992e-05,0.0258805,-6.4634e-05,0.0169712,3.46803e-05,0.00343891,0.000964949,-0.00121358,-6.14828e-05,0.000645896,0.028337,0.00108863,0.0282629,0.00993349,0.00312473,0.00854053,0.0022208,0.015701,0.0446633,0.00142534,0.00178899,-0.000103964,-0.000109739,0.000573036,0.00131387,-0.000223208,-0.000534709,0.0257071,0.027351,0.0160388,-0.0020638,-0.00123731,0.00274255,-0.00337566,-0.00249269,-0.00139541,0.00263343,0.00518351,0.0371937,0.0470203,-0.000162602,0.0324003,-0.000129589,0.0145102,0.000831487,0.000356335,0.00717814,-0.00130896,-0.000246909,0.000818199,0.00404449,0.00129173,0.00518058,0,0.00666454,0.00353297,0.00512588,0.0470853,0,0.0490249,0,0,0.0104496,0.0323984,0.00442856,0.00338707,0.00496693,0.0508384,0,0.0502843,0.0056795,0.0148738,0.0192584,
1.78,0.00637384,0.00158351,0.0099837,0.00228017,0.00809663,0.0338047,0.00124805,0.0113231,-4.28407e-05,-3.95404e-05,0.000253015,0.000649958,0.00613883,-0.000833166,0.0177232,0.0258413,0.0135041,0.000298057,0.000753543,0.00128878,0.00465448,0.00144681,-0.000600204,0.00101923,0.0062958,0.0306362,0.0132572,-7.88558e-05,0.0257802,-6.78526e-05,0.0170322,4.37175e-05,0.00347256,0.000971824,-0.00125098,-5.81983e-05,0.000638392,0.028332,0.00108631,0.0283195,0.00970963,0.00313857,0.00853481,0.00222361,0.0156266,0.0447051,0.0014113,0.00181996,-0.00010699,-0.000112996,0.000574351,0.00132619,-0.000216123,-0.000530649,0.0255864,0.0272833,0.0158718,-0.00209053,-0.001348,0.00265526,-0.00345844,-0.00256164,-0.00148239,0.00262368,0.00523233,0.0371586,0.0470072,-0.000190854,0.0323687,-0.000115121,0.0154884,0.000811027,0.00032663,0.00722501,-0.0013002,-0.000257516,0.000825925,0.00406925,0.0012897,0.00514481,0,0.0066653,0.00351624,0.00512546,0.0474996,0,0.0493744,0,0,0.0103021,0.0321297,0.00441916,0.00333716,0.00490106,0.0510966,0,0.0506406,0.00523289,0.014645,0.0191512,
1.785,0.00631199,0.00151993,0.0101095,0.00228632,0.00819098,0.0341081,0.0012617,0.0111503,-4.22168e-05,-3.84486e-05,0.000246285,0.000642531,0.00623534,-0.000838167,0.0177783,0.0259257,0.0137684,0.00017244,0.000691517,0.0012695,0.00436491,0.00136389,-0.000729159,0.000996743,0.00629055,0.0306886,0.0134043,-8.58136e-05,0.0257415,-7.09398e-05,0.0171542,5.58048e-05,0.00350398,0.000981901,-0.00128859,-5.52216e-05,0.000631553,0.0283738,0.00108419,0.0283572,0.00954845,0.00317126,0.00853783,0.00222519,0.0155556,0.044794,0.00139645,0.00185041,-0.000110228,-0.000116252,0.00057603,0.0013392,-0.000209139,-0.000526391,0.0254923,0.0272399,0.0157425,-0.00211701,-0.00142811,0.00256395,-0.00354123,-0.00263109,-0.0015629,0.00261625,0.00417432,0.0371516,0.0469964,-0.00022402,0.0323848,-0.000101784,0.0164162,0.000788563,0.000294064,0.00728497,-0.00129071,-0.000268544,0.000834521,0.00410094,0.00128751,0.0051404,0,0.00664443,0.00348542,0.00510687,0.0479483,0,0.0497414,0,0,0.0101946,0.0318146,0.00442132,0.00327202,0.0048349,0.0513855,0,0.0510404,0.00477172,0.0143856,0.0190715,
1.79,0.00625657,0.00145274,0.0101987,0.00228386,0.00826875,0.0344272,0.00127548,0.0109157,-4.18009e-05,-3.75127e-05,0.000240056,0.000635854,0.0063519,-0.000842906,0.0178491,0.0260257,0.0140631,7.63886e-06,0.000613529,0.00124963,0.0040701,0.00128289,-0.000865556,0.000971716,0.00631705,0.0307275,0.0135609,-9.35446e-05,0.0257319,-7.36986e-05,0.0173407,7.06032e-05,0.00353125,0.000994709,-0.00132562,-5.23476e-05,0.000625474,0.0284479,0.00108187,0.0283757,0.00942769,0.00321451,0.00854613,0.00222414,0.0154875,0.0448275,0.0013809,0.00188043,-0.000113537,-0.000119508,0.000578221,0.00135221,-0.000202354,-0.000521836,0.025417,0.0272167,0.0156505,-0.00214355,-0.00149017,0.00246789,-0.00362401,-0.00270168,-0.00164016,0.00261133,0.00511973,0.037157,0.0469845,-0.000262866,0.0323678,-8.92656e-05,0.017121,0.000764095,0.000258379,0.00734935,-0.0012807,-0.000280201,0.000844082,0.00413284,0.00128531,0.00517017,0,0.00655298,0.00342752,0.00506533,0.0483424,0,0.0500754,0,0,0.0101134,0.0314289,0.00443596,0.00319511,0.00476972,0.0516423,0,0.0514474,0.00429529,0.0140878,0.0190146,
1.795,0.00619939,0.00138238,0.0102065,0.00226437,0.00830393,0.0346623,0.00128863,0.0106369,-4.14543e-05,-3.67328e-05,0.000234687,0.000629853,0.00647861,-0.000847381,0.0179378,0.0261397,0.0143913,-0.000223578,0.000506238,0.00123054,0.00377413,0.00120458,-0.00100772,0.000943584,0.00635671,0.0307342,0.013712,-0.000102564,0.0257288,-7.58005e-05,0.0175915,8.7548e-05,0.00355245,0.00100884,-0.00136088,-4.95763e-05,0.00062025,0.0285296,0.00107965,0.0283758,0.00931746,0.00326208,0.00855034,0.00221817,0.0154143,0.044736,0.00136443,0.00190942,-0.000116634,-0.000122765,0.000580704,0.0013646,-0.000195469,-0.000516984,0.0253553,0.0272035,0.0155963,-0.00217028,-0.0015433,0.00236691,-0.00370944,-0.00277398,-0.00171598,0.00260713,0.00528367,0.0371551,0.0469701,-0.000308315,0.0323075,-7.7502e-05,0.0176005,0.000737623,0.000219183,0.00740892,-0.00126987,-0.000292174,0.000854029,0.00416161,0.00128278,0.00523299,0,0.00635585,0.00333952,0.0049799,0.0486308,0,0.0503373,0,0,0.0100275,0.0309386,0.00444495,0.00310076,0.00470542,0.0517935,0,0.0517921,0.00379529,0.01373,0.0189766,
1.8,0.00616,0.00130864,0.0101318,0.00222815,0.00829574,0.0348649,0.00130057,0.010332,-4.13849e-05,-3.61869e-05,0.000229818,0.000624527,0.00661495,-0.000850935,0.0180421,0.0262706,0.0147556,-0.00055799,0.000366909,0.00120751,0.00347873,0.00112988,-0.00115426,0.000912066,0.00641969,0.0307241,0.0138522,-0.000113302,0.0257734,-7.71799e-05,0.017898,0.000105961,0.00356623,0.00102381,-0.00139358,-4.72155e-05,0.000615786,0.0286112,0.00107695,0.0283567,0.0092159,0.00331216,0.00854279,0.00220544,0.0153354,0.0446023,0.00134691,0.00193738,-0.000119731,-0.000125858,0.000583552,0.00137639,-0.000188584,-0.000511439,0.0252998,0.0271955,0.0155746,-0.0021979,-0.00159283,0.00226053,-0.00379817,-0.00284886,-0.00179163,0.00260203,0.00537642,0.0371473,0.0469555,-0.000360827,0.0322538,-6.62415e-05,0.0179056,0.000709358,0.000176023,0.00746387,-0.00125832,-0.000304461,0.000864846,0.00419037,0.00127974,0.00532411,0,0.00609498,0.00322607,0.00486008,0.0488631,0,0.0505543,0,0,0.00996711,0.0303312,0.00444678,0.0029957,0.00464474,0.0518684,0,0.0520692,0.00326824,0.0133075,0.0189515,
1.805,0.00615942,0.00123209,0.00998211,0.00217905,0.00823097,0.0350728,0.00131041,0.0100175,-4.14543e-05,-3.5797e-05,0.000225809,0.000620026,0.00674511,-0.000853435,0.0181658,0.026416,0.0151544,-0.00101915,0.000197479,0.00116826,0.00319062,0.00105962,-0.00129475,0.000876501,0.00653163,0.0306833,0.0139551,-0.000126702,0.0259296,-7.71142e-05,0.0182558,0.000124826,0.00357112,0.00103737,-0.00142289,-4.48547e-05,0.000612271,0.028689,0.00107377,0.0283187,0.00913013,0.00335497,0.0085181,0.00218526,0.0152465,0.0444796,0.00132822,0.00196353,-0.000122687,-0.000129033,0.000586619,0.00138763,-0.0001816,-0.000505102,0.0252438,0.0271883,0.0155763,-0.00222642,-0.00164096,0.00214807,-0.00389108,-0.00292678,-0.00186847,0.0025963,0.00549153,0.0371369,0.0469458,-0.000420939,0.0322546,-5.52327e-05,0.0180531,0.000678984,0.000128442,0.00751584,-0.00124584,-0.000316749,0.000876049,0.00422281,0.00127619,0.00543877,0,0.00583192,0.00309407,0.00472072,0.0490594,0,0.0507574,0,0,0.00997378,0.0296128,0.00444145,0.00288401,0.00459375,0.0518827,0,0.0522869,0.00270304,0.0128177,0.0189429,
1.81,0.00620858,0.00115223,0.00978002,0.00212287,0.00812159,0.0353703,0.00131752,0.00970972,-4.16622e-05,-3.5407e-05,0.000222444,0.00061635,0.00687014,-0.00085462,0.0183058,0.0265763,0.0155817,-0.00155939,-9.46347e-06,0.00111833,0.00291446,0.000991871,-0.00142203,0.000836609,0.00672066,0.0306425,0.0140215,-0.000142937,0.0262408,-7.56691e-05,0.018656,0.000143127,0.00356623,0.00104905,-0.00144772,-4.28019e-05,0.000609612,0.0287651,0.00107,0.0282619,0.00907917,0.00338792,0.00847907,0.00215622,0.0151464,0.0443787,0.00130803,0.00198753,-0.000125573,-0.000131801,0.000589832,0.00139842,-0.000174316,-0.000497774,0.0251837,0.027176,0.0155988,-0.00225589,-0.00168968,0.00202939,-0.00398927,-0.00300823,-0.00194702,0.00258986,0.00566026,0.0371317,0.0469422,-0.000488191,0.0322614,-4.44126e-05,0.0180603,0.000646396,7.57912e-05,0.00756752,-0.00123253,-0.000328722,0.000887734,0.00425774,0.00127163,0.00557324,0,0.00557778,0.00293163,0.004574,0.0492248,0,0.0509633,0,0,0.0100856,0.0287991,0.00444079,0.00278173,0.00455764,0.0518535,0,0.0524618,0.00207682,0.0122752,0.0189515,
1.815,0.00622491,0.00106906,0.00951249,0.00205363,0.00797742,0.0355538,0.00132089,0.00942247,-4.20088e-05,-3.51731e-05,0.000219938,0.000613349,0.00698723,-0.000853962,0.0184586,0.0267465,0.0160258,-0.00203696,-0.000297016,0.0010766,0.00264965,0.000929743,-0.00153861,0.000791636,0.00691898,0.0305794,0.0140635,-0.000163553,0.026545,-7.25162e-05,0.0190933,0.00015962,0.00355111,0.00105922,-0.00146748,-4.08517e-05,0.000607712,0.0288203,0.00106518,0.0281881,0.00903433,0.00341378,0.00842171,0.00211814,0.0150336,0.0441347,0.0012861,0.00200878,-0.000128107,-0.000134406,0.000593192,0.00140783,-0.000166832,-0.00048906,0.0251186,0.0271612,0.0156336,-0.00228638,-0.00173911,0.00190399,-0.0040943,-0.00309403,-0.00202769,0.0025818,0.00580777,0.0371088,0.0469376,-0.000561969,0.0322,-3.35297e-05,0.0179585,0.000611276,1.74853e-05,0.00760862,-0.00121799,-0.000340484,0.000899613,0.00428629,0.00126597,0.00572662,0,0.00523248,0.0027429,0.00439384,0.0492787,0,0.0511186,0,0,0.0101582,0.0278831,0.0044279,0.00266431,0.00452319,0.0517336,0,0.0525713,0.00137987,0.0116491,0.0189637,
1.82,0.00621397,0.000981902,0.00920298,0.0019737,0.00781532,0.0356357,0.00132,0.00916714,-4.23554e-05,-3.50171e-05,0.00021822,0.000611098,0.00709249,-0.000851198,0.0186227,0.0269222,0.0164681,-0.00212565,-0.000677265,0.00103152,0.00241165,0.000864177,-0.00164896,0.00074083,0.00710258,0.0305066,0.0140841,-0.000189666,0.0268235,-6.73928e-05,0.0195594,0.000173063,0.00352554,0.00106826,-0.00148188,-3.91068e-05,0.000606572,0.0288545,0.00105939,0.0280987,0.00898729,0.00343316,0.00834398,0.00207102,0.0149021,0.0438316,0.00126185,0.00202676,-0.000130289,-0.000136604,0.000596697,0.00141594,-0.000158949,-0.000478762,0.0250496,0.0271434,0.015681,-0.00231809,-0.00179005,0.00177244,-0.00420526,-0.00318426,-0.00211067,0.00257124,0.00593486,0.0370763,0.0469335,-0.000641734,0.0321282,-2.22063e-05,0.0177956,0.000573308,-4.68657e-05,0.00764095,-0.00120179,-0.000351407,0.000911589,0.00431127,0.00125905,0.00590071,0,0.00488765,0.00254182,0.00419052,0.0493003,0,0.0512532,0,0,0.0101821,0.0268953,0.00439529,0.00253453,0.004481,0.0515831,0,0.0526642,0.000614257,0.0109293,0.0189747,
1.825,0.00618436,0.000890107,0.00888315,0.00188952,0.00764647,0.0356404,0.00131403,0.00894882,-4.291e-05,-3.49391e-05,0.000217074,0.000609748,0.00718044,-0.000845933,0.0187927,0.0270967,0.0168789,-0.0022007,-0.00110768,0.00098139,0.0021987,0.000815464,-0.00175688,0.00068372,0.00726434,0.0304359,0.0140824,-0.000222909,0.0271036,-6.01018e-05,0.0200523,0.000182213,0.0034893,0.00107495,-0.00149004,-3.75671e-05,0.000606287,0.0288842,0.00105225,0.0279971,0.0089399,0.00344388,0.00824975,0.00201635,0.0147515,0.0435665,0.00123505,0.00204078,-0.000132189,-0.000138639,0.000600275,0.0014236,-0.000150568,-0.000466484,0.0249799,0.0271271,0.0157368,-0.00235056,-0.00184238,0.00163704,-0.00432459,-0.00327998,-0.00219782,0.00255764,0.00605522,0.0370583,0.0469361,-0.000726567,0.0321307,-1.06314e-05,0.0176318,0.000532071,-2.65204e-05,0.00767425,-0.00118353,-0.000361594,0.000923661,0.0043422,0.00125043,0.00609936,0,0.00459832,0.00234419,0.00399328,0.0493766,0,0.0514246,0,0,0.0101731,0.0258812,0.00434455,0.00240378,0.00442522,0.0514675,0,0.0527919,0.000198858,0.0101328,0.0189717,
1.83,0.00611231,0.00079367,0.00858259,0.0018058,0.00748794,0.0355325,0.00130247,0.00876796,-4.33259e-05,-3.48611e-05,0.000216716,0.000609073,0.00724569,-0.000837904,0.0189577,0.0272588,0.0172282,-0.00226987,-0.00137882,0.00093324,0.00200759,0.000738915,-0.00186472,0.000619648,0.00738195,0.0303675,0.014062,-0.000265344,0.02735,-5.09059e-05,0.0205687,0.000185263,0.00344291,0.00107956,-0.00149165,-3.62328e-05,0.000606667,0.0289205,0.00104347,0.0278847,0.00888776,0.00344449,0.00814344,0.00195607,0.0145837,0.0433192,0.00120488,0.00205025,-0.000133738,-0.000140186,0.000603634,0.00143087,-0.000141887,-0.000451928,0.0249175,0.0271207,0.0158063,-0.00238399,-0.00189602,0.00149983,-0.00445207,-0.00338081,-0.00228957,0.00254118,0.00614945,0.0370646,0.0469469,-0.00081616,0.032208,1.57269e-06,0.0175477,0.000486827,-3.84156e-05,0.00771371,-0.00116301,-0.000370836,0.000936119,0.00438135,0.0012403,0.00632654,0,0.00437283,0.00216129,0.00380906,0.0495118,0,0.0516615,0,0,0.0100903,0.024887,0.00426968,0.00226991,0.00434663,0.0514112,0,0.052998,0.000770292,0.00926792,0.0189502,
1.835,0.00598117,0.000693918,0.00833176,0.00172758,0.00735455,0.0352882,0.00128456,0.00862209,-4.38112e-05,-3.49391e-05,0.000216931,0.000609073,0.00728295,-0.000826585,0.0191087,0.0273959,0.017484,-0.00233551,-0.00156729,0.000884003,0.0018363,0.000757612,-0.00197367,0.000547954,0.00742876,0.0303195,0.0140346,-0.000319117,0.0275162,-3.95424e-05,0.0210997,0.000181083,0.00338673,0.00108164,-0.00148622,-3.50011e-05,0.000607617,0.0289722,0.00103324,0.0277623,0.00883018,0.00343471,0.00803325,0.00189219,0.0144029,0.0430733,0.00117123,0.00205455,-0.000134864,-0.000141244,0.000606994,0.00143806,-0.000132508,-0.000434896,0.024869,0.0271322,0.015895,-0.00241767,-0.00195096,0.00136148,-0.00458726,-0.00348727,-0.00238643,0.0025214,0.00620524,0.037104,0.0469651,-0.000910051,0.0323296,1.45316e-05,0.0176395,0.000437047,-5.26508e-05,0.00776144,-0.00113949,-0.000378818,0.000948771,0.00442828,0.00122822,0.00658439,0,0.00422171,0.0020002,0.00365198,0.049711,0,0.0519697,0,0,0.00990317,0.023948,0.00417045,0.00214145,0.0042332,0.0514376,0,0.0533092,-0.00145789,0.00835505,0.0188988,
1.84,0.00578513,0.000590924,0.00816123,0.00165995,0.00726888,0.0349259,0.0012598,0.00850673,-4.42964e-05,-3.50171e-05,0.000217647,0.000609748,0.00729805,-0.000811909,0.0192332,0.0274952,0.0176181,-0.00239797,-0.00169807,0.000842279,0.00169851,0.000524862,-0.00208439,0.000467793,0.00738651,0.030312,0.0140248,-0.000386118,0.0275673,-2.6274e-05,0.021642,0.000167753,0.00332129,0.0010822,-0.00147343,-3.3872e-05,0.000609042,0.0290505,0.00102108,0.0276296,0.008758,0.00341845,0.00793007,0.00182743,0.014206,0.042838,0.00113317,-0.010811,-0.000135568,-0.000141814,0.000610207,0.0014454,-0.000123029,-0.000414894,0.0248467,0.0271712,0.0160099,-0.0024518,-0.00200671,0.00122403,-0.00473081,-0.00359846,-0.00248755,0.00249912,0.00621859,0.0371848,0.0469881,-0.00100778,0.0324736,2.856e-05,0.017995,0.000381573,-6.88361e-05,0.00782024,-0.00111277,-0.000385539,0.000961809,0.00448192,0.00121395,0.00687167,0,0.00414098,0.00186521,0.00352853,0.0499979,0,0.0523559,0,0,0.00960347,0.0231026,0.00405008,0.00202591,0.00407523,0.0515738,0,0.0537547,-0.00400368,0.00744158,0.0188032,
1.845,0.00559624,0.000484394,0.00810426,0.00161104,0.00727485,0.0345341,0.00122773,0.00841749,-4.45044e-05,-3.48611e-05,0.000218721,0.000611023,0.0073022,-0.000793548,0.0193195,0.0275427,0.0176065,-0.00245731,-0.00179931,0.000805697,0.00158431,0.00116778,-0.00219734,0.000377942,0.00725599,0.0303754,0.0140482,-0.000467379,0.0275383,-1.11664e-05,0.0221979,0.000144031,0.00324726,0.00108239,-0.00145316,-3.28456e-05,0.000610941,0.0291818,0.0010067,0.0274882,0.00873252,0.00341482,0.00784619,0.0017646,0.0140035,0.042751,0.00109036,-0.00148867,-0.000135709,-0.000141977,0.000613128,0.00145336,-0.000112951,-0.000392021,0.0248581,0.0272471,0.0161645,-0.0024858,-0.00206305,0.00109043,-0.00488119,-0.00371369,-0.0025931,0.00247478,0.00625042,0.0373309,0.0470188,-0.0011092,0.0327135,4.37207e-05,0.0186672,0.00031977,-8.69713e-05,0.0079008,-0.00108203,-0.000390685,0.00097533,0.00454919,0.00119732,0.00718261,0,0.00416356,0.00176348,0.00344449,0.0504323,0,0.0528679,0,0,0.00924414,0.0223794,0.00391341,0.00192076,0.0038655,0.0518813,0,0.0543802,-0.00557097,0.00654221,0.0186672,
1.85,0.00544162,0.000373149,0.00815669,0.00158305,0.00737971,0.0341445,0.00118753,0.00835119,-4.47124e-05,-3.49391e-05,0.000220081,0.000612749,0.00729903,-0.000771238,0.019355,0.0275273,0.0174395,-0.00251361,-0.00188745,0.000769115,0.00148265,-0.000484114,-0.00231569,0.0002768,0.00703952,0.03053,0.0141202,-0.000562986,0.0274704,5.64891e-06,0.0227699,0.000108108,0.00316529,0.00108248,-0.00142495,-3.22297e-05,0.000612936,0.0293754,0.000990294,0.0273422,0.00880861,0.00343601,0.00778948,0.00170669,0.0137971,0.0428056,0.00104197,-0.000289304,-0.000135427,-0.00014157,0.00061583,0.00146293,-0.000102674,-0.000365681,0.0249078,0.0273631,0.0163683,-0.00251904,-0.0021202,0.000961748,-0.00503817,-0.00383264,-0.00270163,0.00244812,0.00633495,0.0375403,0.0470572,-0.00120854,0.0330508,6.02653e-05,0.0196536,0.000249952,-0.000108097,0.00800897,-0.00104655,-0.000394361,0.000989237,0.00463137,0.00117848,0.0075069,0,0.00426525,0.00169921,0.00339098,0.0509896,0,0.0535373,0,0,0.00884441,0.0217927,0.00375104,0.00184778,0.0035989,0.05231,0,0.0551689,-0.00668124,0.00567882,0.0184962,
1.855,0.00531501,0.000256158,0.00832489,0.00157964,0.00757708,0.0337718,0.00113908,0.00830679,-4.47817e-05,-3.47831e-05,0.000221513,0.000614924,0.00729134,-0.000744848,0.0193266,0.0274402,0.0171085,-0.00256736,-0.00197034,0.000737377,0.00140603,0.000419303,-0.00243906,0.00016258,0.00673941,0.0307474,0.0142404,-0.000671734,0.0273707,2.43034e-05,0.0233526,5.87419e-05,0.00307621,0.00108258,-0.00138887,-3.16139e-05,0.000615121,0.0296427,0.000971573,0.0271979,0.00902278,0.00348592,0.00776986,0.00165588,0.0135911,0.0430179,0.000987321,0.000466602,-0.000134653,-0.000140756,0.000618166,0.00147433,-9.22965e-05,-0.000336173,0.0249975,0.0275158,0.0166262,-0.00255145,-0.00217815,0.000839624,-0.00520065,-0.00395356,-0.00281297,0.00241984,0.00647083,0.0378197,0.0471022,-0.00130067,0.0334983,7.89488e-05,0.0209172,0.000171064,-0.000132667,0.0081488,-0.0010055,-0.000396252,0.00100353,0.00473151,0.00115712,0.00783245,0,0.00445194,0.00166985,0.00337465,0.0517001,0,0.0543745,0,0,0.00841251,0.0213535,0.00356962,0.00179393,0.00327553,0.0528636,0,0.0560983,-0.007761,0.00485382,0.0183051,
1.86,0.00518257,0.000131578,0.00860531,0.00160055,0.00784673,0.0334064,0.00108167,0.00828455,-4.4643e-05,-3.45491e-05,0.000222945,0.0006174,0.00728101,-0.000714311,0.019228,0.0272759,0.0166168,-0.00261801,-0.00205152,0.000702476,0.00129766,0.00145511,-0.00256755,3.22714e-05,0.00635947,0.031002,0.0144066,-0.000792251,0.0272062,4.51913e-05,0.0239397,-5.76122e-06,0.00298083,0.00108314,-0.00134465,-3.0998e-05,0.000617115,0.0299795,0.000950439,0.0270632,0.00935534,0.0035571,0.00779142,0.00161526,0.0133976,0.0433169,0.000925243,0.000817328,-0.000133386,-0.000139291,0.000620211,0.00148787,-8.19194e-05,-0.000303299,0.0251172,0.0276981,0.0169329,-0.00258251,-0.0022363,0.000701599,-0.0053671,-0.00407573,-0.00292517,0.00239004,0.00662404,0.0381544,0.0471492,-0.00138527,0.034005,0.000126129,0.0224162,8.14191e-05,-0.000161917,0.00831626,-0.000957534,-0.000396462,0.00101821,0.00484268,0.00113314,0.00814406,0,0.00470457,0.00167049,0.003385,0.0525006,0,0.0553242,0,0,0.00793825,0.0210507,0.00337389,0.00174615,0.00289805,0.053537,0,0.0571976,-0.00891566,0.0040726,0.018098,
1.865,0.00502387,-7.36721e-07,0.00896197,0.00163554,0.00816303,0.0330083,0.00101454,0.00828991,-4.42964e-05,-3.41592e-05,0.000224091,0.000620026,0.0072743,-0.000679695,0.0190502,0.0270311,0.0159748,-0.00266632,-0.00213202,0.00068201,0.00136758,-0.000934103,-0.00269957,-0.000116666,0.00589279,0.0312923,0.0146273,-0.000922905,0.026911,6.84438e-05,0.0245293,-8.66443e-05,0.00288018,0.00108503,-0.00129227,-3.04848e-05,0.00061873,0.0303674,0.000927086,0.0269466,0.0097611,0.0036461,0.00785643,0.00158498,0.0132158,0.0435861,0.000855044,0.00105106,-0.000131626,-0.000137337,0.000621745,0.00150264,-7.1642e-05,-0.000267453,0.0252539,0.0278939,0.0172824,-0.00261173,-0.00229455,0.000548821,-0.00553707,-0.00419784,-0.00303753,0.00235882,0.0067663,0.0385228,0.0471925,-0.00146357,0.0344718,0.000189414,0.0240762,-2.03548e-05,-0.000197148,0.0084995,-0.000901627,-0.000394991,0.00103289,0.00495331,0.00110662,0.00842489,0,0.00492835,0.00167276,0.00340423,0.0532614,0,0.0563011,0,0,0.00740161,0.0208443,0.00316884,0.00170458,0.00246839,0.0542525,0,0.0583679,-0.010182,0.00334986,0.0178756,
1.87,0.00482403,-0.000138651,0.00932845,0.00166978,0.0084668,0.032484,0.000936942,0.00833088,-4.35339e-05,-3.38472e-05,0.000224878,0.000622651,0.0072585,-0.000640866,0.018793,0.0267116,0.0152106,-0.00271194,-0.00221399,0.000630894,0.000721732,-0.00179652,-0.00283401,-0.000285173,0.00533758,0.0315665,0.0148783,-0.00106198,0.026449,0.000128283,0.0251126,-7.53477e-05,0.00277532,0.00108672,-0.00123188,-3.03822e-05,0.000619965,0.0307752,0.000901224,0.026855,0.0101801,0.00373881,0.00795606,0.00156419,0.0130484,0.0437476,0.000776026,0.00119197,-0.000129304,-0.000134976,0.000622913,0.00151802,-6.13647e-05,-0.000229331,0.02539,0.0280849,0.0176541,-0.00263859,-0.0023521,0.000365881,-0.00570793,-0.0043192,-0.00314845,0.00232428,0.00686749,0.0388973,0.0472289,-0.00153697,0.0348829,0.000268552,0.0258092,-0.000135628,-0.000239594,0.00868168,-0.00083819,-0.000391525,0.00104747,0.00505442,0.00107757,0.00865433,0,0.00508933,0.00167658,0.00342163,0.0539741,0,0.0572898,0,0,0.00679946,0.0206644,0.00294883,0.00165761,0.00200116,0.0548817,0,0.0593924,-0.0116119,0.0027033,0.0176336,
1.875,0.00461442,-0.000109108,0.0096457,0.00169135,0.00870639,0.0318557,0.000847719,0.00841819,-4.28407e-05,-3.33793e-05,0.000225236,0.000625052,0.00722989,-0.000598089,0.018452,0.0263198,0.0143683,-0.00276159,-0.00230236,0.00059006,0.00664678,-0.00345721,-0.00297655,-0.000365334,0.00473635,0.0317914,0.0151286,-0.00120878,0.0258489,0.000211506,0.025686,-9.31962e-05,0.00266719,0.00108738,-0.00116473,-3.02795e-05,0.000620535,0.0311609,0.000873335,0.0267924,0.0105684,0.0038215,0.0080753,0.00154892,0.0128954,0.0437589,0.000686681,0.00124935,-0.000127192,-0.000132615,0.000623643,0.00153317,-5.11871e-05,-0.000189921,0.0254972,0.0282464,0.0180235,-0.00266927,-0.00241376,0.000123026,-0.00589705,-0.0044516,-0.00326661,0.00228455,0.00692933,0.0392438,0.0472556,-0.00160944,0.0352091,0.000362473,0.0275254,-0.00014048,-0.000291269,0.00884336,-0.000768771,-0.000387325,0.00106148,0.00513283,0.0010459,0.00880975,0,0.0051545,0.00165949,0.00340391,0.0545552,0,0.0582388,0,0,0.0062134,0.0204104,0.00270743,0.00158716,0.00151621,0.0552676,0,0.0602878,-0.0131348,0.0021479,0.0173812,
1.88,0.00450707,-0.000103288,0.0098543,0.00168974,0.00880931,0.0314659,0.000746175,0.00856089,-4.13156e-05,-3.22875e-05,0.000224663,0.000626552,0.00722114,-0.000551627,0.0180538,0.0258802,0.0135058,-0.00279094,-0.00237784,0.00051304,-0.00114501,-0.00436834,-0.0030962,-0.000460267,0.00430873,0.0319082,0.0153371,-0.00134115,0.0253557,0.000317784,0.0262327,-0.000117936,0.0025581,0.00108804,-0.00108406,-2.97663e-05,0.00062006,0.0314791,0.000843323,0.0267612,0.0108681,0.00387668,0.00818872,0.00153418,0.0127529,0.0436042,0.00058608,0.00124943,-0.000123321,-0.000128545,0.000623716,0.00154656,-4.21071e-05,-0.000152491,0.0255847,0.0283761,0.0183723,-0.00267955,-0.00245858,-0.000217201,-0.00603092,-0.00454423,-0.00335904,0.00223909,0.00701067,0.0395207,0.0472696,-0.00167009,0.0354051,0.000467905,0.0291105,-0.000158514,-0.000351395,0.00896462,-0.000689346,-0.000379133,0.00107336,0.00517003,0.00101195,0.00886985,0,0.00508886,0.00160431,0.0033095,0.0548026,0,0.0589251,0,0,0.00592115,0.0199883,0.00249781,0.00149765,0.00115742,0.0553226,0,0.0607637,-0.0143693,0.00187769,0.0170816,
1.885,0.00444974,-0.00010432,0.00995019,0.00166392,0.00877308,0.031271,0.000630978,0.0087684,-3.99985e-05,-3.15076e-05,0.000223303,0.000627302,0.00722344,-0.000501413,0.0175777,0.0253955,0.0126642,-0.00283331,-0.00246518,0.000441853,-0.000846414,-0.0047972,-0.00323037,-0.000566866,0.00411213,0.0319472,0.0154908,-0.00146424,0.0250852,0.000445213,0.0267656,-0.000147645,0.00244856,0.0010887,-0.000996052,-3.00742e-05,0.000618825,0.0317166,0.000811188,0.02676,0.011056,0.00389381,0.00828047,0.00151312,0.0126196,0.0434159,0.00047202,0.00121614,-0.000120083,-0.000124963,0.000623351,0.00155911,-3.2628e-05,-0.000118428,0.0256008,0.0284383,0.0186715,-0.00270162,-0.00251352,-0.000864622,-0.00620749,-0.00466527,-0.00346911,0.00218737,0.00710353,0.0397288,0.0472744,-0.00173304,0.0355952,0.000581202,0.0305106,-0.000184248,-0.000421401,0.00904863,-0.000604764,-0.000370416,0.00108388,0.00517684,0.000975385,0.00881801,0,0.00493907,0.0015184,0.00315861,0.055014,0,0.0596534,0,0,0.00585799,0.0193363,0.00230458,0.00138996,0.000970387,0.0553154,0,0.06121,-0.0154892,0.00142666,0.0168157,
1.89,0.00422088,-0.000103509,0.00999893,0.00163204,0.00870484,0.0306941,0.000499652,0.0090385,-3.83348e-05,-3.06497e-05,0.000221012,0.000627077,0.0071694,-0.000447185,0.0170432,0.0248855,0.0118787,-0.00287829,-0.00255696,0.000383717,0.00190593,-0.00507917,-0.00336518,-0.000680239,0.00382838,0.032031,0.0156289,-0.00157883,0.0245917,0.00058972,0.0272864,-0.000183004,0.00234014,0.00108455,-0.000896211,-3.00742e-05,0.000616355,0.031864,0.00077693,0.0267831,0.0111261,0.00387988,0.00835444,0.00148609,0.0124906,0.0429498,0.000341716,0.0011616,-0.000116845,-0.000121625,0.000622621,0.00156875,-2.3149e-05,-8.97122e-05,0.0255388,0.0284226,0.0189021,-0.00272522,-0.00257037,-0.00208873,-0.00639046,-0.00478845,-0.00358147,0.0021301,0.00708403,0.0398812,0.047267,-0.00179554,0.0355729,0.000697392,0.0316728,-0.000215993,-0.000500183,0.00908809,-0.000514508,-0.000360649,0.00109248,0.00515251,0.0009362,0.00864562,0,0.00479535,0.0014475,0.00303527,0.0551312,0,0.0603154,0,0,0.00551789,0.0186202,0.00210336,0.00134905,0.000742544,0.0552462,0,0.0616228,-0.016646,0.00208732,0.0165296,
1.895,0.00418179,-9.68052e-05,0.00997425,0.00158513,0.00855913,0.030487,0.000350861,0.00937262,-3.59085e-05,-2.90119e-05,0.000217432,0.000625502,0.00715642,-0.000391706,0.0164962,0.024388,0.0111852,-0.00289739,-0.00262799,0.000289691,-0.00181416,-0.00526153,-0.00345869,-0.000793894,0.0037463,0.0320685,0.0157337,-0.00167478,0.0244084,0.000743094,0.0277437,-0.000223445,0.0022366,0.00108154,-0.000778078,-2.97663e-05,0.000612461,0.0319314,0.000741804,0.0268242,0.0111132,0.0038471,0.00840371,0.00145634,0.01237,0.0426136,0.000194238,0.00109665,-0.000111988,-0.000116415,0.000621161,0.00157793,-1.5865e-05,-6.95121e-05,0.0254211,0.028339,0.019062,-0.00272471,-0.00260426,-0.00323916,-0.006499,-0.00485721,-0.00365644,0.00206854,0.00714472,0.0399726,0.0472564,-0.00184283,0.0356564,0.000810185,0.0325175,-0.00025164,-0.000583124,0.00910522,-0.000415382,-0.000347206,0.00109866,0.00512028,0.000895749,0.00835607,0,0.00460173,0.0013965,0.00288128,0.0551355,0,0.0607966,0,0,0.00552573,0.017917,0.00194356,0.00130233,0.000735791,0.0550294,0,0.0617962,-0.0179705,-0.000520836,0.0162086,
1.9,0.0041516,-8.67858e-05,0.00985356,0.00151267,0.00833978,0.0303222,0.000177113,0.00973504,-3.40369e-05,-2.8154e-05,0.000212635,0.000622801,0.00715289,-0.000330371,0.0158849,0.0238815,0.0105756,-0.00294775,-0.00272571,0.000179253,-0.00423994,-0.00551709,-0.00357806,-0.000906232,0.00378665,0.0320906,0.0158177,-0.00177769,0.0244116,0.000898308,0.0282547,-0.000272811,0.00213551,0.00107909,-0.000652672,-3.02795e-05,0.000607332,0.0319029,0.000703397,0.0268662,0.0110147,0.00379832,0.00840662,0.00141361,0.0122451,0.0421983,2.29744e-05,0.00101536,-0.000108821,-0.000112996,0.000619408,0.00158734,-5.58768e-06,-4.9411e-05,0.0251813,0.028148,0.019112,-0.00275233,-0.00266341,-0.00390469,-0.00670112,-0.00499056,-0.00377349,0.00199892,0.00721807,0.0399892,0.0472404,-0.00190194,0.0357381,0.00091826,0.033168,-0.000294459,-0.00067172,0.0091007,-0.000313058,-0.000334603,0.00110291,0.00507194,0.000851836,0.00795707,0,0.00428603,0.00127714,0.00265296,0.0552096,0,0.0614711,0,0,0.00561674,0.0170057,0.00174243,0.00123278,0.000419571,0.0548867,0,0.0621517,-0.0200579,0.012669,0.0159518,
1.905,0.00413336,-6.95465e-05,0.00963674,0.00142376,0.00805991,0.0301515,-1.89243e-05,0.0101479,-3.09867e-05,-2.60483e-05,0.000206335,0.000618225,0.0071566,-0.000273444,0.015318,0.0234319,0.0100929,-0.00295051,-0.00278123,0.00010767,-0.00591471,-0.00566046,-0.0035882,-0.00101198,0.00392414,0.0320719,0.0158798,-0.00185423,0.0244428,0.00104518,0.0286251,-0.000327825,0.00204332,0.00107664,-0.000513748,-2.98689e-05,0.000600398,0.0317489,0.00066663,0.0269094,0.0108095,0.00373639,0.00837373,0.00137132,0.0121284,0.0414991,-0.000167667,0.000935183,-0.000102978,-0.00010689,0.000616852,0.00159392,-1.79604e-06,-3.941e-05,0.0249064,0.0278997,0.0190865,-0.0027376,-0.00268116,-0.00386273,-0.00676056,-0.0050203,-0.00381915,0.0019242,0.00724637,0.0398895,0.0472091,-0.00193457,0.0355822,0.00101677,0.0334313,-0.000339809,-0.000758237,0.00905316,-0.000203101,-0.000317169,0.00110368,0.00499386,0.000809443,0.00747408,0,0.00388381,0.00125987,0.00241707,0.0548277,0,0.0617463,0,0,0.00574031,0.0162149,0.00161358,0.00123941,0.000773765,0.0543181,0,0.0620016,-0.02211,-0.00256909,0.0156357,
1.91,0.00409485,-5.0097e-05,0.00931618,0.00131214,0.00772126,0.029896,-0.000245635,0.0105295,-2.85605e-05,-2.46445e-05,0.000198531,0.000612074,0.00715165,-0.00021349,0.0147141,0.0229917,0.00968493,-0.00298404,-0.00286253,-0.000103122,-0.00661852,-0.00588265,-0.00355126,-0.00111087,0.00410603,0.0320174,0.0159096,-0.0019385,0.0244516,0.00118095,0.0290741,-0.000391085,0.00195617,0.00107269,-0.000368799,-3.01769e-05,0.000592039,0.031443,0.000627257,0.0269313,0.0105054,0.00365907,0.00827778,0.00131297,0.011993,0.0405902,-0.000223595,0.000838404,-9.8755e-05,-0.000102412,0.000613858,0.00159698,6.78504e-06,-2.48541e-05,0.024524,0.0275576,0.0189477,-0.00275029,-0.00272317,-0.00394928,-0.00691204,-0.00511545,-0.0039069,0.0018409,0.00724454,0.0396631,0.0471573,-0.0019781,0.0352289,0.00110774,0.0335538,-0.000390643,-0.000845403,0.00895701,-9.80949e-05,-0.000299946,0.00110165,0.00487415,0.000764094,0.0069251,0,0.00341082,0.00105005,0.00210321,0.0544221,0,0.0620493,0,0,0.00588898,0.015079,0.00142758,0.00112068,4.64885e-05,0.0536561,0,0.0618194,-0.0239144,-0.0064176,0.01536,
1.915,0.00400223,-2.75534e-05,0.00894061,0.00119674,0.00738616,0.0293975,-0.000305646,0.0108796,-2.5649e-05,-2.28508e-05,0.000189367,0.000604122,0.00711598,-0.000157288,0.0141307,0.0225935,0.0093586,-0.00300639,-0.00293242,-0.000466966,-0.00697334,-0.00607968,-0.00298102,-0.00119526,0.00420359,0.0319678,0.015917,-0.00201417,0.0242684,0.00130043,0.0294895,-0.000459881,0.00187635,0.00106581,-0.000217165,-3.00742e-05,0.000582066,0.0309824,0.000586534,0.0269286,0.0101247,0.00357621,0.00813266,0.00124944,0.0118472,0.0394685,-0.000281727,0.000734916,-9.42501e-05,-9.74465e-05,0.000610426,0.00159507,1.29714e-05,-1.35658e-05,0.0240864,0.0271578,0.018719,-0.00275457,-0.00275545,-0.00402862,-0.00702763,-0.00518181,-0.00397377,0.00175142,0.007177,0.0393141,0.0470808,-0.0020141,0.0346478,0.00118876,0.0334678,-0.000444114,-0.000929644,0.00880977,-1.95983e-05,-0.000281356,0.00109634,0.00472135,0.000717647,0.00634352,0,0.00295794,0.00118278,0.00181873,0.0538245,0,0.0621229,0,0,0.00590664,0.0138226,0.00128916,0.00116036,0.000740489,0.0527801,0,0.0613536,-0.0251495,-0.00975869,0.0150482,
1.92,0.00397058,-3.24157e-06,0.00854404,0.00108541,0.00707343,0.0289373,-0.000379692,0.0111649,-2.25988e-05,-2.1057e-05,0.000178628,0.000594594,0.00707571,-0.000109904,0.0135886,0.0222311,0.00909435,-0.00302159,-0.00299331,-0.00151519,-0.00721222,-0.00624988,-0.00555247,-0.00126046,0.00428765,0.0319411,0.0159084,-0.00208066,0.0241408,0.00140237,0.0298804,-0.000531275,0.00180498,0.00105734,-6.63398e-05,-3.01769e-05,0.000570478,0.0304272,0.000544845,0.0268957,0.0097363,0.00349828,0.00795088,0.0011824,0.0116899,0.0384775,-0.000344501,0.000626782,-8.91821e-05,-9.23991e-05,0.000606555,0.00159025,1.84593e-05,-3.26766e-06,0.0236204,0.0267274,0.0184191,-0.00275304,-0.00277931,-0.00409501,-0.00711724,-0.00522967,-0.00402582,0.00165988,0.00714221,0.0389113,0.0469968,-0.00204266,0.0341134,0.00125871,0.0332324,-0.000498217,-0.00100921,0.00864539,1.82574e-05,-0.000261507,0.00108881,0.00457395,0.000670271,0.0057651,0,0.00257156,0.000703794,0.00160739,0.0532665,0,0.0621111,0,0,0.0059898,0.012458,0.00117146,0.00104982,-0.000161976,0.0518478,0,0.060747,-0.0260622,-0.0122298,0.0147198,
1.925,0.0040123,2.23963e-05,0.00812477,0.000972473,0.00676716,0.0286406,-0.000465232,0.0113734,-1.9618e-05,-1.91073e-05,0.000166314,0.000583492,0.00704869,-7.77227e-05,0.0130785,0.0218927,0.00886689,-0.00304182,-0.00305647,-0.00350071,-0.00743915,-0.00642604,0.0106276,-0.00131249,0.00443839,0.0318999,0.0158811,-0.00214603,0.0241854,0.00149098,0.030266,-0.000604702,0.00173769,0.00104961,3.84962e-05,-3.00742e-05,0.000557275,0.0298255,0.000503253,0.0268314,0.0093606,0.00342762,0.00773449,0.00110948,0.0115145,0.0376029,-0.000412612,0.000518218,-8.48181e-05,-8.7596e-05,0.00060232,0.00158352,2.30492e-05,4.85199e-06,0.0231389,0.0262858,0.0180566,-0.00275693,-0.00280618,-0.0041655,-0.00721984,-0.00528523,-0.00408128,0.00156565,0.0071608,0.0384808,0.0469148,-0.00207076,0.0336587,0.00132106,0.0329321,-0.00055327,-0.00108584,0.00848256,4.48699e-05,-0.000241448,0.00108002,0.00444202,0.000622811,0.00523152,0,0.0021904,0.0017004,0.0014141,0.052771,0,0.0621545,0,0,0.00620712,0.0111264,0.00107963,0.00111716,0.000243208,0.0509953,0,0.060118,-0.0269103,-0.0142748,0.0144006,
1.93,0.00404672,4.93603e-05,0.00771789,0.00087164,0.00648893,0.028366,-0.000556424,0.01148,-1.64985e-05,-1.71576e-05,0.000152496,0.000570964,0.00702238,-5.63999e-05,0.0126297,0.021586,0.00867816,-0.0030513,-0.00310584,-0.00450741,-0.00760841,-0.00656329,0.000265631,-0.00134881,0.00460015,0.0318452,0.0158373,-0.00220152,0.0242371,0.00156514,0.030613,-0.00067587,0.00167832,0.00104208,7.94167e-05,-2.99716e-05,0.000542552,0.0292167,0.000460793,0.0267363,0.00900869,0.00336414,0.00750549,0.00103796,0.0113332,0.0367677,-0.000482463,0.00040647,-8.00316e-05,-8.24672e-05,0.0005975,0.00157449,2.72399e-05,1.25756e-05,0.0226903,0.0258718,0.017671,-0.00275195,-0.00282162,-0.00421386,-0.00728325,-0.00531232,-0.00411519,0.00147859,0.00717301,0.0380521,0.0468344,-0.00209003,0.0331939,0.00137384,0.0325977,-0.000605792,-0.00115208,0.00832415,7.03477e-05,-0.000220653,0.00107055,0.00432295,0.000574759,0.00478124,0,0.00187678,-0.000137268,0.00131703,0.0522402,0,0.0620957,0,0,0.00642366,0.010151,0.00104203,0.000936325,0.000439341,0.0501571,0,0.0594606,-0.0275684,-0.0153274,0.0140728,
1.935,0.00406291,7.89765e-05,0.00731396,0.000771943,0.00624154,0.0279378,-0.000649014,0.0114818,-1.34484e-05,-1.52859e-05,0.000137175,0.00055731,0.00697469,-4.19215e-05,0.0122304,0.0213006,0.00850938,-0.00305965,-0.00315111,-0.00488906,-0.00775727,-0.00668436,-0.00263454,-0.00137459,0.00469264,0.0318024,0.0157784,-0.00225168,0.0242147,0.001628,0.0309283,-0.000743537,0.00162341,0.00103351,0.000163682,-2.96637e-05,0.00052631,0.0286347,0.00041785,0.0266192,0.00870382,0.00331034,0.0072724,0.0009661,0.0111429,0.0359718,-0.000552083,0.000298336,-7.53156e-05,-7.75013e-05,0.000592315,0.00156362,3.05327e-05,1.90119e-05,0.0222907,0.0255068,0.0172786,-0.00274621,-0.00283385,-0.00425549,-0.00733675,-0.00533297,-0.00414245,0.0013977,0.00717449,0.0376594,0.0467611,-0.00210493,0.0327712,0.00141925,0.0323137,-0.000655044,-0.00120668,0.00817373,0.000130071,-0.000199859,0.0010607,0.00422476,0.000526454,0.00444517,0,0.00160196,0.00248228,0.00119647,0.0517555,0,0.0619765,0,0,0.00656213,0.00936373,0.000941711,0.00115848,9.01388e-05,0.0493824,0,0.0588722,-0.0281454,-0.0160192,0.0137456,
1.94,0.00411498,0.000111392,0.00699683,0.000692488,0.00608522,0.027673,-0.000739063,0.0113778,-1.05369e-05,-1.32581e-05,0.000120493,0.000542457,0.00694034,-3.05362e-05,0.011878,0.021033,0.00836043,-0.0030658,-0.00319056,-0.00497596,-0.00788457,-0.0067843,-0.00453191,-0.00139153,0.0047613,0.0317988,0.0157235,-0.00229584,0.0242613,0.00168127,0.0311987,-0.000806458,0.00157168,0.00102569,0.000276012,-2.9561e-05,0.000508738,0.0281274,0.000374617,0.0264925,0.00847572,0.00327384,0.00704846,0.000898534,0.0109466,0.0354002,-0.000618686,0.00019545,-7.07404e-05,-7.27796e-05,0.000586838,0.00155237,3.29274e-05,3.61423e-05,0.0219598,0.0252071,0.0169085,-0.002739,-0.00284177,-0.00428746,-0.00737616,-0.00534345,-0.00416076,0.00132602,0.00720883,0.0373407,0.0467076,-0.00211521,0.032468,0.00145838,0.0321268,-0.000700499,-0.00125023,0.00805535,0.000208258,-0.000179904,0.00105153,0.00415252,0.000478234,0.00424063,0,0.00162017,-0.000522527,0.00115578,0.051529,0,0.0619677,0,0,0.00672728,0.00878109,0.0010095,0.000743463,0.000277463,0.0488302,0,0.0583512,-0.0286191,-0.0167111,0.0134319,
1.945,0.00416443,0.000175561,0.00671825,0.000617763,0.0059661,0.0273066,-0.000823396,0.0111737,-7.55604e-06,-1.13864e-05,0.00010238,0.000526778,0.00688206,-2.11253e-05,0.0115737,0.0207838,0.00823522,-0.00306948,-0.00322396,-0.00505684,-0.00799178,-0.0068206,-0.00450484,-0.00140103,0.0047687,0.031782,0.0156494,-0.00233355,0.0243022,0.00172594,0.031409,-0.000863392,0.00152202,0.00101628,0.000410748,-2.90478e-05,0.000489836,0.0277062,0.000331095,0.0263747,0.00833543,0.0032472,0.00684113,0.000832724,0.0107523,0.0349303,-0.000680415,0.000105897,-6.63763e-05,-6.80579e-05,0.000580996,0.0015412,3.4923e-05,5.71346e-05,0.0217058,0.0249807,0.0165804,-0.00272988,-0.00284518,-0.00430983,-0.00740082,-0.00534345,-0.00417005,0.00126374,0.007245,0.0371007,0.0466773,-0.00212089,0.0323081,0.00149172,0.0320581,-0.000741314,-0.00128442,0.00796566,0.000301711,-0.00016142,0.00104284,0.00410786,0.000429929,0.00416841,0,0.00141897,0.000238628,0.00102795,0.051347,0,0.0619809,0,0,0.00684144,0.00831133,0.000716702,0.00140207,5.03055e-05,0.0483801,0,0.0579369,-0.0289915,-0.0174785,0.0131324,
1.95,0.00421826,0.000262788,0.00649566,0.000553158,0.00588332,0.0270737,-0.000900109,0.0108816,-4.78318e-06,-9.59265e-06,8.29779e-05,0.000510424,0.00683253,-1.30964e-05,0.0113061,0.0205514,0.00813584,-0.00307089,-0.00325076,-0.00512466,-0.00808121,-0.00684735,-0.00453349,-0.00140432,0.004789,0.0317527,0.0155623,-0.0023643,0.0244235,0.00176292,0.0315457,-0.000913888,0.00147311,0.00100742,0.000560472,-2.86372e-05,0.000469889,0.0273801,0.000287284,0.0262835,0.00824932,0.00322368,0.00665612,0.000768492,0.0105623,0.034558,-0.000735994,4.7142e-05,-6.20826e-05,-6.36618e-05,0.000574862,0.00153034,3.91137e-05,8.09985e-05,0.0215315,0.0248257,0.0163137,-0.00271897,-0.00284428,-0.00432254,-0.00741029,-0.00533322,-0.00417022,0.00121292,0.00728173,0.0369376,0.0466686,-0.00212189,0.0322227,0.00151978,0.0320966,-0.000777278,-0.00131088,0.00790801,0.000406924,-0.000144512,0.00103559,0.00408375,0.000381793,0.00421426,0,0.00153432,0.00177276,0.00114094,0.0512715,0,0.0620596,0,0,0.00699678,0.00797739,0.00132809,0.00042279,-3.96376e-05,0.0480527,0,0.0576452,-0.0292605,-0.0183503,0.0128505,
1.955,0.00430271,0.000369024,0.00630819,0.000498486,0.00579581,0.0269451,-0.000967742,0.0105214,-2.21829e-06,-7.7989e-06,6.25019e-05,0.00049347,0.00677398,-6.44947e-06,0.011076,0.0203387,0.00807023,-0.00307026,-0.00327139,-0.00517786,-0.00815491,-0.00686152,-0.00456029,-0.00140169,0.00486669,0.0316768,0.0154315,-0.00238826,0.0246684,0.00179274,0.0315974,-0.000957605,0.00142434,0.00099744,0.000715191,-2.80214e-05,0.000448803,0.0271492,0.000243279,0.0262336,0.00820736,0.0031934,0.00649515,0.000705577,0.0103834,0.0343509,-0.000784612,2.23666e-05,-5.80001e-05,-5.92657e-05,0.000568509,0.0015207,4.35041e-05,0.000106645,0.0214294,0.0247341,0.016117,-0.00270621,-0.00283887,-0.00432541,-0.00740489,-0.00531333,-0.00416196,0.00117292,0.00733341,0.036849,0.0466833,-0.00211851,0.0323002,0.00154306,0.0322028,-0.000808074,-0.0013309,0.00787924,0.000519253,0.000377137,0.0010298,0.00408115,0.000333995,0.00435496,0,0.00135437,-0.000996238,0.000651628,0.0512658,0,0.0621781,0,0,0.00721802,0.00774809,0.00016728,0.00181717,-0.000211009,0.047838,0,0.0574268,-0.0294166,-0.0192904,0.0125993,
1.96,0.00429104,0.000487267,0.00614391,0.000451664,0.00572093,0.0265604,-0.00102572,0.0101167,6.93215e-08,-6.16113e-06,4.11668e-05,0.000476216,0.00667473,-9.21352e-07,0.0108814,0.0201458,0.00804988,-0.00306778,-0.00328565,-0.00521671,-0.00821463,-0.00686253,-0.00457806,-0.00139435,0.00485508,0.0316085,0.0152762,-0.00240553,0.0247724,0.00181593,0.0315579,-0.000994206,0.00137491,0.00098482,0.000864033,-2.74055e-05,0.000426956,0.0269896,0.000199371,0.0262326,0.00818444,0.00315422,0.00636221,0.000644066,0.0102173,0.0340564,-0.000825804,1.0151e-05,-2.61845e-05,-5.51138e-05,0.000561863,0.00151098,4.77946e-05,0.000133182,0.0213879,0.0246948,0.0159943,-0.00269141,-0.00282934,-0.00431918,-0.00738607,-0.00528397,-0.00414543,0.00114303,0.00731812,0.0368167,0.0467091,-0.00211091,0.0323531,0.0015618,0.0323229,-0.000833807,-0.00134552,0.00786336,0.000633026,8.79042e-05,0.00102555,0.0040898,0.000286451,0.00456029,0,0.00153584,-0.0022072,0.00228422,0.0512219,0,0.0622229,0,0,0.00727765,0.0076452,0.00261243,0.00020129,-0.00064761,0.0476646,0,0.0572273,-0.0294533,-0.0201532,0.0123573,
1.965,0.00430257,0.0006089,0.00601917,0.000423098,0.00568315,0.0260944,-0.00107532,0.00965556,2.28761e-06,-4.67934e-06,1.89725e-05,0.000458736,0.00655385,1.22408e-05,0.0107213,0.0199779,0.00808719,-0.00306339,-0.00329351,-0.00524084,-0.00826095,-0.00685196,-0.00458522,-0.00137553,0.00475751,0.031557,0.0150942,-0.00241601,0.0248034,0.0018292,0.0314744,-0.00102188,0.00132889,0.000969657,0.000995758,-2.6687e-05,0.00040454,0.0268917,0.000150059,0.0262691,0.00822214,0.00311989,0.00625699,0.000585276,0.0100653,0.0339047,-0.000859801,1.37641e-06,-4.86384e-05,-5.12062e-05,0.000555072,0.00150195,5.13867e-05,0.000159818,0.021394,0.0246947,0.0159448,-0.00267451,-0.00281581,-0.00430434,-0.00735271,-0.00524602,-0.00412115,0.00112111,0.00731185,0.0368436,0.0467483,-0.00209917,0.0325124,0.00157646,0.0324031,-0.000854373,-0.00135527,0.00786163,0.000742571,-4.64201e-05,0.00102304,0.00411359,0.000239328,0.00479867,0,0.00135892,-0.00376505,-0.000271565,0.0512284,0,0.0622391,0,0,0.00727608,0.00766872,3.65172e-05,0.00189859,-0.00195085,0.0475697,0,0.0570844,-0.0293687,-0.0207377,0.0121319,
1.97,0.00430898,0.000724934,0.00591653,0.000403518,0.00566223,0.0255943,-0.00111075,0.00924891,4.15929e-06,-3.27554e-06,-3.8661e-06,0.000441257,0.00640744,9.60839e-06,0.0106,0.0198381,0.0081841,-0.00305745,-0.00329568,-0.00525132,-0.00829737,-0.00682958,-0.00458225,-0.0013617,0.0046004,0.0315029,0.0148952,-0.00241988,0.0247551,0.00184076,0.0312289,-0.00104402,0.00127738,0.000952705,0.00110743,-2.58659e-05,0.000381458,0.0268444,0.000104897,0.0263544,0.00830451,0.00308927,0.00617709,0.000528503,0.00993034,0.0337454,-0.000886257,-5.16153e-07,-4.67379e-05,-4.76242e-05,0.000548134,0.00149315,5.28834e-05,0.00018388,0.0214354,0.0247212,0.01596,-0.0026553,-0.00279806,-0.00428131,-0.00730692,-0.00519962,-0.00408946,0.00110321,0.00729839,0.0368993,0.0467903,-0.00208389,0.032655,0.00158822,0.0323863,-0.000870509,-0.00136171,0.00786394,0.000843244,-0.000170662,0.00102178,0.00414301,0.000194064,0.00504248,0,0.00161334,-0.00444648,0.00317997,0.0511867,0,0.0621766,0,0,0.00723764,0.00777161,0.00239366,0.000130266,-0.00377252,0.0474727,0,0.0569277,-0.0291662,-0.0210043,0.0119193,
1.975,0.00441051,0.000828369,0.00583059,0.000390559,0.00565356,0.0253196,-0.00113342,0.00887285,5.75368e-06,-2.02772e-06,-2.71343e-05,0.000423778,0.00627552,8.55541e-06,0.0105152,0.0197317,0.00833644,-0.00304981,-0.0032918,-0.00524825,-0.00832359,-0.00679663,-0.0045695,-0.00134655,0.00448477,0.0314535,0.0146811,-0.00241747,0.0248139,0.00184805,0.0308892,-0.00105927,0.00122432,0.000936224,0.00119529,-2.49421e-05,0.000358092,0.02684,6.22432e-05,0.0264634,0.00845347,0.00307093,0.00611456,0.000473661,0.00981438,0.0337744,-0.000905866,-3.09692e-06,-4.35704e-05,-4.40422e-05,0.000540978,0.0014858,5.26838e-05,0.000206061,0.0215011,0.0247655,0.016032,-0.00263393,-0.00277641,-0.00424984,-0.00724857,-0.00514513,-0.00405121,0.0010906,0.00735132,0.0369779,0.046838,-0.002065,0.0329124,0.0015964,0.0322657,-0.00088211,-0.00136431,0.00787577,0.00093154,-0.000117731,0.00102178,0.00417977,0.000149728,0.00526525,0,0.00136262,-0.0046542,-0.000310329,0.0511802,0,0.0621038,0,0,0.00729726,0.00791506,-4.88282e-05,0.00177217,-0.00451966,0.0473942,0,0.0567651,-0.0288562,-0.0210157,0.0117367,
1.98,0.00452443,0.000915597,0.00574465,0.000374668,0.00563911,0.0251698,-0.00114587,0.00853109,7.14012e-06,-1.01386e-06,-1.07392e-05,0.000406524,0.00616276,8.68704e-06,0.010471,0.0196563,0.00853729,-0.0030409,-0.00328245,-0.00523224,-0.00834252,-0.00675395,-0.00454791,-0.00132811,0.00442686,0.0313991,0.0144692,-0.00240931,0.024902,0.00185021,0.0304866,-0.00106741,0.00117162,0.000921438,0.00125862,-2.40183e-05,0.000334631,0.0268458,2.13267e-05,0.0265754,0.00863537,0.0030596,0.00606249,0.000419082,0.0097165,0.0337594,-0.000919442,-6.79601e-06,-4.0403e-05,-4.07859e-05,0.000533748,0.00147915,5.08878e-05,0.00022636,0.0215817,0.0248175,0.016147,-0.00260982,-0.00275084,-0.00421123,-0.00717746,-0.00508325,-0.00400614,0.00108138,0.00741932,0.0370434,0.0468787,-0.00204312,0.0330986,0.00160081,0.0320442,-0.000888965,-0.00136294,0.00788434,0.0010056,-8.76941e-05,0.00102236,0.00420832,0.000105983,0.00544726,0,0.00165034,-0.00470965,0.00276477,0.0510723,0,0.0619405,0,0,0.00739533,0.00805441,0.00209471,9.41807e-05,-0.00471844,0.0472459,0,0.0565242,-0.0284554,-0.0208385,0.011586,
1.985,0.00467102,0.000986101,0.00567909,0.000366439,0.00563024,0.0251493,-0.00114987,0.00823285,8.11062e-06,-1.55978e-07,-1.08824e-05,0.000389495,0.00606607,9.21352e-06,0.0104627,0.0196113,0.00876972,-0.00303029,-0.0032682,-0.00520485,-0.00835446,-0.0067023,-0.00451796,-0.001306,0.0044217,0.0313323,0.0142504,-0.00239565,0.0249824,0.0018468,0.0300381,-0.0010691,0.00112056,0.000907594,0.00129991,-2.29919e-05,0.00031136,0.026837,-1.84317e-05,0.0266732,0.00884394,0.00305606,0.00601203,0.000364766,0.00963373,0.033771,-0.000927448,-9.97896e-06,-3.7517e-05,-3.77737e-05,0.000526373,0.00147303,4.78944e-05,0.000245075,0.0216687,0.0248722,0.0162934,-0.00258328,-0.00272186,-0.00416566,-0.00709566,-0.00501443,-0.00395554,0.00107413,0.00750796,0.0370755,0.0469083,-0.00201802,0.033225,0.00160194,0.0317401,-0.000891602,-0.001358,0.00788116,0.00106584,-7.35161e-05,0.00102294,0.00422,6.27455e-05,0.00557754,0,0.00137249,-0.00470447,-0.000406547,0.0508817,0,0.0616896,0,0,0.00752753,0.00816905,-0.000107389,0.00160688,-0.00457349,0.0470319,0,0.0561876,-0.0279866,-0.0205179,0.011472,
1.99,0.00489886,0.0010404,0.00562752,0.000362088,0.00560682,0.0255037,-0.00114689,0.00798657,9.0118e-06,6.23912e-07,-1.12403e-05,0.000372766,0.00602165,1.00033e-05,0.01049,0.0195933,0.00901688,-0.00301827,-0.00324893,-0.00516599,-0.00835971,-0.00664286,-0.00448037,-0.0012805,0.00457726,0.0312684,0.0140371,-0.00237675,0.0252375,0.00183839,0.0295549,-0.00106481,0.0010712,0.000897046,0.00132224,-2.19655e-05,0.000288088,0.0268146,-9.65011e-08,0.0267419,0.00907629,0.00305761,0.00595834,0.000309573,0.00956997,0.0339243,-0.000930581,-1.18715e-05,-3.47719e-05,-3.4843e-05,0.000518924,0.00146851,4.33045e-05,0.000261512,0.0217583,0.0249244,0.0164605,-0.002554,-0.00268928,-0.00411403,-0.00700352,-0.00493917,-0.0038994,0.00106733,0.00766277,0.037078,0.0469307,-0.00199054,0.0333727,0.00160011,0.0313821,-0.000890336,-0.00135027,0.00787346,0.00111288,-6.56393e-05,0.00102314,0.00422163,2.00988e-05,0.00564976,0,0.00171086,-0.00467393,0.00197966,0.0506912,0,0.0614079,0,0,0.00782684,0.00823902,0.00187153,7.61792e-05,-0.0044949,0.0467843,0,0.0557711,-0.0274692,-0.0200726,0.0114126,
1.995,0.0049963,0.00107959,0.00560518,0.000374101,0.00558918,0.0255403,-0.00113819,0.00779533,9.42772e-06,1.24782e-06,-1.11687e-05,0.000356187,0.00593679,1.06614e-05,0.0105495,0.0195969,0.00925921,-0.00300419,-0.0032251,-0.00511705,-0.00835709,-0.00657478,-0.00443561,-0.00125237,0.00465383,0.031203,0.0138272,-0.00235339,0.0252381,0.00182545,0.0290458,-0.00105543,0.00102414,0.000884897,0.00132878,-2.07338e-05,0.000265292,0.0267396,-5.79007e-07,0.0267712,0.00928536,0.00305294,0.00590044,0.000254468,0.00951944,0.0338407,-0.000928724,-1.18715e-05,-3.22379e-05,-3.23193e-05,0.000511548,0.00146316,3.70184e-05,0.000275177,0.0218464,0.0249724,0.0166376,-0.00252204,-0.00265329,-0.00405632,-0.00690191,-0.00485784,-0.00383823,0.00105991,0.00773111,0.0370201,0.0469327,-0.00196075,0.0332912,0.00159584,0.0310107,-0.000885696,-0.00134013,0.00783699,0.00114877,-5.9548e-05,0.00102207,0.00419556,-2.15345e-05,0.0056638,0,0.00142561,-0.00461993,-0.000450117,0.0503158,0,0.0609518,0,0,0.00792609,0.00830075,-0.000102148,0.00149846,-0.00441993,0.0464362,0,0.0552298,-0.0269179,-0.0195082,0.0113783,
2,0.00514143,0.0011053,0.00564422,0.000408342,0.00560431,0.0257898,-0.0011246,0.00765835,9.70501e-06,1.48179e-06,-1.10971e-05,0.000339983,0.00588505,1.08588e-05,0.0106326,0.019613,0.0094829,-0.00298842,-0.00319694,-0.00505892,-0.00834573,-0.00649973,-0.00438416,-0.00122227,0.00474719,0.0311906,0.0136504,-0.00232582,0.0252727,0.0018087,0.0285192,-0.00104143,0.000979528,0.000874444,0.00132283,-1.981e-05,0.000243066,0.0266474,-1.25451e-06,0.0267537,0.00950871,0.00305407,0.00584319,0.000201117,0.00948346,0.0339868,-0.000922923,-1.13554e-05,-2.99855e-05,-2.97143e-05,0.0005041,0.00145925,2.88364e-05,0.000286069,0.0219308,0.0250152,0.0168173,-0.00248784,-0.00261418,-0.00399387,-0.00679095,-0.00477134,-0.00377247,0.00105293,0.00783675,0.0369499,0.046929,-0.0019285,0.0332887,0.00158942,0.0306633,-0.000877786,-0.00132771,0.00779821,0.00117497,-5.42969e-05,0.00102024,0.00416777,-3.12461e-06,0.00562327,0,0.00184993,-0.0045393,0.0017192,0.0500964,0,0.0605016,0,0,0.00806535,0.00840129,0.0017678,0.000110628,-0.00434076,0.0461623,0,0.054735,-0.0263312,-0.0187941,0.0113814,
2.005,0.00526294,0.00111901,0.00571715,0.000458474,0.00563506,0.0259719,-0.00110656,0.00757236,9.70501e-06,1.94973e-06,-1.07392e-05,0.000324379,0.00582165,1.08588e-05,0.0107347,0.0196345,0.00966784,-0.00296975,-0.00316467,-0.00499267,-0.00832271,-0.00641706,-0.00432694,-0.00119037,0.00480053,0.0311925,0.013496,-0.00229446,0.0252244,0.00178847,0.0279794,-0.00102358,0.000937507,0.000863896,0.00130696,-1.84756e-05,0.000221504,0.0265433,-1.44752e-06,0.0266881,0.00974462,0.0030596,0.00579176,0.00015075,0.00946463,0.0341325,-0.000913408,-1.06672e-05,-2.7733e-05,-2.75976e-05,0.000496578,0.00145596,1.89582e-05,0.000294288,0.022012,0.0250519,0.0169948,-0.00245091,-0.00257248,-0.00392625,-0.00667261,-0.00467972,-0.00370261,0.0010463,0.0079384,0.0368696,0.0469186,-0.00189434,0.0332649,0.00158093,0.0303621,-0.000867029,-0.00131322,0.00775365,0.00119344,-4.96758e-05,0.00101744,0.00413803,-2.95571e-06,0.0055343,0,0.00159485,-0.00444394,-0.000297194,0.0498541,0,0.0600028,0,0,0.00814655,0.00852358,-5.42351e-05,0.00155067,-0.00425649,0.0459083,0,0.0542713,-0.0257237,-0.0178561,0.0114126,
2.01,0.00536825,0.00112328,0.00588363,0.000533389,0.00574897,0.0261501,-0.00108491,0.00753226,9.42772e-06,1.87174e-06,-1.03096e-05,0.000309225,0.00577158,1.05956e-05,0.0108466,0.0196546,0.00980597,-0.00294874,-0.00312842,-0.00491891,-0.00828601,-0.00632735,-0.00426423,-0.00115725,0.0047514,0.0312865,0.0134116,-0.00225993,0.0250744,0.00176555,0.0274372,-0.001002,0.000897709,0.000854949,0.00128338,-1.74492e-05,0.000200798,0.0264562,-1.64052e-06,0.0265793,0.0100257,0.00308503,0.00575543,0.000107754,0.00946034,0.0344202,-0.000900529,-9.97896e-06,-2.56918e-05,-2.53182e-05,0.000489056,0.00145443,2.02553e-05,0.00030013,0.0220869,0.0250818,0.0171642,-0.00241167,-0.00252796,-0.00385486,-0.00654678,-0.00458394,-0.00362926,0.00104067,0.00805066,0.0368099,0.0469058,-0.00185818,0.0332909,0.0015703,0.0301094,-0.000853634,-0.00129677,0.00771939,0.00120561,-4.52649e-05,0.00101386,0.00411576,-2.78681e-06,0.0054056,0,0.00199166,-0.0043224,0.00285554,0.0497699,0,0.0595982,0,0,0.00812066,0.00875346,0.00180689,0.000207754,-0.00416821,0.045792,0,0.0539209,-0.025101,-0.0166136,0.0114702,
2.015,0.00554183,0.00111982,0.00606214,0.000600642,0.00584718,0.0265907,-0.00105982,0.00753332,8.87315e-06,1.94973e-06,-9.80844e-06,0.000294972,0.00576081,1.01349e-05,0.0109575,0.0196639,0.00988527,-0.00292469,-0.00308862,-0.00483883,-0.00823561,-0.00623085,-0.00419687,-0.00112319,0.00479098,0.0313396,0.0133472,-0.00222291,0.0250812,0.00174032,0.0268964,-0.000976922,0.000859913,0.000848827,0.00125406,-1.64228e-05,0.000180946,0.0263907,-1.64052e-06,0.026439,0.010327,0.00311651,0.00573268,7.27427e-05,0.00947489,0.0348144,-0.000884864,-8.68857e-06,-2.38617e-05,-2.34458e-05,0.000481608,0.0014555,1.84593e-05,0.000303596,0.0221539,0.0251037,0.0173218,-0.00237059,-0.00248124,-0.00377978,-0.0064149,-0.00448462,-0.00355285,0.0010361,0.00821186,0.036758,0.0468959,-0.00182018,0.0334163,0.00155803,0.0298994,-0.000838026,-0.00127844,0.00769966,0.00121283,-4.14841e-05,0.0010099,0.00410267,-2.36457e-06,0.00524782,0,0.00189423,-0.0041924,-6.35396e-05,0.0497052,0,0.0592407,0,0,0.00824148,0.0089851,3.01121e-05,0.00168928,-0.00407641,0.0457029,0,0.05359,-0.0244588,-0.015136,0.0115676,
2.02,0.00564452,0.00111024,0.00624864,0.000656828,0.00594654,0.0269317,-0.00103163,0.00756884,8.31858e-06,1.71576e-06,-9.0209e-06,0.000281393,0.00576081,9.34514e-06,0.011063,0.0196568,0.00990535,-0.00289704,-0.00304507,-0.00475242,-0.00817006,-0.00612688,-0.00412449,-0.00108754,0.00481068,0.0313986,0.0133225,-0.00218314,0.0250114,0.0017132,0.0263615,-0.000948568,0.000824561,0.000845154,0.00122042,-1.50884e-05,0.000162234,0.026326,-1.54402e-06,0.0262841,0.0106098,0.00314912,0.00572157,4.68571e-05,0.00950211,0.0350681,-0.000866531,-7.14012e-06,-2.2102e-05,-2.17362e-05,0.000474086,0.00145765,1.68628e-05,0.000304883,0.022213,0.0251164,0.0174659,-0.00232683,-0.00243211,-0.00370012,-0.00627553,-0.00438101,-0.00347294,0.00103235,0.00832526,0.0366903,0.046878,-0.00178033,0.0334344,0.00154406,0.0297226,-0.000820097,-0.00125842,0.00768041,0.00121613,-3.79133e-05,0.00100517,0.00408375,-1.94232e-06,0.00507112,0,0.00204355,-0.00405777,0.00397267,0.0495542,0,0.0587993,0,0,0.00828267,0.00923674,0.00194556,0.000345711,-0.00398147,0.0455802,0,0.0532229,-0.0237896,-0.0139692,0.0116865,
2.025,0.00570359,0.00109654,0.0064161,0.000699015,0.00601853,0.0272243,-0.00100064,0.00762977,7.48672e-06,1.48179e-06,-8.23336e-06,0.000268715,0.00576876,8.42379e-06,0.0111534,0.0196281,0.00986662,-0.00286747,-0.00300026,-0.00466383,-0.00805849,-0.00602065,-0.00405061,-0.00105112,0.0048426,0.0314291,0.0133154,-0.00214242,0.0249014,0.00168489,0.0258451,-0.000917955,0.000791211,0.000842988,0.00118376,-1.42673e-05,0.000144567,0.026246,-1.15801e-06,0.0261344,0.0108355,0.00317239,0.00571758,2.93077e-05,0.00954312,0.0352161,-0.000846109,-5.33358e-06,-2.0483e-05,-2.00266e-05,0.000466637,0.00146032,1.51666e-05,0.000304091,0.0222583,0.0251168,0.0175915,-0.00228204,-0.00238178,-0.00361963,-0.00613473,-0.00427645,-0.00339218,0.0010285,0.010061,0.036596,0.0468512,-0.0017398,0.0333645,0.00152897,0.0295751,-0.00080048,-0.00123723,0.007655,0.00121654,-3.48676e-05,0.00099957,0.00405606,-1.52008e-06,0.00488424,0,0.00208643,-0.0039245,0.000333289,0.0493348,0,0.0582792,0,0,0.00829836,0.00946545,0.000153472,0.0017108,-0.00388595,0.0453961,0,0.0527955,-0.0231197,-0.0133181,0.0118139,
2.03,0.00566173,0.00107952,0.00656736,0.000731648,0.00608811,0.0272772,-0.000966852,0.00770442,6.51622e-06,1.16984e-06,-7.44582e-06,0.000256862,0.0057692,7.43663e-06,0.0112218,0.0195759,0.00978419,-0.00283515,-0.00295294,-0.00457129,-0.00793206,-0.00590981,-0.00397432,-0.00101321,0.00477825,0.0314688,0.0133441,-0.00210067,0.0245977,0.00165552,0.0253522,-0.000885308,0.000760529,0.00084214,0.00114504,-1.30356e-05,0.000128039,0.0261395,-8.6851e-07,0.0260078,0.0109853,0.00318796,0.00572039,2.00942e-05,0.00959234,0.03518,-0.000823947,-2.92487e-06,-1.90049e-05,-1.85612e-05,0.000459115,0.00146216,1.35701e-05,0.000301021,0.0222914,0.0251047,0.0176982,-0.00223503,-0.00232975,-0.0035357,-0.00598842,-0.00416924,-0.0033092,0.00102367,0.00869888,0.0364744,0.0468107,-0.00169773,0.0331393,0.00151286,0.0294406,-0.000779387,-0.001215,0.00761612,0.00121468,-3.1927e-05,0.000993293,0.00401681,-7.6004e-07,0.00469272,0,0.00213234,-0.00379269,0.00371872,0.0490314,0,0.0576922,0,0,0.00815518,0.00971238,0.00194481,0.000497497,-0.00378857,0.0451579,0,0.0523087,-0.022422,-0.0127261,0.011926,
2.035,0.00572256,0.00106051,0.00670008,0.000755485,0.00613967,0.0276133,-0.000930084,0.00777942,5.54572e-06,7.7989e-07,-6.51509e-06,0.000245835,0.00581918,6.51528e-06,0.0112673,0.0195018,0.00967045,-0.00279957,-0.00290312,-0.00447548,-0.0077931,-0.00579352,-0.00389514,-0.000972751,0.00482367,0.0314877,0.0133784,-0.00205798,0.0245289,0.00162531,0.0248895,-0.000851192,0.000732664,0.000844777,0.00110463,-1.20092e-05,0.000112747,0.0260412,-4.82506e-07,0.0259174,0.0110944,0.00320223,0.00572481,1.88657e-05,0.00964752,0.0353648,-0.000800044,-1.03231e-06,-1.76675e-05,-1.70959e-05,0.000451594,0.0014656,1.20734e-05,0.000296169,0.0223114,0.0250804,0.0177841,-0.00218559,-0.0022754,-0.00344882,-0.00583519,-0.00405786,-0.00322342,0.00101982,0.00841686,0.0363621,0.0467791,-0.00165428,0.0331054,0.0014955,0.0293099,-0.000756818,-0.00119134,0.007591,0.00121128,-2.91964e-05,0.000986919,0.00399085,-3.37796e-07,0.00449814,0,0.00220804,-0.00365751,0.000507462,0.0488753,0,0.0572434,0,0,0.00819205,0.0099499,0.000259447,0.00164624,-0.00365312,0.0449681,0,0.0518632,-0.0216856,-0.0121098,0.012043,
2.04,0.0056489,0.00104069,0.00683673,0.000777808,0.00621638,0.0276204,-0.000891663,0.00784378,4.57522e-06,3.11956e-07,-5.65596e-06,0.000235782,0.00584938,5.39649e-06,0.0112881,0.0194102,0.0095472,-0.0027623,-0.00285249,-0.00437958,-0.00764715,-0.00567589,-0.00381596,-0.00092966,0.00474461,0.031524,0.0134476,-0.00201546,0.024238,0.00159444,0.0244698,-0.00081606,0.000707688,0.00084845,0.0010632,-1.1188e-05,9.86891e-05,0.0259338,-9.65011e-08,0.0258695,0.0111363,0.00321624,0.00573117,2.54468e-05,0.00970718,0.0353208,-0.000775097,6.88204e-07,-1.64005e-05,-1.58747e-05,0.000444145,0.00146851,1.07762e-05,0.000289931,0.0223198,0.0250462,0.0178478,-0.00213417,-0.00221986,-0.00336046,-0.00567765,-0.00394522,-0.00313687,0.00101525,0.00828339,0.0362371,0.0467381,-0.00160998,0.0329217,0.00147738,0.0291758,-0.000733193,-0.00116664,0.00756146,0.00120674,-2.68859e-05,0.000980352,0.00395949,8.44489e-08,0.00429949,0,0.00224817,-0.00352197,0.00308642,0.0486365,0,0.0567439,0,0,0.00800533,0.0102109,0.00183909,0.000645682,-0.00352569,0.0447662,0,0.0514402,-0.0209248,-0.0114363,0.0121355,
2.045,0.00553891,0.00102073,0.00694907,0.000794455,0.00628307,0.0274916,-0.000851973,0.00788801,3.46608e-06,-1.55978e-07,-4.79683e-06,0.000226555,0.00587428,4.54095e-06,0.0112847,0.0193053,0.00942186,-0.00272297,-0.00280062,-0.00428387,-0.00749596,-0.00555758,-0.00373604,-0.000884593,0.00459516,0.0315286,0.0135239,-0.00197363,0.0237641,0.00156343,0.0241023,-0.00078025,0.000685232,0.000852971,0.00102096,-1.02642e-05,8.56762e-05,0.0258115,1.93002e-07,0.0258629,0.0111141,0.00322696,0.00573979,3.79947e-05,0.00976796,0.035151,-0.000749222,2.49474e-06,-1.50631e-05,-1.46536e-05,0.000436623,0.00146943,9.57888e-06,0.000282306,0.0223194,0.0250039,0.0178908,-0.00208128,-0.00216321,-0.00327096,-0.00551693,-0.00383106,-0.00304946,0.00101042,0.00814831,0.0360969,0.0466828,-0.00156476,0.0326074,0.00145863,0.0290379,-0.000708831,-0.00114103,0.0075169,0.00120148,-2.47854e-05,0.000973784,0.00391851,5.91142e-07,0.00409439,0,0.00223897,-0.00339643,0.000575914,0.0482921,0,0.0561393,0,0,0.00776251,0.0104455,0.000342629,0.00150362,-0.00341099,0.0445158,0,0.050978,-0.0200947,-0.0106988,0.012195,
2.05,0.00557465,0.00100165,0.00703244,0.000796347,0.00633714,0.0278126,-0.000812029,0.00790647,2.42625e-06,-5.45923e-07,-3.8661e-06,0.000218378,0.00599331,3.6196e-06,0.0112621,0.0191943,0.00930943,-0.00268209,-0.00274862,-0.00418866,-0.00733865,-0.00543777,-0.00365668,-0.000837926,0.00460815,0.0315637,0.0136408,-0.00193248,0.0236382,0.00153243,0.0237958,-0.000744327,0.000665148,0.000864366,0.000978567,-9.4431e-06,7.38031e-05,0.0257302,6.75508e-07,0.0258891,0.011066,0.00324971,0.00574788,5.38769e-05,0.00982743,0.0352873,-0.000722883,3.95717e-06,-1.41481e-05,-1.35953e-05,0.000429102,0.00147241,8.38152e-06,0.000273692,0.0223121,0.0249561,0.0179165,-0.00202719,-0.00210617,-0.00318096,-0.00535345,-0.00371602,-0.00296206,0.00100747,0.00812664,0.035996,0.0466431,-0.00151931,0.0325554,0.00143938,0.0289034,-0.000683625,-0.00111457,0.00749785,0.00119581,-2.279e-05,0.000967797,0.00390174,1.01339e-06,0.0038817,0,0.00220264,-0.0032788,0.00284444,0.0481849,0,0.0556479,0,0,0.00779467,0.010659,0.00180606,0.000780612,-0.00328082,0.0443682,0,0.0505673,-0.0191779,-0.00990234,0.0122544,
2.055,0.00557217,0.000984039,0.00712931,0.000802401,0.00641626,0.0280421,-0.000772212,0.00789513,1.45575e-06,-1.01386e-06,-3.07856e-06,0.000211026,0.00610572,2.82987e-06,0.0112209,0.0190808,0.00921669,-0.0026393,-0.0026964,-0.00409532,-0.00717639,-0.00531771,-0.00357769,-0.000790507,0.00461254,0.031607,0.0137777,-0.00189202,0.023518,0.00150169,0.0235542,-0.000708517,0.000646843,0.000878399,0.000936471,-8.62196e-06,6.30698e-05,0.0256817,8.6851e-07,0.025935,0.0110006,0.00328041,0.00575737,7.26549e-05,0.00988355,0.0353901,-0.000696079,5.16153e-06,-1.30922e-05,-1.2537e-05,0.000421653,0.00147624,7.38372e-06,0.000264384,0.0222999,0.0249056,0.0179258,-0.00197252,-0.00204892,-0.00309146,-0.00518887,-0.00360048,-0.00287508,0.00100532,0.00809823,0.0359164,0.046608,-0.0014734,0.0325132,0.00141976,0.0287876,-0.000658102,-0.00108721,0.00749419,0.00118993,-2.11096e-05,0.000962775,0.00389374,1.35118e-06,0.00366233,0,0.00222967,-0.00316198,0.000672665,0.0480943,0,0.0551954,0,0,0.00775819,0.0108912,0.000471479,0.00141639,-0.00314693,0.0442662,0,0.0502118,-0.0181259,-0.00903985,0.0123065,
2.06,0.00555,0.000968494,0.00722237,0.00080959,0.00648951,0.0282158,-0.000733157,0.00785081,4.85251e-07,-1.48179e-06,-2.36262e-06,0.00020465,0.00621,2.04014e-06,0.0111685,0.0189704,0.00914105,-0.00259495,-0.00264384,-0.00400377,-0.00700772,-0.00519773,-0.0035,-0.000742523,0.00461589,0.0316189,0.013905,-0.00185242,0.0233745,0.00147174,0.0233726,-0.000673159,0.000629945,0.000892337,0.000895256,-7.90347e-06,5.30964e-05,0.0256491,1.25451e-06,0.0259847,0.0109177,0.00330766,0.0057675,9.29246e-05,0.00993929,0.0354138,-0.000668928,6.27986e-06,-1.20364e-05,-1.17229e-05,0.000414204,0.00147991,6.58548e-06,0.000254383,0.0222825,0.0248503,0.0179199,-0.0019181,-0.00199237,-0.00300327,-0.00502606,-0.00348626,-0.00278912,0.00100505,0.00804872,0.035841,0.0465726,-0.00142749,0.0324134,0.00139982,0.0286992,-0.000632052,-0.00128864,0.00749409,0.00118364,-1.94292e-05,0.000958139,0.0038839,1.60453e-06,0.00344082,0,0.00224143,-0.00305253,0.00248552,0.0479469,0,0.0547658,0,0,0.00770837,0.0111181,0.00166756,0.000909568,-0.00301246,0.044147,0,0.0498686,-0.0168533,-0.00816447,0.0123518,
2.065,0.00551718,0.000955675,0.00731224,0.000817819,0.00656506,0.0283268,-0.000695245,0.00777186,-2.77286e-07,-1.87174e-06,-1.64667e-06,0.000198948,0.00629963,1.51365e-06,0.0111069,0.018864,0.0090804,-0.00254883,-0.00259151,-0.00391538,-0.0068338,-0.00507741,-0.00342333,-0.00069454,0.00460152,0.0316381,0.0140227,-0.00181394,0.0232421,0.00144264,0.0232477,-0.000638705,0.000613567,0.000904392,0.000855952,-7.28761e-06,4.41679e-05,0.0256238,1.44752e-06,0.0260229,0.0108286,0.00332997,0.00577764,0.000113808,0.00999261,0.0354074,-0.000641776,6.88204e-06,-1.11918e-05,-1.0746e-05,0.000406829,0.0014832,5.78724e-06,0.000243986,0.0222561,0.0247882,0.0179013,-0.00186419,-0.00193763,-0.00291795,-0.00486765,-0.00337475,-0.00270487,0.00100577,0.00798814,0.0357729,0.0465421,-0.00138227,0.0322968,0.00137937,0.0286339,-0.000605686,-0.00117028,0.00749842,0.00117693,-1.80639e-05,0.00095389,0.00387417,1.77343e-06,0.00322484,0,0.00228602,-0.00294708,0.000721895,0.0478045,0,0.0543884,0,0,0.00763227,0.0113739,0.000576539,0.00132426,-0.00288248,0.0440208,0,0.0495493,-0.0154157,-0.00734366,0.0123874,
2.07,0.00549384,0.000946097,0.00739192,0.000824724,0.00663358,0.0284505,-0.000659047,0.00765984,-1.10914e-06,-2.26168e-06,-1.00232e-06,0.000193997,0.00637883,9.87163e-07,0.0110401,0.0187642,0.00902692,-0.00250081,-0.00253929,-0.00382916,-0.00665406,-0.00495709,-0.00334834,-0.000647121,0.00460333,0.0316581,0.0141276,-0.00177657,0.0232151,0.00141499,0.0231657,-0.000605493,0.00059704,0.000914375,0.000819219,-6.87704e-06,3.59042e-05,0.0255944,1.64052e-06,0.0260355,0.0107336,0.00334442,0.00578411,0.000134868,0.0100433,0.0353935,-0.000614508,7.39819e-06,-1.04175e-05,-1.00133e-05,0.00039938,0.00148695,5.18856e-06,0.000233291,0.0222122,0.024712,0.0178645,-0.00181163,-0.00188449,-0.00283516,-0.00471562,-0.00326824,-0.00262343,0.00100649,0.00793281,0.0357024,0.0465216,-0.00133798,0.0321893,0.0013588,0.0285661,-0.000579214,-0.00109572,0.00751045,0.0011693,-1.68037e-05,0.000949737,0.00386552,1.85788e-06,0.00302449,0,0.00235043,-0.00284463,0.00224001,0.0476722,0,0.0540677,0,0,0.00758284,0.0116561,0.00146618,0.00105424,-0.00275388,0.0438681,0,0.0492236,-0.0143096,-0.00660923,0.012418,
2.075,0.00543754,0.000939762,0.00744852,0.000831345,0.00667358,0.0284552,-0.0006252,0.00751872,-1.80236e-06,-2.49565e-06,-5.01161e-07,0.000189496,0.00642484,5.92298e-07,0.0109717,0.0186685,0.00896797,-0.00245052,-0.00248775,-0.00374572,-0.00646937,-0.00483653,-0.00327484,-0.000600642,0.0045912,0.0316343,0.0141979,-0.00174067,0.0231216,0.00138897,0.0231174,-0.000573976,0.000579402,0.000920779,0.000786306,-6.26119e-06,2.84004e-05,0.0255444,1.73702e-06,0.026012,0.0106205,0.00334502,0.00578745,0.000154611,0.0100914,0.035262,-0.000587125,7.74229e-06,-9.64321e-06,-9.28062e-06,0.000391858,0.00148902,4.58988e-06,0.000222399,0.0221436,0.0246145,0.0178079,-0.00176142,-0.00183346,-0.00275615,-0.00457174,-0.00316778,-0.00254556,0.00100765,0.00784154,0.0356163,0.0464974,-0.00129483,0.0319751,0.00133785,0.0284657,-0.000552532,-0.00104067,0.00751228,0.00116043,-1.56484e-05,0.000945391,0.00384681,2.02677e-06,0.0028478,0,0.00237614,-0.00275281,0.000735991,0.0474161,0,0.0536896,0,0,0.00750282,0.0119336,0.00063876,0.00125847,-0.00263037,0.0436648,0,0.0488557,-0.0137735,-0.00597016,0.0124339,
2.08,0.00535352,0.000936962,0.0074829,0.00083825,0.00667098,0.0284184,-0.000593765,0.00735474,-2.35693e-06,-2.80761e-06,0,0.000185445,0.00644638,3.29054e-07,0.0108978,0.0185725,0.00889128,-0.00239853,-0.00243644,-0.00366523,-0.00627943,-0.00471621,-0.0032032,-0.000555763,0.00460574,0.0315349,0.0142108,-0.00170622,0.0229637,0.00136507,0.0230881,-0.000544379,0.000559762,0.000923981,0.000757948,-5.85062e-06,2.14665e-05,0.0254802,1.83352e-06,0.0259459,0.010471,0.0033253,0.0057909,0.000170493,0.0101369,0.0350666,-0.000559741,7.74229e-06,-8.86894e-06,-8.62935e-06,0.00038441,0.00148841,4.19076e-06,0.00021121,0.0220392,0.0244847,0.0177243,-0.00171453,-0.00178543,-0.00268165,-0.00443952,-0.00307566,-0.00247315,0.00101194,0.00770829,0.0355269,0.0464672,-0.00125353,0.0316778,0.00131665,0.0283,-0.000525744,-0.000994775,0.00749688,0.00114991,-1.45982e-05,0.000941528,0.00381728,2.02677e-06,0.0027011,0,0.00239426,-0.00267954,0.00210983,0.047094,0,0.053246,0,0,0.00745418,0.012177,0.00139314,0.00112289,-0.00250862,0.0434643,0,0.0484603,-0.0133491,-0.00542616,0.0124315,
2.085,0.0052447,0.000937478,0.00747013,0.000839007,0.00663349,0.028204,-0.000565315,0.00717687,-2.77286e-06,-3.04157e-06,3.57972e-07,0.000181619,0.00643049,1.31622e-07,0.010817,0.0184705,0.00879319,-0.00234513,-0.00238593,-0.00358812,-0.00608745,-0.00459631,-0.0031337,-0.000512955,0.00457468,0.0314476,0.0141925,-0.00167367,0.0226367,0.00134339,0.0230666,-0.000516928,0.000537455,0.00092351,0.000735174,-5.64533e-06,1.50076e-05,0.0253634,1.83352e-06,0.0258342,0.0102886,0.00329382,0.00579133,0.000180672,0.010174,0.034689,-0.000532473,7.74229e-06,-8.23545e-06,-7.97807e-06,0.000376888,0.00148404,3.79164e-06,0.000199724,0.02189,0.0243138,0.0176061,-0.00167198,-0.00174092,-0.0026128,-0.00431964,-0.00299257,-0.00240679,0.00101669,0.00753819,0.0353873,0.0464151,-0.00121422,0.0311852,0.00129539,0.0280439,-0.000499061,-0.00095272,0.00744636,0.00113753,-1.3653e-05,0.000937182,0.00376549,1.94232e-06,0.00258689,0,0.00234816,-0.00262191,0.000741971,0.0465531,0,0.0526641,0,0,0.00733532,0.0123534,0.00072685,0.00120087,-0.00239891,0.0431369,0,0.0479734,-0.0129469,-0.00495263,0.0123996,
2.09,0.00519511,0.000941161,0.00742237,0.00083494,0.00658193,0.0280831,-0.00054004,0.00699592,-3.18879e-06,-3.11956e-06,7.15944e-07,0.000178018,0.00641115,6.58109e-08,0.0107285,0.0183629,0.00866459,-0.00229095,-0.00233679,-0.00351515,-0.0058949,-0.00447809,-0.0030668,-0.000472498,0.00457855,0.0313789,0.0141549,-0.00164266,0.0223909,0.00132421,0.0230417,-0.000492076,0.00051159,0.000921533,0.000718644,-5.23476e-06,9.02354e-06,0.0252131,1.83352e-06,0.0256783,0.0101101,0.00326052,0.00578971,0.000183919,0.0102022,0.034375,-0.000505322,7.39819e-06,-7.67234e-06,-7.48962e-06,0.000369293,0.00147731,3.59208e-06,0.000188039,0.0216873,0.024096,0.0174458,-0.00163466,-0.00170051,-0.0025501,-0.00421429,-0.00291971,-0.00234698,0.00102286,0.00741281,0.0352334,0.0463587,-0.00117737,0.0306924,0.00127413,0.0276835,-0.000472589,-0.000912614,0.00737957,0.00112299,-1.29178e-05,0.000932256,0.0037099,1.94232e-06,0.00250562,0,0.00232302,-0.00257982,0.00198575,0.0460289,0,0.0520653,0,0,0.00730707,0.0124863,0.00129208,0.0011755,-0.00229604,0.0427895,0,0.0474713,-0.0125641,-0.00452259,0.0123481,
2.095,0.00508513,0.000947571,0.00733152,0.000822265,0.00648902,0.0278,-0.000518131,0.00682447,-3.39675e-06,-3.27554e-06,8.59133e-07,0.000174492,0.0063655,0,0.0106324,0.0182427,0.00850743,-0.00223642,-0.00228947,-0.00344643,-0.00570525,-0.00436314,-0.00300335,-0.000435052,0.0045721,0.031256,0.0140834,-0.00161371,0.022119,0.00130759,0.0230046,-0.000469822,0.000481723,0.0009172,0.000708726,-5.02948e-06,3.22948e-06,0.0250213,1.83352e-06,0.0254842,0.00989171,0.00321416,0.00578001,0.000179795,0.0102214,0.0339698,-0.000478518,7.05409e-06,-7.03884e-06,-7.08258e-06,0.000361626,0.00146866,3.19296e-06,0.000176256,0.0214275,0.0238278,0.0172351,-0.00160257,-0.00166482,-0.00249412,-0.00412468,-0.00285669,-0.00229442,0.00102805,0.0072345,0.0350493,0.0462989,-0.00114305,0.0302129,0.00125312,0.0272103,-0.000446434,-0.000874458,0.00729642,0.00110627,-1.19726e-05,0.000927138,0.0036514,1.85788e-06,0.00245469,0,0.00227578,-0.00254491,0.00071474,0.0454636,0,0.0514908,0,0,0.00721528,0.0125739,0.000801714,0.00118311,-0.00220003,0.0424136,0,0.0469576,-0.0121966,-0.00414532,0.0122709,
2.1,0.00499221,0.000956264,0.00720899,0.000803252,0.0063673,0.0275377,-0.000499398,0.00667438,-3.5354e-06,-3.35353e-06,9.30728e-07,0.000171042,0.00631473,6.58109e-08,0.010523,0.0181107,0.00832665,-0.00218295,-0.00224421,-0.00338316,-0.00552085,-0.00425314,-0.0029438,-0.000400616,0.00459128,0.0311315,0.0139885,-0.00158691,0.021917,0.00129347,0.0229475,-0.000450166,0.000447187,0.000911926,0.000705641,-4.92684e-06,-2.27963e-06,0.0247993,1.73702e-06,0.0252644,0.00964289,0.0031589,0.0057592,0.000167949,0.0102292,0.0335937,-0.000452295,6.62396e-06,-6.61651e-06,-6.43131e-06,0.000354031,0.00145902,3.09318e-06,0.000164274,0.0211103,0.02351,0.0169712,-0.00157642,-0.00163424,-0.00244576,-0.0040496,-0.00280353,-0.00224953,0.00103288,0.00705961,0.0348494,0.0462427,-0.00111158,0.0297928,0.00123261,0.0266303,-0.000421017,-0.000838058,0.00720672,0.0010876,-1.14475e-05,0.000921923,0.00359646,1.68898e-06,0.00243137,0,0.00222502,-0.00251791,0.00189818,0.0449192,0,0.0509604,0,0,0.00716428,0.0126185,0.00118885,0.00117681,-0.00210539,0.0420362,0,0.0464504,-0.0118429,-0.00381244,0.0121711,
2.105,0.00488996,0.000966873,0.00706055,0.000778943,0.00622824,0.0272449,-0.000483966,0.00655867,-3.5354e-06,-3.27554e-06,1.07392e-06,0.000167516,0.00625132,1.97433e-07,0.0104009,0.0179665,0.00813492,-0.00213181,-0.00220237,-0.00332551,-0.00534693,-0.00415001,-0.00288863,-0.000369568,0.00461882,0.0310163,0.0138826,-0.00156243,0.0217317,0.00128197,0.022867,-0.000433334,0.000407834,0.000905616,0.000709094,-4.72155e-06,1.51975e-06,0.0245415,1.54402e-06,0.0250344,0.009364,0.00309705,0.00572621,0.000148205,0.0102221,0.0331505,-0.000426884,6.02178e-06,-6.19418e-06,-6.18708e-06,0.000346363,0.00144831,2.9934e-06,0.000152293,0.0207399,0.0231466,0.0166474,-0.00155613,-0.00160867,-0.00240478,-0.00398982,-0.00276047,-0.00221213,0.00103584,0.00687924,0.0346222,0.0461848,-0.00108325,0.0293313,0.00121292,0.0259639,-0.000396549,-0.000803737,0.00710914,0.00106739,-1.08174e-05,0.000916418,0.00353979,1.52008e-06,0.00243193,0,0.00216213,-0.00250055,0.000656754,0.0443317,0,0.0504065,0,0,0.00710505,0.0126203,0.000851458,0.00118327,-0.00201339,0.0416217,0,0.0459288,-0.01151,-0.00352005,0.0120492,
2.11,0.00482403,0.000978513,0.00688965,0.000753025,0.00606951,0.0270022,-0.000471646,0.00649053,-3.5354e-06,-3.27554e-06,1.00232e-06,0.000163915,0.00617388,3.29054e-07,0.0102662,0.017813,0.00793889,-0.00208364,-0.00216383,-0.0032743,-0.00518613,-0.00405519,-0.00283829,-0.000342189,0.00467775,0.0308883,0.0137513,-0.00154044,0.0215445,0.00127278,0.0227674,-0.000418988,0.000362997,0.000897329,0.000718644,-4.72155e-06,1.51975e-06,0.0242435,1.54402e-06,0.0248136,0.0090807,0.00303149,0.00568297,0.000119161,0.0102001,0.0326618,-0.000402865,5.59166e-06,-5.77185e-06,-5.78003e-06,0.000338768,0.00143584,2.89362e-06,0.000140113,0.0203264,0.0227486,0.016266,-0.00154165,-0.00158852,-0.00237183,-0.00394524,-0.00272707,-0.00218231,0.00103754,0.00672831,0.0343612,0.0461149,-0.00105799,0.0287714,0.00119442,0.0252567,-0.000373346,-0.000771757,0.006995,0.00104604,-1.02922e-05,0.000910237,0.00347361,1.43563e-06,0.00245378,0,0.00208083,-0.00249964,0.0018687,0.0436427,0,0.0498054,0,0,0.00710819,0.0125409,0.00111847,0.00117116,-0.00192374,0.0411416,0,0.045357,-0.0112146,-0.00325675,0.0119089,
2.115,0.00468458,0.000990743,0.00670561,0.000721716,0.00589652,0.0266222,-0.000462248,0.00648279,-3.39675e-06,-3.19755e-06,9.30728e-07,0.000160089,0.0060832,5.26487e-07,0.0101187,0.0176535,0.00775003,-0.00203972,-0.00212951,-0.00323001,-0.00504105,-0.00397025,-0.00279326,-0.000318668,0.0047015,0.0307538,0.013618,-0.00152094,0.0212612,0.00126601,0.0226518,-0.000407352,0.000312527,0.000888099,0.000733337,-4.72155e-06,1.32979e-06,0.0238863,1.35102e-06,0.0246224,0.00875222,0.00295763,0.0056254,8.06399e-05,0.0101604,0.0320195,-0.000380355,4.90345e-06,-5.56069e-06,-5.53581e-06,0.000331101,0.00142168,2.89362e-06,0.000127835,0.0198865,0.0223362,0.0158343,-0.00153265,-0.00157348,-0.00234675,-0.00391486,-0.00270352,-0.00215982,0.00103619,0.00651783,0.0340415,0.046028,-0.00103619,0.0281106,0.00117744,0.0245677,-0.000351937,-0.000742441,0.00686229,0.00102396,-9.97718e-06,0.000903283,0.00339575,1.18228e-06,0.00249555,0,0.00199915,-0.002504,0.000578157,0.0429027,0,0.0492287,0,0,0.00701325,0.0124098,0.000877827,0.00116486,-0.00184212,0.0405973,0,0.0447417,-0.0109628,-0.00302793,0.0117392,
2.12,0.00453186,0.00100268,0.0065309,0.000689651,0.00572073,0.0262233,-0.000455453,0.00654645,-3.11947e-06,-3.04157e-06,7.87539e-07,0.000155888,0.00599075,7.2392e-07,0.00996518,0.017492,0.00758152,-0.00200096,-0.00209986,-0.00319224,-0.0049152,-0.00389655,-0.00275428,-0.000299192,0.00470073,0.0306224,0.0134885,-0.00150402,0.0208819,0.00126115,0.0225297,-0.000398202,0.000256203,0.000878964,0.000752732,-4.72155e-06,1.13982e-06,0.02349,1.25451e-06,0.0244801,0.00838638,0.00288005,0.00555758,3.17646e-05,0.0101024,0.0313922,-0.000359933,4.3873e-06,-5.20874e-06,-5.29158e-06,0.000323506,0.00140661,2.89362e-06,0.000115556,0.0194441,0.0219305,0.0153602,-0.00152927,-0.00156396,-0.00232905,-0.00389878,-0.00268969,-0.00214508,0.00103235,0.00629034,0.0336923,0.0459248,-0.00101784,0.0274398,0.00116234,0.0239652,-0.000332637,-0.000716181,0.00671514,0.00100168,-9.76713e-06,0.000895943,0.0033127,1.09784e-06,0.0025552,0,0.00190932,-0.00251219,0.00187383,0.0421893,0,0.0486424,0,0,0.00690067,0.0122305,0.00105301,0.00114604,-0.00176911,0.0400787,0,0.0441431,-0.0107603,-0.0028327,0.0115437,
2.125,0.00440394,0.00101388,0.00639707,0.00066203,0.00558186,0.0259034,-0.000451198,0.00668739,-2.84218e-06,-2.80761e-06,5.72755e-07,0.000151462,0.00591083,9.21352e-07,0.00980554,0.0173331,0.00742944,-0.00196729,-0.00207489,-0.00316179,-0.00480946,-0.00383334,-0.00272116,-0.000283856,0.00468051,0.0305703,0.0133974,-0.00148993,0.0205626,0.00125839,0.0224082,-0.000391311,0.000193653,0.000871147,0.00077536,-4.92684e-06,9.49847e-07,0.0231043,1.15801e-06,0.0244016,0.00801901,0.00281146,0.00548589,-2.70262e-05,0.0100265,0.0309746,-0.000341832,3.78512e-06,-5.06797e-06,-5.12876e-06,0.000316057,0.00139245,2.79384e-06,0.00010308,0.0190236,0.021555,0.0148654,-0.00153131,-0.00155955,-0.00231987,-0.00389658,-0.00268508,-0.00213733,0.00102626,0.00610393,0.0333755,0.0458334,-0.00100341,0.0269583,0.00114919,0.0235208,-0.000315657,-0.000693301,0.00658252,0.000980123,-9.34704e-06,0.00088841,0.00324576,9.28938e-07,0.00263251,0,0.0018857,-0.00251573,0.000528286,0.0417068,0,0.0481569,0,0,0.00678573,0.0120818,0.000890221,0.00116707,-0.00170676,0.0397042,0,0.0436795,-0.0105988,-0.00264227,0.0113336,
2.13,0.00428944,0.00102375,0.00631838,0.000643869,0.00548269,0.0256604,-0.000449039,0.00690501,-2.49557e-06,-2.65163e-06,3.57972e-07,0.000146736,0.00583922,1.11879e-06,0.0096448,0.0171812,0.00730162,-0.00193942,-0.00205448,-0.00313845,-0.00472352,-0.00378228,-0.00269445,-0.000272848,0.0046374,0.0305464,0.0133396,-0.00147825,0.0202418,0.00125747,0.0222984,-0.00038668,0.000124507,0.000864366,0.000800706,-4.72155e-06,6.64893e-07,0.0227592,9.65011e-07,0.0243973,0.00768475,0.00275438,0.00542033,-9.5908e-05,0.00993892,0.0306828,-0.000326284,3.35499e-06,-5.06797e-06,-4.96594e-06,0.000308609,0.0013796,2.89362e-06,9.08015e-05,0.018653,0.0212355,0.0143747,-0.00153878,-0.00156075,-0.00231798,-0.00390891,-0.00269013,-0.00213682,0.00101919,0.00595289,0.0331083,0.0457496,-0.000993272,0.0265568,0.00113856,0.023295,-0.000301419,-0.00067406,0.00646742,0.00095939,-9.24202e-06,0.000880877,0.00319201,7.6004e-07,0.00272635,0,0.00186008,-0.002519,0.00200806,0.0413443,0,0.0477611,0,0,0.00667903,0.0119712,0.00101566,0.00116928,-0.00166106,0.0394781,0,0.0433653,-0.010485,-0.00241945,0.0111142,
2.135,0.00416866,0.00103156,0.0063196,0.000638761,0.00544298,0.0254626,-0.000449166,0.00718883,-2.07965e-06,-2.41766e-06,7.15944e-08,0.000141859,0.00578527,1.31622e-06,0.0094839,0.0170363,0.00719193,-0.00191693,-0.00203921,-0.00312174,-0.00465943,-0.00374169,-0.00267361,-0.000266262,0.00455231,0.0305973,0.0133405,-0.00146897,0.0199872,0.00125826,0.0222066,-0.000384081,4.82464e-05,0.00085994,0.000827668,-4.92684e-06,3.79939e-07,0.0225057,8.6851e-07,0.0244715,0.00739432,0.00271234,0.00537171,-0.000173389,0.00984085,0.0306738,-0.000313752,2.92487e-06,-4.92719e-06,-5.04735e-06,0.000301379,0.00137011,2.9934e-06,7.882e-05,0.0183516,0.0209875,0.0139153,-0.00155141,-0.00156727,-0.00232429,-0.00393467,-0.00270389,-0.00214321,0.00101185,0.00583447,0.0329485,0.0457003,-0.000987437,0.0264363,0.00113019,0.0233392,-0.000290134,-0.000658655,0.00639418,0.000940102,-9.03197e-06,0.000874214,0.00316822,6.75591e-07,0.00283648,0,0.00191112,-0.00251009,0.000576235,0.0413026,0,0.0475647,0,0,0.00652212,0.0119812,0.000904029,0.00120978,-0.00163855,0.0395166,0,0.0433145,-0.0104275,-0.00209467,0.0108992,
2.14,0.00403403,0.00103694,0.00641242,0.00065068,0.0054611,0.0252974,-0.000451071,0.00751644,-1.80236e-06,-2.26168e-06,-1.43189e-07,0.000136833,0.00574615,1.57946e-06,0.00932694,0.0169005,0.00709359,-0.0019001,-0.00202826,-0.00311146,-0.00461515,-0.00371302,-0.00265891,-0.00026391,0.00441034,0.0306781,0.0133916,-0.0014621,0.019721,0.00126089,0.0221417,-0.000383517,-3.54252e-05,0.000858056,0.000855732,-5.13212e-06,9.49847e-08,0.0223658,7.72009e-07,0.0246206,0.00715926,0.00268553,0.00534864,-0.000257627,0.00974074,0.0308839,-0.000304005,2.40871e-06,-4.92719e-06,-4.96594e-06,0.000294295,0.00136475,3.09318e-06,6.71356e-05,0.018138,0.0208228,0.0135094,-0.00156921,-0.0015789,-0.00233806,-0.0039743,-0.00272688,-0.0021565,0.00100514,0.00572894,0.0328996,0.0456805,-0.000986362,0.0265297,0.00112453,0.0236866,-0.000281803,-0.000647345,0.00636425,0.000922876,-9.03197e-06,0.000868709,0.00317103,5.06693e-07,0.00296371,0,0.00198113,-0.00248891,0.00213867,0.0414946,0,0.0475294,0,0,0.00631696,0.0121217,0.000995114,0.00123139,-0.00164814,0.0398141,0,0.0435373,-0.0104233,-0.00153177,0.0106946,
2.145,0.0039045,0.00103959,0.00659843,0.00067934,0.00554716,0.0252123,-0.000454754,0.00785969,-1.31711e-06,-2.02772e-06,-5.01161e-07,0.000131732,0.00572319,1.71108e-06,0.00917203,0.0167731,0.00700242,-0.00188878,-0.00202165,-0.00310721,-0.00459126,-0.00369399,-0.00264942,-0.000265792,0.00421856,0.0308103,0.0134915,-0.00145729,0.0195181,0.00126496,0.0221081,-0.000384872,-0.000127027,0.000858151,0.000884016,-5.13212e-06,-2.84954e-07,0.0223449,5.79007e-07,0.0248355,0.00699026,0.00267394,0.00535597,-0.000345901,0.00964398,0.0312887,-0.000297507,2.23666e-06,-4.99758e-06,-4.96594e-06,0.000287504,0.0013643,3.09318e-06,5.59464e-05,0.0180176,0.020745,0.01318,-0.00159192,-0.00159544,-0.00235896,-0.00402659,-0.00275832,-0.00217626,0.000999595,0.00565547,0.0329587,0.0456965,-0.000990278,0.0268163,0.00112145,0.0243448,-0.000276424,-0.000639935,0.00638417,0.000907713,-9.03197e-06,0.000864653,0.00319936,3.37796e-07,0.00310882,0,0.00212741,-0.00245446,0.000709828,0.0419239,0,0.047689,0,0,0.00608277,0.0124239,0.000908438,0.00127279,-0.00169698,0.0403341,0,0.0440133,-0.0104705,4.89573e-05,0.0105108,
2.15,0.00375893,0.00103937,0.00686583,0.000723513,0.00568353,0.0251948,-0.000460025,0.00818678,-9.70501e-07,-1.79375e-06,-6.4435e-07,0.000126556,0.00570668,1.97433e-06,0.00902469,0.0166518,0.00691986,-0.00188234,-0.00201891,-0.0031084,-0.00458689,-0.00368502,-0.00264505,-0.000271813,0.00399073,0.0309493,0.013623,-0.00145445,0.0192772,0.00127054,0.0221159,-0.000388035,-0.00022678,0.000859846,0.0009123,-5.23476e-06,-5.69908e-07,0.0224227,5.79007e-07,0.0251006,0.00687698,0.00267213,0.00539856,-0.000435227,0.00955468,0.0317073,-0.000293794,1.80654e-06,-5.13836e-06,-5.12876e-06,0.000281078,0.00136728,3.19296e-06,4.52522e-05,0.017992,0.0207523,0.0129377,-0.00161935,-0.001617,-0.00238675,-0.00409231,-0.00279785,-0.00220225,0.000996016,0.00558862,0.033094,0.0457239,-0.000999183,0.0270717,0.00112101,0.0252995,-0.000273998,-0.00063662,0.00643701,0.000895025,-9.13699e-06,0.000862142,0.00323581,2.53347e-07,0.00327284,0,0.00227815,-0.00241792,0.00203241,0.0424216,0,0.0479369,0,0,0.0058325,0.0128508,0.000976814,0.00129472,-0.00178947,0.0409797,0,0.0446438,-0.0105689,0.0222058,0.0103459,
2.155,0.00344707,0.00103583,0.00720518,0.000774592,0.00585758,0.0249003,-0.000466693,0.00846972,-6.93215e-07,-1.63777e-06,-9.30728e-07,0.000121229,0.00567807,2.10595e-06,0.00888459,0.0165342,0.00684121,-0.00188086,-0.00201959,-0.00311413,-0.00459913,-0.00368485,-0.00264505,-0.000281598,0.00360941,0.0310846,0.0137934,-0.00145308,0.0187675,0.00127757,0.0221681,-0.00039278,-0.000334612,0.000862765,0.000939997,-5.44005e-06,-7.59877e-07,0.0225802,3.86004e-07,0.0253968,0.00673805,0.00266668,0.00547748,-0.000521571,0.00948067,0.03203,-0.000293098,1.63448e-06,-5.34952e-06,-5.29158e-06,0.00027487,0.00137294,3.39252e-06,3.51521e-05,0.0180567,0.0208355,0.0127929,-0.00165061,-0.00164246,-0.00242068,-0.00416794,-0.00284406,-0.00223334,0.000994405,0.00539958,0.0332931,0.0457553,-0.00101262,0.0273071,0.00112309,0.0265136,-0.000274315,-0.00063727,0.00651265,0.00088502,-9.24202e-06,0.000861176,0.00327733,1.68898e-07,0.00345542,0,0.00244767,-0.00237137,0.000838402,0.0430127,0,0.0482415,0,0,0.00533783,0.0134405,0.000903447,0.00131444,-0.00193373,0.0417573,0,0.0454303,-0.010709,0.00506734,0.0101824,
2.16,0.00322127,0.00102913,0.00758554,0.000821886,0.00603568,0.0249977,-0.000474504,0.00868874,-4.15929e-07,-1.48179e-06,-1.14551e-06,0.000115978,0.00571948,2.23757e-06,0.00874906,0.0164231,0.00676921,-0.00188376,-0.00202347,-0.00312382,-0.00462797,-0.00369239,-0.00264886,-0.000295241,0.00331361,0.0311906,0.0139853,-0.00145316,0.0183882,0.00128565,0.022274,-0.00039888,-0.000449633,0.000870865,0.000966739,-5.54269e-06,-1.04483e-06,0.0228226,3.86004e-07,0.0257038,0.0065733,0.00266495,0.00558648,-0.00060265,0.00942119,0.0325703,-0.000294955,1.54846e-06,-5.56069e-06,-5.37299e-06,0.000269174,0.00138243,3.39252e-06,2.56462e-05,0.0181991,0.0209858,0.0127465,-0.00168525,-0.00167134,-0.00245945,-0.00425337,-0.00289584,-0.00226921,0.000995837,0.00525378,0.0335451,0.0457972,-0.00103043,0.027695,0.00112755,0.027918,-0.000276951,-0.00064156,0.00661726,0.000877799,-9.34704e-06,0.000862624,0.00332719,1.68898e-07,0.00365497,0,0.00259765,-0.00232365,0.00191526,0.0437456,0,0.048649,0,0,0.00505068,0.0141113,0.000977895,0.00130503,-0.00208905,0.0426447,0,0.0463271,-0.0108879,0.00151723,0.0100366,
2.165,0.00296966,0.00101947,0.00797388,0.000860952,0.00621773,0.0250974,-0.000483394,0.008831,-2.07965e-07,-1.32581e-06,-1.36029e-06,0.000110802,0.00578306,2.36919e-06,0.00862063,0.0163183,0.006707,-0.00189118,-0.00203031,-0.00313746,-0.00467108,-0.00370723,-0.00265621,-0.000312364,0.00303579,0.0313265,0.0142131,-0.00145419,0.0180458,0.00129485,0.0224399,-0.000406336,-0.000569767,0.00088339,0.000992231,-5.64533e-06,-1.32979e-06,0.0231403,2.89503e-07,0.0260028,0.00637917,0.00266789,0.00572351,-0.000676533,0.00938223,0.0331061,-0.000299132,1.37641e-06,-5.84224e-06,-5.61722e-06,0.000263917,0.00139521,3.59208e-06,1.68334e-05,0.0184068,0.0211895,0.0127967,-0.00172238,-0.00170322,-0.00250281,-0.00434628,-0.00295203,-0.00230865,0.00100049,0.00510844,0.0338477,0.0458474,-0.00105162,0.0281295,0.00113428,0.0294343,-0.000282119,-0.000649555,0.00674613,0.000873364,-9.55709e-06,0.000866198,0.00338731,0,0.003868,0,0.00271718,-0.00227801,0.000953414,0.0445107,0,0.0490956,0,0,0.00473922,0.0148474,0.000929067,0.00131779,-0.00223703,0.0435799,0,0.047295,-0.0110953,0.00317203,0.0099085,
2.17,0.00277609,0.00100644,0.00836835,0.000894153,0.0064127,0.0253874,-0.00049292,0.00889334,0,-1.32581e-06,-1.36029e-06,0.000105926,0.00589079,2.50081e-06,0.00849786,0.0162192,0.00665652,-0.00190208,-0.00203909,-0.00313667,-0.00472731,-0.00372769,-0.00266617,-0.000332592,0.00282104,0.0314839,0.014472,-0.00145591,0.0179037,0.0013047,0.0226679,-0.000414695,-0.00065707,0.000900625,0.00101618,-5.74798e-06,-1.32979e-06,0.0235488,2.89503e-07,0.0262775,0.00619268,0.00268276,0.00588879,-0.000742782,0.00936769,0.0338053,-0.000305746,1.29038e-06,-6.12379e-06,-5.94285e-06,0.000259243,0.00141212,3.69186e-06,8.61475e-06,0.01866,0.0214311,0.012934,-0.0017611,-0.00173671,-0.00254944,-0.00444492,-0.00301101,-0.0023509,0.00100872,0.00502767,0.0342208,0.0459204,-0.00107542,0.0287341,0.00114303,0.0309805,-0.000289291,-0.00066067,0.00690935,0.000871714,-9.76713e-06,0.000872668,0.00346842,0,0.00408941,0,0.00284761,-0.00223538,0.00182898,0.0453967,0,0.0496157,0,0,0.00452268,0.0156329,0.0010125,0.00132639,-0.00236612,0.0445957,0,0.0483609,-0.0113297,0.00156911,0.00980803,
2.175,0.00259712,0.000990669,0.00874343,0.000919881,0.00660236,0.0257234,-0.00050289,0.00887874,1.38643e-07,-1.24782e-06,-1.57508e-06,0.00010135,0.00601971,2.56662e-06,0.00838613,0.0161286,0.00662861,-0.00191622,-0.00205027,-0.00314162,-0.00479489,-0.00375377,-0.00267845,-0.000355738,0.00266987,0.0316081,0.0147364,-0.00145849,0.0178611,0.00131501,0.0229587,-0.000423732,-0.000725771,0.000920591,0.00103822,-5.74798e-06,-1.51975e-06,0.024014,2.89503e-07,0.0265136,0.00600585,0.00270404,0.00607359,-0.000802187,0.0093744,0.0344179,-0.000314332,1.37641e-06,-6.40535e-06,-6.10567e-06,0.000255372,0.00143132,3.79164e-06,1.18824e-06,0.0189391,0.0216947,0.0131468,-0.00180021,-0.0017713,-0.00259772,-0.00454631,-0.00307137,-0.0023946,0.00102,0.00496492,0.034615,0.0459973,-0.0011006,0.0293107,0.00115385,0.0324771,-0.000298466,0.00062492,0.00709066,0.000872642,-9.97718e-06,0.00088165,0.0035545,-8.44489e-08,0.00431296,0,0.00295272,-0.00220101,0.00106597,0.0462173,0,0.0501137,0,0,0.00434851,0.0163807,0.00097149,0.00131297,-0.00247554,0.0455652,0,0.0494064,-0.0115773,0.00340264,0.00973696,
2.18,0.0024056,0.000972177,0.00907443,0.000936718,0.00677737,0.0259863,-0.000512987,0.00879645,1.38643e-07,-1.16984e-06,-1.57508e-06,9.70736e-05,0.00615031,2.63244e-06,0.00828512,0.0160495,0.00662235,-0.0019332,-0.00206258,-0.00314913,-0.00487122,-0.00378378,-0.0026925,-0.000381047,0.0025304,0.0317144,0.0149957,-0.00146124,0.0178242,0.00132539,0.0233101,-0.000433447,-0.000780095,0.000941027,0.00105806,-5.85062e-06,-1.61474e-06,0.0245034,1.93002e-07,0.0267006,0.00581851,0.00272774,0.00626917,-0.000856328,0.00940404,0.0348765,-0.000324775,1.29038e-06,-6.75729e-06,-6.3499e-06,0.000252232,0.00145114,3.89142e-06,4.25787e-06,0.0192274,0.0219645,0.0134217,-0.00183899,-0.00180599,-0.0026469,-0.00464858,-0.0031311,-0.00243873,0.00103333,0.00489818,0.0350065,0.0460699,-0.00112639,0.0297797,0.00116624,0.0338608,-0.000309224,7.89112e-05,0.00727476,0.000876046,-1.01872e-05,0.00089295,0.00363604,-8.44489e-08,0.00453142,0,0.00302833,-0.00217847,0.0016531,0.0469192,0,0.0505352,0,0,0.00415904,0.017001,0.00104286,0.00129807,-0.00257155,0.0464212,0,0.0503808,-0.0118325,0.00176913,0.00968427,
2.185,0.00223041,0.000951476,0.00936295,0.000947501,0.00693745,0.0262381,-0.000522831,0.00866034,1.38643e-07,-1.24782e-06,-1.57508e-06,9.32477e-05,0.00628276,2.69825e-06,0.00819687,0.0159833,0.00664413,-0.00195201,-0.00207592,-0.00315862,-0.00495395,-0.0038164,-0.00270729,-0.000407955,0.00241132,0.0318076,0.0152427,-0.0014639,0.0178202,0.00133564,0.0237108,-0.000443049,-0.00082345,0.000961087,0.0010751,-5.95326e-06,-1.51975e-06,0.0250042,1.93002e-07,0.0268301,0.00564527,0.00275317,0.00647014,-0.000907133,0.00944953,0.035282,-0.000336726,1.46243e-06,-7.17962e-06,-6.67553e-06,0.000249676,0.00147081,4.09098e-06,4.45591e-06,0.0195057,0.0222221,0.0137362,-0.00187619,-0.00183987,-0.0026955,-0.00474853,-0.00318982,-0.00248192,0.00104756,0.00484856,0.0353952,0.0461403,-0.00115173,0.0302001,0.00118008,0.0350639,-0.000321458,-0.000243299,0.00745704,0.000881822,-1.03973e-05,0.000905891,0.00371401,-8.44489e-08,0.00473709,0,0.00309369,-0.00216747,0.00113165,0.0475542,0,0.050917,0,0,0.00399506,0.0175084,0.00100035,0.00127778,-0.00261686,0.0471881,0,0.0512508,-0.0120863,0.00308206,0.00965118,
2.19,0.00208703,0.000928711,0.00959402,0.000950528,0.00707594,0.0264621,-0.000532102,0.00848985,1.38643e-07,-1.24782e-06,-1.57508e-06,8.97968e-05,0.00641053,2.76406e-06,0.00812327,0.0159343,0.00669891,-0.00197266,-0.00209029,-0.00316989,-0.00504047,-0.00385094,-0.00272255,-0.00043571,0.00231719,0.0318917,0.0154723,-0.00146656,0.0178926,0.00134543,0.0241457,-0.000452538,-0.000858282,0.000979452,0.0010895,-5.95326e-06,-1.61474e-06,0.0254983,1.93002e-07,0.0268967,0.00548986,0.00277998,0.00666841,-0.000956623,0.00951441,0.0356028,-0.000350186,1.37641e-06,-7.46117e-06,-6.91976e-06,0.000247778,0.00148955,4.09098e-06,4.45591e-06,0.0197567,0.0224539,0.0140755,-0.00191127,-0.00187196,-0.00274238,-0.00484387,-0.00324513,-0.00252341,0.00106205,0.00482528,0.0357676,0.0462093,-0.00117583,0.0305654,0.0011948,0.0360277,-0.000334957,-0.000564664,0.00763306,0.000889558,-1.06073e-05,0.000920281,0.00378744,-1.68898e-07,0.00492273,0,0.0031322,-0.00216802,0.00153691,0.0481001,0,0.051262,0,0,0.00386247,0.0179258,0.00105642,0.00126183,-0.0026564,0.0478394,0,0.0520446,-0.0123304,0.00194577,0.00963097,
2.195,0.00199601,0.000904988,0.00975927,0.000946271,0.00718417,0.0266368,-0.000540612,0.00830574,6.93215e-08,-1.24782e-06,-1.57508e-06,8.68711e-05,0.00653009,2.76406e-06,0.0080708,0.0159046,0.00678773,-0.00199381,-0.00210431,-0.00318215,-0.00512961,-0.00388599,-0.00273772,-0.000463277,0.00225645,0.0319473,0.0156715,-0.00146888,0.0180304,0.00135442,0.0245947,-0.000461688,-0.000886518,0.000995839,0.00110089,-5.95326e-06,-1.42477e-06,0.0259798,1.93002e-07,0.0268985,0.00537929,0.0028093,0.00685741,-0.00100664,0.00958954,0.0358901,-0.000364574,1.63448e-06,-7.74273e-06,-7.16399e-06,0.000246609,0.00150708,4.19076e-06,4.65395e-06,0.0199678,0.0226454,0.0144196,-0.00194336,-0.00190184,-0.00278664,-0.00493293,-0.00329652,-0.00256183,0.00107539,0.00483544,0.0361255,0.0462787,-0.00119848,0.0309436,0.00121021,0.0367177,-0.000349406,-0.00063142,0.00779975,0.000898945,-1.07123e-05,0.000935926,0.00386054,-8.44489e-08,0.00508142,0,0.00313495,-0.00217902,0.00115097,0.0485661,0,0.0515621,0,0,0.00377225,0.0182539,0.00101125,0.00123229,-0.0026931,0.0483922,0,0.0527237,-0.0125572,0.00280616,0.0096279,
2.2,0.00196757,0.000880235,0.00982434,0.000930759,0.00723486,0.0267102,-0.000548105,0.00812857,0,-1.4038e-06,-1.43189e-06,8.43955e-05,0.00662131,2.76406e-06,0.00803786,0.0158959,0.00691386,-0.0020151,-0.00211799,-0.00319866,-0.00521788,-0.00391995,-0.00275186,-0.000490092,0.00222505,0.0319746,0.0158256,-0.00147051,0.0181802,0.00136244,0.0250379,-0.000469935,-0.000909345,0.00100771,0.00110926,-5.95326e-06,-1.42477e-06,0.0264068,1.93002e-07,0.0268366,0.00531153,0.00283603,0.00702711,-0.00105876,0.00967288,0.0359729,-0.000379775,1.54846e-06,-8.16506e-06,-7.40821e-06,0.000245806,0.00152154,4.29054e-06,4.65395e-06,0.0201278,0.0227875,0.0147461,-0.00197207,-0.00192881,-0.00282721,-0.0050145,-0.00334274,-0.00259685,0.00108639,0.00487286,0.0364261,0.0463342,-0.00121883,0.031162,0.00122588,0.0371328,-0.000364382,-0.00068667,0.00793737,0.00090926,-1.10274e-05,0.000951185,0.00391721,-1.68898e-07,0.00520718,0,0.00307434,-0.00220465,0.00144059,0.0487969,0,0.0517394,0,0,0.00372674,0.0184561,0.00104586,0.00121158,-0.00272609,0.0487282,0,0.0532062,-0.0127569,0.00200815,0.00963342,
2.205,0.0020529,0.000855333,0.00979488,0.000907395,0.0072416,0.0267514,-0.000554392,0.007974,-1.38643e-07,-1.4038e-06,-1.43189e-06,8.2295e-05,0.00668577,2.76406e-06,0.00802762,0.01591,0.00708015,-0.00203561,-0.00213053,-0.00321695,-0.00530032,-0.00395139,-0.00276451,-0.000515213,0.00224096,0.0319964,0.015931,-0.00147146,0.0184092,0.00136927,0.0254527,-0.000477391,-0.000927798,0.00101467,0.00111492,-5.85062e-06,-1.32979e-06,0.0267639,1.93002e-07,0.0267174,0.00532732,0.00286474,0.00717051,-0.00111299,0.00975901,0.0359767,-0.000395091,1.80654e-06,-8.37622e-06,-7.57103e-06,0.000245295,0.00153271,4.29054e-06,4.85199e-06,0.020228,0.0228723,0.0150416,-0.00199733,-0.00195287,-0.00286352,-0.00508616,-0.00338334,-0.0026276,0.00109391,0.00497838,0.0366696,0.0463806,-0.00123664,0.0312978,0.00124148,0.0372822,-0.000379569,-0.000732756,0.00804304,0.0009204,-1.10274e-05,0.000965479,0.00395949,-8.44489e-08,0.005294,0,0.00299256,-0.00224192,0.00111424,0.048876,0,0.0518211,0,0,0.00376087,0.0185449,0.000986879,0.00119489,-0.00275604,0.0488837,0,0.053524,-0.0129275,0.00261933,0.00965118,
2.21,0.00217586,0.000830727,0.00968732,0.000878262,0.0072046,0.0267073,-0.000559346,0.00785029,-2.77286e-07,-1.48179e-06,-1.2887e-06,8.05696e-05,0.00671826,2.69825e-06,0.00804369,0.0159482,0.00728049,-0.00205429,-0.00214159,-0.00323564,-0.00537577,-0.00397889,-0.00277475,-0.000538169,0.00228803,0.0319761,0.0159756,-0.00147146,0.0186598,0.00137492,0.0258183,-0.000483604,-0.000942176,0.00101684,0.00111808,-5.95326e-06,-1.2348e-06,0.0270421,9.65011e-08,0.0265504,0.0054097,0.00288948,0.00728188,-0.00115221,0.00984458,0.0359059,-0.000410291,1.80654e-06,-8.58739e-06,-7.81526e-06,0.000245003,0.00154036,4.39032e-06,4.75297e-06,0.0202649,0.0228969,0.0152915,-0.00201877,-0.00197342,-0.00289524,-0.00514891,-0.00341744,-0.00265392,0.00109713,0.00510114,0.0368532,0.0464185,-0.00125192,0.0313889,0.00125645,0.0371914,-0.000394439,-0.000771302,0.00811416,0.00093154,-1.13425e-05,0.000978324,0.00398836,-8.44489e-08,0.00533826,0,0.00290093,-0.00228474,0.00136647,0.0488286,0,0.051824,0,0,0.0038256,0.018532,0.00100851,0.00116421,-0.00278129,0.0488944,0,0.0536822,-0.0130683,0.00194967,0.0096812,
2.215,0.00237599,0.000807152,0.00953214,0.000849506,0.00715043,0.0266899,-0.000562965,0.00775832,-4.15929e-07,-1.55978e-06,-1.21711e-06,7.91442e-05,0.00671844,2.69825e-06,0.0080875,0.01601,0.00751252,-0.00207063,-0.00215037,-0.00325433,-0.00544103,-0.0040006,-0.0027821,-0.00055821,0.00238147,0.0319652,0.0159638,-0.00147051,0.0190115,0.00137932,0.026116,-0.000488687,-0.000953367,0.00101392,0.00111911,-5.74798e-06,-1.13982e-06,0.027248,2.89503e-07,0.0263476,0.00559211,0.00291352,0.00736167,-0.00118126,0.00992736,0.0358494,-0.000425027,1.89256e-06,-8.86894e-06,-7.89667e-06,0.000244784,0.00154526,4.39032e-06,4.85199e-06,0.0202393,0.0228634,0.0154861,-0.00203669,-0.00199047,-0.00292131,-0.00520043,-0.00344515,-0.00267522,0.00109713,0.00528629,0.0369924,0.046455,-0.00126443,0.0314707,0.00127042,0.0368983,-0.000408783,-0.000803477,0.00815929,0.000942165,-1.12375e-05,0.00098914,0.0040101,-1.68898e-07,0.00533724,0,0.00284002,-0.00232828,0.00104301,0.0487236,0,0.0517887,0,0,0.00396172,0.0184532,0.000937884,0.00115643,-0.00280164,0.0488088,0,0.0537185,-0.0131751,0.00249787,0.00972777,
2.22,0.00254782,0.000785124,0.00936455,0.000827845,0.00708191,0.0266063,-0.000565125,0.00768921,-6.23894e-07,-1.63777e-06,-1.00232e-06,7.79439e-05,0.0066599,2.69825e-06,0.00816141,0.0160959,0.00776973,-0.00208414,-0.00215687,-0.0032745,-0.00549346,-0.00401679,-0.00278647,-0.000574957,0.0024848,0.0319073,0.0158727,-0.00146811,0.0193198,0.00138221,0.0263337,-0.000492415,-0.000961223,0.00100432,0.00111823,-5.74798e-06,-9.49847e-07,0.0273758,1.93002e-07,0.0261212,0.00584586,0.00292373,0.00741374,-0.00120275,0.0100036,0.0357097,-0.000438603,2.06461e-06,-9.00972e-06,-7.97807e-06,0.000244492,0.00154618,4.39032e-06,4.85199e-06,0.0201573,0.0227761,0.0156194,-0.00205085,-0.0020039,-0.00294213,-0.00524083,-0.00346586,-0.00269115,0.00109453,0.00546267,0.0370816,0.0464837,-0.00127395,0.0314339,0.00128287,0.0364481,-0.000422071,-0.000830128,0.00817296,0.000952067,-1.12375e-05,0.000998025,0.00401453,-8.44489e-08,0.00529128,0,0.00283224,-0.00237037,0.00134373,0.04852,0,0.0517012,0,0,0.00409588,0.0183327,0.00096051,0.00112182,-0.00281672,0.0486348,0,0.0536336,-0.0132507,0.00182012,0.00978413,
2.225,0.00269383,0.000765306,0.0091519,0.000801455,0.00697793,0.0264381,-0.000566014,0.00762977,-6.93215e-07,-1.71576e-06,-1.00232e-06,7.67436e-05,0.00656921,2.56662e-06,0.0082577,0.0162033,0.00804141,-0.00209418,-0.00216086,-0.00329111,-0.00553221,-0.00402592,-0.00278712,-0.000587941,0.0025791,0.0318399,0.0157301,-0.00146467,0.0195298,0.00138379,0.026464,-0.000494674,-0.000966336,0.000990565,0.00111573,-5.54269e-06,-8.54862e-07,0.0273931,1.93002e-07,0.0258812,0.00611336,0.00292234,0.00743423,-0.0012182,0.0100761,0.035363,-0.000450786,2.15064e-06,-9.00972e-06,-8.05948e-06,0.000243907,0.00154281,4.39032e-06,4.65395e-06,0.0200296,0.022647,0.0156914,-0.00206106,-0.00201322,-0.00295655,-0.00526924,-0.003479,-0.00270171,0.00108836,0.00560641,0.0370807,0.0464909,-0.00128055,0.0311756,0.00129357,0.0358898,-0.000433883,-0.000851708,0.00814293,0.000960731,-1.12375e-05,0.00100343,0.00398923,-8.44489e-08,0.0052039,0,0.00275047,-0.00241119,0.00092661,0.0481108,0,0.0515268,0,0,0.00421042,0.0181392,0.000868843,0.00111511,-0.00282552,0.048271,0,0.0533593,-0.0132957,0.00249067,0.0098405,
2.23,0.00283634,0.000747919,0.00891507,0.000772984,0.00686382,0.0262657,-0.000565252,0.0075655,-9.0118e-07,-1.79375e-06,-8.59133e-07,7.53183e-05,0.00646537,2.56662e-06,0.00838062,0.0163258,0.00831831,-0.00210111,-0.00216166,-0.00330198,-0.00555697,-0.00402827,-0.00278452,-0.000596973,0.00267245,0.0317719,0.0155571,-0.00146012,0.0196593,0.00138372,0.0265055,-0.000495578,-0.000968337,0.00097512,0.00111176,-5.44005e-06,-6.64893e-07,0.0273032,1.93002e-07,0.0256376,0.00638664,0.00291681,0.00742485,-0.00122873,0.0101347,0.0349465,-0.000461113,2.23666e-06,-9.00972e-06,-8.05948e-06,0.000242812,0.00153546,4.29054e-06,4.85199e-06,0.0198715,0.0224903,0.0157084,-0.00206719,-0.00201864,-0.00296475,-0.00528399,-0.00348417,-0.00270631,0.00107932,0.00573521,0.0370009,0.0464773,-0.00128408,0.030779,0.00130237,0.0352748,-0.000443797,-0.000868738,0.00807422,0.000968261,-1.11324e-05,0.00100575,0.00394035,-8.44489e-08,0.00508176,0,0.00266633,-0.00244964,0.00137566,0.0476089,0,0.0512833,0,0,0.00433007,0.0178917,0.000894796,0.00109204,-0.00282856,0.0477902,0,0.0529377,-0.0133061,0.00161589,0.00988951,
2.235,0.00299124,0.000733627,0.00869223,0.000746499,0.00676648,0.0261444,-0.000562902,0.00748698,-9.0118e-07,-1.71576e-06,-7.15944e-07,7.38179e-05,0.0063708,2.50081e-06,0.00852481,0.0164576,0.00859155,-0.00210458,-0.00215995,-0.00330614,-0.00556775,-0.00402492,-0.00277856,-0.000601207,0.00276296,0.031715,0.0153753,-0.00145428,0.0198002,0.00138208,0.026465,-0.000494787,-0.000967448,0.000960616,0.0011061,-5.44005e-06,-6.64893e-07,0.0271454,2.89503e-07,0.0253972,0.00666416,0.00291577,0.00738819,-0.00123513,0.0101833,0.034686,-0.000469584,2.23666e-06,-8.93933e-06,-8.05948e-06,0.000241498,0.00152697,4.29054e-06,4.55493e-06,0.0197039,0.0223259,0.0156832,-0.00206853,-0.00201964,-0.00296614,-0.0052841,-0.00348064,-0.00270444,0.00106769,0.00586846,0.0368826,0.0464602,-0.00128431,0.0305153,0.0013091,0.0346594,-0.000451918,-0.000881478,0.00799164,0.000974553,-1.09224e-05,0.00100604,0.00389223,0,0.00493484,0,0.00261833,-0.00247464,0.000770377,0.0472069,0,0.0510472,0,0,0.00445678,0.0176371,0.000795975,0.00108173,-0.00282533,0.0473386,0,0.0524843,-0.0132832,0.00277167,0.00994159,
2.24,0.00312981,0.000722871,0.00850733,0.000724649,0.00669594,0.0260796,-0.000558838,0.00739105,-1.03982e-06,-1.94973e-06,-7.15944e-07,7.21675e-05,0.00629433,2.36919e-06,0.00868618,0.0165951,0.00885032,-0.00210535,-0.00215619,-0.00329398,-0.005566,-0.00401595,-0.00276972,-0.00060083,0.00284212,0.0316675,0.0152043,-0.00144749,0.0199094,0.0013786,0.0263581,-0.000492076,-0.000963594,0.000948467,0.00109854,-5.13212e-06,-4.74923e-07,0.0269498,1.93002e-07,0.025167,0.0069298,0.00292096,0.00732965,-0.00123794,0.0102236,0.0345086,-0.000475849,2.23666e-06,-8.86894e-06,-7.81526e-06,0.000240037,0.00151825,4.19076e-06,4.55493e-06,0.0195505,0.0221786,0.0156305,-0.00206451,-0.00201593,-0.00295991,-0.00526825,-0.00346751,-0.00269567,0.00105436,0.005987,0.0367422,0.0464394,-0.00128117,0.0303258,0.00131376,0.0341083,-0.000457929,-0.000890059,0.00790667,0.000979917,-1.09224e-05,0.00100479,0.00384778,-8.44489e-08,0.00477388,0,0.00257621,-0.00248791,0.00155528,0.0468775,0,0.0508206,0,0,0.00457642,0.0173884,0.000838398,0.00106225,-0.00281583,0.046937,0,0.0520526,-0.0132271,0.001313,0.00999795,
2.245,0.00324096,0.000715872,0.00837903,0.000708663,0.00666307,0.0260833,-0.000552678,0.00728467,-9.70501e-07,-1.63777e-06,-5.72755e-07,7.03671e-05,0.00624912,2.30338e-06,0.00885544,0.016732,0.00908861,-0.00210408,-0.00215026,-0.00328003,-0.00555435,-0.0040027,-0.00275884,-0.000594903,0.0029088,0.0316363,0.015067,-0.00144002,0.0199562,0.00137321,0.0262053,-0.000487445,-0.000956405,0.000940086,0.00108832,-5.02948e-06,-4.74923e-07,0.0267451,2.89503e-07,0.0249533,0.00716639,0.00293411,0.00725601,-0.00123759,0.0102532,0.0344032,-0.000480143,2.23666e-06,-8.65778e-06,-7.65244e-06,0.000238357,0.00151006,4.09098e-06,4.45591e-06,0.0194385,0.022072,0.0155711,-0.00205462,-0.00200681,-0.00294622,-0.00523423,-0.00344389,-0.00267982,0.00104013,0.00607895,0.0365952,0.0464139,-0.00127456,0.0301851,0.00131621,0.0336927,-0.000461621,-0.000894934,0.00782737,0.000984868,-1.05023e-05,0.00100247,0.00380798,0,0.00461054,0,0.00254253,-0.0024891,0.000632299,0.0466366,0,0.0506191,0,0,0.00467645,0.0171644,0.000747063,0.00105039,-0.00279988,0.0466138,0,0.0516861,-0.013139,0.00387527,0.0100568,
2.25,0.00333198,0.000712999,0.00831801,0.000699109,0.00668004,0.0261879,-0.000544422,0.00718118,-9.70501e-07,-1.79375e-06,-6.4435e-07,6.84916e-05,0.00624603,2.23757e-06,0.00903083,0.016861,0.00929143,-0.00210139,-0.00214296,-0.00326313,-0.00553454,-0.00398711,-0.00274609,-0.000583236,0.0029587,0.0316468,0.0149893,-0.00143177,0.0199804,0.00136546,0.0260301,-0.00048078,-0.000945733,0.000936978,0.00107495,-4.92684e-06,-4.74923e-07,0.0265617,1.93002e-07,0.0247641,0.007368,0.00295841,0.00717601,-0.00123434,0.0102777,0.0343908,-0.000482231,2.23666e-06,-8.37622e-06,-7.48962e-06,0.000236678,0.00150348,3.89142e-06,4.25787e-06,0.0193961,0.0220317,0.0155316,-0.00203797,-0.00199237,-0.00292459,-0.00518095,-0.0034086,-0.0026558,0.00102644,0.00615573,0.036465,0.0463887,-0.00126435,0.0301062,0.00131672,0.0334717,-0.000463203,-0.000896429,0.00776606,0.000990026,-1.01872e-05,0.000999957,0.00377835,0,0.00445547,0,0.00252375,-0.00247973,0.00177836,0.0465344,0,0.0504793,0,0,0.00476275,0.016991,0.000812944,0.00104916,-0.00277864,0.0463934,0,0.0514061,-0.0130197,0.00109768,0.0101229,
2.255,0.00342709,0.000714178,0.00833385,0.000697407,0.0067581,0.0264259,-0.00053369,0.007098,-7.62537e-07,-1.55978e-06,-7.15944e-07,6.64661e-05,0.00629177,2.10595e-06,0.00920119,0.0169746,0.00944912,-0.00209842,-0.00213498,-0.00324474,-0.00550949,-0.00397017,-0.00273269,-0.000565454,0.00299905,0.0317087,0.0149854,-0.0014231,0.0200432,0.00135528,0.0258598,-0.000471742,-0.000931356,0.000939991,0.00105747,-4.72155e-06,-5.69908e-07,0.0264369,2.89503e-07,0.0246075,0.00754854,0.00299846,0.00709957,-0.00122873,0.0102959,0.0345448,-0.000482579,2.32269e-06,-8.02428e-06,-7.08258e-06,0.000234852,0.00149981,3.79164e-06,4.05983e-06,0.0194434,0.0220749,0.015532,-0.0020143,-0.00197162,-0.00289442,-0.00510686,-0.0033613,-0.00262377,0.001014,0.00624197,0.0363835,0.0463736,-0.00125038,0.0301614,0.00131552,0.0334779,-0.000462886,-0.000894804,0.00773796,0.000996008,-9.76713e-06,0.000997639,0.00376808,0,0.00431805,0,0.00252821,-0.00245955,0.00059268,0.0466258,0,0.0504322,0,0,0.00485494,0.0169011,0.000733006,0.00105964,-0.00275153,0.0463178,0,0.051237,-0.0128699,0.00548809,0.0101958,
2.26,0.00350571,0.000719777,0.00842237,0.000704028,0.00688628,0.0267565,-0.000520163,0.00705131,-5.54572e-07,-1.24782e-06,-7.87539e-07,6.44407e-05,0.00637848,2.04014e-06,0.00936146,0.0170635,0.00955698,-0.00209559,-0.00212666,-0.00322427,-0.00548298,-0.00395374,-0.00271902,-0.000540992,0.0030277,0.031803,0.0150531,-0.00141425,0.0201216,0.00134247,0.0257138,-0.000460107,-0.000912976,0.000948844,0.00103506,-4.61891e-06,-7.59877e-07,0.0263915,1.93002e-07,0.0244919,0.00770225,0.00305139,0.00703574,-0.00122092,0.0103109,0.0348008,-0.000481303,2.32269e-06,-7.74273e-06,-6.83835e-06,0.0002331,0.00149942,3.4923e-06,3.86178e-06,0.0195929,0.0222105,0.0155971,-0.00198285,-0.00194475,-0.00285557,-0.00501175,-0.00330145,-0.00258305,0.00100407,0.00632503,0.0363628,0.0463694,-0.00123234,0.030313,0.00131288,0.0337004,-0.000460777,-0.000890514,0.00774662,0.00100354,-9.55709e-06,0.00099619,0.00377749,0,0.00420588,0,0.00254006,-0.00243028,0.00185504,0.0468667,0,0.050466,0,0,0.00494006,0.0168963,0.000828083,0.0010742,-0.00271943,0.0463706,0,0.0511811,-0.0126917,0.0012992,0.010281,
2.265,0.0035817,0.000729354,0.00856246,0.000716798,0.00704953,0.0271428,-0.000503652,0.00705263,-1.38643e-07,-1.09185e-06,-1.00232e-06,6.24902e-05,0.00649363,1.97433e-06,0.00950297,0.0171252,0.00961163,-0.00209383,-0.00211822,-0.00318789,-0.00545559,-0.00393848,-0.00270571,-0.000509756,0.00304396,0.0319171,0.015177,-0.00140549,0.0202262,0.00132749,0.0256045,-0.00044576,-0.000890372,0.000962217,0.00100685,-4.41362e-06,-9.49847e-07,0.0264292,2.89503e-07,0.0244247,0.00784084,0.00311366,0.00699143,-0.00121144,0.0103274,0.0351269,-0.00047875,2.23666e-06,-7.3204e-06,-6.51271e-06,0.000231566,0.00150241,3.39252e-06,3.76276e-06,0.0198447,0.0224372,0.0157397,-0.00194362,-0.00191146,-0.00280853,-0.00489462,-0.00322871,-0.00253381,0.000997269,0.0064099,0.0364015,0.0463774,-0.00121038,0.0305498,0.00130898,0.0340833,-0.000456875,-0.000884014,0.00778993,0.00101313,-9.03197e-06,0.000995804,0.00380561,0,0.00412302,0,0.00256046,-0.0023931,0.000630163,0.0472119,0,0.0505609,0,0,0.00502636,0.0169669,0.000757711,0.00109736,-0.00268244,0.0465061,0,0.0512051,-0.0124857,0.00420545,0.010376,
2.27,0.00368585,0.00074291,0.00873447,0.000735337,0.00723544,0.02758,-0.000484157,0.00710794,3.46608e-07,-7.01901e-07,-1.36029e-06,6.04647e-05,0.00662458,1.77689e-06,0.00961849,0.017153,0.00960876,-0.00209361,-0.00211024,-0.00315308,-0.00542879,-0.00392523,-0.00269297,-0.000471557,0.00306281,0.0320508,0.0153379,-0.00139673,0.0204103,0.00131088,0.0255391,-0.000428703,-0.000863618,0.000977851,0.000972102,-4.31098e-06,-1.32979e-06,0.026554,1.93002e-07,0.0244109,0.00798487,0.00318337,0.00697051,-0.00120056,0.0103468,0.0355572,-0.000475037,2.15064e-06,-6.82768e-06,-6.10567e-06,0.000230325,0.0015093,3.29274e-06,3.56472e-06,0.020188,0.0227438,0.0159685,-0.0018959,-0.00187156,-0.00275279,-0.00475657,-0.00314322,-0.00247605,0.000993242,0.0065265,0.0365079,0.0464043,-0.00118443,0.0309224,0.00130413,0.0345445,-0.000451707,-0.000875628,0.00786846,0.0010252,-8.61188e-06,0.000996963,0.00385632,8.44489e-08,0.00406903,0,0.00259452,-0.00234928,0.00182727,0.0476506,0,0.0507066,0,0,0.0051413,0.0171045,0.000868926,0.0011291,-0.00264114,0.0466994,0,0.051298,-0.0122506,0.00149803,0.0104856,
2.275,0.00383711,0.000759854,0.00890758,0.000755958,0.00742867,0.0280457,-0.000461422,0.00721661,9.70501e-07,-3.11956e-07,-1.64667e-06,5.86643e-05,0.00676392,1.77689e-06,0.00970469,0.0171455,0.00955176,-0.00209467,-0.00210271,-0.00311927,-0.0054049,-0.00391416,-0.00268106,-0.000426396,0.00309516,0.0321788,0.0155121,-0.00138814,0.0206395,0.0012934,0.0255152,-0.000408821,-0.000832491,0.000994332,0.000930226,-4.20834e-06,-1.80471e-06,0.026751,2.89503e-07,0.0244553,0.00816949,0.00326165,0.00697385,-0.00118819,0.0103694,0.0360042,-0.000470512,2.23666e-06,-6.33496e-06,-5.69863e-06,0.000229375,0.00151863,2.9934e-06,3.26766e-06,0.0206041,0.0231104,0.0162809,-0.00183976,-0.00182504,-0.00268878,-0.00459717,-0.00304542,-0.00240994,0.000992705,0.00668313,0.0366632,0.0464428,-0.00115442,0.0313468,0.00129841,0.0349909,-0.000445274,-0.000865618,0.00796961,0.00103985,-8.19179e-06,0.000999474,0.00392153,0,0.00403904,0,0.00260609,-0.00230274,0.000707265,0.0480778,0,0.0508603,0,0,0.00530841,0.017255,0.000807038,0.00115063,-0.00259621,0.0468806,0,0.0513923,-0.011983,0.00363026,0.0106174,
2.28,0.00400588,0.000779746,0.00907591,0.000779227,0.00761553,0.0284886,-0.000435512,0.00737312,1.80236e-06,7.7989e-08,-2.14783e-06,5.67888e-05,0.00689646,1.57946e-06,0.00975748,0.0171026,0.00945081,-0.00209715,-0.00209576,-0.00308724,-0.00538189,-0.00390502,-0.00266952,-0.000374461,0.00313482,0.0322848,0.0156776,-0.00137963,0.0208953,0.00127534,0.0255211,-0.000386002,-0.000797289,0.00100949,0.000880784,-4.1057e-06,-2.27963e-06,0.0269937,1.93002e-07,0.0245585,0.00838468,0.00334078,0.00699434,-0.00117468,0.0103998,0.036459,-0.00046529,2.06461e-06,-5.77185e-06,-5.29158e-06,0.000228791,0.00153026,2.79384e-06,3.16864e-06,0.0210661,0.0235119,0.016661,-0.00177539,-0.001772,-0.00261714,-0.00441883,-0.0029365,-0.00233625,0.000994047,0.00685597,0.0368424,0.0464893,-0.00112033,0.0318297,0.00129212,0.0353397,-0.00043768,-0.000854308,0.00808298,0.00105687,-7.7717e-06,0.00100334,0.00399442,8.44489e-08,0.00402477,0,0.00264147,-0.00224992,0.00172881,0.0484826,0,0.0510097,0,0,0.00549004,0.017402,0.000911432,0.00117288,-0.00254738,0.0470155,0,0.0514474,-0.0116868,0.00183871,0.0107699,
2.285,0.00416487,0.0008017,0.00921575,0.000803347,0.00777927,0.0288716,-0.000406364,0.00756726,2.63422e-06,7.01901e-07,-2.64899e-06,5.47633e-05,0.00700189,1.51365e-06,0.0097767,0.017024,0.00931321,-0.0021004,-0.00208846,-0.00305807,-0.00536062,-0.00389689,-0.00265807,-0.000316222,0.00317405,0.0323777,0.0158216,-0.00137087,0.0211191,0.00125695,0.0255372,-0.000360698,-0.000757935,0.00102061,0.000823333,-4.1057e-06,-2.94452e-06,0.0272408,2.89503e-07,0.0247202,0.00862093,0.00341102,0.00702819,-0.00116002,0.0104378,0.0367372,-0.000459373,2.06461e-06,-5.27913e-06,-4.80313e-06,0.00022828,0.00154159,2.4945e-06,2.87158e-06,0.0215472,0.0239259,0.0170869,-0.00170267,-0.00171295,-0.00253813,-0.00422266,-0.00281691,-0.00225532,0.00099709,0.00702196,0.0370135,0.046531,-0.00108202,0.0321452,0.00128532,0.0355319,-0.000429137,-0.000841698,0.00818816,0.00107605,-7.14156e-06,0.00100739,0.00405628,8.44489e-08,0.00401538,0,0.00266253,-0.00219856,0.00078757,0.0487451,0,0.0511149,0,0,0.00567205,0.0175125,0.000850959,0.00120291,-0.00249531,0.0470083,0,0.0513727,-0.0113581,0.00303827,0.0109347,
2.29,0.00430111,0.000825128,0.0093066,0.00082567,0.00789049,0.0291053,-0.000374294,0.00778628,3.5354e-06,1.48179e-06,-3.29334e-06,5.25128e-05,0.00706794,1.38203e-06,0.00975953,0.0169166,0.00915004,-0.00210429,-0.00208071,-0.00303147,-0.00533965,-0.00388859,-0.00264617,-0.000252714,0.00320658,0.0324086,0.0159137,-0.00136159,0.021276,0.00123777,0.025544,-0.000332682,-0.000714877,0.00102654,0.000757802,-4.00305e-06,-3.60942e-06,0.027465,1.93002e-07,0.0249362,0.00885311,0.0034636,0.00706668,-0.00114405,0.0104807,0.0369067,-0.000452875,1.97859e-06,-4.78641e-06,-4.39608e-06,0.000227769,0.00155176,2.39472e-06,2.67354e-06,0.0220206,0.0243246,0.0175373,-0.0016219,-0.00164758,-0.00245248,-0.00401129,-0.00268704,-0.00216774,0.00100013,0.00715373,0.037161,0.046567,-0.0010391,0.0324001,0.0012779,0.0355271,-0.000419646,-0.000827918,0.00827237,0.00109689,-6.61644e-06,0.00101116,0.00410527,0,0.00399964,0,0.00267316,-0.00214474,0.00160664,0.0488875,0,0.0511605,0,0,0.00582661,0.0175637,0.000934391,0.00121428,-0.00244011,0.0468685,0,0.0511623,-0.0110051,0.00221807,0.011102,
2.295,0.00445616,0.000848408,0.0093449,0.000847425,0.00795188,0.0292398,-0.000339176,0.00801646,4.5059e-06,1.87174e-06,-3.7945e-06,4.98871e-05,0.00709231,1.31622e-06,0.00971257,0.0167843,0.00897488,-0.0021079,-0.00207239,-0.00300695,-0.00531751,-0.00387937,-0.00263305,-0.000186478,0.00323557,0.0324008,0.0159408,-0.00135163,0.0213939,0.00121708,0.0255157,-0.000302408,-0.000667964,0.00102664,0.000683674,-3.90041e-06,-4.36929e-06,0.0276544,1.93002e-07,0.0251994,0.00909259,0.00349993,0.00710269,-0.00112677,0.0105279,0.0370298,-0.000445797,1.89256e-06,-4.22331e-06,-3.98904e-06,0.000227403,0.00156018,2.09538e-06,2.4755e-06,0.0224617,0.024686,0.0179813,-0.00153329,-0.00157649,-0.00236068,-0.00378661,-0.00254706,-0.00207463,0.001003,0.00728367,0.0372843,0.0465993,-0.000991122,0.0326425,0.00126985,0.0353022,-0.000409205,-0.000812902,0.0083304,0.00111876,-6.19635e-06,0.00101483,0.00414474,8.44489e-08,0.00396705,0,0.00267961,-0.00208865,0.000874604,0.0489264,0,0.0511443,0,0,0.00599568,0.0175437,0.00088706,0.00122492,-0.00238197,0.0466217,0,0.0508263,-0.010623,0.00276267,0.0112723,
2.3,0.00460699,0.000871247,0.00932096,0.000865965,0.00796016,0.0292518,-0.000301518,0.00824146,5.4764e-06,2.57364e-06,-4.43885e-06,4.68114e-05,0.00706997,1.1846e-06,0.00963992,0.0166346,0.00880585,-0.0021108,-0.00206235,-0.00298322,-0.00529362,-0.00386771,-0.00261816,-0.000122782,0.0032656,0.0323592,0.0158968,-0.00134038,0.0215039,0.00119396,0.0254332,-0.000270213,-0.000617643,0.00102089,0.000600511,-3.90041e-06,-5.03419e-06,0.0277878,1.93002e-07,0.0255,0.00933139,0.00351861,0.00712781,-0.00110808,0.0105789,0.0370543,-0.000437907,1.72051e-06,-3.6602e-06,-3.41918e-06,0.000226819,0.00156653,1.89582e-06,2.27746e-06,0.0228438,0.0249877,0.0183966,-0.0014369,-0.00149959,-0.00226323,-0.00355025,-0.00239792,-0.00197666,0.00100443,0.00740152,0.0373663,0.0466282,-0.000937228,0.0328513,0.00126129,0.0348453,-0.000397814,-0.000796717,0.00835908,0.00114114,-5.67124e-06,0.00101773,0.00417296,0,0.00390943,0,0.00268492,-0.00202902,0.00149569,0.0488516,0,0.0510715,0,0,0.00615142,0.0174508,0.000934557,0.00123671,-0.0023211,0.04624,0,0.0503496,-0.0101806,0.00246038,0.0114371,
2.305,0.00472718,0.000892096,0.00923048,0.00088091,0.00790889,0.0291063,-0.000261828,0.00844536,6.4469e-06,3.11956e-06,-5.01161e-06,4.32105e-05,0.00699853,1.11879e-06,0.00954584,0.0164783,0.00865924,-0.00211222,-0.00205061,-0.0029587,-0.00526624,-0.00385346,-0.0026003,-7.07524e-05,0.00327851,0.0322646,0.0157735,-0.00132741,0.0215607,0.00116716,0.025278,-0.000236775,-0.000564061,0.00100949,0.000507576,-3.90041e-06,-5.69908e-06,0.0278414,1.93002e-07,0.0258237,0.00954556,0.00351593,0.00713213,-0.00108763,0.0106328,0.0369364,-0.000429436,1.72051e-06,-3.09709e-06,-3.01213e-06,0.000226016,0.00157043,1.69626e-06,2.07942e-06,0.0231459,0.0252111,0.018762,-0.00133272,-0.00141728,-0.00216127,-0.0033008,-0.00224108,-0.00187486,0.00100317,0.00747636,0.0373869,0.0466498,-0.0008775,0.0329888,0.00125179,0.0341549,-0.000385369,-0.000779167,0.00835167,0.00116352,-5.14612e-06,0.00101947,0.00418475,8.44489e-08,0.00382114,0,0.00267781,-0.00196502,0.000957792,0.0486301,0,0.0509317,0,0,0.00626283,0.0172791,0.000890387,0.00123769,-0.00225748,0.0457129,0,0.0497257,-0.00970693,0.00263012,0.0115921,
2.31,0.00483716,0.000910145,0.00908474,0.000893018,0.00781059,0.0288643,-0.000221058,0.00861136,7.34808e-06,3.89945e-06,-5.51277e-06,3.88594e-05,0.00688683,9.21352e-07,0.00943789,0.0163255,0.00854603,-0.00211172,-0.00203636,-0.00293112,-0.00523449,-0.00383409,-0.00257936,-3.64111e-05,0.00329356,0.0321332,0.0155728,-0.00131246,0.0215885,0.00113602,0.0250354,-0.000202885,-0.000507143,0.000993767,0.000403769,-3.79777e-06,-6.36397e-06,0.0278122,1.93002e-07,0.0261533,0.00973375,0.00349543,0.00710981,-0.00106525,0.0106856,0.0367452,-0.000419922,1.54846e-06,-2.67476e-06,-2.68649e-06,0.000224775,0.00157143,1.4967e-06,1.88138e-06,0.023352,0.0253422,0.019059,-0.00122032,-0.00132945,-0.00205496,-0.00304155,-0.0020778,-0.00176744,0.000999058,0.00752735,0.0373503,0.0466656,-0.000813012,0.0330839,0.00124148,0.0332415,-0.00037187,-0.000760187,0.00831039,0.00118518,-4.62101e-06,0.00102004,0.00418302,8.44489e-08,0.00370048,0,0.00267079,-0.00189675,0.00137181,0.0483122,0,0.0507287,0,0,0.00636403,0.0170322,0.000905526,0.001234,-0.00219142,0.0450815,0,0.0490023,-0.00920346,0.00250147,0.0117293,
2.315,0.00494116,0.000924438,0.0088942,0.000904368,0.00767268,0.0285385,-0.000180733,0.00872532,8.17994e-06,4.2894e-06,-6.01393e-06,3.38332e-05,0.00673531,9.21352e-07,0.0093271,0.0161855,0.00847534,-0.00210868,-0.00201914,-0.00290087,-0.00519749,-0.00380936,-0.00255443,-1.3172e-05,0.00329967,0.031981,0.0153021,-0.00129494,0.0215482,0.0010999,0.0247045,-0.000170013,-0.000447261,0.00097399,0.000287913,-3.59248e-06,-6.93388e-06,0.0276943,2.89503e-07,0.0264708,0.00989952,0.00346187,0.00705892,-0.00104086,0.0107347,0.0364812,-0.000409363,1.46243e-06,-2.11165e-06,-2.19804e-06,0.000223168,0.00156967,1.29714e-06,1.68334e-06,0.0234532,0.0253756,0.0192755,-0.00109866,-0.00123551,-0.00194546,-0.00277459,-0.0019096,-0.00165396,0.000992258,0.00756238,0.0372504,0.0466709,-0.000744685,0.0331037,0.00123009,0.0321326,-0.000357316,-0.000739646,0.00823272,0.00120592,-4.20092e-06,0.00101918,0.00416528,0,0.00354971,0,0.00265409,-0.00182248,0.00104162,0.0478699,0,0.0504484,0,0,0.00644641,0.01671,0.000874915,0.00123,-0.00208846,0.0443468,0,0.0481599,-0.0086882,0.00250867,0.0118488,
2.32,0.00502022,0.000934457,0.00868069,0.000915341,0.00752253,0.0281606,-0.000143139,0.00877842,8.80383e-06,4.67934e-06,-6.4435e-06,2.81318e-05,0.00655915,7.89731e-07,0.009219,0.0160685,0.00844626,-0.00210224,-0.00199873,-0.00285143,-0.00515233,-0.003778,-0.00252447,6.20965e-06,0.00328453,0.0318423,0.0149938,-0.00127466,0.021482,0.0010591,0.0242868,-0.000139964,-0.000384563,0.000951952,0.000158613,-3.59248e-06,-7.4088e-06,0.0274848,9.65011e-08,0.0267567,0.0100408,0.00341932,0.00697881,-0.00101375,0.0107821,0.0361446,-0.000397644,1.37641e-06,-1.61893e-06,-1.791e-06,0.000220977,0.00156538,1.09758e-06,1.4853e-06,0.0234533,0.0253146,0.019406,-0.000965333,-0.00113555,-0.00183317,-0.00250081,-0.00173786,-0.00153444,0.000981967,0.00757778,0.0370848,0.0466679,-0.00067298,0.0330394,0.00121764,0.0308997,-0.000341496,-0.000717546,0.00812725,0.0012251,-3.78083e-06,0.00101657,0.00413295,0,0.00337596,0,0.00265713,-0.00173912,0.0012803,0.0473622,0,0.050124,0,0,0.00648211,0.0163466,0.00085961,0.00123851,-0.00197845,0.0435278,0,0.0472217,-0.00817883,0.00243399,0.0119462,
2.325,0.00506456,0.000939172,0.00847013,0.000928205,0.0073718,0.0277746,-0.000110942,0.00876673,9.42772e-06,5.22527e-06,-6.72988e-06,2.16803e-05,0.00637177,6.58109e-07,0.00912318,0.0159765,0.00846243,-0.00209192,-0.00197422,-0.00279497,-0.00509902,-0.00373834,-0.0024893,2.38977e-05,0.00325674,0.0316884,0.0146628,-0.00125078,0.0213089,0.00101404,0.0237933,-0.000113982,-0.000319345,0.000928973,1.46197e-05,-3.3872e-06,-7.88373e-06,0.027185,9.65011e-08,0.0269959,0.010148,0.00337132,0.00687261,-0.000983649,0.0108209,0.0357165,-0.000384532,1.20436e-06,-1.26699e-06,-1.38395e-06,0.000218129,0.00155796,8.9802e-07,1.28726e-06,0.0233637,0.0251722,0.0194519,-0.000813375,-0.00102807,-0.00171613,-0.00221723,-0.00155728,-0.00140862,0.000969171,0.00755679,0.0368492,0.046647,-0.000598358,0.0328179,0.0012038,0.0296558,-0.000324516,-0.000693431,0.00799126,0.00124243,-3.25571e-06,0.00101203,0.00407834,8.44489e-08,0.00318953,0,0.00265751,-0.00164794,0.00111445,0.0467603,0,0.0497414,0,0,0.00648289,0.0159374,0.0008374,0.00123441,-0.00186502,0.0426504,0,0.046211,-0.0076809,0.00240131,0.0120155,
2.33,0.00509023,0.000938141,0.00828781,0.000944285,0.00724305,0.0274444,-8.54132e-05,0.00869331,9.77433e-06,5.30325e-06,-6.94466e-06,1.44785e-05,0.00619384,5.26487e-07,0.0090458,0.0159125,0.00851199,-0.00207664,-0.00194503,-0.0027313,-0.00503377,-0.00368887,-0.00244752,4.0645e-05,0.00321828,0.0315625,0.0143447,-0.00122347,0.0210976,0.000965307,0.0232399,-9.25184e-05,-0.000252645,0.000907029,-0.000143993,-3.28456e-06,-7.97871e-06,0.0268277,2.89503e-07,0.0271746,0.0102253,0.00332383,0.00674895,-0.000949603,0.0108551,0.0353238,-0.000369796,1.11833e-06,-8.44661e-07,-1.13972e-06,0.00021477,0.00154847,7.9824e-07,1.08922e-06,0.0232058,0.0249711,0.0194207,-0.000643874,-0.000909861,-0.00159384,-0.0019276,-0.0013671,-0.00127657,0.000955123,0.00752473,0.0365786,0.0466153,-0.00052128,0.0325432,0.00118826,0.02852,-0.00030606,-0.000667235,0.00784219,0.0012577,-2.83562e-06,0.00100604,0.00401475,0,0.00300299,0,0.00267752,-0.00154558,0.00123438,0.04619,0,0.0493383,0,0,0.00646328,0.015527,0.000825671,0.00124137,-0.0017466,0.0418065,0,0.0452025,-0.00719685,0.00236232,0.0120596,
2.335,0.00509082,0.000931363,0.00814674,0.000963676,0.00714571,0.0271751,-6.57269e-05,0.00856556,9.9823e-06,5.6932e-06,-7.01625e-06,6.90168e-06,0.00603719,4.60676e-07,0.0089897,0.015878,0.00859103,-0.00205542,-0.00191071,-0.00265942,-0.00495366,-0.00362817,-0.00239905,5.58868e-05,0.00317775,0.03146,0.014062,-0.00119151,0.0208606,0.000913744,0.0226493,-7.51218e-05,-0.000186686,0.000887534,-0.000178008,-2.97663e-06,-8.26367e-06,0.0264418,0,0.0272837,0.0102752,0.00328111,0.00661644,-0.000911872,0.0108835,0.0349623,-0.000353203,1.03231e-06,-4.22331e-07,-7.3268e-07,0.000210973,0.00153768,5.9868e-07,9.90201e-07,0.023007,0.0247377,0.0193247,-0.000462189,-0.000777117,-0.00146647,-0.00163708,-0.00116657,-0.00113814,0.000941432,0.00747796,0.0362929,0.0465755,-0.000442051,0.0322264,0.00117083,0.0275624,-0.000286232,-0.000638505,0.00769186,0.00126987,-2.41553e-06,0.000998991,0.0039477,0,0.0028289,0,0.00270921,-0.0014285,0.00118504,0.0456671,0,0.0489102,0,0,0.00641503,0.0151478,0.000818101,0.0012516,-0.00162191,0.0410353,0,0.0442433,-0.00672805,0.00235572,0.0120761,
2.34,0.00506952,0.000918249,0.0080484,0.000985431,0.00708317,0.0269784,-4.99779e-05,0.00839498,9.9823e-06,5.6932e-06,-7.01625e-06,-9.75237e-07,0.00591339,3.29054e-07,0.00895787,0.0158741,0.00869211,-0.00202762,-0.00187,-0.00257944,-0.00485694,-0.00355405,-0.0023422,6.98115e-05,0.00313301,0.0313831,0.0138327,-0.00115509,0.0206097,0.000860408,0.022047,-6.06623e-05,-0.000126953,0.000871524,-0.000209672,-2.77135e-06,-8.16868e-06,0.0260544,9.65011e-08,0.027317,0.0102937,0.00324599,0.00648469,-0.000870279,0.0109059,0.0346291,-0.000334174,7.74229e-07,-1.40777e-07,-4.88454e-07,0.00020681,0.00152605,4.989e-07,7.92161e-07,0.0227968,0.0245016,0.0191817,-0.000271508,-0.000634847,-0.00133378,-0.00133644,-0.000952652,-0.000991271,0.000929621,0.00741806,0.0360087,0.0465292,-0.00036098,0.0318676,0.00115114,0.0268129,-0.000264717,-0.000606979,0.00754962,0.00127874,-1.99544e-06,0.000991168,0.00388076,0,0.00267915,0,0.00274402,-0.00129277,0.00123694,0.0451903,0,0.0484563,0,0,0.00634128,0.0148256,0.000820846,0.00126682,-0.00148871,0.0403534,0,0.0433588,-0.00626931,0.00236532,0.0120706,
2.345,0.00505085,0.0008988,0.00800543,0.00101031,0.00707006,0.0268957,-3.63879e-05,0.00819398,9.91297e-06,5.6932e-06,-6.80147e-06,-8.92717e-06,0.00582889,2.63244e-07,0.00895251,0.0158962,0.00881237,-0.00199162,-0.00182246,-0.00249035,-0.00473954,-0.00346501,-0.0022767,8.27012e-05,0.0030887,0.0313614,0.0136736,-0.00111317,0.0204015,0.000806283,0.0214619,-4.80102e-05,-8.0633e-05,0.000859563,-0.000240528,-2.56606e-06,-7.97871e-06,0.0257054,9.65011e-08,0.0272726,0.0103085,0.00322506,0.00636469,-0.0008243,0.0109262,0.0344224,-0.000312824,7.74229e-07,1.40777e-07,-1.62818e-07,0.000202429,0.00151473,2.9934e-07,6.93141e-07,0.0226026,0.0242886,0.0190109,-7.69357e-05,-0.000486462,-0.00119616,-0.00101818,-0.000712468,-0.00082941,0.000920941,0.00737676,0.0357649,0.0464864,-0.000278681,0.0315457,0.00112869,0.0262662,-0.000241726,-0.000572204,0.00743115,0.00128328,-1.68037e-06,0.000983249,0.00382496,-8.44489e-08,0.00256244,0,0.00280303,-0.00112732,0.00125306,0.0448351,0,0.0480134,0,0,0.00626204,0.0146128,0.000834322,0.00129824,-0.00134347,0.039824,0,0.0426071,-0.00581369,0.0024262,0.0120498,
2.35,0.00504137,0.000873236,0.00800211,0.00103528,0.00709329,0.0269636,-2.45762e-05,0.00797804,9.63569e-06,5.45923e-06,-6.51509e-06,-6.6016e-06,0.00580222,1.97433e-07,0.00897599,0.015942,0.00894149,-0.0019472,-0.00176716,-0.00239158,-0.00459884,-0.00335987,-0.00220208,9.36151e-05,0.00308561,0.0313559,0.0135832,-0.00106524,0.0202781,0.000752159,0.0209211,-3.68266e-05,-5.12109e-05,0.000853536,-0.000269473,-2.15549e-06,-7.59877e-06,0.0254184,9.65011e-08,0.0271522,0.0103199,0.00321918,0.00626259,-0.000773845,0.0109446,0.0343038,-0.000288573,6.02178e-07,4.22331e-07,0,0.000197901,0.00150432,1.9956e-07,4.95101e-07,0.0224463,0.0241168,0.0188354,7.10667e-05,-0.000334368,-0.00105223,-0.000667227,-0.000447471,-0.000651703,0.000917183,0.00735269,0.0355682,0.0464491,-0.00019761,0.0312596,0.0011034,0.0258952,-0.000217153,-0.000533593,0.007343,0.00128287,-1.26028e-06,0.000975716,0.00378117,0,0.00248355,0,0.00285074,-0.000910877,0.00128297,0.0445676,0,0.0475897,0,0,0.00622007,0.0145199,0.000861024,0.00132835,-0.0011764,0.0394388,0,0.0419933,-0.00536223,0.00250477,0.0120198,
2.355,0.00500359,0.000841778,0.00801685,0.0010576,0.00714716,0.0270061,-1.40344e-05,0.00776122,9.0118e-06,5.22527e-06,-6.15712e-06,-6.15149e-06,0.00581105,0,0.00902484,0.0160073,0.00907635,-0.00189295,-0.00170365,-0.00228322,-0.00443308,-0.00323721,-0.0021176,0.000115913,0.00305936,0.0313872,0.0135665,-0.00101026,0.0201378,0.000699217,0.0204516,-2.68857e-05,-3.26089e-05,0.000852688,-0.00029526,-1.95021e-06,-7.12385e-06,0.0251946,9.65011e-08,0.0269644,0.010328,0.00322947,0.00618475,-0.000718652,0.0109622,0.0341758,-0.000261421,3.44102e-07,7.03884e-07,2.44227e-07,0.0001933,0.00149453,9.978e-08,4.95101e-07,0.02234,0.0239976,0.0186706,0.000123059,-0.000180769,-0.000897981,-0.000264755,-0.000167446,-0.000465393,0.000918883,0.00731733,0.0354154,0.0464131,-0.000123372,0.0309385,0.00107458,0.025655,-0.000191525,-0.000490953,0.00727996,0.00127668,-9.45206e-07,0.000968473,0.00374624,0,0.00244325,0,0.00287503,-0.000572616,0.00131383,0.0443,0,0.0471461,0,0,0.00610944,0.0145499,0.000894297,0.00137033,-0.000976357,0.0391528,0,0.0414912,-0.00490452,0.00263072,0.0119793,
2.36,0.00497515,0.000804647,0.00803845,0.00107595,0.00721944,0.0271221,-4.76282e-06,0.00755785,8.31858e-06,4.9913e-06,-5.65596e-06,-5.62637e-06,0.00586757,-6.58109e-08,0.00909734,0.0160868,0.009209,-0.00182795,-0.00163125,-0.00213274,-0.00424081,-0.00309727,-0.00202363,0.000140564,0.00304603,0.0314416,0.0136149,-0.000946527,0.0200526,0.000648311,0.0200753,-1.79615e-05,-1.83796e-05,0.000857491,-0.000315977,-1.53964e-06,-6.55394e-06,0.0250464,9.65011e-08,0.0267231,0.0103357,0.00325568,0.00613375,-0.000658106,0.0109798,0.0341284,-0.000231485,3.44102e-07,9.1505e-07,4.88454e-07,0.0001887,0.00148596,0,2.9706e-07,0.0222871,0.023933,0.0185311,0.00017352,-3.95025e-05,-0.00072668,0.000168321,0.000105443,-0.000273971,0.000927115,0.00729451,0.035319,0.0463845,-6.73287e-05,0.0306602,0.001042,0.0254868,-0.00016558,-0.000443762,0.0072457,0.00126409,-6.30138e-07,0.000962099,0.00372493,-8.44489e-08,0.00243793,0,0.00288537,6.94521e-05,0.00134917,0.0440814,0,0.04669,0,0,0.00601569,0.0146922,0.000939465,0.00142065,-0.000700558,0.038983,0,0.0411146,-0.00444058,0.00279416,0.0119364,
2.365,0.00496319,0.000762065,0.00803968,0.00108768,0.00729037,0.0272664,3.36573e-06,0.00737936,7.55604e-06,4.44538e-06,-5.01161e-06,-5.02622e-06,0.00596019,-1.31622e-07,0.00919,0.0161808,0.00934047,-0.00175185,-0.00154984,-0.00197118,-0.00402291,-0.0029399,-0.00192036,0.000165402,0.00305575,0.0314935,0.0137076,-0.000872997,0.019992,0.000600361,0.0198093,-1.01669e-05,-6.22534e-06,0.000867003,-0.000329936,-1.12907e-06,-5.88905e-06,0.0249475,9.65011e-08,0.0264491,0.0103469,0.00329564,0.00610518,-0.000592295,0.0109989,0.0340613,-0.000199344,1.72051e-07,1.05583e-06,6.51271e-07,0.000184099,0.00147792,-1.9956e-07,9.90201e-08,0.022283,0.0239161,0.0184258,0.000227554,3.77981e-05,-0.000544067,0.000424489,0.000221747,-8.31454e-05,0.000940895,0.00727979,0.0352404,0.0463537,-3.51614e-05,0.0303484,0.00100539,0.0253321,-0.000140058,-0.000391826,0.00722722,0.0012447,-2.10046e-07,0.000956401,0.00370666,-8.44489e-08,0.00245989,0,0.0028607,0.00120123,0.00137566,0.0437815,0,0.0461839,0,0,0.00594155,0.014895,0.000987129,0.00146958,-0.000258574,0.0388325,0,0.0407874,-0.00396589,0.00298729,0.0118917,
2.37,0.00493576,0.000714914,0.00802176,0.00109355,0.00736458,0.02734,1.04147e-05,0.00723516,6.65486e-06,3.97744e-06,-4.36726e-06,-4.42608e-06,0.00607137,-2.63244e-07,0.00930378,0.0162865,0.00946503,-0.00166478,-0.00145897,-0.00179519,-0.00378112,-0.00276668,-0.00180834,0.000187889,0.00303656,0.0315693,0.0138428,-0.000790791,0.0199031,0.000556483,0.0196629,-2.93709e-06,4.22434e-06,0.000880094,-0.000335886,-8.21139e-07,-5.12917e-06,0.0248901,9.65011e-08,0.0261662,0.0103596,0.0033477,0.00609699,-0.000521044,0.0110152,0.0339917,-0.000166275,0,1.26699e-06,8.95498e-07,0.000179425,0.0014705,-1.9956e-07,9.90201e-08,0.0223137,0.0239344,0.0183555,0.000284139,6.72746e-05,-0.000355471,0.00077313,0.000335145,6.08256e-05,0.000959597,0.00725743,0.0351856,0.0463216,-1.62756e-05,0.0300276,0.000964685,0.0251342,-0.000116223,-0.000335275,0.00722039,0.00121829,1.05023e-07,0.000951185,0.00369292,0,0.00249996,0,0.00282039,0.000905059,0.00141026,0.043445,0,0.0456322,0,0,0.00580817,0.0151543,0.00103737,0.00152882,0.000522629,0.0387205,0,0.0405175,-0.00347975,0.00322511,0.0118458,
2.375,0.00496056,0.000663491,0.00798996,0.00109393,0.00743483,0.0275279,1.64476e-05,0.00713256,5.68436e-06,3.50951e-06,-3.65132e-06,-3.75091e-06,0.00621627,-3.94865e-07,0.00943269,0.0163961,0.00958385,-0.00156639,-0.0013592,-0.00160062,-0.00351748,-0.00257744,-0.00168552,0.000206612,0.00306599,0.0316492,0.0140048,-0.000701456,0.0199398,0.00051786,0.019635,3.27599e-06,1.34141e-05,0.000896764,-0.000332948,-4.1057e-07,-4.36929e-06,0.0248846,9.65011e-08,0.0258972,0.010391,0.00341067,0.00610561,-0.000444265,0.0110289,0.0340749,-0.000134018,-8.60255e-08,1.40777e-06,9.76907e-07,0.000174825,0.00146484,-2.9934e-07,-9.90201e-08,0.0223645,0.0239716,0.0183192,0.000341235,9.44451e-05,-0.000163269,0.00109491,0.000460478,0.000107765,0.000982773,0.00727694,0.0351687,0.0463008,-9.98032e-07,0.0298414,0.000919644,0.024857,-9.47077e-05,-0.000274369,0.00723348,0.00118487,3.15069e-07,0.000946936,0.00369314,-8.44489e-08,0.00254954,0,0.00278007,0.00092715,0.00144699,0.0431674,0,0.0450812,0,0,0.00576542,0.0154565,0.00109493,0.00159224,0.00099828,0.0386941,0,0.0403361,-0.00297559,0.00349771,0.0118102,
2.38,0.00502314,0.000608016,0.00791912,0.0010908,0.00742597,0.0278015,2.15915e-05,0.00707628,4.71386e-06,2.96358e-06,-3.07856e-06,-3.00073e-06,0.00634846,-3.94865e-07,0.00957404,0.0165111,0.00968832,-0.00145747,-0.00125055,-0.00139081,-0.00323257,-0.00237345,-0.00155247,0.000220348,0.00324065,0.0316539,0.014123,-0.000605764,0.0202074,0.000485281,0.0197127,8.81128e-06,2.11958e-05,0.000912115,-0.000320973,0,-3.51443e-06,0.0249229,0,0.025663,0.0104338,0.00345781,0.00612642,-0.000362485,0.0110434,0.0342752,-0.000105009,-2.58076e-07,1.54855e-06,1.05832e-06,0.000170516,0.00146155,-3.9912e-07,-2.9706e-07,0.0224162,0.0240117,0.018308,0.00040286,0.000120513,1.47532e-05,0.00136792,0.000589093,0.000150531,0.00101006,0.00732851,0.0351839,0.046301,1.25138e-05,0.0298324,0.000870387,0.0244731,-7.57239e-05,-0.000210863,0.00726273,0.00114475,7.35161e-07,0.000943846,0.00370947,-8.44489e-08,0.00260048,0,0.00275892,0.000961603,0.0014958,0.042879,0,0.044528,0,0,0.00588232,0.0157569,0.00116472,0.00165475,0.00103665,0.0387019,0,0.0401924,-0.00245339,0.0037913,0.011798,
2.385,0.00492278,0.000549447,0.0078554,0.00108891,0.00742144,0.0276198,2.57192e-05,0.00706916,3.81268e-06,2.41766e-06,-2.21943e-06,-2.40058e-06,0.00641716,-5.92298e-07,0.00972092,0.016624,0.00977401,-0.00133822,-0.0011322,-0.00114364,-0.0029299,-0.00215713,-0.00140919,0.000228063,0.00322903,0.0316743,0.0142244,-0.000504746,0.0201625,0.000459269,0.0198742,1.34429e-05,2.80882e-05,0.000922003,-0.000300182,3.07927e-07,-2.75455e-06,0.024954,0,0.0254788,0.0104534,0.00348868,0.00615877,-0.000276317,0.0110551,0.0341912,-8.02945e-05,-3.44102e-07,1.61893e-06,1.30254e-06,0.000166208,0.00145757,-3.9912e-07,-2.9706e-07,0.0224547,0.0240387,0.0183111,0.000459254,0.000168337,9.36831e-05,0.00156178,0.000732231,0.000227798,0.00103977,0.00725207,0.0351852,0.046292,2.47205e-05,0.0296171,0.000817293,0.0239748,-5.91659e-05,-0.000148397,0.00727938,0.00109813,9.45206e-07,0.000941141,0.00371455,-8.44489e-08,0.00264756,0,0.00277039,0.00100442,0.00155165,0.0424252,0,0.0439057,0,0,0.00563008,0.0161068,0.00122079,0.00172095,0.00109879,0.038672,0,0.0400393,-0.00189582,0.00411368,0.0117741,
2.39,0.00490528,0.00048771,0.0077767,0.00108702,0.00736795,0.0275974,2.9085e-05,0.0071126,2.84218e-06,2.02772e-06,-1.71827e-06,-1.72542e-06,0.00647544,-5.92298e-07,0.00986984,0.0167287,0.00982762,-0.00120843,-0.00100313,-0.000840203,-0.00261469,-0.00193092,-0.00125577,0.000229757,0.00330234,0.0316416,0.0142725,-0.000399175,0.0202497,0.000439695,0.0200953,1.76226e-05,3.37947e-05,0.000928125,-0.000271236,6.15855e-07,-1.99468e-06,0.0249795,9.65011e-08,0.0253544,0.0104661,0.00350045,0.00619575,-0.000187867,0.0110638,0.0342496,-5.99888e-05,-3.44102e-07,1.68932e-06,1.38395e-06,0.000162045,0.00145436,-5.9868e-07,-3.96081e-07,0.0224657,0.0240421,0.018319,0.000506079,0.00022338,0.000140238,0.00168376,0.000864193,0.000324233,0.00107136,0.00720849,0.035184,0.0462916,3.57756e-05,0.0295039,0.000760551,0.0233594,-4.42953e-05,-9.41214e-05,0.00729209,0.00104542,1.26028e-06,0.000938824,0.00371985,0,0.00268786,0,0.00279553,0.00104896,0.00160558,0.0419836,0,0.0432877,0,0,0.00559478,0.0164554,0.00128143,0.00178182,0.00118032,0.0386392,0,0.0398855,-0.0012807,0.00444566,0.0117588,
2.395,0.00486925,0.000423615,0.00765724,0.00108295,0.0072392,0.0275355,3.16251e-05,0.00720843,2.07965e-06,1.55978e-06,-1.07392e-06,-1.20029e-06,0.00649875,-7.2392e-07,0.0100137,0.0168225,0.0098464,-0.00106725,-0.000857527,-0.000386485,-0.0022823,-0.00169918,-0.00109118,0.000225241,0.00344585,0.0315466,0.0142544,-0.000289911,0.0203836,0.000425901,0.0203481,2.11245e-05,4.86911e-05,0.000929726,-0.000235312,9.23782e-07,-1.32979e-06,0.024971,0,0.0252951,0.0104388,0.00348401,0.00622982,-0.00010477,0.0110708,0.0342157,-4.25839e-05,-5.16153e-07,1.8301e-06,1.38395e-06,0.000157956,0.00145091,-5.9868e-07,-5.94121e-07,0.0224416,0.0240135,0.0183198,0.000540783,0.000280829,0.000276132,0.00175289,0.000973993,0.000432424,0.00110402,0.00713502,0.0351475,0.0462902,4.59095e-05,0.0293599,0.000700285,0.0226382,-3.05849e-05,-5.49908e-05,0.00728853,0.000986828,1.47032e-06,0.000936699,0.00371596,-8.44489e-08,0.00271989,0,0.00280103,0.00109305,0.00165715,0.0414213,0,0.0426448,0,0,0.00559791,0.0167582,0.0013424,0.00183534,0.00128005,0.03853,0,0.039662,-0.000435337,0.00477075,0.0117434,
2.4,0.00477064,0.000357015,0.00749456,0.00107557,0.00704693,0.0273068,3.33397e-05,0.0073587,1.45575e-06,1.16984e-06,-5.72755e-07,-6.75164e-07,0.00647729,-8.55541e-07,0.0101474,0.0168964,0.00982318,-0.000909944,-0.000692771,0.000444226,-0.00193331,-0.00145326,-0.000911146,0.000214609,0.00358472,0.0314151,0.0141777,-0.000179101,0.0204327,0.00041664,0.0206078,2.38356e-05,6.67001e-05,0.000926524,-0.000194244,1.23171e-06,-7.59877e-07,0.0249034,9.65011e-08,0.0253032,0.0103471,0.00343765,0.00625612,-4.2733e-05,0.011075,0.0340199,-2.72676e-05,-6.02178e-07,1.8301e-06,1.54677e-06,0.000153793,0.0014464,-6.9846e-07,-6.93141e-07,0.0223786,0.023952,0.0183048,0.000561835,0.000336774,0.000429729,0.00178558,0.00105746,0.000543938,0.00113686,0.00698956,0.0350586,0.0462784,5.48917e-05,0.0291058,0.000636309,0.0218315,-1.77181e-05,-2.93804e-05,0.00725735,0.000922257,1.78539e-06,0.000934188,0.00369671,-8.44489e-08,0.00274434,0,0.00279117,0.00113696,0.00170799,0.0407165,0,0.0419526,0,0,0.00552495,0.0170139,0.00140154,0.00188484,0.0013882,0.0383181,0,0.0393515,0.00305152,0.00508323,0.0117153,
2.405,0.00463134,0.000288426,0.00730352,0.00106555,0.00681785,0.0269311,3.43558e-05,0.0075662,9.0118e-07,8.57879e-07,-1.43189e-07,-3.00073e-07,0.00641557,-8.55541e-07,0.0102652,0.0169465,0.00975288,-0.000728026,-0.000513992,0.0011381,-0.00157121,-0.00118781,-0.000704038,0.000198521,0.00368598,0.031274,0.0140567,-7.75673e-05,0.0203824,0.000410006,0.0208503,2.60949e-05,8.69325e-05,0.000919272,-0.000150826,1.43699e-06,-2.84954e-07,0.0247726,9.65011e-08,0.025377,0.0101854,0.00336898,0.00627316,-8.5115e-06,0.0110719,0.0337432,-1.28796e-05,-5.16153e-07,1.97088e-06,1.70959e-06,0.000149558,0.00144058,-7.9824e-07,-7.92161e-07,0.0222792,0.0238606,0.0182713,0.000569299,0.000387305,0.000587507,0.0017912,0.00111303,0.000650596,0.00116907,0.00679037,0.0349247,0.0462578,7.56969e-05,0.0287958,0.000568683,0.0209729,-5.90605e-06,-9.68515e-06,0.00719902,0.000851909,1.99544e-06,0.000931387,0.00366654,0,0.00276234,0,0.0027795,0.00118196,0.00176074,0.0399491,0,0.0412331,0,0,0.00538216,0.0172344,0.0014562,0.00193386,0.00149683,0.0380513,0,0.038988,0.00213716,0.00538492,0.0116662,
2.41,0.00447833,0.000217701,0.00710229,0.0010542,0.00657961,0.0264545,3.46098e-05,0.00783569,4.85251e-07,6.23912e-07,7.15944e-08,0,0.00632126,-1.05297e-06,0.0103633,0.0169673,0.00963354,-0.000525667,-0.00032381,0.00115491,-0.00113948,-0.000895703,-0.000474321,0.000177069,0.00373468,0.0311431,0.0139082,-1.09951e-05,0.020262,0.000404422,0.0210573,2.79024e-05,0.000108425,0.000908819,-0.000109464,1.64228e-06,0,0.0245901,0,0.0255137,0.00997714,0.00328785,0.00628071,1.45661e-05,0.0110648,0.0334657,4.6413e-07,-6.02178e-07,1.97088e-06,1.70959e-06,0.000145322,0.00143393,-8.9802e-07,-8.91181e-07,0.0221542,0.0237489,0.018217,0.000563111,0.000429715,0.000735286,0.00177579,0.00114043,0.000744475,0.00120021,0.00656734,0.0347645,0.0462344,0.000102106,0.0285004,0.000496969,0.0200956,5.48418e-06,8.12512e-06,0.00712252,0.000775579,2.3105e-06,0.0009282,0.00363409,0,0.00277638,0,0.00277561,0.00122905,0.0018168,0.0391912,0,0.0405151,0,0,0.0051919,0.0174508,0.00150569,0.00198541,0.0015993,0.0377831,0,0.0386223,0.00226823,0.00568212,0.0115927,
2.415,0.0043262,0.000145429,0.0069061,0.00104275,0.00635053,0.0259087,3.43558e-05,0.00817148,2.07965e-07,5.45923e-07,2.86378e-07,1.50036e-07,0.00620046,-1.11879e-06,0.0104334,0.0169575,0.00947638,-0.000306403,-0.000124393,0.00123183,-0.000629094,-0.000551105,-0.000226926,0.000151101,0.00372565,0.0310327,0.0137466,1.91556e-05,0.0200997,0.00039792,0.0212159,2.88061e-05,0.000130436,0.000895916,-7.4421e-05,1.74492e-06,2.84954e-07,0.024375,1.93002e-07,0.0257078,0.00974921,0.00320257,0.00628103,3.6152e-05,0.0110501,0.03323,1.33437e-05,-5.16153e-07,2.04126e-06,1.791e-06,0.00014116,0.00142719,-8.9802e-07,-1.08922e-06,0.0220177,0.0236299,0.0181456,0.000544228,0.0004624,0.000862409,0.00174276,0.00114359,0.000821231,0.00122956,0.0063418,0.0345973,0.0462144,0.000132661,0.0282659,0.000420662,0.0192365,1.62416e-05,2.48954e-05,0.00703821,0.000693369,2.52055e-06,0.000924627,0.00360608,0,0.00278838,0,0.00278159,0.0012785,0.00187714,0.0384792,0,0.0398229,0,0,0.00496556,0.0176848,0.00154903,0.00204056,0.00169208,0.0375506,0,0.0382958,0.00258584,0.00597721,0.0114971,
2.42,0.00417785,7.21987e-05,0.00672648,0.00103216,0.00614478,0.0253157,3.33397e-05,0.00857514,1.38643e-07,5.45923e-07,3.57972e-07,2.25055e-07,0.0060605,-1.1846e-06,0.0104758,0.0169174,0.00928386,-7.26399e-05,5.55266e-05,0.00132457,0.000118711,-0.000152931,3.03312e-05,0.0001209,0.00365596,0.0309509,0.0135869,4.26921e-05,0.0199096,0.000389512,0.0213164,2.95969e-05,0.000152299,0.000881413,-4.73121e-05,1.84756e-06,3.79939e-07,0.0241463,9.65011e-08,0.0259513,0.00952382,0.00312075,0.00627726,5.70359e-05,0.0110305,0.0330462,2.56432e-05,-5.16153e-07,2.04126e-06,1.95381e-06,0.00013707,0.00142077,-1.09758e-06,-1.28726e-06,0.0218851,0.0235195,0.0180639,0.000513288,0.000485159,0.0009656,0.00169443,0.00112704,0.000879246,0.00125703,0.00612447,0.0344396,0.0462017,0.000166441,0.0281035,0.000339197,0.0184375,2.67881e-05,4.10806e-05,0.00695525,0.000604764,2.7306e-06,0.00092115,0.00358662,8.44489e-08,0.0028023,0,0.00279771,0.00132941,0.00194004,0.0378341,0,0.0391674,0,0,0.00470587,0.0179582,0.00158629,0.00209996,0.00177126,0.0373722,0,0.038036,0.00292843,0.0062774,0.0113814,
2.425,0.00403418,-8.84066e-07,0.00657313,0.00102355,0.00597497,0.0246967,3.20062e-05,0.00904598,2.77286e-07,5.45923e-07,3.57972e-07,1.50036e-07,0.00591066,-1.25041e-06,0.0104896,0.0168506,0.00907557,0.000121514,0.000128612,0.00142265,0.00129416,0.000273834,0.000177242,8.71232e-05,0.00352742,0.030906,0.0134455,6.48542e-05,0.0197034,0.00037828,0.021355,2.97098e-05,0.000173346,0.000866344,-2.56396e-05,2.05285e-06,2.84954e-07,0.0239249,1.93002e-07,0.0262339,0.00932001,0.0030468,0.00627294,7.7832e-05,0.0110074,0.0329352,3.74785e-05,-4.30127e-07,2.18204e-06,1.95381e-06,0.000133127,0.00141533,-1.19736e-06,-1.28726e-06,0.0217741,0.0234339,0.017982,0.00047163,0.000498093,0.00104527,0.00163312,0.00109421,0.000918944,0.00128245,0.00592174,0.0343081,0.0461997,0.000202063,0.0280215,0.000251944,0.0177485,3.65964e-05,5.68759e-05,0.00688211,0.000509144,2.94064e-06,0.00091777,0.00357905,8.44489e-08,0.00282211,0,0.0028239,0.00138113,0.00200593,0.0372832,0,0.0385694,0,0,0.00441519,0.0182874,0.00161749,0.00216509,0.00183449,0.0372752,0,0.0378655,0.00325888,0.00658569,0.0112509,
2.43,0.0038991,-7.2346e-05,0.0064576,0.00101693,0.00585151,0.0240862,3.0228e-05,0.00958135,4.85251e-07,7.7989e-07,2.14783e-07,7.50182e-08,0.00576372,-1.44784e-06,0.010474,0.016766,0.00886636,0.000208513,0.000268512,0.0015234,0.00172152,0.000550099,0.000288333,5.0618e-05,0.00333753,0.0309136,0.0133438,8.66726e-05,0.0195144,0.000364355,0.021334,2.97098e-05,0.000193208,0.000851652,-6.53847e-06,1.95021e-06,9.49847e-08,0.0237341,1.93002e-07,0.0265457,0.0091573,0.00298617,0.00627305,0.000129164,0.0109802,0.0329261,4.89657e-05,-3.44102e-07,2.25243e-06,2.11663e-06,0.000129329,0.00141174,-1.19736e-06,-1.4853e-06,0.0217022,0.0233888,0.017911,0.000419829,0.000501702,0.00110436,0.0015598,0.00104812,0.000942116,0.00130598,0.00574172,0.0342211,0.0462133,0.000238453,0.0280452,0.000158212,0.0172229,5.66348e-05,9.95165e-05,0.00682985,0.000405686,3.25571e-06,0.000914583,0.00358802,8.44489e-08,0.00285199,0,0.00286374,0.00143413,0.00207491,0.0368719,0,0.0380485,0,0,0.00409706,0.0186995,0.00164169,0.00224004,0.00188107,0.0372852,0,0.0378205,0.00356436,0.00691437,0.0111099,
2.435,0.00376549,-1.72393e-05,0.00638602,0.00101352,0.00577836,0.023488,2.81959e-05,0.0101761,8.31858e-07,8.57879e-07,-7.15944e-08,-2.25055e-07,0.00562544,-1.51365e-06,0.0104373,0.0166697,0.0086762,0.000423603,0.000443529,0.00162395,0.00211655,0.000886312,0.000507536,1.2043e-05,0.0030826,0.0309646,0.0132902,0.000143796,0.0193326,0.000347999,0.0212627,2.9258e-05,0.000211736,0.000838185,1.11668e-05,1.95021e-06,-1.89969e-07,0.0235892,2.89503e-07,0.0268784,0.0090362,0.00294042,0.00628243,0.000194448,0.0109542,0.0330014,6.01049e-05,-1.72051e-07,2.32282e-06,2.19804e-06,0.000125751,0.00141036,-1.39692e-06,-1.68334e-06,0.0216822,0.0233946,0.0178665,0.000358714,0.000497291,0.00114493,0.00147691,0.000989399,0.000950805,0.00132728,0.00557892,0.0341863,0.0462415,0.000274843,0.0281505,5.73087e-05,0.0169125,8.50049e-05,0.000154767,0.00680281,0.000293253,3.46576e-06,0.000911782,0.00361311,1.68898e-07,0.0028967,0,0.0029143,0.00148731,0.00214561,0.0365871,0,0.0376101,0,0,0.0037491,0.0192058,0.00166041,0.00232302,0.00190965,0.0374065,0,0.0379003,0.00384695,0.00726314,0.0109647,
2.44,0.00365872,-1.23769e-05,0.00635263,0.00101286,0.00573847,0.0229994,2.61003e-05,0.0108236,1.38643e-06,1.4038e-06,-3.57972e-07,-5.25128e-07,0.00550959,-1.64527e-06,0.0103842,0.0165733,0.00852503,0.000674129,0.000638157,0.00172084,0.00246379,0.00129346,0.000763305,2.54031e-05,0.00281639,0.0310397,0.01328,0.000215866,0.0192212,0.000330133,0.0211519,2.86931e-05,0.000228559,0.000826601,2.79905e-05,1.95021e-06,-4.74923e-07,0.0235031,2.89503e-07,0.0272254,0.00895858,0.00290799,0.00630442,0.000271227,0.0109315,0.0331919,8.9229e-05,0,2.39321e-06,2.19804e-06,0.000122538,0.00141166,-1.59648e-06,-1.88138e-06,0.0217223,0.023459,0.017862,0.000288796,0.00048546,0.00117042,0.00138399,0.00091843,0.000947057,0.00134732,0.00544932,0.0342076,0.0462849,0.000310004,0.0283556,-5.10808e-05,0.0168433,0.000121285,0.000221263,0.00680483,0.000170506,3.78083e-06,0.000909754,0.00365486,2.53347e-07,0.0029602,0,0.00296818,0.00153922,0.00221748,0.036431,0,0.0372555,0,0,0.00344901,0.0197884,0.00167663,0.00240942,0.00192609,0.0376355,0,0.0381006,0.00410562,0.00763621,0.0108189,
2.445,0.0036224,-1.09771e-05,0.00632378,0.00101097,0.00568536,0.0228247,2.35601e-05,0.0115178,2.01032e-06,1.63777e-06,-7.87539e-07,-9.00219e-07,0.00544902,-1.71108e-06,0.0103253,0.0164892,0.00842121,0.000931375,0.000832443,0.00181062,0.00277579,0.00166899,0.00102633,2.22042e-05,0.00268252,0.0310958,0.0132969,0.000300391,0.0193226,0.000311215,0.0210128,2.80154e-05,0.0002439,0.000819161,4.45938e-05,1.84756e-06,-1.13982e-06,0.0234774,3.86004e-07,0.0275816,0.00889999,0.00288204,0.00633774,0.000356518,0.0109123,0.0334984,0.000127056,1.72051e-07,2.53398e-06,2.44227e-06,0.000119763,0.00141625,-1.59648e-06,-2.07942e-06,0.0218276,0.0235825,0.0179052,0.000210074,0.000467212,0.00118387,0.00128249,0.000835591,0.000933256,0.0013662,0.00537585,0.0342694,0.0463399,0.0003434,0.0286529,-0.000166076,0.0170187,0.000164526,0.000297705,0.00683447,3.65148e-05,3.99087e-06,0.000908498,0.00370947,2.53347e-07,0.00304577,0,0.00298905,0.00158395,0.00228166,0.0363476,0,0.0369716,0,0,0.00336506,0.0203804,0.00169817,0.00249117,0.00194723,0.0379208,0,0.0383618,0.00433656,0.00801287,0.0106939,
2.45,0.0035483,-8.39862e-06,0.00626951,0.00100331,0.00562349,0.0226033,2.13374e-05,0.0122537,2.70354e-06,2.1057e-06,-1.2887e-06,-1.50036e-06,0.00542394,-1.8427e-06,0.010267,0.0164255,0.00837139,0.00117023,0.00101054,0.00189842,0.00306274,0.00195993,0.00127158,1.91935e-05,0.00257583,0.0311602,0.013362,0.000394708,0.0193553,0.000292233,0.0208572,2.69987e-05,0.000257759,0.00081643,7.93432e-05,1.74492e-06,-1.51975e-06,0.0234841,4.82506e-07,0.0279423,0.00882186,0.00286431,0.00638205,0.000446284,0.0108943,0.0336351,0.000172772,2.58076e-07,2.53398e-06,2.52368e-06,0.00011728,0.00142168,-1.79604e-06,-2.27746e-06,0.0219903,0.0237588,0.0180016,0.00012325,0.000443351,0.00118846,0.0011712,0.000742144,0.000910596,0.00138472,0.00527523,0.0343355,0.0463839,0.000374339,0.0288091,-0.000136383,0.0174112,0.000214305,0.000382336,0.00686835,-0.000109235,4.30594e-06,0.000907726,0.00375965,4.22244e-07,0.00315489,0,0.0029218,0.00161749,0.00233932,0.0361556,0,0.0366648,0,0,0.00322855,0.0209219,0.00172654,0.00256587,0.00196974,0.0381534,0,0.0386034,0.00454218,0.00838594,0.0105726,
2.455,0.00344415,-5.30439e-06,0.0063196,0.0010069,0.00560557,0.0224245,1.88608e-05,0.0130262,3.5354e-06,2.57364e-06,-1.78986e-06,-1.95047e-06,0.00537175,-1.90852e-06,0.0102175,0.0163898,0.00837022,0.00137754,0.00116948,0.00197425,0.00332317,0.00217734,0.00147916,1.70295e-05,0.0024521,0.0312517,0.0134322,0.000495812,0.0194516,0.000273578,0.0206961,2.63209e-05,0.00027058,0.000813039,0.000127978,1.74492e-06,-2.27963e-06,0.0235648,4.82506e-07,0.028303,0.008749,0.00283914,0.00644868,0.000536225,0.0108825,0.0340448,0.000225335,6.02178e-07,2.74515e-06,2.60509e-06,0.000115454,0.00143025,-1.9956e-06,-2.4755e-06,0.0221993,0.0239756,0.0181519,3.12591e-05,0.000414576,0.00118616,0.00105231,0.000638847,0.00088112,0.00140387,0.00517712,0.0344837,0.0464468,0.000402284,0.0291511,-0.000130659,0.017971,0.00026978,0.000473077,0.00693129,-0.000135332,4.51599e-06,0.000908305,0.0038281,3.37796e-07,0.00328778,0,0.00304891,0.00165903,0.00241664,0.036275,0,0.036478,0,0,0.00305281,0.0215463,0.00175815,0.00264999,0.00199147,0.0386113,0,0.0390061,0.00472526,0.00878719,0.0104654,
2.46,0.00333796,-1.47344e-06,0.00648351,0.00102525,0.00563612,0.0223792,1.67016e-05,0.0138345,4.43658e-06,3.11956e-06,-2.36262e-06,-2.55062e-06,0.00532248,-1.97433e-06,0.0101855,0.0163859,0.00841326,0.00154602,0.00130425,0.00204336,0.0035603,0.00234729,0.00164393,1.52419e-05,0.0023412,0.0313744,0.0135181,0.000599665,0.0196977,0.000255909,0.0205385,2.54172e-05,0.00028266,0.000809649,0.000189175,1.53964e-06,-2.84954e-06,0.0237436,4.82506e-07,0.0286602,0.0086904,0.00280601,0.00654582,0.000622305,0.010885,0.0346924,0.000283816,7.74229e-07,2.81554e-06,2.84931e-06,0.000114505,0.00144349,-2.09538e-06,-2.57452e-06,0.0224352,0.0242141,0.0183462,1.3014e-05,0.000381791,0.00117862,0.000925818,0.000525701,0.000846192,0.00142454,0.00509954,0.0347257,0.0465359,0.000427081,0.0297116,-0.000136132,0.0186393,0.000330106,0.000567134,0.00703879,-0.000159056,4.83105e-06,0.000910623,0.00392478,5.06693e-07,0.00344342,0,0.00324481,0.0017104,0.00250933,0.0366734,0,0.0364382,0,0,0.00289472,0.0223048,0.00179084,0.00274441,0.00201398,0.0392976,0,0.0396033,0.00488476,0.00922833,0.0103784,
2.465,0.00318116,2.35751e-06,0.00670156,0.00105439,0.00566416,0.0222991,1.47965e-05,0.0146745,5.19911e-06,3.66549e-06,-3.00697e-06,-3.15077e-06,0.00525758,-2.10595e-06,0.0101751,0.0164126,0.00849347,0.00168175,0.00141496,0.00210466,0.00378053,0.00249301,0.00177438,1.40188e-05,0.0022247,0.0314583,0.0135977,0.000702744,0.0199048,0.000239159,0.0203935,2.47394e-05,0.000294963,0.000805505,0.000261098,1.43699e-06,-3.60942e-06,0.0239883,5.79007e-07,0.0290113,0.0086104,0.00275741,0.00667563,0.000701804,0.0109064,0.0352594,0.000347053,8.60255e-07,2.95631e-06,2.84931e-06,0.000114651,0.00145964,-2.29494e-06,-2.87158e-06,0.022676,0.0244534,0.0185739,-8.22945e-06,0.000345998,0.00116846,0.000790523,0.000402074,0.000807942,0.00144754,0.00498009,0.0350091,0.0466282,0.000448807,0.0302372,-0.000145882,0.0193542,0.000394229,0.000661775,0.00716804,-0.000183193,5.0411e-06,0.000914776,0.00402892,5.91142e-07,0.00361966,0,0.00342135,0.00176421,0.00260886,0.0370387,0,0.0364213,0,0,0.00270643,0.0231361,0.00182744,0.00283213,0.00203757,0.0400224,0,0.0402555,0.00502727,0.00969196,0.0103031,
2.47,0.0029911,6.04111e-06,0.00694944,0.00108863,0.00569809,0.0222221,1.33994e-05,0.0155366,6.23894e-06,4.13342e-06,-3.50813e-06,-3.75091e-06,0.00519788,-2.10595e-06,0.010191,0.0164694,0.00860655,0.00179294,0.00150617,0.00216477,0.00398271,0.00262397,0.00187998,1.37365e-05,0.00210184,0.0315654,0.013695,0.000801443,0.0201298,0.000223592,0.0202671,2.45134e-05,0.000308525,0.000801644,0.000341543,1.23171e-06,-4.27431e-06,0.024289,4.82506e-07,0.0293564,0.00849355,0.00269868,0.0068379,0.000773318,0.0109474,0.0358167,0.000413656,1.20436e-06,3.09709e-06,3.01213e-06,0.000115746,0.00147869,-2.39472e-06,-3.06962e-06,0.0228989,0.0246717,0.0188185,-2.71763e-05,0.000308501,0.00115706,0.000654568,0.000266071,0.000768073,0.00147295,0.00483726,0.0353321,0.0467247,0.000467846,0.0307725,-0.000157143,0.0200754,0.000461304,0.000754337,0.00731855,-0.000208258,5.35617e-06,0.000920571,0.00414247,5.91142e-07,0.00381469,0,0.00360092,0.00182012,0.00271213,0.0374558,0,0.0364397,0,0,0.00248401,0.0240345,0.00186437,0.00292607,0.00206135,0.0407757,0,0.0409463,0.00515418,0.0101769,0.0102326,
2.475,0.00276384,9.43003e-06,0.0071983,0.00112363,0.00572237,0.0221079,1.25103e-05,0.0164006,7.07079e-06,4.67934e-06,-4.15248e-06,-4.27604e-06,0.00514014,-2.17176e-06,0.0102314,0.0165551,0.00874767,0.00188524,0.00158234,0.00222192,0.00416536,0.00274152,0.00196716,1.38306e-05,0.00196246,0.0316562,0.0138023,0.000893012,0.0203114,0.000209338,0.0201665,2.47394e-05,0.000324459,0.000798536,0.000427645,1.23171e-06,-4.9392e-06,0.024621,5.79007e-07,0.0296961,0.00832116,0.00263044,0.00702647,0.000836409,0.0110076,0.036279,0.000482115,1.11833e-06,3.16748e-06,3.17495e-06,0.000117937,0.00149935,-2.4945e-06,-3.06962e-06,0.0230854,0.0248517,0.0190607,-4.38266e-05,0.000270201,0.00114616,0.000524337,0.000144337,0.000728204,0.00150015,0.00465929,0.0356673,0.0468164,0.000484429,0.0312458,-0.000168781,0.020773,0.000529646,0.000841828,0.00747764,-0.000234252,5.67124e-06,0.000927814,0.00425612,5.91142e-07,0.00402772,0,0.00375716,0.00187539,0.002814,0.0378356,0,0.0364537,0,0,0.00222824,0.0249469,0.00190081,0.00301648,0.00208582,0.0414798,0,0.0416087,0.00526687,0.0106591,0.0101597,
2.48,0.00248889,1.19349e-05,0.00743894,0.00115806,0.00573182,0.0219085,1.22563e-05,0.0172346,7.90265e-06,5.30325e-06,-4.72523e-06,-4.9512e-06,0.0050642,-2.17176e-06,0.0103029,0.0166636,0.00891006,0.00196354,0.00164767,0.00227511,0.00432821,0.002848,0.00204224,1.46773e-05,0.00178831,0.0317297,0.0139043,0.000975991,0.0204381,0.000196135,0.0200972,2.67727e-05,0.000344173,0.000794392,0.000515658,1.02642e-06,-5.60409e-06,0.0249598,5.79007e-07,0.0300309,0.00808508,0.00254922,0.00723617,0.000891778,0.0110873,0.0366356,0.000550574,1.37641e-06,3.30826e-06,3.33777e-06,0.00012115,0.00152085,-2.69406e-06,-3.4657e-06,0.0232157,0.0249753,0.0192817,-5.79889e-05,0.000232604,0.00113739,0.000406655,5.16483e-05,0.00069072,0.0015287,0.0044423,0.0359986,0.0469005,0.000499169,0.0316387,-0.000180481,0.0214173,0.000598304,0.000922429,0.00763547,-0.000260658,5.88128e-06,0.000936023,0.00436362,6.75591e-07,0.00425953,0,0.00392137,0.00193157,0.00291374,0.0381592,0,0.0364537,0,0,0.00190775,0.0258524,0.00193383,0.00310445,0.00210892,0.0421047,0,0.0422095,0.00536708,0.011126,0.0100721,
2.485,0.00218024,1.3703e-05,0.00767013,0.00119097,0.00573317,0.0217031,1.29549e-05,0.0180137,8.87315e-06,5.6932e-06,-5.22639e-06,-5.47633e-06,0.00499364,-2.10595e-06,0.010399,0.0167944,0.00908901,0.00203095,0.00170525,0.00232791,0.00447415,0.00294417,0.00210858,1.63709e-05,0.00159034,0.031795,0.0140084,0.00105038,0.0205324,0.000183721,0.0200611,3.10654e-05,0.000369148,0.000790531,0.000601907,9.23782e-07,-6.26899e-06,0.0252961,4.82506e-07,0.0303598,0.0077797,0.00245945,0.00745967,0.000940302,0.0111814,0.0369304,0.000617293,1.46243e-06,3.37864e-06,3.41918e-06,0.000125167,0.00154235,-2.79384e-06,-3.4657e-06,0.0232765,0.025031,0.0194634,-6.88977e-05,0.000197412,0.00113256,0.000307468,1.39539e-05,0.000657581,0.00155796,0.00420193,0.0363212,0.0469765,0.000513142,0.0319802,-0.000192245,0.02199,0.00066559,0.00099484,0.00778964,-0.00028727,6.19635e-06,0.000945005,0.00446505,6.75591e-07,0.00451229,0,0.00407486,0.00198875,0.00301124,0.0384655,0,0.0364441,0,0,0.00155587,0.0267384,0.00196436,0.00318856,0.00213221,0.0426639,0,0.0427413,0.00546382,0.0115657,0.00996793,
2.49,0.00186123,1.40714e-05,0.00788413,0.00122247,0.00573288,0.0214771,1.44155e-05,0.0187304,9.49705e-06,6.16113e-06,-5.79915e-06,-5.92644e-06,0.00491991,-1.97433e-06,0.0105218,0.0169438,0.00927265,0.0020905,0.00175758,0.0023815,0.00460787,0.00303338,0.00217045,1.85349e-05,0.00136182,0.0318628,0.0141112,0.00111695,0.0206074,0.000172095,0.020065,3.82952e-05,0.000401016,0.000786575,0.000682719,9.23782e-07,-6.93388e-06,0.0256272,4.82506e-07,0.0306812,0.00743271,0.00236742,0.00769385,0.000983474,0.0112914,0.0371958,0.000680995,1.29038e-06,3.44903e-06,3.41918e-06,0.000130133,0.0015637,-2.79384e-06,-3.4657e-06,0.0232575,0.0250075,0.0195904,-7.6234e-05,0.000166332,0.00113354,0.00023206,6.81909e-06,0.000631513,0.00158758,0.00396829,0.0366376,0.0470457,0.000526961,0.0322917,-0.000204009,0.022484,0.000730662,0.00105893,0.00793891,-0.000313264,6.4064e-06,0.000954662,0.00456281,6.75591e-07,0.00479007,0,0.00421915,0.00204738,0.00311098,0.0387417,0,0.036414,0,0,0.0011581,0.0275909,0.00199372,0.00327251,0.00215589,0.0431612,0,0.0432159,0.00556091,0.0119798,0.00984356,
2.495,0.00172747,1.2819e-05,0.00806817,0.00125208,0.00575851,0.0214702,1.69556e-05,0.0193913,1.01903e-05,6.55108e-06,-6.22872e-06,-6.45157e-06,0.00487223,-1.8427e-06,0.0106652,0.0171027,0.00945759,0.0021427,0.00180547,0.00243568,0.0047241,0.00311303,0.00222841,2.14515e-05,0.00117322,0.0319868,0.0142191,0.00117622,0.0208944,0.00016106,0.0201129,4.92528e-05,0.00044111,0.000783185,0.000754496,8.21139e-07,-7.31382e-06,0.0259788,2.89503e-07,0.0309951,0.00716554,0.0022997,0.00793374,0.00102199,0.0114166,0.0376492,0.000740056,1.29038e-06,3.51942e-06,3.58199e-06,0.000136413,0.00158635,-2.89362e-06,-3.56472e-06,0.023151,0.0248991,0.0196503,-7.82754e-05,0.000141668,0.00114207,0.000186375,9.47095e-06,0.000614986,0.00161702,0.0038971,0.0369761,0.0471171,0.000542008,0.0327475,-0.000215458,0.0229072,0.000791937,0.00111444,0.00810155,-0.000337814,6.61644e-06,0.000965093,0.00467852,6.75591e-07,0.00509738,0,0.00436334,0.00210811,0.0032135,0.0390883,0,0.0364037,0,0,0.00100982,0.0284034,0.00202084,0.00336629,0.0021831,0.043642,0,0.0436708,0.00566112,0.01237,0.00972593,
2.5,0.00173535,1.00931e-05,0.00818087,0.00127819,0.00578106,0.02147,2.07024e-05,0.0200136,1.08142e-05,7.01901e-06,-6.58669e-06,-6.82666e-06,0.00481289,-1.71108e-06,0.0108296,0.0172723,0.00964463,0.00219044,0.00185096,0.00248966,0.00483422,0.00318933,0.00228554,2.52149e-05,0.00102902,0.0320985,0.0143036,0.00123034,0.0212354,0.00015055,0.0202061,6.45031e-05,0.000490765,0.000777911,0.000814811,8.21139e-07,-7.88373e-06,0.0263238,1.93002e-07,0.0313029,0.00703646,0.00225896,0.0081732,0.00105692,0.0115528,0.0380001,0.000794011,9.4628e-07,3.51942e-06,3.6634e-06,0.000143423,0.00160777,-2.89362e-06,-3.56472e-06,0.0229567,0.0247065,0.0196356,-7.47667e-05,0.000126027,0.00116018,0.000176687,2.08361e-05,0.000611068,0.00164601,0.00393509,0.0373011,0.0471805,0.000559282,0.0331198,-0.000227159,0.0232613,0.00084931,0.00116228,0.00825765,-0.000360506,6.72147e-06,0.00097533,0.00479175,5.91142e-07,0.00544013,0,0.00445545,0.00216411,0.00331367,0.039266,0,0.0363375,0,0,0.00104356,0.0291166,0.00204688,0.00345711,0.00221246,0.0439594,0,0.0440016,0.00577728,0.0127269,0.00962177,
2.505,0.00166154,5.15705e-06,0.00820273,0.00129909,0.00574502,0.0212942,2.56557e-05,0.02062,1.12994e-05,7.25298e-06,-6.80147e-06,-7.12673e-06,0.00471814,-1.44784e-06,0.0110132,0.0174479,0.00982775,0.00223451,0.00189509,0.00254325,0.00493647,0.00326353,0.0023435,2.95429e-05,0.000875444,0.0321502,0.0143493,0.00128128,0.0214345,0.000140435,0.0203447,8.52887e-05,0.000550869,0.000769529,0.000862344,8.21139e-07,-8.16868e-06,0.0266113,9.65011e-08,0.0316073,0.00696122,0.00221641,0.00840608,0.00108886,0.0116945,0.0380023,0.000842744,6.88204e-07,3.58981e-06,3.58199e-06,0.000150507,0.00162415,-2.89362e-06,-3.4657e-06,0.0226811,0.0244356,0.019541,-6.48149e-05,0.000122217,0.00118969,0.000208942,4.19248e-05,0.000623335,0.00167419,0.00392767,0.0375682,0.0472273,0.00058001,0.033199,-0.000238922,0.0235674,0.000902148,0.00120349,0.00837544,-0.00038093,7.03654e-06,0.000983925,0.00487253,4.22244e-07,0.00582204,0,0.00448866,0.00221338,0.00340668,0.0391717,0,0.0361705,0,0,0.000871741,0.0296804,0.00207333,0.00353926,0.00224124,0.0440179,0,0.044096,0.00590523,0.0130361,0.00951333,
2.51,0.00160072,-1.91548e-06,0.0081395,0.00131593,0.00566272,0.0210538,3.18791e-05,0.021232,1.1646e-05,7.48695e-06,-7.15944e-06,-7.27677e-06,0.00459681,-1.11879e-06,0.0112097,0.0176293,0.0100132,0.00227596,0.00193944,0.00259961,0.0050329,0.00333732,0.00240361,3.46235e-05,0.000724102,0.0321801,0.0143556,0.00133101,0.0215212,0.000130582,0.0205253,0.000112287,0.000621571,0.00075738,0.000896505,7.18497e-07,-8.45364e-06,0.0268196,-1.93002e-07,0.0319127,0.0069191,0.00216988,0.00862796,0.00111834,0.0118343,0.0377922,0.000886257,2.58076e-07,3.51942e-06,3.6634e-06,0.000157298,0.00163417,-2.79384e-06,-3.36668e-06,0.0223389,0.0241015,0.0193682,-4.79732e-05,0.000133045,0.0012319,0.000290846,7.40629e-05,0.0006546,0.00170131,0.00391832,0.0377721,0.0472597,0.000605421,0.0330423,-0.000251252,0.0238446,0.000950557,0.0012395,0.00844435,-0.000398465,6.93151e-06,0.000990299,0.004916,4.22244e-07,0.00624391,0,0.00449055,0.00225783,0.00349745,0.0388848,0,0.0359152,0,0,0.00091803,0.0300808,0.00210294,0.00361757,0.00226923,0.043846,0,0.0439596,0.00604358,0.0133021,0.00938774,
2.515,0.00167482,-1.13455e-05,0.00803195,0.00133163,0.0055569,0.0210644,3.96902e-05,0.021866,1.19926e-05,7.64293e-06,-7.23104e-06,-7.50182e-06,0.00449297,-7.89731e-07,0.0114185,0.0178156,0.0101989,0.00231521,0.00198471,0.00265992,0.00512291,0.00341093,0.00246678,4.07391e-05,0.000993489,0.0322078,0.0143305,0.00138101,0.0217181,0.000120663,0.0207434,0.000146516,0.000702574,0.000744007,0.000917149,9.23782e-07,-8.6436e-06,0.0269724,-3.86004e-07,0.0322238,0.00693795,0.00212438,0.00883842,0.00114563,0.0119705,0.0376699,0.000924895,-4.30127e-07,3.44903e-06,3.58199e-06,0.000163871,0.00163999,-2.59428e-06,-3.06962e-06,0.0219513,0.023727,0.0191214,-2.50711e-05,0.000161419,0.00128812,0.000428122,0.000119839,0.000707843,0.00172815,0.00399065,0.0379433,0.0472852,0.000636898,0.0328787,-0.000264085,0.0241122,0.000994958,0.00127142,0.00848352,-0.000413009,6.93151e-06,0.000994742,0.00494412,1.68898e-07,0.00670313,0,0.0045081,0.00230465,0.0035941,0.0386043,0,0.0356254,0,0,0.00138249,0.0303365,0.0021412,0.00369784,0.0023072,0.0435856,0,0.0436889,0.00619823,0.0135411,0.00926275,
2.52,0.00179661,-2.3133e-05,0.00791936,0.00135064,0.00544453,0.0212137,4.92158e-05,0.0225281,1.19926e-05,7.7989e-06,-7.30263e-06,-7.57684e-06,0.00439257,-3.94865e-07,0.0116413,0.0180064,0.0103801,0.00235496,0.00203328,0.00272705,0.00521613,0.00349016,0.00253591,4.74191e-05,0.00139073,0.0322292,0.0142744,0.00143332,0.0220335,0.000109957,0.020988,0.000189217,0.000792842,0.000729692,0.00092523,1.02642e-06,-8.6436e-06,0.0270934,-7.72009e-07,0.0325449,0.00701064,0.00207932,0.00904036,0.00117248,0.0121018,0.0376556,0.000959589,-1.20436e-06,3.37864e-06,3.58199e-06,0.000170735,0.00164343,-2.39472e-06,-2.87158e-06,0.0215445,0.0233365,0.0188135,3.06212e-06,0.000209644,0.00135959,0.000623193,0.000185757,0.000785366,0.00175589,0.00411294,0.038099,0.0473077,0.000675283,0.0327775,-0.000277988,0.024377,0.00103588,0.00130093,0.00850912,-0.000424665,6.93151e-06,0.000997735,0.00497018,0,0.00719314,0,0.0045635,0.00236074,0.00370409,0.0383684,0,0.0353186,0,0,0.00137307,0.0305041,0.00219003,0.00378245,0.00236318,0.0433067,0,0.0433479,0.00638408,0.013775,0.00914757,
2.525,0.00191243,-3.77201e-05,0.00782127,0.00137552,0.00532984,0.0213767,7.41095e-05,0.0232103,1.19926e-05,7.72092e-06,-7.23104e-06,-7.50182e-06,0.00427725,6.58109e-08,0.0118738,0.0181965,0.0105532,0.00239598,0.0020863,0.0028013,0.00531023,0.00357485,0.00261165,5.4946e-05,0.00167044,0.0322268,0.0141762,0.00148941,0.0224005,9.74765e-05,0.0212457,0.000241406,0.000891039,0.000713211,0.00092119,1.12907e-06,-8.6436e-06,0.0271938,-9.65011e-07,0.0328796,0.00713633,0.00202967,0.00923443,0.00119933,0.0122297,0.0377019,0.000991382,-2.06461e-06,3.16748e-06,3.33777e-06,0.000177746,0.00164542,-2.19516e-06,-2.4755e-06,0.0211468,0.0229565,0.0184582,3.69368e-05,0.000280227,0.00144647,0.000874298,0.000282992,0.00088785,0.00178488,0.0042503,0.038243,0.0473285,0.000722114,0.0327384,-0.000293652,0.0246331,0.00107406,0.00132921,0.00852827,-0.000433536,6.93151e-06,0.00099986,0.00499722,-1.68898e-07,0.00770556,0,0.00466102,0.0024311,0.00382882,0.0381563,0,0.0349913,0,0,0.00176339,0.0306176,0.00224676,0.00386689,0.00243737,0.0430199,0,0.0429597,0.00660322,0.0140056,0.00904954,
2.53,0.00200549,-5.54751e-05,0.0077406,0.00140683,0.00521034,0.0214708,0.000111196,0.0238873,1.1854e-05,7.72092e-06,-7.08785e-06,-7.35179e-06,0.00413703,5.92298e-07,0.0121128,0.0183884,0.0107151,0.00243991,0.00214513,0.00288406,0.00540986,0.00366791,0.00269613,6.36018e-05,0.0019295,0.0321858,0.0140224,0.00155032,0.0227551,8.13837e-05,0.0215009,0.000303763,0.000995314,0.000693998,0.000905982,1.23171e-06,-8.45364e-06,0.0272777,-1.35102e-06,0.0332308,0.00729802,0.00197181,0.00941912,0.00122741,0.0123564,0.0377791,0.00102109,-3.18294e-06,3.09709e-06,3.33777e-06,0.000185048,0.00164672,-1.79604e-06,-1.9804e-06,0.0207814,0.022613,0.0180756,7.75099e-05,0.000374372,0.00154876,0.00117934,0.000425246,0.00101521,0.00181557,0.00437454,0.0383749,0.0473479,0.00077785,0.0327647,-0.000311329,0.0248613,0.00111055,0.00135742,0.00854213,-0.000440138,6.61644e-06,0.0010016,0.00502522,-5.06693e-07,0.00823065,0,0.00479535,0.00251837,0.00396711,0.0379434,0,0.0346404,0,0,0.00178379,0.0307046,0.00230857,0.00394471,0.00252888,0.0427267,0,0.0425316,0.0068716,0.0142287,0.00897235,
2.535,0.00206077,-7.67664e-05,0.00767111,0.00144428,0.00508496,0.0214288,0.000161491,0.024523,1.1438e-05,7.56494e-06,-6.80147e-06,-7.05171e-06,0.00396731,1.05297e-06,0.0123616,0.0185794,0.0108619,0.002488,0.00221069,0.00297828,0.00551852,0.00377179,0.00279029,7.31986e-05,0.00212498,0.0321033,0.0138072,0.00161714,0.0230438,5.89851e-05,0.0217342,0.000376965,0.00110448,0.000671866,0.000880343,1.53964e-06,-8.16868e-06,0.0273467,-1.83352e-06,0.0335978,0.00747873,0.00190556,0.00959184,0.00125768,0.0124855,0.0378623,0.00104975,-4.47333e-06,2.81554e-06,3.09354e-06,0.00019257,0.00164733,-1.4967e-06,-1.4853e-06,0.0204763,0.0223305,0.0176837,0.00012829,0.000490573,0.00166671,0.00152975,0.000620853,0.0011654,0.00184841,0.00446523,0.0384952,0.047366,0.000843106,0.0328536,-0.000331522,0.0250323,0.00114588,0.00138686,0.00855012,-0.000444986,6.61644e-06,0.00100324,0.00505464,-7.6004e-07,0.00875745,0,0.00495368,0.00262382,0.00411907,0.0377212,0,0.0342541,0,0,0.00190422,0.0307834,0.00237378,0.00401401,0.00263399,0.0424228,0,0.0420673,0.0072024,0.0144413,0.00891598,
2.54,0.00206179,-0.000102404,0.00760641,0.00148628,0.00495861,0.0212074,0.000226393,0.0250765,1.10221e-05,7.25298e-06,-6.4435e-06,-6.75164e-06,0.00377022,1.57946e-06,0.0126111,0.018767,0.0109914,0.00254176,0.00228446,0.00308684,0.00563854,0.00388859,0.00289579,8.39243e-05,0.00223253,0.0319844,0.013536,0.00169076,0.0232219,2.65367e-05,0.0219275,0.000461124,0.00121735,0.000646909,0.000844712,1.84756e-06,-7.69376e-06,0.0274038,-2.02652e-06,0.0339772,0.00766251,0.00183187,0.00975054,0.00129112,0.0126188,0.0379293,0.00107817,-5.67768e-06,2.60437e-06,3.01213e-06,0.000200311,0.00164764,-1.09758e-06,-8.91181e-07,0.0202575,0.0221316,0.0173112,0.000196039,0.000626225,0.0017994,0.00188697,0.000868108,0.00133322,0.00188304,0.00450528,0.0386067,0.0473826,0.000918189,0.0329933,-0.000355112,0.0251193,0.00118131,0.00141832,0.00855195,-0.000448596,6.30138e-06,0.00100537,0.00508632,-1.18228e-06,0.00927372,0,0.00512623,0.00274781,0.0042847,0.0374796,0,0.0338231,0,0,0.00183243,0.0308733,0.00244191,0.00407489,0.00274977,0.0421154,0,0.0415761,0.00760185,0.014639,0.00887555,
2.545,0.00201935,-0.000133862,0.00755349,0.00153291,0.00484325,0.0208453,0.000306408,0.0255072,1.03982e-05,7.01901e-06,-5.94234e-06,-6.30153e-06,0.00355503,2.10595e-06,0.012865,0.0189514,0.0111041,0.00260216,0.00236712,0.00321171,0.00577546,0.00401989,0.00301349,9.61555e-05,0.00225051,0.0318398,0.0132202,0.00177168,0.0232935,-2.00996e-05,0.0220607,0.000555901,0.00133319,0.000620068,0.000799604,2.25813e-06,-7.21883e-06,0.027459,-2.60553e-06,0.0343628,0.0078371,0.0017542,0.00989448,0.00132832,0.0127578,0.0380042,0.00110741,-6.96806e-06,2.39321e-06,2.68649e-06,0.000208563,0.00164748,-5.9868e-07,-3.96081e-07,0.0201522,0.0220392,0.0169848,0.000289944,0.000776916,0.00194595,0.00223638,0.00119599,0.00151187,0.00191964,0.00450037,0.038718,0.0473979,0.00100279,0.0331854,-0.00038254,0.0251082,0.00121738,0.00145284,0.00855118,-0.000451587,5.98631e-06,0.00100884,0.00512331,-1.52008e-06,0.00976724,0,0.00532232,0.00289045,0.0044656,0.0372523,0,0.0333545,0,0,0.00172534,0.0309962,0.00251403,0.00413029,0.00287152,0.04183,0,0.0410754,0.00808521,0.0148264,0.00884859,
2.55,0.00190543,-0.000173424,0.00750242,0.00158276,0.00474139,0.02027,0.000401664,0.0257792,9.63569e-06,6.62907e-06,-5.44118e-06,-5.70139e-06,0.00332606,2.50081e-06,0.0131223,0.0191329,0.0112056,0.00267049,0.00245936,0.00335646,0.00593189,0.00416838,0.00314458,0.000125792,0.0021569,0.0316695,0.0128779,0.00186015,0.0232023,-8.55219e-05,0.0221173,0.000660055,0.00145236,0.000591815,0.000745239,2.56606e-06,-6.55394e-06,0.02751,-2.79853e-06,0.034746,0.00798555,0.00167567,0.0100229,0.00137026,0.0129038,0.0380072,0.00113805,-8.60255e-06,2.11165e-06,2.52368e-06,0.000216961,0.00164657,-1.9956e-07,2.9706e-07,0.0201819,0.0220679,0.0167371,0.000418872,0.000939739,0.00210512,0.00257886,0.00154616,0.00169775,0.00195883,0.00442747,0.038823,0.0474107,0.0010963,0.0333614,-0.000414749,0.024991,0.00125514,0.00149125,0.00854377,-0.000454991,5.77626e-06,0.00101357,0.0051604,-1.85788e-06,0.0102267,0,0.00551347,0.00304917,0.004659,0.0369747,0,0.0328248,0,0,0.00146408,0.0311585,0.00259106,0.00417995,0.00299513,0.0415347,0,0.0405472,0.00866704,0.0150036,0.00882286,
2.555,0.00171172,-0.000222932,0.00744963,0.0016346,0.00465677,0.0194419,0.000511336,0.0258609,8.80383e-06,6.16113e-06,-4.72523e-06,-4.35106e-06,0.00309012,2.89568e-06,0.0133784,0.0193109,0.0113005,0.00274737,0.00256141,0.00352187,0.00611134,0.00433548,0.00328982,0.000165402,0.00192013,0.0314672,0.0125221,0.00195662,0.0228892,-0.000174065,0.022088,0.000771665,0.00157501,0.000562997,0.000681323,3.07927e-06,-5.69908e-06,0.0275476,-3.18454e-06,0.035119,0.0080861,0.00160051,0.0101335,0.00141712,0.0130579,0.0379052,0.001171,-9.97896e-06,1.90049e-06,2.36086e-06,0.000225432,0.00164397,2.9934e-07,8.91181e-07,0.0203648,0.0222336,0.0165976,0.000604322,0.00111349,0.00227643,0.00293245,0.00187152,0.00188943,0.00199991,0.00427038,0.0389113,0.0474201,0.00119756,0.0334833,-0.000451801,0.0247734,0.00129511,0.00153415,0.0085225,-0.00045922,5.46119e-06,0.00101985,0.00518992,-2.19567e-06,0.0106436,0,0.00569608,0.00322407,0.00486126,0.0366245,0,0.0322186,0,0,0.0011228,0.0313595,0.00267249,0.00422005,0.00311581,0.0412108,0,0.0399769,0.00935845,0.0151701,0.00878549,
2.56,0.00143181,-0.000286069,0.00741193,0.00168804,0.00461812,0.018399,0.000632947,0.0257271,7.76401e-06,5.6932e-06,-4.00929e-06,-2.32556e-06,0.00288667,3.22473e-06,0.0136375,0.01949,0.011392,0.00283359,0.00267406,0.00371309,0.00631672,0.00452295,0.00345069,0.000214891,0.00151282,0.0312667,0.0121983,0.00206064,0.0223511,-0.000289342,0.0219607,0.000888245,0.00170137,0.000536156,0.00060749,3.59248e-06,-4.9392e-06,0.0275808,-3.57054e-06,0.0354742,0.0081289,0.00153971,0.0102271,0.00146959,0.0132209,0.0377474,0.00120674,-1.15274e-05,1.75971e-06,2.11663e-06,0.00023383,0.00163968,6.9846e-07,1.4853e-06,0.0207078,0.0225398,0.0165903,0.000821477,0.00129476,0.00246109,0.00329904,0.00216506,0.00208554,0.0020433,0.00403195,0.0389921,0.0474269,0.00130458,0.0335657,-0.00049483,0.024463,0.00133761,0.00158206,0.00849141,-0.000465306,5.35617e-06,0.00102806,0.00521469,-2.61792e-06,0.0110134,0,0.0058712,0.00341561,0.00507441,0.0362635,0,0.0315478,0,0,0.000733659,0.0316165,0.0027605,0.00425605,0.00322992,0.0409048,0,0.0393943,0.0101837,0.015335,0.00872728,
2.565,0.00113599,-0.000364898,0.00741071,0.0017429,0.00465108,0.0174018,0.000762877,0.0253633,6.72419e-06,5.14728e-06,-3.22175e-06,7.50182e-07,0.00279263,3.29054e-06,0.0139019,0.0196715,0.0114803,0.00292908,0.00279697,0.00393238,0.00655181,0.00473256,0.00362756,0.000274448,0.000982562,0.031113,0.0119703,0.0021724,0.0217263,-0.000336439,0.0217318,0.00100686,0.00183092,0.000515719,0.000523004,4.1057e-06,-3.98936e-06,0.027652,-3.66704e-06,0.0358042,0.00811905,0.00151333,0.0103092,0.00152777,0.0133915,0.0377026,0.00124584,-1.28178e-05,1.61893e-06,2.03522e-06,0.000242739,0.00163562,1.09758e-06,1.9804e-06,0.0212093,0.02298,0.016736,0.00106026,0.00147222,0.00265977,0.00367861,0.00243593,0.00228573,0.00209001,0.00377115,0.0390992,0.0474326,0.00141644,0.0337102,-0.000543709,0.0240805,0.00138349,0.00163543,0.00847351,-0.00047397,5.14612e-06,0.00103907,0.0052534,-2.87126e-06,0.0113342,0,0.00603977,0.00362351,0.00530305,0.0360269,0,0.0308482,0,0,0.000672464,0.0319716,0.00286298,0.00429926,0.00334159,0.0407215,0,0.0388813,0.0111601,0.0155246,0.00864947,
2.57,0.00103856,-0.000459935,0.00749346,0.00180249,0.00476673,0.0169736,0.000896553,0.0247749,5.61504e-06,4.52336e-06,-2.21943e-06,5.32629e-06,0.00285277,3.29054e-06,0.0141664,0.0198566,0.0115709,0.00303454,0.00293048,0.00417462,0.00682011,0.00496456,0.0038208,0.000343601,0.000529826,0.0310198,0.011853,0.00229232,0.0212959,-0.000396869,0.0213989,0.00112491,0.00196328,0.000506207,0.00042669,4.92684e-06,-2.94452e-06,0.0278268,-3.76354e-06,0.0361028,0.00810444,0.00153356,0.0103916,0.00159227,0.0135725,0.03804,0.00128831,-1.40222e-05,1.47816e-06,1.95381e-06,0.000253109,0.00163517,1.39692e-06,2.37648e-06,0.0218516,0.0235413,0.0170376,0.00131314,0.00164306,0.00287164,0.00407679,0.0027049,0.0024936,0.00214209,0.00359877,0.0392784,0.0474393,0.00153221,0.0340794,-0.000599005,0.0236457,0.00143253,0.00169458,0.00850575,-0.000485729,5.14612e-06,0.00105443,0.005333,-3.20906e-06,0.0116066,0,0.00625957,0.00385068,0.00555816,0.0360506,0,0.0301743,0,0,-9.52256e-05,0.0324772,0.00299117,0.00436046,0.00346697,0.0407714,0,0.0385287,0.0122461,0.0157765,0.00858269,
2.575,0.000990274,-0.000569633,0.00766694,0.00186861,0.00495379,0.0169453,0.00102991,0.023995,4.36725e-06,3.97744e-06,-1.36029e-06,1.18529e-05,0.0030216,3.0273e-06,0.0144373,0.0200462,0.0116622,0.00314997,0.0030746,0.00443771,0.00712424,0.00521919,0.00402977,0.000421315,0.000202277,0.0309733,0.011841,0.00242039,0.021062,-0.000469516,0.0209645,0.00124013,0.00209779,0.00050988,0.000316712,5.64533e-06,-1.89969e-06,0.0281286,-3.86004e-06,0.036365,0.00810631,0.00159938,0.0104858,0.00166299,0.0137722,0.0386368,0.00133472,-1.50545e-05,1.61893e-06,2.11663e-06,0.000265377,0.00164006,1.4967e-06,2.57452e-06,0.0226117,0.0241982,0.017494,0.0015502,0.0018092,0.00309515,0.00449115,0.00297956,0.00271066,0.00220151,0.00349336,0.0395307,0.047444,0.00165136,0.0346031,-0.000660402,0.0231825,0.00148526,0.00175945,0.00859833,-0.000501511,5.46119e-06,0.0010749,0.00545552,-3.4624e-06,0.0118331,0,0.00650963,0.00409622,0.00584297,0.036221,0,0.0295012,0,0,0.00381148,0.0331574,0.00314805,0.00444147,0.00361602,0.0410039,0,0.0383117,0.0133793,0.016124,0.00854838,
2.58,0.00104264,-0.000690087,0.00792022,0.00194173,0.0051822,0.0172343,0.0011594,0.0230841,3.05015e-06,3.35353e-06,-3.57972e-07,2.078e-05,0.00325736,2.76406e-06,0.0147121,0.0202434,0.0117647,0.00327452,0.00322681,0.00471445,0.00745984,0.00549286,0.00425139,0.000505616,0.000172938,0.0309378,0.0118926,0.00255551,0.0209825,-0.000552674,0.0204477,0.00135072,0.00223334,0.000526455,0.000191085,6.46647e-06,-7.59877e-07,0.0285446,-3.95655e-06,0.0365871,0.00813773,0.00169608,0.0105967,0.00173933,0.013992,0.0394019,0.00138438,-1.61728e-05,1.75971e-06,2.19804e-06,0.000280055,0.00165039,1.69626e-06,2.77256e-06,0.023456,0.0249219,0.0180836,0.00176091,0.00197122,0.00332669,0.00491939,0.003257,0.00293531,0.00226898,0.00344453,0.0398358,0.0474436,0.00177327,0.035204,-0.000727965,0.0227295,0.00154116,0.00182978,0.00874221,-0.000521316,5.77626e-06,0.0011002,0.00560854,-3.6313e-06,0.0120172,0,0.00679488,0.00435867,0.00615298,0.0364239,0,0.0288009,0,0,-0.00134973,0.0339935,0.00333038,0.00453581,0.00379385,0.0413185,0,0.0381586,0.0144445,0.0165847,0.00856431,
2.585,0.000967519,-0.000818645,0.00821844,0.00202336,0.00541629,0.0175225,0.0012831,0.0221271,1.80236e-06,2.80761e-06,7.87539e-07,3.18077e-05,0.00349198,1.44784e-06,0.0150022,0.0204566,0.0118855,0.00341358,0.00339374,0.00501146,0.00784962,0.00580023,0.0044933,0.000594527,0.000327463,0.0308845,0.0119609,0.00270017,0.0208887,-0.000645224,0.0198361,0.00145714,0.00237141,0.000551695,4.71652e-05,7.39025e-06,4.74923e-07,0.0290243,-3.28104e-06,0.036769,0.00819106,0.00180099,0.0107283,0.00182295,0.0142399,0.0401165,0.00143857,-1.55706e-05,2.18204e-06,2.7679e-06,0.00029634,0.00166394,1.19736e-06,2.07942e-06,0.0243528,0.0256809,0.0187837,0.00195331,0.00213334,0.00357389,0.00537723,0.00354605,0.00317103,0.00234557,0.00338965,0.0401528,0.0474379,0.00189902,0.0357121,-0.000802133,0.0222745,0.00160096,0.00190628,0.00890735,-0.000546278,6.61644e-06,0.00112879,0.00576307,-3.37796e-06,0.0121657,0,0.00710585,0.00464393,0.00649097,0.0364605,0,0.0279718,0,0,-0.0036222,0.0349612,0.00353734,0.00464456,0.00400506,0.0415532,0,0.0379214,0.0155048,0.0172126,0.00862987,
2.59,0.00102324,-0.000950813,0.00851728,0.00210962,0.00562397,0.0176889,0.00139849,0.0212005,4.85251e-07,2.18369e-06,1.78986e-06,4.45608e-05,0.00369252,3.29054e-07,0.0152982,0.0206809,0.0120251,0.00355992,0.0035667,0.00531034,0.00826853,0.00612152,0.00474525,0.000685696,0.000397499,0.0308029,0.0120126,0.00284972,0.0206773,-0.000744539,0.0191792,0.00155858,0.0025103,0.000580231,-0.000116811,8.51932e-06,1.61474e-06,0.0295078,-2.89503e-06,0.0369096,0.00824405,0.00189708,0.0108703,0.00191096,0.0145073,0.0406432,0.00149589,-1.54846e-05,2.74515e-06,3.33777e-06,0.00031299,0.0016774,6.9846e-07,1.58432e-06,0.0252565,0.0264377,0.0195492,0.00212964,0.00229345,0.00382781,0.00584476,0.00384028,0.00341058,0.00242897,0.00330523,0.0404444,0.0474309,0.00202654,0.0360267,-0.000881522,0.0218459,0.0016635,0.00198728,0.00906028,-0.000575676,7.7717e-06,0.00115796,0.00588917,-3.37796e-06,0.0122873,0,0.00741519,0.00493819,0.00683889,0.0362822,0,0.0270339,0,0,-0.00495595,0.0359372,0.00375412,0.00476026,0.00423408,0.0416231,0,0.0374665,0.0166505,0.0180083,0.00873586,
2.595,0.000886419,-0.00108431,0.00878554,0.00220024,0.00580622,0.0176629,0.00150658,0.0203656,-7.62537e-07,1.63777e-06,2.93537e-06,5.83642e-05,0.00383768,-1.1846e-06,0.0156105,0.0209255,0.0121935,0.00371581,0.00374867,0.00561922,0.00873172,0.00646645,0.00501079,0.000777523,0.000179563,0.0307153,0.0120345,0.00300459,0.0202742,-0.00084911,0.0184886,0.00165629,0.00265081,0.000606601,-0.000301357,9.64839e-06,2.94452e-06,0.0299412,-2.21953e-06,0.0370097,0.00830961,0.00198427,0.0110194,0.00200345,0.0147953,0.0409407,0.001556,-1.47964e-05,3.58981e-06,4.15186e-06,0.000328764,0.00168773,0,4.95101e-07,0.026134,0.0271616,0.0203452,0.00229767,0.00245768,0.00409157,0.00633387,0.00414329,0.00365831,0.00251773,0.00319776,0.0406834,0.0474268,0.00215606,0.0360892,-0.000966195,0.0213972,0.00172889,0.00207262,0.00917239,-0.000609921,9.24202e-06,0.0011849,0.00596606,-3.04016e-06,0.0123951,0,0.00771696,0.00524382,0.00720154,0.0358356,0,0.02594,0,0,-0.00556477,0.0368573,0.00397596,0.00489052,0.00447523,0.0414748,0,0.0367895,0.0182337,0.019015,0.00886329,
2.6,0.0010034,-0.00121338,0.00902704,0.00229445,0.00596571,0.0175237,0.0016085,0.019653,-2.07965e-06,1.09185e-06,4.00929e-06,7.26927e-05,0.00394303,-3.22473e-06,0.0159485,0.0211902,0.0123925,0.00387976,0.00393737,0.00593867,0.00924064,0.00683327,0.00528759,0.000869539,-6.49592e-05,0.0306363,0.0120447,0.00316351,0.0196971,-0.000957753,0.0177892,0.00175085,0.00279325,0.00062911,-0.000315022,1.09827e-05,4.08434e-06,0.0302989,-1.44752e-06,0.0370717,0.00837143,0.00206107,0.0111712,0.00209936,0.0150984,0.0410785,0.00161877,-1.342e-05,4.71602e-06,5.29158e-06,0.000342931,0.0016937,-1.29714e-06,-1.08922e-06,0.0269552,0.0278253,0.0211362,0.00246526,0.00262611,0.0043627,0.00684225,0.00445299,0.00391388,0.00261115,0.00305835,0.0408634,0.0474269,0.0022881,0.0359381,-0.00105571,0.0208965,0.0017966,0.00216167,0.0092336,-0.000648499,1.15525e-05,0.00120798,0.00599352,-2.61792e-06,0.0125023,0,0.00801227,0.00555935,0.00758385,0.0352178,0,0.0247211,0,0,-0.0060559,0.0377004,0.00420297,0.00504288,0.00472421,0.0411566,0,0.0359507,0.0205146,0.0202277,0.00899624,
2.605,0.00088744,-0.00132595,0.00924386,0.00239093,0.00610902,0.0176324,0.0017056,0.0190709,-3.18879e-06,7.01901e-07,5.0832e-06,8.73212e-05,0.0040595,-5.52811e-06,0.0163115,0.0214781,0.012621,0.00404966,0.00413097,0.00626672,0.00979647,0.00722096,0.00557387,0.000961649,-9.84283e-05,0.0305764,0.0120565,0.00332551,0.0191471,-0.00106929,0.0170932,0.0018428,0.00293814,0.00064964,-0.00035058,1.23171e-05,5.41413e-06,0.0305849,-2.89503e-07,0.037096,0.00845432,0.00213986,0.0113242,0.00219807,0.015409,0.0412517,0.0016834,-1.11833e-05,6.26457e-06,6.91976e-06,0.000355637,0.0016963,-2.79384e-06,-3.06962e-06,0.0276933,0.0284085,0.0218959,0.002634,0.00279846,0.00464121,0.00737451,0.00477128,0.00417542,0.00270779,0.00298238,0.0409942,0.0474288,0.00242307,0.0357045,-0.00114768,0.0203103,0.0018661,0.00225404,0.00925429,-0.000690893,1.43881e-05,0.00122653,0.00598855,-1.94232e-06,0.0126198,0,0.0082997,0.00588398,0.0079873,0.0345526,0,0.0234322,0,0,-0.00640189,0.0384818,0.00444112,0.00521701,0.0049866,0.040745,0,0.0350343,0.0231381,0.0215344,0.00914512,
2.61,0.00130345,-0.0014204,0.00944754,0.00248902,0.00624982,0.0178484,0.00179857,0.0186075,-4.29793e-06,3.89945e-07,6.15712e-06,0.000102175,0.0041878,-8.35798e-06,0.0167029,0.0217895,0.0128808,0.00422287,0.00432686,0.00660417,0.0103995,0.00762785,0.00586779,0.00105432,0.00021329,0.0305465,0.0120912,0.00348975,0.0186501,-0.00118062,0.0163968,0.00193238,0.00308577,0.000669512,-0.000402814,1.39594e-05,6.55394e-06,0.0308133,9.65011e-07,0.0370841,0.00856556,0.00222488,0.0114787,0.00229969,0.0157301,0.041461,0.00174931,-8.4305e-06,8.16506e-06,8.71076e-06,0.000366956,0.00169669,-4.989e-06,-5.64415e-06,0.0283319,0.0288982,0.0226015,0.00280356,0.00297302,0.00492677,0.00793077,0.00509714,0.00444206,0.00280747,0.00293971,0.0410879,0.0474312,0.00256095,0.0354326,-0.00123531,0.0196132,0.00193655,0.00234875,0.00924736,-0.000736485,1.79589e-05,0.00124072,0.00596724,-1.01339e-06,0.0127535,0,0.00857632,0.00621624,0.00841787,0.0338939,0,0.0221191,0,0,-0.00668668,0.0392478,0.00469508,0.0054165,0.00526485,0.0402913,0,0.0341092,0.0253288,0.0228488,0.00930686,
2.615,0.00080138,-0.00149871,0.00963809,0.00258721,0.00638976,0.0182081,0.00188817,0.0182364,-5.33776e-06,7.7989e-08,7.23104e-06,0.000117479,0.00434224,-1.16485e-05,0.0171319,0.022124,0.0131736,0.00439829,0.00452411,0.00694952,0.0110413,0.00805328,0.00616701,0.00114784,0.00104658,0.0305353,0.012155,0.00365511,0.0182489,-0.00128257,0.0156959,0.0020197,0.00323696,0.000690137,-0.000468419,1.5499e-05,7.59877e-06,0.031,2.60553e-06,0.0370368,0.00870178,0.00231968,0.011636,0.0024034,0.016055,0.0417205,0.00181579,-4.81743e-06,1.04879e-05,1.1153e-05,0.00037718,0.00169569,-7.38372e-06,-9.01083e-06,0.028867,0.0292918,0.023236,0.00297287,0.00314877,0.00521675,0.00851488,0.00542963,0.00471399,0.00290957,0.0029364,0.041154,0.0474328,0.0027009,0.0351556,-0.00131609,0.0187945,0.00200742,0.00244501,0.00922456,-0.000784037,2.22649e-05,0.00125135,0.00594043,0,0.0129025,0,0.0088354,0.00655459,0.00887183,0.033266,0,0.0208538,0,0,-0.00689106,0.0400028,0.004966,0.0056371,0.00556159,0.0398198,0,0.0332248,0.0271596,0.0241206,0.0094925,
2.62,0.00222385,-0.00156421,0.00981796,0.00268463,0.00654029,0.018579,0.0019746,0.0179203,-6.10029e-06,0,8.16177e-06,0.000133082,0.00451266,-1.52023e-05,0.017599,0.0224849,0.0135041,0.00457341,0.0047209,0.0073013,0.0116845,0.0084953,0.00646836,0.00123995,-0.000100407,0.0305438,0.0122505,0.00382021,0.0178878,-0.00137341,0.0149755,0.00210488,0.00339207,0.00071208,-0.000544089,1.72439e-05,8.73859e-06,0.0311578,4.14955e-06,0.0369554,0.00885838,0.00242571,0.0117958,0.00250817,0.0163805,0.0419931,0.00188182,-4.30127e-07,1.33034e-05,1.40023e-05,0.000386089,0.00169339,-1.05767e-05,-1.27736e-05,0.0293072,0.0295988,0.0237969,0.00314059,0.00332513,0.00550976,0.00912971,0.00576895,0.0049906,0.00301373,0.0029461,0.0411992,0.0474332,0.00284278,0.0348696,-0.00138994,0.0178888,0.00207787,0.00254173,0.00919222,-0.000832414,2.7621e-05,0.00125859,0.00591328,1.26673e-06,0.0130629,0,0.00907654,0.00689831,0.00934801,0.0326605,0,0.0197099,0,0,-0.00706876,0.0407506,0.00525174,0.00587496,0.00587517,0.0393382,0,0.0323896,0.0289335,0.0253901,0.00969468,
2.625,0.000819321,-0.00161799,0.00999316,0.00278111,0.006713,0.0189574,0.0020576,0.017613,-6.72419e-06,7.7989e-08,9.0209e-06,0.000149061,0.00469633,-1.92826e-05,0.0181048,0.0228742,0.0138826,0.00474571,0.00491473,0.00765654,0.0123076,0.00895158,0.00676972,0.00132999,0.00256206,0.0305715,0.0123739,0.00398316,0.017556,-0.00145446,0.0142244,0.00218757,0.00355163,0.000735154,-0.000627252,1.93994e-05,1.08283e-05,0.0313002,6.07957e-06,0.0368404,0.00905251,0.00254637,0.0119584,0.00261251,0.0167049,0.042292,0.00194656,4.81743e-06,1.66117e-05,1.74215e-05,0.000394049,0.00169041,-1.42685e-05,-1.75266e-05,0.0296728,0.0298413,0.0242805,0.0033069,0.00350309,0.00580508,0.00977966,0.00611382,0.00527002,0.00311905,0.0029761,0.0412331,0.0474317,0.0029855,0.0345957,-0.0014575,0.0169048,0.00214706,0.00263742,0.0091569,-0.000880172,3.39224e-05,0.00126313,0.00589111,2.78681e-06,0.0132283,0,0.00930876,0.0072452,0.00984308,0.0320852,0,0.0187404,0,0,-0.00722567,0.0414961,0.00554936,0.0061251,0.0062,0.0388639,0,0.0315719,0.0308337,0.0266817,0.00992076,
2.63,0.0029256,-0.00166123,0.0101623,0.00287514,0.00690757,0.0193606,0.0021427,0.0173739,-7.20944e-06,2.33967e-07,9.88003e-06,0.000165565,0.00487037,-4.87001e-05,0.0186482,0.0232928,0.0143082,0.00491264,0.00510229,0.0080107,0.0128914,0.00941859,0.00706717,0.00139726,-1.91006e-05,0.0306025,0.0125132,0.00414147,0.0172579,-0.00151693,0.0133264,0.00226292,0.00370363,0.00075917,-0.000710196,2.14523e-05,1.36778e-05,0.0314564,2.33533e-05,0.0367202,0.00928197,0.00268086,0.0121202,0.00271499,0.0170211,0.0426113,0.002012,4.35289e-05,2.04126e-05,2.12477e-05,0.000400768,0.00168658,-2.61424e-05,-3.49541e-05,0.0299971,0.0300515,0.0246972,0.00347238,0.00368165,0.00609949,0.0104615,0.00646228,0.0055503,0.00321211,0.00302972,0.0412591,0.0474283,0.00312798,0.03434,-0.0015128,0.0157306,0.00221139,0.00272413,0.00912149,-0.000923391,4.14841e-05,0.00126525,0.00588549,1.30051e-05,0.0134025,0,0.00953008,0.00759237,0.0103469,0.0315336,0,0.0179613,0,0,-0.00734257,0.0422293,0.00585614,0.0063777,0.00653208,0.0383952,0,0.0307586,0.0330577,0.0279997,0.0101695,
2.635,0.00128054,-0.00169439,0.0103082,0.00296471,0.0070928,0.0202131,0.00221712,0.0169129,-7.4174e-06,6.23912e-07,1.05244e-05,0.000182219,0.00512459,-3.5143e-05,0.0192237,0.0237441,0.0147814,0.00507227,0.00528232,0.00835813,0.0134082,0.00989524,0.00735923,0.00148919,0.00533672,0.0305847,0.0126308,0.00429472,0.0172713,-0.00158767,0.0127085,0.00234075,0.0038732,0.000785916,-0.000800559,2.36078e-05,1.73822e-05,0.0315962,1.38962e-05,0.0365381,0.00957563,0.00283084,0.0122721,0.00281424,0.0173302,0.0430955,0.00207106,3.13133e-05,2.48471e-05,2.5888e-05,0.000406464,0.00168307,-2.64417e-05,-3.40629e-05,0.0303191,0.0302669,0.0250663,0.00363754,0.00386012,0.00639193,0.0111685,0.00681587,0.00583168,0.00332145,0.00321168,0.0412774,0.047423,0.00326986,0.0341937,-0.00157042,0.0145227,0.00227594,0.00281402,0.0090954,-0.000964961,5.00959e-05,0.00126593,0.00587792,9.88052e-06,0.0135583,0,0.00973631,0.00793472,0.0108317,0.0310331,0,0.0172882,0,0,-0.0071684,0.0429001,0.00617806,0.00661049,0.00689596,0.0379315,0,0.0299256,0.0359073,0.0293609,0.010474,
2.64,0.00269222,-0.00171715,0.0104219,0.00304918,0.00730425,0.021231,0.002288,0.0163574,-7.34808e-06,1.16984e-06,1.11687e-05,0.000199173,0.00539709,-3.83677e-05,0.0198246,0.0242249,0.0153044,0.00522258,0.00545221,0.00869479,0.01386,0.0103749,0.00764188,0.00157782,-0.000828897,0.0305674,0.0127101,0.00444066,0.0175168,-0.00165086,0.0121101,0.00241463,0.00404247,0.000813228,-0.000890922,2.60712e-05,2.14665e-05,0.0317412,1.53437e-05,0.0363292,0.0100045,0.00301022,0.0124017,0.00290857,0.0176276,0.0436738,0.0021263,3.79372e-05,3.00559e-05,3.10982e-05,0.000410918,0.00167962,-3.19296e-05,-4.07963e-05,0.0306753,0.03052,0.0254058,0.00380054,0.00403637,0.00668011,0.0118538,0.00717141,0.00611093,0.00342767,0.00352427,0.041287,0.0474168,0.00341035,0.0341173,-0.00162201,0.0130323,0.0023369,0.00289865,0.00907712,-0.00100127,6.02832e-05,0.00126477,0.00587586,1.18228e-05,0.0136984,0,0.00993496,0.00826317,0.0112667,0.0305232,0,0.0166445,0,0,-0.00674474,0.0434692,0.0065073,0.00681693,0.00729155,0.0374507,0,0.0290731,0.0387117,0.0307854,0.0108557,
2.645,0.0022593,-0.00172953,0.0105094,0.00312911,0.00754441,0.0222812,0.00235385,0.0156869,-6.93215e-06,1.94973e-06,1.15267e-05,0.000215977,0.00566677,-4.21848e-05,0.0204318,0.0247295,0.0158685,0.00536347,0.00561127,0.00901631,0.0142693,0.0108459,0.00791198,0.00166419,0.00279385,0.0305453,0.0127401,0.00457802,0.0178963,-0.00170761,0.0116118,0.00248354,0.00421093,0.00083875,-0.000978861,2.85346e-05,2.59308e-05,0.031893,1.68877e-05,0.0360961,0.0105898,0.00321321,0.0125012,0.00299614,0.0179126,0.0443056,0.00217677,4.50774e-05,3.56165e-05,3.68782e-05,0.000413912,0.00167541,-3.78166e-05,-4.81238e-05,0.0310918,0.0308317,0.0257348,0.00395964,0.00420852,0.00696042,0.0124926,0.00752638,0.00638541,0.00353111,0.00391159,0.0412937,0.0474101,0.00354846,0.0341023,-0.00166774,0.0114996,0.00239353,0.00297685,0.00906557,-0.00103098,8.51736e-05,0.00126216,0.00587922,1.38496e-05,0.0138141,0,0.0101482,0.00857634,0.0116501,0.030032,0,0.0160119,0,0,-0.00615161,0.0439372,0.00683745,0.00699875,0.00771103,0.0369656,0,0.0282162,0.0401625,0.0323254,0.011325,
2.65,0.00287236,-0.00173137,0.0105199,0.003201,0.0077466,0.0231236,0.00241246,0.0148902,-6.37758e-06,2.96358e-06,1.17415e-05,0.000232256,0.00589017,-4.08027e-05,0.0210376,0.0252617,0.0164907,0.0054934,0.0057563,0.00930996,0.0146419,0.011286,0.00816645,0.00175169,0.00130392,0.0304519,0.0126834,0.00470489,0.0181904,-0.00176023,0.0112326,0.00254759,0.00437886,0.000856832,-0.00106298,3.13059e-05,3.03951e-05,0.0320029,1.50542e-05,0.0358396,0.0112659,0.00341361,0.0125595,0.00307502,0.0181768,0.0446916,0.00222133,4.55075e-05,4.20219e-05,4.35538e-05,0.000414497,0.00166707,-4.27058e-05,-5.35699e-05,0.0315822,0.031212,0.0260728,0.00411294,0.00437545,0.00723016,0.0130634,0.00787819,0.0066524,0.00363303,0.0042722,0.0412596,0.047401,0.00368266,0.033964,-0.00170882,0.0103062,0.00244552,0.00349023,0.00903025,-0.00105243,0.000120986,0.00125646,0.00585716,1.4103e-05,0.0138935,0,0.0103136,0.00886269,0.0119678,0.0293574,0,0.0152638,0,0,-0.00551338,0.0442623,0.00715579,0.00714751,0.00814107,0.0363614,0,0.0273172,0.0414288,0.0340788,0.0118592,
2.655,0.00320406,-0.00172245,0.0104876,0.00326759,0.00792287,0.0238562,0.00245863,0.0139416,-5.33776e-06,4.21141e-06,1.18847e-05,0.00024756,0.00607384,-2.00065e-05,0.0216468,0.025815,0.0171758,0.00561272,0.00588856,0.00957058,0.0149862,0.0116847,0.00840091,0.00185226,0.00275238,0.0303391,0.0125284,0.00481957,0.0184981,-0.00181481,0.0110252,0.00260848,0.00455102,0.000865402,-0.00114181,3.39746e-05,3.49544e-05,0.0320546,1.44752e-06,0.0355499,0.0120139,0.00359991,0.0125731,0.00314417,0.018419,0.0450402,0.00225939,4.64538e-05,6.02525e-05,5.07178e-05,0.000413036,0.00165529,-4.82935e-05,-5.98082e-05,0.0321462,0.0316584,0.026429,0.00425845,0.00453537,0.00748449,0.0135402,0.00822218,0.00690865,0.00372913,0.0046456,0.0412016,0.0473909,0.00381125,0.0338401,-0.00174361,0.00943652,0.00249172,0.00336172,0.00897511,-0.0010644,0.000168562,0.00124797,0.00582374,1.45252e-05,0.0139299,0,0.0105388,0.00912832,0.0122371,0.0287145,0,0.0144244,0,0,-0.00483199,0.0444822,0.00745441,0.00727646,0.00857043,0.0357308,0,0.0263819,0.0426168,0.0359738,0.0124498,
2.66,0.00364822,-0.00170337,0.0104511,0.00333172,0.00808844,0.0245398,0.00249908,0.0130511,-4.02065e-06,5.6932e-06,1.16699e-05,0.000261964,0.00619773,-2.10595e-05,0.0222572,0.0263912,0.0179282,0.00572412,0.00600919,0.00979581,0.0153108,0.012041,0.00861434,0.00193609,0.00206321,0.0302303,0.0122837,0.00492093,0.0188882,-0.00185527,0.010725,0.00265943,0.00471014,0.00086512,-0.00120264,3.69513e-05,3.90387e-05,0.0320909,1.54402e-06,0.0352712,0.0128202,0.00376952,0.012545,0.00320366,0.0186392,0.0454695,0.00228538,-5.67768e-06,8.517e-05,6.82207e-05,0.00040975,0.0016419,-4.21071e-05,-4.73316e-05,0.0327786,0.0321636,0.0268133,0.00439657,0.00468716,0.00772185,0.013945,0.00855568,0.00715195,0.00383848,0.00504079,0.0411466,0.0473821,0.00393332,0.033835,-0.00178254,0.00888495,0.0025358,0.00332311,0.00891727,-0.00106955,0.000228425,0.00123734,0.00578221,1.26673e-06,0.0139018,0,0.0108462,0.00937995,0.0124771,0.0281874,0,0.0134865,0,0,-0.00407646,0.044658,0.00773266,0.0073965,0.00899528,0.0351708,0,0.0254866,0.0437208,0.0374571,0.0130901,
2.665,0.00411776,-0.00167398,0.0103959,0.00338677,0.00824562,0.0252407,0.00253096,0.0122425,-2.35693e-06,7.33097e-06,1.14551e-05,0.000275392,0.00629601,-2.2968e-05,0.0228647,0.0269908,0.0187366,0.00582491,0.00611157,0.00998426,0.0156254,0.0123509,0.0088007,0.00200656,0.00257058,0.0302006,0.0120221,0.00500666,0.0194457,-0.00188437,0.0104854,0.00269975,0.0048554,0.00085994,-0.00124349,3.99279e-05,4.26481e-05,0.0321413,1.73702e-06,0.0350121,0.0136791,0.00393255,0.0124805,0.00325192,0.0188349,0.0460177,0.00230603,-7.48422e-06,0.000117478,9.2969e-05,0.000405514,0.00162958,-4.72957e-05,-5.20846e-05,0.0334678,0.0327191,0.0272294,0.0045239,0.00482723,0.00793569,0.0142862,0.00887081,0.00737575,0.00392671,0.00549336,0.0411216,0.0473762,0.00404587,0.0340036,-0.00180733,0.00826756,0.00257061,0.00331681,0.00888021,-0.00106295,0.000300366,0.00122556,0.00578211,1.35118e-06,0.0138334,0,0.0111377,0.00961048,0.0126935,0.0278148,0,0.0126699,0,0,-0.00316088,0.0448091,0.00798662,0.00754035,0.00941114,0.0347257,0,0.0246935,0.0447028,0.0382743,0.0137799,
2.67,0.00461355,-0.00163493,0.0103132,0.00342971,0.00838527,0.0259402,0.00255262,0.0115505,-2.07965e-07,9.43667e-06,1.08824e-05,0.000288145,0.00637177,-2.48765e-05,0.0234761,0.0276112,0.0195716,0.00591552,0.00619526,0.0101297,0.0159464,0.0126125,0.00895785,0.00206499,0.00272992,0.0302107,0.0117655,0.00507598,0.0201295,-0.00190342,0.0102867,0.00272856,0.00498524,0.000851276,-0.00126486,4.32125e-05,4.54027e-05,0.0322177,1.83352e-06,0.0347813,0.0145779,0.00409118,0.012386,0.00328825,0.0190068,0.0466205,0.00231984,-8.0864e-06,0.000157107,0.000125044,0.000400549,0.00161956,-5.35818e-05,-5.8917e-05,0.0342037,0.0333178,0.0276812,0.00463956,0.00495386,0.00812207,0.014573,0.00916283,0.00757799,0.00400089,0.0059927,0.04113,0.0473712,0.00414805,0.0343015,-0.00182192,0.00774914,0.00259613,0.00332194,0.00887059,-0.00104459,0.000384384,0.00121252,0.00582255,1.60453e-06,0.0137295,0,0.0114034,0.00981393,0.0128836,0.0275358,0,0.012127,0,0,-0.001895,0.0449379,0.00821462,0.00770277,0.00981348,0.0343697,0,0.0240275,0.0455613,0.0389038,0.0145127,
2.675,0.00517206,-0.00158697,0.0101817,0.00345677,0.00850188,0.0266825,0.00256265,0.0110211,2.14897e-06,1.15424e-05,1.00232e-05,0.000300073,0.00644064,-2.69825e-05,0.0240926,0.0282526,0.0204006,0.00599495,0.0062582,0.0102261,0.0162756,0.0128247,0.00908206,0.00211128,0.0030598,0.0302301,0.0115027,0.00512743,0.0209552,-0.00191222,0.010131,0.00274539,0.00509796,0.000840445,-0.00126714,4.61891e-05,4.70174e-05,0.0323261,1.93002e-06,0.0345871,0.0155298,0.00425317,0.0122606,0.00331194,0.019153,0.0472745,0.00232541,-8.7746e-06,0.000204338,0.000164446,0.000395072,0.00161206,-6.03669e-05,-6.60464e-05,0.0349748,0.0339529,0.0281672,0.00474169,0.00506474,0.00827682,0.0148076,0.00942474,0.00775408,0.00406182,0.00475717,0.0411697,0.047363,0.00423787,0.0347191,-0.00182752,0.00728309,0.00261174,0.00332701,0.00888724,-0.00101416,0.000478589,0.00119891,0.0058976,1.60453e-06,0.0135978,0,0.0116125,0.00997902,0.0130284,0.0273229,0,0.0118776,0,0,0.00113771,0.0449961,0.00841334,0.00785325,0.0102008,0.0340772,0,0.0234797,0.0462402,0.0394235,0.0152908,
2.68,0.0057386,-0.00153091,0.0100592,0.00347606,0.00860461,0.0274026,0.00256005,0.0107036,5.06047e-06,1.4116e-05,9.0209e-06,0.000311251,0.00646899,-2.90226e-05,0.024714,0.0289057,0.0211983,0.00606709,0.0063078,0.0102627,0.0166109,0.0129913,0.00917026,0.00214487,0.0033944,0.0302341,0.0111815,0.00515999,0.0218991,-0.00191032,0.0100168,0.00274946,0.00519149,0.000825,-0.00125002,4.95763e-05,4.73024e-05,0.0324817,2.12302e-06,0.0344362,0.0165379,0.00440635,0.0121083,0.00332238,0.0192785,0.0480302,0.00232204,-9.37678e-06,0.000258959,0.000210931,0.000389376,0.00160777,-6.7551e-05,-7.3869e-05,0.0357676,0.0346183,0.0286906,0.0048289,0.00515819,0.00839566,0.0149854,0.0096492,0.00789967,0.00410961,0.00671131,0.0412572,0.0473479,0.00431411,0.0353027,-0.00182406,0.00685356,0.00261722,0.00332487,0.00893507,-0.00097084,0.000580672,0.00118529,0.00601061,1.77343e-06,0.0134464,0,0.0119248,0.0101158,0.013145,0.027269,0,0.0118416,0,0,0.00993612,0.0450108,0.00857871,0.00797558,0.0105648,0.033911,0,0.0231096,0.0467583,0.0398146,0.0161105,
2.685,0.00630966,-0.00146792,0.0098931,0.0034806,0.00865993,0.0280573,0.00254392,0.010638,8.17994e-06,1.69236e-05,7.80379e-06,0.000321453,0.00646864,-3.12602e-05,0.0253349,0.0295695,0.021965,0.00613096,0.00633665,0.0102401,0.0169482,0.0131155,0.00921911,0.00216397,0.00376514,0.0302048,0.0107922,0.00517278,0.0229015,-0.00189711,0.00995095,0.00273997,0.00526538,0.000805034,-0.00121285,5.78903e-05,4.59726e-05,0.0326662,2.21953e-06,0.0343329,0.0175761,0.00454837,0.011925,0.00331826,0.0193789,0.0484756,0.00230905,-1.0151e-05,0.000320619,0.000263846,0.00038346,0.00160494,-7.49348e-05,-8.18896e-05,0.0365748,0.03531,0.0292501,0.00490022,0.00523268,0.00847484,0.015101,0.0098299,0.00801084,0.00414262,0.00743597,0.0413669,0.0473199,0.00437522,0.0359311,-0.00181161,0.0064442,0.00261195,0.00132284,0.00899628,-0.000912973,0.00068706,0.00117157,0.00614103,1.85788e-06,0.0132822,0,0.0121587,0.0102038,0.0132032,0.0271899,0,0.0118806,0,0,0.00314892,0.0449067,0.00870423,0.00804734,0.0108906,0.0337519,0,0.0228325,0.0470821,0.0400359,0.0169487,
2.69,0.00686424,-0.00139948,0.00963723,0.00346263,0.00865078,0.0286093,0.00251382,0.0108426,1.1854e-05,1.98092e-05,6.30031e-06,0.00033053,0.00644709,-3.33003e-05,0.0259604,0.030237,0.0226943,0.00618465,0.00634029,0.0101609,0.0172812,0.0131994,0.00922627,0.00216726,0.00415197,0.0302112,0.0103908,0.00516471,0.0239592,-0.00187235,0.00993777,0.0027167,0.00531926,0.000781961,-0.00115415,6.9181e-05,4.25531e-05,0.0328618,2.41253e-06,0.0342796,0.0185957,0.00467949,0.0117073,0.0032986,0.0194528,0.0486055,0.00228607,-1.06672e-05,0.000388474,0.000322624,0.000377107,0.00160288,-8.26178e-05,-9.02073e-05,0.0373933,0.0360243,0.0298456,0.00495476,0.00528682,0.00851115,0.0151512,0.00996022,0.00808444,0.00415882,0.00805453,0.041488,0.0472783,0.00441974,0.0365747,-0.00178953,0.00605647,0.00259571,0.0018925,0.00906114,-0.000839841,0.000793763,0.00115709,0.00628107,2.02677e-06,0.013109,0,0.0122702,0.0102316,0.0132057,0.027082,0,0.0120049,0,0,0.00438773,0.0446398,0.00878018,0.00810151,0.0111663,0.0335664,0,0.0226279,0.0471924,0.0400806,0.0177709,
2.695,0.0074054,-0.00132691,0.0092705,0.00341798,0.0085679,0.0290693,0.00246936,0.0113133,1.58053e-05,2.30848e-05,4.58204e-06,0.000338257,0.00640303,-3.55379e-05,0.0265833,0.030901,0.0233913,0.00622567,0.00631852,0.0100219,0.0175961,0.013244,0.00918989,0.00215305,0.00455945,0.0302715,0.0100131,0.00513533,0.0250963,-0.0018353,0.00998658,0.00267931,0.00535417,0.000755402,-0.00107202,8.31404e-05,3.7139e-05,0.0330571,2.50903e-06,0.0342763,0.0195621,0.00479815,0.0114545,0.00326184,0.0194975,0.0485381,0.00225254,-1.15274e-05,0.000461537,0.000385634,0.00037017,0.00160135,-9.05004e-05,-9.89211e-05,0.0382272,0.036756,0.030477,0.00499272,0.00531981,0.0085023,0.0151323,0.0100352,0.00811707,0.00415506,0.0086521,0.0416163,0.0472209,0.00444638,0.0371985,-0.0017577,0.00568891,0.00256797,0.00204019,0.00912726,-0.000751132,0.000897106,0.00114086,0.00643204,2.19567e-06,0.0129273,0,0.01228,0.010197,0.0131639,0.026967,0,0.0122219,0,0,0.00463409,0.0441906,0.0087964,0.00816648,0.0113864,0.0333524,0,0.0224929,0.0470704,0.0399465,0.0185453,
2.7,0.00792438,-0.00125221,0.00877498,0.00334496,0.00839982,0.0294244,0.00240681,0.0119602,2.01726e-05,2.65163e-05,2.5774e-06,0.000344784,0.00634757,-2.18492e-05,0.0272008,0.0315541,0.0240503,0.00625326,0.00627086,0.00982171,0.0178705,0.0132484,0.00910895,0.00213292,0.00498749,0.0303541,0.0096544,0.00508457,0.0263018,-0.00179274,0.0101989,0.00263051,0.00537944,0.00072536,-0.00096549,9.96658e-05,2.91603e-05,0.033224,-7.14108e-06,0.0343025,0.0204533,0.00490159,0.0111647,0.00320726,0.0195046,0.0483476,0.00220845,-1.21296e-05,0.000537979,0.000451168,0.000362648,0.00159989,-9.8383e-05,-0.000107635,0.0390742,0.0374971,0.0311367,0.00501339,0.00533073,0.00844705,0.0150413,0.0100499,0.0081071,0.00412911,0.0092499,0.0417428,0.0471469,0.00445429,0.0376647,-0.00171549,0.0053574,0.00252884,0.00206372,0.00918818,-0.000646126,0.000993622,0.00112251,0.00658819,2.28012e-06,0.012736,0,0.0121745,0.0100937,0.0130708,0.0268138,0,0.0125265,0,0,0.00529625,0.0435239,0.00874699,0.00823349,0.0115466,0.0330842,0,0.0223986,0.0467083,0.039619,0.0192455,
2.705,0.00839348,-0.00117699,0.00813447,0.00324072,0.00813393,0.0296361,0.00231816,0.012597,2.48864e-05,3.01818e-05,4.29567e-07,0.00034951,0.00630881,3.93549e-05,0.0278108,0.0321887,0.0246635,0.00626585,0.00619686,0.00956238,0.0180847,0.0132116,0.00898418,0.00213631,0.00542844,0.0304432,0.00930761,0.0050125,0.0275287,-0.00176029,0.010746,0.00257877,0.00541657,0.00069089,-0.000834941,0.000118757,1.8427e-05,0.0333019,-4.6031e-05,0.0343053,0.0212456,0.0049816,0.0108352,0.00313355,0.0194695,0.0480633,0.0021538,-1.28178e-05,0.00061604,0.000517354,0.000353885,0.00159706,-0.000106166,-0.000116349,0.0399171,0.0382314,0.0318122,0.00501818,0.00532001,0.00834575,0.01488,0.0100037,0.00805395,0.00407793,0.00982842,0.0418508,0.0470608,0.00444316,0.0380065,-0.00166302,0.0050869,0.00247801,0.00203343,0.00923226,-0.000524307,0.00108184,0.00110117,0.00673624,2.36457e-06,0.0125349,0,0.01194,0.00991384,0.0129137,0.0265628,0,0.012909,0,0,0.00585172,0.0426002,0.00862563,0.00829412,0.0116431,0.0327183,0,0.0222999,0.0460946,0.0390891,0.019849,
2.71,0.00883093,-0.00110295,0.00733925,0.0031031,0.0077652,0.0297581,0.00221255,0.0133955,2.99469e-05,3.40812e-05,-2.00464e-06,0.000352511,0.00626881,8.56858e-05,0.0283978,0.0327896,0.0252096,0.00625948,0.00609436,0.0092447,0.0182108,0.0131267,0.0088128,0.00212295,0.00590346,0.0305371,0.00896598,0.00491792,0.028801,-0.00171549,0.0112863,0.0025163,0.00545021,0.00065256,-0.000671185,0.000140312,4.9392e-06,0.0333064,-7.55604e-05,0.0343172,0.0219414,0.00503626,0.0104628,0.00303887,0.0193821,0.0476951,0.00208812,-1.3506e-05,0.000693256,0.000581667,0.00034388,0.00159216,-0.000113949,-0.000124963,0.0407242,0.0389337,0.0324806,0.0050058,0.00528622,0.00819666,0.0146483,0.00989165,0.00795444,0.00399936,0.0104051,0.0419377,0.0469643,0.00441145,0.03829,-0.00159936,0.00491969,0.00241536,0.00197629,0.00925708,-0.000384437,0.00116008,0.00107645,0.00687444,2.53347e-06,0.0123258,0,0.0115701,0.00964457,0.0126812,0.0262643,0,0.0134217,0,0,0.00644014,0.0413985,0.00843247,0.00833733,0.0116748,0.0322681,0,0.0222092,0.045209,0.0383244,0.0203465,
2.715,0.00923497,-0.00103156,0.00648916,0.00293331,0.00739455,0.029984,0.00209774,0.0144345,3.52846e-05,3.82146e-05,-4.51045e-06,0.000353861,0.00630333,0.000172885,0.0289596,0.0333434,0.0256766,0.00623395,0.00596369,0.00890607,0.0182382,0.0130018,0.00860104,0.00206904,0.00642967,0.0307487,0.00885794,0.00480342,0.0301443,-0.00164817,0.0118178,0.00243745,0.00547096,0.000619315,-0.000468199,0.000164023,-1.17781e-05,0.0332961,-9.23516e-05,0.0343587,0.0225328,0.00508876,0.010059,0.00292436,0.0192387,0.0472455,0.00200469,-9.72948e-05,0.000767727,0.000642642,0.000332999,0.00158658,-0.000102075,-0.000102981,0.0414582,0.0395748,0.0331131,0.00498003,0.00523228,0.00800593,0.0143589,0.00972061,0.00781362,0.00392697,0.0109994,0.0420284,0.0468567,0.00436032,0.0385613,-0.00154142,0.00510227,0.00234902,0.00191993,0.00928403,-0.000230848,0.00128065,0.00104931,0.00698745,-1.89166e-05,0.0120863,0,0.0110407,0.00928477,0.012374,0.0260918,0,0.0141324,0,0,0.00704856,0.0399769,0.00819948,0.00838372,0.0116497,0.0318565,0,0.0222027,0.0440904,0.037368,0.0207294,
2.72,0.0095073,-0.000964221,0.00573028,0.00274498,0.00703941,0.0301925,0.0019692,0.0155623,4.08997e-05,4.2504e-05,-7.23104e-06,0.000353561,0.00638289,0.000291542,0.0294823,0.0338357,0.0260423,0.00619066,0.00581661,0.00853649,0.0181499,0.0128328,0.00834927,0.001998,0.00696742,0.031017,0.0089634,0.00466881,0.0314641,-0.00157053,0.0125879,0.00234708,0.00549364,0.000592098,-0.000227598,0.000189991,-1.2443e-05,0.0332761,-0.000117345,0.0343979,0.0229794,0.00512214,0.00964025,0.00279177,0.019037,0.0467127,0.00189934,-0.000272873,0.000837411,0.000698651,0.000321461,0.00158168,-6.42583e-05,-3.9509e-05,0.0420748,0.0401197,0.0336696,0.00494054,0.00515768,0.0077748,0.0140125,0.00949122,0.0076314,0.00387409,0.0115393,0.0421274,0.0467543,0.00428977,0.0388459,-0.00149569,0.00566393,0.00228395,0.00187352,0.00932262,-7.21013e-05,0.00133957,0.00102033,0.00705666,-6.19855e-05,0.0118056,0,0.0105256,0.00887451,0.0120275,0.0260781,0,0.0151122,0,0,0.00749537,0.038423,0.00793197,0.00844182,0.011562,0.0315326,0,0.0223275,0.0427104,0.0362309,0.0209855,
2.725,0.00954756,-0.000902705,0.00518713,0.00255694,0.00668659,0.0301816,0.00182759,0.0167271,5.63584e-05,4.68714e-05,-1.00948e-05,0.000351235,0.00644744,0.000443631,0.0299554,0.0342536,0.0262878,0.00613825,0.00566702,0.00813656,0.0179437,0.012623,0.00806354,0.00191125,0.00743478,0.0312599,0.00916638,0.00451582,0.0325719,-0.00148317,0.0135567,0.00224631,0.0055224,0.000567705,4.6504e-05,0.000217807,-1.59574e-05,0.0332475,-0.000148515,0.0344246,0.0232195,0.00510217,0.009234,0.00264524,0.0187762,0.0461005,0.00178632,-0.000438042,0.000952426,0.000748636,0.000309339,0.00157648,-4.32047e-05,-6.83239e-06,0.0425409,0.0405405,0.0341133,0.00488989,0.00506524,0.00750924,0.013622,0.00921189,0.00741281,0.00378085,0.0119208,0.0422337,0.0466703,0.00420048,0.0391551,-0.00143026,0.00616842,0.0022076,0.00180553,0.00936449,5.77635e-05,0.00138662,0.000990106,0.00711387,-8.30977e-05,0.0115393,0,0.0101161,0.00845534,0.0116885,0.0261658,0,0.0162914,0,0,0.00762129,0.0368308,0.00764307,0.00847733,0.011396,0.0313101,0,0.0225829,0.0410793,0.0348789,0.0210842,
2.73,0.00933737,-0.000851208,0.00491297,0.00238242,0.0063302,0.0298899,0.0016727,0.0178289,7.72935e-05,5.13168e-05,-1.29586e-05,0.000346809,0.00647076,0.000628955,0.0303648,0.0345874,0.0263967,0.00608329,0.00552176,0.00771429,0.0176165,0.0123717,0.00774804,0.00180945,0.00778504,0.0314773,0.00942156,0.00434609,0.0334404,-0.00138622,0.0147701,0.00213651,0.00556049,0.000543596,0.000225467,0.000247574,-1.96618e-05,0.0332371,-0.000186537,0.0344339,0.0232088,0.00500452,0.00887551,0.00248922,0.0184626,0.04541,0.00166367,-0.00063418,0.00101711,0.000792272,0.000297655,0.00157196,-2.60426e-05,1.89128e-05,0.0428272,0.0408155,0.0344151,0.0048303,0.00495807,0.00721368,0.0131867,0.00889013,0.00716141,0.00366972,0.0121129,0.042374,0.0466063,0.00409377,0.0394912,-0.00135226,0.00695685,0.00212164,0.00172428,0.00941636,0.00012347,0.0014239,0.000960457,0.00716621,-0.000106912,0.0112918,0,0.00988335,0.00806608,0.0114095,0.0264707,0,0.0173368,0,0,0.00742985,0.0352975,0.00734561,0.0084842,0.0111368,0.0312951,0,0.0230414,0.0392291,0.0330835,0.0210021,
2.735,0.00896585,-0.000814224,0.00490499,0.00221925,0.00603212,0.0295626,0.00150397,0.0187967,0.000103636,5.60741e-05,-1.5894e-05,0.000339533,0.00655906,0.000843301,0.0306937,0.0348276,0.0263519,0.006026,0.00536829,0.0072929,0.0171723,0.0120752,0.00740705,0.00169194,0.00805271,0.0317097,0.00982666,0.0041608,0.0340868,-0.00127928,0.0162089,0.00201857,0.00560889,0.000527303,0.000524474,0.000278982,-2.33662e-05,0.0332354,-0.000233147,0.0344236,0.022924,0.00485489,0.00857621,0.00232855,0.0180993,0.0446475,0.00153012,-0.000855437,0.00107103,0.000829638,0.000285459,0.0015676,-8.18196e-06,4.66385e-05,0.042916,0.0409302,0.0345491,0.00476249,0.00483795,0.00689247,0.0127039,0.00853402,0.00688182,0.0035491,0.0121556,0.0425189,0.0465584,0.00397055,0.0398556,-0.00126419,0.0080182,0.00202757,0.00163302,0.00947102,0.000260142,0.0014531,0.00093158,0.00718438,-0.000134865,0.0110697,0,0.00965445,0.00769373,0.0110995,0.0268325,0,0.0181195,0,0,0.00710662,0.033626,0.00704532,0.00842562,0.0107874,0.031375,0,0.0236386,0.0371673,0.0305089,0.0207355,
2.74,0.00860353,-0.000795364,0.00481242,0.00205249,0.00558032,0.0291431,0.00132184,0.0196077,0.000135454,6.09874e-05,-1.89009e-05,0.000328505,0.00657742,0.00107785,0.0309445,0.0349778,0.0261456,0.00597522,0.0052122,0.00683424,0.0166692,0.0117519,0.00705899,0.00155919,0.00834421,0.0317705,0.010038,0.00396727,0.0346514,-0.00116289,0.0177409,0.00189465,0.00566869,0.000506301,0.000913476,0.000312341,-2.69756e-05,0.0331798,-0.000289407,0.0343941,0.0224209,0.00464316,0.00831519,0.0021642,0.0176947,0.0438173,0.00138578,-0.0010908,0.00111516,0.000861388,0.000271657,0.00155995,1.07762e-05,0.000112586,0.0428134,0.0408844,0.0345049,0.00469844,0.00471544,0.00656487,0.012206,0.00817406,0.00659251,0.00342212,0.0121682,0.0426217,0.0465223,0.00383689,0.0402384,-0.0011675,0.00929863,0.00192716,0.00153389,0.00949181,0.000456332,0.00147599,0.000901641,0.00714047,-0.000168307,0.0108805,0,0.00935515,0.00730366,0.0107129,0.0269044,0,0.0187838,0,0,0.00690302,0.0314818,0.00672515,0.00827138,0.0103883,0.0311674,0,0.0240717,0.0350009,0.0273061,0.0203036,
2.745,0.00825345,-0.000793449,0.00461389,0.00186606,0.0050492,0.0286759,0.00112269,0.0202428,0.000172056,6.57448e-05,-2.16931e-05,0.000313576,0.00660312,0.00132458,0.0310686,0.0350113,0.0257602,0.0058943,0.00501735,0.0063471,0.0160513,0.011327,0.00666989,0.00141354,0.00866651,0.031824,0.0102033,0.00375364,0.0351949,-0.00103493,0.0193608,0.00176429,0.00573702,0.00048417,0.00134751,0.000346726,-3.0775e-05,0.033057,-0.000358502,0.0343417,0.0217563,0.00439874,0.00806721,0.00199038,0.0172445,0.0429441,0.00122751,-0.0013334,0.00114916,0.000886299,0.000256541,0.00154931,3.32267e-05,0.000212398,0.0424973,0.0406664,0.0342611,0.00461385,0.00456946,0.00619768,0.0115931,0.00776397,0.00626129,0.00328727,0.0121916,0.0426856,0.0464952,0.00368189,0.040656,-0.00105993,0.0108351,0.00181959,0.00142534,0.00947757,0.000703477,0.00149101,0.000870737,0.00704336,-0.00020994,0.0107285,0,0.00887533,0.00685222,0.0102268,0.027013,0,0.0196798,0,0,0.00673042,0.028785,0.00635898,0.00803073,0.00991801,0.0309356,0,0.0245949,0.0321382,0.0242478,0.0197534,
2.75,0.00789069,-0.000810099,0.0043665,0.00166818,0.00449419,0.0281736,0.00090646,0.0207159,0.000213302,7.05801e-05,-2.45569e-05,0.000294897,0.00664065,0.00156748,0.0310857,0.0349433,0.0252059,0.00580186,0.0048128,0.00586886,0.0154564,0.0108676,0.00627493,0.00125529,0.00899991,0.0318738,0.0103589,0.00353176,0.0357043,-0.000892528,0.0210919,0.0016293,0.00581262,0.000461849,0.00176906,0.00038224,-3.41945e-05,0.0328783,-0.000438984,0.0342669,0.020983,0.0041429,0.00783121,0.00181225,0.0167618,0.042036,0.00105566,-0.00154209,0.00117478,0.000905593,0.000240256,0.00153638,5.67748e-05,0.000344887,0.0420076,0.0403021,0.0338317,0.00453143,0.00442017,0.00584458,0.0109396,0.00735868,0.00592283,0.00314768,0.0122211,0.0427216,0.0464748,0.00351576,0.0410888,-0.000940277,0.0125201,0.00170643,0.00130951,0.00943455,0.000985694,0.00150015,0.000839253,0.00691035,-0.00026044,0.0106193,0,0.0083403,0.00638732,0.00970404,0.0271065,0,0.0205427,0,0,0.00651938,0.0260405,0.00598358,0.0077445,0.00941221,0.0306431,0,0.025073,0.0278364,0.02149,0.019104,
2.755,0.00751436,-0.000846714,0.00411346,0.00146585,0.00394351,0.0276358,0.000667112,0.021022,0.000259401,7.58054e-05,-2.72775e-05,0.000272541,0.0066863,0.00179651,0.0310023,0.034781,0.0244953,0.00570991,0.00461247,0.00541228,0.0149926,0.0104022,0.0073128,0.00108396,0.00932789,0.0319192,0.0105056,0.00330859,0.036174,-0.000729892,0.022947,0.00149057,0.00589244,0.000439435,0.00214256,0.000419294,-3.78989e-05,0.0326649,-0.000527958,0.0341688,0.0201481,0.00388836,0.00760458,0.0016307,0.0162579,0.0410902,0.000867691,-0.00170933,0.00119414,0.000920735,0.000223022,0.00152138,0.000110556,0.000508567,0.0413932,0.0398257,0.0332329,0.00446176,0.0042774,0.00552657,0.0102923,0.00698369,0.00559494,0.00300621,0.0122645,0.0427431,0.0464586,0.00334563,0.0415287,-0.000803265,0.0143858,0.00158873,0.00118737,0.00937267,0.00128018,0.00150571,0.000807769,0.00675852,-0.000320652,0.0105563,0,0.00781134,0.00593134,0.00918206,0.0271849,0,0.0214894,0,0,0.00626714,0.023416,0.00561583,0.00742931,0.00889213,0.0303164,0,0.025496,0.0233107,0.0186545,0.0183854,
2.76,0.00714444,-0.000900421,0.00387933,0.00126769,0.0034256,0.0270811,0.000397791,0.0211582,0.00030959,8.11086e-05,-2.99265e-05,0.000246885,0.00673646,0.00200763,0.0308012,0.0345198,0.0236396,0.00560494,0.00440633,0.004955,0.0145947,0.00990144,-0.0187501,0.000900587,0.00963651,0.0319569,0.0106354,0.00308019,0.0366078,-0.000552674,0.024869,0.00134846,0.00597248,0.000416738,0.00245656,0.000457477,-4.12233e-05,0.0324381,-0.000623397,0.0340432,0.0192929,0.0036435,0.00738582,0.00144476,0.0157364,0.0401361,0.000658021,-0.00184353,0.00120758,0.000931644,0.000205642,0.00150547,0.000188285,0.000700171,0.0406878,0.0392695,0.0324834,0.00439267,0.00413202,0.00522019,0.0096241,0.00661445,0.00526235,0.0028651,0.0123307,0.0427633,0.0464462,0.00316775,0.0419805,-0.000651155,0.0163941,0.00146639,0.0010575,0.00930222,0.0015591,0.00150687,0.000776864,0.0065989,-0.000391336,0.0105383,0,0.00730041,0.00547626,0.00866712,0.0273661,0,0.0225951,0,0,0.00601059,0.020782,0.00524932,0.00707231,0.00835051,0.0300567,0,0.0260054,0.019629,0.0152481,0.0176618,
2.765,0.00678999,-0.000969378,0.00367797,0.00108456,0.00296888,0.0265133,8.76359e-05,0.0211306,0.000363245,8.66458e-05,-3.25039e-05,0.000218228,0.00679103,0.00219848,0.0304859,0.0341657,0.0226646,0.00549078,0.00419745,0.00450732,0.0142192,0.00937893,-0.00516617,0.000703007,0.00991166,0.0319964,0.01075,0.00284963,0.0369965,-0.000364946,0.0267817,0.00120342,0.00604888,0.000393664,0.00272074,0.000496584,-4.45478e-05,0.0322209,-0.000721828,0.0338889,0.0184644,0.00341932,0.00717816,0.00125883,0.0152068,0.0391891,0.00042143,-0.00195175,0.00121638,0.000938645,0.000188188,0.00148894,0.000289961,0.000911876,0.0399467,0.038682,0.0316171,0.00432728,0.00398725,0.00492668,0.00896029,0.00626049,0.00493173,0.0027273,0.0124283,0.0427962,0.0464364,0.00298504,0.04244,-0.000487344,0.0184716,0.00133972,0.000917944,0.00923226,0.00180707,0.00150456,0.000747408,0.00644209,-0.00047114,0.0105639,0,0.00681774,0.00503164,0.00817471,0.0276415,0,0.0238493,0,0,0.00573443,0.0181387,0.00488889,0.0066825,0.00779304,0.0298605,0,0.0265924,0.0156297,0.0115744,0.0169487,
2.77,0.0065235,-0.00105086,0.00334795,0.000885923,0.00258156,0.0258248,-0.000275609,0.0209509,0.000419742,9.21831e-05,-3.49381e-05,0.000188596,0.00688198,0.00236978,0.0300646,0.0337275,0.0215997,0.00535427,0.00396177,0.00409265,0.0138405,0.0088643,0.0006524,0.000496584,0.0101031,0.0321621,0.0109345,0.00261916,0.0374733,-0.000169336,0.028649,0.00105555,0.0061181,0.000373039,0.00294466,0.000536615,-4.77773e-05,0.0320913,-0.000820549,0.0337062,0.0177565,0.00325775,0.00699154,0.00107561,0.0146779,0.0382648,0.000148754,-0.00203803,0.00122124,0.000942553,0.000173072,0.00147593,0.000414486,0.00113249,0.0392257,0.0381117,0.0306768,0.00426732,0.00384568,0.00464662,0.00834865,0.00592585,0.00460818,0.00259576,0.0126439,0.0429126,0.0464286,0.00279956,0.0429011,-0.000313531,0.0206894,0.00120863,0.000765777,0.00920714,0.00202265,0.00149899,0.000721912,0.00636207,-0.000557869,0.0106301,0,0.00613492,0.0045893,0.00776155,0.0279623,0,0.0252581,0,0,0.00542178,0.0157099,0.00453179,0.00633875,0.00721835,0.0298306,0,0.0273049,0.0106012,0.00873681,0.0162631,
2.775,0.00627553,-0.00114089,0.0027897,0.000666949,0.0021179,0.0247961,-0.000687942,0.0206392,0.000478249,9.81102e-05,-3.70859e-05,0.000157613,0.00685054,0.00252279,0.0295492,0.033218,0.0204801,0.00519598,0.00371698,0.00365772,0.0134565,0.00836459,0.00237477,0.000280375,0.0101929,0.0321321,0.0109302,0.0023899,0.037835,1.6881e-05,0.0304588,0.000904512,0.0061771,0.000342337,0.00313509,0.000577364,-5.09118e-05,0.0319621,-0.000917629,0.033498,0.0171738,0.00311677,0.00680178,0.00089441,0.0141493,0.0373736,-0.000170104,-0.00210504,0.00122293,0.000943692,0.000158248,0.00145956,0.000558768,0.00134865,0.0385725,0.0375995,0.0297083,0.00421405,0.00370752,0.00437942,0.00781518,0.00561552,0.00429519,0.00246745,0.0128664,0.0430168,0.0464227,0.002613,0.0433614,-0.000131665,0.022888,0.00107321,0.000604704,0.00916489,0.00220966,0.00149112,0.000698347,0.0062815,-0.000648399,0.0107313,0,0.00534632,0.00411704,0.00730086,0.028178,0,0.0265749,0,0,0.00505108,0.0133294,0.00413451,0.00592087,0.00662349,0.0295117,0,0.027923,0.00726828,0.00582606,0.0155812,
2.78,0.00593216,-0.00123128,0.00229909,0.000440786,0.00186868,0.0235869,-0.000861689,0.0202217,0.000537866,0.000104271,-3.91622e-05,0.000124305,0.00685381,0.00265856,0.0289525,0.0326508,0.0193455,0.00501972,0.00346865,0.00326916,0.0130551,0.00788517,0.00318589,4.5067e-05,0.0101052,0.0321328,0.0109747,0.00216338,0.0378324,0.000103979,0.0322246,0.000748846,0.00622312,0.000310788,0.00329649,0.000618934,-5.39513e-05,0.0317919,-0.00101104,0.0332686,0.0166605,0.00302016,0.00659844,0.000721723,0.013623,0.0365302,-0.000538043,-0.00215571,0.00122237,0.000942797,0.000141744,0.00143737,0.000717418,0.00154877,0.0380192,0.0371713,0.0287566,0.00416742,0.00357147,0.00412435,0.00736449,0.00532975,0.00399507,0.00234146,0.0129928,0.0430791,0.0464181,0.00242629,0.0438166,3.27119e-05,0.0248911,0.000932522,0.000435832,0.00907789,0.00237522,0.00148145,0.000675362,0.00614698,-0.000739941,0.0108609,0,0.0045562,0.0036516,0.00676841,0.0282794,0,0.0277541,0,0,0.0044454,0.0105772,0.00370828,0.00544211,0.0059887,0.0291008,0,0.0284484,0.00394716,0.00308026,0.0148736,
2.785,0.00552885,-0.00131718,0.00207932,0.000225595,0.0018443,0.0223611,-0.00103633,0.019726,0.000597621,0.000110744,-4.11668e-05,8.85215e-05,0.00691871,0.00277788,0.0282894,0.0320441,0.0182314,0.00483391,0.00322875,0.0029154,0.0126371,0.0074387,0.00326247,-0.000223171,0.00981186,0.0322345,0.0111688,0.00194116,0.0374863,0.000158169,0.0339806,0.000587871,0.00625476,0.000284229,0.0034327,0.000661017,-5.66109e-05,0.0316136,-0.00109992,0.0330258,0.0162009,0.00297908,0.00639477,0.000558425,0.0131068,0.0357463,-0.000708379,-0.00219021,0.00121997,0.000940192,0.000124144,0.00141135,0.000882953,0.0017277,0.0375785,0.0368378,0.0278624,0.00412735,0.00343882,0.00388158,0.0069902,0.00506835,0.00371045,0.00222012,0.0130572,0.0431364,0.0464217,0.00224066,0.0442602,0.000102665,0.0267024,0.000785293,0.000256754,0.00896866,0.0025254,0.00147053,0.000653246,0.00597925,-0.000830302,0.0110108,0,0.00391369,0.00323661,0.00626639,0.0285606,0,0.0288752,0,0,0.00371929,0.00828194,0.00329212,0.00496449,0.00530556,0.0288647,0,0.0290433,0.00119055,0.000773795,0.0141279,
2.79,0.00509621,-0.00139727,0.00211615,5.54293e-05,0.00186213,0.0211386,-0.00120214,0.0191782,0.000656683,0.000117607,-4.30283e-05,4.9512e-05,0.00694661,0.00288186,0.027578,0.0314158,0.0171719,0.00465504,0.00301634,0.00256856,0.0121966,0.00702468,0.00307964,-0.000526127,0.00933176,0.0323172,0.0113691,0.00172529,0.0368292,0.000308982,0.035663,0.000420343,0.006271,0.000257106,0.00354547,0.000703614,-5.93654e-05,0.0314282,-0.00117886,0.0327798,0.0157955,0.00296732,0.00620114,0.000402849,0.0126099,0.0349819,-0.000883124,-0.00220931,0.00121631,0.00093661,0.000105085,0.00138174,0.00104679,0.00188366,0.0372454,0.0365927,0.027054,0.0040931,0.00331079,0.00365127,0.0066835,0.00483265,0.00344176,0.00210594,0.0130757,0.0431845,0.0464516,0.00205748,0.0445245,0.000158967,0.0283812,0.000630049,6.13609e-05,0.00883835,0.002663,0.00145908,0.000631419,0.00577432,-0.000917622,0.011173,0,0.00356042,0.00288754,0.00580826,0.0289072,0,0.0299397,0,0,0.00297435,0.00663396,0.0028911,0.00447837,0.00457868,0.028737,0,0.0296339,-0.000672857,0.00778136,0.0133866,
2.795,0.00472061,-0.00147182,0.00216833,-9.13733e-05,0.00186309,0.0199924,-0.00133873,0.0185988,0.000714011,0.000124938,-4.47465e-05,7.20175e-06,0.00692772,0.0029711,0.02684,0.0307867,0.0161909,0.00448571,0.00281874,0.002224,0.0117261,0.00663808,0.00281466,-0.000707147,0.00874541,0.0323481,0.0115006,0.00151415,0.0360129,0.00048423,0.0370373,0.000244795,0.00627159,0.000225274,0.00363605,0.000746518,-6.193e-05,0.0312358,-0.00124457,0.0325428,0.0154673,0.00297009,0.00602076,0.000246834,0.012144,0.0342436,-0.0010545,-0.00274309,0.00121195,0.000932295,8.47834e-05,0.00134915,0.00120115,0.00201744,0.0370026,0.0364178,0.0263501,0.00406407,0.00318837,0.00343128,0.00643537,0.00462145,0.00318832,0.00200205,0.0131092,0.0432228,0.0464999,0.00187776,0.0446719,0.000303088,0.0299845,0.000464996,-0.000155157,0.00868986,0.00278998,0.00144753,0.000609593,0.00554376,-0.00100089,0.0113394,0,0.00330191,0.00258555,0.00539104,0.0292647,0,0.0309217,0,0,0.00243615,0.00496364,0.00251536,0.0039857,0.00383486,0.0286442,0,0.0301854,-0.000937076,-0.00336201,0.0127072,
2.8,0.00446812,-0.00154203,0.00216956,-0.000274971,0.0018337,0.0191586,-0.00144034,0.0180021,0.000769053,0.000132659,-4.63216e-05,-3.80342e-05,0.00695959,0.00304632,0.0260929,0.0301766,0.0153016,0.00431433,0.00261522,0.00189644,0.011221,0.00627176,0.002528,-0.000877348,0.00821248,0.03235,0.0115876,0.00130653,0.0352815,0.000670447,0.0379935,6.04363e-05,0.00625677,0.000191747,0.00370533,0.000789833,-6.44946e-05,0.0310542,-0.00129813,0.0323293,0.0152245,0.00298877,0.0058502,7.41466e-05,0.0117147,0.0336859,-0.00121614,-0.00237637,0.00120723,0.000927818,6.38249e-05,0.00131632,0.00133995,0.00213081,0.0368232,0.0362888,0.0257531,0.00403925,0.00307227,0.00322178,0.0062359,0.0044326,0.00295141,0.00190944,0.0132192,0.0432619,0.0465506,0.00170203,0.0448716,0.000476083,0.0315781,0.000288131,-0.000217623,0.00854184,0.00290654,0.00143619,0.000588636,0.00531634,-0.00107909,0.0114994,0,0.00297359,0.00231065,0.00500201,0.0297062,0,0.0318611,0,0,0.00226041,0.00341325,0.00219511,0.00350719,0.00312374,0.0285957,0,0.0306976,-0.00493088,-0.00903535,0.0121441,
2.805,0.00434151,-0.001609,0.00213702,-0.00054228,0.00173116,0.01884,-0.00151299,0.0173956,0.000821321,0.000141004,-4.78251e-05,-8.61209e-05,0.00705178,0.00310838,0.0253557,0.0296017,0.0145117,0.00413574,0.00241239,0.00157353,0.0106876,0.00591325,0.00223669,-0.00102901,0.00793268,0.0322501,0.0115777,0.00110097,0.0348295,0.000851015,0.0386933,-0.000131943,0.00622771,0.000157654,0.00375411,0.000833149,-6.68692e-05,0.0308822,-0.00134165,0.0321541,0.0150387,0.0030014,0.00568082,-0.000141098,0.0113271,0.0333222,-0.00135004,-0.00226522,0.00120266,0.000923421,4.25012e-05,0.00128487,0.00146068,0.00222627,0.0366763,0.0361786,0.0252558,0.00401756,0.00296399,0.00302229,0.00607693,0.00426414,0.00273093,0.00183052,0.0148025,0.0432905,0.0465974,0.00152898,0.0451658,0.000663862,0.0332266,9.73443e-05,-0.000287564,0.0084022,0.00301299,0.0014259,0.000568258,0.00509595,-0.00114884,0.0116396,0,0.00269754,0.00206166,0.00461778,0.0301952,0,0.0327814,0,0,0.0023012,0.00236908,0.00195404,0.00303309,0.00251596,0.0285501,0,0.0311758,-0.0100197,-0.0135427,0.0117385,
2.81,0.00420236,-0.00167368,0.00210572,-0.000938988,0.00167208,0.018606,-0.00156379,0.0167828,0.000870401,0.000149973,-4.91854e-05,-6.89418e-05,0.00715439,0.00315807,0.024645,0.0290759,0.013831,0.00394773,0.00221194,0.00127365,0.0101257,0.00555985,0.00194762,-0.0011581,0.00781283,0.0321224,0.0115132,0.000894816,0.0345141,0.00101109,0.0392341,-0.000328842,0.00618555,0.000121584,0.00378372,0.000876772,-6.92438e-05,0.0307155,-0.00137746,0.0320282,0.0148785,0.00300382,0.00550939,-0.000438825,0.0109813,0.0330011,-0.00145366,-0.00220664,0.00119843,0.000919432,2.07394e-05,0.00125488,0.00156395,0.00230618,0.0365345,0.0360626,0.0248427,0.00399702,0.00286173,0.00283262,0.00595188,0.0041138,0.00252486,0.00176529,0.0136875,0.0433066,0.0466413,0.00135755,0.0454844,0.000849062,0.0349553,-0.000108418,-0.000365111,0.00826929,0.00310912,0.00141665,0.000548557,0.00488183,-0.00120711,0.0117444,0,0.00247328,0.00185557,0.00426292,0.0307166,0,0.0336723,0,0,0.0021035,0.00243434,0.00176672,0.00258764,0.00202974,0.028523,0,0.0316314,-0.0130586,-0.0172074,0.0114536,
2.815,0.00397247,-0.00173726,0.00207662,-0.0014632,0.00160115,0.0181488,-0.00159783,0.0161683,0.000916222,0.000159566,-5.05457e-05,-6.75164e-05,0.00721805,0.00319611,0.0239749,0.0286064,0.0132733,0.00374927,0.00201401,0.0010156,0.00953545,0.00520795,0.00166459,-0.00125407,0.00766768,0.0319803,0.011425,0.000683417,0.0340908,0.00114259,0.0396392,-0.000337088,0.00613181,8.11815e-05,0.00379496,0.000920292,-7.14285e-05,0.0305383,-0.00140689,0.0319556,0.0147075,0.00299551,0.00533753,-0.000871859,0.0106757,0.0326065,-0.00153325,-0.00215391,0.00119484,0.000916339,-1.75263e-06,0.00122473,0.00165136,0.00237252,0.0363733,0.0359204,0.0244934,0.00397623,0.00276367,0.00265165,0.00585192,0.00397843,0.00233054,0.00171249,0.0135571,0.0433019,0.046688,0.00118658,0.0457096,0.00101765,0.0365605,-0.000327575,-0.000446947,0.0081283,0.00319525,0.00140909,0.000528951,0.00466306,-0.00125457,0.0117986,0,0.00227084,0.00169485,0.00395654,0.0311884,0,0.0344859,0,0,0.00196973,0.00066172,0.00161416,0.00217933,0.00164824,0.0284909,0,0.032074,-0.0154726,-0.0201391,0.0112429,
2.82,0.00373982,-0.00180047,0.00205599,-0.00196084,0.00155325,0.0177474,-0.00161879,0.0155602,0.000958786,0.00016986,-5.16196e-05,-6.92418e-05,0.00729267,0.00322322,0.0233548,0.0281976,0.012841,0.0035392,0.0018187,0.000823395,0.00892224,0.00485657,0.001381,-0.00131701,0.00751875,0.0318319,0.0113336,0.000462827,0.0336265,0.0012421,0.0399247,-0.000342058,0.00606845,3.69178e-05,0.0037893,0.000963812,-7.37081e-05,0.0303487,-0.00143111,0.0319301,0.0145138,0.00298029,0.00516481,-0.00144064,0.0104102,0.0322717,-0.00159545,-0.00209558,0.00119217,0.000914141,-2.5121e-05,0.00119489,0.00172559,0.00242688,0.0361726,0.0357359,0.0241854,0.00395326,0.00266842,0.00247715,0.00576869,0.00385468,0.00214721,0.00167026,0.0135951,0.0432775,0.046734,0.00101415,0.0458935,0.00116291,0.0377362,-0.000373663,-0.000528003,0.00798327,0.00327117,0.00140321,0.000509153,0.00444353,-0.00129317,0.0117895,0,0.00211621,0.00158004,0.00368562,0.031699,0,0.0352855,0,0,0.00182106,0.0259423,0.00149696,0.00182315,0.00139192,0.0284873,0,0.0325057,-0.0170329,-0.0238269,0.0110922,
2.825,0.00360417,-0.00186405,0.00206225,-0.00228395,0.00146411,0.0177493,-0.00162895,0.0149737,0.00099823,0.000180935,-5.27651e-05,-7.11923e-05,0.00739978,0.0032404,0.0227924,0.0278481,0.0125193,0.00332198,0.00163422,0.000669948,0.00829678,0.00450191,0.00108969,-0.00135446,0.00752916,0.0316316,0.011184,0.00022772,0.0333404,0.0013112,0.0401043,-0.00034059,0.00599723,-1.13955e-05,0.00376822,0.00100744,-7.57028e-05,0.0301483,-0.00145109,0.0319368,0.0142993,0.0029521,0.00498789,-0.00198309,0.0101792,0.0321091,-0.00164465,-0.00202926,0.00119055,0.000913164,-4.90736e-05,0.00116658,0.00178886,0.00247045,0.0359182,0.0354972,0.023895,0.00392621,0.00257719,0.00230913,0.00569472,0.00373825,0.0019736,0.00163822,0.0137059,0.043231,0.0467738,0.000836811,0.0461142,0.00128117,0.0385929,-0.000418591,-0.000603729,0.0078443,0.00333729,0.00139922,0.000488872,0.00422671,-0.00132458,0.0117062,0,0.00210227,0.00149786,0.00343028,0.0322923,0,0.0361646,0,0,0.00207015,-0.00592785,0.00141668,0.00150738,0.00129033,0.028523,0,0.0329382,-0.0190198,-0.0265739,0.0110138,
2.83,0.0033718,-0.00192815,0.00206692,-0.0023828,0.00152675,0.0174623,-0.00162984,0.0144288,0.00103483,0.000192867,-5.37674e-05,-7.32928e-05,0.00750503,0.00324829,0.0222895,0.0275556,0.0122945,0.00309317,0.00143993,0.000626642,0.00766492,0.00414867,0.000781354,-0.00137365,0.00744183,0.0315617,0.0111405,-2.76597e-05,0.0329674,0.00135449,0.0401873,-0.000331214,0.00592045,-6.30993e-05,0.00373339,0.00105085,-7.76974e-05,0.0299386,-0.00146749,0.0319546,0.014068,0.00293437,0.00481355,-0.0023411,0.00998142,0.0318613,-0.00168375,-0.0019551,0.00119013,0.00091349,-3.15473e-05,0.00113888,0.00184353,0.00250462,0.0355999,0.0351973,0.0236012,0.00389342,0.00248495,0.00214594,0.00562184,0.00362529,0.00180816,0.00161379,0.0137564,0.0431712,0.0468112,0.000650333,0.0462519,0.00137346,0.0393266,-0.000459722,-0.000670355,0.00771111,0.0033933,0.00139754,0.000467722,0.00401659,-0.00135059,0.0115414,0,0.00195713,0.0014375,0.00322503,0.0328935,0,0.0370569,0,0,0.00125931,-0.0113316,0.00131437,0.0013272,0.00116172,0.0285979,0,0.0333771,-0.0216391,-0.0283637,0.0109666,
2.835,0.0031339,-0.00199342,0.00213678,-0.00242707,0.00137255,0.0172138,-0.00162279,0.0139494,0.00106866,0.00021096,-5.44834e-05,-7.53183e-05,0.00754503,0.00324783,0.0218441,0.0273152,0.0121518,0.00286387,0.00126776,0.000486147,0.00702316,0.00379284,0.000438314,-0.00138005,0.00732319,0.0314573,0.0110657,-0.000305115,0.0325895,0.00137702,0.0401858,-0.000312687,0.00584011,-0.000124127,0.00368645,0.00109407,-7.95022e-05,0.0297117,-0.00148071,0.0319594,0.0138207,0.00290089,0.00464697,-0.00240296,0.00981513,0.0316618,-0.00171461,-0.00187381,0.00119104,0.000915443,-3.09631e-05,0.00111148,0.00189133,0.00253026,0.0352145,0.0348327,0.0232855,0.00385342,0.00239311,0.00198653,0.00554302,0.00351151,0.00164604,0.00159599,0.0137667,0.0430942,0.0468437,0.000450496,0.046321,0.0014441,0.0399574,-0.00049537,-0.000725476,0.00758148,0.00343951,0.00139796,0.000444736,0.00380712,-0.00137196,0.0112923,0,0.00211195,0.00141277,0.00306635,0.0335364,0,0.0379919,0,0,0.00365574,-0.0173391,0.00124316,0.00120692,0.00111592,0.0287106,0,0.0338321,-0.0239976,-0.029795,0.0109433,
2.84,0.00296645,-0.00205987,0.00223156,-0.00245147,0.00153976,0.0172514,-0.00160882,0.0135545,0.00110013,0.000232797,-5.54141e-05,-7.71187e-05,0.00755687,0.00324,0.0214577,0.0271218,0.0120822,0.00264092,0.00111977,0.000364338,0.00636945,0.00343315,4.47525e-05,-0.00137704,0.00730039,0.0313221,0.010921,-0.000397801,0.0323801,0.00138313,0.0401068,-0.000284898,0.00575859,-0.000196832,0.00362937,0.00113676,-8.14018e-05,0.0294663,-0.00149123,0.0319277,0.013571,0.00284364,0.00448999,-0.00245026,0.00967735,0.0315891,-0.0017384,-0.0017846,0.00119337,0.000918863,-3.12552e-05,0.00108524,0.00193384,0.00254828,0.0347626,0.034407,0.0229373,0.00380449,0.00230227,0.00182957,0.00545187,0.00339426,0.00148316,0.00158462,0.0137978,0.0430001,0.0468687,0.00023162,0.0463857,0.0014977,0.0404768,-0.000524056,-0.000768117,0.00746089,0.00347602,0.0014008,0.000419723,0.00360003,-0.00138969,0.0109612,0,0.00228725,0.0013945,0.00293179,0.0342506,0,0.0390056,0,0,-2.94209e-07,-0.0217709,0.00116447,0.00111446,0.0010481,0.0288654,0,0.0343059,-0.0255559,-0.0311182,0.01095,
2.845,0.00281737,-0.00212809,0.00235299,-0.00246651,0.00120255,0.0174375,-0.00158881,0.0132569,0.00112939,0.00025791,-5.59153e-05,-7.90692e-05,0.00754503,0.00322559,0.0211288,0.026972,0.0120775,0.0024235,0.000994234,0.000222162,0.00570234,0.00306994,-0.000429382,-0.00136744,0.00737249,0.0311972,0.0107323,-0.00048602,0.0323443,0.00137643,0.0399559,-0.000248184,0.00567773,-0.000231301,0.00356398,0.00117895,-8.30166e-05,0.0292041,-0.00149963,0.0318375,0.0133271,0.0027658,0.00434412,-0.00248869,0.00956661,0.0315771,-0.00175604,-0.00168739,0.00119703,0.00092391,-3.16203e-05,0.00106014,0.00197225,0.00255937,0.0342509,0.033927,0.0225488,0.00374529,0.00221044,0.00167458,0.00534222,0.00326944,0.00131491,0.00157997,0.0138449,0.0428912,0.0468862,-1.32047e-05,0.0464384,0.00153809,0.0408727,-0.000545149,-0.000797822,0.00735166,0.00350295,0.00140584,0.000392295,0.00339705,-0.0014043,0.0105581,0,0.00250421,0.00138822,0.00282094,0.0350294,0,0.0400804,0,0,0.0398485,-0.0269053,0.00111773,0.00106471,0.00108059,0.029063,0,0.0347985,-0.0266884,-0.0324347,0.010985,
2.85,0.00269368,-0.00219852,0.00249135,-0.00247578,0.00180517,0.0177027,-0.00156348,0.0130624,0.0011567,0.000285752,-5.6488e-05,-8.08696e-05,0.00751934,0.00320552,0.0208535,0.0268626,0.0121376,0.00221145,0.000891276,5.70484e-05,0.00502328,0.00270874,-0.000726553,-0.00135276,0.00750447,0.0311122,0.0105365,-0.000566851,0.0324505,0.00135961,0.0397378,-0.000203902,0.00559977,-0.000261815,0.00349228,0.00122062,-8.46313e-05,0.0289337,-0.00150609,0.0316711,0.0131068,0.00267879,0.00421366,-0.00252011,0.00948197,0.0316298,-0.00176799,-0.00158192,0.00120216,0.000930667,-3.21315e-05,0.00103604,0.00200767,0.00256452,0.033691,0.0334047,0.0221174,0.00367473,0.00211589,0.00152163,0.00520792,0.00313489,0.00113788,0.00158113,0.0139128,0.0427781,0.0468962,-0.000287894,0.0464845,0.00156797,0.0411345,-0.000558016,-0.000814917,0.00725715,0.003521,0.00141298,0.000362356,0.00320293,-0.00141655,0.0101013,0,0.00274241,0.00138004,0.00273786,0.0358902,0,0.0412074,0,0,0.00885775,-0.0296963,0.00103854,0.00103656,0.000978999,0.0293234,0,0.0353166,-0.0276329,-0.0338346,0.0110401,
2.855,0.00258166,-0.00227175,0.00263365,-0.00248136,0.00087112,0.0179897,-0.00153369,0.0129698,0.00118221,0.000316012,-5.67744e-05,-8.25951e-05,0.00747554,0.00318077,0.0206291,0.0267931,0.0122638,0.00200364,0.000807815,-0.000192897,0.00433811,0.00235484,-0.00104252,-0.00133489,0.00765779,0.0310497,0.0103421,-0.000637804,0.0326406,0.00133498,0.0394596,-0.000155101,0.00552647,-0.000291387,0.00341639,0.00126199,-8.60561e-05,0.028657,-0.00151111,0.0314138,0.0129195,0.00258771,0.00410121,-0.00254591,0.0094225,0.0317017,-0.00177483,-0.00146777,0.00120857,0.000938889,-3.27157e-05,0.00101255,0.002041,0.00256452,0.0330968,0.0328542,0.0216481,0.00359148,0.00201703,0.00137066,0.00504455,0.00298739,0.000945779,0.0015882,0.0139917,0.0426616,0.0469001,-0.000396219,0.0464952,0.00158942,0.0412657,-0.000562762,-0.000819663,0.00717381,0.00353028,0.00142243,0.00032952,0.00301628,-0.00142668,0.00961737,0,0.00299076,0.00137113,0.00267518,0.0367985,0,0.0423395,0,0,0.000167601,-0.0314019,0.00104161,0.0010238,0.00116965,0.0296265,0,0.0358564,-0.0284887,-0.0352285,0.0111155,
2.86,0.00247022,-0.00234697,0.00276477,-0.00248439,0.00311682,0.0182331,-0.00150016,0.0129733,0.00120633,0.000348065,-5.71324e-05,-8.42455e-05,0.00741064,0.00315201,0.0204548,0.0267623,0.0124534,0.00179909,0.000735528,-0.000649877,0.00365877,0.00201795,-0.00135644,-0.00131494,0.00779932,0.0310098,0.0101605,-0.000697934,0.0328463,0.00130444,0.0391287,-0.000107091,0.00545963,-0.000321524,0.00333851,0.00130305,-8.73859e-05,0.0283746,-0.00151487,0.0310563,0.0127677,0.00249664,0.00400849,-0.00256705,0.0093854,0.0317574,-0.00177692,-0.00134398,0.00121638,0.00094874,-3.30809e-05,0.000988751,0.00207303,0.00255997,0.0324835,0.0322911,0.0211477,0.00349535,0.00191196,0.00122337,0.00484728,0.00282537,0.0007288,0.00160064,0.0140689,0.0425433,0.0468998,-0.000509841,0.0464389,0.0016037,0.0412662,-0.000559598,-0.000812967,0.00709509,0.00353152,0.00143377,0.00029369,0.0028345,-0.00143496,0.00913789,0,0.00322564,0.00134877,0.00263086,0.0377169,0,0.043429,0,0,0.0375215,-0.0327941,0.000881071,0.00102257,0.000801854,0.0299583,0,0.0364209,-0.0292813,-0.0362757,0.0111969,
2.865,0.00235046,-0.00242381,0.00281892,-0.00248637,0.000582674,0.0183425,-0.00146358,0.0130609,0.00122921,0.0003816,-5.71324e-05,-8.56708e-05,0.00729346,0.00312016,0.0203317,0.0267696,0.0127118,0.00159291,0.000657198,-0.00151055,0.00300272,0.00169951,-0.00161742,-0.00129377,0.00791763,0.0309253,0.00994373,-0.000746639,0.032977,0.0012693,0.0387548,-6.63105e-05,0.00540019,-0.000352697,0.00326079,0.001344,-8.84307e-05,0.0280556,-0.00151806,0.0305958,0.012634,0.00239821,0.00393129,-0.00258399,0.00936452,0.0316399,-0.00177449,-0.00120917,0.00122546,0.000960218,-3.37381e-05,0.000962429,0.00210406,0.00255165,0.0318678,0.0317318,0.0206303,0.00338498,0.00179777,0.00107977,0.00461588,0.00264574,0.000479108,0.0016163,0.0141137,0.0423929,0.0469026,-0.000626994,0.0461891,0.00161194,0.0411494,-0.000548629,-0.000795482,0.00699538,0.00352533,0.00144722,0.000254577,0.00264081,-0.0014418,0.00869203,0,0.0033705,0.00129177,0.00257351,0.0384497,0,0.0443493,0,0,0.00835956,-0.0341481,0.00113153,0.000998348,0.0016039,0.030193,0,0.0369252,-0.030056,-0.0367567,0.0112668,
2.87,0.00226207,-0.00250161,0.00279227,-0.00248789,0.00429286,0.0183754,-0.00142453,0.0132136,0.00125111,0.00041615,-5.70608e-05,-8.70962e-05,0.00713805,0.00308594,0.0202561,0.0268161,0.0130294,0.0013832,0.000568378,-0.00241126,0.00241136,0.00142274,-0.00181364,-0.00127241,0.00802561,0.0308071,0.00967502,-0.000784778,0.0330336,0.0012312,0.0383507,-3.5584e-05,0.0053492,-0.000385471,0.00318475,0.00138516,-8.94756e-05,0.0276797,-0.00152057,0.0300384,0.0125165,0.00229529,0.00386272,-0.00259768,0.00935538,0.0314234,-0.0017681,-0.00106009,0.00123581,0.000972999,-3.43953e-05,0.000932358,0.00213469,0.00254006,0.0312655,0.0311911,0.0201095,0.00326065,0.00167314,0.000943224,0.00434551,0.00244609,0.000183499,0.00163411,0.0141458,0.0421967,0.04691,-0.000744378,0.0457605,0.0016149,0.0409222,-0.000530489,-0.000768117,0.00686171,0.00351223,0.00146244,0.000211503,0.00243286,-0.00144762,0.00830185,0,0.00344762,0.00122759,0.00250239,0.0389776,0,0.0450621,0,0,-0.000367467,-0.0353986,0.000417577,0.000991066,0.000390993,0.0303271,0,0.0373359,-0.0308174,-0.0369438,0.0113189,
2.875,0.00211766,-0.00257941,0.00272291,-0.00249025,0.000490059,0.0183854,-0.0013835,0.0134073,0.00127219,0.000451401,-5.69176e-05,-8.83715e-05,0.00709911,0.00304994,0.0202254,0.0268957,0.0133922,0.0011645,0.000441134,-0.00286863,0.00195166,0.00122051,-0.00196334,-0.0012519,0.00809031,0.0307448,0.00956021,-0.000813039,0.032925,0.00119113,0.0379285,-1.17484e-05,0.00530703,-0.000420034,0.00311797,0.00142663,-9.02354e-05,0.0272384,-0.00152288,0.0294021,0.0123709,0.00221044,0.00379706,-0.00260873,0.00934718,0.0310661,-0.00175789,-0.000890278,0.00124728,0.000987246,-3.49065e-05,0.000898002,0.00216542,0.0025261,0.030691,0.0306825,0.0195971,0.00312189,0.00153438,0.000813806,0.00403793,0.0022253,-0.000180518,0.00165191,0.0141175,0.0419393,0.0469261,-0.000859766,0.0450928,0.00161332,0.040595,-0.000505389,-0.000731586,0.00669098,0.00349294,0.00147935,0.000164664,0.00220803,-0.00145261,0.00797846,0,0.00336547,0.00113378,0.00239849,0.0393472,0,0.0455616,0,0,0.0273372,-0.0362059,0.00227762,0.000957272,0.00265679,0.0304098,0,0.0376696,-0.031592,-0.0370239,0.0113317,
2.88,0.00206953,-0.00265647,0.00254329,-0.00249375,0.00437806,0.0182907,-0.00134134,0.0136155,0.00129264,0.000486964,-5.65596e-05,-8.95718e-05,0.00705222,0.00301309,0.0202375,0.0270037,0.0137772,0.000938448,0.000277747,-0.00297304,0.00164607,0.00107639,-0.00208215,-0.00123243,0.00813582,0.0306348,0.00942908,-0.000832624,0.0327426,0.00115014,0.0375025,9.37611e-06,0.00527338,-0.000456199,0.00306596,0.0014684,-9.09003e-05,0.0267354,-0.00152539,0.0287162,0.0122203,0.00213943,0.00372698,-0.00261759,0.00933506,0.0306851,-0.00174397,-0.000687688,0.00125988,0.0010028,-3.54907e-05,0.000859744,0.00219636,0.00251036,0.0301572,0.0302175,0.0191074,0.0029707,0.00138339,0.000673568,0.00369469,0.00198448,-0.000620865,0.00166865,0.0140949,0.0416293,0.0469426,-0.000971622,0.0443641,0.00160779,0.0401813,-0.000474171,-0.000686866,0.00648657,0.00346849,-0.000193242,0.00011425,0.00198364,-0.00145691,0.00772163,0,0.00319956,0.00105115,0.0022981,0.0395399,0,0.0458433,0,0,0.00387228,-0.0364916,-0.000200803,0.000942216,0.00023626,0.0304184,0,0.037917,-0.0324124,-0.0370539,0.0113091,
2.885,0.00206296,-0.00273184,0.00238564,-0.00249952,0.000248933,0.01836,-0.00129796,0.0138142,0.00131253,0.000522917,-5.59153e-05,-9.0697e-05,0.00709072,0.0029759,0.0202834,0.0271277,0.0141518,0.000721094,9.0302e-05,-0.00305016,0.00147391,0.000984913,-0.00218134,-0.00121455,0.00820241,0.030576,0.00933424,-0.00084465,0.0326432,0.00110942,0.0370832,2.93709e-05,0.00524774,-0.00049387,0.00302856,0.0015109,-9.13752e-05,0.026227,-0.00152829,0.0280169,0.0121146,0.0020993,0.00365366,-0.00262523,0.00931418,0.0305804,-0.00172691,-0.000454559,0.0012734,0.00101965,-3.6148e-05,0.000819649,0.00222789,0.00249323,0.0296734,0.0298045,0.0186541,0.00280879,0.00122317,0.000517675,0.00331907,0.00172573,-0.000842018,0.00168422,0.0141549,0.0413234,0.0469522,-0.0010791,0.0438401,0.00159892,0.0396936,-0.000437258,-0.000634735,0.00628572,0.00343992,0.000141991,6.12297e-05,0.00178574,-0.00146113,0.00752298,0,0.00310042,0.000999511,0.00222634,0.0398686,0,0.0460934,0,0,-0.00112731,-0.0365116,0.00213879,0.000897049,0.00284206,0.0305853,0,0.0382341,-0.0332529,-0.037041,0.0112772,
2.89,0.0020688,-0.00280477,0.00222027,-0.00250737,0.00529775,0.0184597,-0.00125408,0.0139864,0.00133215,0.00055887,-5.53425e-05,-9.16723e-05,0.00716781,0.00293885,0.0203529,0.0272567,0.0144829,0.000506287,-0.000149249,-0.00311749,0.00126882,0.000894613,-0.00226861,-0.00119874,0.00829129,0.0305021,0.00923587,-0.000850663,0.0326119,0.00106961,0.0366869,4.82361e-05,0.00522892,-0.00053333,0.0030052,0.00155411,-9.16602e-05,0.0257325,-0.00153176,0.0273411,0.012075,0.00208408,0.00357377,-0.00263242,0.0092823,0.0305616,-0.00170684,-0.000190719,0.0012879,0.00103772,-3.68052e-05,0.000778406,0.00225992,0.0024755,0.0292449,0.0294467,0.0182476,0.00263699,0.00105383,0.000335554,0.00291132,0.00144375,-0.00110006,0.00169818,0.0142698,0.0410224,0.046957,-0.00117883,0.0434701,0.00158747,0.039157,-0.000395072,-0.000576104,0.0060943,0.00340815,0.00036716,5.89119e-06,0.00161152,-0.00146527,0.00736768,0,0.00298289,0.000916786,0.00215501,0.0401973,0,0.0463193,0,0,0.00265386,-0.0364516,-0.000372076,0.000870865,0.000152189,0.0308179,0,0.0386099,-0.0341191,-0.0369975,0.011246,
2.895,0.00214115,-0.00287424,0.00208718,-0.00251844,0.000157185,0.0187251,-0.00120969,0.0141236,0.00135142,0.000595134,-5.44118e-05,-9.24975e-05,0.00730927,0.00290259,0.0204345,0.0273742,0.0147388,0.000282991,-0.000464394,-0.00317968,0.00145701,0.00087273,-0.00234648,-0.0011852,0.0084453,0.0304244,0.00912385,-0.000851522,0.0327236,0.00102974,0.0363179,9.0711e-05,0.00521543,-0.000574204,0.00299543,0.00159835,-9.19451e-05,0.0252767,-0.0015361,0.0267194,0.0121167,0.00209065,0.00348429,-0.00263944,0.00924166,0.0307359,-0.0016841,9.55743e-05,0.00130324,0.00105669,-3.73894e-05,0.000737011,0.00229254,0.00245748,0.0288721,0.0291431,0.0178896,0.00245678,0.000877978,0.000103846,0.00247868,0.00113052,-0.00137471,0.00171079,0.0144631,0.0407441,0.0469557,-0.00126405,0.0433116,0.00157413,0.0385982,-0.000348773,-0.000511818,0.00592483,0.00337463,0.000528055,-5.13789e-05,0.00146359,-0.00146958,0.00723954,0,0.00291468,0.000928059,0.0020889,0.0406136,0,0.0465951,0,0,-0.000958631,-0.036357,0.00124158,0.00079444,0.00290225,0.0311638,0,0.039075,-0.0349416,-0.036933,0.011238,
2.9,0.00211212,-0.00293974,0.00195777,-0.00253272,0.00548655,0.0189279,-0.00116524,0.0142266,0.00137076,0.000631555,-5.34094e-05,-9.33977e-05,0.00747157,0.00286738,0.0205152,0.0274667,0.0148863,2.87165e-05,-0.000895609,-0.00323841,-7.71984e-06,0.000692046,-0.00241561,-0.00117381,0.00861833,0.0303149,0.00901152,-0.00084843,0.0328409,0.00098429,0.0359792,0.000148549,0.0052055,-0.00061649,0.0029991,0.00164361,-9.17552e-05,0.0248484,-0.00154141,0.0261685,0.0121989,0.00210224,0.00338251,-0.00264681,0.00918871,0.0308455,-0.00165915,0.000258076,0.00131943,0.00107663,-3.80466e-05,0.000695079,0.00232567,0.00243956,0.0285488,0.0288878,0.017583,0.00226973,0.000694001,-0.000230315,0.00201853,0.000775797,-0.00161793,0.00172108,0.0146397,0.0404682,0.0469505,-0.00133498,0.0431855,0.00155941,0.0380452,-0.000299099,-0.000442787,0.00576421,0.00334049,0.000659439,-0.000110484,0.00132473,-0.00147431,0.00712228,0,0.00281014,0.000757701,0.00201607,0.0409567,0,0.0468445,0,0,0.00623419,-0.036257,-0.000281573,0.000768338,9.34664e-05,0.0315177,0,0.0395604,-0.0355935,-0.0368542,0.0112466,
2.905,0.00211649,-0.00300037,0.0018555,-0.00255003,5.97516e-06,0.019055,-0.00112041,0.0143017,0.00139017,0.000668444,-5.22639e-05,-9.41479e-05,0.00763554,0.00283375,0.0205787,0.0275173,0.014903,-0.000290277,-0.00141302,-0.00329398,0.0244414,0.00107362,-0.00247646,-0.00116478,0.00877999,0.0301782,0.008898,-0.000842589,0.0328921,0.000935026,0.035682,0.000219717,0.00519764,-0.000660283,0.003016,0.00169001,-9.16602e-05,0.0244348,-0.00154797,0.0256919,0.0122816,0.00210743,0.00326822,-0.00265594,0.00912327,0.0308869,-0.00163211,0.000591855,0.00133639,0.00109747,-3.87039e-05,0.000651847,0.0023591,0.00242233,0.0282664,0.0286703,0.0173227,0.00207918,0.000499095,-0.000795364,0.00153657,0.000351246,-0.0018177,0.00172887,0.0147672,0.0401845,0.0469416,-0.0013941,0.0430276,0.00153997,0.0375268,-0.000247421,-0.000370116,0.00560281,0.00330717,0.000771288,-8.07382e-05,0.00118631,-0.0014798,0.00700003,0,0.00272201,0.000976966,0.0019426,0.0412307,0,0.0470343,0,0,-0.00151645,-0.0361606,0.00144655,0.000640773,0.00291987,0.0318615,0,0.0400292,-0.0360241,-0.0367708,0.0112613,
2.91,0.00206486,-0.00305577,0.00177913,-0.00257103,0.00542159,0.0191161,-0.00107532,0.0143611,0.00140965,0.000705801,-5.10468e-05,-9.4748e-05,0.0077929,0.0028019,0.02061,0.0275143,0.0147678,-0.000724843,-0.00188437,-0.00334816,0.00289406,-0.000189655,-0.00252931,-0.00115801,0.00892049,0.0300265,0.00878308,-0.000834858,0.0328824,0.000883792,0.0354331,0.000302182,0.00519001,-0.0007053,0.00304597,0.00173763,-9.11853e-05,0.0240326,-0.00155589,0.0252824,0.0123429,0.00210319,0.0031424,-0.00266656,0.00904283,0.0309016,-0.00160392,0.000993766,0.00135413,0.00111913,-3.92881e-05,0.000607467,0.00239272,0.00240599,0.028013,0.0284773,0.0171012,0.00188952,0.000287145,-0.00173834,0.00102489,-0.000163216,-0.00198075,0.0017337,0.0148511,0.0398976,0.0469282,-0.00144392,0.042868,0.00151261,0.0370718,-0.000196165,-0.00029504,0.00544036,0.00327612,0.000866229,-7.40744e-05,0.00105124,-0.0014863,0.00685899,0,0.00265589,0.000436803,0.00187511,0.0414788,0,0.0471962,0,0,-0.000767591,-0.0360765,-0.000521888,0.000655747,4.45311e-05,0.0322075,0,0.0404805,-0.0363091,-0.0366892,0.011276,
2.915,0.00200009,-0.00310572,0.00174377,-0.00259534,-0.000188989,0.019081,-0.00102972,0.0144227,0.00142927,0.000743782,-4.94002e-05,-9.51981e-05,0.00792553,0.00277202,0.020596,0.0274458,0.0144763,-0.00130992,-0.00208116,-0.00340115,-0.00297447,0.00248429,-0.00257471,-0.00115292,0.00902073,0.0298569,0.00867268,-0.000826697,0.0327798,0.000832097,0.0352427,0.000393232,0.00518134,-0.000751918,0.0030891,0.0017868,-9.07103e-05,0.0236378,-0.00156544,0.024928,0.0123572,0.00208321,0.00300806,-0.00267981,0.00894747,0.03085,-0.00157456,0.00141176,0.00137257,0.0011416,-3.98723e-05,0.000561481,0.00242605,0.00239104,0.0277743,0.0282942,0.0169081,0.00170356,4.75233e-05,-0.00269804,0.000454653,-0.000772704,-0.00211407,0.00173495,0.0148682,0.039608,0.04691,-0.0014863,0.0426799,0.0014816,0.0367076,-0.000149128,-0.000219898,0.00527522,0.00324879,0.000947832,-7.4171e-05,0.000917256,-0.00149407,0.0066883,0,0.00262354,0.00158722,0.00181979,0.0417147,0,0.0473337,0,0,0.0113009,-0.0360072,0.000202882,0.000448647,0.00285058,0.0325542,0,0.0409042,-0.0365359,-0.0366185,0.011276,
2.92,0.00189989,-0.00314993,0.00170682,-0.00262324,0.00472731,0.0188869,-0.000982856,0.0145091,0.00144937,0.000782698,-4.79683e-05,-9.57983e-05,0.00800217,0.00274458,0.0205267,0.0273045,0.0140321,-0.00195534,-0.0021774,-0.00345405,-0.00632633,-0.000824939,-0.00261267,-0.00114973,0.00905059,0.0296772,0.00855475,-0.000818709,0.0325687,0.000780666,0.0351188,0.000489817,0.00517022,-0.000799854,0.00314552,0.00183709,-9.00455e-05,0.0232432,-0.00157683,0.0246153,0.0123113,0.0020468,0.00286801,-0.00269613,0.00883542,0.0307043,-0.00154486,0.00179828,0.00139158,0.00116472,-4.04565e-05,0.000513505,0.00245888,0.00237797,0.0275353,0.0281057,0.0167281,0.00152315,-0.000236012,-0.0032726,-0.000173054,-0.00110766,-0.00222499,0.0017328,0.0148188,0.0393162,0.0468863,-0.00152215,0.0424584,0.00144907,0.0364534,-0.000110738,-0.000149697,0.00510574,0.00322609,0.00101967,-7.55231e-05,0.00078316,-0.00150311,0.00648206,0,0.00260932,-4.57257e-05,0.00177089,0.0419067,0,0.0474477,0,0,-0.00148311,-0.0359607,0.00181188,0.00054831,-3.7778e-05,0.0328631,0,0.0412837,-0.0367412,-0.036569,0.0112447,
2.925,0.00181076,-0.00318742,0.001759,-0.0026537,-0.000437054,0.0186211,-0.000934275,0.0146451,0.00146969,0.000822394,-4.61068e-05,-9.61734e-05,0.00804279,0.0027195,0.0203937,0.0270879,0.0134593,-0.00244366,-0.00223965,-0.00350684,-0.00788632,-0.0013638,-0.00264263,-0.00114756,0.00900653,0.029514,0.0084582,-0.000812094,0.0322647,0.000730089,0.0350627,0.000588322,0.00515636,-0.000849204,0.00321458,0.00188852,-8.90006e-05,0.0228636,-0.00158976,0.0243325,0.0122125,0.00199984,0.0027313,-0.00271543,0.00870827,0.0305706,-0.00151492,0.00213541,0.00141129,0.00118865,-4.08947e-05,0.000463922,0.00249081,0.00236678,0.0272825,0.0278971,0.0165476,0.0013511,-0.000576195,-0.00330112,-0.000872096,-0.00145802,-0.00231904,0.00172735,0.0147215,0.0390447,0.0468576,-0.00155202,0.0422612,0.0014163,0.0363184,-8.37393e-05,-9.33414e-05,0.00494156,0.00320938,0.00108447,-7.71649e-05,0.000643009,-0.00151392,0.00624085,0,0.00267619,0.00209193,0.00174248,0.0421965,0,0.0476103,0,0,-0.00154391,-0.0359207,-0.000758543,0.000253985,0.00258183,0.033224,0,0.0416755,-0.0369326,-0.0365378,0.0111798,
2.93,0.00172062,-0.00321969,0.00173469,-0.00268861,0.0031811,0.0182716,-0.000884932,0.014854,0.00149048,0.000863339,-4.42454e-05,-9.66235e-05,0.00803078,0.00269693,0.0201901,0.0267998,0.0127964,-0.00255555,-0.00229153,-0.0035629,-0.00873871,-0.00291776,-0.00266505,-0.001147,0.00891353,0.0293391,0.00834791,-0.000807971,0.0319255,0.000680891,0.0350856,0.000684908,0.00513872,-0.000900154,0.00329708,0.00194179,-8.81458e-05,0.0224944,-0.00160481,0.0240698,0.0120659,0.00194085,0.00259739,-0.00273965,0.0085609,0.0303707,-0.00148603,0.00243005,0.00143177,0.0012134,-4.14789e-05,0.000412273,0.00252164,0.00235807,0.0270008,0.0276537,0.0163439,0.00119161,-0.000964102,-0.00337186,-0.00156828,-0.00173741,-0.0023975,0.00171741,0.0146059,0.0387888,0.0468246,-0.00157689,0.0420906,0.00138516,0.0363386,-6.6443e-05,-5.90209e-05,0.00478209,0.00320041,0.00114244,-7.88067e-05,0.000489016,-0.00152658,0.00597202,0,0.00272135,-6.54523e-05,0.00170681,0.0424763,0,0.0478134,0,0,-0.00230846,-0.035936,-0.001149,0.000397834,-0.00020132,0.0335229,0,0.0420223,-0.0371462,-0.0365624,0.011072,
2.935,0.00161808,-0.00324482,0.00181572,-0.00272654,-0.000712008,0.0179178,-0.000836034,0.015151,0.0015119,0.000905609,-4.23839e-05,-9.69986e-05,0.00803537,0.00267712,0.0199181,0.0264494,0.0120932,-0.00263038,-0.0023385,-0.00362153,-0.00939067,-0.00408411,-0.00267659,-0.00114709,0.00878094,0.0292006,0.0083188,-0.000807198,0.0315737,0.000633269,0.0351793,0.000775619,0.00511775,-0.000952611,0.003392,0.00199619,-8.6816e-05,0.0221496,-0.00162189,0.0238215,0.0118627,0.00187736,0.00247319,-0.00276817,0.00839824,0.0301519,-0.0014583,0.00270077,0.00145289,0.00123896,-4.1917e-05,0.00035917,0.00255107,0.00235193,0.026681,0.0273639,0.0160993,0.00104814,-0.00135201,-0.00344177,-0.00212289,-0.00192563,-0.00245918,0.00170417,0.014462,0.0385639,0.0467881,-0.0015967,0.0419562,0.00135628,0.036512,-5.52637e-05,-4.15356e-05,0.00463667,0.00319969,0.0011938,-8.04485e-05,0.000316963,-0.00154136,0.00568689,0,0.00276717,0.00213402,0.00168353,0.042861,0,0.0481091,0,0,-0.00493987,-0.0359954,-0.00241063,0.000191471,0.00196035,0.0338347,0,0.0423662,-0.0373626,-0.0366287,0.0109188,
2.94,0.0015695,-0.00326213,0.00180799,-0.0027673,0.00110656,0.0175635,-0.000787897,0.0155421,0.00153367,0.000949127,-4.00929e-05,-9.72236e-05,0.00800853,0.00265994,0.0195848,0.0260513,0.0114003,-0.00268916,-0.00238308,-0.00368303,-0.00996106,-0.00453427,-0.00267185,-0.00114719,0.0086493,0.0290391,0.00828153,-0.000810978,0.031266,0.000587421,0.0353335,0.000857631,0.00509381,-0.00100658,0.0034986,0.00205192,-8.54862e-05,0.0218225,-0.00164071,0.0235861,0.0116083,0.00180324,0.00235826,-0.00280116,0.00821768,0.0298921,-0.00143196,0.00295979,-0.00240222,0.00126542,-4.23552e-05,0.000304384,0.00257871,0.00234866,0.026316,0.0270203,0.0157988,0.000925334,-0.0015433,-0.00350226,-0.00242892,-0.0020379,-0.00250305,0.00168708,0.014314,0.0383643,0.0467498,-0.00161151,0.0418626,0.00132999,0.036832,-4.72484e-05,-3.14605e-05,0.00450338,0.00320722,0.00124053,-8.20903e-05,0.000113657,-0.00155817,0.00539802,0,0.00282703,-9.80875e-05,0.00165513,0.0432652,0,0.0484879,0,0,-0.00714251,-0.0361194,-0.00372043,0.000268959,-0.000407533,0.0340736,0,0.0426514,-0.0375956,-0.036742,0.0107264,
2.945,0.00137375,-0.00327237,0.00185697,-0.00281148,0.000376146,0.0171175,-0.000741476,0.0160264,0.00155613,0.000994126,-3.7945e-05,-9.73737e-05,0.00792888,0.00264533,0.019196,0.0256236,0.010755,-0.00273888,-0.00242732,-0.00374947,-0.0104831,-0.00472728,-0.00263789,-0.00114766,0.00851138,0.0288297,0.00821881,-0.000819911,0.0309347,0.000543609,0.0355434,0.000928573,0.00506721,-0.00106205,0.00361636,0.00210889,-8.40614e-05,0.0214777,-0.00166175,0.0233647,0.0112809,0.00170975,0.00224839,-0.00283916,0.00801941,0.0294644,-0.00140794,0.00321211,-0.000957001,0.00129286,-4.27933e-05,0.000247303,0.00260406,0.00234816,0.0259032,0.0266201,0.0154264,0.000825177,-0.00165018,-0.00355373,-0.00258106,-0.00209201,-0.00253006,0.00166605,0.0141201,0.0381628,0.0467075,-0.00162211,0.0417073,0.00130734,0.0372851,-4.2186e-05,-2.58054e-05,0.00436865,0.00322444,0.00128454,-8.38287e-05,-0.000156697,-0.00157725,0.00511561,0,0.00287019,0.00214693,0.0016186,0.0435823,0,0.0488712,0,0,-0.00819303,-0.0363487,-0.00432458,0.000180915,0.000964808,0.0341657,0,0.0428016,-0.0378591,-0.0369228,0.0104801,
2.95,0.00155725,-0.00327487,0.00187416,-0.00285858,0.00398187,0.0166505,-0.000697023,0.0165989,0.00157907,0.00104076,-3.55108e-05,-9.76737e-05,0.00783378,0.00263336,0.0187675,0.0251842,0.0101794,-0.00278139,-0.00247076,-0.00382105,-0.0109495,-0.00484441,-0.00253359,-0.00114794,0.00837776,0.0286199,0.00817231,-0.000834686,0.0305949,0.000501965,0.0357957,0.000987315,0.00503853,-0.00111723,0.00374478,0.00216719,-8.22567e-05,0.0211139,-0.00168481,0.0231624,0.0108698,0.00160146,0.0021451,-0.00288233,0.0078023,0.0289561,-0.00138647,0.00346115,-0.000321042,0.0013211,-4.30124e-05,0.000187849,0.00262711,0.00235044,0.0254458,0.0261677,0.0149703,0.000753217,-0.00170533,-0.00359537,-0.00263566,-0.00210091,-0.0025396,0.00164118,0.0138929,0.0379626,0.046661,-0.00162863,0.0415217,0.0012886,0.0378443,-3.94439e-05,-2.32054e-05,0.00423363,0.00325095,0.00132686,-8.54705e-05,-0.00053941,-0.0015987,0.00484677,0,0.00291762,-0.000152813,0.00158347,0.0439167,0,0.049303,0,0,-0.00882931,-0.036685,-0.00458237,0.00019638,0.00017421,0.0341607,0,0.0428415,-0.0381545,-0.0371682,0.0101818,
2.955,0.000707589,-0.00326927,0.00189565,-0.00290862,-0.000938678,0.0160819,-0.000655047,0.0172473,0.00160264,0.00108834,-3.30766e-05,-9.78988e-05,0.00768252,0.00262388,0.0183119,0.0247478,0.00968389,-0.00281754,-0.00251477,-0.00389837,-0.0113425,-0.00493731,-0.00288016,-0.00114766,0.00824457,0.0283617,0.00809735,-0.000856504,0.0301989,0.000462685,0.0360803,0.00103318,0.00500821,-0.00117016,0.00388275,0.00222714,-8.0547e-05,0.0207148,-0.00170981,0.0229807,0.0103702,0.00147536,0.00204516,-0.00293068,0.00756339,0.0282795,-0.00136802,0.00371028,0.000144859,0.00135049,-4.33775e-05,0.000125411,0.00264756,0.00235549,0.0249532,0.0256707,0.0144236,0.000712581,-0.00172979,-0.00362774,-0.00261034,-0.00206921,-0.00253261,0.00161236,0.013619,0.0377425,0.0466082,-0.0016317,0.0412535,0.001274,0.0385083,-3.87057e-05,-2.39854e-05,0.00408802,0.00328685,0.00136887,-8.71123e-05,-0.00107482,-0.0016226,0.00459639,0,0.00293925,0.00204657,0.00153616,0.0441526,0,0.0497113,0,0,-0.00930043,-0.0371366,-0.00473451,0.000175433,0.00178995,0.0339945,0,0.0427181,-0.038486,-0.0374776,0.00983069,
2.96,0.00509403,-0.00325542,0.00190203,-0.0029615,-0.000943593,0.01542,-0.000615864,0.0179583,0.00162684,0.00113575,-3.06424e-05,-9.81238e-05,0.00751581,0.00261684,0.0178406,0.0243278,0.00926691,-0.00284823,-0.00255935,-0.00398162,-0.0116597,-0.00501889,-0.00168385,-0.00114662,0.00810037,0.0281028,0.00804569,-0.000885796,0.0297414,0.000426099,0.0363863,0.0010665,0.0049762,-0.00122036,0.00402998,0.00228852,-7.86473e-05,0.0202815,-0.00173683,0.0228032,0.00977366,0.0013387,0.00194985,-0.00298394,0.00730276,0.0274749,-0.00135294,0.00395984,0.000322168,0.00138086,-4.35236e-05,5.98362e-05,0.00266492,0.00236312,0.0244379,0.0251432,0.0137917,0.000707732,-0.001734,-0.00365208,-0.00251259,-0.0019997,-0.00250961,0.00157979,0.0133024,0.0375067,0.0465479,-0.00163155,0.0409239,0.001264,0.039266,-4.03931e-05,-2.79504e-05,0.00393336,0.00333192,0.00141109,-8.88507e-05,-0.00170842,-0.00164853,0.0043648,0,0.00292483,-0.000257537,0.00149377,0.0443655,0,0.0501026,0,0,-0.00968055,-0.0376863,-0.00485961,0.000209472,-0.000850789,0.0337077,0,0.0424634,-0.0388584,-0.0378624,0.00941959,
2.965,-0.000604463,-0.00323295,0.00188337,-0.00301759,-0.00118202,0.0146555,-0.000579794,0.0187071,0.00165172,0.00118255,-2.79934e-05,-9.83489e-05,0.00731677,0.00261217,0.0173645,0.0239299,0.00891619,-0.00287356,-0.00260439,-0.0040711,-0.0119076,-0.00509108,-0.00263184,-0.00114483,0.00795746,0.0278276,0.0079907,-0.000922733,0.0292812,0.000392468,0.0367147,0.00108774,0.00494277,-0.00126811,0.00418609,0.00235102,-7.65576e-05,0.01983,-0.00176568,0.0226327,0.00909242,0.00119011,0.00186176,-0.00304229,0.00701938,0.0266435,-0.00134145,0.00420966,0.00044767,0.00141236,-4.37427e-05,-8.72292e-06,0.00267949,0.00237331,0.0239142,0.0246005,0.0130891,0.000742819,-0.00172367,-0.0036693,-0.00234658,-0.00189425,-0.00247179,0.00154391,0.0129699,0.0372774,0.0464833,-0.00162879,0.0406596,0.00125853,0.0401083,-4.38735e-05,-3.49705e-05,0.00377659,0.00338556,0.00145373,-9.03959e-05,-0.00223518,-0.0016769,0.00414453,0,0.00287247,0.00165194,0.00148031,0.0445992,0,0.0504918,0,0,-0.00996535,-0.0383501,-0.00497773,-0.695256,-0.00147266,0.033351,0,0.0421253,-0.0392745,-0.0383194,0.00895029,
2.97,0.00390261,-0.00320186,0.00184359,-0.00307614,-0.00247988,0.0139515,-0.00054728,0.0194593,0.00167716,0.00122864,-2.5416e-05,-9.85739e-05,0.00714503,0.0026096,0.0168905,0.0235549,0.0086076,-0.00289371,-0.00265045,-0.004167,-0.0120914,-0.00515245,-0.00294064,-0.00114182,0.00785301,0.027559,0.00791305,-0.000967916,0.0288956,0.000362187,0.0370608,0.00109768,0.0049072,-0.00131388,0.00435146,0.00241507,-7.4468e-05,0.0193657,-0.00179637,0.0224702,0.00839725,0.00106963,0.00177767,-0.0031053,0.0067141,0.0257926,-0.00133368,0.00445904,0.000572821,0.00144485,-4.38887e-05,-8.04958e-05,0.00269087,0.00238569,0.0233989,0.0240578,0.0123379,0.000819181,-0.00170121,-0.00367995,-0.00211364,-0.00175307,-0.00242025,0.00150481,0.0127296,0.0370492,0.0464144,-0.00162387,0.040422,0.00125758,0.0410164,-4.93577e-05,-4.49807e-05,0.00361924,0.00344725,0.00149742,-9.20377e-05,-0.00231628,-0.00170747,0.00394622,0,0.00279013,-0.000410804,0.00138228,0.0447912,0,0.0508957,0,0,-0.0100975,-0.0391532,-0.00509993,0.039853,-0.00315574,0.0328788,0,0.0416835,-0.039735,-0.0388562,0.00843627,
2.975,-0.00118807,-0.00316171,0.00180308,-0.00313781,-0.00463104,0.0131905,-0.000518639,0.020175,0.00170316,0.00127426,-2.26238e-05,-9.8874e-05,0.00696109,0.00260914,0.0164229,0.0231984,0.00832326,-0.00290871,-0.00269732,-0.00427013,-0.0122176,-0.00520334,-0.00304289,-0.00113749,0.00774968,0.0272708,0.00782542,-0.00102152,0.0284759,0.000335716,0.0374263,0.00109723,0.00486903,-0.00135833,0.00452675,0.00248015,-7.23783e-05,0.0188859,-0.0018285,0.022312,0.00769155,0.000961862,0.00169972,-0.00317312,0.00638803,0.0248325,-0.00132973,0.000193299,0.000678474,0.00147855,-4.38887e-05,-0.000155865,0.00269915,0.00240015,0.0229049,0.0235306,0.0115654,0.000934457,-0.00166873,-0.00368651,-0.00181531,-0.00157464,-0.0023561,0.00146284,0.012512,0.0368143,0.0463376,-0.00161743,0.0401391,0.00126098,0.0419744,-5.68457e-05,-5.80459e-05,0.00345458,0.00351584,0.00154205,-9.36795e-05,-0.00238073,-0.00173973,0.00377745,0,0.00267581,0.000731247,0.00135953,0.0449106,0,0.0512708,0,0,-0.0101156,-0.0401009,-0.0052272,0.0205154,-0.00455392,0.0323045,0,0.0411393,-0.0402468,-0.0394731,0.00787996,
2.98,-0.00181645,-0.00311272,0.00177091,-0.00320232,-0.00578164,0.0126473,-0.000494254,0.0208168,0.00172985,0.0013195,-2.00464e-05,-9.93241e-05,0.0068365,0.00261039,0.0159597,0.0228536,0.00803932,-0.00291861,-0.00274509,-0.00438027,-0.0122872,-0.00524132,-0.00309676,-0.00113185,0.00770786,0.0270001,0.00773499,-0.00108328,0.0281765,0.00031358,0.0378192,0.00108695,0.00482686,-0.00140184,0.00471299,0.00254594,-7.00987e-05,0.018418,-0.00186209,0.0221505,0.00702134,0.00088082,0.00162511,-0.0032456,0.00604033,0.024029,-0.00132962,0.00255797,0.000767656,0.00151331,-4.39618e-05,-0.000130614,0.00270414,0.00241649,0.0224419,0.0230281,0.0108002,0.00108527,-0.00162712,-0.00368913,-0.00145093,-0.00135592,-0.00228079,0.00141926,0.0123913,0.0366043,0.0462585,-0.00160975,0.0399815,0.00126859,0.0429627,-6.61266e-05,-7.41011e-05,0.00329742,0.00359052,0.00158742,-9.53214e-05,-0.00244194,-0.00177376,0.00364264,0,0.00257602,0.000348533,0.00124634,0.0451364,0,0.0517343,0,0,-0.00996417,-0.041178,-0.00535738,-0.064833,-0.00522697,0.0317445,0,0.0405799,-0.0408036,-0.0401638,0.00730406,
2.985,-0.00365522,-0.00305415,0.00169491,-0.00326995,-0.00630823,0.0119872,-0.000474694,0.0213762,0.00175702,0.00136442,-1.73259e-05,-9.96992e-05,0.00665734,0.00261342,0.0154989,0.02251,0.00773451,-0.0029237,-0.00279343,-0.00449684,-0.0123032,-0.00526899,-0.0031417,-0.00112413,0.00767328,0.0266671,0.00760611,-0.00115037,0.0278114,0.000296108,0.0382487,0.00106786,0.00477995,-0.00144441,0.00491164,0.00261256,-6.77241e-05,0.017943,-0.00189702,0.0219784,0.00635726,0.000779799,0.00155524,-0.00332229,0.00567203,0.0230297,-0.00133345,0.00388457,0.000843957,0.00154913,-4.38887e-05,-0.000121356,0.00270593,0.00243431,0.0220147,0.0225561,0.0100529,0.00126434,-0.0015782,-0.00368962,-0.000995392,-0.00109238,-0.0021956,0.00137452,0.0122541,0.0363899,0.0461707,-0.00160146,0.0397484,0.00128004,0.0439645,-7.7095e-05,-9.34714e-05,0.00313112,0.00367036,0.00163395,-9.68666e-05,-0.00250402,-0.00180923,0.00354258,0,0.00240688,0.00127323,0.00125627,0.0452155,0,0.052108,0,0,-0.00971507,-0.0423909,-0.00549263,-0.0104956,-0.00557764,0.031064,0,0.0399247,-0.0414091,-0.0409282,0.00669629,
2.99,-0.004989,-0.00298645,0.00167232,-0.00334004,-0.00659282,0.0116184,-0.000460088,0.0218561,0.00178475,0.00140965,-1.46769e-05,-0.000100299,0.00654537,0.00261769,0.0150367,0.0221591,0.00738914,-0.00292356,-0.00284223,-0.00462033,-0.0122689,-0.00528325,-0.00318534,-0.00111435,0.00771148,0.0263588,0.0074637,-0.0012202,0.027579,0.000283891,0.0387163,0.00104007,0.00472667,-0.00148651,0.00512418,0.00267969,-6.53494e-05,0.017482,-0.00193321,0.0217885,0.00574854,0.000701352,0.00148807,-0.00340311,0.0052891,0.0222195,-0.00134076,0.00440657,0.000910756,0.00158593,-4.38157e-05,-0.000119902,0.00270464,0.00245322,0.0216213,0.0221117,0.00932358,0.0014628,-0.00152245,-0.00368864,-0.000404013,-0.000770178,-0.00210198,0.00132978,0.0122162,0.0361994,0.0460805,-0.00159309,0.0396256,0.00129482,0.044971,-9.00672e-05,-0.000116677,0.00297059,0.00375411,0.00168131,-9.84118e-05,-0.0025676,-0.00184605,0.00347545,0,0.0022753,-0.00082788,0.00105967,0.0453932,0,0.0525185,0,0,-0.009302,-0.0437208,-0.00558139,-0.00292991,-0.00581664,0.0303941,0,0.0392572,-0.0420616,-0.041758,0.00609036,
2.995,-0.00551353,-0.00290887,0.00155065,-0.00341269,-0.00682652,0.0109689,-0.000450817,0.0222636,0.00181297,0.00145481,-1.20279e-05,-0.00010105,0.00635367,0.00262329,0.0145635,0.0217936,0.00700633,-0.0029184,-0.00289183,-0.00474985,-0.0121847,-0.0052892,-0.00322916,-0.00110184,0.00772266,0.0259687,0.00729369,-0.00129116,0.0271505,0.000276994,0.0392224,0.00100403,0.00466619,-0.00152804,0.00535207,0.00274681,-6.31648e-05,0.0169931,-0.00197026,0.0215771,0.00511672,0.000582427,0.00142436,-0.00348744,0.00488948,0.021062,-0.00135166,0.00468478,0.000970938,0.0016237,-4.37427e-05,-0.000121738,0.00270015,0.00247303,0.021258,0.0216897,0.00859454,0.00167045,-0.00146109,-0.00368774,0.000392785,-0.000356045,-0.00200128,0.0012854,0.0120906,0.0359788,0.0459738,-0.0015848,0.0392912,0.00131244,0.0459617,-0.000104938,-0.000144497,0.00279005,0.00384097,0.00172941,-9.9957e-05,-0.00263335,-0.00188405,0.00343685,0,0.00204184,-0.00175539,0.00128211,0.0453054,0,0.052759,0,0,-0.00885128,-0.0451736,-0.00569144,-0.00212287,-0.00602883,0.0295388,0,0.0384547,-0.0427593,-0.0426046,0.00545442,
3,-0.0056187,-0.00282135,0.00159276,-0.00348703,-0.00699672,0.0106614,-0.00044707,0.0226126,0.00184153,0.00149996,-9.52206e-06,-0.0001018,0.00634033,0.00262987,0.0140806,0.021409,0.00658818,-0.00290814,-0.0029412,-0.00488471,-0.0120492,-0.00528081,-0.00327307,-0.00108603,0.00777205,0.0256985,0.00724042,-0.00136314,0.0267982,0.000275746,0.0397641,0.000960091,0.00459749,-0.00156891,0.00559693,0.00281394,-6.09802e-05,0.0165174,-0.00200935,0.0213413,0.00451921,0.000516868,0.00136635,-0.0035751,0.00447989,0.0202062,-0.0013657,0.00490285,0.00102647,0.00166237,-4.35966e-05,-0.000124876,0.00269256,0.00249333,0.0209148,0.0212811,0.00786797,0.00188244,-0.00139492,-0.00368716,0.00140931,0.000150272,-0.0018948,0.00124191,0.0120424,0.0357851,0.0458599,-0.00157697,0.0390547,0.00133219,0.0469188,-0.000121812,-0.000177908,0.00261903,0.00392947,0.00177793,-0.000101695,-0.00270062,-0.00192282,0.00342157,0,0.00183893,-0.00358633,0.000593107,0.0454226,0,0.0530937,0,0,-0.00829189,-0.0467146,-0.00581047,-0.00203016,-0.00623396,0.0287634,0,0.0376979,-0.0434985,-0.0435031,0.00483501,
3.005,-0.00565225,-0.0027227,0.00135986,-0.00356327,-0.00717511,0.0100447,-0.000449039,0.0229223,0.00187043,0.00154535,-7.08785e-06,-0.000102925,0.00621424,0.00263724,0.0135894,0.0210024,0.00614042,-0.00289286,-0.00299068,-0.0050249,-0.0118607,-0.00526145,-0.00331671,-0.00106655,0.00778083,0.0253331,0.00714473,-0.00143555,0.0262973,0.000279818,0.0403376,0.000908014,0.00451982,-0.00160922,0.00585972,0.00288066,-5.87005e-05,0.0160293,-0.00206619,0.0210796,0.0039115,0.000405641,0.00131061,-0.00366521,0.00406442,0.0191606,-0.00138264,0.0051051,0.00107863,0.00170177,-4.35966e-05,-0.000128472,0.00268209,0.00251402,0.0205831,0.0208781,0.0071414,0.00209289,-0.00132474,-0.00368848,0.00235186,0.000558155,-0.00178269,0.00119994,0.0119321,0.0355885,0.0457326,-0.00156998,0.0387237,0.00135345,0.0478413,-0.000141007,-0.000218338,0.00243974,0.0040189,0.00182729,-0.000103337,-0.00277004,-0.00196546,0.0034218,0,0.00160329,-0.00464157,0.00265606,0.0453615,0,0.0533269,0,0,-0.00772465,-0.0483338,-0.00593542,-0.00209047,-0.00644478,0.0278831,0,0.0368838,-0.044278,-0.0444417,0.00420948,
3.01,-0.00553016,-0.00261315,0.00168705,-0.00364046,-0.0073029,0.00997582,-0.000456659,0.023204,0.00189969,0.00159059,-4.79683e-06,-0.000104125,0.00624329,0.00264507,0.0130891,0.020576,0.00567831,-0.002872,-0.00303948,-0.00516896,-0.0116151,-0.00522514,-0.00335941,-0.00104228,0.00787177,0.0250867,0.007108,-0.00150848,0.0260436,0.000288554,0.040935,0.000848142,0.00443289,-0.00164887,0.0061408,0.00294645,-5.67058e-05,0.0155792,-0.00213653,0.0207916,0.00339756,0.000349768,0.0012663,-0.00375743,0.00365166,0.0187186,-0.00140202,0.0053027,0.00112685,0.00174174,-4.35236e-05,-0.000132451,0.00266881,0.00253462,0.020254,0.020473,0.00641436,0.00229869,-0.00125145,-0.00369159,0.00312268,0.00106182,-0.00166325,0.00116075,0.0119684,0.0354525,0.0456109,-0.00156407,0.0386549,0.00137497,0.0486994,-0.000162733,-0.000266894,0.00228489,0.00410802,0.00187665,-0.000104882,-0.00284152,-0.00202584,0.00342938,0,0.00155718,-0.00512728,-0.000313747,0.0456319,0,0.0537816,0,0,-0.00703385,-0.0499818,-0.00606626,-0.00219152,-0.00657083,0.0271769,0,0.0362054,-0.0451047,-0.0454299,0.00365685,
3.015,-0.00538809,-0.00249218,0.000994356,-0.00371802,-0.00743252,0.00974271,-0.000469932,0.0234657,0.00192901,0.00163582,-2.72059e-06,-0.000105701,0.00620294,0.00265336,0.0125857,0.0201331,0.00521542,-0.0028454,-0.0030876,-0.00531637,-0.0112586,-0.00517559,-0.00340063,-0.00101245,0.00797811,0.0247479,0.00702734,-0.00158167,0.0257339,0.000301428,0.0415475,0.000780137,0.00433684,-0.00168748,0.00643937,0.00301122,-5.48061e-05,0.0151165,-0.00221306,0.0204757,0.00293949,0.000274175,0.00120355,-0.00385106,0.00325428,0.017894,-0.00142326,0.00549841,0.00117112,0.00178229,-4.34506e-05,-0.000136812,0.00265275,0.00255492,0.0199228,0.0200615,0.00568756,0.00249888,-0.00117535,-0.0036979,0.00376844,0.00168526,-0.001537,0.00112353,0.0119956,0.0353001,0.045477,-0.00155923,0.0384552,0.00139617,0.0495066,-0.000187095,-0.00032442,0.00212475,0.00419601,0.00192602,-0.000106814,-0.00291517,-0.00209518,0.00343436,0,0.00129716,-0.00544527,0.00268885,0.0456549,0,0.0541486,0,0,-0.00632029,-0.0516932,-0.00620152,-0.00230256,-0.00670374,0.0263344,0,0.0354668,-0.045941,-0.0464156,0.00315508,
3.02,-0.00521655,-0.00235972,0.00271051,-0.00379596,-0.00757882,0.00942947,-0.000488729,0.0237152,0.00195847,0.00168066,-7.87539e-07,-0.000107426,0.00611561,0.00266185,0.0120824,0.0196777,0.00477171,-0.00281294,-0.00313457,-0.00546715,-0.0108432,-0.0051138,-0.00343962,-0.000976044,0.0080959,0.0244295,0.00692457,-0.00165503,0.0254174,0.000317981,0.042163,0.000703773,0.00423197,-0.00172544,0.00675395,0.00307465,-5.31914e-05,0.014619,-0.00229296,0.0201315,0.00254001,0.000173154,0.00120182,-0.0039453,0.0028843,0.0171222,-0.00144611,0.00569282,0.0012123,0.00182315,-4.35966e-05,-0.000141327,0.00263419,0.00257442,0.0195871,0.0196436,0.00496771,0.00269466,-0.00109685,-0.00370716,0.0043585,0.00223344,-0.00140393,0.00108729,0.0120261,0.0351272,0.0453316,-0.00155601,0.0381672,0.00141592,0.0502744,-0.000214516,-0.000390721,0.00195711,0.00428193,0.00197538,-0.000108649,-0.00299044,-0.0021689,0.00342859,0,0.00130286,-0.00572389,-0.000842567,0.0455183,0,0.0543914,0,0,-0.00558242,-0.0535499,-0.00634027,-0.00241335,-0.00684106,0.0253521,0,0.0346433,-0.0467988,-0.0474313,0.00274888,
3.025,-0.00501015,-0.00221598,0.000170044,-0.00387305,-0.00773639,0.00906741,-0.000512924,0.0239621,0.00198786,0.00172504,8.59133e-07,-0.000109677,0.00598836,0.00267054,0.0115913,0.0192174,0.00435877,-0.00277425,-0.00318007,-0.00561922,-0.0103642,-0.00503817,-0.0034759,-0.000931259,0.00821412,0.0241084,0.00679644,-0.00172821,0.0250832,0.000338015,0.0427725,0.000618597,0.00411895,-0.00176226,0.00708197,0.00313624,-5.15767e-05,0.0140768,-0.00237441,0.019761,0.00222258,4.15155e-05,0.00101821,-0.00403954,0.00254937,0.0162765,-0.00147002,0.00588535,0.00125108,0.00186418,-4.38157e-05,-0.0001463,0.00261324,0.00259314,0.0192525,0.019225,0.0042654,0.00288413,-0.00101584,-0.0037202,0.00492126,0.00265667,-0.00126396,0.00105132,0.0120665,0.0349282,0.0451736,-0.00155401,0.0378136,0.00143416,0.0508423,-0.00024489,-0.000464432,0.00178176,0.00436496,0.0020239,-0.000110774,-0.00306646,-0.00224482,0.00340505,0,0.000925773,-0.00599679,-0.000893719,0.0452414,0,0.0544988,0,0,-0.00481512,-0.0553514,-0.00648209,-0.00251956,-0.0069817,0.0242663,0,0.0337566,-0.0476862,-0.0484561,0.0023966,
3.03,-0.00469465,-0.00206105,0.00694821,-0.0039492,-0.00786398,0.00909714,-0.000542199,0.0242179,0.00201712,0.00176895,2.29102e-06,-0.000112077,0.00593141,0.00267916,0.0111132,0.0187574,0.00398744,-0.00272863,-0.00322339,-0.00577217,-0.00981949,-0.0049446,-0.00350856,-0.000877724,0.00840796,0.0238635,0.00668314,-0.00180071,0.0250148,0.000360873,0.0433616,0.000523706,0.00399897,-0.00179786,0.00741999,0.00319608,-5.04369e-05,0.0135386,-0.00245701,0.0193676,0.00205613,-8.63176e-05,0.00153702,-0.00413308,0.002277,0.0158141,-0.00149438,0.00607538,0.00128804,0.00190513,-4.41078e-05,-0.00015158,0.00259019,0.00261076,0.018923,0.0188111,0.0036015,0.00306652,-0.000930916,-0.003737,0.00547234,0.00300917,-0.00111641,0.00101678,0.0122413,0.0347666,0.0450271,-0.00155363,0.0377145,0.00145058,0.0514616,-0.000278111,-0.000543148,0.00162701,0.00444398,0.002072,-0.000112995,-0.00314227,-0.00232184,0.00336034,0,0.00172301,-0.00618233,-0.00140599,0.0452148,0,0.0547666,0,0,-0.00393563,-0.0569411,-0.0066255,-0.00261849,-0.00712419,0.023349,0,0.0330013,-0.0485724,-0.0494598,0.00221157,
3.035,-0.0043701,-0.0018961,2.70105e-05,-0.00402373,-0.0079937,0.0089477,-0.000576047,0.0244924,0.00204616,0.00181215,3.36494e-06,-0.000114928,0.00579948,0.00268785,0.010651,0.0183043,0.00364807,-0.00267586,-0.00326421,-0.00592403,-0.00920219,-0.00482722,-0.00353721,-0.000815157,0.00861445,0.0235257,0.00651098,-0.00187218,0.0248761,0.000386031,0.0439239,0.000418423,0.0038732,-0.00183252,0.00776418,0.00325376,-4.9582e-05,0.012965,-0.0025401,0.0189589,0.0018659,-0.000265526,-0.000115147,-0.00422565,0.00205346,0.0148318,-0.00151852,0.00626223,0.00132372,0.00194584,-4.4692e-05,-0.000157319,0.00256514,0.002627,0.0186051,0.0184098,0.0030018,0.00323749,-0.000842085,-0.00375773,0.00601154,0.00332064,-0.000958217,0.000983041,0.0123962,0.034567,0.0448678,-0.00155463,0.0374667,0.00146474,0.0521088,-0.000313653,-0.000623945,0.00146629,0.00451855,0.00211968,-0.000115506,-0.0032184,-0.00239936,0.00329151,0,-0.000110611,-0.00638214,-0.00338404,0.0449005,0,0.0548725,0,0,-0.00300672,-0.0589189,-0.00676915,-0.00270686,-0.00726767,0.0223239,0,0.0321843,-0.0494612,-0.050546,0.00187583,
3.04,-0.00397991,-0.00172032,0.00693274,-0.00409581,-0.00810183,0.00902646,-0.000614086,0.0247756,0.00207486,0.00185435,4.08088e-06,-0.000118079,0.00573034,0.00269627,0.0102047,0.0178534,0.00333648,-0.00261589,-0.00330184,-0.00607452,-0.00853799,-0.00469642,-0.00356113,-0.000743088,0.00886904,0.0232588,0.00635965,-0.00194219,0.024869,0.000412764,0.0444559,0.000301504,0.00374336,-0.00186548,0.00811094,0.00330888,-4.91071e-05,0.012397,-0.00262329,0.0185441,0.0018175,-0.000507267,0.00513171,-0.00431656,0.00185911,0.0140325,-0.00154219,0.00644572,0.00135843,0.00198613,-4.53492e-05,-0.00016344,0.0025383,0.00264166,0.0183066,0.0180266,0.0025047,0.00339825,-0.000753054,-0.00378232,0.00653951,0.00360534,-0.000781022,0.000950559,0.0126089,0.0343924,0.0447149,-0.00155716,0.0373886,0.00147612,0.0525417,-0.000350566,-0.000704156,0.00132116,0.00458725,0.00216694,-0.00011821,-0.0032942,-0.00247689,0.00319768,0,0.00402591,-0.00658704,-0.00525392,0.0447553,0,0.0550593,0,0,-0.00192717,-0.0605058,-0.00691165,-0.00278214,-0.00741096,0.0214964,0,0.0314805,-0.0504192,-0.0513401,0.00210313,
3.045,-0.00355063,-0.00152789,-0.000385146,-0.0041659,-0.00820322,0.00910127,-0.000655872,0.0250238,0.00210308,0.00189537,4.43885e-06,-0.000121905,0.00561979,0.00270423,0.0097734,0.0174027,0.00303793,-0.00254827,-0.00333581,-0.00622163,-0.00785166,-0.00455095,-0.00357983,-0.000660857,0.00915564,0.0229544,0.0061731,-0.00201039,0.0248295,0.000440089,0.0449498,0.000171594,0.00361114,-0.00189712,0.00845696,0.00336133,-4.89171e-05,0.0118005,-0.00270579,0.0181325,0.00167789,-0.000863781,-0.00119417,-0.00440501,0.00170521,0.0129737,-0.00156458,0.00661837,0.00139235,0.00202586,-4.63716e-05,-0.000170174,0.00250977,0.00265473,0.0180314,0.0176669,0.00214554,0.00354651,-0.000667332,-0.00381101,0.00705493,0.00387192,-0.000586363,0.00091772,0.0128227,0.0341761,0.044549,-0.00156092,0.0372027,0.00148436,0.0529482,-0.000387901,-0.000781442,0.00117209,0.00464945,0.00221346,-0.000121397,-0.00336958,-0.00255399,0.00307792,0,-0.000716883,-0.00679367,-0.00618277,0.0443698,0,0.0551138,0,0,-0.000486327,-0.0620885,-0.00705139,-0.00283958,-0.00755257,0.0206018,0,0.0307158,-0.0511009,-0.0524614,0.000855129,
3.05,-0.00308474,-0.00131571,0.00462199,-0.00423287,-0.00829853,0.00917609,-0.000700706,0.0252817,0.0021308,0.00193514,4.51045e-06,-0.000126181,0.00550085,0.00271161,0.00935389,0.0169439,0.00274199,-0.00247301,-0.00336614,-0.00636539,-0.00715804,-0.00439039,-0.00359295,-0.000568183,0.00945523,0.0226735,0.00598204,-0.00207628,0.0248127,0.000467217,0.045392,2.76765e-05,0.00347811,-0.00192717,0.00879975,0.00341071,-4.92021e-05,0.0111958,-0.00278753,0.0177346,0.00174786,-0.00134631,-0.00193034,-0.00449039,0.00159447,0.0120599,-0.00158535,0.00675515,0.00142551,0.00206469,-4.754e-05,-0.000177443,0.00247993,0.00266572,0.0177819,0.0173309,0.00190453,0.00368233,-0.000587224,-0.00384306,0.00755648,0.00411961,-0.000380118,0.000884701,0.013033,0.0339574,0.0443825,-0.00156591,0.0371012,0.00148889,0.0533868,-0.000424286,-0.000854048,0.00103052,0.00470443,0.00225894,-0.00012497,-0.00344409,-0.00263008,0.00293066,0,-7.73137e-05,-0.00700158,-0.00671896,0.044016,0,0.0551469,0,0,0.00907272,-0.0639599,-0.00718723,-0.0028728,-0.00769087,0.0198899,0,0.0300004,-0.0520707,-0.0531638,0.0155113,
3.055,-0.00266742,-0.00107996,-0.00102493,-0.00429691,-0.00840927,0.00888372,-0.000748144,0.0255672,0.00215798,0.00197359,4.00929e-06,-0.000130907,0.00531171,0.00271819,0.00893864,0.0164703,0.00245048,-0.00239033,-0.00339203,-0.0065048,-0.00646354,-0.00421575,-0.00360039,-0.000464218,0.00968452,0.0223501,0.00579915,-0.00214044,0.024509,0.000492966,0.0457902,-0.000130588,0.00334634,-0.00195561,0.00913858,0.00345659,-4.99619e-05,0.0105308,-0.00286763,0.0173619,0.00136962,-0.00184415,-0.00397646,-0.00457164,0.00147291,0.0108418,-0.00160415,0.0068755,0.00145803,0.00210271,-4.91466e-05,-0.000185477,0.0024487,0.00267443,0.0175584,0.0170176,0.00171818,0.00380264,-0.000514836,-0.00387855,0.00804262,0.00434679,-0.000165694,0.000850072,0.0130919,0.0336533,0.0441823,-0.00157198,0.0366898,0.00148921,0.0538245,-0.000458351,-0.000920349,0.000871536,0.00475136,0.00230347,-0.00012893,-0.0035173,-0.0027049,0.0027543,0,0.00290795,-0.00720902,-0.00714537,0.0432551,0,0.0548651,0,0,0.00427397,-0.0653586,-0.007317,-0.0040969,-0.00782485,0.0190046,0,0.0291239,-0.0528138,-0.0541072,-0.00126592,
3.06,-0.00217367,-0.000810393,-0.000976553,-0.00435726,-0.0084961,0.00881697,-0.000797487,0.0258854,0.00218432,0.00201025,3.22175e-06,-0.000136233,0.00518861,0.00272391,0.00852166,0.0159713,0.0021818,-0.00230007,-0.00341357,-0.00663867,-0.00576497,-0.00402743,-0.00360179,-0.000348493,0.00990134,0.0221015,0.00565319,-0.00220341,0.0242746,0.000516547,0.0461538,-0.000165494,0.00321732,-0.00198235,0.00947307,0.00349888,-5.10068e-05,0.00985971,-0.00294599,0.0170255,0.00211422,-0.00217273,-0.00575974,-0.00464816,0.00144178,0.010378,-0.00162016,0.00698665,0.00148984,0.00213975,-5.08992e-05,-0.0001942,0.00241647,0.00268097,0.017356,0.0167225,0.00162182,0.00390886,-0.000452073,-0.00391732,0.00851026,0.0045554,3.7654e-05,0.000814816,0.0131807,0.0333526,0.0439831,-0.00157889,0.0364881,0.00148493,0.0541786,-0.000489147,-0.000979435,0.000727563,0.00478953,0.00234642,-0.000133566,-0.00358889,-0.00277812,0.00254999,0,-0.00179292,-0.00741511,-0.00753056,0.0427388,0,0.0546937,0,0,0.00424612,-0.0666779,-0.00744019,-0.00336399,-0.00795198,0.0184938,0,0.0283787,-0.0535139,-0.0549718,0.00209455,
3.065,-0.00172368,-0.000484173,-0.000880052,-0.00441373,-0.00860394,0.00826511,-0.000848481,0.0262361,0.00220969,0.00204526,1.93305e-06,-0.000142235,0.00495673,0.00272839,0.00809648,0.0154391,0.00192838,-0.00220296,-0.00343068,-0.00676621,-0.00506028,-0.00382747,-0.00359732,-0.000221101,0.010027,0.0217487,0.00548522,-0.00226483,0.0237021,0.000537172,0.0464857,-0.000196785,0.00309259,-0.00200741,0.00980477,0.00358253,-5.29065e-05,0.00911465,-0.00302193,0.0167375,0.000400322,-0.00236967,-0.00672555,-0.00471923,0.00118897,0.00914675,-0.00163339,0.00709013,0.00152095,0.00217557,-5.32361e-05,-0.000203688,0.00238334,0.00268513,0.0171675,0.0164411,0.00150143,0.00399626,-0.000400439,-0.00395871,0.00895501,0.00474318,0.000126422,0.000776429,0.0130814,0.032933,0.0437386,-0.00158656,0.0359192,0.00147562,0.0544477,-0.000515197,-0.00103053,0.000546346,0.00481872,0.00238749,-0.000138588,-0.0036581,-0.00284905,0.00232304,0,-0.0045211,-0.00761955,-0.00791468,0.0417168,0,0.0541597,0,0,0.00496595,-0.0682571,-0.00755498,-0.00327841,-0.00807237,0.0176406,0,0.0274391,-0.0543846,-0.0555179,-0.00123039,
3.07,-0.00124773,-0.000107635,-0.000431186,-0.00446641,-0.00869906,0.00775972,-0.0009003,0.026613,0.00223423,0.00207872,3.57972e-07,-0.000148611,0.00478181,0.00273174,0.00766059,0.0148665,0.00169478,-0.00209984,-0.00344322,-0.00688654,-0.0043419,-0.00361526,-0.0035869,-8.77818e-05,0.0101013,0.0214574,0.00536612,-0.00232436,0.0231205,0.000554119,0.0467912,-0.000228415,0.00297356,-0.00203067,0.0101364,0.00360532,-5.48061e-05,0.00837244,-0.00309537,0.016508,0.00993875,-0.00237451,-0.00729267,-0.00478434,0.00186051,0.00875066,-0.00164348,0.00718545,0.00155136,0.00221009,-5.5719e-05,-0.000214094,0.00234942,0.00268661,0.0169873,0.0161635,0.00150744,0.00406796,-0.00036204,-0.00400288,0.00937245,0.00490974,0.000189207,0.000738131,0.0129224,0.0325307,0.0434973,-0.00159501,0.0355746,0.00146096,0.0546567,-0.000535974,-0.00107252,0.000360798,0.00483842,0.00242687,-0.000144382,-0.00372526,-0.00291746,0.00208149,0,-0.00616233,-0.00782118,-0.00828407,0.0410689,0,0.0537661,0,0,0.00577718,-0.069196,-0.00766079,-0.00222073,-0.00818374,0.0173367,0,0.0267012,-0.0550451,-0.0560367,0.00125704,
3.075,-0.000473039,0.00028128,0.00297828,-0.00451475,-0.00877703,0.00732205,-0.000952691,0.0270095,0.00225732,0.00211038,-1.64667e-06,-0.000155663,0.00460308,0.00273339,0.0072091,0.014246,0.00154153,-0.00199113,-0.00345131,-0.00699955,-0.00360604,-0.00337899,-0.00357108,1.92875e-05,0.0101542,0.0211805,0.00522811,-0.00238174,0.0226236,0.000566993,0.0470758,-0.000261288,0.00286106,-0.00205223,0.0104719,0.00363046,-5.74657e-05,0.00764033,-0.0031662,0.0163412,3.82149e-05,-0.00239484,-0.00770107,-0.00484305,-0.000432338,0.00813317,-0.00165021,0.00727277,0.00158085,0.00224322,-5.87861e-05,-0.000225419,0.002315,0.00268572,0.0168045,0.0158822,0.00129894,0.00412372,-0.000338378,-0.00404968,0.00975533,0.00505269,0.000310177,0.000699207,0.012801,0.0321331,0.0432695,-0.00160399,0.0353576,0.00144077,0.0548191,-0.00055095,-0.00110365,0.000152923,0.00484842,0.00246384,-0.00015095,-0.0037896,-0.00298333,0.00183451,0,-0.00690749,-0.00801881,-0.00865142,0.040413,0,0.0534056,0,0,0.00661901,-0.0704501,-0.00775578,-0.00306181,-0.00828572,0.016836,0,0.0260801,-0.0554952,-0.0566374,0.0019708,
3.08,0.00235425,0.00054208,-0.00208362,-0.00455892,-0.00884873,0.00658394,-0.00100546,0.027413,0.00227915,0.00214033,-3.93769e-06,-0.00016339,0.00438127,0.00273352,0.00674121,0.0135899,0.00135697,-0.00187852,-0.00345553,-0.00710435,-0.00284978,-0.00313408,-0.00355015,7.08464e-05,0.010129,0.0209331,0.00510074,-0.00243663,0.0220411,0.000575401,0.0473418,-0.000295517,0.00275612,-0.00207201,0.0108149,0.00365448,-6.03153e-05,0.00688529,-0.00323443,0.016235,0.0116771,-0.0024181,-0.00804425,-0.00489499,0.00529739,0.00722388,-0.00165335,0.00735105,0.00160957,0.00227448,-6.21453e-05,-0.000237738,0.00228037,0.00268216,0.016614,0.0155908,0.00171182,0.00416314,-0.000331159,-0.00409894,0.0100966,0.00517158,0.000453807,0.000657598,0.012657,0.0316853,0.0430323,-0.00161366,0.0349686,0.00141479,0.054944,-0.000559598,-0.00112406,-0.000113465,0.00484884,0.0024985,-0.000158289,-0.00385102,-0.00304599,0.00159544,0,-0.00740827,-0.00821144,-0.00902369,0.039427,0,0.0528002,0,0,0.00742868,-0.071148,-0.00783972,-0.00326916,-0.00837801,0.0162225,0,0.0253944,-0.0559605,-0.0571808,-0.00244837,
3.085,0.00170501,0.000968568,-0.00476822,-0.00459884,-0.00882377,0.00611358,-0.00105798,0.0278079,0.00229953,0.00216849,-6.58669e-06,-0.000171567,0.00425588,0.00273161,0.00625915,0.0129144,0.00135854,-0.00176118,-0.00345599,-0.00720125,-0.0020041,-0.00287886,-0.00352456,0.000119018,0.0100729,0.0207568,0.00504232,-0.00248877,0.021561,0.00057921,0.0475917,-0.000330423,0.00265904,-0.00209019,0.0111684,0.00367583,-6.36397e-05,0.00617043,-0.00329986,0.0161796,-0.000313871,-0.0024405,-0.0083512,-0.00493966,-0.00231233,0.00696784,-0.001653,0.00742039,0.00163731,0.00230395,-6.60157e-05,-0.000250975,0.00224555,0.00267602,0.016408,0.0152837,0.000599348,0.00418611,-0.000340985,-0.00415025,0.010389,0.0052656,0.000605701,0.000615363,0.0125491,0.0312925,0.0428221,-0.00162387,0.0348212,0.00138315,0.0550367,-0.000562129,-0.00113498,-0.000445969,0.00483955,0.00253063,-0.000166498,-0.00390899,-0.00310561,0.00138955,0,-0.00778146,-0.00839789,-0.00938442,0.038805,0,0.0523338,0,0,0.0082556,-0.0720605,-0.00791192,-0.00330361,-0.00845993,0.0159692,0,0.0249649,-0.0564827,-0.0575294,-0.00618012,
3.09,0.00180828,0.00141001,-0.00639388,-0.0046345,-0.00879023,0.00558161,-0.00110847,0.0281793,0.00254403,0.00219469,-9.30728e-06,-0.000180269,0.00413782,0.00272786,0.005764,0.0122401,0.000862781,-0.00163811,-0.0034536,-0.00729082,-0.00108296,-0.00261551,-0.00349544,0.000175376,0.00998643,0.0205993,0.00501181,-0.00253816,0.0212524,0.000578356,0.047822,-0.000365555,0.00256981,-0.00210676,0.0115343,0.00369359,-6.72491e-05,0.00552336,-0.0033621,0.0161589,0.00877193,-0.00246074,-0.0086298,-0.00497756,-0.00495874,0.00649682,-0.00164905,0.00748009,0.00166405,0.00233155,-7.02512e-05,-0.00026559,0.00221072,0.0026675,0.0161811,0.0149579,0.00509186,0.00419644,-0.000368657,-0.00420386,0.010621,0.00533543,0.000750013,0.000574201,0.0124542,0.0309939,0.042661,-0.00163447,0.034781,0.00134572,0.0551064,-0.000558332,-0.00113765,-0.000860468,0.00482109,0.00256004,-0.000175577,-0.00396382,-0.00316236,0.0012184,0,-0.00812933,-0.00857807,-0.00962715,0.0383131,0,0.0520727,0,0,0.00908645,-0.0728304,-0.00797189,-0.00329363,-0.00853089,0.0157588,0,0.0247574,-0.056999,-0.0577245,-0.0087864,
3.095,0.00207273,0.00179775,-0.00705736,-0.00466618,-0.00875033,0.00524337,-0.00115514,0.0285137,0.00247526,0.00221894,-1.23858e-05,-0.000189496,0.00405888,0.002722,0.00526034,0.0115886,0.00304888,-0.00151023,-0.00344858,-0.00737229,0.000118128,-0.00234201,-0.00346325,0.000299474,0.00989282,0.0204543,0.00500161,-0.00258463,0.0209774,0.000572839,0.0480319,-0.000400122,0.00248851,-0.00212164,0.0119121,0.00370796,-7.12385e-05,0.00491906,-0.00342077,0.016152,-0.00144045,-0.00247804,-0.00888327,-0.00500827,-0.00720339,0.00619523,-0.00164186,0.00753041,0.00168974,0.00235711,-7.48518e-05,-0.000281046,0.0021762,0.00265651,0.0159327,0.014609,-0.000735049,0.00418783,-0.000414375,-0.00425894,0.010787,0.0053802,0.000873197,0.000533577,0.0123748,0.0307177,0.042514,-0.00164583,0.0347411,0.00130269,0.0551583,-0.000548629,-0.00113349,-0.00132876,0.00479365,0.00258692,-0.000185814,-0.00401497,-0.00321624,0.00107578,0,-0.00844674,-0.00875024,-0.00987458,0.0377672,0,0.0518535,0,0,0.00994397,-0.0731631,-0.00802006,-0.00326466,-0.00859127,0.0155947,0,0.0246631,-0.0573683,-0.0578277,-0.0101104,
3.1,0.00233646,0.00210113,-0.00739646,-0.00469362,-0.00870455,0.0047675,-0.00119737,0.0288016,0.00244234,0.00224109,-1.54644e-05,-0.000199098,0.00391168,0.00271378,0.00476283,0.0109765,-0.00160479,-0.00137846,-0.00344197,-0.00744704,0.00286464,-0.00206205,-0.00342919,0.000453492,0.00979146,0.0202892,0.00495597,-0.00262792,0.0207268,0.00056292,0.0482149,-0.000433447,0.00241417,-0.00213464,0.0122984,-0.0150738,-7.52279e-05,0.00433013,-0.00347568,0.0161363,-0.0033534,-0.00249162,-0.00911314,-0.00503214,-0.00855745,0.00566396,-0.00163142,0.00757085,0.00171438,0.0023804,-7.99636e-05,-0.000297804,0.00214198,0.00264314,0.0156628,0.0142414,0.00196237,0.00416327,-0.000478141,-0.00431615,0.0108888,0.00540091,0.000966906,0.000492415,0.0122691,0.0304362,0.0423746,-0.0016575,0.0345737,0.001254,0.055189,-0.000533442,-0.00115188,-0.00174731,0.00475817,0.00261098,-0.000197113,-0.00406266,-0.00326699,0.000961001,0,-0.00866768,-0.0089136,-0.0101171,0.0370617,0,0.0515614,0,0,0.0108129,-0.0733742,-0.00805582,-0.00322178,-0.00864119,0.0153315,0,0.0245506,-0.0576114,-0.0578572,-0.0110079,
3.105,0.00265751,0.00233386,-0.00761807,-0.00471707,-0.00865434,0.00450151,-0.0012356,0.0290324,0.00242861,0.00226137,-1.87577e-05,-0.000209151,0.00378771,0.00270246,0.00427761,0.0103995,-0.00348112,-0.001244,-0.00343455,-0.00751486,0.00328472,-0.00177824,-0.0033943,0.000624916,0.00970198,0.020141,0.00489067,-0.00266813,0.0204739,0.000548338,0.0483667,-0.000465077,0.00234644,-0.00214594,0.0126873,-0.00104603,-7.93122e-05,0.00375921,-0.00352692,0.0160887,-0.00580017,-0.00250096,-0.00931885,-0.00504952,-0.00945279,0.0052577,-0.00161807,0.00760173,0.00173789,0.00240156,-8.54406e-05,-0.000315479,0.00210815,0.0026275,0.015372,0.0138617,-0.000475897,0.00412117,-0.000559452,-0.00437499,0.0109293,0.00539781,0.00102901,0.000452149,0.0122114,0.0301496,0.0422301,-0.00166963,0.0342735,0.0011999,0.0551938,-0.000513193,-0.00113752,-0.00187453,0.00471485,0.00263229,-0.000209572,-0.00410667,-0.00331462,0.000868184,0,-0.00886509,-0.00906723,-0.0103489,0.0362685,0,0.0511568,0,0,0.0116794,-0.0735459,-0.00808045,-0.0031668,-0.00868171,0.0150725,0,0.0244418,-0.0577747,-0.0578247,-0.0115814,
3.11,0.00288549,0.00252342,-0.00778836,-0.00473684,-0.00859951,0.00400084,-0.00127021,0.0291988,0.0024248,0.00227946,-2.19079e-05,-0.000219353,0.00360095,0.00268732,0.00381777,0.00985848,-0.00605186,-0.00110721,-0.00342703,-0.00757676,0.0039326,-0.00149041,-0.00335941,0.000798222,0.00960519,0.019919,0.00479058,-0.00270541,0.0200446,0.000528961,0.0484794,-0.000494448,0.00228426,-0.00215564,0.0130699,0.000760272,-8.36815e-05,0.00319542,-0.0035744,0.0159882,-0.00688207,-0.0025058,-0.00949879,-0.00506092,-0.0101183,0.004589,-0.00160218,0.00762289,0.00176034,0.00242053,-9.12827e-05,-0.000334073,0.00207403,0.00260859,0.0150628,0.0134726,0.00405502,0.0040598,-0.000657406,-0.00443515,0.0109123,0.00537275,0.00106036,0.000413045,0.012051,0.0298323,0.0420631,-0.00168237,0.0337402,0.00114026,0.0551655,-0.00048862,-0.00111938,-0.0019265,0.00466441,0.00265099,-0.000223093,-0.00414787,-0.00335955,0.000773668,0,-0.0090477,-0.00921013,-0.0105628,0.035335,0,0.0505411,0,0,0.0124396,-0.0736393,-0.00809459,-0.00309962,-0.00871303,0.0147722,0,0.0242923,-0.0578825,-0.0577316,-0.0118975,
3.115,0.00309116,0.00268623,-0.00792857,-0.00475283,-0.0085413,0.0035612,-0.00130184,0.0292981,0.00242563,0.00229569,-2.52012e-05,-0.000229781,0.0034209,0.00266778,0.00339417,0.00935288,-0.00758804,-0.000966811,-0.00342007,-0.00763371,0.00458631,-0.00117817,-0.00332573,0.000960614,0.00950272,0.0197365,0.00469102,-0.00273977,0.0195025,0.000504592,0.0485409,-0.000521673,0.00222652,-0.00216374,0.0134377,0.00188605,-8.80508e-05,0.00266424,-0.00361783,0.0158186,-0.00734609,-0.00250563,-0.00965168,-0.00506671,-0.0106484,0.00415525,-0.00158384,0.00763425,0.00178146,0.0024373,-9.7636e-05,-0.000353508,0.0020396,0.0025865,0.0147385,0.0130791,-0.00141768,0.00398241,-0.000770199,-0.00449679,0.0108416,0.00532564,0.0010624,0.000376985,0.0118632,0.0295145,0.0418821,-0.00169543,0.0330994,0.0010749,0.0550953,-0.000460355,-0.00109832,-0.00195018,0.00460716,0.00266685,-0.000237772,-0.00418637,-0.00340152,0.000705074,0,-0.00921694,-0.00934131,-0.0107556,0.0343836,0,0.0497996,0,0,0.0130849,-0.0736385,-0.00809916,-0.00302205,-0.00873661,0.0145418,0,0.0241849,-0.0579494,-0.0575852,-0.0120354,
3.12,0.00332367,0.00282864,-0.00805356,-0.0047655,-0.00847991,0.00338992,-0.00133086,0.029331,0.0024284,0.00230988,-2.82798e-05,-0.000240208,0.00324509,0.00264349,0.00301989,0.00887249,-0.00845812,-0.000817499,-0.00341403,-0.00768551,0.00519166,-0.000809847,-0.00329326,0.00110607,0.00944697,0.0195734,0.00457256,-0.00277103,0.0190286,0.000475297,0.0485497,-0.000546638,0.00217235,-0.00217005,0.013783,0.00251546,-9.22301e-05,0.0021965,-0.00365691,0.0155675,-0.00756637,-0.00250018,-0.0097762,-0.00506724,-0.0110613,0.00389094,-0.00156377,0.00763597,0.00180131,0.00245196,-0.000104062,-0.000373479,0.00200458,0.00256096,0.0144009,0.0126848,-0.00215143,0.00389189,-0.000896025,-0.00456031,0.0107197,0.00525853,0.00103787,0.000345577,0.0117338,0.0292333,0.0417091,-0.0017094,0.0324513,0.0010035,0.0549776,-0.000429243,-0.00107466,-0.00196346,0.00454403,0.00268029,-0.000253611,-0.00422195,-0.00344095,0.000621199,0,-0.00937194,-0.00946049,-0.0109259,0.0334401,0,0.0491654,0,0,0.0136243,-0.0735344,-0.0080945,-0.00293417,-0.00875325,0.0144234,0,0.0241472,-0.05798,-0.0573847,-0.0120495,
3.125,0.00352686,0.00295433,-0.00814932,-0.00477496,-0.0084163,0.00347694,-0.00135785,0.029299,0.00243138,0.00232205,-3.13584e-05,-0.000250561,0.00318655,0.00261414,0.0026973,0.00840932,-0.00902966,-0.000662459,-0.00341004,-0.00773337,0.00574487,-0.000255053,-0.0032633,0.00123092,0.00942408,0.0194404,0.00453561,-0.00279972,0.0184762,0.000441337,0.0484965,-0.000569457,0.00212047,-0.00217495,0.0140996,0.00272906,-9.65044e-05,0.00180575,-0.00369155,0.0152275,-0.0076924,-0.00248885,-0.00987281,-0.00506347,-0.0113709,0.00358031,-0.00154219,0.00762874,0.00181996,0.00246449,-0.000110927,-0.000393909,0.00196866,0.00253204,0.0140536,0.0122911,-0.00379693,0.00378363,-0.00103338,-0.00462572,0.0105488,0.0051724,0.00098897,0.000320164,0.0115969,0.0289592,0.0415178,-0.00172398,0.031699,0.000925809,0.0548061,-0.000396127,-0.00104918,-0.0019726,0.00447564,0.00269132,-0.000270512,-0.0042545,-0.00347718,0.000579091,0,-0.00951253,-0.00956685,-0.0110751,0.0324987,0,0.0485071,0,0,0.01407,-0.0733319,-0.00808278,-0.00283663,-0.0087649,0.0144526,0,0.0241987,-0.0579838,-0.0571252,-0.0119661,
3.13,0.00371604,0.00306491,-0.00825368,-0.00478139,-0.00835077,0.00335822,-0.00138306,0.0292023,0.00243367,0.0023325,-3.42937e-05,-0.000260838,0.00310796,0.00257992,0.00243035,0.00796264,-0.00945942,-0.000508974,-0.00340742,-0.00777766,0.00624855,0.00088103,-0.00323576,0.00133188,0.00943406,0.0192639,0.00447279,-0.00282541,0.0179142,0.000402715,0.0483862,-0.000590695,0.00206963,-0.00217815,0.0143837,0.00279629,-0.000100399,0.00148734,-0.00372147,0.0147967,-0.00776373,-0.0024719,-0.00994364,-0.00505566,-0.0115976,0.00324483,-0.00151945,0.00761265,0.00183721,0.00247483,-0.00011801,-0.000414415,0.00193214,0.00249966,0.0136981,0.0118987,-0.00549956,0.0036644,-0.00118026,-0.00469284,0.0103311,0.00506797,0.000916644,0.000301194,0.0114648,0.028688,0.0413233,-0.00173942,0.0308854,0.000841827,0.0545755,-0.000361745,-0.00102227,-0.00197953,0.00440272,0.00269993,-0.000288282,-0.00428402,-0.00351054,0.000482651,0,-0.00963756,-0.00966003,-0.011204,0.0314365,0,0.0477192,0,0,0.0144528,-0.0730711,-0.00806414,-0.00272911,-0.00877175,0.0144533,0,0.0242459,-0.0579599,-0.056804,-0.0118007,
3.135,0.00389006,0.0031623,-0.00833901,-0.00478499,-0.00828273,0.00338618,-0.00140675,0.0290432,0.00243485,0.002341,-3.70859e-05,-0.000270666,0.00307317,0.00254063,0.00221807,0.00752482,-0.00981027,-0.00036129,-0.00340719,-0.00781859,0.00670417,0.0011116,-0.00321101,0.00141138,0.00946194,0.0190722,0.00439761,-0.00284886,0.0173375,0.000359888,0.0482242,-0.000610577,0.00201894,-0.00217994,0.0146341,0.00281558,-0.000104198,0.0012817,-0.00374627,0.0142795,-0.00778887,-0.00244907,-0.0099913,-0.00504408,-0.0117602,0.00328399,-0.00149601,0.00758857,0.00185326,0.00248322,-0.00012524,-0.000434845,0.00189472,0.00246412,0.0133404,0.0115076,-0.00656585,0.00353247,-0.00132313,-0.00476186,0.0100682,0.00494693,0.000820976,0.000290009,0.0113357,0.028457,0.0411387,-0.00175531,0.0301648,0.000751744,0.0542699,-0.000327258,-0.00099445,-0.00198492,0.00432608,0.00270644,-0.000306825,-0.00431052,-0.00354094,0.000471332,0,-0.00974751,-0.00973948,-0.0113138,0.0305714,0,0.0470674,0,0,0.0147917,-0.0727857,-0.00803935,-0.00261178,-0.00877507,0.014688,0,0.0244454,-0.0579162,-0.0564063,-0.0115544,
3.14,0.00403957,0.00324843,-0.00842053,-0.00478603,-0.00821324,0.00342181,-0.00142935,0.0288257,0.00243443,0.00234778,-3.96633e-05,-0.000280118,0.00305109,0.00249654,0.00203385,0.00709216,-0.0101182,-0.000222942,-0.00340901,-0.00785745,0.00711754,0.0012154,-0.00318934,0.00147385,0.00949859,0.0189596,0.0043728,-0.0028699,0.0167294,0.000312989,0.0480216,-0.000629442,0.00196736,-0.00218022,0.0148532,0.00281959,-0.000107808,0.00112246,-0.00376586,0.0136938,-0.00778411,-0.00242104,-0.0100167,-0.00502968,-0.0118742,0.0026778,-0.00147199,0.00755665,0.00186776,0.00248973,-0.000132616,-0.000454816,0.00185651,0.0024255,0.0129824,0.0111205,-0.00717662,0.00338919,-0.00145447,-0.00483226,0.00976127,0.00481131,0.000702136,0.000286877,0.0112102,0.0282238,0.0409422,-0.00177174,0.0293002,0.000655307,0.0538846,-0.000293298,-0.000966175,-0.00198867,0.00424634,0.00271096,-0.000325657,-0.00433388,-0.00356805,0.000325993,0,-0.0098419,-0.00980484,-0.0114057,0.0296034,0,0.0463355,0,0,0.0150958,-0.0723482,-0.00800941,-0.00248503,-0.00877488,0.0148735,0,0.0246297,-0.0578458,-0.0559183,-0.0112352,
3.145,0.00418091,0.00332497,-0.00849898,-0.00478423,-0.00814067,0.00342122,-0.00145082,0.0285563,0.00243263,0.0023527,-4.21691e-05,-0.00028897,0.00304261,0.00244784,0.00187595,0.00666381,-0.0103999,-0.000102417,-0.00341335,-0.00789314,0.00748868,0.00130687,-0.00317119,0.00152287,0.0095293,0.0188013,0.0043438,-0.00288889,0.0160757,0.000262346,0.0477898,-0.000647855,0.00191407,-0.00217919,0.0150466,0.00281836,-0.000111132,0.000972808,-0.00378024,0.0130672,-0.00774997,-0.00238783,-0.0100241,-0.00501249,-0.0119519,0.00312472,-0.00144785,0.00751742,0.00188099,0.00249429,-0.000139918,-0.000474099,0.00181749,0.00238401,0.0126316,0.010738,-0.00754603,0.0032343,-0.00157479,-0.00490291,0.00941472,0.00466261,0.000558931,0.000290367,0.0110827,0.027954,0.040727,-0.00178832,0.0284237,0.000551824,0.0534075,-0.000260921,-0.000938094,-0.00199117,0.00416413,0.00271337,-0.000344779,-0.00435367,-0.0035922,0.000346934,0,-0.00992111,-0.00985448,-0.0114811,0.0285779,0,0.0455314,0,0,0.0153692,-0.0719111,-0.00797347,-0.00234945,-0.00877136,0.0150069,0,0.0247886,-0.0577508,-0.0553144,-0.0108437,
3.15,0.00433786,0.00339275,-0.00856332,-0.00477969,-0.00806463,0.00354526,-0.00147127,0.0282429,-0.0113196,0.00235589,-4.43885e-05,-0.000297222,0.00301383,0.00239466,0.001739,0.00623558,-0.0106597,-2.77262e-05,-0.00341985,-0.00792775,0.00782019,0.00138719,-0.00315696,0.00156154,0.00957026,0.0186928,0.00430213,-0.0029059,0.0156103,0.000208156,0.047535,-0.000666042,0.00185878,-0.00217664,0.0152219,0.00281538,-0.000114077,0.000874749,-0.00378854,0.0124358,-0.0076676,-0.00235047,-0.0100149,-0.00499301,-0.0120009,0.00220602,-0.00142395,0.00747123,0.00189274,0.00249714,-0.000147075,-0.000492463,0.00177748,0.00233994,0.0122971,0.0103624,-0.00779258,0.00307347,-0.00168628,-0.00497373,0.00904175,0.00450306,0.00038787,0.000299315,0.0110122,0.0277216,0.0405354,-0.00180459,0.0277326,0.000440415,0.0528218,-0.000231496,-0.000911379,-0.00199252,0.00408017,0.00271432,-0.000363708,-0.00437032,-0.00361306,0.00014432,0,-0.00998495,-0.00988484,-0.0115409,0.0277731,0,0.0448495,0,0,0.015645,-0.0713394,-0.00793271,-0.00220609,-0.00876441,0.0152972,0,0.0250527,-0.0576294,-0.0547437,-0.0103775,
3.155,0.00443807,0.00345345,-0.00862286,-0.00477175,-0.00798301,0.00329207,-0.00149064,0.0278929,-0.00203167,0.00235737,-4.63216e-05,-0.000304574,0.00293021,0.00233721,0.00163594,0.0058092,-0.0108966,3.84772e-05,-0.00342897,-0.00795998,0.0081083,0.0014505,-0.00314644,0.0015924,0.00958514,0.0184983,0.00421815,-0.00292162,0.0151679,0.000150747,0.0472603,-0.00068423,0.00180127,-0.00217259,0.0153884,0.00281066,-0.000116641,0.000713371,-0.00379076,0.0118376,-0.00757555,-0.00230964,-0.00999324,-0.0049716,-0.0120268,0.00381074,-0.00140028,0.00741824,0.00190302,0.00249836,-0.000154085,-0.000509602,0.00173667,0.00229331,0.0119844,0.0100001,-0.00796998,0.00290589,-0.00179065,-0.00504315,0.00865227,0.00433555,0.000183499,0.000310947,0.0108771,0.0274314,0.0403392,-0.0018198,0.0270358,0.000319255,0.0521112,-0.000205868,-0.000886679,-0.00199243,0.00399517,0.00271348,-0.000381961,-0.00438341,-0.00363088,0.000101533,0,-0.0100342,-0.588472,-0.0115864,0.0268346,0,0.0441286,0,0,0.0158937,-0.070595,-0.0078868,-0.00205602,-0.00875354,0.0154478,0,0.0252464,-0.0574782,-0.0543019,-0.00984387,
3.16,0.00454441,0.0035076,-0.00868327,-0.00476068,-0.00789473,0.00307451,-0.00150899,0.0275125,-0.000446708,0.00235722,-4.83262e-05,-0.000311251,0.00284173,0.00227594,0.0015302,0.00538183,-0.01111,8.02788e-05,-0.00344094,-0.00799152,0.00835388,0.00149468,-0.00314114,0.00161714,0.00958205,0.0183839,0.00414426,-0.00293579,0.0149227,9.01855e-05,0.0469669,-0.000702756,0.00174117,-0.00216704,0.0155538,0.00280491,-0.000119111,0.000602026,-0.00378651,0.0113063,-0.00746854,-0.00226588,-0.009961,-0.00494852,-0.0120348,0.000923975,-0.00137719,0.00735879,0.00191182,0.00249787,-0.000160731,-0.000525365,0.00169496,0.00224459,0.0117045,0.00965358,-0.00810297,0.00273868,-0.0018886,-0.0051102,0.00825574,0.00416267,-6.25294e-05,0.000323206,0.0107632,0.0271766,0.0401781,-0.00183392,0.026522,0.000186709,0.0514751,-0.000184775,-0.000864903,-0.00199137,0.00390956,0.00271117,-0.000399345,-0.00439346,-0.00364557,-9.05537e-05,0,-0.0100681,0.132631,-0.0116176,0.0260443,0,0.0434562,0,0,0.0161471,-0.0696717,-0.00783522,-0.00190096,-0.00873857,0.0156696,0,0.0254946,-0.0572924,-0.0537591,-0.00924774,
3.165,0.00464199,0.0035566,-0.00872722,-0.00474564,-0.00779768,0.00302411,-0.00152594,0.0271043,0.000371355,0.00235527,-4.99013e-05,-0.000316952,0.00283396,0.00221092,0.0014618,0.00495877,-0.0112958,8.69981e-05,-0.00345576,-0.00802207,0.00855314,0.0015169,-0.00314086,0.00163709,0.00956845,0.0182657,0.00412697,-0.00294919,0.0146613,2.69308e-05,0.046656,-0.000721282,0.00167884,-0.00216007,0.0157231,0.00279793,-0.00012101,0.000440583,-0.00377503,0.0108604,-0.00736188,-0.00222039,-0.00992035,-0.00492465,-0.0120295,0.0210481,-0.00135526,0.00729393,0.00191914,0.002496,-0.000166938,-0.00053952,0.00165226,0.00219379,0.0114648,0.00932494,-0.00820275,0.00256497,-0.00198004,-0.00517478,0.00786208,0.00398853,-0.00035192,0.00033457,0.0106382,0.0269049,0.0400111,-0.00184636,0.0259975,4.08898e-05,0.050874,-0.00016885,-0.000846508,-0.00198915,0.00382426,0.00270781,-0.000415377,-0.00439963,-0.00365689,-0.000459334,0,-0.010087,0.0512702,-0.0116355,0.0253122,0,0.0428184,0,0,0.0164032,-0.0692131,-0.00777941,-0.00174165,-0.00871949,0.0159143,0,0.0257725,-0.0570722,-0.0531159,-0.00862221,
3.17,0.00474395,0.00360124,-0.00873042,-0.00472644,-0.00769022,0.00323733,-0.00154157,0.0266702,0.000780491,0.00235145,-5.14048e-05,-0.000321603,0.00284182,0.0021426,0.00134897,0.00454567,-0.0114474,5.90597e-05,-0.00347366,-0.00805153,0.00870404,0.00151715,-0.00314635,0.00165355,0.00955632,0.0181663,0.00412514,-0.00296164,0.0144755,-3.87541e-05,0.04633,-0.000739922,0.00161429,-0.00215159,0.0158983,0.00278962,-0.00012253,0.000290805,-0.00375573,0.0105047,-0.00724826,-0.00217403,-0.00980898,-0.00489982,-0.0120123,-0.000106555,-0.00133449,0.00724885,0.00192491,0.00249266,-0.000172415,-0.000551916,0.00160855,0.00214131,0.0112818,0.00901987,-0.00827437,0.00238667,-0.00206456,-0.00523535,0.00747832,0.00381547,-0.000431658,0.000344413,0.0105291,0.0266723,0.039863,-0.00185649,0.0256461,-0.000119021,0.0500735,-0.000157776,-0.000832078,-0.00198588,0.00373957,0.00270287,-0.000429864,-0.00440255,-0.00366534,-0.00151338,0,-0.0100912,0.0157215,-0.0116402,0.0249318,0,0.0424145,0,0,0.0166763,-0.0684241,-0.0077186,-0.00157358,-0.00869541,0.0164129,0,0.0262143,-0.05681,-0.052319,-0.00800648,
3.175,0.00484868,0.0036425,-0.00865786,-0.0047026,-0.00757101,0.0033846,-0.0015556,0.0262145,0.00111088,0.00234591,-5.26935e-05,-0.000325429,0.00276747,0.00207127,0.00137182,0.00414881,-0.0115647,2.40483e-06,-0.00349441,-0.0080804,0.00880309,0.0014915,-0.00315817,0.00166767,0.00955916,0.0180085,0.00404985,-0.0029735,0.0142405,-0.000106016,0.0459835,-0.000758674,0.00154781,-0.00214161,0.0160772,0.00277945,-0.00012386,4.62748e-05,-0.00372726,0.0102366,-0.00713021,-0.00212732,-0.00970224,-0.00487437,-0.0119859,0.0523029,-0.00131546,0.00722459,0.00192921,0.00248802,-0.000177381,-0.000562476,0.00156375,0.00208725,-0.0246257,0.00874242,-0.00831442,0.00220249,-0.00214276,-0.00529109,0.00710997,0.003646,-0.000540701,0.000350856,0.0104217,0.0263619,0.0396864,-0.00186448,0.0250616,-0.000290444,0.0493505,-0.000151237,-0.000822133,-0.00198165,0.00365623,0.00269709,-0.000442612,-0.00440211,-0.00367057,-0.00335185,0,-0.0100804,0.00451648,-0.0116315,0.0242615,0,0.0419489,0,0,0.0169752,-0.0674002,-0.00765389,-0.00139635,-0.00866703,0.0166241,0,0.0264951,-0.0564973,-0.051518,-0.00742445,
3.18,0.00493445,0.00368088,-0.00857093,-0.00467385,-0.00743821,0.0030692,-0.00156786,0.0257437,0.00132966,0.00233842,-5.39106e-05,-0.00032813,0.00258892,0.00199723,0.00107389,0.0037736,-0.0116411,-8.91908e-05,-0.00351813,-0.00810828,0.00884883,0.00143247,-0.00317603,0.00168009,0.00955133,0.0177137,0.0038531,-0.00298475,0.0135802,-5.95106e-05,0.0456087,-0.0007772,0.00148022,-0.00212984,0.0162541,0.00276775,-0.00012481,-0.000423862,-0.00368779,0.0100461,-0.00703018,-0.00208122,-0.00959831,-0.00484866,-0.0119546,0.00248276,-0.0012984,0.0072202,0.00193216,0.00248216,-0.00018147,-0.000571122,0.00151775,0.00203179,-0.0114368,0.00849449,-0.00832231,0.00200849,-0.00221535,-0.0053415,0.00676078,0.00348165,-0.000666952,0.000351214,0.0102444,0.0257738,0.0393707,-0.0018697,0.023713,-0.000282014,0.0487427,-0.000148073,-0.000816868,-0.00197645,0.00357484,0.00269016,-0.000453235,-0.004398,-0.00367268,-0.00418121,0,-0.0100544,0.00163585,-0.0116095,0.0225327,0,0.0408395,0,0,0.0172937,-0.0668731,-0.00758509,-0.00120888,-0.00863297,0.0160234,0,0.0261222,-0.0561297,-0.0509489,-0.00690062,
3.185,0.00502109,0.00371713,-0.00846989,-0.00463989,-0.00729114,0.00282664,-0.00157808,0.0252659,0.00144716,0.00232914,-5.49845e-05,-0.00032978,0.00244834,0.00192102,0.00183584,0.00342534,-0.0116746,-0.000129366,-0.00354447,-0.00813478,0.00884271,0.00134796,-0.00320013,0.00169175,0.00947854,0.0176011,0.00370661,-0.00299549,0.0130841,-5.21539e-05,0.0452036,-0.0007955,0.00141137,-0.00211637,0.0164205,0.00275369,-0.000125475,-0.00130788,-0.00457821,0.00991948,-0.00692657,-0.00203547,-0.00949556,-0.0048226,-0.0119196,0.00218908,-0.00128332,0.0072332,0.00193357,0.00247508,-0.00018461,-0.000577702,0.00147046,0.00197515,-0.00219744,0.00827826,-0.00829687,0.00182521,-0.00228252,-0.00538543,0.00643273,0.00332506,-0.000799082,0.000345219,0.0100812,0.0252587,0.0391059,-0.00187215,0.0229831,-0.000289374,0.0480465,-0.000148073,-0.000816673,-0.00197029,0.00349583,0.00268218,-0.000461734,-0.00439,-0.00367142,-0.00441529,0,-0.0100134,0.000810426,-0.0115745,0.02172,0,0.0401105,0,0,0.0176189,-0.0660926,-0.00751281,-0.00100849,-0.00859362,0.0160498,0,0.0259858,-0.0557015,-0.0500608,-0.00642764,
3.19,0.00510701,0.00375124,-0.00835374,-0.00459997,-0.00712952,0.00264905,-0.00158627,0.0247868,0.00150102,0.00231776,-5.58437e-05,-0.00033038,0.00231183,0.00184382,-6.91819e-05,0.00311496,-0.0116665,-0.00018503,-0.00357286,-0.00815891,0.00878386,0.00123837,-0.00323046,0.00170304,0.00937246,0.0174143,0.00355615,-0.00300554,0.0126057,-5.3796e-05,0.0447653,-0.000813123,0.00134208,-0.00210121,0.0165662,0.00273768,-0.000125855,-0.00297792,-0.00395124,0.00984039,-0.0068228,-0.0019911,-0.00939432,-0.0047961,-0.0118788,0.00130162,-0.00127079,0.00726047,0.00193343,0.00246685,-0.000186655,-0.000582217,0.00142246,0.00191792,0.00414526,0.00809043,-0.00823491,0.00164506,-0.00234378,-0.00542313,0.00612713,0.00317782,-0.0009284,0.000332512,0.0099117,0.0247751,0.0388779,-0.00187177,0.0224798,-0.000306296,0.0474305,-0.000150499,-0.000821483,-0.00196298,0.0034197,0.00267315,-0.000467818,-0.00437919,-0.00366787,-0.00436707,0,-0.00995725,0.000320807,-0.0115248,0.0210929,0,0.03955,0,0,0.0179539,-0.0651078,-0.00743645,-0.000785439,-0.0085487,0.0161768,0,0.0259734,-0.0552618,-0.0492391,-0.00598958,
3.195,0.00520882,0.0037838,-0.00822237,-0.00455466,-0.00695374,0.00269827,-0.00159237,0.024315,0.00152112,0.00230411,-5.65596e-05,-0.000329855,0.00221011,0.00176669,0.0051624,0.00284063,-0.0116171,-0.000261702,-0.00360307,-0.00818007,0.00867666,0.0011064,-0.00326619,0.00171424,0.00926035,0.0173096,0.00344542,-0.00301499,0.0123315,-5.64234e-05,0.0442831,-0.000830181,0.00127279,-0.00208397,0.0166804,0.0027191,-0.000125855,-0.00424309,-0.00383563,0.00979267,-0.00670849,-0.00194811,-0.00929351,-0.00476899,-0.0118334,0.00818362,-0.00126069,0.00729943,0.00193188,0.00245725,-0.000187823,-0.000584742,0.00137447,0.00186128,0.00627785,0.00792485,-0.00813713,0.00147218,-0.00239862,-0.0054528,0.00584531,0.00304182,-0.00104843,0.000314795,0.00978484,0.0244622,0.0387403,-0.00186839,0.0223474,-0.000328691,0.0469342,-0.000155245,-0.000831363,-0.0019548,0.00334719,0.00266328,-0.000471585,-0.00436599,-0.00366255,-0.00435099,0,-0.00988506,-8.35426e-05,-0.0114608,0.0209656,0,0.039294,0,0,0.0183164,-0.0642462,-0.00735642,-0.000531454,-0.00849751,0.0166776,0,0.0262571,-0.054905,-0.0485375,-0.00557787,
3.2,0.00535644,0.0038143,-0.00807664,-0.00450311,-0.00676378,0.00275261,-0.00159631,0.0238638,0.00152417,0.00228835,-5.72039e-05,-0.00032828,0.00209408,0.00169048,-0.000876199,0.0026005,-0.0115289,-0.000365321,-0.00363408,-0.00819747,0.00852518,0.000955903,-0.00330638,0.00172562,0.00916175,0.0172336,0.00332685,-0.00302341,0.012348,-5.90508e-05,0.0437443,-0.000846222,0.00120371,-0.00206485,0.016752,0.00269785,-0.00012557,-0.00483598,-0.00379143,0.00976533,-0.00654459,-0.00190573,-0.00919335,-0.00474082,-0.0117809,-0.000707101,-0.00125315,0.00734666,0.00192885,0.00244658,-0.000187823,-0.000585278,0.00132717,0.00180573,0.00701258,0.00777402,-0.00800556,0.00131161,-0.00244685,-0.00547559,0.00558529,0.00291769,-0.00115415,0.00029332,0.00975518,0.0243062,0.0387029,-0.00186225,0.0225794,-0.000353917,0.0465224,-0.000161994,-0.000597944,-0.00194546,0.0032788,0.00265204,-0.000473033,-0.00435064,-0.00365588,-0.00433752,0,-0.0097976,-0.000216538,-0.0113822,0.0210778,0,0.0392484,0,0,0.0187122,-0.0635536,-0.00727291,-0.000255294,-0.00843938,0.0173089,0,0.0267484,-0.0545985,-0.0476068,-0.00517351,
3.205,0.00546248,0.00384318,-0.00791691,-0.00444589,-0.00656073,0.00275655,-0.00159808,0.0234411,0.00151842,0.00227018,-5.77767e-05,-0.000325504,0.00201257,0.00161572,0.000313131,0.00240416,-0.0114048,-0.000499072,-0.00366555,-0.00820953,0.00833174,0.000789054,-0.00335085,0.0017372,0.00904654,0.0170939,0.00322944,-0.00303071,0.0122292,-6.16782e-05,0.0431391,-0.000861246,0.00113568,-0.00204357,0.0167717,0.00267384,-0.00012519,-0.00464893,-0.00375515,0.00975,-0.00638613,-0.00186404,-0.00909211,-0.00471125,-0.0117194,0.026348,-0.00124805,0.00740008,0.00192414,0.0024347,-0.000186801,-0.000583594,0.00128078,0.00175157,0.00722748,0.00763023,-0.00784606,0.00115008,-0.00248836,-0.00549018,0.00534817,0.00280536,-0.0012356,0.000267459,0.00967988,0.0241446,0.0386452,-0.00185327,0.0225768,-0.000379961,0.0462015,-0.000170643,-0.000687646,-0.00193507,0.00321413,0.00263975,-0.000471971,-0.00433312,-0.0036476,-0.00432213,0,-0.00969533,-0.000269991,-0.0112884,0.0210318,0,0.0391638,0,0,0.0190927,-0.0624862,-0.00718523,3.59212e-05,-0.008374,0.0178168,0,0.0271931,-0.0542448,-0.0467368,-0.00478202,
3.21,0.00555117,0.00386978,-0.00774416,-0.00438289,-0.00634543,0.00257364,-0.00159758,0.0230478,0.00150788,0.00224959,-5.82063e-05,-0.000321678,0.00188471,0.00154287,0.00506265,0.00223734,-0.011248,-0.000660196,-0.00369611,-0.00821526,0.00810277,0.00061709,-0.00339793,0.00174896,0.00890974,0.0169146,0.00308596,-0.00303663,0.0119925,-6.43056e-05,0.0424817,-0.000875028,0.00106868,-0.00202021,0.0167322,0.00264664,-0.00012462,-0.00457285,-0.00371684,0.00974257,-0.00624193,-0.0018221,-0.00898872,-0.00467966,-0.0116479,0.00153393,-0.00124515,0.00745875,0.00191794,0.00242135,-0.00018461,-0.000580074,0.00123538,0.00169909,0.00724054,0.00748821,-0.00766324,0.00098849,-0.00252345,-0.00549641,0.00512998,0.00270314,-0.00129276,0.000237752,0.00955645,0.0239713,0.0385707,-0.0018416,0.0224487,-0.000405627,0.0459617,-0.000181505,-0.000762722,-0.00192333,0.00315337,0.0026262,-0.000468591,-0.00431279,-0.00363781,-0.00430402,0,-0.00957856,-0.000296444,-0.0111787,0.0208232,0,0.0389762,0,0,0.0194371,-0.0618545,-0.00709348,0.000212009,-0.00830079,0.0182042,0,0.0275189,-0.0538346,-0.0458385,-0.0043991,
3.215,0.0056645,0.00389387,-0.00756,-0.00431431,-0.00611914,0.0027975,-0.00159504,0.0226795,0.00149416,0.00222651,-5.86358e-05,-0.000316652,0.00180091,0.00147219,-0.00098793,0.0020896,-0.0110624,-0.000841548,-0.00372553,-0.00821368,0.00784466,0.000456026,-0.00344697,0.00176053,0.00877681,0.0168479,0.0029863,-0.00304076,0.0117834,-6.67359e-05,0.0417696,-0.000887567,0.00100324,-0.0019945,0.0166288,0.00261625,-0.000123575,-0.00450803,0.00689221,0.00974083,-0.00608483,-0.0017798,-0.00888133,-0.0046457,-0.0115642,0.00643206,-0.0012441,0.00752422,0.00191013,0.00240653,-0.000181543,-0.000574565,0.00119117,0.00164839,0.00717326,0.00733804,-0.00746357,0.000825241,-0.00255222,-0.00549444,0.00493271,0.00261019,-0.00132982,0.000205091,0.00946541,0.0238312,0.0384946,-0.00182747,0.0222818,-0.000429784,0.0457845,-0.000194267,-0.000827268,-0.00191033,0.00309561,0.00261098,-0.000462796,-0.00428975,-0.00362556,-0.0042833,0,-0.00944736,-0.000303899,-0.0110528,0.0207858,0,0.0388776,0,0,0.0197392,-0.0610158,-0.00699724,0.00035193,-0.00821946,0.01867,0,0.0278483,-0.0533509,-0.0449067,-0.00401986,
3.22,0.0057529,0.00391508,-0.00736479,-0.00424006,-0.00588389,0.00295323,-0.00159034,0.0223305,0.00147821,0.00220085,-5.88506e-05,-0.000310425,0.00173557,0.00140388,-0.000573548,0.00196154,-0.0108507,-0.00103577,-0.00375255,-0.0082034,0.00756238,0.000309719,-0.00349702,0.00177163,0.00862504,0.0167818,0.00293389,-0.00304299,0.0115723,-6.87065e-05,0.0410038,-0.000898864,0.000939804,-0.00196644,0.0164612,0.00258238,-0.000122245,-0.00444076,-0.000222435,0.00974422,-0.00592959,-0.00173638,-0.00876953,-0.0046085,-0.0114661,0.000323806,-0.00124491,0.00759932,0.00190063,0.00239033,-0.000177381,-0.000567143,0.00114807,0.00159918,0.00706789,0.00717707,-0.00725248,0.000661609,-0.00257478,-0.00548436,0.00475217,0.00252647,-0.00135162,0.000170372,0.0093584,0.0237506,0.0384319,-0.00181104,0.0221533,-0.000451675,0.0456418,-0.000208926,-0.000884274,-0.0018958,0.00304084,0.00259407,-0.000454974,-0.00426283,-0.00361087,-0.00425908,0,-0.00930279,-0.000296535,-0.01091,0.0209217,0,0.0388555,0,0,0.0199698,-0.059937,-0.00689617,0.000564102,-0.00812952,0.0192414,0,0.028243,-0.0527618,-0.0439656,-0.00364062,
3.225,0.00583925,0.00393291,-0.00716012,-0.0041607,-0.00564084,0.00310404,-0.00158342,0.0219951,0.00146019,0.00217254,-5.88506e-05,-0.000303074,0.00168771,0.0013382,0.00235045,0.00184436,-0.0106129,-0.00123629,-0.00377706,-0.00818323,0.00726087,0.000162154,-0.00354652,0.00178198,0.00846552,0.0166954,0.00288244,-0.00304282,0.0113845,-7.02173e-05,0.0401936,-0.000908579,0.000877625,-0.00193602,0.0162326,0.00254512,-0.000120915,-0.00436804,-0.00238194,0.00975211,-0.00577554,-0.00169176,-0.00865071,-0.00456778,-0.0113513,0.0466261,-0.00124665,0.00768982,0.00188944,0.00237234,-0.000172415,-0.000557885,0.00110626,0.00155184,0.00693841,0.00700246,-0.00703809,0.000497275,-0.00259143,-0.00546591,0.00458704,0.00245045,-0.00136185,0.000133774,0.0092418,0.023688,0.0383757,-0.00179223,0.021996,-0.000470485,0.0455082,-0.000225695,-0.000935884,-0.00187992,0.00298833,0.00257527,-0.000445026,-0.00423255,-0.00359338,-0.00423112,0,-0.00914522,-0.000277263,-0.0107498,0.0210577,0,0.0388658,0,0,0.020131,-0.0590698,-0.00679028,0.000811296,-0.00803067,0.0197793,0,0.0286152,-0.0520475,-0.0429808,-0.00325648,
3.23,0.00592312,0.00394721,-0.00694711,-0.00407642,-0.00539036,0.00326746,-0.0015744,0.0216686,0.00144022,0.0021415,-5.8779e-05,-0.000294447,0.00164427,0.00127515,-0.00101464,0.00175123,-0.01035,-0.00141885,-0.00379781,-0.00815238,0.00694392,-1.32473e-05,-0.00359471,0.0017913,0.00829757,0.0166538,0.00284518,-0.00304007,0.0113092,-7.12025e-05,0.0393473,-0.000916938,0.000815594,-0.00190287,0.0159509,0.00250427,-0.000119111,-0.0042904,-0.00326762,0.00976386,-0.00561453,-0.00164488,-0.00852425,-0.00452286,-0.0112167,0.00573211,-0.00124932,0.00780303,0.00187656,0.00235272,-0.000166792,-0.00054679,0.00106565,0.0015062,0.00678835,0.0068131,-0.00682323,0.00033645,-0.00260235,-0.00543903,0.00443314,0.00238056,-0.00136364,9.67292e-05,0.0091389,0.0236994,0.0383529,-0.00177174,0.0218752,-0.000486086,0.0453588,-0.000244257,-0.00098379,-0.00186221,0.00293779,0.00255447,-0.000433051,-0.00419783,-0.00357236,-0.00419898,0,-0.00897522,-0.000249082,-0.0105719,0.0213101,0,0.0389401,0,0,0.0202346,-0.0581073,-0.00667882,0.00106176,-0.00792223,0.0203593,0,0.029023,-0.0515059,-0.0419658,-0.00285763,
3.235,0.00600218,0.00395708,-0.00672808,-0.0039877,-0.0051344,0.00346867,-0.00156341,0.0213424,0.00141825,0.00210773,-5.86358e-05,-0.000284619,0.00160206,0.00121493,-0.00071853,0.00166949,-0.0100577,-0.00157297,-0.00381457,-0.00811046,0.00661677,-0.000274421,-0.00364096,0.00179892,0.0081267,0.0166517,0.00282789,-0.00303457,0.0113948,-7.13339e-05,0.0384757,-0.000923716,0.000753118,-0.0018668,0.0156281,0.00245983,-0.000117021,-0.00420705,-0.00341469,0.00977717,-0.00542651,-0.00159549,-0.00838872,-0.00447328,-0.0110605,0.00186828,-0.00125222,0.00794772,0.00186163,0.00233106,-0.000160438,-0.000534011,0.00102614,0.00146203,0.00662302,0.00661239,-0.00661108,0.000180665,-0.00260817,-0.00540428,0.00428959,0.00231527,-0.00135895,6.37107e-05,0.00905539,0.0237997,0.0383746,-0.0017494,0.0218359,-0.000497598,0.0451699,-0.000264823,-0.00102864,-0.00184258,0.00288859,0.00253147,-0.000419144,-0.00415761,-0.00354694,-0.00416162,0,-0.00879366,-0.000214447,-0.0103752,0.0217265,0,0.0391233,0,0,0.0202887,-0.0569941,-0.00656203,0.00129292,-0.00780498,0.0210041,0,0.0295033,-0.0509563,-0.0409352,-0.00243428,
3.24,0.00606971,0.00396216,-0.00650303,-0.0038949,-0.00487486,0.00363799,-0.00155027,0.0210069,0.00139433,0.00207131,-5.80631e-05,-0.000273516,0.00155738,0.00115742,0.00136008,0.00159986,-0.00973241,-0.00170269,-0.00382677,-0.00805618,0.00628118,-0.000765996,-0.00368338,0.00180494,0.00794912,0.0165985,0.00279653,-0.00302555,0.0114056,-7.00202e-05,0.0375898,-0.000929138,0.000689901,-0.0018279,0.0152802,0.00241169,-0.000114646,-0.00411736,-0.003387,0.00979001,-0.00522711,-0.00154265,-0.00824285,-0.0044187,-0.0108804,0.0046515,-0.00125501,0.00813371,0.00184488,0.00230745,-0.000153939,-0.000519397,0.000987822,0.00141926,0.00644893,0.00640409,-0.00640129,1.27588e-05,-0.00260917,-0.00536166,0.00415396,0.00225327,-0.00135001,4.14298e-05,0.00895317,0.0238622,0.0383682,-0.00172567,0.0215626,-0.000503826,0.0449182,-0.000287287,-0.0010705,-0.00182102,0.0028398,0.00250564,-0.000403498,-0.00411035,-0.00351493,-0.00411725,0,-0.00860194,-0.000176448,-0.01016,0.0218408,0,0.039163,0,0,0.0202946,-0.0561465,-0.00643942,0.00148153,-0.00767834,0.0214493,0,0.0298269,-0.0501387,-0.0398751,-0.00195272,
3.245,0.00612398,0.00396216,-0.00627405,-0.00379814,-0.00461369,0.00388015,-0.00153534,0.0206501,0.00136834,0.00203216,-5.75619e-05,-0.000261138,0.00150864,0.00110266,3.56153e-05,0.0015394,-0.00936956,-0.0018138,-0.00383339,-0.00798905,0.00594034,-0.00154222,-0.00372199,0.00181265,0.00777076,0.0165985,0.00277301,-0.00301344,0.0114914,-6.70644e-05,0.0367069,-0.000933205,0.000625276,-0.00178609,0.0149249,0.00236026,-0.000111797,-0.00402131,-0.00332176,0.00979873,-0.00500768,-0.00148591,-0.0080863,-0.00435868,-0.010674,0.00159418,-0.00125733,0.00836899,0.00182609,0.00228157,-0.000146929,-0.000503175,0.000950704,0.00137777,0.00627197,0.00619556,-0.00619267,-0.00016376,-0.00260606,-0.00531166,0.0040212,0.00219126,-0.00133859,3.15869e-05,0.00885323,0.0239797,0.0383821,-0.0017008,0.0213151,-0.000504329,0.0445828,-0.000311438,-0.00110833,-0.00179745,0.00279111,0.00247728,-0.000386211,-0.00405606,-0.00347651,-0.00406575,0,-0.00840064,-0.000138813,-0.00992499,0.0221486,0,0.039291,0,0,0.0202519,-0.0549342,-0.00631132,0.00162562,-0.0075424,0.0219643,0,0.0301759,-0.0493408,-0.0387945,-0.0013566,
3.25,0.00616613,0.00395664,-0.00604275,-0.00369806,-0.00435184,0.00410086,-0.0015187,0.020258,0.00134033,0.00199067,-5.65596e-05,-0.00024756,0.00146166,0.00105067,0.00483698,0.00149634,-0.00897788,-0.00191085,-0.00383464,-0.00790916,0.00559805,-0.00226009,-0.00375512,0.00182056,0.00758294,0.0165719,0.00274637,-0.00299746,0.011505,-6.25321e-05,0.035825,-0.000936142,0.000558502,-0.00174145,0.0145804,0.00230545,-0.000108567,-0.00391949,-0.00324533,0.00979818,-0.00477448,-0.00142381,-0.0079181,-0.00429278,-0.0103898,0.0062822,-0.00125872,0.00866036,0.00180532,0.0022534,-0.000139845,-0.000485347,0.000914683,0.00133727,0.0060986,0.00599332,-0.00598123,-0.000360501,-0.00259935,-0.00525527,0.00388954,0.00212806,-0.00132649,3.35555e-05,0.00872934,0.0240338,0.038364,-0.00167516,0.0208751,-0.00049873,0.044147,-0.000337066,-0.00114161,-0.00177146,0.00274201,0.0024463,-0.000367475,-0.00399485,-0.00343107,-0.00400757,0,-0.00819156,-0.00010536,-0.00967126,0.0222033,0,0.0393138,0,0,0.0201565,-0.0537613,-0.00617814,0.00173469,-0.00739813,0.0222832,0,0.0303631,-0.0486876,-0.0376927,-0.000245832,
3.255,0.00619939,0.003945,-0.0058107,-0.00359524,-0.00409163,0.00431428,-0.00150042,0.019817,0.00131018,0.00194661,-5.54141e-05,-0.000232932,0.00142916,0.00100138,-0.000558419,0.0014515,-0.0085639,-0.00199558,-0.00382974,-0.00781642,0.00525721,-0.00268308,-0.00378182,0.00182582,0.00739425,0.0165745,0.002725,-0.00297771,0.0116471,-5.65548e-05,0.0348889,-0.00093795,0.000488838,-0.00169389,0.0142608,0.00224756,-0.000104863,-0.00381255,-0.00316282,0.00978276,-0.00451292,-0.00135591,-0.00773805,-0.00422118,-0.0100859,0.0018359,-0.00125872,0.00900962,0.00178245,0.00222287,-0.000132616,-0.000465911,0.000879959,0.00129766,0.00593499,0.00580131,-0.0057633,-0.000522984,-0.00258942,-0.00519257,0.00375501,0.00206037,-0.00131567,4.87673e-05,0.00861503,0.0241742,0.0383958,-0.00164913,0.0207235,-0.000487344,0.0436027,-0.00036396,-0.00117041,-0.00174326,0.00269209,0.00241206,-0.00034729,-0.00392694,-0.00337939,-0.0039426,0,-0.00797612,-7.827e-05,-0.00940354,0.0226377,0,0.039508,0,0,0.0200091,-0.0526816,-0.00603981,0.00181824,-0.00724595,0.0227997,0,0.0306933,-0.0477725,-0.0365745,0.0171092,
3.26,0.00622273,0.00392724,-0.00557988,-0.00349016,-0.00383567,0.0043826,-0.00148086,0.0193119,0.00127808,0.00190036,-5.39106e-05,-0.000217403,0.00140956,0.000954784,0.00245737,0.00143612,-0.00813753,-0.00206964,-0.00381857,-0.00771102,0.00491928,-0.00287014,-0.00380192,0.00182714,0.00719809,0.0165294,0.00269095,-0.00295391,0.011763,-4.94608e-05,0.0338435,-0.000938627,0.000415023,-0.0016435,0.0139768,0.00218659,-0.000100874,-0.00370075,-0.00307568,0.00974826,-0.00423319,-0.00128075,-0.00754603,-0.00414379,-0.00975407,0.00550507,-0.00125698,0.00941274,0.00175746,0.0021899,-0.000125532,-0.000445022,0.000846733,0.00125864,0.00578342,0.00562339,-0.00553702,-0.000672199,-0.00257719,-0.00512487,0.00361212,0.00198619,-0.00130741,7.61485e-05,0.00848132,0.0242757,0.038422,-0.00162311,0.0205931,-0.000470422,0.0429488,-0.000391486,-0.00119504,-0.00171256,0.00264093,0.00237478,-0.000325947,-0.00385286,-0.00332104,-0.0038714,0,-0.00775575,-5.78162e-05,-0.00912706,0.0228426,0,0.0395971,0,0,0.0198019,-0.0512155,-0.00589707,0.00188411,-0.00708671,0.0231806,0,0.0309567,-0.0468734,-0.0354214,0.00465673,
3.265,0.00625204,0.00390285,-0.00535078,-0.00338403,-0.00358654,0.00455349,-0.00145996,0.0187288,0.00124377,0.00185162,-5.23355e-05,-0.000201199,0.00141018,0.000910823,-0.000369863,0.00139836,-0.00771129,-0.00213393,-0.00380101,-0.00759356,0.00458835,-0.00302533,-0.0038141,0.00182366,0.00700794,0.016532,0.00266282,-0.00292608,0.0119667,-4.11845e-05,0.032635,-0.000938627,0.000335353,-0.00198433,0.0137346,0.00212336,-9.64094e-05,-0.00358494,-0.00298507,0.00969164,-0.0039115,-0.00119703,-0.00734258,-0.00406051,-0.00939444,0.00277607,-0.00125304,0.0098605,0.00173036,0.00215449,-0.000118594,-0.000422756,0.000815202,0.00122023,0.00564505,0.00545979,-0.00529624,-0.000808655,-0.00256335,-0.00505282,0.0034591,0.00190341,-0.001304,0.000114804,0.00837203,0.0244097,0.0384759,-0.00159731,0.0206703,-0.000448404,0.0422069,-0.000419329,-0.00121597,-0.00167946,0.00258801,0.00233424,-0.000303831,-0.00377208,-0.00325686,-0.00379386,0,-0.00753169,-4.10895e-05,-0.00884482,0.0232238,0,0.0397692,0,0,0.0195426,-0.050065,-0.00575,0.00193721,-0.0069218,0.0236421,0,0.031294,-0.0459531,-0.0340567,0.00219135,
3.27,0.00624446,0.00387206,-0.00512574,-0.00327771,-0.00334272,0.00461984,-0.00143812,0.0180569,0.00120758,0.00180085,-5.01877e-05,-0.00018462,0.00141062,0.000869493,0.00377301,0.00141152,-0.00729549,-0.00219023,-0.00377706,-0.00746543,0.0042682,-0.00315881,-0.00381838,0.00181463,0.0068091,0.0165159,0.00264585,-0.00289413,0.0121028,-3.21856e-05,0.031288,-0.00093795,0.000247754,-0.00169323,0.0135366,0.00205788,-9.14702e-05,-0.00346562,-0.00289175,0.00961099,-0.00357589,-0.0011031,-0.00712792,-0.00397198,-0.00901524,0.00438116,-0.00124689,0.0103377,0.00170122,0.00211663,-0.000111949,-0.000399112,0.000785468,0.0011821,0.00551824,0.00530764,-0.00504156,-0.000934584,-0.00254841,-0.00497766,0.00329221,0.00180952,-0.00130656,0.00016223,0.00822418,0.0245141,0.0385224,-0.00157228,0.0207342,-0.000421794,0.0413892,-0.000446961,-0.00123333,-0.00164375,0.00253365,0.00229066,-0.000280845,-0.00368557,-0.00318693,-0.00371055,0,-0.00730496,-2.65445e-05,-0.00856086,0.02351,0,0.0398965,0,0,0.019199,-0.0485963,-0.00559927,0.00198107,-0.0067516,0.0240466,0,0.0316126,-0.0449864,-0.0322442,0.00232063,
3.275,0.00622112,0.00383508,-0.00490609,-0.00317215,-0.00310756,0.0047041,-0.00141557,0.0172984,0.00116925,0.00174805,-4.78967e-05,-0.000168041,0.00142316,0.000830994,-0.010879,0.0013617,-0.00690094,-0.00223833,-0.00374685,-0.00732721,0.00395998,-0.0032741,-0.00381438,0.00180033,0.00660906,0.0165155,0.00263876,-0.00285831,0.0122096,-2.22672e-05,0.0299307,-0.000936933,0.000149705,-0.00155949,0.0133814,0.00199085,-8.63411e-05,-0.00334417,-0.00279554,0.00950776,-0.0032126,-0.000996112,-0.00690399,-0.00387809,-0.00862289,0.00408183,-0.00123818,0.0108257,0.00166997,0.00207642,-0.000105231,-0.000374244,0.000757729,0.00114428,0.00539658,0.00516352,-0.00477205,-0.00105248,-0.00253287,-0.00489988,0.00311079,0.00170086,-0.00131661,0.000215471,0.00806309,0.0246087,0.0385681,-0.00154841,0.0208296,-0.000390907,0.0405066,-0.000473749,-0.00124737,-0.00160555,0.00247702,0.00224424,-0.000257667,-0.00359354,-0.00311152,-0.00362181,0,-0.00707862,-1.38177e-05,-0.00827723,0.0237976,0,0.0400083,0,0,0.0187644,-0.0472326,-0.00544497,0.00201732,-0.00657769,0.0244532,0,0.0319398,-0.0440034,-0.029811,0.00270171,
3.28,0.00618145,0.00379161,-0.00469394,-0.00306838,-0.0028834,0.00487795,-0.00139252,0.016466,0.00112918,0.00169369,-4.53193e-05,-0.000152062,0.00145548,0.000795127,-0.00717403,0.00141785,-0.0065304,-0.00227801,-0.00371048,-0.00718088,0.00366925,-0.00337253,-0.00380192,0.00178029,0.00640911,0.0165565,0.00267291,-0.00281871,0.0122272,-1.1889e-05,0.0287593,-0.000935464,3.77967e-05,-0.0014705,0.0132646,0.0019228,-8.08319e-05,-0.00322141,-0.00269692,0.0093859,-0.0028172,-0.000870441,-0.00667165,-0.00377946,-0.00822262,0.0046259,-0.0012267,0.0113029,0.00163688,0.002034,-9.90965e-05,-0.000348305,0.000731986,0.00110645,0.0052783,0.00502227,-0.00448981,-0.00116373,-0.00251753,-0.00482046,0.00291176,0.00157578,-0.00133501,0.000271218,0.00789379,0.0246579,0.0385845,-0.00152576,0.0207255,-0.000356182,0.0395759,-0.000499694,-0.00125744,-0.00156503,0.00241864,0.00219487,-0.000234585,-0.00349632,-0.00303146,-0.00352786,0,-0.00685246,-1.81812e-06,-0.00799691,0.0239106,0,0.0400127,0,0,0.0182175,-0.0457836,-0.00528867,0.00204776,-0.00640054,0.0247507,0,0.0321807,-0.0429874,-0.027225,0.00312996,
3.285,0.00612791,0.00374247,-0.0044897,-0.00296708,-0.00267244,0.00502049,-0.00136922,0.0155908,0.00108717,0.001638,-4.25987e-05,-0.000136608,0.00148038,0.000762024,-0.00510244,0.00132417,-0.00619063,-0.00230948,-0.00366875,-0.00702773,0.00339658,-0.00345352,-0.00378135,0.0017547,0.00621191,0.0165751,0.0026989,-0.00277567,0.0121855,-7.8822e-07,0.0278023,-0.000934109,-9.21944e-05,-0.00139647,0.0131799,0.00185362,-7.50379e-05,-0.00309827,-0.00259675,0.00925184,-0.00238104,-0.000723061,-0.0064324,-0.00367627,-0.00781834,0.00500091,-0.00121254,0.0117505,0.00160197,0.00198963,-9.30353e-05,-0.000321447,0.000708338,0.00106853,0.00515658,0.00488024,-0.00419555,-0.00126255,-0.0025028,-0.00474038,0.00269533,0.00143163,-0.00136227,0.000326696,0.00771582,0.0246631,0.0385791,-0.00150488,0.0205498,-0.000318249,0.038614,-0.000524161,-0.00126043,-0.0015222,0.00235861,0.00214299,-0.000212179,-0.00339478,-0.00294735,-0.00342984,0,-0.00662972,9.09059e-06,-0.00772214,0.0239321,0,0.0399524,0,0,0.0175479,-0.0442861,-0.00513096,0.00207369,-0.00622183,0.024979,0,0.0323418,-0.0419458,-0.0252097,0.0036011,
3.29,0.00605907,0.0036884,-0.00429486,-0.00286918,-0.00242678,0.00504668,-0.00134585,0.01473,0.00104343,0.00158131,-3.97349e-05,-0.000122505,0.00150263,0.000731685,-0.0041082,0.00144615,-0.005881,-0.00233275,-0.00362211,-0.00686983,0.00314518,-0.00351775,-0.00375288,0.00172384,0.00601884,0.0165386,0.00269482,-0.00272972,0.0120315,1.0641e-05,0.0269984,-0.00093264,-0.000244641,-0.00132744,0.0131192,0.00178331,-6.93388e-05,-0.00297643,-0.00249571,0.00911741,-0.00186268,-0.00055648,-0.00618744,-0.0035693,-0.00741415,0.00532246,-0.0011956,0.0121526,0.00156537,0.00194348,-8.74123e-05,-0.000294131,0.000686885,0.0010304,0.00502467,0.00472985,-0.00389164,-0.00134976,-0.00248906,-0.00466055,0.00245711,0.00126608,-0.00139873,0.000379043,0.00751709,0.0246039,0.0385417,-0.00148569,0.0202623,-0.000277736,0.0376353,-0.000546942,-0.00125894,-0.00147726,0.00229651,0.0020888,-0.000190739,-0.00328977,-0.00285944,-0.00332796,0,-0.0064104,1.94539e-05,-0.00745421,0.0237473,0,0.0397471,0,0,0.0167531,-0.0427851,-0.00497332,0.00209603,-0.00604331,0.0250824,0,0.0323701,-0.0409063,-0.0236211,0.00410471,
3.295,0.0059784,0.0036296,-0.00411039,-0.0027744,-0.00221274,0.00500573,-0.00132273,0.0139341,0.000997883,0.00152383,-3.65132e-05,-0.000109377,0.00150351,0.000704045,-0.00354435,0.00127054,-0.00560058,-0.00234824,-0.00357092,-0.00670917,0.00291766,-0.00356504,-0.00371706,0.00168771,0.00583127,0.0165045,0.0026699,-0.0026811,0.0117871,2.25956e-05,0.026278,-0.000931398,-0.000423323,-0.00125954,0.0130731,0.00171238,-6.35447e-05,-0.00285653,-0.00239496,0.00899702,-0.00118534,-0.000371391,-0.00593947,-0.00345944,-0.00701239,0.00561765,-0.00117611,0.0124952,0.00152743,0.00189569,-8.19354e-05,-0.000266508,0.000667528,0.000991786,0.00487826,0.00456603,-0.00358325,-0.0014288,-0.00247663,-0.0045817,0.00219598,0.00107546,-0.0014438,0.000426647,0.00730603,0.0244688,0.0384705,-0.00146864,0.0198699,-0.000235463,0.0366533,-0.000568035,-0.00125445,-0.0014302,0.00223287,0.00203282,-0.000171327,-0.00318152,-0.00276764,-0.00322315,0,-0.0061961,2.88172e-05,-0.00719514,0.0233777,0,0.0394139,0,0,0.0158995,-0.0412398,-0.00481636,0.0021151,-0.00586578,0.0250468,0,0.0322373,-0.0398636,-0.0221657,0.00462732,
3.3,0.0058852,0.00356706,-0.00393777,-0.00268321,-0.00201064,0.00503585,-0.00129993,0.0131978,0.000950398,0.00146612,-3.34346e-05,-9.76737e-05,0.00152974,0.000679037,-0.00315384,0.00149185,-0.00535094,-0.00235616,-0.00351608,-0.00654692,0.00271607,-0.00359581,-0.00367454,0.00164697,0.00565008,0.0165035,0.00267087,-0.0026305,0.0115112,3.48787e-05,0.0256035,-0.000930494,-0.000628611,-0.00119145,0.0130321,0.00164105,-5.75607e-05,-0.00273851,-0.00229538,0.00890609,0.000358201,-0.000167792,-0.00569041,-0.00334774,-0.00661529,0.00604199,-0.00115418,0.0127679,0.00148822,0.0018466,-7.68235e-05,-0.000239192,0.000649767,0.000951979,0.00471537,0.00438899,-0.00326791,-0.00150267,-0.0024657,-0.00450449,0.0019135,0.000852638,-0.00149636,0.00046924,0.00709543,0.0243031,0.0383842,-0.00145375,0.0194792,-0.000192497,0.0356722,-0.000587019,-0.00124795,-0.0013816,0.00216799,0.00197538,-0.000153654,-0.00307068,-0.00267171,-0.00311516,0,-0.00598873,3.73623e-05,-0.00694568,0.023062,0,0.0390748,0,0,0.0151621,-0.0397044,-0.00466097,0.00213163,-0.00569078,0.0250282,0,0.0320573,-0.0388275,-0.0206963,0.00516585,
3.305,0.00578236,0.00350164,-0.00377785,-0.00259619,-0.00182088,0.00508724,-0.0012779,0.012515,0.000901526,0.0014084,-3.02844e-05,-8.70211e-05,0.00156956,0.000656661,-0.00283543,0.00119943,-0.00512478,-0.0023568,-0.0034585,-0.00638497,0.00254099,-0.00361157,-0.00362644,0.001602,0.00547602,0.0165065,0.00269085,-0.00257862,0.0111916,4.75559e-05,0.0249588,-0.000930042,-0.000853613,-0.00112241,0.0129866,0.00156992,-5.19566e-05,-0.00262243,-0.0021983,0.00885838,0.00763856,3.89208e-05,-0.00544157,-0.00323551,-0.00622508,0.00646105,-0.00112969,0.0129657,0.00144817,0.00179629,-7.20768e-05,-0.000213023,0.000633204,0.000910589,0.00453676,0.0041982,-0.00293925,-0.00157374,-0.00245647,-0.00442991,0.00161253,0.000583411,-0.00155531,0.000507448,0.00688575,0.0241017,0.0382799,-0.00144085,0.0190478,-0.000151292,0.0346358,-0.000604315,-0.00124009,-0.00133156,0.00210177,0.0019173,-0.000138588,-0.00295799,-0.0025724,-0.00300537,0,-0.00578961,4.49984e-05,-0.00670786,0.0227053,0,0.0387069,0,0,0.0146611,-0.0381787,-0.004508,0.0021457,-0.00551922,0.0249933,0,0.0318411,-0.0378085,-0.0191062,0.00571235,
3.31,0.00567209,0.00343415,-0.00362972,-0.00251381,-0.00166177,0.00497501,-0.00125643,0.0118926,0.000852239,0.00135116,-2.72775e-05,-7.74938e-05,0.00156162,0.000636786,-0.00254949,0.00155674,-0.00491583,-0.00235164,-0.00339887,-0.00622519,0.00239242,-0.00361333,-0.00357331,0.00155335,0.00530558,0.0164576,0.00265755,-0.00252588,0.0108529,8.10553e-05,0.0243238,-0.000929929,-0.00108291,-0.00105169,0.0129279,0.0014994,-4.66375e-05,-0.00250947,-0.00210411,0.00886407,0.00267742,0.000145477,-0.00519532,-0.00312355,-0.00584318,0.006821,-0.00110312,0.0130888,0.00140763,0.00174557,-6.74762e-05,-0.000188385,0.000617638,0.000766317,0.00435062,0.00400189,-0.00259541,-0.00164257,-0.00244875,-0.00435836,0.00128117,0.000264113,-0.00161921,0.000541362,0.00667583,0.0238703,0.0381679,-0.0014301,0.0185861,-0.000114932,0.0334962,-0.000619607,-0.00123125,-0.00128045,0.00203503,0.0018587,-0.000125357,-0.00284488,-0.00247106,-0.00289512,0,-0.0055996,5.14528e-05,-0.00648243,0.022222,0,0.0382737,0,0,0.0143038,-0.0366747,-0.00435869,0.00215773,-0.00535176,0.0248813,0,0.0315531,-0.0368147,-0.0172279,0.00626314,
3.315,0.0055586,0.00336608,-0.00349393,-0.00243719,-0.00151731,0.00490374,-0.00123598,0.0113493,0.000803228,0.0012947,-2.41989e-05,-6.90168e-05,0.00156533,0.000619412,-0.00226133,0.00112199,-0.00471954,-0.00234046,-0.00333844,-0.00607066,0.00227153,-0.00360243,-0.00351703,0.00150198,0.00515389,0.0164363,0.00263135,-0.00247365,0.0105012,0.000125524,0.0236977,-0.000930268,-0.00121365,-0.000978699,0.0128485,0.00143022,-4.15083e-05,-0.00240156,-0.00201456,0.00893114,0.00210521,0.000238714,-0.00495435,-0.00301386,-0.00547385,0.00720693,-0.00107458,0.0131437,0.00136694,0.00169461,-6.31676e-05,-0.000166424,0.00060307,0.000579565,0.00416362,0.00380834,-0.00220703,-0.00170943,-0.00244314,-0.00429139,0.000910626,-0.000127037,-0.00168608,0.000572322,0.00647391,0.0236153,0.0380479,-0.00142158,0.0180972,-8.60574e-05,0.0322311,-0.000633107,-0.00122176,-0.00122887,0.0019684,0.00179988,-0.000114347,-0.00273252,-0.00236972,-0.00278589,0,-0.00542022,5.65435e-05,-0.00627088,0.0217164,0,0.0378264,0,0,0.0139684,-0.0352037,-0.00421495,0.00216779,-0.00519115,0.0247471,0,0.0312222,-0.0358556,-0.0148655,0.00681392,
3.32,0.00543695,0.00329712,-0.00336901,-0.00236539,-0.00137573,0.00486004,-0.00121604,0.0109105,0.00075498,0.00123925,-2.16215e-05,-6.12899e-05,0.00157857,0.000604407,-0.0019378,0.00165639,-0.00452559,-0.0023237,-0.00327687,-0.00591889,0.00217568,-0.00357921,-0.00345683,0.00144826,0.00500246,0.0164316,0.00262072,-0.00242116,0.0101801,0.000179846,0.023071,-0.00093072,-0.00128842,-0.000901378,0.0127418,0.00136206,-3.67591e-05,-0.00229851,-0.00192983,0.00906557,0.00233043,0.000452778,-0.00471878,-0.00290602,-0.00511338,0.00770808,-0.00104371,0.0131397,0.00132612,0.00164389,-5.92972e-05,-0.000147448,0.0005894,0.000413013,0.00398925,0.00363219,-0.00169638,-0.00177329,-0.00243813,-0.00422615,0.000476009,-0.000590419,-0.00175381,0.000601314,0.00628088,0.0233912,0.0379421,-0.00141459,0.0176862,-6.46688e-05,0.0309031,-0.000643548,-0.0012111,-0.00117623,0.00190217,0.00174118,-0.000104689,-0.00262048,-0.00226923,-0.00267699,0,-0.00524965,6.00888e-05,-0.00607054,0.021346,0,0.0374372,0,0,0.0136333,-0.0334696,-0.00407537,0.00217557,-0.00503554,0.0246951,0,0.0309472,-0.0348067,-0.013011,0.00736104,
3.325,0.00531487,0.00322927,-0.00325741,-0.00229956,-0.00123965,0.00482302,-0.00119699,0.0106007,0.000707911,0.00118504,-1.90441e-05,-5.46133e-05,0.0016025,0.000591574,-0.00153611,0.00106596,-0.00433803,-0.00230262,-0.00321575,-0.00577494,0.00210315,-0.00354642,-0.00339542,0.00139322,0.00486618,0.0164417,0.00263103,-0.0023704,0.00987867,0.000242969,0.0224399,-0.000931398,-0.00132674,-0.000821233,0.0126033,0.00129596,-3.27697e-05,-0.00220207,-0.00185031,0.00926827,0.002557,0.000699017,-0.00449269,-0.00280178,-0.00476895,0.00816028,-0.00101088,0.0130903,0.00128607,0.00159407,-5.55729e-05,-0.000131609,0.000576728,0.000257947,0.00383653,0.00348169,-0.000815504,-0.00183389,-0.00243432,-0.00416558,-2.48793e-05,-0.000813934,-0.00182059,0.000628606,0.00610085,0.0231732,0.0378401,-0.00140914,0.0172805,-4.81871e-05,0.0296529,-0.000651142,-0.00119979,-0.00112358,0.00183709,0.00168352,-9.63837e-05,-0.00251137,-0.00217143,-0.00257082,0,-0.00509218,6.17251e-05,-0.00588622,0.0209512,0,0.0370562,0,0,0.0133078,-0.0311282,-0.00394377,0.00218113,-0.00488834,0.0246387,0,0.0307005,-0.0335702,-0.0120777,0.00790079,
3.33,0.00520547,0.00316348,-0.00315802,-0.00224006,-0.00109972,0.0048053,-0.00117883,0.0104331,0.000662506,0.00113256,-1.70395e-05,-4.88369e-05,0.0016282,0.000580847,-0.00083357,0.00176157,-0.00415426,-0.00227765,-0.00315624,-0.00563869,0.002051,-0.00350509,-0.00333374,0.00133771,0.00474676,0.0164364,0.00262802,-0.00232178,0.00963092,0.000313055,0.021805,-0.000931962,-0.00134512,-0.000741181,0.0124299,0.00123202,-2.91603e-05,-0.00211328,-0.00177514,0.00953556,0.00280599,0.000949753,-0.00427706,-0.00270139,-0.00444241,0.00867837,-0.000976066,0.01301,0.00124679,0.00154555,-5.20677e-05,-0.000118754,0.000565054,0.000109219,0.00371287,0.00336322,0.00334365,-0.00189035,-0.00243131,-0.00410927,-0.000613176,-0.00108607,-0.00188483,0.000654824,0.00594889,0.0229914,0.0377551,-0.00140515,0.0169659,-3.50394e-05,0.0285954,-0.000656309,-0.00118802,-0.00107094,0.00177344,0.00162765,-8.91404e-05,-0.00240647,-0.00207787,-0.00246872,0,-0.0049477,6.12706e-05,-0.00571728,0.0206168,0,0.0367141,0,0,0.0129939,-0.0282047,-0.00381966,0.00218465,-0.00474995,0.0246294,0,0.0305097,-0.0320002,-0.011138,0.00843075,
3.335,0.00508965,0.00310027,-0.00307054,-0.00218634,-0.000955833,0.00473639,-0.00116137,0.0104079,0.000619041,0.00108186,-1.53212e-05,-4.38857e-05,0.00165433,0.000571897,0.00196609,0.00106497,-0.00398027,-0.00224943,-0.00309854,-0.00551075,0.00201866,-0.0034578,-0.00327289,0.00128257,0.00463456,0.0164327,0.00262909,-0.00227574,0.00940533,0.000387804,0.0211734,-0.000932301,-0.00135334,-0.000662731,0.01222,0.00117043,-2.63108e-05,-0.00203227,-0.0017045,0.00985718,0.00304513,0.00118112,-0.00407436,-0.00260531,-0.00413443,0.00918215,-0.000939051,0.0129132,0.00120892,0.00149915,-4.90006e-05,-0.000108271,0.000554178,-3.32708e-05,0.00362515,0.00328098,0.00117891,-0.00194157,-0.0024286,-0.0040569,-0.00110548,-0.0013772,-0.00194463,0.000679879,0.0057967,0.0228319,0.0376825,-0.001402,0.0167308,-2.36532e-05,0.0277138,-0.000659473,-0.0011758,-0.00101811,0.00171166,0.00157419,-8.28629e-05,-0.0023072,-0.00198978,-0.00237194,0,-0.00481688,5.85434e-05,-0.00556393,0.0203155,0,0.0364029,0,0,0.0126785,-0.0257148,-0.00370321,0.00218579,-0.00462027,0.0246401,0,0.0303718,-0.0301055,-0.0101539,0.00894662,
3.34,0.00497165,0.00304045,-0.00299442,-0.00213838,-0.000777253,0.00467359,-0.00114454,0.0105108,0.000577864,0.00103335,-1.41041e-05,-3.98347e-05,0.00167888,0.000564592,0.00120477,0.00179626,-0.00381684,-0.00221888,-0.00304336,-0.00539191,0.00200264,-0.00340481,-0.00321343,0.00122848,0.00453355,0.016431,0.00262845,-0.00223304,0.00923059,0.000464524,0.0205331,-0.000932301,-0.00135638,-0.000587483,0.0119746,0.00111172,-2.40311e-05,-0.0019602,-0.00163946,0.0102196,0.00327153,0.00137901,-0.00388644,-0.00251475,-0.00383035,0.00971228,-0.000900993,0.0128126,0.00117281,0.00145494,-4.60795e-05,-9.9625e-05,0.000544,-0.000169522,0.0035707,0.00323364,0.00274183,-0.001987,-0.00242559,-0.00400821,-0.00161605,-0.00162875,-0.00199898,0.000704128,0.00565227,0.0227224,0.0376327,-0.0013997,0.0165953,-1.428e-05,0.0269748,-0.000660633,-0.00116287,-0.000964983,0.00165255,0.00152388,-7.70683e-05,-0.00221495,-0.00190838,-0.00228207,0,-0.00469982,5.28163e-05,-0.00542575,0.0201357,0,0.0361521,0,0,0.0123663,-0.0239807,-0.00359507,0.0021844,-0.00449999,0.0247229,0,0.0303153,-0.0282716,-0.00916775,0.00944043,
3.345,0.00487523,0.00298468,-0.00292923,-0.00209629,-0.00051849,0.00475884,-0.00112828,0.010712,0.000539252,0.000987107,-1.33882e-05,-3.67589e-05,0.00173504,0.000558669,0.00204339,0.00112716,-0.00367155,-0.00218592,-0.00299103,-0.00528306,0.0020041,-0.00334813,-0.00315649,0.00117635,0.0044587,0.0164596,0.00265508,-0.00219396,0.00912404,0.000539931,0.019884,-0.000931736,-0.00135653,-0.000516096,0.0116959,0.00105578,-2.25114e-05,-0.00189694,-0.0015803,0.0106057,0.00348655,0.00153737,-0.00371458,-0.00243078,-0.00355266,0.0102048,-0.000862702,0.0127178,0.00113881,0.00141399,-4.35236e-05,-9.25089e-05,0.000534621,-0.000152689,0.00354546,0.00321493,0.00140107,-0.00202591,-0.00242219,-0.0039633,-0.00201368,-0.00182341,-0.00204643,0.000727841,0.00554253,0.0226407,0.0375907,-0.00139763,0.016462,-6.47946e-06,0.0263464,-0.000660001,-0.00114948,-0.000911667,0.00159644,0.00147725,-7.23361e-05,-0.00213093,-0.00183347,-0.00220012,0,-0.00459661,4.48166e-05,-0.00530358,0.0199595,0,0.0359204,0,0,0.0120768,-0.0225937,-0.00349542,0.00218023,-0.0043895,0.0248042,0,0.0302935,-0.0269158,-0.00823464,0.00990483,
3.35,0.00477517,0.00293303,-0.0028738,-0.0020593,-7.71952e-05,0.0047551,-0.0011124,0.0109733,0.000503482,0.000943277,-1.31018e-05,-3.44334e-05,0.00177195,0.000554128,0.00129468,0.00174441,-0.00354268,-0.00215133,-0.00294188,-0.00518399,0.00202012,-0.00328785,-0.00310253,0.00112677,0.00438832,0.0164828,0.00267935,-0.00215874,0.00903596,0.000611002,0.0192348,-0.000930268,-0.0013549,-0.000449512,0.0113887,0.00100282,-2.19415e-05,-0.00184211,-0.001528,0.0109975,0.0036834,0.00165993,-0.00355879,-0.00235391,-0.00330005,0.0106521,-0.000824759,0.0126365,0.00110721,0.00137646,-4.11868e-05,-8.65406e-05,0.000525441,-0.000142589,0.00354402,0.00322087,0.00223153,-0.00205845,-0.00241787,-0.00392174,-0.00227833,-0.00196907,-0.00208724,0.000751016,0.00544031,0.0225986,0.0375606,-0.00139571,0.016352,-5.03259e-07,0.0258198,-0.000657469,-0.00113531,-0.000860083,0.00154363,0.00143535,-6.79901e-05,-0.00205631,-0.00176481,-0.00212688,0,-0.00450725,0.362492,-0.00519743,0.0198164,0,0.0357041,0,0,0.0117865,-0.0213438,-0.00340525,0.00217311,-0.00428928,0.0249027,0,0.0303029,-0.025972,-0.00744323,0.0103312,
3.355,0.00467408,0.00288611,-0.00282727,-0.00202762,0.000672495,0.00457436,-0.00109685,0.0112541,0.000470832,0.000902489,-1.36029e-05,-3.3008e-05,0.00177151,0.000550574,0.00189856,0.00122188,-0.0034343,-0.00211512,-0.00289582,-0.0050951,0.00205217,-0.00322538,-0.00305182,0.00108048,0.00431828,0.0164677,0.00266357,-0.00212765,0.00895471,0.000674979,0.0185852,-0.00092767,-0.00135164,-0.000388202,0.0110591,0.00095283,-2.19415e-05,-0.00179558,-0.00148274,0.0113771,0.00385868,0.00175282,-0.00341938,-0.00228494,-0.00307409,0.0109883,-0.000787629,0.0125721,0.00107856,0.00134284,-3.9069e-05,-8.17965e-05,0.000516461,-0.000137341,0.00355994,0.00324355,0.00156999,-0.00208396,-0.00241246,-0.0038833,-0.00245821,-0.00207673,-0.00212063,0.000773923,0.00533969,0.0225808,0.0375441,-0.00139356,0.0162662,3.90026e-06,0.0253946,-0.000653251,-0.00112055,-0.000811964,0.00149473,0.00139817,-6.43202e-05,-0.00199142,-0.00170325,-0.00206338,0,-0.00443174,-0.00857497,-0.00510623,0.0196122,0,0.0354628,0,0,0.0114927,-0.0201644,-0.00332489,0.00216297,-0.00419923,0.0249533,0,0.0302935,-0.0252515,-0.00680229,0.0107019,
3.36,0.00457912,0.00284315,-0.00278939,-0.00200066,0.000684252,0.00445347,-0.00108148,0.0115212,0.000441578,0.000864976,-1.43189e-05,-3.24829e-05,0.00178061,0.000547941,0.00137379,0.0016538,-0.00335317,-0.00207756,-0.00285249,-0.00501531,0.00209907,-0.00316074,-0.00300446,0.00103776,0.00425152,0.016473,0.00265508,-0.00210067,0.00887203,0.000729957,0.0179293,-0.000923829,-0.00134697,-0.000333014,0.0107152,0.000906333,-2.28913e-05,-0.00175747,-0.0014452,0.011726,0.00400186,0.00182322,-0.00329776,-0.00222405,-0.00287638,0.0112835,-0.000751891,0.0125271,0.00105294,0.00131353,-3.72433e-05,-7.78177e-05,0.000507281,-0.000134766,0.00358892,0.003279,0.00203705,-0.0021031,-0.00240584,-0.00384781,-0.00258745,-0.0021559,-0.00214704,0.000796115,0.00524773,0.0225681,0.0375271,-0.0013911,0.016189,6.54237e-06,0.0250626,-0.000647239,-0.00110476,-0.000768657,0.00144976,0.00136635,-6.12297e-05,-0.00193692,-0.00164937,-0.00200961,0,-0.00436932,-0.00570271,-0.00502988,0.0193928,0,0.0352171,0,0,0.0112142,-0.0189594,-0.00325419,0.00214987,-0.00411937,0.0249726,0,0.0302579,-0.024661,-0.0062861,0.0110015,
3.365,0.00449525,0.00280426,-0.00275974,-0.00197843,0.00067635,0.00436133,-0.00106611,0.0117481,0.000416276,0.000831363,-1.57508e-05,-3.27079e-05,0.00179173,0.000545967,0.00179282,0.00130972,-0.00329226,-0.0020383,-0.00281213,-0.00494512,0.00215995,-0.00309434,-0.00296018,0.000999001,0.00419783,0.0164937,0.00265487,-0.00207748,0.00884503,0.000774754,0.0172919,-0.000918632,-0.00134089,-0.000284795,0.0103665,0.000864044,-2.4506e-05,-0.00172837,-0.00141567,0.0120281,0.00411956,0.00187641,-0.00319383,-0.00217131,-0.00270803,0.0115218,-0.000717777,0.0125017,0.0010307,0.0012887,-3.57098e-05,-7.4757e-05,0.000497702,-0.000133974,0.00362328,0.00331886,0.00171665,-0.00211548,-0.00239772,-0.00381535,-0.00267838,-0.0022138,-0.00216604,0.000817769,0.00517426,0.0225551,0.0375167,-0.00138842,0.016135,7.29726e-06,0.024819,-0.000639329,-0.00108805,-0.000730835,0.00140902,0.0013402,-5.86222e-05,-0.00189215,-0.00160402,-0.00196626,0,-0.0043198,-0.00449512,-0.00496741,0.0191879,0,0.0349949,0,0,0.0109541,-0.017673,-0.00319297,0.00213343,-0.00404969,0.0249483,0,0.0301912,-0.0241641,-0.00586632,0.0112282,
3.37,0.0044194,0.00276911,-0.00273807,-0.00196027,0.000698997,0.00429991,-0.00105068,0.0119125,0.000394925,0.000801727,-1.77554e-05,-3.38332e-05,0.00181884,0.000544585,0.00143864,0.00157249,-0.00325561,-0.00199784,-0.00277405,-0.00488253,0.00223686,-0.003025,-0.00291896,0.000964377,0.00415997,0.0165208,0.00266539,-0.00205815,0.00892004,0.000808976,0.0167038,-0.000911855,-0.00133334,-0.000244675,0.0100228,0.000826682,-2.70706e-05,-0.00170821,-0.00139396,0.0122694,0.00421569,0.0019168,-0.00310715,-0.00212674,-0.00256634,0.0117489,-0.000685288,0.0124964,0.00101212,0.00126868,-3.43223e-05,-7.23084e-05,0.000487325,-0.000133776,0.0036585,0.00336345,0.00194812,-0.00212135,-0.0023883,-0.00378527,-0.00273474,-0.00225308,-0.00217805,0.000838529,0.00511973,0.0225565,0.037526,-0.00138527,0.0161768,6.54237e-06,0.0246585,-0.000629521,-0.00107011,-0.000699269,0.0013724,0.00132003,-5.64975e-05,-0.00185679,-0.0015672,-0.0019323,0,-0.00428204,-0.00428076,-0.00491764,0.0191016,0,0.0348596,0,0,0.0107089,-0.0162414,-0.00314123,0.00211403,-0.0039896,0.024934,0,0.0301404,-0.0237518,-0.00552347,0.0113875,
3.375,0.00434895,0.00273699,-0.00272389,-0.00194608,0.000704972,0.0042247,-0.00103518,0.0120001,0.00037801,0.000776381,-2.0118e-05,-3.56337e-05,0.00183262,0.000543466,0.00171694,0.00137129,-0.00323748,-0.0019559,-0.00273825,-0.00482716,0.00232687,-0.00295365,-0.00287942,0.000933987,0.00412693,0.0165537,0.00267227,-0.00204192,0.00905699,0.000832689,0.0162011,-0.000903608,-0.00132415,-0.000213973,0.00969494,0.000794555,-3.01101e-05,-0.00169687,-0.00138026,0.012439,0.00428754,0.00194595,-0.00303707,-0.00208953,-0.00245001,0.011898,-0.000654424,0.0125113,0.000997122,0.00125337,-3.32999e-05,-7.06251e-05,0.000475851,-0.000135658,0.00369343,0.00340847,0.00181984,-0.0021209,-0.00237737,-0.00375757,-0.00276072,-0.00227543,-0.00218308,0.000858215,0.00508117,0.0225533,0.0375446,-0.00138174,0.0162289,3.90026e-06,0.0245648,-0.000617709,-0.00105087,-0.000674054,0.00133991,0.00130575,-5.47591e-05,-0.00183083,-0.00153908,-0.0019074,0,-0.00425472,-0.00421585,-0.00487931,0.0189937,0,0.0347514,0,0,0.0104763,-0.0149471,-0.00309839,0.00209178,-0.00393821,0.0248684,0,0.0300606,-0.0234158,-0.00524622,0.0114849,
3.38,0.00428025,0.00270738,-0.00271671,-0.0019352,0.000713839,0.00413649,-0.00101943,0.0120024,0.00036581,0.000755636,-2.29102e-05,-3.80342e-05,0.00185169,0.000542413,0.00148489,0.00152088,-0.00323461,-0.00191212,-0.00270404,-0.00477733,0.00243408,-0.00287894,-0.00284146,0.000908584,0.00410525,0.0165681,0.00267506,-0.00202843,0.00919309,0.000846745,0.0158096,-0.000893441,-0.00131333,-0.000192877,0.00939292,0.000767663,-3.39095e-05,-0.00169389,-0.00137418,0.0125321,0.00433509,0.00196576,-0.00298208,-0.00205926,-0.00235959,0.011907,-0.000625299,0.0125482,0.000985931,0.00124287,-3.24236e-05,-6.94008e-05,0.000463079,-0.000138232,0.00372614,0.00345097,0.00191702,-0.00211452,-0.00236514,-0.003732,-0.00275984,-0.00228212,-0.0021818,0.000876648,0.00504489,0.0225175,0.0375542,-0.00137774,0.0162054,-1.25815e-07,0.0245206,-0.000603999,-0.00102981,-0.000655192,0.00131134,0.00129703,-5.35036e-05,-0.00181364,-0.00151949,-0.00189099,0,-0.00423651,-0.00418204,-0.00485037,0.0187909,0,0.0346256,0,0,0.0102531,-0.0143479,-0.00306328,0.00206658,-0.00389486,0.0247115,0,0.0298995,-0.0231453,-0.0050258,0.0115272,
3.385,0.00421315,0.00268004,-0.00271591,-0.00192764,0.000736679,0.00409082,-0.0010033,0.0119213,0.000358392,0.000739492,-2.6132e-05,-4.1035e-05,0.00188604,0.000536622,0.0016647,0.00140937,-0.00324166,-0.001866,-0.00267121,-0.00473244,0.00255381,-0.00280122,-0.00280433,0.000887791,0.00409097,0.0166087,0.0027004,-0.00201718,0.009336,0.000851672,0.0155305,-0.00088158,-0.00130102,-0.00018101,0.00912675,0.000746416,-3.81838e-05,-0.00169836,-0.00137543,0.0125482,0.00435361,0.00197839,-0.00294025,-0.00203513,-0.00229396,0.011831,-0.0005978,0.0126086,0.000978329,0.00123685,-3.17664e-05,-6.88652e-05,0.000448611,-0.0001415,0.00375921,0.00349237,0.00187496,-0.00210297,-0.0023516,-0.00370798,-0.00273364,-0.00227524,-0.00217473,0.000893918,0.00501386,0.0224457,0.0375537,-0.00137345,0.0161197,-5.9133e-06,0.0245033,-0.000588284,-0.001007,-0.000642681,0.00128637,0.00129399,-5.25378e-05,-0.00180499,-0.00150783,-0.00188261,0,-0.00422588,-0.00415986,-0.00482954,0.0185521,0,0.0344947,0,0,0.0100346,-0.0141428,-0.00303525,0.00203884,-0.00385776,0.0244782,0,0.0296601,-0.0229304,-0.00485262,0.0115247,
3.39,0.0041462,0.00265352,-0.00272021,-0.00192281,0.000711044,0.00394453,-0.000986539,0.0117665,0.000355966,0.000728028,-2.95685e-05,-4.46358e-05,0.00188621,0.000450541,0.00151625,0.00149468,-0.00325666,-0.00181727,-0.00263894,-0.00469052,0.0026884,-0.00271897,-0.00276758,0.000871326,0.00408684,0.0166399,0.00270395,-0.00200756,0.00952608,0.000848256,0.0153479,-0.000868024,-0.00128709,-0.000176866,0.00890349,0.000730609,-4.29331e-05,-0.0017099,-0.00138315,0.0124943,0.00436074,0.00198323,-0.00291006,-0.00201609,-0.00225099,0.0117052,-0.000571808,0.0126944,0.000974457,0.00123522,-3.11822e-05,-6.87122e-05,0.000432247,-0.00014556,0.00378883,0.00353398,0.00190971,-0.00208664,-0.00233656,-0.00368479,-0.0026863,-0.00225579,-0.00216238,0.000910024,0.00499766,0.0223808,0.0375625,-0.00136853,0.0160529,-1.27073e-05,0.0244961,-0.000570566,-0.00098184,-0.000636233,0.00126461,0.00129588,-5.20549e-05,-0.00180369,-0.00150353,-0.00188091,0,-0.00422076,-0.00414522,-0.00481448,0.0182875,0,0.0343439,0,0,0.00982079,-0.0140237,-0.00301279,0.00200856,-0.00382654,0.0241979,0,0.0293691,-0.0227632,-0.00472164,0.0114763,
3.395,0.00407793,0.00262737,-0.00272898,-0.00191997,0.000706129,0.00382266,-0.000969075,0.0115568,0.000358392,0.000721087,-3.32198e-05,-4.86118e-05,0.00189107,0.000366501,0.00163499,0.0014376,-0.00327948,-0.00176634,-0.0026069,-0.00465058,0.00283434,-0.00263286,-0.00273046,0.000859189,0.00408185,0.016676,0.00271243,-0.0019988,0.00971502,0.000837549,0.0152454,-0.000852548,-0.00127138,-0.00017875,0.00872813,0.000720242,-4.79673e-05,-0.00172675,-0.00139627,0.0123827,0.00434902,0.00198167,-0.00288828,-0.00200134,-0.00222731,0.0114894,-0.000546861,0.0128064,0.000973824,0.00123742,-3.0817e-05,-6.89417e-05,0.000413688,-0.000150907,0.00381552,0.00357472,0.00189346,-0.00206591,-0.00232012,-0.00366192,-0.00262025,-0.00222593,-0.00214534,0.000925147,0.00498374,0.0222883,0.0375641,-0.001363,0.0159233,-2.08853e-05,0.0244784,-0.000550739,-0.00095415,-0.00063527,0.00124553,0.00130207,-5.16686e-05,-0.00180877,-0.00150522,-0.00188522,0,-0.00421943,-0.00413567,-0.00480349,0.0179588,0,0.0341659,0,0,0.00960582,-0.0139605,-0.00299532,0.00197616,-0.00379904,0.0238433,0,0.0290027,-0.0226363,-0.0046226,0.0113881,
3.4,0.00400704,0.00260122,-0.00274071,-0.00191846,0.000701503,0.0037069,-0.000950849,0.0113141,0.000365463,0.000718591,-3.70143e-05,-5.27378e-05,0.00190017,0.000282855,0.00154131,0.00148478,-0.00330557,-0.00171316,-0.00257475,-0.00461073,0.00298962,-0.00254306,-0.00269259,0.000850345,0.00407789,0.0166949,0.00271716,-0.00199046,0.00987839,0.000820274,0.0152059,-0.000835377,-0.00125389,-0.000184777,0.00860169,0.000715007,-5.33814e-05,-0.00174801,-0.00141364,0.0122294,0.00431896,0.0019751,-0.00287372,-0.00198941,-0.0022193,0.0112353,-0.000522843,0.0129434,0.000976076,0.00124271,-3.0671e-05,-6.94008e-05,0.000392734,-0.000156254,0.0038379,0.00361336,0.00190312,-0.00204109,-0.00230197,-0.0036384,-0.00253879,-0.00218697,-0.00212413,0.000939285,0.00496663,0.0221723,0.037556,-0.00135686,0.0157655,-2.98181e-05,0.024439,-0.000529013,-0.000923989,-0.000638927,0.00122882,0.00131184,-5.14755e-05,-0.00181872,-0.00151172,-0.00189359,0,-0.00422,-0.00412895,-0.00479398,0.0176129,0,0.033968,0,0,0.00939086,-0.0139387,-0.00298027,0.00194163,-0.00377428,0.0234545,0,0.0285833,-0.0225372,-0.00454778,0.0112662,
3.405,0.00393455,0.00257396,-0.00275366,-0.00191761,0.000735041,0.00368288,-0.000931798,0.0110614,0.000376832,0.000720073,-4.08088e-05,-5.71639e-05,0.0019346,0.000199012,0.00162097,0.00146177,-0.00333596,-0.00165735,-0.00254134,-0.0045699,0.00315159,-0.00244983,-0.00265324,0.000844512,0.00407359,0.0167649,0.00275915,-0.00198162,0.0100963,0.000797022,0.0152186,-0.000816286,-0.00123462,-0.000194384,0.00852169,0.000714597,-5.87955e-05,-0.00177199,-0.0014342,0.0120511,0.00428193,0.00196558,-0.00286348,-0.00197941,-0.00222358,0.0111287,-0.000499404,0.0131022,0.000980863,0.00125085,-3.04519e-05,-7.00895e-05,0.000369385,-0.000162393,0.00385648,0.00364848,0.00189581,-0.00201309,-0.00228202,-0.00361356,-0.00244412,-0.002141,-0.00209925,0.000952707,0.00496412,0.0221075,0.0375675,-0.0013498,0.0157601,-3.95688e-05,0.0243654,-0.000505283,-0.000891749,-0.000646626,0.00121386,0.00132423,-5.1572e-05,-0.00183159,-0.00152168,-0.00190502,0,-0.00422019,-0.00412277,-0.00478394,0.0175288,0,0.0338459,0,0,0.00917549,-0.0139393,-0.00296688,0.00190481,-0.0037502,0.0231956,0,0.0282742,-0.0224515,-0.00449192,0.0111136,
3.41,0.00385739,0.00254478,-0.00276692,-0.00191666,0.000687722,0.00350391,-0.000911858,0.0108161,0.000391805,0.000725142,-4.46749e-05,-6.174e-05,0.00192392,0.000112668,0.00157204,0.00149111,-0.00336296,-0.00159949,-0.00250691,-0.0045261,0.00331676,-0.00235324,-0.00261183,0.000840561,0.00406739,0.0167524,0.00274444,-0.00197182,0.0102523,0.000768514,0.015265,-0.000794936,-0.0012135,-0.000206344,0.00848282,0.000718394,-6.43046e-05,-0.0017972,-0.00145639,0.0118623,0.00423828,0.00195114,-0.00285507,-0.00196984,-0.00223514,0.0108927,-0.000476082,0.0132775,0.000987409,0.00126078,-3.04519e-05,-7.08546e-05,0.000343143,-0.000168334,0.00386594,0.00367425,0.00188969,-0.00198228,-0.00226007,-0.00358635,-0.00234042,-0.00208942,-0.00207122,0.000965592,0.00495066,0.0220244,0.0375687,-0.00134151,0.0156905,-4.99485e-05,0.0242497,-0.000479655,-0.000857298,-0.000657405,0.00120004,0.00133831,-5.1572e-05,-0.00184641,-0.00153351,-0.00191793,0,-0.00421754,-0.00411549,-0.0047707,0.0172231,0,0.0336392,0,0,0.00895543,-0.013952,-0.00295348,0.00186627,-0.00372554,0.022851,0,0.02791,-0.0223659,-0.00444596,0.0109329,
3.415,0.00377468,0.00251325,-0.00277877,-0.00191477,0.000671049,0.00333951,-0.000890647,0.0105929,0.000409759,0.000733253,-4.82546e-05,-6.6016e-05,0.00191712,2.37577e-05,0.00162152,0.0014881,-0.00338382,-0.0015393,-0.00247008,-0.00447795,0.00348223,-0.00225447,-0.00256764,0.000838114,0.00405724,0.0167445,0.00272221,-0.00196014,0.0103159,0.000735409,0.0153318,-0.000771665,-0.00119023,-0.000220283,0.00847761,0.000725785,-6.95288e-05,-0.00182228,-0.00147869,0.0116745,0.00418308,0.00193255,-0.00284666,-0.00195984,-0.0022509,0.0105783,-0.000452759,0.013462,0.000995152,0.00127169,-3.03789e-05,-7.17728e-05,0.000314207,-0.000175959,0.00386336,0.00368746,0.00188309,-0.00194885,-0.002236,-0.0035557,-0.00222989,-0.00203386,-0.00204039,0.000977762,0.00492328,0.0218947,0.0375435,-0.00133207,0.0155126,-6.07686e-05,0.0240892,-0.00045234,-0.000820768,-0.000669916,0.00118663,0.00135301,-5.18618e-05,-0.0018609,-0.00154567,-0.00193027,0,-0.00421052,-0.00410422,-0.00475233,0.0167801,0,0.0333471,0,0,0.0087279,-0.0139595,-0.00293851,0.0018256,-0.00369814,0.0224095,0,0.0274493,-0.0222636,-0.00440383,0.0107258,
3.42,0.00368629,0.00247855,-0.00278755,-0.00191118,0.000643197,0.00320347,-0.00086804,0.0104027,0.000429863,0.00074386,-5.1548e-05,-7.03671e-05,0.001915,-6.84433e-05,0.00161096,0.00151559,-0.00339517,-0.00147727,-0.00243086,-0.00442397,0.00364478,-0.00215311,-0.00252056,0.000836044,0.00404692,0.0167431,0.00270706,-0.00194605,0.01031,0.0006981,0.0154075,-0.000746022,-0.00116481,-0.000235634,0.00849693,0.000736049,-7.4563e-05,-0.00184542,-0.00149982,0.0114933,0.00411447,0.00191136,-0.00283545,-0.00194817,-0.00226562,0.0102725,-0.000428856,0.0136461,0.00100339,0.001283,-3.03059e-05,-7.2385e-05,0.000282278,-0.000183583,0.00384866,0.00368394,0.0018719,-0.00191287,-0.00220933,-0.0035207,-0.0021165,-0.00197564,-0.00200725,0.000989036,0.00488746,0.0217387,0.0374982,-0.00132093,0.0152958,-7.17145e-05,0.0238869,-0.000423231,-0.000782417,-0.00068339,0.00117312,0.0013675,-5.17652e-05,-0.00187377,-0.00155656,-0.00194057,0,-0.00419676,-0.00408731,-0.00472628,0.0163199,0,0.033005,0,0,0.00849018,-0.0139496,-0.00292013,0.00178338,-0.00366643,0.0219415,0,0.0269435,-0.022129,-0.00435967,0.0104936,
3.425,0.00359206,0.00244032,-0.00279191,-0.00190493,0.000617658,0.00308613,-0.000843781,0.0102556,0.000451075,0.00075587,-5.46266e-05,-7.4193e-05,0.00191456,-0.00016275,0.00164996,0.00152974,-0.00339008,-0.00141326,-0.00238844,-0.00436287,0.00380122,-0.00205065,-0.00246985,0.000833975,0.00402541,0.0167463,0.00270083,-0.00192887,0.0102421,0.000657047,0.0154768,-0.000718458,-0.00113709,-0.000251926,0.00853175,0.000748161,-7.91222e-05,-0.00186577,-0.00151835,0.0113214,0.00404687,0.0018874,-0.0028196,-0.00193369,-0.00227653,0.00998375,-0.000404257,0.0138188,0.00101141,0.00129359,-3.01598e-05,-7.29206e-05,0.000247355,-0.000191109,0.00381788,0.00366346,0.00185871,-0.00187497,-0.00217996,-0.00348021,-0.00200223,-0.00191629,-0.00197215,0.000999058,0.00484251,0.0215649,0.0374348,-0.00130796,0.0150548,-8.28491e-05,0.0236515,-0.000392541,-0.000742116,-0.000696478,0.00115919,0.00138053,-5.18618e-05,-0.0018835,-0.00156467,-0.00272205,0,-0.00417409,-0.00406313,-0.00469061,0.015846,0,0.0326166,0,0,0.00824305,-0.0139088,-0.00289767,0.00173919,-0.00362894,0.0214571,0,0.0264037,-0.0219494,-0.00430816,0.0102393,
3.43,0.00349346,0.00239773,-0.00279043,-0.00189529,0.000591637,0.00300245,-0.000817681,0.0101588,0.000472426,0.000768894,-5.72039e-05,-7.74938e-05,0.00191694,-0.000119184,0.00166257,0.00156382,-0.00336126,-0.00134755,-0.00234249,-0.00429287,0.00394746,-0.00194761,-0.00241496,0.000830776,0.00399443,0.0167625,0.00270717,-0.00190791,0.0101318,0.000612775,0.0155256,-0.000688635,-0.0011067,-0.000268219,0.00857311,0.000761402,-8.33015e-05,-0.00188158,-0.0015336,0.0111576,0.00397401,0.00186154,-0.00279728,-0.0019157,-0.00228054,0.00976537,-0.000378498,0.0139671,0.00101845,0.00130279,-2.99407e-05,-7.32266e-05,0.000209538,-0.000198535,0.00377277,0.0036236,0.00184398,-0.00183472,-0.00214747,-0.00343333,-0.00189083,-0.00185593,-0.00193492,0.00100819,0.00479619,0.0213995,0.0373628,-0.00129268,0.0148423,-9.3795e-05,0.0233978,-0.000360374,-0.000699866,-0.000708123,0.00114423,0.00139134,-5.16686e-05,-0.00188847,-0.00156881,-0.00217306,0,-0.00414127,-0.00402913,-0.00464362,0.0154216,0,0.0322113,0,0,0.00798611,-0.0138276,-0.00286872,0.00169345,-0.00358402,0.0210013,0,0.0258828,-0.0217084,-0.00424346,0.00996119,
3.435,0.003388,0.00235066,-0.0027819,-0.00188185,0.000559834,0.00293551,-0.000789295,0.0101153,0.000493084,0.000781996,-5.92802e-05,-8.04946e-05,0.00191509,-0.000102599,0.00170536,0.00159894,-0.003304,-0.00127979,-0.00229255,-0.00421377,0.00408175,-0.00184448,-0.00235616,0.000826165,0.00394797,0.0168055,0.00273155,-0.00188283,0.0100258,0.000565482,0.0155475,-0.000656666,-0.00107365,-0.000284229,0.00861249,0.000774745,-8.6436e-05,-0.00189208,-0.00154392,0.010999,0.0039042,0.00183343,-0.00276688,-0.00189306,-0.00227513,0.00969346,-0.000351347,0.0140776,0.00102394,0.00130995,-2.96486e-05,-7.30736e-05,0.000168927,-0.000205269,0.00371216,0.00356877,0.00182773,-0.00179255,-0.00211168,-0.00337948,-0.0017825,-0.00179506,-0.00189539,0.00101642,0.00475193,0.0212949,0.0373041,-0.00127495,0.0147473,-0.000104301,0.0231364,-0.000327047,-0.000656055,-0.000717266,0.00112752,0.00139912,-5.11857e-05,-0.00188793,-0.00156813,-0.00202693,0,-0.00409649,-0.00398459,-0.00458318,0.0151599,0,0.0318251,0,0,0.00771857,-0.0136952,-0.00283312,0.00164624,-0.00353068,0.0206453,0,0.0254568,-0.0213894,-0.00416369,0.00966282,
3.44,0.00327378,0.00229872,-0.00276539,-0.0018636,0.000579012,0.00294634,-0.000758495,0.0101257,0.000512009,0.00079424,-6.08553e-05,-8.2445e-05,0.00194273,-0.000100296,0.00174791,0.00165177,-0.00321062,-0.00121033,-0.00223839,-0.0041238,0.00420032,-0.00173934,-0.00229243,0.000819391,0.00389411,0.0168286,0.00277483,-0.00185285,0.00986276,0.00051543,0.0155309,-0.000622664,-0.00103711,-0.000298921,0.00864364,0.000787267,-8.90006e-05,-0.00189642,-0.00154894,0.0108407,0.00383609,0.00180454,-0.00272709,-0.00186507,-0.00225817,0.00961138,-0.000322687,0.0141379,0.00102732,0.00131443,-2.92105e-05,-7.2538e-05,0.000125623,-0.000211012,0.00364028,0.00349952,0.001813,-0.00174802,-0.00207198,-0.00331735,-0.0016777,-0.00173438,-0.00185365,0.00102358,0.00468918,0.0212002,0.0372363,-0.00125414,0.0146081,-0.00011424,0.0228751,-0.000292877,-0.000610554,-0.00072304,0.00110906,0.001403,-5.05097e-05,-0.00188112,-0.00156188,-0.00197747,0,-0.00403872,-0.00392795,-0.00450864,0.014924,0,0.0314521,0,0,0.00743613,-0.0135044,-0.00278903,0.00159739,-0.00346755,0.0203379,0,0.0250723,-0.020972,-0.00406668,0.00934546,
3.445,0.00315461,0.00224206,-0.00273942,-0.00184023,0.000496324,0.00283412,-0.000725028,0.0101865,0.000528507,0.000805159,-6.16428e-05,-8.37954e-05,0.00192745,-0.000100033,0.00180235,0.00171519,-0.00307406,-0.00113883,-0.0021799,-0.00402334,0.00430141,-0.0016321,-0.00222451,0.000810265,0.00382941,0.0168259,0.00278213,-0.00181789,0.00963546,0.000463079,0.0154729,-0.000586402,-0.000996944,-0.000311541,0.00866164,0.000798455,-9.04254e-05,-0.00189344,-0.00154788,0.0106782,0.0037685,0.00177167,-0.00267739,-0.00183155,-0.00222871,0.00949051,-0.000292634,0.0141379,0.00102795,0.00131557,-2.85532e-05,-7.15433e-05,8.00235e-05,-0.000214973,0.00356568,0.003424,0.00179946,-0.00170158,-0.00202826,-0.0032467,-0.0015762,-0.0016739,-0.00180926,0.00102948,0.0046132,0.0210951,0.0371562,-0.00122996,0.01442,-0.000123299,0.0226228,-0.000258389,-0.000563429,-0.000724483,0.00108853,0.00140269,-4.96405e-05,-0.00186717,-0.00154955,-0.00195053,0,-0.00396729,-0.00385823,-0.00441872,0.014517,0,0.03101,0,0,0.00714388,-0.0132501,-0.00273671,0.00154707,-0.00339415,0.0199555,0,0.0246224,-0.0204331,-0.00395062,0.00901524,
3.45,0.00305601,0.00219307,-0.00272665,-0.00182368,0.000478591,0.0028038,-0.000698801,0.0102917,0.000543966,0.000816077,-6.26451e-05,-8.54458e-05,0.00192533,-0.000105692,0.00184033,0.00176403,-0.00294324,-0.00107057,-0.00213293,-0.00395087,0.00440803,-0.00153283,-0.0021684,0.000794553,0.0037845,0.0168513,0.00280791,-0.00178963,0.00939879,0.000416443,0.0154241,-0.000556127,-0.00096478,-0.000324255,0.00867273,0.000810054,-9.20401e-05,-0.00188165,-0.00153871,0.0105102,0.00372128,0.00174538,-0.00263912,-0.00180435,-0.00220392,0.00943065,-0.000269428,0.0140708,0.00102852,0.00131687,-2.82611e-05,-7.11607e-05,2.9934e-05,-0.000219924,0.00345651,0.0033226,0.00174185,-0.00166343,-0.00199508,-0.00319588,-0.00148857,-0.00162402,-0.001774,0.00102868,0.00456004,0.0209898,0.0370663,-0.00120915,0.0142499,-0.000123928,0.0224268,-0.000231601,-0.000525728,-0.000725638,0.00107079,0.001403,-4.9061e-05,-0.00184446,-0.00152929,-0.00192291,0,-0.00391985,-0.00381187,-0.00435785,0.0141581,0,0.0305936,0,0,0.00691636,-0.0130776,-0.00269703,0.00150239,-0.00334032,0.0196395,0,0.0242553,-0.0199584,-0.00385443,0.00876588,
3.455,0.00288316,0.00210651,-0.00264009,-0.00176787,0.000441005,0.00264255,-0.000646791,0.0104315,0.000551314,0.000819977,-6.03541e-05,-8.26701e-05,0.00191747,-0.000102994,0.00200943,0.00194431,-0.00262578,-0.000985625,-0.00203841,-0.00375699,0.00442259,-0.00140883,-0.0020642,0.00078458,0.00363668,0.0167382,0.00276409,-0.00172392,0.00888254,0.000351152,0.0151903,-0.00050518,-0.000898599,-0.000326892,0.00864783,0.000812928,-8.90956e-05,-0.00186596,-0.00152588,0.0103317,0.0036068,0.00169245,-0.00253055,-0.00173801,-0.00212095,0.00897732,-0.000226612,0.0139343,0.00101887,0.00130515,-2.63624e-05,-6.71818e-05,-1.70624e-05,-0.000216755,0.00344503,0.00330763,0.00185835,-0.00159434,-0.00191818,-0.00305491,-0.00138311,-0.00154736,-0.00170406,0.00103807,0.00435879,0.0207401,0.0369128,-0.00116724,0.0136584,-0.00014173,0.0220924,-0.000189204,-0.000462222,-0.000710818,0.00103933,0.00138504,-4.60672e-05,-0.00181786,-0.00150547,-0.0018937,0,-0.00374948,-0.00364733,-0.00415527,0.0133641,0,0.0299544,0,0,0.00646446,-0.0124042,-0.00258648,0.00143898,-0.0031898,0.0188455,0,0.0233614,-0.0188065,-0.00363723,0.00825369,
3.46,0.00275976,0.00203939,-0.00259381,-0.00173061,0.000444282,0.00267523,-0.000604497,0.0105889,0.000557137,0.000823252,-5.97098e-05,-8.17699e-05,0.00193575,-0.000105297,0.00206482,0.00202612,-0.00231523,-0.000903083,-0.00197422,-0.00364764,0.00447678,-0.00130151,-0.00199163,0.000766609,0.0035491,0.0167665,0.00278332,-0.00167642,0.00848079,0.000292298,0.0150507,-0.000462366,-0.000845016,-0.000329058,0.00861888,0.000815699,-8.78608e-05,-0.00183822,-0.0015032,0.0101582,0.00353428,0.00165318,-0.00246036,-0.0016901,-0.00206008,0.00899615,-0.000194703,0.0137303,0.00100951,0.00129448,-2.56322e-05,-6.54219e-05,-1.4069e-05,-0.000214577,0.00338385,0.0032561,0.00175352,-0.00154286,-0.00186705,-0.00297294,-0.00129879,-0.00148959,-0.00165362,0.001037,0.00424905,0.0206016,0.0367864,-0.00113154,0.0134411,-0.000143995,0.021881,-0.000159991,-0.000411066,-0.000696093,0.00101179,0.00137023,-4.46185e-05,-0.00178001,-0.0014722,-0.00185386,0,-0.00365841,-0.00355851,-0.00404774,0.0131556,0,0.0295181,0,0,0.0061879,-0.0120262,-0.00251644,0.00141222,-0.00310142,0.018456,0,0.022892,-0.0176924,-0.00349253,0.00793082,
3.465,0.00262673,0.00196756,-0.00252898,-0.00168464,0.00036699,0.00257561,-0.000559473,0.010747,0.000558939,0.00082333,-5.78483e-05,-7.94443e-05,0.00191535,-0.000105626,0.00219853,0.00218143,-0.00189329,-0.000816438,-0.0019025,-0.00350941,0.00449629,-0.00119393,-0.00191198,0.000745534,0.00343363,0.0167481,0.00277795,-0.0016217,0.00807336,0.000232196,0.014853,-0.000417971,-0.000788469,-0.000326704,0.00857686,0.000814981,-8.52012e-05,-0.00180297,-0.00147338,0.00999785,0.00345327,0.00160821,-0.00237464,-0.00163403,-0.00198653,0.00886625,-0.000164534,0.0134663,0.000996559,0.00127975,-2.44638e-05,-6.25143e-05,-1.56655e-05,-0.000209626,0.00335716,0.00323573,0.00182066,-0.00148685,-0.00180689,-0.00287074,-0.00121798,-0.00142961,-0.0015974,0.00103342,0.00411557,0.0204477,0.0366621,-0.001091,0.0131471,-0.000144939,0.0216417,-0.000135101,-0.000359586,-0.000675787,0.000982186,0.00135028,-4.25904e-05,-0.0017348,-0.00143251,-0.00180734,0,-0.00353585,-0.00344024,-0.00390485,0.0127392,0,0.0290503,0,0,0.0058729,-0.0114838,-0.00243068,0.00137131,-0.00299063,0.0179638,0,0.0223151,-0.0162236,-0.00331702,0.00756995,
3.47,0.00250654,0.00189919,-0.00246545,-0.00163895,0.00037576,0.00264373,-0.000517496,0.0108855,0.000557969,0.000821381,-5.60584e-05,-7.71938e-05,0.00192233,-0.000105824,0.0023194,0.00232942,-0.00130506,-0.000730572,-0.00183443,-0.00338118,0.00450999,-0.0010903,-0.00183727,0.000719755,0.00332712,0.016809,0.00282262,-0.00156818,0.00778355,0.000175576,0.0146578,-0.000376626,-0.000736517,-0.000321712,0.00852778,0.00081221,-8.22567e-05,-0.0017587,-0.00143584,0.0098681,0.00339161,0.00156496,-0.00229184,-0.00157866,-0.00191299,0.00908764,-0.000142256,0.0131548,0.000981778,0.00126371,-2.31493e-05,-5.99892e-05,-1.816e-05,-0.000203486,0.00334461,0.00323386,0.00178944,-0.00143275,-0.00174844,-0.00277361,-0.00114357,-0.0013731,-0.00154296,0.00102501,0.00401768,0.0204266,0.0365881,-0.00104893,0.0131505,-0.00013978,0.0214169,-0.000118859,-0.00031402,-0.000652593,0.000953408,0.00132886,-4.05623e-05,-0.0016816,-0.00138555,-0.00175233,0,-0.00342049,-0.00332898,-0.0037719,0.0128018,0,0.0287413,0,0,0.00559752,-0.0109244,-0.00234766,0.00132679,-0.00288601,0.0177847,0,0.0220111,-0.0147104,-0.00314953,0.00724708,
3.475,0.00234492,0.00180644,-0.00234617,-0.00156366,0.000350125,0.0026079,-0.000457104,0.0109888,0.000549373,0.0008121,-5.16912e-05,-7.14924e-05,0.00190829,-0.000100427,0.00252924,0.00256205,0.000164078,-0.000637845,-0.00173409,-0.00317227,0.0044459,-0.000975187,-0.00173167,0.000697739,0.00314368,0.0168141,0.00284013,-0.00148847,0.00745596,0.000107198,0.0143313,-0.000321386,-0.00066211,-0.000306173,0.00845307,0.000800508,-7.58927e-05,-0.00170808,-0.00139251,0.00978405,0.00330448,0.00150096,-0.00216268,-0.00149627,-0.00180122,0.00912755,-0.000110463,0.0128107,0.00095862,0.00123733,-2.10315e-05,-5.47861e-05,-1.55657e-05,-0.000190317,0.0034233,0.00331555,0.00191631,-0.00135671,-0.0016588,-0.00261403,-0.00105792,-0.00129695,-0.00146322,0.00102205,0.00384519,0.02041,0.0365268,-0.000989433,0.0130297,-0.000143932,0.0210901,-9.42858e-05,-0.000253114,-0.000616215,0.000915449,0.00129304,-3.68924e-05,-0.00162266,-0.00133387,-0.00169143,0,-0.0032209,-0.00313653,-0.00354252,0.0127363,0,0.0284154,0,0,0.00518524,-0.0100152,-0.00221615,0.00126665,-0.00271601,0.0174552,0,0.0215228,-0.0133665,-0.00291322,0.00674408,
3.48,0.00221393,0.00172584,-0.0022536,-0.00149848,0.000364388,0.00263684,-0.000402236,0.0110471,0.000538628,0.000801103,-4.88274e-05,-6.75164e-05,0.00189655,-9.68078e-05,0.00268336,0.0027491,0.00899001,-0.000550281,-0.00165063,-0.00301981,0.00441327,-0.000861662,-0.00164365,0.000670642,0.00300636,0.0167818,0.00283315,-0.00141932,0.00710705,4.32207e-05,0.0140765,-0.000271907,-0.000596299,-0.000246276,0.00837402,0.000787267,-7.13335e-05,-0.00164846,-0.00134156,0.0097645,0.00323705,0.00144232,-0.00206068,-0.0014244,-0.001704,0.00914412,-9.2826e-05,0.0124549,0.000934758,0.00121104,-1.9644e-05,-5.14193e-05,-1.71622e-05,-0.000177444,0.00348757,0.00339064,0.00190665,-0.00128896,-0.00158271,-0.00249133,-0.000978439,-0.00122876,-0.00139303,0.00101176,0.0037051,0.0203577,0.0364471,-0.000928784,0.0128617,-0.000137641,0.0208336,-8.27901e-05,-0.000203128,-0.000578778,0.000879966,0.0012588,-3.45745e-05,-0.00155594,-0.00127518,-0.00162284,0,-0.00307566,-0.00299635,-0.00337732,0.0126018,0,0.0281307,0,0,0.00489181,-0.00923645,-0.00211209,0.00121109,-0.00258584,0.0171948,0,0.0211368,-0.0126896,-0.00272736,0.0063869,
3.485,0.00208338,0.00164223,-0.00214764,-0.00142631,0.000415755,0.00266736,-0.000344892,0.0110519,0.000524071,0.000786597,-4.53193e-05,-6.26402e-05,0.00188939,-9.27275e-05,0.0028727,0.00295793,0.00266856,-0.000464697,-0.00156159,-0.00285183,0.00435122,-0.000745958,-0.00155136,0.000642228,0.00285597,0.0168159,0.00284507,-0.00134527,0.006913,-2.09535e-05,0.0137725,-0.000222654,-0.000528339,-0.00023667,0.00828182,0.000770024,-6.60143e-05,-0.00158216,-0.00128443,0.00982038,0.00317421,0.00137944,-0.00195168,-0.00134727,-0.00159773,0.00922808,-7.79739e-05,0.0121065,0.00090787,0.00118157,-1.78184e-05,-4.72874e-05,-1.70624e-05,-0.000162888,0.0035839,0.00349677,0.00199453,-0.00121662,-0.00150009,-0.00235527,-0.000893673,-0.00115615,-0.00131746,0.000999416,0.00356614,0.0203643,0.0364124,-0.000860764,0.0128198,-0.000129841,0.020552,-7.20327e-05,-0.000158017,-0.00053653,0.000843141,0.00122058,-3.13875e-05,-0.00148392,-0.00121117,-0.00154858,0,-0.00291202,-0.00283917,-0.00318979,0.0127593,0,0.0279976,0,0,0.00457485,-0.00840158,-0.00199938,0.00115341,-0.00244138,0.0170065,0,0.0208038,-0.0118533,-0.00253138,0.00599846,
3.49,0.00195254,0.0015564,-0.00203309,-0.0013478,0.00044274,0.00262424,-0.000285452,0.0109977,0.000505978,0.00076866,-4.15248e-05,-5.7539e-05,0.00188427,-8.66729e-05,0.00306882,0.00317376,0.00203559,-0.000381377,-0.00146832,-0.00267762,0.00427286,-0.000632517,-0.00145608,0.000612873,0.00269731,0.0167984,0.00284421,-0.00126659,0.00672974,-8.50621e-05,0.0134425,-0.000175661,-0.000458007,-0.000219717,0.00817412,0.000748674,-6.01253e-05,-0.00151002,-0.0012219,0.00995802,0.00310067,0.00131241,-0.00183923,-0.00126567,-0.00148419,0.00910007,-6.47462e-05,0.0117847,0.000878166,0.00114917,-1.60658e-05,-4.3079e-05,-1.63639e-05,-0.000147045,0.003709,0.00362823,0.0020751,-0.00113943,-0.00141196,-0.00221233,-0.000804284,-0.00107811,-0.00123636,0.000985099,0.00340962,0.0203319,0.036375,-0.000787063,0.0126359,-0.000121034,0.0202637,-6.21189e-05,-0.000120577,-0.000489854,0.000805286,0.00117888,-2.84902e-05,-0.00140703,-0.00114234,-0.00146923,0,-0.00274108,-0.00267354,-0.00299426,0.0127032,0,0.0278497,0,0,0.00425514,-0.00758626,-0.00188301,0.00109408,-0.00229027,0.0166719,0,0.0203663,-0.0108918,-0.00233226,0.00560329,
3.495,0.00183016,0.0014702,-0.00191554,-0.00126494,0.000490541,0.002614,-0.000225631,0.0108836,0.000484627,0.000747603,-3.77303e-05,-5.22877e-05,0.00188109,-8.02893e-05,0.00327006,0.00339163,0.00226123,-0.000301028,-0.00137323,-0.00250222,0.00418459,-0.000524023,-0.00135997,0.000583048,0.00253608,0.0168326,0.00286118,-0.00118516,0.00665473,-4.88696e-05,0.0130926,-0.000134541,-0.000386342,-0.000197774,0.00804989,0.000723732,-5.45212e-05,-0.00143335,-0.00115454,0.0101755,0.00303103,0.00124252,-0.00172581,-0.00118108,-0.00136515,0.00900405,-5.37231e-05,0.0115078,0.000846139,0.00111465,-1.42401e-05,-3.88706e-05,-1.57652e-05,-0.000131103,0.00384902,0.00377399,0.00217381,-0.00105777,-0.00132073,-0.0020689,-0.000711592,-0.000994576,-0.00115117,0.000968724,0.00326405,0.0203013,0.0363594,-0.00070914,0.0124939,-0.000111283,0.0199822,-5.34708e-05,-9.32114e-05,-0.000440002,0.000766605,0.00113456,-2.53997e-05,-0.00132657,-0.00106904,-0.00138649,0,-0.00256767,-0.00250528,-0.00280001,0.0127593,0,0.0277879,0,0,0.00394446,-0.00684267,-0.00176505,0.0010337,-0.00213867,0.0163102,0,0.019915,-0.00984424,-0.00213965,0.00521486,
3.5,0.00170414,0.00138481,-0.00179749,-0.00117906,0.00057111,0.00254234,-0.000168921,0.0107139,0.00046078,0.000723972,-3.41505e-05,-4.73365e-05,0.0018765,-7.39056e-05,0.0034676,0.00359947,0.00240901,-0.000225771,-0.00127745,-0.00232939,0.00409253,-0.000422069,-0.00126423,0.000553129,0.00237536,0.0167497,0.00281768,-0.00110158,0.00657688,-4.36805e-05,0.0127309,-0.000102233,-0.000314528,-0.000173288,0.00790861,0.000695916,-4.91071e-05,-0.00135351,-0.00108313,0.0104653,0.0029631,0.00117082,-0.00161239,-0.00109447,-0.00124062,0.00893515,-4.42084e-05,0.0112912,0.000812705,0.00107867,-1.24144e-05,-3.49682e-05,-1.47674e-05,-0.000116151,0.00399735,0.00392637,0.00227665,-0.000971521,-0.00122749,-0.00192882,-0.000618019,-0.000903403,-0.0010624,0.000951186,0.00310935,0.0203398,0.0363686,-0.000628913,0.0124218,-0.000101407,0.0197227,-4.58773e-05,-7.49461e-05,-0.000387745,0.000727717,0.00108856,-2.25024e-05,-0.00124373,-0.000991092,-0.00130148,0,-0.00239578,-0.00233837,-0.00260907,0.0129708,0,0.0277769,0,0,0.00365417,-0.00618081,-0.0016466,0.000972737,-0.00199118,0.0161397,0,0.0195863,-0.00874784,-0.00195747,0.00484298,
3.505,0.00158642,0.00130105,-0.00167766,-0.00109033,0.000636836,0.00251202,-0.000120214,0.0104978,0.000434784,0.00069808,-3.05708e-05,-4.24603e-05,0.00187482,-6.73245e-05,0.00365837,0.00379341,0.00257413,-0.000158577,-0.00118156,-0.00216121,0.00399815,-0.000327326,-0.00116924,0.00052368,0.00222358,0.016751,0.00279244,-0.00101525,0.00660955,-4.35491e-05,0.0123605,-7.96404e-05,-0.000243678,-0.000148425,0.00775007,0.000665533,-4.37879e-05,-0.0012721,-0.00100786,0.0108134,0.00290722,0.00109791,-0.0014995,-0.00100515,-0.00110825,0.00885834,-3.5738e-05,0.0111441,0.000777933,0.00104179,-1.08079e-05,-3.11424e-05,-1.37696e-05,-0.000101694,0.00415315,0.0040848,0.00238514,-0.000878063,-0.00113244,-0.00179318,-0.000524006,-0.000805031,-0.000969036,0.000933289,0.00297359,0.0203986,0.0364023,-0.000547382,0.0123827,-9.1719e-05,0.0194912,-3.91275e-05,-6.16859e-05,-0.000334333,0.000688727,0.0010412,-1.97017e-05,-0.00115971,-0.000907319,-0.00121534,0,-0.00222721,-0.00217511,-0.00242134,0.0132117,0,0.0278424,0,0,0.00338036,-0.00558582,-0.00152798,0.000911368,-0.00184897,0.0159785,0,0.0193026,-0.00769789,-0.00178825,0.00448885,
3.51,0.00146988,0.00122089,-0.00156066,-0.000999903,0.000713453,0.0024372,-8.52862e-05,0.0102511,0.000407333,0.000670862,-2.74207e-05,-3.81843e-05,0.00187156,-6.12699e-05,0.00383242,0.00396828,0.00272203,-0.000106873,-0.00108693,-0.00200539,0.00391075,-0.000241051,-0.00107611,0.00049489,0.00207801,0.0167005,0.00274497,-0.000926083,0.00667888,-4.30237e-05,0.0119954,-6.43901e-05,-0.000177645,-0.000125916,0.00757684,0.000633612,-3.94186e-05,-0.00119064,-0.00092863,0.0112023,0.00285847,0.00102561,-0.00139115,-0.000912661,-0.000964137,0.00891218,-2.8544e-05,0.0110713,0.00074295,0.00100532,-9.27432e-06,-2.76226e-05,-1.26721e-05,-9.07024e-05,0.00430407,0.00423915,0.00249104,-0.000781032,-0.00103749,-0.00166343,-0.000431315,-0.000704576,-0.000869875,0.000916109,0.00285129,0.0205439,0.0364696,-0.000466772,0.0125004,-8.29749e-05,0.0193009,-3.34324e-05,-5.19358e-05,-0.000281209,0.000650252,0.000994042,-1.71907e-05,-0.00107525,-0.000819661,-0.00113011,0,-0.00206964,-0.00202329,-0.00224556,0.0136453,0,0.0279726,0,0,0.0031297,-0.00506741,-0.00141352,0.000851636,-0.00171577,0.0160406,0,0.019209,-0.00681404,-0.00163073,0.00416782,
3.515,0.00136456,0.00114634,-0.00145132,-0.000908246,0.000766266,0.00237794,-6.44568e-05,0.00999539,0.000379258,0.000643254,-2.49149e-05,-3.45834e-05,0.00186979,-5.55444e-05,0.00398253,0.00411504,0.00284842,-7.5752e-05,-0.000995488,-0.00186915,0.00383385,-0.000167436,-0.000986509,0.000467605,0.0019486,0.0166922,0.00271383,-0.000835631,0.00678429,-4.23011e-05,0.0116499,-5.37714e-05,-0.000123692,-0.00010774,0.00739391,0.000601587,-3.55243e-05,-0.00111235,-0.000847087,0.0116128,0.00282348,0.000955115,-0.00129131,-0.000818859,-0.00079467,0.00890955,-2.32065e-05,0.0110713,0.000708812,0.000970313,-8.03288e-06,-2.4868e-05,-1.19736e-05,-8.15926e-05,0.00444258,0.00438195,0.00258822,-0.000685978,-0.000943047,-0.00154385,-0.000341925,-0.000606394,-0.000769606,0.000900181,0.0027509,0.0206872,0.0365415,-0.000388925,0.0125986,-7.49857e-05,0.0191664,-2.91084e-05,-4.48507e-05,-0.000231454,0.000612809,0.000948567,-1.51626e-05,-0.000992414,-0.000732932,-0.00104714,0,-0.0019318,-0.00189003,-0.00209019,0.0139718,0,0.0281101,0,0,0.00291237,-0.00463322,-0.00130738,0.000795668,-0.00159363,0.0160755,0,0.0191596,-0.00612264,-0.00148851,0.00389273,
3.52,0.00126698,0.00107488,-0.00134377,-0.000812427,0.000818982,0.00233128,-5.01049e-05,0.00974357,0.00035042,0.000614866,-2.23375e-05,-3.09825e-05,0.00186944,-5.10034e-05,0.00411892,0.00424489,0.00297258,-5.92719e-05,-0.000900854,-0.00173943,0.00375839,-0.000111848,-0.000894213,0.00044239,0.00182643,0.0167003,0.00269869,-0.000744663,0.00692976,-4.23011e-05,0.0113141,-4.43953e-05,-8.50797e-05,-9.29538e-05,0.00720459,0.000568742,-3.18199e-05,-0.00103509,-0.00076564,0.0120307,0.00279733,0.000885318,-0.00119417,-0.000725233,-0.000577382,0.00891934,-1.76369e-05,0.0111338,0.000674884,0.00093604,-6.71841e-06,-2.21134e-05,-1.07762e-05,-7.33739e-05,0.00457994,0.00452023,0.00269117,-0.000592584,-0.00084399,-0.00142754,-0.000256279,-0.000510421,-0.000669678,0.000886401,0.00266442,0.0208355,0.0366207,-0.000313843,0.0127089,-6.89465e-05,0.0190655,-2.44679e-05,-3.75706e-05,-0.000186029,0.000575676,0.000903512,-1.31345e-05,-0.000907631,-0.000648652,-0.00096451,0,-0.00180136,-0.00176321,-0.00194335,0.0143091,0,0.0282668,0,0,0.00271114,-0.00423019,-0.00120357,0.000742809,-0.00147491,0.0160998,0,0.0191292,-0.00552069,-0.00135333,0.0036348,
3.525,0.00118792,0.00101211,-0.00125261,-0.000723513,0.000873144,0.00236731,-4.19763e-05,0.00952112,0.000322414,0.000587725,-2.06908e-05,-2.8657e-05,0.00186944,-4.76471e-05,0.00422325,0.00433771,0.00305554,-5.10672e-05,-0.000811806,-0.00163562,0.00370683,-8.12446e-05,-0.000807871,0.000419245,0.00172938,0.0167422,0.00270674,-0.000661856,0.00712978,-4.16443e-05,0.0110398,-3.8747e-05,-6.55143e-05,-8.30651e-05,0.00701923,0.000537436,-2.94452e-05,-0.00096354,-0.000690562,0.0124348,0.00278561,0.000822179,-0.00111083,-0.00064003,-0.000275082,0.00901158,-1.4272e-05,0.0112518,0.00064335,0.000905511,-5.98815e-06,-2.02005e-05,-1.02773e-05,-6.78288e-05,0.0046932,0.00463803,0.00276492,-0.000507865,-0.00075145,-0.00133042,-0.00018098,-0.000422341,-0.00057827,0.000875127,0.00261697,0.020985,0.0367047,-0.000246437,0.0128662,-6.3851e-05,0.019028,-2.17258e-05,-3.34105e-05,-0.000150228,0.000540502,0.000862973,-1.16858e-05,-0.000826849,-0.000571888,-0.000885502,0,-0.00169796,-0.00166212,-0.00183165,0.0146917,0,0.0284684,0,0,0.00255932,-0.00394107,-0.0011144,0.00069625,-0.00137655,0.0161875,0,0.0191887,-0.00510147,-0.00123795,0.00345161,
3.53,0.00112666,0.000957738,-0.00116342,-0.000644342,0.000910826,0.00238601,-3.63879e-05,0.00933472,0.000295795,0.000562223,-1.94021e-05,-2.70066e-05,0.00187138,-4.53437e-05,0.00429976,0.00440223,0.00311488,-4.62575e-05,-0.000731993,-0.00155276,0.00366954,-6.87519e-05,-0.000730926,0.000399299,0.00165951,0.016761,0.00271394,-0.000589013,0.0073335,-4.13815e-05,0.0108163,-3.44544e-05,-5.5954e-05,-7.65668e-05,0.00684468,0.000508491,-2.76405e-05,-0.000897628,-0.000624459,0.0128121,0.00278884,0.000767171,-0.00103924,-0.000565181,0.000225584,0.00909103,-1.18353e-05,0.011412,0.000614491,0.000878647,-5.33091e-06,-1.88231e-05,-9.87822e-06,-6.3967e-05,0.00478946,0.00473646,0.00282252,-0.000432779,-0.000669036,-0.00125091,-0.000122195,-0.000344111,-0.000497339,0.000866536,0.00259118,0.0211283,0.0367847,-0.000189472,0.0130241,-6.05799e-05,0.0190357,-1.98274e-05,-3.02255e-05,-0.000125976,0.000506978,0.000827056,-1.072e-05,-0.000754935,-0.000504413,-0.000813852,0,-0.00161562,-0.00158122,-0.0017444,0.015016,0,0.0286597,0,0,0.00244831,-0.00372824,-0.00103754,0.000656565,-0.00129639,0.0162931,0,0.0192881,-0.00479946,-0.00114131,0.00331927,
