time,hip_flexion_r,hip_flexion_r_id,hip_adduction_r,hip_adduction_r_id,hip_rotation_r,hip_rotation_r_id,knee_angle_r,knee_angle_r_id,ankle_angle_r,ankle_angle_r_id,hip_flexion_l,hip_flexion_l_id,hip_adduction_l,hip_adduction_l_id,hip_rotation_l,hip_rotation_l_id,knee_angle_l,knee_angle_l_id,ankle_angle_l,ankle_angle_l_id,
-0,3.06862,4.05067,6.20513,3.56689,0.109469,-3.08464,-2.1959,-3.55194,-11.1139,-11.0822,4.18004,2.77298,15.8846,17.4321,-2.32117,-2.86446,10.7751,10.8052,-29.0084,-29.3092,
0.005,4.0155,3.65186,2.49346,3.59945,0.310778,-3.05489,-1.89667,-3.31397,-12.2737,-11.2062,3.50206,2.63585,17.4085,17.6629,-2.46629,-2.84103,11.1352,11.0133,-28.9517,-29.4709,
0.01,3.32142,3.37706,3.84291,3.60062,0.371815,-3.03434,-1.2308,-3.167,-12.4339,-11.2828,3.08256,2.5171,17.725,17.843,-2.46831,-2.82218,11.2231,11.1776,-28.9891,-29.5928,
0.015,3.24979,3.23736,3.59753,3.58296,0.460394,-3.02672,-1.05161,-3.11149,-12.5788,-11.3116,3.05876,2.42129,18.0997,17.9708,-2.56172,-2.8048,10.8944,11.2929,-29.1022,-29.6697,
0.02,3.20009,3.19506,3.47011,3.58186,0.519578,-3.02675,-0.807986,-3.10789,-12.6461,-11.3138,2.88003,2.35478,18.4911,18.0594,-2.63901,-2.78997,10.6849,11.3641,-29.1065,-29.7073,
0.025,3.08083,3.20304,3.30369,3.62893,0.592005,-3.02901,-0.297114,-3.11206,-12.7094,-11.3137,2.52236,2.31861,18.7658,18.1191,-2.66144,-2.77946,11.1121,11.3979,-29.0261,-29.7128,
0.03,3.64482,3.22746,4.21173,3.71025,0.276615,-3.0305,-1.22989,-3.10895,-13.2028,-11.3167,2.4764,2.31372,18.8536,18.1674,-2.68873,-2.77457,11.0133,11.4041,-29.0905,-29.6958,
0.035,3.49374,3.23612,4.00962,3.7795,0.323487,-3.02777,-0.878788,-3.10023,-13.1326,-11.3179,2.01905,2.32443,18.5353,18.2251,-2.56301,-2.77509,8.89743,11.4023,-29.04,-29.6689,
0.04,3.03722,3.22286,3.44699,3.82045,0.520134,-3.02016,-0.975627,-3.08756,-12.9627,-11.3185,1.81583,2.33514,18.6554,18.2976,-2.57359,-2.7784,10.0208,11.4057,-29.2785,-29.6405,
0.045,2.92117,3.20004,3.28763,3.82859,0.607114,-3.01164,-0.219911,-3.07678,-12.6328,-11.3208,2.16097,2.33942,19.2555,18.3703,-2.75255,-2.78181,10.443,11.4157,-29.0872,-29.6154,
0.05,2.80306,3.18728,3.15271,3.8077,0.670579,-3.00647,0.124207,-3.07792,-12.44,-11.3182,2.06003,2.35096,19.6642,18.4072,-2.83735,-2.78625,10.5395,11.4123,-28.8827,-29.5879,
0.055,2.69133,3.19222,2.93864,3.79041,0.729616,-3.00594,0.338809,-3.08437,-12.3063,-11.3103,1.94037,2.37604,19.7572,18.3915,-2.84982,-2.79132,10.5595,11.387,-28.6525,-29.5585,
0.06,3.25269,3.19735,3.82464,3.79548,0.398687,-3.00721,-0.679609,-3.07838,-12.6775,-11.3057,1.91988,2.40745,19.627,18.3245,-2.83736,-2.79438,10.9307,11.3425,-28.4578,-29.5288,
0.065,3.20193,3.19749,3.65979,3.79614,0.411464,-3.00797,-0.715617,-3.06604,-12.6117,-11.3044,1.38481,2.43901,19.0121,18.2205,-2.63595,-2.7959,6.05276,11.2848,-28.9363,-29.5,
0.07,2.8875,3.19645,2.96485,3.77142,0.589597,-3.00672,-0.568319,-3.05747,-12.4362,-11.303,1.45573,2.4734,18.5401,18.1141,-2.54868,-2.7998,10.2717,11.2262,-29.2997,-29.4804,
0.075,2.80875,3.19026,2.47715,3.72157,0.706323,-3.00418,0.122282,-3.05309,-12.1423,-11.2991,1.80207,2.50927,18.3241,18.0384,-2.56293,-2.80458,10.3262,11.1807,-29.095,-29.4768,
0.08,2.85608,3.18448,2.24938,3.66948,0.756958,-3.00003,0.357352,-3.0497,-11.8946,-11.2923,2.03111,2.5389,18.2426,18.0183,-2.59266,-2.80769,10.2781,11.1603,-29.0278,-29.4908,
0.085,2.91716,3.19404,2.20927,3.65263,0.769934,-2.99523,0.401312,-3.04238,-11.6936,-11.2839,2.17757,2.55668,18.321,18.0694,-2.64198,-2.80758,10.2636,11.1706,-28.9994,-29.5177,
0.09,2.93049,3.23357,2.28881,3.67619,0.770229,-2.99232,0.365223,-3.03422,-11.5298,-11.2766,2.26844,2.56389,18.5779,18.1778,-2.71405,-2.8061,10.388,11.2042,-28.962,-29.5481,
0.095,2.81386,3.29534,2.33482,3.72212,0.792981,-2.99275,0.417038,-3.0245,-11.462,-11.2725,2.33591,2.55409,18.7825,18.3125,-2.75744,-2.80372,10.455,11.2518,-29.0164,-29.5748,
0.1,2.59005,3.36605,2.19549,3.75653,0.855667,-2.99716,0.61914,-3.01995,-11.5674,-11.2639,2.11801,2.5173,18.6133,18.4349,-2.67148,-2.79856,10.5686,11.3023,-29.1361,-29.5914,
0.105,2.49535,3.4354,2.00149,3.76933,0.901842,-3.00467,0.772215,-3.02089,-11.828,-11.2477,1.90645,2.44769,18.0998,18.5252,-2.49997,-2.78949,10.4159,11.3511,-29.3293,-29.5954,
0.11,2.61932,3.5042,1.87615,3.7624,0.906665,-3.01481,0.928963,-3.02677,-11.9021,-11.2267,1.93791,2.35604,17.7007,18.5744,-2.38705,-2.77803,10.4502,11.3893,-29.3405,-29.5834,
0.115,2.91644,3.56268,1.94215,3.74337,0.855045,-3.02496,0.956631,-3.0289,-11.8986,-11.2075,2.17814,2.25692,17.5893,18.5796,-2.3729,-2.76357,10.2425,11.412,-29.3256,-29.559,
0.12,3.23195,3.59707,2.21116,3.70325,0.766964,-3.03091,0.816503,-3.02467,-11.7549,-11.1912,2.29159,2.16442,17.9039,18.5561,-2.45042,-2.74617,10.156,11.4224,-29.2478,-29.5304,
0.125,3.5426,3.59752,2.6337,3.6537,0.659506,-3.03295,0.621397,-3.00432,-11.5085,-11.1859,2.46703,2.10495,18.6218,18.5287,-2.6281,-2.72881,10.1892,11.4193,-29.2514,-29.5004,
0.13,3.69587,3.56051,3.07968,3.61014,0.571959,-3.03479,0.39868,-2.96052,-11.2923,-11.1993,2.38675,2.10175,19.5323,18.5142,-2.82096,-2.71425,10.2568,11.3982,-29.1483,-29.4681,
0.135,3.59789,3.49293,3.27196,3.58017,0.562318,-3.03791,0.413078,-2.89312,-11.1673,-11.2366,2.13529,2.14393,20.233,18.5191,-2.94163,-2.70562,10.7138,11.3682,-28.8764,-29.4395,
0.14,3.37989,3.41357,3.19553,3.58714,0.613917,-3.04405,0.563694,-2.80148,-11.2094,-11.3046,2.07803,2.19644,20.5183,18.5464,-2.98209,-2.70362,10.858,11.3471,-28.7873,-29.4222,
0.145,3.20393,3.35408,2.94192,3.66102,0.687006,-3.05547,0.81733,-2.69187,-11.4071,-11.4048,2.03283,2.25009,20.3415,18.5818,-2.9185,-2.70397,10.8864,11.3314,-28.8422,-29.4106,
0.15,3.11403,3.32577,2.60076,3.80603,0.755983,-3.07119,1.03602,-2.57237,-11.6488,-11.5339,1.93515,2.3218,19.8477,18.5963,-2.78313,-2.70364,10.9018,11.3014,-28.9177,-29.3967,
0.155,3.1303,3.31331,2.29268,3.97637,0.798793,-3.08717,1.17487,-2.45672,-11.8586,-11.6801,1.8698,2.41506,19.2583,18.5634,-2.64173,-2.70112,10.9628,11.2462,-28.8874,-29.3758,
0.16,3.2746,3.30638,2.10344,4.11095,0.801391,-3.10084,1.18668,-2.36456,-12.0135,-11.8294,2.07712,2.50549,18.7333,18.4762,-2.55277,-2.69583,10.9586,11.1745,-28.9104,-29.3484,
0.165,3.696,3.29969,2.42619,4.17487,0.658392,-3.11237,0.374988,-2.30797,-12.1553,-11.9737,2.40609,2.57757,18.507,18.3456,-2.55962,-2.69003,9.87817,11.0977,-28.8791,-29.3178,
0.17,4.02002,3.27424,2.90215,4.15544,0.512523,-3.1196,-0.143291,-2.28089,-12.269,-12.1158,2.39636,2.63312,18.5525,18.2017,-2.5783,-2.68499,9.31907,11.0274,-29.0217,-29.2906,
0.175,4.15787,3.23422,3.26761,4.05954,0.413266,-3.11987,-0.253344,-2.28064,-12.1939,-12.2578,2.2835,2.67571,18.8388,18.0771,-2.66144,-2.68071,9.86027,10.9723,-28.6201,-29.269,
0.18,3.91675,3.20802,3.15887,3.9244,0.443403,-3.11454,-0.0607777,-2.3087,-12.1289,-12.396,1.85566,2.69484,18.5578,17.9812,-2.56368,-2.67499,10.8232,10.9375,-28.2249,-29.2529,
0.185,3.80976,3.21043,3.08303,3.77907,0.44034,-3.10807,-0.386401,-2.36525,-12.2182,-12.5217,2.20433,2.69136,18.0282,17.9204,-2.48712,-2.66895,10.214,10.9227,-28.0586,-29.241,
0.19,3.79843,3.2397,3.27565,3.65515,0.377939,-3.10451,-0.831697,-2.44178,-12.1478,-12.628,2.28526,2.66895,17.7072,17.8806,-2.42328,-2.66844,9.49383,10.9189,-28.2918,-29.2286,
0.195,3.68477,3.28202,3.5448,3.58108,0.331903,-3.10465,-0.789367,-2.52314,-12.0818,-12.7117,2.23868,2.62672,17.6438,17.8513,-2.3879,-2.67424,9.76605,10.9211,-28.3837,-29.2135,
0.2,3.56767,3.32589,3.95429,3.57758,0.268728,-3.11103,-0.944409,-2.5953,-11.8302,-12.7763,2.20953,2.5644,18.0113,17.8478,-2.45938,-2.68352,10.0977,10.936,-28.5211,-29.2012,
0.205,3.45774,3.36179,4.32393,3.65421,0.21536,-3.12565,-0.710204,-2.64647,-11.6758,-12.8289,1.93673,2.49154,18.1847,17.8856,-2.4372,-2.6943,10.6632,10.9656,-28.8243,-29.1953,
0.21,3.40329,3.37109,4.59053,3.80369,0.175264,-3.14503,-0.226719,-2.66585,-11.6404,-12.8761,1.87133,2.40138,18.1788,17.9777,-2.38525,-2.70341,11.0348,11.0199,-29.0145,-29.2025,
0.215,3.30839,3.33575,4.88927,3.99592,0.138951,-3.16046,0.20842,-2.65114,-11.9161,-12.9222,1.80844,2.28369,17.9534,18.1091,-2.24573,-2.70879,10.8366,11.0981,-29.3701,-29.2244,
0.22,3.2456,3.26991,5.67067,4.17156,0.018546,-3.16653,0.175912,-2.63104,-12.0971,-12.9575,2.4289,2.13435,18.8582,18.2552,-2.47907,-2.71224,10.3777,11.192,-29.9053,-29.2608,
0.225,3.13815,3.20783,6.06358,4.29849,-0.0420007,-3.16507,1.15946,-2.63509,-11.5764,-12.9736,2.48764,1.98196,19.2944,18.4086,-2.55951,-2.71683,10.7336,11.282,-29.5299,-29.3038,
0.23,3.11571,3.16889,6.2797,4.37573,-0.119157,-3.15982,0.475628,-2.67326,-12.0239,-12.9687,1.57367,1.8493,18.7818,18.5642,-2.29192,-2.72425,9.87063,11.354,-29.6828,-29.3465,
0.235,3.09329,3.17053,6.53148,4.42028,-0.16977,-3.15663,0.822678,-2.74566,-11.8426,-12.9445,1.15189,1.74113,18.5821,18.6988,-2.13647,-2.7329,10.1214,11.3999,-29.6892,-29.3868,
0.24,2.98719,3.19768,6.81967,4.46195,-0.196951,-3.1561,0.986976,-2.83312,-11.9146,-12.9066,0.831344,1.65459,18.6791,18.8047,-2.05061,-2.74093,10.6691,11.419,-30.0465,-29.4211,
0.245,2.74111,3.21086,7.11753,4.52123,-0.207449,-3.15662,0.854598,-2.91112,-11.837,-12.8567,0.79571,1.59015,19.2585,18.8886,-2.14271,-2.74736,10.8493,11.4155,-29.7905,-29.4501,
0.25,2.58387,3.18707,7.22359,4.5945,-0.212353,-3.16036,0.680519,-2.97132,-11.6737,-12.7919,0.861488,1.54993,19.4885,18.9536,-2.18618,-2.75377,10.5329,11.3894,-29.4668,-29.4737,
0.255,2.65216,3.13261,7.40682,4.66386,-0.311906,-3.1699,-0.659661,-3.02253,-12.1956,-12.7075,0.71147,1.52381,19.0224,19.0041,-2.05383,-2.76057,8.91333,11.3452,-29.5415,-29.4888,
0.26,2.58617,3.05219,7.37311,4.70979,-0.296694,-3.18341,0.444903,-3.07095,-12.0513,-12.6041,0.78614,1.49319,19.1282,19.0271,-2.09215,-2.76588,10.5474,11.287,-29.1344,-29.4913,
0.265,2.49906,2.93603,7.1506,4.72543,-0.231619,-3.19396,0.55424,-3.1081,-11.7021,-12.4936,1.06053,1.4275,19.3496,19.0069,-2.20236,-2.76841,10.4836,11.2246,-29.037,-29.4797,
0.27,2.74282,2.78658,7.00863,4.70118,-0.265046,-3.19714,-0.220068,-3.133,-12.0325,-12.3899,1.06127,1.3212,18.952,18.9583,-2.14611,-2.77114,10.0476,11.1675,-29.0013,-29.451,
0.275,2.68263,2.62135,6.92539,4.63486,-0.231025,-3.19165,-0.0640842,-3.14901,-11.9551,-12.3065,1.14542,1.17094,19.107,18.9189,-2.20611,-2.77633,10.4964,11.1343,-28.8786,-29.4102,
0.28,2.35513,2.47217,6.79415,4.52056,-0.150486,-3.17938,-0.403412,-3.17043,-11.9058,-12.2483,0.828054,0.965457,19.3055,18.9136,-2.22585,-2.78547,10.6493,11.1424,-28.7465,-29.3649,
0.285,1.98194,2.35013,6.54261,4.36262,-0.0552568,-3.16187,-0.83418,-3.20164,-12.0414,-12.2161,0.391297,0.706685,19.2574,18.9533,-2.18311,-2.79774,10.8013,11.1965,-28.4262,-29.3197,
0.29,1.55448,2.2515,6.13749,4.18728,0.0698662,-3.14185,-0.807455,-3.23367,-12.1251,-12.21,0.258288,0.422776,19.0504,19.033,-2.15331,-2.81385,11.0993,11.2808,-28.2893,-29.2709,
0.295,1.14876,2.16839,5.65603,4.02198,0.194785,-3.12007,-0.883046,-3.25625,-12.2791,-12.2258,-0.0435154,0.152189,18.5247,19.1455,-2.03555,-2.83727,11.1584,11.3746,-28.2644,-29.2143,
0.3,0.905615,2.09062,5.37788,3.88683,0.269541,-3.09836,-1.05951,-3.26098,-12.3221,-12.2554,-0.172248,-0.0804719,18.1897,19.2636,-1.96892,-2.8701,11.1831,11.4583,-28.2236,-29.1461,
0.305,0.787972,2.01221,5.44274,3.79769,0.281418,-3.08002,-1.26437,-3.2445,-12.3571,-12.2882,-0.222732,-0.26863,18.3433,19.353,-2.01228,-2.90737,11.1712,11.5187,-28.2699,-29.0663,
0.31,0.842196,1.93542,5.48283,3.76291,0.271881,-3.06902,-1.27093,-3.20868,-12.4539,-12.3175,-0.246678,-0.42165,18.3432,19.3922,-2.01994,-2.94117,11.0074,11.5558,-28.4539,-28.9817,
0.315,1.08781,1.85552,5.77177,3.76497,0.18144,-3.06649,-1.44257,-3.16197,-12.6563,-12.3354,-0.0114191,-0.564956,18.4306,19.387,-2.07684,-2.9644,10.4978,11.5874,-28.8889,-28.9045,
0.32,1.27383,1.76963,6.10328,3.78127,0.101745,-3.07129,-1.31115,-3.11503,-12.7322,-12.3339,0.0668604,-0.706524,18.8447,19.3439,-2.18126,-2.97821,10.6797,11.6174,-28.5532,-28.8347,
0.325,1.5384,1.68292,6.32473,3.79346,0.0590036,-3.0787,-0.704762,-3.07748,-12.6556,-12.3092,0.0956576,-0.838068,19.4449,19.2744,-2.30742,-2.98641,11.7665,11.6446,-28.2,-28.7721,
0.33,1.64506,1.58916,6.45569,3.80717,0.0406795,-3.08463,-0.604378,-3.04336,-12.6115,-12.2653,-0.118981,-0.952633,19.956,19.2033,-2.37848,-2.99199,11.965,11.6753,-27.6274,-28.7206,
0.335,1.49173,1.4737,6.59157,3.83733,0.0349967,-3.08713,-0.947565,-2.99991,-12.6611,-12.2057,-0.378603,-1.06358,20.3388,19.1601,-2.40987,-2.99783,11.3456,11.726,-27.3448,-28.6855,
0.34,1.05163,1.3314,6.489,3.88544,0.100265,-3.08432,-0.954886,-2.94356,-12.6982,-12.1317,-0.917689,-1.18837,20.4608,19.1652,-2.33419,-3.00812,11.2912,11.8077,-27.3702,-28.6652,
0.345,0.717427,1.15677,6.16791,3.94493,0.193589,-3.07497,-0.497207,-2.87183,-12.9128,-12.0482,-1.42255,-1.34457,20.085,19.2239,-2.13103,-3.02264,11.9041,11.9218,-27.5047,-28.6499,
0.35,0.664882,0.942051,5.82645,4.01199,0.235552,-3.06014,-0.565484,-2.78114,-13.2921,-11.9601,-1.8465,-1.53084,19.2009,19.3173,-1.81167,-3.04208,11.8672,12.053,-27.7298,-28.6238,
0.355,0.946315,0.686892,5.91553,4.09439,0.159755,-3.03957,-0.911086,-2.66486,-13.2431,-11.8752,-1.97329,-1.73531,18.905,19.4217,-1.67919,-3.06777,11.6366,12.1857,-27.8745,-28.58,
0.36,1.34687,0.41013,6.24332,4.18897,0.0349771,-3.0146,-1.06322,-2.52841,-13.0911,-11.7962,-2.00664,-1.9393,19.0968,19.5254,-1.68505,-3.09599,11.8011,12.3093,-27.6359,-28.519,
0.365,1.67184,0.140223,6.66488,4.26191,-0.0853736,-2.9911,-1.08975,-2.39482,-12.7887,-11.7191,-1.87151,-2.13121,19.6555,19.6187,-1.80054,-3.12082,11.9113,12.4177,-27.2725,-28.444,
0.37,1.61751,-0.0807194,6.97208,4.29373,-0.127388,-2.97429,-1.10016,-2.28651,-12.5602,-11.6453,-2.14485,-2.3108,20.3008,19.698,-1.88455,-3.13977,12.1608,12.5108,-26.8138,-28.3594,
0.375,1.03195,-0.236246,6.82204,4.29343,-0.0158818,-2.96391,-0.960214,-2.20701,-12.4035,-11.5776,-2.81141,-2.48145,20.5838,19.7822,-1.83761,-3.15283,12.6749,12.5981,-26.4948,-28.2725,
0.38,0.334555,-0.349705,6.19049,4.26244,0.195541,-2.95903,-0.428584,-2.14741,-12.4917,-11.5181,-3.29438,-2.64587,20.1098,19.8906,-1.63963,-3.1631,13.1567,12.6904,-26.613,-28.1935,
0.385,-0.113836,-0.455843,5.4601,4.20681,0.379031,-2.95929,-0.1818,-2.09315,-12.6432,-11.4665,-3.5197,-2.81963,19.1683,20.0367,-1.38486,-3.17073,12.9827,12.8026,-26.7827,-28.1325,
0.39,-0.127291,-0.563816,5.17176,4.14138,0.425817,-2.96174,-0.398598,-2.03722,-12.5882,-11.4224,-3.28627,-3.00296,18.698,20.2212,-1.31888,-3.17535,12.1409,12.9352,-26.8685,-28.0897,
0.395,0.268294,-0.660571,5.55415,4.08588,0.315023,-2.96546,-0.500469,-1.97864,-12.6112,-11.3863,-2.85125,-3.1728,19.0284,20.4141,-1.47627,-3.18089,11.6683,13.0607,-27.0531,-28.0464,
0.4,0.701559,-0.74573,6.033,4.0506,0.184365,-2.9695,-0.793355,-1.91394,-12.4254,-11.3596,-3.02861,-3.31685,19.6133,20.584,-1.6282,-3.19323,11.6923,13.1585,-27.0017,-27.99,
0.405,0.717331,-0.836111,6.17214,4.04115,0.178988,-2.97284,-0.321987,-1.83538,-12.2405,-11.3441,-3.23574,-3.44386,20.1247,20.7214,-1.75643,-3.21374,12.8871,13.2287,-26.9289,-27.919,
0.41,0.386584,-0.928329,5.91078,4.05013,0.303375,-2.97712,0.384553,-1.75564,-12.0683,-11.3284,-3.25688,-3.56346,20.5208,20.8122,-1.87999,-3.23427,14.2158,13.2729,-27.1681,-27.8356,
0.415,0.00639296,-1.01863,5.64397,4.05456,0.432826,-2.97963,0.406765,-1.69166,-11.9446,-11.2997,-3.12862,-3.66789,20.8971,20.8534,-2.01062,-3.24811,14.4322,13.2916,-27.6489,-27.7473,
0.42,-0.329026,-1.11363,5.42889,4.05342,0.531451,-2.97563,0.0784811,-1.64105,-11.9588,-11.258,-3.38383,-3.74298,21.0551,20.8451,-2.04936,-3.25641,13.6738,13.282,-27.4567,-27.66,
0.425,-0.64956,-1.22068,5.12511,4.04895,0.641975,-2.96534,0.196691,-1.59402,-12.0145,-11.2141,-3.51673,-3.79888,21.0154,20.7992,-2.04819,-3.25928,13.7409,13.256,-27.4379,-27.5838,
0.43,-0.79128,-1.34686,4.85937,4.0428,0.728243,-2.95121,0.441022,-1.54235,-12.0845,-11.1782,-3.38386,-3.84407,20.9522,20.7399,-2.0668,-3.25924,13.8323,13.2292,-27.2174,-27.5276,
0.435,-0.832047,-1.49586,4.771,4.0314,0.769762,-2.93474,0.604849,-1.4823,-12.1928,-11.1571,-3.25543,-3.87886,20.9759,20.6701,-2.09632,-3.25922,13.8627,13.203,-26.9039,-27.4891,
0.44,-0.906173,-1.66116,4.78861,3.99988,0.78197,-2.91585,0.196116,-1.42064,-12.3036,-11.1527,-2.99676,-3.91532,21.0137,20.5896,-2.13358,-3.26055,13.478,13.1809,-27.0789,-27.4616,
0.445,-0.948817,-1.82863,4.89345,3.94583,0.748143,-2.89253,-0.389154,-1.36351,-12.4977,-11.1669,-2.75301,-3.95909,20.8395,20.5097,-2.13518,-3.26308,12.2845,13.1693,-26.958,-27.442,
0.45,-0.953034,-1.98135,4.94129,3.87593,0.715057,-2.8669,-0.54405,-1.32034,-12.744,-11.191,-2.86703,-3.99768,20.4074,20.4331,-2.03148,-3.26899,12.1063,13.1638,-26.9192,-27.4296,
0.455,-0.978721,-2.1069,4.8247,3.80515,0.719927,-2.84088,-0.501774,-1.29317,-12.8247,-11.2206,-3.09419,-4.02119,19.8899,20.3573,-1.89844,-3.27657,12.4715,13.1599,-26.5297,-27.4271,
0.46,-0.906733,-2.21078,4.87542,3.75628,0.683273,-2.81444,-0.835776,-1.266,-12.7517,-11.2663,-3.13074,-4.02942,19.7283,20.2789,-1.88312,-3.28055,12.3632,13.1552,-26.4065,-27.4333,
0.465,-0.912902,-2.28819,5.02775,3.73066,0.645296,-2.79018,-1.07276,-1.23894,-12.5143,-11.3265,-3.20215,-4.02602,19.9679,20.2019,-1.9657,-3.27607,12.7536,13.1508,-26.5353,-27.4462,
0.47,-0.988548,-2.32569,5.04336,3.7162,0.667746,-2.77172,-0.699227,-1.22279,-12.1656,-11.3918,-3.412,-4.02595,20.3685,20.1363,-2.05443,-3.26433,14.3887,13.1537,-26.6753,-27.4629,
0.475,-1.14905,-2.34457,4.86489,3.70526,0.749542,-2.75862,-0.208043,-1.20987,-12.0293,-11.4588,-3.14662,-4.05265,20.6346,20.0983,-2.13497,-3.24963,15.2317,13.1815,-27.142,-27.4889,
0.48,-1.1907,-2.36768,4.64109,3.70692,0.804041,-2.74777,-0.248685,-1.18773,-12.408,-11.5276,-2.964,-4.11888,20.2211,20.095,-2.02145,-3.23421,14.5343,13.2467,-27.4374,-27.5323,
0.485,-1.15007,-2.4009,4.34916,3.72613,0.827986,-2.73863,-0.523085,-1.15362,-12.9275,-11.5956,-2.97939,-4.20761,19.2376,20.1172,-1.75823,-3.21786,13.1327,13.3366,-27.9304,-27.5873,
0.49,-0.926923,-2.43901,4.23436,3.75773,0.791569,-2.73269,-0.886254,-1.11074,-13.0668,-11.6615,-3.21313,-4.30125,18.5045,20.1556,-1.55642,-3.19798,12.2561,13.435,-27.9643,-27.6426,
0.495,-0.728935,-2.48253,4.1739,3.80199,0.770228,-2.72922,-0.615984,-1.0559,-13.0714,-11.732,-3.37091,-4.38552,18.293,20.2018,-1.49674,-3.17371,12.8923,13.529,-27.8397,-27.6883,
0.5,-0.795581,-2.5242,4.10571,3.85398,0.810558,-2.72775,-0.268889,-0.993653,-12.7398,-11.8079,-3.62564,-4.45495,18.5711,20.2393,-1.53082,-3.14986,14.048,13.6089,-27.5757,-27.7186,
0.505,-0.859901,-2.55163,4.26893,3.90501,0.830893,-2.72739,-0.166069,-0.930305,-12.4972,-11.8908,-3.35275,-4.51737,19.3928,20.2754,-1.73505,-3.12957,14.4251,13.6818,-27.6442,-27.7369,
0.51,-1.01801,-2.55079,4.45153,3.9507,0.849608,-2.72917,-0.389842,-0.873504,-12.3553,-11.9797,-3.37519,-4.59375,20.2162,20.3349,-1.91301,-3.11249,14.3367,13.7682,-27.5408,-27.7537,
0.515,-1.15018,-2.51603,4.61112,3.97891,0.867836,-2.73473,-0.368734,-0.83459,-12.3902,-12.0656,-3.11375,-4.69645,20.9674,20.4277,-2.10823,-3.10044,14.2627,13.878,-27.6738,-27.7761,
0.52,-1.21728,-2.45506,4.60551,4.00074,0.911808,-2.74269,-0.00180078,-0.808699,-12.6051,-12.1447,-3.16837,-4.81677,21.3434,20.5508,-2.16808,-3.09625,14.6596,14.005,-27.9243,-27.8021,
0.525,-1.16686,-2.37214,4.43498,4.02637,0.960923,-2.75128,0.343926,-0.790146,-13.1327,-12.2186,-3.38206,-4.93019,21.1209,20.6791,-2.05867,-3.09901,15.0044,14.1292,-28.1923,-27.8257,
0.53,-0.947592,-2.27343,4.02364,4.04111,1.00971,-2.76152,0.550439,-0.781032,-13.826,-12.2876,-3.45316,-5.0196,20.1948,20.7743,-1.80774,-3.10308,14.9637,14.2309,-28.1638,-27.844,
0.535,-0.68609,-2.16583,3.49412,4.04697,1.03822,-2.77569,0.489738,-0.776163,-14.01,-12.3583,-2.95943,-5.08191,19.1073,20.8327,-1.6446,-3.10038,14.3645,14.3105,-27.7904,-27.8614,
0.54,-0.352018,-2.05399,3.09437,4.04556,1.02441,-2.79522,0.213762,-0.773123,-13.8507,-12.4335,-2.57163,-5.1091,18.508,20.8742,-1.6484,-3.087,13.8949,14.3758,-27.5405,-27.8859,
0.545,-0.00184381,-1.94947,3.10587,4.03953,0.969154,-2.81585,0.264406,-0.766054,-13.2962,-12.518,-1.93697,-5.08173,18.9414,20.8975,-1.92379,-3.06802,14.6157,14.418,-27.6135,-27.9139,
0.55,0.180406,-1.87843,3.77809,4.03531,0.841772,-2.83394,-0.624161,-0.742835,-12.6011,-12.6141,-1.29601,-5.00337,20.4628,20.8923,-2.40741,-3.04765,14.2119,14.4325,-27.3144,-27.9402,
0.555,0.156373,-1.84185,4.60571,4.03317,0.758554,-2.84751,-0.692147,-0.705805,-12.1759,-12.7187,-0.35963,-4.89891,22.5144,20.8568,-2.98897,-3.02455,15.5942,14.4306,-27.2244,-27.9693,
0.56,0.0808717,-1.82385,5.28752,4.03783,0.713388,-2.85567,-0.568624,-0.660024,-12.2844,-12.8336,0.278059,-4.78848,24.1457,20.8098,-3.39671,-3.00016,15.9023,14.4289,-27.3794,-28.0087,
0.565,0.141986,-1.81118,5.45963,4.05472,0.701511,-2.85839,-0.419904,-0.610604,-13.0841,-12.9569,0.185022,-4.67004,24.3067,20.7593,-3.37376,-2.98243,15.6294,14.4294,-27.8164,-28.0603,
0.57,0.397417,-1.79906,4.91172,4.07523,0.751705,-2.85844,0.023545,-0.561727,-14.5173,-13.0882,-0.592546,-4.54862,22.7334,20.6957,-2.87702,-2.97263,15.351,14.4278,-28.4411,-28.1192,
0.575,0.853355,-1.79681,4.22422,4.07522,0.783035,-2.85875,0.104891,-0.513116,-15.3583,-13.2315,-1.49888,-4.42628,20.7658,20.6213,-2.29128,-2.96782,14.9813,14.4273,-28.6551,-28.1888,
0.58,1.15471,-1.79959,3.54744,4.05533,0.820971,-2.85998,-0.0288296,-0.465147,-15.3748,-13.3879,-1.88064,-4.30074,19.3498,20.5276,-1.94374,-2.96325,15.0273,14.4238,-28.6365,-28.2703,
0.585,1.53116,-1.80218,2.8469,4.03358,0.829862,-2.86065,-0.219954,-0.413972,-14.7489,-13.5585,-1.52233,-4.18277,18.2792,20.4119,-1.84546,-2.95226,14.3846,14.4236,-27.9366,-28.3702,
0.59,1.86355,-1.8231,2.51563,4.04225,0.782122,-2.86011,-0.979779,-0.338428,-13.8025,-13.752,-1.20327,-4.07849,17.7213,20.2927,-1.86587,-2.93118,13.8305,14.4357,-27.8377,-28.4912,
0.595,1.87601,-1.87832,2.92076,4.10857,0.718248,-2.85854,-1.39926,-0.223622,-13.304,-13.9696,-0.620489,-3.9722,18.699,20.1711,-2.1814,-2.9042,13.98,14.4454,-27.5977,-28.6203,
0.6,1.63192,-1.96952,4.03235,4.23206,0.632066,-2.85719,-1.69178,-0.0759275,-12.3509,-14.1981,-0.119955,-3.8747,20.9451,20.0484,-2.68913,-2.87596,15.0265,14.4529,-28.0319,-28.7532,
0.605,1.30376,-2.0933,4.88396,4.3994,0.608248,-2.85586,-1.27479,0.0974821,-12.9532,-14.432,-0.538865,-3.79314,22.171,19.9228,-2.77425,-2.84758,15.7778,14.4597,-28.8502,-28.8906,
0.61,1.18764,-2.23294,4.92635,4.5854,0.634435,-2.85184,-0.957628,0.281357,-14.5982,-14.6686,-1.58598,-3.72364,21.4095,19.8082,-2.3544,-2.82007,15.3753,14.4689,-29.7963,-29.0335,
0.615,1.31887,-2.35714,4.21746,4.73924,0.698556,-2.84631,-0.390592,0.444825,-14.9528,-14.9018,-2.20973,-3.68135,19.8803,19.71,-1.94365,-2.79053,14.9953,14.4882,-28.8284,-29.1834,
0.62,1.55753,-2.43056,3.37594,4.81589,0.747918,-2.84189,-0.448366,0.556781,-14.7772,-15.1231,-2.36591,-3.67359,18.4154,19.6204,-1.6686,-2.75733,14.6798,14.5153,-28.632,-29.3377,
0.625,1.76327,-2.44411,2.88898,4.8085,0.751921,-2.83655,-0.752846,0.613765,-14.4167,-15.3332,-2.20255,-3.68867,17.5794,19.5479,-1.5684,-2.72128,14.4286,14.5474,-28.7368,-29.495,
0.63,1.77902,-2.4046,3.0416,4.73104,0.716281,-2.83017,-1.08527,0.624296,-13.8759,-15.5337,-2.05512,-3.69623,17.7891,19.5169,-1.64163,-2.68806,14.4119,14.5771,-28.9019,-29.6496,
0.635,1.32632,-2.31175,3.70445,4.60603,0.730286,-2.82763,-0.760818,0.593868,-13.5367,-15.7224,-1.91355,-3.68777,19.229,19.529,-1.90034,-2.65906,15.741,14.5975,-29.7653,-29.7964,
0.64,0.999669,-2.1635,5.29797,4.44994,0.563134,-2.83201,-1.77411,0.524231,-13.539,-15.8941,-2.29195,-3.6779,21.3709,19.5577,-2.20715,-2.62983,15.3238,14.604,-30.6566,-29.9319,
0.645,0.746191,-1.97836,5.54002,4.28968,0.585609,-2.84462,-0.649411,0.4297,-15.2656,-16.0456,-3.25624,-3.65973,20.9941,19.5634,-1.88344,-2.59559,15.7378,14.5792,-31.382,-30.0501,
0.65,0.721676,-1.78755,4.57499,4.16537,0.706283,-2.86241,-0.0565017,0.337095,-15.6036,-16.1831,-3.4187,-3.61538,19.3564,19.5407,-1.54076,-2.55834,15.0694,14.5159,-29.5812,-30.1502,
0.655,1.05292,-1.62102,3.754,4.10705,0.722668,-2.8825,-0.287322,0.270279,-15.4416,-16.3131,-3.00056,-3.55393,17.8209,19.5077,-1.34434,-2.52408,14.2886,14.4289,-29.6997,-30.2396,
0.66,1.30829,-1.48682,3.78306,4.10894,0.639525,-2.90438,-0.972928,0.227285,-15.477,-16.4277,-2.57642,-3.48164,17.7128,19.4819,-1.43565,-2.49872,13.3948,14.3311,-30.2105,-30.3236,
0.665,0.993038,-1.36837,4.31206,4.1489,0.602895,-2.93072,-1.38317,0.18852,-13.7756,-16.5156,-2.99666,-3.38641,18.7918,19.4679,-1.64464,-2.4828,14.4666,14.2215,-29.9407,-30.4026,
0.67,0.553715,-1.24832,4.91846,4.21141,0.591628,-2.96368,-1.51312,0.138863,-13.6244,-16.5719,-3.04028,-3.24747,20.0038,19.4767,-1.88068,-2.47206,14.9617,14.0977,-30.1817,-30.4793,
0.675,0.167583,-1.12172,4.96366,4.28191,0.655507,-3.00214,-1.09082,0.067728,-14.1909,-16.5926,-3.55713,-3.03833,19.8703,19.5126,-1.7333,-2.46365,15.1431,13.9519,-30.5134,-30.5572,
0.68,0.138729,-0.974152,4.72289,4.33616,0.681406,-3.04409,-1.35007,-0.0404757,-14.7884,-16.5771,-3.7485,-2.74911,18.9518,19.5552,-1.47444,-2.45618,14.1232,13.7723,-30.5142,-30.6336,
0.685,0.332942,-0.787402,4.62571,4.38189,0.637035,-3.08948,-1.65609,-0.189561,-14.6874,-16.53,-3.27523,-2.39859,18.4573,19.5595,-1.44111,-2.44849,13.019,13.5474,-30.6095,-30.699,
0.69,1.11561,-0.573629,4.34377,4.43086,0.528149,-3.13612,-0.623095,-0.369109,-14.7844,-16.4555,-2.38521,-2.01686,17.5797,19.5275,-1.44146,-2.44696,12.6792,13.286,-30.4082,-30.7482,
0.695,1.62707,-0.366471,4.51007,4.47415,0.404076,-3.17705,-0.971277,-0.568961,-14.5035,-16.3501,-1.66411,-1.62873,17.7518,19.4867,-1.63715,-2.46102,12.7503,13.0037,-30.8685,-30.7789,
0.7,1.31463,-0.191845,5.3166,4.49723,0.33607,-3.2092,-1.8642,-0.785631,-13.6046,-16.2057,-1.64717,-1.26466,19.6049,19.4443,-2.06537,-2.49506,13.0075,12.7103,-31.0739,-30.785,
0.705,0.540764,-0.0639305,5.74838,4.49586,0.392157,-3.23484,-2.51157,-1.01527,-13.1024,-16.0193,-2.42796,-0.949919,20.6623,19.4014,-2.12516,-2.54705,13.1141,12.4115,-30.7708,-30.7598,
0.71,0.301962,0.0135158,5.28778,4.50165,0.470254,-3.25538,-2.52904,-1.24659,-13.8797,-15.7945,-2.86825,-0.700163,19.7541,19.3716,-1.85873,-2.60953,11.6427,12.1166,-30.1601,-30.701,
0.715,0.943803,0.0427745,4.72239,4.53225,0.43099,-3.27082,-1.35131,-1.47194,-13.7374,-15.5434,-2.30961,-0.510333,18.7459,19.3457,-1.79092,-2.6757,11.6239,11.8194,-30.4317,-30.5991,
0.72,1.57775,0.0175032,4.78533,4.58175,0.324802,-3.27882,-1.65259,-1.68775,-13.4144,-15.2767,-1.57187,-0.364882,18.7574,19.3153,-1.95,-2.74711,11.2971,11.5091,-30.8165,-30.4443,
0.725,1.39522,-0.0692311,4.98068,4.64593,0.307923,-3.27517,-1.88796,-1.8898,-12.55,-15.0005,-1.7019,-0.25544,19.7721,19.2826,-2.16884,-2.82326,11.9056,11.1823,-30.5852,-30.2349,
0.73,0.407788,-0.21282,5.36653,4.71413,0.431703,-3.26209,-2.73283,-2.087,-12.0026,-14.7091,-3.00923,-0.175907,21.1787,19.2481,-2.2394,-2.9017,12.0833,10.8362,-30.3136,-29.9753,
0.735,-0.275961,-0.387835,4.75691,4.77588,0.62487,-3.24438,-1.9738,-2.29565,-11.737,-14.3983,-2.98515,-0.134154,21.3509,19.2017,-2.33862,-2.97934,11.6973,10.4748,-28.6299,-29.6782,
0.74,-0.194443,-0.55942,3.96621,4.81604,0.716322,-3.22659,-1.843,-2.53544,-11.4783,-14.0662,-2.64566,-0.141553,20.6205,19.1361,-2.32901,-3.05539,10.9936,10.1038,-28.6479,-29.3549,
0.745,0.0691798,-0.719987,3.227,4.84714,0.758149,-3.20682,-2.02606,-2.80031,-11.4524,-13.7218,-2.48837,-0.199271,19.2945,19.0526,-2.09885,-3.13328,9.51128,9.72478,-28.7402,-29.0118,
0.75,0.260226,-0.871791,2.88356,4.89786,0.755419,-3.18239,-2.44064,-3.07223,-11.0726,-13.3771,-2.24154,-0.315092,18.4751,18.9745,-1.96478,-3.21448,7.50316,9.35316,-29.3888,-28.6647,
0.755,0.10995,-1.01264,2.91809,4.98782,0.751444,-3.15492,-2.9174,-3.33787,-10.7991,-13.0424,-2.34564,-0.511314,18.7059,18.9217,-2.05069,-3.29581,7.91345,9.01264,-28.7658,-28.3369,
0.76,0.894568,-1.14718,3.84582,5.11732,0.346713,-3.12407,-4.19802,-3.58651,-10.1608,-12.7251,-1.99766,-0.807086,18.5776,18.8945,-2.18399,-3.37391,7.94142,8.72086,-28.9425,-28.0525,
0.765,0.840812,-1.26483,4.45111,5.26282,0.255589,-3.08837,-3.34986,-3.83166,-9.64838,-12.4158,-2.90163,-1.19282,18.9198,18.8956,-2.07991,-3.44678,5.82177,8.47953,-28.2451,-27.827,
0.77,1.46188,-1.35015,6.02798,5.42452,-0.204105,-3.04962,-5.20206,-4.08313,-9.77976,-12.1072,-1.95922,-1.62381,20.3851,18.9235,-2.66546,-3.51429,8.56444,8.27066,-27.7667,-27.6634,
0.775,0.651205,-1.39446,5.9076,5.61606,-0.0713197,-3.0111,-4.74702,-4.34121,-9.92573,-11.7958,-4.18608,-2.04936,19.7819,18.9655,-2.18809,-3.5793,4.8947,8.06499,-28.4897,-27.5481,
0.78,-0.722467,-1.42326,4.52409,5.82825,0.437158,-2.97265,-5.18873,-4.59409,-9.56006,-11.4859,-4.17885,-2.42099,20.2062,18.9994,-2.40176,-3.64144,7.35667,7.82975,-27.2413,-27.4626,
0.785,-1.7532,-1.47501,3.42486,6.02827,0.875909,-2.92991,-4.07425,-4.83326,-8.85271,-11.1815,-5.05737,-2.69072,19.6664,19.0126,-2.08258,-3.6985,7.55394,7.53255,-28.2115,-27.3917,
0.79,-2.40276,-1.54607,2.68989,6.17654,1.13611,-2.88225,-3.67091,-5.07809,-8.02958,-10.8775,-4.02676,-2.81328,20.4101,19.024,-2.51499,-3.75225,7.55505,7.15235,-26.7995,-27.3244,
0.795,-2.23263,-1.62044,2.8015,6.24773,1.03654,-2.83132,-5.0055,-5.34805,-8.05814,-10.5693,-3.78991,-2.78322,19.4918,19.0351,-2.45235,-3.80818,8.10633,6.68172,-26.5307,-27.2498,
0.8,-2.66069,-1.68605,2.69435,6.23012,1.12604,-2.77916,-4.53989,-5.65497,-7.20601,-10.2516,-4.66325,-2.65459,19.6771,19.0475,-2.32308,-3.86981,4.72841,6.14121,-26.158,-27.158,
0.805,-2.81418,-1.74453,2.29232,6.14188,1.25518,-2.72754,-4.31776,-5.9913,-6.85846,-9.926,-4.17702,-2.51173,19.2032,19.0714,-2.39518,-3.9322,4.89534,5.56623,-26.7795,-27.0369,
0.81,-2.87987,-1.81945,1.60522,6.00057,1.38301,-2.6759,-4.49578,-6.34049,-6.69388,-9.59387,-4.0208,-2.41206,18.2645,19.1294,-2.26125,-3.99124,4.61832,4.98683,-27.1927,-26.8791,
0.815,-2.87334,-1.95915,2.82209,5.82628,1.13609,-2.62024,-5.27949,-6.67202,-7.32139,-9.26445,-4.40774,-2.3732,19.0454,19.2589,-2.2489,-4.05267,4.53019,4.42334,-25.6457,-26.6803,
0.82,-3.76866,-2.2066,2.94037,5.65048,1.22628,-2.56013,-6.642,-6.95108,-7.65034,-8.95756,-5.03521,-2.4144,19.3074,19.4844,-2.26427,-4.12295,3.97346,3.89493,-26.9354,-26.4377,
0.825,-4.61942,-2.57072,2.26839,5.46481,1.49654,-2.49655,-6.37038,-7.17181,-5.50626,-8.68435,-4.68569,-2.55716,19.0413,19.817,-2.4195,-4.20534,3.4142,3.42298,-26.5201,-26.154,
0.83,-4.82514,-3.01865,2.14569,5.24304,1.57631,-2.43091,-6.245,-7.36308,-5.28921,-8.44046,-3.80416,-2.81274,19.3187,20.2556,-2.70433,-4.29801,2.44307,3.02373,-26.3768,-25.8401,
0.835,-5.50024,-3.48545,2.74618,4.95926,1.60869,-2.36748,-6.95027,-7.57149,-5.08519,-8.22117,-3.64516,-3.18088,21.1619,20.775,-3.21357,-4.39808,3.07664,2.69456,-27.2193,-25.5019,
0.84,-6.67392,-3.90121,2.80994,4.59882,1.77617,-2.30857,-8.12916,-7.84256,-4.17548,-8.03271,-4.79077,-3.64727,21.8879,21.3269,-3.2878,-4.50579,2.70943,2.4155,-25.7976,-25.1376,
0.845,-7.62737,-4.21127,2.66716,4.15393,1.95278,-2.25305,-7.68689,-8.22348,-3.80025,-7.87863,-4.66515,-4.20173,22.1816,21.8819,-3.45913,-4.62384,3.19172,2.18066,-24.6035,-24.7535,
0.85,-8.46881,-4.38071,2.99651,3.63948,2.06749,-2.20441,-8.0549,-8.75264,-3.74183,-7.75197,-4.8394,-4.84094,23.263,22.42,-3.63095,-4.74979,2.6367,1.99639,-24.756,-24.3659,
0.855,-9.38078,-4.4248,3.25143,3.10977,2.16826,-2.16551,-8.90898,-9.42775,-4.1662,-7.64115,-6.26563,-5.54836,23.574,22.9061,-3.36625,-4.8762,1.92059,1.85115,-25.9065,-23.9798,
0.86,-9.58811,-4.3985,3.25797,2.64208,2.23804,-2.13919,-8.44612,-10.214,-4.40728,-7.53159,-6.06223,-6.29169,22.8583,23.3099,-3.26832,-4.99769,0.739794,1.72271,-25.1233,-23.597,
0.865,-10.311,-4.38484,3.11289,2.29272,2.27784,-2.12428,-8.53309,-11.0578,-4.36567,-7.41549,-6.48536,-7.02028,22.0593,23.5973,-3.11626,-5.11379,1.24266,1.57745,-24.4264,-23.217,
0.87,-10.573,-4.46417,3.30699,2.1134,2.48375,-2.12095,-9.36204,-11.9,-4.40005,-7.2926,-6.8679,-7.67018,22.3583,23.7306,-3.03076,-5.22669,1.01077,1.37518,-24.1778,-22.8426,
0.875,-11.564,-4.70503,3.5398,2.1389,2.46193,-2.13034,-9.9638,-12.6884,-4.15948,-7.16653,-7.20743,-8.17499,22.5895,23.6732,-3.17485,-5.33329,0.215681,1.07343,-23.7427,-22.4781,
0.88,-12.232,-5.16872,3.64144,2.35913,2.9432,-2.14683,-10.7019,-13.3841,-4.2232,-7.04797,-7.86218,-8.48835,23.1906,23.4057,-3.09981,-5.42812,0.15154,0.636873,-23.3474,-22.1253,
0.885,-13.6424,-5.8785,3.78435,2.76534,3.22215,-2.16999,-11.6555,-13.9649,-4.20658,-6.94603,-8.40711,-8.60053,23.5622,22.9544,-2.92826,-5.51014,-0.568892,0.0471667,-22.3212,-21.792,
0.89,-13.7154,-6.81429,3.9454,3.3393,3.18617,-2.19744,-12.0638,-14.4328,-4.12139,-6.86204,-9.14099,-8.53425,23.4826,22.3784,-2.56533,-5.58068,-1.31805,-0.703443,-21.6555,-21.4901,
0.895,-13.6838,-7.93174,3.75194,4.02901,3.16723,-2.22059,-11.8413,-14.8143,-4.26489,-6.7925,-8.94978,-8.31672,22.8745,21.7655,-2.58932,-5.65182,-2.42514,-1.61516,-21.5641,-21.2344,
0.9,-13.7356,-9.1641,3.22234,4.75319,3.26534,-2.23278,-11.7705,-15.159,-4.29189,-6.73573,-8.99883,-8.00532,21.5926,21.2134,-2.27229,-5.73695,-3.31712,-2.66109,-21.3156,-21.0396,
0.905,-13.6582,-10.4196,2.91354,5.42514,3.32254,-2.23161,-11.9321,-15.5363,-4.37585,-6.68939,-9.14967,-7.69922,20.3136,20.8263,-1.88334,-5.84462,-4.60174,-3.77527,-21.9335,-20.9242,
0.91,-13.3466,-11.6145,3.46058,5.96626,3.38749,-2.21471,-12.65,-16.0137,-4.45987,-6.6547,-9.05348,-7.49151,19.7831,20.696,-1.68759,-5.98334,-5.83324,-4.88728,-22.62,-20.8987,
0.915,-14.2561,-12.6865,3.37578,6.33428,3.26786,-2.18245,-13.7083,-16.6385,-4.44548,-6.63331,-9.12296,-7.45183,20.0386,20.8617,-1.734,-6.16043,-6.453,-5.95132,-22.6158,-20.953,
0.92,-14.5534,-13.6128,4.41269,6.51704,3.15812,-2.13476,-14.8073,-17.419,-4.42448,-6.62573,-8.92233,-7.62268,21.3484,21.3127,-2.16415,-6.3777,-7.57969,-6.94356,-23.0471,-21.0656,
0.925,-16.8126,-14.3827,3.6299,6.56127,2.8648,-2.0776,-15.5839,-18.32,-4.44825,-6.62832,-8.93903,-8.03398,22.7487,21.993,-2.57705,-6.62657,-7.92841,-7.84757,-22.9738,-21.2108,
0.93,-14.9736,-15.0154,6.13525,6.52971,3.12146,-2.01851,-15.9836,-19.2796,-4.51933,-6.63918,-9.34645,-8.69129,24.0131,22.8437,-2.90865,-6.89066,-7.9336,-8.63758,-22.3417,-21.3712,
0.935,-15.8784,-15.5096,6.55009,6.48512,3.22933,-1.96989,-16.7979,-20.2546,-4.58506,-6.6544,-9.77681,-9.55841,24.8219,23.8016,-3.09175,-7.15775,-8.79849,-9.30225,-21.8122,-21.5319,
0.94,-16.065,-15.8495,6.52217,6.48091,3.22538,-1.94833,-17.7631,-21.2296,-4.63616,-6.66359,-10.1981,-10.563,25.4684,24.791,-3.21848,-7.42085,-10.142,-9.85891,-21.7815,-21.6761,
0.945,-16.6149,-16.0429,6.78909,6.58571,3.27236,-1.97625,-18.6847,-22.1936,-4.91826,-6.66834,-11.1297,-11.6189,25.9866,25.7415,-3.1413,-7.6758,-11.0361,-10.336,-22.4159,-21.7918,
0.95,-17.0531,-16.125,7.62858,6.84832,3.18301,-2.06933,-20.3689,-23.1495,-5.28919,-6.67616,-11.3677,-12.653,26.8429,26.5949,-3.29356,-7.91502,-13.3613,-10.7655,-22.8229,-21.8696,
0.955,-16.5558,-16.1611,7.63735,7.25381,2.9968,-2.21779,-20.1878,-24.1067,-5.72222,-6.69085,-12.7667,-13.6152,27.8215,27.3191,-3.30017,-8.13631,-12.1469,-11.1799,-23.0028,-21.9135,
0.96,-16.7518,-16.2373,9.26797,7.75223,2.71167,-2.39804,-23.0447,-25.057,-6.85121,-6.71053,-13.7142,-14.4578,28.5821,27.9106,-3.14822,-8.34584,-11.548,-11.6183,-22.2349,-21.9394,
0.965,-17.2136,-16.4122,9.80949,8.30553,2.69231,-2.58848,-22.2889,-25.9761,-6.97883,-6.73682,-14.0048,-15.1279,29.0102,28.3981,-3.36265,-8.55995,-13.5909,-12.1253,-22.5536,-21.9689,
0.97,-16.7045,-16.6958,8.96648,8.8679,2.72484,-2.77352,-22.2012,-26.8529,-6.36373,-6.76607,-14.3735,-15.5751,29.3451,28.826,-3.51676,-8.79978,-12.5836,-12.753,-22.6121,-22.0213,
0.975,-17.2314,-17.0875,9.29546,9.39003,2.77303,-2.93981,-24.1753,-27.676,-6.55746,-6.79382,-14.965,-15.7752,29.4954,29.2377,-3.43001,-9.08369,-12.9461,-13.554,-22.294,-22.1114,
0.98,-17.8402,-17.6081,9.44127,9.84924,2.87352,-3.0774,-24.7009,-28.4084,-6.37435,-6.81837,-15.6789,-15.7387,29.8608,29.6567,-3.4342,-9.42102,-14.0699,-14.5641,-22.5562,-22.2474,
0.985,-17.408,-18.2599,9.06551,10.2308,2.82935,-3.17817,-24.2267,-29.0205,-6.32895,-6.83528,-15.8544,-15.5259,30.2876,30.101,-3.50547,-9.8098,-15.2493,-15.7648,-23.293,-22.4339,
0.99,-18.0135,-19.0053,9.46014,10.5278,2.86088,-3.23922,-25.8406,-29.5326,-6.22737,-6.83832,-15.7656,-15.2378,30.5716,30.5821,-3.64255,-10.2352,-15.8332,-17.08,-22.6553,-22.6634,
0.995,-18.2122,-19.7733,10.113,10.7724,2.73088,-3.27685,-27.8962,-30.0004,-6.34027,-6.83033,-15.5206,-14.9769,31.4208,31.1155,-3.88308,-10.6829,-18.4261,-18.4036,-22.0973,-22.9215,
1,-18.5517,-20.5113,10.6365,11.0028,2.63988,-3.30844,-29.576,-30.4765,-6.39677,-6.82358,-15.8861,-14.8131,31.918,31.7232,-4.01358,-11.1462,-19.0779,-19.6415,-23.6565,-23.1939,
1.005,-18.9477,-21.1808,11.2915,11.2186,2.54612,-3.33935,-30.4026,-31.011,-6.56531,-6.81957,-15.5687,-14.7901,32.8653,32.4214,-4.31978,-11.6203,-20.3074,-20.7323,-24.0725,-23.4628,
1.01,-19.4132,-21.7426,11.691,11.4122,2.52808,-3.37818,-31.2824,-31.6421,-6.59593,-6.81213,-16.0767,-14.9228,33.4053,33.1946,-4.42163,-12.0966,-19.5452,-21.6423,-23.4529,-23.7116,
1.015,-19.7292,-22.1818,12.1834,11.5734,2.47657,-3.43032,-32.9667,-32.3797,-6.53454,-6.79096,-16.1391,-15.2143,34.091,33.9917,-4.57712,-12.5596,-20.6623,-22.3722,-24.0426,-23.9242,
1.02,-20.0564,-22.5069,13.1046,11.7058,2.32701,-3.50214,-34.7776,-33.1951,-6.68261,-6.74396,-15.8398,-15.6533,35.3779,34.7891,-4.9171,-13.0071,-22.624,-22.9568,-23.4808,-24.103,
1.025,-20.5851,-22.7322,13.6371,11.8314,2.26948,-3.60472,-35.8574,-34.0271,-6.81067,-6.66236,-16.3582,-16.2065,35.9662,35.5868,-4.98805,-13.4461,-23.4798,-23.4715,-24.8639,-24.2705,
1.03,-21.1214,-22.8903,13.8868,11.9943,2.28318,-3.74558,-35.9814,-34.802,-6.99034,-6.5481,-16.7943,-16.8333,36.3197,36.3622,-4.96414,-13.8744,-23.9422,-23.9938,-25.1755,-24.4496,
1.035,-21.6245,-23.0306,13.8075,12.2304,2.36912,-3.92157,-36.5492,-35.4629,-7.18289,-6.41096,-17.7826,-17.5011,36.2332,37.0291,-4.68418,-14.2644,-23.6167,-24.5478,-25.2643,-24.64,
1.04,-22.0007,-23.1892,14.0056,12.5396,2.38096,-4.12644,-36.9593,-35.9852,-7.19321,-6.26175,-18.6867,-18.1779,35.8999,37.447,-4.4055,-14.5688,-23.3951,-25.1029,-25.3338,-24.8158,
1.045,-22.2392,-23.3758,14.4468,12.9125,2.31684,-4.35981,-38.329,-36.3917,-7.11567,-6.11085,-19.1625,-18.8275,36.0633,37.5129,-4.32563,-14.7495,-23.422,-25.5945,-24.573,-24.9464,
1.05,-22.3683,-23.6035,15.118,13.3314,2.18735,-4.61445,-39.5742,-36.7273,-7.11887,-5.96415,-19.4236,-19.4074,36.4595,37.2271,-4.32163,-14.8017,-24.5249,-25.9593,-24.3249,-25.0065,
1.055,-22.5096,-23.895,15.9316,13.7815,2.01563,-4.88321,-40.4725,-37.0263,-7.17274,-5.82837,-19.9825,-19.8958,36.5115,36.6882,-4.15478,-14.7597,-26.1631,-26.1508,-25.0575,-24.9927,
1.06,-22.5207,-24.2658,15.8274,14.261,2.03231,-5.16181,-39.7028,-37.3082,-7.41311,-5.71202,-19.9379,-20.2855,36.3873,36.0215,-4.0415,-14.6695,-25.9778,-26.1636,-26.0199,-24.9144,
1.065,-22.8152,-24.7262,15.6475,14.7738,2.10044,-5.44603,-39.8918,-37.5835,-7.32312,-5.62715,-21.1631,-20.5588,35.3116,35.3586,-3.52294,-14.5862,-24.9436,-26.0545,-25.6636,-24.7984,
1.07,-23.2268,-25.2897,15.3722,15.3,2.20069,-5.72097,-39.6795,-37.8484,-7.08319,-5.58504,-22.1174,-20.6988,34.4004,34.8086,-3.09291,-14.5594,-23.5583,-25.9476,-24.7945,-24.682,
1.075,-23.6963,-25.9401,15.2618,15.8036,2.27169,-5.97459,-40.0958,-38.0899,-6.76027,-5.58619,-22.8529,-20.717,33.7553,34.4301,-2.78665,-14.6162,-23.1682,-25.9742,-24.2573,-24.6082,
1.08,-24.0498,-26.6227,15.416,16.229,2.28402,-6.19821,-39.6548,-38.3016,-6.5075,-5.61335,-23.1279,-20.6595,33.5471,34.2338,-2.67234,-14.7567,-22.8891,-26.2214,-23.7911,-24.5933,
1.085,-24.2336,-27.2761,15.6796,16.5272,2.23134,-6.38787,-40.0558,-38.496,-6.34851,-5.64084,-22.7134,-20.6036,33.661,34.2004,-2.70847,-14.9569,-24.0057,-26.6696,-24.2131,-24.6352,
1.09,-24.4771,-27.8659,16.2361,16.7025,2.09931,-6.54894,-40.8286,-38.7034,-6.23162,-5.65592,-22.0413,-20.6221,34.1883,34.3056,-2.92963,-15.1899,-25.801,-27.2225,-24.727,-24.7226,
1.095,-24.7226,-28.3861,16.83,16.7771,1.94965,-6.68422,-41.536,-38.9737,-6.20054,-5.65116,-21.6901,-20.7597,34.6205,34.5274,-3.14954,-15.4393,-27.1769,-27.7844,-25.0603,-24.8394,
1.1,-25.0993,-28.8444,17.2286,16.7871,1.85634,-6.8031,-42.0403,-39.3604,-6.1711,-5.62554,-21.7059,-21.0082,34.8927,34.8517,-3.34733,-15.7088,-27.88,-28.3035,-25.1259,-24.9649,
1.105,-25.406,-29.2372,17.2289,16.7523,1.85102,-6.91475,-42.4581,-39.9058,-6.12813,-5.57939,-21.8207,-21.3361,34.7762,35.2657,-3.44194,-16.0158,-28.4121,-28.7582,-24.8433,-25.0763,
1.11,-26.2593,-29.5519,18.1123,16.6745,1.64633,-7.02395,-43.7588,-40.6366,-6.11103,-5.50843,-22.7556,-21.7265,35.394,35.7304,-3.73478,-16.3577,-29.9616,-29.132,-24.5388,-25.1508,
1.115,-26.3126,-29.7902,17.5024,16.5514,1.77165,-7.12825,-42.1138,-41.5408,-6.25115,-5.41414,-22.3887,-22.1678,34.9305,36.1803,-3.78991,-16.7098,-28.6507,-29.4131,-24.1463,-25.1754,
1.12,-26.8321,-29.9796,17.2195,16.3933,1.92124,-7.21969,-44.2796,-42.5469,-6.13611,-5.31071,-22.8472,-22.65,35.2779,36.5534,-3.91336,-17.0449,-28.6192,-29.6118,-23.7621,-25.1582,
1.125,-27.6752,-30.1608,17.512,16.2211,1.93435,-7.29013,-44.6854,-43.5562,-6.2552,-5.21766,-23.4359,-23.158,36.2714,36.818,-4.29393,-17.346,-28.2048,-29.7632,-24.0385,-25.1184,
1.13,-28.2771,-30.358,17.174,16.0629,2.0688,-7.34347,-46.1947,-44.4814,-6.34573,-5.14736,-23.8877,-23.6765,36.3416,36.9659,-4.50422,-17.6049,-29.0512,-29.8852,-23.481,-25.0739,
1.135,-28.8499,-30.5711,16.7773,15.929,2.21396,-7.38431,-47.084,-45.2645,-6.44383,-5.10673,-24.3563,-24.203,36.3556,36.9617,-4.66772,-17.8021,-29.2429,-29.9563,-23.414,-25.0187,
1.14,-29.2777,-30.7918,16.437,15.8394,2.33396,-7.42742,-47.9975,-45.8737,-6.49363,-5.10279,-24.6485,-24.7415,36.2291,36.7618,-4.84253,-17.9094,-29.8217,-29.928,-23.2834,-24.9366,
1.145,-30.0086,-31.0104,16.092,15.8132,2.57419,-7.49022,-48.3955,-46.3173,-6.56522,-5.13166,-24.9583,-25.2746,35.6705,36.3827,-4.85965,-17.9284,-29.4021,-29.7469,-23.2673,-24.8223,
1.15,-29.0149,-31.2277,15.2292,15.8432,2.52241,-7.57309,-48.5854,-46.639,-6.5274,-5.18358,-25.7895,-25.7627,35.537,35.8961,-4.96114,-17.8917,-28.8263,-29.4029,-23.2489,-24.6796,
1.155,-29.7575,-31.4383,14.8167,15.9129,2.83815,-7.66987,-47.8808,-46.8882,-6.56216,-5.25548,-25.9715,-26.1583,35.0638,35.3904,-4.95179,-17.8503,-27.0149,-28.9299,-23.3817,-24.5268,
1.16,-29.7423,-31.6437,14.2497,15.9993,3.02346,-7.77003,-47.9299,-47.104,-6.51341,-5.34211,-26.2482,-26.4302,34.8945,34.9317,-4.99903,-17.8482,-25.8377,-28.4219,-23.5724,-24.391,
1.165,-30.0558,-31.855,13.9555,16.087,3.18471,-7.86915,-48.3591,-47.3135,-6.55283,-5.44328,-26.9151,-26.5648,34.8431,34.5691,-5.03707,-17.9192,-25.0486,-28.0346,-23.879,-24.3042,
1.17,-30.1451,-32.0835,13.8301,16.1721,3.28682,-7.96649,-48.0231,-47.5435,-6.66908,-5.56032,-27.0592,-26.5874,34.9281,34.3388,-5.16123,-18.0884,-25.6615,-27.9226,-22.8705,-24.3052,
1.175,-30.109,-32.3435,13.89,16.2433,3.29855,-8.05494,-48.9765,-47.8093,-6.7726,-5.69268,-27.3045,-26.5575,34.509,34.2582,-5.20842,-18.3615,-26.7915,-28.1836,-23.3338,-24.4197,
1.18,-30.196,-32.631,14.3362,16.2838,3.17266,-8.12506,-51.4268,-48.1045,-6.80566,-5.83795,-26.958,-26.5575,34.5349,34.2982,-5.44715,-18.7047,-29.3272,-28.8042,-23.165,-24.6444,
1.185,-30.2985,-32.9247,14.7605,16.285,3.07308,-8.17527,-52.8073,-48.3976,-6.98831,-5.99412,-27.1439,-26.664,34.3744,34.3824,-5.47856,-19.0553,-29.7666,-29.6626,-23.5627,-24.9515,
1.19,-30.644,-33.2045,15.2115,16.2446,3.00283,-8.20844,-53.8876,-48.6563,-7.20541,-6.15808,-27.7079,-26.9085,34.2156,34.4278,-5.44942,-19.3614,-29.9971,-30.5913,-23.9375,-25.3011,
1.195,-31.0745,-33.4636,15.4816,16.1882,3.00908,-8.23875,-54.1354,-48.8544,-7.56364,-6.33356,-28.1554,-27.263,34.1162,34.3978,-5.35249,-19.6096,-29.8759,-31.4355,-24.2109,-25.6615,
1.2,-31.7248,-33.7062,15.7816,16.1455,3.0421,-8.2815,-54.1413,-48.9762,-7.93507,-6.52859,-28.5396,-27.6757,34.3343,34.2884,-5.34506,-19.8055,-29.5323,-32.0973,-24.4686,-26.0134,
1.205,-32.1726,-33.9119,15.6627,16.1229,3.19803,-8.34592,-52.1212,-49.0395,-8.32797,-6.74395,-28.3942,-28.0916,34.367,34.0967,-5.26284,-19.9546,-28.7121,-32.5456,-24.5302,-26.3456,
1.21,-32.4931,-34.0418,15.5585,16.114,3.33415,-8.44235,-51.2068,-49.1022,-8.54293,-6.97352,-28.2441,-28.4629,34.0755,33.8234,-5.14751,-20.0663,-29.7306,-32.7945,-24.7498,-26.6591,
1.215,-32.7064,-34.0588,15.6462,16.1096,3.36296,-8.57893,-50.9967,-49.2452,-8.82101,-7.20656,-28.482,-28.73,33.1744,33.4772,-4.83313,-20.1643,-31.4178,-32.9101,-24.708,-26.9541,
1.22,-32.8444,-33.9457,16.3048,16.0959,3.2056,-8.75575,-51.7193,-49.5387,-8.99507,-7.43063,-28.2866,-28.8449,32.8972,33.0818,-4.89225,-20.2784,-33.3519,-32.9891,-25.3084,-27.2391,
1.225,-32.9188,-33.7238,17.2407,16.0601,2.93847,-8.95629,-52.5243,-49.9982,-9.20688,-7.63968,-28.3635,-28.7891,32.619,32.6722,-4.6634,-20.4341,-34.7595,-33.1215,-26.2581,-27.5247,
1.23,-33.1417,-33.4393,18.031,16.0047,2.72763,-9.15874,-52.5212,-50.5829,-9.35997,-7.83449,-28.9732,-28.5955,32.1035,32.2605,-4.60636,-20.6278,-34.9151,-33.3453,-26.4331,-27.8167,
1.235,-33.4267,-33.1417,18.199,15.9387,2.69901,-9.3528,-51.6304,-51.2159,-9.45261,-8.02413,-29.4333,-28.3395,31.5313,31.8238,-4.56152,-20.8216,-34.1276,-33.6192,-26.5706,-28.111,
1.24,-33.6994,-32.8801,17.6952,15.8639,2.87518,-9.53187,-49.4628,-51.82,-9.4288,-8.20712,-29.7004,-28.094,30.8474,31.3353,-4.07708,-20.9822,-32.0815,-33.8737,-26.7427,-28.3873,
1.245,-33.7496,-32.714,17.3853,15.7938,2.96035,-9.69602,-49.4137,-52.3383,-9.36666,-8.38267,-29.6158,-27.9281,30.0681,30.7938,-3.91295,-21.0908,-31.8543,-34.0437,-26.7765,-28.6298,
1.25,-33.8576,-32.6982,17.6048,15.747,2.87386,-9.84762,-50.7158,-52.75,-9.28614,-8.5568,-29.6926,-27.8928,29.6039,30.235,-3.80061,-21.1579,-32.9776,-34.0973,-26.8765,-28.8435,
1.255,-33.9334,-32.8638,18.0203,15.7324,2.72198,-9.99098,-51.47,-53.0845,-9.22509,-8.7332,-30.0487,-28.0068,29.152,29.7084,-3.5623,-21.2143,-33.421,-34.062,-26.9956,-29.0392,
1.26,-33.8872,-33.1971,18.1646,15.751,2.66121,-10.1346,-50.3924,-53.4129,-9.21297,-8.91542,-30.1172,-28.2706,28.7053,29.2634,-3.3428,-21.2956,-32.7702,-34.0048,-27.1793,-29.2412,
1.265,-34.0847,-33.6492,18.3028,15.7901,2.60664,-10.28,-50.6949,-53.8172,-9.11251,-9.10205,-30.2856,-28.662,28.4251,28.9132,-3.18543,-21.424,-33.0142,-34.0249,-27.585,-29.4695,
1.27,-34.4528,-34.1612,18.5508,15.8233,2.5044,-10.4192,-51.4262,-54.3551,-9.01828,-9.29099,-30.7297,-29.1476,28.1192,28.6325,-3.04369,-21.5966,-33.6704,-34.2094,-28.0066,-29.731,
1.275,-34.8551,-34.6721,18.9935,15.8224,2.32752,-10.5397,-52.7883,-55.0382,-8.97297,-9.48518,-31.1828,-29.6947,27.9303,28.3768,-2.95739,-21.7913,-34.9945,-34.5821,-28.3157,-30.0273,
1.28,-35.244,-35.1075,19.3253,15.7655,2.16754,-10.6405,-53.9969,-55.8343,-9.01362,-9.67938,-31.673,-30.2482,27.5889,28.0993,-2.83797,-21.9897,-36.1507,-35.1019,-28.7945,-30.3395,
1.285,-35.5951,-35.4097,19.6329,15.645,2.01726,-10.7297,-55.0087,-56.6785,-9.1185,-9.87037,-32.2989,-30.751,27.0388,27.7611,-2.69715,-22.1738,-36.8898,-35.6812,-29.1597,-30.6369,
1.29,-35.9465,-35.5533,19.64,15.4694,1.96345,-10.8251,-55.2934,-57.5114,-9.22918,-10.0563,-32.7218,-31.1594,26.471,27.3519,-2.58903,-22.3412,-36.9428,-36.2137,-29.5514,-30.8925,
1.295,-36.2673,-35.563,19.5868,15.2587,1.93862,-10.9396,-55.325,-58.3025,-9.33899,-10.2355,-32.9486,-31.4444,25.9935,26.8799,-2.58474,-22.5043,-36.9173,-36.6098,-29.9061,-31.0857,
1.3,-36.55,-35.4943,19.3631,15.0442,1.95697,-11.0831,-54.9928,-59.0468,-9.42669,-10.411,-32.9225,-31.6074,25.5152,26.3674,-2.67952,-22.6786,-36.9494,-36.8194,-30.1976,-31.2134,
1.305,-36.8581,-35.4029,19.1631,14.8344,1.97184,-11.2452,-54.6844,-59.7696,-9.48386,-10.5782,-32.8126,-31.6728,25.0929,25.838,-2.85448,-22.8786,-37.1162,-36.848,-30.4546,-31.2876,
1.31,-37.3023,-35.327,18.8674,14.6232,2.01161,-11.4136,-54.392,-60.504,-9.4901,-10.7341,-32.6769,-31.6895,24.8368,25.3051,-2.98904,-23.1064,-37.2319,-36.75,-30.5091,-31.3272,
1.315,-37.8524,-35.2795,18.4924,14.3952,2.05619,-11.5791,-54.5446,-61.2669,-9.49441,-10.878,-32.9581,-31.7318,23.9568,24.772,-3.22158,-23.3458,-37.6412,-36.6024,-30.4143,-31.3643,
1.32,-38.5563,-35.2603,17.9824,14.1444,2.12916,-11.7353,-55.124,-62.0582,-9.49778,-11.0165,-33.1507,-31.8694,23.3142,24.2411,-3.46016,-23.5838,-38.0651,-36.4775,-30.1337,-31.4345,
1.325,-39.2219,-35.2644,17.5284,13.876,2.19198,-11.8815,-55.8171,-62.8616,-9.56996,-11.159,-33.2186,-32.1428,22.8597,23.7054,-3.75937,-23.8094,-38.254,-36.4231,-30.0068,-31.5557,
1.33,-39.7763,-35.2825,16.9774,13.6124,2.28104,-12.0328,-56.6439,-63.6492,-9.7905,-11.3154,-33.2854,-32.5549,22.273,23.1377,-3.97709,-23.9933,-38.3124,-36.4558,-30.1285,-31.7185,
1.335,-40.026,-35.2961,16.5685,13.3806,2.31991,-12.2108,-57.4795,-64.4093,-10.2078,-11.4833,-33.0201,-33.0546,21.8473,22.5154,-4.16053,-24.1154,-38.3461,-36.5674,-30.5746,-31.9004,
1.34,-40.121,-35.2871,16.1587,13.1906,2.37206,-12.4238,-58.0182,-65.1529,-10.6569,-11.6475,-32.951,-33.5499,21.207,21.8342,-4.18879,-24.1802,-37.872,-36.7412,-31.0357,-32.0817,
1.345,-40.148,-35.2524,15.5668,13.031,2.47946,-12.6654,-58.676,-65.9261,-11.1288,-11.7931,-32.9567,-33.9497,20.4427,21.1112,-4.11133,-24.2117,-37.4434,-36.9674,-31.5332,-32.2492,
1.35,-40.036,-35.2031,15.057,12.8934,2.56517,-12.932,-59.5902,-66.7747,-11.5571,-11.918,-32.9938,-34.1943,19.6681,20.3646,-3.99542,-24.2303,-37.2574,-37.2367,-31.9629,-32.3929,
1.355,-39.7581,-35.1481,14.6256,12.7677,2.61591,-13.2215,-60.7989,-67.7161,-11.9318,-12.028,-33.016,-34.2685,18.8981,19.609,-3.85569,-24.2423,-37.5006,-37.5412,-32.2002,-32.5077,
1.36,-39.2225,-35.0839,14.5126,12.6346,2.56532,-13.5226,-62.2115,-68.7358,-12.2431,-12.1257,-32.9863,-34.1867,18.2911,18.8581,-3.75557,-24.2543,-38.1191,-37.8707,-32.1178,-32.5963,
1.365,-38.4619,-34.9945,14.6036,12.4728,2.43178,-13.8178,-63.7423,-69.7878,-12.5113,-12.2142,-32.866,-33.9791,17.8194,18.1337,-3.66393,-24.2808,-38.9184,-38.224,-31.8736,-32.6666,
1.37,-37.6117,-34.8569,14.862,12.2695,2.26147,-14.0934,-65.2262,-70.8206,-12.7364,-12.2976,-32.8106,-33.6874,17.3931,17.478,-3.56368,-24.348,-39.724,-38.6073,-31.6656,-32.7345,
1.375,-36.7265,-34.656,15.1805,12.0187,1.99441,-14.341,-66.4723,-71.7868,-12.9545,-12.374,-32.8801,-33.3595,16.9208,16.918,-3.42494,-24.4725,-40.4286,-39.0149,-31.5201,-32.8138,
1.38,-36.0146,-34.4182,15.4647,11.7188,1.8901,-14.5455,-67.5303,-72.6194,-13.1417,-12.4469,-33.0114,-33.0479,16.4226,16.4399,-3.26942,-24.6395,-40.9131,-39.4309,-31.5039,-32.91,
1.385,-35.3691,-34.1698,15.5862,11.3857,1.61177,-14.7091,-68.2262,-73.2545,-13.3054,-12.5123,-33.1288,-32.7998,15.8918,16.0002,-3.10572,-24.8118,-41.1956,-39.8228,-31.6224,-33.0185,
1.39,-34.9915,-33.9424,15.6111,11.0544,1.58156,-14.8486,-68.6029,-73.6506,-13.4411,-12.5657,-33.226,-32.6559,15.2975,15.57,-2.94894,-24.9664,-41.3482,-40.1472,-31.8484,-33.1372,
1.395,-34.7401,-33.7903,15.4799,10.7547,1.38695,-14.9829,-68.7177,-73.7955,-13.5545,-12.6069,-33.3438,-32.629,14.6395,15.1355,-2.80732,-25.0959,-41.4244,-40.3502,-32.1779,-33.2682,
1.4,-34.8041,-33.7661,15.2648,10.5121,1.32803,-15.1344,-68.5379,-73.7085,-13.614,-12.6449,-33.4624,-32.6952,14.1426,14.6757,-2.75936,-25.1818,-41.3425,-40.4047,-32.5178,-33.401,
1.405,-35.0243,-33.8827,14.9014,10.3324,1.17792,-15.3059,-68.1176,-73.4358,-13.6128,-12.6851,-33.5616,-32.8045,13.7521,14.1817,-2.80372,-25.2128,-41.1158,-40.3274,-32.812,-33.5237,
1.41,-35.4064,-34.1115,14.4889,10.2034,1.25509,-15.486,-67.5775,-73.028,-13.6126,-12.7308,-33.6539,-32.8911,13.3743,13.6651,-2.9012,-25.199,-40.8248,-40.1652,-33.059,-33.638,
1.415,-35.6543,-34.3835,14.1064,10.1,1.16637,-15.658,-66.9768,-72.5397,-13.651,-12.7786,-33.6877,-32.8876,13.0396,13.1529,-3.05256,-25.1748,-40.5051,-39.9827,-33.2533,-33.7487,
1.42,-35.8073,-34.6293,13.8485,10.0023,1.10029,-15.8144,-66.3946,-72.0192,-13.7473,-12.8276,-33.6591,-32.7693,12.764,12.6734,-3.25033,-25.1784,-40.2486,-39.842,-33.4667,-33.865,
1.425,-35.7574,-34.8105,13.6544,9.90152,1.02282,-15.9537,-65.9244,-71.5041,-13.9679,-12.8794,-33.5183,-32.5783,12.4095,12.2277,-3.41851,-25.211,-40.1655,-39.7833,-33.7656,-33.9958,
1.43,-35.5679,-34.9127,13.5106,9.80636,0.937837,-16.0921,-65.5516,-71.0238,-14.2327,-12.9357,-33.2778,-32.3832,12.0395,11.809,-3.56972,-25.2596,-40.2487,-39.8269,-34.0961,-34.1479,
1.435,-35.3328,-34.9422,13.391,9.72731,0.862495,-16.248,-65.326,-70.6005,-14.4981,-13.0022,-33.0308,-32.2472,11.6694,11.4134,-3.72326,-25.3163,-40.3429,-39.9761,-34.3848,-34.3329,
1.44,-35.1242,-34.92,13.3031,9.66191,0.794258,-16.4243,-65.1725,-70.2635,-14.7265,-13.0789,-32.8272,-32.2092,11.4182,11.0316,-3.92162,-25.3708,-40.4499,-40.2327,-34.6097,-34.5543,
1.445,-34.9082,-34.8738,13.2098,9.59155,0.736559,-16.606,-65.1792,-70.0481,-14.9627,-13.1621,-32.6875,-32.2778,11.1705,10.6539,-4.11662,-25.415,-40.6514,-40.5731,-34.8457,-34.8072,
1.45,-34.6265,-34.8285,13.1475,9.50003,0.673143,-16.7754,-65.3586,-69.9782,-15.2517,-13.2509,-32.6099,-32.448,10.8378,10.2614,-4.26855,-25.4311,-40.9301,-40.9459,-35.1146,-35.0815,
1.455,-34.3269,-34.8046,13.126,9.38273,0.603642,-16.9192,-65.6106,-70.0482,-15.5522,-13.348,-32.6181,-32.6919,10.4509,9.84302,-4.38616,-25.4087,-41.2697,-41.2938,-35.3468,-35.3654,
1.46,-34.0563,-34.8307,13.053,9.2431,0.556593,-17.0299,-65.839,-70.2371,-15.8448,-13.4623,-32.6074,-32.9543,10.1654,9.41643,-4.49679,-25.3686,-41.6679,-41.5779,-35.5496,-35.6492,
1.465,-33.9114,-34.9287,12.9363,9.09514,0.533282,-17.1133,-66.2461,-70.517,-16.12,-13.5962,-32.8242,-33.1835,9.8149,9.00434,-4.56247,-25.3377,-41.811,-41.7783,-35.7934,-35.9225,
1.47,-33.7775,-35.1059,12.7113,8.95151,0.535835,-17.1829,-66.677,-70.8491,-16.4039,-13.7518,-32.8655,-33.3469,9.50326,8.62286,-4.62717,-25.3352,-41.9183,-41.8901,-36.0589,-36.1719,
1.475,-33.7332,-35.3462,12.5662,8.81346,0.521614,-17.2423,-67.0653,-71.1876,-16.6093,-13.928,-33.1835,-33.4234,8.82411,8.28296,-4.65402,-25.3777,-41.8096,-41.9134,-36.2351,-36.3954,
1.48,-33.7562,-35.6122,12.3696,8.66944,0.514391,-17.2867,-67.5289,-71.4843,-16.8093,-14.1148,-33.2763,-33.4073,8.62098,7.99441,-4.77203,-25.4873,-41.7087,-41.8695,-36.4561,-36.5932,
1.485,-33.8891,-35.8626,12.1881,8.51015,0.500642,-17.3134,-68.0355,-71.7037,-16.9768,-14.3013,-33.4339,-33.3143,8.4663,7.76109,-4.91195,-25.6839,-41.5712,-41.7978,-36.6875,-36.7632,
1.49,-34.0634,-36.0604,11.9791,8.33573,0.489206,-17.3255,-68.585,-71.8326,-17.1642,-14.4767,-33.6083,-33.1869,8.27753,7.57277,-5.0288,-25.9763,-41.505,-41.7153,-36.8212,-36.9118,
1.495,-34.3068,-36.1815,11.8011,8.1619,0.472634,-17.3436,-69.084,-71.86,-17.3167,-14.638,-33.8712,-33.0777,8.02073,7.39823,-5.13719,-26.3506,-41.354,-41.6142,-36.8763,-37.0492,
1.5,-34.6233,-36.213,11.5812,8.01114,0.47271,-17.4041,-69.5201,-71.7823,-17.4405,-14.7881,-34.2361,-33.0304,7.65059,7.19359,-5.22124,-26.7711,-41.2111,-41.4783,-36.8394,-37.1887,
1.505,-35.0159,-36.1707,11.2994,7.89392,0.498313,-17.5213,-69.8571,-71.6051,-17.522,-14.9298,-34.6569,-33.064,7.27215,6.9159,-5.30706,-27.185,-40.9979,-41.2893,-36.7964,-37.3396,
1.51,-35.4191,-36.0945,10.9018,7.81478,0.55909,-17.6913,-70.1005,-71.3451,-17.593,-15.0731,-35.1079,-33.1678,6.76918,6.5307,-5.34401,-27.5365,-40.7649,-41.057,-36.7453,-37.4978,
1.515,-35.7978,-36.0156,10.3891,7.76117,0.650708,-17.8992,-70.2519,-71.0372,-17.6583,-15.2279,-35.5352,-33.3062,6.16399,6.03471,-5.32747,-27.8041,-40.5178,-40.8271,-36.7203,-37.6586,
1.52,-36.1203,-35.9458,9.78796,7.7075,0.759593,-18.1224,-70.3755,-70.719,-17.7177,-15.3914,-35.9148,-33.4345,5.44125,5.44491,-5.24754,-27.9964,-40.3187,-40.6522,-36.7411,-37.8124,
1.525,-36.3982,-35.8999,9.16242,7.6292,0.862031,-18.3363,-70.5546,-70.4191,-17.7589,-15.5635,-36.2466,-33.5274,4.68527,4.79488,-5.13913,-28.1434,-40.2367,-40.5659,-36.8071,-37.9595,
1.53,-36.6004,-35.8938,8.611,7.51516,0.926329,-18.5259,-70.8294,-70.1707,-17.7953,-15.7496,-36.512,-33.5894,3.9907,4.12844,-5.02737,-28.2979,-40.313,-40.5915,-36.9295,-38.1155,
1.535,-36.6963,-35.9385,8.18232,7.37245,0.9408,-18.6939,-71.1342,-70.0068,-17.8356,-15.9575,-36.7016,-33.68,3.37236,3.46704,-4.93243,-28.4994,-40.5066,-40.7352,-37.0936,-38.3035,
1.54,-36.6242,-36.0333,7.74198,7.20714,0.950651,-18.8418,-71.1948,-69.9397,-17.8969,-16.1831,-36.7924,-33.8883,2.66621,2.80249,-4.72138,-28.7536,-40.6127,-40.9635,-37.2891,-38.5442,
1.545,-36.4793,-36.1664,7.28435,7.00835,0.957449,-18.9602,-71.2398,-69.9514,-17.9188,-16.4129,-36.7526,-34.2721,1.92938,2.10513,-4.58207,-29.0273,-40.7515,-41.2122,-37.4831,-38.8344,
1.55,-36.3413,-36.3246,6.86326,6.76705,0.932497,-19.0426,-71.4867,-69.9942,-17.925,-16.6392,-36.9122,-34.8319,1.24709,1.35638,-4.15993,-29.2796,-41.0625,-41.4176,-37.6891,-39.161,
1.555,-36.2763,-36.4958,6.55235,6.48497,0.852576,-19.0875,-71.9457,-70.0108,-17.9111,-16.864,-36.9817,-35.495,0.398492,0.571353,-4.23144,-29.5007,-41.5079,-41.5416,-37.9125,-39.5006,
1.56,-36.2766,-36.6711,6.26606,6.16777,0.749942,-19.0969,-72.4716,-69.9494,-17.9386,-17.0907,-37.6279,-36.1563,-0.392528,-0.211957,-3.6298,-29.7017,-41.9182,-41.57,-38.2053,-39.8287,
1.565,-36.2647,-36.8541,5.91487,5.82552,0.678739,-19.0812,-72.5361,-69.7692,-18.0338,-17.3239,-37.9381,-36.7158,-1.14042,-0.961558,-3.52481,-29.8907,-41.8908,-41.5094,-38.6693,-40.1209,
1.57,-36.1557,-37.0558,5.41925,5.47502,0.665766,-19.0542,-71.6647,-69.4524,-18.141,-17.5617,-38.2055,-37.1041,-1.89424,-1.66318,-3.20338,-30.0657,-41.0438,-41.3769,-39.1458,-40.3596,
1.575,-35.9427,-37.2732,4.6993,5.14364,0.799851,-19.0471,-70.3462,-69.0248,-18.2076,-17.8014,-38.3969,-37.2977,-2.54275,-2.31494,-2.43224,-30.228,-39.9138,-41.2013,-39.5484,-40.5389,
1.58,-35.7138,-37.4809,3.95094,4.84719,0.857537,-19.0799,-69.3449,-68.5503,-18.1503,-18.0406,-38.2066,-37.3212,-3.07881,-2.92068,-2.14463,-30.3873,-39.1064,-41.0137,-39.7622,-40.6671,
1.585,-35.5588,-37.651,3.47616,4.57401,0.908768,-19.147,-68.7222,-68.0789,-18.0253,-18.2812,-38.0188,-37.2369,-3.46366,-3.48611,-1.81991,-30.5562,-38.8255,-40.8409,-39.8036,-40.7625,
1.59,-35.3836,-37.7492,3.36194,4.30394,0.738437,-19.2318,-68.9554,-67.6447,-17.9658,-18.5201,-38.0002,-37.1282,-3.91361,-4.02282,-1.63652,-30.7442,-39.0998,-40.6899,-40.0799,-40.8478,
1.595,-35.2783,-37.7621,3.41196,4.03326,0.472545,-19.3254,-69.3945,-67.2566,-17.9647,-18.7669,-38.1358,-37.062,-4.44987,-4.54689,-1.49998,-30.9528,-39.462,-40.5617,-40.3697,-40.9409,
1.6,-35.3014,-37.6794,3.66829,3.77025,0.30429,-19.4443,-69.8779,-66.9229,-18.0195,-19.0248,-38.2979,-37.076,-4.77808,-5.08073,-1.45682,-31.1636,-39.6447,-40.4513,-40.7234,-41.045,
1.605,-35.3362,-37.5034,3.94895,3.5258,-0.0481853,-19.6077,-70.5539,-66.6539,-18.121,-19.2899,-38.5996,-37.1985,-5.1724,-5.65024,-1.49806,-31.3342,-39.8098,-40.3362,-40.9387,-41.1627,
1.61,-35.3907,-37.2552,4.07091,3.29941,-0.364095,-19.809,-71.3106,-66.4389,-18.3107,-19.5553,-38.9869,-37.4061,-5.91788,-6.25934,-1.53745,-31.441,-39.9059,-40.1974,-41.0549,-41.2882,
1.615,-35.5258,-36.967,4.03475,3.08449,-0.416852,-20.0344,-71.5186,-66.2615,-18.5137,-19.8195,-39.3762,-37.6433,-6.85969,-6.88719,-1.58787,-31.4921,-39.3941,-40.0383,-40.7938,-41.4085,
1.62,-35.5053,-36.667,3.79541,2.87865,-0.600411,-20.2792,-72.0842,-66.1275,-18.7654,-20.0774,-39.6278,-37.8656,-7.69298,-7.50942,-1.70056,-31.5054,-39.2543,-39.8624,-40.9848,-41.5086,
1.625,-35.4015,-36.3801,3.31846,2.681,-0.648695,-20.5378,-71.6767,-66.0527,-18.9877,-20.3255,-39.7131,-38.0412,-8.52148,-8.09686,-1.81456,-31.5174,-38.2795,-39.6723,-40.9163,-41.5819,
1.63,-35.1462,-36.1369,2.85896,2.49015,-0.57361,-20.8057,-71.8801,-66.0525,-19.2393,-20.564,-39.5389,-38.1621,-9.15454,-8.63299,-1.93817,-31.5552,-37.8745,-39.4812,-41.031,-41.6301,
1.635,-34.8857,-35.9534,2.43793,2.30482,-0.603779,-21.0799,-72.0281,-66.1292,-19.3625,-20.7939,-39.3239,-38.2546,-9.44667,-9.1315,-2.17183,-31.6131,-37.5205,-39.2901,-41.1477,-41.6627,
1.64,-34.5194,-35.8233,1.9847,2.1344,-0.589687,-21.3745,-71.8607,-66.2555,-19.4863,-21.0219,-39.1004,-38.3431,-10.0003,-9.61581,-2.29891,-31.6702,-36.9564,-39.0923,-41.2212,-41.6895,
1.645,-34.2068,-35.7222,1.62701,1.97849,-0.613407,-21.6898,-72.18,-66.3876,-19.5593,-21.2454,-38.9599,-38.4379,-10.4323,-10.1081,-2.45952,-31.699,-36.91,-38.8846,-41.2789,-41.712,
1.65,-33.9349,-35.6249,1.38459,1.82643,-0.67877,-22.0107,-72.871,-66.4893,-19.6368,-21.4622,-38.9323,-38.5316,-10.7632,-10.6117,-2.63357,-31.6896,-37.3009,-38.6793,-41.4168,-41.7273,
1.655,-33.7807,-35.507,1.1791,1.66595,-0.763367,-22.319,-73.6537,-66.5359,-19.7036,-21.6744,-39.0814,-38.5939,-11.0854,-11.1036,-2.80726,-31.6659,-37.8664,-38.4876,-41.5864,-41.7354,
1.66,-33.632,-35.3501,0.866583,1.48446,-0.796428,-22.5961,-73.9083,-66.5175,-19.7722,-21.8807,-39.2644,-38.6093,-11.5328,-11.5623,-2.89652,-31.6511,-38.0877,-38.3058,-41.6096,-41.7386,
1.665,-33.365,-35.144,0.398786,1.27373,-0.740987,-22.8258,-73.6361,-66.4507,-19.8736,-22.0678,-39.3746,-38.5955,-12.1085,-11.9806,-2.81348,-31.6489,-38.0557,-38.1353,-41.5128,-41.7417,
1.67,-33.0717,-34.8953,-0.240533,1.03064,-0.581159,-23.0016,-72.3414,-66.3558,-19.8659,-22.2312,-39.4203,-38.5753,-12.6167,-12.3629,-2.63931,-31.6507,-37.2239,-37.975,-41.0689,-41.7463,
1.675,-32.6511,-34.6117,-1.10019,0.759421,-0.300131,-23.133,-70.6083,-66.2407,-19.849,-22.3759,-39.3874,-38.5484,-13.4489,-12.7157,-2.23468,-31.6639,-36.2123,-37.8128,-40.6044,-41.7508,
1.68,-32.133,-34.3008,-1.98889,0.470556,0.0309272,-23.2365,-68.3055,-66.1143,-19.7775,-22.5042,-39.1267,-38.5102,-14.0335,-13.0418,-1.7702,-31.6988,-34.8273,-37.6366,-40.2516,-41.7565,
1.685,-31.6594,-33.9784,-2.35433,0.178914,0.231472,-23.3406,-66.532,-65.9903,-19.674,-22.6159,-38.8829,-38.4677,-13.9904,-13.3489,-1.46903,-31.7663,-34.1839,-37.4326,-39.8938,-41.7647,
1.69,-31.2273,-33.6659,-2.20146,-0.105863,0.222464,-23.4737,-65.7143,-65.8776,-19.642,-22.7081,-38.8924,-38.4412,-14.3508,-13.6497,-1.14833,-31.8559,-34.4403,-37.1985,-40.235,-41.7729,
1.695,-31.1223,-33.3899,-1.83765,-0.383932,0.0640645,-23.6424,-66.392,-65.7622,-19.5982,-22.7793,-39.307,-38.4462,-14.3889,-13.9519,-1.03572,-31.9553,-35.7073,-36.9387,-40.3382,-41.7758,
1.7,-30.9753,-33.1719,-1.61066,-0.653714,-0.10141,-23.8401,-66.7159,-65.6213,-19.6959,-22.8313,-39.6484,-38.4938,-14.7689,-14.2554,-0.84888,-32.0641,-36.7107,-36.6598,-40.451,-41.7727,
1.705,-31.2006,-33.0267,-1.62499,-0.915334,-0.249036,-24.0597,-67.1592,-65.4454,-19.7464,-22.8715,-40.3451,-38.5877,-14.8703,-14.5683,-0.850899,-32.1741,-37.6523,-36.3612,-40.3874,-41.7649,
1.71,-31.4458,-32.9503,-2.00816,-1.17517,-0.24931,-24.2955,-65.5834,-65.2433,-19.7898,-22.9025,-41.1368,-38.727,-15.0858,-14.9054,-0.830631,-32.2621,-36.535,-36.0433,-40.0054,-41.7514,
1.715,-31.2214,-32.9317,-2.72893,-1.44533,-0.0773296,-24.5362,-63.8994,-65.0271,-20.157,-22.9232,-41.3998,-38.9061,-16.0253,-15.2767,-0.477388,-32.3053,-35.7996,-35.709,-40.1852,-41.7315,
1.72,-30.8871,-32.9625,-3.22006,-1.73044,0.0701885,-24.7818,-62.0055,-64.8034,-20.2894,-22.9387,-41.4255,-39.101,-16.4355,-15.6773,-0.275107,-32.3079,-34.5604,-35.3578,-40.1599,-41.7114,
1.725,-30.7088,-33.0372,-3.3666,-2.02201,0.0522237,-25.0443,-61.1945,-64.5804,-20.428,-22.9571,-41.6539,-39.2759,-16.814,-16.0861,-0.252916,-32.3007,-34.3405,-35.0093,-40.214,-41.6981,
1.73,-30.5986,-33.1498,-3.35159,-2.31108,-0.0953012,-25.3271,-61.9322,-64.3694,-20.602,-22.9778,-41.8461,-39.4202,-17.2656,-16.4853,-0.297406,-32.3024,-35.3935,-34.695,-40.2767,-41.6963,
1.735,-30.9667,-33.2936,-3.51075,-2.59649,-0.249852,-25.6206,-61.7376,-64.1626,-20.7269,-23.001,-42.4448,-39.5361,-16.9331,-16.864,-0.799263,-32.3222,-35.0765,-34.4238,-40.0455,-41.7095,
1.74,-30.8524,-33.4525,-3.73378,-2.87665,-0.375114,-25.9093,-62.0856,-63.9281,-21.1142,-23.0249,-42.3804,-39.6324,-17.6854,-17.2191,-0.818816,-32.3682,-36.0848,-34.1751,-40.259,-41.7399,
1.745,-31.2383,-33.6071,-4.1826,-3.14339,-0.435791,-26.1798,-60.7979,-63.6291,-21.1323,-23.0491,-42.8585,-39.7334,-17.4514,-17.5606,-1.31676,-32.4456,-34.4385,-33.9343,-39.737,-41.7867,
1.75,-31.2592,-33.7306,-4.55446,-3.38978,-0.600669,-26.4223,-60.3893,-63.2366,-21.6014,-23.0758,-42.6101,-39.8662,-18.2167,-17.907,-1.3457,-32.561,-34.1541,-33.6983,-39.959,-41.8524,
1.755,-31.6572,-33.7954,-5.21431,-3.61794,-0.597444,-26.631,-59.7115,-62.742,-21.6471,-23.1034,-42.8869,-40.0489,-18.171,-18.2777,-1.70804,-32.7184,-33.6181,-33.4714,-39.7538,-41.9438,
1.76,-31.8054,-33.7745,-5.33762,-3.83191,-0.915295,-26.8237,-57.2325,-62.1579,-22.1688,-23.125,-42.704,-40.2741,-19.0209,-18.6842,-1.71193,-32.9185,-31.6379,-33.2593,-39.4055,-42.0596,
1.765,-32.0354,-33.6565,-5.96101,-4.03161,-0.871029,-27.0271,-58.3204,-61.5093,-22.2194,-23.1342,-42.5602,-40.5164,-18.6386,-19.1242,-1.96741,-33.1589,-33.0151,-33.0623,-40.0747,-42.1853,
1.77,-32.0723,-33.4531,-5.84863,-4.21763,-1.22922,-27.2612,-55.9379,-60.8232,-22.7952,-23.1299,-42.4213,-40.7476,-19.9436,-19.5842,-1.80707,-33.4365,-30.8479,-32.8798,-40.4135,-42.3087,
1.775,-32.0663,-33.199,-6.78971,-4.39217,-1.03878,-27.5389,-59.6387,-60.1328,-22.8265,-23.1128,-42.0273,-40.9403,-20.0022,-20.0479,-1.7857,-33.754,-33.7139,-32.7123,-39.8415,-42.4256,
1.78,-31.6374,-32.9523,-8.46719,-4.5653,-0.419282,-27.8535,-58.8524,-59.4716,-22.6604,-23.0868,-41.4493,-41.0881,-20.4435,-20.5092,-1.594,-34.1048,-32.3861,-32.5542,-41.0425,-42.545,
1.785,-31.3695,-32.7698,-9.72793,-4.75832,0.0309372,-28.1776,-56.0475,-58.8521,-22.6196,-23.0512,-41.5127,-41.2001,-21.0363,-20.9752,-1.54019,-34.4559,-30.9547,-32.3993,-41.3965,-42.6697,
1.79,-30.7929,-32.6885,-10.9341,-4.98828,0.520363,-28.497,-59.8353,-58.2781,-22.6465,-23.0122,-40.7619,-41.2892,-21.173,-21.4577,-1.35803,-34.7618,-32.25,-32.2319,-41.1277,-42.7935,
1.795,-30.552,-32.7033,-11.7248,-5.25963,0.731116,-28.8159,-60.3959,-57.761,-22.6701,-22.9734,-40.9587,-41.3529,-22.0175,-21.9528,-1.07917,-35.0043,-31.3789,-32.0268,-41.201,-42.9185,
1.8,-30.5664,-32.7933,-12.2174,-5.56746,0.915902,-29.1398,-62.8717,-57.3065,-22.6866,-22.9389,-41.016,-41.3817,-22.4789,-22.4452,-1.27223,-35.1912,-33.8343,-31.7861,-41.919,-43.0462,
1.805,-30.6486,-32.9216,-11.5266,-5.90224,0.194877,-29.4733,-62.3248,-56.9106,-22.9235,-22.9064,-41.8947,-41.3656,-22.3582,-22.9246,-1.22767,-35.3282,-32.3814,-31.5186,-41.4958,-43.1731,
1.81,-30.5833,-33.0517,-12.3816,-6.24681,0.916983,-29.829,-59.7352,-56.5729,-23.2233,-22.8691,-41.4054,-41.3056,-23.2019,-23.3842,-1.06244,-35.4308,-30.7001,-31.2261,-42.1907,-43.3045,
1.815,-29.8601,-33.1644,-13.7849,-6.59265,1.15019,-30.2229,-59.1425,-56.2942,-23.4954,-22.8288,-41.4737,-41.2023,-24.2667,-23.8126,-0.427745,-35.5403,-30.0962,-30.922,-43.3691,-43.4495,
1.82,-29.4892,-33.2478,-14.8616,-6.94419,2.22311,-30.6608,-60.0958,-56.0833,-23.3135,-22.7901,-40.4586,-41.0583,-22.6419,-24.2019,-0.595891,-35.7214,-31.3261,-30.6264,-43.6861,-43.618,
1.825,-28.9544,-33.2948,-15.9312,-7.30847,2.17722,-31.1395,-58.4204,-55.942,-23.425,-22.7562,-41.4341,-40.8879,-25.1195,-24.5607,0.232552,-36.021,-30.2489,-30.365,-43.9975,-43.8138,
1.83,-28.8749,-33.3058,-16.1006,-7.69403,3.19251,-31.6335,-57.4078,-55.8602,-23.2342,-22.7217,-41.0226,-40.7264,-24.3206,-24.9186,0.132215,-36.4369,-30.0312,-30.1584,-44.0319,-44.0352,
1.835,-28.2317,-33.2729,-16.7799,-8.10355,2.85707,-32.1142,-57.9149,-55.8126,-22.7006,-22.6769,-41.2125,-40.6418,-24.7671,-25.3645,0.0758533,-36.8673,-29.5576,-30.0453,-44.0353,-44.2753,
1.84,-28.2477,-33.1891,-16.8918,-8.53689,3.50596,-32.5678,-58.7963,-55.7736,-22.3898,-22.62,-41.4802,-40.5755,-24.7303,-25.8014,0.219171,-37.3926,-30.4492,-29.9444,-43.5682,-44.5266,
1.845,-27.5662,-33.0388,-17.0576,-8.99092,2.99803,-32.9992,-59.6978,-55.7258,-22.1662,-22.5511,-41.5039,-40.536,-25.1957,-26.2864,0.576188,-37.8944,-31.5052,-29.8236,-45.1278,-44.7748,
1.85,-27.5439,-32.8164,-17.288,-9.45486,3.50881,-33.4265,-58.9805,-55.667,-21.9306,-22.4748,-41.9496,-40.4905,-27.1087,-26.8021,1.38836,-38.342,-30.7969,-29.6465,-45.0895,-45.0089,
1.855,-27.0672,-32.5357,-17.8873,-9.91648,3.21523,-33.8679,-57.4147,-55.5974,-21.6514,-22.3994,-41.6861,-40.4199,-28.1879,-27.3268,1.99537,-38.7207,-29.1414,-29.4082,-45.3766,-45.2202,
1.86,-26.9586,-32.2203,-17.9891,-10.3726,3.33928,-34.3355,-56.653,-55.4961,-21.2742,-22.3419,-42.8041,-40.3242,-27.5352,-27.8489,2.09091,-39.0481,-28.5108,-29.1361,-45.0926,-45.4148,
1.865,-26.7274,-31.8934,-17.6202,-10.8215,2.77608,-34.8183,-56.3257,-55.3494,-20.9806,-22.3053,-43.1701,-40.205,-27.389,-28.3659,2.18992,-39.3653,-28.2208,-28.8727,-45.1888,-45.6078,
1.87,-26.4388,-31.5686,-17.0165,-11.2603,2.41395,-35.3001,-55.6289,-55.1505,-20.899,-22.2815,-43.5698,-40.0691,-27.8192,-28.878,2.50276,-39.7114,-28.1158,-28.6754,-45.6159,-45.8141,
1.875,-26.1732,-31.2525,-16.507,-11.6883,1.77082,-35.7765,-55.6868,-54.8889,-20.7878,-22.2596,-44.1909,-39.9387,-28.8326,-29.3917,2.8485,-40.1079,-28.3491,-28.6099,-45.6404,-46.045,
1.88,-26.1145,-30.9461,-16.3174,-12.1035,1.5829,-36.2539,-55.742,-54.5626,-20.7813,-22.225,-44.4231,-39.8376,-29.5727,-29.9182,3.19919,-40.562,-28.8139,-28.7042,-45.9849,-46.3106,
1.885,-25.8733,-30.6681,-16.1675,-12.5289,0.982537,-36.7144,-54.9913,-54.1876,-20.7466,-22.1708,-44.4591,-39.7833,-29.9571,-30.4656,3.38408,-41.0588,-28.7194,-28.9371,-46.2418,-46.6177,
1.89,-25.529,-30.3881,-16.0234,-12.9118,0.347355,-37.2298,-54.9899,-53.7204,-20.8362,-22.1043,-44.2873,-39.7752,-30.3375,-31.0286,3.59424,-41.5746,-29.9763,-29.2681,-46.8642,-46.9608,
1.895,-25.4129,-30.131,-16.1761,-13.2792,0.0403659,-37.7691,-53.0552,-53.1712,-20.7934,-22.0347,-43.736,-39.7978,-30.7197,-31.5933,3.66938,-42.0907,-28.8084,-29.6517,-47.1515,-47.3263,
1.9,-25.0887,-29.8874,-16.2729,-13.6301,-0.322656,-38.3253,-52.2207,-52.5675,-20.8716,-21.9629,-43.1195,-39.8375,-31.3215,-32.143,3.7836,-42.5988,-29.4315,-30.0507,-47.5623,-47.7041,
1.905,-25.2247,-29.6544,-16.303,-13.9704,-0.649691,-38.8802,-51.9319,-51.9245,-20.955,-21.8966,-42.9577,-39.8821,-31.761,-32.6592,3.71801,-43.0898,-29.8688,-30.4346,-47.9205,-48.0861,
1.91,-24.9748,-29.4263,-16.3773,-14.3045,-0.9034,-39.4245,-51.4696,-51.2481,-21.3408,-21.8482,-42.1437,-39.9143,-32.3191,-33.1272,3.80177,-43.5412,-30.0974,-30.7885,-48.5738,-48.4545,
1.915,-24.8565,-29.1908,-16.2723,-14.6318,-1.26064,-39.9641,-51.6957,-50.5528,-21.6541,-21.825,-41.5987,-39.9112,-33.0435,-33.5376,3.96153,-43.9401,-30.6579,-31.0997,-49.0074,-48.7919,
1.92,-24.4986,-28.9381,-16.0477,-14.9485,-1.54517,-40.5098,-51.9812,-49.87,-21.9759,-21.8252,-40.5017,-39.8593,-33.4585,-33.8878,4.08191,-44.2779,-31.4671,-31.3573,-49.4881,-49.0886,
1.925,-24.4178,-28.6602,-15.889,-15.2479,-1.77058,-41.0715,-51.5275,-49.2408,-22.1432,-21.8384,-40.0616,-39.7661,-33.625,-34.1868,4.44777,-44.5435,-30.8824,-31.5354,-49.9731,-49.3412,
1.93,-24.1379,-28.3545,-15.9201,-15.5264,-1.87316,-41.6488,-50.5564,-48.6947,-22.167,-21.8599,-39.0499,-39.6508,-33.7621,-34.4499,4.06902,-44.7316,-30.3341,-31.5932,-49.5038,-49.5506,
1.935,-24.3506,-28.0323,-16.1952,-15.7884,-1.90036,-42.2245,-49.4939,-48.2614,-22.361,-21.8926,-39.412,-39.5259,-34.4068,-34.6812,4.24671,-44.8529,-29.5944,-31.5095,-48.8762,-49.7113,
1.94,-24.0825,-27.7051,-16.1028,-16.0418,-1.97574,-42.778,-49.1919,-47.9759,-22.4212,-21.9371,-39.0113,-39.3907,-34.0962,-34.8817,4.25314,-44.9582,-29.291,-31.2855,-49.1269,-49.8261,
1.945,-23.9779,-27.3762,-15.7935,-16.2909,-2.14372,-43.3015,-49.9042,-47.8633,-22.3922,-21.9934,-39.1132,-39.2503,-34.1807,-35.0597,4.32567,-45.0997,-29.7773,-30.9194,-50.1144,-49.9089,
1.95,-23.7137,-27.0478,-15.7909,-16.5386,-2.16899,-43.7819,-49.5256,-47.8985,-22.2257,-22.0669,-38.8972,-39.1174,-34.4976,-35.2295,4.48175,-45.2888,-29.7096,-30.4009,-49.3376,-49.968,
1.955,-23.6798,-26.7063,-16.1131,-16.7816,-2.06438,-44.2083,-48.4774,-48.0175,-22.1584,-22.1579,-39.3199,-38.9964,-34.706,-35.3995,4.73897,-45.5043,-28.9566,-29.7422,-48.9194,-50.0017,
1.96,-23.4864,-26.3382,-16.4306,-17.0103,-1.89783,-44.5811,-47.3077,-48.1483,-22.0169,-22.2649,-39.5962,-38.8859,-34.7771,-35.5683,4.95386,-45.7073,-27.7316,-28.9808,-49.1225,-50.0098,
1.965,-23.3044,-25.9326,-16.5423,-17.215,-1.75579,-44.9146,-46.6712,-48.2428,-21.9044,-22.3797,-39.971,-38.7788,-35.1215,-35.7282,5.22033,-45.869,-27.1865,-28.165,-49.1693,-49.9938,
1.97,-23.1379,-25.4832,-16.4262,-17.3864,-1.65156,-45.2334,-46.2464,-48.2773,-21.7933,-22.4883,-40.3612,-38.6627,-35.4156,-35.8667,5.43571,-45.9898,-27.1378,-27.3402,-49.0579,-49.9617,
1.975,-23.0235,-24.9943,-16.4843,-17.5251,-1.48455,-45.552,-45.5093,-48.2466,-21.679,-22.5691,-40.8033,-38.5183,-35.7977,-35.9685,5.64898,-46.1011,-26.5896,-26.5523,-48.8695,-49.9298,
1.98,-22.9081,-24.4866,-16.6894,-17.642,-1.2512,-45.8745,-44.5646,-48.1502,-21.5707,-22.6094,-41.0981,-38.3348,-36.0572,-36.024,5.85784,-46.2336,-26.0014,-25.8577,-48.7147,-49.9142,
1.985,-22.9447,-23.9904,-16.9367,-17.7546,-0.998404,-46.2062,-43.4725,-47.9792,-21.4502,-22.6208,-41.4081,-38.1073,-35.4926,-36.0299,5.82177,-46.4121,-25.2031,-25.3159,-48.566,-49.9336,
1.99,-23.0076,-23.5318,-16.8086,-17.8794,-0.88754,-46.545,-43.7966,-47.743,-21.4249,-22.6156,-41.5413,-37.8417,-35.2107,-35.9976,5.86355,-46.6558,-25.857,-25.0034,-48.6818,-50.0015,
1.995,-23.2244,-23.1284,-16.7473,-18.0285,-0.747462,-46.8867,-43.1081,-47.4715,-21.3775,-22.5937,-41.8278,-37.5693,-34.9602,-35.9604,5.77797,-46.9723,-25.5066,-24.9854,-48.5831,-50.1261,
2,-23.2687,-22.7862,-16.7979,-18.2088,-0.551027,-47.227,-42.7582,-47.1773,-21.3699,-22.5529,-41.8325,-37.3376,-35.5379,-35.966,5.92568,-47.3397,-25.9402,-25.2462,-48.578,-50.3106,
2.005,-23.2296,-22.5132,-16.6421,-18.428,-0.452836,-47.5485,-42.9294,-46.8392,-21.3856,-22.4972,-41.3525,-37.1822,-36.0453,-36.0517,6.15775,-47.7228,-26.6519,-25.6968,-48.7617,-50.553,
2.01,-23.2161,-22.312,-16.5814,-18.6922,-0.323001,-47.8397,-42.0773,-46.4302,-21.3568,-22.4316,-40.7509,-37.1117,-36.2229,-36.2288,6.37625,-48.0751,-26.7595,-26.2203,-49.0854,-50.8371,
2.015,-23.2903,-22.1739,-16.697,-18.9992,-0.186424,-48.0942,-41.7784,-45.9256,-21.344,-22.3561,-40.1167,-37.1108,-36.2109,-36.4867,6.55732,-48.3617,-27.1327,-26.7203,-49.4107,-51.1389,
2.02,-23.444,-22.0925,-16.9307,-19.3403,-0.0936239,-48.3053,-41.5019,-45.3082,-21.3846,-22.2679,-39.5278,-37.1577,-36.5555,-36.8036,6.80539,-48.5728,-27.4903,-27.1476,-49.8031,-51.4337,
2.025,-23.6929,-22.0554,-17.3611,-19.7032,-0.0244238,-48.4726,-41.5512,-44.5852,-21.4629,-22.1667,-39.0616,-37.2315,-37.1348,-37.1566,7.07851,-48.7138,-27.9011,-27.4867,-50.1183,-51.6966,
2.03,-23.9598,-22.0316,-17.8802,-20.0677,0.0681589,-48.604,-41.1277,-43.7753,-21.5924,-22.0526,-38.6002,-37.3203,-37.4112,-37.5213,7.3049,-48.7915,-27.7561,-27.7232,-50.4602,-51.9183,
2.035,-24.0751,-21.9791,-18.3422,-20.4109,0.070091,-48.7069,-40.3181,-42.8993,-21.7488,-21.93,-38.0592,-37.4053,-37.452,-37.873,7.51459,-48.8211,-27.2607,-27.8552,-50.8994,-52.0999,
2.04,-24.0324,-21.8706,-18.7194,-20.7118,0.0923932,-48.7737,-39.4008,-41.9876,-21.9145,-21.8024,-37.3711,-37.4613,-37.3927,-38.1877,7.73101,-48.8285,-26.7103,-27.898,-51.2738,-52.2421,
2.045,-23.8765,-21.6974,-19.034,-20.9572,0.0832703,-48.8005,-38.9722,-41.0854,-22.0438,-21.6739,-36.6787,-37.4802,-37.4685,-38.4487,7.94882,-48.8251,-26.5465,-27.8672,-51.4567,-52.3474,
2.05,-23.6966,-21.4614,-19.284,-21.1463,0.0271244,-48.8013,-39.0984,-40.2383,-22.1355,-21.5461,-36.1098,-37.4592,-37.7617,-38.6502,8.14279,-48.8089,-26.7319,-27.755,-51.5165,-52.4199,
2.055,-23.5475,-21.1804,-19.4547,-21.2913,-0.0728688,-48.7943,-39.6629,-39.4602,-22.1915,-21.4247,-35.6345,-37.3991,-37.8308,-38.7947,8.23238,-48.7722,-27.1274,-27.5366,-51.6193,-52.4613,
2.06,-23.3968,-20.8801,-19.5389,-21.4078,-0.1856,-48.7915,-40.0425,-38.7375,-22.2287,-21.3179,-35.2255,-37.3112,-37.8124,-38.8874,8.25819,-48.7118,-27.1647,-27.1985,-51.7436,-52.4744,
2.065,-23.2328,-20.5822,-19.6559,-21.5099,-0.257145,-48.7904,-39.8179,-38.0641,-22.2582,-21.2221,-34.9026,-37.208,-37.8601,-38.9351,8.25348,-48.638,-26.3813,-26.7554,-51.7761,-52.4639,
2.07,-23.0377,-20.3069,-20.0231,-21.6099,-0.227115,-48.7859,-38.8883,-37.4498,-22.2396,-21.1274,-34.5515,-37.0982,-37.7449,-38.9432,8.18347,-48.5503,-24.9726,-26.2289,-51.8236,-52.4302,
2.075,-22.8467,-20.0778,-20.4539,-21.7238,-0.155915,-48.7761,-38.2544,-36.9036,-22.1982,-21.0275,-34.2707,-36.9801,-37.6815,-38.9124,8.05882,-48.4432,-23.8205,-25.6556,-51.8107,-52.3597,
2.08,-22.7024,-19.9199,-20.6681,-21.865,-0.143618,-48.7642,-38.186,-36.4219,-22.1689,-20.9261,-34.1074,-36.8588,-37.6508,-38.848,7.84954,-48.3072,-23.2789,-25.0591,-51.8419,-52.2413,
2.085,-22.6082,-19.8344,-20.6827,-22.0403,-0.198261,-48.7661,-38.6288,-36.0025,-22.1611,-20.8314,-33.9986,-36.7431,-37.5435,-38.7603,7.53248,-48.143,-23.3911,-24.4469,-51.7425,-52.0749,
2.09,-22.5551,-19.8117,-20.8317,-22.2542,-0.227218,-48.7937,-38.5748,-35.6437,-22.1539,-20.7491,-33.9798,-36.6444,-37.7507,-38.6591,7.20666,-47.9519,-22.9394,-23.812,-51.4577,-51.8706,
2.095,-22.4785,-19.8359,-21.0953,-22.5025,-0.194463,-48.8479,-37.5133,-35.3392,-22.1385,-20.6744,-34.0056,-36.5726,-37.7131,-38.5545,6.80842,-47.7306,-21.5883,-23.1385,-51.0747,-51.6429,
2.1,-22.4084,-19.9003,-21.2764,-22.773,-0.173347,-48.9219,-36.9487,-35.0637,-22.1368,-20.6096,-34.1154,-36.5319,-37.6571,-38.4525,6.35206,-47.4755,-20.9112,-22.4235,-50.6412,-51.4028,
2.105,-22.4456,-19.9906,-21.3687,-23.0495,-0.21425,-49.0151,-36.7565,-34.781,-22.185,-20.5573,-34.3365,-36.5199,-37.4052,-38.3581,5.81906,-47.1953,-20.8397,-21.6727,-50.3311,-51.1603,
2.11,-22.4718,-20.0975,-21.509,-23.3163,-0.232995,-49.1149,-35.8149,-34.4657,-22.2549,-20.5218,-34.5045,-36.5322,-36.9788,-38.2756,5.26579,-46.9013,-20.0651,-20.8961,-49.9966,-50.9204,
2.115,-22.4505,-20.2005,-21.7598,-23.5558,-0.198509,-49.204,-34.0429,-34.1086,-22.3303,-20.4987,-34.6585,-36.5599,-36.6124,-38.1999,4.80498,-46.6005,-18.458,-20.11,-49.5561,-50.6822,
2.12,-22.4244,-20.2686,-21.9358,-23.7466,-0.18433,-49.2678,-32.9537,-33.7148,-22.4085,-20.4813,-34.8246,-36.5915,-36.3008,-38.1173,4.33613,-46.2908,-17.8478,-19.3213,-49.2032,-50.4452,
2.125,-22.452,-20.2754,-22.0121,-23.8735,-0.21806,-49.293,-32.1533,-33.2903,-22.498,-20.4656,-35.0088,-36.6102,-36.0274,-38.0146,3.98381,-45.9684,-17.6312,-18.5348,-49.0012,-50.2103,
2.13,-22.4516,-20.2035,-22.1037,-23.9303,-0.252722,-49.2714,-31.0213,-32.8405,-22.5785,-20.4474,-35.0994,-36.6014,-35.8818,-37.8818,3.75675,-45.6361,-16.9893,-17.7593,-48.7836,-49.9709,
2.135,-22.4025,-20.0479,-22.2293,-23.9192,-0.270621,-49.2078,-29.6814,-32.3793,-22.6334,-20.4254,-35.077,-36.5582,-35.8786,-37.7143,3.66978,-45.3024,-16.0589,-16.9964,-48.5696,-49.7223,
2.14,-22.3099,-19.8198,-22.35,-23.8523,-0.28589,-49.1169,-28.6222,-31.9386,-22.6514,-20.403,-34.9449,-36.4809,-36.0311,-37.5159,3.71587,-44.9765,-15.4311,-16.2444,-48.3864,-49.463,
2.145,-22.1965,-19.5495,-22.3862,-23.7545,-0.33688,-49.0124,-28.0888,-31.5448,-22.6299,-20.3884,-34.7082,-36.3875,-36.2568,-37.3035,3.85583,-44.6635,-15.2989,-15.5065,-48.2528,-49.197,
2.15,-22.1396,-19.2736,-22.3635,-23.6566,-0.422241,-48.9084,-27.7879,-31.2062,-22.5576,-20.3874,-34.5328,-36.3073,-36.0619,-37.1074,3.91637,-44.3725,-14.9952,-14.7875,-48.0882,-48.9403,
2.155,-22.0519,-19.0253,-22.4116,-23.5811,-0.491264,-48.8148,-27.346,-30.9318,-22.4406,-20.3987,-34.3243,-36.2574,-35.974,-36.954,4.05109,-44.1257,-14.3401,-14.1047,-47.8665,-48.7141,
2.16,-21.9524,-18.8303,-22.513,-23.5448,-0.546751,-48.7415,-27.0612,-30.7224,-22.3016,-20.4228,-34.1431,-36.2355,-35.7639,-36.8556,4.19184,-43.9466,-13.6136,-13.4794,-47.7523,-48.5373,
2.165,-21.8597,-18.703,-22.6396,-23.5625,-0.601616,-48.6931,-27.0746,-30.5744,-22.1389,-20.4618,-34.0261,-36.2232,-35.5201,-36.8075,4.33208,-43.8412,-13.0814,-12.9332,-47.7226,-48.4088,
2.17,-21.7541,-18.6387,-22.7647,-23.6346,-0.657056,-48.6717,-27.2791,-30.4931,-21.9733,-20.5128,-33.9717,-36.2066,-35.3106,-36.7982,4.48863,-43.8001,-12.6285,-12.4697,-47.7866,-48.3209,
2.175,-21.607,-18.6139,-22.9061,-23.7488,-0.68405,-48.6886,-27.4905,-30.4899,-21.8184,-20.5739,-33.9657,-36.1768,-35.2248,-36.8108,4.67438,-43.8089,-12.1116,-12.0855,-47.9416,-48.2649,
2.18,-21.3994,-18.5981,-23.0199,-23.8876,-0.703089,-48.7406,-27.9289,-30.5557,-21.6434,-20.6409,-33.8983,-36.1226,-35.1139,-36.835,4.81683,-43.8713,-11.9454,-11.7714,-48.0464,-48.2404,
2.185,-21.172,-18.5671,-23.1352,-24.033,-0.70351,-48.8151,-28.3278,-30.655,-21.4545,-20.7119,-33.8787,-36.0324,-35.0534,-36.862,4.93687,-43.9902,-11.6252,-11.5144,-48.2593,-48.247,
2.19,-20.9212,-18.5027,-23.2568,-24.1681,-0.678058,-48.8923,-28.722,-30.7661,-21.2536,-20.779,-33.8564,-35.8917,-35.0928,-36.8697,5.0327,-44.14,-11.4313,-11.3136,-48.4414,-48.2664,
2.195,-20.7464,-18.3898,-23.423,-24.278,-0.619931,-48.9482,-29.0136,-30.8779,-21.0789,-20.8336,-34.049,-35.6855,-35.2211,-36.8387,5.10477,-44.299,-11.0335,-11.1737,-48.8129,-48.2791,
2.2,-20.4776,-18.2072,-23.5911,-24.3514,-0.525055,-48.984,-29.2198,-30.9808,-20.8594,-20.8758,-33.8611,-35.4095,-35.2966,-36.7727,5.09715,-44.4652,-11.0998,-11.0969,-48.7269,-48.2814,
2.205,-20.2765,-17.956,-23.7333,-24.3885,-0.417434,-49.0063,-29.4575,-31.0726,-20.6154,-20.9108,-33.8296,-35.0828,-35.3673,-36.6907,5.03743,-44.6459,-11.0563,-11.0777,-49.0399,-48.2814,
2.21,-20.1501,-17.6563,-23.9055,-24.398,-0.285676,-49.0262,-29.5868,-31.151,-20.3772,-20.9463,-33.8183,-34.7396,-35.5541,-36.6206,4.94499,-44.8494,-11.0767,-11.108,-49.1204,-48.2928,
2.215,-20.1514,-17.3328,-24.1623,-24.3965,-0.125746,-49.0645,-29.658,-31.2229,-20.1538,-20.9851,-33.8914,-34.4045,-35.6224,-36.5861,4.78532,-45.0803,-11.1156,-11.1727,-49.195,-48.324,
2.22,-20.1598,-17.0043,-24.4704,-24.4009,0.0729635,-49.1374,-29.4948,-31.3092,-19.9387,-21.0173,-33.829,-34.097,-35.711,-36.5984,4.61456,-45.3303,-11.2247,-11.2607,-49.1236,-48.3737,
2.225,-20.2354,-16.6834,-24.6538,-24.423,0.268596,-49.2542,-29.3371,-31.4276,-19.7525,-21.0341,-33.9302,-33.8306,-35.885,-36.6651,4.46154,-45.5949,-11.2096,-11.3669,-49.2358,-48.4404,
2.23,-20.4009,-16.3871,-24.9341,-24.4779,0.482849,-49.4152,-29.1056,-31.5825,-19.5999,-21.0363,-33.9753,-33.6139,-35.6386,-36.7958,4.25355,-45.8787,-11.2459,-11.4809,-49.2736,-48.526,
2.235,-20.6248,-16.1367,-25.2962,-24.5816,0.702668,-49.6069,-29.0426,-31.7751,-19.4962,-21.0251,-34.0817,-33.4571,-35.8451,-36.997,4.14529,-46.1733,-11.533,-11.59,-49.3143,-48.6285,
2.24,-20.7897,-15.9529,-25.6936,-24.7458,0.927473,-49.8075,-28.8574,-31.984,-19.4269,-21.007,-34.0798,-33.3554,-36.2336,-37.2601,4.15757,-46.4707,-11.777,-11.6939,-49.3405,-48.7415,
2.245,-20.913,-15.8376,-26.0916,-24.9715,1.14277,-49.9971,-28.6098,-32.1819,-19.3524,-20.9874,-33.9795,-33.2847,-36.5035,-37.5626,4.24255,-46.779,-11.9293,-11.8079,-49.3798,-48.8609,
2.25,-20.9749,-15.776,-26.4233,-25.2491,1.32311,-50.163,-28.4423,-32.355,-19.273,-20.9677,-33.8248,-33.2149,-36.9816,-37.8727,4.4516,-47.1039,-12.1891,-11.9694,-49.3852,-48.9787,
2.255,-20.9474,-15.7497,-26.6112,-25.5642,1.4502,-50.311,-28.3208,-32.5094,-19.1858,-20.9433,-33.6226,-33.1319,-37.6712,-38.1687,4.80489,-47.4437,-12.5486,-12.2151,-49.4582,-49.0976,
2.26,-20.9287,-15.7334,-26.59,-25.8957,1.48914,-50.4541,-28.306,-32.654,-19.0864,-20.9079,-33.4,-33.0464,-37.9512,-38.4538,5.1615,-47.7931,-13.0037,-12.5528,-49.6401,-49.231,
2.265,-20.915,-15.7047,-26.3998,-26.2247,1.45472,-50.5989,-28.1225,-32.7775,-18.9901,-20.8559,-33.2892,-32.9712,-38.1296,-38.7375,5.5592,-48.1456,-13.2041,-12.9388,-49.8822,-49.3914,
2.27,-20.9325,-15.6546,-26.1593,-26.54,1.37175,-50.7404,-27.9234,-32.8568,-18.9206,-20.7857,-33.3366,-32.9162,-38.3269,-39.0222,6.00916,-48.4824,-13.3202,-13.3251,-50.193,-49.5754,
2.275,-20.9953,-15.5965,-25.7929,-26.8384,1.22411,-50.8661,-27.8665,-32.8748,-18.8925,-20.7082,-33.5329,-32.8813,-38.3943,-39.294,6.45756,-48.7881,-13.5401,-13.6807,-50.6224,-49.7712,
2.28,-21.0965,-15.5507,-25.392,-27.1187,1.03227,-50.9684,-27.9185,-32.8377,-18.9188,-20.6384,-33.8374,-32.8474,-38.728,-39.5227,6.94337,-49.0624,-13.8534,-13.9928,-51.0688,-49.9617,
2.285,-21.2023,-15.519,-24.989,-27.3752,0.815175,-51.048,-27.9178,-32.7686,-18.9781,-20.5807,-34.1828,-32.7771,-39.0827,-39.6689,7.40882,-49.308,-14.0477,-14.2631,-51.4206,-50.124,
2.29,-21.2713,-15.4696,-24.5548,-27.5895,0.582719,-51.1283,-27.8595,-32.695,-19.0601,-20.5286,-34.444,-32.6458,-39.2947,-39.712,7.81015,-49.5288,-14.2758,-14.5,-51.6735,-50.2474,
2.295,-21.3058,-15.374,-24.1172,-27.7469,0.347997,-51.2394,-27.8468,-32.6339,-19.1349,-20.4787,-34.5828,-32.4595,-39.3252,-39.66,8.11482,-49.7276,-14.6234,-14.7099,-51.7705,-50.336,
2.3,-21.1682,-15.228,-23.4029,-27.8455,0.0842597,-51.3833,-27.7832,-32.5915,-19.184,-20.4265,-34.2557,-32.2352,-38.6178,-39.5439,8.30016,-49.9197,-15.6349,-14.8963,-51.9128,-50.4027,
2.305,-21.1623,-15.0417,-23.2066,-27.8965,-0.0688009,-51.5489,-27.0872,-32.5668,-19.1694,-20.3758,-34.2096,-32.0012,-38.9798,-39.404,8.45771,-50.1282,-14.5934,-15.077,-51.5882,-50.465,
2.31,-21.1066,-14.8336,-23.2661,-27.9189,-0.145559,-51.7223,-27.2102,-32.5634,-19.0815,-20.3268,-33.9857,-31.7948,-39.2386,-39.2791,8.50787,-50.3579,-14.8941,-15.2843,-51.2996,-50.5307,
2.315,-20.883,-14.6257,-23.306,-27.9359,-0.182459,-51.8938,-27.1309,-32.5893,-18.9893,-20.2745,-33.1658,-31.6507,-38.6715,-39.2061,8.46682,-50.5965,-15.6621,-15.5282,-51.0236,-50.6032,
2.32,-20.7087,-14.4492,-23.3052,-27.9766,-0.211536,-52.0611,-27.1596,-32.6362,-18.8604,-20.2189,-32.3245,-31.5843,-38.1946,-39.2017,8.35335,-50.8233,-16.1678,-15.8082,-51.3103,-50.6775,
2.325,-20.6028,-14.3286,-23.7879,-28.0633,-0.14737,-52.2103,-27.6618,-32.6862,-18.6134,-20.1582,-31.5839,-31.5886,-38.6741,-39.2544,8.33352,-51.0098,-16.5939,-16.1096,-50.9643,-50.7433,
2.33,-20.6007,-14.2655,-24.0753,-28.1944,-0.111018,-52.3263,-28.3021,-32.7411,-18.4502,-20.0825,-30.9391,-31.6444,-38.4005,-39.3424,8.227,-51.1337,-17.3106,-16.4097,-50.653,-50.7889,
2.335,-20.6207,-14.249,-24.2827,-28.3574,-0.0682979,-52.4075,-28.8209,-32.8114,-18.3567,-19.9884,-30.6495,-31.7232,-39.1875,-39.4357,8.2662,-51.1886,-17.1615,-16.6712,-50.2869,-50.8053,
2.34,-20.6501,-14.2536,-24.3857,-28.5387,-0.0331023,-52.4734,-29.4606,-32.8954,-18.3246,-19.8823,-30.4062,-31.7909,-39.3615,-39.5046,8.21582,-51.1893,-17.184,-16.8659,-50.0781,-50.7846,
2.345,-20.713,-14.2564,-24.4286,-28.7216,-0.011512,-52.5372,-30.0949,-32.9827,-18.3552,-19.7697,-30.2456,-31.8222,-39.2126,-39.53,8.12176,-51.1568,-17.2648,-16.9846,-49.9606,-50.7162,
2.35,-20.713,-14.2448,-24.3642,-28.8922,-0.00227213,-52.6025,-30.5661,-33.0582,-18.4121,-19.6518,-30.1076,-31.8111,-39.0169,-39.503,8.04397,-51.1047,-17.3241,-17.0197,-49.9232,-50.5954,
2.355,-20.609,-14.216,-24.2701,-29.0433,0.0142381,-52.6771,-30.7497,-33.1112,-18.4548,-19.5322,-30.0235,-31.7645,-39.0231,-39.4335,8.01324,-51.0349,-17.1255,-16.9691,-49.8854,-50.4264,
2.36,-20.4527,-14.1695,-24.1334,-29.17,0.031538,-52.765,-30.8218,-33.1467,-18.4725,-19.4111,-30.0294,-31.6973,-39.0459,-39.3375,7.9772,-50.9445,-16.8552,-16.8405,-49.7935,-50.2175,
2.365,-20.2493,-14.1076,-24.1025,-29.2747,0.0713818,-52.8648,-30.7368,-33.174,-18.4798,-19.2864,-30.0721,-31.6245,-39.14,-39.2316,7.9558,-50.8296,-16.4752,-16.6529,-49.4791,-49.9764,
2.37,-20.0107,-14.05,-24.0094,-29.3746,0.10393,-52.9664,-30.5312,-33.1982,-18.471,-19.1575,-30.1745,-31.5705,-39.2754,-39.1464,7.9361,-50.6902,-16.1962,-16.4343,-49.159,-49.7149,
2.375,-19.7757,-14.0157,-23.9662,-29.4903,0.138819,-53.052,-30.3312,-33.213,-18.444,-19.0227,-30.3727,-31.5654,-39.6343,-39.1156,7.92639,-50.5208,-15.8658,-16.211,-48.6712,-49.4469,
2.38,-19.59,-14.0141,-23.8424,-29.6326,0.153656,-53.1132,-30.2228,-33.2197,-18.4053,-18.8783,-30.5873,-31.635,-39.4909,-39.1636,7.82306,-50.3248,-15.8024,-16.0061,-48.4647,-49.1856,
2.385,-19.4582,-14.0496,-23.7028,-29.8013,0.157287,-53.1492,-30.0721,-33.2208,-18.3659,-18.7268,-30.8373,-31.7761,-39.184,-39.2919,7.66697,-50.1303,-15.8081,-15.8377,-48.3346,-48.9392,
2.39,-19.3458,-14.126,-23.5877,-29.984,0.165461,-53.1504,-29.9297,-33.2175,-18.3546,-18.5729,-31.0896,-31.9686,-39.0884,-39.485,7.54954,-49.9572,-15.8641,-15.7106,-48.2818,-48.7082,
2.395,-19.2507,-14.2397,-23.5361,-30.1631,0.16866,-53.1152,-29.6129,-33.2149,-18.3479,-18.4206,-31.2883,-32.1846,-39.2066,-39.7175,7.44641,-49.8122,-15.8875,-15.617,-48.2797,-48.4906,
2.4,-19.2313,-14.3712,-23.5292,-30.324,0.168607,-53.063,-29.3655,-33.2164,-18.357,-18.2698,-31.5414,-32.3861,-39.4619,-39.9562,7.33754,-49.6912,-15.8556,-15.5379,-48.1561,-48.2765,
2.405,-19.2866,-14.4904,-23.8778,-30.4559,0.207059,-53.0147,-29.0323,-33.2114,-18.3611,-18.1225,-31.8059,-32.5419,-40.1102,-40.1665,7.29029,-49.5691,-15.7875,-15.463,-47.9256,-48.0499,
2.41,-19.3812,-14.577,-24.0642,-30.5526,0.199037,-52.9647,-28.8029,-33.1976,-18.3816,-17.9728,-32.0723,-32.6443,-40.5327,-40.328,7.20912,-49.4295,-15.651,-15.3955,-47.5932,-47.8026,
2.415,-19.4954,-14.6276,-24.1758,-30.6182,0.153695,-52.9042,-28.6259,-33.1746,-18.3957,-17.8204,-32.3318,-32.7014,-41.0886,-40.4411,7.15639,-49.2722,-15.5729,-15.3352,-47.1093,-47.5376,
2.42,-19.6285,-14.6565,-24.1936,-30.6672,0.0955739,-52.8351,-28.4214,-33.1451,-18.3785,-17.6699,-32.5169,-32.7285,-41.3611,-40.5215,7.09787,-49.0984,-15.487,-15.275,-46.6362,-47.2615,
2.425,-19.7598,-14.6859,-24.0939,-30.7155,0.013586,-52.7492,-28.1875,-33.1117,-18.3247,-17.522,-32.6199,-32.7425,-41.3483,-40.5923,7.04509,-48.9083,-15.4526,-15.2053,-46.1978,-46.984,
2.43,-19.8785,-14.7294,-23.8851,-30.7691,-0.120643,-52.6303,-28.0176,-33.0812,-18.2402,-17.3711,-32.6805,-32.7507,-41.1817,-40.6661,7.02593,-48.7079,-15.4578,-15.1202,-45.854,-46.7102,
2.435,-19.9675,-14.7859,-23.4695,-30.8207,-0.312418,-52.4784,-27.9595,-33.0527,-18.124,-17.2211,-32.6292,-32.7447,-40.7144,-40.7396,7.0092,-48.506,-15.587,-15.0301,-45.661,-46.4331,
2.44,-20.1125,-14.8396,-22.9384,-30.8608,-0.537335,-52.3106,-27.9557,-33.0236,-17.9909,-17.0757,-32.6683,-32.7178,-40.1884,-40.8025,7.02001,-48.3003,-15.6672,-14.9409,-45.5436,-46.145,
2.445,-20.2771,-14.8814,-22.5568,-30.8882,-0.747143,-52.1494,-28.0349,-32.9947,-17.87,-16.9375,-32.77,-32.669,-40.3621,-40.8458,7.15986,-48.0826,-15.5605,-14.8506,-45.2329,-45.8429,
2.45,-20.4776,-14.9092,-22.4243,-30.907,-0.906871,-52.0138,-28.1459,-32.9704,-17.7295,-16.808,-32.8925,-32.6018,-40.8397,-40.8747,7.36433,-47.8643,-15.3359,-14.77,-44.7154,-45.5302,
2.455,-20.6862,-14.9231,-22.4512,-30.9176,-1.02124,-51.9062,-28.3287,-32.9498,-17.5509,-16.6767,-32.956,-32.5214,-41.17,-40.9035,7.55795,-47.6668,-15.1658,-14.712,-44.23,-45.2186,
2.46,-20.924,-14.9308,-22.6168,-30.9269,-1.08459,-51.8169,-28.3798,-32.9437,-17.355,-16.5309,-33.0493,-32.4359,-41.3433,-40.9463,7.73244,-47.5014,-14.8105,-14.677,-43.8888,-44.9236,
2.465,-21.2191,-14.9435,-22.8174,-30.9376,-1.13214,-51.7352,-28.9258,-32.97,-17.1668,-16.3704,-33.1999,-32.3562,-41.446,-41.0087,7.85621,-47.3591,-14.7416,-14.6566,-43.6673,-44.6506,
2.47,-21.5272,-14.9616,-22.9844,-30.9432,-1.17805,-51.6617,-29.6057,-33.0402,-17.0139,-16.2108,-33.3525,-32.2913,-41.5637,-41.0892,7.92995,-47.2251,-14.7292,-14.6345,-43.515,-44.402,
2.475,-21.8631,-14.9838,-23.1035,-30.9407,-1.2293,-51.6023,-30.4005,-33.1667,-16.9026,-16.069,-33.5182,-32.2496,-41.6543,-41.1834,7.91877,-47.0943,-14.6928,-14.6012,-43.3726,-44.1849,
2.48,-22.1666,-15.0079,-23.2547,-30.9357,-1.2634,-51.5558,-31.1584,-33.3668,-16.8161,-15.946,-33.608,-32.2288,-41.782,-41.2811,7.84953,-46.9709,-14.7041,-14.5679,-43.2809,-44.0008,
2.485,-22.4494,-15.0389,-23.5386,-30.939,-1.26236,-51.5087,-32.0061,-33.6364,-16.7313,-15.8362,-33.6404,-32.2059,-41.9412,-41.3667,7.70371,-46.8667,-14.6959,-14.5554,-43.1674,-43.8426,
2.49,-22.7112,-15.0824,-23.9916,-30.9547,-1.22151,-51.4487,-32.9258,-33.9634,-16.6378,-15.7328,-33.6162,-32.1618,-42.0217,-41.4275,7.45533,-46.7861,-14.7596,-14.5809,-43.0684,-43.7075,
2.495,-22.9257,-15.1295,-24.6119,-30.9764,-1.1381,-51.3832,-33.8491,-34.3469,-16.5342,-15.6331,-33.4987,-32.0823,-42.0893,-41.4605,7.13393,-46.7489,-14.8424,-14.6726,-42.9538,-43.5979,
2.5,-23.1177,-15.1688,-25.3149,-30.996,-1.03144,-51.3306,-34.8253,-34.7981,-16.4183,-15.5384,-33.3065,-31.964,-42.0653,-41.4728,6.73068,-46.7827,-15.0859,-14.8706,-42.896,-43.5189,
2.505,-23.2872,-15.1949,-26.0803,-31.0095,-0.907024,-51.3139,-35.8313,-35.3287,-16.2922,-15.4569,-33.0652,-31.8253,-42.0756,-41.4822,6.28432,-46.897,-15.3863,-15.1985,-42.8324,-43.4775,
2.51,-23.4638,-15.2201,-26.8374,-31.0235,-0.784855,-51.3396,-36.8844,-35.947,-16.1589,-15.3946,-32.824,-31.6983,-42.0528,-41.5152,5.79585,-47.0855,-15.8259,-15.6583,-42.8011,-43.4805,
2.515,-23.6649,-15.2626,-27.4231,-31.0444,-0.703418,-51.3898,-38.0109,-36.6542,-16.0412,-15.3473,-32.626,-31.6176,-41.9801,-41.5975,5.27913,-47.321,-16.3395,-16.2307,-42.7878,-43.5297,
2.52,-23.9012,-15.3242,-27.8615,-31.0746,-0.660026,-51.4447,-39.199,-37.436,-15.9363,-15.3091,-32.5182,-31.5845,-41.9104,-41.732,4.76735,-47.5702,-16.9953,-16.8819,-42.8189,-43.6121,
2.525,-24.1684,-15.3972,-28.1493,-31.113,-0.655122,-51.4982,-40.4813,-38.2714,-15.8544,-15.2772,-32.5307,-31.5741,-41.9366,-41.8993,4.29552,-47.8153,-17.6609,-17.5808,-42.8181,-43.7115,
2.53,-24.4726,-15.4748,-28.3315,-31.159,-0.6773,-51.552,-41.84,-39.1509,-15.7839,-15.2411,-32.6369,-31.5716,-41.8874,-42.0812,3.86678,-48.0539,-18.5159,-18.3082,-42.8745,-43.8243,
2.535,-24.7999,-15.57,-28.4339,-31.2257,-0.717033,-51.5987,-43.3233,-40.0635,-15.7281,-15.193,-32.8811,-31.569,-41.9475,-42.2659,3.52879,-48.2955,-19.3633,-19.0589,-42.9048,-43.9555,
2.54,-25.1282,-15.6968,-28.5196,-31.3259,-0.76111,-51.6287,-44.9605,-41.0032,-15.6751,-15.1255,-33.2283,-31.5559,-41.9567,-42.4469,3.2829,-48.5569,-20.4335,-19.8462,-42.969,-44.109,
2.545,-25.4588,-15.8598,-28.5909,-31.465,-0.804989,-51.6436,-46.7732,-41.9698,-15.6256,-15.0366,-33.7095,-31.5184,-42.0796,-42.6133,3.16987,-48.8573,-21.488,-20.6887,-43.0529,-44.2862,
2.55,-25.7788,-16.0565,-28.7161,-31.6392,-0.831155,-51.656,-48.7887,-42.979,-15.5728,-14.9318,-34.3031,-31.4466,-42.2114,-42.7579,3.19014,-49.2093,-22.7666,-21.6022,-43.1508,-44.4888,
2.555,-26.0669,-16.2846,-28.8924,-31.8387,-0.833171,-51.6853,-51.0285,-44.0695,-15.5168,-14.8231,-35.0137,-31.3444,-42.4967,-42.8796,3.37461,-49.6169,-24.0442,-22.5976,-43.3242,-44.7198,
2.56,-26.3177,-16.5406,-29.1931,-32.0534,-0.792403,-51.7565,-53.4948,-45.2998,-15.4538,-14.7247,-35.8097,-31.2239,-42.8788,-42.9883,3.71628,-50.0871,-25.5184,-23.6924,-43.4999,-44.9792,
2.565,-26.5066,-16.8189,-29.572,-32.2753,-0.708271,-51.8875,-56.1744,-46.7094,-15.3831,-14.6493,-36.6767,-31.1033,-43.4196,-43.1035,4.21172,-50.6204,-26.9556,-24.9103,-43.7896,-45.2607,
2.57,-26.6463,-17.1239,-30.0899,-32.5014,-0.565829,-52.0645,-59.0511,-48.311,-15.3064,-14.601,-37.5709,-31.0154,-44.0482,-43.2599,4.82892,-51.1849,-28.5126,-26.2644,-44.066,-45.55,
2.575,-26.7003,-17.4587,-30.6014,-32.7232,-0.387835,-52.2549,-62.061,-50.0938,-15.2293,-14.5734,-38.4708,-30.9945,-44.7244,-43.4815,5.526,-51.7272,-30.0121,-27.7557,-44.4577,-45.8346,
2.58,-26.7399,-17.8136,-30.757,-32.9275,-0.272286,-52.4254,-65.1492,-52.0281,-15.1771,-14.5479,-39.3473,-31.058,-45.1411,-43.771,6.20614,-52.2091,-31.6324,-29.3767,-44.8349,-46.1105,
2.585,-26.6913,-18.1856,-30.8873,-33.1134,-0.110672,-52.5641,-68.2532,-54.0713,-15.1385,-14.517,-40.1426,-31.1998,-45.5735,-44.1148,6.89574,-52.6152,-33.1434,-31.1158,-45.3686,-46.3717,
2.59,-26.615,-18.5887,-30.8051,-33.2881,0.0230589,-52.6601,-71.3097,-56.1689,-15.1121,-14.4827,-40.8268,-31.4093,-45.8032,-44.5065,7.50735,-52.9466,-34.7028,-32.9518,-45.7963,-46.6226,
2.595,-26.5028,-19.036,-30.9347,-33.4509,0.222139,-52.6967,-74.2492,-58.2708,-15.077,-14.4432,-41.3775,-31.683,-46.149,-44.9417,8.07122,-53.1997,-36.1287,-34.8604,-46.2897,-46.8697,
2.6,-26.3823,-19.536,-31.0189,-33.595,0.429395,-52.6655,-77.0097,-60.3414,-15.0353,-14.3941,-41.7537,-32.0232,-46.3182,-45.4101,8.50175,-53.3766,-37.6286,-36.8179,-46.6386,-47.1109,
2.605,-26.2614,-20.0824,-31.3529,-33.7153,0.69817,-52.5668,-79.5826,-62.353,-14.9696,-14.3275,-41.9749,-32.4249,-46.6831,-45.8971,8.86274,-53.4904,-39.0242,-38.7869,-46.9598,-47.3384,
2.61,-26.1449,-20.6603,-31.6395,-33.8018,0.971427,-52.4095,-81.925,-64.2822,-14.8925,-14.2457,-42.0501,-32.8849,-46.8834,-46.3972,9.09287,-53.5624,-40.4869,-40.7441,-47.1741,-47.5474,
2.615,-26.0313,-21.2481,-32.116,-33.8405,1.29552,-52.1974,-84.0261,-66.1075,-14.7923,-14.1488,-42.0107,-33.4043,-47.3703,-46.9071,9.29877,-53.6072,-41.9117,-42.671,-47.1841,-47.7391,
2.62,-25.922,-21.8176,-32.5017,-33.8128,1.62151,-51.9366,-85.9209,-67.817,-14.6788,-14.0342,-41.8532,-33.976,-47.6539,-47.4192,9.43338,-53.6166,-43.3621,-44.5355,-47.2556,-47.9139,
2.625,-25.8072,-22.3509,-32.9585,-33.708,1.98668,-51.6332,-87.5775,-69.4104,-14.5573,-13.9037,-41.65,-34.5773,-48.1277,-47.908,9.61586,-53.5621,-44.7846,-46.3111,-47.0796,-48.0614,
2.63,-25.7163,-22.8478,-33.2363,-33.5251,2.34461,-51.2827,-89.0617,-70.8957,-14.4338,-13.7622,-41.4127,-35.1769,-48.2567,-48.3355,9.79998,-53.4257,-46.2786,-47.9886,-47.0604,-48.1704,
2.635,-25.6348,-23.329,-33.4377,-33.2689,2.72111,-50.8747,-90.3454,-72.2889,-14.3279,-13.6235,-41.2098,-35.7487,-48.4468,-48.6618,10.092,-53.197,-47.7873,-49.57,-46.8931,-48.2336,
2.64,-25.568,-23.815,-33.3986,-32.947,3.08632,-50.3928,-91.4867,-73.6067,-14.2371,-13.4929,-41.0692,-36.27,-48.4068,-48.8571,10.4556,-52.8775,-49.3273,-51.0649,-46.8805,-48.2409,
2.645,-25.5103,-24.3237,-33.2836,-32.5691,3.47878,-49.8256,-92.4811,-74.8456,-14.1843,-13.3742,-41.0359,-36.7499,-48.6013,-48.9281,10.9714,-52.4844,-50.6532,-52.4741,-46.8981,-48.2064,
2.65,-25.462,-24.8772,-33.0043,-32.1513,3.88348,-49.1688,-93.3229,-75.9909,-14.1401,-13.2666,-41.0553,-37.2209,-48.4694,-48.903,11.5267,-52.0219,-51.9908,-53.7976,-47.0009,-48.1434,
2.655,-25.4327,-25.5095,-32.734,-31.7168,4.33229,-48.4287,-94.0264,-77.0276,-14.121,-13.1763,-41.1624,-37.7183,-48.4777,-48.8165,12.1853,-51.4849,-53.0252,-55.0365,-47.1033,-48.0568,
2.66,-25.4857,-26.244,-32.3987,-31.2838,4.80619,-47.6215,-94.5837,-77.9562,-14.1022,-13.1131,-41.339,-38.2655,-48.1722,-48.6991,12.8511,-50.8825,-54.0919,-56.1882,-47.2075,-47.9503,
2.665,-25.89,-27.0715,-31.1085,-30.8517,4.93271,-46.7663,-94.5748,-78.7799,-14.2531,-13.0825,-41.9422,-38.8851,-47.6699,-48.575,13.4118,-50.2299,-55.0838,-57.2375,-46.768,-47.8322,
2.67,-26.3244,-27.9692,-30.522,-30.4067,5.29574,-45.8737,-97.8138,-79.4982,-14.3382,-13.0914,-42.452,-39.6039,-47.9349,-48.4675,14.2805,-49.5331,-57.4248,-58.1648,-46.7557,-47.7147,
2.675,-26.6492,-28.8939,-30.492,-29.9264,5.98031,-44.957,-96.2643,-80.1126,-14.3612,-13.1413,-42.9451,-40.4271,-47.7054,-48.3855,15.1693,-48.7963,-58.4708,-58.9592,-47.2749,-47.6128,
2.68,-27.27,-29.7987,-29.5887,-29.3871,6.36163,-44.0203,-93.9913,-80.636,-14.4587,-13.2206,-43.7967,-41.3248,-47.1588,-48.314,15.9829,-48.0271,-57.6232,-59.6226,-46.5718,-47.5323,
2.685,-27.9365,-30.6386,-29.2768,-28.7728,6.93089,-43.0709,-97.4015,-81.0842,-14.5287,-13.3104,-44.7245,-42.2511,-47.6369,-48.2197,17.1473,-47.2125,-59.6687,-60.1795,-46.6779,-47.4594,
2.69,-28.7217,-31.3832,-28.8325,-28.0833,7.53412,-42.1181,-95.382,-81.472,-14.5738,-13.3912,-45.7121,-43.1596,-47.2961,-48.0595,18.1493,-46.336,-60.9018,-60.6648,-46.7276,-47.3747,
2.695,-29.4519,-32.0394,-27.3725,-27.3332,7.47347,-41.1497,-93.5873,-81.8091,-14.6965,-13.4457,-46.9438,-44.0131,-46.2837,-47.7994,19.3561,-45.3985,-60.5795,-61.0989,-46.9201,-47.27,
2.7,-30.7823,-32.6454,-26.5037,-26.5482,8.2881,-40.1584,-94.4598,-82.0943,-14.8373,-13.478,-48.3415,-44.7996,-45.6104,-47.4267,21.0769,-44.4013,-61.5691,-61.4982,-46.8312,-47.1381,
2.705,-32.0331,-33.2429,-25.1134,-25.7504,8.59302,-39.1411,-92.4378,-82.319,-15.0283,-13.4997,-50.1688,-45.5322,-45.815,-46.9521,21.6399,-43.3428,-62.2936,-61.872,-46.4926,-46.982,
2.71,-33.8889,-33.8543,-24.8161,-24.9501,9.95964,-38.0953,-93.5121,-82.4729,-15.2565,-13.5255,-51.8835,-46.218,-45.9928,-46.3909,22.9934,-42.2391,-62.4387,-62.2252,-46.4803,-46.8099,
2.715,-34.2006,-34.49,-23.4377,-24.1458,9.13205,-37.0313,-91.435,-82.5612,-15.4061,-13.5792,-53.5149,-46.8606,-46.2038,-45.7579,24.3078,-41.1164,-62.9197,-62.5546,-46.444,-46.6328,
2.72,-35.6518,-35.1528,-22.6262,-23.3317,9.54373,-35.9517,-87.7404,-82.6006,-15.6112,-13.6814,-55.3315,-47.4616,-46.0058,-45.0623,25.2528,-39.9829,-61.2498,-62.8514,-46.1746,-46.4538,
2.725,-36.9502,-35.8195,-22.1796,-22.5027,10.0661,-34.864,-91.0953,-82.613,-15.8141,-13.8362,-56.8726,-48.0223,-46.0891,-44.3112,26.0845,-38.8475,-62.7602,-63.0993,-45.0734,-46.2808,
2.73,-38.3141,-36.4614,-21.6911,-21.6536,10.4988,-33.776,-87.6721,-82.6265,-15.9676,-14.0349,-58.3391,-48.5463,-45.8182,-43.5152,26.4667,-37.7301,-63.6813,-63.2783,-44.6482,-46.1215,
2.735,-39.4234,-37.0551,-21.5515,-20.7858,11.0005,-32.6926,-89.0373,-82.6502,-16.1505,-14.2626,-59.3622,-49.0373,-45.4192,-42.6891,26.5504,-36.639,-60.496,-63.3628,-45.2388,-45.9767,
2.74,-40.6004,-37.5848,-21.374,-19.9043,11.3477,-31.6198,-84.6557,-82.6639,-16.2914,-14.507,-60.1541,-49.5087,-44.4118,-41.85,26.1025,-35.5713,-59.2461,-63.3351,-45.0315,-45.8489,
2.745,-41.5651,-38.0505,-21.5007,-19.0134,11.7086,-30.5707,-96.291,-82.6565,-16.4042,-14.7507,-60.4705,-49.9723,-43.2989,-41.0087,25.3853,-34.5247,-61.2372,-63.2002,-44.8202,-45.7362,
2.75,-42.5244,-38.3844,-21.3936,-17.9978,11.8697,-29.7015,-80.0981,-82.6536,-16.4692,-14.9815,-60.2553,-50.4305,-41.7542,-40.1599,24.2941,-33.5099,-60.6728,-62.9784,-44.9674,-45.6366,
2.755,-43.2566,-38.8056,-21.3903,-17.1305,11.9864,-28.7247,-97.2536,-82.6812,-16.5208,-15.1939,-60.4407,-50.8687,-39.7813,-39.2857,23.0385,-32.5422,-60.9103,-62.6981,-44.7163,-45.5448,
2.76,-43.8906,-39.2714,-21.0323,-16.3138,11.8916,-27.766,-75.5181,-82.7342,-16.5665,-15.3851,-59.7232,-51.2657,-37.7937,-38.3686,21.4111,-31.6317,-61.9319,-62.3847,-44.1177,-45.4526,
2.765,-44.1653,-39.797,-20.5982,-15.5558,11.6972,-26.8075,-97.3439,-82.8202,-16.599,-15.5545,-59.7147,-51.6005,-37.0296,-37.3967,21.0575,-30.7796,-61.5214,-62.0566,-43.8167,-45.3501,
2.77,-44.3408,-40.3658,-19.709,-14.8447,11.3091,-25.8498,-73.6052,-82.9402,-16.62,-15.7087,-59.2714,-51.8424,-36.2169,-36.3589,20.3147,-29.9936,-61.471,-61.7321,-43.8003,-45.231,
2.775,-44.0339,-40.9415,-18.7916,-14.1548,10.851,-24.9068,-92.404,-83.0944,-16.5725,-15.8587,-59.6789,-51.9789,-36.0966,-35.2544,21.2302,-29.2774,-60.8769,-61.4313,-43.7179,-45.0964,
2.78,-43.9253,-41.4906,-17.2222,-13.4651,10.1603,-23.9885,-71.3665,-83.3007,-16.5259,-16.0029,-58.2913,-51.8795,-34.3553,-33.8675,19.2486,-28.8946,-60.9673,-61.1377,-43.635,-44.9547,
2.785,-43.2773,-42.0029,-15.8698,-12.7671,9.46216,-23.1007,-93.7727,-83.5519,-16.4485,-16.1466,-58.2017,-51.8412,-33.6779,-32.6578,19.3417,-28.3261,-60.2737,-60.9612,-43.3761,-44.8108,
2.79,-43.1661,-42.4688,-13.8018,-12.0567,8.53477,-22.2531,-70.9085,-83.814,-16.2901,-16.2962,-58.3705,-51.7467,-32.5782,-31.4138,19.4187,-27.8108,-60.1932,-60.8057,-43.0226,-44.6711,
2.795,-42.5537,-42.8699,-12.3476,-11.3324,7.76336,-21.4618,-93.1858,-84.0563,-16.1177,-16.4523,-58.4715,-51.608,-31.6975,-30.1427,19.6346,-27.3478,-60.0814,-60.6461,-43.0007,-44.5475,
2.8,-42.4688,-43.1894,-10.3844,-10.59,6.90676,-20.7425,-75.2306,-84.2743,-16.047,-16.6093,-59.0538,-51.445,-30.5382,-28.8546,19.8096,-26.9436,-60.1643,-60.4815,-42.9366,-44.4489,
2.805,-41.7722,-43.4161,-9.37309,-9.82101,6.35632,-20.1052,-83.7153,-84.4599,-15.9635,-16.7641,-59.1238,-51.2816,-29.7834,-27.5605,20.0509,-26.593,-60.1168,-60.324,-43.0936,-44.3785,
2.81,-41.6257,-43.5611,-7.96738,-9.0213,5.79113,-19.5387,-81.4704,-84.5978,-15.924,-16.9231,-59.2234,-51.1276,-28.8278,-26.2649,20.1413,-26.2739,-60.1833,-60.1714,-43.2244,-44.3312,
2.815,-40.9019,-43.6356,-7.51825,-8.1919,5.56249,-19.0262,-81.4328,-84.6787,-15.85,-17.0975,-58.8753,-50.974,-27.9899,-24.9625,20.1256,-25.9543,-59.8808,-60.0084,-43.4966,-44.2966,
2.82,-40.9501,-43.6286,-6.41419,-7.33366,5.24424,-18.5717,-81.5796,-84.7118,-15.8231,-17.2934,-58.8061,-50.8041,-26.2981,-23.6464,19.7236,-25.6044,-59.8635,-59.8167,-43.6405,-44.2682,
2.825,-40.2958,-43.5224,-6.07763,-6.45271,5.25503,-18.1795,-81.4376,-84.7243,-15.7348,-17.5013,-57.8797,-50.586,-24.7024,-22.3106,19.1668,-25.2218,-59.5209,-59.5958,-43.8256,-44.2338,
2.83,-40.1768,-43.3354,-5.7954,-5.56664,5.17858,-17.8413,-81.7516,-84.7396,-15.7407,-17.7114,-57.0324,-50.2954,-22.5631,-20.947,18.2756,-24.8321,-59.5222,-59.3585,-43.7458,-44.178,
2.835,-39.5821,-43.0882,-4.91209,-4.69415,5.35084,-17.5399,-81.7341,-84.7712,-15.7162,-17.908,-55.4823,-49.9289,-20.5722,-19.5586,17.3064,-24.4634,-59.0686,-59.1093,-43.7538,-44.0869,
2.84,-39.9524,-42.7921,-4.22128,-3.85061,5.29534,-17.2592,-82.1211,-84.8163,-15.7732,-18.078,-54.699,-49.4991,-18.1174,-18.1554,16.025,-24.1418,-58.907,-58.8451,-43.4629,-43.9577,
2.845,-39.4123,-42.4774,-3.97546,-3.04527,5.59921,-16.9895,-82.1633,-84.875,-15.7772,-18.2141,-53.3694,-49.0325,-16.6791,-16.7454,14.9,-23.8817,-58.0537,-58.5552,-43.2137,-43.8011,
2.85,-39.6849,-42.1913,-3.4332,-2.27892,5.71308,-16.7271,-82.4077,-84.9535,-15.9323,-18.3158,-52.4631,-48.5606,-15.1916,-15.3341,13.6955,-23.6886,-57.5789,-58.2369,-42.9203,-43.6328,
2.855,-39.0857,-41.9822,-3.89972,-1.54769,6.19672,-16.4719,-81.9975,-85.0433,-15.9795,-18.3918,-51.2399,-48.1106,-13.9163,-13.9264,12.6193,-23.5585,-56.1803,-57.9104,-42.6504,-43.4606,
2.86,-40.3546,-41.8812,-2.18666,-0.855311,6.19692,-16.2169,-82.1274,-85.13,-16.2272,-18.4521,-50.5883,-47.7002,-12.5552,-12.5329,11.5273,-23.4702,-55.5775,-57.5845,-42.3337,-43.2913,
2.865,-39.8674,-41.8706,-2.55396,-0.202017,6.7354,-15.9487,-82.2237,-85.2039,-16.4384,-18.5,-49.5484,-47.3176,-11.31,-11.1573,10.6378,-23.3978,-54.4618,-57.2648,-42.3941,-43.1254,
2.87,-40.4095,-41.883,-1.7315,0.422831,7.0131,-15.6675,-81.8642,-85.2573,-16.6957,-18.5382,-48.9604,-46.9206,-10.1083,-9.78957,9.79579,-23.3306,-53.6905,-56.9637,-42.0852,-42.9557,
2.875,-40.0394,-41.8388,-2.23857,1.02793,7.63836,-15.3787,-81.9514,-85.2914,-16.7686,-18.5664,-48.2622,-46.4653,-8.53873,-8.41706,9.01791,-23.2638,-53.0583,-56.6951,-41.7847,-42.7723,
2.88,-42.021,-41.6767,-0.0173826,1.61669,7.67149,-15.0954,-81.6422,-85.311,-16.9795,-18.5816,-47.8478,-45.9262,-7.28703,-7.03715,8.40596,-23.19,-52.5996,-56.4633,-41.4712,-42.569,
2.885,-41.3676,-41.3698,-1.00512,2.18588,8.45363,-14.8303,-80.3961,-85.3116,-17.0636,-18.5805,-47.3511,-45.2891,-5.79816,-5.65587,7.90798,-23.1004,-51.7236,-56.2582,-41.2304,-42.3442,
2.89,-42.508,-40.936,0.354505,2.72702,8.70505,-14.5822,-79.7566,-85.2849,-17.2737,-18.5667,-47.0337,-44.5606,-4.59232,-4.28548,7.56996,-22.9826,-51.4701,-56.0545,-41.0532,-42.0973,
2.895,-41.5116,-40.4102,-0.679541,3.23155,9.46844,-14.3376,-78.3356,-85.2316,-17.3231,-18.5453,-46.5773,-43.762,-3.1247,-2.93947,7.29527,-22.8252,-50.9473,-55.8291,-40.973,-41.8281,
2.9,-43.4275,-39.82,2.01851,3.68834,9.3601,-14.0868,-77.4982,-85.1604,-17.4421,-18.516,-46.1879,-42.9172,-1.97169,-1.62067,7.15453,-22.6338,-50.9884,-55.581,-40.8789,-41.5398,
2.905,-40.9705,-39.1824,0.155087,4.08401,10.1846,-13.8236,-75.909,-85.0791,-17.4122,-18.4658,-45.7837,-42.0363,-0.276615,-0.32293,6.99068,-22.4273,-50.7483,-55.3192,-40.8054,-41.2352,
2.91,-43.4504,-38.5239,3.61146,4.41274,9.75839,-13.5419,-75.0755,-84.9768,-17.4813,-18.3871,-44.8511,-41.1191,0.775816,0.956391,6.99278,-22.2214,-51.0975,-55.0442,-40.7031,-40.9093,
2.915,-40.0687,-37.862,1.65719,4.67146,10.4106,-13.2358,-73.6263,-84.8236,-17.368,-18.2766,-44.6487,-40.1625,2.16883,2.21002,6.7704,-22.0159,-51.0601,-54.7322,-40.5918,-40.5529,
2.92,-42.0472,-37.2002,5.16297,4.86801,9.79308,-12.9075,-72.9302,-84.6017,-17.4045,-18.1344,-43.1897,-39.1622,3.22121,3.42743,6.65492,-21.7999,-51.5155,-54.3682,-40.4704,-40.1528,
2.925,-38.5211,-36.5342,3.59315,5.02026,10.1412,-12.5703,-71.8438,-84.3206,-17.232,-17.9609,-42.8149,-38.1171,4.44176,4.60453,6.38321,-21.5728,-51.5357,-53.9546,-40.1015,-39.7039,
2.93,-39.9123,-35.8651,6.45764,5.15056,9.48269,-12.2405,-71.2306,-83.9913,-17.0782,-17.7536,-41.36,-37.0361,5.47031,5.73592,6.06492,-21.3408,-51.8466,-53.4986,-39.741,-39.2085,
2.935,-37.2188,-35.198,5.88476,5.28284,9.48356,-11.9375,-69.6282,-83.6109,-16.7384,-17.5121,-39.9399,-35.9435,6.71272,6.82288,5.65918,-21.1121,-51.2468,-52.9955,-38.9807,-38.6747,
2.94,-37.544,-34.5429,7.27034,5.42704,9.05279,-11.6649,-69.1245,-83.1711,-16.4976,-17.2416,-38.974,-34.882,7.77122,7.8653,5.07511,-20.8936,-51.3146,-52.4424,-38.4209,-38.1126,
2.945,-35.9335,-33.9152,7.41809,5.58258,8.84647,-11.416,-68.979,-82.6612,-16.3403,-16.9577,-37.605,-33.8876,8.73732,8.85634,4.55604,-20.6787,-51.2378,-51.8523,-37.6036,-37.5253,
2.95,-34.9823,-33.3339,7.87064,5.74553,8.58264,-11.1792,-69.2583,-82.0956,-16.0814,-16.6814,-36.0958,-32.9755,9.62939,9.78929,3.89653,-20.4565,-51.0576,-51.2424,-36.8535,-36.9185,
2.955,-34.9755,-32.8234,8.48304,5.91724,8.34443,-10.9454,-68.404,-81.4904,-15.7052,-16.4329,-34.8539,-32.1308,10.3411,10.6631,3.3575,-20.221,-50.4876,-50.6415,-35.8053,-36.3048,
2.96,-34.4515,-32.3662,8.87167,6.08088,8.19299,-10.7055,-69.2166,-80.8542,-15.3141,-16.2056,-33.5109,-31.3228,11.0154,11.4725,2.75195,-19.9578,-50.7296,-50.0849,-35.3205,-35.698,
2.965,-34.039,-31.9295,9.00671,6.20525,8.14875,-10.4428,-67.9682,-80.1828,-14.7588,-15.9803,-32.2894,-30.5072,11.9542,12.2105,2.26952,-19.6541,-49.3385,-49.5921,-34.2624,-35.108,
2.97,-33.4705,-31.4953,9.18557,6.27501,8.09127,-10.1482,-68.84,-79.4474,-14.222,-15.7466,-30.9736,-29.6311,12.795,12.8718,1.73323,-19.3053,-49.596,-49.1581,-33.6939,-34.5318,
2.975,-32.8968,-31.0539,8.94665,6.29203,8.18659,-9.82013,-66.7542,-78.6249,-13.7905,-15.5022,-29.5076,-28.66,13.1233,13.4573,1.45487,-18.9118,-47.7457,-48.7553,-32.9953,-33.9626,
2.98,-32.1417,-30.6028,8.85546,6.26964,8.24865,-9.4675,-67.6707,-77.7118,-13.3654,-15.2479,-27.9711,-27.5856,13.8762,13.9649,1.07717,-18.4776,-48.0533,-48.3555,-32.2604,-33.3927,
2.985,-31.3604,-30.1465,8.49382,6.20803,8.387,-9.08738,-66.5728,-76.7003,-12.5778,-14.9808,-26.3919,-26.4168,14.2043,14.3846,1.00211,-18.0084,-46.618,-47.9349,-31.3443,-32.8106,
2.99,-30.2549,-29.6786,8.45361,6.09786,8.41525,-8.6746,-67.6081,-75.5548,-12.0507,-14.6972,-24.9997,-25.1778,14.682,14.6995,0.789276,-17.5085,-46.7772,-47.4611,-31.0587,-32.2022,
2.995,-29.4959,-29.174,7.90273,5.92712,8.57351,-8.22286,-65.9421,-74.2347,-11.3147,-14.3927,-24.0893,-23.9129,14.7044,14.8959,0.788727,-16.975,-43.9246,-46.9023,-31.782,-31.5624,
3,-28.2256,-28.5862,7.52444,5.69278,8.63498,-7.74128,-66.9756,-72.7223,-10.7967,-14.0636,-22.3215,-22.6832,15.2799,14.9709,0.601183,-16.3986,-45.5378,-46.2294,-29.7029,-30.8966,
3.005,-27.4018,-27.8782,6.45547,5.39942,8.85909,-7.24911,-64.5889,-71.0261,-10.003,-13.7109,-20.7916,-21.5454,15.3211,14.9304,0.633569,-15.7695,-42.4046,-45.4272,-30.5231,-30.2174,
3.01,-26.4534,-27.0578,5.69883,5.05572,8.98849,-6.76084,-65.15,-69.1768,-9.49316,-13.3448,-19.8564,-20.5261,14.8031,14.7945,0.784008,-15.0907,-42.4331,-44.494,-30.0809,-29.5377,
3.015,-25.645,-26.1667,4.41073,4.67152,9.2418,-6.28383,-62.3696,-67.2149,-8.79067,-12.9784,-18.7773,-19.6361,15.1978,14.5944,0.93352,-14.3719,-42.6447,-43.4305,-26.5416,-28.8637,
3.02,-24.4833,-25.2582,4.095,4.26179,9.28134,-5.82277,-62.5837,-65.181,-8.29703,-12.6234,-17.283,-18.8712,14.8208,14.3532,0.996014,-13.6245,-42.3356,-42.2515,-26.147,-28.1906,
3.025,-23.3834,-24.3637,3.13651,3.83522,9.42238,-5.38156,-59.8007,-63.1223,-7.70717,-12.276,-17.2131,-18.2032,14.4753,14.0911,1.38933,-12.8699,-40.041,-40.9879,-25.3504,-27.5186,
3.03,-22.0719,-23.5206,2.82698,3.38222,9.41077,-4.94801,-59.244,-61.0737,-7.30013,-11.9298,-16.1223,-17.5919,13.8208,13.8465,1.51566,-12.1426,-39.6514,-39.6775,-24.7364,-26.8588,
3.035,-21.3861,-22.7358,2.04574,2.90415,9.39962,-4.52335,-56.1929,-59.0539,-7.05663,-11.5825,-16.1157,-17.0142,13.2183,13.6572,1.96204,-11.4704,-38.3894,-38.3625,-22.7253,-26.2221,
3.04,-21.0496,-21.9865,1.22564,2.42702,9.7473,-4.1264,-56.152,-57.0638,-6.70393,-11.2358,-15.5242,-16.4585,13.1276,13.5643,2.18303,-10.8784,-36.9634,-37.064,-24.5048,-25.6218,
3.045,-20.5425,-21.2446,0.683943,1.96173,9.80314,-3.76698,-52.4539,-55.1079,-6.67286,-10.8897,-14.3769,-15.9178,13.062,13.5733,2.39763,-10.3654,-35.4503,-35.7932,-22.8695,-25.0539,
3.05,-19.155,-20.4807,0.767497,1.49065,9.61973,-3.44163,-52.682,-53.1984,-6.71978,-10.5364,-12.916,-15.4033,13.1323,13.658,2.48805,-9.91054,-35.7882,-34.5557,-23.2624,-24.5057,
3.055,-18.5333,-19.6977,0.503629,0.991732,9.59803,-3.13765,-48.8937,-51.3295,-6.70833,-10.1766,-12.4552,-14.9208,12.8171,13.7855,2.78238,-9.49343,-33.7018,-33.3548,-22.7588,-23.9646,
3.06,-17.462,-18.9175,1.19296,0.455825,9.173,-2.84776,-46.6182,-49.4984,-7.3337,-9.81421,-11.4696,-14.4749,13.1074,13.9265,2.8281,-9.09559,-33.1396,-32.1957,-22.3211,-23.4283,
3.065,-17.3551,-18.1511,0.824635,-0.111373,9.1271,-2.56345,-43.9644,-47.715,-7.82989,-9.44948,-11.9626,-14.0647,12.6935,14.0524,3.14282,-8.70337,-30.809,-31.0715,-21.58,-22.8999,
3.07,-17.1229,-17.4375,-0.151189,-0.736815,9.23953,-2.25252,-42.6923,-45.9781,-6.69293,-9.08361,-11.1083,-13.6607,13.8486,14.164,2.54995,-8.32006,-29.4677,-29.9688,-20.7505,-22.3816,
3.075,-16.1687,-16.7894,-1.22292,-1.42957,9.22362,-1.9027,-39.6301,-44.2834,-6.99677,-8.71573,-10.0754,-13.2466,14.2264,14.2727,2.38886,-7.95101,-26.6869,-28.8877,-20.1924,-21.8785,
3.08,-15.0593,-16.2189,-2.53308,-2.17182,9.32506,-1.51869,-36.2036,-42.6157,-6.46821,-8.35068,-9.22424,-12.8007,12.7141,14.3423,2.89357,-7.58976,-28.8891,-27.8386,-20.6065,-21.3895,
3.085,-14.6537,-15.7264,-3.03978,-2.92234,9.3219,-1.12468,-35.437,-40.9584,-8.04411,-7.99735,-9.1193,-12.2884,12.9939,14.3323,3.02234,-7.23988,-28.8006,-26.834,-19.3158,-20.9094,
3.09,-13.8538,-15.2877,-2.77533,-3.63962,8.96816,-0.748904,-31.9132,-39.3099,-6.79223,-7.65844,-8.67705,-11.6949,12.9917,14.2116,3.01303,-6.90169,-25.6486,-25.8822,-18.7592,-20.4284,
3.095,-13.1892,-14.8717,-2.20558,-4.29908,8.58196,-0.413734,-38.9981,-37.6778,-8.07217,-7.33382,-8.48398,-11.0362,13.6812,13.9658,2.64564,-6.56483,-25.4646,-24.9748,-19.0558,-19.944,
3.1,-12.0587,-14.4381,-2.72826,-4.88279,8.50237,-0.139114,-32.5579,-36.0917,-8.24612,-7.02058,-8.14,-10.3434,13.2689,13.5828,2.79993,-6.21559,-23.6637,-24.1016,-20.3242,-19.461,
3.105,-11.2065,-13.9637,-3.46496,-5.39671,8.4529,0.0761304,-31.5976,-34.5859,-7.98614,-6.71572,-7.07539,-9.64294,12.4225,13.0486,2.95828,-5.8472,-23.0262,-23.2604,-18.5366,-18.9813,
3.11,-10.5842,-13.4768,-4.10945,-5.84628,8.39279,0.246521,-31.1229,-33.1638,-8.03972,-6.42924,-6.22003,-8.9403,11.4381,12.3851,3.09987,-5.47295,-22.2457,-22.46,-17.7948,-18.5078,
3.115,-9.88993,-12.9815,-4.21214,-6.23148,8.2044,0.371717,-30.4469,-31.8419,-7.64214,-6.15942,-5.97169,-8.26853,11.0045,11.6233,3.08887,-5.09646,-20.9436,-21.7064,-17.3243,-18.0465,
3.12,-9.8341,-12.4656,-4.6401,-6.5606,8.18691,0.449024,-30.0566,-30.6347,-7.36176,-5.89508,-5.4709,-7.644,10.7947,10.7946,3.03594,-4.72503,-20.0289,-21.0146,-16.8282,-17.599,
3.125,-7.75541,-11.9179,-4.51883,-6.84206,7.73208,0.479141,-29.2231,-29.5281,-7.59079,-5.6289,-4.86944,-7.07693,9.69532,9.94562,3.19583,-4.37065,-19.6217,-20.388,-16.0425,-17.1723,
3.13,-9.64365,-11.3494,-6.41232,-7.0682,8.39518,0.466272,-28.9887,-28.4823,-7.74726,-5.36353,-4.50463,-6.56792,9.0683,9.14525,3.39167,-4.05135,-19.4986,-19.8156,-14.8114,-16.7748,
3.135,-8.80243,-10.781,-6.31872,-7.23205,8.39434,0.416628,-28.6773,-27.4639,-7.47842,-5.10772,-4.15757,-6.11311,7.93747,8.46274,3.57574,-3.78387,-18.7319,-19.2858,-14.5601,-16.4154,
3.14,-7.17711,-10.1963,-7.04292,-7.32399,8.1103,0.329625,-28.4643,-26.476,-6.58518,-4.86243,-4.11501,-5.71193,7.51307,7.92699,3.55252,-3.57142,-18.289,-18.7945,-13.4182,-16.0959,
3.145,-6.39076,-9.60681,-6.51482,-7.39264,7.73741,0.229573,-28.3084,-25.5391,-5.29736,-4.62099,-3.99881,-5.36402,7.44621,7.51492,3.46726,-3.40041,-17.7461,-18.3364,-12.7428,-15.8066,
3.15,-5.3974,-9.00708,-7.55588,-7.46488,7.82493,0.1276,-27.9716,-24.679,-5.13567,-4.37846,-4.07072,-5.05355,7.37976,7.19404,3.51141,-3.25953,-17.5141,-17.8973,-12.4174,-15.5411,
3.155,-6.0737,-8.41576,-6.86969,-7.54778,7.39848,0.0300547,-27.5989,-23.9079,-5.38822,-4.1368,-4.94384,-4.788,6.62107,6.90551,3.81184,-3.12481,-17.3036,-17.4637,-12.959,-15.2943,
3.16,-4.9057,-7.86002,-8.08388,-7.63706,7.4961,-0.0592684,-27.1765,-23.2285,-5.07046,-3.90746,-5.66814,-4.55802,6.35926,6.59653,3.95544,-2.97992,-16.8527,-17.0336,-13.0522,-15.0636,
3.165,-3.96931,-7.34578,-7.45228,-7.76099,7.07217,-0.13257,-26.7079,-22.6595,-4.55903,-3.68947,-6.13026,-4.35173,6.46024,6.2255,3.95311,-2.81519,-16.4549,-16.6165,-13.3399,-14.8487,
3.17,-3.33021,-6.86044,-8.21396,-7.94839,7.10073,-0.182551,-26.2139,-22.2117,-4.31556,-3.47744,-6.82159,-4.17043,6.44738,5.7803,4.03809,-2.62956,-15.9447,-16.2224,-13.987,-14.6532,
3.175,-2.75671,-6.36887,-8.97788,-8.1986,7.13102,-0.214364,-25.7889,-21.878,-3.94996,-3.26338,-7.00322,-4.00829,6.37186,5.27414,4.06675,-2.43458,-16.0118,-15.8693,-13.8534,-14.477,
3.18,-1.97813,-5.85829,-8.88357,-8.48349,6.89913,-0.241261,-25.3442,-21.6196,-4.3062,-3.04425,-7.3375,-3.86366,5.78114,4.70733,4.29594,-2.24135,-16.1601,-15.5717,-14.1072,-14.3088,
3.185,-1.53161,-5.36841,-9.84264,-8.7729,6.98538,-0.266857,-24.9334,-21.3757,-4.06271,-2.82785,-7.21492,-3.73977,4.91022,4.09915,4.53674,-2.06,-16.7177,-15.331,-13.7359,-14.1308,
3.19,-1.13735,-4.91969,-9.91917,-9.04324,6.86336,-0.287593,-24.4766,-21.1069,-3.77025,-2.61886,-7.60698,-3.63684,4.42451,3.49615,4.67967,-1.90164,-17.1966,-15.1356,-13.3945,-13.9285,
3.195,-0.865978,-4.49604,-10.3234,-9.28108,6.84707,-0.303865,-24.1067,-20.8127,-3.35801,-2.41267,-7.60556,-3.54482,4.11331,2.94586,4.72422,-1.77792,-17.5413,-14.9649,-13.1178,-13.6959,
3.2,-0.715345,-4.06585,-10.4582,-9.49728,6.76265,-0.319872,-23.7967,-20.514,-2.79905,-2.20749,-7.95478,-3.49681,2.69307,2.4692,5.13599,-1.68501,-17.6734,-14.7821,-13.0272,-13.4375,
3.205,-0.693597,-3.60939,-10.6026,-9.71203,6.76065,-0.336881,-23.6277,-20.2367,-1.99071,-2.01206,-7.39286,-3.49987,4.02199,2.08361,4.49845,-1.61826,-17.8086,-14.5568,-12.9138,-13.1675,
3.21,-0.650405,-3.10608,-10.4699,-9.95185,6.63825,-0.354393,-23.3933,-20.0259,-1.10171,-1.82774,-7.57019,-3.53447,2.87013,1.813,4.89055,-1.57662,-17.8738,-14.2744,-12.7098,-12.9056,
3.215,-0.773495,-2.54022,-10.4867,-10.2415,6.57647,-0.370615,-23.1271,-19.9233,-0.462046,-1.64505,-7.4206,-3.56574,2.65853,1.64852,4.72405,-1.5586,-17.7544,-13.9401,-12.5877,-12.662,
3.22,-0.666213,-1.92673,-10.2558,-10.5901,6.44358,-0.385471,-22.8807,-19.9249,0.0530977,-1.45282,-7.59485,-3.58818,1.33986,1.56463,5.11804,-1.55917,-17.4956,-13.5516,-12.3569,-12.4384,
3.225,-0.81756,-1.32255,-10.2529,-10.9884,6.39424,-0.396367,-22.662,-19.9892,0.436554,-1.24123,-6.94015,-3.61719,2.64061,1.53438,4.42629,-1.57385,-17.0751,-13.1021,-12.2434,-12.2278,
3.23,-0.317745,-0.801739,-9.8083,-11.4299,5.99363,-0.39248,-22.4738,-20.0751,0.858345,-0.997867,-6.99062,-3.66942,1.80614,1.52796,4.58924,-1.59618,-16.4023,-12.5895,-12.1842,-12.0216,
3.235,0.485563,-0.39924,-9.6078,-11.9086,5.62704,-0.366894,-22.2893,-20.1696,1.34576,-0.70984,-7.1205,-3.75147,1.47237,1.51932,4.59235,-1.62036,-15.593,-12.0275,-12.1428,-11.8181,
3.24,0.274052,-0.104873,-9.59108,-12.3878,5.57089,-0.327875,-22.1729,-20.2698,1.83713,-0.3723,-7.19219,-3.84105,1.90729,1.50158,4.36067,-1.64485,-14.466,-11.4508,-11.9783,-11.6224,
3.245,-0.675364,0.101877,-10.1367,-12.7866,5.35764,-0.291805,-22.0057,-20.3551,2.3028,0.00786154,-7.20521,-3.90066,1.89645,1.46831,4.29258,-1.66823,-13.5746,-10.9107,-11.9671,-11.4413,
3.25,-0.188894,0.200653,-9.65453,-13.0221,5.39736,-0.268193,-21.8844,-20.3808,2.94734,0.415792,-7.30589,-3.91929,2.13164,1.40948,4.17682,-1.6875,-12.7997,-10.448,-11.401,-11.2744,
3.255,-0.446167,0.178438,-9.83228,-13.0643,5.32703,-0.261814,-21.7574,-20.3279,3.44923,0.84092,-7.4046,-3.92427,2.33967,1.33473,4.10536,-1.70182,-12.1645,-10.0628,-11.0056,-11.1186,
3.26,-0.396819,0.0531651,-9.94561,-12.9199,5.2108,-0.276098,-21.733,-20.2117,3.97865,1.26613,-7.46454,-3.95139,3.01683,1.25745,3.35069,-1.71041,-11.0026,-9.73339,-10.6461,-10.974,
3.265,-0.414069,-0.14007,-10.0356,-12.6394,5.10305,-0.30542,-21.6991,-20.073,4.47747,1.67068,-6.171,-4.01117,3.64629,1.18698,2.6304,-1.71365,-10.2586,-9.44709,-10.4285,-10.8474,
3.27,-0.453363,-0.367436,-10.0777,-12.2911,4.99769,-0.340254,-21.6753,-19.9483,4.87774,2.03216,-6.98752,-4.06091,3.97203,1.13888,2.7263,-1.72046,-9.60666,-9.21825,-10.2096,-10.7474,
3.275,-0.392507,-0.603777,-10.1063,-11.9423,4.88619,-0.369585,-21.6741,-19.86,5.16225,2.34179,-6.21106,-4.0287,4.52225,1.15055,2.20813,-1.74564,-8.97857,-9.06453,-10.0633,-10.6852,
3.28,-0.301459,-0.824053,-10.1381,-11.6441,4.78141,-0.38453,-21.6757,-19.8231,5.42068,2.60448,-9.40242,-3.86934,4.4466,1.26365,3.25366,-1.79734,-8.68326,-8.989,-9.83938,-10.6614,
3.285,-0.124847,-1.00807,-10.1384,-11.4302,4.66512,-0.387099,-21.6961,-19.8533,5.62267,2.83589,-8.25075,-3.595,4.9615,1.51406,2.68846,-1.88031,-8.31769,-8.9656,-9.77646,-10.6648,
3.29,0.0635993,-1.15043,-10.1683,-11.3105,4.57968,-0.382625,-21.7246,-19.9655,5.73222,3.06369,-8.13687,-3.26717,5.21262,1.91357,2.54351,-1.99027,-8.21122,-8.95248,-9.61497,-10.6736,
3.295,0.487486,-1.25274,-9.99194,-11.261,4.32032,-0.375456,-21.7539,-20.162,5.78659,3.31098,-7.74185,-2.96111,5.39745,2.43835,2.3648,-2.11688,-8.3189,-8.9292,-9.4273,-10.6513,
3.3,0.654715,-1.33469,-10.109,-11.2109,4.40672,-0.374276,-21.7734,-20.4108,5.72683,3.5842,-7.43008,-2.73719,5.44522,3.07964,2.21927,-2.25498,-8.57685,-8.88757,-9.22681,-10.5684,
3.305,1.53537,-1.43539,-9.88041,-11.0613,4.11005,-0.383978,-21.7797,-20.6448,5.61189,3.86881,-6.9846,-2.63295,5.41434,3.82739,2.0679,-2.39966,-8.77948,-8.82627,-9.3589,-10.4139,
3.31,1.54076,-1.5802,-9.8063,-10.7564,4.08344,-0.404812,-21.7618,-20.8145,5.4662,4.14422,-6.68629,-2.68204,5.36239,4.66095,1.93141,-2.54231,-8.84561,-8.73343,-9.65196,-10.2047,
3.315,0.412004,-1.73227,-9.64451,-10.3134,4.19095,-0.435444,-21.8344,-20.9282,5.41792,4.38987,-6.15811,-2.89641,5.66157,5.56661,1.66742,-2.67292,-8.79833,-8.58946,-9.9594,-9.97742,
3.32,0.959691,-1.81682,-9.06876,-9.79091,3.9562,-0.476912,-21.9056,-21.0331,5.35379,4.59085,-5.57799,-3.24017,6.25626,6.49307,1.31695,-2.78068,-8.95604,-8.40341,-9.96209,-9.76522,
3.325,0.768066,-1.78875,-8.52486,-9.26426,3.83983,-0.526876,-21.8881,-21.1758,5.53532,4.74489,-5.07812,-3.62846,6.56295,7.34643,1.07748,-2.85857,-8.92432,-8.22308,-10.1253,-9.58301,
3.33,0.651907,-1.6656,-8.09634,-8.79587,3.73219,-0.580781,-21.7101,-21.3684,5.42861,4.8523,-4.78239,-3.99084,7.14777,8.05532,0.791795,-2.90506,-9.05419,-8.08729,-9.89314,-9.43548,
3.335,0.392449,-1.5098,-7.55464,-8.42905,3.6215,-0.633613,-21.7712,-21.5977,5.4578,4.91384,-4.42128,-4.31881,8.09405,8.59149,0.412404,-2.92058,-8.76845,-7.99411,-10.1425,-9.33032,
3.34,-0.0160048,-1.39142,-6.71206,-8.18682,3.50303,-0.67886,-21.1362,-21.8385,5.59362,4.92505,-4.11298,-4.65067,8.822,8.95826,0.116437,-2.9069,-8.74255,-7.92074,-10.2824,-9.26869,
3.345,0.204631,-1.322,-6.43394,-8.08512,3.42456,-0.711593,-20.7389,-22.0897,5.53221,4.88706,-3.87404,-5.01833,9.36874,9.19969,-0.104108,-2.87152,-8.7432,-7.83935,-10.1256,-9.245,
3.35,-0.851934,-1.2779,-5.50437,-8.13769,3.27869,-0.730775,-21.1744,-22.363,5.25914,4.81086,-3.75723,-5.41578,9.69871,9.36088,-0.238291,-2.82533,-8.46304,-7.73846,-10.3342,-9.25736,
3.355,-0.758765,-1.23511,-5.27869,-8.33038,3.20624,-0.737696,-20.6479,-22.6628,4.83235,4.713,-3.66184,-5.80809,9.90493,9.43411,-0.332023,-2.77149,-8.51766,-7.63843,-9.97976,-9.30314,
3.36,-0.920365,-1.18196,-4.96268,-8.63766,3.11947,-0.732428,-20.1318,-22.9838,4.31385,4.61323,-3.53841,-6.14461,9.87639,9.39073,-0.359543,-2.71369,-8.37569,-7.57367,-9.96728,-9.37788,
3.365,-0.797657,-1.11014,-4.80287,-9.02633,3.03199,-0.722163,-19.6686,-23.3096,3.80527,4.52282,-3.7536,-6.40564,9.54841,9.22093,-0.267945,-2.6571,-7.83153,-7.55129,-9.92995,-9.48573,
3.37,-0.743022,-1.00186,-4.77074,-9.46822,2.97071,-0.711291,-19.1739,-23.6294,3.36025,4.4437,-3.76759,-6.60842,9.05819,8.93239,-0.152212,-2.59891,-7.35603,-7.55416,-10.2024,-9.63172,
3.375,-0.678907,-0.835506,-4.83264,-9.9478,2.92345,-0.700746,-18.7173,-23.9415,2.97656,4.3715,-3.86129,-6.75622,8.47613,8.53483,-0.00623548,-2.53725,-6.72228,-7.56717,-10.5665,-9.81868,
3.38,-0.530182,-0.599912,-4.79407,-10.4586,2.82793,-0.690025,-18.5596,-24.2527,2.57848,4.31243,-3.85067,-6.83239,7.87664,8.04456,0.124351,-2.47301,-6.62527,-7.58121,-10.8224,-10.0454,
3.385,-0.58422,-0.298572,-4.3401,-10.9669,2.71015,-0.684259,-19.5746,-24.5579,1.87458,4.27346,-5.04862,-6.82414,7.53964,7.5281,0.49179,-2.40786,-7.07807,-7.57769,-9.71393,-10.3022,
3.39,-0.105344,0.0319218,-3.97852,-11.4099,2.48839,-0.695675,-19.9078,-24.8202,1.37132,4.25448,-4.58684,-6.73417,7.03301,7.06218,0.465599,-2.34765,-5.72111,-7.53706,-12.0801,-10.564,
3.395,0.550134,0.322467,-3.6124,-11.7289,2.22836,-0.728819,-20.6777,-24.9797,1.19252,4.24723,-4.47407,-6.59128,6.92291,6.71282,0.473362,-2.29869,-5.72608,-7.43257,-12.567,-10.8107,
3.4,1.13575,0.528042,-3.39109,-11.8994,2.02379,-0.779459,-20.7365,-24.9927,1.1377,4.23948,-4.48791,-6.4192,6.79924,6.52943,0.50017,-2.26743,-5.65438,-7.23976,-11.9897,-11.0397,
3.405,1.56945,0.651612,-3.29629,-11.9615,1.87643,-0.840952,-20.6598,-24.8618,1.14512,4.23024,-4.32663,-6.23799,6.70488,6.49621,0.494817,-2.254,-5.3648,-6.95665,-11.7298,-11.2502,
3.41,1.9569,0.725137,-3.20187,-11.9664,1.74382,-0.90972,-20.6591,-24.6164,1.20127,4.23088,-4.20317,-6.07112,6.66971,6.57119,0.48626,-2.25625,-4.94628,-6.59033,-11.6309,-11.4428,
3.415,2.21218,0.762933,-3.10983,-11.9229,1.63622,-0.984498,-20.6286,-24.2683,1.2642,4.24214,-4.09612,-5.94134,6.71389,6.71399,0.445577,-2.27034,-4.49425,-6.14943,-11.6103,-11.6217,
3.42,2.42406,0.735895,-3.0012,-11.8164,1.53992,-1.06147,-20.5242,-23.8051,1.33266,4.24915,-3.98286,-5.87171,6.7727,6.87019,0.409028,-2.28953,-4.02664,-5.64612,-11.6016,-11.7953,
3.425,2.60757,0.623687,-2.87149,-11.6502,1.45198,-1.13871,-20.3539,-23.2264,1.41932,4.23418,-3.77809,-5.84437,6.92002,6.99009,0.319133,-2.31376,-3.58753,-5.10365,-11.6368,-11.973,
3.43,2.71726,0.470972,-2.77658,-11.4745,1.39173,-1.21604,-19.9733,-22.5772,1.46414,4.18827,-3.65791,-5.80944,6.94771,7.06139,0.277001,-2.34448,-3.04769,-4.54676,-11.6219,-12.1604,
3.435,2.78446,0.366452,-2.69668,-11.3548,1.34277,-1.29298,-19.6566,-21.9257,1.51474,4.10543,-3.49738,-5.73838,6.96768,7.09141,0.208341,-2.37866,-2.40791,-3.98985,-11.9396,-12.3596,
3.44,2.74983,0.3838,-2.63246,-11.3159,1.32002,-1.37025,-19.1248,-21.3208,1.56256,3.98236,-3.15004,-5.63299,6.92962,7.08323,0.134109,-2.41273,-2.10875,-3.44179,-11.7124,-12.5659,
3.445,2.63781,0.526553,-2.59363,-11.3332,1.31627,-1.44829,-18.5734,-20.763,1.53553,3.81628,-2.94654,-5.53181,6.76995,7.05102,0.0866455,-2.4439,-1.84576,-2.89123,-11.7561,-12.7765,
3.45,2.44908,0.753374,-2.63198,-11.3798,1.34214,-1.52337,-17.8635,-20.2273,1.46197,3.59958,-2.95335,-5.50506,6.45889,7.01333,0.108309,-2.47113,-1.15106,-2.30734,-12.2078,-12.9939,
3.455,2.21882,1.02325,-2.69031,-11.4532,1.3816,-1.59295,-17.1748,-19.6962,1.43365,3.32749,-2.87274,-5.60061,6.1976,6.99925,0.0969447,-2.49553,-0.388235,-1.6627,-13.0418,-13.2241,
3.46,1.99322,1.31848,-2.72891,-11.5818,1.42064,-1.65704,-16.4936,-19.1794,1.38854,3.01194,-2.65187,-5.83421,5.93493,7.04762,0.0768096,-2.51826,-0.140084,-0.933952,-13.1709,-13.4881,
3.465,1.76403,1.62656,-2.59788,-11.7814,1.44791,-1.7169,-16.0567,-18.6878,1.08893,2.6621,-3.23984,-6.19074,6.40422,7.16169,0.131897,-2.53688,-0.0709128,-0.125877,-13.2309,-13.8047,
3.47,1.06665,1.91081,-1.84586,-12.0246,1.47018,-1.77148,-15.0837,-18.208,0.704855,2.27193,-2.76394,-6.63083,6.07553,7.30939,0.00576329,-2.54987,0.496397,0.729768,-13.6826,-14.1816,
3.475,0.514901,2.13825,-1.75979,-12.2599,1.5699,-1.82338,-14.3063,-17.7208,0.163529,1.83509,-3.90875,-7.13349,6.54941,7.43066,0.151867,-2.55846,1.23132,1.5995,-13.9048,-14.6256,
3.48,0.16793,2.28981,-2.08002,-12.4487,1.68173,-1.87472,-13.239,-17.2179,-0.221176,1.34753,-3.44648,-7.69827,6.22279,7.47844,0.080682,-2.56375,2.19265,2.45829,-14.7221,-15.1374,
3.485,0.0366788,2.37714,-2.46703,-12.5969,1.7657,-1.92734,-12.7571,-16.7218,-0.284776,0.816496,-3.59515,-8.32744,5.80932,7.42543,0.123198,-2.55806,3.10731,3.28639,-15.3,-15.7056,
3.49,-0.276564,2.41398,-2.77863,-12.7418,1.8961,-1.97791,-11.923,-16.2682,-0.490537,0.257902,-4.18373,-9.01249,5.20946,7.26943,0.332482,-2.53593,4.05957,4.06795,-15.2966,-16.3122,
3.495,-0.404844,2.37918,-2.76349,-12.9144,1.9529,-2.02024,-11.803,-15.867,-0.728425,-0.320257,-4.78259,-9.74558,6.06825,7.05096,0.335722,-2.50005,4.79619,4.80249,-16.4633,-16.9406,
3.5,-0.500458,2.25602,-2.67305,-13.1035,1.98844,-2.05315,-11.6856,-15.5149,-1.03507,-0.902145,-5.18569,-10.5306,5.73536,6.82438,0.449314,-2.45469,5.46341,5.50134,-16.673,-17.5752,
3.505,-0.743415,2.03991,-2.90349,-13.2519,2.10389,-2.08186,-10.6753,-15.1933,-1.30363,-1.46852,-5.80465,-11.3776,6.22246,6.64358,0.580718,-2.40648,6.8273,6.17901,-17.2957,-18.1999,
3.51,-0.972913,1.71456,-2.98786,-13.3059,2.17762,-2.11045,-10.8062,-14.8725,-1.5369,-2.00137,-6.36058,-12.303,6.33315,6.56148,0.658393,-2.3606,7.39735,6.85686,-17.732,-18.8049,
3.515,-1.20335,1.252,-3.00762,-13.2375,2.22986,-2.13851,-10.912,-14.5225,-1.76715,-2.48625,-6.68848,-13.2964,6.6267,6.60635,0.687919,-2.32169,7.92774,7.54045,-18.2217,-19.3793,
3.52,-1.41037,0.657298,-3.06724,-13.0313,2.29063,-2.16415,-10.6017,-14.1261,-2.04146,-2.91971,-7.48444,-14.3153,6.88113,6.79597,0.789565,-2.29362,9.04074,8.22049,-18.7202,-19.9111,
3.525,-1.6453,-0.0172796,-3.1011,-12.6975,2.34189,-2.18548,-10.5014,-13.7027,-2.29677,-3.28688,-7.75661,-15.2879,7.25771,7.1307,0.805697,-2.27946,9.63139,8.86748,-19.095,-20.3798,
3.53,-1.69565,-0.684297,-3.04773,-12.2791,2.35586,-2.20095,-10.4777,-13.3021,-2.62336,-3.5649,-8.55896,-16.1427,7.58276,7.57943,0.894713,-2.2792,10.4019,9.43677,-19.5098,-20.7524,
